,Absolute Bias,Standard Error,95% CI Length
posterior_phi,0.5123210782185197,0.0046586737036705015,1.5776924654841422
posterior_sigma,0.044078707695007324,0.001647612750530243,0.59999398291111
posterior_beta3,3.5965280532836914,0.03715980529785156,12.301058429479598
posterior_rho,0.004403233528137207,0.0029024031758308412,0.9498343925457448
posterior_g1,0.015467084352234206,0.001105126142501831,0.43565058708190874
posterior_g2,0.1259942650794983,0.0007423447817564011,0.29539787769317627
posterior_g3,0.1475345492362976,0.0007319635897874833,0.2915855273604393
posterior_g4,0.10925430059432983,0.0008440589904785156,0.3321486175060272
