,Absolute Bias,Standard Error,95% CI Length
posterior_phi,0.5172970406711102,0.004479970633983612,1.5565815091133117
posterior_sigma,0.07068800926208496,0.0016482597589492797,0.6139791473746299
posterior_beta3,3.489964485168457,0.03771443367004394,12.31489634513855
posterior_rho,0.0012774467468261719,0.0028898033499717714,0.9517797014676034
posterior_g1,0.028293930586120286,0.0010456902533769608,0.41838952898979187
posterior_g2,0.15485459566116333,0.0007229989022016526,0.2871893554925917
posterior_g3,0.08152014017105103,0.0006926077604293824,0.2704402595758435
posterior_g4,0.10866403579711914,0.0007919540256261826,0.31508910804986934
