,Absolute Bias,Standard Error,95% CI Length
posterior_phi,0.5173760075122118,0.004402009546756744,1.5403711050748825
posterior_sigma,0.07155704498291016,0.0015146730840206147,0.5650345116853712
posterior_beta3,3.5800065994262695,0.03730041742324829,12.32832715511322
posterior_rho,0.003179311752319336,0.0028848004341125487,0.9500546235591172
posterior_g1,0.019844449464538894,0.0010579733550548553,0.4165641844272612
posterior_g2,0.04786306619644165,0.0007327177375555039,0.29223998039960863
posterior_g3,0.1359822154045105,0.0007210627943277359,0.2871110543608666
posterior_g4,0.12054729461669922,0.0008447828143835068,0.3347984015941621
