,Absolute Bias,Standard Error,95% CI Length
posterior_phi,0.5033392936456949,0.0045069360733032224,1.5681784093379973
posterior_sigma,0.06656265258789062,0.001626424640417099,0.5958040058612823
posterior_beta3,3.627775192260742,0.03736108303070068,12.300245201587675
posterior_rho,0.0023247599601745605,0.002939744591712952,0.9525822724215686
posterior_g1,0.05161777824566682,0.0011049873381853105,0.4389254093170165
posterior_g2,0.09789168834686279,0.0007167727500200272,0.2800363764166832
posterior_g3,0.1257306933403015,0.0007298502326011657,0.28395130336284635
posterior_g4,0.061440348625183105,0.0009525087475776672,0.3807204157114026
