,posterior_g1,posterior_g2,posterior_g3,posterior_phi,posterior_sigma,posterior_beta3,posterior_rho
0,2.2928512,0.18927844,-0.13562036,0.7938523292541504,0.13303241,2.2204487323760986,1.2991481
1,2.2872114,0.16108318,-0.087405615,0.8315842747688293,0.11490169,2.535508871078491,1.0301784
2,2.3065045,0.09059989,-0.11475684,0.7997336983680725,0.12084217,2.2638773918151855,1.2120905
3,2.278184,0.120405,-0.14079967,0.8479589223861694,0.113231674,2.4127554893493652,0.999516
4,2.2564247,0.14886826,-0.07724805,0.8012055158615112,0.14418274,2.3589987754821777,1.1665548
5,2.2635643,0.22248884,-0.15445141,0.85,0.08477236,2.2353272438049316,1.2450926
6,2.2395854,0.115197845,-0.08483105,0.7687112092971802,0.1441312,2.4677975177764893,1.0546949
7,2.22618,0.19849698,-0.0696596,0.6790499091148376,0.16104712,2.191995859146118,1.1704767
8,2.3614361,0.1738119,-0.10958015,0.710436999797821,0.18285137,2.0546398162841797,1.7302074
9,2.2764223,0.16608375,-0.012316349,0.6259353756904602,0.19754143,2.085785150527954,1.4604771
10,2.373622,0.1585273,-0.17111504,0.7515462040901184,0.17146738,2.027461051940918,2.762152
11,2.3283887,0.116986945,-0.09887839,0.7371752858161926,0.17469871,2.1133193969726562,1.4714111
12,2.2811496,0.06851995,-0.073646225,0.5942928791046143,0.1816376,2.1019623279571533,1.4820259
13,2.2503114,0.14992392,-0.10312816,0.5929455161094666,0.14730129,2.356224298477173,1.0973816
14,2.3133535,0.18945575,-0.1125946,0.6981388926506042,0.17505132,2.2502808570861816,1.5153995
15,2.309734,0.13379224,-0.17559409,0.7239692807197571,0.18566053,2.3423616886138916,1.2655159
16,2.2062144,0.18645026,-0.062579185,0.7382279634475708,0.16661021,2.208848714828491,1.1547883
17,2.199954,0.1626108,-0.12581807,0.5472779870033264,0.16686706,2.2137625217437744,1.1666325
18,2.260783,0.21064073,-0.19121806,0.8280735611915588,0.105669305,2.5376803874969482,1.0592062
19,2.3385854,0.18646543,-0.1398276,0.8229800462722778,0.164912,2.3074305057525635,1.5482149
20,2.3020682,0.10201138,-0.07915519,0.779919445514679,0.14301263,2.1266915798187256,1.2533066
21,2.2218814,0.1359193,-0.12530552,0.5568607449531555,0.16804837,2.2898876667022705,1.1514888
22,2.2161317,0.20199987,-0.12980181,0.4482666254043579,0.21016712,2.431985855102539,0.9680772
23,2.2358284,0.18143876,0.014658578,0.596565842628479,0.20643581,2.1768970489501953,1.6342989
24,2.2843544,0.13279781,-0.12749285,0.7204644083976746,0.1922192,2.3260180950164795,1.145602
25,2.2838936,0.18662181,-0.113627285,0.7899831533432007,0.1763009,2.3156213760375977,1.4591169
26,2.323801,0.13389564,-0.1087417,0.5646926164627075,0.21320541,2.340902805328369,1.3062943
27,2.2340636,0.27131942,-0.14904302,0.5444377660751343,0.17369759,2.101492166519165,1.4123116
28,2.331582,0.22371101,-0.0901178,0.832625150680542,0.12932292,2.3091061115264893,1.3758082
29,2.1773632,0.15744078,-0.04008932,0.7174376845359802,0.13855301,2.4337093830108643,0.9914039
30,2.2430346,0.1250432,-0.11938871,0.6689613461494446,0.1800661,2.3600783348083496,1.3469744
31,2.2680857,0.07488095,-0.052781675,0.6668927073478699,0.14038308,2.126079797744751,1.1448045
32,2.2635005,0.11709738,-0.1062348,0.7124923467636108,0.18395163,2.246518135070801,1.5745847
33,2.2468572,0.18050697,-0.07057415,0.39507871866226196,0.2095612,2.302382230758667,1.3703394
34,2.2647583,0.11526744,-0.112804964,0.7066198587417603,0.18439901,2.460277557373047,1.1582634
35,2.3080237,0.097210445,-0.07258,0.561549186706543,0.18758659,2.087083578109741,1.2525975
36,2.278266,0.15155803,-0.22492854,0.6305152773857117,0.2102503,2.1122777462005615,1.474879
37,2.2424772,0.14320181,-0.1547924,0.6313965320587158,0.16294175,2.2151217460632324,1.1921092
38,2.2700942,0.16997886,-0.0661464,0.7583206295967102,0.16149965,2.1724846363067627,1.3518605
39,2.3899934,0.102977745,-0.23231515,0.592147707939148,0.21260226,2.2144856452941895,1.3008966
40,2.2154198,0.17423192,-0.03937663,0.7883168458938599,0.11183453,2.408418655395508,1.1280589
41,2.307048,0.10311897,-0.01585439,0.7276796102523804,0.16039675,2.0856425762176514,1.5891663
42,2.143504,0.17375533,-0.001395726,0.5519936680793762,0.18776385,2.577662944793701,1.039384
43,2.2409391,0.1041377,-0.14426987,0.775202751159668,0.14645301,2.416843891143799,1.1372571
44,2.2213595,0.2009987,-0.13662367,0.7820194363594055,0.11691174,2.3803632259368896,1.057181
45,2.303482,0.20290159,-0.13836981,0.6324257254600525,0.18394549,2.1128954887390137,1.2011615
46,2.308972,0.1898528,-0.14108612,0.8439216017723083,0.11201328,2.3316781520843506,1.1536089
47,2.3784256,0.23074192,-0.2173539,0.801193356513977,0.17058837,2.1059980392456055,1.9742153
48,2.3297927,0.107513614,-0.17107098,0.7238097190856934,0.18145253,2.3823604583740234,1.4148937
49,2.3919983,0.15705322,-0.19133262,0.8315720558166504,0.116683386,2.1324472427368164,1.4327319
50,2.2267406,0.15564214,-0.14338137,0.7545666694641113,0.13656062,2.566155195236206,1.0943978
51,2.326938,0.19007894,-0.12032657,0.7415773272514343,0.14727671,2.077953815460205,1.2011616
52,2.200605,0.15096764,-0.07284162,0.7112882733345032,0.17052843,2.4749956130981445,1.2944549
53,2.222491,0.13285546,-0.09529357,0.5748093128204346,0.1571192,2.598599910736084,0.86740446
54,2.3291473,0.19469696,-0.103505954,0.7069536447525024,0.15749653,2.2903614044189453,1.2754453
55,2.2136247,0.18875659,-0.0927888,0.8430935144424438,0.09674938,2.570772886276245,1.0756975
56,2.250738,0.1211861,-0.05804035,0.675958514213562,0.2197131,2.372495174407959,1.2703854
57,2.3026874,0.13047647,-0.12082919,0.5205810070037842,0.1990381,2.125962257385254,1.159345
58,2.288598,0.043904062,-0.056601964,0.8462981581687927,0.14994799,2.4885594844818115,1.2062635
59,2.2897663,0.10841555,-0.13547553,0.4583016633987427,0.20694146,2.321178674697876,1.1518282
60,2.3224926,0.17042337,-0.087377355,0.5538273453712463,0.21117134,2.243459701538086,1.476549
61,2.1891832,0.17096561,0.06004418,0.7721511125564575,0.16168754,2.354233741760254,1.1960734
62,2.283438,0.11418202,-0.08633808,0.8246259689331055,0.17713219,2.422985553741455,1.4802235
63,2.268099,0.25470814,-0.05091635,0.8231825828552246,0.09718863,2.3102493286132812,1.2962909
64,2.305268,0.13211848,-0.019207666,0.8352731466293335,0.11470349,1.940932035446167,1.5508858
65,2.350859,0.15549667,-0.1775117,0.7562847137451172,0.15058598,2.1518309116363525,1.3019562
66,2.330465,0.16608432,-0.13105421,0.85,0.09277912,2.3591017723083496,1.4890903
67,2.2738187,0.13369209,-0.15979384,0.6313427090644836,0.18453985,2.3153109550476074,1.2604513
68,2.331368,0.16931896,-0.07171712,0.6946356892585754,0.19614641,2.075706720352173,1.5752909
69,2.3763802,0.08120701,-0.15586682,0.7084272503852844,0.15392521,2.324589252471924,1.1467257
70,2.3006604,0.18525916,-0.16240352,0.8096024394035339,0.14829656,2.2963128089904785,1.3732643
71,2.2820697,0.19919507,-0.07300645,0.735408365726471,0.16266365,2.244575262069702,1.4450969
72,2.3003356,0.12534611,-0.14267735,0.6757298111915588,0.18176442,2.2778239250183105,1.3532528
73,2.270303,0.24155307,-0.14343451,0.6694106459617615,0.18509808,2.3176910877227783,1.2371135
74,2.3069866,0.0403458,-0.11996847,0.6844123005867004,0.18978599,2.2593026161193848,1.2225264
75,2.3542156,0.21060751,-0.1594705,0.8372534513473511,0.123010285,2.316128730773926,1.4386036
76,2.3352807,0.11463523,-0.17739666,0.6512019038200378,0.15336272,2.3128905296325684,1.1767147
77,2.2845535,0.12914139,-0.080067314,0.8375136256217957,0.16550916,2.4101386070251465,1.302226
78,2.2889795,0.16150357,-0.17876647,0.85,0.08449213,2.2732632160186768,1.1174926
79,2.2586548,0.19294553,-0.12727414,0.7176002860069275,0.18085788,2.3957910537719727,1.2335103
80,2.4071927,0.12969849,-0.16973874,0.6584917306900024,0.20310952,2.1835148334503174,1.5832654
81,2.194733,0.17299446,-0.0041046473,0.7838237285614014,0.15761131,2.284984588623047,1.288579
82,2.2776191,0.1254399,-0.13426407,0.7715966105461121,0.18071146,2.274686098098755,1.4366913
83,2.3278875,0.21648675,-0.24061604,0.7347143292427063,0.18025951,2.415656089782715,1.3804098
84,2.296321,0.15643455,-0.0337843,0.8202780485153198,0.13813426,2.1275036334991455,1.4126374
85,2.2659342,0.101798214,-0.14900562,0.6312188506126404,0.13735138,2.39398193359375,0.8662168
86,2.1975398,0.22327226,-0.1525818,0.6016131043434143,0.19184501,2.6474380493164062,1.1113573
87,2.3160863,0.11616436,-0.1113799,0.8234167695045471,0.13273545,2.517548084259033,1.1475912
88,2.2359202,0.13956007,-0.114101835,0.6571219563484192,0.17139798,2.3602712154388428,1.0375854
89,2.2904556,0.13250366,-0.14057493,0.771572470664978,0.14018208,2.247988700866699,1.1376048
90,2.3452377,0.13593963,-0.10674719,0.803119421005249,0.16921188,2.3265461921691895,1.2527901
91,2.3559759,0.2217811,-0.16243811,0.7135785222053528,0.16377701,2.0077619552612305,1.4379692
92,2.2136424,0.20188802,-0.21125907,0.7801663279533386,0.10358266,2.525580883026123,0.8854594
93,2.336837,0.18310042,-0.16333804,0.5618306994438171,0.22750545,2.1042251586914062,1.5771174
94,2.3200364,0.23208456,-0.08578191,0.8228607773780823,0.122019425,2.292499542236328,1.1058283
95,2.2486808,0.10505485,-0.0026964257,0.6482474207878113,0.17586279,2.2377498149871826,1.2198423
96,2.2606728,0.21463518,-0.17747186,0.826138973236084,0.1373583,2.5150880813598633,0.99070174
97,2.2838671,0.13173865,-0.014049341,0.6347899436950684,0.19317855,2.2014408111572266,1.4544636
98,2.199718,0.20711043,-0.05002136,0.825585663318634,0.11587961,2.365800380706787,1.182871
99,2.3451166,0.11420899,-0.12739633,0.7108100652694702,0.17828874,2.0793001651763916,1.3651338
100,2.3646855,0.19081627,-0.14025266,0.7960256338119507,0.17907006,2.333584785461426,1.7780248
101,2.3770504,0.18184657,-0.13791576,0.7790279984474182,0.16914222,2.0889859199523926,1.5819337
102,2.392961,0.19508885,-0.18275915,0.8364210724830627,0.11355195,2.161672353744507,1.4585644
103,2.3279073,0.19863507,-0.043607254,0.6950605511665344,0.17659695,2.0236785411834717,2.1353
104,2.2749138,0.13190313,-0.048984032,0.7510037422180176,0.14802152,2.3776776790618896,1.1090932
105,2.2573276,0.17880501,-0.09173741,0.8289535045623779,0.15191536,2.4311599731445312,1.2871839
106,2.314786,0.18822913,-0.07290682,0.7863249778747559,0.1401146,2.2148983478546143,1.2478579
107,2.2608287,0.13354298,-0.12576549,0.7231136560440063,0.19166183,2.442188024520874,1.137962
108,2.2961073,0.19804606,-0.03578789,0.8168385028839111,0.106336124,2.113480567932129,1.8745501
109,2.2771642,0.22184637,-0.08264203,0.7518359422683716,0.1702051,2.1438651084899902,1.3314538
110,2.2285385,0.1950521,-0.08341377,0.7507532238960266,0.16343437,2.44844126701355,1.2516738
111,2.3000817,0.09998741,-0.106397115,0.8444754481315613,0.08546026,2.4499382972717285,1.1010522
112,2.2826962,0.14347726,-0.07219709,0.5372645854949951,0.2189235,2.137484550476074,1.4078009
113,2.2687953,0.17052685,-0.08313293,0.7997007966041565,0.15006243,2.282163381576538,1.4861382
114,2.3813784,0.12065778,-0.1014131,0.7578942775726318,0.17361528,2.102976083755493,1.4641119
115,2.2527149,0.116446994,-0.042269494,0.7442854046821594,0.14672028,2.3904342651367188,1.3330513
116,2.3295658,0.07807799,-0.18973136,0.6866881251335144,0.19497898,2.346067428588867,1.0014218
117,2.3463633,0.1290972,-0.15450303,0.8020278811454773,0.14678706,2.1366562843322754,1.5045463
118,2.2500875,0.15229157,-0.10685759,0.7483859062194824,0.16367656,2.2636139392852783,1.2184755
119,2.2635663,0.1584,-0.16540413,0.6997305750846863,0.1725859,2.428126573562622,1.2946762
120,2.2975466,0.14684421,-0.06552574,0.6720765233039856,0.16344728,2.1757822036743164,1.3237233
121,2.311439,0.12368819,-0.11683421,0.616062581539154,0.15296933,2.2346150875091553,1.124228
122,2.176413,0.19032131,-0.08810301,0.6278197765350342,0.16014822,2.489511728286743,0.9648458
123,2.2344916,0.111771904,-0.0009250073,0.8002793788909912,0.14438786,2.5674290657043457,1.0416522
124,2.3341594,0.15220359,-0.15768309,0.5641247034072876,0.17182982,2.099571704864502,1.3575265
125,2.3341405,0.12215354,-0.15126266,0.6803120970726013,0.21360399,2.5816259384155273,1.2492855
126,2.33888,0.09937989,-0.17415173,0.6459222435951233,0.20273918,2.401583671569824,1.2189367
127,2.4231372,0.22422832,-0.21294656,0.6968261003494263,0.20419979,2.074392318725586,2.0835364
128,2.318675,0.2333704,-0.16250455,0.7511533498764038,0.15815607,2.3353238105773926,1.2143314
129,2.2938726,0.09909856,-0.036775157,0.7197161912918091,0.1985922,2.2840566635131836,1.32669
130,2.2709267,0.17728013,-0.07733812,0.6670690178871155,0.19649033,2.22087025642395,1.4943606
131,2.2240582,0.18475644,-0.095917486,0.7763329744338989,0.17236407,2.5367538928985596,1.1121188
132,2.300868,0.1794058,-0.13635595,0.48059365153312683,0.24327181,2.043621301651001,1.8381042
133,2.3071249,0.12516145,-0.044489667,0.6180916428565979,0.20837884,2.0694420337677,2.0697045
134,2.244821,0.16949932,-0.12435064,0.511986255645752,0.17488366,2.559467077255249,0.8979417
135,2.2748783,0.15469521,-0.017806346,0.810966432094574,0.1320279,2.3365447521209717,1.1341112
136,2.2425342,0.13643636,-0.13777588,0.6250419020652771,0.16523963,2.429300546646118,1.0723141
137,2.2729754,0.20550159,-0.02241404,0.6137208938598633,0.15317582,2.084174871444702,1.4212201
138,2.2415214,0.15548122,-0.14920892,0.7325418591499329,0.14370695,2.372603416442871,0.9841239
139,2.3370533,0.1896502,-0.17326313,0.4566684365272522,0.24935606,2.2157626152038574,1.5371143
140,2.2985392,0.13834839,-0.1828215,0.6232212781906128,0.18583526,2.3004891872406006,1.189985
141,2.2922096,0.21396704,-0.19718762,0.6874810457229614,0.17006475,2.3351948261260986,1.109249
142,2.3479311,0.08731577,-0.017602077,0.8242833018302917,0.14835605,2.1192445755004883,1.468466
143,2.2854018,0.16895618,-0.14321508,0.5935542583465576,0.13878353,2.1035802364349365,1.1418557
144,2.2712328,0.16485249,-0.103130326,0.6578618884086609,0.18046832,2.3641281127929688,1.2022938
145,2.3883703,0.1588443,-0.19864279,0.8216415643692017,0.15886877,2.0738093852996826,2.1770153
146,2.2689703,0.09149196,-0.17080797,0.8269686102867126,0.10866251,2.554399251937866,1.0993884
147,2.3152452,0.07791441,-0.13862081,0.7869877815246582,0.11674338,2.3653273582458496,1.018591
148,2.2039301,0.1670128,0.0066553107,0.6967836022377014,0.18338248,2.2756943702697754,1.3977696
149,2.2145767,0.13487977,-0.0913869,0.5188738703727722,0.16518112,2.678398847579956,0.81108445
150,2.3080444,0.096471764,-0.08086793,0.7447420954704285,0.19433561,2.2946605682373047,1.3633227
151,2.1460624,0.12830952,-0.11301219,0.15161482989788055,0.21890134,2.3085832595825195,0.99198985
152,2.2998464,0.20175287,-0.0754628,0.7565956711769104,0.18071598,2.1514105796813965,1.4903712
153,2.3837109,0.1683018,-0.15234941,0.7500659227371216,0.1791641,2.103861093521118,1.6185813
154,2.244912,0.22900966,-0.07779703,0.5634890198707581,0.19415598,2.157041311264038,1.4529438
155,2.3300452,0.16937006,-0.12840387,0.8104197382926941,0.12876558,2.140165328979492,1.569107
156,2.3289087,0.15534234,-0.09953147,0.7070624828338623,0.23370929,2.1421611309051514,1.739764
157,2.349519,0.17232959,-0.16020985,0.7052764892578125,0.16976127,2.258589744567871,1.4578096
158,2.2999685,0.15861844,-0.11609935,0.568825364112854,0.21941343,2.12126088142395,1.5551028
159,2.1985047,0.24298514,0.0023320352,0.7474343180656433,0.17648216,2.4293880462646484,1.3084092
160,2.3295693,0.27434745,-0.09698576,0.8478122353553772,0.10918317,2.246260643005371,1.4654616
161,2.1897724,0.15111744,-0.098967224,0.3225158751010895,0.25548854,2.6185882091522217,0.96267784
162,2.2408695,0.18472116,-0.07591924,0.6715506911277771,0.18818913,2.4752607345581055,1.0344144
163,2.3151646,0.16085523,-0.12287611,0.8413344025611877,0.14721324,2.2760508060455322,1.6626656
164,2.2162504,0.13198113,-0.09641236,0.6579229235649109,0.16710638,2.084275245666504,1.1681361
165,2.2418373,0.19874378,-0.13083376,0.8488664031028748,0.116101295,2.323044776916504,1.0514208
166,2.2438824,0.15773977,-0.084338605,0.7305383682250977,0.16807176,2.5428078174591064,1.1443064
167,2.3562655,0.12504324,-0.124340184,0.7161293029785156,0.17543632,2.0749800205230713,1.6698841
168,2.3909693,0.1232393,-0.16953592,0.8030115365982056,0.10555079,2.2298381328582764,1.2845342
169,2.217845,0.18624012,-0.02744353,0.777397632598877,0.13815762,2.416109800338745,1.1950092
170,2.1484387,0.25150838,-0.10545574,0.4662007987499237,0.21153726,2.649639368057251,0.9689398
171,2.2325459,0.12867644,-0.11563061,0.598156213760376,0.17275892,2.4384124279022217,1.1363674
172,2.266,0.14957793,-0.056060795,0.5546764731407166,0.19398335,2.394866943359375,1.1553977
173,2.1931396,0.067251086,-0.050456192,0.7407940626144409,0.16733573,2.5812509059906006,1.0350509
174,2.366771,0.15036279,-0.07111762,0.8247729539871216,0.13452181,2.0760395526885986,1.619496
175,2.3112884,0.09055304,-0.10229574,0.5775452256202698,0.1754505,2.342205762863159,1.2135862
176,2.3552353,0.17123935,-0.2158526,0.8389620184898376,0.09311644,2.421619415283203,1.4444755
177,2.353596,0.07802718,-0.13545209,0.8279906511306763,0.111949466,2.124441385269165,1.2963176
178,2.3305867,0.11522464,-0.14668103,0.7363545298576355,0.17381257,2.150940418243408,1.394529
179,2.385461,0.15327269,-0.1876021,0.791590690612793,0.14419612,2.203773021697998,1.9069446
180,2.1886444,0.14572555,-0.0705192,0.6569575071334839,0.13739905,2.361865282058716,0.91533476
181,2.2385695,0.19899337,-0.09394736,0.6600740551948547,0.168039,2.0594518184661865,1.3998053
182,2.2722404,0.15120898,-0.119105965,0.7434045672416687,0.1536352,2.4156463146209717,1.2230306
183,2.2648683,0.13399705,-0.04012443,0.777681291103363,0.14671382,2.424164056777954,1.2668692
184,2.296442,0.12466242,-0.07155282,0.6806342005729675,0.14141941,2.3612990379333496,1.0916431
185,2.3052576,0.20455372,-0.1676398,0.5364480018615723,0.19276614,2.240535020828247,1.360226
186,2.2877562,0.20009659,-0.08593833,0.6955349445343018,0.16242856,2.081746816635132,1.4235626
187,2.2445085,0.1933012,-0.004339572,0.7734310030937195,0.13703498,2.3133156299591064,1.2119378
188,2.3418891,0.19296733,-0.13575469,0.6628455519676208,0.1856958,2.073058843612671,1.557111
189,2.321484,0.08269762,-0.05392287,0.8059108257293701,0.08857775,2.1605119705200195,1.5225357
190,2.314299,0.082699336,-0.09293714,0.7471708655357361,0.16590653,2.3910000324249268,1.1501812
191,2.1941762,0.15492819,-0.055401135,0.36238202452659607,0.1713421,2.199634552001953,1.1255915
192,2.3148048,0.13919468,-0.15550643,0.7381263375282288,0.13221563,2.2842137813568115,1.1896968
193,2.3109393,0.28552687,-0.108902805,0.7670993804931641,0.16049048,2.125525951385498,1.4271194
194,2.2277765,0.14612097,-0.12721443,0.757270097732544,0.11524093,2.3848519325256348,0.9546682
195,2.2556417,0.16698042,-0.0600479,0.8222874402999878,0.15595874,2.360456705093384,1.3701948
196,2.2890701,0.1646862,-0.12018655,0.7576799988746643,0.16513886,2.386918306350708,1.488238
197,2.3575938,0.12653376,-0.19458237,0.8162142634391785,0.14245166,2.332090139389038,1.3106955
198,2.188033,0.16120383,-0.11469104,0.3568112850189209,0.19852108,2.0237770080566406,1.3717021
199,2.3933036,0.08695395,-0.08453119,0.7545559406280518,0.15856661,2.0812127590179443,1.6341674
200,2.2837365,0.12671342,-0.06149999,0.7822701930999756,0.15015028,2.58565616607666,1.1608217
201,2.229695,0.10474544,-0.05058243,0.3342743217945099,0.19623324,2.2934248447418213,1.3478491
202,2.2750387,0.11332423,-0.04711071,0.689434289932251,0.17436771,2.2580528259277344,1.3802618
203,2.3365295,0.20207983,-0.13075155,0.8065721988677979,0.16225217,2.0963807106018066,2.061671
204,2.2289684,0.18266624,-0.09281246,0.7978240251541138,0.121512525,2.573167085647583,1.0496724
205,2.3361096,0.19475292,-0.16257936,0.7460618019104004,0.17233148,2.2780048847198486,1.408031
206,2.2752194,0.1802327,-0.048682738,0.7015661597251892,0.17251936,2.3970675468444824,1.2266158
207,2.2463443,0.2504429,-0.0925677,0.8285365104675293,0.123838924,2.4240081310272217,1.2884678
208,2.2510207,0.17611578,0.0059488956,0.4873656630516052,0.18368429,2.269352674484253,1.0928735
209,2.2857325,0.16860689,-0.1403028,0.7885938286781311,0.170869,2.3166730403900146,1.3957976
210,2.36544,0.12920192,-0.18635125,0.708867073059082,0.19176309,2.1156485080718994,1.7545877
211,2.3213813,0.12564398,-0.11998458,0.6114895939826965,0.23905838,2.425455331802368,1.3919473
212,2.2490695,0.1920116,-0.07500724,0.567822277545929,0.21411805,2.5584259033203125,1.2196965
213,2.3559947,0.053931404,-0.10185359,0.8117168545722961,0.12704933,2.1586825847625732,1.2579273
214,2.2394009,0.28792188,-0.19063649,0.8311225175857544,0.10888263,2.5181000232696533,1.127735
215,2.2384324,0.11399902,0.039916236,0.6827574968338013,0.1666273,2.2771146297454834,1.2455248
216,2.243279,0.21931261,-0.113790296,0.7581043839454651,0.14933388,2.4104106426239014,1.1238543
217,2.3549485,0.043598726,-0.08630355,0.7803675532341003,0.114247784,2.245835542678833,1.204131
218,2.382997,0.14625067,-0.079922505,0.7875757813453674,0.17249155,2.212947130203247,1.4297911
219,2.2789297,0.13378261,-0.10370718,0.85,0.08482085,2.519960641860962,1.3254048
220,2.268575,0.14597179,-0.14255212,0.7202555537223816,0.16815546,2.466947317123413,1.1271658
221,2.332238,0.13698766,-0.15224697,0.8223520517349243,0.08433686,2.206315040588379,1.3187299
222,2.1994662,0.21246603,-0.10539713,0.5959423780441284,0.19504113,2.3808088302612305,1.2814529
223,2.249945,0.14470953,-0.07151963,0.720508873462677,0.17597254,2.3812334537506104,1.3171206
224,2.3518162,0.08823549,-0.10157906,0.7414199709892273,0.1630909,2.161452531814575,1.6161066
225,2.2417278,0.18519647,-0.11536775,0.6529828906059265,0.18356182,2.1783032417297363,1.3497275
226,2.2779386,0.22805752,-0.030889852,0.7418350577354431,0.16883962,2.1887857913970947,1.5768691
227,2.341673,0.18709502,-0.15459234,0.6118428111076355,0.20689523,2.1029932498931885,1.6686478
228,2.2436657,0.11502819,-0.11512413,0.7461652159690857,0.1281918,2.575083017349243,0.9526384
229,2.2382548,0.14510842,0.0006204811,0.6389237642288208,0.18518823,1.8183531761169434,1.6646876
230,2.3412437,0.17009276,-0.11914695,0.7949930429458618,0.15879609,2.102431058883667,1.6583533
231,2.2675934,0.19960363,-0.070733376,0.7636111378669739,0.1356829,2.300405263900757,1.2547573
232,2.2151425,0.20322067,-0.112959996,0.4848491847515106,0.21526645,2.214778423309326,1.3986785
233,2.266528,0.18578176,-0.1775337,0.7528598308563232,0.19443367,2.604729652404785,1.1542219
234,2.253599,0.18456936,-0.08699993,0.8421187996864319,0.12730195,2.3017711639404297,1.421602
235,2.3394847,0.23915333,-0.11951392,0.730883002281189,0.16254725,2.2324252128601074,1.3947287
236,2.2779994,0.124236785,-0.09460456,0.6409566402435303,0.18180694,2.162810802459717,1.8085052
237,2.2358956,0.23840575,-0.13827918,0.6021785140037537,0.21083008,2.3447484970092773,1.4620032
238,2.3253412,0.15797636,-0.14557098,0.742689847946167,0.19168779,2.255882978439331,1.5507262
239,2.2427166,0.15767345,-0.16409115,0.7600435018539429,0.11689911,2.4130008220672607,1.0267854
240,2.3136044,0.09054186,-0.14732271,0.5745810866355896,0.16988145,2.148547649383545,1.2686462
241,2.3039033,0.1555769,-0.118912295,0.7698496580123901,0.15571243,2.224632978439331,1.2809244
242,2.294296,0.19607066,-0.08039047,0.8134465217590332,0.1383977,2.2455880641937256,1.8710519
243,2.2907522,0.13207303,-0.15415043,0.8403038382530212,0.11734097,2.3921964168548584,1.2151055
244,2.1428206,0.13514404,-0.10079595,0.2735746204853058,0.20245573,2.3756749629974365,1.0248878
245,2.3735104,0.15440518,-0.17618392,0.7247925400733948,0.17633766,2.0867741107940674,1.2496976
246,2.1794786,0.16956398,-0.05822013,0.7851485013961792,0.12905395,2.64597225189209,0.94204956
247,2.3925443,0.15836005,-0.2399262,0.7978010773658752,0.16584317,2.068216562271118,1.8155167
248,2.329069,0.16181597,-0.07368327,0.7574664950370789,0.145461,2.269941568374634,1.3422189
249,2.364846,0.15307996,-0.1324516,0.7619346976280212,0.1475054,2.2339117527008057,1.3586857
250,2.3142571,0.20042142,-0.06473029,0.8118690252304077,0.13261797,2.216287136077881,1.5039731
251,2.2718403,0.17154448,-0.15050901,0.663126528263092,0.18274364,2.444398880004883,1.3381002
252,2.2804341,0.16519393,-0.120394535,0.7201383113861084,0.18330438,2.378239631652832,1.3633165
253,2.3400614,0.20333728,0.011144541,0.8269519209861755,0.17171873,2.0643818378448486,2.1702182
254,2.3475528,0.09749195,-0.105962284,0.6387746334075928,0.20917735,2.0596649646759033,1.7618216
255,2.2372224,0.06823356,-0.113779865,0.22172793745994568,0.18285885,2.313948154449463,1.0923213
256,2.3062932,0.2401892,-0.095960245,-0.06936436146497726,0.17133416,2.0752055644989014,1.3795396
257,2.2732413,0.14686824,-0.057400856,0.6821838617324829,0.14788805,2.394089937210083,1.094373
258,2.2342901,0.24411732,-0.13797665,0.5336995720863342,0.24805897,2.2320775985717773,1.7693963
259,2.3144574,0.08360204,-0.1432958,0.8324985504150391,0.09850285,2.333695888519287,1.1960471
260,2.340593,0.18390475,-0.18961659,0.6490004062652588,0.13937224,2.1457901000976562,1.2979391
261,2.3511772,0.19811578,-0.052311234,0.7502115964889526,0.1284146,2.104799509048462,1.6845217
262,2.2260854,0.23380299,-0.10048972,0.6989938020706177,0.16031684,2.359768867492676,1.1598499
263,2.2434218,0.21236551,-0.036689196,0.8332281708717346,0.07417987,2.345273017883301,1.0317928
264,2.2693055,0.15461046,-0.07223562,0.6884965300559998,0.16306591,2.361433744430542,1.3156608
265,2.316832,0.26220596,-0.16692206,0.5643628239631653,0.22646652,2.1331818103790283,1.6547532
266,2.3138976,0.12872167,-0.12602784,0.8057478666305542,0.117558,2.472372531890869,1.187515
267,2.3128626,0.12937348,-0.1128846,0.792971670627594,0.16224621,2.370360851287842,1.180831
268,2.2654366,0.15854289,-0.078985505,0.6160385012626648,0.15543056,2.2704882621765137,1.1093328
269,2.3397908,0.19077845,-0.17616227,0.8065722584724426,0.12087431,2.0871734619140625,1.4930408
270,2.2661595,0.15600061,-0.04897464,0.845859169960022,0.074779525,2.3656811714172363,1.167095
271,2.2781184,0.15599582,-0.13570088,0.8443160057067871,0.13949378,2.429105281829834,1.1013325
272,2.2886782,0.13408558,-0.12983468,0.6990025639533997,0.1450119,2.3829140663146973,1.1550053
273,2.3976812,0.1041114,-0.12749387,0.7692230343818665,0.11766729,2.0946097373962402,1.5204821
274,2.278764,0.25861385,-0.13499638,0.565767765045166,0.24136062,2.2767016887664795,1.4865241
275,2.330616,0.110392526,-0.1688007,0.5537790060043335,0.17697094,2.3146986961364746,1.2577674
276,2.2975733,0.15924093,-0.14065668,0.5758018493652344,0.19258375,2.2283971309661865,1.3896312
277,2.2542746,0.20872599,-0.102540284,0.6811455488204956,0.16251694,2.3766560554504395,1.1055954
278,2.2797306,0.1736657,-0.09356412,0.8355541825294495,0.11739072,2.171342134475708,1.2589724
279,2.3167658,0.109967515,-0.033147544,0.7991147637367249,0.14188688,2.0816545486450195,1.3882836
280,2.27918,0.15606521,-0.19668134,0.7375293970108032,0.15862972,2.300337314605713,1.2866453
281,2.2834952,0.22485693,-0.020659707,0.8057326674461365,0.1679708,2.11495304107666,1.7991422
282,2.3270767,0.17770927,-0.07856805,0.8118476271629333,0.110867456,2.1152024269104004,1.5713335
283,2.231495,0.16024515,-0.035467193,0.7343382239341736,0.17387584,2.556884765625,1.150266
284,2.24594,0.15594576,-0.10380124,0.5910301208496094,0.22167426,2.2720322608947754,1.1695862
285,2.2448149,0.22905444,-0.02939174,0.5431193113327026,0.23988973,2.2983477115631104,1.4455811
286,2.2884154,0.22510509,-0.15427472,0.740946888923645,0.15133537,2.479649543762207,1.1977218
287,2.2495394,0.21220781,-0.036099497,0.7736595273017883,0.1778763,2.1464197635650635,1.974772
288,2.345067,0.14272141,-0.18092507,0.85,0.12381253,2.1967403888702393,1.3815429
289,2.3173358,0.19052325,-0.0973096,0.8394185900688171,0.13587372,2.1216325759887695,1.4845111
290,2.301498,0.19379777,-0.11267508,0.788357138633728,0.13318405,2.23665189743042,1.2958895
291,2.3118434,0.11588636,-0.14953575,0.6238346695899963,0.17681819,2.1465251445770264,1.1887261
292,2.3070078,0.17975889,-0.08079802,0.7216287851333618,0.16403624,2.2573111057281494,1.3694621
293,2.27198,0.11941882,-0.019574909,0.8075313568115234,0.16348381,2.1512160301208496,1.345343
294,2.3168988,0.104247324,-0.11018481,0.8209778666496277,0.13228308,2.440159797668457,1.2096382
295,2.3195946,0.14326711,-0.09290264,0.7935018539428711,0.13132448,2.0289769172668457,1.5408741
296,2.2591505,0.23811856,-0.1688451,0.7083289623260498,0.16891697,2.4035792350769043,1.2292526
297,2.3180845,0.14220355,-0.14603727,0.5983114242553711,0.1436289,2.138104200363159,1.1882864
298,2.2185974,0.17283985,0.0014369418,0.813531756401062,0.12517126,2.4903292655944824,1.0463817
299,2.198121,0.17160378,-0.098673135,0.5775207877159119,0.17674866,2.476484775543213,1.0845008
300,2.3047922,0.19154355,-0.075156115,0.6452206969261169,0.21832614,2.1524925231933594,1.7197819
301,2.3128805,0.19637676,-0.15923081,0.5468226075172424,0.19464307,2.1896259784698486,1.3807142
302,2.3651555,0.17424977,-0.1417445,0.515051543712616,0.1942758,2.065415859222412,1.5492418
303,2.3209357,0.18339063,-0.15768392,0.6271674036979675,0.15823399,2.3483545780181885,1.1113424
304,2.299464,0.20827909,-0.15578394,0.807253360748291,0.12796202,2.3010642528533936,1.4809116
305,2.3212035,0.21998222,-0.11415507,0.44668740034103394,0.25181946,2.077746868133545,1.6879935
306,2.2374568,0.17653254,-0.04254162,0.8308011889457703,0.07197481,2.5570991039276123,0.96881044
307,2.2427368,0.140374,-0.18305205,0.8243337869644165,0.0716837,2.5358550548553467,0.96622
308,2.2077885,0.14044943,-0.09738587,0.7624925971031189,0.15370718,2.533167600631714,0.9495091
309,2.3358176,0.07559671,-0.13726811,0.7201704978942871,0.16777533,2.5324952602386475,0.89935535
310,2.2057774,0.2617748,-0.1531879,0.6463645100593567,0.18166474,2.411654233932495,1.1387801
311,2.270144,0.09400573,-0.09523943,0.7893986105918884,0.14025907,2.3403854370117188,1.3731873
312,2.295464,0.18603481,-0.08433695,0.7765038013458252,0.14041999,2.074025869369507,1.4137486
313,2.2683463,0.13224179,-0.1576174,0.7546008825302124,0.14081864,2.4163739681243896,1.1564186
314,2.2367735,0.115815744,-0.08744765,0.6799371242523193,0.14761521,2.2930126190185547,1.2167742
315,2.3170347,0.04665642,-0.23230244,0.681498646736145,0.17188954,2.451716661453247,1.1911783
316,2.3581405,0.23039037,-0.17230307,0.7863956689834595,0.1875152,2.0369021892547607,2.1325836
317,2.31925,0.22645499,-0.14049275,0.7340059280395508,0.15559258,2.039722442626953,1.6587558
318,2.2477849,0.15210977,-0.06790928,0.8109126091003418,0.11761232,2.371994972229004,1.0953039
319,2.2613444,0.1318205,-0.18645819,0.7341082096099854,0.14225422,2.37211012840271,1.0002816
320,2.3963594,0.16281284,-0.1966017,0.7797983884811401,0.16842796,2.1518993377685547,1.373863
321,2.2790313,0.17235646,-0.13698407,0.7536638975143433,0.15456107,2.2300186157226562,1.3099964
322,2.2470245,0.23771821,-0.11984544,0.4477750360965729,0.22955795,2.179334878921509,1.225456
323,2.246982,0.18391599,-0.123315595,0.758514404296875,0.14261904,2.4804625511169434,1.0803553
324,2.3021402,0.14055838,-0.09275691,0.7808724641799927,0.15265915,2.281151533126831,1.2120117
325,2.2148159,0.22749704,-0.039090786,0.7080240249633789,0.15771693,2.4194815158843994,0.99338365
326,2.243411,0.16355677,0.06325272,0.796078085899353,0.16437271,2.2327158451080322,1.5208849
327,2.2745712,0.122094974,-0.08203287,0.6082674264907837,0.17663424,2.3256306648254395,1.2172616
328,2.2331357,0.19682306,-0.11683784,0.8160573244094849,0.10577007,2.4191439151763916,1.3417532
329,2.263408,0.06497342,-0.10777652,0.7021795511245728,0.17666546,2.3434219360351562,1.0561576
330,2.3416827,0.18824202,-0.115285106,0.7512843608856201,0.16924244,2.0914924144744873,1.4765049
331,2.303628,0.09524452,-0.1364512,0.7622482180595398,0.16482843,2.2824032306671143,1.5185893
332,2.2455416,0.19487979,-0.00011457333,0.7185746431350708,0.16635764,2.16095232963562,1.369069
333,2.254032,0.10344203,-0.18483347,0.8181426525115967,0.10821169,2.3423430919647217,0.87912935
334,2.297087,0.19530898,-0.15929252,0.7666388154029846,0.14676903,2.286332607269287,1.2884119
335,2.3758686,0.19231515,-0.2400149,0.6967893838882446,0.16639292,2.0498650074005127,1.6938341
336,2.270502,0.12674086,-0.072694115,0.7704029679298401,0.15689449,2.2850003242492676,1.3538499
337,2.2297757,0.1384511,-0.09357243,0.6461813449859619,0.18949866,2.4378371238708496,1.0663353
338,2.348612,0.12763356,-0.16483529,0.7904224991798401,0.10508267,2.3078513145446777,1.3783795
339,2.3275304,0.13346972,-0.18241838,0.6926256418228149,0.19749089,2.28574538230896,1.2848158
340,2.3338363,0.118048444,-0.09671944,0.85,0.06480356,2.2493667602539062,1.2639582
341,2.3160744,0.21940555,-0.14194828,0.585425853729248,0.17222017,2.0140252113342285,1.502874
342,2.2349832,0.13353218,-0.099016555,0.7470730543136597,0.13767931,2.3342323303222656,1.0472009
343,2.269992,0.122375004,-0.09398498,0.8099560141563416,0.12649314,2.3581364154815674,1.1635604
344,2.2775433,0.1838751,-0.21379396,0.7638372778892517,0.12890056,2.098290205001831,1.3067274
345,2.2924058,0.27248684,-0.079409875,0.7300463318824768,0.1448274,2.074024200439453,1.489999
346,2.4192314,0.18646854,-0.21093364,0.6557050943374634,0.18529059,2.0634677410125732,1.5032198
347,2.220318,0.12085539,-0.075828716,0.7374061346054077,0.13758126,2.390129566192627,0.9548586
348,2.3423605,0.066147365,-0.13430285,0.6819099187850952,0.14574344,2.102372407913208,1.3676952
349,2.3437777,0.24051745,-0.11699626,0.7168903350830078,0.18025166,2.105553150177002,1.6100807
350,2.1683915,0.18268572,0.00493048,0.6974427103996277,0.17583197,2.487790107727051,1.0915364
351,2.1826262,0.17850117,-0.054570265,0.7809198498725891,0.12939127,2.5382251739501953,1.0430505
352,2.348036,0.15483111,-0.09342659,0.7742299437522888,0.15861031,2.1599929332733154,1.3997132
353,2.3269885,0.18484454,-0.11306642,0.7489665150642395,0.15940665,2.2546613216400146,1.4039589
354,2.1939898,0.16970176,-0.04805836,0.4542533755302429,0.1669299,2.2606377601623535,1.1366448
355,2.20133,0.16110477,-0.055859227,0.8094037175178528,0.14103496,2.5881106853485107,1.1334649
356,2.2084692,0.18275665,-0.11990496,0.7537634968757629,0.12769054,2.5204007625579834,0.9080284
357,2.2541564,0.19779381,-0.07399998,0.7348461151123047,0.15355057,2.4468469619750977,1.0630676
358,2.244915,0.22164506,-0.15886582,0.686163604259491,0.13133763,2.1452126502990723,1.1556093
359,2.2330894,0.14480999,-0.04866716,0.7586849927902222,0.1569057,2.282118082046509,1.2977616
360,2.2519827,0.18830556,-0.045533873,0.746004045009613,0.17707503,2.332237958908081,1.3198004
361,2.26541,0.25065014,-0.00050839025,0.7943149209022522,0.15057524,2.115872859954834,1.4498434
362,2.1506605,0.04672347,-0.042831328,0.35680845379829407,0.24844892,2.377329111099243,0.9218393
363,2.2966437,0.0744211,-0.098035395,0.5778741240501404,0.21673225,2.2647671699523926,1.2267596
364,2.298678,0.17513667,-0.13888083,0.7920058965682983,0.11036133,2.0259833335876465,1.3317482
365,2.2874794,0.18385875,-0.112898365,0.813527524471283,0.11911976,2.325227737426758,1.2930504
366,2.3082812,0.1254766,-0.1048581,0.7464318871498108,0.1401099,2.2552363872528076,1.2567159
367,2.092832,0.19225311,-0.0141803855,0.5879464149475098,0.14363475,2.5190072059631348,0.7742358
368,2.2564082,0.17552416,-0.14524207,0.7557948231697083,0.13230851,2.481299638748169,1.2637305
369,2.4604683,0.12855206,-0.23918447,0.7326189875602722,0.18680318,2.132406234741211,1.5460263
370,2.268451,0.14060368,-0.042976726,0.7558771371841431,0.15482038,2.1478965282440186,1.43754
371,2.3299572,0.1504715,-0.13383819,0.7417232990264893,0.16272098,2.019301652908325,1.8395412
372,2.217492,0.1059256,-0.07645991,0.7273210883140564,0.15540643,2.3758063316345215,0.9590911
373,2.249508,0.2465622,-0.0812137,0.7943559885025024,0.16758533,2.344862699508667,1.4385681
374,2.2535496,0.19111502,0.030877912,0.8132242560386658,0.13456984,2.208742380142212,1.6476358
375,2.2911828,0.12624846,-0.15796326,0.7220746278762817,0.19035392,2.63118839263916,1.1061735
376,2.285359,0.18315083,-0.16952549,0.36148178577423096,0.23629445,2.2913479804992676,1.5704039
377,2.269275,0.17935161,-0.13987856,0.6811254620552063,0.19197567,2.324871063232422,1.3310944
378,2.2731714,0.14668834,-0.102670595,0.460483193397522,0.20878802,2.222073554992676,1.3737649
379,2.2084959,0.17409731,-0.06338877,0.5904603004455566,0.19313519,2.367936134338379,1.376163
380,2.3567607,0.17943332,-0.061838984,0.7180541753768921,0.1903788,2.098121166229248,1.5390247
381,2.1563933,0.20913686,-0.1629953,0.34853091835975647,0.210263,2.4982242584228516,0.8432774
382,2.296029,0.2672443,-0.0941842,0.8006901144981384,0.13340724,2.0944433212280273,1.3887491
383,2.3112395,0.103390105,-0.18608697,0.5480713844299316,0.19344652,2.353304386138916,1.1148509
384,2.2640593,0.12312312,-0.18263239,0.6258727312088013,0.18254566,2.340925455093384,1.1011317
385,2.3190897,0.13265789,-0.070689864,0.8302327394485474,0.1250821,2.5321340560913086,1.2718714
386,2.4040527,0.15078267,-0.10242943,0.7771120071411133,0.17194507,2.0435361862182617,1.9563533
387,2.2479496,0.10902866,-0.059652608,0.8013529777526855,0.18603043,2.3441314697265625,1.3453866
388,2.2337961,0.14522034,-0.07715968,0.798194944858551,0.1553822,2.6716880798339844,1.1298751
389,2.2710156,0.19028316,-0.1697453,0.6576166152954102,0.18534103,2.271313190460205,1.5219752
390,2.2444582,0.154997,0.008125781,0.6503248810768127,0.14225635,2.381106376647949,0.96444994
391,2.2185009,0.13217922,-0.23975854,0.34438851475715637,0.18757132,2.516152858734131,0.7443437
392,2.2566686,0.18400711,-0.0919623,0.7061671614646912,0.15697289,2.1438491344451904,1.2494566
393,2.3825126,0.18634027,-0.2540766,0.8322396278381348,0.14587362,2.348376750946045,1.3934054
394,2.2553058,0.11700128,-0.042102844,0.7522869110107422,0.13106492,2.2525322437286377,1.1478119
395,2.2160542,0.07846699,-0.10285824,0.8366929888725281,0.115440644,2.669157028198242,0.89535123
396,2.330518,0.1470692,-0.14097372,0.7245866060256958,0.21157177,2.082515239715576,1.6457034
397,2.2351875,0.14830486,-0.037901234,0.7618672251701355,0.16417186,2.4293880462646484,1.1998571
398,2.2221677,0.22053763,-0.17825496,0.5148840546607971,0.20459619,2.2949976921081543,1.3271159
399,2.1892328,0.13388127,-0.07996918,0.6641032695770264,0.124258,2.3687455654144287,0.942869
400,2.2595544,0.15282422,-0.04481756,0.5426236391067505,0.19499035,2.264758586883545,1.2889799
401,2.3309827,0.21310297,-0.101424746,0.7016764283180237,0.18185212,2.2748725414276123,1.7216442
402,2.403369,0.17126048,-0.21229027,0.7065436244010925,0.17280357,2.049067974090576,1.7346948
403,2.2931848,0.14074661,-0.1380703,0.6214998960494995,0.17979673,2.370307445526123,1.1329573
404,2.2589738,0.1591561,-0.1368666,0.7183225750923157,0.15631917,2.41044282913208,1.002416
405,2.312831,0.15792297,-0.20025668,0.8435271382331848,0.1595623,2.4450926780700684,1.3705254
406,2.2892597,0.18904062,-0.05528532,0.8209434747695923,0.0903166,2.2689318656921387,1.2470393
407,2.2621198,0.13547173,-0.09847858,0.7992199659347534,0.10406739,2.370553731918335,0.99268067
408,2.2883778,0.1860084,-0.07797379,0.4731519818305969,0.24695104,2.183119535446167,1.5314779
409,2.398021,0.16427174,-0.121273234,0.7982087731361389,0.1993001,2.204766273498535,1.6902016
410,2.2176213,0.16829695,-0.14972176,0.8336687088012695,0.10555879,2.56731915473938,0.98936194
411,2.1850073,0.15856257,-0.011161055,0.85,0.10198936,2.4174163341522217,1.165101
412,2.233059,0.19387145,-0.124636576,0.4784265458583832,0.15486193,2.3653757572174072,1.142988
413,2.2486165,0.20310088,-0.10212189,0.7277191281318665,0.1846434,2.332172155380249,1.3727301
414,2.280598,0.112488896,-0.11758289,0.85,0.09811955,2.4613840579986572,1.1870071
415,2.195294,0.15340504,-0.0750657,0.5535857081413269,0.1797144,2.4128761291503906,1.079586
416,2.219023,0.1849436,-0.109627694,0.7914430499076843,0.1362065,2.174908399581909,1.1274726
417,2.3084054,0.20025952,-0.084635146,0.8013900518417358,0.14441536,2.266695499420166,1.4153577
418,2.2840002,0.23830669,-0.20385604,0.7217193841934204,0.1434083,2.204951524734497,0.99923915
419,2.2803097,0.13703737,-0.09560963,0.7419583201408386,0.10757779,2.3300726413726807,0.9616035
420,2.2102296,0.2574948,-0.08513318,0.7483665347099304,0.14833835,2.37679386138916,1.2264172
421,2.301123,0.13041002,-0.087373905,0.8397156596183777,0.12014312,2.2962536811828613,1.3857535
422,2.3818328,0.17999054,-0.10912925,0.532250702381134,0.25568104,2.2535202503204346,1.8374673
423,2.3016787,0.15611245,-0.18900739,0.6170594096183777,0.18894453,2.447150230407715,1.0697296
424,2.324344,0.17345677,-0.028247096,0.7331299185752869,0.17214657,2.074892044067383,1.328335
425,2.2988791,0.24511035,-0.10006489,0.8328999280929565,0.112322114,2.1446149349212646,1.2973222
426,2.2657516,0.18582547,-0.100500174,0.4253406226634979,0.24782744,2.0733907222747803,1.9963083
427,2.3112445,0.21881196,-0.091876075,0.5968797206878662,0.2079582,2.0933752059936523,1.5821166
428,2.3709025,0.13311741,-0.14260802,0.6857506632804871,0.17727855,2.1022379398345947,1.7259033
429,2.279741,0.18084943,-0.14794238,0.8134865760803223,0.13529152,2.3431382179260254,1.1118759
430,2.4409325,0.20412813,-0.21814305,0.7845151424407959,0.13403708,2.203843355178833,1.4857676
431,2.3330095,0.21771632,-0.036119003,0.5824470520019531,0.23575403,2.078481912612915,2.3841703
432,2.2033267,0.18091169,-0.11075614,0.6939787268638611,0.17351517,2.452409029006958,1.1081684
433,2.3728585,0.10929938,-0.08244229,0.741483747959137,0.2121319,2.1080095767974854,2.0426223
434,2.299672,0.10768696,-0.12195689,0.5902372002601624,0.1934029,2.3655028343200684,1.212096
435,2.1965091,0.13659535,-0.093551606,0.666170597076416,0.1848372,2.3443002700805664,1.0210661
436,2.2313225,0.09245598,-0.07903035,0.5073364973068237,0.18865445,2.218475103378296,1.1889691
437,2.3528602,0.06848821,-0.11569974,0.6003628969192505,0.1397545,2.2624855041503906,1.0871216
438,2.263757,0.1319795,-0.014567891,0.6481793522834778,0.17930983,2.1437928676605225,1.3348697
439,2.3400514,0.17246921,-0.106065355,0.4534492492675781,0.22397748,2.2157022953033447,1.6125911
440,2.3842952,0.18514334,-0.2261602,0.7696714997291565,0.1766634,2.3965845108032227,1.338284
441,2.229797,0.18380027,-0.087003045,0.5538418889045715,0.17761564,2.60006046295166,1.1665932
442,2.2551281,0.13349998,-0.014053706,0.8349487781524658,0.12684394,2.502568244934082,1.1052204
443,2.5464063,0.13739033,-0.23327771,0.653152346611023,0.30299088,2.040818214416504,2.8287897
444,2.2816288,0.17992228,-0.1296124,0.7401136159896851,0.17414112,2.353461265563965,1.6529857
445,2.335672,0.14541267,-0.088198006,0.758719265460968,0.1525584,2.088488817214966,1.4685102
446,2.3734384,0.14647125,-0.13714689,0.8249070644378662,0.13179982,2.050211191177368,1.5199984
447,2.359115,0.1424682,-0.22964337,0.6507011651992798,0.15656628,2.3888540267944336,1.2065322
448,2.172002,0.17694536,-0.09230066,0.615938127040863,0.1949778,2.4495322704315186,1.1460527
449,2.27332,0.15295114,-0.045999043,0.7956423759460449,0.14892428,2.208831787109375,1.4639747
450,2.301859,0.21205227,-0.08966682,0.7884232401847839,0.12532805,2.0507421493530273,1.3242973
451,2.3168538,0.09101719,-0.08719188,0.6421856880187988,0.16305977,2.3004472255706787,1.1347163
452,2.2508676,0.20141628,-0.10370697,0.7159112691879272,0.17870584,2.4570560455322266,1.1238204
453,2.349256,0.111893795,-0.11940447,0.8330284953117371,0.11650255,2.1693811416625977,1.4603654
454,2.2278926,0.20271525,-0.06381962,0.4927838146686554,0.2262624,2.015619993209839,1.4698045
455,2.3791313,0.23064026,-0.14130129,0.7161750197410583,0.20631532,2.0566229820251465,1.645136
456,2.3189898,0.10856081,-0.13795409,0.836929976940155,0.108373255,2.4400460720062256,1.1422846
457,2.4713361,0.1351591,-0.2938132,0.7857473492622375,0.15586542,2.104194164276123,1.6394022
458,2.322652,0.18781833,-0.09977227,0.8275910019874573,0.089466624,2.365419626235962,1.3337142
459,2.343683,0.13425171,-0.06808167,0.7927968502044678,0.18180558,2.2128283977508545,1.8328936
460,2.418893,0.063549966,-0.13126846,0.818467915058136,0.14970233,2.2908082008361816,1.4773556
461,2.280316,0.06816707,0.012309211,0.7017949819564819,0.17408074,2.2754828929901123,1.381852
462,2.295824,0.16024461,-0.094123475,0.7672290802001953,0.15127155,2.3783791065216064,1.2181951
463,2.3164194,0.14930052,-0.049315087,0.8162869215011597,0.12959062,2.1078999042510986,1.7368907
464,2.2603638,0.24770376,-0.106022924,0.6917362213134766,0.16495337,2.1095030307769775,1.7826024
465,2.296607,0.21626338,-0.14856714,0.85,0.063727334,2.1192142963409424,1.1880423
466,2.2167878,0.111424394,-0.08078345,0.6656822562217712,0.09819541,2.32106614112854,0.9339186
467,2.252618,0.13462618,-0.06417032,0.7302147746086121,0.1694133,2.293855667114258,1.3910829
468,2.3217058,0.026605576,-0.09834984,0.6371959447860718,0.19491011,2.540318489074707,1.1631669
469,2.241354,0.1709458,-0.124991156,0.630562424659729,0.15505017,2.0943686962127686,1.2780393
470,2.3221447,0.13345495,-0.11138067,0.7706548571586609,0.14511879,2.1255080699920654,1.3944839
471,2.3245718,0.18244348,-0.05714517,0.7538241147994995,0.16472189,2.0239241123199463,1.635376
472,2.2723305,0.19037989,-0.13367745,0.7742850184440613,0.1623048,2.4321491718292236,1.0789478
473,2.1564057,0.11576503,-0.058097318,0.556530237197876,0.21319583,2.4223194122314453,1.0631452
474,2.4012566,0.06266726,-0.16670176,0.84083092212677,0.11887395,2.0797171592712402,1.3618549
475,2.1832485,0.19160579,-0.061838754,0.5161224603652954,0.21248527,2.325875759124756,1.1524673
476,2.4175909,0.1467963,-0.13353941,0.5994080305099487,0.22639859,2.130300998687744,1.782415
477,2.3601265,0.17930941,-0.17125535,0.6422672271728516,0.18931411,2.2501115798950195,1.5764085
478,2.3419855,0.18567185,-0.073977515,0.7603245973587036,0.19321671,2.1087756156921387,1.6902986
479,2.2964094,0.17392531,-0.07711783,0.7342968583106995,0.16056645,2.2543704509735107,1.4894791
480,2.233623,0.18254893,-0.13469139,0.6806872487068176,0.17437227,2.448584794998169,1.1283354
481,2.480824,-0.03124322,-0.0999061,0.7425761818885803,0.16513148,2.044558048248291,1.7886816
482,2.3547766,0.11812956,-0.08566084,0.7755563855171204,0.1709729,2.2945210933685303,1.4507982
483,2.2198932,0.12582739,-0.10260665,0.8115313649177551,0.100950435,2.3398549556732178,1.0770792
484,2.2719147,0.13352825,-0.12466506,0.7472866773605347,0.16653045,2.326857805252075,1.1231575
485,2.3530512,0.12215783,-0.10961133,0.8419839143753052,0.13658497,2.3793492317199707,1.4229853
486,2.289197,0.24036846,-0.024416728,0.7715970873832703,0.16817749,2.067389965057373,1.6425478
487,2.2974813,0.16458958,-0.16040823,0.832534670829773,0.1373052,2.3342719078063965,1.2171507
488,2.171395,0.12249343,-0.10869676,0.20592962205410004,0.24643622,2.3838677406311035,1.0744532
489,2.2271628,0.08024968,-0.109441556,0.8036645650863647,0.09580967,2.4166407585144043,0.8665722
490,2.3696506,0.14962019,-0.21374467,0.7629908323287964,0.18840666,2.1423754692077637,1.9147643
491,2.281797,0.11097694,-0.29553112,0.7106465697288513,0.09872943,2.4464011192321777,0.7998385
492,2.4314194,0.13854669,-0.54824555,0.7954720258712769,0.08836827,2.376901388168335,0.83754295
493,2.2264326,0.2681009,-0.1380557,0.6344308853149414,0.19056667,2.201425790786743,1.1354785
494,2.245621,0.20367005,-0.18419915,0.5072979927062988,0.2084836,2.4090282917022705,1.2049681
495,2.159064,0.107467525,-0.10333833,0.29934558272361755,0.21710375,2.280935764312744,1.0788095
496,2.351284,0.1423102,-0.13449404,0.7847369313240051,0.18340844,2.1157073974609375,1.9306034
497,2.2421858,0.19646166,-0.09374246,0.8014700412750244,0.14441933,2.3905649185180664,1.0998678
498,2.2502315,0.16188952,-0.08076194,0.6038016080856323,0.2070844,2.353156328201294,1.213046
499,2.3185499,0.1613243,-0.05878579,0.6047509908676147,0.22544508,2.214163064956665,1.6075552
500,2.3284755,0.08072808,-0.13741472,0.7418128252029419,0.17472774,2.0925376415252686,1.3912141
501,2.2783663,0.16484027,-0.12077125,0.6966898441314697,0.1678813,2.175905227661133,1.3601408
502,2.3044846,0.08326332,-0.1474974,0.4479222297668457,0.21534607,2.3716917037963867,1.1762912
503,2.432497,0.18648496,-0.109077714,0.5600987076759338,0.2384777,2.0370001792907715,1.7953016
504,2.340969,0.20986179,-0.14115258,0.8459447026252747,0.09469562,2.1270575523376465,1.3221836
505,2.2322667,0.21637236,-0.09041434,0.7811774611473083,0.18328205,2.3168601989746094,1.360392
506,2.3959763,0.17784923,-0.10902904,0.6680137515068054,0.19241999,2.2137677669525146,1.4292341
507,2.3647318,0.1910109,-0.12908027,0.7237704992294312,0.22355825,2.0064620971679688,2.1670876
508,2.3661113,0.18887438,-0.1836037,0.672827422618866,0.2019712,2.0908915996551514,1.687946
509,2.227125,0.18751702,-0.05431287,0.56877201795578,0.16517916,2.324688673019409,0.9624222
510,2.2136486,0.1003049,-0.06858799,0.7853292226791382,0.131438,2.5898642539978027,1.071418
511,2.2404678,0.1281564,-0.05063673,0.7342723608016968,0.1840575,2.502855062484741,1.1802866
512,2.1348722,0.20752974,-0.025210163,0.7804856896400452,0.11952631,2.688218593597412,0.8839053
513,2.2166657,0.08034545,-0.03849469,0.6649901270866394,0.14339413,2.377052068710327,1.0197688
514,2.221162,0.19286822,-0.109464094,0.7472666501998901,0.14157557,2.4050114154815674,1.0485151
515,2.2912405,0.12243701,-0.03850384,0.8302249908447266,0.1360897,2.3162946701049805,1.4725748
516,2.2592118,0.19821271,-0.0378908,0.8105783462524414,0.14408985,2.184934377670288,1.500595
517,2.3520474,0.11671049,-0.17859416,0.7302265763282776,0.17195694,2.139834403991699,1.3554221
518,2.340585,0.16480638,-0.16154982,0.6825250387191772,0.19699803,2.2936153411865234,1.5723624
519,2.2498472,0.18463269,-0.07081302,0.8011049628257751,0.12750423,2.3722314834594727,1.0217718
520,2.2339158,0.23806672,-0.1263192,0.5778799057006836,0.22516723,2.3081166744232178,1.3885112
521,2.3044548,0.0698643,-0.1549303,0.85,0.070833206,2.493155002593994,1.0829712
522,2.3439803,0.18250321,-0.14550442,0.7435323596000671,0.15443441,2.269230365753174,1.3140584
523,2.32885,0.1791097,-0.11804169,0.7274061441421509,0.18046802,2.0854508876800537,1.4810842
524,2.2318969,0.11607177,-0.09941506,0.6795701384544373,0.17205706,2.5692410469055176,1.0278617
525,2.3149986,0.16917661,-0.1503489,0.7951309680938721,0.16203155,2.3146941661834717,1.2783686
526,2.310974,0.2194172,-0.12632209,0.7213274240493774,0.15101986,2.0880126953125,2.152121
527,2.2822654,0.17045912,-0.12269635,0.8338455557823181,0.10124174,2.4081830978393555,1.1293937
528,2.2853317,0.096642196,-0.09386405,0.44588348269462585,0.2442847,2.254711151123047,2.0698295
529,2.1704075,0.27115577,-0.06779185,0.5603036284446716,0.20991139,2.418060541152954,1.3534697
530,2.2826405,0.12517938,-0.092433736,0.6529750823974609,0.1872098,2.203400135040283,1.4162548
531,2.2498734,0.22963072,-0.17320314,0.7619935870170593,0.16043426,2.4716601371765137,1.1565932
532,2.2454083,0.19654228,-0.0391625,0.7896464467048645,0.17176808,2.4249496459960938,1.439439
533,2.2760832,0.18313698,-0.14488722,0.8203113675117493,0.11646322,2.570862054824829,1.0722964
534,2.264734,0.12309435,-0.091409676,0.8224872946739197,0.12201415,2.627887487411499,1.259848
535,2.2607696,0.20267163,-0.04077018,0.6514594554901123,0.17130572,2.3176591396331787,1.1893747
536,2.313235,0.012310518,-0.08351838,0.46740981936454773,0.16971065,2.283337116241455,1.0254413
537,2.2511141,0.14685284,-0.02605986,0.7782242298126221,0.16523854,2.305678606033325,1.3773103
538,2.2618175,0.16598065,-0.18786557,0.7782712578773499,0.14161833,2.591036558151245,1.0707165
539,2.2963312,0.1927224,-0.11062309,0.7161453366279602,0.18598881,2.1502814292907715,1.5560881
540,2.2556036,0.121856995,-0.11265528,0.7300007939338684,0.14744775,2.1461105346679688,1.2878108
541,2.3076332,0.15352438,-0.09868423,0.4542697072029114,0.21067898,2.067554235458374,1.5399661
542,2.2526805,0.16123945,-0.09809982,0.7425462007522583,0.17380647,2.2942185401916504,1.3545862
543,2.3189523,0.21094978,-0.118932396,0.8394210338592529,0.11354256,2.2527992725372314,1.3919345
544,2.241903,0.14850093,-0.08294916,0.740519642829895,0.15123019,2.569443464279175,0.97869706
545,2.3594732,0.08449283,-0.20811892,0.8320450186729431,0.1418704,2.65242862701416,1.1067262
546,2.3660994,0.19993615,-0.1608337,0.7209075093269348,0.17386411,2.206191062927246,1.5406969
547,2.2905679,0.2446593,-0.20049097,0.665595293045044,0.1687352,2.2147467136383057,1.3926218
548,2.2347932,0.19452104,-0.12519605,0.6786811947822571,0.19074929,2.326934337615967,1.2933381
549,2.3206034,0.15907304,-0.00720546,0.7040122747421265,0.1877415,2.0680065155029297,1.6295749
550,2.2784922,0.21060875,-0.10623195,0.4075976312160492,0.2041083,2.3157458305358887,1.2919927
551,2.262414,0.16705044,-0.13232899,0.7280296087265015,0.14198056,2.0879077911376953,1.266335
552,2.2863696,0.105224155,-0.11492786,0.7616719007492065,0.14240725,2.4496753215789795,1.1388434
553,2.3229978,0.10943722,-0.12403176,0.6364179253578186,0.1883894,2.0710389614105225,1.3862298
554,2.2688484,0.17499037,-0.08811433,0.730445921421051,0.17906247,2.4399771690368652,1.3263527
555,2.1938667,0.100561485,-0.11124327,0.43917936086654663,0.2018829,2.3317716121673584,1.0119921
556,2.3804867,0.15254678,-0.10921382,0.7930635809898376,0.17420271,2.171835422515869,1.5235277
557,2.3328595,0.15116335,-0.18144913,-0.3750002980232239,0.09260572,2.264312982559204,1.2042515
558,2.3599513,0.1431678,-0.12729998,0.8318824768066406,0.14810556,2.2032907009124756,1.6766555
559,2.28383,0.1318307,-0.040890098,0.7704485058784485,0.1475413,2.246110677719116,1.2336352
560,2.2189379,0.21892665,-0.089740284,0.8071709871292114,0.14116433,2.3773837089538574,1.1426789
561,2.2531667,0.19604714,-0.055943184,0.804946780204773,0.15453461,2.4280495643615723,1.1497002
562,2.32912,0.14368942,-0.09207174,0.6001167297363281,0.17455634,2.2847094535827637,1.22328
563,2.2983124,0.0785526,-0.123906374,0.7065398693084717,0.17823943,2.346343517303467,1.1870519
564,2.3108938,0.17404607,-0.16170165,0.6088553667068481,0.18495332,2.296779155731201,1.4175854
565,2.293791,0.18764548,-0.11065062,0.6971384286880493,0.18757232,2.143728256225586,1.5401548
566,2.264811,0.23831783,-0.16726856,0.844994843006134,0.121490665,2.266929864883423,1.4279765
567,2.2757957,0.122262985,-0.07000943,0.672862708568573,0.19001009,2.066140651702881,1.4431944
568,2.2678156,0.19467604,-0.12196006,0.7490856051445007,0.15388514,2.3159193992614746,1.0264045
569,2.335459,0.18670835,-0.19562091,0.6566681861877441,0.19681254,2.270653486251831,1.1064336
570,2.293127,0.2232761,-0.10469683,0.7315993905067444,0.16191137,2.0150294303894043,1.4086583
571,2.2879186,0.25162005,-0.05588114,0.840350866317749,0.15785399,2.3310134410858154,1.6477388
572,2.279389,0.2105885,-0.12034287,0.6037737131118774,0.24267952,2.207143783569336,1.4654808
573,2.2664914,0.19148664,-0.07541844,0.8102986812591553,0.145793,2.3216681480407715,1.1969465
574,2.2849357,0.17893831,-0.15459621,0.8309509754180908,0.12486379,2.3675601482391357,1.1335315
575,2.2224507,0.19087745,-0.079225585,0.632387101650238,0.16143215,2.3940646648406982,1.312384
576,2.2680871,0.18990731,-0.066138625,0.7844191789627075,0.13752028,2.3577282428741455,1.2849091
577,2.1676953,0.20162767,-0.058983468,0.6074203848838806,0.20161836,2.4765658378601074,1.338765
578,2.3035367,0.11679605,-0.12543179,0.0709906667470932,0.26701012,2.3131284713745117,2.0000486
579,2.2861288,0.113056704,-0.048432566,0.6600536704063416,0.1628853,2.203812599182129,1.2088876
580,2.2591803,0.23599671,-0.08390188,0.8138900995254517,0.17037748,2.3815741539001465,1.5017115
581,2.2254283,0.1960127,-0.030409258,0.8275176882743835,0.11288667,2.5701422691345215,1.2178249
582,2.3669887,0.19881971,-0.18147673,0.7963594198226929,0.16014415,2.0915942192077637,2.0772116
583,2.3493233,0.1893015,-0.17741019,0.7727510333061218,0.17395096,2.2451109886169434,1.3725085
584,2.2123818,0.17634308,-0.07738433,0.7209622859954834,0.1613801,2.3628664016723633,1.124675
585,2.32801,0.19623773,-0.16465439,0.821444571018219,0.11482353,2.5041427612304688,0.9460702
586,2.2965572,0.15893532,-0.08664138,0.6307212710380554,0.18660107,2.354753255844116,1.2678356
587,2.2820191,0.18202429,-0.025603656,0.85,0.08272936,2.435417652130127,1.3603885
588,2.3158956,0.10020483,-0.11636611,0.7189760208129883,0.16663244,2.2635514736175537,1.4062837
589,2.2824075,0.17568596,-0.109038815,0.8035274744033813,0.12830123,2.358757495880127,1.2836105
590,2.1912823,0.1595839,-0.0739594,0.6337626576423645,0.17905636,2.3470730781555176,1.2327791
591,2.2608602,0.23575939,-0.11916642,0.6952108144760132,0.18753837,2.325803279876709,1.1250253
592,2.2572618,0.11909135,-0.13147435,0.5738920569419861,0.20656039,2.189192295074463,1.4435661
593,2.2061608,0.07844469,-0.09378931,0.5342535972595215,0.1999943,2.673774480819702,0.96775883
594,2.223156,0.124113075,-0.050307848,0.5301582217216492,0.19163583,2.1819167137145996,1.2346748
595,2.2608452,0.111609794,-0.042545497,0.6669638156890869,0.16734931,2.407045602798462,1.0639333
596,2.2909303,0.0610853,-0.07989748,0.7826504111289978,0.16991906,2.120882749557495,1.4907854
597,2.3447928,0.17163247,-0.054829646,0.7891054749488831,0.1487568,2.142676830291748,1.2720518
598,2.2100892,0.22593704,-0.12761447,0.822039783000946,0.12871361,2.6189050674438477,1.0352668
599,2.3095317,0.19499573,-0.16932082,0.6891295909881592,0.17050686,2.161888599395752,1.3384949
600,2.33614,0.12196415,-0.055234905,0.708601713180542,0.17411734,2.2281978130340576,1.2187053
601,2.2621257,0.18636501,-0.1258058,0.6712228655815125,0.18079701,2.3504223823547363,1.187201
602,2.2514417,0.18361868,-0.15061463,0.689327597618103,0.18315448,2.5099968910217285,1.1602014
603,2.2012756,0.17918134,-0.061730452,0.74802166223526,0.13657753,2.417400360107422,1.155048
604,2.2770543,0.090823054,-0.12885065,0.7052996754646301,0.17028612,2.420893907546997,1.1475965
605,2.361425,0.18921328,-0.15358514,0.6957447528839111,0.1945139,2.068995714187622,1.8284485
606,2.2845876,0.19173886,-0.048863754,0.7707034349441528,0.13041586,2.1359024047851562,1.4890698
607,2.299978,0.124210015,-0.071071245,0.7537376880645752,0.17721327,2.316204786300659,1.2082855
608,2.2917864,0.14264256,-0.050606508,0.707152247428894,0.15560639,2.27636456489563,1.2108791
609,2.306136,0.18316212,-0.2092778,0.5839711427688599,0.2200323,2.2841994762420654,1.1997608
610,2.2976253,0.14012623,-0.1683554,0.8212336301803589,0.094424,2.2536110877990723,1.121107
611,2.2753117,0.18994962,-0.11011308,0.8332327604293823,0.088939354,2.3029913902282715,1.2681957
612,2.2618327,0.1397595,-0.08245145,0.830573558807373,0.1178451,2.3721230030059814,1.3170154
613,2.3584666,0.16102916,-0.12178215,0.5610941052436829,0.17694996,2.0989608764648438,1.3058554
614,2.4010494,0.16858344,-0.16267702,0.8141586184501648,0.17513752,2.13887619972229,1.9113475
615,2.255269,0.13940282,-0.10440484,0.6754516959190369,0.16573894,2.5249836444854736,1.0553045
616,2.2608547,0.17067112,-0.07547852,0.85,0.07346785,2.6380701065063477,0.97317266
617,2.2196999,0.26207846,-0.10609347,0.45288917422294617,0.23100518,2.359469175338745,1.4383278
618,2.319695,0.15967481,-0.1222758,0.6701680421829224,0.18520485,2.077195882797241,1.9278762
619,2.3307483,0.19080183,-0.12136926,0.8154067397117615,0.15170059,2.2206716537475586,1.7712523
620,2.3014262,0.104603864,-0.06662306,0.7424549460411072,0.17641352,2.3025264739990234,1.2896184
621,2.281101,0.10793261,-0.0370587,0.7941873073577881,0.13723885,2.422551155090332,1.1706004
622,2.3314,0.2212707,-0.14172809,0.7940548658370972,0.15061872,2.3779947757720947,1.2536255
623,2.4332325,0.07358088,-0.1946524,0.8350964188575745,0.15455866,2.313000202178955,1.2650048
624,2.262008,0.2616942,-0.045302585,0.6352183818817139,0.17587987,2.297462224960327,1.396753
625,2.2855928,0.19937041,-0.18239132,0.6854047775268555,0.16387734,2.324328660964966,1.0936909
626,2.3131366,0.16035788,-0.095608294,0.8068594932556152,0.1867903,2.1081838607788086,1.4632388
627,2.2495925,0.10566517,-0.18705395,0.5124367475509644,0.1612244,2.424013614654541,1.0022392
628,2.2379453,0.21441032,-0.06606755,0.8292609453201294,0.13130705,2.3987762928009033,1.1563776
629,2.2999744,0.1903989,-0.07471764,0.6778953075408936,0.1975058,2.2018978595733643,2.0757701
630,2.354389,0.14356485,-0.036490593,0.6035332679748535,0.17633231,2.038123369216919,1.6506627
631,2.392787,0.15212896,-0.120986894,0.4141107201576233,0.24628702,2.0327696800231934,1.9416224
632,2.3334775,0.18526433,-0.18994884,0.7099331617355347,0.19391467,2.315762758255005,1.4624528
633,2.3137798,0.09835889,-0.10946868,0.6706945300102234,0.17983754,2.2232513427734375,1.433618
634,2.2705615,0.13677962,-0.081543274,0.6431934237480164,0.15553652,2.350339651107788,1.1707273
635,2.3753705,0.21567023,-0.064274676,0.7525814771652222,0.19052818,1.9974404573440552,1.7772441
636,2.220347,0.1845093,-0.10632648,0.6046754121780396,0.17916341,2.2607104778289795,1.3615593
637,2.2950983,0.11599393,-0.17397414,0.7433608174324036,0.16061525,2.498357057571411,1.0592716
638,2.2374482,0.21006893,-0.04573904,0.7202901244163513,0.17540173,2.372903347015381,1.1934422
639,2.3113556,0.17512764,-0.1316976,0.6218727827072144,0.18822576,2.1240615844726562,1.3319862
640,2.2665207,0.16576624,-0.2022706,0.5378466844558716,0.22238901,2.3202219009399414,1.4132694
641,2.33163,0.20839407,-0.17921959,0.8357034921646118,0.101689465,2.35795521736145,1.2915667
642,2.3207986,0.20329694,-0.06353865,0.8379269242286682,0.14159872,2.1739890575408936,1.6029737
643,2.3612287,0.1453068,-0.14588073,0.6988353729248047,0.19695196,2.148960828781128,1.4651943
644,2.2744148,0.14358442,-0.1273361,0.7356855869293213,0.18062241,2.2225723266601562,1.4358959
645,2.2223816,0.17236938,-0.09072745,0.6558333039283752,0.19487931,2.3842098712921143,1.513333
646,2.3063376,0.13867787,-0.21222459,0.8306459784507751,0.078867465,2.6247270107269287,0.9598123
647,2.3377032,0.18144883,-0.13210656,0.6516005396842957,0.2016932,2.353336811065674,1.704551
648,2.3398454,0.20359197,-0.13094036,0.5696871876716614,0.19844475,2.0428004264831543,1.5482535
649,2.3329115,0.08961724,-0.044634268,0.7401646375656128,0.16235356,2.1740031242370605,1.3939577
650,2.3990095,0.12508972,-0.16945489,0.7136492133140564,0.18475424,2.0869648456573486,1.5832198
651,2.3427489,0.11052901,-0.061853,0.7329157590866089,0.1441647,2.2388596534729004,1.2945126
652,2.187392,0.1866802,-0.05655408,0.8001810312271118,0.13429557,2.6624937057495117,0.8597568
653,2.2956975,0.1147081,-0.16684511,0.4369821548461914,0.22045192,2.2971460819244385,1.1956108
654,2.2699854,0.17847311,-0.11981558,0.8489824533462524,0.08382394,2.2513654232025146,2.0179663
655,2.326462,0.142125,-0.10561206,0.6635295748710632,0.13995823,2.4009644985198975,1.1236564
656,2.3556738,0.21658365,-0.13486078,0.8289476633071899,0.10136137,2.034829616546631,2.3380501
657,2.3902292,0.016321898,-0.13701016,0.7855073809623718,0.13731663,2.1055123805999756,1.4664729
658,2.264688,0.15166721,-0.16985816,0.4570319354534149,0.2772386,2.3133113384246826,1.0733832
659,2.3265603,0.11434714,-0.059940614,0.7371169924736023,0.14324966,2.0945792198181152,1.5179466
660,2.3130221,0.2144074,-0.12771966,0.600649356842041,0.1881444,2.153871774673462,1.3389244
661,2.3362787,0.21995085,-0.14796954,0.7998884916305542,0.13346162,2.3533935546875,1.3692297
662,2.2611444,0.10860896,-0.08313114,0.85,0.06927909,2.2131969928741455,1.4689351
663,2.2975438,0.12952,-0.006364531,0.811966061592102,0.18323675,2.0500338077545166,1.7820467
664,2.3310137,0.08244063,-0.14867719,0.7798182964324951,0.14924142,2.1993186473846436,1.3596672
665,2.2778556,0.16161148,-0.16388483,0.8225496411323547,0.11312172,2.445213556289673,1.1192237
666,2.2049427,0.14110717,-0.11981497,0.5844433903694153,0.1990691,2.618844509124756,0.9718428
667,2.3223484,0.11096878,-0.12618215,0.7845858335494995,0.18135542,2.4048614501953125,1.2605797
668,2.300901,0.1986517,-0.12042351,0.6273617744445801,0.18184258,2.093829870223999,1.4386777
669,2.3054218,0.13109866,-0.14609618,0.8031626343727112,0.12323294,2.6390438079833984,1.0623239
670,2.2270055,0.15898532,-0.05927545,0.6997912526130676,0.16249904,2.398867130279541,1.2903897
671,2.3056476,0.19714168,-0.18018481,0.6488981246948242,0.22761261,2.2938125133514404,1.3897445
672,2.2742565,0.13479625,-0.12267629,0.5664620399475098,0.18567246,2.414919376373291,1.0457482
673,2.28235,0.0768521,-0.33763406,0.22315073013305664,0.18408428,2.335214138031006,0.89291775
674,2.2996185,0.19268735,-0.16717592,0.6793975830078125,0.1733379,2.1867196559906006,1.3146731
675,2.2885964,0.18217999,-0.14742053,0.706409752368927,0.17206368,2.274158239364624,1.2248752
676,2.323739,0.119008966,-0.16925526,0.5393549203872681,0.2140059,2.316514253616333,1.27527
677,2.303707,0.12533222,-0.11190123,0.752850353717804,0.15742557,2.1766152381896973,1.2414694
678,2.2447605,0.17179216,-0.13659406,0.7280242443084717,0.16810636,2.3768351078033447,1.0847136
679,2.3467155,0.10950405,-0.13791321,0.8456817865371704,0.10202138,2.423698902130127,1.4823692
680,2.2854106,0.1675517,-0.08410474,0.735801637172699,0.14311835,2.3086256980895996,1.11411
681,2.2882204,0.1764559,-0.084736064,0.6229311227798462,0.17728849,2.152273416519165,1.4152043
682,2.3899794,0.19529037,-0.16175969,0.8459702134132385,0.09166534,2.339184045791626,1.5144365
683,2.189037,0.20411682,-0.08291145,0.6772163510322571,0.1349421,2.54555606842041,0.96366966
684,2.335185,0.194775,-0.223122,0.7183429002761841,0.18911594,2.1541364192962646,1.4003999
685,2.2948902,0.19141747,-0.13544698,0.7884076237678528,0.15662928,2.2117886543273926,1.3238475
686,2.1912856,0.1101348,-0.11893397,0.63527911901474,0.1585915,2.3879194259643555,0.98963785
687,2.2537763,0.16370845,-0.08116024,0.678569495677948,0.20670964,2.3453290462493896,1.3588017
688,2.36607,0.14844878,-0.0862268,0.7908934354782104,0.10501394,1.999299168586731,1.6678231
689,2.3213851,0.19450164,-0.17008409,0.6508560180664062,0.16704711,2.115586042404175,1.1652386
690,2.2909665,0.21186115,-0.21751237,0.7906052470207214,0.13574558,2.5153918266296387,1.0275085
691,2.3076723,0.19808167,-0.19713053,0.47216805815696716,0.27643925,2.1935760974884033,1.4044465
692,2.2664654,0.1770312,-0.036837507,0.7077801823616028,0.16111808,2.2994728088378906,1.2528265
693,2.3188174,0.09114432,-0.11481569,0.7498353123664856,0.14484301,2.339662790298462,1.157631
694,2.3402019,0.18882024,-0.10947552,0.8397676348686218,0.14435388,2.1140167713165283,1.4439564
695,2.2398236,0.19263622,-0.017968526,0.7347175478935242,0.15394224,2.1743557453155518,1.0980549
696,2.244023,0.22211437,-0.055571612,0.6639922261238098,0.21777888,2.233943462371826,1.4176925
697,2.2564325,0.058846537,-0.068807065,0.697407603263855,0.1537672,2.168776512145996,1.1478033
698,2.282878,0.17565143,-0.15760233,0.7607429027557373,0.11440578,2.454925060272217,0.847131
699,2.2244916,0.12152655,-0.23591204,0.45331713557243347,0.19485052,2.4597856998443604,0.86293066
700,2.2182827,0.09886768,-0.1452009,0.4130919873714447,0.2232841,2.628278970718384,1.0062908
701,2.2341464,0.20424706,-0.16082147,0.5662665367126465,0.1700818,2.4141170978546143,0.9815411
702,2.372827,0.153057,-0.13085416,0.7128887176513672,0.1969493,2.1733176708221436,1.6540115
703,2.2667813,0.21857594,-0.10507868,0.8494734764099121,0.11194071,2.291478157043457,1.2751335
704,2.2449267,0.14872819,-0.12497549,0.8406636118888855,0.10475222,2.4497885704040527,1.0304842
705,2.3965993,0.17200749,-0.12273959,0.8049145936965942,0.16668175,2.134554624557495,1.3196917
706,2.2086682,0.13795878,-0.0070061185,0.7936562895774841,0.14466326,2.4146721363067627,1.048263
707,2.2856224,0.14633214,-0.09433835,-0.025257376953959465,0.19547847,2.2002317905426025,1.4372563
708,2.2157283,0.22515938,-0.20245032,0.39601150155067444,0.23050295,2.3150925636291504,1.2043824
709,2.2987337,0.17059502,-0.04635632,0.7903686165809631,0.16386718,2.3493080139160156,1.5806397
710,2.2880564,0.22753352,-0.016774695,0.7975210547447205,0.15817638,2.279857635498047,1.4895844
711,2.2605746,0.17450778,-0.11142945,0.8340358734130859,0.11764592,2.2884790897369385,1.2252907
712,2.391802,0.1452681,-0.15939173,0.7084575295448303,0.0959957,2.0824718475341797,1.538175
713,2.2460139,0.1079222,-0.09066041,0.5091404318809509,0.19559228,2.2785868644714355,1.2649033
714,2.3875833,0.1770187,-0.24468902,0.8103091716766357,0.1461365,2.271454095840454,1.2449433
715,2.319132,0.19104904,-0.122267015,0.7111144661903381,0.16193448,2.1016688346862793,1.3126341
716,2.1000824,0.25016394,-0.12844083,0.4129261076450348,0.2278215,2.758232355117798,0.9369895
717,2.2394564,0.1583691,-0.10402139,0.6997715830802917,0.19325891,2.4121110439300537,1.1643836
718,2.1938884,0.14900486,-0.043456014,0.2851638197898865,0.18971714,2.4809792041778564,1.0644767
719,2.3524287,0.205843,-0.14886132,0.6522422432899475,0.20088226,2.2260711193084717,1.5428433
720,2.3502636,0.18727545,-0.10964569,0.8480265140533447,0.08691116,2.06540846824646,1.4106433
721,2.2045295,0.15168908,-0.06925811,0.768622636795044,0.16262469,2.205872058868408,1.349187
722,2.2950418,0.0457757,-0.07114407,0.5463531613349915,0.24597058,2.3102006912231445,1.6255755
723,2.164842,0.116802536,-0.08517525,0.6659389734268188,0.15918952,2.6787984371185303,0.82220435
724,2.2394974,0.23607999,-0.07805897,0.7881816625595093,0.15352945,2.3719422817230225,1.0685854
725,2.236579,0.23155876,-0.065011665,0.6271526217460632,0.20164293,2.316720724105835,1.3895408
726,2.2611408,0.13283905,-0.074257314,0.5960495471954346,0.2266206,2.332777261734009,1.1564413
727,2.2332222,0.17259638,-0.11458531,0.5695078372955322,0.14434364,2.3122434616088867,1.0931005
728,2.4404252,0.12861662,-0.18000425,0.7887150645256042,0.14955951,2.0838968753814697,1.762713
729,2.3831875,0.14086667,-0.16930956,0.8472275733947754,0.09446779,2.3111302852630615,1.5324903
730,2.2668335,0.12421514,-0.07369219,0.7128654718399048,0.19484136,2.3183839321136475,1.3279611
731,2.2326293,0.20820676,-0.1405296,0.6741709113121033,0.18413483,2.325897693634033,1.3114154
732,2.394241,0.19253068,-0.17300247,0.8278798460960388,0.12064374,2.09285569190979,1.5711254
733,2.134486,0.17230411,-0.019048871,0.46719443798065186,0.21339436,2.4719603061676025,0.97427654
734,2.3051486,0.25138882,-0.20037179,0.5517204403877258,0.21263616,2.2285714149475098,1.4288799
735,2.3118913,0.20471248,-0.062692985,0.5855447053909302,0.17240635,2.1016082763671875,1.4320163
736,2.2774699,0.20111643,0.002288402,0.734860360622406,0.18908809,2.393510341644287,1.4051435
737,2.2083778,0.24606086,-0.08241534,0.7444311380386353,0.1483041,2.422041416168213,0.9973577
738,2.2972503,0.16732724,-0.12456242,0.7954027056694031,0.15056433,2.3116447925567627,1.2185926
739,2.3769653,0.087415904,-0.15558447,0.7863848209381104,0.13111936,2.1533901691436768,1.4324687
740,2.2572913,0.21847397,-0.10724411,0.7526455521583557,0.16324499,2.3255743980407715,1.2957381
741,2.3236375,0.152943,-0.1957231,0.7620062828063965,0.16957916,2.5272445678710938,1.1792836
742,2.4068432,0.19564632,-0.09765386,0.6715893745422363,0.24709821,2.206294059753418,1.8404726
743,2.271579,0.21502696,-0.12961483,0.6593586206436157,0.19058315,2.1354851722717285,1.7984816
744,2.295729,0.15827101,-0.19317785,0.8169820308685303,0.12267307,2.2469468116760254,1.1808197
745,2.273383,0.118618615,-0.11687837,0.7430128455162048,0.18951485,2.308610677719116,1.3424728
746,2.3907971,0.12501958,-0.13065132,0.7395588755607605,0.1785169,2.29179310798645,1.3363949
747,2.240363,0.16759194,-0.08642337,0.7915440201759338,0.14250293,2.368309497833252,1.2603732
748,2.2377517,0.20117128,-0.1457458,0.466099351644516,0.17275192,2.431084632873535,1.0555686
749,2.1502516,0.18006703,-0.1330066,0.3578309118747711,0.20035845,2.3598129749298096,1.0205634
750,2.229765,0.21203509,-0.0857482,0.7507443428039551,0.1546084,2.1752727031707764,1.392256
751,2.2841797,0.1839,-0.1280104,0.6336174011230469,0.17606968,2.3442113399505615,0.9936692
752,2.3879762,0.06435372,-0.1077099,0.8298866152763367,0.12586151,2.420116662979126,1.1648998
753,2.3270419,0.14441982,-0.19891524,0.6813047528266907,0.18185174,2.1381728649139404,1.3918762
754,2.3023129,0.1663055,-0.09353982,0.722183346748352,0.18307227,2.276667833328247,1.2580824
755,2.2293487,0.18741804,-0.05321575,0.7194696664810181,0.16306092,2.183856964111328,1.3992957
756,2.3402102,0.17764874,-0.07454871,0.7481103539466858,0.17010956,2.2995831966400146,1.2045896
757,2.2433703,0.22125712,-0.12766221,0.7218521237373352,0.17684364,2.5559561252593994,0.9782889
758,2.2160618,0.17776263,-0.102936395,0.5981538891792297,0.1955117,2.362894058227539,1.2082313
759,2.2993546,0.147657,-0.16616048,0.5838502049446106,0.15688029,2.198546886444092,1.2147795
760,2.3247817,0.13694124,-0.12102327,0.7138382792472839,0.16881438,2.184656858444214,1.6127498
761,2.2703435,0.21970735,-0.083246835,0.519417405128479,0.20324384,2.095470428466797,1.3731998
762,2.342485,0.22546394,-0.1256183,0.8413503766059875,0.13306336,2.093949317932129,1.8428636
763,2.3243861,0.27062255,-0.09004977,0.8236080408096313,0.16793296,2.16357684135437,1.6284878
764,2.2028816,0.1691866,-0.022262571,0.5652976632118225,0.18419711,2.3133513927459717,1.0857415
765,2.3637223,0.15161385,-0.1755625,0.8170334696769714,0.13929757,2.150254964828491,1.280336
766,2.2477386,0.17866856,-0.07428436,0.7373707890510559,0.16133407,2.4578065872192383,1.1198912
767,2.3180275,0.09126477,-0.10614736,0.8086078763008118,0.12235162,2.330146551132202,1.1769745
768,2.2891443,0.18225595,-0.062622234,0.8259422183036804,0.09536519,2.4464991092681885,1.2065184
769,2.3212752,0.18198396,-0.12529247,0.7158678770065308,0.18395706,2.096911907196045,1.6098199
770,2.351113,0.12219099,-0.14966424,0.607947051525116,0.15055145,2.0590569972991943,1.5474428
771,2.29527,0.18579865,-0.13849846,0.5678973197937012,0.17384127,2.160275936126709,1.35863
772,2.2524903,0.1042319,-0.14431472,0.6108909249305725,0.1602001,2.2610433101654053,0.99380636
773,2.262794,0.17886274,-0.051249962,0.7930188179016113,0.11779202,2.1790542602539062,1.2937772
774,2.3615813,0.13739574,-0.13737081,0.7607845664024353,0.14053327,2.0749621391296387,1.2305756
775,2.2722075,0.26801604,-0.08607866,0.6815309524536133,0.15422516,2.0929596424102783,1.4429629
776,2.297196,0.14557347,-0.13552828,0.85,0.08267526,2.449765205383301,1.0259213
777,2.2317762,0.20796531,-0.08897687,0.7292328476905823,0.16138679,2.470977783203125,1.2720692
778,2.2117214,0.27163884,-0.13392405,0.735957682132721,0.15984263,2.330564260482788,1.3279713
779,2.2768395,0.2551957,-0.13586156,0.7638288736343384,0.13964026,2.2561025619506836,1.4375126
780,2.3635285,0.19888097,-0.16568841,0.7812104225158691,0.17072189,2.0587668418884277,1.9242333
781,2.2072017,0.14951731,-0.07351009,0.5003650188446045,0.21818921,2.330596923828125,1.0600317
782,2.310974,0.20032097,-0.1444744,0.6595187783241272,0.17168677,2.0970523357391357,1.3488202
783,2.2717435,0.17463185,-0.09136535,0.7564563155174255,0.18165368,2.136826753616333,1.4140016
784,2.3055956,0.13724265,-0.09910002,0.6406745910644531,0.21408716,2.2447280883789062,1.5034657
785,2.2880967,0.10380364,-0.1024563,0.8130691051483154,0.124302834,2.2867305278778076,1.3352909
786,2.3430378,0.025154494,-0.045782443,0.7243282198905945,0.14106762,2.1690447330474854,1.1675674
787,2.2940416,0.18847953,-0.06254424,0.8240270018577576,0.15859324,2.328134536743164,1.565417
788,2.3153713,0.17198905,-0.11967864,0.8033542037010193,0.16846952,2.187131404876709,1.4006761
789,2.1983209,0.13484518,-0.08389208,0.5487438440322876,0.14964953,2.3216445446014404,1.1663451
790,2.384791,0.16840953,-0.16919547,0.771295428276062,0.16481543,2.0738043785095215,1.6310079
791,2.3124967,0.2554041,-0.18477885,0.787749707698822,0.14441934,2.4540445804595947,1.2754072
792,2.3320932,0.21575025,-0.12455114,0.7815885543823242,0.18135455,2.1843795776367188,1.6843032
793,2.2161078,0.21704696,-0.045323372,0.4988119602203369,0.21354966,2.3992624282836914,1.2366713
794,2.3552759,0.21355961,-0.1449359,0.7152655720710754,0.18833339,2.0730440616607666,1.8862216
795,2.3411043,0.104436815,-0.1288928,0.8221978545188904,0.114735365,2.40686297416687,1.3627114
796,2.302874,0.18140434,-0.16132218,0.6188780665397644,0.20051076,2.1948347091674805,1.293107
797,2.3205464,0.1097348,-0.081125736,0.69864422082901,0.14741896,2.3453149795532227,1.2192433
798,2.277062,0.12094707,-0.009014839,0.5429010987281799,0.16147779,2.339520215988159,1.1886055
799,2.308579,0.15959159,-0.21185759,0.8185130953788757,0.12702371,2.383435010910034,1.120814
800,2.2173135,0.22485812,-0.011249671,0.6721127033233643,0.19349417,2.266387462615967,1.3182607
801,2.2445803,0.05139345,-0.07469117,0.6862010359764099,0.17806429,2.307695150375366,1.1209549
802,2.3169043,0.14945368,-0.012684223,0.6145963668823242,0.19405845,2.068256139755249,1.3372955
803,2.2792037,0.19207364,-0.041202907,0.8373233079910278,0.09204972,2.361828088760376,1.2123815
804,2.1428783,0.20785694,0.04445408,0.7179086208343506,0.16187288,2.2116215229034424,1.3032757
805,2.3290474,0.13503231,-0.14636125,0.6630522608757019,0.18839218,2.368393898010254,1.225135
806,2.3169699,0.13701099,-0.12099436,0.7807509303092957,0.14713714,2.133458375930786,1.4376161
807,2.2012846,0.18632613,-0.08467799,0.6857452988624573,0.19955255,2.4011402130126953,1.2904756
808,2.3395576,0.16717042,-0.1200326,0.7587025761604309,0.18490595,2.062485456466675,1.8196362
809,2.3083782,0.21798567,-0.16868968,0.8251238465309143,0.112803146,2.4096500873565674,1.1436795
810,2.3231056,0.2124757,-0.0028319962,0.5947871208190918,0.2165846,2.1297287940979004,1.7035911
811,2.1840868,0.07349588,-0.12149501,0.35608044266700745,0.23690896,2.4511396884918213,0.9435885
812,2.335887,0.21465291,-0.11463882,0.7375549674034119,0.17712684,2.124518394470215,1.6952263
813,2.375448,0.20118654,-0.05660802,0.837001621723175,0.20205027,2.138580799102783,2.0756378
814,2.280212,0.14765471,-0.0871565,0.5499825477600098,0.19055645,2.2099497318267822,1.4832549
815,2.3106647,0.10117054,-0.10790046,0.8330967426300049,0.12555408,2.2293694019317627,1.3372208
816,2.332982,0.12159471,-0.15126899,0.7490676045417786,0.13714392,2.3495187759399414,1.1692306
817,2.2701683,0.13642554,-0.10179573,0.7083655595779419,0.1668651,2.271986722946167,1.1732169
818,2.274944,0.08838854,-0.13245758,0.5905529260635376,0.15978792,2.3279404640197754,1.0862658
819,2.40066,0.24123384,-0.12126635,0.5667056441307068,0.24356002,2.0239439010620117,1.9304129
820,2.2788167,0.13052066,-0.18312752,0.8384705185890198,0.10276442,2.586843729019165,1.2225151
821,2.3824484,0.13065128,-0.24192922,0.689186155796051,0.19848372,2.326622724533081,1.4745222
822,2.2443027,0.19247432,-0.046899114,0.6778944730758667,0.18374524,2.3303418159484863,1.3859464
823,2.3612502,0.117332935,-0.14095514,0.7269566059112549,0.15801851,2.1252806186676025,1.4880108
824,2.2933576,0.13492364,-0.25759792,0.7864840030670166,0.10136018,2.6980066299438477,0.9003477
825,2.3243532,0.10751115,-0.09632355,0.638726532459259,0.18825516,2.062417984008789,1.2730497
826,2.2875893,0.18412122,-0.15678166,0.7605242729187012,0.18499996,2.317936658859253,1.4211245
827,2.3561013,0.15662944,-0.13869995,0.8207577466964722,0.105193056,1.9815744161605835,1.606488
828,2.31092,0.19355439,-0.19240099,0.625750720500946,0.2344,2.1252965927124023,1.8240826
829,2.4197652,0.07098597,-0.12406607,0.7000635266304016,0.16622117,2.052389621734619,1.4945967
830,2.2882812,0.195301,-0.104058094,0.7760626077651978,0.15542701,2.3009960651397705,1.3321779
831,2.2705257,0.20679797,-0.1801347,0.7560211420059204,0.13917454,2.3761167526245117,1.0412211
832,2.3200133,0.15036514,-0.24496564,0.6773085594177246,0.19610935,2.33333420753479,1.3355434
833,2.2845228,0.1842629,-0.1492729,0.8353797793388367,0.11442331,2.508327007293701,1.0588367
834,2.408652,0.114365846,-0.1909641,0.6755262613296509,0.20619923,2.0839145183563232,1.596586
835,2.3233848,0.18368325,-0.08289624,0.7297602891921997,0.19379143,2.0467569828033447,2.249625
836,2.273144,0.1991688,-0.08835209,0.8380096554756165,0.11946002,2.3903536796569824,1.3668019
837,2.3101037,0.14127077,-0.15936148,0.8376159071922302,0.13303186,2.2393410205841064,1.2109098
838,2.2084954,0.119530655,-0.012064637,0.665164589881897,0.115114145,2.2878360748291016,1.0966599
839,2.2846622,0.12761948,-0.05420011,0.7522850036621094,0.15142651,2.1304736137390137,1.6316975
840,2.2975986,0.18527775,-0.1272005,0.8212952613830566,0.098440036,2.170222520828247,1.2147802
841,2.2900026,0.22420189,-0.11645815,0.6821810007095337,0.18836406,2.082752227783203,1.4588985
842,2.3052669,0.0066260854,-0.08135929,0.8025454878807068,0.12778524,2.585975170135498,1.1054698
843,2.3447223,0.1342573,-0.15300187,0.7921375036239624,0.12865403,2.3959269523620605,1.2767504
844,2.2621784,0.11862412,-0.007703567,0.7128264307975769,0.15784284,2.269766092300415,1.3655286
845,2.242077,0.18428856,-0.12823485,0.46412351727485657,0.24569605,2.43295955657959,1.200553
846,2.1974425,0.20477538,-0.09795715,0.7800816893577576,0.14782825,2.189208745956421,1.1883408
847,2.3283603,0.193501,-0.12454876,0.8071786761283875,0.12239103,2.206343412399292,1.5449264
848,2.2038581,0.2103317,-0.01796619,0.6268078088760376,0.176154,2.283015727996826,1.1279479
849,2.302216,0.15396118,-0.19144982,0.7123152017593384,0.15058988,2.3300397396087646,1.0712769
850,2.326794,0.18694544,-0.18973714,0.6737040877342224,0.1734106,2.171541690826416,1.3034185
851,2.346255,0.22888237,-0.21608895,0.8244373798370361,0.12972067,2.003551959991455,1.8109416
852,2.3507698,0.15276277,-0.33101258,0.5518550276756287,0.20956112,2.3162946701049805,1.4154513
853,2.2381825,0.18798713,-0.031112855,0.8367526531219482,0.1086977,2.352933645248413,1.3623735
854,2.323996,0.028981207,-0.1610289,0.7567276358604431,0.14911027,2.297969102859497,1.1366522
855,2.2335458,0.13458343,-0.17596683,0.7727794051170349,0.15688965,2.4187204837799072,0.94946325
856,2.2435415,0.07025091,-0.17854908,0.3687227964401245,0.27283734,2.345142364501953,1.4009954
857,2.2609472,0.16710015,-0.09183028,0.42510658502578735,0.22485566,2.3821704387664795,1.3987061
858,2.314834,0.18063268,-0.12007953,0.5039679408073425,0.21044178,2.077564239501953,1.505022
859,2.2392561,0.13457988,-0.1773985,0.61087965965271,0.1292128,2.375094413757324,0.9781016
860,2.3344529,0.094564624,-0.17889301,0.7207661867141724,0.17376444,2.3874964714050293,1.0895026
861,2.3466303,0.06387719,-0.1278229,0.6761423945426941,0.18653865,2.4265267848968506,1.3492651
862,2.272293,0.19545344,-0.086908,0.7830392122268677,0.14981362,2.2110793590545654,1.5360037
863,2.3209827,0.18117906,-0.1103698,0.7043249607086182,0.14336354,2.168567419052124,1.4278564
864,2.2406073,0.15420173,-0.20890704,0.5510596632957458,0.14741373,2.789217233657837,0.7863328
865,2.2942908,0.25908458,-0.12350752,0.5506162047386169,0.22140495,2.092512845993042,1.7346636
866,2.3282585,0.21880853,-0.090814404,0.8152086138725281,0.13358992,2.258816957473755,1.3889155
867,2.3994992,0.0415593,-0.1425347,0.8474791049957275,0.11552877,2.2710773944854736,1.2538656
868,2.2590475,0.1671867,-0.12935866,0.8403863906860352,0.11575724,2.301873207092285,1.2073054
869,2.3052301,0.17479038,-0.040279664,0.7835774421691895,0.16783467,2.3052220344543457,1.3760197
870,2.2491968,0.13722919,-0.15438594,0.5016837120056152,0.15938911,2.2856438159942627,1.0131776
871,2.3086965,0.13928753,-0.15695192,0.664194643497467,0.18706714,2.332791566848755,1.4906435
872,2.3511686,0.07184758,-0.10644284,0.8375863432884216,0.061676815,2.374877452850342,1.3180084
873,2.394995,0.1786909,-0.12140793,0.5888394117355347,0.22290534,2.171159267425537,1.6957761
874,2.240567,0.17711903,-0.13758707,0.639404833316803,0.1883123,2.3954079151153564,1.1149292
875,2.2293587,0.14815885,-0.13289256,0.8178237080574036,0.08865143,2.7283406257629395,1.0785403
876,2.1577508,0.14863555,-0.06380779,0.6969871520996094,0.1546647,2.3336050510406494,1.0047916
877,2.378031,0.14778487,-0.058620237,0.7708789706230164,0.17052723,2.2201461791992188,1.5505989
878,2.2768,0.1471968,-0.07611596,0.6159934997558594,0.18330164,2.281816244125366,1.1345936
879,2.2571595,0.09842848,-0.1283552,0.42425206303596497,0.24048536,2.4491841793060303,1.3524059
880,2.2838035,0.069766894,-0.20826584,0.6610277891159058,0.16139337,2.3149361610412598,1.1556107
881,2.2855725,0.1925389,-0.2815419,0.6011149883270264,0.18323496,2.253605365753174,1.0781211
882,2.1581092,0.21364817,-0.10630573,0.7582003474235535,0.14529498,2.4635472297668457,1.0461679
883,2.2251954,0.25795802,-0.1029353,0.8392215371131897,0.16049711,2.237865924835205,1.4849504
884,2.2406144,0.21398196,-0.07619799,0.6230893731117249,0.15463704,2.414895534515381,1.0111368
885,2.2406087,0.16905646,-0.14714712,0.6529524326324463,0.19011115,2.4189019203186035,1.2688658
886,2.2837005,0.17316552,-0.14662817,0.7987077832221985,0.119815044,2.6257736682891846,1.1778914
887,2.3055742,0.13469535,-0.033633266,0.5037692785263062,0.23982506,2.0629963874816895,1.829591
888,2.3073509,0.16754475,-0.11863022,0.6693686842918396,0.20538434,2.135852575302124,1.6019882
889,2.3304327,0.15819986,-0.119208485,0.697553277015686,0.1264379,2.034853458404541,1.4210196
890,2.2444015,0.12018274,-0.081367165,0.8186696767807007,0.14779994,2.502622604370117,1.0862837
891,2.2427006,0.17781563,-0.16310646,0.6652768850326538,0.16935638,2.3208508491516113,1.3346626
892,2.2841527,0.11970299,-0.09860178,0.382042795419693,0.21506502,2.0705559253692627,1.4505622
893,2.325381,0.21691588,-0.17162967,0.8039363026618958,0.15060046,2.3871302604675293,1.2717824
894,2.26107,0.123277366,-0.15476973,0.7114152908325195,0.17092903,2.243922233581543,1.1489304
895,2.2616029,0.10020596,-0.080854416,0.7997112274169922,0.19798748,2.470689296722412,1.3473341
896,2.256482,0.19200456,-0.10151186,0.729454755783081,0.19456482,2.313373327255249,1.3864148
897,2.3007207,0.13858108,-0.15065172,0.7478934526443481,0.15151104,2.2596704959869385,1.2478231
898,2.2367966,0.16920575,-0.15174174,0.7505562901496887,0.16794816,2.223503351211548,1.3174634
899,2.304702,0.26522985,-0.25924075,0.7731785178184509,0.16699724,2.414788246154785,1.2703615
900,2.2895308,0.19229755,-0.16426133,0.713019073009491,0.17310174,2.3587615489959717,1.2002504
901,2.3189127,0.081098154,-0.17741734,0.5115498304367065,0.21914673,2.34706711769104,1.1896365
902,2.2783494,0.15442964,-0.1001932,0.7153041958808899,0.17604962,2.1718711853027344,1.2358755
903,2.2970078,0.1898628,-0.15026279,0.7149033546447754,0.16879743,2.333956003189087,1.1981617
904,2.1878276,0.23763202,-0.06115992,0.7507003545761108,0.13624841,2.4237635135650635,1.1194764
905,2.3178518,0.18661878,-0.102298774,0.5751769542694092,0.20443742,2.118776321411133,1.3284861
906,2.240871,0.10903541,-0.08083536,0.6454653143882751,0.17252739,2.259258270263672,1.1559919
907,2.2507744,0.14295891,-0.118870236,0.7750712633132935,0.15231179,2.4269323348999023,1.1505365
908,2.288297,0.17740439,-0.15288341,0.8333549499511719,0.16122343,2.1799356937408447,1.4464753
909,2.228801,0.17430022,-0.11693748,0.4940238893032074,0.24734125,2.370410919189453,1.625563
910,2.295936,0.14731899,-0.03955264,0.7688844799995422,0.12346286,2.1462855339050293,1.3228958
911,2.3038478,0.09981904,-0.17800473,0.7388285994529724,0.15515228,2.4089155197143555,1.0002671
912,2.2961106,0.0865704,-0.08620599,0.7168747782707214,0.17266041,2.52358078956604,1.0363073
913,2.3484547,0.13485214,-0.12654667,0.8028919100761414,0.14061244,2.444967746734619,1.3965319
914,2.271691,0.14886263,-0.1628081,0.5919142365455627,0.16698255,2.473114490509033,0.9908714
915,2.361045,0.1838361,-0.14032836,0.572913646697998,0.22042748,2.0280752182006836,2.3246434
916,2.3089654,0.056680225,-0.10860617,0.7179777026176453,0.13059501,2.3540523052215576,1.0634562
917,2.1961944,0.13195089,-0.08433304,0.5479277968406677,0.17431559,2.209345579147339,1.1054268
918,2.229773,0.11979391,-0.06728246,0.5916515588760376,0.21381877,2.2059638500213623,1.3760265
919,2.2928956,0.19416998,-0.12225679,0.5590810775756836,0.15886313,2.3023414611816406,1.227988
920,2.3253267,0.09936118,-0.08804718,0.8247460126876831,0.1289417,2.15389347076416,1.2686024
921,2.388691,0.16638769,-0.19122227,0.825894832611084,0.16022843,2.019207239151001,1.7460655
922,2.2785656,0.06382167,-0.08507474,0.7211107611656189,0.140815,2.3270843029022217,1.1792928
923,2.4806147,0.13482279,-0.19348097,0.7730240225791931,0.16557331,2.110628604888916,1.5429138
924,2.2381847,0.22034158,-0.108788975,0.7965717911720276,0.15359762,2.2653844356536865,1.346908
925,2.352073,0.17389658,-0.141164,0.8289022445678711,0.13721669,2.1330389976501465,1.3563849
926,2.3837178,0.14835444,-0.13122992,0.7630208730697632,0.15743907,2.3260903358459473,1.4651445
927,2.291953,0.20641287,-0.10115212,0.5799366235733032,0.18554407,2.3568859100341797,1.2115475
928,2.3207695,0.16154851,-0.24552552,0.4063590168952942,0.17627056,2.2106261253356934,1.2051722
929,2.4219737,0.104356974,-0.14801916,0.8235502243041992,0.1596992,2.1574981212615967,1.8772322
930,2.301778,0.17654625,-0.08748846,0.7489399909973145,0.13628158,2.272465705871582,1.5510746
931,2.2421472,0.19814318,-0.06459862,0.6262504458427429,0.1888555,2.3811721801757812,1.244037
932,2.145886,0.2469612,0.008166161,0.8395251631736755,0.09461532,2.6409475803375244,1.1243663
933,2.4231927,0.1788234,-0.16401534,0.7186740636825562,0.18411799,2.0363738536834717,2.1602786
934,2.2995322,0.057130415,-0.049066193,0.765174150466919,0.10178914,2.1383843421936035,1.3267003
935,2.3168507,0.27682,-0.1502457,0.7595260143280029,0.153855,2.295189619064331,1.3483518
936,2.239285,0.20938249,-0.106615975,0.7748454213142395,0.14029598,2.3937630653381348,1.1045955
937,2.209303,0.24071774,-0.105236,0.6506766080856323,0.19535714,2.3369944095611572,1.2153019
938,2.3352008,0.14945592,-0.11607095,0.7588586211204529,0.1536001,2.2848408222198486,1.4223701
939,2.2865493,0.16811784,-0.13802956,0.8093298077583313,0.12934253,2.238558053970337,1.2808173
940,2.3300793,0.19566125,-0.09164318,0.8272913694381714,0.07822435,2.208500623703003,1.5381138
941,2.1527605,0.22584416,-0.07327043,0.7386654019355774,0.1581671,2.5667359828948975,0.9257235
942,2.3198986,0.184351,-0.11474897,0.7049195766448975,0.19085777,2.1769256591796875,1.7714636
943,2.2300653,0.18011737,-0.047895156,0.8416516184806824,0.09705459,2.4425570964813232,1.1251988
944,2.4248228,0.17491724,-0.13817672,0.751431941986084,0.20005035,2.061196804046631,1.6586922
945,2.2132702,0.15822816,-0.1323084,0.7173312306404114,0.16201612,2.526930809020996,0.9718162
946,2.305025,0.19628878,-0.10259946,0.5968919396400452,0.24399689,2.327172040939331,1.2888099
947,2.1750176,0.22583479,-0.10024915,0.602342426776886,0.17691812,2.2026877403259277,1.1161587
948,2.3014994,0.09588655,-0.115590975,0.6450115442276001,0.16847748,2.3296875953674316,1.1686463
949,2.2886362,0.18459153,-0.19622982,0.5615392923355103,0.16049874,2.3391740322113037,1.0814065
950,2.29367,0.15529278,-0.13087986,0.5921338200569153,0.21714132,2.3109147548675537,1.4714088
951,2.224611,0.14758478,-0.085165605,0.5605823397636414,0.17786634,2.1580393314361572,1.1465516
952,2.2503767,0.12697741,-0.095681444,0.7280362248420715,0.14464678,2.2763772010803223,1.0225668
953,2.1728218,0.24567117,-0.12662065,0.7890863418579102,0.110801466,2.5114588737487793,0.89589876
954,2.361834,0.19809969,-0.15688485,0.652324378490448,0.22014135,2.2842531204223633,1.6066506
955,2.2955844,0.119579844,-0.10561661,0.8097387552261353,0.17353603,2.306530714035034,1.760186
956,2.2652333,0.12699486,-0.06410459,0.624893307685852,0.18152711,2.3511228561401367,1.1503967
957,2.1991346,0.15798852,-0.21298476,0.2929205298423767,0.23531705,2.347841739654541,1.0543103
958,2.1930287,0.20107995,-0.12360591,0.6212859153747559,0.17595008,2.3019161224365234,1.0959253
959,2.3027442,0.10769187,-0.16250959,0.6708004474639893,0.19976033,2.178297758102417,1.488896
960,2.2924197,0.18232882,-0.16920467,0.5758036375045776,0.17626597,2.2107181549072266,1.4401631
961,2.2250042,0.20464428,0.0035034204,0.6937708854675293,0.19255161,2.3490166664123535,1.551949
962,2.3977342,0.05844803,-0.24307524,0.7530031800270081,0.16869056,2.368675470352173,1.2854991
963,2.2413924,0.15015043,-0.1726303,0.784371554851532,0.1307319,2.435333251953125,1.003082
964,2.1589856,0.20003997,-0.1270707,0.631422758102417,0.11105761,2.4174342155456543,0.7768175
965,2.24011,0.14160031,-0.1309936,0.7534379363059998,0.18042608,2.388960361480713,1.1781439
966,2.3352752,0.18752766,-0.12463696,0.8229239583015442,0.13284178,2.096867084503174,1.4365028
967,2.32273,0.17819218,-0.10914725,0.6029035449028015,0.19184092,2.1042041778564453,1.6815965
968,2.2612462,0.21047406,-0.08101841,0.3975714445114136,0.24850266,2.342252731323242,1.4319781
969,2.3507168,0.16077615,-0.10735812,0.7951344847679138,0.14128938,2.2157464027404785,1.6946766
970,2.331859,0.17227222,-0.09476093,0.8247424960136414,0.13871396,2.182961940765381,1.8464657
971,2.2963648,0.15391693,-0.15797985,0.7652953863143921,0.15857542,2.165706157684326,1.355782
972,2.3095434,0.14923589,-0.111794196,0.7410708069801331,0.1100672,2.395223379135132,1.0751874
973,2.3849223,0.19651368,-0.14838198,0.5780984163284302,0.2151321,2.249603271484375,1.5729893
974,2.3953981,0.17284378,-0.15958045,0.782271683216095,0.15050048,2.3470499515533447,1.1803602
975,2.3415203,0.06778596,-0.15347487,0.7358714938163757,0.16824405,2.291947364807129,1.2813418
976,2.150425,0.14036107,-0.015863774,0.5261917114257812,0.14420891,2.4797894954681396,0.92538416
977,2.2447295,0.13173462,-0.067183994,0.8197014331817627,0.115773655,2.439072608947754,1.0373342
978,2.3193073,0.21438019,-0.1779106,0.5059151649475098,0.1846952,2.1019811630249023,1.3542651
979,2.2872448,0.22010791,-0.08195511,0.5590328574180603,0.20812653,2.1921651363372803,1.5289465
980,2.293787,0.1342095,-0.12409588,0.7934234142303467,0.10726714,2.4165403842926025,0.9888114
981,2.2926247,0.2407112,-0.16645439,0.7801809906959534,0.13564724,2.531510591506958,1.1195736
982,2.1622062,0.1537108,-0.040676918,0.5182766914367676,0.18216564,2.4712889194488525,0.853548
983,2.3376932,0.27391243,-0.114678934,0.8352115750312805,0.14239933,2.1105809211730957,1.5005939
984,2.222947,0.18451606,-0.08679792,0.7694816589355469,0.114985585,2.4552557468414307,0.9962101
985,2.380955,0.18850298,-0.13979332,0.7363804578781128,0.17232965,2.0755510330200195,1.670153
986,2.2452157,0.17764655,-0.14351185,0.8172971606254578,0.10486577,2.4582676887512207,1.0901177
987,2.2956722,0.28165162,-0.10578811,0.7848544716835022,0.15011035,2.2360100746154785,1.5213014
988,2.2969277,0.14495109,-0.24840471,0.7604923844337463,0.13013221,2.5717732906341553,1.0612662
989,2.3826613,0.12072035,-0.10941083,0.8224374651908875,0.1391411,2.1801018714904785,1.3896413
990,2.238292,0.20396258,-0.19605915,0.8291768431663513,0.103553936,2.575333595275879,0.92897606
991,2.2900827,0.24462473,-0.17207569,0.8271715044975281,0.12124833,2.492846727371216,1.172518
992,2.3731267,0.14066255,-0.16168712,0.7662975788116455,0.13813801,2.270719528198242,1.3885489
993,2.2989547,0.20678827,-0.19011189,0.7884564995765686,0.09385021,2.114417314529419,1.0794326
994,2.3623714,0.018164704,-0.094053045,0.7531611323356628,0.17078787,2.094813346862793,1.4916438
995,2.283321,0.14834021,-0.05944674,0.810304582118988,0.15103,2.3876655101776123,1.0481911
996,2.3243575,0.078391075,-0.079162225,0.8243224024772644,0.12304141,2.343493938446045,1.5446701
997,2.2234225,0.14283085,-0.1319842,0.730708122253418,0.15733871,2.37166428565979,1.1255997
998,2.425068,0.119934306,-0.18187746,0.4920600950717926,0.17906217,2.1147449016571045,1.6764374
999,2.276784,0.16811447,-0.11525604,0.8390293717384338,0.08718241,2.3565595149993896,1.0807111
1000,2.2154398,0.14391498,-0.113236934,0.5353168249130249,0.20058869,2.3671436309814453,1.2774258
1001,2.260218,0.1644035,-0.121819325,0.7412593960762024,0.1527218,2.37412691116333,1.040767
1002,2.3287654,0.1435614,-0.16720885,0.6276132464408875,0.19627512,2.176210641860962,1.4225849
1003,2.3686404,0.19495077,-0.15082693,0.6551502346992493,0.19778049,2.073113441467285,2.062267
1004,2.2949104,0.207362,-0.117482044,0.8287752270698547,0.13019541,2.4189298152923584,1.2729737
1005,2.255794,0.25958484,-0.1000757,0.788094699382782,0.16377522,2.109180212020874,1.4353
1006,2.2065213,0.2045911,-0.027394423,0.6388275027275085,0.10319901,2.2686691284179688,1.1340479
1007,2.2440443,0.22801748,-0.08935355,0.7255992293357849,0.206339,2.253674030303955,1.5379262
1008,2.1761806,0.18712857,-0.10840722,0.8184458017349243,0.11761381,2.6585445404052734,0.9522538
1009,2.2759547,0.18941723,-0.09977458,0.734647810459137,0.18078595,2.1271560192108154,1.6615802
1010,2.2846768,0.19049315,-0.11851426,0.7191153168678284,0.17036517,2.2060813903808594,1.5524462
1011,2.3410747,0.20178281,-0.18861677,0.762857973575592,0.16345662,2.326533079147339,1.3442875
1012,2.2350237,0.19487594,-0.07375916,0.5449860095977783,0.2120038,2.413792371749878,1.2648109
1013,2.294247,0.23998168,-0.11803493,0.7974761128425598,0.13887058,2.395423412322998,1.1385452
1014,2.2674873,0.12692742,-0.14157137,0.550778865814209,0.20303515,2.11259388923645,1.374284
1015,2.3253336,0.14026749,-0.06897937,0.7421050667762756,0.16953039,2.015705108642578,1.4597561
1016,2.256422,0.22332887,-0.13873945,0.5862773656845093,0.2200099,2.3359413146972656,1.3990017
1017,2.2759879,0.14419952,-0.12857963,0.7971815466880798,0.10853352,1.9477548599243164,1.1669427
1018,2.2622235,0.18635888,-0.1624229,0.6209343671798706,0.19448297,2.27710223197937,1.4065932
1019,2.3027852,0.12659878,-0.06519123,0.8210865259170532,0.12639812,2.3568437099456787,1.4183017
1020,2.2484138,0.18337488,-0.093843535,0.733396589756012,0.15500437,2.3108553886413574,1.2216935
1021,2.2831793,0.18823998,-0.101380534,0.8303603529930115,0.10507265,2.039886474609375,1.2693975
1022,2.3769658,0.19063896,-0.13686576,0.6533978581428528,0.20191072,2.002352476119995,2.1242793
1023,2.2681856,0.079155646,-0.18407017,0.538810670375824,0.18392457,2.248878240585327,1.1601491
1024,2.1743486,0.17348588,-0.0077707507,0.8024725317955017,0.14058194,2.418813943862915,1.1170791
1025,2.4052014,0.12607741,-0.066821285,0.7133432626724243,0.17814013,2.086672067642212,1.5912533
1026,2.352818,0.13510199,-0.11793186,0.8252047300338745,0.097284846,2.091393232345581,1.492193
1027,2.3124528,0.1806424,-0.088426016,0.7544976472854614,0.18157315,2.362442970275879,1.5491585
1028,2.1666157,0.19359845,-0.08677843,0.7202476263046265,0.15571763,2.4195971488952637,1.0199623
1029,2.3383548,0.13423193,-0.11748203,0.7497360110282898,0.16030693,2.2535812854766846,1.2695488
1030,2.2652705,0.1638689,-0.13046262,0.759350061416626,0.1443733,2.432668685913086,1.1677798
1031,2.355395,0.15948921,-0.07218825,0.7312209010124207,0.18747064,2.1670544147491455,1.6471556
1032,2.3043568,0.19056252,-0.16510251,0.8357981443405151,0.13553214,2.365166425704956,1.1502616
1033,2.2886934,0.14994851,-0.12870032,0.7124418020248413,0.1504566,2.4566140174865723,1.2248728
1034,2.222755,0.20025592,-0.13571759,0.6752867102622986,0.19211048,2.4817185401916504,1.1274971
1035,2.2655876,0.15217333,-0.14731146,0.5852546095848083,0.1605597,2.126034736633301,1.0717057
1036,2.3288226,0.038231812,-0.09412247,0.6924354434013367,0.14241764,2.1871049404144287,1.1045754
1037,2.3307924,0.15263748,-0.09847026,0.7367855906486511,0.16651154,2.3631999492645264,1.4755472
1038,2.251268,0.20567727,-0.061891522,0.5666626691818237,0.22487873,2.208817481994629,1.6585168
1039,2.2569215,0.27261817,-0.11026415,0.7468475103378296,0.13579102,2.3275325298309326,1.0798979
1040,2.2508712,0.17118981,-0.045093633,0.6897815465927124,0.15970337,2.321828842163086,1.0448611
1041,2.3083603,0.07718524,-0.088173635,0.5330988764762878,0.19403556,2.2456324100494385,1.7783879
1042,2.2756464,0.08687935,-0.123958714,0.7993021011352539,0.16545486,2.265225648880005,1.1964347
1043,2.2466235,0.15585351,-0.09269446,0.6707531213760376,0.16579062,2.256751298904419,1.1786371
1044,2.2786727,0.19443715,-0.06382989,0.6935911178588867,0.16616122,2.2897162437438965,1.1676575
1045,2.2947624,0.19844946,-0.13872816,0.823998212814331,0.14897862,2.5372698307037354,1.1922661
1046,2.245264,0.112452924,-0.070627116,0.7897889018058777,0.139822,2.590269088745117,1.0583473
1047,2.2955842,0.09013178,-0.06931917,0.7249310612678528,0.13845254,2.343627691268921,1.2197509
1048,2.396045,0.19913372,-0.12896845,0.8050898313522339,0.14337477,1.9936670064926147,2.2892404
1049,2.248766,0.11357768,-0.12755853,0.4798808693885803,0.21418628,2.4320106506347656,1.1118824
1050,2.3542469,0.14786348,-0.16225271,0.5572895407676697,0.20373356,2.0935540199279785,1.5653368
1051,2.2114851,0.13548641,-0.09985911,0.5716959834098816,0.19557029,2.420454263687134,0.99723285
1052,2.2980382,0.17542645,-0.14336336,0.819186806678772,0.13502818,2.310978889465332,1.2520897
1053,2.2988155,0.13095851,-0.16672727,0.6069643497467041,0.15487581,2.3551018238067627,1.148581
1054,2.340613,0.21968855,-0.23181637,0.7748408913612366,0.15364149,2.376734733581543,1.2513671
1055,2.2702763,0.11447748,-0.10567602,0.5154635310173035,0.22900511,2.2524545192718506,1.2105566
1056,2.2921872,0.123395294,-0.07175293,0.7099398970603943,0.19143595,2.3822195529937744,1.2737992
1057,2.2435174,0.17399889,-0.10159333,0.5513484477996826,0.16556056,2.313314199447632,1.1747351
1058,2.2599604,0.102300905,-0.08768947,0.7132333517074585,0.19052672,2.436190366744995,1.307042
1059,2.2874446,0.12699088,-0.12762125,0.7567762136459351,0.15547529,2.5912139415740967,1.1941725
1060,2.3214142,0.18238282,-0.06745616,0.7365583777427673,0.17606798,2.0804672241210938,1.703384
1061,2.335558,0.26617846,-0.17256612,0.8296319842338562,0.12751153,2.273470401763916,1.5642017
1062,2.359755,0.20657672,-0.10956055,0.7704444527626038,0.17212497,2.1345229148864746,1.6568398
1063,2.348942,0.0956929,-0.15601565,0.685125470161438,0.1848198,2.3051328659057617,1.6030865
1064,2.3232918,0.1581991,-0.11572989,0.5038584470748901,0.22891992,2.3048579692840576,1.5218393
1065,2.2191136,0.08997132,-0.08176204,0.7927842140197754,0.13094608,2.6044633388519287,1.2666769
1066,2.0424669,0.18999673,0.003965415,0.12383559346199036,0.23644619,2.491462230682373,0.8746967
1067,2.2885559,0.027032312,-0.1627347,0.7616227269172668,0.14860559,2.5055439472198486,1.0110841
1068,2.2722547,0.14752276,-0.09742316,0.8268612027168274,0.10920226,2.648341655731201,0.90939957
1069,2.2657957,0.10907599,-0.060491815,0.7735013365745544,0.14131811,2.4218549728393555,1.1573099
1070,2.3041024,0.17159401,-0.090518296,0.7959517240524292,0.13623674,2.181105852127075,1.2280148
1071,2.2053466,0.09316437,-0.10725505,0.4276157021522522,0.26185295,2.503392457962036,1.215015
1072,2.2959833,0.15166733,-0.057728216,0.7769395112991333,0.1703292,2.3819241523742676,1.317109
1073,2.2954895,0.18635352,-0.18176162,0.6913964152336121,0.16317551,2.1059324741363525,1.2660164
1074,2.3303878,0.09648001,-0.15542513,0.6189943552017212,0.22429752,2.3429501056671143,1.2001978
1075,2.2689247,0.11702066,-0.09820873,0.6337457299232483,0.16343005,2.189016103744507,1.2661184
1076,2.3354776,0.17001824,-0.13066341,0.7734755873680115,0.1544983,2.2648184299468994,1.5533966
1077,2.3754835,0.07532817,-0.22683144,0.8430900573730469,0.08103389,2.4118599891662598,1.0200729
1078,2.3379052,0.15315025,-0.17381783,0.7740126252174377,0.16701537,2.304746150970459,1.496301
1079,2.3407729,0.10180863,-0.08000743,0.5879923105239868,0.17531149,2.0021722316741943,1.43707
1080,2.3071325,0.13372664,-0.09933,0.8423286080360413,0.10934219,2.5053329467773438,1.3936174
1081,2.3011706,0.20145342,-0.09265484,0.7751547694206238,0.18049678,2.0028321743011475,1.7451738
1082,2.2485971,0.23041274,-0.1181734,0.776276707649231,0.13943823,2.3402295112609863,1.289193
1083,2.2250988,0.15448876,-0.09456566,0.6158153414726257,0.17910141,2.235490560531616,1.3408877
1084,2.204394,0.18652351,-0.08639678,0.3628609776496887,0.2429516,2.379945993423462,1.1118554
1085,2.2272792,0.22506878,-0.099282004,0.776687502861023,0.15217474,2.29437255859375,1.1963989
1086,2.1652968,0.13942446,0.0003438347,0.7723236680030823,0.1230036,2.409306287765503,1.0983359
1087,2.2205865,0.10859675,-0.11934861,0.8044959306716919,0.101251185,2.3999507427215576,1.0187756
1088,2.179358,0.15493818,-0.043707315,0.7243801355361938,0.14953391,2.5532426834106445,1.0328115
1089,2.2960064,0.20159899,-0.0954567,0.7746149897575378,0.17857142,2.0868937969207764,1.7069707
1090,2.285967,0.21602987,-0.10914278,0.6877002120018005,0.18643743,2.2540712356567383,1.4568868
1091,2.3147738,0.16502407,-0.062932104,0.6067087650299072,0.18982407,2.0960042476654053,1.7146671
1092,2.2566385,0.11562476,-0.10549194,0.8220757246017456,0.1600606,2.4954991340637207,1.0962089
1093,2.2953684,0.18149962,-0.101990834,0.504726231098175,0.23478302,2.174175500869751,1.9563438
1094,2.296138,0.12241848,-0.13962545,0.30381131172180176,0.265999,2.1864216327667236,2.413876
1095,2.2478714,0.22127812,-0.14156346,0.7469141483306885,0.15684019,2.2803876399993896,1.3566183
1096,2.3488438,0.17348953,-0.15792604,0.7190895676612854,0.15425727,2.145550012588501,1.1993418
1097,2.264054,0.23723154,-0.14199372,0.752299427986145,0.18623061,2.427412986755371,1.1526415
1098,2.3811505,0.1272378,-0.084395744,0.6510449647903442,0.20930012,2.100865125656128,2.0075345
1099,2.3795383,0.24301852,-0.19093537,0.7011862397193909,0.16014189,2.149540424346924,1.2363347
1100,2.3319938,0.12719667,-0.113364086,0.6613752245903015,0.18056381,2.225189208984375,1.287476
1101,2.266016,0.17097668,-0.11241226,0.6366543769836426,0.17128147,2.2803170680999756,1.2602139
1102,2.2971401,0.13254064,-0.06288428,0.7138854265213013,0.18255925,2.099071979522705,1.5354987
1103,2.3478117,0.16832116,-0.09199655,0.6337582468986511,0.1977895,2.1217901706695557,1.4541682
1104,2.30746,0.21848746,-0.12298943,0.7181676030158997,0.19158301,2.3279483318328857,1.5770153
1105,2.299257,0.19049625,-0.10498867,0.6020776033401489,0.16138355,2.1213550567626953,1.34866
1106,2.223339,0.16053218,-0.073898815,0.8388333320617676,0.07033201,2.360696792602539,1.0823681
1107,2.2154222,0.22244205,-0.13340493,0.767880916595459,0.13710424,2.6560781002044678,0.91850555
1108,2.1742387,0.120262355,-0.078098305,0.5007243156433105,0.1957522,2.407534599304199,1.0388271
1109,2.3122416,0.19721583,-0.1146433,0.6677395105361938,0.20010543,2.1769919395446777,1.593212
1110,2.377852,0.14930385,-0.119891964,0.5440376996994019,0.21364623,2.1526365280151367,1.4498065
1111,2.3280509,0.08342752,-0.15510945,0.5482486486434937,0.2091574,2.292086362838745,1.30748
1112,2.2553978,0.20334992,-0.15659912,0.830735445022583,0.124154076,2.616384983062744,1.1144017
1113,2.2554667,0.1644739,-0.087155946,0.7325059175491333,0.18465517,2.296319007873535,1.4606465
1114,2.2353823,0.14210662,-0.113037236,0.5593556761741638,0.12576509,2.0660560131073,1.0667603
1115,2.27824,0.22848618,-0.1045073,0.6028199195861816,0.22275907,2.2893197536468506,1.3532277
1116,2.2882326,0.19039208,-0.053557917,0.7574703693389893,0.15984732,2.089033842086792,1.55876
1117,2.3307943,0.17797984,-0.14340563,0.7351050972938538,0.17291461,2.137019395828247,1.405315
1118,2.2680879,0.16482514,-0.15227373,0.6332482099533081,0.18106534,2.2345526218414307,1.3002847
1119,2.3067405,0.14182912,-0.1359308,0.5851010084152222,0.20621385,2.2974085807800293,1.4527926
1120,2.3270051,0.1850583,-0.15335995,0.7876627445220947,0.10163786,2.135563373565674,1.2060511
1121,2.2630105,0.20296007,-0.04254808,0.8055233955383301,0.170165,2.2947170734405518,1.3094109
1122,2.29782,0.21388847,-0.13566147,0.85,0.10161391,2.269080400466919,1.2533823
1123,2.3627112,0.16460307,-0.15314437,0.6181883215904236,0.19896303,2.0662801265716553,1.7089713
1124,2.2782557,0.17094603,-0.102992825,0.819805383682251,0.15966319,2.4002068042755127,1.4383613
1125,2.244046,0.18841618,-0.122495025,0.8029830455780029,0.10242983,2.4892048835754395,0.80195016
1126,2.2492611,0.13265994,-0.09311134,0.7174700498580933,0.17768243,2.367478132247925,1.0927193
1127,2.3001015,0.13867927,-0.20183896,0.8162267208099365,0.13962945,2.2880308628082275,1.164511
1128,2.2517548,0.1997238,-0.061844453,0.8137915134429932,0.1653088,2.3456835746765137,1.2049578
1129,2.2263207,0.18695666,-0.05493449,0.7670631408691406,0.14356053,2.3931500911712646,1.2272531
1130,2.2978005,0.035317857,-0.021676823,0.7568463087081909,0.15349786,2.381105899810791,1.124149
1131,2.331368,0.16639175,-0.13675189,0.6934983730316162,0.20546082,2.159987449645996,1.5361857
1132,2.2778237,0.1788313,-0.103509694,0.6933906078338623,0.22082701,2.20879864692688,1.7278728
1133,2.312238,0.19334634,-0.12424885,0.7915736436843872,0.14632341,2.1528079509735107,1.4623854
1134,2.2563202,0.12016061,-0.008985964,0.7792303562164307,0.12675048,2.372957468032837,1.3244641
1135,2.3374195,0.18970898,-0.10239817,0.7144230008125305,0.15177839,2.192328929901123,1.3941542
1136,2.2851532,0.22363386,-0.027110662,0.6933416724205017,0.21901503,2.256497383117676,1.5161802
1137,2.4107819,0.14977404,-0.12021949,0.8370493054389954,0.096263915,2.1690917015075684,1.5961441
1138,2.279524,0.095637396,-0.11818335,0.7879247665405273,0.18020867,2.286344051361084,1.4365252
1139,2.3103802,0.16599487,-0.1698228,0.7754298448562622,0.12822525,2.336369752883911,1.249889
1140,2.2373507,0.15398109,-0.060729925,0.742174506187439,0.17029096,2.0960755348205566,1.3818
1141,2.2675152,0.19986305,-0.06917604,0.3433167338371277,0.21022162,2.168278932571411,1.5095383
1142,2.2708342,0.16995952,-0.10017363,0.5425066947937012,0.20677283,2.268178939819336,1.4250642
1143,2.2979872,0.11729082,-0.044578597,0.6520926356315613,0.20460016,2.308971881866455,1.5098281
1144,2.2789521,0.09029798,0.055389944,0.5060415267944336,0.1737378,2.174531936645508,1.332488
1145,2.395041,0.18545827,-0.23414426,0.6808504462242126,0.17403851,2.1525473594665527,1.4599822
1146,2.3040853,0.16585039,-0.05410428,0.7132467031478882,0.16430812,2.062063217163086,1.6761699
1147,2.2286022,0.12944677,-0.054110732,0.7966415882110596,0.14957735,2.564701795578003,1.0595387
1148,2.2872515,0.20541911,-0.11344497,0.7370944023132324,0.15448092,2.2646257877349854,1.5277257
1149,2.2911477,0.079126544,-0.18802868,0.7711620330810547,0.12982994,2.2810254096984863,1.1637484
1150,2.2019622,0.17318793,-0.09760533,0.7412604689598083,0.18759324,2.4441962242126465,1.1517831
1151,2.2391033,0.18776901,-0.15945122,0.843774139881134,0.11735798,2.4943621158599854,1.0899081
1152,2.1886625,0.22291319,-0.061500233,0.6996743679046631,0.16515864,2.5078563690185547,1.1998732
1153,2.310031,0.12119649,-0.17456724,0.7500807642936707,0.16321847,2.225640296936035,1.3093431
1154,2.266605,0.12193197,-0.11905823,0.735988974571228,0.15018623,2.3310766220092773,1.1236584
1155,2.343889,0.19786832,-0.12100866,0.7841958403587341,0.17413317,2.2346677780151367,1.8495538
1156,2.298266,0.20115072,-0.15198539,0.7901304960250854,0.13749412,2.348195791244507,1.2966814
1157,2.2910998,0.24428977,-0.1706846,0.7199487686157227,0.19974442,2.3731930255889893,1.4793445
1158,2.235397,0.18536574,-0.041007664,0.6227654814720154,0.22940291,2.3764595985412598,1.1485678
1159,2.3433945,0.16023734,-0.08167655,0.7500526309013367,0.18367547,2.112931489944458,1.6440245
1160,2.2475407,0.12634468,-0.09533844,0.6571906208992004,0.1888221,2.535508155822754,1.328509
1161,2.3015938,0.19902723,-0.15047173,0.7245584726333618,0.17559606,2.1912169456481934,1.3866997
1162,2.3505273,0.16646026,-0.1479859,0.8308120369911194,0.13715324,2.3339755535125732,1.6861347
1163,2.2875118,0.07936525,-0.08099133,0.7532157301902771,0.16440922,2.476031541824341,1.1762817
1164,2.3898456,0.11453361,-0.18620583,0.6596091389656067,0.17454234,2.220038890838623,1.5319384
1165,2.3014317,0.12097954,-0.13196965,0.5619335770606995,0.19874889,2.415584087371826,0.9974836
1166,2.2154534,0.24280152,-0.10061323,0.791730523109436,0.14865318,2.3211915493011475,1.0815245
1167,2.3469763,0.09790099,-0.2592208,0.8284612894058228,0.11858287,2.376887083053589,1.0519919
1168,2.2520487,0.1493256,-0.107106835,0.7880252003669739,0.13659205,2.4055936336517334,1.1739073
1169,2.3111398,0.19244969,-0.06998451,0.7183358073234558,0.19507295,2.2036406993865967,1.8577521
1170,2.2475264,0.17452155,-0.118694074,0.8302769064903259,0.13522825,2.64133882522583,1.0588138
1171,2.2581582,0.1375104,-0.045254406,0.762945830821991,0.1577214,2.1286492347717285,1.4127301
1172,2.3248444,0.2308508,-0.2114995,0.6695671677589417,0.17880698,2.322169542312622,1.2277024
1173,2.2040653,0.20253018,-0.14066128,0.5328395366668701,0.20869696,2.3836748600006104,1.3623704
1174,2.28132,0.17245632,-0.12534036,0.7606622576713562,0.13334794,2.2102949619293213,1.4066453
1175,2.2381697,0.2182477,-0.11729195,0.7649869918823242,0.16194028,2.2798900604248047,1.4495187
1176,2.313359,0.21634714,-0.13749394,0.8164256811141968,0.109171845,2.1244935989379883,1.3021673
1177,2.3073196,0.19939,-0.15110648,0.7158017754554749,0.17376494,2.1230552196502686,1.5271466
1178,2.2542846,0.082598075,-0.062463567,0.7556625604629517,0.1593398,2.4502527713775635,0.9847528
1179,2.3085127,0.08632409,-0.17340942,0.85,0.07259848,2.324930429458618,1.1736395
1180,2.254386,0.191994,-0.11861144,0.7475106716156006,0.12190818,2.1437253952026367,1.1769564
1181,2.3375013,0.10397973,-0.13910194,0.770567774772644,0.16311963,2.2271299362182617,1.1891394
1182,2.2485754,0.19470556,-0.10722358,0.6360816359519958,0.20941453,2.367924928665161,1.1755854
1183,2.2153363,0.24946666,-0.04983352,0.5809405446052551,0.23674093,2.2197012901306152,1.5236863
1184,2.389802,0.14516786,-0.09839244,0.831188440322876,0.10020043,2.105560064315796,1.9536123
1185,2.268217,0.14531195,-0.035183467,0.7611358761787415,0.121414885,2.427647829055786,1.1328522
1186,2.2578444,0.20897464,-0.044083074,0.6175398826599121,0.17279112,2.2295923233032227,1.3417723
1187,2.2032342,0.20008828,-0.09734552,0.5688690543174744,0.21425037,2.450429916381836,1.1187491
1188,2.2560809,0.2198705,-0.09442841,0.6545466780662537,0.18458685,2.1813321113586426,1.5939689
1189,2.2560933,0.22132139,-0.15917061,0.6972853541374207,0.17513159,2.243479013442993,1.221133
1190,2.2853484,0.17519236,0.026395932,0.738688051700592,0.17964193,2.06836199760437,1.5168788
1191,2.5007021,0.12938036,-0.19880284,0.6940968036651611,0.25702685,2.083510398864746,2.1514058
1192,2.211395,0.12139196,-0.059219364,0.5674473643302917,0.18331788,2.119689702987671,1.5781499
1193,2.299246,0.09805556,-0.1782504,0.567504346370697,0.21121426,2.4393069744110107,1.1515957
1194,2.2758214,0.09676625,-0.122565165,0.7231403589248657,0.15597324,2.325003147125244,1.1013961
1195,2.3079038,0.13428117,-0.10778247,0.85,0.087062724,2.360466241836548,1.2939132
1196,2.1671853,0.13279603,0.020560965,0.6256670355796814,0.14154273,2.3337786197662354,0.9820476
1197,2.326,0.19116479,-0.049195837,0.7402113080024719,0.1483754,2.083649158477783,1.8917646
1198,2.3212538,0.24739325,-0.13089725,0.40482446551322937,0.20525198,2.3100967407226562,1.2740303
1199,2.3453119,0.20465223,-0.11334968,0.8342704176902771,0.10977191,2.331387519836426,1.5863558
1200,2.3025482,0.19861074,-0.14007828,0.5346210598945618,0.21492615,2.2614457607269287,1.2712059
1201,2.2929199,0.16874821,-0.0806322,0.5638223886489868,0.21113765,2.2048122882843018,1.3829625
1202,2.3249166,0.14854598,-0.038167007,0.8027692437171936,0.104934886,2.3698830604553223,1.2170433
1203,2.2723055,0.2658168,-0.21708919,0.7406713962554932,0.16697568,2.2945446968078613,1.2339884
1204,2.2218425,0.2017648,-0.059171423,0.7358447313308716,0.13665588,2.12237286567688,1.3780639
1205,2.3606012,0.07622571,-0.17004885,0.6263471245765686,0.20337912,2.166736125946045,1.747356
1206,2.2611685,0.15591535,-0.057352535,0.8413278460502625,0.13646303,2.340815544128418,1.3187777
1207,2.3729007,0.11017757,-0.0785169,0.8295139074325562,0.10103953,2.166954278945923,1.6728505
1208,2.3977332,0.14271235,-0.20212059,0.8249043822288513,0.13910525,2.1245017051696777,1.622042
1209,2.204698,0.18549345,-0.08240813,0.4581095576286316,0.2151194,2.134742259979248,1.2989656
1210,2.1349206,0.16638564,-0.011704151,0.6581009030342102,0.20668729,2.545616388320923,1.0804307
1211,2.3378372,0.1453525,-0.16179833,0.4704122841358185,0.23473117,2.1318631172180176,1.5541846
1212,2.327526,0.20497708,-0.12862311,0.650285542011261,0.18742731,2.165712833404541,1.4974695
1213,2.370925,0.1811802,-0.11979452,0.5367921590805054,0.1836236,2.0633602142333984,1.6359625
1214,2.3134387,0.16770968,-0.12161147,0.5729479193687439,0.17130236,2.211432695388794,1.3867433
1215,2.322509,0.22287533,-0.11413448,0.7206830382347107,0.16386567,2.095247983932495,1.7072868
1216,2.216868,0.19515301,-0.05015124,0.7928428053855896,0.16362031,2.2570269107818604,1.3256978
1217,2.2977917,0.07732473,-0.107213706,0.6684644222259521,0.16585985,2.44132399559021,1.2038268
1218,2.3684237,0.13580577,-0.1579038,0.8346556425094604,0.123253435,2.327634811401367,1.2756995
1219,2.267591,0.14774498,-0.049232896,0.8275700211524963,0.1167258,2.353238821029663,1.0896138
1220,2.4110734,0.12159737,-0.1747708,0.8050518035888672,0.16107681,2.2783801555633545,1.5903848
1221,2.2932692,0.20992787,-0.06253218,0.753300666809082,0.18698607,2.198911190032959,1.5390995
1222,2.2730253,0.16698466,-0.205184,0.8370221257209778,0.112164564,2.3896286487579346,1.3084486
1223,2.2822843,0.062389128,-0.13837454,0.8198662996292114,0.13232489,2.62726092338562,0.90695596
1224,2.3869267,0.20597218,-0.21914816,0.8232035636901855,0.13905662,2.106959581375122,1.5089271
1225,2.259051,0.1947981,-0.08380009,0.7045871615409851,0.19845875,2.3354673385620117,1.3690212
1226,2.2661977,0.18932639,-0.14919125,0.8161022663116455,0.15440902,2.1196274757385254,1.439954
1227,2.3447113,0.100141816,-0.027261185,0.8477352857589722,0.10716286,2.1725690364837646,1.6252514
1228,2.321593,0.14410076,-0.05960245,0.7710092067718506,0.13869774,2.4443113803863525,1.1937379
1229,2.3378127,0.19115071,-0.18140852,0.7007465958595276,0.18577667,2.0939760208129883,1.3866328
1230,2.3542461,0.11398116,-0.06204883,0.7703152298927307,0.19698557,2.1786351203918457,1.8871793
1231,2.2680516,0.1366234,-0.11374093,0.8233537077903748,0.15853018,2.398254156112671,1.0664047
1232,2.2833,0.17232917,-0.037853267,0.542752206325531,0.20089425,2.0773136615753174,1.8724656
1233,2.3053076,0.21123327,-0.1472122,0.35646572709083557,0.26447275,2.2383596897125244,2.0131729
1234,2.3893774,0.19347979,-0.13162509,0.6931926012039185,0.17790331,2.10341739654541,1.5924636
1235,2.3663676,0.10976204,-0.09601094,0.8025006651878357,0.16856328,2.116086721420288,1.6347017
1236,2.2582493,0.15336949,-0.035296924,0.5483879446983337,0.22854272,2.5020201206207275,1.2056855
1237,2.1930802,0.14524482,-0.04817864,0.5452348589897156,0.1824782,2.5109548568725586,0.9814733
1238,2.2351007,0.18373635,-0.17359917,0.8418512344360352,0.13312697,2.4992501735687256,1.2609565
1239,2.392025,0.24140292,-0.12296338,0.6500875353813171,0.20230515,2.069369316101074,1.2969223
1240,2.3062203,0.16241376,-0.046103753,0.6268625259399414,0.16081296,2.170726776123047,1.4383839
1241,2.3838902,0.1277641,-0.13819586,0.7603413462638855,0.18972076,2.2289023399353027,1.5337014
1242,2.2825272,0.11490225,-0.25072634,0.7806683778762817,0.11443856,2.477924108505249,0.9635394
1243,2.2756615,0.1099382,-0.09872588,0.728323757648468,0.15249172,2.2826054096221924,1.3124543
1244,2.264685,0.18749525,-0.11435066,0.7067275047302246,0.18259951,2.324249505996704,1.3115977
1245,2.2701178,0.18896617,-0.093608856,0.7523188591003418,0.1650894,2.082960367202759,1.2445142
1246,2.247186,0.18967313,-0.16465522,0.6144312024116516,0.19698097,2.45243763923645,1.2525846
1247,2.2721086,0.15778224,-0.025466958,0.8161296844482422,0.11647449,2.333860158920288,1.3810027
1248,2.3419712,0.08763983,-0.14856508,0.7435232400894165,0.13819623,2.2954764366149902,1.1225871
1249,2.2426407,0.22007433,-0.11266383,0.7586532235145569,0.17749667,2.6633799076080322,1.1230072
1250,2.312338,0.1410294,-0.021733081,0.6795317530632019,0.20504163,2.11187481880188,1.547014
1251,2.2796156,0.05685114,-0.06318204,0.8381681442260742,0.123173065,2.524256706237793,1.2229353
1252,2.3635814,0.17725895,-0.16451572,0.7419426441192627,0.16833107,2.073838472366333,1.6591274
1253,2.268176,0.13254553,-0.13396871,0.7058807015419006,0.16895294,2.5042035579681396,1.0265702
1254,2.2298386,0.1767014,-0.12237611,0.39939355850219727,0.24015261,2.1947598457336426,1.3910466
1255,2.2258668,0.15488477,-0.09223362,0.4431834816932678,0.24704361,2.45831036567688,1.3596104
1256,2.3065581,0.14459382,-0.055292264,0.7987719178199768,0.15635966,2.3582141399383545,1.1584568
1257,2.2218301,0.205112,-0.11217282,0.6747241020202637,0.18649398,2.3347346782684326,1.2907174
1258,2.2529335,0.23138547,-0.068125285,0.85,0.085813396,2.405113935470581,1.2039797
1259,2.2861357,0.15163612,-0.0645582,0.6998326182365417,0.20542768,2.086700677871704,1.6421729
1260,2.2461343,0.23386057,-0.19436643,0.8296301364898682,0.11572533,2.374624729156494,1.2269264
1261,2.3088155,0.1368606,-0.08164602,0.8044667840003967,0.13303295,2.292487859725952,1.3672447
1262,2.3016512,0.21887065,-0.25574878,0.7989648580551147,0.15483946,2.480055093765259,1.1249185
1263,2.348504,0.17567915,-0.14218947,0.8351361751556396,0.12434912,2.1139795780181885,1.6280466
1264,2.2201328,0.18188882,-0.07407702,0.6373773813247681,0.15078147,2.3579423427581787,1.0604261
1265,2.236395,0.18058293,-0.14550109,0.5247730612754822,0.28516766,2.3453309535980225,1.110927
1266,2.368463,0.2317823,-0.13350925,0.6382904052734375,0.22485976,2.2328672409057617,1.3069314
1267,2.2275186,0.10993108,-0.004580913,0.6101976037025452,0.20101205,2.374443292617798,1.2766786
1268,2.2445924,0.14116055,-0.07510243,0.7223268151283264,0.17289379,2.311702251434326,1.0675999
1269,2.3711627,0.17685775,-0.14795989,0.7729263305664062,0.13365978,2.2871313095092773,1.4178919
1270,2.5151336,0.16890675,-0.19446549,0.8254327774047852,0.20124787,2.2216241359710693,2.1373909
1271,2.2604465,0.10607007,-0.10741898,0.5841940641403198,0.21527202,2.452502727508545,1.1804004
1272,2.3306334,0.13639133,-0.15410979,0.7237861156463623,0.14738484,2.310267686843872,1.058372
1273,2.2722871,0.09265567,-0.0031045482,0.7260960936546326,0.17657539,2.285027027130127,1.3665667
1274,2.1981275,0.10500194,-0.0427037,0.7750449180603027,0.09155531,2.396822929382324,0.87069494
1275,2.2065127,0.16025388,-0.068831995,0.5640944838523865,0.2181045,2.5074212551116943,1.193279
1276,2.2201746,0.17705889,-0.14899684,0.5084510445594788,0.17508417,2.5184288024902344,1.0026244
1277,2.2036889,0.16654657,-0.1183856,0.7036776542663574,0.14445561,2.2822015285491943,1.0890241
1278,2.2429094,0.18363816,-0.0855673,0.7790867686271667,0.16988663,2.3971898555755615,1.2977964
1279,2.2226634,0.18355548,-0.16156717,0.8144915103912354,0.10963409,2.70381760597229,0.8125368
1280,2.2532718,0.14822416,-0.03748402,0.760835587978363,0.14190808,2.3485262393951416,1.1082987
1281,2.3245056,0.17709821,-0.10789332,0.608485996723175,0.1689922,2.232802152633667,1.4739263
1282,2.2908356,0.04790776,-0.03034181,0.693379819393158,0.1737387,2.1170437335968018,1.2845925
1283,2.2307844,0.14541405,-0.13755968,0.5742161273956299,0.16823776,2.495603084564209,0.8086202
1284,2.2851593,0.103460945,-0.1329369,0.8442474007606506,0.10291591,2.4144017696380615,1.1512167
1285,2.300759,0.15531932,-0.17327891,0.8451484441757202,0.09496202,2.4132020473480225,1.1103162
1286,2.2547774,0.21504913,-0.09440628,0.4653889834880829,0.21908669,2.195863962173462,1.2604258
1287,2.1145957,0.17347413,0.039279837,0.23818081617355347,0.15716484,2.510432720184326,0.9126041
1288,2.3187013,0.12929122,-0.12657543,0.8376454710960388,0.09005049,2.347344160079956,1.122461
1289,2.2934632,0.17621218,-0.12944238,0.6424089670181274,0.20037931,2.246091842651367,1.6024971
1290,2.365451,0.16299698,-0.097233385,0.6964284181594849,0.18414696,2.0723609924316406,1.5444195
1291,2.199814,0.23923941,-0.086526774,0.7602807879447937,0.13534518,2.406557083129883,1.0474303
1292,2.1849923,0.19264197,-0.09449876,0.619892418384552,0.17619695,2.608228921890259,0.9178431
1293,2.140397,0.17415728,-0.089707725,0.48364171385765076,0.19468638,2.372785806655884,1.0141273
1294,2.3318236,0.13846986,-0.100107424,0.7163050174713135,0.17202133,2.2178235054016113,1.2172178
1295,2.1534584,0.10326272,-0.06360247,0.2516688108444214,0.2151507,2.468064785003662,0.9552231
1296,2.1895263,0.1505193,-0.08562492,0.7817719578742981,0.12463147,2.3826684951782227,0.9919639
1297,2.2959087,0.10654644,-0.012432004,0.771158754825592,0.15809548,2.27504301071167,1.2993805
1298,2.2680213,0.12836729,-0.10337138,0.6332231163978577,0.17660023,2.426910638809204,1.2435226
1299,2.3235824,0.08279265,-0.018999698,0.7997897863388062,0.15340512,2.119157075881958,1.4879192
1300,2.337466,0.20440872,-0.005471488,0.8164163827896118,0.16019508,2.1789710521698,1.5131282
1301,2.4875145,0.15022752,-0.2504136,0.8305621147155762,0.0904741,2.2715272903442383,1.754018
1302,2.2724879,0.1819302,-0.13252677,0.752163290977478,0.16030538,2.851841926574707,1.1829226
1303,2.3843615,0.109266,-0.11171526,0.6133179664611816,0.18971556,2.2155942916870117,1.3082669
1304,2.2903042,0.19781572,-0.13261814,0.5905405879020691,0.21300286,2.1068713665008545,1.5911515
1305,2.264448,0.15901941,-0.10154877,0.7375891208648682,0.16924544,2.364776372909546,1.3156596
1306,2.2950518,0.119382754,-0.061131276,0.8266274333000183,0.13542783,2.2903892993927,1.3861669
1307,2.337971,0.15824835,-0.043594327,0.5269033908843994,0.2052083,2.165341377258301,1.3553618
1308,2.3238654,0.16747321,-0.123921625,0.7932956218719482,0.16496566,2.099623203277588,1.6037769
1309,2.2968972,0.27306202,-0.11305183,0.7951796650886536,0.15722072,2.2615034580230713,1.7470256
1310,2.2894337,0.18622245,-0.13557912,0.4517722427845001,0.23139936,2.2356317043304443,1.2705592
1311,2.3360138,0.06296586,-0.16712469,0.8406162261962891,0.12095668,2.3638195991516113,1.0828844
1312,2.2601848,0.13724329,-0.15207684,0.6403443813323975,0.1776414,2.3977463245391846,1.0414203
1313,2.1441898,0.11765542,0.06418227,0.3782692551612854,0.22282156,2.301521062850952,1.2419497
1314,2.2692842,0.14936496,-0.119397156,0.8280258774757385,0.07996417,2.5963082313537598,0.7984478
1315,2.2952113,0.15308964,-0.039553687,0.4231495261192322,0.20542322,2.05318284034729,1.395444
1316,2.3158555,0.19570397,-0.20463882,0.805374264717102,0.13072948,2.1303255558013916,1.1650374
1317,2.362233,0.17002462,-0.074790366,0.8006168007850647,0.14760192,2.1503052711486816,1.6490961
1318,2.3671253,0.21327004,-0.106193244,0.8231539130210876,0.12062033,2.1955339908599854,1.5365963
1319,2.3560116,0.20337047,-0.14090572,0.813485860824585,0.15395755,2.085883617401123,1.521779
1320,2.3157806,0.09591494,-0.14797324,0.6012365818023682,0.19342299,2.251089572906494,1.3688092
1321,2.3669493,0.1132932,-0.16579795,0.7317696809768677,0.12501794,2.0965449810028076,1.4631429
1322,2.2831244,0.16382164,-0.18211095,0.6642411947250366,0.17006788,2.183793067932129,1.1140113
1323,2.2216249,0.19332322,-0.14612447,0.5109553337097168,0.23162915,2.416015863418579,1.2099694
1324,2.231448,0.17240839,-0.02111617,0.8048834800720215,0.15556993,2.374859094619751,1.2633982
1325,2.2467296,0.12140646,-0.018643668,0.791777491569519,0.15220882,2.3267552852630615,1.2009914
1326,2.2892082,0.14486538,-0.13880982,0.6052719950675964,0.21231727,2.3082008361816406,1.3949965
1327,2.2482305,0.119015336,-0.08343116,0.6508000493049622,0.19245009,2.382951498031616,1.1919364
1328,2.2896764,0.17337373,-0.058489706,0.7318599820137024,0.14949842,2.2974588871002197,1.1719737
1329,2.2904177,0.23747543,-0.09983235,0.5772202014923096,0.19882287,2.180135726928711,1.7700769
1330,2.2030997,0.1297487,-0.10484139,0.34761205315589905,0.22568291,2.2933318614959717,1.1617877
1331,2.3373554,0.087545276,-0.14232527,0.8301577568054199,0.12583469,2.141056776046753,1.5911921
1332,2.3587956,0.18993141,-0.1894309,0.5690827965736389,0.19750476,2.1190857887268066,1.7576891
1333,2.3253145,0.1630787,-0.16273534,0.540489673614502,0.1946045,2.17425799369812,1.3633358
1334,2.2527986,0.15402679,-0.10849892,0.8387476801872253,0.13688608,2.5438737869262695,1.1874708
1335,2.2444384,0.09265715,-0.09779855,0.6214433908462524,0.15924054,2.358860731124878,1.0670137
1336,2.3147376,0.17095344,-0.1268034,0.5839011669158936,0.22612974,2.1786599159240723,1.5275093
1337,2.2175221,0.16338018,-0.0338851,0.7384302020072937,0.14021757,2.3283464908599854,1.1623739
1338,2.1931064,0.15124646,-0.07048164,0.8156224489212036,0.12453456,2.4481089115142822,1.1089956
1339,2.3483255,0.18662162,-0.1323076,0.751108705997467,0.1619166,2.2394797801971436,1.3844215
1340,2.2384856,0.18268776,-0.03153176,0.7286390662193298,0.1517297,2.190190076828003,1.3258911
1341,2.280746,0.10491268,-0.15257367,0.6779332756996155,0.14000425,2.395733594894409,0.87739086
1342,2.20396,0.17628673,-0.116401136,0.781886637210846,0.12578438,2.3595688343048096,1.1289104
1343,2.2792625,0.20504549,-0.14600576,0.6265355348587036,0.16672729,2.404571056365967,1.0919168
1344,2.3201475,0.11078832,-0.096654706,0.7573638558387756,0.1480902,2.365788221359253,1.47234
1345,2.2637146,0.26884326,-0.13265982,0.7141973376274109,0.15525147,2.357588291168213,1.2312927
1346,2.4101577,0.18166971,-0.20032069,0.790861964225769,0.14911705,2.1821537017822266,1.7907751
1347,2.230891,0.20484164,-0.19305044,0.5549852252006531,0.18082072,2.2965304851531982,1.1052744
1348,2.204406,0.18167852,-0.031054104,0.7729855179786682,0.13535427,2.390265703201294,1.077114
1349,2.3080454,0.16813087,-0.19730052,0.7253164649009705,0.20876764,2.3958449363708496,1.3883309
1350,2.3222919,0.20588018,-0.15347232,0.7314957976341248,0.14437957,2.101698160171509,1.3526272
1351,2.3610196,0.17009962,-0.19209908,0.8149522542953491,0.13408002,2.315399408340454,1.4081085
1352,2.2752926,0.2303149,-0.11145583,0.5546985864639282,0.20539781,2.1609396934509277,1.3313409
1353,2.3343163,0.13144547,-0.08593923,0.705642819404602,0.14688234,2.2704553604125977,1.2472717
1354,2.23494,0.10440418,-0.12341767,0.7230126857757568,0.14189476,2.304527521133423,1.0814438
1355,2.2084937,0.15121059,-0.052706428,0.5747667551040649,0.23248474,2.525071620941162,1.1259606
1356,2.3052835,0.09979395,-0.00685089,0.7867503762245178,0.14481331,2.0724260807037354,1.4664478
1357,2.3180923,0.13624232,-0.05722556,0.7624738216400146,0.1626637,2.2796924114227295,1.2610997
1358,2.3084583,0.036499817,-0.15306117,0.5894286036491394,0.18287453,2.1496803760528564,1.1112738
1359,2.2773213,0.14555465,-0.14397067,0.6225887537002563,0.1763084,2.1570138931274414,1.3060143
1360,2.2712862,0.13584632,-0.07324781,0.8398327231407166,0.09961797,2.467372417449951,0.9934491
1361,2.2678382,0.1406143,-0.07825745,0.7618134021759033,0.17133097,2.4137308597564697,1.0568987
1362,2.2904348,0.19061051,-0.09544758,0.6272788643836975,0.14101653,2.4509294033050537,1.2230331
1363,2.3432922,0.19352685,-0.19003962,0.7389577031135559,0.17266066,2.355318307876587,1.597075
1364,2.2659395,0.1776347,-0.058768284,0.6833415627479553,0.18155932,2.309034824371338,1.520927
1365,2.284277,0.15348156,-0.08728814,0.706027626991272,0.15103625,2.3220908641815186,1.3644775
1366,2.368039,0.17816934,-0.11464662,0.5482667684555054,0.22377452,2.2122445106506348,1.6631463
1367,2.407007,0.22625434,-0.114003405,0.7550868391990662,0.18345156,2.0494420528411865,1.5749066
1368,2.245006,0.074425004,-0.060099084,0.5286808013916016,0.21054363,2.5639748573303223,1.149811
1369,2.2632613,0.19241333,-0.07834967,0.7933208346366882,0.15505457,2.179323196411133,1.4594027
1370,2.3651166,0.19540098,-0.19435449,0.821494996547699,0.15039477,2.158271074295044,1.7702876
1371,2.3123689,0.2761409,-0.1824331,0.7504864931106567,0.18634684,2.1572024822235107,1.5482702
1372,2.386169,0.13575268,-0.19991218,0.7317487597465515,0.14351909,1.4915071725845337,1.5519154
1373,2.3077602,0.14347722,-0.080613375,0.8118642568588257,0.12887108,2.3192074298858643,1.1433166
1374,2.3260086,0.16206084,-0.1320284,0.6489335298538208,0.15688603,2.1427395343780518,1.2919331
1375,2.2646246,0.18281768,-0.12949549,0.6317477226257324,0.22482754,2.306980609893799,1.6900727
1376,2.3333144,0.1181608,-0.11486075,0.6566486954689026,0.1946982,2.2139410972595215,1.4601544
1377,2.1550825,0.22499385,-0.04636917,0.513200581073761,0.20630933,2.6155178546905518,1.093115
1378,2.2898264,0.13394786,-0.08537996,0.6348956227302551,0.18869916,2.181959629058838,1.47187
1379,2.2534335,0.12968625,-0.18572299,0.5912289023399353,0.16093874,2.3866727352142334,0.972239
1380,2.2806613,0.10976094,-0.112390675,0.6403869390487671,0.21575746,2.474794387817383,1.2228243
1381,2.3498926,0.2131125,-0.13277668,0.8194119930267334,0.14035566,2.1129727363586426,1.5113736
1382,2.3372486,0.13477504,-0.10353621,0.7440180778503418,0.12325304,2.1838438510894775,1.316105
1383,2.2540677,0.13097133,-0.061585013,0.7600692510604858,0.1459486,2.401083469390869,1.2630128
1384,2.2604659,0.23676151,-0.18950105,0.5246803760528564,0.22741406,2.26184344291687,1.5232832
1385,2.263128,0.09916369,-0.04468655,0.80742347240448,0.15226454,2.365257501602173,1.0655111
1386,2.3149529,0.062181924,-0.13868739,0.813232421875,0.12997049,2.3627607822418213,1.2147564
1387,2.2017894,0.16185915,-0.091954544,0.413723886013031,0.1927086,2.3603641986846924,1.1748176
1388,2.2506614,0.15654118,-0.047276285,0.6822793483734131,0.13261971,2.3037421703338623,1.0456958
1389,2.338634,0.0824891,-0.093064934,0.7404993772506714,0.14383672,2.0588529109954834,1.5868281
1390,2.3108299,-0.007545867,-0.22420166,0.6174750924110413,0.1489402,2.531815528869629,0.899344
1391,2.1960385,0.20898606,-0.103935264,0.7489004135131836,0.16871077,2.405550479888916,1.113743
1392,2.41003,0.10708508,-0.18568324,0.835082471370697,0.15172619,2.150385618209839,1.5845983
1393,2.3551593,0.12671001,-0.07096877,0.7232628464698792,0.16074722,2.0840258598327637,1.3945932
1394,2.415398,0.07730583,-0.16050446,0.8407597541809082,0.09731833,2.01413893699646,1.5691642
1395,2.3637164,0.1325898,-0.1608243,0.6389516592025757,0.16418271,2.163085699081421,1.4998806
1396,2.2758298,0.1345982,-0.13819945,0.8258523941040039,0.13417602,2.4000346660614014,1.1673927
1397,2.2882059,0.22256255,-0.086631075,0.8167135715484619,0.110132635,2.2208292484283447,1.3942506
1398,2.311665,0.19122323,-0.15561055,0.5888403058052063,0.17258184,2.1518402099609375,1.5437801
1399,2.3101885,0.10272894,-0.062549904,0.7341384887695312,0.1600779,2.125239133834839,1.5218271
1400,2.2940073,0.14589378,-0.11751348,0.7214680314064026,0.18011886,2.3560376167297363,1.6882687
1401,2.2828796,0.23261629,-0.1930275,0.8094362020492554,0.16042702,2.367220163345337,1.376076
1402,2.2406833,0.13944927,-0.22004484,0.45904943346977234,0.18224443,2.343611240386963,1.149755
1403,2.1983073,0.21879038,-0.08116719,0.637713611125946,0.18915619,2.576667547225952,1.0375001
1404,2.2844594,0.15308994,-0.1536334,0.5577312707901001,0.16520032,2.353384494781494,1.0762879
1405,2.3790214,0.14853401,-0.19418623,0.7834715247154236,0.15035741,2.1295578479766846,1.5373988
1406,2.324795,0.18776338,-0.07886223,0.34267526865005493,0.15196997,2.054068088531494,1.3974737
1407,2.465357,0.13837183,-0.18915288,0.8112334609031677,0.15262772,2.1634137630462646,1.6507868
1408,2.4005349,0.22352818,-0.106704704,0.43105196952819824,0.24156268,2.0986101627349854,2.0768368
1409,2.1988304,0.19641675,-0.1623174,0.7407501339912415,0.14068113,2.5743327140808105,0.8931408
1410,2.2151706,0.16922566,-0.06322064,0.7213982939720154,0.14388244,2.1080071926116943,1.2737169
1411,2.199939,0.17618383,-0.09824813,0.556517481803894,0.18789671,2.5122106075286865,1.0764085
1412,2.2249036,0.111217156,-0.006742652,0.769450306892395,0.12927881,2.3612563610076904,1.1468768
1413,2.2939746,0.15439788,-0.07114665,0.7980770468711853,0.15571481,2.0643630027770996,1.565194
1414,2.21932,0.104696326,-0.11418731,0.5324590802192688,0.22871391,2.3487958908081055,1.3847193
1415,2.3007636,0.18685748,-0.08626129,0.6669791340827942,0.2052542,2.1788077354431152,1.5153548
1416,2.2920673,0.08292889,-0.1193288,0.7271854281425476,0.15181993,2.3005847930908203,1.2143216
1417,2.2149847,0.22570394,-0.095712535,0.6910771131515503,0.1609721,2.3672332763671875,1.1607552
1418,2.3603647,0.18703826,-0.07909709,0.6901849508285522,0.19768472,2.051698923110962,2.0893953
1419,2.2375789,0.13782391,-0.08607814,0.5517308712005615,0.20309964,2.385578155517578,1.1660035
1420,2.2543826,0.15570556,-0.109547645,0.7767161726951599,0.16504656,2.615415573120117,1.1837971
1421,2.2394834,0.19731285,-0.08442984,0.689602792263031,0.16161022,2.3607401847839355,1.1396798
1422,2.287527,0.2251181,-0.11824599,0.5619399547576904,0.2007831,2.0961201190948486,1.6674045
1423,2.2684565,0.21583964,-0.16156127,0.6523534655570984,0.15885328,2.555485725402832,1.0999988
1424,2.2540684,0.14426224,-0.15682921,0.39936622977256775,0.23153514,2.38411545753479,1.1930695
1425,2.3592026,0.20042981,-0.16506658,0.8369082808494568,0.12190459,2.2112843990325928,1.6409416
1426,2.3103979,0.13809416,-0.05339474,0.715756893157959,0.17622381,2.1213133335113525,1.8111322
1427,2.197811,0.22560444,-0.03104198,0.6972372531890869,0.17357111,2.4315574169158936,0.95029753
1428,2.3123488,0.12826072,-0.11657642,0.8321352601051331,0.11306717,2.313817262649536,1.4345716
1429,2.2320383,0.10506245,-0.17549092,0.4051160514354706,0.2499945,2.468595027923584,1.1442015
1430,2.2615416,0.16177425,-0.14143182,0.8373473286628723,0.0994794,2.4668989181518555,1.1050764
1431,2.2441308,0.20555358,-0.16205516,0.6955686807632446,0.15705048,2.571208953857422,1.1041862
1432,2.2484336,0.16478279,-0.18488887,0.8307713270187378,0.11062401,2.4948668479919434,1.1440971
1433,2.3287847,0.16050765,-0.18692409,0.6806648373603821,0.14682102,2.2062923908233643,1.121048
1434,2.329945,0.1254815,-0.058676902,0.7830369472503662,0.15365529,2.2857580184936523,1.3107952
1435,2.2247233,0.17148967,-0.081184775,0.7342269420623779,0.15222587,2.2588179111480713,1.1952014
1436,2.242859,0.18833704,-0.109157346,0.7750110030174255,0.15667035,2.4039552211761475,1.1886495
1437,2.3380127,0.17644484,-0.18673994,0.7773116827011108,0.17055741,2.3705813884735107,1.4638093
1438,2.2128503,0.10843317,-0.13379799,0.6743351221084595,0.13188794,2.4781739711761475,0.9441023
1439,2.2259917,0.21003604,-0.120440096,0.6633139848709106,0.19393258,2.5933358669281006,1.1970569
1440,2.2615726,0.0796067,-0.038258992,0.821516752243042,0.092148274,2.1071934700012207,1.3836926
1441,2.3736272,0.116035536,-0.07918223,0.6483896374702454,0.14455873,2.2496399879455566,1.2984525
1442,2.2407243,0.18225947,-0.12167681,0.8170892596244812,0.14599144,2.6051573753356934,1.0870988
1443,2.2007678,0.13295406,-0.07980426,0.43512898683547974,0.22826354,2.433828353881836,1.2390263
1444,2.269136,0.17501603,-0.05449885,0.8054733872413635,0.15818645,2.3610599040985107,1.2938166
1445,2.2844412,0.19087403,-0.058287002,0.4949381351470947,0.20856987,2.0978143215179443,1.3854499
1446,2.2181919,0.24190605,-0.14681499,0.7109788656234741,0.17604883,2.4306185245513916,1.1364063
1447,2.202519,0.13085636,-0.05056319,0.5457298755645752,0.14684969,2.3771626949310303,1.0353686
1448,2.3640866,0.081709966,-0.056465607,0.797450065612793,0.1532686,2.0746212005615234,2.1652892
1449,2.3333135,0.17789276,-0.06873355,0.6726548671722412,0.15794954,2.173269033432007,1.2284212
1450,2.2543795,0.12811331,-0.12252318,0.43819957971572876,0.17553033,2.4932563304901123,1.0121908
1451,2.1665974,0.17798656,-0.11220297,0.588204562664032,0.15919566,2.438581705093384,0.9164251
1452,2.2732942,0.14897189,-0.080497414,0.7539972066879272,0.13795897,2.325639486312866,1.0620786
1453,2.3287752,0.17663331,-0.075724214,0.5471559166908264,0.17586707,2.121849775314331,1.6383283
1454,2.3050766,0.14897704,-0.1746196,0.8328619599342346,0.117979124,2.3017258644104004,1.0681391
1455,2.211031,0.23975195,-0.11021187,0.4830012619495392,0.1943013,2.2959437370300293,1.2617817
1456,2.327962,0.19205178,-0.06053737,0.5414962768554688,0.21510026,2.0874931812286377,1.9744183
1457,2.3103678,0.08296777,-0.12583275,0.8152416944503784,0.115064524,2.4495279788970947,1.0004984
1458,2.330505,0.10726418,-0.110022984,0.6753093600273132,0.1667284,2.162597417831421,1.4119989
1459,2.29808,0.20064875,-0.07464986,0.7004269361495972,0.17052616,2.2610628604888916,1.3384591
1460,2.1865506,0.14848493,-0.03168711,0.5270429849624634,0.15704615,2.5533204078674316,1.0328134
1461,2.2917838,0.21871819,-0.14718972,0.85,0.073189616,2.6417038440704346,0.9813201
1462,2.3391278,0.18295644,-0.034964085,0.6181486248970032,0.22680856,2.036743640899658,1.8887309
1463,2.1992455,0.217063,-0.20647185,0.5687687397003174,0.1835305,2.41252064704895,1.1226195
1464,2.2760968,0.17946154,-0.07041804,0.5996450781822205,0.16710806,2.3995304107666016,1.0527804
1465,2.3034925,0.18705061,-0.10823864,0.6761410236358643,0.21496478,2.143019437789917,1.4768864
1466,2.2514215,0.078071915,-0.02172196,0.741662859916687,0.18706284,2.4050872325897217,1.1894076
1467,2.2770374,0.164531,-0.111492544,0.7648974061012268,0.14084859,2.626777410507202,1.0956131
1468,2.367885,0.13525936,-0.06634376,0.7619826793670654,0.15910895,2.007009983062744,2.4695547
1469,2.2328746,0.15705663,-0.0890039,0.6020870208740234,0.21024206,2.3751296997070312,1.2864357
1470,2.3719742,0.11540297,-0.124757,0.7116535305976868,0.16665056,2.373037815093994,1.3435526
1471,2.1902156,0.21990138,-0.054618925,0.6000407934188843,0.16675314,2.498157501220703,1.0894281
1472,2.3096025,0.121583596,-0.122857966,0.7509110569953918,0.1676402,2.1533737182617188,1.4705346
1473,2.3660057,0.12316166,-0.22515452,0.4868674576282501,0.20860964,2.2562642097473145,1.2858205
1474,2.2393873,0.21587424,-0.16283996,0.792038083076477,0.13948923,2.7079591751098633,1.0366892
1475,2.233192,0.23513965,-0.089001395,0.686874508857727,0.18255213,2.438706874847412,1.1067889
1476,2.3045201,0.14505443,-0.15064557,0.85,0.07624308,2.376984119415283,1.1591755
1477,2.2918549,0.22628042,-0.10910339,0.6994420886039734,0.20433289,1.9587621688842773,2.112089
1478,2.377884,0.07957135,-0.09232648,0.7894221544265747,0.13197234,2.1180202960968018,1.439419
1479,2.269619,0.09421558,-0.07027167,0.8020492196083069,0.14459017,2.3879473209381104,1.0178369
1480,2.3530195,0.1305366,-0.19571903,0.8416051268577576,0.09395898,2.1506190299987793,1.2301146
1481,2.3381443,0.09827182,-0.21615387,0.7811380624771118,0.16811897,2.343794107437134,1.1535424
1482,2.2840207,0.11717445,-0.122654825,0.85,0.09680997,2.484509229660034,0.97030896
1483,2.280755,0.12821144,-0.15589081,0.6206390261650085,0.20497061,2.124706268310547,1.334908
1484,2.2790112,0.1576698,-0.14959408,0.8000554442405701,0.172898,2.4096269607543945,1.3640364
1485,2.3928454,0.17321354,-0.11702016,0.5833081007003784,0.25286755,2.2325265407562256,1.5390235
1486,2.2385554,0.16499497,-0.12538658,0.7829983234405518,0.1627598,2.4619672298431396,1.116314
1487,2.2963934,0.1364523,-0.18418959,0.5687171816825867,0.20706084,2.4286673069000244,1.2988992
1488,2.4145017,0.08325022,-0.18883635,0.7428996562957764,0.17279536,2.281479835510254,1.5206066
1489,2.282528,0.12223994,-0.17376056,0.664596676826477,0.17531593,2.408677577972412,1.1207603
1490,2.2847419,0.13507453,-0.0991028,0.7907548546791077,0.14292249,2.130920648574829,1.4577259
1491,2.2766843,0.14520898,-0.17940931,0.6697076559066772,0.21114615,2.4327573776245117,1.0970753
1492,2.30375,0.09683005,-0.07438493,0.8369318246841431,0.10429714,2.4721057415008545,1.1022707
1493,2.3385034,0.10470671,-0.1447549,0.7936223745346069,0.13565764,2.3187150955200195,1.3800412
1494,2.262479,0.19603139,-0.07299112,0.6207950711250305,0.15764226,2.041898488998413,1.3938665
1495,2.2862165,0.19121175,-0.10831341,0.8453668355941772,0.15048723,2.403522491455078,1.3853834
1496,2.1395662,0.110752285,-0.018379284,0.7287063002586365,0.1304971,2.272340774536133,0.9844389
1497,2.291968,0.15857463,-0.1555743,0.6959142684936523,0.1742932,2.2281486988067627,1.2474092
1498,2.4173744,0.13720766,-0.13121648,0.6123008728027344,0.25031623,2.029226779937744,2.8101037
1499,2.315569,0.20480415,-0.17018709,0.8256650567054749,0.11605469,2.129840850830078,1.4379746
1500,2.349726,0.093407355,-0.14157307,0.7972354292869568,0.13776739,2.3036739826202393,1.3873535
1501,2.1146395,0.1980349,-0.088189155,0.5539174675941467,0.17176,2.6128125190734863,0.968667
1502,2.2026858,0.10784987,-0.078704044,0.5350533127784729,0.19556709,2.609224319458008,1.1387688
1503,2.3178895,0.17315452,-0.13191862,0.7678709030151367,0.16980354,2.349731206893921,1.4303911
1504,2.15257,0.09701069,-0.08641477,0.5144708156585693,0.19465396,2.535919666290283,0.908661
1505,2.26735,0.13683932,-0.12761663,0.7251444458961487,0.15905371,2.332148313522339,1.069234
1506,2.3631382,0.13770227,-0.18404627,0.85,0.11720086,2.3730976581573486,1.3593513
1507,2.3631306,0.16921853,-0.16135564,0.664291501045227,0.17402856,2.3138294219970703,1.3221699
1508,2.2740657,0.17659895,-0.11416704,0.47701793909072876,0.20781396,2.3071343898773193,1.3383666
1509,2.1968029,0.23679054,-0.14553808,0.704062819480896,0.14991145,2.3128445148468018,1.0572228
1510,2.2950113,0.1087973,-0.17819259,0.6153478622436523,0.1806683,2.325899362564087,1.1973009
1511,2.2764215,0.22260511,-0.13853315,0.7290871739387512,0.1927041,2.3349711894989014,1.1081425
1512,2.3027587,0.11596615,0.04293,0.8460371494293213,0.101709016,2.164855718612671,1.8311028
1513,2.315383,0.18960312,-0.14076322,0.7675466537475586,0.1932725,2.2560763359069824,1.6386676
1514,2.3291566,0.14021437,-0.16840896,0.617010772228241,0.2250049,2.2604751586914062,1.3042666
1515,2.3125403,0.14430195,-0.11537157,0.7917618155479431,0.11655715,2.273486614227295,1.2622701
1516,2.315779,0.119271696,-0.022176543,0.8116850256919861,0.14264357,2.3146109580993652,1.4215314
1517,2.3194516,0.11615659,-0.15880246,0.5191630721092224,0.21041979,2.2672860622406006,1.1893363
1518,2.298188,0.103948414,-0.15110016,0.7923270463943481,0.11934288,2.3546619415283203,1.2673866
1519,2.3396258,0.1016029,-0.12121345,0.8143519163131714,0.1368161,2.2473983764648438,1.7994037
1520,2.285257,0.116291545,-0.07504038,0.7357236742973328,0.16840552,2.5389909744262695,1.087249
1521,2.317441,0.2595226,-0.17503133,0.5571404099464417,0.20963842,2.1036994457244873,1.5474515
1522,2.3273206,0.15394141,-0.034487616,0.7269271016120911,0.072486706,1.9689894914627075,1.5648129
1523,2.1941502,0.092400484,-0.07211282,0.8413864374160767,0.07547352,2.6938111782073975,0.8878121
1524,2.3368754,0.1863499,-0.13021557,0.7143386006355286,0.18980482,2.3509681224823,1.1469353
1525,2.263405,0.17334315,-0.09432295,0.7595226168632507,0.14554982,2.433173656463623,1.1495456
1526,2.278293,0.2474241,-0.19929619,0.6462423801422119,0.16977759,2.4735167026519775,1.120049
1527,2.2835217,0.22986004,-0.09731274,0.7918010950088501,0.16530521,2.163931369781494,1.7580006
1528,2.2509952,0.09975332,-0.022195535,0.5048145651817322,0.20049322,2.3552377223968506,1.1161981
1529,2.3968587,0.17588754,-0.16954681,0.7690553069114685,0.16938566,2.0780141353607178,2.1653893
1530,2.160085,0.14735232,-0.10241289,0.5868990421295166,0.17486629,2.563176155090332,0.9041672
1531,2.3184292,0.17341936,-0.1424967,0.7559106349945068,0.15566894,2.1160073280334473,1.293743
1532,2.325091,0.19925319,-0.06595401,0.597923755645752,0.19166316,2.1031088829040527,1.531906
1533,2.2820475,0.18697782,-0.13238896,0.7420064806938171,0.14799012,2.2904555797576904,1.4082936
1534,2.1909018,0.2389898,-0.15539928,0.835128903388977,0.12224868,2.606706380844116,0.9851415
1535,2.2816854,0.21488464,-0.11037581,0.7826178669929504,0.15268472,1.9698185920715332,1.3854239
1536,2.2964349,0.17593281,-0.11773386,0.7692575454711914,0.16330789,2.155632734298706,1.3123602
1537,2.301913,0.14508767,-0.101341635,0.5788519978523254,0.19886228,2.2962522506713867,1.4316267
1538,2.18964,0.14840463,-0.10373195,0.38392719626426697,0.20473097,2.542919158935547,0.99105877
1539,2.3404043,0.14981979,-0.18689376,0.7603864073753357,0.16577868,2.1314783096313477,1.2039789
1540,2.3175976,0.1423668,-0.10093021,0.8286467790603638,0.15924881,2.3421690464019775,1.2977784
1541,2.2504706,0.19916703,-0.080875434,0.6745195984840393,0.17792188,2.1523404121398926,1.3029296
1542,2.2369995,0.13097668,-0.06171432,0.848182737827301,0.14302993,2.617924213409424,1.1912227
1543,2.2996225,0.19645487,-0.0951908,0.7330030798912048,0.13252787,2.102090835571289,1.4167867
1544,2.225577,0.1823366,-0.16629285,0.5784416794776917,0.20158653,2.484377861022949,1.0920842
1545,2.2850192,0.21735287,-0.16120607,0.5673252940177917,0.20661704,2.3666865825653076,1.3264668
1546,2.2621357,0.22921027,-0.1416827,0.7768599390983582,0.16725655,2.5217843055725098,1.257921
1547,2.2352834,0.1113189,-0.08340369,0.761051595211029,0.1325194,2.377807140350342,1.078623
1548,2.1651623,0.10182023,-0.04819679,0.37163788080215454,0.24906151,2.47184157371521,0.98540354
1549,2.3667052,0.13250658,-0.10926102,0.8195405006408691,0.14412984,2.0417373180389404,1.8590511
1550,2.235076,0.20666465,-0.12193224,0.5868081450462341,0.19744562,2.1317241191864014,1.3458816
1551,2.29554,0.24587494,-0.16944608,0.705478310585022,0.16901943,2.039252519607544,1.4719498
1552,2.3243093,0.1482837,-0.12822124,0.8419036269187927,0.18285549,2.3854830265045166,1.7363397
1553,2.3293483,0.11769852,-0.18135078,0.592850923538208,0.17573844,2.3390185832977295,1.0982349
1554,2.243753,0.12673211,-0.014200461,0.3735339045524597,0.19710311,2.188478469848633,1.1828208
1555,2.26659,0.100628264,-0.06286318,0.5496037602424622,0.15905008,2.3062121868133545,1.0168153
1556,2.272622,0.15949428,-0.057327468,0.6863866448402405,0.19240433,2.2974092960357666,1.346462
1557,2.267712,0.1762952,-0.12990205,0.5168470144271851,0.2016837,2.084757089614868,1.2761523
1558,2.2575393,0.18762395,-0.06269509,0.6557373404502869,0.20125328,2.2414915561676025,1.3227744
1559,2.2555747,0.12910992,-0.043060176,0.7857919335365295,0.15267627,2.3154983520507812,1.0987847
1560,2.21145,0.18447839,-0.034987032,0.575412929058075,0.19118364,2.4439468383789062,1.1329186
1561,2.2651188,0.21715158,-0.12553819,0.8333497047424316,0.08733898,2.2177629470825195,1.1481751
1562,2.3969526,0.010872203,-0.10699373,0.7643758058547974,0.14062446,2.0695993900299072,1.2977506
1563,2.338118,0.14399822,-0.12523477,0.7079353332519531,0.17809391,2.1621596813201904,1.4727278
1564,2.2533197,0.14774534,-0.11076429,0.45481714606285095,0.2579415,2.350311040878296,1.3956327
1565,2.3168004,0.13698818,-0.11716501,0.69936203956604,0.16388401,2.3151564598083496,1.169622
1566,2.2563384,0.13544953,-0.14904933,0.5279631614685059,0.18950789,2.4865593910217285,1.0309585
1567,2.2504818,0.2377313,-0.047369212,0.6804538369178772,0.17594089,2.093648672103882,1.4009944
1568,2.2638397,0.17165996,-0.10180676,0.5305426120758057,0.21667635,2.324690818786621,1.350466
1569,2.3312428,0.22385427,-0.12357489,0.732379674911499,0.17957908,2.2187466621398926,1.3009442
1570,2.3369482,0.17881934,-0.10380639,0.7994031310081482,0.109110706,2.031471014022827,1.9206342
1571,2.3076146,0.24451716,-0.11207528,0.7741188406944275,0.11138098,2.156803846359253,1.4977721
1572,2.2545967,0.28336108,-0.052283246,0.7940024137496948,0.16545442,2.155296802520752,1.8767931
1573,2.3091955,0.11147092,-0.025348183,0.8245717287063599,0.111010164,2.1932358741760254,1.5895063
1574,2.1023855,0.2032223,0.03824815,0.8030620813369751,0.113898434,2.424532175064087,0.9494598
1575,2.2542102,0.12839732,-0.035228595,0.5847116112709045,0.19459033,2.3124377727508545,1.4383479
1576,2.3277152,0.17736413,-0.13005243,0.8214250802993774,0.10974565,2.3190035820007324,1.4250605
1577,2.4257493,0.17670158,-0.13153766,0.6535874009132385,0.2282023,1.7422473430633545,2.5899696
1578,2.3018935,0.12958756,-0.04213313,0.7617223262786865,0.15927793,2.3374483585357666,1.076197
1579,2.2558482,0.11377362,-0.06443119,0.6436252593994141,0.19049753,2.4365360736846924,1.1475523
1580,2.2705774,0.12463982,-0.11430171,0.7557440400123596,0.16624796,2.118661880493164,1.4410762
1581,2.2366323,0.1910229,-0.13741359,0.7829494476318359,0.14069633,2.104793071746826,1.3635415
1582,2.2884378,0.19691363,-0.108590774,0.544948399066925,0.23173447,2.06514048576355,1.5465937
1583,2.3053627,0.08210124,-0.082031466,0.7923181653022766,0.13306212,2.218984365463257,1.185265
1584,2.3613129,0.10481048,-0.15247947,0.6197783946990967,0.19256508,2.224656581878662,1.3589195
1585,2.2722626,0.14957643,-0.13846591,0.7892321944236755,0.122505456,2.498288631439209,0.9986034
1586,2.260832,0.1399162,-0.119458415,0.7742747664451599,0.102905445,2.3843815326690674,0.9748396
1587,2.330933,0.16398323,-0.14953654,0.8497575521469116,0.10082943,2.12699556350708,1.4724214
1588,2.3112204,0.17003895,-0.17770807,0.7782464027404785,0.15301849,2.2196810245513916,1.4595315
1589,2.3608704,0.1571038,-0.062150024,0.8166950345039368,0.15857904,2.109109401702881,1.545878
1590,2.3242443,0.18355934,-0.17275928,0.6905989050865173,0.16974741,2.2922725677490234,1.2432029
1591,2.3207684,0.113602854,-0.074231945,0.85,0.10968157,2.361739158630371,1.389835
1592,2.3167586,0.05611672,-0.10521722,0.738568127155304,0.12963438,2.3248794078826904,1.1712683
1593,2.3700092,0.12795079,-0.1526381,0.8439165949821472,0.08686357,2.344190835952759,1.4802047
1594,2.3034651,0.100268394,-0.08831486,0.6297266483306885,0.19822079,2.127760648727417,1.5077238
1595,2.2765832,0.14202759,-0.013604932,0.7721467614173889,0.13372634,2.110569477081299,1.4135952
1596,2.3444138,0.109945975,-0.08468616,0.8300682306289673,0.12168026,2.114264965057373,1.3136504
1597,2.2403855,0.10356856,-0.09427318,0.6172932386398315,0.16483201,2.4675803184509277,1.1472952
1598,2.225784,0.18402393,-0.016643679,0.6280027627944946,0.19546509,2.204974889755249,1.5910144
1599,2.3267496,0.22008455,-0.18421134,0.809578001499176,0.124289356,2.313272476196289,1.4071901
1600,2.2336075,0.111674204,0.031926252,0.85,0.06674035,2.537144184112549,0.93861216
1601,2.3140905,0.17947558,-0.1815371,0.5260258316993713,0.20755713,2.0900423526763916,1.5447357
1602,2.3010385,0.12491383,-0.12577505,0.8424198031425476,0.075817324,2.5140066146850586,1.1399277
1603,2.2701347,0.112431034,-0.109893724,0.5485707521438599,0.22929768,2.3353521823883057,1.4070272
1604,2.258112,0.19684446,-0.034324836,0.805444598197937,0.11365034,2.060544729232788,1.5039243
1605,2.229401,0.08028055,-0.13280381,0.7639600038528442,0.12191095,2.3553688526153564,0.96857363
1606,2.2951295,0.19221854,-0.069100045,0.49552637338638306,0.22917542,2.089245319366455,1.7973028
1607,2.2827203,0.17535006,-0.14074299,0.7641439437866211,0.142973,2.635066509246826,0.9945626
1608,2.2596612,0.12033184,-0.030228104,0.7364273071289062,0.17555062,2.259326696395874,1.3763238
1609,2.3351405,0.15376738,-0.13327916,0.8218972682952881,0.14624205,2.1273159980773926,1.5022249
1610,2.2507055,0.23507154,-0.11182096,0.7968210577964783,0.13631676,2.192795991897583,1.2114601
1611,2.2406948,0.11734881,-0.10057489,0.5884298086166382,0.18407355,2.4966847896575928,0.96582353
1612,2.3047683,0.1615159,-0.15358701,0.8270196914672852,0.10546506,2.3827297687530518,1.3688796
1613,2.2821999,0.11924183,-0.053309925,0.8062178492546082,0.15526186,2.37373685836792,1.4936662
1614,2.1380043,0.23035178,-0.10991294,0.5418015718460083,0.1928826,2.440607786178589,1.0029103
1615,2.2402666,0.14794466,-0.079706624,0.6824139356613159,0.1879303,2.4126055240631104,1.3487487
1616,2.3164814,0.13730788,-0.1969334,0.5590338110923767,0.18556175,2.3078925609588623,1.2125694
1617,2.2223847,0.121139504,-0.098341554,0.6900528073310852,0.1547875,2.1466469764709473,1.2233659
1618,2.2194421,0.13100795,-0.01941929,0.528505265712738,0.18415524,2.369534492492676,1.2025067
1619,2.3167937,0.13561203,-0.141614,0.6290433406829834,0.20673276,2.3223719596862793,1.4261202
1620,2.1122358,0.2585578,0.0064419,0.445580393075943,0.20600177,2.508819341659546,1.0035096
1621,2.326728,0.20066433,-0.04696174,0.8338427543640137,0.13798854,2.2066001892089844,1.3047739
1622,2.288178,0.17532228,-0.15764223,0.6789611577987671,0.19173533,2.478553295135498,1.2001755
1623,2.3233643,0.117303506,-0.18274045,0.8179485201835632,0.115988724,2.4051027297973633,1.1352463
1624,2.3355029,0.14476703,-0.17866434,0.7366709113121033,0.17063552,2.2796335220336914,1.4241155
1625,2.217143,0.07795805,-0.027030902,0.5579760074615479,0.17601202,2.3529458045959473,1.0885774
1626,2.223176,0.21565852,-0.17582256,0.7803962826728821,0.11091041,2.3462414741516113,1.1144823
1627,2.2463903,0.19994058,-0.14461984,0.7560446262359619,0.17943071,2.3555896282196045,1.2368008
1628,2.3675065,0.22006832,-0.14871791,0.8375785946846008,0.07651529,2.060262680053711,2.0618045
1629,2.2765174,0.109336376,-0.11005556,0.6727083325386047,0.19146083,2.363345146179199,1.0720563
1630,2.3978443,0.10563163,-0.06664801,0.7871366739273071,0.14758381,1.9875500202178955,1.972613
1631,2.3324258,0.14723395,-0.07025733,0.8005550503730774,0.12222085,2.112544059753418,1.294794
1632,2.3303804,0.22488026,-0.29945403,0.5327478051185608,0.18745485,2.33774733543396,1.0324947
1633,2.2593806,0.18278009,-0.13155009,0.8293521404266357,0.114090666,2.3453328609466553,1.0551854
1634,2.2745426,0.1814258,-0.011093267,0.6406426429748535,0.16135585,2.248836040496826,1.4189954
1635,2.3186607,0.07240869,-0.087797984,0.8142523169517517,0.14768508,2.319617748260498,1.2271968
1636,2.2878113,0.14720796,-0.062622085,0.788206160068512,0.16599286,2.294670581817627,1.1682007
1637,2.3081956,0.21336398,-0.13450713,0.8284623622894287,0.15205814,2.397056818008423,1.6958766
1638,2.3014193,0.14211623,-0.06850368,0.7135888338088989,0.18061866,2.343320608139038,1.3247942
1639,2.3091407,0.18257384,-0.114656925,0.7355602979660034,0.18353964,2.387441635131836,1.2529366
1640,2.254013,0.14167064,-0.093063936,0.6559836268424988,0.18263848,2.4194746017456055,1.0986776
1641,2.2700775,0.16770218,-0.11816375,0.7824547290802002,0.1420291,2.3542966842651367,1.1673084
1642,2.2325158,0.13629043,-0.08613277,0.6942132115364075,0.17901647,2.608494520187378,0.9660516
1643,2.362583,0.19261552,-0.037424203,0.7896562218666077,0.19307569,2.0596847534179688,1.5815469
1644,2.235756,0.21583892,-0.048561998,0.7404145002365112,0.16507402,2.1192586421966553,1.461735
1645,2.2314708,0.15875381,-0.005550816,0.8151618838310242,0.14367492,2.0596439838409424,1.2809446
1646,2.3241992,0.18803474,-0.09792565,0.6465443968772888,0.22207151,2.2938642501831055,1.5040709
1647,2.2612805,0.186844,-0.03765355,0.7331552505493164,0.18486825,2.0540554523468018,1.3669112
1648,2.2518241,0.19063616,-0.025502618,0.7183569073677063,0.18209077,2.128769874572754,1.5033844
1649,2.3261068,0.13992201,-0.11138818,0.8228840827941895,0.1491983,2.2846262454986572,1.2883862
1650,2.3192637,0.13077568,-0.07888309,0.5735728144645691,0.17071012,2.3190579414367676,1.0169432
1651,2.3181138,0.10006606,-0.12635587,0.7563866376876831,0.12743716,2.280588388442993,0.9937226
1652,2.3879788,0.15544528,-0.13689771,0.7702842950820923,0.21868764,1.7487080097198486,2.7123663
1653,2.2655296,0.25599954,-0.10314307,0.771798312664032,0.12688492,2.0897834300994873,1.3307807
1654,2.2328582,0.1907587,-0.048096534,0.5107874274253845,0.22672194,2.367086172103882,1.1653327
1655,2.2809699,0.19861184,-0.075110905,0.4985995888710022,0.21578807,2.0830612182617188,1.5054822
1656,2.344377,0.17306513,-0.19557221,0.6956577897071838,0.18689752,2.333742141723633,1.1158452
1657,2.1966908,0.1474137,-0.057945717,0.5164161920547485,0.17337725,2.4440698623657227,1.143059
1658,2.3178174,0.11272044,-0.18498854,0.6402575969696045,0.18328574,2.2954020500183105,1.2490757
1659,2.3082843,0.121658854,-0.13315296,0.8271188139915466,0.1279621,2.372706651687622,1.2143188
1660,2.210228,0.0625572,-0.16753124,0.3009590804576874,0.24060528,2.3313980102539062,1.0231323
1661,2.2114427,0.19001217,-0.08659267,0.7107306122779846,0.15163009,2.294389009475708,1.2032197
1662,2.2838876,0.18908921,-0.14585741,0.6973603963851929,0.1793718,2.284161329269409,1.2445451
1663,2.313681,0.22046906,-0.09575041,0.5755992531776428,0.19315405,2.038938283920288,1.847545
1664,2.1395657,0.12701,-0.12591304,0.16998398303985596,0.24475507,2.714566946029663,0.8964022
1665,2.3155665,0.1746621,-0.023533221,0.8343861699104309,0.122362964,2.197742223739624,1.3958144
1666,2.1900625,0.14636138,-0.08978769,0.5373070240020752,0.21533298,2.5434205532073975,1.1122096
1667,2.2486596,0.13429368,-0.1553728,0.6612231135368347,0.1497326,2.3417539596557617,0.95535374
1668,2.2710757,0.11591452,-0.13182905,0.7376132607460022,0.15750347,2.1911044120788574,1.0860915
1669,2.173568,0.17461897,0.017916538,0.85,0.07907622,2.6841342449188232,0.82545465
1670,2.2598133,0.09955108,-0.031183174,0.8135079741477966,0.16538092,2.496701955795288,1.2885911
1671,2.2391887,0.15639201,-0.1099661,0.68985915184021,0.165541,2.1870691776275635,1.2931074
1672,2.2943857,0.13547575,-0.11700264,0.7658435106277466,0.15832911,2.200730562210083,1.5343282
1673,2.2923548,0.11828661,-0.043697994,0.8081226944923401,0.114845596,2.354033946990967,1.186523
1674,2.2502136,0.17809533,-0.037201736,0.6914821863174438,0.18290544,2.1889238357543945,1.3015852
1675,2.3494427,0.2244183,-0.21631359,0.6346443891525269,0.15647465,2.2100486755371094,1.2484463
1676,2.2894595,0.16519354,-0.10249189,0.5016942024230957,0.24660403,2.0707828998565674,1.9159619
1677,2.3199263,0.15362231,-0.17188337,0.7674540281295776,0.16542985,2.1336774826049805,1.4091245
1678,2.244936,0.10151303,-0.013519856,0.7378529906272888,0.16407277,2.3204939365386963,1.2174284
1679,2.2551234,0.082982935,-0.07363705,0.8220371603965759,0.13846444,2.2597408294677734,1.2159373
1680,2.2747083,0.15409915,-0.11277534,0.8443944454193115,0.10511707,2.337914228439331,1.4239503
1681,2.2299738,0.19307472,-0.09034404,0.745609700679779,0.16150379,2.38407564163208,1.2716962
1682,2.3279154,0.18982749,-0.10465104,0.7956414818763733,0.16069901,2.0922186374664307,1.8398035
1683,2.2795527,0.21187294,-0.12792242,0.7478107810020447,0.19367108,2.3452975749969482,1.346841
1684,2.3602674,0.25245044,-0.20518835,0.8390355706214905,0.09663302,2.1529133319854736,1.4255761
1685,2.2119875,0.15771972,-0.1644184,0.6346378326416016,0.15949872,2.5779826641082764,1.0079703
1686,2.2738786,0.19640861,-0.13337228,0.5470536947250366,0.20842698,2.10679030418396,1.7346312
1687,2.2269583,0.164754,-0.047266472,0.5131132006645203,0.213091,2.444394588470459,1.319364
1688,2.2339013,0.19522242,-0.22269939,0.4550723433494568,0.1637231,2.4612295627593994,0.8640037
1689,2.2776122,0.1545403,-0.06908915,0.8390516638755798,0.100148305,2.125537157058716,1.2767472
1690,2.2776804,0.21307823,-0.07208266,0.6734679341316223,0.1872823,2.12135910987854,1.3777348
1691,2.2889771,0.16596384,-0.17750129,0.7958930730819702,0.16564766,2.554356813430786,1.1399012
1692,2.3019347,0.14787029,-0.06604293,0.7891384959220886,0.14231318,2.1738905906677246,1.4393364
1693,2.1094277,0.14599074,0.013487236,0.30508559942245483,0.25640273,2.4354748725891113,1.0433657
1694,2.3159802,0.08049643,-0.11730883,0.7629822492599487,0.12386386,2.3154656887054443,1.1584352
1695,2.362274,0.10544556,-0.12901981,0.7876960635185242,0.15055545,2.2905945777893066,1.7534928
1696,2.303286,0.13768046,-0.2025762,0.7262675762176514,0.17453974,2.384249687194824,1.3110355
1697,2.219222,0.1979226,-0.13952062,0.7430822253227234,0.16132568,2.311629056930542,1.2197278
1698,2.336677,0.19311967,-0.14207329,0.6544879078865051,0.1987993,2.2236382961273193,1.5545431
1699,2.292305,0.17124477,-0.11524993,0.7856749296188354,0.121913,2.2439372539520264,1.2442876
1700,2.3040302,0.19448037,-0.02241826,0.585723876953125,0.20788482,2.057394504547119,1.8168213
1701,2.3150132,0.19666055,-0.09954446,0.8207181096076965,0.13894354,2.2364847660064697,1.4051424
1702,2.2686517,0.20750865,-0.12237004,0.7942275404930115,0.15483686,2.267876625061035,1.2377479
1703,2.1730063,0.23796782,-0.07856065,0.5785513520240784,0.2228766,2.6392557621002197,1.4995025
1704,2.389397,0.08718351,-0.21312764,0.7826922535896301,0.17767368,2.4232985973358154,1.4696164
1705,2.3872142,0.052367277,-0.17751041,0.85,0.1252226,2.2364189624786377,1.257897
1706,2.1993842,0.12750015,-0.044528313,0.4972130060195923,0.1964874,2.34344482421875,1.0191966
1707,2.26537,0.020335555,-0.044406917,0.7257241010665894,0.14747375,2.1829729080200195,1.1666486
1708,2.308745,0.102800116,-0.15466943,0.6258477568626404,0.20760673,2.112680673599243,1.4893123
1709,2.3188422,0.10426765,-0.16703942,0.8037657141685486,0.13072194,2.564178466796875,1.0783085
1710,2.2129335,0.1935512,-0.22076534,0.6414315104484558,0.1625442,2.4375975131988525,1.0055019
1711,2.2964435,0.15587614,0.009624084,0.7882291674613953,0.1527409,2.107164144515991,1.3247787
1712,2.2971087,0.18746248,-0.04137255,0.8344841003417969,0.15231001,2.123664617538452,1.4025701
1713,2.2840915,0.10604124,-0.0998338,0.7545875906944275,0.11389407,2.4373886585235596,0.9160828
1714,2.3794272,0.13464016,-0.24431804,0.7808831930160522,0.1633849,2.4370076656341553,1.2364274
1715,2.3095093,0.11964601,-0.17410971,0.7862106561660767,0.10522632,2.525517463684082,0.9903998
1716,2.287647,0.16777183,-0.05420702,0.8015545606613159,0.14165474,2.2227189540863037,1.3032849
1717,2.2443264,0.13474773,-0.03198059,0.7078619599342346,0.15389538,2.4906721115112305,0.95302635
1718,2.2660291,0.06476164,-0.055782825,0.6297304034233093,0.17748308,2.386510133743286,1.0856769
1719,2.2122452,0.1550126,-0.08841902,0.7923486232757568,0.12340901,2.4765894412994385,1.1510335
1720,2.1926758,0.163399,-0.087620676,0.7235286831855774,0.1423381,2.3120360374450684,1.0602723
1721,2.328322,0.064618036,-0.12730315,0.7055143117904663,0.18149637,2.402486801147461,1.2481769
1722,2.4292693,0.16051677,-0.11912998,0.7399705052375793,0.22334553,2.2245571613311768,1.725751
1723,2.4067354,0.059910364,-0.14160061,0.7800814509391785,0.14324132,2.005964517593384,1.4595749
1724,2.17306,0.1870671,-0.0049706567,0.6445720195770264,0.1852719,2.3119924068450928,1.2412134
1725,2.2244475,0.18130802,-0.064140394,0.7514885067939758,0.16838168,2.198352575302124,1.407378
1726,2.276938,0.11608831,-0.059889767,0.7544468641281128,0.18050475,2.0691909790039062,1.4659997
1727,2.2995667,0.19426914,-0.15217347,0.6988623142242432,0.18220517,2.1089303493499756,1.4109231
1728,2.2813528,0.2653316,-0.20773116,0.8449869155883789,0.12025361,2.7135462760925293,0.9330148
1729,2.2700987,0.16010487,-0.13681461,0.2789445221424103,0.22383776,2.316298484802246,1.3401417
1730,2.2316084,0.17582422,-0.08255726,0.5569164752960205,0.21864668,2.297877311706543,1.2221725
1731,2.31528,0.19955091,-0.18361755,0.43556511402130127,0.2388084,2.145733594894409,1.4892057
1732,2.2692175,0.24507008,-0.13649255,0.7956570386886597,0.17983095,2.2623417377471924,1.5937276
1733,2.2711203,0.1653351,-0.17632984,0.7429646253585815,0.16074146,2.6340339183807373,1.0752805
1734,2.3208401,0.15241718,-0.09978169,0.8301488161087036,0.15070339,2.3754019737243652,1.3888711
1735,2.2413197,0.12787266,-0.0048913844,0.7131503820419312,0.17953205,2.2973735332489014,1.337624
1736,2.340958,0.20893727,-0.10905518,0.5971574187278748,0.1561563,2.1597118377685547,1.3545814
1737,2.2878923,0.13920301,-0.121797666,0.7757481336593628,0.14474684,2.1806116104125977,1.3584427
1738,2.3987296,0.1094341,-0.30908448,0.828464150428772,0.13342609,2.5560967922210693,1.1624424
1739,2.155071,0.023979627,-0.043701973,0.7114354372024536,0.13099183,2.438520908355713,0.8026414
1740,2.2766094,0.16017333,-0.06663115,0.7302525639533997,0.15876392,2.2806448936462402,1.2165496
1741,2.196035,0.1966899,-0.16945644,0.7444300651550293,0.14677772,2.699514389038086,1.008191
1742,2.3763144,0.15141645,-0.15540852,0.8497943878173828,0.09523107,2.351881742477417,1.2903873
1743,2.2637715,0.07502807,-0.0401101,0.8289936780929565,0.12251171,2.4368460178375244,0.97868776
1744,2.338502,0.1931553,-0.15194616,0.7087287306785583,0.18981777,2.178083658218384,1.5760366
1745,2.2298064,0.13820623,-0.11259516,0.6723932027816772,0.17239597,2.4535632133483887,1.0276613
1746,2.2913651,0.19842768,-0.10287613,0.8010804057121277,0.14621137,2.31122088432312,1.3871359
1747,2.258179,0.27534887,-0.17350347,0.6146019697189331,0.19767861,2.101202964782715,1.523009
1748,2.3333497,0.097299136,-0.088707544,0.8219802975654602,0.1364037,2.2137601375579834,1.451528
1749,2.3415263,0.14029212,-0.15009907,0.4887765645980835,0.20350529,2.1015121936798096,1.3570373
1750,2.3402507,0.20340605,-0.12949452,0.8074450492858887,0.14296587,2.213897705078125,1.4579144
1751,2.2886872,0.20332043,-0.12595709,0.5202017426490784,0.25008452,2.0587546825408936,1.9399116
1752,2.3388932,0.07536007,-0.22315766,0.8076186180114746,0.14093186,2.454509973526001,1.085522
1753,2.327144,0.15115376,-0.13822746,0.7831536531448364,0.16574015,2.347982883453369,1.3538408
1754,2.2466257,0.14530271,-0.0992341,0.7985082864761353,0.17846811,2.3431458473205566,1.5718427
1755,2.2629654,0.23460276,-0.10689466,0.7928280830383301,0.1688254,2.293107748031616,1.5697355
1756,2.3323507,0.209377,-0.11055894,0.7543827295303345,0.17557132,2.327434539794922,1.4578803
1757,2.2484937,0.13164034,-0.031751268,0.7897247672080994,0.12067191,2.3513152599334717,1.0900735
1758,2.3137558,0.07577011,-0.031890087,0.7894547581672668,0.12096997,2.259187936782837,1.179571
1759,2.3235052,0.11405576,-0.09319862,0.7922688722610474,0.14687681,2.18186616897583,1.1885097
1760,2.2349384,0.18183258,-0.11607403,0.7397090196609497,0.16960412,2.380232334136963,1.0627661
1761,2.237056,0.15555687,-0.09308746,0.7617342472076416,0.1628571,2.4752602577209473,1.1184524
1762,2.2379675,0.15729159,-0.14452358,0.6167577505111694,0.17571966,2.4482979774475098,0.9516618
1763,2.2400074,0.12408585,-0.253244,0.7136134505271912,0.11356518,2.4086532592773438,0.8706114
1764,2.2733219,0.13358308,-0.05331346,0.5845960974693298,0.18369283,2.1166129112243652,1.4242566
1765,2.3147929,0.21953174,-0.16292727,0.6721717715263367,0.17243738,2.1143651008605957,1.4025362
1766,2.1767426,0.17843685,-0.16268454,0.45755821466445923,0.18416393,2.2683916091918945,1.0869032
1767,2.2978492,0.053732563,-0.06908723,0.758886456489563,0.16444968,2.419795036315918,1.2663044
1768,2.179287,0.11977154,-0.08445677,0.6461603045463562,0.1147449,2.4687371253967285,0.98208314
1769,2.2468517,0.13756675,-0.24596007,0.3193872272968292,0.26131967,2.4045889377593994,1.1165179
1770,2.2505429,0.19718595,-0.17758994,0.34178426861763,0.24892576,2.3385555744171143,1.3699886
1771,2.271408,0.24377032,-0.05653212,0.6079431772232056,0.18580435,2.262993097305298,1.4971839
1772,2.2650292,0.1031463,-0.062080942,0.7730082869529724,0.18451534,2.312516450881958,1.1578771
1773,2.193053,0.17303874,-0.097012505,0.4753313660621643,0.20670782,2.3712522983551025,1.1732472
1774,2.3670022,0.18060613,-0.1427591,0.7454435229301453,0.20449868,2.3434534072875977,1.4496894
1775,2.2914348,0.19701053,-0.067711115,0.6318029761314392,0.13480994,2.108874797821045,1.1836586
1776,2.3194633,0.10482835,-0.039190304,0.7801498174667358,0.1727972,2.083866596221924,1.7220595
1777,2.3471727,0.22292908,-0.11829159,0.6368183493614197,0.22381371,2.054278612136841,2.0136142
1778,2.2089214,0.16866586,-0.07700331,0.7638624906539917,0.13605873,2.6381335258483887,0.99638003
1779,2.2592642,0.19668907,-0.1167824,0.42535367608070374,0.26585215,2.3187739849090576,1.4626967
1780,2.2874053,0.114350684,-0.14905848,0.6221994161605835,0.16780934,2.1414363384246826,1.2111788
1781,2.3131292,0.17803511,-0.106031686,0.8344358205795288,0.11017864,2.095364570617676,1.49767
1782,2.2277083,0.12763628,-0.041967172,0.7969253063201904,0.11494195,2.514741897583008,1.016021
1783,2.2152212,0.21147417,-0.014153596,0.5369091629981995,0.15233172,2.365511417388916,1.051257
1784,2.1282241,0.13826455,-0.099596135,0.34667378664016724,0.26624522,2.5276849269866943,1.1022441
1785,2.2753382,0.17089191,-0.080566205,0.8399707078933716,0.13699076,2.140089988708496,1.4018649
1786,2.2855725,0.084052905,-0.26150653,0.7262617945671082,0.14862145,2.563602924346924,0.955364
1787,2.3596728,0.047388755,-0.05313521,0.6999346017837524,0.16003574,2.204490900039673,1.171977
1788,2.2066355,0.14297591,-0.061412115,0.7558438181877136,0.158092,2.289030075073242,1.1362872
1789,2.3642614,0.16451983,-0.1937113,0.7363643050193787,0.18715358,2.0875651836395264,1.6721069
1790,2.309109,0.16913208,-0.009895092,0.7805938124656677,0.1737362,2.0860049724578857,1.7247286
1791,2.3227406,0.24879152,-0.05285073,0.7541030645370483,0.20238262,2.1962735652923584,2.0473397
1792,2.3185413,0.17802833,-0.103134036,0.7564264535903931,0.14910232,2.0906004905700684,1.6230155
1793,2.3238716,0.11696164,-0.12550223,0.6843656301498413,0.17712891,2.3887650966644287,1.1834322
1794,2.16332,0.24118562,-0.092960276,0.7669158577919006,0.120495304,2.644582748413086,0.8825453
1795,2.2868094,0.18439479,-0.12421043,0.5119276642799377,0.2383608,2.205111503601074,1.969785
1796,2.3602126,0.17985092,-0.13247286,0.780367374420166,0.13170075,2.2928431034088135,1.3453985
1797,2.2476122,0.13818611,-0.1026066,0.8002309799194336,0.1746331,2.360708236694336,1.3908366
1798,2.2066078,0.19893421,-0.06491305,0.8293967843055725,0.17165878,2.675797700881958,1.1026509
1799,2.2650802,0.19010858,-0.1345157,0.5024980306625366,0.22133866,2.2975425720214844,1.290415
1800,2.2138274,0.19739202,-0.12422308,0.3769212067127228,0.22489776,2.293195962905884,1.399517
1801,2.2717352,0.19998139,-0.06703803,0.5701264142990112,0.24407823,2.197807788848877,1.5968
1802,2.2736282,0.2427948,-0.11694914,0.8094104528427124,0.17024826,2.2840428352355957,1.6568267
1803,2.238301,0.25548705,-0.044429015,0.6603381633758545,0.20715731,2.157162666320801,1.2604449
1804,2.3326309,0.21771356,-0.16758074,0.6850072741508484,0.17578061,2.0901434421539307,1.4337726
1805,2.2402966,0.14535888,0.015434533,0.8416509032249451,0.1316151,2.491584300994873,1.2181804
1806,2.318721,0.217023,-0.1070054,0.8284928798675537,0.10683821,2.118152379989624,1.3212934
1807,2.2477272,0.14580451,-0.112317085,0.6026471853256226,0.15203786,2.2389895915985107,1.0973036
1808,2.2843676,0.16901183,-0.17687908,0.6007267832756042,0.19734503,2.389514684677124,1.2377319
1809,2.3294597,0.08170503,-0.0785429,0.5755363702774048,0.13731927,2.2803075313568115,1.0293702
1810,2.3073695,0.1885734,-0.10159967,0.8039279580116272,0.16521442,2.080209255218506,1.8509
1811,2.3201337,0.19264679,-0.15993689,0.5292829275131226,0.21768571,2.2594988346099854,1.2963693
1812,2.365923,0.089315325,-0.11050282,0.7322831153869629,0.16027349,2.114776372909546,1.3017908
1813,2.3025315,0.12750101,-0.15645787,0.8350397944450378,0.12163309,2.1112735271453857,1.4638318
1814,2.2068825,0.20535305,-0.094179414,0.8002457022666931,0.1155006,2.6364667415618896,0.9407312
1815,2.3680127,0.08344045,-0.21925533,0.7933672070503235,0.11323894,2.1929373741149902,1.1818724
1816,2.2624474,0.014083878,-0.17687756,0.6918932199478149,0.12251928,2.6624836921691895,0.622332
1817,2.3357625,0.08327042,-0.111109816,0.6834768056869507,0.15215057,2.045764923095703,1.5057753
1818,2.336675,0.16532652,-0.07034573,0.693342924118042,0.17729566,2.0607244968414307,1.8579988
1819,2.3283734,0.19886652,-0.18519735,0.6242957711219788,0.21484059,2.3389644622802734,1.8430899
1820,2.341565,0.17021511,-0.04068706,0.85,0.114826955,2.1899216175079346,1.3595636
1821,2.205989,0.22949506,-0.05449266,0.4889703094959259,0.21503946,2.319611072540283,1.2448666
1822,2.2760775,0.1131323,-0.053745583,0.5865569710731506,0.23433015,2.1781160831451416,1.4255136
1823,2.2556455,0.1420581,-0.08125673,0.7434507608413696,0.16687892,2.2889554500579834,1.4310461
1824,2.372241,0.17059213,-0.015522981,0.8123962879180908,0.16423742,2.1095197200775146,1.7462705
1825,2.219734,0.2268675,-0.0789249,0.6136981844902039,0.19304976,2.319573163986206,1.1668681
1826,2.4157677,0.1640993,-0.14083555,0.522663414478302,0.23539485,2.078306198120117,1.8859316
1827,2.3201625,0.18986745,-0.14463215,0.8016252517700195,0.13857341,2.2793190479278564,1.3825997
1828,2.2801156,0.07974105,-0.13090186,0.8450480699539185,0.08604117,2.1778452396392822,1.263942
1829,2.2422383,0.21985552,-0.058937825,0.7010637521743774,0.2009135,2.1632256507873535,1.3809105
1830,2.311005,0.21858586,-0.0297,0.5128442049026489,0.17209874,2.075242757797241,1.6287233
1831,2.2282016,0.14705306,-0.14971168,0.20110876858234406,0.19822304,2.3104965686798096,1.1975162
1832,2.2373762,0.21020262,-0.103869505,0.6870566010475159,0.16168511,2.215808868408203,1.1760097
1833,2.323548,0.14878596,-0.114286475,0.7943882942199707,0.12637284,2.1457502841949463,1.2679273
1834,2.252168,0.14801966,-0.027994206,0.766043484210968,0.14415778,2.5023462772369385,1.1230087
1835,2.3413672,0.110366955,-0.07115193,0.6827968955039978,0.20498836,2.121185779571533,1.4927287
1836,2.3179932,0.13674259,-0.07143901,0.762661874294281,0.15277909,2.2540853023529053,1.339282
1837,2.3174443,0.14984678,-0.1106606,0.774624228477478,0.18769635,2.219360113143921,1.5871872
1838,2.2331188,0.1523163,-0.13851774,0.49387797713279724,0.19230226,2.2855093479156494,1.112983
1839,2.3018904,0.1809016,-0.12614839,0.5392484068870544,0.21901159,2.1467456817626953,1.404119
1840,2.2229755,0.18238756,-0.11242038,0.6761871576309204,0.17509352,2.3992433547973633,1.1695458
1841,2.334372,0.18398643,-0.15363215,0.7388694286346436,0.16448462,2.011744499206543,1.4662098
1842,2.341758,0.1444285,-0.109585226,0.6912200450897217,0.17857973,2.147556781768799,1.4998052
1843,2.295647,0.124400735,-0.053976834,0.7081831693649292,0.16892755,2.3521218299865723,1.4708831
1844,2.2303524,0.18279868,-0.17312047,0.85,0.082875505,2.7756621837615967,0.928854
1845,2.3893447,0.18864281,-0.15888695,0.7983461022377014,0.18627678,2.23089337348938,1.6048441
1846,2.3416786,0.14391468,-0.071501255,0.6274175047874451,0.21728599,2.1987226009368896,1.5427101
1847,2.3210578,0.1913222,-0.15226334,0.7592177987098694,0.16603711,2.089252233505249,1.5007266
1848,2.266626,0.23431017,-0.13225536,0.5334146022796631,0.2064514,2.311944007873535,1.3765887
1849,2.206787,0.19584562,-0.031676028,0.734819769859314,0.19330955,2.3626723289489746,1.203656
1850,2.3132374,0.14797597,-0.05892769,0.8246784210205078,0.11884508,2.2177228927612305,1.2934657
1851,2.2832441,0.09762594,-0.11302532,0.8300294280052185,0.11596895,2.6486384868621826,1.1035323
1852,2.2193348,0.27958423,-0.18157321,0.30464816093444824,0.18606722,2.306973695755005,1.1677349
1853,2.3363438,0.14898817,-0.13182485,0.8013455867767334,0.1384211,2.1209888458251953,1.437033
1854,2.3346887,0.20760445,-0.15693618,0.7494302988052368,0.14974186,2.2785234451293945,1.321553
1855,2.332999,0.119319014,-0.13953619,0.6834112405776978,0.19573618,2.048348903656006,1.3474002
1856,2.3001966,0.23328216,-0.14107117,0.7451802492141724,0.19803195,2.252124071121216,1.4305452
1857,2.3113117,0.08922711,-0.077466115,0.8119391798973083,0.12528242,2.189650058746338,1.4045041
1858,2.231178,0.19643368,-0.054877095,0.7656806111335754,0.15655053,2.5322535037994385,1.1089603
1859,2.2528105,0.07056043,-0.14315663,0.8399955034255981,0.10973797,2.2936975955963135,1.1446488
1860,2.298919,0.19734138,-0.0744936,0.7654366493225098,0.19858783,2.1180484294891357,1.5893637
1861,2.3486295,0.2152715,-0.13535823,0.6369789838790894,0.19666459,2.1826860904693604,1.4970906
1862,2.3662777,0.18188965,-0.14510217,0.8348670601844788,0.11271775,2.325368642807007,1.1575413
1863,2.3149908,0.08267899,-0.14142473,0.8065665364265442,0.080019094,2.3126060962677,1.0366089
1864,2.2303822,0.25346664,-0.06328244,0.6357428431510925,0.20317654,2.0976665019989014,1.6876975
1865,2.292443,0.19553532,-0.14144851,0.7881981134414673,0.18069957,2.145443916320801,1.7220418
1866,2.2573283,0.18841483,-0.122961804,0.7576005458831787,0.17539045,2.3523151874542236,1.3167444
1867,2.3421705,0.123113744,-0.1743329,0.5623762607574463,0.22059926,2.3442277908325195,1.40463
1868,2.3198452,0.067082636,-0.14473642,0.6873435378074646,0.17739883,2.3727633953094482,1.0209424
1869,2.2571146,0.25256538,-0.16995296,0.6376989483833313,0.19086231,2.383051872253418,1.1827842
1870,2.2327917,0.13920505,0.00393435,0.83706134557724,0.10324127,2.3298161029815674,1.1829097
1871,2.3398063,0.119188786,-0.07148408,0.7036120295524597,0.14968754,2.0717673301696777,1.3165593
1872,2.33689,0.19658682,-0.12422568,0.8000352382659912,0.12244064,2.1081762313842773,1.4266034
1873,2.4045608,0.13733451,-0.15272295,0.5725113153457642,0.23990326,2.0304765701293945,1.8435059
1874,2.178081,0.10167872,-0.077221856,0.5647850632667542,0.17446363,2.277604818344116,1.1014532
1875,2.205605,0.15583096,-0.10054177,0.796920120716095,0.090493925,2.6031405925750732,0.88426805
1876,2.3294995,0.17258619,-0.087516405,0.7738639712333679,0.16949107,2.182675838470459,1.6299433
1877,2.3520138,0.14180951,-0.15083608,0.8463344573974609,0.0997352,2.1460392475128174,1.2450271
1878,2.3504174,0.09301636,-0.16683894,0.7089979648590088,0.17895682,2.3530514240264893,1.1728888
1879,2.3797147,0.1385475,-0.2047207,0.849804699420929,0.12832852,2.1751909255981445,1.5630156
1880,2.245868,0.17215604,-0.084620684,0.7920495271682739,0.14489847,2.5263545513153076,1.0493109
1881,2.2990823,0.18574588,-0.11904791,0.7900274395942688,0.16837057,2.11763858795166,1.4631765
1882,2.225131,0.22595407,-0.15126443,0.4840380847454071,0.24792235,2.355236768722534,1.3304297
1883,2.2658722,0.15899538,-0.12558953,0.57828289270401,0.20877469,2.3270208835601807,1.4047705
1884,2.3128054,0.15164816,-0.08719099,0.5877894759178162,0.20224874,2.1685147285461426,1.6652026
1885,2.3699105,0.14384367,-0.14552556,0.7763975858688354,0.1595893,2.0733253955841064,1.4344803
1886,2.2562726,0.12449723,-0.06514122,0.6355522274971008,0.18694033,2.347007989883423,1.4029065
1887,2.289841,0.16206408,-0.13589391,0.6513142585754395,0.17326944,2.072662353515625,1.2961429
1888,2.2987359,0.17013195,-0.11514994,0.7761920094490051,0.12356099,2.2449731826782227,1.2364043
1889,2.2790253,0.13499327,-0.054001752,0.5869261026382446,0.18306449,2.1550936698913574,1.5378685
1890,2.245284,0.11961241,-0.05051266,0.7574532628059387,0.17491746,2.5726914405822754,1.1451843
1891,2.292737,0.12824465,-0.043710638,0.8294185400009155,0.10129958,2.1580443382263184,1.6205144
1892,2.2604976,0.16501278,-0.023896363,0.4408969283103943,0.2136422,2.3059279918670654,1.3610075
1893,2.2546775,0.22230622,-0.058274616,0.838066577911377,0.118042625,2.203585624694824,1.1700639
1894,2.2532346,0.19195567,-0.094381504,0.7289829254150391,0.17065828,2.3636436462402344,1.1654739
1895,2.3810062,0.12758014,-0.11653235,0.6036526560783386,0.17705294,2.1286487579345703,1.5699596
1896,2.2527118,0.15976237,-0.1467918,0.764827311038971,0.14562073,2.347371816635132,1.0440539
1897,2.3419995,0.15675472,-0.13937116,0.8430296778678894,0.09682265,2.1306779384613037,1.3402642
1898,2.3620646,0.19810331,-0.1328983,0.6985310316085815,0.18988585,2.1709914207458496,1.8156767
1899,2.290268,0.1698098,-0.077236205,0.6906365156173706,0.18772435,2.091789960861206,1.3469422
1900,2.25493,0.115268886,-0.051048692,0.6934975981712341,0.16417113,2.1089794635772705,1.2405918
1901,2.2495983,0.16796073,-0.12237822,0.6893871426582336,0.16892086,2.488980293273926,1.118917
1902,2.2755928,0.14242321,-0.11527378,0.7752651572227478,0.1537748,2.5226495265960693,1.2502264
1903,2.3353271,0.13391176,-0.09704073,0.822128176689148,0.13200055,2.335787057876587,1.4356575
1904,2.1783204,0.231951,-0.0487856,0.7010833621025085,0.2158895,2.3726806640625,1.546382
1905,2.1931288,0.245758,-0.09164493,0.5930788516998291,0.19433323,2.3796496391296387,1.0721164
1906,2.2822921,0.1369424,-0.076373234,0.8293783664703369,0.11406614,2.3257639408111572,1.2793653
1907,2.3450048,0.17997831,-0.16495699,0.5831268429756165,0.18662553,2.278306484222412,1.4576924
1908,2.2340605,0.22599919,-0.1542988,0.5956979990005493,0.19333436,2.3381099700927734,1.2482662
1909,2.2370942,0.17220783,-0.13026229,0.7059034705162048,0.16902159,2.588273286819458,1.1467222
1910,2.2408721,0.20549592,-0.09473096,0.5905296206474304,0.20821345,2.3633227348327637,1.3277541
1911,2.2568076,0.19042177,-0.10600542,0.5398271679878235,0.18906233,2.288102149963379,1.3039707
1912,2.3220954,0.16412643,-0.19736145,0.5504094362258911,0.1793371,2.1368837356567383,1.3260598
1913,2.3227313,0.09199178,-0.13015857,0.514461874961853,0.23041964,2.1093552112579346,1.5421299
1914,2.2729802,0.083055586,-0.110449016,0.6944336295127869,0.1517408,2.449251413345337,1.12066
1915,2.2850187,0.095018335,-0.08689623,0.69875168800354,0.13506998,2.5081615447998047,0.8687007
1916,2.3406272,0.19218983,-0.22167572,0.5800138115882874,0.17686513,2.2223057746887207,1.3531113
1917,2.2743084,0.23587471,-0.08685726,0.6652666926383972,0.16829158,2.1682851314544678,1.348836
1918,2.3654308,0.16157773,-0.19804837,0.5211512446403503,0.24711059,2.04390811920166,1.7912331
1919,2.3501654,0.12779343,-0.12527908,0.7875906825065613,0.16899297,2.397174835205078,1.3407351
1920,2.1675158,0.23784952,-0.063792095,0.450648695230484,0.20942505,2.4440300464630127,1.2041297
1921,2.3762133,0.16592957,-0.105660066,0.7872986793518066,0.16401954,2.0519323348999023,1.9679167
1922,2.3830762,0.1296761,-0.112372875,0.8208524584770203,0.19186692,2.2967336177825928,1.8569751
1923,2.2980576,0.2602786,-0.09157984,0.8233122825622559,0.11277099,2.1150643825531006,1.3621101
1924,2.3281527,0.06134255,-0.06507638,0.7921277284622192,0.12949425,2.1118416786193848,1.4582648
1925,2.2566652,0.17499627,-0.12125572,0.6257458925247192,0.17069416,2.2108068466186523,1.1482403
1926,2.2718542,0.22590247,-0.11575657,0.7067753672599792,0.112276934,2.3074796199798584,1.1180211
1927,2.3001478,0.20663863,-0.062854715,0.8162170648574829,0.14732753,2.1289966106414795,1.6499437
1928,2.3074644,0.1578674,-0.44637662,0.6613374948501587,0.11373643,2.346022129058838,0.89013636
1929,2.2374663,0.1089031,-0.108876325,0.8498327136039734,0.087770626,2.310180425643921,1.1766273
1930,2.267777,0.12245987,-0.12719242,0.4594111144542694,0.17721288,2.1675212383270264,1.0948308
1931,2.2686467,0.2292749,-0.043780744,0.7933802604675293,0.15771237,2.249156951904297,1.4308195
1932,2.3294194,0.13597098,-0.14913152,0.5622774362564087,0.2121367,2.2380318641662598,1.4894973
1933,2.3157628,0.1641531,-0.138137,0.8474079966545105,0.14875977,2.2644896507263184,1.2862587
1934,2.29402,0.17298216,-0.13122486,0.7096546292304993,0.14626074,2.2176332473754883,1.3425008
1935,2.112106,0.19856223,0.021672202,0.6722776889801025,0.16614491,2.6365087032318115,0.9133779
1936,2.3511844,0.2608566,-0.14545636,0.8287506103515625,0.11866658,2.082970380783081,1.5670007
1937,2.2874668,0.24626811,-0.052301195,0.7039085626602173,0.16412365,2.117828845977783,1.5053372
1938,2.3867037,0.09783288,-0.138978,0.8322017788887024,0.11127157,2.311229944229126,1.2245073
1939,2.2965052,0.17880915,-0.19292594,0.7274636030197144,0.1803412,2.255802631378174,1.3299248
1940,2.3803058,0.11338522,-0.07814606,0.768541693687439,0.17108151,2.0582387447357178,2.4561186
1941,2.2850525,0.23318619,-0.21904828,0.7538408041000366,0.12511158,2.3862171173095703,1.1400983
1942,2.321709,0.13757187,-0.14067468,0.7586593627929688,0.17448218,2.3255324363708496,1.5755908
1943,2.32206,0.07095304,-0.049769722,0.7765034437179565,0.15953429,2.312626600265503,1.3902886
1944,2.3138185,0.049176645,-0.21236372,0.5760077238082886,0.20995817,2.2739458084106445,1.1468967
1945,2.2821736,0.20769523,-0.1183844,0.7646265625953674,0.15767223,2.3983500003814697,1.2852863
1946,2.2248743,0.1900267,-0.10232894,0.8008468151092529,0.11981819,2.5545432567596436,1.1039636
1947,2.3238328,0.21069588,-0.19383946,0.8457393050193787,0.09240754,2.233388662338257,1.3768017
1948,2.315167,0.23833376,-0.10459689,0.4101774990558624,0.19296071,2.10174560546875,1.441802
1949,2.293254,0.08849851,-0.06853178,0.7924866080284119,0.13194874,2.08394455909729,1.2241623
1950,2.2908077,0.26671046,-0.14621428,0.29462581872940063,0.22718988,2.131523370742798,1.6345724
1951,2.345829,0.29041567,-0.16928609,0.7757792472839355,0.16986418,2.1000025272369385,1.9163424
1952,2.2559528,0.19118996,-0.09235544,0.8118109703063965,0.14013511,2.687816619873047,0.9589821
1953,2.3075495,0.19299668,-0.1079747,0.8283204436302185,0.12172391,2.3383867740631104,1.5599359
1954,2.27659,0.20835859,-0.08045889,0.7976469993591309,0.16329052,2.168311595916748,1.4892728
1955,2.3267856,0.11765758,-0.068870135,0.8398795127868652,0.101673216,2.293560266494751,1.3513677
1956,2.3254411,0.15507533,-0.10314455,0.7610143423080444,0.17703012,2.041914463043213,1.6424913
1957,2.2067053,0.16966137,-0.049122307,0.6266522407531738,0.19154394,2.6450726985931396,1.1593179
1958,2.260502,0.213698,-0.032460324,0.7924783825874329,0.13507093,2.113386392593384,1.4508361
1959,2.3046596,0.08630628,-0.07063093,0.6058566570281982,0.18037848,2.338681936264038,1.1607271
1960,2.2637398,0.16251375,-0.1317436,0.7218323349952698,0.1649732,2.403128147125244,1.1915624
1961,2.1857085,0.21293212,-0.09374827,0.3789205551147461,0.21665974,2.5076136589050293,1.21483
1962,2.3375497,0.1668005,-0.11910217,0.6180058717727661,0.1731279,2.276885747909546,1.4272637
1963,2.340762,0.07352452,-0.069973044,0.7775787711143494,0.17605624,2.3723366260528564,1.1341532
1964,2.2733235,0.18429524,-0.07220927,0.7609800696372986,0.13184619,2.346816062927246,1.118196
1965,2.253123,0.11512982,-0.10443132,0.7921143770217896,0.1204784,2.4474167823791504,0.99370503
1966,2.2024477,0.13220759,-0.10373817,0.5136834979057312,0.23504332,2.3941650390625,1.3670683
1967,2.2523339,0.15382753,-0.13993816,0.85,0.13043576,2.6534039974212646,0.9077934
1968,2.3187578,0.13249828,-0.2246543,0.398825079202652,0.2628088,2.2636497020721436,1.5742987
1969,2.3434143,0.14065093,-0.13075832,0.8259665369987488,0.13431759,2.1379759311676025,1.4093146
1970,2.2957668,0.16488442,-0.06958987,0.7384672164916992,0.14316148,2.067880153656006,1.5841479
1971,2.3708673,0.1714432,-0.23967342,0.8098753690719604,0.13128522,2.1333305835723877,1.289823
1972,2.2176862,0.24904539,-0.16993527,0.6627849340438843,0.19632764,2.6196963787078857,1.1144056
1973,2.274647,0.13049462,-0.054953862,0.6673178672790527,0.19370049,2.3362436294555664,1.2472546
1974,2.3452208,0.19036894,-0.17418748,0.7233607769012451,0.17256242,2.089616537094116,1.8205496
1975,2.3856437,0.108128294,-0.20698741,0.7215660214424133,0.1824422,2.0882809162139893,1.8083371
1976,2.3087668,0.18934236,-0.157878,0.42541372776031494,0.24836631,2.249392509460449,1.3766892
1977,2.2697897,0.16959178,-0.059212677,0.7559900879859924,0.16642833,2.477759838104248,1.2516141
1978,2.1780875,0.1702401,0.024008181,0.7226274609565735,0.16065367,2.4764795303344727,1.1222311
1979,2.2903342,0.18870859,-0.21438377,0.8493255376815796,0.09869954,2.372279644012451,1.1202822
1980,2.2373037,0.16910778,-0.14130548,0.748849630355835,0.16906865,2.6778581142425537,1.0709115
1981,2.201043,0.15205973,-0.01982605,0.6365964412689209,0.17478532,2.3476834297180176,1.0141225
1982,2.2506206,0.17483526,0.033763036,0.7923012375831604,0.1611047,2.1277425289154053,1.4098866
1983,2.176021,0.20886374,-0.10317899,0.6087261438369751,0.14413694,2.3724160194396973,0.9698976
1984,2.2834477,0.12815562,-0.11265713,0.8174712061882019,0.14788757,2.32437801361084,1.1002897
1985,2.2625287,0.21132703,-0.13650122,0.85,0.08794637,2.492753744125366,0.96697944
1986,2.2997537,0.17900813,-0.15222034,0.8449944853782654,0.114901625,2.262516975402832,1.2118143
1987,2.3190987,0.21153168,-0.13672876,0.6267509460449219,0.18003398,2.0426645278930664,1.7978393
1988,2.2836773,0.13823545,-0.017721256,0.6834554672241211,0.14947852,1.9634968042373657,1.4678136
1989,2.2358115,0.08438596,0.01980254,0.6398605108261108,0.23765543,2.3022382259368896,1.5299572
1990,2.2245955,0.18203036,-0.12044637,0.7861326336860657,0.1703914,2.355267286300659,1.2715405
1991,2.3020883,0.21006975,-0.117933385,0.7644363045692444,0.1595456,2.104586362838745,1.6915369
1992,2.4524112,0.17946233,-0.1683809,0.5543422102928162,0.24693316,2.130887031555176,1.7077066
1993,2.1487036,0.30400327,-0.14918119,0.7157242298126221,0.17131883,2.5965194702148438,0.96545535
1994,2.3086848,0.18607159,-0.08503706,0.7190794944763184,0.18569344,2.195779800415039,1.4779419
1995,2.3616884,0.110121734,-0.06839053,0.713697612285614,0.14682743,2.0014431476593018,1.6698706
1996,2.3002336,0.20557404,-0.10147994,0.7311462163925171,0.17475934,2.1272406578063965,1.7856834
1997,2.3337142,0.083531104,-0.032296024,0.7286167144775391,0.20055553,2.1961073875427246,1.5001187
1998,2.4097216,0.10166083,-0.09947361,0.696060836315155,0.17755264,2.06196928024292,1.4164903
1999,2.2051845,0.18308191,-0.0924728,0.6271741390228271,0.17856129,2.4624645709991455,1.1728798
2000,2.2679622,0.20526461,-0.11510322,0.5374093651771545,0.19373114,2.202500343322754,1.3790144
2001,2.2648911,0.18226235,-0.287934,0.7677454352378845,0.18124457,2.5437018871307373,0.9458085
2002,2.3126552,0.17928752,-0.056938943,0.7333254814147949,0.117377006,2.254801034927368,1.2346141
2003,2.2987683,0.16415343,-0.17646408,0.8035774827003479,0.15740834,2.214970827102661,1.8638735
2004,2.26378,0.15766989,-0.12891568,0.7855217456817627,0.13553284,2.377681016921997,1.1985748
2005,2.1962237,0.20610808,-0.053545155,0.6284196972846985,0.19395407,2.3637185096740723,1.6425297
2006,2.2977514,0.15232906,-0.12054093,0.3509601652622223,0.17776492,2.2093825340270996,1.0349759
2007,2.2734718,0.1046465,-0.12856741,0.7688515186309814,0.12583207,2.3122456073760986,1.1373321
2008,2.315138,0.13950752,-0.09007625,0.5338783264160156,0.1634399,2.138908624649048,1.4825746
2009,2.2185059,0.1835109,-0.038661495,0.6382915377616882,0.18373784,2.478106737136841,1.2109207
2010,2.384101,0.11968212,-0.13325159,0.7218134999275208,0.19518456,2.190044403076172,2.1439135
2011,2.2474825,0.20957465,-0.14360504,0.7715192437171936,0.10479273,2.114333391189575,1.1275802
2012,2.2866244,0.20283726,-0.09616842,0.6111639142036438,0.18902007,2.138307809829712,1.4279078
2013,2.2089415,0.25818074,-0.07889471,0.85,0.09711869,2.4024367332458496,1.1936371
2014,2.2145345,0.13943738,0.001631737,0.7738940119743347,0.164795,2.606499433517456,1.011477
2015,2.2504787,0.21203373,-0.057549648,0.794446587562561,0.138779,2.2777652740478516,1.2422442
2016,2.3010867,0.14935306,-0.18008797,0.6935595273971558,0.14190154,2.262819528579712,1.0609448
2017,2.3832128,0.2236915,-0.2088395,0.8264731168746948,0.12053146,2.1777350902557373,1.5121309
2018,2.3025787,0.15081249,-0.13313426,0.8430144786834717,0.09032404,2.420380115509033,1.271941
2019,2.2887511,0.14183459,-0.13408837,0.5394352674484253,0.18443257,2.133218288421631,1.2983383
2020,2.3349452,0.12667428,-0.14865848,0.7720737457275391,0.14530507,2.1324312686920166,1.5462453
2021,2.306785,0.13168167,-0.18701464,0.6579033136367798,0.1567659,2.436680793762207,0.9247736
2022,2.3102915,0.17238979,-0.06452041,0.7671781778335571,0.1834636,2.0852067470550537,1.520058
2023,2.172929,0.16875975,-0.084903456,0.6200659871101379,0.14986797,2.1676201820373535,1.0112742
2024,2.313444,0.19924021,-0.09229671,0.8217824101448059,0.15962273,2.2614753246307373,1.2570841
2025,2.2507982,0.27364916,-0.16340418,0.6252515316009521,0.16680911,2.353782892227173,1.1472161
2026,2.2996397,0.13585919,-0.12256608,0.8125345706939697,0.08896141,2.4876554012298584,0.93885285
2027,2.2645066,0.12960736,-0.17244309,0.5208577513694763,0.1986476,2.2121355533599854,1.079533
2028,2.279896,0.12565602,-0.123623095,0.6916336417198181,0.15315089,2.476160764694214,1.039571
2029,2.3124864,0.25318044,-0.12531543,0.7686879634857178,0.15789261,2.4405620098114014,1.105853
2030,2.2346115,0.16385822,-0.0466115,0.5980892181396484,0.18042803,2.2852110862731934,1.1186525
2031,2.1844232,0.19583201,-0.16321303,0.4038557708263397,0.22121245,2.4546947479248047,1.0527059
2032,2.2094412,0.21783285,-0.0807293,0.6267260909080505,0.19766025,2.584456443786621,1.1760632
2033,2.3199682,0.16322665,-0.07418959,0.8054569363594055,0.14463496,2.1222777366638184,1.491443
2034,2.2656069,0.13935553,-0.16484341,0.542103111743927,0.18845706,2.6093883514404297,1.0442318
2035,2.2629395,0.09706479,-0.039240725,0.5615060925483704,0.1874637,2.1149539947509766,1.3333656
2036,2.2288313,0.20372775,-0.12386846,0.5635061264038086,0.19613914,2.369137763977051,1.1746253
2037,2.2310522,0.21297191,-0.10340926,0.8427254557609558,0.15669668,2.406736135482788,1.1731266
2038,2.2418535,0.11186389,-0.13774778,0.7373204827308655,0.13022925,2.5072813034057617,0.8997856
2039,2.3503811,0.19264555,-0.11602214,0.8480262756347656,0.11046985,2.0445163249969482,1.6044749
2040,2.2221541,0.22493845,-0.074417934,0.7032456398010254,0.17948005,2.232999086380005,1.4584616
2041,2.293873,0.14450212,-0.120391466,0.6528208255767822,0.14244506,2.2761199474334717,1.0620818
2042,2.271319,0.15072471,-0.1487614,0.843270480632782,0.113668784,2.3350212574005127,1.1225263
2043,2.261143,0.2446986,-0.1497154,0.6204398274421692,0.14491782,2.128417491912842,1.3844633
2044,2.2661026,0.1650262,-0.10436908,0.7569192051887512,0.14048673,2.1671788692474365,1.2520574
2045,2.2987194,0.21983849,-0.16180928,0.7445963621139526,0.15154466,2.4043283462524414,0.99723506
2046,2.2353785,0.093189426,-0.105540894,0.4186761975288391,0.17813306,2.3975741863250732,1.018381
2047,2.2434168,0.24722202,-0.14123164,0.7131412625312805,0.14944093,2.1921231746673584,1.2206428
2048,2.340078,0.17266473,-0.23206982,0.7414117455482483,0.17433548,2.5358636379241943,1.1024817
2049,2.3221054,0.09576527,-0.084085554,0.6054823398590088,0.1837202,2.152435779571533,1.2595031
2050,2.2567484,0.16195902,-0.075233884,0.8169105052947998,0.1269329,2.25925612449646,1.262278
2051,2.3368251,0.055044055,-0.15030086,0.8242163062095642,0.10876851,2.5935580730438232,0.94017553
2052,2.2732046,0.172433,-0.102969915,0.8263815641403198,0.10466823,2.1815025806427,1.1191195
2053,2.2771058,0.17521782,-0.063290454,0.6654946208000183,0.19574219,2.2518398761749268,1.4784234
2054,2.265323,0.2034674,-0.11322512,0.7978625893592834,0.15121649,2.0852103233337402,1.3578268
2055,2.234119,0.14637697,-0.1402614,0.7095542550086975,0.13499099,2.3904802799224854,1.1079936
2056,2.2152357,0.17393492,-0.0135023175,0.5216411352157593,0.22472256,2.300903081893921,1.288814
2057,2.1683571,0.19605269,-0.039045654,0.7516941428184509,0.171646,2.4309029579162598,1.2587128
2058,2.2362213,0.13543332,-0.051472645,0.7951667308807373,0.15530384,2.540480375289917,1.0959029
2059,2.3390613,0.18229781,-0.2123059,0.7946445345878601,0.16174458,2.1495912075042725,1.8504912
2060,2.259798,0.14615649,-0.102659,0.70988529920578,0.16660035,2.238793134689331,1.0602924
2061,2.278761,0.18475063,-0.14848207,0.8093644380569458,0.13719049,2.1705474853515625,1.263321
2062,2.2620301,0.12362392,-0.10295781,0.645993173122406,0.20490499,2.3260159492492676,1.3645113
2063,2.3834777,0.21883461,-0.051697254,0.6049984693527222,0.25239727,2.0605578422546387,2.441236
2064,2.306803,0.14345898,-0.1458174,0.6036707162857056,0.20196891,2.3984251022338867,1.3819251
2065,2.384212,0.07335085,-0.15431397,0.7031837105751038,0.17815845,2.2311389446258545,1.3908575
2066,2.2762942,0.160861,-0.20680656,0.799100935459137,0.1454782,2.399144411087036,1.1113399
2067,2.2701952,0.18707086,-0.06926874,0.6247912645339966,0.18888997,2.10536527633667,1.927719
2068,2.3072064,0.14373203,-0.10297799,0.6684685945510864,0.20440738,2.2332210540771484,1.6617268
2069,2.2634711,0.19394362,-0.056253184,0.7247011661529541,0.16214567,2.3932440280914307,1.1990107
2070,2.2109437,0.16976625,-0.03996201,0.6321650743484497,0.18912196,2.117114305496216,1.2668587
2071,2.3745553,0.15471047,-0.17505616,0.47522538900375366,0.23771335,2.0267045497894287,2.1337323
2072,2.2210855,0.13010515,-0.0048840367,0.7924816012382507,0.1463253,2.4235968589782715,1.0317963
2073,2.2251244,0.11575174,-0.14501312,0.4607739746570587,0.19885325,2.3969802856445312,0.98688936
2074,2.3004377,0.1818651,-0.12566476,0.8035442233085632,0.15270951,2.2756524085998535,1.299406
2075,2.23431,0.1673075,-0.07840925,0.7198290824890137,0.17878377,2.3435959815979004,1.3651084
2076,2.3312743,0.18791656,-0.17400403,0.5794379115104675,0.21545109,2.0910606384277344,1.6893001
2077,2.0885038,0.18190077,-0.0709724,0.3632335066795349,0.21290852,2.344653606414795,0.98544127
2078,2.2502007,0.226763,-0.07770854,0.7971407175064087,0.14124753,2.130925178527832,1.310835
2079,2.2570558,0.20657638,-0.03619216,0.5577805042266846,0.2154125,2.029954433441162,1.7874721
2080,2.1286988,0.14895876,-0.10450688,0.1983167827129364,0.25961632,2.469883680343628,0.88861954
2081,2.3746655,0.06147084,0.030514153,0.6396691799163818,0.20888826,2.028538465499878,1.8416333
2082,2.3719494,0.18085901,-0.14555497,0.7436679601669312,0.17840433,2.1190617084503174,1.7489412
2083,2.3597322,0.06027957,-0.08981968,0.8204513788223267,0.1183811,2.0135281085968018,1.8357918
2084,2.2868938,0.083362326,-0.09331382,0.8153473138809204,0.12573043,2.1800296306610107,1.358521
2085,2.2238986,0.13453184,-0.07754637,0.7939265370368958,0.10338564,2.5009779930114746,0.8540871
2086,2.3286395,0.15833096,-0.10923086,0.8297297358512878,0.12743613,2.323042631149292,1.4043528
2087,2.224914,0.17065531,-0.13403802,0.8384852409362793,0.086555034,2.4244775772094727,1.0216691
2088,2.2927072,0.103809446,-0.04646134,0.6414365172386169,0.20989956,2.1096673011779785,1.4220239
2089,2.3387072,0.15907145,-0.17461342,0.7609767913818359,0.16853756,2.0909311771392822,1.3658369
2090,2.3491404,0.18764256,-0.082891084,0.8203584551811218,0.19629343,2.0728752613067627,1.5723042
2091,2.3555682,0.15764122,-0.09871506,0.67757248878479,0.219082,2.186875581741333,1.5719061
2092,2.3969095,0.1051407,-0.057686314,0.7354834675788879,0.18775359,2.1441140174865723,1.8947183
2093,2.259162,0.09588897,-0.037248142,0.6883461475372314,0.20339102,2.2337474822998047,1.7516204
2094,2.170127,0.14497696,-0.06254425,0.480442613363266,0.19290422,2.119396448135376,1.196063
2095,2.3295124,0.16834062,-0.11952631,0.7189050316810608,0.090756595,2.278670072555542,1.6134788
2096,2.267138,0.12924978,-0.094480574,0.5612472295761108,0.17600812,2.371222496032715,1.1255533
2097,2.3610594,0.10858574,-0.12473374,0.7453811168670654,0.20187277,2.0417182445526123,2.0522346
2098,2.2537465,0.13189296,-0.1025665,0.5140163898468018,0.17307733,2.328462839126587,1.1695471
2099,2.2596886,0.21327707,-0.09853536,0.755820095539093,0.16963693,2.4485671520233154,1.1754836
2100,2.3005323,0.22790462,-0.18607017,0.7086533308029175,0.17294624,2.363589286804199,1.1669799
2101,2.2022433,0.15176997,-0.0910008,0.6095699667930603,0.15734054,2.4114956855773926,0.92439675
2102,2.2729445,0.18686587,-0.14274913,0.7627356648445129,0.15136439,2.4722471237182617,1.1296713
2103,2.3012297,0.24449773,-0.15665658,0.7987374663352966,0.16923675,2.2334892749786377,1.5770081
2104,2.3247793,0.14290708,-0.18870047,0.6022448539733887,0.20848009,2.165891170501709,1.3311871
2105,2.213115,0.15994395,-0.121006764,0.739203929901123,0.15546504,2.487178325653076,1.0736243
2106,2.2195656,0.19021058,-0.051800407,0.7294014096260071,0.17944147,2.3400330543518066,1.263176
2107,2.2901027,0.18319336,-0.10754465,0.6824893951416016,0.15781048,2.130530595779419,1.1739212
2108,2.1692011,0.20808764,-0.112345904,0.7618973255157471,0.1627359,2.590100049972534,1.1096205
2109,2.2402365,0.20560655,-0.05153766,0.7487208843231201,0.1525625,2.078744649887085,1.6430471
2110,2.348498,0.089181155,-0.08555335,0.7129236459732056,0.16359778,2.293386697769165,1.5074725
2111,2.2915485,0.0701401,-0.07577937,0.6756356954574585,0.16440657,2.3664047718048096,1.1852517
2112,2.29761,0.15410867,-0.11679409,0.7965019345283508,0.1266168,2.409956932067871,1.2642156
2113,2.3712938,0.12679443,-0.1859629,0.7174252867698669,0.18491761,2.169898748397827,1.4595159
2114,2.2945917,0.19126178,-0.12717724,0.800309956073761,0.114534624,2.253751039505005,1.3450745
2115,2.2373245,0.12770072,-0.20673925,0.3819691836833954,0.18753465,2.3387701511383057,1.097454
2116,2.2530863,0.11830818,-0.012466038,0.5987890958786011,0.20979717,2.2042078971862793,1.3044689
2117,2.3268883,0.15309358,-0.08557461,0.8494861125946045,0.089486904,2.0954201221466064,1.4840462
2118,2.3467526,0.2633678,-0.13945667,0.6383731961250305,0.21229741,2.193016767501831,1.8869246
2119,2.295708,0.15871549,-0.15508273,0.85,0.09518897,2.5397322177886963,0.9837395
2120,2.3052495,0.13394178,-0.063684866,0.5996406078338623,0.20427006,2.0651862621307373,1.564142
2121,2.3225446,0.1914004,-0.12317698,0.6435742974281311,0.16696958,2.1109683513641357,1.6720608
2122,2.2746434,0.12868927,-0.040541373,0.7375898361206055,0.15441197,2.1852478981018066,1.1964653
2123,2.1818604,0.1509301,-0.07857209,0.6577840447425842,0.19115119,2.59185791015625,1.0204791
2124,2.2363458,0.11112525,-0.08060415,0.6851555109024048,0.16029376,2.3894028663635254,1.1011078
2125,2.376892,0.19863565,-0.14199567,0.8369438648223877,0.14478067,2.130236864089966,1.6295003
2126,2.4095242,0.13158996,-0.12639205,0.71595299243927,0.19028364,2.0649592876434326,1.5793552
2127,2.2795956,0.18011181,0.02061367,0.842566967010498,0.13403276,2.380749225616455,1.1646144
2128,2.3446686,0.13168555,-0.1520186,0.766584575176239,0.15279096,2.153106927871704,1.5559405
2129,2.2332027,0.16880953,-0.12801985,0.684917688369751,0.18039577,2.3832578659057617,1.1493534
2130,2.3546777,0.2521457,-0.20675367,0.6027037501335144,0.23862995,2.260568857192993,1.8775437
2131,2.3584058,0.17549366,-0.17785498,0.839073121547699,0.16636671,2.0610713958740234,1.9167372
2132,2.1983635,0.10626842,-0.031289928,0.8011317849159241,0.13895549,2.615802526473999,0.96122384
2133,2.21216,0.2455509,-0.1062831,0.8129758238792419,0.14203164,2.4212095737457275,1.2090582
2134,2.4462957,0.18634091,-0.16868287,0.772632896900177,0.199703,2.0343194007873535,2.0106533
2135,2.3032458,0.12029977,-0.06965472,0.7393071055412292,0.14742501,2.2689850330352783,1.4230999
2136,2.3133276,0.15406068,-0.0731336,0.8137409687042236,0.14102894,2.2607152462005615,1.4232767
2137,2.275529,0.17868695,-0.061437007,0.7266766428947449,0.16352718,2.305947780609131,1.2884179
2138,2.2547138,0.16623972,-0.041820996,0.522158682346344,0.20150337,2.220522165298462,1.23218
2139,2.2755995,0.14441049,-0.055998743,0.8260625600814819,0.1473806,2.5116899013519287,1.1198651
2140,2.2973666,0.051647138,-0.03842063,0.8358086347579956,0.13611478,2.39831280708313,1.3960946
2141,2.2422354,0.16529793,-0.18973127,0.39979466795921326,0.20743255,2.3075735569000244,1.2878042
2142,2.3644123,0.17567824,-0.08055708,0.831749439239502,0.1258917,2.3125393390655518,1.7746198
2143,2.3802726,0.18561402,-0.07534268,0.7186172604560852,0.23092599,2.1456010341644287,1.6990898
2144,2.4271734,0.14153191,-0.22328703,0.5894536972045898,0.19007704,2.1040127277374268,1.6567087
2145,2.3188763,0.10139245,-0.18375792,0.8228861689567566,0.14855413,2.362861156463623,1.1753765
2146,2.27334,0.18175742,-0.077162005,0.7242619395256042,0.19128738,2.2888758182525635,1.2637016
2147,2.2996545,0.18316162,-0.06958752,0.6248254776000977,0.21265118,2.1297569274902344,1.7650193
2148,2.2866414,0.12235271,-0.13963099,0.85,0.09319721,2.5913989543914795,0.9747392
2149,2.320405,0.17142203,-0.10120136,0.729591965675354,0.16130815,2.1056227684020996,1.5610605
2150,2.2784483,0.117355786,-0.17092526,0.8374470472335815,0.103688836,2.5555574893951416,0.98547095
2151,2.1877685,0.19140738,-0.14815427,0.5395647883415222,0.22662961,2.445507764816284,1.1554055
2152,2.3235924,0.0945318,-0.14043103,0.6415092945098877,0.1974864,2.265679121017456,1.3741401
2153,2.387545,0.13994053,-0.14325501,0.7966567277908325,0.1639805,2.1674201488494873,1.1611739
2154,2.3398583,0.10837673,-0.08886208,0.8315412402153015,0.12438945,2.206343173980713,1.4021852
2155,2.4098418,0.062150024,-0.073016375,0.8424775004386902,0.10446203,2.092966079711914,1.9601743
2156,2.316216,0.10646375,-0.11822305,0.85,0.08666474,2.1297221183776855,1.2422881
2157,2.2626483,0.12131312,-0.09864227,0.653474748134613,0.18372025,2.6179542541503906,1.0712564
2158,2.3205912,0.07546319,-0.09735873,0.775104284286499,0.16656993,2.2756946086883545,1.271626
2159,2.2808926,0.14877251,-0.12747367,0.5254669785499573,0.18045469,2.260746717453003,1.2919316
2160,2.262383,0.2549624,-0.164639,0.6959763765335083,0.19944651,2.3535890579223633,1.2896093
2161,2.1948152,0.18935211,-0.04093482,0.7302831411361694,0.1764126,2.2479074001312256,1.245168
2162,2.2532878,0.17053382,-0.04862698,0.5659686326980591,0.2271322,2.0826637744903564,2.7267683
2163,2.3306384,0.11951932,-0.040062953,0.8418539762496948,0.10809996,2.2820494174957275,1.6302699
2164,2.225339,0.18155617,-0.04053597,0.7525792121887207,0.15073155,2.4906418323516846,1.165622
2165,2.199682,0.15495867,-0.080592714,0.7642149329185486,0.14707744,2.470545768737793,1.0915002
2166,2.2570305,0.14460425,-0.065416895,0.7524431347846985,0.15410581,2.1545729637145996,1.3777297
2167,2.3065152,0.20864151,-0.05254242,0.7874464988708496,0.16425732,2.0856692790985107,1.5652778
2168,2.270084,0.16280842,-0.1503434,0.6692799925804138,0.15180896,2.3807055950164795,1.0709677
2169,2.2568362,0.09030029,-0.14466502,0.5916590094566345,0.15907888,2.465650796890259,0.96376336
2170,2.3056717,0.117636524,-0.1407672,0.8471793532371521,0.13575763,2.4278032779693604,1.0896099
2171,2.3335052,0.11949396,-0.10887119,0.8487012982368469,0.1145564,2.1871302127838135,1.4810522
2172,2.2487192,0.114401564,-0.050293483,0.6426662802696228,0.19454092,2.3254897594451904,1.2409891
2173,2.3219984,0.12897289,-0.1330419,0.7721740007400513,0.15305312,2.2085700035095215,1.3387787
2174,2.29565,0.13424191,-0.028009953,0.7186729907989502,0.16642551,2.1666927337646484,1.5251107
2175,2.3601637,0.19560562,-0.105995744,0.8210329413414001,0.12261632,2.04284405708313,1.9565812
2176,2.2600663,0.1396645,-0.087791905,0.5302613377571106,0.22832713,2.385146379470825,1.022595
2177,2.3210099,0.09426579,-0.14843987,0.833513081073761,0.12998676,2.5787246227264404,1.0963356
2178,2.3059835,0.19450493,-0.1081793,0.695473849773407,0.15087299,2.142717123031616,1.1534699
2179,2.2981153,0.20641862,-0.08489096,0.7576497197151184,0.16227438,2.242633581161499,1.327308
2180,2.3005087,0.17554763,-0.055905014,0.7210431694984436,0.1393072,2.0114734172821045,1.5369718
2181,2.2097619,0.08914121,0.0024372146,0.7442630529403687,0.19945589,2.431032180786133,1.1590028
2182,2.2490845,0.1261484,-0.030846987,0.7985041737556458,0.14028747,2.3722422122955322,1.2130827
2183,2.2647834,0.2009469,-0.13928954,0.4836175739765167,0.21680044,2.208207130432129,1.1687942
2184,2.322854,0.11899615,-0.076689415,0.42733216285705566,0.16660343,2.2672433853149414,1.217303
2185,2.272003,0.20989074,-0.16146988,0.663155734539032,0.1521556,2.125699758529663,1.1897326
2186,2.3450525,0.10121996,-0.13621046,0.7311379313468933,0.19252534,2.260591506958008,1.2638304
2187,2.2414775,0.10158845,-0.087498225,0.7348393201828003,0.18171848,2.406585454940796,1.2063417
2188,2.3370507,0.15284495,-0.0051306747,0.7894975543022156,0.15903239,2.061884641647339,1.7984439
2189,2.3414898,0.20347999,-0.056000065,0.7414234280586243,0.1593105,2.101243495941162,1.5437684
2190,2.3331795,0.19121927,-0.10545272,0.6322702169418335,0.16709082,2.064148187637329,1.668457
2191,2.4240048,0.1714383,-0.13903981,0.7001219987869263,0.19801724,2.0961718559265137,1.448831
2192,2.250238,0.19940671,-0.06748427,0.6631981134414673,0.19754861,2.5526740550994873,1.1964005
2193,2.3531547,0.15795317,-0.18615852,0.8331655263900757,0.1064071,2.071439266204834,1.2798179
2194,2.3472073,0.07067513,-0.11729572,0.741946816444397,0.16596666,2.2772727012634277,1.1871313
2195,2.327724,0.17784537,-0.089719616,0.6654711365699768,0.1910656,2.132534980773926,1.2671288
2196,2.3083007,0.20636046,-0.094268836,0.8015357851982117,0.15094504,2.3119394779205322,1.8217388
2197,2.4310424,0.17536709,-0.20159493,0.7420223355293274,0.19103391,2.0506591796875,1.6198617
2198,2.2784123,0.14376532,-0.08903957,0.7862907648086548,0.1494214,2.5829529762268066,1.1768185
2199,2.3704252,0.15746492,-0.17685841,0.5841040015220642,0.20881937,2.0860884189605713,1.4808673
2200,2.3711176,0.104327306,-0.090547554,0.741205632686615,0.1685719,2.000781536102295,1.5207938
2201,2.2673016,0.1518837,0.06970573,0.6287353038787842,0.17138258,2.0424084663391113,1.811188
2202,2.2533505,0.22458185,-0.0880399,0.5785202383995056,0.16573931,2.1078033447265625,1.3513795
2203,2.2146955,0.16656508,-0.18782102,0.3981890082359314,0.16441345,2.235671281814575,1.0748158
2204,2.3064735,0.2172838,-0.1887392,0.5849734544754028,0.18069719,2.346907615661621,1.1645254
2205,2.1993778,0.17509712,-0.055051215,0.7190114855766296,0.12893225,2.3551828861236572,1.0005949
2206,2.3328748,0.15714906,-0.1380449,0.6138836741447449,0.19256724,2.1188161373138428,1.5150495
2207,2.1770453,0.17965415,-0.04209443,0.5608507394790649,0.18158314,2.3189642429351807,1.2944365
2208,2.3689485,0.1703996,-0.13184503,0.566040575504303,0.20738645,2.0905683040618896,1.6376787
2209,2.2194571,0.1620055,-0.03139763,0.7156063318252563,0.1775458,2.221364736557007,1.1840066
2210,2.302422,0.18514566,-0.060807575,0.8486329913139343,0.08370548,2.4448471069335938,1.2637646
2211,2.298576,0.19095147,-0.11310814,0.7581223249435425,0.16843177,2.257242441177368,1.510498
2212,2.4160311,0.1463871,-0.21503079,0.7258450388908386,0.17311767,2.201833486557007,1.4102603
2213,2.2352147,0.12843764,-0.088170916,0.40224742889404297,0.23703755,2.3235819339752197,1.2381976
2214,2.2988436,0.10428396,-0.10879545,0.5890815854072571,0.1950121,2.229745864868164,1.2403816
2215,2.197216,0.20207973,-0.0964554,0.6531487107276917,0.20024058,2.5405704975128174,1.0646397
2216,2.2084177,0.13375264,-0.07252153,0.7887554168701172,0.19056273,2.5512843132019043,1.1684877
2217,2.3075502,0.14474164,-0.12135872,0.7659102082252502,0.17626578,2.4378747940063477,1.2604449
2218,2.3400357,0.11062065,-0.11851961,0.748650074005127,0.16405842,2.3899247646331787,1.3738818
2219,2.2370796,0.18119013,-0.14253269,0.800154447555542,0.16958363,2.4192967414855957,1.291066
2220,2.2596467,0.26090267,-0.13639611,0.8316342234611511,0.13612452,2.2739577293395996,1.4526988
2221,2.310663,0.18715739,-0.042685084,0.764643669128418,0.14795883,2.0664849281311035,1.6963356
2222,2.2454174,0.20954858,-0.18812051,0.43616023659706116,0.23413,2.2947299480438232,1.3934423
2223,2.3052194,0.15820898,-0.12533543,0.41289401054382324,0.21366185,2.060643196105957,1.6532383
2224,2.3359241,0.18744387,-0.16536729,0.6587902903556824,0.16232616,2.077915906906128,1.4971178
2225,2.3431337,0.15349664,-0.089734085,0.5870707035064697,0.24132745,2.079374313354492,2.0948632
2226,2.2416482,0.146448,-0.079846434,0.7631534934043884,0.14967391,2.6166906356811523,1.0225645
2227,2.4594882,0.17120506,-0.14396119,0.7338498830795288,0.2350874,2.0220351219177246,2.056685
2228,2.2948506,0.14783326,-0.14524272,0.7344539761543274,0.1813943,2.318878650665283,1.1718625
2229,2.2368531,0.096380085,-0.108918875,0.5940945744514465,0.19378592,2.441848039627075,1.1962277
2230,2.2601037,0.2036096,-0.0041702534,0.8465823531150818,0.08792321,2.0447278022766113,1.3100978
2231,2.2908993,0.110114455,-0.086924076,0.8455845713615417,0.12781829,2.485285758972168,1.0273646
2232,2.2814016,0.20257103,-0.18085214,0.7062738537788391,0.19652498,2.2130682468414307,1.5278902
2233,2.2907455,0.13562112,-0.041126925,0.7366132736206055,0.16247521,2.2344319820404053,1.3874397
2234,2.30432,0.18449983,-0.1283735,0.338538259267807,0.22498854,2.291084051132202,1.4040377
2235,2.3068159,0.15797222,-0.12924299,0.6502309441566467,0.16695932,2.391280174255371,1.0445269
2236,2.2313225,0.16376613,-0.017394638,0.5575138330459595,0.19271845,2.4032771587371826,1.0706085
2237,2.22565,0.12745465,-0.15686256,0.6216312050819397,0.14651176,2.7024028301239014,0.8526869
2238,2.3649192,0.19825599,-0.17634545,0.7949029207229614,0.156236,2.175532341003418,1.4373316
2239,2.2596834,0.19697079,-0.11012003,0.6824338436126709,0.17509371,2.32967209815979,1.1571201
2240,2.2705123,0.1841591,-0.14747341,0.7975413203239441,0.120648764,2.4705629348754883,1.1704377
2241,2.2327673,0.19020873,-0.05464306,0.5773758292198181,0.17897059,2.3730413913726807,1.1591308
2242,2.2087965,0.093157634,-0.08347447,0.7658111453056335,0.13539007,2.477573871612549,0.9104828
2243,2.2865043,0.1262674,-0.17646356,0.5465600490570068,0.19626717,2.193054437637329,1.1720705
2244,2.2700107,0.18097599,-0.061890576,0.8463899493217468,0.10553291,2.1863479614257812,1.280498
2245,2.247143,0.1583956,-0.05994381,0.6586957573890686,0.21736215,2.362246513366699,1.5046955
2246,2.3001328,0.11367415,-0.13091208,0.7042781710624695,0.18926425,2.3292219638824463,1.3251756
2247,2.2250445,0.18024616,-0.096624985,0.7385755777359009,0.1642638,2.493222713470459,1.177965
2248,2.3441095,0.19725645,-0.21152768,0.7349170446395874,0.22098313,2.3544859886169434,1.4052846
2249,2.3714964,0.14708564,-0.04778493,0.796158492565155,0.16270916,2.018357515335083,1.5449764
2250,2.223679,0.16285445,-0.14318494,0.7037788033485413,0.13777713,2.4096519947052,0.9466006
2251,2.240984,0.17740117,-0.010305751,0.7822026014328003,0.15765965,2.356255054473877,1.370055
2252,2.2026541,0.2173891,-0.04335082,0.5135298371315002,0.20135602,2.598020553588867,1.0982419
2253,2.309231,0.15744118,-0.15927094,0.8349764347076416,0.104258515,2.425109624862671,1.1752641
2254,2.193846,0.19497813,-0.18893582,0.6057179570198059,0.15066874,2.4530999660491943,0.93959546
2255,2.3410091,0.13040325,-0.1336533,0.7906200885772705,0.13503347,2.321667194366455,1.3811625
2256,2.291495,0.12197524,-0.1399324,0.8319754004478455,0.10324761,2.423279047012329,1.1694956
2257,2.3017914,0.16611181,-0.13290136,0.6799929738044739,0.16794448,2.142540216445923,1.2334594
2258,2.2204204,0.1816229,-0.037006926,0.7812713384628296,0.18148011,2.4011354446411133,1.4249164
2259,2.4804907,0.15761721,-0.1275146,0.7027590274810791,0.25684658,2.128863573074341,1.8744164
2260,2.227748,0.19579108,-0.08989082,0.8386935591697693,0.09895407,2.145477294921875,1.221892
2261,2.258164,0.2432293,-0.10997779,0.7189891338348389,0.16201785,2.324338912963867,1.238475
2262,2.3611948,0.115206845,-0.1022886,0.827038049697876,0.15598136,2.1395092010498047,1.5817578
2263,2.312685,0.18644491,-0.048648316,0.754597544670105,0.14352198,2.362865447998047,1.1858296
2264,2.3603597,0.13214938,-0.13365933,0.7059036493301392,0.17174757,2.1378977298736572,1.4423996
2265,2.3883884,0.14538288,-0.1713996,0.8118686079978943,0.16642383,2.0753748416900635,1.6232907
2266,2.2680647,0.1251415,0.011137694,0.6423163414001465,0.16984339,2.135982036590576,1.4581015
2267,2.3215299,0.17917788,-0.121622965,0.8046481609344482,0.12898518,2.2867159843444824,1.3287786
2268,2.3467236,0.13780631,-0.103967175,0.39429330825805664,0.1701295,2.1695144176483154,1.6008041
2269,2.3061903,0.20194648,-0.10053849,0.7739034295082092,0.18097016,2.1216750144958496,1.5956982
2270,2.2462385,0.2139776,-0.04690803,0.8290808200836182,0.10330647,2.2011053562164307,1.3866758
2271,2.327385,0.19029026,-0.024560465,0.783545970916748,0.1539169,2.05995774269104,1.6305493
2272,2.3668396,0.16402972,-0.15722564,0.6810206174850464,0.1382738,2.205231189727783,1.2823855
2273,2.3430765,0.23883025,-0.21770418,0.6283453106880188,0.14445457,2.343046188354492,1.1230375
2274,2.293131,0.1938066,-0.08947986,0.6564363241195679,0.18341413,2.266538381576538,1.6173594
2275,2.3141534,0.21273324,-0.15787037,0.8278051614761353,0.13165328,2.1254007816314697,1.589571
2276,2.3365002,0.16017984,-0.07520376,0.7008751630783081,0.21037829,2.0354652404785156,1.6909125
2277,2.2941794,0.10971789,-0.12531489,0.7385051250457764,0.16145857,2.147784948348999,1.47376
2278,2.2850716,0.24969749,-0.0778542,0.7257493138313293,0.17841774,2.0808470249176025,1.6378356
2279,2.260803,0.19197302,-0.14306325,0.6423801183700562,0.15090823,2.3287198543548584,1.1071213
2280,2.2245767,0.16130084,-0.07415875,0.6904893517494202,0.18227421,2.4530537128448486,1.1300539
2281,2.1908894,0.14774384,-0.081083134,0.7738600373268127,0.12705648,2.40812087059021,1.0582019
2282,2.3205535,0.090506196,-0.100278735,0.8371495008468628,0.10536752,2.3904120922088623,1.3229017
2283,2.2920492,0.14387037,-0.10323555,0.7198135256767273,0.16629231,2.2758543491363525,1.1818192
2284,2.3432038,0.16387834,-0.15954567,0.7916470170021057,0.14092559,2.2342793941497803,1.3744084
2285,2.2487175,0.19591382,-0.13283676,0.6503459811210632,0.15424573,2.305384635925293,1.0880952
2286,2.340968,0.22129098,-0.122096516,0.6610602140426636,0.17655027,2.0414421558380127,1.7561226
2287,2.3173473,0.14071012,-0.073492005,0.6416658163070679,0.17272651,2.1575820446014404,1.3287126
2288,2.3865159,0.12215073,-0.1708115,0.8171887397766113,0.15569153,2.271272897720337,1.5699068
2289,2.274355,0.21258941,-0.067909494,0.7597442269325256,0.13848916,2.3600714206695557,1.3383057
2290,2.3609972,0.15821378,-0.13925217,0.6420884728431702,0.18030022,2.0113720893859863,1.461843
2291,2.2319922,0.19080415,-0.05865409,0.6157337427139282,0.16469619,2.3162081241607666,1.1491867
2292,2.3754861,0.13971706,-0.1322349,0.8110756874084473,0.1459536,2.0667197704315186,1.5829558
2293,2.245613,0.11502286,-0.03570645,0.6434862613677979,0.17531115,2.285875082015991,1.2103388
2294,2.1617446,0.14968272,-0.0756102,0.49353718757629395,0.19258353,2.5195767879486084,1.0249734
2295,2.353231,0.08400071,-0.100115046,0.7875364422798157,0.15093428,2.225820302963257,1.2661803
2296,2.3481402,0.15699063,-0.18732177,0.7230631709098816,0.16765016,2.1398465633392334,1.3660741
2297,2.3212907,0.16135666,-0.098304406,0.46384602785110474,0.18720262,2.132612466812134,1.6855392
2298,2.3277678,0.073789135,-0.17823312,0.7625827789306641,0.13246141,2.093954086303711,1.3664262
2299,2.3626096,0.13957582,-0.1401142,0.7687070965766907,0.16705352,2.110650062561035,1.3657668
2300,2.1942606,0.24927944,-0.051406417,0.8060312867164612,0.11482659,2.4156746864318848,0.9999261
2301,2.3818307,0.11906117,-0.14146791,0.7451635599136353,0.17270064,2.0672683715820312,1.764556
2302,2.2897124,0.21526805,-0.17790206,0.5324495434761047,0.22049235,2.4551987648010254,1.1816144
2303,2.3310106,0.094436176,-0.084104404,0.8094574809074402,0.14939898,2.0844359397888184,1.7481675
2304,2.349721,0.07827525,-0.13404688,0.43813076615333557,0.21397708,2.201357364654541,1.5019143
2305,2.179754,0.19468826,-0.17152971,0.38563162088394165,0.24059072,2.597921848297119,1.112368
2306,2.1425982,0.19387983,-0.0069978256,0.6650157570838928,0.17394568,2.2424676418304443,1.2797736
2307,2.2022312,0.21936853,-0.100059934,0.5033404231071472,0.25653654,2.4694080352783203,1.2614515
2308,2.2876794,0.17527875,-0.07793189,0.6611935496330261,0.17264043,2.0797059535980225,1.4839246
2309,2.2813435,0.1552147,-0.14141278,0.724683403968811,0.18603109,2.3121156692504883,1.4388012
2310,2.3605707,0.19058304,-0.21227108,0.7812225222587585,0.1656581,2.199399948120117,1.4958903
2311,2.3337326,0.24193066,-0.058477513,0.6507986783981323,0.21765144,2.0832877159118652,1.8867451
2312,2.3092864,0.14824416,-0.14369604,0.7603345513343811,0.14861259,2.3535139560699463,1.2160842
2313,2.3004644,0.14984941,-0.16315162,0.6506812572479248,0.20445696,2.3533775806427,1.3283322
2314,2.2890007,0.15113728,-0.09915477,0.7477492690086365,0.13252568,2.295140504837036,1.0059397
2315,2.2595859,0.12737696,-0.053187206,0.601561427116394,0.20840412,2.3676917552948,1.4541662
2316,2.3338788,0.16969697,-0.16082336,0.5382828116416931,0.20207866,2.1987862586975098,1.3879721
2317,2.219441,0.14131369,-0.096278116,0.7608268857002258,0.14379486,2.5796005725860596,1.0664865
2318,2.2815435,0.18341583,-0.12957297,0.840480387210846,0.115578786,2.3223800659179688,1.2248983
2319,2.2469158,0.20152807,-0.026841821,0.7501934170722961,0.16554146,2.3060226440429688,1.3677174
2320,2.2956023,0.13581468,-0.13422102,0.5675573348999023,0.16559468,2.2278459072113037,1.1854064
2321,2.3026106,0.20037462,-0.043390594,0.5348965525627136,0.23507152,2.115699052810669,1.714308
2322,2.2542553,0.27166364,-0.19106309,0.6927693486213684,0.14674951,2.368340492248535,0.9912336
2323,2.3212984,0.14100455,-0.17402099,0.5951500535011292,0.24066032,2.323213577270508,1.3505418
2324,2.2432692,0.15724795,-0.05837378,0.8018510341644287,0.16274312,2.3008463382720947,1.326667
2325,2.3211606,0.23066546,-0.17532133,0.7821221351623535,0.20711105,2.3758902549743652,1.3354415
2326,2.2817688,0.2020595,-0.07064472,0.5611444115638733,0.23685415,2.276834726333618,1.8055347
2327,2.2536857,0.2148109,-0.121237576,0.6535301804542542,0.21273744,2.3538436889648438,1.2320805
2328,2.245423,0.16463336,-0.08931759,0.8359249830245972,0.09557879,2.3620617389678955,1.0557543
2329,2.370126,0.15151228,-0.16270174,0.7943360805511475,0.13444273,2.151196241378784,1.1671485
2330,2.228103,0.1651269,-0.109905206,0.7920780181884766,0.13132401,2.410710573196411,1.1029934
2331,2.2513232,0.16445424,-0.0826838,0.46044352650642395,0.19669063,2.2217953205108643,1.3073647
2332,2.2460525,0.12952383,-0.16217746,0.5514367818832397,0.16252151,2.274319648742676,1.1278573
2333,2.2331946,0.27684516,-0.109524235,0.7504309415817261,0.17193663,2.3399386405944824,1.4273167
2334,2.3220425,0.092343405,-0.13026574,0.7340859770774841,0.16721264,2.352888822555542,1.3409958
2335,2.1726906,0.24056683,-0.08739532,0.7832285165786743,0.17115866,2.422912836074829,1.2883035
2336,2.3162897,0.13951623,-0.13182881,0.8314237594604492,0.11797638,2.2003228664398193,1.346188
2337,2.2849727,0.24631265,-0.124306224,0.8304330110549927,0.12789172,2.197571277618408,1.4627869
2338,2.355557,0.1793985,-0.050290585,0.4332068860530853,0.21657084,2.0465307235717773,1.858865
2339,2.2887914,0.17927645,-0.16755167,0.7790516018867493,0.15138225,2.3056342601776123,1.2733414
2340,2.3367505,0.17293313,-0.14796631,0.7921203374862671,0.14119619,2.1088249683380127,1.4624686
2341,2.3226619,0.086165756,0.009927069,0.8243289589881897,0.12459725,2.249422311782837,1.6110727
2342,2.311686,0.21430598,-0.1262789,0.771101176738739,0.15834795,2.157907724380493,1.3201153
2343,2.2969368,0.2059581,-0.09583879,0.7773283123970032,0.16734166,2.0631473064422607,1.6336893
2344,2.3523822,0.1329631,-0.13891752,0.7923413515090942,0.11628465,2.2763710021972656,1.2372906
2345,2.2377014,0.20704514,-0.08892398,0.7263157963752747,0.18962632,2.340656042098999,1.3020108
2346,2.395207,0.12760612,-0.17631273,0.844826877117157,0.0814831,2.102769374847412,1.4613018
2347,2.3009577,0.13968134,-0.08394425,0.7764069437980652,0.16994132,2.391817569732666,1.244181
2348,2.2714102,0.20875064,-0.13095011,0.5468846559524536,0.2374688,2.143418073654175,1.3747966
2349,2.353052,0.12329047,-0.17136045,0.7279060482978821,0.16740839,2.0522358417510986,1.5733641
2350,2.2520528,0.14407761,-0.08023689,0.85,0.14392899,2.643095016479492,1.1933773
2351,2.2659652,0.08763126,-0.070584856,0.7302632331848145,0.20136115,2.1071956157684326,1.7630761
2352,2.29037,0.14063375,-0.06459677,0.5084477663040161,0.17850555,2.2301628589630127,1.4463514
2353,2.2535517,0.22899498,-0.17583294,0.8070999383926392,0.08756843,2.2403175830841064,1.0748609
2354,2.2887669,0.11795484,-0.08994237,0.6512390375137329,0.1636889,2.310952663421631,1.2769145
2355,2.2601354,0.06323897,-0.06324781,0.8364337086677551,0.08590288,2.5009305477142334,0.91999114
2356,2.311737,0.17878698,-0.100183725,0.796602725982666,0.13776843,2.2818496227264404,1.2034538
2357,2.198864,0.17882288,-0.08041254,0.7797717452049255,0.1276656,2.5269412994384766,1.0513532
2358,2.2058134,0.20889634,-0.04132434,0.7239086627960205,0.1977,2.2670862674713135,1.3719722
2359,2.3095672,0.18650496,-0.105555825,0.7272416949272156,0.17214788,2.3118951320648193,1.4512564
2360,2.320548,0.21201493,-0.14124756,0.6679589152336121,0.15858616,2.246047019958496,1.3024621
2361,2.2382278,0.06332279,-0.08319429,0.767396867275238,0.14125773,2.4528961181640625,1.0546582
2362,2.2411985,0.19255593,-0.11324829,0.8208978176116943,0.1399066,2.41105318069458,1.3394649
2363,2.2591352,0.13004236,-0.0893432,0.5640430450439453,0.19709489,2.5025014877319336,1.1809007
2364,2.3068008,0.21114543,-0.13469093,0.6890249848365784,0.20213956,2.106074333190918,1.5734997
2365,2.2841291,0.13844882,-0.09985434,0.8014501929283142,0.13521886,2.3885140419006348,1.1018262
2366,2.2321713,0.11283102,-0.057094265,0.7609463334083557,0.1408601,2.465442657470703,1.0349711
2367,2.3206968,0.14692858,-0.089031,0.7928555607795715,0.144799,2.1098742485046387,1.6299876
2368,2.3445253,0.18128754,-0.17103413,0.5083149671554565,0.21123742,2.2738444805145264,1.4372284
2369,2.3333297,0.14425491,-0.08091724,0.8145467042922974,0.14569113,2.1084303855895996,1.5273638
2370,2.2823536,0.17835721,-0.01972981,0.8216426372528076,0.11869531,2.1139495372772217,1.7204875
2371,2.2762501,0.13640249,-0.12368176,0.7320288419723511,0.1487421,2.3648288249969482,0.9999248
2372,2.2274055,0.19594602,-0.09182655,0.7604134678840637,0.14483072,2.4108493328094482,1.0101935
2373,2.343177,0.16091964,-0.17751057,0.7139310836791992,0.1777859,2.0614960193634033,1.743107
2374,2.321273,0.28756624,-0.18074834,0.7417264580726624,0.17644456,2.3161966800689697,1.452921
2375,2.1535904,0.15897025,-0.07984209,0.6342347860336304,0.13992724,2.7772746086120605,0.7145447
2376,2.274801,0.23808767,-0.2582025,0.8031020164489746,0.13998479,2.135084867477417,1.3311048
2377,2.2559056,0.115233645,-0.13705033,0.7330690622329712,0.16431239,2.564441442489624,1.055582
2378,2.278398,0.110860765,-0.09170346,0.7141528129577637,0.15679298,2.420532703399658,1.0366663
2379,2.2801762,0.2085289,-0.2463282,0.7188966274261475,0.15785666,2.161755084991455,1.1848094
2380,2.2020984,0.18891731,-0.16249678,0.537972092628479,0.22332516,2.88930606842041,0.89513123
2381,2.2837265,0.1306702,-0.10463541,0.705292284488678,0.16098854,2.2507081031799316,1.1960055
2382,2.259906,0.21872237,-0.11180821,0.7010576128959656,0.14912057,2.327660322189331,1.1886705
2383,2.3301396,0.13225162,-0.12314725,0.7587528228759766,0.1528638,2.3616716861724854,1.1716756
2384,2.26599,0.16233674,-0.0921254,0.797073483467102,0.1742105,2.330056667327881,1.2321459
2385,2.3313642,0.21104868,-0.09759788,0.7826871871948242,0.18169363,2.2962303161621094,1.5273486
2386,2.252199,0.16327198,-0.098588385,0.792738676071167,0.1143609,2.261723041534424,1.1936183
2387,2.358137,0.23125,-0.05392343,0.7979726791381836,0.19895422,2.1595699787139893,1.6206971
2388,2.244742,0.14557554,-0.09921502,0.7560500502586365,0.15008758,2.4473624229431152,1.0304033
2389,2.3745615,0.18226118,-0.1827518,0.7634409070014954,0.15771069,2.1384482383728027,1.271266
2390,2.2665017,0.13012704,-0.01828198,0.6685779094696045,0.19549277,2.336613416671753,1.323951
2391,2.1866364,0.12759386,-0.051282585,0.7237235307693481,0.101643994,2.5154917240142822,0.7933657
2392,2.289604,0.1117812,-0.11027775,0.7085348963737488,0.16788211,2.3922877311706543,1.0107844
2393,2.33499,0.18190491,-0.06629444,0.7648582458496094,0.15639924,2.0805447101593018,1.582099
2394,2.285185,0.17622106,-0.11079584,0.6454391479492188,0.19712105,2.2237796783447266,1.409205
2395,2.3164923,0.27523533,-0.24038555,0.6905664801597595,0.18144639,2.2750089168548584,1.2183275
2396,2.2150261,0.09346441,-0.049899798,0.8456117510795593,0.10486984,2.4791910648345947,1.1777488
2397,2.3504496,0.050737176,-0.072291374,0.8370795845985413,0.11258763,2.1998584270477295,1.2906804
2398,2.1691744,0.1493076,-0.14090326,0.5753867626190186,0.12240987,2.390855073928833,0.84426445
2399,2.2507617,0.17146006,-0.1976104,0.652137041091919,0.18701276,2.446697473526001,1.1933483
2400,2.2903426,0.13291222,-0.070913374,0.7841734886169434,0.19701812,2.4198737144470215,1.4215829
2401,2.2024715,0.15260558,-0.13659364,0.4099300801753998,0.2030254,2.4342782497406006,1.0545542
2402,2.214398,0.17927553,-0.070069425,0.7070037126541138,0.17081007,2.4477128982543945,1.1141019
2403,2.3032222,0.045744658,-0.13469592,0.6868141889572144,0.17285937,2.162182092666626,1.338102
2404,2.1830823,0.17405577,-0.03988997,0.785804271697998,0.18161203,2.4893743991851807,1.2318494
2405,2.2730927,0.21355245,-0.2043111,0.7399859428405762,0.16020396,2.4817466735839844,1.1385213
2406,2.3058956,0.12347844,-0.07354915,0.8475784063339233,0.077879496,2.2562737464904785,1.2298206
2407,2.4047112,0.13498287,-0.16171873,0.6542668342590332,0.18865989,2.1444876194000244,1.3554137
2408,2.2829893,0.15153097,-0.13023084,0.6481099724769592,0.19020464,2.3111865520477295,1.1741027
2409,2.2313614,0.13112703,-0.061829656,0.7546917796134949,0.1542796,2.5164260864257812,1.1355773
2410,2.2701943,0.18204466,-0.11593561,0.7383550405502319,0.19346538,2.3999805450439453,1.3517804
2411,2.2925003,0.124688044,-0.07809524,0.8269329071044922,0.1535509,2.285720109939575,1.4073658
2412,2.3101494,0.16911653,-0.08654021,0.7317289113998413,0.15478659,2.3551063537597656,1.2184477
2413,2.25448,0.21101426,-0.122545816,0.7179602384567261,0.21401797,2.456617593765259,1.2339172
2414,2.2971509,0.0904596,-0.062781945,0.7267419099807739,0.09176614,2.26005220413208,1.0796715
2415,2.3550892,0.09237448,-0.22488822,0.6017037034034729,0.17669718,2.29776930809021,1.1572682
2416,2.3912106,0.1146881,-0.07617651,0.7659018635749817,0.14900486,2.316356658935547,1.3137373
2417,2.2742949,0.1921798,-0.018782707,0.8456324934959412,0.110847525,2.1140401363372803,1.6087438
2418,2.1845403,0.25805745,-0.101089485,0.7545920014381409,0.15429886,2.390531539916992,1.3406541
2419,2.1704104,0.13024333,0.029910283,0.6364356875419617,0.16890478,2.553191661834717,0.98962444
2420,2.2165995,0.14145873,-0.080228105,0.6237097382545471,0.16459812,2.3124141693115234,1.0849291
2421,2.1901517,0.21240602,-0.0043631163,0.6975262761116028,0.19434035,2.2439370155334473,1.2919589
2422,2.3376007,0.107895754,-0.03680518,0.7664304971694946,0.16562782,2.1697261333465576,1.7464349
2423,2.4215958,0.13618076,-0.11517349,0.778523862361908,0.1803728,2.232523202896118,1.5617234
2424,2.3527849,0.13846499,-0.29215276,0.8315931558609009,0.094274834,2.3186111450195312,1.2930976
2425,2.3112533,0.19560489,-0.14774175,0.7798804044723511,0.16058123,2.2505691051483154,1.566991
2426,2.326985,0.1315078,-0.025509069,0.7603933811187744,0.18716775,2.1598167419433594,1.7450771
2427,2.347267,0.12494964,-0.152672,0.21730993688106537,0.37731898,2.1363468170166016,1.0838377
2428,2.2869666,0.22822842,-0.18069378,0.5837032198905945,0.19985375,2.3859078884124756,1.1960028
2429,2.2801495,0.21766303,-0.07047936,0.8440448641777039,0.10059226,2.110534429550171,1.5064985
2430,2.2352777,0.20003372,-0.09206646,0.757268488407135,0.13353944,2.4885826110839844,0.88890547
2431,2.2589574,0.2013827,-0.14551143,0.8011878132820129,0.11004455,2.5182390213012695,0.94199455
2432,2.2921844,0.10011565,-0.20703211,0.8063749670982361,0.12462199,2.5602149963378906,1.0044689
2433,2.2971509,0.17011954,0.010248663,0.7321121692657471,0.17829892,2.08310866355896,1.9996734
2434,2.2262752,0.20440261,-0.11728546,0.7639966607093811,0.14775088,2.4875261783599854,1.0525818
2435,2.3550835,0.18343645,-0.08484306,0.7638635039329529,0.16304068,2.2859275341033936,1.4071311
2436,2.2867053,0.17716624,-0.14422885,0.3271690011024475,0.177193,2.279252767562866,1.1534694
2437,2.2436643,0.17840716,-0.14030713,0.5101450681686401,0.18672162,2.204819679260254,1.2186619
2438,2.2676542,0.10165328,-0.15794063,0.581315279006958,0.19936141,2.274848699569702,1.2383434
2439,2.2185295,0.21575575,-0.028624233,0.658291220664978,0.16805361,2.6272568702697754,1.0467196
2440,2.330324,0.19644196,-0.12876853,0.4356447756290436,0.22425601,2.1012861728668213,1.74793
2441,2.2316442,0.104685634,-0.09165786,0.5328918099403381,0.15155375,2.3057687282562256,1.0927724
2442,2.2066483,0.20578732,-0.11653314,0.6184065937995911,0.18007609,2.3521459102630615,1.0786152
2443,2.3515205,0.15633054,-0.19898993,0.7901025414466858,0.13775232,2.1694207191467285,1.2809485
2444,2.2185798,0.13679208,-0.0402122,0.6129216551780701,0.1695382,2.4265124797821045,1.1268271
2445,2.2476118,0.21319252,-0.1136201,0.5416268706321716,0.17468467,2.2634425163269043,1.1750251
2446,2.287992,0.11432783,-0.099173985,0.7230941653251648,0.18520622,2.6443681716918945,0.93519723
2447,2.2580287,0.13763791,-0.3093654,0.5776922106742859,0.1670249,2.572509527206421,0.82290393
2448,2.2972872,0.20629293,0.017648783,0.7914243936538696,0.15491223,2.074683427810669,1.6540797
2449,2.2992163,0.15022284,-0.07527498,0.7992496490478516,0.1430897,2.2082431316375732,1.2344632
2450,2.2423103,0.18865207,-0.110921286,0.6834343075752258,0.14027208,2.405268669128418,1.0501572
2451,2.2843769,0.11438516,-0.08228236,0.7545822262763977,0.13590185,2.425715208053589,0.9242209
2452,2.3442664,0.19782451,-0.11948237,0.6623525619506836,0.20587492,2.0470328330993652,2.1139557
2453,2.246549,0.24723396,-0.12694846,0.6377467513084412,0.18838099,2.18310546875,1.4405615
2454,2.350763,0.12693654,-0.078543805,0.6711952686309814,0.22499293,2.0893211364746094,1.7723784
2455,2.289049,0.16897587,-0.13160832,0.7704287171363831,0.15284567,2.54050350189209,1.0701866
2456,2.3031352,0.20380333,-0.23113833,0.6994690299034119,0.19104077,2.4143505096435547,1.226782
2457,2.250429,0.15654743,-0.09838755,0.5392049551010132,0.23052992,2.3776609897613525,1.3986387
2458,2.209195,0.22310871,-0.010636861,0.7730851173400879,0.17457947,2.364835500717163,1.4279275
2459,2.3535416,0.109058924,-0.124802835,0.85,0.060721226,2.3184940814971924,1.6400925
2460,2.271649,0.20732743,-0.1330867,0.6922401189804077,0.14064163,2.3089511394500732,1.1364725
2461,2.3081992,0.17855799,-0.024622193,0.8252429366111755,0.11628572,2.165848731994629,1.7456665
2462,2.3432567,0.18167502,-0.20578943,0.8222787976264954,0.117589906,2.4131598472595215,1.2430514
2463,2.3013992,0.17371427,-0.045437317,0.7043519616127014,0.19008796,2.0713019371032715,1.9597423
2464,2.2526586,0.1867508,-0.15815668,0.6899052858352661,0.18956417,2.370189905166626,1.2211992
2465,2.3218765,0.18145826,-0.10124368,0.7821875810623169,0.16655318,2.271070718765259,1.3715156
2466,2.320863,0.10764692,-0.11725231,0.73471599817276,0.14678375,2.277653694152832,1.2102513
2467,2.3298645,0.16783123,-0.2151438,0.7355706691741943,0.17931947,2.377851963043213,1.2294056
2468,2.2437677,0.21233426,-0.043291975,0.8479806184768677,0.10648234,2.2813422679901123,1.2542957
2469,2.314237,0.124924354,-0.10618233,0.8364667296409607,0.12560077,2.4285144805908203,1.3268422
2470,2.2777784,0.19916405,-0.121974394,0.7207293510437012,0.18477947,2.3416881561279297,1.3959887
2471,2.2425382,0.2449107,-0.1377914,0.8177629709243774,0.13730252,2.2869246006011963,1.1946943
2472,2.2156112,0.08231178,-0.07485039,0.6656794548034668,0.16787803,2.4461071491241455,1.009396
2473,2.2943997,0.25548035,-0.16502064,0.7226864695549011,0.17267166,2.3422954082489014,1.3076143
2474,2.2559965,0.1971254,-0.19526081,0.7466752529144287,0.16850385,2.310427665710449,1.4240043
2475,2.249702,0.11310387,-0.14092748,0.31853270530700684,0.24633078,2.379176139831543,1.265204
2476,2.2859528,0.14536427,-0.08710689,0.7857666611671448,0.1683471,2.296656847000122,1.3601251
2477,2.2534626,0.22679965,-0.12730138,0.7096239328384399,0.18963869,2.324899435043335,1.3543214
2478,2.3182907,0.098063834,-0.1241598,0.5507491230964661,0.2149884,2.540243625640869,1.3469384
2479,2.1697679,0.100226596,-0.09009449,0.3258625268936157,0.17969197,2.3725905418395996,0.95597947
2480,2.332199,0.20683447,-0.10045752,0.7634412050247192,0.17084864,2.160040855407715,1.4654683
2481,2.2622485,0.2034733,-0.10497305,0.5013819932937622,0.21478245,2.361114263534546,1.3931001
2482,2.2702868,0.13460228,-0.14513482,0.7255100607872009,0.15146215,2.405630588531494,1.0618834
2483,2.3155696,0.19412562,0.012131176,0.7755365371704102,0.17136441,2.0923147201538086,1.6162233
2484,2.2772088,0.09206743,-0.026013223,0.6123991012573242,0.18559904,2.3961846828460693,0.9831087
2485,2.2582982,0.12433762,-0.11897078,0.7834463119506836,0.12762953,2.4567370414733887,1.1163653
2486,2.291591,0.16714223,-0.066005744,0.7604091167449951,0.1635671,2.2306160926818848,1.5080138
2487,2.2832394,0.10048825,-0.11468223,0.6535650491714478,0.16879342,2.5121171474456787,0.88389915
2488,2.2650175,0.1919569,-0.08934701,0.5722265839576721,0.19503963,2.2416305541992188,1.5598733
2489,2.2934475,0.16057809,-0.08721864,0.045692943036556244,0.1912475,2.123643398284912,1.5008136
2490,2.270242,0.10878715,-0.02398506,0.772070050239563,0.15683343,2.2975473403930664,1.3680406
2491,2.350336,0.0556054,-0.117248826,0.783191442489624,0.15541165,2.121316432952881,1.6223267
2492,2.2449768,0.16960694,-0.030240357,0.5150741338729858,0.2126335,2.23756742477417,1.0990044
2493,2.2840333,0.18405809,-0.11463293,0.6981151103973389,0.16142228,2.166435718536377,1.3337435
2494,2.2969637,0.13369073,-0.13545671,0.732578456401825,0.1956802,2.424609422683716,1.0419767
2495,2.3041449,0.1829963,-0.13704908,0.610572338104248,0.17256808,2.094022035598755,1.2474573
2496,2.3262193,0.07422265,-0.13575312,0.7715935707092285,0.15831113,2.397111177444458,1.1604356
2497,2.358076,0.14706817,-0.15678847,0.6489888429641724,0.15967594,2.190840482711792,1.2827661
2498,2.398861,0.08208966,-0.16667703,0.694331169128418,0.19228886,2.1046082973480225,1.7066677
2499,2.3176808,0.14159873,-0.16002598,0.730426013469696,0.15881109,2.475206136703491,1.1184345
2500,2.198529,0.15105478,-0.11104574,0.7979773283004761,0.12516092,2.6373720169067383,0.9112961
2501,2.353644,0.18267244,-0.06647089,0.5716723203659058,0.2220834,2.070873260498047,1.8511857
2502,2.283464,0.13216577,0.021734763,0.664021372795105,0.18370107,2.1240782737731934,1.746318
2503,2.3123407,0.18579389,-0.16648342,0.818932831287384,0.11504319,2.467832088470459,1.0649104
2504,2.2786038,0.16494036,-0.07026795,0.7596903443336487,0.16127002,2.4098052978515625,1.3061836
2505,2.3284693,0.13509098,-0.07740044,0.7568821907043457,0.15858907,2.1111900806427,1.4231571
2506,2.3835905,0.11902355,-0.16564259,0.8040011525154114,0.13865267,2.3224446773529053,1.3573965
2507,2.276402,0.15140264,-0.112597264,0.7009478807449341,0.15480673,2.3758435249328613,1.1652653
2508,2.3826008,0.1575195,-0.16746198,0.8299229741096497,0.13977116,2.2676494121551514,1.5042919
2509,2.3192372,0.25283456,-0.22095133,0.8335217833518982,0.11428355,2.3829426765441895,1.2462404
2510,2.2512834,0.15094766,-0.11632393,0.8038028478622437,0.12745507,2.4774434566497803,1.052874
2511,2.3208377,0.137206,-0.09909452,0.77687007188797,0.19284782,2.11272931098938,1.5909466
2512,2.248538,0.06157942,-0.07281319,0.7642976641654968,0.15585016,2.5055525302886963,0.96476936
2513,2.370975,0.16800123,-0.16481435,0.7609911561012268,0.16076319,2.095815658569336,1.4094287
2514,2.3274777,0.09774272,-0.2133875,0.85,0.08843385,2.5366461277008057,1.029545
2515,2.3474705,0.1373976,-0.14122038,0.7145693302154541,0.17325082,2.3110549449920654,1.2393985
2516,2.2931573,0.103601225,-0.17619503,0.6181554794311523,0.18890405,2.2746779918670654,1.2905871
2517,2.2744021,0.18983293,-0.18020767,0.7231398224830627,0.19698054,2.2949001789093018,1.3220034
2518,2.2186975,0.13654864,-0.15855767,0.43133360147476196,0.21919501,2.6828324794769287,0.9772478
2519,2.2309556,0.23189893,-0.07603734,0.5500196814537048,0.21624309,2.278686285018921,1.3017752
2520,2.309175,0.19285458,-0.19756481,0.8251175284385681,0.09780574,2.132965564727783,1.2409158
2521,2.2565746,0.13156378,0.045169447,0.7209305763244629,0.14955364,2.1834044456481934,1.1796111
2522,2.2082827,0.13162385,-0.07960338,0.7727376818656921,0.15747574,2.5346410274505615,0.9473175
2523,2.2551174,0.17595983,-0.07786937,0.8472075462341309,0.11716014,2.1959540843963623,1.402265
2524,2.338852,0.23446824,-0.07312811,0.7389199137687683,0.18838938,2.1626765727996826,1.3984201
2525,2.3254895,0.20402737,-0.14208074,0.8058919310569763,0.15036793,2.3319928646087646,1.349331
2526,2.257209,0.20608243,-0.16691703,0.6547475457191467,0.16792415,2.28082275390625,1.2508035
2527,2.3182433,0.18585636,-0.0933161,0.85,0.08533985,2.1152493953704834,1.4366093
2528,2.222433,0.19648455,-0.12844464,0.7953291535377502,0.14713743,2.3584609031677246,1.182569
2529,2.3326466,0.123312846,-0.08643127,0.6913177967071533,0.177008,2.1136813163757324,1.4376395
2530,2.1709654,0.24558035,-0.012931494,0.6367819309234619,0.19589958,2.571133613586426,1.2891642
2531,2.298809,0.1705738,-0.09476605,0.6667519807815552,0.13527003,2.3455257415771484,0.9590104
2532,2.336163,0.18289423,-0.16802305,0.7856097221374512,0.17371984,2.110279083251953,1.6291355
2533,2.4501235,0.15945245,-0.20042567,0.548305094242096,0.26158163,2.1201424598693848,1.6520189
2534,2.2727916,0.14988144,-0.108948946,0.48905128240585327,0.224611,2.39163875579834,1.274338
2535,2.2260926,0.16438699,-0.06850137,0.85,0.07994857,2.6215615272521973,0.938089
2536,2.2600584,0.20351179,-0.1772939,0.8093783855438232,0.13253406,2.556358575820923,1.1017151
2537,2.309223,0.13276574,-0.121390514,0.5528066158294678,0.20557816,2.2785189151763916,1.3906204
2538,2.3586175,0.18098804,-0.13326082,0.7689336538314819,0.14316802,2.1462643146514893,1.7897155
2539,2.2696462,0.2078849,-0.11804123,0.4092676043510437,0.2593807,2.0838801860809326,1.6804359
2540,2.2904842,0.17604008,-0.01776646,0.6758939027786255,0.19931895,2.229030132293701,2.0921936
2541,2.3633645,0.19080259,-0.14049944,0.8217026591300964,0.14108497,2.2367639541625977,1.4842503
2542,2.2955544,0.101837225,-0.06317535,0.8281498551368713,0.1306887,2.3989171981811523,1.2378213
2543,2.3019285,0.14961277,-0.13253154,0.8298599123954773,0.08851325,2.132133722305298,2.0986228
2544,2.3670287,0.22333086,-0.20562015,0.594179093837738,0.2181231,2.0989339351654053,1.5883373
2545,2.3508801,0.11284321,-0.136578,0.6033879518508911,0.18686628,2.2217037677764893,1.1971915
2546,2.1533432,0.22404265,-0.078981005,0.5402894616127014,0.1984007,2.5935161113739014,1.0618178
2547,2.211222,0.16614641,-0.193963,0.30592355132102966,0.2357846,2.4417803287506104,0.9690292
2548,2.3484156,0.10316014,-0.08990127,0.7702985405921936,0.14312117,2.1635828018188477,1.4998744
2549,2.2636836,0.17528953,-0.09728477,0.6867983341217041,0.22254644,2.189034938812256,1.9048046
2550,2.2345037,0.16392569,-0.038019102,0.7835994362831116,0.11524678,2.411748170852661,1.2178086
2551,2.3656635,0.10131842,-0.16740464,0.7681019902229309,0.12594832,2.2097439765930176,1.216744
2552,2.3377743,0.14211166,-0.14225219,0.8378584980964661,0.111315966,2.1477136611938477,1.361091
2553,2.2342117,0.15995105,-0.1749821,0.592633068561554,0.19900568,2.566978693008423,1.0582923
2554,2.2478743,0.19848156,-0.14384834,0.6792396903038025,0.19107649,2.4142115116119385,1.0692942
2555,2.3307846,0.21970864,-0.14427859,0.6973321437835693,0.19971924,2.1699378490448,1.4292264
2556,2.2364256,0.18522055,-0.06527723,0.6897551417350769,0.17448716,2.3116090297698975,1.1262305
2557,2.321698,0.18484929,-0.17788191,0.8318592309951782,0.10806959,2.366401433944702,1.2322378
2558,2.3059187,0.120832354,-0.1365452,0.773321807384491,0.15450796,2.204629898071289,1.135225
2559,2.3355865,0.16148616,-0.2431482,0.4642474353313446,0.22018316,2.0460193157196045,1.6495289
2560,2.3185635,0.077009484,-0.012470459,0.5601751208305359,0.21573785,2.064146041870117,2.0611625
2561,2.2953353,0.17401414,-0.043672428,0.735249936580658,0.14105816,2.2955989837646484,1.2105025
2562,2.3225965,0.14337847,-0.11969509,0.7994092702865601,0.15268904,2.015354633331299,1.4383188
2563,2.3378718,0.16106701,-0.1496642,0.7143442630767822,0.19944471,2.19608211517334,1.4352679
2564,2.334347,0.08821836,-0.1853186,0.841103196144104,0.13678704,2.3451285362243652,1.0522709
2565,2.3188603,0.18444432,-0.11223188,0.7429270148277283,0.18019947,2.0816802978515625,1.7402133
2566,2.276759,0.24504592,-0.16404243,0.7848271131515503,0.11187319,2.422250747680664,1.1486845
2567,2.3578892,0.20284538,-0.1555104,0.8150008916854858,0.17594406,2.209399461746216,1.7914313
2568,2.310187,0.17207834,-0.13638413,0.7676109671592712,0.1441778,2.30155611038208,1.2559669
2569,2.2030277,0.16961095,-0.11649987,0.6271277666091919,0.1688048,2.2475929260253906,1.042041
2570,2.2611842,0.17679468,-0.036252517,0.5700885057449341,0.1561111,2.2275729179382324,1.1904562
2571,2.1795006,0.18265985,-0.0670813,0.6974908113479614,0.15886724,2.524050712585449,1.0164729
2572,2.2480025,0.20103914,-0.07161785,0.7617097496986389,0.16928495,2.3145461082458496,1.0913806
2573,2.3381858,0.11931558,-0.18583484,0.8365767002105713,0.14812909,2.14785099029541,1.3732284
2574,2.2780437,0.0705802,-0.17320578,0.7977455258369446,0.109149516,2.3289458751678467,0.9952183
2575,2.2872393,0.19531052,-0.15540886,0.6376681327819824,0.20863423,2.2612924575805664,1.3036886
2576,2.2719834,0.19832486,-0.12917922,0.6531420946121216,0.14234206,2.30460262298584,1.1681311
2577,2.307096,0.12899975,-0.097388536,0.6163433790206909,0.18455344,2.134718418121338,1.3223107
2578,2.3129656,0.09587233,-0.05356832,0.7998666167259216,0.12937614,2.0760252475738525,1.4098231
2579,2.3696413,0.042285465,-0.10185984,0.8407568335533142,0.084258005,2.117912530899048,1.237681
2580,2.3115497,0.21112543,-0.10174665,0.8464288115501404,0.098315954,2.12069034576416,1.465524
2581,2.2293823,0.20164458,0.040586464,0.7258870005607605,0.16447976,2.310519218444824,1.4924123
2582,2.4041936,0.19164172,-0.17707492,0.7204115986824036,0.22325352,2.064440965652466,2.0812016
2583,2.306174,0.17605768,-0.1533807,0.5654163360595703,0.1727163,2.207838296890259,1.3413318
2584,2.2581863,0.16554803,-0.14258297,0.7860909700393677,0.14729993,2.3063087463378906,1.1287022
2585,2.2689822,0.20785704,-0.11918357,0.6514468193054199,0.18016797,2.2523419857025146,1.166272
2586,2.1446402,0.25376138,0.00058163743,0.6995928287506104,0.15828344,2.397528648376465,1.1126724
2587,2.1981714,0.04103612,-0.016023805,0.6920441389083862,0.15433428,2.511094331741333,0.87533504
2588,2.3651197,0.1445491,-0.045849495,0.5458424091339111,0.23689766,2.1114630699157715,1.7473387
2589,2.3254845,0.19580649,-0.14802548,0.7388564348220825,0.16343543,2.3021798133850098,1.3212212
2590,2.2408404,0.19193365,-0.051320694,0.45290490984916687,0.20267004,2.2573986053466797,1.3037477
2591,2.2353046,0.1379446,-0.17455152,0.6763139963150024,0.17101324,2.41483736038208,1.0165497
2592,2.3699808,0.042278275,-0.15709996,0.7018550634384155,0.1796664,2.276057004928589,1.2766535
2593,2.3137214,0.19592948,-0.20773669,0.8398825526237488,0.13350338,2.593327045440674,1.1241122
2594,2.2758965,0.25249806,-0.07372211,0.7721194624900818,0.13373101,2.0760302543640137,1.4989614
2595,2.3749185,0.20464362,-0.16425306,0.7248972654342651,0.21331629,2.25858998298645,1.7522811
2596,2.1865463,0.16315188,-0.021213626,0.7865719795227051,0.14074107,2.45027756690979,1.0620881
2597,2.3144698,0.12138907,-0.11184201,0.7139800786972046,0.16209154,2.2565829753875732,1.2920812
2598,2.3534038,0.14609946,-0.121286064,0.8009188771247864,0.14931536,2.389561891555786,1.2983763
2599,2.2083702,0.09774426,-0.023633445,0.7449413537979126,0.1364638,2.4474499225616455,1.0166866
2600,2.2985654,0.19621539,-0.061102595,0.7646638751029968,0.15763047,2.038058280944824,1.7625041
2601,2.279949,0.24054083,-0.13768698,0.652164876461029,0.20613174,2.499856472015381,1.1843404
2602,2.298603,0.13530177,-0.042782795,0.6928419470787048,0.1826529,2.263062000274658,1.272038
2603,2.2132635,0.18868159,-0.10197689,0.6934682726860046,0.16121548,2.3183231353759766,1.4307393
2604,2.300442,0.1866289,-0.14465167,0.7568581104278564,0.14777419,2.235602617263794,1.1767082
2605,2.2410848,0.18202102,-0.11296289,0.7887770533561707,0.10830639,2.2303082942962646,1.0828228
2606,2.2803452,0.17294055,-0.10248186,0.7623169422149658,0.13220626,2.1182379722595215,1.4420922
2607,2.269235,0.17446318,-0.030553324,0.746849536895752,0.16801731,2.012951374053955,1.5815493
2608,2.2998798,0.15465239,-0.18302165,0.698466956615448,0.1745452,2.3176679611206055,1.2903641
2609,2.2255535,0.095950976,-0.058353133,0.7933144569396973,0.15923783,2.408646583557129,1.1645753
2610,2.3764143,0.08231937,-0.12935027,0.7149969935417175,0.13981444,2.0625243186950684,1.437036
2611,2.3595896,0.17188837,-0.13186152,0.85,0.091460764,2.1003870964050293,1.5233192
2612,2.2944763,0.11763724,-0.10577207,0.7247158885002136,0.19446898,2.3280317783355713,1.3249292
2613,2.226783,0.21823055,-0.039554562,0.7198526263237,0.1941327,2.3187527656555176,1.1688402
2614,2.1648483,0.1727942,-0.054507,0.8236812353134155,0.15159881,2.67008900642395,0.98695105
2615,2.2800317,0.17275633,-0.13551006,0.831731915473938,0.13886793,2.3486123085021973,1.209993
2616,2.2783463,0.096520916,-0.1071733,0.5554395318031311,0.19806154,2.306434392929077,1.177511
2617,2.3348227,0.16233778,-0.16488317,0.561229944229126,0.2237269,2.266488790512085,1.502402
2618,2.307541,0.13922021,-0.086287335,0.8118920922279358,0.095680445,2.111471176147461,1.3693
2619,2.2618334,0.026402263,-0.12766726,0.6393991708755493,0.1630518,2.5110480785369873,0.9328777
2620,2.3110764,0.11125033,-0.16574837,0.8268841505050659,0.122514986,2.5109522342681885,1.0196385
2621,2.2569866,0.19602408,-0.012181675,0.8148672580718994,0.13994712,2.1110007762908936,1.458456
2622,2.306154,0.22979596,-0.12031495,0.8436560034751892,0.08239274,2.111415386199951,1.51563
2623,2.3349473,0.23434722,-0.13929807,0.709571361541748,0.17388213,2.2328555583953857,1.3452446
2624,2.197308,0.11157534,-0.1016081,0.6957621574401855,0.16066383,2.4031057357788086,1.0220368
2625,2.2356894,0.14497742,-0.07597429,0.7979708313941956,0.12379458,2.353785753250122,1.1720296
2626,2.3764539,-0.0024593011,-0.20866242,0.6892114877700806,0.17483723,2.3484838008880615,1.1931113
2627,2.2733204,0.08692339,-0.04425152,0.6081223487854004,0.18145363,2.232875347137451,1.1409119
2628,2.1648693,0.16665493,-0.052187935,0.7838568091392517,0.101531185,2.470275402069092,0.98825324
2629,2.3593092,0.09562763,-0.09315731,0.85,0.055776704,2.1397905349731445,1.704732
2630,2.372388,0.15811984,-0.14398724,0.7932930588722229,0.17640924,2.2679331302642822,1.6672525
2631,2.2165127,0.20084026,-0.046068177,0.6973043084144592,0.15400892,2.2402491569519043,1.2818401
2632,2.2511036,0.1692996,-0.07690008,0.7952664494514465,0.12402734,2.4367825984954834,1.067347
2633,2.3060694,0.14178833,-0.18398398,0.5513476133346558,0.1808825,2.156038522720337,1.4740716
2634,2.343468,0.14510247,-0.1687576,0.6842515468597412,0.1602214,2.1654224395751953,1.3590058
2635,2.1836574,0.18715428,-0.057002593,0.8437119126319885,0.08273415,2.498728036880493,0.89268124
2636,2.2606459,0.20697029,-0.056137096,0.7888275384902954,0.15478365,2.430138349533081,1.4556236
2637,2.2387886,0.14615573,-0.07447137,0.7875906825065613,0.12769338,2.5614922046661377,0.9881733
2638,2.1168408,0.25296926,0.0049407193,0.7121515870094299,0.19776757,2.297994613647461,1.3211995
2639,2.2317204,0.1421456,-0.16394792,0.634778618812561,0.1622756,2.498845338821411,1.0807877
2640,2.3916547,0.13642853,-0.15574847,0.6715472340583801,0.1845646,2.0617728233337402,1.9097164
2641,2.3771098,0.13958338,-0.09744193,0.7039222717285156,0.16759549,2.06776762008667,1.5985814
2642,2.2170107,0.25440484,-0.0598149,0.7061697244644165,0.16839497,2.3863227367401123,1.3544143
2643,2.3021088,0.15523432,-0.057845112,0.7496825456619263,0.15814105,2.187363862991333,1.3092206
2644,2.2930372,0.19642353,-0.17280176,0.5834712982177734,0.18886158,2.2637903690338135,1.343385
2645,2.216365,0.2022588,-0.07995094,0.59611976146698,0.14470205,2.3112175464630127,1.2505677
2646,2.273234,0.20183499,-0.19150381,0.6867361664772034,0.19575086,2.3620972633361816,1.2122046
2647,2.244315,0.17094757,-0.10902591,0.6263954639434814,0.17571099,2.3309175968170166,1.0715775
2648,2.2351546,0.26423496,-0.17052649,0.8273404240608215,0.1177318,2.7037594318389893,0.96439683
2649,2.3200676,0.13639466,-0.014745587,0.8403686881065369,0.10530696,2.201256513595581,1.5119321
2650,2.253217,0.21704659,-0.025763528,0.7782965898513794,0.18667027,2.187239170074463,1.4423147
2651,2.3412955,0.1416907,-0.079236835,0.8438610434532166,0.102956295,2.2825751304626465,1.3406897
2652,2.3196127,0.26679784,-0.18648139,0.7958810329437256,0.15738675,2.3877694606781006,1.3513508
2653,2.3003085,0.055758562,-0.21131192,0.8434231281280518,0.09295494,2.511350631713867,0.957126
2654,2.2990143,0.19725774,-0.070078306,0.520756721496582,0.19725694,2.060359477996826,1.4368871
2655,2.2665536,0.14967328,-0.06458166,0.7722070217132568,0.15735252,2.325551986694336,1.1966566
2656,2.2414198,0.2301056,-0.09217184,0.8031895160675049,0.10587354,2.2844669818878174,1.0103129
2657,2.3102758,0.18708052,-0.06379649,0.7675994038581848,0.18561198,2.088160991668701,1.6462308
2658,2.311387,0.14080414,-0.11179546,0.35880929231643677,0.22914185,2.2107207775115967,1.8949426
2659,2.2696466,0.1317253,-0.06098249,0.8261449933052063,0.17927486,2.368835926055908,1.2835982
2660,2.2716439,0.09627236,-0.14103866,0.5863202810287476,0.20901354,2.346416473388672,1.2947426
2661,2.2243848,0.16270526,-0.1693929,0.5626541972160339,0.18294287,2.409942150115967,1.0654233
2662,2.313115,0.16815141,-0.05405101,0.8334952592849731,0.09307595,2.1188042163848877,1.4239981
2663,2.3258352,0.14870615,-0.09051969,0.7306450605392456,0.121513374,2.127594470977783,1.3385007
2664,2.226385,0.2323734,-0.08300485,0.6804192662239075,0.1768118,2.328197479248047,1.3060758
2665,2.2699175,0.2590728,-0.10840013,0.6761376857757568,0.1922025,2.0802595615386963,1.5433671
2666,2.3053877,0.13085814,-0.09450541,0.696060299873352,0.20235775,2.1329054832458496,1.9354864
2667,2.3273466,0.1903524,-0.09911531,0.5769885778427124,0.20484643,2.287883996963501,1.4784167
2668,2.2434905,0.10285373,-0.04911303,0.7407991290092468,0.14529015,2.5029478073120117,1.0595549
2669,2.397327,0.15914744,-0.17336488,0.652629554271698,0.19517413,2.0458202362060547,2.26378
2670,2.25409,0.13035166,-0.108216226,0.7631415724754333,0.16610639,2.322279453277588,1.3483031
2671,2.2977653,0.14388306,-0.06361093,0.48606428503990173,0.22621295,2.2888827323913574,1.2710677
2672,2.3472078,0.2080768,-0.072256476,0.6265741586685181,0.26468986,2.145625352859497,1.9444333
2673,2.2616305,0.17211914,-0.057199806,0.08618876338005066,0.2373444,2.2645466327667236,1.4768057
2674,2.2103112,0.058378913,-0.061168466,0.792698323726654,0.10379045,2.486945390701294,0.92475194
2675,2.3294222,0.16910827,-0.09884027,0.8392109274864197,0.11588811,2.0302226543426514,1.5667922
2676,2.3032804,0.18197599,-0.120605424,0.7879304885864258,0.14548671,2.12070894241333,1.5069784
2677,2.2655442,0.10592352,-0.081049055,0.7792136669158936,0.121254146,2.366318941116333,1.0650468
2678,2.3062541,0.045180447,-0.13044108,0.5845929980278015,0.16897939,2.4688339233398438,1.1142194
2679,2.2317734,0.153768,-0.018120376,0.3146868646144867,0.26086506,2.2313454151153564,2.0262764
2680,2.247286,0.1647358,-0.061052795,0.7308551073074341,0.19762443,2.3341448307037354,1.6634079
2681,2.3454638,0.20568582,-0.15163694,0.6490083336830139,0.22488853,2.2020463943481445,1.8332428
2682,2.288858,0.15337533,-0.17620355,0.5875457525253296,0.17486477,2.180508613586426,1.3648672
2683,2.2633421,0.13172126,-0.14651307,0.7276772856712341,0.14856522,2.1689279079437256,1.1788595
2684,2.2602687,0.20175245,-0.06640869,0.41382020711898804,0.23861742,2.26389479637146,1.7734466
2685,2.2540329,0.1775442,-0.012369457,0.5190964937210083,0.20733465,2.2957334518432617,1.420198
2686,2.3143778,0.16277052,-0.08717799,0.74724280834198,0.16250233,2.1453168392181396,1.5042675
2687,2.2675097,0.15078251,-0.08128865,0.6966516375541687,0.18520083,2.356661796569824,1.1752182
2688,2.3421972,0.101583935,-0.13260108,0.85,0.099361934,2.324528932571411,1.341079
2689,2.2014809,0.18737708,-0.015416669,0.6221484541893005,0.16110906,2.2052130699157715,1.2920551
2690,2.2771032,0.20087047,-0.09408268,0.776203453540802,0.1922128,2.3527486324310303,1.5811125
2691,2.215503,0.16038318,-0.06236165,0.7819758057594299,0.14656755,2.591569185256958,1.0026147
2692,2.3307698,0.13844493,-0.06453882,0.5565930604934692,0.22633901,2.1701645851135254,1.5047532
2693,2.2978868,0.1382859,-0.11576587,0.7891833186149597,0.14616598,2.3502676486968994,1.1872859
2694,2.2993765,0.13101785,-0.10464814,0.6946911215782166,0.1630146,2.1526479721069336,1.4486017
2695,2.298103,0.08187099,-0.18618304,0.5819588899612427,0.18701454,2.388282060623169,1.149567
2696,2.3414927,0.13919523,-0.14673208,0.85,0.11219213,2.185277223587036,1.4122633
2697,2.357592,0.18646389,-0.109118626,0.8425823450088501,0.124920726,2.1963393688201904,1.7101192
2698,2.3347673,0.14497736,-0.24598949,0.4461391270160675,0.23422122,2.2167396545410156,1.6817706
2699,2.324041,0.063995995,-0.13908762,0.6423678994178772,0.2051657,2.160896062850952,1.6327461
2700,2.2494678,0.099901654,-0.07575109,0.7040602564811707,0.15038571,2.5017330646514893,1.0648776
2701,2.2780168,0.16486423,-0.12428003,0.6292243599891663,0.19813748,2.439849615097046,1.1376806
2702,2.3115377,0.08244766,-0.116631374,0.7446117997169495,0.17614022,2.4481396675109863,1.3754138
2703,2.3093362,0.18195924,-0.01950324,0.5309394001960754,0.18832503,2.0289268493652344,2.0939374
2704,2.2394307,0.123623826,-0.13111863,0.7512841820716858,0.16182977,2.3733737468719482,0.9866755
2705,2.3407195,0.13450024,-0.11937932,0.7834228277206421,0.13193046,2.2430381774902344,1.398201
2706,2.2948735,0.18108726,-0.07562701,0.7403038144111633,0.19631481,2.248410701751709,2.4175117
2707,2.2853954,0.21842226,-0.05261301,0.7939625382423401,0.16604158,2.3121047019958496,1.4817026
2708,2.2262857,0.0925327,-0.08881293,0.5301111936569214,0.15918295,2.358403444290161,0.95626354
2709,2.4292674,0.11082607,-0.14171267,0.6985728740692139,0.20562102,2.0589561462402344,1.8337065
2710,2.2687151,0.18875381,-0.089562,0.7475794553756714,0.17450842,2.4089488983154297,1.3478879
2711,2.364498,0.1782011,-0.14664233,0.8188040852546692,0.15013532,2.165127754211426,1.438044
2712,2.250157,0.13575569,0.04255875,0.7898998260498047,0.14761648,2.267158031463623,1.2180763
2713,2.3028448,0.13179205,-0.013139455,0.6873154640197754,0.12761945,2.2820239067077637,1.211523
2714,2.366706,0.11100069,-0.16681576,0.7828715443611145,0.17751661,2.2190983295440674,1.3740379
2715,2.3207514,0.09386038,-0.07287936,0.7557284235954285,0.1823918,2.0910110473632812,1.4240258
2716,2.243671,0.17638977,-0.11892789,0.21628789603710175,0.18466295,2.4711225032806396,1.108745
2717,2.2390888,0.187824,-0.0656847,0.8298354744911194,0.11306674,2.4730823040008545,1.113163
2718,2.3052227,0.1535815,-0.08049174,0.7084490060806274,0.1364008,2.160207748413086,1.377185
2719,2.2236083,0.17742077,-0.1327285,0.764554500579834,0.1266443,2.2699267864227295,1.0949112
2720,2.2806087,0.18170871,-0.11041721,0.6459774374961853,0.23026405,2.298048973083496,1.1831518
2721,2.2139688,0.13285895,-0.2726083,0.34189513325691223,0.22133845,2.3598647117614746,1.0599173
2722,2.2986104,0.1650656,-0.06342662,0.8419845700263977,0.1332183,2.182030439376831,1.4946814
2723,2.398128,0.13924927,-0.18339776,0.8197579383850098,0.15537918,2.141774892807007,1.8910598
2724,2.4817226,0.13943703,-0.1092888,0.6972379088401794,0.2100775,2.1634252071380615,1.6562448
2725,2.2154117,0.12809263,-0.113155365,0.5767061114311218,0.18869546,2.2987797260284424,1.1129923
2726,2.3604124,0.22554123,-0.15765199,0.6956809163093567,0.19280276,2.1763558387756348,1.333983
2727,2.252763,0.14399706,-0.16623135,0.6672269701957703,0.15327659,2.4205844402313232,0.94948965
2728,2.2855728,0.17309849,-0.054754928,0.7673893570899963,0.1579845,2.0754473209381104,1.6964601
2729,2.2072933,0.10991604,-0.0370105,0.5449545979499817,0.20446064,2.3367559909820557,1.1464381
2730,2.2853749,0.12086321,0.035573687,0.8420683145523071,0.082913734,2.342099666595459,1.4425775
2731,2.297833,0.12717402,-0.057584267,0.8186478018760681,0.1375963,2.2207300662994385,1.4502263
2732,2.321249,0.1760071,-0.1305607,0.85,0.09000083,2.3505969047546387,1.3905417
2733,2.3201556,0.14773297,-0.15884455,0.7135014533996582,0.1695673,2.1782455444335938,1.4225856
2734,2.2700744,0.09157821,-0.019451246,0.830482006072998,0.14780857,2.197101593017578,1.3817611
2735,2.3835993,0.22083202,-0.14460972,0.7122997045516968,0.21158785,2.285283088684082,1.6435655
2736,2.33003,0.1503382,-0.17978679,0.7291234135627747,0.17804216,2.2734320163726807,1.5234334
2737,2.2623396,0.18118684,-0.056971163,0.7432517409324646,0.12094322,2.189746141433716,1.2133186
2738,2.2983425,0.17400652,-0.1372191,0.6463442444801331,0.19356287,2.1860532760620117,1.6561813
2739,2.301815,0.25135326,-0.14611079,0.7505522966384888,0.17519927,2.0568456649780273,1.504394
2740,2.368823,0.13822821,-0.05274812,0.8149846196174622,0.15455729,2.2416012287139893,1.5476898
2741,2.2053397,0.15194409,-0.14703107,0.4251147508621216,0.17053999,2.440504312515259,0.91479266
2742,2.241512,0.076000094,-0.10739328,0.5146054029464722,0.20372406,2.4141368865966797,1.0283518
2743,2.283495,0.20047402,-0.14515445,0.6442827582359314,0.19941771,2.479663610458374,1.3281279
2744,2.2915359,0.09532537,-0.09775462,0.8179305195808411,0.089588605,2.2667770385742188,1.0871477
2745,2.2407215,0.15193784,-0.09164546,0.765066921710968,0.15352061,2.3301191329956055,1.1387048
2746,2.3042252,0.18317366,-0.055257082,0.5471624732017517,0.21520999,2.125422716140747,1.592402
2747,2.3047726,0.2152581,-0.100145325,0.8018152117729187,0.14526778,2.3137800693511963,1.1647869
2748,2.3186495,0.123653896,-0.2049517,0.34704092144966125,0.25203305,2.293581247329712,1.6254036
2749,2.2913997,0.13032292,-0.13027523,0.7138410210609436,0.18385564,2.4506232738494873,1.3265619
2750,2.3162403,0.16321908,-0.14510481,0.6824063062667847,0.15741697,2.349313735961914,1.0226207
2751,2.3503041,0.08594805,-0.143499,0.7679010033607483,0.1298285,2.306020736694336,1.2502807
2752,2.275979,0.21081571,-0.14602536,0.7614714503288269,0.10567925,2.3036410808563232,1.1601406
2753,2.4059827,0.21446632,-0.13373435,0.6644508838653564,0.2702596,2.0532896518707275,1.5744435
2754,2.2454708,0.12021283,-0.04024366,0.8067206144332886,0.17457464,2.437161445617676,1.1822314
2755,2.2281709,0.16708581,0.025050793,0.6498517990112305,0.21954668,2.2771668434143066,1.4540118
2756,2.4782016,0.120304585,-0.27312344,0.8021824955940247,0.14336564,2.0664432048797607,1.5309027
2757,2.3379982,0.14001976,-0.09855129,0.6534136533737183,0.18826981,2.195754289627075,1.4723104
2758,2.3078845,0.26372972,-0.13691454,0.6116887331008911,0.21070051,2.1042914390563965,1.9510378
2759,2.284828,0.201228,-0.11188233,0.8128405809402466,0.13426493,2.37109637260437,1.3569436
2760,2.3526652,0.19067848,-0.12737948,0.5459295511245728,0.2583547,2.0724217891693115,1.7161872
2761,2.3166325,0.10784874,-0.16233344,0.7891319394111633,0.1157134,2.310866594314575,1.2010432
2762,2.1825583,0.116923325,-0.004410913,0.774620771408081,0.10397842,2.5449650287628174,0.94027096
2763,2.214244,0.25014588,0.003966006,0.6961284279823303,0.15795906,2.4151175022125244,1.2135824
2764,2.2447946,0.18627994,-0.05658561,0.5846327543258667,0.17038025,2.574082851409912,1.0685084
2765,2.2939122,0.09806746,-0.17565052,0.5772987008094788,0.20976524,2.341341495513916,1.200063
2766,2.2815084,0.096325524,-0.13182294,0.7970263361930847,0.11852328,2.478421688079834,1.0029092
2767,2.2390003,0.18868752,-0.1603803,0.5294456481933594,0.19950761,2.383732318878174,1.375288
2768,2.3334038,0.12413815,-0.10107657,0.85,0.15218635,2.3983681201934814,1.6287313
2769,2.1753085,0.1669795,-0.043998364,0.3906305134296417,0.1435943,2.4956159591674805,0.9985777
2770,2.2409904,0.16930683,-0.044453856,0.7739298939704895,0.14844495,2.3340184688568115,1.2266959
2771,2.2810688,0.1318162,-0.13029762,0.5867112874984741,0.16569087,2.317666530609131,1.1447299
2772,2.3087575,0.18851769,-0.08546546,0.7559678554534912,0.16515438,2.0378711223602295,1.4593288
2773,2.2812417,0.14490671,-0.049044393,0.7521392703056335,0.18331301,2.3134243488311768,1.3943923
2774,2.2320054,0.117872335,-0.039304998,0.5575175285339355,0.193893,2.3527395725250244,1.0930544
2775,2.3161018,0.1821672,-0.25618693,0.8384844660758972,0.13548484,2.2982118129730225,1.3735254
2776,2.3479292,0.15500881,-0.096055456,0.5407992005348206,0.22981855,2.0788004398345947,1.5967232
2777,2.2821586,0.13824923,-0.11969259,0.7175291776657104,0.1321446,2.3304197788238525,1.1839955
2778,2.3584213,0.18149516,-0.13481717,0.7663005590438843,0.150961,2.1438095569610596,1.4148355
2779,2.1767738,0.12060621,-0.019224688,0.7618517875671387,0.14030321,2.469454765319824,0.9468843
2780,2.237745,0.073031195,-0.10826435,0.8343969583511353,0.100761086,2.329285144805908,1.0188788
2781,2.33683,0.21903712,-0.10361048,0.7099436521530151,0.16472435,2.2329277992248535,1.5609325
2782,2.2854156,0.14267148,-0.14357176,0.6317129731178284,0.21149634,2.5595343112945557,1.4161222
2783,2.2851598,0.19524209,-0.2211463,0.6590127944946289,0.21930814,2.3663439750671387,1.3371563
2784,2.2786765,0.17042074,-0.12507121,0.6787253022193909,0.15429531,2.163605213165283,1.1540134
2785,2.2738223,0.13130637,-0.19202876,0.5594484210014343,0.1809981,2.14709734916687,1.1298748
2786,2.2609499,0.19681412,-0.12845598,0.4611283540725708,0.17999394,2.2592339515686035,1.1935391
2787,2.3345487,0.16782086,-0.13874358,0.6839300394058228,0.19764881,2.119678497314453,1.6465036
2788,2.3313098,0.10934148,-0.21503744,0.6323451995849609,0.19908106,2.3990774154663086,1.1827316
2789,2.2913296,0.116254374,-0.048371516,0.8090879321098328,0.13942763,2.3290469646453857,1.4003673
2790,2.26194,0.19863537,-0.018210027,0.6714782118797302,0.19085352,2.2587335109710693,1.4496714
2791,2.1557324,0.17433128,-0.055746462,0.7345994114875793,0.1574166,2.553976535797119,1.0342222
2792,2.2058916,0.12703267,-0.040983133,0.4975503981113434,0.17156687,2.220918655395508,1.0793419
2793,2.2356372,0.18105608,-0.08000566,0.5140602588653564,0.20812728,2.237773895263672,1.2188002
2794,2.3152509,0.1416809,-0.16045332,0.49791374802589417,0.19534437,2.0134947299957275,1.455713
2795,2.2643695,0.17796646,-0.15154369,0.7496832609176636,0.13713948,2.4381394386291504,1.1402804
2796,2.3033624,0.18816763,-0.20478365,0.7332690954208374,0.16010791,2.267787456512451,1.128252
2797,2.2416031,0.1265742,-0.11307804,0.8009659051895142,0.11669727,2.394686698913574,0.992993
2798,2.4051101,0.13937555,-0.15130416,0.7471420168876648,0.17811647,2.133389711380005,2.1668224
2799,2.2446222,0.16470934,-0.113700375,0.5071951150894165,0.22289118,2.326350688934326,1.3189095
2800,2.257066,0.21151435,0.0144840535,0.6170703172683716,0.21664467,2.3250458240509033,1.4871159
2801,2.284682,0.13546367,-0.16421802,0.705705463886261,0.18184529,2.5125579833984375,1.1501013
2802,2.3092747,0.20820072,-0.17800398,0.5800318717956543,0.17001745,2.3279621601104736,1.223222
2803,2.2960873,0.1355331,-0.13045293,0.6402074694633484,0.1860199,2.291567802429199,1.2712525
2804,2.2373204,0.24035847,-0.23081496,0.722352921962738,0.16632332,2.4467029571533203,1.1050202
2805,2.281921,0.15889181,-0.14419982,0.764025092124939,0.17074065,2.3275909423828125,1.2844429
2806,2.304145,0.17207395,-0.092340894,0.778384268283844,0.1692351,2.0952980518341064,1.8599517
2807,2.304948,0.16169275,-0.078245424,0.7044323682785034,0.20326048,2.1415607929229736,1.834612
2808,2.3570797,0.2460687,-0.113101214,0.7317450046539307,0.16665828,2.140310287475586,1.780033
2809,2.270809,0.12636136,-0.0786803,0.6180326342582703,0.2066141,2.172717809677124,1.5080662
2810,2.392165,0.21992667,-0.15954158,0.7423651814460754,0.20538956,2.1669816970825195,1.5684711
2811,2.3327625,0.14075759,-0.072273865,0.7104083895683289,0.1714779,2.2814745903015137,1.3673638
2812,2.3164892,0.10941661,-0.1242575,0.49175459146499634,0.21551172,2.241771936416626,1.3273436
2813,2.333524,0.19577712,-0.094788685,0.4740113317966461,0.1741408,2.0514516830444336,1.5990299
2814,2.2867541,0.21533069,-0.11491088,0.656887412071228,0.19245312,2.2569117546081543,1.323322
2815,2.315227,0.21197739,-0.15279914,0.7419400811195374,0.16853358,2.3357129096984863,1.2601088
2816,2.2784567,0.11859996,-0.12682892,0.7566536664962769,0.18287604,2.3697686195373535,1.3579181
2817,2.253653,0.22817945,-0.057524525,0.6017627716064453,0.18909696,2.0964980125427246,1.354412
2818,2.2998302,0.17919493,-0.1235012,0.7722796201705933,0.1787563,2.158780813217163,1.3878114
2819,2.2360332,0.18713568,-0.12782095,0.8377784490585327,0.14172533,2.2487499713897705,1.386024
2820,2.322446,0.123871945,-0.13181554,0.7721471786499023,0.15896839,2.303978204727173,1.4091135
2821,2.3251479,0.1711734,-0.14387569,0.8160039782524109,0.09688459,2.310617446899414,1.1645519
2822,2.4217706,0.1502565,-0.08452927,0.7916057109832764,0.19139604,2.086144208908081,2.0367637
2823,2.2336228,0.12274648,-0.09887141,0.6479231119155884,0.20012732,2.4135568141937256,1.343752
2824,2.2692564,0.21895412,0.009897575,0.6152648329734802,0.17786483,2.3433279991149902,1.2678962
2825,2.3317826,0.15442464,-0.10714241,0.5349754095077515,0.1833473,2.069028377532959,1.5459882
2826,2.27487,0.10286751,-0.08896772,0.8092367053031921,0.101209536,2.6194489002227783,1.0514398
2827,2.2467332,0.14310347,-0.12112255,0.7432145476341248,0.12719303,2.315288543701172,1.0719528
2828,2.3950653,0.1514927,-0.17448075,0.8249647617340088,0.15198311,2.1521692276000977,1.4883404
2829,2.2816365,0.22532116,-0.089336276,0.6014736890792847,0.2027959,2.0682928562164307,1.5423987
2830,2.232964,0.11708582,-0.08695403,0.7743949294090271,0.13431948,2.389375686645508,1.0826842
2831,2.2432353,0.1991572,0.020769574,0.8029152750968933,0.15013325,2.297363758087158,1.273421
2832,2.2396872,0.13569506,-0.16545568,0.6794077754020691,0.09156467,2.182607650756836,1.0711157
2833,2.2419121,0.16610737,-0.060634296,0.85,0.083362326,2.611588478088379,1.1422806
2834,2.2740715,0.1534501,-0.11183971,0.7650629281997681,0.16231358,2.382680654525757,1.2266427
2835,2.3021803,0.07591248,-0.13132033,0.8269139528274536,0.14415523,2.3759799003601074,1.0439017
2836,2.3676083,0.1366603,-0.21230988,0.77381432056427,0.1132587,2.2566113471984863,1.4940743
2837,2.2296643,0.18008533,-0.014899405,0.6614959239959717,0.18056816,2.3078036308288574,1.2004118
2838,2.2429192,0.19640084,-0.042984862,0.6944625973701477,0.19374822,2.3388242721557617,1.4712657
2839,2.1059678,0.21663524,-0.14665562,0.226451575756073,0.21971291,2.6741907596588135,0.7299097
2840,2.2926612,0.1438758,0.0070602777,0.8070171475410461,0.13259296,2.34625506401062,1.3114799
2841,2.3571584,0.12898095,-0.5812562,0.011994071304798126,0.22561526,2.374297857284546,0.81304055
2842,2.2392292,0.113650545,-0.0993496,0.553162693977356,0.2242737,2.1516785621643066,1.5815012
2843,2.2469873,0.12788518,-0.17622273,0.8315213918685913,0.092465684,2.4568469524383545,1.0858203
2844,2.2042284,0.12789476,-0.096584804,0.8015456199645996,0.1361828,2.4842517375946045,1.3044554
2845,2.323004,0.22438034,-0.14387344,0.7487683296203613,0.11775154,2.0697128772735596,1.5038283
2846,2.2692394,0.20816109,-0.0012157925,0.7607986330986023,0.16605398,2.0467185974121094,1.8422933
2847,2.3298855,0.17686462,-0.14009055,0.7364292740821838,0.15884283,2.2260396480560303,1.5198202
2848,2.3183343,0.11177398,-0.12453752,0.8095341920852661,0.12331335,2.101658344268799,1.1902653
2849,2.2200315,0.16899051,-0.05938837,0.7450588941574097,0.17158742,2.3406145572662354,1.155354
2850,2.2546065,0.10540614,-0.027341604,0.8324913382530212,0.08669352,2.0126402378082275,1.2529846
2851,2.3222122,0.24190116,-0.17944963,0.6878756284713745,0.17021763,2.144923210144043,1.7209009
2852,2.1967018,0.2354636,-0.107369274,0.6081624031066895,0.16914624,2.259678363800049,1.1908079
2853,2.287373,0.17320168,-0.06973674,0.7287980914115906,0.16340825,2.1836912631988525,1.1892993
2854,2.3091998,0.15597071,-0.06302233,0.6826655268669128,0.20590317,2.256857395172119,1.2228497
2855,2.3211648,0.14521892,-0.1290781,0.46771949529647827,0.21992482,2.0615651607513428,1.4866619
2856,2.2967243,0.06120359,-0.103004605,0.7616458535194397,0.16253106,2.4089713096618652,1.2669677
2857,2.312103,0.0880689,-0.0861292,0.6288644671440125,0.1781094,2.324570417404175,1.2053998
2858,2.2375677,0.16224794,-0.10773978,0.8024964928627014,0.17263804,2.4801666736602783,1.209109
2859,2.3201466,0.09155014,-0.09394238,0.8399079442024231,0.119257405,2.4780101776123047,1.2169574
2860,2.3549466,0.15617518,-0.12697795,0.7380337119102478,0.1580803,2.1958377361297607,1.3126175
2861,2.245914,0.08641801,-0.042432513,0.8471776843070984,0.09504749,2.3987035751342773,1.101523
2862,2.3557599,0.20273496,-0.09864121,0.7268421649932861,0.16464067,2.2456603050231934,1.4406567
2863,2.2134542,0.14811465,-0.0650643,0.7627738118171692,0.16066562,2.5296807289123535,1.0949349
2864,2.2695622,0.24209969,-0.089892104,0.7736834287643433,0.17027478,2.1099486351013184,1.5002445
2865,2.208314,0.18278259,-0.036260176,0.7620850205421448,0.18438375,2.594357490539551,1.1609623
2866,2.3714197,0.04225231,-0.10676645,0.757500946521759,0.1362484,2.094597578048706,1.2784604
2867,2.316925,0.14978012,-0.09605876,0.7609814405441284,0.16083995,2.1025853157043457,1.4843822
2868,2.2650616,0.0771828,-0.06831734,0.7928339242935181,0.15128615,2.357327461242676,1.2395902
2869,2.2504525,0.13628954,-0.06685489,0.8425066471099854,0.14081241,2.4317398071289062,1.0549809
2870,2.3108716,0.09821779,-0.097604446,0.5816681385040283,0.22519551,2.173682451248169,1.438147
2871,2.2414062,0.16778733,-0.07583527,0.8299400806427002,0.13440962,2.4303014278411865,1.0729613
2872,2.396604,0.07883589,-0.14498122,0.7059376239776611,0.18286212,2.1445705890655518,1.3911314
2873,2.2606432,0.15157977,-0.032581635,0.7503497004508972,0.1805443,2.3136258125305176,1.4139128
2874,2.1607215,0.08828186,0.0026249823,0.6110388040542603,0.18217295,2.430304527282715,1.1291448
2875,2.2209418,0.16571115,-0.024036959,0.6009858846664429,0.20664035,2.1936051845550537,1.3864125
2876,2.1564403,0.24583098,-0.0946736,0.6232079863548279,0.17134751,2.4401724338531494,0.95861816
2877,2.263297,0.13239938,-0.1332104,0.745133638381958,0.13647623,2.221752405166626,1.2209884
2878,2.2581432,0.18298393,-0.095636934,0.6625904440879822,0.18362178,2.434213161468506,1.2186245
2879,2.2972472,0.13587996,-0.05388746,0.7031462788581848,0.180588,2.112455368041992,1.6770828
2880,2.3136353,0.17282821,-0.15086316,0.45420828461647034,0.23221764,2.3801560401916504,1.557168
2881,2.2383695,0.18118916,-0.56335586,-0.43215057253837585,0.30180752,2.503574848175049,1.0086573
2882,2.3823447,0.100988515,-0.21367058,0.7278386950492859,0.19417232,2.3403048515319824,1.5136546
2883,2.2616804,0.12578788,-0.06938174,0.7178829312324524,0.16523264,2.1276211738586426,1.343417
2884,2.2831051,0.19956297,-0.112480566,0.7683308720588684,0.13387571,2.2197179794311523,1.4204278
2885,2.3913093,0.14507432,-0.15339555,0.7938265800476074,0.13791035,2.307379961013794,1.3337998
2886,2.4000247,0.154668,-0.12246919,0.7139617204666138,0.2011225,1.9736366271972656,2.402657
2887,2.3034656,0.20447141,-0.15354684,0.7105280756950378,0.15920545,2.248770236968994,1.1663306
2888,2.253851,0.21103364,-0.1555892,0.5951301455497742,0.18467203,2.3504295349121094,1.327009
2889,2.2359304,0.10971892,-0.08982526,0.5617032051086426,0.18432616,2.3413078784942627,1.094953
2890,2.3419867,0.18934725,-0.18803392,0.7583522796630859,0.17069764,2.253537893295288,1.4526743
2891,2.233227,0.117913656,0.020892562,0.8184801340103149,0.11676136,2.365241289138794,1.3108046
2892,2.3364558,0.12350211,-0.123286195,0.46121516823768616,0.21670854,2.068991184234619,1.4507055
2893,2.2788806,0.15145294,-0.0626062,0.6230087280273438,0.19790035,2.0802218914031982,1.4002435
2894,2.3076384,0.11900226,-0.10527587,0.6419607400894165,0.18985388,2.233721971511841,1.4407656
2895,2.3164651,0.19852738,-0.11839958,0.8425318598747253,0.08667823,2.332554578781128,1.3123181
2896,2.275574,0.19097292,-0.07937581,0.8171073198318481,0.14098544,2.4138734340667725,1.4500802
2897,2.2824833,0.26082927,-0.16340266,0.6973803639411926,0.17905141,2.062180757522583,1.7751604
2898,2.365668,0.21541035,-0.098241985,0.802603542804718,0.20225231,2.092756986618042,1.7000039
2899,2.2233348,0.12690634,-0.115321085,0.6754106283187866,0.14661503,2.5739641189575195,0.8523118
2900,2.2652922,0.14362128,-0.07818346,0.8445966839790344,0.13330588,2.3644521236419678,1.1882564
2901,2.174757,0.15632358,-0.046221517,0.7054904103279114,0.18174525,2.4209787845611572,1.0959356
2902,2.3421588,0.18373495,-0.1806053,0.7365289926528931,0.14830667,2.343693256378174,1.2562616
2903,2.1570008,0.1511379,-0.039022945,0.7277365922927856,0.16653879,2.778801679611206,0.8767634
2904,2.3711636,0.14412281,-0.13864487,0.7603616714477539,0.1545753,2.0910704135894775,1.4840945
2905,2.2155747,0.17034544,-0.055752356,0.8260381817817688,0.12806335,2.540348529815674,1.1434597
2906,2.1791565,0.19507475,-0.13729954,0.5551629662513733,0.13510118,2.3830933570861816,0.85062647
2907,2.2615051,0.094200216,-0.08020645,0.7243518829345703,0.18946573,2.4820761680603027,1.1425313
2908,2.2669191,0.11762678,-0.03180621,0.5568918585777283,0.200916,2.2665984630584717,1.2077492
2909,2.269159,0.18101792,-0.08534427,0.7655065059661865,0.13221423,2.2647950649261475,1.4224432
2910,2.3338428,-0.059370663,-0.12023385,0.7739449143409729,0.13232121,2.5076396465301514,0.8340086
2911,2.2338128,0.17584741,-0.04879571,0.8324519395828247,0.12857436,2.3052828311920166,1.1455137
2912,2.2069407,0.15807343,-0.11245286,0.5903087258338928,0.20018977,2.5131280422210693,0.9830943
2913,2.3829377,0.19297625,-0.14720699,0.8076162338256836,0.14277667,2.267817974090576,1.6140229
2914,2.3875449,0.18196076,-0.14649916,0.7500995397567749,0.16792716,2.1183083057403564,1.4603152
2915,2.36421,0.12723973,-0.124916986,0.8033334016799927,0.16422534,2.239194393157959,1.39941
2916,2.1935165,0.1358503,-0.119848,0.6821107864379883,0.14373602,2.6959800720214844,0.7536649
2917,2.2517924,0.14446816,-0.07177038,0.7970229387283325,0.14433941,2.368107557296753,1.1872104
2918,2.4767091,0.14330292,-0.21623941,0.8243152499198914,0.16000089,2.2626423835754395,1.4619869
2919,2.2472312,0.1656612,-0.097433135,0.580353319644928,0.20750578,2.2515623569488525,1.2474773
2920,2.26699,0.1331679,-0.13415793,0.5851168632507324,0.18732628,2.33793568611145,1.1457242
2921,2.3579168,0.033986267,-0.15185237,0.8278089165687561,0.12979205,2.188915252685547,1.2896746
2922,2.3162704,0.26035523,-0.19588934,0.7940579652786255,0.16506125,2.3536713123321533,1.4959009
2923,2.3219821,0.11712831,-0.08370213,0.7946655750274658,0.14327781,2.126710891723633,1.4666615
2924,2.2792003,0.14654285,-0.12252963,0.6560056209564209,0.18974136,2.3719098567962646,1.4021572
2925,2.3512447,0.13907768,-0.15429464,0.7446858882904053,0.16582848,2.2740917205810547,1.371061
2926,2.214514,0.024638815,-0.06020103,0.6260725259780884,0.17369357,2.1956191062927246,1.1851557
2927,2.1963153,0.17455797,-0.09105388,0.5689339637756348,0.19309218,2.3678455352783203,1.1486232
2928,2.2511044,0.16136046,-0.07908198,0.7831441164016724,0.163995,2.359036445617676,1.3038132
2929,2.4641783,0.1922376,-0.13520186,0.8186867237091064,0.21674037,2.057832717895508,2.03127
2930,2.2137723,0.19027236,-0.22276606,0.6513267159461975,0.17418231,2.214542865753174,1.0632969
2931,2.265514,0.19225483,-0.12985133,0.5733056664466858,0.23471798,2.370305061340332,1.5189346
2932,2.2535698,0.14147379,-0.18983129,0.5509581565856934,0.18931744,2.4310543537139893,0.9838864
2933,2.262697,0.18385617,-0.2187237,0.714179277420044,0.17879699,2.3912243843078613,1.2829999
2934,2.2153678,0.25624093,-0.03410884,0.53741055727005,0.21375938,2.2786734104156494,1.3925748
2935,2.3458457,0.12426433,-0.1615662,0.6690711379051208,0.2052456,2.2397007942199707,1.5266132
2936,2.2909281,0.1905546,-0.04644661,0.825888991355896,0.1251397,2.314685106277466,1.1984066
2937,2.354579,0.21209188,-0.13228731,0.634945809841156,0.19670731,2.105961799621582,1.8461959
2938,2.299295,0.13026863,-0.17481339,0.6447907090187073,0.15201294,2.28700852394104,1.1438514
2939,2.2489226,0.24669972,-0.12516476,0.5928274989128113,0.17958629,2.1595499515533447,1.287782
2940,2.337587,0.17836025,-0.081527114,0.7609521150588989,0.17324927,2.3117573261260986,1.2699713
2941,2.420135,0.10166795,-0.12591916,0.8024791479110718,0.17125906,2.2899539470672607,1.823842
2942,2.266703,0.08932392,-0.071307346,0.776017963886261,0.15056527,2.3963615894317627,1.3583596
2943,2.2848876,0.19497786,-0.084306054,0.7756247520446777,0.1825636,2.216508626937866,2.1391816
2944,2.3294036,0.1839408,-0.20956779,0.8049852848052979,0.129588,2.20796537399292,1.124546
2945,2.2946644,0.12520933,-0.15610026,0.7718151211738586,0.11788683,2.4178874492645264,0.9725583
2946,2.1913507,0.17506143,-0.058894847,0.6139241456985474,0.17758639,2.3413844108581543,1.3327457
2947,2.4279296,0.17009366,-0.17759287,0.7727738618850708,0.16844454,2.2550125122070312,1.5090549
2948,2.386801,0.14054883,-0.16317648,0.817601203918457,0.16207163,2.2472622394561768,1.5027213
2949,2.3525147,0.22234148,-0.08486805,0.7094613909721375,0.22089107,2.2134268283843994,1.5585855
2950,2.2581697,0.18496376,-0.13823482,0.5998024344444275,0.20107697,2.4980521202087402,1.1296843
2951,2.31728,0.20135024,-0.1934829,0.6613984704017639,0.19059524,2.0788590908050537,1.5504234
2952,2.3400478,0.10022951,-0.11299156,0.7452656626701355,0.17452121,2.2546417713165283,1.4080665
2953,2.3001032,0.23513104,-0.14162886,0.6016793251037598,0.20876448,2.1524698734283447,1.378213
2954,2.3117435,0.16893224,-0.14927964,0.8405531644821167,0.14574742,2.485560894012451,0.9945793
2955,2.2509093,0.10927846,-0.055306323,0.5632632970809937,0.17837015,2.394595146179199,1.088503
2956,2.357391,0.06852706,-0.06976692,0.715153157711029,0.14528286,2.299098014831543,1.2566843
2957,2.2464046,0.26371205,-0.054732613,0.5631380081176758,0.20414941,2.337423324584961,1.3961258
2958,2.2172167,0.20581155,-0.02501662,0.7585012316703796,0.13888939,2.326106548309326,1.2633965
2959,2.3099618,0.12657693,-0.03833071,0.7771400213241577,0.12931731,2.2891976833343506,1.5029283
2960,2.3390646,0.22100991,-0.12340606,0.7165844440460205,0.17597713,2.2582507133483887,1.7021596
2961,2.275558,0.17383493,-0.13179049,0.7890042662620544,0.16228777,2.4404006004333496,1.1293024
2962,2.294084,0.18082602,-0.0972241,0.6096754670143127,0.18586072,2.2175025939941406,1.2880299
2963,2.3608344,0.19662751,-0.13811861,0.5118718147277832,0.24642041,2.015899896621704,2.3610275
2964,2.3507314,0.100051485,-0.098251745,0.8112959265708923,0.15253016,2.1519224643707275,1.517538
2965,2.342301,0.17299071,-0.20765896,0.845452070236206,0.11183569,2.289628028869629,1.485937
2966,2.356149,0.17404401,-0.19722493,0.48678985238075256,0.2090937,2.0665080547332764,1.6399678
2967,2.313976,0.1725448,-0.14770947,0.8225096464157104,0.12290575,2.2885518074035645,1.3734233
2968,2.256234,0.20678647,-0.083498895,0.7951107025146484,0.16799726,2.326660394668579,1.3873101
2969,2.3789494,0.15522331,-0.22564778,0.8219963908195496,0.13031806,2.3520238399505615,1.3624705
2970,2.3484373,0.20938449,-0.23401567,0.4663194417953491,0.25679645,2.2907066345214844,1.7348583
2971,2.1986897,0.13656676,-0.11781084,0.7001166343688965,0.14933275,2.16987943649292,0.9519536
2972,2.3267713,0.10556783,-0.16701974,0.724574089050293,0.17805466,2.295351266860962,1.1196306
2973,2.2552586,0.15293087,-0.08769711,0.7394737005233765,0.17310573,2.454270601272583,1.1156116
2974,2.2965336,0.11932233,-0.14638391,0.7062962651252747,0.17662326,2.2107720375061035,1.1392484
2975,2.2797282,0.086933576,-0.09288167,0.8061246275901794,0.119940735,2.2959251403808594,1.2000982
2976,2.254117,0.18512553,-0.090932816,0.8128084540367126,0.15988232,2.4247324466705322,1.2571316
2977,2.2411606,0.21188763,-0.17883416,0.776458203792572,0.15946148,2.5105767250061035,1.0361089
2978,2.2181737,0.12956451,-0.11892859,0.44910240173339844,0.22561343,2.421942949295044,1.0696428
2979,2.252544,0.16884598,-0.08593469,0.8026385307312012,0.14219534,2.4550273418426514,1.205313
2980,2.2467134,0.15425454,-0.1171462,0.7959229946136475,0.15027303,2.440342903137207,1.1495447
2981,2.2433527,0.091367364,0.0024783453,0.6448552012443542,0.17392339,2.2140846252441406,1.3735545
2982,2.3407633,0.13599934,-0.22308637,0.8428806662559509,0.1014494,2.474684715270996,0.9774644
2983,2.2791464,0.20156902,-0.16225672,0.6539403796195984,0.16011488,2.1695973873138428,1.2305313
2984,2.2635355,0.16844894,-0.07707415,0.5312880873680115,0.21612626,2.280240297317505,1.4355757
2985,2.2109334,0.152048,-0.020714963,0.5507913827896118,0.19282809,2.1159183979034424,1.203109
2986,2.131202,0.11933672,-0.13672377,-0.03867697715759277,0.32363954,2.50993013381958,1.1151564
2987,2.2530432,0.18772402,-0.025807828,0.8485049605369568,0.13493764,2.3678817749023438,1.1326916
2988,2.3301635,0.17966177,-0.047506746,0.8197435736656189,0.119142935,2.0358269214630127,1.8573247
2989,2.355183,0.1310364,-0.12683801,0.5672152638435364,0.19094388,2.225358724594116,1.438056
2990,2.2677438,0.08882724,-0.04701097,0.7549441456794739,0.14783671,2.32434344291687,1.1751789
2991,2.2901382,0.24793595,-0.13294592,0.5166962146759033,0.18017456,2.077357769012451,1.341603
2992,2.3626616,0.09379595,-0.061823122,0.6944584846496582,0.16509937,2.111912250518799,1.5052752
2993,2.3489137,0.19205514,-0.14297579,0.6710339188575745,0.20882086,2.1379220485687256,1.6245027
2994,2.3010721,0.205361,-0.10665745,0.8403221964836121,0.11679462,2.205627202987671,1.2524699
2995,2.269333,0.17916057,-0.1615567,0.7277025580406189,0.16430229,2.360306739807129,1.2386824
2996,2.2524388,0.14398386,-0.067414,0.561420202255249,0.21901761,2.1208183765411377,1.4385927
2997,2.3506925,0.17285046,-0.19337629,0.5403512716293335,0.16252941,2.2050440311431885,1.4556484
2998,2.2568388,0.14839512,-0.048832484,0.5908825993537903,0.23671766,2.2798187732696533,1.3709372
2999,2.2675831,0.0937686,-0.081840456,0.7910742163658142,0.16264687,2.366529703140259,1.3021569
3000,2.2780867,0.07612206,-0.1385678,0.6874744892120361,0.14394844,2.507883071899414,0.8105014
3001,2.2918751,0.15572457,-0.15996386,0.5721850991249084,0.21194385,2.1742701530456543,1.3231119
3002,2.3115175,0.18686733,-0.13444062,0.5455553531646729,0.22887489,2.1033947467803955,1.4282252
3003,2.3635921,0.119383395,-0.16264422,0.7029995918273926,0.2028474,2.1987462043762207,1.4806032
3004,2.2889497,0.15136744,-0.08395293,0.8168155550956726,0.087309025,2.3619987964630127,1.0328135
3005,2.3315895,0.0867267,-0.100136176,0.7998515367507935,0.15529577,2.2813501358032227,1.2718143
3006,2.268627,0.20046133,-0.1361718,0.8001824617385864,0.1696829,2.2507128715515137,1.4552878
3007,2.3719218,0.15327694,-0.2098881,0.8456584215164185,0.08852844,2.374347448348999,1.400162
3008,2.368111,0.2455467,-0.17968212,0.5804109573364258,0.22675042,2.200453042984009,1.6789029
3009,2.2965796,0.21728294,-0.1835491,0.6222394108772278,0.15889855,2.335310220718384,1.1656358
3010,2.2471256,0.16701816,-0.03683608,0.7521054744720459,0.116143994,2.4783072471618652,0.9352921
3011,2.3060443,0.08745917,-0.088889614,0.7346699833869934,0.17302497,2.3453762531280518,1.2284296
3012,2.3024049,0.19745691,-0.15075512,0.4010680615901947,0.20936055,2.0328400135040283,1.434193
3013,2.321014,0.2104506,-0.09242139,0.7414804697036743,0.16587338,2.1242854595184326,1.4192822
3014,2.3665433,0.18625107,-0.063199736,0.8198003172874451,0.161963,2.118772268295288,1.7583264
3015,2.3059254,0.16828448,-0.030557856,0.8149030208587646,0.14003094,2.166412591934204,1.4685428
3016,2.2281966,0.22468573,-0.16355361,0.5663707256317139,0.18111423,2.3707966804504395,1.1749333
3017,2.2499938,0.21899179,-0.06555642,0.57352614402771,0.22608201,2.339318037033081,1.3665372
3018,2.3349152,0.1099495,-0.06432412,0.8185132145881653,0.13242234,2.316072463989258,1.408822
3019,2.313508,0.19007514,-0.14978617,0.8069595098495483,0.10256054,2.402191638946533,1.1735029
3020,2.3215325,0.22756502,-0.16712241,0.7604614496231079,0.1386145,2.0944485664367676,1.4659387
3021,2.2195723,0.076423675,-0.13751723,0.7519250512123108,0.14788085,2.289850950241089,1.2335945
3022,2.2113152,0.18838927,-0.22062516,0.6469615697860718,0.15596142,2.788783073425293,0.8355718
3023,2.187495,0.14979023,-0.04565348,0.6144981980323792,0.16090192,2.522639274597168,0.9527482
3024,2.3000288,0.15259658,-0.06481392,0.8346821665763855,0.11278247,2.3746891021728516,1.1949999
3025,2.2670197,0.18449037,-0.06292381,0.7469716668128967,0.15198104,2.30971622467041,1.2257093
3026,2.236684,0.21457908,-0.14120753,0.7766677141189575,0.16769242,2.3855650424957275,1.2077178
3027,2.4592202,0.19826876,-0.18487915,0.8260152339935303,0.1667054,2.0080480575561523,2.6571968
3028,2.295907,0.10513714,-0.033748794,0.739226222038269,0.16999191,2.3490617275238037,1.279241
3029,2.421304,0.18225735,-0.08403438,0.8318506479263306,0.145393,2.0345218181610107,1.5843837
3030,2.2452414,0.18593216,-0.13139789,0.6484318971633911,0.19085403,2.437891960144043,1.0832661
3031,2.24462,0.22058257,-0.109610446,0.7717490196228027,0.15867664,2.470158100128174,1.1368637
3032,2.3144615,0.09054169,-0.17917675,0.8304828405380249,0.13035765,2.3730812072753906,1.161848
3033,2.3341289,0.108194225,-0.023688486,0.85,0.071898386,2.370546817779541,1.2631272
3034,2.379507,0.1255923,-0.1208799,0.8457208871841431,0.09555642,2.2631595134735107,1.2924855
3035,2.2591474,0.24040177,-0.111710005,0.6631078124046326,0.21124674,2.2185556888580322,1.7038211
3036,2.2310376,0.086262986,-0.07829362,0.5983659625053406,0.19875756,2.3417892456054688,1.1922772
3037,2.3043332,0.114289366,-0.11167441,0.611434280872345,0.17718956,2.2752647399902344,1.0226258
3038,2.1828265,0.19504775,-0.12390412,0.7485265731811523,0.134764,2.6344335079193115,0.75065714
3039,2.3728356,0.12925462,-0.08775781,0.7697679400444031,0.18533252,2.1323211193084717,1.447414
3040,2.315097,0.24012126,-0.1525858,0.5013840794563293,0.16758592,2.1995043754577637,1.693079
3041,2.281498,0.20596668,-0.17235962,0.6369683146476746,0.19437745,2.2020909786224365,1.3862183
3042,2.290328,0.15127426,-0.102491334,0.42823317646980286,0.19583148,2.280703544616699,1.2264564
3043,2.3690856,0.13408326,-0.090611435,0.5757060647010803,0.20828433,2.0458920001983643,2.2610502
3044,2.2706842,0.19394153,-0.11465841,0.6638211011886597,0.18814793,2.273869752883911,1.3581916
3045,2.2887664,0.16044778,-0.15185037,0.5599489808082581,0.19609049,2.1943564414978027,1.361377
3046,2.3250747,0.23889664,-0.21944465,0.8420546054840088,0.04557707,2.5933315753936768,0.818908
3047,2.167546,0.19744363,-0.016289616,0.7039319276809692,0.17420122,2.433408498764038,1.0978992
3048,2.2472854,0.12639919,-0.051908743,0.6974700093269348,0.14172928,2.2784883975982666,1.1438487
3049,2.2754939,0.15774861,-0.0983965,0.8046736121177673,0.14456387,2.3341894149780273,1.2219883
3050,2.403556,0.19913429,-0.15270571,0.748875081539154,0.21906734,2.253571033477783,1.546852
3051,2.2944977,0.11673111,-0.11308596,0.7626567482948303,0.15296026,2.3555874824523926,1.3510324
3052,2.3965151,0.1915969,-0.2124576,0.6402987241744995,0.19352381,2.0461671352386475,2.21606
3053,2.2945619,0.14067225,-0.15360369,0.7513812184333801,0.16340068,2.380769968032837,1.0716969
3054,2.3152359,0.20591117,-0.1229994,0.7810259461402893,0.1622788,2.0905048847198486,1.313038
3055,2.2190073,0.17643717,-0.040408812,0.6055620908737183,0.20089802,2.3881208896636963,1.3399622
3056,2.2531188,0.14538795,-0.13136491,0.7167153358459473,0.16765991,2.4552083015441895,1.0309114
3057,2.3264258,0.09866632,-0.1570882,0.7209581732749939,0.13197626,2.4454104900360107,1.1994267
3058,2.3660526,0.09183311,-0.11509947,0.6992059350013733,0.14737831,2.1166672706604004,1.3662843
3059,2.365246,0.10743788,-0.10057444,0.591563880443573,0.20559241,2.0803446769714355,1.8302655
3060,2.2772331,0.119203,-0.1832604,0.6928966641426086,0.17057927,2.349085807800293,1.1334713
3061,2.4567902,0.14008683,-0.12913662,0.8153675198554993,0.17569916,2.044532537460327,1.8106109
3062,2.3820798,0.19730769,-0.14894764,0.6790981292724609,0.20203972,2.04213809967041,1.7242482
3063,2.2915516,0.25923464,-0.15819469,0.4527569115161896,0.25902176,2.1917624473571777,1.4723686
3064,2.3476856,0.11846615,-0.16602574,0.8089364171028137,0.14489703,2.409102439880371,1.1846758
3065,2.257036,0.17861171,-0.08858726,0.7534230351448059,0.1669336,2.1646909713745117,1.3912559
3066,2.423462,0.12482962,-0.14046243,0.7331131100654602,0.17692015,2.1569571495056152,1.5428255
3067,2.2710962,0.1384021,-0.043728128,0.6604393124580383,0.17919588,2.254006862640381,1.2160617
3068,2.2332919,0.12892632,-0.12418338,0.5307389497756958,0.2103033,2.413860321044922,1.0439631
3069,2.2550306,0.13413952,-0.41704962,0.0071418569423258305,0.24235654,2.5995023250579834,0.81240916
3070,2.3530455,0.115810715,-0.12201694,0.8387110233306885,0.1290058,2.074634075164795,1.4851791
3071,2.2782018,0.123629734,-0.10644753,0.48133599758148193,0.26017827,2.2678399085998535,1.4397621
3072,2.2611237,0.068693504,-0.13842663,0.3206627070903778,0.17876671,2.396836042404175,1.045249
3073,2.2218752,0.17782022,-0.12712336,0.3995557129383087,0.22723809,2.230726718902588,1.5674253
3074,2.2977602,0.14810556,-0.06298213,0.5942723751068115,0.15284257,2.062917947769165,1.3571887
3075,2.3133235,0.12734906,-0.1600755,0.764082670211792,0.13113952,2.3883986473083496,1.1055181
3076,2.2461247,0.19326866,-0.16705148,0.4923499524593353,0.19365971,2.23673939704895,1.297998
3077,2.3096216,0.22987911,-0.054190792,0.74608314037323,0.16538538,2.069080352783203,1.9417348
3078,2.273986,0.16088948,-0.124338,0.7026330232620239,0.19155243,2.2926228046417236,1.3966329
3079,2.3062427,0.21189703,-0.112308435,0.45132821798324585,0.23575471,2.053690195083618,2.0119956
3080,2.2389164,0.19161138,-0.15809163,0.8372921943664551,0.11649451,2.4528591632843018,1.0315506
3081,2.2919638,0.081105866,-0.10063275,0.8363010883331299,0.100492254,2.3763978481292725,1.0501552
3082,2.3017235,0.12697935,-0.09566621,0.7638717293739319,0.17422383,2.370908737182617,1.232669
3083,2.3702114,0.1180567,-0.1308124,0.7338441610336304,0.19551003,2.299821615219116,1.6065522
3084,2.3342648,0.171492,-0.12752263,0.5485360026359558,0.21322799,2.0893256664276123,1.7717047
3085,2.247201,0.25513414,-0.043028794,0.6300972700119019,0.2063784,2.3748116493225098,1.4090213
3086,2.284664,0.14684023,-0.068654664,0.8431953191757202,0.120074965,2.0783801078796387,1.4412018
3087,2.3021038,0.17809482,-0.09885617,0.6207893490791321,0.16517963,2.1128592491149902,1.351116
3088,2.3010437,0.14172982,-0.09514189,0.5673367977142334,0.18818623,2.3020386695861816,1.1454074
3089,2.327678,0.2127359,-0.1584468,0.7746131420135498,0.18178314,2.1065456867218018,1.557636
3090,2.3219218,0.18581168,-0.07323553,0.816291332244873,0.15466516,2.1170849800109863,1.4034727
3091,2.4038434,0.09267898,-0.22859196,0.7051419019699097,0.19517352,2.0687572956085205,1.6276917
3092,2.28394,0.18744214,-0.15746313,0.8243083953857422,0.119966626,2.4057843685150146,1.3234923
3093,2.2759235,0.12570165,-0.067171864,0.5810035467147827,0.16151698,2.30373215675354,1.1421522
3094,2.2958934,0.16173777,0.054318894,0.8484545350074768,0.08540437,2.0812296867370605,1.7288878
3095,2.2066944,0.18772781,-0.06422257,0.6588736176490784,0.15466261,2.4487297534942627,1.1433427
3096,2.1937103,0.21693386,-0.056033593,0.6771244406700134,0.17832984,2.513087034225464,1.2620927
3097,2.2303464,0.16089687,-0.06974361,0.6669164299964905,0.206891,2.4331281185150146,1.2420613
3098,2.3442194,0.22362989,-0.1864297,0.812745213508606,0.159747,2.1525182723999023,1.3936353
3099,2.3176517,0.21694708,-0.17284828,0.679836094379425,0.16168462,2.206552743911743,1.2570409
3100,2.3500342,0.17365687,-0.24818847,0.4239254593849182,0.22084491,2.116999626159668,1.4726651
3101,2.2574492,0.12713897,-0.07727399,0.8013609647750854,0.12605026,2.382802963256836,1.291422
3102,2.2195904,0.25634214,-0.07474823,0.5100951194763184,0.19434237,2.4737422466278076,1.0918056
3103,2.3355575,0.19121067,-0.2219756,0.8483741283416748,0.1422903,2.324948310852051,1.4131542
3104,2.323192,0.14443387,-0.15680066,0.644144594669342,0.1952017,2.284388303756714,1.4544449
3105,2.3206062,0.18560037,-0.19799967,0.6422215104103088,0.20888722,2.139732599258423,1.3611596
3106,2.3186648,0.046763092,-0.1512597,0.85,0.105023086,2.235907793045044,1.2985123
3107,2.4101954,0.060873114,-0.14372666,0.683224081993103,0.18723091,2.175107002258301,1.6378969
3108,2.2016675,0.18233374,-0.07926162,0.6118910312652588,0.16665559,2.475691318511963,1.1766778
3109,2.3621147,0.17797072,-0.03514694,0.5903230905532837,0.23722942,2.2309813499450684,2.0388277
3110,2.3326287,0.1691205,-0.10093769,0.8191577196121216,0.14880405,2.2617416381835938,1.4551816
3111,2.2902467,0.20990255,-0.120172344,0.7793145179748535,0.15601033,2.278583288192749,1.6194029
3112,2.323786,0.178821,-0.10972686,0.8292822241783142,0.12867793,2.117927312850952,1.6752447
3113,2.3066645,0.15428534,-0.04073883,0.7531618475914001,0.17226307,2.244288206100464,1.3868365
3114,2.2532902,0.23566101,-0.14753556,0.6102652549743652,0.1520852,2.3584203720092773,1.0628455
3115,2.460793,0.098267965,-0.29176426,0.638428807258606,0.08798094,2.0788702964782715,1.215382
3116,2.3551247,0.12440719,-0.107809454,0.85,0.10493312,2.2046561241149902,1.5630834
3117,2.2236006,0.21353061,-0.1218677,0.3866339921951294,0.2361033,2.291827440261841,1.4018811
3118,2.331721,0.17304274,-0.17947073,0.7700994610786438,0.16273548,2.2242960929870605,1.2806119
3119,2.4450958,0.0705898,-0.16528864,0.6294173002243042,0.1698496,2.0372025966644287,1.4638084
3120,2.282363,0.16444969,-0.07597117,0.8131566047668457,0.116688505,2.1996235847473145,1.2429013
3121,2.2318912,0.098766536,-0.05783203,0.49898743629455566,0.16857807,2.238917589187622,1.0006098
3122,2.3732855,0.14529105,-0.15769458,0.78038090467453,0.15262015,2.128232479095459,1.313695
3123,2.259868,0.13129091,-0.10852894,0.7117595076560974,0.16093767,2.252563238143921,1.3626412
3124,2.2610085,0.11221469,-0.10286408,0.6065191626548767,0.18093657,2.412860870361328,0.9866188
3125,2.3444853,0.20203033,-0.10814348,0.8324518203735352,0.11608015,2.343907356262207,1.5285507
3126,2.2723963,0.15381017,-0.1738702,0.7064187526702881,0.17831303,2.2758171558380127,1.2268392
3127,2.2801094,0.10007682,-0.099856935,0.7634092569351196,0.12825821,2.4251956939697266,0.9625667
3128,2.2574008,0.17252266,-0.17271578,0.8373150825500488,0.09844791,2.5031392574310303,0.9988498
3129,2.311383,0.12791055,-0.09669778,0.8347373008728027,0.08841426,2.3387439250946045,1.1136287
3130,2.238189,0.12382885,-0.037598334,0.7093055844306946,0.16294652,2.253675699234009,1.2029254
3131,2.2797184,0.18388513,-0.17103778,0.8397748470306396,0.09465517,2.39030122756958,1.2861476
3132,2.4374428,0.15944032,-0.10280269,0.8360646367073059,0.18583679,2.1955182552337646,1.8325199
3133,2.2734141,0.24190016,-0.11511355,0.7540879249572754,0.13304263,2.3072166442871094,1.1177137
3134,2.3216484,0.13434632,-0.11256307,0.8420828580856323,0.07388039,2.186662197113037,1.4303594
3135,2.2984354,0.2155607,-0.14365488,0.5394579172134399,0.17568015,2.1343462467193604,1.3917115
3136,2.2369828,0.18026198,-0.023708422,0.7778388261795044,0.14791767,2.544847011566162,1.2477542
3137,2.3341827,0.15360191,-0.09040771,0.6215728521347046,0.17688775,2.066901922225952,1.5932469
3138,2.3823998,0.1457617,-0.14987545,0.6449506282806396,0.19896701,2.1700308322906494,1.4074562
3139,2.3647513,0.18872815,-0.14508122,0.6771331429481506,0.18786632,2.093975305557251,1.8501242
3140,2.2925172,0.17350847,-0.16534331,0.7561163306236267,0.14785264,2.141223669052124,1.0965649
3141,2.2772706,0.19837242,-0.12208646,0.7643852829933167,0.1308122,2.3800041675567627,1.0232742
3142,2.2419286,0.15272787,-0.09912947,0.774779200553894,0.15093307,2.395242929458618,1.3317239
3143,2.2034125,0.1331768,-0.06480283,0.7727507948875427,0.1386826,2.487234592437744,0.9812736
3144,2.2513971,0.09579551,-0.10002816,0.8177696466445923,0.1234765,2.344243049621582,1.1186433
3145,2.276311,0.14487253,-0.11564734,0.5779119729995728,0.18459733,2.412398099899292,1.1770009
3146,2.3071218,0.15946874,-0.22175749,0.5763561725616455,0.19312313,2.424569845199585,1.2181332
3147,2.1913412,0.21402638,-0.02819964,0.6553057432174683,0.15440728,2.366772174835205,1.2932682
3148,2.2714102,0.23889564,-0.17393419,0.8275304436683655,0.1362165,2.1907734870910645,1.4843392
3149,2.301338,0.20595908,-0.05730778,0.75388503074646,0.16093275,2.392101526260376,1.2345388
3150,2.2307506,0.20748866,-0.087773524,0.8094127774238586,0.12778617,2.3787810802459717,1.1485953
3151,2.24262,0.1714688,-0.057850026,0.6419934630393982,0.1861751,2.416376829147339,1.171979
3152,2.2795806,0.18891133,-0.08598602,0.6481768488883972,0.18234588,2.373366355895996,1.2027568
3153,2.3698084,0.23582523,-0.4108762,0.7376205325126648,0.1420539,2.479492664337158,0.8883804
3154,2.3198419,0.18930359,-0.124599956,0.8477594256401062,0.09901842,2.131725311279297,1.3945168
3155,2.3064728,0.09551028,-0.16695288,0.6949015259742737,0.17155072,2.1787619590759277,1.3037041
3156,2.3427238,0.11184708,-0.1719396,0.7450480461120605,0.13991196,2.3576159477233887,1.2612015
3157,2.3575532,0.17203732,-0.098558545,0.7896239757537842,0.16299886,2.1661620140075684,1.4488417
3158,2.3693612,0.074998155,-0.16415372,0.7971194386482239,0.16985342,2.2464640140533447,1.2704436
3159,2.294313,0.14124942,-0.04409276,0.7150484919548035,0.15309042,2.052316665649414,1.464618
3160,2.182537,0.20332192,0.019030513,0.5959812998771667,0.2074992,2.2496397495269775,1.3523542
3161,2.284615,0.19261709,-0.15525815,0.7417619228363037,0.1754503,2.190063953399658,1.3537894
3162,2.2017303,0.17562623,-0.042378206,0.7218519449234009,0.16417328,2.438994884490967,1.0347109
3163,2.2731843,0.15472145,-0.10426961,0.7824183106422424,0.15275055,2.3223578929901123,1.2441024
3164,2.2130942,0.2188888,-0.1522711,0.7182639837265015,0.1537291,2.6561875343322754,1.0187174
3165,2.2172158,0.17902437,-0.06987638,0.4897606372833252,0.24265225,2.419184446334839,1.4725631
3166,2.2878582,0.2055053,-0.14343059,0.5809755921363831,0.19643012,2.3769257068634033,1.2542715
3167,2.3088534,0.1955219,-0.11724722,0.6597374081611633,0.19202521,2.2535738945007324,1.5879483
3168,2.2696674,0.1845925,-0.029231757,0.7799447178840637,0.14847499,2.292858600616455,1.558306
3169,2.2449327,0.14531313,-0.055011343,0.8001541495323181,0.09969991,2.300158739089966,1.2871505
3170,2.3283808,0.121312074,-0.19075418,0.7003398537635803,0.16112481,2.2763166427612305,1.3316193
3171,2.3479924,0.15507151,-0.12982023,0.7616113424301147,0.14078294,2.057222366333008,1.3853939
3172,2.3051932,0.1897729,-0.06535895,0.5364677906036377,0.20068826,2.099943161010742,1.4829596
3173,2.3688507,0.1263163,-0.08084262,0.6648299694061279,0.22059411,2.048668622970581,1.4288492
3174,2.2739782,0.16806574,-0.124525726,0.5870229005813599,0.19528326,2.3348469734191895,1.2672752
3175,2.23704,0.1980089,-0.049367893,0.5441126823425293,0.22365098,2.348088502883911,1.2443988
3176,2.3586743,0.15553144,-0.20084152,0.8296988010406494,0.12593491,2.349188804626465,1.4922055
3177,2.3540711,0.15274476,-0.21628843,0.7256307601928711,0.16303131,2.2555434703826904,1.3242958
3178,2.3189983,0.14566898,-0.11458969,0.5595912337303162,0.23503725,2.0755274295806885,1.6617237
3179,2.2961783,0.13313891,-0.0999141,0.8486137986183167,0.10414116,2.1523263454437256,1.234746
3180,2.3086617,0.12114211,-0.061772667,0.7765511274337769,0.14266135,2.432908773422241,1.0549827
3181,2.391042,0.2128659,-0.04946208,0.8328079581260681,0.1586527,2.1849138736724854,1.7588274
3182,2.3044708,0.1439531,-0.053777605,0.7979688048362732,0.1355592,2.1171934604644775,1.3888562
3183,2.27413,0.115715854,-0.101678304,0.8390399217605591,0.13306412,2.469527244567871,1.1178969
3184,2.318338,0.18924898,0.037673037,0.6336659789085388,0.22598372,2.0329949855804443,2.1976955
3185,2.2470515,0.15684386,-0.17442887,0.3560670018196106,0.22408122,2.259171724319458,1.5637496
3186,2.4116278,0.05324273,-0.0578977,0.674913763999939,0.20362616,2.0599324703216553,1.7643286
3187,2.2774746,0.18053412,-0.07888512,0.6543081402778625,0.22445917,2.120946168899536,1.3907087
3188,2.2687595,0.080826044,-0.07900034,0.5223485827445984,0.227107,2.1928508281707764,1.6127874
3189,2.3804207,0.15072261,-0.19731402,0.8148035407066345,0.15992348,2.133580207824707,1.608029
3190,2.2326288,0.13640398,-0.12512875,0.7575163841247559,0.16309847,2.5448923110961914,1.1765771
3191,2.3154192,0.21467845,-0.1047229,0.6240634918212891,0.16952062,2.155531167984009,1.5101835
3192,2.3546214,0.19459306,-0.13581936,0.6641380190849304,0.20343705,2.0683960914611816,1.6944506
3193,2.258089,0.13304286,-0.14079784,0.5407754182815552,0.2349647,2.1500043869018555,1.4072971
3194,2.3940282,0.17346849,-0.16276324,0.85,0.09168668,2.3121888637542725,1.562777
3195,2.328674,0.1268936,-0.15604016,0.5599084496498108,0.18370174,2.125732183456421,1.2911918
3196,2.2598493,0.14976077,-0.16529566,0.7489610314369202,0.16058715,2.607914447784424,0.9999743
3197,2.203379,0.076075755,-0.042999938,0.5779116153717041,0.13380581,2.2651939392089844,1.0492443
3198,2.276985,0.19765559,-0.13496505,0.7307351231575012,0.1837529,2.226242780685425,1.4594731
3199,2.3882241,0.14136297,-0.1753798,0.6868263483047485,0.20709679,2.2562592029571533,1.5792763
3200,2.3698082,0.10873866,-0.095873885,0.768623411655426,0.09860564,2.0820236206054688,1.3346878
3201,2.2990305,0.17720051,-0.14361183,0.7668671607971191,0.12654826,2.2392241954803467,1.1573776
3202,2.2635105,0.16403991,-0.11372448,0.6908600926399231,0.17465258,2.5226058959960938,1.1407518
3203,2.1937766,0.105374165,-0.019260384,0.7619063258171082,0.17520303,2.5064003467559814,1.2796441
3204,2.2121718,0.11740759,-0.03036201,0.7745999693870544,0.14204566,2.3851332664489746,1.0497841
3205,2.254501,0.17776199,-0.030651333,0.8242139220237732,0.1318635,2.3997464179992676,1.3634588
3206,2.3391325,0.17524315,-0.17244202,0.8281634449958801,0.13995592,2.3807218074798584,1.3268769
3207,2.2994585,0.17090198,-0.088417426,0.5139221549034119,0.21738172,2.1238012313842773,1.759881
3208,2.267295,0.095504254,-0.114962555,0.6557382941246033,0.18204385,2.6955597400665283,0.9874142
3209,2.3158698,0.17086819,-0.13504916,0.7513831257820129,0.14683081,2.114792823791504,1.4359268
3210,2.3689387,0.20456804,-0.17192754,0.583269476890564,0.18634903,2.0912110805511475,2.0377915
3211,2.3021023,0.02950801,-0.055620335,0.7981236577033997,0.104981005,2.35260272026062,1.1959565
3212,2.3071842,0.19989681,-0.06209552,0.6537976264953613,0.23635212,2.072953701019287,1.8330942
3213,2.3312497,0.19842438,-0.061283216,0.7412146329879761,0.1739696,2.0679330825805664,1.7311316
3214,2.3310184,0.11146031,-0.10163356,0.48928529024124146,0.2025386,2.246723175048828,1.279134
3215,2.3150225,0.15948306,-0.058262512,0.48709386587142944,0.21549776,2.0354623794555664,1.5445219
3216,2.2244198,0.17392433,-0.08262623,0.7571296691894531,0.18138792,2.595079183578491,1.0478723
3217,2.3551433,0.19808376,-0.17550704,0.8394766449928284,0.13066465,2.113727569580078,1.6291715
3218,2.2322056,0.1883897,-0.05458779,0.7721753120422363,0.16576898,2.4867117404937744,1.1030875
3219,2.245266,0.16282406,-0.1779571,0.7372041940689087,0.1463709,2.4621715545654297,1.1024907
3220,2.3507156,0.14200918,-0.18859665,0.7453289031982422,0.13083653,2.3671858310699463,1.3439933
3221,2.3263016,0.13828275,-0.14661098,0.589306652545929,0.20057116,2.2352309226989746,1.2917022
3222,2.3343177,0.13765495,-0.12198112,0.7987428903579712,0.15547708,2.1311960220336914,1.2361574
3223,2.2536922,0.12546127,-0.06050514,0.8291541337966919,0.100446336,2.567931652069092,1.0077891
3224,2.2989628,0.20873563,-0.12534234,0.8200543522834778,0.15697949,2.225670576095581,1.5626063
3225,2.2819262,0.23049638,-0.1406199,0.5115150213241577,0.21665184,2.1663365364074707,1.4215138
3226,2.2648032,0.18824887,0.0071511515,0.6416428685188293,0.1899144,2.110917568206787,1.4341011
3227,2.2870002,0.14714262,-0.085531,0.84450364112854,0.16462253,2.461172342300415,1.2129954
3228,2.3698032,0.12714866,-0.22376943,0.3724987804889679,0.1933707,2.0440750122070312,1.2740128
3229,2.3579412,-0.0017922048,-0.17143986,0.632049560546875,0.20858316,2.1589982509613037,1.3671094
3230,2.3012595,0.12632471,-0.09206974,0.8206114768981934,0.12193646,2.5803401470184326,1.2397587
3231,2.297006,0.1867443,-0.07668185,0.8321825861930847,0.14963843,2.402052879333496,1.4556936
3232,2.1849303,0.118872784,0.029819777,0.6401470303535461,0.18131308,2.5335497856140137,1.0120946
3233,2.2764518,0.28030273,-0.10468142,0.7176887392997742,0.18571933,2.103480339050293,1.9234021
3234,2.194338,0.17334045,-0.1640089,0.2986271381378174,0.22191687,2.460921049118042,1.0095644
3235,2.3379927,0.175348,-0.08359589,0.7719249129295349,0.188044,2.290010929107666,1.4768001
3236,2.2658532,0.2065744,-0.16065031,0.749964714050293,0.14963861,2.359334945678711,1.1039035
3237,2.2594411,0.13453142,-0.09695133,0.7397737503051758,0.1613347,2.2035467624664307,1.2612636
3238,2.3271194,0.21201295,-0.08981544,0.738675057888031,0.20903581,2.167088270187378,1.4774263
3239,2.3377857,0.26560432,-0.10313948,0.8283699750900269,0.10446491,2.1118927001953125,1.3087199
3240,2.3169928,0.2012266,-0.12350908,0.7969277501106262,0.11966401,2.0948264598846436,2.0717735
3241,2.28108,0.13638264,-0.102365196,0.8294805884361267,0.11997328,2.3949081897735596,1.0657474
3242,2.2988,0.1510689,-0.14260639,0.34520643949508667,0.24761768,2.1035451889038086,1.5283612
3243,2.2950048,0.12856345,-0.15516426,0.7363532781600952,0.1587741,2.3905394077301025,1.2930514
3244,2.2506797,0.27208623,-0.09660274,0.5240934491157532,0.22397652,2.289191961288452,1.2248108
3245,2.352508,0.175561,-0.12374036,0.5680664777755737,0.19176048,2.0257301330566406,1.5854608
3246,2.2950346,0.18825004,-0.12741713,0.6542816758155823,0.19052708,2.09763503074646,1.4796429
3247,2.311059,0.12627089,-0.11549886,0.8257888555526733,0.12720637,2.112220287322998,1.5522032
3248,2.3504956,0.1287885,-0.12689233,0.7407318353652954,0.16392335,2.3179733753204346,1.232014
3249,2.3060162,0.11712282,-0.21798612,0.5100526213645935,0.19422352,2.320035934448242,1.1512272
3250,2.3421738,0.006518242,-0.12081424,0.7118280529975891,0.18096149,2.314770460128784,1.1138574
3251,2.2711217,0.15147315,-0.06877776,0.4593203365802765,0.22415775,2.194777250289917,1.4448993
3252,2.305684,0.09137877,-0.070606716,0.5414840579032898,0.244376,2.2013368606567383,1.4866178
3253,2.35165,0.15446627,-0.15284824,0.6800956726074219,0.19506176,2.1469318866729736,1.7125577
3254,2.2863188,0.18982732,-0.1807484,0.6596533060073853,0.16834636,2.320992946624756,1.3006324
3255,2.2952535,0.13584845,-0.1266556,0.763318657875061,0.1618458,2.3763232231140137,1.3589165
3256,2.285792,0.1740508,-0.13008155,0.7558340430259705,0.1602625,2.335390329360962,1.164689
3257,2.260055,0.11278769,-0.15659915,0.46464988589286804,0.21781243,2.493119955062866,1.2090812
3258,2.3152266,0.106829375,-0.080581136,0.6704661250114441,0.22448468,2.334290027618408,1.7154179
3259,2.2073822,0.15289037,-0.028001737,0.6774320602416992,0.15502419,2.3728325366973877,1.301971
3260,2.2649891,0.25967553,-0.0861443,0.6767212152481079,0.20262897,2.158280849456787,1.6454728
3261,2.2696934,0.1083494,-0.06769084,0.8479399681091309,0.12366187,2.4653842449188232,1.1108838
3262,2.2455142,0.18456203,0.010016212,0.6060229539871216,0.16138662,2.106595516204834,1.4583011
3263,2.2364895,0.15975934,-0.16669373,0.583453357219696,0.16977581,2.491447687149048,0.9832457
3264,2.2564561,0.15320663,-0.01980049,0.6625995635986328,0.16426858,2.2016730308532715,1.2091162
3265,2.1960056,0.20088455,-0.07547598,0.7967387437820435,0.13293824,2.569878578186035,0.9943211
3266,2.2055633,0.19082797,-0.13452122,0.7177500128746033,0.1883109,2.736639976501465,1.1140124
3267,2.1879952,0.1710186,-0.04023772,0.46111106872558594,0.20676243,2.348837375640869,1.0854748
3268,2.2439291,0.16621828,-0.08410779,0.8347007036209106,0.11653167,2.343048572540283,1.2027783
3269,2.448181,0.15794736,-0.22702788,0.8439905643463135,0.14059994,2.027801036834717,1.5526074
3270,2.3511286,0.1255945,-0.17973919,0.4094330370426178,0.18772532,2.121262550354004,1.4703189
3271,2.3025312,0.16854861,-0.22002259,0.7548437714576721,0.15056254,2.2454121112823486,1.1333438
3272,2.2670248,0.11746563,-0.113544844,0.7744442224502563,0.16241601,2.352283239364624,1.1773338
3273,2.2261326,0.12737784,-0.09150983,0.4200217127799988,0.19864033,2.4001662731170654,1.1399797
3274,2.3536274,0.17504692,-0.12559949,0.85,0.10052198,2.1690967082977295,1.3147701
3275,2.3742476,0.08512183,-0.15441726,0.805861234664917,0.11994785,2.107088327407837,1.5330292
3276,2.2791188,0.12164378,-0.13078041,0.6274882555007935,0.20233886,2.260763645172119,1.438608
3277,2.3121822,0.18794604,-0.18659645,0.7475404739379883,0.16326481,2.2983052730560303,1.3122193
3278,2.2636182,0.13499597,-0.09479864,0.7379008531570435,0.17195274,2.5431156158447266,1.1423993
3279,2.3046067,0.116465576,-0.15029155,0.6653679013252258,0.16533391,2.3480892181396484,1.1174638
3280,2.3993192,0.072411396,-0.14116542,0.681520938873291,0.16347799,2.0499396324157715,1.5831151
3281,2.327629,0.14495507,-0.059719488,0.6063171625137329,0.2414937,2.178673267364502,1.5408093
3282,2.3275108,0.18979712,-0.09161254,0.8191447854042053,0.13699791,2.192199230194092,1.5064435
3283,2.2878659,0.16139098,-0.05666579,0.7577272653579712,0.14078163,2.234757423400879,1.4256318
3284,2.2503712,0.19831847,-0.07487912,0.7639514803886414,0.16777302,2.3299672603607178,1.0546508
3285,2.235415,0.17867702,-0.045549117,0.7147412896156311,0.1505461,2.3039467334747314,1.3723631
3286,2.2812004,0.09643151,-0.1110538,0.4779241979122162,0.21153855,2.3777899742126465,1.3288064
3287,2.2267985,0.2568027,-0.08518432,0.6094210147857666,0.21405043,2.274174451828003,1.3759062
3288,2.3066797,0.19318211,-0.06842739,0.5645120739936829,0.22423087,2.106931686401367,1.9309803
3289,2.3058891,0.1779741,-0.12712018,0.5508340001106262,0.20844933,2.2889866828918457,1.6235338
3290,2.298856,0.14268564,-0.07404295,0.7272036671638489,0.15086907,2.1796798706054688,1.2297224
3291,2.312552,0.13398579,-0.13849355,0.671017587184906,0.1703087,2.340686321258545,1.3698751
3292,2.2272892,0.2452603,-0.16926011,0.7643681764602661,0.118963316,2.2053654193878174,1.2002192
3293,2.2091398,0.1225842,-0.08928448,0.6787113547325134,0.16638477,2.838318347930908,0.99007094
3294,2.1755166,0.10259718,-0.101283245,0.47838032245635986,0.20650543,2.4642443656921387,0.94523495
3295,2.1617773,0.23424539,-0.13593829,0.5974419116973877,0.1982517,2.7747602462768555,1.0335935
3296,2.278783,0.07695705,-0.16535658,0.41591060161590576,0.2397397,2.346261501312256,1.2095467
3297,2.4871287,0.16022341,-0.2644546,0.6728197932243347,0.22662474,2.0863499641418457,1.8204772
3298,2.3174343,0.19114456,-0.16576391,0.7934960722923279,0.12148331,2.3518011569976807,1.1361827
3299,2.232811,0.18485351,-0.07039132,0.7715737819671631,0.12891571,2.298595905303955,1.2766734
3300,2.1881704,0.097170234,-0.06977193,0.4393637776374817,0.19751099,2.427462339401245,1.0427974
3301,2.3257813,0.16239326,-0.0684136,0.7203498482704163,0.20469786,2.105875015258789,1.632887
3302,2.2803392,0.12455273,-0.065682955,0.7510401606559753,0.17888273,2.229604721069336,1.4076699
3303,2.3357697,0.25254023,-0.15406916,0.7605310082435608,0.13200015,2.097407341003418,1.2396067
3304,2.2752929,0.14323145,-0.10086784,0.5628917217254639,0.21742235,2.161586046218872,1.5395027
3305,2.300803,0.15202738,-0.17985767,0.6472942233085632,0.11691855,2.2590882778167725,0.9453314
3306,2.3542104,0.20607005,-0.16064887,0.7343658804893494,0.18050765,2.167480707168579,1.3911816
3307,2.2771802,0.15773873,-0.1487324,0.3560720980167389,0.2117135,2.269094467163086,1.1813263
3308,2.3260677,0.16874696,-0.23767994,0.8076553344726562,0.15380414,2.404649019241333,1.1559137
3309,2.2440276,0.17263481,-0.06490779,0.8392724990844727,0.14352912,2.433990478515625,1.3766036
3310,2.2845623,0.21535821,-0.20875193,0.5550727844238281,0.22405802,2.357513666152954,1.7182182
3311,2.2370636,0.24118754,-0.15096848,0.7290390133857727,0.15566677,2.49479603767395,1.0403935
3312,2.3058798,0.12035269,-0.079455785,0.7582785487174988,0.16564734,2.1911234855651855,1.4469689
3313,2.2920372,0.14811014,-0.16058518,0.5603026747703552,0.21584871,2.069216012954712,1.5790235
3314,2.2990158,0.11108415,-0.16329755,0.6327739357948303,0.20040858,2.0700736045837402,1.5555637
3315,2.2467277,0.02122191,-0.06664218,0.5392946600914001,0.21005382,2.4982216358184814,1.193943
3316,2.3055408,0.08874587,-0.14103925,0.85,0.10853908,2.418811082839966,1.1467557
3317,2.2972143,0.14464615,-0.015142372,0.6934076547622681,0.18258798,2.099628448486328,1.5052105
3318,2.2457306,0.13623852,-0.11329993,0.8326917290687561,0.111129664,2.594762086868286,1.0265638
3319,2.3981254,0.06461467,-0.13816865,0.6669976115226746,0.2070668,2.0520408153533936,1.5584996
3320,2.314223,0.16128317,-0.023809757,0.7336381077766418,0.15053794,2.2255654335021973,1.2792003
3321,2.2754083,0.1383704,-0.1301831,0.7141850590705872,0.17484058,2.420637845993042,1.1490715
3322,2.2984514,0.18490636,-0.028639877,0.7447435855865479,0.17245291,2.2896039485931396,1.4055797
3323,2.2674181,0.15308648,-0.12481999,0.8270676732063293,0.11721111,2.3898885250091553,1.2065065
3324,2.1753302,0.17856887,-0.05595176,0.85,0.083778866,2.5030243396759033,0.8137033
3325,2.1903172,0.16358152,-0.08670239,0.6280973553657532,0.1773794,2.4164810180664062,1.277644
3326,2.3127646,0.20237763,-0.15379824,0.6149848103523254,0.18075433,2.3454415798187256,1.2796298
3327,2.3268578,0.20130785,-0.1513643,0.7955016493797302,0.13162786,2.3114020824432373,1.3265611
3328,2.3664258,0.1271278,-0.14729154,0.7842888236045837,0.1544257,2.112701892852783,1.7331315
3329,2.31317,0.12069057,-0.1744284,0.7441985607147217,0.10006672,2.1361231803894043,1.14268
3330,2.3746629,0.20294814,-0.1503595,0.7173222303390503,0.15645824,2.1348156929016113,1.503293
3331,2.2375655,0.081033625,-0.01781436,0.7077757120132446,0.14818123,2.355191469192505,1.1048905
3332,2.3130274,0.10136038,-0.12648927,0.570584774017334,0.17418596,2.2561721801757812,1.3235987
3333,2.3085215,0.13571595,-0.09141351,0.722143292427063,0.17404461,2.1105308532714844,1.769461
3334,2.3552108,0.14261252,-0.15866724,0.8342594504356384,0.103202336,2.2522590160369873,1.6994377
3335,2.3366148,0.14298195,-0.1970196,0.7858588695526123,0.13219215,2.1417412757873535,1.3670913
3336,2.2479026,0.20239186,-0.058766212,0.8315736055374146,0.07926898,2.442656993865967,1.0885735
3337,2.2722754,0.17049919,-0.13482685,0.7707374691963196,0.11370481,2.5123603343963623,1.0321726
3338,2.3470964,0.045792993,-0.043363452,0.8488013744354248,0.08940483,2.33606219291687,1.4723097
3339,2.1920924,0.26750124,-0.034112953,0.389296293258667,0.18184045,2.2284843921661377,1.3457338
3340,2.2663317,0.18325792,-0.1058837,0.7615417242050171,0.17824307,2.343454360961914,1.2432371
3341,2.2399304,0.18466744,-0.056108184,0.7614242434501648,0.1423641,2.6035349369049072,0.9829109
3342,2.2053428,0.16813308,-0.08351757,0.7555719614028931,0.15469655,2.456324815750122,1.0951098
3343,2.3674307,0.13777879,-0.09888384,0.8045985698699951,0.14425848,2.32987117767334,1.0451629
3344,2.3188488,0.08625176,0.07785903,0.7575957775115967,0.1786889,2.057563066482544,1.838528
3345,2.3419492,0.21450381,-0.13053067,0.8021802306175232,0.14389862,2.0967886447906494,1.4875394
3346,2.358136,0.2226534,-0.22160597,0.5376196503639221,0.22363172,2.0877528190612793,1.7738007
3347,2.3175416,0.17448746,-0.11602942,0.6812790632247925,0.16957241,2.0900723934173584,1.5259795
3348,2.2843957,0.18617669,-0.11056075,0.7881708145141602,0.119665414,2.199769973754883,1.2026515
3349,2.2265916,0.1459135,-0.14668024,0.573567271232605,0.14261723,2.3182506561279297,1.0507926
3350,2.2594237,0.19525036,-0.13416947,0.5737242102622986,0.18952236,2.296569347381592,1.1981493
3351,2.3388443,0.21603444,-0.1555711,0.747462272644043,0.16721003,2.274338483810425,1.5693226
3352,2.3454263,0.110309094,-0.092272714,0.8169829249382019,0.10636768,2.0928874015808105,1.5018038
3353,2.3205664,0.15100059,-0.04091911,0.6246510744094849,0.167145,2.0677666664123535,1.4958162
3354,2.283232,0.12915951,-0.108127184,0.5202634930610657,0.22311649,2.107487678527832,1.5873343
3355,2.2801561,0.19640623,-0.10644491,0.34982752799987793,0.26502886,2.356276750564575,1.3856593
3356,2.2978747,0.06699283,-0.09015161,0.48548588156700134,0.20688756,2.2493371963500977,1.2451028
3357,2.2764666,0.15160196,-0.16574626,0.6432583928108215,0.16952348,2.2612693309783936,1.2428644
3358,2.2583148,0.1499437,-0.115740016,0.7426819801330566,0.14387824,2.273451805114746,1.0755115
3359,2.3196921,0.20262814,-0.10193386,0.7918713688850403,0.15600736,2.247986316680908,1.8869243
3360,2.2385151,0.092310905,-0.11330451,0.5451707243919373,0.17070733,2.618492364883423,0.8997573
3361,2.3304503,0.11868913,-0.17701156,0.5788767337799072,0.17656635,2.2866384983062744,1.3339373
3362,2.3778124,0.13368542,-0.17153859,0.8358213901519775,0.11333492,2.1253750324249268,1.3342347
3363,2.2905352,0.2235918,-0.12057741,0.8490176200866699,0.10664878,2.1483752727508545,1.4561292
3364,2.2477684,0.15953277,-0.2677143,0.556816816329956,0.14931689,2.6027376651763916,0.8120788
3365,2.3559144,0.12900484,-0.109627366,0.765569806098938,0.18855819,2.0599961280822754,1.3392622
3366,2.255709,0.14057834,-0.08059591,0.6542289853096008,0.19452299,2.246215343475342,1.3710287
3367,2.3798897,0.11814389,-0.24472049,0.8142216801643372,0.13297802,2.317481756210327,1.478771
3368,2.2466319,0.20250781,-0.025167456,0.6818823218345642,0.22002615,2.3537302017211914,1.3767551
3369,2.3004699,0.10577033,-0.11518308,0.8094300627708435,0.1262234,2.3721699714660645,1.2191015
3370,2.3619165,0.19108367,-0.11232305,0.85,0.08642992,2.2211501598358154,1.5022392
3371,2.1149566,0.17904335,-0.0940804,0.3126617670059204,0.23171148,2.39091157913208,1.0341456
3372,2.3157063,0.16278104,-0.034919545,0.6993571519851685,0.1574994,2.242252826690674,1.3802192
3373,2.2560556,0.17826134,-0.041149773,0.6209766864776611,0.17116109,2.140282154083252,1.4578941
3374,2.2603858,0.15868647,-0.06694544,0.781269371509552,0.13216932,2.182314157485962,1.326806
3375,2.2321773,0.12803811,-0.051043443,0.7657002806663513,0.1489986,2.3540663719177246,1.0618672
3376,2.2872431,0.1582006,-0.10120403,0.7596381902694702,0.12554522,2.29015851020813,1.2657515
3377,2.1934073,0.23039623,-0.08696951,0.7045586705207825,0.15881953,2.3790087699890137,1.1064289
3378,2.2824023,0.1420008,-0.032506768,0.7999407052993774,0.12645274,2.320675849914551,1.5300205
3379,2.3254006,0.1749314,-0.14254662,0.786467969417572,0.15312694,2.3158931732177734,1.2028239
3380,2.226818,0.16743818,-0.063150674,0.5900434851646423,0.18982252,2.1456353664398193,1.1901703
3381,2.2826524,0.09068073,-0.11391852,0.8098744750022888,0.12818015,2.385481595993042,1.3132118
3382,2.3473184,0.21627635,-0.192231,0.8169928789138794,0.13030344,2.4014835357666016,1.4494275
3383,2.2848349,0.13333161,-0.10813441,0.8138136863708496,0.1074398,2.393343687057495,1.1151093
3384,2.3480504,0.17019968,-0.08296688,0.833412230014801,0.11374383,2.3336527347564697,1.489827
3385,2.2707708,0.122295804,-0.0788466,0.7613386511802673,0.13374235,2.1972503662109375,1.1674118
3386,2.298918,0.1731705,-0.04556597,0.7802867293357849,0.18109716,2.269071340560913,2.167979
3387,2.3474321,0.2164354,-0.15455213,0.85,0.11635655,2.3742010593414307,1.4058366
3388,2.234715,0.11401158,-0.09697555,0.5337626338005066,0.2159103,2.3001391887664795,1.264167
3389,2.2358282,0.1475321,-0.09088093,0.6978077292442322,0.17332202,2.432718515396118,0.9881669
3390,2.3652697,0.21497923,-0.13765599,0.749823808670044,0.16814975,2.04050612449646,1.6265566
3391,2.1826324,0.154735,-0.05096513,0.5621185898780823,0.17013983,2.6024420261383057,0.9872958
3392,2.3124845,0.16677175,-0.02036403,0.5729845762252808,0.17182711,2.169205665588379,1.4557941
3393,2.3991885,0.11174271,-0.27494127,0.7120746970176697,0.17257486,2.3378384113311768,1.2727386
3394,2.287689,0.14839192,-0.13011388,0.7982851266860962,0.16849905,2.257099151611328,1.2376425
3395,2.3055904,0.097539745,-0.13897762,0.7948418855667114,0.12299429,2.398059368133545,1.2547393
3396,2.2929552,0.19062072,-0.09126289,0.8446107506752014,0.13643631,2.2957634925842285,1.4200621
3397,2.387638,0.13813795,-0.12380392,0.8012608289718628,0.16019477,2.2936697006225586,1.6758759
3398,2.2694132,0.16756473,-0.13618252,0.7619830369949341,0.13664053,2.14772367477417,1.2180883
3399,2.2738268,0.16426127,-0.08752608,0.6772048473358154,0.1817756,2.282111167907715,1.2243402
3400,2.3036325,0.1854895,-0.120944686,0.8078860640525818,0.15861094,2.1881825923919678,1.5476227
3401,2.2402215,0.23294255,-0.05859826,0.8272086977958679,0.14346543,2.3722782135009766,1.7337627
3402,2.2089422,0.19826256,-0.1323968,0.43853509426116943,0.2174275,2.2595229148864746,1.4981543
3403,2.2770054,0.18801957,-0.15582658,0.7249878644943237,0.1507868,2.3242177963256836,1.0621995
3404,2.309844,0.16297552,-0.16449982,0.7406632900238037,0.14773765,2.3139407634735107,1.1208717
3405,2.2835116,0.1716118,-0.18284075,0.4764139652252197,0.23890525,2.373685598373413,1.046945
3406,2.291362,0.13991669,-0.07231921,0.7686171531677246,0.15766463,2.4734768867492676,1.0463417
3407,2.3561563,0.15293436,-0.1039421,0.727765679359436,0.17483142,2.12491774559021,1.3622328
3408,2.2935567,0.15305577,-0.122279316,0.8240453004837036,0.10999555,2.0465586185455322,1.4145293
3409,2.2851167,0.13001049,-0.11914067,0.7784137725830078,0.13302758,2.4302380084991455,1.0255947
3410,2.253579,0.15116146,-0.116752245,0.838887631893158,0.0906168,2.0906035900115967,1.2758178
3411,2.2573562,0.26198986,-0.19066104,0.7184637188911438,0.19448344,2.395963191986084,1.178301
3412,2.2651136,0.10448668,-0.010608145,0.5682820081710815,0.21053533,2.1358642578125,1.7525783
3413,2.3293085,0.17415707,-0.17220202,0.8162594437599182,0.14400868,2.330308198928833,1.5009022
3414,2.294253,0.21454734,-0.060422357,0.7892662286758423,0.11025436,2.1062862873077393,1.5246361
3415,2.3270876,0.20646605,-0.18212534,0.8263142704963684,0.13331899,2.338728427886963,1.232663
3416,2.3839703,0.12852591,-0.13763809,0.8194214701652527,0.08434572,2.0423130989074707,1.3946576
3417,2.3800776,0.09833348,-0.11926337,0.6512058973312378,0.20345397,2.3283655643463135,1.4422123
3418,2.2052805,0.12660798,-0.01864736,0.8253039717674255,0.13416287,2.5471513271331787,1.0865389
3419,2.2613897,0.19421987,-0.11782696,0.767045795917511,0.17677319,2.426023483276367,1.2396927
3420,2.3069944,0.17542134,-0.13228588,0.5337128639221191,0.18622412,2.300990104675293,1.2605876
3421,2.3876283,0.18995494,-0.13837236,0.6700672507286072,0.22272466,2.076653003692627,1.8429688
3422,2.3196213,0.16217892,-0.08208746,0.8320361971855164,0.13452311,2.2194530963897705,1.6386428
3423,2.3126466,0.18764818,-0.12180446,0.8174062371253967,0.14648616,2.1444780826568604,1.3469311
3424,2.3968186,0.17898929,-0.12100545,0.8013954162597656,0.14916685,2.1510586738586426,1.6986762
3425,2.2440853,0.12731227,-0.13651599,0.7990901470184326,0.12133606,2.445838212966919,1.0984312
3426,2.1903238,0.2187368,-0.12910904,0.45465853810310364,0.22840361,2.496591091156006,1.431384
3427,2.311922,0.20937559,-0.13751602,0.8291928172111511,0.12079794,2.4344143867492676,1.1789839
3428,2.3796818,0.07242975,-0.112507105,0.47041723132133484,0.17521632,2.11812162399292,1.2975557
3429,2.2531354,0.14808366,-0.018978497,0.578751266002655,0.119835995,2.1821656227111816,1.226061
3430,2.2986434,0.12361758,-0.10721348,0.8360146880149841,0.14168537,2.32902455329895,1.2519501
3431,2.293969,0.09016393,-0.10379562,0.8343788385391235,0.08994482,2.465193748474121,0.8990206
3432,2.3280826,0.1854142,-0.14450549,0.7983419895172119,0.16011721,2.351874351501465,1.3566145
3433,2.323502,0.122997224,-0.19925997,0.7198684811592102,0.17354968,2.108752727508545,1.3504852
3434,2.2819777,0.14431722,-0.056327365,0.8025283813476562,0.13139838,2.365738868713379,1.3556482
3435,2.198294,0.17163606,-0.17108414,0.8237560987472534,0.13049655,2.705038070678711,0.86557555
3436,2.2681499,0.08314053,-0.16857135,0.5463452935218811,0.19297484,2.5692930221557617,1.0270816
3437,2.1766415,0.1280623,-0.114923336,0.3356175422668457,0.1881426,2.3087193965911865,1.0743144
3438,2.3054264,0.13469738,-0.18309404,0.6562582850456238,0.15499882,2.4014806747436523,1.0983349
3439,2.2846897,0.19584139,-0.0909951,0.7730993628501892,0.14410771,2.3311445713043213,1.2775621
3440,2.2737138,0.122111745,-0.09224141,0.85,0.09518752,2.432548999786377,1.2700318
3441,2.2076502,0.18483526,-0.1105376,0.7117745280265808,0.16140683,2.671841621398926,0.9525739
3442,2.368955,0.1491788,-0.14166309,0.7538565397262573,0.18067928,2.2171711921691895,1.6224833
3443,2.4689918,0.089599684,-0.10549396,0.5784624218940735,0.22326893,2.0179378986358643,2.0146852
3444,2.2878633,0.13826863,-0.111661635,0.85,0.08762447,2.361555814743042,1.2213848
3445,2.2669349,0.20624802,-0.09475,0.7797333002090454,0.14924033,2.46065092086792,1.1597487
3446,2.3517764,0.16375226,-0.07099528,0.85,0.10487616,2.2417714595794678,1.3791674
3447,2.399848,0.16447674,-0.08225019,0.8395059704780579,0.150596,2.0257248878479004,1.5999919
3448,2.3454118,0.16942759,-0.09655987,0.48524078726768494,0.22234465,2.0483617782592773,1.5573741
3449,2.2975368,0.18616407,-0.08535647,0.7168679237365723,0.17781925,2.3661303520202637,1.4102821
3450,2.308305,0.23850343,-0.0643767,0.6665295958518982,0.20040491,2.077883720397949,1.5894636
3451,2.2344418,0.22958227,-0.11437684,0.6147388219833374,0.1753562,2.365807056427002,1.1835643
3452,2.258596,0.23157312,-0.046920307,0.7955948114395142,0.16833824,2.3542754650115967,1.3617074
3453,2.2864637,0.15446453,-0.12612198,0.796806275844574,0.14235924,2.2307441234588623,1.3524358
3454,2.2580016,0.15593731,-0.07579132,0.6205295920372009,0.20499445,2.4063968658447266,1.2111062
3455,2.3108199,0.23354848,-0.08129372,0.85,0.07651746,1.5872321128845215,1.4785869
3456,2.3139129,0.21274151,-0.07713377,0.7745839357376099,0.1682129,2.081568717956543,1.572871
3457,2.2281349,0.23156975,-0.11403225,0.7383661270141602,0.17240925,2.5425143241882324,0.87234133
3458,2.242142,0.16666117,-0.10404889,0.80084627866745,0.15806863,2.401925802230835,1.1280614
3459,2.2895265,0.08009346,-0.040892795,0.5384781360626221,0.16770911,2.077488899230957,1.4595488
3460,2.33849,0.19477667,-0.18517472,0.774115800857544,0.15749916,2.3659555912017822,1.194622
3461,2.302313,0.20241334,-0.11845775,0.7342759966850281,0.1813061,2.134592056274414,1.7517056
3462,2.271425,0.23737463,-0.10015203,0.5987846255302429,0.19524139,2.067004919052124,1.4334849
3463,2.2208,0.10173899,-0.09111972,0.7417908310890198,0.14844742,2.502458333969116,1.0955819
3464,2.256056,0.18109386,-0.07013732,0.7214123010635376,0.16144508,2.333142042160034,1.1755275
3465,2.2929635,0.07498041,-0.17519797,0.6110631227493286,0.1817035,2.3459279537200928,1.0923811
3466,2.3156137,0.11077017,-0.18153675,0.7709707617759705,0.13307872,2.400754451751709,0.85518605
3467,2.2844872,0.07799072,-0.01884786,0.5545900464057922,0.18685369,2.2819132804870605,1.2068372
3468,2.1761482,0.15909876,0.015858429,0.7902135848999023,0.11042797,2.4830799102783203,1.0069805
3469,2.2491019,0.1193062,-0.09099532,0.7237806916236877,0.1944888,2.46055269241333,1.5202298
3470,2.3884103,0.20140305,-0.13509814,0.8273797035217285,0.13932301,2.167405843734741,1.5801893
3471,2.3322377,0.108831204,-0.11564076,0.6755641102790833,0.19132437,2.242103338241577,1.3678392
3472,2.305082,0.13107778,-0.118336365,0.7720111608505249,0.12419237,2.134310007095337,1.1002449
3473,2.282706,0.07243476,-0.10238369,0.6861175894737244,0.17248413,2.2215402126312256,1.6563668
3474,2.2560337,0.18358529,-0.22878382,0.7126340866088867,0.18773386,2.326012134552002,1.3738589
3475,2.3400996,0.14525087,-0.16420554,0.8059250116348267,0.12883633,2.356995105743408,1.3862462
3476,2.3522577,0.08958457,-0.18151422,0.8057569861412048,0.16506639,2.3099730014801025,1.7243887
3477,2.229356,0.1833925,-0.104753,0.7312198281288147,0.15975322,2.4250741004943848,1.124751
3478,2.2938883,0.13275264,-0.15906574,0.7142248749732971,0.17160133,2.40910005569458,1.219916
3479,2.3270931,0.07126019,-0.062604904,0.6817688941955566,0.17493014,2.3917269706726074,1.3748333
3480,2.2807713,0.16990185,-0.11794865,0.85,0.12205607,2.250683546066284,1.408329
3481,2.2958713,0.24623367,-0.1000529,0.8318615555763245,0.1188426,2.3125102519989014,1.4171951
3482,2.2573998,0.18201123,-0.15014581,0.7550827264785767,0.150412,2.5118966102600098,1.0020093
3483,2.2508538,0.21023542,-0.116973504,0.8268132209777832,0.12641798,2.469813585281372,1.2227694
3484,2.2125483,0.07985133,-0.07852461,0.63710618019104,0.1617715,2.713059663772583,0.9643288
3485,2.31204,0.10817803,-0.12348079,0.4589395523071289,0.21398343,2.111395835876465,1.6265609
3486,2.3108282,0.21540529,-0.10922012,0.5834475755691528,0.20782755,2.273920774459839,1.249965
3487,2.1750612,0.13989751,-0.0142769525,0.7021790146827698,0.15654255,2.479260206222534,0.9792971
3488,2.3152716,0.16927886,-0.15250231,0.8299375176429749,0.108932585,2.3524129390716553,1.0704564
3489,2.2826276,0.2120168,-0.22610039,0.7756023406982422,0.10857842,2.4812607765197754,1.1062722
3490,2.1784198,0.17755711,-0.04145384,0.5250061750411987,0.20152454,2.4141902923583984,1.1886362
3491,2.2809122,0.15446432,-0.04668766,0.7143863439559937,0.19109602,2.2759430408477783,1.4421891
3492,2.3373094,0.07697435,-0.1455544,0.8036113977432251,0.15498355,2.390582799911499,1.2153378
3493,2.2445123,0.2129843,-0.15293577,0.6908758282661438,0.16355574,2.4250333309173584,1.0618031
3494,2.329117,0.10433875,-0.11676607,0.7980827689170837,0.12071334,2.170109272003174,1.4562043
3495,2.4026072,0.062157415,-0.22478835,0.8212955594062805,0.12454013,2.0923521518707275,1.8880912
3496,2.39458,0.08812181,-0.14160147,0.744370698928833,0.13280496,2.139786720275879,1.3683751
3497,2.2386515,0.18808618,-0.16785122,0.8156957626342773,0.09751837,2.5185554027557373,1.0109462
3498,2.2797277,0.21255085,-0.1840761,0.7277618050575256,0.17730595,2.1986501216888428,1.4199837
3499,2.3199077,0.15118621,-0.11413189,0.830649733543396,0.121486075,2.265869617462158,1.311811
3500,2.2708204,0.20761941,-0.10992208,0.7352222800254822,0.14071938,2.130847692489624,1.2358633
3501,2.3296137,0.15502642,-0.116560996,0.71499103307724,0.16731487,2.1280107498168945,1.4130869
3502,2.2520325,0.084568754,-0.11186318,0.5546461939811707,0.17394349,2.3234641551971436,1.0587583
3503,2.144061,0.13741697,-0.0072694323,0.7460363507270813,0.16162452,2.570094108581543,0.9708141
3504,2.337989,0.15653786,-0.031591278,0.7469680309295654,0.15743159,2.0933611392974854,1.4696088
3505,2.2921124,0.18623957,-0.05337099,0.8436580896377563,0.104104,2.2656304836273193,1.5513258
3506,2.1990528,0.21682101,-0.09744618,0.7694307565689087,0.1885873,2.50593900680542,1.1263307
3507,2.3587847,0.2489903,-0.12300908,0.7842229604721069,0.1914614,2.2439169883728027,1.7784787
3508,2.337186,0.16093054,-0.1374846,0.821984052658081,0.12808634,2.104036569595337,1.629312
3509,2.2334013,0.15700154,-0.09985376,0.42429766058921814,0.2598759,2.253077268600464,1.7159575
3510,2.3399773,0.23502344,-0.16659144,0.7808170318603516,0.15102762,2.1221871376037598,1.6527485
3511,2.1965501,0.11152556,-0.08668701,0.49367618560791016,0.18839972,2.551260471343994,0.9427117
3512,2.3225503,0.17100157,-0.14476788,0.668096125125885,0.1844509,2.234355926513672,1.3169833
3513,2.239912,0.19861178,-0.10476587,0.8252388834953308,0.1432726,2.4202425479888916,1.1607337
3514,2.3263767,0.2177741,-0.119907476,0.8206058144569397,0.14400351,2.303788423538208,1.4431424
3515,2.2410104,0.13712092,-0.15611792,0.500153124332428,0.1736932,2.5222437381744385,0.85961187
3516,2.3132582,0.15407157,-0.11700194,0.6730776429176331,0.16027795,2.3579511642456055,1.3123003
3517,2.3134568,0.08685813,-0.065609336,0.7423322796821594,0.096530914,2.0637619495391846,1.1968424
3518,2.2876353,0.1690645,-0.09210605,0.6316795349121094,0.21349774,2.264443874359131,1.4425563
3519,2.2239764,0.18249491,-0.04725371,0.7237469553947449,0.18851994,2.5315518379211426,1.1686777
3520,2.2674866,0.2155825,-0.08760797,0.5329579710960388,0.20498402,2.097480058670044,1.408244
3521,2.3563569,0.17019106,-0.14657931,0.687369167804718,0.1890455,2.1697893142700195,1.6236837
3522,2.3247905,0.22338773,-0.088429935,0.750710666179657,0.19087647,2.0875566005706787,1.5411999
3523,2.185362,0.124468654,-0.009569355,0.5698217153549194,0.2100888,2.412519931793213,1.1602746
3524,2.2348688,0.17556676,-0.11508942,0.75674968957901,0.13906617,2.6919922828674316,0.80365115
3525,2.1957097,0.16963981,-0.015760778,0.7635529041290283,0.16074438,2.4082162380218506,1.0823861
3526,2.2489462,0.16711053,-0.115952626,0.754811704158783,0.15901496,2.368016004562378,1.3323343
3527,2.335124,0.19655944,-0.06448879,0.8079410791397095,0.12397869,2.312084436416626,1.3048162
3528,2.233609,0.19010593,-0.06972555,0.7760810256004333,0.17151688,2.4152541160583496,1.176547
3529,2.167073,0.15303712,-0.036858268,0.6566300988197327,0.1631971,2.359813690185547,1.0682765
3530,2.2596767,0.131242,-0.113839634,0.6098917126655579,0.21965201,2.3673899173736572,1.205494
3531,2.2438893,0.14436221,-0.18447363,0.705247700214386,0.16168223,2.427621603012085,1.1117694
3532,2.300665,0.20064738,-0.06416465,0.8405658006668091,0.17531246,2.109226703643799,1.9450339
3533,2.2566552,0.1313313,-0.059428222,0.7173200249671936,0.12210487,2.3060247898101807,1.1484579
3534,2.3483686,0.18136296,-0.088985756,0.7440109252929688,0.16429622,2.2725839614868164,1.3401753
3535,2.3640835,0.19299118,-0.16556889,0.7461161017417908,0.18596873,2.157841205596924,1.4656992
3536,2.2432845,0.1552759,-0.13241109,0.44450801610946655,0.20058665,2.489328622817993,1.020113
3537,2.3467999,0.14701481,-0.05598364,0.5487719178199768,0.18801306,2.120314836502075,1.4843335
3538,2.3003387,0.13364764,-0.07231884,0.7499651908874512,0.16287428,2.247342586517334,1.3019211
3539,2.14198,0.09237975,0.007881813,0.46460819244384766,0.19925171,2.570430278778076,0.99554336
3540,2.2980125,0.1275056,-0.13528109,0.8159339427947998,0.0863197,2.4225075244903564,0.978474
3541,2.3556018,0.13519487,-0.023225615,0.7619472742080688,0.19583726,2.0755999088287354,1.7797856
3542,2.351062,0.1749106,-0.16183276,0.8087674379348755,0.14719373,2.139108657836914,1.908842
3543,2.354592,0.18360898,-0.16344859,0.6880365610122681,0.14640032,2.3346686363220215,1.2035992
3544,2.2471955,0.098920055,-0.0054555004,0.674297034740448,0.20703584,2.264096975326538,1.4216725
3545,2.2744257,0.14668311,-0.017634345,0.8025505542755127,0.16032809,2.3827404975891113,1.1966823
3546,2.2893803,0.16154182,-0.04436413,0.8313393592834473,0.10539609,2.3573005199432373,1.2138212
3547,2.2881274,0.09876914,-0.079329915,0.8172258734703064,0.14964,2.288172960281372,1.4639524
3548,2.2214532,0.19970463,-0.11254641,0.6595200896263123,0.19299506,2.437469720840454,1.2755952
3549,2.296756,0.1450175,-0.18193707,0.5562978982925415,0.21493624,2.436380386352539,1.3497576
3550,2.2244263,0.1871786,-0.07398965,0.7830439805984497,0.1443957,2.4834847450256348,1.2212543
3551,2.3423345,0.23617312,-0.14680111,0.7658945322036743,0.15833518,2.236389398574829,1.3284994
3552,2.2551067,0.18300979,-0.038138047,0.7908881902694702,0.124601044,2.390955686569214,1.1751636
3553,2.388803,0.17719272,-0.15168403,0.7847768068313599,0.18959114,2.300952196121216,1.7566893
3554,2.302078,0.16147983,-0.05910733,0.799862265586853,0.16726132,2.2258963584899902,1.4690279
3555,2.2384748,0.17387433,-0.11464312,0.7579556703567505,0.17205618,2.391930103302002,1.0522817
3556,2.3260326,0.17206398,-0.06766136,0.8024134635925293,0.15844609,2.2820723056793213,1.5007013
3557,2.2302377,0.14879572,-0.05876565,0.8306569457054138,0.10398006,2.1449151039123535,1.1358695
3558,2.1373477,0.18555923,-0.14933607,0.37557968497276306,0.19460878,2.3451457023620605,0.9585399
3559,2.2172406,0.15471748,-0.05012667,0.8182371258735657,0.14322157,2.514118194580078,1.1417874
3560,2.2419758,0.24333441,-0.13933773,0.7236576080322266,0.14996117,2.33125901222229,1.1773306
3561,2.231883,0.18245387,-0.1787509,0.6574774980545044,0.14802544,2.3207430839538574,1.1078693
3562,2.348248,0.14169784,-0.1371528,0.7999482750892639,0.104471296,2.086381196975708,1.4543345
3563,2.319074,0.16049568,-0.15084231,0.6359828114509583,0.22806913,2.2311201095581055,1.5203582
3564,2.3388994,0.254379,-0.20840955,0.7568615674972534,0.18885712,2.3746931552886963,1.5221477
3565,2.286855,0.13758606,-0.14408465,0.5349535942077637,0.22144283,2.1376078128814697,1.6387646
3566,2.2429447,0.15000072,-0.029665109,0.6845495700836182,0.14965804,2.4600636959075928,0.96557766
3567,2.3863804,0.19105937,-0.15737094,0.8134683966636658,0.16245787,2.440567970275879,1.3560385
3568,2.2519991,0.19355816,-0.12916176,0.5932223200798035,0.16008666,2.3165652751922607,0.9746758
3569,2.2237675,0.1296148,-0.07923315,0.8361392021179199,0.10536554,2.6915740966796875,1.0281211
3570,2.4370477,0.09279146,-0.14502862,0.7221338152885437,0.17009586,2.1100189685821533,1.5085684
3571,2.2422535,0.15037508,-0.0045343465,0.7574081420898438,0.16399106,2.340412139892578,1.0573913
3572,2.220786,0.12422349,-0.024909113,0.4192107319831848,0.24993517,2.330390453338623,1.2822086
3573,2.164321,0.0860247,-0.11045245,0.501449704170227,0.20397508,2.8358347415924072,0.7385267
3574,2.2995362,0.17437212,-0.13920982,0.5948523283004761,0.20496893,2.35122013092041,1.1941934
3575,2.259128,0.1670981,-0.08381242,0.46729734539985657,0.229992,2.205583095550537,1.6784989
3576,2.3540416,0.12075664,-0.21314222,0.7945367097854614,0.12851351,2.324968099594116,1.1371162
3577,2.2457795,0.11462745,-0.18616833,0.8136955499649048,0.11445209,2.458441734313965,0.9555108
3578,2.3252687,0.13842182,-0.16651754,0.7789461612701416,0.14480758,2.3498799800872803,1.1583431
3579,2.3039403,0.15530631,-0.12519728,0.8130039572715759,0.13163036,2.407738208770752,1.194007
3580,2.262138,0.110921204,-0.08643048,0.8366850018501282,0.13699138,2.5502512454986572,1.300134
3581,2.2214196,0.12263829,-0.0398844,0.833342432975769,0.13326876,2.512958526611328,1.0677584
3582,2.2633274,0.16631022,-0.034058444,0.7616838216781616,0.15320878,2.284501552581787,1.4588896
3583,2.276375,0.25133625,-0.0824915,0.6937897801399231,0.18223403,2.1177194118499756,1.5402747
3584,2.298701,0.18419245,-0.14395042,0.8333724141120911,0.17148244,2.2134206295013428,1.4328406
3585,2.3047345,0.16252169,-0.13056304,0.7130155563354492,0.15278879,2.4097378253936768,1.1029315
3586,2.3526666,0.19374922,-0.1061576,0.8443180918693542,0.118344985,2.2890844345092773,1.338157
3587,2.2544298,0.15014678,-0.17598154,0.8124344348907471,0.123220444,2.3919944763183594,1.093694
3588,2.3435044,0.20662096,-0.09921438,0.7016067504882812,0.17056087,2.234795331954956,1.4544625
3589,2.2429953,0.17901506,-0.15071066,0.43868687748908997,0.24517515,2.261150360107422,1.1969453
3590,2.2887838,0.12590726,-0.120695665,0.7444614768028259,0.18729183,2.3253276348114014,1.2308593
3591,2.2842064,0.14256993,-0.07754289,0.7396769523620605,0.16981708,2.5205843448638916,1.2189485
3592,2.334657,0.1298942,-0.14526735,0.8087347149848938,0.16022122,2.2581515312194824,1.4986787
3593,2.2583992,0.21210867,-0.09652108,0.6565841436386108,0.18473168,2.3635239601135254,1.1392221
3594,2.2781205,0.12860693,-0.13281184,0.7906326055526733,0.15297557,2.2923593521118164,1.2518324
3595,2.333351,0.12666932,-0.1724208,0.6598615050315857,0.19269046,2.198718786239624,1.4999448
3596,2.3002708,0.13113774,-0.13172793,0.7724737524986267,0.1414595,2.430558443069458,1.2660501
3597,2.2140086,0.10456091,-0.043416645,0.7294167280197144,0.16132401,2.3827009201049805,1.0340176
3598,2.396442,0.14145167,-0.21962552,0.8463713526725769,0.12556572,2.356610059738159,1.4337429
3599,2.3369381,0.122782186,-0.14036725,0.76724773645401,0.17860374,2.3990321159362793,1.1360031
3600,2.2543721,0.19687718,-0.05998698,0.6101897358894348,0.19932124,2.1859560012817383,1.4064002
3601,2.3389077,0.21568185,-0.06344577,0.7641369104385376,0.13966814,2.0672595500946045,1.7746043
3602,2.3599927,0.18107073,-0.18506637,0.7548725605010986,0.16962884,2.094695806503296,1.4759562
3603,2.342305,0.27378562,-0.08150896,0.6149654388427734,0.24164554,2.0777409076690674,2.0913146
3604,2.2615566,0.070899464,-0.08928739,0.5204026699066162,0.18827492,2.434206247329712,1.0650394
3605,2.2035837,0.14778689,-0.084888496,0.8315214514732361,0.09733961,2.3401246070861816,1.1749231
3606,2.2485766,0.19612038,-0.09647854,0.8068209290504456,0.11743141,2.360353708267212,1.3507812
3607,2.255102,0.14584257,-0.41250095,-0.02385053224861622,0.23827015,2.4859776496887207,0.822445
3608,2.3577006,0.18532051,-0.12960646,0.7472653388977051,0.16249387,2.239313840866089,1.5006462
3609,2.332231,0.16604486,-0.12720595,0.8198712468147278,0.08692619,2.2924728393554688,1.2252781
3610,2.3120914,0.27547908,-0.22597818,0.5457853674888611,0.2361102,2.113729953765869,1.632893
3611,2.2559278,0.06515645,-0.17697175,0.549075186252594,0.19046403,2.489626169204712,1.0587714
3612,2.322629,0.17905414,-0.10167516,0.8194336891174316,0.12717105,2.270132303237915,1.5898365
3613,2.2789776,0.17999,-0.10757101,0.8159353733062744,0.14081842,2.4863462448120117,1.0756981
3614,2.2715988,0.13887233,-0.103659384,0.8300766348838806,0.10934365,2.554004192352295,1.0734661
3615,2.287871,0.19095016,-0.11676662,0.7936160564422607,0.140312,2.3633010387420654,1.2838988
3616,2.2919784,0.1870879,-0.11320529,0.7421623468399048,0.16983236,2.196613311767578,1.4483101
3617,2.4283183,0.11469558,-0.11186424,0.6721118688583374,0.19857833,2.166257381439209,1.3222889
3618,2.3754888,0.13403259,-0.14659834,0.7361847162246704,0.18851994,2.0454535484313965,1.6522795
3619,2.1938872,0.1296884,-0.07801117,0.8067318201065063,0.11490229,2.6420583724975586,0.9476329
3620,2.2908096,0.13428468,-0.12214174,0.5369070172309875,0.1856266,2.1184403896331787,1.3998361
3621,2.3389926,0.19551675,-0.051815853,0.5665007829666138,0.23733835,2.0264930725097656,2.0133145
3622,2.240714,0.17854801,-0.10474763,0.711640477180481,0.1668667,2.3695919513702393,1.2231921
3623,2.2824435,0.22130369,-0.10557186,0.6832512617111206,0.1776663,2.272176742553711,1.2610906
3624,2.2765453,0.074658744,-0.15299639,0.7398335337638855,0.15726158,2.4617600440979004,1.183771
3625,2.3383648,0.11213107,-0.11709279,0.8413617014884949,0.09951473,2.1111960411071777,1.4501512
3626,2.2110815,0.15014382,-0.10740999,0.6430147290229797,0.17122884,2.4878885746002197,1.0084459
3627,2.214523,0.18003675,-0.14398949,0.7916768193244934,0.14374761,2.5152108669281006,1.0192868
3628,2.3172746,0.12369747,-0.0808187,0.737674355506897,0.16283715,2.359297513961792,1.0959709
3629,2.234348,0.17802292,-0.08034471,0.8329693675041199,0.12691551,2.5985822677612305,1.0362993
3630,2.34435,0.17459974,-0.1731571,0.6991580128669739,0.16271217,2.2865848541259766,1.2774297
3631,2.294506,0.027993033,-0.1806131,0.5287863612174988,0.21051838,2.34299898147583,1.0825632
3632,2.3104284,0.09955073,-0.13680106,0.7853741645812988,0.14133501,2.366328001022339,1.1148818
3633,2.2440913,0.1494729,-0.1365689,0.7874287366867065,0.13999379,2.57027006149292,1.0667423
3634,2.201464,0.19942333,-0.077612154,0.7062039971351624,0.14757283,2.509680986404419,1.0506388
3635,2.2019067,0.18690495,-0.09866771,0.7539944052696228,0.15668365,2.6297388076782227,1.0485038
3636,2.3305247,0.1323607,-0.20246792,0.7755587100982666,0.1873742,2.6619560718536377,1.3671614
3637,2.2375174,0.15379065,-0.069231845,0.7176581025123596,0.1803305,2.4363813400268555,1.1620177
3638,2.2071571,0.16399,-0.091199026,0.7793936133384705,0.16201937,2.449056625366211,1.1566283
3639,2.3531635,0.19194794,-0.1520773,0.7271252870559692,0.19452639,2.05173397064209,2.592021
3640,2.3483956,0.111437,-0.13384326,0.8429127335548401,0.116824545,2.257108688354492,1.4630195
3641,2.2932053,0.16989788,-0.11622618,0.85,0.080628194,2.434213638305664,1.2237593
3642,2.2865565,0.23631965,-0.087787874,0.7669665217399597,0.1596844,2.0925049781799316,1.68124
3643,2.3794613,0.07369146,-0.064419664,0.7885098457336426,0.11562259,2.2017948627471924,1.1802077
3644,2.2574449,0.24494933,-0.08782777,0.85,0.13780038,2.359114408493042,1.2933947
3645,2.3033667,0.18750337,-0.120631315,0.6397475600242615,0.20510337,2.123621940612793,1.5134577
3646,2.3223703,0.106109135,-0.17774779,0.8432585597038269,0.11319599,2.47632098197937,1.3208631
3647,2.313194,0.14905803,-0.131137,0.7949368357658386,0.15051304,2.393162250518799,1.0929016
3648,2.3044136,0.2018942,-0.10953523,0.6355249285697937,0.21652786,2.2631516456604004,1.655705
3649,2.3916037,0.1949751,-0.17410287,0.7080820798873901,0.2077878,2.26076602935791,1.822411
3650,2.341999,0.13626152,-0.16016766,0.7093837857246399,0.17142847,2.2815566062927246,1.3226908
3651,2.319914,0.14248908,-0.1683797,0.5196642875671387,0.16028082,2.297884702682495,1.2921054
3652,2.2980003,0.13017039,-0.06705705,0.798533022403717,0.13077603,2.1972358226776123,1.5270038
3653,2.267069,0.16197972,-0.18856332,0.6378503441810608,0.18792325,2.2910573482513428,1.3877511
3654,2.2976482,0.1412255,-0.12172332,0.8130466938018799,0.10612197,2.129301071166992,1.2230475
3655,2.2245488,0.18527816,-0.1398138,0.6832807064056396,0.17614901,2.302788257598877,1.1495574
3656,2.2022088,0.17212643,-0.011904542,0.5689967274665833,0.19610402,2.3433425426483154,1.2391076
3657,2.2565289,0.19198509,-0.1405377,0.7761232256889343,0.18173422,2.299854040145874,1.4715078
3658,2.338561,0.18173218,-0.1932293,0.8453471064567566,0.15928517,2.34379243850708,1.4183565
3659,2.1821942,0.21923272,-0.14508769,0.7387468814849854,0.12534416,2.3667569160461426,1.0369663
3660,2.26714,0.18069799,-0.06330176,0.7440972924232483,0.13578458,2.2814865112304688,1.3308172
3661,2.3112195,0.18988355,-0.14295015,0.7419888377189636,0.16645409,2.0596110820770264,1.5104477
3662,2.2884798,0.24881369,-0.16816391,0.8060593008995056,0.118717015,2.2985939979553223,1.3751068
3663,2.3668778,0.15368652,-0.0916208,0.7490448951721191,0.15938394,2.0956311225891113,1.148894
3664,2.3165307,0.16763087,-0.1363512,0.7475699782371521,0.18279359,2.2528650760650635,1.4191222
3665,2.2888145,0.21786246,-0.11425115,0.7632352709770203,0.15483004,2.310776710510254,1.3901832
3666,2.2975488,0.15313868,-0.12882534,0.7266247868537903,0.1711193,2.3829281330108643,1.2432736
3667,2.1620736,0.24150923,-0.061812915,0.6532943248748779,0.17548068,2.456882953643799,1.1334147
3668,2.195873,0.074789844,-0.10016223,0.8375095725059509,0.08562594,2.8264594078063965,0.7593181
3669,2.210847,0.18812452,-0.07090965,0.6835819482803345,0.15674655,2.3552770614624023,1.0700192
3670,2.2852273,0.19757585,-0.1089396,0.73851078748703,0.16692579,2.084578037261963,1.4833392
3671,2.2571833,0.1360235,-0.20554341,0.803152322769165,0.13775449,2.4895498752593994,0.9586662
3672,2.2451851,0.2899545,-0.12825353,0.6695855855941772,0.16393259,2.2350072860717773,1.3345721
3673,2.3461938,0.18285102,-0.13423538,0.6765679717063904,0.16294532,2.0591509342193604,1.7111201
3674,2.2201648,0.24850555,-0.13763021,0.7094220519065857,0.18828999,2.562412738800049,1.129734
3675,2.2607021,0.20881101,-0.085590445,0.812637448310852,0.13152231,2.226623058319092,1.6251907
3676,2.3041284,0.1570294,-0.13967334,0.60538250207901,0.19410503,2.249680757522583,1.3445022
3677,2.2619176,0.11697813,-0.090152495,0.6302457451820374,0.14917932,2.3099024295806885,1.10773
3678,2.2804205,0.20138338,-0.08732637,0.7838795781135559,0.18074663,2.072744369506836,1.6148854
3679,2.353033,0.093068086,-0.09708074,0.85,0.115278855,2.342790126800537,1.3198999
3680,2.379863,0.19379114,-0.19574276,0.7394617795944214,0.19650912,2.0655696392059326,2.1024818
3681,2.3891187,0.15093249,-0.13146953,0.8407900333404541,0.16358049,2.376723289489746,1.5133772
3682,2.2901242,0.08378559,-0.11889122,0.5914978384971619,0.22331037,2.372938394546509,1.3291489
3683,2.3484995,0.19557717,-0.066929005,0.5384286046028137,0.2583906,2.030478000640869,1.9522877
3684,2.4298835,0.090820886,-0.16709161,0.7765116095542908,0.1818293,2.187431573867798,1.6558594
3685,2.263509,0.20157054,-0.20694673,0.5511152148246765,0.22068806,2.315147638320923,1.540422
3686,2.4088311,0.16481982,-0.23454446,0.8464342951774597,0.13194254,2.0960731506347656,1.586865
3687,2.250387,0.18288174,0.016389845,0.7750864624977112,0.12447202,2.160449981689453,1.1986408
3688,2.3000686,0.16761182,-0.098614074,0.8430763483047485,0.10243366,2.129283905029297,1.4430588
3689,2.3410575,0.122589454,-0.07611228,0.7279313802719116,0.15975766,2.0678534507751465,1.6164595
3690,2.3238273,0.14166813,-0.18533976,0.6217043995857239,0.18834142,2.273144483566284,1.3308039
3691,2.3021572,0.14420384,-0.10216384,0.7264188528060913,0.18642381,2.328113317489624,1.5649657
3692,2.2410126,0.1476165,-0.013615763,0.5605378746986389,0.19500391,2.311912775039673,1.302554
3693,2.1405768,0.21150728,-0.08976973,0.5206702947616577,0.18546212,2.5952558517456055,1.0461123
3694,2.3030596,0.12633225,-0.122719444,0.5823547840118408,0.20719789,2.263535261154175,1.2536534
3695,2.2723103,0.14808553,-0.16643097,0.5455601811408997,0.20779549,2.319617986679077,1.1630353
3696,2.2970645,0.17772311,-0.09253477,0.6305695176124573,0.20891765,2.0862600803375244,1.8988836
3697,2.3697147,0.1503522,-0.20683141,0.7986066937446594,0.16377394,2.383880853652954,1.5347271
3698,2.3439815,0.09074067,-0.13697292,0.7591076493263245,0.14711371,2.2696499824523926,1.2343324
3699,2.2037659,0.15207794,-0.05980282,0.7690184712409973,0.093310565,2.579843282699585,0.70968205
3700,2.3149118,0.09114746,0.016911289,0.7751391530036926,0.14285095,2.1235580444335938,1.4487185
3701,2.259876,0.17946254,-0.11027351,0.8077529668807983,0.15742153,2.4266374111175537,1.3658363
3702,2.290845,0.083438896,-0.20979373,0.45393893122673035,0.2327838,2.2510805130004883,1.1952872
3703,2.3299527,0.055872917,-0.08610289,0.8264224529266357,0.15030983,2.1931679248809814,1.1244345
3704,2.3214927,0.14297491,-0.15585907,0.6044047474861145,0.16906114,2.107668161392212,1.541908
3705,2.3572595,0.19053727,-0.06826138,0.6434754133224487,0.2281273,2.283332109451294,1.6566468
3706,2.321757,0.17564738,-0.11482492,0.8330164551734924,0.09233676,2.291224479675293,0.95632166
3707,2.2396986,0.16603942,-0.08753151,0.4867379665374756,0.19961916,2.4201815128326416,1.0747414
3708,2.3255975,0.23491308,-0.12745495,0.5779660940170288,0.21895973,2.0882601737976074,1.7437694
3709,2.272555,0.16674674,-0.11337718,0.6389710307121277,0.15735325,2.314403533935547,1.2764212
3710,2.3195043,0.11326243,-0.15640783,0.7528300881385803,0.16906595,2.1136558055877686,1.4851359
3711,2.3483691,0.14946194,-0.11229151,0.7952749729156494,0.15623952,2.381678342819214,1.3045521
3712,2.2829473,0.16392395,-0.09569015,0.7108410000801086,0.18496186,2.278749942779541,1.4472945
3713,2.2034903,0.1445044,-0.12889245,0.5477563738822937,0.20811194,2.3567955493927,1.2632121
3714,2.3173492,0.18705088,-0.038363237,0.7476984858512878,0.16885224,2.249732494354248,1.3229623
3715,2.2924113,0.15811741,-0.06844414,0.7494365572929382,0.15895778,2.301079034805298,1.2899688
3716,2.2473893,0.19498003,-0.10199896,0.7858569622039795,0.13468593,2.638613224029541,1.0674951
3717,2.2375982,0.15846838,-0.010316846,0.8269624710083008,0.13700369,2.6759893894195557,1.1557142
3718,2.2245715,0.14844233,-0.1539005,0.7528889775276184,0.14432584,2.4117958545684814,1.1014323
3719,2.2417629,0.19236556,-0.16773702,0.7077180743217468,0.1904562,2.3428280353546143,1.3171368
3720,2.3885868,0.10934271,-0.19086304,0.8244006037712097,0.11737036,2.2430267333984375,1.2308505
3721,2.3669655,0.18234491,-0.06015477,0.6175678372383118,0.20752579,2.1959102153778076,1.395322
3722,2.213476,0.114275455,-0.06559935,0.7735208868980408,0.1461616,2.549596071243286,1.0705155
3723,2.2547317,0.24771541,-0.19859105,0.4513690173625946,0.26672277,2.292816162109375,1.639361
3724,2.2331529,0.1684336,-0.1843572,0.7885947823524475,0.11965033,2.3209753036499023,1.2254224
3725,2.3088167,0.1849092,-0.19287744,0.6274234652519226,0.20804974,2.3276960849761963,1.3706455
3726,2.3280401,0.17789598,-0.13189541,0.8017498850822449,0.15396357,2.134310483932495,2.2671325
3727,2.3065364,0.15752058,-0.17973837,0.6953420639038086,0.17520627,2.106231451034546,1.262956
3728,2.2629616,0.17516097,-0.11597046,0.7700167298316956,0.17126444,2.14160418510437,1.527963
3729,2.3359127,0.18690684,-0.13356358,0.7458156943321228,0.16603023,2.099717855453491,1.4159087
3730,2.2959616,0.20389494,-0.1240313,0.6364116668701172,0.1938287,2.2525784969329834,1.4406608
3731,2.3018992,0.19684838,-0.034665108,0.6362971663475037,0.19275095,2.1486477851867676,1.5220296
3732,2.3103907,0.24148068,-0.09394563,0.817868173122406,0.121782206,2.087416410446167,1.5266035
3733,2.3345227,0.12193437,-0.11073961,0.6707267165184021,0.21859659,2.3168673515319824,1.4929273
3734,2.289564,0.13047068,-0.1253677,0.6489688158035278,0.18215807,2.272813081741333,1.327834
3735,2.2025838,0.0954447,-0.11766418,0.5001358985900879,0.20075332,2.4699370861053467,0.9974591
3736,2.2901163,0.13482676,-0.05021878,0.7887746095657349,0.17616822,2.2912540435791016,1.5885539
3737,2.30687,0.1369094,-0.19061983,0.7861936688423157,0.14832583,2.352353811264038,1.2772079
3738,2.1896307,0.2215567,-0.072588824,0.8015506267547607,0.13197835,2.631849527359009,0.88443893
3739,2.3223066,0.2086694,-0.13958254,0.8401973843574524,0.12434242,2.3485255241394043,1.3056526
3740,2.2691286,0.14949593,-0.072325744,0.7667749524116516,0.17187214,2.2883143424987793,1.2794737
3741,2.2063406,0.11037662,-0.028682385,0.6937853693962097,0.18458237,2.3290762901306152,1.2665958
3742,2.237178,0.13989481,-0.16378213,0.679716169834137,0.12559961,2.3613157272338867,0.9282588
3743,2.3269272,0.19163327,-0.10187166,0.7545515298843384,0.1332615,2.0982093811035156,1.398499
3744,2.3625605,0.15050584,-0.19252796,0.8225085139274597,0.1589267,2.439481258392334,1.4127835
3745,2.2750173,0.12650159,-0.12396085,0.6290262341499329,0.160915,2.2311439514160156,1.3027114
3746,2.3118844,0.19511658,-0.10592234,0.6580080986022949,0.20940797,2.156524658203125,1.6367465
3747,2.2496507,0.19101518,-0.09702126,0.7879365086555481,0.16445279,2.28556489944458,1.3861754
3748,2.286958,0.094643295,-0.14265883,0.758939266204834,0.1510753,2.453598976135254,0.93560433
3749,2.3174267,0.19041795,-0.17914113,0.7251484990119934,0.16199452,2.2949225902557373,1.2397344
3750,2.1555145,0.14604065,0.0004810457,0.8322423696517944,0.12210066,2.532107353210449,1.2208529
3751,2.2704053,0.1370598,-0.05861388,0.7859590649604797,0.19412775,2.332051992416382,1.5032314
3752,2.2278152,0.17180805,-0.031532254,0.7096840143203735,0.1717501,2.2509639263153076,1.3961631
3753,2.309952,0.16574925,-0.07246073,0.7636644244194031,0.1328515,2.3288538455963135,1.1439557
3754,2.2564118,0.21383768,-0.06245456,0.7852290868759155,0.12964156,2.135746717453003,1.3928878
3755,2.2318306,0.16599898,-0.052808426,0.75950026512146,0.17572239,2.409137725830078,1.2814858
3756,2.2946632,0.16333862,-0.06401088,0.5727615356445312,0.25419497,2.0414843559265137,2.5657523
3757,2.1886346,0.18749328,-0.038965642,0.5031048655509949,0.16439122,2.2886836528778076,1.0372462
3758,2.2984538,0.20117499,-0.15525079,0.7809640765190125,0.13975309,2.384125232696533,1.3712202
3759,2.2358904,0.14477801,-0.04299006,0.6217935681343079,0.20248608,2.2917003631591797,1.1722856
3760,2.3027337,0.27226233,-0.095907226,0.7907510995864868,0.16014193,2.3479721546173096,1.5490048
3761,2.3180668,0.16373208,-0.08551358,0.6837983131408691,0.15214445,2.1268534660339355,1.4089425
3762,2.2224388,0.1931707,-0.1451149,0.694675862789154,0.1597753,2.3828463554382324,1.0081042
3763,2.1666355,0.2585375,-0.051642966,0.43674981594085693,0.18063165,2.365633726119995,1.0486361
3764,2.29813,0.0968237,-0.16728386,0.6514481902122498,0.1934065,2.329172372817993,1.1572769
3765,2.3047955,0.108455755,-0.12767963,0.7567871809005737,0.14967872,2.4432504177093506,1.2073926
3766,2.2789533,0.09884359,-0.08706155,0.8275800943374634,0.114677764,2.4969258308410645,0.95679396
3767,2.2775307,0.11075431,-0.11573516,0.665532112121582,0.19247273,2.4177021980285645,1.1377206
3768,2.3246148,0.1910743,-0.13744773,0.7879974246025085,0.14031135,2.104062557220459,1.518784
3769,2.2047246,0.21327358,-0.11643008,0.6022854447364807,0.14995956,2.3988349437713623,1.042314
3770,2.3084183,0.14484484,-0.08879721,0.7634077072143555,0.17490658,2.2341132164001465,1.5015632
3771,2.3344119,0.19656897,-0.092218384,0.4917443096637726,0.20109105,2.049140453338623,1.6893239
3772,2.301728,0.12557448,-0.14513949,0.7523366808891296,0.15664712,2.3519885540008545,1.2082195
3773,2.3154404,0.11785467,-0.16031726,0.8224532604217529,0.13977183,2.325624942779541,1.1797808
3774,2.2020333,0.16367283,-0.060145862,0.85,0.0439386,2.1949005126953125,1.0921223
3775,2.297877,0.20690945,-0.10946918,0.8318483233451843,0.11657572,2.3723325729370117,1.1525875
3776,2.2446768,0.25810793,-0.1995167,0.6983695030212402,0.21042193,2.557116746902466,1.1845036
3777,2.2999218,0.10027273,-0.15024854,0.6334133744239807,0.17893708,2.3482627868652344,1.1915929
3778,2.2095904,0.13899437,-0.040759094,0.8380399942398071,0.10711776,2.7823216915130615,0.90380484
3779,2.1980517,0.18343242,-0.049843267,0.85,0.09087601,2.4688355922698975,1.1057272
3780,2.2465532,0.12887505,-0.10891814,0.6679570078849792,0.16902134,1.994783878326416,1.4283079
3781,2.377607,0.19477479,-0.13136983,0.8003028035163879,0.17705445,2.140904426574707,1.8667316
3782,2.3110995,0.22838095,-0.017613059,0.8193113207817078,0.15111719,2.349320650100708,1.3768324
3783,2.3419096,0.23408306,-0.12920436,0.6733450889587402,0.19301963,1.9639893770217896,2.7638674
3784,2.211586,0.06158974,-0.076706655,0.4520815312862396,0.21687981,2.299832582473755,1.2675171
3785,2.206872,0.1739434,-0.14834192,0.8165755867958069,0.13898142,2.378970146179199,1.1996325
3786,2.357611,0.21727064,-0.13820997,0.7704005837440491,0.18574993,2.1298563480377197,1.833886
3787,2.3293417,0.17436194,-0.16736622,0.6778115630149841,0.16809654,2.3512837886810303,1.0745332
3788,2.2748003,0.1822823,-0.109793454,0.6756467819213867,0.1604296,2.1419153213500977,1.536811
3789,2.2062397,0.19316253,-0.102329604,0.43096479773521423,0.21125415,2.3715877532958984,1.3639516
3790,2.2475913,0.12382662,-0.06611259,0.8290989995002747,0.14393763,2.5298585891723633,1.1897355
3791,2.1846628,0.26983398,-0.05649166,0.6873950958251953,0.20968947,2.64288592338562,1.1049236
3792,2.2929995,0.16615549,-0.112940155,0.7165476083755493,0.13259496,2.268286943435669,1.1884654
3793,2.2951217,0.18064733,-0.13641794,0.7719594836235046,0.137933,2.491973876953125,1.4239457
3794,2.2781649,0.12902644,-0.09714805,0.7397462129592896,0.16696084,2.1910574436187744,1.3823667
3795,2.3092124,0.18885706,-0.17783566,0.7627700567245483,0.18411842,2.437603235244751,1.1979876
3796,2.3533647,0.18162611,-0.15248488,0.8453124761581421,0.14258079,2.2954840660095215,1.7973382
3797,2.2953398,0.15158574,-0.15624134,0.7967604398727417,0.15963948,2.4093432426452637,1.2455931
3798,2.2459915,0.17000496,-0.02951315,0.4741542935371399,0.24237688,2.2723164558410645,1.3996881
3799,2.2944884,0.16919014,-0.13165717,0.8264108300209045,0.14761436,2.2532575130462646,1.3892934
3800,2.2442029,0.11120765,-0.09870811,0.7383192777633667,0.16634871,2.441295623779297,1.2752535
3801,2.290949,0.09226083,-0.032139264,0.85,0.09528074,2.3169426918029785,1.2910867
3802,2.1973197,0.185781,-0.09549932,0.819096565246582,0.13965549,2.3701348304748535,1.1261046
3803,2.2886853,0.24028493,-0.0677324,0.3338734209537506,0.20505404,2.0671377182006836,1.7716366
3804,2.359947,0.083020024,-0.106032185,0.8128495216369629,0.16561742,2.3804309368133545,1.3287227
3805,2.2256644,0.18166122,-0.045349523,0.6644123196601868,0.16963752,2.3769400119781494,1.1892513
3806,2.1738331,0.08621581,-0.0016672354,0.5450187921524048,0.18089597,2.695505380630493,1.0237451
3807,2.383845,0.1903158,-0.2188514,0.6858289837837219,0.20863889,2.0914113521575928,1.7104278
3808,2.2695377,0.20407023,-0.11352338,0.6966047286987305,0.1556507,2.159083366394043,1.3647904
3809,2.3054159,0.26320753,-0.15000616,0.7174111604690552,0.1776617,2.1110053062438965,1.6127224
3810,2.3005064,0.14700781,-0.10500048,0.7507001161575317,0.12335413,2.12644362449646,1.2290288
3811,2.1718054,0.18108633,-0.006264495,0.7213839292526245,0.1623662,2.4244868755340576,1.2628045
3812,2.2656643,0.090960376,-0.05066335,0.839496374130249,0.0680084,2.362985610961914,1.1101626
3813,2.2905686,0.12611556,-0.124275096,0.747528076171875,0.16193469,2.3168933391571045,1.2776635
3814,2.1499238,0.09032792,-0.048520144,0.4013438820838928,0.20090793,2.377249002456665,0.91416246
3815,2.258261,0.062144045,-0.12741713,0.7132896780967712,0.14494078,2.5030736923217773,1.0087802
3816,2.303721,0.15412003,-0.09115743,0.7341921329498291,0.14315759,2.227328300476074,1.2486706
3817,2.312498,0.17284773,-0.10516912,0.6004431247711182,0.17387912,2.0461738109588623,1.7258911
3818,2.2633173,0.10861346,-0.101873316,0.6794633269309998,0.16210051,2.551351547241211,0.96514475
3819,2.2767432,0.1644448,-0.09577334,0.8143749833106995,0.11712406,2.322330951690674,1.3892386
3820,2.289209,0.24132586,-0.095678166,0.7546155452728271,0.1809398,2.318819046020508,1.5575236
3821,2.267218,0.24620041,-0.1042824,0.7720784544944763,0.15440099,2.314775228500366,1.2660869
3822,2.34599,0.16772234,-0.1420142,0.5576353073120117,0.20628767,2.2117974758148193,1.4402092
3823,2.4002206,0.1514758,-0.091901995,0.49475741386413574,0.21910867,2.0830025672912598,1.5217968
3824,2.2174857,0.23754017,-0.109218195,0.7401750683784485,0.17686844,2.392491579055786,1.2118453
3825,2.2381241,0.25522676,-0.09774937,0.727201521396637,0.180522,2.3295114040374756,1.1281666
3826,2.342462,0.23026626,-0.1972991,0.8395816087722778,0.09781964,2.0549261569976807,1.5318518
3827,2.4102015,0.13511832,-0.25303218,0.8316105604171753,0.11875901,2.370776891708374,1.2275853
3828,2.2692142,0.15145208,-0.14834662,0.5439029335975647,0.19326648,2.4054746627807617,1.0466542
3829,2.1386614,0.18594667,0.0058462536,0.7739465832710266,0.11940617,2.353022336959839,1.0724694
3830,2.2867017,0.14537631,-0.11150186,0.8186731934547424,0.14291562,2.234726905822754,1.5599647
3831,2.1831326,0.12067647,0.012493448,0.520358145236969,0.2002935,2.319448947906494,1.1921713
3832,2.203114,0.20763159,-0.17564318,0.8026368021965027,0.11509827,2.434863567352295,1.0671058
3833,2.2954867,0.14855677,-0.14589629,0.5715695023536682,0.19531599,2.2847909927368164,1.3987677
3834,2.2890053,0.21274367,-0.10473944,0.7436503171920776,0.18364982,2.138568878173828,1.5742887
3835,2.3243797,0.1402223,-0.09240518,0.7984070777893066,0.123751715,2.2306325435638428,1.3006932
3836,2.2119687,0.18146126,-0.08480959,0.6698906421661377,0.16688392,2.554633617401123,1.1224686
3837,2.257056,0.1361863,-0.08204426,0.841116726398468,0.0845645,2.4748666286468506,0.88312095
3838,2.2459445,0.083503604,-0.042057566,0.8473075032234192,0.012062041,1.0720956325531006,1.2810022
3839,2.3336895,0.19991048,-0.15983032,0.8001057505607605,0.14982459,2.104698657989502,1.8935777
3840,2.2391186,0.19089012,-0.116776556,0.708795428276062,0.18348444,2.2359135150909424,1.4268074
3841,2.271894,0.1345867,-0.12780687,0.8425467610359192,0.14320152,2.577331066131592,1.1496257
3842,2.239345,0.16894604,-0.11509921,0.8257970213890076,0.1112793,2.399078845977783,1.1864873
3843,2.3257725,0.10857192,-0.1913114,0.7653773427009583,0.13715953,2.4119813442230225,1.134384
3844,2.2869444,0.14501908,-0.02315093,0.8492874503135681,0.104195505,2.304105520248413,1.2647852
3845,2.2306266,0.22155063,-0.039784532,0.7067803144454956,0.15575032,2.2600200176239014,1.164237
3846,2.3050356,0.24597275,-0.17674349,0.824068009853363,0.14837049,2.3798582553863525,1.6689864
3847,2.2329268,0.15079546,-0.059331015,0.7558329105377197,0.18590295,2.317880392074585,1.3809253
3848,2.346871,0.2125021,-0.17858739,0.8028062582015991,0.14810216,2.2816529273986816,1.3169675
3849,2.351193,0.13781187,-0.12291611,0.8329667448997498,0.054428633,2.0862889289855957,1.4235787
3850,2.2714887,0.07297136,-0.05946731,0.8292227387428284,0.15570587,2.2799174785614014,1.3437301
3851,2.2453353,0.13399132,-0.06819667,0.711115300655365,0.17982711,2.2614846229553223,1.4092702
3852,2.2831721,0.121173576,-0.03719739,0.55330491065979,0.24083893,2.3530349731445312,1.4521005
3853,2.2068954,0.13945451,-0.105362415,0.7710868716239929,0.13920996,2.567260265350342,1.1008619
3854,2.352862,0.13687615,-0.081636876,0.7545232176780701,0.15891883,2.142984628677368,1.5786376
3855,2.1681733,0.19478497,-0.13113108,0.6649189591407776,0.13137797,2.4691667556762695,0.84216976
3856,2.470788,0.14034726,-0.11158448,0.7674392461776733,0.18114012,2.11183762550354,1.3479466
3857,2.3599403,0.17753364,-0.11433134,0.4654526114463806,0.23518589,2.1255717277526855,1.7375969
3858,2.3142471,0.0875875,-0.118459485,0.7801312208175659,0.14815423,2.3216302394866943,1.1857957
3859,2.2001598,0.20096217,-0.039161965,0.1412726789712906,0.24857889,2.2843873500823975,1.2682996
3860,2.3192608,0.1950995,-0.12296745,0.8323383331298828,0.11423752,2.135958671569824,1.3993454
3861,2.2939792,0.18181139,-0.07073932,0.7729752063751221,0.1090745,2.080484628677368,1.5117347
3862,2.3524418,0.1745245,-0.101966724,0.8161060214042664,0.14299223,2.203331232070923,1.5717682
3863,2.217874,0.15849462,-0.056795683,0.7677558660507202,0.13778712,2.470209836959839,0.9140734
3864,2.3051302,0.1252164,-0.115841046,0.705398440361023,0.1990018,2.270047187805176,1.5151507
3865,2.2587752,0.101871364,-0.12074238,0.5909011363983154,0.16950506,2.335383892059326,0.9692944
3866,2.2466805,0.16932675,-0.063256435,0.7221959233283997,0.16985548,2.1632306575775146,1.302697
3867,2.2471752,0.2226262,-0.12901002,0.6900386214256287,0.12431737,2.315497875213623,1.0946116
3868,2.2600887,0.13678999,-0.14918238,0.4844816327095032,0.21317355,2.423844575881958,1.2802516
3869,2.2252457,0.21254243,-0.08204667,0.6546534299850464,0.19131391,2.3569562435150146,1.1975844
3870,2.3141325,0.26078668,-0.0811579,0.6760150790214539,0.21056473,2.01613187789917,2.1470246
3871,2.2844484,0.17389765,-0.1447248,0.6741462349891663,0.19580781,2.2380192279815674,1.4301583
3872,2.3218834,0.18966869,-0.17571172,0.6698890328407288,0.16243333,2.2796719074249268,1.2104882
3873,2.299842,0.16844791,-0.07941383,0.7519354820251465,0.1582595,2.2821712493896484,1.3028624
3874,2.2590249,0.15919481,-0.10555385,0.44503122568130493,0.2304147,2.163381576538086,1.4304413
3875,2.2244492,0.14633945,-0.084254205,0.678809642791748,0.16484965,2.46335506439209,0.9579326
3876,2.2798824,0.13580729,-0.1206611,0.7850284576416016,0.14537574,2.4793100357055664,1.0552557
3877,2.1917164,0.11379071,-0.046205495,0.3432653844356537,0.167268,2.464962959289551,1.0126092
3878,2.2791665,0.20928833,-0.102001786,0.7591713070869446,0.15818614,2.2867040634155273,1.2701684
3879,2.2914927,0.10108583,0.03779185,0.6788725256919861,0.17417912,2.2657291889190674,1.4696635
3880,2.1611376,0.13789691,-0.02459919,0.6074343323707581,0.19622706,2.405153512954712,1.2237325
3881,2.322042,0.22128896,-0.14544545,0.749808669090271,0.16364518,2.296194314956665,1.3958169
3882,2.3557155,0.10981165,-0.17003706,0.7123210430145264,0.18559852,2.258582830429077,1.5358751
3883,2.3184357,0.25550714,-0.16053344,0.7945187091827393,0.11450677,2.1387832164764404,1.3261497
3884,2.2355907,0.18386258,-0.105284214,0.7888814806938171,0.14981477,2.616549491882324,1.0922364
3885,2.2867396,0.15379073,-0.07168284,0.7810910940170288,0.14206985,2.4569785594940186,1.2400608
3886,2.2945545,0.17854236,-0.07437858,0.7880767583847046,0.17278075,2.1490581035614014,1.4943618
3887,2.3162937,0.14635974,-0.027503284,0.8288158178329468,0.13082881,2.016185998916626,1.447659
3888,2.2313652,0.14754675,-0.12015881,0.4286286234855652,0.23655124,2.3726162910461426,1.2227247
3889,2.3825173,0.19326591,-0.1347069,0.4903196394443512,0.24561498,2.1558282375335693,1.2223712
3890,2.2156534,0.2325096,-0.110962674,0.5184512138366699,0.22928548,2.4880800247192383,1.2801754
3891,2.3537447,0.20340008,-0.26515678,0.7008390426635742,0.15947096,2.1104319095611572,1.4833778
3892,2.313637,0.13109855,-0.042580456,0.8447151780128479,0.1312842,2.0912671089172363,1.679798
3893,2.3043933,0.17799255,-0.15640765,0.767279863357544,0.15593372,2.423407793045044,1.3853198
3894,2.324829,0.1706736,-0.14378609,0.8142537474632263,0.12799239,2.1118762493133545,1.30189
3895,2.265479,0.063489065,-0.052627627,0.5712019801139832,0.2015549,2.2824692726135254,1.1782128
3896,2.3499465,0.11068209,-0.13497168,0.8093360066413879,0.1560616,2.3240156173706055,1.485612
3897,2.2491748,0.18514244,0.022065274,0.7600371837615967,0.15181395,2.1097302436828613,1.4380118
3898,2.2571175,0.18071711,-0.1128521,0.7865214347839355,0.11297003,2.3568902015686035,1.2386594
3899,2.2765706,0.18940648,-0.23466899,0.4460500180721283,0.19422588,2.4087231159210205,1.1679417
3900,2.3037486,0.16602851,-0.13402924,0.7599145770072937,0.18827833,2.0989084243774414,1.404086
3901,2.2163801,0.18868597,-0.039998055,0.5529806613922119,0.16577879,2.205308437347412,1.1584342
3902,2.256353,0.20030496,-0.024098929,0.7001144289970398,0.16119315,2.045454740524292,2.4334009
3903,2.247786,0.20229939,-0.08188584,0.6821119785308838,0.1744115,2.294412851333618,1.4416517
3904,2.2835007,0.20792158,-0.0789652,0.8086440563201904,0.11905549,2.3604137897491455,1.1473947
3905,2.3901696,0.1457162,-0.09813488,0.7584219574928284,0.17714395,2.270782232284546,1.5032278
3906,2.2965155,0.122488104,-0.09143893,0.6392638087272644,0.20262298,2.5054473876953125,1.0348041
3907,2.2764702,0.21206653,-0.12965716,0.7537297606468201,0.16043727,2.3428938388824463,1.179348
3908,2.275779,0.26278168,-0.12030399,0.7612188458442688,0.15602797,2.1151254177093506,1.3376181
3909,2.276531,0.117253356,-0.15417194,0.7097498178482056,0.16711532,2.140238046646118,1.2252425
3910,2.2079473,0.097550295,-0.09869632,0.779198169708252,0.11032565,2.515639305114746,0.76918465
3911,2.3110535,0.18341756,-0.24557391,0.6844973564147949,0.17172818,2.1144864559173584,1.374372
3912,2.2965934,0.1895179,-0.02605138,0.8340240716934204,0.12507276,2.298743963241577,1.4169552
3913,2.3148637,0.17791317,-0.11185997,0.7273503541946411,0.1679704,2.301957607269287,1.2577966
3914,2.3386703,0.2052781,-0.18474343,0.6931933164596558,0.1769043,2.2073042392730713,1.6203119
3915,2.2919936,0.24694453,-0.1810569,0.8206268548965454,0.13282575,2.265744924545288,1.4173021
3916,2.1813626,0.09867161,-0.15964459,0.19957132637500763,0.22734943,2.355509042739868,0.9388793
3917,2.200656,0.1303145,-0.1108121,0.7880166172981262,0.12709253,2.7234385013580322,0.8700012
3918,2.3518715,0.19355828,-0.10417917,0.7982867360115051,0.16100639,2.0845744609832764,1.8575677
3919,2.1572802,0.16333993,-0.064034015,0.5977782607078552,0.17101455,2.2959694862365723,1.2017912
3920,2.287143,0.19743678,-0.09962273,0.7764320969581604,0.14071092,2.226806402206421,1.3910141
3921,2.227743,0.2557767,-0.08869471,0.451154887676239,0.21459512,2.2549381256103516,1.3980204
3922,2.3438568,0.16493571,-0.034072794,0.5605772733688354,0.25379837,2.037597417831421,2.0935194
3923,2.3307445,0.1366214,-0.119293384,0.8065245747566223,0.11860784,2.179903030395508,1.404758
3924,2.317775,0.13360254,-0.113954805,0.85,0.088785596,2.1298987865448,1.2457175
3925,2.2706747,0.114505224,-0.106515005,0.7543941736221313,0.16970809,2.573230504989624,1.116738
3926,2.2976744,0.16071677,-0.1182707,0.7365370392799377,0.17057465,2.3615314960479736,1.2661909
3927,2.24132,0.18650098,-0.09044921,0.5018772482872009,0.18120915,2.312725067138672,1.2912817
3928,2.1392353,0.1753018,0.027456194,0.7365434169769287,0.14807992,2.4837214946746826,0.95474976
3929,2.297984,0.19629733,-0.16239797,0.535241961479187,0.20475866,2.2890286445617676,1.5931143
3930,2.3484604,0.113474384,-0.047563482,0.8325446248054504,0.12275944,2.419016122817993,1.2681526
3931,2.2267468,0.1500372,-0.10079991,0.7331893444061279,0.17716716,2.384065628051758,1.2419226
3932,2.3107193,0.13986276,-0.09499494,0.6677606701850891,0.18791343,1.9726884365081787,1.6673161
3933,2.2235851,0.17829831,-0.012198664,0.705820620059967,0.18012665,2.3383758068084717,1.1516963
3934,2.2641816,0.1279183,-0.18237786,0.7639670372009277,0.14099869,2.569214344024658,0.8973575
3935,2.3346338,0.20067458,-0.15652257,0.7450135350227356,0.17669222,2.0869200229644775,1.6151776
3936,2.2831213,0.19118232,-0.13655484,0.793337345123291,0.15308826,2.441429853439331,1.0834783
3937,2.2811215,0.13599212,-0.076031685,0.7848535776138306,0.12723419,2.450883150100708,1.1861165
3938,2.275536,0.16760981,-0.04712038,0.7638209462165833,0.16873366,2.3812320232391357,1.2308824
3939,2.3652272,0.26032457,-0.12385303,0.4447120428085327,0.25226903,2.2355899810791016,1.660676
3940,2.2952518,0.17870614,-0.13646826,0.733099639415741,0.16461447,2.091937780380249,1.4324577
3941,2.3209894,0.11621438,-0.03506399,0.7971603870391846,0.12263423,2.1285173892974854,1.7396969
3942,2.3663638,0.18387128,-0.116688475,0.7929523587226868,0.1629389,2.2597594261169434,1.6531816
3943,2.241155,0.23537505,-0.09088185,0.7578246593475342,0.15674514,2.3456673622131348,1.1417582
3944,2.3289237,0.09762168,-0.05350077,0.8346627950668335,0.1114502,2.347609281539917,1.2077582
3945,2.3088017,0.17364201,-0.11587213,0.7676153779029846,0.17756964,2.3312864303588867,1.4380866
3946,2.3155575,0.18027784,-0.111922964,0.848694384098053,0.08432149,2.3035600185394287,1.4231642
3947,2.1795592,0.20883274,-0.056476936,0.7937329411506653,0.12460095,2.4538302421569824,1.0526044
3948,2.235127,0.25447658,-0.13678132,0.660510778427124,0.15646912,2.3892600536346436,1.2078968
3949,2.3327765,0.1251544,-0.19137543,0.7589056491851807,0.15676996,2.4126222133636475,1.2505187
3950,2.288413,0.18057866,-0.0598214,0.5664319396018982,0.23495287,1.9384084939956665,2.7789338
3951,2.294818,0.1774199,-0.14881702,0.6518331170082092,0.22841212,2.1680104732513428,1.4298751
3952,2.2762313,0.19383074,-0.13755253,0.6896861791610718,0.20208837,2.374429702758789,1.3384236
3953,2.2696052,0.15441689,-0.09186145,0.7293717861175537,0.15579768,2.178128242492676,1.2435364
3954,2.2790697,0.22684503,-0.11230994,0.7185700535774231,0.16214332,2.1132919788360596,1.4136165
3955,2.3956642,0.20486431,-0.13208485,0.8036752343177795,0.18269514,2.2551238536834717,1.3287423
3956,2.3489406,0.26329938,-0.14520088,0.7084444165229797,0.21212107,2.119311571121216,1.869091
3957,2.2108738,0.19064818,0.011738402,0.6265913248062134,0.20888303,2.1803109645843506,1.8188279
3958,2.3710866,0.101470366,-0.046528887,0.8299695253372192,0.1316129,2.0809624195098877,1.3912654
3959,2.3362846,0.25404873,-0.13013807,0.7041319608688354,0.2243143,2.120466709136963,1.6890919
3960,2.3340776,0.21104072,-0.15236107,0.742830216884613,0.17501318,2.1418776512145996,1.698831
3961,2.1837275,0.13393565,-0.015234281,0.8147868514060974,0.11118999,2.6863996982574463,0.86792326
3962,2.306031,0.24142511,-0.14131634,0.657782256603241,0.12615755,1.9687389135360718,1.3615245
3963,2.245424,0.2343545,-0.07822379,0.7431188821792603,0.1320971,2.314984083175659,1.2304571
3964,2.246406,0.10364182,-0.075973324,0.7853999733924866,0.14030072,2.426055431365967,1.044593
3965,2.322831,0.1849564,-0.17426251,0.6727613210678101,0.16272514,2.338974714279175,1.1896429
3966,2.3227434,0.14055382,-0.14421265,0.6395691633224487,0.15432197,2.1224775314331055,1.3525722
3967,2.2800453,0.14505412,-0.09352502,0.7467707991600037,0.13700725,2.4129703044891357,1.1498843
3968,2.2743108,0.16577032,-0.1590638,0.6579247713088989,0.20993927,2.453596591949463,1.5074103
3969,2.3379717,0.14712992,-0.14830352,0.7882103323936462,0.13359806,2.4132041931152344,1.4157226
3970,2.2517326,0.1245289,-0.055619404,0.5836544036865234,0.20517525,2.211214780807495,1.2301642
3971,2.2500644,0.11607566,-0.04224279,0.7815480828285217,0.17098501,2.481847047805786,1.0787224
3972,2.3381407,0.23754305,-0.095427945,0.713435173034668,0.20252927,2.2550299167633057,1.7086232
3973,2.358269,0.20403805,-0.17329064,0.8026924729347229,0.121936835,2.0987236499786377,1.2966647
3974,2.25388,0.15601707,-0.07969879,0.6874092221260071,0.17230906,2.375866174697876,1.2989309
3975,2.382224,0.14897847,-0.086042374,0.7801035642623901,0.16460706,2.0923380851745605,1.8854085
3976,2.294263,0.19907667,-0.049176835,0.7276113629341125,0.1651708,2.076982021331787,1.5321108
3977,2.2299454,0.21363595,-0.111353874,0.7799831032752991,0.15117653,2.510108470916748,1.2704669
3978,2.354215,0.26632795,-0.12756999,0.8055880069732666,0.145105,2.227933168411255,1.272812
3979,2.2851796,0.120356485,-0.097511075,0.2874299883842468,0.25440684,2.2665741443634033,1.4692563
3980,2.2927215,0.19289301,-0.059570502,0.6994380950927734,0.1914422,2.2248268127441406,1.2359155
3981,2.2655234,0.13675466,-0.07393754,0.7434341907501221,0.15238014,2.22967791557312,1.3518384
3982,2.1789706,0.210685,-0.12883572,0.6813187599182129,0.13071208,2.2814815044403076,1.0688758
3983,2.2276418,0.24953611,-0.20347011,0.7400608062744141,0.16049421,2.5217816829681396,1.144904
3984,2.2755694,0.07193435,-0.112029664,0.6456305384635925,0.13424936,2.4347610473632812,0.9604967
3985,2.177113,0.12196068,0.023260782,0.7890528440475464,0.14240733,2.308533191680908,1.3106848
3986,2.3921015,0.09781619,-0.15988709,0.7252386212348938,0.16561088,2.139688730239868,1.3591417
3987,2.2029364,0.17550541,-0.14355794,0.6675117611885071,0.14920543,2.5987863540649414,0.90407497
3988,2.2879589,0.1242575,-0.048010364,0.5806863307952881,0.18022154,2.082289457321167,1.275919
3989,2.2164872,0.15466936,-0.11995755,0.4353240132331848,0.22635406,2.528655529022217,1.3540481
3990,2.3408732,0.17436683,-0.17949107,0.7068982124328613,0.1581906,2.1861088275909424,1.3667306
3991,2.2158144,0.23949549,-0.085755125,0.7627671957015991,0.18680699,2.31939435005188,1.379516
3992,2.198176,0.12643968,-0.036189605,0.45439913868904114,0.22762929,2.295008659362793,1.2829936
3993,2.3171585,0.14094764,-0.07946714,0.6920804381370544,0.17257132,2.358473777770996,1.0100523
3994,2.274129,0.15299349,-0.06309654,0.7416306138038635,0.1902712,2.2883708477020264,1.6176214
3995,2.4622147,0.12926954,-0.17274898,0.8191254734992981,0.16156752,2.0827524662017822,1.6706716
3996,2.391464,0.1296103,-0.119376525,0.8298935294151306,0.14066292,2.3985695838928223,1.6040012
3997,2.2980006,0.097256005,-0.20277873,0.417921781539917,0.24972597,2.304781675338745,1.3211591
3998,2.352769,0.17205761,-0.14279683,0.7420289516448975,0.17267005,2.1119377613067627,1.5676556
3999,2.253839,0.2141674,-0.14573182,0.7777690291404724,0.14923733,2.6265370845794678,1.1865633
4000,2.3067532,0.09205061,-0.07658329,0.7618599534034729,0.16545986,2.222588062286377,1.268547
4001,2.2278466,0.17883544,-0.09513041,0.6715607047080994,0.18646467,2.2523410320281982,1.3218205
4002,2.265126,0.20184791,-0.07232598,0.49085524678230286,0.19336765,2.118617296218872,1.2126669
4003,2.3170214,0.11494144,-0.17537917,0.48683568835258484,0.2202525,2.3028504848480225,1.2252326
4004,2.163205,0.17782743,0.006377337,0.7373491525650024,0.09531104,2.6671040058135986,0.8005114
4005,2.245789,0.15960976,-0.049740873,0.7844430804252625,0.18058428,2.4740867614746094,1.1105344
4006,2.338899,0.257473,-0.07334253,0.7257103323936462,0.2093052,2.093794822692871,2.0006955
4007,2.3741467,0.22077662,-0.22386353,0.7411108016967773,0.20832,2.219095468521118,1.4477158
4008,2.2612398,0.14618534,-0.079951905,0.7529290318489075,0.18174322,2.43652081489563,1.376654
4009,2.2547314,0.23365892,-0.060749687,0.8363198041915894,0.1262042,2.2955739498138428,1.378352
4010,2.2861493,0.14635578,-0.10836326,0.6284604072570801,0.16510645,2.1045918464660645,1.3407542
4011,2.2224576,0.18527055,-0.055767775,0.7244724035263062,0.20785734,2.456912040710449,1.4785216
4012,2.346817,0.10178671,0.017966732,0.5513192415237427,0.22546005,2.215811252593994,1.4613057
4013,2.3484643,0.18938191,-0.055455897,0.7940601706504822,0.14464244,2.2058966159820557,1.449365
4014,2.2363114,0.13646571,-0.14949144,0.32228416204452515,0.19947304,2.4132776260375977,1.053966
4015,2.2693145,0.19485705,-0.021091715,0.8184037804603577,0.12037812,2.1528420448303223,1.3623832
4016,2.2205174,0.2687111,-0.10971931,0.7177780866622925,0.18611117,2.48466420173645,1.227913
4017,2.2790775,0.2591242,-0.08840137,0.5058109760284424,0.20057,2.1017861366271973,1.5424486
4018,2.2810612,0.18346587,-0.09342866,0.7799974083900452,0.14790782,2.1893670558929443,1.2387657
4019,2.2574313,0.1991835,-0.074006036,0.8227340579032898,0.13843518,2.4140849113464355,1.2747613
4020,2.2579217,0.05178276,-0.07796255,0.7043436169624329,0.16113897,2.473459482192993,0.83954525
4021,2.2929554,0.18946286,-0.14919475,0.7330250144004822,0.18662998,2.2568016052246094,1.4750695
4022,2.2255692,0.09752211,-0.06770368,0.7049236297607422,0.1690982,2.47609806060791,1.1906834
4023,2.1471577,0.14578228,-0.19014838,0.09468743950128555,0.28368652,2.5932891368865967,1.0395579
4024,2.3099737,0.19194637,-0.15070488,0.661353588104248,0.17949668,2.2586159706115723,1.5720739
4025,2.2918832,0.14365557,-0.065641426,0.6963794231414795,0.19256634,2.091705322265625,1.4874003
4026,2.2684143,0.15809692,-0.06640584,0.6503971815109253,0.19561984,2.286921262741089,1.386084
4027,2.363784,0.19697954,-0.15888532,0.7908329367637634,0.13342805,2.235428810119629,1.551403
4028,2.3209658,0.18581752,-0.16714805,0.5967665314674377,0.2102055,2.1080915927886963,1.5852463
4029,2.3587446,0.1940821,-0.04019222,0.7583023905754089,0.1837535,2.1009974479675293,1.5522454
4030,2.2640467,0.25120336,-0.0473637,0.5372438430786133,0.21773158,2.2161240577697754,1.4484656
4031,2.3136182,0.13449898,-0.124682635,0.8385185599327087,0.09707719,2.2879154682159424,1.1273369
4032,2.225057,0.20561081,-0.03595147,0.8061202764511108,0.1130647,2.1021502017974854,1.2489241
4033,2.2647202,0.13222623,-0.20543948,0.5614178776741028,0.15224235,2.3798532485961914,0.9598982
4034,2.4362814,0.13730834,-0.14166802,0.8310009837150574,0.12057078,2.137178421020508,1.5507193
4035,2.3948793,0.1274119,-0.14964947,0.7662413120269775,0.15722482,2.0009074211120605,1.801897
4036,2.3405597,0.1307408,-0.11270584,0.85,0.07243599,2.2213754653930664,1.1269715
4037,2.248605,0.24251384,-0.10488892,0.68757563829422,0.18068603,2.2006261348724365,1.4330668
4038,2.2209346,0.19377464,-0.13964126,0.73026043176651,0.17649259,2.19722318649292,1.5682704
4039,2.413561,0.049084827,-0.19940123,0.7925670742988586,0.15457429,2.358353853225708,1.1466167
4040,2.2926972,0.20511149,-0.04900641,0.8058849573135376,0.1321209,2.125239610671997,1.4561853
4041,2.2843874,0.23439571,-0.088144,0.7606005072593689,0.17080712,2.2518808841705322,1.5154927
4042,2.368543,0.11326149,-0.25501025,0.827136754989624,0.12853523,2.2994165420532227,1.1781133
4043,2.2000172,0.1808196,-0.0600907,0.8297977447509766,0.08646578,2.4810049533843994,0.903402
4044,2.2709699,0.044488974,-0.08556685,0.5425567626953125,0.19961455,2.3515374660491943,1.1727289
4045,2.401675,0.14133112,-0.16530055,0.7626222968101501,0.15750436,2.064863681793213,1.7910151
4046,2.3684134,0.111837916,-0.09563991,0.8097286224365234,0.11043152,2.0877954959869385,1.4345759
4047,2.2960808,0.08478702,-0.17706811,0.7241696715354919,0.21807745,2.5847017765045166,1.1535001
4048,2.2640636,0.18853766,-0.16506818,0.7802738547325134,0.14668494,2.3587465286254883,1.3580589
4049,2.3279207,0.1929183,-0.06493549,0.7944774627685547,0.1439638,2.3178915977478027,1.282816
4050,2.1915183,0.15753594,-0.08025189,0.671040415763855,0.16922072,2.3577616214752197,1.0604688
4051,2.2536275,0.13899828,-0.06601861,0.6759891510009766,0.17380223,2.3184139728546143,1.2122643
4052,2.4010842,0.06438814,-0.12173849,0.7769308686256409,0.15420175,2.1841745376586914,1.3098195
4053,2.2739115,0.22104342,-0.1673949,0.6942529082298279,0.1951769,2.2293057441711426,1.2203311
4054,2.2939765,0.12240349,-0.09683755,0.7900505065917969,0.12264193,2.2965211868286133,1.4549671
4055,2.3048413,0.110969566,-0.09187566,0.6950372457504272,0.17471822,2.281405210494995,1.40172
4056,2.2855237,0.14410268,-0.15550977,0.579407274723053,0.17980121,2.2898776531219482,1.3169371
4057,2.2348945,0.18478656,-0.16996655,0.7987638115882874,0.12629405,2.475581169128418,0.9122982
4058,2.292849,0.13763157,-0.10841173,0.8434699177742004,0.116152234,2.4081714153289795,0.9757765
4059,2.2618616,0.19118747,-0.09761835,0.7078956961631775,0.15587147,2.221318244934082,1.1752881
4060,2.3354936,0.14026034,-0.12196593,0.7856830954551697,0.10491136,2.085000991821289,1.8428992
4061,2.2307239,0.24344918,-0.13322157,0.8420637249946594,0.09781064,2.433971405029297,1.1770375
4062,2.2556973,0.16366355,-0.1263027,0.7843180298805237,0.1357403,2.4180073738098145,1.1931028
4063,2.1662867,0.1722925,-0.052565604,0.38165149092674255,0.13913551,2.108808994293213,1.1554176
4064,2.3305705,0.085188866,-0.18140699,0.7346526980400085,0.1430416,2.1487302780151367,1.185987
4065,2.31469,0.11812958,-0.10070148,0.7456278204917908,0.14831,2.112793445587158,1.1589758
4066,2.2538452,0.18640888,-0.123548545,0.40993404388427734,0.28906554,2.3559741973876953,1.2228059
4067,2.1919868,0.20902374,-0.07060283,0.7792755961418152,0.1500147,2.473339319229126,1.1465719
4068,2.193155,0.19859014,-0.10140659,0.5877468585968018,0.15696995,2.4716484546661377,0.96666884
4069,2.233956,0.15764008,-0.0774758,0.7040610909461975,0.20348579,2.5062525272369385,1.3075491
4070,2.3162513,0.116029136,-0.14495735,0.7142677307128906,0.17143792,2.2776007652282715,1.3121873
4071,2.3267622,0.16135748,-0.21664321,0.8010454773902893,0.16668512,2.3851706981658936,1.3435526
4072,2.293725,0.16997872,-0.07320132,0.6202885508537292,0.166231,2.315906286239624,1.314542
4073,2.274703,0.19102322,-0.10455079,0.5763096213340759,0.20486337,2.085343837738037,1.6678677
4074,2.240487,0.19204935,-0.22721452,0.7462417483329773,0.16594407,2.26298189163208,1.2764882
4075,2.2318342,0.10280049,-0.051451076,0.6681410074234009,0.18571143,2.1407508850097656,1.3399854
4076,2.2639823,0.20560847,-0.10726094,0.589145839214325,0.17528729,2.224010705947876,1.3773279
4077,2.2771597,0.04310816,-0.071694806,0.7187833786010742,0.12766933,2.4639718532562256,1.2299657
4078,2.1992428,0.14071542,-0.09680102,0.7658403515815735,0.106442615,2.374584913253784,1.0173398
4079,2.2363753,0.09592285,-0.15357631,0.6275132298469543,0.1824786,2.6404216289520264,0.8248867
4080,2.3292832,0.20367153,-0.19504486,0.7441073656082153,0.15479606,2.413405179977417,1.2667754
4081,2.2909255,0.10879227,-0.1539559,0.8024505972862244,0.14212729,2.5734646320343018,1.1225915
4082,2.3272567,0.12822749,-0.14649142,0.7808559536933899,0.1709798,2.2496726512908936,1.581327
4083,2.3121285,0.06539182,-0.11704582,0.8207980394363403,0.17205647,2.4706947803497314,1.3264796
4084,2.278354,0.20871183,-0.16093268,0.5899179577827454,0.16902734,2.130706310272217,1.1885846
4085,2.285899,0.20569684,-0.15815298,0.8059067130088806,0.15432735,2.277109146118164,1.6542616
4086,2.347935,0.14154725,-0.12572607,0.8459389209747314,0.11271538,2.3208742141723633,1.4212186
4087,2.3352613,0.13277219,-0.14898752,0.7593503594398499,0.117241465,2.1036293506622314,1.3813109
4088,2.2535148,0.1820291,-0.12895958,0.51454097032547,0.16883028,1.9813570976257324,1.229389
4089,2.331055,0.20033525,-0.045200147,0.7911211252212524,0.14887203,2.0663163661956787,1.7097808
4090,2.2849956,0.18966103,-0.08538462,0.828376293182373,0.10233929,2.3299551010131836,1.2139839
4091,2.299819,0.14264448,-0.12832557,0.7551866173744202,0.16154703,2.449662446975708,1.1346487
4092,2.2792785,0.17738402,-0.18727769,0.5174261331558228,0.17959225,2.136993408203125,1.3078831
4093,2.3228648,0.11406747,-0.14494975,0.7063624858856201,0.16231336,2.301854372024536,1.1880734
4094,2.2818666,0.10225716,-0.1633223,0.6687872409820557,0.20576215,2.262610912322998,1.2621441
4095,2.267378,0.16876385,-0.124524035,0.6922119855880737,0.1936433,2.229132652282715,1.3204422
4096,2.1943917,0.18465668,-0.02010987,0.4300645887851715,0.2115881,2.120492696762085,1.5336618
4097,2.2604947,0.21714742,-0.13001364,0.5805152058601379,0.20036723,2.129451036453247,1.4682835
4098,2.2242064,0.115098715,-0.05643309,0.5155110359191895,0.19872682,2.3103437423706055,1.2020866
4099,2.372403,0.11576359,-0.12462768,0.8322689533233643,0.052944664,2.0821144580841064,1.3313795
4100,2.2103095,0.16414428,-0.03409042,0.7905910015106201,0.122954056,2.326505422592163,1.2058947
4101,2.250207,0.1341808,-0.05177799,0.4263589382171631,0.20612597,2.4478390216827393,1.3518853
4102,2.3911278,0.18097727,-0.20633502,0.8467693328857422,0.10082562,2.032653570175171,1.5766498
4103,2.3026633,0.1516934,-0.13557729,0.772553563117981,0.14320362,2.3760924339294434,0.9988154
4104,2.3277347,0.15578122,-0.13481434,0.85,0.11141378,2.2063522338867188,1.7456634
4105,2.2723687,0.18272348,-0.21817258,0.6556928753852844,0.15409897,2.422868490219116,1.0182829
4106,2.357523,0.19332644,-0.124812305,0.7833665609359741,0.16652596,2.045968770980835,1.7853428
4107,2.3236787,0.14200188,-0.14453393,0.8082515001296997,0.15029648,2.2539689540863037,1.6073554
4108,2.3217158,0.1370733,-0.14958443,0.6979265809059143,0.14570661,2.120901584625244,1.4328058
4109,2.3287303,0.12755692,-0.13915548,0.6832625269889832,0.15361106,2.376527786254883,1.044441
4110,2.2344668,0.20722301,-0.02746781,0.7677978873252869,0.14282244,2.1573641300201416,1.4085826
4111,2.3372786,0.061004464,-0.20376599,0.27703040838241577,0.1444,2.1894826889038086,1.1368189
4112,2.321316,0.18862246,-0.15440243,0.8005905151367188,0.13944536,2.2733805179595947,1.1590708
4113,2.25606,0.11644595,-0.093670025,0.6974903345108032,0.19932835,2.4287073612213135,1.3002282
4114,2.3041937,0.108900994,-0.18608269,0.704444169998169,0.18703291,2.426704168319702,1.1256901
4115,2.2385411,0.14499806,-0.101744324,0.7277834415435791,0.17177829,2.33615779876709,1.268298
4116,2.2430036,0.23542228,-0.053294733,0.7735357284545898,0.16174576,2.272428274154663,1.2492138
4117,2.2435822,0.06160331,-0.10775315,0.6042144298553467,0.15281744,2.4221255779266357,0.94196635
4118,2.2153385,0.15525663,-0.070614934,0.5450775027275085,0.24000184,2.3262887001037598,1.417888
4119,2.3113425,0.13826919,-0.13942488,0.8237788677215576,0.12664697,2.282947063446045,1.2510418
4120,2.214906,0.1619046,-0.1553419,0.7621840834617615,0.11762766,2.5032849311828613,0.9977201
4121,2.3066328,0.17125936,-0.074124515,0.8270339965820312,0.14339249,2.101743698120117,1.8257551
4122,2.2372346,0.16364776,-0.00038604104,0.5197072625160217,0.21719217,2.1123876571655273,1.4595824
4123,2.3750982,0.15200642,-0.15488592,0.7340802550315857,0.14796007,2.017287254333496,1.5496674
4124,2.2735152,0.15893568,-0.11084967,0.8017833232879639,0.14169843,2.378446340560913,1.2300055
4125,2.3193889,0.18538164,-0.0921566,0.85,0.11274602,2.1186258792877197,1.6498334
4126,2.292087,0.24707566,-0.18049327,0.5685763359069824,0.20247774,2.1610660552978516,1.4416145
4127,2.1721466,0.17949022,0.03156928,0.7562890648841858,0.18505752,2.485835075378418,1.1572467
4128,2.2497714,0.18420963,-0.07170381,0.8209385275840759,0.09786225,2.346757411956787,1.2819993
4129,2.1308553,0.23199533,-0.0393277,0.828156590461731,0.14620216,2.599740743637085,1.1086073
4130,2.4024353,0.1520886,-0.16635892,0.7451871037483215,0.1971049,2.020383358001709,1.8070942
4131,2.2486494,0.20076846,-0.06340015,0.7209438681602478,0.16702197,2.3075499534606934,1.3729947
4132,2.313308,0.1449193,-0.10467635,0.702165424823761,0.16392167,2.1651082038879395,1.510721
4133,2.178366,0.24269028,-0.12296707,0.5656435489654541,0.16589619,2.472769260406494,0.895361
4134,2.255771,0.16312605,-0.12500778,0.8372942209243774,0.12078638,2.398495674133301,1.2993227
4135,2.3379824,0.11878255,-0.17658521,0.518938422203064,0.20067823,2.17999005317688,1.5080899
4136,2.2258832,0.20647074,-0.088285886,0.8365227580070496,0.09706325,2.4728894233703613,1.2444208
4137,2.3311367,0.08390682,-0.07675645,0.5187342166900635,0.21711694,2.2589359283447266,1.2701145
4138,2.257779,0.2065138,-0.14500666,0.7374051809310913,0.103469655,2.171365976333618,1.0903819
4139,2.2474887,0.16906448,-0.13616058,0.5849008560180664,0.22486135,2.159564733505249,1.3775786
4140,2.3850594,0.1964981,-0.2664581,0.5116393566131592,0.19258042,2.099022626876831,1.3460294
4141,2.29086,0.18672906,-0.14448051,0.6287082433700562,0.18563679,2.127185106277466,1.2325404
4142,2.2968962,0.1516091,-0.043569542,0.7236077785491943,0.16060801,2.0888631343841553,1.4143616
4143,2.2678065,0.164534,-0.042998046,0.7620639801025391,0.18041885,2.4411749839782715,1.1511362
4144,2.3484843,0.15607852,-0.12224109,0.6382620334625244,0.212778,2.083756685256958,1.9501512
4145,2.2831619,0.17611775,-0.03638528,0.8217211961746216,0.13184355,2.266672134399414,1.1476878
4146,2.3886652,0.12793773,-0.13739151,0.8460158109664917,0.13006365,2.3120434284210205,1.7471117
4147,2.3691068,0.17837699,-0.12594438,0.572854220867157,0.20412192,2.0400936603546143,1.586327
4148,2.4442859,0.13957396,-0.20268308,0.7755782604217529,0.16431512,2.120621919631958,1.6281067
4149,2.4022934,0.09724499,-0.052548908,0.5477345585823059,0.2318923,1.9735946655273438,1.690908
4150,2.3576972,0.15274976,-0.11783171,0.7479722499847412,0.14397523,2.092288017272949,1.4269056
4151,2.2362247,0.16956975,-0.12620287,0.6487265229225159,0.19874695,2.3352396488189697,1.246782
4152,2.1522825,0.14566769,-0.03764744,0.8257510662078857,0.09703117,2.4970736503601074,1.242287
4153,2.2398825,0.171287,-0.053398393,0.8120254278182983,0.1376151,2.5158274173736572,1.0738965
4154,2.2849581,0.15289797,-0.13487545,0.779946506023407,0.16206312,2.1847054958343506,1.3861394
4155,2.3904772,0.1257165,-0.1992254,0.8130828738212585,0.14547393,2.4236063957214355,1.3054676
4156,2.2707555,0.10221223,-0.11419383,0.8047565817832947,0.11240426,2.4824163913726807,1.2090821
4157,2.295984,0.21216695,-0.12755668,0.7406455278396606,0.15989314,2.480236768722534,1.1403925
4158,2.280997,0.15258674,-0.044542193,0.7989246249198914,0.11485186,2.2955679893493652,1.1358566
4159,2.1779647,0.1639812,-0.0593604,0.7962595820426941,0.11478368,2.830505609512329,0.7590285
4160,2.3075864,0.16267069,-0.10477734,0.7403693795204163,0.14866744,2.156287431716919,1.4776621
4161,2.2717078,0.17494445,-0.054182414,0.7416676878929138,0.18706734,2.5263047218322754,1.218448
4162,2.215831,0.16802347,-0.09814756,0.561945378780365,0.19748156,2.342602252960205,1.185947
4163,2.2544298,0.1531773,-0.08469069,0.7396547794342041,0.16797659,2.3874025344848633,1.0820087
4164,2.193163,0.113483794,-0.10063031,0.5199596881866455,0.21435162,2.430595636367798,1.1062077
4165,2.2808259,0.13128513,-0.24213287,0.46898704767227173,0.15717952,2.4393467903137207,1.0310366
4166,2.3333836,0.15185778,-0.1691782,0.6167055368423462,0.16313402,2.092939615249634,1.4573517
4167,2.283913,0.10964244,-0.13988568,0.7811514139175415,0.15436222,2.4520263671875,1.2320503
4168,2.2186105,0.22212724,-0.037777103,0.6820785403251648,0.16330826,2.1940507888793945,1.2595575
4169,2.2808554,0.22539097,-0.16459061,0.5466826558113098,0.22874,2.4233169555664062,1.225673
4170,2.3519876,0.1549926,-0.16434614,0.807513952255249,0.14541824,2.3100240230560303,1.6921316
4171,2.3891501,0.16432203,-0.2104454,0.7803109884262085,0.15714896,2.1878747940063477,1.2436112
4172,2.2287679,0.17314579,-0.15432714,0.6829169392585754,0.16195011,2.4166784286499023,1.0397924
4173,2.322577,0.16735983,-0.098819695,0.7616647481918335,0.13978589,2.236783266067505,1.3567878
4174,2.3799086,0.19589272,-0.44127065,0.7392988204956055,0.15020187,2.266472816467285,1.0803459
4175,2.3558624,0.10390154,-0.065493226,0.7453117370605469,0.16200645,2.2677881717681885,1.6899546
4176,2.3163004,0.13263187,-0.16089661,0.5861078500747681,0.17137381,2.2530176639556885,1.288484
4177,2.105782,0.21430355,-0.098852836,0.5108386278152466,0.13309321,2.447477102279663,0.71990633
4178,2.3056693,0.16444674,-0.089336775,0.85,0.13097359,2.1804211139678955,1.4439411
4179,2.2127688,0.05106362,-0.009728359,0.17270910739898682,0.18040545,2.3548238277435303,1.0454156
4180,2.3064346,0.19448811,-0.13451432,0.7985846400260925,0.13559644,2.3611316680908203,1.36254
4181,2.3379116,0.07510314,-0.041846503,0.46999815106391907,0.1490869,2.060084819793701,1.4615644
4182,2.2273767,0.13860098,0.0036074044,0.6586688160896301,0.16899757,2.0847373008728027,1.3168832
4183,2.28591,0.1938858,-0.04672044,0.8353103995323181,0.123622194,2.0743658542633057,2.3524778
4184,2.2544818,0.17104554,-0.1781914,0.3557509481906891,0.19501309,2.370124340057373,1.1901861
4185,2.3140516,0.14333704,-0.10919748,0.8151781558990479,0.14841226,2.2691547870635986,1.3530462
4186,2.2730057,0.109367415,-0.18535064,0.4346749782562256,0.22967272,2.519113302230835,1.0179555
4187,2.3812563,0.1179174,-0.11130063,0.85,0.13776843,2.0926308631896973,1.7667149
4188,2.3265378,0.19577457,-0.17689417,0.7571691274642944,0.15049906,2.325011968612671,1.370383
4189,2.3633492,0.118409514,-0.1431908,0.7778039574623108,0.17026643,2.1778464317321777,1.7254881
4190,2.277009,0.16464907,-0.16559502,0.5753405094146729,0.22311538,2.3162543773651123,1.2892338
4191,2.2889757,0.20481929,-0.0705601,0.8337664604187012,0.1173548,2.1594882011413574,1.4113307
4192,2.2640183,0.15586317,-0.16914548,0.7485475540161133,0.15043038,2.3781590461730957,1.0526564
4193,2.2120066,0.13883172,-0.10632706,0.6796439290046692,0.14729063,2.4807441234588623,0.97615206
4194,2.2575212,0.13826977,-0.062664315,0.8338602185249329,0.11175751,2.4475150108337402,1.2073698
4195,2.2771542,0.13807686,-0.11942474,0.8266163468360901,0.09328179,2.4314522743225098,0.9164026
4196,2.287318,0.23362222,-0.08150566,0.7651762962341309,0.18588068,2.407283067703247,1.2404699
4197,2.3838928,0.217793,-0.09755187,0.7618847489356995,0.20436928,2.1391289234161377,2.3043468
4198,2.2448127,0.18719247,-0.12847248,0.7022808194160461,0.1995501,2.508936643600464,1.2693369
4199,2.1772702,0.24252065,0.002633574,0.8027555346488953,0.12770484,2.438110828399658,0.8985242
4200,2.3213513,0.11144768,-0.123424746,0.8145656585693359,0.10569639,2.3527727127075195,1.2025695
4201,2.3031538,0.22824384,-0.17666969,0.7334747910499573,0.16382773,2.3184518814086914,1.418335
4202,2.2742667,0.21789606,-0.08982203,0.772306501865387,0.115652464,2.370349407196045,1.2292804
4203,2.2645273,0.108544536,-0.046667106,0.7461767196655273,0.16495158,2.3427374362945557,1.3045399
4204,2.1899173,0.17743191,-0.13224556,0.6240373849868774,0.14915463,2.3526341915130615,1.0336813
4205,2.2764196,0.08993718,-0.15869781,0.7799904346466064,0.15595603,2.6488285064697266,0.9735437
4206,2.165873,0.19218369,-0.046241097,0.30705103278160095,0.19708586,2.3044323921203613,1.2011937
4207,2.2385764,0.20905305,-0.09107774,0.6100966930389404,0.19957323,2.263070821762085,1.3440346
4208,2.2660701,0.14747052,-0.15345114,0.8448711037635803,0.11978906,2.1785030364990234,1.369163
4209,2.3688939,0.082783945,-0.1556511,0.7300506234169006,0.16618985,2.2723584175109863,1.4084097
4210,2.2615664,0.20847474,-0.15897918,0.5554838180541992,0.18512504,2.3181724548339844,1.2339804
4211,2.3549154,0.15548809,-0.0866829,0.8059155344963074,0.12535961,2.318795919418335,1.1741055
4212,2.28876,0.11280908,-0.049373634,0.7597920894622803,0.13544202,2.342099666595459,1.3769798
4213,2.4528096,0.09487506,-0.11007151,0.8430098295211792,0.13100523,2.104046583175659,2.4556465
4214,2.1910243,0.18036667,-0.09274946,0.7041606903076172,0.14113605,2.475909948348999,0.9883229
4215,2.2471588,0.21543846,-0.1426302,0.8277031183242798,0.10840454,2.5666627883911133,1.031593
4216,2.2109432,0.10427472,-0.1492285,0.7526578307151794,0.11137755,2.539599657058716,1.0073338
4217,2.30094,0.16183984,-0.19547455,0.7753263115882874,0.15024345,2.445507526397705,1.2055254
4218,2.2654045,0.15555452,-0.08375821,0.7620781660079956,0.14845209,2.3815274238586426,1.1833199
4219,2.3457806,0.22880688,-0.24245471,0.7494348287582397,0.15729573,2.228461980819702,1.5521864
4220,2.3244417,0.12504053,-0.20395267,0.7413676977157593,0.16356255,2.201866865158081,1.0849103
4221,2.323424,0.24992867,-0.07933553,0.8316125273704529,0.115947165,2.0522561073303223,1.5868542
4222,2.2871764,0.04549256,-0.06974784,0.8305321931838989,0.1306007,2.2706334590911865,1.1552212
4223,2.2962666,0.15115362,-0.13775778,0.6876561641693115,0.1940086,2.3054521083831787,1.2312274
4224,2.4367313,0.17644407,-0.13742262,0.6831395626068115,0.19087115,2.0280025005340576,1.9095927
4225,2.2657645,0.21385063,-0.0833472,0.7669748067855835,0.1717919,2.4151699542999268,1.2357526
4226,2.3052244,0.13522783,-0.09139232,0.8014704585075378,0.12108841,2.264794111251831,1.2834641
4227,2.2837992,0.07169104,-0.0028653413,0.6740415692329407,0.16227722,2.4016995429992676,1.1597061
4228,2.2395082,0.18467487,-0.108589135,0.7134829759597778,0.1960791,2.3492023944854736,1.2667673
4229,2.288063,0.08670962,-0.14829984,0.7656906247138977,0.12540907,2.553318738937378,1.1162248
4230,2.26795,0.23660623,-0.19155909,0.6521008610725403,0.21153888,2.443134069442749,1.1471905
4231,2.3370316,0.054458767,-0.04743377,0.7540154457092285,0.14926845,2.192098379135132,1.5092754
4232,2.144687,0.2037788,-0.061884332,0.6007571816444397,0.15764993,2.617136001586914,1.0614232
4233,2.2635627,0.17520866,-0.04480897,0.8446215391159058,0.09994713,2.499953269958496,1.081194
4234,2.199191,0.14561713,-0.037564628,0.814039945602417,0.13161811,2.156240940093994,1.106363
4235,2.2696567,0.16473322,-0.07926946,0.5398287177085876,0.16888025,2.245637893676758,1.2606584
4236,2.3956318,0.11641391,-0.17095904,0.8243740200996399,0.13002096,2.1470909118652344,1.5020052
4237,2.2949624,0.23667179,-0.1403512,0.8097723126411438,0.15584466,2.404772996902466,1.2003844
4238,2.312972,0.19861826,-0.11306225,0.6213752627372742,0.21001868,2.084676742553711,1.5682125
4239,2.3343582,0.11189421,-0.121150516,0.8152636289596558,0.15089461,2.2667250633239746,1.2821538
4240,2.283026,0.083018765,-0.10301959,0.8012712597846985,0.117085755,2.6489357948303223,0.9457106
4241,2.3141088,0.16971256,-0.029200356,0.6627338528633118,0.15790905,2.019602060317993,2.004606
4242,2.236001,0.15096545,-0.15107705,0.11965267360210419,0.20912655,2.1341874599456787,1.1030542
4243,2.1989918,0.14140487,-0.12633403,0.5566396713256836,0.2439375,2.461367607116699,1.3104541
4244,2.2849786,0.18788756,-0.08895927,0.85,0.02567854,1.05,1.2741964
4245,2.2522283,0.18510717,-0.1273761,0.6766342520713806,0.18891807,2.214916229248047,1.422363
4246,2.3210583,0.1420921,-0.08060628,0.6526608467102051,0.19311678,2.084162950515747,1.4156005
4247,2.167709,0.16661274,-0.041242424,0.844176709651947,0.08581308,2.377707004547119,1.0898204
4248,2.3043509,0.17598888,-0.18426883,0.6446612477302551,0.16264483,2.2997705936431885,1.1156847
4249,2.3756323,0.13035198,-0.11216195,0.7272767424583435,0.19703019,2.243248224258423,1.5595685
4250,2.2771254,0.1820199,-0.11018953,0.8379852771759033,0.15376735,2.4802463054656982,1.117813
4251,2.2755818,0.074106745,-0.1944055,0.5890418887138367,0.21042588,2.41035795211792,1.0794678
4252,2.3169706,0.19376956,-0.13739051,0.6988404393196106,0.16310737,2.3145382404327393,1.3534937
4253,2.386479,0.099995695,-0.20874916,0.7140296101570129,0.1669558,2.087522029876709,1.4507635
4254,2.3060179,0.17324218,-0.14949258,0.85,0.094697416,2.2970035076141357,1.1835642
4255,2.368648,0.15292485,-0.11803934,0.7778010964393616,0.17686337,2.363712787628174,1.6649398
4256,2.2860813,0.18863602,-0.1701523,0.8338576555252075,0.08012296,2.536327362060547,0.8014002
4257,2.2923818,0.06135182,-0.12740633,0.7597578167915344,0.12658015,2.475600242614746,0.9622254
4258,2.3254719,0.185367,-0.16763806,0.6172100901603699,0.19534364,2.1869189739227295,1.3367717
4259,2.27051,0.22057976,-0.14007768,0.5520063042640686,0.20634602,2.0985517501831055,1.4260665
4260,2.219119,0.22715974,-0.028750079,0.48592910170555115,0.18183714,2.3347585201263428,1.1663171
4261,2.2755964,0.19126762,-0.033185266,0.7249793410301208,0.1856337,2.116551160812378,1.3376865
4262,2.3075228,0.18359515,-0.16108298,0.6365960836410522,0.20524678,2.364983081817627,1.2465446
4263,2.3128068,0.1303895,-0.08314776,0.5312789082527161,0.22730945,2.053718328475952,1.6698612
4264,2.3228192,0.17830426,-0.10325782,0.5938947200775146,0.20043918,2.1034095287323,1.5407438
4265,2.2974634,0.16245513,-0.14970982,0.8384801149368286,0.15244891,2.1661319732666016,1.426543
4266,2.2981,0.16758572,-0.10894471,0.8117778301239014,0.13437128,2.3036983013153076,1.4239568
4267,2.4365244,0.08554134,-0.158658,0.7137826681137085,0.18999352,2.1934852600097656,1.6303641
4268,2.1869256,0.19028807,-0.012601892,0.6641101837158203,0.16493209,2.3805992603302,1.2957704
4269,2.1944888,0.25740534,-0.060576003,0.5825543999671936,0.17612027,2.3262531757354736,1.7176844
4270,2.2138438,0.1421089,0.015611249,0.7688474059104919,0.19105335,2.393488645553589,1.3041168
4271,2.2891624,0.095281675,-0.11549009,0.8108999729156494,0.1080808,2.4393723011016846,1.1509216
4272,2.204604,0.17480947,-0.07741827,0.85,0.0900605,2.509197235107422,1.0893089
4273,2.2802453,0.18050851,-0.08798167,0.7328377366065979,0.19501644,2.3426930904388428,1.469448
4274,2.2978761,0.19176018,-0.15146646,0.7829539179801941,0.15103081,2.4896724224090576,1.1813374
4275,2.298744,0.1916888,-0.09529251,0.8185079097747803,0.15669827,2.3040781021118164,1.2626445
4276,2.3045592,0.19846554,-0.09296045,0.8083310127258301,0.12081531,2.2736237049102783,1.2905902
4277,2.311053,0.12894984,-0.05532022,0.7786062955856323,0.15998097,2.0964434146881104,1.4008968
4278,2.3326166,0.13266006,-0.11092105,0.7348135113716125,0.16141744,2.2609329223632812,1.2028501
4279,2.3214853,0.19955514,-0.18886378,0.7496712803840637,0.14677727,2.2962288856506348,1.3992667
4280,2.2632408,0.12823644,-0.14589058,0.8299784660339355,0.1429069,2.5086700916290283,1.0456372
4281,2.3691304,0.16559371,-0.21188372,0.798480212688446,0.12502816,2.4134881496429443,1.0475363
4282,2.3248725,0.04256832,-0.0493206,0.7452735900878906,0.18013346,2.3272154331207275,1.2450336
4283,2.2573533,0.2120899,-0.112171024,0.6248244643211365,0.18540072,2.364708662033081,1.2292994
4284,2.2411313,0.15220043,0.0036261657,0.807822585105896,0.114646256,2.3405654430389404,1.3007983
4285,2.2645948,0.191345,-0.08486727,0.7521693110466003,0.15952036,2.2678260803222656,1.3491857
4286,2.4130445,0.09902204,-0.12643148,0.7873068451881409,0.15589207,2.0715250968933105,1.4946402
4287,2.2008548,0.14548029,-0.09677766,0.8136221170425415,0.12482443,2.4877841472625732,0.9913341
4288,2.392131,0.089467004,-0.17218034,0.5476083755493164,0.22474879,2.1117453575134277,1.946267
4289,2.337036,0.06644925,0.035829894,0.6115519404411316,0.122186445,1.960396647453308,1.5150249
4290,2.156542,0.13442877,-0.11600281,0.457485169172287,0.21707211,2.406903028488159,0.99222213
4291,2.2779431,0.10862637,-0.11642275,0.7085701823234558,0.18420157,2.30295467376709,1.2945632
4292,2.396914,0.10686951,-0.2699917,0.6583742499351501,0.1761678,2.3968873023986816,1.1093366
4293,2.2875662,0.17133325,-0.11945046,0.6740471720695496,0.18379444,2.0707249641418457,1.6507978
4294,2.3147273,0.1639836,-0.13029465,0.8423454165458679,0.15208244,2.3816983699798584,1.3804027
4295,2.193396,0.1742909,-0.08160059,0.8018190264701843,0.109906085,2.6384551525115967,0.92835885
4296,2.3099012,0.20890196,-0.12258313,0.8034331798553467,0.18313421,2.2162954807281494,1.4572191
4297,2.4187715,0.20698011,-0.14629687,0.8455690741539001,0.11941475,2.1052358150482178,1.4569632
4298,2.3835156,0.14718516,-0.06681885,0.7392978072166443,0.20767109,2.1025054454803467,2.618462
4299,2.2575836,0.22730939,-0.14852506,0.633135199546814,0.21942593,2.3576784133911133,1.2029383
4300,2.2904835,0.12972254,-0.045679644,0.7418608069419861,0.17146358,2.3165180683135986,1.4377952
4301,2.3391197,0.24838588,-0.12654835,0.6893424391746521,0.21630608,2.0956177711486816,1.837662
4302,2.3293695,0.18460427,-0.1932263,0.49280110001564026,0.19073,2.1691486835479736,1.2471495
4303,2.4180398,0.045101468,-0.19588777,0.7811011672019958,0.13635042,2.1066739559173584,1.5977637
4304,2.331344,0.12061679,-0.11529652,0.7347690463066101,0.13984022,2.2116479873657227,1.1755614
4305,2.443437,0.092746034,-0.09939654,0.7991907000541687,0.1805905,2.1031105518341064,1.7177098
4306,2.2194633,0.27161345,-0.1012503,0.515164852142334,0.17777075,2.2126588821411133,0.9857025
4307,2.1735418,0.20532647,-0.105274916,0.21583707630634308,0.24903473,2.6032426357269287,1.2323554
4308,2.3675792,0.1399132,-0.11387534,0.8239321708679199,0.16045532,2.2795047760009766,1.5280813
4309,2.2416868,0.14418605,-0.03685881,0.7052494287490845,0.15404099,2.367102861404419,1.0841379
4310,2.2545369,0.18957436,-0.115354344,0.8456583023071289,0.12560661,2.300280809402466,1.0919964
4311,2.3374918,0.11498154,-0.1170606,0.6914856433868408,0.15740912,2.112163543701172,1.4524646
4312,2.302607,0.13335004,-0.1042274,0.6605512499809265,0.17713712,2.2701895236968994,1.2258689
4313,2.2350607,0.19034538,-0.099843614,0.7986010313034058,0.11609035,2.3093512058258057,1.2416061
4314,2.2313647,0.20201832,-0.08068154,0.85,0.10053363,2.5193493366241455,1.1051103
4315,2.284628,0.24278681,-0.12677544,0.748548150062561,0.14183673,2.2751874923706055,1.2947346
4316,2.4472134,0.13164672,-0.23942482,0.8351449966430664,0.12636293,2.260629892349243,1.4098662
4317,2.3198662,0.15664667,-0.17243165,0.5539785027503967,0.24456266,2.1669154167175293,1.6253291
4318,2.3952498,0.17064257,-0.08418784,0.7183102369308472,0.192194,2.0567009449005127,1.8376169
4319,2.331139,0.20337597,-0.114185765,0.7331268787384033,0.16890024,2.119940757751465,1.517834
4320,2.2324724,0.23039149,-0.055507503,0.8259348273277283,0.101960376,2.334951162338257,1.038948
4321,2.3294125,0.17749152,-0.19120866,0.8088798522949219,0.15243328,2.3544154167175293,1.2921933
4322,2.3129816,0.09313173,-0.047937833,0.7262876033782959,0.15691726,2.119992256164551,1.5022532
4323,2.2255406,0.16246033,-0.08910599,0.8128833174705505,0.12492792,2.635349750518799,1.05858
4324,2.2051613,0.18722646,-0.08753896,0.8230519890785217,0.11672361,2.5950565338134766,1.0113622
4325,2.2069125,0.21642148,-0.08895582,0.5496155023574829,0.19714682,2.3025598526000977,1.0279075
4326,2.2325985,0.21078892,-0.043062534,0.5823115110397339,0.16838816,2.246946096420288,1.1642752
4327,2.2459733,0.122411564,-0.104617745,0.6676832437515259,0.21542314,2.330015182495117,1.3391838
4328,2.1730955,0.17013977,-0.029478258,0.49292489886283875,0.20907505,2.2366504669189453,1.2534399
4329,2.2330592,0.1573926,-0.033142142,0.7520128488540649,0.14642285,2.2538201808929443,1.152672
4330,2.2355695,0.09358585,-0.08466158,0.5842410326004028,0.18014334,2.361736536026001,1.0991182
4331,2.3043091,0.13828288,-0.1716388,0.7913883328437805,0.10286556,2.2970762252807617,1.262827
4332,2.3099806,0.14141595,-0.12270861,0.6950753331184387,0.17750742,2.241236925125122,1.3971447
4333,2.338633,0.18651828,-0.1966583,0.6068723201751709,0.18421876,2.0726158618927,1.3265013
4334,2.197199,0.20683931,-0.095529184,0.587192714214325,0.17478167,2.3531601428985596,1.1084386
4335,2.3203108,0.124846116,-0.14395787,0.7603817582130432,0.15860842,2.394141912460327,1.2076011
4336,2.2917526,0.10823546,-0.093524024,0.678432822227478,0.16709562,2.330960750579834,1.1726837
4337,2.37616,0.17760395,-0.18460791,0.6965329051017761,0.17088005,2.104936122894287,2.159717
4338,2.3394847,0.15914537,-0.03933965,0.7147483825683594,0.17015912,2.0548932552337646,2.0034328
4339,2.3269837,0.14876842,-0.04256467,0.7614070177078247,0.1612876,2.0850486755371094,1.8553606
4340,2.2888522,0.18703237,-0.055249203,0.8146790266036987,0.121827565,2.048455238342285,1.3914297
4341,2.3475382,0.21383916,-0.16575892,0.8345699310302734,0.13584718,2.064262628555298,1.5931057
4342,2.2991273,0.14006571,-0.048144627,0.8497442007064819,0.08432939,2.3045098781585693,1.2757202
4343,2.3561864,0.09362354,-0.16471076,0.6438696384429932,0.21790911,2.2663967609405518,1.6598762
4344,2.2783668,0.13669717,-0.13462546,0.5679476261138916,0.20416866,2.364408493041992,1.0758365
4345,2.2366788,0.16735592,-0.08499855,0.7314386367797852,0.19016063,2.5965733528137207,1.2732877
4346,2.2440512,0.13313882,-0.08692247,0.750411331653595,0.1457329,2.281648874282837,1.1416247
4347,2.2176418,0.13685209,-0.07300573,0.7252402305603027,0.15538086,2.3919949531555176,1.1516473
4348,2.3373203,0.18507424,-0.06963548,0.6140002012252808,0.20573081,2.069819927215576,2.3699455
4349,2.2690432,0.1337842,-0.0073684463,0.7002020478248596,0.17114502,2.3140838146209717,1.2378159
4350,2.3300169,0.20180626,-0.10690641,0.7859060764312744,0.14559713,2.122377872467041,2.0268607
4351,2.280916,0.1910292,-0.16220503,0.6975168585777283,0.18484993,2.4191582202911377,1.3492649
4352,2.223587,0.23536995,-0.14260751,0.6927593946456909,0.19331095,2.3624250888824463,1.3023623
4353,2.1943638,0.20191091,-0.020857617,0.841698408126831,0.081116445,2.350031852722168,0.9392195
4354,2.2707183,0.18845579,-0.064381294,0.7184406518936157,0.15917096,2.1683924198150635,1.2365237
4355,2.2445242,0.19431442,-0.122734934,0.7977924346923828,0.16509612,2.2442731857299805,1.4445391
4356,2.2512412,0.22150983,-0.18718567,0.5991195440292358,0.18789266,2.278998374938965,1.229108
4357,2.366699,0.09494316,-0.07820754,0.85,0.056540746,2.3297195434570312,0.9267928
4358,2.1917167,0.19610128,-0.064798996,0.7036788463592529,0.20085202,2.3343865871429443,1.2755859
4359,2.2632325,0.17306346,-0.16054514,0.7542507648468018,0.14768445,2.4497342109680176,1.0852213
4360,2.358192,0.12845598,-0.13465652,0.8005480170249939,0.11951086,2.1175942420959473,1.3451282
4361,2.227863,0.22918902,-0.05991217,0.766599714756012,0.1477401,2.5868117809295654,1.0952199
4362,2.3113527,0.11822473,-0.12821035,0.8216882348060608,0.116628885,2.555368185043335,1.0878035
4363,2.367076,0.1660015,-0.054314308,0.7862027883529663,0.15514426,1.4046111106872559,1.5837443
4364,2.3055403,0.077821314,-0.07720616,0.7656269669532776,0.170922,2.2281012535095215,1.4490587
4365,2.3920152,0.17519769,-0.03583962,0.42993348836898804,0.1899463,2.05549955368042,1.75671
4366,2.2948654,0.13519332,-0.044999313,0.815375566482544,0.13113976,2.291200637817383,1.2579945
4367,2.1992357,0.20836952,-0.09296064,0.5971213579177856,0.21010388,2.303298234939575,1.3837035
4368,2.3251436,0.14423108,-0.14612393,0.693415641784668,0.19760653,2.384935140609741,1.2680066
4369,2.3364244,0.11650091,-0.20264176,0.7043620347976685,0.18847089,2.300327777862549,1.3833743
4370,2.2964516,0.1936721,-0.03381432,0.5967661142349243,0.19993581,2.1121673583984375,1.697208
4371,2.4637814,0.1751419,-0.20771953,0.5966238379478455,0.24232769,2.03361439704895,2.4400942
4372,2.3342102,0.11841679,-0.12880628,0.8026119470596313,0.10489579,2.4594719409942627,1.0889395
4373,2.3079872,0.113952115,-0.09091163,0.7565286159515381,0.12774701,2.289193868637085,1.2198658
4374,2.3243446,0.14285068,-0.1302844,0.6993468403816223,0.16910985,2.0533089637756348,1.5269175
4375,2.294781,0.12867701,-0.02807063,0.5919959545135498,0.09575697,2.0770132541656494,1.2374711
4376,2.2569642,0.21709536,-0.11751318,0.6831767559051514,0.18475904,2.1369266510009766,1.4075109
4377,2.185908,0.28285724,-0.07461332,0.47085171937942505,0.25488544,2.3031938076019287,1.5351175
4378,2.2824562,0.14640322,-0.11733311,0.8311255574226379,0.12545232,2.493109703063965,1.2166301
4379,2.268657,0.18017039,-0.103926286,0.7388256788253784,0.17146419,2.2579994201660156,1.2885656
4380,2.242925,0.13419667,-0.1378693,0.7248947024345398,0.1396994,2.469365358352661,0.9954485
4381,2.2277067,0.18638171,-0.060421105,0.5576805472373962,0.24243845,2.346886396408081,1.3628637
4382,2.3589752,0.18772246,-0.20312192,0.7298538684844971,0.21131004,2.078075647354126,1.5353655
4383,2.255251,0.098217025,-0.10901204,0.8402864933013916,0.103880085,2.6600475311279297,0.9314753
4384,2.2321784,0.035266448,-0.020825155,0.5107210278511047,0.23321515,2.309260129928589,1.445453
4385,2.2240033,0.16629836,-0.03226566,0.6314942836761475,0.19630896,2.314889907836914,1.224751
4386,2.2298877,0.25566053,-0.09923896,0.7582961320877075,0.16511808,2.2937965393066406,1.348966
4387,2.3663454,0.19543855,-0.15775155,0.7959878444671631,0.13215299,2.2575721740722656,1.3280685
4388,2.2690892,0.13990909,-0.13033898,0.4460699260234833,0.27098754,2.170231342315674,2.5543544
4389,2.3429794,0.16356462,-0.17439659,0.5006305575370789,0.23336762,2.2659592628479004,1.6481473
4390,2.2975535,0.20227659,-0.07771599,0.8228408098220825,0.11746924,2.1170654296875,1.2598432
4391,2.2896342,0.13487026,-0.12836532,0.6522634625434875,0.122686476,2.425083637237549,0.90247345
4392,2.275397,0.14646608,-0.18985829,0.7445427775382996,0.12853321,2.3325536251068115,1.1648077
4393,2.299797,0.13987206,-0.008273911,0.7175907492637634,0.15466136,2.1232712268829346,1.5275794
4394,2.273128,0.20860995,-0.11256418,0.7984229922294617,0.16811685,2.3533201217651367,1.3064828
4395,2.3869276,0.21302769,-0.11554079,0.7143694758415222,0.21961856,2.139521837234497,1.584799
4396,2.3559544,0.18074237,-0.13464299,0.6621236205101013,0.20186986,2.0547306537628174,1.7299799
4397,2.2510982,0.23042904,-0.13666274,0.5711595416069031,0.18412189,2.1632442474365234,1.2528967
4398,2.3461475,0.12448652,-0.2022329,0.85,0.053064317,2.275270938873291,1.0807369
4399,2.3024645,0.18164322,-0.15236342,0.48776209354400635,0.24273776,2.046138048171997,1.8467103
4400,2.40443,0.15045336,-0.12554783,0.8423522114753723,0.13241413,2.119328260421753,1.933018
4401,2.333371,0.19016004,-0.21749547,0.7838355302810669,0.17932254,2.507844924926758,1.0873448
4402,2.3868914,0.15949306,-0.16722827,0.5674813389778137,0.2187488,2.1006886959075928,1.5240729
4403,2.248361,0.21832214,-0.14030904,0.7896245718002319,0.14539093,2.4575674533843994,1.2138332
4404,2.277686,0.13573803,-0.15766941,0.782615065574646,0.12162605,2.2786431312561035,1.0371823
4405,2.273069,0.17607358,-0.05087608,0.7880622148513794,0.17214717,2.400660753250122,1.2778066
4406,2.26615,0.25541252,-0.13569741,0.7294471859931946,0.18400857,2.262152910232544,1.6922944
4407,2.2567616,0.15051939,-0.06314027,0.5221438407897949,0.18904386,2.2255146503448486,1.217204
4408,2.3476653,0.10097126,-0.09263893,0.6633421182632446,0.22096033,2.096405267715454,1.6028687
4409,2.317279,0.18813771,-0.10745258,0.8000240921974182,0.15086661,2.127000093460083,1.5261788
4410,2.3556361,0.06584908,-0.07745015,0.6904692053794861,0.1796233,2.1083860397338867,1.943178
4411,2.263938,0.1041694,-0.107445054,0.7779985070228577,0.14735599,2.5210213661193848,1.0894747
4412,2.242269,0.15640344,-0.081559315,0.6333239078521729,0.19076075,2.2135119438171387,1.3112468
4413,2.2311687,0.21389797,-0.07107645,0.5467724800109863,0.2051239,2.372302770614624,1.1354207
4414,2.2848713,0.22514284,-0.077791944,0.8091230392456055,0.1350432,2.3132901191711426,1.4306349
4415,2.3459692,0.19685256,-0.16585185,0.7361239194869995,0.15866162,2.2414188385009766,1.4695255
4416,2.1881921,0.14366966,-0.0036675727,0.37482932209968567,0.26152945,2.4764299392700195,1.1791246
4417,2.3803284,0.14363688,-0.1281565,0.7955213785171509,0.12293554,2.049232244491577,1.5734289
4418,2.309081,0.122353666,-0.17192107,0.7515099048614502,0.17566274,2.509218692779541,1.1731097
4419,2.2126021,0.20335685,-0.020345371,0.5314444303512573,0.16137289,2.292996406555176,1.1625369
4420,2.4018924,0.2112929,-0.1469995,0.6723299622535706,0.244794,2.037815809249878,1.4840688
4421,2.298657,0.15581116,-0.09203042,0.7850878238677979,0.17031664,2.201307535171509,1.2280471
4422,2.2564445,0.2020198,-0.05484245,0.7985504269599915,0.1281119,2.1231701374053955,1.4368477
4423,2.282955,0.16345787,-0.116387926,0.7619345188140869,0.16380087,2.281322479248047,1.3083332
4424,2.2984886,0.14026971,-0.17880322,0.7583837509155273,0.16024736,2.4838650226593018,1.1412028
4425,2.2489452,0.16826767,-0.10797765,0.721411406993866,0.15041749,2.4329769611358643,1.0345912
4426,2.249984,0.1035033,0.006479875,0.8311200141906738,0.119025916,2.292156457901001,1.4180746
4427,2.267603,0.2476008,-0.15678537,0.8048635125160217,0.11386312,2.320483922958374,1.1098924
4428,2.2517145,0.25443915,-0.078806855,0.5664594173431396,0.1991453,2.217935085296631,2.2680483
4429,2.3617032,0.15527147,-0.14658,0.6077826023101807,0.20848396,2.3064839839935303,1.1787267
4430,2.1331952,0.17388497,-0.022380646,0.4657933712005615,0.2127344,2.3779361248016357,0.9641248
4431,2.2641816,0.18601596,-0.055597898,0.7844311594963074,0.13311571,2.2506165504455566,1.319966
4432,2.2391086,0.23209758,0.048642978,0.7504754066467285,0.123063385,2.260256052017212,1.1907377
4433,2.262811,0.20244692,-0.18122093,0.6532135009765625,0.16868211,2.3209123611450195,1.2503301
4434,2.3260458,0.12693612,-0.1311537,0.5831911563873291,0.20569687,2.402465343475342,1.3123648
4435,2.3306484,0.19369318,-0.22643869,0.7888593077659607,0.12788463,2.249124050140381,1.1854
4436,2.2406356,0.18296956,-0.02811645,0.7839432954788208,0.14542809,2.1167097091674805,1.3677627
4437,2.263006,0.17234333,-0.044690646,0.5865404009819031,0.21261023,2.0720722675323486,1.7475803
4438,2.3650649,0.08249888,-0.1259647,0.6552851796150208,0.21929337,2.0786917209625244,1.6926968
4439,2.3260407,0.10278535,-0.12431119,0.7233440279960632,0.1363628,2.2347283363342285,1.0624822
4440,2.2424371,0.21327426,-0.10324314,0.4755205512046814,0.20355532,2.3623173236846924,1.1094022
4441,2.3131714,0.21883728,-0.14830853,0.627676248550415,0.17164856,2.0653738975524902,1.4737973
4442,2.2379773,0.1544855,-0.1523157,0.740302324295044,0.15629372,2.1602563858032227,1.321332
4443,2.3798234,0.11685077,-0.08384116,0.8175318241119385,0.15706296,2.2754247188568115,1.5886043
4444,2.2488296,0.20629409,-0.08369561,0.4463081657886505,0.21578613,2.3000447750091553,1.3025457
4445,2.2964392,0.0684974,-0.05879255,0.838114857673645,0.10057776,2.2168073654174805,1.0786499
4446,2.200884,0.17214121,-0.0058662156,0.6935931444168091,0.18737863,2.1728572845458984,1.5977368
4447,2.300223,0.1853304,-0.20441853,0.7741819024085999,0.13000527,2.160572052001953,1.299165
4448,2.2764933,0.24271703,-0.06825381,0.7655811309814453,0.19973017,2.2313766479492188,1.6273293
4449,2.2715437,0.24375199,-0.15941823,0.85,0.07848614,2.4821128845214844,1.2255911
4450,2.280519,0.10057334,-0.08337264,0.7783890962600708,0.14503735,2.3564696311950684,1.171696
4451,2.301413,0.17093588,-0.05022673,0.7907149791717529,0.16303879,2.110034227371216,1.4972723
4452,2.2958202,0.1414741,-0.114032395,0.8458034992218018,0.08005706,2.378007411956787,1.2598115
4453,2.1796494,0.10461441,-0.13240716,0.6051989197731018,0.1316752,2.5270497798919678,0.74317086
4454,2.2661624,0.19890338,-0.110730626,0.5464072823524475,0.19529788,2.3437283039093018,1.6349807
4455,2.2986386,0.19440715,-0.068826154,0.8271097540855408,0.12924024,2.1158993244171143,1.4564968
4456,2.209416,0.19946711,-0.049549762,0.8406978249549866,0.08632591,2.5179226398468018,1.0979192
4457,2.2190695,0.13472606,-0.094042,0.7945590615272522,0.118959695,2.4574825763702393,0.95065033
4458,2.281741,0.17720799,-0.10716986,0.7997803688049316,0.13759181,2.417821168899536,1.1541088
4459,2.255972,0.21428934,-0.055502057,0.8263117074966431,0.15746278,2.3416426181793213,1.6729559
4460,2.2304704,0.20353827,-0.1760874,0.5404840707778931,0.20752816,2.326305866241455,1.1720252
4461,2.2774248,0.17855471,-0.12393583,0.7045848965644836,0.1751603,2.4418752193450928,1.1420636
4462,2.24902,0.23269151,-0.016465142,0.7881902456283569,0.17364924,2.2393715381622314,1.473996
4463,2.3690176,0.11660483,-0.109066635,0.510856568813324,0.23389195,2.099647283554077,1.7831124
4464,2.2055352,0.114495896,-0.092202425,0.7551472783088684,0.14982022,2.748231887817383,0.77307093
4465,2.2349777,0.2060187,-0.065267265,0.42617374658584595,0.28841352,2.198087692260742,1.9479706
4466,2.2702403,0.20641801,0.011158617,0.703100860118866,0.1629316,2.108907461166382,1.4315197
4467,2.2534063,0.19170427,-0.08116316,0.7629512548446655,0.15473527,2.5447487831115723,1.1215018
4468,2.2339547,0.16044782,-0.08005282,0.6109328269958496,0.22041388,2.4914278984069824,1.3749554
4469,2.3726294,0.12233138,-0.16904435,0.6442205309867859,0.13090396,2.2391958236694336,1.0649455
4470,2.3806741,0.10469252,-0.17705822,0.793737530708313,0.19541098,2.2391602993011475,1.462664
4471,2.2848241,0.24304953,-0.18675248,0.6583479642868042,0.18813537,2.298583745956421,1.3255175
4472,2.3393135,0.17341316,-0.051015064,0.6514763236045837,0.20885208,1.9770170450210571,2.2605133
4473,2.3945496,0.16790977,-0.1719734,0.78560870885849,0.16398412,2.234163522720337,1.4666673
4474,2.2878997,0.13455248,-0.07503866,0.7630263566970825,0.13608365,2.363535165786743,1.0309007
4475,2.3176565,0.16545606,-0.14480616,0.8452391624450684,0.14923789,2.413644313812256,1.4386891
4476,2.3980386,0.22615904,-0.17112173,0.7548061013221741,0.20061892,2.232586622238159,1.803934
4477,2.310784,0.18302628,-0.025471255,0.7358194589614868,0.1764349,2.3229806423187256,1.3936791
4478,2.289493,0.2461325,-0.13888915,0.7870775461196899,0.14764854,2.2842769622802734,1.3787843
4479,2.2025545,0.08869386,0.035622276,0.7867857813835144,0.13203323,2.3667876720428467,1.1664835
4480,2.256031,0.17892875,-0.06823793,0.8032113313674927,0.13033798,2.2943358421325684,1.1350548
4481,2.304949,0.11376973,-0.12668088,0.5835714936256409,0.18230976,2.313497543334961,1.1523577
4482,2.165617,0.22056206,-0.08587327,0.7563250660896301,0.15558031,2.5771422386169434,1.1141273
4483,2.323898,0.1347685,-0.15340096,0.539084255695343,0.13661578,2.2185206413269043,1.1575295
4484,2.2924025,0.122983485,-0.1302906,0.7273622751235962,0.14411539,2.2953407764434814,1.1029314
4485,2.3481045,0.17436472,-0.18772848,0.8016701340675354,0.1656042,2.4088196754455566,1.228471
4486,2.2006083,0.24017105,-0.04930771,0.7356184720993042,0.17249149,2.342510938644409,1.45783
4487,2.2823288,0.12686488,-0.070723906,0.683380126953125,0.14883442,2.279094934463501,1.2224295
4488,2.3726444,0.07593041,-0.087194376,0.8421695232391357,0.10271564,2.209085464477539,1.3767716
4489,2.2306352,0.12620418,-0.05734047,0.7483658790588379,0.16615246,2.354459762573242,1.1657125
4490,2.3102252,0.13154408,-0.10054503,0.8288663625717163,0.09538671,2.176224946975708,1.3504753
4491,2.2768295,0.1577838,-0.19201538,0.735167384147644,0.20030846,2.2242190837860107,1.2559178
4492,2.2818573,0.22060934,-0.138474,0.7348070740699768,0.16420494,2.0764360427856445,1.3210729
4493,2.3014152,0.10681957,-0.0863376,0.7227265238761902,0.15050025,2.279827117919922,1.2062571
4494,2.2782335,0.12414873,-0.13828823,0.8218550086021423,0.13674891,2.105933666229248,1.3597037
4495,2.307099,0.09838141,-0.081908345,0.7427716851234436,0.16219386,2.4002416133880615,1.1276017
4496,2.3104,0.078553714,-0.11198078,0.8215031623840332,0.08831133,2.3243215084075928,1.0468407
4497,2.2588832,0.23590991,-0.09791478,0.6127660274505615,0.18781208,2.1006147861480713,1.4312066
4498,2.291109,0.18881606,-0.09180459,0.8097805380821228,0.15958953,2.154360771179199,1.6555213
4499,2.2658908,0.24417822,-0.12181547,0.6589269638061523,0.18881397,2.12060809135437,1.5224168
4500,2.2344525,0.11589103,0.004170443,0.8065178990364075,0.1533445,2.318021297454834,1.2426934
4501,2.2440503,0.12755741,-0.11310694,0.6588786840438843,0.1555961,2.3347771167755127,1.0483633
4502,2.2312367,0.14364314,-0.03920976,0.7496286630630493,0.16604042,2.351262331008911,1.344685
4503,2.2827737,0.21329302,-0.077290416,0.8261659145355225,0.1396215,2.3009166717529297,1.5438423
4504,2.2098856,0.11210345,-0.019318461,0.6000639796257019,0.22190389,2.2968180179595947,1.5889132
4505,2.335097,0.23371059,-0.1160723,0.6993207335472107,0.18573236,2.065761089324951,1.9077868
4506,2.3550813,0.20366555,-0.09535196,0.8285011649131775,0.17174144,2.1158511638641357,1.8453256
4507,2.2426534,0.23503506,-0.11961655,0.7931872010231018,0.12696503,2.4344050884246826,1.1061608
4508,2.2675674,0.27560097,-0.06800064,0.6395719051361084,0.19083111,2.2477803230285645,1.5251725
4509,2.2863643,0.16489506,-0.12063786,0.7518444061279297,0.15537414,2.3496899604797363,1.2301221
4510,2.263412,0.16902111,-0.07563431,0.8426940441131592,0.07741801,2.498650312423706,1.4257635
4511,2.2208495,0.13458782,0.00014521624,0.7882868051528931,0.16699159,2.3197078704833984,1.259043
4512,2.3310552,0.1369007,-0.15576428,0.7681768536567688,0.13312234,2.450056314468384,1.0866337
4513,2.3050802,0.18337202,-0.13440888,0.6806851625442505,0.18603094,2.1409354209899902,1.5136385
4514,2.2390501,0.22401394,-0.092957996,0.7240422964096069,0.16740236,2.2514867782592773,1.2830632
4515,2.2072725,0.17541277,-0.07804422,0.515325665473938,0.16634324,2.10235857963562,1.0655067
4516,2.2443917,0.17050686,-0.11048087,0.4416826069355011,0.20827365,2.439169406890869,1.083187
4517,2.2760649,0.14922337,-0.17204697,0.5844656229019165,0.21579447,2.3785741329193115,1.1115872
4518,2.2749996,0.16266498,-0.017277278,0.80469810962677,0.1444836,2.1304550170898438,1.717902
4519,2.1876426,0.2110526,-0.0063128346,0.7747538089752197,0.17566223,2.4472925662994385,1.3783971
4520,2.2848098,0.19160767,-0.11577269,0.7924677729606628,0.14652835,2.23359751701355,1.4672593
4521,2.2488072,0.09628408,-0.15892911,0.43565142154693604,0.16554734,2.5481936931610107,0.9143646
4522,2.2428012,0.17186312,-0.1348309,0.7471299171447754,0.15280685,2.383626937866211,1.1977285
4523,2.2920482,0.15343249,-0.15330455,0.8177143931388855,0.16138461,2.1805505752563477,1.5829041
4524,2.3786633,0.19221115,-0.16621704,0.8175517320632935,0.14371487,2.063007354736328,1.9264035
4525,2.2908323,0.22620425,-0.10581736,0.6526838541030884,0.17399895,2.094745635986328,1.4179087
4526,2.3438244,0.121433236,-0.19064867,0.8358577489852905,0.12899165,2.3976926803588867,1.0935818
4527,2.2101943,0.21889398,-0.026902651,0.8449244499206543,0.095664464,2.3779942989349365,1.3254819
4528,2.3875356,0.14843574,-0.18823619,0.7330229878425598,0.17011969,2.342369318008423,1.4458414
4529,2.2900848,0.19141734,-0.112850666,0.5916566252708435,0.19175659,2.312920093536377,1.3799207
4530,2.2380803,0.1241256,-0.034411702,0.7444984912872314,0.12864801,2.2511894702911377,1.1992639
4531,2.2101748,0.17340279,-0.18500337,0.6875817179679871,0.16522594,2.3901047706604004,0.89472
4532,2.339842,0.1284954,-0.09825842,0.8045958876609802,0.15406808,2.2477567195892334,1.7643498
4533,2.335786,0.23793812,-0.121076204,0.5205541849136353,0.20816903,2.215113639831543,1.4320232
4534,2.3610928,0.20581473,-0.16233027,0.7071473002433777,0.17304385,1.9808449745178223,1.3026786
4535,2.3393397,0.16442905,-0.12782045,0.6897764801979065,0.2016096,2.1733105182647705,2.0636377
4536,2.316527,0.24214514,-0.12451447,0.5618680715560913,0.19926901,2.1745007038116455,1.4842185
4537,2.26161,0.20274495,-0.13236195,0.7728791832923889,0.18142788,2.4678382873535156,1.1505201
4538,2.206274,0.17883201,-0.09092097,0.7551896572113037,0.117602594,2.5193769931793213,0.9184187
4539,2.2494047,0.13948876,-0.095215715,0.5109425783157349,0.179824,2.3315200805664062,1.0674858
4540,2.2706463,0.07740707,-0.019816443,0.81031733751297,0.08341918,2.4761769771575928,0.84850335
4541,2.270557,0.12616734,-0.06194121,0.7786002159118652,0.16692619,2.485847234725952,1.1663344
4542,2.2833028,0.14758994,-0.088814124,0.7254012823104858,0.15032443,2.276249885559082,1.1816363
4543,2.2876592,0.17937328,-0.22122993,0.6180720329284668,0.17738014,2.1959056854248047,1.2448142
4544,2.331791,0.23255698,-0.14260405,0.7008828520774841,0.18244375,2.243332624435425,1.3536257
4545,2.2734084,0.23529138,-0.062269084,0.7167586088180542,0.14198965,2.3405919075012207,1.2408894
4546,2.326486,0.18864527,-0.120084204,0.6294447183609009,0.2009935,2.0986883640289307,1.6894159
4547,2.3270564,0.10959739,-0.06921895,0.8208706974983215,0.16141713,2.2840874195098877,1.6298923
4548,2.2653985,0.17044376,-0.09137099,0.6918899416923523,0.1913681,2.273164749145508,1.4690111
4549,2.336873,0.14612387,-0.1755888,0.43382495641708374,0.12238809,2.2431554794311523,1.2509426
4550,2.2854652,0.16325207,-0.15101495,0.8251275420188904,0.10855038,2.3511204719543457,1.1948879
4551,2.258768,0.1482657,-0.07116398,0.7337216734886169,0.14030471,2.3990142345428467,1.3034564
4552,2.2764804,0.08255977,-0.12225406,0.7834553122520447,0.14520729,2.365405559539795,1.1601043
4553,2.4843726,0.18608557,-0.18533492,0.7537322640419006,0.16841081,2.0860936641693115,1.5607884
4554,2.2172117,0.12392243,0.001991013,0.713794469833374,0.17425552,2.343642473220825,1.1522437
4555,2.2914095,0.17766272,-0.09687603,0.5650048851966858,0.19908495,2.2933273315429688,1.2711039
4556,2.1884067,0.21862479,-0.087614976,0.7375367879867554,0.1947604,2.3885226249694824,1.3316863
4557,2.3109503,0.18293317,-0.06789513,0.7787672877311707,0.19987679,2.0758936405181885,1.7879632
4558,2.3357654,0.16902047,-0.10627392,0.8363163471221924,0.096468695,2.1507205963134766,1.3658438
4559,2.3185966,0.14477853,-0.0786631,0.8032264709472656,0.10140008,2.1023366451263428,1.3458506
4560,2.269432,0.15101959,-0.04750067,0.6963813304901123,0.19841017,2.362389087677002,1.5856599
4561,2.2350569,0.15976591,-0.14675762,0.7596036195755005,0.14004396,2.4952454566955566,1.1166358
4562,2.34297,0.24423859,-0.17463809,0.7949336171150208,0.16321993,2.082249879837036,1.7173905
4563,2.2473676,0.23301446,-0.04388321,0.7978905439376831,0.16173467,2.121340751647949,1.2273225
4564,2.3156412,0.23883903,-0.17244391,0.7808805108070374,0.19019322,2.193514823913574,1.8150313
4565,2.2053857,0.27264455,-0.036807925,0.8171209096908569,0.13183452,2.3841631412506104,1.1319352
4566,2.2779384,0.20750369,-0.088104956,0.6221850514411926,0.18557069,2.0923309326171875,1.5189947
4567,2.2690547,0.11629312,-0.11811385,0.8031226992607117,0.12613714,2.2886722087860107,1.0823079
4568,2.2560763,0.07744667,-0.112422734,0.4399147927761078,0.21517953,2.491508960723877,1.1006378
4569,2.2716644,0.19743414,-0.07677199,0.6852390170097351,0.16251175,2.2610104084014893,1.3193816
4570,2.219993,0.16692449,-0.08236684,0.7896702885627747,0.1301141,2.384004592895508,1.1639216
4571,2.2846773,0.24368513,-0.22209924,0.6106764078140259,0.17774932,2.4242758750915527,1.0789684
4572,2.3521636,0.14146136,-0.15358822,0.7217843532562256,0.15128571,2.1172780990600586,1.6091661
4573,2.3640137,0.11174313,-0.118737996,0.6539209485054016,0.21166107,2.239461660385132,1.497108
4574,2.398119,0.17744868,-0.17231311,0.8250337243080139,0.1417889,2.1482226848602295,1.56209
4575,2.159933,0.16724397,-0.12109285,0.7473690509796143,0.14553633,2.658384084701538,0.9496809
4576,2.394128,0.17772764,-0.1603204,0.8478784561157227,0.111591764,2.35387921333313,1.4070705
4577,2.445954,0.15496418,-0.06281105,0.7106660008430481,0.25004348,2.0350542068481445,2.0628314
4578,2.3581395,0.10912421,-0.11368896,0.8470730185508728,0.1392857,2.2471189498901367,1.3172674
4579,2.2168925,0.17366454,-0.08956739,0.6486483216285706,0.17912324,2.437089443206787,1.0820922
4580,2.2774935,0.20791876,-0.12012421,0.5200203657150269,0.18291107,2.3170931339263916,1.4200841
4581,2.3355923,0.1550008,-0.14738812,0.8391191363334656,0.094350286,2.363274574279785,1.1626705
4582,2.4011598,0.07818666,-0.19026501,0.8129244446754456,0.15513065,2.0407633781433105,1.5679309
4583,2.2776253,0.13501802,-0.06595452,0.6886739730834961,0.17419434,2.254617214202881,1.2409225
4584,2.2242298,0.24343014,-0.15573354,0.8124669194221497,0.13097988,2.493119239807129,0.99506
4585,2.153064,0.17911825,-0.07756474,0.8458397388458252,0.039893772,2.436830997467041,0.91589814
4586,2.271227,0.19569224,-0.0773977,0.4411934018135071,0.24509776,2.1135761737823486,1.2869952
4587,2.3045626,0.17881373,-0.06205434,0.7775062322616577,0.1580846,2.138159990310669,1.4847444
4588,2.31684,0.18585657,-0.17455056,0.7968266010284424,0.14259714,2.1251494884490967,1.4677542
4589,2.1750505,0.12347814,-0.100751474,0.8133102059364319,0.10516585,2.419490337371826,0.94075596
4590,2.2559342,0.13839197,-0.15340172,0.7617810964584351,0.166685,2.399813652038574,1.1648041
4591,2.3734107,0.20061833,-0.163843,0.7971150875091553,0.13212717,2.0996203422546387,1.4852625
4592,2.350867,0.09670209,-0.13472964,0.8386892676353455,0.14007473,2.4244887828826904,1.4310471
4593,2.201927,0.17397438,-0.05586699,0.7855371236801147,0.1573308,2.3875865936279297,1.0547329
4594,2.2534451,0.1612393,-0.19662303,0.8403613567352295,0.09110537,2.5782079696655273,0.86668366
4595,2.2921255,0.102804154,-0.115458585,0.7872990965843201,0.13425404,2.4359726905822754,1.026239
4596,2.3316996,0.20938434,-0.19566587,0.8460824489593506,0.08707976,2.5222983360290527,1.2138511
4597,2.3184278,0.1743066,-0.15858659,0.8302034735679626,0.102328815,2.342215061187744,1.4969476
4598,2.350572,0.118655935,-0.07742129,0.6408823728561401,0.20461269,2.3178961277008057,1.5294863
4599,2.28981,0.112586275,-0.08058516,0.7307438254356384,0.16624893,2.3947484493255615,1.4039232
4600,2.404249,0.1344064,-0.15882953,0.7854428887367249,0.16636243,2.180293560028076,1.5239024
4601,2.3294432,0.23313776,-0.23048845,0.7830507159233093,0.17472517,2.4505491256713867,1.3260062
4602,2.2749624,0.19081727,-0.10023311,0.7166740298271179,0.180189,2.1077630519866943,1.6491678
4603,2.22645,0.2425906,-0.04828591,0.85,0.10845837,2.410527229309082,1.2155287
4604,2.2431498,0.15610819,-0.086621225,0.85,0.06646485,2.3931567668914795,1.1645356
4605,2.2718778,0.067571096,-0.07588061,0.7551724910736084,0.13164365,2.509364128112793,1.0404199
4606,2.3030663,0.18722412,-0.1383428,0.7504684925079346,0.18345043,2.2244069576263428,1.3918842
4607,2.3447611,0.25374064,-0.0784043,0.7922248244285583,0.16463451,2.026216745376587,2.0943048
4608,2.3293133,0.12916736,-0.17465495,0.8343628644943237,0.109274715,2.309295892715454,1.3677598
4609,2.3563583,0.18343662,-0.13037145,0.7640171051025391,0.11940646,2.072855234146118,1.5145193
4610,2.275222,0.17552789,-0.013261873,0.8405511975288391,0.12990618,2.1559817790985107,1.4595578
4611,2.368713,0.20599408,-0.15580425,0.6858624219894409,0.181218,2.2514750957489014,1.4346226
4612,2.2501218,0.1995194,-0.142556,0.8004899024963379,0.12880771,2.3272573947906494,1.2519829
4613,2.282722,0.16695322,-0.13528885,0.7732952237129211,0.17348488,2.471062421798706,1.1268003
4614,2.2047777,0.14166284,-0.053411957,0.6366439461708069,0.17299244,2.393336534500122,1.036839
4615,2.2922626,0.057758167,-0.14617851,0.4415276050567627,0.20355165,2.4305644035339355,1.0825436
4616,2.3315902,0.15465431,-0.17762259,0.7342435717582703,0.16463186,2.322131872177124,1.388111
4617,2.201442,0.11486453,-0.14932336,0.8314141631126404,0.09558764,2.500814914703369,0.9519415
4618,2.3347151,0.14317428,-0.022269502,0.8271893262863159,0.14462769,2.3495452404022217,1.4882098
4619,2.3266733,0.11420877,-0.109397836,0.7365293502807617,0.20212395,2.279571294784546,1.5285108
4620,2.3531926,0.10159396,-0.12964104,0.7507537007331848,0.14948066,2.2444326877593994,1.2372533
4621,2.3204007,0.15504195,-0.12254943,0.7839197516441345,0.1528163,2.1392149925231934,1.3799496
4622,2.359842,0.17686906,-0.10298441,0.6784088015556335,0.1573261,2.2256288528442383,1.4818604
4623,2.2653782,0.110178545,-0.15195447,0.7512322664260864,0.1464124,2.4821033477783203,1.034687
4624,2.2162948,0.2586788,-0.10083852,0.36451706290245056,0.23567568,2.286393165588379,1.5107645
4625,2.2341998,0.18365212,-0.11014477,0.6908148527145386,0.17723963,2.3073971271514893,1.2067463
4626,2.2256873,0.15918829,0.0073088063,0.8249478340148926,0.12621664,2.2034764289855957,1.3327775
4627,2.2328978,0.11797922,-0.058787093,0.777582049369812,0.14354353,2.393544912338257,1.0629799
4628,2.2865348,0.26131696,-0.12296487,0.6293525099754333,0.2181443,2.31585955619812,1.5355829
4629,2.3741167,0.19634886,-0.23004651,0.7745542526245117,0.14183918,2.294613838195801,1.3456767
4630,2.2001173,0.17064588,-0.02243294,0.7887454032897949,0.14867413,2.250248670578003,1.2814511
4631,2.236573,0.16083843,-0.1258992,0.8260561227798462,0.084647276,2.3054821491241455,1.0717146
4632,2.1691623,0.05322061,-0.006815536,0.03191060572862625,0.09731174,2.501492738723755,0.69330174
4633,2.3333347,0.12768117,-0.07000584,0.5746057629585266,0.19296345,2.092137336730957,1.6087176
4634,2.2793527,0.17581509,-0.014263607,0.85,0.09270404,2.4445416927337646,1.206559
4635,2.2866976,0.27231446,-0.15483251,0.6868823766708374,0.23330249,2.0202579498291016,1.9768043
4636,2.2725816,0.12716162,-0.05116769,0.6983826160430908,0.1724297,2.1015686988830566,1.3128964
4637,2.2493405,0.20460841,-0.15920065,0.6819986701011658,0.15067771,2.402259588241577,1.1868114
4638,2.3349268,0.24201542,-0.13534239,0.5830796957015991,0.22651654,2.2410826683044434,1.5802242
4639,2.295282,0.19541478,-0.14432058,0.8495364189147949,0.10457347,2.4437859058380127,1.240541
4640,2.2968378,0.18842544,-0.20757149,0.7150586247444153,0.16129318,2.099313259124756,1.2932899
4641,2.28092,0.20448762,-0.19791895,0.7182447910308838,0.13083312,2.3529300689697266,0.96707314
4642,2.326569,0.11274846,-0.092669964,0.6776255965232849,0.15964125,2.148432493209839,1.5148872
4643,2.305613,0.19559118,-0.09438584,0.4390576481819153,0.16016282,2.0502161979675293,1.5425253
4644,2.3146954,0.22440422,-0.14128844,0.7875930666923523,0.17679901,2.238323926925659,1.4369866
4645,2.3331394,0.12106533,-0.11261849,0.7201454639434814,0.14951034,2.1204004287719727,1.3757001
4646,2.3035946,0.1016825,-0.07458997,0.7115809321403503,0.16641606,2.1306231021881104,1.2331644
4647,2.2232587,0.14915207,-0.1109183,0.735439658164978,0.1331272,2.2000343799591064,1.2745395
4648,2.2029085,0.20686811,-0.023412472,0.779834508895874,0.16552591,2.416630506515503,1.3350189
4649,2.2059755,0.15769309,-0.111986816,0.5768449306488037,0.17823054,2.518641710281372,0.988386
4650,2.2276876,0.21264187,-0.14183995,0.7553406953811646,0.16069672,2.426644802093506,1.194308
4651,2.2385452,0.20061621,-0.12603775,0.7734671831130981,0.16600554,2.742431640625,1.1653799
4652,2.238214,0.10279634,-0.12552182,0.8143861889839172,0.13734308,2.4229800701141357,1.248652
4653,2.279755,0.20792684,-0.119355716,0.8299352526664734,0.10574511,2.3153839111328125,1.368795
4654,2.154258,0.09885003,-0.003755381,0.5505759119987488,0.18725856,2.753889799118042,0.89040023
4655,2.3114564,0.076171115,-0.1422624,0.6679745316505432,0.16892734,2.3983612060546875,1.073986
4656,2.2673414,0.087663114,-0.12479654,0.4181682765483856,0.1921644,2.277883529663086,1.1143099
4657,2.318821,0.18473217,-0.033979718,0.7018000483512878,0.20420595,2.058964967727661,1.6305035
4658,2.213547,0.12748273,-0.17240304,0.752278208732605,0.15486148,2.5350306034088135,1.0059094
4659,2.316126,0.10608599,-0.05754053,0.7147439122200012,0.16305579,2.23437237739563,1.2761384
4660,2.2656052,0.2634174,-0.12730317,0.8368659019470215,0.105252504,2.193673610687256,1.0464437
4661,2.296823,0.23667273,-0.090668835,0.5853740572929382,0.17668872,2.2558069229125977,1.3434542
4662,2.303213,0.19163509,-0.1826319,0.6626764535903931,0.18445744,2.2770988941192627,1.704574
4663,2.3265474,0.20210925,-0.11349236,0.760895311832428,0.16205736,2.18782377243042,1.5003964
4664,2.372293,0.11429135,-0.16942982,0.8378211855888367,0.1476779,2.1925876140594482,1.7887456
4665,2.3609498,0.05269495,-0.08474008,0.7903125286102295,0.16629261,2.1940596103668213,1.4839898
4666,2.282976,0.15848203,-0.049175397,0.6336271166801453,0.13923664,2.479008436203003,1.0912435
4667,2.092583,0.16986698,-0.04499283,0.7497792840003967,0.09856948,2.6730637550354004,0.567242
4668,2.286086,0.13441294,-0.12571567,0.8003763556480408,0.098364174,2.0006234645843506,1.2886219
4669,2.2811859,0.18765582,-0.1475702,0.7981600761413574,0.13863428,2.3818938732147217,1.115681
4670,2.2802656,0.2048684,-0.13670729,0.5166030526161194,0.21436304,2.0961315631866455,1.6611711
4671,2.2404935,0.14933956,-0.16995946,0.5886826515197754,0.19643557,2.4216415882110596,1.3609381
4672,2.3463027,0.1375321,-0.18776989,0.6427831649780273,0.18040568,2.278496503829956,1.5012902
4673,2.2704027,0.17932577,-0.051540695,0.5462924838066101,0.20505308,2.070089817047119,1.9649884
4674,2.234188,0.21903653,-0.13683982,0.5944646596908569,0.17404246,2.286404848098755,1.1694919
4675,2.2624252,0.14165369,-0.051215526,0.6263982653617859,0.1997661,2.271817684173584,1.5084015
4676,2.1932037,0.15673062,-0.08442454,0.6013616919517517,0.10892721,2.594841241836548,0.8045517
4677,2.2605002,0.13748299,-0.0122896,0.4450070858001709,0.19682355,2.254775285720825,1.4260018
4678,2.2627094,0.18557653,-0.124867596,0.7509864568710327,0.15120283,2.1833908557891846,1.300803
4679,2.328447,0.1898887,-0.091101564,0.7003228068351746,0.17685854,2.1013753414154053,1.485369
4680,2.2335546,0.20337029,-0.04559261,0.6795763373374939,0.13240029,2.110088586807251,1.3006287
4681,2.3770323,0.1545456,-0.15493198,0.85,0.102894574,2.5110890865325928,1.2747622
4682,2.2679198,0.15048516,-0.09272474,0.8038578629493713,0.1004572,2.2194299697875977,1.1737432
4683,2.1680684,0.19371046,-0.08633086,0.6170506477355957,0.20137587,2.558483839035034,1.1490328
4684,2.2690768,0.13622734,-0.072913565,0.7515952587127686,0.14620839,2.3214123249053955,1.1033595
4685,2.17101,0.20793189,-0.123813294,0.5933805108070374,0.19807425,2.53604793548584,0.9838151
4686,2.2961845,0.15051465,-0.15670894,0.841697096824646,0.10447397,2.413602828979492,1.1414522
4687,2.298803,0.10232649,-0.11712519,0.5508093237876892,0.16819501,2.1523401737213135,1.1953542
4688,2.2790573,0.1517413,-0.05586246,0.8333373069763184,0.08915806,2.0352044105529785,1.3995271
4689,2.3181314,0.023990553,-0.055520967,0.8470501899719238,0.103528224,2.3996493816375732,1.0448496
4690,2.2016678,0.1554561,-0.09637271,0.7875697612762451,0.12626871,2.4353103637695312,0.9998814
4691,2.1949358,0.12335127,-0.09779508,0.721321165561676,0.15852667,2.6079206466674805,0.94776
4692,2.3248618,0.1549797,-0.09492804,0.8436237573623657,0.12795556,2.0848305225372314,1.4895514
4693,2.2902644,0.15251729,-0.08446145,0.476468950510025,0.21203847,2.130887508392334,1.5128971
4694,2.2779386,0.1821554,-0.20579183,0.6792916059494019,0.15633097,2.5234131813049316,0.9852747
4695,2.318994,0.23217763,-0.07075293,0.7968670129776001,0.17253211,2.2123217582702637,1.6142654
4696,2.287855,0.15065965,-0.09742441,0.7472341060638428,0.16467768,2.135309934616089,1.393246
4697,2.3432555,0.18116236,-0.104774885,0.6270097494125366,0.19550419,2.1919872760772705,1.6005309
4698,2.236831,0.085316174,-0.13643058,0.7154595255851746,0.1784233,2.6458280086517334,0.9908904
4699,2.2107441,0.18211792,-0.09639557,0.47217127680778503,0.2067499,2.5021562576293945,1.1058729
4700,2.3286428,0.12761463,-0.11092031,0.7862637639045715,0.118126646,2.119919538497925,1.2912304
4701,2.3077924,0.16311929,-0.04641089,0.6927019357681274,0.18416283,2.1263580322265625,1.4662473
4702,2.3316543,0.23338781,-0.21423244,0.8215898871421814,0.16724469,2.364701747894287,1.4442434
4703,2.4030607,0.20350511,-0.0024917247,0.7444228529930115,0.2518937,2.1706323623657227,1.8468162
4704,2.255397,0.21623899,-0.08216217,0.7657203078269958,0.1808403,2.033193588256836,2.2587452
4705,2.337511,0.1540193,-0.13394222,0.79706209897995,0.15496568,2.1881561279296875,1.2915292
4706,2.23609,0.14276557,-0.0950629,0.5791629552841187,0.16008298,2.3563027381896973,1.157681
4707,2.305798,0.18819731,-0.15509075,0.85,0.092447676,2.3373820781707764,1.3242257
4708,2.3304229,0.15397076,-0.116077065,0.85,0.095833376,2.1253108978271484,1.5050793
4709,2.4040866,0.16127264,-0.14005987,0.8367394208908081,0.12313306,2.1455869674682617,1.7972196
4710,2.4818225,0.17018975,-0.15285632,0.5360077023506165,0.25551113,1.9864623546600342,2.6312382
4711,2.2153392,0.08600159,-0.13312708,0.7120400071144104,0.13215467,2.4971325397491455,1.014448
4712,2.2339733,0.18617584,-0.063082494,0.6342445611953735,0.1739496,2.3658804893493652,1.0867087
4713,2.2608235,0.22170788,-0.16555773,0.8194742798805237,0.13889919,2.272707223892212,1.2523786
4714,2.3356116,0.18849838,-0.073170245,0.7933002710342407,0.1716372,2.054652214050293,1.6090119
4715,2.30507,0.20149623,-0.067114584,0.7810917496681213,0.16113627,2.1096487045288086,1.340811
4716,2.3036568,0.20347291,-0.18485914,0.7190529704093933,0.17514664,2.3455259799957275,1.2737138
4717,2.2721453,0.19680692,-0.089165136,0.801600992679596,0.12915179,2.5307812690734863,1.05139
4718,2.3018992,0.13206516,-0.098484196,0.4652562737464905,0.20028211,2.2991442680358887,1.3571137
4719,2.171876,0.22871436,-0.090141654,0.6461422443389893,0.17652768,2.3642656803131104,1.2138737
4720,2.2671568,0.15066579,-0.078355774,0.7565111517906189,0.17630276,2.3414478302001953,1.5401281
4721,2.1686409,0.13939638,-0.015767276,0.6346776485443115,0.18323815,2.3630523681640625,1.3426204
4722,2.2891335,0.20919888,-0.22353585,0.7837124466896057,0.18572435,2.48457670211792,1.4746976
4723,2.2774887,0.20188904,-0.15989411,0.7580336928367615,0.17838909,2.4190773963928223,1.2088544
4724,2.3183517,0.09698713,-0.032291234,0.7493166327476501,0.17870128,2.096036911010742,1.4444818
4725,2.2986894,0.1015731,-0.13252625,0.7405100464820862,0.17237253,2.3238580226898193,1.4053113
4726,2.2838628,0.095919505,-0.061663855,0.7705033421516418,0.15335639,2.364173173904419,1.1920033
4727,2.3529592,0.17118394,-0.29359183,0.7093425989151001,0.18544136,2.296764850616455,1.507576
4728,2.3200474,0.1486509,-0.09300243,0.7581987380981445,0.14934218,2.164462089538574,1.377805
4729,2.30287,0.1726449,-0.13838221,0.6586624979972839,0.1847772,2.2098357677459717,1.5597655
4730,2.237949,0.14526412,-0.11871992,0.5815667510032654,0.18827441,2.310370445251465,1.2749816
4731,2.2516694,0.115181826,-0.09683127,0.7537189722061157,0.106694184,2.353742837905884,1.1131992
4732,2.2595801,0.14534548,0.032064006,0.7265794277191162,0.18808353,2.1020281314849854,1.8062156
4733,2.2194164,0.13874991,-0.113394655,0.6367322206497192,0.1453432,2.586693525314331,1.1286573
4734,2.3365126,0.09854948,-0.1663798,0.5403817892074585,0.22477254,2.1115849018096924,1.4075996
4735,2.3446243,0.094708554,-0.0907597,0.8288845419883728,0.09304443,2.372253179550171,1.2179694
4736,2.3912065,0.08986021,-0.19283107,0.6058064699172974,0.15222824,2.3014211654663086,1.2446325
4737,2.3051093,0.2034848,-0.12565081,0.7414152026176453,0.16896658,2.1075246334075928,1.3834836
4738,2.2344704,0.1460321,-0.13001277,0.6626288890838623,0.1710413,2.2035574913024902,1.1613656
4739,2.21008,0.18682872,-0.13966084,0.7888748645782471,0.12331607,2.432701826095581,1.0927095
4740,2.2973993,0.15165792,-0.008252466,0.757675051689148,0.20157783,2.1267807483673096,1.7806784
4741,2.282519,0.18129592,-0.113869496,0.8052254319190979,0.12968914,2.3324427604675293,1.5092323
4742,2.2271435,0.109883755,-0.06753826,0.7984117269515991,0.110038504,2.4117465019226074,1.0955645
4743,2.255543,0.10786958,-0.039986607,0.7489026188850403,0.15640733,2.2097082138061523,1.2086413
4744,2.3206074,0.15890488,-0.23152734,0.8149046301841736,0.15668249,2.203991174697876,1.5114467
4745,2.3017924,0.16392678,-0.049975432,0.800281286239624,0.11576743,2.3276801109313965,1.2977668
4746,2.4207356,0.1591447,-0.14237794,0.764074444770813,0.2147459,2.0468499660491943,2.118164
4747,2.3114288,0.17100899,-0.1539509,0.6321883797645569,0.19343366,2.241821527481079,1.4897932
4748,2.2907457,0.13113748,-0.105573736,0.6099174618721008,0.20647967,2.3847286701202393,1.3031317
4749,2.2713368,0.21017729,-0.064459965,0.5865226984024048,0.20353715,2.0916218757629395,1.4675281
4750,2.2799106,0.1456736,-0.111471295,0.8405028581619263,0.088271126,2.443148374557495,1.055992
4751,2.2845087,0.12700635,-0.035107844,0.706244945526123,0.15951312,2.3085169792175293,1.2948148
4752,2.4045446,0.10713517,-0.16946647,0.5562431812286377,0.16840394,2.085787296295166,1.4163139
4753,2.3922963,0.23626962,-0.18153754,0.5872142314910889,0.22710797,2.081348180770874,2.056962
4754,2.2941554,0.17898615,-0.17681499,0.7155317068099976,0.15614171,2.365115165710449,1.2837801
4755,2.3125992,0.18725276,-0.14695098,0.7415936589241028,0.1680548,2.139418125152588,1.2654594
4756,2.249063,0.13880241,-0.04541449,0.6734349727630615,0.19328919,2.393455982208252,1.2329931
4757,2.3592236,0.19514789,-0.086771265,0.8291867971420288,0.1345628,2.2106926441192627,1.3563911
4758,2.1705568,0.18804826,-0.110408396,0.7614727020263672,0.15376389,2.6697564125061035,0.9534486
4759,2.3149462,0.20146015,-0.093127996,0.8043335676193237,0.129394,2.1050667762756348,1.6733458
4760,2.3376672,0.13226017,-0.07829121,0.8245768547058105,0.12033921,2.198434352874756,1.5363864
4761,2.248463,0.10368658,-0.089130685,0.7305160760879517,0.16267999,2.3755850791931152,1.19696
4762,2.3362036,0.19306803,-0.17552568,0.7444844841957092,0.17608175,2.050870656967163,1.6539522
4763,2.2620943,0.1825858,-0.10688886,0.7482076287269592,0.14874823,2.5056326389312744,1.1207447
4764,2.3179212,0.20027286,-0.16302124,0.8154005408287048,0.1317629,2.3361475467681885,1.3356432
4765,2.230719,0.18112183,-0.050169863,0.6127305030822754,0.20177303,2.367778778076172,1.1079617
4766,2.289347,0.14648347,-0.1559382,0.7145567536354065,0.17586938,2.389946222305298,1.2172621
4767,2.2393386,0.13347284,-0.061835982,0.6913713812828064,0.19133376,2.382277488708496,1.2344496
4768,2.2162006,0.19933924,-0.05023615,0.7272703051567078,0.13175854,2.3119311332702637,0.9717496
4769,2.2683132,0.1352403,-0.09834261,0.658293604850769,0.18706256,2.0914673805236816,1.5479672
4770,2.3404236,0.14638114,-0.09254626,0.6533462405204773,0.21210246,2.3557662963867188,1.4201669
4771,2.205614,0.21476026,-0.10627662,0.6977868676185608,0.20399229,2.471143960952759,1.1840272
4772,2.3217056,0.19775349,-0.11843246,0.8179246783256531,0.111119725,2.1938157081604004,1.3969973
4773,2.2835777,0.15685394,-0.15392488,0.562500536441803,0.19338202,2.352616786956787,1.3680788
4774,2.3235946,0.096339844,-0.0027445492,0.7015472054481506,0.2002409,2.0734708309173584,1.7837287
4775,2.213778,0.1442901,-0.029067133,0.7111732363700867,0.15471475,2.3331515789031982,1.1373419
4776,2.3175805,0.20594624,-0.13651597,0.8155381083488464,0.17001954,2.1123061180114746,1.6107218
4777,2.3062165,0.18758205,-0.21701722,0.724152147769928,0.1633131,2.2091901302337646,1.3093584
4778,2.3017406,0.08879285,-0.13714254,0.8301907777786255,0.09077525,2.3832080364227295,1.2367638
4779,2.2954962,0.15582359,-0.12226668,0.7161563634872437,0.15943591,2.0982744693756104,1.4104023
4780,2.174527,0.20908791,-0.105317175,0.6497910022735596,0.14392973,2.62782621383667,0.9261953
4781,2.3424149,0.14161956,-0.066506594,0.7272669076919556,0.14292768,2.1065773963928223,1.5248872
4782,2.3091466,0.07322108,-0.035880126,0.6699828505516052,0.19272439,2.1229782104492188,1.3732125
4783,2.2365186,0.23036416,-0.09680041,0.7394776940345764,0.15380555,2.4376473426818848,1.0409133
4784,2.2465641,0.19555733,-0.056618754,0.7581892609596252,0.13037936,2.4385147094726562,0.98730904
4785,2.2229352,0.20755868,-0.042536665,0.7530813813209534,0.17350462,2.428443193435669,1.2869682
4786,2.2998738,0.15363556,-0.05076308,0.7892466187477112,0.13022932,2.2879080772399902,1.5363381
4787,2.1100953,0.22694136,-0.11427178,0.5991705656051636,0.120550506,2.3745436668395996,0.83793557
4788,2.2695718,0.1897186,-0.05358624,0.6638520359992981,0.15995666,2.1228187084198,1.3966488
4789,2.2692173,0.10722648,-0.090866916,0.83045893907547,0.13007878,2.326840877532959,1.1766415
4790,2.1401358,0.27265108,-0.05733343,0.7530829906463623,0.17001775,2.4291749000549316,1.3244389
4791,2.2470522,0.091089316,-0.07892849,0.8144188523292542,0.11073957,2.3934385776519775,1.1014043
4792,2.264975,0.17445494,-0.03775748,0.7846078276634216,0.13928792,2.5636422634124756,0.94888663
4793,2.3257349,0.19057557,-0.056721542,0.7345173358917236,0.17982443,2.3421545028686523,1.1804906
4794,2.222048,0.15140028,-0.02531351,0.7687652111053467,0.15949062,2.4257895946502686,1.2268301
4795,2.3053558,0.21907301,-0.18195117,0.8325284123420715,0.103733964,2.3576672077178955,1.335299
4796,2.3044546,0.14072771,-0.08749525,0.8278661966323853,0.124075845,2.34405779838562,1.4296261
4797,2.2765343,0.13671628,-0.10388432,0.6232858300209045,0.17540279,2.2486252784729004,1.0848305
4798,2.2454085,0.2073726,-0.063355505,0.7853013277053833,0.14946449,2.3246355056762695,1.329024
4799,2.344329,0.2004905,-0.12306987,0.7749471068382263,0.17630675,2.2431790828704834,1.2388664
4800,2.283645,0.18506533,-0.14327793,0.7904432415962219,0.14123619,2.3650457859039307,1.4189578
4801,2.1811008,0.14051585,-0.07003783,0.6508005261421204,0.19687286,2.3544509410858154,1.1262487
4802,2.2593632,0.15443125,-0.11733113,0.6709227561950684,0.19115433,2.1910223960876465,1.3668671
4803,2.3118436,0.06689036,-0.09838813,0.5462517142295837,0.20080635,2.249918222427368,1.2629545
4804,2.188234,0.22861463,-0.115522824,0.8052464127540588,0.14426772,2.381957530975342,1.185141
4805,2.2482443,0.15101974,-0.11081037,0.7174744606018066,0.15056631,2.4018325805664062,1.0870913
4806,2.2914171,0.18202545,-0.08576124,0.414781779050827,0.22130342,2.1412980556488037,1.5052285
4807,2.321866,0.15269102,-0.08640699,0.8243567943572998,0.11994592,2.3153076171875,1.4996167
4808,2.293373,0.13594738,-0.091580674,0.8465630412101746,0.08334618,2.435081958770752,1.064979
4809,2.3475645,0.0846117,-0.17876592,0.8093048930168152,0.14729397,2.1787641048431396,1.20622
4810,2.3033164,0.13394476,-0.05196182,0.8358169198036194,0.14872776,2.1399612426757812,1.3071009
4811,2.322162,0.20090705,-0.06467617,0.6553125977516174,0.16408718,2.0729475021362305,1.2694438
4812,2.34734,0.18706693,-0.266146,0.8175486326217651,0.16024071,2.3059372901916504,1.5962775
4813,2.3485725,0.13635829,-0.113068126,0.5726392865180969,0.18178424,2.3137261867523193,1.5377089
4814,2.3694675,0.17079462,-0.16957137,0.6897162795066833,0.17605339,1.9549096822738647,2.7268293
4815,2.2443097,0.19868107,-0.018320782,0.6627272963523865,0.16643916,2.187368631362915,1.3175075
4816,2.2828538,0.050838538,-0.058952548,0.6481513381004333,0.12085034,2.305990695953369,1.1304233
4817,2.2183385,0.1638898,-0.09211325,0.5330363512039185,0.16220608,2.419361114501953,1.0145533
4818,2.3117123,0.16578153,-0.18612233,0.78386390209198,0.12288168,2.3490238189697266,1.2418245
4819,2.294015,0.16589072,-0.071429305,0.6341550946235657,0.19720662,2.1668336391448975,1.5012076
4820,2.2583046,0.080084346,-0.08780483,0.7178276181221008,0.14668518,2.6009738445281982,0.85577875
4821,2.345689,0.12920861,-0.087179385,0.6790056228637695,0.18600054,2.0839080810546875,1.7927969
4822,2.3394623,0.19481741,-0.18171357,0.8210757374763489,0.11160692,2.2485458850860596,1.4755145
4823,2.3154402,0.21042809,-0.14511245,0.7639501094818115,0.18840167,2.359741687774658,1.5278798
4824,2.2499824,0.21412736,-0.07113116,0.8131386637687683,0.12930164,2.4180502891540527,1.0667844
4825,2.3597596,0.22795728,-0.20634027,0.6807407736778259,0.19196925,2.1342508792877197,1.491815
4826,2.2031631,0.14205892,-0.015075918,0.5602973699569702,0.21013252,2.3359436988830566,1.3653364
4827,2.273242,0.18576208,-0.10309369,0.7565637826919556,0.18229452,2.317561388015747,1.1513977
4828,2.2644002,0.15184331,-0.07027799,0.6640146970748901,0.16349357,2.3760368824005127,1.3291271
4829,2.3095071,0.09697916,-0.11225561,0.6624589562416077,0.18072179,2.4074182510375977,1.1558174
4830,2.2394555,0.07471885,-0.07970384,0.38422879576683044,0.109856926,2.2505409717559814,1.0770423
4831,2.259711,0.15790328,-0.14681289,0.636285126209259,0.19848958,2.3257617950439453,1.1844053
4832,2.4199739,0.08471371,-0.1330677,0.7530573010444641,0.15514624,2.07857084274292,1.4020507
4833,2.2425804,0.14906514,-0.16840306,0.7997978925704956,0.14834544,2.594221353530884,1.1805886
4834,2.3668478,0.19996838,-0.13607141,0.8247847557067871,0.13670306,2.1268296241760254,1.5414715
4835,2.2907596,0.15838613,-0.14188893,0.7033132314682007,0.18055026,2.372375011444092,1.355827
4836,2.3280256,0.11976779,-0.083327554,0.7467339634895325,0.12702176,2.1304848194122314,1.277568
4837,2.3495917,0.0674771,-0.14849225,0.6386702656745911,0.19215485,2.2114222049713135,1.3167833
4838,2.2655516,0.23281828,-0.15239315,0.7897218465805054,0.15916702,2.248290777206421,1.3757712
4839,2.370125,0.16934782,-0.108681865,0.8303769826889038,0.11655869,2.290928363800049,1.3164701
4840,2.276257,0.106438644,-0.07483228,0.46336987614631653,0.18781962,2.2586379051208496,1.1882585
4841,2.3561847,0.12532452,-0.10368416,0.8025761842727661,0.1425186,2.1060760021209717,1.4737897
4842,2.30197,0.19288152,-0.123859964,0.5861969590187073,0.23681459,2.120546579360962,2.7553408
4843,2.3885822,0.14571927,-0.20979154,0.7395114302635193,0.17392167,2.314363479614258,1.2698818
4844,2.2676957,0.19261892,-0.043450512,0.8137648701667786,0.12194509,2.288555860519409,1.1930065
4845,2.3189075,0.15584455,-0.09550825,0.6630447506904602,0.19408317,2.105686664581299,1.5589213
4846,2.3052642,0.14881143,-0.17659642,0.8301655054092407,0.13269405,2.3909807205200195,1.2464136
4847,2.353947,0.19221497,-0.053019993,0.8094578981399536,0.16825002,2.1569037437438965,2.1142497
4848,2.356294,0.21204047,-0.16474086,0.6502211093902588,0.17215621,2.114652395248413,1.4947133
4849,2.215492,0.15338223,-0.050035834,0.7187665700912476,0.15250494,2.347012996673584,1.0496756
4850,2.316009,0.13058963,-0.1155696,0.8278737664222717,0.1022588,2.150742530822754,1.2425797
4851,2.2638912,0.1050653,-0.06027365,0.6183106303215027,0.204378,2.2248694896698,1.3844384
4852,2.433337,0.14986697,-0.06615669,0.8427987694740295,0.15803939,2.1083879470825195,1.9195305
4853,2.1660657,0.16590934,-0.05899156,0.6449353694915771,0.1768643,2.6545753479003906,0.92322624
4854,2.4371216,0.21627542,-0.23249118,0.6043998599052429,0.21940586,2.0560672283172607,1.6335896
4855,2.3163924,0.24322873,-0.10335639,0.836513340473175,0.10653268,1.4102689027786255,1.6483355
4856,2.2786698,0.15326625,-0.06747785,0.7966809868812561,0.15895939,2.201399564743042,1.4077244
4857,2.1965036,0.1718559,-0.04195527,0.7850088477134705,0.17394437,2.389970302581787,0.97422606
4858,2.2195337,0.10103473,-0.005268386,0.8387207984924316,0.118884735,2.5108773708343506,1.2267478
4859,2.3115456,0.2067656,-0.17859508,0.7366904616355896,0.17277262,2.3212172985076904,1.347688
4860,2.209031,0.18787277,-0.1088574,0.660086989402771,0.18494827,2.53924298286438,1.1687882
4861,2.3083177,0.19080612,-0.07745656,0.8065494298934937,0.13119823,2.301828145980835,1.4159564
4862,2.269243,0.16016658,-0.0999441,0.7609761953353882,0.13633116,2.2192022800445557,1.3600705
4863,2.374867,0.16359238,-0.18141685,0.8232108354568481,0.13466203,2.1532979011535645,1.56955
4864,2.288999,0.1954663,-0.10277492,0.7902806401252747,0.13963404,2.2942376136779785,1.4517835
4865,2.2781096,0.1534563,-0.116918825,0.5559629201889038,0.20049167,2.2410311698913574,1.230767
4866,2.244599,0.12373155,-0.12519042,0.7631001472473145,0.14982274,2.4110267162323,0.97261405
4867,2.3234034,0.13941163,-0.115935355,0.8484839200973511,0.07904862,2.402703046798706,1.1664207
4868,2.282763,0.21418305,-0.06403404,0.4007393717765808,0.2642435,2.231901168823242,1.5466119
4869,2.1983373,0.12723857,0.021604454,0.8422728776931763,0.16012661,2.3805747032165527,1.3509235
4870,2.4075403,0.17236228,-0.15425152,0.7863311767578125,0.17759554,2.1085875034332275,1.5808275
4871,2.3774662,0.19387965,-0.06688886,0.5020003914833069,0.23144464,2.0239646434783936,1.9352133
4872,2.2391634,0.11156833,-0.06741174,0.7868824005126953,0.1135707,2.5206432342529297,1.0231706
4873,2.3054059,0.17972817,-0.14993213,0.5416267514228821,0.21043655,2.1113600730895996,1.5325637
4874,2.228762,0.045063805,-0.028299693,0.6200705766677856,0.13757469,2.386929512023926,0.9433246
4875,2.3309033,0.09585376,-0.094136514,0.8419746160507202,0.08916528,2.373465061187744,1.1609813
4876,2.333286,0.19285911,-0.14548314,0.731941282749176,0.1750782,2.1731455326080322,1.3332535
4877,2.2695656,0.16910161,-0.14416811,0.8074941039085388,0.095369816,2.4595789909362793,0.9645133
4878,2.2687244,0.1884226,-0.056575235,0.7594172358512878,0.15022783,2.2501327991485596,1.188108
4879,2.3036544,0.23883678,-0.21398735,0.7725253105163574,0.14522628,2.320995569229126,1.4883505
4880,2.2414525,0.28413785,-0.090085626,0.7001627087593079,0.22092581,2.2056448459625244,1.4343274
4881,2.2597842,0.23966566,-0.13611272,0.6021029353141785,0.19803928,2.1513710021972656,1.607673
4882,2.2710538,0.14143956,-0.15946141,0.7974031567573547,0.1820574,2.622882604598999,0.95104146
4883,2.2526493,0.15452269,-0.10003686,0.783369779586792,0.13075805,2.3500401973724365,1.1862111
4884,2.2646344,0.20044848,-0.061402105,0.8106459379196167,0.1142856,2.3131802082061768,1.2443464
4885,2.266622,0.18482895,-0.09453863,0.763048529624939,0.15367815,2.4042201042175293,1.1906613
4886,2.2802198,0.12726122,-0.17527877,0.6038290858268738,0.19531968,2.3599941730499268,1.291327
4887,2.3571887,0.05859801,-0.06525619,0.8297839164733887,0.10226446,2.30688214302063,1.3677807
4888,2.2084165,0.14185007,-0.02528804,0.7405046820640564,0.17274594,2.165287971496582,1.2326852
4889,2.347316,0.25438023,-0.1924519,0.8213115930557251,0.1502429,2.2319228649139404,1.4124589
4890,2.2679205,0.14142266,-0.11277234,0.7303169965744019,0.16905499,2.4353175163269043,1.0703218
4891,2.2125232,0.01919385,-0.072797105,0.6356284618377686,0.12788178,2.306043863296509,0.95015574
4892,2.3091195,0.096513934,-0.21004684,0.3656294047832489,0.2574003,2.1837234497070312,1.4386002
4893,2.281701,0.16275966,-0.10434243,-0.40152615308761597,0.1194776,2.340826988220215,1.1726067
4894,2.2975695,0.08615526,0.019542363,0.8074440360069275,0.14639626,2.321554183959961,1.2122515
4895,2.2118893,0.21512182,-0.1849309,0.7295734286308289,0.1428751,2.4354329109191895,0.939667
4896,2.2821991,0.18118967,-0.1705142,0.7480701804161072,0.15026286,2.4048588275909424,0.9483442
4897,2.4102802,0.13673276,-0.14935438,0.7972392439842224,0.15937956,2.103046417236328,1.5763098
4898,2.2517292,0.20253333,-0.108395725,0.8020162582397461,0.16440038,2.541978359222412,1.2236227
4899,2.2231998,0.15482259,-0.05028671,0.5065062642097473,0.21366511,2.208467483520508,1.4918864
4900,2.2219992,0.18304554,-0.07363291,0.6232317090034485,0.21449307,2.3562471866607666,1.2533576
4901,2.3810866,0.2199757,-0.10216795,0.778273344039917,0.2035805,2.2729625701904297,1.5724549
4902,2.2542584,0.18148021,-0.05376727,0.7333422303199768,0.14617646,2.430722236633301,0.96408284
4903,2.3209114,0.16098759,-0.16507512,0.5620595216751099,0.2314814,2.322032928466797,1.2281269
4904,2.2592475,0.22920723,-0.10049764,0.4113881587982178,0.22730936,2.3716955184936523,1.166015
4905,2.3350425,0.09984023,-0.11057488,0.7316576242446899,0.14030796,2.3300108909606934,1.2514772
4906,2.362544,0.14564656,-0.14704794,0.8464285731315613,0.096213214,2.08400297164917,1.5670898
4907,2.2914207,0.10410895,-0.07702456,0.753308117389679,0.16611487,2.417858600616455,1.0607823
4908,2.2432868,0.07594643,-0.05115513,0.7656183242797852,0.14673062,2.4842357635498047,1.0565029
4909,2.3409057,0.14456455,-0.16917461,0.7141097784042358,0.16738679,2.0812885761260986,1.4271052
4910,2.2580621,0.17543797,-0.10923301,0.8130435943603516,0.16049552,2.323214054107666,1.4349464
4911,2.3362834,0.20254044,-0.13941734,0.6381433606147766,0.18521428,2.1195380687713623,1.4519999
4912,2.4211276,0.17424226,-0.12519489,0.8232716917991638,0.1701626,2.0321993827819824,1.9983549
4913,2.289029,0.18284954,-0.13784544,0.8187865018844604,0.15042086,2.5328056812286377,1.1108154
4914,2.33039,0.13318998,-0.09898294,0.5689222812652588,0.24050333,2.1064064502716064,1.7787733
4915,2.3764856,0.13955931,-0.11468627,0.8423115015029907,0.09512013,2.0093040466308594,1.6259385
4916,2.3375592,0.15794161,-0.263684,0.5604141354560852,0.18676317,2.3694403171539307,1.1583626
4917,2.2392569,0.20932399,-0.1627056,0.7258443832397461,0.17416324,2.435969591140747,1.1740366
4918,2.228931,0.17984727,-0.14673813,0.5370708107948303,0.22545879,2.3826568126678467,1.3705504
4919,2.259165,0.16593851,-0.0915943,0.7393162846565247,0.14586914,2.3582537174224854,1.2937853
4920,2.3454936,0.17189516,-0.107466176,0.6271736025810242,0.18148059,2.0665805339813232,1.611867
4921,2.2939181,0.1559818,-0.13042243,0.4951743185520172,0.21325625,2.4018948078155518,1.2827926
4922,2.2971094,0.1862723,-0.07498487,0.6445013880729675,0.19527298,2.2938244342803955,2.0186093
4923,2.3658068,0.08783993,-0.1659784,0.7035885453224182,0.15608731,2.229222536087036,1.3757387
4924,2.3032181,0.21887206,-0.20615317,0.7770678997039795,0.1741004,2.1267893314361572,1.4214519
4925,2.2201798,0.23221421,-0.030841794,0.802838146686554,0.09370027,2.0273284912109375,1.2390876
4926,2.3240094,0.18398525,-0.111269005,0.5327987670898438,0.18928808,2.0384573936462402,1.5056083
4927,2.3383536,0.12654614,-0.063572265,0.8482589721679688,0.09188649,2.091975688934326,1.7346053
4928,2.2632926,0.15801544,-0.17665167,0.8167834281921387,0.121157736,2.4813501834869385,1.0989417
4929,2.3216605,0.17639281,-0.18689631,0.7801007628440857,0.13289826,2.3550655841827393,1.0995256
4930,2.360779,0.21170256,-0.039874848,0.8226969242095947,0.15456025,2.2678558826446533,2.0611649
4931,2.2923768,0.16486482,-0.16216666,0.7657214999198914,0.15964535,2.455700397491455,1.051617
4932,2.2127893,0.20466901,-0.08223832,0.7948265671730042,0.11888391,2.4461889266967773,1.1508329
4933,2.2053168,0.1576852,-0.120472655,0.611536979675293,0.18263309,2.48400616645813,1.1066394
4934,2.3150113,0.26029477,-0.16985007,0.7373359799385071,0.19092198,2.150911808013916,1.8924123
4935,2.2574158,0.2510617,-0.058741618,0.586276650428772,0.17670286,2.307304620742798,1.2911134
4936,2.3546898,0.14073756,-0.20021532,0.7676507234573364,0.1662643,2.208167791366577,1.4631244
4937,2.2355754,0.20500049,-0.12807676,0.8022658824920654,0.11920014,1.962449312210083,1.3682705
4938,2.2649064,0.3101614,-0.20907708,0.7117289900779724,0.19507486,2.1360228061676025,1.5611196
4939,2.243239,0.06152605,-0.07229813,0.7926352024078369,0.1366928,2.355787992477417,1.066706
4940,2.3904493,0.13050155,-0.17230141,0.7824681997299194,0.15981643,2.1599717140197754,1.5083901
4941,2.2582576,0.16826446,-0.045739997,0.8300192356109619,0.09643382,2.3197436332702637,1.2667483
4942,2.2292807,0.1146565,-0.092390135,0.822507381439209,0.079530545,2.4283578395843506,1.0006661
4943,2.2577784,0.12955615,-0.12792002,0.5657009482383728,0.21140859,2.268096685409546,1.3691672
4944,2.2679753,0.1830842,-0.11469147,0.6244715452194214,0.15162246,2.484555244445801,0.97093904
4945,2.3857853,0.18269822,-0.22648546,0.8458409309387207,0.10767132,2.102872133255005,1.4441247
4946,2.2762885,0.18240792,-0.14585821,0.7349639534950256,0.14919488,2.4919281005859375,0.9444652
4947,2.337681,0.16957082,-0.1415643,0.6148180961608887,0.19824685,2.274430990219116,1.4508455
4948,2.273111,0.17166367,-0.038084853,0.8059166073799133,0.11216084,2.316488027572632,1.2200165
4949,2.2384987,0.20748086,-0.1462232,0.7519959211349487,0.16181794,2.3068647384643555,1.1851282
4950,2.3555374,0.11520977,-0.13591883,0.7458327412605286,0.15952256,2.2193667888641357,1.468972
4951,2.2740977,0.21239121,-0.11833599,0.7447932958602905,0.17906177,2.0962636470794678,2.4995623
4952,2.2118871,0.0330175,-0.011497976,0.7345364093780518,0.1404995,2.4155564308166504,1.1046925
4953,2.3291662,0.13575923,-0.08347621,0.6970247626304626,0.17607798,2.2464559078216553,1.2950138
4954,2.2883275,0.19234782,-0.1591262,0.632214367389679,0.20444496,2.103520631790161,2.1643863
4955,2.3215954,0.15330254,-0.093137816,0.8347352147102356,0.10783229,2.2846124172210693,1.1977195
4956,2.3458564,0.119590506,-0.1136693,0.6909611821174622,0.18921733,2.1804699897766113,1.420651
4957,2.3620086,0.16660419,-0.13760044,0.7037023305892944,0.1544475,2.058035373687744,1.6158967
4958,2.1933532,0.197241,0.007744887,0.6694318652153015,0.17372929,2.297430992126465,1.320158
4959,2.3801458,0.12898396,-0.17477727,0.7624896168708801,0.14205417,2.37534236907959,1.3294955
4960,2.2749426,0.12794197,-0.0846129,0.85,0.069003,2.2917282581329346,1.1741331
4961,2.3211594,0.18059996,-0.62495595,-0.19482630491256714,0.27893946,2.489778757095337,0.8125949
4962,2.2873995,0.22660281,-0.16202442,0.610691249370575,0.1836132,2.1026418209075928,1.3294563
4963,2.2987297,0.17819354,-0.057573862,0.7754730582237244,0.18231736,2.171369791030884,1.7252159
4964,2.243771,0.22566237,-0.097001605,0.6219260692596436,0.19697769,2.320749521255493,1.2499363
4965,2.2426417,0.2534933,-0.0926825,0.7641650438308716,0.14078425,2.342910051345825,1.4142348
4966,2.2960496,0.20375079,-0.1226235,0.7314070463180542,0.15224941,2.12263822555542,1.2396433
4967,2.2939456,0.09833203,-0.11312599,0.6751485466957092,0.18951185,2.333695888519287,1.177808
4968,2.2664063,0.20235707,-0.09052709,0.8396522998809814,0.12026929,2.4611623287200928,1.3428478
4969,2.293455,0.16643703,-0.08008784,0.8284314870834351,0.12524392,2.151374578475952,1.399944
4970,2.2694435,0.20227434,-0.1436979,0.8102391362190247,0.12434699,2.39652681350708,1.0864956
4971,2.21973,0.19351448,-0.10151208,0.807336151599884,0.10493917,2.6172542572021484,0.8569076
4972,2.3070772,0.12004463,-0.13312908,0.805056631565094,0.14852633,2.3768420219421387,1.223158
4973,2.2890682,0.164638,-0.17116208,0.6531262397766113,0.17372558,2.212616205215454,1.1886001
4974,2.3193004,0.13671723,-0.104923055,0.8465514183044434,0.06353066,2.1137006282806396,1.2478173
4975,2.2142944,0.16466597,-0.034147598,0.5323655009269714,0.1944056,2.288074254989624,1.2930481
4976,2.3444483,0.1794396,-0.07621966,0.7795231938362122,0.1388366,2.123872756958008,1.5195545
4977,2.2639854,0.14030729,-0.05801821,0.46898967027664185,0.23253432,2.0780487060546875,1.9515984
4978,2.33587,0.1498812,-0.055766705,0.8291988372802734,0.10545485,2.0558202266693115,1.4052377
4979,2.2134764,0.13742974,-0.16735946,0.5041289925575256,0.15102151,2.3990156650543213,0.7875682
4980,2.3798852,0.086973794,-0.12417482,0.7702909708023071,0.086131684,2.257519245147705,1.2843332
4981,2.2553623,0.17746033,-0.08972925,0.6445807218551636,0.20612669,2.263855457305908,1.2908787
4982,2.3141692,0.1655676,-0.2535369,0.7565533518791199,0.16903828,2.425361156463623,1.130556
4983,2.3247058,0.13599753,-0.058733813,0.8128554224967957,0.15748425,2.346261739730835,1.2451245
4984,2.321956,0.21996811,-0.12737074,0.6753759980201721,0.19005994,2.067497730255127,1.7800131
4985,2.2727458,0.2480283,-0.1839232,0.7329917550086975,0.19046195,2.374013662338257,1.2123402
4986,2.2486384,0.15714307,-0.17231552,0.4568420946598053,0.18306854,2.3095221519470215,1.1287075
4987,2.3615098,0.21090068,-0.15415445,0.5287732481956482,0.1519445,1.934455394744873,1.6561334
4988,2.21584,0.115633726,-0.021229802,0.5335585474967957,0.24108376,2.3743817806243896,1.3334814
4989,2.2695425,0.088218465,0.028782621,0.7727391719818115,0.17072737,2.145576000213623,1.4688368
4990,2.2750325,0.16273227,-0.12546656,0.5289114117622375,0.18999222,2.153994560241699,1.209965
4991,2.29951,0.09663546,-0.070634335,0.8470584154129028,0.11765705,2.289513349533081,1.3042535
4992,2.2966075,0.14547527,-0.17172739,0.8415481448173523,0.07339599,2.3594086170196533,0.94934636
4993,2.3050508,0.113706276,-0.1434974,0.573251485824585,0.15275364,2.368748903274536,1.1529821
4994,2.3603039,0.077397116,-0.26145065,0.5387794971466064,0.19096744,2.2941956520080566,1.2082886
4995,2.1492538,0.16084957,0.009308851,0.49341920018196106,0.24698634,2.6157917976379395,1.1749315
4996,2.2586377,0.21649267,-0.14411531,0.7329298853874207,0.16873422,2.222424268722534,1.1978734
4997,2.3415146,0.13888635,-0.22229463,0.6236088275909424,0.18467121,2.295344114303589,1.263235
4998,2.209749,0.19683515,-0.034070067,0.7972886562347412,0.10203857,2.439018964767456,1.067399
4999,2.337387,0.17231467,-0.08514568,0.738074004650116,0.18944232,2.0742318630218506,1.7443578
5000,2.3022237,0.11335798,-0.09663683,0.7199758291244507,0.14650427,2.112976551055908,1.420815
5001,2.2179358,0.203747,-0.06520342,0.6241486668586731,0.14831145,2.3972156047821045,1.0401396
5002,2.2267685,0.12129664,-0.04299003,0.8489461541175842,0.12308451,2.4633126258850098,1.1320634
5003,2.351637,0.14518026,-0.17485863,0.8270511627197266,0.10022193,2.1704225540161133,1.41402
5004,2.2683036,0.18777175,-0.09945937,0.4712507724761963,0.20762606,2.4153459072113037,1.277833
5005,2.3178098,0.18831322,-0.12627427,0.6854053139686584,0.18106654,2.0810797214508057,1.5535537
5006,2.208676,0.1768844,-0.0003020211,0.6037877202033997,0.18985327,2.279257297515869,1.3997318
5007,2.2323468,0.1848381,-0.07191538,0.7468790411949158,0.16064472,2.5209522247314453,1.0332651
5008,2.278267,0.1434136,-0.049375582,0.6948650479316711,0.13265836,2.0011789798736572,1.3670424
5009,2.3333664,0.051731985,-0.12240778,0.8326897621154785,0.13204058,2.4898712635040283,1.1802578
5010,2.2258189,0.21362741,-0.104645126,0.4429866373538971,0.22829269,2.1768782138824463,1.52314
5011,2.2974,0.20809403,-0.069667764,0.6021562218666077,0.23546292,2.222842216491699,2.3359911
5012,2.3376267,0.21344306,-0.16042864,0.7715390920639038,0.14668337,2.0532660484313965,1.247385
5013,2.3242476,0.12837234,-0.109545134,0.8329126834869385,0.12646808,2.135467767715454,1.3801405
5014,2.3177485,0.13526347,-0.08994034,0.8141161799430847,0.11928664,2.1736629009246826,1.2040851
5015,2.2690356,0.14944495,-0.124387205,0.814812183380127,0.107595615,2.4118471145629883,1.2080032
5016,2.3594136,0.09404374,-0.1836518,0.7482870221138,0.13523659,2.1192266941070557,1.1722169
5017,2.321222,0.13707632,-0.09201449,0.7382361888885498,0.15202653,2.124441623687744,1.2468523
5018,2.2109776,0.19580573,-0.13555388,0.5027391910552979,0.23267095,2.245453119277954,1.1368693
5019,2.2337668,0.13072748,-0.09339848,0.7428351044654846,0.1605367,2.370816946029663,1.0401524
5020,2.304446,0.14808585,-0.057064764,0.8028565049171448,0.13329266,2.130324602127075,1.64397
5021,2.291492,0.13526878,-0.16313212,0.5428088307380676,0.16780512,2.3387551307678223,0.95275414
5022,2.1754532,0.12832013,-0.013064312,0.6769611239433289,0.16542745,2.5889663696289062,1.0955509
5023,2.1881006,0.12935977,-0.047213353,0.5923181772232056,0.17715004,2.3912439346313477,1.1123489
5024,2.257467,0.15879618,-0.08669296,0.8434480428695679,0.06940989,2.28613543510437,1.0590181
5025,2.27535,0.23200129,-0.17901844,0.8045050501823425,0.15044063,2.3702409267425537,1.2982152
5026,2.3564625,0.19633365,-0.025230497,0.7282788753509521,0.20357715,2.0725531578063965,2.0693924
5027,2.304615,0.11395558,-0.040702246,0.7468289136886597,0.15821792,2.0907986164093018,1.1940659
5028,2.3107262,0.12455103,-0.017855367,0.8439746499061584,0.121154115,2.362612724304199,1.445377
5029,2.2524908,0.110216916,-0.060568035,0.6982086300849915,0.19519666,2.3921029567718506,1.1905541
5030,2.2279627,0.2131173,-0.14320707,0.8271139860153198,0.105588995,2.3446788787841797,1.1290789
5031,2.3080866,0.24851707,-0.06357728,0.5912213921546936,0.22321898,2.0623786449432373,1.6921883
5032,2.2885506,0.19006632,-0.1419,0.8067229390144348,0.14653473,2.180304765701294,1.4052261
5033,2.2593856,0.020604411,-0.116216674,0.5510697364807129,0.21964055,2.390752077102661,1.1612296
5034,2.27524,0.13385579,-0.098523736,0.7701927423477173,0.18820912,2.3223159313201904,1.2398301
5035,2.411993,0.10310746,-0.13162942,0.7816615700721741,0.16377404,2.2926907539367676,1.35097
5036,2.2945235,0.2561275,-0.18312354,0.7842174172401428,0.14942265,2.4921867847442627,1.5025582
5037,2.267213,0.19079405,-0.15385434,0.7778539657592773,0.114746846,2.2503604888916016,1.1212196
5038,2.1699526,0.14306335,-0.027250847,0.6194895505905151,0.1534443,2.2564737796783447,1.136684
5039,2.2284665,0.15117869,-0.16238673,0.2977806031703949,0.20956485,2.3222365379333496,1.2062486
5040,2.1786003,0.15166774,-0.01062811,0.46839940547943115,0.18302162,2.427919864654541,1.1278144
5041,2.2484658,0.14544155,-0.04482146,0.6296703815460205,0.20650688,2.2892587184906006,1.9880888
5042,2.4085355,0.2685009,-0.20597439,0.7948949933052063,0.19455296,2.078023910522461,1.7509904
5043,2.2231088,0.20163925,-0.092477664,0.682259738445282,0.18055244,2.3613035678863525,1.1807414
5044,2.2063947,0.041668937,-0.105144605,0.7406543493270874,0.13187908,2.4856202602386475,0.87142044
5045,2.2311504,0.195904,-0.102632046,0.6266677379608154,0.17216548,2.4881904125213623,0.9116304
5046,2.2972014,0.19900508,-0.18311004,0.7682642340660095,0.16795522,2.4720966815948486,1.1551664
5047,2.2453976,0.15506767,-0.034485955,0.85,0.091890894,2.47438645362854,1.2140461
5048,2.292296,0.12728204,-0.012020955,0.8030855059623718,0.17150097,2.235471725463867,1.2683045
5049,2.2039478,0.14603795,-0.05302721,0.6644813418388367,0.18105845,2.3705880641937256,1.1177462
5050,2.2389772,0.1133977,-0.020158654,0.817775309085846,0.13651134,2.3906383514404297,1.292699
5051,2.2993033,0.24984077,-0.1770298,0.7822372913360596,0.15552013,2.444394826889038,1.40857
5052,2.2834425,0.17906217,-0.119466156,0.8024178743362427,0.14025468,2.390139102935791,1.2217273
5053,2.3239186,0.12632853,-0.17513643,0.85,0.10636856,2.424572467803955,1.173838
5054,2.2732816,0.17533487,-0.111723505,0.6277182102203369,0.19662394,2.2899093627929688,1.3429792
5055,2.3062775,0.13430163,-0.17647292,0.8069304823875427,0.13347897,2.498514175415039,1.2746553
5056,2.3042562,0.1814355,-0.114144266,0.85,0.097810954,2.4448494911193848,1.2275152
5057,2.22168,0.10095649,-0.035377163,0.8077086806297302,0.11936976,2.5806965827941895,0.9088356
5058,2.3346162,0.11005436,-0.09002384,0.8023491501808167,0.10164054,2.304950714111328,1.3948861
5059,2.3382628,0.18670645,-0.159392,0.5430835485458374,0.20171095,2.1047511100769043,1.5316523
5060,2.2542224,0.23502539,-0.09893219,0.6981396675109863,0.16712153,2.2849032878875732,1.2077338
5061,2.3202188,0.18605779,-0.12308191,0.7138267159461975,0.15580678,2.163825273513794,1.2161064
5062,2.2225926,0.17782788,-0.052298937,0.4863336682319641,0.23283927,2.275477886199951,1.3878418
5063,2.300137,0.13572352,-0.031774934,0.7724641561508179,0.13319857,2.3212549686431885,1.1629007
5064,2.3188062,0.16231711,-0.21835677,0.7633988261222839,0.16442057,2.422544240951538,1.1479793
5065,2.2806923,0.21230271,-0.04019573,0.8144721984863281,0.12823641,2.275075674057007,1.4973732
5066,2.3218055,0.1769094,-0.14057139,0.8467307090759277,0.112338156,2.3575215339660645,1.3032625
5067,2.2673388,0.17368142,-0.08600208,0.7477127909660339,0.21639599,2.2855384349823,1.421237
5068,2.2296584,0.13918276,-0.10376104,0.6189314723014832,0.17766303,2.5139758586883545,1.0667769
5069,2.3293445,0.16148278,-0.1640775,0.7841826677322388,0.10682854,2.3087141513824463,1.0754288
5070,2.317725,0.08942841,-0.062426697,0.616298258304596,0.20141897,2.2079243659973145,1.6756302
5071,2.2849882,0.23335776,-0.12401357,0.7386446595191956,0.14531289,2.2264273166656494,1.3578212
5072,2.1259995,0.24144115,-0.07124569,0.5232995748519897,0.20983598,2.5354044437408447,0.98458385
5073,2.335062,0.21746682,-0.080903955,0.7125890851020813,0.19975308,2.0552542209625244,2.012336
5074,2.3080108,0.15932414,-0.104726546,0.6489839553833008,0.20722689,2.250657558441162,1.6670611
5075,2.2855542,0.255435,-0.10609864,0.5313695073127747,0.18708083,2.2267556190490723,1.3935966
5076,2.2589746,0.12774493,-0.081436545,0.7300116419792175,0.18323037,2.36033034324646,1.4192181
5077,2.399138,0.14074278,-0.15274803,0.5047249794006348,0.22272414,2.102041482925415,1.8630197
5078,2.3090556,0.26529413,-0.15469964,0.7108522653579712,0.1860962,2.296860694885254,1.3446163
5079,2.3028784,0.14023998,-0.22468284,0.8158610463142395,0.12508386,2.582676887512207,1.0797001
5080,2.280724,0.154054,-0.057464834,0.6993170380592346,0.1414715,2.081789970397949,1.284747
5081,2.2659376,0.1908675,-0.08046464,0.8205507397651672,0.14871989,2.3776018619537354,1.3258414
5082,2.3013961,0.13038418,-0.12109659,0.7954084277153015,0.15380417,2.4142162799835205,1.2287375
5083,2.251735,0.15582764,-0.1594471,0.7054533362388611,0.17817882,2.384185791015625,1.0959802
5084,2.3665226,0.17180234,-0.13991794,0.7893072366714478,0.1772103,2.128887176513672,1.6821259
5085,2.350503,0.14022036,-0.14444569,0.7470560669898987,0.15207058,2.3304903507232666,1.4509082
5086,2.401152,0.082762145,-0.18605946,0.8362916707992554,0.12534219,2.1728620529174805,1.3303835
5087,2.3100584,0.17347638,-0.17048435,0.6747238039970398,0.14972718,2.3584649562835693,1.1401755
5088,2.297306,0.25433522,-0.1642657,0.7927455902099609,0.15860327,2.3850677013397217,1.2740589
5089,2.2843866,0.1906992,-0.3490519,0.8460084199905396,0.051108804,2.4607291221618652,0.8658189
5090,2.3815968,0.17028031,-0.13670662,0.7955179214477539,0.1651024,2.261679172515869,1.282559
5091,2.3713965,0.21901545,-0.053123552,0.7543523907661438,0.20071584,2.1117122173309326,1.6829023
5092,2.205753,0.21248731,-0.05861453,0.7449153065681458,0.18825746,2.4679653644561768,1.3755503
5093,2.315727,0.16209301,-0.21361801,0.8109820485115051,0.113673754,2.3426361083984375,1.1617285
5094,2.212428,0.19339254,-0.099389225,0.7626498341560364,0.18500088,2.597299337387085,1.0550436
5095,2.2009747,0.10579116,-0.04354566,0.6051439046859741,0.19580181,2.6837260723114014,1.1482183
5096,2.2694633,0.18679145,-0.07371786,0.5161541104316711,0.18685614,2.2230677604675293,1.4027488
5097,2.1773427,0.10510041,-0.052295946,0.5745128989219666,0.16199498,2.354363441467285,0.96634984
5098,2.279361,0.17749451,-0.014033895,0.6338565349578857,0.22006835,2.3936662673950195,1.4682605
5099,2.3093927,0.21604101,-0.14423719,0.720309853553772,0.14194643,2.318676710128784,1.1612754
5100,2.3826017,0.17748362,-0.11359089,0.8325620293617249,0.10910889,2.079697370529175,1.7000823
5101,2.2582176,0.0863366,-0.09159658,0.7634140849113464,0.16864933,2.4571757316589355,1.22897
5102,2.1885984,0.13710742,-0.024228448,0.6557542085647583,0.11712144,2.4096336364746094,0.8993468
5103,2.24289,0.09312737,0.007391943,0.7189584970474243,0.18146919,2.436352252960205,1.2740463
5104,2.2718256,0.17400181,-0.12619469,0.5129320025444031,0.24897808,2.2013542652130127,1.4230978
5105,2.270886,0.25637177,-0.15448575,0.6704646348953247,0.18795294,2.3799359798431396,1.662982
5106,2.3045673,0.13082966,-0.11613905,0.7054466009140015,0.1757348,2.1334993839263916,1.3186126
5107,2.2602332,0.1759445,-0.07611106,0.7592799067497253,0.15298927,2.0965819358825684,1.2381915
5108,2.2903485,0.22029859,-0.10095893,0.7917490005493164,0.13839379,2.2030904293060303,1.3001823
5109,2.3060844,0.102554575,-0.121544845,0.5543522238731384,0.16252762,2.3938581943511963,1.0037447
5110,2.2529476,0.18384048,-0.103305995,0.7145923376083374,0.15750821,2.450352907180786,1.152534
5111,2.3210819,0.21779442,-0.22274548,0.7419632077217102,0.1428065,2.18928861618042,1.41748
5112,2.2542255,0.14455992,-0.13052954,0.6852008104324341,0.17440954,2.2722113132476807,1.3352857
5113,2.2413468,0.17516254,-0.02251865,0.5597220659255981,0.19855274,2.42095947265625,1.4324236
5114,2.3441625,0.15264453,-0.110372834,0.578007161617279,0.20804673,2.1739840507507324,1.803104
5115,2.286766,0.09700705,-0.08967661,0.6285388469696045,0.19215736,2.5151350498199463,1.0337164
5116,2.3094401,0.14091074,-0.12629639,0.8089827299118042,0.09935892,2.4246270656585693,0.9686625
5117,2.2136908,0.17132735,-0.02778696,0.7342524528503418,0.16648859,2.3186099529266357,1.4055519
5118,2.361212,0.1390229,-0.08155717,0.8174734711647034,0.12999769,2.116551399230957,1.6869775
5119,2.4137132,0.13121077,-0.24693108,0.6345458030700684,0.1518839,2.0751428604125977,1.3868359
5120,2.3186932,0.1346252,-0.088101074,0.7674332857131958,0.11586908,2.046490430831909,1.2459968
5121,2.3033752,0.20158868,-0.12405478,0.85,0.08773693,2.139005661010742,1.4060967
5122,2.1956472,0.17857668,-0.027020374,0.41127142310142517,0.2145429,2.4097445011138916,1.0791095
5123,2.3552697,0.16319509,-0.061490163,0.7144558429718018,0.2109636,2.3598825931549072,1.3798013
5124,2.305798,0.145675,-0.079606146,0.7955009937286377,0.16142392,2.0931715965270996,1.4441828
5125,2.2713625,0.17225525,-0.17363502,0.6888659596443176,0.16190438,2.3803415298461914,1.0997486
5126,2.2214308,0.11728026,-0.11782142,0.5971938371658325,0.15981169,2.317579984664917,1.2477385
5127,2.3196883,0.17314352,-0.186359,0.7812643051147461,0.13485545,2.348621368408203,1.1774663
5128,2.265124,0.13831341,-0.020405987,0.7384216785430908,0.12566957,2.1557095050811768,1.1732296
5129,2.2473533,0.19722761,-0.071055874,0.6696599721908569,0.22209932,2.3275227546691895,1.4001986
5130,2.2391489,0.1536063,-0.021000203,0.6115614175796509,0.2028131,2.400369644165039,1.1364589
5131,2.2729545,0.16148421,-0.064317055,0.7031458020210266,0.1773687,2.3440561294555664,1.1880869
5132,2.265767,0.20958097,-0.0996041,0.7557186484336853,0.17991771,2.317495822906494,1.3918973
5133,2.2830267,0.14985636,-0.07550752,0.5843372344970703,0.24689631,2.0699455738067627,1.4706577
5134,2.2735338,0.080432996,-0.14606604,0.45147666335105896,0.19749488,2.4237985610961914,1.0993268
5135,2.2381763,0.10426016,-0.159359,0.534529983997345,0.18155195,2.3214845657348633,1.0499635
5136,2.1952784,0.17515582,-0.04387972,0.585174024105072,0.14662638,2.39725661277771,0.9944598
5137,2.3260596,0.029756043,-0.062229756,0.815934956073761,0.100965805,2.34076189994812,1.1495255
5138,2.2340117,0.14345577,0.0013390263,0.6177062392234802,0.15563086,2.2305562496185303,1.3436499
5139,2.239358,0.19553232,-0.0909703,0.7320324778556824,0.19518472,2.2678616046905518,1.5374439
5140,2.2341607,0.18301132,-0.1397863,0.7361376285552979,0.17221648,2.5002992153167725,1.2587163
5141,2.3180025,0.13867235,-0.11273941,0.7531391978263855,0.14900523,2.103992462158203,1.2368188
5142,2.2137713,0.11599799,0.028844237,0.804557740688324,0.1667124,2.46954607963562,1.1237634
5143,2.3359373,0.09393213,-0.09971738,0.7917645573616028,0.17422126,2.12078595161438,1.8133708
5144,2.3621638,0.12630442,-0.025467077,0.8075662851333618,0.14230885,2.0501351356506348,2.0301802
5145,2.2856596,0.2426945,-0.10880672,0.5938293933868408,0.19250596,2.0731613636016846,1.4621835
5146,2.3829358,0.18898053,-0.18919936,0.7932976484298706,0.1611133,2.0849804878234863,1.8008919
5147,2.3072228,0.13207452,-0.057676755,0.7983158230781555,0.13263935,2.3148956298828125,1.4008771
5148,2.2017403,0.11681172,-0.06589315,0.6754204630851746,0.14391509,2.2985188961029053,1.0882202
5149,2.2398467,0.20025635,-0.100359984,0.5836758613586426,0.21876062,2.1553144454956055,1.5307043
5150,2.2756844,0.10958444,-0.036028676,0.7517617344856262,0.14320016,2.343996524810791,1.1901999
5151,2.2983959,0.16530275,-0.18291248,0.5815041661262512,0.20557527,2.3752355575561523,1.4145448
5152,2.4090064,0.19984607,-0.14524882,0.8165989518165588,0.1525929,2.027670383453369,1.8698463
5153,2.2519722,0.12358232,-0.082659,0.7800166010856628,0.11832831,2.578819513320923,0.74983543
5154,2.2165737,0.17787306,-0.08973659,0.5521461367607117,0.21720715,2.3999478816986084,1.4753476
5155,2.2638063,0.23396938,-0.106677495,0.7264479994773865,0.13852322,2.2992727756500244,1.3065647
5156,2.2461803,0.18837665,-0.14608651,0.6718196868896484,0.14935733,2.3319149017333984,1.0429761
5157,2.2485375,0.1819127,-0.06266206,0.6750988364219666,0.21219279,2.414318084716797,1.0359212
5158,2.3842378,0.19970599,-0.19129393,0.6023596525192261,0.18844621,2.1135506629943848,1.7877074
5159,2.3037882,0.21072051,-0.16224904,0.7420855164527893,0.18070656,2.334043502807617,1.4802984
5160,2.2988074,0.17677751,-0.16534016,0.6542328596115112,0.16991417,2.1483168601989746,1.3153857
5161,2.323337,0.13661039,-0.064950995,0.6211422085762024,0.19093144,2.0876972675323486,1.7176704
5162,2.1304598,0.18771563,-0.068448,0.6547010540962219,0.14094266,2.6887032985687256,0.83103526
5163,2.3680916,0.13221198,-0.13979661,0.6726409196853638,0.1752735,2.26982045173645,1.4047092
5164,2.4027054,0.14189765,-0.054898944,0.817589521408081,0.1665075,2.1840620040893555,1.3784293
5165,2.2443414,0.12238726,-0.050487574,0.7861105799674988,0.120000176,2.3580775260925293,1.1457782
5166,2.194094,0.12278435,-0.0042408435,0.6677851676940918,0.19320776,2.146178960800171,1.3499655
5167,2.26958,0.18715934,-0.019128742,0.6775710582733154,0.18140568,2.2379655838012695,1.3568606
5168,2.3303776,0.17573719,-0.08479806,0.7996993064880371,0.13255225,2.1462247371673584,1.4263831
5169,2.3271391,0.22186758,-0.23689239,0.7063738703727722,0.17914669,2.4797232151031494,1.3117012
5170,2.3086357,0.13085863,-0.08968759,0.8363104462623596,0.13783436,2.437865972518921,1.201111
5171,2.3153677,0.09773789,-0.10211156,0.5929723978042603,0.20532495,2.2549078464508057,1.3391612
5172,2.2964256,0.17326899,-0.14622174,0.5167705416679382,0.22833072,2.3091280460357666,1.4434426
5173,2.2847967,0.13963695,-0.17298,0.6887873411178589,0.1926146,2.4980051517486572,1.1419808
5174,2.3262007,0.26306018,-0.2012345,0.8180052638053894,0.14246516,2.3331031799316406,1.6886939
5175,2.2152903,0.13504513,-0.10264892,0.7677403688430786,0.12406566,2.1323354244232178,0.94677645
5176,2.2366772,0.0882612,-0.06941923,0.8409225940704346,0.065763324,2.3768699169158936,1.022941
5177,2.394092,0.12819701,-0.15076639,0.8254441022872925,0.15830609,2.3238749504089355,1.5462283
5178,2.292315,0.117123894,-0.22279552,0.6439111828804016,0.16457953,2.379615068435669,0.97364813
5179,2.2899153,0.1166586,-0.10974797,0.6245430707931519,0.19899063,2.2467031478881836,1.4987339
5180,2.3589845,0.20741212,-0.15898535,0.6487040519714355,0.2167441,2.1049346923828125,1.6410536
5181,2.2592397,0.16987783,-0.07154688,0.7122061848640442,0.1547064,2.388786792755127,1.0884985
5182,2.3512383,0.24125686,-0.119329564,0.6953997611999512,0.19675292,2.0065083503723145,2.2401342
5183,2.3037457,0.23822927,-0.15810858,0.6775873899459839,0.1979662,2.13510799407959,1.5212159
5184,2.2909997,0.17753406,-0.096370816,0.8239473700523376,0.11437465,2.068544626235962,1.2923821
5185,2.3697639,0.17441627,-0.028635921,0.8200660943984985,0.15882409,2.3220009803771973,1.3423104
5186,2.2980084,0.21386473,-0.07832041,0.8222249746322632,0.14357002,2.3049066066741943,1.7506624
5187,2.2810018,0.07285752,-0.12373053,0.7209239602088928,0.1563053,2.255857467651367,1.2116569
5188,2.1777248,0.1385498,-0.046274014,0.5730764865875244,0.17103973,2.1864516735076904,1.1707517
5189,2.2076287,0.18030815,-0.11995363,0.7754277586936951,0.11200762,2.270364761352539,1.1442928
5190,2.263841,0.14694779,-0.08797892,0.5692219138145447,0.2293788,2.6044607162475586,1.1577066
5191,2.4912786,0.18056996,-0.1787637,0.7647590637207031,0.23300712,1.9853085279464722,2.1758094
5192,2.3535323,0.13111973,-0.09708594,0.540884256362915,0.08455244,2.102370262145996,1.4345832
5193,2.3199413,0.17953746,-0.16574766,0.45823580026626587,0.25699794,2.065232038497925,1.549469
5194,2.277684,0.14444356,-0.13152234,0.6762112379074097,0.22723047,2.420055627822876,1.0615151
5195,2.312658,0.18440792,-0.15316553,0.7137719988822937,0.16108716,2.4379959106445312,1.2401555
5196,2.2840478,0.143653,-0.112452246,0.703369677066803,0.15737216,2.32782244682312,1.2313318
5197,2.2410839,0.15272193,-0.07963972,0.7114263772964478,0.17214514,2.4635348320007324,1.0696188
5198,2.3162143,0.12379907,-0.12279702,0.6766919493675232,0.1774515,2.132535457611084,1.4303032
5199,2.3206599,0.15403515,-0.098846495,0.8304069638252258,0.085485026,2.396130084991455,0.959441
5200,2.3606281,0.18408592,-0.19388053,0.8146247863769531,0.11939509,2.3164689540863037,1.3041419
5201,2.171021,0.10316505,-0.08794375,0.584215521812439,0.20578168,2.5338897705078125,0.9498938
5202,2.2779315,0.14183776,-0.09430354,0.720221221446991,0.14806066,2.365201234817505,1.3168343
5203,2.2959294,0.07953201,-0.08481628,0.8269815444946289,0.13132523,2.450752019882202,1.129479
5204,2.2361147,0.08930912,-0.11148741,0.6638478636741638,0.15536761,2.3919684886932373,1.0699121
5205,2.18785,0.15335166,-0.042085726,0.779206395149231,0.13371782,2.3753061294555664,1.3470806
5206,2.269619,0.18729469,-0.11753027,0.48848339915275574,0.2054853,2.1768670082092285,1.2877476
5207,2.2975726,0.1555046,0.012166412,0.6812514066696167,0.20103407,2.1134743690490723,1.7423686
5208,2.204272,0.19361213,-0.0365839,0.5255650281906128,0.22081104,2.227674722671509,1.2410154
5209,2.3597972,0.20707762,-0.19853367,0.8278757333755493,0.0998539,2.095017910003662,1.5605346
5210,2.312499,0.105753526,-0.13208388,0.8033692240715027,0.14825359,2.208808183670044,1.4429355
5211,2.345048,0.14631881,-0.071788296,0.42050641775131226,0.18827158,2.0385055541992188,1.7787203
5212,2.2429962,0.19069965,-0.16353978,0.5395893454551697,0.23796248,2.3355159759521484,1.2559376
5213,2.227634,0.18727711,-0.03864957,0.7138461470603943,0.16445667,2.373403787612915,1.1253638
5214,2.341192,0.06831032,-0.07755247,0.5932891368865967,0.2020444,2.1972315311431885,1.4291553
5215,2.3110466,0.13959834,-0.11131516,0.6238254308700562,0.18765745,2.0753109455108643,1.48593
5216,2.267009,0.1721969,-0.06260382,0.4014013111591339,0.21260498,2.339954376220703,1.1849146
5217,2.199329,0.16345346,-0.071768925,0.5975767970085144,0.1831385,2.2290687561035156,1.2884585
5218,2.2975805,0.18415067,-0.101827,0.7828407287597656,0.15982622,2.3422112464904785,1.4397141
5219,2.2387662,0.10411291,-0.090178795,0.7072157859802246,0.14531244,2.5874242782592773,0.9820905
5220,2.2759295,0.1759165,-0.06628078,0.5500925183296204,0.21351472,2.1831822395324707,1.3876632
5221,2.2596228,0.06684968,-0.21013404,0.5590530633926392,0.15980239,2.482783794403076,0.8909811
5222,2.2725384,0.17786671,-0.06858261,0.5213556289672852,0.24457459,2.093001127243042,1.755623
5223,2.3733644,0.14829227,-0.040287443,0.6748101115226746,0.19051933,2.041459560394287,1.8569617
5224,2.3103197,0.14533511,-0.056297798,0.8451318740844727,0.08848565,2.4311375617980957,1.25034
5225,2.2328885,0.1523644,-0.053364526,0.8204612135887146,0.15134056,2.41327166557312,1.2693135
5226,2.323761,0.23953184,-0.16605164,0.7947359681129456,0.11887567,1.9164507389068604,1.9168719
5227,2.2872205,0.16419476,-0.19349054,0.7937526106834412,0.17339812,2.537576675415039,1.1460196
5228,2.2862594,0.25428653,-0.13827942,0.7899400591850281,0.14166784,2.344132661819458,1.1775577
5229,2.3088362,0.20204893,-0.18873405,0.834168016910553,0.0669128,2.3380837440490723,1.0459807
5230,2.2794497,0.11111637,-0.11288308,0.7730510830879211,0.11684869,2.290736675262451,1.2685071
5231,2.298842,0.16564156,-0.08918952,0.509433388710022,0.17737025,2.2549097537994385,1.3030165
5232,2.2445738,0.1068144,-0.10801708,0.5247143507003784,0.19074333,2.31583571434021,1.0874469
5233,2.1557925,0.20594011,-0.0053382115,0.828119695186615,0.1342231,2.611194610595703,0.9615645
5234,2.3018596,0.17239343,-0.11853271,0.5946131348609924,0.21633767,2.2926478385925293,1.5481967
5235,2.3117192,0.15131319,-0.121221945,0.323734849691391,0.21565437,2.1678414344787598,1.248462
5236,2.3838909,0.18421924,-0.109252036,0.6701518893241882,0.1989486,2.1928939819335938,1.8116889
5237,2.2997818,0.19023764,-0.19433668,0.7355659604072571,0.14639139,2.2999253273010254,1.1799773
5238,2.3305607,0.12446529,-0.065353744,0.722037136554718,0.17800146,2.336761713027954,1.5229337
5239,2.2301881,0.12996343,-0.09122232,0.8398532867431641,0.07436366,2.355924129486084,1.119911
5240,2.2122416,0.18478066,-0.05520331,0.7414736747741699,0.10990353,2.301908254623413,1.1486269
5241,2.3246555,0.15527976,-0.13591318,0.581236720085144,0.16976792,2.052407741546631,1.2708256
5242,2.2089403,0.15597242,-0.06906899,0.628190279006958,0.18310349,2.674104690551758,0.96254385
5243,2.3322072,0.1735806,-0.13674074,0.6515880823135376,0.1500669,2.1125617027282715,1.5150535
5244,2.3436482,0.2550731,-0.12037285,0.6565356850624084,0.20389357,2.098062753677368,1.7024617
5245,2.2705135,0.19840473,-0.09132851,0.6701942086219788,0.19533415,2.126513719558716,1.5001447
5246,2.2022908,0.12582998,-0.08955399,0.6055968403816223,0.19891204,2.474418878555298,1.2394973
5247,2.297999,0.18413985,-0.16019474,0.4142358899116516,0.2626156,2.13501238822937,1.723028
5248,2.3349946,0.18869495,-0.20230779,0.7449517250061035,0.1581503,2.164414167404175,1.3936667
5249,2.199992,0.15565874,-0.11137341,0.5396143794059753,0.17711319,2.4393105506896973,0.99260926
5250,2.2555032,0.2254045,-0.049337916,0.7198743224143982,0.18085712,2.1614153385162354,1.3445415
5251,2.3558922,0.19653021,-0.19557253,0.4696924388408661,0.30033422,2.1981852054595947,1.2867192
5252,2.324007,0.10336317,-0.122575805,0.7946311235427856,0.15341386,2.2605483531951904,1.3229518
5253,2.2702243,0.17075288,-0.122323304,0.5267497301101685,0.20178299,2.2773609161376953,1.2427274
5254,2.2085164,0.16389446,-0.027603263,0.6064062714576721,0.16468024,2.0876879692077637,1.2591963
5255,2.314459,0.12196914,-0.04825245,0.565994143486023,0.21620132,2.0560009479522705,1.923036
5256,2.2547836,0.18268181,-0.11137588,0.7800734639167786,0.114860676,2.481992244720459,0.94143057
5257,2.2481406,0.21410893,-0.16028999,0.7785077095031738,0.1420396,2.395555257797241,1.1596127
5258,2.303158,0.08574692,-0.10548077,0.8127268552780151,0.14043343,2.3030660152435303,1.2120465
5259,2.276149,0.13046949,-0.038553964,0.6854028105735779,0.19813333,2.2553951740264893,1.861805
5260,2.2095838,0.16226776,-0.12945268,0.31530851125717163,0.24270067,2.348461627960205,1.2155206
5261,2.221578,0.15117237,-0.124166586,0.5975765585899353,0.16549975,2.420938014984131,1.0247986
5262,2.3107421,0.13118188,-0.029764174,0.765182375907898,0.12515731,2.211520195007324,1.3533113
5263,2.2933643,0.13378128,-0.15512997,0.7097381353378296,0.1878693,2.3248159885406494,1.1778854
5264,2.3131974,0.13983034,-0.11663457,0.7339821457862854,0.19651823,2.163057565689087,1.7452561
5265,2.1702993,0.20016883,-0.023896217,0.7321158647537231,0.21334086,2.381889820098877,1.6835879
5266,2.3200595,0.17312218,-0.111751586,0.6586448550224304,0.15381908,2.1141905784606934,1.3527129
5267,2.2361217,0.083445616,-0.09326182,0.763360857963562,0.15479778,2.532578945159912,0.9834872
5268,2.2845304,0.29417178,-0.13580385,0.48136037588119507,0.22156407,2.0571906566619873,1.503484
5269,2.3475888,0.118207514,-0.12809426,0.7880398035049438,0.16046785,2.0088109970092773,1.6846354
5270,2.314953,0.13727517,-0.06481831,0.767736554145813,0.16468704,2.1334569454193115,1.581371
5271,2.3272963,0.1766993,-0.06611171,0.8238269090652466,0.15300189,2.0991902351379395,1.8285142
5272,2.3532221,0.19184612,-0.17104352,0.6869593262672424,0.17135711,1.9982300996780396,1.5681748
5273,2.373183,0.15640356,-0.12922871,0.8146806955337524,0.10398296,2.2737975120544434,1.0225719
5274,2.2751276,0.20347944,-0.1390729,0.44098109006881714,0.1989319,2.2851548194885254,1.2853458
5275,2.3011146,0.124690704,-0.020828575,0.7843203544616699,0.11105382,2.1294617652893066,1.2649881
5276,2.4116697,0.1450631,-0.16718808,0.8440128564834595,0.106065735,2.154097080230713,1.6582409
5277,2.2190936,0.19352661,-0.116624266,0.8311797976493835,0.11210192,2.4861011505126953,0.99629545
5278,2.2685292,0.19911008,-0.06929973,0.85,0.08378523,2.592362642288208,1.3451006
5279,2.3011763,0.11425717,-0.13629998,0.6429634690284729,0.18969329,2.0764780044555664,1.3118225
5280,2.3760104,0.21398145,-0.1889343,0.7733892202377319,0.15857835,2.3144679069519043,1.4821254
5281,2.2835066,0.14748842,-0.06563918,0.8059850931167603,0.09938667,2.27827525138855,1.156548
5282,2.1406443,0.22553906,-0.016217176,0.5291305780410767,0.1552185,2.195557117462158,1.0304592
5283,2.361051,0.078947514,-0.074336514,0.5845354199409485,0.23282583,2.063311815261841,1.8046671
5284,2.134318,0.14458793,0.008808966,0.47860202193260193,0.15218921,2.51255464553833,1.0355966
5285,2.181037,0.18278086,-0.10727659,0.5746917128562927,0.21052147,2.365206480026245,1.269547
5286,2.2256873,0.19168939,-0.06425877,0.5598657727241516,0.19658166,2.2088210582733154,1.4718698
5287,2.296159,0.16829498,-0.09854111,0.8411887288093567,0.11213508,2.0864930152893066,1.536518
5288,2.2830389,0.16784003,-0.027850652,0.4572504162788391,0.18662731,2.0413520336151123,1.5492759
5289,2.2720935,0.16756167,-0.11507653,0.8308823704719543,0.08996638,2.304802179336548,0.91555464
5290,2.3052897,0.1894209,-0.15140152,0.8463426232337952,0.12203004,2.1049773693084717,1.5780729
5291,2.1797717,0.18087192,-0.06963389,0.7857236862182617,0.15107061,2.4088780879974365,1.1567427
5292,2.4474208,0.20286813,-0.1722967,0.5232930183410645,0.2841384,2.1539220809936523,1.6298066
5293,2.166652,0.19816485,-0.028241614,0.37189099192619324,0.26236966,2.4671783447265625,1.2056147
5294,2.3198044,0.17449285,-0.07209296,0.8263545632362366,0.1342881,2.143134832382202,1.3996075
5295,2.2775908,0.22201407,-0.15016696,0.8131853938102722,0.14391723,2.4893720149993896,1.2684442
5296,2.226234,0.15163065,-0.16957568,0.6943437457084656,0.15013449,2.4770967960357666,0.92693835
5297,2.2697585,0.0767302,-0.07055812,0.6280190348625183,0.15498291,2.347360849380493,1.1777966
5298,2.225802,0.2048814,-0.17319569,0.7177162766456604,0.14257488,2.4798226356506348,0.9755261
5299,2.3297021,0.17441472,-0.12882622,0.6790235638618469,0.1931574,2.3483200073242188,1.1872084
5300,2.224535,0.13737819,-0.014042424,0.5479547381401062,0.21418592,2.345482587814331,1.1891087
5301,2.3991919,0.15718961,-0.14405492,0.646729588508606,0.17085415,2.2892613410949707,1.57147
5302,2.2816586,0.19353834,-0.1345493,0.5649780631065369,0.20180006,2.189394950866699,1.4342222
5303,2.3594587,0.09179639,-0.16464445,0.8055217266082764,0.12808491,2.397676706314087,1.0109416
5304,2.2368734,0.157759,-0.063236296,0.6357842683792114,0.21287315,2.311291217803955,1.567213
5305,2.3327632,0.118415125,-0.15500602,0.7382813096046448,0.16776183,2.3531651496887207,1.3731718
5306,2.3219438,0.07404778,-0.06284218,0.85,0.06351469,2.289837121963501,1.2551353
5307,2.3079016,0.1961682,-0.13138379,0.5589544773101807,0.15310504,2.065748691558838,1.3158889
5308,2.3304975,0.12990578,-0.1288204,0.7034966349601746,0.18561657,2.2121896743774414,1.2384357
5309,2.2896612,0.20643668,-0.2076127,0.5920014381408691,0.17748502,2.429088592529297,1.106424
5310,2.2314687,0.14673156,-0.045829132,0.5954376459121704,0.2096623,2.224177598953247,1.2474887
5311,2.299701,0.16563329,-0.089657955,0.7626680731773376,0.19713467,2.342745065689087,1.6909819
5312,2.2574096,0.228494,-0.10345013,0.6765254735946655,0.17658445,2.2622625827789307,1.0809683
5313,2.3158276,0.1775844,-0.20564309,0.8176612854003906,0.1664371,2.426921844482422,1.0505818
5314,2.256908,0.2626181,-0.11985377,0.6639861464500427,0.1678408,2.4287164211273193,1.1655608
5315,2.2874196,0.11587647,-0.08290131,0.585976779460907,0.18894361,2.3742117881774902,1.0082899
5316,2.272119,0.15592486,-0.050632257,0.7531599998474121,0.12614115,2.285306453704834,1.213229
5317,2.2637439,0.20628077,-0.17608865,0.7685976624488831,0.15376592,2.393674373626709,1.2265835
5318,2.3143494,0.16466895,-0.13374263,0.8005535006523132,0.12677282,2.142385244369507,1.2666699
5319,2.182818,0.12422011,-0.05317743,0.5382418036460876,0.1647412,2.225152015686035,1.0463505
5320,2.2557654,0.14446525,-0.19007728,0.5439052581787109,0.17884694,2.449571371078491,1.13097
5321,2.230283,0.15168685,-0.022280166,0.7126067280769348,0.18986759,2.37296462059021,1.4316059
5322,2.3494935,0.12208276,-0.1247666,0.5542818307876587,0.19771247,2.08895206451416,1.4648472
5323,2.1985629,0.10869688,-0.049592018,0.4171881079673767,0.2101293,2.462406635284424,1.0687144
5324,2.255911,0.19777739,-0.13906023,0.7774530649185181,0.12276528,2.3231096267700195,1.0724547
5325,2.2133374,0.11010768,-0.036217608,0.6187034845352173,0.19121733,2.400519609451294,1.2387594
5326,2.3665106,0.08066283,-0.20151284,0.7632453441619873,0.13975313,2.2407121658325195,1.1997887
5327,2.2137396,0.071162745,-0.043183126,0.4462290108203888,0.2193974,2.3452210426330566,1.1902493
5328,2.2793417,0.17895912,-0.1533099,0.6374941468238831,0.16099301,2.3878915309906006,1.0587543
5329,2.246804,0.14990442,-0.073771834,0.8428895473480225,0.12872556,2.3185532093048096,1.3905371
5330,2.1964607,0.18382695,-0.024515348,0.6901167631149292,0.1782321,2.4522321224212646,1.1770395
5331,2.3673728,0.19499257,-0.18561623,0.7677870988845825,0.12553787,2.220799684524536,1.3547502
5332,2.2193081,0.11245132,-0.100891404,0.8455561399459839,0.112743005,2.680830478668213,1.0167099
5333,2.3603582,0.14041927,-0.117605746,0.8016073703765869,0.13534719,2.1554477214813232,1.463682
5334,2.220508,0.18778086,-0.057464633,0.6730106472969055,0.20262621,2.4120569229125977,1.3196708
5335,2.2577786,0.21185544,-0.10049929,0.587645947933197,0.214448,2.2445507049560547,1.4753181
5336,2.2854452,0.19133623,-0.20607121,0.5838284492492676,0.15495558,2.0983428955078125,1.2844855
5337,2.3052468,0.15030654,-0.03839617,0.8041121959686279,0.11609317,2.3543388843536377,1.197889
5338,2.2238238,0.15394321,-0.07850902,0.7617262601852417,0.14337446,2.1280977725982666,1.31308
5339,2.3458645,0.18166843,-0.17200704,0.7708758115768433,0.17400233,2.131838083267212,1.5392921
5340,2.3065493,0.04442462,-0.114255324,0.6528547406196594,0.17776597,2.284116506576538,1.3617374
5341,2.2756274,0.17624538,-0.088367574,0.7512337565422058,0.1441379,2.414194107055664,1.1184611
5342,2.3275363,0.16347456,-0.1818609,0.7487648129463196,0.16742061,2.1591551303863525,1.4261168
5343,2.3079093,0.14364615,-0.01917692,0.5641912817955017,0.2628643,2.1190669536590576,1.5498035
5344,2.461374,0.18208742,-0.15164222,0.841054379940033,0.16151963,2.108508348464966,2.4102032
5345,2.3248222,0.18493561,-0.18970877,0.6207646727561951,0.17933317,2.191322088241577,1.3461652
5346,2.306388,0.19839577,-0.1437514,0.4338114261627197,0.2185954,2.1210906505584717,1.343501
5347,2.2922428,0.15717082,-0.13592464,0.727561354637146,0.1718646,2.3755385875701904,1.1888378
5348,2.2232263,0.22029214,-0.052630764,0.7292736768722534,0.18866375,2.489431858062744,1.5246762
5349,2.2135377,0.16013587,-0.09339748,0.8127290606498718,0.12472996,2.485283613204956,1.098284
5350,2.254425,0.22629333,0.030373862,0.7065991163253784,0.17676383,2.0690298080444336,1.4228325
5351,2.1836956,0.19083144,-0.01322043,0.811136782169342,0.13787355,2.4539361000061035,1.1926155
5352,2.2959337,0.078037605,-0.09531564,0.6527267694473267,0.21554314,2.2934041023254395,1.3526208
5353,2.2502105,0.13788891,-0.09242128,0.6420265436172485,0.17741686,2.3231618404388428,1.1402131
5354,2.175619,0.08832094,-0.05093245,0.646689772605896,0.17176893,2.4309542179107666,1.0162679
5355,2.367624,0.21853606,-0.093976855,0.763565182685852,0.18289773,2.065171003341675,1.5587294
5356,2.288441,0.16126151,-0.12734523,0.6231687068939209,0.18386446,2.415966749191284,1.2588159
5357,2.3402398,0.12705466,-0.06700931,0.6572753190994263,0.15425919,2.0661797523498535,1.588446
5358,2.25631,0.12369978,-0.08541954,0.4193532466888428,0.19761437,2.2475199699401855,1.2030809
5359,2.2242117,0.25299636,-0.107784376,0.6106447577476501,0.18848322,2.2513844966888428,1.1448469
5360,2.3560584,0.07443907,-0.12209095,0.6210917830467224,0.19502975,2.2224676609039307,1.480791
5361,2.2798567,0.14752612,-0.08393411,0.44740864634513855,0.21609557,2.3787708282470703,1.3115693
5362,2.2482445,0.15489417,0.0028940586,0.729461669921875,0.18225713,2.123661518096924,1.2853737
5363,2.3519964,0.21496654,-0.13211204,0.8246356248855591,0.1295185,2.255768299102783,1.884717
5364,2.2914736,0.093447454,-0.2036962,0.6817394495010376,0.17406313,2.4430627822875977,1.0772215
5365,2.2888994,0.20722224,-0.04925505,0.7909375429153442,0.19479722,2.3556015491485596,1.5312586
5366,2.2198045,0.20894602,-0.035659973,0.6116403937339783,0.19936365,2.2825942039489746,1.3829829
5367,2.347531,0.08275037,-0.1557555,0.7999370098114014,0.12735233,2.1238417625427246,1.4331061
5368,2.2974625,0.14721854,-0.13574642,0.6268489956855774,0.2114152,2.272108793258667,1.4339132
5369,2.2772675,0.1579228,-0.12147011,0.8437257409095764,0.096532956,2.4429004192352295,0.9215147
5370,2.2358332,0.19304667,-0.11896693,0.7935792207717896,0.1156673,2.550316333770752,1.0209942
5371,2.2727928,0.19980362,-0.06433715,0.8051352500915527,0.1264417,2.3052966594696045,1.122641
5372,2.2675219,0.1733548,-0.24082892,0.660817563533783,0.17808367,2.2618887424468994,1.3282797
5373,2.3709896,0.06838813,-0.13835415,0.8033020496368408,0.1561998,2.497767925262451,1.5531198
5374,2.3033407,0.17241544,-0.09756763,0.8418461680412292,0.14938878,2.2922463417053223,1.5742002
5375,2.2786448,0.09618764,-0.066745006,0.8194890022277832,0.13625509,2.4159250259399414,1.1380227
5376,2.2090466,0.16689888,-0.171484,0.5685715079307556,0.21013232,2.133546829223633,1.2129831
5377,2.3372014,0.15012574,-0.11235006,0.8497973680496216,0.08318184,2.3125619888305664,1.5361867
5378,2.3039968,0.14365308,-0.20886804,0.6836773157119751,0.20527092,2.459469795227051,1.3260831
5379,2.2487707,0.18317991,-0.11862443,0.6866450309753418,0.18257919,2.401393413543701,1.475486
5380,2.2592828,0.13913865,-0.16066009,0.7875080704689026,0.14186333,2.445998430252075,1.1549212
5381,2.3078325,0.20112705,-0.15941842,0.8381746411323547,0.12686437,2.3626952171325684,1.2791777
5382,2.2659237,0.19985832,-0.07270553,0.8126100897789001,0.14855674,2.343843936920166,1.233541
5383,2.1548154,0.25857443,-0.20113881,0.6066301465034485,0.19654594,2.4767513275146484,1.0154644
5384,2.3230367,0.15761164,-0.15808938,0.7199314832687378,0.16687925,2.165626049041748,1.3148739
5385,2.3126903,0.09356967,-0.116183326,0.742129385471344,0.12014166,2.2203755378723145,1.1640934
5386,2.3038492,0.1595103,-0.17481934,0.6737065315246582,0.15897414,2.324787139892578,1.2286525
5387,2.2512307,0.17424063,-0.14702176,0.6484133005142212,0.20235875,2.343120813369751,1.3617465
5388,2.3155391,0.1674411,-0.14144662,0.746732234954834,0.13953593,2.1357622146606445,1.5610033
5389,2.3142493,0.1489389,-0.1305051,0.6120477914810181,0.19173773,2.0776398181915283,1.3297498
5390,2.2830327,0.10782869,-0.046424735,0.6346362829208374,0.15587692,2.3820111751556396,1.1609548
5391,2.2822213,0.16269884,-0.02725821,0.5879468321800232,0.20945454,2.225454092025757,1.2239221
5392,2.3384748,0.21760984,-0.15144746,0.5567154288291931,0.17180203,2.188412666320801,1.4524739
5393,2.211201,0.14512037,-0.093298554,0.665744960308075,0.161245,2.7464394569396973,0.8153717
5394,2.2625952,0.2657042,-0.086175986,0.5978258848190308,0.20708114,2.4753007888793945,1.3908119
5395,2.2992892,0.14095521,-0.13435142,0.8477955460548401,0.08302468,2.386847972869873,1.3431678
5396,2.3320556,0.14655466,-0.12631896,0.85,0.09255304,2.263373374938965,1.554735
5397,2.2482848,0.1893869,-0.15826432,0.7794139981269836,0.116898485,2.4505128860473633,1.0295048
5398,2.3293557,0.14991602,-0.18473747,0.7688554525375366,0.1640785,2.352644920349121,1.3685155
5399,2.37752,0.113096386,-0.1570106,0.8149243593215942,0.15218465,2.337455987930298,1.4005585
5400,2.260944,0.1902221,-0.13845038,0.4165578782558441,0.28989288,2.1228833198547363,2.6114633
5401,2.332443,0.113340735,-0.08397131,0.8058282732963562,0.1358247,2.281967878341675,1.3975663
5402,2.3431988,0.10360347,-0.08989449,0.8042272329330444,0.17092067,2.173248291015625,1.3202813
5403,2.2073724,0.15575172,-0.022876237,0.4669397473335266,0.15783577,2.159580945968628,1.1518017
5404,2.2195482,0.18766078,-0.1361688,0.8281541466712952,0.12411807,2.2857251167297363,1.2727352
5405,2.31687,0.19251923,-0.17926227,0.7044296264648438,0.14100683,2.2991347312927246,1.3260725
5406,2.2680285,0.11987895,-0.09398565,0.7383792996406555,0.16007762,2.3074638843536377,1.2292094
5407,2.3340716,0.13271137,-0.082310095,0.7476685047149658,0.14377919,2.205860137939453,1.230268
5408,2.2947192,0.24436732,-0.08912256,0.8005531430244446,0.13641973,2.1526103019714355,1.5547161
5409,2.4440541,0.22878867,-0.18602815,0.8203188180923462,0.18626072,2.0937113761901855,1.4906335
5410,2.163679,0.24327847,-0.06533703,0.6432942748069763,0.17499566,2.5366079807281494,1.0434401
5411,2.343872,0.15343916,-0.13962384,0.7222302556037903,0.17870973,2.1487724781036377,1.4520458
5412,2.2479734,0.10297229,-0.013963673,0.44133666157722473,0.20541556,2.2935972213745117,1.0873209
5413,2.27003,0.14870605,-0.14481455,0.8248936533927917,0.07642131,2.2441530227661133,1.2667316
5414,2.2345781,0.09280614,-0.10324348,0.8355053663253784,0.1265164,2.420339822769165,0.85842586
5415,2.2912405,0.19280975,-0.052787468,0.7477247714996338,0.18899728,2.10758638381958,1.7978746
5416,2.2749321,0.15371741,-0.08309927,0.7412430644035339,0.14991042,2.4208767414093018,1.1172463
5417,2.2245715,0.1433761,-0.051317602,0.6679252982139587,0.16526762,2.159025192260742,1.3629917
5418,2.281782,0.17743248,-0.0071750483,0.7453560829162598,0.15484656,2.083965539932251,1.7367891
5419,2.346257,0.15998527,-0.18379699,0.6323938369750977,0.21575902,2.3622899055480957,1.2637197
5420,2.2990167,0.15992555,-0.12196939,0.7367203235626221,0.1505025,2.3391880989074707,1.1028149
5421,2.3164592,0.15220544,-0.058811814,0.5901773571968079,0.21294288,2.132718563079834,1.4261485
5422,2.2425797,0.21460913,-0.12957829,0.6025835275650024,0.17392796,2.2798802852630615,1.0109925
5423,2.222471,0.1879612,-0.10682606,0.4376448690891266,0.23588514,2.2145519256591797,1.8260342
5424,2.2714124,0.12595639,-0.12287191,0.45750948786735535,0.21560642,2.4298830032348633,1.2059143
5425,2.2724874,0.18449473,-0.13558248,0.7328806519508362,0.1931979,2.3923749923706055,1.3448443
5426,2.2833388,0.17896158,-0.16592059,0.6894579529762268,0.17823774,2.4431519508361816,1.157848
5427,2.2835982,0.2210966,-0.17041928,0.7324073910713196,0.14600994,2.3598861694335938,1.0381981
5428,2.337257,0.20288697,-0.03642118,0.7761920094490051,0.20129779,2.1077592372894287,1.894257
5429,2.3055694,0.12324035,-0.07241071,0.6722714900970459,0.18505515,2.1170499324798584,1.5434586
5430,2.2686377,0.12009939,-0.1981605,0.5507829189300537,0.18406108,2.4607367515563965,0.9315741
5431,2.24146,0.1455226,-0.1061315,0.7797335982322693,0.15095675,2.4766995906829834,1.2323397
5432,2.3354523,0.18539505,-0.086455196,0.7410346865653992,0.19800797,2.2621254920959473,1.5663218
5433,2.2176442,0.17907412,-0.080537796,0.6160056591033936,0.15680908,2.36305570602417,1.1316875
5434,2.3022244,0.19181623,-0.14557265,0.5802827477455139,0.1706768,2.3467867374420166,0.97737676
5435,2.273498,0.09813029,-0.05977824,0.547094464302063,0.165885,2.4109346866607666,0.95646274
5436,2.3280787,0.21728691,-0.1713508,0.5220757126808167,0.19865087,2.1465084552764893,1.3737358
5437,2.2175255,0.121235155,-0.10189945,0.40870800614356995,0.19869027,2.2856993675231934,1.119069
5438,2.3447714,0.14949709,-0.15160924,0.8346989154815674,0.1149764,2.308529853820801,1.5794234
5439,2.2259967,0.25461027,-0.11747149,0.7713893055915833,0.13377453,2.3457753658294678,1.2231687
5440,2.296753,0.18802808,-0.076444864,0.7946305274963379,0.12588908,2.2553815841674805,1.3112185
5441,2.354911,0.187272,-0.22020732,0.8252911567687988,0.10461683,2.4130852222442627,1.2204083
5442,2.2419584,0.17933069,-0.066285454,0.6748778223991394,0.14042729,2.4225258827209473,1.015552
5443,2.3770292,0.13820979,-0.15208083,0.7287589311599731,0.16722935,2.2297589778900146,1.411472
5444,2.3823178,0.087147705,-0.120842256,0.6037136316299438,0.21062428,1.23588228225708,1.7248033
5445,2.343456,0.1796214,-0.064149484,0.8283365964889526,0.15765885,2.018636465072632,1.6918597
5446,2.4182117,0.16216241,-0.21425845,0.5795868635177612,0.24943554,2.0712716579437256,2.046306
5447,2.2722397,0.23532669,-0.10390144,0.6612193584442139,0.17693408,2.207282781600952,1.5633293
5448,2.3648264,0.12471363,-0.19947161,0.671066164970398,0.19729702,2.2978036403656006,1.2414192
5449,2.2197642,0.1949454,-0.020230204,0.8475274443626404,0.12292699,2.505403995513916,0.9965525
5450,2.240679,0.13487397,-0.08597423,0.799907386302948,0.13133736,2.3776791095733643,1.1016023
5451,2.2163754,0.17559233,-0.0784928,0.7235062718391418,0.19102633,2.3925185203552246,1.4142348
5452,2.3414164,0.15971221,-0.24664474,0.6419673562049866,0.12862208,2.1882739067077637,1.3121036
5453,2.2664208,0.19158456,-0.13713126,0.7587392926216125,0.15020178,2.3730814456939697,1.1181908
5454,2.2410347,0.19580488,-0.073900476,0.6777293086051941,0.17209308,2.461691379547119,1.2030108
5455,2.2683134,0.17018959,-0.027536802,0.7478485703468323,0.1398353,2.316709280014038,1.2555941
5456,2.3084013,0.15192796,-0.11626243,0.8453800082206726,0.06728861,2.0809404850006104,1.7010521
5457,2.4173565,0.025391815,-0.14975727,0.8467498421669006,0.10561214,2.302807331085205,1.3867424
5458,2.319272,0.11819072,-0.12507665,0.8017898797988892,0.11969654,2.3521413803100586,1.2219056
5459,2.2628274,0.19644715,-0.12011133,0.7457469701766968,0.17294508,2.35591983795166,1.2575895
5460,2.312786,0.16973406,-0.24210317,0.4889584183692932,0.19318536,2.2490851879119873,1.3277429
5461,2.3141565,0.15633203,-0.09201413,0.44860225915908813,0.20846438,2.134768009185791,1.4140813
5462,2.1785223,0.16398239,-0.037976347,0.7530835866928101,0.11689051,2.556903600692749,0.98512316
5463,2.2765865,0.1451739,-0.0969654,0.7141765356063843,0.16623321,2.3530688285827637,1.0532681
5464,2.1239371,0.17390701,-0.009910809,0.8459999561309814,0.09183456,2.5878593921661377,0.85309076
5465,2.2091196,0.1439994,-0.007924547,0.8217025399208069,0.11007972,2.4065144062042236,1.070241
5466,2.2952545,0.15760659,-0.13616422,0.6459563374519348,0.1556185,2.181633710861206,1.271704
5467,2.3012788,0.019710734,-0.12120849,0.790083646774292,0.16443896,2.222944498062134,1.1775486
5468,2.32112,0.27732173,-0.13507885,0.5390832424163818,0.27731246,2.0755529403686523,1.5407236
5469,2.320521,0.16532001,-0.12252304,0.8287233710289001,0.10744136,2.298576593399048,1.4211142
5470,2.1963828,0.23196355,-0.089431986,0.8134512305259705,0.1410866,2.347255229949951,1.1507285
5471,2.3404124,0.0926522,-0.13526583,0.499404639005661,0.18279055,2.262773036956787,1.1356255
5472,2.2127662,0.18200718,-0.07139385,0.5626129508018494,0.22317089,2.2414419651031494,1.1051538
5473,2.307628,0.16106164,-0.15108354,0.7638490200042725,0.13032573,2.3678877353668213,1.2397976
5474,2.2460163,0.21342017,-0.060027685,0.7830519080162048,0.14438763,2.3072521686553955,1.2568705
5475,2.3324068,0.18974717,-0.1233398,0.7442798018455505,0.15654922,2.1931188106536865,1.3195798
5476,2.276069,0.1419829,-0.13294944,0.8347031474113464,0.10557214,2.2946650981903076,1.3314784
5477,2.2301195,0.09028609,-0.055533316,0.7285677194595337,0.15867847,2.419792413711548,1.0351137
5478,2.286149,0.19225508,-0.11971113,0.7167640924453735,0.13144809,2.286571502685547,1.1862091
5479,2.1853547,0.14611828,-0.03643538,0.7747981548309326,0.15729651,2.348180055618286,1.2257074
5480,2.2235205,0.19887443,-0.084320605,0.8148638010025024,0.15730432,2.6248743534088135,1.1203145
5481,2.363864,0.2261572,-0.08804129,0.7157722115516663,0.19524392,2.052586555480957,1.570758
5482,2.2125778,0.16844223,-0.079896055,0.8369937539100647,0.092209026,2.5450193881988525,1.004783
5483,2.3934546,0.07193471,-0.18947971,0.7347040772438049,0.164013,2.333672285079956,1.4208012
5484,2.3337276,0.13956605,-0.12807767,0.74945068359375,0.15001853,2.023160934448242,1.6473538
5485,2.317321,0.14707619,-0.076866895,0.7772089242935181,0.14912309,2.3342063426971436,1.2895383
5486,2.3121068,0.15851839,-0.09150671,0.7935761213302612,0.14529096,2.1271064281463623,1.5932356
5487,2.2794414,0.20070179,-0.24846491,0.765559732913971,0.14032182,2.5062201023101807,0.96590096
5488,2.3372006,0.16527127,-0.18311311,0.7469148635864258,0.16583887,2.2926015853881836,1.2296041
5489,2.3042881,0.15203638,-0.14852357,0.8466400504112244,0.10983316,2.3505327701568604,1.216309
5490,2.2815695,0.2558058,-0.15612392,0.34278541803359985,0.2104823,2.1537437438964844,1.4491425
5491,2.337059,0.16317424,-0.13272457,0.5280248522758484,0.22089909,2.056488513946533,1.8777974
5492,2.2511299,0.16308597,-0.13199335,0.29551491141319275,0.22342867,2.105064868927002,1.3049502
5493,2.2764118,0.31662735,-0.13177271,0.5759135484695435,0.21989684,2.1849172115325928,1.4609382
5494,2.2074134,0.14936878,0.0029156632,0.7969401478767395,0.099799365,2.2188117504119873,1.2694196
5495,2.283847,0.14175321,-0.17631689,0.598298966884613,0.19718546,2.3009538650512695,1.4231697
5496,2.3130343,0.12040801,-0.14563012,0.735500693321228,0.16574436,2.596773386001587,0.9086673
5497,2.2570405,0.23746924,-0.05362491,0.7271149754524231,0.1273699,2.364875078201294,1.2647306
5498,2.3282619,0.1562487,-0.117417336,0.6380510926246643,0.15672906,2.065891742706299,1.4823316
5499,2.1745324,0.18740083,-0.060744077,0.7714707255363464,0.17556904,2.2504642009735107,1.1664909
5500,2.2168589,0.20169334,-0.11633642,0.5167523622512817,0.20952332,2.3363490104675293,1.342784
5501,2.234182,0.21962504,-0.11201064,0.7710986733436584,0.16337505,2.3851146697998047,1.130342
5502,2.345999,0.18670155,0.006691138,0.8362793326377869,0.13888717,2.08955979347229,1.9979956
5503,2.2832425,0.05842694,-0.02509973,0.7342513799667358,0.17607044,2.1501059532165527,1.3115438
5504,2.3356712,0.16752963,-0.2122201,0.6345613598823547,0.17224605,2.2634174823760986,1.1738847
5505,2.2449713,0.13561375,-0.12761763,0.29656848311424255,0.2103709,2.3385202884674072,1.082767
5506,2.2410123,0.21317501,-0.03833966,0.5860017538070679,0.15674485,2.214228391647339,1.3805201
5507,2.2886357,0.13798217,-0.10673031,0.24537809193134308,0.25215593,2.0381968021392822,1.4801238
5508,2.1774783,0.19676603,-0.13528076,0.4522410035133362,0.17462127,2.4569637775421143,1.0297747
5509,2.296039,0.26771206,-0.14063087,0.8195377588272095,0.14175184,2.126741409301758,1.5914428
5510,2.2410116,0.20167449,-0.13921203,0.6585713624954224,0.16324306,2.5674891471862793,1.0767734
5511,2.4228992,0.20169635,-0.14990126,0.7211132049560547,0.21465163,2.2032527923583984,1.6772107
5512,2.2613761,0.22970983,-0.110898905,0.752164363861084,0.17026412,2.2855522632598877,1.4100373
5513,2.2504776,0.10159924,-0.03882256,0.4424493610858917,0.21108428,2.179731845855713,1.1952285
5514,2.3088427,0.14527671,-0.06354712,0.8244064450263977,0.13785818,2.1010749340057373,1.6349047
5515,2.2286835,0.1406426,0.11694127,0.8294775485992432,0.12901922,2.4675843715667725,1.1656965
5516,2.232824,0.14199406,-0.07229322,0.8281313180923462,0.13866071,2.5137314796447754,1.0123848
5517,2.3579257,0.21656574,-0.043061644,0.6260588765144348,0.1900786,2.0359983444213867,1.6592804
5518,2.316576,0.14341089,-0.16209303,0.6250463724136353,0.17603633,2.134089946746826,1.374648
5519,2.2801847,0.21484075,-0.07290372,0.6661794185638428,0.16714117,2.155212640762329,1.403139
5520,2.213711,0.17959516,-0.114538446,0.677925169467926,0.19001654,2.3217649459838867,1.1602212
5521,2.223411,0.10295909,-0.09456146,0.7285201549530029,0.14251041,2.1722559928894043,1.0384396
5522,2.2670732,0.10369698,-0.06509586,0.571649968624115,0.209847,2.405337333679199,1.3178128
5523,2.2403827,0.13968523,-0.095386796,0.7681682705879211,0.14281318,2.4181387424468994,1.0992172
5524,2.3437214,0.1686076,-0.26280847,0.7556540966033936,0.13764769,2.331556558609009,1.4063219
5525,2.32525,0.13380101,-0.03539992,0.7360265254974365,0.1700471,2.2227394580841064,1.685192
5526,2.1819365,0.2374591,-0.13141263,0.7520793080329895,0.12488579,2.6483120918273926,0.80648434
5527,2.2910821,0.14922763,-0.076088354,0.8272901177406311,0.119238555,2.2869315147399902,1.4314264
5528,2.3050494,0.092430435,-0.03567987,0.4897846281528473,0.2274675,2.080998182296753,1.6922127
5529,2.2903748,0.17637812,-0.08969029,0.5503517389297485,0.20415033,2.25091290473938,1.7637644
5530,2.3116338,0.2147503,-0.22113168,0.6438503265380859,0.17757872,2.3064486980438232,1.3159578
5531,2.3602018,0.19147539,-0.13668318,0.7587001323699951,0.19784135,2.116515636444092,2.1749907
5532,2.2062032,0.15121147,-0.16667764,0.6963068842887878,0.18590873,2.5764782428741455,0.9631048
5533,2.3544064,0.18530133,-0.19470698,0.7764378190040588,0.16782103,2.103736162185669,1.4225615
5534,2.3434162,0.19108388,-0.12062501,0.5501019358634949,0.22490956,2.0280990600585938,1.7095578
5535,2.3345788,0.17497267,-0.113851465,0.7534182667732239,0.18271187,2.121433973312378,1.4814962
5536,2.277777,0.2696679,-0.17594375,0.4967194199562073,0.23902422,2.2991836071014404,1.2449137
5537,2.3119924,0.042154524,-0.06484453,0.7710748910903931,0.15076877,2.22365665435791,1.45098
5538,2.2229285,0.10389199,-0.10434176,0.6703710556030273,0.19551307,2.564074993133545,1.1401777
5539,2.2851539,0.14970416,-0.098715976,0.528915524482727,0.23485379,2.224766254425049,1.4129205
5540,2.2288594,0.19831559,-0.023193944,0.6689143776893616,0.186042,2.2867038249969482,1.3069606
5541,2.237255,0.18468854,-0.05236623,0.8391053080558777,0.1502752,2.4710264205932617,1.1090223
5542,2.2619002,0.1172419,-0.1959537,0.593562126159668,0.13620862,2.638758897781372,0.75195354
5543,2.3068578,0.0929428,-0.14492649,0.5984159111976624,0.19821626,2.3531606197357178,1.380555
5544,2.2847378,0.14905292,-0.1212687,0.7765107154846191,0.113216214,2.366208076477051,0.99419636
5545,2.2606075,0.07765688,-0.12008736,0.5304804444313049,0.21970728,2.2397985458374023,1.3607731
5546,2.3557968,0.15850364,-0.2106406,0.6184049248695374,0.22663127,2.3117332458496094,1.3614216
5547,2.097914,0.21564642,0.011265577,0.6074761748313904,0.17932884,2.5525474548339844,0.8159627
5548,2.3236902,0.14692661,-0.062860236,0.80296790599823,0.1643669,2.2525572776794434,1.5460701
5549,2.2549565,0.16290464,-0.12972388,0.7008417844772339,0.17515166,2.4533443450927734,1.133736
5550,2.3590984,0.258794,-0.07277911,0.6335934996604919,0.22882126,2.0099401473999023,2.0889132
5551,2.2419953,0.15696163,-0.022356963,0.7884664535522461,0.15678924,2.5307977199554443,1.2343487
5552,2.2195685,0.13842304,-0.018727528,0.7351122498512268,0.16809084,2.3702805042266846,1.156618
5553,2.281624,0.1694201,-0.11194675,0.6805385947227478,0.19778922,2.3093528747558594,1.2797976
5554,2.2374504,0.17007107,-0.12466697,0.7297625541687012,0.16046819,2.319070816040039,1.1374835
5555,2.264573,0.2095009,-0.14746888,0.6005611419677734,0.19701669,2.3828537464141846,1.2399306
5556,2.3096175,0.08042364,-0.1192577,0.733353316783905,0.1758712,2.2716145515441895,1.215762
5557,2.3070426,0.107854724,-0.11419027,0.7725236415863037,0.15590881,2.222154378890991,1.3933958
5558,2.304418,0.08210858,-0.068320855,0.6336596608161926,0.1995373,2.1942458152770996,1.1530435
5559,2.4440663,0.07022905,-0.19451098,0.7555013298988342,0.21875143,2.07144832611084,2.059978
5560,2.4047244,0.11269762,-0.12308807,0.7307966351509094,0.17374155,2.0832366943359375,1.4752038
5561,2.3539798,0.1829329,-0.10673012,0.5105204582214355,0.2186701,2.092693567276001,1.5592436
5562,2.2308748,0.10756506,-0.109905675,0.6651085019111633,0.17837079,2.352573871612549,1.0771185
5563,2.2519026,0.17350028,-0.101896405,0.6746225953102112,0.1831647,2.298560619354248,1.1790488
5564,2.3168938,0.16465925,-0.07939807,0.8366333246231079,0.13563854,2.1081960201263428,1.8073764
5565,2.2846875,0.126776,-0.062470853,0.8123661875724792,0.1400483,2.328333616256714,1.2426443
5566,2.31003,0.18117611,-0.11380324,0.85,0.12309116,2.3132166862487793,1.5879389
5567,2.2141654,0.15666658,-0.14412004,0.5148640275001526,0.1908982,2.5788156986236572,1.0612109
5568,2.3010776,0.09545895,-0.09484515,0.7357275485992432,0.14444906,2.309358596801758,1.1727378
5569,2.3030276,0.1336989,-0.1941079,0.7123768925666809,0.19143063,2.3339028358459473,1.3774388
5570,2.3207767,0.21809942,-0.1605252,0.6973733305931091,0.1674252,2.183122396469116,1.3840548
5571,2.2607656,0.2097694,-0.16571198,0.7278647422790527,0.17230716,2.63103985786438,1.1120236
5572,2.3159366,0.16249534,-0.12425988,0.7579659223556519,0.17384622,2.1453793048858643,1.5807565
5573,2.2457736,0.11458596,-0.045088634,0.49699825048446655,0.22507674,2.5576443672180176,1.1019391
5574,2.192062,0.18515612,-0.062312253,0.8255507946014404,0.13798971,2.355747938156128,1.1193889
5575,2.2657628,0.1372238,-0.10530998,0.5361226201057434,0.2006328,2.113481044769287,1.4221143
5576,2.3144882,0.21685822,-0.04433772,0.7196159958839417,0.17358977,2.3115084171295166,1.3059466
5577,2.289908,0.058804836,-0.04787493,0.8441790342330933,0.11463082,2.4123456478118896,1.2044439
5578,2.2366405,0.2138463,-0.022556895,0.7623956799507141,0.13981767,2.379295825958252,1.0554926
5579,2.2911615,0.134948,-0.07117742,0.7619016766548157,0.16614963,2.3558924198150635,1.1815636
5580,2.3538141,0.12841558,-0.20092669,0.6572736501693726,0.19552173,2.3473174571990967,1.1743599
5581,2.3230746,0.05348222,-0.05135719,0.8445977568626404,0.1094391,2.344822883605957,1.2752169
5582,2.2939978,0.1173194,-0.11310389,0.6485598087310791,0.1462625,2.1532413959503174,1.3400211
5583,2.3291974,0.18714634,-0.12847199,0.8353812098503113,0.11928601,2.1944141387939453,1.2552432
5584,2.3435466,0.15604024,-0.11491502,0.48699718713760376,0.24988641,2.1412668228149414,1.381684
5585,2.27736,0.19230011,-0.15885922,0.551540732383728,0.20850375,2.423048257827759,1.0700464
5586,2.2952042,0.09968333,-0.08462107,0.7955217361450195,0.1557712,2.364518642425537,1.2092978
5587,2.3433552,0.18968038,-0.116007775,0.4638040363788605,0.21852402,2.0534424781799316,1.540652
5588,2.2894504,0.2118404,-0.12387393,0.7195495963096619,0.15625654,2.1655938625335693,1.2589843
5589,2.2487118,0.16769683,-0.12419091,0.735786497592926,0.1489122,2.5068142414093018,0.941068
5590,2.267932,0.15483129,-0.18417925,0.6152608394622803,0.17482497,2.430532455444336,1.1332358
5591,2.1300852,0.194634,-0.075563125,0.503530740737915,0.23925114,2.3762457370758057,1.1245648
5592,2.3113093,0.11962503,-0.03416457,0.6399154663085938,0.16683213,2.319708824157715,1.4982688
5593,2.3077283,0.17136216,-0.03264435,0.8122733235359192,0.10374814,2.3721835613250732,1.2297
5594,2.4155543,0.25489098,-0.19615656,0.7989096641540527,0.18648523,2.0979201793670654,2.1175175
5595,2.3194602,0.13157988,-0.19717075,0.7493081092834473,0.1487267,2.158191204071045,1.2603037
5596,2.3122592,0.17392206,-0.14005676,0.8361589908599854,0.10845252,2.4837958812713623,1.0838556
5597,2.333914,0.24820594,-0.04743401,0.7332979440689087,0.1958925,2.107595920562744,1.8283056
5598,2.2992003,0.19845106,-0.08362644,0.7622702717781067,0.18452103,2.307574510574341,1.4407741
5599,2.3137264,0.15108849,-0.060418915,0.8339095711708069,0.12526327,2.126145124435425,1.5686388
5600,2.281118,0.1530235,-0.053691354,0.8311389684677124,0.10147094,2.1965465545654297,1.2034742
5601,2.2668338,0.19771662,-0.14394058,0.6756439805030823,0.11788561,2.422910213470459,1.046923
5602,2.3344073,0.21892317,-0.07868148,0.6536681056022644,0.21708098,2.072368860244751,2.1001868
5603,2.2446942,0.23539463,-0.10849027,0.5973037481307983,0.19261059,2.6092867851257324,1.1723757
5604,2.337283,0.14664072,-0.12713552,0.8016442060470581,0.0980572,2.153620481491089,1.478402
5605,2.3418171,0.18344782,-0.13921086,0.8310843110084534,0.10285409,2.209345579147339,1.2971119
5606,2.1915865,0.25564063,-0.09743781,0.7362298965454102,0.18181765,2.5756423473358154,1.185572
5607,2.1957142,0.1308235,-0.01769614,0.6511237621307373,0.19414015,2.379601240158081,1.2312542
5608,2.329577,0.105681,-0.08255595,0.7623313665390015,0.17945582,2.1146912574768066,1.8431883
5609,2.2228231,0.18023801,-0.093534365,0.8142855167388916,0.12335797,2.6223180294036865,1.0465677
5610,2.1827202,0.24691236,-0.0501538,0.3355797231197357,0.25348273,2.292703628540039,1.3067889
5611,2.2223353,0.1724394,-0.042582583,0.6042272448539734,0.18951394,2.41917085647583,1.162746
5612,2.224936,0.19325814,-0.09609338,0.585609495639801,0.2264843,2.6403865814208984,1.2843878
5613,2.2641406,0.18270546,-0.04842516,0.5317478775978088,0.21539782,2.066845417022705,1.7625656
5614,2.28539,0.2605838,-0.14881024,0.5873225331306458,0.19713008,2.3425118923187256,1.3075762
5615,2.3660758,0.11906944,-0.13526976,0.7357938885688782,0.081437916,2.081604242324829,1.3661503
5616,2.2872694,0.19093926,-0.16470158,0.6944685578346252,0.18719004,2.3627328872680664,1.4124938
5617,2.3215456,0.097537346,-0.041805796,0.8422781229019165,0.12211003,2.0865485668182373,1.5061765
5618,2.3459775,0.20145035,-0.1360217,0.8321452736854553,0.09751217,2.1061830520629883,1.7006282
5619,2.3505402,0.12883049,-0.039447512,0.8444393873214722,0.10245313,2.360504150390625,1.212128
5620,2.1572762,0.21795467,-0.13271724,0.4738881587982178,0.21423578,2.3694353103637695,1.1623305
5621,2.3176036,0.035750337,-0.083787255,0.6050293445587158,0.17372188,2.3487064838409424,1.1336164
5622,2.2556424,0.13353705,-0.044755436,0.7417025566101074,0.17067358,2.1985299587249756,1.3556461
5623,2.3252242,0.15242684,-0.13481282,0.7952573895454407,0.12621045,2.2507107257843018,1.3703376
5624,2.2285042,0.16802351,-0.14796102,0.7069602012634277,0.18121761,2.6258280277252197,1.0138662
5625,2.3785965,0.14453481,-0.123190805,0.6812400221824646,0.21172015,2.0995211601257324,1.8410827
5626,2.2639146,0.1332362,-0.07773959,0.707599401473999,0.18538283,2.153454303741455,1.369052
5627,2.2270007,0.1980524,-0.0487545,0.7628996968269348,0.15114959,2.327929973602295,1.1306851
5628,2.3350236,0.17195442,-0.13261971,0.7280188798904419,0.19502412,2.181809186935425,1.489989
5629,2.3037736,0.18955812,-0.09245403,0.8447774648666382,0.0937925,2.2547593116760254,1.4473692
5630,2.2790582,0.14349183,-0.12913096,0.6377659440040588,0.15321802,2.0921709537506104,1.2855202
5631,2.247688,0.2571938,-0.11321401,0.7609339356422424,0.15924649,2.341878890991211,1.1319492
5632,2.1933887,0.16723035,-0.08316214,0.7928342819213867,0.14967461,2.7534067630767822,0.8855569
5633,2.3271372,0.22747137,-0.09775954,0.8182677626609802,0.17822231,2.025557279586792,2.2832618
5634,2.320067,0.2635389,-0.20869644,0.8352446556091309,0.08677658,2.287717580795288,1.2649895
5635,2.3144364,0.10981792,-0.031972416,0.6556958556175232,0.22050084,2.0045108795166016,1.656785
5636,2.3322206,0.19014256,-0.18546945,0.5737581849098206,0.18823634,2.206171751022339,1.4083471
5637,2.2749066,0.20878874,-0.07872581,0.2653387784957886,0.2438246,2.0497329235076904,2.0188332
5638,2.3752403,0.18568489,-0.22259247,0.5818454027175903,0.22892833,2.081186294555664,2.3286934
5639,2.305729,0.18509969,-0.1834554,0.7905756235122681,0.1151469,2.407756805419922,1.1071658
5640,2.3372614,0.24876991,-0.06273439,0.8232194185256958,0.15944879,2.1785948276519775,1.6603096
5641,2.2791212,0.24598895,-0.143086,0.6982290744781494,0.1928138,2.281151294708252,1.460169
5642,2.2375414,0.242212,-0.1188815,0.7678698897361755,0.13564447,2.446453094482422,1.1646549
5643,2.2842069,0.086653195,-0.014366443,0.5710480213165283,0.19610183,2.331602096557617,1.5386066
5644,2.353743,0.21743058,-0.06984268,0.5639206171035767,0.21804719,2.110130548477173,1.5957414
5645,2.24407,0.11556548,-0.12626801,0.5689594149589539,0.19432351,2.5930328369140625,1.0053042
5646,2.304428,0.16257636,-0.132301,0.8233357667922974,0.13078357,2.1218013763427734,1.3923402
5647,2.2809832,0.24359055,-0.18136777,0.7640731334686279,0.17336994,2.3079802989959717,1.2934936
5648,2.1648932,0.21961589,-0.15628843,0.38883450627326965,0.20243274,2.453406572341919,0.9888479
5649,2.1498077,0.14431658,-0.097555816,0.3879629969596863,0.24075444,2.5002317428588867,1.0667924
5650,2.2807622,0.19279878,-0.04570441,0.7454129457473755,0.17686838,2.3070552349090576,1.4015073
5651,2.2967703,0.21284415,-0.091919534,0.7075205445289612,0.19000581,2.2309701442718506,1.933131
5652,2.295571,0.04694133,-0.06457027,0.7395764589309692,0.16793188,2.3438661098480225,1.2323483
5653,2.2249346,0.14150761,-0.112479314,0.5782634019851685,0.20312358,2.4548330307006836,1.0873575
5654,2.2968218,0.19720003,-0.12406533,0.7640234231948853,0.16184023,2.0998871326446533,1.5557336
5655,2.2256544,0.20447634,-0.10066279,0.5191220641136169,0.2129615,2.4962666034698486,1.3088005
5656,2.336705,0.090061896,-0.13494015,0.6256691217422485,0.1867347,2.333436965942383,1.0518038
5657,2.3475852,0.15589108,-0.14374252,0.7689405083656311,0.16616097,2.2147951126098633,1.7100323
5658,2.247785,0.14248802,-0.11584471,0.5213062167167664,0.20422548,2.188169479370117,1.2795447
5659,2.2876146,0.1841116,-0.16568536,0.708673357963562,0.14956567,2.2614948749542236,1.278611
5660,2.2287147,0.16540603,-0.055470143,0.7877118587493896,0.14874437,2.4074504375457764,1.0471085
5661,2.2872531,0.13377611,-0.06760351,0.7063080072402954,0.15740144,2.170574903488159,1.501006
5662,2.3691196,0.1392043,-0.14106777,0.8262155055999756,0.10927591,2.256228446960449,1.2323576
5663,2.341776,0.18894677,-0.1293441,0.7687558531761169,0.1429367,2.052828550338745,1.6111751
5664,2.332101,0.07018424,-0.1663305,0.631161093711853,0.15746671,2.258455753326416,1.1923193
5665,2.3576424,0.17411882,-0.122927316,0.7899243831634521,0.13251022,2.1636745929718018,1.5018361
5666,2.2424357,0.18665782,-0.10415676,0.4275582730770111,0.21928121,2.602039337158203,1.2570323
5667,2.245554,0.07837847,-0.08535752,0.6291311383247375,0.19570895,2.0772714614868164,1.7213383
5668,2.3426278,0.13579662,-0.15840726,0.7563571333885193,0.16220753,2.301804780960083,1.4958478
5669,2.2457454,0.12107296,-0.04962991,0.684619128704071,0.17375433,2.445953130722046,1.1393282
5670,2.251478,0.13692051,-0.14331125,0.45548662543296814,0.2607179,2.451909065246582,1.165208
5671,2.3194132,0.13827659,-0.063162126,0.7869353294372559,0.14597185,2.118659019470215,1.2724882
5672,2.2710357,0.15890542,-0.14084284,0.7445724010467529,0.16482292,2.3745224475860596,1.0199306
5673,2.245495,0.17935818,-0.07723215,0.7300971746444702,0.145679,2.500359296798706,1.0757214
5674,2.2975976,0.16482292,-0.13201545,0.7737982869148254,0.1692991,2.394131660461426,1.3825494
5675,2.3704531,0.16134673,-0.18612185,0.7795945405960083,0.16011535,2.380498170852661,1.4086852
5676,2.2780755,0.18373398,-0.13498546,0.7478841543197632,0.17558777,2.3622124195098877,1.1320472
5677,2.1413865,0.27184236,-0.0553748,0.6633074879646301,0.16234402,2.4506943225860596,1.0520195
5678,2.3463593,0.12761909,-0.22184832,0.8449708819389343,0.08663108,2.4221692085266113,1.0857611
5679,2.4240901,0.20150702,-0.12981366,0.7999480962753296,0.16057111,2.0570881366729736,1.8456124
5680,2.2605846,0.23084922,-0.117945425,0.6948820352554321,0.1796637,2.358788013458252,1.198417
5681,2.3209357,0.18788269,-0.1837563,0.6816225647926331,0.16115707,2.1138012409210205,1.1500274
5682,2.1987102,0.16191208,-0.016533542,0.7086561322212219,0.17702867,2.527571439743042,1.1495659
5683,2.317543,0.1444401,-0.13276641,0.7200532555580139,0.18085024,2.1613545417785645,1.4361727
5684,2.3272727,0.1414394,-0.019160016,0.85,0.085328855,2.274454355239868,1.3133965
5685,2.268268,0.24627168,-0.12649545,0.7044795751571655,0.18554372,2.0932259559631348,1.7025701
5686,2.2767012,0.10193761,-0.039703682,0.7440997958183289,0.16824399,2.1079578399658203,1.4475554
5687,2.2465787,0.13078801,-0.11429775,0.712699830532074,0.16039746,2.2788920402526855,1.1741428
5688,2.2023296,0.17249307,0.016605224,0.7736334800720215,0.19166581,2.2130448818206787,1.4154725
5689,2.2806196,0.14276212,-0.12886712,0.6353786587715149,0.15277669,2.144808530807495,1.1671414
5690,2.2593668,0.15283467,-0.05401034,0.5395227670669556,0.17128609,2.1196372509002686,1.213392
5691,2.2625613,0.19289555,-0.08532729,0.7936407923698425,0.14915617,2.3429784774780273,1.3482659
5692,2.2809732,0.11296904,-0.15732917,0.36544251441955566,0.23955755,2.2983381748199463,1.3419119
5693,2.3087442,0.15760034,-0.13123901,0.5515037775039673,0.20995255,2.207249641418457,2.4665723
5694,2.2969694,0.13570493,-0.19993731,0.756251335144043,0.18917511,2.461944341659546,1.3147072
5695,2.2225423,0.12071066,-0.09435609,0.7350370287895203,0.13537584,2.442375421524048,0.98899335
5696,2.2816124,0.22224765,-0.1060944,0.48807311058044434,0.24168593,2.1444780826568604,1.5368757
5697,2.2440724,0.19000787,-0.13965604,0.7339500784873962,0.16140799,2.5718042850494385,0.9803571
5698,2.364629,0.13733895,-0.17113423,0.77201908826828,0.13202089,2.2623860836029053,1.2080032
5699,2.256481,0.12941122,-0.23179217,0.5934546589851379,0.16387986,2.4614081382751465,0.99176055
5700,2.2271812,0.1282926,-0.07139637,0.6942305564880371,0.17736922,2.474961280822754,1.0736693
5701,2.256282,0.21527512,-0.18081884,0.7402734756469727,0.16647552,2.17547869682312,1.1566054
5702,2.2334192,0.13396321,-0.12081601,0.8233813643455505,0.09343704,2.2774505615234375,1.1232616
5703,2.3059194,0.1885656,-0.087792456,0.7519091963768005,0.12145652,2.1262378692626953,1.2596009
5704,2.3422112,0.14246157,-0.15128115,0.8313919305801392,0.11451385,2.3717851638793945,1.2096456
5705,2.3004088,0.15291893,-0.14992273,0.5302493572235107,0.21487634,2.4230051040649414,1.2422159
5706,2.20353,0.22903082,-0.13661267,0.8023187518119812,0.13958132,2.3370659351348877,1.2298338
5707,2.2128139,0.12125224,-0.08153731,0.821520984172821,0.13785261,2.704861879348755,0.9709294
5708,2.1818132,0.19167903,-0.01694756,0.6523892879486084,0.18668686,2.3988354206085205,1.290165
5709,2.3216825,0.2366241,-0.14391476,0.6774910688400269,0.20151575,2.1322951316833496,1.7378901
5710,2.367167,0.15491992,-0.03508708,0.7137458324432373,0.18195596,2.0937445163726807,1.7203732
5711,2.2477999,0.21653078,-0.127471,0.4761997163295746,0.21913706,2.2812037467956543,1.3584229
5712,2.177923,0.13260236,-0.09909548,0.5731016397476196,0.20241414,2.738039970397949,0.9778841
5713,2.2652788,0.1835095,-0.0874851,0.8021965026855469,0.16697443,2.474409580230713,1.2150201
5714,2.149018,0.2595618,-0.14958735,0.6697474718093872,0.10984926,2.6205854415893555,0.7758477
5715,2.3697238,0.03549568,-0.1012359,0.5194416642189026,0.20795815,2.252908945083618,1.3824568
5716,2.2757463,0.19785504,-0.010015981,0.6100848317146301,0.21737231,2.1809520721435547,1.9878199
5717,2.279705,0.13631128,-0.08774997,0.7095785140991211,0.18041019,2.2197906970977783,1.2037381
5718,2.2259808,0.1669801,-0.1544805,0.8140932321548462,0.11894997,2.6549909114837646,0.94938236
5719,2.3796248,0.19262365,-0.1398217,0.8428710103034973,0.10465464,2.093999147415161,1.5453835
5720,2.366867,0.1724866,-0.14865486,0.6401923298835754,0.19809704,2.089966297149658,1.6938494
5721,2.3895845,0.11212977,-0.1729912,0.7906557321548462,0.1319173,2.114262104034424,1.4151919
5722,2.3806257,0.12648647,-0.09565253,0.7580917477607727,0.13586235,2.0826611518859863,1.3179371
5723,2.2929308,0.22331373,-0.22963,0.7336689829826355,0.1488511,2.357125997543335,1.2677923
5724,2.3110516,0.21724437,-0.17031938,0.7710403800010681,0.14935477,2.394378900527954,1.244254
5725,2.2529263,0.06515939,-0.10622272,0.7655259966850281,0.10263677,2.143467903137207,0.98122865
5726,2.3207898,0.1331435,-0.11144493,0.6513611674308777,0.18234923,2.057917356491089,1.8553941
5727,2.1667726,0.18605241,-0.15324822,0.5426003932952881,0.16114494,2.5903732776641846,0.77632874
5728,2.2770455,0.26110584,-0.14428626,0.531513512134552,0.17563784,2.0716311931610107,1.1871597
5729,2.31858,0.14816593,-0.04446432,0.8490201830863953,0.09328423,2.099959135055542,1.810835
5730,2.2697206,0.12999147,-0.043802176,0.8034319877624512,0.131484,2.166214942932129,1.4241868
5731,2.3309655,0.16047066,-0.12942924,0.723365068435669,0.18106005,2.1093080043792725,1.4579089
5732,2.2968826,0.20842671,-0.14267375,0.6541113257408142,0.18782397,2.087367057800293,1.7871779
5733,2.2076588,0.12140273,-0.016497437,0.8148229122161865,0.14457896,2.37274432182312,1.3571507
5734,2.3606088,0.13516669,-0.12539692,0.7616251707077026,0.14364485,2.249325752258301,1.2990766
5735,2.3662977,0.22903073,-0.18768775,0.7612709403038025,0.16069008,2.3221275806427,1.2981237
5736,2.2223618,0.15184107,-0.1056036,0.4067282974720001,0.20343442,2.428601026535034,1.0528342
5737,2.2659764,0.12860958,-0.039724555,0.8095436692237854,0.12612225,2.0665817260742188,1.3970531
5738,2.3812022,0.2643061,-0.18319704,0.85,0.14583212,2.3229191303253174,1.4392029
5739,2.2195415,0.119291015,-0.07777615,0.6908723711967468,0.18156254,2.5184130668640137,1.1029656
5740,2.2833908,0.09515064,-0.08341857,0.5987327098846436,0.21436684,2.5073094367980957,1.2661402
5741,2.3381221,0.14766815,-0.14588775,0.7310248613357544,0.16618721,2.1142256259918213,1.3519083
5742,2.2293215,0.14573738,-0.07947204,0.849246084690094,0.08636765,2.6379740238189697,0.82888544
5743,2.3489084,0.08314614,0.057645198,0.8048219680786133,0.13822684,2.3649895191192627,1.3480222
5744,2.20661,0.17315991,-0.042852756,0.6663845777511597,0.18094687,2.3943989276885986,1.1751301
5745,2.3006885,0.14363316,-0.16081998,0.7689380645751953,0.12636088,2.3966407775878906,1.0350775
5746,2.256565,0.18921049,-0.116417915,0.679872989654541,0.19766247,2.218641996383667,1.5820097
5747,2.3183398,0.16752067,-0.24758321,0.8120273947715759,0.16367695,2.2309417724609375,1.4179235
5748,2.2558806,0.17066473,-0.14189796,0.7633576393127441,0.15656848,2.160905361175537,1.3934766
5749,2.2843094,0.2019261,-0.07150017,0.8222253322601318,0.11054548,2.3005568981170654,1.205262
5750,2.2957013,0.17944007,-0.0060519464,0.7084053754806519,0.13324721,2.1934103965759277,1.3628615
5751,2.2415452,0.15819125,-0.019344384,0.7347921133041382,0.13214846,2.3583219051361084,1.1651213
5752,2.2343876,0.21973607,0.012196024,0.8463545441627502,0.14213444,2.333268642425537,1.4700053
5753,2.241612,0.18234491,-0.13740304,0.6263502836227417,0.20940918,2.438523530960083,1.2345932
5754,2.2847235,0.2146386,-0.067819096,0.6934943795204163,0.1983007,2.1346237659454346,1.601382
5755,2.3319275,0.149632,-0.031056553,0.6919505000114441,0.16105963,1.491803765296936,1.6212304
5756,2.2563186,0.20350927,0.075144395,0.7126020193099976,0.22547378,2.0779337882995605,2.1246288
5757,2.1491346,0.19577363,0.002674628,0.7285903692245483,0.15620005,2.465101480484009,1.0790473
5758,2.294401,0.13321207,-0.050533272,0.8385787606239319,0.09265339,2.091447353363037,1.305897
5759,2.2384818,0.27028078,-0.12218777,0.8449109792709351,0.13300648,2.455746650695801,1.1662256
5760,2.244972,0.21059686,-0.11588699,0.7239944338798523,0.17433017,2.4018771648406982,0.9908747
5761,2.242318,0.16023877,-0.16480212,0.6108797788619995,0.18576697,2.5912232398986816,0.99019957
5762,2.3052044,0.13010545,-0.12476384,0.5415536165237427,0.18854894,2.2949671745300293,1.2870228
5763,2.3337502,0.12792699,-0.11290509,0.8127166032791138,0.14901416,2.3521652221679688,1.2685981
5764,2.3321211,0.1660298,-0.1390525,0.8491304516792297,0.14693107,2.292457103729248,1.2669731
5765,2.4591892,0.18353578,-0.12745954,0.8054586052894592,0.18542399,2.034127712249756,2.0668514
5766,2.2849445,0.18849796,-0.055093743,0.6525692939758301,0.16570789,2.3379714488983154,1.303699
5767,2.2889688,0.14338255,-0.09444212,0.8284983038902283,0.129277,2.3262686729431152,1.1638498
5768,2.2595878,0.1836379,-0.117575414,0.6640039682388306,0.16733862,2.2991483211517334,1.1674939
5769,2.2445128,0.14275105,-0.058755,0.7472334504127502,0.16565883,2.372607946395874,1.0747215
5770,2.3180914,0.089340866,-0.14678034,0.47155311703681946,0.22231345,2.296152353286743,1.3141065
5771,2.1717474,0.21872187,-0.07201395,0.6330634951591492,0.1683912,2.29689621925354,1.0022166
5772,2.1968513,0.17027865,-0.15725693,0.5262315273284912,0.1729902,2.4669415950775146,1.0267036
5773,2.3710747,0.05182529,-0.13471188,0.5285934209823608,0.20789571,2.25514554977417,1.3850987
5774,2.3072836,0.2155218,-0.08968184,0.7408393025398254,0.17727825,2.4758195877075195,1.5676168
5775,2.1605747,0.12891392,-0.09764028,0.6842004060745239,0.16422366,2.376746892929077,0.97683364
5776,2.441319,0.16305673,-0.1758303,0.7948772311210632,0.18521059,2.0960071086883545,1.9435846
5777,2.2483408,0.12366686,-0.1122346,0.7181217670440674,0.19891015,2.2847392559051514,1.2380604
5778,2.2357056,0.11978002,-0.06474621,0.5455034971237183,0.18089315,2.3695664405822754,1.1128467
5779,2.2562256,0.199406,-0.06425634,0.8184295892715454,0.13142286,2.1829917430877686,1.2470428
5780,2.2880976,0.21887104,-0.17717394,0.6782867908477783,0.19107857,2.418976068496704,1.3267336
5781,2.3149552,0.13893886,-0.082502216,0.6700395345687866,0.21680151,2.0759668350219727,1.9023196
5782,2.4031157,0.14649543,-0.14504278,0.7765154838562012,0.16247813,2.3422956466674805,1.2598357
5783,2.321143,0.23919638,-0.063061744,0.8159850239753723,0.1305344,2.0719170570373535,1.5739818
5784,2.2801318,0.102476254,-0.019454602,0.7577201724052429,0.14898334,2.164508104324341,1.401234
5785,2.3757784,0.11849112,-0.0678846,0.8234173655509949,0.15802132,2.071786642074585,1.6631761
5786,2.3457992,0.16229728,-0.049411554,0.7468352317810059,0.15830372,2.1685585975646973,1.5138587
5787,2.190076,0.26133817,-0.07948553,0.649003803730011,0.17432444,2.344943046569824,1.1374921
5788,2.3075113,0.22643398,-0.20689377,0.693150520324707,0.18104054,2.335902690887451,1.3591739
5789,2.3355596,0.13696404,-0.1458338,0.7918729186058044,0.106692925,2.258884906768799,1.2812772
5790,2.1919222,0.15185533,-0.053768437,0.6878713965415955,0.17107171,2.398770809173584,0.94617033
5791,2.3075712,0.075394884,-0.07883854,0.7990779876708984,0.105735056,2.4623122215270996,1.3457139
5792,2.3411593,0.22216146,-0.21521804,0.8233247399330139,0.1327452,2.424278736114502,1.2761832
5793,2.3012493,0.24631903,-0.15679543,0.4816652834415436,0.21047208,2.114651918411255,1.6123269
5794,2.2906983,0.14464334,-0.08180053,0.587520182132721,0.22020039,2.0483832359313965,2.1405475
5795,2.2443721,0.24336827,-0.14973621,0.8429242372512817,0.11873032,2.223047971725464,1.2093381
5796,2.259402,0.15207829,-0.06942492,0.8211065530776978,0.11725122,2.3494796752929688,1.3590276
5797,2.4154685,0.13091446,-0.09560246,0.758477509021759,0.19553101,2.142282247543335,1.5605304
5798,2.2980974,0.15261678,-0.14660113,0.6102664470672607,0.17977461,2.358555555343628,1.2334356
5799,2.1617436,0.19576836,-0.109220356,0.5517376065254211,0.20624869,2.572650671005249,1.0160509
5800,2.231804,0.10284283,-0.10032546,0.8449978828430176,0.08981084,2.4156715869903564,0.94628155
5801,2.402524,0.16889203,-0.10772106,0.6477261781692505,0.1907243,2.042456865310669,2.1281102
5802,2.3463788,0.10267234,-0.14758338,0.5779414176940918,0.22651954,2.2742741107940674,1.5161756
5803,2.2753024,0.106122755,-0.14284588,0.6631312966346741,0.1762563,2.3057918548583984,1.2782693
5804,2.157291,0.22714366,-0.01809531,0.5392219424247742,0.22652398,2.3336079120635986,1.218534
5805,2.341918,0.1295152,-0.075529695,0.833875298500061,0.13354813,2.1037611961364746,1.4568725
5806,2.314017,0.13822451,-0.100444034,0.7687050104141235,0.18316884,2.2969119548797607,1.2518629
5807,2.2335107,0.2561609,-0.08400638,0.834785521030426,0.09195837,2.3356642723083496,0.9522625
5808,2.2956285,0.08935977,-0.12402611,0.6402063369750977,0.17406005,2.36141300201416,1.1021186
5809,2.2428565,0.23304366,-0.09254665,0.6935049891471863,0.19291493,2.3878071308135986,1.3241147
5810,2.4319465,0.0890062,-0.027074384,0.6295997500419617,0.23635226,2.0863046646118164,1.8134441
5811,2.260522,0.13293341,-0.14965561,0.7449156641960144,0.14749226,2.5224270820617676,0.94926274
5812,2.2200396,0.25919476,-0.18599747,0.85,0.07946925,2.553105592727661,1.0584751
5813,2.3919086,0.11250689,-0.21608374,0.5509352684020996,0.20958593,2.0544912815093994,1.5574334
5814,2.3157399,0.1346502,-0.07272486,0.8267912268638611,0.11791301,2.1595706939697266,1.5741113
5815,2.3142855,0.19641162,-0.09210149,0.5864722728729248,0.20040587,2.2307844161987305,1.8305848
5816,2.365762,0.1879607,-0.12022439,0.7976409792900085,0.16795066,2.072235584259033,1.5042201
5817,2.223171,0.2077405,-0.0823386,0.7332412004470825,0.1540052,2.3299527168273926,1.0028441
5818,2.2122583,0.17602903,-0.14212513,0.8002276420593262,0.13996576,2.494290590286255,1.0045426
5819,2.2840948,0.12810686,-0.04939904,0.8239505887031555,0.12115466,2.4419405460357666,1.2412616
5820,2.3726454,0.14381635,-0.19264272,0.7038530707359314,0.1620817,2.2240700721740723,1.3545327
5821,2.3104856,0.115188695,-0.07558076,0.6182581782341003,0.15377061,2.1378862857818604,1.1959916
5822,2.3147392,0.16591488,-0.21729541,0.5965127944946289,0.19361816,2.2827789783477783,1.328066
5823,2.3533194,0.16624403,-0.07972457,0.7249308824539185,0.1998687,2.1802749633789062,1.7813958
5824,2.2332344,0.19174631,-0.09859347,0.6871552467346191,0.18706062,2.2835025787353516,1.3123465
5825,2.2629201,0.13202971,-0.092349455,0.6583589315414429,0.15501647,2.2496449947357178,1.2212411
5826,2.2434418,0.27456832,-0.15892519,0.6677414178848267,0.17858338,2.3414273262023926,1.0769502
5827,2.3483357,0.16980426,-0.16047609,0.85,0.11821225,2.146843910217285,1.3649268
5828,2.3273761,0.21012273,-0.15763797,0.7416810989379883,0.15413657,2.223156690597534,1.3293765
5829,2.3007495,0.23572189,-0.19215682,0.8130025267601013,0.109633155,2.5277976989746094,1.1724035
5830,2.3035798,0.120767474,-0.017763311,0.7353229522705078,0.15784732,2.26628041267395,1.4754533
5831,2.263453,0.21551615,-0.09998667,0.8206450343132019,0.13010956,2.352205514907837,1.3256052
5832,2.2489982,0.192095,-0.07888569,0.7906492948532104,0.1578872,2.338184118270874,1.3674402
5833,2.3458757,0.20929447,-0.1502088,0.8467403650283813,0.11189358,2.356997489929199,1.3418988
5834,2.3008356,0.10650035,-0.16110712,0.7422723770141602,0.16215818,2.36570405960083,1.1382107
5835,2.2389395,0.054810345,-0.12844388,0.805354118347168,0.12607852,2.5809459686279297,0.93476325
5836,2.379248,0.24315538,-0.1387759,0.7829625010490417,0.18754607,2.1057233810424805,1.8931531
5837,2.1999655,0.18701144,-0.037247013,0.5841425657272339,0.2108454,2.2462284564971924,1.6457518
5838,2.315704,0.08244407,-0.11634088,0.8107752799987793,0.14167862,2.3111953735351562,1.2338735
5839,2.3204448,0.1016226,-0.14918621,0.7272117137908936,0.15262005,2.249680280685425,1.1861678
5840,2.4686754,0.14748584,-0.097824596,0.8311329483985901,0.18179947,2.0387582778930664,2.0852532
5841,2.2119153,0.17231616,-0.07866403,0.6115782856941223,0.1808591,2.4455928802490234,1.065826
5842,2.1890202,0.14556423,-0.13110487,0.5148624181747437,0.18671086,2.404878854751587,1.0171717
5843,2.3507564,0.13368914,-0.21268049,0.642938494682312,0.18641566,2.390052556991577,1.2797675
5844,2.2776914,0.0263656,-0.034805145,0.8004173040390015,0.15245295,2.4042129516601562,1.1281861
5845,2.289979,0.07150739,-0.056295168,0.731559157371521,0.15426281,2.2362821102142334,1.3845787
5846,2.2885375,0.1930998,-0.14107423,0.4900969862937927,0.15351722,2.3140664100646973,1.2099812
5847,2.3236418,0.09508033,-0.11808056,0.7386063933372498,0.12734659,2.147033452987671,1.2176874
5848,2.2577343,0.14505222,-0.09070685,0.7309061884880066,0.1542668,2.3705949783325195,1.105382
5849,2.3302681,0.19458711,-0.10605486,0.7361162304878235,0.16385765,2.087702989578247,1.5061404
5850,2.2838192,0.18832181,-0.07896955,0.6169989109039307,0.214823,2.1078970432281494,1.704506
5851,2.3297114,0.18473212,-0.098388016,0.7508728504180908,0.14753912,2.268134593963623,1.210328
5852,2.355625,0.14972185,-0.005778873,0.8205736875534058,0.15754303,2.236887216567993,1.6740198
5853,2.303256,0.129003,-0.11464693,0.7362222671508789,0.14671682,2.202237367630005,1.2609932
5854,2.2888603,0.21446763,-0.113258466,0.6847196221351624,0.1790826,2.265712261199951,1.3710078
5855,2.1768327,0.15251906,-0.08022698,0.7518235445022583,0.14762925,2.381373643875122,1.0565773
5856,2.307735,0.040418334,-0.11378815,0.48312732577323914,0.20955159,2.4593453407287598,1.2326968
5857,2.2946308,0.22910859,-0.09217712,0.7294284105300903,0.15060985,2.320129871368408,1.2710377
5858,2.244453,0.19730031,-0.10553325,0.4761960506439209,0.20308584,2.3360724449157715,1.1949266
5859,2.343794,0.20053093,-0.06811757,0.7772387266159058,0.16560669,2.1645126342773438,1.6205767
5860,2.3474114,0.15493684,-0.13164803,0.6683454513549805,0.1610008,2.1222689151763916,1.3850138
5861,2.2739506,0.18389302,-0.12155239,0.5200063586235046,0.17806423,2.355942964553833,1.1430051
5862,2.3314466,0.2101144,-0.07578779,0.5763704776763916,0.22047386,2.1018645763397217,1.8409119
5863,2.2914999,0.03370653,-0.12683542,0.5951027274131775,0.17959094,2.2631993293762207,1.1303765
5864,2.3733196,0.13616198,-0.10571212,0.7646281719207764,0.18676579,2.181323766708374,1.5825952
5865,2.257737,0.18907051,-0.03309772,0.8323761224746704,0.14708108,2.42462158203125,1.2525399
5866,2.1848707,0.1438378,-0.038632102,0.7871216535568237,0.11708731,2.0951013565063477,1.2514
5867,2.3124044,0.22470672,-0.18156475,0.7914955615997314,0.18035369,2.2642085552215576,1.4058404
5868,2.306848,0.14724192,-0.090119354,0.85,0.0810055,2.250723123550415,1.5225369
5869,2.285697,0.14468548,-0.09173377,0.8388099670410156,0.11082693,2.1886708736419678,1.141602
5870,2.3040998,0.08799879,-0.113182515,0.6584734320640564,0.19670455,2.424243927001953,1.3687025
5871,2.3403742,0.1481581,-0.1439479,0.8177297115325928,0.12218831,2.332657814025879,1.381601
5872,2.2587624,0.19706698,-0.08222376,0.7404331564903259,0.17054605,2.4112672805786133,1.3088119
5873,2.3261712,0.13002086,-0.06657719,0.7694482803344727,0.1892326,2.265594005584717,1.4384724
5874,2.3097415,0.18563637,-0.1828243,0.6179502010345459,0.17617202,2.317746639251709,1.2154872
5875,2.2279024,0.18924984,-0.070353396,0.7875028252601624,0.13371019,2.381052255630493,1.0954889
5876,2.3934548,0.15894859,-0.13355854,0.755215048789978,0.1706775,2.1357810497283936,1.6482784
5877,2.3755536,0.20796229,-0.16048835,0.6752023100852966,0.19667938,2.1013245582580566,1.8923799
5878,2.3518953,0.17009397,-0.11134549,0.6710940003395081,0.12949423,2.0769641399383545,1.3016019
5879,2.283186,0.19904073,-0.09842394,0.7883046865463257,0.13057588,2.1533732414245605,1.3138819
5880,2.1874576,0.21977298,-0.22727585,0.3334057629108429,0.25893667,2.593376398086548,1.1116782
5881,2.260512,0.17652178,-0.084454685,0.8357123732566833,0.15796457,2.513951539993286,1.2757094
5882,2.3484392,0.13212381,-0.0828686,0.8482716679573059,0.06998144,2.0292770862579346,1.8303361
5883,2.303835,0.16693972,-0.2718678,0.8371356129646301,0.08867375,2.381408929824829,1.2820415
5884,2.1696591,0.19442151,0.03857741,0.6960562467575073,0.18029958,2.476778984069824,0.97991014
5885,2.3219354,0.22272514,-0.16809072,0.7046011686325073,0.20000626,2.2530770301818848,1.5042791
5886,2.3312724,0.24395855,-0.14799085,0.7105571031570435,0.19218022,2.0631487369537354,1.7304021
5887,2.2919865,0.19095074,-0.038788296,0.7356475591659546,0.15306325,2.1842424869537354,1.4304342
5888,2.3030725,0.18521996,-0.07173299,0.6558758020401001,0.21562831,1.4576071500778198,2.8756473
5889,2.2443545,0.15049794,-0.12516151,0.49202775955200195,0.19886662,2.355708599090576,1.2205815
5890,2.1859117,0.18890254,-0.09858518,0.5714031457901001,0.17430311,2.394195318222046,1.0453966
5891,2.3177342,0.06499,-0.0074659516,0.5893028974533081,0.1717799,2.0770938396453857,1.3957887
5892,2.2026107,0.19050036,-0.11098417,0.5291648507118225,0.22420697,2.4480276107788086,1.3036207
5893,2.1875446,0.2438149,-0.07142605,0.8249799013137817,0.11814353,2.4976699352264404,1.037104
5894,2.2978473,0.06678821,-0.16440831,0.5454513430595398,0.13578154,2.366405963897705,1.0682287
5895,2.26881,0.16941808,-0.101083525,0.8210577368736267,0.13539027,2.339808464050293,1.3585345
5896,2.3075523,0.18428315,-0.1337671,0.8430048227310181,0.14557236,2.304502248764038,1.1597537
5897,2.173201,0.21618643,-0.016349884,0.8380254507064819,0.1045616,2.3352653980255127,1.1505789
5898,2.3497715,0.19008642,-0.21771237,0.6385046243667603,0.22166176,2.202122211456299,1.6531152
5899,2.235265,0.2048142,-0.009181231,0.7920202016830444,0.14123632,2.2752950191497803,1.1716403
5900,2.2520401,0.13077265,-0.08919422,0.7069120407104492,0.1653783,2.4151430130004883,1.1274499
5901,2.222123,0.20746134,-0.105136655,0.6806413531303406,0.18073973,2.349414110183716,1.4042126
5902,2.3679466,0.08254096,-0.120952986,0.7363124489784241,0.15334795,2.1474525928497314,1.4932327
5903,2.3068655,0.14764725,-0.12169038,0.5657458901405334,0.19873768,2.2528910636901855,1.6603948
5904,2.2923303,0.12732075,-0.09561413,0.8275994658470154,0.09867361,2.5068724155426025,1.0149895
5905,2.3851628,0.13238186,-0.18079945,0.7948952317237854,0.14845632,2.1076061725616455,1.6993463
5906,2.309104,0.25314856,-0.06591144,0.6395657062530518,0.20375314,2.1781861782073975,1.535916
5907,2.257442,0.15514047,-0.1264695,0.8375775814056396,0.13191445,2.262859344482422,1.1450839
5908,2.27345,0.19238642,-0.173349,0.7861605882644653,0.15960427,2.2943739891052246,1.2988683
5909,2.2572558,0.12774034,-0.004678683,0.743712306022644,0.16268755,2.1328415870666504,1.4119061
5910,2.34458,0.1591662,-0.1758572,0.5197591185569763,0.24425006,2.3686721324920654,1.4468338
5911,2.2590218,0.21616766,-0.12534405,0.35178330540657043,0.17578685,2.1584632396698,1.3163431
5912,2.25668,0.21279168,-0.051684003,0.6514177322387695,0.1785562,2.3259615898132324,1.1844234
5913,2.3266735,0.19283067,-0.18559769,0.85,0.10350721,2.5013039112091064,1.1562487
5914,2.3039405,0.15894794,-0.061634604,0.6784728169441223,0.18814696,2.1098859310150146,1.4705503
5915,2.3265471,0.1438266,-0.036521465,0.826345682144165,0.13734008,2.1067299842834473,1.6559255
5916,2.3128583,0.19635595,-0.104534924,0.603058397769928,0.20768799,2.0402393341064453,1.5648814
5917,2.2177126,0.20203368,0.032437164,0.5925634503364563,0.19107942,2.112570285797119,1.2540232
5918,2.3186681,0.19129252,-0.1870396,0.799965500831604,0.18693805,2.3335790634155273,1.5890715
5919,2.236858,0.100389265,-0.108857706,0.7320347428321838,0.14762706,2.469149589538574,1.0720397
5920,2.3950682,0.22314008,-0.21071383,0.7299180030822754,0.17081286,2.059396266937256,1.5717276
5921,2.3046517,0.10460508,-0.12495466,0.7501887679100037,0.156668,2.388551950454712,1.3830899
5922,2.2809904,0.10192369,-0.115921594,0.7025490403175354,0.14968473,2.130512237548828,1.395551
5923,2.282709,0.18797468,-0.05176699,0.5209892392158508,0.20381376,2.061631917953491,1.3193375
5924,2.2602885,0.20818356,-0.123746745,0.8328450322151184,0.12815002,2.4472458362579346,1.1999296
5925,2.2189572,0.1802855,-0.07776156,0.7583079934120178,0.12428153,2.287680149078369,1.126705
5926,2.2409267,0.11633819,-0.08105815,0.760480523109436,0.14912897,2.1236414909362793,1.2912792
5927,2.3335197,0.119795285,-0.15971357,0.4954163730144501,0.21614347,2.0853826999664307,1.4706482
5928,2.2742913,0.11647095,-0.13725545,0.7671746015548706,0.16324066,2.573676586151123,1.2075001
5929,2.3337615,0.26336718,-0.16042562,0.8124616742134094,0.15288153,2.1934804916381836,1.5050814
5930,2.2894218,0.07439765,-0.115942225,0.8140172958374023,0.15633693,2.4154677391052246,1.0828437
5931,2.1721213,0.20652322,-0.17266427,0.5831889510154724,0.16793118,2.3790526390075684,0.89641625
5932,2.16071,0.1384849,-0.085747674,0.673027753829956,0.18825102,2.441730260848999,1.1125189
5933,2.3047383,0.08771954,-0.0965689,0.7412284016609192,0.13876393,2.414395570755005,1.0959916
5934,2.3052473,0.17184572,-0.06393272,0.7252914309501648,0.17981163,2.0131664276123047,1.4923482
5935,2.3195486,0.07919378,-0.11834507,0.8287680745124817,0.08907023,2.404097557067871,1.0190843
5936,2.2959964,0.10345987,-0.10113777,0.8009254932403564,0.11509044,2.412161350250244,1.0947683
5937,2.299751,0.23841521,-0.123779945,0.7378574013710022,0.17228547,2.308109760284424,1.3182042
5938,2.2824843,0.09994881,-0.15775427,0.8057582974433899,0.113964826,2.2404632568359375,1.2722034
5939,2.3428783,0.12564509,-0.112551704,0.8157603144645691,0.12000566,2.3174867630004883,1.2282531
5940,2.1522002,0.17144465,-0.07175884,0.46890318393707275,0.17252897,2.609600782394409,1.2373004
5941,2.316669,0.15482868,-0.09907363,0.8220728635787964,0.13157782,2.332512855529785,1.571713
5942,2.3234339,0.08645255,-0.07274524,0.8088461756706238,0.13503517,2.3842270374298096,1.1797701
5943,2.3155808,0.12404221,-0.0931072,0.7688989043235779,0.17273206,2.2161612510681152,1.4458001
5944,2.3245537,0.13867064,-0.15227078,0.5097286105155945,0.19893886,2.2273991107940674,1.4821022
5945,2.265513,0.22223715,-0.12630238,0.8104577660560608,0.15491518,2.460319995880127,1.5161098
5946,2.2521915,0.18458927,-0.027211914,0.7801404595375061,0.1363061,2.3075244426727295,1.2484505
5947,2.2937424,0.06590398,-0.09212932,0.734140932559967,0.17120402,2.4093782901763916,1.3351448
5948,2.169205,0.16390346,-0.11945367,0.44370782375335693,0.21230407,2.558234453201294,0.859903
5949,2.2846274,0.10786169,-0.1524308,0.7186774611473083,0.1610941,2.371981382369995,1.2852958
5950,2.3237674,0.17297544,-0.04615142,0.6015204787254333,0.18543251,2.2943031787872314,1.5685782
5951,2.2257903,0.18507104,-0.045348573,0.6926292181015015,0.17465295,2.3532402515411377,1.0750306
5952,2.2790267,0.16068794,-0.07278093,0.6972879767417908,0.15752132,2.1229963302612305,1.4742064
5953,2.225214,0.18342108,-0.10611642,0.6889845728874207,0.19137518,2.451432228088379,1.2409974
5954,2.2620327,0.15069985,-0.12775469,0.7977132797241211,0.1118265,2.510040760040283,0.9419846
5955,2.2539368,0.22077447,-0.10084073,0.7627468109130859,0.15095155,2.298858880996704,1.1609156
5956,2.3607802,0.16283639,-0.050530314,0.3267136216163635,0.20774773,2.0120012760162354,1.8754205
5957,2.236324,0.13394378,-0.14652582,0.5058379769325256,0.15399313,2.3057973384857178,1.0255766
5958,2.2498991,0.19273093,-0.10632173,0.758629322052002,0.14863282,2.436612844467163,1.0923855
5959,2.2609766,0.15685311,-0.07211018,0.7533093690872192,0.13288887,2.404419422149658,1.0972352
5960,2.305601,0.17280449,-0.18348841,0.7640751004219055,0.14327894,2.2944188117980957,1.1907564
5961,2.3550112,0.14127076,-0.10466447,0.7463774681091309,0.1723134,2.285975217819214,1.4113581
5962,2.2515912,0.16648933,-0.16394539,0.7403586506843567,0.16775617,2.286027431488037,1.2685217
5963,2.314972,0.1258162,-0.1000363,0.8235483765602112,0.1039304,2.3208541870117188,1.4348477
5964,2.282823,0.11964901,-0.08789812,0.7751697301864624,0.15667036,2.3286190032958984,1.1599454
5965,2.2945118,0.22318552,-0.16073212,0.8435909152030945,0.11365828,2.226637363433838,1.6121919
5966,2.253797,0.13768852,-0.102602415,0.6536356210708618,0.21557295,2.3926947116851807,1.1449052
5967,2.2233038,0.2016747,-0.08531186,0.7108644843101501,0.18092182,2.5326755046844482,1.1812165
5968,2.246817,0.11204643,-0.1594357,0.5292634963989258,0.1827425,2.423717498779297,1.2254462
5969,2.2660651,0.22494975,-0.055705957,0.5946609973907471,0.19615938,2.1750504970550537,1.2525225
5970,2.3088973,0.15063861,-0.1422741,0.5020285844802856,0.20471345,2.2493245601654053,1.2301873
5971,2.3292255,0.13411137,-0.13701734,0.8268010020256042,0.12721825,2.345968246459961,1.355554
5972,2.2499151,0.10553632,-0.061169717,0.8051642179489136,0.15408169,2.3893563747406006,1.2172247
5973,2.3455894,0.20200114,-0.14643112,0.6735841035842896,0.1808958,2.090662956237793,1.6318952
5974,2.3311071,0.22983544,-0.08713374,0.7082340717315674,0.18723047,2.1733124256134033,1.8214856
5975,2.306393,0.2433943,-0.15785538,0.8464873433113098,0.10192845,2.111553430557251,1.6475017
5976,2.253809,0.20828618,-0.1295988,0.6034731268882751,0.1823897,2.2378957271575928,1.3619554
5977,2.240998,0.047563046,-0.033015687,0.781166672706604,0.122522034,2.529088258743286,0.7932753
5978,2.205946,0.14156748,-0.0709677,0.7288241982460022,0.16908716,2.425631284713745,1.0735993
5979,2.3270702,0.13386543,-0.097192064,0.8172555565834045,0.119339675,2.1604068279266357,1.2486024
5980,2.2120194,0.16272023,-0.06577141,0.793038010597229,0.15227725,2.3832616806030273,1.2113262
5981,2.3164272,0.18956974,-0.25874612,0.7559777498245239,0.14809433,2.3422317504882812,1.1549785
5982,2.4099069,0.10733309,-0.10025591,0.8002703189849854,0.15804218,2.240602731704712,1.3950256
5983,2.2913077,0.17213607,-0.07250575,0.7559261322021484,0.16443811,2.097780704498291,1.5829082
5984,2.338271,0.12812778,-0.16209069,0.8289588093757629,0.14227092,2.305534839630127,1.6990042
5985,2.3398895,0.112595096,-0.11430412,0.5918424725532532,0.22455212,2.2990214824676514,1.4510481
5986,2.2466986,0.11599831,-0.060348075,0.5569759607315063,0.22911932,2.3698461055755615,1.3253125
5987,2.277535,0.25477695,-0.11942053,0.7353145480155945,0.14603697,2.386864423751831,1.1336501
5988,2.2925043,0.15527523,-0.11330386,0.7642807364463806,0.1208129,2.2168214321136475,1.3319917
5989,2.2987242,0.19904086,-0.03067358,0.7832131385803223,0.15544201,2.097628116607666,1.7500988
5990,2.1923313,0.18735954,-0.096475005,0.7367415428161621,0.13620295,2.577951192855835,0.90305734
5991,2.2879946,0.16938038,-0.09160055,0.85,0.067882046,2.1159372329711914,1.2406582
5992,2.3277307,0.21795994,-0.14766993,0.6560814380645752,0.21474102,2.281381845474243,1.700505
5993,2.3099937,0.18616942,-0.12920126,0.779488205909729,0.147248,2.263348340988159,1.5108618
5994,2.3076797,0.1703973,-0.121332794,0.7412948608398438,0.15169258,2.7231481075286865,1.1974183
5995,2.2195256,0.18352678,-0.020666542,0.7560347318649292,0.1643679,2.283585786819458,1.3471651
5996,2.2914543,0.19183247,-0.15867539,0.6206894516944885,0.17480895,2.2671711444854736,1.3543643
5997,2.1872373,0.21732958,-0.075650826,0.5274190902709961,0.22406541,2.2857847213745117,1.5469507
5998,2.2638693,0.08989458,-0.035332423,0.7503732442855835,0.1564909,2.396265983581543,1.1207054
5999,2.2512991,0.09233633,-0.073253885,0.5908465385437012,0.1984088,2.457275629043579,1.3440143
6000,2.2343576,0.145508,-0.13540709,0.5968653559684753,0.1577876,2.278918743133545,1.0488257
6001,2.311518,0.1411342,-0.03284962,0.817872941493988,0.17346017,2.216376304626465,1.5404496
6002,2.3132505,0.12435078,-0.07082587,0.4779786467552185,0.18118462,2.3418526649475098,1.3650308
6003,2.3683195,0.09366988,-0.15204342,0.7135810852050781,0.16764094,2.365086555480957,1.2016175
6004,2.2331388,0.20842819,-0.029985791,0.6282962560653687,0.20753418,2.113142967224121,1.4800584
6005,2.2788486,0.124656886,-0.113988005,0.8366276025772095,0.09971609,2.2956085205078125,1.2543275
6006,2.2127104,0.106888555,-0.11263156,0.72918701171875,0.17135087,2.4301376342773438,1.0466839
6007,2.2608716,0.1659179,-0.1393798,0.6269583702087402,0.19606997,2.3786885738372803,1.169437
6008,2.3667734,0.11103476,-0.18399864,0.8051731586456299,0.15678962,2.141075849533081,1.4527497
6009,2.3175063,0.19853999,-0.12532501,0.7861436605453491,0.15537372,2.2652604579925537,1.3030416
6010,2.4057724,0.060190305,-0.152291,0.85,0.09677527,2.1734869480133057,1.4005595
6011,2.363853,0.25233573,-0.14976546,0.7006849050521851,0.18157987,2.0456995964050293,2.0657058
6012,2.3271396,0.15564008,-0.10367722,0.7255812287330627,0.16846092,2.366570472717285,1.1230236
6013,2.2414894,0.0841029,-0.09313639,0.6808921098709106,0.20377292,2.3163599967956543,1.3644351
6014,2.3360155,0.19773434,-0.10015595,0.7026444673538208,0.18413089,2.078042984008789,1.4992505
6015,2.2341409,0.16380331,0.025402986,0.8404250144958496,0.093708575,2.2504873275756836,1.4603778
6016,2.2524467,0.17592521,-0.0029573482,0.7151179313659668,0.15815563,2.281524896621704,1.3798289
6017,2.3847976,0.18598126,-0.18812127,0.5990443825721741,0.21547294,2.057352304458618,1.7995023
6018,2.24824,0.15311237,-0.025438493,0.6043392419815063,0.17064275,2.3431949615478516,1.1582601
6019,2.2956512,0.17426533,-0.019451808,0.6516315340995789,0.14249465,2.057485580444336,1.473263
6020,2.2382915,0.23496816,-0.08592351,0.5572275519371033,0.20140041,2.3674707412719727,1.1832482
6021,2.3409872,0.15275173,-0.043364346,0.6189924478530884,0.22521411,2.0112364292144775,1.8998665
6022,2.364728,0.15342166,-0.2060281,0.6124686598777771,0.18524414,2.2313523292541504,1.1405834
6023,2.2553415,0.19637835,-0.073046945,0.5219429731369019,0.19976659,2.0849804878234863,1.7311578
6024,2.2610683,0.15428452,-0.095760666,0.7955539226531982,0.108419836,2.087855339050293,1.1718209
6025,2.2749887,0.14381303,-0.09071666,0.36222273111343384,0.21386077,2.1489431858062744,1.3963333
6026,2.297975,0.12134263,-0.056665745,0.729214608669281,0.17836125,2.3074238300323486,1.0331643
6027,2.2794795,0.15893596,-0.07066503,0.5437089800834656,0.18915021,2.1717031002044678,1.2841331
6028,2.273576,0.17922328,-0.10777851,0.41644158959388733,0.23323485,2.1104166507720947,1.6233642
6029,2.3823445,0.2339462,-0.21669671,0.5039327144622803,0.30631793,2.0766592025756836,1.9275575
6030,2.345768,0.17395653,-0.08820501,0.7264267802238464,0.18017168,2.2645280361175537,1.6483228
6031,2.2877197,0.20235665,-0.15384191,0.5400586724281311,0.2549503,2.2915186882019043,1.6362226
6032,2.3668704,0.20888014,-0.17203934,0.8373001217842102,0.115825385,2.1341023445129395,1.8983366
6033,2.3502564,0.16365668,-0.18338425,0.8418937921524048,0.13698788,2.3407957553863525,1.5891885
6034,2.28037,0.12997742,-0.10060141,0.7716447114944458,0.1498231,2.141357660293579,1.326115
6035,2.299384,0.118812084,-0.1873548,0.5914045572280884,0.2045128,2.287329912185669,1.3388841
6036,2.3066826,0.21523835,-0.07058256,0.5047079920768738,0.23858342,2.0721545219421387,1.8886769
6037,2.2971425,0.12889256,-0.18131663,0.5537397265434265,0.20995711,2.1604790687561035,1.3756611
6038,2.2437243,0.1416048,-0.12229232,0.6040905117988586,0.20032215,2.4440560340881348,1.1803017
6039,2.3698578,0.15933181,-0.22447073,0.6257715821266174,0.20341903,2.0932700634002686,1.5545201
6040,2.3465846,0.1133799,-0.13044707,0.7668126821517944,0.19146362,2.4211373329162598,1.2365919
6041,2.2730753,0.06747799,-0.157337,0.8431520462036133,0.08173392,2.6339802742004395,0.8423454
6042,2.1297665,0.20602511,-0.0072087618,0.8015744686126709,0.12527585,2.6332290172576904,0.89497405
6043,2.3569112,-0.024453027,-0.14571677,0.5932812690734863,0.1712873,2.338808536529541,1.2060124
6044,2.3322167,0.17960973,-0.16707778,0.6281668543815613,0.21957305,2.367842197418213,1.510599
6045,2.2316332,0.21778074,-0.09939937,0.577716052532196,0.17278334,2.2913906574249268,1.291693
6046,2.3082044,0.15717392,-0.10791408,0.7376688718795776,0.17630582,2.273522138595581,1.1907624
6047,2.299565,0.14478832,-0.03826701,0.7644144296646118,0.19579025,2.057507038116455,2.379823
6048,2.3619237,0.16012283,-0.064176165,0.7325659990310669,0.17007318,2.2381591796875,1.5241609
6049,2.3220675,0.1512921,-0.14527485,0.5201125741004944,0.20799531,2.193871259689331,1.3777725
6050,2.3384516,0.12519345,-0.14974688,0.6694024205207825,0.21048574,2.2699460983276367,1.7813172
6051,2.282491,0.11642158,-0.079987414,0.8132237792015076,0.14904568,2.1967310905456543,1.4227949
6052,2.3279493,0.172618,-0.097804725,0.8229190111160278,0.13641487,2.3694145679473877,1.2969813
6053,2.3470519,0.19798695,-0.13304739,0.7600977420806885,0.17261088,2.2446579933166504,1.5635856
6054,2.2352958,0.22652386,-0.02569688,0.8402765393257141,0.109564394,2.374596357345581,1.1693794
6055,2.251249,0.10365207,-0.11229665,0.739992618560791,0.16770844,2.3677875995635986,1.2039363
6056,2.360814,0.12201811,-0.19362204,0.7269718647003174,0.19061698,2.2979772090911865,1.3704597
6057,2.2156255,0.09902639,-0.06268422,0.768642783164978,0.14629388,2.4250588417053223,0.92858267
6058,2.1499326,0.19296408,-0.030081142,0.5550292730331421,0.20957735,2.363858938217163,1.1250833
6059,2.2550697,0.07330557,-0.105049886,0.7527350187301636,0.13142835,2.4313344955444336,1.0043484
6060,2.30349,0.13568859,-0.088759266,0.7598530054092407,0.18892975,2.298866033554077,1.4495697
6061,2.2185006,0.09721955,-0.12030906,0.8043674826622009,0.064038634,2.3977322578430176,0.89134604
6062,2.3275292,0.22254273,-0.10769823,0.7882063388824463,0.16427062,2.1667704582214355,1.5113312
6063,2.2062504,0.25214058,-0.10169935,0.624264657497406,0.21806549,2.2844083309173584,1.716794
6064,2.3622606,0.2158866,-0.2154407,0.7098767161369324,0.16394055,2.112966775894165,1.6729835
6065,2.284556,0.18885678,-0.09579453,0.593520998954773,0.21869944,2.1062629222869873,1.6253844
6066,2.326735,0.15478581,-0.1104467,0.6245342493057251,0.21095467,2.127453565597534,1.564587
6067,2.2323406,0.24073467,-0.07803245,0.7035226821899414,0.1882326,2.108616352081299,1.3388355
6068,2.2575793,0.12836139,0.053538185,0.7122619152069092,0.1659398,2.312110662460327,1.2182444
6069,2.3007653,0.20605019,-0.17770705,0.4272049069404602,0.23981318,2.1970722675323486,1.3286519
6070,2.2646658,0.09950672,-0.16000104,0.6862315535545349,0.12975591,2.454416036605835,0.9979566
6071,2.2227035,0.2323294,-0.011694579,0.76811283826828,0.14816582,2.1537904739379883,1.4804251
6072,2.3201504,0.16827205,-0.18781045,0.7959051132202148,0.1291162,2.3665552139282227,1.0687362
6073,2.2792351,0.22750215,-0.06469746,0.6158778071403503,0.18344554,2.2479071617126465,1.1724483
6074,2.3073854,0.13507907,-0.0933966,0.8194410800933838,0.14334342,2.2977309226989746,1.4720044
6075,2.3522103,0.1448903,-0.07256994,0.7883127927780151,0.15930273,2.072528839111328,1.7356194
6076,2.298794,0.124041,-0.1345129,0.8268288373947144,0.15408981,2.1823678016662598,1.3319552
6077,2.4094632,0.15070261,-0.20918278,0.7449102997779846,0.16415596,2.1254851818084717,1.5079191
6078,2.260362,0.1467086,-0.10870008,0.5216303467750549,0.2032166,2.257863998413086,1.2831973
6079,2.325975,0.14459725,-0.15560314,0.45964768528938293,0.20505269,2.2808303833007812,1.3689116
6080,2.3278933,0.2754511,-0.14476599,0.704416036605835,0.20020804,2.0654358863830566,1.7130536
6081,2.300593,0.16511527,-0.11957155,0.771057665348053,0.1747599,2.5073482990264893,1.324948
6082,2.2948678,0.14529434,-0.115451574,0.7665237188339233,0.12829284,2.2552108764648438,1.307555
6083,2.2577817,0.17597668,-0.047799353,0.8451157808303833,0.095662214,2.355173349380493,1.2504399
6084,2.2490597,0.107093096,-0.1429993,0.4247826933860779,0.19352734,2.3248813152313232,1.1138062
6085,2.2657504,0.1545214,-0.019203091,0.789082944393158,0.16640396,2.2767584323883057,1.4567056
6086,2.1836808,0.21599598,-0.09098409,0.8013678789138794,0.14330682,2.6613309383392334,0.88259286
6087,2.2332323,0.14764097,-0.06321461,0.85,0.09772547,2.4970381259918213,0.99085134
6088,2.3197029,0.12160784,-0.031649332,0.8004924058914185,0.12812799,2.1195452213287354,1.1620094
6089,2.282636,0.20391181,-0.1970115,0.7255625128746033,0.15265658,2.254038095474243,1.2092861
6090,2.308978,0.12604982,-0.0597486,0.7715702056884766,0.15630715,2.0791211128234863,1.9097041
6091,2.2953959,0.23275423,-0.071790636,0.7997803092002869,0.17158797,2.119746446609497,1.489236
6092,2.2785647,0.19083166,-0.12094057,0.8362191319465637,0.10244238,2.3266615867614746,1.1169608
6093,2.2734153,0.2155713,-0.15832147,0.3384213447570801,0.24373884,2.0509912967681885,1.588946
6094,2.3406608,0.20316842,-0.09279058,0.7796212434768677,0.17643207,2.3209006786346436,1.5375205
6095,2.3130887,0.16519016,-0.12632704,0.6188880205154419,0.20782498,2.0923848152160645,1.1967251
6096,2.3284037,0.1608466,-0.1298147,0.8396793007850647,0.15940863,2.1363608837127686,1.5924542
6097,2.2280154,0.1582175,-0.08226004,0.6859362721443176,0.16004978,2.154510259628296,1.1018595
6098,2.2476196,0.14894266,-0.14630651,0.6938320398330688,0.14982381,2.1278507709503174,1.1576754
6099,2.243508,0.12936096,-0.114630185,0.6830530762672424,0.19072233,2.587996482849121,1.0269357
6100,2.3483167,0.2693906,-0.12842983,0.5221688151359558,0.27300236,2.1703028678894043,1.5631593
6101,2.2063603,0.11686297,-0.03597073,0.6782894134521484,0.16927607,2.4350855350494385,0.9798145
6102,2.3217359,0.088045135,-0.1515897,0.85,0.10458257,2.458439350128174,1.1983585
6103,2.2766986,0.15218057,-0.10635629,0.7553607821464539,0.18029362,2.374054431915283,1.1505162
6104,2.3711116,0.26096594,-0.1352475,0.7613511085510254,0.16372736,2.156027317047119,1.7417842
6105,2.3426213,0.20758832,-0.11612425,0.7662591338157654,0.19783159,2.316406488418579,1.7691646
6106,2.2557325,0.11822935,-0.16114414,0.570556104183197,0.19617349,2.2874972820281982,1.2432451
6107,2.3092299,0.11036453,-0.16396917,0.7482898831367493,0.18367432,2.3852434158325195,1.192584
6108,2.2449207,0.08132289,-0.11278777,0.5538931488990784,0.17390573,2.330843210220337,1.0517
6109,2.3352647,0.0760697,-0.18718177,0.7101998329162598,0.1797273,2.368774175643921,1.1651934
6110,2.2897806,0.14718086,-0.135273,0.8077811598777771,0.15004942,2.412264823913574,1.3029712
6111,2.342466,0.12838498,-0.10722297,0.8269912600517273,0.1550792,2.095900058746338,1.9711758
6112,2.3353355,0.20664075,-0.15731482,0.778181791305542,0.1588247,2.316979169845581,1.3825508
6113,2.3317924,0.1509103,-0.13625863,0.7805366516113281,0.13505758,2.096226930618286,1.4247377
6114,2.2763019,0.22060825,-0.13269515,0.45605218410491943,0.24489014,2.1544137001037598,1.4598902
6115,2.2667143,0.123529315,-0.045864277,0.7939789295196533,0.12494487,2.2571909427642822,1.0487657
6116,2.1939263,0.193718,-0.040440116,0.5904528498649597,0.20440456,2.3353562355041504,1.4560839
6117,2.4651384,0.15904188,-0.1496894,0.775027871131897,0.2207804,2.218989133834839,1.6217055
6118,2.2615058,0.08242964,-0.0136154005,0.774930477142334,0.1312238,2.378904104232788,1.1685792
6119,2.3440495,0.14754815,-0.07717265,0.8345188498497009,0.13539988,2.153407573699951,1.3678843
6120,2.334979,0.23234768,-0.10116035,0.7448565363883972,0.17752303,2.2009358406066895,1.8450172
6121,2.3634045,0.12222879,-0.124958195,0.7482825517654419,0.17416963,2.235501766204834,1.7349334
6122,2.2442741,0.17410943,-0.024285404,0.5690677762031555,0.15722008,2.1078319549560547,1.2556918
6123,2.2833333,0.15735279,-0.12942718,0.6569709777832031,0.17765638,2.2316887378692627,1.4094887
6124,2.1612742,0.2028572,-0.11193801,0.8376184105873108,0.09329556,2.6747589111328125,0.9967988
6125,2.279506,0.21727248,-0.07111187,0.7681095600128174,0.16316855,2.0779190063476562,1.4760982
6126,2.238493,0.06903053,-0.0446101,0.6312907934188843,0.21433733,2.4535305500030518,1.0525668
6127,2.3368042,0.18179165,-0.08278228,0.8199421167373657,0.14664178,2.2391042709350586,1.3208511
6128,2.2506151,0.10993284,-0.1128462,0.8210974931716919,0.14082444,2.428380250930786,1.260172
6129,2.340034,0.19315638,-0.14293115,0.7068820595741272,0.17563659,2.262301206588745,1.6683853
6130,2.2303443,0.20628868,-0.11429156,0.7156681418418884,0.18362114,2.3666927814483643,1.2745451
6131,2.2966514,0.16515817,-0.13130057,0.7746016383171082,0.16057898,2.1901798248291016,1.3254974
6132,2.271434,0.18974222,-0.049696233,0.770196259021759,0.18671292,2.34281849861145,1.3791175
6133,2.292187,0.20623331,-0.09923146,0.7552198171615601,0.16929461,2.3231101036071777,1.380013
6134,2.2550156,0.15225841,-0.11790426,0.6925908923149109,0.13814332,2.4380507469177246,0.9802002
6135,2.1960964,0.1271487,-0.049626883,0.4807583689689636,0.22628032,2.4614291191101074,1.1174818
6136,2.3109987,0.15510313,-0.09997632,0.8399747014045715,0.10460086,2.1771669387817383,1.4817619
6137,2.277458,0.15488307,-0.22095466,0.6847137212753296,0.14254554,2.2023539543151855,1.0581983
6138,2.2618237,0.18443738,-0.07570617,0.7989728450775146,0.15235727,2.432896375656128,1.1753126
6139,2.3872118,0.15661581,-0.16714884,0.7967185974121094,0.16187413,2.0980942249298096,1.5274874
6140,2.2976036,0.14594793,-0.16660681,0.6499376893043518,0.18631749,2.2949469089508057,1.3571581
6141,2.3252347,0.22341104,-0.09830708,0.5074569582939148,0.23559184,2.1696596145629883,1.639976
6142,2.4060788,0.12794036,-0.19494437,0.5408664345741272,0.21336982,2.107724905014038,1.4474056
6143,2.3153143,0.1828748,-0.17283085,0.8011174201965332,0.107029,2.2021355628967285,1.1863089
6144,2.463993,0.2005591,-0.15824407,0.5568373203277588,0.2906292,2.1185050010681152,1.7248567
6145,2.346928,0.20699663,-0.10794972,0.7234293222427368,0.16905108,2.101860284805298,1.6962069
6146,2.229526,0.23005767,-0.079690866,0.6955634355545044,0.15126362,2.3127059936523438,1.2388313
6147,2.269814,0.10525693,-0.18264894,0.611879825592041,0.20460322,2.6393139362335205,1.1288403
6148,2.3029773,0.13140732,-0.080312625,0.6970860958099365,0.15447965,2.2189393043518066,1.1006544
6149,2.3339796,0.1377296,-0.118806385,0.7487528920173645,0.16948214,2.0772924423217773,1.4892752
6150,2.3258595,0.12897396,-0.09159185,0.4106687307357788,0.2286175,2.057338237762451,1.3729115
6151,2.2159007,0.15971981,0.017471261,0.8240918517112732,0.1386986,2.3252487182617188,1.4456214
6152,2.2830603,0.21192595,-0.1494929,0.6353850364685059,0.2040847,2.252906084060669,1.6033609
6153,2.25311,0.11632699,-0.0547505,0.8081772327423096,0.10924467,2.3365001678466797,1.1510513
6154,2.301394,0.16472368,-0.10786672,0.8057676553726196,0.1449275,2.2551093101501465,1.350927
6155,2.2355475,0.21305871,-0.06836881,0.8287181258201599,0.13594164,2.263442039489746,1.3195899
6156,2.3090885,0.09840337,-0.119215615,0.7957882881164551,0.1613043,2.3497540950775146,1.2106102
6157,2.2537854,0.131058,-0.076998994,0.8100234270095825,0.118136905,2.4938840866088867,1.0776322
6158,2.336736,0.09722787,-0.094948895,0.7844231724739075,0.17439042,2.344212293624878,1.4074838
6159,2.3668182,0.07073251,-0.10787852,0.8214257955551147,0.12805416,2.0622575283050537,1.521441
6160,2.3205552,0.15263651,-0.11098804,0.7955476641654968,0.14026506,2.078062057495117,1.8992982
6161,2.308804,0.20216921,-0.10270842,0.787378191947937,0.15714742,2.2475264072418213,1.7150517
6162,2.2445846,0.09550384,-0.067051,0.8136455416679382,0.11639224,2.376457929611206,0.9891245
6163,2.272461,0.1959421,-0.1564467,0.7434446215629578,0.17719527,2.392094135284424,1.2036399
6164,2.3411999,0.16877465,-0.1450707,0.802379310131073,0.11750794,2.378467082977295,1.8281447
6165,2.5502248,0.15164386,-0.21749713,0.6587073802947998,0.25706553,1.87602698802948,2.3616526
6166,2.3926442,0.20454822,-0.1850485,0.8050270676612854,0.14816684,2.2271084785461426,1.4231014
6167,2.2162902,0.14153177,-0.12777923,0.7775960564613342,0.10299268,2.504673719406128,0.96241224
6168,2.344355,0.09898157,-0.13960356,0.7364219427108765,0.16851614,2.3162310123443604,1.2242761
6169,2.268355,0.18334012,-0.05730118,0.8330182433128357,0.11033138,2.3949615955352783,1.2656207
6170,2.1760414,0.22093979,-0.049739845,0.6879784464836121,0.18325786,2.250983238220215,1.3834902
6171,2.287415,0.2057884,-0.11162402,0.7086456418037415,0.20637257,2.1435725688934326,2.3293624
6172,2.2457304,0.12621556,-0.1341396,0.46200382709503174,0.25391987,2.3924310207366943,1.1904898
6173,2.249343,0.2402389,-0.15422735,0.5717211365699768,0.24338378,2.2042746543884277,1.4915545
6174,2.154234,0.20920995,-0.008110911,0.7626872658729553,0.1504907,2.4151337146759033,1.1554946
6175,2.322212,0.17214522,-0.014602794,0.7747634053230286,0.15817711,2.130913496017456,1.4846163
6176,2.2801492,0.103829466,-0.113998234,0.8034452795982361,0.1265744,2.4371981620788574,1.110862
6177,2.3064797,0.10168664,-0.1036952,0.7815848588943481,0.16011956,2.25480055809021,1.2059635
6178,2.3113708,0.22936901,-0.04708494,0.6889505982398987,0.16534789,1.957884430885315,1.9377975
6179,2.2871692,0.17564845,-0.1641717,0.777950644493103,0.18598972,2.2465734481811523,1.6038713
6180,2.2698956,0.19508019,-0.096529916,0.4070877730846405,0.22207342,2.267380714416504,1.2159811
6181,2.3407779,0.18223266,-0.16519952,0.6916186213493347,0.15689866,2.006059169769287,1.6040051
6182,2.2607853,0.19372189,-0.077985786,0.3744715750217438,0.19600663,2.253305196762085,1.3412485
6183,2.3176572,0.18787958,-0.16236429,0.7427798509597778,0.16459006,2.2236738204956055,1.2789904
6184,2.243948,0.18493594,-0.07923917,0.791191816329956,0.14990515,2.2696633338928223,1.375626
6185,2.2553728,0.23699975,-0.1269983,0.6440907120704651,0.18527341,2.1789443492889404,1.3830098
6186,2.2883692,0.16166541,-0.1419037,0.6772937774658203,0.16887386,2.3980703353881836,1.1518589
6187,2.3698075,0.1749333,-0.09878621,0.85,0.10343836,2.3000383377075195,1.3924869
6188,2.3110611,0.12255703,-0.109345585,0.8162845969200134,0.16011208,2.4934537410736084,1.4392571
6189,2.2234156,0.19867775,-0.07173835,0.6581428647041321,0.18464203,2.2703516483306885,1.1824269
6190,2.3522463,0.076347336,-0.122798115,0.7695185542106628,0.14047861,2.2341957092285156,1.4851968
6191,2.257582,0.14677846,-0.18311098,0.44982606172561646,0.1781735,2.3708813190460205,1.2436486
6192,2.2238812,0.14005198,0.0083941,0.7368667721748352,0.1595862,2.3565480709075928,1.1446037
6193,2.2334085,0.109178044,-0.12668282,0.6987181901931763,0.1595162,2.393796682357788,1.1657703
6194,2.3145604,0.1653293,-0.14646205,0.8035953640937805,0.183216,2.370718479156494,1.2583914
6195,2.3275447,0.09660768,-0.1469752,0.5560712218284607,0.21137518,2.1363365650177,1.28779
6196,2.207689,0.18179631,-0.08630625,0.668854832649231,0.17539194,2.365114450454712,1.3873188
6197,2.2994359,0.21501537,-0.17342222,0.708677351474762,0.13404214,2.384432315826416,1.0148134
6198,2.2746296,0.1759341,-0.09577229,0.7758675813674927,0.14496757,2.5896167755126953,1.1636604
6199,2.1889024,0.12432357,-0.06426504,0.7988940477371216,0.12188476,2.440639019012451,1.0225556
6200,2.1893196,0.081256025,-0.08042286,0.8348278403282166,0.1020363,2.571427583694458,0.90547186
6201,2.2229671,0.18578523,-0.27220765,0.37261489033699036,0.19817561,2.4614756107330322,0.9084098
6202,2.2559676,0.13216104,-0.14250655,0.45874258875846863,0.20053793,2.2557177543640137,1.2586077
6203,2.1478038,0.18540007,-0.06242293,0.44655871391296387,0.21885878,2.349186420440674,1.0546938
6204,2.2770474,0.25816566,-0.20742512,0.7957215309143066,0.16330683,2.135787010192871,1.4451828
6205,2.329241,0.23120654,-0.14917858,0.22446177899837494,0.26389107,2.2188851833343506,1.5678504
6206,2.2529073,0.14510672,-0.0036166061,0.8341823816299438,0.1217084,2.1622915267944336,1.2997721
6207,2.2958934,0.23729545,-0.09184774,0.7462639212608337,0.15617906,2.2377822399139404,1.4701952
6208,2.292065,0.14741533,-0.044258736,0.5900156497955322,0.20344335,2.217818021774292,1.5105299
6209,2.254052,0.2891,-0.047526095,0.7395985126495361,0.15026918,2.2995078563690186,1.4643332
6210,2.344743,0.18150534,-0.1284767,0.7498956918716431,0.16408797,2.0866916179656982,1.8387767
6211,2.292345,0.14170542,-0.13911772,0.7519656419754028,0.14705439,2.346912145614624,1.142155
6212,2.2830858,0.14841348,-0.055222347,0.7502589225769043,0.18016437,2.120680093765259,1.347762
6213,2.3487587,0.23120272,-0.121679395,0.7484337091445923,0.15403152,2.2742180824279785,1.2929121
6214,2.2189739,0.21801542,-0.16857359,0.5879183411598206,0.20194139,2.4912660121917725,1.0764915
6215,2.285319,0.13436975,-0.034647457,0.7065826058387756,0.18376188,2.160883903503418,1.42891
6216,2.2111123,0.1901403,-0.037917715,0.6753531098365784,0.17439225,2.409856081008911,0.98073584
6217,2.3179839,0.10010271,-0.14313701,0.8125579357147217,0.1773702,2.4870991706848145,1.18504
6218,2.2126615,0.13507615,-0.14345351,0.721987783908844,0.16778451,2.415743589401245,1.0916363
6219,2.3057332,0.21266587,-0.18548812,0.7805307507514954,0.17615013,2.353459358215332,1.3903397
6220,2.3171656,0.14174639,-0.10833692,0.6310715675354004,0.17678921,2.3322813510894775,1.2829896
6221,2.2953775,0.15923259,-0.087590605,0.8016138672828674,0.13434626,2.1763744354248047,1.4538211
6222,2.317717,0.12988833,-0.1761092,0.7442143559455872,0.14806995,2.255107879638672,1.3296082
6223,2.3003228,0.16751856,-0.14434984,0.6686022281646729,0.21779384,2.2288782596588135,1.6388797
6224,2.290934,0.14573595,-0.14611438,0.8078811764717102,0.10024711,2.4284324645996094,1.000576
6225,2.4046683,0.08639623,-0.14826035,0.624312162399292,0.15318578,2.0576822757720947,1.318924
6226,2.2827516,0.14074606,-0.09787604,0.5522857904434204,0.18758188,2.3003456592559814,1.2479742
6227,2.2810771,0.16444227,-0.083618104,0.7141455411911011,0.15765053,2.1463613510131836,1.4599828
6228,2.2770233,0.110038996,-0.052891746,0.7071306109428406,0.17084256,2.3240461349487305,1.2087815
6229,2.1870384,0.2555985,0.03154557,0.7006517052650452,0.17509602,2.4426732063293457,1.2673608
6230,2.3050816,0.19271518,-0.07560657,0.7987849116325378,0.16489676,2.069641590118408,2.0242305
6231,2.2419136,0.21466585,-0.16943403,0.7464378476142883,0.14382541,2.305532455444336,1.117512
6232,2.2994967,0.138599,-0.15739693,0.7673223614692688,0.12360898,2.3475077152252197,0.9463434
6233,2.3168898,0.17105208,-0.10002323,0.7904086112976074,0.16256797,2.076462745666504,1.7414571
6234,2.3616421,0.21358033,-0.14592896,0.8203345537185669,0.14370857,2.0123608112335205,2.2926252
6235,2.275837,0.13857198,-0.013729812,0.8367036581039429,0.12841663,2.2250993251800537,1.3234195
6236,2.347272,0.17931738,-0.11775693,0.8050006031990051,0.16842534,2.0792689323425293,1.5219489
6237,2.3166268,0.1541364,-0.06583971,0.7599568963050842,0.19882299,2.1704797744750977,1.8785655
6238,2.268837,0.17530948,-0.11532256,0.815034031867981,0.14055465,2.5001184940338135,1.1391888
6239,2.4496856,0.13099968,-0.22850116,0.7164252400398254,0.19527571,2.280021905899048,1.6507479
6240,2.3049788,0.19038457,-0.09974543,0.6787004470825195,0.18266591,2.192391872406006,1.4513447
6241,2.2891278,0.23063086,-0.1633018,0.7337296009063721,0.18098812,2.103113889694214,1.6112809
6242,2.3507793,0.116696954,-0.08398553,0.7443861365318298,0.17775066,2.4347167015075684,1.1632712
6243,2.2833946,0.1935477,-0.15314046,0.8170720338821411,0.10082154,2.3443453311920166,1.1675738
6244,2.2223508,0.26571783,-0.10921442,0.8298201560974121,0.119899064,2.1650218963623047,1.4248245
6245,2.2061255,0.14475046,-0.0726408,0.4354729652404785,0.17242238,2.5941171646118164,0.9975336
6246,2.230325,0.10119754,-0.10841878,0.47582074999809265,0.17878772,2.4752426147460938,0.98633736
6247,2.3077822,0.2308839,-0.082650736,0.6872416138648987,0.19875345,2.165088176727295,1.6422331
6248,2.477413,0.14678256,-0.13816752,0.6358632445335388,0.24417025,1.7999411821365356,2.335824
6249,2.2196815,0.18997793,-0.06369355,0.7129042744636536,0.19984616,2.302338123321533,1.3940879
6250,2.3274412,0.21070053,-0.18929766,0.7039137482643127,0.1801668,2.208080530166626,1.4756452
6251,2.1613874,0.15008248,-0.069413155,0.667891263961792,0.12406361,2.443709373474121,0.9949727
6252,2.357689,0.19207649,-0.1726244,0.6784156560897827,0.16202661,2.159791946411133,1.4734532
6253,2.3042297,0.19978605,-0.1607735,0.6858134865760803,0.18237062,2.326799154281616,1.2020011
6254,2.305837,0.18892033,-0.03815571,0.8336547613143921,0.09550171,2.105665683746338,1.5199765
6255,2.2125726,0.1774005,-0.12829772,0.6655375957489014,0.2002977,2.332000255584717,1.107455
6256,2.2786133,0.24651837,-0.15579684,0.85,0.15079911,2.424849510192871,1.5897557
6257,2.3025217,0.120190665,-0.12710162,0.7010695934295654,0.16938587,2.123385190963745,1.418437
6258,2.3277693,0.118859455,-0.21005173,0.575656533241272,0.1930125,2.3559768199920654,1.3429911
6259,2.1715703,0.17362726,-0.058681324,0.8339653611183167,0.07575059,2.3634555339813232,0.87006617
6260,2.2461267,0.13154148,-0.119438514,0.7537644505500793,0.17270878,2.439657688140869,1.1369153
6261,2.3654406,0.11514613,-0.17722696,0.7894195914268494,0.12843968,2.1794943809509277,1.2502317
6262,2.1791356,0.20129196,-0.14809255,0.6362812519073486,0.1577557,2.4388155937194824,0.92366105
6263,2.2611587,0.23955792,-0.16735843,0.5371864438056946,0.178875,2.129809617996216,1.0867404
6264,2.2456357,0.19006364,-0.08576839,0.690523087978363,0.17463236,2.095991373062134,1.4371715
6265,2.2267072,0.105363205,-0.0939141,0.6987512707710266,0.13916644,2.4756665229797363,0.98110527
6266,2.271429,0.24761167,-0.10187761,0.5638483762741089,0.16939223,2.333846092224121,1.1890106
6267,2.3477526,0.20726071,-0.15369885,0.8236233592033386,0.14592502,2.122594118118286,1.5294107
6268,2.2900105,0.16907129,-0.14818543,0.8352249264717102,0.13877416,2.4366135597229004,1.1236476
6269,2.318734,0.09040071,-0.08834847,0.8491319417953491,0.096382886,2.1966023445129395,1.2183646
6270,2.2967596,0.1527726,-0.18409255,0.8474621772766113,0.10580851,2.631803512573242,1.0628228
6271,2.4310443,0.11174504,-0.061953317,0.8480047583580017,0.1045478,2.0389883518218994,2.021879
6272,2.3127441,0.0835514,-0.049891885,0.7702757716178894,0.12418909,2.300100088119507,1.1716274
6273,2.2886674,0.17318474,-0.11441343,0.7610446214675903,0.13572438,2.2551047801971436,1.3605887
6274,2.3444116,0.1400888,-0.07334794,0.6361135840415955,0.17991675,2.0645859241485596,1.5328915
6275,2.29252,0.19281365,-0.081900485,0.4019811749458313,0.18817614,2.15034818649292,1.2768186
6276,2.3616524,0.18834504,-0.23301387,0.5987474322319031,0.17341524,2.3256404399871826,1.2955825
6277,2.3605828,0.14241982,-0.16887619,0.7805066704750061,0.1544371,2.633870840072632,1.1322342
6278,2.3113391,0.16396888,-0.14798585,0.5731916427612305,0.21533346,2.169759750366211,1.6511751
6279,2.3145487,0.17417072,-0.18113473,0.668984591960907,0.1697636,2.199132204055786,1.2074587
6280,2.2551801,0.19720957,-0.12410102,0.7919961214065552,0.14396386,2.3938961029052734,1.1851988
6281,2.3191764,0.13167217,-0.16533974,0.5916716456413269,0.1539783,2.3710927963256836,0.9931746
6282,2.3155248,0.2381173,-0.05141329,0.6574158072471619,0.23675542,2.228850841522217,1.846902
6283,2.2653785,0.22652376,-0.12008791,0.6032543778419495,0.22020656,2.2412352561950684,1.6280694
6284,2.2873528,0.112602085,-0.04185773,0.7836838960647583,0.16735993,2.1233694553375244,1.1855228
6285,2.2081602,0.15054482,-0.11487974,0.42116039991378784,0.2390113,2.8733878135681152,1.0644265
6286,2.325149,0.15880738,-0.18201493,0.6655526161193848,0.18196577,2.061863422393799,2.4690945
6287,2.345596,0.15422651,-0.10604973,0.7830947637557983,0.1642928,2.070802927017212,1.5908227
6288,2.2988956,0.22928263,-0.21375206,0.7163508534431458,0.15718411,2.327235698699951,1.2681133
6289,2.365259,0.20312335,-0.16629955,0.8035904169082642,0.15577736,2.2720565795898438,1.535589
6290,2.2664244,0.094425485,-0.106925935,0.7688602209091187,0.13980506,2.302741527557373,0.9504169
6291,2.2915637,0.21489426,-0.028792666,0.704892098903656,0.1594505,2.0657894611358643,1.9117191
6292,2.259996,0.17741255,-0.13696937,0.6232427954673767,0.1542772,2.414850950241089,1.116796
6293,2.2370322,0.14047725,-0.11455962,0.71638423204422,0.18393157,2.4213674068450928,1.3686217
6294,2.3724608,0.16597547,-0.0728263,0.5825127959251404,0.16875936,2.049189805984497,1.4188052
6295,2.3037133,0.23918258,-0.11979466,0.7810367345809937,0.18940964,2.230530023574829,1.530611
6296,2.187978,0.16993901,-0.10090553,0.8128172159194946,0.13192599,2.5038959980010986,0.9910247
6297,2.2017136,0.16507861,-0.054371435,0.8126929998397827,0.09931489,2.4375956058502197,1.0985384
6298,2.2774458,0.13930203,-0.16224673,0.6318561434745789,0.16048884,2.3327622413635254,1.2264729
6299,2.3556247,0.11673757,-0.13852721,0.730548083782196,0.16112278,2.129011392593384,1.343319
6300,2.2778447,0.1893897,-0.089019105,0.6528449654579163,0.18821305,2.318427562713623,1.317167
6301,2.318584,0.13867182,-0.13201937,0.8291304111480713,0.12221367,2.376276969909668,1.4365625
6302,2.2880087,0.12679625,-0.060702175,0.48384666442871094,0.21975532,2.0942556858062744,1.4850239
6303,2.2974052,0.29016432,-0.1645246,0.7896851301193237,0.14220099,2.4215493202209473,1.1763623
6304,2.3317215,0.19463773,-0.1974644,0.8349958062171936,0.09768326,2.4015214443206787,1.4181443
6305,2.329676,0.14308535,-0.14063028,0.7834222912788391,0.111871384,2.1577858924865723,1.3289207
6306,2.2870317,0.12229652,-0.055218194,0.816860020160675,0.098412745,2.3175323009490967,1.0828266
6307,2.367785,0.16147794,-0.15996657,0.8395755290985107,0.09889689,2.0916569232940674,1.5233972
6308,2.2741394,0.15108496,-0.08380384,0.85,0.11895828,2.531139850616455,1.0547862
6309,2.3878298,0.09203697,-0.1789156,0.7860097885131836,0.1345124,2.0877573490142822,1.5403737
6310,2.3369877,0.19261958,-0.15200672,0.8478874564170837,0.111276776,2.287515878677368,1.385299
6311,2.3198593,0.15538032,-0.11683898,0.704476535320282,0.200087,2.3229076862335205,1.2964487
6312,2.2722,0.20592353,-0.029452698,0.796117901802063,0.16323072,2.344956159591675,1.2671237
6313,2.2713892,0.20973425,-0.0047664493,0.7840186953544617,0.13326696,2.2519121170043945,1.2783666
6314,2.3124657,0.17482518,-0.19284742,0.8197343349456787,0.12425383,2.5577445030212402,1.1274346
6315,2.2660687,0.15381089,-0.039234374,0.85,0.07905974,2.269996166229248,1.2909647
6316,2.2029948,0.22106451,-0.038349416,0.8365321755409241,0.09590135,2.1668455600738525,1.1202812
6317,2.2094998,0.15668334,0.015637107,0.7396447062492371,0.17783026,2.443405866622925,1.1593366
6318,2.3035736,0.21257392,-0.14819753,0.7017053365707397,0.18012713,2.093991756439209,1.5089494
6319,2.3577902,0.010166068,-0.16580456,0.846463680267334,0.106234126,2.139268159866333,1.537774
6320,2.417657,0.20543282,-0.180862,0.8324207067489624,0.15103175,2.052931070327759,1.4054939
6321,2.3279412,0.12399208,-0.20304611,0.5611617565155029,0.18179429,2.1897287368774414,1.2949542
6322,2.2442257,0.17421874,-0.075134516,0.707671582698822,0.17506315,2.396345615386963,1.3783596
6323,2.254688,0.08909839,-0.018581413,0.77051842212677,0.17540264,2.3781824111938477,1.2339602
6324,2.352318,0.06669059,-0.13847558,0.3747013807296753,0.21961918,2.0894124507904053,1.496515
6325,2.3350682,0.17906445,-0.111722834,0.5895124673843384,0.19484328,2.0848214626312256,1.6946889
6326,2.157204,0.20416911,-0.09969691,0.7595217227935791,0.11012057,2.367418050765991,0.95060444
6327,2.245429,0.19298203,-0.12026908,0.8268598318099976,0.1557633,2.433307409286499,1.3011312
6328,2.218259,0.13691641,-0.083785415,0.7634749412536621,0.12587503,2.3838703632354736,0.8863976
6329,2.2188718,0.1377035,-0.10575266,0.5664858222007751,0.19989216,2.2146339416503906,1.1104699
6330,2.2780094,0.20254126,-0.08140546,0.5054819583892822,0.22563073,2.102710723876953,1.7309927
6331,2.2228606,0.24532533,-0.08690675,0.7294263243675232,0.17437433,2.432276725769043,1.1435846
6332,2.2577035,0.19464393,-0.048464295,0.5320966243743896,0.23381066,2.081798791885376,1.6772511
6333,2.2965817,0.2191919,-0.15231597,0.6523157954216003,0.19338137,2.182232618331909,1.4972743
6334,2.2875478,0.1849006,-0.12954165,0.808897852897644,0.14953575,2.32820463180542,1.1819321
6335,2.271549,0.103243515,-0.13425328,0.5317039489746094,0.14790942,2.205918788909912,1.0874833
6336,2.310051,0.14836529,-0.069177054,0.796418309211731,0.11223231,2.2876288890838623,1.2314814
6337,2.2882624,0.1682892,-0.07271585,0.716878354549408,0.1625315,2.100367546081543,1.2983632
6338,2.3183103,0.124374926,-0.16432999,0.7948213219642639,0.14127514,2.4125900268554688,1.1348242
6339,2.2195296,0.20840201,-0.21300083,0.3584294319152832,0.14958732,2.259462594985962,0.9961079
6340,2.3147826,0.15855958,-0.18775289,0.6839842200279236,0.1792405,2.2628285884857178,1.2690856
6341,2.2307239,0.26358142,-0.015598709,0.3705097436904907,0.25934717,2.0659914016723633,1.7696409
6342,2.2447302,0.2208751,0.024920471,0.42002999782562256,0.23339659,2.0951852798461914,1.4675246
6343,2.3339064,0.17155474,-0.12517492,0.8258167505264282,0.12470195,2.2644145488739014,1.5588841
6344,2.2611694,-0.052082945,-0.1099617,0.5132973194122314,0.1801436,2.395752191543579,0.89954853
6345,2.308702,0.08824225,-0.105633736,0.3830114006996155,0.15622494,2.320744037628174,1.1671685
6346,2.2455716,0.19607727,-0.09005679,0.7244670987129211,0.15398407,2.1831557750701904,1.2516416
6347,2.252856,0.19678533,-0.11975276,0.562277615070343,0.23290016,2.4117319583892822,1.372344
6348,2.2068155,0.20878898,-0.02680468,0.7912293672561646,0.15195537,2.148416519165039,1.5523511
6349,2.281571,0.12767035,-0.15201846,0.40299469232559204,0.20256357,2.2262935638427734,1.3588222
6350,2.195694,0.10237353,-0.056469537,0.40035125613212585,0.23792757,2.334581136703491,1.136225
6351,2.3565893,0.2108987,-0.19639078,0.8126164078712463,0.13680243,2.15875506401062,1.261049
6352,2.2562232,0.14326978,-0.11981512,0.7318573594093323,0.16443688,2.4205880165100098,0.90992844
6353,2.250234,0.16296297,-0.0744489,0.445182204246521,0.23722301,2.333801746368408,2.0116484
6354,2.3088644,0.21137851,-0.11393423,0.8481439352035522,0.06182135,2.2989723682403564,1.3146269
6355,2.3028297,0.14101334,-0.12342757,0.85,0.09176839,2.3441314697265625,1.1852218
6356,2.2712367,0.15734054,-0.13987496,0.7658034563064575,0.14750677,2.384871482849121,1.1072266
6357,2.3183503,0.12995295,-0.15201023,0.7455437183380127,0.16043176,2.2962894439697266,1.1626583
6358,2.239675,0.085820824,-0.07505223,0.7644476890563965,0.124006115,2.3237738609313965,0.99960136
6359,2.2852535,0.17407808,-0.06342512,0.8141066431999207,0.122850105,2.321744680404663,1.3543856
6360,2.3792062,0.1366246,-0.07229369,0.7806432247161865,0.12432768,2.2916531562805176,1.2269874
6361,2.2337651,0.2602637,-0.042526826,0.783828616142273,0.1501538,2.3183696269989014,1.5017039
6362,2.3341115,0.21655607,-0.08598966,0.7436928749084473,0.17966151,2.050316095352173,1.9195744
6363,2.330552,0.106331214,-0.08561311,0.8121507167816162,0.097198956,2.068255662918091,1.4990093
6364,2.339607,0.11254587,-0.18424971,0.5272262096405029,0.19039595,2.2782933712005615,1.2655367
6365,2.2934558,0.21265951,-0.07115548,0.7667635679244995,0.15175906,2.1020333766937256,1.5081774
6366,2.2919316,0.16873139,-0.11667912,0.7935158014297485,0.164339,2.319554567337036,1.2193344
6367,2.2535353,0.18452941,-0.0849754,0.7126885652542114,0.17047957,2.3935770988464355,1.1485536
6368,2.308225,0.15732849,-0.16358674,0.7523302435874939,0.14170778,2.175213098526001,1.3513526
6369,2.4503841,0.20514499,-0.14781001,0.8369354605674744,0.17320365,2.048940896987915,2.1373034
6370,2.2905703,0.12501201,-0.113017134,0.4524884521961212,0.23007423,2.1270523071289062,1.3182808
6371,2.2779183,0.1356994,-0.13067901,0.7545081973075867,0.14823925,2.3236708641052246,1.3793999
6372,2.36451,0.18939325,-0.14088666,0.7696189880371094,0.15832286,2.2359886169433594,1.4744785
6373,2.232626,0.20263386,0.008843117,0.739855170249939,0.17121069,2.120256185531616,1.4669436
6374,2.2783146,0.16556743,-0.026825465,0.7559042572975159,0.14364852,2.1985738277435303,1.148665
6375,2.2400863,0.22211373,-0.113985956,0.8127480149269104,0.100668535,2.255218029022217,1.1160021
6376,2.3014374,0.115776666,-0.13430911,0.729876697063446,0.16355419,2.477376699447632,1.191841
6377,2.2945065,0.13025488,-0.13897085,0.669224739074707,0.17263149,2.220839262008667,1.2692461
6378,2.2696972,0.28152215,-0.2292115,0.5253219604492188,0.1921798,2.2403271198272705,1.3198475
6379,2.287938,0.25902683,-0.17670967,0.7133354544639587,0.1951795,2.3351874351501465,1.7632056
6380,2.3130255,0.1871139,-0.08893439,0.6124279499053955,0.18169096,2.11944580078125,1.7365869
6381,2.2307088,0.19636357,-0.1330389,0.5816160440444946,0.17830336,2.2640573978424072,1.1934423
6382,2.2409241,0.20995526,-0.059030563,0.8145732283592224,0.14766994,2.268004894256592,1.4438711
6383,2.3138328,0.13687998,-0.11923411,0.582053542137146,0.20620851,2.239706039428711,1.3871121
6384,2.3039775,0.16972165,-0.12149994,0.7678620219230652,0.20237188,2.09293270111084,1.7699925
6385,2.2846622,0.22528094,-0.10788906,0.5305203795433044,0.17924482,2.1779003143310547,1.3014046
6386,2.351447,0.21129464,-0.13727589,0.8330023288726807,0.1310563,2.093578577041626,1.4830261
6387,2.2368896,0.19048305,-0.08738673,0.6250300407409668,0.16808966,2.356797456741333,1.163393
6388,2.236632,0.12165898,-0.12397848,0.5662490725517273,0.21896975,2.564047336578369,1.0449026
6389,2.2398293,0.115656324,-0.12188258,0.8382742404937744,0.07111679,2.472543478012085,1.0360972
6390,2.3016179,0.16664293,-0.16485879,0.7390528917312622,0.15753771,2.3154008388519287,1.2003938
6391,2.3576229,0.055717662,-0.05088005,0.85,0.0986753,2.2868804931640625,1.4822013
6392,2.2353892,0.16782534,-0.055508286,0.7542483806610107,0.12703353,2.373368263244629,1.1126847
6393,2.2639232,0.20145562,-0.10871285,0.7357311844825745,0.14560954,2.1888346672058105,1.2370776
6394,2.1514742,0.13471232,-0.16884047,0.16387276351451874,0.24154505,2.5164856910705566,0.99896467
6395,2.373392,0.12662928,-0.07016435,0.8283528089523315,0.15235552,2.0868418216705322,1.7035768
6396,2.1722064,0.21127339,-0.08214005,0.7368977069854736,0.1078846,2.4496612548828125,0.9671448
6397,2.156151,0.16369033,-0.06713604,0.5001735687255859,0.2069394,2.496340751647949,1.0819335
6398,2.3490298,0.18689784,-0.15698132,0.561957061290741,0.17229794,2.3664305210113525,1.212787
6399,2.324443,0.15264015,-0.14660606,0.7454365491867065,0.19200557,2.045309543609619,1.5010008
6400,2.310264,0.13442397,-0.14143188,0.8223212361335754,0.13297287,2.165614128112793,1.472524
6401,2.2078276,0.178728,-0.04975647,0.7209963798522949,0.14677055,2.2834267616271973,1.0815139
6402,2.3349354,0.20031162,-0.11716624,0.85,0.059273634,2.1565163135528564,1.4699701
6403,2.3129785,0.16075777,-0.017893488,0.7534329295158386,0.19360743,2.1054768562316895,1.7503926
6404,2.3077133,0.17640436,-0.15041561,0.7399669289588928,0.16074844,2.37249755859375,1.2003942
6405,2.3041575,0.17983878,-0.14741866,0.8008328080177307,0.170381,2.31355619430542,1.4194417
6406,2.239917,0.13317879,-0.07693345,0.6497185826301575,0.1940924,2.1911354064941406,1.3356316
6407,2.3132832,0.1135143,-0.17487665,0.834298849105835,0.11756626,2.378525733947754,1.1378835
6408,2.3239071,0.19604321,-0.091384314,0.7435033917427063,0.19841161,2.289159059524536,2.1977596
6409,2.2539797,0.18336129,-0.107647896,0.8205581307411194,0.11251809,2.2887914180755615,1.3791261
6410,2.2465646,0.21468829,-0.11067784,0.6927990913391113,0.17058489,2.385512113571167,1.0329118
6411,2.2755413,0.18005562,-0.1526017,0.7541258335113525,0.17353028,2.4344093799591064,1.0622737
6412,2.3125925,0.17830935,-0.16166463,0.7584801912307739,0.15927254,2.1470119953155518,1.3516967
6413,2.3503222,0.16806771,-0.2209698,0.7734068632125854,0.136147,2.116373300552368,1.4023968
6414,2.251096,0.15245292,-0.041620776,0.8145787715911865,0.13908501,2.3812382221221924,1.134479
6415,2.2378547,0.16347243,-0.11228676,0.6109832525253296,0.2271879,2.3818674087524414,1.3989743
6416,2.307411,0.25755277,-0.058476526,0.5052897930145264,0.23596986,2.035158634185791,2.0790567
6417,2.2899168,0.20067403,-0.15037769,0.8340219259262085,0.11890032,2.444211959838867,1.2780173
6418,2.36242,0.17597945,-0.24327499,0.40136221051216125,0.15769091,2.386852502822876,1.0138711
6419,2.2194645,0.2303535,-0.12005943,0.7698451280593872,0.17522115,2.44046688079834,1.1923887
6420,2.203524,0.17030148,-0.061043605,0.8177656531333923,0.082701884,2.4955365657806396,0.9267551
6421,2.2149427,0.22300127,-0.1767021,0.5203027129173279,0.20180756,2.3103795051574707,1.193543
6422,2.221743,0.1555111,-0.024366511,0.847659707069397,0.068366215,2.269984245300293,1.1859158
6423,2.2087712,0.163506,-0.035344735,0.5856486558914185,0.19160198,2.3160862922668457,1.2989767
6424,2.3645408,0.115936816,-0.14010994,0.8042327165603638,0.12370363,2.2424097061157227,1.4050756
6425,2.3274133,0.17526059,-0.10511741,0.7779889106750488,0.1410301,2.0313096046447754,1.4400488
6426,2.2619562,0.24228016,-0.14521398,0.7334314584732056,0.17694275,2.370800256729126,1.231038
6427,2.3248005,0.17349407,-0.11563163,0.6910474300384521,0.21958129,2.4058735370635986,1.483224
6428,2.2571585,0.18528877,-0.093165256,0.7758405804634094,0.12983193,2.372532606124878,1.1960715
6429,2.2095118,0.1293635,0.046303727,0.7835121750831604,0.14943391,2.1939594745635986,1.340661
6430,2.2355778,0.14741905,-0.08316342,0.5042828917503357,0.1835423,2.298802614212036,1.0544715
6431,2.289271,0.12247682,-0.13695271,0.7881104350090027,0.14832947,2.278581380844116,1.4886732
6432,2.3017902,0.20591846,-0.0971622,0.7375649809837341,0.15559572,2.046717643737793,1.478157
6433,2.463938,0.12032827,-0.13471279,0.8097552061080933,0.17692919,2.116276979446411,1.8115686
6434,2.3341737,0.14406748,-0.08212598,0.7057147026062012,0.16447285,2.073540687561035,1.3844379
6435,2.3389554,0.12091582,-0.09836133,0.8240749835968018,0.13499993,2.1743035316467285,1.483964
6436,2.237155,0.26419047,-0.104645744,0.655838668346405,0.18855742,2.191936731338501,1.4018439
6437,2.310884,0.1659896,-0.10291756,-0.29122185707092285,0.0621588,2.213552236557007,1.3749923
6438,2.3428066,0.14892806,-0.069688685,0.7783087491989136,0.17403924,2.264033079147339,1.9510432
6439,2.2963603,0.2493123,-0.14951393,0.7493099570274353,0.14728154,2.402601957321167,1.1368318
6440,2.3639677,0.1674219,-0.15532696,0.7299227714538574,0.14953306,2.220700740814209,1.1690845
6441,2.21152,0.13916208,-0.12770833,0.08444885909557343,0.29190415,2.3683855533599854,1.3632406
6442,2.2591882,0.20838247,-0.12658352,0.7228161096572876,0.1654183,2.3806958198547363,1.1755062
6443,2.3146832,0.2411996,-0.12410223,0.7956022620201111,0.16912554,2.252812147140503,1.3746517
6444,2.3423488,0.17230634,-0.17094755,0.7421702146530151,0.16988923,1.0459314584732056,1.8589997
6445,2.3520133,0.18025635,-0.15004891,0.8246414065361023,0.114360236,2.2498068809509277,1.3146666
6446,2.3609807,0.059099738,-0.14134583,0.8229616284370422,0.11376115,2.209495782852173,1.2466172
6447,2.223229,0.07656434,-0.046710856,0.7859102487564087,0.11068644,2.411236047744751,0.92041916
6448,2.2844179,0.2372854,-0.06930837,0.761072039604187,0.15262964,2.3595528602600098,1.4275427
6449,2.2509947,0.15370557,-0.14281598,0.7774788737297058,0.16487825,2.3942618370056152,1.2610524
6450,2.2637768,0.16652533,-0.13222443,0.6588620543479919,0.17746146,2.385221004486084,1.1297809
6451,2.24892,0.20453812,-0.05070465,0.6169987320899963,0.20836046,2.2492904663085938,1.4238906
6452,2.2759686,0.17018381,-0.16941282,0.6795446872711182,0.18045871,2.4331305027008057,1.1542745
6453,2.4237216,0.21386379,-0.29386917,0.7496110796928406,0.13858375,2.002035140991211,1.8091916
6454,2.3340375,0.12920494,-0.09364125,0.7687448263168335,0.14062814,2.239610433578491,1.3231884
6455,2.1667268,0.12380795,-0.032965135,0.7448352575302124,0.15298237,2.578455924987793,0.84548265
6456,2.3369215,0.119790964,-0.08554106,0.8247293829917908,0.14208905,2.3204894065856934,1.2851878
6457,2.307163,0.14598507,-0.07939876,0.3837036192417145,0.18569224,2.0971059799194336,1.5814747
6458,2.2779872,0.09153083,-0.124227494,0.6784996390342712,0.16307443,2.188589096069336,1.1230378
6459,2.279487,0.08681632,-0.068553254,0.7887024879455566,0.16472112,2.479182004928589,1.1268052
6460,2.3453047,0.08494976,-0.18278182,0.48896634578704834,0.20505719,2.3865647315979004,1.1596532
6461,2.293931,0.10729769,0.041937135,0.7823456525802612,0.14405468,2.165140151977539,1.2737138
6462,2.3886628,0.11009847,-0.14168933,0.85,0.10736811,2.1959125995635986,1.2231586
6463,2.2664094,0.20807868,-0.019812467,0.7589300274848938,0.1351297,2.113584280014038,1.2975909
6464,2.218426,0.20177099,-0.04883772,0.6080860495567322,0.20605221,2.328153610229492,1.1585797
6465,2.3078454,0.16739897,-0.13660619,0.8396845459938049,0.08743833,2.0765035152435303,1.532986
6466,2.2748332,0.113905765,-0.10589601,0.8192675113677979,0.13022849,2.2257628440856934,1.1673385
6467,2.2766452,0.058478694,-0.07579824,0.7431198358535767,0.15909043,2.3458056449890137,1.0738357
6468,2.264838,0.10537093,-0.08851169,0.6097040772438049,0.21242368,2.3485682010650635,1.4805168
6469,2.2741454,0.12516321,-0.118807785,0.7871021628379822,0.13752706,2.1644694805145264,1.2704775
6470,2.3259268,0.19492094,-0.07108404,0.8115779161453247,0.1637619,2.3069639205932617,1.7098612
6471,2.2822633,0.25008553,-0.056730356,0.768645167350769,0.15122572,2.211704730987549,1.5232861
6472,2.2929857,0.15681265,-0.102006264,0.6450137495994568,0.20109388,2.1426432132720947,1.4010386
6473,2.4009285,0.1293877,-0.156925,0.7469662427902222,0.17943408,2.271573305130005,1.5176269
6474,2.30803,0.17497961,-0.10185036,0.7371823191642761,0.18511017,2.1467971801757812,1.6648884
6475,2.259626,0.03840252,-0.0069844653,0.8009175658226013,0.0863988,2.1504390239715576,1.1373354
6476,2.3346574,0.15016797,-0.08255633,0.7330918908119202,0.1566444,1.9947136640548706,1.6282638
6477,2.2725677,0.18642947,-0.074967705,0.3509175777435303,0.26715606,2.1987266540527344,1.3946964
6478,2.2721481,0.087542325,-0.06715484,0.7622078061103821,0.18510598,2.3005335330963135,1.197602
6479,2.3263037,0.13525647,-0.19016819,0.773461103439331,0.19501379,2.3799221515655518,1.2283174
6480,2.278863,0.12657359,-0.12626748,0.46196791529655457,0.20082617,2.2319869995117188,1.3133574
6481,2.2232785,0.09301836,-0.08366994,0.6277294158935547,0.12259176,2.502037525177002,0.9483631
6482,2.3033898,0.13487977,-0.054405738,0.7038426399230957,0.18488486,2.12717604637146,1.6307245
6483,2.3613317,0.12877524,-0.07849552,0.8037810921669006,0.13663456,2.237159490585327,1.380852
6484,2.3140557,0.093559496,-0.16642827,0.7272577881813049,0.16874301,2.3544466495513916,1.175317
6485,2.3133738,0.14457086,-0.17072603,0.7785486578941345,0.13242416,2.3358569145202637,1.2331244
6486,2.3003507,0.15315774,-0.15032384,0.7958965301513672,0.1548736,2.3908841609954834,1.3292702
6487,2.3268743,0.16539316,-0.22061686,0.8165889978408813,0.111096986,2.3413467407226562,1.2008386
6488,2.2805154,0.2003784,-0.09828425,0.5600723624229431,0.19018632,2.086418628692627,1.3452537
6489,2.3056545,0.18467368,-0.054462362,0.5676084756851196,0.18825096,2.233863592147827,1.481166
6490,2.2429225,0.2083779,-0.1969527,0.8296489715576172,0.105690375,2.6136276721954346,0.8780983
6491,2.3457177,0.11254869,-0.1792678,0.8088006973266602,0.13370495,2.240265369415283,1.3193198
6492,2.3795633,0.04398122,-0.096909426,0.741457998752594,0.18209825,2.060580015182495,1.8517632
6493,2.331024,0.19583143,-0.13862005,0.7690739035606384,0.15442279,2.2263858318328857,1.4919332
6494,2.2682054,0.21020426,-0.19655338,0.512037456035614,0.20851201,2.2922301292419434,1.4582642
6495,2.2126737,0.18171376,-0.12977666,0.4728552997112274,0.25312608,2.2758121490478516,1.4153187
6496,2.2101703,0.14975847,-0.1086639,0.5304445624351501,0.20251095,2.2587203979492188,1.116328
6497,2.1766868,0.13922952,-0.11732169,0.8399684429168701,0.08176025,2.421417713165283,0.92270154
6498,2.2127662,0.18326075,-0.091000386,0.8248240351676941,0.1286447,2.417340040206909,1.2464104
6499,2.2347183,0.15422927,-0.09993784,0.6078367829322815,0.21147458,2.1431100368499756,1.7211667
6500,2.203199,0.18067287,-0.09416538,0.8240863680839539,0.120846495,2.6361403465270996,1.0184598
6501,2.3257866,0.08093687,-0.10065558,0.8470926880836487,0.13625668,2.435905694961548,1.1610601
6502,2.2461882,0.14040795,-0.14990693,0.7522729635238647,0.1603784,2.5311553478240967,0.9178423
6503,2.3540778,0.19150625,-0.11161074,0.8359761238098145,0.14842139,2.3976221084594727,1.5483123
6504,2.292947,0.12002625,-0.05639852,0.7595841288566589,0.15755032,2.3482930660247803,1.0965005
6505,2.2855854,0.14216949,-0.052973136,0.834894061088562,0.12748666,2.2248101234436035,1.3145648
6506,2.4032001,0.19533896,-0.22956762,0.697377622127533,0.20366256,2.030900239944458,2.7768202
6507,2.2606478,0.17559867,-0.09026936,0.7108683586120605,0.1773655,2.212717056274414,1.3030285
6508,2.3138115,0.088200584,-0.08646022,0.7168784737586975,0.16761303,2.3624298572540283,1.1549177
6509,2.2021487,0.17269775,-0.12198354,0.4988434910774231,0.21450524,2.5209755897521973,1.0172163
6510,2.2921402,0.16537607,-0.12669897,0.8347885012626648,0.12807707,2.171447992324829,1.2683579
6511,2.2684999,0.14258322,-0.105278626,0.6993662118911743,0.1687462,2.370319128036499,1.0939285
6512,2.1595068,0.19830042,-0.051144406,0.5127220153808594,0.20600724,2.3673617839813232,1.0315804
6513,2.2890024,0.15376276,-0.084276244,0.8017581701278687,0.1519602,2.3037662506103516,1.2608926
6514,2.2445252,0.122860566,-0.11211846,0.8236232995986938,0.1111176,2.205054998397827,1.0659994
6515,2.189995,0.16815369,-0.035906684,0.6857700347900391,0.18747963,2.5483741760253906,1.1295271
6516,2.1962721,0.10099808,-0.07197852,0.5312220454216003,0.18788382,2.413051128387451,0.96726745
6517,2.3485334,0.22303309,-0.18145731,0.8455214500427246,0.11545604,2.1981637477874756,1.619456
6518,2.358727,0.1151062,-0.10743211,0.666567862033844,0.1702141,2.1224801540374756,1.5418121
6519,2.3040717,0.1478428,-0.12706035,0.5720991492271423,0.17460915,2.353863000869751,1.1172831
6520,2.267962,0.21177647,-0.049838882,0.6888710856437683,0.1688823,2.3094542026519775,1.3934689
6521,2.3253999,0.11640383,-0.09157011,0.7830020189285278,0.09905824,2.351855516433716,1.1451831
6522,2.2721102,0.10040112,-0.12118544,0.5705115795135498,0.18014807,2.3409934043884277,1.1276807
6523,2.2910461,0.19714381,-0.10037352,0.8280197978019714,0.12181008,2.325488567352295,1.3699844
6524,2.254593,0.1324287,-0.052100558,0.842766523361206,0.1030621,2.20854115486145,1.2691313
6525,2.2766707,0.12546644,-0.106360994,0.6132836937904358,0.21742627,2.3331573009490967,1.4490258
6526,2.2785978,0.16152292,-0.092524074,0.7642946839332581,0.12896368,2.2810022830963135,1.0652177
6527,2.2397308,0.1286527,-0.07256516,0.7819101214408875,0.17371455,2.448270320892334,1.3148724
6528,2.2679563,0.13291736,-0.12625417,0.8391780853271484,0.12402782,2.378880500793457,1.2095473
6529,2.3583434,0.1868101,-0.1241598,0.6098272204399109,0.22606625,2.2053608894348145,1.510212
6530,2.284814,0.20061629,-0.08844193,0.747416615486145,0.17764051,2.317178726196289,1.286003
6531,2.2065299,0.13808227,-0.10415848,0.450657457113266,0.21266258,2.2678589820861816,1.1832955
6532,2.1738975,0.20293453,-0.12623963,0.7809813022613525,0.14324757,2.7629497051239014,0.91428983
6533,2.282036,0.14190716,-0.100596294,0.4880073070526123,0.249413,2.340229034423828,1.4674153
6534,2.2923691,0.13739482,-0.13244075,0.7557263374328613,0.18401845,2.425764322280884,1.3725103
6535,2.3063767,0.1240579,-0.116269425,0.8093389272689819,0.12209604,2.5261871814727783,1.0159304
6536,2.352743,0.08140346,-0.09221516,0.8119933605194092,0.13828252,2.1924846172332764,1.5846735
6537,2.2870061,0.18593833,-0.010659314,0.7929663062095642,0.17856984,2.167487621307373,1.5729277
6538,2.272411,0.14015904,-0.118561305,0.6524660587310791,0.19416188,2.3510475158691406,1.3472307
6539,2.3794937,0.09267514,-0.19372559,0.7772887945175171,0.16891475,2.22190260887146,1.243799
6540,2.3119226,0.07124353,-0.0785244,0.7514902949333191,0.14462754,2.3761274814605713,1.3379705
6541,2.2615156,0.18862791,-0.17931363,0.8418782949447632,0.07762973,2.1589417457580566,1.2109487
6542,2.2329092,0.14294833,-0.007527561,0.8261058926582336,0.10662207,2.4251132011413574,1.0386157
6543,2.2421904,0.18676072,-0.07954668,0.6171899437904358,0.18014327,2.3229167461395264,1.2061267
6544,2.313708,0.114843264,-0.12557185,0.7900635004043579,0.16110146,2.443070650100708,1.2371006
6545,2.404695,0.10450009,-0.10147496,0.8198870420455933,0.14666939,2.2339608669281006,1.4524776
6546,2.2684898,0.1891154,-0.14563176,0.7543723583221436,0.1594704,2.121542453765869,1.3781079
6547,2.2572622,0.07964009,0.0025331976,0.85,0.13529028,2.4275927543640137,1.217147
6548,2.3782375,0.1935058,-0.11231551,0.837833821773529,0.15023291,2.0981059074401855,1.9319717
6549,2.2895896,0.1803713,-0.13321893,0.7010300159454346,0.16842143,2.1280901432037354,1.4121319
6550,2.3104966,0.20923072,-0.1535956,0.7799851894378662,0.18270525,2.1520607471466064,1.6234473
6551,2.275381,0.17539334,-0.065598965,0.6316547393798828,0.17794138,2.2022361755371094,1.3039308
6552,2.2247663,0.16319822,-0.22662842,0.6038030385971069,0.14421885,2.344853162765503,0.900531
6553,2.3214593,0.11917789,-0.15053032,0.6131183505058289,0.20157199,2.2958459854125977,1.4108533
6554,2.2856307,0.1797583,-0.096215695,0.45624545216560364,0.23759432,2.215644598007202,1.4892509
6555,2.3159332,0.12304514,-0.16294351,0.6091306805610657,0.18407637,2.4086687564849854,0.9721433
6556,2.342183,0.12008986,-0.08255221,0.5838125348091125,0.19566073,2.050142526626587,2.008211
6557,2.2624037,0.1646621,-0.1277974,0.8322504162788391,0.11357988,2.5191149711608887,1.0816265
6558,2.207518,0.23512697,-0.056606423,0.7182297110557556,0.1608393,2.159404754638672,1.2289861
6559,2.4210925,0.24083571,-0.11881862,0.7657109498977661,0.20097616,2.125537395477295,2.0441601
6560,2.3549602,0.1679989,-0.18432565,0.687876284122467,0.17672953,2.323812484741211,1.3654983
6561,2.2291207,0.30435672,-0.22436567,0.4768798351287842,0.2077118,2.2710230350494385,1.3749596
6562,2.3025484,0.17520905,-0.08991148,0.7722302675247192,0.131146,2.0478734970092773,1.4354382
6563,2.258569,0.20600542,-0.11103982,0.6992178559303284,0.16093291,2.4274423122406006,1.0778059
6564,2.3419101,0.21784654,-0.031674612,0.7366110682487488,0.20556134,2.0526607036590576,1.7441481
6565,2.2980437,0.0837131,-0.10943746,0.7587093114852905,0.15103616,2.2270121574401855,1.2929199
6566,2.3452013,0.15962897,-0.15953238,0.8351632952690125,0.13439347,2.1565723419189453,1.3280644
6567,2.3090107,0.25248384,-0.12829445,0.7232167720794678,0.18799561,2.096792459487915,1.4628332
6568,2.3424604,0.15690827,-0.12923603,0.76400226354599,0.14448152,2.264087438583374,1.2456592
6569,2.3658485,0.23037097,-0.15485519,0.8476719260215759,0.09470757,2.090177297592163,1.5574572
6570,2.3681934,0.1710122,-0.13720943,0.7116957902908325,0.17551176,2.254862070083618,1.5362821
6571,2.2575307,0.20604357,-0.0238222,0.42976951599121094,0.27650365,2.065089225769043,2.5963902
6572,2.330872,0.17418794,-0.067543246,0.7352778315544128,0.17693208,2.169905424118042,1.435396
6573,2.289531,0.2045189,-0.082347274,0.7485883831977844,0.14726743,2.0979199409484863,1.4233217
6574,2.2370944,0.21364114,-0.07897965,0.5450570583343506,0.2036498,2.0426905155181885,1.4782062
6575,2.248909,0.13249756,0.0056359153,0.6639646291732788,0.1540293,2.053527593612671,1.1990443
6576,2.3191252,0.042610567,-0.08936403,0.7486796975135803,0.1828997,2.1953186988830566,1.3434017
6577,2.2415667,0.12580499,-0.090252705,0.637090802192688,0.17538059,2.3782238960266113,0.9984138
6578,2.419169,0.21226862,-0.14630327,0.7511714100837708,0.18752511,2.1267893314361572,1.7914279
6579,2.31226,0.15777177,-0.07324776,0.5178645849227905,0.16100964,2.1347765922546387,1.5727309
6580,2.2831514,0.14883983,-0.120546535,0.8339331150054932,0.12940024,2.3155112266540527,1.4145465
6581,2.2703886,0.16129418,-0.07280044,0.7121865153312683,0.15039411,2.3984735012054443,1.2280936
6582,2.235884,0.20887679,-0.16431814,0.5302920937538147,0.20365866,2.335900068283081,1.3075684
6583,2.2416832,0.14281678,-0.17502503,0.5487493276596069,0.19828342,2.593585252761841,1.0713868
6584,2.238831,0.17129804,-0.08518718,0.7478842735290527,0.17877258,2.3710644245147705,1.2309949
6585,2.254248,0.19077593,-0.1496972,0.720508873462677,0.23742051,2.43685245513916,1.367662
6586,2.2174265,0.1489717,-0.16933255,0.8240550756454468,0.08103676,2.1651346683502197,1.060909
6587,2.2554352,0.19474918,0.0016532859,0.7975142598152161,0.1411616,2.3113555908203125,1.5504307
6588,2.2954717,0.07759758,-0.16946216,0.7939762473106384,0.1683086,2.3682172298431396,1.1637871
6589,2.289654,0.11362393,-0.3058461,0.7043170928955078,0.12449842,2.45082426071167,0.8075772
6590,2.3006883,0.17255884,-0.19471999,0.7149901986122131,0.14199041,2.092420816421509,1.1352818
6591,2.3229706,0.11577341,-0.22714038,0.8021329045295715,0.12010443,2.451176166534424,1.1012932
6592,2.242519,0.096142866,-0.14666787,0.7355934381484985,0.15726128,2.494440793991089,1.0323591
6593,2.3458476,0.17861076,-0.08795994,0.6682355999946594,0.17229997,2.082613706588745,1.6428447
6594,2.2430477,0.118293285,-0.061377738,0.6795784831047058,0.16765557,2.125417470932007,1.3101733
6595,2.2255673,0.13914417,-0.08234004,0.744011402130127,0.1813156,2.4680845737457275,1.1074314
6596,2.2225688,0.21229964,-0.061182737,0.7323561310768127,0.16009715,2.2819132804870605,1.3831344
6597,2.345558,0.11941118,-0.02944954,0.8342093229293823,0.13785133,2.1110239028930664,1.3498176
6598,2.3285735,0.17107864,-0.1511924,0.7646505832672119,0.13177156,2.340189218521118,1.1670684
6599,2.2771847,0.2225879,-0.0899977,0.6881294846534729,0.20587781,2.257294178009033,1.5241182
6600,2.2168274,0.12642296,-0.052741442,0.8000136017799377,0.118642926,2.4091200828552246,0.98940617
6601,2.2941349,0.08763176,-0.11358308,0.7413738369941711,0.20285723,2.392171859741211,1.2111924
6602,2.2520392,0.18720534,-0.13162348,0.6355627775192261,0.18216993,2.4953882694244385,1.1642541
6603,2.3469183,0.2604833,-0.13724563,0.6937820911407471,0.19014668,2.1111490726470947,1.3470284
6604,2.404593,0.085106626,-0.14212127,0.7468869090080261,0.1707168,2.1607015132904053,1.5134174
6605,2.217713,0.1544655,-0.07270971,0.45235323905944824,0.2542433,2.4383394718170166,1.2427052
6606,2.2044435,0.18653171,-0.13635547,0.48234593868255615,0.16750741,2.5758678913116455,0.8642046
6607,2.1967454,0.14873649,-0.069455534,0.4727684557437897,0.23056085,2.518671751022339,1.173805
6608,2.1906998,0.2038765,-0.041095626,0.7662605047225952,0.16624033,2.2259647846221924,1.3118522
6609,2.217913,0.111949645,-0.073688835,0.7921178936958313,0.15689847,2.4946107864379883,0.9168291
6610,2.3273525,0.2395064,-0.16732584,0.837177038192749,0.12278061,2.125870943069458,1.575628
6611,2.3029735,0.14066377,-0.11678556,0.7239312529563904,0.14399797,2.3656206130981445,1.0730169
6612,2.237608,0.1717767,-0.13672419,0.8403273224830627,0.081548445,2.5300073623657227,1.0349399
6613,2.331672,0.14669365,-0.17906177,0.796393096446991,0.12010852,2.1848909854888916,1.5501264
6614,2.352295,0.17067403,-0.15462057,0.7699783444404602,0.13670634,2.2107765674591064,1.2395855
6615,2.2822258,0.15903905,-0.0666022,0.7121478319168091,0.17768654,2.092529535293579,1.3155205
6616,2.309726,0.14459427,-0.11746705,0.7466284036636353,0.17429307,2.161872386932373,1.4937458
6617,2.3429224,0.20088345,-0.24813615,0.760394275188446,0.16640067,2.415754795074463,1.1427808
6618,2.314055,0.12041238,-0.14792661,0.7115685343742371,0.18032052,2.2813212871551514,1.2509198
6619,2.2438273,0.24235563,-0.009230794,0.8265583515167236,0.11435989,2.057253837585449,1.3489165
6620,2.2916167,0.23976824,-0.15483329,0.6019827723503113,0.1640029,2.1846346855163574,1.5056725
6621,2.3109648,0.077814735,-0.061150163,0.7830111384391785,0.1316605,2.1621737480163574,1.0984751
6622,2.445061,0.16159333,-0.20015916,0.7603986263275146,0.19077863,2.2200233936309814,1.7314872
6623,2.401498,0.15505318,-0.27184096,0.8215298652648926,0.111742385,2.135380506515503,1.1874979
6624,2.3636043,0.12565772,-0.13938862,0.6170305013656616,0.21385716,2.17060923576355,1.7121
6625,2.2236,0.18157978,-0.10887052,0.8189877867698669,0.12003147,2.4080898761749268,1.0358748
6626,2.1999054,0.27455595,-0.0335894,0.6042467355728149,0.19706354,2.0899457931518555,1.8581133
6627,2.3699143,0.17052652,-0.22199142,0.7830535769462585,0.15918241,2.4030532836914062,1.3977237
6628,2.333711,0.20742491,-0.1344118,0.7537194490432739,0.14254066,2.2055556774139404,1.4382358
6629,2.2180848,0.11656764,-0.04140186,0.6456034779548645,0.17717567,2.4041924476623535,1.1386464
6630,2.2226589,0.22900909,-0.10870967,0.6375409364700317,0.18936038,2.289581537246704,1.2090684
6631,2.3017936,0.13955717,-0.12129931,0.8031511306762695,0.10896929,2.2137527465820312,1.2118825
6632,2.2305512,0.16819255,-0.064570874,0.7312071323394775,0.182952,2.362419843673706,1.2439344
6633,2.2693508,0.21230671,-0.28899613,0.7264529466629028,0.17592889,2.454819440841675,1.1795522
6634,2.4000366,0.13841875,-0.08895815,0.8053030371665955,0.15184443,2.0721499919891357,1.4859222
6635,2.2028074,0.11411481,-0.09852746,0.47377297282218933,0.18635133,2.3966143131256104,1.0830141
6636,2.2980568,0.1575511,-0.23913464,0.7357208132743835,0.13870285,2.4388554096221924,1.0845518
6637,2.2760143,0.17610888,-0.14649221,0.5408951044082642,0.21827559,2.1747610569000244,1.4488451
6638,2.3582985,0.16691835,-0.16846381,0.8238295912742615,0.14356789,2.1692466735839844,1.4883577
6639,2.2658117,0.18956974,-0.065636456,0.7809808254241943,0.14752144,2.3506336212158203,1.3172565
6640,2.1459966,0.17367473,0.0024776363,0.5717401504516602,0.19165988,2.463928461074829,0.98761815
6641,2.1844232,0.23223425,-0.035083078,0.6423587799072266,0.14275248,2.328861951828003,1.1692848
6642,2.2256172,0.17543298,-0.058579,0.8136223554611206,0.12433833,2.3344786167144775,1.1973977
6643,2.369804,0.18993922,-0.18388622,0.5641873478889465,0.21308164,2.1128156185150146,1.6351199
6644,2.2287002,0.16402043,-0.1327825,0.8382206559181213,0.0904311,2.5220532417297363,0.96820736
6645,2.3354514,0.19102967,-0.094680935,0.7989768385887146,0.16630703,2.0607523918151855,2.1343145
6646,2.2729688,0.1421386,-0.05680066,0.8284686803817749,0.13181518,2.098860502243042,1.4897784
6647,2.3517423,0.13011277,-0.09405666,0.5605610609054565,0.22650726,2.0958809852600098,1.7720526
6648,2.2450426,0.17834614,-0.07629322,0.698969841003418,0.17260075,2.452192544937134,1.1245267
6649,2.273056,0.196703,-0.07587263,0.7955004572868347,0.16420434,2.23103666305542,1.3957916
6650,2.3322551,0.25152296,-0.19411102,0.5319194197654724,0.21696314,2.038001775741577,1.5326277
6651,2.3412073,0.14058869,-0.12395521,0.8428773283958435,0.1184571,2.1897921562194824,1.5435734
6652,2.3721347,0.13552536,-0.108475536,0.7325247526168823,0.1708474,2.1779372692108154,1.4642657
6653,2.2204611,0.21956863,-0.0466595,0.6003862023353577,0.20157275,2.48575496673584,1.2251759
6654,2.1997411,0.15503564,-0.11442796,0.7071235179901123,0.15698075,2.5120081901550293,1.1327554
6655,2.293194,0.20023327,-0.13029084,0.6016120910644531,0.21248476,2.2958459854125977,1.50771
6656,2.2858007,0.23158579,-0.028335975,0.8408154845237732,0.09797197,2.2825584411621094,1.280596
6657,2.2837555,0.1509235,-0.1969315,0.8444863557815552,0.14839324,2.609748125076294,1.0619677
6658,2.1858072,0.289918,-0.124222375,0.36289146542549133,0.25610703,2.38454270362854,1.1794566
6659,2.2747493,0.2566735,-0.084803194,0.829447865486145,0.13591091,2.215599536895752,1.5345072
6660,2.2584224,0.19176774,-0.20557907,0.7464273571968079,0.15321426,2.5099782943725586,1.1866302
6661,2.3685324,0.18960792,-0.08531609,0.7787216305732727,0.16414274,2.185854196548462,1.2655189
6662,2.2628984,0.2083691,-0.1247431,0.7010644674301147,0.1770578,2.288071393966675,1.2055491
6663,2.3597982,0.1702368,-0.15986599,0.7373074889183044,0.19132927,2.315013885498047,1.5269407
6664,2.2924495,0.19563831,-0.08570891,0.601695716381073,0.19184247,2.1437666416168213,1.5232134
6665,2.1384215,0.18081816,-0.02855716,0.4759792983531952,0.20619142,2.4384608268737793,1.0462918
6666,2.2740886,0.18444791,-0.0933704,0.4993647634983063,0.21860048,2.2502224445343018,1.2641226
6667,2.2986577,0.17454743,-0.33126017,0.5888742208480835,0.16266194,2.449749231338501,0.96833706
6668,2.2683961,0.18092214,-0.12589006,0.5922732353210449,0.1530629,2.195810556411743,1.3582494
6669,2.331592,0.15855768,-0.14348613,0.6272024512290955,0.15550043,2.1957271099090576,1.3794754
6670,2.3188634,0.13697043,-0.10759957,0.7589123249053955,0.15759599,2.260589599609375,1.4397817
6671,2.2238977,0.14267722,-0.08524902,0.5793492794036865,0.17112316,2.553752899169922,1.0130292
6672,2.2934747,0.17056201,-0.089087896,0.7930936217308044,0.17023692,2.2878284454345703,1.4297421
6673,2.306716,0.1564131,-0.1149982,0.6721180081367493,0.17481554,2.357515811920166,1.409895
6674,2.3046331,0.18542106,-0.07769983,0.5550870299339294,0.18086432,2.201599359512329,1.5247926
6675,2.3915849,0.14098887,-0.17882915,0.839518129825592,0.12786826,2.3664233684539795,1.5320613
6676,2.2408972,0.16617242,-0.15250339,0.793683648109436,0.16681457,2.554605722427368,1.1624241
6677,2.2477908,0.12289372,-0.09796911,0.5751767754554749,0.1856172,2.3724305629730225,1.336847
6678,2.3240688,0.21840511,-0.048344377,0.7275574207305908,0.18532808,2.062985420227051,1.8250573
6679,2.3439593,0.18437839,-0.05243292,0.6488518714904785,0.1971227,2.1776673793792725,1.8238215
6680,2.2311296,0.16718908,-0.20113346,0.5327607989311218,0.1523751,2.5520224571228027,0.87479335
6681,2.4238157,0.15890428,-0.07721573,0.7616822719573975,0.19519879,2.08150577545166,1.7706318
6682,2.2042093,0.15107304,-0.033986934,0.6049360632896423,0.1845177,2.40269136428833,1.0693458
6683,2.2965066,0.19187365,-0.105450764,0.6790082454681396,0.1782711,2.2998437881469727,1.3938777
6684,2.353884,0.18825899,-0.13045928,0.6820690035820007,0.1766468,2.0721778869628906,1.6161747
6685,2.2595494,0.15007009,-0.025337199,0.7437158823013306,0.16062565,2.180523633956909,1.2503335
6686,2.2686632,0.15971449,-0.056646507,0.8162921071052551,0.16612561,2.357947826385498,1.4627329
6687,2.2272565,0.24408765,-0.1047113,0.7863794565200806,0.15219748,2.452523708343506,1.2910789
6688,2.419703,0.17713708,-0.16455111,0.7848610281944275,0.18533473,2.091867685317993,1.5606931
6689,2.337588,0.13228713,-0.10221438,0.7062514424324036,0.16388857,2.1065731048583984,1.3970399
6690,2.347421,0.20277324,-0.11010176,0.5052697658538818,0.24416356,2.1103720664978027,2.0005426
6691,2.2881787,0.068499826,-0.10800944,0.5484710335731506,0.21845339,2.1511728763580322,1.5224476
6692,2.4253824,0.10505819,-0.13065182,0.8413428664207458,0.11628642,2.2755026817321777,1.3231726
6693,2.2059247,0.18685317,0.012733273,0.39772799611091614,0.23045513,2.4252896308898926,1.1941202
6694,2.2426343,0.11483302,-0.05539608,0.8010207414627075,0.10723927,2.6523845195770264,1.0758694
6695,2.2166157,0.117535084,-0.10683272,0.6492898464202881,0.13698174,2.5063834190368652,0.95477605
6696,2.2594118,0.12635723,-0.061870508,0.6900178790092468,0.16371518,2.335371971130371,1.2427863
6697,2.2496853,0.12051888,-0.021192947,0.7943272590637207,0.14107147,2.4281158447265625,1.1272198
6698,2.2729042,0.19173837,-0.069576405,0.2723960280418396,0.20128606,2.1225810050964355,1.2599378
6699,2.2801526,0.15710342,0.018852845,0.7179996967315674,0.14778703,2.150632619857788,1.4675088
6700,2.2984467,0.18862525,-0.11638629,0.5831203460693359,0.18339282,2.323361396789551,1.3027096
6701,2.2124085,0.08871498,-0.054640837,0.7488648891448975,0.12827206,2.5090172290802,0.8988737
6702,2.2499928,0.20799801,-0.06971701,0.7880819439888,0.18140838,2.5367112159729004,1.5866809
6703,2.1902778,0.15680324,-0.13962488,0.5384561419487,0.17934862,2.418752670288086,1.0424644
6704,2.380313,0.18313363,-0.1373491,0.7424584031105042,0.14666252,2.209284782409668,1.4880695
6705,2.2508812,0.16938637,-0.101783894,0.6655560731887817,0.1983952,2.3213937282562256,1.3907855
6706,2.338645,0.083637394,-0.025867665,0.7699750661849976,0.13446023,2.2159297466278076,1.1965761
6707,2.2112074,0.06875319,-0.066393495,0.6424004435539246,0.17024927,2.4817769527435303,1.0496973
6708,2.206212,0.1748291,-0.07305933,0.7097455263137817,0.17864968,2.273136615753174,1.2761763
6709,2.3223884,0.1793598,-0.06247559,0.6902991533279419,0.1627896,2.250056505203247,1.4639581
6710,2.1648655,0.26591069,-0.15344952,0.5036285519599915,0.18654889,2.428494691848755,1.0615872
6711,2.356404,0.0527847,-0.1825012,0.8227418661117554,0.12542465,2.523928165435791,1.0288324
6712,2.3384483,0.20722643,-0.13044035,0.7512418627738953,0.16368213,2.2333507537841797,1.4206408
6713,2.2945561,0.15997693,-0.0986921,0.7326061725616455,0.18804447,2.28515887260437,1.3407654
6714,2.3610444,0.19345894,-0.12919365,0.7884106040000916,0.1488746,2.2948520183563232,1.340639
6715,2.2374427,0.14344092,-0.10146241,0.581390380859375,0.19311213,2.439103841781616,1.260463
6716,2.2175934,0.25559267,-0.15820289,0.7780094742774963,0.149226,2.1918649673461914,1.3012078
6717,2.2447605,0.19530459,-0.0747777,0.679864227771759,0.19409741,2.2461180686950684,1.4830213
6718,2.3033054,0.13880864,-0.04542207,0.8236994743347168,0.10977504,2.1241233348846436,1.4012027
6719,2.372093,0.10005634,-0.120123185,0.8014796376228333,0.15884614,2.0969622135162354,1.4709939
6720,2.2315502,0.15579015,-0.1212253,0.4085272252559662,0.22383782,2.2991437911987305,1.136137
6721,2.2489269,0.209126,-0.21683843,0.7796705365180969,0.13905153,2.418473243713379,1.1089058
6722,2.2742677,0.13378233,-0.071380205,0.5338528156280518,0.2133724,2.324455738067627,1.32914
6723,2.3480341,0.13001816,-0.09415245,0.8374193906784058,0.12997289,2.054196357727051,1.6228256
6724,2.254451,0.14866547,-0.11607149,0.7166543006896973,0.1879019,2.293212413787842,1.1476245
6725,2.1905234,0.26322484,-0.11028576,0.7731072306632996,0.12769914,2.338405132293701,1.135287
6726,2.2584221,0.17080384,-0.11457223,0.7151826620101929,0.15787593,2.33571720123291,1.2891405
6727,2.333008,0.17426327,-0.17366458,0.7773710489273071,0.13273342,2.0995664596557617,1.4792683
6728,2.3399882,0.17349862,-0.06013179,0.825996458530426,0.119395696,2.1197047233581543,1.5581744
6729,2.3849978,0.16860819,-0.11668219,0.7050600051879883,0.23222958,2.387526273727417,1.5844675
6730,2.4374757,0.21670538,-0.16495617,0.7467446327209473,0.1973678,2.073610305786133,1.5756725
6731,2.3629897,0.103008054,-0.12558526,0.574530303478241,0.18751626,2.112694263458252,1.7672786
6732,2.233809,0.16571611,-0.13385727,0.7479552626609802,0.20410554,2.4187796115875244,1.2942716
6733,2.252272,0.14577326,-0.10834265,0.781563937664032,0.13570625,2.1769824028015137,1.1620266
6734,2.4095795,0.15961027,-0.15226386,0.7922466397285461,0.18802272,2.019345283508301,2.1369092
6735,2.3056023,0.18071721,0.014715947,0.7030108571052551,0.20410869,2.2924959659576416,1.6069872
6736,2.2154672,0.17077889,-0.049629647,0.8255235552787781,0.1307295,2.6388237476348877,1.0950241
6737,2.3735852,0.1503956,-0.09722385,0.8074871897697449,0.15993518,2.221601724624634,1.5044749
6738,2.330587,0.21339446,-0.0923714,0.6200180053710938,0.20555434,2.278359889984131,1.2381136
6739,2.1804116,0.18555896,-0.057738166,0.5961759090423584,0.18645579,2.5284533500671387,1.2192523
6740,2.2715845,0.19939631,-0.12655985,0.8337159156799316,0.13583018,2.3519093990325928,1.1807914
6741,2.3263679,0.19963062,-0.08493052,0.8036502003669739,0.15979394,2.0683698654174805,1.6660899
6742,2.3097923,0.16065684,-0.11008929,0.7017155289649963,0.15910095,2.3481059074401855,1.3740995
6743,2.2447953,0.14936304,-0.032663357,0.3490963876247406,0.19187357,2.035313844680786,1.5493832
6744,2.3077319,0.17327507,-0.11970813,0.7087596654891968,0.1839009,2.4986159801483154,1.2386749
6745,2.202447,0.10511339,-0.041596215,0.7158607840538025,0.16421191,2.38303804397583,1.072866
6746,2.21949,0.18092047,-0.09691424,0.7066407799720764,0.20144066,2.5532870292663574,1.1021492
6747,2.2539654,0.25174376,-0.09444988,0.85,0.11870099,2.5009891986846924,1.4349964
6748,2.2187195,0.06859252,-0.05583673,0.7487442493438721,0.1288349,2.1380441188812256,0.93709767
6749,2.380961,0.19552162,-0.1412931,0.7890118360519409,0.1710345,2.0620357990264893,2.207784
6750,2.3551369,0.19086894,-0.1271857,0.7985889911651611,0.18329352,2.3549370765686035,1.245605
6751,2.3046632,0.19953813,-0.1290644,0.8421332836151123,0.116358556,2.114135265350342,1.843776
6752,2.158694,0.13417508,-0.06984248,0.5048030614852905,0.2213806,2.5008857250213623,1.10918
6753,2.2353978,0.17459223,-0.0029453782,0.7663367986679077,0.12400647,2.268745183944702,1.1947557
6754,2.3112524,0.17748609,-0.21005815,0.7948084473609924,0.13508324,2.2236697673797607,1.3074268
6755,2.2584121,0.21715587,-0.104742944,0.4293435215950012,0.21543218,2.1701817512512207,1.7337292
6756,2.2545228,0.19070107,-0.06169477,0.6312062740325928,0.21334559,2.315255641937256,1.2982908
6757,2.3080215,0.16953886,-0.106629685,0.7202566266059875,0.18778928,2.1079516410827637,1.4918449
6758,2.1979177,0.14854762,-0.09411266,0.6644912362098694,0.17378688,2.427095413208008,1.1326828
6759,2.2359219,0.17791353,-0.09640999,0.8305408358573914,0.16653815,2.323303699493408,1.5400573
6760,2.324397,0.13091955,-0.05371072,0.8189168572425842,0.1420061,2.04301381111145,1.7435828
6761,2.3626347,0.1828873,-0.10120539,0.6603339910507202,0.19660126,2.0920941829681396,1.3225718
6762,2.2621417,0.072501,-0.13786548,0.6267496347427368,0.16174532,2.5400044918060303,0.9951216
6763,2.276447,0.11801476,-0.056966007,0.8240184783935547,0.10863475,2.36938738822937,1.1488855
6764,2.3215024,0.04029384,-0.07134092,0.8345761299133301,0.1199098,2.314905881881714,1.1737916
6765,2.2587175,0.14585178,-0.072101496,0.808512806892395,0.14188868,2.3377766609191895,1.3079226
6766,2.2315075,0.1738538,-0.009571607,0.6677047610282898,0.19501951,2.164086103439331,1.4849609
6767,2.1923254,0.15624069,-0.111127585,0.6817678809165955,0.15993708,2.4999852180480957,0.99840826
6768,2.3475199,0.09408813,-0.15151654,0.5910153985023499,0.17596477,2.0790629386901855,1.530189
6769,2.2328823,0.177853,-0.096737176,0.3802782893180847,0.24204797,2.1288328170776367,1.8845745
6770,2.401077,0.15691505,-0.12409717,0.8194610476493835,0.15600637,2.165771961212158,1.623987
6771,2.2524989,0.18339247,-0.09507129,0.704908013343811,0.18014234,2.4302868843078613,1.2714468
6772,2.3200455,0.2028649,-0.06255066,0.6983506083488464,0.18192914,2.314318895339966,1.4180918
6773,2.1567204,0.192857,-0.040722817,0.5063541531562805,0.21036865,2.3788950443267822,1.2655126
6774,2.317185,0.19832592,-0.021178884,0.8032618761062622,0.20142184,2.0955991744995117,1.590133
6775,2.1812747,0.18497223,-0.051292337,0.5515820384025574,0.16152214,2.260909080505371,1.0545604
6776,2.2862754,0.1554787,-0.04385625,0.7825250625610352,0.1503591,2.281856060028076,1.343902
6777,2.315671,0.14499614,-0.08496925,0.5509256720542908,0.18152712,2.284074068069458,1.1875942
6778,2.3802395,0.1514703,-0.16616082,0.7972916960716248,0.15866455,2.16813325881958,1.658665
6779,2.3380237,0.19269222,-0.083331466,0.7876057624816895,0.16463383,2.1298320293426514,1.817727
6780,2.2126617,0.18962581,-0.06352169,0.6584517359733582,0.18524441,2.4201931953430176,1.0579386
6781,2.362259,0.09272626,-0.05374809,0.7835304737091064,0.13034694,2.2434940338134766,1.7625884
6782,2.2248614,0.19988476,-0.0696835,0.8162545561790466,0.15718825,2.433265447616577,1.0984714
6783,2.2335112,0.19844522,0.0015198286,0.7902569770812988,0.18228988,2.2563588619232178,1.7179954
6784,2.2330103,0.07521619,-0.00038353857,0.8249243497848511,0.13818632,2.5074658393859863,1.181887
6785,2.3420222,0.17742522,-0.12099262,0.7935559749603271,0.12528098,2.175687551498413,1.5250694
6786,2.275479,0.1552101,-0.19034612,0.8262899518013,0.12824284,2.4092776775360107,1.2269524
6787,2.335292,0.018111063,-0.064500384,0.8075281381607056,0.1332666,2.106961727142334,1.3365314
6788,2.310066,0.19186689,-0.05102492,0.7557283043861389,0.14379585,2.09123158454895,1.3348824
6789,2.2661202,0.16421701,-0.15954208,0.7345941662788391,0.19657351,2.324632167816162,1.3916405
6790,2.2013428,0.12388961,-0.10997918,0.6601727604866028,0.13748065,2.2920069694519043,0.96927905
6791,2.249567,0.115408555,-0.06019268,0.721352219581604,0.19182898,2.306811571121216,1.2901468
6792,2.2430985,0.1607811,-0.14280795,0.6390390992164612,0.21200533,2.359489917755127,1.302185
6793,2.2879598,0.21412255,-0.041769385,0.6962133049964905,0.17790242,2.147601366043091,1.5688803
6794,2.3567805,0.16930856,-0.040506244,0.6138761639595032,0.2322522,2.1231849193573,1.6665009
6795,2.2640886,0.1670511,-0.13994771,0.5765145421028137,0.18434761,2.0888350009918213,1.4748768
6796,2.3539388,0.06342265,-0.09994224,0.7942631244659424,0.13874729,2.1133859157562256,1.4032373
6797,2.2715657,0.07489779,-0.077529944,0.6188380718231201,0.11584113,2.1946887969970703,1.1119548
6798,2.2330081,0.19898386,-0.12402728,0.79084312915802,0.14894852,2.5196001529693604,0.95634574
6799,2.232316,0.15429193,-0.2032849,0.6585149168968201,0.16355349,2.4955713748931885,0.9903231
6800,2.2291756,0.20440933,-0.07765449,0.49195390939712524,0.21635188,2.2763941287994385,1.4574026
6801,2.248924,0.11476877,-0.16153516,0.7321532368659973,0.13902207,2.2982192039489746,1.1115408
6802,2.2206178,0.21073145,-0.08557347,0.8229382038116455,0.170111,2.3665590286254883,1.1495795
6803,2.380691,0.15132813,-0.21602157,0.7758663892745972,0.11020292,2.0495667457580566,1.8425127
6804,2.4025528,0.19364925,-0.18628314,0.6084427237510681,0.21909381,2.2751262187957764,2.0334897
6805,2.3838232,0.09393669,-0.16485988,0.8310837149620056,0.1189586,2.390293836593628,1.5142853
6806,2.334645,0.1758441,-0.22364767,0.6901920437812805,0.17221835,2.3184924125671387,1.257684
6807,2.2589657,0.20275106,-0.14281216,0.6660743951797485,0.1484121,2.5200791358947754,1.0353609
6808,2.319317,0.16960163,-0.14506118,0.8491706252098083,0.060888164,2.4556150436401367,1.3114369
6809,2.396541,0.22342205,-0.11638574,0.7181258201599121,0.19515088,2.1791415214538574,1.3575989
6810,2.321678,0.19081853,-0.19312029,0.8142244219779968,0.11907767,2.2586565017700195,1.4507592
6811,2.3158104,0.124268875,-0.036429074,0.75196772813797,0.18125354,2.023130178451538,2.0887392
6812,2.3706672,0.14722088,-0.14509885,0.6890934109687805,0.16018018,2.257136821746826,1.2807068
6813,2.3595023,0.20817034,-0.10848656,0.85,0.117856316,2.1623895168304443,1.6341048
6814,2.2284434,0.16506848,-0.074967705,0.7923144102096558,0.09970488,2.0989863872528076,1.4031551
6815,2.29029,0.1667421,-0.09424673,0.6651504039764404,0.16731246,2.442720890045166,1.1726712
6816,2.2858043,0.14514676,-0.13819778,0.6083699464797974,0.21289378,2.302018642425537,1.3581868
6817,2.3305504,0.20397507,-0.04532079,0.8173307776451111,0.16200516,2.308546304702759,1.741163
6818,2.2793217,0.15160248,-0.16672437,0.8045826554298401,0.122152366,2.2929553985595703,0.9330203
6819,2.2931342,0.13653536,-0.13910492,0.6644831895828247,0.18768598,2.380309581756592,1.1718955
6820,2.2444446,0.17210722,-0.14498858,0.7550211548805237,0.16603917,2.3578271865844727,1.1614357
6821,2.2060404,0.14023022,-0.1098307,0.5216315984725952,0.15405434,2.3487932682037354,1.0421212
6822,2.3568609,0.14991088,-0.12352847,0.8017513155937195,0.099167585,2.2836880683898926,1.3471409
6823,2.308819,0.1380405,-0.08318594,0.848163902759552,0.09461073,2.081805467605591,1.3124353
6824,2.3208554,0.18778227,-0.1174458,0.85,0.07793408,2.0469746589660645,1.8144217
6825,2.3607354,0.05536578,-0.15272796,0.8137393593788147,0.13595779,2.2501208782196045,1.5224283
6826,2.2569456,0.19940539,-0.059113115,0.6980307102203369,0.19360925,2.3664214611053467,1.3810338
6827,2.2117007,0.22793305,-0.11469112,0.7241346836090088,0.15740287,2.4894089698791504,1.153892
6828,2.3253386,0.2500123,-0.14383695,0.8240823149681091,0.09739708,2.1357357501983643,1.4280951
6829,2.2272615,0.1002237,-0.1384299,0.7997719645500183,0.12248716,2.3640148639678955,1.023255
6830,2.3240092,0.13353445,-0.026850045,0.8289640545845032,0.09551253,2.245436429977417,1.2954726
6831,2.4246972,0.121184565,-0.19424362,0.7476578950881958,0.17691901,2.1322274208068848,1.6561344
6832,2.3814852,0.13508387,-0.13744198,0.8066237568855286,0.12789513,2.3391811847686768,1.3177965
6833,2.4948788,0.13651888,-0.17598411,0.7593978643417358,0.17453691,2.0099523067474365,2.4542985
6834,2.2889638,0.2167088,-0.115823984,0.5062023401260376,0.16230164,2.0720572471618652,1.2070048
6835,2.0945206,0.17541562,-0.07571669,0.3306618630886078,0.26291314,2.3684582710266113,1.1436697
6836,2.2915564,0.1356705,-0.16384274,0.7224558591842651,0.1540729,2.4349513053894043,1.0017961
6837,2.2260869,0.14335226,-0.095780686,0.8312429189682007,0.095633574,2.396214723587036,1.0332533
6838,2.3995562,0.06463947,-0.1527553,0.7895007133483887,0.16517341,2.384079933166504,1.3665854
6839,2.2975757,0.15282583,-0.14007103,0.7472707033157349,0.15521874,2.5283362865448,1.0898323
6840,2.2959938,0.16995999,-0.0476045,0.7150136828422546,0.18922299,2.2874045372009277,1.4386463
6841,2.328407,0.23515505,-0.12456509,0.7454496622085571,0.1581702,2.3530163764953613,1.2240049
6842,2.2759223,0.20522878,-0.07063193,0.7847583293914795,0.1404763,2.1150190830230713,1.5177838
6843,2.256178,0.18506125,-0.077145554,0.6388903260231018,0.19898675,2.3864452838897705,1.1682808
6844,2.2119436,0.14144734,-0.076895446,0.7290899157524109,0.15436777,2.6611032485961914,0.93304074
6845,2.2963343,0.101512276,-0.03978236,0.5590903162956238,0.21214287,2.2402565479278564,1.2344247
6846,2.3229437,0.11962596,-0.1696529,0.7641389966011047,0.18860324,2.429847240447998,1.2318242
6847,2.3236358,0.15291996,-0.12581901,0.7123907208442688,0.14171776,2.2920870780944824,1.2121314
6848,2.3269787,0.14853537,-0.12848362,0.6531883478164673,0.20928293,2.257786989212036,1.2891251
6849,2.1862159,0.21499006,-0.01762133,0.846098780632019,0.075377025,2.484569787979126,1.1236229
6850,2.2596583,0.18756661,-0.11006774,0.7602625489234924,0.15269756,2.1776959896087646,1.3830645
6851,2.2048426,0.21847405,-0.07471357,0.7406767010688782,0.1698412,2.3377602100372314,1.2990755
6852,2.255393,0.12075805,-0.093387,0.5072755813598633,0.22255364,2.5309479236602783,1.0349898
6853,2.2800667,0.15200464,-0.13145971,0.5048044323921204,0.17827198,2.26301908493042,1.0757449
6854,2.4645176,0.13994974,-0.14877358,0.8046936392784119,0.17935404,2.061952829360962,1.8673191
6855,2.3423262,0.17948373,-0.1751373,0.5726198554039001,0.2188072,2.159217357635498,1.597874
6856,2.3071392,0.16038808,-0.08798011,0.6978542804718018,0.17228094,2.237780809402466,1.5838534
6857,2.2168026,0.15831563,0.071880504,0.6940739750862122,0.16396381,2.430114269256592,1.198312
6858,2.339312,0.24645418,-0.13108683,0.7775161266326904,0.19380109,2.26625657081604,1.6338733
6859,2.2596862,0.24631521,-0.19782653,0.8127986788749695,0.10717604,2.41231107711792,1.0587631
6860,2.2809582,0.22430426,-0.15139899,0.8009539842605591,0.17031254,2.323885202407837,1.3146887
6861,2.3613553,0.12737763,-0.15695731,0.6835846900939941,0.19697553,2.0227906703948975,1.5822005
6862,2.3057632,0.19057336,-0.097773224,0.7854708433151245,0.15736797,2.26658034324646,1.3868312
6863,2.2092342,0.122339584,-0.09392612,0.5932467579841614,0.1820512,2.400078535079956,1.0779016
6864,2.28399,0.06857079,-0.10023903,0.8023532629013062,0.13213438,2.4076149463653564,0.92667687
6865,2.1688504,0.2066187,-0.06946676,0.802276074886322,0.1433054,2.503014087677002,1.3149072
6866,2.295601,0.2229682,-0.090710126,0.843945324420929,0.11588098,2.24823260307312,1.3030312
6867,2.2195973,0.25176853,-0.16022575,0.5260280966758728,0.22466256,2.270095109939575,1.2741294
6868,2.1620462,0.19051243,-0.06918697,0.5234652757644653,0.20831375,2.3375818729400635,1.1958915
6869,2.270171,0.24400617,-0.05278863,0.8097816109657288,0.1517067,2.278693437576294,1.5285965
6870,2.3077695,0.20231305,-0.13603604,0.6216211915016174,0.1769978,2.0819246768951416,1.7652977
6871,2.299811,0.24948093,-0.14868787,0.7864009737968445,0.13615179,2.3088042736053467,1.24505
6872,2.282145,0.23289001,-0.11524635,0.7653875946998596,0.106524125,2.2649266719818115,1.338912
6873,2.3339298,0.1473554,-0.055602986,0.711699903011322,0.16031556,2.3177168369293213,1.3273163
6874,2.2161758,0.16156983,-0.09543518,0.6689380407333374,0.14518721,2.6293158531188965,0.8703131
6875,2.2652264,0.15735078,-0.07642443,0.8336855173110962,0.14701112,2.3198931217193604,1.2537216
6876,2.233562,0.15052533,-0.062429104,0.737179160118103,0.15491937,2.3690247535705566,1.1866208
6877,2.2496095,0.22029978,-0.076476604,0.503804624080658,0.20665939,2.1069631576538086,1.4397298
6878,2.229298,0.13701597,-0.07573687,0.7657437324523926,0.11448424,2.6117937564849854,0.89703566
6879,2.3213727,0.22709396,-0.11447561,0.7856441140174866,0.18548243,2.106264591217041,1.7863011
6880,2.2706172,0.19319604,-0.16084175,0.8351507186889648,0.12105979,2.537407398223877,1.0780104
6881,2.3837605,0.20178752,-0.17675954,0.7505106925964355,0.18836479,2.2044808864593506,1.6163082
6882,2.2432592,0.18586683,-0.11378041,0.46018755435943604,0.20523271,2.161341905593872,1.1281784
6883,2.2549891,0.14547563,-0.15422384,0.5104833245277405,0.20588244,2.440434217453003,1.1211617
6884,2.2932796,0.17333628,-0.11635604,0.8381112813949585,0.14322293,2.256621837615967,1.3668116
6885,2.3122234,0.23182304,-0.1575989,0.5401878356933594,0.20049822,2.072113275527954,1.4847431
6886,2.2202013,0.14850157,-0.14026864,0.7164971828460693,0.15639414,2.4138760566711426,1.1053578
6887,2.2771063,0.11410279,-0.07981839,0.8065310120582581,0.13436821,2.4291296005249023,1.1008801
6888,2.3345091,0.18235396,-0.14896417,0.798021674156189,0.12775035,2.285529851913452,1.1355755
6889,2.3453286,0.087750584,-0.076419845,0.7158036231994629,0.17475791,2.2933616638183594,1.8092248
6890,2.1850033,0.19269899,-0.118200995,0.8300761580467224,0.09188374,2.445725202560425,1.0106316
6891,2.365617,0.12858468,-0.17784117,0.77618408203125,0.1512522,2.4260127544403076,0.9739515
6892,2.2137008,0.11361945,-0.038666207,0.7113564014434814,0.17578878,2.366584539413452,1.188342
6893,2.2867756,0.120315656,-0.12344357,0.6723030209541321,0.17477074,2.1198408603668213,1.4484626
6894,2.3316941,0.2412753,-0.08407089,0.7777881622314453,0.17476037,2.087717294692993,1.6488185
6895,2.2737136,0.12615176,-0.15732919,0.7141431570053101,0.172811,2.409083843231201,1.3380184
6896,2.3409238,0.1147074,-0.13964632,0.8054500222206116,0.1193529,2.157569169998169,1.4059819
6897,2.2269118,0.20581007,-0.125574,0.6564702987670898,0.19209994,2.3384809494018555,1.3897278
6898,2.2443883,0.09734085,-0.15634967,0.28089407086372375,0.19216044,2.5884623527526855,1.0348245
6899,2.2115564,0.18782341,-0.09647225,0.7279726266860962,0.18031812,2.1614646911621094,1.2138941
6900,2.2549372,0.10888606,-0.15557688,0.37532034516334534,0.2181946,2.4301865100860596,1.2980903
6901,2.342355,0.187639,-0.13460238,0.5822079181671143,0.16997115,2.086291790008545,1.4520657
6902,2.332068,0.16982222,-0.19200982,0.661178469657898,0.15591584,2.3162803649902344,1.2306459
6903,2.3470614,0.1409733,-0.17579028,0.8473846316337585,0.08456178,2.1227335929870605,1.5586568
6904,2.2094047,0.16638082,-0.08817603,0.43746352195739746,0.15728831,2.295846462249756,1.0739813
6905,2.451859,0.15322012,-0.18572733,0.8226903676986694,0.14243494,2.293085813522339,1.412205
6906,2.2370427,0.16703327,-0.08899722,0.6209218502044678,0.16734833,2.3475403785705566,1.1353813
6907,2.338707,0.09008396,-0.14585288,0.7659630179405212,0.16108984,2.382113218307495,1.2291209
6908,2.1719577,0.21488677,-0.13770786,0.5170407891273499,0.16760552,2.6548802852630615,0.94491017
6909,2.2072444,0.11318278,-0.08177273,0.5014750957489014,0.22751874,2.2132673263549805,1.325751
6910,2.1822534,0.15904379,-0.05922968,0.5729510188102722,0.20257029,2.6139729022979736,1.5140107
6911,2.3333395,0.24137612,-0.12365694,0.7841668128967285,0.1675319,2.1103172302246094,1.5661541
6912,2.2988293,0.23680225,-0.1373245,0.6976152658462524,0.16504426,2.2457563877105713,1.4170277
6913,2.2777157,0.21426888,-0.16747883,0.6928876638412476,0.21125878,2.609494209289551,1.444658
6914,2.2763312,0.14244318,-0.09726283,0.4569111168384552,0.2331416,2.1746013164520264,1.4598055
6915,2.3482423,0.17595504,-0.10377997,0.701142430305481,0.17897625,2.1292262077331543,1.4966534
6916,2.2910876,0.1393189,-0.088478185,0.793764591217041,0.16122462,2.2325384616851807,1.6899818
6917,2.3402808,0.1016565,-0.13504691,0.8253263235092163,0.09656676,2.2296483516693115,1.2625115
6918,2.2548165,0.1494318,-0.08494015,0.7661298513412476,0.17032647,2.4029271602630615,1.2588552
6919,2.3978348,0.14376128,-0.19048911,0.786074161529541,0.17609294,2.0648491382598877,1.8752451
6920,2.2705402,0.11058945,-0.08829926,0.8109191656112671,0.111983724,2.2951557636260986,1.192914
6921,2.1850827,0.1542974,-0.15108995,0.7367695569992065,0.17970555,2.4473495483398438,1.0551819
6922,2.3541636,0.1307341,-0.167301,0.776691734790802,0.1502383,2.1048104763031006,1.4628187
6923,2.2523017,0.18633604,-0.117487006,0.6153431534767151,0.17267735,2.2785329818725586,1.2233312
6924,2.2853465,0.1312693,-0.12401584,0.7190552353858948,0.15376851,2.4539055824279785,1.1511941
6925,2.3695076,0.22809915,-0.18400058,0.7176646590232849,0.22311457,2.1948413848876953,2.052437
6926,2.3672395,0.06073762,-0.06593792,0.7887381911277771,0.14350995,2.319239377975464,1.3150657
6927,2.3650408,0.080065265,-0.14939554,0.8387425541877747,0.089166835,2.3615849018096924,1.2537497
6928,2.1641152,0.18508382,-0.09337046,0.8436896800994873,0.0745906,2.439056396484375,0.8486343
6929,2.2921805,0.16110724,-0.033096693,0.569961428642273,0.20383322,2.1057112216949463,1.691087
6930,2.2387478,0.15815282,-0.14121908,0.42166271805763245,0.21085696,2.3476369380950928,1.0999892
6931,2.3136044,0.11875592,-0.091700956,0.7651196122169495,0.1634636,2.0983524322509766,1.7840674
6932,2.32781,0.19187103,-0.16078462,0.6825619339942932,0.19082382,2.1805124282836914,1.5992205
6933,2.2855315,0.13390955,-0.22633725,0.7104630470275879,0.17960146,2.2775638103485107,1.3449001
6934,2.2311513,0.15448914,-0.08351633,0.752152144908905,0.17197952,2.327799081802368,1.3916181
6935,2.2957678,-0.0008029043,-0.09561385,0.809966504573822,0.12631752,2.511154890060425,1.1879514
6936,2.2198203,0.21246986,-0.18402994,0.6500192880630493,0.19477972,2.302905797958374,1.4770349
6937,2.209764,0.16037661,-0.076985754,0.8495391011238098,0.1134321,2.8277008533477783,1.0311431
6938,2.2268453,0.18008718,-0.11116499,0.7938956022262573,0.16137657,2.5868818759918213,1.1897024
6939,2.2641506,0.18906628,-0.024702424,0.8391489386558533,0.104228005,2.4865522384643555,1.0205591
6940,2.1340382,0.22315218,-0.07482479,0.7643299102783203,0.17897204,2.443521499633789,1.1376218
6941,2.2166967,0.23466584,-0.03437269,0.7381950616836548,0.15413538,2.267432928085327,1.4720995
6942,2.2704148,0.121233724,-0.10758763,0.6202145218849182,0.19503348,2.3793163299560547,1.1976007
6943,2.3100097,0.22997871,-0.14318438,0.7441754937171936,0.17329721,2.097670316696167,1.798145
6944,2.236295,0.269613,-0.13892308,0.8294525146484375,0.108930536,2.4822134971618652,1.13385
6945,2.2840147,0.19441964,-0.049591172,0.7043606638908386,0.18995556,2.2963790893554688,1.2312149
6946,2.2671747,0.19182004,-0.11900519,0.5513152480125427,0.17974304,2.2205638885498047,1.3294742
6947,2.2182908,0.08967392,-0.14400801,0.7895374894142151,0.1472896,2.6341981887817383,0.9230986
6948,2.2542815,0.1763608,-0.025194518,0.6666085720062256,0.19607513,2.266774892807007,1.5003507
6949,2.4172623,0.043915745,-0.15221722,0.8469879627227783,0.11124316,2.2229700088500977,1.4418641
6950,2.3007696,0.17218646,-0.107526705,0.6565310955047607,0.1866408,2.3281280994415283,1.3057731
6951,2.3698537,0.068693615,-0.14173296,0.7760841846466064,0.17279428,2.306452512741089,1.3803848
6952,2.3011205,0.18985984,-0.17110388,0.7312578558921814,0.1353436,2.3354711532592773,1.1956297
6953,2.2803493,0.06811556,-0.11714019,0.6192244291305542,0.20443639,2.296024799346924,1.2142984
6954,2.2356522,0.16410685,-0.12197266,0.5164594054222107,0.19809593,2.203528881072998,1.3947814
6955,2.2864614,0.1910667,-0.081256635,0.8260837197303772,0.14206712,2.4826080799102783,1.1972575
6956,2.2870386,0.13231531,-0.1928439,0.5636925101280212,0.20581864,2.5445926189422607,1.1386106
6957,2.2466018,0.105748646,-0.15795295,0.5830713510513306,0.21454047,2.44258451461792,1.1293153
6958,2.220885,0.17821498,-0.13462222,0.6118928790092468,0.1965711,2.4161033630371094,1.1471324
6959,2.3186605,0.106277786,-0.047611974,0.7989130020141602,0.11863934,2.336446762084961,1.1832923
6960,2.2920902,0.17282933,-0.03678713,0.6691015958786011,0.15942046,2.284127950668335,1.196604
6961,2.2685072,0.21499975,-0.04812484,0.7577791213989258,0.16623057,2.364417314529419,1.2973535
6962,2.3235428,0.086938724,-0.10445568,0.7578345537185669,0.14457318,2.1298420429229736,1.4084501
6963,2.2396495,0.18782854,-0.18409385,0.551137387752533,0.18892258,2.3123531341552734,1.1458265
6964,2.3320875,0.19339374,-0.13117294,0.6079137921333313,0.17735723,2.2444145679473877,1.5581727
6965,2.292005,0.13535947,-0.13138242,0.780873715877533,0.07688792,2.380067825317383,1.385602
6966,2.2294798,0.16962849,-0.06407934,0.5618073344230652,0.18707713,2.1826295852661133,1.2181505
6967,2.2494943,0.16543964,-0.11999121,0.7429227232933044,0.17782727,2.462218761444092,1.3489853
6968,2.343632,0.16613908,-0.17745624,0.7182486057281494,0.18479596,2.117856502532959,1.6698344
6969,2.284282,0.1293387,-0.10483283,0.7515826225280762,0.09746875,2.1073951721191406,1.1054794
6970,2.2953355,0.15825796,-0.032457348,0.5827459096908569,0.16978689,2.2266547679901123,1.4565876
6971,2.335817,0.07854662,-0.12399069,0.8041298389434814,0.1530212,2.281787872314453,1.374771
6972,2.2903557,0.16802016,-0.10648343,0.5245988368988037,0.22921298,2.1188273429870605,2.1059136
6973,2.2117338,0.11875987,-0.098192275,0.5242618322372437,0.18681742,2.259819507598877,0.99505955
6974,2.3615112,0.1550043,-0.09514943,0.8133533000946045,0.14807206,2.07444167137146,1.871359
6975,2.3571155,0.1983838,-0.22716182,0.8126186728477478,0.11834471,2.2282400131225586,1.3670242
6976,2.3413453,0.17395745,-0.09329071,0.5359129905700684,0.20432037,2.0433075428009033,1.820366
6977,2.2916255,0.12553272,-0.12088285,0.7413941621780396,0.18361522,2.329786539077759,1.479048
6978,2.2702215,0.12100356,-0.08497257,0.7441936135292053,0.16728662,2.1943154335021973,1.2610012
6979,2.301266,0.16115868,-0.021644898,0.7167983651161194,0.1878646,2.3580095767974854,1.5354124
6980,2.232767,0.19722196,-0.14081606,0.8306224942207336,0.089032575,2.418691396713257,1.0534313
6981,2.360447,0.12436238,-0.07155793,0.85,0.16777755,2.2806551456451416,1.7395808
6982,2.1799202,0.14431553,-0.07081954,0.42526644468307495,0.17585014,2.633082866668701,0.85711837
6983,2.3673687,0.07472754,-0.1172849,0.805841863155365,0.098992914,2.3098995685577393,1.1881082
6984,2.254829,0.10638783,-0.009043284,0.8480414152145386,0.11583035,2.4513661861419678,1.3339111
6985,2.2028205,0.19984248,0.00084925414,0.7876046299934387,0.15121865,2.4518826007843018,1.0036418
6986,2.2552462,0.23099862,-0.1345925,0.5885705351829529,0.20572777,2.3177907466888428,1.3442733
6987,2.267503,0.13818187,-0.16403346,0.5150800943374634,0.21619667,2.2693209648132324,1.2477111
6988,2.3070836,0.014443735,-0.13478267,0.7718800902366638,0.126361,2.35276198387146,0.982114
6989,2.2562566,0.14967665,-0.08682662,0.8183375000953674,0.12294233,2.5308938026428223,1.1111466
6990,2.2049477,0.20951848,-0.05620866,0.5180962681770325,0.20046882,2.2843074798583984,1.1664007
6991,2.327352,0.13579677,-0.027944382,0.6335037350654602,0.2086319,2.0892698764801025,1.7595034
6992,2.363585,0.24034452,-0.11095511,0.7293308973312378,0.20272799,2.1372885704040527,1.4258202
6993,2.2902236,0.11266117,-0.075146735,0.8409669995307922,0.11311578,2.2759110927581787,1.1887227
6994,2.233776,0.1796826,-0.1361571,0.6784722208976746,0.19119902,2.4743196964263916,1.1858847
6995,2.3856275,0.19566606,-0.17807998,0.6641404032707214,0.18978468,2.0631814002990723,1.6513724
6996,2.338902,0.27815437,-0.092657246,0.7638065814971924,0.21252334,2.241425037384033,1.427753
6997,2.3606303,0.1579205,-0.086844005,0.7246946096420288,0.1676081,2.1806888580322266,1.4495428
6998,2.2570198,0.17611825,-0.06724092,0.8488789796829224,0.110144146,2.4217946529388428,1.2877699
6999,2.3640835,0.09937118,-0.20756194,0.742679238319397,0.16934335,2.2869231700897217,1.1794726
7000,2.2019947,0.15559408,-0.065914415,0.7590681910514832,0.14476101,2.620797634124756,0.94572496
7001,2.258218,0.2147056,-0.06384034,0.4725092649459839,0.16110769,2.0983643531799316,1.3681879
7002,2.2487938,0.13819659,-0.05905809,0.7169079780578613,0.17886132,2.2802250385284424,1.1575834
7003,2.3085344,0.049184375,-0.23675062,0.5002073049545288,0.19044961,2.4203968048095703,1.0366732
7004,2.290335,0.12840694,-0.13354708,0.7829517126083374,0.15863326,2.420038938522339,1.3322238
7005,2.284456,0.09923709,-0.043677907,0.6411882638931274,0.16669187,2.1946513652801514,1.1761096
7006,2.3448467,0.1398779,-0.18729061,0.7944597005844116,0.16955231,2.3024048805236816,1.5781157
7007,2.2061205,0.1846103,-0.09060605,0.7976539731025696,0.13812083,2.1097934246063232,1.3513737
7008,2.17107,0.15035672,-0.09814548,0.5204287767410278,0.15546463,2.431950569152832,0.9718814
7009,2.2555194,0.1468211,-0.09522069,0.7788422703742981,0.16381663,2.1986711025238037,1.4476812
7010,2.226364,0.17220981,-0.054364502,0.8322635293006897,0.106738225,2.5604851245880127,1.0481007
7011,2.3041096,0.20277664,-0.05285588,0.5889495611190796,0.19540009,2.2725377082824707,1.4430215
7012,2.3501909,0.12285474,-0.13362102,0.7178680300712585,0.14607085,2.096285343170166,1.5871178
7013,2.2558255,0.17139295,-0.12284271,0.7153577208518982,0.19027773,2.6136927604675293,1.1963818
7014,2.1936622,0.1754651,-0.076137185,0.836280882358551,0.10199854,2.7203915119171143,0.62555414
7015,2.2700777,0.19661386,-0.076752074,0.833869993686676,0.10953951,2.1581034660339355,1.2169594
7016,2.3072796,0.1095863,-0.06997214,0.5936555862426758,0.16675459,2.1956303119659424,1.2785645
7017,2.3586607,0.20633301,-0.19006012,0.7664361596107483,0.17672664,2.233407735824585,1.4229343
7018,2.2883668,0.08363866,-0.10853863,0.8417738080024719,0.09067409,2.0896010398864746,1.2229327
7019,2.261564,0.19883655,-0.1254205,0.775480329990387,0.13617158,2.570904016494751,1.0625504
7020,2.29504,0.16499883,-0.13871126,0.8011752963066101,0.13334239,2.4159841537475586,1.2148157
7021,2.2557402,0.15556179,-0.037167218,0.7518779039382935,0.13517246,2.339139461517334,1.1794251
7022,2.3215253,0.17021753,-0.13221118,0.7756668329238892,0.13809924,2.2985613346099854,1.5020576
7023,2.2559671,0.15978642,-0.10333903,0.7346839904785156,0.15417783,2.086221218109131,1.3495041
7024,2.3705037,0.12750106,-0.18095234,0.8023880124092102,0.14637817,2.373603105545044,1.1285415
7025,2.3099735,0.21202962,-0.16669418,0.8249478340148926,0.13784915,2.3240387439727783,1.4712383
7026,2.2895355,0.1010394,-0.07314795,0.8433489799499512,0.10117775,2.4128332138061523,1.1097385
7027,2.2891152,0.26597762,-0.12310991,0.8054956793785095,0.16760617,2.083340883255005,1.8168588
7028,2.3881657,0.13881537,-0.16352707,0.8352903723716736,0.10481722,2.163079023361206,1.5595359
7029,2.2506573,0.11616904,-0.06728245,0.8223183155059814,0.101262376,2.1700382232666016,1.2119521
7030,2.2455182,0.2375984,-0.12432448,0.6085378527641296,0.1633403,2.330404043197632,1.1114482
7031,2.2997856,0.19003962,-0.13180932,0.5848039388656616,0.1677223,2.329960346221924,1.1303351
7032,2.2880006,0.10942912,-0.113145985,0.7805554866790771,0.14149444,2.438829183578491,1.1612269
7033,2.2864816,0.14241764,-0.040679656,0.7882593870162964,0.10348617,2.1046764850616455,1.5063027
7034,2.213227,0.22876355,0.027076488,0.7906620502471924,0.1308927,2.3689892292022705,1.1851203
7035,2.1945453,0.14397965,-0.12200066,0.7218077182769775,0.12251922,2.530165433883667,0.9195582
7036,2.342411,0.1609422,-0.07406867,0.7933829426765442,0.15829484,2.151893138885498,1.5034616
7037,2.3213568,0.19331476,-0.22381116,0.5529694557189941,0.15770397,2.3454034328460693,1.0446043
7038,2.3767924,0.18053426,-0.14244507,0.7553638219833374,0.15077944,2.1401381492614746,1.478421
7039,2.2938108,0.16691548,-0.086417764,0.750287652015686,0.12990598,2.0713419914245605,1.5492222
7040,2.419966,0.15300392,-0.2494937,0.6920749545097351,0.15885143,2.1419384479522705,1.288464
7041,2.3112621,0.23035055,-0.012253482,0.6224600076675415,0.20659824,2.049729824066162,1.7036327
7042,2.2940643,0.07816901,-0.16153781,0.6250947117805481,0.16212784,2.311182975769043,1.158129
7043,2.2186587,0.14246652,-0.0866577,0.620737612247467,0.16654137,2.3422019481658936,1.2761691
7044,2.250721,0.20326534,-0.1110205,0.6776401996612549,0.17651731,2.385824203491211,1.242467
7045,2.2592924,0.109927304,-0.100859635,0.4567260444164276,0.1754155,2.328392505645752,1.1818337
7046,2.299836,0.13345727,-0.050843813,0.7824438214302063,0.12510476,2.2243337631225586,1.276141
7047,2.2078857,0.18588936,-0.069219,0.6108731031417847,0.16816968,2.4132070541381836,1.1147671
7048,2.2672932,0.11952462,-0.09793758,0.7259929776191711,0.18358614,2.359468460083008,1.2172743
7049,2.3113806,0.119366206,-0.06081014,0.5846142172813416,0.19863556,2.1257669925689697,1.2372625
7050,2.2843199,0.20869583,-0.066936396,0.6279276609420776,0.18437386,2.140615224838257,1.4436513
7051,2.3500752,0.14681241,-0.102210075,0.7624257206916809,0.16256861,2.0699071884155273,1.5128043
7052,2.3186383,0.124702446,-0.093576744,0.7095234394073486,0.18652973,2.1110525131225586,1.7791651
7053,2.225996,0.21489328,-0.121001355,0.7589450478553772,0.13176574,2.4683568477630615,1.0638207
7054,2.2594967,0.27356884,-0.10578328,0.7437881827354431,0.16620144,2.3647780418395996,1.4403496
7055,2.3531404,0.14072771,-0.062603876,0.8217753171920776,0.11171946,2.005463123321533,1.5286752
7056,2.2911751,0.13746864,-0.16670626,0.5557273626327515,0.20967494,2.5484325885772705,1.1199032
7057,2.3527062,0.12447524,-0.18830599,0.7408872842788696,0.18433008,2.379476547241211,1.5094527
7058,2.1591637,0.1261114,-0.035526447,0.5964678525924683,0.16459893,2.319136619567871,1.1155732
7059,2.202459,0.22700816,-0.07034332,0.5828957557678223,0.18596935,2.4174723625183105,1.1800748
7060,2.2909186,0.18722099,-0.15550877,0.6527115106582642,0.18474603,2.3869917392730713,1.3793081
7061,2.2991245,0.18525551,-0.108503,0.773017168045044,0.15202908,2.324366331100464,1.4769021
7062,2.3032598,0.14680895,-0.086291075,0.6358625888824463,0.17949814,2.325186014175415,1.3776839
7063,2.261146,0.18910128,-0.13671663,0.8047595024108887,0.101129785,2.205125570297241,1.1488966
7064,2.1884983,0.2001116,-0.07499642,0.6724040508270264,0.16580683,2.34104323387146,1.0941981
7065,2.2485847,0.17322585,-0.064649954,0.7612960934638977,0.13593045,2.3422703742980957,1.2186171
7066,2.2861507,0.18115525,-0.08186433,0.6244174838066101,0.21121961,2.261582851409912,1.728991
7067,2.3041646,0.17381036,-0.15629493,0.7531465888023376,0.13949582,2.31006121635437,1.2019672
7068,2.4510143,0.19204453,-0.12381801,0.5882160663604736,0.26060918,2.210137367248535,1.6365165
7069,2.3796875,0.13319091,-0.099042274,0.7433701157569885,0.18293168,2.288792371749878,1.3947701
7070,2.2852972,0.16628706,-0.12607084,0.5535905957221985,0.18128484,2.3657054901123047,1.2557504
7071,2.4198349,0.16378565,-0.083948396,0.6635628938674927,0.22624767,2.1494338512420654,1.9281195
7072,2.2474163,0.06323688,-0.095166,0.616772472858429,0.15121394,2.4007012844085693,0.99173
7073,2.3663864,0.06181801,-0.07129177,0.7716329097747803,0.17503075,2.3070244789123535,1.4024426
7074,2.3691404,0.20580304,-0.15854849,0.6472173929214478,0.20889176,2.121506929397583,2.0845203
7075,2.4199152,0.21972424,-0.13851771,0.8004320859909058,0.20620824,2.037945032119751,2.0711615
7076,2.2837684,0.20190777,-0.08401934,0.6700760722160339,0.17075637,2.269259452819824,1.2305855
7077,2.2429786,0.16446085,-0.080709726,0.7845632433891296,0.1461812,2.3660616874694824,1.285501
7078,2.276868,0.14166023,-0.11980084,0.85,0.093285635,2.3814477920532227,1.3409659
7079,2.2667804,0.13111526,-0.11618827,0.7257248163223267,0.16954146,2.5767741203308105,1.0980138
7080,2.2745755,0.10894037,-0.14597017,0.8278538584709167,0.09872595,2.401374340057373,1.0856153
7081,2.2442167,0.21110347,-0.11612361,0.574542224407196,0.22266881,2.266819715499878,1.3070571
7082,2.3011537,0.05216608,-0.078111544,0.81854647397995,0.09778935,2.2157576084136963,1.1793351
7083,2.3784246,0.23852289,-0.20215435,0.8073432445526123,0.1480957,2.1994712352752686,1.673558
7084,2.3471653,0.13901907,-0.15387301,0.6155667901039124,0.20709859,2.096109390258789,1.5724531
7085,2.3522017,0.1426609,-0.10538346,0.7992430925369263,0.14164867,2.2935309410095215,1.7580436
7086,2.3529031,0.14811462,-0.20709953,0.514308512210846,0.21926415,2.3101115226745605,1.2651595
7087,2.3456712,0.2025835,-0.24008001,0.8293445706367493,0.12959947,2.355635643005371,1.3813641
7088,2.3340595,0.14444345,-0.13485649,0.8338845372200012,0.117066726,2.3429455757141113,1.2772497
7089,2.2945876,0.18779688,-0.1056363,0.7427597045898438,0.15869437,2.207335948944092,1.4672164
7090,2.2913537,0.20141627,-0.15872253,0.5185233354568481,0.21178019,2.353813409805298,1.0962683
7091,2.3256989,0.20982587,-0.09987523,0.7108783721923828,0.19157997,2.1888551712036133,1.5491997
7092,2.278908,0.06740308,-0.10962803,0.7705915570259094,0.16242005,2.477445602416992,0.99654436
7093,2.1386657,0.08302581,-0.031461928,0.469648152589798,0.19328132,2.5226783752441406,0.89701205
7094,2.2487938,0.22770879,-0.10568721,0.6248443722724915,0.21441248,2.2417612075805664,1.6977702
7095,2.2571754,0.1492923,-0.1645157,0.7994557023048401,0.13357328,2.581089973449707,1.0943954
7096,2.3937254,0.13509014,-0.13844001,0.5864178538322449,0.25144708,2.0582494735717773,1.9913493
7097,2.3131526,0.14927728,-0.1845121,0.743625819683075,0.17066641,2.373791456222534,1.1937529
7098,2.214897,0.13555722,-0.12094035,0.5279616713523865,0.160307,2.3527464866638184,1.0592875
7099,2.3688836,0.15224347,-0.13464142,0.7961629629135132,0.14601609,2.1552796363830566,1.3591167
7100,2.316816,0.12446745,-0.018973304,0.7833744287490845,0.17029704,2.1929783821105957,1.5990344
7101,2.2254093,0.25020626,-0.09238585,0.830426812171936,0.13371572,2.473475217819214,1.2487999
7102,2.421631,0.13199475,-0.1734373,0.8407022953033447,0.12052551,2.076594352722168,1.5027272
7103,2.2745128,0.14232813,-0.07349548,0.7037463188171387,0.16493547,2.33829665184021,1.0240932
7104,2.3347316,0.11552097,-0.086993285,0.7967061400413513,0.15472499,2.162198543548584,1.5154233
7105,2.3172178,0.16983856,-0.09570636,0.85,0.10710222,2.143338203430176,1.4575359
7106,2.2194839,0.16900404,-0.0793282,0.839428722858429,0.12931114,2.496284008026123,1.1591268
7107,2.3670623,0.17753617,-0.1357646,0.780482828617096,0.1613298,2.0615084171295166,1.7446194
7108,2.2793417,0.14866377,-0.16209352,0.8395025134086609,0.085905164,2.3447937965393066,1.3321624
7109,2.3681517,0.14575984,-0.19618602,0.8264148831367493,0.13628986,2.30177640914917,1.4654979
7110,2.2553184,0.13284026,-0.1037931,0.6900487542152405,0.17975579,2.1078500747680664,1.4354323
7111,2.2313588,0.17847544,-0.055253327,0.5392349362373352,0.11944268,2.071992874145508,1.1312608
7112,2.3895535,0.13494837,-0.09185529,0.8429155349731445,0.09102011,2.0627965927124023,2.0586452
7113,2.270333,0.2781516,-0.04783308,0.7197003364562988,0.1864836,2.2494454383850098,1.4912734
7114,2.251772,0.20369208,-0.039003186,0.5488710999488831,0.20536757,2.1143178939819336,1.753203
7115,2.2272227,0.1893775,-0.07968479,0.5925721526145935,0.22848187,2.321415901184082,1.4307219
7116,2.3045373,0.103151806,-0.21165465,0.7717246413230896,0.14490202,2.360792875289917,1.2543433
7117,2.2411072,0.14039625,-0.13684598,0.5064257383346558,0.17452766,2.3946080207824707,1.0605206
7118,2.3146236,0.08711414,-0.05939975,0.7793013453483582,0.14111763,2.3006231784820557,1.2404193
7119,2.2489772,0.19392754,-0.13641143,0.6418896317481995,0.1721807,2.2570111751556396,1.333203
7120,2.3261604,0.19944026,-0.12762731,0.8285987377166748,0.120535105,2.280595302581787,1.6664788
7121,2.2081568,0.116251476,-0.16103932,0.4388236999511719,0.15126817,2.511014938354492,0.8266256
7122,2.2371569,0.17589721,-0.03576892,0.7759541273117065,0.1350655,2.4749374389648438,0.92327595
7123,2.2442691,0.14322907,-0.16265969,0.8097034096717834,0.12421041,2.3360540866851807,1.0963293
7124,2.3222983,0.24477963,-0.07992447,0.6522144675254822,0.24296749,2.161386728286743,2.100595
7125,2.3295164,0.09705879,-0.18566188,0.7600507140159607,0.13341022,2.493971109390259,1.1596997
7126,2.2915645,0.17394781,-0.13699642,0.6530877947807312,0.13268429,2.1258797645568848,1.2100917
7127,2.313109,0.22072187,-0.07900358,0.6635571122169495,0.16677232,2.1307284832000732,1.4995939
7128,2.2549758,0.19659482,-0.05350467,0.5225912928581238,0.23193458,2.194225549697876,1.5544903
7129,2.3640807,0.12417484,-0.097597525,0.836431086063385,0.093277246,2.4054276943206787,1.2751064
7130,2.2431722,0.17412217,-0.13321415,0.811942994594574,0.11957769,2.4384007453918457,1.1332461
7131,2.24175,0.27380797,-0.16119884,0.7905412912368774,0.16165762,2.444068431854248,1.2593206
7132,2.253099,0.1399401,-0.057583675,0.7264226078987122,0.17854767,2.4794929027557373,1.1569118
7133,2.281478,0.15113108,-0.108029015,0.7704651951789856,0.109922834,2.334057569503784,1.1399626
7134,2.2977996,0.10425397,-0.057601582,0.757351279258728,0.15670921,2.32906436920166,1.1733462
7135,2.3433056,0.16539276,-0.179191,0.7354934215545654,0.1596954,2.2711565494537354,1.3516254
7136,2.2933323,0.14646025,-0.12912403,0.765400767326355,0.1703709,2.1756398677825928,1.5983832
7137,2.246334,0.14341447,-0.12083885,0.35925623774528503,0.24344525,2.1083972454071045,1.4564404
7138,2.230051,0.20405926,-0.20124602,0.4868165850639343,0.19631499,2.2635459899902344,1.1682876
7139,2.1354938,0.18756247,-0.09445346,0.31483209133148193,0.24125895,2.5723679065704346,1.0427053
7140,2.2795904,0.15955245,-0.06983534,0.8234390020370483,0.12511459,2.347794532775879,1.1633699
7141,2.2839546,0.085290164,-0.1203538,0.7767999172210693,0.1268356,2.1134085655212402,1.1868325
7142,2.3273633,0.11515139,-0.07753275,0.6944002509117126,0.1805143,2.3055715560913086,1.2281886
7143,2.3103976,0.1465811,-0.08014163,0.7857815623283386,0.15398733,2.1102378368377686,1.3579243
7144,2.3056116,0.18754846,-0.057820797,0.764550507068634,0.11227069,2.2765984535217285,1.2434837
7145,2.3809032,0.14555933,-0.1728045,0.645624577999115,0.19571403,2.0372283458709717,1.6351963
7146,2.298933,0.15988553,-0.06298616,0.5418471097946167,0.18254298,2.230879068374634,1.2723862
7147,2.4321268,0.11954959,-0.13328595,0.8125308752059937,0.14913578,2.039579391479492,1.8652658
7148,2.2641442,0.25023705,-0.14043608,0.5558099150657654,0.23736161,2.2245142459869385,1.5162227
7149,2.2178688,0.10473088,-0.14470641,0.7374773621559143,0.12069816,2.392151117324829,0.82116747
7150,2.3203232,0.06784584,-0.11774508,0.8229202032089233,0.10540327,2.2842202186584473,1.2273006
7151,2.2196822,0.2193974,-0.021246033,0.8158554434776306,0.11266878,2.4235739707946777,1.088473
7152,2.3767402,0.11031578,-0.16749151,0.6746099591255188,0.1916297,2.0002999305725098,2.0636933
7153,2.2339911,0.20716794,-0.15672912,0.6124323606491089,0.19880418,2.352121114730835,1.1829085
7154,2.4033072,0.1794312,-0.16725452,0.5427893996238708,0.16995795,2.0452420711517334,1.5595742
7155,2.282115,0.11021024,-0.14158688,0.38516944646835327,0.23119175,2.285141944885254,1.0684527
7156,2.304798,0.18071973,-0.06847092,0.6273316144943237,0.17133594,2.2489192485809326,1.2375324
7157,2.292238,0.22545053,-0.12090259,0.7018082737922668,0.1712217,2.1574621200561523,1.470484
7158,2.1414676,0.26661,-0.011357033,0.8393136262893677,0.113566354,2.693857192993164,1.0021137
7159,2.2263253,0.12024173,-0.11411604,0.7048178315162659,0.14686336,2.5322701930999756,0.8531948
7160,2.3550763,0.23861787,-0.15085839,0.720302164554596,0.18856053,2.0647764205932617,1.5920451
7161,2.1323283,0.1597125,-0.041395735,0.5744465589523315,0.19037756,2.524981737136841,1.0716687
7162,2.1906383,0.12871337,-0.054054953,0.7478626370429993,0.15004227,2.3994970321655273,0.9340758
7163,2.4057121,0.12857781,-0.023933169,0.7598260641098022,0.179309,2.0736117362976074,1.565
7164,2.295831,0.21393807,-0.13364641,0.7257315516471863,0.17909192,2.0939862728118896,1.7778038
7165,2.2486331,0.22756213,-0.03173355,0.7695218324661255,0.15353201,2.339797019958496,1.6096793
7166,2.280722,0.22271617,-0.057485092,0.8305284976959229,0.13049291,2.3196325302124023,1.2258322
7167,2.2382507,0.22589576,-0.13040887,0.7293044924736023,0.14547381,2.3363709449768066,0.99883157
7168,2.2347562,0.16587888,-0.068775885,0.707297146320343,0.16369903,2.1892917156219482,1.2593511
7169,2.283408,0.2278353,-0.10926615,0.5417604446411133,0.16240558,2.1071200370788574,1.5320011
7170,2.303123,0.23227787,-0.032864247,0.7890283465385437,0.15310222,2.3252012729644775,1.110285
7171,2.2671616,0.1765007,-0.13433726,0.7184752821922302,0.15043272,2.41814923286438,1.1434323
7172,2.3011749,0.16795397,-0.11570904,0.7663515210151672,0.17826176,2.312108278274536,1.5320001
7173,2.3002198,0.13990544,-0.115315914,0.5780336856842041,0.16779089,2.2943756580352783,1.2206422
7174,2.3492658,0.15188298,-0.19102912,0.45127156376838684,0.25998595,2.3833346366882324,1.3979634
7175,2.238408,0.1509247,-0.1095028,0.5755168199539185,0.21324994,2.3394510746002197,1.1215173
7176,2.2602031,0.16479948,-0.0798615,0.8461059927940369,0.10132661,2.4791345596313477,1.0014087
7177,2.2445328,0.19638065,-0.07651055,0.6846670508384705,0.17260586,2.137077569961548,1.3356282
7178,2.2233098,0.14822927,-0.082670145,0.6256930828094482,0.1842081,2.6259379386901855,1.1168163
7179,2.249125,0.14018993,-0.09922846,0.7448469996452332,0.11293464,2.493439197540283,0.99357134
7180,2.272184,0.13429731,-0.04135439,0.7078713774681091,0.19623622,2.244023323059082,1.5501161
7181,2.2617383,0.12938434,-0.12580788,0.7389461994171143,0.18452236,2.7366526126861572,1.252354
7182,2.27117,0.10894308,-0.08524215,0.7801830172538757,0.12962845,2.4234440326690674,1.1859804
7183,2.268251,0.14454406,-0.12126132,0.766672670841217,0.15691102,2.461884021759033,1.0418458
7184,2.320028,0.2250368,-0.15613763,0.6175847053527832,0.2023751,2.2119944095611572,1.384271
7185,2.31351,0.10480265,-0.115885325,0.516193687915802,0.21673903,2.3008294105529785,1.4169447
7186,2.3114984,0.22754113,-0.124188066,0.5873529314994812,0.23143955,2.299377918243408,1.5227071
7187,2.353881,0.1646252,-0.16269612,0.8180047869682312,0.14268607,2.2455172538757324,1.9903688
7188,2.2931416,0.15838675,-0.1098529,0.33190423250198364,0.23863816,2.2982661724090576,1.1937574
7189,2.2323143,0.21665043,-0.08104805,0.805106520652771,0.109026745,2.4061238765716553,1.1612641
7190,2.2092538,0.14532787,-0.022974068,0.6481254696846008,0.20367278,2.359515428543091,1.3821002
7191,2.3186438,0.13039286,-0.07760025,0.8458591103553772,0.11456829,2.303413152694702,1.4384437
7192,2.243366,0.18580917,-0.09262954,0.7585930228233337,0.14743415,2.3965260982513428,1.1861582
7193,2.2868116,0.18292907,-0.1035776,0.8372353315353394,0.134925,2.348129987716675,1.2586257
7194,2.2938612,0.2797984,-0.13680094,0.806827962398529,0.14532486,2.3658382892608643,1.48936
7195,2.300517,0.1978481,-0.081272915,0.6291123032569885,0.19128676,2.0930259227752686,1.4932871
7196,2.2295291,0.20064461,-0.15330052,0.7433056831359863,0.12912752,2.4702439308166504,1.0304888
7197,2.2278247,0.2193077,-0.08239108,0.780194103717804,0.15472844,2.5252420902252197,1.1618944
7198,2.2909825,0.1861752,-0.12970515,0.678313136100769,0.19857638,2.289665460586548,1.391388
7199,2.23598,0.19274738,-0.08380363,0.51027512550354,0.22093666,2.3177740573883057,1.3636978
7200,2.276904,0.03478479,-0.067292415,0.575267493724823,0.20511486,2.3455395698547363,1.2384024
7201,2.2906048,0.12512659,-0.05796032,0.6123552322387695,0.13949785,2.2815184593200684,1.1937094
7202,2.144431,0.2073919,-0.10493893,0.643721878528595,0.15086454,2.3035471439361572,0.92933506
7203,2.2184877,0.09635892,-0.042426147,0.8006529211997986,0.14084105,2.487065553665161,1.0161119
7204,2.331495,0.20770091,-0.106991805,0.8282797932624817,0.10917897,2.0941693782806396,1.2536561
7205,2.2155433,0.20202318,-0.09338005,0.7543883323669434,0.17356752,2.36086368560791,1.1417737
7206,2.307857,0.19681366,-0.19105786,0.8443399667739868,0.13919912,2.557913064956665,1.2987862
7207,2.283158,0.15689799,-0.17260917,0.8106899261474609,0.13592142,2.276801586151123,1.1888192
7208,2.3530533,0.21121675,-0.15989041,0.6440105438232422,0.1969623,2.1876108646392822,1.4631839
7209,2.1614542,0.17998445,-0.03080993,0.5142863392829895,0.20484157,2.311143159866333,1.2707384
7210,2.1612284,0.24053569,-0.07445662,0.5866758823394775,0.17511311,2.4626240730285645,1.020823
7211,2.2439325,0.21281639,-0.23796773,0.8190065026283264,0.1074965,2.937002658843994,0.9900852
7212,2.2736783,0.20559119,-0.068568684,0.5958407521247864,0.19928081,2.2900819778442383,1.2396545
7213,2.2535033,0.23792745,-0.08064915,0.7317611575126648,0.17302538,2.068361520767212,1.50233
7214,2.2592158,0.13309698,-0.09812318,0.6393718123435974,0.21118394,2.152705430984497,1.401384
7215,2.3499432,0.17491156,-0.110487044,0.5725494027137756,0.15543528,2.0602376461029053,1.45197
7216,2.336271,0.17040919,-0.10960627,0.8207777142524719,0.12848307,2.265913486480713,1.7160296
7217,2.3310158,0.22914541,-0.112064086,0.5727067589759827,0.21967499,2.0509376525878906,1.7674683
7218,2.2852767,0.12208038,-0.030869227,0.7530708909034729,0.14114293,2.1301167011260986,1.3784424
7219,2.2503695,0.10530504,-0.20817536,0.3461802303791046,0.21047308,2.4682977199554443,0.912634
7220,2.3018663,0.11608026,-0.08869938,0.7980669736862183,0.16356282,2.492647886276245,1.284731
7221,2.224288,0.15043572,0.07304347,0.85,0.07000642,2.086282253265381,1.2686402
7222,2.1932623,0.21333236,-0.11550876,0.7484667897224426,0.17136402,2.328087329864502,1.2577252
7223,2.3509724,0.16343464,-0.20044553,0.8444842100143433,0.11325541,2.3738417625427246,1.28797
7224,2.2910068,0.14302139,-0.118595205,0.8306605815887451,0.12829162,2.398587703704834,1.2599149
7225,2.2586055,0.18015599,-0.16184437,0.710223913192749,0.16408989,2.3796422481536865,1.242121
7226,2.2449355,0.19704212,-0.13718899,0.5706125497817993,0.21594626,2.3016855716705322,1.482885
7227,2.2808228,0.15977706,-0.12687024,0.8150376677513123,0.14499992,2.3035430908203125,1.2812773
7228,2.2881594,0.10474438,-0.067356616,0.6448531150817871,0.19140871,2.2854878902435303,1.2801276
7229,2.303217,0.057302564,-0.06940522,0.6045541763305664,0.22370283,2.085174322128296,1.6644597
7230,2.1872177,0.15953997,-0.13364685,0.3188403844833374,0.27011505,2.569786548614502,1.3582711
7231,2.2122877,0.13462773,-0.13449357,0.6290956139564514,0.18631074,2.4875168800354004,1.1126882
7232,2.2064517,0.1570571,-0.02079092,0.6574754118919373,0.23736684,2.6176228523254395,1.2601969
7233,2.3336024,0.16144608,-0.19328916,0.7013740539550781,0.15907149,2.28481125831604,1.4349328
7234,2.4516635,0.10671779,-0.17872359,0.7974151968955994,0.14507298,2.0736608505249023,1.763365
7235,2.2747416,0.1744935,-0.1708056,0.8314167857170105,0.13706106,2.3603434562683105,1.1785468
7236,2.2960835,0.24844275,-0.06590281,0.8083989024162292,0.16792542,2.079450845718384,1.6426811
7237,2.2473867,0.12490273,-0.13542296,0.8289352059364319,0.1302986,2.4603638648986816,1.1270943
7238,2.1634228,0.12294427,-0.07646137,0.8344171047210693,0.10432697,2.4583401679992676,0.9029474
7239,2.2700236,0.18931632,-0.13941851,0.7076900005340576,0.14246692,2.3564443588256836,1.1629227
7240,2.3249793,0.16873711,-0.11804632,0.6376605033874512,0.21310753,2.13639497756958,1.89761
7241,2.3056078,0.0970915,-0.121425144,0.7475330829620361,0.16589665,2.389869451522827,1.2822312
7242,2.3236833,0.21188374,-0.16158701,0.776641309261322,0.15385081,2.387035369873047,1.4072329
7243,2.2529106,0.06952166,-0.050096497,0.7432814240455627,0.21533167,2.446340322494507,1.2576053
7244,2.2610378,0.15552993,-0.08916199,0.7430391311645508,0.18707938,2.395566463470459,1.1815661
7245,2.2823026,0.1283831,-0.14494681,0.7089197635650635,0.16723639,2.375326156616211,1.0879579
7246,2.392606,0.14812812,-0.061705407,0.7485247850418091,0.1969866,2.04900860786438,1.8370372
7247,2.2843378,0.20392923,-0.13965158,0.5521515607833862,0.17014226,2.1622626781463623,1.149037
7248,2.4138842,0.09119539,-0.10492766,0.7718666195869446,0.16289623,2.1214051246643066,1.3206577
7249,2.3476512,0.2197584,-0.09689822,0.621953010559082,0.22510734,2.280357837677002,1.514246
7250,2.2313359,0.2354951,-0.10604967,0.49626636505126953,0.19209325,2.0423779487609863,1.4232843
7251,2.286168,0.09155546,-0.07778053,0.8497851490974426,0.09293648,2.6373376846313477,1.1107106
7252,2.351017,0.12401168,-0.12939012,0.7583840489387512,0.17470908,2.2358736991882324,1.7083352
7253,2.2845075,0.14319366,-0.041437108,0.7172659039497375,0.17289335,2.3759350776672363,1.2255807
7254,2.2930696,0.20156272,0.022790493,0.7110702991485596,0.1880082,2.0854830741882324,1.7905754
7255,2.264413,0.18258406,-0.17427191,0.5542145371437073,0.22601576,2.2987024784088135,1.3432491
7256,2.3541963,0.18876013,-0.05185733,0.7074812650680542,0.20284222,2.131732940673828,1.8788882
7257,2.3295221,0.14875796,-0.08511844,0.7238343358039856,0.1756589,2.0607757568359375,1.6466042
7258,2.1842656,0.19953723,-0.057759333,0.8312221765518188,0.1268815,2.443272590637207,1.1090504
7259,2.2918944,0.1309311,-0.19665982,0.6289436221122742,0.18353549,2.295543909072876,1.0067295
7260,2.2677085,0.118911654,-0.124601096,0.8002780079841614,0.12004566,2.3693997859954834,1.2530599
7261,2.2523522,0.10502537,-0.07786336,0.6685434579849243,0.19639204,2.563971519470215,1.0997204
7262,2.4012103,0.20840462,-0.17449749,0.7699522376060486,0.22580798,2.12599515914917,2.117118
7263,2.3792396,0.15436603,-0.07006491,0.7964816689491272,0.1673702,2.2200920581817627,1.5574766
7264,2.3179111,0.13634913,-0.13600582,0.6348708271980286,0.20490293,2.315338134765625,1.450355
7265,2.2486582,0.19939783,-0.09357552,0.6626795530319214,0.14444903,2.1604223251342773,1.2498395
7266,2.2921917,0.1823078,-0.17903093,0.7668789029121399,0.14051454,2.1474995613098145,1.2938653
7267,2.2041898,0.20485601,-0.1754228,0.6847032904624939,0.1495439,2.2601990699768066,1.245968
7268,2.3637443,0.09398936,-0.10294015,0.5313137173652649,0.24427824,2.1178276538848877,1.8783017
7269,2.2257447,0.19186719,-0.12134723,0.7461168766021729,0.15560101,2.446928024291992,1.1790253
7270,2.1897202,0.13286616,-0.10714528,0.5189335942268372,0.17258409,2.3480939865112305,1.0196707
7271,2.299429,0.06843763,-0.1786382,0.6332569718360901,0.15093578,2.499544620513916,0.9372964
7272,2.2902699,0.20486408,-0.1289187,0.7575557827949524,0.17468126,2.2833218574523926,1.3286561
7273,2.3193402,0.21456432,-0.14369929,0.8084821105003357,0.1574774,2.138965129852295,1.4670296
7274,2.323553,0.26509175,-0.12320673,0.5419790744781494,0.24051648,2.087217092514038,1.7412872
7275,2.347705,-0.01754802,-0.17152561,0.7843477725982666,0.1074704,2.281647205352783,1.1699418
7276,2.297455,0.25774565,-0.12919001,0.7717728018760681,0.15546118,2.2272682189941406,1.7566532
7277,2.266349,0.13652414,0.04536664,0.7401410937309265,0.18313867,2.345487356185913,1.340178
7278,2.2238874,0.1545769,-0.09329797,0.775601327419281,0.12800191,2.5936949253082275,1.1444964
7279,2.2992697,0.19310087,-0.04990285,0.7360248565673828,0.18985136,2.1684467792510986,1.7540404
7280,2.3274727,0.13425767,-0.074205704,0.7737376689910889,0.16384138,2.207596778869629,1.4292166
7281,2.2718506,0.23948835,-0.085668445,0.6376957893371582,0.18877763,2.256028890609741,1.3975035
7282,2.2763112,0.2663718,-0.22358091,0.6928657293319702,0.14577504,2.3870811462402344,1.1054516
7283,2.240633,0.20063308,0.0050586127,0.7407222390174866,0.16224997,2.3011727333068848,1.230873
7284,2.2687397,0.12850691,-0.17031626,0.4737071692943573,0.18827425,2.422947645187378,1.081356
7285,2.349492,0.17039217,-0.15270081,0.8105565309524536,0.13767983,2.1140856742858887,1.195437
7286,2.332381,0.1453352,-0.058213808,0.7426192760467529,0.18926926,2.097728967666626,1.3506017
7287,2.1823306,0.19314039,-0.10119709,0.3620363175868988,0.24335079,2.4587299823760986,1.0773412
7288,2.246049,0.16121869,-0.123842254,0.6406849026679993,0.1106849,2.4045488834381104,1.1267291
7289,2.2646313,0.20960233,-0.047023725,0.7612714767456055,0.17318237,2.1691999435424805,1.3816808
7290,2.2821636,0.21264386,-0.0510854,0.848825991153717,0.1364592,2.2149431705474854,1.4963815
7291,2.2096462,0.14834699,-0.08399284,0.7111445665359497,0.19234018,2.409884214401245,1.1919501
7292,2.287824,0.27463904,-0.1482858,0.8081575036048889,0.15661034,2.4342918395996094,1.2435485
7293,2.3500512,0.15944858,-0.10232713,0.7966421842575073,0.16145167,2.0886640548706055,1.7083758
7294,2.245381,0.202926,-0.09294968,0.7117310166358948,0.16676125,2.1301753520965576,1.4610921
7295,2.3662288,0.10535335,-0.1726289,0.7516065239906311,0.16908164,2.441568613052368,1.3820313
7296,2.3927085,0.08152615,-0.0825781,0.8405760526657104,0.11820666,2.2490627765655518,1.3414081
7297,2.2376444,0.19472675,-0.03446641,0.5551712512969971,0.21642569,2.263295888900757,1.236648
7298,2.303606,0.115697436,-0.15653242,0.7986001968383789,0.14392574,2.277714490890503,1.1574135
7299,2.300664,0.14541407,-0.11015246,0.7622058391571045,0.14246626,2.251701831817627,1.2921786
7300,2.357038,0.09177548,-0.22290897,0.7464455366134644,0.16445808,2.315237522125244,1.184151
7301,2.3217247,0.16498631,-0.1566181,0.8028174042701721,0.15758584,2.3030943870544434,1.3148979
7302,2.3502927,0.18161508,-0.10491594,0.5314266085624695,0.21949983,2.2162210941314697,1.3514929
7303,2.26768,0.19687726,-0.062433124,0.8394297361373901,0.09079894,2.5573859214782715,1.1299467
7304,2.2780447,0.18638946,-0.068842895,0.8113882541656494,0.13698556,2.194829225540161,1.2657347
7305,2.2829275,0.18013328,-0.031162102,0.8066154718399048,0.13127296,2.16672945022583,1.409139
7306,2.2514002,0.19237845,-0.16836198,0.8167697191238403,0.14324155,2.3999643325805664,1.1489412
7307,2.3322883,0.15827511,-0.12564299,0.6610881686210632,0.1575114,2.1835198402404785,1.3368726
7308,2.3120286,0.17818037,-0.12336986,0.7677122354507446,0.13015051,2.350503444671631,1.3405457
7309,2.2208338,0.19701764,-0.07878646,0.8363673686981201,0.10821451,2.5921456813812256,0.99638665
7310,2.3004365,0.21484268,-0.12054933,0.8289136290550232,0.119786665,2.324221134185791,1.2471493
7311,2.3768575,0.15549609,-0.23102234,0.7699090838432312,0.14251378,2.2966597080230713,1.4228665
7312,2.2346551,0.18677235,-0.09856308,0.7261248230934143,0.14792693,2.510383367538452,0.9354153
7313,2.1419194,0.17830545,-0.09216144,0.6517583727836609,0.15037107,2.729201316833496,0.9699976
7314,2.2739496,0.1670304,-0.1586044,0.7640565633773804,0.14486207,2.4102942943573,1.0349456
7315,2.2262735,0.1515405,-0.09237559,0.567600429058075,0.20172408,2.3567261695861816,1.4168507
7316,2.262535,0.15402523,-0.14330502,0.8281338810920715,0.11319344,2.4017350673675537,1.2107893
7317,2.2542806,0.14807379,-0.09921525,0.716492772102356,0.18206777,2.161871910095215,1.30956
7318,2.3642378,0.16382392,-0.13554646,0.7850403785705566,0.15823604,2.1447246074676514,1.4486759
7319,2.2547345,0.19961555,-0.12808637,0.5530990362167358,0.16970797,2.275312662124634,1.1742263
7320,2.2761655,0.20510148,-0.10227593,0.7610701322555542,0.17796879,2.1422150135040283,1.7912341
7321,2.2609673,0.22105753,-0.16316228,0.5674229860305786,0.18422927,2.1926677227020264,1.4674766
7322,2.272209,0.12316391,-0.0979671,0.6873037219047546,0.17128076,2.313798427581787,1.3743672
7323,2.2493505,0.12869616,-0.032044202,0.7723199725151062,0.13384464,2.4171340465545654,0.9968659
7324,2.3635504,0.11872497,-0.104188375,0.7089623212814331,0.18918797,2.0905656814575195,1.7257357
7325,2.3205419,0.17526211,-0.098591916,0.78243088722229,0.14511183,2.315156936645508,1.2656701
7326,2.3200955,0.13368341,-0.12266807,0.7683437466621399,0.13269758,2.572723627090454,1.0299206
7327,2.3124309,0.10181072,-0.15375265,0.5716934204101562,0.24495265,2.242586374282837,1.7538899
7328,2.3700922,0.14736956,-0.13779087,0.48084041476249695,0.22308412,2.1246466636657715,1.2408357
7329,2.2785602,0.1230519,-0.12259443,0.5230780839920044,0.20247562,2.107691526412964,1.4440583
7330,2.2155852,0.09146353,-0.036467727,0.8270593881607056,0.12146041,2.677964210510254,0.8737274
7331,2.4335926,0.11801383,-0.24541266,0.7434616088867188,0.1612753,2.280688762664795,1.5069795
7332,2.257482,0.22284658,-0.22568293,0.5003758072853088,0.19843364,2.403231620788574,1.2362146
7333,2.2908075,0.18022786,-0.09711944,0.8472232222557068,0.1012874,2.444134473800659,1.1359372
7334,2.1954794,0.18182434,-0.21068193,0.4492127001285553,0.16515185,2.4341237545013428,0.8871559
7335,2.3304589,0.19419998,-0.20393091,0.7848381996154785,0.17642042,2.3365399837493896,1.3729309
7336,2.2472508,0.20976746,-0.064951465,0.7251458764076233,0.18791397,2.317819595336914,1.3724737
7337,2.3391218,0.28874227,-0.17464717,0.8261780738830566,0.12772833,2.09097957611084,1.685522
7338,2.3587065,0.13575643,-0.08309364,0.7479650378227234,0.14445361,2.065831422805786,1.3659582
7339,2.2999861,0.14747377,-0.053279262,0.8238298892974854,0.11018678,2.082041025161743,1.7836792
7340,2.2862027,0.14875047,-0.072942935,0.6034722328186035,0.24218096,2.1792654991149902,1.8396834
7341,2.228158,0.19465151,-0.060635448,0.4295161962509155,0.26629084,2.121018886566162,2.0992107
7342,2.3100483,0.13599952,-0.15255406,0.6075394153594971,0.22922012,2.3435418605804443,1.37582
7343,2.3352141,0.17176582,-0.064328045,0.7713935375213623,0.15834302,2.1087327003479004,1.4899207
7344,2.251846,0.2423314,-0.06958822,0.7753487825393677,0.15167089,2.3901264667510986,1.2215391
7345,2.1966395,0.22218901,-0.11176857,0.6972241997718811,0.1480264,2.483585834503174,0.9797539
7346,2.267374,0.21375535,-0.08327476,0.41230273246765137,0.20683567,2.2882142066955566,1.5269706
7347,2.357973,0.1586105,-0.15236376,0.7161435484886169,0.15806444,2.285529613494873,1.2803792
7348,2.1953492,0.119843826,-0.12911215,0.7736664414405823,0.12852025,2.69956374168396,1.0977124
7349,2.3293328,0.09760781,-0.08318836,0.7858324646949768,0.12910815,2.3109307289123535,1.1752974
7350,2.38797,0.082623266,-0.08170873,0.4817006289958954,0.24164014,2.0613982677459717,2.1780298
7351,2.2585778,0.19186814,-0.1387588,0.7154414057731628,0.16424751,2.540666341781616,0.9826364
7352,2.2807045,0.12899943,-0.03771717,0.5182751417160034,0.17272797,2.238422155380249,1.3911585
7353,2.2938778,0.20708333,-0.14156699,0.7775302529335022,0.15737686,2.1759910583496094,1.3924315
7354,2.2605467,0.099361815,-0.01727454,0.7597466111183167,0.17994474,2.144577980041504,1.4495821
7355,2.1322153,0.20385776,-0.029267319,0.813545823097229,0.11943276,2.468379497528076,1.0010312
7356,2.3155568,0.12694648,-0.11742568,0.7894802093505859,0.16648437,2.3999483585357666,1.3820121
7357,2.269901,0.22945265,-0.10572455,0.6096522808074951,0.2040933,2.1321969032287598,1.5342033
7358,2.2538857,0.1405891,-0.13385688,0.5627442598342896,0.20504293,2.396151542663574,1.1031498
7359,2.2995384,0.19785503,-0.17618199,0.660190999507904,0.17392051,2.3932409286499023,1.1356813
7360,2.2319825,0.13926521,-0.03308746,0.8233044147491455,0.117224716,2.4664065837860107,0.93799096
7361,2.357556,0.274228,-0.17501613,0.7839723825454712,0.13822722,2.1011271476745605,1.3994514
7362,2.2674613,0.16861331,-0.14747265,0.5535574555397034,0.18680185,2.3363938331604004,1.1871578
7363,2.348437,0.20156899,-0.06939883,0.7583423256874084,0.20799786,2.208770513534546,1.624779
7364,2.3609474,0.17587943,-0.16614266,0.85,0.067127,2.0841691493988037,2.035347
7365,2.2589893,0.1098407,-0.097083434,0.6479460000991821,0.18642041,2.276576519012451,1.2221457
7366,2.201314,0.287394,-0.041017212,0.8493978381156921,0.13941187,2.51601243019104,1.1602371
7367,2.2486558,0.19087856,-0.147261,0.7919004559516907,0.14550026,2.4620254039764404,1.1299121
7368,2.2518425,0.20261972,-0.117346466,0.7768664956092834,0.19254793,2.458038330078125,1.3379549
7369,2.2485144,0.09894203,-0.12120727,0.7081971168518066,0.16119708,2.5270564556121826,1.1511554
7370,2.3037796,0.11086216,-0.10466562,0.7903825044631958,0.16752648,2.2924883365631104,1.381245
7371,2.2552505,0.16972566,-0.13002384,0.7946679592132568,0.149059,2.434377670288086,1.2504925
7372,2.1953008,0.11039003,-0.11259174,0.7013490200042725,0.13770936,2.4002275466918945,0.9133873
7373,2.288408,0.27132753,-0.13239098,0.7769817113876343,0.16355304,2.1377663612365723,1.4923227
7374,2.2539856,0.23688309,-0.12151896,0.8180899024009705,0.12434989,2.27189040184021,1.1446882
7375,2.194425,0.17726117,-0.10616083,0.6607754826545715,0.18595034,2.819633722305298,1.020802
7376,2.294658,0.16592209,-0.11355602,0.7480247020721436,0.12940377,2.2822608947753906,1.1894412
7377,2.1861188,0.11979485,0.026038054,0.590212881565094,0.20426446,2.256983995437622,1.3946537
7378,2.1816502,0.17622991,-0.008659887,0.7870093584060669,0.17376004,2.453922748565674,1.1087035
7379,2.2085516,0.18879253,-0.09593614,0.5929800868034363,0.20030873,2.5532755851745605,1.1513082
7380,2.2897701,0.10672344,-0.113133445,0.7408748865127563,0.13723736,2.340306520462036,0.9061569
7381,2.312723,0.17150436,-0.14864056,0.7732756733894348,0.1265996,2.161621570587158,1.2171369
7382,2.352115,0.12518047,-0.11524328,0.85,0.11409272,2.1388680934906006,1.553699
7383,2.2745528,0.10945544,-0.06333895,0.8290096521377563,0.15973566,2.2882070541381836,1.3047855
7384,2.243541,0.25937957,-0.18402568,0.830545961856842,0.12423246,2.347141981124878,1.0911015
7385,2.382371,0.10954129,-0.14305474,0.8055281639099121,0.13730152,2.2612807750701904,1.2968973
7386,2.3139112,0.11258707,-0.0863593,0.7598282694816589,0.15262474,2.310062885284424,1.3747578
7387,2.2581902,0.18782179,-0.108315066,0.640143632888794,0.07958484,2.312267303466797,1.2267803
7388,2.2569017,0.14449352,-0.0781852,0.638853907585144,0.18254393,2.2071900367736816,1.4094001
7389,2.2823098,0.16215692,-0.13138993,0.6803159117698669,0.14794226,2.128131628036499,1.3876388
7390,2.3095174,0.12850294,-0.111777626,0.8299953937530518,0.11305811,2.2148361206054688,1.3882061
7391,2.2708888,0.25085777,-0.12448148,0.8278491497039795,0.14267819,2.2978546619415283,1.2255015
7392,2.323752,0.20782669,-0.13927455,0.2069123387336731,0.22020714,2.044747829437256,1.7650622
7393,2.4770672,0.11414755,-0.22570528,0.85,0.0661878,1.9915200471878052,1.6495477
7394,2.2714496,0.15652968,-0.19176874,0.6428753733634949,0.1838033,2.539921760559082,1.0392617
7395,2.3873365,0.109591804,-0.1472431,0.6092273592948914,0.16872963,2.0961453914642334,1.4511867
7396,2.2321167,0.113372065,-0.051979616,0.7638282179832458,0.13670409,2.3710529804229736,1.065616
7397,2.2376816,0.16873896,-0.17839071,0.7409017086029053,0.15077141,2.639530897140503,0.9319734
7398,2.2910352,0.17946462,-0.1083549,0.5226565599441528,0.22282897,2.016822099685669,1.7286553
7399,2.329105,0.23923765,-0.19519491,0.6795761585235596,0.19371498,2.0408239364624023,1.9250296
7400,2.2793872,0.1300169,-0.08961008,0.7659441232681274,0.11894256,2.4055633544921875,1.2501627
7401,2.279885,0.15226299,-0.18867585,0.6237574815750122,0.19943018,2.3502347469329834,1.2058738
7402,2.3513944,0.10133404,-0.2324066,0.8468742370605469,0.12684368,2.483250617980957,1.1807994
7403,2.2456784,0.1764703,-0.048694935,0.650816023349762,0.12252368,2.102437973022461,1.2502545
7404,2.3376029,0.2924482,-0.18999268,0.7905179262161255,0.13648424,2.33564829826355,1.5826396
7405,2.243097,0.14096522,-0.16205396,0.8059316277503967,0.10052142,2.4379847049713135,0.9643827
7406,2.317706,0.15554792,-0.08249298,0.6909060478210449,0.17284408,2.1167004108428955,1.5828149
7407,2.2762427,0.18532895,-0.07997019,0.6455318927764893,0.17951015,2.3493688106536865,1.1685616
7408,2.2913942,0.20205964,-0.17678931,0.7888354659080505,0.10923817,2.372279644012451,1.1622798
7409,2.2772496,0.15739697,-0.08346328,0.6961223483085632,0.14481695,2.277083158493042,1.2567447
7410,2.2372751,0.18302938,-0.17814845,0.4606979489326477,0.22702438,2.3419973850250244,1.4344227
7411,2.306309,0.20409769,-0.17244089,0.5968247056007385,0.225648,2.2867281436920166,1.6575258
7412,2.3449037,0.105080724,-0.12924463,0.7594308853149414,0.14647901,2.4480834007263184,1.1987593
7413,2.2936578,0.23863417,-0.23554793,0.7219945192337036,0.17041916,2.1240251064300537,1.21708
7414,2.291149,0.161363,-0.13168715,0.6248298287391663,0.16526379,2.325932025909424,1.1445292
7415,2.3527524,0.13622136,-0.17024338,0.7901510000228882,0.1524092,2.334235906600952,1.3876141
7416,2.303991,0.16664983,-0.033595096,0.7072139382362366,0.17156868,2.359978675842285,1.2403138
7417,2.326899,0.11994242,-0.00401556,0.7772958874702454,0.17765757,2.1482694149017334,1.5316428
7418,2.2742164,0.23445426,-0.20798792,0.7772347331047058,0.19982795,2.3512492179870605,1.5486634
7419,2.2763708,0.17714536,-0.09912621,0.7697293758392334,0.15955229,2.395008087158203,1.1189369
7420,2.2699091,0.17420264,-0.07279201,0.7163769006729126,0.18467897,2.261543035507202,1.2852182
7421,2.301367,0.17604443,-0.13751113,0.5956073999404907,0.21297996,2.2789487838745117,1.1911302
7422,2.315733,0.14084215,-0.14540489,0.8237869739532471,0.1285345,2.433980941772461,1.2936894
7423,2.265053,0.20291229,-0.03347679,0.6164849400520325,0.20494072,2.1304240226745605,1.6078446
7424,2.3303087,0.13937964,-0.10754849,0.5136702060699463,0.13195434,2.062647581100464,1.3958431
7425,2.2922876,0.12635323,-0.21874645,0.7315216064453125,0.1667202,2.6207146644592285,0.95406973
7426,2.3823116,0.10388642,-0.11587038,0.7502999901771545,0.16331773,2.237029790878296,1.3071069
7427,2.2817383,0.14730875,-0.10044339,0.7502070665359497,0.19326113,2.4390413761138916,1.149125
7428,2.1833105,0.16804563,-0.14686318,0.7084556818008423,0.13629249,2.5757017135620117,0.8259986
7429,2.235615,0.20397937,-0.04423896,0.6823014616966248,0.21268769,2.1000123023986816,1.6824315
7430,2.3142602,0.19047552,-0.078792416,0.7638052701950073,0.16916415,2.1531741619110107,1.5037265
7431,2.1968904,0.10599632,-0.10687618,0.8000090718269348,0.14487064,2.4874627590179443,0.95602435
7432,2.2777655,0.12341803,-0.15655407,0.6992454528808594,0.177722,2.4225914478302,0.96342266
7433,2.318501,0.10701869,-0.15982787,0.5133714079856873,0.1789211,2.272212028503418,1.1976467
7434,2.2409108,0.14988223,-0.081852034,0.7587299346923828,0.17073694,2.4508731365203857,1.0547892
7435,2.2658389,0.14895788,-0.1315288,0.6546193361282349,0.18723613,2.320824146270752,1.1543834
7436,2.2937298,0.16230713,-0.057320584,0.7546032667160034,0.13133764,2.246986150741577,1.1625336
7437,2.354993,0.03415803,-0.045485362,0.7589353322982788,0.1576504,2.3142831325531006,1.2977011
7438,2.2060323,0.23526962,-0.06980677,0.588405191898346,0.23817287,2.3280723094940186,1.5504957
7439,2.274547,0.15726295,-0.079450734,0.752699077129364,0.11274484,2.287283420562744,1.1063584
7440,2.2647405,0.08719203,-0.13769263,0.8464065194129944,0.07142026,2.6914761066436768,0.8312772
7441,2.2688637,0.22159289,-0.09630968,0.7509136199951172,0.19272923,2.287734270095825,1.6940625
7442,2.2198362,0.14135292,-0.075387344,0.4602978825569153,0.23407549,2.381465196609497,1.3804812
7443,2.3415623,0.17899558,-0.16596478,0.7059636116027832,0.1763428,2.3530774116516113,1.2184454
7444,2.2219212,0.19553731,-0.13321136,0.7187095880508423,0.17462064,2.4491055011749268,1.2122762
7445,2.320078,0.16704938,-0.059901137,0.7565820217132568,0.15414807,2.0208818912506104,1.4384565
7446,2.3562202,0.07173734,-0.05020057,0.82470703125,0.111854844,2.124279260635376,1.1742151
7447,2.30684,0.0808571,-0.06594108,0.7180308103561401,0.17891957,2.349790334701538,1.1965927
7448,2.3645837,0.20595488,-0.2112268,0.35811349749565125,0.28449523,2.0772857666015625,1.686118
7449,2.3718927,0.18689093,-0.19094786,0.653381884098053,0.17269644,2.199594736099243,1.3840079
7450,2.3691123,0.15487912,-0.31113532,0.6650591492652893,0.16379975,2.119206190109253,1.1832862
7451,2.2480462,0.17664343,-0.18395717,0.85,0.1239689,2.768646717071533,1.0539224
7452,2.305503,0.17202112,-0.14396873,0.734745442867279,0.15208122,2.2697129249572754,1.1995256
7453,2.2857103,0.19008732,-0.07792461,0.7522205114364624,0.18251985,2.2267415523529053,1.4422086
7454,2.3044646,0.16015479,-0.1789594,0.765296995639801,0.1721556,2.3610663414001465,1.4304992
7455,2.2332988,0.15719177,-0.077609956,0.6130061149597168,0.19889371,2.2692666053771973,1.4777225
7456,2.3138108,0.18904565,-0.06166645,0.843051016330719,0.12865433,2.192014455795288,1.4744687
7457,2.2487867,0.18466698,-0.08383942,0.7660729885101318,0.15315256,2.4519355297088623,1.1913035
7458,2.2118568,0.19760954,-0.04642549,0.763222336769104,0.13451283,2.262535572052002,1.2083575
7459,2.3119335,0.14647631,-0.1548999,0.698468804359436,0.1948883,2.4609181880950928,1.1970986
7460,2.3267179,0.19783613,-0.17449336,0.7345248460769653,0.16276829,2.204202890396118,1.4522005
7461,2.238443,0.09606415,-0.08857058,0.6088255643844604,0.17850465,2.3588459491729736,1.1917295
7462,2.3183029,0.21068622,-0.17022297,0.8098292350769043,0.15468344,2.507999897003174,1.1586496
7463,2.3110077,0.14286067,-0.070624925,0.8220051527023315,0.12938607,2.134678602218628,1.2421516
7464,2.311036,0.25953686,-0.16608882,0.7115010023117065,0.13138926,2.132617712020874,1.3188913
7465,2.2955623,0.20142095,-0.07396674,0.7345442771911621,0.15371995,2.090921401977539,1.5604802
7466,2.3928626,0.14302848,-0.14543985,0.8299251198768616,0.13066553,2.115248918533325,1.5988108
7467,2.403469,0.1904807,-0.16936542,0.7700121402740479,0.1874979,2.0470681190490723,1.7730576
7468,2.3480113,0.19110261,-0.18321195,0.6434222459793091,0.23609976,2.2264435291290283,1.7296047
7469,2.3445294,0.15165886,-0.10855299,0.5706692337989807,0.19617599,2.08467435836792,1.5850146
7470,2.2784755,0.18704848,-0.12588865,0.6590580344200134,0.18618162,2.3127596378326416,1.3141994
7471,2.3057628,0.11677504,-0.07763081,0.6351586580276489,0.21561866,2.211455821990967,1.4783465
7472,2.2956004,0.22222456,-0.16976683,0.8336437940597534,0.12034218,2.339540481567383,1.236365
7473,2.2586803,0.19962594,-0.10093485,0.45871731638908386,0.2328164,2.1777968406677246,1.8868234
7474,2.2315419,0.20729351,-0.05883904,0.4506102204322815,0.19485353,2.3412744998931885,1.1477685
7475,2.1851084,0.18007311,-0.078574456,0.725375235080719,0.16046458,2.4557747840881348,1.0812606
7476,2.2530584,0.22983149,-0.08915107,0.806748628616333,0.1133723,2.412562131881714,1.0380709
7477,2.3392446,0.07629727,-0.1359427,0.85,0.11618363,2.4188969135284424,1.1346842
7478,2.2337856,0.14052832,-0.12828098,0.35810646414756775,0.266985,2.573279857635498,1.1922396
7479,2.3085191,0.13089806,-0.17367141,0.8283729553222656,0.10982996,2.403839349746704,1.0788106
7480,2.2507071,0.15533502,-0.14268997,0.7905442714691162,0.16473298,2.3604495525360107,1.352497
7481,2.2752235,0.12558466,-0.13173391,0.6703105568885803,0.20317306,2.2133851051330566,1.4338728
7482,2.2749648,0.2461118,-0.04119637,0.8157098293304443,0.13457163,2.3477537631988525,1.2835886
7483,2.2721694,0.14829554,-0.1393909,0.7702785730361938,0.13518852,2.307952642440796,1.1971407
7484,2.182459,0.18623279,-0.082041204,0.5891153812408447,0.19685963,2.257566213607788,1.0928998
7485,2.2811015,0.15679483,-0.17734107,0.6188665628433228,0.2348385,2.555272102355957,1.4457239
7486,2.2012887,0.19743702,-0.09815434,0.7463372945785522,0.113292925,2.5347275733947754,0.91791475
7487,2.3073962,0.11151295,-0.10329115,0.788200318813324,0.14971232,2.398650884628296,1.1592181
7488,2.2172616,0.15017836,-0.051242642,0.6501959562301636,0.1958453,2.447309970855713,1.2525833
7489,2.286615,0.17594083,-0.17952104,0.6476669311523438,0.18387443,2.2676753997802734,1.1390729
7490,2.2417333,0.21000676,-0.06669436,0.44101035594940186,0.23222643,2.1325533390045166,1.9109006
7491,2.2739608,0.18641366,-0.11876025,0.7702596187591553,0.14706358,2.577512264251709,1.0575602
7492,2.2729988,0.11036549,-0.06844176,0.6335672736167908,0.22448692,2.315549612045288,1.2145514
7493,2.311189,0.10528002,-0.19552432,0.8272890448570251,0.14141363,2.6009104251861572,0.96283966
7494,2.2153947,0.25660235,0.0063310903,0.7102776765823364,0.18277346,2.255418539047241,1.3245934
7495,2.2558942,0.16010709,-0.112396054,0.7675968408584595,0.1646391,2.3389089107513428,1.1253045
7496,2.3580825,0.12779954,-0.08233016,0.7569205164909363,0.14614396,2.2749416828155518,1.2073832
7497,2.270258,0.19836462,-0.096453145,0.7682197093963623,0.14303282,2.2459957599639893,1.5046265
7498,2.1595345,0.16216007,0.0013401315,0.8065793514251709,0.15409169,2.377985954284668,1.2146964
7499,2.2873886,0.09561753,-0.13531351,0.6145762205123901,0.16539745,2.3265864849090576,1.0611732
7500,2.264788,0.25015852,-0.10701481,0.7216696739196777,0.18219055,2.319523811340332,1.2727764
7501,2.225396,0.18232585,-0.05888284,0.6937599778175354,0.16186564,2.2925493717193604,1.1966953
7502,2.332152,0.16420402,-0.12685865,0.7525078058242798,0.20928167,2.1158432960510254,1.9362112
7503,2.3108912,0.22748291,-0.19216797,0.5974624752998352,0.18412359,2.173818349838257,1.2303739
7504,2.2711658,0.18158719,-0.03382597,0.831035315990448,0.11336499,2.1726551055908203,1.4128606
7505,2.268502,0.17901883,-0.008180139,0.7371393442153931,0.16832289,2.2867918014526367,1.3225764
7506,2.210388,0.17051469,-0.09485289,0.8210632801055908,0.09004067,2.0236079692840576,1.1839569
7507,2.292419,0.21061888,-0.16280095,0.7781106233596802,0.1658168,2.480083465576172,1.2798619
7508,2.3635583,0.1415956,-0.17048874,0.7815102338790894,0.18249755,2.338559865951538,1.4502915
7509,2.276149,0.15067916,-0.15626968,0.4321427643299103,0.20837776,2.2651326656341553,1.3185557
7510,2.1823843,0.18033548,-0.07911256,0.6890550851821899,0.17614676,2.4349546432495117,1.1176577
7511,2.2750695,0.14221807,-0.05243571,0.5995575785636902,0.18709277,2.1466803550720215,1.214222
7512,2.1935022,0.13796778,-0.028976124,0.45063963532447815,0.2379173,2.3574557304382324,0.98193055
7513,2.2921188,0.20296232,0.016484557,0.8451642394065857,0.13437681,2.314124345779419,1.4259578
7514,2.2794054,0.1288236,-0.05498973,0.7983886003494263,0.15049839,2.394850015640259,1.1466142
7515,2.338051,0.12348551,-0.11840446,0.7701318860054016,0.14136945,2.3165347576141357,1.2775415
7516,2.2756097,0.11570844,-0.16612637,0.6772865653038025,0.17675899,2.4342684745788574,1.1414442
7517,2.338267,0.15457702,-0.18873632,0.7609779834747314,0.123381466,2.3354580402374268,1.1137538
7518,2.2740827,0.1629823,-0.20191883,0.7565511465072632,0.17153092,2.383293867111206,1.0710047
7519,2.2575173,0.16032334,-0.09313957,0.841530442237854,0.13211954,2.41818904876709,1.1882331
7520,2.3260713,0.14946355,-0.14838116,0.7946389317512512,0.13363601,2.1943304538726807,1.4948794
7521,2.2861226,0.16051008,-0.1334061,0.717194139957428,0.139372,2.531496524810791,1.0383133
7522,2.3204331,0.13841417,-0.12853588,0.8326135873794556,0.08199246,2.651116371154785,0.97408605
7523,2.3241508,0.113990836,-0.07441266,0.517490029335022,0.117637455,2.091097354888916,1.4616828
7524,2.3429282,0.20115446,-0.17356351,0.566405177116394,0.20329826,2.057844638824463,1.8447804
7525,2.3934317,0.14167431,-0.17454302,0.7748558521270752,0.14835288,2.1232998371124268,1.802273
7526,2.2396657,0.10743674,-0.010661058,0.5489895939826965,0.19425209,2.3492705821990967,1.3636471
7527,2.2701693,0.23235036,-0.04820006,0.7479682564735413,0.1934579,2.281243085861206,1.3357338
7528,2.2572618,0.15009438,-0.06724715,0.8182368278503418,0.09926262,2.358654022216797,1.1068774
7529,2.2786148,0.19645993,-0.09789996,0.7744490504264832,0.1510688,2.5407707691192627,1.2115693
7530,2.270583,0.20265849,-0.101555794,0.7824115753173828,0.14435107,2.3980050086975098,1.4542626
7531,2.3181658,0.15452108,-0.11417785,0.6928533911705017,0.19854976,2.2156965732574463,1.7594266
7532,2.2537868,0.15753812,-0.083084665,0.7702406644821167,0.15673447,2.3376221656799316,1.272581
7533,2.2859428,0.148813,-0.20216754,0.6021270155906677,0.20734663,2.5633370876312256,1.1977776
7534,2.2965152,0.15253057,-0.17320676,0.7029753923416138,0.1776648,2.4613852500915527,1.1312249
7535,2.2423322,0.25641593,-0.13727614,0.4731546938419342,0.2407781,2.1362881660461426,1.6082745
7536,2.3186324,0.08681838,-0.117536776,0.827312707901001,0.13926981,2.2640182971954346,1.3542542
7537,2.1992688,0.18265341,-0.15015852,0.5657814741134644,0.18003504,2.2146389484405518,1.1780818
7538,2.1006985,0.22019246,-0.0757655,-0.04267598316073418,0.26059,2.2983243465423584,1.2719551
7539,2.2997484,0.20342246,-0.14261714,0.7961266040802002,0.1480927,2.3324930667877197,1.2830585
7540,2.3076944,0.20030726,-0.082675286,0.8492265343666077,0.09005507,2.400695562362671,1.2431799
7541,2.3319294,0.08940104,-0.12524678,0.8409526944160461,0.105061725,2.5462024211883545,0.9812759
7542,2.2505875,0.09377954,-0.049790442,0.7361041903495789,0.18089277,2.330410957336426,1.2658525
7543,2.355742,0.17721334,-0.14101496,0.6821011304855347,0.20629187,2.2758216857910156,1.4965016
7544,2.3029513,0.18985893,-0.14973429,0.7989333868026733,0.1330354,2.3307228088378906,1.2939068
7545,2.3763378,0.16363345,-0.16842161,0.7911309599876404,0.14034195,2.0771901607513428,1.4461281
7546,2.2869885,0.14724904,-0.13671465,0.5269082188606262,0.18522444,2.140155076980591,1.1453786
7547,2.3881216,0.17874219,-0.18399665,0.6001632213592529,0.18657042,2.064267158508301,1.3132013
7548,2.3392074,0.07948257,-0.09976681,0.7329170107841492,0.16552219,2.0783121585845947,1.3817383
7549,2.2763104,0.23093139,-0.08909535,0.5112146139144897,0.18429537,2.0995876789093018,1.1939919
7550,2.338118,0.14127713,-0.1293784,0.7114362716674805,0.17973705,2.251453161239624,1.425291
7551,2.2385125,0.19000103,-0.12334478,0.8293936848640442,0.09511459,2.5100600719451904,1.0178663
7552,2.2730143,0.18739806,-0.12085838,0.7096834778785706,0.17385264,2.392058849334717,1.4430171
7553,2.2431629,0.14381602,-0.1395775,0.7777392268180847,0.14673437,2.3900794982910156,1.1084851
7554,2.3167226,0.085394695,-0.11661575,0.6812652349472046,0.20126846,2.2506983280181885,1.3064257
7555,2.4571111,0.15063865,-0.087588064,0.7790247201919556,0.230585,2.257763147354126,1.5716335
7556,2.2781875,0.14994076,-0.12919304,0.7531785368919373,0.13799123,2.434527635574341,0.97701156
7557,2.214848,0.13657048,-0.07739386,0.7128496170043945,0.1826415,2.4231085777282715,1.1401799
7558,2.2394636,0.17411101,-0.00015255503,0.7454487085342407,0.16532896,2.163425922393799,1.2014724
7559,2.3419068,0.092612095,-0.14469597,0.7335148453712463,0.1668214,2.3201744556427,1.141554
7560,2.2499385,0.17984231,-0.030676778,0.8409765362739563,0.1404899,2.326458215713501,1.3897802
7561,2.3188107,0.13605542,-0.091622464,0.6101603507995605,0.23554888,2.054579734802246,1.9266971
7562,2.2958498,0.22382157,-0.20772685,0.15333588421344757,0.19731036,2.114457368850708,1.1134126
7563,2.1877065,0.23244907,0.029036857,0.8076218962669373,0.0999995,2.443857192993164,1.0686493
7564,2.159513,0.27138358,-0.15054862,0.349771648645401,0.16791223,2.685771942138672,0.8046345
7565,2.263858,0.2661435,-0.21901919,0.8229590654373169,0.14108925,2.3953678607940674,1.3013633
7566,2.2625828,0.16485044,-0.108805224,0.7064177989959717,0.18184654,2.371060371398926,1.2050713
7567,2.3053226,0.14952883,-0.15506323,0.5473548173904419,0.18695311,2.0830278396606445,1.3309186
7568,2.2263238,0.20447972,-0.13749021,0.7426828145980835,0.14890878,2.3991587162017822,1.4448863
7569,2.3529227,0.19331622,-0.18362996,0.8046250939369202,0.12568153,2.249235153198242,1.3757396
7570,2.2188652,0.15073688,-0.09897854,0.3927133083343506,0.268709,2.3075108528137207,1.526213
7571,2.3296154,0.16756277,-0.15029375,0.8202787041664124,0.11253463,2.297969102859497,1.4028378
7572,2.4518335,0.23409177,-0.23723656,0.765330970287323,0.21868904,2.0667479038238525,1.9945617
7573,2.270039,0.13967541,-0.18483181,0.8205450773239136,0.12042552,2.3452506065368652,1.2727069
7574,2.3475997,0.17098308,-0.15123534,0.611041784286499,0.18284547,2.149923086166382,1.5970119
7575,2.2025616,0.1705231,-0.07136573,0.5993655323982239,0.20553717,2.5439422130584717,0.9921252
7576,2.3490872,0.14703703,-0.054989085,0.7729765772819519,0.15793516,2.0658822059631348,1.9376783
7577,2.387102,0.123400666,-0.12766401,0.7717655897140503,0.17094699,2.0951778888702393,1.7821004
7578,2.2937107,0.1793336,-0.20246324,0.7930614948272705,0.13600217,2.2822344303131104,1.3790168
7579,2.3296797,0.15817173,-0.089025594,0.8059331774711609,0.14084485,2.287006139755249,1.4661237
7580,2.239059,0.09932754,-0.13684635,0.5943372249603271,0.1447666,2.397468090057373,1.0068938
7581,2.3155525,0.16269939,-0.13193518,0.7544068098068237,0.14513694,2.216581106185913,1.4020665
7582,2.3967443,0.14099419,-0.19623478,0.6982077360153198,0.19008823,2.0061280727386475,1.5318639
7583,2.332679,0.18417743,-0.011424036,0.8213322162628174,0.118539535,2.0712125301361084,1.6710646
7584,2.390963,0.15904853,-0.086269,0.7544870376586914,0.1877103,2.1204535961151123,1.7637166
7585,2.2873688,0.19408579,-0.1697296,0.8320132493972778,0.12938675,2.411482095718384,1.4216658
7586,2.2995527,0.22907464,-0.11649324,0.5993661284446716,0.2512289,2.065406084060669,1.7411795
7587,2.2766244,0.19291428,-0.07872294,0.5996872186660767,0.20686136,2.3133442401885986,1.2936976
7588,2.2964277,0.22874534,-0.04915681,0.754004955291748,0.17943338,2.283604860305786,1.496214
7589,2.2310095,0.1934174,-0.1275165,0.582675039768219,0.16207379,2.297182559967041,1.0411348
7590,2.317708,0.09636087,-0.073289886,0.8065345883369446,0.13257933,2.297330617904663,1.2402626
7591,2.3569067,0.21229848,-0.07913949,0.7578245997428894,0.19890492,2.071976900100708,1.5973859
7592,2.2634044,0.06950926,-0.0659578,0.7537466287612915,0.11175876,2.2717649936676025,1.0586705
7593,2.360835,0.19069104,-0.15128016,0.8242768049240112,0.117219344,2.0915348529815674,1.3934584
7594,2.2871745,0.17916623,-0.1335776,0.6642026901245117,0.13977294,2.306938409805298,1.1280102
7595,2.2794538,0.17980011,-0.066978164,0.7428277134895325,0.16108336,2.3469808101654053,1.0647516
7596,2.3754654,0.18391667,-0.14874867,0.7870647311210632,0.1643586,2.137355327606201,1.560762
7597,2.2783256,0.15370378,-0.084971376,0.750478208065033,0.16093643,2.41084361076355,1.117724
7598,2.316927,0.12046909,-0.1153238,0.8306007981300354,0.12465311,2.4080212116241455,1.3321625
7599,2.3270013,0.13166974,-0.044312377,0.8128051161766052,0.13404241,2.0817861557006836,1.6309335
7600,2.2755873,0.11516607,-0.053602647,0.8040724992752075,0.12957132,2.1498630046844482,1.4576814
7601,2.2586467,0.18917707,-0.035352744,0.8297186493873596,0.16244432,2.2075319290161133,1.3717686
7602,2.1396682,0.07802242,-0.050039764,0.45169201493263245,0.19460237,2.455145835876465,0.99604976
7603,2.3190591,0.14184855,-0.11764291,0.4278537333011627,0.2491032,2.0756354331970215,1.803886
7604,2.2880297,0.08767241,-0.07472927,0.7713278532028198,0.1420838,2.399775505065918,1.1900822
7605,2.2095304,0.173931,-0.08713543,0.5568878054618835,0.18143395,2.074197292327881,1.3862932
7606,2.2439954,0.21895188,-0.12820712,0.6225306391716003,0.16627464,2.240567207336426,1.3431543
7607,2.3075366,0.07464527,-0.048688978,0.7405892610549927,0.16837372,2.124995470046997,1.4866464
7608,2.3012633,0.087223984,-0.12125313,0.8186478018760681,0.12109859,2.3591737747192383,1.2102304
7609,2.262482,0.19666424,-0.02128136,0.8058974146842957,0.1567639,2.3474385738372803,1.4137111
7610,2.3080056,0.19412173,-0.14993039,0.5892090201377869,0.20371112,2.296358108520508,1.1641393
7611,2.2526991,0.19733965,-0.10629858,0.7562255263328552,0.1716414,2.5028443336486816,1.1682409
7612,2.3007953,0.13291463,-0.09194834,0.8455463647842407,0.110871404,2.310626268386841,1.2754315
7613,2.2608824,0.10010429,-0.079281025,0.5098450779914856,0.18751377,2.3219361305236816,1.2733233
7614,2.3010297,0.092794225,-0.07558083,0.5665943622589111,0.2106943,2.183121681213379,1.4099976
7615,2.3459787,0.14317569,-0.111302756,0.85,0.09001489,2.306680917739868,1.4064442
7616,2.3116689,0.07018835,-0.11701628,0.7481117844581604,0.11853085,2.3180503845214844,1.1135893
7617,2.161539,0.13440508,0.0010931948,0.6335402727127075,0.21970513,2.324115753173828,1.6960942
7618,2.3042445,0.15505613,-0.05811527,0.7784075140953064,0.15383711,2.0869739055633545,1.5419812
7619,2.199384,0.17557931,-0.049823172,0.5669088363647461,0.24507114,2.312464952468872,1.287927
7620,2.2315428,0.17176145,-0.11816691,0.6190440058708191,0.15523607,2.361952543258667,1.0803638
7621,2.2091868,0.20259455,-0.13385993,0.8212739825248718,0.10075242,2.4096529483795166,1.0078571
7622,2.3294637,0.23093733,-0.1768927,0.7280782461166382,0.16431051,2.1124229431152344,1.4951435
7623,2.3583965,0.13450421,-0.17583026,0.438380628824234,0.23037514,2.270098924636841,1.3294678
7624,2.307669,0.09247867,-0.046353012,0.8244550228118896,0.12531519,2.416912078857422,1.2648087
7625,2.3440416,0.19384333,-0.11816869,0.8291550874710083,0.13496202,2.2918901443481445,1.4509761
7626,2.3489523,0.12695011,-0.11802467,0.7836031913757324,0.13946801,2.14284086227417,1.509881
7627,2.2438676,0.25259775,-0.1759039,0.801112174987793,0.13411514,2.3530707359313965,1.3267047
7628,2.2270489,0.20937693,-0.052231815,0.61948162317276,0.18032984,2.3763427734375,1.1202669
7629,2.331977,0.12044439,-0.134276,0.7211325168609619,0.19078173,2.1867170333862305,1.6782165
7630,2.3245132,0.18902464,-0.111695975,0.6613119840621948,0.21071862,2.2696914672851562,1.6805172
7631,2.2508292,0.15916458,-0.021821376,0.8351723551750183,0.085033886,2.354069709777832,1.1886177
7632,2.274136,0.10684418,-0.027551122,0.609314501285553,0.1963789,2.1524062156677246,1.2892334
7633,2.243282,0.12807532,-0.17794906,0.6230812072753906,0.16595866,2.641925096511841,1.1024101
7634,2.2549403,0.14225475,-0.11976328,0.544634222984314,0.20905215,2.195850372314453,1.2324892
7635,2.2909951,0.24212325,-0.11751162,0.760103166103363,0.18163177,2.2965781688690186,1.609903
7636,2.3596213,0.088332735,-0.15017267,0.6139530539512634,0.19492742,2.151062488555908,1.2200259
7637,2.18651,0.1837023,-0.0030968045,0.7692037224769592,0.122536846,2.61169695854187,0.92292184
7638,2.3615346,0.17701995,-0.24196614,0.6971819400787354,0.16951519,2.3398220539093018,1.3850489
7639,2.2795374,0.15549824,-0.08343282,0.7394576072692871,0.15342456,2.3670825958251953,1.1283461
7640,2.2342572,0.22918439,-0.1388241,0.6844919323921204,0.20876102,2.4467809200286865,1.3929263
7641,2.3256483,0.20152256,-0.14186804,0.8238186240196228,0.14679438,2.160940408706665,1.5651141
7642,2.2203288,0.10480849,-0.08450045,0.5764497518539429,0.12904991,2.3596062660217285,0.9784351
7643,2.363395,0.16519205,-0.22489803,0.8185954689979553,0.15855978,2.3879334926605225,1.3598719
7644,2.3808217,0.14940636,-0.075495794,0.5275204181671143,0.22793204,2.0230541229248047,1.836118
7645,2.2651272,0.14807057,-0.2014865,0.6058080792427063,0.18076165,2.5378353595733643,1.1909287
7646,2.2441976,0.123834416,-0.18866713,0.5623025894165039,0.16315715,2.3202226161956787,1.0129119
7647,2.323876,0.16269429,-0.13287875,0.4323289692401886,0.24885824,2.1389036178588867,1.5189493
7648,2.2145317,0.15470563,-0.13459992,0.7522206902503967,0.16849509,2.7746055126190186,0.944354
7649,2.3088503,0.18792425,-0.282377,0.6191041469573975,0.1727558,2.3240609169006348,1.1842557
7650,2.2575748,0.17241202,-0.10069823,0.85,0.05898185,2.1950936317443848,1.1280091
7651,2.2638252,0.11884185,-0.14710149,0.7993733882904053,0.12139329,2.416534185409546,1.2036796
7652,2.4039407,0.12491816,-0.17080331,0.8210005164146423,0.15322517,2.067636728286743,1.4217954
7653,2.2971864,0.24555266,-0.10362895,0.643173336982727,0.18905789,2.2562568187713623,1.5944233
7654,2.2588265,0.17308813,-0.11903691,0.6243390440940857,0.19478706,2.2696900367736816,1.3212878
7655,2.359102,0.087217346,-0.16135891,0.7286880612373352,0.15521891,2.0607588291168213,1.6623765
7656,2.3049228,0.14686264,-0.09087854,0.730099081993103,0.16091934,2.3224589824676514,1.1518623
7657,2.2057464,0.15744936,-0.006809224,0.6409441828727722,0.1737139,2.552086591720581,1.153258
7658,2.3121917,0.16973725,-0.06573556,0.7709188461303711,0.1311209,2.243241786956787,1.3766301
7659,2.2515461,0.06780631,-0.043961618,0.4272159934043884,0.22124988,2.380868673324585,1.2741954
7660,2.2806506,0.16524513,-0.16103606,0.7804291844367981,0.14740846,2.6161441802978516,1.0753976
7661,2.3567688,0.18302143,-0.09729631,0.5781872868537903,0.2393082,2.098029851913452,1.7473125
7662,2.2533355,0.19664538,-0.06984999,0.6721966862678528,0.16779234,2.4016449451446533,1.1924419
7663,2.353931,0.24304521,-0.1998543,0.8433418273925781,0.1333702,2.062812566757202,1.7237898
7664,2.2997637,0.12486323,-0.024627065,0.8483969569206238,0.08439148,2.1491358280181885,1.4843769
7665,2.329199,0.025071597,-0.14060119,0.6737803816795349,0.1741204,2.1735634803771973,1.2725414
7666,2.2760255,0.19167776,-0.0910293,0.7505897283554077,0.15036584,2.387495517730713,1.2144345
7667,2.2754116,0.06883605,-0.07360362,0.7465171217918396,0.1512756,2.3286209106445312,0.9982572
7668,2.3691385,0.17870137,-0.13816582,0.8432692885398865,0.13145612,2.12048077583313,2.0518804
7669,2.3235073,0.19866103,-0.10846453,0.44825610518455505,0.24631539,2.117708206176758,1.5837317
7670,2.3067024,0.22135845,-0.10728831,0.5755868554115295,0.20796385,2.092050790786743,1.6279145
7671,2.333438,0.22916418,-0.08473284,0.7134021520614624,0.22411394,2.1964292526245117,1.7070535
7672,2.3196287,0.058310878,0.031252433,0.8195713758468628,0.1291439,2.166156530380249,1.7888683
7673,2.2803633,0.19654757,-0.10199005,0.7981940507888794,0.13721745,2.246063232421875,1.384688
7674,2.30777,0.20039506,-0.14885642,0.6644412875175476,0.17158303,2.2618186473846436,1.2497777
7675,2.3279254,0.11470078,-0.16442186,0.7150126099586487,0.13502036,2.1082186698913574,1.4976549
7676,2.288886,0.18673041,-0.066920094,0.8234368562698364,0.12476965,2.373500108718872,1.1546974
7677,2.2906742,0.16740254,-0.1395859,0.6706897020339966,0.19961932,2.4171440601348877,1.4697692
7678,2.2061017,0.23015581,-0.07062457,0.7797800302505493,0.14500383,2.5348596572875977,1.0115911
7679,2.2491431,0.22453873,-0.08947383,0.8323205709457397,0.13506036,2.3907644748687744,1.535742
7680,2.294017,0.15792978,-0.1188175,0.5573171377182007,0.18491805,2.2460179328918457,1.3337041
7681,2.2818842,0.2194985,-0.19351293,0.8093324899673462,0.118615784,2.5050466060638428,1.053195
7682,2.3114054,0.13947807,-0.30357397,0.6504721641540527,0.15801336,2.175658941268921,0.96770114
7683,2.2104652,0.19267762,-0.16514003,0.5740222930908203,0.18312114,2.454899311065674,0.9864319
7684,2.2105143,0.11503902,-0.0068065063,0.6257541179656982,0.17491981,2.4316353797912598,1.0339321
7685,2.2692966,0.14226685,-0.078208596,0.6836949586868286,0.15795808,2.1252100467681885,1.3401482
7686,2.1200078,0.19145274,-0.054910224,0.5423401594161987,0.20277683,2.4545090198516846,0.95257354
7687,2.2365663,0.259991,-0.12416948,0.8299001455307007,0.112728395,2.3716700077056885,1.1969863
7688,2.2857718,0.16697055,-0.18632537,0.8488610982894897,0.07246258,2.2872533798217773,1.1626011
7689,2.2976449,0.16402519,-0.07712528,0.7836130261421204,0.17215325,2.238197088241577,1.6365187
7690,2.3190608,0.09714573,-0.09966341,0.7960029244422913,0.17364028,2.1349589824676514,1.654455
7691,2.405433,0.09818875,-0.11133793,0.8342382311820984,0.14696424,2.2645609378814697,1.5236318
7692,2.3725114,0.16935489,-0.14351039,0.7730908989906311,0.14000615,2.057041645050049,1.5385472
7693,2.2807765,0.14108725,-0.075631216,0.8245794177055359,0.13888702,2.2739439010620117,1.2433289
7694,2.3538747,0.24334255,-0.1571743,0.6613699197769165,0.1808678,2.2221059799194336,1.8248842
7695,2.1999087,0.117455184,-0.0771288,0.7309858798980713,0.16730693,2.4778494834899902,1.1480831
7696,2.2356172,0.042524498,-0.053371817,0.7385940551757812,0.14838788,2.140326499938965,1.1607025
7697,2.3452911,0.122013435,-0.064078815,0.7951087951660156,0.1497482,2.128129005432129,1.2461131
7698,2.3444254,0.14046994,-0.094636895,0.7040122747421265,0.16702779,2.1780154705047607,1.3030934
7699,2.3683615,0.1827903,-0.17156643,0.6654102206230164,0.14236382,2.0045127868652344,2.0429697
7700,2.2138479,0.19524536,-0.06345991,0.85,0.1294621,2.4429047107696533,1.4171369
7701,2.208901,0.15044644,-0.051964622,0.8121636509895325,0.13762285,2.4555227756500244,1.1132251
7702,2.2475395,0.18268016,-0.19174162,0.6967266798019409,0.1873538,2.1146833896636963,1.306031
7703,2.303993,0.24277858,-0.060224798,0.8145360350608826,0.15746054,2.4409801959991455,1.406022
7704,2.103694,0.12347103,-0.029345118,0.2431599348783493,0.27481493,2.380789279937744,1.0032774
7705,2.3305013,0.23342347,-0.1930088,0.7162286043167114,0.16706862,2.157615900039673,1.4903003
7706,2.2824087,0.18824284,-0.08278464,0.7940002083778381,0.18058927,2.227980852127075,1.7761902
7707,2.233387,0.16071305,-0.15383066,0.6860936880111694,0.16572016,2.2226338386535645,1.2069103
7708,2.3255253,0.22015443,-0.1255296,0.7795459628105164,0.1628952,2.354400396347046,1.2997482
7709,2.3423793,0.12432665,-0.10673895,0.840582549571991,0.09992634,2.2532310485839844,1.4775453
7710,2.2414095,0.19416274,-0.051715177,0.6564689874649048,0.16920675,2.2876288890838623,1.0819992
7711,2.3197803,0.15791513,-0.072582476,0.8340293169021606,0.13086821,2.3349218368530273,1.8412856
7712,2.2871742,0.16727829,-0.121445805,0.6949620246887207,0.16344559,2.1395039558410645,1.2040502
7713,2.3288076,0.15023026,-0.10094539,0.5615249276161194,0.22103484,2.100839376449585,1.7588031
7714,2.2703807,0.18189126,-0.127645,0.6551737189292908,0.16369955,2.3842577934265137,1.1013194
7715,2.2112799,0.20256336,-0.18429661,0.786903977394104,0.17083497,2.462235927581787,1.0121689
7716,2.337439,0.1867255,-0.28783944,0.8239136934280396,0.1276918,2.4688849449157715,1.1550307
7717,2.2727559,0.19362082,0.029395778,0.8264097571372986,0.098102815,2.0969431400299072,1.5399908
7718,2.3148913,0.095139496,-0.23839645,0.457177996635437,0.1931823,2.3191640377044678,1.0551546
7719,2.2736876,0.14624675,-0.052041423,0.7142230272293091,0.19375029,2.3958234786987305,1.2346157
7720,2.157668,0.09186048,-0.06547359,0.3380602300167084,0.20649396,2.2557880878448486,1.1818708
7721,2.3360271,0.18111897,-0.14924268,0.7835056781768799,0.14506692,2.026792526245117,1.786443
7722,2.3213305,0.06653878,-0.13134003,0.7732902765274048,0.13156758,2.3575563430786133,1.1153338
7723,2.3038788,0.2089283,-0.12405909,0.7239835262298584,0.17854922,2.1336207389831543,1.623391
7724,2.286501,0.08540065,-0.040599152,0.848005473613739,0.104400426,2.2454631328582764,1.2909954
7725,2.1933193,0.18775341,0.012367978,0.6806186437606812,0.18618535,2.457209348678589,1.1955619
7726,2.2729797,0.11484936,-0.027083002,0.5701689720153809,0.15704483,2.0698297023773193,1.3809768
7727,2.4273643,0.10045451,-0.15004294,0.7730559706687927,0.20406286,2.226733684539795,1.4248523
7728,2.311398,0.17779234,-0.052702762,0.6320582032203674,0.14042947,2.2738683223724365,1.1931245
7729,2.2422931,0.24400882,-0.13044871,0.8172350525856018,0.14823085,2.394573926925659,1.3387942
7730,2.3260276,0.14965463,-0.09003981,0.6548070907592773,0.20624986,2.0604066848754883,1.7160729
7731,2.3559916,0.102711275,-0.13462873,0.7180927395820618,0.16586204,2.2174181938171387,1.273072
7732,2.413588,0.21035384,-0.15727909,0.7040783166885376,0.2174011,2.055607557296753,1.5536919
7733,2.1630921,0.24695139,-0.04854206,0.7738728523254395,0.14005649,2.608070135116577,0.9910477
7734,2.292439,0.17089958,-0.07644632,0.7693710923194885,0.17602427,2.3076372146606445,1.3697981
7735,2.3506885,0.15874234,-0.12594253,0.8466526865959167,0.0972379,2.1494038105010986,1.4061496
7736,2.381026,0.09839315,-0.16589458,0.745696485042572,0.15116626,2.025505542755127,1.3559129
7737,2.2763267,0.17963353,-0.13048913,0.8372834920883179,0.08719916,2.27838134765625,1.3152399
7738,2.1755126,0.15702143,-0.066822626,0.5472585558891296,0.17544244,2.5337789058685303,1.059956
7739,2.2953413,0.14846116,-0.10730428,0.6315357089042664,0.17751478,2.301251173019409,1.3738053
7740,2.3912303,0.2130445,-0.17964576,0.7039374709129333,0.13439324,2.1119582653045654,1.8667465
7741,2.290434,0.19844137,-0.1393318,0.5930185317993164,0.17369668,2.3293116092681885,1.2714045
7742,2.3305447,0.1765619,-0.10407861,0.7408327460289001,0.1673998,2.2994132041931152,1.1045626
7743,2.2304792,0.17049815,-0.15734804,0.6582174301147461,0.14214286,2.296786069869995,0.9826705
7744,2.2620354,0.22990632,-0.07725013,0.7023366093635559,0.18675373,2.325073480606079,1.3861593
7745,2.197882,0.14342055,-0.09296159,0.817817747592926,0.15027067,2.446284770965576,1.2886647
7746,2.2671,0.20013587,-0.11306053,0.6165648698806763,0.20867625,2.199028968811035,1.4492161
7747,2.294602,0.18633205,-0.17547253,0.8281899690628052,0.09796082,2.5266964435577393,1.0074861
7748,2.2850206,0.136958,-0.12762804,0.726405680179596,0.17774433,2.4096102714538574,1.2029914
7749,2.25673,0.16048293,-0.10994601,0.7619704604148865,0.1371031,2.508755683898926,1.0982548
7750,2.27605,0.16449638,-0.11407135,0.7733821272850037,0.15181619,2.639650583267212,1.1151415
7751,2.2662039,0.11457711,-0.18545236,0.5203600525856018,0.1538379,2.3070285320281982,1.0359232
7752,2.2063599,0.08841395,-0.14282829,0.7132677435874939,0.12696412,2.3165478706359863,0.9513734
7753,2.2655082,0.2109311,-0.09111658,0.2953856587409973,0.14983566,2.0730221271514893,1.3087807
7754,2.3651898,0.08947002,-0.20099053,0.8464863896369934,0.13090181,2.3303520679473877,1.3070399
7755,2.2038236,0.19578542,-0.10570503,0.5246379375457764,0.20383367,2.2598347663879395,1.0255113
7756,2.2681146,0.13274005,-0.08407376,0.85,0.09669808,2.55497407913208,0.8347532
7757,2.275021,0.17796767,-0.051683657,0.8433043956756592,0.09964416,2.1445133686065674,1.5363086
7758,2.3035588,0.13111304,-0.114252724,0.8342692852020264,0.11240191,2.257880449295044,1.2526308
7759,2.2967677,0.2171971,-0.13978194,0.5410969853401184,0.17310369,2.057704448699951,1.5675614
7760,2.3092072,0.13257705,-0.21084622,0.7330548763275146,0.18014212,2.2535934448242188,1.328516
7761,2.3582647,0.09468563,-0.17051995,0.7856138348579407,0.15166505,2.108963966369629,1.5045874
7762,2.3844035,0.13816743,-0.16628616,0.8281618356704712,0.12467337,2.0972609519958496,1.7744013
7763,2.3152575,0.17539626,-0.1286243,0.7222898602485657,0.13880341,2.0987725257873535,1.3837311
7764,2.25116,0.16793709,-0.030928178,0.6418780088424683,0.20637424,2.219165086746216,1.4487655
7765,2.3274033,0.17895417,-0.09776769,0.8433237671852112,0.10308626,2.1306698322296143,1.5596074
7766,2.2920094,0.10425016,-0.13197011,0.8441483378410339,0.1372912,2.428643226623535,1.1608473
7767,2.3020725,0.20005289,-0.18605553,0.7857223153114319,0.17070755,2.369828462600708,1.0022159
7768,2.2234292,0.12960722,-0.103163145,0.8348167538642883,0.071838625,2.4575603008270264,1.0473069
7769,2.297996,0.22098063,-0.10674608,0.8180645704269409,0.119246684,2.2042629718780518,1.2727423
7770,2.2317715,0.13743906,-0.06609733,0.5811054110527039,0.16401504,2.233330011367798,1.2070923
7771,2.3926365,0.16219103,-0.13891508,0.6425232291221619,0.20143327,2.0286567211151123,2.052747
7772,2.2770796,0.100437544,-0.022019202,0.7407670021057129,0.19737303,2.262784481048584,1.6249212
7773,2.2465599,0.14809352,-0.119482726,0.85,0.10261834,2.467254638671875,1.067609
7774,2.4346173,0.14022969,-0.0926989,0.8335738182067871,0.14407347,2.3118317127227783,1.462383
7775,2.2401607,0.15672237,-0.056881648,0.787440299987793,0.14758143,2.3874800205230713,1.0869017
7776,2.2946541,0.16361703,-0.12058463,0.7222339510917664,0.18147111,2.2363977432250977,1.4197398
7777,2.2243538,0.22652341,-0.17879112,0.6887903213500977,0.16823785,2.2783939838409424,1.3612804
7778,2.3929548,0.11099024,-0.26529977,0.6300923824310303,0.21678284,2.329864978790283,1.4046934
7779,2.2274377,0.07049731,-0.17028806,0.5908045172691345,0.14568347,2.373933792114258,0.9256483
7780,2.3223608,0.13561365,-0.13571018,0.7992836236953735,0.11105809,2.1261467933654785,1.2616366
7781,2.270414,0.13184275,-0.048477374,0.7835730910301208,0.118622474,2.3686811923980713,1.153469
7782,2.3402734,0.14773259,-0.1189406,0.7381550073623657,0.15345402,2.1897921562194824,1.2623788
7783,2.3067694,0.14773367,-0.15688099,0.7721421718597412,0.13733092,2.4504899978637695,1.1256154
7784,2.2499535,0.23282014,0.028886557,0.8019505143165588,0.17952584,2.15105938911438,1.527297
7785,2.2576509,0.13622648,-0.06667729,0.7230346202850342,0.14434333,2.3488824367523193,1.2196655
7786,2.299859,0.12497219,-0.10821043,0.6648902297019958,0.17576696,2.274878978729248,1.2096235
7787,2.293949,0.14909753,-0.14950989,0.8341250419616699,0.10085601,2.2908716201782227,1.1475017
7788,2.395814,0.17627431,-0.1373757,0.6862679123878479,0.21784528,2.093290090560913,1.6386182
7789,2.4145415,0.18364002,-0.14452758,0.7798885107040405,0.16615126,2.29133939743042,1.4633987
7790,2.321704,0.14081578,-0.1364255,0.8062817454338074,0.1554153,2.364881753921509,1.4949495
7791,2.2465613,0.17063625,-0.17073292,0.7632765769958496,0.15220271,2.6370325088500977,1.0822078
7792,2.266762,0.16554876,-0.102412105,0.7319197058677673,0.15311563,2.5746240615844727,1.0724514
7793,2.235412,0.16632459,-0.013592851,0.72747802734375,0.14977644,2.2965943813323975,1.3916576
7794,2.2360773,0.12641925,-0.07823197,0.674531102180481,0.14401308,2.2668681144714355,1.357425
7795,2.3106878,0.19221842,-0.13541469,0.7489017248153687,0.20638375,2.279125213623047,1.3035918
7796,2.1777225,0.19176026,-0.06090137,0.6661050915718079,0.16554128,2.496730327606201,1.001965
7797,2.3551238,0.17396799,-0.11657635,0.6689407229423523,0.2235101,2.3052256107330322,1.458787
7798,2.2842395,0.14195919,-0.10303627,0.6836483478546143,0.17614236,2.385566234588623,1.0515559
7799,2.391681,0.03754654,-0.09022629,0.8349644541740417,0.08791791,2.093900442123413,1.3743887
7800,2.27283,0.14353517,-0.10438828,0.7890731692314148,0.13750872,2.1925294399261475,1.1851898
7801,2.3537955,0.053033546,-0.05161457,0.6559695601463318,0.23359467,2.1294326782226562,1.4092082
7802,2.3133643,0.23050374,-0.20602095,0.7299939393997192,0.12988608,2.109476089477539,1.4110746
7803,2.251686,0.1379246,-0.057524845,0.6497606635093689,0.19507147,2.2067465782165527,1.544063
7804,2.1738846,0.21245429,-0.072233245,0.623844563961029,0.18803234,2.3739988803863525,1.2901913
7805,2.29707,0.13667712,-0.06551598,0.7008877396583557,0.2100308,2.317981004714966,1.4490873
7806,2.3783357,0.1709078,-0.14693004,0.7402751445770264,0.19842973,2.225249767303467,1.6892804
7807,2.3660917,0.13306975,-0.16803478,0.7984038591384888,0.12501699,2.3425681591033936,1.2332411
7808,2.2755616,0.08512974,-0.1432472,0.7656713724136353,0.15534328,2.329789876937866,1.1601884
7809,2.2318761,0.20760398,-0.058386296,0.7896282076835632,0.09628982,2.49440860748291,0.9151383
7810,2.3870552,0.19218828,-0.15474053,0.7783889770507812,0.15655895,2.0571367740631104,2.0404842
7811,2.3568323,0.17955576,-0.18953498,0.6897823810577393,0.20559438,2.298609733581543,1.5132451
7812,2.2510557,0.27056858,-0.13961685,0.6924510598182678,0.18543397,2.133617877960205,1.241567
7813,2.3187542,0.15471806,-0.051264398,0.6986307501792908,0.17298006,2.0752429962158203,1.582466
7814,2.243916,0.19960387,-0.10502104,0.6515651345252991,0.17565946,2.3586857318878174,1.2460008
7815,2.3187547,0.14055465,-0.12655754,0.7632617354393005,0.16523784,2.1094729900360107,1.4610887
7816,2.310418,0.14536609,-0.1002147,0.7441942095756531,0.16598198,2.178642749786377,1.2301918
7817,2.3492959,0.15540981,-0.22288907,0.6039248108863831,0.20781235,2.125600814819336,1.5825905
7818,2.2679214,0.19360103,-0.14889902,0.7183468341827393,0.18363325,2.390110492706299,1.2503092
7819,2.2274318,0.19235405,-0.12190247,0.7536904215812683,0.12629849,2.5370383262634277,0.9176776
7820,2.2785766,0.15842885,-0.1400299,0.8075538277626038,0.14964569,2.4537949562072754,1.0961164
7821,2.247938,0.16548936,-0.14804499,0.6497451663017273,0.1729598,2.4044153690338135,1.1266568
7822,2.2373788,0.22236507,0.016834963,0.42355677485466003,0.23601897,2.0569751262664795,1.3837671
7823,2.2077537,0.14687575,-0.14776796,0.5889317989349365,0.12030958,2.5187413692474365,0.77641726
7824,2.2306776,0.17828484,-0.09546901,0.5796919465065002,0.2452888,2.2753396034240723,1.4674
7825,2.3350453,0.1788435,-0.12770706,0.8378090262413025,0.10685636,2.2476119995117188,1.1177465
7826,2.4380047,0.13607751,-0.21710835,0.8325522541999817,0.14768757,2.660010576248169,1.5943464
7827,2.3452208,0.19622381,-0.105921954,0.7415268421173096,0.18115568,2.3418567180633545,1.7151948
7828,2.3265443,0.17324193,-0.2857227,0.4262615144252777,0.23578635,2.0584423542022705,1.3854852
7829,2.274935,0.14341801,-0.12754327,0.6707800030708313,0.19740984,2.260145425796509,1.5212739
7830,2.2650049,0.12486116,-0.05726397,0.675915539264679,0.1788188,2.237424612045288,1.3170633
7831,2.3053184,0.13842952,-0.15514441,0.693601667881012,0.14850105,2.1013600826263428,1.3643312
7832,2.2963567,0.17612663,-0.060935874,0.7476507425308228,0.15658376,2.4658398628234863,1.1093729
7833,2.2006283,0.09942958,-0.022945374,0.5074188709259033,0.14628023,2.442528247833252,0.96271425
7834,2.310764,0.21926883,-0.2112881,0.770236074924469,0.15212359,2.3953263759613037,1.1557755
7835,2.143773,0.2327681,-0.092962086,0.40367332100868225,0.2000256,2.439812183380127,1.0496329
7836,2.3553023,0.20293239,-0.114471905,0.7772124409675598,0.13218586,2.0898280143737793,1.6396946
7837,2.1873798,0.14661515,-0.04743625,0.587462842464447,0.1394059,2.620878219604492,0.8087453
7838,2.2070355,0.20842648,-0.034881826,0.8339939117431641,0.1734252,2.4168155193328857,1.1838955
7839,2.1797986,0.13894181,-0.114604466,0.39851078391075134,0.17148533,2.4188687801361084,0.8206705
7840,2.3102906,0.044729885,-0.14034101,0.7921328544616699,0.11145395,2.3822691440582275,0.98575073
7841,2.2397766,0.21011251,-0.024507407,0.7712346315383911,0.14409813,2.312187671661377,1.3585687
7842,2.1941824,0.2201106,-0.09916389,0.6645939350128174,0.16707346,2.260610342025757,1.1666335
7843,2.299247,0.18981142,-0.08567505,0.7732912302017212,0.15658881,2.181229829788208,1.5258615
7844,2.3502035,0.10486037,-0.16622642,0.7905558347702026,0.15244593,2.3667354583740234,1.4108545
7845,2.2864122,0.122115344,-0.1743944,0.7760467529296875,0.12462996,2.299617290496826,1.0349208
7846,2.1972518,0.16431819,-0.12864329,0.7500549554824829,0.16606998,2.494077682495117,1.0968524
7847,2.2733276,0.15361297,-0.0056404457,0.6997566223144531,0.16582246,2.0879170894622803,1.9828943
7848,2.2736936,0.19325802,-0.15568957,0.6607356071472168,0.1661904,2.3160319328308105,1.377107
7849,2.3351762,0.07565288,-0.115173176,0.7955846786499023,0.14225559,2.5474438667297363,1.1364052
7850,2.1911685,0.2270812,-0.108808644,0.6641669273376465,0.16663593,2.3993496894836426,1.1801999
7851,2.2764556,0.20346756,-0.053823218,0.7562056183815002,0.152542,2.3022267818450928,1.324691
7852,2.3038673,0.10495678,-0.14426182,0.7348196506500244,0.15896657,2.297673463821411,1.2111194
7853,2.370176,0.11377914,-0.117131084,0.7560759782791138,0.14265686,2.333343744277954,1.3633292
7854,2.2260036,0.13599761,-0.050223216,0.6348336935043335,0.17285334,2.250216245651245,1.2191067
7855,2.2260916,0.16525567,-0.06750406,0.6864957809448242,0.14913286,2.515049934387207,0.9369821
7856,2.2766683,0.14535707,-0.016583174,0.76384037733078,0.14113103,2.2164759635925293,1.1984811
7857,2.3090425,0.15359004,-0.09927598,0.8184245228767395,0.1430606,2.4153614044189453,1.2296441
7858,2.3356736,0.18850026,-0.12233881,0.7642880082130432,0.17396915,2.2562737464904785,1.5349348
7859,2.3117316,0.06808083,-0.0525303,0.8078053593635559,0.13367343,2.3582279682159424,1.6584505
7860,2.2283256,0.15464951,-0.10777664,0.7941702604293823,0.18573116,2.499735116958618,1.2575979
7861,2.3312657,0.028460715,-0.13947754,0.7050860524177551,0.19127306,2.385773181915283,1.219898
7862,2.3370934,0.16836143,-0.12586765,0.7229074239730835,0.163975,2.124865770339966,1.3744512
7863,2.3125608,0.18396828,-0.0580101,0.6565574407577515,0.17626616,2.138995409011841,1.7130778
7864,2.1933568,0.20430677,-0.056932323,0.7964643836021423,0.10676906,2.355942726135254,0.954802
7865,2.308907,0.17858365,-0.15417254,0.6725643277168274,0.16946629,2.3782198429107666,1.1578319
7866,2.2707164,0.14355373,-0.11129365,0.7703027725219727,0.16215391,2.328235149383545,1.1901203
7867,2.3629308,0.19572303,-0.14446348,0.8069762587547302,0.16185492,2.2733259201049805,1.6331165
7868,2.3538773,0.18475623,-0.057001594,0.7397211790084839,0.18879466,1.999869465827942,2.4052227
7869,2.2814267,0.11768238,-0.027709423,0.8365375399589539,0.19004403,2.3018345832824707,1.2731289
7870,2.3015685,0.20996808,-0.11022453,0.748575747013092,0.15385973,2.2093939781188965,1.2419462
7871,2.4288964,0.16196282,-0.16262522,0.7731726765632629,0.1615543,1.9979960918426514,1.4728125
7872,2.4104288,0.14955369,-0.10917794,0.7995335459709167,0.1632629,2.2693710327148438,1.5100931
7873,2.432326,0.22760291,-0.20173389,0.7568210363388062,0.20523193,2.288599967956543,2.151034
7874,2.327451,0.191508,-0.19567378,0.7369540333747864,0.172522,2.1762492656707764,1.4896734
7875,2.344717,0.10150082,-0.16443996,0.7620014548301697,0.16537498,2.380267381668091,1.241677
7876,2.3147721,0.07424334,-0.120689884,0.7379457354545593,0.13806164,2.2735989093780518,1.1822308
7877,2.2847617,0.18544187,-0.13005115,0.5704202651977539,0.21527119,2.3209805488586426,1.2860547
7878,2.2962856,0.2048569,-0.09860982,0.6142046451568604,0.20982714,2.068881034851074,1.7265944
7879,2.3976424,0.046640705,-0.19223195,0.7721569538116455,0.121242546,1.4102840423583984,1.995511
7880,2.2368834,0.17223234,-0.11340082,0.5800698399543762,0.178568,2.4381301403045654,1.1517313
7881,2.2557595,0.24835643,-0.16653226,0.6385141015052795,0.20026828,2.3558547496795654,1.3185023
7882,2.2644744,0.18728058,-0.15627567,0.7282335758209229,0.20065144,2.415098190307617,1.3870816
7883,2.3270817,0.1599584,-0.13010296,0.7561919093132019,0.17627884,2.2431468963623047,1.4370812
7884,2.2157304,0.14770633,-0.035185073,0.7126139998435974,0.17839122,2.352033853530884,1.1612197
7885,2.1523008,0.19809294,-0.03931149,0.568261981010437,0.16172782,2.290120840072632,1.1053988
7886,2.2930295,0.17991793,-0.10420143,0.7146813273429871,0.18852243,2.288456678390503,1.3436387
7887,2.3961108,0.17691927,-0.2977058,0.6543338298797607,0.19409153,2.163578510284424,1.6366098
7888,2.2380474,0.19004357,-0.127449,0.5552842020988464,0.1707686,2.3518640995025635,1.078468
7889,2.2955382,0.20230001,-0.19326198,0.6262396574020386,0.21511877,2.151963710784912,1.397475
7890,2.3505118,0.23657511,-0.1758643,0.7819303870201111,0.14232232,2.3461897373199463,1.4129546
7891,2.3162065,0.14447269,-0.18702427,0.8414025902748108,0.08861339,2.5350418090820312,1.413339
7892,2.246804,0.15321767,-0.034144394,0.85,0.09040749,2.4340689182281494,1.1490095
7893,2.297821,0.14821365,-0.046480954,0.6423729062080383,0.18301457,2.2689032554626465,1.4854099
7894,2.2417278,0.1227765,-0.015671745,0.4473845064640045,0.18854171,2.26865291595459,1.3119792
7895,2.2343435,0.10005502,0.0038354893,0.4868958294391632,0.21856132,2.397324323654175,1.139069
7896,2.2726452,0.17373872,-0.12617917,0.6393918395042419,0.10894867,2.3204267024993896,1.0673318
7897,2.3579752,0.16030498,-0.19378091,0.7416502237319946,0.14832965,2.089909315109253,1.2633787
7898,2.319683,0.15494314,-0.20182712,0.7979182600975037,0.16724223,2.345221757888794,1.2554827
7899,2.310277,0.1054851,-0.07382724,0.7699857354164124,0.18930158,2.249911308288574,1.7883159
7900,2.236486,0.18009582,-0.11388195,0.7429638504981995,0.15627441,2.557892084121704,0.9618597
7901,2.2983315,0.1341004,-0.112299524,0.6668940782546997,0.16020763,2.0949411392211914,1.2176063
7902,2.341603,0.13877536,-0.12391435,0.85,0.10750334,2.1060116291046143,1.5926077
7903,2.326323,0.14840128,-0.0560222,0.7587535381317139,0.19415873,2.1139328479766846,2.0207071
7904,2.2911987,0.12397964,-0.030518828,0.8055206537246704,0.121076606,2.341627359390259,1.2249087
7905,2.2205503,0.15144844,-0.068316706,0.8451188802719116,0.07751656,2.6969683170318604,0.7135836
7906,2.3650255,0.09336207,-0.16285858,0.6969578266143799,0.20584634,2.2758731842041016,1.3943517
7907,2.2864337,0.19498141,-0.19119793,0.7631756663322449,0.13111563,2.3594372272491455,1.1349705
7908,2.3192804,0.14985281,-0.14994411,0.7640571594238281,0.16552654,2.194150447845459,1.3759421
7909,2.289352,0.1738059,-0.14004615,0.7286599278450012,0.1648524,2.1447908878326416,1.4617263
7910,2.2941945,0.12446516,-0.09422343,0.8131603002548218,0.14827411,2.2926735877990723,1.2452544
7911,2.3712206,0.18293957,-0.22991097,0.6625315546989441,0.16515158,2.2797505855560303,1.27308
7912,2.2615333,0.20031004,-0.14772676,0.7432446479797363,0.16943225,2.3616693019866943,1.2085364
7913,2.3110623,0.24105503,-0.14002778,0.6552308201789856,0.16722617,2.0537240505218506,1.6360712
7914,2.368813,0.20029813,-0.10765085,0.7766117453575134,0.20320444,2.073316812515259,1.7635341
7915,2.304188,0.22760805,-0.12299749,0.810065746307373,0.1354357,2.1247332096099854,1.422029
7916,2.2305524,0.15243106,-0.024490342,0.8494327664375305,0.15921995,2.5676114559173584,1.1876701
7917,2.3418846,0.1128861,-0.12790835,0.7666208744049072,0.19234101,2.1886518001556396,1.6331564
7918,2.3206637,0.22591439,-0.14956562,0.5972124934196472,0.19094485,2.2337303161621094,1.3671931
7919,2.3557189,0.13058549,-0.06455836,0.7331142425537109,0.17672141,2.2379071712493896,1.5008925
7920,2.3100328,0.24015765,-0.10834743,0.568644106388092,0.19782506,2.2764856815338135,1.4652102
7921,2.2728343,0.14935449,-0.20477748,0.7413873672485352,0.14699593,2.467108964920044,1.0611271
7922,2.2968886,0.18133833,-0.09076657,0.6949087381362915,0.19742832,2.1566450595855713,1.5060288
7923,2.2381387,0.24415156,-0.11978252,0.6620872020721436,0.18567264,2.4575631618499756,1.2172267
7924,2.2878542,0.112475395,-0.05364542,0.8140690922737122,0.12137121,2.2507803440093994,1.268381
7925,2.3971722,0.04937951,-0.14833307,0.622664749622345,0.18669073,2.0807077884674072,1.5661614
7926,2.2913628,0.13947622,-0.1032878,0.7563766241073608,0.15872727,2.221147298812866,1.3616812
7927,2.3205402,0.17562258,-0.17513162,0.8054027557373047,0.14566228,2.3004119396209717,1.3018109
7928,2.2814994,0.07203948,0.01288796,0.7448919415473938,0.14746942,2.146972417831421,1.2376434
7929,2.3131318,0.18442719,-0.15324941,0.8296463489532471,0.121437944,2.5023410320281982,1.5036049
7930,2.339545,0.17226742,-0.25864908,0.7949845194816589,0.15452784,2.4558119773864746,1.1569256
7931,2.2380846,0.16923963,-0.14508957,0.36102038621902466,0.22462647,2.359215021133423,1.2083147
7932,2.2813492,0.01872611,-0.08190243,0.7092866897583008,0.12881877,2.2911014556884766,1.0989376
7933,2.3583179,0.14430659,-0.17635858,0.8432740569114685,0.09666801,2.2516679763793945,1.0021968
7934,2.3188303,0.18255043,-0.117001295,0.8264254331588745,0.16268383,2.371363639831543,1.4948719
7935,2.208082,0.1856625,-0.050230484,0.7744657397270203,0.12541223,2.5370235443115234,1.0203193
7936,2.2121246,0.17330603,0.014610336,0.7415445446968079,0.18233648,2.231013536453247,1.4091768
7937,2.1795576,0.20811357,-0.1807893,0.7986658215522766,0.0960275,2.29542875289917,0.92345244
7938,2.3280516,0.10759281,-0.14444609,0.7718058228492737,0.13428189,2.345045328140259,1.1502899
7939,2.3085914,0.14759646,-0.13129795,0.7601642608642578,0.17854016,2.3596627712249756,1.286378
7940,2.3196223,0.19282074,-0.01828305,0.7309238314628601,0.1666787,2.099649667739868,1.4997394
7941,2.3694065,0.19804314,-0.20784101,0.7855912446975708,0.14811559,2.250793933868408,1.3512976
7942,2.2787519,0.15851079,-0.10022076,0.7911671996116638,0.13156952,2.393221616744995,1.1720229
7943,2.309014,0.14940503,-0.12867902,0.8350833654403687,0.086402915,2.269857406616211,1.160214
7944,2.3101423,0.23815645,-0.019449035,0.8300735354423523,0.16909243,2.344921827316284,1.6724129
7945,2.237765,0.19215044,-0.07694125,0.7460105419158936,0.18470146,2.3656435012817383,1.62676
7946,2.3280954,0.10158636,-0.12443824,0.7252598404884338,0.16683492,2.288724660873413,1.2781543
7947,2.2752867,0.22281997,-0.15134136,0.7175905108451843,0.18027225,2.1863298416137695,1.3576149
7948,2.2132287,0.19035703,-0.02231028,0.808587372303009,0.12968363,2.303272247314453,1.306941
7949,2.2869375,0.10736735,0.0013295865,0.7751326560974121,0.16707604,2.132296562194824,1.8185405
7950,2.240203,0.100811414,-0.08809943,0.4647233784198761,0.17996812,2.4698081016540527,1.0353199
7951,2.3153205,0.14249907,-0.1393237,0.7668583393096924,0.15794796,2.4128386974334717,1.1959605
7952,2.2966251,0.18777153,-0.11200319,0.789560854434967,0.13116163,2.314929485321045,1.117988
7953,2.2074273,0.122662246,-0.11703439,0.7014950513839722,0.13738397,2.238708257675171,1.0636386
7954,2.3066878,0.1155308,-0.033985883,0.7579606771469116,0.16331577,2.0940258502960205,1.6039224
7955,2.199068,0.18700501,0.012023758,0.617237389087677,0.22134456,2.3068268299102783,1.2586901
7956,2.210512,0.13055688,-0.10111141,0.7985528707504272,0.10396778,2.4273757934570312,0.9960683
7957,2.4070969,0.11146819,-0.15185428,0.7659739851951599,0.14278588,2.129577159881592,1.5749692
7958,2.3065636,0.11443945,-0.040239442,0.6347265243530273,0.18904184,2.101245880126953,1.3327267
7959,2.2624898,0.22890961,0.009758606,0.654946506023407,0.23605858,2.2012887001037598,1.5379069
7960,2.2769144,0.17955498,-0.13737987,0.7364896535873413,0.13647236,2.36088228225708,1.1257876
7961,2.3365998,0.12639996,-0.17627822,0.5749961733818054,0.21049647,2.315380573272705,1.3519411
7962,2.3666139,0.09527268,-0.17003433,0.5963951945304871,0.1486573,2.0447068214416504,1.4630222
7963,2.3388333,0.12187356,-0.20553331,0.7189487814903259,0.16354647,2.2452938556671143,1.0884894
7964,2.3318899,0.14792024,-0.12566876,0.7770670652389526,0.15228109,2.3090357780456543,1.5547498
7965,2.2517536,0.2541151,-0.10311922,0.7383013367652893,0.15490364,2.5021300315856934,1.1620883
7966,2.297412,0.13537517,-0.1508669,0.6735063195228577,0.18279311,2.281641960144043,1.2766666
7967,2.3060222,0.14303151,-0.1567572,0.761871337890625,0.12512901,2.3213748931884766,1.1724998
7968,2.3687224,0.08674494,-0.09262517,0.654370903968811,0.14166208,2.0227749347686768,1.3574057
7969,2.2306008,0.19099021,-0.08308192,0.8128690719604492,0.098957,2.4421050548553467,1.1879576
7970,2.2788467,0.20373906,-0.10573064,0.6736593842506409,0.17494254,2.3879294395446777,1.0372347
7971,2.2977421,0.06266881,-0.049050454,0.7479665875434875,0.13686715,2.237621784210205,1.1252197
7972,2.2807443,0.10940338,-0.0781015,0.5808582305908203,0.21492818,2.1067233085632324,1.4618682
7973,2.2501554,0.14771777,-0.11829505,0.7700508832931519,0.14282763,2.4108855724334717,1.1244619
7974,2.2378156,0.21064226,-0.031492475,0.5002956986427307,0.1916554,2.072842836380005,1.5178505
7975,2.256327,0.15954398,-0.07418518,0.5685248970985413,0.18661407,2.1608829498291016,1.3505015
7976,2.2478735,0.18490535,-0.065361455,0.601362407207489,0.21715352,2.153668165206909,1.3828032
7977,2.2699254,0.20836027,-0.130059,0.8115370273590088,0.14505816,2.4315128326416016,1.0833946
7978,2.3918536,0.13562639,-0.17849343,0.716927707195282,0.16742975,2.0850510597229004,1.3745564
7979,2.198353,0.20305365,-0.03577367,0.6589043140411377,0.18030424,2.3238489627838135,1.2613263
7980,2.2700305,0.13029279,-0.14412679,0.7861416339874268,0.13374414,2.1245739459991455,1.1226467
7981,2.2891884,0.16933972,-0.03194377,0.7573965787887573,0.17598115,2.2762744426727295,1.3600029
7982,2.298949,0.15434459,-0.130864,0.7067674398422241,0.15612763,2.3204948902130127,1.0862433
7983,2.3793614,0.17578836,-0.16907747,0.8464586138725281,0.111676134,2.151535987854004,1.5073361
7984,2.3105056,0.15513895,-0.15954736,0.6134894490242004,0.16122834,2.414719820022583,1.2295871
7985,2.3454185,0.12995592,-0.09077172,0.7253016233444214,0.17947243,2.1074881553649902,1.4527786
7986,2.2879977,0.19040184,-0.21320146,0.7574312686920166,0.17776601,2.3445053100585938,1.2841733
7987,2.3654172,0.20444693,-0.104710996,0.5564517974853516,0.2177398,2.115542411804199,1.7475041
7988,2.3649125,0.20381662,-0.2054873,0.5608493685722351,0.20517588,2.0442397594451904,1.4430858
7989,2.384154,0.1375372,-0.08556728,0.7835460305213928,0.15762147,2.077847957611084,1.6598456
7990,2.300335,0.17702578,-0.14904109,0.8287293910980225,0.13795598,2.437265157699585,1.2477844
7991,2.3628733,0.10701789,-0.17504771,0.6724953651428223,0.18535784,2.143826961517334,1.4114981
7992,2.2571373,0.20682928,-0.12610404,0.8164262175559998,0.11667938,2.2418808937072754,1.4647095
7993,2.3131928,0.18427573,-0.09630186,0.7882987260818481,0.17454785,2.091352701187134,1.6727575
7994,2.2807994,0.06411323,-0.12520945,0.5512868165969849,0.17757967,2.1088480949401855,1.1972692
7995,2.230743,0.18507414,-0.19754687,0.6373729705810547,0.15470226,2.5408756732940674,0.9183664
7996,2.2969227,0.12309332,-0.1523179,0.7230303883552551,0.14208952,2.0003793239593506,1.152078
7997,2.232373,0.09770144,-0.056861255,0.7243622541427612,0.16957626,2.414680004119873,1.148472
7998,2.3095605,0.06287114,-0.112632714,0.8336191177368164,0.11437915,2.469942092895508,1.0384557
7999,2.3736637,0.084531076,-0.22514385,0.8473764061927795,0.11983159,2.359206199645996,1.3149654
8000,2.2773292,0.16536833,-0.10322311,0.7739502787590027,0.18759276,2.5019733905792236,1.3202493
8001,2.2790902,0.07879935,-0.056920443,0.7795315384864807,0.17063177,2.170346975326538,1.3902997
8002,2.1917844,0.15709008,-0.038095783,0.5738490223884583,0.18809761,2.302119731903076,1.1008419
8003,2.1707644,0.16738002,-0.033699024,0.756056010723114,0.15817906,2.4401028156280518,0.99306846
8004,2.275751,0.14106612,-0.06631437,0.5874785780906677,0.1682663,2.351431131362915,1.1507398
8005,2.2563655,0.15883526,-0.12902576,0.7046883702278137,0.18340875,2.0124685764312744,2.363125
8006,2.2886057,0.17638998,-0.08787727,0.85,0.06981306,2.3755671977996826,1.0824013
8007,2.2301612,0.23596336,-0.072346434,0.7170666456222534,0.15037073,2.1797854900360107,1.2002305
8008,2.2327402,0.10592653,-0.027142808,0.6791234612464905,0.19800329,2.564176082611084,1.0370653
8009,2.3012645,0.16369097,-0.11593855,0.8142178654670715,0.14019026,2.15085506439209,1.2512556
8010,2.2243202,0.12520103,-0.09378364,0.5821088552474976,0.20628218,2.4797310829162598,0.96307564
8011,2.3262916,0.1251953,-0.14501733,0.7787599563598633,0.10627125,2.286485195159912,1.2507529
8012,2.3903773,0.12667106,-0.124167934,0.6758707165718079,0.21317774,2.1641697883605957,1.498238
8013,2.2799523,0.19353165,-0.11097609,0.7084675431251526,0.13716376,2.085824728012085,1.6265483
8014,2.287126,0.20114858,-0.12283814,0.48769792914390564,0.17214246,2.2896037101745605,1.2032145
8015,2.1773229,0.056580655,-0.056340918,0.4739130139350891,0.18528275,2.4621646404266357,0.9274801
8016,2.2188315,0.13390546,-0.12882514,0.7111656069755554,0.13855077,2.4211018085479736,0.92353886
8017,2.3035686,0.07002867,-0.14001565,0.7558575868606567,0.13999371,2.4083476066589355,1.0041349
8018,2.3623474,0.19004683,-0.15558913,0.5932960510253906,0.20300187,2.2579457759857178,1.4190025
8019,2.2735636,0.19815043,-0.06945119,0.7724922299385071,0.13237497,2.308579206466675,1.2382505
8020,2.3905008,0.18781684,-0.24134792,0.7735083699226379,0.1698669,2.1907413005828857,1.7164326
8021,2.4021978,0.10743143,-0.15122771,0.5273171663284302,0.19759962,2.0077521800994873,1.586456
8022,2.4445493,0.17069796,-0.15340249,0.8125689625740051,0.17404334,2.1330349445343018,1.5522944
8023,2.263043,0.109358765,-0.108040154,0.6570307016372681,0.19255304,2.2858662605285645,1.505934
8024,2.2004476,0.22438572,-0.14062448,0.7577171921730042,0.13677473,2.4353749752044678,1.1396499
8025,2.286323,0.08664871,-0.015845062,0.8217635154724121,0.13460235,2.1745424270629883,1.1728092
8026,2.2811346,0.12992665,-0.19398497,0.7765504717826843,0.16970341,2.5491087436676025,0.8871645
8027,2.327511,0.19561304,-0.10477416,0.823229193687439,0.09161627,2.1498358249664307,1.7760551
8028,2.3237216,0.12380024,-0.18972926,0.8152524828910828,0.1440834,2.438857078552246,1.0909861
8029,2.2436745,0.14104338,-0.14296272,0.8048900365829468,0.13447267,2.407512903213501,1.2298232
8030,2.3461294,0.21170467,-0.12732461,0.8114475607872009,0.12707637,2.2308108806610107,1.4535952
8031,2.2888231,0.12917201,-0.13423474,0.7756747007369995,0.15045539,2.2891085147857666,1.2012914
8032,2.328638,0.114112124,-0.10008004,0.638885498046875,0.22243354,2.1538686752319336,1.5296545
8033,2.298791,0.24222684,-0.13760068,0.7400174140930176,0.16662614,2.2652347087860107,1.5176594
8034,2.256681,0.220953,-0.13340984,0.5562443733215332,0.1866605,2.1123363971710205,1.3717234
8035,2.3247335,0.19071703,-0.05460394,0.85,0.09737674,2.3782737255096436,1.2635245
8036,2.390784,0.06783707,-0.085671075,0.8199823498725891,0.1487081,2.0795986652374268,1.7506361
8037,2.230214,0.16280335,-0.023048697,0.8436341881752014,0.08494401,2.5290186405181885,1.0588601
8038,2.3770077,0.20771554,-0.12424851,0.833939790725708,0.14722404,2.2087221145629883,1.6613362
8039,2.2693644,0.22833323,-0.118319824,0.7813648581504822,0.17031236,2.4381706714630127,1.0999476
8040,2.151717,0.20203541,-0.06255852,0.5082920789718628,0.19873297,2.411355972290039,1.1815739
8041,2.3259566,0.18868148,-0.12210908,0.614434003829956,0.21259512,2.1268134117126465,1.4869847
8042,2.1891549,0.19012985,-0.043790054,0.7420470714569092,0.1416854,2.476677417755127,1.1885027
8043,2.35901,0.219489,-0.1579002,0.6634237170219421,0.21358864,2.256168842315674,1.5105002
8044,2.3047109,0.1235878,-0.12877662,0.6948451995849609,0.17807546,2.4209256172180176,1.2129213
8045,2.3400106,0.11561751,-0.25075465,0.6904674172401428,0.16618606,2.2283146381378174,1.2488492
8046,2.3380554,0.15597416,-0.18378444,0.8330033421516418,0.12364398,2.0870914459228516,1.3969045
8047,2.2890005,0.20293961,-0.003766086,0.8068932294845581,0.15592682,2.1161487102508545,1.5056776
8048,2.2934513,0.125838,-0.0892468,0.7617893815040588,0.14680383,2.2870233058929443,1.262107
8049,2.3892238,0.080364875,-0.16232078,0.85,0.07471681,2.3317596912384033,1.3240354
8050,2.1954553,0.20112276,-0.06636106,0.85,0.11553235,2.7078800201416016,0.9997653
8051,2.2307386,0.19187325,-0.04051753,0.4382050931453705,0.23266235,2.325268507003784,1.280967
8052,2.2499804,0.24142866,-0.09074113,0.8487339615821838,0.066453986,2.3574628829956055,1.2003918
8053,2.2412565,0.17436635,-0.025613464,0.5725628733634949,0.1702037,2.3065898418426514,1.483704
8054,2.2665572,0.14070398,-0.1113707,0.8059235215187073,0.11308017,2.297384023666382,1.2113982
8055,2.2493355,0.13584653,0.045707516,0.7809246778488159,0.12763129,2.1898884773254395,1.1357412
8056,2.2238126,0.14145239,-0.058690775,0.6254622936248779,0.17015214,2.4747121334075928,1.2697637
8057,2.321465,0.2036991,-0.13241132,0.42130064964294434,0.2207239,2.103968858718872,1.813724
8058,2.3382466,0.20394443,-0.15220332,0.4060361683368683,0.25297618,2.080963611602783,1.8138272
8059,2.3392136,0.16304216,-0.077606596,0.6687637567520142,0.14059493,2.128119468688965,1.5023197
8060,2.2093935,0.14263414,-0.0274599,0.6473971605300903,0.16882686,2.328498601913452,1.0761473
8061,2.3586957,0.124765255,-0.11594118,0.7204166650772095,0.16775735,2.2981250286102295,1.377233
8062,2.2949476,0.15938151,-0.18270454,0.8274104595184326,0.13173649,2.5651533603668213,1.1905229
8063,2.1503453,0.21142621,-0.07587837,0.16951903700828552,0.27615386,2.448575258255005,1.3512106
8064,2.242259,0.120451376,-0.04684272,0.8275536298751831,0.16669211,2.308889627456665,1.1695249
8065,2.2005434,0.13866718,-0.08004265,0.641532838344574,0.18071568,2.5381059646606445,1.1972452
8066,2.2064028,0.12983014,-0.03542986,0.7154092788696289,0.15413976,2.3931515216827393,1.1155163
8067,2.2590315,0.14364031,-0.13733202,0.7279115319252014,0.15534069,2.243638277053833,1.0300088
8068,2.2729502,0.1995774,-0.13166367,0.7739245295524597,0.15632153,2.478588342666626,1.1330081
8069,2.338609,0.12482629,-0.056225635,0.6090670228004456,0.18518855,2.1804001331329346,1.4803292
8070,2.2717137,0.13463636,-0.10788446,0.5869491100311279,0.22746636,2.2613444328308105,1.842362
8071,2.3071945,0.19437756,-0.14397943,0.7534559369087219,0.1646274,2.2984588146209717,1.2460464
8072,2.3327518,0.054407585,-0.13009916,0.7559366226196289,0.16700563,2.347100257873535,1.2168938
8073,2.2904077,0.07648469,-0.06516222,0.7189513444900513,0.11075881,2.2817907333374023,1.105581
8074,2.301294,0.16568922,-0.12793724,0.714299738407135,0.19168493,2.179706335067749,1.5747099
8075,2.1925776,0.08960948,-0.023671368,0.38444510102272034,0.14176843,2.4794914722442627,0.91878647
8076,2.2902653,0.124540664,-0.09652689,0.7785509824752808,0.10898195,2.174708604812622,1.192646
8077,2.3347828,0.117126055,-0.087390564,0.7342581748962402,0.17003357,2.3332643508911133,1.4366633
8078,2.1821003,0.11753832,0.005037126,0.85,0.10341519,2.7719736099243164,1.0706943
8079,2.2649422,0.15323006,-0.18258122,0.741167426109314,0.113567635,2.2478525638580322,1.2734401
8080,2.29154,0.18461709,-0.1164344,0.8245735168457031,0.147181,2.316190719604492,1.5328884
8081,2.2403924,0.17191158,-0.069701046,0.7348772883415222,0.17682074,2.3224003314971924,1.366548
8082,2.303365,0.116100326,-0.12511903,0.8398504257202148,0.08082815,2.1027021408081055,1.1412749
8083,2.2372606,0.22022863,-0.08138504,0.6657542586326599,0.16727395,2.124826192855835,1.3444211
8084,2.310809,0.14169131,0.00032779117,0.7828389406204224,0.15029494,2.1991920471191406,1.6525933
8085,2.3416195,0.15417533,-0.14819548,0.7448151707649231,0.15828407,2.2654531002044678,1.2582442
8086,2.2358534,0.15791473,-0.052315652,0.7766935229301453,0.19093433,2.4029626846313477,1.2267045
8087,2.3358736,0.1296302,-0.11964084,0.7883837223052979,0.13652377,2.016580581665039,1.4451898
8088,2.2256143,0.24687646,-0.13579053,0.5669970512390137,0.23558173,2.323575496673584,1.409534
8089,2.265543,0.24249098,-0.114323996,0.6863610148429871,0.1766449,2.1213138103485107,1.5288073
8090,2.2460341,0.12044227,0.043087278,0.8039401173591614,0.11339336,2.1306960582733154,1.2192572
8091,2.2731009,0.19289501,-0.055766024,0.7955499887466431,0.122750856,2.3106472492218018,1.239332
8092,2.4741433,0.09613925,-0.20785159,0.7623426914215088,0.15007137,2.0223190784454346,1.5215886
8093,2.305756,0.08722699,-0.11167406,0.5783019661903381,0.22950555,2.265639305114746,1.2601991
8094,2.3340044,0.16409443,-0.14694579,0.7648667097091675,0.14747126,2.242194890975952,1.2698907
8095,2.2965288,0.19605581,-0.15152709,0.7810134291648865,0.17268328,2.2694549560546875,1.4741415
8096,2.3035312,0.095886536,-0.07080437,0.612887442111969,0.1411943,2.2419605255126953,1.4032847
8097,2.2534273,0.24215092,-0.08942234,0.7623652815818787,0.14721863,2.414257049560547,1.2108048
8098,2.1914537,0.22569613,-0.124635115,0.6039902567863464,0.14722025,2.3984320163726807,0.9668322
8099,2.4908698,0.08204342,-0.27555227,0.786257266998291,0.18674843,2.075671672821045,1.6965026
8100,2.3037107,0.10379076,-0.066393755,0.8449215292930603,0.08863544,2.223489284515381,1.3293269
8101,2.3120852,0.18351707,-0.15710478,0.7239887714385986,0.21071391,2.2259254455566406,1.6189338
8102,2.218088,0.13452457,-0.18366979,0.6882514953613281,0.15737228,2.485002040863037,1.1715721
8103,2.2666578,0.13186353,-0.14527468,0.7746087312698364,0.14581321,2.4395933151245117,1.0838095
8104,2.2365437,0.15504259,-0.1282562,0.23263178765773773,0.2290303,2.3936922550201416,1.1485007
8105,2.171123,0.23299457,-0.016759166,0.5565435290336609,0.19434664,2.405256509780884,1.213768
8106,2.2856529,0.084477216,-0.084128335,0.8265184760093689,0.13581857,2.475099802017212,1.1295494
8107,2.2740426,0.09312924,-0.114562415,0.8425752520561218,0.14065644,2.3856360912323,1.2371376
8108,2.3490748,0.2106559,-0.08477009,0.85,0.12141164,2.3289756774902344,1.4967893
8109,2.3741443,0.2172856,-0.111831404,0.6431592106819153,0.22718002,2.0153069496154785,2.6867561
8110,2.2468913,0.21893185,-0.08095982,0.8478423357009888,0.10235321,2.3798019886016846,1.2174921
8111,2.3522546,0.19661683,-0.17839947,0.8051428198814392,0.14471531,2.204440116882324,1.4625746
8112,2.239259,0.18266168,-0.029884107,0.831699013710022,0.09130785,2.413128614425659,1.1330316
8113,2.348925,0.16804941,-0.14768936,0.7894513607025146,0.1599923,2.0528039932250977,1.4555538
8114,2.330353,0.15063591,-0.19839185,0.705406129360199,0.17143628,2.334991216659546,1.2515585
8115,2.2837484,0.18528503,-0.058289085,0.6789917945861816,0.17168337,2.173572063446045,1.2520361
8116,2.301074,0.1136751,-0.1319422,0.7616115212440491,0.13676868,2.3394083976745605,1.2810181
8117,2.3250782,0.12952568,-0.065582566,0.8291100859642029,0.11595688,2.4347639083862305,1.2471813
8118,2.3244016,0.19048299,-0.117682904,0.39467018842697144,0.21767008,2.2452566623687744,1.5547897
8119,2.3688796,0.16438848,-0.1439804,0.6436793208122253,0.21811295,2.2867581844329834,1.5346584
8120,2.381958,0.16259657,-0.120377116,0.7878082394599915,0.14556393,2.1272361278533936,1.7354486
8121,2.2641525,0.22912607,-0.1212256,0.5933258533477783,0.18768135,2.2300782203674316,1.4829496
8122,2.2390776,0.25341764,-0.09934474,0.7246845960617065,0.1620232,2.0706937313079834,1.3626473
8123,2.2551444,0.16416715,-0.14925443,0.7070727348327637,0.16961287,2.3261449337005615,1.222104
8124,2.2273128,0.2064836,-0.055460457,0.5810239315032959,0.17741187,2.1482596397399902,1.4087652
8125,2.321253,0.18971649,-0.18567015,0.8102167248725891,0.10205102,2.3540921211242676,1.3678569
8126,2.1981945,0.20518793,-0.053620096,0.7031218409538269,0.15821412,2.682856321334839,1.1085709
8127,2.2133713,0.22192813,-0.031722244,0.7623528242111206,0.15607864,2.289186477661133,1.4687599
8128,2.3139815,0.21414702,-0.15262087,0.6297705173492432,0.20446706,2.070312023162842,1.8420733
8129,2.2621036,0.16959882,-0.17929456,0.803519070148468,0.16371296,2.4356048107147217,1.1637683
8130,2.2448044,0.18857883,-0.051731963,0.7776184678077698,0.12933852,2.3920681476593018,1.1396931
8131,2.322585,0.10750331,-0.05097971,0.6316044926643372,0.20290437,2.2424426078796387,1.3637499
8132,2.2610366,0.17251405,-0.065623395,0.8328168988227844,0.12636212,2.307030439376831,1.2786222
8133,2.3051677,0.18911478,-0.19313467,0.7013949751853943,0.18631679,2.3359248638153076,1.2721454
8134,2.3112311,0.13564765,-0.09931693,0.6564151644706726,0.14689176,2.1213152408599854,1.2638172
8135,2.2491758,0.21374394,-0.19051811,0.5886432528495789,0.15698585,2.3950157165527344,1.1125062
8136,2.274567,0.13580428,-0.07616206,0.7877538204193115,0.108532,2.1771748065948486,1.4162421
8137,2.2337532,0.2131439,-0.03826696,0.6801835298538208,0.15603729,2.253514289855957,1.2984037
8138,2.148708,0.18286353,-0.09150822,0.5901033282279968,0.17419074,2.443108081817627,0.8953517
8139,2.3552992,0.08150469,-0.08825121,0.85,0.07872929,2.357300043106079,1.4993997
8140,2.3463683,0.20862654,-0.14904375,0.8123887777328491,0.13195233,2.094788074493408,1.9106447
8141,2.3261144,0.20253496,-0.086058885,0.801188588142395,0.15790673,2.043076515197754,1.8026934
8142,2.3182938,0.1501178,-0.17255972,0.4609556794166565,0.17909679,2.191534996032715,1.5384922
8143,2.2447872,0.043825828,-0.06713753,0.5264614224433899,0.19641843,2.5308284759521484,1.0262184
8144,2.2617517,0.17738388,-0.060578078,0.5294215679168701,0.2190535,2.3422861099243164,1.5746274
8145,2.1835737,0.1426261,-0.08621363,0.7747220396995544,0.11573863,2.405787706375122,0.8011384
8146,2.2791963,0.24153467,-0.0833934,0.6283367276191711,0.16334213,2.2563042640686035,1.4172837
8147,2.298676,0.21225765,-0.11238055,0.7290363311767578,0.15441982,2.1342575550079346,1.363575
8148,2.2913692,0.10454199,-0.12721235,0.6822870373725891,0.16413462,2.759809970855713,0.9925496
8149,2.388411,0.19070072,-0.08067668,0.4592888653278351,0.23981948,2.0420100688934326,1.7665236
8150,2.2540543,0.19023822,-0.01108706,0.8217554092407227,0.11870246,2.3935203552246094,1.0919793
8151,2.402413,0.18583636,-0.1253175,0.7078406810760498,0.19556259,1.9799349308013916,2.1423345
8152,2.269017,0.1773568,-0.16413173,0.701653242111206,0.095176525,2.2447803020477295,1.199824
8153,2.236908,0.2411397,-0.041112114,0.8377939462661743,0.0875963,2.224649429321289,1.3308
8154,2.3785062,0.19004321,-0.18516456,0.85,0.11798275,2.1918516159057617,1.6846849
8155,2.24447,0.1006644,-0.095584184,0.3526519238948822,0.2122846,2.2889065742492676,1.2944334
8156,2.2681174,0.20260046,-0.07297798,0.8440456390380859,0.09172951,2.3842499256134033,1.4132816
8157,2.2596161,0.20729107,-0.07003827,0.6992496252059937,0.20393571,2.33982253074646,1.2647946
8158,2.188211,0.13713805,-0.07898098,0.763357400894165,0.100864895,2.478933095932007,0.8262323
8159,2.3022423,0.0886252,-0.08765589,0.8284104466438293,0.07955013,2.446021318435669,1.0867285
8160,2.311179,0.17943656,-0.13178264,0.7937830686569214,0.12718408,2.324211359024048,1.7833971
8161,2.3715813,0.12239126,-0.06680105,0.8269696831703186,0.12664406,2.228177309036255,1.6000671
8162,2.182001,0.08615893,0.007913698,0.7841209769248962,0.1259407,2.3640809059143066,1.1296625
8163,2.2209232,0.20042321,-0.05027088,0.6980904936790466,0.18467404,2.4038007259368896,1.477194
8164,2.3519123,0.1233095,-0.13201272,0.28764307498931885,0.19829647,2.1382412910461426,1.6365017
8165,2.2999144,0.15522628,-0.06443767,0.85,0.032062627,2.0419247150421143,1.6515191
8166,2.2722409,0.14185761,-0.14415169,0.8298816680908203,0.123910934,2.3657305240631104,1.222057
8167,2.175258,0.20099576,-0.023782024,0.772762656211853,0.12099919,2.403634548187256,1.0175544
8168,2.308362,0.16023391,-0.0811323,0.7830968499183655,0.18765572,2.28985333442688,1.4200888
8169,2.2823386,0.16908647,-0.111263104,0.5252643823623657,0.21972208,2.2369415760040283,1.6143824
8170,2.2792542,0.145399,-0.04895727,0.6419748067855835,0.17205423,2.065791130065918,1.222284
8171,2.2763002,0.15478377,-0.110499136,0.7503551840782166,0.16949403,2.3624982833862305,1.086465
8172,2.2268426,0.21393773,-0.13819061,0.6571967601776123,0.20963718,2.2875375747680664,1.5456245
8173,2.2305248,0.2037858,-0.007924582,0.671791136264801,0.16792963,2.2281503677368164,1.3370224
8174,2.3461673,0.18905352,-0.059030484,0.7510640621185303,0.16094863,2.242666244506836,1.4639659
8175,2.3019016,0.21504559,-0.1308492,0.6934882998466492,0.1737061,2.4434797763824463,1.2634878
8176,2.2803607,0.1493872,-0.12670928,0.8132268190383911,0.15484804,2.2900023460388184,1.1605225
8177,2.2071123,0.20343724,-0.060780223,0.6457905769348145,0.20650922,2.3964807987213135,1.3948078
8178,2.3012545,0.18471764,-0.109312624,0.8462939262390137,0.07534906,2.0618629455566406,1.3007997
8179,2.3806534,0.13462557,-0.07987166,0.819032609462738,0.1516853,2.3704423904418945,1.4361883
8180,2.3107193,0.23684363,-0.13387062,0.8139064908027649,0.14695166,2.2482340335845947,1.4950832
8181,2.2477796,0.045000993,-0.087275565,0.6117781400680542,0.18558738,2.371243953704834,0.9491674
8182,2.345683,0.05918336,-0.09930856,0.6713269948959351,0.18331099,2.2213351726531982,1.3925724
8183,2.2417936,0.12064473,-0.12178555,0.6143951416015625,0.17064476,2.3216216564178467,1.0908306
8184,2.2677865,0.156013,-0.025661837,0.7225818634033203,0.177713,2.3526575565338135,1.3718567
8185,2.2305908,0.12979859,-0.10422327,0.7951700687408447,0.1091417,2.6037347316741943,0.9049425
8186,2.2320127,0.24425079,-0.097821295,0.7164123058319092,0.14717184,2.1707589626312256,1.1791378
8187,2.3361328,0.13551521,-0.17403072,0.6872280836105347,0.17136355,2.1834826469421387,1.7643688
8188,2.2152035,0.19523063,-0.13758926,0.6601859927177429,0.1759371,2.5970563888549805,1.0881003
8189,2.427088,0.12742056,-0.16017914,0.8353495597839355,0.13061799,2.0897622108459473,1.3237691
8190,2.3161204,0.14944306,-0.09262817,0.8041360378265381,0.1337666,2.4379475116729736,1.0689952
8191,2.2872505,0.06372741,-0.09532101,0.7358651161193848,0.14479984,2.4147372245788574,1.1189363
8192,2.1559205,0.17497657,-0.026232077,0.5828068852424622,0.1664967,2.4834814071655273,1.0766732
8193,2.2065644,0.17088887,-0.028740859,0.7805870771408081,0.1428518,2.3582284450531006,1.1989253
8194,2.3420048,0.09972128,-0.073778264,0.8051750063896179,0.14710854,2.1445443630218506,1.5161028
8195,2.2491753,0.2640522,-0.10707474,0.7039110660552979,0.20038278,2.2542617321014404,1.7016944
8196,2.2559974,0.17412558,-0.052435208,0.6601231694221497,0.18619764,2.347639322280884,1.2200841
8197,2.2640576,0.21879128,-0.10833076,0.5149203538894653,0.19676897,2.267083168029785,1.2346151
8198,2.2393217,0.13779585,-0.054476105,0.6957716941833496,0.18705398,2.14878249168396,1.4420933
8199,2.2435942,0.153422,0.014344208,0.7522724866867065,0.17153737,2.178797483444214,1.2821923
8200,2.24825,0.19178675,-0.095448524,0.7317992448806763,0.15535851,2.1527493000030518,1.1297431
8201,2.1747115,0.20518674,-0.09426167,0.767426609992981,0.13297085,2.191507577896118,1.2109298
8202,2.344463,0.14685781,-0.14954238,0.6728706359863281,0.20710135,2.202148675918579,1.5615525
8203,2.332164,0.1656281,-0.1854578,0.6463573575019836,0.20435783,2.3803038597106934,1.2917467
8204,2.3079996,0.13340567,-0.09553925,0.7426777482032776,0.17327914,2.2415761947631836,1.3881608
8205,2.2519693,0.14440525,-0.10529661,0.7754614949226379,0.14088698,2.4054014682769775,1.1578556
8206,2.3254583,0.18861693,-0.14797655,0.6242657899856567,0.23099655,2.169990062713623,1.5049363
8207,2.2344596,0.10246275,-0.1076825,0.553604781627655,0.16094972,2.36543607711792,0.9591533
8208,2.2444706,0.09721274,-0.18896165,0.5354836583137512,0.1918002,2.329237461090088,1.0742327
8209,2.2893658,0.14282773,-0.053971674,0.7299301624298096,0.16698575,2.290256977081299,1.1965897
8210,2.2748225,0.21484196,-0.1769015,0.6825501918792725,0.1791025,2.4270262718200684,1.1667632
8211,2.3264618,0.09051907,-0.115734525,0.8155901432037354,0.1078868,2.1742959022521973,1.2190282
8212,2.3364844,0.23674634,-0.16551252,0.6191486716270447,0.22432159,2.017784595489502,1.461054
8213,2.3850055,0.123888984,-0.08221635,0.8428375124931335,0.153327,2.2204926013946533,2.176273
8214,2.273716,0.15328352,-0.09420116,0.7889382243156433,0.11763938,2.4380149841308594,0.9762007
8215,2.215639,0.059306886,-0.078280926,0.7718898057937622,0.15160887,2.6472864151000977,0.9488404
8216,2.1968217,0.14819895,-0.07949065,0.7360904812812805,0.17231159,2.442011833190918,1.184942
8217,2.297586,0.085196964,-0.13001391,0.5125059485435486,0.20914887,2.317845344543457,1.1948384
8218,2.3919582,0.0835693,-0.1390571,0.6845741868019104,0.18103333,2.3341708183288574,1.4600062
8219,2.2511623,0.12354172,-0.041467328,0.7273169159889221,0.15132175,2.2297346591949463,1.1008465
8220,2.2731178,0.25624403,-0.16593353,0.6635010242462158,0.15544327,2.3188438415527344,1.0342782
8221,2.2599626,0.19262335,-0.095370755,0.7237215638160706,0.14514261,2.272644281387329,1.1547943
8222,2.342183,0.15409409,-0.12778755,0.7040560245513916,0.20668395,2.350996971130371,1.2739681
8223,2.3328276,0.18908796,-0.17606302,0.8104634881019592,0.1176565,2.219832420349121,1.3156375
8224,2.305402,0.16933893,-0.1699298,0.6791866421699524,0.16631812,2.231248378753662,1.05432
8225,2.1812952,0.24713135,-0.2068578,0.5851891040802002,0.1960799,2.4680464267730713,0.9185931
8226,2.1682184,0.14680839,-0.11305151,0.5848140716552734,0.16655293,2.7313880920410156,0.80329907
8227,2.1721675,0.20912443,-0.11085959,0.7668853998184204,0.1110844,2.0855154991149902,1.1683549
8228,2.1590462,0.19413167,-0.039780144,0.5580192804336548,0.20168136,2.193998098373413,1.2214112
8229,2.3235219,0.21007942,-0.19319339,0.579375684261322,0.18930137,2.105520725250244,1.4393184
8230,2.361767,0.2091582,-0.13042557,0.846957266330719,0.113838956,2.1272356510162354,1.6862588
8231,2.1793206,0.21221043,-0.15101963,0.5195545554161072,0.18321237,2.3708572387695312,1.0072806
8232,2.3279324,0.21456611,-0.12466642,0.830915093421936,0.14574438,2.380342960357666,1.4877824
8233,2.2415798,0.21657579,-0.1668701,0.38020846247673035,0.17194885,2.3793389797210693,1.0410756
8234,2.2736037,0.17425428,-0.0503399,0.5890958309173584,0.16610056,2.104907989501953,1.2834275
8235,2.4008713,0.06844858,-0.13496819,0.7999779582023621,0.16314007,2.0751729011535645,1.9855069
8236,2.300549,0.1887598,-0.14394557,0.7332290410995483,0.13261622,2.1004154682159424,1.1682864
8237,2.4092388,0.14158255,-0.13387893,0.8207697868347168,0.17641403,2.2532544136047363,1.8219754
8238,2.1461244,0.17674917,-0.14075173,0.32009461522102356,0.24356662,2.4116811752319336,1.0097556
8239,2.2884748,0.17630278,-0.061116185,0.7546550035476685,0.117474176,2.2736363410949707,1.3289846
8240,2.3639073,0.22813334,-0.20374526,0.705098032951355,0.2015149,2.2017669677734375,1.5974435
8241,2.2572293,0.17330472,-0.05070255,0.8458807468414307,0.11086132,2.412883758544922,1.0887339
8242,2.1980684,0.08688011,0.056613173,0.788603663444519,0.15290512,2.540884256362915,1.0605367
8243,2.2245696,0.1889947,-0.13212402,0.7200028896331787,0.16463484,2.423609972000122,1.1675411
8244,2.3379014,0.14848879,-0.094662085,0.810543954372406,0.10120058,2.3380093574523926,1.5936357
8245,2.3216166,0.12722643,-0.079263255,0.7850183844566345,0.140539,2.0645511150360107,1.4952874
8246,2.2781134,0.14388019,-0.15895933,0.7106871008872986,0.18501638,2.414088249206543,1.1391276
8247,2.2994795,0.22869791,-0.14247163,0.5573363900184631,0.22621481,2.1096246242523193,1.746898
8248,2.2628481,0.1917435,-0.13231486,0.7202932834625244,0.1756438,2.352896213531494,1.393668
8249,2.282079,0.21591213,-0.112450704,0.5365382432937622,0.17439732,2.2185842990875244,1.2618983
8250,2.261787,0.1927829,-0.110004626,0.443020761013031,0.25488886,2.5128355026245117,1.4370533
8251,2.3420532,0.11926576,-0.16929947,0.7997876405715942,0.14946903,2.054372787475586,1.6839905
8252,2.2686388,0.17366582,0.0066057625,0.7548992037773132,0.17781073,2.2478270530700684,1.3934946
8253,2.1987026,0.2074884,-0.07287437,0.8270066976547241,0.12694618,2.249427080154419,1.2166194
8254,2.25491,0.16731004,-0.1257428,0.5202255845069885,0.19240531,2.404062032699585,1.2080017
8255,2.2326262,0.18239532,-0.11755243,0.5696903467178345,0.19290003,2.219827890396118,1.0781829
8256,2.3084025,0.22834344,-0.1450125,0.8379718065261841,0.087906085,2.343261480331421,1.1958677
8257,2.2529094,0.112199984,-0.25498176,0.31573349237442017,0.21447672,2.560391426086426,0.86409086
8258,2.4082935,0.15680283,-0.14407259,0.7984132766723633,0.18795809,2.068530321121216,1.8101791
8259,2.2669818,0.26539296,-0.07549597,0.7423789501190186,0.19534443,2.120565414428711,1.9838958
8260,2.2994528,0.12655708,-0.019742204,0.8027578592300415,0.14559689,2.233591318130493,1.4808224
8261,2.324071,0.08964375,-0.10484813,0.8069213032722473,0.13097702,2.2093889713287354,1.4819386
8262,2.3053656,0.09145583,-0.07674586,0.7316927909851074,0.15488166,2.206796169281006,1.320355
8263,2.343561,0.13622467,-0.111066274,0.6656093597412109,0.19699495,2.2597873210906982,1.5138689
8264,2.2902248,0.1877222,-0.044793773,0.5100241303443909,0.24062857,2.047842502593994,1.8028669
8265,2.2760713,0.1384991,-0.12236665,0.6902360320091248,0.16180478,2.35284423828125,1.1841105
8266,2.250083,0.19314674,-0.109807014,0.6308540105819702,0.16147321,2.3646461963653564,1.1642424
8267,2.3191648,0.17968063,-0.12539275,0.8099638223648071,0.120917685,2.3351223468780518,1.1497543
8268,2.321139,0.14125866,-0.060083378,0.8104793429374695,0.13579577,2.380187511444092,1.34147
8269,2.3380089,0.18611898,-0.25349325,0.7991817593574524,0.17042474,2.4185831546783447,1.1652553
8270,2.326927,0.07612609,-0.1791587,0.4572140574455261,0.20672184,2.301023244857788,1.1690495
8271,2.3249087,0.116023965,-0.11061773,0.8247538805007935,0.15105385,2.0857901573181152,1.5910519
8272,2.324968,0.1563396,-0.04211901,0.830608069896698,0.12856753,2.2964961528778076,1.3184291
8273,2.2397914,0.15829632,-0.17986947,0.7357879877090454,0.16507976,2.4783897399902344,1.1491358
8274,2.2729824,0.147239,-0.13364625,0.8417553901672363,0.13252588,2.540210485458374,1.2603754
8275,2.3016174,0.08539623,-0.044100665,0.6670840382575989,0.17406361,2.2343521118164062,1.436193
8276,2.2929728,0.22198181,-0.13388565,0.7683407068252563,0.1452438,2.328449249267578,1.2648126
8277,2.2484598,0.19170143,-0.032081734,0.7679024338722229,0.14369625,2.314105987548828,1.2204759
8278,2.2469707,0.1950643,-0.0141500505,0.7059557437896729,0.16007264,2.1165668964385986,1.3933027
8279,2.2166219,0.12255548,-0.11897494,0.549571692943573,0.14976577,2.4380598068237305,0.9000748
8280,2.2132146,0.21714993,-0.099685736,0.5538958311080933,0.18532194,2.088829517364502,1.2258098
8281,2.3127878,0.1985534,-0.14019234,0.7956936359405518,0.18129016,2.178725481033325,1.6224538
8282,2.2803702,0.21519662,-0.12803443,0.6367610096931458,0.17792434,2.3108887672424316,1.0429661
8283,2.2569458,0.18475477,-0.101334244,0.6320096254348755,0.16202395,2.27901554107666,1.3706372
8284,2.2809215,0.18959369,-0.13825215,0.6996774077415466,0.18473427,2.282832622528076,1.1602843
8285,2.20522,0.13180982,-0.051870126,0.7193931937217712,0.16919604,2.4653327465057373,1.1919761
8286,2.2869053,0.19900247,-0.077023536,0.8362688422203064,0.07455008,2.1348540782928467,1.2951146
8287,2.3038638,0.19317816,-0.15147242,0.8029758930206299,0.15396568,2.2882564067840576,1.4176857
8288,2.4431195,0.11063364,-0.20567168,0.834676206111908,0.09857781,2.2738053798675537,1.679817
8289,2.1788206,0.13394676,-0.09729161,0.7679261565208435,0.13215527,2.546922206878662,0.8719386
8290,2.1943016,0.17342924,-0.040542122,0.7501455545425415,0.14153856,2.5442984104156494,1.1382399
8291,2.2768745,0.18424459,-0.16163412,0.6233643889427185,0.18110633,2.3110299110412598,1.3359028
8292,2.2759871,0.1576457,-0.052839387,0.5246098637580872,0.19600843,2.348285675048828,1.199716
8293,2.330285,0.09204116,-0.066922724,0.6577659845352173,0.1525495,2.08758282661438,1.4435712
8294,2.4293313,0.11434442,-0.14831199,0.8007652163505554,0.14190896,2.067612886428833,1.5247793
8295,2.3131797,0.2344646,-0.07094045,0.8419229984283447,0.1421849,2.330305814743042,1.2735442
8296,2.1928637,0.15605177,-0.121431455,0.8000543117523193,0.110054195,2.543046474456787,1.0780995
8297,2.3778145,0.1327505,-0.095925465,0.8144530057907104,0.15284082,2.1406562328338623,1.4598291
8298,2.2769125,0.17632695,-0.056845035,0.7506610751152039,0.17865208,2.378990888595581,1.2928258
8299,2.3166723,0.25773627,-0.15479584,0.8131047487258911,0.14358135,2.365999937057495,1.5128483
8300,2.279615,0.050432328,-0.15875402,0.6021485328674316,0.1752764,2.477377414703369,1.0071858
8301,2.2969286,0.120166644,-0.19374374,0.6823889017105103,0.14633484,2.3477671146392822,1.099938
8302,2.3488154,0.2088967,-0.11836836,0.8447988629341125,0.11363903,2.1282360553741455,1.666437
8303,2.2905214,0.13958137,-0.103065215,0.7419602274894714,0.1604072,2.306004047393799,1.3192643
8304,2.327841,0.19352704,-0.13032311,0.5401022434234619,0.27211308,2.1069653034210205,1.4654163
8305,2.3070936,0.14707994,-0.14953488,0.6974214911460876,0.16671577,2.3218977451324463,1.2202193
8306,2.3407953,0.15652464,-0.24865673,0.6550418138504028,0.18514109,2.262756824493408,1.1779782
8307,2.2829645,0.19272017,-0.056983437,0.8300693035125732,0.14770451,2.20145845413208,1.4836605
8308,2.4116926,0.1280863,-0.1087367,0.6960649490356445,0.22577263,2.1287899017333984,1.529813
8309,2.2862797,0.14365907,-0.08098721,0.5748156309127808,0.21545944,2.258526563644409,1.5755178
8310,2.2921057,0.1440152,-0.10077806,0.7228266596794128,0.15616184,2.3240272998809814,1.1657249
8311,2.3608556,0.216352,-0.16734035,0.8454567790031433,0.1600919,2.3133718967437744,1.9305981
8312,2.3999236,0.17137755,-0.08860303,0.7646443247795105,0.19427918,2.240737199783325,1.5157591
8313,2.144787,0.20079657,0.057352383,0.7288526892662048,0.16630356,2.574122190475464,1.2319376
8314,2.2879717,0.15720125,-0.090009965,0.45678088068962097,0.21747276,2.3595876693725586,1.2513102
8315,2.3874207,0.17601353,-0.15570928,0.7782815098762512,0.16401038,2.299987554550171,1.3974088
8316,2.380517,0.14295302,-0.14692615,0.6315752863883972,0.22635688,2.15112042427063,1.419147
8317,2.223228,0.20187561,-0.16021152,0.7247307300567627,0.14878839,2.4525270462036133,1.1230812
8318,2.3188837,0.105593495,-0.16012703,0.6317175030708313,0.18054383,2.4261980056762695,1.1949536
8319,2.2650073,0.1122222,-0.018044636,0.7666497230529785,0.15232894,2.304903984069824,1.192851
8320,2.2825167,0.11682568,-0.14130296,0.6747750639915466,0.20826529,2.3781867027282715,1.4572252
8321,2.2642686,0.17501396,-0.17033473,0.6450372934341431,0.17632462,2.3916969299316406,1.1316358
8322,2.250322,0.110041164,-0.13350207,0.34403982758522034,0.21314476,2.456324338912964,1.0915962
8323,2.3964794,0.0793262,-0.14723825,0.7447444796562195,0.13790563,2.1183266639709473,1.3075788
8324,2.3522768,0.1783658,-0.06645338,0.8258271813392639,0.13645248,2.4717788696289062,1.2084513
8325,2.1971836,0.24238466,-0.08242883,0.7341341376304626,0.15132438,2.5336410999298096,0.98278505
8326,2.2640522,0.18819095,-0.08482795,0.7498276233673096,0.16448858,2.385808229446411,1.1499478
8327,2.2884023,0.1980055,-0.17522474,0.482156902551651,0.19671342,2.288426160812378,1.277964
8328,2.3565683,0.10062276,-0.07048082,0.8074854612350464,0.15112697,2.3816301822662354,1.3135315
8329,2.2932048,0.19621739,-0.19291313,0.7682782411575317,0.17137,2.4138903617858887,1.1397622
8330,2.2915275,0.18508212,-0.15679465,0.23021964728832245,0.15203822,2.121192455291748,1.250248
8331,2.3172374,0.23915099,-0.10116413,0.6059569716453552,0.21425353,2.122955799102783,1.4007416
8332,2.2945285,0.21465185,-0.067833774,0.8316677212715149,0.11482625,2.0936288833618164,1.6167775
8333,2.3023956,0.24374318,-0.14020456,0.8443917036056519,0.10444384,2.2911229133605957,1.6834115
8334,2.3333473,0.132103,-0.12902623,0.7364712953567505,0.17285295,2.3144633769989014,1.3944606
8335,2.2566063,0.11959604,-0.05512315,0.7822942733764648,0.12699309,2.302919864654541,1.2057694
8336,2.344361,0.1635971,-0.13400225,0.8456650972366333,0.10125172,2.161968946456909,1.4589944
8337,2.3812873,0.19722022,-0.081174985,0.8228794932365417,0.1598114,2.2885711193084717,1.4563277
8338,2.3180315,0.13179082,-0.2220701,0.8334757089614868,0.10473699,2.362567663192749,1.1312959
8339,2.35254,0.2440319,-0.20648262,0.7648782730102539,0.18849063,2.168321371078491,1.4955841
8340,2.253149,0.1717724,-0.07614093,0.8255317211151123,0.1509029,2.4470386505126953,1.1862712
8341,2.334509,0.08016628,-0.18073535,0.6294283866882324,0.16582966,2.318352699279785,1.2285434
8342,2.244088,0.18884888,-0.05646195,0.47324079275131226,0.15592736,2.1844632625579834,1.3205112
8343,2.3262508,0.169657,-0.10972408,0.8025227785110474,0.14452015,2.3003008365631104,1.3035685
8344,2.3606887,0.123280905,-0.1409275,0.8145822882652283,0.15717517,2.1197378635406494,1.8017906
8345,2.1829803,0.2169618,-0.0551461,0.7944350838661194,0.111839086,2.343398332595825,1.0111238
8346,2.2684715,0.17705065,-0.12675849,0.6805555820465088,0.15088977,2.3238470554351807,1.2557522
8347,2.493746,0.21489619,-0.26405397,0.6647186875343323,0.23292044,2.0487313270568848,2.2732897
8348,2.166678,0.2152332,-0.008876648,0.8100113272666931,0.14899229,2.512361526489258,1.0737833
8349,2.2697568,0.13202257,-0.20091836,0.6893009543418884,0.15898652,2.4981625080108643,0.95639
8350,2.2924166,0.14110817,-0.07808273,0.7987010478973389,0.13359015,2.4364376068115234,1.3833735
8351,2.1584373,0.14116381,-0.056175575,0.8493987321853638,0.10211032,2.4678142070770264,0.7750418
8352,2.293364,0.1845752,-0.17135985,0.6402265429496765,0.19123864,2.2388558387756348,1.2589668
8353,2.2413778,0.036029726,-0.031176472,0.6025939583778381,0.14819095,2.356900691986084,1.1367158
8354,2.347166,0.23163998,-0.08366068,0.5409598350524902,0.23125067,2.2239694595336914,1.6267498
8355,2.291239,0.16899511,-0.05991067,0.7274255156517029,0.12461199,2.2212047576904297,1.2882463
8356,2.2939765,0.1720592,-0.11800824,0.7774752974510193,0.14852002,2.2513840198516846,1.4303101
8357,2.2310815,0.15485424,-0.051248908,0.5328144431114197,0.23414843,2.2533512115478516,1.4484419
8358,2.260362,0.1951888,-0.04737023,0.6416353583335876,0.19301172,2.220118761062622,1.1518275
8359,2.2273822,0.15496384,-0.051063914,0.7367439270019531,0.16564368,2.5846903324127197,1.0100999
8360,2.4135735,0.12194527,-0.2280051,0.8023884296417236,0.16838834,2.3131752014160156,1.5357556
8361,2.3425965,0.121951856,-0.034178875,0.85,0.05370869,2.352083206176758,1.2931619
8362,2.332231,0.21293798,-0.12658781,0.7418599128723145,0.14141473,2.28973126411438,1.689469
8363,2.3266077,0.1873112,-0.17663561,0.7919444441795349,0.15155917,2.347715139389038,1.2013375
8364,2.4084437,0.23417014,-0.24769476,0.7343549132347107,0.18915886,2.28116512298584,1.5021831
8365,2.2156358,0.15500711,-0.15042272,0.7138325572013855,0.13775373,2.563800096511841,0.88667524
8366,2.3540807,0.1679897,-0.124535576,0.7895887494087219,0.116286874,2.309077739715576,1.1814729
8367,2.2614746,0.18357207,-0.09757269,0.763271152973175,0.17675738,2.582665205001831,1.1090539
8368,2.245455,0.19282204,-0.099163614,0.7630854249000549,0.10897534,2.4217522144317627,1.0116562
8369,2.3140666,0.12195357,-0.19238456,0.5886711478233337,0.18543506,2.329387903213501,1.3233831
8370,2.3321497,0.17774332,-0.13681869,0.6225709915161133,0.20239744,2.119540214538574,1.5225965
8371,2.2096376,0.21662734,-0.12300725,0.6360868215560913,0.1794815,2.2979774475097656,0.99009985
8372,2.270859,0.16365747,-0.013378293,0.34496912360191345,0.23489234,2.1875078678131104,1.4084586
8373,2.2598135,0.106927045,-0.102108516,0.7608862519264221,0.16562818,2.672560691833496,1.190768
8374,2.25769,0.21042763,-0.09387229,0.7685738801956177,0.13143288,2.302377939224243,1.1673422
8375,2.229862,0.13714659,-0.048249334,0.8246212601661682,0.13510022,2.2732484340667725,1.2512646
8376,2.4372506,0.22882281,-0.2217054,0.8261029720306396,0.15552533,2.275918960571289,1.8779354
8377,2.33588,0.17416736,-0.1735544,0.6202395558357239,0.16224514,2.2994472980499268,1.2156482
8378,2.3034272,0.2145418,-0.10009809,0.8139472007751465,0.10654792,2.098951816558838,1.3404794
8379,2.4138374,0.045494363,-0.015665544,0.7692209482192993,0.19879597,2.049994468688965,2.5867865
8380,2.2345345,0.18193413,-0.16297148,0.5984093546867371,0.19047491,2.4890353679656982,1.0802056
8381,2.3129652,0.16043559,-0.11926938,0.7576669454574585,0.15698414,2.1844351291656494,1.3756843
8382,2.2155497,0.13563639,-0.073614866,0.4283139705657959,0.12795158,2.4994232654571533,0.9735797
8383,2.2773867,0.20806159,-0.19414735,0.702552318572998,0.16095571,2.4478282928466797,1.1086341
8384,2.1795232,0.22528675,-0.08901015,0.5064999461174011,0.24818176,2.606682062149048,1.6296824
8385,2.34381,0.2215595,-0.1837595,0.7602933049201965,0.20421569,2.2076339721679688,1.55128
8386,2.3018556,0.11990198,-0.10853206,0.8395941853523254,0.10305991,2.5369181632995605,1.2382473
8387,2.3099177,0.17351069,-0.15653749,0.7858467698097229,0.16208957,2.325615167617798,1.4299911
8388,2.2797122,0.15625013,-0.1132056,0.7624402046203613,0.16748284,2.2895991802215576,1.4262804
8389,2.289875,0.12657666,-0.11831482,0.6637951731681824,0.19102356,2.360358715057373,1.2290132
8390,2.2536151,0.11546464,-0.089605846,0.38853171467781067,0.19315241,2.3235673904418945,1.0693475
8391,2.3327317,0.0975124,-0.11209335,0.7815145254135132,0.10788316,2.1361923217773438,1.3916068
8392,2.285029,0.09809704,-0.11685562,0.7597317099571228,0.17356831,2.2150678634643555,1.4668391
8393,2.3349788,0.11252361,-0.08558492,0.7262325882911682,0.17116642,2.129024028778076,1.4982529
8394,2.3750165,0.15904014,-0.08850167,0.7747001051902771,0.16430429,2.208317518234253,1.3608788
8395,2.295507,0.17317784,-0.20281945,0.4601675868034363,0.2358747,2.4052531719207764,1.4010197
8396,2.2701612,0.21468313,-0.100397766,0.7284160256385803,0.15157077,2.265512704849243,1.2081649
8397,2.3595679,0.17949463,-0.03108987,0.7448211312294006,0.1932128,2.0772483348846436,1.8923848
8398,2.3568187,0.13633284,-0.11095757,0.7339580059051514,0.14975207,2.12431001663208,1.2016343
8399,2.2728238,0.16075937,-0.1629011,0.635857105255127,0.18860441,2.4116368293762207,1.2061474
8400,2.2462754,0.13569872,-0.093641,0.7360938787460327,0.15998831,2.450946092605591,1.1044873
8401,2.2144654,0.22840537,-0.11071873,0.680593729019165,0.19484998,2.1659305095672607,1.4894406
8402,2.3569057,0.13388436,-0.049578086,0.730833888053894,0.13089325,2.230222463607788,1.2713894
8403,2.339406,0.22485177,-0.17066114,0.7950055599212646,0.16500539,2.2892980575561523,1.7629874
8404,2.3272798,0.19172792,-0.1746277,0.8094571232795715,0.15039939,2.1141176223754883,1.4544119
8405,2.2270265,0.14583535,-0.049116205,0.7874882817268372,0.15193056,2.5816547870635986,0.9174512
8406,2.2571497,0.132156,-0.15890118,0.475182443857193,0.20989472,2.3741419315338135,1.2028141
8407,2.3139706,0.21081865,-0.10294538,0.7100585699081421,0.18290286,2.053623914718628,1.7296429
8408,2.2985294,0.19877149,-0.2062976,0.7232064008712769,0.17029898,2.0218448638916016,1.8128294
8409,2.268164,0.17920142,-0.14442806,0.30620333552360535,0.22719088,2.0919790267944336,1.4126415
8410,2.2577977,0.17215523,-0.19800942,0.6049051880836487,0.16400959,2.4776148796081543,0.80894446
8411,2.3023367,0.16058277,-0.11053086,0.7178487181663513,0.14328352,2.0764095783233643,1.2985775
8412,2.3445802,0.11499958,-0.15169612,0.7912352085113525,0.15189059,2.271592617034912,1.4822155
8413,2.327157,0.18612987,-0.10145169,0.6846795082092285,0.19426449,2.1565675735473633,1.6614511
8414,2.3002346,0.21024302,-0.11503998,0.7793070673942566,0.112544596,2.118171453475952,1.2198845
8415,2.2566342,0.1981681,-0.16896646,0.6940855383872986,0.16913977,2.3814697265625,0.97451943
8416,2.2685833,0.22311549,-0.12359351,0.59721440076828,0.18544462,2.193575859069824,1.3784641
8417,2.2846625,0.21864562,-0.09743851,0.6080873012542725,0.18096991,2.0747106075286865,1.6316059
8418,2.2727687,0.1181468,-0.09600129,0.5528582334518433,0.15094927,2.1341192722320557,1.2613491
8419,2.2367704,0.22031745,-0.16613494,0.6335414052009583,0.20490341,2.3809568881988525,1.2533752
8420,2.2667048,0.21778391,-0.1410787,0.39689862728118896,0.22755617,2.452939510345459,1.1714222
8421,2.3044786,0.15382925,-0.06588787,0.7209570407867432,0.18822317,2.273069143295288,1.5069652
8422,2.2927496,0.08231767,-0.052932743,0.548104465007782,0.067884035,2.4033126831054688,0.86712056
8423,2.2286952,0.198875,-0.119769216,0.6592315435409546,0.18435225,2.196653366088867,1.3750396
8424,2.3546371,0.18665898,-0.15090899,0.85,0.10642608,2.3423819541931152,1.6149058
8425,2.313105,0.26667407,-0.25001305,0.6284282803535461,0.17825967,2.347968816757202,1.2983224
8426,2.216686,0.1874329,-0.11787711,0.7684556841850281,0.18856359,2.4235780239105225,1.2940379
8427,2.2927792,0.2228818,-0.15428957,0.5754725337028503,0.1776443,2.1561853885650635,1.2348346
8428,2.203529,0.16808946,-0.11499359,0.7255116701126099,0.1528204,2.5772042274475098,1.0610703
8429,2.3537524,0.01574555,-0.07887678,0.7771353125572205,0.1632748,2.0920257568359375,1.4846467
8430,2.309639,0.19403362,-0.109014414,0.7340867519378662,0.14186454,2.088514566421509,1.4015274
8431,2.2708173,0.14058344,0.015071317,0.832965612411499,0.15750945,2.039966106414795,1.7323215
8432,2.3332722,0.0881385,-0.026096292,0.85,0.08531742,2.2884397506713867,1.3069451
8433,2.3328023,0.15132618,-0.025285594,0.8026342391967773,0.149754,2.068781614303589,1.9352884
8434,2.27857,0.09234923,-0.105002314,0.6215680837631226,0.20236067,2.2386906147003174,1.160886
8435,2.3570478,0.12275649,-0.21848287,0.693226158618927,0.17723322,2.219106674194336,1.3039448
8436,2.2807739,0.019958522,-0.16237652,0.5163916945457458,0.17808935,2.4741876125335693,0.79499435
8437,2.3087766,0.16374671,-0.07960527,0.5142630934715271,0.18977371,2.1359779834747314,1.4619907
8438,2.289326,0.20904791,-0.09367731,0.7890368700027466,0.18662596,2.26218318939209,1.4666111
8439,2.27867,0.1706295,-0.21647437,0.42580416798591614,0.17731343,2.522080898284912,1.073708
8440,2.280099,0.14783362,-0.12789968,0.6936464309692383,0.15762916,2.3840720653533936,1.1527582
8441,2.2537794,0.171902,-0.09250227,0.7408233880996704,0.13085698,2.209465265274048,1.2018775
8442,2.244239,0.1812743,-0.023209,0.8007792234420776,0.11911905,2.4160587787628174,1.1464853
8443,2.3642764,0.25562415,-0.11795107,0.7867013216018677,0.20227824,2.0733652114868164,1.942738
8444,2.2752626,0.2412642,-0.07854942,0.7116714715957642,0.17211084,2.094092845916748,1.3619062
8445,2.3966458,0.21499066,-0.17223036,0.5999562740325928,0.26716056,2.0404560565948486,1.9486226
8446,2.3123775,0.080652885,-0.07488617,0.45533454418182373,0.22862144,2.1683881282806396,1.4451507
8447,2.3335593,0.21674535,-0.13473013,0.7549101710319519,0.15500966,2.1319196224212646,1.5106199
8448,2.258143,0.14148515,-0.11504679,0.7551172375679016,0.183157,2.363774538040161,1.2786386
8449,2.316237,0.16256398,-0.079280786,0.45777013897895813,0.18304475,2.1632394790649414,1.4584303
8450,2.2644508,0.17392659,-0.19582959,0.8492476344108582,0.1029852,2.667085647583008,0.85189277
8451,2.2956152,0.14026062,-0.16384012,0.5446838140487671,0.20473059,2.172842264175415,1.2348415
8452,2.224613,0.1910295,-0.15931253,0.4977077841758728,0.20410465,2.4263253211975098,1.1509495
8453,2.3042924,0.19380777,-0.15207033,0.6844220161437988,0.19169343,2.353109121322632,1.2232442
8454,2.301614,0.16692865,-0.09075572,0.8087270259857178,0.15425166,2.332270860671997,1.5391147
8455,2.2167282,0.22803502,-0.09711736,0.7614828944206238,0.16964932,2.2254984378814697,1.4520689
8456,2.194882,0.13384256,-0.031778432,0.5821013450622559,0.20383187,2.3911497592926025,1.190873
8457,2.3195472,0.14165895,-0.06447879,0.8075205683708191,0.1481061,2.2820687294006348,1.4062445
8458,2.2379,0.19755681,-0.08913436,0.5280268788337708,0.24389288,2.338618040084839,1.4093333
8459,2.3024218,0.116396524,-0.14737841,0.41659921407699585,0.20191337,2.1013948917388916,1.3735325
8460,2.2952752,0.061730098,-0.099840164,0.6484473943710327,0.16394538,2.2838594913482666,1.1613889
8461,2.276815,0.18756236,-0.15225409,0.7030179500579834,0.18420239,2.451888084411621,1.1112099
8462,2.2939065,0.17786627,-0.032006845,0.7538511157035828,0.1633051,2.0687708854675293,1.6747352
8463,2.3997273,0.09114691,-0.11457534,0.6604843735694885,0.1816998,2.078341245651245,1.3340455
8464,2.23948,0.21011375,-0.051405028,0.8389636278152466,0.099997394,2.3222641944885254,1.3379437
8465,2.246947,0.14560623,-0.11707834,0.7731533646583557,0.18507598,2.4021387100219727,1.3454275
8466,2.2742734,0.16482113,-0.13791722,0.8140701651573181,0.11239853,2.467830181121826,1.0224905
8467,2.3126695,0.15276757,-0.12610823,0.6904875040054321,0.1773978,2.271188974380493,1.2058462
8468,2.2383373,0.1864984,-0.03465095,0.85,0.07749357,2.4115264415740967,1.463857
8469,2.34576,0.21777304,-0.11356403,0.7862945199012756,0.14693636,2.406153917312622,1.2442807
8470,2.333056,0.22452556,-0.10776095,0.85,0.12868728,2.3240621089935303,1.4510252
8471,2.26531,0.22032343,-0.1887217,0.2564338743686676,0.24629459,2.3107314109802246,1.3781829
8472,2.3327882,0.101783924,-0.07915126,0.6959764957427979,0.16771314,2.074885368347168,1.5023488
8473,2.3233585,0.19921325,-0.10411297,0.7901713848114014,0.15835945,2.43392014503479,1.3121527
8474,2.2622032,0.18326668,-0.13520594,0.7284976243972778,0.15251493,2.447326421737671,1.1062319
8475,2.3512473,0.15301524,-0.1774001,0.8254384994506836,0.11498215,2.2811145782470703,1.6479143
8476,2.3305666,0.11911251,-0.00479383,0.8164578676223755,0.13780193,2.257983446121216,1.2433429
8477,2.3325026,0.12166442,-0.12828594,0.8037065863609314,0.14663817,2.3382363319396973,1.3681391
8478,2.243744,0.11793396,-0.08163369,0.7300193309783936,0.18716934,2.221888542175293,1.3166891
8479,2.3414857,0.18646015,-0.14989424,0.7561038136482239,0.1383047,2.119802713394165,1.3973352
8480,2.3423085,0.13787626,-0.15058373,0.8040505051612854,0.13360783,2.084679126739502,1.5152742
8481,2.2201483,0.16498537,-0.11652898,0.6673831939697266,0.16340873,2.5108330249786377,0.9386139
8482,2.228286,0.16565306,-0.12978745,0.7974318265914917,0.13127565,2.5229759216308594,1.0705396
8483,2.3609893,0.2083618,-0.08185469,0.8091890215873718,0.14902073,2.108696937561035,1.6520772
8484,2.341421,0.16890272,-0.12766156,0.6149863004684448,0.19911416,2.0401854515075684,1.6556911
8485,2.238299,0.17553303,-0.036642343,0.8059177398681641,0.1521487,2.4174890518188477,1.1240293
8486,2.2788074,0.21259469,-0.119576335,0.7853784561157227,0.12142031,2.2281665802001953,1.262404
8487,2.2931988,0.13025169,-0.03454573,0.7434922456741333,0.17382045,2.1458187103271484,1.4600679
8488,2.3979137,0.18150012,-0.1332667,0.8157029151916504,0.15292935,2.224987268447876,2.1884887
8489,2.2355278,0.19612283,-0.08930052,0.7575455904006958,0.17018887,2.3345417976379395,1.2574604
8490,2.3460846,0.061240006,-0.15188989,0.7959274053573608,0.15026362,2.291834592819214,1.461693
8491,2.2303233,0.17965592,-0.08300961,0.5334184169769287,0.2209912,2.274232864379883,1.2938036
8492,2.2382522,0.17798367,-0.06477927,0.7314080595970154,0.17577527,2.300929069519043,1.3988298
8493,2.279023,0.07853288,-0.1396939,0.5313227772712708,0.17566393,2.4094040393829346,1.0335839
8494,2.2194872,0.15914752,-0.1313103,0.7680817246437073,0.124695696,2.730534553527832,0.86464316
8495,2.2717853,0.1509337,-0.20198424,0.7350050210952759,0.16115665,2.3213894367218018,1.1014476
8496,2.2114813,0.16867957,-0.10744325,0.8280904293060303,0.18157916,2.394845724105835,1.4482574
8497,2.2810307,0.14232656,-0.12478457,0.8265268802642822,0.12456801,2.4075927734375,1.2638447
8498,2.29308,0.16301368,-0.11655539,0.8043875694274902,0.14680436,2.227111339569092,1.3288964
8499,2.2583823,0.18376966,-0.08512452,0.5205195546150208,0.18403468,2.3437209129333496,1.1210018
8500,2.3314946,0.15565342,-0.009221716,0.7381569743156433,0.17575641,2.27371883392334,1.5458553
8501,2.2893744,0.12753065,-0.08674545,0.8216081857681274,0.12146397,2.554539442062378,1.0096353
8502,2.2699313,0.1736752,0.036807436,0.7292522192001343,0.15203586,2.1724629402160645,1.3783393
8503,2.2328055,0.21669507,-0.013409234,0.7835644483566284,0.16156927,2.1418089866638184,1.2600133
8504,2.1314795,0.24055037,-0.116320595,0.30742573738098145,0.2524937,2.4212441444396973,1.0851518
8505,2.3281202,0.08392847,-0.17693748,0.4927211105823517,0.21782115,2.339266538619995,1.3102134
8506,2.2862325,0.14456941,-0.11335017,0.7885529398918152,0.16200587,2.3945891857147217,1.2372832
8507,2.2957387,0.14284167,-0.108424656,0.6705494523048401,0.20269848,2.4542765617370605,1.3655014
8508,2.3598945,0.1289927,-0.13232501,0.8210204839706421,0.11169824,2.328061819076538,1.2707577
8509,2.3583283,0.111286916,-0.13037907,0.8019804358482361,0.13786481,2.1942803859710693,1.495206
8510,2.3256006,0.25482517,-0.15615305,0.5651119947433472,0.19531533,2.2095251083374023,1.3929204
8511,2.2879357,0.12578435,-0.12385932,0.6434478759765625,0.16630054,2.299076557159424,1.2919358
8512,2.2202084,0.14779772,-0.098887034,0.425006240606308,0.23000635,2.336479663848877,1.306339
8513,2.3362823,0.20802163,-0.15849052,0.5985837578773499,0.18972744,2.128756284713745,1.3870863
8514,2.2612944,0.13127759,-0.086391695,0.6257361769676208,0.20334864,2.258404016494751,1.4175844
8515,2.3173563,0.13156267,-0.12910435,0.8184261918067932,0.14483033,2.443483352661133,1.0849826
8516,2.2299995,0.27630183,-0.020451726,0.5325767993927002,0.22782584,2.3073878288269043,1.4392838
8517,2.1957042,0.15985918,-0.061983757,0.611644446849823,0.18726486,2.3358616828918457,1.3395555
8518,2.2997794,0.16086753,-0.13593473,0.7080284357070923,0.18368602,2.204435348510742,1.5245486
8519,2.3679216,0.069681674,-0.115020186,0.8295044302940369,0.12008944,2.2368974685668945,1.5586914
8520,2.3351943,0.11217744,-0.14673568,0.6873412728309631,0.20320272,2.2188806533813477,1.4109535
8521,2.260823,0.1628258,-0.109904066,0.7796899080276489,0.1442314,2.310136556625366,1.2174549
8522,2.324951,0.26753008,-0.06990519,0.781316876411438,0.14238884,2.0833590030670166,1.5724967
8523,2.229792,0.2200722,-0.012541618,0.7947922945022583,0.13792254,2.223158359527588,1.6417907
8524,2.3622742,0.09756694,-0.17483331,0.8346959948539734,0.13035746,2.527836561203003,1.2743895
8525,2.299293,0.20604677,-0.1510921,0.7952119708061218,0.14072536,2.323262929916382,1.1739732
8526,2.2482657,0.09854159,-0.044992957,0.7727373838424683,0.16014655,2.4400384426116943,1.2263998
8527,2.1706884,0.14754541,-0.07362869,0.6347362995147705,0.15552583,2.3928651809692383,1.0315711
8528,2.333075,0.14589599,-0.091315165,0.5718823671340942,0.22912394,2.138998508453369,1.9097533
8529,2.2685397,0.14092746,-0.07931212,0.7562101483345032,0.17040847,2.4390666484832764,1.2927065
8530,2.2801282,0.19178475,-0.07910539,0.790987491607666,0.16528276,2.3598473072052,1.5368209
8531,2.2755446,0.13169315,-0.15843998,0.639800488948822,0.20635371,2.224801540374756,1.4578801
8532,2.2048788,0.18733008,-0.035763465,0.7700417637825012,0.18494408,2.466033935546875,1.2065461
8533,2.2540617,0.16281441,-0.0824784,0.757402777671814,0.14426027,2.117588758468628,1.4215244
8534,2.2634907,0.17037493,-0.07953577,0.7022795677185059,0.16421267,2.2990236282348633,1.2752582
8535,2.2858136,0.12195528,-0.100438975,0.7413919568061829,0.16317046,2.25941801071167,1.2781699
8536,2.2556334,0.16120547,-0.04506432,0.7158942222595215,0.16773432,2.3055994510650635,1.3102971
8537,2.3002598,-0.022207733,-0.058522467,0.4333910346031189,0.2224223,2.351837635040283,1.2891314
8538,2.246384,0.12399963,-0.080901876,0.698360025882721,0.16951318,2.621490240097046,1.0756661
8539,2.3032794,0.14325227,-0.13208173,0.6133458018302917,0.18089488,2.1732144355773926,1.316298
8540,2.3253753,0.1230351,-0.08707104,0.6673063039779663,0.17794064,2.0572361946105957,1.4670092
8541,2.394238,0.17589614,-0.16094323,0.826502799987793,0.18038769,2.1144204139709473,1.7814293
8542,2.2438524,0.2121751,-0.043140426,0.6935147047042847,0.18956585,2.2933483123779297,1.2878456
8543,2.2667713,0.09273348,-0.08436282,0.7415605783462524,0.16423135,2.3649795055389404,1.1218109
8544,2.2999136,0.15168105,-0.09199772,0.729013204574585,0.1387356,2.0515835285186768,1.3948183
8545,2.1779842,0.15827197,-0.08391813,0.5810552835464478,0.19282836,2.3879973888397217,1.0112503
8546,2.2921393,0.14005135,-0.102419935,0.7075004577636719,0.14366765,2.1192448139190674,1.0742657
8547,2.198888,0.13236454,-0.092970565,0.6827821135520935,0.1666489,2.342636823654175,0.9048789
8548,2.2827482,0.14307268,-0.08353237,0.7279201745986938,0.18365228,2.2676796913146973,1.0841311
8549,2.275098,0.19009058,-0.1326969,0.6986628770828247,0.18191373,2.2879393100738525,1.2105299
8550,2.3703487,0.17838693,-0.115619995,0.7617226839065552,0.14789698,2.087502956390381,1.3463603
8551,2.2448177,0.18945079,-0.031784236,0.8200977444648743,0.16776513,2.4246554374694824,1.7381625
8552,2.3574152,0.12070274,-0.13762364,0.8301941156387329,0.08488393,2.036308526992798,1.4938015
8553,2.295283,0.18480879,-0.13896093,0.8471401929855347,0.100992784,2.392638683319092,1.2660111
8554,2.2625058,0.10163337,-0.07701492,0.8270208239555359,0.11600296,2.422508716583252,1.1720338
8555,2.2531848,0.14075084,-0.14734925,0.8499549627304077,0.11583988,2.680353879928589,1.1682318
8556,2.3810148,0.14315058,-0.059531923,0.733411431312561,0.18501271,2.0402653217315674,1.7669085
8557,2.3637168,0.17447,-0.20922843,0.6261888742446899,0.1624495,2.3072707653045654,1.2495072
8558,2.2872188,0.13079928,-0.12905826,0.8453017473220825,0.1104909,2.3227086067199707,1.3620254
8559,2.2643085,0.1328318,-0.10717073,0.8183034658432007,0.12211586,2.5227744579315186,1.0989372
8560,2.266597,0.21927065,-0.10070607,0.7450113296508789,0.13634399,2.3089022636413574,1.211976
8561,2.3030026,0.14601475,-0.10991709,0.6082730293273926,0.2152709,2.0489425659179688,1.3847988
8562,2.2426603,0.1620708,-0.018961508,0.8058839440345764,0.1358823,2.602293014526367,1.0530076
8563,2.3053188,0.17658184,-0.13245396,0.7046816945075989,0.18969148,2.179018497467041,1.2664738
8564,2.2954907,0.08179213,-0.05694783,0.7768433690071106,0.1639033,2.330014705657959,1.4782315
8565,2.2288826,0.12414998,-0.029580595,0.813183605670929,0.13420421,2.4083075523376465,1.4409086
8566,2.239405,0.14631042,-0.0911569,0.7572451233863831,0.15657005,2.3026156425476074,1.2695676
8567,2.2643766,0.060709592,-0.06099975,0.7763858437538147,0.16882892,2.4496757984161377,1.2660859
8568,2.34294,0.12941419,-0.0046774107,0.822887122631073,0.11375898,2.099841594696045,1.552057
8569,2.2878368,0.19736257,-0.108475834,0.85,0.089123696,2.445880651473999,1.1598221
8570,2.3068159,0.22956063,-0.079064816,0.8399237394332886,0.13576242,2.294401168823242,1.6204404
8571,2.3166454,0.08126074,-0.0712306,0.826219916343689,0.12345456,2.2356603145599365,1.3985571
8572,2.2543352,0.1405381,-0.130903,0.6509831547737122,0.17715955,2.3156094551086426,1.1419771
8573,2.2547517,0.15389645,-0.18620224,0.8099433779716492,0.118256874,2.572080612182617,0.9921897
8574,2.2979712,0.12793632,-0.06612189,0.6420691013336182,0.17315847,2.19380521774292,1.4086863
8575,2.3644395,0.14449821,-0.20719434,0.847365140914917,0.089990325,2.1853654384613037,1.2079215
8576,2.220764,0.13343309,-0.08324732,0.43676990270614624,0.23306069,2.3805649280548096,1.6695504
8577,2.3076546,0.20087303,-0.13292196,0.7729059457778931,0.17137308,2.442857265472412,1.3326813
8578,2.1241379,0.14879887,-0.045324896,0.5436744093894958,0.15668713,2.4292960166931152,0.88592666
8579,2.3061519,0.18311633,-0.06442798,0.8417906761169434,0.12473052,2.3111677169799805,1.3032376
8580,2.294098,0.13549896,-0.16004415,0.7691082954406738,0.12781735,2.3717803955078125,0.987743
8581,2.248277,0.23319703,-0.17485893,0.701801598072052,0.17009088,2.351221799850464,1.1856513
8582,2.331972,0.118382886,-0.059759382,0.8089718222618103,0.11505886,2.296212673187256,1.2881476
8583,2.3260324,0.1363886,0.00041729564,0.7834133505821228,0.16587499,2.097046136856079,1.7250476
8584,2.286043,0.15557604,-0.053093497,0.8067013621330261,0.15140052,2.181274652481079,1.3873965
8585,2.243381,0.1127392,-0.05244335,0.8365344405174255,0.107165486,2.5816729068756104,1.0910536
8586,2.3541205,0.15864202,-0.18774025,0.5873402953147888,0.2348264,2.16976261138916,1.7419977
8587,2.2673686,0.16480461,-0.026225029,0.7951546907424927,0.1576453,2.278005599975586,1.659639
8588,2.2553787,0.14763246,-0.121942155,0.5952098965644836,0.2076653,2.4306113719940186,1.1539814
8589,2.3487806,0.13776569,-0.15334257,0.8221787810325623,0.13029632,2.1789464950561523,1.1827399
8590,2.3040378,0.097442135,-0.08272745,0.8304187059402466,0.10962344,2.2969400882720947,1.3207597
8591,2.313398,0.16850357,-0.1397377,0.837486982345581,0.120087825,2.379439353942871,1.215423
8592,2.2757883,0.18500192,-0.12600544,0.8392185568809509,0.10011732,2.4365131855010986,1.104132
8593,2.3775764,0.17727782,-0.10376271,0.8172829747200012,0.14755726,2.0397262573242188,1.9867053
8594,2.3039892,0.14935789,-0.20853053,0.8188537955284119,0.102970585,2.305695056915283,1.1153847
8595,2.3704102,0.042502206,-0.16413298,0.7114338278770447,0.152418,2.0454061031341553,1.3529218
8596,2.3325498,0.13115911,-0.15325008,0.8456708192825317,0.10510564,2.402247190475464,1.2279736
8597,2.2632828,0.15249395,-0.09254267,0.6845192909240723,0.17541057,2.2993993759155273,1.3336773
8598,2.3580873,0.15550248,-0.2176011,0.8322534561157227,0.13575165,2.17840576171875,1.4399028
8599,2.3269136,0.15552776,-0.12585464,0.6962695717811584,0.1859989,2.3105568885803223,1.2030455
8600,2.2847407,0.108114466,-0.100864835,0.600448727607727,0.18219441,2.1622142791748047,1.3142974
8601,2.2633529,0.20126428,-0.07186601,0.579801082611084,0.21658145,2.297473430633545,1.4946183
8602,2.405977,0.019431245,-0.13551769,0.7380142211914062,0.14636466,2.1772806644439697,1.3003877
8603,2.0963447,0.24805392,-0.07251898,0.27748608589172363,0.27339286,2.5259034633636475,0.93456763
8604,2.3147404,0.1962707,-0.169243,0.7179362177848816,0.18967025,2.48728346824646,1.3714359
8605,2.1217852,0.1622405,-0.0965481,0.41316068172454834,0.19900961,2.8342435359954834,0.7770935
8606,2.3327415,0.14708747,-0.17672738,0.8474355936050415,0.11727623,2.417043924331665,1.1021327
8607,2.3408916,0.13368542,-0.115081325,0.8337034583091736,0.11505006,2.1029980182647705,1.5829905
8608,2.2307904,0.24386989,-0.040025562,0.7184610962867737,0.17416364,2.2853243350982666,1.2493119
8609,2.3009315,0.19588748,-0.114424944,0.7528625726699829,0.13998689,2.1992874145507812,1.3438534
8610,2.3599455,0.15658769,-0.12871103,0.7844629883766174,0.16475338,2.1040196418762207,1.7542633
8611,2.4012415,0.12958124,-0.15884121,0.7760728001594543,0.14463668,2.1374356746673584,1.4568194
8612,2.2739139,0.16915324,-0.11913589,0.6825575828552246,0.18432443,2.3914780616760254,1.2344258
8613,2.2383885,0.1379023,-0.046614233,0.7873630523681641,0.09265763,2.3553175926208496,0.82119757
8614,2.2704039,0.0961323,-0.21794865,0.3843567967414856,0.19280891,2.323288679122925,0.9257686
8615,2.2702303,0.17257752,-0.050319236,0.814397931098938,0.15277304,2.3141510486602783,1.3683556
8616,2.2116845,0.124938644,-0.052328125,0.7180817723274231,0.1669313,2.42541766166687,0.9823506
8617,2.309359,0.13404734,-0.072563946,0.742626965045929,0.17216034,2.1600661277770996,1.5234654
8618,2.3869495,0.18272373,-0.2666183,0.7232725024223328,0.19432448,2.1171958446502686,1.5802815
8619,2.3265657,0.051245674,-0.11738129,0.8164958357810974,0.12683491,2.526671886444092,1.1157281
8620,2.2318084,0.12729272,-0.082795374,0.5002403259277344,0.20168823,2.3162453174591064,1.3230962
8621,2.1891057,0.18259336,-0.10493773,0.7905884385108948,0.111425065,2.3829097747802734,1.00052
8622,2.2953703,0.16307752,-0.105139084,0.655646562576294,0.18861903,2.171109199523926,1.5696557
8623,2.3390477,0.16967478,-0.11524568,0.7246285080909729,0.16176076,2.322756052017212,1.2736738
8624,2.283915,0.19221878,-0.06136503,0.8063492774963379,0.14581564,2.242753744125366,1.2635201
8625,2.2889528,0.094066836,-0.08037039,0.8260222673416138,0.12440818,2.4351437091827393,0.9351199
8626,2.2970593,0.07302286,-0.18245947,0.5480073690414429,0.17051247,2.276876211166382,1.0179483
8627,2.3377662,0.12549555,-0.16133077,0.7070909738540649,0.17791264,2.2244837284088135,1.3772151
8628,2.2455385,0.12596862,-0.17133696,0.4472813606262207,0.22350332,2.336196184158325,1.2800701
8629,2.3780982,0.08612112,-0.13754974,0.8132650852203369,0.11076216,2.239650249481201,1.453972
8630,2.4227824,0.14122674,-0.16630912,0.730211079120636,0.17652144,2.274611473083496,1.4956028
8631,2.264082,0.0696231,-0.06735697,0.7936861515045166,0.14146775,2.3591887950897217,1.1487408
8632,2.1960757,0.1276004,-0.07102259,0.7614902853965759,0.17817514,2.585451364517212,1.0334558
8633,2.3883672,0.25064328,-0.115207046,0.7691513895988464,0.1961865,2.0610251426696777,2.057331
8634,2.3341842,0.20481572,-0.070061915,0.7845367789268494,0.1719887,2.0678951740264893,1.5579627
8635,2.2736242,0.22457144,-0.0051448345,0.7603052258491516,0.18419886,2.1019904613494873,1.8187462
8636,2.3098876,0.15669389,-0.1569667,0.655022144317627,0.1920481,2.3928780555725098,1.1709372
8637,2.219942,0.16887839,-0.07779526,0.8384706377983093,0.10587776,2.4035112857818604,1.1904321
8638,2.3295455,0.16960603,-0.25363636,0.7008405327796936,0.16921113,2.3859572410583496,1.2598399
8639,2.2178745,0.13997154,-0.11541692,0.7694997191429138,0.145586,2.4463279247283936,0.9617947
8640,2.279458,0.15341717,0.039223462,0.8394023776054382,0.12456998,2.182037830352783,1.5111396
8641,2.339643,0.14659144,-0.18901457,0.6081153750419617,0.18268654,2.0756473541259766,1.4292669
8642,2.3841493,0.13812299,-0.21509467,0.8387972712516785,0.10182053,2.167905807495117,1.412448
8643,2.3471982,0.09397879,-0.051680814,0.7178472280502319,0.14564173,2.134462594985962,1.371874
8644,2.2609181,0.08906975,-0.09778337,0.7480726838111877,0.1360042,2.3137476444244385,1.0912297
8645,2.2072926,0.16812831,-0.10457792,0.5674371719360352,0.18300848,2.3400113582611084,1.0722128
8646,2.317033,0.15915526,-0.07953196,0.7672461271286011,0.17595145,2.0893495082855225,1.5070506
8647,2.265866,0.12616536,-0.17424163,0.8162856101989746,0.11218951,2.44991397857666,0.88115364
8648,2.3935647,0.1261748,-0.12428555,0.6966314911842346,0.1857475,2.0007975101470947,1.7000062
8649,2.3145251,0.14729291,-0.078722484,0.5256161093711853,0.19255856,2.0244810581207275,1.5619246
8650,2.343047,0.1329443,-0.14732681,0.580778956413269,0.184013,2.2319395542144775,1.2691635
8651,2.2368798,0.15730767,-0.04582338,0.6592719554901123,0.20208901,2.361832857131958,1.2162632
8652,2.292989,0.20052378,-0.08048375,0.7178395390510559,0.16776682,2.2839605808258057,1.6068135
8653,2.2169173,0.24523476,-0.11469501,0.7515597939491272,0.17437634,2.2488884925842285,1.2797409
8654,2.3398294,0.14075997,-0.119423866,0.7376270890235901,0.15607344,2.117201328277588,1.4719388
8655,2.2160063,0.090604566,-0.07560281,0.7664659023284912,0.11118062,2.588593006134033,0.88024575
8656,2.3323815,0.12729892,-0.10375234,0.7041050791740417,0.16770537,2.1754331588745117,1.4564216
8657,2.2676108,0.1404114,-0.12089207,0.7506397366523743,0.14953107,2.1821749210357666,1.2092303
8658,2.4238923,0.10143883,-0.18554883,0.6302438378334045,0.21101315,2.075604200363159,1.4226683
8659,2.2536774,0.14131893,-0.089230396,0.7959019541740417,0.13578098,2.3711423873901367,1.040347
8660,2.3706028,0.21661115,-0.112735316,0.7786414623260498,0.17904268,2.2555336952209473,1.988776
8661,2.3912356,0.19527292,-0.16098201,0.6795185208320618,0.20445727,2.0765342712402344,1.858534
8662,2.3186953,0.17022547,-0.25825784,0.7773773074150085,0.11194994,2.123540163040161,1.1945286
8663,2.2772474,0.21576375,-0.10241943,0.6793128252029419,0.19203873,2.1045467853546143,1.7404141
8664,2.2722187,0.17632775,-0.058947876,0.8286271095275879,0.14462718,2.090532064437866,1.7073436
8665,2.2681534,0.07902644,-0.009324379,0.7336117625236511,0.1979485,2.423719882965088,1.2168612
8666,2.3923016,0.134753,-0.13669036,0.801192045211792,0.16190472,2.432044506072998,1.1459229
8667,2.324133,0.1424973,-0.12692171,0.564002275466919,0.20489307,2.3178272247314453,1.2917086
8668,2.2744539,0.07146812,-0.1205995,0.5018540024757385,0.19677275,2.4018373489379883,1.2837563
8669,2.251937,0.18284597,-0.02717578,0.7990854382514954,0.16358627,2.3343677520751953,1.4636834
8670,2.2544813,0.14613591,-0.101091325,0.5758175253868103,0.22391494,2.428176164627075,1.2533368
8671,2.2989054,0.17379798,-0.14069782,0.6963964700698853,0.16551425,2.323787212371826,1.1595709
8672,2.2493696,0.27772155,-0.14644007,0.4789501428604126,0.21856198,2.2381644248962402,1.3785353
8673,2.2501173,0.12684901,-0.09071599,0.3752623200416565,0.22472814,2.13968563079834,1.4787573
8674,2.2534158,0.14495072,-0.09742035,0.7817843556404114,0.11892847,2.238724946975708,1.2475586
8675,2.3427649,0.19886999,-0.11052544,0.7142459750175476,0.19038212,2.1850969791412354,1.4573209
8676,2.3263245,0.113140464,-0.0061339852,0.8368210792541504,0.09897783,2.109135150909424,1.431086
8677,2.2415478,0.113589585,-0.063078865,0.6974623799324036,0.18479322,2.3610787391662598,1.2888803
8678,2.3302584,0.2115092,-0.1582635,0.841245174407959,0.15643388,2.1125645637512207,1.7856401
8679,2.2793217,0.23702618,-0.12873651,0.4007174074649811,0.24566309,2.112192153930664,1.4233756
8680,2.3099656,0.1607118,-0.06903026,0.8182927966117859,0.1547186,2.0987186431884766,1.766715
8681,2.3140528,0.11127131,-0.16370192,0.7742859721183777,0.12846532,2.3184893131256104,1.1987814
8682,2.3461022,0.24521996,-0.13298728,0.7934885025024414,0.16846459,2.2289817333221436,1.5511752
8683,2.2674668,0.17686199,-0.15010342,0.6457957029342651,0.17999983,2.3047351837158203,1.2007596
8684,2.3421097,0.1637222,-0.09195415,0.525578498840332,0.23375699,2.2490921020507812,1.5104715
8685,2.0740428,0.112987,-0.006935716,0.09349126368761063,0.26297188,2.3175177574157715,1.000237
8686,2.181329,0.20824231,-0.068936154,0.5986841320991516,0.15473916,2.418788433074951,1.0613658
8687,2.3074374,0.097340055,-0.05418307,0.7121366858482361,0.14875096,2.217207193374634,1.2146832
8688,2.2925434,0.21186782,-0.03525559,0.7696515321731567,0.116646625,2.217533826828003,1.2769129
8689,2.243265,0.12928292,-0.1386647,0.7913542985916138,0.12753229,2.7704756259918213,1.015946
8690,2.247388,0.07054384,-0.1238259,0.534024178981781,0.1904842,2.4690558910369873,1.0700433
8691,2.1237895,0.20589533,-0.0083573265,0.6471583247184753,0.16011013,2.1548919677734375,1.0788645
8692,2.2342815,0.20905839,-0.15235315,0.6884048581123352,0.1818223,2.4107842445373535,1.1902144
8693,2.3299317,0.13430323,-0.14794414,0.7027158737182617,0.19886333,2.414794921875,1.070754
8694,2.2225428,0.14731935,-0.05198955,0.557260274887085,0.21870813,2.4012575149536133,1.2336111
8695,2.289942,0.14206311,-0.13011076,0.7025402784347534,0.15486076,2.3254754543304443,1.1818323
8696,2.3027594,0.19426051,-0.13577442,0.6713401079177856,0.17913435,2.0856454372406006,1.4735279
8697,2.1701956,0.18360378,-0.012397651,0.4632200300693512,0.2376827,2.4039876461029053,1.2749536
8698,2.3143046,0.16554777,-0.10794965,0.588948667049408,0.18306254,2.239532470703125,1.3454835
8699,2.2519279,0.14671372,0.019286172,0.7148538827896118,0.18482164,2.1473660469055176,1.3528934
8700,2.2895646,0.14125699,-0.0347209,0.6700379848480225,0.18360116,2.325376272201538,1.4808803
8701,2.2575252,0.23139846,-0.049580235,0.8157790899276733,0.11612255,2.0758352279663086,1.5054477
8702,2.3066123,0.09938324,-0.11227835,0.7876662611961365,0.15766394,2.1004631519317627,1.1883372
8703,2.3356612,0.08784052,-0.14233819,0.7122243046760559,0.17791905,2.399989366531372,1.3689758
8704,2.233822,0.19459811,-0.21702807,0.6558642983436584,0.17160784,2.3571431636810303,1.1488833
8705,2.2470527,0.07172216,-0.041436512,0.7437546253204346,0.1797494,2.450258731842041,1.3351121
8706,2.2269652,0.21395686,-0.07623505,0.625606119632721,0.20816256,2.425950765609741,1.3288976
8707,2.239797,0.14957723,-0.10489946,0.7649871706962585,0.15410432,2.4467108249664307,1.1435775
8708,2.3814106,0.22499938,-0.09946232,0.8140033483505249,0.17533526,2.085543632507324,1.7437197
8709,2.3034403,0.11771937,-0.117772356,0.6999409794807434,0.16734871,2.4506704807281494,1.1192195
8710,2.1596484,0.1482144,-0.0433791,0.7896062135696411,0.08961987,2.451146125793457,0.85783666
8711,2.2228484,0.1828214,-0.037399173,0.5675272345542908,0.22871262,2.335430145263672,1.201081
8712,2.18839,0.1461743,-0.1467372,0.6071493029594421,0.12180041,2.3648970127105713,0.8955097
8713,2.2511039,0.13519567,-0.048663255,0.709369957447052,0.18021339,2.570899486541748,1.1872699
8714,2.3077707,0.16577625,-0.12617792,0.6210751533508301,0.17964838,2.3283169269561768,1.0959201
8715,2.3606033,0.19333121,-0.18176614,0.4907306432723999,0.21451087,2.093982696533203,1.7990026
8716,2.2844121,0.20258483,-0.08670682,0.6994740962982178,0.16958791,2.161132335662842,1.3671343
8717,2.3303525,0.111437306,-0.09357519,0.85,0.01944186,2.0038788318634033,1.4775118
8718,2.435726,0.07123341,-0.12976877,0.7492714524269104,0.18707332,2.049403667449951,1.7228253
8719,2.2270594,0.17693342,-0.10467872,0.699242353439331,0.19296542,2.4308223724365234,1.1419978
8720,2.309911,0.21963981,-0.2233298,0.7815014719963074,0.14344727,2.310751438140869,1.4081801
8721,2.3538847,0.10214491,-0.07195417,0.628635823726654,0.16020261,2.079618215560913,1.4046024
8722,2.1793902,0.20272876,-0.07874447,0.7116772532463074,0.14876395,2.5373897552490234,1.0211921
8723,2.226458,0.1596582,-0.12901843,0.7657040357589722,0.14575489,2.5390732288360596,0.96400976
8724,2.2042103,0.03415478,-0.033654653,0.6130316257476807,0.13837516,2.3804564476013184,0.75585115
8725,2.288726,0.113027915,-0.11760928,0.37689584493637085,0.17460814,2.066084623336792,1.3323581
8726,2.3785796,0.09211956,-0.17044955,0.8486502766609192,0.08522917,2.0691239833831787,1.4320574
8727,2.3028839,0.19001365,-0.20306525,0.45533591508865356,0.2227859,2.106848955154419,1.4185152
8728,2.422181,0.101623096,-0.2630817,0.818048894405365,0.110678345,2.138702154159546,1.4296532
8729,2.21446,0.18650608,-0.09163039,0.41584286093711853,0.22216278,2.4611330032348633,1.1674119
8730,2.2334733,0.1594751,-0.024073688,0.8091390132904053,0.14025787,2.44999098777771,1.189406
8731,2.3006349,0.14680476,-0.12671986,0.836988627910614,0.115221694,2.461480140686035,1.2602221
8732,2.2209046,0.26912674,-0.18815868,0.7627796530723572,0.17518717,2.4838473796844482,1.3710967
8733,2.272589,0.21264328,-0.15152429,0.643907904624939,0.2246925,2.4912140369415283,1.3951787
8734,2.2735777,0.1617747,-0.054928306,0.8367634415626526,0.09071047,2.1635754108428955,1.2667276
8735,2.307685,0.122013085,-0.12085656,0.7398188710212708,0.13615808,2.205349922180176,1.3422631
8736,2.3799877,0.12701346,-0.19658823,0.742656946182251,0.1525413,2.0733540058135986,1.4904871
8737,2.3083005,0.1748575,-0.15154912,0.7234532833099365,0.15157567,2.2291345596313477,1.1456225
8738,2.2222157,0.17909645,-0.07508357,0.7567574977874756,0.15295595,2.4574105739593506,1.1954758
8739,2.298332,0.10668156,-0.009251043,0.7575517296791077,0.16568516,2.3701798915863037,1.1687275
8740,2.4073598,0.1627906,-0.068473645,0.8348355889320374,0.17543836,2.067840814590454,1.7956331
8741,2.3120432,0.17591636,-0.0033938736,0.708259105682373,0.19426784,2.2206180095672607,1.520324
8742,2.2715018,0.18101117,-0.14627047,0.7362568378448486,0.12723924,2.130488157272339,1.2016128
8743,2.318367,0.17930901,-0.06929468,0.6594706773757935,0.1987107,2.1171815395355225,1.325007
8744,2.3528326,0.10823385,-0.14698586,0.85,0.0972015,2.4860339164733887,1.0979657
8745,2.216132,0.092316456,-0.023674812,0.5667643547058105,0.17459875,2.39650297164917,1.1753403
8746,2.229115,0.07498032,-0.07733433,0.7831145524978638,0.08308676,2.349992513656616,1.0486544
8747,2.2011206,0.20732512,-0.017400678,0.7731346487998962,0.18461189,2.413597583770752,1.2180305
8748,2.2868478,0.18124965,-0.142992,0.7872061729431152,0.11154653,2.2978885173797607,1.1843367
8749,2.3440454,0.1318317,-0.12211935,0.4559764266014099,0.17842498,2.061439275741577,1.6311113
8750,2.3134036,0.11091519,-0.19110022,0.774887204170227,0.1473432,2.112713098526001,1.1522946
8751,2.3043172,0.08864681,-0.03968593,0.7104793787002563,0.16495432,2.1398587226867676,1.4984548
8752,2.2057865,0.19255663,-0.0059127472,0.7576844692230225,0.1723923,2.4044125080108643,1.2164989
8753,2.241864,0.20970488,-0.15382205,0.7736663222312927,0.1450069,2.621410369873047,0.9224051
8754,2.2882519,0.2932077,-0.1049612,0.7263627052307129,0.17608517,2.2653658390045166,1.8118665
8755,2.2444012,0.23946883,-0.046232257,0.8071985840797424,0.14012933,2.308018445968628,1.4651417
8756,2.2758281,0.14835948,0.008922918,0.8485318422317505,0.091290876,2.1688060760498047,1.3931589
8757,2.2505507,0.14272043,-0.10311026,0.7192212343215942,0.18095483,2.3829455375671387,1.2422048
8758,2.2539225,0.18770096,-0.1342271,0.833930492401123,0.1259887,2.4566826820373535,1.3397291
8759,2.2832608,0.14166923,-0.12998068,0.779582679271698,0.14849102,2.3696680068969727,1.1292816
8760,2.2674608,0.21408986,-0.0002540852,0.757040798664093,0.15856549,2.2694661617279053,1.2380624
8761,2.3069625,0.14162199,-0.089006536,0.6834033727645874,0.22760181,2.0465118885040283,2.7635229
8762,2.3294177,0.20524472,-0.24878138,0.7049194574356079,0.15848103,2.182486057281494,1.2360446
8763,2.2733624,0.19450024,-0.09840312,0.7717965245246887,0.1628226,2.314518451690674,1.2062702
8764,2.2163026,0.19264083,-0.13829662,0.5690596699714661,0.2136056,2.4924607276916504,1.1370684
8765,2.308272,0.24215679,-0.11280299,0.8227834105491638,0.14002204,2.3480842113494873,1.4015357
8766,2.2349672,0.12235963,-0.039296087,0.631173312664032,0.19335498,2.432297706604004,1.1883501
8767,2.3443427,0.14478993,-0.15485084,0.7741388082504272,0.15017958,2.2910327911376953,1.3748623
8768,2.2723095,0.22805105,-0.091092445,0.48726457357406616,0.21240117,2.291954278945923,1.4739966
8769,2.367634,0.17600012,-0.20675634,0.8237611055374146,0.15629755,2.290287494659424,1.5443152
8770,2.2299368,0.13494067,-0.05631691,0.7552614212036133,0.16442032,2.166246175765991,1.1940436
8771,2.3073568,0.17397794,-0.14639372,0.7597128748893738,0.17640388,2.331374406814575,1.3835906
8772,2.2936177,0.17953631,-0.18611944,0.8025943040847778,0.12631164,2.3431854248046875,1.2013023
8773,2.183957,0.18003671,-0.16196293,0.5357327461242676,0.18711011,2.4014642238616943,0.9508035
8774,2.1609743,0.21595754,-0.07369025,0.760918140411377,0.1272192,2.571681261062622,0.9439618
8775,2.2860274,0.18933557,-0.08934117,0.7729395627975464,0.12958048,2.095475673675537,1.370254
8776,2.2950003,0.14665368,-0.10070037,0.7650353312492371,0.13764563,2.322209596633911,1.1552372
8777,2.3311958,0.11806838,-0.22100277,0.7707973122596741,0.18329981,2.464937210083008,1.5506878
8778,2.255067,0.10590944,-0.08243659,0.7559210658073425,0.16271156,2.320840835571289,1.1269075
8779,2.2774878,0.1315732,-0.016381469,0.8011772036552429,0.15324582,2.258289337158203,1.237395
8780,2.3510644,0.103383444,-0.08707355,0.5771881937980652,0.21109888,2.078866720199585,1.7925119
8781,2.2071803,0.24959305,-0.02900542,0.6818569302558899,0.17721623,2.4165406227111816,1.3160967
8782,2.2460804,0.20523106,-0.07966666,0.6911553740501404,0.17556737,2.3862695693969727,1.2054248
8783,2.293009,0.22180277,-0.112420954,0.7996128797531128,0.16168848,2.077080488204956,1.6695372
8784,2.2312825,0.18151245,-0.11312059,0.7378562092781067,0.16158976,2.3077099323272705,1.1844085
8785,2.356394,0.12576187,-0.12861301,0.7989915013313293,0.17306736,2.313194990158081,1.5963495
8786,2.354179,0.059234314,-0.08846144,0.8336475491523743,0.11701358,2.160141706466675,1.1129533
8787,2.225601,0.09262215,-0.056427278,0.6175330877304077,0.20735882,2.272517681121826,1.2986337
8788,2.2582395,0.2541572,-0.16905032,0.8318538069725037,0.11657923,2.4980132579803467,1.0861384
8789,2.2624533,0.20612912,-0.16767298,0.5786896347999573,0.18628432,2.3860392570495605,1.2953596
8790,2.329737,0.17365466,-0.08128108,0.85,0.16560797,2.081596851348877,2.517305
8791,2.3558822,0.19868855,-0.16493642,0.6208266019821167,0.19893257,1.973525047302246,1.2967371
8792,2.26704,0.17817464,-0.05318358,0.6706774830818176,0.14305282,2.295940637588501,1.224774
8793,2.2190454,0.20646375,-0.15458599,0.5194167494773865,0.18753074,2.3594093322753906,0.8342354
8794,2.216046,0.14505218,-0.019925857,0.844341516494751,0.08900567,2.447544574737549,0.9166678
8795,2.2885916,0.15205795,-0.09301483,0.7530737519264221,0.14514737,2.266223430633545,1.3423218
8796,2.2558403,0.17601591,-0.045950945,0.8339078426361084,0.11380301,2.3022449016571045,1.2683672
8797,2.309871,0.08044429,-0.097341076,0.8304265141487122,0.09493704,2.2672438621520996,1.2243251
8798,2.3605824,0.1973423,-0.13228296,0.6521082520484924,0.20029962,2.0296120643615723,2.0986745
8799,2.248056,0.16625822,-0.10550229,0.7734012007713318,0.14078198,2.3153727054595947,1.1948557
8800,2.2451797,0.173639,-0.07929478,0.7020705938339233,0.20310421,2.4787960052490234,1.1318913
8801,2.2771587,0.20454466,-0.088956125,0.709036111831665,0.18129386,2.087149143218994,1.4409525
8802,2.377798,0.1709496,-0.15680668,0.8421284556388855,0.15717235,2.125248670578003,1.5495555
8803,2.3146522,0.13519216,-0.09481332,0.7513428330421448,0.18058124,2.1084556579589844,1.3852692
8804,2.3652487,0.07698735,-0.15752427,0.830639660358429,0.106982075,2.3235487937927246,1.4300386
8805,2.4932222,0.02094581,-0.11773604,0.6201971173286438,0.20074204,2.037524700164795,1.7049786
8806,2.3523662,0.12795456,-0.24222082,0.5944334864616394,0.20006855,2.2392938137054443,1.2880309
8807,2.3004885,0.1490908,-0.14611124,0.7765223979949951,0.13783042,2.237717390060425,1.3294067
8808,2.2791276,0.09382669,-0.011440531,0.6997053027153015,0.19108297,2.23638916015625,1.5185694
8809,2.2939086,0.10050403,-0.061456047,0.5302481055259705,0.18057807,2.2829360961914062,1.2378663
8810,2.3978083,0.09474708,-0.1542252,0.816682755947113,0.120554425,2.2530107498168945,1.2921662
8811,2.29984,0.15292501,-0.046137433,0.4437163472175598,0.24242955,2.0612339973449707,1.6448482
8812,2.309892,0.20637448,-0.17411664,0.8484697937965393,0.097752295,2.188187599182129,1.2613319
8813,2.2964916,0.14812534,-0.19267616,0.6172316074371338,0.19029084,2.380436897277832,1.1258496
8814,2.2445297,0.21433148,-0.012097836,0.7913868427276611,0.13361174,2.3490540981292725,1.0732841
8815,2.272908,0.20279649,-0.1308284,0.5227307081222534,0.18553852,2.20752215385437,1.2446281
8816,2.2333739,0.20349899,-0.102540396,0.7718396186828613,0.16890097,2.3251161575317383,1.5799335
8817,2.2840755,0.194648,-0.19849928,0.6536508798599243,0.19106087,2.329723834991455,1.3120921
8818,2.1942604,0.1725677,-0.121594995,0.6474719643592834,0.13809843,2.4299356937408447,1.065271
8819,2.3051567,0.16184711,-0.012932933,0.757171630859375,0.18280554,2.2330193519592285,1.4690299
8820,2.2789214,0.18894085,-0.10859933,0.7415330410003662,0.15974018,2.3138463497161865,1.3494672
8821,2.2984662,0.25354898,-0.1120875,0.7506579756736755,0.14454901,2.334153890609741,1.3499427
8822,2.169009,0.15488,-0.15124182,0.8128074407577515,0.15924208,2.52433705329895,0.8397707
8823,2.3462763,0.21690992,-0.18614273,0.6270782947540283,0.19227026,2.2289609909057617,1.6183423
8824,2.2427723,0.17962928,-0.18575689,0.5306922793388367,0.19629155,2.3824098110198975,1.1502703
8825,2.244881,0.13055879,-0.051252168,0.49917519092559814,0.18959075,2.2148969173431396,1.3243235
8826,2.2145505,0.19212136,0.004309767,0.768844485282898,0.12287437,2.304271697998047,1.3085461
8827,2.350113,0.16090132,-0.14124747,0.7601983547210693,0.19557612,2.084231376647949,1.8969666
8828,2.3462656,0.17946976,-0.16090389,0.6716747283935547,0.20652601,2.1153643131256104,1.6806242
8829,2.2048993,0.14127617,-0.21152191,0.39736151695251465,0.20678574,2.348126173019409,1.0426708
8830,2.3763404,0.15908311,-0.116706796,0.8080672025680542,0.13988133,2.0988528728485107,1.7736368
8831,2.2552104,0.19401206,-0.006488896,0.7347747087478638,0.17431983,2.052340030670166,1.6330714
8832,2.3107002,0.12584655,-0.13874887,0.7542686462402344,0.13349609,2.310483932495117,1.0038236
8833,2.1370304,0.16195104,-0.021843571,0.7492514252662659,0.1145115,2.503410577774048,0.85727173
8834,2.3340003,0.12690997,-0.117734134,0.8221413493156433,0.1614042,2.3821849822998047,1.250676
8835,2.2799678,0.14421661,-0.0776623,0.85,0.09291632,2.3368942737579346,1.3584863
8836,2.3323057,0.19919544,-0.091806285,0.8370907306671143,0.105211,2.059278726577759,1.3936862
8837,2.3163743,0.22451015,-0.2262778,0.6358729600906372,0.23400503,2.3307816982269287,1.4475849
8838,2.323103,0.13067304,-0.09603963,0.6417196393013,0.18013595,2.132657051086426,1.5191447
8839,2.20146,0.17815056,-0.13334125,0.4300035238265991,0.18306221,2.6233432292938232,0.9053256
8840,2.3960702,0.09876822,-0.12982665,0.7875723242759705,0.117567725,2.0944902896881104,1.4294852
8841,2.3347633,0.19641215,-0.14955442,0.7029927968978882,0.21729983,2.364008665084839,1.3850616
8842,2.368038,0.122065075,-0.19213067,0.6721681356430054,0.16855256,2.093134641647339,1.2962466
8843,2.300146,0.13707112,-0.1063462,0.7781217694282532,0.12869406,2.27239990234375,1.2417623
8844,2.237623,0.17497446,-0.0019525014,0.7617853283882141,0.15692192,2.4689719676971436,1.407764
8845,2.344874,0.24099256,-0.06806491,-0.09681417793035507,0.20280722,2.0957744121551514,1.6579678
8846,2.3525295,0.11274592,-0.10642741,0.662669837474823,0.20223068,2.183525800704956,1.4839729
8847,2.3353517,0.20564833,-0.10866353,0.7886520028114319,0.15818587,2.1889712810516357,1.5643082
8848,2.3041062,0.15736064,-0.108420804,0.7656731605529785,0.16125987,2.3426432609558105,1.2813933
8849,2.3901973,0.07889884,-0.061599135,0.7240816354751587,0.19331157,2.1421422958374023,1.666744
8850,2.2506022,0.12965657,-0.07649209,0.6932671666145325,0.1860089,2.438265085220337,1.2243928
8851,2.1726675,0.13177009,-0.05840275,0.5818421244621277,0.18421261,2.299595594406128,1.0462841
8852,2.3982446,0.1362056,-0.1758203,0.7116224765777588,0.19748588,1.9138339757919312,1.9210938
8853,2.3006966,0.18560843,-0.15772918,0.8380247354507446,0.1356445,2.364518642425537,1.368018
8854,2.3131015,0.178552,-0.21918419,0.665267825126648,0.21071486,2.2510955333709717,1.390388
8855,2.3530397,0.20480691,-0.066443264,0.668395459651947,0.2110371,2.1938986778259277,1.7124857
8856,2.297782,0.08905718,-0.1503315,0.7037824988365173,0.17735319,2.4668431282043457,1.0818216
8857,2.272403,0.124283545,-0.08803245,0.8159115314483643,0.09371626,2.100813865661621,1.7059711
8858,2.248662,0.20447443,-0.037806593,0.8037740588188171,0.15703897,2.3229880332946777,1.3784426
8859,2.259738,0.24243136,-0.16432458,0.6293916702270508,0.16128322,2.2827086448669434,1.1556915
8860,2.2136827,0.25614384,-0.13489667,0.47132986783981323,0.22102284,2.373203992843628,1.1942782
8861,2.357175,0.19093262,-0.122763015,0.4199235439300537,0.22786495,2.0810086727142334,1.627116
8862,2.2026546,0.13874112,-0.11871488,0.5042224526405334,0.19415209,2.4256980419158936,1.0921977
8863,2.306997,0.20118003,-0.066984676,0.8317532539367676,0.10872287,2.1210880279541016,1.5655522
8864,2.2483263,0.17776173,-0.116812706,0.7441975474357605,0.15909591,2.6009562015533447,1.1181618
8865,2.1813898,0.2760587,-0.08735814,0.6139416098594666,0.17003958,2.372269630432129,1.1005249
8866,2.2535348,0.1841955,-0.14264382,0.5677464008331299,0.21099852,2.1600611209869385,1.4382995
8867,2.2242358,0.14834002,-0.048197795,0.7694072723388672,0.16811754,2.4536330699920654,1.1614009
8868,2.389536,0.18487282,-0.12237242,0.6370596289634705,0.22199297,2.050687313079834,2.0932994
8869,2.3506596,0.14638895,-0.15238594,0.783832311630249,0.14702001,2.128404140472412,1.3283776
8870,2.3567226,0.30231684,-0.16038857,0.7621666193008423,0.1961465,2.318054676055908,1.5314504
8871,2.2434375,0.24519388,-0.23211056,0.7356891632080078,0.15380129,2.4450831413269043,1.2353878
8872,2.2106442,0.20952109,-0.06840297,0.7570611238479614,0.15532014,2.336850881576538,1.3241876
8873,2.340312,0.17753248,-0.107813515,0.7229488492012024,0.156061,2.320629596710205,1.2578659
8874,2.273124,0.19778961,-0.14250103,0.7862639427185059,0.16235356,2.311371326446533,1.2688538
8875,2.2182024,0.13870159,-0.18952551,0.3013572692871094,0.20581825,2.3534746170043945,1.0138408
8876,2.2530875,0.17373815,-0.12215303,0.67282634973526,0.18815073,2.368812322616577,1.1268964
8877,2.2789962,0.06992356,-0.12534174,0.633048951625824,0.13984649,2.170487642288208,1.0697988
8878,2.311964,0.1674455,-0.2755467,0.642281174659729,0.16871737,2.4629762172698975,1.0585378
8879,2.2556713,0.022129832,-0.014276348,0.8228684663772583,0.13857466,2.3797786235809326,1.1897335
8880,2.3012822,0.14375286,-0.08326148,0.8016111254692078,0.12606478,2.108673095703125,1.4279033
8881,2.3379104,0.14272483,-0.18374906,0.8388075828552246,0.09480765,2.142179250717163,1.10665
8882,2.208194,0.12638935,0.03683174,0.6198505759239197,0.17330839,2.3045661449432373,1.0151707
8883,2.177694,0.20010531,-0.06440267,0.5494542121887207,0.15534978,2.1842358112335205,1.2353272
8884,2.292602,0.1506733,-0.08231028,0.7415642738342285,0.15347469,2.3847405910491943,1.1843666
8885,2.264286,0.17199472,-0.082546234,0.5994243621826172,0.19475664,2.189054250717163,1.4491223
8886,2.2327805,0.16159414,-0.047059722,0.6924853920936584,0.18612322,2.249485969543457,1.4518483
8887,2.3355777,0.14340186,-0.13669671,0.8089194893836975,0.11160473,2.2616381645202637,1.5464455
8888,2.2186644,0.16141179,0.039732073,0.8219744563102722,0.120010026,2.4082396030426025,1.1483701
8889,2.225633,0.12479638,-0.06100164,0.7527928352355957,0.17520651,2.3760383129119873,1.3163536
8890,2.2994242,0.27075902,-0.20726413,0.5895524621009827,0.19748247,2.131425619125366,1.4846662
8891,2.293392,0.16230036,-0.027497124,0.6745948195457458,0.16651273,2.075376033782959,1.3641075
8892,2.3724978,0.19693515,-0.09960516,0.6918052434921265,0.20627326,2.0856456756591797,1.9527655
8893,2.308276,0.17943786,-0.05707466,0.7777497172355652,0.14613406,2.145848512649536,1.564251
8894,2.2667863,0.10766551,-0.10151627,0.7403146028518677,0.14255129,2.325237512588501,1.2223741
8895,2.2265472,0.25237733,0.025181727,0.7306186556816101,0.15930583,2.22841477394104,1.3813128
8896,2.2804139,0.1406938,-0.0684851,0.756261944770813,0.20653929,2.324528217315674,1.4266156
8897,2.2813478,0.20881884,-0.13335347,0.8495628237724304,0.097264215,2.4811692237854004,1.1374128
8898,2.2501311,0.059303205,-0.050933264,0.7827284932136536,0.12471006,2.1832215785980225,1.2682174
8899,2.4622664,0.1770181,-0.25313288,0.7474191784858704,0.19074017,2.2525596618652344,1.4852829
8900,2.2187054,0.1327471,-0.1164607,0.7613697052001953,0.15100212,2.613201856613159,1.038741
8901,2.1980932,0.17466538,-0.05806195,0.7367796301841736,0.13532089,2.1683709621429443,1.1792583
8902,2.3067348,0.2012728,-0.11475545,0.5865792632102966,0.18657278,2.1393041610717773,1.6330937
8903,2.258636,0.111580044,-0.08984294,0.8082557320594788,0.14139184,2.5609142780303955,1.0385054
8904,2.3005414,0.18536785,-0.08556974,0.7337395548820496,0.18459034,2.0836358070373535,1.898577
8905,2.3187637,0.21667631,-0.102500886,0.7244846224784851,0.2045625,2.1889188289642334,1.7487574
8906,2.3110423,0.14904508,-0.095780656,0.709316074848175,0.16621044,2.069338083267212,1.6991193
8907,2.288928,0.17594327,-0.0596744,0.5753673911094666,0.13079707,2.3453400135040283,1.3100803
8908,2.248856,0.18082224,-0.14431326,0.6614375710487366,0.1878346,2.2964837551116943,1.3390136
8909,2.2430325,0.17427626,-0.044526387,0.7727680802345276,0.1443514,2.3451056480407715,1.0543866
8910,2.3242228,0.20279723,-0.1347598,0.6300759315490723,0.17022997,2.1718647480010986,1.663245
8911,2.3803205,0.17560081,-0.16997491,0.8230953216552734,0.1439174,2.2675797939300537,1.5414746
8912,2.3331547,0.18436795,-0.03697804,0.6637155413627625,0.15676445,2.380462169647217,1.3055722
8913,2.2932568,0.1839454,-0.13970096,0.8170560598373413,0.16034077,2.438284397125244,1.3670399
8914,2.2819715,0.1480309,-0.04964289,0.8210101127624512,0.102769166,2.6736972332000732,1.0811533
8915,2.2587354,0.12434836,-0.14633322,0.6331865191459656,0.103883184,2.5058000087738037,0.87976396
8916,2.2539537,0.16127022,-0.17442098,0.6844513416290283,0.17976323,2.358532428741455,1.0523657
8917,2.341448,0.17049237,-0.20893621,0.494289755821228,0.18301187,2.071077585220337,1.4430538
8918,2.1890166,0.20791994,-0.1361506,0.721937358379364,0.13714892,2.6362557411193848,0.928184
8919,2.3257985,0.1801793,-0.1652143,0.6630135774612427,0.21876048,2.182623863220215,1.4284873
8920,2.2706168,0.15451208,-0.1531771,0.43537136912345886,0.2769775,2.2112479209899902,1.3850751
8921,2.3270476,0.18555956,-0.123807594,0.611838161945343,0.27442738,2.1776368618011475,1.5866132
8922,2.2033098,0.19285512,-0.010364608,0.822060763835907,0.10618853,2.3568339347839355,1.154923
8923,2.2536724,0.17173843,-0.09869418,0.7977175712585449,0.16747932,2.3856725692749023,1.2686936
8924,2.3206306,0.07737535,-0.10532576,0.7838146090507507,0.14910547,2.3727545738220215,1.3391571
8925,2.2790446,0.17868003,-0.1436388,0.3465854823589325,0.22748797,2.1413090229034424,1.4023904
8926,2.3053684,0.038718626,-0.1181719,0.5788238644599915,0.23158535,2.386338949203491,1.2845997
8927,2.296939,0.27276883,-0.12288794,0.85,0.06907505,2.3967087268829346,1.2967021
8928,2.2572322,0.14780107,-0.065436006,0.5890686511993408,0.20448224,2.33897066116333,1.2632053
8929,2.2844944,0.1825021,-0.10374922,0.7279554605484009,0.1917715,2.3821938037872314,1.3532364
8930,2.302012,0.2802669,-0.07948021,0.7308700084686279,0.19159517,2.1168270111083984,1.9829905
8931,2.3749807,0.17473544,-0.19381803,0.7699670195579529,0.123592034,2.135779619216919,1.2933049
8932,2.2664888,0.16805318,-0.15820752,0.7941510081291199,0.1529833,2.368490695953369,1.193567
8933,2.321685,0.104526825,-0.059942927,0.7519986629486084,0.1724108,2.223118782043457,1.4297473
8934,2.216768,0.14626957,-0.16517901,0.40760377049446106,0.19817004,2.2639715671539307,1.2665739
8935,2.2637105,0.057963457,-0.1549849,0.6400467753410339,0.18518434,2.488870859146118,1.0946054
8936,2.2777226,0.18351083,-0.13936317,0.7576881647109985,0.11399377,2.15348482131958,1.248381
8937,2.221912,0.17532694,-0.05490495,0.7454227805137634,0.1517995,2.3318872451782227,1.1409744
8938,2.2837076,0.2173089,-0.19708899,0.7515466809272766,0.1316957,2.361884593963623,1.1318434
8939,2.2798898,0.18266465,-0.14105316,0.8141975402832031,0.1483569,2.4144561290740967,1.3028241
8940,2.2619138,0.2138379,-0.099094935,0.7043511867523193,0.19968112,2.2643609046936035,1.7412823
8941,2.4370162,0.20766954,-0.15252005,0.716320276260376,0.21583308,2.132542848587036,1.5949665
8942,2.297562,0.16680226,-0.037581768,0.8436216711997986,0.09631878,2.1790921688079834,1.5307616
8943,2.26817,0.13383716,-0.10414352,0.7515580654144287,0.13936548,2.3931236267089844,1.1339568
8944,2.3622022,0.1920572,-0.17111193,0.6283724308013916,0.19377442,2.08809757232666,1.4365826
8945,2.2434745,0.07587185,-0.123016246,0.7267807126045227,0.1635408,2.2767996788024902,1.1405258
8946,2.4088955,0.11723272,-0.18225373,0.6200476884841919,0.23936082,2.0722086429595947,1.899474
8947,2.303107,0.20564511,-0.16654465,0.7438415884971619,0.14633802,2.2318670749664307,1.3558123
8948,2.2832754,0.10795111,-0.07314341,0.6164425611495972,0.20159991,2.4473989009857178,1.4550223
8949,2.3613293,0.22941995,-0.1925084,0.7828494906425476,0.17049451,2.0696561336517334,1.6069536
8950,2.244634,0.11962751,-0.016354464,0.7484563589096069,0.12729307,2.4601023197174072,1.0002083
8951,2.2530508,0.14650436,-0.017935619,0.8088318109512329,0.11747056,2.3134195804595947,1.1929069
8952,2.3114066,0.18221214,-0.21693772,0.6216429471969604,0.1589109,2.3431975841522217,1.0236413
8953,2.2213225,0.19986479,-0.064478725,0.7456531524658203,0.1731972,2.4671614170074463,1.2502031
8954,2.3422053,0.16568658,-0.112474404,0.6333065032958984,0.19401547,2.1086208820343018,1.5806226
8955,2.2138782,0.07384348,-0.1074026,0.3730734586715698,0.2393248,2.355147123336792,1.0824603
8956,2.2349322,0.1425012,-0.05731062,0.8425902724266052,0.08525214,2.1792070865631104,1.052474
8957,2.319016,0.2716173,-0.112713486,0.7023143172264099,0.16144116,2.201812982559204,1.259594
8958,2.2273293,0.16650735,-0.082511365,0.4483644366264343,0.22624916,2.6685125827789307,1.1657053
8959,2.2734506,0.23109125,-0.14579397,0.8046573996543884,0.1101587,2.5295653343200684,1.0013968
8960,2.274511,0.2224496,-0.10720244,0.8387417197227478,0.12971936,2.5636916160583496,1.296713
8961,2.251224,0.16648062,-0.0671318,0.7143926024436951,0.15367329,2.0790059566497803,1.242945
8962,2.2825837,0.1541296,-0.10576204,0.7710976600646973,0.15610369,2.3853862285614014,1.1484169
8963,2.2291596,0.048467923,-0.050351612,0.8259812593460083,0.09968558,2.3704729080200195,1.0501381
8964,2.2817307,0.29723048,-0.11604549,0.7811087965965271,0.1805201,2.088517904281616,1.3726164
8965,2.3159614,0.18099894,-0.16370068,0.602172315120697,0.18217501,2.383923053741455,1.1149879
8966,2.246088,0.19359083,-0.045109216,0.7668654322624207,0.1633434,2.415714740753174,1.1802733
8967,2.2631822,0.151985,-0.10679732,0.7507655620574951,0.16705084,2.40604305267334,1.1104308
8968,2.299592,0.23683225,-0.08301095,0.6394799947738647,0.18188672,2.061959743499756,1.8562443
8969,2.1728828,0.18608454,-0.07763959,0.7897137999534607,0.08122322,2.488646984100342,0.9729926
8970,2.30747,0.058141362,-0.016488325,0.7539684772491455,0.13027158,2.3585078716278076,1.137807
8971,2.2824602,0.21690826,-0.1375608,0.6457242965698242,0.22334288,2.3179972171783447,1.4892356
8972,2.2699018,0.1532245,-0.085578084,0.7668655514717102,0.13468045,2.3394031524658203,1.2094545
8973,2.2232833,0.19623365,-0.16541173,0.6281459927558899,0.19136071,2.343196153640747,1.2310766
8974,2.331788,0.23703736,-0.09867096,0.6197764277458191,0.20581166,2.0546457767486572,1.5389953
8975,2.311411,0.22449592,-0.04757742,0.7732179164886475,0.14714526,2.1225857734680176,1.6232619
8976,2.378684,0.09422012,-0.07619815,0.7584401369094849,0.15613915,2.210686206817627,1.3679576
8977,2.2640731,0.09667426,-0.058075726,0.772379994392395,0.1391808,2.4216420650482178,0.9935144
8978,2.3854215,0.18316075,-0.15046994,0.6241631507873535,0.22307047,2.121401786804199,1.6301895
8979,2.2500784,0.18431921,-0.16610321,0.7156052589416504,0.15244798,2.4974868297576904,1.031617
8980,2.3290248,0.036479436,-0.15776336,0.8012921810150146,0.14287059,2.4892935752868652,1.1257683
8981,2.3493679,0.13568941,-0.11214389,0.7880711555480957,0.16996068,2.2451283931732178,1.5585492
8982,2.2813685,0.17923279,-0.1621433,0.8250622153282166,0.104327425,2.3673691749572754,1.0905973
8983,2.3277194,0.17671393,-0.15827715,0.7436324954032898,0.11770578,2.1007907390594482,1.3447366
8984,2.2084675,0.1199832,0.021982,0.7902429699897766,0.13786204,2.36570143699646,1.1617547
8985,2.3047788,0.14712253,-0.07898714,0.8088234663009644,0.15178694,2.384305238723755,1.4582605
8986,2.282619,0.13592431,-0.16131648,0.7426051497459412,0.15278631,2.3205785751342773,1.2084416
8987,2.247156,0.18168795,-0.13375226,0.6840270161628723,0.18794008,2.4044344425201416,1.334078
8988,2.3090324,0.15155755,-0.0753222,0.7656439542770386,0.14727342,2.2132322788238525,1.4259667
8989,2.3326168,0.17748757,-0.14774449,0.6373254060745239,0.21613729,2.074838876724243,1.5763232
8990,2.3847885,0.13691942,-0.09924761,0.7140576243400574,0.17298636,2.0517470836639404,1.6401235
8991,2.3622751,0.116959274,-0.16350351,0.85,0.07216189,2.3588762283325195,1.5164547
8992,2.395667,0.15369567,-0.15516457,0.7749907970428467,0.16208898,2.2094199657440186,1.3523555
8993,2.235402,0.10205558,-0.021927383,0.7764869332313538,0.122153394,2.3089966773986816,0.999622
8994,2.3227684,0.16783334,-0.20282179,0.6280293464660645,0.19645894,2.473700523376465,1.3045768
8995,2.209918,0.22801812,-0.09342368,0.7280035614967346,0.138809,2.5464046001434326,0.75618696
8996,2.3743565,0.17779638,-0.20538041,0.708705723285675,0.1815439,2.335155487060547,1.3068606
8997,2.2637231,0.11248015,-0.094121195,0.8370460271835327,0.09402793,2.221876382827759,1.0349398
8998,2.3245168,0.26967728,-0.0249272,0.7936269640922546,0.15909398,2.086772918701172,1.6190494
8999,2.3452556,0.16853082,-0.09442324,0.8096804618835449,0.14005291,2.0455520153045654,2.0948353
9000,2.3024974,0.15083261,-0.1882763,0.6292545795440674,0.20458052,2.3331503868103027,1.414353
9001,2.2816472,0.16817823,-0.10056004,0.8359771966934204,0.08067292,2.45174241065979,1.2062678
9002,2.157827,0.13405195,-0.06415281,0.7068821787834167,0.1785352,2.530771017074585,0.9908018
9003,2.2289684,0.09459487,-0.11841532,0.44818249344825745,0.22093655,2.4282877445220947,1.2192743
9004,2.2753098,0.1556364,-0.12115944,0.5145609378814697,0.1900449,2.226746082305908,1.3195529
9005,2.3641365,0.25714266,-0.12351794,0.6248657703399658,0.21304879,2.0768024921417236,1.6427844
9006,2.1796124,0.18297814,-0.05981465,0.720587968826294,0.16928664,2.4134256839752197,1.1296288
9007,2.3045692,0.21517153,-0.10034402,0.5902689099311829,0.2199149,2.0477113723754883,1.8077868
9008,2.2085924,0.10364054,-0.037613444,0.6065125465393066,0.1850098,2.266374349594116,1.0799532
9009,2.2951827,0.15791854,-0.016774327,0.46970635652542114,0.20708752,2.091919183731079,1.4817034
9010,2.2487915,0.17875767,-0.11060238,0.8257240056991577,0.12223453,2.375206232070923,1.1473591
9011,2.3230536,0.15325685,-0.077133246,0.5912430882453918,0.16715822,2.0325119495391846,1.4750434
9012,2.2582772,0.18371572,-0.10187704,0.7416345477104187,0.17133385,2.1199798583984375,1.4399986
9013,2.2927701,0.1665901,-0.12615123,0.8373483419418335,0.09694386,2.3237664699554443,1.0878732
9014,2.263152,0.12189252,-0.04139103,0.7858092784881592,0.12473577,2.23671293258667,1.3179555
9015,2.3370788,0.11351077,-0.04426085,0.7885451912879944,0.17766173,2.105790615081787,1.5913796
9016,2.2746792,0.19591601,-0.169778,0.5714117288589478,0.21515097,2.3062057495117188,1.4851266
9017,2.2863138,0.18683055,-0.16749795,0.6721117496490479,0.13344276,2.135812282562256,1.3854469
9018,2.2785606,0.12716119,-0.14387323,0.8299219012260437,0.104418874,2.2110912799835205,0.9840405
9019,2.2976272,0.13552828,-0.117714606,0.7757623195648193,0.14603548,2.409848928451538,1.1664317
9020,2.187252,0.20840387,-0.08645445,0.8118748664855957,0.1704212,2.5678799152374268,1.2628567
9021,2.3344903,0.120795645,-0.19396727,0.7579773664474487,0.16079733,2.2589237689971924,1.3014308
9022,2.199141,0.18776433,-0.14955936,0.6091405153274536,0.16435906,2.3922722339630127,0.9287266
9023,2.2882466,0.17036435,-0.06790868,0.7862100005149841,0.15887357,2.3500216007232666,1.5584643
9024,2.3155193,0.1319692,-0.16298081,0.743074357509613,0.17790188,2.6403896808624268,1.2293638
9025,2.3178587,0.18575163,-0.15332705,0.7888683080673218,0.15620667,2.330009698867798,1.3053474
9026,2.3498762,0.13537323,-0.12693723,0.7530026435852051,0.1759478,2.2288386821746826,1.3888404
9027,2.2907407,0.16072243,-0.11708693,0.7209029793739319,0.19876353,2.4153006076812744,1.4847528
9028,2.3006191,0.0829485,-0.16745663,0.7316040992736816,0.17851119,2.319575071334839,1.3881091
9029,2.3552604,0.20724957,-0.17732327,0.8164247274398804,0.1603922,2.1859452724456787,1.5173455
9030,2.2733629,0.1895029,-0.048879467,0.7449596524238586,0.15281534,2.0814590454101562,1.6492803
9031,2.348501,0.19797677,-0.18239094,0.7735744118690491,0.19205159,2.3049161434173584,1.9796188
9032,2.1790771,0.153851,-0.0002694197,0.6852986812591553,0.17583969,2.3784966468811035,1.1771435
9033,2.2386005,0.22288993,-0.10160876,0.7946105003356934,0.1342207,2.431696653366089,1.0578203
9034,2.3194454,0.19737661,-0.1166837,0.6654894351959229,0.19223091,2.0802135467529297,1.6357945
9035,2.2588403,0.1287157,-0.08625445,0.85,0.10609644,2.6996986865997314,0.95465136
9036,2.3120537,0.10728606,-0.1168746,0.7089257836341858,0.1500327,2.229276418685913,1.2655847
9037,2.4355235,0.18498406,-0.18407156,0.8453038334846497,0.13614038,1.9825379848480225,2.2129848
9038,2.2501705,0.11820767,-0.06091847,0.7112510204315186,0.19601838,2.3301713466644287,1.3407875
9039,2.3209739,0.11061727,-0.11889106,0.8353947401046753,0.08625399,2.090937376022339,1.3338959
9040,2.2601633,0.1850189,-0.12349355,0.6928706169128418,0.14937809,2.155933141708374,1.332548
9041,2.3234024,0.12823698,-0.0303782,0.8301458954811096,0.09247651,2.1528356075286865,1.1834619
9042,2.293402,0.044740688,-0.065251544,0.4317537248134613,0.23587202,2.3356781005859375,1.1846737
9043,2.3581944,0.15327051,-0.15210037,0.7822611927986145,0.13614711,2.148322582244873,1.4167576
9044,2.2187212,0.14028595,-0.08247985,0.7036775946617126,0.15154763,2.3488054275512695,1.1627989
9045,2.2838569,0.21750338,-0.115010016,0.7264175415039062,0.18190645,2.27522873878479,1.2393013
9046,2.2926152,0.17244773,-0.044885058,0.6879854202270508,0.18122342,2.4864883422851562,1.1669742
9047,2.3042212,0.16682519,-0.23135751,0.7629562020301819,0.15754053,2.380596160888672,1.0050039
9048,2.2550747,0.14951923,-0.13106114,0.6195887327194214,0.15910242,2.379046678543091,1.0242428
9049,2.2758117,0.19675408,-0.09451408,0.7302876114845276,0.15081565,2.1929752826690674,1.402484
9050,2.2375531,0.11840796,-0.039662834,0.7398166656494141,0.1699439,2.446389675140381,1.3186262
9051,2.2887585,0.13769424,-0.09910892,0.822743833065033,0.12077077,2.3347156047821045,1.1731955
9052,2.2969768,0.1951518,-0.05661936,0.7087989449501038,0.14658314,2.1088085174560547,1.5812908
9053,2.2407792,0.12037124,-0.0031128342,0.6564475297927856,0.16788119,2.0548975467681885,1.442687
9054,2.2281601,0.18274257,-0.091708995,0.704988420009613,0.17007415,2.69840931892395,1.1142749
9055,2.4653065,0.08817932,-0.13272232,0.8357137441635132,0.13410102,2.110424041748047,2.0820389
9056,2.245187,0.14383881,-0.13798541,0.6925881505012512,0.16515084,2.4501953125,1.0550786
9057,2.2542365,0.18153346,-0.070851564,0.7228286266326904,0.17172393,2.4190726280212402,1.1687165
9058,2.207162,0.15473343,-0.037612334,0.7093250751495361,0.1691359,2.3025357723236084,1.2758017
9059,2.2844102,0.14852986,-0.08816655,0.6278938055038452,0.19892249,2.3161966800689697,1.2833136
9060,2.2773793,0.09656242,-0.06693347,0.7831005454063416,0.1371143,2.3286242485046387,1.186965
9061,2.2722769,0.1560965,-0.13815288,0.4674174189567566,0.22188857,2.1153814792633057,1.7355832
9062,2.2858574,0.17139953,-0.083027005,0.7963299751281738,0.18655616,2.399049997329712,1.5810071
9063,2.2330744,0.22575672,-0.11583429,0.620528519153595,0.14074376,2.3968374729156494,1.165844
9064,2.2944212,0.1500392,-0.10776672,0.838904857635498,0.096765615,2.1840503215789795,1.4079095
9065,2.1864824,0.14158158,-0.038789235,0.769288182258606,0.13388686,2.2677204608917236,1.1994717
9066,2.3399816,0.12205484,-0.14506577,0.7397810816764832,0.14877205,2.1597282886505127,1.4056463
9067,2.2699447,0.118930414,-0.16376098,0.536583423614502,0.16498187,2.322345733642578,1.0257726
9068,2.261963,0.14366779,-0.038791716,0.7983596324920654,0.15643325,2.1807286739349365,1.3856254
9069,2.305336,0.20632058,-0.12370528,0.6450117826461792,0.15198909,2.262606382369995,1.1801579
9070,2.3182197,0.26114592,-0.17966568,0.7437199950218201,0.14125776,2.3360538482666016,1.0720434
9071,2.3321333,0.18119273,-0.08709673,0.7683356404304504,0.14679635,2.2189106941223145,1.2741777
9072,2.1743476,0.14128467,-0.043235496,0.7265024781227112,0.12689544,2.5076112747192383,1.0214483
9073,2.301567,0.13271444,-0.08606675,0.7614256739616394,0.16508429,2.2619411945343018,1.2223563
9074,2.3070045,0.21980354,-0.2440406,0.5198680758476257,0.18824428,2.292588472366333,1.0972154
9075,2.3005407,0.12902655,-0.10580349,0.7810568809509277,0.11524878,2.417414903640747,1.1239473
9076,2.2771676,0.1801468,-0.1867232,0.6655401587486267,0.18547921,2.2265305519104004,1.3527896
9077,2.185016,0.08439416,-0.0752732,0.5823153853416443,0.17320788,2.4780192375183105,0.9196457
9078,2.3292193,0.20768306,-0.23013203,0.7537218332290649,0.16088228,2.3042986392974854,1.1624341
9079,2.2776291,0.1568372,-0.008670947,0.7371798157691956,0.13911876,2.2840964794158936,0.9993803
9080,2.257104,0.09914562,-0.072721444,0.6076226830482483,0.1781901,2.5160152912139893,1.0195861
9081,2.330356,0.18307742,-0.04586483,0.789141058921814,0.1465024,2.1250534057617188,1.64281
9082,2.2834718,0.22592527,-0.16375469,0.5706049203872681,0.21483214,2.1067841053009033,1.473162
9083,2.2788694,0.18119773,-0.050875984,0.7864304780960083,0.08950513,2.1102423667907715,1.2773399
9084,2.1807957,0.1625836,-0.106343396,0.7601209282875061,0.10073714,2.6075053215026855,0.91804034
9085,2.223121,0.19361319,-0.017499998,0.85,0.10435227,2.326362133026123,1.1546612
9086,2.4469895,0.123592876,-0.19144228,0.8212325572967529,0.13375793,2.0407471656799316,1.4863814
9087,2.294612,0.13630341,-0.13679604,0.5281495451927185,0.2197903,2.252285957336426,1.3759543
9088,2.271027,0.07055056,-0.13831005,0.4809410870075226,0.20043376,2.597576856613159,1.0242938
9089,2.2305179,0.118863076,-0.07931106,0.7928677797317505,0.13000175,2.505960702896118,1.0495642
9090,2.3137958,0.15925252,-0.033147313,0.6034694314002991,0.1578629,2.109347343444824,1.5123935
9091,2.2443428,0.13870068,-0.20161732,0.8175989985466003,0.10836509,2.7025043964385986,0.8962642
9092,2.376426,0.08053467,-0.12646145,0.8490090370178223,0.093844466,2.1179113388061523,1.4464648
9093,2.2681818,0.17886497,-0.08279372,0.7306565642356873,0.1375491,2.356891393661499,0.9672172
9094,2.302814,0.0631775,-0.17155376,0.5151088237762451,0.20045882,2.318096399307251,1.1439157
9095,2.234854,0.20284058,-0.0935887,0.6350859999656677,0.17647241,2.4115447998046875,1.179948
9096,2.388125,0.13050623,-0.07889363,0.5569334626197815,0.204986,2.0851120948791504,1.7039969
9097,2.3037746,0.23766895,-0.12210969,0.823743999004364,0.10360812,2.086092233657837,1.8423262
9098,2.2890677,0.18133706,-0.15094258,0.4490218162536621,0.18768138,2.3888912200927734,1.1641198
9099,2.150421,0.20612228,-0.07017671,0.6454451084136963,0.17275204,2.6061928272247314,1.0187024
9100,2.3435905,0.11857496,-0.15465851,0.6628487706184387,0.17621315,2.301121473312378,1.3043561
9101,2.3068066,0.076534405,-0.14495489,0.7475499510765076,0.17486179,2.371904134750366,1.2647992
9102,2.3268619,0.189951,-0.13363032,0.8441352844238281,0.121810526,2.2921266555786133,1.6006615
9103,2.3692873,0.18019263,-0.04460536,0.7898374795913696,0.16808793,2.107104539871216,2.0707579
9104,2.404888,0.10954311,-0.14798911,0.7836268544197083,0.18774845,2.1658153533935547,1.6275971
9105,2.268748,0.12543023,-0.17765586,0.6870325207710266,0.19392572,2.5818252563476562,1.0548024
9106,2.2983694,0.16394547,-0.118683696,0.7032675743103027,0.18769176,2.1958539485931396,1.6377584
9107,2.4267995,0.10176384,-0.14334677,0.8209158182144165,0.1243569,2.0404155254364014,1.8428667
9108,2.2947385,0.13090383,-0.11015893,0.44599923491477966,0.22087601,2.1913094520568848,1.4639022
9109,2.349514,0.14446667,-0.21025407,0.85,0.09584223,2.3592443466186523,1.3855511
9110,2.312537,0.12613869,-0.13051221,0.6161775588989258,0.17400527,2.2942497730255127,1.2048471
9111,2.2899747,0.16233055,-0.08122709,0.6197046041488647,0.17587349,2.2874391078948975,1.2027252
9112,2.368821,0.2118371,-0.091496214,0.6395257115364075,0.18870649,2.05887770652771,1.4752134
9113,2.3180327,0.15268576,-0.10957855,0.6744653582572937,0.234763,2.2517342567443848,1.4869292
9114,2.3467941,0.13276982,-0.0757289,0.7706319093704224,0.14472438,2.170194149017334,1.5071223
9115,2.3163357,0.14300933,-0.1092538,0.5637951493263245,0.14705773,2.3402745723724365,1.0533
9116,2.2898781,0.14639221,-0.13356806,0.8102182149887085,0.1506889,2.209489107131958,1.7236632
9117,2.2433417,0.16597937,-0.11728787,0.7173364758491516,0.1554743,2.4071381092071533,1.1951022
9118,2.3768156,0.074702404,-0.15584613,0.503269374370575,0.22824812,2.0377914905548096,2.3151023
9119,2.3263083,0.16714147,-0.1283332,0.7573658227920532,0.13087977,2.10530424118042,1.2865376
9120,2.2959385,0.13257225,-0.0589558,0.7445204257965088,0.17111862,2.06707501411438,1.5876924
9121,2.3172116,0.2712127,-0.14243229,0.7154686450958252,0.18213533,2.177619695663452,1.4878136
9122,2.3048503,0.23961067,-0.13684456,0.8268339037895203,0.115722984,2.1746270656585693,1.3204097
9123,2.3037977,0.19748466,-0.17891085,0.6413335204124451,0.18604892,2.177788257598877,1.4329787
9124,2.3124042,0.1626728,-0.05982413,0.6581390500068665,0.24628198,2.2039847373962402,1.7975379
9125,2.3685064,0.13136111,-0.103000596,0.8258123397827148,0.12071007,2.023466110229492,1.5040098
9126,2.2386186,0.2025314,-0.10216101,0.8258777856826782,0.11319487,2.3515453338623047,1.1715981
9127,2.2410872,0.22516258,-0.09365279,0.6286507248878479,0.22188225,2.389810085296631,1.174293
9128,2.2780423,0.19114992,-0.14802341,0.49891772866249084,0.23817222,2.253312349319458,1.4823617
9129,2.2471058,0.15903704,-0.09435267,0.7010274529457092,0.17173146,2.525895833969116,1.0942838
9130,2.369038,0.12640908,-0.063808,0.8414098024368286,0.10707148,2.348339796066284,1.1390936
9131,2.259185,0.167115,-0.053039588,0.7314299941062927,0.1916333,2.293215274810791,1.6062179
9132,2.261702,0.18489581,-0.13573682,0.2832220196723938,0.2633161,2.3894336223602295,1.4577265
9133,2.23128,0.23757815,-0.17700589,0.6036107540130615,0.17461973,2.3342761993408203,1.0572622
9134,2.3373265,0.20674327,-0.26007384,0.6956552267074585,0.15812874,2.3119966983795166,1.2656705
9135,2.3274016,0.110757835,-0.09052984,0.8221590518951416,0.09598513,2.0893685817718506,1.2627413
9136,2.2582273,0.15931407,-0.044409785,0.615481436252594,0.19437483,2.1547043323516846,1.7287706
9137,2.2861137,0.07428247,-0.099133,0.7930243015289307,0.18616432,2.293396472930908,1.4404644
9138,2.2281551,0.18102191,-0.028360572,0.7281329035758972,0.13638675,2.621983766555786,0.9248249
9139,2.3140764,0.14216657,-0.11346991,0.5948739051818848,0.16150649,2.3383615016937256,1.1554959
9140,2.286528,0.11024342,-0.12334778,0.7262830138206482,0.21254003,2.1226656436920166,1.9937017
9141,2.3196406,0.16547586,-0.16755106,0.8023289442062378,0.13272436,2.5260605812072754,0.9935217
9142,2.3624609,0.1531894,-0.071789175,0.3057904541492462,0.21064487,1.996366024017334,1.8859046
9143,2.334307,0.20271915,-0.12504584,0.7671230435371399,0.14492872,2.096106767654419,1.4452527
9144,2.379435,0.0001732197,-0.12632859,0.8147163987159729,0.10138958,2.3649096488952637,1.2427008
9145,2.2827673,0.19303808,-0.23760453,0.5202628970146179,0.21466173,2.3590025901794434,1.2782247
9146,2.3801985,0.15962863,-0.14720154,0.8330878615379333,0.12249551,2.139254570007324,1.5186137
9147,2.2739353,0.14288017,-0.13922499,0.7396353483200073,0.16173632,2.4068398475646973,1.1927218
9148,2.2099047,0.14638804,-0.023801839,0.8082873225212097,0.08010233,2.2394332885742188,0.9654383
9149,2.335631,0.152879,-0.19208683,0.7843106389045715,0.14274035,2.103572368621826,1.2756935
9150,2.3102806,0.12764594,-0.12575819,0.7347841858863831,0.16655108,2.2968010902404785,1.4151936
9151,2.2840466,0.19283734,-0.1512838,0.7827220559120178,0.13363788,2.11700701713562,1.3531786
9152,2.2497118,0.10092745,-0.027814118,0.7718090415000916,0.15689008,2.3452258110046387,1.1672418
9153,2.2576036,0.16375555,-0.10397387,0.8143880367279053,0.13449146,2.178809881210327,1.2472212
9154,2.269409,0.13793574,-0.09519511,0.6222405433654785,0.1887138,2.187220573425293,1.305351
9155,2.26137,0.2023098,-0.087350525,0.85,0.0912901,2.410938024520874,1.1089711
9156,2.3224893,0.16943456,-0.20741545,0.8169869184494019,0.12569852,2.3227553367614746,1.2047067
9157,2.2827415,0.1822957,-0.10680305,0.7355813384056091,0.1483873,2.273052930831909,1.3263742
9158,2.2866597,0.086635575,0.007973375,0.5633465647697449,0.20544674,2.0848090648651123,1.5255417
9159,2.328531,0.12803999,-0.10048958,0.759750247001648,0.15074483,2.0759012699127197,1.5527388
9160,2.2039921,0.19527018,-0.051571395,0.4121083617210388,0.2535586,2.4497451782226562,1.3114234
9161,2.3584063,0.16736865,-0.097371385,0.8267949223518372,0.15077509,2.2583842277526855,1.3301203
9162,2.4336078,0.20293836,-0.14546455,0.7969591021537781,0.190063,2.2023727893829346,1.960094
9163,2.2972503,0.15924443,-0.16540536,0.7263900637626648,0.16409726,2.392958879470825,1.2179077
9164,2.242943,0.19538188,-0.17884019,0.7960057854652405,0.1628979,2.605609893798828,1.0464321
9165,2.380948,0.19988437,-0.22868387,0.6176995038986206,0.23024942,2.216780662536621,1.8354962
9166,2.3227153,0.23862988,-0.12509738,0.785332441329956,0.16587827,2.289855480194092,1.6161455
9167,2.298832,0.1157504,-0.012764504,0.827669084072113,0.09972797,2.1423227787017822,1.5722623
9168,2.3134568,0.04826837,-0.113228075,0.6156003475189209,0.19962332,2.1564297676086426,1.4962014
9169,2.3761842,0.13631713,-0.12550978,0.7233372926712036,0.1815515,2.0687203407287598,1.8456336
9170,2.2522922,0.118474334,-0.0345903,0.7035362124443054,0.183868,2.2706356048583984,1.4414587
9171,2.239427,0.12039364,-0.06213046,0.7329050302505493,0.15521571,2.434739112854004,1.0956963
9172,2.298125,0.11673235,-0.10111208,0.5929566025733948,0.15680209,2.2925288677215576,1.0564018
9173,2.1746552,0.19276585,-0.0069653285,0.7351071238517761,0.1465791,2.4492461681365967,1.1174948
9174,2.298653,0.21466367,-0.21091892,0.7580938935279846,0.15337348,2.4405994415283203,1.014382
9175,2.336697,0.12960212,-0.13490471,0.7466972470283508,0.121291086,2.118912935256958,1.2189804
9176,2.322169,0.14522064,-0.07502957,0.8048556447029114,0.1437657,2.276892900466919,1.4354258
9177,2.358266,0.117385395,-0.12170799,0.7846927046775818,0.18321645,2.282628297805786,1.3882898
9178,2.2044911,0.041320816,-0.04035794,0.3995295464992523,0.2085134,2.395752191543579,1.011637
9179,2.326864,0.19198291,-0.13608216,0.5660431385040283,0.17446233,2.1138553619384766,1.340548
9180,2.306584,0.20090272,-0.095390804,0.6007630228996277,0.17469476,2.065849542617798,1.5940694
9181,2.3170667,0.1703624,-0.07241532,0.7703180313110352,0.14771144,2.0911874771118164,1.4752022
9182,2.3146012,0.19254962,-0.14921269,0.7486201524734497,0.13596456,2.289470911026001,1.2519238
9183,2.4447038,0.107033044,-0.28357965,0.8124560117721558,0.14705706,2.205850601196289,1.4539055
9184,2.310571,0.25426394,-0.096299194,0.7624493837356567,0.16494362,2.3519856929779053,1.3115946
9185,2.3065388,0.16994399,-0.14445747,0.7082609534263611,0.14489251,2.1293671131134033,1.3994917
9186,2.283627,0.1697194,-0.07325434,0.6352587938308716,0.16727121,2.316344738006592,1.2219472
9187,2.3525388,0.1616703,-0.13264994,0.6027570962905884,0.18510252,2.1413462162017822,1.3226842
9188,2.2750876,0.16730225,-0.09930544,0.8374960422515869,0.11605888,2.5046496391296387,1.4771612
9189,2.3231385,0.08349526,-0.13347694,0.5767667293548584,0.15498509,2.0926401615142822,1.3962452
9190,2.3402483,0.08528446,-0.10732512,0.7052426338195801,0.16964257,2.0750210285186768,1.963644
9191,2.2442517,0.14577481,-0.07890069,0.8140649795532227,0.13884346,2.3391671180725098,1.3663143
9192,2.2748377,0.17196445,-0.16655724,0.7580671310424805,0.14404398,2.3275725841522217,1.1096556
9193,2.2595289,0.14861403,-0.053578548,0.6148316264152527,0.18247567,2.319228410720825,1.1533978
9194,2.2233105,0.20598373,-0.06507819,0.8198536038398743,0.1131938,2.358964681625366,1.4010308
9195,2.291454,0.22016753,-0.125447,0.48440924286842346,0.27734125,2.110097885131836,2.0633867
9196,2.311941,0.17166962,-0.070993505,0.5610402822494507,0.20262867,2.107503652572632,1.5760378
9197,2.2433395,0.15481833,-0.025844613,0.8436960577964783,0.10060767,2.408992052078247,1.0977178
9198,2.2399054,0.25554097,-0.04637115,0.6592483520507812,0.17397065,2.330371618270874,1.1305419
9199,2.2833872,0.19556504,-0.0641034,0.7088326215744019,0.17831567,2.3990180492401123,1.4453893
9200,2.3212821,0.1698282,-0.10506329,0.7413052916526794,0.16496931,2.2924866676330566,1.3536551
9201,2.3142397,0.13577554,-0.11314011,0.7111594080924988,0.1955278,2.1219260692596436,1.5552195
9202,2.289681,0.17334934,-0.1952991,0.5513200759887695,0.19435956,2.5045032501220703,1.0523862
9203,2.159303,0.19178914,-0.097935714,0.7399919033050537,0.12545347,2.508074998855591,0.95842844
9204,2.3970022,0.10740904,-0.16647418,0.8307605981826782,0.12633711,2.2651586532592773,1.310096
9205,2.3613927,0.16349387,-0.18731298,0.7893059253692627,0.1810538,2.308764696121216,1.2330676
9206,2.298174,0.06662685,-0.05381438,0.7078440189361572,0.1663827,2.4298040866851807,1.203892
9207,2.373279,0.07630463,-0.11917079,0.8335254788398743,0.12947734,2.3320627212524414,1.2372736
9208,2.3197296,0.2003416,-0.08651235,0.7570424675941467,0.14579421,2.1063685417175293,1.3301584
9209,2.3372993,0.11820728,-0.15376647,0.8378292918205261,0.12671353,2.378122091293335,1.1975943
9210,2.2681212,0.2558051,-0.14394699,0.8414947390556335,0.116369516,2.3289406299591064,1.3429596
9211,2.32389,0.15937711,-0.09628003,0.7795654535293579,0.15652286,2.105956554412842,1.617293
9212,2.240561,0.18465762,-0.09361328,0.6918582320213318,0.20744874,2.3230371475219727,1.7745035
9213,2.294893,0.12495674,-0.04584741,0.8184904456138611,0.14231288,2.2894999980926514,1.4571016
9214,2.3300571,0.16295359,-0.12249838,0.751217782497406,0.15826783,2.055981397628784,1.5329169
9215,2.3422048,0.10367991,-0.16582519,0.47789013385772705,0.18850006,2.3334743976593018,1.2037281
9216,2.2506347,0.0963799,-0.14704037,0.44959354400634766,0.22388124,2.3445892333984375,1.1939929
9217,2.3928556,0.13836847,-0.11162418,0.8222717046737671,0.13360716,2.076918601989746,1.8293917
9218,2.3662837,0.12827313,-0.12566052,0.8258578777313232,0.15422994,2.1103978157043457,1.9048198
9219,2.2652736,0.16444737,-0.063124344,0.7325185537338257,0.17719322,2.3865060806274414,1.2293224
9220,2.2240074,0.20830339,-0.11083577,0.8270560503005981,0.13103697,2.4865269660949707,1.1363003
9221,2.4224029,0.13829832,-0.19086568,0.7571651339530945,0.16359168,2.1612915992736816,1.3918668
9222,2.3513753,0.10979501,-0.11946845,0.7134073972702026,0.17759798,2.3264946937561035,1.4161937
9223,2.3555524,0.13880445,-0.15577646,0.7351140975952148,0.1721983,2.191277027130127,1.4130617
9224,2.307522,0.1361541,-0.06041409,0.46277862787246704,0.21016747,2.118163824081421,1.4513117
9225,2.3000407,0.17632118,-0.14213769,0.8114784955978394,0.094001934,2.4614741802215576,1.1993699
9226,2.3255644,0.2089253,-0.11833217,0.8201236128807068,0.14683688,2.3148081302642822,1.3042088
9227,2.2875812,0.18521804,-0.16732208,0.7846293449401855,0.1319513,2.211108684539795,1.1765321
9228,2.3666697,0.16531654,-0.13739888,0.5607246160507202,0.2393674,2.087050437927246,2.0854418
9229,2.269544,0.19983107,-0.1277677,0.5567454099655151,0.16339023,2.238398551940918,1.3103216
9230,2.2037396,0.12780723,-0.14581369,0.7509550452232361,0.13150921,2.432215929031372,0.96173346
9231,2.2558436,0.19796628,-0.20246173,0.7247005701065063,0.15997237,2.358945608139038,1.111323
9232,2.2397366,0.18637694,-0.14379613,0.5672529339790344,0.17337255,2.5576653480529785,0.95793647
9233,2.249825,0.123408444,-0.03976603,0.7774776816368103,0.16470511,2.3546698093414307,1.0736451
9234,2.2754831,0.16382444,-0.07893722,0.8076893091201782,0.13911422,2.349799156188965,1.2116525
9235,2.3495035,0.26093802,-0.12355845,0.7881836891174316,0.17704834,2.3160388469696045,1.6944373
9236,2.3296652,0.13766211,-0.06522906,0.7754426002502441,0.13619879,2.0219790935516357,1.4504077
9237,2.2575128,0.12718265,-0.059599385,0.7705535888671875,0.16714863,2.519261598587036,1.3500688
9238,2.2296402,0.1231811,-0.019714711,0.5784469842910767,0.15512007,2.305647373199463,1.0582442
9239,2.287949,0.11841752,-0.077681735,0.7700422406196594,0.13357615,2.12347149848938,1.4870411
9240,2.2450566,0.19282456,-0.07054919,0.6668661832809448,0.17797507,2.378204345703125,1.149636
9241,2.253496,0.17450465,-0.090336286,0.6969709396362305,0.17787935,2.2217674255371094,1.3187137
9242,2.301491,0.16545367,-0.13639264,0.8286479115486145,0.12303633,2.3428993225097656,1.1845832
9243,2.3687048,0.16550171,-0.14320242,0.7375598549842834,0.17801139,2.1439590454101562,1.4387724
9244,2.3921309,0.09951524,-0.23868588,0.7698964476585388,0.14734192,2.385692834854126,1.1581604
9245,2.1872258,0.16472502,-0.13763022,0.5472114086151123,0.17421326,2.4402034282684326,0.9874444
9246,2.2867904,0.20598002,-0.06637144,0.8376991152763367,0.13136762,2.3744523525238037,1.4474634
9247,2.219537,0.11452057,-0.049337074,0.5541359186172485,0.22307311,2.324796199798584,1.3873733
9248,2.4190958,0.22369473,-0.1921925,0.7511758208274841,0.21893914,2.1494712829589844,1.4831973
9249,2.333255,0.16261774,-0.10623544,0.85,0.078155585,2.206271171569824,1.4592372
9250,2.282389,0.12787208,-0.06454532,0.8231028318405151,0.12854911,2.2148375511169434,1.4108738
9251,2.208485,0.14819333,-0.06329329,0.55711829662323,0.17868151,2.211491346359253,1.2263789
9252,2.2081547,0.15489176,-0.091728486,0.5060588717460632,0.17881848,2.3912460803985596,1.1009977
9253,2.3230975,0.16390598,-0.11662494,0.7292218208312988,0.17898327,2.105508804321289,1.2888522
9254,2.266868,0.1423788,-0.054287527,0.6395106911659241,0.1532054,2.3633244037628174,1.4314659
9255,2.342717,0.18249941,-0.11021697,0.7603217959403992,0.20718396,2.0821640491485596,1.7259634
9256,2.2924528,0.124366604,-0.09601455,0.8245230317115784,0.14211324,2.587059497833252,1.2073977
9257,2.3065627,0.18045571,-0.15350501,0.735669732093811,0.1631456,2.3487257957458496,1.4055248
9258,2.1736166,0.23751584,-0.074907385,0.6100343465805054,0.19318242,2.397878646850586,1.382003
9259,2.26544,0.15326925,-0.0849248,0.8202500343322754,0.12783012,2.312286615371704,1.1496079
9260,2.2771766,0.11614509,-0.10399346,0.8122664093971252,0.1419985,2.437926769256592,1.1280612
9261,2.3439586,0.14529286,-0.025956294,0.756089985370636,0.14708114,2.0572669506073,1.6966809
9262,2.2795374,0.15939987,-0.16545518,0.85,0.071962595,2.4148128032684326,1.1450664
9263,2.3010647,0.09619961,-0.05124457,0.7234658002853394,0.12303269,2.248290777206421,1.1322304
9264,2.2624645,0.21917765,-0.076569125,0.7820093631744385,0.15692015,2.19185471534729,1.5244823
9265,2.293027,0.16232505,-0.11805665,0.8404340744018555,0.09843277,2.362060785293579,1.1473109
9266,2.3252664,0.21217658,-0.092933364,0.7794539928436279,0.16634248,2.274137020111084,1.8180989
9267,2.2915218,0.17395939,-0.12188539,0.5555265545845032,0.16914682,2.1354362964630127,1.4458238
9268,2.3554423,0.15212516,-0.11795215,0.5883046984672546,0.1671667,2.1543943881988525,1.2862766
9269,2.2026422,0.16781668,-0.15527785,0.5645155906677246,0.18443951,2.3426618576049805,1.098778
9270,2.2607698,0.18376246,-0.06635971,0.5283249616622925,0.22252783,2.1223998069763184,1.5287603
9271,2.2853527,0.17457744,-0.16716322,0.7792001962661743,0.12377297,2.4289374351501465,1.1568856
9272,2.3642337,0.18334197,-0.13939217,0.7002162933349609,0.15458025,2.1410160064697266,1.4628607
9273,2.2516086,0.20254256,-0.056938753,0.7522876858711243,0.17508796,2.2483701705932617,1.3344216
9274,2.2349033,0.16627598,0.023053633,0.6273344159126282,0.17164642,2.10870361328125,1.1992981
9275,2.309377,0.17863998,-0.051663563,0.6472511291503906,0.19162752,2.103034496307373,1.676306
9276,2.297031,0.1371548,-0.08697194,0.5062219500541687,0.1845421,2.1534078121185303,1.204037
9277,2.3632538,0.17658502,-0.103046335,0.786602258682251,0.17049043,2.0581209659576416,1.6985455
9278,2.3462849,0.17142081,-0.08066967,0.5855342745780945,0.1632151,2.085777521133423,1.4976311
9279,2.2188005,0.13811366,-0.06660581,0.7332742214202881,0.12630653,2.495931386947632,1.0334095
9280,2.3055487,0.17715825,-0.17314295,0.8005462288856506,0.1538547,2.2900776863098145,1.4031407
9281,2.2493303,0.23171324,-0.0537046,0.579149603843689,0.26480448,2.27616810798645,1.634718
9282,2.2655058,0.15725161,-0.03254942,0.8476380705833435,0.06960798,2.401900291442871,1.2492561
9283,2.2919564,0.24259102,-0.05054588,0.8389144539833069,0.11075779,2.1385910511016846,1.432212
9284,2.233019,0.1777477,-0.16870055,0.731351375579834,0.18211788,2.4627482891082764,1.2175021
9285,2.1976209,0.19446072,-0.037768655,0.7863661646842957,0.15432857,2.3309192657470703,1.2011994
9286,2.299879,0.23647676,-0.118927754,0.8410851359367371,0.14727244,2.3726625442504883,1.306876
9287,2.2056231,0.0780471,-0.06692101,0.7736886143684387,0.09326329,2.270817995071411,0.9648447
9288,2.2607894,0.1172041,-0.07921149,0.7175017595291138,0.16841146,2.515723705291748,1.0671275
9289,2.254303,0.13532856,-0.032398153,0.8479006886482239,0.11843879,2.471453905105591,1.1016098
9290,2.3596256,0.18809149,-0.14951439,0.7897523641586304,0.17338537,2.2425622940063477,1.612099
9291,2.2682445,0.14153238,-0.10789244,0.6915608048439026,0.17886819,2.293657064437866,1.4160614
9292,2.304811,0.16749008,-0.19523099,0.7201032638549805,0.17770535,2.4583919048309326,1.2405834
9293,2.3507178,0.12788025,-0.09841964,0.7798424363136292,0.15512647,2.154538154602051,1.6887634
9294,2.3346703,0.13785467,-0.17010993,0.8170114159584045,0.101646826,2.51580548286438,0.9257246
9295,2.3122344,0.17801133,-0.0058998875,0.7407260537147522,0.17489442,2.2717478275299072,1.4204444
9296,2.3021376,0.18060696,-0.11487679,0.7930322885513306,0.17128219,2.50209903717041,1.3006036
9297,2.2214499,0.25736472,-0.037017733,0.7412735819816589,0.16857594,2.5779271125793457,1.1140989
9298,2.2273393,0.14795952,-0.044007882,0.847438395023346,0.09379439,2.3338394165039062,1.162824
9299,2.2546608,0.1867588,-0.044546586,0.7285918593406677,0.14952719,2.274796485900879,1.3434762
9300,2.2869208,0.13324374,-0.1473334,0.8096053004264832,0.12469438,2.3827362060546875,1.2457037
9301,2.3381305,0.16433856,-0.15078178,0.6700456142425537,0.19480254,2.3097822666168213,1.492558
9302,2.2656505,0.18193938,-0.0869478,0.7649171352386475,0.17027879,2.3544130325317383,1.3987052
9303,2.1953135,0.15320173,-0.015926614,0.8315837383270264,0.12219632,2.423236608505249,1.1651363
9304,2.2174342,0.21018095,-0.17496452,0.7720618844032288,0.14712371,2.4226748943328857,1.1310376
9305,2.3216138,0.06352914,-0.100656465,0.7575129866600037,0.16451286,2.161644697189331,1.2344455
9306,2.3187802,0.08482955,0.025350817,0.8417147994041443,0.1181227,2.079324722290039,1.2671329
9307,2.3374481,0.19553259,-0.10429841,0.7718462347984314,0.18288064,2.0942320823669434,1.8617468
9308,2.2751274,0.19097336,-0.09565039,0.5647311806678772,0.19270693,2.1693665981292725,1.3790045
9309,2.2811973,0.21904786,-0.105610006,0.8258935809135437,0.13324277,2.325183391571045,1.4746344
9310,2.3459272,0.2378873,-0.14485703,0.674224317073822,0.18775895,2.2394752502441406,2.0185132
9311,2.2906082,0.23771846,-0.18202077,0.7415870428085327,0.17401469,2.356036424636841,1.2329882
9312,2.2867334,0.10546863,-0.14647475,0.4991344213485718,0.19766901,2.3151986598968506,1.1495178
9313,2.257644,0.23550287,-0.039715562,0.8401362895965576,0.111435905,2.2265024185180664,1.812293
9314,2.2681942,0.050106067,-0.1288042,0.5097684264183044,0.2382218,2.30196213722229,1.3499138
9315,2.2262976,0.09906417,-0.079349875,0.49462026357650757,0.19840789,2.294823408126831,1.0875882
9316,2.237241,0.18498752,-0.0862845,0.7968490123748779,0.1472164,2.412325143814087,1.1832293
9317,2.2557158,0.1954026,-0.08542278,0.6358842849731445,0.19940518,2.3348639011383057,1.3826774
9318,2.2710295,0.12656918,-0.06464875,0.6157258749008179,0.19122808,2.2166800498962402,1.3242793
9319,2.2629929,0.19427076,-0.20073827,0.6011635661125183,0.19690423,2.624096632003784,1.0640217
9320,2.2928486,0.23926829,-0.15064818,0.717994213104248,0.19210374,2.3498048782348633,1.7664791
9321,2.3210952,0.15234631,-0.18009505,0.7312605977058411,0.18153062,2.44486403465271,1.1083134
9322,2.3056557,0.25988218,-0.16442814,0.7556849122047424,0.16059738,2.275222063064575,1.3457571
9323,2.246489,0.056764934,-0.11087341,0.7505582571029663,0.11549589,2.422980308532715,0.96609974
9324,2.3921773,0.13701017,-0.20144813,0.6920554041862488,0.18732485,2.0605838298797607,1.7513096
9325,2.2874255,0.19160295,-0.07066125,0.8133924603462219,0.14721163,2.3072376251220703,1.4650924
9326,2.2268946,0.11545405,-0.10757089,0.8159967064857483,0.13728361,2.4923644065856934,0.99977446
9327,2.3250887,0.17325231,-0.025757056,0.644332230091095,0.20854737,2.2440240383148193,1.6143601
9328,2.1996474,0.1067072,-0.10446016,0.723073422908783,0.118091896,2.518235683441162,1.0654407
9329,2.2522624,0.16655882,-0.06345245,0.8027920126914978,0.1327642,2.45479679107666,1.2579916
9330,2.3351502,0.23243351,-0.08961901,0.8097088932991028,0.1639205,2.251973867416382,1.7662069
9331,2.3118503,0.2168469,-0.16343209,0.5059055685997009,0.19456123,2.1371066570281982,1.4141419
9332,2.2866037,0.19488715,-0.1284474,0.48610207438468933,0.19826716,2.3032147884368896,1.3408409
9333,2.2673893,0.2229701,-0.107689545,0.6522762775421143,0.16793074,2.1376912593841553,1.4467311
9334,2.1423352,0.15890887,-0.0772414,0.3326294720172882,0.23918022,2.359243869781494,1.1062443
9335,2.2592251,0.22825675,-0.018433983,0.5780525207519531,0.2265114,2.3234786987304688,1.2968156
9336,2.2544239,0.22993442,-0.16102466,0.8119567632675171,0.1075572,2.319596290588379,1.0594542
9337,2.3458433,0.038957898,-0.111864224,0.8368133306503296,0.103669286,2.3385164737701416,1.3383396
9338,2.2710881,0.13522492,-0.08784871,0.7268877625465393,0.17534378,2.3851027488708496,1.082717
9339,2.2889915,0.16462213,-0.16580738,0.5411092042922974,0.18142569,2.237769603729248,1.3588806
9340,2.333004,0.22637513,-0.15871018,0.5438592433929443,0.20371945,2.0829238891601562,1.5490854
9341,2.2566433,0.18522516,-0.1250655,0.7865709662437439,0.1624249,2.317949056625366,1.3651116
9342,2.3137836,0.09834958,-0.16263612,0.7382924556732178,0.116622865,2.3951315879821777,0.9600011
9343,2.2285652,0.20653665,-0.08424747,0.7656030654907227,0.15021928,2.4755077362060547,1.0301346
9344,2.27435,0.13592461,-0.027123695,0.85,0.08173374,2.116565227508545,1.4638599
9345,2.3192604,0.10101991,-0.12108769,0.8157393336296082,0.10115361,2.380911350250244,1.0795828
9346,2.2599058,0.1207003,-0.024007715,0.7324050664901733,0.18556534,2.4472455978393555,1.3369458
9347,2.2001429,0.18809432,-0.024181573,0.6361943483352661,0.18332072,2.3531243801116943,1.2026786
9348,2.2702549,0.2416729,-0.12489961,0.525915265083313,0.20366667,2.1229915618896484,1.4666834
9349,2.185744,0.2011285,-0.061743077,0.7135447263717651,0.13663918,2.538527488708496,0.9286502
9350,2.2810206,0.12534256,-0.07703783,0.5648110508918762,0.20229433,2.368786096572876,1.2741122
9351,2.31779,0.17866562,-0.090818204,0.7764009833335876,0.14517762,2.0868709087371826,1.5101173
9352,2.2134683,0.1446734,-0.06308076,0.685202956199646,0.17453724,2.3507046699523926,1.1029643
9353,2.1834846,0.20932469,-0.083554775,0.6814234852790833,0.17339146,2.2061476707458496,1.2906069
9354,2.2269495,0.15297239,-0.16747175,0.5807639956474304,0.20551328,2.4062652587890625,1.0556806
9355,2.3126419,0.18883039,-0.114841774,0.7619336843490601,0.14029294,2.1969974040985107,1.1764965
9356,2.316608,0.15290162,-0.25726733,0.7051819562911987,0.1886098,2.301140069961548,1.3799703
9357,2.2583902,0.2060374,-0.15488204,0.7652835845947266,0.14567359,2.3697879314422607,1.1688036
9358,2.2508743,0.2139398,0.015996035,0.7886706590652466,0.14414513,2.1092944145202637,1.3578345
9359,2.3364632,0.05358343,-0.066440344,0.5450834631919861,0.20317373,2.158385992050171,1.2318763
9360,2.3939903,0.19059984,-0.12275627,0.7804128527641296,0.16333403,2.0551600456237793,2.1949265
9361,2.4167833,0.24632686,-0.14279568,0.8235517740249634,0.16445228,2.222073793411255,1.6098465
9362,2.303693,0.25439876,-0.10774814,0.6953707337379456,0.15859105,2.27825665473938,1.3324962
9363,2.298003,0.1412526,-0.10911758,0.85,0.05603612,2.4191362857818604,1.2287896
9364,2.3172083,0.14169966,-0.103603624,0.784153401851654,0.15491782,2.177504062652588,1.6379181
9365,2.2334113,0.19248502,-0.043770112,0.7916487455368042,0.09906961,2.3486461639404297,1.1830771
9366,2.2705553,0.17974521,-0.14129697,0.6644783616065979,0.21457773,2.457432508468628,1.4162587
9367,2.277247,0.20974654,-0.21687275,0.6918079257011414,0.13554291,2.2187516689300537,1.1647947
9368,2.2100255,0.17542104,-0.034834724,0.7418496012687683,0.14493464,2.353576898574829,1.1049308
9369,2.3779898,0.12105744,-0.26183408,0.829552173614502,0.13297512,2.536451816558838,1.1228135
9370,2.1531267,0.19665119,-0.09591523,0.5796645283699036,0.19093908,2.174088478088379,1.1925348
9371,2.2851505,0.104449615,-0.043658998,0.6955305337905884,0.16662073,2.2424066066741943,1.4884125
9372,2.2947948,0.14851609,-0.107717045,0.8033946752548218,0.15980132,2.3590798377990723,1.2089033
9373,2.2026565,0.09668449,-0.088199,0.3909580707550049,0.19968139,2.270106315612793,1.2381014
9374,2.2940977,0.14858069,-0.107443124,0.677933394908905,0.17154406,2.3200814723968506,1.1939875
9375,2.2587163,0.083116144,-0.14650472,0.634165346622467,0.19856149,2.4751904010772705,1.0103755
9376,2.3082845,0.1637363,-0.15645401,0.6082146167755127,0.20391953,2.334467649459839,1.310037
9377,2.3179479,0.20435202,-0.12474991,0.5899980068206787,0.18034141,2.0862295627593994,1.5137502
9378,2.437996,0.1586398,-0.09116982,0.7328299880027771,0.23181045,2.047252893447876,2.6311479
9379,2.251018,0.15638205,-0.091688916,0.6592313051223755,0.1900955,2.128079414367676,1.5305618
9380,2.3319316,0.17084429,-0.12875985,0.775605320930481,0.12934569,2.0864298343658447,1.3896708
9381,2.2812805,0.16691965,-0.12788482,0.8324636816978455,0.089681834,2.1997437477111816,1.412984
9382,2.3668883,0.17161743,-0.15524425,0.7764290571212769,0.12645134,2.2372584342956543,1.3217756
9383,2.4104407,0.11038696,-0.17822777,0.8253690600395203,0.1472056,2.2398734092712402,1.5462977
9384,2.2452369,0.22518188,-0.119257,0.4672513008117676,0.17982283,2.294556140899658,1.1937423
9385,2.2586725,0.25557902,-0.14694208,0.6951594948768616,0.17512198,2.3254518508911133,1.0548154
9386,2.4166377,0.03713473,-0.12323126,0.8333740234375,0.12440622,2.088862419128418,1.5111903
9387,2.2714052,0.24033603,-0.0216795,0.8024956583976746,0.112504415,2.255038022994995,1.3900696
9388,2.1901984,0.17049769,-0.06793626,0.6406316161155701,0.17292212,2.5134968757629395,0.9430393
9389,2.2945614,0.09837826,-0.11482513,0.8017969131469727,0.16174427,2.2910940647125244,1.3078593
9390,2.2479618,0.20139891,-0.048340615,0.5832269787788391,0.18977521,2.329383134841919,1.1127087
9391,2.328537,0.17927897,-0.04426482,0.7030709385871887,0.16507287,2.2248833179473877,1.4012704
9392,2.3155487,0.27969125,-0.098175086,0.6242607235908508,0.19656757,2.1449203491210938,1.6029782
9393,2.3284044,0.17571618,-0.18009128,0.8032896518707275,0.1562861,2.3741018772125244,1.4005115
9394,2.2685528,0.11920249,-0.07543607,0.8045715689659119,0.12859745,2.4750959873199463,1.0641173
9395,2.2503977,0.20088118,-0.14347623,0.7596947550773621,0.16722962,2.4085745811462402,1.193799
9396,2.3333578,0.12682539,-0.07183879,0.7464584708213806,0.1595193,2.3081018924713135,1.4023405
9397,2.261082,0.15467402,-0.01622385,0.6999003291130066,0.17135215,2.2235043048858643,1.4772226
9398,2.3378677,0.19783986,-0.18160954,0.6992388963699341,0.13905081,2.241300344467163,1.4164099
9399,2.322995,0.12225532,-0.09043227,0.7547832727432251,0.14147645,2.0361297130584717,1.5125935
9400,2.3556569,0.15344737,-0.13865617,0.7869373559951782,0.180557,2.369312047958374,1.4313836
9401,2.2906055,0.1365646,-0.080692254,0.8158859014511108,0.07950447,2.3151638507843018,1.136533
9402,2.2839088,0.07368691,-0.099104054,0.7169192433357239,0.14880244,2.252750873565674,1.3247395
9403,2.2453835,0.16397782,-0.075917475,0.7347159385681152,0.15631968,2.3481788635253906,1.270171
9404,2.3078108,0.20538,-0.13142212,0.7408350706100464,0.18442689,2.1562325954437256,1.5851817
9405,2.329789,0.15388486,-0.105726525,0.5944088101387024,0.2532921,2.223479986190796,1.5493094
9406,2.3519273,0.2606136,-0.16378205,0.7791393399238586,0.14964719,2.067619562149048,1.6040279
9407,2.341784,0.1620255,-0.07549551,0.8086691498756409,0.13129868,2.2389907836914062,1.2958735
9408,2.3359268,0.12547515,-0.1424039,0.85,0.14498267,2.3799026012420654,1.540878
9409,2.3172565,0.17811348,-0.07006888,0.7958157062530518,0.17486376,2.118739128112793,1.5567762
9410,2.2767358,0.1448117,-0.19025443,0.6610870957374573,0.16483442,2.3910698890686035,1.2820836
9411,2.315162,0.07804447,-0.07314734,0.7814204096794128,0.14767243,2.1016926765441895,1.2198015
9412,2.1753106,0.12717715,-0.083890855,0.7534850835800171,0.14305846,2.627579689025879,0.6991194
9413,2.3338323,0.14107144,-0.05015542,0.5511116981506348,0.21402828,2.255129098892212,1.8499794
9414,2.2467794,0.19353381,-0.11138861,0.7832273840904236,0.16224353,2.4125149250030518,1.037274
9415,2.1253166,0.27149203,-0.05997305,0.759431779384613,0.13393804,2.665560483932495,0.8943909
9416,2.3450677,0.18150902,-0.08734416,0.8197556734085083,0.18329358,2.0933444499969482,1.7699668
9417,2.2705212,0.17544957,-0.12612663,0.5015347003936768,0.2060326,2.3854775428771973,1.3387768
9418,2.3512495,0.19117843,-0.1129888,0.7118468284606934,0.21927224,2.2318079471588135,1.8355353
9419,2.3542154,0.12956347,-0.103824355,0.7638339400291443,0.15891656,2.0892186164855957,1.6013594
9420,2.2630954,0.18646187,-0.15313868,0.7317879796028137,0.13453084,2.210620880126953,1.216855
9421,2.2152932,0.17517729,-0.11372234,0.5396081209182739,0.2180175,2.5106923580169678,1.2502275
9422,2.210782,0.1392571,-0.09189501,0.6924746036529541,0.15381405,2.352966547012329,1.1080956
9423,2.3131638,0.2267471,-0.09519427,0.7383887767791748,0.1896564,2.106053113937378,1.319378
9424,2.3174863,0.23562564,-0.17442568,0.679101824760437,0.18953322,2.102663516998291,1.5595676
9425,2.2207289,0.13654402,-0.09319092,0.5379243493080139,0.19821452,2.3642687797546387,1.1491394
9426,2.2873077,0.14250438,-0.16628306,0.6227925419807434,0.19658346,2.359802484512329,1.3617071
9427,2.1812198,0.13013022,-0.08015692,0.8155679702758789,0.08738552,2.4969847202301025,0.9814172
9428,2.317833,0.11862603,-0.11304758,0.7950750589370728,0.14486024,2.1769700050354004,1.2248398
9429,2.3144352,0.1244257,-0.13103358,0.8229904174804688,0.13197576,2.3751142024993896,1.2728237
9430,2.3734765,0.14637713,-0.15850979,0.8293704390525818,0.13705046,2.108668565750122,1.5686922
9431,2.2832963,0.18342519,-0.030340979,0.8405389785766602,0.094263315,2.364189863204956,1.2359276
9432,2.288042,0.1964176,-0.104289144,0.5779358744621277,0.1660892,2.0655336380004883,1.5352263
9433,2.1247778,0.23219633,-0.110439025,0.38359853625297546,0.2275273,2.7961318492889404,0.9185896
9434,2.2914643,0.16776246,-0.1313931,0.701535701751709,0.19119386,2.2559127807617188,1.3856382
9435,2.3404171,0.18676487,-0.20817325,0.7752598524093628,0.13867205,2.2894864082336426,1.0884511
9436,2.2766535,0.20096399,-0.07013774,0.6604604721069336,0.15296897,2.3048975467681885,1.2505946
9437,2.3081355,0.10148662,-0.097176634,0.7960848212242126,0.1389908,2.2710235118865967,1.3042214
9438,2.302652,0.13225164,-0.28173962,0.6596581935882568,0.15115747,2.525735378265381,0.8014567
9439,2.3113317,0.13601075,-0.14238212,0.6888027787208557,0.17580539,2.309351921081543,1.337168
9440,2.2163017,0.15456843,-0.088477656,0.7055596113204956,0.15340112,2.4653759002685547,1.0193275
9441,2.3157394,0.14513166,-0.1298714,0.8359895348548889,0.08452008,2.1117420196533203,1.3728076
9442,2.2571316,0.16084844,-0.1291563,0.8006666302680969,0.13879044,2.2819039821624756,1.2053862
9443,2.3590264,0.12866783,-0.080609955,0.8069722652435303,0.12712932,2.132934808731079,1.471696
9444,2.326863,0.17566088,-0.09736037,0.8233712315559387,0.119852,2.1663923263549805,1.9691638
9445,2.2836454,0.08811819,-0.12407501,0.7446853518486023,0.1600105,2.3525192737579346,1.1350609
9446,2.325454,0.18928829,-0.06670376,0.709617555141449,0.19919726,2.191119909286499,1.7771113
9447,2.275442,0.15456365,-0.05182669,0.6720991134643555,0.17891395,2.091808319091797,1.4029987
9448,2.2178829,0.0884845,-0.042485517,0.5796302556991577,0.15335087,2.152336835861206,1.098091
9449,2.2837298,0.18963562,-0.12623605,0.7574681043624878,0.15586619,2.1854889392852783,1.4028423
9450,2.363658,0.1645054,-0.1398527,0.7497035264968872,0.1838265,2.2930374145507812,1.4184592
9451,2.3742428,0.08073475,-0.15201415,0.7880776524543762,0.1530294,2.380877733230591,1.2974811
9452,2.2153988,0.25070566,-0.14174786,0.7992633581161499,0.12932946,2.444230318069458,1.116625
9453,2.257042,0.18952733,-0.19231063,0.5265531539916992,0.19510116,2.4308924674987793,1.1131382
9454,2.369617,0.0845145,-0.13757552,0.7485741376876831,0.16047634,2.2058627605438232,1.42639
9455,2.1750064,0.14445026,-0.093963206,0.40121975541114807,0.15655296,2.499199151992798,0.92407554
9456,2.2690167,0.09367774,-0.15470451,0.8474064469337463,0.037470967,2.298287868499756,1.0943384
9457,2.2725449,0.16135497,-0.18948922,0.7030184268951416,0.17990421,2.4185898303985596,1.1430258
9458,2.2575014,0.21281597,-0.20066062,0.8315711617469788,0.09897376,2.4356720447540283,1.0506933
9459,2.2740006,0.2090989,-0.09991616,0.7442742586135864,0.18220775,2.2642664909362793,1.4716042
9460,2.264715,0.13086349,-0.16207984,0.7784159183502197,0.14136484,2.4207043647766113,1.1283526
9461,2.2992074,0.1330763,-0.13116913,0.594239354133606,0.13884062,2.3678038120269775,1.1069521
9462,2.255483,0.13673742,-0.15137556,0.8132142424583435,0.13542105,2.649566888809204,1.0010003
9463,2.196242,0.1462629,-0.05368424,0.5655525922775269,0.18899795,2.441845655441284,1.0751327
9464,2.220022,0.20350333,-0.14911854,0.3181861937046051,0.18396221,2.4008827209472656,1.1209768
9465,2.279519,0.13919008,0.017709348,0.85,0.048904203,2.1698756217956543,1.4247267
9466,2.308591,0.1086848,-0.12329111,0.85,0.08697255,2.3966071605682373,1.2493957
9467,2.193842,0.14056952,-0.057302523,0.7375025153160095,0.16094336,2.2030227184295654,1.0521284
9468,2.2053452,0.08019823,-0.122524366,0.6983102560043335,0.15921631,2.4439494609832764,0.92283
9469,2.1885672,0.16324638,-0.06658134,0.85,0.035860922,2.611272096633911,0.8578892
9470,2.295679,0.15484302,-0.15627156,0.6885978579521179,0.1883711,2.34267520904541,1.2877373
9471,2.2089932,0.1425599,-0.034134172,0.7149074077606201,0.18115783,2.3021726608276367,1.1892316
9472,2.3071234,0.18167987,-0.14906399,0.7063506245613098,0.18174201,2.301694393157959,1.3575541
9473,2.3153422,0.20336094,-0.2159555,0.7526382207870483,0.17359896,2.12103533744812,1.4443222
9474,2.4492931,0.14485161,-0.078224294,0.7665837407112122,0.18760496,2.268362283706665,1.4234811
9475,2.2564342,0.14723477,-0.07167612,0.5829460024833679,0.16386649,2.2914154529571533,1.1692388
9476,2.2660985,0.19494145,-0.070551276,0.6639689207077026,0.15375237,2.3517000675201416,1.059257
9477,2.3534398,0.064571865,-0.1541715,0.8141305446624756,0.108573034,2.344566583633423,1.0493221
9478,2.238981,0.20280547,-0.13435103,0.7737554311752319,0.16855678,2.600588083267212,1.0624331
9479,2.3101707,0.15164463,-0.1594771,0.4462035894393921,0.2410497,2.1079816818237305,2.0126474
9480,2.281047,0.16110286,-0.118462324,0.5340177416801453,0.20921426,2.2471201419830322,1.2199306
9481,2.3868275,0.114138655,-0.1295423,0.6838223934173584,0.23076786,2.142075777053833,1.415064
9482,2.3178566,0.28052637,-0.1470299,0.6983680725097656,0.20465577,2.058722496032715,1.8425224
9483,2.2721827,0.18791619,-0.05988365,0.5559408068656921,0.22359344,2.0693280696868896,1.6800802
9484,2.2786288,0.13795857,-0.13312005,0.7684975862503052,0.1862449,2.4968864917755127,1.3355156
9485,2.2384326,0.19646196,-0.1410922,0.5019040107727051,0.20486823,2.3634347915649414,1.3567309
9486,2.2573524,0.19918068,-0.14934681,0.601696789264679,0.21166421,2.361937999725342,1.362017
9487,2.3772297,0.15525025,-0.1151371,0.6654788851737976,0.18527356,1.05,2.1839623
9488,2.3723333,0.16892634,-0.07433354,0.7764177322387695,0.17710193,2.0572421550750732,1.6831256
9489,2.2709997,0.27218822,-0.06790983,0.8001021146774292,0.1255421,2.35897159576416,1.1847243
9490,2.229112,0.14047116,-0.083143175,0.6520472764968872,0.1517778,2.428727626800537,1.0801889
9491,2.4002073,0.11955352,-0.15283372,0.8468456864356995,0.10945298,2.179424285888672,1.3732144
9492,2.3552547,0.17616671,-0.14824206,0.7461247444152832,0.16463321,2.1403748989105225,1.6504313
9493,2.2182198,0.2693657,-0.13205706,0.5759319067001343,0.249477,2.3540232181549072,1.6521976
9494,2.2604787,0.20031446,-0.21777242,0.772339403629303,0.13752456,2.410618782043457,0.98485976
9495,2.27533,0.13360317,0.0016934017,0.6508814096450806,0.21527761,2.3447108268737793,1.128761
9496,2.292206,0.1169546,-0.08360832,0.8435744047164917,0.10177624,2.2742998600006104,1.197132
9497,2.3058746,0.1539539,-0.05093279,0.7982643842697144,0.1288674,2.161428928375244,1.5066262
9498,2.136637,0.11237729,-0.07238321,0.5120163559913635,0.18725821,2.627011299133301,0.77712244
9499,2.3406389,0.24111661,-0.14762357,0.5076869130134583,0.2499311,2.1071994304656982,2.30128
9500,2.339559,0.076616965,-0.14867827,0.8498275876045227,0.11225819,2.3737800121307373,1.178114
9501,2.2608738,0.15982963,-0.23295645,0.47711560130119324,0.17780584,2.277340888977051,1.2238048
9502,2.2816231,0.1732756,-0.1468682,0.6405796408653259,0.1867755,2.243600368499756,1.3946284
9503,2.2868476,0.13125998,-0.057427116,0.608521580696106,0.18395922,2.185014247894287,1.3070717
9504,2.3209062,0.09428634,-0.08449174,0.7160219550132751,0.1741826,2.054095983505249,1.7343634
9505,2.1931744,0.19027342,-0.076279834,0.6745852828025818,0.15472658,2.310664176940918,1.1408242
9506,2.2976582,0.10445572,-0.1226468,0.6091175675392151,0.1883589,2.334120512008667,1.1311951
9507,2.2677467,0.19271791,-0.0767619,0.7427884340286255,0.17131668,2.305171489715576,1.1962073
9508,2.2796702,0.17807819,-0.13751055,0.7152861952781677,0.1557852,2.4291203022003174,1.1477773
9509,2.3596778,0.16162993,-0.18054461,0.8401494026184082,0.14026916,2.437570571899414,1.405484
9510,2.2536206,0.1878649,-0.06370122,0.6906144618988037,0.19628169,2.320019245147705,1.5772979
9511,2.2725043,0.127453,-0.047294654,0.85,0.105873644,2.1954660415649414,1.5473653
9512,2.265818,0.12289174,-0.21597284,0.6614004373550415,0.09669319,2.1895086765289307,1.0362186
9513,2.3309205,0.15633923,-0.14422621,0.7776708602905273,0.1269765,2.3336472511291504,1.2914451
9514,2.1931016,0.19783328,-0.01631628,0.5398849248886108,0.20432739,2.385633707046509,1.1541991
9515,2.1965241,0.15305233,-0.07680716,0.5754008293151855,0.21130008,2.4058315753936768,1.1973482
9516,2.4619951,0.1508609,-0.070663065,0.7665016055107117,0.23635499,2.174487829208374,1.5770615
9517,2.3843687,0.18528894,-0.16379967,0.8358235955238342,0.11465358,2.0210087299346924,1.8077482
9518,2.2708433,0.2156688,-0.19271977,0.8154021501541138,0.11635207,2.3088767528533936,1.1805185
9519,2.250124,0.13815387,-0.08203377,0.5497745871543884,0.2163623,2.2282931804656982,1.3494179
9520,2.2842448,0.21221784,-0.15035194,0.503361701965332,0.21327038,2.151735782623291,1.4512682
9521,2.2396142,0.24341285,-0.06524677,0.4226970970630646,0.18899809,2.2041966915130615,1.7845818
9522,2.2432554,0.12405394,-0.0941525,0.8019530177116394,0.1444171,2.17458438873291,1.1394706
9523,2.3628013,0.13734734,-0.12320439,0.5517961978912354,0.22954299,2.0333468914031982,1.856074
9524,2.1852686,0.177723,-0.0810991,0.4909849464893341,0.21151774,2.2821452617645264,1.249903
9525,2.274064,0.11844469,-0.17852531,0.8307911157608032,0.13622725,2.310750961303711,1.2393615
9526,2.4261258,0.22507748,-0.097062305,0.6336795091629028,0.26405478,2.0883188247680664,2.256731
9527,2.328155,0.20269771,-0.11753486,0.7152232527732849,0.16998692,2.3035166263580322,1.295965
9528,2.2694309,0.13637745,-0.14152066,0.8452010154724121,0.12623036,2.366927146911621,1.257248
9529,2.4158297,0.15095074,-0.14601444,0.29908639192581177,0.24776238,2.146399736404419,1.6105995
9530,2.3714113,0.14781131,-0.1889827,0.6706160306930542,0.1736408,2.0880141258239746,1.4633895
9531,2.3804474,0.15322587,-0.1324469,0.8220669031143188,0.14446376,2.308704376220703,1.3411788
9532,2.3052201,0.17514107,-0.14250882,0.7180542349815369,0.16022779,2.281149387359619,1.2073945
9533,2.2899847,0.16627432,-0.17254446,0.6905134320259094,0.18399568,2.466881513595581,1.417612
9534,2.2969744,0.24045148,-0.0927752,0.8413655161857605,0.095736966,2.203923463821411,1.6503258
9535,2.3527756,0.13344888,-0.13194177,0.7854507565498352,0.18044774,2.146073579788208,1.5031943
9536,2.3057723,0.17956918,-0.034748126,0.7497246265411377,0.16596831,2.206472873687744,1.5475761
9537,2.3645623,0.14480661,-0.26556972,0.7247217297554016,0.16187137,2.1417505741119385,1.2911651
9538,2.3274934,0.17869273,-0.068507805,0.632398247718811,0.1746863,2.0525436401367188,1.4819254
9539,2.2289264,0.20402412,-0.14272524,0.6792603135108948,0.17278576,2.127309799194336,1.3160373
9540,2.3075778,0.19769709,-0.16370639,0.8161085247993469,0.101621784,2.4628655910491943,1.049612
9541,2.3650668,0.10898507,-0.14365989,0.6666553616523743,0.1987884,2.483192205429077,1.310055
9542,2.2706053,0.17149192,-0.059557147,0.8320068120956421,0.08812219,2.344229221343994,1.2081561
9543,2.3237362,0.071447484,-0.06694986,0.7162423729896545,0.18294483,2.210137367248535,1.3764132
9544,2.3639145,0.23511808,-0.13651878,0.7646052241325378,0.168705,2.076951503753662,1.55945
9545,2.32504,0.17710446,-0.12459093,0.8301042318344116,0.123671405,2.2630298137664795,1.4088404
9546,2.2831857,0.15569192,-0.08980935,0.6804563999176025,0.14497176,2.265537738800049,1.0874214
9547,2.2771235,0.20976865,-0.13032772,0.85,0.098815165,2.518629550933838,1.3562456
9548,2.2619903,0.24092449,-0.079922795,0.6803122162818909,0.18603343,2.3019227981567383,1.3846363
9549,2.2296557,0.20173295,-0.04007121,0.5435365438461304,0.1841478,2.4702110290527344,1.3067174
9550,2.206114,0.17989303,-0.07198771,0.85,0.12669568,2.5279369354248047,1.0735978
9551,2.1125867,0.21306719,-0.059106044,0.5438046455383301,0.184996,2.035839080810547,1.0858437
9552,2.3511543,0.2592546,-0.07217376,0.6816747784614563,0.22335939,2.0582683086395264,2.041047
9553,2.384595,0.21933463,-0.1674754,0.7795453667640686,0.19639617,2.223843812942505,1.9838377
9554,2.328881,0.19349936,-0.20595868,0.757635772228241,0.16306065,2.4198191165924072,1.1509295
9555,2.3640924,0.12957408,-0.23926592,0.7382283806800842,0.20440616,2.324599266052246,1.5173571
9556,2.2755058,0.26205748,-0.06978407,0.6604299545288086,0.21560483,2.0521655082702637,1.651844
9557,2.3183007,0.15877168,-0.10364768,0.761755645275116,0.17532633,2.3299362659454346,1.2197312
9558,2.2569966,0.10340625,-0.11469806,0.8113817572593689,0.07893037,2.2375056743621826,1.2197262
9559,2.2716014,0.15416107,-0.08506124,0.5181685090065002,0.22198796,2.102142572402954,1.3848687
9560,2.3450632,0.11347996,-0.11345354,0.6781466603279114,0.1712914,2.374809503555298,1.300391
9561,2.2769911,0.09090195,-0.087607384,0.6016459465026855,0.21015051,2.356800079345703,1.3559133
9562,2.2487578,0.21832094,-0.18393683,0.6328629851341248,0.19121064,2.41546368598938,1.1396743
9563,2.273078,0.07980423,-0.059453093,0.542477011680603,0.17078334,2.3577356338500977,1.0766494
9564,2.4020243,0.14181986,-0.06697606,0.773402214050293,0.16963838,2.078418016433716,1.5678712
9565,2.387283,0.17625575,-0.1357328,0.8083626627922058,0.18181358,2.117011785507202,1.8191168
9566,2.1288047,0.20088878,-0.034444835,0.7223052382469177,0.118790835,2.187533140182495,1.1324737
9567,2.3126066,0.17040378,-0.122448735,0.7328172326087952,0.19528256,2.121164321899414,1.5900934
9568,2.3277533,0.17754334,-0.10912437,0.7807432413101196,0.1596046,2.0801193714141846,1.5848927
9569,2.226805,0.18453646,-0.120194465,0.5466490387916565,0.16507776,2.399641752243042,0.9889706
9570,2.1754405,0.19848786,-0.08890422,0.8202341794967651,0.12625062,2.444725513458252,1.086276
9571,2.2957904,0.1885905,-0.12946868,0.6389483213424683,0.19184624,2.0937156677246094,1.4542617
9572,2.1848931,0.18029216,-0.10956059,0.5397946834564209,0.16720866,2.487661361694336,0.9959636
9573,2.3153832,0.14548427,-0.25614676,0.840438187122345,0.085660785,2.3945960998535156,0.98990846
9574,2.2032335,0.1361316,-0.087155335,0.7084649205207825,0.16893694,2.4414620399475098,1.0916282
9575,2.2637606,0.20200242,-0.041686215,0.85,0.100138284,2.3604068756103516,1.2243793
9576,2.3114543,0.17454603,-0.15614584,0.60626620054245,0.19949779,2.309015989303589,1.3124846
9577,2.252354,0.101462476,-0.04592852,0.4195025861263275,0.20744826,2.345508337020874,1.1778208
9578,2.2739103,0.18866558,-0.19300501,0.6760914325714111,0.21107545,2.4022810459136963,1.2995597
9579,2.247158,0.14901899,-0.21013312,0.6811110973358154,0.15688345,2.33174991607666,1.2170084
9580,2.224945,0.1448673,-0.029964663,0.532004177570343,0.21812455,2.355536937713623,1.3173726
9581,2.2436886,0.13423784,-0.14087434,0.5137904286384583,0.20796165,2.2921221256256104,1.1044264
9582,2.3129504,0.14177808,-0.05312549,0.8015450239181519,0.15505815,2.380331516265869,1.2805868
9583,2.3041224,0.22132228,-0.17775622,0.8333228826522827,0.11686727,2.1655097007751465,1.4285622
9584,2.4001338,0.12805687,-0.12258019,0.6413732767105103,0.21934852,2.052319288253784,2.0493345
9585,2.2209694,0.1919499,-0.13837753,0.6143264770507812,0.18689449,2.4041011333465576,1.157916
9586,2.2376747,0.14758116,-0.1051675,0.822086751461029,0.16838306,2.5900332927703857,1.1537218
9587,2.3661058,0.14097829,-0.08453999,0.7862752079963684,0.12448663,2.2483577728271484,1.3810571
9588,2.3251364,0.20262721,-0.052922223,0.5744303464889526,0.19958973,2.0789828300476074,1.8571914
9589,2.3036096,0.106687725,-0.10713687,0.7727707624435425,0.14073448,2.2732934951782227,1.2596259
9590,2.2415388,0.21585824,-0.16524377,0.7483964562416077,0.15929253,2.4426822662353516,0.94605225
9591,2.2409222,0.16436061,-0.12774943,0.8339746594429016,0.12531102,2.5693137645721436,0.8628712
9592,2.2877862,0.13634714,-0.004464549,0.7918688058853149,0.15845954,2.340869903564453,1.2133193
9593,2.2623339,0.29333064,-0.17178693,0.6118300557136536,0.1515807,2.4479658603668213,1.1753414
9594,2.318199,0.17359085,-0.15421464,0.7311373353004456,0.17145474,2.316248655319214,1.1441382
9595,2.2914,0.18109162,-0.046866972,0.8439410328865051,0.064506635,2.314282178878784,1.4504062
9596,2.256649,0.20789693,-0.034924243,0.5228007435798645,0.17512368,2.0128707885742188,1.6508031
9597,2.3080144,0.22256242,-0.06240079,0.717145562171936,0.19866714,2.115217924118042,1.4947948
9598,2.2848794,0.18826868,-0.05012201,0.8460739850997925,0.12377662,2.043757438659668,1.8629434
9599,2.3193104,0.14118665,-0.17035307,0.7394041419029236,0.14537369,2.115766763687134,1.3901436
9600,2.2232597,0.15981293,-0.11331682,0.621043860912323,0.16004774,2.356484889984131,1.0668972
9601,2.3047733,0.14657277,-0.055093136,0.8101197481155396,0.10650652,2.150310516357422,1.4907923
9602,2.2875524,0.16116339,-0.1861179,0.8229259848594666,0.13805118,2.355405807495117,1.2153649
9603,2.2921054,0.16148911,-0.07770659,0.7477049827575684,0.16710499,2.339378833770752,1.3833113
9604,2.240751,0.2308315,0.0070395283,0.8345338702201843,0.12104454,2.0456597805023193,1.378695
9605,2.241698,0.10796209,-0.13700736,0.8160262703895569,0.1186656,2.5329368114471436,1.0751857
9606,2.2754445,0.08803544,-0.14230044,0.5468705892562866,0.20107996,2.4465506076812744,1.0444515
9607,2.206531,0.17344934,-0.13702857,0.28511950373649597,0.1576907,2.2346279621124268,1.0703069
9608,2.2044387,0.24352312,-0.049450453,0.6659999489784241,0.14159219,2.175936222076416,1.1014345
9609,2.2970953,0.15846801,-0.18065256,0.845626175403595,0.08176282,2.6412813663482666,1.1303248
9610,2.3441906,0.10958712,-0.18411583,0.48092663288116455,0.23784046,2.2867977619171143,1.2904598
9611,2.3389223,0.14102666,-0.14660095,0.7529533505439758,0.20559306,2.3278608322143555,1.3852595
9612,2.3209512,0.15814915,-0.08067678,0.6705995202064514,0.18562603,2.098493814468384,1.541927
9613,2.28933,0.17907973,-0.10921215,0.7435574531555176,0.14299591,2.0615394115448,1.3832566
9614,2.2832735,0.12734318,-0.0882754,0.8230645060539246,0.10757991,2.1582226753234863,1.3938106
9615,2.298488,0.1533041,-0.13586138,0.7832415699958801,0.13749725,2.495939254760742,1.1845933
9616,2.2650821,0.10189397,-0.17874368,0.5522568225860596,0.19596049,2.523359775543213,1.086081
9617,2.3626204,0.23273398,-0.22360483,0.6624161005020142,0.19562368,2.292393445968628,1.5294325
9618,2.2858422,0.0869022,-0.088250354,0.6999565958976746,0.16697507,2.1148226261138916,1.3115144
9619,2.2798014,0.15108548,-0.1327242,0.7913087606430054,0.15055898,2.374302625656128,1.0893947
9620,2.2164457,0.27324733,-0.07976021,0.7264479398727417,0.18023601,2.528289794921875,1.3128101
9621,2.3508692,0.11486808,-0.1257532,0.8302157521247864,0.122448,2.536203622817993,1.1809286
9622,2.3252077,0.101346985,-0.083553955,0.7791914343833923,0.1702741,2.346076726913452,1.2894789
9623,2.2940178,0.11346953,0.0075286054,0.831693708896637,0.1223702,2.2954368591308594,1.3388087
9624,2.2760818,0.16556443,-0.07710846,0.7657222151756287,0.15984145,2.3668224811553955,1.2667423
9625,2.2817273,0.15850796,-0.09871509,0.8262381553649902,0.117827974,2.2215123176574707,1.2367833
9626,2.2960675,0.2792266,-0.12444646,0.7358516454696655,0.17213991,2.1495213508605957,1.7326859
9627,2.2413733,0.117225975,-0.036097642,0.829006016254425,0.094815575,2.61905574798584,0.7897567
9628,2.2683027,0.14800188,-0.12599705,0.8131628632545471,0.126842,2.392460823059082,1.146931
9629,2.1442494,0.16836102,-0.0043452373,0.7724680304527283,0.111181565,2.5333986282348633,1.1082939
9630,2.356971,0.09428221,-0.14695282,0.7252258658409119,0.1643991,2.21481990814209,1.2570739
9631,2.32503,0.2794631,-0.09452278,0.7930518984794617,0.1581526,2.178485870361328,1.7858711
9632,2.2285035,0.12142684,-0.036810867,0.7900058627128601,0.15705173,2.53070330619812,1.1623241
9633,2.2873898,0.19422902,-0.19371326,0.7796550393104553,0.11130408,2.4375619888305664,1.126066
9634,2.3076806,0.18651655,-0.09382029,0.6899918913841248,0.18061657,2.39734148979187,1.2034397
9635,2.2315164,0.15440635,-0.03254766,0.7021762728691101,0.16673702,2.3378350734710693,1.2509552
9636,2.272241,0.14380406,-0.1444402,0.7393908500671387,0.17860198,2.492947578430176,1.0603142
9637,2.210086,0.1619899,-0.056577533,0.6025812029838562,0.22853428,2.4992330074310303,1.2720878
9638,2.2727003,0.17813915,-0.12951262,0.724923312664032,0.14719178,2.3330600261688232,1.1200421
9639,2.2918806,0.09202896,-0.0804534,0.7474277019500732,0.16856734,2.3234333992004395,1.1361789
9640,2.3680258,0.13176224,-0.13972189,0.701858401298523,0.20387107,2.0673985481262207,1.9517257
9641,2.394918,0.1916726,-0.0027630257,0.8362775444984436,0.15342116,1.7352334260940552,2.5415158
9642,2.2564166,0.1868938,-0.09533552,0.8354154229164124,0.08635206,2.3017635345458984,1.2925376
9643,2.3111737,0.08920804,-0.18273547,0.7435268759727478,0.16468576,2.3240606784820557,1.282998
9644,2.3154984,0.19259822,-0.016706143,0.7100273966789246,0.17188501,1.959733247756958,1.6454828
9645,2.2945514,0.19556221,-0.14546722,0.574638843536377,0.18827562,2.3771283626556396,1.3931121
9646,2.3581667,0.1662503,-0.1915085,0.6244834661483765,0.21220936,2.2624075412750244,1.6011517
9647,2.2915213,0.15157981,-0.06253771,0.8333417177200317,0.11459604,2.20525860786438,1.4055883
9648,2.3002217,0.25269055,-0.075074084,0.5135080218315125,0.21554004,2.1469359397888184,1.5877596
9649,2.3974233,0.17946701,-0.11016556,0.8434981107711792,0.10123965,2.075416088104248,1.7452294
9650,2.1935737,0.1508946,-0.10574692,0.8066906332969666,0.12281887,2.428762197494507,1.0552478
9651,2.3059592,0.14020017,-0.1525147,0.7995716333389282,0.14594512,2.331345796585083,1.268802
9652,2.3446271,0.13356346,-0.17953426,0.7639738321304321,0.12608907,2.0603771209716797,1.4722288
9653,2.3010454,0.19071886,-0.0652155,0.7689656615257263,0.15370771,2.0750536918640137,1.567965
9654,2.2315133,0.14122239,-0.12148318,0.5699904561042786,0.18756132,2.3976988792419434,1.0105355
9655,2.2518346,0.20798783,-0.1520779,0.45516595244407654,0.26076195,2.3123865127563477,1.2333748
9656,2.2617807,0.094540134,-0.14253354,0.7723562717437744,0.14400576,2.450789213180542,1.1478541
9657,2.312109,0.17901109,-0.19280338,0.7746224403381348,0.13890028,2.305757999420166,1.1424185
9658,2.3019452,0.115673944,-0.13956092,0.7352403402328491,0.16222273,2.1547889709472656,1.6714827
9659,2.3009627,0.17313854,-0.23207998,0.8298519849777222,0.12578855,2.4340286254882812,1.2450215
9660,2.2251499,0.09791505,-0.09261555,0.6338744163513184,0.1606047,2.4148406982421875,1.0500959
9661,2.3688302,0.15185113,-0.15233138,0.5854917764663696,0.2120492,2.1177659034729004,1.8814346
9662,2.2097487,0.090334326,-0.15505354,0.5080404281616211,0.1442183,2.676356792449951,0.6007096
9663,2.1937375,0.1966067,-0.026289206,0.6156076788902283,0.22285871,2.369783401489258,1.3931705
9664,2.1937354,0.2327103,-0.071238846,0.7040618062019348,0.19035886,2.5839407444000244,1.2886357
9665,2.3121204,0.13226657,-0.17683366,0.6590874195098877,0.15075745,2.316878318786621,1.0737363
9666,2.225399,0.16247745,-0.1086953,0.7934948801994324,0.10937018,2.4742062091827393,0.98617077
9667,2.2532804,0.19289745,-0.19918185,0.7388565540313721,0.17555203,2.254471778869629,1.3653586
9668,2.3023195,0.2089452,-0.08405533,0.5001638531684875,0.20384027,2.1690902709960938,1.5243012
9669,2.3219492,0.28223822,-0.19339634,0.11576534062623978,0.193395,2.044600486755371,1.4796047
9670,2.3004274,0.18436022,-0.21022196,0.7092154026031494,0.17937201,2.4153847694396973,1.4131814
9671,2.298265,0.08898855,-0.032101665,0.8015142679214478,0.150701,2.2567176818847656,1.565999
9672,2.3531146,0.22048953,-0.105266124,0.6733493804931641,0.2104412,2.087535858154297,1.6445874
9673,2.2426686,0.17818408,-0.077781714,0.7259931564331055,0.14546658,2.433978796005249,1.203331
9674,2.3047369,0.18154672,-0.059403315,0.8133643865585327,0.15152547,2.3483312129974365,1.6472365
9675,2.3230813,0.18467678,-0.095275074,0.385426789522171,0.17009585,2.104376792907715,1.3563725
9676,2.2656794,0.24611643,-0.05241134,0.7681412696838379,0.16434999,2.3945670127868652,1.2436634
9677,2.289073,0.18895346,-0.049185835,0.6350122094154358,0.19132338,2.08944034576416,1.9455096
9678,2.3653364,0.2004832,-0.12016124,0.5823485255241394,0.22870016,2.1143438816070557,1.5298139
9679,2.386376,0.09753142,-0.16507454,0.7688104510307312,0.18087523,2.291790723800659,1.483622
9680,2.3987885,0.08208622,-0.074117616,0.7858147621154785,0.14385892,2.086740493774414,1.4422495
9681,2.317841,0.16810727,-0.11567,0.7351888418197632,0.19390109,2.1346325874328613,1.5782969
9682,2.324721,0.17840794,-0.036131516,0.85,0.098432094,2.240931749343872,1.5975494
9683,2.3128018,0.20137194,-0.22621444,0.8324021100997925,0.11083611,2.541416645050049,1.2582461
9684,2.3697834,0.17850079,-0.08900804,0.6046180725097656,0.23641923,2.1584010124206543,1.6042802
9685,2.256965,0.1624589,-0.08858059,0.5507038831710815,0.24338713,2.239086389541626,1.4934634
9686,2.3015614,0.15177153,-0.118388444,0.6580923199653625,0.1531551,2.3253822326660156,1.0242236
9687,2.318833,0.13116685,-0.15425886,0.6031436920166016,0.1880009,2.3723020553588867,1.1799561
9688,2.2309897,0.186995,-0.09839408,0.7076376080513,0.15008987,2.3027427196502686,1.2736466
9689,2.2354786,0.12540852,-0.034313153,0.8197767734527588,0.14711311,2.297781467437744,1.3959718
9690,2.2385805,0.09496304,-0.1392248,0.4347746670246124,0.20948853,2.1035234928131104,1.3228486
9691,2.3484533,0.2616757,-0.12244052,0.6732743978500366,0.21659996,2.225637912750244,1.5666373
9692,2.2979789,0.16200155,-0.14686036,0.5749003291130066,0.21495563,2.3897838592529297,1.454226
9693,2.2843344,-0.05575901,-0.12454084,0.7122112512588501,0.11574068,2.490622043609619,0.92903227
9694,2.2793536,0.0918148,-0.124526136,0.7666651010513306,0.1330929,2.2985799312591553,1.0894148
9695,2.408138,0.18579336,-0.06975971,0.6912478804588318,0.23837669,2.0738959312438965,1.770282
9696,2.261474,0.21433225,-0.18670118,0.6148800253868103,0.21505864,2.4477782249450684,1.5933963
9697,2.1877716,0.18767823,-0.038673934,0.527267575263977,0.17423682,2.3395895957946777,1.1675905
9698,2.3121595,0.101130284,0.0081848875,0.8215645551681519,0.1673086,2.261470317840576,1.3422532
9699,2.254702,0.18638076,-0.12233843,0.6594570875167847,0.19417149,2.3131837844848633,1.2903278
9700,2.3080604,-0.0870212,-0.13981642,0.5667721629142761,0.18192606,2.3158650398254395,1.0761466
9701,2.3903685,0.09869713,-0.067905694,0.813904881477356,0.1337734,2.076242446899414,1.8110857
9702,2.259782,0.17385985,-0.1386996,0.6279621720314026,0.19257227,2.3528664112091064,1.168375
9703,2.274163,0.17694575,-0.19270584,0.3716794550418854,0.24045192,2.387815475463867,1.1962202
9704,2.196452,0.13269854,0.014827939,0.8495901823043823,0.101071276,2.584947347640991,1.2758905
9705,2.451818,0.020957092,-0.1392653,0.8187785148620605,0.12098945,2.0908877849578857,1.522735
9706,2.2689722,0.08086247,-0.07311078,0.768293559551239,0.12379396,2.4312634468078613,1.0422213
9707,2.4002817,0.14396152,-0.2044599,0.8294952511787415,0.12208626,2.1188392639160156,1.8473428
9708,2.223239,0.13066141,-0.054612346,0.7357231974601746,0.13526607,2.3941969871520996,1.0682116
9709,2.3189378,0.20459673,-0.18278292,0.7473785877227783,0.15485822,2.324697971343994,1.2929432
9710,2.3116982,0.20676607,-0.151323,0.7819036245346069,0.17219324,2.454827308654785,1.2690288
9711,2.2402928,0.08926425,-0.06277653,0.8439258933067322,0.038220953,2.009660243988037,1.0659467
9712,2.288516,0.11213526,0.03404089,0.6226580739021301,0.214486,2.039951801300049,1.8867023
9713,2.2725592,0.20994392,-0.055182446,0.6382395029067993,0.18532188,2.1521780490875244,1.548435
9714,2.2714422,0.20212716,-0.17168093,0.8073222637176514,0.1434056,2.3843870162963867,1.1454172
9715,2.3150952,0.19213946,-0.09292391,0.7006880640983582,0.15346839,2.1248834133148193,1.4634475
9716,2.331712,0.13351068,-0.13696067,0.85,0.05964133,2.434462785720825,1.1521695
9717,2.2920544,0.08475424,-0.096237354,0.8464633822441101,0.10028409,2.3465938568115234,0.994047
9718,2.3232648,0.10441353,-0.18483214,0.6325415372848511,0.17756514,2.2582836151123047,1.0547874
9719,2.139981,0.24811509,0.0880859,0.7514339685440063,0.15015347,2.477653980255127,1.0749693
9720,2.2471888,0.09210135,-0.011223693,0.786314070224762,0.1538701,2.2515079975128174,1.3369365
9721,2.2610571,0.16501871,-0.26352593,0.6145762205123901,0.1949012,2.611905336380005,1.0524255
9722,2.228494,0.16796844,-0.08170572,0.44702449440956116,0.19916949,2.184142827987671,1.3318809
9723,2.3361304,0.18189548,-0.14609368,0.5770275592803955,0.14850771,2.1400299072265625,1.4432396
9724,2.3576877,0.18528657,-0.1663381,0.7123380303382874,0.16203068,2.268155813217163,1.2846022
9725,2.2907965,0.12867972,-0.02481525,0.715040922164917,0.16088237,2.3151066303253174,1.2968597
9726,2.3004167,0.20461434,-0.10920098,0.7532606720924377,0.18813044,2.223357677459717,1.3890519
9727,2.2743084,0.18352404,-0.08259009,0.7393918633460999,0.16035666,2.0951128005981445,1.268046
9728,2.273196,0.10423508,-0.07008982,0.7465176582336426,0.16710602,2.407221555709839,1.1682448
9729,2.2824574,0.17502975,-0.08612982,0.8033353686332703,0.11670159,2.3500263690948486,1.0010655
9730,2.3252244,0.19255598,-0.11728663,0.7353952527046204,0.14063261,2.2698254585266113,1.3503691
9731,2.208745,0.19676733,0.0064654374,0.754436731338501,0.13810231,2.288177728652954,1.0908897
9732,2.3008099,0.09291352,-0.088742055,0.7590630054473877,0.16410036,2.344129800796509,1.3775023
9733,2.2605915,0.19520742,-0.05215971,0.5871983766555786,0.19634062,2.252518892288208,1.2271905
9734,2.2317467,0.17687048,-0.17866044,0.8379124999046326,0.11667259,2.413255214691162,1.2859143
9735,2.385216,0.29446873,-0.21539772,0.6767867207527161,0.20239109,2.003789186477661,1.8965614
9736,2.3937812,0.06945573,-0.1324024,0.582364022731781,0.19485238,2.1628265380859375,1.4811593
9737,2.2782533,0.12590277,-0.06697854,0.7231119275093079,0.1850908,2.2623543739318848,1.3471743
9738,2.2899463,0.10973268,-0.08266077,0.8169360756874084,0.14436536,2.3171000480651855,1.4589635
9739,2.3220763,0.11544488,-0.06600455,0.8296718001365662,0.16171566,2.3305413722991943,1.5641942
9740,2.252281,0.19127479,-0.09946783,0.6500988602638245,0.16559449,2.302034854888916,1.3158617
9741,2.292515,0.18552104,-0.088915534,0.85,0.07575016,1.9396984577178955,1.5080589
9742,2.3955219,0.25064448,-0.17633988,0.8459831476211548,0.12437065,2.07698130607605,1.7531363
9743,2.2275014,0.23912519,-0.11822594,0.6524308323860168,0.17452325,2.1237056255340576,1.3334203
9744,2.2152328,0.18688641,-0.16197017,0.6339689493179321,0.14930435,2.3458070755004883,1.0169772
9745,2.3798873,0.1265702,-0.15770602,0.6042719483375549,0.1960603,2.0652761459350586,1.3558133
9746,2.2010884,0.19168027,-0.029349135,0.688413679599762,0.18703087,2.52799654006958,1.1789286
9747,2.3388157,0.22515686,-0.11547888,0.8436337113380432,0.10420378,2.3572566509246826,1.4132648
9748,2.2410302,0.17888717,-0.11619561,0.7648705840110779,0.15574118,2.251084804534912,1.2875358
9749,2.2536995,0.20960449,-0.0833041,0.7374487519264221,0.18677296,2.068938732147217,1.4093144
9750,2.3271835,0.18447174,-0.1639331,0.7940594553947449,0.16389449,2.331141710281372,1.3393561
9751,2.3176575,0.08533108,-0.16363049,0.685588002204895,0.18857726,2.282426595687866,1.2622408
9752,2.3161614,0.1397398,-0.070510685,0.733786940574646,0.20842165,2.3295791149139404,1.6155843
9753,2.3774402,0.14152785,-0.083289586,0.6420629620552063,0.2050313,2.0425405502319336,2.0760837
9754,2.216616,0.17506196,-0.17154123,0.7124249339103699,0.063266374,2.3025693893432617,0.7134214
9755,2.3152182,0.1880945,-0.17735496,0.7814233303070068,0.16679196,2.3451342582702637,1.2755823
9756,2.3327653,0.19391601,-0.048135687,0.6168367862701416,0.24068116,2.0447640419006348,1.9982842
9757,2.3417885,0.14216897,-0.20137228,0.7559670209884644,0.13306552,2.2547755241394043,1.2061868
9758,2.3103762,0.11635098,-0.03241681,0.7179154753684998,0.16926739,2.097254753112793,1.5625465
9759,2.228479,0.112921804,-0.09977744,0.558497428894043,0.207688,2.3782951831817627,1.2977978
9760,2.2541006,0.15505785,-0.14726947,0.5588021874427795,0.21075194,2.2983856201171875,1.3830754
9761,2.3120856,0.19869621,-0.1797571,0.5017368793487549,0.27403647,2.396867513656616,1.2628318
9762,2.2742066,0.15825169,-0.099069186,0.7987056374549866,0.1228755,2.4786667823791504,1.182608
9763,2.3192346,0.12718599,-0.13683456,0.6874345541000366,0.17801413,2.1112301349639893,1.3710606
9764,2.375271,0.18870401,-0.10517726,0.7548875212669373,0.18577318,2.129818916320801,2.5929813
9765,2.4336119,0.12774214,-0.13799824,0.7803784608840942,0.16586493,2.263367176055908,1.2730061
9766,2.2436874,0.2197748,-0.106134936,0.4792986810207367,0.23522113,2.2322864532470703,1.3449726
9767,2.2009082,0.23624328,-0.11371269,0.46728652715682983,0.2235397,2.1893224716186523,1.3890911
9768,2.215461,0.1827644,-0.12821254,0.6154385805130005,0.18908864,2.6166887283325195,1.0709174
9769,2.2307317,0.13272344,-0.16709441,0.7535253763198853,0.12119,2.5130295753479004,0.8561396
9770,2.2364259,0.19794895,-0.04212223,0.4512961804866791,0.22240002,2.2030575275421143,1.2833292
9771,2.3552785,0.13564733,-0.1778596,0.4096028506755829,0.26483375,2.3962111473083496,1.2935889
9772,2.352237,0.08560942,-0.13193029,0.773440957069397,0.1656269,2.120858907699585,1.6505991
9773,2.250211,0.20687707,-0.086483926,0.7466226816177368,0.20109598,2.664295196533203,1.2905583
9774,2.378268,0.10743816,-0.16654895,0.8373781442642212,0.14890572,2.3447084426879883,1.419639
9775,2.2310195,0.06262914,-0.11263825,0.4523499310016632,0.19177926,2.3944251537323,1.1221968
9776,2.2822332,0.18219717,-0.053795923,0.6213210225105286,0.22252814,2.106326103210449,1.4167005
9777,2.3208277,0.07661686,-0.1631174,0.6831938624382019,0.17092492,2.3338208198547363,1.1338377
9778,2.3136208,0.15184744,-0.0955977,0.838121771812439,0.09623076,2.1671156883239746,1.4513428
9779,2.223176,0.19609717,-0.099583216,0.5682670474052429,0.210911,2.5488433837890625,1.2193446
9780,2.2355466,0.06829522,-0.10019273,0.5968961715698242,0.15545133,2.336361885070801,0.93660825
9781,2.251341,0.17098497,-0.032930236,0.6805172562599182,0.17383042,2.269665241241455,1.3368292
9782,2.193134,0.13614698,-0.17098987,0.5751348733901978,0.18932553,2.597571611404419,0.97512704
9783,2.2472258,0.17315143,-0.15041149,0.6070418357849121,0.14514223,2.2553646564483643,1.2251031
9784,2.209421,0.13844559,-0.006498628,0.7914360761642456,0.12015648,2.638427734375,1.0760713
9785,2.256977,0.14928037,-0.043365147,0.6850990653038025,0.17123623,2.2324321269989014,1.4483598
9786,2.2071204,0.23575462,-0.034367505,0.7033491730690002,0.15070151,2.126401424407959,1.141403
9787,2.2125463,0.15481265,-0.067011796,0.5974432229995728,0.11697605,2.4191465377807617,1.0341703
9788,2.2608263,0.21028203,-0.10258804,0.7845225930213928,0.15103212,2.4195549488067627,1.2255518
9789,2.2179894,0.24640237,-0.098021075,0.7287050485610962,0.1623602,2.2769410610198975,1.2976252
9790,2.2095463,0.13158502,-0.07604754,0.7424220442771912,0.15706399,2.3489301204681396,1.1028752
9791,2.3661642,0.1721966,-0.21978472,0.8217992782592773,0.13776734,2.364593982696533,1.3832419
9792,2.386881,0.15878807,-0.17699571,0.7062749862670898,0.16267481,2.3224518299102783,1.2448055
9793,2.2442153,0.21040906,-0.07843948,0.7654420733451843,0.15949619,2.1983821392059326,1.4444739
9794,2.2117572,0.13815293,-0.1184683,0.7740589380264282,0.15809776,2.279824733734131,1.2859209
9795,2.3358743,0.025452005,-0.15944628,0.7498082518577576,0.1798807,2.1741368770599365,1.6918883
9796,2.2334418,0.2027572,0.034965463,0.6921049356460571,0.19001366,2.159907102584839,1.1821643
9797,2.3076897,0.17651872,-0.13611577,0.7297884225845337,0.16166665,2.2543013095855713,1.3456173
9798,2.2855546,0.09327712,-0.1640084,0.8302768468856812,0.113473155,2.6166305541992188,0.9379081
9799,2.4269774,0.09468174,-0.11147874,0.85,0.09179127,2.1059024333953857,1.3373028
9800,2.3824089,0.13888699,-0.1616313,0.7843994498252869,0.13057688,1.7718703746795654,1.4856356
9801,2.305337,0.16245034,-0.008867792,0.7873461246490479,0.15158682,2.1400861740112305,1.545939
9802,2.2260807,0.13466872,-0.12567627,0.7795936465263367,0.14578383,2.4584474563598633,0.93499833
9803,2.163258,0.11573193,-0.0878729,0.36741897463798523,0.2217601,2.60880184173584,0.9042263
9804,2.4091785,0.115507066,-0.20956692,0.5231698155403137,0.21182057,2.2152912616729736,1.4387851
9805,2.3467972,0.05618832,-0.18398097,0.8325417637825012,0.09948833,2.485558271408081,1.0339674
9806,2.3317108,0.19579732,-0.26867092,0.8344274759292603,0.081727065,2.5875608921051025,0.981112
9807,2.246132,0.19804902,-0.13194835,0.85,0.027976885,2.644805431365967,0.9397678
9808,2.3863409,0.18616094,-0.13965768,0.7042315602302551,0.13711363,2.0119922161102295,1.4902754
9809,2.3229527,0.11965645,-0.098937504,0.7649558186531067,0.13652582,2.141350746154785,1.1661402
9810,2.3044007,0.15776569,-0.14111951,0.4930863082408905,0.21576267,2.254624843597412,1.4234784
9811,2.2800267,0.14603479,-0.1332214,0.6376601457595825,0.18319665,2.4866435527801514,1.1536402
9812,2.3019257,0.08583192,-0.13360727,0.8410601019859314,0.08379226,2.174915313720703,1.2019538
9813,2.3079472,0.14009565,-0.07181199,0.7919321656227112,0.17272106,2.417841911315918,1.1526698
9814,2.378003,0.1832476,-0.085008696,0.805985152721405,0.17374222,1.8661779165267944,2.2015548
9815,2.2519295,0.20900622,-0.08566553,0.7387753129005432,0.1960169,2.3149733543395996,1.4425919
9816,2.2497022,0.13991986,-0.061608363,0.8078954219818115,0.15890959,2.3699076175689697,1.3467683
9817,2.3236654,0.1297054,-0.118626,0.5435773134231567,0.20927092,2.0869011878967285,1.8465029
9818,2.2423618,0.19294684,-0.108931944,0.7875959873199463,0.13579763,2.4374778270721436,1.0711126
9819,2.2269425,0.16926637,-0.11554236,0.85,0.09028532,2.570399522781372,0.9346711
9820,2.342386,0.22640947,-0.15304682,0.8340697288513184,0.12560733,2.063169479370117,1.6509557
9821,2.3149683,0.1560781,-0.15464544,0.7757539749145508,0.1476061,2.167252779006958,1.1486938
9822,2.3109655,0.14915435,-0.047849268,0.7957547307014465,0.115567856,2.0328071117401123,1.525745
9823,2.1386654,0.23636147,-0.097743385,0.6440313458442688,0.18925945,2.5595223903656006,1.1395041
9824,2.3434258,0.12384137,-0.10282682,0.7637041807174683,0.14229508,2.149815082550049,1.3071151
9825,2.2808714,0.05395159,-0.039120074,0.6880514025688171,0.19097243,2.4256985187530518,1.1930115
9826,2.3733814,0.06930336,-0.07456674,0.7860815525054932,0.13134487,2.151973009109497,1.391755
9827,2.2893872,0.11261076,-0.23143671,0.2534378468990326,0.22258982,2.3884809017181396,1.2659435
9828,2.3714423,0.18712907,-0.111164846,0.7398792505264282,0.14456852,2.327455997467041,1.4697657
9829,2.3215957,0.12133819,-0.078642026,0.7487761378288269,0.11258982,2.1769232749938965,1.2506014
9830,2.3032706,0.14171247,-0.09372967,0.8458532691001892,0.111887194,2.4611780643463135,1.246186
9831,2.2219133,0.17758685,-0.07719679,0.7644131183624268,0.17389984,2.3677611351013184,1.3083484
9832,2.2421138,0.1808183,-0.13904019,0.5551106929779053,0.20888388,2.2685458660125732,1.2529067
9833,2.2470489,0.1493085,-0.11391809,0.6498041749000549,0.17922838,2.441591501235962,1.175635
9834,2.272295,0.14578776,-0.07823369,0.693320095539093,0.19961101,2.4319827556610107,1.1803011
9835,2.1931403,0.27605024,-0.09976376,0.8489720821380615,0.09202026,2.339794874191284,1.6450809
9836,2.3174617,0.20267361,-0.13241564,0.5354421734809875,0.21129571,2.055067300796509,1.7778924
9837,2.1839054,0.20757078,-0.08871547,0.6322436332702637,0.19110413,2.363812208175659,1.2181044
9838,2.2887497,0.19353351,-0.09974677,0.6927376389503479,0.20017365,2.2049927711486816,1.7323642
9839,2.2812092,0.15860361,-0.14397354,0.641973078250885,0.19147518,2.31575345993042,1.2483447
9840,2.1844478,0.21083069,-0.008011139,0.7009661793708801,0.19737037,2.194650411605835,1.466851
9841,2.2824128,-0.042251278,-0.12718908,0.5211753845214844,0.1573131,2.22294020652771,1.0401609
9842,2.3036766,0.120964214,-0.12359555,0.42293694615364075,0.22361737,2.331721782684326,1.4047263
9843,2.2831118,0.1629766,-0.09911977,0.8461495041847229,0.07615336,2.408458709716797,1.1572869
9844,2.2225022,0.1662189,-0.10266976,0.4604520797729492,0.24387556,2.450408697128296,1.7251936
9845,2.3012717,0.1516226,-0.11793356,0.10510622709989548,0.089170165,2.0527122020721436,1.2298493
9846,2.2441866,0.06646146,-0.14691837,0.7505273222923279,0.14150898,2.4661777019500732,0.93850344
9847,2.339006,0.16427179,-0.19612963,0.835655152797699,0.112747096,2.5153462886810303,1.242856
9848,2.260883,0.18232846,-0.122603625,0.8040196299552917,0.1524489,2.2174928188323975,1.1904513
9849,2.2998023,0.17791842,-0.17134546,0.4593287408351898,0.19760096,2.1189332008361816,1.4624456
9850,2.3516514,0.20182331,-0.07672638,0.779783308506012,0.1757112,2.3119258880615234,1.3640579
9851,2.322489,0.25277108,-0.17381917,0.4169608950614929,0.19060335,2.308497667312622,1.2008986
9852,2.3293495,0.13467807,-0.019752666,0.7963519096374512,0.17514598,2.177016258239746,1.8078822
9853,2.3264897,0.12660226,-0.14760098,0.7734578251838684,0.14556798,2.429335594177246,1.0320709
9854,2.2922173,0.18809359,-0.1272318,0.7658423781394958,0.15363207,2.493697166442871,1.2241488
9855,2.3922477,0.13746917,-0.16783622,0.7788069844245911,0.13467431,2.1437971591949463,1.8285785
9856,2.3023968,0.1832519,-0.22445677,0.5311675667762756,0.18200202,2.105570077896118,1.4514719
9857,2.323779,0.18587787,-0.16532043,0.588210940361023,0.20078078,2.216783285140991,1.3534672
9858,2.2843971,0.07440318,-0.119013295,0.8446382284164429,0.11170211,2.3782598972320557,1.1232178
9859,2.291704,0.25141442,-0.11639948,0.603497326374054,0.22000952,2.0422911643981934,1.6987523
9860,2.2623413,0.16702133,-0.07001089,0.7514187693595886,0.1671792,2.3100736141204834,1.2167289
9861,2.345707,0.12768182,-0.12053911,0.8371282815933228,0.09807918,2.390115976333618,1.3064616
9862,2.2261696,0.27831438,-0.11782891,0.6704710721969604,0.21786968,2.302222490310669,1.441074
9863,2.2956686,0.102132395,-0.043362632,0.5322564244270325,0.21101427,2.011099100112915,1.2415953
9864,2.2804272,0.1301793,-0.10767727,0.54864102602005,0.20761688,2.234128475189209,1.4875529
9865,2.250864,0.1119302,-0.07271401,0.8416158556938171,0.11196809,2.436368942260742,1.1033843
9866,2.2775714,0.16940151,-0.048260264,0.8299200534820557,0.12507272,2.4092154502868652,1.0450305
9867,2.2241766,0.09408832,-0.074750446,0.6309307217597961,0.13994996,2.3332817554473877,1.018982
9868,2.2686803,0.15285741,-0.15265489,0.7069169282913208,0.12457678,2.4726428985595703,1.1479019
9869,2.2854302,0.23170966,-0.14196886,0.671760618686676,0.19074391,2.2881972789764404,1.5233318
9870,2.3045032,0.19062912,-0.09983836,0.820469319820404,0.1304375,2.2606451511383057,1.2781594
9871,2.363447,0.19516829,-0.08327145,0.8195493817329407,0.15055272,2.3372855186462402,1.4604504
9872,2.2967734,0.1992582,-0.049142037,0.8303667306900024,0.11212294,2.14821195602417,1.3969934
9873,2.3283606,0.14288265,-0.13340749,0.8298841714859009,0.11392512,2.364453077316284,1.1444135
9874,2.2914827,0.19179751,-0.088648714,0.8126099705696106,0.15547176,2.291482448577881,1.19585
9875,2.307192,0.18232103,-0.07030715,0.7497796416282654,0.14805435,2.186156988143921,1.5337135
9876,2.1714146,0.20352314,-0.07026069,0.7867100834846497,0.123241395,2.419926404953003,1.0297325
9877,2.240686,0.10798459,0.0050051296,0.8219465613365173,0.10336323,2.31135892868042,1.2159834
9878,2.265703,0.1263234,-0.03162616,0.7734355330467224,0.14152472,2.30285382270813,1.1926193
9879,2.348719,0.14180532,-0.1254602,0.7548632025718689,0.16552754,2.0788915157318115,1.7022189
9880,2.344972,0.08168053,-0.1568203,0.5199145078659058,0.22315495,2.2777509689331055,1.1618315
9881,2.2954628,0.19228344,-0.05931742,0.7967384457588196,0.11616624,2.03374981880188,1.4648666
9882,2.2814715,0.20453352,-0.10819589,0.8495383262634277,0.07447131,2.4198038578033447,1.1255915
9883,2.2327025,0.13528903,-0.16450436,0.5663219690322876,0.1900201,2.480081558227539,1.1484891
9884,2.2216804,0.20623434,-0.037544116,0.8309952616691589,0.09837098,2.2678985595703125,1.2261995
9885,2.2694852,0.11796517,-0.10266723,0.7937152981758118,0.15537411,2.262047529220581,1.5747666
9886,2.325083,0.18531038,-0.040747352,0.8389776945114136,0.1460052,2.276543378829956,1.444822
9887,2.3181481,0.20224302,-0.14789078,0.8053554892539978,0.14755622,2.3806984424591064,1.2142544
9888,2.2829645,0.08441484,-0.22756813,-0.027643945068120956,0.18843779,2.368427038192749,1.1209055
9889,2.3820019,0.07919166,-0.12880999,0.85,0.13746332,2.0956509113311768,1.6810541
9890,2.3447304,0.14087501,-0.115180865,0.8323932886123657,0.109535314,2.3376519680023193,1.3202151
9891,2.315747,0.11009438,-0.107740514,0.7528765797615051,0.15541816,2.3382983207702637,1.220143
9892,2.3420146,0.21105498,-0.12015637,0.7127307653427124,0.1985574,2.2126474380493164,1.6392628
9893,2.2811806,0.16497499,-0.063157596,0.85,0.10434992,2.396866798400879,1.3242843
9894,2.4704266,0.1833872,-0.17050612,0.6285306811332703,0.2681293,2.1892549991607666,2.1015313
9895,2.332261,0.17704742,-0.056074888,0.5549700260162354,0.23461862,2.0311474800109863,1.9915547
9896,2.2424126,0.14235748,-0.08756893,0.5958991050720215,0.2180862,2.381312370300293,1.1519581
9897,2.251213,0.17507783,-0.09006619,0.5044280886650085,0.16403088,2.1349096298217773,1.3608562
9898,2.294028,0.18465911,-0.07531434,0.6564056873321533,0.22526692,2.051511526107788,1.7473732
9899,2.2956007,0.098847196,-0.12080982,0.6763806343078613,0.15222125,2.31406307220459,1.306729
9900,2.320993,0.039097775,-0.06884799,0.8327410221099854,0.082278974,2.233330249786377,1.2987036
9901,2.2775075,0.11601414,-0.158306,0.7339357137680054,0.1486899,2.3400957584381104,1.0222703
9902,2.2183871,0.17007962,-0.11731876,0.7448603510856628,0.15772022,2.6420698165893555,0.9694461
9903,2.2242298,0.13229743,-0.09070729,0.6112863421440125,0.14656642,2.235164165496826,1.1168314
9904,2.3982534,0.23299477,-0.2182524,0.6530085206031799,0.20903416,2.039083957672119,2.2929835
9905,2.2967699,0.1984901,-0.12807691,0.8345276713371277,0.09187396,2.3575148582458496,1.1711849
9906,2.291973,0.15552221,-0.17662182,0.7268567681312561,0.16618055,2.4612367153167725,0.95300037
9907,2.273958,0.24014305,-0.09782497,0.6178040504455566,0.19692087,2.0753774642944336,1.7540536
9908,2.3081906,0.2042063,-0.10143203,0.7395239472389221,0.17319153,2.081825017929077,1.3465766
9909,2.2998364,0.19497058,-0.074430086,0.6461650133132935,0.20419468,2.1461329460144043,1.6822137
9910,2.3795192,0.18009396,-0.14722006,0.8165929317474365,0.1497855,2.3373003005981445,1.575171
9911,2.1995864,0.1964015,-0.0765153,0.7957114577293396,0.12665777,2.357738733291626,1.0838485
9912,2.2831447,0.19068165,-0.10159747,0.6776288747787476,0.18958925,2.1965019702911377,1.4531523
9913,2.2642343,0.21979547,-0.059067447,0.5675199031829834,0.21996108,2.2264041900634766,1.8992314
9914,2.387128,0.17542423,-0.19294688,0.6796134114265442,0.17724115,2.057805061340332,1.6279589
9915,2.2948294,0.21683839,-0.081010565,0.7592995762825012,0.1836324,2.1168007850646973,1.3492291
9916,2.2994273,0.14317666,-0.13259475,0.7270981669425964,0.15391016,2.348710060119629,1.1412696
9917,2.268722,0.13399158,-0.08143405,0.6861439347267151,0.17853586,2.296475887298584,1.2527292
9918,2.3142147,0.090397514,-0.15662317,0.7388971447944641,0.17950998,2.309680223464966,1.2949108
9919,2.2801201,0.21893424,-0.17299882,0.7505499720573425,0.11178594,2.2576193809509277,1.6329485
9920,2.3535774,0.13540833,-0.05782786,0.6582245230674744,0.17537287,2.132232189178467,1.4089413
9921,2.3285875,0.20184745,-0.16281922,0.4944695830345154,0.23764013,2.1031854152679443,1.7324748
9922,2.2732294,0.24321161,-0.15301259,0.7535790205001831,0.10432366,2.375009775161743,1.0304208
9923,2.0982916,0.21308969,-0.018601593,0.5050477981567383,0.12777318,2.535412073135376,0.8114192
9924,2.3513117,0.13589701,-0.11961248,0.7071294188499451,0.19668585,2.0600972175598145,1.6972221
9925,2.432082,0.03365188,-0.08461256,0.8152107000350952,0.12008619,2.054215908050537,1.76325
9926,2.271854,0.13142304,-0.19228251,0.7428346276283264,0.17741096,2.3981592655181885,1.1801711
9927,2.272617,0.14772336,-0.07275144,0.7157816290855408,0.14602526,2.1968634128570557,1.1577122
9928,2.242067,0.14481522,-0.07188797,0.45887720584869385,0.23496716,2.2919304370880127,1.2803756
9929,2.2540917,0.13749342,-0.057489965,0.7911612391471863,0.14176995,2.3310706615448,1.2326884
9930,2.304893,0.14913213,-0.10707974,0.7266148924827576,0.13961662,2.322603225708008,1.2797749
9931,2.2362347,0.13390435,-0.14440973,0.7825337052345276,0.13635789,2.4366674423217773,1.0149616
9932,2.324941,0.20683864,-0.17078018,0.6447119116783142,0.17480138,2.0527443885803223,1.8237731
9933,2.2988973,0.15451181,-0.053477112,0.7157245874404907,0.15282327,2.1811203956604004,1.5640086
9934,2.3296814,0.08467341,-0.07367011,0.7179116010665894,0.16083884,2.298007011413574,1.4252591
9935,2.4012415,0.21072036,-0.104723066,0.6713986992835999,0.24411269,2.1027629375457764,1.9810224
9936,2.2718995,0.19736423,-0.14707561,0.8393093347549438,0.118184075,2.480395793914795,1.0468687
9937,2.2966728,0.1449632,-0.16123438,0.5616268515586853,0.18440592,2.1681137084960938,1.2626545
9938,2.23569,0.18776537,-0.10130328,0.763679027557373,0.13260628,2.4686436653137207,1.0951761
9939,2.2216365,0.10070804,-0.08903837,0.8121420741081238,0.10801723,2.3455986976623535,1.0989712
9940,2.2682123,0.16607915,-0.12428046,0.751160740852356,0.16606756,2.417323589324951,1.3234861
9941,2.2684414,0.15509602,-0.044546146,0.679064154624939,0.1803526,2.0996084213256836,1.3526785
9942,2.3903897,0.10583078,-0.21017595,0.7323558330535889,0.15538412,2.320720672607422,1.3907944
9943,2.410674,0.17173326,-0.19817142,0.7049458622932434,0.18434249,2.1020431518554688,1.6324987
9944,2.2546175,0.09121022,-0.084636055,0.4703478217124939,0.2275131,2.3973641395568848,1.0799766
9945,2.2636545,0.09553533,-0.0871129,0.8375476598739624,0.14196712,2.36704421043396,1.1968157
9946,2.177729,0.20162173,-0.036817264,0.7044753432273865,0.16296017,2.5388290882110596,0.9797082
9947,2.3024383,0.13161346,-0.017484281,0.7590571045875549,0.15225182,2.1269521713256836,1.5190449
9948,2.122228,0.19739923,-0.11708242,0.4149775505065918,0.1568087,2.3590517044067383,0.8333557
9949,2.2966323,0.13747357,-0.10973049,0.8207284212112427,0.13858914,2.39007568359375,1.3358134
9950,2.2446077,0.12040836,0.0029661225,0.8240677714347839,0.11892217,2.17903995513916,1.3724676
9951,2.2910166,0.17134693,-0.20495689,0.5820299386978149,0.21242888,2.434650421142578,1.1917202
9952,2.373129,0.18060704,-0.18084364,0.6356653571128845,0.19020815,1.9499188661575317,1.8180544
9953,2.2951005,0.22289985,-0.11421674,0.8020868897438049,0.14329381,2.3199024200439453,1.525456
9954,2.299329,0.1294784,-0.08408023,0.6982228755950928,0.19276863,2.2652804851531982,1.6202084
9955,2.316787,0.13894235,-0.12434352,0.7363843321800232,0.14610961,2.102693796157837,1.4061638
9956,2.2695825,0.25523558,-0.100634,0.7532951235771179,0.10527792,2.095289468765259,1.2793714
9957,2.2734075,0.19133627,-0.24329351,0.7326197624206543,0.17101641,2.4059274196624756,1.2448871
9958,2.299894,0.15958281,-0.06107581,0.7803882360458374,0.11816849,2.102695941925049,1.4582514
9959,2.229732,0.17680497,-0.048712235,0.5500555038452148,0.2377517,2.3313229084014893,1.177508
9960,2.3929243,0.10977352,-0.075155534,0.6903336048126221,0.17216027,2.1035356521606445,1.5737202
9961,2.2971916,0.17122628,-0.14441799,0.7674515247344971,0.16131845,2.3110275268554688,1.3418903
9962,2.2972848,0.1831069,-0.034968346,0.7255975008010864,0.18908538,2.0763187408447266,1.5130807
9963,2.2526004,0.11140612,-0.17001928,0.7312922477722168,0.16378246,2.5923304557800293,0.9914416
9964,2.2506957,0.20415291,-0.04403359,0.6134472489356995,0.20346536,2.1620330810546875,1.5251238
9965,2.2154424,0.16792157,-0.08108461,0.7942042946815491,0.10719602,2.5367162227630615,1.0615698
9966,2.3065712,0.22328685,-0.050555736,0.7540557384490967,0.19363026,2.066270589828491,1.7580036
9967,2.2868774,0.1451015,-0.1955472,0.48697546124458313,0.16317351,2.3271324634552,1.11184
9968,2.2684216,0.16409436,-0.08394537,0.7069317102432251,0.17544313,2.2688496112823486,1.2894984
9969,2.2684221,0.26088622,-0.071589924,0.8093372583389282,0.1415615,2.262859344482422,1.2943211
9970,2.279849,0.15262721,-0.15131246,0.7309520840644836,0.15580393,2.406552314758301,1.1260742
9971,2.1723015,0.1663214,-0.05917986,0.7623065114021301,0.16197218,2.8396506309509277,0.7966445
9972,2.2897592,0.1611342,-0.07953765,0.7877376079559326,0.1516406,2.3725130558013916,1.1968172
9973,2.21256,0.15258317,-0.06582243,0.8425053954124451,0.10604274,2.4751036167144775,1.0596607
9974,2.384562,0.14650153,-0.14893994,0.4954298734664917,0.27401185,2.2108912467956543,1.2735838
9975,2.3542118,0.14492667,-0.098096736,0.5369406342506409,0.17226934,2.1143014430999756,1.307382
9976,2.335176,0.21813376,-0.13580735,0.6009175181388855,0.17689927,2.032695770263672,1.7188203
9977,2.2471795,0.12295598,-0.034582086,0.5093953609466553,0.2268077,2.3789713382720947,1.296755
9978,2.3119793,0.10757122,-0.18072955,0.5902442932128906,0.2180052,2.307715654373169,1.3016446
9979,2.3077068,0.12526293,-0.101674855,0.7472305297851562,0.13484004,2.184452772140503,1.2557402
9980,2.2498116,0.21905743,-0.11502337,0.7291646003723145,0.17958322,2.509810447692871,1.0666544
9981,2.290179,0.153843,-0.101531744,0.7808294892311096,0.14703634,2.3226077556610107,1.3080852
9982,2.290373,0.20084882,-0.14335448,0.8274555802345276,0.09292473,2.323925495147705,1.0944331
9983,2.3513634,0.21002324,-0.11165865,0.7612241506576538,0.1549051,2.090540647506714,1.4865423
9984,2.3858395,0.17766269,-0.19927321,0.6187056303024292,0.21600121,2.1026599407196045,1.5703373
9985,2.1825008,0.1465162,-0.02487067,0.6917732357978821,0.15881802,2.3569865226745605,1.0354595
9986,2.3040502,0.13256848,-0.22889629,0.7683596014976501,0.16044275,2.4149508476257324,1.0285993
9987,2.3329797,0.14582932,-0.17639998,0.8302416801452637,0.11655234,2.3942675590515137,1.1783322
9988,2.2185087,0.13057391,-0.06677723,0.7265349626541138,0.16744646,2.728693962097168,0.9971484
9989,2.227903,0.1910711,-0.1673201,0.7570985555648804,0.15025964,2.5414726734161377,0.90803856
9990,2.2725544,0.13720262,-0.13206975,0.6886917352676392,0.120434076,2.4036526679992676,1.1975082
9991,2.31703,0.17321964,-0.04369886,0.7056522965431213,0.18870954,2.1131224632263184,1.9167043
9992,2.2717354,0.14055517,-0.08814833,0.8054506778717041,0.14079693,2.3681671619415283,1.2536807
9993,2.3652942,0.22555228,-0.19475938,0.6400615572929382,0.19083227,2.0408711433410645,1.9389517
9994,2.3409624,0.20797831,-0.12789921,0.7939940690994263,0.17326583,2.033223867416382,2.1861813
9995,2.314883,0.17649737,-0.084313944,0.6961166858673096,0.1864373,1.8882536888122559,2.0611393
9996,2.2333467,0.2564805,-0.08929134,0.5717790722846985,0.18139131,2.244629144668579,1.2866886
9997,2.2786493,0.15916899,-0.15735632,0.5962543487548828,0.1663673,2.349740982055664,1.314174
9998,2.2568798,0.132425,0.018878454,0.766997218132019,0.123405546,2.131896495819092,1.4121346
9999,2.2258482,0.16419244,-0.10682606,0.48798668384552,0.24377488,2.5393447875976562,1.5376297
