,posterior_g1,posterior_g2,posterior_g3,posterior_phi,posterior_sigma,posterior_beta3,posterior_rho
0,2.204633,0.10660893,-0.06278617,0.85,0.021933389827609062,3.9311335,1.8379005
1,2.3095646,0.04610596,-0.13791864,0.85,0.02011330984532833,3.0298357,2.2983356
2,2.430188,0.08404671,-0.24617982,0.8317586779594421,0.05740108713507652,2.3904414,2.6546547
3,2.261774,0.027881602,-0.06931161,0.8149279952049255,0.04127546027302742,3.9546256,2.1435843
4,2.2077224,0.12196369,-0.113669105,0.8291096091270447,0.015713540837168694,4.0127373,2.096009
5,2.3329337,-0.00090276805,0.049240354,0.85,0.05,2.0385656,2.8651135
6,2.2959945,0.079066806,-0.087701105,0.85,0.025992054492235184,2.83633,2.5771072
7,2.3680215,0.034390688,-0.07324294,0.8293436169624329,0.043911613523960114,2.460195,2.1681325
8,2.1736095,0.048581194,0.0015788177,0.80296790599823,0.03452816605567932,4.7949486,1.778789
9,2.1511636,0.14272699,-0.035584208,0.85,0.05,4.6618333,1.7451679
10,2.3450084,-0.01767264,-0.112419486,0.85,0.05,2.6877017,2.6506634
11,2.2987847,0.043184694,-0.08843968,0.85,0.05,2.8545322,2.670289
12,2.256402,0.0023460577,0.014108731,0.8242512345314026,0.026936473324894905,2.9717047,2.132908
13,2.2963042,0.084925815,-0.13102068,0.49416422843933105,0.06103741005063057,2.9034004,1.8634909
14,2.2461746,0.14373302,-0.102907345,0.85,0.05,3.0859513,2.4849093
15,2.271288,0.034227844,-0.19916981,0.85,0.03814195469021797,4.811872,2.1232848
16,2.2370584,0.10540855,-0.07934689,0.85,0.0271648820489645,3.9756658,2.1737888
17,2.1770554,0.19487959,-0.10336146,0.8105118870735168,0.05,4.103558,2.0324514
18,2.184394,0.11270134,-0.11000871,0.5323004126548767,0.024340353906154633,4.627733,2.2731328
19,2.4136522,0.037143,-0.028409248,0.3841431736946106,0.09288012236356735,1.9887649,2.844403
20,2.2506785,0.09100326,-0.13396834,0.834173321723938,0.010724471881985664,4.4764757,2.082367
21,2.2325907,0.085613444,-0.026194112,0.85,0.05,2.6297529,2.1365867
22,2.3163674,0.04315659,-0.22152118,0.85,0.011657414957880974,4.064182,2.0778856
23,2.300731,0.031858884,-0.009041196,0.85,0.05,2.455547,2.4451451
24,2.2531044,0.10599667,-0.16774203,0.85,0.05,4.3679,1.9785835
25,2.2302403,0.11024494,-0.20438462,0.85,0.05,5.0211096,2.008667
26,2.3377907,0.045835003,-0.14218618,0.5570737719535828,0.021882085129618645,3.02844,2.0987372
27,2.3003402,0.038046993,-0.10392566,0.8220216631889343,0.05,3.7020879,2.2567453
28,2.288779,0.053938214,-0.09470955,0.7038202881813049,0.035754311829805374,3.141504,2.445696
29,2.179043,0.100813955,0.0018926627,0.8048069477081299,0.030990587547421455,3.8884652,2.2342827
30,2.2173202,0.103550486,-0.0589966,0.8027470111846924,0.05,4.0073824,2.16676
31,2.3410692,0.02823012,-0.12909934,0.85,0.05,2.9278214,2.2412865
32,2.3344567,0.11323035,-0.2267899,0.4885282516479492,0.02169719897210598,2.8513806,2.4530559
33,2.3584557,0.02220726,-0.058251847,0.85,0.02547628805041313,2.2895975,2.5064554
34,2.2524614,0.08668851,-0.16269647,0.766624391078949,0.025224842131137848,3.9529321,2.1067169
35,2.2281656,0.10190212,-0.19707191,0.85,0.05,4.840829,1.6880628
36,2.221366,0.07226207,-0.06180155,0.7972036600112915,0.03166000917553902,4.3141375,1.9784552
37,2.2873838,0.077821516,-0.14550327,0.85,0.021261340007185936,3.4403965,2.2926018
38,2.2910779,0.1267268,-0.10654363,0.85,0.05,2.683637,2.8158872
39,2.2354636,0.081626564,-0.04904978,0.6687853932380676,0.05,3.3051603,2.3239553
40,2.3569138,0.056114513,-0.09512471,0.85,0.05,2.2942219,2.3942132
41,2.2569823,0.03411406,-0.18755285,0.85,0.0018273654859513044,4.9300985,1.7981224
42,2.2411165,0.022569753,-0.04177123,0.8316540122032166,0.026128672063350677,3.8025422,2.2764664
43,2.3146117,0.012463138,-0.13131224,0.8115108609199524,0.014172207564115524,3.658952,2.1986525
44,2.2062094,0.08661757,-0.048840523,0.85,0.05,4.136676,1.9409232
45,2.375499,0.06332094,-0.029407525,0.6925085783004761,0.03831016272306442,2.1869435,2.8422594
46,2.2316968,0.10627675,-0.079062805,0.85,0.05,3.7903063,1.7973365
47,2.2382438,0.10207291,-0.06646811,0.85,0.05,3.8605742,1.9438797
48,2.4090567,0.057460327,-0.29903972,0.85,0.05,2.8360448,2.5954237
49,2.1644685,0.128766,-0.09744032,0.85,0.022041624411940575,5.0649295,2.105096
50,2.2266755,0.051561564,0.015067121,0.85,0.0018848399631679058,3.4079554,2.112341
51,2.2832072,0.06686942,-0.09083332,0.836618185043335,0.05,3.1074035,2.2330267
52,2.316321,0.0693686,-0.11926476,0.85,0.05,2.640617,2.576679
53,2.234442,0.11382492,-0.12982097,0.85,0.05,4.577647,2.262895
54,2.2220037,0.16399434,-0.16947974,0.8273302316665649,0.024107543751597404,3.816069,1.7252636
55,2.2378209,0.11156863,-0.099128194,0.85,0.021532176062464714,3.6482487,2.3795085
56,2.314467,0.028339019,-0.13780591,0.7140874862670898,0.04802614450454712,3.1006474,2.818352
57,2.2839246,0.08897738,-0.24908794,0.85,0.05,4.5663967,2.041654
58,2.2705562,0.09191987,-0.13431954,0.8299893140792847,0.023943694308400154,3.4837937,2.4596434
59,2.3202677,0.078797154,-0.12624188,0.7225375175476074,0.03336748108267784,2.8846743,2.2998757
60,2.300655,0.10152767,-0.14107463,0.8353988528251648,0.050953272730112076,3.0849445,2.364104
61,2.2850802,0.013801554,-0.03874254,0.8417981266975403,0.05,3.7185106,2.1042037
62,2.232004,0.08301337,-0.05066651,0.5626255869865417,0.05755328759551048,3.6157045,2.519827
63,2.2059,0.063808784,-0.101247445,0.85,0.05,4.8693333,1.9832551
64,2.369978,0.062668756,-0.09629454,0.3145473301410675,0.03295862302184105,2.2430482,2.2972546
65,2.2951276,0.047684014,-0.10763396,0.8274243474006653,0.024027785286307335,3.1495132,2.1623287
66,2.3505821,0.0938513,-0.086913794,0.33410313725471497,0.03546005114912987,2.349814,2.5247905
67,2.2306283,0.10810541,-0.11101055,0.85,0.05,4.3592343,2.3278232
68,2.4389935,-0.034918386,-0.1564618,0.85,0.03519260883331299,2.2637935,2.69818
69,2.187838,0.12580003,-0.025864994,0.85,0.05,4.6013546,1.856222
70,2.2676373,0.083743654,-0.08494174,0.8079246282577515,0.03780218958854675,3.1148968,2.2815416
71,2.2498279,0.18215872,-0.24611683,0.85,0.05,4.71844,2.150535
72,2.2891665,0.08578889,-0.100214995,0.8006234169006348,0.03713962808251381,2.6044817,2.9047108
73,2.2086873,0.08047927,-0.09615317,0.824199378490448,0.04223979264497757,4.600531,1.9225245
74,2.2276301,0.053490527,-0.07483715,0.6211101412773132,0.03145090118050575,3.9244423,1.8467354
75,2.1978192,0.13204154,-0.095995754,0.85,0.05,4.420735,1.8294772
76,2.3120024,0.08809164,-0.19099027,0.85,0.05,3.3866205,2.1908514
77,2.304189,0.0017070392,-0.08231356,0.7841947078704834,0.056381020694971085,3.6626973,2.154938
78,2.1508381,0.048842702,-0.06849069,0.806063175201416,0.011813102290034294,5.451498,1.6551458
79,2.3214152,0.033298153,-0.17550686,0.85,0.05,3.0171933,2.4451113
80,2.3652318,0.07050056,-0.07308122,0.5405318140983582,0.09447473287582397,2.4983628,2.4799893
81,2.377995,0.012179539,-0.12723915,0.6168802976608276,0.05,2.2851348,2.263866
82,2.3021154,0.060079664,-0.12357949,0.8183534145355225,0.026202725246548653,3.1938236,2.209435
83,2.3242116,0.09225474,-0.22835852,0.85,0.05,3.3553705,2.729114
84,2.2727597,0.09502303,-0.090108745,0.85,0.05,3.1179485,2.4430563
85,2.3933995,-0.03791166,-0.03550999,0.4149221181869507,0.02125450409948826,2.0266237,2.59387
86,2.366891,0.09764017,-0.2979709,0.7969066500663757,0.04544766992330551,2.9440274,2.8899856
87,2.2064652,0.09749271,-0.2166398,0.8285128474235535,0.04736751690506935,5.5138006,1.6040896
88,2.305711,0.069410205,-0.19972445,0.85,0.021413125097751617,3.606496,2.20104
89,2.2554705,0.093424045,-0.044213917,0.27376601099967957,0.019889380782842636,3.2483256,2.7603307
90,2.2991118,0.004388388,-0.107325815,0.7656139135360718,0.04363246634602547,3.6261063,2.049631
91,2.320007,0.018629998,-0.091811,0.85,0.05,2.9993,2.1817362
92,2.2164247,0.06979903,-0.17782243,0.85,0.012298132292926311,5.0932565,1.5937973
93,2.318337,0.13020371,-0.06664259,0.8281297087669373,0.011664838530123234,2.045888,2.8146658
94,2.2572618,0.0528081,-0.15559097,0.8377960324287415,0.05,4.8088536,1.9624391
95,2.375566,0.05630543,-0.10420805,0.7728418707847595,0.035079475492239,2.3253617,2.7439756
96,2.3350565,0.039545823,-0.102102384,0.15916268527507782,0.018386682495474815,2.5782926,2.5017734
97,2.2968214,0.10163915,-0.1886039,0.6380848288536072,0.07453417032957077,3.2950032,2.156868
98,2.2222443,0.056698456,-0.113835044,0.8274924755096436,0.006446853745728731,4.501238,1.9474783
99,2.2468545,0.09015402,-0.042780675,0.8173509836196899,0.039224300533533096,3.235938,2.3999343
100,2.2241485,0.08177106,0.013622666,0.8261812925338745,0.04123813658952713,3.3709161,2.2467732
101,2.391651,0.033486553,-0.15587616,0.8228551745414734,0.05,2.2294784,2.3723478
102,2.363422,0.09185309,-0.18075159,0.85,0.05,2.435204,2.8721366
103,2.2366953,0.07790136,-0.18609841,0.85,0.05,4.665131,1.5836489
104,2.257907,0.10015875,-0.19865994,0.85,0.008645310066640377,4.8766723,1.9079084
105,2.2245562,0.064667776,-0.15768237,0.8029581904411316,0.05,4.859273,1.7969179
106,2.3693812,0.07509947,-0.17685533,0.16389673948287964,0.04026779159903526,2.4606352,2.6873324
107,2.2293825,0.13950506,-0.20418933,0.8390530943870544,0.0323508083820343,4.943417,1.7957786
108,2.1109505,0.124967806,-0.06572598,0.85,0.02957477606832981,5.6654058,1.6234471
109,2.272261,0.071126334,-0.105053514,0.5293944478034973,0.048851948231458664,3.4019463,2.7094474
110,2.1265142,0.19635311,-0.06317405,0.85,0.023649729788303375,4.760252,2.07389
111,2.36723,0.11044791,-0.123617984,0.7247412204742432,0.018135273829102516,2.0221512,2.7230575
112,2.231157,0.07753716,-0.0046066204,0.7092183232307434,0.028521958738565445,3.8039954,2.8649933
113,2.371921,0.066598274,-0.06607229,0.85,0.043784938752651215,2.1152923,2.7642117
114,2.3466313,0.08700114,-0.15136118,0.773788571357727,0.05,2.371219,2.099426
115,2.2343922,0.120087996,-0.10546909,0.81903475522995,0.06291326135396957,3.6320224,2.422838
116,2.207557,0.06262539,-0.14754316,0.85,0.036602649837732315,5.018898,1.8176509
117,2.3297386,0.06898902,-0.052113973,0.85,0.03649251163005829,2.4506316,2.4315064
118,2.2306209,0.08791704,-0.23786423,0.85,0.05,4.60914,1.6078551
119,2.327286,0.03734689,-0.10287555,0.85,0.03639787435531616,2.9924736,2.325958
120,2.192297,0.08317361,-0.0046060677,0.85,0.01033757720142603,3.9528682,2.0841112
121,2.3463476,0.025322169,-0.11826893,0.5407152771949768,0.04748748987913132,2.5984888,2.645395
122,2.3668926,0.028042834,-0.08626897,0.7361070513725281,0.046445004642009735,2.069258,2.8032193
123,2.347771,0.12909776,-0.18119018,0.842893123626709,0.04047589749097824,2.7580543,2.7437208
124,2.2179909,0.05968045,0.02966593,0.81197589635849,0.036873020231723785,3.6459677,2.137673
125,2.2923143,0.13779329,-0.19554892,0.85,0.0061328518204391,3.7469122,2.2348833
126,2.2890627,0.09134422,-0.05713735,0.85,0.030483517795801163,2.7554092,2.528105
127,2.3134723,0.057034973,-0.03507774,0.7097658514976501,0.035644736140966415,2.274533,2.7766995
128,2.2200778,0.105365865,-0.12464586,0.85,0.015585677698254585,4.191552,2.269001
129,2.4234507,0.052194454,-0.045824643,0.6953583359718323,0.08915627002716064,2.1200929,2.718157
130,2.3842957,0.012872403,-0.14338593,0.8032809495925903,0.01701050065457821,2.4172685,2.516816
131,2.3355782,0.06360543,-0.26283732,0.85,0.02165616676211357,4.0552573,2.0911682
132,2.295304,0.021547334,-0.028535116,0.605201780796051,0.05,2.4451382,2.098934
133,2.3052754,0.08027448,-0.23512329,0.85,0.023137176409363747,3.927116,2.419512
134,2.4052224,-0.035226915,-0.14982964,0.8285692930221558,0.008662360720336437,2.3702416,2.0991158
135,2.2901788,0.055153914,-0.08556778,0.85,0.03074914962053299,3.371586,2.3719895
136,2.295499,0.09234173,-0.08037777,0.85,0.026681363582611084,2.7950013,2.528641
137,2.2799988,0.12506756,-0.12458967,0.822688102722168,0.04091085493564606,2.9025855,2.4290917
138,2.2059288,0.07408123,-0.13688335,0.85,0.05,4.4782467,1.6817067
139,2.3817105,0.021901155,-0.25166982,0.8404513597488403,0.030477747321128845,3.2236285,2.0958211
140,2.2593572,0.122580364,-0.19817454,0.85,0.05,4.24635,2.2808337
141,2.3100438,0.10150454,-0.1482437,0.6850507259368896,0.0634838119149208,2.751648,2.459726
142,2.2355118,0.11133137,-0.0037525224,0.85,0.0257880836725235,3.0590127,2.3849463
143,2.3339384,0.024015887,-0.10981381,0.2938988208770752,0.05,2.7324665,2.479533
144,2.3555586,0.01748521,-0.004604269,0.7746841311454773,0.07435283064842224,2.1912153,2.51525
145,2.2047322,0.06896355,-0.053141426,0.8411901593208313,0.05,4.210096,2.1215363
146,2.280989,0.109144494,-0.084529065,0.7002213001251221,0.05,2.67989,2.747532
147,2.3488102,0.033539254,-0.15394802,0.85,0.016010941937565804,2.6692479,2.4831564
148,2.2586324,0.15294313,-0.23404533,0.85,0.05,4.7487097,2.1156924
149,2.2512271,0.0680021,-0.15513748,0.85,0.05,4.4711857,2.0684004
150,2.216902,0.11087989,-0.0810107,0.85,0.05,3.8239362,2.7208726
151,2.3945315,0.03244895,-0.07484523,0.5053813457489014,0.07645803689956665,2.3327627,2.8271172
152,2.2602282,0.19729239,-0.17472465,0.8274514675140381,0.04619191214442253,3.3791945,2.8707693
153,2.3634963,0.042278416,-0.08650089,0.5951306223869324,0.018430277705192566,2.3531816,2.2009525
154,2.3543108,0.050481882,-0.107613154,0.815168023109436,0.029514044523239136,2.124602,2.8954468
155,2.288058,0.08103822,-0.05579518,0.85,0.05,2.7924998,2.7503397
156,2.3033423,-0.005324428,-0.012474956,0.85,0.05,2.6755981,2.6972864
157,2.2756116,0.08116071,-0.101796456,0.8277037739753723,0.05,3.0745604,2.4706275
158,2.2610514,0.04689255,-0.010653711,0.85,0.00504064979031682,3.286221,2.0133123
159,2.3017397,0.08389705,-0.14962904,0.7913544178009033,0.030338088050484657,3.5054219,2.4121578
160,2.3065555,0.075434476,-0.07042687,0.6624641418457031,0.06585981696844101,2.6179519,2.8592901
161,2.2770052,0.053474907,-0.02227818,0.8231903314590454,0.05,3.2578797,2.3907347
162,2.1748505,0.100356266,-0.15842359,0.85,0.02595098689198494,5.7592473,1.6018775
163,2.331816,0.068415076,-0.11051337,0.5906561017036438,0.026397261768579483,2.147825,2.4928477
164,2.2172644,0.10932535,-0.036677636,0.8192135095596313,0.05,3.2868187,2.2226188
165,2.232442,0.08389385,-0.07423221,0.5996935963630676,0.05,4.016398,2.0442884
166,2.287025,0.12146485,-0.27099273,0.825857400894165,0.06420990079641342,4.7841616,2.4794526
167,2.2971892,0.09441219,-0.20430544,0.85,0.05,4.1001186,2.4079964
168,2.224557,0.04222886,-0.031805232,0.85,0.05,4.370241,2.0261939
169,2.2465372,0.08319864,-0.2497723,0.85,0.023099515587091446,4.8997984,1.8036542
170,2.443281,0.056791477,-0.26064938,0.6689239144325256,0.046952977776527405,2.303656,2.4190676
171,2.2787948,0.0701015,-0.14259467,0.7679110169410706,0.06387418508529663,3.4143498,2.3908172
172,2.3404343,0.09208961,-0.1569149,0.7935466766357422,0.05469581112265587,2.240318,2.7569222
173,2.2532184,0.05619021,-0.09190204,0.8199223875999451,0.028505316004157066,3.7408085,1.9364474
174,2.294047,0.07680762,-0.054355383,0.85,0.033751584589481354,2.6135356,1.9833704
175,2.3375282,0.013022426,-0.07288125,0.8444483280181885,0.05,2.2214916,2.4720166
176,2.2629457,0.108527176,-0.11490269,0.85,0.010849643498659134,3.8890321,2.1225789
177,2.280139,0.07318762,-0.026807044,0.85,0.05,2.7731597,2.1251318
178,2.3137734,0.077593625,-0.047650557,0.85,0.028422707691788673,2.205766,2.4973757
179,2.2825606,0.08100705,-0.09206631,0.85,0.05,3.1055121,2.2687275
180,2.2140703,0.09389057,-0.052364543,0.6204628348350525,0.0132603095844388,4.1043644,1.9318764
181,2.28171,0.11775287,-0.13026562,0.85,0.05,3.1648166,2.4510548
182,2.219345,0.14336191,-0.31263304,0.85,0.05,5.8974032,1.2990324
183,2.2884984,0.04360378,-0.21404953,0.8360888361930847,0.0525038056075573,4.7610745,1.940272
184,2.2363603,0.12800165,-0.15375607,0.85,0.021948227658867836,4.064873,2.108284
185,2.3062239,0.06525813,-0.11429967,0.85,0.02872927114367485,2.802199,2.698129
186,2.2533674,0.09413067,-0.17716418,0.8347656726837158,0.047002069652080536,4.6680403,2.1191843
187,2.2482817,0.115382604,-0.0741987,0.8435274958610535,0.05,3.1949797,2.867445
188,2.2567408,0.07049223,-0.23603228,0.85,0.005265823099762201,5.087658,1.7518346
189,2.1930537,0.21170208,-0.15646061,0.85,0.05,4.6176896,1.9112542
190,2.275051,0.08913462,-0.14016254,0.8223139047622681,0.04495261237025261,3.7302163,2.5639257
191,2.2891839,0.09717396,-0.17155178,0.836795449256897,0.05,3.5253441,2.3819032
192,2.2694287,0.10384178,-0.118038185,0.8451136946678162,0.030538108199834824,3.5042422,2.2871678
193,2.2240498,0.068884164,-0.050982356,0.85,0.05,3.978001,2.174867
194,2.267055,0.09681865,-0.08905902,0.85,0.008963807485997677,3.2987053,2.0290606
195,2.2063358,0.0645752,-0.01972856,0.85,0.05,3.6266232,1.6885155
196,2.2190473,0.1310987,-0.0046945964,0.85,0.05,3.2722254,2.642826
197,2.231225,0.0020693876,-0.050714694,0.85,0.05,4.649232,1.6727767
198,2.243663,0.1884085,-0.17508133,0.85,0.012364447116851807,3.9592767,2.5707176
199,2.3402376,0.059129596,-0.19806966,0.8276805281639099,0.043448884040117264,2.890663,2.245283
200,2.3046956,-0.023180656,-0.12520596,0.8052746057510376,0.0480932742357254,3.6866205,2.6264768
201,2.2726834,0.06567699,-0.066050075,0.85,0.04940139502286911,3.2903826,2.560924
202,2.2807417,0.11747232,-0.2380849,0.85,0.05,4.3465014,2.4493155
203,2.304855,0.054841243,-0.22685152,0.85,0.05,3.6563425,2.0494351
204,2.2740643,0.11372643,-0.2188125,0.8393337726593018,0.030230676755309105,4.084066,2.5510833
205,2.3624926,0.06253176,-0.2034941,0.810863733291626,0.024269064888358116,2.6130936,2.608179
206,2.2756767,0.10521262,-0.15481803,0.85,0.025328896939754486,3.5965421,2.5689094
207,2.1733518,0.041176487,-0.09522963,0.85,0.05,5.0021615,1.5187474
208,2.270114,0.04140072,-0.124007806,0.8227810263633728,0.04420124366879463,4.4347224,2.1076405
209,2.25478,0.1405296,-0.18393226,0.85,0.029812848195433617,4.740387,2.0919917
210,2.2355878,0.11131476,-0.06808389,0.85,0.05,3.7958434,2.643342
211,2.1944547,0.114474215,-0.033973645,0.85,0.05,4.3028502,1.8934515
212,2.3449264,0.08554502,-0.15609066,0.42622122168540955,0.04817453771829605,2.532393,2.4188182
213,2.3826702,0.02630843,-0.093193226,0.805558979511261,0.05461350455880165,2.324386,2.6008468
214,2.1865883,0.048789,-0.07320912,0.85,0.05,5.786799,1.4218644
215,2.353309,0.06692229,-0.08216439,0.4197763502597809,0.09841728955507278,2.3627932,2.8394427
216,2.386106,-0.004988441,-0.13315009,0.747340738773346,0.011745570227503777,2.094679,2.6753876
217,2.3622317,0.05013484,-0.08341027,0.85,0.05,2.1450589,2.4951372
218,2.2811375,0.074148566,-0.123726726,0.8183737993240356,0.05,3.6111863,2.0384238
219,2.1193547,0.1329837,-0.0802675,0.85,0.012930359691381454,5.207449,1.4668094
220,2.2544074,0.116632365,-0.17580387,0.85,0.04104919731616974,4.3883085,1.8938407
221,2.3502276,0.062981166,-0.06235042,0.674554705619812,0.05440064147114754,2.393079,2.1730185
222,2.2281437,0.06466594,-0.06981726,0.8304163813591003,0.03804246708750725,4.239049,1.9367208
223,2.3490179,0.014308159,-0.1263097,0.8136658668518066,0.050395749509334564,2.7942646,2.1418798
224,2.3640225,0.03268285,-0.10337029,0.85,0.029272763058543205,2.3999095,2.3223398
225,2.3934684,-0.023024226,-0.08747916,0.7784013152122498,0.05174415931105614,2.2611067,2.715296
226,2.23164,0.10596869,-0.18552196,0.8499290943145752,0.04312068596482277,4.6089144,2.70302
227,2.315794,0.05779865,-0.09056098,0.85,0.05,2.6368382,2.4253457
228,2.3143132,0.07916077,-0.20948796,0.8367019295692444,0.05389981344342232,3.7147906,2.382989
229,2.2392473,0.13783251,-0.23763087,0.85,0.05,5.329954,1.9001316
230,2.3882673,0.10961357,-0.2413444,0.29993975162506104,0.15612025558948517,2.5453837,2.6694677
231,2.1758888,0.13446653,-0.052535135,0.824502170085907,0.05,3.8903937,2.0512693
232,2.3359087,0.06503737,-0.06332747,0.46286696195602417,0.04035810008645058,2.2454462,2.2111163
233,2.2727473,0.015158068,-0.079066664,0.85,0.020833004266023636,3.9108741,2.3888257
234,2.2939012,0.096943066,-0.115663156,0.8227540254592896,0.04075215384364128,2.8516133,2.1620352
235,2.358251,0.034046594,-0.03781593,0.6840606331825256,0.05,2.303618,2.3786356
236,2.2274108,0.08221351,-0.23023044,0.85,0.05,5.034037,1.3291757
237,2.3559809,0.049806397,-0.14852293,0.85,0.05,2.4782763,2.4978838
238,2.2213795,0.087382115,-0.03608882,0.7983924746513367,0.04505850002169609,4.147904,2.5892212
239,2.353136,0.06766037,-0.24579768,0.8271554708480835,0.017939649522304535,3.1950314,2.0828621
240,2.2334425,0.105998665,-0.23955266,0.85,0.05,4.691043,1.5212421
241,2.355796,0.074383795,-0.1052114,0.6071339249610901,0.035392146557569504,2.109985,2.7603543
242,2.2724864,0.039642613,-0.068920776,0.85,0.018158037215471268,3.3057745,2.229027
243,2.3629587,0.06776511,-0.035009414,0.5580732822418213,0.06789732724428177,2.0979729,2.4103274
244,2.3112924,0.016262555,-0.16745554,0.85,0.05,4.031575,1.8836979
245,2.3543293,0.041807577,-0.121828236,0.85,0.0369594506919384,2.8130572,2.179248
246,2.3771822,0.059378102,-0.20351812,0.85,0.05,2.6136856,2.1966527
247,2.282014,0.037473205,-0.065241456,0.5736215114593506,0.02465943805873394,3.5881636,2.1834953
248,2.33045,0.0627572,-0.18782456,0.5301655530929565,0.07266977429389954,3.0843003,2.7765193
249,2.2193158,0.07671485,-0.1905458,0.85,0.05,4.510793,1.4574033
250,2.2952893,0.031228743,-0.20621324,0.85,0.03023761324584484,4.4957304,2.4181938
251,2.2962062,0.07422917,-0.1154854,0.7429071068763733,0.061088304966688156,3.0520172,2.8368058
252,2.3115973,0.06110536,-0.09399999,0.7125387191772461,0.023500913754105568,2.8135533,2.1864812
253,2.1802223,0.13055938,-0.0046548904,0.8245741128921509,0.0315469354391098,3.8137565,1.8452307
254,2.2295105,0.05097649,-0.13869046,0.85,0.004021441098302603,4.792557,1.6965897
255,2.2977927,0.021960499,-0.06457155,0.85,0.05,2.9687726,2.1633663
256,2.2747602,0.06882229,-0.08209399,0.8385196328163147,0.025103222578763962,2.638495,2.8533103
257,2.318914,0.10591571,-0.12849224,0.85,0.05,2.5416105,2.4750378
258,2.3145413,0.020110805,-0.14240827,0.85,0.05,3.4549968,2.4142349
259,2.372646,-0.010281589,-0.076960646,0.85,0.02484866976737976,2.508507,2.5597615
260,2.264602,0.11533396,-0.12830473,0.85,0.05,3.4729586,2.3302677
261,2.2753327,0.0021621527,-0.09805441,0.85,0.011230411939322948,4.0033016,2.547391
262,2.2648664,0.12262565,-0.1816476,0.85,0.018481086939573288,3.7755475,2.0338461
263,2.331914,0.055011455,-0.108250655,0.85,0.031022872775793076,2.7345903,2.1729069
264,2.2315874,0.07776587,-0.028730605,0.7813175320625305,0.05179279297590256,3.0576441,2.713589
265,2.334314,0.030190112,-0.030913852,0.85,0.036205071955919266,2.2208343,2.5146327
266,2.2053719,0.10396251,-0.11802053,0.8000115156173706,0.03347839415073395,4.5974526,2.2330894
267,2.1941717,0.1316573,-0.065155566,0.85,0.05,4.044901,2.0834155
268,2.2873435,0.0017547328,-0.108000085,0.8366243243217468,0.030346104875206947,4.0595818,1.7595423
269,2.24323,0.10680665,-0.11334175,0.85,0.05,3.576091,2.3519664
270,2.3043861,0.16415983,-0.37881047,0.85,0.05,5.0901475,2.0455246
271,2.3947642,0.050473478,-0.14743574,0.48241788148880005,0.08237497508525848,2.6216803,2.3161924
272,2.3175797,0.070859,-0.2564332,0.8352516889572144,0.04683290049433708,4.662162,2.3793871
273,2.403392,-0.019812167,-0.07415567,0.85,0.05,2.196811,2.7537825
274,2.3259542,0.10964057,-0.22120513,0.8261750340461731,0.059751007705926895,3.2929776,2.703249
275,2.3440156,0.02800179,-0.1495806,0.5478328466415405,0.022975575178861618,2.7412713,1.9453552
276,2.2191546,0.10474342,-0.032759722,0.6946415901184082,0.02059589885175228,3.1139488,2.3801305
277,2.2161112,0.09726004,-0.057946086,0.7551754713058472,0.05,3.4945786,1.9688731
278,2.273482,0.09993507,-0.04511075,0.8384844660758972,0.05,2.629201,2.3227456
279,2.2714849,0.10416764,-0.08936826,0.8411899209022522,0.05,3.5209587,2.583266
280,2.3141005,0.023354027,-0.056510706,0.85,0.05,2.9241583,1.9533113
281,2.2296221,0.124913104,-0.19762258,0.85,0.05,4.1241813,1.8325998
282,2.2567441,0.011517584,-0.29135606,0.85,0.05,5.6911674,1.3474312
283,2.3068223,0.027939228,-0.13020195,0.68458092212677,0.05,3.647599,2.4501987
284,2.145691,0.11565594,-0.030186739,0.85,0.05,4.739599,1.7325567
285,2.2519033,0.08745743,-0.09686838,0.85,0.01492739375680685,4.401436,2.175847
286,2.2131312,0.041705694,-0.101038344,0.85,0.031215045601129532,5.060486,1.9827377
287,2.2827613,0.11380961,-0.06876449,0.85,0.05,2.6039257,2.72588
288,2.2979772,0.09742658,-0.18056695,0.85,0.05,3.9928617,2.4587693
289,2.2293413,-0.018187422,-0.02993282,0.8011261820793152,0.027805054560303688,4.4482408,1.5810618
290,2.2403362,0.012859203,-0.08045251,0.85,0.05,4.256314,2.5487738
291,2.305372,0.03401382,-0.13586935,0.85,0.038277436047792435,3.0599532,2.8176467
292,2.4208512,-0.009851804,0.0022975884,0.7524059414863586,0.06653069704771042,2.1763997,2.8199637
293,2.276742,0.09266683,-0.2236407,0.85,0.05,4.436986,2.0848508
294,2.3291228,0.10221291,-0.14212483,0.5323448181152344,0.05,2.504891,2.4293113
295,2.2543373,-0.03141946,-0.029075678,0.85,0.05,4.097629,2.3567317
296,2.3062913,0.06484325,-0.11151309,0.670358419418335,0.05449563264846802,2.7871604,2.7203853
297,2.2227552,0.09500063,-0.008628442,0.7412306070327759,0.012978785671293736,3.2181275,2.416524
298,2.3401382,0.11180126,-0.20202842,0.8388919830322266,0.029160527512431145,2.7270665,2.6723971
299,2.3605926,0.012064947,-0.1694772,0.85,0.01293205562978983,2.87881,2.3308492
300,2.3617165,0.045034543,-0.095993884,0.3803959786891937,0.11868460476398468,2.235261,2.9107857
301,2.3146086,0.21507736,-0.18799977,0.8043873310089111,0.027241956442594528,2.524078,2.4823263
302,2.4741423,-0.009086857,-0.008901197,0.8265619277954102,0.11309480667114258,2.144839,2.8222399
303,2.19697,0.11179872,-0.03217283,0.7862125635147095,0.006184485275298357,3.7686944,2.2123275
304,2.209354,0.075786576,-0.10465527,0.85,0.03945186361670494,5.0649977,1.6657546
305,2.2347572,0.11191961,-0.09375853,0.85,0.05,4.263318,2.036241
306,2.265685,0.048775546,-0.111904524,0.7856287956237793,0.04430128633975983,3.8511329,2.1047328
307,2.305715,0.10642606,-0.24887331,0.85,0.05,3.6748455,2.893847
308,2.181567,0.15991402,-0.02100329,0.85,0.014650486409664154,3.6014001,2.2730541
309,2.1981869,0.1207186,-0.035192322,0.85,0.01902901753783226,4.3189974,2.1115565
310,2.344611,0.05110804,-0.12544592,0.8244090676307678,0.06581808626651764,2.7081075,2.8114161
311,2.4105797,0.03835362,-0.14455236,0.85,0.05,2.4351463,2.5242972
312,2.270712,0.059111122,-0.15077995,0.85,0.05,4.1040473,1.8506624
313,2.3270586,0.09811953,-0.23449515,0.8225353360176086,0.055521901696920395,3.7148156,2.8948605
314,2.301831,0.1052861,-0.1317935,0.6785864233970642,0.04120371863245964,3.091563,2.7449398
315,2.2030582,0.1045534,-0.09606897,0.85,0.05,4.4856462,2.0936022
316,2.2513313,0.1051479,-0.07873235,0.85,0.026643896475434303,3.4760184,2.6536853
317,2.2688084,0.01700173,-0.043841787,0.85,0.005020348355174065,3.3788683,2.04692
318,2.2555537,0.11670529,-0.064234786,0.85,0.03895650431513786,3.0779815,2.5835776
319,2.2587886,0.04457716,-0.15568683,0.85,0.05,4.590999,1.7103767
320,2.302973,0.06706981,-0.083844475,0.8262618780136108,0.02211182564496994,2.7032747,2.776009
321,2.2126853,-0.017005922,-0.03539497,0.85,0.05,4.4214067,1.7282733
322,2.2546473,0.08355676,-0.15109186,0.85,0.05,4.5490885,2.0669312
323,2.2196865,0.059371028,-0.026907608,0.85,0.05,3.865538,2.1337304
324,2.298437,0.070873275,-0.052273273,0.827239453792572,0.03598141670227051,2.5554457,2.8622572
325,2.3052764,0.17132053,-0.10630256,0.37246739864349365,0.05680808797478676,2.246943,2.6113074
326,2.307138,0.042310733,-0.05801088,0.85,0.05,2.6636229,2.1446598
327,2.267215,0.06252183,-0.14303921,0.8246883749961853,0.047593191266059875,4.3403897,1.9236406
328,2.2571228,0.08726843,-0.09085617,0.85,0.05,3.5121639,2.4911358
329,2.1659932,0.12060257,-0.09663472,0.8330254554748535,0.025067558512091637,5.3274245,1.5728207
330,2.3340378,0.09901083,-0.112228096,0.8234827518463135,0.05,2.230652,2.7922263
331,2.2614925,0.08405999,-0.093595944,0.827472448348999,0.0400669127702713,3.4328763,2.1181202
332,2.328665,0.060726997,-0.05662129,0.6410321593284607,0.07059231400489807,2.606612,2.766535
333,2.3382685,0.040433757,-0.19448242,0.8070532083511353,0.01569264568388462,3.1419775,1.925928
334,2.2787,0.16649418,-0.104117885,0.85,0.03334387391805649,2.7082975,2.7333088
335,2.2904372,0.040930595,-0.09898455,0.7429324388504028,0.018910666927695274,3.2568498,2.1194363
336,2.2867224,0.05477405,-0.179517,0.85,0.05,3.707299,1.6947685
337,2.3638155,0.116027944,-0.1354755,0.8233659267425537,0.04300331696867943,2.4019074,2.6583605
338,2.3502302,0.12308678,-0.3938178,0.85,0.05,4.6822295,1.7099407
339,2.3542533,0.02755625,-0.13905248,0.7966182827949524,0.031576093286275864,2.5286672,2.6634603
340,2.293993,0.15968265,-0.14994562,0.85,0.05,2.6683931,2.2658136
341,2.337583,0.13873824,0.005154096,-0.2884978950023651,0.06420796364545822,2.1208963,2.6323385
342,2.3755214,-0.035950996,-0.114685714,0.85,0.03617112711071968,2.990189,2.2992225
343,2.2363462,0.08053347,-0.16569254,0.85,0.04602227360010147,4.7682,2.5082717
344,2.1552384,0.050495576,-0.074513644,0.85,0.018029572442173958,5.5747995,1.522322
345,2.2505872,0.09919834,0.050706767,0.5808501243591309,0.040703948587179184,2.683302,2.2666519
346,2.2240098,0.16214734,-0.1758165,0.85,0.05,4.6652946,2.3539536
347,2.168765,0.0819989,0.00084663567,0.85,0.05,4.369425,1.9986727
348,2.2135198,0.10621491,-0.12128983,0.85,0.020985141396522522,4.616927,1.8879827
349,2.3113637,0.082028456,-0.07377444,0.8123005032539368,0.008129950612783432,2.146521,2.4183528
350,2.3121688,0.10900072,-0.3326657,0.8115056753158569,0.05,4.783936,2.1529357
351,2.4007554,-0.012012536,-0.16787028,0.5350854396820068,0.045240867882966995,2.5020146,2.5727594
352,2.3540936,0.020568173,-0.0055229524,0.8089271187782288,0.028254250064492226,2.039976,2.5668566
353,2.2916274,0.100038335,-0.06821934,0.85,0.03203959763050079,2.7430093,2.8609846
354,2.2222118,0.062309116,-0.058329824,0.85,0.003007987979799509,3.8495276,1.768504
355,2.2907538,0.015369171,0.02897733,0.7249888181686401,0.018362652510404587,2.6047516,2.3666284
356,2.2302213,0.102613516,-0.10344074,0.8130084872245789,0.05,4.4157214,2.0104368
357,2.1833625,0.071603574,-0.037833408,0.7995688319206238,0.05,4.77519,1.6212933
358,2.1640377,0.08551988,-0.052173447,0.8351538777351379,0.05,4.418755,1.5064029
359,2.3037891,0.128967,-0.21263944,0.8333176970481873,0.030146731063723564,3.5331333,2.3316529
360,2.2181077,0.1633262,-0.12871912,0.6731997728347778,0.07267134636640549,4.2393985,2.6057882
361,2.2690697,0.071455956,-0.13196047,0.85,0.006387811619788408,3.9582326,2.0148396
362,2.2179816,0.09687636,-0.056892727,0.7944561839103699,0.02477032132446766,3.3733213,1.8638489
363,2.3343294,0.09202302,-0.045331363,0.8250468969345093,0.02880059741437435,2.0737808,2.3292196
364,2.2845013,0.0708906,-0.0705793,0.7893998026847839,0.0648261159658432,2.9773376,2.7482395
365,2.1561444,0.21635494,-0.17309675,0.85,0.015467607416212559,5.715493,1.6029435
366,2.2601395,0.09384852,-0.05659037,0.85,0.024211110547184944,2.9183357,2.5820787
367,2.3145583,0.09805142,-0.12849557,0.85,0.023133160546422005,2.7880645,2.2293541
368,2.248848,0.08261859,-0.1559786,0.85,0.05,4.7332067,1.6527919
369,2.3146317,0.034179356,-0.07291116,0.651252806186676,0.02328435145318508,2.748365,2.1501262
370,2.2738557,0.0760064,-0.18336211,0.85,0.02039184793829918,4.193364,1.8361295
371,2.3228688,0.11947362,-0.28021818,0.85,0.03138059005141258,3.9703677,2.2320454
372,2.3429165,0.022064526,-0.035275582,0.8143005967140198,0.0004093213065061718,2.101798,2.2833967
373,2.3926835,0.019384557,-0.22155377,0.85,0.05,2.959053,2.1767707
374,2.3589268,0.104400106,-0.21723226,0.85,0.05,2.7878747,2.3798158
375,2.2738986,0.03324336,-0.16125473,0.85,0.05,4.270285,1.7021548
376,2.2565436,-0.0011397684,0.0036565948,0.85,0.05,3.6771016,2.1183963
377,2.279883,0.111653104,-0.14348024,0.85,0.02755664475262165,3.3644042,2.2118156
378,2.1966043,0.034473173,-0.035179153,0.817130982875824,0.031053824350237846,4.79105,1.8389516
379,2.2755797,0.054034404,-0.05241419,0.85,0.020427990704774857,3.456501,2.416021
380,2.2574253,0.053872652,-0.09230138,0.7917214035987854,0.05,3.5407343,2.2249966
381,2.18671,0.10177317,-0.050340306,0.85,0.05,4.9295583,1.804519
382,2.2725134,0.11070244,-0.08660873,0.85,0.05,3.092381,2.6647978
383,2.2670293,0.061304975,-0.10502577,0.85,0.05,3.4422963,1.9194384
384,2.322067,0.07267637,-0.06784188,0.6111040711402893,0.03081205114722252,2.3878691,2.3772032
385,2.3565536,0.058992982,-0.15019125,0.85,0.05,2.4337575,2.2681656
386,2.3087635,0.015254944,-0.16915932,0.85,0.03238476440310478,4.2471657,2.3000126
387,2.2275057,0.10715397,-0.03214765,0.85,0.013601391576230526,3.5992782,2.0903594
388,2.2118106,0.1437576,-0.18134129,0.8204769492149353,0.060487888753414154,4.7487893,2.286046
389,2.3182783,0.11890914,-0.24454425,0.85,0.05,3.2417018,2.0065086
390,2.2464795,0.09321557,-0.047200177,0.8352543711662292,0.047110773622989655,3.3878443,2.4668567
391,2.2487195,0.08110069,-0.14434108,0.819867730140686,0.04015401378273964,4.049294,2.1738594
392,2.1993206,0.07544864,0.002240659,0.7850637435913086,0.05,3.8148472,1.7837614
393,2.294401,0.07312394,-0.051297355,0.7576399445533752,0.03185906261205673,2.4761977,2.8714085
394,2.2028582,0.07639149,-0.01988308,0.85,0.05,4.4931026,1.997236
395,2.243495,0.10152562,-0.12832049,0.85,0.05,4.2461195,2.0191054
396,2.326186,0.09737757,-0.27075285,0.85,0.051683053374290466,4.175662,2.6931367
397,2.2626579,-0.0031674458,-0.068013884,0.85,0.04901603236794472,3.9913301,2.8511486
398,2.2416263,0.08838491,-0.0047621033,0.807770311832428,0.05,2.8324115,2.548789
399,2.4713416,0.027747799,-0.14920527,0.3917374908924103,0.041747596114873886,2.008596,2.1743152
400,2.412032,0.03019904,-0.18432067,0.7924414873123169,0.03708460554480553,2.0859478,2.8228598
401,2.214292,0.006707961,-0.007557317,0.8284136652946472,0.0352163165807724,4.2982454,1.8770275
402,2.2412345,0.13120887,-0.10141901,0.8356441259384155,0.05,3.696649,1.8912153
403,2.2628245,0.053365402,-0.13817593,0.5619757175445557,0.032738734036684036,3.9484508,1.7116055
404,2.2755747,0.091723554,-0.15175366,0.85,0.014280155301094055,3.3505137,2.0372972
405,2.2604272,0.095720306,-0.0964144,0.8032220005989075,0.055924586951732635,3.3371608,2.627631
406,2.3106644,0.09232299,-0.14154284,0.8253958821296692,0.03194405511021614,2.7585957,2.5178823
407,2.2653978,0.11517715,-0.17447683,0.85,0.05,4.1441274,2.6791809
408,2.2760386,0.04957307,-0.07660597,0.85,0.05,3.22585,2.5071476
409,2.3264031,0.08237953,-0.078653894,0.8468610644340515,0.05,2.3428245,2.6940892
410,2.2358108,0.10063864,-0.1220271,0.8165284395217896,0.016653619706630707,4.4450464,2.0046902
411,2.1977096,0.13858359,-0.111062236,0.85,0.05,4.608226,2.144877
412,2.2668757,0.11900614,-0.1615452,0.8270780444145203,0.05922001600265503,3.997903,2.3862696
413,2.2607632,0.0910411,-0.03366429,0.85,0.05,2.9058146,2.1122582
414,2.3623555,0.109166265,-0.1542713,0.842052161693573,0.029878433793783188,2.4735456,2.6160307
415,2.3366995,0.09063728,-0.123310246,0.85,0.026606371626257896,2.605921,2.7696548
416,2.247657,0.07986089,-0.0465778,0.7496554851531982,0.032691460102796555,2.9194226,2.6948795
417,2.293745,0.07424694,-0.06426109,0.8221829533576965,0.020210111513733864,2.910964,2.41899
418,2.3102934,0.0009773812,0.00083490694,0.85,0.03058415651321411,2.4092448,2.6940422
419,2.3532143,0.013785472,-0.020904295,0.8483365178108215,0.02287663333117962,2.2485123,2.2142763
420,2.3432744,0.07698685,-0.08106012,0.5155277252197266,0.065749391913414,2.4944541,2.4341774
421,2.2095525,0.08009535,-0.16783184,0.85,0.05,5.070694,1.7324969
422,2.3181007,0.062007893,-0.0284999,0.810534656047821,0.04498713091015816,2.4799368,2.248867
423,2.2592146,0.103170216,-0.24765378,0.8121685981750488,0.05,4.60644,1.7250001
424,2.2493548,0.08990695,-0.065012485,0.8238359093666077,0.029166705906391144,3.6576102,1.9137634
425,2.2618806,0.14489037,-0.26720378,0.85,0.0395563468337059,4.9498935,1.9453976
426,2.264726,0.053936534,-0.10543536,0.8476113080978394,0.033019255846738815,3.6480052,2.634407
427,2.3146172,0.03805743,-0.20692167,0.8261706233024597,0.054276544600725174,3.7643108,2.5436416
428,2.1549072,0.09768377,-0.092154175,0.8397583365440369,0.02747362293303013,4.945393,1.638004
429,2.3759234,0.019423408,-0.17460483,0.85,0.05,2.9350936,2.8112094
430,2.3304684,0.053241294,-0.059861682,0.8395720720291138,0.030334709212183952,2.5665722,2.3022504
431,2.2654126,0.093729705,-0.12063499,0.85,0.02932095341384411,3.597866,2.6157656
432,2.3496242,-0.022985948,-0.06873272,0.8092639446258545,0.02865469641983509,2.3539846,2.726604
433,2.3188076,0.039424695,-0.14961402,0.8425664901733398,0.03955087810754776,3.798955,2.5386167
434,2.4132066,0.023289971,-0.021150162,0.32657817006111145,0.05291561782360077,2.0472763,2.5676105
435,2.4160492,0.10211514,-0.3229801,0.85,0.05,2.706524,2.6621468
436,2.2565866,0.089777775,-0.1820729,0.5927263498306274,0.04860151931643486,4.082451,2.1062307
437,2.2504144,0.04150449,0.03012711,0.85,0.021869951859116554,3.2258916,2.422599
438,2.1293058,0.16084394,-0.18873975,0.8010734915733337,0.05,5.9928293,1.2357639
439,2.1810043,0.06642077,0.018137297,0.8276094794273376,0.05,4.3057966,2.5975432
440,2.2943733,0.029308083,-0.12276898,0.85,0.05,3.447426,2.5063136
441,2.260697,0.047777843,-0.074056916,0.7008962035179138,0.02871101163327694,3.4155393,2.2277555
442,2.226653,0.08444716,-0.057005506,0.85,0.05,3.8926842,1.8470707
443,2.1839504,0.045847498,-0.05414184,0.766647219657898,0.031974907964468,4.510506,1.4318248
444,2.358559,0.07132679,-0.20723568,0.85,0.05,2.781411,1.9428817
445,2.2524488,0.09422797,-0.2828815,0.85,0.05,5.5302186,1.5235559
446,2.1526074,0.117185004,-0.04667081,0.85,0.05,4.6878676,1.6376393
447,2.3075917,0.14096458,-0.1532184,0.85,0.030928131192922592,2.680045,2.7476556
448,2.2160604,0.097343884,-0.12463216,0.85,0.05,4.5797577,1.9984418
449,2.1845758,0.13904192,-0.053282592,0.7533864378929138,0.031225912272930145,4.1294303,2.4642332
450,2.274954,0.15808176,-0.062241692,0.85,0.011196273379027843,2.5086172,2.5137253
451,2.2459862,0.17067423,-0.09986882,0.8394483923912048,0.02670992538332939,2.9451408,2.276455
452,2.2725272,0.091902055,-0.21975343,0.85,0.034370239824056625,4.4923506,2.033936
453,2.3543923,0.07946382,-0.12707621,0.8311987519264221,0.05,2.3170762,2.19723
454,2.4152098,0.019985782,-0.13485542,0.6851015686988831,0.04440521076321602,2.048458,2.6979914
455,2.3594193,0.0319168,-0.22884569,0.85,0.05,3.35201,2.703275
456,2.1787834,0.12817429,-0.10133767,0.85,0.032473187893629074,4.6397038,1.7951134
457,2.248876,0.029988218,-0.13388833,0.6775662899017334,0.051873110234737396,4.4484415,1.8141632
458,2.1641066,0.16717525,-0.118992284,0.8186443448066711,0.03854070603847504,4.8562407,1.8375434
459,2.230434,0.07677013,-0.15603684,0.8455634117126465,0.025744669139385223,4.553783,2.1369154
460,2.3817174,0.047919665,-0.1081704,0.4987385869026184,0.03348388895392418,2.2552068,2.7302728
461,2.278934,0.17584996,-0.2250338,0.85,0.05,3.4196315,2.3593948
462,2.3042376,0.09629705,-0.12785988,0.7027745842933655,0.05878232419490814,2.923624,2.281686
463,2.2592528,0.049341507,-0.12861975,0.85,0.05,4.0215487,2.20456
464,2.2887962,0.042967487,-0.18000872,0.85,0.05,3.9850616,2.14469
465,2.3124497,0.0753502,-0.09572257,0.5049635767936707,0.03789343684911728,2.5411263,2.8368511
466,2.273075,0.14985235,-0.2168597,0.85,0.05,3.7998147,2.1609862
467,2.3617272,0.10638256,-0.29674482,0.85,0.05,3.0016863,2.8630426
468,2.3919365,-0.008643092,-0.037003282,0.85,0.05,2.029503,2.807352
469,2.3286436,0.07019351,-0.107275985,0.8186767101287842,0.016207681968808174,2.543451,2.4016793
470,2.2561424,0.11090717,-0.13051212,0.85,0.013943805359303951,3.7994256,2.2002714
471,2.2865775,0.103238516,-0.14009053,0.85,0.03282053768634796,3.3744535,2.5287035
472,2.2599423,0.08308128,-0.19142756,0.8172134757041931,0.021603288128972054,4.6457405,1.715521
473,2.2566237,0.027966892,-0.14208287,0.783949613571167,0.05,4.4026146,1.6840966
474,2.366196,0.054586485,-0.12361751,0.85,0.040156807750463486,2.4535947,2.774585
475,2.2681313,0.057534248,-0.15316823,0.8348264694213867,0.05104989558458328,4.224704,2.439777
476,2.31356,0.15465496,-0.30918378,0.8483202457427979,0.050495825707912445,4.401352,2.2416437
477,2.3377895,-0.003216304,-0.10741082,0.85,0.05,2.9308236,2.4606655
478,2.359356,0.09911273,-0.24297759,0.8358148336410522,0.036559052765369415,2.7872653,2.2804759
479,2.362295,0.06663975,-0.120624274,0.5553235411643982,0.04689200222492218,2.3346078,2.5391898
480,2.3001707,0.11633165,-0.17249978,0.85,0.05,3.1854208,2.71551
481,2.288523,0.13104764,-0.15016703,0.8246740698814392,0.05,3.4239495,2.1517706
482,2.3359478,0.110664025,-0.23772478,0.8376418352127075,0.05,3.198683,2.637281
483,2.3149757,0.033621956,-0.25744167,0.85,0.016269538551568985,4.700532,1.6472607
484,2.3312764,0.008998871,-0.08786706,0.85,0.04575039818882942,2.7913098,2.4237645
485,2.2273948,0.061753448,0.003975741,0.85,0.05,3.1406205,2.053931
486,2.3513398,0.087908074,-0.13751362,0.5178504586219788,0.12343742698431015,2.4936695,2.7724042
487,2.193281,0.083178096,-0.087490655,0.85,0.014035790227353573,5.26191,1.7133349
488,2.253318,0.0951178,-0.1194213,0.85,0.021528111770749092,3.8980637,1.905408
489,2.295965,0.0521884,-0.15549326,0.7558003067970276,0.0301838256418705,3.655749,2.5767956
490,2.2356908,0.093362324,-0.16222556,0.8161419034004211,0.06319510191679001,4.5902963,2.3065102
491,2.334437,0.07537082,-0.09069766,0.8164157271385193,0.04057764634490013,2.432756,2.297038
492,2.3667274,-0.016374413,-0.0037859695,0.46676212549209595,0.037310753017663956,2.2742624,2.757625
493,2.1997674,0.07195869,-0.06645147,0.7968966364860535,0.05,4.566246,1.6371552
494,2.1784053,0.15128373,-0.044054933,0.85,0.015672659501433372,3.903722,2.7428174
495,2.349161,0.038744505,-0.23255858,0.85,0.05,3.8648849,2.555702
496,2.2194097,0.2064153,-0.18186384,0.85,0.04199123755097389,3.9652176,2.5991657
497,2.2932472,0.19329761,-0.4037203,0.8021196722984314,0.01941000670194626,5.164943,1.7046592
498,2.1699128,0.09915624,0.03517566,0.85,0.013710971921682358,4.0296526,2.2724178
499,2.2463114,0.16729042,-0.2559526,0.85,0.05,4.7144217,1.883164
500,2.2200718,0.08726704,-0.12428662,0.85,0.05,4.5735264,1.7629424
501,2.2805378,0.023513163,-0.100289434,0.797822892665863,0.05,3.7178645,2.2784965
502,2.271767,0.07154668,-0.058175817,0.849162757396698,0.031956207007169724,3.0192225,2.6138332
503,2.2750747,0.030802933,-0.05404286,0.6325315833091736,0.05,3.1678672,2.0689013
504,2.261289,0.14386453,-0.14389077,0.85,0.05,3.227688,2.000965
505,2.3060489,0.03381192,-0.0448555,0.8201479315757751,0.040356967598199844,3.0432947,2.3792481
506,2.2025466,0.0695426,-0.13273478,0.85,0.05,4.8383985,2.0062237
507,2.2336414,0.0700657,-0.08007359,0.7466595768928528,0.03911890089511871,3.94635,1.8959965
508,2.320187,0.05811487,-0.113250025,0.85,0.006854100618511438,2.6172721,2.1960127
509,2.2692423,0.08479979,-0.22936712,0.85,0.03579067438840866,4.5665946,2.1268198
510,2.2560058,0.097095504,-0.20194536,0.85,0.05,4.8750553,2.0889504
511,2.3033845,0.15625396,-0.06072017,0.8231000304222107,0.0553387887775898,2.3521845,2.7782524
512,2.3031645,0.1310103,-0.22484773,0.8322469592094421,0.002285085851326585,3.4533286,2.0768456
513,2.2624469,0.08477187,-0.08341195,0.8161989450454712,0.057819150388240814,3.3320076,1.8397621
514,2.4094949,0.04254314,-0.12574564,0.85,0.027364565059542656,2.1081467,2.8866942
515,2.0816143,0.19723004,-0.05848586,0.85,0.03381897509098053,5.6013327,1.4284326
516,2.2704744,0.18121779,-0.17459804,0.8383718132972717,0.05,3.0938501,2.326633
517,2.3178594,0.10445072,-0.16833837,0.8486676216125488,0.04372354969382286,3.1340742,2.5336678
518,2.289461,0.07665231,-0.13312425,0.8212915658950806,0.05,3.6615016,1.9417304
519,2.234574,0.12484017,-0.1107324,0.85,0.05,4.463524,2.1555223
520,2.2131858,0.16974033,-0.032692388,0.85,0.05,3.0887563,2.7200067
521,2.3028648,0.08535681,-0.060211375,0.817688524723053,0.021938549354672432,2.5841808,2.1684115
522,2.2767491,0.11550067,-0.2516278,0.85,0.05,4.549225,1.9328071
523,2.218965,0.12507169,-0.12749633,0.85,0.01948954351246357,4.546618,2.0903661
524,2.2068849,0.14400902,-0.012770634,0.85,0.03291156515479088,3.4754202,2.511913
525,2.275343,0.092515714,-0.08919948,0.85,0.0260909553617239,3.2388468,2.3499415
526,2.265761,0.15887345,-0.08428981,0.7511802315711975,0.06268364936113358,2.33672,2.76148
527,2.275788,0.11390019,-0.2946558,0.85,0.05,5.099488,1.7153687
528,2.230547,0.10312082,-0.06682842,0.5972044467926025,0.023949671536684036,3.4433334,2.2271705
529,2.3207211,0.09691815,-0.08471817,0.8327509164810181,0.045174550265073776,2.0592399,2.8428962
530,2.291215,0.060760107,-0.08468598,0.8303993940353394,0.043871182948350906,3.2957194,2.6596532
531,2.2824953,0.07915606,-0.06813964,0.85,0.04547780752182007,3.0403552,2.8588288
532,2.131866,0.17795669,-0.24105081,0.7920606136322021,0.04398047924041748,6.1163483,1.613779
533,2.1707036,0.09533272,-0.112744,0.8241714835166931,0.04655962437391281,5.1479626,1.7781267
534,2.1874216,0.010827571,-0.07213526,0.85,0.05,5.0138965,1.2343658
535,2.218042,0.103491165,-0.12390679,0.7612961530685425,0.0470421276986599,4.7321353,2.208955
536,2.3533638,0.057542685,-0.19804654,0.7389758229255676,0.025496531277894974,2.9102404,2.164582
537,2.3016362,0.03817496,-0.25624362,0.8317373394966125,0.05,4.027328,2.5778992
538,2.2188442,0.12124727,-0.07724084,0.85,0.05,3.5536957,1.8442831
539,2.2011926,0.06376754,-0.23734333,0.8404896259307861,0.05,6.0273466,1.4813434
540,2.2527628,0.07479747,-0.06445466,0.85,0.05,3.9102476,2.1432514
541,2.2697663,0.12381895,-0.1078577,0.85,0.036635275930166245,3.575547,2.2259502
542,2.3098748,0.043206662,-0.15807006,0.85,0.004854818340390921,3.6019776,2.4709094
543,2.4193616,0.058312077,-0.12065928,0.5910590291023254,0.054261185228824615,2.0809033,2.5336823
544,2.2777827,0.0927098,0.0053360956,0.8411759734153748,0.025006232783198357,2.6329994,2.6979618
545,2.2847414,0.09264929,-0.08826842,0.623733639717102,0.09297057241201401,3.0137055,2.5657709
546,2.3502648,0.05485915,-0.100312285,0.7945557236671448,0.026049844920635223,2.2163463,2.7864397
547,2.2410524,0.067904525,-0.018521901,0.85,0.05,3.312924,2.526921
548,2.4027681,0.09987573,-0.3170481,0.85,0.023807821795344353,2.7800703,2.2185116
549,2.3047764,0.040548928,-0.15504703,0.85,0.05,3.314725,1.9283888
550,2.3623102,0.021912415,-0.043031324,0.7534679770469666,0.03594034165143967,2.0599885,2.6008713
551,2.2825985,0.052786376,-0.052143596,0.85,0.023036880418658257,3.0517066,2.2349057
552,2.1710474,0.09558939,-0.027839975,0.803037703037262,0.05,4.069669,1.811042
553,2.2544343,0.1329597,-0.17872885,0.85,0.05,3.2148452,2.2112403
554,2.3844855,0.065599345,-0.27987072,0.85,0.05,2.6469915,2.504712
555,2.2018123,0.13314454,-0.3148701,0.85,0.04077192395925522,6.265495,1.3645415
556,2.4391775,0.029756447,-0.09566683,0.775833010673523,0.03715600445866585,2.0014923,2.3370178
557,2.2878063,0.0116792545,-0.059472874,0.85,0.019482629373669624,3.2416773,2.0133984
558,2.258707,0.08755645,-0.09492993,0.8418576717376709,0.04943074658513069,3.4134007,2.6972935
559,2.1922524,0.1096139,-0.0786796,0.85,0.02878539264202118,4.6005907,2.4383106
560,2.4441245,-0.018844377,-0.16692775,0.8355966210365295,0.05656059458851814,2.2969394,2.39237
561,2.3887336,0.07225517,-0.023840662,0.17439484596252441,0.15159979462623596,2.0464282,2.6471553
562,2.3992777,0.08929948,-0.1096454,0.85,0.02562868967652321,2.0256178,2.4626014
563,2.3034098,0.09845868,-0.12504719,0.8286814093589783,0.050000421702861786,3.0742645,2.6202738
564,2.3083057,0.03968748,-0.20884834,0.85,0.0211291816085577,4.0110064,1.8832067
565,2.2766914,0.06073679,-0.052778497,0.7053512334823608,0.028806675225496292,2.7897816,2.7703009
566,2.2956188,0.061232332,-0.2038815,0.8052598834037781,0.06018904224038124,4.2478724,2.1918037
567,2.3530304,0.044990506,-0.16381362,0.85,0.05,2.5965776,2.3202682
568,2.2824852,0.085137494,-0.078482226,0.85,0.05,3.2396455,2.193245
569,2.2313871,0.074642316,-0.06553018,0.8386199474334717,0.022506767883896828,3.821862,2.206764
570,2.2367043,0.06568383,-0.13934234,0.85,0.006573650054633617,4.4361806,2.0891297
571,2.252867,0.08019846,-0.14855897,0.8281857967376709,0.0605253130197525,4.5113187,2.6329176
572,2.3180015,0.056033656,-0.19669971,0.7273033261299133,0.04250485077500343,3.873468,2.4067557
573,2.3053088,0.03243868,-0.12564881,0.8292771577835083,0.05416248366236687,3.0522757,2.7023447
574,2.2149072,0.082854964,-0.14514643,0.7662584781646729,0.04902656748890877,4.531203,1.8949023
575,2.3696444,0.045134902,-0.103574626,0.85,0.04355282336473465,2.2038388,2.4804657
576,2.250966,0.17442884,-0.19626342,0.85,0.03359009325504303,3.6462052,1.9473748
577,2.247179,0.07350139,-0.10552324,0.85,0.05,3.9039156,2.0724485
578,2.2207904,0.10302812,-0.15134493,0.85,0.01393313892185688,5.052937,1.7344304
579,2.3046794,0.03442086,-0.29063246,0.8226652145385742,0.01645400933921337,4.432691,1.608196
580,2.249986,0.06950788,-0.11840065,0.8274250030517578,0.029124757274985313,4.142739,1.8088815
581,2.2979946,0.077923276,-0.10884711,0.85,0.05,2.9217472,2.4890866
582,2.2526526,0.01923346,-0.055181347,0.85,0.01937173865735531,4.1274514,1.9184898
583,2.3065019,0.12756294,-0.21508741,0.85,0.03582092747092247,3.2953296,2.5724936
584,2.3526783,0.025129203,-0.22639187,0.8216090798377991,0.03918726369738579,3.3298566,1.8143638
585,2.282061,0.046332322,-0.09110098,0.6431742310523987,0.05,3.1017153,2.2118182
586,2.3939652,0.033958253,-0.14492486,0.6872584819793701,0.011655245907604694,2.2083192,2.3886604
587,2.2207985,0.094199836,-0.04974652,0.8356748819351196,0.04102618992328644,3.8087823,1.976763
588,2.2557793,0.16690493,-0.24596705,0.6649842858314514,0.0460151731967926,4.3652287,2.137532
589,2.2740643,0.07290407,-0.13677579,0.8062070608139038,0.00037408783100545406,3.7070725,2.0620725
590,2.3631406,0.12058276,-0.15653363,0.5993314981460571,0.045018840581178665,2.3334584,2.6257687
591,2.2332003,0.10869639,-0.020465711,0.85,0.01855594851076603,3.1259623,2.4637942
592,2.3050303,0.11319151,-0.06774458,0.5046576261520386,0.0477975495159626,2.484866,2.4065087
593,2.2419233,0.07115418,-0.024801163,0.7953106164932251,0.07350490987300873,2.8776853,2.591016
594,2.2368999,0.10156194,-0.06423893,0.85,0.05,3.4611802,2.7308295
595,2.242226,0.10358274,-0.06250547,0.85,0.037813473492860794,3.5431337,2.7253215
596,2.3207123,0.06327146,-0.16604207,0.85,0.05,3.1802323,2.4631345
597,2.2057354,0.13312708,-0.08743405,0.85,0.017207590863108635,4.134369,2.1643615
598,2.3225892,0.06651359,-0.22877064,0.85,0.05,3.6836083,2.6127825
599,2.3029346,0.09280336,-0.1030151,0.8129842877388,0.05,2.9977787,2.4235864
600,2.3313358,0.088067375,-0.1251568,0.6622565388679504,0.02414078637957573,2.274297,2.4819763
601,2.3344104,0.04196161,-0.04593832,0.85,0.02422998659312725,2.4154544,2.7545962
602,2.2351277,0.17931996,-0.042717174,0.85,0.022690100595355034,3.0369575,2.5246394
603,2.2734835,0.033116437,-0.03709995,0.85,0.05,2.6676755,2.5688748
604,2.3889232,0.0018070964,-0.112456985,0.7536312341690063,0.03574018552899361,2.3261862,2.8768024
605,2.3316882,0.13746786,-0.20448162,0.7204064130783081,0.04986829310655594,2.3618696,2.601259
606,2.2665577,0.0070998417,-0.025465501,0.85,0.023705843836069107,3.4209437,2.2613306
607,2.1854768,0.14906801,-0.21278098,0.85,0.011016791686415672,5.5930023,1.6561536
608,2.227448,0.084673986,-0.23017755,0.85,0.05,4.9524665,1.5386469
609,2.223532,0.043215975,-0.052026283,0.8433908820152283,0.05,3.99035,2.0062711
610,2.2585351,0.06706529,-0.10146113,0.8001791834831238,0.03880229964852333,3.9448116,2.380491
611,2.363908,-0.012580143,-0.03185435,0.1383747011423111,0.05932345241308212,2.2451553,2.4321342
612,2.2434292,0.115254,-0.08970661,0.85,0.05,3.3211675,2.0905833
613,2.3212051,0.0445748,-0.21352795,0.85,0.0044924188405275345,3.8378236,2.165931
614,2.2907686,0.07709977,-0.08963592,0.7037761807441711,0.05,2.7346168,2.7671158
615,2.3797987,0.009084101,-0.084603295,0.5938963294029236,0.07088278234004974,2.0514717,2.881038
616,2.2070115,0.08544678,-0.09168177,0.7217167615890503,0.05,4.2573657,1.7769343
617,2.3252137,0.015354358,0.0030612007,0.85,0.016410164535045624,2.4359958,2.7148886
618,2.315782,0.06752696,-0.0371103,0.7324181795120239,0.05,2.371343,2.5536034
619,2.2712786,0.0717181,-0.0039271154,0.6627456545829773,0.05777827650308609,2.893458,2.481158
620,2.242313,0.060613286,-0.1260623,0.85,0.011874614283442497,4.1522894,1.9205467
621,2.304579,0.010329037,-0.113363445,0.6143363118171692,0.06853997707366943,3.7401795,2.170324
622,2.3135142,0.117938146,-0.22124703,0.85,0.03485365957021713,3.1793318,2.7386487
623,2.2773008,0.09729136,-0.06366719,0.8441236615180969,0.026921812444925308,2.8178065,2.2341654
624,2.2659214,0.13949361,-0.25643888,0.8232347965240479,0.041823577135801315,4.2804384,2.336674
625,2.3286762,0.06970671,-0.20109184,0.7001010179519653,0.0352453775703907,3.0462563,2.7476745
626,2.3270607,0.06637265,-0.10114508,0.2637757658958435,0.23768359422683716,3.2577438,2.7445242
627,2.1661987,0.1060458,-0.09425058,0.8210129737854004,0.036618854850530624,4.670386,1.6733994
628,2.2807715,0.0982116,-0.16982087,0.85,0.034002743661403656,3.7180662,2.5528796
629,2.3061895,0.12890908,-0.22350772,0.85,0.03778047114610672,3.6910856,2.7973762
630,2.4056373,0.09110505,-0.10035767,0.7350508570671082,0.054382260888814926,2.011913,2.7092874
631,2.2246442,0.12370639,-0.16815732,0.85,0.05,4.0208917,1.8599443
632,2.3287115,0.055978432,-0.18995458,0.8491621613502502,0.04619305953383446,3.7233825,2.4525867
633,2.2154803,0.12921089,-0.21113573,0.85,0.011416042223572731,4.759391,1.7901411
634,2.3553598,0.032265563,-0.3664441,0.85,0.05,4.311718,1.4450122
635,2.164579,0.17689338,-0.21582682,0.85,0.05,4.92955,1.5432557
636,2.2939315,0.10027862,-0.15488636,0.85,0.0131597351282835,3.0096228,2.6042686
637,2.3141127,0.01929057,-0.19088133,0.85,0.05,3.875003,1.8362887
638,2.233393,0.103012964,-0.117995314,0.6598953008651733,0.032970529049634933,4.103933,2.5591865
639,2.2709095,0.043476485,-0.08787042,0.8002164959907532,0.005133672617375851,3.3790538,2.049357
640,2.2869375,0.08268064,-0.09472963,0.8338161706924438,0.04206681624054909,3.259912,2.5084038
641,2.3245733,0.06417103,-0.091805115,0.85,0.007857589051127434,2.5823991,2.4748192
642,2.356013,-0.0071618794,-0.20693606,0.85,0.05,3.4542313,2.259988
643,2.3303564,0.0056612706,-0.10627162,0.85,0.026263350620865822,3.3043277,2.4990234
644,2.2251158,0.0905256,-0.045658644,0.6696164608001709,0.04976150393486023,3.5483522,2.8825736
645,2.2666852,0.14598377,-0.09500402,0.85,0.05,2.7913525,2.2342386
646,2.3290355,0.11607947,-0.056451004,0.8317444324493408,0.021991293877363205,2.1330094,2.6223886
647,2.4113762,0.023242513,-0.1965335,0.5179193019866943,0.03539089486002922,2.8138876,2.627045
648,2.301993,0.04552745,-0.1897583,0.6508414149284363,0.03537243977189064,4.215348,2.659133
649,2.282996,0.12727468,-0.1609321,0.85,0.05,2.9633849,2.4096801
650,2.2562108,0.066107646,-0.13171321,0.85,0.036103010177612305,4.236471,2.6304927
651,2.2915015,-0.016624674,-0.06759658,0.7251980304718018,0.05,3.5414114,2.7292027
652,2.2903786,-0.0352902,0.001350048,0.802033543586731,0.031042328104376793,3.0086563,2.224159
653,2.287059,0.11542492,-0.059665825,0.826601505279541,0.052553899586200714,2.588425,2.7216256
654,2.2566211,0.14634623,-0.2308746,0.8370660543441772,0.04148027300834656,4.6050086,1.7807888
655,2.244956,0.08928174,-0.04543368,0.85,0.021753069013357162,3.6883469,2.1823425
656,2.228975,0.14808598,-0.08752898,0.85,0.05,3.0938773,2.5108886
657,2.2197773,0.12854934,-0.11508256,0.8386147618293762,0.05057233199477196,4.4763107,2.3830132
658,2.3510427,0.10410278,-0.114543766,0.85,0.04152226448059082,2.5141802,2.5583963
659,2.2112257,0.057813752,-0.037201945,0.85,0.05,3.7870414,2.060917
660,2.2969325,0.12621224,-0.20222263,0.8191254138946533,0.04889441281557083,3.4246187,2.5024097
661,2.4018292,-0.030462665,-0.12085184,0.5518460273742676,0.033638354390859604,2.2591991,2.2011294
662,2.305881,0.029848078,-0.026481975,0.85,0.05,2.7434428,2.5744708
663,2.3019366,0.119988844,-0.17236045,0.85,0.05,2.9997306,2.6511898
664,2.2915683,0.033713758,-0.046682697,0.85,0.0020050862804055214,2.9391294,2.1109204
665,2.2757838,0.13024515,-0.07602328,0.6393798589706421,0.05,2.625256,2.2370193
666,2.1968093,0.09928478,-0.11928391,0.85,0.05,4.4525585,1.7950436
667,2.2755136,0.049697075,0.008791264,0.85,0.0320046991109848,2.8429554,2.4991214
668,2.3273058,0.049784616,-0.0861514,0.8373305797576904,0.025637293234467506,2.965978,2.1773849
669,2.2535453,0.025550492,-0.047908537,0.8244005441665649,0.05,3.7290285,2.1041372
670,2.3291037,0.098148815,-0.22027457,0.6658011674880981,0.07686291635036469,3.5387654,2.6432776
671,2.369561,0.0052814526,-0.15658814,0.85,0.05,2.3212974,2.7435856
672,2.267779,0.076415695,-0.15027916,0.85,0.03824848681688309,3.969785,2.201794
673,2.203028,0.15971105,-0.118677266,0.85,0.011042511090636253,4.521589,1.8117815
674,2.2851362,0.0039499523,-0.017128699,0.624333381652832,0.015905197709798813,2.9842925,2.576472
675,2.3354638,0.046391156,-0.16683605,0.85,0.04407599940896034,2.652827,2.4901628
676,2.3303351,0.106638305,-0.09368785,0.8062012195587158,0.05,2.0390918,2.2391841
677,2.3680656,0.060249552,-0.17540334,0.7704126834869385,0.04737715423107147,2.9175491,2.7275379
678,2.2829099,0.03404399,-0.036132704,0.85,0.02338620088994503,3.1731758,2.414721
679,2.0942082,0.10246425,0.014069652,0.85,0.014839288778603077,5.1647735,1.6493938
680,2.332018,0.073582515,-0.061077073,0.8242636919021606,0.046599626541137695,2.053974,2.511017
681,2.2683403,0.084638536,-0.120475434,0.85,0.02664710208773613,3.6312401,2.696616
682,2.26667,0.05399949,-0.06309402,0.8366994857788086,0.024228863418102264,3.3231401,2.5793674
683,2.31349,0.030570094,-0.1286851,0.8225815296173096,0.009552410803735256,2.7522697,2.4722037
684,2.254001,0.057715554,-0.085794464,0.85,0.032804060727357864,3.225074,2.8727336
685,2.3352282,0.061363015,-0.026070472,0.5127313733100891,0.040496256202459335,2.3327801,2.6976752
686,2.3377476,0.061560344,-0.06817507,0.7875734567642212,0.03627486526966095,2.478277,2.647931
687,2.3251915,0.016411502,-0.09473805,0.85,0.05,2.9031568,2.6774437
688,2.3350387,0.07792538,-0.13362719,0.85,0.04283277690410614,2.3591733,2.8935785
689,2.243955,0.061477672,-0.096717335,0.8224121928215027,0.010987399145960808,4.084361,2.384728
690,2.273963,0.06287594,0.02428945,0.8375558257102966,0.03934633731842041,2.5140786,2.8344493
691,2.2305758,0.057839885,0.0322504,0.85,0.05,3.1207702,2.8386817
692,2.269907,0.124597244,-0.13546108,0.8046615123748779,0.011133508756756783,3.187559,2.2923768
693,2.2251923,0.10011323,-0.25022775,0.85,0.01903090626001358,5.198318,1.7237104
694,2.3028655,0.05683149,-0.2792325,0.85,0.05,4.473908,1.8168278
695,2.3170547,0.030201728,-0.14593597,0.85,0.05,3.2413538,2.2120862
696,2.17543,0.15142514,-0.2728897,0.8412437438964844,0.042675092816352844,6.1800227,1.4346241
697,2.2758696,0.09103599,-0.16454165,0.8447504043579102,0.05,4.1139545,2.1814294
698,2.255974,0.065210655,-0.12185934,0.6709761619567871,0.04084093123674393,3.7234976,2.7991202
699,2.1646988,0.13895445,-0.09282505,0.8354573845863342,0.0033071432262659073,4.507161,1.6392026
700,2.2895448,0.091326304,-0.13437368,0.85,0.05,3.302414,2.2802587
701,2.3254771,0.011828892,-0.07011111,0.85,0.017732994630932808,2.55407,2.726636
702,2.3304117,0.10509319,-0.12116004,0.8297017216682434,0.06337893754243851,2.6092398,2.755919
703,2.3341858,0.03475137,-0.119277105,0.85,0.05,2.576544,2.8911502
704,2.279221,0.053024143,-0.032836463,0.823795735836029,0.036307983100414276,2.8578181,1.8110446
705,2.3161442,0.004804547,-0.08607062,0.85,0.05,3.1945052,2.210579
706,2.2735448,0.11432692,-0.16027837,0.85,0.05,4.0422454,1.9174073
707,2.2760477,0.05958138,-0.26427117,0.85,0.05,4.7524686,1.6033969
708,2.1881151,0.13980937,-0.12915644,0.85,0.05,4.849828,1.8905399
709,2.2668228,0.1254139,-0.11151436,0.8313121795654297,0.01609032042324543,3.372901,2.5708659
710,2.2272747,0.15530272,-0.22998385,0.85,0.015640459954738617,4.710647,2.151815
711,2.2967305,0.0868043,-0.2251838,0.85,0.05,4.1584992,1.9801449
712,2.3409433,0.0439924,-0.059664533,0.8048793077468872,0.04670780152082443,2.532238,2.248333
713,2.353436,0.074825086,-0.13315839,0.85,0.036512695252895355,2.408754,2.1320503
714,2.2673616,0.090626664,0.085261665,0.8283522129058838,0.04018280655145645,2.4868817,2.3412614
715,2.2862396,0.06302858,-0.07949994,0.85,0.05,2.80288,2.376792
716,2.3186562,0.03473154,-0.050704386,0.8261845111846924,0.03389923274517059,2.534648,2.5602694
717,2.2956982,0.08086623,-0.025567574,0.85,0.05,2.5432408,2.381169
718,2.3701737,0.057219744,-0.100808725,0.85,0.004970497451722622,2.126196,2.3843799
719,2.2620466,0.0699126,-0.14866412,0.6106665134429932,0.050880055874586105,4.09664,2.0803132
720,2.3747933,0.007863173,-0.07791711,0.6092379093170166,0.006980596110224724,2.1456828,2.141246
721,2.26353,0.09518082,-0.01931817,0.85,0.022597428411245346,2.5307307,2.652102
722,2.2502956,0.0450447,0.04417298,0.85,0.05,3.3723578,2.3464751
723,2.379796,0.033687837,-0.20058693,0.85,0.023361727595329285,2.6390214,2.60578
724,2.2398653,0.14156084,-0.18547025,0.6483773589134216,0.06591642647981644,4.4904685,2.1002896
725,2.1760592,0.17829914,-0.08181753,0.6977365016937256,0.017048612236976624,4.057553,1.7494955
726,2.2359426,0.107135594,-0.21979481,0.8166694641113281,0.05,4.84649,1.9399753
727,2.210887,0.09607709,-0.083845995,0.85,0.05,4.5136757,1.9196361
728,2.2997565,0.023772161,-0.15628374,0.85,0.013589737936854362,3.8919322,2.4554484
729,2.30418,0.039155222,-0.16896915,0.8411844968795776,0.047862447798252106,3.9941614,2.3452706
730,2.2964177,0.06616084,-0.0925665,0.8279405236244202,0.04901634529232979,3.129648,2.1223748
731,2.2769418,0.019629676,-0.22463599,0.6939107179641724,0.05,4.5620475,1.6704873
732,2.3983238,-0.019256974,0.008353359,0.809058666229248,0.042653802782297134,2.0804956,2.5347407
733,2.2952435,0.097264774,-0.15089369,0.85,0.04431556165218353,3.1439946,2.4885495
734,2.237175,0.15150933,-0.1735269,0.85,0.02288053371012211,4.494853,2.034685
735,2.197685,0.0792784,-0.0704621,0.85,0.03642205893993378,4.5653605,2.3782449
736,2.2945192,0.11480853,-0.21189731,0.7180579304695129,0.0263436958193779,3.8495896,2.6342316
737,2.3388548,0.04689289,-0.020859985,0.6839920878410339,0.03353822976350784,2.076484,2.7643397
738,2.15695,0.13338865,-0.12184844,0.85,0.012204858474433422,4.899289,1.8187742
739,2.2615442,0.057012826,-0.050899763,0.46251174807548523,0.05,3.3530145,2.2544851
740,2.3140702,0.09340109,-0.06651894,0.8248339295387268,0.05,2.5945518,2.657997
741,2.2837553,0.06954112,-0.04783329,0.538966953754425,0.016146542504429817,2.9348538,1.9100807
742,2.1926026,0.1159048,-0.06572953,0.8356534242630005,0.04262937977910042,4.547809,2.0740852
743,2.2297194,0.095052645,-0.09080316,0.85,0.05,3.684699,2.181947
744,2.3858943,0.049139325,-0.20146152,0.8412542343139648,0.049585409462451935,2.6947787,2.458964
745,2.2054684,0.086637445,0.07689518,0.85,0.028159236535429955,3.0561638,2.7425132
746,2.272559,0.11196871,-0.11309058,0.85,0.0092388316988945,3.4094572,2.5269048
747,2.2675848,0.10318775,-0.17356895,0.85,0.05,3.563707,2.142724
748,2.2742796,0.04128407,-0.13578354,0.85,0.05,4.45778,1.9636016
749,2.1654313,0.10208482,0.009457368,0.85,0.05,4.66084,1.988654
750,2.2932994,0.08376595,-0.12253848,0.85,0.05,3.2464762,2.1569622
751,2.353389,0.108826734,-0.10481599,0.8356479406356812,0.07391561567783356,2.341004,2.3794985
752,2.2929263,0.12643291,-0.28236508,0.85,0.0021928860805928707,4.81313,1.8401724
753,2.320239,0.113321066,-0.13070081,0.8181666135787964,0.042641304433345795,2.4159417,2.4574778
754,2.2582188,0.115986146,-0.2162437,0.85,0.05,3.5106025,1.9216564
755,2.3050134,0.023920478,-0.1637773,0.8216850757598877,0.05,3.3248112,2.0794
756,2.3379996,0.09086487,-0.04821745,0.6827955842018127,0.045627303421497345,2.2130845,2.7256987
757,2.2803175,0.10407072,-0.16010457,0.85,0.02777290716767311,3.5662727,2.7312572
758,2.361231,0.033714112,-0.12464616,0.8261770009994507,0.05424429103732109,2.4904277,2.6562202
759,2.2850897,0.18481241,-0.16892074,0.85,0.036392536014318466,3.0258665,2.8762958
760,2.251175,0.11972016,-0.19877043,0.85,0.023431070148944855,4.2868257,2.2556806
761,2.3073819,0.090466015,-0.1826835,0.85,0.026399150490760803,3.793409,2.2576344
762,2.3548388,0.002474917,-0.03897078,0.668269157409668,0.031576916575431824,2.4343626,2.330138
763,2.2672858,0.06250323,-0.1598621,0.8139268755912781,0.07227107882499695,4.441116,2.8766878
764,2.2294793,0.10255428,-0.15583229,0.737469494342804,0.0649193525314331,4.6315045,2.0950067
765,2.2348998,0.11743795,-0.11810164,0.85,0.012197714298963547,4.0222588,2.052161
766,2.3182526,0.074703746,-0.039351933,0.6612775325775146,0.051712702959775925,2.4743094,2.5470626
767,2.2698576,0.04805231,-0.046586517,0.6287840604782104,0.02653399296104908,3.2867482,2.4827652
768,2.3217788,0.05533361,-0.2237994,0.85,0.05,3.8723354,2.2924263
769,2.144651,0.1616264,-0.05265814,0.85,0.05,4.8485165,1.7031388
770,2.234741,0.07866988,-0.07651811,0.85,0.05,4.388628,1.8989142
771,2.33505,0.0630959,-0.14902794,0.8163278698921204,0.006548330653458834,2.6510541,2.5599658
772,2.3218663,0.117138535,-0.07772481,0.7807006239891052,0.03810752183198929,2.3334558,2.7709935
773,2.184207,0.03943805,0.028587973,0.85,0.05,4.412359,1.8774719
774,2.2267911,0.07533115,-0.07434789,0.8082912564277649,0.05,4.440604,1.8246669
775,2.3301513,-0.0005712972,-0.016143015,0.8113133907318115,0.031807299703359604,2.6143818,2.4172328
776,2.2661655,0.09361283,-0.16029696,0.85,0.037859585136175156,3.790166,2.152585
777,2.1470711,0.09992328,-0.046858404,0.85,0.018565548583865166,4.7838297,1.7728876
778,2.290388,0.089957535,-0.08366101,0.85,0.05,2.6430743,2.4482393
779,2.2724297,0.07997264,-0.07504649,0.85,0.008924293331801891,2.9614933,2.3018136
780,2.255157,0.09627349,-0.1637431,0.85,0.020640745759010315,4.2652154,2.326579
781,2.155971,0.2049113,-0.3164321,0.85,0.05,6.288183,1.3629498
782,2.0872457,0.14646916,-0.10705714,0.11327416449785233,0.2531103193759918,12.954995,2.6805656
783,2.1707926,0.11100512,-0.11449995,0.85,0.025759607553482056,5.071595,1.8703188
784,2.1643884,0.14905497,-0.03946902,0.85,0.05,4.110709,1.8625668
785,2.3463657,0.09279491,-0.2844041,0.6445414423942566,0.0669202134013176,3.9771643,2.458188
786,2.2547874,0.18769136,-0.17906493,0.8327063918113708,0.03879617154598236,3.3470888,2.5083199
787,2.2826698,0.032804865,-0.13326757,0.85,0.05,3.6298716,1.8860269
788,2.3038275,0.0951372,-0.10163415,0.2690127193927765,0.03958272561430931,2.6316116,2.3078668
789,2.2144363,0.12907709,-0.13689299,0.85,0.05,4.8311,1.9321461
790,2.375083,0.058749817,-0.08462375,0.512817919254303,0.05614218860864639,2.1644244,2.4671905
791,2.2478743,0.111492015,-0.1573661,0.85,0.05,4.427299,2.255718
792,2.2551093,0.112888955,-0.2026456,0.7724335193634033,0.03378476947546005,4.5071855,1.9869843
793,2.2862442,0.14134425,-0.09105224,0.8413690328598022,0.03042289987206459,2.4599946,2.2006428
794,2.2715049,0.10574681,-0.13808481,0.5965069532394409,0.0012924420880153775,3.1198235,2.1634524
795,2.22938,0.045969907,-0.07724625,0.8431815505027771,0.06223709508776665,4.316562,2.1808927
796,2.3106418,0.071640536,-0.13983758,0.794745683670044,0.027081673964858055,2.9477558,2.6242125
797,2.225756,0.09128689,-0.10880258,0.85,0.005365889985114336,4.5062785,1.8568064
798,2.3940341,0.03312832,-0.22687991,0.8338184952735901,0.04375337064266205,2.7860842,2.3328886
799,2.248439,0.11477604,-0.12424742,0.85,0.027108410373330116,4.3269224,2.7272077
800,2.2494211,0.06314088,-0.011264987,0.7539006471633911,0.05,3.6605165,2.0925534
801,2.171111,0.08449125,-0.1467222,0.8048504590988159,0.05,5.167618,1.5587758
802,2.3252325,0.10293544,-0.008494793,0.7520015239715576,0.0537039190530777,2.2508547,2.804625
803,2.3378117,0.061766207,-0.11770915,0.85,0.008502543903887272,2.467086,2.5489082
804,2.3299994,0.07676363,-0.106093474,0.6602340936660767,0.051424480974674225,2.6354363,2.4356184
805,2.1479044,0.07055016,-0.0050198426,0.85,0.05,5.041633,1.6268185
806,2.168137,0.008752884,0.06846145,0.8136364817619324,0.05,4.4632726,1.7429962
807,2.3091018,0.062445227,-0.047334787,0.8078857660293579,0.01685999520123005,2.623041,2.5572212
808,2.2721014,0.15496916,-0.1632819,0.85,0.04062483459711075,3.3662627,2.2807949
809,2.2844443,0.07809461,0.04843315,0.6736681461334229,0.0638919547200203,2.4173644,2.5878994
810,2.3325603,-0.009784539,-0.10606789,0.7717161178588867,0.07689333707094193,2.9051764,2.8155727
811,2.168067,0.12781954,-0.15208867,0.85,0.05,5.2698145,1.6772429
812,2.3135214,0.046703003,-0.016377972,0.09816386550664902,0.07304234802722931,2.417103,2.598324
813,2.2231498,0.13413693,0.0211445,0.845146656036377,0.03574725240468979,2.68654,2.8655694
814,2.2600307,0.15925257,-0.18179242,0.85,0.05,4.19738,2.211177
815,2.3637066,0.028019119,-0.16769004,0.27597954869270325,0.01842634007334709,2.9413798,2.8408182
816,2.2336695,0.064502835,-0.03729707,0.7479940056800842,0.033530592918395996,3.5412145,2.5002503
817,2.3033793,0.13967322,-0.07649632,0.7097442150115967,0.030922139063477516,2.4222724,2.6230752
818,2.2666872,0.091190025,-0.13099839,0.85,0.05,3.294123,2.5698466
819,2.4075468,-0.04498358,-0.0664996,0.35397982597351074,0.0626954436302185,2.0759232,2.4172165
820,2.3176413,0.087056234,-0.17112078,0.85,0.02059827372431755,3.1850302,2.535429
821,2.3157744,0.06232157,-0.17015742,0.8330498337745667,0.02157401666045189,3.3932827,2.3279123
822,2.346648,0.04062714,-0.07306086,0.333312064409256,0.04449646919965744,2.1733959,2.466601
823,2.2316525,0.12333912,-0.13088839,0.85,0.05,3.977137,1.9953687
824,2.3217676,0.0629341,-0.009236803,0.698643684387207,0.05977587401866913,2.3623614,2.2721312
825,2.2708263,0.00053701963,-0.007388852,0.783588171005249,0.05,3.2393572,2.198124
826,2.2629273,0.069968365,0.019270835,0.85,0.05,2.5204568,2.3947659
827,2.2899897,0.039368708,-0.078193195,0.40879300236701965,0.05,3.1189597,2.1760793
828,2.2512612,0.12918714,-0.11030454,0.8045349717140198,0.05272294953465462,3.3898296,2.2881114
829,2.324178,0.103926234,-0.13916513,0.85,0.023430677130818367,2.658795,2.817563
830,2.3293126,0.061389677,-0.118040636,0.8277061581611633,0.048049766570329666,2.7416098,2.4334745
831,2.444207,0.0042901463,-0.17954037,0.8196761012077332,0.0744137391448021,2.3620124,2.670534
832,2.3199763,-0.0067894612,-0.08207293,0.830924928188324,0.03586837276816368,2.9225733,2.7688649
833,2.3768654,0.033569038,-0.063483864,0.5212751626968384,0.06343447417020798,2.6079636,2.769679
834,2.2416341,0.08451956,-0.10053319,0.6408242583274841,0.03812338039278984,3.5431533,2.778672
835,2.3431888,0.13296363,-0.15194784,0.4328021705150604,0.04863864183425903,2.185681,2.8162367
836,2.2789361,0.09259306,-0.04336799,0.849489688873291,0.05,2.7775326,2.3903666
837,2.3407319,0.08874867,-0.11255643,0.6173301935195923,0.06622303277254105,2.0895798,2.548867
838,2.2589798,0.08945167,-0.012854386,0.3787553310394287,0.07092192769050598,2.8864946,2.7152104
839,2.1422951,0.124802426,-0.05031955,0.85,0.005846281070262194,5.050454,1.7612332
840,2.269665,0.08094337,-0.19424522,0.8250893950462341,0.03552877902984619,4.209297,2.6829607
841,2.2337506,0.1160808,-0.009625988,0.7315129041671753,0.02658539079129696,3.0599144,2.645455
842,2.171107,0.050102133,-0.1203158,0.803512454032898,0.05,5.19495,1.3896307
843,2.2446418,0.094813645,-0.14520107,0.85,0.05,4.5169153,1.954427
844,2.2268906,0.13010198,-0.11549406,0.85,0.05,4.0291963,2.12238
845,2.2500153,0.10486667,-0.019929359,0.42365360260009766,0.04225929081439972,3.069696,2.439402
846,2.1818144,0.047867518,0.05293874,0.85,0.05,3.780575,1.8641005
847,2.2289479,0.09308621,-0.20455974,0.85,0.05,5.337472,1.5550106
848,2.1389155,0.15514974,-0.049313445,0.85,0.05,4.664107,1.6813147
849,2.2339013,0.07716356,-0.09131676,0.85,0.0138369956985116,3.6539998,2.2892249
850,2.3458967,0.006341107,-0.19061948,0.839767575263977,0.05,3.10474,2.4805245
851,2.31145,0.08622014,-0.109042756,0.8381067514419556,0.03173733502626419,2.9255066,2.5382028
852,2.3576443,0.10108897,-0.1501115,0.8295284509658813,0.018220750615000725,2.0452833,2.3851547
853,2.2592914,0.05834089,-0.13207495,0.8263909220695496,0.035157933831214905,4.2011814,1.8588872
854,2.342568,0.12943202,-0.08625041,0.6000018119812012,0.07208243012428284,2.2681968,2.285719
855,2.2809956,0.07522195,-0.18412848,0.85,0.0006223829695954919,3.4895284,1.7818269
856,2.3311017,0.08306759,-0.1382577,0.8312522172927856,0.020127877593040466,2.5403442,2.3903513
857,2.238473,0.13591108,-0.15044668,0.8359901905059814,0.030856812372803688,3.9018629,1.9082512
858,2.2611043,0.101902716,-0.13198158,0.85,0.05,4.3436685,2.4672914
859,2.2643595,0.0975765,0.02166395,0.85,0.029425136744976044,2.5399094,2.5094302
860,2.3520703,0.10758043,-0.24025297,0.5870049595832825,0.04907109588384628,2.5928652,2.6484795
861,2.304322,0.09433202,-0.16463922,0.85,0.05,3.2498722,2.1940563
862,2.2157655,0.030710338,-0.06570858,0.8227512836456299,0.03539866954088211,4.12644,2.1487079
863,2.3264098,0.09972906,-0.16028866,0.7874425649642944,0.03498581796884537,2.6102784,2.473777
864,2.204205,0.065985575,-0.020359714,0.85,0.05,3.9392993,1.8555503
865,2.2633936,0.13092619,-0.09890941,0.5293877124786377,0.06389135122299194,2.894407,2.120542
866,2.2010372,0.015054791,-0.118990436,0.85,0.02115226723253727,5.582159,1.4683905
867,2.391355,0.07269103,-0.122709885,0.8400837182998657,0.056386545300483704,2.4781806,2.7314105
868,2.3187182,0.08784893,-0.24533492,0.7700095772743225,0.03593803569674492,3.9587705,2.4264777
869,2.2631826,0.07681116,-0.056702755,0.85,0.03068133257329464,3.0783715,2.6035774
870,2.2977679,0.0698292,-0.28486973,0.821739912033081,0.06425771862268448,5.2830763,2.0569093
871,2.2254486,0.08609817,-0.03070911,0.8175496459007263,0.05,3.4534514,1.8840022
872,2.2755556,0.061703663,-0.045742847,0.70888751745224,0.08606631308794022,3.0572758,2.7000065
873,2.2793045,0.10611579,-0.17743553,0.85,0.05,3.9583697,2.209916
874,2.243356,0.15720452,-0.07521607,0.7701451778411865,0.04964904487133026,2.7277007,2.2561212
875,2.4046507,0.008114537,-0.06973776,-0.07281041145324707,0.09249032288789749,2.13513,2.664874
876,2.2248898,0.15970153,-0.14746334,0.85,0.05,4.1644063,2.2258704
877,2.2297964,0.024166523,0.020438448,0.85,0.05,3.473671,2.3303592
878,2.3743482,0.051176645,-0.056732833,0.5297842621803284,0.061816055327653885,2.0390675,2.7347617
879,2.363277,0.084446155,-0.23179922,0.85,0.03736613318324089,2.893512,2.7487245
880,2.2542596,0.102139875,-0.12665641,0.8017544746398926,0.02787305973470211,4.6039753,2.1545362
881,2.2892125,0.12588836,-0.16624138,0.85,0.03452351316809654,3.5145736,2.5520349
882,2.2037778,0.05448068,-0.03585046,0.85,0.0076418425887823105,4.1067944,2.3589585
883,2.4011457,0.016775731,-0.27589136,0.8313617706298828,0.04159054160118103,2.8157306,2.309187
884,2.330246,0.030976592,-0.11173045,0.85,0.03358602523803711,2.880194,2.6597266
885,2.225521,0.09284856,-0.12950233,0.8443560004234314,0.05,4.457621,1.9504226
886,2.3098128,0.10635032,-0.07222912,0.85,0.03525283932685852,2.556111,2.2855637
887,2.1716528,0.05344122,-0.09054697,0.85,0.05,5.153747,1.6841725
888,2.1968362,0.13736142,-0.037248585,0.8286218643188477,0.03877817839384079,3.7704153,2.1316385
889,2.2968938,0.082415104,-0.13291597,0.8358920812606812,0.05,3.1445584,2.7213562
890,2.280551,0.015263293,-0.23031624,0.8252180814743042,0.0718061700463295,4.9445634,2.564206
891,2.2529604,0.0741716,-0.13223396,0.8297061324119568,0.014320449903607368,4.4341693,1.7777171
892,2.2337034,0.10810302,-0.08328093,0.5713643431663513,0.05405840277671814,3.9776206,2.1183932
893,2.3121336,-0.013373926,-0.074915886,0.6819659471511841,0.05,2.9159632,1.9954388
894,2.3699152,-0.032337535,-0.07949419,0.777391791343689,0.02571064606308937,2.4443967,2.3953278
895,2.2011433,0.17072788,-0.18249398,0.5806575417518616,0.031718041747808456,4.848719,2.2097363
896,2.2458928,0.085666165,-0.055213705,0.8437541127204895,0.029775194823741913,3.3478186,2.1466877
897,2.2085397,0.022099428,0.041734885,0.8123158812522888,0.026293249800801277,4.127218,2.1633282
898,2.242818,0.10368059,-0.04377458,0.32850417494773865,0.12477570027112961,3.3308938,2.3017526
899,2.2256837,0.04111306,0.024774417,0.8233987092971802,0.05,3.764892,2.4806306
900,2.2303324,0.111961745,-0.043894947,0.8428152799606323,0.05,3.177842,2.738767
901,2.3103402,0.09176429,-0.08670212,0.8372364044189453,0.049947064369916916,2.280421,2.82261
902,2.2601836,0.07406749,-0.1913377,0.85,0.032696641981601715,4.449325,1.8103303
903,2.228226,0.079688735,0.0725792,0.6151748895645142,0.05949410796165466,2.8263557,2.4487197
904,2.2654727,0.14068691,-0.17585495,0.8159753680229187,0.0545065738260746,3.3762465,2.6023304
905,2.268015,0.010368771,-0.015383436,0.85,0.05,3.1249,2.602316
906,2.3509588,0.04216676,-0.24972062,0.85,0.03275435417890549,3.747559,1.8097844
907,2.201565,0.08976167,-0.21652699,0.8392621278762817,0.04264713078737259,5.5795302,1.571047
908,2.1720176,0.10770146,-0.11577006,0.7927844524383545,0.05779773369431496,5.4748693,2.0167863
909,2.2845876,0.00454031,-0.050670467,0.85,0.05,2.2602007,2.0242667
910,2.3445158,0.058780264,-0.16782856,0.85,0.017496783286333084,2.7717566,2.6670024
911,2.3427005,0.09114432,-0.2195245,0.8323019742965698,0.03949521481990814,2.635581,2.4567847
912,2.4487274,0.07246657,-0.1427496,0.5677611231803894,0.08088594675064087,2.3155208,2.5563433
913,2.2434683,0.012235268,0.030326342,0.813886821269989,0.04365488514304161,3.2888687,2.3327036
914,2.270173,0.06648967,-0.06563049,0.841517984867096,0.030058180913329124,3.124709,2.3567128
915,2.4063141,-0.02084971,-0.17804512,0.5255967378616333,0.03557661175727844,2.3216856,2.2524273
916,2.2863116,-0.013796824,-0.0062451796,0.7932597994804382,0.05,3.0932515,2.611054
917,2.2990055,0.12098407,-0.23119217,0.85,0.05,4.562,2.0646813
918,2.3267663,0.14716375,-0.26294822,0.85,0.05,3.2332056,2.7203605
919,2.3196719,0.0019976893,-0.10478635,0.85,0.05,2.8969073,2.110522
920,2.2580602,0.11098861,-0.07847502,0.8495967388153076,0.019189471378922462,3.0876422,2.0601022
921,2.318683,0.07988785,-0.122643866,0.8157178163528442,0.05,2.6440644,2.5270798
922,2.340063,0.10878853,-0.13013367,0.6272414922714233,0.05732745677232742,2.6904874,2.552248
923,2.3174813,0.027270533,-0.08973951,0.7719122171401978,0.02280249446630478,2.5871632,2.5727205
924,2.2408333,0.05915195,-0.2832754,0.85,0.01565217785537243,5.7749267,1.4723078
925,2.2605371,0.102773175,-0.15685694,0.85,0.01500403881072998,4.088605,2.1665392
926,2.2319605,0.10209097,-0.11809507,0.6920342445373535,0.054753076285123825,4.120723,2.6964447
927,2.3076086,0.036445823,-0.09947713,0.845306932926178,0.014576533809304237,2.9641893,2.4920933
928,2.2989798,-0.03675536,-0.014420102,0.8307290077209473,0.016696857288479805,3.203933,2.1581292
929,2.3802283,0.07310588,-0.07103662,-0.07467156648635864,0.038880605250597,2.0697317,2.4529703
930,2.267948,0.02653838,-0.07865524,0.8341416120529175,0.021420786157250404,3.5236316,2.1881068
931,2.3402019,0.12995012,-0.32074,0.85,0.033624738454818726,3.605172,2.3852487
932,2.2058048,0.08068949,-0.15944237,0.8310291767120361,0.030743209645152092,4.492059,1.8494356
933,2.3205261,0.06286115,-0.21418962,0.7996708154678345,0.06863066554069519,3.88179,2.4224277
934,2.1795335,0.11303961,-0.08557807,0.7962248921394348,0.05,4.568327,1.8656784
935,2.3199055,0.09788194,-0.15401928,0.85,0.05,2.9317584,2.2571905
936,2.3106165,0.043091834,-0.15688278,0.85,0.05,3.63799,1.8932508
937,2.307884,0.15264757,-0.15100501,0.85,0.05,2.5262046,2.8493443
938,2.3612037,0.012414118,-0.058617763,0.5404773354530334,0.07817389816045761,2.7131636,2.4912457
939,2.2364802,0.0789847,-0.19878702,0.85,0.04427941143512726,5.38918,2.4752684
940,2.220175,0.13679297,-0.30910477,0.85,0.05,6.1916823,1.4304433
941,2.3064406,0.057880074,-0.17086399,0.8335869908332825,0.05,3.7008872,2.0090654
942,2.1711068,0.068079606,0.0055854116,0.85,0.05,4.2521877,1.8440828
943,2.3260937,0.1455358,-0.1750787,0.8072506189346313,0.045385122299194336,2.512161,2.792187
944,2.329894,0.030982617,-0.14747341,0.85,0.017160790041089058,3.3401194,2.0941224
945,2.4004455,0.055918843,-0.09186984,-0.0009454383980482817,0.06868907809257507,2.3173878,2.6758544
946,2.2643044,0.12452076,-0.108080015,0.8302677273750305,0.025681789964437485,3.1194463,2.3815079
947,2.2330205,0.0003100284,0.014385567,0.8363660573959351,0.004792597610503435,3.817263,2.16064
948,2.2758362,0.09052329,-0.31963173,0.85,0.012581574730575085,5.0141964,1.7191889
949,2.2921603,0.1279985,-0.0744219,0.8436312675476074,0.03785126656293869,2.3043418,2.5144815
950,2.312433,0.038920134,-0.077296995,0.5092254281044006,0.02051127888262272,2.8816578,2.2604477
951,2.2670956,0.11392059,-0.0770509,0.7214722037315369,0.04210537299513817,2.9671063,2.5414546
952,2.3518915,0.05489792,-0.15728624,0.8225454092025757,0.04980454221367836,2.599695,2.4788165
953,2.3067713,0.024485122,-0.10009812,0.6144536733627319,0.03221140429377556,3.0234501,2.50863
954,2.261524,0.08928483,-0.13529724,0.824566125869751,0.05,3.1201556,2.884601
955,2.3056288,0.08622672,-0.12938674,0.8357195258140564,0.04853132367134094,2.844998,2.7197971
956,2.3230312,0.056866348,-0.091667876,0.85,0.0423877127468586,2.6262698,2.7411654
957,2.3984535,0.075588115,-0.16353762,0.85,0.04433600604534149,2.2152815,2.808964
958,2.2508912,0.14559263,-0.056825224,0.85,0.031863752752542496,2.9581041,2.7566185
959,2.2540672,0.13409452,-0.053902227,0.85,0.05,2.5673347,2.7504108
960,2.2445061,0.059309725,-0.12902655,0.85,0.05,4.5179343,1.82996
961,2.1805396,0.021180142,-0.043554872,0.810239315032959,0.04665256664156914,4.865454,1.6277561
962,2.229602,0.051853806,-0.048320852,0.85,0.05,3.9558578,2.0293338
963,2.3530812,0.10359196,-0.17941742,0.3956186771392822,0.08272428810596466,2.592633,2.431689
964,2.3592873,0.03609262,0.000764591,0.8060088157653809,0.042322784662246704,2.2237177,2.443505
965,2.3095748,0.053893078,-0.24457328,0.8413506150245667,0.05,4.099289,2.2660615
966,2.3101044,0.08554,-0.07140831,0.8444173336029053,0.025620320811867714,2.2552335,2.4566793
967,2.285076,0.011132266,-0.006524652,0.5697696805000305,0.06293735653162003,2.9013932,2.7365155
968,2.4400373,-0.017825177,-0.11870026,0.85,0.015010952949523926,2.0781615,2.6104698
969,2.188819,0.0938527,0.019211002,0.829426109790802,0.036867108196020126,4.210179,2.0843427
970,2.2625484,-0.021140555,-0.009951618,0.5896400213241577,0.042007774114608765,3.506844,1.86456
971,2.3006358,0.039641988,-0.0834672,0.85,0.05,3.0581584,2.3683295
972,2.2919483,0.087006494,-0.26469547,0.85,0.05,4.885966,1.8733554
973,2.2138872,0.044109806,-0.116608985,0.85,0.027141094207763672,4.9007635,1.8497843
974,2.264365,0.024257975,-0.12084984,0.85,0.05,4.1836996,1.7403748
975,2.3264444,0.110422045,-0.042591337,0.21938484907150269,0.07725697010755539,2.0145903,2.8586216
976,2.2864695,0.061706398,-0.16235843,0.8021458983421326,0.032315030694007874,3.5378432,1.8062177
977,2.173001,0.052571338,0.038982503,0.85,0.05,4.3330116,2.056506
978,2.2710814,0.089757085,-0.16526455,0.85,0.027836637571454048,3.9925802,2.4009335
979,2.3297071,0.032413267,-0.08892532,0.85,0.05,2.4873676,2.6518106
980,2.2657657,0.07793462,-0.13581243,0.7777455449104309,0.04568716138601303,3.9421911,1.8576732
981,2.3332548,0.15453029,-0.09578624,0.791093647480011,0.047959256917238235,2.1659615,2.5484605
982,2.3015838,0.115295075,-0.26287124,0.85,0.03334716707468033,4.1267247,2.4962492
983,2.2210248,-0.022462746,-0.094352864,0.8057844638824463,0.009048691019415855,5.129235,1.5250697
984,2.2722132,0.0844218,-0.217028,0.85,0.03830263018608093,4.5376544,2.1565819
985,2.160476,0.17830084,-0.26101983,0.85,0.023768702521920204,6.1928535,1.237787
986,2.2809415,0.07414638,-0.0607347,0.8305214643478394,0.022008981555700302,2.879052,2.4758925
987,2.3479164,0.06410769,-0.07437264,0.85,0.0036091834772378206,2.298476,2.4492996
988,2.3123674,0.09042428,-0.10156011,0.8428444266319275,0.05188709497451782,2.540607,2.6855202
989,2.1672084,0.14050454,-0.09276094,0.8132521510124207,0.041384123265743256,4.554539,1.9618981
990,2.3858395,0.09157567,-0.07268199,0.85,0.03285376727581024,2.0276542,2.44827
991,2.3015924,0.10593558,-0.065305464,0.6591679453849792,0.03453151881694794,2.2814813,2.1938977
992,2.3699973,0.05292986,-0.27094823,0.85,0.026666810736060143,3.4778974,2.592508
993,2.3039007,0.15232092,-0.14217253,0.8320205807685852,0.0356929637491703,2.4524672,2.513474
994,2.2830267,0.073763326,-0.1940832,0.85,0.05,4.085376,1.8463123
995,2.2765698,0.0631709,-0.06972582,0.71406489610672,0.001282019424252212,3.4056256,2.2237804
996,2.256968,0.120008685,-0.14053978,0.85,0.05,3.4170103,1.9983475
997,2.3020587,0.056435756,-0.09515031,0.8169273138046265,0.06027471274137497,3.0604663,2.6571176
998,2.2965395,0.06252093,0.01880056,0.8445103764533997,0.04335265979170799,2.4324765,2.3946671
999,2.2796373,0.08417028,-0.1290779,0.5830284953117371,0.023146847262978554,2.9253783,2.4194744
1000,2.3006067,0.022495395,-0.062436085,0.85,0.03418520838022232,3.211688,2.0762427
1001,2.2949364,0.17832991,-0.040463265,0.7671437859535217,0.054251305758953094,2.239129,2.8119993
1002,2.208753,0.11584928,-0.06950276,0.85,0.00492471968755126,4.33601,2.0315497
1003,2.3605206,0.08026183,-0.067417644,0.4601186513900757,0.09055597335100174,2.3615556,2.7281306
1004,2.2709625,0.113384925,-0.06611084,0.85,0.013253574259579182,2.5675569,2.8312485
1005,2.2907047,0.063018166,-0.13228875,0.85,0.05,3.609863,2.1557672
1006,2.1927164,0.076208025,-0.059647493,0.7158508896827698,0.05,3.8231368,1.8002933
1007,2.3413374,0.026472664,-0.09005116,0.85,0.05,2.582545,2.62513
1008,2.1496813,0.118935496,-0.093096636,0.8177728652954102,0.0272133219987154,5.178415,1.696025
1009,2.3188093,0.06463085,-0.12315257,0.85,0.022838829085230827,2.6900358,2.5725646
1010,2.301851,0.11738555,-0.21312158,0.8316677808761597,0.03459237888455391,3.311965,1.8710954
1011,2.284535,0.082274534,-0.07197422,0.8454196453094482,0.03588898852467537,2.933697,2.30502
1012,2.3318212,0.12085426,-0.29503834,0.85,0.031140483915805817,3.882217,2.4209425
1013,2.2505436,0.1621301,-0.24041541,0.8292627930641174,0.06846605241298676,4.4588513,2.8285747
1014,2.3349476,0.110073335,-0.20208539,0.85,0.05,2.8275046,2.6146505
1015,2.2888777,0.11581441,-0.18661638,0.85,0.05,3.279232,2.2587237
1016,2.3334966,0.08566634,-0.18436676,0.85,0.05,3.0458422,2.5694482
1017,2.2991035,0.06352935,-0.23814978,0.5415754318237305,0.03236012160778046,4.5445356,2.1653154
1018,2.2773159,0.06395418,-0.13698612,0.85,0.005721711087971926,3.3384109,2.162445
1019,2.2953122,0.07968177,-0.11036954,0.85,0.05,3.1734715,2.7347167
1020,2.3062444,0.049357686,-0.053060044,0.85,0.05,2.4676552,2.790584
1021,2.2983415,0.08016054,-0.11488737,0.5365502834320068,0.05,2.7351282,2.8097985
1022,2.287442,0.074917585,-0.22128874,0.85,0.05,4.374077,2.0216427
1023,2.2152631,0.08838836,-0.14649491,0.6519559621810913,0.08919203281402588,4.2237973,2.846412
1024,2.3180122,0.05871382,-0.18511826,0.85,0.05,3.4494665,2.187788
1025,2.354268,0.051600892,-0.15552843,0.7761306762695312,0.05,2.3165317,2.5140605
1026,2.2943416,0.0942155,-0.0936372,0.710034966468811,0.05,3.0550022,2.2246213
1027,2.2856672,0.10384123,-0.19984722,0.85,0.01844072714447975,3.9763427,2.3729737
1028,2.3591259,0.034067247,-0.057519317,0.8079960346221924,0.05502481013536453,2.3332598,2.6052651
1029,2.3420112,0.09575483,-0.20043036,0.85,0.05,2.9850428,2.6606765
1030,2.235197,0.18116708,-0.20950449,0.738000750541687,0.06364278495311737,4.7512274,2.58223
1031,2.268353,0.029186275,-0.12917231,0.8442007303237915,0.05,4.1500807,1.7372352
1032,2.2541628,0.08939653,-0.18309599,0.85,0.05,4.5189023,2.1873026
1033,2.2691827,0.08189558,-0.05840093,0.85,0.041442763060331345,3.4683695,2.578597
1034,2.2734203,0.12558202,-0.08063589,0.85,0.048496708273887634,2.6141074,2.735081
1035,2.3489163,0.07941837,-0.051485606,0.43316179513931274,0.05,2.1158009,2.7556596
1036,2.4073458,0.0016150485,-0.028526975,0.36009860038757324,0.059696633368730545,2.0421634,2.7309823
1037,2.1721985,0.19897068,-0.31392446,0.799716055393219,0.03553996607661247,6.0622845,1.536297
1038,2.2788322,0.06448745,-0.07468505,0.85,0.05,2.950606,2.3786972
1039,2.2048695,0.10906485,-0.036829513,0.85,0.05,4.124038,2.1477983
1040,2.2393413,0.065889254,-0.08713188,0.6039453148841858,0.03892485052347183,4.0296,1.9129869
1041,2.246653,0.074749276,-0.014437966,0.8314087390899658,0.017553390935063362,3.378205,2.6107128
1042,2.3557427,0.019837927,-0.16778316,0.6999267339706421,0.04763675853610039,3.2672935,2.4776068
1043,2.1279924,0.14715733,-0.04361889,0.835972785949707,0.040568526834249496,5.0514417,1.5956426
1044,2.2549996,0.055809226,-0.0813473,0.8000144958496094,0.013074836693704128,3.7469008,2.3190813
1045,2.2048047,0.04876964,-0.0239274,0.85,0.006425278261303902,4.1053605,1.689475
1046,2.210411,0.0949431,-0.0888963,0.8186623454093933,0.056045763194561005,4.720032,2.122688
1047,2.226257,0.13222796,-0.2023355,0.85,0.05,4.2838364,1.936374
1048,2.292547,0.118584916,-0.17911299,0.85,0.030664080753922462,3.4484384,2.2388432
1049,2.2698045,0.14906496,-0.07926463,0.7407833337783813,0.044426072388887405,2.7435675,2.275371
1050,2.299385,0.12804675,-0.14734896,0.827417254447937,0.06143724545836449,2.9962802,2.6213737
1051,2.2165048,0.09423418,-0.1556526,0.7983061075210571,0.009605919942259789,5.285288,1.7419157
1052,2.2481086,0.08524535,-0.069035165,0.8126754760742188,0.03162514790892601,3.879446,2.5633907
1053,2.167769,0.11115381,-0.07400544,0.85,0.05,4.5631437,1.603963
1054,2.25783,0.08812303,-0.17389232,0.8111428618431091,0.04536454752087593,4.7533574,1.9698399
1055,2.2540843,0.12350269,-0.12480202,0.85,0.007293609902262688,3.3852034,2.5158439
1056,2.309778,0.096681766,-0.16746584,0.790244996547699,0.03172311186790466,2.6872225,2.6137807
1057,2.1965616,0.11945932,-0.06968592,0.85,0.05,4.140709,2.2203436
1058,2.1962001,0.11575882,-0.103658855,0.85,0.020381053909659386,4.656093,2.2119765
1059,2.2666233,0.06717099,-0.263628,0.85,0.05,4.888868,1.6280284
1060,2.2856164,0.047489434,-0.07738964,0.8325899839401245,0.05,3.0933867,2.503858
1061,2.258762,0.06771666,0.0018307104,0.5387077331542969,0.07895297557115555,3.0207705,2.3672981
1062,2.2344306,0.07542988,0.017742505,0.835675060749054,0.024365302175283432,3.0402796,2.1705375
1063,2.2918587,0.099777915,-0.16537473,0.8174026608467102,0.056922219693660736,3.8087933,2.2574458
1064,2.2859902,0.0891929,-0.12526388,0.8279772400856018,0.04740554094314575,3.4712403,2.2802856
1065,2.248259,0.14372405,-0.066735916,0.8167951703071594,0.033470604568719864,2.8719268,2.6537058
1066,2.218501,0.15766649,-0.19288383,0.8350626826286316,0.03322790563106537,4.3439436,1.8373169
1067,2.3118637,0.07453215,-0.16496448,0.85,0.05,2.6257546,2.5072823
1068,2.3135142,0.049250282,-0.27283815,0.85,0.03492193669080734,4.5370317,1.9355247
1069,2.201706,0.114297695,-0.094714396,0.85,0.005659096874296665,4.4629846,1.8751658
1070,2.251785,0.08267983,-0.11002124,0.8139306902885437,0.07182830572128296,3.8241508,2.7625625
1071,2.2362597,0.028300935,-0.06773932,0.7830818295478821,0.05,3.9735987,1.6689581
1072,2.2451444,0.083682954,-0.109854415,0.85,0.0292375311255455,4.431453,2.1944728
1073,2.2653394,0.037107885,0.002291481,0.85,0.05,2.9340193,2.5586462
1074,2.1382298,0.06485206,-0.05387494,0.85,0.05,4.9340987,1.4051745
1075,2.3113728,0.08332994,-0.07062388,0.7322738766670227,0.056605033576488495,2.674059,2.1021233
1076,2.2828484,0.097865246,-0.20260404,0.85,0.03342367336153984,4.2679996,2.3410363
1077,2.209717,0.14426461,-0.15644823,0.85,0.05,4.3266363,1.8388445
1078,2.311151,0.07865315,-0.12096678,0.8209788799285889,0.05,3.1134791,2.2422721
1079,2.24924,0.06545218,-0.18478744,0.85,0.05,4.3315244,1.897133
1080,2.254348,0.06308673,-0.13535534,0.85,0.05,4.493966,2.0109794
1081,2.1529105,0.15050076,-0.099815235,0.8002597093582153,0.04748779162764549,4.950779,1.5303435
1082,2.2534442,0.050935164,-0.008010178,0.8340311646461487,0.04477371275424957,3.2008328,2.3491383
1083,2.3224547,0.10180124,-0.12620148,0.8115968704223633,0.05424204096198082,2.63213,2.8864107
1084,2.2441294,0.094561875,-0.14222763,0.85,0.05,3.7434247,2.151338
1085,2.2355015,0.14347032,-0.18440928,0.85,0.006213512271642685,4.478701,1.8748945
1086,2.3723948,0.041289214,-0.05046725,0.42038968205451965,0.048901669681072235,2.1758854,2.853873
1087,2.2744713,0.03822042,-0.13405927,0.85,0.022609196603298187,4.053301,2.102774
1088,2.3282428,0.00030234907,-0.06218295,0.5380322933197021,0.062154728919267654,2.7989147,2.2378192
1089,2.3059995,0.06740004,-0.24586283,0.85,0.032829415053129196,4.5353956,2.2489078
1090,2.2381692,0.10412329,-0.029479884,0.85,0.05,3.1826606,2.540925
1091,2.2846081,0.062269673,-0.18190396,0.85,0.05,3.9595392,2.0501566
1092,2.0639238,0.12419208,-0.04140134,0.8300539255142212,0.01764674298465252,6.790751,1.1886623
1093,2.2800083,0.10776637,-0.15003562,0.85,0.05,3.642489,2.0998483
1094,2.1764257,0.11340793,0.034756094,0.8122196197509766,0.023462938144803047,4.128831,2.1290953
1095,2.247606,0.09962779,-0.28952983,0.8076334595680237,0.05,5.094057,1.3199217
1096,2.1680377,0.17500436,-0.02293865,0.6197622418403625,0.021289458498358727,3.7011628,1.9496217
1097,2.339197,-0.00033259077,-0.023738327,0.7579225897789001,0.0421978160738945,2.754596,2.218486
1098,2.4157124,0.03051426,-0.13905224,0.6940283179283142,0.048151273280382156,2.2328994,2.510073
1099,2.3657591,0.0898953,-0.04866514,0.38029229640960693,0.04693948104977608,1.9973937,2.605911
1100,2.1609423,0.049675338,-0.027775936,0.85,0.05,5.0537977,1.6876949
1101,2.278636,0.09029319,-0.14884114,0.85,0.010199491865932941,3.4899237,2.1824353
1102,2.3106816,0.07855782,-0.18202084,0.7999361753463745,0.06911098957061768,3.3545105,2.631447
1103,2.2573884,0.11932438,-0.19368583,0.85,0.05,4.4713655,1.8803092
1104,2.3011878,0.112971514,-0.1243932,0.7053782939910889,0.02434328943490982,2.6743078,2.6499605
1105,2.25362,0.024225242,-0.14394747,0.85,0.0029457530472427607,4.683656,1.986795
1106,2.3483694,-0.013018864,-0.21998714,0.85,0.05,3.9549754,2.0774982
1107,2.1734653,0.1310707,-0.14352676,0.85,0.05,5.204853,2.028277
1108,2.2360704,0.10942385,-0.18844426,0.8359667658805847,0.05349290370941162,5.09717,2.223934
1109,2.296361,0.05192465,-0.11628606,0.7082262635231018,0.03523066267371178,3.007321,2.6345012
1110,2.322056,0.07767933,-0.17201112,0.85,0.05,2.882321,2.6097279
1111,2.2760704,0.10115724,-0.027179806,0.6914620995521545,0.010572027415037155,2.4960368,2.4340148
1112,2.2839153,0.09358145,-0.19243373,0.85,0.023464156314730644,4.3990808,1.9098465
1113,2.2183895,0.047483616,-0.02584487,0.85,0.05,4.174636,2.3484726
1114,2.213614,0.12270762,-0.033924554,0.85,0.05,3.1197722,2.2539506
1115,2.2853646,0.10264241,-0.17933483,0.85,0.028303276747465134,4.011693,2.2400324
1116,2.2645466,0.056896735,-0.11063224,0.85,0.02267991378903389,3.5674055,2.5719156
1117,2.2127407,0.10242013,-0.0064325854,0.85,0.05,3.1389418,2.8811715
1118,2.2405841,0.07242833,-0.06627496,0.85,0.040752168744802475,4.084071,2.0119126
1119,2.316995,0.09159337,-0.078786075,0.6110698580741882,0.061879318207502365,2.5725882,2.7455108
1120,2.1950562,0.13618551,-0.20751818,0.85,0.05,5.5560555,1.5329033
1121,2.1304505,0.090815134,-0.03727157,0.85,0.020580243319272995,5.0557847,1.7297189
1122,2.2255914,0.17702459,-0.19926165,0.85,0.011400558985769749,4.730087,1.849668
1123,2.3315911,0.020557191,-0.20795588,0.85,0.05,3.4591389,2.3994565
1124,2.1908724,0.19000736,-0.18302402,0.8145632743835449,0.05,4.9640193,1.8140873
1125,2.2052963,0.12076945,-0.13199633,0.85,0.017602618783712387,4.538461,2.0026727
1126,2.303987,0.050735623,-0.10220574,0.8411829471588135,0.026188122108578682,3.079654,2.2058764
1127,2.4395492,0.030600876,-0.23120996,0.8093303442001343,0.016743678599596024,2.178705,2.1476912
1128,2.2850246,0.047617458,-0.15510796,0.8471605181694031,0.029445230960845947,3.6937454,2.4611244
1129,2.2444468,0.07789523,-0.06042705,0.85,0.027117328718304634,3.3165965,2.6556022
1130,2.3502157,0.0053143143,-0.2363117,0.85,0.020088069140911102,3.4820247,2.2117467
1131,2.3449767,0.02186861,-0.14078324,0.8313074111938477,0.04434362053871155,2.7029307,2.397541
1132,2.2631228,-0.015728205,-0.00954778,0.85,0.05,3.4638152,2.207247
1133,2.3033235,0.10623419,-0.10740064,0.85,0.05,2.5448353,2.7402196
1134,2.3452642,0.04066941,-0.13630654,0.85,0.03649580106139183,2.7663045,2.7573423
1135,2.3034542,0.026842155,-0.06438592,0.6566272377967834,0.05,2.987595,2.183378
1136,2.3415513,0.08807223,-0.05845249,0.7567523717880249,0.03215249255299568,2.0868065,2.592574
1137,2.310234,0.028193597,-0.049078077,0.85,0.05,2.7196774,2.7030942
1138,2.3055377,0.023658467,-0.018036315,0.85,0.017492996528744698,2.6079261,2.4399576
1139,2.3204253,0.027206706,-0.24011894,0.85,0.043823838233947754,4.542559,2.2018902
1140,2.3412626,-0.0021362083,-0.120934196,0.7959417700767517,0.03240913152694702,2.6840847,2.7098234
1141,2.2459133,0.124693565,-0.19819565,0.85,0.05,4.3421817,1.7505318
1142,2.1839538,0.06206266,-0.0406965,0.85,0.05,4.558134,1.5714397
1143,2.2875555,0.1070012,-0.11003178,0.7141000032424927,0.009224500507116318,3.0340047,2.3183308
1144,2.207487,0.124182224,-0.06651697,0.85,0.05,3.6211064,1.9428394
1145,2.2810779,0.13505515,-0.24732886,0.85,0.027947749942541122,4.107929,2.5086546
1146,2.2852848,0.09686722,-0.07377497,0.85,0.05,3.0520391,2.1570103
1147,2.338955,0.055020303,-0.024375774,0.37227436900138855,0.05705123022198677,2.0661428,2.2546039
1148,2.4105477,0.08107906,-0.11063671,0.8389398455619812,0.04824504628777504,2.0093362,2.8540318
1149,2.2940278,0.07653991,-0.09662279,0.8303216099739075,0.04581422358751297,2.9433193,2.4228973
1150,2.3333051,0.021844566,-0.037137046,0.8324710130691528,0.04039977490901947,2.260866,2.5126982
1151,2.2711792,0.059547264,-0.15998234,0.85,0.05,4.007144,2.142919
1152,2.307799,0.1469288,-0.22107206,0.85,0.03073868528008461,3.3758981,2.6757112
1153,2.2847157,0.02497653,-0.072332636,0.8239542841911316,0.02940870076417923,3.261413,2.3404312
1154,2.2681413,0.119315535,-0.121312864,0.85,0.05,3.171621,2.223047
1155,2.3426468,0.06636608,-0.273238,0.85,0.03839698061347008,3.8352551,2.6097555
1156,2.2167451,0.08165283,-0.08425424,0.829230785369873,0.036837656050920486,4.352571,1.8708293
1157,2.2921762,0.018174592,0.046723407,0.3172200620174408,0.05618304759263992,2.6321352,2.070166
1158,2.3441052,-0.0018126772,-0.117250055,0.85,0.02712566778063774,3.2482545,2.0851412
1159,2.2213824,0.09754216,-0.25155878,0.85,0.05,5.6810985,1.8127764
1160,2.1966796,0.124802686,-0.2734518,0.47841793298721313,0.07103684544563293,6.0406284,1.6573918
1161,2.310846,0.097462855,-0.1633637,0.6347349882125854,0.04758964106440544,3.4279463,2.4074562
1162,2.311064,0.036871817,-0.20653537,0.85,0.04437772557139397,3.8124156,2.416902
1163,2.3341107,0.04317731,-0.3323014,0.85,0.05,4.7374578,1.6841116
1164,2.2896876,0.077277035,-0.012525549,0.5590386390686035,0.06442109495401382,2.5658557,2.3876715
1165,2.347302,0.07532484,-0.1892439,0.8026383519172668,0.030328502878546715,2.958837,2.4150755
1166,2.2882588,0.06285142,-0.05592334,0.7310160398483276,0.05,2.8999345,2.2014825
1167,2.3499916,0.08687553,-0.1524768,0.7818851470947266,0.01173569168895483,2.5041084,2.6524427
1168,2.234332,0.1034792,-0.23631357,0.85,0.05,5.154914,1.6973325
1169,2.249775,0.12701742,-0.24442995,0.85,0.0309572946280241,4.5078015,2.6414285
1170,2.2711647,0.12956706,-0.25463635,0.85,0.03153075650334358,4.890757,1.9804738
1171,2.3652215,0.024420112,-0.06689401,0.44706183671951294,0.019167667254805565,2.4426205,2.6462827
1172,2.40553,0.009788015,-0.25602934,0.4670764207839966,0.0227992944419384,2.9269588,2.3964376
1173,2.2185144,0.08920892,-0.036500983,0.8457366228103638,0.010765325278043747,3.8888323,2.405727
1174,2.3343384,0.08197398,-0.12700476,0.8137925863265991,0.03242748603224754,2.4806368,2.3007824
1175,2.2058725,0.09722703,-0.15971315,0.85,0.03217257931828499,5.1540947,1.9680736
1176,2.3442168,0.02187893,-0.07773103,0.8437615036964417,0.024861756712198257,2.818464,2.5987759
1177,2.2357786,0.08658596,-0.10520057,0.802096426486969,0.028132779523730278,3.8897543,2.2062778
1178,2.304018,0.13798094,-0.06878138,0.7214260101318359,0.03123702108860016,2.2515647,2.6197228
1179,2.2005556,0.07869574,-0.05998049,0.85,0.05,4.4647527,1.8479239
1180,2.3003013,0.0031081971,-0.1368807,0.5407965183258057,0.0353451669216156,3.8240533,2.0659113
1181,2.3216171,0.03462302,-0.09805734,0.8228192925453186,0.05332070216536522,2.5764453,2.3883872
1182,2.2868044,0.07228994,0.12298408,0.7764244079589844,0.05777977779507637,2.2145882,2.654278
1183,2.4275522,-0.004489976,-0.16179599,0.5811079740524292,0.03809915482997894,2.4624524,2.487645
1184,2.3651674,0.02604458,-0.12808709,0.8089231252670288,0.05131945013999939,2.3440645,2.6266592
1185,2.2812295,0.063825846,-0.08659578,0.6928118467330933,0.04384368285536766,3.2286878,2.6175778
1186,2.3038886,0.0895276,-0.16677101,0.85,0.05,3.0646243,2.2568974
1187,2.3381686,0.045813225,-0.22188759,0.8252007365226746,0.054624397307634354,3.520794,2.1833792
1188,2.2833533,0.06689286,-0.063701406,0.346630334854126,0.03394227847456932,2.9104767,2.7975273
1189,2.3729727,0.07212894,-0.18963063,0.801113486289978,0.029481766745448112,2.402445,2.5288413
1190,2.3307223,0.032919973,-0.17338209,0.8081137537956238,0.05,3.0109868,2.166596
1191,2.1853378,0.048679326,-0.03736684,0.85,0.05,4.5436306,1.7105857
1192,2.4384792,0.032208752,-0.2872474,0.85,0.03521266579627991,2.6793318,2.5862353
1193,2.2247953,0.09901575,-0.032199334,0.85,0.05,3.4961827,2.2260258
1194,2.2644532,0.06256514,-0.062952906,0.8478978872299194,0.011454589664936066,3.4089134,2.4004583
1195,2.393292,0.02451345,-0.16643089,0.6673088669776917,0.038904909044504166,2.5246778,2.6012168
1196,2.250308,0.050118018,-0.12479551,0.85,0.05,4.407397,1.964237
1197,2.2597644,0.036920194,-0.023414135,0.7735978960990906,0.006377446465194225,3.3927379,1.9496084
1198,2.2067928,0.10083416,-0.16235475,0.85,0.05,4.458261,1.4138296
1199,2.2151322,0.12527275,-0.029275637,0.85,0.05,3.8012357,2.39663
1200,2.228841,0.16746868,-0.078779966,0.85,0.05,3.2194815,2.472756
1201,2.2141535,0.089516275,0.058621112,0.8193985819816589,0.05,2.9985902,2.5366232
1202,2.2519336,0.076210566,-0.09570462,0.8246660828590393,0.05,3.9070244,2.1065688
1203,2.2159438,0.08397444,-0.0628357,0.7877329587936401,0.05,4.0554132,1.7081853
1204,2.1502466,0.1724551,-0.13381425,0.7966872453689575,0.05,5.274593,1.7461711
1205,2.2588518,0.05236143,-0.054007154,0.8335446119308472,0.017081940546631813,3.0014415,2.4098606
1206,2.2891634,0.06354986,-0.09161814,0.85,0.05,3.2523246,2.3773367
1207,2.3608267,0.137776,-0.1358836,0.571029007434845,0.011921538040041924,2.1670482,2.558004
1208,2.238289,0.04454836,-0.092965014,0.5795367360115051,0.05,4.0995145,1.885242
1209,2.2798688,0.05343276,-0.18775348,0.85,0.05,4.4988675,2.0100224
1210,2.170736,0.14634572,-0.026809754,0.7666344046592712,0.05,4.063455,1.9621482
1211,2.2363622,0.075615704,-0.18574724,0.85,0.05,4.387186,1.6803908
1212,2.2672899,0.08273447,-0.08727427,0.85,0.031930238008499146,3.3783543,2.222998
1213,2.3978271,0.014407765,-0.053854946,0.35830533504486084,0.0523633137345314,2.2111735,2.1709087
1214,2.2599094,0.03278105,0.0089768255,0.825857400894165,0.010516214184463024,2.765898,2.3982396
1215,2.2855482,0.045419946,-0.04468926,0.5033684372901917,0.04070953279733658,2.6156385,2.1400037
1216,2.2626472,0.10369666,-0.07030035,0.85,0.05,3.1916416,2.772972
1217,2.32384,0.06410692,-0.06358364,0.85,0.05,2.7878594,2.5220397
1218,2.3061059,0.033719007,0.033475988,0.85,0.05,2.2768211,2.2985384
1219,2.2658408,0.0436342,-0.050121725,0.85,0.05,3.0920434,2.3402286
1220,2.249609,0.050124906,-0.16754673,0.6580362915992737,0.027619095519185066,4.563856,1.9562447
1221,2.225689,0.08582808,-0.16653313,0.85,0.04598299041390419,4.9130673,2.0354671
1222,2.1829948,0.109025575,-0.04680771,0.85,0.05,4.747778,1.5455351
1223,2.139501,0.10651951,-0.07274803,0.84339439868927,0.013830102048814297,4.983339,1.4688517
1224,2.2052057,0.10512305,-0.14857548,0.8208246231079102,0.044120222330093384,4.4678597,1.9426819
1225,2.1910734,0.1383624,-0.091900155,0.683582603931427,0.04711958020925522,4.3965554,2.3676152
1226,2.300195,-0.005859065,-0.11003699,0.8408530354499817,0.030492408201098442,3.6536038,1.7484928
1227,2.3041716,0.043176398,-0.10813712,0.85,0.02670486457645893,3.1574955,2.7069464
1228,2.3335562,0.05999544,-0.1547065,0.5075767040252686,0.06427168846130371,2.6094656,2.3173144
1229,2.3730893,0.061171357,-0.18511428,0.6148110628128052,0.062079910188913345,2.670648,2.5869462
1230,2.2623036,0.120985165,-0.08489237,0.85,0.05,3.1267104,2.122416
1231,2.290925,0.11193677,-0.10757274,0.6152245402336121,0.023350896313786507,2.564022,2.3010528
1232,2.275265,0.10822041,-0.25301638,0.85,0.05,4.7612634,2.0757377
1233,2.2586923,0.08164628,-0.09894611,0.85,0.05,3.8163855,2.1279182
1234,2.2425673,0.0675781,-0.12839632,0.8468637466430664,0.029359709471464157,4.802335,2.0691311
1235,2.2342792,0.053118583,-0.112126805,0.85,0.05,4.447844,1.7640053
1236,2.284343,0.14870372,-0.13080986,0.8286560773849487,0.0704946294426918,2.7762995,2.8605251
1237,2.3180869,0.051285185,-0.23595351,0.8471090793609619,0.05,4.329208,1.982508
1238,2.3482418,0.043752078,-0.14748311,0.85,0.029950575903058052,2.3272347,2.2530022
1239,2.2837722,0.039602187,-0.13912581,0.6805438995361328,0.05,3.785017,1.9738989
1240,2.2043998,0.13199933,-0.18093559,0.85,0.05,5.1335325,1.9877348
1241,2.241902,0.20152414,-0.18519552,0.85,0.05,4.214016,2.2676468
1242,2.322073,0.033712726,-0.038869884,0.85,0.027812793850898743,2.3985014,2.4291756
1243,2.188185,0.12358554,-0.065298535,0.843815267086029,0.05,4.0742617,2.6218135
1244,2.3564334,0.09662927,-0.16525176,0.85,0.02262536622583866,2.4524925,2.3518517
1245,2.3279574,0.08406173,-0.17758937,0.85,0.029616450890898705,2.874241,2.8428228
1246,2.1648731,0.05129862,-0.03378953,0.7987416982650757,0.009389257989823818,5.0958886,1.4969085
1247,2.266213,0.11848512,-0.24681677,0.85,0.05,4.6493225,1.8402228
1248,2.151031,0.114414826,-0.08565684,0.85,0.019983019679784775,5.1703744,1.69384
1249,2.370864,0.07688468,-0.2726714,0.8309435248374939,0.03997214883565903,2.7036338,2.547422
1250,2.2450926,0.07233587,-0.044332273,0.8346911072731018,0.05,3.3269823,2.2806807
1251,2.322021,0.11261962,-0.12194286,0.8227701783180237,0.050397053360939026,2.425952,2.707194
1252,2.2507362,0.12877005,-0.093831435,0.85,0.03021446242928505,3.3137593,2.5739856
1253,2.284109,0.06577256,-0.17233397,0.8249981999397278,0.057764045894145966,4.4614716,2.1753402
1254,2.3234334,0.07117409,-0.19619028,0.85,0.05,3.2449603,2.7212446
1255,2.2930212,0.07107858,-0.13020265,0.85,0.0330822616815567,3.3620875,2.716268
1256,2.3543413,0.021147788,-0.13803202,0.8104244470596313,0.03603649139404297,2.572799,2.8513198
1257,2.3725598,0.03480256,-0.054592237,0.21236155927181244,0.030473796650767326,2.0210826,2.5879965
1258,2.2215357,0.06642351,-0.13588849,0.85,0.019295165315270424,4.856061,2.0760443
1259,2.2871606,0.04098037,-0.08707029,0.8413273692131042,0.011962633579969406,3.3009646,2.3524282
1260,2.325336,0.031203747,-0.021518916,0.85,0.019151948392391205,2.3247585,2.5417619
1261,2.2936041,0.038684256,-0.0035738002,0.8038970828056335,0.03400719538331032,2.6981747,2.2510993
1262,2.3010814,0.066752955,-0.087186635,0.7221301198005676,0.03017180599272251,2.761527,2.5177581
1263,2.4223104,0.011662497,-0.1660364,0.2942158877849579,0.05773254856467247,2.6860042,2.2610261
1264,2.223795,0.10176797,-0.21527138,0.85,0.05,4.9796667,1.6118511
1265,2.3337052,0.013760342,-0.20646639,0.7903541326522827,0.032588981091976166,3.98707,2.1681576
1266,2.3941023,0.019579059,-0.21308777,0.8082855939865112,0.05585085600614548,2.5896368,2.8540998
1267,2.3160808,0.09233248,-0.09990675,0.85,0.02060621976852417,2.5976393,2.3573768
1268,2.2319613,0.11930963,-0.19513272,0.8239869475364685,0.05,4.7940025,1.7368256
1269,2.3752532,0.006703023,-0.14288421,0.85,0.0181674063205719,2.7234657,2.2896125
1270,2.3297665,0.0368256,-0.055594288,0.8181248307228088,0.05,2.632842,2.6393604
1271,2.3468096,0.043771822,-0.069278695,0.8333119750022888,0.05,2.4277663,2.4486656
1272,2.337569,0.08236248,-0.023579746,0.8295875191688538,0.03526390343904495,2.4286995,2.3257706
1273,2.3848503,0.05772515,-0.05749786,0.85,0.05,2.2662132,2.8225703
1274,2.2199996,0.14482014,-0.027113797,0.8117098212242126,0.05,3.2997086,2.3454077
1275,2.234769,0.060599357,-0.082777806,0.85,0.011724818497896194,3.961423,1.9022943
1276,2.2942963,0.02683027,-0.15100202,0.8287843465805054,0.05,4.3369584,2.1555424
1277,2.2613585,0.06549089,-0.041289367,0.8476031422615051,0.03716551139950752,3.3411963,2.3150907
1278,2.2163665,0.1036602,-0.12277715,0.816547155380249,0.05,4.5305696,2.0311031
1279,2.1415954,0.124432474,-0.07245378,0.8226500749588013,0.03134200721979141,4.9325533,1.4350094
1280,2.248904,0.044779863,-0.11827165,0.85,0.05,4.5988936,1.9480436
1281,2.3006923,0.029531175,-0.01545565,0.85,0.05,2.7510993,2.6942947
1282,2.2090554,0.07465051,-0.054908756,0.8001049757003784,0.01616557687520981,4.0402365,2.0748944
1283,2.2846842,0.09594548,-0.120458804,0.85,0.05,3.0346496,2.6908836
1284,2.2612534,0.049750227,-0.14823651,0.8033064603805542,0.05,4.110736,2.0871813
1285,2.3121488,0.096179344,-0.09907444,0.7023816108703613,0.033362798392772675,2.5571804,2.6542544
1286,2.212046,0.13751902,-0.12796953,0.8050363063812256,0.03273717314004898,3.9480743,2.7864375
1287,2.3095577,0.06879218,-0.08764241,0.8419264554977417,0.05,2.4796593,2.5316818
1288,2.2104115,0.13090417,-0.1415871,0.85,0.05,4.6527166,2.1203597
1289,2.3714197,0.0952352,-0.30844775,0.85,0.04153572395443916,3.380754,2.4668202
1290,2.2171128,0.11070526,-0.11068436,0.85,0.05,3.9813755,2.0611956
1291,2.3612173,0.032860532,-0.13668244,0.7736901044845581,0.04419998079538345,2.5646627,2.5274248
1292,2.3964677,0.035654373,-0.29345584,0.8096636533737183,0.04458342865109444,3.3472967,1.8101135
1293,2.317576,-0.019929113,-0.098046325,0.6856863498687744,0.07076828181743622,3.2399764,2.4801486
1294,2.2679913,0.09731057,-0.1302212,0.6224623918533325,0.042170654982328415,3.610158,2.275249
1295,2.306,0.1770202,-0.21796933,0.85,0.032718002796173096,3.1461856,2.6438854
1296,2.3239458,0.07643372,-0.28843626,0.85,0.03154716640710831,4.460884,2.42459
1297,2.3496556,0.024493873,-0.13479471,0.85,0.05,2.628906,2.4319277
1298,2.2707193,0.02058104,-0.052019045,0.85,0.05,3.7103488,1.9976856
1299,2.3153985,0.11126435,-0.16863328,0.85,0.021949609741568565,2.8372812,2.7497258
1300,2.3003178,0.10479116,-0.17908354,0.85,0.019955303519964218,3.1847527,2.497836
1301,2.2082727,0.13325894,-0.12674588,0.8158894181251526,0.027724286541342735,4.5001187,2.1553354
1302,2.2509215,0.08968454,-0.13328466,0.828774631023407,0.03508616238832474,3.4248168,2.0977142
1303,2.2971613,0.031075904,-0.21686792,0.85,0.021878182888031006,4.5048137,2.125289
1304,2.3138878,0.09112783,-0.18034488,0.85,0.010580445639789104,3.176894,2.1973205
1305,2.3988166,0.0026017337,-0.1994073,0.7618573307991028,0.07097946852445602,2.441882,2.8603115
1306,2.328594,0.07311418,-0.19979969,0.85,0.05,3.3162854,2.3449998
1307,2.269048,1.8308841e-05,-0.07633713,0.8195984363555908,0.054817888885736465,4.3190546,2.0806737
1308,2.2564635,0.035510857,-0.0820165,0.6919402480125427,0.046616919338703156,3.8346984,2.2196639
1309,2.192442,0.043694135,-0.047631253,0.5986918807029724,0.03667093813419342,4.1875696,1.7825186
1310,2.2804089,0.096205354,0.08041836,0.7119467258453369,0.04531976580619812,2.1419327,2.7937999
1311,2.303041,0.066956595,-0.07795391,0.85,0.016184452921152115,2.6914768,2.3951802
1312,2.2957404,0.10826032,-0.11274195,0.8168967962265015,0.013584906235337257,2.7226014,2.7620277
1313,2.2499268,0.0660178,0.10546229,0.6846790313720703,0.05690883472561836,2.9050012,2.3745847
1314,2.343432,0.06902434,-0.039373036,0.19151318073272705,0.07126199454069138,2.6864123,2.8254323
1315,2.2520413,0.055192206,-0.07967875,0.8322640061378479,0.05,3.8192074,2.2870312
1316,2.3066044,0.053881895,-0.14000876,0.8136003017425537,0.05,3.3856742,2.5567415
1317,2.2555037,0.13297945,-0.093871266,0.830176830291748,0.02996373176574707,3.3746512,2.6130278
1318,2.243391,0.08259319,-0.10522096,0.8483084440231323,0.010466398671269417,4.0461435,1.8689331
1319,2.3219059,0.10017388,-0.22629195,0.7321462035179138,0.03070094622671604,3.243629,1.877136
1320,2.1856234,0.0058172005,0.07170399,0.85,0.05,3.8649185,2.0745695
1321,2.2348,0.1444635,-0.18605267,0.85,0.05,4.4635177,1.9499787
1322,2.1894455,0.081832476,-0.15334994,0.85,0.05,4.718363,1.3998715
1323,2.1908097,0.10541241,-0.04907794,0.85,0.05,4.3301034,1.9159703
1324,2.269411,0.089948066,-0.13703822,0.85,0.05,4.1178064,2.4992414
1325,2.2671144,0.09180316,-0.16459452,0.8392287492752075,0.014767698012292385,4.0419188,1.8543934
1326,2.3631506,0.06851369,-0.23186761,0.85,0.01690065488219261,3.0930989,2.6909575
1327,2.2475278,0.041021895,-0.14802213,0.7173336744308472,0.04482150077819824,4.461571,2.0775597
1328,2.140935,0.16448087,-0.099896304,0.85,0.05,4.8591995,1.7870274
1329,2.252305,0.04190449,-0.12401135,0.828610897064209,0.0020656674169003963,4.1232452,1.8698883
1330,2.2797198,0.0908165,-0.2216028,0.85,0.0358012393116951,4.5091925,2.1459477
1331,2.3302553,0.06469643,-0.16261098,0.85,0.012386681511998177,2.9162705,2.1218755
1332,2.2582684,0.027567314,-0.03731159,0.85,0.02822585217654705,3.8664944,1.9963459
1333,2.2861874,0.054864887,-0.07944351,0.85,0.05,2.618705,2.181893
1334,2.1998374,0.08629852,-0.12720267,0.8201808929443359,0.007919279858469963,4.6444683,1.7356714
1335,2.255583,0.08252399,-0.081172004,0.8377936482429504,0.05,3.538314,2.6593316
1336,2.324466,0.077881865,-0.107501075,0.24605876207351685,0.04908151552081108,2.3850138,2.4740317
1337,2.3315334,-0.042177554,0.062329758,0.85,0.03289567306637764,2.646446,2.6065168
1338,2.3084602,0.03662673,-0.08382565,0.8471275568008423,0.03721281513571739,3.0416334,2.1857018
1339,2.260661,0.09319825,-0.09504619,0.85,0.05,3.4082983,2.2144685
1340,2.2666745,0.015379193,-0.09494251,0.8276011347770691,0.05,3.7930465,2.0411484
1341,2.2885695,0.060598966,-0.13906355,0.792471170425415,0.01536905113607645,3.2381895,2.1612868
1342,2.245576,0.14895862,-0.110321596,0.6938361525535583,0.0511290542781353,3.4891279,2.2873745
1343,2.3989325,-0.08081708,0.005775989,0.7972822785377502,0.05,2.3479712,2.2183347
1344,2.1881366,0.1150965,-0.1910879,0.85,0.03939969465136528,5.464189,1.5127807
1345,2.2444837,0.087369405,-0.12253735,0.7044821977615356,0.03458847105503082,4.0637126,2.119355
1346,2.3257318,0.15930453,-0.16969725,0.655870258808136,0.04602288827300072,2.6452768,2.4754891
1347,2.2222369,0.036268275,-0.02735024,0.8243817687034607,0.03774181753396988,4.103188,1.8876983
1348,2.2025054,0.11939423,-0.1278874,0.7758954167366028,0.06779485195875168,4.538682,1.924418
1349,2.2679138,0.07245544,-0.12533627,0.85,0.04284845292568207,3.5114625,2.5163794
1350,2.3215451,0.044235554,-0.0938283,0.85,0.010506807826459408,2.8494608,2.3859854
1351,2.2995996,0.0687766,-0.120587684,0.85,0.00567843159660697,3.244891,2.345836
1352,2.2307727,0.15628244,-0.18814775,0.85,0.05,4.118397,2.1935034
1353,2.316904,0.07782194,-0.19855969,0.8071542978286743,0.038714323192834854,3.3924494,2.7864618
1354,2.2582839,0.07823662,-0.0877941,0.8305791020393372,0.04431212693452835,3.3331568,2.3493707
1355,2.2460248,0.12795797,-0.07029139,0.5687017440795898,0.024180328473448753,2.7510855,2.6571262
1356,2.213987,0.078361884,0.053322155,0.8147827386856079,0.05,3.193661,2.2454288
1357,2.298623,0.09796047,-0.13182563,0.6963196992874146,0.03274906799197197,2.953342,2.578896
1358,2.2995663,0.011760217,-0.12666982,0.85,0.03516855463385582,3.486162,2.4387143
1359,2.283671,-0.022613475,-0.064195506,0.8215934634208679,0.05,3.8058965,1.8435899
1360,2.2710774,0.13639854,-0.14952561,0.8492823243141174,0.032672058790922165,3.1796834,2.7806048
1361,2.231051,0.08620166,-0.14428554,0.8422848582267761,0.05,4.559166,2.1020944
1362,2.1825862,0.12283098,-0.05003781,0.5998549461364746,0.05,4.3790064,1.6995634
1363,2.1778226,0.15546826,-0.016027136,0.8176215887069702,0.05,4.080713,1.969252
1364,2.1758404,0.124541774,-0.08454983,0.85,0.05,4.873445,2.0511098
1365,2.2492924,0.115787365,-0.046426814,0.85,0.05,3.1940804,2.7209117
1366,2.209541,0.11755088,-0.15853633,0.85,0.016125446185469627,5.117365,1.7954042
1367,2.2975805,0.103729166,-0.2207157,0.85,0.02518380433320999,3.4566767,2.186194
1368,2.1823494,0.14457469,-0.16623196,0.392478346824646,0.014795536175370216,5.8138704,1.7211826
1369,2.2036757,0.011751962,-0.026153361,0.85,0.004099016543477774,4.6334066,1.7112695
1370,2.2114494,0.047037136,-0.11999219,0.715957522392273,0.033686112612485886,4.8099236,1.5776101
1371,2.2000036,0.04986961,-0.05180334,0.85,0.05,4.3198233,1.9940665
1372,2.3454828,0.08217835,-0.13581085,0.85,0.05,2.608851,2.440319
1373,2.2913268,0.061524697,-0.14251205,0.8076809644699097,0.026535969227552414,3.7827256,2.320865
1374,2.3157713,0.096589535,-0.14286847,0.85,0.042624812573194504,2.8020136,2.380802
1375,2.2579129,0.08132946,-0.1609946,0.7993735074996948,0.05,4.0764794,1.8289278
1376,2.3656542,0.082305476,-0.1462356,0.6807730793952942,0.07683219015598297,2.5897822,2.65594
1377,2.3008776,0.037602033,-0.0073030167,0.85,0.0044222380965948105,2.3192804,2.5817344
1378,2.3140042,0.087274395,-0.13876516,0.85,0.023472517728805542,2.7089143,2.500954
1379,2.36537,0.048653953,-0.28774774,0.7801645994186401,0.0532221756875515,3.7943382,1.9898214
1380,2.3411608,0.119665414,-0.23520158,0.8356265425682068,0.05,2.9698346,2.3960974
1381,2.2222273,0.075947456,-0.036504503,0.6156073808670044,0.04762384295463562,4.003614,2.1503189
1382,2.3135996,0.01974231,-0.120141454,0.845909595489502,0.03479268401861191,3.1061726,2.3588212
1383,2.2247062,0.06276365,0.008410944,0.7461034059524536,0.026638999581336975,3.0794117,2.4196944
1384,2.2916977,0.04020768,-0.022021782,0.8373730182647705,0.05,2.7241492,2.3779786
1385,2.319145,0.008091465,-0.11232767,0.85,0.03281856328248978,3.131567,2.0246634
1386,2.236645,0.16895056,-0.30293208,0.8113623261451721,0.030307242646813393,5.677622,1.6884775
1387,2.2523985,0.04085042,-0.21110077,0.85,0.03506999835371971,5.5424824,1.7096808
1388,2.160417,0.07991389,-0.026102968,0.8184376358985901,0.05,4.704649,1.5936818
1389,2.2775714,0.066857696,-0.086656265,0.85,0.037884268909692764,3.4401093,2.556405
1390,2.3094933,0.046777315,-0.034601606,0.8269766569137573,0.028753681108355522,2.6149766,2.306709
1391,2.2735198,0.06453038,-0.09980332,0.85,0.020153317600488663,3.5065737,2.2793968
1392,2.3260913,0.08037753,-0.08800579,0.7059630751609802,0.05,2.0979464,2.1377063
1393,2.2980874,0.11817244,-0.15297046,0.7991026043891907,0.02191116288304329,2.7601311,2.301158
1394,2.3124092,0.047431108,-0.103564225,0.81736820936203,0.02168971113860607,2.7883954,2.7533474
1395,2.188375,0.055438314,0.02293636,0.85,0.05,3.9572017,2.1569953
1396,2.2247455,0.040774018,-0.063574314,0.8061959743499756,0.05,4.0799856,2.2331514
1397,2.2541041,0.11414118,-0.045104668,0.8332956433296204,0.03016331046819687,3.5313003,2.2586617
1398,2.3226986,0.06041058,-0.10669298,0.8470893502235413,0.035453859716653824,2.5732138,2.5605264
1399,2.1903067,0.09796244,0.047232613,0.8108371496200562,0.05,3.940434,2.0604537
1400,2.3079767,0.057378225,-0.07598296,0.5736628770828247,0.03987985849380493,2.741633,2.8151858
1401,2.3060262,0.07721699,-0.0852636,0.81122225522995,0.05,2.5940392,2.2828486
1402,2.2486868,0.06969381,-0.0008623805,0.8156946897506714,0.05,2.94871,2.1051228
1403,2.3790684,0.100200035,-0.119174734,0.3752174973487854,0.05144878849387169,2.1115718,2.461636
1404,2.2175546,0.15164238,-0.31353706,0.813040554523468,0.042467959225177765,5.806125,1.2115188
1405,2.3830462,0.0996101,-0.11332482,0.85,0.05,2.3674781,2.7250578
1406,2.1529908,0.112487264,-0.08089561,0.8277966976165771,0.035345353186130524,4.6055264,1.8405131
1407,2.1856828,0.07150782,-0.13764402,0.8186284899711609,0.04535242170095444,5.526735,1.3715398
1408,2.1379762,0.12438252,-0.109313704,0.8084344267845154,0.03839291259646416,5.7917557,1.4584204
1409,2.2281623,0.13541704,-0.015285306,0.6487187147140503,0.020274214446544647,2.7724452,2.5687523
1410,2.2069829,0.12717563,-0.09368413,0.8076450824737549,0.030331000685691833,4.032343,2.4765747
1411,2.2157862,0.13282159,-0.25320947,0.85,0.05,5.5725317,1.5285609
1412,2.25741,0.074003324,-0.011462098,0.8440739512443542,0.05431199446320534,3.330499,2.6688497
1413,2.36567,0.03284677,-0.08737155,0.18164269626140594,0.05,2.4330812,2.3408854
1414,2.3047879,-0.024755716,-0.02976185,0.7600283026695251,0.06629037857055664,3.0750668,2.875324
1415,2.2519143,0.17489687,-0.19578883,0.8071306943893433,0.03998652473092079,4.3878393,2.2823415
1416,2.297367,0.10187942,-0.13133216,0.8354018330574036,0.05,2.8775737,2.3181207
1417,2.2643087,0.1719956,-0.19647378,0.85,0.020019613206386566,3.594848,2.2259877
1418,2.3455422,0.07510976,-0.047815096,0.4194467067718506,0.0420512892305851,2.0379221,2.7412949
1419,2.3275676,0.03001922,-0.11445983,0.85,0.03236283361911774,2.7945838,2.5148551
1420,2.3616583,0.0986881,-0.13092656,0.3218739330768585,0.04239601641893387,2.0417755,2.7798605
1421,2.2959037,0.10080479,-0.17721458,0.8280215263366699,0.043102215975522995,3.1200094,2.1488495
1422,2.3483186,0.103897825,-0.19172353,0.8057250380516052,0.03444359824061394,2.599861,2.6114016
1423,2.405072,1.9909483e-05,-0.115286484,0.8098096251487732,0.06271888315677643,2.4075375,2.5326657
1424,2.213681,0.06645074,-0.26798683,0.830897867679596,0.08802486956119537,7.105015,1.8700012
1425,2.2110221,0.13544658,-0.12159096,0.8473458290100098,0.012706667184829712,4.533967,1.9987112
1426,2.3632195,0.020420708,-0.15704812,0.5773516893386841,0.041193652898073196,2.782349,2.4584548
1427,2.184623,0.034182318,0.13197036,0.8346714973449707,0.05,3.6649928,1.7493312
1428,2.2379315,0.052813467,-0.044037353,0.8350031971931458,0.013536372222006321,3.9559903,1.893692
1429,2.1434736,0.20084624,-0.17390338,0.85,0.05,5.609906,1.5624834
1430,2.2422814,0.11766534,-0.07072005,0.8451759815216064,0.049531448632478714,3.3890233,2.359681
1431,2.3861253,0.0787049,-0.05438636,0.11884882301092148,0.047245532274246216,2.047276,2.6431918
1432,2.2834265,0.10602432,-0.053791333,0.8471465110778809,0.027684422209858894,2.9476368,2.3296416
1433,2.2707374,0.036485974,-0.18634413,0.85,0.05,4.731299,1.6193485
1434,2.2657418,0.12427493,-0.10046886,0.85,0.05,3.1444542,2.5812263
1435,2.2410955,0.17157002,-0.18382762,0.85,0.02691606432199478,4.387237,2.5294302
1436,2.229127,0.08797373,-0.1081416,0.85,0.05,4.0615377,2.0538118
1437,2.2471817,0.0870174,-0.18226372,0.8124428987503052,0.03605380281805992,4.720004,1.7742684
1438,2.2398067,0.12726049,-0.16355178,0.8282057642936707,0.05,4.368732,2.1727746
1439,2.2890637,0.121090524,-0.22566773,0.85,0.009271001443266869,3.950309,2.054025
1440,2.1967313,0.09248708,-0.021988442,0.85,0.05,4.3220544,1.8108459
1441,2.1774197,0.10404544,-0.15932243,0.85,0.05,5.14046,1.6437726
1442,2.2187176,0.094704576,-0.04512647,0.6618629097938538,0.0684230700135231,3.7371597,2.6646588
1443,2.2959192,0.054310586,-0.10315513,0.834520161151886,0.012870429083704948,3.0041382,2.071727
1444,2.3108032,0.079002455,-0.12368484,0.3428591191768646,0.030542917549610138,2.7138543,2.672891
1445,2.236564,0.10951841,-0.07625067,0.85,0.05,3.816252,2.073199
1446,2.2994907,0.05072228,-0.11012761,0.7499115467071533,0.049722518771886826,3.08542,2.7860157
1447,2.330239,0.016516928,-0.06307591,0.2365787923336029,0.05,2.337762,2.5634274
1448,2.2633739,-0.034962233,-0.20411421,0.85,0.030969878658652306,5.3286896,2.0344398
1449,2.3314734,0.046638593,-0.055401474,0.8322409987449646,0.021085072308778763,2.6146667,2.218661
1450,2.20936,0.06056421,-0.05857535,0.7162677049636841,0.0014986316673457623,4.124247,1.6406983
1451,2.2413037,0.13165931,-0.117214166,0.8259864449501038,0.03844473883509636,3.6738033,1.9219155
1452,2.2818801,0.0853861,-0.106442474,0.85,0.05,3.670243,2.351571
1453,2.2370362,0.118124686,-0.23257534,0.6272962689399719,0.056664034724235535,4.743762,2.116595
1454,2.2206855,0.07152846,-0.12025738,0.85,0.02047009766101837,4.454187,1.9515234
1455,2.2599933,0.026668953,-0.06331263,0.7379245758056641,0.012910459190607071,3.3483856,2.4020066
1456,2.3069983,0.021194778,-0.03433481,0.31672728061676025,0.014083372429013252,2.5419273,2.8080883
1457,2.2445316,0.14383543,-0.093637764,0.8036960363388062,0.04903806746006012,3.5041413,1.9395424
1458,2.2502806,0.017335102,-0.123436674,0.85,0.05,4.594642,1.8371205
1459,2.3474636,0.09110928,-0.15027311,0.40080970525741577,0.07320069521665573,2.7758367,2.39511
1460,2.228569,0.13928992,-0.12063388,0.8177596926689148,0.03700336068868637,3.5921528,2.0928597
1461,2.3202496,0.12417711,-0.2026261,0.8347792625427246,0.04384174942970276,2.852128,2.8583128
1462,2.2457106,0.09027,-0.19267954,0.8160340189933777,0.07659249007701874,4.664519,2.332425
1463,2.2803383,0.059648816,-0.02929459,0.8422620296478271,0.05,2.434208,2.7763624
1464,2.268556,0.09401382,-0.12627201,0.85,0.031089186668395996,3.6403644,2.2801418
1465,2.2056015,0.1194504,-0.092798114,0.85,0.03945615887641907,4.5487,1.7699723
1466,2.2170954,0.002501081,-0.053229425,0.8153307437896729,0.05301675945520401,4.837262,1.8708738
1467,2.259142,0.07830952,0.016888162,0.85,0.05,2.5851364,2.2736866
1468,2.2794194,0.106966466,-0.10925835,0.85,0.05,2.8908885,2.6142974
1469,2.2612505,0.08246692,-0.09321351,0.7927566170692444,0.022445427253842354,3.4398947,2.2278109
1470,2.1791244,0.13218951,-0.14373289,0.848864734172821,0.021427929401397705,4.4865303,1.8516793
1471,2.2189064,0.10782126,-0.048016444,0.8477403521537781,0.05,3.8295968,1.8966639
1472,2.2469149,0.08308896,-0.13800667,0.8169699311256409,0.001998400315642357,4.181209,1.8798649
1473,2.2107286,0.11120152,-0.061934862,0.85,0.020573943853378296,4.3106995,2.074009
1474,2.2080884,0.10896578,-0.0876448,0.85,0.01793738082051277,4.273565,1.999137
1475,2.2691026,-0.00013421399,-0.08993535,0.6783933043479919,0.07638304680585861,3.804486,2.4046042
1476,2.2510958,0.025934389,0.063616775,0.1788184493780136,0.23068399727344513,3.9751682,2.8530827
1477,2.2840343,0.07557076,-0.030221157,0.780952513217926,0.03196132555603981,2.558249,2.8001947
1478,2.2877724,0.087754264,-0.30017838,0.85,0.03043084591627121,5.121274,1.844052
1479,2.1741278,0.08698473,-0.04940122,0.8277568817138672,0.013677442446351051,4.281218,1.7371335
1480,2.4669206,-0.00012854234,-0.124494806,0.16798588633537292,0.0685228705406189,2.0298927,2.8185887
1481,2.3417215,0.077088855,-0.005958129,0.6241686344146729,0.05528757721185684,2.1484141,2.2396858
1482,2.2388294,0.02296395,-0.07959695,0.5500217080116272,0.04125336930155754,4.0156975,2.241025
1483,2.2633274,0.027887877,-0.07894867,0.8283663988113403,0.025616111233830452,3.9634748,1.9346931
1484,2.3658295,0.022783797,-0.23711236,0.85,0.05,3.1786137,2.2357407
1485,2.325258,0.023590682,-0.08400012,0.85,0.05,2.5250611,2.675445
1486,2.2684069,0.05943949,-0.039318856,0.85,0.05,2.7717147,2.42449
1487,2.3030045,0.12282344,-0.25470832,0.85,0.05,4.137428,2.3728342
1488,2.403583,0.00021355116,-0.29582873,0.85,0.027986669912934303,3.455892,2.3822978
1489,2.2084022,0.1359572,-0.12311555,0.85,0.05,4.58543,1.8569391
1490,2.2478244,0.104019955,-0.19089551,0.85,0.05,4.743916,1.9325464
1491,2.2761676,0.06553961,-0.11091473,0.8281729817390442,0.03601520508527756,3.651151,2.3919213
1492,2.268895,0.072323434,-0.15084215,0.85,0.05,3.9375384,2.4824193
1493,2.2783287,0.07653316,-0.19576001,0.85,0.006094289943575859,4.6248064,2.0165648
1494,2.144841,0.10167926,-0.07536084,0.8286552429199219,0.043892256915569305,5.0467176,1.9260278
1495,2.2623017,0.066605076,-0.012661499,0.8439255356788635,0.03724725916981697,2.8843098,2.4065752
1496,2.327176,0.0756211,-0.054789443,0.8393039107322693,0.05,2.472459,2.6113842
1497,2.2393298,0.07289225,-0.1769422,0.8227567076683044,0.060086850076913834,5.184241,2.387538
1498,2.3737118,0.07839047,0.0058303345,0.7972541451454163,0.033229559659957886,2.1541507,2.712548
1499,2.3600087,0.022395711,-0.18046825,0.6936988830566406,0.039877746254205704,3.359962,2.351876
1500,2.3249218,0.19420946,-0.16064404,0.4893304407596588,0.04760199785232544,2.0580425,2.8274105
1501,2.343171,0.059516493,-0.08588151,0.8257099390029907,0.027086755260825157,2.351247,2.129861
1502,2.3366833,0.009786662,-0.010775465,0.85,0.04526496306061745,2.513946,2.6308696
1503,2.1774058,0.10476347,-0.04391664,0.85,0.05,4.7192636,1.9543998
1504,2.2758832,0.10348097,-0.23460642,0.7114850878715515,0.08913245797157288,3.9837842,2.0947144
1505,2.3155541,0.05801991,-0.2762908,0.85,0.05,4.1915207,1.7938381
1506,2.315216,0.046071816,-0.13951321,0.8300862908363342,0.030728377401828766,3.1202016,2.5434725
1507,2.2253351,0.12124093,-0.1229633,0.7055751085281372,0.09454422444105148,4.187606,2.5773757
1508,2.2717824,0.007476918,-0.020995071,0.8249512910842896,0.02941594459116459,3.8628173,2.127727
1509,2.2870805,0.061174907,-0.1338517,0.7862336039543152,0.02794063463807106,3.3468843,2.3192005
1510,2.246211,0.06266704,-0.15282863,0.8460453152656555,0.05,4.2009974,1.5917661
1511,2.4032817,0.016267141,-0.16800627,0.6351279020309448,0.009315927512943745,2.5417664,2.5379176
1512,2.267882,0.06395703,-0.10162317,0.85,0.05,3.5842981,2.2667255
1513,2.355866,0.12354593,-0.29842958,0.7112916111946106,0.06175105646252632,3.2909608,2.5368717
1514,2.345593,0.04234239,-0.14231491,0.5736714005470276,0.02316437102854252,2.5306168,2.421157
1515,2.3665762,0.06179281,-0.02102762,0.7915815114974976,0.06214950606226921,2.3182688,2.315433
1516,2.3414972,0.07681388,-0.24355976,0.8230600357055664,0.04425593093037605,3.3081646,2.7558377
1517,2.264331,0.06245806,-0.12748896,0.8454353213310242,0.03486654534935951,3.6380832,2.4965916
1518,2.284623,0.055025972,0.001537637,0.7642728090286255,0.05,2.8152199,1.9695354
1519,2.3032987,-0.03213556,-0.11038182,0.8299859762191772,0.018204079940915108,3.6571226,1.8154746
1520,2.2684996,0.21313003,-0.3091414,0.8302779793739319,0.049505479633808136,4.8833942,2.7351763
1521,2.2946854,0.05274566,-0.27330172,0.85,0.028402220457792282,4.6439047,2.0444138
1522,2.2533677,0.102879904,-0.06270031,0.8300241231918335,0.05,3.2468605,2.1724002
1523,2.225121,-0.001111112,0.058876052,0.8098101615905762,0.021570244804024696,3.9147167,1.8458935
1524,2.2687402,0.070953555,-0.0611515,0.258075088262558,0.044742800295352936,2.8458278,2.0825188
1525,2.2280014,0.14611208,-0.102644876,0.85,0.05,3.8488903,1.9848388
1526,2.333998,0.025193842,-0.08326317,0.5817320346832275,0.06644784659147263,2.7490084,2.8496718
1527,2.2732177,0.070100784,-0.022346905,0.85,0.05,2.610602,2.53696
1528,2.1966555,0.09770944,-0.14669117,0.85,0.05,4.6272106,1.6599554
1529,2.3098738,0.054687336,-0.15972012,0.8299952745437622,0.029720548540353775,3.060248,2.2833872
1530,2.2385917,0.03371562,-0.010318636,0.85,0.05,2.805394,2.5439816
1531,2.321921,0.07134581,-0.07081067,0.7425742149353027,0.053497299551963806,2.6308296,2.501095
1532,2.364065,0.03192752,-0.10392726,0.85,0.05,2.3937957,2.6396298
1533,2.3085263,0.08584842,-0.102016486,0.47323882579803467,0.04733089357614517,2.4542189,2.116909
1534,2.255715,0.09680001,-0.104427196,0.85,0.029884660616517067,3.3552072,1.9976012
1535,2.290534,0.03341629,-0.08118966,0.8236027359962463,0.03370003029704094,3.630226,2.2448082
1536,2.2378953,0.16527373,-0.19360505,0.85,0.024807158857584,4.201615,2.1048045
1537,2.2384176,0.12336063,-0.16319191,0.85,0.05,4.512945,1.7922322
1538,2.1709502,0.04131565,-0.036482364,0.7823828458786011,0.05,4.485509,1.656235
1539,2.3438556,0.06450157,-0.10678351,0.50809645652771,0.057382818311452866,2.6761816,2.3495097
1540,2.248724,0.041362055,0.029736852,0.8417839407920837,0.027676204219460487,2.8132756,2.2653286
1541,2.3033884,0.047102112,-0.17583525,0.85,0.01839800737798214,3.6625278,2.259417
1542,2.3903306,0.053247966,-0.11453956,0.5434200167655945,0.06374483555555344,2.3778994,2.5426946
1543,2.3218112,0.085864656,-0.3076199,0.85,0.03605722263455391,4.4123783,2.0108433
1544,2.2313993,0.10753311,-0.13587211,0.8244336247444153,0.04018861800432205,4.245652,1.9688048
1545,2.3481548,0.031677924,-0.060520966,0.7162940502166748,0.0342414528131485,2.5728514,2.408473
1546,2.3283162,0.06581622,-0.20193273,0.85,0.05,3.0706491,2.3048255
1547,2.242259,0.11104343,-0.11397349,0.85,0.006570607889443636,3.8124611,2.0568717
1548,2.299518,0.076322675,-0.1321885,0.6634762287139893,0.07113407552242279,3.0765214,2.8766503
1549,2.2227182,0.11928368,-0.0895806,0.8483526706695557,0.033056434243917465,3.5928898,2.4854066
1550,2.300884,0.06894921,-0.112151556,0.85,0.05,2.8186297,2.2735286
1551,2.1911805,0.12993434,-0.1426721,0.8371834754943848,0.009624846279621124,4.409787,1.9029329
1552,2.2289226,0.1397336,-0.12146315,0.8471043109893799,0.04210485517978668,4.126964,2.4194987
1553,2.229224,0.08401119,-0.18950361,0.85,0.05,4.9221625,1.4651728
1554,2.2442589,0.12968922,-0.20101397,0.85,0.012320000678300858,4.7035017,2.147768
1555,2.3157773,0.07188933,-0.21415535,0.85,0.05,3.5358255,2.3656378
1556,2.160341,0.19542482,-0.14270805,0.85,0.05,4.992864,1.8217258
1557,2.2680995,0.10579636,0.00039294362,0.85,0.02462361752986908,2.4050796,2.202652
1558,2.3104424,0.031756148,-0.062888615,0.365111380815506,0.05,2.8168597,2.4559186
1559,2.3235447,-0.0019206923,-0.10958708,0.85,0.004919365514069796,3.5155265,2.7721221
1560,2.2915359,0.007392399,-0.1440723,0.85,0.05,3.6120312,2.4261284
1561,2.3112612,0.091421984,-0.15975453,0.85,0.020555108785629272,2.5926256,2.8144948
1562,2.3580644,0.01036635,-0.15990084,0.85,0.022928323596715927,2.7910383,2.4162219
1563,2.242162,0.05714361,-0.12184474,0.8247814178466797,0.04630749300122261,3.9662912,2.006035
1564,2.4029038,-0.021957288,-0.13319705,0.7030841708183289,0.03057999163866043,2.213539,2.63722
1565,2.2299273,0.116867505,-0.121889114,0.85,0.05,4.2595024,2.017415
1566,2.2006662,0.09415634,-0.10345151,0.85,0.05,4.451763,2.6015372
1567,2.2270317,0.056849953,-0.14189981,0.85,0.05,4.9932737,2.3194423
1568,2.225823,0.054677546,-0.0517032,0.8235641121864319,0.04672408103942871,4.139613,2.1769419
1569,2.3075645,0.017675878,0.02204029,0.7946637868881226,0.034269362688064575,2.5167768,2.7012358
1570,2.3373358,0.17589715,-0.3278028,0.85,0.029965629801154137,3.186576,2.8302605
1571,2.318715,0.08374261,-0.04908118,0.85,0.03758527711033821,2.5609274,2.3969855
1572,2.4086263,0.05009954,-0.22088644,0.85,0.021485669538378716,2.5064626,2.5652928
1573,2.3072126,0.062552825,-0.25979406,0.85,0.05,4.284644,2.475462
1574,2.1895587,0.08140888,-0.07974611,0.8409522175788879,0.02455962263047695,4.935219,1.5998502
1575,2.2538433,0.03426734,-0.09578746,0.7789720296859741,0.040726110339164734,3.998886,2.3278072
1576,2.2434034,0.1179175,-0.050778195,0.8416697978973389,0.05,3.4586983,2.5844772
1577,2.251859,0.084627435,-0.083877645,0.8375606536865234,0.05,3.6156707,2.1860943
1578,2.3047254,0.0870697,-0.16625565,0.85,0.05,2.989305,2.175193
1579,2.2605839,0.09294369,-0.029792983,0.1910589337348938,0.0757451206445694,2.7070434,2.8405483
1580,2.2594302,0.1114297,-0.11477041,0.85,0.016098367050290108,3.4311829,2.2772276
1581,2.2858045,0.04553888,-0.021367878,0.7031883597373962,0.05,2.7813456,2.3203034
1582,2.1958394,0.08890489,-0.120768316,0.8061400055885315,0.04248065501451492,4.404127,2.5480018
1583,2.3071616,-0.013540886,0.04472937,0.85,0.05,2.5978882,2.5935373
1584,2.230603,0.10612779,-0.032407474,0.8338841199874878,0.05500613898038864,3.4627645,2.1080315
1585,2.3490653,0.05621038,-0.053112224,0.7993341088294983,0.05462872236967087,2.2894862,2.6840305
1586,2.2282903,0.04180294,-0.073790886,0.85,0.03314265236258507,4.463412,2.330914
1587,2.2786024,0.0818666,-0.21706027,0.7621116638183594,0.05,4.486009,2.030355
1588,2.191017,0.055383973,-0.040254854,0.85,0.05,4.78658,1.7468079
1589,2.2461174,0.094538145,-0.03386895,0.85,0.05,2.9686728,2.5143464
1590,2.3299913,0.07109121,-0.095642574,0.85,0.05,2.2145562,2.6464622
1591,2.296584,0.0812703,-0.0868086,0.85,0.05,2.925343,2.071313
1592,2.311473,0.03689251,-0.04169026,0.85,0.05,2.4422746,2.5967753
1593,2.3179877,0.013817714,-0.009537252,0.661235511302948,0.051002636551856995,2.4718428,2.4491506
1594,2.3134158,0.08877963,-0.13349696,0.8311800956726074,0.02941865101456642,2.849468,2.0508366
1595,2.2646909,0.04094072,-0.044631,0.8136759996414185,0.05,3.4072747,2.1537862
1596,2.1556413,0.10728223,-0.03009375,0.85,0.05,4.471273,1.8222317
1597,2.374501,-0.055062167,-0.15365197,0.8157088160514832,0.016890432685613632,3.029167,1.9451851
1598,2.2021523,0.13236342,-0.24070168,0.85,0.02339053899049759,5.75263,1.7822798
1599,2.2596426,0.08151637,-0.06501823,0.85,0.0310659222304821,3.4541903,2.4391723
1600,2.245583,0.053998485,-0.026918776,0.811846911907196,0.05,3.2892396,2.0706825
1601,2.2816312,0.0915772,-0.062702395,0.8482250571250916,0.015433991327881813,2.73263,2.0893056
1602,2.2814035,0.09248714,-0.18334696,0.6714930534362793,0.02665148302912712,4.0780807,2.1992643
1603,2.2611358,0.07934618,-0.14459495,0.85,0.029012370854616165,4.2375,2.1432538
1604,2.172136,0.081272595,-0.07634211,0.85,0.05,4.707688,1.8386688
1605,2.3617768,-0.038496997,-0.108095296,0.8199304342269897,0.018370704725384712,2.7610588,2.3307378
1606,2.3062875,0.072549276,-0.20044808,0.85,0.05,3.6787167,1.8757732
1607,2.3663766,0.032864984,-0.16027245,0.7821377515792847,0.02878318913280964,2.5292988,2.5195959
1608,2.2328103,0.11381085,-0.0664954,0.6819393634796143,0.055762406438589096,3.6838226,2.7319424
1609,2.3334548,0.034462925,-0.04806673,0.8264751434326172,0.04858243465423584,2.4294486,2.680323
1610,2.3472235,0.036600433,-0.09435585,0.85,0.013640118762850761,2.5009456,2.2187943
1611,2.2741928,0.110745326,-0.12408232,0.8217204809188843,0.05,3.5818512,2.580667
1612,2.2631261,0.09206918,-0.12472639,0.85,0.05,3.6720645,2.2145493
1613,2.2389467,0.13864093,-0.18303144,0.85,0.05,4.6433706,1.9206035
1614,2.3039832,0.095642366,-0.10712646,0.8284841775894165,0.03103206306695938,2.692171,2.3882222
1615,2.372261,0.028212043,-0.1538403,0.649909257888794,0.0832514613866806,2.3756638,3.061984
1616,2.2455664,0.042425714,-0.08865875,0.7283223867416382,0.03591553121805191,3.7905383,1.9014896
1617,2.2770686,0.064971864,-0.026489776,0.8070047497749329,0.023789051920175552,2.5653498,2.3779016
1618,2.1583755,0.14226668,-0.059445556,0.85,0.05,4.425718,2.0182612
1619,2.2725658,0.030691389,-0.009693966,0.8194018006324768,0.05,2.9363406,2.118396
1620,2.25386,0.07320951,-0.11206281,0.6092792749404907,0.05,4.1607094,2.1626406
1621,2.291794,0.113604166,-0.19300307,0.85,0.05,3.814664,2.0755746
1622,2.3135629,0.07913267,-0.06974655,0.8238234519958496,0.03718072921037674,2.4245505,2.4749985
1623,2.3836348,-0.03642849,-0.096939124,0.85,0.0431150458753109,2.4913936,2.3124783
1624,2.3449214,0.10903705,-0.28544614,0.7582852840423584,0.05,3.201146,2.6552253
1625,2.4049592,0.10055602,-0.20143782,0.8370286226272583,0.04671204090118408,2.291254,2.6718102
1626,2.2444181,0.01462961,-0.022453321,0.8225836753845215,0.026936816051602364,3.6712587,1.7438874
1627,2.352553,0.053042945,-0.05864184,0.8205981850624084,0.05,2.0189724,2.6951663
1628,2.271713,0.08134214,-0.12172586,0.733425498008728,0.03393466770648956,3.3999894,2.646719
1629,2.3373501,0.033705812,-0.057579946,0.8025425672531128,0.02106226608157158,2.586978,2.5718086
1630,2.3449054,0.023720823,-0.09378589,0.4348077178001404,0.05,2.1157305,2.2227519
1631,2.2571616,0.018209595,-0.027499748,0.6765967011451721,0.0465947724878788,3.839148,2.3199093
1632,2.2314763,0.05266179,-0.113360934,0.85,0.05,4.5202303,2.4151073
1633,2.3051102,0.08055703,-0.07787495,0.85,0.02302553318440914,2.525249,2.2987666
1634,2.2774403,0.09132908,-0.10603956,0.85,0.05,3.076032,1.941435
1635,2.3058076,0.032764517,-0.19975592,0.85,0.029887953773140907,4.0731845,1.9206994
1636,2.320224,0.085703366,0.030325962,0.6396860480308533,0.07563517987728119,2.1431425,2.6195736
1637,2.2582302,0.096067764,-0.04933552,0.8339647650718689,0.01878218911588192,2.975033,2.7830472
1638,2.2869666,0.10064709,-0.054716084,0.85,0.03142557293176651,2.64937,2.7300975
1639,2.2206838,0.12553914,-0.17749995,0.7928628325462341,0.05853449925780296,4.2997274,2.452406
1640,2.3200758,0.0726351,-0.25614047,0.8200764060020447,0.05,4.051162,2.1496367
1641,2.2454877,0.15238036,-0.06237044,0.85,0.05,3.3410676,2.1309826
1642,2.259371,0.12131321,-0.23873529,0.85,0.03529391437768936,4.9006486,2.1960242
1643,2.181534,0.12164533,-0.27228615,0.85,0.0386708602309227,6.740127,1.5876073
1644,2.327686,0.023109594,-0.07917609,0.6268098950386047,0.05,2.4370713,2.766591
1645,2.229598,0.05606785,-0.09789978,0.8131204843521118,0.05,4.501708,2.0574934
1646,2.2615228,0.1587986,-0.24531902,0.815350353717804,0.05352083593606949,4.42373,2.2843785
1647,2.277896,0.12468855,-0.08839717,0.85,0.05,2.7343974,2.7970493
1648,2.1842952,0.18521775,-0.106485784,0.85,0.05,4.5003705,1.9867126
1649,2.269675,0.033146575,0.053427115,0.85,0.014471763744950294,2.4985774,2.2956312
1650,2.196076,0.10783581,-0.11644918,0.8310669660568237,0.04081776738166809,4.7175336,1.9441562
1651,2.2639775,0.08603955,-0.110694855,0.85,0.05,3.5458083,2.3778932
1652,2.1755457,0.15802811,-0.10391235,0.85,0.05,5.0467596,1.7934432
1653,2.3168216,0.08101297,-0.14816873,0.85,0.026839984580874443,2.8927736,2.659008
1654,2.3325045,0.16248578,-0.066476054,0.19350308179855347,0.06266847252845764,2.403286,2.6422794
1655,2.2846122,0.08318166,-0.1906507,0.8328649401664734,0.05,3.8060782,2.085168
1656,2.2530525,0.13796592,-0.16413376,0.85,0.05,3.6195028,2.2538753
1657,2.3620944,0.045842167,-0.074332036,0.6912426352500916,0.06771472096443176,2.3611805,2.7511423
1658,2.3205845,0.05149534,-0.05684657,0.4716556668281555,0.06417396664619446,2.608449,2.6052399
1659,2.2492008,0.04780723,-0.061560865,0.85,0.014992141164839268,3.7037086,2.0611544
1660,2.3147252,0.0073233573,-0.010754721,0.85,0.05,2.5934422,2.8550057
1661,2.2895741,0.13500005,-0.13401483,0.8383961915969849,0.05,2.9085686,2.6888404
1662,2.3405619,0.061536077,-0.14960308,0.85,0.05,2.711915,2.15096
1663,2.252453,0.1285535,-0.06989754,0.85,0.05,3.170591,2.146213
1664,2.083242,0.1513257,-0.061690204,0.8293005228042603,0.04682130366563797,6.07604,1.4701967
1665,2.2865288,0.12284246,-0.2085912,0.85,0.05,3.8093758,2.2504537
1666,2.3271112,0.09474736,-0.00047381237,0.7073574066162109,0.05,2.218991,2.8887677
1667,2.2933424,0.023901397,-0.06367879,0.7747833132743835,0.047146767377853394,3.0815437,2.3330731
1668,2.296968,0.095226854,-0.086407006,0.8436708450317383,0.022478898987174034,2.6537118,2.8849094
1669,2.2667198,0.024173662,-0.06413679,0.8191500902175903,0.04354577884078026,3.4995744,2.0542107
1670,2.3375926,-0.0031482938,-0.042667057,0.6590784788131714,0.048988230526447296,2.7560108,2.3254306
1671,2.377069,0.018354444,-0.13413766,0.7789289951324463,0.06712161004543304,2.5901701,2.5163043
1672,2.259282,0.07749846,-0.047299504,0.6104182600975037,0.06367100030183792,3.2279615,2.6551785
1673,2.286644,0.1357527,-0.013679377,0.48952338099479675,0.029993189498782158,2.3216918,2.400895
1674,2.223305,0.13115211,-0.19767936,0.8277236223220825,0.03440816327929497,4.3912005,1.7109202
1675,2.2262828,0.09837665,-0.13102849,0.8496204614639282,0.028906427323818207,4.8088226,1.9149749
1676,2.1883094,0.14451893,-0.07938465,0.85,0.006180605385452509,4.816268,1.8255519
1677,2.2048328,0.117972076,-0.12790933,0.85,0.01346554048359394,4.333897,2.1603382
1678,2.2461114,0.117262,-0.17353223,0.85,0.05,3.9708514,2.6598015
1679,2.2701337,0.08244003,-0.03945387,0.3568549156188965,0.04116291552782059,2.921245,2.802811
1680,2.2386248,0.11140246,-0.2665897,0.85,0.009758385829627514,4.8247237,1.6241618
1681,2.3009953,0.043439303,-0.17006944,0.85,0.032727137207984924,3.7582066,2.1564016
1682,2.2504296,0.13428529,-0.19177823,0.85,0.05,4.4537997,2.2940829
1683,2.2326448,0.081457965,-0.15776473,0.84549880027771,0.024710800498723984,4.7148356,1.7576793
1684,2.237364,0.12490248,-0.13925976,0.8166046142578125,0.0785742923617363,4.4401016,2.8998992
1685,2.2097526,0.15643612,-0.14323105,0.85,0.05,4.4321156,2.001652
1686,2.3033512,0.034149956,-0.07395816,0.7684801816940308,0.021759197115898132,2.718058,2.1702607
1687,2.3455155,0.04628118,-0.1827879,0.6558070778846741,0.013668086379766464,2.7263715,2.4491854
1688,2.3103685,0.10572467,-0.043467693,0.85,0.03413613140583038,2.1594858,2.5957649
1689,2.2701592,0.10839959,-0.050375815,0.7433590292930603,0.03369022160768509,2.485398,2.9103856
1690,2.3231308,0.06684565,-0.113600254,0.8266974687576294,0.047697290778160095,2.6786299,2.2698355
1691,2.3989372,0.018748593,-0.14128065,0.695264458656311,0.05768027901649475,2.4123263,2.5730948
1692,2.2743428,0.1025447,-0.19189942,0.85,0.05,3.8233426,2.1442187
1693,2.3463216,-0.026411965,-0.062090136,0.85,0.03368157520890236,2.6876523,2.7377558
1694,2.2555106,0.100347385,-0.35787705,0.85,0.05,5.685982,1.066093
1695,2.18359,0.1395549,-0.102267615,0.85,0.05,4.8846974,1.8223943
1696,2.2939668,0.11560985,-0.14453985,0.5978164076805115,0.033141862601041794,2.8081603,2.475712
1697,2.1655576,0.09224883,-0.034164526,0.85,0.05,4.8300433,1.6777654
1698,2.3008995,0.07748822,-0.08818764,0.85,0.03516571968793869,2.6545553,2.5045812
1699,2.2472384,0.1059754,-0.091110714,0.8123162388801575,0.02568756602704525,3.2861404,2.460201
1700,2.279974,0.0678676,-0.1911825,0.85,0.05,4.2602015,2.5040224
1701,2.330132,-0.0048493324,-0.04595398,0.8085923790931702,0.05,2.3067985,2.2077928
1702,2.2990134,0.06809915,-0.15414308,0.8205662965774536,0.044273097068071365,3.4012277,2.211959
1703,2.4236832,-0.0010623438,-0.034070443,-0.041734542697668076,0.05,1.9910501,2.6127248
1704,2.2596154,0.10355971,-0.16762114,0.85,0.05,4.182079,2.132753
1705,2.144972,0.1299518,-0.11839178,0.8424559235572815,0.020278897136449814,5.165168,1.3948214
1706,2.311736,0.019022333,-0.20233148,0.847456693649292,0.05008195713162422,4.3061113,2.6209054
1707,2.2468665,0.07220552,-0.06578627,0.8297985196113586,0.05807892605662346,3.4780312,2.8834808
1708,2.2737892,0.07470253,-0.023229502,0.85,0.01223536767065525,2.5226698,2.2571616
1709,2.303465,0.030465106,-0.1361211,0.85,0.05,2.9740446,1.9576308
1710,2.2732928,0.13252021,-0.115786314,0.85,0.05,3.1592243,2.3091216
1711,2.2801223,0.08079435,-0.09655709,0.85,0.05,2.9380364,2.511258
1712,2.2720428,0.13014296,-0.2435408,0.8487265110015869,0.04314425215125084,4.12502,2.5271764
1713,2.2512233,0.15654956,-0.17622058,0.85,0.02371104061603546,4.0511703,1.9819759
1714,2.2742872,0.07239397,-0.07291364,0.85,0.05,3.141237,2.0716388
1715,2.247215,0.012228334,-0.0799423,0.7316200733184814,0.06696686893701553,4.3432064,1.8278154
1716,2.2369528,0.056303214,-0.08664718,0.85,0.05,4.5553975,2.1151993
1717,2.2301416,0.07383788,-0.1661994,0.8260493874549866,0.05,5.0347886,1.5190442
1718,2.1563468,0.14591129,-0.03326647,0.7941429615020752,0.042151544243097305,4.035611,2.6058216
1719,2.3525946,0.09331689,-0.23323205,0.85,0.05,2.7571583,2.2517076
1720,2.26439,0.012251707,0.03542991,0.835981011390686,0.038407329469919205,3.3413181,2.277503
1721,2.255498,0.019459326,-0.09313482,0.85,0.0043641263619065285,3.9477582,1.8006749
1722,2.3070388,0.10249574,-0.19755039,0.7494770288467407,0.04505019634962082,3.7708712,1.8677415
1723,2.3445194,0.061252534,-0.29971546,0.8213745951652527,0.04942510277032852,4.26151,1.9173056
1724,2.2546847,0.06691951,-0.060392022,0.85,0.0027311595622450113,3.409645,2.1395645
1725,2.2698474,0.05742453,-0.06878243,0.85,0.05,3.2851226,2.7788498
1726,2.179553,0.1541798,-0.15251783,0.4850105941295624,0.042675480246543884,4.8281536,1.6848578
1727,2.2495236,0.13329817,-0.12424225,0.85,0.05,3.3186455,2.1211772
1728,2.371029,0.033586632,-0.050688308,0.532932460308075,0.05609074607491493,2.147852,2.7249415
1729,2.2066941,0.10309857,0.00043484243,0.8190093636512756,0.04526357352733612,3.8536136,2.360036
1730,2.2891998,0.0828969,-0.11571003,0.85,0.023521345108747482,3.3071113,2.1843135
1731,2.405632,0.13363501,-0.24592869,0.8297430872917175,0.053049929440021515,2.1774802,2.5936193
1732,2.351723,-0.01868718,-0.04803767,0.556347131729126,0.055446725338697433,2.6071057,2.5008166
1733,2.2572773,0.012126897,-0.15428305,0.85,0.05,4.4631233,1.9061509
1734,2.2617846,0.11339879,-0.17993926,0.85,0.040210407227277756,4.276626,2.2983036
1735,2.251057,0.04486317,-0.07700514,0.85,0.021653983741998672,3.9927988,2.3015122
1736,2.2460039,0.0651574,-0.1456659,0.8332181572914124,0.05,4.2132363,2.0616899
1737,2.2367277,0.06470291,-0.021091564,0.8129940032958984,0.010008263401687145,3.2965856,2.1449497
1738,2.2151592,0.09843849,-0.14634639,0.85,0.05,4.8109026,1.790725
1739,2.2111087,0.10486243,-0.15950282,0.85,0.05,5.05817,1.4357866
1740,2.2173944,0.094958976,-0.06673338,0.6572166681289673,0.01601606048643589,4.3391266,2.0871308
1741,2.1379812,0.07561417,-0.13338894,0.7895951867103577,0.03176165744662285,6.85768,1.3333158
1742,2.3906858,-0.02470381,-0.088337794,0.6926785707473755,0.02937827818095684,2.2577422,2.278016
1743,2.313277,0.045319367,-0.05033473,0.7399762868881226,0.05652223899960518,2.411477,2.8463433
1744,2.252577,0.09632178,-0.11822992,0.85,0.05,3.9674294,2.5017765
1745,2.1847122,0.0677968,0.03382557,0.8213340640068054,0.007323861122131348,3.7585428,2.189419
1746,2.1809413,0.12123728,-0.05079757,0.85,0.012988198548555374,4.4185586,1.9289349
1747,2.1945872,0.09334126,0.00417873,0.85,0.05,4.006226,1.859851
1748,2.2404258,0.11983224,-0.047174677,0.669860303401947,0.06366734951734543,3.2309148,2.842752
1749,2.1941476,0.07377758,-0.024602046,0.85,0.05,4.115624,2.1326199
1750,2.3433044,0.09085263,-0.23627302,0.8427165150642395,0.04377397522330284,3.2387574,2.4533112
1751,2.1808152,0.11909567,-0.073036246,0.8468121886253357,0.05,4.7890196,2.018693
1752,2.228711,0.039793808,0.00096437335,0.85,0.05,3.769832,1.9812043
1753,2.2710454,0.117036834,-0.06400097,0.8256956934928894,0.0327610969543457,2.6453853,2.4054632
1754,2.3094606,0.04269309,-0.11218925,0.85,0.05,3.3207352,2.2726543
1755,2.1260443,0.09593217,-0.07534144,0.85,0.05,5.7903967,1.6319019
1756,2.427654,0.0061674747,-0.18257801,0.85,0.048767708241939545,2.3392947,2.6313872
1757,2.350961,0.04020884,-0.20455773,0.85,0.03572181239724159,3.0499694,2.7321155
1758,2.2115927,0.08382255,-0.03777455,0.85,0.05,4.1034064,2.5957854
1759,2.3014076,0.02854584,-0.063955806,0.7876347899436951,0.022251399233937263,2.8119411,2.476764
1760,2.3592267,0.08087694,-0.2502012,0.8337426781654358,0.03569609671831131,2.8431654,2.7517297
1761,2.3036618,0.084971875,-0.11384325,0.85,0.03806193917989731,2.868034,2.5161195
1762,2.2367585,0.07495836,-0.23826209,0.7970647811889648,0.040539663285017014,4.916352,1.6847594
1763,2.2653453,0.049849115,-0.15953378,0.85,0.01963762193918228,4.273235,2.0514145
1764,2.2611418,0.06983969,-0.15827827,0.85,0.004191967658698559,4.024785,2.077154
1765,2.3085527,0.02268851,-0.0033347628,0.8212067484855652,0.02678348496556282,2.6956108,2.2231364
1766,2.2520587,0.11244553,-0.113779284,0.85,0.04066222906112671,3.5525143,2.8506932
1767,2.2841465,0.04996211,-0.06410992,0.7975732684135437,0.06310142576694489,3.255525,2.490804
1768,2.2535515,0.023669822,0.024564771,0.8347185254096985,0.05,3.1095915,2.2380173
1769,2.2464988,0.108979784,-0.187425,0.85,0.05,4.554451,2.0047562
1770,2.2764995,0.07884647,-0.22331414,0.85,0.02343534305691719,4.465121,2.0094762
1771,2.205039,0.06995647,-0.14196226,0.85,0.05,5.47816,2.0090382
1772,2.2671244,0.028023226,-0.08470929,0.7625091671943665,0.05444890260696411,3.6974175,2.4415689
1773,2.2993083,0.0778364,-0.12266089,0.6966186165809631,0.04243737831711769,2.865289,2.1423702
1774,2.2613866,0.065038495,-0.2616376,0.85,0.05,4.70444,1.8628284
1775,2.238304,0.1027504,-0.12447901,0.85,0.030299004167318344,3.6292374,2.5984993
1776,2.1455772,0.1679264,-0.06830213,0.8255550861358643,0.02974759228527546,4.686566,1.6384238
1777,2.3585253,0.05045905,-0.095384486,0.4439901113510132,0.03862450271844864,2.2952738,2.7591157
1778,2.335966,0.09625324,-0.19247027,0.85,0.0329144261777401,2.8440542,2.653058
1779,2.253599,0.10613897,-0.09206544,0.85,0.05,3.640992,2.4484496
1780,2.3211968,0.08907294,-0.14614783,0.701223611831665,0.11499267816543579,2.7086825,2.7132125
1781,2.2780428,0.11873324,-0.12248948,0.8336231708526611,0.05,3.2249455,2.196979
1782,2.3386047,0.061164483,-0.18659727,0.6859509348869324,0.05842119827866554,2.947954,2.3511422
1783,2.2188025,0.05578622,-0.054073386,0.7872114777565002,0.043762389570474625,4.350277,2.0875316
1784,2.291942,0.11965115,-0.23967358,0.8080974221229553,0.0445539653301239,4.337505,2.3114862
1785,2.2948163,0.04539176,-0.23970124,0.85,0.05,4.2989426,1.6361681
1786,2.2028823,0.039718434,-0.036011115,0.806416392326355,0.04312260448932648,4.56763,1.6167766
1787,2.2370222,0.09803368,-0.2539824,0.822780966758728,0.05184521898627281,5.1326985,1.7091784
1788,2.2664883,0.09011538,-0.11972848,0.85,0.05,3.2696605,2.1611822
1789,2.2698777,0.07004692,-0.09414282,0.7312403917312622,0.009570027701556683,3.3001251,2.6425498
1790,2.2946212,0.0893297,-0.13934258,0.845277726650238,0.03249862790107727,3.2234368,2.0716348
1791,2.2415986,0.053622138,-0.031105064,0.85,0.05,3.293109,1.9888602
1792,2.241787,0.107139856,-0.1360774,0.85,0.008008014410734177,3.9519155,2.2270794
1793,2.3553488,0.023406746,-0.17566405,0.85,0.024258004501461983,2.93318,2.2143636
1794,2.346269,0.03651815,-0.14694782,0.85,0.05,2.480728,2.625563
1795,2.1976902,0.07009025,-0.034869533,0.8283944129943848,0.03551144152879715,3.9440155,2.0897658
1796,2.3839288,0.059025854,-0.1525739,0.583567202091217,0.03345377370715141,2.100348,2.1788638
1797,2.3727777,0.11158001,-0.34146574,0.85,0.02961300127208233,3.634272,2.2861726
1798,2.262696,0.016746577,-0.061940547,0.8338810801506042,0.02004828304052353,3.973451,2.0789745
1799,2.2842453,0.099333115,-0.15782458,0.8047436475753784,0.05,3.7902837,2.2011695
1800,2.323247,0.13868433,-0.07332607,0.6051403880119324,0.0806206613779068,2.109835,2.8441055
1801,2.2199547,0.1303053,-0.1591128,0.85,0.05,4.5185704,2.1887743
1802,2.255779,0.0688347,-0.21425343,0.8413129448890686,0.05,4.8634467,1.7208691
1803,2.4308465,0.034171708,-0.12591977,0.8316752910614014,0.057126134634017944,2.2241118,2.8151417
1804,2.1960745,0.07373444,-0.20240304,0.85,0.05,5.6334395,1.4056104
1805,2.2637835,0.10992558,-0.06511586,0.85,0.05,2.8907552,2.5478754
1806,2.2652793,0.08329993,-0.01833318,0.7787741422653198,0.05663545802235603,2.8822744,2.3445926
1807,2.3381884,0.024388017,-0.056813736,0.85,0.05145415663719177,2.4846697,2.5685983
1808,2.2619214,0.055615842,-0.18546069,0.85,0.02469404973089695,4.4180946,2.1929555
1809,2.2559888,0.07100872,-0.07430072,0.85,0.007575090974569321,3.862594,1.9988407
1810,2.186426,0.1365698,-0.0667716,0.85,0.05,4.570984,1.7934818
1811,2.2639656,0.09910916,-0.2542285,0.85,0.013236000202596188,4.601015,2.1004755
1812,2.256028,0.09232968,-0.1919994,0.8467040061950684,0.05,4.2035103,2.8680792
1813,2.2039523,0.17352228,-0.062529996,0.85,0.05,3.3591142,2.3415344
1814,2.2298186,0.08368783,-0.093202986,0.85,0.03400411829352379,4.341207,2.5214348
1815,2.1865637,0.15313736,-0.057567753,0.85,0.05,4.2323766,1.8369799
1816,2.2484486,0.15628573,-0.19167598,0.85,0.0315757691860199,3.9652874,2.5152588
1817,2.3000605,0.087275,-0.038743775,0.7768231630325317,0.06518878787755966,2.544589,2.6263332
1818,2.2372732,0.095656514,-0.036294978,0.8425936698913574,0.03107197768986225,3.3474648,2.6941118
1819,2.3691607,0.070728585,-0.045547448,0.85,0.05,2.1806571,2.5338433
1820,2.2701156,0.092713825,-0.03906842,0.8113760948181152,0.04874853789806366,2.6835678,2.283083
1821,2.3211973,0.07809569,-0.0036659967,0.8088502883911133,0.04105392098426819,2.0645459,2.3266459
1822,2.2316015,0.09952157,-0.15701701,0.8406132459640503,0.040255822241306305,4.773896,2.045885
1823,2.1913357,0.1846135,-0.17746729,0.85,0.05,4.917783,1.7858576
1824,2.2119567,0.10811549,-0.05825047,0.8356468081474304,0.037602443248033524,4.108054,2.1355011
1825,2.2260156,0.029062193,-0.23259738,0.85,0.05708332732319832,5.925967,1.5238606
1826,2.22347,0.14269717,-0.00028312224,0.8135993480682373,0.05,2.9904718,2.0349653
1827,2.2039902,0.09607266,-0.047132142,0.85,0.05,3.8883636,2.018166
1828,2.2817855,0.13373594,-0.09031568,0.85,0.01873258873820305,2.7150505,2.7354276
1829,2.2362802,0.04525524,-0.05956459,0.8312920928001404,0.04753390699625015,4.279,2.2739697
1830,2.2309878,0.13751338,-0.10291915,0.85,0.03537563234567642,3.9370468,2.6745796
1831,2.4269335,0.059533622,-0.26995927,0.8433485627174377,0.04425729066133499,2.5238273,2.4370642
1832,2.3401577,0.088711604,-0.22371353,0.8365114331245422,0.03720376640558243,2.8249516,2.134633
1833,2.214853,0.06399093,-0.117197156,0.8225119709968567,0.016339417546987534,4.6977625,1.8018575
1834,2.2712743,-0.016695967,-0.071666084,0.85,0.05,3.5848002,1.9625429
1835,2.2601476,0.01988643,-0.20952643,0.85,0.00638590008020401,4.757943,1.6818161
1836,2.2999988,0.011750441,-0.1732583,0.6747600436210632,0.05,4.017265,1.9180198
1837,2.3237104,0.17029263,-0.114781775,0.8187845945358276,0.05,2.3987525,2.3503263
1838,2.2702923,0.111686006,-0.17304537,0.85,0.032315872609615326,3.9276242,2.2233386
1839,2.1673024,0.14872359,-0.008836499,0.85,0.05,4.3131666,2.2704196
1840,2.3188581,0.050672814,-0.11641139,0.7948506474494934,0.05,3.0797474,1.9844533
1841,2.3104627,0.07918392,-0.024878273,0.8240229487419128,0.037317827343940735,2.3065693,2.6372683
1842,2.4265745,0.012425168,-0.091089875,0.5879329442977905,0.053304482251405716,2.0758343,2.529536
1843,2.304886,0.05984015,-0.047287975,0.8478932976722717,0.05,2.2564924,2.1919932
1844,2.2243555,0.09312373,-0.070487276,0.85,0.02986804023385048,3.7873092,2.1901581
1845,2.2511795,0.10090918,-0.086268574,0.4481622576713562,0.03640756756067276,3.2332966,2.1744432
1846,2.2294474,0.09182342,-0.09490979,0.8461306691169739,0.025550885125994682,4.073012,1.9879365
1847,2.2903268,0.044472232,-0.05540694,0.85,0.05,2.7867646,2.7668257
1848,2.1784964,0.124837,-0.0367637,0.8004732728004456,0.014225286431610584,3.9696362,2.0646136
1849,2.2767904,0.04468086,-0.016984958,0.8209530711174011,0.05814123526215553,2.6739976,2.4538958
1850,2.3221474,0.033139527,-0.11535522,0.7271614074707031,0.0326961986720562,3.0708795,2.5023825
1851,2.3233826,0.09445812,-0.18154977,0.698843777179718,0.02864532545208931,3.3242822,2.3284194
1852,2.356377,0.0694866,-0.08006618,0.5449963808059692,0.09359895437955856,2.3406255,2.8289206
1853,2.3950338,-0.03577085,-0.121293336,0.6889589428901672,0.05,2.6474097,2.5244884
1854,2.301717,0.16483293,-0.21117401,0.85,0.05,3.014518,1.9410286
1855,2.3798304,0.0725873,-0.040733833,0.1503067910671234,0.29717251658439636,2.7712247,2.895463
1856,2.3447328,-0.021267015,-0.20348243,0.85,0.021843422204256058,4.1626177,2.4012291
1857,2.316461,0.05365113,-0.34160313,0.85,0.02137373387813568,4.9577947,1.6677756
1858,2.2107959,0.036471907,-0.088981554,0.85,0.05,4.642301,1.7579064
1859,2.3375425,0.022203302,-0.21340726,0.85,0.05,3.6669135,2.3322105
1860,2.3144891,0.06900646,-0.20294666,0.85,0.01395104918628931,3.8162353,2.3527012
1861,2.2924182,0.09239585,-0.0064753396,0.8438485264778137,0.030754446983337402,2.7669086,2.2222328
1862,2.2818065,0.08443337,-0.025895393,0.85,0.05,2.6406415,2.6130607
1863,2.2696254,0.08290532,-0.29195863,0.85,0.0143467141315341,5.2519646,1.5018604
1864,2.2757533,0.11084493,-0.13018101,0.85,0.05,3.54328,2.2754128
1865,2.3275807,0.070304535,-0.19321765,0.8332513570785522,0.040345001965761185,3.0012877,2.250977
1866,2.2371378,0.08768855,-0.18008772,0.85,0.05,4.571409,1.7902282
1867,2.2940466,0.06793635,-0.074283965,0.85,0.03843116760253906,2.9199736,2.5490882
1868,2.2730658,0.11625895,-0.056308206,0.8172537088394165,0.05,2.3520546,2.3793168
1869,2.3034215,0.09492129,-0.14897415,0.7767958045005798,0.04772161319851875,3.416895,2.6761334
1870,2.2124975,0.078314945,-0.11439761,0.8389433026313782,0.022758448496460915,4.6148424,1.6401193
1871,2.2487593,0.070547305,-0.077437654,0.5492367744445801,0.050747111439704895,3.9486315,1.957395
1872,2.2967985,0.05246512,0.050787862,0.85,0.030692385509610176,2.6124423,2.528998
1873,2.2778955,0.062089045,-0.2200683,0.85,0.05,4.5758266,2.2089448
1874,2.209968,0.13051584,-0.11258771,0.85,0.05,3.8858855,1.9500673
1875,2.3810523,-0.060784023,-0.1774575,0.85,0.006117390003055334,3.1131694,2.1376078
1876,2.224589,0.14940983,-0.21762697,0.85,0.013820323161780834,5.252856,1.9197359
1877,2.173425,0.07692103,-0.094828434,0.8452088236808777,0.01764841191470623,4.5400543,1.9429916
1878,2.2243557,0.103509106,-0.13837944,0.85,0.01972183957695961,4.8197803,1.9526621
1879,2.4127088,0.08237029,-0.07471558,0.6551952958106995,0.0650165006518364,2.1301045,2.7675493
1880,2.2935226,0.11652657,-0.17428502,0.839097797870636,0.025269797071814537,3.59938,2.5750365
1881,2.303378,0.08362954,-0.049293984,0.42691636085510254,0.06012255698442459,2.5813637,2.4784331
1882,2.156769,0.070569634,-0.013948314,0.85,0.003151362994685769,4.4931827,1.8547173
1883,2.2117736,0.119755544,-0.15472443,0.8275843262672424,0.048621147871017456,4.7813034,2.1543124
1884,2.195474,0.069126,0.08184365,0.8119330406188965,0.02627347968518734,3.237374,2.6882782
1885,2.2785347,0.0043995776,0.07201896,0.85,0.05,2.786045,2.4081814
1886,2.2927353,0.045577962,-0.21098107,0.85,0.05,4.078241,2.0485857
1887,2.170367,0.066100396,-0.15935172,0.85,0.04130939021706581,6.0002146,1.6909014
1888,2.3661976,0.11799848,-0.15905154,0.5332202911376953,0.05420922860503197,2.1788146,2.2358954
1889,2.3710093,0.09600869,-0.121379614,0.39729809761047363,0.07064726203680038,2.3059025,2.7779014
1890,2.2156477,0.14949791,-0.15856288,0.754966139793396,0.0589202344417572,4.5258274,2.2366889
1891,2.2611084,0.048011992,-0.080286026,0.8312413692474365,0.02866317145526409,3.5111513,1.9593582
1892,2.2648463,0.103016175,-0.068879016,0.8303012251853943,0.023335155099630356,2.9647279,2.3223462
1893,2.2118483,0.097443335,-0.08353411,0.85,0.05,3.9648852,1.8693616
1894,2.327132,0.048810434,-0.24468765,0.85,0.032351166009902954,3.9884305,2.084034
1895,2.2824244,0.030923052,-0.03973105,0.85,0.05,2.7782676,2.706641
1896,2.3933392,0.04346728,-0.32636386,0.85,0.06551701575517654,3.672596,2.3843179
1897,2.262367,0.1318643,-0.23836309,0.85,0.011299869045615196,4.77744,1.9035552
1898,2.260031,0.13766958,-0.14966932,0.85,0.05,3.2068448,2.5452943
1899,2.2220023,0.17217015,-0.31934044,0.85,0.041691116988658905,5.65429,1.9811051
1900,2.315626,0.04208723,-0.22322436,0.85,0.0009664571261964738,4.2725835,2.2948766
1901,2.2596705,0.084316574,-0.16626255,0.42272257804870605,0.05,4.445806,2.0709503
1902,2.2382016,0.08292293,-8.614185e-05,0.85,0.028986845165491104,3.3360307,2.233321
1903,2.2283175,0.14620188,-0.123157576,0.85,0.05,3.6247742,2.172294
1904,2.3249261,0.06553302,-0.108575284,0.835358738899231,0.02693367376923561,2.4442482,2.5484397
1905,2.268354,0.11032719,-0.22136733,0.85,0.027599001303315163,4.5084753,2.193792
1906,2.287792,0.08064507,0.021933183,0.2954835295677185,0.04606233909726143,2.2504416,2.87221
1907,2.3147433,0.06426735,-0.1123854,0.85,0.014895395375788212,2.9008427,2.0096393
1908,2.3176405,0.019275488,-0.21256758,0.8370683193206787,0.05,4.1274753,2.0709405
1909,2.236587,0.09009619,-0.10777119,0.85,0.05,4.3624325,1.9687275
1910,2.2540681,-0.002630966,-0.22851768,0.85,0.04264703020453453,5.3798885,1.3993465
1911,2.2642446,0.12352899,-0.22909823,0.85,0.05,4.565561,2.1872485
1912,2.314474,0.07102777,-0.20247458,0.7969104051589966,0.016098709776997566,3.4864414,2.7080712
1913,2.2375154,0.09372145,-0.077758566,0.7996637225151062,0.03741731494665146,3.9732676,2.2494678
1914,2.2066343,0.13644843,-0.104158886,0.85,0.05,3.9153829,1.964987
1915,2.214478,0.047593035,-0.03108274,0.12988771498203278,0.038850683718919754,4.0039754,2.5396924
1916,2.2491326,0.13043313,-0.05881139,0.85,0.026346508413553238,2.8156486,2.643108
1917,2.2507963,0.07457156,-0.036233686,0.8392054438591003,0.011692512780427933,3.0927527,2.401764
1918,2.38816,0.017467722,-0.045203775,0.8266550302505493,0.05,2.254902,2.638987
1919,2.3673384,0.06661144,-0.1720274,0.85,0.02717585675418377,2.5246994,2.362008
1920,2.2291043,0.16633323,-0.19415295,0.85,0.021761344745755196,4.607758,2.0579798
1921,2.1718078,0.12908103,-0.10375867,0.8462509512901306,0.03790045902132988,4.7356715,1.6821115
1922,2.1475546,0.08452638,-0.044641048,0.8202345371246338,0.05062231421470642,5.0887384,1.9643043
1923,2.2935796,0.14587913,-0.16544457,0.85,0.05,3.3184388,2.594925
1924,2.2592254,0.1154762,-0.017244825,0.85,0.05,2.814789,2.3147285
1925,2.39346,-0.014181198,-0.18827286,0.85,0.010740872472524643,2.5935223,2.4744961
1926,2.2435174,0.11442136,0.009050872,0.85,0.05,3.2717988,2.4258752
1927,2.3582737,0.07091896,-0.14601952,0.85,0.05,2.508289,2.6467905
1928,2.2591188,0.10348248,-0.20831832,0.85,0.044063642621040344,4.979035,2.0647187
1929,2.3707242,0.10112133,-0.19101742,0.85,0.05,2.3201942,2.6026974
1930,2.3647213,0.0671268,-0.107971914,0.065120629966259,0.022455928847193718,2.310669,2.2742405
1931,2.2869987,0.040106397,-0.083869815,0.5388471484184265,0.026419101282954216,3.226889,2.4565845
1932,2.3575518,0.070896216,-0.15352507,0.8163250684738159,0.07302169501781464,2.490164,2.2576303
1933,2.2250588,0.033631522,-0.11779498,0.85,0.02174754999577999,4.840548,1.8794426
1934,2.2593672,0.01752492,-0.03709023,0.824248731136322,0.03252345323562622,3.59806,2.2597954
1935,2.1902823,0.057802327,-0.12723213,0.85,0.05,4.9425364,1.508226
1936,2.2491837,0.063968875,-0.14074221,0.85,0.05,4.4802403,2.0006394
1937,2.366781,0.06744565,-0.21000014,0.85,0.0257794801145792,2.7333515,2.7769856
1938,2.319431,0.02696113,-0.14608179,0.85,0.049040786921978,3.75297,2.7188952
1939,2.2652092,0.07851418,-0.05507099,0.85,0.028023771941661835,3.5129595,2.045555
1940,2.2062693,0.08723305,-0.062384974,0.8203592300415039,0.05,4.2465878,1.8624711
1941,2.3031843,0.016166497,-0.07922771,0.8039581179618835,0.03647856414318085,2.6671371,2.3372295
1942,2.318672,0.07674641,-0.079002686,0.8149687051773071,0.022243525832891464,2.5583987,2.3338566
1943,2.2937922,0.14006297,-0.35961083,0.85,0.05,5.107566,1.5931916
1944,2.2969413,0.09692603,-0.11389288,0.85,0.04006507992744446,3.0969234,2.5430307
1945,2.247138,0.039442938,-0.1631955,0.85,0.05,4.9259977,1.7948155
1946,2.2129197,0.11855218,-0.023151722,0.85,0.05,3.4590003,1.9974537
1947,2.2395208,0.06786529,-0.07309803,0.8208645582199097,0.05,3.797319,2.2231226
1948,2.3002717,0.09283377,-0.16457686,0.6621759533882141,0.05,3.4603248,1.943069
1949,2.3041258,0.020710872,-0.069503725,0.85,0.003379156580194831,2.8420062,2.2120614
1950,2.4196877,0.006482976,-0.003747309,0.2087951898574829,0.1113959401845932,2.1549766,2.5065603
1951,2.3577347,0.10780043,-0.19342577,0.5922856330871582,0.0399462953209877,2.4716523,2.3350143
1952,2.3685768,0.022978835,-0.2526062,0.8191899061203003,0.05,2.790319,1.8143185
1953,2.3798168,0.09061824,-0.21551223,0.85,0.04911377280950546,2.5151057,2.8712258
1954,2.2880602,0.03863291,-0.039699703,0.8338616490364075,0.04726666957139969,2.9859066,2.432747
1955,2.281688,0.0663742,-0.09684418,0.85,0.05,3.6397305,1.9950358
1956,2.3186862,0.07407329,-0.07798554,0.6776781678199768,0.05216255038976669,2.3639674,2.8745725
1957,2.2862327,0.070059046,-0.018113045,0.4343078136444092,0.04884002357721329,2.9166865,2.6511395
1958,2.1951184,0.12064682,-0.15920953,0.822620153427124,0.04078246280550957,5.1887975,1.5214212
1959,2.2289252,0.09767772,-0.15042469,0.85,0.05,4.553082,2.045746
1960,2.320057,0.054422677,-0.036965042,0.85,0.002121517201885581,2.3701532,2.4323905
1961,2.2738812,0.07701607,-0.23298159,0.85,0.05,4.688379,2.0353303
1962,2.2151465,0.08541525,-0.03268956,0.85,0.03878742456436157,3.498305,2.455186
1963,2.2851505,0.14027038,-0.121107616,0.5427229404449463,0.08529584854841232,2.5412395,2.9017227
1964,2.2766454,0.063466616,-0.1674072,0.7942540049552917,0.05,3.7257538,1.9484246
1965,2.209058,0.059299957,-0.09572346,0.85,0.03674646094441414,4.455602,2.080082
1966,2.1870053,0.043083306,-0.034977816,0.6334962844848633,0.05,4.69332,1.6278822
1967,2.2651625,0.065474406,-0.0914374,0.8461553454399109,0.05,3.3624575,2.2683432
1968,2.2248838,0.06542212,-0.07252686,0.85,0.05,3.875165,1.6058831
1969,2.2674441,0.04042713,-0.02094404,0.7997363805770874,0.06670840084552765,3.349265,2.3989246
1970,2.3664103,0.061516088,-0.13585724,0.8483445644378662,0.03396633639931679,2.594623,2.0535207
1971,2.3504822,0.06420761,-0.20120619,0.7201728224754333,0.05,2.677232,2.5348454
1972,2.2613823,0.089695975,-0.19593202,0.6712848544120789,0.034096404910087585,4.3599653,1.6936518
1973,2.2179344,0.09914338,0.018020602,0.85,0.014827870763838291,2.8878522,2.4644856
1974,2.262635,0.06909732,-0.00822623,0.8437694311141968,0.012053752318024635,2.8028712,2.6216183
1975,2.3477163,0.048919793,-0.12735733,0.8339808583259583,0.05,2.6208603,2.3016386
1976,2.2553866,0.059836723,0.08100546,0.5082319974899292,0.05,2.6075435,2.3591187
1977,2.2995067,0.12522665,-0.06227326,0.2487730085849762,0.06994074583053589,2.1559029,2.7169113
1978,2.2065196,0.10293419,-0.1071239,0.7900435328483582,0.02112271822988987,4.0886436,2.0700061
1979,2.233034,0.12614758,-0.0742437,0.85,0.020118406042456627,3.6668422,2.7425373
1980,2.2792573,0.14942655,-0.22665972,0.85,0.05,4.6151943,2.194841
1981,2.3205526,0.06221769,-0.1767475,0.8267250657081604,0.05,3.0726209,2.3000395
1982,2.3408554,0.06334474,-0.032339454,0.85,0.04625966027379036,2.3548641,2.8584318
1983,2.1970446,0.10651944,-0.2541917,0.8311736583709717,0.008122548460960388,5.7187214,1.4244981
1984,2.1820056,0.03559693,-0.087766886,0.85,0.05,4.873909,1.4290828
1985,2.3239098,0.088282526,-0.19359069,0.85,0.05,3.1321034,2.5272367
1986,2.250393,0.0975259,-0.20570235,0.85,0.05,5.0076623,1.8462659
1987,2.191258,0.159883,-0.13028793,0.85,0.05,4.395452,1.7887875
1988,2.2082531,0.04164867,-0.02686708,0.85,0.05,4.5660977,1.8231071
1989,2.2663965,0.09973586,-0.35234663,0.85,0.018385300412774086,5.6096983,1.4777575
1990,2.2779043,0.046787072,-0.21828498,0.6158874034881592,0.010393419302999973,4.300115,2.1124444
1991,2.314417,0.04066811,-0.07880908,0.12228770554065704,0.06406408548355103,2.8531265,2.0625374
1992,2.316135,0.06384484,-0.030453123,0.8427966237068176,0.030876848846673965,2.415315,2.790171
1993,2.3386264,0.050520506,-0.27080142,0.8442739844322205,0.03309451788663864,3.9829586,2.2691262
1994,2.2886763,0.048950568,-0.18085371,0.85,0.023593802005052567,4.110641,2.0708144
1995,2.2468383,0.078545935,-0.06635032,0.7789718508720398,0.031968772411346436,3.3484278,2.78148
1996,2.251842,0.074257724,-0.11115132,0.8227367401123047,0.038044873625040054,3.8637078,2.0804155
1997,2.2585096,0.05566939,-0.17396359,0.85,0.04516804963350296,4.736888,2.407539
1998,2.3101246,0.0884501,-0.18934175,0.85,0.02420639991760254,3.2058806,2.575984
1999,2.2797682,0.07329618,-0.061873216,0.7744192481040955,0.026455216109752655,3.0160577,2.6792734
2000,2.2131412,0.0940204,-0.043771815,0.68935227394104,0.05,3.741903,2.284905
2001,2.368806,0.06584304,-0.18158914,0.8332266211509705,0.05,2.235984,2.5974386
2002,2.4044547,0.062287226,-0.18614967,0.8311465382575989,0.05143404379487038,2.3065248,2.737479
2003,2.3644485,0.0062340694,-0.12867714,0.7243788242340088,0.03462176397442818,2.8400822,2.497366
2004,2.1798158,0.020864911,-0.061682068,0.85,0.05,5.2214856,1.6234235
2005,2.3342688,0.04103634,-0.116813235,0.8204320073127747,0.03313362970948219,3.032874,2.5414991
2006,2.2630522,0.10681232,-0.10518953,0.8285272121429443,0.03492650389671326,3.228073,2.7056582
2007,2.1943073,0.1279361,-0.14279674,0.8393070101737976,0.05,4.4865866,2.1000943
2008,2.144941,0.16926679,-0.12291341,0.85,0.05,5.4657865,1.5892793
2009,2.318236,0.05735267,-0.11286433,0.8366581201553345,0.05,2.95069,2.395786
2010,2.2309191,0.027858082,-0.051581323,0.85,0.02154615707695484,4.213597,2.2015777
2011,2.3790073,0.030027442,-0.10504006,0.8097718954086304,0.05692170560359955,2.3009286,2.8048382
2012,2.1541557,0.13037266,-0.13078924,0.818554699420929,0.04919950291514397,5.464879,1.5771375
2013,2.320627,0.046754677,-0.076329775,0.3068104684352875,0.03745554760098457,2.6043265,2.458157
2014,2.180227,0.115348764,-0.10972367,0.85,0.05,4.721612,1.537134
2015,2.2898483,0.08656369,-0.086426504,0.8043485283851624,0.045422475785017014,2.804169,2.2948225
2016,2.194411,0.09672735,-0.08777508,0.7731998562812805,0.04673321545124054,4.4915423,2.5725417
2017,2.1802213,0.11237289,-0.11806929,0.85,0.05,4.713116,1.4356617
2018,2.2332947,0.1717406,-0.105481945,0.8172245621681213,0.03152473270893097,3.6524913,2.2496617
2019,2.3265183,0.0923287,-0.18570267,0.6984524726867676,0.05232135206460953,2.7816803,2.6797981
2020,2.2827532,0.10727767,-0.1388234,0.8105530738830566,0.05,3.1204367,2.2899237
2021,2.232747,0.088911034,-0.04445104,0.7888990044593811,0.03524386137723923,3.6235623,2.7003605
2022,2.175008,0.15539831,-0.052835494,0.85,0.027698997408151627,4.490444,1.7779667
2023,2.336147,0.087547556,-0.18603617,0.6143262982368469,0.019831448793411255,2.936045,1.9088235
2024,2.1939514,0.11044873,-0.2081384,0.8086587190628052,0.049301549792289734,5.4885406,1.3814607
2025,2.278484,0.060243197,-0.11455338,0.85,0.05,3.8227818,2.0751626
2026,2.3778543,0.010801998,-0.04480789,0.8302423357963562,0.05,2.2167103,2.5759037
2027,2.3308408,0.17881049,-0.12079118,0.5952736735343933,0.047432415187358856,2.0102353,2.7292402
2028,2.2841089,0.12661792,-0.109178394,0.85,0.022900011390447617,2.8323596,2.7305195
2029,2.2945411,0.10474812,-0.19494452,0.85,0.05,3.89652,2.0403767
2030,2.2576785,0.14644177,-0.13117513,0.85,0.05,3.63466,2.2780545
2031,2.18495,0.04175391,-0.046691556,0.85,0.03033844567835331,5.197375,1.6879482
2032,2.323429,0.07621718,-0.035776306,0.6636205315589905,0.0567527674138546,2.3807921,2.7321692
2033,2.3524473,0.038154177,-0.07753948,0.6943434476852417,0.04038895294070244,2.3740096,2.5800884
2034,2.2684438,0.059884243,-0.12861645,0.85,0.05,3.9382374,2.082342
2035,2.2985582,0.0675068,-0.24105859,0.85,0.002420242875814438,3.9442816,1.8020241
2036,2.3352413,0.03816966,-0.05654886,0.8211683630943298,0.045726992189884186,2.075799,2.2004356
2037,2.302533,0.07309813,-0.17434669,0.8304111957550049,0.021515347063541412,3.373858,2.2399635
2038,2.2101994,0.11433947,-0.16648455,0.85,0.05,4.8297753,1.8447976
2039,2.2317567,0.064315386,-0.131784,0.85,0.03199397772550583,4.873825,2.0205698
2040,2.2535753,0.023549294,-0.07439686,0.8179476261138916,0.04616358131170273,3.958627,2.0033424
2041,2.3212965,0.07627505,-0.19552806,0.85,0.05,2.9236722,2.713115
2042,2.2998018,0.15671779,-0.07872868,0.5439270734786987,0.08021228760480881,2.433992,2.5868456
2043,2.3061914,0.011822258,-0.035502937,0.846958339214325,0.03879730403423309,3.200054,2.3130405
2044,2.1199248,0.10650644,-0.03144597,0.7289336323738098,0.02387855388224125,4.7634187,1.399647
2045,2.2653744,0.000153809,-0.11482421,0.85,0.05,4.172383,1.9066108
2046,2.1865885,0.13067624,-0.028145675,0.8377127647399902,0.04463043063879013,4.315822,2.3840601
2047,2.1901062,0.116237246,-0.10924688,0.85,0.05,4.566729,1.9019594
2048,2.205355,0.112765595,-0.053432066,0.8280961513519287,0.05,4.1300673,2.1609538
2049,2.2255104,0.091342874,0.0035510573,0.85,0.016827654093503952,3.4499822,2.1069613
2050,2.2130773,0.0783641,-0.03371778,0.85,0.05,4.061037,2.2017956
2051,2.3454862,0.011562064,-0.18626225,0.85,0.05,3.9339685,2.1320605
2052,2.343519,0.053546067,0.020608641,0.85,0.04817379266023636,2.4112437,2.2257044
2053,2.2429397,0.10084419,-0.12492012,0.85,0.05,4.1488986,1.887719
2054,2.2972112,-0.02504135,-0.03518514,0.8070816397666931,0.051642995327711105,3.0618386,1.778105
2055,2.2635977,0.102959864,-0.14799339,0.8127638101577759,0.05,3.5765026,2.7629797
2056,2.2713702,0.07117158,-0.09436758,0.85,0.022111697122454643,3.1875477,2.3896074
2057,2.2603734,0.0880645,-0.059200734,0.8169090151786804,0.04871349036693573,3.0491993,2.216083
2058,2.2760603,0.08538009,-0.10165276,0.85,0.05,2.8091257,2.6392593
2059,2.2030206,0.076250486,-0.0088912435,0.85,0.05,4.340859,2.120381
2060,2.302759,0.06935355,-0.054580465,0.8309187293052673,0.03414144366979599,3.1084468,2.4313266
2061,2.3385668,0.055019345,-0.16647242,0.81013423204422,0.026709044352173805,2.868118,2.4896321
2062,2.3537788,0.031469762,-0.07816179,0.8294715881347656,0.05909299477934837,2.4259646,2.8060884
2063,2.3350923,0.16318461,-0.16389118,0.85,0.05,2.2836928,2.6396353
2064,2.2799041,0.10387856,-0.08399343,0.5775774717330933,0.05,2.5736184,2.0581095
2065,2.1769462,0.11230977,-0.087920405,0.8026137948036194,0.00848490558564663,4.169947,2.022223
2066,2.287136,0.13619716,-0.14222647,0.8499792814254761,0.04522501677274704,2.6110268,2.406397
2067,2.2418249,0.048067547,-0.051009107,0.6494314074516296,0.05,3.8969886,2.3529785
2068,2.2572973,0.096030496,-0.06594526,0.85,0.00865223165601492,2.5290143,2.6796865
2069,2.1412003,0.21159573,-0.047715522,0.85,0.05,4.449863,2.0611918
2070,2.2432623,0.07375996,-0.141305,0.5639139413833618,0.011403973214328289,4.397022,2.121044
2071,2.3767834,-0.025130602,-0.24748448,0.8249396681785583,0.061851587146520615,3.6777697,2.7841089
2072,2.2645187,0.066390134,-0.122438945,0.8461882472038269,0.03913769870996475,3.5980635,2.794173
2073,2.3234818,0.09252495,-0.14464663,0.85,0.037751566618680954,2.8053894,2.5678031
2074,2.2358453,0.14331785,-0.08985107,0.7978996634483337,0.05,2.9419699,2.4550302
2075,2.339628,-0.023634678,-0.061649654,0.775951087474823,0.05,2.7107737,2.4745808
2076,2.2671509,0.039618906,-0.05127331,0.85,0.013571341522037983,3.2405226,2.1560984
2077,2.2975569,0.0349987,-0.04874495,0.5982454419136047,0.05,3.1790085,2.2920928
2078,2.2494223,0.12607013,-0.08484661,0.8499193787574768,0.02664298005402088,3.2812436,2.2046063
2079,2.1445005,0.03074818,-0.08082817,0.8249955177307129,0.04150770604610443,5.6989803,1.1831338
2080,2.2400036,0.053161956,-0.079686895,0.85,0.05,4.0166054,2.231344
2081,2.2937996,0.062760256,-0.21398787,0.85,0.05,4.4889116,2.3707626
2082,2.0941093,0.18268399,-0.06779029,0.85,0.032841600477695465,5.4308553,1.4210154
2083,2.2666972,0.04584065,-0.09748692,0.85,0.05,3.519189,1.8574635
2084,2.2836704,0.12050408,-0.28322288,0.85,0.05,4.7559295,1.6630763
2085,2.403078,0.006385873,-0.08819118,0.85,0.05,2.0964956,2.400317
2086,2.3076487,0.048220403,-0.16506423,0.85,0.05,3.092812,2.3520877
2087,2.3349013,-8.943801e-05,0.15333916,0.5312513113021851,0.05916387960314751,2.0187902,2.4844391
2088,2.2191231,0.1428299,-0.014952315,0.85,0.05,3.1818116,2.6264544
2089,2.4356592,0.08978647,-0.3553298,0.7898582220077515,0.01834622398018837,2.8648684,2.341659
2090,2.3323746,0.06110017,-0.22820191,0.85,0.015394756570458412,3.4673455,2.532212
2091,2.3633804,0.09800982,-0.12140199,0.7045246958732605,0.030862847343087196,2.2899687,2.282148
2092,2.2952662,0.10896584,-0.06447651,0.85,0.020695313811302185,2.3202045,2.7795637
2093,2.3433497,0.072390564,-0.15049335,0.8270565867424011,0.03694428876042366,2.6725302,2.351978
2094,2.2054415,0.07890761,-0.048427355,0.8134680986404419,0.039262570440769196,4.441932,1.8707023
2095,2.229713,0.079804406,-0.11868519,0.85,0.05,4.0748973,2.045963
2096,2.2257257,0.10151111,-0.109750465,0.85,0.05,4.508047,2.0034513
2097,2.2678027,0.09345861,-0.06730977,0.85,0.05,2.9309568,2.8037553
2098,2.1169379,0.16320178,-0.2488209,0.85,0.04364722594618797,8.27901,1.3430254
2099,2.2830389,0.05336546,-0.22036768,0.8273125290870667,0.044617172330617905,4.6744685,1.813726
2100,2.2765913,0.039646756,-0.0066586025,0.85,0.02967028319835663,3.4483817,2.4138534
2101,2.2458851,0.084096976,-0.035144042,0.85,0.03019101172685623,3.4703798,2.0783393
2102,2.2991853,0.12216152,-0.25335905,0.8431565165519714,0.014720158651471138,4.4537115,2.1016252
2103,2.3354409,0.049628615,-0.15522748,0.85,0.020965291187167168,2.7257426,2.1333852
2104,2.2613206,0.107951015,-0.08160384,0.85,0.05,3.4162326,2.3841958
2105,2.3929844,-0.014883591,0.034866445,0.6516211628913879,0.038092005997896194,2.2411664,2.6559227
2106,2.2858284,0.056873545,-0.028176729,0.5935692191123962,0.014891279861330986,2.6499333,2.4681907
2107,2.2713847,0.109725624,-0.08366511,0.85,0.031218482181429863,2.6404276,2.5253193
2108,2.2814481,0.07086086,-0.073536426,0.8383777737617493,0.043427105993032455,2.925253,2.5993083
2109,2.1777904,0.034554314,-0.19785483,0.8431586623191833,0.04335898905992508,6.81251,1.4420445
2110,2.3409872,0.06952876,-0.13419357,0.85,0.05,2.7032254,2.7071953
2111,2.2535543,0.107333496,-0.10115863,0.85,0.035332512110471725,3.8351316,2.5316224
2112,2.2675488,0.111877024,-0.25931484,0.85,0.05,4.341738,1.8073778
2113,2.2008634,0.114141405,-0.013013128,0.4913640320301056,0.06216203048825264,3.6199791,2.5140975
2114,2.173886,0.12405376,-0.1395301,0.8306490182876587,0.01755615510046482,4.5549154,1.5084313
2115,2.3297663,0.05650675,-0.13961887,0.85,0.05,2.5974944,2.2089863
2116,2.2570543,0.1124456,-0.23245005,0.8323057293891907,0.05623801052570343,4.930661,2.2423487
2117,2.2917428,0.09089971,-0.108951606,0.85,0.05,2.9224267,2.1215787
2118,2.2886927,0.10680521,-0.23203687,0.85,0.05,4.357636,2.2394218
2119,2.2742424,0.04323854,-0.026649596,0.8166612386703491,0.05410119518637657,3.1550863,2.1505697
2120,2.275197,0.089333996,-0.16485912,0.85,0.05,4.4318104,1.8971715
2121,2.3309107,0.015820922,-0.1114776,0.8492064476013184,0.032505400478839874,3.148061,2.1548603
2122,2.295887,0.04742014,-0.14624362,0.7238258719444275,0.03792388364672661,3.9043465,2.3938732
2123,2.2468393,0.13099565,-0.0678922,0.85,0.05,3.4227197,2.2548208
2124,2.3624334,0.031914223,-0.18780343,0.8451444506645203,0.055688921362161636,3.158289,2.7644682
2125,2.255187,0.049913194,-0.15837134,0.85,0.05,4.7028394,1.875205
2126,2.252852,0.13847171,-0.25435412,0.806605875492096,0.03435033932328224,4.9262266,1.7618297
2127,2.1998522,0.10971263,-0.10829484,0.85,0.05,4.550136,1.70671
2128,2.2078624,-0.0017021113,-0.041006356,0.845584511756897,0.012538452632725239,4.632971,1.9738827
2129,2.2366247,0.15153527,-0.053975925,0.85,0.01576860249042511,2.911389,2.444964
2130,2.400276,-0.036111075,-0.13495559,0.7127318978309631,0.05243710055947304,2.2317832,2.0531044
2131,2.3050377,0.05430181,-0.038609374,0.4753601551055908,0.037533365190029144,2.4728498,2.668147
2132,2.373096,0.01694528,-0.19363905,0.85,0.05,2.3116763,2.591523
2133,2.3373644,0.058639072,-0.22551017,0.6078587770462036,0.055635176599025726,3.16176,2.1788359
2134,2.3164268,0.08534579,-0.098548196,0.8296657800674438,0.041213296353816986,2.4714942,2.8627205
2135,2.3832495,0.026307296,-0.195159,0.8242771625518799,0.05,2.9703074,2.1341238
2136,2.3106577,0.1256137,-0.1715816,0.7748101949691772,0.0523550808429718,2.8884344,2.2886345
2137,2.2973316,0.08737195,-0.22833297,0.824995756149292,0.04930385574698448,3.8662717,2.5297012
2138,2.263226,0.08193868,-0.08496298,0.8106327056884766,0.031294818967580795,3.6786542,2.679474
2139,2.2606452,0.01888854,-0.06455764,0.6496058702468872,0.05,3.7302742,1.8688967
2140,2.349863,0.07837669,-0.10675836,0.7177943587303162,0.06281355768442154,2.3246028,2.8464942
2141,2.1651156,0.12142731,-0.021412686,0.7089281678199768,0.05,4.006096,1.9263463
2142,2.428831,-0.014543737,-0.07190815,0.4167293906211853,0.05,2.134841,2.7890303
2143,2.2676127,0.15554257,-0.2029171,0.85,0.05,3.7084484,2.2096202
2144,2.2706432,0.06495878,-0.04957663,0.8206565380096436,0.008247590623795986,3.2991714,2.7209349
2145,2.204145,0.15818277,-0.12012596,0.85,0.02504546009004116,4.681587,1.8517458
2146,2.267014,0.06141924,-0.16976865,0.6262127757072449,0.036408621817827225,3.8591905,2.3525155
2147,2.2306232,0.05817544,-0.050535116,0.8085902333259583,0.03242005780339241,4.0202003,2.5891664
2148,2.3015885,0.08432582,-0.25076404,0.85,0.05,4.026881,1.7906576
2149,2.298444,0.021872675,0.05998531,0.6449823975563049,0.07350117713212967,2.516057,2.208823
2150,2.3063824,0.094318666,-0.09726609,0.85,0.05,2.5437255,2.7578623
2151,2.2786825,0.08067696,-0.11884345,0.8325120806694031,0.009656493552029133,3.5994678,2.4139216
2152,2.2414086,0.070915826,-0.2852484,0.8110244870185852,0.04592395946383476,5.153514,1.2833551
2153,2.4573915,-0.01092151,-0.21984074,0.7860121726989746,0.05,2.6079373,2.0824199
2154,2.3018596,0.10176102,-0.10969739,0.7766848802566528,0.03201968967914581,2.8378894,2.5252926
2155,2.209664,0.09955545,-0.08899776,0.85,0.05,4.226122,2.2700338
2156,2.2999394,0.13501239,-0.22378741,0.85,0.0065025389194488525,3.6289685,2.2021291
2157,2.2651947,0.17300008,-0.15024838,0.7969417572021484,0.03279818966984749,3.4333375,2.426206
2158,2.2122743,0.056546755,-0.08509884,0.8049829602241516,0.018036065623164177,4.625689,1.9884772
2159,2.2708948,0.068255045,-0.054874063,0.85,0.024858549237251282,3.2285278,2.4842508
2160,2.3022165,0.039133806,-0.041889586,0.8245847821235657,0.05,3.070239,2.3654697
2161,2.3475266,0.04391512,-0.12018139,0.8486210703849792,0.01683182828128338,2.4046137,2.2631829
2162,2.323895,0.045759533,-0.14272921,0.8021481037139893,0.06178988143801689,2.9981382,2.439941
2163,2.2192569,0.067035794,-0.14210765,0.85,0.05,4.495877,1.549018
2164,2.2738435,0.050511677,-0.07384521,0.8292454481124878,0.044698819518089294,3.268653,2.4359608
2165,2.2533267,0.09950374,-0.116291426,0.85,0.05,3.4544442,2.0048242
2166,2.2516038,0.1590457,-0.10864391,0.85,0.03383771330118179,3.6248982,2.4910495
2167,2.2971573,0.01956855,-0.08614352,0.85,0.05,3.1473434,2.5373962
2168,2.2422895,0.16678412,-0.24201322,0.85,0.041549038141965866,4.837841,2.532624
2169,2.328104,-0.0484476,-0.088624634,0.85,0.05,3.3290102,1.8916265
2170,2.280265,0.010642437,-0.17544337,0.85,0.02045709639787674,4.5412674,1.9134564
2171,2.1039264,0.10006624,0.032860216,0.85,0.05,4.916803,1.5713136
2172,2.244226,0.06358236,-0.088775724,0.85,0.0061593810096383095,4.2185593,2.2003284
2173,2.2223723,0.12086349,-0.19912443,0.8015897870063782,0.014995892532169819,4.994644,1.6919324
2174,2.252815,0.1729073,-0.15822998,0.8243310451507568,0.06007950380444527,3.372432,2.6622088
2175,2.2635465,0.10153552,-0.10443788,0.833983302116394,0.019247397780418396,3.7541578,2.1613286
2176,2.22554,0.1676916,-0.0462878,0.85,0.011624200269579887,2.9732237,2.567362
2177,2.3660026,0.03257612,-0.13868067,0.7539066076278687,0.030064495280385017,2.8282082,2.304798
2178,2.2641282,0.092214875,-0.08174785,0.8019550442695618,0.024731924757361412,3.0061264,2.4825711
2179,2.1558173,0.082915425,-0.08006883,0.85,0.05,4.678886,1.6767207
2180,2.308514,0.019207602,-0.13443717,0.6308879852294922,0.03141476586461067,3.396604,2.142836
2181,2.305677,0.011991994,0.055767242,0.7381924986839294,0.05,2.5052192,2.5505204
2182,2.2652202,0.09748917,-0.017526863,0.85,0.040404386818408966,2.7692266,2.5590653
2183,2.1850374,0.08955,-0.057840455,0.8207887411117554,0.039750825613737106,4.1352515,2.1151378
2184,2.2610886,0.12471951,-0.22096072,0.85,0.05,4.419791,1.913759
2185,2.2181146,0.16901062,-0.074707665,0.85,0.05,3.4875917,2.2307205
2186,2.353445,0.049191114,-0.014949609,0.7740991115570068,0.05837681517004967,2.0999782,2.7019126
2187,2.3258796,0.1474414,-0.24509151,0.8370022177696228,0.06633979827165604,3.0881624,2.84275
2188,2.2566524,0.10989416,-0.29121712,0.8203623294830322,0.04653272405266762,5.0575304,1.5769513
2189,2.1772592,0.07302013,-0.04198239,0.85,0.024082539603114128,4.8252916,1.9900477
2190,2.2982316,0.05166695,-0.12554696,0.832484781742096,0.017000658437609673,3.2640173,2.243258
2191,2.324129,0.1830062,-0.20957148,0.5539357662200928,0.05243214964866638,2.573648,2.6420648
2192,2.3804915,0.052195806,-0.15503001,0.4150054156780243,0.05311555787920952,2.1530628,2.6809883
2193,2.3142853,0.08189124,-0.091803886,0.7155153751373291,0.03842628747224808,2.7217135,2.3858569
2194,2.327499,0.08726316,0.056514718,0.7750717997550964,0.06523913890123367,1.9863422,2.8401477
2195,2.3025734,0.08100326,-0.09566196,0.85,0.05,2.9044235,2.4196117
2196,2.2537541,0.07584368,-0.2100993,0.85,0.05,4.7182336,2.4281702
2197,2.2238631,0.13051178,-0.12173127,0.85,0.05,4.1839275,2.1375365
2198,2.2895849,0.17492321,-0.26061714,0.85,0.02947116456925869,4.217458,2.2141654
2199,2.2099988,0.074908264,-0.16782832,0.85,0.019621221348643303,4.8754854,1.5014561
2200,2.240591,0.14712368,-0.16178487,0.8328036665916443,0.03486383706331253,4.175897,2.294245
2201,2.2321222,0.11320223,-0.12412092,0.8492221236228943,0.05,4.108666,2.1558533
2202,2.2681007,0.1429743,-0.26729485,0.85,0.05,4.7291446,2.089519
2203,2.2485871,0.09170979,-0.08467852,0.8195074200630188,0.0428733229637146,3.5048578,2.4858599
2204,2.2448661,0.06649652,-0.027135013,0.8149369359016418,0.053118664771318436,3.3920646,2.2601638
2205,2.155963,0.08944635,-0.17109692,0.8396691679954529,0.04121681675314903,6.0569115,1.8147353
2206,2.2695932,0.11927306,-0.03708162,0.7076715230941772,0.04115111753344536,2.4822438,1.9828893
2207,2.246223,0.059659734,-0.15260668,0.85,0.0122155100107193,4.4046607,1.5487195
2208,2.1701283,0.14971301,-0.12794293,0.8283074498176575,0.05,4.686263,1.4813694
2209,2.218638,0.10467951,-0.07536078,0.816021203994751,0.05,4.211031,1.9684933
2210,2.2616704,0.08430241,-0.25182912,0.85,0.05,4.926036,1.7434189
2211,2.234235,0.061450124,-0.013416516,0.8335731625556946,0.04203202575445175,3.166465,2.5842168
2212,2.319075,0.044594012,-0.13522446,0.85,0.05,2.39895,2.4239023
2213,2.2700083,0.09856401,-0.15218475,0.8084511160850525,0.05,3.5802622,2.1225142
2214,2.195773,0.12902085,-0.033991657,0.85,0.05,4.001671,2.525314
2215,2.3272028,0.07816279,-0.04212645,0.6875881552696228,0.035643965005874634,2.349256,2.6221051
2216,2.2968075,0.024761299,0.029779248,0.85,0.02144790068268776,2.165558,2.5204477
2217,2.232752,0.12033678,-0.009560487,0.85,0.01965967006981373,3.3029172,2.4122748
2218,2.2804208,0.10493447,-0.21646897,0.85,0.026622356846928596,4.4099483,2.241071
2219,2.2401233,0.13771582,-0.10374177,0.85,0.036496590822935104,3.356258,2.2243457
2220,2.3283415,0.07243345,-0.11988797,0.85,0.04074118658900261,2.5376534,2.8407807
2221,2.2861376,0.046165932,-0.098751456,0.85,0.05,3.2045982,2.5891054
2222,2.2974882,0.06411256,-0.12517299,0.6848621368408203,0.049781590700149536,3.2251508,2.2667344
2223,2.3903005,0.10619493,-0.07312011,0.85,0.05,2.030481,2.8822756
2224,2.1876903,0.15043716,-0.08071917,0.85,0.05,4.483719,1.9879951
2225,2.426332,0.046444263,-0.1531151,0.5952203869819641,0.04997270554304123,2.3841636,2.754929
2226,2.3185275,0.032798674,-0.011964447,0.7092646956443787,0.03522385284304619,2.3159242,2.824968
2227,2.4170969,0.047212303,-0.2382484,0.8415697813034058,0.05,2.6022472,2.7785478
2228,2.28134,0.10676095,-0.17290792,0.85,0.05,3.4535897,2.5041645
2229,2.3796673,0.038133603,-0.15085705,0.5707777738571167,0.05,2.222883,2.547548
2230,2.350951,0.10525169,-0.15362446,0.85,0.01806863583624363,2.4026394,2.133608
2231,2.251886,0.114783585,-0.22496529,0.85,0.05,4.424626,1.7213657
2232,2.3612573,0.10050344,-0.11864076,0.8482269048690796,0.044263578951358795,2.1044915,2.7570832
2233,2.2457302,0.029378511,-0.05477328,0.6623468399047852,0.02849200740456581,3.5440853,2.1540809
2234,2.1892712,0.1116587,-0.0056077107,0.85,0.05,3.9006424,2.1555219
2235,2.3000767,0.09385763,-0.15915602,0.8394991159439087,0.03883359581232071,3.3345892,2.0889454
2236,2.334086,0.049737096,-0.071108066,0.6476028561592102,0.031551919877529144,2.277361,2.4103198
2237,2.229743,0.11269439,-0.1306131,0.85,0.014462106861174107,4.15064,2.2508655
2238,2.13612,0.13865958,-0.21167783,0.85,0.05,6.357044,1.2012101
2239,2.3104398,0.072869636,-0.01588635,0.85,0.04145031049847603,2.397028,2.3446143
2240,2.18448,0.084373295,-0.104368605,0.85,0.027218641713261604,5.1802974,2.2098503
2241,2.28359,0.07311684,-0.11117917,0.8216615915298462,0.05,2.9764714,2.436722
2242,2.2739098,0.10247409,-0.16644964,0.85,0.05,4.0540457,2.2153482
2243,2.3556137,0.10372902,-0.013292703,0.7633939981460571,0.04362966865301132,1.9851831,2.7777324
2244,2.255408,0.098485835,-0.18795101,0.8427184224128723,0.05,4.426281,2.0578728
2245,2.3573422,0.0735225,-0.1303024,0.6611030697822571,0.05630820617079735,2.5928352,2.8351922
2246,2.220415,0.10920525,-0.02822443,0.85,0.05,3.3090048,2.3170552
2247,2.277713,0.13474283,-0.09734443,0.85,0.05,2.867882,2.3114226
2248,2.266215,0.045715727,-0.138193,0.8306350111961365,0.05,4.711736,2.2566102
2249,2.2856293,0.12510161,-0.25187913,0.8439537882804871,0.024963097646832466,4.351831,1.7308016
2250,2.2643342,0.07565987,-0.13617119,0.85,0.05,4.1150103,2.1211393
2251,2.15619,0.1501842,-0.0044121463,0.7776597142219543,0.05,4.10086,2.0020473
2252,2.3884656,-0.0077471677,-0.2173853,0.665178656578064,0.03733374550938606,3.020898,2.5538673
2253,2.3590147,0.08330081,-0.10712654,0.6903834939002991,0.03137890622019768,2.5648322,2.8309278
2254,2.2293532,0.07193655,-0.08114452,0.8147520422935486,0.05,3.8715444,2.1040306
2255,2.2583969,0.038584728,-0.16952202,0.85,0.05,4.341252,1.9999932
2256,2.1896484,0.11691501,-0.06934895,0.8258311748504639,0.04116491973400116,4.188089,2.1366267
2257,2.1852689,0.07101107,-0.037491135,0.8435336351394653,0.01123752724379301,4.1941266,1.7469838
2258,2.2581928,0.08328374,-0.09488736,0.85,0.05,3.379638,2.2159867
2259,2.251406,0.053564217,-0.080698155,0.8481042385101318,0.021831590682268143,3.2990909,2.2084036
2260,2.1938572,0.11901967,-0.029149096,0.85,0.05,3.9859526,1.9796519
2261,2.2398627,0.08577476,-0.15296715,0.826291561126709,0.04753642529249191,4.7575626,1.9430159
2262,2.2140625,0.112242796,-0.14761801,0.85,0.05,4.5656877,1.9800868
2263,2.166781,0.078229666,-0.033650562,0.85,0.05,4.763424,1.4042996
2264,2.3402135,0.04037659,-0.15176968,0.85,0.05,3.2257602,2.2367952
2265,2.190323,0.11975277,-0.14800157,0.85,0.05,5.005449,1.6065955
2266,2.54371,0.0023979149,-0.10747669,0.08226580172777176,0.15245096385478973,2.0338867,2.867964
2267,2.243301,0.13012372,-0.0066469796,0.85,0.033364374190568924,2.6381984,2.6936994
2268,2.3299358,0.0043246252,-0.07227032,0.599778950214386,0.034728359431028366,2.675709,2.2004802
2269,2.3420355,0.083854556,-0.1902127,0.5329365730285645,0.04165934771299362,2.751151,2.5920815
2270,2.4139395,0.017171772,-0.18621172,0.85,0.05,2.1941838,2.7330499
2271,2.2559144,0.014194191,-0.09927232,0.85,0.05,4.4042397,2.3882384
2272,2.3719208,0.058892984,-0.22217502,0.85,0.034583546221256256,2.7577782,2.7605815
2273,2.2313437,0.15168184,-0.19755921,0.85,0.05,4.57694,2.0061126
2274,2.3769658,0.055633772,-0.1895891,0.8428465127944946,0.04373517632484436,2.5815163,2.711664
2275,2.2261677,0.10880188,-0.121442825,0.8232828378677368,0.03805679827928543,3.9206383,1.9534773
2276,2.2364082,0.08918924,-0.072416805,0.8350545167922974,0.05,3.7544062,2.0301566
2277,2.2028422,0.12981774,-0.095006615,0.85,0.033643435686826706,4.641108,1.9585564
2278,2.1636095,0.10144193,-0.16265091,0.85,0.05,5.550557,1.3639263
2279,2.3326018,0.03666174,0.02659793,0.6012828946113586,0.03837213292717934,2.22017,2.4857326
2280,2.2661288,0.095756605,-0.04691051,0.85,0.05,2.954226,2.3705423
2281,2.3547075,0.020490935,-0.008037564,0.3870254158973694,0.07200015336275101,2.3543859,2.6187732
2282,2.2206385,0.20380314,-0.30918887,0.85,0.03528966009616852,5.452744,1.6949621
2283,2.2254965,0.10432457,-0.16611141,0.8481724858283997,0.05,4.8847623,2.0917883
2284,2.2918057,0.08956019,-0.25151283,0.85,0.020972557365894318,3.957612,2.6316383
2285,2.2838175,0.07585232,-0.10824964,0.85,0.05,3.0315497,2.096892
2286,2.2022974,0.10018875,-0.0596188,0.85,0.006650731433182955,4.3351974,1.7702239
2287,2.2397594,0.09393849,-0.015768714,0.85,0.026554230600595474,3.0295508,2.8609598
2288,2.4278343,0.05273412,-0.07798613,0.8410370349884033,0.05962910130620003,1.9838171,2.7593794
2289,2.2523642,0.052591544,-0.06044834,0.85,0.05,4.02854,2.0310686
2290,2.2137697,0.03670643,-0.0043400633,0.85,0.05,3.9773517,2.6743793
2291,2.23323,0.08169523,-0.04838109,0.8455055952072144,0.05206906050443649,3.216459,2.5006363
2292,2.3107715,0.03505806,-0.075248316,0.85,0.05,2.7908978,2.6008923
2293,2.2839968,0.07211578,-0.22650436,0.85,0.05,4.414672,1.8712413
2294,2.332085,0.033587635,-0.07046528,0.8275824189186096,0.06588339805603027,2.6318278,2.6732867
2295,2.300742,0.12783846,-0.2052939,0.85,0.05,3.4012527,2.2260334
2296,2.1973016,0.10237869,-0.13955915,0.85,0.01171111036092043,5.018469,1.9431121
2297,2.1937401,0.09168194,-0.11191434,0.85,0.05,4.9134154,1.7983139
2298,2.2165732,0.10564715,-0.097200304,0.85,0.024771181866526604,4.1228247,1.7342061
2299,2.2564461,0.042940535,-0.06594521,0.85,0.013616574928164482,3.797355,2.0166788
2300,2.2139983,0.1302508,-0.16837642,0.85,0.05,4.651488,1.850678
2301,2.183049,0.07662928,-0.1767367,0.85,0.017244979739189148,5.5786295,1.3565935
2302,2.3276877,0.014096736,-0.06958299,0.4984399974346161,0.05,2.4606636,2.7033293
2303,2.2361302,0.06531682,-0.055354673,0.8356152176856995,0.029154852032661438,3.3422751,2.20272
2304,2.2236145,0.12891841,-0.07564534,0.85,0.05,3.6423173,2.5176747
2305,2.3308556,0.08072812,-0.06948891,0.6896729469299316,0.035698361694812775,2.1698267,2.6857224
2306,2.305014,0.07892809,-0.06578779,0.841062605381012,0.05,2.38275,2.4025207
2307,2.2499893,0.05592288,-0.043043837,0.7914491891860962,0.0636359229683876,3.2790987,2.7589612
2308,2.249088,0.17884357,-0.17997621,0.85,0.05,3.9810865,2.1610801
2309,2.3653274,0.080484666,-0.16275421,0.6442226767539978,0.028326326981186867,2.259219,2.7331436
2310,2.3298519,0.0631756,-0.08223767,0.85,0.015840837731957436,2.6545858,2.1109817
2311,2.3106482,0.08256337,-0.20281625,0.85,0.04050682112574577,3.3812351,2.7179713
2312,2.3150482,0.06378249,-0.124641985,0.85,0.030182838439941406,3.3567014,2.1313515
2313,2.2751815,0.10347466,-0.12113982,0.8452503085136414,0.02358015812933445,3.020234,2.454368
2314,2.18647,0.094041005,-0.0494329,0.8178442716598511,0.05,4.110787,1.8235154
2315,2.3063462,0.12514655,-0.086023636,0.8276374340057373,0.03828087076544762,2.3479502,2.3931637
2316,2.2467427,-0.016958294,-0.03862756,0.81120765209198,0.05,4.239574,1.8453244
2317,2.213318,0.093484975,-0.1221868,0.7935020923614502,0.020126137882471085,4.3626633,1.5654988
2318,2.2944844,0.099464655,-0.10271356,0.85,0.05,2.8221245,2.7636824
2319,2.2478871,0.034718428,-0.067031,0.85,0.012108185328543186,3.900499,2.3817303
2320,2.341171,0.025202302,-0.17894182,0.85,0.05,2.9065418,2.502677
2321,2.2881732,0.093868494,-0.010896318,0.85,0.027279244735836983,2.5605335,2.5394287
2322,2.235515,0.08266117,-0.071308196,0.85,0.032727982848882675,3.7143264,2.7247462
2323,2.4193575,0.053007387,-0.2267213,0.781197726726532,0.04499295726418495,2.4742346,2.6286163
2324,2.2144308,0.10670902,-0.10637932,0.85,0.03459428250789642,4.888487,1.716336
2325,2.3223195,0.09577435,-0.064056896,0.8457872867584229,0.05,2.2559729,2.8784153
2326,2.3272393,0.05832311,-0.18110698,0.8078508973121643,0.05,3.017923,2.3385067
2327,2.3071218,0.014525119,-0.012335978,0.8104448318481445,0.002553231082856655,2.813416,2.0767756
2328,2.2633088,0.091464095,0.012336303,0.8146780133247375,0.05,2.1819382,2.64382
2329,2.292501,0.077141814,-0.07394205,0.8337889909744263,0.028271887451410294,2.7246463,2.7071633
2330,2.508859,0.0083344625,-0.18678753,0.365755558013916,0.07029607146978378,2.229217,2.650398
2331,2.3322616,0.03709558,-0.08367464,0.8284457325935364,0.028790203854441643,2.7062788,2.4652095
2332,2.387733,0.03687479,-0.0050526774,0.5806954503059387,0.037574347108602524,2.0688167,2.23357
2333,2.2351992,0.1008795,-0.11536231,0.85,0.03515545651316643,4.532576,2.1846642
2334,2.172932,0.095375426,-0.022158753,0.85,0.05,4.446471,1.7891302
2335,2.2664797,0.08572081,-0.1612405,0.85,0.05,4.0102386,2.3448834
2336,2.2216814,0.08372134,-0.004607835,0.48826366662979126,0.05,3.9742312,2.3750398
2337,2.203483,0.13338399,-0.098602146,0.7278650999069214,0.0337567962706089,4.701373,2.1742165
2338,2.2077973,0.11105355,-0.04554343,0.85,0.023468637838959694,4.212657,2.142619
2339,2.3174841,0.08853793,-0.072955936,0.85,0.013425303623080254,2.4774432,2.7221925
2340,2.261261,-0.014007575,-0.14832652,0.85,0.020073508843779564,5.073885,1.6434175
2341,2.3608894,0.087082125,-0.2172267,0.8317773938179016,0.04190339148044586,2.6774583,2.4487066
2342,2.2649636,0.018171374,-0.12795272,0.85,0.05,4.0258336,1.9147023
2343,2.3553884,0.090678684,0.0119981235,0.7064196467399597,0.05741075053811073,2.0217016,2.7403555
2344,2.2462842,0.08930632,-0.19398633,0.85,0.02022162266075611,4.567628,1.8003752
2345,2.226019,0.05649509,-0.07691782,0.85,0.01895054616034031,4.470159,1.9458797
2346,2.2005303,0.15824285,-0.20561127,0.8376781940460205,0.0189259871840477,5.086798,1.7480865
2347,2.3638794,0.06298193,-0.16888389,0.7834540009498596,0.03463117033243179,2.5961723,2.7590537
2348,2.2667754,0.09758284,-0.14339738,0.85,0.05,3.5833437,1.8752043
2349,2.4255953,-0.010723408,-0.09815254,0.5931737422943115,0.044888731092214584,2.5044377,2.3446488
2350,2.2896895,0.13996714,-0.13026592,0.85,0.011323441751301289,2.7558286,2.3437831
2351,2.226035,0.111672275,0.017594714,0.85,0.006379236001521349,2.7393782,2.5398114
2352,2.2622297,0.05608772,-0.032531615,0.8198429942131042,0.05,3.3289535,2.3878636
2353,2.261105,0.034466643,-0.17152534,0.8298853039741516,0.04761107265949249,4.7464433,1.8184844
2354,2.2221553,0.06741538,-0.09703005,0.8343479037284851,0.05,4.443254,2.0805874
2355,2.248358,0.10805651,-0.037762456,0.8477029204368591,0.02764333225786686,3.0185087,2.34301
2356,2.301071,0.14236365,-0.25566074,0.8295719623565674,0.0631001815199852,3.922621,2.6258962
2357,2.279759,0.13154832,-0.26069826,0.85,0.05,4.739329,2.087547
2358,2.2493482,0.05367329,-0.038955256,0.6211102604866028,0.009039643220603466,3.2942538,2.04595
2359,2.257396,0.049209647,-0.0728048,0.85,0.05,3.4122543,2.3405666
2360,2.2499337,0.108908005,-0.13993174,0.8241561651229858,0.05,4.597693,2.2156787
2361,2.3345082,0.018850423,-0.22582212,0.85,0.05,4.3265977,2.282513
2362,2.2308996,0.068932734,-0.0777595,0.6734896898269653,0.011551772244274616,3.9799266,1.9414066
2363,2.234968,0.08564717,-0.18928005,0.5273260474205017,0.04744865000247955,4.4535093,1.7975451
2364,2.3049805,0.06888086,0.010802361,0.85,0.024417314678430557,2.1668954,2.3330586
2365,2.2009108,0.10655489,-0.08415525,0.85,0.05,4.71928,2.0239413
2366,2.174089,0.16758497,-0.19171815,0.8123601078987122,0.022336412221193314,5.175096,1.4491115
2367,2.2270327,0.14079808,-0.102638334,0.85,0.05,3.9085827,1.7035747
2368,2.1734097,0.10686815,-0.11398719,0.85,0.05,5.1893888,1.6156653
2369,2.2599616,0.1298054,-0.26556966,0.8240322470664978,0.04221629723906517,4.5628057,1.9288683
2370,2.2965648,0.024687553,-0.07949574,0.85,0.05,3.255008,2.0801537
2371,2.3072298,0.103397585,-0.1448043,0.8270002007484436,0.050763390958309174,2.3790576,2.6243103
2372,2.355218,0.019197708,-0.064077176,0.85,0.04093439131975174,2.0539687,2.921565
2373,2.2735324,0.11847375,-0.1830265,0.774320662021637,0.05781431123614311,3.9554212,2.2466056
2374,2.3332024,0.041230965,-0.14239699,0.8198407292366028,0.03309234231710434,2.7133482,2.046246
2375,2.3265786,0.047503386,-0.14237456,0.85,0.033863168209791183,2.9760306,2.445439
2376,2.2389066,0.05574007,-0.08247469,0.6783664226531982,0.0902571827173233,3.9371023,2.1816998
2377,2.2101874,0.11142596,0.06900022,0.8411442041397095,0.02945266105234623,2.8207295,2.8828695
2378,2.1916854,0.10442907,-0.03564643,0.8208725452423096,0.03357459977269173,4.3027506,1.7157073
2379,2.1619444,0.11169811,-0.0707241,0.85,0.05,4.6290693,1.7883563
2380,2.2180889,0.11584858,-0.10508279,0.85,0.028533920645713806,4.3531895,2.1117501
2381,2.3568199,0.087981105,-0.18355067,0.6547263860702515,0.020801743492484093,2.560505,2.5753534
2382,2.29339,0.055900425,-0.11423237,0.8127997517585754,0.0793890580534935,3.5805306,2.198473
2383,2.2608821,0.061838116,-0.097669736,0.8390034437179565,0.03298324719071388,3.6898046,2.3310392
2384,2.2217236,0.12275045,-0.113301404,0.85,0.027237683534622192,3.9241652,2.8619533
2385,2.2283597,0.21680637,-0.2651245,0.85,0.009868975728750229,5.133211,1.8635669
2386,2.2316191,0.14416972,-0.13397917,0.8486055135726929,0.039799388498067856,4.0601645,2.5667214
2387,2.3194168,0.08842733,-0.14316554,0.85,0.014320306479930878,2.5825276,2.6599257
2388,2.2421033,0.07572649,-0.06143792,0.41264405846595764,0.04341018572449684,3.4832041,2.6346338
2389,2.2579572,0.102053665,-0.04653717,0.8244414329528809,0.03742285445332527,3.2777982,2.438713
2390,2.2428174,0.105579674,-0.25375977,0.85,0.05,5.1324096,2.0867953
2391,2.2966583,0.013423789,-0.10729902,0.85,0.05,3.3603008,2.319193
2392,2.2927675,0.10169451,-0.068220265,0.85,0.05,2.6036677,2.4416075
2393,2.2261128,0.07669191,-0.15300946,0.7947803735733032,0.05,4.917687,1.7131667
2394,2.288519,0.07951537,-0.043159526,0.85,0.013540760613977909,2.6396048,2.7402513
2395,2.3373551,0.08474039,-0.09881589,0.8249319195747375,0.05145258456468582,2.0331557,2.485848
2396,2.2798324,0.04034041,-0.028903339,0.49561378359794617,0.07183021306991577,3.23061,2.7068133
2397,2.317639,0.07784315,-0.14339958,0.85,0.031636808067560196,2.6304932,2.8097644
2398,2.3822749,0.045652635,-0.03533578,0.1321837455034256,0.0821952149271965,2.0412855,2.8525524
2399,2.2314296,0.09714244,-0.014047972,0.85,0.05,3.9362862,1.9466342
2400,2.3004591,0.13853075,-0.18339442,0.8388298153877258,0.0026418876368552446,3.219217,2.3102021
2401,2.2745237,0.062950216,-0.020465035,0.8212467432022095,0.014031724072992802,3.0307717,2.1680477
2402,2.2843401,-0.004379545,0.02221527,0.8214898705482483,0.04353461042046547,3.0221915,2.3851519
2403,2.339069,0.0211645,-0.044961218,0.817396342754364,0.03599630668759346,2.4511206,2.4822915
2404,2.3470106,0.047243897,-0.07418699,0.8229591846466064,0.05,2.3000963,2.848333
2405,2.2644653,0.14886841,-0.164595,0.8158007264137268,0.05119536817073822,3.431835,2.1427562
2406,2.3222885,0.04889857,-0.2432748,0.743950366973877,0.052729349583387375,4.048995,2.0809937
2407,2.270659,0.124899544,-0.06679646,0.814236044883728,0.05163556709885597,2.5607126,2.7022688
2408,2.2368977,0.07844779,-0.1729056,0.85,0.05,4.608381,1.7559538
2409,2.2859857,0.08484613,-0.087006286,0.85,0.05,3.000374,2.5444205
2410,2.5251675,-0.08513574,-0.15788542,0.8018007874488831,0.029622098430991173,2.0471015,2.6520383
2411,2.261893,0.10479978,-0.08818769,0.7541381120681763,0.049875564873218536,3.6406598,2.6884038
2412,2.245578,0.113556504,-0.064683154,0.85,0.008418554440140724,3.2320287,2.6057708
2413,2.1911442,0.03928625,0.018120563,0.85,0.05,3.8700383,1.8133743
2414,2.3079503,0.09978842,-0.051241316,0.18157164752483368,0.07242826372385025,2.5640018,2.524182
2415,2.163066,0.10936487,-0.14876105,0.85,0.05,5.397994,1.5064017
2416,2.2949514,-0.00019404356,-0.13585715,0.8251055479049683,0.04382976517081261,4.171075,2.069546
2417,2.2693512,0.0652117,-0.037229985,0.6460602283477783,0.05,2.849123,2.2167006
2418,2.3645122,0.028440932,-0.15187718,0.18306469917297363,0.016410894691944122,2.6820564,2.4670892
2419,2.2882278,0.10301256,-0.024621828,0.8377426862716675,0.02568458952009678,2.242697,2.562633
2420,2.4158878,0.03684953,-0.20006454,0.85,0.0393049456179142,2.3984613,2.684404
2421,2.3136814,0.066791624,-0.028674439,0.5642557740211487,0.03928333520889282,2.1606817,2.87023
2422,2.3270662,0.09867273,-0.10841002,0.8049996495246887,0.03372269496321678,2.4488726,2.5447752
2423,2.189661,0.058513105,-0.019509148,0.85,0.05,4.2177825,2.1241145
2424,2.1944704,0.07947601,-0.056563225,0.85,0.05,4.2602983,2.0510263
2425,2.392193,0.09831935,-0.15518136,0.7873212099075317,0.04131126403808594,2.2003226,2.7263846
2426,2.3044925,0.09282906,-0.12848529,0.8405043482780457,0.05,2.8182387,2.5901241
2427,2.3303947,0.15179789,-0.18909605,0.8309771418571472,0.05,2.662118,2.557391
2428,2.2680776,0.082416534,-0.16621058,0.85,0.05,3.9877493,2.4862318
2429,2.2142966,0.09258093,-0.14607975,0.85,0.05,4.7857513,2.044764
2430,2.3479252,0.09692432,-0.22538199,0.8318661451339722,0.04958164319396019,2.8873305,2.5271916
2431,2.257298,0.04720806,-0.11220302,0.85,0.05,4.4814563,2.1115053
2432,2.22079,0.11849583,-0.02807844,0.85,0.03385387733578682,3.6098695,2.2856388
2433,2.3003466,0.027486322,-0.010800055,0.8498951196670532,0.05,2.5958636,2.515213
2434,2.1753871,0.10389171,-0.14542504,0.85,0.05,4.815307,1.7709825
2435,2.3081737,0.14702925,-0.034258995,0.5796833038330078,0.02845778316259384,2.0626051,2.244227
2436,2.1675444,0.09441933,-0.2359786,0.85,0.046609118580818176,6.779252,1.4087551
2437,2.2538068,0.13051048,-0.032604065,0.8306407332420349,0.04726152867078781,2.9122963,2.1725492
2438,2.3208861,0.07730811,-0.18987583,0.7490657567977905,0.06743934005498886,3.2046819,2.529325
2439,2.1915603,0.10399414,-0.03442702,0.85,0.05,4.4506793,1.9486343
2440,2.3586223,0.07857902,-0.20939355,0.761745274066925,0.05293583869934082,2.8569047,2.7352214
2441,2.338851,0.0018587583,-0.13976943,0.8408608436584473,0.040579091757535934,3.4069781,2.442788
2442,2.2395961,0.12031098,-0.105279826,0.85,0.008219716139137745,3.7365437,2.2660847
2443,2.194343,0.09308743,-0.13839185,0.8394798040390015,0.056182317435741425,4.9297643,2.5702462
2444,2.3356662,0.03984646,0.0007287677,0.8283824324607849,0.013608364388346672,2.0475616,2.4676707
2445,2.277603,0.017493008,0.019624766,0.8320688009262085,0.012343537993729115,2.559652,2.430981
2446,2.1968749,0.072243646,-0.02109294,0.8321282863616943,0.03395776078104973,3.9899209,2.1067984
2447,2.3502998,0.07032933,-0.13175,0.8285452127456665,0.05,2.361946,2.4126992
2448,2.2862284,0.06553799,-0.06389371,0.85,0.009164112620055676,3.0103981,2.4020507
2449,2.323842,0.0822051,-0.22107501,0.85,0.05,3.9580681,2.4966953
2450,2.2414188,0.09072335,-0.111666635,0.85,0.05,3.9658344,2.2223773
2451,2.3869689,0.057461333,-0.08631244,0.6351960301399231,0.06880621612071991,2.033071,2.7954621
2452,2.3059921,0.14739636,-0.18552834,0.85,0.05,2.7727168,2.553897
2453,2.2671995,0.034290418,-0.07893572,0.85,0.03434508666396141,3.6548388,2.1722646
2454,2.2482934,0.11286095,-0.07939003,0.85,0.05,3.3431163,2.5272446
2455,2.2572646,0.04743235,-0.096217066,0.85,0.05,4.1718082,2.120266
2456,2.2197394,0.093185216,-0.07262091,0.8480880260467529,0.05,3.746663,1.8255383
2457,2.1867142,0.13452062,-0.061015345,0.8253657221794128,0.03551970049738884,3.5820236,2.200043
2458,2.347999,0.061194416,-0.12422603,0.7859177589416504,0.03500966727733612,2.3671308,2.705449
2459,2.373588,0.04922968,-0.09563794,0.8243598341941833,0.03801172971725464,2.4249516,2.3370874
2460,2.1791604,0.11994068,-0.19120927,0.745176374912262,0.04780023917555809,5.2800627,1.4981756
2461,2.276498,0.04540966,-0.099826775,0.85,0.05,3.6598747,2.2313504
2462,2.472888,0.014038904,-0.06474764,0.1234791949391365,0.08900407701730728,1.9848777,2.682985
2463,2.294784,0.07378075,-0.25971717,0.8350946307182312,0.039995212107896805,4.5247054,1.8998392
2464,2.264457,0.13524547,-0.13258277,0.781907856464386,0.04961076378822327,3.361394,1.9745978
2465,2.2070017,0.08892898,-0.08710321,0.39171475172042847,0.027970070019364357,4.934475,1.902387
2466,2.222198,0.10709545,-0.14114623,0.85,0.019777674227952957,4.817787,1.8929806
2467,2.2376335,0.055643704,-0.078858055,0.8212947249412537,0.04238814115524292,4.1464767,1.8466443
2468,2.2761977,0.09761456,-0.11538158,0.85,0.03037741594016552,3.302557,2.6959147
2469,2.2409263,0.060376775,0.04967443,0.85,0.016351286321878433,3.0241942,2.381306
2470,2.291557,0.03012099,-0.14777723,0.85,0.011161146685481071,3.8971014,1.9016547
2471,2.3899436,0.024689734,-0.08389484,0.7827243208885193,0.032289210706949234,2.1379368,2.6630116
2472,2.1791406,0.15772022,-0.12475408,0.85,0.011401289142668247,4.842625,1.6918898
2473,2.3083758,-0.0012494295,-0.050235618,0.8157361745834351,0.05,3.1458387,1.9901836
2474,2.2382863,0.11067459,-0.19759154,0.85,0.048896729946136475,4.903989,2.367304
2475,2.2402549,0.091269076,-0.109531574,0.6881822347640991,0.023638669401407242,3.7602627,1.9666718
2476,2.3198802,0.035386838,-0.053462394,0.37652862071990967,0.06534517556428909,2.799712,2.247224
2477,2.3579404,-0.011831305,-0.16628197,0.2734725773334503,0.024831805378198624,3.37252,2.1854537
2478,2.3351398,0.073110096,-0.07794606,0.5409261584281921,0.05797654762864113,2.2818382,2.6529653
2479,2.3361037,-0.008456239,-0.07351804,-0.5049026012420654,0.04968389496207237,2.9465125,2.4577105
2480,2.2971156,0.030494345,-0.116435915,0.7248918414115906,0.008249509148299694,3.0858386,2.2888346
2481,2.2517653,0.058240797,0.017751588,0.85,0.05,2.9775035,2.3920715
2482,2.3517401,0.03634057,-0.13963215,0.8338437080383301,0.018736153841018677,2.5702536,2.60302
2483,2.253883,0.13361348,-0.04290263,0.8396441340446472,0.02825879491865635,2.5561373,2.29362
2484,2.2728388,0.11443677,-0.17522381,0.85,0.04370361939072609,3.7758665,2.2048194
2485,2.2441602,0.09903741,-0.07714056,0.85,0.05,3.5199573,2.3753717
2486,2.3392413,0.15326013,-0.25421432,0.8114036321640015,0.050866540521383286,2.5675845,2.411543
2487,2.2142923,0.098266445,-0.015699722,0.6482530832290649,0.03731703758239746,4.0076737,2.6993484
2488,2.2598433,0.08376801,-0.13113643,0.8199918270111084,0.04926084727048874,3.6653671,2.1669466
2489,2.3386178,0.04363122,-0.16324294,0.7866159081459045,0.05,2.8751793,2.4188254
2490,2.230872,0.12253808,-0.123250574,0.8239087462425232,0.060405340045690536,3.9717278,2.218491
2491,2.2135365,0.0610515,-0.07224627,0.85,0.05,4.3793974,1.8186574
2492,2.1946886,0.120107755,0.0068722116,0.85,0.05,3.3479953,2.3420317
2493,2.3631246,-0.007892958,-0.087315,0.5869952440261841,0.01598305255174637,2.1354332,2.4228663
2494,2.363674,0.040743593,-0.01776564,0.5754990577697754,0.061709336936473846,2.1069567,2.8199255
2495,2.3768513,0.0754022,-0.13675396,0.5163392424583435,0.05,2.1873395,2.0130303
2496,2.2397556,0.04182216,-0.059027154,0.85,0.009829496964812279,4.01275,2.423429
2497,2.3548834,0.028819097,-0.16151994,0.85,0.02606056071817875,3.0385063,2.4523273
2498,2.2456584,0.041136872,-0.01549323,0.8275259137153625,0.05,3.9613655,1.9504224
2499,2.2538977,0.05269821,-0.23958747,0.85,0.02863488905131817,4.8969803,1.7342647
2500,2.3138425,0.0685051,-0.097758204,0.6934494376182556,0.03288227319717407,2.6285536,2.5605147
2501,2.215326,0.15485604,-0.16079238,0.85,0.05,4.5595427,2.142691
2502,2.294712,0.15286502,-0.22102553,0.85,0.05,3.3537462,2.1527104
2503,2.306052,0.09300507,-0.10550425,0.7373310923576355,0.025967029854655266,2.542726,2.8036041
2504,2.2577906,0.11058069,-0.2917085,0.85,0.018656861037015915,5.522178,1.7309119
2505,2.2760012,0.1384295,-0.07526845,0.8194540739059448,0.05191308259963989,2.5644386,2.7872887
2506,2.314739,0.06683523,-0.17563036,0.6505335569381714,0.05800814554095268,3.4210792,2.623857
2507,2.3104382,0.037594937,-0.16988032,0.85,0.013457601889967918,3.2788098,2.420574
2508,2.2391748,0.049018264,-0.13153322,0.836138904094696,0.033682290464639664,4.2537403,2.488764
2509,2.2280152,0.13824917,-0.18361127,0.85,0.04309617727994919,4.750176,2.430784
2510,2.2416036,0.045813706,-0.08082704,0.85,0.0271208006888628,4.4326177,2.2297337
2511,2.2487595,0.09448708,-0.08077326,0.7988264560699463,0.05,3.4370303,2.0286698
2512,2.3164809,0.0972742,-0.10522998,0.7342931032180786,0.049632709473371506,2.5590985,2.7079718
2513,2.1590378,0.10066471,0.0570208,0.8300312757492065,0.02678716368973255,3.6914637,1.9183657
2514,2.3729646,0.03799897,-0.21544835,0.8357016444206238,0.05,2.7106771,2.6423833
2515,2.3265862,0.057668775,-0.06772969,0.8451007604598999,0.03080930933356285,2.6079707,2.5851831
2516,2.2267816,0.11343881,-0.08583306,0.7487854957580566,0.021530859172344208,3.8192997,2.745826
2517,2.2402909,0.11387975,-0.11407071,0.85,0.05,3.8642173,2.1256554
2518,2.2371743,0.10554201,-0.054427445,0.85,0.05,2.8348722,2.2666454
2519,2.2985969,0.017664129,-0.112560965,0.85,0.020274294540286064,3.4548078,1.9216092
2520,2.228812,0.035779197,-0.10535839,0.85,0.027722712606191635,4.542574,2.1511815
2521,2.153017,0.08930566,-0.01062139,0.8376821279525757,0.05,4.742506,1.7677841
2522,2.3832219,0.019954579,-0.24188474,0.5993912816047668,0.05,2.9912395,2.0554185
2523,2.2782855,0.14823122,-0.14603803,0.8155879974365234,0.05,2.7737725,2.7420561
2524,2.2833471,0.1426094,-0.2666918,0.85,0.05,4.6276684,1.9433439
2525,2.2843208,0.08068069,-0.036022905,0.2936505079269409,0.06558731198310852,2.3623703,2.917247
2526,2.2077827,0.14434403,-0.21409678,0.8337558507919312,0.03420816734433174,5.427842,2.2667224
2527,2.3635712,0.079309955,-0.2922303,0.85,0.05,4.146131,2.3858964
2528,2.2017937,0.12433922,-0.111411236,0.85,0.017783481627702713,4.6360607,2.2742643
2529,2.226275,0.07574543,-0.17202382,0.85,0.05,4.8498616,1.9783812
2530,2.312678,0.08812038,-0.058035634,0.7580171823501587,0.05,2.4327404,2.6604989
2531,2.2627258,0.053911906,0.034390256,0.6914210915565491,0.009768343530595303,2.532474,2.8008077
2532,2.2799659,0.11398955,-0.25502044,0.85,0.05,4.3169947,2.144562
2533,2.2124708,0.09880097,-0.06977955,0.85,0.05,3.5735903,2.584118
2534,2.213977,0.055073828,-0.21356389,0.8005514144897461,0.03057091496884823,5.2881484,1.3932049
2535,2.153025,0.1509183,0.03351853,0.8065940737724304,0.05,3.9315445,1.865217
2536,2.320995,0.16442297,-0.20928283,0.85,0.04560813307762146,2.630956,2.8518798
2537,2.3092237,-0.00012107211,0.09741634,0.85,0.03280499204993248,2.4184783,2.4746492
2538,2.2091682,0.10382778,-0.13309853,0.85,0.05,4.5210032,1.8307977
2539,2.2746263,0.058997482,-0.044933073,0.85,0.05,3.1540904,2.7715352
2540,2.3536043,-0.062520586,-0.16981946,0.85,0.05,3.7735028,2.0954356
2541,2.1500924,0.17261739,0.10712749,0.85,0.05,3.4314015,2.3656728
2542,2.3604314,0.08883877,-0.30892915,0.85,0.032313212752342224,3.8936384,2.471805
2543,2.3078825,0.078949906,-0.029964034,0.6519412994384766,0.030636677518486977,2.0961602,2.9157887
2544,2.272825,0.036019765,-0.013024512,0.85,0.025389835238456726,2.9125743,2.6404576
2545,2.2452972,0.013560406,-0.11642486,0.4641031324863434,0.05,3.680039,1.543088
2546,2.162007,0.092473626,0.011500008,0.7467877268791199,0.04598953202366829,4.4244843,2.415593
2547,2.2754982,0.08830239,-0.10463872,0.45408597588539124,0.04794184863567352,2.9375622,2.1861753
2548,2.4394324,0.015638504,-0.12489075,0.6682107448577881,0.03791702538728714,2.2399018,2.2848444
2549,2.2857099,0.10291239,-0.14853077,0.85,0.00940458383411169,3.3201358,2.4047952
2550,2.3378398,0.056145214,-0.1016848,0.5167854428291321,0.050233785063028336,2.3385472,2.75796
2551,2.372937,0.058374964,-0.19012345,0.85,0.03863147273659706,2.5837777,2.4113688
2552,2.2964838,0.03807034,-0.12920749,0.85,0.05,3.6000266,2.0798786
2553,2.2729466,0.060436007,-0.006767829,0.8279178142547607,0.026107819750905037,2.720234,2.2493813
2554,2.1080935,0.1510208,0.03514443,0.7780975699424744,0.03929423913359642,4.558062,1.7942988
2555,2.290403,0.046772256,-0.090711854,0.85,0.05,3.444691,2.2377546
2556,2.3316114,0.06354205,-0.14721166,0.8439042568206787,0.030660457909107208,2.9323645,2.367289
2557,2.291309,-0.013356048,-0.03840469,0.8362140655517578,0.04414534941315651,3.1776023,2.4785278
2558,2.1626053,0.1565426,-0.19499047,0.6467706561088562,0.057202741503715515,6.2640586,1.3587312
2559,2.276139,0.054299746,-0.11650033,0.6607414484024048,0.024919424206018448,3.5758524,2.2270727
2560,2.2627516,0.124694705,-0.21303992,0.85,0.05,4.354055,2.3873484
2561,2.2134123,0.110390894,-0.16718964,0.6148416996002197,0.05,4.5857716,1.6654693
2562,2.3001304,0.12615791,-0.105573975,0.6624573469161987,0.054859407246112823,2.6748867,2.8383605
2563,2.0964525,0.13101801,0.035323676,0.8046306371688843,0.05,4.7831397,1.6222135
2564,2.3135226,0.027679577,-0.042131305,0.7266618609428406,0.03712905943393707,2.7940845,2.8061187
2565,2.4245133,-0.020544307,-0.18132629,0.7826430201530457,0.03374691680073738,2.3524399,2.2323525
2566,2.3637543,0.059412707,-0.100690775,0.268706351518631,0.025405792519450188,2.45301,2.5390363
2567,2.2529724,0.1788161,-0.2759201,0.85,0.018917102366685867,4.5870137,2.1747165
2568,2.2724707,0.07302088,-0.11030087,0.8376600742340088,0.02558291144669056,3.1252055,2.0777898
2569,2.4166598,0.08726088,-0.17267996,0.589205801486969,0.05115843191742897,2.328546,2.309328
2570,2.2531574,0.098906025,-0.1410224,0.8119127154350281,0.0234989020973444,4.025262,2.1652505
2571,2.3132992,0.025387106,-0.15037504,0.7189410328865051,0.028127525001764297,3.2563121,2.4940665
2572,2.4101481,0.098685935,-0.23572814,0.7227133512496948,0.033862411975860596,2.347152,2.405938
2573,2.3027248,0.109154545,-0.19249852,0.85,0.035653822124004364,3.2719426,2.7194786
2574,2.1434655,0.14077273,-0.114536,0.8323075175285339,0.05,4.800463,1.4946185
2575,2.1789556,0.13864374,-0.103746325,0.8123186826705933,0.009901696816086769,4.864748,1.9899346
2576,2.2795851,0.06888837,-0.14736828,0.8250529766082764,0.03779730945825577,3.6936462,2.1000347
2577,2.370828,-0.0013565157,-0.20609131,0.85,0.026598934084177017,3.368319,2.384977
2578,2.1998034,0.08323881,-0.04148097,0.8475002646446228,0.027479663491249084,4.26751,2.0989833
2579,2.2461755,0.08783012,-0.19297999,0.7777314186096191,0.05,4.52237,1.8885639
2580,2.2922401,0.15563439,-0.24737807,0.85,0.0364416278898716,4.353636,2.7445688
2581,2.3528683,0.054026123,-0.1373059,0.85,0.019913140684366226,2.7530372,2.4896843
2582,2.2485318,0.072019786,-0.20160083,0.85,0.023663466796278954,5.10729,1.9528424
2583,2.2135222,0.063370116,-0.09198994,0.8214978575706482,0.05,4.4993677,2.212119
2584,2.253895,0.111794226,-0.09407751,0.85,0.0025266879238188267,3.4581277,2.1688435
2585,2.1997833,0.05755218,-0.14653914,0.7861486673355103,0.05,4.9677134,1.7036494
2586,2.3152735,0.10483328,-0.25260866,0.7527449131011963,0.06607525050640106,3.976975,2.2203724
2587,2.370138,0.06439992,-0.2638617,0.8112372159957886,0.030250856652855873,3.1694024,2.1605344
2588,2.3309853,0.03412036,-0.2021895,0.6898437142372131,0.04066914692521095,3.1299937,2.3613274
2589,2.3286316,0.040621985,-0.11669938,0.7507252097129822,0.014027064666152,2.3713374,2.6412666
2590,2.3156633,0.09355439,-0.21255375,0.85,0.05,3.7624972,2.157604
2591,2.2689695,0.013175441,-0.10501197,0.85,0.05,4.3418818,2.0156195
2592,2.331199,0.066512994,-0.22246121,0.8270987272262573,0.049306388944387436,3.2323697,2.2184932
2593,2.26997,0.03159332,-0.0057525984,0.85,0.02126746065914631,3.351722,2.5073597
2594,2.3345232,0.11484928,-0.17109483,0.632544755935669,0.04538772627711296,2.6578696,2.3218908
2595,2.334256,-0.022593457,-0.15445559,0.8387550711631775,0.03589501604437828,3.784961,2.1921628
2596,2.2800016,0.073463954,-0.078356124,0.85,0.05,2.8339,2.5453951
2597,2.3285356,0.0071251984,-0.11967069,0.8138856291770935,0.02665695920586586,2.7340353,2.3727758
2598,2.2471848,0.08647343,0.048645865,0.8493353128433228,0.01767122559249401,2.7885284,2.6316803
2599,2.3586652,0.07188653,-0.22811364,0.85,0.04060960188508034,2.690688,2.8171391
2600,2.1225865,0.1248841,-0.093685865,0.85,0.01409919187426567,5.5586295,1.5770931
2601,2.2106855,0.07913489,-0.004133325,0.85,0.05,3.9154882,2.3687131
2602,2.3032641,0.055433605,-0.1247624,0.8495018482208252,0.05,2.7407217,2.2733088
2603,2.2919652,0.106552444,-0.21071678,0.5885098576545715,0.016526959836483,3.3550484,2.1906407
2604,2.2218194,0.076062374,-0.14719915,0.8277732133865356,0.05,4.4662337,1.4284717
2605,2.2101676,0.09039737,-0.12819706,0.85,0.038984037935733795,4.9189906,2.5130723
2606,2.3722994,0.06517232,-0.16428444,0.8439908027648926,0.02898262068629265,2.3940227,2.408177
2607,2.1477838,0.15371288,-0.11238641,0.8453525304794312,0.05,4.7345905,1.5752106
2608,2.1960478,0.07602427,-0.19499607,0.8033155202865601,0.04078591242432594,5.2992954,1.222132
2609,2.2527757,0.104446076,-0.13461477,0.8130176067352295,0.05,4.093024,2.1754675
2610,2.3936484,0.005093163,-0.03517239,0.7403443455696106,0.05581619590520859,2.0389402,2.656163
2611,2.341328,-0.009267039,0.033725105,0.8069462776184082,0.02791598066687584,2.6060133,2.643748
2612,2.3356442,0.064541794,-0.11023634,0.7068363428115845,0.00719732278957963,2.270139,2.681808
2613,2.2770338,0.035496794,-0.07793026,0.8124484419822693,0.05,3.2853897,2.157865
2614,2.22364,0.08821314,-0.16615854,0.85,0.006465937942266464,4.554743,1.8137895
2615,2.2796073,0.08272638,-0.14141059,0.8416916131973267,0.03706071153283119,3.365212,2.3187
2616,2.2091172,0.07084506,-0.103401825,0.85,0.05,4.308899,1.8911453
2617,2.272453,0.049615707,-0.22113584,0.8343456387519836,0.00803218875080347,4.043148,1.7436951
2618,2.3229163,0.03323689,-0.11983806,0.2889886498451233,0.08923231810331345,2.7783911,2.5122452
2619,2.2968218,0.054711252,-0.1581355,0.85,0.010653282515704632,3.333611,2.717492
2620,2.2784953,0.033388216,-0.08132449,0.85,0.05,3.3334007,2.458021
2621,2.3037243,0.063579775,-0.20787151,0.85,0.02953503280878067,4.21741,1.8871436
2622,2.3760464,-0.0121148,-0.2533431,0.85,0.01745806261897087,3.586891,2.1737964
2623,2.371534,0.088272616,-0.042175137,0.4540151357650757,0.025941595435142517,2.0200236,2.7257717
2624,2.265364,0.06746935,-0.06051469,0.8380596041679382,0.05,3.1988153,2.2657733
2625,2.3264556,0.07334365,-0.15996523,0.85,0.03780362382531166,3.1603837,2.4517405
2626,2.1198597,0.052075736,-0.07404461,0.8327312469482422,0.05,6.3763957,1.2659464
2627,2.2423255,0.056301743,-0.040342886,0.85,0.020626163110136986,3.8894606,2.0892475
2628,2.3446944,0.1214787,-0.043086223,0.85,0.04116145521402359,2.1701264,2.8210094
2629,2.3291187,0.075319044,-0.24289407,0.85,0.03529617562890053,3.3971376,2.476975
2630,2.2880785,0.09688418,-0.22429618,0.6744365692138672,0.02499694935977459,4.150508,2.272763
2631,2.3137994,0.101662815,-0.15444477,0.6740884780883789,0.02332693710923195,2.6797497,2.6023393
2632,2.3665698,0.05199137,-0.12913086,0.6508636474609375,0.02305392362177372,2.3528776,2.5405152
2633,2.3818128,0.05160594,-0.005037165,0.5493397116661072,0.054943591356277466,2.1676157,2.5391657
2634,2.216359,0.0064157927,-0.06770361,0.8117822408676147,0.03838655725121498,4.398113,1.8851728
2635,2.2441316,0.111955136,-0.09864143,0.8179818391799927,0.05,3.2779794,2.423097
2636,2.3200834,0.17778228,-0.19264969,0.7212348580360413,0.03769760578870773,2.4135058,2.7960093
2637,2.2882562,0.057041638,-0.16834565,0.5250731706619263,0.05,4.043589,2.2026865
2638,2.211347,0.16936755,-0.088299975,0.85,0.029296014457941055,4.067765,2.2038732
2639,2.1317813,0.1344053,-0.08674796,0.85,0.05,5.4140596,1.4801985
2640,2.199979,0.115190595,-0.15834977,0.85,0.017363600432872772,4.4863915,2.1056426
2641,2.2262635,0.09749753,-0.076496825,0.85,0.05,4.058145,2.5995436
2642,2.2717419,-0.0019597271,-0.08336599,0.5428839921951294,0.048574160784482956,3.8624892,2.01141
2643,2.1900396,0.014830989,-0.16028719,0.85,0.02296428754925728,6.255587,1.3084829
2644,2.2324905,0.10413621,0.017614666,0.85,0.05,3.3881662,2.1646168
2645,2.2566285,0.13841839,-0.15884686,0.7393229007720947,0.05,3.9927835,2.0575078
2646,2.2025468,0.07195109,-0.036639135,0.6270467042922974,0.05,4.119865,1.7738005
2647,2.218688,0.095396996,-0.20416969,0.85,0.007087105419486761,5.2291317,1.4676173
2648,2.2985115,0.058779966,-0.07048927,0.8301026225090027,0.027025243267416954,2.8390543,2.7811334
2649,2.361012,-0.026816465,0.0054094456,0.833153247833252,0.024967899546027184,2.3905497,2.3282833
2650,2.2083874,0.063888036,-0.100396715,0.85,0.05,4.631387,1.5715225
2651,2.3315074,0.05283596,-0.060534116,0.85,0.05,2.2401838,2.5223582
2652,2.3549943,0.092023835,-0.09483154,0.7213693857192993,0.06443333625793457,2.3174822,2.784872
2653,2.3593512,0.0119704455,-0.08698803,0.5783318877220154,0.11328282952308655,2.359033,2.8404946
2654,2.225071,0.08810954,-0.03285841,0.85,0.05,3.537798,2.1071475
2655,2.2049165,0.13265526,-0.02397371,0.85,0.021849658340215683,3.2674606,2.4151309
2656,2.2316017,0.04033201,-0.05264454,0.85,0.01669379323720932,4.018886,1.9860809
2657,2.2774413,0.051689822,-0.018570809,0.4783027768135071,0.039321817457675934,2.700321,2.7916548
2658,2.1947482,0.09072208,-0.13097318,0.8262971043586731,0.002527317963540554,4.7711043,1.9084351
2659,2.3128512,0.08593418,-0.13990107,0.85,0.05,2.9249423,2.1724608
2660,2.287188,0.1573875,-0.008787987,0.6894546151161194,0.05246211215853691,2.3758326,2.6132848
2661,2.31827,0.030636996,-0.13242353,0.8362454771995544,0.055120572447776794,3.5098004,2.794497
2662,2.275755,0.08474586,-0.073317565,0.7010663151741028,0.05,2.7877233,2.47383
2663,2.3501,0.11338128,-0.21099395,0.85,0.02569844014942646,2.6219962,2.457208
2664,2.1547952,0.1508057,-0.05342356,0.7818825840950012,0.05782701075077057,4.5358543,1.710867
2665,2.2867281,0.07736848,0.11110035,0.6146979928016663,0.044995054602622986,2.289065,2.8134606
2666,2.3183765,0.014265473,-0.075001515,0.7885496020317078,0.05,3.0690913,2.5508666
2667,2.384668,0.082676925,-0.30855623,0.85,0.023342886939644814,3.0893936,2.5889661
2668,2.176599,0.07418957,-0.041602734,0.8188620209693909,0.04326455667614937,4.40175,1.9699017
2669,2.3056333,0.039359447,0.0055753933,0.8116322755813599,0.025535522028803825,2.516839,2.1706119
2670,2.3212404,0.114105016,-0.037351854,0.6574004888534546,0.05851249396800995,2.1146636,2.5633888
2671,2.4017193,0.038261674,-0.16242833,0.3758556842803955,0.054433099925518036,2.36489,2.850466
2672,2.215872,0.13042524,-0.11706422,0.85,0.028113581240177155,4.3372393,2.276111
2673,2.2775998,0.06537915,-0.08321538,0.85,0.05,3.1576085,2.2790754
2674,2.2410042,0.06136539,-0.034225754,0.85,0.012417053803801537,3.2526145,2.1699953
2675,2.226037,0.13156271,-0.11573186,0.812724232673645,0.061014559119939804,4.074265,2.2266812
2676,2.1908128,0.15536916,-0.050126035,0.8292279839515686,0.05,4.3448505,1.8341664
2677,2.30168,0.02696192,-0.08953708,0.85,0.032915014773607254,3.1324499,2.491527
2678,2.2390924,0.07678262,-0.032362744,0.85,0.04129922389984131,3.5361452,2.3857975
2679,2.369212,0.069891304,-0.25130242,0.6957729458808899,0.05,3.0571952,2.5907216
2680,2.2747836,0.056836255,-0.12424711,0.8185622692108154,0.05,3.917335,1.9037706
2681,2.3090491,0.0031935102,-0.018160664,0.85,0.04279755800962448,2.8529456,2.0541563
2682,2.1641457,0.074783996,-0.04999768,0.85,0.05,4.7517734,1.7188858
2683,2.3000069,0.05249269,-0.23662004,0.8046502470970154,0.05,4.2866225,1.7236788
2684,2.2319853,0.1055841,-0.13941108,0.85,0.05,4.5786057,2.1056232
2685,2.2788632,0.12649818,-0.17580923,0.85,0.05,3.8462937,1.8127191
2686,2.2306929,0.09070551,-0.21365969,0.85,0.007576293312013149,5.0840526,1.5850801
2687,2.2465734,0.098478355,-0.10111011,0.7191751599311829,0.049306876957416534,3.511437,2.1145537
2688,2.2527976,0.1304878,-0.14858116,0.7762781977653503,0.04525960609316826,4.084604,2.458891
2689,2.3557758,0.057170495,-0.18782465,0.8051449060440063,0.032858122140169144,2.554063,2.3614018
2690,2.1858134,0.096841015,-0.062345266,0.85,0.02729451283812523,4.121587,2.2503471
2691,2.3498936,0.024759425,-0.13629887,0.8358962535858154,0.016398711130023003,2.6628597,2.30437
2692,2.2646124,0.07923084,-0.08132452,0.8163193464279175,0.05184756591916084,3.8497255,2.4523492
2693,2.3668497,0.0070272866,-0.122069865,0.7182331085205078,0.037013065069913864,2.6432273,2.355085
2694,2.3327575,0.06309415,-0.19418193,0.85,0.05,3.2548954,2.755064
2695,2.1725457,0.10914554,-0.00213842,0.85,0.05,3.9439223,1.8246385
2696,2.3415148,0.09414111,-0.088569835,0.758049488067627,0.004659423604607582,2.114799,2.6073332
2697,2.2669587,0.05620131,-0.18047728,0.85,0.05,4.459184,1.9832765
2698,2.24725,0.049400866,-0.2450298,0.85,0.017704475671052933,5.0197415,1.6389798
2699,2.2296786,0.119546674,-0.13965221,0.85,0.01359806302934885,4.2893987,2.1260738
2700,2.282726,0.036249314,-0.12837619,0.8249286413192749,0.023422537371516228,4.0760226,2.1293595
2701,2.3639956,0.036693577,-0.10008192,0.7539971470832825,0.016231412068009377,2.3012009,2.3791018
2702,2.380514,0.057452444,-0.18244907,0.5118801593780518,0.03696174919605255,2.5445085,2.7134619
2703,2.2908251,0.04708605,-0.16758563,0.85,0.05,3.900955,2.119936
2704,2.1662095,0.12275377,-0.15617111,0.8427774310112,0.028620557859539986,5.2996635,1.4759793
2705,2.2867067,0.066884436,-0.08121264,0.85,0.02969294600188732,2.8949184,2.359947
2706,2.236733,0.12947203,-0.18379135,0.8404091000556946,0.05,4.9764695,2.132563
2707,2.33961,-0.0021260998,-0.09255808,0.7301792502403259,0.03448116406798363,2.719945,2.7857268
2708,2.3530369,0.03542523,-0.04908667,0.5712822675704956,0.05,2.2160835,2.3107746
2709,2.2547724,0.12649713,-0.19463584,0.85,0.05,4.1325254,2.4948103
2710,2.2749574,0.051935505,-0.044664606,0.8137843012809753,0.05,2.898874,2.165332
2711,2.247115,0.11955386,-0.17363752,0.85,0.05,4.2091026,2.1288
2712,2.108814,0.10306073,-0.119956136,0.8179675936698914,0.03718465194106102,6.72048,1.3872322
2713,2.2767665,0.15851125,-0.43875328,0.8356539011001587,0.046477060765028,6.24437,1.299703
2714,2.3082929,0.02277346,-0.060484473,0.8367957472801208,0.05,3.048863,2.3427875
2715,2.2825418,0.0575192,-0.1471786,0.85,0.05,3.9472086,1.7990409
2716,2.320857,0.04251225,-0.11288621,0.41651034355163574,0.04966888949275017,2.721694,2.4205
2717,2.339848,0.034633525,-0.06837664,0.8208427429199219,0.03771405667066574,2.5922675,2.865201
2718,2.2895832,0.082772866,-0.08111267,0.85,0.05,2.84071,2.7910976
2719,2.2450764,0.14330404,-0.074002534,0.6600220203399658,0.06463509052991867,3.121833,2.6430783
2720,2.3407953,-0.0039256196,-0.085685894,0.7508547902107239,0.039548732340335846,2.5773835,2.8372867
2721,2.3336785,0.074332654,-0.19326381,0.7947331070899963,0.02292606793344021,3.0029833,2.2423751
2722,2.3225443,0.05960624,-0.15236838,0.85,0.008504468947649002,3.1054606,2.2264671
2723,2.2802052,0.03842148,-0.06807437,0.85,0.023924531415104866,3.3281653,2.735022
2724,2.2235568,0.08220069,-0.20967132,0.85,0.05,5.2997136,1.6954923
2725,2.3073251,0.051564656,-0.059838675,0.85,0.04066908732056618,2.4098346,2.6952033
2726,2.2363122,0.074462056,-0.026312843,0.85,0.05,3.9323325,2.17166
2727,2.2175603,0.074512884,-0.1261573,0.85,0.02749326452612877,4.9296227,2.3333461
2728,2.2602072,0.103740826,0.025168717,0.7848029136657715,0.05,2.2520683,2.5421364
2729,2.2932675,-0.013294326,-0.0051228665,0.770050048828125,0.009337696246802807,2.7200737,2.3589284
2730,2.2355678,0.07106595,-0.13242689,0.85,0.05,4.628952,2.238426
2731,2.299767,-0.0067629684,-0.06645809,0.8164994716644287,0.025535451248288155,2.7626567,2.427478
2732,2.3021686,0.071717285,-0.062047586,0.85,0.05,2.9074748,2.5038795
2733,2.2339962,0.057154667,-0.044547085,0.85,0.019175834953784943,4.0224643,2.2039592
2734,2.240289,0.07344418,-0.24808764,0.803736686706543,0.04277392104268074,5.0829763,1.552024
2735,2.2091382,0.09584141,-0.14582293,0.85,0.03882627934217453,4.974976,2.1709278
2736,2.3394756,-0.035302844,-0.09615334,0.7257341146469116,0.05,3.0300772,2.4457593
2737,2.2250383,0.035426747,-0.056420732,0.8270044922828674,0.05,4.135609,1.6909041
2738,2.3051581,0.064024195,-0.080483794,0.7934489250183105,0.0430927537381649,2.6626787,2.6233833
2739,2.3982544,0.088614486,-0.1067859,0.37991318106651306,0.07958918064832687,2.2267292,2.5889583
2740,2.3587785,0.028827896,-0.043343525,0.8280656933784485,0.02420063130557537,2.386937,2.7076237
2741,2.3334923,0.08249824,-0.049234565,0.85,0.05,2.6827679,2.1329465
2742,2.3901327,0.044866387,-0.06949153,0.8453130125999451,0.05,2.0689564,2.63242
2743,2.2948723,0.024047611,-0.079319686,0.8199894428253174,0.026450039818882942,3.1094792,2.771006
2744,2.2154965,0.12905103,0.013115382,0.85,0.015542447566986084,3.4548957,2.2682064
2745,2.2482896,0.10035495,-0.03668338,0.7010819911956787,0.05097069591283798,2.8062675,2.5750444
2746,2.234053,0.065917894,-0.11802049,0.85,0.012351003475487232,4.564309,1.9160717
2747,2.320815,0.074298434,-0.09333852,0.8173263072967529,0.06342144310474396,2.3662546,2.461606
2748,2.4756274,0.06599367,-0.05101139,0.32729530334472656,0.11806373298168182,2.1342802,2.8615825
2749,2.3007596,0.1039805,-0.18250339,0.85,0.03314492851495743,4.1902456,2.5507333
2750,2.2340293,0.0763058,-0.0071346466,0.6324814558029175,0.04156709089875221,3.023708,2.2997255
2751,2.301152,0.1387165,-0.16461232,0.7623984813690186,0.05704411491751671,2.7493544,2.6580715
2752,2.236917,0.12764575,-0.1180125,0.8476660251617432,0.02991126850247383,3.5262399,2.6118472
2753,2.311999,0.038555704,0.0017315585,0.8170454502105713,0.0210113488137722,2.245824,2.517253
2754,2.2054865,0.16857688,-0.14870225,0.85,0.05,4.79568,1.713566
2755,2.1237874,0.102318786,0.03540332,0.85,0.00838963408023119,4.835469,1.6722813
2756,2.176034,0.14479564,-0.052525986,0.85,0.05,4.4737124,2.498487
2757,2.258768,0.07709306,-0.055681333,0.84627765417099,0.01628667488694191,3.2459238,2.0085099
2758,2.225982,0.072952785,-0.13503543,0.85,0.00545429578050971,4.4722476,1.9491458
2759,2.234093,0.12882651,-0.15098727,0.85,0.026891060173511505,4.1376653,2.1321263
2760,2.2307954,0.0823827,-0.11101812,0.8194206953048706,0.05,3.9524152,1.7579229
2761,2.3227856,0.06259662,-0.24512787,0.85,0.05,3.9355597,2.3794367
2762,2.1967106,0.100813486,-0.103706576,0.5792064070701599,0.014219394885003567,4.646357,1.8171729
2763,2.1533084,0.088749714,0.04707231,0.5274052619934082,0.021960318088531494,4.0251074,2.1527202
2764,2.2290976,0.059136923,-0.12744932,0.8284106850624084,0.05,4.5801,1.7709005
2765,2.3427913,-0.04302423,-0.0539706,0.2903987765312195,0.05,2.8001194,1.9025913
2766,2.2847161,-0.0063470877,-0.11968947,0.85,0.05,3.8880548,2.5169694
2767,2.2992556,0.024826223,-0.04656679,0.8262301683425903,0.029518969357013702,2.9449513,2.4165328
2768,2.246519,0.15641457,-0.31488135,0.85,0.040137723088264465,5.301786,1.5060228
2769,2.2323182,0.1314661,-0.1191654,0.8442260026931763,0.029925435781478882,4.2168546,1.8142731
2770,2.2604318,0.10508086,-0.08282222,0.85,0.05,3.0122316,2.1255043
2771,2.3141005,0.09491934,-0.1502044,0.85,0.021888870745897293,2.5519412,2.8183668
2772,2.3208268,0.041981153,-0.12392649,0.8251172304153442,0.026055285707116127,3.07982,2.2234535
2773,2.3932168,0.08048448,-0.1307236,0.6443222165107727,0.1492416113615036,2.198647,2.6481347
2774,2.3321297,0.07943637,-0.10606694,0.7915575504302979,0.029224257916212082,2.2676775,2.7728987
2775,2.2616875,0.09657575,-0.11779449,0.85,0.05,3.317655,2.277047
2776,2.288461,0.07469004,-0.07442899,0.7387258410453796,0.028814857825636864,2.6772454,2.6011426
2777,2.2886956,0.056043178,-0.08282532,0.8002055287361145,0.01933933235704899,3.077881,2.596396
2778,2.321207,0.014663086,-0.24195936,0.8457118272781372,0.03137975186109543,4.3251886,2.2270834
2779,2.3824883,0.004694558,0.01717826,0.8186015486717224,0.048802126199007034,2.2284722,2.2567341
2780,2.3671925,0.057530235,-0.085198976,0.6843262314796448,0.029861975461244583,2.1578195,2.6801198
2781,2.4442952,0.07712798,-0.08511296,0.8192077875137329,0.05,2.0209084,2.8122036
2782,2.1986372,0.09981323,0.010344801,0.8329755663871765,0.04183216392993927,3.5370166,2.2134342
2783,2.2769866,0.092927575,-0.047926076,0.85,0.05,3.0783095,2.394276
2784,2.2330084,0.09560486,0.039109875,0.5892629027366638,0.040585607290267944,3.1829743,2.702851
2785,2.201498,0.11764463,-0.07991975,0.85,0.012352156452834606,3.507391,2.485674
2786,2.3016968,0.050629422,-0.20248069,0.85,0.031052134931087494,4.1471434,1.9380002
2787,2.3406758,-0.0046965447,-0.027717965,0.5909965634346008,0.05377016216516495,2.4201238,2.294066
2788,2.2763464,0.044044364,-0.02895866,0.75237637758255,0.055000197142362595,3.0076694,2.916087
2789,2.2937844,0.10110826,-0.048525184,0.8467046022415161,0.04693373292684555,2.5570922,2.6581998
2790,2.298431,0.101001665,-0.19876747,0.8178084492683411,0.05,4.048864,1.9922174
2791,2.318365,0.06057269,-0.087178804,0.85,0.03224716708064079,2.5544403,2.697595
2792,2.1773565,0.16594456,-0.07640995,0.674142599105835,0.05,4.6006036,2.10669
2793,2.3304121,0.026230657,-0.10323085,0.4455341696739197,0.03652088716626167,2.654756,2.1719835
2794,2.268263,0.056908026,-0.11007484,0.85,0.05,3.5600264,2.0885522
2795,2.2400472,0.019969331,-0.020967254,0.8281862735748291,0.05,3.789477,2.0083923
2796,2.2747736,0.07646675,-0.102724485,0.7823468446731567,0.01627352461218834,3.3835616,2.1354692
2797,2.1896822,0.07658002,-0.13952991,0.85,0.05,5.5321302,1.4931898
2798,2.2947397,0.07511237,-0.23018034,0.85,0.05,4.3156166,2.0888977
2799,2.1861422,0.06778523,-0.107223466,0.8377268314361572,0.01867792010307312,4.859788,1.402987
2800,2.2987742,0.084635116,-0.1425639,0.85,0.05,3.2139516,2.1751294
2801,2.2741022,0.084143974,-0.023449685,0.8458533883094788,0.019556889310479164,2.4523838,2.2345963
2802,2.248242,0.09187162,-0.13999388,0.85,0.05,3.8502975,2.2292974
2803,2.3256915,0.034172855,-0.023636818,0.8212546110153198,0.02301572635769844,2.2158258,2.757309
2804,2.2977977,0.019722601,-0.23226508,0.85,0.026745229959487915,4.883766,1.6471193
2805,2.264813,0.12000283,-0.057266213,0.8168673515319824,0.05,2.7049456,2.6226687
2806,2.2498655,0.10312173,-0.17293637,0.85,0.05,4.222057,2.0242548
2807,2.3272355,0.099319294,-0.18269555,0.8463271856307983,0.021461309865117073,3.013684,2.088373
2808,2.3201325,0.0048641167,-0.08606424,0.85,0.05,3.1906881,2.2830634
2809,2.1797433,0.13278745,-0.13440655,0.85,0.01788788102567196,5.1127496,1.7930273
2810,2.2593198,0.054648686,-0.10586126,0.8053520917892456,0.023190712556242943,4.2850533,2.153913
2811,2.268658,0.09619892,-0.11761967,0.85,0.02613399736583233,3.3406556,2.5728815
2812,2.3007913,0.046910424,-0.1276751,0.85,0.05,3.635345,2.132406
2813,2.2223032,0.12831981,-0.1685065,0.85,0.05,4.7521315,1.9059085
2814,2.2923524,0.09031723,-0.07181714,0.85,0.03443857282400131,2.709164,2.5053868
2815,2.3667994,0.034705438,-0.23066214,0.6869874000549316,0.03845447674393654,3.552546,2.2914066
2816,2.235653,0.093463995,-0.07187667,0.85,0.025182293727993965,3.645487,2.7345743
2817,2.2653768,0.119073294,-0.040148996,0.38829177618026733,0.05,2.826197,2.416085
2818,2.215717,0.12241678,-0.06306405,0.85,0.05,3.2618783,2.27383
2819,2.174552,0.10005572,-0.061043028,0.85,0.05,4.5351505,1.6159939
2820,2.2377264,0.12196425,-0.146802,0.651362419128418,0.04478802904486656,3.8507621,1.9707962
2821,2.235938,0.13662398,-0.09525858,0.85,0.031643472611904144,3.6552796,2.2097907
2822,2.2539098,0.012026621,0.07769701,0.85,0.05,3.1428642,2.4526243
2823,2.2970626,0.03247515,-0.054507982,0.8281639218330383,0.012247100472450256,3.075064,2.0691705
2824,2.4322135,-0.00913105,-0.24512506,0.85,0.05,2.5314739,2.520224
2825,2.3405712,0.024132285,-0.027348991,0.8412650227546692,0.05834371596574783,2.3818185,2.738508
2826,2.2583277,0.11253511,-0.070240706,0.4297633469104767,0.009671240113675594,3.012791,2.3458202
2827,2.2085443,0.07617234,-0.15594633,0.85,0.01074135210365057,5.079972,1.5733198
2828,2.251415,0.09686597,-0.120915055,0.8337676525115967,0.03117620386183262,3.6355667,1.958771
2829,2.217222,0.05529419,-0.12551652,0.82047039270401,0.04742171987891197,4.5023956,1.9167506
2830,2.2653909,0.13037392,-0.1127773,0.7000051736831665,0.048298075795173645,3.8466766,2.582405
2831,2.3065429,0.07650498,-0.18272465,0.85,0.021010059863328934,3.558232,2.2429097
2832,2.2388287,0.13304864,-0.14693394,0.85,0.05,4.0510015,2.2513926
2833,2.2785735,0.15229443,-0.2990384,0.85,0.05,5.170209,2.0935895
2834,2.277086,0.17663501,-0.06646009,0.8063931465148926,0.02638181298971176,2.244021,2.4861357
2835,2.306592,0.15886416,-0.048534475,0.6053897738456726,0.05790223181247711,2.3616986,2.576508
2836,2.260351,0.092272095,-0.105997995,0.8158467411994934,0.05,3.932203,2.1624012
2837,2.2096143,0.15230964,-0.18338627,0.85,0.05,4.517722,2.139194
2838,2.2509425,0.103420414,-0.03448506,0.8311856985092163,0.019918709993362427,3.125376,2.3928337
2839,2.3082585,0.027739402,-0.04092871,0.621632993221283,0.03770942613482475,2.7849054,2.7275598
2840,2.2827058,-0.008011974,-0.07424553,0.85,0.05,3.6824362,2.0607307
2841,2.2667668,0.029395062,-0.05792412,0.8200740218162537,0.05,3.3203292,2.6815445
2842,2.281794,0.021795481,-0.0050539128,0.6317994594573975,0.023043515160679817,2.59485,2.5163274
2843,2.2356758,0.0943885,-0.04574271,0.8154280781745911,0.05,3.0479245,2.0205114
2844,2.2338345,0.120374754,-0.24595457,0.8210060000419617,0.04835037514567375,4.691677,1.8374108
2845,2.2722769,0.11821824,-0.11684708,0.7940231561660767,0.04085404798388481,3.1665838,2.2701552
2846,2.2303693,0.103530094,-0.07558049,0.85,0.05,3.8546438,2.1883993
2847,2.3311298,0.14397192,-0.31689346,0.8132510185241699,0.02550109103322029,4.282413,2.2550783
2848,2.2314043,0.07605117,-0.13071872,0.8083498477935791,0.05,4.01925,1.9262478
2849,2.2654648,0.09148057,-0.063438274,0.85,0.05,2.9335933,2.6082778
2850,2.2839248,0.07322499,-0.17445992,0.84054034948349,0.01706729456782341,4.226562,2.169933
2851,2.2637599,0.06193002,-0.012748307,0.841346263885498,0.021410956978797913,2.9293563,2.569004
2852,2.2627912,0.12246993,-0.121330574,0.85,0.03108181431889534,3.743058,2.624193
2853,2.2055335,0.102079585,-0.073172286,0.797057032585144,0.019586196169257164,3.9114563,2.0756936
2854,2.1734064,0.13790506,-0.08546787,0.85,0.05,4.83664,2.1168168
2855,2.30776,0.041184165,-0.00045815532,0.85,0.02531599812209606,2.4375496,2.8137875
2856,2.312952,0.05734444,-0.14151242,0.8467313647270203,0.05,2.9334438,2.3297858
2857,2.2147436,0.14935416,-0.14248969,0.7804709672927856,0.022034479305148125,4.4492893,2.33841
2858,2.2809582,0.055041816,-0.14732875,0.85,0.015521767549216747,3.718212,2.3308115
2859,2.3251004,0.074826136,-0.058082942,0.6065294146537781,0.08065824210643768,2.4859056,2.6327696
2860,2.2753491,0.0794419,-0.095752336,0.8423765301704407,0.05,3.4831867,2.216651
2861,2.342333,0.1027922,-0.12967536,0.48501384258270264,0.04859238490462303,2.2308495,2.8419147
2862,2.2408228,0.11157248,-0.30585933,0.8180723786354065,0.05466699227690697,5.526002,1.4659317
2863,2.2301862,0.054018967,-0.0062164282,0.7959725856781006,0.009829611517488956,3.465099,2.0627902
2864,2.396892,0.05778281,-0.06588407,0.59389328956604,0.044339340180158615,2.0562892,2.6582577
2865,2.295738,0.024536695,-0.08458586,0.7860901355743408,0.04153652489185333,3.1336129,2.083818
2866,2.1860085,0.043623697,-0.043428294,0.5853301882743835,0.013646554201841354,4.9369583,1.4943931
2867,2.246202,0.015430747,-0.1607278,0.85,0.04520108178257942,4.875624,1.8844243
2868,2.272978,0.050712347,-0.2746547,0.85,0.05,5.2274327,1.8322133
2869,2.2003872,0.13493307,-0.14945821,0.85,0.02121778205037117,5.019588,1.7116642
2870,2.200881,0.03242914,0.018729985,0.8473069667816162,0.043492693454027176,4.379808,2.728292
2871,2.4158552,0.08060328,-0.11381302,0.8494048118591309,0.044815242290496826,2.0011356,2.9050055
2872,2.147259,0.08583833,-0.09774474,0.85,0.014193388633430004,5.68967,1.4900535
2873,2.243302,0.07781392,-0.066764355,0.8457683324813843,0.033323243260383606,3.5329394,2.677948
2874,2.2133625,0.09708025,-0.05521393,0.85,0.012322728522121906,4.184961,2.418945
2875,2.338552,0.093146935,-0.19743517,0.85,0.024813571944832802,2.7959592,2.5082831
2876,2.3424275,0.07706525,-0.22500873,0.7969449758529663,0.012519941665232182,3.165659,2.4113944
2877,2.2094543,0.035051946,0.029707931,0.85,0.02198188006877899,3.821139,1.9968123
2878,2.22232,0.1497357,-0.26975784,0.85,0.008933605626225471,5.161827,1.5554014
2879,2.417778,0.053188037,-0.16813435,0.8406933546066284,0.05,2.1838045,2.492232
2880,2.3124335,0.07356833,-0.15621088,0.8005199432373047,0.05,3.206779,2.1850111
2881,2.2621734,0.13512512,-0.162705,0.8472681045532227,0.027770880609750748,3.4313734,2.658641
2882,2.281579,0.12374959,-0.29099485,0.85,0.013641414232552052,4.771635,2.0705285
2883,2.269814,0.087812506,-0.07967605,0.6174342632293701,0.025662491098046303,3.034678,2.2485135
2884,2.3473718,0.0066912924,-0.08596992,0.85,0.05,2.560038,2.5694244
2885,2.2167232,0.12518767,-0.07901141,0.8139693737030029,0.05,3.450119,1.8569236
2886,2.1927583,0.07779823,-0.10707323,0.85,0.05,4.6330814,1.6184344
2887,2.2975934,0.0711452,-0.1627886,0.85,0.05,3.1847193,2.189871
2888,2.2468905,0.08738123,-0.09228436,0.8348857164382935,0.04158203676342964,3.2786274,2.1651802
2889,2.252521,0.055265788,-0.2631999,0.8184198141098022,0.03143097832798958,4.674527,1.4910239
2890,2.1976664,0.1032178,-0.06503679,0.85,0.05,3.760843,2.009948
2891,2.2640834,0.12155111,-0.064350694,0.7991335391998291,0.02041398175060749,2.679335,2.3019748
2892,2.2717898,0.0835276,-0.07163776,0.85,0.05,2.7167244,2.5026038
2893,2.2162387,0.14545903,-0.06515523,0.8230108618736267,0.057644013315439224,4.1744514,2.6188772
2894,2.3222601,0.077527724,-0.14699063,0.5932096242904663,0.06693126261234283,2.7889612,2.6653073
2895,2.2468822,0.0066599334,-0.16247714,0.85,0.05,4.4896803,1.555859
2896,2.2539022,0.15714923,-0.15490964,0.85,0.05,3.5557868,2.651306
2897,2.2603424,0.068198025,-0.2091486,0.85,0.05,4.4776845,1.5442631
2898,2.3455021,0.023869073,-0.091433965,0.85,0.04742735996842384,2.535893,2.8330119
2899,2.2566686,0.004675582,0.009479312,0.85,0.017955604940652847,3.241788,2.4125915
2900,2.4304798,-0.014172428,-0.09753561,0.8271671533584595,0.010296989232301712,2.0738087,2.2610693
2901,2.2772076,0.06291517,-0.10940481,0.8335856199264526,0.034979503601789474,3.0007594,2.3665564
2902,2.3769362,0.061135992,-0.040963724,0.4904012084007263,0.052994709461927414,2.0732806,2.743977
2903,2.3150468,0.052320957,-0.134604,0.85,0.05,2.9225857,2.5219123
2904,2.3163311,0.04888642,-0.18577231,0.85,0.0223142858594656,3.9222202,2.4183066
2905,2.334222,0.06333369,0.0033945467,0.85,0.05,2.1523097,2.3819456
2906,2.2578745,0.117054924,-0.07874403,0.85,0.05,2.8147063,2.7525692
2907,2.299763,0.11146487,-0.14061604,0.7853080630302429,0.016156192868947983,3.0087557,2.4180717
2908,2.389888,0.08069251,-0.33913353,0.85,0.017324186861515045,3.2929668,2.261234
2909,2.3704033,0.041727707,-0.2323835,0.7897672057151794,0.06775861978530884,3.0495727,2.827728
2910,2.3931391,0.032065075,-0.13609567,0.5920825004577637,0.07133501023054123,2.4011612,2.661389
2911,2.2782104,0.09066836,-0.07988604,0.8401174545288086,0.04104461520910263,2.9872274,2.5384247
2912,2.263678,0.068840444,-0.18553133,0.8296763300895691,0.034901976585388184,4.1261973,1.9556175
2913,2.3645337,0.009473678,-0.030294903,0.6300949454307556,0.043340276926755905,2.3457608,2.7728066
2914,2.2538605,0.13887803,-0.16896172,0.85,0.01921013742685318,3.8997285,2.5309057
2915,2.409297,0.037657063,-0.2785966,0.7846267819404602,0.03315908834338188,3.0351553,2.2271266
2916,2.1713853,0.056966566,-0.060314525,0.85,0.05,4.685768,1.6643864
2917,2.2565105,0.12068906,-0.113538936,0.85,0.05,3.848775,2.2497358
2918,2.3259814,0.056794487,-0.10331815,0.7259758710861206,0.02778599224984646,2.630985,2.2279866
2919,2.1994145,0.083510324,-0.11651061,0.85,0.02856535278260708,4.593457,2.383432
2920,2.3437576,0.04398114,-0.15064114,0.8308947682380676,0.026951275765895844,2.749648,2.6492941
2921,2.2252746,0.049445003,-0.037075013,0.8403800129890442,0.05,3.888223,2.2255397
2922,2.2858236,0.08749817,-0.056904778,0.532239556312561,0.02577368915081024,2.5775456,2.227992
2923,2.2539124,0.08335821,-0.0955592,0.8325778841972351,0.05,3.7041366,2.0980213
2924,2.384109,0.07451274,-0.10397842,0.18965093791484833,0.07551993429660797,2.2330468,2.3459814
2925,2.351308,0.05477094,-0.19247828,0.85,0.03322800621390343,2.81526,2.5985787
2926,2.2633169,0.045211244,-0.13901766,0.8349339962005615,0.05,3.7704854,1.7981356
2927,2.3347397,0.04407461,-0.11428301,0.8389902114868164,0.05,2.6810334,2.7102253
2928,2.2732787,0.05707199,-0.22323753,0.85,0.05,4.445673,2.4312563
2929,2.2927518,0.032025624,-0.16641688,0.8326711654663086,0.04019971564412117,3.7790763,1.951279
2930,2.265101,0.13641396,-0.12665345,0.5747083425521851,0.01817888207733631,3.1693568,2.6303504
2931,2.2930996,0.051285557,-0.015705248,0.8389323353767395,0.03717786446213722,2.5762944,2.7243617
2932,2.2006803,0.08815014,-0.11825994,0.8179876804351807,0.04021989926695824,4.878289,1.4931957
2933,2.3110201,0.06710465,0.016756471,0.28005674481391907,0.11004060506820679,2.0810263,2.5139804
2934,2.2146478,0.106543526,-0.1853866,0.85,0.033078912645578384,5.087165,1.7390982
2935,2.2044907,0.0876486,-0.12750016,0.8422537446022034,0.026033544912934303,4.7584753,1.6805964
2936,2.2552269,0.12104106,-0.087312944,0.8356291651725769,0.05,2.7728422,2.2725186
2937,2.3067598,0.06262469,-0.050891906,0.8415090441703796,0.05412265285849571,2.684855,2.7632854
2938,2.2708058,0.038598597,-0.042294625,0.2470722496509552,0.029336173087358475,3.133049,2.276145
2939,2.3111143,0.021794436,-0.06407191,0.8216872811317444,0.0521550178527832,2.4945838,2.6577911
2940,2.3110895,0.062247783,-0.08213539,0.6202486157417297,0.01961548812687397,2.592791,2.210324
2941,2.3151846,0.017706392,-0.122597404,0.85,0.02014038898050785,3.2505145,2.17577
2942,2.363987,0.023988096,-0.043365065,0.7685278058052063,0.03386501595377922,2.2903407,2.5133913
2943,2.2367787,0.056978736,-0.004075502,0.8336769342422485,0.05,3.535162,2.654576
2944,2.3068721,0.04882966,-0.09877119,0.8382812142372131,0.03767232224345207,2.8609908,2.4891167
2945,2.3199883,0.079322554,-0.25754067,0.85,0.03592659905552864,4.086018,2.697543
2946,2.2522874,0.06817955,-0.14011697,0.85,0.05,3.8142078,1.9054841
2947,2.2724037,0.11030258,-0.19788605,0.8348699808120728,0.05,4.1618586,2.0880523
2948,2.3227875,0.06780907,-0.18910933,0.8249719142913818,0.0280566718429327,3.260791,2.6553829
2949,2.3159301,0.08131724,-0.068288244,0.30954471230506897,0.04330175742506981,2.244067,2.679194
2950,2.297665,0.10283767,-0.23384061,0.8193254470825195,0.0735655426979065,3.9074159,2.7497766
2951,2.169095,0.08261696,-0.103700265,0.85,0.05,4.888455,1.6652814
2952,2.2259088,0.08545657,-0.24745823,0.8288193941116333,0.026746274903416634,5.1078267,1.2043493
2953,2.2597597,0.09287059,-0.15169318,0.85,0.05,4.3300424,2.0451167
2954,2.1814573,0.1153108,-0.16289084,0.8221007585525513,0.03978726267814636,5.791302,1.8368186
2955,2.277822,0.11245197,-0.23194878,0.85,0.05,4.756771,2.6096659
2956,2.2503016,0.081090145,-0.06014255,0.85,0.05,3.4210913,2.1197495
2957,2.1944375,0.087899946,-0.12087734,0.85,0.05,5.001612,1.944313
2958,2.231164,0.103502125,-0.10425165,0.85,0.05,3.9638789,2.5150242
2959,2.2980359,0.084435426,-0.12014993,0.7616683840751648,0.02615547366440296,2.3797019,2.741086
2960,2.3490772,0.11875256,-0.2395245,0.85,0.047768644988536835,2.899231,2.7197359
2961,2.3644261,-0.004520217,-0.11030003,0.6284152269363403,0.051770541816949844,2.632866,2.5688329
2962,2.2528975,0.07378866,-0.14366494,0.8397478461265564,0.05,3.82197,2.0842752
2963,2.2336879,0.08338059,-0.15399373,0.8179505467414856,0.05,4.93698,2.0428445
2964,2.2457948,0.15072174,-0.12542854,0.85,0.05,3.424471,2.3208992
2965,2.3555288,0.019382974,-0.05905399,0.8167340755462646,0.05,2.0314415,2.5508199
2966,2.2585475,0.06150951,-0.032464713,0.85,0.05,3.257659,2.5309608
2967,2.1595168,0.14511208,-0.05694578,0.11045479774475098,0.1793316900730133,5.5397,2.380273
2968,2.249241,0.107572705,-0.08026843,0.85,0.0037333311047405005,3.254448,2.2015479
2969,2.236561,0.06257016,-0.113366894,0.85,0.05,4.449138,1.811482
2970,2.169205,0.14596155,-0.15617116,0.8483138084411621,0.05,4.9549956,1.6130582
2971,2.198227,0.12469287,-0.09016709,0.85,0.05,4.028134,2.6977186
2972,2.318204,0.016703058,-0.22427359,0.85,0.018777644261717796,3.8559203,2.176653
2973,2.3765564,0.08360468,-0.25616542,0.85,0.04593605920672417,2.7422132,2.7506323
2974,2.410375,-0.0166244,-0.24547724,0.8121299147605896,0.05,2.791416,2.5609117
2975,2.2046258,0.049091056,-0.108819194,0.8373190760612488,0.05,4.456039,1.788427
2976,2.319057,0.060540676,-0.1321386,0.8290301561355591,0.035653550177812576,3.184985,2.6482084
2977,2.3181453,0.1429318,-0.21109807,0.6537206768989563,0.0907026156783104,2.9875946,2.539081
2978,2.3820534,0.055555273,-0.058758732,0.810100793838501,0.04420824348926544,2.0723276,2.7748344
2979,2.2745144,0.030358918,-0.08973747,0.85,0.05,3.7843528,2.0380673
2980,2.2608855,0.06237068,-0.10731099,0.85,0.05,4.0462437,2.2249417
2981,2.2512534,0.049716964,-0.2276699,0.85,0.032591987401247025,4.6595373,1.9373224
2982,2.2965374,0.022910213,-0.118169695,0.8331273794174194,0.04990331083536148,3.4327796,2.493327
2983,2.2434,0.13538148,-0.11658111,0.85,0.012518617324531078,3.6227825,2.2818565
2984,2.2642121,0.07892351,-0.17390585,0.7972006797790527,0.04581281915307045,4.1161757,2.5212727
2985,2.151278,0.17682494,-0.03917988,0.85,0.05,3.9727972,2.5448477
2986,2.201754,0.08901661,-0.07283431,0.85,0.05,4.5701838,1.97253
2987,2.2929752,0.078920506,-0.072356515,0.6207728981971741,0.015641584992408752,2.4021542,2.7936802
2988,2.2641697,0.08553438,-0.111993,0.85,0.05,3.2896945,2.3859627
2989,2.2472003,0.13817807,-0.20795576,0.85,0.05,4.698338,1.7761533
2990,2.2951484,0.030280903,-0.13288152,0.588058590888977,0.011676449328660965,3.1394138,2.7372248
2991,2.2463672,0.08729343,-0.20833218,0.85,0.01842782087624073,4.5166073,1.6725953
2992,2.3232396,0.09071265,-0.111799374,0.8313751816749573,0.05,2.471913,2.3101835
2993,2.1451237,0.10536589,-0.0042863055,0.804940402507782,0.05,5.0128284,1.7611672
2994,2.2863111,0.043566447,-0.083831914,0.8133472800254822,0.05,3.1068373,2.2740197
2995,2.2997954,0.110243514,-0.16451369,0.7715408205986023,0.05,3.0273738,1.9950098
2996,2.277633,0.056799065,-0.025127709,0.85,0.02170456387102604,2.8411949,1.8484325
2997,2.3312628,0.07455648,-0.13837986,0.7986308336257935,0.01875743642449379,2.5857224,2.263763
2998,2.2504842,0.09783154,-0.12045298,0.85,0.05,3.6845925,2.1356351
2999,2.3057408,0.11860008,-0.13085508,0.37922531366348267,0.04969756677746773,2.8697875,2.5556796
3000,2.2254524,0.05897716,-0.0896756,0.7875393033027649,0.033588845282793045,4.017071,1.9297439
3001,2.2558498,0.079920754,-0.114790894,0.8231603503227234,0.05,3.033654,2.1601384
3002,2.2572696,0.05482932,-0.07035858,0.85,0.05,3.5993876,2.0507874
3003,2.410385,0.0853289,-0.064269595,0.3818500339984894,0.05046011134982109,1.990141,2.4820912
3004,2.2658477,0.08404504,-0.066234834,0.85,0.05,3.8148947,2.133061
3005,2.217132,0.11215838,-0.1564635,0.7868964672088623,0.05,4.876148,1.5197724
3006,2.275329,0.058815945,-0.12391027,0.7570063471794128,0.01921401172876358,3.2777367,2.06045
3007,2.1905913,0.11586784,-0.10772274,0.85,0.05,4.419339,1.947799
3008,2.1895552,0.14750136,-0.2741297,0.85,0.05,5.7624393,1.2618614
3009,2.332927,0.12329662,-0.040489558,0.6941649913787842,0.04623556509613991,2.137097,2.80001
3010,2.2648568,0.039007682,-0.059724428,0.85,0.05,3.6153321,2.2767699
3011,2.2341106,0.124239124,-0.15206991,0.85,0.05,4.6106634,2.4815145
3012,2.2904336,0.05451704,-0.103829496,0.8493550419807434,0.04706278443336487,3.6351678,2.421475
3013,2.3465412,0.06224398,-0.19432563,0.85,0.034472618252038956,3.1660228,2.2407897
3014,2.2275252,0.121104345,-0.20698494,0.85,0.05,4.737756,1.9180433
3015,2.1905966,0.1199042,-0.010466284,0.8221920728683472,0.02366919256746769,3.46342,2.0503879
3016,2.2863328,0.09587691,-0.07928609,0.85,0.05,2.79047,2.4283133
3017,2.3531067,0.063246325,-0.024750566,0.85,0.05,2.3441794,2.58289
3018,2.183187,0.08818812,0.0010528385,0.85,0.05,4.0570674,1.756338
3019,2.1824105,0.15072392,-0.17403069,0.85,0.05,4.5632615,1.6996617
3020,2.2199042,0.02438109,-0.100390546,0.6626608371734619,0.05,4.701177,1.8807889
3021,2.308491,0.050346326,0.06270753,0.8312562704086304,0.04046577587723732,2.3368576,2.3633947
3022,2.2918534,0.025428398,-0.048374023,0.8079066276550293,0.054825834929943085,3.0178921,2.5871806
3023,2.2486901,0.06721285,-0.12667796,0.85,0.05,4.190289,2.0089529
3024,2.317644,0.06840181,-0.061705947,0.85,0.02788640931248665,2.5170343,2.6866949
3025,2.370504,0.0038481017,-0.050219413,0.4281764328479767,0.05,2.5180256,2.315935
3026,2.191905,0.06724857,-0.050416816,0.85,0.05,4.842202,2.0021257
3027,2.2385263,0.097737975,-0.111552395,0.8262691497802734,0.04997352138161659,4.082355,2.2357163
3028,2.3657281,0.040346853,-0.13542818,0.8332223892211914,0.03205035626888275,2.5031095,2.1695986
3029,2.1927612,0.15153787,-0.07994453,0.85,0.05,4.48072,2.4760158
3030,2.3296525,0.09448255,-0.124377705,0.8206965327262878,0.036396574229002,2.3789463,2.1845238
3031,2.366814,0.043316796,-0.16905776,0.85,0.05,2.644072,2.6464112
3032,2.3449228,0.007232484,-0.09058554,0.8396482467651367,0.04020272195339203,2.587358,2.2833717
3033,2.3182068,0.07537634,-0.11842139,0.85,0.05,2.327897,2.8096385
3034,2.2784576,0.08708337,-0.095953315,0.85,0.01647048071026802,3.0322778,2.5692308
3035,2.357399,0.093164355,-0.10825723,0.824039876461029,0.05,2.2189143,2.8611836
3036,2.2951357,0.13425472,-0.10732883,0.7443544268608093,0.04963209480047226,2.8447104,2.832759
3037,2.2469027,0.06598755,-0.1473955,0.85,0.05,4.7162714,1.7030929
3038,2.4245288,0.036035053,-0.20516571,0.7556205987930298,0.0449817031621933,2.3963518,2.883098
3039,2.2730374,0.043897685,-0.1733859,0.85,0.05,3.9573135,1.897582
3040,2.362728,0.06041741,-0.14531046,0.8021782040596008,0.017235537990927696,2.135046,2.311845
3041,2.3522625,-0.024628844,-0.047959782,0.4984763264656067,0.037807121872901917,2.42644,2.6366096
3042,2.232425,0.16841865,-0.1817325,0.8051890134811401,0.05385882407426834,4.1007595,2.3398786
3043,2.2413456,0.1156511,-0.16779831,0.85,0.026257745921611786,4.442914,2.113514
3044,2.2886665,0.08339005,-0.09254275,0.85,0.05,3.02152,2.2055206
3045,2.322787,0.058790095,-0.09120343,0.5368696451187134,0.040602557361125946,2.7840924,2.7749217
3046,2.3727577,0.007472025,-0.018179744,0.7296846508979797,0.0705060288310051,2.1214747,2.8543663
3047,2.28819,0.11343205,-0.07483391,0.8200067281723022,0.07181286066770554,2.7441723,2.8085594
3048,2.2106686,0.090757154,-0.07949985,0.85,0.05,4.4652596,2.215794
3049,2.2934732,0.046549976,-0.16177441,0.8299391865730286,0.03641002997756004,3.7086823,1.9119941
3050,2.3262804,0.04755458,-0.12617883,0.85,0.05,2.5552232,2.4120417
3051,2.2223334,0.11123315,-0.17331685,0.7900253534317017,0.03510063514113426,4.522585,1.7052606
3052,2.284441,0.09436732,-0.20043701,0.85,0.031051520258188248,4.0097923,2.3258362
3053,2.2859578,0.1012507,-0.10233961,0.8497222065925598,0.03251997381448746,2.868633,2.6599402
3054,2.2649992,0.032791235,-0.0075026616,0.85,0.007384077645838261,3.1079872,2.3072863
3055,2.2912421,0.03240158,-0.032297753,0.85,0.05,2.8942714,2.714619
3056,2.2822764,0.087273434,-0.27189583,0.85,0.015792911872267723,4.5160275,2.2820182
3057,2.265563,0.113293946,-0.04418482,0.7680961489677429,0.036115191876888275,2.9008896,2.3347907
3058,2.2735624,0.024237147,-0.08180226,0.7991583943367004,0.05,3.7936547,2.435587
3059,2.2189982,0.122587904,-0.20352066,0.85,0.021545132622122765,5.271904,1.8037513
3060,2.252181,0.057445895,-0.040178172,0.85,0.05,3.9174976,2.023375
3061,2.201885,0.106235676,-0.045206733,0.85,0.05,4.4998307,2.5058417
3062,2.225815,0.07014606,-0.14652471,0.8493780493736267,0.05,4.7689857,1.7176204
3063,2.2385736,0.01294774,-0.08270496,0.85,0.05,4.5829425,1.7581217
3064,2.2639346,0.11012222,-0.07593852,0.5317955613136292,0.054453831166028976,2.7636292,2.2980967
3065,2.3113894,0.039015077,-0.044442832,0.6445392370223999,0.05957780405879021,2.5927408,2.2222042
3066,2.2989347,0.033378717,-0.049764853,0.85,0.05,2.608455,2.422868
3067,2.3183455,0.05496427,-0.041425154,0.7857434749603271,0.0815030112862587,2.5804253,2.4960608
3068,2.3049428,0.07127398,-0.11010548,0.85,0.05,2.689356,2.4817715
3069,2.2257826,0.037368577,-0.042835914,0.4988652169704437,0.057193707674741745,4.0043364,2.512888
3070,2.3202493,0.059841592,-0.090221696,0.85,0.05,2.678699,2.2033525
3071,2.3202455,-0.011609642,-0.14153467,0.7187278866767883,0.04989941790699959,3.598631,2.2865074
3072,2.1793265,0.12756625,0.0037120138,0.8133101463317871,0.05,3.692945,2.2319057
3073,2.3071065,0.09210905,-0.03974057,0.8364397287368774,0.05,2.3539443,2.7215786
3074,2.2115593,0.10832093,-0.2592128,0.85,0.05,5.1012816,1.4968594
3075,2.218721,-0.015817046,-0.14754225,0.85,0.05,5.2927737,1.1311436
3076,2.2204373,0.09396307,-0.019284237,0.8095575571060181,0.05,3.5480645,2.6154597
3077,2.3173132,0.058747664,-0.09838689,0.85,0.013385001569986343,2.6728654,2.5380116
3078,2.3141985,0.077089794,-0.15102352,0.85,0.03102700226008892,3.1941054,2.7906165
3079,2.2641954,0.07941215,-0.014855768,0.85,0.012858961708843708,3.1228228,2.119897
3080,2.3031716,0.0351312,-0.06416537,0.7377418875694275,0.02938860096037388,2.9320831,2.2949326
3081,2.1524048,0.13736185,-0.00896447,0.85,0.05,3.9313407,1.969743
3082,2.2294683,0.09416685,-0.087236546,0.85,0.018822025507688522,3.9585574,2.2550058
3083,2.2500713,0.13635959,-0.09796914,0.85,0.021038349717855453,3.3460128,2.315165
3084,2.241404,0.07509228,-0.0970991,0.8462719917297363,0.037281475961208344,3.6551967,2.5904908
3085,2.3332722,0.108115904,-0.20346802,0.85,0.05,3.037921,2.1555204
3086,2.2754624,0.09190568,-0.043806933,0.35497337579727173,0.02330811694264412,3.146367,2.3611677
3087,2.3327584,0.012849101,-0.015376379,0.5447368025779724,0.04294400289654732,2.4703972,2.728205
3088,2.3076262,0.03461022,-0.18508059,0.85,0.05,3.7558458,2.0904183
3089,2.352288,-0.0024644693,-0.0032556783,0.7142284512519836,0.05,2.403149,2.6368
3090,2.1891491,0.15271908,-0.032106202,0.8058089017868042,0.05,3.9001853,2.1581473
3091,2.167435,0.12399101,0.015559811,0.85,0.05,4.0344954,1.830703
3092,2.237823,0.13501543,-0.0118776895,0.7253523468971252,0.0596994087100029,3.123823,2.3123226
3093,2.308048,0.07920442,-0.064969376,0.6916322708129883,0.04876086488366127,2.5041819,2.81565
3094,2.1843753,0.22537948,-0.07635298,0.85,0.036359820514917374,4.1665316,2.6446505
3095,2.2005663,0.13123628,-0.10156427,0.8185669779777527,0.04011192545294762,4.1701546,1.8841605
3096,2.324622,-0.012449873,-0.14076297,0.7965020537376404,0.05,3.9440346,2.1523263
3097,2.2868805,0.138506,-0.119479805,0.8412202596664429,0.030807698145508766,2.6820478,2.8508048
3098,2.1934385,0.14779723,-0.19128631,0.85,0.012443160638213158,5.260814,1.6569602
3099,2.3162966,-0.004655334,0.009578506,0.580280065536499,0.031581103801727295,2.509664,2.3533673
3100,2.2288752,0.18774775,-0.18591613,0.85,0.017785271629691124,4.2653446,2.2093334
3101,2.281319,0.03657966,-0.16501595,0.698600709438324,0.07279478758573532,4.6612244,2.5723941
3102,2.186885,0.011265104,-0.10203055,0.8334699273109436,0.024882100522518158,5.518721,1.4526877
3103,2.1451128,0.12562226,-0.10482239,0.8027515411376953,0.021672451868653297,5.3322597,1.4895724
3104,2.2018707,0.16973756,-0.13336138,0.85,0.05,4.3855724,2.0856805
3105,2.201082,0.13361652,-0.12091307,0.8000128865242004,0.05,4.018733,1.709677
3106,2.2729354,0.13178198,-0.027679613,0.529624342918396,0.03438077121973038,2.1176648,2.8055317
3107,2.2331476,0.10487356,-0.079099976,0.85,0.00918200146406889,3.3682373,2.1674228
3108,2.3544369,0.023626197,-0.036960244,0.598517656326294,0.06194834038615227,2.0798116,2.6931481
3109,2.2568288,0.113163576,0.024316188,0.8240727186203003,0.05608881637454033,2.5628428,2.8278165
3110,2.1931076,0.06369103,-0.03929796,0.85,0.026508087292313576,4.428766,1.8115003
3111,2.3014748,0.045308754,0.028984709,0.85,0.04762733727693558,2.7253191,2.7362843
3112,2.2724307,0.097659,-0.062923424,0.85,0.05,3.0020561,2.3981647
3113,2.3594313,0.08310396,-0.09098515,0.30913621187210083,0.06255818903446198,2.3535302,2.4575932
3114,2.2069018,0.17045021,-0.12190686,0.660203754901886,0.020942648872733116,3.6084788,1.8841001
3115,2.3025177,0.041211657,-0.071458995,0.7714158892631531,0.06907174736261368,2.8093553,2.7728424
3116,2.210089,0.08692327,-0.10829993,0.5312640070915222,0.02821107767522335,4.4888997,1.9428061
3117,2.2155473,0.12361778,-0.013739217,0.85,0.025728369131684303,3.3747876,2.2610295
3118,2.3065865,0.025219018,-0.018732913,0.7357754707336426,0.01885230652987957,2.7544415,2.2474523
3119,2.4087415,0.08424202,-0.3570041,0.85,0.05,3.7854764,2.7985933
3120,2.1798725,0.11385063,-0.041030448,0.7713025808334351,0.038697388023138046,3.50098,2.2679822
3121,2.30098,-0.003636733,-0.027634282,0.8254188895225525,0.02693166956305504,2.5916886,2.6963766
3122,2.2644112,0.1410314,-0.2428905,0.85,0.05,4.649134,2.0628536
3123,2.192095,0.14709704,-0.017779037,0.7735788226127625,0.02229354716837406,3.6778588,2.878349
3124,2.2517166,0.02311912,-0.08177564,0.85,0.03382723405957222,4.042224,2.0201538
3125,2.259875,0.03788629,-0.2027287,0.85,0.010135696269571781,5.1055984,1.6719495
3126,2.1994667,0.07616666,0.036865473,0.85,0.016608858481049538,3.7000873,2.362946
3127,2.2173908,0.14612402,-0.2171043,0.85,0.01945432461798191,5.0763874,1.752663
3128,2.3722348,0.11012425,0.015094323,0.32023635506629944,0.04815816506743431,2.0616283,2.7267623
3129,2.3357313,0.07328159,-0.017825909,0.804448127746582,0.041957881301641464,2.05169,2.7267475
3130,2.4155324,-0.007627738,-0.015376182,0.8113015294075012,0.041836388409137726,2.127479,2.777592
3131,2.2344007,0.1573093,-0.06392266,0.6674585938453674,0.03340311720967293,3.300136,2.4427814
3132,2.2307425,0.10247861,-0.108366504,0.8373796939849854,0.042228396981954575,4.420478,2.1337683
3133,2.26822,0.095182486,-0.16141981,0.08096359670162201,0.19638670980930328,5.637604,2.54292
3134,2.2971482,0.09854956,-0.054683786,0.85,0.01986709050834179,2.4926028,2.7212076
3135,2.30185,0.044487335,-0.17854834,0.5629890561103821,0.06230330839753151,3.1310322,2.682196
3136,2.293197,0.047645386,-0.03654131,0.85,0.019392097368836403,2.719959,2.493584
3137,2.3247917,0.06547146,-0.20591441,0.85,0.01857028715312481,3.370861,2.2717564
3138,2.2758262,0.12724876,-0.12874247,0.6055529117584229,0.06450173258781433,2.9612098,2.3249722
3139,2.2872047,0.0056243516,0.006644526,0.8050336837768555,0.05,2.8097026,2.2353096
3140,2.2558286,0.12073002,-0.061492156,0.85,0.05,2.9217916,2.7837012
3141,2.4530435,0.014887652,-0.0052436176,0.5608339905738831,0.06848224252462387,2.008768,2.5764272
3142,2.2943878,0.0864086,-0.1082066,0.8369479775428772,0.05,2.8591805,2.2813396
3143,2.3076725,0.18423076,-0.19149017,0.85,0.031440019607543945,2.6201532,2.8156855
3144,2.2549047,0.042082034,-0.11642724,0.85,0.05,3.6827965,2.8060317
3145,2.1879566,0.12538105,-0.02836341,0.8175588250160217,0.05,4.01218,1.9223633
3146,2.2476974,0.10095894,-0.22961904,0.85,0.05,4.681725,1.7069647
3147,2.259971,0.08052944,-0.0602172,0.7998571991920471,0.05,3.7185693,2.0045285
3148,2.3043983,0.05306711,-0.18536724,0.85,0.05,3.7361896,2.1134496
3149,2.2152278,0.09540857,-0.052443955,0.8256044387817383,0.05,3.6468391,2.3156328
3150,2.2926383,0.07285125,-0.13651966,0.85,0.05,3.59573,2.2325647
3151,2.345841,0.102556325,-0.082061864,0.8356809020042419,0.05,2.0599713,2.6521645
3152,2.206833,0.09480186,-0.06230083,0.8396074175834656,0.03408447653055191,4.036077,2.2667558
3153,2.3158002,0.054000307,-0.0141179925,0.5130754709243774,0.032814159989356995,2.106357,2.6817114
3154,2.1843178,0.12107053,-0.075626224,0.85,0.05,4.3751698,2.5105455
3155,2.2572734,0.00628306,-0.07865524,0.7030049562454224,0.05,3.7851129,2.0444565
3156,2.361848,0.0907723,-0.25739458,0.8311469554901123,0.0315377376973629,3.0180027,2.8139484
3157,2.3198626,0.0032305839,-0.019308489,0.8476239442825317,0.034560851752758026,2.5264044,2.8190393
3158,2.1007512,0.15798812,0.0011848885,0.85,0.05,5.174066,1.7325647
3159,2.266062,0.10159105,-0.12449985,0.7759316563606262,0.020849568769335747,3.6674979,2.5113394
3160,2.229091,0.081348024,-0.019630453,0.85,0.031206384301185608,3.6180732,2.8525684
3161,2.396459,0.058824893,-0.21495089,0.6609402894973755,0.05451079457998276,2.3835173,2.5845308
3162,2.140693,0.0717674,-0.01333545,0.830043375492096,0.05,5.1977334,1.6430328
3163,2.2725031,0.07865132,-0.15231434,0.85,0.05,3.9848406,2.445884
3164,2.3378935,0.076756135,-0.11119032,0.7856659293174744,0.044825479388237,2.5298727,2.8484292
3165,2.2797954,0.072904125,-0.16055526,0.85,0.05,3.428135,2.3074393
3166,2.1813283,0.11940183,-0.084140815,0.7191463708877563,0.03268364071846008,4.7233577,1.5715262
3167,2.2458699,0.042627264,-0.01717976,0.8398194909095764,0.028515251353383064,3.4411068,2.1176662
3168,2.2226663,0.05965613,-0.04214024,0.8364786505699158,0.05,4.334814,2.490379
3169,2.3081155,0.019466817,-0.0019671991,0.6094900369644165,0.029401162639260292,2.5592952,2.631467
3170,2.2551506,0.08290421,-0.10005055,0.8369066715240479,0.05,3.5997472,2.1978123
3171,2.2461448,0.06940042,-0.14186823,0.85,0.018549470230937004,4.54216,1.6787305
3172,2.326435,0.113953345,-0.078976914,0.8080769777297974,0.05973215401172638,2.4011323,2.5331953
3173,2.358401,0.09150537,-0.0590884,0.562954843044281,0.06952573359012604,2.3243372,2.702343
3174,2.278587,0.09805207,-0.28611895,0.8299621343612671,0.045383818447589874,4.678954,1.9044502
3175,2.3250134,-0.06736682,-0.062855,0.85,0.036818474531173706,3.2636223,2.0696406
3176,2.259701,0.0836903,-0.16005862,0.5121939778327942,0.04709668830037117,3.8382769,2.19625
3177,2.3642476,0.00448103,-0.1331619,0.85,0.01903447136282921,2.5754697,2.1406317
3178,2.23401,0.09975464,-0.020599402,0.85,0.05,2.4604573,2.2723532
3179,2.219257,0.13150853,-0.11970031,0.85,0.05,4.2457237,2.1115918
3180,2.411458,0.031450387,-0.28624466,0.8373889327049255,0.04418844357132912,2.687705,2.682039
3181,2.4790268,-0.0028955012,-0.24160379,0.85,0.03978082165122032,2.3600035,2.5606194
3182,2.2489529,0.056801897,-0.1347421,0.85,0.05,4.017651,2.0987558
3183,2.3263924,0.11880566,-0.21097094,0.85,0.04110344499349594,2.6315157,2.7311714
3184,2.2866938,0.116036765,-0.13724497,0.85,0.041712820529937744,3.21491,2.24202
3185,2.384042,0.04540944,-0.22809522,0.85,0.0763092041015625,2.5554435,2.772641
3186,2.3078249,0.15668155,-0.13730825,0.85,0.03817766159772873,2.6233869,2.7396917
3187,2.252296,0.12217888,-0.19538628,0.8395790457725525,0.03457249328494072,3.9134147,2.5984342
3188,2.2529166,0.07628064,-0.1938837,0.85,0.05,4.8950896,1.7376115
3189,2.2750456,0.11257692,-0.107746236,0.6704317927360535,0.05,3.0499973,2.1009843
3190,2.2625175,0.10666496,-0.15798448,0.85,0.04184931889176369,3.97135,2.3548293
3191,2.2794824,0.082331106,-0.1737107,0.8451154828071594,0.03201082721352577,4.0317216,2.2844732
3192,2.3149436,0.11741207,-0.1517836,0.7253403067588806,0.033764153718948364,2.7070966,2.5396254
3193,2.2681391,0.08236799,-0.116028,0.8167179226875305,0.022708002477884293,3.4920137,2.5280368
3194,2.2649863,0.121057965,-0.12222914,0.85,0.04289708659052849,3.7024233,2.2825222
3195,2.2661831,0.13730933,-0.13669667,0.85,0.050075870007276535,3.1092656,2.9084878
3196,2.227528,0.09387254,-0.092825145,0.7352694869041443,0.034837450832128525,4.4272985,2.1813223
3197,2.287546,0.109440215,-0.12555115,0.5337535738945007,0.07273375242948532,2.8558857,2.654357
3198,2.3194423,0.12527198,-0.15205142,0.8350712060928345,0.04113352298736572,2.5114598,2.5790775
3199,2.248666,0.059999097,-0.07768994,0.8433553576469421,0.032900985330343246,3.6052904,2.4758105
3200,2.2599034,0.13513716,-0.0054773856,0.7651816606521606,0.025194205343723297,2.3634605,2.78347
3201,2.2511017,0.13369529,-0.080689095,0.85,0.004052000120282173,3.3369837,2.5392861
3202,2.3304567,0.014462989,-0.124330565,0.8016229867935181,0.05,2.6302085,2.9000013
3203,2.2082176,0.10618829,-0.16828375,0.7476252913475037,0.04124855995178223,4.8649673,1.7782065
3204,2.2585003,0.12939069,-0.0920038,0.8312985301017761,0.0360131710767746,2.9993021,2.1964054
3205,2.2857456,0.10329036,-0.27297628,0.8232974410057068,0.05097166821360588,5.020095,2.2001626
3206,2.2820978,0.11348051,-0.24590917,0.85,0.008437409065663815,4.216528,1.7965175
3207,2.4771876,-0.053617217,-0.07804099,0.4011293649673462,0.09024926275014877,2.0747342,2.4780056
3208,2.1680768,0.13346483,-0.046344854,0.8220672607421875,0.062225453555583954,4.872535,2.6256826
3209,2.260874,0.13777843,-0.074507676,0.8492217659950256,0.04276657477021217,3.1550574,2.614298
3210,2.1380074,0.23348264,-0.064085566,0.85,0.05,4.836805,1.8458552
3211,2.291573,0.023256779,-0.035856936,0.5710386037826538,0.06487223505973816,3.1072726,2.4033525
3212,2.3514988,0.103359185,-0.28266945,0.85,0.05,3.7147408,2.6571987
3213,2.3848593,0.0038020087,-0.10935901,0.85,0.05,2.2796745,2.2252932
3214,2.3325508,0.06703395,-0.022255048,0.8156996369361877,0.07601672410964966,2.3996892,2.5269344
3215,2.2956567,0.06905501,-0.1748549,0.85,0.05,3.8709967,2.1666734
3216,2.2698545,0.07036972,-0.25617012,0.7163114547729492,0.024498526006937027,4.7681794,1.6301244
3217,2.2080243,0.08577343,-0.016778823,0.85,0.05,3.4079142,1.9943469
3218,2.315891,0.0950451,-0.15581268,0.8379933834075928,0.03605148196220398,2.8031635,2.3223767
3219,2.3052764,0.1071468,-0.17985933,0.8438610434532166,0.0272460225969553,3.0591156,2.2946641
3220,2.4476027,0.0852025,-0.31726682,0.8178949952125549,0.049368854612112045,2.5727448,2.2778475
3221,2.2450848,0.11453186,-0.23188567,0.85,0.05,4.7544317,2.071219
3222,2.3182662,0.061655857,-0.10628477,0.85,0.023737942799925804,2.7011395,2.7410157
3223,2.1708121,0.1300124,-0.23859505,0.85,0.05,6.3350677,1.5938915
3224,2.3078666,0.051380478,-0.2292609,0.85,0.05,4.078648,2.3614638
3225,2.259774,0.04451219,-0.1314829,0.85,0.05,4.156103,2.0536313
3226,2.205148,0.12006198,0.081997335,0.8311067819595337,0.03227902203798294,3.1030054,2.6351964
3227,2.3321505,0.062136397,-0.22723062,0.7210352420806885,0.025561729446053505,3.6823874,2.6705627
3228,2.3498714,0.08454893,-0.18309389,0.741075873374939,0.04008537903428078,2.591945,2.0689118
3229,2.3278866,0.11393391,-0.062430535,0.32952913641929626,0.03889185190200806,2.1456087,2.2840273
3230,2.26842,0.086444244,-0.058130562,0.8302648663520813,0.05,2.9628081,2.661817
3231,2.3466086,0.02348653,-0.08975045,0.663300633430481,0.06679948419332504,2.649028,2.8689547
3232,2.233112,0.087243736,-0.08918254,0.85,0.016149792820215225,4.0835953,2.3280735
3233,2.3601415,-0.017337704,-0.09229069,0.85,0.027515141293406487,2.7698133,2.3511784
3234,2.2261877,0.10366812,-0.0415276,0.85,0.05,3.5043561,2.42437
3235,2.3359327,0.1062132,-0.26099992,0.85,0.05,3.307415,2.6402643
3236,2.1755784,0.014118162,-0.06039053,0.85,0.05,5.196125,1.5581248
3237,2.32806,0.08525056,-0.08927699,0.8212459683418274,0.04272406920790672,2.6903825,2.1638942
3238,2.2893581,-0.032935895,-0.03796651,0.85,0.02185027301311493,3.412954,2.6770551
3239,2.2741938,0.08217685,-0.1720385,0.8053368926048279,0.05,4.4683123,2.04014
3240,2.1453552,0.06648073,-0.14216338,0.8250613212585449,0.03544681519269943,6.6786523,1.4459692
3241,2.1834235,0.14927569,-0.062966086,0.85,0.033585138618946075,3.944692,2.5372512
3242,2.1786242,0.12450919,-0.13717484,0.8000001907348633,0.03460914269089699,4.837014,1.8510956
3243,2.2391987,0.03140289,0.06634765,0.8132323026657104,0.06138487532734871,2.8313227,2.726763
3244,2.2627203,0.14102034,-0.1386165,0.85,0.020821794867515564,3.2761679,2.7038922
3245,2.1915646,0.12505491,-0.106596865,0.8398075699806213,0.048182010650634766,4.734811,1.7541881
3246,2.321292,0.07594507,-0.16086361,0.836689829826355,0.057479944080114365,3.3282075,2.6506984
3247,2.370166,0.11423333,-0.14689231,0.85,0.03136371076107025,2.41049,2.69242
3248,2.3204832,0.12170764,-0.16105883,0.85,0.05,2.7280018,2.7114189
3249,2.2896903,0.08233822,-0.17827462,0.7911523580551147,0.010063969530165195,3.9025645,2.3913023
3250,2.2761743,0.0923865,-0.062252704,0.85,0.026041146367788315,2.8922718,2.5594087
3251,2.3497164,0.029725144,-0.13281693,0.8264795541763306,0.05250271409749985,2.7622051,2.6815279
3252,2.1318412,0.084868036,-0.31749776,0.85,0.06359487771987915,10.792014,1.0826668
3253,2.2164218,0.11206575,-0.14442027,0.85,0.05,4.2558575,1.7701658
3254,2.2872977,0.09473407,-0.005353171,0.8241111636161804,0.01887844130396843,2.1086755,2.3451793
3255,2.3669963,0.018529305,-0.2160091,0.85,0.028698204085230827,3.3437715,2.60945
3256,2.262921,0.11551822,-0.06301525,0.8089984059333801,0.05,2.574947,2.1502445
3257,2.349674,0.03781013,-0.065443225,0.85,0.029592106118798256,2.1349673,2.7772315
3258,2.3463273,0.014947764,-0.09761889,0.0447206124663353,0.003021352691575885,2.552844,2.6928544
3259,2.2856584,0.08633282,-0.11231008,0.85,0.05,3.2685204,2.4174867
3260,2.2869563,0.09135107,-0.14424804,0.751739501953125,0.028456050902605057,3.4500742,2.3543444
3261,2.3797884,0.05050936,-0.23404412,0.6925169229507446,0.03864879533648491,2.61378,1.9260392
3262,2.2978117,0.04867257,-0.10416864,0.8189188838005066,0.04829322174191475,2.7462678,2.3617437
3263,2.323463,0.005161054,-0.18559511,0.85,0.05,3.4981945,2.1086717
3264,2.277882,-0.01187567,-0.043994185,0.7946303486824036,0.023824801668524742,3.8232946,2.1787362
3265,2.2231793,0.10822232,-0.13577998,0.85,0.05,4.552331,2.0364
3266,2.226352,0.12846442,-0.08257187,0.7606947422027588,0.04092694818973541,3.8085368,2.0951133
3267,2.2656188,0.05306304,-0.0013765887,0.8307693004608154,0.048341814428567886,2.7584891,2.6056466
3268,2.347897,0.101498455,-0.11576756,0.7251322865486145,0.0463249571621418,2.346412,2.560216
3269,2.338345,0.10354721,-0.15919778,0.85,0.05,2.6356199,2.6852906
3270,2.4193463,0.025274817,-0.096380055,0.5869602560997009,0.023824594914913177,2.2168386,2.2040935
3271,2.2731357,0.11168364,-0.09183189,0.85,0.05,2.882946,2.5183742
3272,2.2264082,0.060531445,-0.08478981,0.8243889212608337,0.03708343207836151,4.4444823,1.7271656
3273,2.2549484,0.10475134,-0.131024,0.85,0.0023326962254941463,3.967212,1.8817865
3274,2.228097,0.07284848,-0.0989609,0.8433266282081604,0.05,4.2988477,1.7686663
3275,2.3584447,0.090582974,-0.17159605,0.5289502739906311,0.05315236747264862,2.4721844,2.493826
3276,2.3432577,-0.0156749,-0.069234565,0.8153517842292786,0.029636837542057037,2.6097417,2.7408898
3277,2.3496537,0.03429162,-0.043376982,0.8424941897392273,0.03326895460486412,2.1119146,2.2179835
3278,2.2581117,0.06942837,-0.037024394,0.85,0.05,3.2515142,2.1137073
3279,2.2075675,0.07846008,-0.061726194,0.8157699704170227,0.013748732395470142,4.296843,2.358729
3280,2.3834386,0.0034563986,-0.044309374,0.3478298485279083,0.047129299491643906,2.050619,2.5044765
3281,2.3393593,0.03663862,-0.097638786,0.470181941986084,0.04219147190451622,2.563214,2.452424
3282,2.335672,0.062211715,-0.13425307,0.7418802976608276,0.04004386067390442,2.1026094,1.9373378
3283,2.3671172,0.08790019,-0.14883853,0.701530933380127,0.05565914139151573,2.3665266,2.5279233
3284,2.2217953,0.026123887,0.0069533726,0.85,0.010876874439418316,3.9200523,1.9960179
3285,2.2402363,0.062704995,-0.20153561,0.85,0.03729171305894852,5.0160666,1.901748
3286,2.331888,0.10290054,-0.06829337,0.85,0.043193716555833817,2.5154455,2.7141573
3287,2.242627,0.072542064,-0.04551612,0.812913715839386,0.05,3.8348393,2.1202784
3288,2.2749295,0.08103785,-0.12225825,0.824635922908783,0.07295159995555878,3.4394062,2.1969986
3289,2.3989139,-0.0020956327,-0.15770301,0.5695850849151611,0.03915074095129967,2.646039,2.265627
3290,2.3396378,0.034681812,0.0065246695,0.4925331175327301,0.03805641829967499,2.5983098,2.2038994
3291,2.2487512,0.10344853,-0.07236561,0.8459135293960571,0.01661810651421547,3.7180786,1.8861873
3292,2.2947662,0.047702957,-0.23241372,0.8128246665000916,0.04806693270802498,4.535394,1.9691802
3293,2.3358028,0.07967269,-0.07441773,0.85,0.06460874527692795,2.392296,2.5889926
3294,2.1972525,0.111491844,-0.14345299,0.743292510509491,0.05,4.547566,1.7509116
3295,2.2774656,0.10484489,-0.16235149,0.85,0.02235056459903717,3.5676475,2.3194149
3296,2.2769883,0.064374335,-0.13419098,0.85,0.034655943512916565,3.8800783,2.5589247
3297,2.2631693,0.03194928,-0.08098153,0.8014398813247681,0.009204943664371967,3.6628537,2.1415915
3298,2.3076336,0.0788144,-0.011034884,0.5173403024673462,0.05997885763645172,2.439687,2.7476451
3299,2.4101157,-0.03970046,-0.026519313,0.43788108229637146,0.057118289172649384,2.33199,2.7722986
3300,2.362697,0.024038553,-0.051343143,0.85,0.05,2.2182093,2.715087
3301,2.3567512,0.06521547,-0.23009205,0.8223840594291687,0.05253852158784866,3.3006074,2.5871115
3302,2.1633615,0.1251324,-0.06314589,0.804408848285675,0.0034325006417930126,4.227399,1.823315
3303,2.2457597,0.05404258,0.009202261,0.8325899839401245,0.05186752602458,2.9630625,2.7830365
3304,2.328041,0.087735035,-0.11427513,0.6783019304275513,0.06165087968111038,2.5546727,2.6562195
3305,2.2516925,0.099587075,-0.026922101,0.85,0.047591157257556915,2.9273736,2.5500855
3306,2.2205322,0.126182,0.027273146,0.85,0.05,2.9286115,2.5727923
3307,2.2281945,0.010449416,-0.08953541,0.85,0.05,4.7845116,1.9659615
3308,2.3740506,0.052673914,-0.05250067,0.604885458946228,0.03977809473872185,2.1117089,2.5782056
3309,2.2509758,0.1591925,-0.118269354,0.85,0.05,3.2864594,2.5510762
3310,2.2432992,0.091927595,-0.15292138,0.8353044390678406,0.04009800776839256,4.3690667,2.0466452
3311,2.227694,0.082460955,-0.0583735,0.8227335810661316,0.05,4.1098228,1.978471
3312,2.3387988,0.06278584,-0.011009961,0.4526553452014923,0.010060555301606655,2.1260052,2.4563913
3313,2.2172108,0.12007032,-0.06747219,0.85,0.05,4.005993,2.0212667
3314,2.2670653,0.10316135,-0.15426631,0.8277906775474548,0.05076964572072029,3.8059504,2.2716222
3315,2.239988,0.11957669,-0.1684075,0.8243933320045471,0.01467981468886137,4.11689,2.0491874
3316,2.3179977,0.021056455,-0.040107105,0.845879316329956,0.017247842624783516,2.481339,2.397735
3317,2.3201847,0.12435171,-0.14801031,0.85,0.04983019456267357,2.7810702,2.4951723
3318,2.1903205,0.047161106,0.09113806,0.18642741441726685,0.04949257895350456,3.667159,2.64968
3319,2.2719412,0.06903188,-0.24000823,0.85,0.05,4.6256824,2.13085
3320,2.3133886,0.07099492,-0.12180337,0.8380007147789001,0.05,2.7374926,2.6025376
3321,2.2942586,0.06555212,-0.103488445,0.8361839056015015,0.03547729551792145,2.8054903,2.5832567
3322,2.236026,0.11140843,-0.2123518,0.85,0.026005282998085022,5.191487,1.8740608
3323,2.2747319,0.101019435,-0.23930034,0.8287023305892944,0.048607975244522095,4.8613033,1.8325753
3324,2.25699,0.019587964,-0.16763245,0.85,0.05,4.5952415,1.6396501
3325,2.2592294,-0.013680865,0.0017204634,0.85,0.019627679139375687,3.3919754,2.3159432
3326,2.3149834,0.10778216,-0.16196992,0.85,0.05,2.756614,2.497649
3327,2.3162327,0.0153087685,-0.04315841,0.85,0.05,2.742827,2.5774806
3328,2.5237794,0.026036058,-0.22056797,0.1287892907857895,0.07279165089130402,2.1780617,2.5173233
3329,2.3507872,0.08563122,-0.12893406,0.4837498962879181,0.04027393087744713,2.2887774,2.6729965
3330,2.2330687,0.030742414,-0.03228254,0.85,0.05,3.8411918,2.1752684
3331,2.188669,0.1356141,-0.15217267,0.7973087430000305,0.05,4.7501764,1.7009377
3332,2.275348,0.030338481,-0.064209945,0.85,0.05,3.3764398,2.4134412
3333,2.2787638,0.08818808,-0.10339456,0.85,0.05,3.087273,1.8934625
3334,2.3234012,0.089031525,-0.17294954,0.8167011141777039,0.05302620679140091,2.597544,2.261825
3335,2.2988641,0.060188152,-0.18679358,0.8449742197990417,0.02268184721469879,3.5434194,2.0872197
3336,2.1087804,0.14059083,-0.076235466,0.8153727650642395,0.050328776240348816,5.7214155,1.4622558
3337,2.3373213,0.07043732,-0.24750847,0.85,0.009156166575849056,3.4201803,2.321411
3338,2.2864835,0.096305385,0.0077953935,0.85,0.005848428700119257,2.4612389,2.5735748
3339,2.3234942,0.11286325,-0.1519708,0.85,0.026767736300826073,2.6620858,2.2962573
3340,2.2692382,0.07491247,-0.08242999,0.85,0.05,3.6842375,2.6097302
3341,2.2711267,0.0550724,-0.11735101,0.85,0.05,3.4922135,2.2401907
3342,2.3723297,-0.01191107,-0.08683034,0.829113781452179,0.011946656741201878,2.273976,2.7430787
3343,2.2594213,0.10723237,-0.15878265,0.85,0.0326056145131588,3.752073,2.1718247
3344,2.226852,0.11272834,-0.12135122,0.8348711729049683,0.05,4.3479013,2.1394541
3345,2.3402417,0.039428953,-0.10535847,0.85,0.0008085435256361961,2.4674506,2.4170127
3346,2.220361,0.08389308,-0.091589816,0.7780842185020447,0.008455183357000351,4.352051,1.9577069
3347,2.3499637,0.049492303,-0.30182394,0.85,0.05,4.1779604,1.9072961
3348,2.1852834,0.08823519,-0.13187546,0.7947177886962891,0.05,4.6164885,1.5165381
3349,2.2547054,0.13121457,-0.15559575,0.5854483246803284,0.04757051542401314,3.7504683,2.1956768
3350,2.174798,0.18829852,-0.15057246,0.85,0.05,4.522477,2.035334
3351,2.3344684,0.04943738,-0.17461722,0.85,0.026344332844018936,3.1723294,2.1311934
3352,2.2917564,0.09342279,-0.039096788,0.85,0.01383680198341608,2.4291718,2.0774193
3353,2.3334544,0.020590033,-0.22425021,0.6884626746177673,0.029038535431027412,3.8104687,1.9071121
3354,2.256745,0.109384105,-0.17885762,0.828952968120575,0.053743232041597366,4.3313293,2.6078439
3355,2.3489668,0.13415709,-0.3723261,0.85,0.028627265244722366,4.5031524,2.1701732
3356,2.2818606,0.027921371,-0.11250636,0.5403552055358887,0.05400773510336876,3.9220088,2.2720912
3357,2.2586102,0.0062337257,-0.07607757,0.85,0.05,4.336012,2.0620785
3358,2.2463217,0.0937627,-0.0016767621,0.8373441696166992,0.015670424327254295,2.843491,2.5397525
3359,2.2380502,0.15864918,-0.24449913,0.85,0.02132132649421692,4.802916,2.4159284
3360,2.3415055,0.044984613,-0.1407851,0.8440054655075073,0.042182281613349915,3.105039,2.68528
3361,2.3210208,0.017870564,-0.0021335061,0.8360025882720947,0.016600582748651505,2.4016807,2.2194576
3362,2.4346526,0.03755257,-0.28362823,0.842716634273529,0.05,2.5087454,2.4784358
3363,2.2890983,0.07703125,-0.051865768,0.85,0.023397762328386307,2.5419607,2.1350946
3364,2.3609266,0.016283615,-0.17372808,0.85,0.05,3.026246,2.3016691
3365,2.330837,0.1325704,-0.071589604,0.7639353275299072,0.05003240704536438,2.2999806,2.8127415
3366,2.2475362,0.10126079,-0.062141076,0.85,0.05,2.9790847,2.6785805
3367,2.227988,0.06932703,-0.046672426,0.7492039799690247,0.021480077877640724,3.6319256,1.9501787
3368,2.2240744,0.11085216,-0.07629066,0.8410382270812988,0.05,4.323999,2.5150115
3369,2.3565936,0.11376615,-0.20073085,0.6829025149345398,0.05676055699586868,2.5320964,2.4403386
3370,2.3559964,0.10909914,-0.14549878,0.6178831458091736,0.0390610545873642,2.3863451,2.5916553
3371,2.197781,0.14989108,-0.0078473035,0.8293485641479492,0.0353853665292263,3.4403145,2.000819
3372,2.2712371,0.0402524,-0.060905296,0.8403390645980835,0.03191135451197624,3.379339,2.1319854
3373,2.3146174,0.048439335,-0.051754847,0.85,0.05,2.6742792,2.574267
3374,2.3302164,0.05760106,-0.18088812,0.8389390110969543,0.05,3.037937,2.3093395
3375,2.3003724,0.044709485,-0.15909551,0.85,0.021867331117391586,3.8475745,2.2307925
3376,2.2722864,0.022285981,-0.04394931,0.85,0.05,3.224621,2.1686482
3377,2.2476544,0.07077317,-0.057301838,0.48710867762565613,0.04556632786989212,3.6299794,2.2416146
3378,2.3359451,0.096750796,-0.10074519,0.6391122937202454,0.035709984600543976,2.6044881,2.2990158
3379,2.2613227,0.076919414,-0.100343406,0.8392111659049988,0.03811771795153618,3.2244024,2.5456078
3380,2.1740289,0.122998245,-0.028676353,0.8160752058029175,0.05,4.3108225,1.801583
3381,2.3609293,0.09599615,-0.12607558,0.7561503052711487,0.030410101637244225,2.2901242,2.5515325
3382,2.4063838,0.052780356,-0.19032007,0.5850226879119873,0.16191403567790985,2.341189,2.7557712
3383,2.299091,0.016288824,-0.052725047,0.85,0.05,3.0666337,2.5721302
3384,2.2623286,0.05202485,0.012594355,0.82514888048172,0.05,2.7676961,2.0238059
3385,2.4249258,0.028388364,-0.14821596,0.6058938503265381,0.06042901799082756,2.3291528,2.7473052
3386,2.2720544,0.054101877,-0.09979634,0.85,0.025768263265490532,3.4311557,2.446946
3387,2.2688367,0.09069237,-0.124439165,0.7876288890838623,0.014064924791455269,4.1236815,2.2629976
3388,2.392898,-0.035761908,-0.07248918,0.85,0.05,2.4785686,2.5785534
3389,2.277643,0.061575692,-0.01114738,0.7401413321495056,0.05,2.8100207,2.5590491
3390,2.3679361,0.009532643,-0.22297364,0.8383675217628479,0.04226153716444969,3.730827,2.4842079
3391,2.226107,0.061659537,-0.06939908,0.85,0.019414694979786873,3.4233239,2.4208937
3392,2.3863933,0.046246182,-0.08843741,0.8454616665840149,0.039913423359394073,2.269477,2.5803156
3393,2.2527177,0.061037287,-0.02299918,0.85,0.03440187871456146,3.400573,2.6775439
3394,2.2502503,0.053808182,-0.010993344,0.8134661912918091,0.05,2.8221111,2.0770636
3395,2.3982809,0.046916462,-0.120003864,0.85,0.03997492790222168,2.3011222,2.5655553
3396,2.3233573,0.13780524,-0.1992075,0.8223861455917358,0.041398655623197556,2.7660782,2.48433
3397,2.246241,0.09247233,-0.13692263,0.739851713180542,0.031192654743790627,4.259983,1.9881334
3398,2.3292158,0.058435295,-0.14403857,0.6873089075088501,0.05650610476732254,2.7723067,2.8319972
3399,2.3497405,-0.0037257948,-0.13113846,0.85,0.03048570826649666,3.0881443,2.4308255
3400,2.2997372,-0.021531893,0.058948804,0.85,0.05,2.6615257,2.4594328
3401,2.17531,0.09463581,-0.07178182,0.85,0.006202138029038906,4.816031,1.779105
3402,2.163192,0.13731939,-0.08498565,0.85,0.006565983407199383,4.694881,1.7449723
3403,2.413706,0.07768669,-0.16894075,0.5739070177078247,0.05380794405937195,2.112275,2.5642576
3404,2.2786696,0.11874794,-0.21317203,0.85,0.01898638904094696,4.364923,2.128552
3405,2.3516665,0.06219291,-0.045561954,0.5811550617218018,0.06520088762044907,2.0166693,2.5676227
3406,2.1927152,0.1297198,-0.26760674,0.8183476328849792,0.031837522983551025,6.315171,1.5071832
3407,2.2399244,0.12884888,-0.16044737,0.85,0.05,4.142226,2.171868
3408,2.27413,0.061914295,-0.15511338,0.6813650131225586,0.04378464072942734,4.0523825,2.1586964
3409,2.2210348,0.13763112,-0.015694425,0.85,0.030373523011803627,2.7423296,2.8716009
3410,2.179782,0.13480808,-0.09368169,0.7361374497413635,0.05,5.003005,2.001498
3411,2.322884,0.09453568,-0.18462802,0.85,0.020273491740226746,3.2407525,2.6056726
3412,2.2955346,0.021942645,-0.16006799,0.85,0.05,4.257361,1.9840968
3413,2.300445,0.02244092,-0.20512766,0.841444194316864,0.03536556661128998,4.7459874,1.8955563
3414,2.3433902,0.07919683,-0.29361722,0.8190842270851135,0.05,3.9011846,2.1112144
3415,2.3074756,0.07602523,-0.024574084,0.7696380615234375,0.05076439306139946,2.560383,2.7156913
3416,2.3056672,0.15304649,-0.30436423,0.85,0.05,4.0654,2.4592483
3417,2.2379982,0.06909277,-0.05932751,0.7132492065429688,0.03812341392040253,3.5032566,2.7796717
3418,2.2643578,0.12415959,-0.19380784,0.7342900037765503,0.05,4.032969,1.6681767
3419,2.1941671,0.11617555,-0.18872528,0.85,0.05,5.1549106,1.7309225
3420,2.2792237,0.050610173,-0.053163305,0.8478082418441772,0.015611669048666954,2.7966049,2.7390952
3421,2.2753615,0.0024584797,-0.1168662,0.8295977115631104,0.014852610416710377,3.8503337,1.7583059
3422,2.2136526,0.08072438,-0.025659794,0.85,0.05,3.3010619,2.0832565
3423,2.315701,0.14508897,-0.22036697,0.85,0.03293384239077568,3.0965466,2.7258
3424,2.352077,0.0131865665,0.02798146,0.8419604301452637,0.05534946918487549,2.0998838,2.4974
3425,2.2838576,0.048673037,-0.10858915,0.85,0.05,3.936119,2.5080714
3426,2.2573655,0.10923854,-0.13767521,0.8176304697990417,0.05,3.8758163,2.1248355
3427,2.1576173,0.12394587,-0.18191247,0.85,0.038026705384254456,6.4576254,1.645914
3428,2.2601857,0.09896813,-0.24232145,0.8467164039611816,0.04076085984706879,5.1240463,2.027357
3429,2.25522,0.06164274,-0.16424462,0.85,0.00348294572904706,4.0547795,2.194404
3430,2.17284,0.11904415,-0.030772066,0.85,0.009347316808998585,4.34779,2.1168675
3431,2.3326557,0.034136184,-0.20521882,0.85,0.03143737092614174,3.4232385,2.6690602
3432,2.2856011,0.0067350306,-0.034946684,0.85,0.05,3.4380748,2.1776426
3433,2.2870944,0.106087096,-0.15332557,0.7103661894798279,0.048080604523420334,3.7367415,2.2805135
3434,2.223476,0.10354353,-0.105188675,0.8404833078384399,0.005695697385817766,4.10604,1.8774489
3435,2.1067781,0.16955878,-0.1102049,0.85,0.05,5.6997533,1.4746007
3436,2.2257345,0.0784067,-0.16339427,0.8257259726524353,0.03805004060268402,4.2411733,2.2003555
3437,2.2412016,0.084682815,-0.18990424,0.5278972387313843,0.011676649563014507,4.2541375,2.2046607
3438,2.2916667,0.014653389,-0.07682396,0.8031868934631348,0.05,3.2887235,2.0854096
3439,2.2393732,0.03690663,-0.020479117,0.85,0.05,3.4454205,2.1848185
3440,2.3090794,0.03268958,-0.1221806,0.85,0.033676665276288986,2.9102685,2.590912
3441,2.3258338,-0.06997748,-0.07336747,0.85,0.04167300835251808,3.506243,2.0082464
3442,2.2669072,0.11487333,-0.21388514,0.8377999663352966,0.05,4.4895406,1.945717
3443,2.2430565,0.15730578,-0.07842295,0.8467785120010376,0.05,2.955169,2.8294575
3444,2.3731627,0.11507625,-0.21693423,0.4076004922389984,0.05,2.3935616,2.8359814
3445,2.3034678,0.06445767,0.015945014,0.6636089086532593,0.06867578625679016,2.3344338,2.6845663
3446,2.326893,0.08875838,-0.1370798,0.5796530246734619,0.011123888194561005,2.5212493,2.1185968
3447,2.2646663,0.14481501,-0.08037054,0.8193305134773254,0.050234485417604446,2.8920438,2.5582707
3448,2.235845,0.049495324,-0.09833871,0.85,0.013981973752379417,3.9965901,2.1183596
3449,2.2389486,0.12591152,-0.08915837,0.85,0.030354252085089684,3.5385966,2.8471694
3450,2.274401,0.070628196,-0.031871326,0.85,0.015007439069449902,2.827569,2.3108666
3451,2.2244716,0.10191572,-0.2094985,0.8339226841926575,0.05,4.8063912,1.6784202
3452,2.3119743,0.00034371213,-0.15756935,0.85,0.016556287184357643,3.7685075,2.2525783
3453,2.2645311,0.11852772,-0.14506087,0.85,0.05,4.0025992,2.2180357
3454,2.3244066,0.0351579,-0.13459103,0.7453314065933228,0.07254350930452347,3.1820693,2.3935292
3455,2.2612104,0.1344502,-0.10556687,0.8186275959014893,0.04608919098973274,3.7532206,2.1690025
3456,2.178116,0.06169275,-0.06427134,0.85,0.01927880197763443,5.1070666,1.855124
3457,2.199794,0.13780709,-0.05709072,0.8180340528488159,0.025441469624638557,3.71466,2.36764
3458,2.362146,0.01101696,-0.21119979,0.85,0.02901933528482914,3.0627022,2.7045028
3459,2.26976,0.12942566,-0.16169329,0.8320690989494324,0.04815147444605827,3.1478994,2.4834063
3460,2.3262057,0.026459228,-0.052421622,0.8338747024536133,0.05281335860490799,2.7205527,2.634649
3461,2.2972565,0.09047626,-0.06322003,0.85,0.038434043526649475,2.3968585,2.5467272
3462,2.3198407,0.006470959,-0.12785883,0.85,0.024915650486946106,3.1918192,2.3805273
3463,2.2753017,-0.07508802,-0.05809894,0.5967493653297424,0.03464551642537117,4.083289,2.2088566
3464,2.2479637,0.11448523,-0.23079456,0.85,0.019717466086149216,4.7071595,1.9017104
3465,2.3510313,0.059982467,-0.09870046,0.4633312225341797,0.01975862681865692,2.406944,2.3365028
3466,2.2854,0.062244445,-0.20557046,0.85,0.019969169050455093,4.551295,2.000797
3467,2.3083699,0.05356714,-0.046372235,0.8134840130805969,0.07071510702371597,2.7120037,2.773209
3468,2.2844486,0.04871771,-0.09173025,0.85,0.05,3.3011906,2.1817791
3469,2.2562997,0.024375575,-0.048252847,0.85,0.05,3.6364295,2.7588549
3470,2.194572,0.13259374,-0.03535304,0.85,0.05,3.7504964,2.532847
3471,2.3068311,0.086959675,-0.05176515,0.4922580122947693,0.05,2.2509327,2.736351
3472,2.369971,0.029115804,-0.11707968,0.85,0.04549252614378929,2.7355072,2.5073254
3473,2.2306325,0.013932593,-0.064111166,0.5438274145126343,0.07163714617490768,4.559973,2.6609092
3474,2.238037,0.084633924,-0.1332672,0.85,0.05,3.5650659,1.7884963
3475,2.3020554,0.12632877,-0.20616424,0.85,0.05,3.2638793,2.5461996
3476,2.2294748,0.036647137,-0.09797154,0.85,0.05,4.888584,1.6761878
3477,2.2923627,0.033536743,-0.14919122,0.4188553988933563,0.044077787548303604,3.705534,2.0404513
3478,2.2856314,0.10282832,-0.16043654,0.837439775466919,0.04657425731420517,3.3604293,2.755852
3479,2.2181396,0.0659035,-0.07354372,0.8272665143013,0.05471516773104668,4.061029,2.5858
3480,2.2640047,0.030385844,-0.09019954,0.85,0.05,3.8231635,1.685759
3481,2.2717395,0.11018983,-0.18015984,0.85,0.0207089651376009,4.3590016,2.0888221
3482,2.4538057,-0.06632502,-0.13349369,0.5259063243865967,0.10242779552936554,2.045224,2.878007
3483,2.325877,0.08625949,-0.15066864,0.85,0.05,2.485465,2.5458012
3484,2.3273342,0.041081578,-0.06386341,0.6428450345993042,0.044190388172864914,2.4102063,2.3905265
3485,2.2183545,0.08211031,0.04643656,0.85,0.011868701316416264,3.3394277,2.2834864
3486,2.2700233,0.09907023,-0.18629561,0.85,0.05,4.1048207,2.4455702
3487,2.2500174,0.117440514,-0.109718055,0.845381498336792,0.05,3.4624314,2.682849
3488,2.3154988,0.0463812,-0.08251293,0.85,0.05,2.9956572,2.147249
3489,2.320079,0.05938223,-0.12981555,0.8253045082092285,0.010330439545214176,2.9521503,2.183312
3490,2.3832378,0.03087124,-0.07532984,0.7228667736053467,0.03506326302886009,2.192949,2.6017334
3491,2.1869216,0.06873308,-0.06598961,0.82696133852005,0.05,4.9992285,1.7780515
3492,2.2454858,0.069570586,-0.21062836,0.85,0.05,5.080495,1.7243263
3493,2.3443823,0.03272057,-0.15461314,0.7987467050552368,0.03778655827045441,3.068207,2.1340759
3494,2.3876686,0.00055064907,-0.04662905,0.38635438680648804,0.07059072703123093,2.0395086,2.7353504
3495,2.3628001,-0.0023321728,-0.1453766,0.731071412563324,0.05928734689950943,2.7065196,2.5907624
3496,2.2339866,0.13867457,-0.045627758,0.85,0.016766157001256943,3.1046872,2.5210688
3497,2.3920786,0.07930079,-0.18177278,0.8487801551818848,0.016013318672776222,2.0951505,2.570098
3498,2.2557065,-0.031862047,0.0131478505,0.85,0.05,3.135859,2.1211326
3499,2.3288662,0.072987914,-0.27024242,0.8427842259407043,0.05998186394572258,4.466291,2.7060382
3500,2.2093067,0.111571096,0.04761604,0.85,0.016462605446577072,2.942558,2.0355878
3501,2.259647,0.049621638,-0.22660328,0.85,0.05,5.179839,1.4482566
3502,2.2044344,0.1719188,-0.18953788,0.85,0.05,5.02057,1.8242604
3503,2.2874782,0.07353713,-0.14982973,0.8444727659225464,0.03234002739191055,3.6478484,2.4363134
3504,2.3033552,0.04063893,-0.22893192,0.85,0.037889450788497925,4.349183,2.4557998
3505,2.3197417,0.037203636,-0.015217243,0.06063646450638771,0.08968063443899155,2.626034,2.7279558
3506,2.2272692,0.038024828,-0.10748125,0.85,0.0020811869762837887,4.509896,1.5228881
3507,2.1615624,0.069794275,-0.09096073,0.8461000919342041,0.018960732966661453,5.37849,1.5281093
3508,2.2619438,0.051682368,-0.066012144,0.85,0.015142896212637424,3.7582328,2.273564
3509,2.1461446,0.17245817,-0.03509674,0.85,0.03008316457271576,4.59353,2.1750484
3510,2.3501778,0.05021211,-0.014961428,0.8361421227455139,0.04838373512029648,2.117266,2.587254
3511,2.284406,0.09948873,-0.085659325,0.714887797832489,0.1259428858757019,3.1093729,2.9096634
3512,2.1835916,0.05939903,-0.07929293,0.85,0.03990189731121063,5.1416206,1.5564965
3513,2.2837927,0.0036081818,-0.041547656,0.85,0.023485610261559486,3.3579566,2.0531006
3514,2.3093987,0.05604841,-0.057223972,0.8496823906898499,0.04492015764117241,2.6681473,2.6995704
3515,2.3547657,0.07050671,-0.1058283,0.38482362031936646,0.06491787731647491,2.4893208,2.5170157
3516,2.3087835,0.046132345,-0.14470425,0.85,0.024473020806908607,3.1208694,2.395956
3517,2.2039158,0.1373792,-0.14169335,0.85,0.05,4.4169664,1.9765671
3518,2.3394973,0.01969181,-0.14852102,0.85,0.013775913044810295,2.9910867,2.4450903
3519,2.2096608,0.050826013,-0.0016965728,0.8223122358322144,0.020753324031829834,3.7264729,2.4606514
3520,2.363991,0.082692854,-0.021627733,0.8466674089431763,0.04057628661394119,2.26246,2.530347
3521,2.371915,0.007552787,-0.07681934,0.8267379403114319,0.03575756028294563,2.312999,2.407825
3522,2.129598,0.12339393,-0.04013109,0.85,0.05,5.1633596,1.5783474
3523,2.2937257,0.039795723,-0.038169738,0.85,0.05,2.9860284,2.2526789
3524,2.2494094,0.12883344,-0.18410082,0.85,0.029370203614234924,3.997229,2.8283594
3525,2.234542,0.12405224,-0.04405209,0.85,0.02286810800433159,3.8815284,2.3050919
3526,2.148606,0.10501327,-0.053755853,0.85,0.05,5.1551857,1.6482663
3527,2.2046807,0.08269223,0.06963552,0.85,0.05,3.4280732,2.2788444
3528,2.179123,0.111508034,-0.052645892,0.4974154829978943,0.02894667163491249,4.0708914,2.075653
3529,2.303399,0.06836628,-0.094836034,0.7018853425979614,0.05274053290486336,3.02123,2.1811023
3530,2.2779627,-0.056494877,-0.013014962,0.8314300775527954,0.023735465481877327,3.4398353,1.8773206
3531,2.312714,0.08124937,-0.12614952,0.8404931426048279,0.03067965619266033,2.8113868,2.2558436
3532,2.2779987,0.09454463,-0.26647374,0.85,0.05,5.152009,1.7760469
3533,2.2358716,0.13743675,-0.11902099,0.85,0.05,4.1883893,2.3597758
3534,2.170894,0.12744832,-0.039487556,0.85,0.03566328436136246,4.485242,2.671695
3535,2.2574453,0.041684452,-0.10633682,0.85,0.05,4.0162754,2.0969381
3536,2.3494582,0.009879365,-0.0138109485,0.840224027633667,0.029227908700704575,2.4721045,2.3376195
3537,2.2669196,0.09045276,-0.21571366,0.826732873916626,0.05,4.422731,1.942586
3538,2.3007681,0.031426135,-0.003220112,0.8092393279075623,0.0372617207467556,2.5691547,2.7619758
3539,2.2019706,0.010173802,0.04268356,0.85,0.05,3.9071155,1.9455272
3540,2.3576,0.04224032,-0.17483331,0.835636556148529,0.024966761469841003,2.9576888,2.3212097
3541,2.2827363,0.109865725,-0.10218387,0.5906208157539368,0.06938274949789047,3.1461647,2.433423
3542,2.2229772,0.09787757,-0.11396604,0.8219844698905945,0.05,4.5373507,1.5364766
3543,2.3504608,0.031351168,-0.33422196,0.85,0.04461025819182396,4.905331,2.017865
3544,2.248205,0.08102066,-0.044176858,0.85,0.02922881208360195,3.1155858,2.6467755
3545,2.3468812,-0.017452704,-0.004187787,0.8068568110466003,0.03704379126429558,2.292079,2.082148
3546,2.3177395,0.10711231,-0.25080687,0.85,0.05,3.8422601,2.2700186
3547,2.3394594,0.103605784,-0.13129504,0.85,0.03549530729651451,2.5652611,2.5411127
3548,2.3069208,0.042348918,-0.16038229,0.85,0.05,3.7171998,2.6946504
3549,2.2242029,0.043254875,0.057589218,0.85,0.05,3.4078288,2.2722073
3550,2.313699,0.059816625,-0.21413682,0.85,0.05,4.0021553,2.1686592
3551,2.2742207,0.07962994,-0.050401498,0.7647110819816589,0.04868713393807411,3.1103923,2.4278162
3552,2.2683475,0.08002583,-0.20455109,0.85,0.05,4.7156434,2.1034272
3553,2.2989824,0.09030808,-0.20316605,0.710637629032135,0.05,3.5650878,2.2343445
3554,2.314378,0.074270844,-0.11349153,0.705925703048706,0.055384788662195206,2.7949572,2.013892
3555,2.2890084,0.10326006,-0.06826175,0.8421053886413574,0.03558157756924629,2.7037897,2.3932576
3556,2.3523378,0.07596051,-0.10805862,0.7733777761459351,0.018183736130595207,2.2702017,2.71938
3557,2.3164809,0.013972242,-0.097797714,0.8218083381652832,0.05,3.0474977,2.5879698
3558,2.2212172,0.18749075,-0.09319686,0.7891321778297424,0.05,3.1900187,2.3111877
3559,2.243877,0.08907737,-0.068865955,0.85,0.05,3.7583346,2.3509219
3560,2.3036964,0.0292562,0.05533118,0.40650737285614014,0.03381417691707611,2.6729987,2.246855
3561,2.2188435,0.05140382,-0.09310877,0.85,0.03474811464548111,4.0373316,2.1131818
3562,2.2447555,0.052759208,-0.05325142,0.5496550798416138,0.03990805521607399,3.3038456,2.7296913
3563,2.3526952,0.010592739,-0.035987716,0.7198577523231506,0.01563752442598343,2.059196,2.065754
3564,2.360155,0.04881615,-0.08590953,0.7111809253692627,0.0453263521194458,2.0885463,2.4923186
3565,2.2853184,0.06120043,-0.09834845,0.85,0.05,3.309744,2.4755332
3566,2.202451,0.2207756,0.0002463981,0.784593403339386,0.10128650814294815,2.555171,2.7202754
3567,2.2427993,0.06729104,-0.054823093,0.85,0.05,3.947036,2.1262312
3568,2.2822285,0.06448978,0.047399722,0.7197940945625305,0.05936037376523018,2.5620532,2.3474035
3569,2.1626253,0.1554349,-0.1806406,0.85,0.025462979450821877,5.470155,1.7666049
3570,2.3702729,0.0473621,-0.14281204,0.5492954850196838,0.06514345109462738,2.3141809,2.4368167
3571,2.3301227,0.03037302,-0.06834611,0.8194575905799866,0.05,2.663856,2.6226857
3572,2.3475227,0.11757193,-0.22084561,0.6617464423179626,0.05,2.7644968,2.4105265
3573,2.4069574,0.014038996,0.03448079,0.4291059672832489,0.05258890241384506,2.0338662,2.5750096
3574,2.3205132,0.059562545,-0.1605615,0.7919324636459351,0.04099522531032562,3.0186188,1.9308866
3575,2.29231,0.022200186,-0.15913258,0.8161149024963379,0.015223456546664238,4.0635815,2.2778792
3576,2.4277203,-0.0021454573,-0.09997928,-0.35785481333732605,0.041631296277046204,2.1430316,2.6877236
3577,2.2722068,0.02464401,-0.110075615,0.6539175510406494,0.05,3.623811,2.208456
3578,2.236975,0.04181496,0.04832474,0.85,0.05,3.0697393,2.1761668
3579,2.2465444,0.10341174,-0.112146005,0.6726088523864746,0.05,4.230018,2.5566907
3580,2.269214,0.10804899,-0.20356494,0.85,0.02346041239798069,3.9175525,1.7547374
3581,2.3105075,0.1474619,-0.22764076,0.85,0.021581869572401047,3.1530526,2.5901253
3582,2.4530764,-0.016469741,-0.06850995,0.8144389986991882,0.047666020691394806,2.128966,2.5070798
3583,2.2589254,0.091719955,-0.059771735,0.85,0.05,2.8520148,2.4649415
3584,2.206726,0.0859404,-0.13324553,0.8290733695030212,0.05,4.815473,1.806328
3585,2.096241,0.08521428,-0.038055465,0.828937828540802,0.05260608345270157,6.433017,1.5660124
3586,2.1685622,0.16043219,-0.28005412,0.85,0.05,6.8653636,1.3489395
3587,2.271656,0.0834413,-0.10935866,0.8285181522369385,0.05,3.4377384,2.632667
3588,2.2417636,0.120720096,-0.14637747,0.85,0.05,3.941186,2.3085926
3589,2.2717953,0.060307037,-0.05376244,0.7645695805549622,0.03821571543812752,2.9573338,2.2326355
3590,2.27525,0.05243906,-0.069029115,0.4933989942073822,0.04509681090712547,3.269124,2.8233287
3591,2.3212705,0.09935859,-0.2235409,0.8116725087165833,0.05,4.244575,2.3954518
3592,2.2872827,0.13420911,-0.061162595,0.75898277759552,0.0476994663476944,2.162208,2.7207117
3593,2.3942177,0.04247286,-0.11888388,0.8438657522201538,0.05,2.3394217,2.479371
3594,2.2024076,0.042007808,-0.061935086,0.85,0.05,4.488143,1.6720248
3595,2.3233871,0.04926387,-0.052849967,0.8111594319343567,0.03004448115825653,2.4017053,2.4853566
3596,2.228364,0.10727124,-0.12447621,0.8267325162887573,0.025035904720425606,4.2226195,2.173671
3597,2.3361907,-0.02589019,-0.14338882,0.85,0.05,3.2903473,2.7014058
3598,2.301999,-0.027289981,-0.036008835,0.823316216468811,0.031239168718457222,3.3266408,2.1515894
3599,2.1700072,0.078542076,-0.102216996,0.85,0.05,5.2585835,1.5898722
3600,2.208163,0.080946214,-0.059825692,0.85,0.05,4.4023824,2.1169028
3601,2.3084283,0.19731532,-0.21961156,0.85,0.04476078227162361,2.8754733,2.893426
3602,2.2472136,0.11553965,-0.053873476,0.85,0.022852379828691483,3.2772243,2.3183618
3603,2.1832857,0.121499754,-0.06836225,0.85,0.05,4.696291,1.8524827
3604,2.2399,0.1588511,-0.100171104,0.85,0.02835589088499546,3.3240435,2.4889646
3605,2.256051,0.04775767,-0.23117334,0.85,0.05,4.813881,1.5236871
3606,2.2447038,0.09340878,-0.18040413,0.85,0.05,4.1649027,1.733399
3607,2.2251263,0.16545318,-0.03274452,0.85,0.026906637474894524,3.4550896,2.6040049
3608,2.37189,0.060444407,-0.04951797,0.4101226329803467,0.041725341230630875,2.223212,2.5172596
3609,2.2702012,0.06901416,-0.15287554,0.85,0.016155432909727097,3.8985786,2.2710547
3610,2.351979,0.099898346,-0.18140943,0.8317304253578186,0.03044995851814747,2.3113406,2.6249568
3611,2.3099177,0.053126227,-0.21082655,0.7031571865081787,0.05,3.591416,2.0832026
3612,2.290836,0.056651607,-0.08369016,0.85,0.023024724796414375,3.10142,2.5040128
3613,2.2661223,0.038436126,-0.054080058,0.7685781717300415,0.03207520768046379,3.4578822,2.416337
3614,2.4005775,0.07602876,-0.17593776,0.7044046521186829,0.10360726714134216,2.2863965,2.56915
3615,2.350089,0.03449897,-0.06739422,0.85,0.03262068331241608,2.143753,2.634331
3616,2.3104362,0.06385281,0.020858718,0.740673303604126,0.05,2.075329,2.7300503
3617,2.36706,0.07298762,-0.10778219,0.35252436995506287,0.06740812957286835,2.4233155,2.568815
3618,2.382372,0.061640307,-0.09063057,0.8254402875900269,0.04206005856394768,2.0636504,2.670663
3619,2.2914877,0.08203208,-0.25140515,0.85,0.024050956591963768,4.3304,1.8272547
3620,2.313851,0.117787786,-0.16539384,0.512550950050354,0.053432416170835495,2.7772665,2.910522
3621,2.388935,-0.0040459745,-0.121618375,0.19190536439418793,0.05010627955198288,2.579127,2.5450625
3622,2.3639014,-0.010279246,-0.07634186,0.7390566468238831,0.061463646590709686,2.6823342,2.8285322
3623,2.3122935,0.019039618,-0.08524102,0.8221626877784729,0.05789336934685707,3.1026626,2.406323
3624,2.395449,-0.009975636,-0.1314697,0.8422659635543823,0.04391517862677574,2.6190956,2.6174195
3625,2.2639022,0.09179823,-0.045239337,0.830337643623352,0.05,3.0238814,2.2507575
3626,2.329421,0.04973358,-0.10559526,0.6089881658554077,0.04617743939161301,2.488452,2.0902534
3627,2.3200004,0.11280103,-0.24061987,0.6902999877929688,0.047186609357595444,3.9751275,2.2504146
3628,2.2750065,0.047727622,-0.12388042,0.8480071425437927,0.04841076210141182,3.882168,2.2222521
3629,2.3413818,0.13130373,-0.1288105,0.7696405649185181,0.054739248007535934,2.128369,2.7167013
3630,2.22901,0.114438005,-0.044394724,0.8086785674095154,0.05,3.5590098,2.0869334
3631,2.24346,0.1384347,-0.13978194,0.85,0.05,4.0317945,2.1851099
3632,2.3440797,0.0615921,-0.06454365,0.85,0.05,2.2143202,2.658624
3633,2.2742133,0.041579742,-0.011887566,0.6623569130897522,0.04498090222477913,3.118984,2.2013404
3634,2.329956,0.06162562,-0.12109975,0.7646921277046204,0.05085603520274162,2.6335812,2.3992424
3635,2.2863677,0.016661894,-0.06830317,0.85,0.02042003907263279,3.5583055,2.1574647
3636,2.3349423,0.057117213,-0.19359218,0.85,0.0034766034223139286,3.0615208,2.4317038
3637,2.2746418,0.08919546,-0.22047457,0.85,0.011433029547333717,4.450114,1.8220798
3638,2.2974112,0.07664896,-0.014706829,0.7022527456283569,0.05,2.4850488,2.644044
3639,2.2719283,0.10597798,-0.15232167,0.85,0.03561778739094734,3.874589,2.586656
3640,2.1728585,0.13280468,-0.04326752,0.8359944820404053,0.031814515590667725,4.3000484,2.1084373
3641,2.3337073,0.07339688,-0.12686843,0.7376673817634583,0.042858704924583435,2.4379032,2.1979213
3642,2.3124895,0.064135246,-0.0906482,0.85,0.05,2.502304,2.7377107
3643,2.2992237,0.05649846,-0.1473504,0.7929414510726929,0.029008377343416214,3.652677,2.42082
3644,2.2917593,0.06301288,-0.28375968,0.85,0.05,4.9997773,2.1925323
3645,2.23192,0.067633115,-0.12595809,0.85,0.020028604194521904,4.56678,1.7109436
3646,2.3088005,0.07911576,-0.22756198,0.85,0.05,4.0911098,2.0588753
3647,2.1821315,0.072908536,-0.00689016,0.840709388256073,0.031657103449106216,4.4221463,2.1089058
3648,2.2630463,0.103758134,-0.22242203,0.7106234431266785,0.037754543125629425,4.3886895,2.1285655
3649,2.2096102,0.08729564,-0.10972277,0.7562438249588013,0.03734630346298218,5.231787,2.1940033
3650,2.3194518,0.1422722,-0.2255956,0.21464264392852783,0.060231950134038925,2.917621,2.3190687
3651,2.3274462,0.083483815,-0.08219899,0.5007939338684082,0.03758776932954788,2.2770758,2.7329004
3652,2.3778887,-0.009631279,-0.056415156,0.85,0.04157913103699684,2.4092174,2.7047055
3653,2.2760432,0.068468474,-0.11824837,0.85,0.05,3.7515519,2.206783
3654,2.230083,0.114530176,-0.15297866,0.85,0.04136316478252411,4.5945573,2.7079566
3655,2.2198913,0.10947952,-0.048864655,0.8477944135665894,0.026187550276517868,3.5820277,2.1937113
3656,2.3105917,0.08247217,-0.20915218,0.813332200050354,0.028521321713924408,3.453422,2.3187792
3657,2.2655072,0.07971258,-0.14418703,0.8494362831115723,0.02846229262650013,3.9308066,1.9041108
3658,2.268996,0.063198805,-0.12825346,0.85,0.018658699467778206,4.0200686,2.1306355
3659,2.240077,0.055098884,0.02184305,0.85,0.012530099600553513,3.036254,2.536782
3660,2.2156134,0.11543786,-0.103852615,0.792256772518158,0.035447172820568085,4.457335,2.152932
3661,2.2992446,0.049003746,-0.091388315,0.7613929510116577,0.04781243950128555,2.9702234,2.0716085
3662,2.2244596,0.11604318,-0.075479284,0.830565333366394,0.05,3.868182,1.8876114
3663,2.344563,0.014927291,-0.11710299,0.839424192905426,0.043052323162555695,2.9913328,2.7416573
3664,2.3027,0.08534464,-0.1737258,0.85,0.04178398847579956,3.501399,2.6698864
3665,2.4085162,0.07279569,-0.19547065,0.2348165065050125,0.0472070686519146,2.0695024,2.2598486
3666,2.3199532,0.14030245,-0.23049968,0.85,0.01426417101174593,3.136673,2.507812
3667,2.229885,0.08018726,-0.07105431,0.85,0.05,4.42589,1.9306883
3668,2.3159664,0.012407135,-0.095070735,0.85,0.05,2.8241205,2.538615
3669,2.2917697,0.09853409,-0.2490505,0.85,0.05,4.413973,2.454151
3670,2.345152,0.12137527,-0.30235636,0.85,0.04569977521896362,3.694138,2.1895256
3671,2.2046297,0.05637172,-0.11251709,0.85,0.05,4.969808,1.5504786
3672,2.3438208,0.039264143,-0.11597786,0.85,0.05,2.6765347,2.2119617
3673,2.3397076,0.06480858,-0.18505037,0.797785222530365,0.09011080861091614,2.7672982,2.6820514
3674,2.3955047,0.07501388,-0.08424849,0.49698543548583984,0.054195698350667953,2.217388,2.6295974
3675,2.386948,0.0036017364,-0.22329493,0.85,0.023441843688488007,2.7341952,2.2215116
3676,2.239264,0.09146403,-0.045859165,0.8303909301757812,0.034266356378793716,3.3014028,2.611987
3677,2.3385136,0.08460167,-0.13406117,0.85,0.025395218282938004,2.6142719,2.2159736
3678,2.3510036,0.1349302,-0.26628962,0.8090478777885437,0.05,3.1317692,2.6876838
3679,2.3107543,0.06487885,-0.07655621,0.85,0.05,2.7526822,2.6240134
3680,2.3103845,0.084852204,-0.107071176,0.5195935368537903,0.04683012515306473,2.5915701,2.2708876
3681,2.3041968,0.13109739,-0.20862164,0.85,0.0076502179726958275,3.3730066,2.1406069
3682,2.3190784,0.042671025,-0.09426732,0.85,0.0355493389070034,2.953592,2.484032
3683,2.2405593,0.04968347,-0.17622007,0.85,0.017525773495435715,4.420595,1.7250457
3684,2.2544549,0.070374064,-0.13526206,0.5163694024085999,0.04780811443924904,3.5455832,2.137244
3685,2.2977185,0.097117685,-0.15240456,0.821199357509613,0.014377559535205364,3.0101833,2.3032057
3686,2.2866545,0.051069684,-0.13463885,0.85,0.03502951189875603,3.7061749,2.1700664
3687,2.2930083,0.037981283,-0.097378306,0.8324891328811646,0.027696197852492332,3.2051234,2.4585779
3688,2.2611134,0.11133036,-0.08154488,0.6968896985054016,0.017800426110625267,2.8570983,2.760966
3689,2.3054912,0.04872367,-0.016683187,0.8409515023231506,0.04826368764042854,2.517449,2.5633018
3690,2.2907875,0.030343145,-0.15038575,0.816032350063324,0.059532761573791504,3.8659484,2.4404204
3691,2.321034,0.06557784,-0.074398324,0.85,0.03199421241879463,2.5841324,2.7799616
3692,2.276741,0.09913868,-0.13398696,0.85,0.04481630399823189,3.3361075,2.6922646
3693,2.195433,0.12078472,-0.13929039,0.7110100388526917,0.016628501936793327,4.6580544,1.8382071
3694,2.3351579,0.04293479,-0.09772542,0.8200286030769348,0.06039337068796158,2.6116168,2.5828846
3695,2.4394758,0.05366649,-0.16517146,0.5458130240440369,0.1023642048239708,2.0777233,2.8348317
3696,2.3598387,-0.025577301,-0.19210732,0.847512423992157,0.026958277449011803,3.6175685,2.2980368
3697,2.275782,0.096343786,-0.11124705,0.8465003371238708,0.04556426778435707,3.2823143,2.7927845
3698,2.250211,0.08532787,-0.053856272,0.85,0.02149975672364235,2.7250311,2.6439135
3699,2.2741785,0.09660643,-0.09550681,0.85,0.05,3.1138406,2.4086387
3700,2.3631222,0.039508983,-0.11487585,0.5999897718429565,0.12892630696296692,2.4561384,2.9138038
3701,2.3297207,0.068186566,-0.048618086,0.2613726258277893,0.03611801192164421,2.2295198,2.6492434
3702,2.1735485,0.13979806,-0.058218226,0.7492457032203674,0.017736753448843956,4.498403,1.9886284
3703,2.1112533,0.168486,-0.2056015,0.85,0.05,7.1421065,1.3903023
3704,2.2649903,0.129782,-0.08739945,0.6676303744316101,0.06963232159614563,3.5687704,2.85289
3705,2.2657056,0.03369438,0.020747153,0.7267771363258362,0.020607151091098785,3.0553896,2.5047405
3706,2.2533083,0.016772626,-0.09548448,0.5624189376831055,0.05,4.6204104,1.6236056
3707,2.279485,0.1084957,-0.03036587,0.8460403680801392,0.03465590253472328,2.564214,2.346025
3708,2.3936954,0.023870766,-0.28162488,0.832902193069458,0.0217386893928051,3.4027677,2.5633988
3709,2.2942061,0.13433236,-0.106244974,-0.08946697413921356,0.032156262546777725,2.2556288,2.290622
3710,2.3590274,0.048929524,-0.22645283,0.2936461865901947,0.06416045129299164,2.909366,2.6731408
3711,2.305974,0.14152916,-0.12700151,0.5382774472236633,0.07096873223781586,2.8211656,2.7084317
3712,2.233848,0.024652967,-0.044067033,0.7691708207130432,0.05,4.0007057,2.1487055
3713,2.3769467,0.06286879,-0.07328104,0.4581650495529175,0.05,2.1863706,2.6149542
3714,2.280862,0.04227254,-0.1828218,0.85,0.05,3.9438357,2.0868587
3715,2.304087,0.103625,0.052418686,0.8439960479736328,0.041691917926073074,2.3022215,2.4611287
3716,2.2339776,0.102437116,-0.12478373,0.85,0.05,3.7353947,2.5490527
3717,2.2327392,0.07440324,-0.09476478,0.8353338837623596,0.04326152056455612,4.202409,2.2505538
3718,2.2016811,0.029661303,-0.02346337,0.85,0.02043384686112404,4.488854,2.0734432
3719,2.2936928,0.006608387,-0.11091659,0.85,0.02941139228641987,3.922423,2.2590678
3720,2.319832,0.03760725,-0.054451406,0.597364068031311,0.06576120108366013,2.1398108,2.8667922
3721,2.3820512,0.06391118,-0.12605941,0.40535658597946167,0.06646488606929779,2.213083,2.4516695
3722,2.294616,0.01622122,-0.053259555,0.85,0.05,3.256349,2.6068845
3723,2.3279543,0.07118582,-0.2693792,0.85,0.03117785044014454,3.984024,2.3454428
3724,2.2569273,0.11265687,-0.17609724,0.85,0.05,4.714281,2.1522477
3725,2.255552,0.08957201,-0.043711804,0.85,0.05,2.6403527,2.1271443
3726,2.2582412,0.08033296,0.0069759926,0.5918477177619934,0.07522065937519073,2.5844402,2.7807145
3727,2.258583,0.08373079,-0.056251153,0.8360745310783386,0.00022377641289494932,3.0347118,1.9965991
3728,2.2702737,0.073697746,-0.16074416,0.782433032989502,0.03825535997748375,4.0407987,2.6791396
3729,2.2608688,0.044276457,-0.07888168,0.85,0.05,3.7361224,1.9972346
3730,2.2703094,0.09673756,-0.13247122,0.85,0.0414397157728672,4.2129474,2.253394
3731,2.3540213,0.0786127,-0.09944931,0.6408772468566895,0.06262826919555664,2.3218417,2.796302
3732,2.231567,0.06574135,-0.07790337,0.85,0.028720997273921967,4.2710805,2.3165102
3733,2.2685277,0.017727366,-0.016150126,0.8356988430023193,0.02981138788163662,2.8625975,2.335914
3734,2.2384036,0.087246515,-0.11671177,0.85,0.05,4.1186495,2.2208035
3735,2.2585728,0.12112386,-0.062526196,0.85,0.013576430268585682,2.904626,2.4749348
3736,2.324625,0.10538583,-0.12444726,0.8252858519554138,0.04005451500415802,2.294968,2.8412821
3737,2.2372868,0.05582407,0.026625864,0.612608015537262,0.017546139657497406,3.0045283,2.335713
3738,2.1883354,0.13070066,-0.09892692,0.85,0.05,4.2134614,1.8496995
3739,2.3269632,0.0022495026,-0.076374665,0.85,0.05,2.6278703,2.3454359
3740,2.2867768,0.057736516,-0.09592431,0.8377348184585571,0.015630502253770828,2.3244982,2.3471744
3741,2.2895286,0.1190401,-0.1673849,0.672063410282135,0.056695859879255295,3.2251215,2.5663207
3742,2.4400766,-0.03508,-0.016415855,0.6815441846847534,0.07360722869634628,2.14727,2.854241
3743,2.2546868,0.12641996,-0.08364668,0.85,0.05,3.3147466,2.0680563
3744,2.189243,0.16364866,-0.025630748,0.8231536746025085,0.023544222116470337,3.5378425,2.0328703
3745,2.215484,0.09710554,-0.17579253,0.85,0.05,5.136219,1.7140194
3746,2.3160322,0.13864219,-0.1122608,0.8397858738899231,0.01090969517827034,2.341763,2.6337357
3747,2.2700162,0.083148204,-0.09579765,0.4919850528240204,0.08018437027931213,3.3252518,2.6476924
3748,2.1768446,0.10222112,-0.15496485,0.8256552219390869,0.03899893909692764,5.174971,1.6475731
3749,2.2478666,0.029084677,-0.008743078,0.5203096270561218,0.0398026667535305,2.991426,2.0518577
3750,2.3050854,0.0035237402,0.009632989,0.8448788523674011,0.0464632585644722,2.6689916,2.7010617
3751,2.280975,0.17820413,-0.08209891,0.85,0.0569688081741333,2.7607512,2.6582904
3752,2.2339396,0.07420622,-0.24945176,0.85,0.05,5.065123,1.4434547
3753,2.171257,0.13607419,-0.17096464,0.85,0.007128086872398853,5.449146,1.479176
3754,2.314264,0.12675388,-0.20414317,0.6389620304107666,0.024282056838274002,2.756439,2.7977133
3755,2.202192,0.1187641,-0.11945471,0.8391586542129517,0.025323957204818726,4.615452,1.9276507
3756,2.1663263,0.10173031,-0.21003582,0.7918453216552734,0.04028790444135666,6.575382,1.1821351
3757,2.3901577,0.028210018,-0.06037597,0.5833872556686401,0.040964383631944656,2.0727484,2.574411
3758,2.378272,0.046643104,-0.101221,0.8422057032585144,0.043018922209739685,2.3178327,2.5127473
3759,2.1342251,0.08971006,-0.1503974,0.85,0.028676385059952736,6.9874988,1.3081156
3760,2.3663535,0.04376625,-0.19560066,0.845773458480835,0.04430967569351196,2.8323169,2.512281
3761,2.2238374,0.15716368,-0.03082047,0.6770082116127014,0.06499291956424713,3.3939679,2.4982555
3762,2.2158964,-0.04590581,-0.08688666,0.8163529634475708,0.03964376822113991,5.1269336,1.6101873
3763,2.1258445,0.13990188,-0.07522525,0.85,0.010501245968043804,5.2843924,1.6585879
3764,2.2865298,0.07586081,-0.12975101,0.85,0.02971990406513214,3.4780145,2.677946
3765,2.3323324,0.052480258,-0.11868439,0.85,0.05,2.6792772,2.7356703
3766,2.2257872,0.05408723,-0.025021268,0.6657545566558838,0.060234442353248596,4.1562424,2.2555935
3767,2.2463207,0.095712885,-0.021127712,0.5418301224708557,0.02072480507194996,2.911139,2.7510998
3768,2.2666392,0.06643885,-0.08634244,0.85,0.05,3.491503,2.873535
3769,2.3905826,-0.023246601,-0.17795166,0.43387460708618164,0.09583037346601486,2.4072719,2.7531843
3770,2.311573,0.049405195,-0.07107191,0.7634146809577942,0.050470154732465744,2.745157,2.2171276
3771,2.2900722,0.07950783,-0.044598967,0.85,0.022343162447214127,2.5418713,2.5392501
3772,2.3517098,-0.0077339048,-0.086853206,0.85,0.03782224655151367,2.656271,2.3308184
3773,2.2734096,0.13400382,-0.17309923,0.85,0.005602001678198576,3.4907026,1.9609106
3774,2.3013964,0.08703688,-0.1777341,0.85,0.013325415551662445,3.4154694,2.2236466
3775,2.3360202,-0.039576687,-0.11050095,0.4048071503639221,0.03256973251700401,3.0990796,2.768018
3776,2.3368893,0.044575915,-0.121856004,0.8167484402656555,0.050854314118623734,2.277058,2.8399308
3777,2.2481103,0.07027577,-0.08417746,0.85,0.033494941890239716,3.7797625,2.3683763
3778,2.3738506,0.09561552,-0.12509423,0.7049403786659241,0.08961845189332962,2.2606173,2.6112654
3779,2.2467303,0.033957504,-0.072522074,0.828795313835144,0.030367868021130562,4.0070868,1.7431589
3780,2.2158964,0.077372804,-0.07014493,0.7831056714057922,0.05,4.549397,2.292192
3781,2.295849,0.06935084,-0.10856547,0.85,0.027630984783172607,2.7782025,2.692721
3782,2.2529385,0.04568052,-0.22605012,0.85,0.05,5.140467,1.9500394
3783,2.3868492,0.057639252,-0.18785742,0.8079246282577515,0.01653957925736904,2.3781784,2.6801646
3784,2.1499374,0.04739494,-0.14829037,0.85,0.05,7.0005956,1.3322257
3785,2.2924504,0.1343191,-0.17100316,0.85,0.05,2.7494814,2.6392171
3786,2.4086375,-0.03865565,-0.09903224,0.8271629214286804,0.03995798900723457,2.5461166,2.4160705
3787,2.3075578,-0.03069209,-0.14271523,0.7913685441017151,0.05620381981134415,4.1322203,2.197455
3788,2.2360823,0.041227233,-0.11796044,0.85,3.966317672166042e-05,4.8274374,1.6634678
3789,2.2795482,0.10464622,-0.08648864,0.618558943271637,0.024762284010648727,2.7960856,2.5726452
3790,2.27324,0.0659599,-0.031636234,0.8061615228652954,0.0363769456744194,2.874141,2.5827854
3791,2.258136,0.079253726,-0.12580998,0.8152083158493042,0.05,4.1095524,2.217611
3792,2.3280792,0.0019336689,-0.12913509,0.8202898502349854,0.05289161577820778,3.564212,1.9652883
3793,2.3571904,0.013287505,-0.22903289,0.85,0.027447480708360672,3.3066967,2.614897
3794,2.311081,0.083343714,-0.09801764,0.5416812300682068,0.02093706652522087,2.885349,2.1917524
3795,2.3865368,0.0051327692,-0.10048654,0.37724319100379944,0.027707744389772415,2.4485705,2.3117385
3796,2.2930698,0.12563911,-0.30844563,0.7879734039306641,0.04488891735672951,5.1314483,2.1767075
3797,2.4230068,0.013748362,-0.11541314,0.28251051902770996,0.04378378763794899,2.1487072,2.3932352
3798,2.2685232,0.07531259,-0.2041248,0.7358350157737732,0.03663935512304306,5.0524387,2.0767584
3799,2.1981752,0.11041848,0.04924443,0.85,0.013323825784027576,3.3051214,2.3768492
3800,2.2705534,-0.003439758,0.023523662,0.8461251258850098,0.021248962730169296,3.2400868,2.2122116
3801,2.1215343,0.06956394,-0.12368163,0.6710465550422668,0.08303333073854446,7.557498,1.41859
3802,2.2988577,0.09658245,-0.11207992,0.85,0.025550955906510353,2.7134054,2.5772302
3803,2.3834708,-0.007927566,-0.033663515,0.783075749874115,0.06312999874353409,2.1508806,2.743785
3804,2.316363,0.03000526,-0.07523356,0.8295573592185974,0.027390513569116592,2.9264946,2.387722
3805,2.2988544,0.043022897,-0.14520764,0.85,0.026079086586833,3.8762212,2.15079
3806,2.2309258,0.095402166,-0.08394512,0.8314303159713745,0.05,4.0629473,2.1437943
3807,2.2897925,0.062285036,-0.18120986,0.8418496251106262,0.02991313673555851,3.9132364,2.0574539
3808,2.4137657,-0.008590944,-0.106802486,0.85,0.05,2.409834,2.1913033
3809,2.2004807,0.07130505,-0.019484237,0.8257688879966736,0.014227383770048618,4.1236005,1.7361398
3810,2.1904871,0.083795935,-0.01829152,0.8441218137741089,0.024089783430099487,3.9769652,2.1434212
3811,2.2278097,0.11527358,-0.16179825,0.7681823968887329,0.03679296001791954,4.1661263,1.8433707
3812,2.372606,0.0087473495,-0.2706667,0.85,0.05,3.6318216,2.2531474
3813,2.3045952,0.12742801,-0.18370329,0.42928117513656616,0.006425207015126944,2.8999434,2.3908327
3814,2.2858105,0.14491065,-0.33780625,0.85,0.022967802360653877,5.233503,1.9466343
3815,2.2940788,0.12172593,-0.15163848,0.8467796444892883,0.03845291584730148,3.3787475,2.522945
3816,2.2560623,0.09805634,-0.10466582,0.85,0.012313558720052242,3.8193662,2.2920756
3817,2.2730634,0.06649265,-0.04776967,0.8285830616950989,0.028893670067191124,3.6533265,2.3680916
3818,2.1819098,0.08410331,-0.065617055,0.8423111438751221,0.05,4.086279,1.6435484
3819,2.2645931,0.09770843,-0.04119204,0.85,0.010822534561157227,2.889225,2.4206479
3820,2.271996,0.03134309,-0.050105393,0.8492208123207092,0.04010844603180885,3.6725996,2.416571
3821,2.2765815,0.057584878,-0.13110718,0.8470165729522705,0.05,3.879151,2.6518438
3822,2.2482038,0.112437144,-0.10226953,0.8366883397102356,0.056752853095531464,3.8283997,2.350186
3823,2.268671,0.0607286,-0.014319324,0.8264126181602478,0.04772499203681946,3.4756713,2.1773388
3824,2.2186751,0.13991888,-0.064428106,0.85,0.05,3.329718,2.2866359
3825,2.1364057,0.11810138,-0.09734028,0.85,0.05,5.2382784,1.5764788
3826,2.2611446,0.07106108,-0.124415,0.8156670331954956,0.05,3.7590005,1.9711277
3827,2.303139,0.07211011,-0.16928618,0.85,0.011279303580522537,2.92646,2.2389286
3828,2.1814926,0.08967815,-0.0016507104,0.85,0.05,4.0092783,1.7585717
3829,2.3347218,0.08648853,-0.19933851,0.85,0.04076173156499863,3.0617101,2.4506106
3830,2.2723684,0.10816596,-0.18118672,0.714469313621521,0.05,4.198353,2.2287765
3831,2.1818984,0.16426858,0.038032416,0.85,0.05,2.7666714,2.1920033
3832,2.4259374,0.07678606,-0.25641105,0.6988524794578552,0.05143630504608154,2.262092,2.5392575
3833,2.3034136,0.06899621,-0.028939279,0.800923764705658,0.0434286966919899,2.5121317,2.7195787
3834,2.3573587,0.09938712,-0.1269478,0.8271682262420654,0.028769008815288544,2.3793454,2.5736227
3835,2.3026357,0.10385993,-0.03268273,0.7191100120544434,0.06099579110741615,2.0365236,2.6500974
3836,2.2555687,0.0987791,-0.06418883,0.85,0.05,2.9426994,2.6653845
3837,2.2122355,0.16374826,-0.24656215,0.85,0.008168147876858711,5.1368766,1.6692512
3838,2.3081498,0.018220114,-0.043828405,0.8072111010551453,0.01162935420870781,2.301663,2.239336
3839,2.2038364,0.05546882,-0.12682259,0.838982343673706,0.05,4.808286,1.7169328
3840,2.2352374,0.16839115,-0.24895635,0.85,0.03545612096786499,4.7589726,2.3559413
3841,2.1686602,0.13401431,-0.24008757,0.85,0.05,6.7155094,1.3919443
3842,2.2360556,0.056367908,-0.045288675,0.85,0.05,4.1281967,2.11221
3843,2.2914512,0.024294851,-0.08387749,0.43501242995262146,0.029220299795269966,3.3978777,2.2864723
3844,2.3477829,0.062986866,-0.14575891,0.8397367596626282,0.028805522248148918,2.5259264,2.6206
3845,2.3075073,0.054578327,-0.18225016,0.85,0.05,4.0489516,2.2395556
3846,2.240886,0.0925891,-0.09856931,0.85,0.009288826026022434,3.9292138,2.3960192
3847,2.3001816,0.10441678,-0.1571074,0.8478644490242004,0.04273529350757599,3.530622,2.3213515
3848,2.2231395,0.14206035,-0.12794396,0.85,0.013850731775164604,4.3083377,2.11593
3849,2.1759477,0.099715374,-0.13855304,0.8433188199996948,0.029925448819994926,4.9039326,1.4904168
3850,2.2885363,0.14506589,-0.058977142,0.7867710590362549,0.02249237149953842,2.521087,2.5179937
3851,2.2627459,0.07753179,-0.077853665,0.85,0.05,3.2490134,2.4670393
3852,2.1971881,0.12320728,-0.045742463,0.85,0.05,4.0859675,2.259867
3853,2.2544415,0.11212661,-0.060264174,0.8267824649810791,0.047797463834285736,2.9421422,2.3533394
3854,2.2744796,0.05930243,-0.22821184,0.85,0.05,4.5537667,2.0581453
3855,2.2437923,0.070563056,-0.11852043,0.7942364811897278,0.01855544000864029,3.966053,1.93875
3856,2.2947085,0.03357817,-0.11507175,0.85,0.03918727859854698,3.3767397,2.7865782
3857,2.2898355,-0.008692132,0.11297078,0.5200943946838379,0.04676945134997368,2.5394452,2.2567904
3858,2.2977269,0.14171527,-0.012089017,0.48789525032043457,0.05232933908700943,1.9809873,2.9071991
3859,2.2914276,0.06452065,-0.15782976,0.85,0.010287188924849033,3.753113,2.2069385
3860,2.2413163,0.120982915,-0.11687531,0.8303322792053223,0.027795778587460518,4.089873,2.2557511
3861,2.2389162,0.07526612,-0.078821726,0.8161597847938538,0.016086319461464882,3.9004433,1.8863765
3862,2.246236,0.09424398,-0.17485765,0.755247175693512,0.05,4.5174866,1.7786554
3863,2.3612986,0.08051763,-0.03469303,0.85,0.04262890666723251,2.0800858,2.6273887
3864,2.2830095,0.11655678,-0.12570347,0.85,0.008590534329414368,3.1301441,2.1144836
3865,2.1584551,0.14521271,-0.13411768,0.8275534510612488,0.03099200502038002,5.180895,1.7657478
3866,2.2893019,0.19146436,-0.31762508,0.85,0.02843206375837326,4.9096737,2.3284624
3867,2.2165873,0.0874995,-0.011371101,0.85,0.03492559865117073,3.907146,2.527713
3868,2.2496073,0.07473387,-0.1610625,0.85,0.05,4.407924,1.7474695
3869,2.290927,0.09987681,-0.14377142,0.6420110464096069,0.0764312669634819,3.4824312,2.412709
3870,2.3787613,0.09879214,-0.26736313,0.7642122507095337,0.03478219732642174,2.5767176,2.6954627
3871,2.3368587,0.082485564,-0.13377568,0.6190688014030457,0.03293118625879288,2.4265773,2.598035
3872,2.2670524,-0.025780868,-0.0018692018,0.85,0.009932592511177063,3.5428464,2.160487
3873,2.2457786,0.017396558,-0.051001504,0.85,0.05,3.907753,1.7642436
3874,2.359683,0.05508267,-0.25179425,0.6936612725257874,0.04427468776702881,3.067352,1.9286487
3875,2.2930944,0.03417294,-0.094501816,0.85,0.05,2.8672884,2.721254
3876,2.3011222,0.075166754,-0.17292422,0.8275625705718994,0.05,3.9179165,1.8061199
3877,2.3697293,0.011855506,-0.13416867,0.85,0.003003535559400916,2.6755722,2.098816
3878,2.2487442,0.104125746,-0.109492674,0.85,0.05,4.2839103,2.1682928
3879,2.299306,0.0518774,-0.116161846,0.836933970451355,0.03854445740580559,2.9340422,2.348599
3880,2.3260143,0.01336492,-0.011443258,0.529448926448822,0.025967294350266457,2.4424212,2.303508
3881,2.15245,0.10597802,-0.06299745,0.85,0.05,4.8882422,1.5996338
3882,2.2715838,0.037688937,-0.10693988,0.85,0.005805349443107843,3.5308485,2.2799568
3883,2.3073642,0.08725177,-0.059238326,0.8327968716621399,0.04942312836647034,2.6751964,2.5441403
3884,2.2716923,0.078286886,-0.0072517227,0.8316306471824646,0.048615921288728714,2.6889045,2.3111668
3885,2.2781196,0.06754901,-0.07309122,0.85,0.02398386038839817,2.9398494,2.7015033
3886,2.3443625,0.07471639,-0.06874123,0.8302777409553528,0.05,2.2292097,2.418767
3887,2.2788382,0.019710153,0.03779004,0.26172593235969543,0.013162605464458466,2.708178,2.3499782
3888,2.2577333,0.024500087,-0.049771216,0.85,0.008583168499171734,3.623212,2.3143327
3889,2.2547224,0.109262966,-0.09202917,0.85,0.032349903136491776,3.4612746,2.730649
3890,2.2260454,0.15376039,-0.0686173,0.83243328332901,0.031170878559350967,3.3728294,2.0486026
3891,2.1710835,0.13994466,-0.10531918,0.8290202617645264,0.05,4.8534546,1.7798849
3892,2.2661786,0.07599329,-0.113054655,0.8393293619155884,0.03071340173482895,3.8450382,2.6746173
3893,2.3299515,0.17330107,-0.22341502,0.4629192352294922,0.030096085742115974,2.3999634,2.761408
3894,2.2691228,0.06098543,-0.16602033,0.85,0.028449909761548042,4.5532656,1.6999613
3895,2.3261447,0.104998566,-0.05365467,0.8030054569244385,0.021534811705350876,2.0513713,2.707548
3896,2.337009,0.02955386,-0.10435382,0.8283085227012634,0.06551630049943924,2.6082935,2.7984538
3897,2.3168833,0.032333553,-0.067237705,0.85,0.038927871733903885,2.9056835,2.4239564
3898,2.2771413,0.09310807,-0.07302121,0.818857729434967,0.013336138799786568,2.9090054,2.297644
3899,2.2573183,0.0684216,-0.09571513,0.85,0.05,3.5797098,2.8409271
3900,2.226392,0.07794432,-0.06546975,0.85,0.05,4.4562087,2.1274283
3901,2.321868,0.06636303,-0.14575103,0.85,0.05,2.7655947,2.2914314
3902,2.344346,0.06620555,-0.14652176,0.8166881799697876,0.039436258375644684,2.5124652,2.3200843
3903,2.2023847,0.16542892,-0.15233165,0.85,0.00892617553472519,4.59919,1.7353146
3904,2.231595,0.09582351,-0.11635072,0.85,0.018406882882118225,4.5167294,2.0255687
3905,2.219448,0.111115195,-0.038005833,0.82384192943573,0.047688111662864685,3.5082936,2.5260491
3906,2.1806085,0.15443742,-0.21390668,0.85,0.009158307686448097,5.657219,1.5373509
3907,2.2357063,0.022645963,-0.060571007,0.8077150583267212,0.020711762830615044,3.6177454,2.0886502
3908,2.292831,0.01328313,-0.10540721,0.85,0.05,3.6397316,2.0257785
3909,2.2788916,0.03955117,-0.043981537,0.47036492824554443,0.05,2.6896443,2.361153
3910,2.2886136,0.16013369,-0.07892702,0.7768992781639099,0.0729096382856369,2.5850084,2.5629451
3911,2.3282144,0.07609889,-0.1851378,0.7975308895111084,0.06870025396347046,3.1926346,2.8531268
3912,2.343417,0.0938773,-0.027310764,0.738484799861908,0.07924038171768188,2.1187012,2.695364
3913,2.264966,0.15077238,-0.18898462,0.85,0.05,3.8606327,2.6259995
3914,2.3148997,0.06310664,-0.123033166,0.85,0.011877027340233326,3.146216,2.236081
3915,2.3205485,0.031706568,-0.11463273,0.85,0.0455634780228138,3.0711107,2.7323692
3916,2.3236032,0.05600929,-0.13836646,0.5842551589012146,0.07315950840711594,2.7791586,2.5912879
3917,2.2699423,0.098423816,-0.12119748,0.829351544380188,0.05,3.7080088,1.9635787
3918,2.242156,0.028250812,-0.14335325,0.7881226539611816,0.03716808930039406,4.7966404,2.6466994
3919,2.3412282,0.11589698,-0.25212985,0.85,0.05,2.5917575,2.4854445
3920,2.3223748,0.064145006,-0.11444167,0.5029849410057068,0.009220599196851254,2.7378926,2.3308783
3921,2.09881,0.19043094,-0.086883396,0.85,0.05,5.5387115,1.4624358
3922,2.173981,0.10833244,-0.14797938,0.85,0.0312472153455019,5.2745795,1.8059738
3923,2.2498245,0.12168059,-0.14466004,0.7595227956771851,0.05,3.5004668,2.2899384
3924,2.3200407,0.14904085,-0.16794762,0.85,0.04418543726205826,2.1998467,2.6821425
3925,2.4046097,0.06413919,-0.052140273,0.85,0.03064248338341713,2.117225,2.8743467
3926,2.3402336,0.042426962,0.0025228485,0.85,0.05,2.363561,2.67362
3927,2.30609,0.053729527,-0.060034275,0.85,0.0075879329815506935,2.5511317,2.4960651
3928,2.2998765,0.050259475,-0.24578887,0.85,0.05,4.5150495,1.6254323
3929,2.2469413,0.12880649,-0.14624287,0.85,0.027467207983136177,3.8358057,2.418154
3930,2.4090047,0.009267462,-0.24302906,0.85,0.05,2.822434,1.9201269
3931,2.231025,0.061158318,-0.031330816,0.85,0.05,4.055985,1.9732088
3932,2.235655,0.041766554,0.06680295,0.47375980019569397,0.05024412274360657,3.0978484,2.1959753
3933,2.2250671,0.0883022,-0.122571394,0.8324596285820007,0.05,4.1130323,2.049714
3934,2.2639453,0.11369319,-0.16680929,0.8436256051063538,0.034485358744859695,4.1089826,1.9667103
3935,2.2051504,0.15453754,-0.058282204,0.85,0.021771717816591263,3.2559721,2.4197776
3936,2.224124,0.11672163,-0.081838764,0.85,0.05,3.7087817,2.279183
3937,2.2429268,0.11530535,-0.0684605,0.8219223618507385,0.05,3.45975,2.6368542
3938,2.3089612,0.03210163,-0.01067971,0.6222304105758667,0.04196241870522499,2.6052167,2.6759355
3939,2.316948,0.100081734,-0.26490963,0.825625479221344,0.05,3.9638624,2.6846256
3940,2.249629,0.08323262,-0.046565168,0.85,0.05,3.5410316,2.1626122
3941,2.276567,0.09515159,-0.124073684,0.85,0.0179738886654377,3.3333254,2.3149667
3942,2.1875856,0.114906505,-0.062857695,0.85,0.043151408433914185,4.7309327,1.9777827
3943,2.2759974,-0.011246546,-0.0058545913,0.7897903919219971,0.04650460556149483,3.201773,2.6372476
3944,2.2569366,0.0646426,0.058629017,0.8442351222038269,0.012014782987535,2.428131,2.071397
3945,2.228691,0.06540984,-0.08916369,0.8246272206306458,0.002776092616841197,4.3615866,2.0813265
3946,2.2453685,0.05981386,-0.28517985,0.85,0.02398272231221199,5.264193,1.6329403
3947,2.2272513,0.07274536,-0.100955,0.8165981769561768,0.05,3.989378,1.8572211
3948,2.3295915,0.06331698,-0.25642377,0.85,0.05,4.092379,2.256517
3949,2.2024384,0.057999104,-0.16925524,0.85,0.01818053610622883,5.224025,1.5284003
3950,2.2342613,0.05696822,-0.157827,0.85,0.05,5.092656,1.6846875
3951,2.3152642,0.03163433,-0.15296207,0.85,0.008855666033923626,3.3740144,2.3196177
3952,2.2977798,0.12013617,-0.08124898,0.8230535984039307,0.017706887796521187,2.2898064,2.6047707
3953,2.2769294,0.10363826,-0.13453986,0.85,0.05,3.113764,2.2866678
3954,2.20694,0.039163202,0.042707477,0.8290430307388306,0.0370279997587204,3.7290232,2.1939657
3955,2.299633,0.06363342,-0.0744923,0.8248899579048157,0.06262685358524323,2.844116,2.7057278
3956,2.2336452,0.12147661,-0.097412735,0.85,0.02422601357102394,4.000867,2.2772713
3957,2.2981005,0.04672526,-0.14148551,0.826389491558075,0.046499334275722504,3.3686683,2.1627004
3958,2.274021,0.15875652,-0.08648287,0.5681310892105103,0.00587391247972846,2.4144218,2.3312764
3959,2.2011297,0.14236403,-0.07754923,0.85,0.00027178757591173053,3.5375602,2.416589
3960,2.316945,0.05975214,-0.09636584,0.7431725859642029,0.031287066638469696,2.6002016,2.6511059
3961,2.2063835,0.04261522,-0.118272744,0.85,0.05,4.8882127,1.5670542
3962,2.3281825,0.051560108,-0.20917054,0.5506819486618042,0.05,3.5332007,2.316583
3963,2.2162683,0.116929255,-0.13089304,0.7748375535011292,0.015009707771241665,4.2175784,1.8674449
3964,2.2039733,0.037821624,-0.09502078,0.85,0.05,5.179149,1.5500079
3965,2.3835704,0.013976732,-0.11991033,0.85,0.028750475496053696,2.2344697,2.4730065
3966,2.2891045,0.07360124,-0.057051126,0.8183057904243469,0.04599530249834061,2.7213717,2.7152727
3967,2.1976721,0.13520174,-0.11408585,0.85,0.03932350128889084,4.513161,2.3719118
3968,2.2415433,0.1529628,-0.13709131,0.85,0.030318230390548706,3.551064,2.3996296
3969,2.2953038,0.1300047,-0.2501276,0.8441012501716614,0.04348689317703247,3.9294403,2.307517
3970,2.3209476,0.10426792,-0.25071132,0.85,0.05,3.5235546,2.0510454
3971,2.1367493,0.13603064,-0.0066873613,0.8478196263313293,0.05,4.40066,1.7084011
3972,2.2385116,0.023671094,-0.064402506,0.14336302876472473,0.01804446242749691,4.510698,1.849279
3973,2.2728062,0.07457855,-0.33066827,0.8005239963531494,0.062483083456754684,5.206203,1.4740074
3974,2.2038014,0.05193698,-0.06435914,0.85,0.05,4.420813,1.6523943
3975,2.207418,0.13027988,-0.1562809,0.85,0.022025030106306076,5.1281877,1.9536717
3976,2.325197,0.059425205,0.0013313637,0.85,0.0005247070803306997,2.3349762,2.900758
3977,2.3777874,-0.007840901,-0.06512282,0.8101710081100464,0.05,2.1337554,2.891094
3978,2.3066406,0.1037873,-0.083515026,0.8271742463111877,0.02427494153380394,2.301884,2.8479142
3979,2.4470942,0.052491434,-0.16782315,0.6168617606163025,0.054200395941734314,2.221598,2.6984692
3980,2.3656657,0.035490472,-0.16793312,0.3936927914619446,0.039471328258514404,2.920976,2.3450565
3981,2.3587606,0.07319226,-0.14243886,0.85,0.017440253868699074,2.4400134,2.6242573
3982,2.2184048,0.20904773,-0.0718723,0.85,0.034932270646095276,2.667869,2.771973
3983,2.3551185,0.045499977,-0.076862425,0.8306052684783936,0.056916166096925735,2.2588818,2.403358
3984,2.2688227,0.03952422,-0.071905784,0.6821467280387878,0.05,3.102708,2.0421588
3985,2.3756542,0.005167944,-0.15820193,0.10557442903518677,0.04597185552120209,2.9422195,2.859086
3986,2.321415,0.07890636,-0.08839223,0.5160008668899536,0.05951240658760071,2.5979156,2.9196234
3987,2.1482055,0.08282403,-0.11197861,0.85,0.024033131077885628,5.7503505,1.4454823
3988,2.2387838,0.14256544,-0.075949,0.6840477585792542,0.12445636838674545,3.5945635,2.6259704
3989,2.2517796,0.05071223,-0.018314283,0.8414406180381775,0.023276399821043015,3.0680022,2.1272113
3990,2.3620872,0.033125594,-0.08456349,0.85,0.05,2.3248045,2.4986894
3991,2.2664971,0.06937905,-0.14684369,0.8473507165908813,0.03484300523996353,3.9327674,2.2474964
3992,2.2024548,0.20059572,-0.016864372,0.8211406469345093,0.05,2.436996,2.7374375
3993,2.3180754,0.053321216,-0.09587783,0.8446243405342102,0.05,2.40784,2.2752435
3994,2.2634306,0.070221975,-0.07497428,0.7521739602088928,0.016339125111699104,3.6147041,2.1279616
3995,2.2943428,0.027963063,-0.09018392,0.85,0.011600105091929436,3.0790296,2.2507021
3996,2.2711535,0.14506304,-0.21832967,0.85,0.028000779449939728,4.493802,2.236827
3997,2.3030288,0.13736908,-0.042405594,0.85,0.020276827737689018,2.2240372,2.5569944
3998,2.2911224,0.112622805,-0.14619324,0.8329757452011108,0.06956631690263748,3.1990082,2.8445919
3999,2.3310885,0.11325031,-0.08963543,0.85,0.040950238704681396,2.2279816,2.2815902
4000,2.3744977,0.030866819,-0.17402096,0.80525141954422,0.03482428193092346,2.9307115,2.6309874
4001,2.2177646,0.07738308,-0.10936909,0.85,0.01182271633297205,4.5726376,2.0308886
4002,2.2927377,0.12040911,-0.16956025,0.8256716132164001,0.05,2.9750092,2.858563
4003,2.2343965,0.12750313,-0.04200583,0.85,0.011620170436799526,3.1452217,2.1302676
4004,2.33753,0.07090914,-0.056707233,0.85,0.03953614830970764,2.2724442,2.8441746
4005,2.3610497,0.017805843,-0.08974634,0.2737043797969818,0.07542670518159866,2.2753289,2.621252
4006,2.2265658,0.045271657,-0.06977865,0.6346971392631531,0.05365421250462532,4.1636043,2.0441115
4007,2.129013,0.1337333,-0.05858349,0.85,0.05,4.8637776,1.6199034
4008,2.224084,0.13724235,-0.0981056,0.85,0.02527124248445034,3.899884,2.7105887
4009,2.1981874,0.121325396,-0.12743667,0.85,0.05,5.0879602,1.9046388
4010,2.3689425,0.07854659,-0.14307499,0.5588173270225525,0.07492508739233017,2.1681883,2.7561889
4011,2.3092341,0.040354382,-0.22681524,0.85,0.05,4.364653,1.810392
4012,2.2231019,0.11928985,-0.12813357,0.8132292032241821,0.05,4.4127417,2.0549388
4013,2.289995,0.113371834,-0.09762584,0.8349869847297668,0.049751926213502884,2.7652006,2.780659
4014,2.36287,0.04698555,-0.13756707,0.552148163318634,0.06294049322605133,2.5518937,2.8587778
4015,2.33141,0.05637095,-0.023697443,0.28332385420799255,0.06477043032646179,2.257818,2.250076
4016,2.3016326,0.10869141,-0.12202975,0.85,0.03815397992730141,2.6621456,2.556055
4017,2.2865822,0.049629785,-0.08858908,0.85,0.05,3.153808,2.3322413
4018,2.1935952,0.10328573,-0.048736922,0.7365211844444275,0.04782745614647865,4.460292,2.4314992
4019,2.3685842,0.038876694,-0.1791727,0.6110235452651978,0.05,2.5236433,2.6563833
4020,2.308474,0.09198014,-0.14951967,0.85,0.05,3.391302,2.5820067
4021,2.3156383,0.042304408,-0.15523249,0.7087134122848511,0.06370420008897781,3.7776775,2.732127
4022,2.3709831,0.06780288,-0.09291192,0.8336643576622009,0.06031690537929535,2.2571561,2.753851
4023,2.2997613,0.086757414,-0.034648832,0.5577631592750549,0.08897925168275833,2.5465972,2.607342
4024,2.2533433,0.10479971,-0.12654448,0.85,0.05,3.9110734,2.2141876
4025,2.2734373,0.043318305,-0.090625234,0.841812252998352,0.026833778247237206,3.367711,2.1329687
4026,2.2790647,0.031605422,-0.11039983,0.85,0.05,3.3623128,2.1851645
4027,2.4645739,0.00048172893,-0.15758051,0.7373117804527283,0.08634904026985168,2.1033995,2.603349
4028,2.1387324,0.12662074,0.0032826418,0.8168241381645203,0.0566851943731308,4.4235563,2.4538088
4029,2.2200775,0.12038808,-0.051990207,0.85,0.05,4.0418615,2.049151
4030,2.3372004,0.0749911,-0.14356457,0.4788411855697632,0.05009593069553375,2.4080052,2.7594573
4031,2.2306726,0.019093515,-0.004573402,0.7427482604980469,0.06097729504108429,4.2756104,2.7400203
4032,2.4102316,0.014140426,-0.12155401,0.8234183192253113,0.04947466775774956,2.3886762,2.6402524
4033,2.3283398,0.037393723,-0.21995066,0.8481199145317078,0.030999986454844475,3.4555695,2.6928594
4034,2.1951816,0.11260877,-0.15641426,0.85,0.05,4.8471127,1.5722381
4035,2.3257515,-0.02819835,-0.14465275,0.85,0.05176450312137604,3.7448463,2.8563285
4036,2.2499554,0.096930884,-0.08963311,0.85,0.05,3.825477,2.1805506
4037,2.2643723,0.04957854,0.0043762983,0.8424890637397766,0.05,3.1277356,2.1194627
4038,2.35695,0.009086651,-0.07030913,0.85,0.05,2.5602322,2.2756276
4039,2.3745995,0.077814564,-0.09809566,0.8430015444755554,0.039571624249219894,2.2023048,2.5930972
4040,2.3102832,0.06340706,-0.062238738,0.7255831956863403,0.05815506353974342,2.6347988,2.5177224
4041,2.2698252,0.046281915,-0.037429895,0.85,0.03113202378153801,2.9164321,2.6863208
4042,2.1269279,0.12538108,0.020069676,0.85,0.05,4.697209,1.9386472
4043,2.313064,0.026206706,-0.069359936,0.6869382858276367,0.06939350068569183,3.0037484,2.6250849
4044,2.2782216,0.09123081,-0.14729166,0.85,0.05,3.5606246,2.306757
4045,2.300357,0.07545548,-0.028510321,0.85,0.043090175837278366,2.5154529,2.7708714
4046,2.3632643,-0.035650115,-0.19830835,0.85,0.025767739862203598,3.0918903,2.5196002
4047,2.3712797,0.001803279,-0.09592994,0.85,0.05,2.083291,2.18491
4048,2.2371745,0.09654441,-0.0525288,0.85,0.034530945122241974,3.554623,2.6015685
4049,2.3305743,0.04992804,-0.18476973,0.85,0.05,3.0409622,2.0647874
4050,2.2375274,0.11603975,-0.13908708,0.85,0.017978541553020477,4.442324,2.384061
4051,2.1952853,0.04866788,-0.05154832,0.8370820879936218,0.05,4.4899316,1.8949522
4052,2.2577298,0.08266753,-0.17267986,0.26300257444381714,0.18608826398849487,5.1056795,2.4550016
4053,2.277455,0.096201934,-0.15659018,0.85,0.019787538796663284,3.538389,2.1380725
4054,2.2850487,-0.002723284,-0.046858095,0.85,0.05,3.410999,2.0348458
4055,2.3599992,0.028790297,-0.036918256,0.7550954818725586,0.04012440890073776,2.0950828,2.8260386
4056,2.2378955,0.10188769,-0.12174747,0.8238338232040405,0.04402719438076019,4.1332755,1.915029
4057,2.376318,0.030120557,-0.1590468,0.85,0.022584570571780205,2.1407716,2.7585037
4058,2.2316291,0.1082182,-0.21111815,0.85,0.05,4.5620885,1.6430745
4059,2.2464213,0.108547345,-0.15548645,0.85,0.001127477502450347,3.977342,1.6760788
4060,2.257495,0.047212318,-0.116346434,0.85,0.018915951251983643,3.9839802,2.1077814
4061,2.2777452,0.09881611,-0.07514049,0.85,0.05,2.8000054,2.538149
4062,2.2883987,0.09207984,-0.090078786,0.7523390054702759,0.05,2.6491873,2.211849
4063,2.2684603,0.058817104,0.004392888,0.5464990735054016,0.038524482399225235,2.755477,2.734893
4064,2.4156156,-0.04888673,-0.063489415,0.8152822852134705,0.010508919134736061,2.066068,2.500358
4065,2.2581067,0.1150072,0.0061651133,0.481672465801239,0.033375706523656845,2.279832,2.6261058
4066,2.3639114,0.056579035,-0.20468774,0.7201840877532959,0.03649195283651352,3.1192412,2.198633
4067,2.2930422,0.12456825,-0.13530138,0.85,0.05,2.7205665,2.812387
4068,2.2283192,0.14316443,-0.08282185,0.85,0.05,3.7104015,2.5462003
4069,2.3222954,0.10095985,-0.18136135,0.85,0.05,2.5709956,2.237261
4070,2.2023754,0.022082912,-0.09862088,0.85,0.05,4.801585,1.5838585
4071,2.1647148,0.100614086,-0.07954592,0.85,0.05,5.184418,1.5588049
4072,2.3180673,0.14679979,-0.2789848,0.8494729995727539,0.0450141616165638,3.6093972,2.373178
4073,2.437209,-0.011947442,-0.022441618,0.7165522575378418,0.04130641371011734,2.0682223,2.6566627
4074,2.2928436,-0.012993364,-0.087167345,0.5867987871170044,0.05,2.601255,1.7061982
4075,2.281079,0.060881473,-0.06697491,0.5168865323066711,0.028033241629600525,2.763609,2.610582
4076,2.2966971,0.061747115,-0.08619968,0.7093799114227295,0.041703399270772934,2.5561771,2.671274
4077,2.388124,0.051229525,-0.066453695,0.4156026542186737,0.09041960537433624,2.0373137,2.6800315
4078,2.1849344,0.058906864,-0.12029846,0.85,0.05,5.09677,1.5110776
4079,2.3254201,0.12808931,-0.19922914,0.5489944815635681,0.06862343102693558,2.9663274,2.817454
4080,2.4110024,0.09450454,-0.1994263,0.85,0.05,2.2393098,2.8909333
4081,2.2839339,0.1303543,-0.21047959,0.85,0.05,3.984115,2.7310147
4082,2.2981737,0.06038297,-0.069158226,0.8321897983551025,0.018541352823376656,2.7614994,2.4486477
4083,2.2912154,0.054545492,-0.05053219,0.82258141040802,0.05,3.0600948,2.2048705
4084,2.30819,0.149939,-0.21802697,0.8255916833877563,0.008840425871312618,2.7379944,2.556107
4085,2.234456,0.05854163,-0.16239534,0.8271304965019226,0.031042858958244324,4.619208,1.6489195
4086,2.2150915,0.08240633,-0.25026712,0.8267383575439453,0.05894964188337326,5.9777517,1.6454937
4087,2.3526237,0.08342391,-0.10157813,0.779843270778656,0.051707763224840164,2.103095,2.664829
4088,2.3566973,0.036847383,-0.14299378,0.85,0.03720181807875633,2.499635,2.7130868
4089,2.2381415,0.13465895,-0.0586562,0.7225978374481201,0.023569241166114807,3.147976,2.5164607
4090,2.2353244,0.08871635,-0.05190049,0.8417377471923828,0.03131239861249924,3.323311,2.733205
4091,2.2605941,0.1007858,-0.08590906,0.85,0.05,3.3019636,2.2269387
4092,2.3193374,0.14295986,-0.103648834,0.85,0.05,2.3058105,2.8292553
4093,2.3451853,0.04047835,-0.15866111,0.6772723197937012,0.06164677441120148,2.8566813,2.722208
4094,2.3581064,0.050070234,-0.04713939,0.8498051166534424,0.030011557042598724,2.1818535,2.3024907
4095,2.251616,0.0972225,-0.14599599,0.8202041387557983,0.018150242045521736,4.287845,1.9838696
4096,2.326775,-0.039508466,-0.04891555,0.7578085064888,0.05,2.655699,2.68054
4097,2.1406088,0.13487393,-0.12557717,0.85,0.04338046535849571,5.220259,1.6476169
4098,2.3491058,0.055610746,-0.06721084,0.6525149941444397,0.03777143731713295,2.1804895,2.2536392
4099,2.2429929,0.09596353,-0.10497689,0.8082956075668335,0.022353971377015114,3.4302123,1.8578266
4100,2.3203864,0.01449723,-0.05650262,0.8341454267501831,0.04281067103147507,2.7601762,2.6343915
4101,2.249506,0.102873325,-0.068551145,0.7787433862686157,0.03761385381221771,3.0804274,2.6811476
4102,2.2864556,0.03831766,-0.09352942,0.85,0.024706318974494934,3.3244317,2.1794548
4103,2.2590988,0.10884184,-0.17022295,0.6107259392738342,0.02426890656352043,3.9630985,1.8200465
4104,2.1964102,0.053430527,0.027931603,0.5519021153450012,0.02474941872060299,4.175129,2.2467573
4105,2.2485094,0.05931177,-0.14382112,0.8465177416801453,0.05,4.182481,1.6274294
4106,2.1283555,0.14667194,-0.16135049,0.830387532711029,0.044777363538742065,5.792697,1.585999
4107,2.3413253,0.05699337,-0.18552469,0.6945690512657166,0.009623422287404537,2.7725797,2.4547882
4108,2.3389084,0.048151664,-0.12604038,0.85,0.05,2.4083946,2.497993
4109,2.250962,0.11115219,-0.21519195,0.85,0.026905355975031853,4.7567577,2.0115318
4110,2.3129113,0.021652061,0.047494628,0.17453773319721222,0.02326997183263302,2.0560632,2.5563056
4111,2.2458055,0.0033492206,-0.27165195,0.85,0.05,5.713853,1.2921348
4112,2.1364903,0.12688605,-0.16333638,0.85,0.05,5.5124865,1.4667314
4113,2.326312,0.051337264,-0.073264934,0.85,0.05,2.511637,2.8406923
4114,2.3298943,0.08662819,-0.20056756,0.85,0.027573468163609505,3.2967114,2.6187096
4115,2.2820663,0.09781033,-0.085054204,0.8094322681427002,0.0375361442565918,3.3677022,2.63934
4116,2.285758,0.11616051,-0.13698192,0.85,0.025637565180659294,3.2274454,2.6291566
4117,2.3436413,0.0004891392,-0.13635543,0.5189011096954346,0.05,2.9345057,2.2452934
4118,2.2948496,0.05288564,-0.19837976,0.85,0.05,4.3446546,2.2384467
4119,2.19166,0.026321836,-0.005004636,0.8378212451934814,0.05,4.140122,1.6000905
4120,2.1989229,0.11568731,-0.12439588,0.85,0.05,4.7582893,2.1366706
4121,2.3118882,0.12733299,-0.14486106,0.85,0.029415717348456383,2.764797,2.4683883
4122,2.189637,0.15494457,-0.08365527,0.85,0.022711703553795815,4.7992516,1.8367121
4123,2.2057252,0.16911975,-0.13418375,0.85,0.0005124089657329023,4.302768,1.8674209
4124,2.2465396,0.04941113,-0.024518546,0.85,0.013092482462525368,3.5701997,1.8956105
4125,2.2440515,0.015963864,-0.067740194,0.85,0.05,4.5051327,2.1953044
4126,2.2751966,0.035401892,-0.041265003,0.7938663363456726,0.029589379206299782,3.1411872,1.9632978
4127,2.3121464,0.09086656,-0.05651335,0.7916608452796936,0.05,2.4519565,2.7604976
4128,2.3364794,0.056692965,-0.21520287,0.80218905210495,0.026919672265648842,3.1919348,2.408083
4129,2.302454,0.050034553,-0.17551343,0.85,0.04037642478942871,4.0261235,2.2926013
4130,2.315257,0.07616621,-0.050862253,0.8467090725898743,0.028132744133472443,2.4939475,2.289083
4131,2.184979,0.110594705,-0.02538132,0.85,0.05,4.27324,1.7743281
4132,2.2887583,0.029038787,0.023352455,0.5526106953620911,0.07722198218107224,2.3909628,2.6172144
4133,2.223395,0.08420527,-0.09298158,0.85,0.033726874738931656,4.1071596,2.1807714
4134,2.3288283,0.00076040346,0.037379354,0.6867160797119141,0.08165109157562256,2.1069522,2.6603482
4135,2.2298572,0.12048357,-0.095073804,0.85,0.05,3.7846248,1.7566698
4136,2.2818887,0.07647333,-0.10975293,0.5123623609542847,0.05,3.2329178,2.290144
4137,2.2066684,0.14134431,-0.18330118,0.85,0.05,4.938579,1.6533457
4138,2.3345594,0.004162636,-0.13526598,0.85,0.030172616243362427,2.9407961,2.2382572
4139,2.1474645,0.106158,-0.047376078,0.85,0.01732577010989189,4.7061725,2.0814905
4140,2.375235,-0.013985159,0.055266995,0.7567785382270813,0.018514452502131462,2.009251,2.6888778
4141,2.1459386,0.15217195,-0.15717046,0.85,0.00666691642254591,5.4798017,1.4791497
4142,2.418679,0.024837866,-0.15041997,0.49973586201667786,0.044991374015808105,2.2249515,2.613649
4143,2.3387985,0.09154524,-0.11969092,0.85,0.05,2.4709103,2.628184
4144,2.2590947,-0.03883144,0.07059447,0.5189995765686035,0.046698324382305145,2.9490983,2.1112084
4145,2.2623994,0.036721155,-0.09857865,0.776040256023407,0.01770126074552536,4.002932,2.1291776
4146,2.3400986,0.13387823,-0.34391376,0.85,0.017056241631507874,4.070681,2.2115734
4147,2.2437234,0.08068342,-0.05160154,0.85,0.013169205747544765,3.3491454,2.305126
4148,2.217864,0.17513393,-0.14796759,0.8326088190078735,0.05,4.0975547,1.764761
4149,2.3893194,-0.02135251,-0.004454073,0.34007731080055237,0.04553234204649925,2.1071987,2.2607162
4150,2.3163726,0.048366856,-0.02409495,0.6590397357940674,0.007415438070893288,2.2921827,2.4515657
4151,2.2197125,0.17791642,-0.17036943,0.85,0.02210981398820877,4.9116497,2.1617217
4152,2.3036191,0.070686884,-0.10984639,0.85,0.01320990826934576,2.9685524,2.354178
4153,2.3052835,0.0595192,-0.14818291,0.85,0.05125574395060539,3.2815378,2.4396648
4154,2.3006628,0.0714776,-0.12103354,0.8491052389144897,0.02613084949553013,2.6118937,2.3323367
4155,2.2648396,0.052336685,-0.080186084,0.8135462999343872,0.05,3.6422806,2.2944927
4156,2.2666209,0.035036664,-0.18179496,0.85,0.01711457595229149,4.74579,1.8407916
4157,2.163044,0.15719937,-0.11897227,0.7304779291152954,0.0013362441677600145,4.559698,1.9170314
4158,2.264177,0.05045229,-0.1948467,0.85,0.023545145988464355,4.9196506,2.0197625
4159,2.2730129,0.11761873,-0.08702015,0.8399254083633423,0.05,2.9958756,2.823189
4160,2.3232846,0.10927128,-0.17426454,0.85,0.05,2.8673272,2.1833508
4161,2.3204157,0.044221986,-0.13282534,0.8328173756599426,0.05,2.7893918,2.501791
4162,2.27788,0.09868742,-0.009664085,0.56688392162323,0.06881706416606903,2.5130446,2.050593
4163,2.132339,0.1621287,-0.093044735,0.8369752168655396,0.03620624542236328,5.5203085,1.7076426
4164,2.4478316,-0.0509025,-0.087028824,0.37268316745758057,0.05,2.0798044,2.6826944
4165,2.2883537,0.105437554,-0.11235073,0.8371422290802002,0.03514653444290161,2.7957623,2.7533967
4166,2.2937639,0.015459887,0.076710686,0.5116780400276184,0.05,2.2456152,2.4386861
4167,2.262418,0.06259843,-0.3341919,0.85,0.05,5.7197065,1.5180559
4168,2.2275996,0.096114814,-0.05222439,0.8210353255271912,0.03731514886021614,3.6018534,2.0783405
4169,2.3941915,-0.08355422,-0.10320374,-0.5037893652915955,0.02155398763716221,2.7154477,2.5421
4170,2.255255,0.09751779,-0.13897216,0.8335556983947754,0.054264090955257416,3.9178941,2.0063453
4171,2.3266616,0.0288993,-0.12566502,0.85,0.028947588056325912,2.9064872,2.61671
4172,2.3249633,0.08692951,-0.10767558,0.5951419472694397,0.03132777661085129,2.385377,2.3785312
4173,2.1800947,0.056442667,-0.09201254,0.566948652267456,0.03731590881943703,4.522945,1.5309197
4174,2.2436893,0.102635376,-0.23708417,0.85,0.05,4.9990163,1.6788058
4175,2.221974,0.09232235,-0.036134098,0.8024376034736633,0.005431925877928734,3.1372814,2.5813406
4176,2.310257,0.04805333,-0.06587329,0.85,0.015959858894348145,2.6379123,2.4816158
4177,2.2472756,0.107423685,-0.09350106,0.8321654200553894,0.037196505814790726,3.3991203,2.2835603
4178,2.3005435,0.0007311446,-0.038352497,0.849777340888977,0.03626919910311699,2.8751256,2.7712219
4179,2.3090696,0.07807805,-0.13339174,0.85,0.05,2.6097703,2.2917788
4180,2.2701936,0.063652664,-0.10986954,0.85,0.05,3.7606504,1.9035606
4181,2.301276,0.06538948,-0.13346623,0.85,0.05,3.614688,2.379016
4182,2.2579606,0.05408487,-0.077236645,0.8164744973182678,0.05,3.464914,2.237647
4183,2.1716256,0.17909676,-0.16648473,0.8451273441314697,0.03977147117257118,5.0127187,2.440113
4184,2.2365339,0.07151283,-0.08577395,0.7239571213722229,0.05,3.8763711,1.9916047
4185,2.1825168,0.0861129,-0.09210792,0.85,0.04563470557332039,5.131141,1.8292836
4186,2.2049112,0.12375809,-0.0862882,0.8118807077407837,0.014654044061899185,4.4048676,1.8822539
4187,2.2639697,0.07480009,-0.11268746,0.85,0.032442606985569,3.5524538,2.4602396
4188,2.1743634,0.08616079,-0.09953509,0.85,0.05,4.5266037,1.4872992
4189,2.304062,0.12506434,-0.20301999,0.85,0.028797276318073273,3.337591,2.646288
4190,2.2606306,0.08584699,-0.1360517,0.85,0.00455232709646225,3.8859851,2.0540965
4191,2.2481117,0.037972134,-0.07501591,0.796710729598999,0.05,3.894856,1.9582788
4192,2.3356237,0.099687286,-0.24937797,0.7570542097091675,0.03719623386859894,3.3695087,2.642297
4193,2.2180946,0.11023813,-0.05726951,0.85,0.05,3.4165556,1.9479008
4194,2.2392619,0.09623098,-0.15727147,0.8458225131034851,0.019649961963295937,4.0543466,1.9955078
4195,2.3279045,0.09347982,-0.108358815,0.44762077927589417,0.03086681291460991,2.31678,2.5647144
4196,2.3303304,0.056308907,-0.08815482,0.8431316614151001,0.03883640468120575,2.363021,2.6101608
4197,2.2090442,0.11533719,-0.0784408,0.7564128637313843,0.05,4.1002393,1.9557004
4198,2.2921693,0.038355246,-0.121661946,0.85,0.05,4.0774755,2.209918
4199,2.2597532,0.11080229,-0.06912517,0.85,0.05,3.2019515,2.5749364
4200,2.3144708,0.08266733,-0.14817959,0.85,0.030734891071915627,3.3285334,2.476002
4201,2.3504739,0.03476285,-0.2485292,0.8322503566741943,0.04510170593857765,3.4453692,2.173968
4202,2.330954,0.09209885,-0.17566127,0.8361085057258606,0.04555501788854599,2.5584445,2.8116317
4203,2.1889405,0.1575716,-0.16888985,0.85,0.05,4.8238606,1.9743886
4204,2.2812803,0.090036206,-0.023384562,0.85,0.030542446300387383,2.448634,2.4611928
4205,2.226317,0.13879777,-0.12867028,0.844060480594635,0.001912700361572206,3.9804106,2.022251
4206,2.2956946,0.062273744,-0.10328406,0.8401125073432922,0.03133115544915199,2.9447186,2.6865728
4207,2.288278,0.027059427,-0.1836212,0.8141588568687439,0.05187968164682388,4.5869613,1.9689591
4208,2.2261536,0.14980409,-0.10431572,0.7572055459022522,0.028500540181994438,3.8622746,2.7745194
4209,2.3187938,0.012228391,-0.20588267,0.8390858769416809,0.05374204367399216,4.0631905,2.5936618
4210,2.2058098,0.09627422,-0.043178372,0.8496283292770386,0.05,4.482181,1.7871423
4211,2.3450515,0.10441925,-0.09886555,0.3085717260837555,0.08824285864830017,2.380038,2.663611
4212,2.4094496,-4.4524066e-05,-0.03637613,0.6837102174758911,0.05661023035645485,2.1711762,2.775682
4213,2.3308315,0.1112209,-0.14654267,0.85,0.05,2.6072292,2.8429196
4214,2.2825522,0.09717921,-0.078706525,0.8312174081802368,0.011865644715726376,2.4958427,2.4250438
4215,2.4150288,0.04439274,-0.16961928,0.6184626817703247,0.06733368337154388,2.0385096,2.6941488
4216,2.2389398,0.049611643,-0.10052445,0.85,0.05,4.707699,1.7431139
4217,2.2708964,0.06632476,-0.068748415,0.85,0.018501166254281998,3.5519333,2.2652872
4218,2.2286503,0.104982436,-0.12749662,0.85,0.028952719643712044,4.453382,2.5890698
4219,2.3202665,-0.022036284,-0.10571017,0.85,0.05,3.057352,2.1735313
4220,2.2346082,0.07527997,-0.069792084,0.5758644342422485,0.04552922025322914,3.756791,2.2865174
4221,2.201173,0.15424235,-0.17599419,0.85,0.05,5.110478,1.8801123
4222,2.27614,0.04048634,-0.1355762,0.85,0.009374461136758327,3.978368,1.8531442
4223,2.229861,0.02385972,-0.08830749,0.8099964261054993,0.022319389507174492,4.51794,1.8924872
4224,2.2589645,0.098230794,-0.28150344,0.7679244875907898,0.04358413442969322,4.8818555,1.7231364
4225,2.3626306,0.033918433,-0.037978772,0.6590812802314758,0.027643976733088493,2.1984794,2.15474
4226,2.3260086,-0.0074304873,0.022265635,0.6650412678718567,0.0693802610039711,2.2388759,2.7994053
4227,2.3083751,0.054504443,-0.09806516,0.7518253922462463,0.03191426023840904,2.7528172,2.7738163
4228,2.3452294,0.08888382,-0.2684963,0.8116679191589355,0.02949131652712822,3.8600562,2.3917007
4229,2.2623167,0.08347613,-0.166216,0.85,0.05,4.2874017,2.3613179
4230,2.3270645,0.03173938,-0.16513743,0.85,0.054772935807704926,3.3001044,2.8946228
4231,2.1979063,0.09688293,-0.09386321,0.816965639591217,0.05,3.9758623,1.7570199
4232,2.3062148,0.062156625,-0.01968611,0.3207639753818512,0.03687253221869469,2.433201,2.7164228
4233,2.2821746,0.092883244,-0.20873724,0.8225589990615845,0.05206173285841942,4.298786,2.1892605
4234,2.167112,0.12622754,-0.029836662,0.85,0.022486859932541847,4.6230497,2.0800276
4235,2.2018192,0.062441155,0.012366792,0.85,0.05,4.338741,1.9879332
4236,2.2643988,0.0998385,-0.11943254,0.85,0.05,3.3185625,2.6783803
4237,2.3649042,0.10982329,-0.09529127,0.7102363705635071,0.05052374303340912,2.0547094,2.564819
4238,2.3423145,0.041327395,-0.024916103,0.5929600596427917,0.031717848032712936,2.3498955,2.7823877
4239,2.2650647,0.11006439,-0.09518509,0.85,0.056715115904808044,3.1594577,2.4293485
4240,2.2110524,0.12168024,-0.121101566,0.85,0.05,4.1536317,1.9645233
4241,2.2715096,0.14618167,-0.28360966,0.85,0.04932660609483719,5.2642617,2.1279984
4242,2.3067014,0.07471517,-0.11229786,0.85,0.05,2.7006829,2.6185474
4243,2.3475814,0.017090362,-0.20429856,0.85,0.011840333230793476,3.884832,2.0922065
4244,2.2742128,0.103300616,-0.043721296,0.824802815914154,0.0435970313847065,2.540021,2.2052493
4245,2.2321115,0.07811249,-0.007874341,0.8281992673873901,0.05,3.4254847,2.0602345
4246,2.273492,0.11729312,-0.09971052,0.85,0.05,2.8942773,2.3430297
4247,2.2428336,0.1682384,-0.22862205,0.85,0.03341726213693619,4.612388,2.0073109
4248,2.268668,0.021236889,-0.15534784,0.7405229210853577,0.05,4.0426245,2.581983
4249,2.3395975,0.081575684,-0.19803177,0.8206665515899658,0.030690394341945648,2.7416074,2.4612691
4250,2.2953367,0.14648193,-0.15134892,0.8144548535346985,0.05,2.8972273,2.7016368
4251,2.3498945,0.10467326,-0.15612498,0.5199488997459412,0.05,2.2193573,2.4584162
4252,2.248362,0.04753014,-0.1393859,0.7956972122192383,0.05,4.0696654,1.8705367
4253,2.1932065,0.2170149,-0.26943052,0.8441355228424072,0.05,5.1563234,1.7829165
4254,2.341274,-0.047055956,0.09165232,0.40230727195739746,0.05848162993788719,2.1140666,2.4765904
4255,2.3376856,0.16841051,-0.16798255,0.8366159200668335,0.05,2.0823781,2.7266917
4256,2.3027945,0.10782931,-0.20542112,0.7477839589118958,0.04067613184452057,3.950979,1.9527708
4257,2.1703296,0.1255388,-0.102141105,0.8346956968307495,0.02483227849006653,4.841655,1.68431
4258,2.2199976,0.020520821,-0.018957034,0.8215405344963074,0.041628122329711914,3.8721194,2.0011377
4259,2.2646096,0.09118265,-0.051492307,0.85,0.05,3.0027425,2.8239915
4260,2.2248957,0.017492363,0.0017039122,0.85,0.016390027478337288,4.1189494,1.9788448
4261,2.2197797,0.06499736,-0.12168277,0.8213067054748535,0.05393052473664284,4.8114986,1.8754398
4262,2.2406116,0.041090623,-0.030352997,0.48927485942840576,0.04377985745668411,3.4123304,2.2908053
4263,2.3774374,0.06755757,-0.054320604,0.16761170327663422,0.08239248394966125,2.246437,2.748867
4264,2.224038,0.11450055,-0.09347949,0.5164557695388794,0.04528752341866493,4.3170094,2.193
4265,2.2967267,0.08350731,-0.15993167,0.8484912514686584,0.028066350147128105,3.3405974,2.3886085
4266,2.2383628,0.038060367,0.0055629923,0.85,0.05,3.3006308,2.256074
4267,2.3293753,0.10590479,-0.15380245,0.8183847665786743,0.05,2.4331238,2.682711
4268,2.5371056,-0.048817005,-0.1557591,0.11184678971767426,0.09957308322191238,2.1446586,2.7025118
4269,2.366302,0.022355106,-0.08730636,0.459138423204422,0.03500835970044136,2.4093869,2.6639225
4270,2.2655725,0.1076777,-0.08799753,0.85,0.020863033831119537,3.010893,2.5465024
4271,2.2196314,0.068581484,-0.15287392,0.85,0.05,4.9575243,1.6887487
4272,2.304325,0.04464014,-0.10392919,0.85,0.023816684260964394,3.4327533,2.6530185
4273,2.276088,0.052112825,-0.080072604,0.85,0.015449689701199532,3.3942661,2.3056257
4274,2.2683995,0.07655076,-0.10410496,0.3536306321620941,0.05,3.3756773,2.513154
4275,2.3347158,0.08317358,-0.048717376,0.7716256380081177,0.007456663530319929,2.2026951,2.181362
4276,2.2143548,0.11396013,0.013320127,0.85,0.05104503035545349,3.1554449,2.5865734
4277,2.2687173,0.014268947,-0.107919335,0.85,0.05,4.2657514,2.189003
4278,2.1767507,0.04967999,0.06944423,0.85,0.05,3.877597,1.8831254
4279,2.2545223,0.07447478,-0.21288283,0.85,0.008485713973641396,4.570895,1.8792721
4280,2.2390125,0.037327703,-0.23715031,0.85,0.05,5.1648893,1.1495954
4281,2.1829767,0.11963898,-0.2464356,0.85,0.03504122048616409,6.3138638,1.6354655
4282,2.1905863,0.060328994,-0.061480243,0.85,0.05,4.327653,1.8766752
4283,2.3424418,0.063891344,-0.13649566,0.7689065337181091,0.05,2.2868998,2.387695
4284,2.3442535,0.010654473,-0.17355697,0.85,0.05,3.2042384,2.0457077
4285,2.2253826,0.099821515,-0.06153403,0.85,0.05,3.7125442,1.91398
4286,2.321046,0.119647786,-0.27886465,0.85,0.03740037605166435,3.4847164,2.7143054
4287,2.2503986,0.093825035,-0.11013795,0.85,0.03342696651816368,3.8011525,1.943137
4288,2.2484632,0.10881927,-0.002766054,0.6931749582290649,0.026780355721712112,2.5986652,2.5336177
4289,2.2372534,0.0657483,-0.12160719,0.85,0.05,4.4566803,1.9632493
4290,2.262084,0.09170777,-0.121300235,0.85,0.05,3.7371867,2.2496727
4291,2.2679863,0.08985408,-0.08650331,0.85,0.05,2.8352146,2.5410714
4292,2.1893835,0.07713691,-0.012885358,0.5718467831611633,0.062329623848199844,4.062856,1.8138226
4293,2.255316,0.034343686,-0.03605547,0.7896512746810913,0.06933525949716568,3.8075624,2.114752
4294,2.262724,-0.0031876646,-0.12037804,0.85,0.05,4.489139,1.8044106
4295,2.205396,0.1362575,-0.10706921,0.85,0.05,4.3937087,2.1957145
4296,2.192063,0.09762886,-0.056000303,0.85,0.023241322487592697,3.9799254,1.7660825
4297,2.339765,-0.003758751,-0.06970346,0.85,0.05,2.4514165,2.3375232
4298,2.2596014,0.08528149,-0.12669097,0.7188369631767273,0.018673619255423546,4.107058,2.056698
4299,2.3048391,0.09030497,-0.18387392,0.85,0.03156474605202675,3.8277965,2.4681816
4300,2.1956956,0.120856605,-0.058382034,0.85,0.020331760868430138,4.4366875,2.129436
4301,2.1467624,0.11878355,-0.021344744,0.8182464241981506,0.010594268329441547,4.600449,1.913642
4302,2.1729715,0.1300455,-0.07986098,0.7699012756347656,0.03618656098842621,4.5216413,1.9275397
4303,2.2378144,0.06313517,-0.046616625,0.8083365559577942,0.05,4.0305877,2.1848102
4304,2.3254406,0.11951348,-0.27633163,0.8453232645988464,0.04935562610626221,3.683731,2.7178264
4305,2.2547147,0.072400056,-0.01967638,0.85,0.05,3.1659706,2.3272805
4306,2.238426,0.034073353,-0.083622165,0.8123859763145447,0.0026997700333595276,4.4983673,1.7699901
4307,2.43098,0.06598426,-0.26422885,0.85,0.05,2.4671266,2.1791766
4308,2.339311,0.033052612,-0.14882219,0.85,0.05,2.4363308,2.6685693
4309,2.1314118,0.07810182,-0.09098955,0.85,0.03985440731048584,5.64228,1.948542
4310,2.2628138,0.06578505,-0.24005592,0.85,0.02912520058453083,5.070966,1.6689252
4311,2.1750772,0.1471277,-0.074404806,0.6875075697898865,0.03744116425514221,4.792481,2.3160841
4312,2.3107772,0.11441431,-0.20409723,0.85,0.05,2.8732839,2.1415198
4313,2.3193038,0.08024161,-0.107196674,0.8370371460914612,0.05,2.409178,2.5666528
4314,2.2713623,0.08984785,-0.119079575,0.85,0.0204795952886343,2.972368,2.7922616
4315,2.1714551,0.14577666,-0.08707142,0.8161975145339966,0.05,4.4481535,1.5748919
4316,2.276508,0.051723946,-0.060787305,0.8301485776901245,0.029536349698901176,2.9614623,2.369274
4317,2.260901,0.074732654,-0.12471009,0.8201926350593567,0.05,4.4356065,1.6755731
4318,2.205498,0.0967067,-0.14186704,0.7694060802459717,0.0001545693085063249,4.949178,1.666449
4319,2.271923,0.057064794,-0.04162308,0.8168885111808777,0.05,2.9883783,2.2029862
4320,2.2992005,0.1179724,-0.16666576,0.8179105520248413,0.02892259880900383,2.4323003,2.7438102
4321,2.3230546,0.0803117,-0.17989635,0.85,0.05,3.4053621,2.444448
4322,2.2425814,0.108332135,-0.14710115,0.8003782033920288,0.016924871131777763,4.1331825,1.7885443
4323,2.2587178,0.03467075,-0.13611934,0.8282234072685242,0.06196350231766701,4.6053944,2.6085358
4324,2.3160107,-0.004144644,-0.11190766,0.8065932393074036,0.01910572685301304,3.1182702,2.238644
4325,2.2609532,0.096114926,-0.19232251,0.85,0.05,4.4019747,2.1860404
4326,2.229663,0.12062177,0.005411663,0.85,0.05,2.979092,2.256308
4327,2.36668,0.03192605,0.07008488,0.6086625456809998,0.040341150015592575,2.1529796,2.8072011
4328,2.2577848,0.06672595,-0.123100415,0.85,0.05,3.843819,2.1259422
4329,2.3529902,-0.025551224,-0.19009091,0.4091172516345978,0.06801949441432953,3.917098,1.7138968
4330,2.160995,0.13375786,-0.064114235,0.85,0.002897605998441577,4.4497576,1.7249426
4331,2.2235835,0.08592914,-0.23080547,0.85,0.03949275240302086,5.667521,2.0520105
4332,2.1989582,0.1278438,-0.10318968,0.85,0.05,4.4112115,2.1189156
4333,2.3220658,0.043311708,-0.050872643,0.815211832523346,0.05542954429984093,2.3790326,2.208376
4334,2.3226533,0.023342295,-0.067154124,0.6318483948707581,0.024199584499001503,2.7236426,2.7185946
4335,2.3081453,0.0243677,-0.10564246,0.8298079967498779,0.05595064535737038,3.6383686,2.3660429
4336,2.3375218,0.09470771,-0.1643351,0.85,0.02442760020494461,2.5112686,2.675536
4337,2.1754518,0.09710854,-0.13182244,0.85,0.04605052247643471,4.988376,1.674245
4338,2.2314668,0.12390209,-0.042862326,0.692974328994751,0.039602432399988174,3.292625,1.9753243
4339,2.2983336,0.10900696,-0.1635576,0.85,0.05,2.9297128,2.3355646
4340,2.257319,0.10759429,-0.08570772,0.85,0.01675562746822834,3.4381447,2.1968367
4341,2.3144073,0.04665557,-0.122774795,0.777225911617279,0.04458491504192352,3.1072934,2.283741
4342,2.2359111,0.1604457,-0.03909016,0.85,0.03369904309511185,2.642656,2.7295134
4343,2.2199354,0.12009203,-0.1296599,0.8118512630462646,0.05,4.659821,2.1623693
4344,2.3350675,0.09761971,-0.13480316,0.8403864502906799,0.03646104037761688,2.59605,2.159514
4345,2.2725654,0.02983963,-0.09610761,0.85,0.028610078617930412,3.6438656,2.8321085
4346,2.3061695,0.05534735,-0.061413758,0.85,0.05,2.9204485,2.6319916
4347,2.2276871,0.136138,-0.060799047,0.85,0.05,3.7289205,2.1266868
4348,2.3080728,0.119559094,-0.09686472,-0.13550297915935516,0.06920868903398514,2.5821059,2.7123797
4349,2.3679304,0.031220214,-0.12195269,0.85,0.05,2.4368975,2.4209437
4350,2.2393217,0.11700255,-0.21966293,0.85,0.025650644674897194,4.700377,1.9849355
4351,2.3199563,0.06501262,-0.15584858,0.6451635956764221,0.044847600162029266,3.0713453,2.5190878
4352,2.307029,0.08264623,-0.10968147,0.85,0.05,2.6365607,2.0865037
4353,2.2835255,0.04563582,-0.18600485,0.85,0.05,4.466161,1.684979
4354,2.172937,0.06777216,-0.12389416,0.85,0.059330739080905914,5.494072,1.5709395
4355,2.363921,0.022825016,-0.0098629305,0.789536714553833,0.05426742509007454,2.2849698,2.774066
4356,2.2988143,0.11653711,-0.14958577,0.8485981822013855,0.05,3.0335984,2.7893095
4357,2.2162786,0.067035146,-0.024143958,0.8154216408729553,0.04980726167559624,3.7776203,2.1561837
4358,2.3615923,0.05936342,-0.23362933,0.85,0.05,3.0478244,2.4161901
4359,2.3214996,0.022840604,-0.09549817,0.8206266760826111,0.03023960255086422,2.6862192,2.1739707
4360,2.2262917,0.10093511,-0.22258638,0.8325028419494629,0.030883412808179855,4.9225774,1.7066139
4361,2.2624846,-0.025935572,0.007989878,0.85,0.05,3.8255823,1.911602
4362,2.2091804,0.11476659,-0.08749919,0.8287790417671204,0.05,4.025526,1.8057503
4363,2.2263837,0.11334796,-0.06012323,0.85,0.05,3.3405943,2.1460664
4364,2.2438874,0.050706007,-0.13650054,0.85,0.05,4.614589,1.7192707
4365,2.146732,0.16172984,-0.041225344,0.85,0.01655462756752968,4.632892,2.0923595
4366,2.3174243,0.07926842,-0.0940706,0.5727479457855225,0.024864118546247482,2.472625,2.4658172
4367,2.2787592,0.0088197375,-0.18362385,0.8053046464920044,0.05,4.460697,1.9073975
4368,2.2689688,0.0023737631,-0.10175057,0.825168251991272,0.05,3.783481,1.5683919
4369,2.2254825,0.12442821,-0.13116705,0.85,0.05,4.080516,2.1225624
4370,2.3005574,0.034724277,-0.083373286,0.8098772168159485,0.05,3.3340914,2.3570192
4371,2.2630894,0.093057506,-0.29588872,0.85,0.05,4.988725,1.7673557
4372,2.2568235,0.05255114,-0.1163301,0.731123149394989,0.03338057920336723,4.443315,2.0597248
4373,2.2702384,0.08959823,-0.086509034,0.8204236030578613,0.05208501219749451,2.99325,2.219694
4374,2.1400635,0.18992642,-0.11968277,0.8037659525871277,0.002664057072252035,5.0410566,1.7325385
4375,2.160597,0.065953046,0.020711398,0.686051070690155,0.05,4.5238857,1.5045006
4376,2.2457533,0.14392199,-0.13394319,0.85,0.015844516456127167,3.4479747,2.2979898
4377,2.2785227,0.0906842,-0.17155863,0.85,0.04253597557544708,3.716182,2.400877
4378,2.278498,0.10807624,-0.13352408,0.85,0.05,3.251302,2.5254595
4379,2.2831168,0.11701834,-0.15573351,0.85,0.008185370825231075,3.5540397,2.0159273
4380,2.348125,0.15699963,-0.2020699,0.85,0.03330739215016365,2.4487176,2.3897865
4381,2.3459382,0.024442744,-0.025294963,0.699333667755127,0.058311931788921356,2.1979241,2.6871238
4382,2.1676252,0.13622881,-0.110742845,0.8391950726509094,0.020848888903856277,4.666483,1.6734611
4383,2.1893063,0.07573816,-0.12541892,0.85,0.05,5.0138335,1.540595
4384,2.1230137,0.10118483,-0.0031939372,0.85,0.05,4.8491516,1.6962097
4385,2.2558184,0.16067928,-0.13508452,0.85,0.005352725740522146,3.317142,2.5198836
4386,2.2948186,0.0328348,0.002496121,0.8279606103897095,0.02953912690281868,2.6566246,2.2563899
4387,2.3005037,0.07147528,-0.23796451,0.85,0.014847062528133392,4.5674014,2.1600792
4388,2.3205647,0.039499138,-0.040372297,0.85,0.031692422926425934,2.6108284,2.639422
4389,2.1265218,0.09954677,-0.10510695,0.8002874851226807,0.010018535889685154,5.4537544,1.6653897
4390,2.2718008,0.111556634,-0.18657322,0.85,0.009607931599020958,3.5081713,2.502249
4391,2.36674,0.0475042,-0.10543665,0.2133442461490631,0.03477088734507561,2.5843325,2.4618933
4392,2.289468,0.09331573,-0.043001123,0.835121750831604,0.05,2.5633886,2.31881
4393,2.1923945,0.131021,-0.10430243,0.85,0.05,4.845069,1.8340918
4394,2.148295,0.09796134,0.024238804,0.8031327724456787,0.05527821555733681,4.1990066,2.2649546
4395,2.1526132,0.097157754,-0.1765618,0.85,0.05,5.984043,1.4991779
4396,2.2220623,0.040009197,-0.15023121,0.85,0.05,4.8034434,1.314176
4397,2.2173164,0.086218216,0.043353196,0.85,0.02014111913740635,3.2058709,2.5019674
4398,2.3060513,0.04055612,-0.11170154,0.85,0.05,2.8771722,2.2353058
4399,2.4014132,0.016384838,-0.10929937,0.8273250460624695,0.06469042599201202,2.3831224,2.7600353
4400,2.3568695,0.052689973,-0.1447503,0.85,0.031949207186698914,2.3284674,2.6122975
4401,2.3374977,0.058585152,-0.15064971,0.85,0.02474784478545189,2.908277,2.7704685
4402,2.3273706,0.08639896,-0.11688835,0.8384842872619629,0.04175607115030289,2.3485944,2.8669956
4403,2.2565508,0.07506236,-0.14866059,0.85,0.044981878250837326,4.353873,2.1271462
4404,2.2076623,0.148259,-0.08414463,0.85,0.05,3.9450946,2.124781
4405,2.2366006,0.11164012,-0.1727857,0.7422662973403931,0.05,4.1778746,2.0033557
4406,2.2707558,0.078069456,-0.11211696,0.798342764377594,0.05,3.436223,2.2209969
4407,2.3115005,0.049603872,-0.15075226,0.85,0.017346486449241638,3.3098845,2.1942706
4408,2.2750857,0.083476044,-0.14525345,0.1347021609544754,0.1989823877811432,4.6198144,2.7146726
4409,2.2929313,0.060036507,-0.19134973,0.85,0.03612551465630531,3.6909616,2.5770113
4410,2.1998966,0.1454829,-0.10077573,0.8381133675575256,0.03272634744644165,4.3780713,2.5437138
4411,2.2879152,0.0893333,-0.1236373,0.8310748934745789,0.02796456404030323,3.169759,2.561291
4412,2.2855675,0.11181458,-0.053891357,0.85,0.039707548916339874,2.8385985,2.6785173
4413,2.2747998,0.13359131,-0.21974817,0.85,0.05,3.9977183,2.3237798
4414,2.1962194,0.12963349,-0.17395239,0.85,0.05,5.1861687,1.6860843
4415,2.3040369,0.11311462,-0.14209293,0.8239256143569946,0.051629796624183655,2.9198425,2.466187
4416,2.2835748,0.04811794,-0.16741821,0.85,0.05,3.8282905,2.0422
4417,2.4066405,0.020481663,-0.13195352,0.85,0.03748602047562599,2.2164335,2.774236
4418,2.2698221,0.05311836,-0.106592596,0.85,0.05,3.8044553,2.1323128
4419,2.2876813,0.068775386,-0.111191,0.85,0.05,3.2853074,2.4284818
4420,2.2563639,0.13358365,-0.077521995,0.23390315473079681,0.05,2.4245293,2.634902
4421,2.345825,0.015680967,-0.065188095,0.37859299778938293,0.03938252106308937,2.2752237,2.7398126
4422,2.322741,0.13943952,-0.16468717,0.85,0.05,2.3538945,2.4916143
4423,2.239197,0.077847354,-0.023286292,0.85,0.035431597381830215,3.5644088,2.4952617
4424,2.2665539,0.06243802,-0.020813895,0.8366925120353699,0.05,3.0766504,2.6164248
4425,2.3012378,0.055854537,-0.023320083,0.8411688208580017,0.032096728682518005,2.6525261,2.4059575
4426,2.4019365,-0.052243434,-0.09346823,0.5893180966377258,0.029352830722928047,2.4062922,2.5180445
4427,2.372607,0.01126089,-0.0010722476,0.797086775302887,0.040227580815553665,2.1895278,2.79352
4428,2.227531,0.08496217,0.0032204043,0.85,0.010137543082237244,3.2218394,2.188696
4429,2.3322444,0.103030436,-0.07240952,0.8294718861579895,0.022724151611328125,2.106703,2.2511604
4430,2.2907372,0.039938457,-0.066324554,0.7870512008666992,0.02662842720746994,3.2857368,2.473919
4431,2.4129267,0.076990604,-0.039522536,0.7714697122573853,0.056033968925476074,2.0305703,2.3586738
4432,2.31993,0.030971402,-0.24445498,0.85,0.05,4.128692,2.1279604
4433,2.3569243,0.04467522,-0.15294513,0.7076991200447083,0.019941745325922966,2.6884437,2.5317342
4434,2.3502235,0.049621955,-0.19137466,0.85,0.05,2.785927,2.325173
4435,2.2459462,0.06995226,-0.14125508,0.85,0.05,4.263992,1.825584
4436,2.3081737,0.033115737,-0.15278316,0.814720630645752,0.010315150022506714,3.7379715,2.195008
4437,2.2909477,0.14161836,-0.2127155,0.85,0.018631814047694206,3.814904,2.4501472
4438,2.2721004,0.035027184,-0.020797782,0.85,0.04157600924372673,3.3156912,2.1877697
4439,2.2802832,0.086121336,-0.12664,0.5747602581977844,0.03929561376571655,3.445661,2.391402
4440,2.2573838,0.08287838,-0.15395896,0.8103864192962646,0.05,3.960468,1.8085172
4441,2.2871125,0.062342808,-0.14667888,0.85,0.005592301953583956,3.4640348,2.1669803
4442,2.3123367,0.1332865,-0.07916061,0.8262686729431152,0.05,2.2061872,2.8909128
4443,2.287268,0.14783338,-0.15134129,0.6692742705345154,0.05,3.005431,2.4625754
4444,2.3979812,0.03028218,-0.03707989,0.7453216910362244,0.06326895952224731,2.0380988,2.7814965
4445,2.3719785,0.089673474,-0.12774979,0.803088366985321,0.03998265787959099,2.1275294,2.6480575
4446,2.2635276,0.09895851,-0.04144586,0.8143734335899353,0.045409832149744034,2.966093,2.251927
4447,2.3586872,0.0057292245,-0.07641859,0.8326611518859863,0.05809010937809944,2.4674656,2.7180386
4448,2.3082504,0.058459267,0.013286441,0.48447439074516296,0.03836280480027199,2.0558703,2.7316096
4449,2.234621,0.1157687,-0.16132328,0.8449663519859314,0.025702470913529396,4.694569,1.8187479
4450,2.412732,-0.02636335,-0.07697507,0.680029571056366,0.05,2.1179042,2.417211
4451,2.3861368,0.09740919,-0.028057009,0.23992100358009338,0.05369789898395538,2.0312166,2.3949807
4452,2.1671484,0.13316277,-0.14623557,0.85,0.05,5.43359,2.4967577
4453,2.2375267,0.07356109,-0.15533224,0.7662535905838013,0.05,4.227193,1.6417375
4454,2.2640834,0.106105246,-0.09921515,0.85,0.01680409535765648,3.168935,2.0419078
4455,2.284383,0.071548164,-0.12210133,0.85,0.022119320929050446,3.5766947,2.422758
4456,2.2517412,0.100614816,-0.13586272,0.85,0.05,4.1170073,2.0653684
4457,2.348424,0.090657726,-0.12909779,0.7303727269172668,0.056554123759269714,2.462656,2.505298
4458,2.3383396,-0.019664153,-0.021427955,0.7520653605461121,0.05,2.2705462,2.1870985
4459,2.293672,0.061727002,-0.0740579,0.85,0.0221715047955513,2.8169487,2.4440777
4460,2.3003426,0.09498019,-0.18418832,0.7984396815299988,0.037637948989868164,2.8837185,2.1267297
4461,2.2135825,0.08395732,-0.124527894,0.8155434727668762,0.05,4.3835807,1.9492689
4462,2.209366,0.12863778,-0.2632184,0.5010975003242493,0.03751032054424286,5.108512,1.6558185
4463,2.3171031,0.09369458,-0.059862666,0.85,0.006554386578500271,2.1251135,2.626077
4464,2.2680168,0.036759358,-0.104696885,0.48391062021255493,0.05,3.599036,2.1514106
4465,2.3414161,0.08040998,-0.25538483,0.85,0.02690938487648964,3.083407,2.577614
4466,2.3805008,0.009701143,-0.24300447,0.8485599756240845,0.05,3.3306222,2.3836741
4467,2.2233908,0.07980437,-0.093513764,0.85,0.05168037861585617,3.999397,2.64686
4468,2.3272612,0.081830025,-0.21489534,0.8431865572929382,0.05,3.1683476,2.8946323
4469,2.3032455,0.10762768,-0.14737096,0.8451905250549316,0.040710706263780594,3.0379128,2.764134
4470,2.3424673,0.08301234,-0.21124734,0.5185533761978149,0.024635443463921547,3.1884434,2.290451
4471,2.3495436,0.09121724,-0.22919261,0.85,0.05,2.8664916,2.352263
4472,2.2487884,0.08920719,-0.2028871,0.8419032692909241,0.031001539900898933,5.140506,1.7480822
4473,2.1785605,0.13496864,-0.027336147,0.85,0.025147611275315285,4.179519,1.739885
4474,2.3387039,0.1374019,-0.061587535,0.7903969287872314,0.04076936095952988,2.0259314,2.7502704
4475,2.257983,0.06684589,-0.013976685,0.8115372657775879,0.05,3.4446876,2.5342364
4476,2.3118844,0.111494005,-0.10299453,0.6763240098953247,0.05,2.195571,2.782704
4477,2.2991443,0.08719751,-0.047575284,0.7935848832130432,0.02754272148013115,2.3373315,2.6082642
4478,2.3356068,0.011128017,-0.037687924,0.8362148404121399,0.052294205874204636,2.6497343,2.7379572
4479,2.225092,0.11514048,-0.14738598,0.85,0.05,4.755646,1.8051487
4480,2.2746882,0.036737118,0.05633617,0.8369550704956055,0.05,2.7299483,2.3075066
4481,2.2368608,0.10863819,-0.05709328,0.8391879200935364,0.016954801976680756,3.272156,2.418023
4482,2.3503907,0.04157545,-0.082563624,0.85,0.020200291648507118,2.3979204,2.2255542
4483,2.2001789,0.13589655,-0.2971613,0.7381394505500793,0.0657985582947731,5.7132125,1.3813753
4484,2.2053018,0.09260906,-0.048944093,0.85,0.002987787127494812,4.20468,2.5800009
4485,2.1925635,0.06069126,0.029187454,0.85,0.040705081075429916,3.9342911,2.1652782
4486,2.3815513,0.08292079,-0.1762648,0.706028938293457,0.05249197781085968,2.3894465,2.9107594
4487,2.3568118,0.014194562,-0.15612794,0.8277055621147156,0.0374833419919014,3.0557172,2.4701307
4488,2.3719833,0.15846717,-0.20751384,0.712323784828186,0.04333917424082756,2.2338293,2.683974
4489,2.3717506,0.035780877,-0.11563662,0.7415427565574646,0.037933576852083206,2.701207,2.1112294
4490,2.1883879,0.14667356,-0.067640476,0.85,0.015707606449723244,4.084401,2.3102136
4491,2.2613432,0.124108784,-0.13075954,0.8457239270210266,0.03294135630130768,3.377789,2.3768547
4492,2.2091327,0.16732615,-0.16091429,0.85,0.01805008202791214,4.550057,2.1934607
4493,2.2654626,0.06753618,-0.29468533,0.85,0.027665095403790474,4.9627166,1.5382531
4494,2.3271067,0.11304867,-0.079195045,0.5359771251678467,0.023624461144208908,2.0524411,2.6274393
4495,2.2396452,0.06687682,-0.15800554,0.85,0.05,4.479385,1.7994246
4496,2.2142212,0.11953184,-0.10651465,0.85,0.05,4.550953,2.1464286
4497,2.2716057,0.061591994,-0.043409254,0.85,0.05,2.6619155,1.9519957
4498,2.2873712,0.05428327,-0.071895815,0.502164363861084,0.06833282858133316,3.1029973,2.1566625
4499,2.2443273,0.0030147086,-0.072222814,0.8287914395332336,0.03539435938000679,3.8894022,2.069761
4500,2.3712306,0.037433613,-0.22483902,0.8451263904571533,0.03943555802106857,2.7258995,2.3683314
4501,2.287738,0.10164353,-0.032682538,0.7942208051681519,0.055765099823474884,2.5774162,2.483871
4502,2.3243337,0.043750443,-0.025663257,-0.011181563138961792,0.20415036380290985,2.4496458,2.9030862
4503,2.291574,0.10768203,-0.14299096,0.85,0.027410484850406647,3.121124,2.5642848
4504,2.3422775,0.046632055,-0.020362008,0.8273128867149353,0.022959040477871895,2.1501427,2.6708107
4505,2.2710855,0.11202253,-0.14740159,0.7198503613471985,0.010512004606425762,3.632089,2.5145226
4506,2.337732,0.06613676,-0.121733606,0.85,0.05,2.5209541,2.1775596
4507,2.2355642,0.17330125,-0.07344268,0.8233928680419922,0.036402057856321335,3.23371,2.1730669
4508,2.1672504,0.13548262,-0.13622397,0.85,0.05,5.4998727,1.5572444
4509,2.2370145,0.113777846,-0.22767541,0.85,0.05,5.041862,1.7029145
4510,2.3508153,0.073988624,-0.11047702,0.6402784585952759,0.0786396935582161,2.5058086,2.0276566
4511,2.234382,0.12384935,-0.1650232,0.85,0.05,4.358047,1.8045923
4512,2.3323238,0.045073584,-0.12645075,0.85,0.05,2.5714848,2.8177037
4513,2.3973055,-0.042088494,-0.17951515,0.5859063863754272,0.06569564342498779,3.0352945,2.7193089
4514,2.3578632,0.0085864235,-0.113037035,0.85,0.02574496902525425,2.4789412,2.3933544
4515,2.177915,0.117528275,-0.063617036,0.85,0.05,4.774159,1.8363836
4516,2.2228343,0.1333479,-0.14286289,0.6448900103569031,0.04887783154845238,4.3190846,2.6027956
4517,2.2343333,0.037232034,-0.050328873,0.85,0.05,4.5449653,1.9852333
4518,2.1765454,0.08009326,-0.1534329,0.85,0.05,5.5642834,1.5826216
4519,2.2800179,0.124131195,-0.1683983,0.85,0.05,3.533102,2.1360044
4520,2.3296673,0.063999735,-0.17141701,0.85,0.05,2.7551167,2.7876568
4521,2.2589421,0.1307536,-0.0994961,0.7765865325927734,0.04482701048254967,3.437829,2.7812414
4522,2.26629,0.0619343,-0.107135594,0.8317992091178894,0.05,3.642818,2.183429
4523,2.2558594,0.048014864,-0.023219002,0.85,0.05,3.4192708,2.1332612
4524,2.210789,0.12462228,-0.12943119,0.85,0.05,4.7217636,2.1318095
4525,2.2791312,0.054062285,-0.06340226,0.85,0.018822642043232918,3.44349,2.2635453
4526,2.3484676,0.08263683,-0.20372406,0.85,0.05,2.7911494,2.4482605
4527,2.2786846,0.102493994,-0.17325197,0.85,0.05,3.4249115,2.6759148
4528,2.2368758,0.14790487,0.038479995,0.8432632684707642,0.046080127358436584,2.7191958,2.5911171
4529,2.3161294,0.0580004,-0.2136568,0.7961115837097168,0.03400985151529312,3.996114,2.6993122
4530,2.3334339,0.033740386,-0.1728837,0.85,0.012265282683074474,3.1219103,2.5117526
4531,2.314445,0.056883425,-0.21751845,0.85,0.05,3.9996274,2.77577
4532,2.4123259,0.11347951,-0.1738391,0.2446986734867096,0.009095363318920135,2.1908195,2.5496087
4533,2.3201911,0.11450496,-0.09423283,0.8129314184188843,0.014084180817008018,2.3315482,2.6709337
4534,2.2909446,0.023746321,-0.004815069,0.7024639844894409,0.05,2.8983078,2.2801325
4535,2.2720263,0.1046927,-0.12285198,0.85,0.03549544885754585,3.6518855,2.274728
4536,2.2075832,0.11830578,-0.115266874,0.85,0.05,4.617263,1.803328
4537,2.2626348,0.08666143,-0.17474945,0.85,0.05417541041970253,4.4140806,2.117278
4538,2.2322636,0.030905118,-0.010821362,0.85,0.05,3.9990287,2.1386912
4539,2.256748,0.106134616,-0.10052024,0.85,0.05,3.9716833,2.137977
4540,2.2271023,0.052524745,-0.10991788,0.85,0.023990804329514503,4.6960883,1.8543075
4541,2.4294014,0.0121573,-0.16313359,0.8387990593910217,0.03504013270139694,2.1182408,2.6850493
4542,2.3419948,0.030392539,-0.10567587,0.8338210582733154,0.05574217811226845,2.5852456,2.7238462
4543,2.1718168,0.09255214,-0.21453784,0.6901006698608398,0.03997615724802017,6.192007,1.3614949
4544,2.1693661,0.1903153,-0.10458299,0.8252409100532532,0.05,4.4372745,1.733265
4545,2.2049487,0.13230805,-0.094085425,0.8382365107536316,0.05,3.9427595,2.1386266
4546,2.244721,0.09276327,-0.06378833,0.85,0.02365669421851635,3.8266728,2.2515953
4547,2.333093,0.079876915,-0.20306869,0.7487413287162781,0.05204181745648384,3.281545,2.745114
4548,2.246935,0.10562055,-0.07044106,0.8129489421844482,0.010028564371168613,3.1098769,2.421808
4549,2.2754068,0.14013235,-0.15177873,0.8498734831809998,0.03875213488936424,3.5422943,2.6697407
4550,2.3574033,0.04470521,-0.19589657,0.6703243851661682,0.06475436687469482,2.5939553,2.7822237
4551,2.2701354,0.13780573,-0.16144982,0.85,0.04061640426516533,3.342776,2.1244354
4552,2.2411098,0.050355203,-0.0777689,0.85,0.05,4.5544744,2.1715417
4553,2.2884114,0.13175733,-0.0908659,0.85,0.05,2.5814958,2.5466151
4554,2.4458878,0.11141411,-0.07722969,0.6681846380233765,0.09101644158363342,2.009661,2.8174973
4555,2.2552109,0.17601812,-0.0061119995,0.85,0.04211965948343277,2.4029326,2.5372531
4556,2.2899058,0.116303585,-0.09969121,0.85,0.015355836600065231,2.3632872,2.6087215
4557,2.3273206,-0.020743158,-0.13748841,0.85,0.03915725648403168,3.4173906,2.1949801
4558,2.3857603,-0.011452535,-0.12885013,0.8388065099716187,0.039073772728443146,2.3534412,2.7723017
4559,2.392175,0.081798926,-0.1416315,0.1768527626991272,0.132208913564682,2.1109545,2.732143
4560,2.336464,0.030311596,-0.083785705,0.5615146160125732,0.05012069642543793,2.6336632,2.382169
4561,2.361724,0.048306312,-0.00486587,0.3780442774295807,0.0310092493891716,2.0405335,2.8663292
4562,2.2624826,0.09206346,-0.09548635,0.85,0.02722029574215412,3.308246,2.5322185
4563,2.2928934,0.05806383,-0.16114609,0.85,0.05,3.3892171,2.1267157
4564,2.3177698,0.12118809,-0.33959073,0.8397146463394165,0.036616478115320206,4.4551497,1.7756026
4565,2.356185,0.0721429,-0.099072695,0.10968711972236633,0.031939342617988586,2.3066187,2.6084177
4566,2.2671845,0.11000976,-0.052609958,0.8184835314750671,0.041661981493234634,2.664809,2.5393608
4567,2.2038908,0.14492823,-0.044319525,0.85,0.03341193497180939,4.2411714,2.1908462
4568,2.3995388,-0.025004936,-0.15335825,0.47471439838409424,0.031102007254958153,2.4483843,2.2567277
4569,2.3417876,0.041654266,-0.15464397,0.7654429078102112,0.004360475577414036,2.825427,2.0535686
4570,2.3195794,0.07908873,-0.06590029,0.8453460931777954,0.04186214506626129,2.6565807,2.15203
4571,2.2890227,0.08226741,-0.07225666,0.85,0.05,2.851666,2.6439269
4572,2.2488441,0.047714476,-0.05140932,0.8199436068534851,0.05,4.0810776,2.2261627
4573,2.3754225,0.071016625,-0.09375266,0.7454572916030884,0.06389245390892029,2.2828343,2.6749308
4574,2.2933357,0.062476657,-0.071260154,0.8147056102752686,0.05,2.896495,2.5750787
4575,2.353951,0.024030369,-0.11651603,0.85,0.041217219084501266,2.6091003,2.7169273
4576,2.2870333,0.038970742,-0.17309049,0.85,0.03485172614455223,4.4117975,1.9709091
4577,2.2709446,0.106921226,-0.12303785,0.85,0.016890140250325203,3.5845206,2.2967198
4578,2.432129,0.0008497292,-0.10656283,0.8173931241035461,0.034174494445323944,2.0730567,2.5826874
4579,2.2664537,0.047178347,-0.18708695,0.7132971286773682,0.032862208783626556,4.5107713,2.6790218
4580,2.2830646,0.08407596,-0.17924538,0.7797949314117432,0.033782508224248886,3.8675222,2.427753
4581,2.2536898,0.14382753,-0.1343007,0.85,0.025079555809497833,3.7255204,2.491831
4582,2.3452275,0.03633246,-0.12051344,0.85,0.05,2.6330755,2.542289
4583,2.2934418,0.09237165,-0.030936707,0.7132236957550049,0.03299582749605179,2.577889,2.8400447
4584,2.3228178,0.1334868,-0.1088958,0.8139057755470276,0.03348255902528763,2.1744907,2.6976032
4585,2.3248463,0.0586201,-0.14881302,0.8484094142913818,0.03075293079018593,3.179027,2.524341
4586,2.1180005,0.09906052,-0.056341942,0.85,0.028301609680056572,5.7236996,1.6682409
4587,2.4072247,0.05691815,-0.014738259,0.3049006462097168,0.08204222470521927,2.042909,2.7450278
4588,2.199745,0.1789376,-0.1718391,0.8321187496185303,0.05,5.021045,1.8902253
4589,2.2405722,0.13208154,0.036249645,0.8136940002441406,0.03224620968103409,2.374247,2.1265876
4590,2.326055,-0.02018782,-0.026010912,0.85,0.05,2.7826266,2.2711947
4591,2.2272172,0.02430576,-0.0068661957,0.85,0.05,3.9003892,2.0991359
4592,2.3100605,0.027967365,-0.24603716,0.85,0.05,4.771471,2.0226853
4593,2.3490384,0.085898116,-0.21743743,0.8064092993736267,0.05,2.6141553,2.2359362
4594,2.2746513,0.031157438,-0.036701795,0.85,0.037083592265844345,3.482735,2.5228076
4595,2.368378,0.102348775,-0.20522064,0.85,0.05,2.2456758,2.6815014
4596,2.2686753,0.09665095,-0.13238128,0.85,0.05,3.3935914,2.6699843
4597,2.285547,0.1063545,-0.16325869,0.8211378455162048,0.030884629115462303,3.6533847,2.172153
4598,2.186532,0.1074835,-0.05024484,0.8247097730636597,0.03254912048578262,4.215967,1.785143
4599,2.19514,0.14158688,-0.26740742,0.6668054461479187,0.08277811855077744,6.056084,1.8228993
4600,2.3068078,0.116265036,-0.14896844,0.8060460090637207,0.02119629830121994,3.0031714,2.5132582
4601,2.1939304,0.121070154,-0.15678704,0.85,0.001173033262602985,4.8877034,1.5282059
4602,2.3024278,0.087209545,-0.18040897,0.85,0.015697898343205452,3.580009,2.11583
4603,2.26948,0.17668006,-0.20579267,0.85,0.01679927110671997,3.4774668,2.620693
4604,2.2762034,0.11661706,-0.108534984,0.85,0.05,2.9155643,2.2609868
4605,2.2013154,0.15827796,-0.019445427,0.85,0.05,3.009643,2.4302197
4606,2.2098331,0.0950012,-0.036419112,0.7031932473182678,0.044551387429237366,3.652396,2.0225751
4607,2.3299408,0.0667326,-0.06975697,0.8393919467926025,0.05,2.4777794,2.6257224
4608,2.2309158,0.15195158,-0.23572366,0.85,0.052267834544181824,4.2995596,2.910326
4609,2.3289275,0.09694914,-0.08270251,0.85,0.04182138666510582,2.6674678,2.6551592
4610,2.1147094,0.051413365,-0.16086566,0.85,0.060630641877651215,9.312907,1.5186572
4611,2.2502806,0.06456208,-0.06687061,0.85,0.01563098281621933,3.7757432,2.4536707
4612,2.2053707,0.13149631,-0.17859581,0.85,0.02916785143315792,5.046779,2.457648
4613,2.2516406,0.110214576,-0.17664826,0.567166268825531,0.02770528942346573,4.0362,2.0060382
4614,2.2909513,0.026411533,-0.062403698,0.6416013240814209,0.031402237713336945,2.9979186,1.9149818
4615,2.208691,0.106518045,-0.09696014,0.85,0.014211871661245823,4.469046,2.017078
4616,2.251676,0.14248966,-0.16286485,0.8181766271591187,0.05327853932976723,3.5686712,2.1891606
4617,2.2309926,0.12748112,-0.0868486,0.6735581755638123,0.05,3.9998329,2.173243
4618,2.3429708,0.07569907,-0.15768892,0.85,0.03950091451406479,2.7491317,2.5744445
4619,2.2090945,0.09533555,-0.0709166,0.8266567587852478,0.02573581412434578,4.085852,1.7224203
4620,2.23623,0.13309883,-0.13117626,0.8390088677406311,0.05,4.2507033,1.6854614
4621,2.2152753,0.15440756,-0.059042923,0.8266475200653076,0.05715681612491608,3.7430637,2.492823
4622,2.2326694,0.13187274,-0.036414664,0.85,0.05,3.1559856,2.4788306
4623,2.3239481,0.116155274,-0.27457297,0.8303711414337158,0.00784593541175127,3.6253593,1.9146506
4624,2.237626,0.13314313,-0.05072683,0.85,0.02036602795124054,3.1718645,2.499384
4625,2.251643,0.08678587,0.01842242,0.85,0.03666754439473152,3.205112,2.7493627
4626,2.2832222,0.05540893,-0.09336064,0.5814705491065979,0.016179915517568588,3.4474998,2.4323094
4627,2.3148181,0.064085454,-0.24523263,0.8302157521247864,0.05,3.3644478,2.4393082
4628,2.2966495,0.0885968,0.042667355,0.8067677021026611,0.05,2.0452433,2.8358998
4629,2.270338,0.1401372,-0.17096648,0.85,0.05,3.6866946,2.1843107
4630,2.231192,0.057391413,-0.059243143,0.8331944942474365,0.05,3.946781,1.7862521
4631,2.344729,0.09249044,-0.036928408,0.35592132806777954,0.05656092241406441,2.1527348,2.2248676
4632,2.3113148,0.050935775,-0.052994315,0.8475649356842041,0.010798124596476555,2.385685,2.3511593
4633,2.1651359,0.04781078,-0.12043826,0.85,0.03829432651400566,5.8995633,1.619369
4634,2.3467045,-0.006585672,-0.025653433,0.8301279544830322,0.04398408532142639,2.7930079,2.7441213
4635,2.101039,0.070760906,-0.06254768,0.7623705267906189,0.05,6.9289384,1.3130343
4636,2.1862476,0.07516392,-0.097196564,0.7923573851585388,0.032037414610385895,4.582813,1.5785357
4637,2.2514317,0.06533885,-0.13251534,0.85,0.02696862816810608,4.449169,2.0392907
4638,2.1705127,0.118736535,-0.11756574,0.8176257014274597,0.049887433648109436,5.1081557,1.751466
4639,2.2031562,0.14823766,-0.0775713,0.8140697479248047,0.045930974185466766,3.9235423,1.9743718
4640,2.2095819,0.10656305,-0.10352601,0.85,0.05,4.492349,1.9446497
4641,2.3273602,0.04671824,-0.16867813,0.85,0.01812734268605709,3.32127,2.878213
4642,2.3841736,0.068078764,-0.06877747,0.8161600828170776,0.05,2.092162,2.5168662
4643,2.2600157,0.069853716,-0.17458017,0.85,0.05,4.4791274,2.1626287
4644,2.3175752,0.087168716,-0.22371082,0.85,0.02809501253068447,3.5993025,2.190448
4645,2.2455585,0.07352076,-0.04238289,0.804496169090271,0.02227865159511566,3.3882294,2.1047812
4646,2.1745133,0.09654469,-0.114219,0.85,0.05,5.3133774,1.6389816
4647,2.248453,0.20403725,-0.2865986,0.85,0.05,5.0007663,2.0806198
4648,2.3430026,-0.014005655,-0.1592411,0.47219815850257874,0.061121176928281784,3.3367808,2.2142394
4649,2.258856,0.19461672,-0.3145969,0.85,0.07423416525125504,6.041111,2.6178792
4650,2.3424535,0.09876824,-0.21251944,0.8152613639831543,0.03745100274682045,3.1444268,2.811929
4651,2.2934449,0.06738139,-0.14486112,0.85,0.05,3.2380369,2.1933782
4652,2.209339,0.14459279,-0.07476768,0.85,0.03557252883911133,3.650277,2.3691175
4653,2.29313,-0.010086641,0.07725046,0.20727482438087463,0.03282668814063072,2.641757,2.4932144
4654,2.12617,0.032664653,0.121456295,0.8319623470306396,0.033961668610572815,4.7272916,1.5109426
4655,2.2260554,0.13180846,-0.041608907,0.8139278888702393,0.04642678052186966,3.4382682,2.4979525
4656,2.3019288,0.1178936,-0.08942517,0.7826216220855713,0.04395893216133118,2.6423419,2.8179731
4657,2.2146125,0.11908877,-0.13821156,0.85,0.05,4.4861045,1.7796952
4658,2.1942756,0.0878827,-0.03156738,0.8304771184921265,0.05,4.2321105,1.8997978
4659,2.3381588,0.08787913,-0.055831764,0.06720702350139618,0.03895578905940056,2.0439327,2.681465
4660,2.3231864,0.005341273,-0.035551228,0.8250788450241089,0.020253226161003113,2.5411272,2.7455895
4661,2.2545989,0.10222998,-0.09294811,0.85,0.019921815022826195,3.3846369,2.4242747
4662,2.4333384,0.07880808,-0.07469024,0.85,0.05469389259815216,2.0172052,2.7078114
4663,2.254892,0.072915345,-0.16425617,0.85,0.02556701935827732,4.479341,2.2161598
4664,2.2796562,0.075503975,-0.16720967,0.85,0.009832160547375679,3.7433128,2.1520584
4665,2.2484908,0.07961151,-0.08176322,0.8326168060302734,0.05,3.6237907,2.8245833
4666,2.3569767,0.09961535,-0.04084469,0.6566569209098816,0.04750774800777435,2.2140412,2.7824094
4667,2.2895157,0.05632765,-0.1314772,0.6428703665733337,0.05,2.997602,1.9548191
4668,2.244921,0.07964236,-0.1695099,0.85,0.05,4.579718,2.029925
4669,2.178032,0.07546725,-0.056631174,0.85,0.05,4.6814494,1.6593207
4670,2.3468428,0.05843195,-0.09917815,0.5647044777870178,0.03549075871706009,2.5910306,2.8879855
4671,2.2836034,0.034563303,-0.15360698,0.85,0.0020649158395826817,3.9313767,1.9433601
4672,2.1598916,0.1406433,-0.035502847,0.85,0.05159181356430054,4.5346055,2.7880669
4673,2.2493598,0.110155895,-0.09460576,0.85,0.05,3.2140057,2.593012
4674,2.277808,0.08897757,-0.25221872,0.7985454201698303,0.05,4.906685,1.7415252
4675,2.3214238,0.10329446,-0.13402583,0.6512479186058044,0.0017985387239605188,2.3228552,2.142137
4676,2.235211,0.12382615,-0.16757993,0.85,0.05,4.1338882,2.0720496
4677,2.1867063,0.1472574,-0.2694364,0.85,0.01606893166899681,6.0351315,1.5203211
4678,2.2797496,0.10307323,-0.21109034,0.85,0.038085803389549255,4.547929,2.147997
4679,2.392579,0.0151999425,-0.06330488,0.2624290883541107,0.12727852165699005,2.2217398,2.5923831
4680,2.267788,0.02373014,-0.15200414,0.85,0.04817081615328789,4.6040545,1.8573209
4681,2.3391604,0.08730901,-0.1811948,0.85,0.033957403153181076,2.802296,2.4362237
4682,2.1998887,0.17413811,-0.060430177,0.85,0.014652877114713192,3.3491862,2.6119866
4683,2.230177,0.09427117,-0.06516258,0.8195900917053223,0.04630973935127258,4.250097,2.5600293
4684,2.3336585,0.086968176,-0.17536433,0.85,0.05966327339410782,2.9312663,2.5860083
4685,2.245921,0.05812606,-0.04444028,0.8267887234687805,0.03163697570562363,3.413885,1.9911935
4686,2.2320201,0.09685963,-0.19821875,0.85,0.05,4.6742835,1.5635632
4687,2.2695663,0.04032104,-0.12899119,0.85,0.05,3.9221117,2.065566
4688,2.26585,0.09982776,-0.20240226,0.85,0.05,4.0777974,2.3767922
4689,2.4794152,-0.0027954087,-0.13429002,0.6966844201087952,0.08733849972486496,2.1140904,2.8007917
4690,2.3124897,0.07758485,-0.18079679,0.85,0.05,3.030915,1.9607629
4691,2.1803017,0.15139546,-0.14385799,0.85,0.022938523441553116,5.1763997,1.9686934
4692,2.2300699,0.04586907,0.004840406,0.8371883034706116,0.033151183277368546,3.8763866,2.040281
4693,2.2844074,0.011610987,-0.0709313,0.8349626064300537,0.01342945545911789,3.2810133,2.1597273
4694,2.2464094,0.0661639,-0.11637523,0.85,0.001925850287079811,3.8877282,2.096174
4695,2.2237337,0.09497532,-0.18660538,0.85,0.05,4.8834705,1.6561534
4696,2.426026,0.069828145,-0.1008173,0.5864530205726624,0.04834328219294548,2.0902185,2.7727606
4697,2.2193513,0.12424122,-0.15506594,0.85,0.05,4.654559,1.964488
4698,2.2982757,0.09617222,-0.14682716,0.7578316926956177,0.04092372581362724,2.9323964,2.3405633
4699,2.147529,0.15177421,-0.16654705,0.85,0.05,5.6583557,1.4235454
4700,2.334534,0.006920349,-0.18764777,0.85,0.014059069566428661,3.900026,1.9127703
4701,2.1500847,0.0805987,-0.05107672,0.85,0.009188329800963402,5.205268,1.4877598
4702,2.2913177,0.09147457,-0.1134122,0.7745503783226013,0.01846785843372345,2.4418142,2.5594606
4703,2.221147,0.14075886,-0.26970756,0.85,0.04371282830834389,5.395296,2.3385046
4704,2.370321,-0.04027935,-0.01748534,0.8298450112342834,0.047369591891765594,2.5449662,2.3202536
4705,2.3159006,0.0714434,-0.044912085,0.8336247801780701,0.020728591829538345,2.2457006,2.4657452
4706,2.2442057,0.05436271,-0.0035034597,0.8364226222038269,0.05,3.0166078,2.5011337
4707,2.294519,0.064184375,-0.17250809,0.85,0.013584848493337631,4.027461,2.232726
4708,2.2554507,0.067186505,-0.04039487,0.85,0.02448173239827156,3.0320125,2.5989013
4709,2.254621,0.07228839,-0.0424267,0.8207802772521973,0.02606460452079773,3.0738611,2.6387336
4710,2.225191,0.10029829,-0.08427739,0.85,0.05,4.0805473,1.7804918
4711,2.2270465,0.055290937,-0.09402718,0.85,0.0353984534740448,4.6840777,2.1737912
4712,2.323868,0.06624665,-0.17562756,0.8111910223960876,0.053228314965963364,2.9381778,2.8398185
4713,2.3222036,0.050739255,-0.12788054,0.7341593503952026,0.05,2.894083,2.2010965
4714,2.2083247,0.032470893,-0.1287918,0.5838020443916321,0.008041680790483952,5.6099634,1.4072808
4715,2.298544,0.026239172,-0.02790128,0.6862927675247192,0.04369860887527466,3.0812104,2.4629545
4716,2.2794237,0.07531857,-0.030147867,0.85,0.032457780092954636,2.696466,2.5199656
4717,2.3040693,0.029995965,-0.12225599,0.7164711356163025,0.02856813743710518,3.3239946,2.1648552
4718,2.3145788,0.02598863,-0.21614948,0.85,0.05,3.9974,1.8599977
4719,2.312575,0.048139922,-0.018427633,0.85,0.033987123519182205,2.645893,2.2552037
4720,2.2147033,0.11929311,-0.14566192,0.8453744053840637,0.05,4.6390095,1.702377
4721,2.284935,0.03234401,-0.15861973,0.85,0.02280678227543831,4.072887,2.5918972
4722,2.2308688,0.11652399,-0.1737613,0.85,0.03864557668566704,4.767866,2.2411015
4723,2.3448172,0.07306524,-0.16368972,0.85,0.05,2.6112022,2.4927192
4724,2.3302011,0.062132236,-0.104188465,0.6843319535255432,0.029755553230643272,2.4699929,2.629951
4725,2.3614347,0.07810602,0.003860492,0.4979957938194275,0.0703449472784996,2.1646457,2.8805783
4726,2.300109,-0.010370752,-0.098519735,0.7617093920707703,0.05295416712760925,3.726025,2.4851263
4727,2.3656428,0.04884306,-0.061666522,0.7682510018348694,0.040558550506830215,2.170427,2.412853
4728,2.2851026,0.01113278,-0.115354255,0.85,0.05,3.7419732,1.8288051
4729,2.2471514,0.040138394,-0.053056408,0.7911947965621948,0.05001378059387207,4.005529,2.3334043
4730,2.2373462,0.08811126,-0.15133992,0.85,0.05,4.175958,2.1000767
4731,2.1072564,0.12884757,-0.02392774,0.85,0.05,5.443836,1.4617386
4732,2.1944249,0.09554852,-0.04845014,0.85,0.021658629179000854,4.378588,2.3524709
4733,2.315989,0.07420675,-0.10678919,0.85,0.017837513238191605,2.483726,2.4637063
4734,2.1757092,0.16925983,-0.15471175,0.8209261298179626,0.03379817306995392,5.2855906,1.3059388
4735,2.301867,-0.010990992,-0.08773804,0.6588691473007202,0.031101586297154427,3.711008,2.2054873
4736,2.184718,0.11164373,-0.102131546,0.85,0.05,4.679019,1.5756035
4737,2.2857904,0.12216733,-0.16046776,0.7900870442390442,0.05387945473194122,3.4343693,2.6782515
4738,2.1529498,0.11161468,0.039700102,0.8031725883483887,0.05,3.9433422,1.7640991
4739,2.2091262,0.103975214,-0.12954201,0.6952410340309143,0.047314003109931946,4.677876,2.278892
4740,2.3058567,0.0036207393,-0.10517246,0.7063962817192078,0.006070824805647135,3.2953348,2.3031967
4741,2.285051,0.04233139,-0.18428865,0.8341144323348999,0.05,4.0539465,1.8788794
4742,2.2186275,0.1541316,-0.1547,0.85,0.03812725096940994,4.376277,1.9754654
4743,2.271147,0.094811596,-0.053611755,0.7389745712280273,0.05,2.610115,2.318828
4744,2.2924194,-0.01665991,-0.12533373,0.85,0.016204919666051865,4.563337,1.9717131
4745,2.3133419,0.03732619,-0.1584928,0.85,0.05,3.6359599,2.0991282
4746,2.2678423,0.04714911,-0.15701225,0.85,0.05,4.0444236,1.9794933
4747,2.262776,0.0969012,-0.12874094,0.8120074272155762,0.05,3.6912055,1.8989701
4748,2.287163,0.07468115,-0.2196126,0.85,0.018341556191444397,4.4829164,2.025087
4749,2.3756282,0.06639987,-0.061329782,0.7983946800231934,0.06396853178739548,2.0478065,2.6549935
4750,2.238366,0.16977085,-0.0603751,0.838616669178009,0.04707830399274826,3.103542,2.8616507
4751,2.3261604,0.13680945,-0.13965587,0.8393669128417969,0.06059885770082474,2.5330694,2.8497522
4752,2.278734,0.12365835,-0.16839235,0.85,0.05,3.4643176,2.6797526
4753,2.200027,0.13038972,-0.1349814,0.85,0.02275046706199646,4.079341,2.2773638
4754,2.2782109,0.00840853,-0.11423539,0.85,0.05,3.8216083,1.786932
4755,2.3148897,0.04626127,-0.12230411,0.85,0.035761311650276184,2.984859,2.273498
4756,2.1305573,0.14095953,-0.05848259,0.85,0.014067101292312145,4.894837,1.6785674
4757,2.2456894,0.10863114,-0.1540259,0.8361495733261108,0.05,4.0657144,1.951293
4758,2.3608515,0.1168725,-0.13579631,0.85,0.04847346991300583,2.2806768,2.7052355
4759,2.213425,0.07998149,-0.12586534,0.8320596814155579,0.05,4.769137,1.7316267
4760,2.1583278,0.10859583,-0.07185755,0.85,0.05,4.5086427,1.6947842
4761,2.1784382,0.13506187,-0.077091254,0.85,0.05,4.552262,2.0634058
4762,2.1411347,0.055353075,-0.038486715,0.8251476287841797,0.05,5.2219057,1.4411385
4763,2.168188,0.06104096,-0.03649894,0.85,0.05,4.6694584,1.575145
4764,2.2535982,0.027516179,-0.033822563,0.85,0.022734710946679115,3.8047605,2.1856582
4765,2.185501,0.12468641,-0.08336016,0.85,0.025498442351818085,4.839186,2.0771976
4766,2.4085991,0.075738326,0.0281435,0.5096186995506287,0.17476509511470795,2.115513,2.5713189
4767,2.2036383,0.14018749,-0.13739404,0.85,0.05,4.540079,2.5100503
4768,2.3254786,-0.0016241117,-0.09373269,0.8162391781806946,0.05,2.9391887,2.317849
4769,2.3277023,0.08494231,-0.18078333,0.7612611055374146,0.026051577180624008,2.7627227,2.7595558
4770,2.4081755,0.02315064,-0.2246302,0.6142745614051819,0.05,2.3886616,2.5208976
4771,2.369738,0.0509077,-0.169746,0.8022286891937256,0.05,2.3228939,2.4132602
4772,2.3237572,0.078297526,-0.037925236,0.7341287732124329,0.04731603339314461,2.4696777,2.4548314
4773,2.3343995,0.028664062,-0.10437324,0.85,0.0220095906406641,2.9936762,2.274166
4774,2.3070524,0.16779885,-0.12201729,0.85,0.04254287853837013,2.2023613,2.794653
4775,2.2612104,0.053820085,-0.1378486,0.85,0.039123181253671646,4.292268,2.095566
4776,2.2406743,0.053478546,0.047661524,0.5937981009483337,0.0214649960398674,2.7879868,2.5926914
4777,2.260249,0.09192869,-0.037968647,0.85,0.0035664695315063,3.0090463,2.1381028
4778,2.3586245,0.022936601,-0.05087529,0.6277360320091248,0.05426083877682686,2.448294,2.1538641
4779,2.2507362,0.068038166,-0.08693304,0.8054651618003845,0.05,3.988717,2.0197723
4780,2.1503851,0.14729473,-0.040601104,0.6044397354125977,0.02612106315791607,4.1236806,1.514386
4781,2.2742743,0.12904413,-0.20655291,0.85,0.05,3.7575853,2.5819578
4782,2.33772,0.07573716,-0.1277145,0.8213791251182556,0.03512143716216087,2.6487608,2.7598486
4783,2.2475398,0.086482234,-0.086696476,0.8304762244224548,0.047618404030799866,3.9590034,2.2145295
4784,2.199387,0.16434227,-0.050133917,0.85,0.01342770829796791,3.6869059,2.1135864
4785,2.286786,0.05009117,-0.034119837,0.85,0.05,2.9265556,2.4981782
4786,2.2543554,0.110036574,-0.16443734,0.85,0.05,4.002659,2.2091131
4787,2.1946785,0.07328644,-0.068595864,0.85,0.03376723453402519,4.735984,2.1979277
4788,2.2958674,0.037693135,-0.11674733,0.8170440793037415,0.05,3.273935,2.379222
4789,2.2189755,0.16102114,-0.0866841,0.8488969206809998,0.04034101963043213,3.9437697,2.8343263
4790,2.315339,0.05341403,-0.27499932,0.85,0.016649382188916206,4.9349794,2.0840142
4791,2.2331333,0.13950409,-0.018738728,0.85,0.03410114347934723,3.0635908,2.7349079
4792,2.2593336,0.13843793,-0.16381778,0.36895811557769775,0.17052344977855682,4.0939665,2.7152057
4793,2.2618709,0.064406395,0.044662777,0.8331660032272339,0.009412894956767559,2.4876692,2.5355952
4794,2.2993193,0.05586823,-0.045310292,0.7926385402679443,0.042047519236803055,2.731136,2.497227
4795,2.2610395,0.044118322,-0.100796826,0.85,0.05,3.9450617,2.0984628
4796,2.320817,0.044366457,-0.09913746,0.8324012160301208,0.0625590905547142,2.7563746,2.8326788
4797,2.3768506,-0.0253235,-0.102924764,0.5701913237571716,0.08825837820768356,2.6584404,2.0462186
4798,2.3906972,0.08037201,-0.30156094,0.85,0.05,2.920132,2.6004424
4799,2.3213806,0.036751207,0.037162084,0.5445597171783447,0.04976315051317215,2.0543356,2.6728964
4800,2.2484205,0.08849398,-0.035198737,0.85,0.05,3.2280583,2.3657866
4801,2.2888086,0.14054094,-0.04100694,0.8084399104118347,0.05,2.0364835,2.3465989
4802,2.2736955,0.07923604,-0.0033450727,0.8356615900993347,0.02081061340868473,2.5924668,2.3867326
4803,2.316527,0.054875065,-0.0690564,0.774568498134613,0.022886475548148155,2.4669812,2.5771708
4804,2.2476277,0.09179709,-0.23877513,0.8046725392341614,0.039340682327747345,5.165012,1.8758445
4805,2.3267448,0.044088557,-0.05573844,0.5178257822990417,0.0772576704621315,2.4306705,2.8550372
4806,2.321889,0.10245004,-0.18541849,0.8385136127471924,0.053242363035678864,3.2644808,2.5049574
4807,2.3504865,0.059313606,-0.21803162,0.740764319896698,0.02381790056824684,3.1045513,2.5856953
4808,2.26552,0.03362735,-0.025842592,0.30250316858291626,0.05,3.3423998,2.5562103
4809,2.259664,0.02679676,-0.06920261,0.85,0.05,3.434049,2.1027405
4810,2.2094357,0.11626383,-0.041965332,0.8445079326629639,0.03445837274193764,3.6596165,2.4437807
4811,2.3048494,0.035008453,-0.15232436,0.85,0.05,3.273494,2.1781156
4812,2.18737,0.15630108,-0.076605715,0.85,0.020969800651073456,4.3596525,2.080648
4813,2.3249505,0.06333715,-0.0674219,0.49150434136390686,0.050797563046216965,2.455802,2.257282
4814,2.3105402,0.03850645,-0.04158712,0.833253026008606,0.01879953406751156,2.6930313,2.3795154
4815,2.3103726,0.09153364,-0.068326235,0.8286334276199341,0.034835804253816605,2.6151955,2.5919702
4816,2.2133336,0.13929465,-0.08753661,0.828658938407898,0.05,3.8230221,2.0475333
4817,2.3249934,0.084371984,-0.26701966,0.782935380935669,0.015606056898832321,4.4028916,1.8610471
4818,2.212093,0.04992718,-0.14276406,0.85,0.05,4.399166,1.5822558
4819,2.2070413,0.093393296,-0.07206537,0.85,0.05,4.1833143,1.8963115
4820,2.2934487,0.097604,-0.12090714,0.8417928218841553,0.03540167585015297,2.9428644,2.0805297
4821,2.3228674,0.10730076,-0.11904028,0.8403971195220947,0.05,2.398482,2.6612499
4822,2.2796624,0.06613054,-0.021927612,0.85,0.05,2.6809256,2.672052
4823,2.2911685,0.1039683,-0.27838656,0.85,0.05,4.77721,2.1627924
4824,2.2797613,0.10372633,-0.10254461,0.8204290270805359,0.05874595791101456,3.0713625,2.5183368
4825,2.3433733,0.091060944,-0.15057246,0.85,0.013519392348825932,2.4160237,2.7869935
4826,2.278635,0.017036138,0.040654536,0.8271719813346863,0.0360548309981823,2.817921,2.48792
4827,2.303137,0.01209818,0.020835493,0.49582648277282715,0.07798472046852112,2.9143405,2.4681501
4828,2.2428143,-0.0011625364,-0.06367465,0.85,0.026642851531505585,4.255676,1.8815864
4829,2.3344712,0.06430943,-0.24280182,0.85,0.05,3.216959,2.287259
4830,2.2146285,0.039255135,-0.07029176,0.8305559158325195,0.027106942608952522,4.1460676,1.8354691
4831,2.2111824,0.19973058,-0.14659517,0.85,0.05074157193303108,4.4470425,2.0695574
4832,2.2884285,0.04015722,0.0010668869,0.85,0.03281867876648903,2.8865848,2.2677712
4833,2.2743304,0.057094414,-0.13071787,0.85,0.048708006739616394,4.026782,2.4365225
4834,2.304553,0.100970045,-0.07646914,0.5538126826286316,0.04240711033344269,2.2109418,2.6074843
4835,2.2328699,0.03954194,-0.038495798,0.85,0.05,4.0038075,1.9266368
4836,2.3281167,0.046106283,-0.18569377,0.85,0.03996413201093674,3.3075252,2.5250988
4837,2.1483917,0.115496576,-0.13495448,0.7986717820167542,0.05,5.411058,1.5043827
4838,2.3045301,-0.005432631,-0.05253083,0.85,0.05,3.2211683,1.8115437
4839,2.356194,0.05881712,-0.09108565,0.815893828868866,0.03021899424493313,2.3781872,2.4787776
4840,2.2092073,0.04727599,-0.048841164,0.85,0.05,4.3573627,1.7627748
4841,2.320312,0.06594149,-0.022868576,0.823084831237793,0.05,2.3066757,2.394064
4842,2.3538465,-0.005483166,-0.11553103,0.6539149880409241,0.07717854529619217,2.6880958,2.175463
4843,2.365625,0.007915947,-0.11744857,0.7918144464492798,0.05,2.332313,2.51575
4844,2.1926422,0.16462079,-0.047266144,0.8147339224815369,0.027626052498817444,3.9729667,2.296068
4845,2.128526,0.20581958,-0.057811394,0.85,0.05,4.5923815,2.0918913
4846,2.294016,0.0641383,-0.11647671,0.8190949559211731,0.05,3.105555,2.5787535
4847,2.343923,0.15544349,-0.14699239,0.85,0.05,2.2038932,2.5673096
4848,2.2724981,0.093273945,-0.08926729,0.7240198254585266,0.033825043588876724,3.477549,2.7683232
4849,2.3427515,0.05105878,-0.12998858,0.85,0.02724900096654892,2.6461968,2.4482777
4850,2.313632,0.03938208,-0.013190358,0.6760063171386719,0.06956002116203308,2.5227933,2.7304745
4851,2.2820458,0.040355507,-0.1042738,0.8349049687385559,0.026041805744171143,3.2568471,2.0511897
4852,2.2696848,0.057814714,-0.1307799,0.6057795882225037,0.058823440223932266,3.4461374,2.143879
4853,2.2595038,0.0715179,-0.17085694,0.8019216656684875,0.05,4.193486,1.8582934
4854,2.3718565,0.017808937,-0.1552738,0.6831051111221313,0.050170764327049255,2.2827501,2.3277485
4855,2.3413708,0.046293095,-0.06044834,0.85,0.019325273111462593,2.3721375,2.1739004
4856,2.3288078,0.08914131,-0.21350957,0.85,0.05,2.7259629,2.8677554
4857,2.255479,0.05591517,-0.07255175,0.85,0.05,3.3061318,2.2768111
4858,2.319272,0.07977824,-0.18510877,0.85,0.033677853643894196,2.8225262,2.728041
4859,2.2721322,0.13224928,-0.2745193,0.85,0.05,4.1528015,2.0885158
4860,2.2723973,0.07626894,-0.04629661,0.839196503162384,0.05,2.6139152,2.7733083
4861,2.2846,0.07168517,-0.057168018,0.5687448978424072,0.0325213260948658,2.6381881,2.8651972
4862,2.4050453,0.046019774,-0.05817224,0.3970976173877716,0.043289996683597565,2.242562,2.3521986
4863,2.29503,0.0963032,-0.12760955,0.85,0.021689632907509804,2.962907,2.280485
4864,2.1825006,0.14675713,-0.004379737,0.85,0.05,3.7517858,2.1738508
4865,2.3009613,0.040943794,-0.15567431,0.85,0.01795678585767746,3.8291545,2.0484266
4866,2.271655,0.11640567,-0.11858384,0.85,0.05,3.3401217,2.238485
4867,2.3237932,0.09785972,-0.14584246,0.85,0.023023027926683426,2.6430466,2.4727685
4868,2.280831,0.081659734,-0.12192737,0.8273216485977173,0.0430125817656517,3.1757178,2.1310813
4869,2.3617449,0.0916066,-0.22337182,0.85,0.05,2.6355026,2.8088932
4870,2.4169824,-0.006461372,-0.22400622,0.4668436646461487,0.044036999344825745,2.5184212,2.086601
4871,2.3486786,-0.0026790204,-0.21044955,0.8179067969322205,0.04688764736056328,3.9228144,2.493128
4872,2.2944908,0.045802236,-0.25762084,0.85,0.03369126841425896,4.6124187,1.6967696
4873,2.2621727,0.082139805,-0.1202138,0.85,0.010568613186478615,3.4606102,2.127215
4874,2.4472458,0.0545126,-0.27710113,0.6185873746871948,0.024396847933530807,2.3308918,2.2158759
4875,2.2099643,0.116676524,-0.14790995,0.85,0.03044671006500721,4.672864,1.8996387
4876,2.3138473,0.05897436,-0.120455526,0.85,0.0206943117082119,2.8439116,2.414352
4877,2.2452748,0.038352244,-0.13979071,0.85,0.05,4.4818926,2.048893
4878,2.1941779,0.1183877,-0.03484266,0.8354405164718628,0.04145151376724243,3.5530283,2.5905175
4879,2.2570572,0.0769882,-0.089538865,0.8137957453727722,0.05,3.5945494,1.8373772
4880,2.2410789,0.073707335,-0.098620534,0.85,0.05,3.6079836,2.5252213
4881,2.2392159,0.06399045,-0.04685297,0.85,0.026996122673153877,3.390273,2.6000128
4882,2.2577143,0.09416355,-0.08974125,0.8436363339424133,0.02394365891814232,3.2038078,2.0893846
4883,2.4109714,0.05426319,-0.21899562,0.85,0.026785675436258316,2.4573293,2.649069
4884,2.3317797,-0.011582633,-0.010460327,0.25972115993499756,0.05,2.121764,2.8273013
4885,2.265004,0.10532271,-0.104287885,0.8357675075531006,0.023545904085040092,3.4241986,2.2869945
4886,2.3114347,0.018729148,-0.1972978,0.8223466873168945,0.05867427587509155,4.110636,2.3278227
4887,2.1872323,0.15268764,-0.1799186,0.85,0.05,5.153618,1.6207557
4888,2.1843724,0.09297454,-0.18810847,0.85,0.05,5.671539,1.6900471
4889,2.193865,0.08812989,-0.15956244,0.8218079805374146,0.002074415097013116,4.894226,1.6347617
4890,2.3565621,0.047751196,-0.1013049,0.5479527711868286,0.05400549992918968,2.3305528,2.2188113
4891,2.2104456,0.06736635,0.18948752,0.8360962271690369,0.033561401069164276,2.7224221,2.6697857
4892,2.3036585,0.13998768,-0.27921647,0.85,0.05,4.28504,2.2062716
4893,2.252365,0.062276803,-0.16537869,0.85,0.05,4.189032,2.1781647
4894,2.2020478,0.08517112,-0.05774978,0.85,0.05,4.59592,1.7737557
4895,2.258147,0.11621698,-0.09200608,0.85,0.025585580617189407,3.2731156,2.7371187
4896,2.4689686,-0.011561408,-0.068748415,0.3959496021270752,0.04536047577857971,2.1221607,2.4909725
4897,2.2259533,-0.014919069,-0.0397531,0.8247183561325073,0.046292588114738464,4.5539026,2.1798606
4898,2.1990175,0.14979026,-0.110514715,0.85,0.05,4.371686,1.7203388
4899,2.3361735,0.06654192,-0.103595115,0.7909880876541138,0.032406557351350784,2.1976268,2.3165898
4900,2.3296485,0.0069250804,-0.07205255,0.85,0.05,2.894485,2.3675854
4901,2.359955,0.113955595,-0.17929988,0.6775498986244202,0.0562601163983345,2.1919746,2.701496
4902,2.3478699,0.042305365,-0.15793096,0.1824856698513031,0.04538708180189133,2.70759,2.4120126
4903,2.186023,0.06533977,-0.011795898,0.85,0.01607915386557579,3.9626706,2.2303503
4904,2.18155,0.13325305,-0.11502417,0.85,0.05,4.2320104,2.5143936
4905,2.2623444,0.048867244,-0.10320542,0.85,0.05,3.8499346,1.9848522
4906,2.2391334,0.024999833,-0.07607493,0.8484198451042175,0.019390664994716644,4.1755085,1.9706179
4907,2.2049704,0.14229418,-0.21145208,0.8469260931015015,0.03261251747608185,4.897406,1.8718075
4908,2.1661763,0.08367025,-0.040888675,0.85,0.0011149002239108086,4.6154284,2.0117292
4909,2.3815284,0.07075271,-0.19270141,0.3097699284553528,0.03718539699912071,2.2840917,2.5784817
4910,2.2725036,0.13709176,-0.12533422,0.8262825012207031,0.05,3.3050933,2.1589756
4911,2.2781405,0.11307216,-0.18505307,0.8366772532463074,0.045709166675806046,4.045384,2.1033456
4912,2.3151972,0.08411877,-0.28603366,0.85,0.05847235023975372,4.6555443,2.4236593
4913,2.2893379,0.041747373,-0.15721568,0.8457984924316406,0.0261372122913599,3.5172658,2.074091
4914,2.1539416,0.09164567,-0.008655669,0.85,0.016655266284942627,4.7982826,1.9626899
4915,2.224421,0.09055187,-0.08064577,0.85,0.05,3.9581964,1.8889045
4916,2.2854722,0.11165863,-0.16042417,0.8319697976112366,0.024577775970101357,3.8540144,1.9221041
4917,2.1897469,0.115937464,-0.17353964,0.85,0.05,5.5510798,1.565875
4918,2.360132,0.07863456,-0.12374233,0.2942700982093811,0.05427467077970505,2.3873522,2.5685527
4919,2.2457342,0.024729928,-0.0012277024,0.85,0.05,3.3380594,2.3187368
4920,2.1503346,0.21150154,-0.19945157,0.7885947227478027,0.058709766715765,5.6775827,1.7053186
4921,2.2771692,0.056774423,-0.19927439,0.85,0.05,4.1479564,2.0108614
4922,2.2427971,0.08019804,-0.046909608,0.8346991539001465,0.035741038620471954,3.1967957,2.3679433
4923,2.3427367,0.104996,-0.22732535,0.5692612528800964,0.14848849177360535,3.0918887,2.5777497
4924,2.304763,0.06147373,-0.05471386,0.6503325700759888,0.04831099137663841,2.7553506,2.183076
4925,2.3405273,-0.022628829,-0.060990285,0.8174363970756531,0.05,3.1884952,2.6771286
4926,2.1772156,0.0749149,-0.11002868,0.85,0.05,5.0774775,1.4787416
4927,2.3567934,-0.006550794,-0.18605278,0.85,0.03417102247476578,3.7016013,2.4113135
4928,2.1853728,0.11326886,0.012011316,0.85,0.05,3.7376375,2.1769319
4929,2.2655034,0.10050496,-0.15133362,0.85,0.05,4.2673187,2.187532
4930,2.2122667,0.14561212,-0.04590767,0.8351901769638062,0.03638184070587158,3.9548995,2.1042895
4931,2.3664796,0.024137953,-0.12504935,0.8287686705589294,0.017367258667945862,2.5163593,2.2440321
4932,2.2662556,0.054201555,-0.10996917,0.85,0.016324849799275398,3.718209,1.7918545
4933,2.2424893,0.1415972,-0.12947978,0.85,0.041366055607795715,3.7003262,2.8029623
4934,2.3280594,-0.013749607,-0.047478765,0.8263744115829468,0.02250298671424389,2.9399247,2.5437722
4935,2.1673481,0.1679559,-0.1488273,0.85,0.03257756307721138,5.142065,2.5456097
4936,2.3681748,0.04112825,-0.17819937,0.85,0.017986586317420006,2.4888268,2.62258
4937,2.295721,0.1004702,-0.08656863,0.6320326328277588,0.06352122128009796,2.4457965,2.3784835
4938,2.2995622,0.09393227,-0.067251,0.7879114747047424,0.039809539914131165,2.7341497,2.2686977
4939,2.3981268,0.066633336,-0.29730156,0.8114824295043945,0.02922753058373928,3.1997058,2.3506474
4940,2.251351,0.016468521,-0.15337859,0.85,0.026876041665673256,4.456621,1.6692932
4941,2.451399,-0.04423227,-0.10458153,0.8430519104003906,0.0609055794775486,2.1670034,2.843911
4942,2.3314312,0.14996308,-0.18374902,0.7711159586906433,0.01279508788138628,2.5763037,2.376159
4943,2.2928138,0.0817544,-0.2857254,0.85,0.05,4.8291597,1.7534456
4944,2.235818,0.08552389,0.0058518667,0.8320505619049072,0.05,3.196924,2.6843405
4945,2.3896143,0.001850821,-0.12674268,0.85,0.05,2.536355,2.6539838
4946,2.2690294,0.01513884,-0.058650963,0.598551869392395,0.018061641603708267,3.654867,2.1386018
4947,2.203073,0.15482777,-0.114432305,0.8035133481025696,0.045184142887592316,4.043903,1.8624642
4948,2.1827075,0.15884562,-0.10498602,0.8255473375320435,0.049860160797834396,4.1701274,2.488877
4949,2.2424698,0.06426598,-0.18155368,0.85,0.05,4.8614407,1.7163994
4950,2.2508314,0.10931213,-0.116983816,0.5697253942489624,0.07512928545475006,3.3953102,2.8943102
4951,2.4270587,-0.021659177,-0.059731863,0.6533033847808838,0.05,2.0426986,2.6176927
4952,2.3900144,0.10509356,-0.19023305,0.8345231413841248,0.021867796778678894,2.1312168,2.7693586
4953,2.287726,0.11578779,-0.22092257,0.754492998123169,0.05,3.910493,2.5347245
4954,2.2792335,0.107611686,-0.16075937,0.814985990524292,0.0670565664768219,3.4441886,2.464412
4955,2.264273,0.14963278,-0.22567691,0.85,0.01428573951125145,4.394887,2.2897646
4956,2.367632,0.07587138,-0.08568192,0.5838515758514404,0.059951383620500565,2.1713126,2.7656007
4957,2.277014,0.07242674,0.00059513014,0.85,0.05,2.4595208,2.0286558
4958,2.3850145,0.0598732,-0.29193917,0.85,0.028863783925771713,3.311483,2.5527263
4959,2.217432,0.12053297,-0.12459714,0.85,0.05,4.1915736,2.0279272
4960,2.3077168,0.06667929,-0.08685175,0.85,0.05,2.656996,2.7116268
4961,2.2889535,0.10558127,-0.07203513,0.8381386399269104,0.023476410657167435,2.6290188,2.680557
4962,2.2930887,0.0004155208,0.013820695,0.3882388770580292,0.05,2.806524,1.9967536
4963,2.3508704,0.006020101,-0.045294307,0.4526727497577667,0.07805585861206055,2.5631719,2.821786
4964,2.2421117,0.07115074,-0.22063906,0.85,0.05,4.8756413,1.8604912
4965,2.2697408,0.17908837,-0.23064065,0.8294097185134888,0.06046038866043091,3.9661028,2.6758544
4966,2.3373103,0.16705595,-0.19388708,0.85,0.03950624167919159,2.2859051,2.4841928
4967,2.2740917,0.1591759,-0.19362313,0.8265306949615479,0.04052838310599327,3.4846056,2.809935
4968,2.4090996,-0.04772388,-0.14899388,0.7117472887039185,0.04594177007675171,2.9714491,2.497559
4969,2.1616428,0.13573758,0.027679414,0.836087703704834,0.05,3.8593516,2.0253997
4970,2.2329667,0.08690839,-0.08249359,0.6433075070381165,0.05704208090901375,3.2857573,2.1022615
4971,2.2750533,0.0830058,-0.040067848,0.44270557165145874,0.05115360766649246,2.955769,2.8035533
4972,2.2128222,0.1677133,-0.1320181,0.85,0.05056753754615784,4.5460186,2.200286
4973,2.2759707,0.09353943,-0.12872984,0.8084174394607544,0.03236868977546692,3.6923857,2.665542
4974,2.2645655,0.13095431,-0.23757753,0.85,0.05,4.788746,2.0559273
4975,2.2729106,0.10065879,-0.13659693,0.7185847163200378,0.09039752930402756,3.5779617,2.444382
4976,2.1734018,0.19068834,-0.12816332,0.85,0.02335449680685997,4.7964,2.1332333
4977,2.1972258,0.106590606,-0.06806713,0.8183177709579468,0.05,4.4585714,1.8118343
4978,2.2407095,0.06283629,-0.13889061,0.8249000906944275,0.04268691688776016,4.110772,2.1162877
4979,2.3477833,0.08703472,-0.24683705,0.3984358608722687,0.016486186534166336,3.1676621,2.4595354
4980,2.275637,0.07275903,-0.18770297,0.85,0.05,4.3580813,2.2391844
4981,2.2599516,0.07881485,-0.10113607,0.85,0.05,4.113154,2.1276746
4982,2.2996173,0.048008196,-0.006500547,0.7285924553871155,0.05305163562297821,2.5901957,2.1440744
4983,2.1739564,0.048772957,0.010542034,0.85,0.05,4.403684,1.7303687
4984,2.2837577,0.06401257,-0.061307847,0.8452132344245911,0.030591193586587906,3.0380383,2.1346157
4985,2.313294,0.040360518,-0.100949004,0.85,0.05,2.7486868,2.1469867
4986,2.314109,0.04975056,-0.0975283,0.8453707695007324,0.006337846163660288,2.619417,2.3673918
4987,2.219018,0.048815545,-0.061768632,0.85,0.05,4.167824,2.0116298
4988,2.223108,0.117003135,-0.31324714,0.85,0.008016948588192463,5.8174686,1.4561164
4989,2.346416,-0.01709704,-0.082460836,0.6403053998947144,0.07492954283952713,2.7503228,2.556748
4990,2.2331755,0.13837019,-0.17169769,0.8268821239471436,0.06213266775012016,3.94387,2.4449844
4991,2.2897756,0.13955635,-0.2254311,0.85,0.02848631702363491,3.7211938,2.4110687
4992,2.2643685,0.13353243,-0.17216307,0.8237537145614624,0.031130347400903702,4.070085,2.5522478
4993,2.410025,0.05404684,-0.23302835,0.85,0.05,2.5896635,2.3094227
4994,2.2784963,0.0737279,-0.008932815,0.8281410336494446,0.030299175530672073,2.3342614,2.5042837
4995,2.3400986,0.061241668,-0.110529274,0.23376886546611786,0.013069896958768368,2.2789564,2.3881328
4996,2.2621298,0.124997474,-0.0683466,0.8340082168579102,0.04281678423285484,3.0076084,2.4348967
4997,2.3518844,0.062155064,-0.20715867,0.8366532325744629,0.02574232779443264,3.146903,2.2511206
4998,2.3345068,0.14196418,-0.32899037,0.85,0.04670111462473869,3.9983518,2.8709917
4999,2.3954742,0.014041661,-0.11599764,0.5037757158279419,0.06389828026294708,2.1633708,2.7244084
5000,2.267439,0.06039227,-0.22161356,0.85,0.02170722745358944,4.2529936,1.8957433
5001,2.265797,0.0949095,-0.15076351,0.8130523562431335,0.05939527973532677,3.7224126,2.3468907
5002,2.2182007,0.10816142,-0.10303265,0.85,0.05,4.207816,1.9806182
5003,2.188558,0.12505248,-0.040415935,0.85,0.05,4.0879655,2.1325805
5004,2.247186,0.09841361,-0.10244552,0.85,0.05,3.6548433,1.7915161
5005,2.3061123,0.12143322,-0.12363374,0.8357092142105103,0.05,2.4396212,2.6916246
5006,2.3109689,0.06847376,-0.121375084,0.85,0.05,2.9750354,2.0983639
5007,2.21434,0.12873212,-0.116570644,0.85,0.018567245453596115,4.373733,2.4507923
5008,2.2364912,0.1145399,-0.11889117,0.85,0.05,3.87372,2.1571438
5009,2.208218,0.100145586,-0.13073312,0.847886860370636,0.012320330366492271,4.4995427,1.8710945
5010,2.2679949,0.021825366,-0.022529352,0.85,0.042141392827034,3.12516,2.866267
5011,2.244069,0.10909602,-0.2396332,0.85,0.027592694386839867,4.9264226,1.9122231
5012,2.2822978,0.037237942,-0.0808267,0.7315781116485596,0.01757565326988697,3.3694012,2.0873644
5013,2.249687,0.07077549,-0.073649354,0.85,0.02940254472196102,3.946168,2.2128
5014,2.3147051,0.07624343,-0.052778523,0.7974802255630493,0.033981624990701675,2.4652154,2.7018168
5015,2.3972383,0.01393284,-0.013323235,0.42134732007980347,0.11515800654888153,2.0785856,2.1372392
5016,2.2189775,0.103496514,-0.029818537,0.85,0.05,3.6681914,2.2171094
5017,2.239977,0.08944495,-0.120272726,0.8275343775749207,0.05,4.142909,1.8184776
5018,2.2753935,0.08841767,-0.06420271,0.85,0.02870115451514721,2.5204968,2.6841903
5019,2.326947,0.06455772,-0.14444442,0.85,0.043566636741161346,3.0128763,2.5062017
5020,2.2154098,0.059395056,0.03432472,0.8265219330787659,0.05,3.819585,2.1564715
5021,2.210195,0.08161578,-0.107587494,0.8238693475723267,0.01728488691151142,4.237727,1.7235448
5022,2.297578,0.04493537,-0.032184705,0.8089131712913513,0.03489871323108673,2.7678962,2.282111
5023,2.296842,0.057535324,0.063606635,0.5774140357971191,0.03334225341677666,2.1923168,2.7627788
5024,2.3289967,0.021462725,-0.15439484,0.7948358058929443,0.03642676770687103,2.7600255,2.3316019
5025,2.1434398,0.060988802,-0.0075408467,0.849042534828186,0.05,5.481825,1.5099226
5026,2.2729998,0.07511826,-0.19926625,0.8397949934005737,0.004678042605519295,4.063858,2.0313623
5027,2.3703492,0.0835038,-0.027803585,0.4804721474647522,0.04457513242959976,2.0317562,2.566051
5028,2.2240603,0.10908104,-0.08330884,0.6800527572631836,0.014751419425010681,4.0552807,1.8039458
5029,2.2814202,0.06494246,-0.2524056,0.8427774310112,0.03474517911672592,4.626371,1.8969736
5030,2.3320675,0.051056772,-0.1182134,0.85,0.05,2.7084205,2.6904767
5031,2.2744112,0.115096875,-0.10603529,0.8248602151870728,0.03720942139625549,3.2386217,2.4375694
5032,2.2744846,0.060348485,-0.050398286,0.85,0.05,2.981797,2.3653398
5033,2.312662,0.04195725,-0.10120741,0.8036173582077026,0.02251046895980835,2.656676,2.2795317
5034,2.3482552,0.12881559,-0.32586712,0.85,0.03114943951368332,3.9504776,2.7419608
5035,2.3302858,0.048392158,-0.105795,0.85,0.042676493525505066,2.830692,2.8426445
5036,2.2711642,0.03271482,-0.113762334,0.85,0.05,4.007417,2.0679257
5037,2.2860444,0.08138596,-0.093532376,0.8104985356330872,0.012954361736774445,2.665207,2.403071
5038,2.2386587,0.08610963,0.032236412,0.85,0.05,2.926822,2.2610972
5039,2.2589536,0.028772041,-0.05761754,0.8273448348045349,0.05,3.9245253,2.1817482
5040,2.2389395,0.05874497,-0.05757648,0.7959965467453003,0.05,3.720049,2.280443
5041,2.2544022,0.09208261,0.026275404,0.779944658279419,0.05,2.2505567,2.5001738
5042,2.2762764,0.09394217,-0.12070956,0.85,0.026861710473895073,3.4074109,2.149675
5043,2.2624273,0.0650854,-0.08805487,0.6524530053138733,0.05,3.2652683,1.823533
5044,2.2327244,0.0496608,-0.06501919,0.8206959962844849,0.03194458410143852,3.4561408,1.8899485
5045,2.3186533,0.08556062,-0.23185426,0.85,0.05,3.4833813,2.5327435
5046,2.2214952,0.04469347,-0.0536117,0.85,0.05,4.3820014,2.0635676
5047,2.4134014,0.07976352,-0.28377408,0.85,0.056155286729335785,2.6299014,2.1141565
5048,2.267374,0.06505649,-0.11967566,0.85,0.0299406535923481,3.7752924,2.2813327
5049,2.4114075,-0.022298995,-0.07894724,0.6679770946502686,0.03342672437429428,2.370566,2.3574545
5050,2.307075,0.085584305,-0.06495873,0.85,0.05,2.5113173,2.8372068
5051,2.32602,0.036393672,-0.26093248,0.6236250996589661,0.04678093269467354,4.576854,2.4809945
5052,2.210366,0.11047458,-0.15951587,0.85,0.05,4.583549,1.7256981
5053,2.329755,0.07662108,-0.1486892,0.806144118309021,0.018906215205788612,2.6871681,2.5386107
5054,2.2550392,0.03602558,-0.15065184,0.8433372378349304,0.03578028082847595,4.588387,2.0178838
5055,2.2473872,0.057368927,-0.010972769,0.85,0.05,3.2147434,2.111717
5056,2.2883291,0.05849632,-0.26335412,0.85,0.032032959163188934,4.8615417,2.1123543
5057,2.2404854,0.11328055,-0.12353964,0.8226760029792786,0.025720251724123955,3.5140238,2.048008
5058,2.2160587,0.15278922,-0.040843494,0.8356525897979736,0.05,3.3487744,2.5312717
5059,2.2425764,0.18680096,-0.20464762,0.85,0.022156428545713425,4.1320834,2.3348453
5060,2.2313404,0.07455953,-0.006475403,0.6395779848098755,0.0161287821829319,3.658001,2.1714807
5061,2.282764,0.018520113,-0.061459262,0.8147783279418945,0.00994670856744051,3.0937378,2.378827
5062,2.36547,0.060526047,-0.2612153,0.8364680409431458,0.04702898487448692,3.4085026,2.240074
5063,2.2372482,0.047971863,-0.06869913,0.8028396964073181,0.05,3.9144213,1.7962834
5064,2.3329124,0.11635426,-0.19932702,0.85,0.057108283042907715,2.7322688,2.8807812
5065,2.2786307,0.07376982,-0.12684335,0.7407875657081604,0.049788448959589005,3.7682211,2.2964666
5066,2.3298023,0.042026002,-0.0062347497,0.5986956357955933,0.05269518867135048,2.076129,2.4592824
5067,2.169736,0.14167789,-0.14205073,0.7394363880157471,0.03463547304272652,5.294645,1.7489878
5068,2.310826,0.091059975,-0.18045487,0.8365647792816162,0.02845986746251583,3.1669328,2.5030622
5069,2.192049,0.07533029,-0.0077167843,0.85,0.004693726543337107,3.958102,2.105851
5070,2.2670662,0.09841511,-0.203428,0.44563594460487366,0.024076197296380997,3.8571286,1.7042937
5071,2.2309148,0.10488804,-0.108142644,0.6039109230041504,0.05774965509772301,4.126374,2.564992
5072,2.2658954,0.12930655,-0.08364799,0.85,0.04185531660914421,2.988863,2.8814607
5073,2.1936862,0.1440908,-0.10577945,0.8170576095581055,0.05,4.530152,2.23285
5074,2.2583008,0.076908715,-0.24286509,0.85,0.019936176016926765,4.755655,1.9829375
5075,2.173199,0.13771136,-0.19051066,0.85,0.05,5.7885814,1.5034952
5076,2.2408025,0.10444742,0.0062204655,0.643467366695404,0.018982788547873497,3.035258,2.2456899
5077,2.188059,0.13952678,-0.055215955,0.85,0.05,4.045755,1.9944255
5078,2.1356363,0.17764416,-0.1127884,0.85,0.05,5.2200174,1.679367
5079,2.230411,0.1087774,-0.15788363,0.85,0.007770721800625324,4.4403787,2.145365
5080,2.4009428,0.043131817,-0.108278744,0.6847091913223267,0.05,2.1758897,2.7542822
5081,2.2494001,0.10649253,-0.03191913,0.85,0.05,3.0913348,2.5392482
5082,2.3488219,0.07723934,-0.22596781,0.85,0.05,2.6692085,2.192162
5083,2.2949362,0.024611168,-0.055906724,0.85,0.05,3.0805619,2.7647302
5084,2.2035613,0.100832775,-0.12559406,0.6902228593826294,0.04256543889641762,4.5948124,1.9020364
5085,2.1917076,0.100009084,-0.03897513,0.8229851722717285,0.018171781674027443,4.357621,1.9701686
5086,2.216521,0.12920335,-0.08015052,0.85,0.05,3.960521,2.082503
5087,2.1621182,0.11876541,-0.11510874,0.85,0.05,5.3581038,1.5567362
5088,2.278373,0.050522912,-0.16115241,0.8250436186790466,0.04939757287502289,4.5731344,1.9034216
5089,2.25087,0.084314466,-0.12359817,0.8356257081031799,0.046523187309503555,4.2404075,2.140034
5090,2.279749,0.09133326,-0.111122526,0.85,0.05,3.3926017,2.4475799
5091,2.2513545,0.08907172,-0.05283203,0.8278058767318726,0.05,2.781675,2.3737092
5092,2.2240539,0.16213214,-0.07750361,0.85,0.04494612663984299,3.6027102,2.2146869
5093,2.2793717,0.09453157,-0.2365456,0.85,0.019526029005646706,4.5890822,2.060065
5094,2.1926937,0.11510832,-0.22071123,0.85,0.05,5.0854416,1.3994755
5095,2.2282004,0.042742014,-0.13826592,0.7671641707420349,0.031133655458688736,5.3220053,1.8872429
5096,2.2394657,0.02188609,-0.09293459,0.8416550755500793,0.05,4.4910555,2.3099654
5097,2.2519586,0.07211956,-0.1061675,0.85,0.05,3.1779754,2.326601
5098,2.2361705,0.10250215,-0.20181367,0.85,0.05,4.8432107,1.9077446
5099,2.24807,0.04560161,-0.06250466,0.6853034496307373,0.05,4.1082983,2.230289
5100,2.3511884,0.015968801,-0.20595181,0.6644281148910522,0.05,3.1842303,2.282227
5101,2.3270814,0.04569856,-0.09202026,0.8293991088867188,0.026443662121891975,2.5343268,2.4113142
5102,2.3417692,0.08134821,-0.11369175,0.6794334053993225,0.024108322337269783,2.272164,2.3988743
5103,2.3779,0.036924012,-0.12428177,0.85,0.04317912831902504,2.4375262,2.848718
5104,2.2629209,0.0636434,-0.17429738,0.8379349708557129,0.022028537467122078,4.4537067,1.7382464
5105,2.2285178,0.11876658,-0.023997048,0.5654572248458862,0.03890153020620346,3.236696,2.3743858
5106,2.2345278,0.07765751,-0.011548768,0.85,0.03305400162935257,3.4013324,2.4186091
5107,2.1718404,0.10174294,-0.02983749,0.6662912368774414,0.05,4.525747,1.6423601
5108,2.2851858,0.05085193,-0.09768034,0.8107568025588989,0.00955903995782137,3.2455173,2.211664
5109,2.2378967,0.13583604,-0.09404696,0.8096327781677246,0.0616438090801239,3.592699,2.5844884
5110,2.1942444,0.16591847,-0.19519937,0.85,0.05,4.5593286,1.8946819
5111,2.271729,0.0800855,-0.03431577,0.85,0.03568170964717865,2.6372967,2.753898
5112,2.2386358,0.10243487,-0.14177217,0.8400344848632812,0.05,4.475584,2.0565722
5113,2.2919543,0.11690837,-0.2916388,0.8120157122612,0.04520972818136215,4.75361,1.8686885
5114,2.310916,0.033103477,-0.038654253,0.85,0.02871766872704029,2.6649415,2.7108488
5115,2.319311,0.12505259,-0.18289438,0.85,0.05039937421679497,3.0138,2.7996736
5116,2.355981,0.12173646,-0.46575704,0.85,0.012418177910149097,5.0159197,1.6474855
5117,2.3246531,0.0772779,-0.09065245,0.85,0.05,2.4833822,2.4992783
5118,2.1972463,0.06930394,-0.042757012,0.85,0.05,4.4948425,2.0146856
5119,2.3126495,0.07667495,-0.10466334,0.85,0.023088492453098297,2.835145,2.1527781
5120,2.2086453,0.13654119,-0.16345206,0.8143960237503052,0.05,4.9779434,1.8852184
5121,2.2812412,0.07335889,-0.04082,0.8221816420555115,0.05,2.7847438,2.3799858
5122,2.4016178,0.0025256972,-0.08742094,0.85,0.0449533574283123,2.2610235,2.2889085
5123,2.1988308,0.08427538,-0.1956126,0.8016692996025085,0.05,4.942466,1.6910607
5124,2.3748229,0.007163677,-0.09849576,0.8326312303543091,0.036417245864868164,2.781857,2.1440706
5125,2.2536674,0.1061402,-0.03845899,0.8252307176589966,0.05,2.8707945,2.589838
5126,2.238736,0.10232573,-0.16128442,0.85,0.05,5.010608,2.097405
5127,2.2639685,0.1340978,-0.1595991,0.8298897743225098,0.014731540344655514,3.3741603,2.4760113
5128,2.262084,0.08027433,-0.07387728,0.5804727673530579,0.045745790004730225,3.129532,2.8161116
5129,2.234251,0.11834304,-0.0033165782,0.85,0.05,2.8195672,2.1239262
5130,2.2666647,0.10054614,-0.24361187,0.835961639881134,0.05,4.520832,1.7969946
5131,2.177405,0.11017959,-0.061141785,0.8298534154891968,0.004729439504444599,4.01117,1.6789268
5132,2.2575939,0.09818989,-0.065879904,0.85,0.020746968686580658,3.2114806,2.3769138
5133,2.2460833,0.046359424,0.013395118,0.85,0.03265596926212311,3.2917345,2.520357
5134,2.3175437,0.057662915,-0.23298752,0.832862913608551,0.05,3.9462223,2.137151
5135,2.3738794,0.024156148,-0.1297953,0.85,0.037331629544496536,2.6332126,2.5494301
5136,2.2657351,0.16307671,-0.30461565,0.85,0.05,4.7795157,1.9100845
5137,2.3438463,0.11891383,-0.22538665,0.6812930107116699,0.012572426348924637,2.7928672,2.5645912
5138,2.263362,0.1400632,-0.17892942,0.85,0.028780052438378334,3.8439918,2.3803258
5139,2.2922926,0.09637319,-0.28287512,0.85,0.027846887707710266,4.6539655,2.1553357
5140,2.2490292,0.12111759,-0.07625909,0.7970030903816223,0.028151068836450577,3.142796,2.4150352
5141,2.3416374,-0.0076241256,-0.103407554,0.8361746072769165,0.05,2.6424384,2.5588648
5142,2.3677,0.07319242,-0.16839273,0.85,0.010605156421661377,2.2080257,2.6281722
5143,2.3015785,0.10825581,-0.1579192,0.6440756916999817,0.0706234946846962,3.1250424,2.6863506
5144,2.1956325,0.09462558,-0.172159,0.8418101072311401,0.009841294027864933,4.938366,1.6636851
5145,2.2408624,0.028280905,0.010713157,0.85,0.05,3.3656194,2.4861112
5146,2.2677758,0.09552962,-0.13162684,0.85,0.05,3.8876925,2.1214628
5147,2.2645378,0.09271422,-0.18963197,0.85,0.05,4.517922,1.8177629
5148,2.3907015,-0.0054123932,-0.028393552,0.3354201018810272,0.05,2.0320563,2.585866
5149,2.2439601,0.103326775,-0.03705503,0.85,0.0013999034417793155,3.4535134,2.2348764
5150,2.2514536,0.06247443,0.026992517,0.85,0.05,2.9034665,2.88561
5151,2.2850437,0.15266946,-0.27455345,0.8141166567802429,0.04602224379777908,4.5119195,2.6283529
5152,2.239048,0.07403141,-0.15792368,0.8066967725753784,0.05,4.669633,1.6247984
5153,2.2537777,0.09003559,-0.02929956,0.85,0.05,2.559246,2.4750876
5154,2.1963322,0.12164045,-0.021540655,0.5627380609512329,0.05,3.5086331,2.5081193
5155,2.4001799,0.123302236,-0.36839104,0.85,0.033715493977069855,3.3539653,2.2944808
5156,2.2321265,0.08234931,-0.11658115,0.85,0.05,3.9736874,2.0749826
5157,2.2402916,0.11061901,-0.06959623,0.85,0.02030627802014351,3.122381,2.172214
5158,2.2675138,0.07795182,-0.10402819,0.7823063731193542,0.06534210592508316,3.5289657,2.7342765
5159,2.285302,0.0725579,-0.14991866,0.85,0.03247246891260147,3.7725785,1.9780464
5160,2.3041048,0.033533353,-0.103179485,0.8352254033088684,0.05,2.776093,2.4694607
5161,2.3356237,0.075257815,-0.039926585,0.8425592184066772,0.04273568093776703,2.1832886,2.623623
5162,2.2473166,0.07784615,-0.2156759,0.847173810005188,0.026325562968850136,4.7034,2.0674393
5163,2.245757,0.056724936,-0.24618115,0.85,0.029210686683654785,5.341517,1.7069452
5164,2.289202,0.021999905,-0.15486775,0.8440164923667908,0.011310592293739319,3.2332852,2.1104598
5165,2.2241893,0.11260579,-0.063501045,0.8282058835029602,0.02798292599618435,3.3381214,2.6457398
5166,2.3778417,0.051836114,-0.08993449,0.18033209443092346,0.0451098307967186,2.2908516,2.6080887
5167,2.293404,0.029392175,-0.08889514,0.85,0.05,3.563222,2.3554306
5168,2.1962185,0.045808613,0.0062288996,0.8109279274940491,0.029500257223844528,3.454085,1.7925932
5169,2.272172,0.051096126,-0.13847864,0.8447992205619812,0.0056679085828363895,3.757454,2.135722
5170,2.2726989,0.026718559,-0.0037930307,0.6061654686927795,0.009385449811816216,2.543126,2.302945
5171,2.3048995,0.07343195,-0.24626103,0.7469372153282166,0.05,4.5367875,2.1480424
5172,2.2968504,0.11293215,-0.021826267,0.85,0.03396865352988243,2.21037,2.4228792
5173,2.3642426,0.03447237,-0.054331474,0.3662654757499695,0.04386691004037857,2.327436,2.6313927
5174,2.2852385,0.13845542,-0.10108527,0.8134452700614929,0.012910544872283936,2.4092479,2.5483847
5175,2.3169577,0.08806133,-0.2936443,0.8188135027885437,0.05229897424578667,4.731894,2.09931
5176,2.3325806,0.079724915,-0.22730425,0.85,0.05,3.3656228,2.1061132
5177,2.253717,0.05835844,-0.0806674,0.85,0.03296499326825142,3.7742493,2.146959
5178,2.3660471,-0.04624849,-0.13877606,0.85,0.05,3.0831463,2.4435163
5179,2.333894,0.025202535,-0.10961044,0.7129840850830078,0.029002999886870384,2.5070367,2.3581104
5180,2.2700524,0.04515571,-0.07548922,0.85,0.05,3.5903623,2.320919
5181,2.2387993,0.08991076,-0.09446294,0.8258241415023804,0.05,4.103996,2.7136204
5182,2.2910752,0.028485622,-0.17996515,0.85,0.05,4.10778,1.928126
5183,2.2950242,0.049958177,-0.005611509,0.35641738772392273,0.017655011266469955,2.7626421,2.2449741
5184,2.3369925,0.16157627,-0.16822025,0.85,0.04234495013952255,2.740914,2.7308924
5185,2.3907619,0.081856765,-0.116978265,0.732869029045105,0.06321816146373749,2.0767293,2.6309078
5186,2.324938,0.055103723,-0.10581385,0.85,0.023607609793543816,2.626405,2.4115188
5187,2.2972322,0.043234058,-0.10838035,0.85,0.05,3.3588722,2.2129354
5188,2.2915149,0.110482015,-0.13575158,0.85,0.05,3.078684,2.5788984
5189,2.2961445,0.07326452,-0.17076248,0.85,0.040934834629297256,3.5185733,2.917563
5190,2.3694916,0.06387674,-0.25367075,0.85,0.05,2.6764739,2.613039
5191,2.256812,0.0866213,-0.011461918,0.17302608489990234,0.22366078197956085,3.850879,2.838827
5192,2.328706,0.012276192,-0.102357544,0.85,0.05,2.8809714,2.5772111
5193,2.3272464,0.090130724,-0.17085859,0.85,0.01086489763110876,2.6780012,2.5005727
5194,2.2419162,0.12734975,-0.23039307,0.8272319436073303,0.05,4.648596,2.1196449
5195,2.162254,0.09236142,-0.01529029,0.8299952745437622,0.05,4.5852103,1.9311552
5196,2.2299666,0.050586767,-0.10710697,0.85,0.030033929273486137,4.582255,1.7617503
5197,2.2192662,0.14579086,-0.07382958,0.85,0.05,3.2027485,2.8960764
5198,2.1925242,0.16665907,-0.110546626,0.7219321727752686,0.022928839549422264,4.005947,2.475754
5199,2.32735,0.09331007,-0.06775914,0.7823241949081421,0.0517154224216938,2.2715528,2.829025
5200,2.2822418,0.073182024,-0.06911734,0.8231192231178284,0.03803450986742973,3.098443,2.223082
5201,2.27121,0.08558256,-0.11827311,0.8437326550483704,0.019787181168794632,3.1508255,2.1271584
5202,2.2598777,0.13806686,-0.29135385,0.85,0.03159569948911667,5.0644107,1.9907525
5203,2.2561622,0.08860469,-0.06580868,0.85,0.05,3.2751806,2.7458224
5204,2.1943016,0.1592102,-0.25632158,0.85,0.05,5.7032857,1.5449795
5205,2.2933607,0.100710735,-0.12925799,0.85,0.030295582488179207,2.7816312,2.7159913
5206,2.2873962,0.07356688,-0.075181514,0.85,0.01965221017599106,2.6966836,2.8413515
5207,2.3173492,0.0693626,-0.23092191,0.8066447973251343,0.02437344752252102,4.0369415,2.2300148
5208,2.3123543,0.07636317,-0.15005973,0.85,0.05,2.8929636,2.3792078
5209,2.2434056,0.02805914,-0.06440119,0.8189191818237305,0.04474668204784393,3.8671503,2.025475
5210,2.3284013,0.025788963,-0.14967558,0.85,0.011871064081788063,3.076517,2.1234505
5211,2.2663074,0.098503806,-0.09036575,0.85,0.05,3.182892,2.2965062
5212,2.311479,0.06888688,-0.087724775,0.5275188684463501,0.044381119310855865,2.652375,2.3567038
5213,2.2498865,0.1267529,-0.043651983,0.8201195001602173,0.056925758719444275,3.013131,2.163161
5214,2.3361132,0.04500932,-0.14462207,0.85,0.05,2.71174,2.260743
5215,2.2546954,0.05673881,-0.122803904,0.8108470439910889,0.05,4.095117,2.1556094
5216,2.2296355,0.105628036,-0.030570026,0.8415225148200989,0.05,3.9472892,2.2233574
5217,2.3255,-0.007178028,-0.04323967,0.6355730891227722,0.05,2.466127,1.9043102
5218,2.2866778,0.06695592,-0.070757896,0.85,0.045378949493169785,2.7958975,2.7610326
5219,2.3051848,0.006192281,-0.016706804,0.85,0.028323665261268616,2.7114453,2.6341538
5220,2.2753775,0.078626804,-0.074013434,0.85,0.05,3.2181778,2.2789466
5221,2.3363268,0.17383122,-0.1829088,0.7117717862129211,0.046049460768699646,2.3436534,2.8194432
5222,2.3433638,0.10014162,-0.1386464,0.840429425239563,0.03247341513633728,2.3042953,2.5720665
5223,2.2776427,0.078728355,-0.03632881,0.4429946839809418,0.05,2.4984987,2.5065284
5224,2.2881966,0.10219008,-0.052757546,0.8453345894813538,0.05,2.6020489,2.7125962
5225,2.3128114,0.03506895,0.054158647,0.7689985036849976,0.049086399376392365,2.5765998,2.2736354
5226,2.228019,0.11507855,-0.1767288,0.85,0.05,4.8351703,2.0171642
5227,2.2494812,0.1215541,-0.051950194,0.843446671962738,0.06575988233089447,3.0685885,2.7658315
5228,2.188454,0.16699296,-0.17047748,0.5647300481796265,0.06357172876596451,4.3050666,1.6991875
5229,2.2712061,0.12514913,-0.098708354,0.85,0.05,2.7680664,2.4672332
5230,2.2673082,0.060886614,-0.17961833,0.8204528093338013,0.05,4.4728093,1.8585732
5231,2.2579362,0.02666609,-0.14279889,0.85,0.05,4.2922626,1.7595258
5232,2.291913,0.032663494,-0.041036375,0.7217960953712463,0.057111844420433044,3.2011704,2.2999325
5233,2.4291325,-0.015793959,-0.093448445,0.39209413528442383,0.06401266902685165,2.0323277,2.665327
5234,2.2827861,0.06306602,-0.0103705,0.85,0.05,2.5102735,2.3737216
5235,2.235106,0.05228966,-0.10044464,0.85,0.05,4.194839,1.7401621
5236,2.2828214,0.121805,-0.19617066,0.8072572946548462,0.02864668518304825,3.9791625,2.6837862
5237,2.3367836,0.05637442,-0.096458204,0.85,0.05,2.572609,2.5830836
5238,2.2606616,0.09329129,-0.1726286,0.85,0.05,4.72492,1.8681858
5239,2.2294497,0.120449886,-0.14073628,0.85,0.029868755489587784,4.4650893,2.2005022
5240,2.2692513,0.07816829,-0.12795596,0.8453807234764099,0.02593947760760784,3.625939,2.2154229
5241,2.2403488,0.122171,-0.27063322,0.85,0.01170131005346775,5.0160375,1.4928685
5242,2.2804577,0.093429066,-0.16972433,0.8004465699195862,0.034065477550029755,3.7104173,2.1675565
5243,2.3004408,0.12855107,-0.20250587,0.6873654127120972,0.058544594794511795,3.50178,2.44135
5244,2.2531095,0.0752788,0.0074566863,0.85,0.04541226476430893,2.8468266,2.7696548
5245,2.2410767,0.23390427,-0.22162083,0.85,0.03976047784090042,4.1039248,2.6863642
5246,2.2233787,0.1897311,-0.06727896,0.8257261514663696,0.049048058688640594,3.0875366,2.3051143
5247,2.402763,0.10911096,-0.13573116,0.7449187636375427,0.033337194472551346,2.1694887,2.32493
5248,2.3444777,0.07460008,-0.19875103,0.8265188932418823,0.05,3.0694609,2.3346956
5249,2.2745516,0.101453535,-0.16490337,0.85,0.011169472709298134,4.029906,1.9457192
5250,2.1551206,0.08518441,-0.12338846,0.85,0.036294594407081604,5.3650937,1.9164239
5251,2.2580874,0.11865507,-0.18599798,0.85,0.03207160159945488,4.211624,2.7299867
5252,2.306614,0.03746159,-0.11821437,0.85,0.018652042374014854,3.3896098,2.5731387
5253,2.4455454,0.0107448,-0.06338252,0.7734877467155457,0.0580536313354969,2.0237393,2.213793
5254,2.1815145,0.16834484,-0.20858766,0.85,0.05,5.079142,1.6603582
5255,2.2825797,0.10974269,-0.23397215,0.85,0.005305702332407236,4.434429,2.0930743
5256,2.1840346,0.11258379,-0.07185245,0.6332352757453918,0.024593323469161987,4.077224,1.737008
5257,2.359805,0.05274252,0.015755123,0.8214511871337891,0.09675770998001099,2.4413354,2.1929743
5258,2.2628958,0.12104367,-0.17073867,0.85,0.02260608971118927,4.0058975,1.9001878
5259,2.2167914,0.07917487,-0.16393676,0.85,0.05,4.7993755,1.4297606
5260,2.3368015,0.09956217,-0.1868407,0.411598265171051,0.08615433424711227,2.8400578,2.4117074
5261,2.326832,-0.031907536,-0.052061427,0.85,0.015706675127148628,2.6088977,2.7139935
5262,2.3341734,0.05900042,-0.08380802,0.8303789496421814,0.021047318354249,2.566419,2.248357
5263,2.353572,0.046130374,-0.18785769,0.85,0.05,2.806405,2.4850473
5264,2.3147786,0.016109806,-0.114082694,0.85,0.05,3.117276,2.3871
5265,2.363154,0.07488423,-0.10568277,0.8457954525947571,0.027908986434340477,2.124051,2.6331336
5266,2.3058114,0.048451245,-0.08168252,0.8363533616065979,0.03936712443828583,2.7882655,2.3877454
5267,2.331052,0.062064633,-0.16311304,0.85,0.025728698819875717,3.1348226,2.4456444
5268,2.184919,0.06140071,-0.103294805,0.8252450227737427,0.032316677272319794,5.17491,1.8694371
5269,2.2612774,0.11314591,-0.13084595,0.85,0.03641366586089134,3.5143416,2.6268148
5270,2.3098392,0.074563585,-0.1186472,0.8435645699501038,0.029907647520303726,2.54846,2.6274142
5271,2.2572172,0.119338565,-0.2539,0.8356126546859741,0.038939956575632095,4.3422084,1.9394274
5272,2.242031,0.13545783,-0.1099034,0.85,0.02631252072751522,3.384428,2.338161
5273,2.1989682,0.117734894,-0.132089,0.85,0.05,4.745766,1.7636825
5274,2.2312126,0.0757476,-0.11661272,0.8438259959220886,0.05,3.9812853,1.5900278
5275,2.2786586,-0.019006073,0.03602713,0.6141991019248962,0.043142590671777725,3.004467,2.502058
5276,2.3017266,0.11755351,-0.09170606,0.85,0.05,2.1780994,2.6606503
5277,2.285327,0.024150135,-0.031084854,0.8341309428215027,0.04841527342796326,3.25536,2.6087642
5278,2.388665,0.056719217,-0.14885904,0.6655333042144775,0.05053460970520973,2.1593556,2.6667857
5279,2.3282754,0.07434625,-0.24954477,0.85,0.03213830292224884,3.9424927,2.4847248
5280,2.3029711,-0.026853949,-0.063339435,0.8428009748458862,0.05,3.2352371,2.2383301
5281,2.3700619,0.07773922,-0.23703201,0.85,0.018359774723649025,2.9957073,2.3461637
5282,2.257337,0.028503953,-0.07661653,0.85,0.05,3.588593,2.1110609
5283,2.2878995,0.00825677,-0.08105601,0.85,0.05,3.3461268,2.03406
5284,2.3143346,0.026446909,-0.14800292,0.8496385216712952,0.03799048438668251,2.9984026,2.5961616
5285,2.2134051,0.11014901,-0.086875536,0.6491001844406128,0.03372959420084953,3.732574,2.087191
5286,2.4168322,0.012533388,-0.0739568,0.6741126775741577,0.06600112468004227,2.0358264,2.5977907
5287,2.274974,0.05054471,-0.06733914,0.8256385326385498,0.06456734240055084,3.7936056,2.7711911
5288,2.2925081,0.1496765,-0.11873798,0.85,0.04402939975261688,2.388846,2.7129593
5289,2.2118354,0.1573738,-0.112246215,0.85,0.05,4.6467786,1.9289865
5290,2.3774827,0.1437313,-0.14514904,0.8100022673606873,0.06380783021450043,2.086327,2.8511524
5291,2.2429605,0.019351281,-0.10534975,0.85,0.0022238532546907663,4.649251,2.0380902
5292,2.3179932,0.049792018,-0.10370625,0.7613695859909058,0.039723411202430725,2.6149278,2.103106
5293,2.304679,0.051348567,-0.048892505,0.85,0.02849249541759491,2.4259188,2.4853294
5294,2.2660272,0.034493327,-0.09507427,0.8371666669845581,0.010161624290049076,3.9076548,1.8316163
5295,2.2878408,0.077591814,-0.09157434,0.6629035472869873,0.050742216408252716,2.8025818,2.6084802
5296,2.3223355,0.08587833,-0.15889905,0.85,0.037773314863443375,2.9057295,2.1633003
5297,2.2705493,0.07992627,-0.19065648,0.85,0.05,4.035965,2.147995
5298,2.2526226,0.110779956,0.012135422,0.47118303179740906,0.05,2.1241322,2.6981723
5299,2.255732,0.039281268,-0.13771786,0.8367668390274048,0.04553709551692009,4.4929714,1.8555464
5300,2.299141,0.108038865,-0.17788565,0.85,0.037284038960933685,3.01277,2.6206703
5301,2.4712894,0.055715237,-0.19626361,0.85,0.05,2.0708473,2.462632
5302,2.3799846,0.07503986,-0.15500958,0.8190394639968872,0.06257785856723785,2.082078,2.8190339
5303,2.371579,0.046220805,-0.1996195,0.7848146557807922,0.05,2.4830642,2.6456327
5304,2.3201294,0.09796829,-0.18773375,0.85,0.042342785745859146,3.0531125,2.4783657
5305,2.2494996,0.10540959,-0.055212352,0.8497949838638306,0.0004095432232134044,3.062583,2.068004
5306,2.264255,0.1192899,-0.21483096,0.85,0.05,4.794944,1.8837991
5307,2.2561045,0.034729496,-0.041516278,0.85,0.021147850900888443,3.4862006,2.493544
5308,2.220792,0.10961284,-0.078444384,0.85,0.025077687576413155,3.9933395,1.9730932
5309,2.3536673,0.029356992,-0.0868587,0.8370717763900757,0.04988398402929306,2.6871352,2.5051072
5310,2.2633169,0.102727704,-0.1829505,0.85,0.03540388122200966,4.523886,2.0769012
5311,2.2465653,0.0918614,-0.14604221,0.85,0.039609894156455994,4.296996,2.8405046
5312,2.402423,0.016763357,-0.16370025,0.7991927862167358,0.019593261182308197,2.4685264,2.4126534
5313,2.2308707,0.066334754,-0.10986726,0.85,0.00606693048030138,4.560771,2.0158877
5314,2.3244529,0.08654777,-0.12164265,0.6764490604400635,0.03378267213702202,2.627602,2.4692097
5315,2.2776535,0.057210624,-0.05623693,0.85,0.05,3.3830397,2.2118592
5316,2.2014716,0.088697925,-0.09499489,0.85,0.05,4.506668,1.8292426
5317,2.1209435,0.117388114,0.008765156,0.8193265199661255,0.02849125675857067,4.884852,1.4513083
5318,2.31366,0.06694331,-0.1418618,0.8168050050735474,0.0436905212700367,3.0797896,2.1281452
5319,2.2439773,0.10122353,-0.08547007,0.85,0.04282481595873833,3.3886871,2.5480046
5320,2.1531682,0.15365955,-0.12258883,0.8055574297904968,0.054832033812999725,4.93787,1.660046
5321,2.3123767,0.076905586,-0.06359023,0.8018109798431396,0.05633794143795967,2.4230623,2.5084302
5322,2.3028066,0.01945957,0.033485513,0.7937831878662109,0.033640116453170776,2.4818945,2.3806834
5323,2.399288,0.012464999,-0.047658734,0.8482361435890198,0.050332728773355484,2.0151892,2.6514986
5324,2.3787053,0.03522519,-0.16006923,0.8047457933425903,0.03273714333772659,2.3904386,2.7518897
5325,2.193484,0.06656994,-0.016164107,0.85,0.05,4.2677608,1.7282892
5326,2.3051488,0.03058209,-0.08660397,0.7680009603500366,0.027409669011831284,3.0152335,2.3036554
5327,2.297047,0.10846655,-0.1782567,0.85,0.0283206794410944,3.4466527,2.7717474
5328,2.2061048,0.100701906,-0.07729077,0.8187822103500366,0.05,4.3637934,2.3511055
5329,2.2901194,0.0646735,-0.12556797,0.85,0.013833723962306976,3.4252613,2.2456422
5330,2.3952737,0.079395175,-0.17373966,0.85,0.048653874546289444,2.2498515,2.7092981
5331,2.335362,0.0395408,-0.04475567,0.8127717971801758,0.0585145428776741,2.3320603,2.6479888
5332,2.2715015,0.105908595,-0.099474184,0.8193200826644897,0.04630301147699356,3.0558827,2.6360943
5333,2.2600007,0.03668521,-0.007950187,0.8424012660980225,0.05,3.3796978,2.2473617
5334,2.187891,0.12272226,-0.14952171,0.85,0.028511205688118935,5.027901,2.1558657
5335,2.3240812,0.046747107,-0.13198511,0.8459241986274719,0.03485749661922455,2.93003,2.7236147
5336,2.2015057,0.050349407,-0.03376577,0.85,0.05,4.2252426,1.6870315
5337,2.2094338,0.18553051,-0.10868298,0.8348461389541626,0.03625797480344772,3.8830357,2.0176375
5338,2.2720537,0.08586477,-0.122104615,0.8308263421058655,0.04469161853194237,3.5795736,2.1423252
5339,2.1875844,0.06669199,-0.021039749,0.85,0.008428031578660011,4.686673,1.72653
5340,2.285138,0.07745523,-0.017051639,0.18758167326450348,0.01949610747396946,2.4665751,2.1777267
5341,2.316586,0.100897774,-0.08493816,0.6061752438545227,0.03697645664215088,2.521266,2.3517313
5342,2.2140834,0.056336615,-0.12762094,0.8201984167098999,0.039321139454841614,4.577715,1.7440816
5343,2.1863635,0.10604497,-0.045357842,0.85,0.05,4.5001497,1.9215721
5344,2.3381395,-0.001698024,-0.011070517,0.6552104949951172,0.024712296202778816,2.2769675,2.4189088
5345,2.3767467,0.08642947,-0.30885896,0.85,0.04035250097513199,3.656814,2.6981368
5346,2.2369397,0.1367839,-0.106389254,0.7589325904846191,0.03291953727602959,3.522695,2.527646
5347,2.2073789,0.06717837,-0.008870627,0.740679919719696,0.05,3.423681,1.9864962
5348,2.294549,0.034590647,-0.038547847,0.85,0.038651131093502045,2.9482598,2.23595
5349,2.2505388,0.007885754,-0.034155358,0.85,0.03423720970749855,4.131275,2.4697409
5350,2.202946,0.11501823,-0.035318255,0.8309878706932068,0.04010218754410744,3.4978912,2.7213435
5351,2.2882426,0.030081289,-0.120129034,0.6637130975723267,0.04204917699098587,3.4802527,1.8605214
5352,2.273932,0.07114151,-0.1564387,0.85,0.022481447085738182,3.756756,2.4267573
5353,2.2886071,0.03511592,-0.072761126,0.85,0.05,3.106277,2.2089117
5354,2.219983,0.106040165,-0.100925,0.85,0.018258962780237198,3.9040637,2.398276
5355,2.3550167,0.060562965,-0.15933539,0.7316780686378479,0.07595430314540863,2.5974774,2.6553354
5356,2.41032,0.035165735,-0.27968884,0.8317380547523499,0.0618133470416069,2.9761631,2.4753067
5357,2.28331,0.08819152,-0.15430275,0.85,0.05,4.018648,2.1880689
5358,2.2711322,0.1223204,-0.20603353,0.85,0.022060571238398552,4.5544367,2.0679643
5359,2.3010936,0.0521481,-0.09605875,0.4885292947292328,0.03512481600046158,2.9163282,2.28254
5360,2.2658052,0.08537181,-0.050099365,0.85,0.03920253738760948,3.125794,2.6715958
5361,2.3165448,0.0074453354,0.00047205962,0.8334984183311462,0.04475252330303192,2.4585211,2.6865866
5362,2.2394195,0.05632631,-0.0534707,0.85,0.024998430162668228,4.1338043,2.2422848
5363,2.3069854,0.099971086,-0.122809276,0.8359687328338623,0.045544397085905075,2.527276,2.5088103
5364,2.3581405,0.044949647,-0.011453868,0.4748387634754181,0.04580395668745041,2.33631,2.2288425
5365,2.3278985,0.034001477,-0.14218502,0.85,0.04279828816652298,3.128498,2.0438013
5366,2.155749,0.11093625,-0.051076468,0.7774364948272705,0.030319591984152794,4.5263376,1.614179
5367,2.2614348,0.0697012,-0.11450899,0.706576406955719,0.05,3.5619414,2.0396543
5368,2.2678764,0.0824495,-0.06733187,0.643760621547699,0.052979134023189545,3.0266123,2.8087084
5369,2.267931,0.060713794,-0.15603498,0.85,0.05,3.9147558,2.144623
5370,2.2771049,0.06909044,-0.03710484,0.5623893141746521,0.05,2.6380959,2.6423855
5371,2.2233074,0.107927114,-0.14963505,0.8214929103851318,0.026075320318341255,4.4219975,2.4298918
5372,2.2912562,0.065159775,-0.06802258,0.782744288444519,0.040071751922369,3.0353866,2.673584
5373,2.3129907,0.079534255,-0.06800808,0.8314103484153748,0.0485772080719471,2.9435513,2.7991948
5374,2.3649044,0.04748047,-0.20221864,0.8396031856536865,0.009575317613780499,2.6565793,2.4935048
5375,2.3238814,0.1368315,-0.1039406,0.8345109224319458,0.024153027683496475,2.4519167,2.6221926
5376,2.2122037,0.09745073,0.013140042,0.8301608562469482,0.034195676445961,3.9893389,2.5837243
5377,2.193764,0.12750588,-0.017254857,0.85,0.0013000228209421039,3.2904713,1.8231843
5378,2.2718828,0.09809935,-0.09072986,0.49849268794059753,0.05,2.574963,2.6416175
5379,2.2798574,0.115753606,-0.11083551,0.85,0.05,2.9635136,2.4436162
5380,2.237166,0.06215912,-0.10463321,0.85,0.05,3.9493372,1.7705781
5381,2.3296182,0.04529214,-0.046506256,0.8440072536468506,0.02903643809258938,2.3407311,2.3664858
5382,2.2588043,0.08595691,-0.090115614,0.85,0.005550103727728128,3.4534762,1.9585357
5383,2.3475652,0.0733058,0.02987026,0.827472448348999,0.05045200139284134,2.3007264,2.7824466
5384,2.3593547,0.07455434,-0.17735504,0.8083136081695557,0.05,2.5142455,2.544483
5385,2.3281686,0.047283053,-0.048207786,0.85,0.0292379017919302,2.7146912,2.3371923
5386,2.3084836,0.033109784,-0.09509911,0.8129018545150757,0.05,3.178224,2.6568637
5387,2.2905874,0.086588606,-0.12204824,0.6170135140419006,0.054108452051877975,2.9180105,2.7943673
5388,2.2334661,0.12068095,-0.107760176,0.7603801488876343,0.0073740845546126366,3.7079766,2.1828673
5389,2.2472332,0.047221463,-0.19313955,0.8139102458953857,0.05,5.0671735,1.4992049
5390,2.2913237,0.02595666,-0.10731567,0.85,0.0268190186470747,3.453537,2.5186548
5391,2.2232537,0.08580478,-0.08523178,0.8060262799263,0.05,3.8244135,2.184544
5392,2.2901878,0.100800015,-0.0664132,0.85,0.05,2.6631808,2.4035919
5393,2.375515,-0.011493814,-0.08432552,0.7433242201805115,0.05,2.4650233,2.4922307
5394,2.2683885,0.08403951,-0.058050107,0.85,0.03033103048801422,3.2378736,2.482877
5395,2.2554705,0.09632387,-0.10205056,0.85,0.02931760437786579,3.5476806,2.131716
5396,2.3571618,0.053161435,-0.2359884,0.829949140548706,0.0029586812015622854,2.6221695,2.2739835
5397,2.3362405,0.12074919,0.014087759,0.5940706729888916,0.05742407962679863,2.0487638,2.7167177
5398,2.3104088,0.026912054,-0.08333879,0.85,0.05,2.6660204,2.8625307
5399,2.2812543,0.11297889,-0.049995538,0.85,0.022813860327005386,2.519282,2.4348307
5400,2.2559812,0.067089245,-0.1260593,0.85,0.044055111706256866,4.0366526,2.7973442
5401,2.370771,0.07518512,-0.08122472,0.265186071395874,0.055913105607032776,2.3255067,2.5052192
5402,2.330621,0.051925424,-0.045561384,0.6887108087539673,0.05,2.1289184,2.800177
5403,2.3357985,0.037757467,-0.104604445,0.830383837223053,0.05,2.4719987,2.4559793
5404,2.2793937,0.05969513,-0.12900275,0.8189904093742371,0.017510198056697845,3.208223,1.9487509
5405,2.2124517,0.045991454,-0.04897256,0.85,0.019583797082304955,4.4249115,1.7042158
5406,2.2322564,0.09988904,-0.13143171,0.8470702171325684,0.028968948870897293,4.3906436,2.0462143
5407,2.3713028,0.037526034,-0.074872546,0.85,0.05,2.523377,2.4831038
5408,2.1757386,0.09144617,-0.036476772,0.8308725357055664,0.05,4.4988403,1.9379677
5409,2.3198934,0.08264979,-0.060818084,0.85,0.04277324676513672,2.4929562,2.4484203
5410,2.37792,-0.034149967,-0.09169389,0.8101992011070251,0.004664298612624407,2.495461,2.4439561
5411,2.204793,0.109650925,-0.035019748,0.85,0.05,3.8901298,2.2577624
5412,2.2379246,0.08008901,-0.16843502,0.85,0.05,4.651613,1.8326215
5413,2.3013146,0.076348074,-0.011422505,0.8374723196029663,0.05019087716937065,2.6367915,2.6855183
5414,2.3096483,0.022122262,-0.18410246,0.6302429437637329,0.02294318377971649,3.9712634,2.0753071
5415,2.3868463,-0.0027667962,-0.2007711,0.7679524421691895,0.05,2.8398035,2.0525367
5416,2.2695785,0.0664984,-0.15603021,0.5203031301498413,0.040214087814092636,4.078964,1.7419119
5417,2.2815628,0.06227395,-0.11486677,0.85,0.02713581919670105,3.4609575,2.1191885
5418,2.2736316,0.11080027,-0.1372614,0.85,0.03711489960551262,3.3964903,2.5691211
5419,2.2442307,0.08082733,-0.054402944,0.6405554413795471,0.02347135730087757,3.454748,2.1030402
5420,2.3966002,0.011445694,-0.15486756,0.8153656125068665,0.055195536464452744,2.5332844,2.4271
5421,2.2361119,0.08489756,-0.06681468,0.85,0.05,3.1720805,2.061049
5422,2.1995804,0.09406742,-0.2482082,0.85,0.05,5.8256397,1.5683889
5423,2.2899299,0.041218564,0.014309492,0.7271708846092224,0.01899069920182228,2.4777377,1.9785421
5424,2.2594004,0.12505512,-0.071148984,0.5549717545509338,0.042811647057533264,2.7803657,1.9189122
5425,2.3057885,0.027605979,-0.07687265,0.85,0.016836093738675117,2.6509025,2.3694305
5426,2.3040874,0.022138376,-0.07516513,0.85,0.05,2.9766083,2.1931856
5427,2.2573853,0.07535212,-0.06402401,0.85,0.05,3.4726264,2.2064836
5428,2.3580744,0.021041082,-0.12546937,0.85,0.03178029879927635,2.7276003,2.5466254
5429,2.2740479,0.07707999,-0.009223776,0.85,0.05,2.6917331,2.1474683
5430,2.26368,0.118882805,-0.109600045,0.85,0.017129521816968918,3.5090687,2.5434167
5431,2.3186736,0.112331845,-0.1184963,0.8312458395957947,0.03369676694273949,2.5917828,2.6261475
5432,2.2323365,0.12045892,-0.09271949,0.85,0.05,3.6587787,1.8815855
5433,2.277037,0.102389425,-0.124912925,0.8263649940490723,0.05390731617808342,3.2848263,2.5014856
5434,2.2537804,0.12054735,-0.22441976,0.8033625483512878,0.013426556251943111,4.796198,1.7484114
5435,2.338203,0.089895524,-0.2502286,0.8178366422653198,0.0653081089258194,3.3401616,2.6758864
5436,2.2918477,0.045977175,-0.05795093,0.85,0.025900034233927727,2.6948152,2.8588705
5437,2.2464204,0.10648563,-0.1769035,0.8399648070335388,0.029114434495568275,4.410594,2.0892177
5438,2.2526371,0.08151514,-0.026478639,0.85,0.05,2.953812,2.672459
5439,2.2394092,0.08525904,-0.07528973,0.7137430310249329,0.04249214008450508,3.8681571,2.5150113
5440,2.2975101,0.04693195,-0.10168072,0.7399870753288269,0.02920236811041832,2.9625785,2.565763
5441,2.2250204,0.058472935,-0.026203083,0.8263822197914124,0.05,3.954607,2.2321324
5442,2.207587,0.083259605,-0.07405002,0.85,0.05,4.0910506,1.7496741
5443,2.3285668,0.08800637,-0.12658724,0.7858938574790955,0.03034992143511772,2.7512825,2.3565946
5444,2.2648,0.07376672,-0.09243236,0.8300354480743408,0.05174914002418518,3.329413,2.6419497
5445,2.3008847,0.03864137,-0.11763581,0.85,0.014002948068082333,3.3541007,2.650831
5446,2.2095659,0.06767243,-0.14243667,0.85,0.04882676526904106,5.0193467,1.6667123
5447,2.3640232,0.06484096,-0.15646896,0.8313922882080078,0.04267650842666626,2.3640997,2.6244395
5448,2.230706,0.11326935,-0.07073131,0.8380155563354492,0.05,4.0369353,1.9171494
5449,2.3116493,0.10985972,-0.14914507,0.85,0.02390332892537117,2.4778779,2.5339136
5450,2.3502884,0.12015533,-0.15986595,0.8181812763214111,0.07068047672510147,2.491066,2.1330888
5451,2.386698,-0.0030552577,-0.018265236,0.6984596252441406,0.035869259387254715,2.1305084,2.6609128
5452,2.3067503,0.10753396,-0.1366376,0.8470216393470764,0.03080400452017784,2.6323445,2.7838645
5453,2.324514,0.01468009,-0.12737927,0.8258680105209351,0.044637516140937805,2.841866,2.160055
5454,2.1433,0.088424094,-0.1056406,0.7978139519691467,0.05,5.272147,1.4426596
5455,2.2823427,-0.036534548,-0.03524739,0.85,0.05,3.7839725,2.1926
5456,2.1177657,0.16132565,-0.07408786,0.85,0.012304567731916904,5.628254,1.5135927
5457,2.2465277,0.11909332,-0.11143753,0.8348730206489563,0.05,3.9389992,1.906435
5458,2.2453299,0.121960714,-0.09558691,0.85,0.025002460926771164,3.346444,2.659169
5459,2.2647214,0.08804978,-0.07430433,0.764830470085144,0.02339462749660015,3.017574,2.6031132
5460,2.337485,0.08434046,-0.109920226,0.32326266169548035,0.052934836596250534,2.0960593,2.5995753
5461,2.293945,0.07145773,-0.090899184,0.85,0.05,2.715973,2.3191586
5462,2.376994,-0.014797852,0.0035364951,0.8128350973129272,0.061765000224113464,2.1692204,2.7556198
5463,2.2180123,0.13583142,-0.06880546,0.6445353031158447,0.037394892424345016,3.6811867,2.7383983
5464,2.299244,0.07248119,-0.15903452,0.6682493686676025,0.05,3.2938297,2.1641238
5465,2.3120582,0.07678279,-0.13014868,0.7103708982467651,0.06630061566829681,2.951226,2.5879605
5466,2.3607724,0.13686897,-0.1774117,0.8470807075500488,0.02993227168917656,2.3735013,2.7607434
5467,2.2996035,0.09092378,-0.17440434,0.46463820338249207,0.05,3.2434394,2.3812504
5468,2.1874483,0.045569673,0.00025090724,0.8165125250816345,0.03340565040707588,4.4552536,1.6801925
5469,2.2797587,0.04111958,-0.07331805,0.85,0.05,3.304507,2.361367
5470,2.2712102,0.015365442,-0.089196384,0.85,0.05,3.628586,2.2544508
5471,2.2501144,0.094496585,-0.25790322,0.85,0.05,4.7504673,1.8677467
5472,2.1717196,0.12649341,-0.10645138,0.8335044384002686,0.03205510973930359,5.167913,1.7037985
5473,2.3071716,-0.010281609,-0.062084448,0.8082764744758606,0.0350540354847908,3.2194684,1.9418123
5474,2.2914758,0.12055712,-0.15046275,0.85,0.05,2.8968914,2.8816583
5475,2.2396636,0.0933188,-0.07310206,0.85,0.05,3.4896307,2.5118258
5476,2.3560643,0.060474362,-0.17165525,0.85,0.05,2.6216586,2.2265348
5477,2.2706041,0.07800097,-0.041686844,0.85,0.05,2.6925046,2.6382897
5478,2.3178384,0.059712395,-0.17675315,0.85,0.05,2.8499827,2.3591702
5479,2.2703016,0.030683897,-0.0705472,0.85,0.010997986420989037,3.7623277,2.1108017
5480,2.3195329,0.028954858,-0.105806366,0.85,0.05,3.097523,2.428092
5481,2.3500226,0.060166135,-0.12087372,0.85,0.02929532714188099,2.4398289,2.5598676
5482,2.4543958,0.007788474,-0.08874505,0.8357269763946533,0.05611038953065872,2.0694797,2.6524444
5483,2.2304964,0.09069421,-0.122444294,0.8407137393951416,0.05,4.771744,1.7323092
5484,2.1935713,0.13128369,-0.046558216,0.8367607593536377,0.01761774532496929,3.7852266,1.8243641
5485,2.2517025,0.08729353,-0.068677984,0.85,0.024728946387767792,4.0727673,2.2099123
5486,2.312324,0.057108026,-0.13092875,0.85,0.05,3.0474815,2.5070221
5487,2.2622533,0.037883542,-0.021235585,0.85,0.05,3.0443232,2.5441735
5488,2.2893617,0.15272513,-0.12378893,0.824953556060791,0.03710423409938812,2.5536625,2.3972604
5489,2.2779667,0.103407115,-0.1087268,0.85,0.05,2.652959,2.2279103
5490,2.2947083,0.026208838,0.016282901,0.85,0.04651708900928497,2.608449,2.515515
5491,2.3976326,0.0977178,-0.1986817,-0.22815480828285217,0.04620909318327904,2.2254748,2.7785995
5492,2.3323734,0.07449044,-0.1036151,0.7392582893371582,0.05017285421490669,2.2981145,2.3928893
5493,2.23707,0.14338964,-0.15842047,0.8135371804237366,0.05,3.9861524,2.064983
5494,2.3124523,0.084772184,-0.2114238,0.8480849266052246,0.03390002250671387,3.149565,2.3599603
5495,2.2514834,0.061509117,-0.107061096,0.835820734500885,0.021507766097784042,3.8765805,1.7260406
5496,2.2540855,0.12272802,-0.12362791,0.8181717991828918,0.030168134719133377,3.685618,2.4216893
5497,2.3561916,0.123537116,-0.09877959,0.2637637257575989,0.07905705273151398,2.3025913,2.5053213
5498,2.4022021,0.07746152,-0.13892028,0.7117912769317627,0.05129442736506462,2.165715,2.7664702
5499,2.2904916,0.15816537,-0.22784814,0.85,0.014345590025186539,3.432536,2.6587117
5500,2.216635,0.17322743,-0.13039361,0.85,0.026343122124671936,3.78414,2.7392848
5501,2.2301326,0.09120586,-0.079355165,0.85,0.05,4.2086744,2.4436493
5502,2.1840377,0.0856803,-0.14841072,0.85,0.02443697117269039,5.398706,1.5506581
5503,2.1803532,0.08758477,-0.057492226,0.85,0.026501759886741638,4.5252805,2.2175186
5504,2.2131634,0.046911653,-0.13609564,0.85,0.05,4.8601446,1.6922096
5505,2.394494,0.005884483,-0.024774073,0.8494026064872742,0.025067415088415146,2.1203747,2.6084614
5506,2.247098,0.007347618,-0.04196626,0.85,0.05,4.1630936,2.1022005
5507,2.3584006,-0.020086283,-0.07152362,0.8349925875663757,0.05,2.7731102,2.3424404
5508,2.2065024,0.09635002,-0.12243247,0.8018873929977417,0.05,4.6760855,1.6857144
5509,2.1754193,0.06558988,-0.10471975,0.7714207172393799,0.02014811336994171,5.205215,1.5596797
5510,2.4409904,0.0019224557,-0.13131495,0.8007583022117615,0.043145596981048584,2.0330727,2.8212452
5511,2.2335122,0.07727906,-0.09472076,0.7285802364349365,0.05,4.1223254,2.1376054
5512,2.3373256,0.07500199,-0.17918348,0.85,0.02239285595715046,2.6281798,2.4129875
5513,2.341947,0.05277456,-0.20040092,0.85,0.05,3.2510767,2.0401778
5514,2.199892,0.08666158,-0.14297326,0.6276538968086243,0.05,4.4462814,1.7969682
5515,2.3334851,0.03939461,-0.17038488,0.8144011497497559,0.05,2.8299353,2.5808177
5516,2.328749,0.03109566,-0.043617632,0.47230324149131775,0.046295780688524246,2.5142345,2.6937823
5517,2.3785193,0.019640977,-0.12575644,0.85,0.05,2.1950238,2.1996226
5518,2.3016999,0.108398505,-0.10233475,0.8256117701530457,0.028807012364268303,2.5992603,2.3813329
5519,2.3103626,0.05085659,-0.0593477,0.85,0.05,2.8134162,2.156514
5520,2.2357748,0.11125584,-0.13522416,0.821153998374939,0.043811582028865814,4.0256076,1.9902532
5521,2.26492,0.02824714,-0.06446618,0.85,0.05,3.7576144,2.2423894
5522,2.3007276,0.036427185,-0.06978082,0.8324710130691528,0.053192611783742905,2.9996138,2.4916644
5523,2.2253945,0.13073727,-0.33176818,0.836313009262085,0.04449013993144035,5.9507656,1.3606565
5524,2.2790992,0.044444293,-0.039961096,0.85,0.02754484862089157,3.157435,2.355369
5525,2.2853174,0.07232664,-0.04457541,0.6951109766960144,0.04517837241292,2.669604,2.3395998
5526,2.23934,0.030282315,-0.110470355,0.7846112251281738,0.016878843307495117,4.094502,1.7423314
5527,2.3163218,0.0993248,-0.23131102,0.85,0.0221231859177351,3.6195076,2.1738
5528,2.2012424,0.12171458,-0.08474176,0.8084345459938049,0.06611400842666626,4.7868233,2.1847217
5529,2.261828,0.03573952,-0.065996826,0.8183487057685852,0.05,4.0478516,2.2562687
5530,2.2177494,0.08693526,-0.051829413,0.7408550381660461,0.02248869277536869,4.124842,2.0753522
5531,2.2234547,0.14952908,-0.29797333,0.85,0.05,5.857111,1.5617497
5532,2.2271688,0.059300944,-0.18403435,0.8080874085426331,0.036241136491298676,5.175852,1.6871321
5533,2.3298054,0.020109076,-0.112463824,0.85,0.013609609566628933,2.6252797,1.9587246
5534,2.2037249,0.0466645,-0.08798541,0.85,0.05,4.897539,2.154527
5535,2.2415206,0.11436852,-0.10202196,0.8266912698745728,0.05,3.5116565,2.2935233
5536,2.3532712,0.05672447,-0.17518428,0.85,0.032622940838336945,2.797567,2.072274
5537,2.2941597,0.05397959,-0.09049796,0.60005784034729,0.04974087327718735,3.0119388,2.5122983
5538,2.330609,-0.0077390736,-0.06091839,0.30105865001678467,0.05505680665373802,2.7738526,2.4397533
5539,2.239818,0.10782545,-0.12134624,0.4511542022228241,0.05,4.004783,2.843544
5540,2.2489583,0.12664062,-0.032981645,0.85,0.027828548103570938,3.155049,2.6000295
5541,2.3172753,0.06833146,-0.009520862,0.85,0.03207901865243912,2.4497955,2.676357
5542,2.4075196,0.097528055,-0.3083215,0.85,0.02052966132760048,3.007135,2.501048
5543,2.3086038,0.121477656,-0.1061962,0.8264930844306946,0.029140835627913475,2.5071998,2.4156256
5544,2.2671502,-0.009036166,0.008469527,0.6650835275650024,0.043511763215065,2.9855967,2.457663
5545,2.2260313,0.1509942,-0.21966538,0.85,0.02271607145667076,4.86227,2.0703576
5546,2.30682,0.13409801,-0.21097775,0.8279503583908081,0.060980115085840225,3.3956094,2.7750778
5547,2.287074,0.053046256,-0.06616945,0.7187254428863525,0.03654857352375984,2.8608575,2.020763
5548,2.2244174,0.078265585,-0.008243408,0.8303802013397217,0.027163607999682426,3.329061,2.2564573
5549,2.319743,0.024429103,-0.0874934,0.8321648836135864,0.05,3.1368618,2.275332
5550,2.2049675,0.13736494,-0.20118521,0.85,0.051817990839481354,4.592738,2.812245
5551,2.3077784,0.09119469,-0.10985335,0.844840407371521,0.027316581457853317,2.817751,2.3883204
5552,2.1394982,0.13950412,-0.04443706,0.8075605630874634,0.028221843764185905,5.1052957,1.7024621
5553,2.221132,0.086181,-0.078792155,0.7948748469352722,0.011601694859564304,3.8372614,2.0666032
5554,2.2300537,0.13178392,-0.124864265,0.85,0.03600534051656723,4.2209005,2.5975275
5555,2.161271,0.12159227,-0.048537154,0.85,0.05,4.2271023,1.6553682
5556,2.2451875,0.05289126,-0.07929828,0.85,0.05,3.5886285,1.8233975
5557,2.2417693,0.10662012,-0.053945143,0.85,0.02589298225939274,3.3242083,2.4219296
5558,2.2221534,0.0871501,-0.023460856,0.8100829124450684,0.004644670058041811,3.741731,2.1483557
5559,2.301197,0.08067181,0.030023811,0.8186225891113281,0.031230565160512924,2.2237768,2.6281395
5560,2.311085,0.06716998,-0.0645704,0.5105634331703186,0.000924437481444329,2.2142031,2.5181096
5561,2.3412328,0.04077508,-0.13988608,0.4391472339630127,0.038724761456251144,2.6823177,1.9367561
5562,2.3252485,-0.009039048,-0.07849991,0.8488401770591736,0.04734909161925316,3.0550046,2.2720888
5563,2.3740323,0.023331707,-0.11233654,0.8023906946182251,0.010191438719630241,2.4238694,2.1794472
5564,2.339564,0.038835984,-0.06941958,0.85,0.05,2.3116238,2.8190916
5565,2.2506647,0.10593959,-0.16410299,0.4313313364982605,0.09266266226768494,4.445481,2.0830605
5566,2.2035022,0.100454286,-0.018445099,0.8325784802436829,0.01741758920252323,3.9943461,2.116622
5567,2.2684727,0.10350625,-0.19566374,0.85,0.05,4.5262766,1.8433332
5568,2.2553637,0.09846367,-0.16041002,0.85,0.05,3.7646396,2.5809526
5569,2.2970853,0.007991705,-0.16124563,0.85,0.05,3.9890585,2.0739975
5570,2.3641675,0.040643558,-0.2802803,0.7888244986534119,0.054457779973745346,3.6065037,2.7900705
5571,2.3064432,0.08364869,-0.19799097,0.8315542340278625,0.033005982637405396,4.002735,2.6404572
5572,2.2043478,0.10604161,-0.07488125,0.85,0.025631746277213097,4.289318,1.8061278
5573,2.2432642,0.09574471,-0.13145427,0.85,0.05,4.2464833,2.324971
5574,2.2518322,0.035566732,0.009302878,0.85,0.05,2.5772882,2.2756033
5575,2.3503945,0.025101276,0.04393421,0.750454843044281,0.03380367532372475,2.2072093,2.3481753
5576,2.3628466,0.051946618,-0.033944227,0.8224429488182068,0.05,2.2265568,2.643732
5577,2.133969,0.1018454,-0.027136406,0.7967498898506165,0.00685993442311883,5.0665345,1.0773623
5578,2.2359226,0.08587662,-0.0764572,0.8280205726623535,0.03818326070904732,4.0134225,2.1240318
5579,2.2464373,0.14862709,-0.1678166,0.85,0.01397855207324028,4.3892026,1.8017113
5580,2.2133896,0.06766345,-0.15559483,0.85,0.05,5.055034,1.6687125
5581,2.3695993,0.058447834,-0.2040025,0.85,0.05,2.7550473,2.2230203
5582,2.3189116,0.05936717,-0.12415603,0.5683596730232239,0.05743828043341637,2.7274458,2.3024166
5583,2.2932613,0.01155244,-0.07518982,0.8148636817932129,0.05462371185421944,3.6451979,2.687202
5584,2.2355902,0.088800505,-0.16980909,0.6902264356613159,0.025530770421028137,5.2563787,1.8192642
5585,2.2884884,0.038452707,-0.103598945,0.85,0.0195310115814209,3.303763,2.2308419
5586,2.2768989,0.12593938,-0.17035732,0.8396539092063904,0.0475657619535923,3.8051727,2.4973469
5587,2.205068,0.10065553,-0.16340825,0.85,0.05,5.3000836,1.5036397
5588,2.2264094,0.089760564,-0.13253765,0.85,0.05,4.432799,2.1823924
5589,2.2772298,0.142116,-0.28882194,0.85,0.016705624759197235,4.9480624,2.0230145
5590,2.175963,0.0904451,-0.09917328,0.8220113515853882,0.019666047766804695,5.041804,1.9047672
5591,2.2178159,0.15530834,-0.038376074,0.85,0.022502392530441284,3.295092,2.442043
5592,2.246799,0.13832979,-0.15047912,0.8437853455543518,0.04380884766578674,3.7804558,2.6665285
5593,2.2150364,0.05891836,-0.021832058,0.8041451573371887,0.05,3.960202,1.7797897
5594,2.284813,0.07875071,-0.16962655,0.85,0.0214986689388752,3.7736924,2.3790467
5595,2.2545724,0.055429883,-0.09681154,0.8200913071632385,0.05773897469043732,3.8172102,2.5692165
5596,2.1900504,0.13115883,-0.09714425,0.85,0.05,4.360308,1.965491
5597,2.251081,0.021830864,-0.04186631,0.839059054851532,0.05,3.7193713,2.4642367
5598,2.2707298,0.061487634,-0.09982179,0.85,0.05,3.1691442,2.0721416
5599,2.272822,0.092507154,-0.110755965,0.85,0.050587207078933716,3.8120718,2.5963438
5600,2.3217862,0.05333751,-0.105999276,0.85,0.05,2.9735498,2.4987588
5601,2.2550952,0.091310136,-0.079803504,0.85,0.05,3.6248455,2.1001592
5602,2.1957116,0.070040524,-0.01571521,0.85,0.017453482374548912,4.5120153,2.091059
5603,2.273963,0.09428533,-0.09146611,0.844143271446228,0.03305242583155632,3.4217463,2.4573293
5604,2.3145723,0.04128076,-0.15929286,0.85,0.020253291353583336,3.306531,2.4161732
5605,2.2337785,0.048688088,-0.19277419,0.8188573122024536,0.008781805634498596,5.1476927,1.6542932
5606,2.2409394,0.05548006,-0.16691448,0.85,0.021095087751746178,4.8585663,1.9765779
5607,2.2201867,0.14397493,-0.18038684,0.85,0.05,4.910892,1.6518706
5608,2.2893856,0.048723515,-0.078221574,0.85,0.01239178515970707,2.9635549,2.3613067
5609,2.4049308,0.10306295,-0.20943512,0.5105279088020325,0.07041067630052567,2.33874,2.6537309
5610,2.3063285,0.098601766,-0.036157575,0.5919612050056458,0.04567297548055649,2.3956172,2.6699693
5611,2.2265708,0.12772194,-0.029779637,0.3570334315299988,0.027140894904732704,2.8674455,2.2869992
5612,2.2432377,0.09790213,-0.054120384,0.85,0.05,3.053008,2.2334023
5613,2.267214,0.0019714886,-0.10133218,0.8118413686752319,0.02919432893395424,4.4698844,2.1965048
5614,2.2934241,0.06818165,-0.11929625,0.8414729833602905,0.05330105870962143,3.5583804,2.589829
5615,2.2962456,0.036437918,-0.09999691,0.7968250513076782,0.03406596556305885,2.824246,2.8914526
5616,2.2836494,0.0695759,-0.057127524,0.85,0.018353546038269997,3.0376718,2.1567793
5617,2.2443902,0.14451659,-0.08799555,0.85,0.05,3.2048287,2.0891376
5618,2.3047519,0.10858708,-0.14098515,0.8413210511207581,0.04336578771471977,3.0066721,2.1535172
5619,2.29659,0.086320095,-0.18114905,0.8051815032958984,0.05,3.2056959,2.0896952
5620,2.3033006,0.07317824,-0.13093993,0.85,0.05,3.0252852,2.6076145
5621,2.2029915,0.08220187,-0.075278476,0.85,0.05,4.689763,2.457383
5622,2.179058,0.021061607,-0.034730934,0.85,0.015489275567233562,4.8066993,1.6524874
5623,2.2944355,0.16122267,-0.26074108,0.7810514569282532,0.025309497490525246,3.908142,2.1359878
5624,2.247717,0.114704974,-0.20061412,0.85,0.05,4.7121773,2.1931298
5625,2.2559059,0.13673347,-0.10655234,0.8224894404411316,0.04410911351442337,3.4650722,2.4014733
5626,2.3039181,0.055929475,-0.19756253,0.8323866128921509,0.019824590533971786,3.58617,2.505513
5627,2.5867834,-0.03224757,-0.16383192,0.11164406687021255,0.07379234582185745,1.988946,2.5449944
5628,2.2744257,0.015207397,-0.12180703,0.85,0.05,4.1780944,1.7585872
5629,2.2861047,0.123368524,-0.05528405,0.7183261513710022,0.03514361381530762,2.6065955,2.4163578
5630,2.2203891,0.1042356,-0.120097846,0.8345677256584167,0.05,4.584432,2.4127088
5631,2.237381,0.1172337,-0.09860902,0.85,0.05,3.8256328,2.4797862
5632,2.2725117,0.11374854,-0.07955626,0.85,0.05,3.037996,2.2086804
5633,2.3215628,0.07537976,-0.272953,0.756068229675293,0.03564109280705452,4.5150204,2.574345
5634,2.284213,0.072159424,-0.17853321,0.85,0.05,4.257187,2.3639846
5635,2.2854774,0.08610547,-0.28737664,0.833803653717041,0.03801261633634567,4.7802167,1.6457887
5636,2.1644416,0.09283273,-0.052652,0.8316124677658081,0.021467629820108414,4.7604885,1.5484904
5637,2.3067386,0.07034016,-0.10690768,0.7935522794723511,0.017744440585374832,3.1064541,1.9450035
5638,2.332022,0.10275084,-0.068495505,0.5621813535690308,0.08313065022230148,2.6580522,2.5012689
5639,2.3348153,0.11857186,-0.16518353,0.8438154458999634,0.026072336360812187,2.1544278,2.81707
5640,2.2339213,0.019064035,-0.05806036,0.5244473218917847,0.014647701755166054,4.5786576,1.827536
5641,2.368211,-0.11223732,-0.024361033,0.4335136115550995,0.03826013207435608,2.984135,2.2878542
5642,2.3110695,0.025044095,0.0024178007,0.8494522571563721,0.03807615488767624,2.3944027,2.2710903
5643,2.3997598,0.08317602,-0.20915882,0.8045098781585693,0.052730266004800797,2.3657413,2.3724597
5644,2.2525167,0.1102647,-0.21752994,0.85,0.017076049000024796,4.8835425,1.8369049
5645,2.314561,0.055328023,-0.16164276,0.85,0.017930852249264717,3.3162258,2.4601512
5646,2.240446,0.05456957,-0.00011824797,0.85,0.021898027509450912,3.520098,2.3829668
5647,2.2124221,0.12068057,-0.031265307,0.8417485356330872,0.026129409670829773,3.6759057,2.1733177
5648,2.3081772,0.041247748,-0.06915952,0.818733274936676,0.031200986355543137,2.6789918,2.6346388
5649,2.2218275,0.14046516,-0.13742025,0.85,0.018340568989515305,3.8838131,1.8441732
5650,2.3451264,0.023260491,-0.21288994,0.85,0.05,3.224861,2.264077
5651,2.3598733,0.07843782,-0.16196007,0.85,0.03947767987847328,2.429385,2.533734
5652,2.2728844,0.1177477,-0.22626086,0.85,0.029203586280345917,4.0273366,2.583116
5653,2.2771733,0.092047594,-0.09002894,0.85,0.029483534395694733,3.0344207,2.6240582
5654,2.2884276,0.054467488,-0.099142164,0.8051102757453918,0.02484399639070034,3.0628052,2.6945057
5655,2.3795311,-0.010491213,-0.048487823,0.5280101299285889,0.037599436938762665,2.3262684,2.5878613
5656,2.3260028,0.097408615,-0.30728814,0.85,0.023042356595396996,4.0736876,2.1543674
5657,2.224388,0.10502644,-0.1691183,0.85,0.05,4.8551273,2.0510416
5658,2.1817558,0.10959073,-0.07777659,0.8162158131599426,0.05,4.551637,1.5526572
5659,2.2298913,0.13351673,-0.09955422,0.85,0.05,3.6673884,2.1737013
5660,2.154671,0.08315384,-0.11181676,0.85,0.010510695166885853,4.85969,1.6317067
5661,2.367179,0.062067326,-0.3666028,0.8039088249206543,0.03410760685801506,3.9664867,2.4903283
5662,2.3022218,0.053407084,-0.05705831,0.8491430282592773,0.03549719601869583,3.0021791,2.3764882
5663,2.362296,0.03872671,-0.20935304,0.85,0.03179113566875458,2.750572,2.3980744
5664,2.2818184,0.0017587121,-0.21278605,0.8362482190132141,0.02102373167872429,4.3463917,1.6641015
5665,2.2930639,0.056865208,-0.045325853,0.49252569675445557,0.13065531849861145,2.791797,2.6836069
5666,2.3851264,0.0096969735,-0.14558122,0.8459722995758057,0.04346202686429024,2.5269506,2.4614484
5667,2.3578756,0.058208928,-0.08003613,0.7481611371040344,0.03504367172718048,2.2404218,2.3032305
5668,2.2807446,0.1725763,-0.1522409,0.85,0.028788242489099503,3.181754,2.5984364
5669,2.2880518,0.11707014,-0.15523797,0.6166551113128662,0.06328331679105759,3.3420012,2.6805618
5670,2.4119728,0.047791906,-0.15325521,0.8450508117675781,0.05204157531261444,2.3983834,2.369641
5671,2.3322532,0.08133941,-0.14714171,0.85,0.05,2.709856,2.5933554
5672,2.1754575,0.100914374,-0.20054354,0.85,0.014312396757304668,5.388897,1.5381434
5673,2.4095132,-0.0056375265,-0.1321691,0.85,0.03458738327026367,2.0744603,2.8096967
5674,2.3841631,0.04213815,-0.289467,0.85,0.05,3.446167,2.2120607
5675,2.2468126,0.075932145,-0.10599174,0.8430963754653931,0.05,3.97531,1.9279718
5676,2.3649304,0.025832433,-0.10709067,0.85,0.011875365860760212,2.4388428,2.2132344
5677,2.310441,0.088585034,-0.14249755,0.8114811778068542,0.06846501678228378,3.03407,2.5657542
5678,2.213263,0.124087095,-0.09519729,0.810516893863678,0.03961065039038658,4.0723586,2.0109336
5679,2.2993982,0.069130525,-0.09887633,0.6572120189666748,0.04459260404109955,3.0847871,1.828522
5680,2.2981284,0.14929333,-0.15417378,0.85,0.011299152858555317,2.8171475,2.5913472
5681,2.2235343,0.049475998,-0.035475936,0.85,0.03844767436385155,4.1787057,2.6797204
5682,2.1759326,0.15771693,-0.06407101,0.85,0.05,4.67255,2.1648324
5683,2.2982569,-0.033652928,-0.12864073,0.85,0.025231486186385155,4.3288956,1.9520103
5684,2.2623546,0.10092395,-0.13669375,0.729605495929718,0.03977062553167343,3.989293,2.0112588
5685,2.2483613,0.075195916,-0.1752473,0.8261736035346985,0.053868576884269714,4.0490365,2.468684
5686,2.2579181,0.162062,-0.053089242,0.4083370864391327,0.007218239363282919,2.7549584,2.259408
5687,2.4447303,0.03720045,-0.13522778,0.5839953422546387,0.04834938794374466,2.0404034,2.7294471
5688,2.374896,0.09447706,-0.07518715,0.48734480142593384,0.11473154276609421,2.1984253,2.9080014
5689,2.2848797,0.06632735,-0.002137519,0.5918331146240234,0.036389127373695374,2.5910125,2.7580323
5690,2.3321974,0.07202665,-0.006921344,0.733146607875824,0.03820337355136871,2.0554607,2.7749183
5691,2.241821,0.17847608,-0.20035614,0.85,0.05,4.0213323,1.9431572
5692,2.272459,0.07944391,-0.24807964,0.85,0.021244604140520096,4.7825236,2.068911
5693,2.306062,0.051647384,-0.16049282,0.85,0.0015886625042185187,3.2044096,2.2967813
5694,2.2348914,0.07942784,-0.013202248,0.4388694763183594,0.028241071850061417,3.6104553,2.2058156
5695,2.2260761,0.14965202,-0.14958277,0.8229963183403015,0.05,3.9922502,2.3471358
5696,2.2193599,0.0940388,-0.040594112,0.85,0.05,4.0075912,2.1376889
5697,2.2894514,0.08126184,-0.047338404,0.7863300442695618,0.05,2.769377,2.178476
5698,2.210931,0.07196935,-0.08814004,0.85,0.05,4.6507187,2.1036363
5699,2.3057218,0.09288621,-0.14241733,0.7940247058868408,0.024452324956655502,3.2127354,2.2491286
5700,2.3041668,0.03406491,-0.057691827,0.8318494558334351,0.04399725794792175,2.6743476,2.2809389
5701,2.5046532,-0.03799173,-0.069567874,0.3696107566356659,0.11120150983333588,2.0125098,2.5810866
5702,2.292419,0.079799406,-0.16096675,0.8242970705032349,0.05,3.193251,2.7690842
5703,2.3957171,0.0949543,-0.2621014,0.27900224924087524,0.054069194942712784,2.2311049,2.4572992
5704,2.3106394,0.08179741,-0.14688775,0.85,0.05,3.0396514,2.758252
5705,2.3348184,0.0844559,-0.1497807,0.85,0.05,2.6868067,2.6068702
5706,2.313725,0.14809908,-0.19688399,0.8151729106903076,0.019488075748085976,2.645556,2.2944746
5707,2.2799337,0.0044130487,-0.089866556,0.85,0.05,3.5473907,2.373716
5708,2.3363569,0.0942679,-0.065773234,0.8357152342796326,0.0378953218460083,2.2860532,2.6558917
5709,2.2644694,0.07928406,-0.05851889,0.2135712206363678,0.2015451192855835,3.9265308,2.6723635
5710,2.3441296,0.10445671,-0.22213985,0.8199388980865479,0.028772994875907898,2.2667031,2.3515408
5711,2.2905214,0.07498804,-0.06819227,0.85,0.02954837493598461,2.204397,2.8790402
5712,2.3112464,0.04107805,0.02724286,0.07834873348474503,0.0707966685295105,2.485671,2.3682747
5713,2.2549608,0.044520702,-0.08719148,0.5294355154037476,0.05,3.1440597,1.8790342
5714,2.2882364,0.0470248,-0.04931085,0.85,0.05,2.606307,2.273846
5715,2.2408063,0.09745861,-0.22364101,0.85,0.012835274450480938,5.1221533,1.7298814
5716,2.327194,0.016242225,-0.089063555,0.8457097411155701,0.011968253180384636,3.034251,2.147901
5717,2.2004318,0.15524337,-0.14447378,0.85,0.05,4.603545,2.0477498
5718,2.2866805,0.06306253,-0.06891946,0.85,0.036874908953905106,2.9998736,2.4525254
5719,2.3083,0.04914764,-0.17154016,0.85,0.03879816457629204,3.3458307,2.8622255
5720,2.221571,0.13378437,-0.046328016,0.6621444821357727,0.0184932854026556,3.2530627,2.23072
5721,2.3609977,0.0328589,-0.27705917,0.85,0.029483763501048088,3.935319,2.2724771
5722,2.2461698,0.12338091,-0.1002412,0.6651437282562256,0.01995563879609108,3.426613,2.3331044
5723,2.2937663,0.012682111,-0.06282315,0.610506534576416,0.040976155549287796,3.45845,2.020389
5724,2.2192223,0.09144789,-0.10117123,0.8232688903808594,0.032088782638311386,4.5666394,2.438243
5725,2.241508,0.13516957,-0.07416144,0.7271170020103455,0.03566472977399826,3.342881,2.2654467
5726,2.183819,0.19471487,-0.18024923,0.85,0.05,4.675899,1.6321385
5727,2.2539363,0.022875078,-0.042101752,0.7712056636810303,0.05,3.687866,2.1067483
5728,2.3214223,0.045825776,0.016000357,0.8286920189857483,0.05,2.0764604,2.5937111
5729,2.2247596,0.123330496,-0.11401501,0.7495790123939514,0.05136347562074661,4.015768,2.3852787
5730,2.2774243,0.08342308,-0.11077114,0.805184006690979,0.052836108952760696,3.7591567,2.2503545
5731,2.2078178,0.06293736,-0.06757174,0.85,0.02501370571553707,4.2506657,2.2744977
5732,2.3249128,0.093078904,-0.20023844,0.85,0.024948429316282272,3.1196187,2.1763985
5733,2.3522553,0.049956564,0.046805486,0.5228992700576782,0.14821374416351318,2.476818,2.4858239
5734,2.2455008,0.08874768,0.0141066965,0.8380720019340515,0.02316172979772091,3.0063083,2.4858775
5735,2.227543,0.051235534,-0.08589515,0.7744597792625427,0.05,4.175468,1.9180428
5736,2.233859,0.1140291,-0.10477781,0.8415336608886719,0.05,4.300431,2.327509
5737,2.3288426,0.009393741,-0.19267628,0.824877917766571,0.05530258268117905,4.0916514,2.0533988
5738,2.1896114,0.084636465,-0.06670584,0.85,0.05,4.733184,2.0967944
5739,2.2873838,0.06304763,-0.050747246,0.85,0.022643478587269783,2.867273,2.5088701
5740,2.2357,0.06412208,-0.04979484,0.813793957233429,0.04119604453444481,3.6256769,1.8939612
5741,2.240776,0.067925446,-0.18037957,0.8273344039916992,0.03867432475090027,4.685796,1.8618906
5742,2.4165642,0.039246045,-0.11120397,0.7322623133659363,0.04372327774763107,2.2071223,2.415194
5743,2.2768178,0.09113097,-0.19950047,0.7778536081314087,0.00608484772965312,4.2960277,2.1562345
5744,2.325726,0.11644347,-0.059131432,0.8492343425750732,0.048142582178115845,2.05837,2.7873602
5745,2.0511203,0.18303353,-0.059962522,0.85,0.03895789384841919,6.947081,1.3717625
5746,2.244327,0.04800546,-0.08485065,0.85,0.05,4.3931317,1.8492744
5747,2.2326407,0.13168702,-0.16073538,0.85,0.05,4.5068536,2.17233
5748,2.2267668,0.06926794,-0.10256475,0.85,0.05,4.441411,2.0056877
5749,2.3996706,0.12886882,-0.19595625,0.85,0.04746250808238983,2.2680926,2.8553514
5750,2.254423,0.09231164,-0.039923493,0.85,0.05,3.1918375,2.295702
5751,2.1215367,0.14249487,-0.009349392,0.85,0.013811239041388035,4.4614434,1.6487073
5752,2.2129114,0.097985156,-0.1954405,0.7655743956565857,0.026990260928869247,5.3845534,1.8340663
5753,2.3300707,-0.033630826,-0.019444961,0.7064234614372253,0.05966195836663246,2.6817057,2.5673733
5754,2.2196648,0.13447921,-0.10196829,0.8370177745819092,0.042899735271930695,4.196827,2.2299037
5755,2.3089278,0.13731875,-0.18777147,0.5850684642791748,0.05037706717848778,3.0670264,2.8531759
5756,2.224929,0.085711285,-0.09207123,0.85,0.01435037236660719,4.3131666,2.0769038
5757,2.1955645,0.061570942,-0.0030095796,0.7991492748260498,0.06078040972352028,4.1895723,2.3933632
5758,2.3158276,0.04799882,-0.05606966,0.85,0.048353854566812515,2.5258641,2.7054489
5759,2.3994348,0.10889755,-0.21437989,0.5955566167831421,0.04748673364520073,2.2454374,2.4294581
5760,2.2700036,0.10840405,-0.0901797,0.85,0.023346157744526863,3.4231725,2.3441362
5761,2.1156466,0.08419707,0.09728146,0.6834282279014587,0.017120545729994774,4.581218,1.5866799
5762,2.2441106,0.0731611,-0.09104856,0.6903755068778992,0.06807995587587357,4.1645675,2.7068763
5763,2.2387798,0.09001672,-0.20804602,0.825717568397522,0.05,4.4136925,1.5158134
5764,2.207637,0.124623895,-0.051586956,0.85,0.05,3.8652816,2.1097806
5765,2.402546,0.0043370994,-0.013188542,0.8215407729148865,0.08476027101278305,2.1317644,2.7850797
5766,2.32715,0.03098683,-0.04555922,0.5674709677696228,0.025033198297023773,2.4251196,2.7733254
5767,2.3572874,0.019569283,-0.12240622,0.85,0.05,2.4668903,2.1955981
5768,2.2360837,0.07724986,-0.13278355,0.8259824514389038,0.05,4.5841637,1.9028469
5769,2.2107508,0.04450182,0.02354524,0.85,0.05,3.844043,1.9666268
5770,2.192008,0.067110926,-0.07303661,0.7643330693244934,0.05,4.446981,1.6925266
5771,2.2349746,0.13966635,-0.17151082,0.8478471040725708,0.05,4.447127,1.9058492
5772,2.2575438,0.06577177,-0.13396537,0.5453331470489502,0.05,3.908565,2.1203663
5773,2.2882285,0.10771266,-0.050267287,0.8126948475837708,0.04768603667616844,2.6106353,2.569168
5774,2.336729,0.022137223,-0.05580546,0.85,0.02320743538439274,2.7122383,2.3547742
5775,2.2926195,0.05710719,-0.07472842,0.7416982650756836,0.06264190375804901,2.803166,2.8548357
5776,2.3326354,0.085405566,-0.016245902,0.6590472459793091,0.0657598152756691,2.0979905,2.7650516
5777,2.3282666,0.1425251,-0.14836907,0.2774621844291687,0.05,2.3344595,2.1048636
5778,2.3597126,-0.038312517,-0.10156029,0.5721789002418518,0.05655385181307793,2.4687142,2.910768
5779,2.129697,0.15390654,-0.11741672,0.671238899230957,0.026070432737469673,5.067226,1.4988924
5780,2.2867012,0.028193878,-0.046341863,0.8079239130020142,0.0458684116601944,3.318771,2.053909
5781,2.2034657,0.11005985,-0.10260291,0.6958585977554321,0.05,4.038609,1.8568791
5782,2.1892526,0.07767505,0.009426804,0.85,0.05,4.2535577,2.0793717
5783,2.2726517,0.025075823,-0.028218273,0.85,0.05,3.2207735,1.9770736
5784,2.2218325,0.13999112,-0.15934746,0.85,0.02050330489873886,4.6408157,2.38296
5785,2.32407,0.01490627,-0.08871739,0.7978875041007996,0.030773073434829712,2.6909742,2.5176694
5786,2.2769318,0.09187804,-0.11496975,0.85,0.05,3.3635023,2.0382445
5787,2.2372754,0.012006119,-0.009892714,0.8304548263549805,0.05,3.7222207,2.0931292
5788,2.1376338,0.10950621,-0.14586386,0.85,0.013767244294285774,6.24984,1.3440394
5789,2.2688186,0.15316337,-0.22988373,0.8351847529411316,0.050208572298288345,4.0615535,2.3637402
5790,2.2281985,0.049656212,-0.09062147,0.85,0.05,4.41804,1.7525336
5791,2.3204427,0.07342786,-0.04440877,0.5017547607421875,0.03499556705355644,2.422751,2.523456
5792,2.2202196,0.1261726,-0.053917293,0.85,0.05,3.4252079,1.9481435
5793,2.3689668,0.055636052,-0.15053543,0.8345310688018799,0.018598191440105438,2.7038662,2.234811
5794,2.186895,0.09169701,-0.024597041,0.7402285933494568,0.03302554041147232,3.932135,2.153998
5795,2.307727,0.0334792,0.027079545,0.7120682597160339,0.012105550616979599,2.3087747,2.5482616
5796,2.2716653,0.079504654,-0.14185832,0.7208572030067444,0.015870122238993645,3.6976147,2.2544854
5797,2.3391314,0.04247459,-0.047910504,0.8348898887634277,0.049919262528419495,2.4535053,2.135858
5798,2.2430465,0.09622252,-0.06056577,0.85,0.023169424384832382,3.4141197,2.4086807
5799,2.2807271,0.026937487,0.016205171,0.798746645450592,0.04900214448571205,2.8221807,2.104975
5800,2.1832662,0.016820788,-0.10025191,0.85,0.05159424617886543,5.491335,1.9755802
5801,2.376988,0.011001637,-0.07652304,0.6527649760246277,0.02879907935857773,2.310272,2.150338
5802,2.2730842,0.05251979,-0.1934245,0.85,0.05,3.8277414,1.7202091
5803,2.2852244,0.113619864,-0.17540686,0.85,0.03026597574353218,3.7014515,2.6374493
5804,2.3616862,0.024039913,-0.19067445,0.624754011631012,0.044988419860601425,2.9853454,2.2766683
5805,2.3072422,0.04269279,-0.10701883,0.8170194625854492,0.05,3.0495582,1.8916657
5806,2.3465972,0.02534178,-0.07432297,0.85,0.023908762261271477,2.550557,2.0873787
5807,2.366152,0.06879686,-0.109668575,0.7421872019767761,0.024560123682022095,2.080051,2.3960617
5808,2.280407,0.09065695,-0.041656278,0.85,0.03064701519906521,2.7243898,2.6973073
5809,2.265888,0.06776783,-0.048100248,0.85,0.05,3.6275084,2.128414
5810,2.2661488,0.046659924,-0.08950716,0.85,0.05,3.6893175,2.3077288
5811,2.2789123,0.09635139,-0.11798527,0.8300844430923462,0.025652319192886353,2.9397957,2.7061152
5812,2.0237145,0.11845426,-0.0020615428,0.7644298076629639,0.06128312647342682,8.051623,1.3102416
5813,2.2428508,0.08612142,-0.07342472,0.7700307369232178,0.03103713132441044,3.867737,2.319428
5814,2.2529113,0.1167605,-0.19978495,0.8286749720573425,0.05,4.169384,2.0125172
5815,2.3230345,0.12596913,-0.2249474,0.8479625582695007,0.025085655972361565,2.9840002,2.4315443
5816,2.3816597,0.13528943,-0.24894585,0.85,0.05,2.6436944,2.1749208
5817,2.237458,0.071519285,-0.100579344,0.85,0.037067655473947525,4.041455,2.5451
5818,2.127525,0.10360646,-0.013298525,0.85,0.05,4.7982373,1.6564552
5819,2.1922061,0.059822384,-0.07498583,0.8145990371704102,0.04793902859091759,4.702057,1.8993533
5820,2.2385654,0.09550983,-0.0896383,0.85,0.05,3.8782828,2.341423
5821,2.227427,0.084755905,-0.024283232,0.805504560470581,0.05,3.4284234,2.254204
5822,2.452842,-0.004551618,-0.1290808,0.289156436920166,0.053256332874298096,2.3695998,2.2886076
5823,2.375283,0.06390762,-0.29628903,0.8158965706825256,0.010841840878129005,3.3272686,2.068932
5824,2.2136865,0.03467221,-0.039135285,0.6591947078704834,0.024214746430516243,3.8833933,2.1330266
5825,2.2167926,0.1355615,-0.16235378,0.85,0.05,4.571297,1.948634
5826,2.3112152,0.04712121,-0.104061164,0.85,0.05,2.9800987,2.2876663
5827,2.3599877,0.022571715,-0.15902899,0.8445220589637756,0.04571579396724701,2.5913446,2.8107991
5828,2.293046,0.052504737,-0.20167199,0.85,0.05,4.4234333,2.0136406
5829,2.1277182,0.1512867,-0.21646827,0.8308877944946289,0.06022045388817787,7.0291724,1.4860574
5830,2.229597,0.073557004,-0.10617211,0.8489405512809753,0.04191550239920616,3.8582819,2.2833798
5831,2.2752967,0.084153846,-0.26534495,0.821858286857605,0.038891393691301346,4.5578203,1.6193935
5832,2.3195744,0.068398595,-0.2146983,0.8416244983673096,0.05158381164073944,3.5588222,2.7374015
5833,2.2251103,0.1311038,-0.05359545,0.85,0.008421847596764565,3.5635078,2.3606968
5834,2.2004426,0.079670064,0.038320705,0.8257357478141785,0.05,3.8606126,1.9538289
5835,2.202814,0.06940253,-0.01165158,0.8070682287216187,0.017613492906093597,4.372246,1.7933856
5836,2.2559245,0.09283394,-0.13304323,0.85,0.05,3.4115033,2.71349
5837,2.3235042,0.048400696,-0.13604325,0.85,0.004562534857541323,2.7266772,2.2672484
5838,2.31412,0.008092908,0.005296379,0.841163158416748,0.05,2.4178207,2.753852
5839,2.3874288,0.016311357,-0.081825316,0.85,0.024659840390086174,2.1142035,2.664195
5840,2.2311969,0.14239576,-0.11272898,0.85,0.017104962840676308,3.8105254,2.1436224
5841,2.3042061,0.019991199,-0.16766386,0.8062092065811157,0.034195732325315475,4.2719617,2.0924687
5842,2.3338854,0.09402993,-0.25241643,0.8008114099502563,0.05052221193909645,3.6650188,2.3655314
5843,2.363326,0.023688173,-0.12736104,0.7309513092041016,0.06696194410324097,2.6715522,2.7552977
5844,2.3288672,0.098687194,-0.054652836,0.85,0.028300736099481583,2.270439,2.6978168
5845,2.2213955,0.067830935,-0.19622518,0.85,0.002094680443406105,5.2490287,1.5955925
5846,2.4321728,0.010393093,-0.08480334,-0.004771378822624683,0.04985404014587402,2.061341,2.7781475
5847,2.240778,0.05321312,-0.022907972,0.7922419905662537,0.05,3.1320915,2.6411228
5848,2.2778094,0.12670286,-0.0073721497,0.8188690543174744,0.06862819939851761,2.3507938,2.4748335
5849,2.250109,0.07039234,-0.17585848,0.8298500180244446,0.03123359940946102,4.6979156,2.0617578
5850,2.3243012,0.05776862,-0.15644772,0.8349631428718567,0.03765285387635231,3.2905936,1.8812038
5851,2.289781,0.07466598,-0.11053965,0.6712085604667664,0.05540020763874054,3.1808558,2.2219021
5852,2.1624162,0.13874768,-0.016455745,0.8460187315940857,0.05,4.269024,1.8822525
5853,2.282856,0.048988987,-0.22336853,0.8321009874343872,0.05,4.695752,1.8634024
5854,2.3298492,0.08319983,-0.25691086,0.85,0.02238788828253746,3.8907216,2.265512
5855,2.225462,0.105937995,-0.12023371,0.85,0.05,4.263615,2.0558279
5856,2.223261,0.05547521,-0.030960595,0.8074731230735779,0.036712899804115295,4.084146,1.8845619
5857,2.2110276,0.11275233,-0.19325887,0.85,0.05,4.8061905,1.6084472
5858,2.2232623,0.09766757,-0.16514093,0.85,0.04090399667620659,5.0609417,1.9745772
5859,2.320362,0.11099574,-0.1310797,0.85,0.05,2.5896378,2.8110232
5860,2.2315092,0.075276926,-0.087722555,0.7958789467811584,0.05,3.8869593,1.8514401
5861,2.2552412,0.026730524,-0.050546464,0.85,0.011922274716198444,3.8089204,2.1231008
5862,2.235606,0.12472246,-0.11797435,0.85,0.021398229524493217,3.6894405,2.4295032
5863,2.3355,0.074823946,-0.066296645,0.7029548287391663,0.03133835643529892,2.2402573,2.629751
5864,2.2176402,0.08542554,-0.14089043,0.85,0.05,4.4062476,2.3739858
5865,2.2559457,0.117554486,-0.30729216,0.8114979267120361,0.05420549213886261,6.006896,1.636078
5866,2.33488,0.076333754,-0.038084913,0.8416098952293396,0.04833047464489937,2.1573806,2.5051632
5867,2.2868617,0.07975877,0.0065530688,0.85,0.03526963293552399,2.5191736,2.4618957
5868,2.3601673,0.022092244,-0.10424122,0.85,0.028140194714069366,2.418582,2.537708
5869,2.3517847,0.03315509,-0.26411065,0.85,0.05,3.5776582,2.8202424
5870,2.3296187,0.10034458,-0.13138321,0.85,0.04318811744451523,2.6102586,2.3695858
5871,2.304779,0.019993817,-0.08980922,0.85,0.05,2.9651225,2.4693081
5872,2.2492425,0.12308056,-0.07790827,0.6252270936965942,0.031414978206157684,3.3982768,2.3611438
5873,2.31241,0.1150355,-0.19515508,0.82220059633255,0.05,2.940862,2.5202053
5874,2.2938385,0.05464494,-0.16783339,0.85,0.02776784636080265,3.724393,2.2743278
5875,2.374327,0.036036517,-0.08394284,0.85,0.05,2.1652024,2.239555
5876,2.343323,0.0734612,-0.09726796,0.7478758692741394,0.044624630361795425,2.259156,2.3409
5877,2.3490415,0.0762509,-0.14984784,0.4064631462097168,0.04170869663357735,2.8020794,2.662509
5878,2.3438299,0.0755468,-0.22414215,0.7692943811416626,0.018675629049539566,3.0788713,2.5907848
5879,2.2488172,0.08746279,-0.13564293,0.8447241187095642,0.024940425530076027,3.874857,2.149369
5880,2.1543367,0.103679426,-0.036000226,0.7882177233695984,0.03034055046737194,4.5491285,1.6213897
5881,2.3768685,-0.010419458,-0.08733432,0.6834483742713928,0.035735275596380234,2.6681035,2.3718846
5882,2.2380502,0.08501016,-0.08693505,0.811941385269165,0.05,4.146433,1.8392566
5883,2.23221,0.09860985,-0.16642827,0.85,0.01563248597085476,4.4105434,2.0089471
5884,2.315097,0.040331334,-0.06322783,0.85,0.03909792751073837,2.6294188,2.7197769
5885,2.2317486,0.183091,-0.03973708,0.7866523861885071,0.05,2.7599542,2.7823691
5886,2.296547,-0.006930458,-0.027877465,0.8092318177223206,0.05,3.1670082,2.1922562
5887,2.3237176,0.007481946,-0.04496665,0.85,0.05,2.5859852,2.4793217
5888,2.3522573,0.04518075,-0.12541476,0.85,0.05,2.3455102,2.3189995
5889,2.4106832,0.009535564,-0.01460391,0.7453084588050842,0.04685516282916069,2.0699985,2.5509596
5890,2.3132968,0.087072685,-0.044086367,0.7560398578643799,0.03164894878864288,2.4665327,2.568274
5891,2.2113652,0.12699781,-0.009740617,0.36995217204093933,0.03356248885393143,3.1923423,2.684833
5892,2.2673337,0.072454974,-0.11203359,0.830565333366394,0.02342364750802517,3.2476842,1.9146118
5893,2.3242183,0.1206506,-0.21403715,0.5726709365844727,0.011551271192729473,3.0178707,2.4966788
5894,2.251764,0.14394186,-0.109846435,0.85,0.033499881625175476,3.317899,2.458031
5895,2.2784564,0.022534426,-0.1384963,0.6668896079063416,0.04364125803112984,3.9744473,1.9792763
5896,2.2309742,0.095033854,-0.10082617,0.83566814661026,0.048027846962213516,4.5099454,2.3112679
5897,2.2591763,0.08422679,-0.018028356,0.85,0.05,2.6758182,2.7265887
5898,2.200875,0.055804234,0.05014538,0.6908049583435059,0.05,3.5498648,1.8456577
5899,2.28025,0.1291427,-0.11629809,0.85,0.05,2.9756343,2.6061478
5900,2.3181548,0.16253321,-0.23244062,0.8459744453430176,0.052946705371141434,2.7854815,2.7155683
5901,2.2387805,0.10209838,0.021951318,0.6649673581123352,0.10817854106426239,3.1283722,2.2109835
5902,2.3548925,0.08293136,-0.17298931,0.85,0.05,2.6059525,2.7701387
5903,2.272717,0.14062664,-0.06149193,0.60262131690979,0.00676933117210865,2.310022,2.321454
5904,2.1846611,0.14419402,-0.010386784,0.8270965218544006,0.006005475763231516,3.4945304,2.2568233
5905,2.2097614,0.064930186,0.024939246,0.7687017917633057,0.031150849536061287,3.0172954,2.08705
5906,2.2814722,0.15869834,-0.26663926,0.85,0.05,4.4849453,2.2239108
5907,2.225466,0.08460178,-0.091593705,0.7082576155662537,0.0414239801466465,4.1911135,2.1939116
5908,2.3409503,0.024766015,-0.039782096,0.6601861119270325,0.028065267950296402,2.5859368,2.6402898
5909,2.3114007,0.017516352,-0.027315913,0.8295089602470398,0.03622651845216751,2.6312058,1.988358
5910,2.3486655,0.1230583,-0.09345747,0.5968701243400574,0.07915171980857849,2.0389621,2.6217687
5911,2.3022983,0.09525969,-0.078093305,0.8255881071090698,0.04327928647398949,2.2558124,2.7352254
5912,2.3862183,0.008911439,0.018879402,0.12095325440168381,0.06500595062971115,2.1643586,2.7018454
5913,2.2203043,0.087483086,-0.07933072,0.85,0.05,4.289993,2.0877104
5914,2.3971646,0.039708678,-0.17479944,0.8396157026290894,0.03512262552976608,2.4267664,2.5628355
5915,2.3001275,0.11087982,-0.13970625,0.843431293964386,0.04071807861328125,2.9230618,2.5870917
5916,2.3244536,0.039521825,-0.10434403,0.85,0.04114586487412453,2.6717057,2.8875003
5917,2.338634,-0.00170437,-0.064292625,0.85,0.05,2.441563,2.7005143
5918,2.2926161,0.039732598,0.053737175,0.85,0.011219652369618416,2.108718,2.7597284
5919,2.3501058,0.0030129033,-0.1824962,0.8087717294692993,0.02230292558670044,3.3203301,1.9355056
5920,2.3258994,-0.023504788,-0.023425085,0.808966875076294,0.03742777928709984,2.6299527,2.3568027
5921,2.1885054,0.0994908,0.0029959043,0.85,0.05,3.7344332,2.4609075
5922,2.302176,0.029682914,-0.14056376,0.85,0.05,3.3524606,2.5230615
5923,2.2939517,0.09156365,-0.16948311,0.6369218230247498,0.017196089029312134,3.3164911,2.209857
5924,2.3365722,0.056314185,-0.26598957,0.85,0.017256740480661392,4.0494275,1.8685144
5925,2.3132966,0.036685657,-0.22954206,0.85,0.05,4.2459383,2.1660616
5926,2.2573721,0.12780222,-0.18242545,0.7885244488716125,0.05,4.1611233,2.1012297
5927,2.2678485,0.10574421,-0.17664815,0.6995943188667297,0.04527295008301735,4.456563,2.2256005
5928,2.3107324,0.0869583,-0.05557931,0.85,0.05,2.4302838,2.423025
5929,2.2250903,0.13434438,-0.058544517,0.85,0.008281758055090904,3.321791,2.2160535
5930,2.209257,0.08026627,-0.025132691,0.8074933290481567,0.02055291272699833,3.885726,2.5762439
5931,2.2540793,0.09041405,-0.062232878,0.85,0.020561710000038147,3.1119814,2.3686225
5932,2.3019826,0.054523934,-0.033621874,0.85,0.020075062289834023,2.4934144,2.1423743
5933,2.352196,0.093598515,-0.12432128,0.39230024814605713,0.05464610457420349,2.025591,2.2825205
5934,2.3299477,0.105588764,-0.03232444,0.8245810866355896,0.09691984951496124,2.4208813,2.6651337
5935,2.2593086,0.09298954,-0.09873511,0.8465151190757751,0.035657886415719986,3.3848665,2.4156573
5936,2.1868773,0.11840146,-0.02474658,0.8400517106056213,0.03893222659826279,4.5307865,2.5834377
5937,2.3281245,0.009575588,-0.08942199,0.818064272403717,0.05,2.6720676,2.6309042
5938,2.249428,0.20685974,-0.19414419,0.8360478281974792,0.04374977946281433,3.9906795,2.309825
5939,2.2943988,0.08171853,-0.032892253,0.7933027148246765,0.05955950543284416,2.585819,2.4253247
5940,2.2821922,0.09374343,-0.09063766,0.85,0.05,2.5957198,2.804349
5941,2.3348362,0.101754546,-0.087517716,0.6039851903915405,0.05,2.0312195,2.7006128
5942,2.2781606,0.08042586,-0.10647693,0.7704899311065674,0.04408417269587517,3.6033628,2.4220517
5943,2.1813471,0.074075006,-0.13113639,0.828900158405304,0.05,5.404919,1.5861579
5944,2.251664,0.07883424,-0.1797425,0.85,0.01771782524883747,4.845006,1.7008642
5945,2.2786431,0.02016571,-0.029487211,0.85,0.03184794634580612,3.410197,2.493942
5946,2.2224452,0.11033165,-0.30941504,0.85,0.03688524663448334,5.7848163,2.0418723
5947,2.164003,0.11260317,-0.081308834,0.85,0.05,5.088466,1.8174512
5948,2.1551876,0.089317605,-0.05804656,0.85,0.05,4.8839574,1.6140769
5949,2.3265705,0.08083878,-0.068301,0.6607810258865356,0.05,2.6302989,2.5729413
5950,2.2719486,0.098184705,-0.07882125,0.8403117060661316,0.04480068385601044,2.6643267,2.86695
5951,2.3479328,0.08559333,-0.23277831,0.782755434513092,0.029347017407417297,3.0355585,2.3147895
5952,2.3778067,0.091540545,-0.23914574,0.8333556056022644,0.023259591311216354,2.703763,2.4333026
5953,2.3132174,0.043453164,-0.06866514,0.8349868059158325,0.04128807410597801,2.9147015,2.591481
5954,2.198517,0.07246818,0.014269273,0.85,0.008031078614294529,3.3825839,2.1093307
5955,2.292288,0.080096506,-0.1166227,0.85,0.038566704839468,3.2466447,2.520548
5956,2.3166885,0.11360667,-0.1730105,0.85,0.007964763790369034,2.9695897,2.5388267
5957,2.2451432,0.08101102,-0.11161792,0.85,0.05,3.9046996,2.57918
5958,2.2708714,0.08522782,-0.069801345,0.8493738770484924,0.03381910175085068,3.0276573,2.4540427
5959,2.2859015,0.114000104,-0.27565834,0.85,0.020786790177226067,4.85555,1.8092932
5960,2.245876,0.030975372,-0.117762275,0.85,0.05,4.337208,1.8173006
5961,2.3822107,0.066100664,-0.18559222,0.8357834219932556,0.05035397410392761,2.507984,2.404279
5962,2.338684,0.03634179,-0.09088942,0.6824759244918823,0.04468531906604767,2.5283258,2.4816287
5963,2.3007984,0.11789175,-0.076341495,0.85,0.04022621363401413,2.5055823,2.8425152
5964,2.4022791,0.07450008,-0.23175837,0.85,0.020658176392316818,2.3340187,2.5084708
5965,2.1950295,0.05989476,-0.10074434,0.8287208676338196,0.03616878017783165,4.836445,1.6809576
5966,2.2123904,0.08271801,-0.058883622,0.85,0.05,4.1033673,1.7283382
5967,2.2063298,0.15802245,-0.081148505,0.85,0.013785390183329582,4.0658283,2.24506
5968,2.245664,0.14056659,-0.17305249,0.6727855205535889,0.05,4.1953807,2.0707784
5969,2.2041264,0.1274103,-0.23856658,0.8096282482147217,0.04720599576830864,5.02393,1.5201546
5970,2.248453,0.10061976,-0.15363258,0.8111072778701782,0.03596983477473259,3.9201245,2.1656814
5971,2.1987386,0.14551973,-0.1690391,0.85,0.04711485654115677,5.10341,2.3260589
5972,2.3052342,0.012021567,-0.06750795,0.8330599665641785,0.03143022581934929,3.0688677,2.5129166
5973,2.1816168,0.13205683,-0.1880277,0.8079009056091309,0.01932411454617977,5.223209,1.5217818
5974,2.2616847,0.12012579,-0.1361944,0.85,0.05,3.723973,2.4068146
5975,2.27257,0.06068122,-0.062780485,0.8237521648406982,0.05,3.1934147,2.5158274
5976,2.3513305,0.07760529,-0.23447901,0.8494816422462463,0.055925775319337845,3.5100791,2.7660396
5977,2.2658672,0.022758087,-0.109238006,0.8056074380874634,0.05,3.9633336,1.6742585
5978,2.2928867,0.013093503,-0.017853031,0.85,0.019923949614167213,3.1047652,2.071875
5979,2.2862947,0.05746219,-0.074716,0.8308463096618652,0.05,3.0727623,2.2134466
5980,2.2557516,0.14184691,-0.051533394,0.85,0.05,2.7136533,2.2635396
5981,2.1542995,0.08929835,-0.13428566,0.85,0.02631647139787674,6.0192413,1.4519407
5982,2.2942486,0.050537784,-0.15216495,0.5206806659698486,0.045141853392124176,3.464861,1.9551871
5983,2.267687,0.017855363,-0.00056649453,0.85,0.05,3.2156584,1.8868878
5984,2.2619057,0.04712135,0.012745146,0.8101440072059631,0.04343366622924805,3.3371608,2.5281615
5985,2.3139915,0.054438293,-0.13141851,0.8404460549354553,0.037080198526382446,3.1651597,2.1006708
5986,2.3703225,0.120320104,-0.3251707,0.85,0.03041372448205948,3.6736894,2.7721279
5987,2.2642639,0.13405228,-0.15566204,0.8394224643707275,0.03028571791946888,3.8418198,2.444066
5988,2.3323054,0.041007973,-0.08179347,0.8280553221702576,0.03426694497466087,2.5191455,2.580799
5989,2.218418,0.062063158,-0.018654026,0.6915740966796875,0.02111482247710228,4.3721175,2.3163533
5990,2.2493722,0.054731384,-0.124844246,0.8290853500366211,0.05176733806729317,4.1984825,1.981144
5991,2.2067425,0.10384867,0.0017996322,0.8408336639404297,0.03968631476163864,3.3702378,2.6141973
5992,2.285869,0.023439834,-0.067052014,0.85,0.05,3.1148398,2.386793
5993,2.3330204,0.10999712,-0.34204212,0.7944479584693909,0.04453196004033089,4.227565,2.2468307
5994,2.3510425,-0.022170203,-0.042592205,0.842621922492981,0.032674022018909454,2.5421085,2.49483
5995,2.3156404,0.03785629,-0.046508063,0.7595604658126831,0.016556372866034508,2.7630877,1.8827457
5996,2.2689831,0.06552574,-0.11640377,0.8273810744285583,0.05420953035354614,3.5927072,2.7005806
5997,2.181069,0.06519768,-0.033269245,0.7203772068023682,0.006588539574295282,4.817778,1.650545
5998,2.2889175,0.112891726,-0.15836376,0.8294426798820496,0.05,3.2835412,2.597118
5999,2.2416172,0.058603738,-0.07340608,0.85,0.05,4.309314,1.6990333
6000,2.4392276,0.040704284,-0.3255238,0.85,0.03117578849196434,2.8138757,2.427332
6001,2.3328388,0.049810745,-0.09484434,0.85,0.05,2.693244,2.310014
6002,2.361431,0.044830345,-0.120165825,0.573846697807312,0.02586202323436737,2.4286792,2.279351
6003,2.3246293,0.08541739,-0.1681826,0.85,0.0205696988850832,2.9754083,2.5891464
6004,2.2730227,0.07695207,-0.13502255,0.8007234334945679,0.05,4.0861387,2.235261
6005,2.2743995,0.030157581,-0.17383808,0.85,0.05,3.8957243,1.9319519
6006,2.3029256,0.1279405,-0.09072051,0.672589123249054,0.07059546560049057,2.4325087,2.3252308
6007,2.2848046,0.014704145,-0.14002085,0.7791526317596436,0.03816813975572586,4.0577717,1.8145032
6008,2.351265,0.013175349,-0.16251758,0.7513968348503113,0.0247820895165205,2.8570347,2.720221
6009,2.30384,0.15312716,-0.25037438,0.85,0.029700174927711487,3.604272,2.4122097
6010,2.3321564,0.028440764,-0.115814164,0.7943918108940125,0.035623468458652496,2.8697152,2.6521764
6011,2.2643332,0.062336702,-0.050307076,0.8449093103408813,0.008457295596599579,3.152185,2.4744036
6012,2.2698417,0.088790774,-0.17293642,0.85,0.017153939232230186,3.863694,2.15119
6013,2.2961762,0.09548539,-0.24997921,0.85,0.02680004946887493,4.00671,2.4057484
6014,2.1965983,0.059942838,-0.104337126,0.85,0.05,4.662913,1.7685853
6015,2.2909763,0.01706675,-0.053300165,0.8274059295654297,0.049128491431474686,2.8477497,2.6809685
6016,2.2023623,0.07478042,-0.12549599,0.8473311066627502,0.05,5.32644,1.6049547
6017,2.3581011,0.060867503,-0.19402677,0.8399110436439514,0.04901328310370445,2.9228926,2.3031578
6018,2.2445898,0.14157031,-0.14683153,0.85,0.05,4.4606824,2.417642
6019,2.3179986,0.054288723,-0.17885827,0.7704522013664246,0.07557917386293411,3.8100364,2.1680605
6020,2.4474764,0.060676318,-0.12882012,0.0951220765709877,0.04709405452013016,2.0702448,2.801864
6021,2.33049,0.06118854,-0.15873265,0.85,0.05,3.0141523,2.5506911
6022,2.2992413,0.097327515,-0.07559787,0.85,0.054104674607515335,2.5939875,2.53855
6023,2.2646186,0.033563487,-0.016339574,0.8075782060623169,0.017278267070651054,3.2251725,2.3499064
6024,2.277537,0.109963976,-0.16653077,0.8425801396369934,0.04350239783525467,4.0215964,2.6459103
6025,2.3121355,-0.009647897,-0.010931433,0.8202179670333862,0.03671383112668991,2.4777353,2.1795106
6026,2.3964257,-0.01171963,-0.16332054,0.5447289943695068,0.06072835251688957,2.73445,2.5860708
6027,2.3343349,0.15669431,-0.27132127,0.7315046191215515,0.05,3.2060945,2.5022936
6028,2.3197045,-0.014486847,-0.078067094,0.7909504175186157,0.07080302387475967,2.9518845,2.2144127
6029,2.286593,0.079306975,-0.117446825,0.85,0.05,3.5268614,2.1335285
6030,2.305679,0.07197435,-0.11297282,0.85,0.05,2.9800067,2.3281176
6031,2.285501,0.05414878,-0.14689374,0.7793757319450378,0.02521703951060772,3.6554935,2.1464932
6032,2.3091457,0.023057707,-0.14438823,0.85,0.05,3.4747956,2.147849
6033,2.2778606,0.103561364,-0.16216631,0.85,0.05,3.5945535,2.1860266
6034,2.3484273,0.06829371,-0.1375179,0.8187097311019897,0.04116888716816902,2.5552812,2.270826
6035,2.3458116,0.056068804,-0.072525986,0.557725727558136,0.12738928198814392,2.3273418,2.740146
6036,2.2244565,0.10502541,-0.08699708,0.85,0.05,3.9354067,1.8570812
6037,2.0956583,0.086427845,0.004720634,0.8492195010185242,0.0440487265586853,5.650674,1.8568131
6038,2.2296236,0.10532195,-0.13969876,0.8265478610992432,0.05,4.127656,2.436229
6039,2.2555056,0.094327964,-0.0046432144,0.7160860896110535,0.05857395753264427,2.6528668,2.5710912
6040,2.1621978,0.10040231,-0.11399862,0.8182076811790466,0.04105081409215927,4.9211593,1.4907905
6041,2.2068083,0.115667604,0.017574333,0.8494951128959656,0.013143019750714302,3.1573958,2.5762088
6042,2.32455,0.051928837,-0.079042815,0.6361371874809265,0.08199630677700043,2.8211713,2.7675667
6043,2.252643,0.061737984,0.020977715,0.85,0.03438345342874527,3.0748146,2.3702943
6044,2.2782228,0.1035164,-0.081715815,0.85,0.00023298923042602837,2.7659476,2.4293103
6045,2.2889771,0.105125256,-0.14900163,0.85,0.05,3.2189188,2.3084257
6046,2.2851903,0.08863219,-0.006655033,0.85,0.05,2.1560981,2.57117
6047,2.2090323,0.14697015,-0.062093824,0.85,0.05,3.9602141,2.66704
6048,2.321139,0.058108255,-0.19052945,0.7669982314109802,0.03124896250665188,3.4126198,2.0961583
6049,2.2547262,0.091122605,-0.26146883,0.8073487281799316,0.0463724322617054,4.636546,2.0461514
6050,2.3023286,0.064760424,-0.057540186,0.8092097640037537,0.02252623811364174,2.94424,2.3636882
6051,2.309057,0.06644658,-0.13041456,0.8225449323654175,0.05,3.2503862,2.1000354
6052,2.2167084,0.06291416,-0.08293455,0.85,0.04202350974082947,4.4352093,2.2078416
6053,2.2282398,0.08834059,0.058027405,0.830061137676239,0.05,2.7839553,2.7356923
6054,2.2783215,0.035814498,-0.082022466,0.6534129977226257,0.005962668918073177,2.9971259,2.2604208
6055,2.1985686,0.05465879,-0.0542388,0.85,0.024096591398119926,4.496409,1.9055759
6056,2.3039734,0.016985886,-0.020925624,0.7235417366027832,0.002298078266903758,2.4551091,2.4825664
6057,2.3759806,0.028890548,-0.0875375,0.6921836137771606,0.05173685774207115,2.3032165,2.7585852
6058,2.3487606,0.06916553,-0.18562552,0.7977436780929565,0.05,2.7293406,2.6068976
6059,2.4193935,0.07616284,-0.1784274,0.2861710488796234,0.04638516902923584,2.2075083,2.5414577
6060,2.2636287,0.047301706,-0.16952908,0.85,0.02742929756641388,4.4168925,2.0978928
6061,2.344761,0.06627457,-0.12851585,0.6039365530014038,0.05,2.4259884,2.442026
6062,2.21522,0.10844559,-0.230958,0.85,0.03196537122130394,5.1680336,2.0039625
6063,2.4611058,6.0138034e-05,-0.020844737,0.7927764058113098,0.012582455761730671,1.9810985,2.6810644
6064,2.1975555,0.106779024,-0.13153587,0.85,0.05,3.7993412,1.8999196
6065,2.2898867,0.08962825,-0.038224757,0.49518051743507385,0.029170729219913483,2.4385204,2.5735815
6066,2.2762578,0.071040295,-0.25017682,0.85,0.014298108406364918,4.6002083,1.8063188
6067,2.300503,0.071127154,-0.037169185,0.6756824254989624,0.07476069033145905,2.3817353,2.880851
6068,2.3046162,0.07223577,-0.22003381,0.85,0.022725841030478477,4.438373,2.1095994
6069,2.246433,0.1021843,-0.10633316,0.834041953086853,0.05,3.8074932,2.2845328
6070,2.1486328,0.1078349,-0.13910756,0.85,0.013612186536192894,5.769628,1.5800153
6071,2.1747477,0.01758031,-0.08368812,0.8012186288833618,0.021678607910871506,5.4912977,1.4414988
6072,2.3290021,0.099858604,-0.24311152,0.85,0.05,3.462613,2.128977
6073,2.3247097,0.13964084,-0.098508924,0.5821365714073181,0.16053998470306396,2.4296734,2.9215834
6074,2.31134,0.04412645,-0.23292123,0.8121843338012695,0.05,4.0570846,2.0029325
6075,2.2940562,0.025265416,-0.16992265,0.85,0.032248858362436295,3.9133112,2.4432251
6076,2.2394962,0.06400507,-0.0620722,0.85,0.05,3.6850107,1.7842587
6077,2.298923,0.08918426,-0.062037785,0.85,0.04314300790429115,2.8550842,2.0779042
6078,2.3216088,0.048811793,-0.07033752,0.8482390642166138,0.029869500547647476,2.7260263,2.394826
6079,2.284253,0.12181669,-0.16172919,0.847324788570404,0.05,3.9601147,2.6101718
6080,2.2788804,0.11084025,-0.1527902,0.85,0.007620217278599739,3.3926697,2.2273927
6081,2.3111558,0.06440838,-0.09311666,0.85,0.02937442623078823,2.545848,2.3913777
6082,2.28934,0.10274292,-0.042133946,0.7733795046806335,0.06879808008670807,2.275852,2.0139942
6083,2.3130984,0.016333405,0.052312452,0.7004262208938599,0.03982895240187645,2.5036328,2.03936
6084,2.2695203,0.08139592,-0.11476896,0.85,0.05,3.6723895,2.3019702
6085,2.2049332,0.114367716,-0.13623798,0.85,0.05,4.781661,1.8727236
6086,2.3386858,0.052260153,-0.08774391,0.824373722076416,0.05225056782364845,2.3904493,2.7436395
6087,2.28866,0.027655127,-0.059594046,0.348619282245636,0.038326747715473175,3.2794518,2.5885959
6088,2.2918978,0.06783947,-0.051763996,0.7713373303413391,0.05,2.6896994,2.2647977
6089,2.2871857,0.159992,-0.070903115,0.7982421517372131,0.0628078430891037,2.473758,2.874901
6090,2.2713954,0.09683363,-0.049683157,0.8364416360855103,0.05,2.7162359,2.8620353
6091,2.3838422,-0.017029915,-0.113657534,0.85,0.05,2.1858447,2.4437788
6092,2.20806,0.10977451,-0.14202623,0.85,0.025758376345038414,4.970525,2.1203701
6093,2.219942,0.08524554,-0.11440875,0.8464477062225342,0.05,4.43101,2.0963583
6094,2.1489084,0.15749128,-0.13856305,0.85,0.05,5.155541,1.6234411
6095,2.2686682,0.08603184,-0.09947341,0.85,0.05,3.1049893,2.3661852
6096,2.2496645,0.037365597,-0.065001704,0.85,0.004777186084538698,3.9413402,2.0170412
6097,2.2520268,0.07155088,0.018276718,0.85,0.013611499220132828,3.0202174,2.4173963
6098,2.2887037,0.04898466,-0.2863983,0.5799325108528137,0.05,5.7006116,1.5241996
6099,2.3856788,0.030453676,-0.21648483,0.85,0.05,2.6312983,2.207056
6100,2.2016494,0.13437995,-0.05585474,0.6991851329803467,0.05,3.4666133,2.0175858
6101,2.1901684,0.12293707,-0.07207458,0.85,0.05,4.4195795,2.566886
6102,2.2168987,0.106080405,-0.054984115,0.85,0.05,3.4123046,2.3127327
6103,2.2790284,0.07780762,-0.07361629,0.7135745286941528,0.05692969262599945,3.3282282,2.5560136
6104,2.337294,0.07204395,-0.092606425,0.8288169503211975,0.028994325548410416,2.231027,2.8802664
6105,2.35385,0.11016982,-0.29973596,0.85,0.029402803629636765,3.4985833,2.674307
6106,2.2917528,0.0015931486,-0.16226617,0.8231833577156067,0.05,4.0329432,2.020187
6107,2.2795293,0.10631714,-0.23049928,0.8423066139221191,0.02538846805691719,4.1313477,1.95483
6108,2.3188639,0.09117594,-0.10264634,0.5065706372261047,0.09622780233621597,2.2119167,2.5364757
6109,2.2524278,0.056795213,-0.18297416,0.8059213161468506,0.05,4.7908177,1.771691
6110,2.307384,0.08932483,-0.10283058,0.85,0.02080761454999447,2.6333566,2.7550802
6111,2.1843343,0.1608624,-0.037439257,0.831228494644165,0.05,3.9174476,1.80874
6112,2.37297,0.035812303,-0.1806327,0.5386807918548584,0.057418566197156906,2.5922952,2.309668
6113,2.259116,0.10192293,-0.098330274,0.85,0.05,3.347531,2.229212
6114,2.3250654,0.049711794,-0.07305281,0.8218876123428345,0.05,2.178088,2.2708986
6115,2.2987614,0.06487428,-0.22758038,0.8394269943237305,0.04564067721366882,4.1228547,2.5595777
6116,2.237085,0.11727804,-0.18618238,0.85,0.053272124379873276,4.538351,2.8440301
6117,2.2691002,0.09139285,-0.11293905,0.85,0.05,3.2409108,2.3884046
6118,2.240047,0.025523331,-0.07497488,0.85,0.04092523083090782,4.6039696,2.787127
6119,2.2649565,0.08018047,-0.022307575,0.4253063499927521,0.011849718168377876,2.7649517,2.2941844
6120,2.4398062,0.10896642,-0.06895319,0.6575577259063721,0.11568429321050644,2.2138016,2.853234
6121,2.354169,0.021492617,-0.015028341,0.85,0.05,2.27294,2.244419
6122,2.3565998,0.031777993,-0.024167512,0.8093029260635376,0.0596555732190609,2.1785438,2.8939905
6123,2.3282864,0.05302878,-0.067083724,0.85,0.009490820579230785,2.3253124,2.2895348
6124,2.1924648,0.054045945,-0.18307903,0.85,0.05,5.240146,1.4590375
6125,2.3211505,0.07874685,-0.050463535,0.6270774602890015,0.05263686552643776,2.472288,2.169639
6126,2.3039126,0.03498254,-0.021887815,0.85,0.011234140954911709,2.7960548,2.1115885
6127,2.2318559,0.06015359,0.019777775,0.732360303401947,0.05,3.6812105,2.4393501
6128,2.2283611,0.042050906,-0.062821425,0.8414521217346191,0.013165147043764591,3.9911983,1.9148693
6129,2.3444324,0.07320395,-0.2938002,0.85,0.05,4.1784024,2.5077734
6130,2.249541,0.011631562,-0.060642138,0.7644408941268921,0.03202087804675102,4.051804,2.4450898
6131,2.3186538,0.10611896,-0.201147,0.85,0.05,2.7766223,2.5136662
6132,2.281046,0.16839291,-0.15709698,0.6944303512573242,0.0028192789759486914,3.0552847,2.7999897
6133,2.354819,0.111829996,-0.1933727,0.8065951466560364,0.023212933912873268,2.4604576,2.4820673
6134,2.3341663,0.041509584,-0.006646772,0.85,0.04424397647380829,2.415997,2.7774231
6135,2.3493013,0.023937665,-0.031474363,0.5807123184204102,0.03876858577132225,2.4115436,2.273386
6136,2.365115,0.020960536,-0.115031086,0.8292744159698486,0.05042247846722603,2.1301482,2.8181603
6137,2.335303,0.033334058,-0.009350275,0.1274881362915039,0.014726873487234116,2.0189497,2.4070165
6138,2.354389,0.10464102,-0.07819736,0.8123553991317749,0.05488911643624306,2.0976124,2.6286602
6139,2.2699537,0.1120323,-0.062300857,0.7655102610588074,0.05609771981835365,2.779667,2.678308
6140,2.335075,0.019630913,-0.13435958,0.8148003816604614,0.048393312841653824,2.7092977,2.8677785
6141,2.3139484,0.020469999,-0.12352855,0.8298868536949158,0.029705630615353584,2.8371503,2.1839173
6142,2.334756,0.08749753,-0.10584096,0.8159347772598267,0.01744350977241993,2.2674863,2.5165834
6143,2.2665763,0.08028745,-0.07317209,0.8273588418960571,0.05477524176239967,3.619936,2.4757166
6144,2.262757,0.10501638,-0.05220189,0.8261005878448486,0.0549510195851326,2.8420284,2.5082633
6145,2.2521446,0.13867426,-0.1402242,0.85,0.020176896825432777,3.522924,2.343993
6146,2.2950974,0.04099858,-0.10809686,0.85,0.02516111172735691,3.2470858,2.198714
6147,2.4098356,-0.0035990458,-0.126664,0.030241332948207855,0.04316531866788864,2.2514083,2.5461442
6148,2.1992958,0.08447021,-0.2272443,0.85,0.03488100320100784,5.266936,1.5734301
6149,2.2068431,0.17328651,-0.21753554,0.85,0.05,4.952962,1.8130006
6150,2.3000546,0.08867408,-0.06181636,0.8364893794059753,0.011984202079474926,2.4810736,2.5119216
6151,2.4107542,0.054119058,-0.19122341,0.5875908732414246,0.05,2.193775,2.284756
6152,2.289894,0.099292256,-0.038632214,0.3660811185836792,0.039844658225774765,2.3733256,2.6442854
6153,2.4273798,0.06929752,-0.20999789,0.8434533476829529,0.05,2.080114,2.6386845
6154,2.3715868,0.05047173,-0.05488099,0.7203199863433838,0.05843016132712364,2.0504704,2.5504088
6155,2.2914984,0.12097986,-0.16806936,0.85,0.0037810702342540026,3.4146488,2.6706107
6156,2.2569568,0.085376054,-0.001534444,0.8076522946357727,0.022769063711166382,2.4482195,2.3523989
6157,2.2735147,0.14479385,-0.27398336,0.85,0.05,4.589912,1.8062297
6158,2.2876515,0.11243241,-0.19046886,0.7976029515266418,0.03972310945391655,3.5696173,2.1682909
6159,2.322082,0.0785502,-0.2496062,0.85,0.05,3.9312055,2.135957
6160,2.3238235,0.03182539,-0.1316166,0.8220131397247314,0.029544560238718987,2.8287194,2.6401327
6161,2.320927,0.06571534,-0.06117659,0.2675504982471466,0.036719080060720444,2.4781692,2.5752296
6162,2.383232,0.03710521,-0.11331797,0.35247960686683655,0.06102968007326126,2.06136,2.5305948
6163,2.2296436,0.037392564,-0.02730535,0.85,0.01698540337383747,4.043788,2.2450678
6164,2.2195268,0.17530766,-0.16836503,0.85,0.027993591502308846,4.364139,2.020879
6165,2.1948411,0.13329284,-0.07309924,0.85,0.0173368938267231,4.0370264,2.0770464
6166,2.3131294,0.051852096,-0.13760923,0.85,0.05,2.872485,2.6524124
6167,2.2451699,0.044834644,-0.022225972,0.85,0.014837399125099182,3.3621724,2.1933937
6168,2.2140348,0.16102615,-0.12898114,0.85,0.05,4.072011,2.0023613
6169,2.2805145,0.13290568,-0.20714937,0.85,0.05,3.1833775,2.2675242
6170,2.3111374,0.045659997,-0.21769048,0.85,0.02492431364953518,4.0193214,1.8876473
6171,2.2917252,0.08864648,-0.09194396,0.6346145272254944,0.05664152652025223,2.8522158,2.1549
6172,2.2422369,0.038020093,-0.003283673,0.85,0.05,3.6500204,2.1704361
6173,2.242297,0.057379343,-0.009370001,0.8237621784210205,0.02575593627989292,3.375876,2.630314
6174,2.3292034,0.07967361,-0.23310292,0.8390487432479858,0.05,3.7922757,2.35546
6175,2.2764702,0.07560835,-0.09770767,0.516441822052002,0.05,3.3015225,1.8500335
6176,2.1992803,0.033592444,0.050073657,0.85,0.05,4.019173,2.09364
6177,2.2409828,0.07085601,-0.12874384,0.85,0.007062273100018501,4.139826,2.0861602
6178,2.286967,0.095461816,-0.12047573,0.85,0.05,2.9024367,2.1763053
6179,2.2157104,0.19804306,-0.21992372,0.8481916189193726,0.03289472684264183,4.95735,1.8675505
6180,2.2912595,0.024059184,9.8993674e-05,0.7795803546905518,0.05,2.8883634,2.228036
6181,2.2946193,0.046616107,-0.23111208,0.8307577967643738,0.0549062080681324,4.934774,2.0067623
6182,2.313828,0.0063650543,-0.1179916,0.85,0.024275729432702065,3.1520832,2.6089509
6183,2.2803664,0.17057858,-0.2538293,0.85,0.05,4.1096244,2.3394916
6184,2.2811918,0.09596545,-0.23058337,0.85,0.010939867235720158,3.8144412,1.9476261
6185,2.280816,0.09359514,-0.063909225,0.85,0.03237451612949371,2.6173677,2.5017185
6186,2.2727478,0.12908559,-0.22207862,0.85,0.05,4.349478,2.175191
6187,2.3117666,-0.0019863443,-0.078612864,0.7314103245735168,0.02847367525100708,2.772689,2.3905716
6188,2.2670577,0.0119754085,-0.07214458,0.8373995423316956,0.05,3.8823786,1.9279004
6189,2.210158,0.08219212,-0.103919335,0.85,0.004392086993902922,4.810044,2.0740833
6190,2.3245983,0.004143989,-0.0039799507,0.33007556200027466,0.08626813441514969,2.6335087,2.5050635
6191,2.181304,0.13734427,-0.030716924,0.4742821753025055,0.006962385028600693,3.8177283,2.236675
6192,2.2679272,0.09265025,-0.115063235,0.85,0.05,3.6869528,2.7200654
6193,2.2464924,0.087195076,-0.05010117,0.8216753602027893,0.02061641402542591,3.621516,2.2088072
6194,2.3736138,0.039021146,-0.068074904,0.85,0.04854249209165573,2.3501487,2.626983
6195,2.2146294,0.04908478,-0.111061364,0.7664300799369812,0.05,4.41968,1.720183
6196,2.3322527,0.03860947,-0.06983984,0.18746548891067505,0.08153025805950165,2.7710538,2.3292332
6197,2.2991228,0.151538,-0.049847644,0.7084360718727112,0.05,2.159422,2.562941
6198,2.241501,0.16271965,-0.05138088,0.85,0.05,3.0922103,2.8933353
6199,2.34612,0.059398238,-0.061333667,0.8178653120994568,0.04783584550023079,2.1028297,2.7230842
6200,2.1842132,0.04999034,-0.110231034,0.8245426416397095,0.034274790436029434,4.749697,1.4843193
6201,2.2879395,0.038291786,-0.13089243,0.7535181045532227,0.053107768297195435,3.8881874,2.708885
6202,2.318241,0.06810388,-0.089326866,0.3722645044326782,0.08920586109161377,2.661401,2.4783742
6203,2.2222042,0.06585908,-0.112430274,0.85,0.05,4.076224,1.882033
6204,2.3938365,0.0577449,0.06489745,-0.008490025997161865,0.10900901257991791,2.0580978,2.8116689
6205,2.2615151,0.0320701,-0.21076372,0.806354820728302,0.05,4.9732018,1.8177283
6206,2.2006252,0.036552407,-0.03448117,0.85,0.05,4.5019364,1.7232121
6207,2.3223338,0.09222241,-0.050263964,0.48080599308013916,0.0711187794804573,2.5645175,2.7097363
6208,2.314842,0.12753545,-0.121349454,0.6634021401405334,0.0244639590382576,2.295473,2.4469113
6209,2.2776787,0.057774287,-0.058972355,0.8408627510070801,0.027502484619617462,2.731601,2.3876576
6210,2.2138348,0.08928404,-0.03601443,0.85,0.05,4.2221627,1.8768603
6211,2.2997618,0.04951856,-0.14042015,0.85,0.015984004363417625,3.543683,2.3806512
6212,2.2505372,0.06328093,-0.12496746,0.85,0.0330054834485054,4.337926,2.1346421
6213,2.2771213,0.045546692,-0.20429742,0.85,0.05,4.9509354,2.125419
6214,2.2636151,0.09696989,-0.14222744,0.85,0.014003871008753777,3.490056,2.2710075
6215,2.2989228,0.07394724,-0.049348418,0.6050402522087097,0.033526476472616196,2.6817589,2.5949037
6216,2.165235,0.14451435,-0.07922661,0.85,0.05,5.197053,1.7263495
6217,2.2218401,0.16412212,-0.20667484,0.85,0.03349696099758148,4.5935564,2.2109127
6218,2.2092392,0.07314593,0.014040612,0.603119432926178,0.038477081805467606,3.1697936,2.5131543
6219,2.4015887,0.075404555,-0.09006689,0.7049669027328491,0.04709041863679886,2.0526135,2.856628
6220,2.1834943,0.11559714,-0.065083705,0.85,0.0346192792057991,4.780024,2.312723
6221,2.3939307,0.015014833,-0.032594632,0.7627960443496704,0.02831069380044937,2.2009485,2.6882327
6222,2.1799176,0.078513004,-0.030618293,0.85,0.05,4.5756717,1.6958095
6223,2.343118,0.10331806,-0.3186937,0.8408598303794861,0.05,4.433938,1.9262481
6224,2.408448,0.010134971,-0.034881666,0.85,0.05168338492512703,2.0998755,2.5865393
6225,2.2325325,0.13227433,-0.11054457,0.85,0.014306834898889065,3.530987,2.657571
6226,2.2037072,0.104185864,-0.012321993,0.6524709463119507,0.0334995798766613,4.2579074,2.2139416
6227,2.1941838,0.07803939,-0.02550959,0.8314381837844849,0.027741961181163788,3.9002957,2.0411742
6228,2.219849,0.007940443,-0.028580278,0.85,0.025552602484822273,3.9758809,2.1671207
6229,2.2693164,0.1206129,-0.10917859,0.85,0.05,2.8110368,2.8239102
6230,2.2577374,0.15564612,-0.21167205,0.8163772821426392,0.031027425080537796,4.459953,1.8027425
6231,2.3419125,0.10629022,-0.14355086,0.7959286570549011,0.04478888586163521,2.534508,2.7949564
6232,2.2455797,0.14069265,-0.07789199,0.725025475025177,0.05,3.1610355,2.1778138
6233,2.2381084,0.033800237,-0.07136905,0.85,0.021552706137299538,3.881863,1.8305598
6234,2.1980574,0.08560656,-0.04563589,0.8064501285552979,0.03049555793404579,4.354678,2.1288357
6235,2.161672,0.13089567,-0.14094292,0.85,0.04179958254098892,4.1755095,2.7945714
6236,2.3167572,0.03141799,-0.050829418,0.8124697804450989,0.0286403801292181,2.717321,2.4588058
6237,2.319256,0.040556673,-0.084128566,0.85,0.030222566798329353,2.951359,2.563003
6238,2.2921162,0.10097459,-0.074404664,0.85,0.05,2.563096,2.4228828
6239,2.202596,0.101741806,-0.05941492,0.8100876808166504,0.027226701378822327,4.0070415,1.7313622
6240,2.2789671,0.0074468474,-0.07621004,0.8371431827545166,0.05,3.5569232,2.0729835
6241,2.2924988,0.03374967,-0.06835054,0.85,0.05,3.1221702,2.2746744
6242,2.3489075,0.105962284,-0.22754265,0.5070504546165466,0.09032528847455978,3.4427543,2.8195827
6243,2.272872,0.155766,-0.18634862,0.8390152454376221,0.05,3.5034823,2.802545
6244,2.3106377,-0.014685204,-0.15029612,0.85,0.02194918692111969,3.9734201,2.1344109
6245,2.2384424,0.10618499,-0.15189263,0.85,0.05,4.4201727,2.0294862
6246,2.3627548,0.009432107,-0.030567784,0.644935131072998,0.08954774588346481,2.176069,2.8648903
6247,2.2571561,0.09291577,-0.1481328,0.8285337686538696,0.031334102153778076,4.198291,2.3519535
6248,2.219222,0.10470125,-0.1087474,0.85,0.024421723559498787,4.154418,2.0802684
6249,2.2363336,0.029171716,0.047960494,0.45033514499664307,0.03378237411379814,2.7193685,2.8597088
6250,2.2409372,0.085374236,-0.10845577,0.85,0.05,4.175142,2.0645323
6251,2.35076,0.020132076,-0.074156456,0.8020001649856567,0.05,2.579536,2.2945223
6252,2.2441902,0.07789643,-0.13844356,0.85,0.05,4.492603,1.9314243
6253,2.1871672,0.09962337,-0.050158784,0.85,0.05,4.4408994,2.1485116
6254,2.2458057,0.05513816,-0.033285286,0.6946046352386475,0.05,3.195504,2.3051507
6255,2.3334146,0.06808715,-0.13299921,0.6058964133262634,0.05,2.6637242,2.5627925
6256,2.407146,0.069572054,-0.23089576,0.6015567183494568,0.04290337115526199,2.5039697,2.274997
6257,2.2556748,0.05725288,-0.049162365,0.7306585311889648,0.05,3.4543686,2.178929
6258,2.2861598,0.10811089,-0.18859518,0.7030084729194641,0.05569184198975563,4.2855616,2.2895844
6259,2.313338,0.07339056,-0.13188402,0.85,0.04462289810180664,2.8087602,2.823694
6260,2.2098227,0.08020511,-0.0015456026,0.8394274711608887,0.05,3.7867498,2.2873266
6261,2.1468618,0.17563091,-0.15887892,0.85,0.05,5.0803585,1.4307746
6262,2.359849,0.026544843,-0.0027712001,0.7266901731491089,0.06464565545320511,2.1253488,2.198925
6263,2.3002057,0.0114162555,-0.15023127,0.85,0.02965155616402626,3.947844,2.50263
6264,2.2156217,0.04158643,-0.0035372905,0.7553099989891052,0.015603859908878803,3.5723963,2.1291974
6265,2.246675,0.058985677,-0.04459429,0.8337572813034058,0.05,3.397632,2.269474
6266,2.2554982,0.08076695,-0.08369493,0.8242725729942322,0.05,3.9433122,1.9399581
6267,2.2448783,0.1483764,-0.25436696,0.85,0.012303315103054047,5.0465107,1.7331114
6268,2.266762,0.076176226,-0.10128905,0.7449175715446472,0.05,3.2701175,2.2206967
6269,2.3094225,0.070910536,-0.06898366,0.6931245923042297,0.05,2.5824974,2.3136616
6270,2.2180552,0.16290134,-0.2782263,0.8140856027603149,0.05,4.6734576,1.639473
6271,2.1937013,0.109809004,-0.030565647,0.8306853771209717,0.04749675467610359,3.8041837,2.6568809
6272,2.329869,0.02258058,-0.11131716,0.85,0.03847162798047066,2.802853,2.8274033
6273,2.33896,-0.018247718,-0.01624241,0.85,0.05,2.4984014,2.8498495
6274,2.1875038,0.13195224,-0.09545804,0.85,0.05,4.5917034,1.8385788
6275,2.2161639,0.11884834,-0.08850961,0.85,0.05,4.1598196,1.9932802
6276,2.190748,0.035013527,-0.15039508,0.85,0.05,5.1369376,1.419585
6277,2.3948717,0.033932947,-0.096379705,0.8424332737922668,0.03850329667329788,2.028741,2.554581
6278,2.3247392,0.07680915,-0.08330509,0.85,0.05,2.5932834,2.700609
6279,2.2136655,0.05200422,-0.18475445,0.85,0.04387445002794266,4.871393,1.6283593
6280,2.2166915,0.102965854,-0.052405514,0.85,0.006922577507793903,3.8602455,2.021497
6281,2.2439299,0.052927006,-0.11864098,0.85,0.02208135277032852,4.294649,2.1090581
6282,2.18261,0.11440883,-0.083063856,0.85,0.05,4.761985,1.7889204
6283,2.2406182,0.12122789,-0.084226295,0.8150466084480286,0.03537508845329285,3.4140482,2.4921637
6284,2.3128686,0.05242373,-0.25475907,0.85,0.02955249883234501,4.637126,2.0066402
6285,2.355821,0.0017388875,-0.10300747,0.7784069776535034,0.025901731103658676,2.646246,2.3068697
6286,2.3742049,0.018230382,-0.09777427,0.830647885799408,0.06608287245035172,2.5480576,2.6682966
6287,2.3865674,0.11689902,-0.21203555,0.85,0.02689957059919834,2.3930635,2.5980532
6288,2.1737251,0.128504,-0.0450253,0.85,0.05,4.179961,1.7175286
6289,2.293441,0.03114419,-0.07787805,0.5063024759292603,0.04100663587450981,3.163419,2.5589664
6290,2.3493524,0.009970596,-0.067906566,0.85,0.026583313941955566,2.5493836,2.31981
6291,2.2459385,0.056274734,-0.11280779,0.6018044352531433,0.05,4.399118,2.031173
6292,2.1751773,0.082646474,-0.11228519,0.85,0.05,5.0290856,1.6003772
6293,2.264971,0.123969294,-0.0773855,0.46158289909362793,0.053065892308950424,2.5087585,2.2410307
6294,2.2718954,0.061554875,-0.09447795,0.85,0.05,3.7330117,2.0878448
6295,2.2399664,0.06874857,-0.19615291,0.85,0.02290370501577854,4.9621863,1.9823425
6296,2.280833,0.08787814,-0.31460106,0.85,0.05,5.425648,1.4746985
6297,2.1304193,0.1797583,-0.07739741,0.85,0.05,4.6116104,1.5722873
6298,2.1638644,0.13580278,-0.109873764,0.8399593830108643,0.05,5.11691,1.6893299
6299,2.2065213,0.02451493,-0.07985737,0.8147401809692383,0.05,4.904067,1.5468742
6300,2.2429914,0.018702243,-0.0037598405,0.6974844932556152,0.004594131838530302,3.5457792,2.1109853
6301,2.3366063,0.065596096,0.0059430245,0.236116424202919,0.05,2.0022078,2.270887
6302,2.1999457,0.14746809,-0.07917398,0.8453286290168762,0.027023175731301308,4.169592,2.319121
6303,2.2646751,0.019991223,0.010172594,0.7750186324119568,0.034419044852256775,2.6091642,2.4626698
6304,2.334705,0.0039721667,-0.15999028,0.5994550585746765,0.044669799506664276,2.892572,2.1748328
6305,2.2580206,0.08032419,-0.10828439,0.8429183959960938,0.05,3.5990982,2.5661032
6306,2.2622232,0.051297653,-0.049815707,0.8475256562232971,0.026844674721360207,3.3087025,2.1750662
6307,2.2888732,0.13208081,-0.2177826,0.85,0.006616191938519478,4.014491,2.0840752
6308,2.2605338,-0.020940006,-0.068834975,0.85,0.05,3.9535625,2.054085
6309,2.317528,0.05163776,-0.13399127,0.8440446257591248,0.03097887709736824,3.2533908,2.1724129
6310,2.2938554,0.042870346,-0.16346914,0.7542546391487122,0.0137337576597929,4.042138,2.182238
6311,2.2810247,0.101251125,-0.22502947,0.8329171538352966,0.05,3.9848747,2.130592
6312,2.2999098,0.009013856,-0.04648085,0.5870356559753418,0.040397658944129944,3.200501,2.535127
6313,2.389794,0.06678323,-0.25853804,0.7308956384658813,0.04488883167505264,2.5857286,2.7843983
6314,2.33947,0.03725826,-0.1318576,0.756345272064209,0.04283266142010689,2.897233,2.7274296
6315,2.2449682,0.07682624,-0.07503919,0.8194705843925476,0.018846601247787476,3.5093777,2.077955
6316,2.289135,0.037193988,-0.050621398,0.7864092588424683,0.03599707782268524,3.3454618,2.4028
6317,2.3910596,0.03765831,-0.15177807,0.85,0.05,2.0970035,2.6848743
6318,2.3372495,0.036226265,-0.28174633,0.85,0.01679063029587269,4.212758,1.9272697
6319,2.2360358,0.08386499,-0.117733605,0.85,0.017220325767993927,4.47066,2.154187
6320,2.2647102,0.077955626,-0.1171401,0.85,0.05,3.7744858,2.189832
6321,2.3019042,0.07300912,-0.19159867,0.85,0.05,3.8811605,2.2144952
6322,2.2998443,0.039151847,-0.025091404,0.7702777981758118,0.04242131486535072,2.5837784,2.8203192
6323,2.3049183,0.13551234,-0.25691912,0.85,0.002233631443232298,3.1077862,2.4604115
6324,2.2399223,0.092164986,-0.061111484,0.85,0.009118692949414253,3.2708905,2.0691857
6325,2.4104333,0.027738534,-0.18596055,0.20077411830425262,0.06225121021270752,2.2075906,2.8220823
6326,2.2395844,0.079238944,-0.087762214,0.85,0.05,3.9413214,1.9806261
6327,2.1817932,0.11793854,-0.033671126,0.85,0.05,4.2593927,2.2715075
6328,2.2769434,0.043051373,-0.12749474,0.85,0.05,3.505804,2.151272
6329,2.2756157,0.02366176,-0.05059603,0.85,0.015047052875161171,3.2832072,2.2178144
6330,2.3919942,-0.067307934,-0.046537377,0.8360767960548401,0.041659876704216,2.3239655,2.590502
6331,2.3629804,0.1306297,-0.14762539,0.2221921980381012,0.13995596766471863,2.4555788,2.8197863
6332,2.27806,0.06376548,-0.0197922,0.85,0.021131394430994987,2.677075,2.3878238
6333,2.3734426,0.09127648,-0.1287589,0.8141872882843018,0.04575122892856598,2.3168094,2.3050678
6334,2.3338516,0.01100616,-0.021334281,0.565698504447937,0.04947030171751976,2.2565434,2.68962
6335,2.2962487,0.09309059,-0.12487974,0.6170433163642883,0.07173062115907669,3.101953,2.424904
6336,2.268281,0.03246664,-0.16264385,0.830341100692749,0.05,4.1043344,1.972531
6337,2.3136077,0.074587256,-0.08674432,0.8194385766983032,0.033767104148864746,2.6325247,2.582399
6338,2.2381938,0.07177038,-0.06908901,0.7542423009872437,0.04197477549314499,3.2286398,2.1011143
6339,2.3224611,0.097014554,-0.16542564,0.8339172601699829,0.004673053044825792,2.3344698,2.4277601
6340,2.3911357,0.014604874,-0.057690445,0.45544758439064026,0.0425773449242115,2.15837,2.7335193
6341,2.27729,0.08896789,-0.03746611,0.85,0.05,2.8958833,2.706112
6342,2.299888,0.07085921,-0.077570684,0.7964676022529602,0.025023914873600006,2.5306253,2.5726507
6343,2.3370838,0.10894544,-0.2015447,0.85,0.05,2.7604876,2.2886643
6344,2.2275348,0.06296524,-0.123357885,0.85,0.020353207364678383,4.6418614,2.099117
6345,2.1146696,0.121247984,-0.111227185,0.85,0.024677205830812454,6.3630357,1.2485646
6346,2.4530058,-0.07959234,-0.19963765,0.8244821429252625,0.011637292802333832,2.4271367,2.160996
6347,2.3793595,0.0813564,-0.09431313,0.37873557209968567,0.07476342469453812,2.2847803,2.6725678
6348,2.3546405,0.058326814,-0.12505904,0.5801006555557251,0.0556400865316391,2.135997,2.799022
6349,2.4234743,-0.0021717967,-0.19392616,0.85,0.05,2.624885,2.5406454
6350,2.3334763,0.044035017,-0.10741541,0.614861786365509,0.03910130634903908,2.7249312,2.2547703
6351,2.2768044,0.06285874,-0.16741958,0.85,0.05,4.1824107,2.1827
6352,2.3368306,0.004891422,-0.10980256,0.5013952851295471,0.024085188284516335,3.1531405,2.1448796
6353,2.2477562,0.09163751,-0.037148967,0.7604977488517761,0.05,3.123553,2.3410294
6354,2.2133012,0.14285032,-0.12201126,0.85,0.05,4.215673,2.1271071
6355,2.3142123,0.063865766,-0.28410196,0.8152933716773987,0.019599739462137222,4.824889,1.7375919
6356,2.2858777,0.10019651,0.065530404,0.8164387941360474,0.039729151874780655,2.288503,2.8487031
6357,2.2792244,0.082653806,-0.1459183,0.85,0.05,3.5673733,2.3351502
6358,2.3049603,0.111388296,0.0003391401,0.6557078957557678,0.05,2.0481856,2.6595047
6359,2.248232,0.06860167,-0.009862762,0.85,0.05,2.6691136,2.697522
6360,2.165111,0.15224028,-0.0728944,0.85,0.05,4.3774085,1.5765806
6361,2.2979364,0.0914105,-0.11262245,0.8399266600608826,0.03177956864237785,2.579657,2.256238
6362,2.186034,0.1313575,-0.1049454,0.8184837102890015,0.05455643683671951,4.6839128,2.1438096
6363,2.2318015,0.110361904,-0.09832298,0.8376988768577576,0.05,3.5569675,2.335968
6364,2.3594239,0.055374708,-0.14173794,0.8382389545440674,0.006143954582512379,2.6522026,2.2901657
6365,2.2262292,0.13811363,-0.17182194,0.85,0.05,4.480305,1.9658422
6366,2.25533,0.044857815,-0.034250554,0.85,0.05,3.2792907,2.0823417
6367,2.0991292,0.23125635,-0.1628528,0.8214317560195923,0.025414446368813515,5.95835,1.4136665
6368,2.1751034,0.07362401,-0.077891596,0.8203901648521423,0.03103528544306755,4.927351,1.6480223
6369,2.244273,0.066305,-0.06965948,0.8308411836624146,0.04189610481262207,3.9884088,2.293256
6370,2.19285,0.0470745,-0.045607135,0.85,0.03250119090080261,4.836757,2.6442702
6371,2.3412275,0.100236,-0.081469715,0.8019583821296692,0.030964702367782593,2.2947347,2.442639
6372,2.3530867,0.071407974,-0.14051299,0.7817302346229553,0.03931558504700661,2.7203927,2.1727507
6373,2.2681413,0.10675208,-0.10730636,0.8334329128265381,0.03243819624185562,3.3920534,2.4273746
6374,2.186155,0.13489974,-0.12743942,0.85,0.0180888082832098,4.9857574,1.9637877
6375,2.3121357,0.07370648,-0.11081092,0.13738177716732025,0.06795985251665115,2.4811156,2.78033
6376,2.22099,0.10967561,-0.13771978,0.85,0.05,4.054286,2.2388232
6377,2.3316581,0.09640218,-0.13188669,0.7347372770309448,0.0563834123313427,2.2370024,2.6961389
6378,2.2687492,0.13063778,-0.09078343,0.85,0.026917610317468643,2.9207442,2.6626158
6379,2.3727288,0.021940745,-0.19867688,0.633708119392395,0.067766472697258,3.1167858,2.4988077
6380,2.2371173,0.18132661,-0.1403955,0.85,0.041883692145347595,4.0047793,2.5258365
6381,2.2179995,0.11511718,-0.101645984,0.825325071811676,0.05,4.635439,2.0547848
6382,2.236777,0.10867732,-0.08759437,0.85,0.05,3.5207434,1.936578
6383,2.2987761,0.051211488,-0.07258374,0.6793225407600403,0.05,2.4629817,2.3782523
6384,2.3039608,-0.029250482,-0.038404483,0.8098374009132385,0.021254096180200577,3.0511801,2.3974235
6385,2.2584174,0.027400998,-0.08626915,0.5142824649810791,0.017399707809090614,3.5649538,2.290822
6386,2.2960868,0.06965086,-0.14528283,0.8420121669769287,0.03972180560231209,3.2781472,2.4877858
6387,2.222865,0.06080501,-0.15224579,0.85,0.00848665926605463,4.857351,1.8792136
6388,2.2970939,0.09193485,-0.11833982,0.8459967970848083,0.021244697272777557,2.9130096,2.7093098
6389,2.3044407,0.033445626,-0.062876284,0.8377345204353333,0.04601383954286575,2.6191332,2.694324
6390,2.2189405,0.14798893,-0.0921325,0.85,0.05,3.874243,2.2195106
6391,2.2818756,0.0634734,-0.13241531,0.8168348670005798,0.05,4.0115433,1.8509922
6392,2.2621458,0.06503651,-0.18901731,0.85,0.03800704702734947,4.5731983,2.4692576
6393,2.2214432,0.09525186,-0.09300658,0.7974212169647217,0.027950111776590347,4.3377743,2.632908
6394,2.2011385,0.10009561,-0.20777796,0.85,0.015943538397550583,5.6747785,1.6167552
6395,2.3009346,0.014860668,-0.09421839,0.8429709672927856,0.02396874874830246,3.4955373,2.308987
6396,2.2901876,0.03237643,-0.08136099,0.85,0.02956763096153736,3.0255888,2.4093914
6397,2.2926016,0.10924125,-0.045910005,0.85,0.05,2.3395402,2.3035414
6398,2.2340739,0.10492167,-0.13288544,0.828774094581604,0.05,3.9092834,2.169429
6399,2.36075,0.10362174,-0.26601467,0.85,0.029486441984772682,2.888533,2.1764808
6400,2.2268248,0.06035453,-0.08193714,0.85,0.05,4.1320057,2.105846
6401,2.3495908,0.058668997,-0.018357351,0.85,0.03912166506052017,2.336792,2.5601108
6402,2.2082894,0.11932205,-0.08167913,0.85,0.010675172321498394,3.914972,2.3448596
6403,2.1627285,0.18582167,-0.18766917,0.8410629630088806,0.036469101905822754,5.1737013,1.7687016
6404,2.3167539,0.11480224,-0.10044356,0.7541665434837341,0.03063347190618515,2.3223486,2.4726872
6405,2.2543757,-0.038057756,-0.04082511,0.85,0.023720746859908104,4.48484,1.8766776
6406,2.3222752,0.05374328,-0.15095049,0.85,0.022204749286174774,2.911396,2.2123754
6407,2.3209982,0.03039339,-0.1487152,0.7264127731323242,0.06139582768082619,3.157974,2.4622657
6408,2.3260233,0.044851918,-0.04697977,0.85,0.05,2.4645653,2.446762
6409,2.247773,0.10044372,-0.0933037,0.8339959979057312,0.05,3.7756608,2.2105818
6410,2.2174363,0.097676955,-0.024767615,0.85,0.05,3.7912445,2.1408813
6411,2.3236556,0.13430157,-0.10523729,0.84586101770401,0.051476720720529556,2.2165565,2.7490041
6412,2.364013,0.012531426,0.010053899,0.38998112082481384,0.03986217454075813,2.1151044,2.681922
6413,2.2672772,0.12673415,-0.10320833,0.85,0.024362387135624886,3.2511535,2.292183
6414,2.1285045,-0.019973751,-0.05470851,0.85,0.05,6.9420757,1.3941377
6415,2.2069407,0.11918178,-0.02593896,0.85,0.05,3.8640993,2.1082025
6416,2.2227945,0.09657206,-0.1930155,0.85,0.05,5.037778,1.7169044
6417,2.2316496,0.14012787,-0.161663,0.7616196870803833,0.05839339271187782,4.563928,2.226247
6418,2.1656063,0.04591498,-0.14331935,0.85,0.040694113820791245,5.6104217,1.5777704
6419,2.2848427,0.05292703,-0.05436983,0.85,0.05,2.9329102,2.1151807
6420,2.3024147,0.06971461,-0.20676373,0.85,0.05,3.4928029,2.1899033
6421,2.2587726,0.06693632,-0.09180885,0.8192006349563599,0.05,3.1251879,2.1029406
6422,2.305671,0.07430503,-0.1861562,0.7980547547340393,0.056757450103759766,3.6988082,2.653198
6423,2.181052,0.15144819,-0.05457458,0.85,0.03561175987124443,4.3775716,2.3698838
6424,2.321701,0.1069377,-0.3022352,0.85,0.05,4.4674153,2.309455
6425,2.2322772,0.07710356,-0.022979246,0.6259794235229492,0.029313523322343826,3.3853254,2.3555877
6426,2.266875,0.090490974,-0.11823184,0.8391857147216797,0.02876858599483967,3.4801314,2.091883
6427,2.2052066,0.08036371,-0.24620694,0.8101854920387268,0.028350042179226875,5.68289,1.3681417
6428,2.2179387,0.020444566,0.0148417475,0.7466986775398254,0.05,3.520413,2.0915747
6429,2.3435125,0.022361424,-0.13272071,0.6328824758529663,0.0602409690618515,2.7446685,2.6878848
6430,2.3186915,0.0736391,-0.09659032,0.5134012699127197,0.06533711403608322,2.6004665,2.3199222
6431,2.356555,0.026354278,-0.0061694924,0.8067880868911743,0.028913285583257675,2.163297,2.5923846
6432,2.2436137,0.14785112,-0.17207746,0.85,0.026499353349208832,4.0126314,2.2470295
6433,2.310281,0.06594768,-0.13137153,0.85,0.05,3.1019113,2.724725
6434,2.3301265,0.01913053,0.07146029,0.6516168713569641,0.045203857123851776,2.274898,2.749009
6435,2.2789843,0.106501274,-0.11762561,0.8246200084686279,0.01370992697775364,3.1406531,2.2229874
6436,2.3786917,0.07353534,-0.073147625,0.5232519507408142,0.08319297432899475,2.0944686,2.0364006
6437,2.2894416,0.09012007,-0.19523771,0.7942007184028625,0.0032585738226771355,3.5052726,1.8688072
6438,2.1772587,0.1688211,-0.038056303,0.8056138157844543,0.01321761030703783,4.043779,2.0024433
6439,2.3428543,0.030641828,-0.07983088,0.8138681650161743,0.05,2.1944292,2.6666832
6440,2.2589948,0.09168496,-0.24195363,0.85,0.02469879575073719,4.475701,1.6211298
6441,2.2393374,0.072826706,-0.18228127,0.85,0.05,4.095653,1.6685214
6442,2.348787,0.07906652,-0.052576166,0.5989609956741333,0.06985300779342651,2.274849,2.886271
6443,2.297907,0.043046582,-0.03436039,0.85,0.024330733343958855,2.6396618,2.5726655
6444,2.3574023,-0.0179379,-0.0019895479,0.6434285640716553,0.08227135241031647,2.2854831,2.769992
6445,2.2951474,0.119411536,-0.1471528,0.6917992830276489,0.04167170450091362,2.9541385,2.8940084
6446,2.3815663,0.07343618,-0.2098677,0.7206523418426514,0.04523873329162598,2.5112774,2.4348164
6447,2.308614,0.043856714,-0.051460996,0.8238688111305237,0.05,2.7340531,2.1398988
6448,2.3197205,0.08899618,-0.1374633,0.762790858745575,0.041643157601356506,2.533639,2.6567776
6449,2.290904,0.13376816,-0.22000423,0.8485159873962402,0.052553582936525345,4.2506385,2.2892978
6450,2.3664677,0.06745348,-0.08027778,0.85,0.04789011925458908,2.5244255,2.7672842
6451,2.2713382,0.027618017,-0.09567656,0.85,0.05,3.52415,1.9779568
6452,2.351214,0.06729243,-0.30218402,0.8186780214309692,0.05,3.4565642,2.063745
6453,2.301241,0.17774728,-0.22957858,0.85,0.0031339037232100964,3.119504,2.4736342
6454,2.3126326,0.11055695,-0.086920634,0.85,0.03507121652364731,2.2261925,2.6131065
6455,2.3100278,0.101741716,-0.215455,0.814382016658783,0.024763979017734528,3.239456,2.490488
6456,2.2921665,0.012674637,-0.054716986,0.8012822270393372,0.05,3.2276757,2.2507603
6457,2.087719,0.19212654,-0.17371143,0.8159138560295105,0.05181930586695671,6.5660253,1.2021656
6458,2.2716463,0.068126075,-0.08468182,0.85,0.05,3.2941856,2.83926
6459,2.234682,0.08359178,-0.08245968,0.7113500237464905,0.02625642716884613,3.8795478,2.2125309
6460,2.1657138,0.098486625,-0.19489469,0.8168432116508484,0.016905995085835457,6.09946,1.4580714
6461,2.2509022,0.049265094,0.0013661521,0.85,0.03783911466598511,3.3406148,2.4424028
6462,2.180298,0.12774299,-0.22227873,0.8202850818634033,0.019998418167233467,5.5031586,1.307622
6463,2.2502062,0.13137178,-0.10719617,0.85,0.022195028141140938,3.528127,2.2316735
6464,2.2568297,0.13723205,-0.26374793,0.85,0.05,4.3636823,2.0420861
6465,2.2679164,0.05065056,-0.07400237,0.85,0.05,3.6313071,2.092842
6466,2.2982779,0.13780032,-0.19459495,0.85,0.05,3.2200887,2.5207627
6467,2.188101,0.18954094,-0.017594753,0.85,0.05,3.5389512,2.0417485
6468,2.3069584,0.07730356,-0.017994469,0.85,0.0411904901266098,2.4446385,2.5339289
6469,2.2801654,0.083514184,-0.01496352,0.7631113529205322,0.05909465625882149,2.6416628,2.226086
6470,2.317754,0.030851701,-0.14834382,0.8450697064399719,0.05,3.448611,2.1147995
6471,2.3156471,0.050847407,-0.09438934,0.7831816673278809,0.033308953046798706,2.7756298,2.6461487
6472,2.4222107,-0.040340442,-0.007012259,0.8368184566497803,0.03822329640388489,2.080288,2.4797442
6473,2.2908034,0.08318343,0.0049489527,0.39670509099960327,0.06699386239051819,2.3419955,2.3852258
6474,2.3009288,0.028890658,-0.061133225,0.85,0.029297510161995888,2.8300896,2.66362
6475,2.2500486,0.17058268,-0.19758953,0.813766360282898,0.07304433733224869,4.618076,2.215413
6476,2.264815,0.12913351,-0.07299043,0.7766426801681519,0.024349495768547058,2.7387915,2.4584577
6477,2.2820394,0.12251287,-0.09923157,0.85,0.05,2.561915,2.6067572
6478,2.2404795,0.12617685,-0.17915392,0.85,0.01836438477039337,4.007963,1.9035989
6479,2.3139434,0.09112749,0.040703725,0.7256968021392822,0.053154170513153076,2.0991082,2.5826442
6480,2.2270534,0.08053675,-0.015960699,0.85,0.02052050642669201,3.5434463,2.2181957
6481,2.26735,0.11194549,-0.21863167,0.85,0.05,4.1205544,1.8662932
6482,2.24889,0.065233015,-0.19375701,0.7942805886268616,0.018537122756242752,5.2006354,1.7888602
6483,2.3513637,0.18264285,-0.46534538,0.85,0.03758391737937927,4.8206234,2.25812
6484,2.1898346,0.15752685,-0.0815574,0.85,0.05,4.700574,2.0633621
6485,2.3919327,0.1644346,-0.20949668,0.8245930671691895,0.029420455917716026,2.2245617,2.5124261
6486,2.258572,0.0953674,-0.05918699,0.85,0.03983645513653755,3.4392214,1.8930235
6487,2.306941,0.08708351,-0.2659272,0.85,0.04442296549677849,4.551978,2.2552087
6488,2.3615158,-0.021008803,-0.05242427,0.8473047614097595,0.04844721406698227,2.838891,2.4570582
6489,2.3637438,0.022976173,-0.073077865,0.6732141971588135,0.036019742488861084,2.3811274,2.6568515
6490,2.295358,0.12039706,-0.051331542,0.1753104329109192,0.03636465594172478,2.3342822,2.552516
6491,2.29103,0.023764439,-0.010475158,0.85,0.05,2.8548872,2.4119594
6492,2.2700772,0.105654344,-0.058510303,0.85,0.01234058104455471,2.9458408,2.8070467
6493,2.3118508,0.02643965,-0.08804426,0.5271632075309753,0.05610347539186478,2.7048857,2.306773
6494,2.200581,0.12016557,-0.07592427,0.85,0.05,4.3003073,2.4653275
6495,2.263016,0.043835428,-0.17209218,0.8227841854095459,0.05,4.2620807,1.7700735
6496,2.2316709,0.012114375,0.069873154,0.85,0.05,3.4601424,2.5344424
6497,2.2951443,0.09454463,-0.06424963,0.8250192999839783,0.0532783679664135,2.604377,2.6320114
6498,2.3279583,0.049370106,-0.08390617,0.8184167742729187,0.049103993922472,2.2939842,2.1834247
6499,2.2457798,0.054736968,-0.14717081,0.85,0.014501306228339672,4.5202255,1.8936543
6500,2.220549,0.06099529,0.02374203,0.7930780053138733,0.004534080624580383,4.0810986,2.0803761
6501,2.3414063,0.09379324,-0.2278654,0.8324260115623474,0.054507702589035034,2.882318,2.572695
6502,2.2922733,0.06076249,-0.113475144,0.8293635845184326,0.02094101719558239,3.0556936,2.257061
6503,2.2641485,0.033003595,-0.0477913,0.8489704132080078,0.022983113303780556,3.322142,2.5330844
6504,2.3065526,0.09368813,-0.07266158,0.6793134808540344,0.05,2.4953964,2.4700816
6505,2.4076476,0.031118378,-0.045244977,0.39053091406822205,0.042442310601472855,1.9673994,2.5076303
6506,2.2938898,0.09245768,-0.110189654,0.85,0.01245051994919777,2.962345,2.4275057
6507,2.2938683,0.0571276,-0.1801312,0.8275753855705261,0.05,3.441686,2.0172286
6508,2.1922035,-0.047793224,-0.004810134,0.8003261685371399,0.05,5.1047673,1.5269096
6509,2.278752,0.12592584,-0.07489313,0.85,0.04198091849684715,2.7400057,2.7701426
6510,2.262411,0.013053064,-0.13477463,0.8163540959358215,0.05,4.266436,1.7615992
6511,2.2611835,0.03161924,-0.08643729,0.7632197737693787,0.05,3.9456046,2.2484584
6512,2.3902407,0.038521096,-0.06801419,0.5088681578636169,0.05,2.3465002,2.7034051
6513,2.2986062,0.14154412,-0.12915033,0.5344321727752686,0.03257887065410614,2.6175752,2.7743063
6514,2.2882361,0.04996724,-0.07549905,0.85,0.05,2.5973654,2.299942
6515,2.4211335,0.077998556,-0.04081022,0.5413994789123535,0.06271296739578247,2.1987882,2.6386924
6516,2.1748044,0.115527555,-0.048674632,0.85,0.05,4.130422,2.6689854
6517,2.2991998,0.047228005,-0.1142712,0.6535384654998779,0.049313850700855255,3.3609002,2.0982876
6518,2.1616993,0.087972544,-0.06511414,0.85,0.05,4.9424596,1.5124273
6519,2.2928824,0.032035235,0.0057399264,0.3440040647983551,0.05124049633741379,2.7581928,2.5536578
6520,2.2898753,0.036580693,-0.17154336,0.85,0.05,4.1628647,2.243642
6521,2.2514381,0.009343108,-0.17528139,0.8068420886993408,0.06309352070093155,4.9737415,1.8334424
6522,2.232714,0.10557866,-0.10682163,0.85,0.011694101616740227,4.307644,2.1355183
6523,2.293227,0.0977126,-0.12076015,0.8329430818557739,0.05,3.0728128,2.6039498
6524,2.1616628,0.11855958,-0.049129784,0.8087052702903748,0.034846559166908264,4.480537,2.5989575
6525,2.30591,0.015981512,-0.23182616,0.85,0.05,4.752464,2.2386377
6526,2.127198,0.101104595,-0.015467202,0.85,0.05,5.125744,1.5044755
6527,2.3047562,0.024284424,-0.08985219,0.85,0.05,3.2463572,2.3199942
6528,2.3097422,0.102804765,-0.2250928,0.8279681205749512,0.05,3.7465503,2.3481545
6529,2.1558971,0.085455045,-0.025675869,0.85,0.05,4.4229107,1.557962
6530,2.2341228,-0.0012599982,-0.049780466,0.770738422870636,0.034813616424798965,4.6344256,1.655404
6531,2.244877,0.10846887,-0.11020141,0.8064877986907959,0.05,3.4520116,2.034976
6532,2.3037286,0.053468235,-0.14853114,0.5576109290122986,0.048982374370098114,3.3368175,2.3287916
6533,2.2182665,0.16335544,-0.10591898,0.85,0.05,4.3110113,1.9238697
6534,2.212996,0.11597715,-0.082097866,0.85,0.024650298058986664,4.1212397,2.5277574
6535,2.2957637,0.10918546,-0.20606552,0.806075394153595,0.05,3.4660137,2.1495342
6536,2.2279997,0.020380044,0.0059604524,0.85,0.017772536724805832,3.6470306,2.0464127
6537,2.3249831,0.01659237,-0.13062091,0.8391301035881042,0.04040093719959259,3.0122683,2.3327427
6538,2.3109171,0.09554525,-0.09027095,0.8268046975135803,0.05,2.6171188,2.4870567
6539,2.2778876,0.1186139,-0.087486975,0.85,0.05,2.5990255,2.88643
6540,2.2517529,0.080065854,-0.07082494,0.8101842403411865,0.016327176243066788,3.3595412,2.6489265
6541,2.3337922,0.02969235,-0.22622448,0.85,0.046778928488492966,4.287653,2.1387541
6542,2.311661,0.03352452,-0.22852753,0.85,0.05,4.890346,2.0176432
6543,2.2137792,0.11513119,-0.10575356,0.85,0.05,4.3786902,1.9012605
6544,2.3398008,0.071709074,-0.13964292,0.06658929586410522,0.09458568692207336,2.7123938,2.523678
6545,2.203849,0.10359177,-0.042191863,0.85,0.05,4.076392,1.8200642
6546,2.348509,0.031107849,-0.1275473,0.85,0.05,2.6964018,2.4425416
6547,2.265121,0.09760888,-0.12380332,0.8213102221488953,0.04881870374083519,3.6868696,2.0955298
6548,2.2540882,0.06946268,-0.15660757,0.85,0.012017803266644478,4.7211347,1.8186743
6549,2.345115,0.03937668,-0.036317505,0.85,0.02537539042532444,2.2263632,2.6086307
6550,2.2893436,0.049009066,-0.11642189,0.85,0.05,3.8583813,1.8958322
6551,2.3385925,0.114806585,-0.35736638,0.85,0.05,3.9774864,2.0234432
6552,2.3317418,0.005138906,-0.04923883,0.780078649520874,0.05,2.5499673,2.2179697
6553,2.2813382,0.023344666,-0.15685515,0.85,0.05,4.8272395,1.9099565
6554,2.3262932,0.08957695,-0.1301887,0.85,0.016713706776499748,2.7386556,2.4368432
6555,2.200554,0.1890594,-0.14510119,0.8413264751434326,0.05,4.2926526,2.0636427
6556,2.2799647,0.057685573,-0.2716083,0.85,0.05,5.097372,1.7799987
6557,2.3118293,0.040163614,-0.04837276,0.4520907700061798,0.036523714661598206,2.2708406,2.2535508
6558,2.2949612,0.08561143,-0.15476246,0.7291427254676819,0.024185439571738243,3.2923102,2.2910635
6559,2.1454735,0.17027713,-0.11494671,0.85,0.05,5.1181026,1.6003047
6560,2.2796621,0.11717435,-0.04238606,0.85,0.005532343406230211,2.1285508,2.3265095
6561,2.1924412,0.16397244,-0.30525038,0.6478652358055115,0.04472595080733299,5.5355296,1.1591547
6562,2.3129308,0.16915165,-0.09937896,0.8237406611442566,0.049877241253852844,2.084608,2.62103
6563,2.255197,0.11115928,-0.15703791,0.85,0.0561150424182415,4.540713,2.6356142
6564,2.2362285,0.05617098,-0.12801793,0.85,0.05,4.667118,1.8263232
6565,2.2503293,0.0844031,-0.03469387,0.7725287079811096,0.05,3.0003374,2.6322021
6566,2.1978836,0.13779926,-0.07923315,0.85,0.0328153558075428,4.1631885,2.6112514
6567,2.353569,0.036309645,-0.22941224,0.8225435018539429,0.019710995256900787,3.3518887,2.0856795
6568,2.1967158,0.17308363,-0.23243135,0.8281939029693604,0.034087397158145905,5.233819,1.7751317
6569,2.281265,0.108028695,-0.14687334,0.85,0.05,3.9226952,2.4643118
6570,2.3298385,-0.006498823,-0.174013,0.85,0.04292748123407364,4.197746,2.1384635
6571,2.2715771,0.06231664,-0.06325194,0.85,0.05,2.9316354,1.9520477
6572,2.1781046,0.22361493,-0.20551896,0.85,0.05,5.015112,2.1588259
6573,2.4152188,0.09737569,-0.14082678,0.535239577293396,0.056474149227142334,2.3215106,2.806247
6574,2.2365122,0.10620847,-0.10434678,0.8412390351295471,0.05,3.7519524,2.4310727
6575,2.2836783,0.108081184,-0.18406932,0.85,0.0026261534076184034,3.6618247,2.2334006
6576,2.2417674,0.08581047,-0.12745373,0.8295575976371765,0.05,4.110468,1.8968518
6577,2.1665,0.10302716,-0.04155016,0.5494880080223083,0.029513908550143242,4.0955596,1.7367139
6578,2.2616227,0.09276705,-0.20638812,0.85,0.018041005358099937,4.7117624,1.930864
6579,2.2054377,0.13336532,-0.12939784,0.85,0.05,4.395674,1.9186704
6580,2.2711957,0.0573509,-0.06848604,0.85,0.009615598246455193,3.344327,2.091715
6581,2.2316272,0.09344635,-0.105707355,0.85,0.034661054611206055,4.2637687,2.423266
6582,2.2096255,0.077235535,-0.016436739,0.85,0.05,4.18774,2.0582125
6583,2.2764452,0.091523945,-0.03256726,0.33505702018737793,0.00541945593431592,2.5779943,2.4175892
6584,2.3055668,0.03015441,-0.26452965,0.85,0.025612490251660347,4.749716,1.7131381
6585,2.2665632,0.07396121,-0.17556007,0.85,0.05,4.490233,1.8606465
6586,2.206338,0.04929854,-0.08035905,0.85,0.05,4.564243,1.7315592
6587,2.2790248,0.15372469,-0.17460889,0.85,0.005287527572363615,3.3776658,1.9897274
6588,2.361034,0.10478957,-0.06931367,0.782622218132019,0.028746215626597404,2.3525994,2.6772194
6589,2.289788,0.046733204,-0.18153453,0.85,0.03198899328708649,4.3025928,2.6769052
6590,2.2164385,0.021195535,-0.043400787,0.85,0.01350967213511467,4.6784463,1.9296118
6591,2.3037114,-0.004671219,-0.047481734,0.7048050165176392,0.016179606318473816,2.9391005,2.158056
6592,2.2246537,0.16384052,-0.14705929,0.85,0.003925411496311426,3.965607,2.1777356
6593,2.320717,0.04629095,-0.12419721,0.8319110870361328,0.05510890483856201,2.9839306,2.6486902
6594,2.3442984,0.07130888,-0.16104388,0.85,0.05,2.6244771,2.2120872
6595,2.2755802,0.07252916,-0.062686965,0.4339074194431305,0.024587340652942657,3.2402227,2.2016475
6596,2.3413582,0.039480634,-0.2932006,0.8334256410598755,0.04439660906791687,4.3298435,2.0243423
6597,2.3870583,-0.073613696,-0.106914945,0.843905508518219,0.05,2.8265705,2.544791
6598,2.1629286,0.101927504,-0.10405887,0.8340596556663513,0.026175344362854958,5.2237997,1.7441016
6599,2.2634957,0.048730783,-0.1409489,0.85,0.009763432666659355,3.9238622,1.9422649
6600,2.2106848,0.113406256,-0.15318482,0.85,0.05,4.174705,1.8772664
6601,2.116331,0.14217985,-0.053465296,0.85,0.007100885268300772,4.940787,1.801942
6602,2.3088183,0.008424941,-0.15565984,0.8215868473052979,0.05,3.530741,2.3525798
6603,2.2927117,0.032051954,-0.044369075,0.5966926217079163,0.039988256990909576,2.7787879,2.2150023
6604,2.2682939,0.054084886,-0.11524366,0.7994523644447327,0.05,3.2932436,2.298145
6605,2.316116,0.018986242,-0.14765462,0.85,0.022667450830340385,3.771712,2.110803
6606,2.3949094,-0.062118087,-0.01680322,0.44718652963638306,0.027858063578605652,2.228566,2.4101079
6607,2.273113,0.091839515,0.063922815,0.8215604424476624,0.03503313288092613,2.3559327,2.0882578
6608,2.2924871,0.053644203,-0.16077949,0.85,0.05,4.019568,2.1693048
6609,2.2695298,-0.008847105,-0.19321258,0.8282965421676636,0.05,4.6513724,1.8542055
6610,2.3311126,0.03300044,-0.047689877,0.6350299715995789,0.022389406338334084,2.2923515,2.5122426
6611,2.2619524,0.06606003,-0.11525374,0.85,0.004442961420863867,3.394957,2.119895
6612,2.3284442,0.070945956,0.053014465,0.8358580470085144,0.03479919210076332,2.0947552,2.2979648
6613,2.2794185,0.07861585,-0.15055262,0.731904149055481,0.05690120533108711,3.3802228,2.4149492
6614,2.3059883,0.10224397,-0.054416656,0.8157742023468018,0.05,2.469145,2.45383
6615,2.2779262,0.09154479,-0.037859492,0.7007532119750977,0.05,2.556889,2.4237273
6616,2.379404,-0.012374522,-0.117449425,0.8182686567306519,0.05,2.6666715,2.6958313
6617,2.2933073,0.079542436,-0.05346783,0.8110193610191345,0.02988726645708084,2.6325247,2.5195224
6618,2.1747067,0.12383557,-0.095999755,0.85,0.05,4.9220996,1.8883879
6619,2.4243393,0.10055733,-0.38353977,0.85,0.031676407903432846,3.0477588,2.6218188
6620,2.2508428,0.08405166,-0.15369453,0.8202918171882629,0.049899905920028687,4.38002,2.138161
6621,2.338578,0.03244089,-0.16149302,0.85,0.04255080968141556,3.1061,2.6451523
6622,2.2557564,-0.03605525,-0.06320697,0.8166135549545288,0.05,4.7303686,1.7163068
6623,2.2409801,0.049950436,-0.09950067,0.5846828818321228,0.04430396482348442,4.2394447,2.0333812
6624,2.3926632,0.07961482,-0.19216515,0.8119728565216064,0.027140507474541664,2.3690157,2.4157112
6625,2.2189357,0.10535524,-0.10909689,0.85,0.009933379478752613,4.1228747,2.227792
6626,2.3057683,0.0317278,0.010470923,0.8429410457611084,0.03357766568660736,2.4432423,2.4216733
6627,2.2467175,0.13088341,-0.1350504,0.8487812876701355,0.04056426137685776,4.2599335,2.4913993
6628,2.2764213,0.09403609,-0.13483277,0.6387709379196167,0.06759783625602722,3.6372864,2.162825
6629,2.2814364,0.03521477,-0.11365684,0.85,0.01473917905241251,3.7407734,2.1621604
6630,2.26621,0.02645848,0.026371732,0.85,0.05,2.871741,2.2282798
6631,2.2051582,0.16220313,-0.079344325,0.85,0.05,3.845115,2.1980603
6632,2.2644715,0.026331773,-0.036150724,0.8425835371017456,0.05,3.2126577,2.2212734
6633,2.3562708,-0.023221293,-0.0073041534,0.6803229451179504,0.08720757067203522,2.1273713,2.472618
6634,2.2890158,0.09372658,-0.05753289,0.85,0.011758570559322834,2.504681,2.5280466
6635,2.2510204,0.06055325,-0.031017182,0.85,0.012358405627310276,3.0857973,2.5243096
6636,2.2946987,0.08591059,-0.05182654,0.85,0.05,2.311809,2.72183
6637,2.2641897,0.07409802,-0.12594149,0.8284122943878174,0.035738248378038406,3.591319,2.258544
6638,2.2262473,0.114955515,-0.07270734,0.85,0.05,3.786303,1.9313784
6639,2.297119,-0.020376908,0.025622856,0.85,0.05,2.771271,2.1949825
6640,2.2246706,0.11045529,-0.021148121,0.85,0.0011988463811576366,3.016731,2.3839853
6641,2.2294106,0.16497949,-0.117986456,0.7919689416885376,0.037838198244571686,3.6079137,2.3117595
6642,2.1688762,0.14038146,-0.070378155,0.85,0.05,4.5937924,2.0411572
6643,2.3322685,-0.0036147833,-0.047233954,0.695909321308136,0.07037962228059769,2.609354,2.9129655
6644,2.3767598,0.013581484,0.033438057,0.706831693649292,0.05036764591932297,2.1952617,2.852452
6645,2.3443458,0.005912316,-0.06020512,0.85,0.05,2.5536346,2.8156462
6646,2.3828018,0.036394577,-0.06581995,0.5545884370803833,0.07256192713975906,2.3296762,2.7491403
6647,2.2199466,0.064825326,-0.114059165,0.8470850586891174,0.035503651946783066,4.8810163,1.9289306
6648,2.1956902,0.08051192,-0.058855686,0.85,0.05,4.7592926,1.8656834
6649,2.345475,0.08835674,-0.202931,0.6397157311439514,0.05380430817604065,2.7157774,2.5061917
6650,2.26153,0.14371288,-0.20035546,0.7498328685760498,0.02353672683238983,3.9102476,2.1815555
6651,2.2499282,0.06749285,-0.054226577,0.810962438583374,0.023633336648344994,4.046689,2.6479049
6652,2.2452533,0.098239414,-0.123366416,0.85,0.05,3.7065485,1.9068056
6653,2.2547574,0.094548695,-0.14465724,0.768642246723175,0.028399944305419922,3.8358421,1.923011
6654,2.3679748,0.13606827,-0.15000105,0.85,0.05,2.219722,2.5624151
6655,2.3024287,0.03385055,-0.22237316,0.85,0.011031695641577244,4.57327,1.8385742
6656,2.3159776,0.0614342,-0.11497526,0.6929135918617249,0.038583267480134964,2.7573426,2.4834952
6657,2.295921,0.038109336,-0.14847562,0.7955237030982971,0.05,3.5529785,1.8882782
6658,2.1742048,0.11212104,-0.14146319,0.8140426874160767,0.03516443073749542,4.8126693,1.3701451
6659,2.2981436,0.035690486,-0.1075933,0.85,0.05,3.3455298,2.2303936
6660,2.3004825,0.028818814,-0.03506206,0.85,0.06065775826573372,2.7965107,2.86281
6661,2.2680147,0.12961695,-0.16849028,0.6061524748802185,0.05,3.7741182,2.1722672
6662,2.2026308,0.11208724,-0.081865,0.8446494340896606,0.05,4.086275,1.9858791
6663,2.247502,0.16716325,-0.16526565,0.8298477530479431,0.0254525076597929,3.6671643,2.2002683
6664,2.3080692,0.06436284,-0.22678341,0.85,0.05,4.074903,2.5974853
6665,2.2715814,0.10526202,-0.19567402,0.85,0.05,4.0409627,2.1023047
6666,2.3490815,0.08371891,-0.22471543,0.806935727596283,0.023182259872555733,2.946562,2.2569852
6667,2.2824214,0.08016506,-0.05002139,0.85,0.05,2.8066363,2.3837001
6668,2.2201252,0.073527485,-0.034815293,0.826056182384491,0.05,3.184529,1.7013781
6669,2.254835,0.051066753,0.010799376,0.85,0.02845512144267559,3.1464942,2.6118622
6670,2.2096937,0.05869161,-0.06624058,0.8278934359550476,0.05,4.940064,2.15345
6671,2.2777839,0.10388038,-0.24249278,0.85,0.05,4.4161534,2.0378978
6672,2.291211,0.08237713,-0.082462005,0.8427003026008606,0.06082681193947792,2.6476793,2.3934822
6673,2.2911704,0.05896984,-0.07799478,0.8393015265464783,0.03739181533455849,3.1983175,2.1435168
6674,2.2489395,0.096314654,-0.13406186,0.85,0.05,4.574656,2.2423704
6675,2.2277749,0.04612813,-0.049346022,0.85,0.05,3.4289231,1.6454319
6676,2.3077745,0.07619621,-0.19549218,0.85,0.05,3.985989,2.698329
6677,2.3320723,0.0820295,-0.12794971,0.85,0.03640768304467201,2.4383736,2.664333
6678,2.1808727,0.11483812,-0.08071071,0.7221128940582275,0.04244258999824524,4.5910125,1.6988684
6679,2.2320852,0.10053747,-0.038787547,0.791693389415741,0.026843056082725525,3.2476099,2.41351
6680,2.1606486,0.053792212,-0.11086202,0.85,0.021879320964217186,5.5877786,1.3794563
6681,2.2439346,0.10919957,-0.0029046442,0.85,0.05,3.0568988,2.1876636
6682,2.2289433,0.027355885,-0.22446182,0.85,0.05,5.5651717,1.629725
6683,2.341307,0.1128246,-0.24034145,0.85,0.05,3.4267242,2.7270749
6684,2.2820365,0.07497109,-0.068301395,0.85,0.05,3.1000118,2.4285882
6685,2.2779133,0.09054107,-0.11445566,0.85,0.05,3.5103,2.545348
6686,2.4326472,0.033763476,-0.032161172,0.6827351450920105,0.05909283831715584,2.077016,2.7968357
6687,2.3707998,0.05443604,-0.08542019,0.85,0.03476598113775253,2.2128923,2.513763
6688,2.2502275,0.07232635,-0.031160476,0.8369789719581604,0.04194953292608261,3.423535,2.323401
6689,2.1658595,0.059739854,-0.05520779,0.85,0.025659678503870964,4.784616,2.1748815
6690,2.251823,0.06741652,-0.030200882,0.8244794011116028,0.019652998074889183,3.2263844,2.0296524
6691,2.1713643,0.019402834,-0.010173002,0.85,0.05,5.1463895,1.5557582
6692,2.3032098,0.040799417,-0.122112766,0.7844575643539429,0.0232900008559227,3.0138254,2.376059
6693,2.307487,0.07651788,-0.104137905,0.85,0.011103171855211258,2.6652117,2.2725909
6694,2.2546637,0.0792017,-0.16907239,0.85,0.04170239716768265,4.45939,2.609671
6695,2.1872294,0.09615958,-0.060642563,0.85,0.05,4.052796,1.7485439
6696,2.3027534,0.03908639,-0.10670931,0.85,0.010914985090494156,3.5241785,2.1090055
6697,2.323693,0.068078294,-0.06417328,0.43451571464538574,0.05165483430027962,2.3094158,2.5722945
6698,2.2926733,0.042379502,-0.15407981,0.85,0.05,4.108426,2.3240073
6699,2.3321772,0.07587882,-0.16294904,0.85,0.05,2.6484697,2.188394
6700,2.2048829,0.1269488,-0.15091547,0.85,0.05,4.6897516,1.6874452
6701,2.2903702,0.030264365,-0.15728284,0.85,0.05,4.000306,1.8147967
6702,2.2434976,0.09436605,-0.022308642,0.85,0.007582113146781921,3.2190304,2.1619642
6703,2.2174766,0.047479417,-0.075355686,0.7460783123970032,0.024209199473261833,4.4231415,2.1095734
6704,2.2438457,0.10341564,-0.14888611,0.6713168621063232,0.016516709700226784,4.049575,1.9530259
6705,2.231063,0.115964815,-0.027943712,0.8361719846725464,0.04860236495733261,3.254196,2.2651894
6706,2.268423,0.11279515,-0.022558302,0.85,0.05,2.3227818,2.5885365
6707,2.2868397,0.034612603,-0.09516303,0.5812523365020752,0.009526905603706837,3.4939883,2.034457
6708,2.2792666,0.027026996,-0.04808437,0.85,0.05,3.2647831,2.3286467
6709,2.4276638,-0.03982577,-0.073249675,0.85,0.05,2.2916706,2.2480881
6710,2.1737678,0.10314501,-0.0726197,0.85,0.024614792317152023,4.6169105,2.388486
6711,2.148934,0.1360089,-0.0768012,0.4962429106235504,0.05,5.02178,1.5723652
6712,2.1758184,0.11670955,-0.116160944,0.8219939470291138,0.04534216970205307,4.640569,1.9576734
6713,2.3282797,0.1279434,-0.3258362,0.85,0.05,4.2677712,1.7505392
6714,2.2228048,0.095380254,0.019865895,0.85,0.02640852890908718,3.0055668,2.6069336
6715,2.199365,0.07543553,-0.07274684,0.628542959690094,0.05,4.590229,1.9153805
6716,2.2160094,0.06234518,-0.0031326923,0.28300899267196655,0.18721628189086914,4.356363,2.7161763
6717,2.247363,0.13155016,-0.18208018,0.85,0.05,4.245283,2.215654
6718,2.290898,0.07433071,-0.0916298,0.85,0.05,3.0669537,2.2281995
6719,2.2261002,0.04631622,0.0025631916,0.85,0.015768753364682198,3.29303,2.6153796
6720,2.353648,0.10068353,-0.0632349,0.716800332069397,0.05,2.2674568,2.4464667
6721,2.2883365,0.0631767,0.016661324,0.709351122379303,0.034015629440546036,2.7198584,2.1839964
6722,2.2628033,0.06822888,-0.086967,0.4962840974330902,0.0444892942905426,3.4315178,2.396943
6723,2.2186923,0.07320366,-0.08631866,0.85,0.05,4.5881534,1.9996725
6724,2.254938,0.08619634,-0.16938591,0.8264983892440796,0.0377001129090786,3.512843,1.9955587
6725,2.202472,0.10001248,0.02993655,0.85,0.05,3.4112177,2.237897
6726,2.3474035,0.043806713,-0.077663526,0.5279533267021179,0.019330978393554688,2.0904753,2.7376707
6727,2.2905304,0.041050173,-0.08850964,0.8422778248786926,0.02709534578025341,3.4005437,2.0910347
6728,2.174152,0.11737723,-0.104913995,0.85,0.05,4.8081884,1.521793
6729,2.3197994,0.11895327,-0.11651614,0.85,0.05,2.236895,2.7682526
6730,2.2422628,0.11589026,-0.10147018,0.8365263342857361,0.029032815247774124,2.9576674,2.2327387
6731,2.2083066,0.10529008,-0.07656691,0.6572304964065552,0.05467323213815689,3.9922988,2.5638762
6732,2.2855113,-0.00698361,-0.056348335,0.7003816962242126,0.0566459521651268,3.37092,2.4191601
6733,2.2893384,0.032645635,-0.06430848,0.85,0.002827482530847192,3.0364466,2.3401644
6734,2.3445938,0.07424825,-0.17457004,0.49626651406288147,0.04231542721390724,2.731778,2.7817678
6735,2.149631,0.073860236,-0.017470682,0.8160502314567566,0.04501566290855408,4.985052,1.6779094
6736,2.1700525,0.13801162,-0.12845677,0.8434425592422485,0.05,4.868657,1.6657609
6737,2.2968514,0.102958806,-0.16886441,0.85,0.005642833188176155,3.1967864,2.2360466
6738,2.3343632,0.07688784,-0.086450554,0.85,0.03218666464090347,2.300516,2.7350535
6739,2.173023,0.09170927,-0.1504429,0.85,0.027613189071416855,5.4754376,1.6820109
6740,2.3006632,0.1480216,-0.265083,0.85,0.022784017026424408,4.3172126,2.2211328
6741,2.3248599,0.06714927,-0.04784676,0.7074666023254395,0.037770651280879974,2.425351,2.4617374
6742,2.2898831,0.119870745,-0.16488916,0.8055323958396912,0.05,3.1661384,2.3078501
6743,2.178348,0.09320303,-0.034783605,0.6501566767692566,0.05,4.128352,1.9778378
6744,2.3430877,0.093260884,-0.21372113,0.85,0.014772250317037106,3.0243373,2.3187203
6745,2.1955755,0.06187543,-0.018612733,0.85,0.022490767762064934,4.0721064,2.0413725
6746,2.2604039,0.13917452,-0.2271701,0.5048630237579346,0.07035431265830994,4.1590953,2.5857463
6747,2.2014523,0.04953447,0.023836486,0.85,0.05,4.0434346,1.7091038
6748,2.234206,0.12786688,-0.17604584,0.85,0.05,4.1333523,2.230663
6749,2.2959898,0.041162107,-0.070442215,0.8267446160316467,0.062165725976228714,3.55884,2.7572458
6750,2.3758843,0.09086324,-0.16657533,0.6411363482475281,0.029127929359674454,2.2802227,2.7171018
6751,2.2101047,0.106017545,-0.09356607,0.85,0.05,4.3806615,2.011282
6752,2.2983491,0.06569398,-0.09456413,0.42674902081489563,0.05609724670648575,3.1909266,2.2499166
6753,2.3149796,0.08203222,-0.044771988,0.8112185001373291,0.04608941823244095,2.2390938,2.4310794
6754,2.1893094,0.04562572,-0.07683269,0.85,0.05,4.707096,1.6521002
6755,2.234805,0.13340123,-0.08386916,0.8246326446533203,0.04932994022965431,3.5559669,2.2077725
6756,2.2327816,0.101096384,-0.14386226,0.85,0.025831492617726326,4.3373547,2.2161949
6757,2.3774195,0.032650307,-0.089589275,0.5965462923049927,0.040153149515390396,2.0260315,2.799284
6758,2.297835,0.09189184,-0.12023334,0.85,0.03256886452436447,2.7464814,2.7378478
6759,2.3705869,0.070635945,-0.11148361,0.8343769311904907,0.05891956388950348,2.3121803,2.299615
6760,2.182343,0.12332147,0.014716991,0.85,0.05,3.8537526,2.0319285
6761,2.2553327,0.0915258,-0.106606595,0.656217634677887,0.056397467851638794,3.8445873,2.4342303
6762,2.0492606,0.16852857,-0.036052555,0.85,0.05,6.901356,1.4876059
6763,2.2676284,0.028704336,-0.053383235,0.6009242534637451,0.05,3.351022,2.7474406
6764,2.3285508,0.026266979,-0.056387223,0.6091191172599792,0.04799576476216316,2.5405984,2.1967204
6765,2.182662,0.1349063,-0.044948112,0.5376629829406738,0.052396271377801895,4.033316,2.1273894
6766,2.3233986,0.06357197,-0.17962702,0.4384726881980896,0.03057277575135231,3.55324,2.3559747
6767,2.2957323,0.12942134,-0.11415145,0.7897855639457703,0.036501456052064896,2.6296296,2.736856
6768,2.2077014,0.17137797,-0.05085068,0.85,0.05,3.7213044,2.401872
6769,2.3502126,0.05684306,-0.07729905,0.7774142026901245,0.0274211298674345,2.2529118,2.2734928
6770,2.28614,0.06814624,0.03990492,0.8440690040588379,0.037486735731363297,2.6960337,2.6511703
6771,2.328037,0.10662513,-0.063086726,0.845555305480957,0.03490130603313446,2.4311566,2.3785803
6772,2.324294,0.041977517,-0.08261361,0.4290371835231781,0.05,2.441851,2.5083268
6773,2.3229952,0.078066155,-0.08365948,0.85,0.0073592523112893105,2.6041296,2.438422
6774,2.2864106,0.10933412,-0.19241434,0.85,0.014070057310163975,3.3349473,2.2033842
6775,2.3152964,0.043868925,-0.27536228,0.85,0.033119358122348785,4.433385,1.8221235
6776,2.1905086,0.027632501,-0.14496088,0.85,0.05,5.6244893,1.3576925
6777,2.222817,-0.0026755235,-0.19521296,0.8136798143386841,0.02720239944756031,5.5865493,1.3642465
6778,2.2759302,0.1337716,-0.073124476,0.85,0.017874501645565033,2.675372,2.214803
6779,2.2561188,0.11291133,-0.050823167,0.85,0.05,2.3948298,2.418758
6780,2.2415478,0.05412162,-0.06788381,0.8229928016662598,0.031259700655937195,3.5376651,1.8964639
6781,2.2977707,0.028959904,-0.2647773,0.85,0.004986339248716831,4.715817,1.6807424
6782,2.2408357,0.07090239,-0.020356074,0.85,0.05,3.4603436,2.2262974
6783,2.3943942,-0.006880814,-0.15476489,0.8292865753173828,0.013396326452493668,2.3076065,2.4292297
6784,2.2843359,0.079014726,-0.1199115,0.8381513357162476,0.05,3.1454039,2.763141
6785,2.4021785,0.026940081,-0.12729172,0.7566613554954529,0.05688322335481644,2.038703,2.7026167
6786,2.377284,0.02125737,0.024465451,0.85,0.06106917932629585,2.3986573,2.7764692
6787,2.2884667,0.154268,-0.1260229,0.8223939538002014,0.023801645264029503,2.196245,2.726333
6788,2.2569144,0.09427927,-0.20100312,0.85,0.026899192482233047,4.6576667,1.9165826
6789,2.2970712,0.061533123,-0.22868833,0.85,0.024084649980068207,4.6175303,2.1751623
6790,2.2526603,0.16675667,-0.038467944,0.85,0.05,2.6927109,2.5555089
6791,2.2364361,0.0545184,-0.035288293,0.8179550170898438,0.05,3.6626978,2.1413977
6792,2.2003744,0.08001667,-0.15866551,0.85,0.05,4.9258246,1.6792392
6793,2.2280252,0.022949941,0.0024134112,0.7834614515304565,0.05,3.971194,2.05978
6794,2.309399,0.056188725,-0.14038102,0.8337006568908691,0.048679329454898834,3.6781266,2.1098008
6795,2.31113,0.044464037,-0.20686698,0.85,0.033904947340488434,3.7980533,2.593041
6796,2.3318129,0.09938017,-0.26892483,0.5834107995033264,0.05073218047618866,3.912762,2.0695918
6797,2.2664726,0.10939244,-0.018520067,0.6318498253822327,0.0053837718442082405,2.3517344,2.6532729
6798,2.3557084,0.024838666,-0.17332107,0.8377898931503296,0.05,3.057875,2.43024
6799,2.2663434,0.08185046,-0.082510374,0.85,0.034604761749506,3.5593963,2.778271
6800,2.4297302,0.024696287,-0.15826455,0.7844727635383606,0.05170045047998428,2.1432643,2.556919
6801,2.2404232,0.09793741,-0.07617845,0.8413006663322449,0.04820695146918297,3.9768312,2.1852427
6802,2.2967665,0.07537776,-0.056218598,0.4817725121974945,0.09450226277112961,2.6178598,2.867705
6803,2.3465462,0.019512668,-0.15034483,0.8453284502029419,0.022294113412499428,3.2003114,2.1310568
6804,2.1904902,0.08982407,-0.029665954,0.8419708013534546,0.03404858708381653,4.3706493,1.7392844
6805,2.2476447,0.08874033,-0.09114341,0.85,0.006740110460668802,3.6917474,2.1415317
6806,2.3874428,0.08836511,-0.095567144,0.5368735194206238,0.10563773661851883,2.589753,2.4939167
6807,2.3351934,0.007244151,-0.08142578,0.8447648882865906,0.05,2.6966352,2.738525
6808,2.3775854,0.068727285,-0.25567725,0.8220915198326111,0.03127076476812363,3.012183,2.2243953
6809,2.4009159,-0.050033342,-0.15554881,0.8472856879234314,0.0009966654470190406,2.6092331,2.1861384
6810,2.2111273,0.1460936,-0.2001037,0.85,0.05,4.494742,1.8832058
6811,2.2092383,0.1006838,-0.22280009,0.85,0.006160261575132608,5.156893,1.8352628
6812,2.2099564,0.042494424,-0.095523044,0.85,0.02050989679992199,4.735578,2.2669334
6813,2.2690904,0.104241766,-0.11063787,0.8154174089431763,0.028942791745066643,3.2534673,2.2924018
6814,2.2584553,0.096678436,-0.1158675,0.85,0.05,3.948247,2.7033825
6815,2.2764304,0.079530425,-0.20542154,0.8104753494262695,0.04526778310537338,4.559177,1.9348933
6816,2.2929156,0.1106425,-0.09331401,0.85,0.05,2.9349096,2.6005623
6817,2.4277854,0.052359357,-0.16886279,0.6445566415786743,0.06161915510892868,2.2292137,2.5801268
6818,2.3256536,0.08933355,-0.07157845,0.8329029083251953,0.0243003461509943,2.3703253,2.47959
6819,2.280286,0.14179844,-0.31017426,0.85,0.0062157101929187775,4.716912,1.9057603
6820,2.3236995,0.093971096,-0.18075976,0.8304150104522705,0.07030284404754639,3.32519,2.8215787
6821,2.2863052,0.14191991,-0.14256093,0.8138136267662048,0.03498535975813866,3.1700733,2.7562034
6822,2.2049193,0.10096141,-0.111190744,0.85,0.05,4.5922675,1.8162547
6823,2.246503,0.12712799,-0.16590652,0.720331072807312,0.028742006048560143,4.333344,2.2363756
6824,2.156116,0.128446,-0.0133699,0.7964764833450317,0.015970604494214058,3.96458,1.7046202
6825,2.1635678,0.04736981,-0.045075033,0.85,0.0267302468419075,5.4984655,1.7346151
6826,2.4349687,0.041260473,-0.11376726,0.8451098799705505,0.05849374085664749,2.053611,2.704856
6827,2.2624266,0.114484385,-0.06880744,0.7920792102813721,0.05,2.6132088,2.2696276
6828,2.3858147,0.16359921,-0.14753151,0.7946788668632507,0.03677661716938019,2.0424585,2.7636907
6829,2.398885,-0.018724827,-0.03436667,0.7320206165313721,0.05610194429755211,2.2857134,2.6243572
6830,2.1431105,0.06407243,-0.13731496,0.85,0.05,6.3028274,1.9756157
6831,2.2533753,0.05996189,-0.0994392,0.8482156991958618,0.04207075387239456,3.9206057,2.0464249
6832,2.1674974,0.111678794,-0.043732967,0.836273729801178,0.033417560160160065,4.783367,1.9040784
6833,2.3273342,0.017935162,-0.11900292,0.7586420774459839,0.05,2.626393,2.3957665
6834,2.3817503,0.0070108087,-0.18573518,0.85,0.03632161021232605,2.5777476,2.692567
6835,2.4126048,0.07322561,-0.2390875,0.8293088674545288,0.05,2.4746084,2.6487422
6836,2.3153505,0.048880953,-0.13497512,0.5188254714012146,0.020468614995479584,2.8210447,2.5032718
6837,2.303449,0.061582725,-0.069213815,0.6029829978942871,0.022460775449872017,2.7369428,2.55458
6838,2.4703012,-0.07250106,-0.19912814,0.01760592870414257,0.051044121384620667,2.7044818,2.827289
6839,2.2336862,0.089231424,-0.07030108,0.85,0.05,4.3662977,1.8820919
6840,2.2671044,0.10652385,-0.08872359,0.8458806276321411,0.023615563288331032,3.0760102,2.1170464
6841,2.2948618,0.033682454,-0.16563594,0.85,0.05,3.2985086,2.5776727
6842,2.2470846,0.06438731,0.03013857,0.85,0.05,3.2172048,2.3855608
6843,2.239114,0.18526034,-0.12417754,0.6702432632446289,0.032391201704740524,3.6621819,2.4747443
6844,2.2542512,0.068691276,-0.224464,0.85,0.05,4.7578063,2.7524717
6845,2.3109415,0.07564846,-0.11921248,0.4973379671573639,0.05,2.706907,2.7177625
6846,2.239063,0.08136437,-0.026350733,0.8020279407501221,0.05,2.6897051,2.1948993
6847,2.240188,0.094900526,-0.16215283,0.85,0.05,4.112164,2.0960016
6848,2.202829,0.08979296,-0.15440768,0.7155654430389404,0.007903574034571648,4.7939644,1.6112791
6849,2.2275388,0.14363411,-0.044465348,0.6615702509880066,0.02244655042886734,3.2118263,2.50675
6850,2.300602,0.04544284,-0.09387718,0.85,0.05,3.070953,2.3013546
6851,2.2787561,0.10769098,-0.061197992,0.6220599412918091,0.04285363480448723,2.5874155,2.4018452
6852,2.342794,0.05850736,-0.1386093,0.85,0.05,2.3911839,2.6717067
6853,2.2212563,0.1114749,-0.15607104,0.8397430181503296,0.019296646118164062,4.6792326,1.7217026
6854,2.1950955,0.06125645,0.032048225,0.85,0.05,4.0244546,1.9530219
6855,2.2307415,0.061703365,-0.08998449,0.85,0.05,4.1405926,2.1011932
6856,2.2501972,0.094687276,-0.12799047,0.7167090773582458,0.05022101476788521,4.5872874,2.6252234
6857,2.234243,0.1182767,-0.051248442,0.85,0.02516583539545536,3.2681217,2.4930024
6858,2.2776923,0.057258904,-0.096787736,0.85,0.021896623075008392,3.4275572,2.6444602
6859,2.2607424,0.09590317,-0.16823441,0.85,0.05,3.5604608,2.159331
6860,2.2283797,0.07836959,-0.13574922,0.85,0.0023379933554679155,4.644816,1.6926206
6861,2.1531281,0.16428964,-0.08638281,0.85,0.05,4.5808234,1.6921153
6862,2.1766632,0.12539776,-0.09072648,0.7571032643318176,0.05,4.590754,1.8104978
6863,2.2342036,0.044662494,0.0020513488,0.8334150314331055,0.03561532497406006,3.472445,2.2472906
6864,2.2127326,0.033856604,-0.024283389,0.85,0.05,4.1752224,2.8592973
6865,2.2421875,0.0758382,-0.13999541,0.6995709538459778,0.03567250445485115,4.831246,2.221249
6866,2.2701154,0.08772966,-0.19718054,0.85,0.03134007379412651,4.84114,1.9995852
6867,2.2239656,0.1419589,-0.16514717,0.85,0.023472080007195473,4.518704,2.2857082
6868,2.2687345,0.15112978,-0.23305802,0.8494806885719299,0.06098521128296852,4.2794905,2.6846812
6869,2.3301003,0.012765613,-0.06812263,0.7839064598083496,0.040489256381988525,2.5433052,2.2639954
6870,2.288256,0.062359255,-0.054405056,0.85,0.05,3.077346,2.2158988
6871,2.3684275,0.035901368,-0.12163352,0.8330613970756531,0.05327962711453438,2.6595342,2.5002375
6872,2.350503,-0.016256232,-0.15930471,0.8430066704750061,0.019167574122548103,2.7582076,2.7622302
6873,2.265602,0.10929081,-0.10765202,0.8168121576309204,0.05,3.7076871,2.5352747
6874,2.2752087,0.026321106,-0.11041491,0.8062997460365295,0.028241371735930443,3.5877342,2.166178
6875,2.2451775,0.05754528,-0.08903316,0.6827810406684875,0.043854691088199615,4.07014,1.9933938
6876,2.3210394,0.109816216,-0.15639918,0.6120105981826782,0.027177559211850166,2.5384753,2.620821
6877,2.3113499,0.015965741,0.015057257,0.7376235723495483,0.016097500920295715,2.301944,2.113098
6878,2.264265,0.13697068,-0.15555443,0.8271254301071167,0.05,3.3692646,2.1429138
6879,2.3110497,0.07889192,-0.09654864,0.8193002343177795,0.05,2.299174,2.2392879
6880,2.2397606,0.18411985,-0.17503005,0.85,0.01861431822180748,3.8040063,2.2867203
6881,2.2396853,0.10172598,-0.12899831,0.85,0.05,3.981981,2.1753287
6882,2.26006,0.1536512,-0.24596527,0.8100908994674683,0.020872848108410835,4.9913745,1.9306419
6883,2.2972987,0.0368972,-0.17585242,0.85,0.022003619000315666,4.022474,2.0681942
6884,2.2420645,0.06996304,-0.03538364,0.85,0.02754879929125309,3.827592,2.1487277
6885,2.2987218,0.058110863,-0.1567357,0.8428331613540649,0.03237495943903923,3.3320978,2.3305182
6886,2.3150535,0.0281168,-0.1269994,0.85,0.019763201475143433,3.1605406,2.4379365
6887,2.3042455,0.0001722858,-0.10677753,0.85,0.05,3.789505,2.3712156
6888,2.1689444,0.12207112,-0.023443926,0.8033149838447571,0.05,4.151805,1.9172608
6889,2.409123,0.030486545,-0.067374304,0.8414311408996582,0.06263900548219681,2.1413832,2.9095883
6890,2.3560698,0.03472002,-0.047482293,0.8050640225410461,0.05,2.1716485,2.4614384
6891,2.360064,0.06380755,-0.20055291,0.7871676683425903,0.021825699135661125,2.489253,2.5175824
6892,2.2055924,0.106778,-0.104414746,0.8242836594581604,0.0009760708198882639,3.6595757,1.5419852
6893,2.2754545,0.11964936,-0.08380036,0.5726738572120667,0.012172001414000988,2.541521,2.319008
6894,2.380255,0.024485772,-0.16184145,0.8313952088356018,0.04528604820370674,2.4965928,2.6332757
6895,2.4205122,0.07716922,-0.20346014,0.85,0.036386795341968536,2.0872328,2.5794017
6896,2.339298,0.09029366,-0.11903769,0.652348518371582,0.01817973330616951,2.4495983,2.2760808
6897,2.2441378,0.15445119,-0.27509785,0.85,0.012558775953948498,5.166014,1.6678389
6898,2.2769213,0.11579322,-0.07576815,0.85,0.023392286151647568,2.580202,2.5885358
6899,2.1724868,0.0374461,-0.021709444,0.85,0.006825338117778301,4.7055244,1.7167025
6900,2.2674518,0.03386335,-0.047101006,0.85,0.05,3.2326915,2.1318865
6901,2.3877003,-0.045144454,-0.00019103849,0.6984638571739197,0.05,2.0607417,2.753591
6902,2.1446762,0.11636332,-0.051284797,0.85,0.05,4.4748774,1.7687515
6903,2.1504195,0.14478071,-0.021407891,0.5609146356582642,0.042660072445869446,4.4570584,2.042628
6904,2.2238548,0.13306445,-0.20704614,0.85,0.018195368349552155,4.7568164,1.8026521
6905,2.286702,0.06955986,-0.23863174,0.85,0.022340163588523865,4.5912747,1.9229611
6906,2.2224212,0.09056634,-0.104890555,0.85,0.05,4.2501593,1.8143128
6907,2.2272074,0.069484055,-0.1488545,0.85,0.05,4.4580603,1.8332894
6908,2.33368,0.032153297,-0.11667978,0.8254998326301575,0.026438314467668533,2.8964217,2.512176
6909,2.3239434,0.02718681,-0.13179514,0.85,0.05,3.1912377,2.2364733
6910,2.2767873,0.08199027,-0.06654125,0.8323512673377991,0.025356879457831383,2.793951,2.4341247
6911,2.3260756,0.09545804,-0.0485995,0.16711676120758057,0.04645108804106712,2.2514315,2.552332
6912,2.3491728,0.05884009,-0.14395255,0.8317392468452454,0.032732877880334854,2.6358755,2.0419707
6913,2.3666093,0.04874289,-0.2125883,0.85,0.02666228637099266,2.731039,2.6247308
6914,2.3171928,0.0066853096,-0.098353885,0.6507741212844849,0.030252588912844658,3.1127875,1.9643967
6915,2.2234833,0.03898882,-0.053012196,0.8030160665512085,0.05,3.7914538,2.298422
6916,2.3178484,0.074266106,-0.033693194,0.85,0.015167692676186562,2.105579,2.4250073
6917,2.4193532,0.041419767,-0.1939531,0.7371501326560974,0.05711508169770241,2.3728912,2.513706
6918,2.2862754,0.119414605,-0.1326876,0.85,0.05,2.9858108,2.6617765
6919,2.2005022,0.1532569,-0.19505502,0.7320948839187622,0.02689652144908905,5.416773,1.7536483
6920,2.3040323,0.036014687,-0.0375227,0.5170923471450806,0.08688623458147049,2.798732,1.9623492
6921,2.2372644,0.14717601,-0.1131271,0.85,0.02200324833393097,3.9143193,2.6953127
6922,2.292861,0.06034644,-0.047510058,0.85,0.022551313042640686,2.740684,2.2875006
6923,2.2005794,0.11611499,-0.1456447,0.85,0.05,4.5459127,1.657719
6924,2.2743347,0.15284821,-0.29665995,0.85,0.05,4.783691,2.049208
6925,2.2523003,0.06247003,-0.17685363,0.85,0.05,5.000072,2.1034162
6926,2.2609468,0.14535469,-0.09864867,0.85,0.05,3.175726,2.4869912
6927,2.1986923,0.09842766,-0.10890635,0.8287073373794556,0.013964500278234482,4.796837,1.8167934
6928,2.3800068,0.07483585,0.0006429355,-0.29887908697128296,0.05,2.0004044,2.7662563
6929,2.3105164,0.10353204,-0.12403811,0.85,0.029572276398539543,2.61747,2.7847776
6930,2.1717465,0.17243683,-0.13598841,0.8167399764060974,0.015055907890200615,4.234702,1.6522853
6931,2.1978838,0.10238684,-0.06630149,0.47132939100265503,0.05,4.133728,1.8154942
6932,2.3292894,0.07655477,-0.119866766,0.7719700336456299,0.03242969885468483,2.5646694,2.5519211
6933,2.3583903,0.008439239,-0.09185545,0.8024107813835144,0.00951065681874752,2.1877315,2.4117413
6934,2.239233,0.07590521,-0.020780241,0.85,0.005352818872779608,3.3102849,2.2993765
6935,2.37151,0.09556528,-0.050222903,-0.022368542850017548,0.05,2.3136053,2.8287396
6936,2.269298,0.074911654,-0.15066352,0.8255266547203064,0.035984352231025696,3.9590144,1.7404749
6937,2.3444643,0.040320147,-0.161486,0.8091951012611389,0.010193328373134136,2.4442456,2.3004096
6938,2.3660607,0.0822657,-0.18220884,0.725547194480896,0.11132660508155823,2.5243626,2.5709612
6939,2.3301294,0.10628178,-0.211104,0.8223297595977783,0.03152791038155556,3.099433,2.5064957
6940,2.2460198,0.07128569,-0.12092127,0.85,0.05,4.490098,2.2939048
6941,2.205583,0.05952498,-0.13440579,0.85,0.012042364105582237,4.887936,1.9302294
6942,2.3201807,0.07476786,-0.036732573,0.6797191500663757,0.027771560475230217,2.3620691,2.3578124
6943,2.2580225,0.07360033,-0.01701665,0.7373903393745422,0.02060876227915287,3.096522,2.1731596
6944,2.291664,0.016029678,-0.10004184,0.85,0.010983604937791824,3.3320735,2.6353748
6945,2.2523775,0.047502436,-0.013489517,0.8235387206077576,0.02449437417089939,2.987169,2.6346087
6946,2.3054106,0.121801995,-0.17475651,0.8295922875404358,0.05,2.9302428,2.0954576
6947,2.3291466,0.1000892,-0.052970435,0.7775135636329651,0.048047732561826706,2.0553677,2.7570386
6948,2.1364245,0.1324192,-0.065884806,0.8059937357902527,0.025745663791894913,4.8278184,1.3103837
6949,2.2906394,0.025940472,-0.050253686,0.85,0.008069776929914951,3.237028,2.2485538
6950,2.4280005,0.022715196,-0.067745544,0.39885058999061584,0.08329479396343231,2.2802694,2.8243337
6951,2.3169742,0.085448734,-0.20728269,0.7122958302497864,0.043093640357255936,3.6422732,2.795543
6952,2.163419,0.09782379,0.046886325,0.7831607460975647,0.05,3.3734226,1.7025981
6953,2.1357973,0.19011198,0.050034676,0.85,0.05,3.9388032,2.0724194
6954,2.3053174,0.0735763,-0.3444467,0.85,0.05,5.1957364,1.5837902
6955,2.287886,0.10510923,-0.10009937,0.8233029246330261,0.03791366145014763,2.6539752,2.51442
6956,2.1267664,0.22661716,-0.083903454,0.85,0.05,4.853058,1.5956596
6957,2.2042668,0.15075517,-0.16489184,0.85,0.02548871375620365,4.054516,2.498163
6958,2.293859,0.08745531,-0.038460445,0.6476162672042847,0.018563222140073776,2.4078274,2.5096939
6959,2.2278683,0.039440513,-0.13124646,0.85,0.05,4.989183,1.5256356
6960,2.268471,0.12730034,-0.14738369,0.85,0.030767304822802544,3.371301,2.612027
6961,2.222695,0.101735495,-0.049282525,0.85,0.015077297575771809,2.998392,2.1163335
6962,2.3131554,0.06327706,-0.091410756,0.85,0.01790573261678219,2.6911485,2.603683
6963,2.2670999,0.074805655,0.059766937,0.8387690186500549,0.03596062958240509,2.3998675,2.2496345
6964,2.2975116,0.07835187,-0.1284338,0.6252409219741821,0.037294719368219376,3.0107386,2.6216521
6965,2.3387487,-0.002168395,-0.09553684,0.8091571927070618,0.033460911363363266,2.7644856,2.6943161
6966,2.238461,0.10265992,-0.043903567,0.6939393877983093,0.04052666574716568,3.4687011,2.4836385
6967,2.2378469,0.12337011,-0.05453637,0.85,0.05,3.37679,2.124344
6968,2.28024,0.061480615,-0.14629538,0.85,0.020117955282330513,4.126083,1.8971202
6969,2.227133,0.05042774,-0.13894272,0.85,0.02820943109691143,4.4923134,2.6582775
6970,2.344967,-0.022632916,-0.0357029,0.5774968862533569,0.02536824531853199,2.4854233,2.6024292
6971,2.2991974,0.04788034,-0.13663357,0.8240663409233093,0.04986878111958504,3.2635016,2.246135
6972,2.2075374,0.09057426,-0.0043481872,0.85,0.05,4.171093,1.8915328
6973,2.376062,0.05831795,-0.2592536,0.85,0.05,2.7911441,2.728262
6974,2.321083,0.07485085,-0.32561368,0.85,0.02958860620856285,4.0953836,2.1653347
6975,2.218885,0.14643297,-0.16463529,0.85,0.05,4.529525,1.9493479
6976,2.2247221,0.053608246,-0.22561327,0.85,0.026801781728863716,5.60018,1.5572847
6977,2.2268624,0.120225854,-0.07522151,0.8269274830818176,0.022187210619449615,3.366809,2.1333525
6978,2.1960511,0.1559822,-0.120123796,0.85,0.014564156532287598,4.5863843,1.9740843
6979,2.1792805,0.17529002,-0.09987327,0.8127866387367249,0.028001338243484497,4.0764647,1.5359207
6980,2.2502637,0.10649313,-0.13150299,0.8364993929862976,0.027925502508878708,3.4714286,2.2532852
6981,2.120201,0.08918303,0.046066478,0.8302316069602966,0.05,5.359019,1.9273077
6982,2.2711687,0.13367249,-0.17635955,0.7958165407180786,0.03629070147871971,3.7079983,2.543373
6983,2.2716477,0.06020208,-0.025737034,0.85,0.05,2.7486708,2.7311065
6984,2.2978396,0.096296646,-0.12644754,0.85,0.05,3.0318513,2.3061051
6985,2.4396772,0.13761944,-0.1920854,0.8357078433036804,0.06024430692195892,2.0139265,2.7568035
6986,2.3865802,-0.021783965,-0.17990217,0.8279991745948792,0.05,2.5426064,2.2554102
6987,2.317769,0.0642798,-0.12936364,0.8104695081710815,0.020221035927534103,2.9076796,2.617569
6988,2.270413,0.14131953,-0.22249153,0.837628960609436,0.022277956828475,3.9627032,2.2674553
6989,2.32871,0.08431191,-0.21110615,0.85,0.05,3.0296843,2.2822847
6990,2.2410235,0.09058951,-0.20361537,0.8346472382545471,0.032023441046476364,4.8192677,1.6956663
6991,2.3674204,0.042029284,-0.1469656,0.7710962891578674,0.01777234487235546,2.5461893,2.3487005
6992,2.3252015,0.009146668,-0.17319922,0.85,0.05,3.5825486,2.7191062
6993,2.3024862,0.04875075,-0.2329755,0.786584198474884,0.014671854674816132,4.4685016,1.9932072
6994,2.2450054,0.044673946,-0.06438685,0.85,0.00684268306940794,4.0110936,2.1110036
6995,2.2521894,0.0124110235,-0.13292539,0.8021024465560913,0.02263581193983555,5.014278,1.8606609
6996,2.3603137,0.07299329,-0.22877663,0.85,0.021502383053302765,3.010423,2.4169405
6997,2.1720915,0.09596577,-0.045951955,0.85,0.05,4.958257,1.5488759
6998,2.2008977,0.110228956,-0.010939786,0.631992757320404,0.035144273191690445,3.7900624,2.4510622
6999,2.3212993,0.10747684,-0.17978404,0.8322855830192566,0.06273915618658066,2.6604323,2.5548096
7000,2.254631,0.08808286,-0.053274762,0.8240424990653992,0.05,2.8958867,2.1863391
7001,2.3229542,0.05516461,-0.10849077,0.85,0.019655246287584305,2.6387029,2.3260472
7002,2.3372467,0.056777753,-0.19948718,0.85,0.008526123128831387,3.2848637,2.5307221
7003,2.152308,0.15149611,0.0130087,0.85,0.017666542902588844,4.3201556,1.7024999
7004,2.30638,0.054946557,-0.057423912,0.5002847909927368,0.043117549270391464,2.5297782,2.8152366
7005,2.2992435,0.026750863,-0.12665787,0.6190418601036072,0.015988878905773163,3.217433,1.9432075
7006,2.2033434,0.07758796,-0.24196091,0.8243170380592346,0.022326232865452766,6.0941405,1.3947201
7007,2.3052545,0.12165291,-0.16678831,0.85,0.020301466807723045,2.7640202,2.8860111
7008,2.2322788,0.050026327,-0.08283925,0.8353798389434814,0.04856936261057854,4.405144,2.5613644
7009,2.210511,0.12884022,-0.04186248,0.85,0.05,2.9890378,2.1267998
7010,2.2416775,0.058911964,-0.12319171,0.8110599517822266,0.00883402582257986,3.7799077,2.3638124
7011,2.2908092,0.11365341,-0.22208738,0.85,0.033031925559043884,4.003666,2.1486402
7012,2.2813687,0.051718272,-0.11858824,0.8333973288536072,0.05,3.4784472,2.5476031
7013,2.277979,0.02606654,-0.07161024,0.85,0.019014736637473106,3.445332,2.1815999
7014,2.350373,0.0073403115,-0.052867174,0.85,0.05,2.3732667,2.4299583
7015,2.2410285,0.121535525,-0.09321405,0.85,0.01637992635369301,3.4797897,2.280557
7016,2.2088158,0.021982616,-0.028008617,0.8239724636077881,0.027663104236125946,4.547906,1.6042602
7017,2.2007017,0.10614277,-0.052080404,0.85,0.01036644633859396,3.8535128,2.1774275
7018,2.2749758,0.10752862,-0.19025758,0.85,0.05,4.1735272,2.1298864
7019,2.3169794,0.024899296,-0.06416754,0.6823501586914062,0.046935465186834335,2.6460915,2.6281948
7020,2.366165,0.05261084,-0.051636882,0.2785704731941223,0.05,2.026627,2.44195
7021,2.2757306,0.14983322,-0.34600765,0.85,0.0124997328966856,4.7892795,1.7954742
7022,2.345101,0.0005528478,-0.09923016,0.7706512212753296,0.022546252235770226,2.7160022,2.1441934
7023,2.2274916,0.08350006,-0.18564382,0.85,0.008507296442985535,4.7767076,1.6930814
7024,2.2446008,-0.036803633,-0.26541713,0.85,0.042394671589136124,6.5986485,1.4306989
7025,2.3231914,0.0473331,-0.09759058,0.8353306651115417,0.007212877739220858,2.4391873,2.4084044
7026,2.2432692,0.040734466,-0.13952267,0.85,0.05,4.4485583,1.9706072
7027,2.3546772,0.11912046,-0.16925907,0.836475133895874,0.06376253068447113,2.4953382,2.8492622
7028,2.2892606,0.029365739,-0.00759798,0.739529013633728,0.060322776436805725,2.702422,2.321643
7029,2.2360206,0.13411045,-0.08568861,0.8226285576820374,0.05,3.8309364,1.9881516
7030,2.248648,0.0741884,-0.017955577,0.8468487858772278,0.02724635787308216,2.6838078,2.484193
7031,2.3277075,0.05013847,-0.13357286,0.6432366371154785,0.05,2.7378185,2.3805816
7032,2.2383754,0.09876083,-0.11641743,0.7884544134140015,0.03219529241323471,3.708283,2.584105
7033,2.1601791,0.044719692,-0.0016101563,0.8452490568161011,0.05,4.364733,1.6750121
7034,2.2693086,0.07783548,-0.11054429,0.85,0.014118841849267483,3.6619875,2.2845356
7035,2.245882,0.051095273,-0.06313085,0.7718498706817627,0.04511864483356476,4.07679,2.0314403
7036,2.2808497,0.036473736,-0.11293617,0.6400302648544312,0.03767549619078636,3.1888795,2.7266114
7037,2.317669,0.09450856,-0.07323238,0.3115442097187042,0.05,2.250585,2.497523
7038,2.339412,0.06956584,-0.19942343,0.5236531496047974,0.05,3.0759225,2.3810081
7039,2.2158096,0.13212883,-0.04905471,0.8107827305793762,0.05,3.0570414,1.9087614
7040,2.177115,0.072366074,-0.062475704,0.85,0.01856517605483532,4.745,2.205201
7041,2.2029402,0.14149718,-0.012022736,0.85,0.05,3.5573719,2.1162972
7042,2.2575674,0.088243686,-0.16961735,0.8339554667472839,0.05,4.018073,1.9184318
7043,2.2269819,0.09251184,-0.059372652,0.8302863836288452,0.036016594618558884,3.5535026,2.2476516
7044,2.2057815,0.15377957,-0.09744342,0.5618153214454651,0.04942501708865166,4.0230207,2.8965514
7045,2.2411454,0.09615141,-0.08690085,0.85,0.00759418960660696,3.9319527,2.123398
7046,2.379682,0.054100268,-0.19243643,0.6605847477912903,0.016269022598862648,2.3045652,2.176403
7047,2.27878,0.12452799,-0.14473858,0.85,0.05,3.6807897,2.1215255
7048,2.3352451,0.03589076,-0.14284149,0.6891703605651855,0.06080462038516998,2.4965923,2.7254405
7049,2.3189046,-0.019344354,0.018592479,0.8175720572471619,0.03312245011329651,2.438931,2.3518896
7050,2.3462844,0.035149157,-0.19371848,0.5489416122436523,0.03248017281293869,3.3625824,1.899813
7051,2.267676,0.12209877,-0.115107246,0.85,0.006495093926787376,3.5468457,2.048195
7052,2.3068423,0.042229585,-0.08253473,0.85,0.0003592342254705727,3.0210009,2.094639
7053,2.3412929,0.054314107,-0.21928471,0.8325209617614746,0.05,3.2490997,2.3243194
7054,2.2910507,0.04719549,-0.112617284,0.85,0.05,3.4329581,2.1857846
7055,2.2492254,0.12431594,-0.17802964,0.85,0.05,4.1082716,2.2560656
7056,2.274807,0.06900655,-0.07954409,0.85,0.05,3.035731,2.4922261
7057,2.2962759,0.12915736,-0.17231837,0.7796092629432678,0.021834438666701317,2.9060428,2.3009317
7058,2.387698,0.033644196,-0.05811713,0.705562174320221,0.05885319039225578,2.0494373,2.6762724
7059,2.1292427,0.186753,-0.110136256,0.85,0.010789413005113602,5.324048,1.7556587
7060,2.2817132,0.10912859,-0.10577798,0.85,0.05,2.9479136,2.2737653
7061,2.299219,0.12291704,-0.2711452,0.85,0.04064447805285454,4.65767,1.9523731
7062,2.183711,0.0994251,-0.18075736,0.8398569226264954,0.017014481127262115,5.4886875,1.486496
7063,2.232153,0.13282646,-0.17927721,0.8418152332305908,0.03784535452723503,4.367371,1.8828486
7064,2.1985683,0.123521596,-0.14918442,0.8498112559318542,0.018715180456638336,4.6292014,1.7067815
7065,2.1986296,0.041011207,-0.06959206,0.85,0.05,4.8396945,1.5937566
7066,2.242596,0.0961253,-0.047315214,0.8311533331871033,0.05,3.2150872,2.5745091
7067,2.3178859,-0.024179868,-0.016248675,0.85,0.05,2.7250686,2.4883206
7068,2.2475524,0.12480008,-0.019911582,0.85,0.05,3.0075598,2.7995977
7069,2.3098106,0.06574567,-0.022728529,0.5972808003425598,0.07026775181293488,2.3174846,2.6810489
7070,2.2436202,0.10236542,-0.010777739,0.2499637007713318,0.23578108847141266,4.4768534,2.9009168
7071,2.2496867,0.024451742,-0.112267844,0.8027222752571106,0.025125326588749886,4.060396,1.7610394
7072,2.3039267,0.060857143,-0.21169311,0.85,0.040100183337926865,4.0266714,2.1722834
7073,2.316152,0.03404136,-0.013930133,0.4695981442928314,0.012548847123980522,2.2796798,2.2500863
7074,2.1416125,0.15603532,-0.18122824,0.8140867352485657,0.04962540790438652,5.772107,1.335863
7075,2.3280704,0.030623097,-0.10295164,0.85,0.05,2.3767483,2.321171
7076,2.2692814,0.097002305,-0.1792103,0.85,0.05,4.2393394,2.2831883
7077,2.2376084,0.11735805,-0.23597322,0.85,0.03670193627476692,5.1092386,2.2663667
7078,2.2858868,0.085180715,-0.2363685,0.85,0.042642321437597275,4.6218767,2.24065
7079,2.209896,0.06019223,-0.111240774,0.8168416023254395,0.04421097785234451,4.6824155,1.6872543
7080,2.2220554,0.12529847,-0.08534541,0.85,0.05,3.954234,2.4906676
7081,2.2578483,0.07363905,-0.06046017,0.85,0.05,2.8509004,2.4162223
7082,2.196427,0.121711455,-0.048827257,0.815582811832428,0.05,4.473223,1.770786
7083,2.3819144,-0.008827986,-0.08579793,0.5589393973350525,0.03176121413707733,2.2685533,2.5932505
7084,2.2088873,0.07625228,-0.0014308781,0.85,0.017336614429950714,3.7937605,2.307261
7085,2.2806175,0.063683055,-0.21934532,0.8426711559295654,0.022303089499473572,4.5499535,2.135716
7086,2.223649,0.10682592,-0.00975438,0.8055083751678467,0.033845286816358566,3.2499602,2.7513738
7087,2.2049022,0.13837159,-0.16755453,0.8277905583381653,0.03815378248691559,4.5877204,1.80135
7088,2.3267102,0.011673808,-0.31164744,0.7369316816329956,0.05187718942761421,5.2546453,1.9625568
7089,2.2476087,0.17691766,-0.17045103,0.85,0.030059069395065308,4.004826,2.5165744
7090,2.2679434,0.11185359,-0.085563466,0.85,0.05,3.0182724,2.5008912
7091,2.3059182,0.098731235,-0.14051047,0.6546722650527954,0.05,3.008561,2.5359852
7092,2.336059,0.10149996,-0.09329608,0.8353013396263123,0.03701784834265709,2.4115164,2.7090032
7093,2.315376,0.09044364,-0.20756085,0.85,0.010726791806519032,3.7543716,2.140343
7094,2.311604,0.0840076,-0.22872281,0.85,0.05,3.7674563,2.2261925
7095,2.206427,0.1464479,-0.089003175,0.8001012802124023,0.03989522531628609,4.3669457,2.0762556
7096,2.2742581,0.02558988,-0.14839603,0.85,0.05,3.981939,1.7802492
7097,2.2792814,0.12280105,-0.17501588,0.85,0.05,3.5005753,2.6535416
7098,2.3380418,0.17097121,-0.2702315,0.8296162486076355,0.06221888214349747,3.172935,2.7080324
7099,2.302986,0.09441189,-0.14144313,0.8328478932380676,0.05,3.0026264,2.265145
7100,2.3266137,0.004316814,-0.032310847,0.689556360244751,0.05983719602227211,2.6955016,2.305472
7101,2.213576,0.12811686,-0.08259983,0.85,0.020095176994800568,4.1586366,1.8966622
7102,2.350266,0.10995792,-0.30488178,0.85,0.05,3.414761,2.8140166
7103,2.3746355,0.07365204,-0.24518906,0.17742767930030823,0.23791521787643433,4.236369,2.858437
7104,2.1957507,0.14390667,-0.11126681,0.85,0.05,4.6427865,1.8814015
7105,2.267676,0.059258737,-0.118178174,0.8362181782722473,0.03894095867872238,4.23676,2.157927
7106,2.333611,0.034702826,-0.14045596,0.8284980058670044,0.058778829872608185,2.9924214,2.7738712
7107,2.2630835,0.029822608,-0.061109964,0.85,0.05,3.8853803,2.0884511
7108,2.3061411,0.080964014,-0.16073033,0.7703466415405273,0.022763781249523163,3.268858,2.8246355
7109,2.2493804,0.11194172,-0.0239306,0.85,0.01567123457789421,2.9026148,2.658576
7110,2.259335,0.07449242,-0.1688543,0.85,0.05,4.455659,2.0731304
7111,2.301976,0.09411308,-0.18735148,0.7904089093208313,0.035640865564346313,3.328973,2.8856611
7112,2.3579483,0.059175704,-0.18911585,0.85,0.05,2.5830197,2.5274785
7113,2.3142664,0.063686825,-0.08436037,0.4414767026901245,0.049103979021310806,2.6919966,2.5062892
7114,2.2616904,0.13056962,-0.25219318,0.85,0.05,4.837751,2.0892403
7115,2.2504463,0.16152307,-0.08315514,0.7538691759109497,0.05,2.986119,2.6611938
7116,2.3122616,0.049981613,-0.11788998,0.6468431949615479,0.03786345198750496,2.9911532,2.6117
7117,2.2707748,0.0849006,-0.15434563,0.85,0.05,4.019969,2.3927686
7118,2.3032486,0.055922937,-0.08615731,0.85,0.020016256719827652,2.7431984,2.392329
7119,2.1937747,0.10919918,-0.13846964,0.85,0.05,4.3782663,1.8618462
7120,2.2094786,0.051452935,0.0008632924,0.8081492185592651,0.008958517573773861,3.3776882,2.1910431
7121,2.1629999,0.06810931,0.0054579866,0.85,0.05,4.35651,1.841077
7122,2.3204482,0.08311437,-0.12510234,0.85,0.03683052957057953,2.9208226,2.7505057
7123,2.2557225,0.105494134,-0.19887847,0.85,0.0168145839124918,4.6131387,2.0635488
7124,2.2135315,0.053507,-0.036904894,0.85,0.05,3.7864146,1.9207145
7125,2.2447546,0.038831513,-0.13895093,0.6607889533042908,0.0479838103055954,4.453573,1.9613773
7126,2.2966266,0.11271078,-0.16761231,0.8239390850067139,0.061804141849279404,3.3457692,2.4886448
7127,2.2329714,0.13251467,-0.1396108,0.8294064402580261,0.03863101452589035,4.318444,2.072552
7128,2.2726207,0.06453087,-0.06346674,0.8483827710151672,0.04161472246050835,3.2987998,2.6296763
7129,2.3237827,0.07195075,-0.14979935,0.7882446050643921,0.04748355597257614,2.6289344,2.1341684
7130,2.2552073,0.032839153,-0.026441716,0.85,0.02723480574786663,3.3044555,2.7968438
7131,2.3150456,0.04947045,-0.18370251,0.85,0.05676183104515076,3.7926729,2.5754235
7132,2.3797894,0.06901458,-0.21344033,0.8069038391113281,0.02552352473139763,2.520991,2.3452663
7133,2.189408,0.05761846,-0.06448682,0.85,0.05,4.0618954,1.7477192
7134,2.1311343,0.11387767,-0.084280424,0.85,0.005098346155136824,5.4920387,1.5904505
7135,2.2715657,0.045391906,-0.23317926,0.85,0.05,4.5987034,1.7838432
7136,2.2493522,0.077498995,-0.10520643,0.85,0.019077973440289497,3.733465,2.4198737
7137,2.2870557,0.12231671,-0.23503932,0.85,0.05,4.0353584,2.387482
7138,2.1994684,0.10012028,-0.13771105,0.7060157656669617,0.06259174644947052,5.3032436,2.2041283
7139,2.230576,0.06434623,-0.01768891,0.85,0.05,3.53117,1.8287501
7140,2.317349,0.0548615,-0.026224595,0.85,0.03178241848945618,2.321515,2.6411483
7141,2.2272127,0.07042565,-0.1085518,0.8062218427658081,0.05,4.4550166,1.97808
7142,2.2438543,0.11768949,-0.19495288,0.85,0.03473431244492531,5.1093283,2.1455026
7143,2.2272887,0.052500736,-0.003212991,0.8059543967247009,0.06247195973992348,3.760136,1.8751028
7144,2.283516,0.07853279,-0.12466871,0.85,0.05,3.4711955,2.3156319
7145,2.277207,0.026857814,-0.15903942,0.8152018189430237,0.012275883927941322,4.2549777,1.8462759
7146,2.30152,0.084292896,-0.19710474,0.801997184753418,0.02622004970908165,3.2977,2.229054
7147,2.2153263,0.026639517,-0.061229337,0.85,0.019666433334350586,4.5195994,2.0924363
7148,2.2589772,0.076852776,0.016062062,0.629402220249176,0.028902769088745117,2.443731,2.6953068
7149,2.3696706,0.09679486,-0.15477113,0.85,0.05856243148446083,2.331657,2.7394645
7150,2.2234635,0.07018719,-0.085220635,0.85,0.02644476480782032,4.525876,2.0806704
7151,2.4240365,0.015023508,-0.18658184,0.8247518539428711,0.041968345642089844,2.2711565,2.8737462
7152,2.2732391,0.14182037,-0.1265285,0.85,0.05,2.8981915,2.5779288
7153,2.29859,0.08786407,-0.20194817,0.8458769917488098,0.052933622151613235,4.5201006,2.6618907
7154,2.2691228,0.030756855,-0.059423536,0.6527685523033142,0.05,3.2605884,2.8959715
7155,2.3237863,0.006005573,-0.034706775,0.8416556119918823,0.05,2.4541225,2.7302117
7156,2.2269392,0.110445514,-0.18608971,0.6898114681243896,0.05013780668377876,4.7576675,2.1604698
7157,2.2508094,0.07499004,-0.23939584,0.85,0.028276218101382256,4.926444,1.6924256
7158,2.3049214,0.046817765,-0.15413451,0.8299834132194519,0.021930160000920296,3.4039812,2.1590197
7159,2.131538,0.0911756,-0.033007294,0.8116722702980042,0.009874788112938404,5.0096774,1.3157549
7160,2.2937365,0.10744692,-0.12664464,0.8023029565811157,0.058147791773080826,2.8672242,2.748771
7161,2.3037164,0.07894051,-0.11389537,0.8307707905769348,0.056516382843256,2.751086,2.773091
7162,2.2656505,0.029868327,-0.0945622,0.81135493516922,0.0368269644677639,3.4452276,2.6696742
7163,2.3255286,0.08016961,-0.104761735,0.6691583395004272,0.021416082978248596,2.4792054,2.7697663
7164,2.2718654,0.07100041,-0.07474002,0.85,0.05,3.1000195,2.6543016
7165,2.2317734,0.14545746,-0.038580738,0.85,0.04033622518181801,3.2017465,2.5011063
7166,2.2330186,0.01286298,-0.020535344,0.85,0.021061664447188377,3.5110245,1.9517311
7167,2.1789167,0.18520859,-0.047204442,0.85,0.007274640258401632,3.7766726,2.312461
7168,2.275908,0.032457564,-0.097924754,0.6753293871879578,0.038882289081811905,3.3961103,1.7995466
7169,2.3769054,0.04979167,-0.31071094,0.8121114373207092,0.05,3.6227043,2.471719
7170,2.3127449,0.063952304,-0.08492166,0.6699092388153076,0.06808137148618698,2.6296573,2.7396748
7171,2.1587489,0.14050311,-0.05156406,0.85,0.05,4.821389,1.9911801
7172,2.3054895,0.00822135,-0.12100786,0.8189992904663086,0.05,3.6551034,1.7975925
7173,2.2133164,0.16674425,-0.2951644,0.85,0.05,5.5065794,1.502095
7174,2.219698,0.10760333,-0.16372445,0.836329996585846,0.027421273291110992,4.931742,1.9232128
7175,2.3637176,0.022842102,-0.07116774,0.5835578441619873,0.03502601757645607,2.4242263,2.1720424
7176,2.279173,0.1070307,-0.050036963,0.8300868272781372,0.05,2.7737608,2.1879349
7177,2.2816453,0.06507364,-0.14346647,0.8352106809616089,0.050458814948797226,3.852761,2.4927175
7178,2.3695316,0.021465536,-0.16086203,0.701037585735321,0.05,3.006767,2.2223835
7179,2.2961018,0.07350748,-0.11963689,0.8183684349060059,0.05,2.7766333,2.2489617
7180,2.3100464,0.14503263,-0.09587634,0.85,0.05,2.3370762,2.8640513
7181,2.2136147,0.12427183,-0.14661025,0.849163293838501,0.03954211622476578,4.506184,1.8844949
7182,2.2185578,0.14511038,-0.074815094,0.85,0.019671916961669922,3.8482435,1.8794793
7183,2.4257898,-0.004482254,-0.20308451,0.7967362999916077,0.05117124691605568,2.7558823,2.2716408
7184,2.2555165,0.07610991,-0.25054532,0.7561854720115662,0.07582828402519226,4.841318,1.73531
7185,2.2965531,0.089378566,-0.08400382,0.8276680707931519,0.06094323471188545,2.6788597,2.7325423
7186,2.3094535,0.11327464,-0.2546761,0.85,0.024435674771666527,3.45021,2.1857743
7187,2.2994914,0.04496809,-0.06118273,0.85,0.018613889813423157,2.611938,2.4771137
7188,2.2200744,0.09722751,-0.009400601,0.85,0.04636764898896217,3.3113065,2.5440235
7189,2.3000853,0.075490154,-0.10506547,0.8278244137763977,0.05474226921796799,2.9961414,2.7030163
7190,2.2192035,0.08371542,-0.1045772,0.85,0.019790152087807655,4.849013,1.8772447
7191,2.2700794,0.051379483,-0.054578915,0.85,0.013318764977157116,3.4784625,2.7620099
7192,2.256814,0.06339538,-0.11900187,0.85,0.016831420361995697,4.1844835,2.5345824
7193,2.2400844,0.097584024,-0.06831168,0.8248385787010193,0.05,3.3690484,2.3240376
7194,2.2644038,0.10333262,-0.1076655,0.85,0.025307971984148026,3.1779313,2.0980172
7195,2.2913046,0.045316473,-0.13137996,0.8428385257720947,0.012927503325045109,3.4498436,2.1166527
7196,2.3456292,0.06162842,-0.15554571,0.17457354068756104,0.07207237929105759,2.8062894,2.257783
7197,2.3810003,0.054771166,-0.11261882,0.85,0.041272711008787155,2.353803,2.661547
7198,2.2404716,0.10335285,-0.15956266,0.8473460078239441,0.02121742255985737,4.4265947,1.9276903
7199,2.3004935,0.042270813,-0.07558618,0.85,0.05,2.717998,2.3093517
7200,2.2444494,0.15710998,-0.17430954,0.8419719338417053,0.032219838351011276,4.045922,2.004384
7201,2.1827798,0.11066769,-0.121343695,0.85,0.05,5.058933,2.0259647
7202,2.3574622,0.034559444,-0.13385874,0.85,0.021473471075296402,2.6242533,2.3645976
7203,2.3085127,0.10136908,-0.28754428,0.8293889164924622,0.047213297337293625,4.2159863,1.9849404
7204,2.3330288,-0.0015858694,-0.062266417,0.837655782699585,0.05,2.6580513,2.6957426
7205,2.230069,0.056276392,-0.0239606,0.8042358160018921,0.017928898334503174,3.941048,2.2166336
7206,2.1948848,0.070443705,-0.023688192,0.8435118794441223,0.03755129128694534,4.518445,2.28992
7207,2.3311977,0.07005436,-0.2580364,0.8216784596443176,0.04519497975707054,3.7149732,2.582096
7208,2.1390314,0.061819833,-0.17461999,0.85,0.05,7.656937,1.6722008
7209,2.3368583,0.10889945,-0.063037075,0.5248969197273254,0.03646751865744591,2.0788624,2.857003
7210,2.1404426,0.06755844,0.012838637,0.8424080014228821,0.05,5.3335633,1.507335
7211,2.2874238,0.037422217,-0.020522604,0.6545441150665283,0.07703185081481934,3.316679,2.6852345
7212,2.2230518,0.09088788,-0.18255782,0.85,0.024480093270540237,5.031184,1.6682209
7213,2.2808993,0.058204338,-0.10778907,0.8348158597946167,0.05,3.4138591,2.4582584
7214,2.201886,0.079123214,-0.21796253,0.85,0.027645930647850037,5.8827333,1.4144686
7215,2.210753,0.12066194,-0.12522022,0.85,0.05,4.089973,2.1650438
7216,2.280144,0.11324463,-0.21447016,0.8310368657112122,0.060721322894096375,4.2381034,2.2399473
7217,2.2917194,0.12955391,-0.3237711,0.8476651310920715,0.03604326397180557,5.1270986,2.0696027
7218,2.3026845,-0.04657073,-0.12559037,0.85,0.05,4.286151,2.321787
7219,2.1740932,0.16368833,-0.14552979,0.830340564250946,0.035281870514154434,4.825969,1.7094306
7220,2.302808,0.057987705,-0.15218766,0.7965235710144043,0.04046504572033882,2.8993645,2.2047524
7221,2.2376382,0.050093085,-0.12023733,0.85,0.05,4.365152,1.768368
7222,2.391627,0.054613248,-0.013103142,0.5242102146148682,0.08736849576234818,2.3927703,2.7909606
7223,2.1723063,0.10364607,-0.027050441,0.85,0.05,4.884588,1.8098433
7224,2.283824,0.029918378,-0.025193965,0.85,0.016401000320911407,3.160453,2.3560636
7225,2.372923,0.041378427,-0.1227816,0.7790647149085999,0.06463067978620529,2.1718943,2.7746265
7226,2.3114166,0.021105578,-0.10032181,0.85,0.05,3.0906067,2.2187946
7227,2.2924879,0.03705336,-0.07365107,0.85,0.008734731934964657,2.7895494,2.489846
7228,2.3354743,0.025826696,-0.21307942,0.85,0.037666596472263336,4.0467534,2.438936
7229,2.2877285,0.1028757,-0.052188203,0.8039664626121521,0.05,2.5170934,2.7276564
7230,2.3382626,-0.0151124485,0.0592832,0.13944533467292786,0.01303312461823225,2.070759,2.6887326
7231,2.287619,0.06534987,-0.19783646,0.6915861964225769,0.006536039989441633,4.0986996,1.8250449
7232,2.3659754,0.09661203,-0.23072329,0.8065583109855652,0.06816554069519043,2.4611108,2.782581
7233,2.3424497,0.0010613953,-0.16598228,0.85,0.05,3.3352308,2.4670472
7234,2.231569,0.12520532,0.047120817,0.8444809317588806,0.02590465173125267,2.532646,2.1404648
7235,2.15947,0.08630291,-0.043575857,0.816922128200531,0.05018055438995361,4.8843026,1.7114298
7236,2.3135948,0.066688016,-0.043769795,0.6435003280639648,0.051424335688352585,2.6911764,2.3383048
7237,2.404401,0.07283576,-0.035450216,0.6704489588737488,0.058928441256284714,2.241847,2.5469055
7238,2.3826041,0.004805011,-0.14184232,0.8064411878585815,0.04739687964320183,2.3735394,2.726715
7239,2.2573588,0.09081561,-0.081515305,0.85,0.02485392428934574,3.539877,2.3290842
7240,2.1767385,0.111570545,0.020679478,0.8141859173774719,0.042594000697135925,3.8341506,2.500453
7241,2.2186003,0.094297715,-0.14232533,0.8336870670318604,0.05150908976793289,4.681049,2.1605968
7242,2.2549863,0.15435216,-0.21611574,0.85,0.04513129964470863,4.4947224,1.8863689
7243,2.237291,0.1437931,-0.19259262,0.7581347823143005,0.05825641006231308,4.4613924,2.200626
7244,2.3259008,0.10281455,-0.23374674,0.85,0.05,3.1242661,2.6858115
7245,2.3176057,0.111514375,-0.1805804,0.7570579648017883,0.015593637712299824,2.6023064,2.8413606
7246,2.3110342,0.09428571,-0.09470043,0.85,0.05,2.7275913,2.4221375
7247,2.17849,0.14237987,-0.0723156,0.85,0.05,4.4352193,2.0118775
7248,2.2281415,0.077064246,-0.20713253,0.85,0.03432311490178108,4.7989626,2.122138
7249,2.3606932,0.060241293,-0.14940584,0.818903386592865,0.05,2.3548956,2.8749554
7250,2.363462,0.0414021,-0.019644761,0.7511080503463745,0.05,2.3506498,2.3417387
7251,2.3427866,0.011195572,0.04485495,0.8124136924743652,0.03914710506796837,2.2050014,2.575318
7252,2.2925608,0.08454459,-0.18682395,0.8004991412162781,0.05,3.5547445,2.198192
7253,2.296674,0.094690435,-0.11929818,0.8279299736022949,0.06473976373672485,2.8554592,2.767345
7254,2.3504052,0.055177942,-0.12573673,0.85,0.03651997074484825,2.3980186,2.2587595
7255,2.206906,0.10660037,-0.14005895,0.85,0.03783421590924263,5.0226254,1.8092967
7256,2.292208,0.07988522,-0.1869153,0.85,0.016894713044166565,3.8016236,2.2370017
7257,2.293889,0.10846313,-0.22758679,0.85,0.00532033434137702,4.2214284,2.1933692
7258,2.3579724,0.06849485,-0.1901069,0.8337606191635132,0.07642769813537598,2.5252416,2.6217415
7259,2.3159566,0.112581275,-0.13925338,0.41892504692077637,0.013423255644738674,2.6204035,2.0734808
7260,2.4034421,-0.007998146,-0.22509487,0.85,0.04625373333692551,2.9803252,2.7905104
7261,2.218855,0.13341042,-0.13434142,0.85,0.05,4.046649,2.0362248
7262,2.2294743,0.080888204,-0.16285045,0.85,0.05,4.8446107,1.6689281
7263,2.2477705,0.11213795,-0.19144042,0.79388028383255,0.03112964704632759,4.0691,1.7359338
7264,2.2575068,0.081071556,-0.062435772,0.7092689871788025,0.029374098405241966,3.1665616,2.144189
7265,2.2011774,0.14301974,-0.04053657,0.85,0.05,4.0607085,1.8135446
7266,2.2905164,0.03352097,-0.27394813,0.85,0.021480342373251915,4.794346,1.6556245
7267,2.3603833,0.050412636,-0.15824659,0.5429292321205139,0.04419800639152527,2.4251554,2.016306
7268,2.265838,0.014422352,-0.09917924,0.7185570597648621,0.045807164162397385,4.12922,2.1471756
7269,2.3700852,0.016142603,-0.042367272,0.45225977897644043,0.021866973489522934,2.0389845,2.380057
7270,2.3011127,0.10717356,-0.11568122,0.8476927876472473,0.035433702170848846,2.616327,2.510453
7271,2.4510124,-0.004751508,-0.17679511,0.6688693761825562,0.08747631311416626,2.2220438,2.8178592
7272,2.2375236,0.044469737,-0.13075817,0.8211724758148193,0.02800372801721096,4.3094745,1.670899
7273,2.2231,0.04101844,-0.10138948,0.8175603151321411,0.048565756529569626,4.691399,1.8068879
7274,2.377286,0.08112989,-0.09475424,0.7099334597587585,0.05683697760105133,2.0455139,2.412781
7275,2.2119222,0.08143426,-0.021031126,0.8443998098373413,0.020717332139611244,3.849877,1.9459343
7276,2.2156572,0.15039434,-0.13773039,0.6267284154891968,0.029115451499819756,4.460865,2.4476645
7277,2.3307292,0.05093245,-0.03738064,0.514640212059021,0.05,2.500503,2.175981
7278,2.3078547,0.048477683,-0.07305449,0.5857216715812683,0.041092704981565475,2.836695,2.8280568
7279,2.3464684,0.03767299,-0.19115096,0.8206897377967834,0.02071119099855423,2.8261495,2.7482042
7280,2.3072145,0.12465317,-0.10649477,0.6692761778831482,0.08067654818296432,2.7028794,2.7927613
7281,2.2854085,0.09897358,-0.09058368,0.8319172859191895,0.03825192153453827,2.6627495,2.5434537
7282,2.2594042,0.10119178,0.0006562764,0.8325752019882202,0.0492163822054863,2.4773288,2.2229872
7283,2.3240469,0.08835019,-0.053005073,0.7927391529083252,0.09055641293525696,2.3138103,2.7304204
7284,2.2519362,0.034984216,-0.16544297,0.8278312683105469,0.05,4.8853827,1.7872679
7285,2.335682,0.026105229,-0.17423196,0.85,0.05,3.2006896,2.21504
7286,2.184153,0.11356233,-0.06086759,0.8383033871650696,0.03578360378742218,4.970374,2.287975
7287,2.2465322,0.078185625,-0.110892884,0.85,0.020879948511719704,3.8130758,2.3139648
7288,2.2343364,0.060872618,-0.03268832,0.85,0.05,3.68236,2.378629
7289,2.2860935,0.09117509,-0.10024174,0.7927235960960388,0.06368327140808105,3.179186,2.6974413
7290,2.3172152,0.0023629023,-0.16241689,0.7658966183662415,0.052111268043518066,4.099568,2.8037183
7291,2.2434962,0.08079515,-0.07110302,0.8079323172569275,0.0201960951089859,3.653759,2.7040303
7292,2.2251344,0.12936611,-0.11508921,0.816163957118988,0.04767221957445145,4.202168,2.228596
7293,2.2791567,0.037334803,-0.20983152,0.8101471066474915,0.029927583411335945,4.799488,2.6326847
7294,2.3748808,0.04047721,-0.15501289,0.8019385933876038,0.0331699401140213,2.217455,2.5261943
7295,2.2799978,0.012636342,-0.0390078,0.85,0.05,3.3088484,2.7385933
7296,2.2703364,0.10529195,-0.11755886,0.7834343910217285,0.013025021180510521,2.7764153,2.445272
7297,2.2237337,0.04949458,-0.13837747,0.85,0.02604120410978794,4.5769653,1.6491293
7298,2.2780044,-0.008194869,0.019614805,0.8145147562026978,0.05711042881011963,2.738338,2.3665867
7299,2.347591,0.090101235,-0.13262805,0.8358076214790344,0.04942083731293678,2.098083,2.6960232
7300,2.2695432,0.060386043,-0.17081887,0.8258622288703918,0.03597533330321312,4.0770736,1.8109286
7301,2.3062088,0.07534636,-0.09219036,0.813306450843811,0.05,2.498731,2.2566278
7302,2.2833636,0.07615561,-0.17364474,0.85,0.03153552487492561,3.548212,2.5787005
7303,2.2664342,0.035005707,-0.08912784,0.7346723079681396,0.01426681224256754,3.8248985,1.8750844
7304,2.309318,0.010944239,-0.20781845,0.85,0.02624339982867241,4.5797243,1.9581367
7305,2.397251,0.046357635,-0.21161845,0.8135591149330139,0.07069941610097885,2.6583815,2.632867
7306,2.3831866,0.031222183,-0.07160574,0.7524272799491882,0.044005874544382095,2.1675463,2.8807383
7307,2.3138235,0.10463071,-0.18941452,0.5458628535270691,0.10325892269611359,2.8490207,2.5104878
7308,2.2252204,0.11485822,0.011217291,0.7926000356674194,0.04347648471593857,3.0304108,2.821865
7309,2.2441592,0.14104271,-0.097078554,0.85,0.05,3.6863587,2.3071358
7310,2.3629556,-0.050141267,-0.18837215,0.85,0.025951895862817764,3.162802,2.1359792
7311,2.3506136,0.101941496,-0.14413968,0.85,0.035588767379522324,2.2246194,2.52719
7312,2.3315513,-0.0044347746,-0.08800638,0.85,0.05054926872253418,2.9922767,2.7616422
7313,2.347148,0.05839245,-0.02648498,0.8341308236122131,0.07002350687980652,2.483606,2.8551474
7314,2.324677,0.08568273,-0.14776786,0.7914490103721619,0.031036021187901497,2.7612035,2.6387646
7315,2.2875102,0.09457227,-0.1377595,0.85,0.037498947232961655,2.945004,2.8135238
7316,2.2867959,0.026047224,-0.1822409,0.85,0.05,4.7051444,1.7759899
7317,2.3136556,0.048403155,-0.097195856,0.5239003300666809,0.016953712329268456,2.6851735,2.2180557
7318,2.2665637,0.077274725,-0.25499696,0.7982929944992065,0.05,4.7657895,1.6887051
7319,2.2645364,0.024834359,-0.0730552,0.7931856513023376,0.05717793107032776,3.9072301,1.7022687
7320,2.197743,0.09243286,-0.19880721,0.85,0.05,5.179856,1.4384767
7321,2.1196215,0.06687813,-0.02656785,0.8233103156089783,0.008535836823284626,4.4972878,1.3346546
7322,2.3989744,0.053582247,-0.054692853,0.6778880953788757,0.03626666218042374,2.0643606,2.6158853
7323,2.2877617,0.066882126,-0.0032983902,0.8009207844734192,0.03737827017903328,2.536681,2.5196724
7324,2.3002934,0.10215645,-0.114640266,0.8299843072891235,0.05774477496743202,2.7863283,2.6327567
7325,2.347479,0.0880376,-0.10156527,0.6978961229324341,0.06734500825405121,2.0886745,2.7334588
7326,2.2288122,0.09711679,-0.11041057,0.8327470421791077,0.05,4.2099547,1.7366915
7327,2.2467847,0.09098679,-0.1409492,0.8318045735359192,0.05,4.790815,2.0749445
7328,2.2837396,0.11723477,-0.082914665,0.7704163789749146,0.07089246064424515,2.9547875,2.5382767
7329,2.3238907,0.03279589,-0.10990437,0.8071050047874451,0.05731182172894478,3.0517187,2.717827
7330,2.1978793,0.11338318,-0.12010884,0.8480059504508972,0.01583101600408554,4.48598,2.2650628
7331,2.2600534,0.10274515,-0.11400568,0.8356267213821411,0.027151023969054222,3.433057,2.3921561
7332,2.2551374,0.15127334,-0.04562677,0.6372079849243164,0.05,2.329821,2.8362906
7333,2.287741,0.13828452,-0.1661269,0.8290550708770752,0.05992910638451576,3.1110032,2.677329
7334,2.271519,0.091235906,-0.12795195,0.85,0.003578839125111699,3.82229,2.2548788
7335,2.2751808,0.14380822,-0.16773161,0.85,0.05,3.3917072,2.463787
7336,2.3074193,0.15509053,-0.15099224,0.8380590081214905,0.02580244466662407,2.4342382,2.5267577
7337,2.325796,0.08313853,-0.099114366,0.85,0.0383714959025383,2.7038162,2.758957
7338,2.342385,0.04398847,-0.13780265,0.85,0.055170267820358276,2.6367123,2.690833
7339,2.227445,0.1415994,-0.15463327,0.85,0.029771845787763596,4.4117064,2.3696806
7340,2.2844806,0.018800205,0.00056751206,0.8191079497337341,0.01449265144765377,2.6494303,2.1547165
7341,2.1916661,0.22214234,-0.26459315,0.85,0.05,5.574047,1.5962768
7342,2.254632,0.099515356,-0.13960414,0.823617696762085,0.0675453245639801,3.9720416,2.800592
7343,2.2663274,0.032260656,-0.11795772,0.6978292465209961,0.05,4.0959234,1.6893029
7344,2.1948483,0.09131437,-0.07733639,0.85,0.008006025105714798,4.8389354,1.9840126
7345,2.2841122,0.09093148,-0.05522984,0.8109191060066223,0.05,2.599338,2.5543027
7346,2.2341626,0.0951352,-0.09823547,0.8272286653518677,0.048840753734111786,4.388427,2.0752954
7347,2.2237957,0.088611014,-0.058522664,0.7857409119606018,0.05253545939922333,3.873544,2.6357293
7348,2.2905822,0.07321787,-0.15652129,0.8367564082145691,0.032851461321115494,3.7819803,2.5657146
7349,2.3421822,0.008702301,-0.084148966,0.8474078178405762,0.04176164045929909,2.590385,2.5131085
7350,2.3228588,0.13343427,-0.16612275,0.5974342226982117,0.050626177340745926,2.5330443,2.4565704
7351,2.3693433,0.02931455,-0.04834909,0.5008258819580078,0.055310700088739395,2.396006,2.6148005
7352,2.26365,0.049285363,-0.05515761,0.7695121169090271,0.05,3.6321762,1.7400894
7353,2.3478975,0.087123536,-0.029081741,0.3899998366832733,0.05439092218875885,2.0007846,2.8232687
7354,2.2150524,0.08969909,-0.03565295,0.85,0.038499027490615845,3.7163117,2.18097
7355,2.1985726,0.119133696,-0.11243869,0.85,0.008264463394880295,4.5333896,2.3348615
7356,2.2309284,0.12710701,-0.19553858,0.828755795955658,0.031411442905664444,4.8835797,1.8334076
7357,2.4261055,0.079951346,-0.08747432,0.24468021094799042,0.06490273028612137,2.1216526,2.8261065
7358,2.2661474,0.11983709,-0.15271345,0.85,0.01748010329902172,3.72295,2.119673
7359,2.2194679,0.107345946,-0.11223647,0.85,0.05,4.6732373,1.9278352
7360,2.2719748,0.13415729,-0.14623469,0.826963484287262,0.05699905753135681,3.5758398,2.5761425
7361,2.2766006,0.07885309,-0.08546268,0.7154954075813293,0.04542599618434906,3.3552523,2.3041255
7362,2.2001586,0.18576239,-0.20425253,0.85,0.05,4.558234,1.8101535
7363,2.238766,0.05659999,-0.04380945,0.85,0.015682809054851532,3.4438827,2.5452
7364,2.1947446,0.06804427,-0.15595536,0.7216655611991882,0.04114725440740585,4.8046665,1.8337634
7365,2.242484,0.0017117802,0.12487339,0.802992045879364,0.03202521428465843,2.785157,2.228022
7366,2.257959,0.14493279,-0.1928293,0.7512889504432678,0.01473093219101429,4.5070057,2.1157694
7367,2.3262982,0.043135922,-0.17809138,0.85,0.05,3.3362827,2.6098726
7368,2.225395,0.040897675,-0.087512024,0.85,0.05,4.590506,2.0524654
7369,2.3870883,0.023767425,-0.20828483,0.85,0.03616786375641823,2.5654318,2.6115787
7370,2.2926056,0.094523996,-0.06566986,0.597621738910675,0.05022841691970825,3.0832558,2.5910652
7371,2.1981483,0.08289449,-0.095646754,0.85,0.05,4.5959334,1.8983232
7372,2.3166373,0.06840442,-0.09165537,0.85,0.05,2.7487838,2.760051
7373,2.3499682,0.056270108,-0.21372277,0.85,0.03326261043548584,2.8507755,2.5358186
7374,2.237071,0.058386303,-0.11626921,0.6708579659461975,0.025566110387444496,4.2356853,2.198226
7375,2.256533,0.09650614,-0.12960579,0.6948339939117432,0.05,3.3872585,1.8166406
7376,2.3064709,0.010229129,-0.07153303,0.85,0.043037306517362595,3.2615502,2.6599605
7377,2.2140813,0.12056144,-0.15345702,0.85,0.05,5.0347223,1.7063702
7378,2.2342513,0.14586017,-0.05304241,0.5637978911399841,0.030079856514930725,2.8317552,2.6899664
7379,2.149724,0.11820261,-0.13950796,0.85,0.044164661318063736,6.458988,2.0906925
7380,2.2993019,0.074121706,-0.15808792,0.6222857236862183,0.02335013821721077,3.4518468,1.6486006
7381,2.2624464,0.08237366,-0.03575666,0.85,0.05351313203573227,2.8917778,2.8732326
7382,2.2719352,0.07231969,-0.17179935,0.85,0.05,3.960398,1.9396763
7383,2.202267,0.11503873,-0.039966837,0.8427098393440247,0.04365170747041702,3.9792185,2.1239262
7384,2.3038175,0.06737389,-0.13805227,0.8356465101242065,0.053927261382341385,3.2055635,2.5346537
7385,2.2689006,0.10217348,-0.026577078,0.7341342568397522,0.04211615398526192,2.266026,2.7795303
7386,2.2195945,0.102447025,-0.004915826,0.85,0.01570681855082512,3.3062146,2.4113178
7387,2.2607396,0.04538775,-0.08169674,0.85,0.05,3.946537,2.1802819
7388,2.2218275,0.113837644,-0.2529616,0.8194185495376587,0.04866733402013779,5.0868545,1.572059
7389,2.2951756,0.050378826,-0.102746494,0.6835402250289917,0.05527128651738167,2.7698095,2.7026494
7390,2.3532443,0.11804063,-0.21523312,0.8453916907310486,0.05,2.62348,2.5822253
7391,2.2663386,0.07849838,-0.22056966,0.85,0.010013982653617859,4.611782,2.180802
7392,2.1332412,0.12315721,-0.10288725,0.85,0.05,5.0850277,1.3062013
7393,2.2227013,0.08723265,-0.14398015,0.85,0.05,4.5875897,1.7678396
7394,2.2109897,0.036395036,-0.10912732,0.85,0.05,4.4255686,1.8326056
7395,2.2684326,0.082071476,-0.12064328,0.85,0.05,3.6788857,2.0171263
7396,2.2726824,0.08283203,-0.05050755,0.85,0.05,3.281815,2.76154
7397,2.242024,0.06175808,-0.12618418,0.85,0.015311275608837605,5.030989,2.0584755
7398,2.3228664,0.08753835,-0.15971161,0.8311282992362976,0.04503898695111275,2.9654443,2.190156
7399,2.2715745,-0.034877587,-0.020094479,0.85,0.05,3.513439,1.9330416
7400,2.2259307,0.074976295,-0.0386682,0.7386414408683777,0.03647209331393242,4.019403,2.6917002
7401,2.3437889,0.06681231,-0.129037,0.5536863803863525,0.023362722247838974,2.4873972,2.6090877
7402,2.1737766,0.14570129,-0.107372,0.85,0.05,4.746171,2.0283298
7403,2.29973,0.044398934,-0.1138459,0.8157637715339661,0.04997274652123451,3.3796973,2.3148649
7404,2.216842,0.1571823,-0.032689262,0.85,0.05,3.2454183,2.8717327
7405,2.2130604,0.17508249,-0.24919952,0.85,0.02495650388300419,5.0930357,1.8808578
7406,2.376171,0.06683111,-0.08751035,0.639826238155365,0.03669102489948273,2.2210712,2.2914574
7407,2.3486707,0.0336499,-0.070644915,0.836233913898468,0.02847711741924286,2.4207456,2.620761
7408,2.3003187,0.050208364,-0.19034044,0.8209467530250549,0.05,3.6784527,2.5564208
7409,2.323046,0.10456397,-0.07183826,0.8450933694839478,0.05,2.503056,2.781772
7410,2.2785246,0.1002963,-0.09799359,0.85,0.05,3.184731,2.176116
7411,2.2878149,0.0824935,-0.10211603,0.85,0.02617827244102955,2.8898375,2.628222
7412,2.2186682,0.13564825,-0.0988821,0.85,0.03362971916794777,3.928709,2.1719553
7413,2.330102,0.0397155,-0.07948298,0.7850489020347595,0.06459305435419083,2.6208057,2.4441495
7414,2.3691614,0.059876654,-0.09063353,0.85,0.04946335777640343,2.4806643,2.2882495
7415,2.2768846,0.096726924,-0.1250975,0.85,0.05,3.2774317,2.3919764
7416,2.3261316,0.03101585,-0.14896517,0.82235187292099,0.03833836689591408,3.04567,2.3919046
7417,2.3307781,0.030291384,-0.032807123,0.85,0.025707174092531204,2.2001314,2.5179121
7418,2.306651,0.044624902,-0.14397043,0.8373571038246155,0.05,3.4498837,2.0502806
7419,2.1165454,0.03406153,-0.07178853,0.8030956387519836,0.03799307718873024,6.937284,1.2939738
7420,2.3269975,0.07233425,-0.14649409,0.6645902395248413,0.03977927565574646,2.963637,2.3946295
7421,2.3242974,0.15407276,-0.19906917,0.85,0.02079067751765251,2.545111,2.690415
7422,2.3414478,0.069906995,-0.28784755,0.85,0.024835005402565002,3.8895173,2.081518
7423,2.3103223,0.09317095,-0.04517348,0.8066996932029724,0.03087502345442772,2.8039384,2.1947005
7424,2.3104444,0.16120449,-0.27394143,0.85,0.023137090727686882,4.0550656,2.547483
7425,2.379704,-0.00046812007,-0.08022005,0.616672933101654,0.07518056780099869,2.6488054,2.765482
7426,2.2875984,0.07864035,-0.120671906,0.8080891966819763,0.05669671669602394,3.0060472,2.6014078
7427,2.3621082,0.08565628,-0.11002406,0.7110580801963806,0.07122130692005157,2.3366551,2.6781492
7428,2.2137568,0.12484054,-0.035497416,0.8277414441108704,0.043751224875450134,3.588946,2.1430383
7429,2.2761152,0.078463696,-0.18255709,0.8339331150054932,0.005918873939663172,4.1532626,2.1468732
7430,2.380448,0.07656339,-0.15652215,0.5538759827613831,0.025568000972270966,2.4248729,2.2005007
7431,2.2841856,0.07198441,-0.08967017,0.7931073904037476,0.05,2.547761,2.1700916
7432,2.3180475,0.07622206,-0.12572196,0.85,0.05,2.8363936,2.6096807
7433,2.2690022,0.018471561,0.0017139795,0.6162070035934448,0.015144993551075459,2.5621545,2.4675179
7434,2.279097,0.10715849,-0.13040318,0.30829185247421265,0.0341598279774189,2.9445605,2.5161877
7435,2.271005,0.045401376,-0.1335614,0.85,0.002451997483149171,3.9403942,2.0949514
7436,2.2410204,0.13722785,-0.14753202,0.8374943137168884,0.05,3.8320372,2.1177154
7437,2.274495,0.060409136,-0.12166022,0.6893219947814941,0.04750256612896919,3.9935741,1.9439791
7438,2.337119,0.082487546,-0.08003563,0.7838459610939026,0.05,2.145601,2.7302475
7439,2.3582625,0.10613058,-0.25453055,0.85,0.02256823517382145,3.0154567,2.4942572
7440,2.319972,-0.008547676,-0.0701197,0.5585509538650513,0.05,2.6142435,2.1381922
7441,2.3526497,0.100271426,-0.1868201,0.8397169709205627,0.036582618951797485,2.8561044,2.5408335
7442,2.3403864,-0.0013879047,-0.12900315,0.7950793504714966,0.02462904527783394,2.916135,1.8816854
7443,2.188798,0.16085954,-0.08310357,0.85,0.01924888603389263,4.1299605,2.6809223
7444,2.307361,0.09871139,-0.08356245,0.8144351840019226,0.031685393303632736,2.5104203,2.7629669
7445,2.2200143,0.13231848,-0.038092595,0.85,0.05,3.3597784,2.3994586
7446,2.3404443,0.03756079,-0.08549146,0.85,0.03656531125307083,2.6116066,2.7711449
7447,2.256321,0.12098489,-0.22120349,0.85,0.05,3.9258108,2.0510511
7448,2.3824265,0.014960933,-0.15386799,0.85,0.03543822467327118,2.5522678,2.7231195
7449,2.2347512,0.15178578,-0.16935332,0.85,0.05,4.506532,2.715357
7450,2.2839215,0.07836227,-0.09658049,0.6375807523727417,0.05443457514047623,3.3357422,2.4509687
7451,2.2963798,0.031075558,-0.14495644,0.85,0.02350744977593422,3.506797,2.4040148
7452,2.3665404,0.02365539,-0.18213458,0.8269450664520264,0.025154132395982742,2.6242883,2.410185
7453,2.3956566,0.064507574,-0.1470459,0.8218167424201965,0.03013690933585167,2.0725217,2.6890733
7454,2.2954166,0.09547864,-0.20990339,0.7808744311332703,0.03840829059481621,3.9736738,2.0753958
7455,2.2978723,0.17859778,-0.45057634,0.8486376404762268,0.05,5.3449683,1.4996125
7456,2.2487369,0.111757345,-0.13092269,0.85,0.05,4.124215,2.0228562
7457,2.222082,0.10320015,-0.039308272,0.85,0.05,3.8825443,2.2261803
7458,2.302399,0.025581246,-0.028085561,0.8026278614997864,0.07858758419752121,3.0547178,2.8391519
7459,2.1789782,0.11096481,-0.020896764,0.5410951375961304,0.05,4.0583553,2.1296585
7460,2.366124,0.025718616,-0.056798782,0.7189007997512817,0.03555051237344742,2.171231,2.7908857
7461,2.298131,0.088612095,0.02297875,0.85,0.05,2.3159235,2.6791518
7462,2.351246,0.103947096,-0.10983313,0.7123878598213196,0.05375489965081215,2.1511722,2.3358252
7463,2.3080053,0.049039148,-0.18268585,0.85,0.032371263951063156,3.9084508,2.3759189
7464,2.353088,0.0538488,-0.18328837,0.8232848644256592,0.041122328490018845,2.6670122,2.718534
7465,2.3082263,0.010103553,-0.058534775,0.85,0.05,3.1622465,2.545439
7466,2.3234513,0.0075452435,-0.0019008222,0.639149010181427,0.02440771460533142,2.6058018,2.1196964
7467,2.231614,0.079359695,-0.015097685,0.85,0.05,3.341037,2.1254904
7468,2.2457535,0.028529573,-0.022941763,0.828737735748291,0.022885624319314957,3.9163668,2.5316398
7469,2.3358464,0.037522797,-0.04790811,0.6581918597221375,0.05,2.0969183,2.3562872
7470,2.353269,0.08333394,-0.031827223,0.8133118152618408,0.019420694559812546,2.2762985,2.40636
7471,2.2308874,0.10022771,-0.030901339,0.837295413017273,0.03382083401083946,3.0630126,2.5522313
7472,2.2040982,0.07670135,-0.0041170204,0.8315573930740356,0.01779731921851635,3.7812955,1.6403105
7473,2.2558968,0.075392626,0.0047144457,0.8219326734542847,0.02492203563451767,2.9418824,2.6278942
7474,2.3097959,-0.012457632,-0.011118762,0.85,0.05,2.8836129,2.5290415
7475,2.308217,0.05858176,-0.06383981,0.6420226693153381,0.03102514147758484,2.4271238,2.626822
7476,2.2924378,0.06139712,-0.13518858,0.45475924015045166,0.018313616514205933,3.6685688,2.3374476
7477,2.2581346,0.021101087,-0.17489193,0.8243316411972046,0.05,4.5768294,1.6147197
7478,2.263474,0.1433991,-0.19467904,0.7967306971549988,0.017085004597902298,4.4317136,2.4112055
7479,2.2632787,0.09598741,-0.21072488,0.85,0.026649143546819687,4.4303756,2.3469856
7480,2.1371114,0.09776769,-0.067297004,0.85,0.05,5.579115,1.3510864
7481,2.2823849,0.03403433,0.060450595,0.8323076963424683,0.05,2.760178,2.7066872
7482,2.3175714,0.022240864,-0.18571644,0.85,0.027052875608205795,4.0321836,2.6765058
7483,2.2834084,0.07616656,-0.10642583,0.816170334815979,0.05,2.7452328,2.5053592
7484,2.1830537,0.11136036,-0.12797356,0.813793957233429,0.05,4.7107244,1.657554
7485,2.1383655,0.11858252,-0.1397809,0.85,0.05,5.9768667,1.5091127
7486,2.2296042,0.13131031,-0.10953339,0.85,0.05,4.05468,2.293949
7487,2.2623227,0.15635091,-0.20277855,0.85,0.05,4.345493,2.2467725
7488,2.3245385,0.0074036876,-0.09889372,0.8167636394500732,0.02381901815533638,2.745712,2.5386617
7489,2.2091897,0.085794,-0.03320858,0.7531389594078064,0.05247550085186958,4.2430997,2.1951487
7490,2.2773955,0.0409058,-0.08587068,0.8374723196029663,0.02147807367146015,3.438707,1.902869
7491,2.171505,0.13257901,-0.14830124,0.85,0.05,4.600067,1.6760776
7492,2.2398946,0.13076808,-0.2491136,0.8238670825958252,0.03952496498823166,4.9595857,1.8033881
7493,2.2557325,0.036535125,-0.15273194,0.609218955039978,0.06921681761741638,4.4763975,2.0696054
7494,2.2456052,0.124095865,-0.0436056,0.85,0.03836068511009216,3.4427097,2.2823439
7495,2.2613206,0.115399495,-0.103142776,0.85,0.05,2.8653498,2.706478
7496,2.2430947,0.080349095,-0.16783912,0.85,0.05,4.4904823,2.1727266
7497,2.1831355,0.117459595,-0.04488704,0.85,0.030956514179706573,4.838427,2.2433915
7498,2.1753376,0.08078375,-0.09589628,0.85,0.02605142630636692,5.1277976,1.6503558
7499,2.3136067,0.07263804,-0.08632048,0.7966111302375793,0.05295568332076073,2.3690417,2.6968675
7500,2.319701,0.07292507,-0.16434035,0.2540329098701477,0.003763832850381732,3.0366492,2.6128898
7501,2.275479,0.07370969,-0.0744582,0.4292415678501129,0.039827119559049606,3.3242528,2.7638295
7502,2.215856,0.073112145,-0.08444392,0.85,0.029215840622782707,4.914405,2.1460502
7503,2.1826274,0.11789466,-0.16445635,0.85,0.021304640918970108,5.167778,1.5413746
7504,2.1997972,0.11055975,-0.09836835,0.5635070204734802,0.03760388866066933,4.403947,1.7817613
7505,2.2790246,0.116569765,-0.27836573,0.7958310842514038,0.02579522877931595,3.0939202,1.625506
7506,2.3479023,-0.000876887,-0.14903492,0.7895428538322449,0.03303086757659912,3.1197429,2.4361563
7507,2.1634607,0.048032347,-0.056137864,0.85,0.05,4.836194,1.5256737
7508,2.271981,0.16905816,-0.1668266,0.85,0.05,3.1865702,2.5032258
7509,2.3195605,0.086930215,-0.029180389,0.35272467136383057,0.054121796041727066,2.0128846,2.7402918
7510,2.279775,0.08618483,-0.13800023,0.7719667553901672,0.041322849690914154,3.380394,1.9138887
7511,2.3431156,0.074444845,-0.030521007,0.7679047584533691,0.027566416189074516,2.0397766,2.4400074
7512,2.206455,0.107842915,-0.15704027,0.8301395177841187,0.04374771565198898,5.2897296,1.7128661
7513,2.2995524,0.16013533,-0.25213972,0.8360044956207275,0.04414521902799606,3.4389133,2.4594448
7514,2.352511,0.054797392,-0.14433561,0.8276042938232422,0.03580045327544212,2.6718328,2.4481783
7515,2.3515968,0.005945973,-0.197356,0.85,0.05,3.3969722,2.6285396
7516,2.297273,0.13142821,-0.053841967,0.8105254173278809,0.08025284856557846,2.5607793,2.5259364
7517,2.2234933,0.0998699,-0.12727264,0.85,0.05,4.1055555,2.0393884
7518,2.3054914,0.03548453,-0.19560967,0.85,0.05,3.941476,2.1205816
7519,2.345635,0.1009405,-0.19853565,0.8245615363121033,0.023160763084888458,2.6870947,2.4434838
7520,2.2475467,0.061041977,-0.051811054,0.6299835443496704,0.03229932487010956,3.8460643,2.2540507
7521,2.2597554,0.058109142,-0.22283319,0.85,0.05,5.029556,1.5114822
7522,2.2337825,0.028689213,-0.1622962,0.791660487651825,0.05,4.3979073,1.4087771
7523,2.3008442,0.08068711,-0.14731735,0.85,0.05,3.5184698,2.437998
7524,2.3263211,0.073999606,-0.13110034,0.8297061324119568,0.05443202331662178,2.7526107,2.4542496
7525,2.3984745,-0.05220023,-0.102011785,0.5820555090904236,0.04102512449026108,2.5836937,2.7351248
7526,2.378978,0.08258423,-0.1510243,0.8189638257026672,0.048655781894922256,2.438612,2.5163631
7527,2.2422662,0.13909829,-0.19870907,0.8265019655227661,0.04462732374668121,4.6548963,1.9515792
7528,2.3333974,0.07566438,-0.20705126,0.8302328586578369,0.047405142337083817,2.931197,2.7588534
7529,2.2776623,0.089918554,-0.0793824,0.7182664275169373,0.04785287007689476,2.993001,2.8952668
7530,2.4118037,0.015184529,-0.041202147,0.8113991022109985,0.0651959776878357,2.2254083,2.848027
7531,2.2710693,0.08456207,-0.06405107,0.85,0.03127732500433922,3.0343347,2.758526
7532,2.263722,0.071187906,-0.09907955,0.85,0.029539741575717926,3.4942722,2.6424925
7533,2.1579938,0.106641285,0.059736732,0.85,0.05,3.7466042,1.7506572
7534,2.3367987,0.10906535,-0.22251615,0.8037426471710205,0.044396936893463135,3.043594,2.578658
7535,2.290151,0.05490313,-0.1586353,0.85,0.02821727655827999,3.8087628,2.2885637
7536,2.3154807,0.07545979,-0.116313964,0.85,0.02260281890630722,3.092901,2.3483202
7537,2.272345,0.08389304,-0.094097264,0.8221754431724548,0.012606242671608925,3.1561668,2.1587927
7538,2.3516107,-0.003638805,-0.11540114,0.1660684198141098,0.061545394361019135,2.9209082,2.2662795
7539,2.2949023,0.042239796,-0.12613651,0.85,0.039881739765405655,3.640004,2.6343238
7540,2.3127458,0.013894148,-0.12037403,0.85,0.05,3.7193675,2.1759975
7541,2.3541489,0.10779188,-0.081430934,0.7980272769927979,0.04371906816959381,2.1260943,2.2026343
7542,2.1750238,0.11578901,-0.1342818,0.8241147994995117,0.03816547617316246,5.042744,1.5566419
7543,2.3057966,0.02620952,-0.10101415,0.85,0.008180209435522556,3.5806062,2.1033013
7544,2.2444706,0.1000143,-0.16194549,0.85,0.023624811321496964,4.722978,2.5539863
7545,2.2330163,0.09049369,-0.05485993,0.85,0.05,4.020997,1.729823
7546,2.2444842,0.06736253,-0.12756528,0.85,0.00835579726845026,4.643063,2.098342
7547,2.2919028,0.063959405,-0.15241295,0.85,0.028124747797846794,3.6909308,2.6915383
7548,2.2443738,0.076719366,-0.10281588,0.8467610478401184,0.02818368934094906,3.864385,2.5485318
7549,2.2284925,0.099016584,-0.10656386,0.8472733497619629,0.019922874867916107,4.0071626,2.1716537
7550,2.272832,0.061258897,-0.10549027,0.85,0.023346666246652603,3.7784276,2.784851
7551,2.2088463,0.09343258,-0.13731189,0.85,0.029454801231622696,4.788753,2.3529418
7552,2.1767476,0.05061057,-0.20625761,0.8273493051528931,0.05441175401210785,6.2522297,1.4620129
7553,2.306032,0.1015329,-0.2509735,0.8242089152336121,0.05428292974829674,4.444674,2.0116057
7554,2.283212,0.15193133,-0.06505571,0.8075718283653259,0.0335986390709877,2.477833,2.5094948
7555,2.4156086,0.042458076,-0.19310613,0.7820706963539124,0.0509219765663147,2.2435389,2.862408
7556,2.2024102,0.10567271,-0.13761327,0.8254466652870178,0.06589789688587189,4.6005206,2.7265568
7557,2.2203643,0.09637956,-0.2079161,0.85,0.05,5.4446044,1.5575045
7558,2.184917,0.14873405,-0.054666214,0.7222135663032532,0.04728775843977928,3.7332518,2.212671
7559,2.1807106,0.118634574,-0.009100656,0.85,0.05,4.296995,1.9125369
7560,2.30094,0.04870137,-0.2261801,0.8194234371185303,0.020038174465298653,4.088946,1.7477361
7561,2.4195383,-0.062018033,-0.053475488,0.85,0.021413590759038925,2.0911317,2.4775627
7562,2.3646948,0.056686766,-0.11528011,0.4573100805282593,0.07787875831127167,2.374403,2.4646602
7563,2.3550296,0.010030075,-0.07142453,0.8366941213607788,0.04330895096063614,2.2627623,2.4062958
7564,2.2007792,0.122868024,-0.18469931,0.85,0.03008684329688549,5.075949,2.0594327
7565,2.214456,0.109388575,-0.057720408,0.8364849090576172,0.05201052129268646,3.6808033,2.5552473
7566,2.1778548,0.15256518,-0.13832094,0.85,0.05,4.8602967,1.5574083
7567,2.254053,0.09606808,-0.0585642,0.817529559135437,0.05,3.3103218,2.4613233
7568,2.177199,0.112922125,-0.08520814,0.85,0.014583748765289783,4.8796506,1.6726391
7569,2.3145537,0.12751971,-0.23908155,0.85,0.05,3.642222,2.4872844
7570,2.310234,0.038822737,-0.052549385,0.5909404754638672,0.05,2.6685293,2.391517
7571,2.2304177,0.06442969,-0.11952851,0.85,0.02713518962264061,4.5902243,2.1969855
7572,2.2105522,0.078248695,-0.032939676,0.85,0.05,4.0516424,1.7649174
7573,2.3765697,0.09393297,-0.27028862,0.8218331933021545,0.0801679790019989,2.9768496,2.805952
7574,2.3055232,0.12334165,-0.06898084,0.7811349034309387,0.0640968382358551,2.2699842,2.85632
7575,2.354616,0.03176227,-0.34347934,0.85,0.03300539776682854,4.8358464,1.6470636
7576,2.392818,-0.0011066425,-0.052581433,0.6295822262763977,0.031954076141119,2.1632812,2.5371003
7577,2.2596788,0.07706544,-0.12444395,0.85,0.018109431490302086,4.0431137,2.2364573
7578,2.3164394,0.039704993,-0.10763506,0.85,0.02451050840318203,2.903237,2.492495
7579,2.3100364,0.13222358,-0.2636267,0.85,0.03308398276567459,3.9660082,2.2105143
7580,2.2281914,0.10700115,-0.057770647,0.810800313949585,0.05,3.257052,2.228078
7581,2.1780357,0.057803977,-0.06573071,0.85,0.025857005268335342,4.933163,1.9519193
7582,2.3643515,0.058708083,-0.15612078,0.85,0.05,2.405891,2.1627696
7583,2.2881215,0.049177382,-0.06670824,0.7276737689971924,0.03692803904414177,2.5729926,2.343635
7584,2.3156967,-0.010482213,-0.13451819,0.8401136994361877,0.051925379782915115,3.4067993,2.88234
7585,2.3513374,0.053069077,-0.12713358,0.7049674391746521,0.05,2.388815,2.7248676
7586,2.3982897,-0.0019636124,-0.20800172,0.8146421909332275,0.05,2.5741909,2.1334486
7587,2.2271028,0.086825244,-0.046494965,0.8127507567405701,0.04485500231385231,3.854095,2.0483572
7588,2.298868,0.084119365,-0.078415796,0.8073492646217346,0.02401719056069851,2.66744,2.2864287
7589,2.289309,0.09637318,-0.16713203,0.8374790549278259,0.03675802797079086,3.6117904,1.9915866
7590,2.3191948,0.07859115,-0.15930356,0.5807396173477173,0.051216643303632736,3.0618167,2.2143006
7591,2.2652817,0.14163014,-0.16093934,0.8435697555541992,0.04145539179444313,3.401321,2.2305725
7592,2.3231766,0.0715044,-0.22554845,0.85,0.039168693125247955,3.536532,2.2525425
7593,2.2953458,0.055707518,-0.14441366,0.6637499928474426,0.05,3.3932462,2.6845417
7594,2.401153,0.05726066,-0.0802978,0.7099267840385437,0.06000099331140518,2.132463,2.5870392
7595,2.3940022,0.109173365,-0.22938424,0.8167337775230408,0.05,2.4643188,2.3834298
7596,2.3114176,0.0744671,-0.2688757,0.85,0.05,4.8414493,1.973269
7597,2.242471,0.115487196,-0.1627216,0.85,0.05,4.307078,2.3155093
7598,2.2681942,0.059083182,-0.045097444,0.85,0.05,3.262865,2.2593162
7599,2.403426,0.050391447,-0.13928945,0.45078903436660767,0.03072408214211464,2.0419617,2.446169
7600,2.2499506,0.042002004,-0.20667952,0.8260934352874756,0.01753176562488079,4.7869205,1.8261162
7601,2.2453835,0.10032609,-0.1283384,0.7219241857528687,0.040304239839315414,3.8299818,2.1020122
7602,2.2349083,0.037318617,-0.07541947,0.7780119180679321,0.0426529161632061,4.280397,1.9837581
7603,2.3161538,0.10760521,-0.20924379,0.85,0.05,2.8843317,2.1718252
7604,2.276276,0.056199946,-0.15417388,0.2659647762775421,0.09267476201057434,4.203345,2.4417655
7605,2.3098776,0.05675352,-0.10401158,0.8273333311080933,0.05,2.9053743,2.6890273
7606,2.2608094,0.06940913,-0.09501623,0.8383868932723999,0.02142106369137764,3.5729558,2.5068748
7607,2.2723916,0.08185615,-0.10990994,0.8095580339431763,0.04716202989220619,3.2565544,2.1619735
7608,2.2594328,0.07687712,-0.09338308,0.8346574306488037,0.046714916825294495,3.285497,2.6210172
7609,2.3063009,0.08888285,0.089060396,0.5938354730606079,0.08077696710824966,2.061671,2.8199914
7610,2.2505734,0.11815935,-0.14125454,0.85,0.03603176772594452,4.1402106,2.271803
7611,2.2948718,0.08844069,-0.104077145,0.8212705254554749,0.06708468496799469,2.8015218,2.7573595
7612,2.1617374,0.12268252,-0.02759859,0.85,0.05,4.5853906,1.7448981
7613,2.289448,0.036839105,-0.032329485,0.33284953236579895,0.049724336713552475,2.2947826,2.671167
7614,2.2816997,0.027923603,-0.09730148,0.85,0.05,3.4489222,2.1441867
7615,2.3073983,0.11037203,-0.1696964,0.85,0.05,3.3014412,2.441019
7616,2.3230588,0.004062287,-0.15294842,0.85,0.02369597926735878,4.0494733,2.2233958
7617,2.2441552,0.1304535,-0.21918648,0.85,0.020731627941131592,4.9281697,2.5108073
7618,2.3268604,0.09453465,-0.14427257,0.6158668398857117,0.028477970510721207,2.7837236,2.2513442
7619,2.29519,0.090931304,-0.052575547,0.85,0.05,2.1881604,2.3489904
7620,2.40444,0.022486359,-0.076576486,0.5003260374069214,0.03846292942762375,2.310342,2.2100604
7621,2.312416,0.075227425,-0.06809372,0.7974343299865723,0.00993303582072258,2.2003446,2.576717
7622,2.3354433,0.044546846,-0.041579954,0.825507402420044,0.04040030762553215,2.4500937,2.71763
7623,2.3391986,0.013131663,-0.16946484,0.85,0.017844736576080322,3.232015,2.37844
7624,2.2864797,0.07825352,-0.11688185,0.830460786819458,0.04807296022772789,3.1176202,2.311764
7625,2.301699,0.050533034,-0.123279765,0.85,0.05,3.2482855,2.3478699
7626,2.3611271,0.06884089,-0.09726323,0.85,0.021444357931613922,2.1329083,2.2539985
7627,2.3736515,0.014987156,-0.067790315,0.794973611831665,0.03308308497071266,2.3569345,2.6367812
7628,2.3047907,0.11394623,-0.115668975,0.8403851985931396,0.021224424242973328,2.413861,2.5898838
7629,2.3377352,0.10097154,-0.222326,0.8227971196174622,0.05,3.072881,2.5546463
7630,2.2834907,-0.040132683,-0.0472795,0.84224933385849,0.020038632676005363,3.4317453,2.028819
7631,2.3230326,0.104294196,-0.09454697,0.841362714767456,0.06228175014257431,2.6144745,2.5559392
7632,2.276942,0.12727687,-0.27469787,0.85,0.05,4.79361,1.904865
7633,2.2442937,0.08575179,-0.026615996,0.7885265946388245,0.022744683548808098,3.1845841,2.435125
7634,2.187401,0.08523605,-0.1014089,0.8459234237670898,0.05,5.0223103,1.706937
7635,2.3764584,0.0051630563,-0.07998393,0.8076115250587463,0.028797827661037445,2.072079,2.6117892
7636,2.4279003,0.010334247,-0.064687885,-0.06274427473545074,0.06367684155702591,1.9786004,2.5996792
7637,2.4044154,-0.04735187,-0.13266529,0.8380805253982544,0.05,2.6639442,2.5232835
7638,2.2258825,0.049782995,0.0023050332,0.85,0.05,3.9449966,2.575282
7639,2.202259,0.06920206,-0.03996323,0.85,0.025075597688555717,4.521482,2.0511491
7640,2.108766,0.17319238,-0.17150903,0.8497235774993896,0.03403902053833008,6.7486477,1.4905139
7641,2.3025985,0.04309407,-0.12528263,0.85,0.03896360844373703,3.2112355,2.3767295
7642,2.234545,0.106355116,-0.13039331,0.85,0.02761784940958023,4.297018,2.4734406
7643,2.3239136,0.01784986,-0.14536235,0.8010154962539673,0.051364779472351074,3.4111586,2.3651428
7644,2.3016236,0.09802466,-0.07658449,0.6574602127075195,0.05,2.6951425,2.7678688
7645,2.3160884,0.118330225,-0.10487915,0.581829845905304,0.01215323992073536,2.0562794,2.4799104
7646,2.1858435,0.09454152,-0.019875951,0.85,0.05,4.2877545,2.2426758
7647,2.3114684,0.09346915,-0.09553124,0.8462613821029663,0.025320177897810936,2.485843,2.8004363
7648,2.217484,0.0732319,-0.17368457,0.85,0.05,5.1515493,1.7242678
7649,2.2097905,0.05810357,-0.044075537,0.85,0.05,4.461787,1.9269589
7650,2.222482,0.08099006,-0.10188982,0.85,0.05,4.137623,2.0245183
7651,2.2528737,0.058141846,-0.07198607,0.8317239284515381,0.05988044664263725,4.015866,2.7145631
7652,2.2335188,0.0868647,0.016386544,0.7807660698890686,0.026019135490059853,2.5600636,2.6792786
7653,2.2297606,0.08338484,-0.02358976,0.8224443197250366,0.05,3.3590052,2.2204518
7654,2.2162251,0.15022002,-0.091651574,0.8475664854049683,0.03639008849859238,3.4761314,2.6012483
7655,2.2870605,0.09621125,-0.24039263,0.8235009908676147,0.06106408312916756,4.9142547,2.0518625
7656,2.2292376,0.056564335,-0.075431354,0.85,0.05,3.8494284,1.7776961
7657,2.2284586,0.08803433,-0.18307577,0.85,0.024720478802919388,4.879024,1.8716967
7658,2.263875,0.09517271,-0.017296417,0.8243299722671509,0.05,2.5419846,2.2524474
7659,2.163763,0.12177858,-0.16919541,0.85,0.020436596125364304,5.9818263,1.5268879
7660,2.251736,0.09825642,-0.11950809,0.85,0.05,3.9953,2.1119053
7661,2.1375523,0.111869894,-0.013006567,0.85,0.012598426081240177,4.826939,1.9079419
7662,2.2582862,0.10157861,-0.14279088,0.8199415802955627,0.04349017143249512,3.8869672,2.2536047
7663,2.2450345,0.070439145,-0.115411066,0.8092626333236694,0.023115050047636032,4.3543615,1.8283072
7664,2.2456162,0.102758,-0.100854345,0.8012997508049011,0.05,3.8321106,2.0953748
7665,2.292675,0.07548,-0.049839474,0.8455755114555359,0.05,2.3738616,2.5714018
7666,2.2528913,0.115070604,-0.19326636,0.85,0.026019878685474396,4.20395,2.3576906
7667,2.269296,0.07465742,-0.06513447,0.85,0.05,3.2223415,2.6355875
7668,2.2596328,0.09758028,-0.060838275,0.8424004912376404,0.04020416736602783,3.3805954,2.2597933
7669,2.25389,0.083316,-0.05835342,0.4138627350330353,0.057692863047122955,3.1321218,2.1687822
7670,2.417198,0.01721187,-0.05184203,0.8305296301841736,0.06561822444200516,2.06565,2.800371
7671,2.245753,0.054281604,-0.116716996,0.85,0.011189465411007404,3.9695017,2.1988256
7672,2.3825865,0.15066907,-0.19031888,0.6322795152664185,0.07540292292833328,2.0321405,2.8399427
7673,2.3035474,0.15984169,-0.0649928,0.8360501527786255,0.05,2.2549615,2.6003745
7674,2.2238545,0.072762415,-0.04569023,0.85,0.015654103830456734,3.4963427,2.684745
7675,2.3169787,0.074924156,-0.39769882,0.85,0.03545430302619934,5.510982,1.6212547
7676,2.2243907,0.07798001,-0.14731257,0.85,0.05,4.5081377,1.7007262
7677,2.278583,0.0898591,-0.2556858,0.85,0.018133755773305893,4.8986835,1.7538508
7678,2.2731383,0.07040978,-0.12660706,0.85,0.05,3.6797867,2.0845904
7679,2.3081992,0.029037204,-0.0631462,0.8124788999557495,0.061586569994688034,2.72483,2.5426931
7680,2.2170713,0.074531026,-0.06558991,0.85,0.05,4.1775646,2.5396357
7681,2.3108425,0.07945725,-0.08289985,0.819225013256073,0.05596413090825081,2.6506798,2.165541
7682,2.2953355,0.1126191,-0.267523,0.85,0.009042921476066113,4.303873,1.9867724
7683,2.3122063,0.06948253,-0.16605434,0.8329991698265076,0.005643649026751518,3.2355034,2.2027774
7684,2.3071501,0.018956782,-0.11979948,0.5361233353614807,0.07438639551401138,3.5572155,2.7230635
7685,2.3137748,0.04630168,-0.13301575,0.85,0.035718102008104324,3.3014271,2.3480182
7686,2.3522763,0.036988266,-0.09336094,0.79991614818573,0.05864687263965607,2.2491503,2.8517637
7687,2.2486155,0.022743428,-0.13888206,0.85,0.05,4.691375,1.9584447
7688,2.3379805,0.19108076,-0.18888097,0.6838912963867188,0.056216005235910416,2.0789773,2.6453223
7689,2.220336,0.16832101,-0.087919995,0.847204864025116,0.03510550409555435,3.693358,2.5035338
7690,2.3449616,0.023221109,-0.08302953,0.85,0.05,2.4786537,2.1619554
7691,2.2545443,0.007855394,0.038469568,0.8436204195022583,0.013166585005819798,3.4628775,2.1539001
7692,2.1644876,0.11143032,-0.01742226,0.85,0.006927273236215115,4.440262,1.9358115
7693,2.0997162,0.21810496,-0.25619504,0.85,0.051723454147577286,8.009279,1.333983
7694,2.3269317,0.081733234,-0.2341524,0.7816473245620728,0.05,4.3358173,2.3083062
7695,2.3046536,0.085552886,-0.00959052,0.8284361362457275,0.027722934260964394,2.3105373,2.2930393
7696,2.255386,0.0437411,-0.022400232,0.844113290309906,0.05,3.3422472,2.570628
7697,2.2310276,0.05882287,-0.083182946,0.85,0.05,4.038671,1.8959403
7698,2.3294148,0.032488037,-0.18546222,0.6022855639457703,0.04563099890947342,3.7496133,2.2437153
7699,2.210146,0.14879775,-0.093868285,0.6564601063728333,0.008115368895232677,4.149195,1.973713
7700,2.249501,0.113122575,-0.090009384,0.85,0.03165286406874657,3.28134,2.3548791
7701,2.2861028,0.09033438,-0.23617172,0.85,0.05,4.5305896,1.7691917
7702,2.2302206,0.085303836,-0.17615019,0.85,0.00948036927729845,4.9293222,2.1682093
7703,2.2347128,0.13179085,-0.1351061,0.5507714152336121,0.03149498254060745,4.031151,1.7616111
7704,2.2855287,0.11300495,-0.2239996,0.8342938423156738,0.05812133476138115,4.232421,2.6213732
7705,2.2458866,0.12852144,-0.078309186,0.85,0.020047029480338097,3.1292381,2.679333
7706,2.308173,0.027655462,-0.15027483,0.85,0.05,2.974414,2.4516592
7707,2.3359852,0.08916235,-0.06731762,0.8385182619094849,0.048185087740421295,2.07039,2.8423908
7708,2.336803,0.08532759,-0.24777782,0.842249870300293,0.04996490105986595,3.8420396,1.8562366
7709,2.320173,0.057562087,-0.063944936,0.85,0.04134362190961838,2.5840917,2.440019
7710,2.3333428,0.0042511583,-0.036695864,0.14764820039272308,0.08879276365041733,2.2962039,2.1303055
7711,2.327663,0.04665933,-0.23515357,0.85,0.017495401203632355,3.927211,2.2575843
7712,2.3308563,0.06540567,-0.2187091,0.85,0.05,3.4569,2.1320255
7713,2.4040687,0.0050328113,-0.12057884,0.6385577917098999,0.029612228274345398,2.443619,2.1130078
7714,2.3528786,0.0900817,-0.096938275,0.8337010741233826,0.033652886748313904,2.6093793,2.2337484
7715,2.304963,0.12940527,-0.12286484,0.85,0.01757398620247841,2.5025036,2.4305627
7716,2.2729297,0.11716681,-0.20805912,0.85,0.05,3.4444845,2.0322094
7717,2.3074894,0.038824126,-0.12959124,0.85,0.05,3.298614,2.0702376
7718,2.2281113,0.12892632,-0.073167026,0.8388854265213013,0.05,3.4755423,2.0301385
7719,2.1615434,0.12399201,-0.09907083,0.85,0.05,4.9773593,1.8297693
7720,2.4162567,0.004234931,-0.14705208,0.7947690486907959,0.037864841520786285,2.4042547,2.3690016
7721,2.3377333,0.10251255,-0.15000334,0.85,0.037374477833509445,2.6425965,2.6552238
7722,2.2393746,0.05696517,-0.15790653,0.6878927946090698,0.05,4.87213,2.0029373
7723,2.378327,0.010795073,-0.15516554,0.6971868872642517,0.056614138185977936,2.561804,2.5627313
7724,2.2803776,0.036916517,-0.099962704,0.85,0.05,3.8000464,1.9706032
7725,2.3869772,0.015618152,-0.15097319,0.85,0.02720685862004757,2.5378766,2.5655608
7726,2.3543203,0.09247983,-0.15869687,0.6060711741447449,0.05542798340320587,2.148915,2.513219
7727,2.2843397,0.14770612,-0.26311755,0.85,0.02690078876912594,4.0976267,2.2593467
7728,2.2812114,0.009511997,-0.11718825,0.85,0.05,4.2610664,2.0905528
7729,2.259835,0.09182721,-0.0943459,0.85,0.05,3.44178,2.5288932
7730,2.2049127,0.0807065,-0.071421124,0.85,0.05,4.284457,1.6565038
7731,2.3144364,0.086881325,-0.03140519,0.7529016733169556,0.036454156041145325,2.5238624,2.6076024
7732,2.3396268,0.0652406,-0.042635586,0.6581137776374817,0.034493736922740936,2.1379323,2.495273
7733,2.3338752,0.016795639,-0.17389318,0.85,0.03446033596992493,3.4038558,2.3808136
7734,2.2485812,0.10189308,-0.11939646,0.85,0.003644180716946721,3.7326152,2.1339622
7735,2.3128617,0.044215336,-0.11020942,0.6292465925216675,0.03751697391271591,2.6340606,2.2282295
7736,2.2328792,0.07250733,-0.033864178,0.800493061542511,0.012939343228936195,3.5828886,2.54158
7737,2.2033777,0.13036898,-0.14451681,0.85,0.024522749707102776,4.694556,2.5425653
7738,2.2966342,0.11916962,-0.24044868,0.85,0.05,4.1053724,2.085178
7739,2.3888695,0.058082797,-0.11228283,0.85,0.034832898527383804,2.0898411,2.5635912
7740,2.3762214,-0.04208482,-0.065872215,0.85,0.05,2.573015,2.4370217
7741,2.3480096,0.10577566,-0.13205019,0.85,0.053439803421497345,2.5744197,2.7900684
7742,2.3317285,0.090090275,-0.11105698,0.5853930115699768,0.03583664447069168,2.543175,2.7667723
7743,2.3486352,0.0227623,-0.079856925,0.85,0.05,2.3076584,2.6616092
7744,2.2308846,0.050162416,-0.037679683,0.8350024223327637,0.029883816838264465,4.0131516,1.9420465
7745,2.3273067,0.10474691,-0.1561568,0.8429683446884155,0.04219206050038338,2.7091105,2.754205
7746,2.3081007,0.07403651,-0.15939984,0.85,0.029842998832464218,3.0426722,2.5894823
7747,2.342349,0.10329267,-0.22397481,0.85,0.028945239260792732,2.9927533,2.8096216
7748,2.2707849,0.16750063,-0.18769343,0.8247430324554443,0.030432922765612602,2.9801927,2.6735742
7749,2.2865589,0.113296114,-0.09531308,0.85,0.007508811540901661,2.747406,2.1040952
7750,2.2141824,0.07746193,-0.06387014,0.85,0.034021083265542984,4.3097525,2.0442204
7751,2.146718,0.11453972,-0.036950827,0.85,0.05,4.5701127,2.0322013
7752,2.267304,0.13450027,-0.16242814,0.85,0.014750310219824314,3.3760235,2.541502
7753,2.196344,0.15640701,-0.1281533,0.8404249548912048,0.04166427254676819,4.445784,2.4601572
7754,2.3297677,-0.013034577,-0.2535524,0.85,0.05,4.7282968,1.9535407
7755,2.2409863,0.12818182,-0.12001679,0.85,0.05,3.8676405,2.3121083
7756,2.3123055,0.12163953,-0.1454833,0.6804752945899963,0.04699888825416565,2.688763,2.2755392
7757,2.307299,0.05776748,-0.10999333,0.85,0.05,2.9213717,2.3655477
7758,2.2431426,0.13847496,-0.1344638,0.85,0.05,4.1526546,2.0836966
7759,2.2756839,0.055929262,-0.077539764,0.85,0.029605355113744736,3.5491302,2.2393694
7760,2.2945244,0.08528172,-0.1847424,0.4480268955230713,0.04594796895980835,3.463047,2.0898807
7761,2.2628093,0.07153918,-0.14159046,0.85,0.05,3.9353974,2.323997
7762,2.280167,0.05865273,-0.10342531,0.85,0.05,3.2075946,2.1970882
7763,2.4112585,-0.007873395,-0.15061767,0.42809078097343445,0.029191581532359123,2.1053524,2.696181
7764,2.2109847,0.15880448,-0.18535143,0.8241742253303528,0.05,4.644197,1.7871977
7765,2.2931979,0.109700724,-0.1405205,0.85,0.016462892293930054,3.0562541,2.598579
7766,2.2658064,0.10068487,-0.11534517,0.6073935031890869,0.03397023677825928,3.819231,2.7140121
7767,2.3587093,0.09981914,-0.07362964,0.37752068042755127,0.05579947307705879,2.092843,2.6303205
7768,2.363025,0.09111235,-0.15719484,0.5919215083122253,0.08051806688308716,2.5537496,2.4805264
7769,2.2547605,0.07200316,-0.104823686,0.4639858901500702,0.05902533605694771,3.9044583,2.2265482
7770,2.1610856,0.09713767,-0.045016214,0.85,0.05,4.7212996,1.531944
7771,2.1867635,0.14616984,-0.10731176,0.85,0.029362645000219345,5.1772885,1.9280069
7772,2.2465663,0.09265229,-0.018359452,0.85,0.05,3.2125304,2.4153097
7773,2.317836,0.051664975,-0.16165292,0.85,0.05,3.029883,2.1392257
7774,2.2585566,0.02714338,-0.09937071,0.85,0.003947530873119831,3.8275526,1.9562597
7775,2.313146,0.03114333,-0.11536878,0.85,0.009269269183278084,2.7852862,2.2506647
7776,2.269887,0.047067884,-0.27062777,0.85,0.02074149250984192,5.350611,1.6040022
7777,2.2566736,0.07828529,-0.13949507,0.7967063188552856,0.0328463651239872,4.17122,2.3897557
7778,2.2262552,0.11998706,-0.1789819,0.85,0.05,4.826843,1.8662255
7779,2.3025622,0.10755478,-0.13737743,0.7424469590187073,0.01972397230565548,2.2891173,2.3451557
7780,2.2202132,0.099309705,-0.09848799,0.85,0.05,3.9938421,2.4762595
7781,2.2928407,0.11497738,-0.22466041,0.85,0.03652014210820198,3.732462,2.162128
7782,2.399851,0.044319957,-0.22948101,0.8366519808769226,0.03168867155909538,2.6892323,2.1828978
7783,2.1980653,0.027418753,-0.17521313,0.85,0.015260622836649418,5.466179,2.056539
7784,2.269543,0.030150153,-0.20321971,0.85,0.00516723096370697,4.5403433,1.7105877
7785,2.2459934,0.06767385,-0.12301395,0.85,0.05,4.186785,2.096298
7786,2.1458592,0.05482099,-0.03131124,0.85,0.015094076283276081,5.505843,1.4453455
7787,2.1654348,0.19563788,-0.027147952,0.85,0.010605958290398121,3.912604,2.3884137
7788,2.3470743,0.074394815,-0.120061174,0.8369243144989014,0.0028919652104377747,2.321319,2.433567
7789,2.230611,0.05646842,-0.14308372,0.85,0.05,4.648333,1.5115798
7790,2.256872,0.17791386,-0.051923554,0.8162984251976013,0.05591074377298355,2.2509978,2.3170013
7791,2.2971487,0.0394914,-0.08196077,0.85,0.05,2.992628,2.3824997
7792,2.3666852,0.07123259,-0.12966935,0.5411174893379211,0.07159551233053207,2.5506637,2.3381364
7793,2.420846,0.01015784,-0.14979704,0.8181734085083008,0.03689194843173027,2.0592482,2.535798
7794,2.376137,0.047445722,-0.07961401,0.7944291830062866,0.047002241015434265,2.0286863,2.8715405
7795,2.3761683,0.071093105,-0.15924911,0.6230476498603821,0.08403575420379639,2.5873837,2.5234392
7796,2.2433617,0.1215235,-0.10869276,0.85,0.024391930550336838,3.500193,1.9460094
7797,2.2638583,0.08447113,-0.21708623,0.8373993039131165,0.03142424300312996,4.620913,1.7989581
7798,2.2542553,0.13710077,-0.21102358,0.85,0.007004827260971069,3.5292778,1.7383734
7799,2.209204,0.062216107,-0.095470965,0.8425424098968506,0.04895371198654175,4.7376547,2.4871013
7800,2.181271,0.13539138,-0.09320099,0.85,0.0027430281043052673,4.043555,1.9374555
7801,2.198985,0.06307513,-0.010352196,0.85,0.05,4.0054164,1.7680845
7802,2.1606631,0.11879204,-0.11001658,0.85,0.05,5.2616405,1.7210171
7803,2.2633708,0.046560198,-0.034506127,0.85,0.01658369041979313,2.806568,2.7753816
7804,2.290875,0.055718243,-0.12153067,0.85,0.014632168225944042,3.5898988,2.2148054
7805,2.2538068,0.09256131,-0.12753133,0.85,0.05,4.3244452,1.9037567
7806,2.2382967,0.11469417,-0.20353934,0.85,0.013028607703745365,4.5920715,1.7506456
7807,2.2320027,0.122337356,-0.18942617,0.85,0.05148594081401825,5.055553,2.1733909
7808,2.32334,0.11797756,-0.11495242,0.16558191180229187,0.07768183201551437,2.096032,2.8765056
7809,2.2371836,0.10088458,-0.0418696,0.85,0.01715792715549469,3.4022117,2.0508146
7810,2.2341664,0.05742028,-0.08462216,0.7128100395202637,0.05,4.0071855,2.1596925
7811,2.3967466,0.11104279,-0.28080338,0.85,0.037330180406570435,2.797826,2.5437171
7812,2.3167963,-0.005681872,0.042066496,0.85,0.020114697515964508,2.2053354,2.5752354
7813,2.2417917,0.10861758,-0.0955908,0.85,0.05,3.9731112,2.190405
7814,2.270194,0.07881938,-0.16016673,0.85,0.05,4.59625,2.2232873
7815,2.2400024,0.1560351,-0.11742925,0.85,0.05,3.6948867,2.4684124
7816,2.2535186,0.07634005,-0.03323121,0.85,0.02871442586183548,3.3184595,2.6063533
7817,2.2053208,0.11655227,-0.15453745,0.85,0.0267855953425169,4.536229,2.1976118
7818,2.320069,0.016556697,-0.096529506,0.85,0.05,3.147959,2.4481893
7819,2.3545847,0.07571688,-0.19397485,0.85,0.029383867979049683,2.5934882,2.841365
7820,2.3193924,0.11923285,-0.07925576,0.668579638004303,0.02738591842353344,2.2004151,2.8212082
7821,2.266181,0.12826431,-0.22238867,0.521820604801178,0.05,4.046751,1.8527193
7822,2.2286887,0.08340234,-0.14451416,0.8495281338691711,0.04765889048576355,4.8044972,1.9924958
7823,2.2897782,0.026350463,-0.14495698,0.8079608082771301,0.05,3.8027143,2.3761954
7824,2.3990848,0.02212653,-0.17305364,0.7824162840843201,0.05,2.5716348,2.4917104
7825,2.3273532,0.07393145,-0.20646328,0.85,0.05,3.2343662,2.231317
7826,2.237845,-0.013891067,-0.076131105,0.85,0.05,4.51266,1.6812909
7827,2.2931027,0.046129342,-0.050564967,0.7178046107292175,0.009530942887067795,2.639105,2.311911
7828,2.439596,0.09974702,-0.27450928,0.8326135873794556,0.04196144640445709,2.1855955,2.688837
7829,2.404632,0.036119226,-0.16185418,0.7841928601264954,0.06844624876976013,2.058406,2.3216224
7830,2.3379295,0.09522724,-0.13913877,0.7350385785102844,0.036912404000759125,2.4610171,2.7407944
7831,2.222779,0.1400373,-0.23085421,0.85,0.022338474169373512,5.0438313,1.848943
7832,2.2200086,0.027989304,-0.03920394,0.85,0.05,4.2384386,2.0949523
7833,2.3331892,0.07175257,-0.11619178,0.8396337032318115,0.05746578425168991,2.5061462,2.8765552
7834,2.1968312,0.16146,-0.21355523,0.8225206136703491,0.05133494362235069,4.807601,1.9564416
7835,2.2737324,0.0594054,-0.11146559,0.85,0.009130940772593021,4.0708184,2.1346667
7836,2.2840288,0.088393085,-0.027854253,0.6262950301170349,0.023512110114097595,2.4814477,2.3242128
7837,2.3084054,0.062245585,-0.02874748,0.8375762104988098,0.05324753001332283,2.6479504,2.6879437
7838,2.2356522,0.08779448,-0.15376255,0.85,0.05,4.3727727,1.7651222
7839,2.2267346,0.06715209,-0.19492324,0.85,0.014326563104987144,5.2405276,1.4814546
7840,2.2981439,0.13562074,-0.039515477,0.7388617992401123,0.05,2.2797608,2.5958455
7841,2.291228,0.043649007,-0.12302431,0.85,0.027805756777524948,3.8329039,2.2189395
7842,2.3298063,0.07980513,-0.19063279,0.8187007308006287,0.05994657427072525,3.2149813,2.2103727
7843,2.380658,0.1066789,-0.10278002,-0.003686977783218026,0.06710123270750046,1.9832481,2.5493495
7844,2.228578,0.06629725,-0.109856814,0.85,0.03631614148616791,4.6758857,1.7277555
7845,2.2827492,0.1305571,-0.22687247,0.85,0.036710768938064575,4.4337573,2.1799192
7846,2.3266106,0.034913696,-0.040213406,0.7799748182296753,0.027006331831216812,2.6426208,2.171151
7847,2.3645868,0.06817542,-0.123737745,0.7099924683570862,0.052609991282224655,2.299798,2.8605845
7848,2.3563273,0.07139767,-0.14605086,0.85,0.05,2.2503877,2.318444
7849,2.2536087,0.03399007,0.028274916,0.85,0.01947048120200634,2.6993382,2.3331568
7850,2.2985978,0.06343409,-0.09536253,0.85,0.014896340668201447,3.077436,2.318707
7851,2.2288582,0.058730356,-0.032971174,0.85,0.05,3.856679,2.5254126
7852,2.279286,0.06480317,-0.20020962,0.821384847164154,0.043281663209199905,4.1524606,1.8746246
7853,2.3196433,0.041501027,-0.041298386,0.8306555151939392,0.05,2.3683326,2.5722232
7854,2.1749887,0.07174971,-0.04342935,0.8173613548278809,0.04931791499257088,4.9289465,1.7789768
7855,2.2927082,0.055324536,-0.19871005,0.85,0.007186585105955601,3.5210207,2.0435736
7856,2.2834024,0.11696441,-0.07201437,0.85,0.025087373331189156,2.6025362,2.707748
7857,2.361116,0.0037808078,-0.05622809,0.85,0.030583592131733894,2.1717532,2.594263
7858,2.2967482,0.07986036,-0.1675534,0.8439319133758545,0.0388457365334034,3.8869717,2.3810282
7859,2.329008,0.06388862,-0.1653859,0.8413074016571045,0.030414024367928505,2.80416,2.1732335
7860,2.2514224,0.061766054,-0.01580484,0.85,0.025263618677854538,3.321872,2.5483866
7861,2.3522124,0.0136440145,-0.010923904,0.8343335390090942,0.05,2.5191007,2.4600034
7862,2.3296812,0.05634232,-0.04612248,0.5516878962516785,0.04227035865187645,2.425764,2.5150924
7863,2.3551638,0.0574866,-0.12339818,0.5142892003059387,0.10316608101129532,2.338063,2.5881248
7864,2.1391158,0.20163149,-0.13960007,0.85,0.05,5.319191,1.7157409
7865,2.2749624,0.056419414,-0.08252645,0.85,0.05,3.253051,2.115535
7866,2.3548214,0.04169261,-0.104334205,0.023998863995075226,0.09372822940349579,2.4687538,2.21088
7867,2.3318672,0.04575612,-0.114383444,0.6066862344741821,0.0211360901594162,2.605595,2.4517212
7868,2.27318,0.12642944,-0.119094126,0.7580740451812744,0.04281603917479515,3.0919323,2.8233154
7869,2.2083664,0.10998774,-0.13430162,0.8043978214263916,0.05,4.6803985,1.8229562
7870,2.2333255,0.103308186,-0.23063375,0.7387220859527588,0.05,4.880157,1.5991615
7871,2.214711,0.078887485,-0.0908054,0.779739260673523,0.014173081144690514,4.196829,1.9138116
7872,2.2986753,0.11866175,-0.1359907,0.85,0.018507858738303185,2.6324992,2.596836
7873,2.2692602,-0.009747797,-0.0032949548,0.8329530358314514,0.05,3.22994,2.6638088
7874,2.2171843,0.11616577,-0.2431771,0.85,0.022877970710396767,5.4594183,1.6293665
7875,2.2241654,0.10654722,-0.020615848,0.85,0.031629014760255814,3.3702397,2.24027
7876,2.2125502,0.11051616,-0.06563164,0.85,0.05,4.1497555,2.3783386
7877,2.408705,0.014202114,-0.10975013,0.8414040207862854,0.05,2.4434965,2.1660235
7878,2.1922286,0.09916254,-0.06680412,0.8240156173706055,0.05,4.2118564,1.7335331
7879,2.2106543,0.065971285,-0.043515336,0.85,0.05,4.095129,1.9849277
7880,2.2539923,0.06103133,-0.09151263,0.8003386855125427,0.05,3.642961,2.0967798
7881,2.3462446,0.027559841,-0.19406113,0.85,0.03828314691781998,3.3278537,2.0593174
7882,2.2548702,0.09367983,-0.1253511,0.7965975403785706,0.06860624998807907,3.6945004,1.8280681
7883,2.270711,0.04183626,-0.010630288,0.85,0.02066408097743988,2.8204868,2.4703267
7884,2.3628707,0.053442407,-0.024556357,0.8337976336479187,0.04136502370238304,2.1276796,2.698084
7885,2.2506344,0.07044173,-0.15931176,0.7882576584815979,0.02948429435491562,4.289066,1.9622111
7886,2.2720141,-0.08512417,-0.0834964,0.85,0.05,4.334931,1.7641066
7887,2.2854202,0.112540856,-0.15859137,0.85,0.02949105203151703,3.2979453,2.2781122
7888,2.2601573,0.080488294,-0.21816106,0.85,0.021888548508286476,4.498092,2.1971273
7889,2.3254411,0.049999557,-0.08454686,0.6331577897071838,0.035514045506715775,2.2267332,2.7809298
7890,2.304361,0.06261198,-0.019960001,0.5097771286964417,0.05526719242334366,2.2695363,2.8003302
7891,2.2823994,0.09495605,-0.13405083,0.85,0.05,3.259607,2.0186462
7892,2.3803797,0.093162626,-0.3010424,0.85,0.05,3.2379444,2.2701478
7893,2.2615302,0.07967234,-0.11969009,0.85,0.034556757658720016,3.6020765,2.8260634
7894,2.279644,0.0007274275,-0.03265069,0.806995689868927,0.05,3.23074,2.1338193
7895,2.3312566,0.044158116,-0.121731125,0.85,0.05,2.796989,2.569069
7896,2.2461095,0.09551728,-0.03785894,0.8063545823097229,0.05,3.1665318,2.1159756
7897,2.3087037,0.09848027,-0.11313751,0.2557239532470703,0.037002477794885635,2.7346654,2.566821
7898,2.259537,0.08880236,-0.2501411,0.85,0.0365145280957222,5.126517,1.9499571
7899,2.236766,0.110882945,-0.092520945,0.85,0.05,3.9808464,2.52242
7900,2.2387393,0.09689577,-0.04034206,0.8257207870483398,0.05078260228037834,3.4352193,2.2846494
7901,2.3660314,0.066486545,-0.19714415,0.85,0.01976778917014599,2.5451176,1.9720596
7902,2.3489628,0.021137891,-0.069074616,0.85,0.026370102539658546,2.1295123,2.6916273
7903,2.3118906,0.07036426,-0.075672574,0.5374762415885925,0.05,2.2766347,2.729534
7904,2.3494027,0.048338883,-0.056509946,0.5753372311592102,0.055684253573417664,2.298697,2.6925063
7905,2.2778897,0.088076375,-0.020272354,0.6774860620498657,0.05,2.4226,2.5503414
7906,2.1895008,0.046961628,-0.14283487,0.85,0.05,4.875736,1.5247155
7907,2.2451036,0.07314871,-0.05667995,0.85,0.05,3.8132265,2.2925189
7908,2.2643256,0.10288809,-0.15290317,0.85,0.05,3.4846084,2.276278
7909,2.2483637,0.088323325,-0.17188548,0.5259811282157898,0.05246144160628319,4.1282554,1.7707938
7910,2.313695,0.041609533,-0.11614224,0.85,0.05,2.8844113,2.459263
7911,2.1709316,0.15493174,-0.1366507,0.85,0.011686528101563454,4.910906,1.6059952
7912,2.2811184,0.06616219,-0.13740276,0.7753174304962158,0.05559702217578888,3.2968192,2.403814
7913,2.3007824,0.004235123,-0.06444681,0.85,0.05,3.1644022,2.3674483
7914,2.2411263,0.14766672,-0.14450692,0.8327174186706543,0.04987015575170517,3.8530996,2.4425213
7915,2.2061238,0.09069559,-0.12564106,0.85,0.018985308706760406,4.7190976,1.808326
7916,2.2699592,0.055879466,-0.117051244,0.85,0.03328302502632141,3.6644232,2.5166612
7917,2.1697676,0.14483346,-0.114195436,0.85,0.040496185421943665,4.9767814,1.9301672
7918,2.2482605,0.047958825,-0.10794641,0.85,0.010253401473164558,4.1171036,1.6575288
7919,2.3363447,0.07632121,-0.13602069,0.85,0.05,2.4877684,2.7691715
7920,2.2675896,0.05183835,-0.11677343,0.85,0.05,3.99677,2.3433335
7921,2.332441,0.15949471,-0.026140714,0.026841655373573303,0.03958506137132645,2.0540066,2.6820524
7922,2.3326886,0.059718654,-0.07418701,0.8140130639076233,0.04389945790171623,2.4900222,2.3096108
7923,2.2949865,0.11000821,-0.0021556963,0.7471518516540527,0.044511858373880386,2.081781,2.526962
7924,2.2545912,0.1036814,-0.1044088,0.85,0.010512412525713444,3.664066,2.1283252
7925,2.298431,0.098080195,-0.19075422,0.85,0.05,3.726603,2.1522465
7926,2.16804,0.09084418,-0.14157836,0.85,0.01233124639838934,5.433312,1.5895638
7927,2.2224267,0.10008377,-0.19326366,0.85,0.05,5.159159,1.5182036
7928,2.328498,0.08855767,-0.14416018,0.85,0.05,3.1778781,2.3249981
7929,2.350508,0.055729184,-0.13325213,0.8428758382797241,0.04262864962220192,2.561269,2.844274
7930,2.39991,0.104336925,-0.28345937,0.85,0.007053511217236519,2.9990208,2.3225617
7931,2.1220534,0.1202179,-0.14921851,0.8387432098388672,0.016203057020902634,6.1965504,1.3458734
7932,2.1700552,0.10173308,-0.06430096,0.85,0.05,4.7851214,1.9776238
7933,2.2191453,0.094137,-0.05350103,0.85,0.023963889107108116,3.745891,2.3250685
7934,2.2747402,0.034039512,-0.045532238,0.8248958587646484,0.04734085872769356,3.0688226,2.2907655
7935,2.3871543,0.06919008,-0.18051016,0.5205797553062439,0.06057337671518326,2.175921,2.6225998
7936,2.3280683,0.12894768,-0.13647388,0.8130905032157898,0.03866273909807205,2.3798354,2.7131712
7937,2.315983,0.016284965,-0.04813366,0.8107545971870422,0.059829406440258026,2.832426,1.9167833
7938,2.300953,0.023598699,-0.098558076,0.813190221786499,0.00962526910007,3.205077,2.5895684
7939,2.28723,0.06915771,-0.202623,0.85,0.02103940211236477,4.2256346,2.1385984
7940,2.4623587,-0.04846537,-0.06301534,0.7204634547233582,0.04679052531719208,2.1546764,2.2462535
7941,2.2476704,0.017462537,-0.16937742,0.85,0.05,4.7442584,1.7049664
7942,2.2122157,0.058744106,-0.0605763,0.85,0.05,4.478073,1.8842548
7943,2.3187907,0.15514866,-0.023119155,-0.3448695242404938,0.05350802466273308,2.1643946,2.7288127
7944,2.2997847,0.030069385,-0.02418049,0.85,0.019313139840960503,2.5201495,2.5109966
7945,2.294408,0.13331851,0.046682045,0.85,0.028997860848903656,2.2316644,2.6165717
7946,2.1870234,0.1043107,-0.08187198,0.85,0.05,4.3789196,1.5592633
7947,2.3546045,0.007588956,-0.08650483,0.85,0.05,2.397508,2.432758
7948,2.30544,0.013339188,0.08165584,0.7661089301109314,0.03688548877835274,2.0906646,2.276969
7949,2.3224564,0.123641804,-0.14773336,0.85,0.04635699838399887,2.5078177,2.6201885
7950,2.3286555,0.067043066,-0.2890192,0.8401782512664795,0.00823624525219202,4.0362234,2.1150398
7951,2.3340232,0.084620774,-0.053539384,0.7727948427200317,0.05053144320845604,2.3121352,2.603629
7952,2.326622,0.09577248,-0.12820959,0.3216913342475891,0.03745989128947258,2.709598,2.5391097
7953,2.2516167,0.101910256,-0.068384185,0.8283777236938477,0.04827681556344032,3.1772327,2.396866
7954,2.148795,0.16296017,-0.09170357,0.85,0.05,4.742433,1.662899
7955,2.221394,0.13996704,-0.12349905,0.85,0.05,4.3249593,2.5184555
7956,2.2415755,0.07973227,-0.038822092,0.85,0.005059426184743643,3.421689,2.1111624
7957,2.2254024,0.07967149,-0.10081271,0.8213664293289185,0.03835311159491539,4.2372737,1.7954527
7958,2.2650673,0.023295145,-0.02394067,0.8226197957992554,0.05,3.78247,2.163158
7959,2.2274842,0.079663254,-0.13422371,0.85,0.05,3.9521217,1.8814969
7960,2.268835,0.09943363,-0.085186176,0.85,0.04648108035326004,3.4628723,2.6807091
7961,2.3288276,0.07670677,-0.08112568,0.7998282313346863,0.02849762700498104,2.1341622,2.0393221
7962,2.2624965,0.069945656,-0.0016415408,0.85,0.05,2.789437,2.2341988
7963,2.1731846,0.14071038,-0.12019138,0.85,0.05,5.0955143,1.882893
7964,2.3012767,0.099441364,-0.10467099,0.6706755757331848,0.05,2.421301,2.5033834
7965,2.2952383,0.07715594,-0.024282077,0.7799574732780457,0.029507329687476158,2.518187,2.3291564
7966,2.2220938,0.024249554,-0.1813889,0.85,0.05,5.262487,1.3675295
7967,2.3006105,0.030820452,-0.089868255,0.85,0.05,2.832764,2.8921297
7968,2.2177112,0.11380997,-0.092872776,0.7884772419929504,0.07470561563968658,4.0715394,2.4668887
7969,2.3619497,0.030542033,-0.055179432,0.8138388991355896,0.04557201266288757,2.0529938,2.8397582
7970,2.2619948,0.03484547,-0.14539143,0.8491203188896179,0.021877948194742203,4.4763913,1.7166077
7971,2.1443853,0.13553144,-0.071402594,0.85,0.004561253823339939,4.7268577,1.6057976
7972,2.3147013,0.08713282,-0.1352119,0.85,0.02602957934141159,2.7264977,2.6951659
7973,2.2224417,0.12672734,-0.052932363,0.8396011590957642,0.030326491221785545,2.8016796,2.2765787
7974,2.1993306,0.104947135,-0.03288804,0.785370945930481,0.05,4.524653,1.8902118
7975,2.1313643,0.08697535,-0.22865409,0.85,0.07575619965791702,8.566456,1.4759933
7976,2.3210807,0.0635049,-0.069896385,0.6594017744064331,0.03551488369703293,2.6457577,2.6129627
7977,2.2399335,0.05443852,-0.018175775,0.6753593683242798,0.014786438085138798,2.9421756,2.7434537
7978,2.3524284,0.03801775,-0.062447574,0.25423046946525574,0.04667060822248459,2.4801288,2.5085416
7979,2.3309104,0.10629899,-0.18066122,0.7316523790359497,0.05,3.1119683,2.5370157
7980,2.2822952,0.11147684,0.009963565,0.3852478563785553,0.047494348138570786,2.2099845,2.7707474
7981,2.3130252,0.04561223,-0.046512265,0.8135022521018982,0.05382602661848068,2.701476,2.5013907
7982,2.267359,0.1239384,-0.16599111,0.8240800499916077,0.05,4.1608353,2.377609
7983,2.417668,0.023447348,-0.20731907,0.8395112156867981,0.03281349316239357,2.4329383,2.3608541
7984,2.26955,0.030282022,-0.0588324,0.85,0.011152679100632668,3.508414,2.4652505
7985,2.1490202,0.02979673,-0.003439047,0.85,0.0169084295630455,5.6110787,1.5421153
7986,2.242904,0.06914433,-0.03901622,0.8279326558113098,0.05,3.2690074,2.6654997
7987,2.2729082,0.11770642,-0.10114017,0.8158042430877686,0.0194650050252676,2.6683173,2.47787
7988,2.2862372,0.062171455,-0.09499981,0.85,0.012028355151414871,3.4789577,2.2470438
7989,2.3709161,-0.01353883,-0.16982852,0.85,0.007345772814005613,2.9700437,2.8667355
7990,2.2400708,0.13807124,-0.18387888,0.8254225850105286,0.05,3.9565134,1.8777925
7991,2.307085,0.07654137,-0.085320964,0.6670873165130615,0.02636640891432762,2.5719588,2.4179184
7992,2.2872324,0.076774076,-0.1594576,0.7360520362854004,0.04361766204237938,3.4948301,2.501298
7993,2.2916553,0.076517515,-0.0778883,0.8457340598106384,0.03963295742869377,3.0349228,2.265383
7994,2.2254314,0.13960175,-0.10274241,0.7750879526138306,0.00895459484308958,3.9667606,2.1806362
7995,2.421578,0.09583204,-0.21531512,0.85,0.03816831111907959,2.3706932,2.5978723
7996,2.4062262,0.0014218722,-0.27340856,0.8172346949577332,0.05648394301533699,3.168233,2.7094207
7997,2.1347408,0.11269866,-0.015604678,0.8144447207450867,0.04886353015899658,5.1347256,1.7297318
7998,2.2169225,0.09308041,-0.17169581,0.85,0.05,4.852679,1.4913979
7999,2.2865646,0.13522156,-0.18617576,0.8430913686752319,0.05,3.4689505,2.131585
8000,2.3168545,0.09188147,-0.14322191,0.85,0.05,2.871366,2.171253
8001,2.2793689,0.073558524,-0.14373925,0.85,0.05,3.777706,1.8051814
8002,2.2172494,0.16372399,-0.101909265,0.85,0.0083308145403862,3.761422,2.373852
8003,2.218494,0.06710842,-0.09707214,0.85,0.05,4.6139317,1.6259181
8004,2.2931197,0.0707026,-0.19363469,0.8278307914733887,0.05,4.160174,2.2613032
8005,2.2385416,0.056043707,-0.051080693,0.85,0.05,4.0047307,2.1075704
8006,2.2274752,0.061567035,-0.077026375,0.85,0.030065812170505524,3.9580503,2.1909862
8007,2.296487,0.20821267,-0.3828608,0.85,0.033157769590616226,4.7064505,2.4854836
8008,2.2518494,0.09578268,-0.15027471,0.85,0.029868999496102333,3.8755832,2.4455373
8009,2.32855,0.068111494,-0.10907993,0.7966008186340332,0.014606999233365059,2.5626216,2.418208
8010,2.123568,0.09506693,-0.027674967,0.8305121660232544,0.012464585714042187,4.566168,1.4367187
8011,2.3207097,0.11093302,-0.122011796,0.85,0.03065629117190838,2.600643,2.463601
8012,2.2830987,0.10062828,-0.2435476,0.809705376625061,0.034771453589200974,4.4035697,1.7977014
8013,2.32698,0.09600597,-0.098906785,0.85,0.018370110541582108,2.296075,2.4584775
8014,2.3545475,0.014702732,-0.32723182,0.8208970427513123,0.04358171299099922,4.6902714,1.9917905
8015,2.3151813,0.07606577,-0.08174554,0.3790687322616577,0.12344321608543396,2.6039925,2.2182062
8016,2.269739,0.11216038,-0.22970559,0.85,0.04153557866811752,4.650571,2.5699067
8017,2.152342,0.19960058,-0.2584086,0.7372534275054932,0.021973755210638046,6.4549084,1.3022498
8018,2.3160908,0.027789269,-0.26826704,0.85,0.05,4.05279,1.9625624
8019,2.370818,0.15463759,-0.27241662,0.846866250038147,0.03359268233180046,2.7230177,2.4442298
8020,2.307083,0.0916781,-0.15810378,0.85,0.007877932861447334,2.838078,2.3379674
8021,2.2147238,0.06708023,-0.022184212,0.8069318532943726,0.043739285320043564,4.086491,2.012966
8022,2.3106706,0.081223115,-0.1846208,0.2639125883579254,0.05,3.3208864,2.7764904
8023,2.2812197,0.07769975,-0.1707178,0.6611313819885254,0.009926192462444305,3.9424818,2.148456
8024,2.3101194,0.07318922,-0.029838819,0.85,0.05,2.4107504,2.887326
8025,2.335799,-0.0073515573,0.01231716,0.85,0.05,2.4386895,2.8357406
8026,2.3655946,0.050844137,-0.09124504,0.6084308624267578,0.05913472920656204,2.5700862,2.374072
8027,2.336058,0.025264641,-0.03834634,0.6097570061683655,0.028291752561926842,2.3792396,2.439069
8028,2.2907264,0.05317348,-0.15635572,0.85,0.05,3.7803328,2.03165
8029,2.1935644,0.111535795,-0.103398755,0.81268709897995,0.04277997836470604,4.189237,1.86895
8030,2.182108,0.14577626,-0.14807507,0.8251046538352966,0.05,4.686108,1.5826154
8031,2.3099155,0.0863553,-0.099235974,0.85,0.025833310559391975,2.5841753,2.6025045
8032,2.1342068,0.038721908,0.07655613,0.802344799041748,0.02654765173792839,4.8421273,1.8172059
8033,2.1757903,0.13693494,-0.093039244,0.85,0.025168241932988167,4.4635177,2.3416107
8034,2.2359965,0.025024649,0.00027512145,0.85,0.05,3.7301898,2.267215
8035,2.1832573,0.11233924,-0.09447677,0.85,0.05,4.384269,2.128728
8036,2.2545228,0.06275597,-0.09392598,0.810449481010437,0.05,3.7194297,2.2678046
8037,2.4158826,-0.00015108929,-0.26401272,0.85,0.05,3.1232963,2.4366705
8038,2.225976,0.12533075,-0.065890945,0.8177129030227661,0.05,3.373524,2.4716172
8039,2.2764568,0.07498092,-0.14649032,0.8243826627731323,0.0548022985458374,3.9703434,2.3301818
8040,2.3215935,0.075325765,-0.104223676,0.8254096508026123,0.040769949555397034,2.1407278,2.5127106
8041,2.2624738,0.11094574,-0.1367379,0.5887420177459717,0.010468625463545322,3.7220163,2.1400156
8042,2.2288733,0.083751716,-0.020146633,0.85,0.021516557782888412,3.4769094,2.5097208
8043,2.3020687,0.06992509,-0.113891505,0.85,0.05,3.1548028,2.730036
8044,2.2237287,0.056781955,-0.02313655,0.85,0.05,3.7325175,2.1081848
8045,2.277542,0.0833739,-0.06057968,0.85,0.038909777998924255,3.4157555,2.1611307
8046,2.2861207,0.041555706,-0.09157823,0.8398306965827942,0.0037329518236219883,3.16679,2.7636702
8047,2.4066324,-0.0100243585,0.016848335,0.20858457684516907,0.10265189409255981,1.9507761,2.746846
8048,2.258681,0.07407079,-0.09329505,0.85,0.05,3.754078,1.8701556
8049,2.273612,0.090712436,-0.11329496,0.8277764916419983,0.028953514993190765,3.3044736,2.2957745
8050,2.1783338,0.08821965,-0.008565961,0.8445934653282166,0.01622978039085865,4.3719716,2.210989
8051,2.2762003,0.09323693,-0.2740986,0.8306077122688293,0.055345676839351654,4.6061726,1.9212909
8052,2.1162279,0.1448202,-0.10575777,0.85,0.05,5.5893664,1.168642
8053,2.2485034,0.050222736,-0.0668501,0.85,0.03716070204973221,4.1689405,2.6272979
8054,2.2008746,0.112497546,-0.045088433,0.85,0.05,3.8809075,2.0909612
8055,2.3012624,0.04694986,0.042496182,0.85,0.031028857454657555,2.1236699,2.647488
8056,2.2960722,0.08466158,-0.117441416,0.8373376131057739,0.034972287714481354,2.8764257,2.2849343
8057,2.4525597,0.0060906247,-0.19728568,0.7918224930763245,0.0470285527408123,2.1433465,2.5322392
8058,2.2442977,0.012064661,-0.031575352,0.85,0.05,3.8064232,1.8302522
8059,2.270146,0.074240655,-0.04552512,0.8357493877410889,0.038825422525405884,2.8709264,2.2147732
8060,2.1963649,0.073757835,-0.04190839,0.85,0.05,3.8513987,1.902328
8061,2.2694476,-0.027254198,-0.011576819,0.829298198223114,0.027063921093940735,3.3330686,1.6962156
8062,2.2799785,0.10070821,-0.037573595,0.85,0.031606558710336685,2.3483005,2.8343155
8063,2.375429,0.03456754,-0.093590386,0.8367940187454224,0.048102665692567825,2.4597666,2.7494075
8064,2.2676692,0.11514931,-0.19547534,0.8231409788131714,0.03279539942741394,4.1551247,1.8281587
8065,2.255994,0.11098482,-0.26280683,0.8175767064094543,0.05,4.5179014,2.55564
8066,2.3264692,0.043834258,-0.11201964,0.8479368686676025,0.04436219111084938,2.88538,2.8990455
8067,2.3523147,0.05703445,-0.22366028,0.6855100393295288,0.018642250448465347,3.1172538,2.4082718
8068,2.3085861,0.07277849,-0.13973671,0.85,0.06668340414762497,2.838475,2.5473123
8069,2.348725,0.010764695,-0.15069194,0.85,0.05,3.018293,2.459112
8070,2.2823076,0.13513476,-0.12919253,0.85,0.02336285077035427,2.535246,2.4498312
8071,2.4093146,0.032126904,-0.06896865,0.6028758883476257,0.03421211242675781,2.1814315,2.6511014
8072,2.251749,0.12629357,-0.15877348,0.812654435634613,0.032462406903505325,3.9640148,1.9209571
8073,2.1703944,0.067645796,-0.15790188,0.8127554059028625,0.006095306482166052,5.3541985,1.7262019
8074,2.2374287,0.10673649,-0.08751249,0.8231380581855774,0.05,3.9392126,2.2224612
8075,2.3112319,0.012623148,-0.024425166,0.8202832937240601,0.05,2.7821188,2.520444
8076,2.3614829,0.02622379,-0.06481241,0.85,0.022034401074051857,2.1724443,2.4514432
8077,2.179765,0.11863888,-0.16295236,0.6755390167236328,0.06507014483213425,4.715202,2.224986
8078,2.3450887,-0.0011223559,-0.21627894,0.5405356884002686,0.0435468964278698,3.538687,2.0805068
8079,2.2885308,0.0033973933,-0.08904104,0.797930896282196,0.03112487867474556,3.9513874,1.9371343
8080,2.2862575,0.07128174,-0.14073782,0.85,0.05,3.4492111,2.2122917
8081,2.2348945,0.033196714,0.024843326,0.85,0.03310978040099144,3.2841105,2.1690283
8082,2.1779802,0.13880722,-0.20444761,0.8268691897392273,0.03173047676682472,5.8119173,1.465574
8083,2.2841203,0.013742353,-0.19720063,0.8055524230003357,0.05,4.5801864,1.7558705
8084,2.3491163,0.101876244,-0.09369399,0.5493223667144775,0.057154007256031036,2.1902602,2.6735764
8085,2.2551425,0.07350367,-0.112723984,0.85,0.05,3.5032296,1.989018
8086,2.255548,0.042495873,-0.042747356,0.5235100984573364,0.05,3.8815312,1.8598558
8087,2.291428,0.012035978,-0.07993253,0.8257441520690918,0.05758591741323471,3.8456233,2.2848134
8088,2.2400925,0.014523697,-0.060718987,0.85,0.01891464740037918,4.1073318,1.9522407
8089,2.2769024,0.055411484,-0.047761135,0.85,0.01900918036699295,3.167547,2.2374444
8090,2.2305655,0.14328067,-0.102981605,0.85,0.05,3.6296513,2.5711873
8091,2.2374587,0.056018468,-0.023128485,0.85,0.021693240851163864,3.9234993,1.8352401
8092,2.2872527,0.06933484,-0.08208479,0.6289743781089783,0.05,2.9043934,2.028706
8093,2.290771,0.07636349,-0.08480833,0.8090924620628357,0.02547386847436428,2.7729726,2.1334944
8094,2.2587516,0.06770289,-0.06790625,0.85,0.05,3.8753462,2.158815
8095,2.2180443,0.07545575,-0.05693429,0.8384814262390137,0.01044687069952488,3.9974198,2.1345012
8096,2.2872412,0.08456892,-0.086122125,0.8388874530792236,0.03773694857954979,2.974587,2.1725664
8097,2.3273008,0.089087285,-0.051905617,0.5484231114387512,0.04833268001675606,2.2121258,2.7056332
8098,2.347489,0.051773872,-0.22781315,0.85,0.05,3.2695704,2.3711493
8099,2.2081285,0.09225354,-0.1819739,0.85,0.05,4.7048373,1.6684299
8100,2.3026843,0.041557323,-0.16500412,0.8470368385314941,0.03298642858862877,3.5323455,1.9683937
8101,2.2610657,0.10089556,-0.04557895,0.85,0.018597925081849098,2.7543867,2.0978525
8102,2.3504896,0.049334683,-0.21872641,0.8307995796203613,0.030141863971948624,3.410174,2.6857255
8103,2.2089782,0.13286328,-0.19327027,0.8032548427581787,0.02753640152513981,4.902557,1.6171424
8104,2.1780863,0.1283609,-0.07174327,0.85,0.024169104173779488,4.514946,2.240532
8105,2.2246408,0.093417756,-0.19017167,0.85,0.0018934729741886258,5.0787177,1.58947
8106,2.2408087,0.19215336,-0.14972787,0.85,0.02047460712492466,3.757543,2.1176395
8107,2.2695749,0.045540247,-0.06203522,0.8184481263160706,0.04354280233383179,3.4405463,2.1957977
8108,2.2242908,0.041594297,-0.0037139182,0.803974986076355,0.026654720306396484,3.4680655,2.2215717
8109,2.3660448,0.09064601,-0.17043631,0.85,0.04034777730703354,2.422359,2.6640851
8110,2.2194715,0.14337088,-0.17030743,0.85,0.014601952396333218,4.450489,1.8419045
8111,2.163482,0.14072748,-0.16336536,0.8186537623405457,0.047689929604530334,4.6701307,1.5341172
8112,2.2396045,0.101553336,-0.20682313,0.85,0.05,4.438461,2.030184
8113,2.2134018,0.09232052,-0.0817392,0.85,0.05,4.0386176,2.6449437
8114,2.3203218,0.06630396,-0.21876815,0.85,0.05,4.1229186,2.263334
8115,2.3085213,0.10159706,-0.11914181,0.85,0.010282829403877258,2.5963225,2.4858396
8116,2.4196966,0.024989748,-0.123388916,0.6405066847801208,0.10314834117889404,2.027827,2.7550423
8117,2.230013,0.033174966,-0.10845208,0.85,0.03369801118969917,4.811694,2.1310725
8118,2.2855592,0.06735095,-0.08232595,0.6667313575744629,0.03318639472126961,3.6430604,2.607668
8119,2.294797,0.075881734,-0.16674416,0.8233582377433777,0.05316373333334923,3.6547053,2.1772249
8120,2.3168976,0.133448,-0.12313695,0.85,0.026216691359877586,2.1163313,2.5365698
8121,2.3630679,-0.019090554,-0.07596313,0.5546632409095764,0.04708642140030861,2.619087,2.7882724
8122,2.3028464,0.15402853,-0.21389866,0.85,0.05,3.151357,2.4910023
8123,2.136967,0.14372997,-0.032161012,0.8476226925849915,0.02448466047644615,5.150407,1.7195992
8124,2.2595484,0.054147955,-0.14032044,0.85,0.034352660179138184,4.4046383,2.1054616
8125,2.4077034,0.0042624692,-0.082122974,0.85,0.0477638766169548,2.393539,2.4935753
8126,2.3538733,0.03697022,-0.12597157,0.85,0.05,2.4867578,2.390466
8127,2.1602252,0.18218663,-0.27829418,0.8220373392105103,0.04163961857557297,6.4316497,1.2516446
8128,2.2367659,0.016983112,-0.08347038,0.85,0.05,4.1891603,1.6056757
8129,2.2159293,0.11421491,-0.16030915,0.8043490648269653,0.025616390630602837,4.3682675,2.0664988
8130,2.3075266,0.13091046,-0.27678186,0.7927352786064148,0.035544026643037796,4.4563813,2.4169075
8131,2.3256898,0.05717632,-0.24190125,0.8063880801200867,0.053214143961668015,4.073418,2.0300882
8132,2.3383722,0.07438162,-0.09999439,0.5439516305923462,0.053125351667404175,2.489649,2.6536872
8133,2.210574,0.16674675,-0.18284437,0.7186575531959534,0.058038610965013504,4.3452196,2.6270025
8134,2.307838,-0.008154586,-0.09539345,0.85,0.05,2.8671112,2.3354113
8135,2.3766665,0.014028278,-0.12005702,0.399974524974823,0.05,2.1720164,2.1900868
8136,2.3497267,0.09823383,-0.10016444,0.5151573419570923,0.06736629456281662,2.2073996,2.421489
8137,2.2749836,0.09293224,0.038628045,0.7520438432693481,0.029723025858402252,2.0859752,2.767147
8138,2.2075562,0.11970949,-0.19411258,0.85,0.012694097124040127,4.6515646,1.6553761
8139,2.337018,0.05067464,-0.1259046,0.85,0.05,2.8016458,2.844097
8140,2.288239,0.0049586874,-0.04246757,0.85,0.05,2.920554,2.045177
8141,2.2910023,0.05547814,-0.1164819,0.8008735775947571,0.03820115327835083,2.7587435,2.3503225
8142,2.3844156,0.02207668,-0.08705275,0.7398715019226074,0.06185326352715492,2.632035,2.7202947
8143,2.196027,0.10243634,-0.0997952,0.8392300009727478,0.0308137908577919,4.5944996,2.2136402
8144,2.3155992,0.08974133,-0.16404022,0.8286623358726501,0.05,3.0663939,2.2484198
8145,2.29303,0.06600786,-0.020536147,0.85,0.05,2.4922078,2.293984
8146,2.3615372,0.08783043,-0.12175848,0.8309866786003113,0.041054580360651016,2.130048,2.896921
8147,2.3770628,0.014776365,-0.0028733406,0.5325950384140015,0.04481649026274681,2.0280435,2.7942808
8148,2.3026655,0.05885458,-0.12062505,0.8177853226661682,0.05,3.1299918,2.7323458
8149,2.314095,0.08391057,-0.05908404,0.7985728979110718,0.02703278139233589,2.418205,2.7481654
8150,2.304582,0.10771471,-0.14148152,0.7360901832580566,0.0600418820977211,3.081873,2.5360458
8151,2.3943963,0.046089586,-0.07027019,0.5393310785293579,0.05446682870388031,2.3597033,2.627268
8152,2.2692194,0.1195266,-0.18285656,0.85,0.02502823807299137,3.7137218,2.3279343
8153,2.359483,0.07587622,-0.06720191,0.5838234424591064,0.05658596381545067,2.2275722,2.7187908
8154,2.2558556,0.06629466,-0.04949457,0.8093113303184509,0.05901718884706497,3.3341064,2.1390746
8155,2.3328443,0.08515357,-0.09240997,0.85,0.05,2.491398,2.383683
8156,2.3686364,0.016226253,-0.08308695,0.8407164812088013,0.033246204257011414,2.3595204,2.584502
8157,2.3293178,0.07095854,-0.051576562,0.30000555515289307,0.0034480844624340534,2.0702627,2.288425
8158,2.2459757,0.04684928,-0.04211649,0.5606621503829956,0.04715220630168915,3.3201623,2.7480993
8159,2.2593322,0.10186923,-0.090584494,0.85,0.015102121978998184,3.8356159,2.1815343
8160,2.0941503,0.15732318,-0.20270617,0.840855598449707,0.07253672927618027,8.362042,1.5626578
8161,2.2115545,0.11050967,-0.036163155,0.8440138101577759,0.05,4.1629515,2.1457787
8162,2.240622,0.0841792,-0.23180267,0.85,0.03333436697721481,5.4233932,2.1100998
8163,2.2037654,0.14057781,-0.15054482,0.85,0.03160860016942024,4.7759404,2.1265087
8164,2.2601874,0.055837397,0.02986748,0.818898618221283,0.013015450909733772,2.9439294,2.095514
8165,2.2333887,0.077931516,-0.0068737357,0.8254938125610352,0.02159695327281952,3.5298786,2.3128145
8166,2.326252,-0.035114687,-0.032395538,0.8304026126861572,0.05,2.58965,2.4540837
8167,2.3041863,0.14016686,-0.18113033,0.8443008065223694,0.034155186265707016,2.8542695,2.8537018
8168,2.2547312,0.012505939,-0.08089268,0.85,0.05,3.91962,2.6896906
8169,2.1845865,0.18400297,-0.1294807,0.85,0.05,4.339345,2.1281645
8170,2.2586153,0.101155475,-0.03479831,0.85,0.05,2.800129,2.4758723
8171,2.3078897,0.061069794,-0.2993115,0.85,0.05,4.1265025,1.665747
8172,2.2697644,0.02444511,-0.0046686255,0.8270226120948792,0.05,3.6726987,2.0501764
8173,2.2809668,0.061426878,-0.052861653,0.85,0.04901764914393425,3.205806,2.1175754
8174,2.307793,0.06809382,-0.040778317,0.85,0.05,2.4218307,2.6727002
8175,2.290934,0.088137336,0.009502906,0.8209825754165649,0.033174991607666016,2.2544785,2.7748675
8176,2.2941158,0.027708197,-0.15472317,0.8332058787345886,0.05,3.8057036,1.9454964
8177,2.2283847,0.11940203,-0.19547813,0.85,0.05,4.6087885,2.191752
8178,2.1926405,0.07870968,-0.013903912,0.8107509613037109,0.025444883853197098,4.5241017,2.175389
8179,2.3154447,0.008208022,-0.16167682,0.85,0.06064298376441002,4.4240217,2.5968394
8180,2.2529643,0.049655937,-0.019173596,0.7905414700508118,0.014030407182872295,3.6009061,2.2086468
8181,2.27931,0.036099628,-0.063722804,0.85,0.05,3.249907,2.0509896
8182,2.2309525,0.047144976,-0.043842282,0.85,0.05,3.9086006,2.2138798
8183,2.2281296,0.055550843,-0.22099862,0.85,0.05,5.256101,1.4740765
8184,2.227774,0.10487534,-0.10839562,0.8173295855522156,0.05507872626185417,4.5099397,2.126141
8185,2.271095,0.07996165,-0.122663535,0.7338468432426453,0.05431949719786644,3.9019008,2.3680813
8186,2.2382967,0.10070462,0.05758606,0.6984885931015015,0.04423196613788605,2.899445,2.666376
8187,2.3357368,0.07157898,-0.11414719,0.16580790281295776,0.07724744826555252,2.7076557,2.7707596
8188,2.343287,0.048815817,-0.027585873,0.8115841746330261,0.0536218136548996,2.1196046,2.7742484
8189,2.1774356,0.120822206,-0.053381376,0.8179474472999573,0.05,4.316426,1.764327
8190,2.190126,0.1034043,-0.1726133,0.85,0.05,5.3345394,1.4569274
8191,2.2524076,0.05364507,-0.107731074,0.85,0.024412080645561218,4.4066153,2.1910744
8192,2.3109417,0.0865014,-0.048066735,0.85,0.033522602170705795,2.3629487,2.796598
8193,2.228633,0.10356525,-0.10927901,0.85,0.021953461691737175,4.6253643,2.088212
8194,2.2501562,0.073639356,-0.088402785,0.8236865997314453,0.05210564285516739,3.594227,2.3417785
8195,2.2527695,0.0814368,-0.10043663,0.8290709257125854,0.05,3.867572,1.7948453
8196,2.4098175,0.055947766,-0.0067248177,0.7909466624259949,0.05578020215034485,2.3301752,2.7570207
8197,2.32419,0.08939476,-0.2443201,0.8409841656684875,0.06749998778104782,3.9720871,2.7689843
8198,2.233201,0.08401429,-0.14000584,0.7809377312660217,0.07387746125459671,4.470256,2.1859355
8199,2.356459,0.07441927,-0.2502723,0.85,0.05,3.052952,2.442871
8200,2.2769914,0.054629993,-0.09250765,0.85,0.05,3.3405719,2.6356988
8201,2.3119109,0.09356252,-0.17008172,0.8497413992881775,0.020553799346089363,2.87907,2.3022246
8202,2.2434695,0.0017257704,-0.11509942,0.85,0.05,4.6017423,1.7602301
8203,2.2323425,0.1317854,-0.22044878,0.85,0.05,4.711472,1.9651419
8204,2.2479584,0.08904712,-0.035883944,0.85,0.02579585835337639,3.3391814,2.26741
8205,2.227042,0.08046223,-0.09966896,0.85,0.05,4.1210914,2.195366
8206,2.2108307,0.068270855,0.0030971013,0.8485260605812073,0.0142333609983325,3.819561,1.9621624
8207,2.303023,0.047140464,-0.07221712,0.85,0.006934360135346651,3.0916924,2.5888085
8208,2.2664957,0.0953032,-0.10244269,0.85,0.03885026276111603,3.3527396,2.5528052
8209,2.2720835,0.059241273,-0.13988985,0.82209312915802,0.05311567336320877,4.009466,2.1975534
8210,2.2535906,0.104834355,-0.1334271,0.838889479637146,0.05,3.9756744,2.047829
8211,2.4016612,0.0013192091,-0.178234,0.74345463514328,0.01269055437296629,2.5806653,2.2490492
8212,2.2553482,0.11214024,0.014028306,0.85,0.0032322739716619253,2.5105605,2.25878
8213,2.311729,0.003284614,-0.09961862,0.8356131911277771,0.05,3.124256,2.0631597
8214,2.3926218,0.1278599,-0.121188395,0.45974090695381165,0.08889756351709366,2.2568908,2.7618327
8215,2.2156808,0.032019027,-0.09134796,0.794138491153717,0.036732155829668045,4.7463083,1.7455057
8216,2.3076978,0.020816073,-0.15162003,0.7980299592018127,0.05370815470814705,3.7835708,2.1952236
8217,2.2159834,0.08112155,-0.0642739,0.8428018689155579,0.005651186686009169,4.504696,2.1263332
8218,2.302438,0.047604937,-0.017377708,0.7747494578361511,0.05246925726532936,2.6556246,2.855811
8219,2.3295963,0.042177595,-0.1884265,0.85,0.05,3.3712718,2.4560008
8220,2.2691884,0.14873207,-0.17396636,0.85,0.0482935793697834,3.5870774,2.594266
8221,2.1554854,0.15578857,-0.1593528,0.816633939743042,0.029297159984707832,5.3234158,1.7070452
8222,2.277587,0.12222174,-0.10288878,0.839939296245575,0.049353450536727905,2.82971,2.6693294
8223,2.432687,0.13471532,-0.3351834,0.85,0.04340654984116554,2.2825074,2.769574
8224,2.2319002,0.10469719,-0.034862142,0.85,0.009368161670863628,3.3253899,2.1655095
8225,2.2815087,0.09587863,-0.07638815,0.85,0.014992162585258484,2.8878555,2.2252772
8226,2.345234,0.1060685,-0.25464666,0.7412539720535278,0.06455553323030472,3.2560728,2.8903644
8227,2.3753004,0.017477999,-0.12050344,0.5784655213356018,0.027169542387127876,2.2563074,2.2855473
8228,2.3278263,0.04340302,-0.2000382,0.85,0.041966356337070465,3.474115,2.840453
8229,2.3294408,0.10212676,-0.1942826,0.7849170565605164,0.058699458837509155,2.9652328,2.329891
8230,2.1920166,0.0949896,-0.08232679,0.85,0.05,4.5965824,1.8226415
8231,2.2824757,0.08085503,-0.16523527,0.7234576344490051,0.035783059895038605,3.690429,2.0636866
8232,2.264397,0.050024163,-0.122900754,0.8202632665634155,0.04255848377943039,3.8426778,1.9129527
8233,2.2312102,0.047625575,-0.14573239,0.8359636068344116,0.05,4.429064,1.7302446
8234,2.3744438,0.09595771,-0.060771734,0.7685730457305908,0.044713739305734634,2.032867,2.2113092
8235,2.4160547,-0.12120805,0.054192685,0.619168758392334,0.05,2.0489702,2.1725826
8236,2.1702862,0.12080241,-0.01143266,0.7362398505210876,0.0015494275139644742,4.533365,2.0034766
8237,2.3107233,0.09459233,-0.06829416,0.85,0.017031768336892128,2.0819705,2.577118
8238,2.2674143,0.10204897,-0.11651209,0.8331388235092163,0.04513457790017128,3.2925987,2.3942559
8239,2.20951,0.12589052,-0.07403624,0.8354923725128174,0.027733327820897102,3.8447716,1.9918194
8240,2.3828385,0.068240374,-0.18762785,0.8324806094169617,0.05,2.4737005,2.6401472
8241,2.2333474,0.13285889,-0.08540788,0.8306775093078613,0.03428608551621437,3.0412567,2.1740391
8242,2.2312422,0.0030636808,-0.2819849,0.85,0.035910628736019135,6.568592,1.1578748
8243,2.330417,0.045397434,-0.27807483,0.85,0.010422546416521072,4.4160676,2.205915
8244,2.2509658,0.08534131,-0.12438352,0.85,0.05,4.27188,2.0184352
8245,2.2667649,0.093729,-0.11209294,0.5434219241142273,0.05,3.5897245,2.608653
8246,2.2053466,0.03858431,-0.15418309,0.85,0.05,5.4344077,1.4088566
8247,2.3155289,0.05728777,-0.2746202,0.85,0.030631566420197487,4.596426,1.733413
8248,2.2101338,0.097572416,-0.10734064,0.7947648763656616,0.05702009052038193,4.5235763,2.4911318
8249,2.207344,0.10785402,-0.08668996,0.85,0.0053513371385633945,4.4474387,1.7731616
8250,2.3155084,0.09490447,-0.070501156,0.5863366723060608,0.06991680711507797,2.3868504,2.5159597
8251,2.327528,0.12411399,-0.17899722,0.5793758630752563,0.11125592887401581,2.6037593,2.4494326
8252,2.2658825,0.10449661,-0.11026732,0.85,0.009667503647506237,3.4406886,2.1372871
8253,2.234277,0.11652169,-0.07356991,0.85,0.03906690329313278,3.3865104,2.107028
8254,2.3521078,0.06002327,-0.16158257,0.4078294634819031,0.11044035851955414,2.6978908,2.479588
8255,2.3302596,0.07748073,-0.18584533,0.85,0.04125643149018288,2.9133043,2.3567066
8256,2.3633568,0.07756528,-0.2294483,0.834338903427124,0.055924415588378906,2.7726543,2.8883808
8257,2.2603917,0.12471202,-0.2607895,0.85,0.05,4.5333686,1.9188918
8258,2.306783,0.057335764,-0.07152588,0.4475463330745697,0.07807935029268265,2.669671,2.4992974
8259,2.2618823,0.09153321,-0.09063723,0.85,0.017286978662014008,3.379227,2.2198987
8260,2.18202,0.101352006,-0.07070546,0.8268061876296997,0.05,4.796253,1.6835351
8261,2.2185943,0.08913945,-0.1524195,0.85,0.05,4.920258,1.6298732
8262,2.1554074,0.12655993,-0.09536118,0.85,0.013868914917111397,4.8685374,1.6715376
8263,2.2926562,0.045972783,-0.12969305,0.8386867046356201,0.039582476019859314,3.4454055,2.3261034
8264,2.336863,0.058822226,-0.07584531,0.8418912291526794,0.012644589878618717,2.3683224,2.7175713
8265,2.2521017,0.12187272,-0.23986234,0.8268341422080994,0.002729069208726287,4.7844963,1.582104
8266,2.2640924,0.04912908,-0.17647502,0.85,0.05,4.403655,2.120753
8267,2.1467686,0.099988826,-0.13908349,0.7228341698646545,0.056149646639823914,6.0439944,1.7706108
8268,2.3029187,0.07120217,-0.1926309,0.85,0.0310751274228096,3.9427903,2.4327648
8269,2.3307536,0.057584986,-0.1465698,0.85,0.03731456398963928,2.9342196,2.8063664
8270,2.3324528,0.073682815,-0.20301168,0.85,0.05,3.2062378,2.6402225
8271,2.1866078,0.13063328,-0.017902873,0.85,0.05,3.9966526,2.242958
8272,2.2126744,0.11627722,-0.12928262,0.85,0.028851594775915146,4.5540886,1.8977363
8273,2.2625008,0.07153199,-0.13050593,0.85,0.05,3.9517336,2.0085087
8274,2.2480059,0.10262656,-0.134724,0.840510368347168,0.01276548020541668,4.0178175,2.0155404
8275,2.2184978,0.0779027,-0.11561738,0.85,0.05,4.3291483,1.7631993
8276,2.2549636,0.07249288,-0.038125534,0.8225929737091064,0.05,2.7884474,2.7444909
8277,2.2705517,0.035358142,-0.09914424,0.85,0.025717588141560555,4.4186096,2.084129
8278,2.280329,0.08752893,-0.117861696,0.8234025239944458,0.046781133860349655,3.2291677,2.346674
8279,2.2900476,-0.005300751,-0.07711356,0.85,0.026258690282702446,3.7215211,2.2771657
8280,2.2852743,0.099078886,-0.10812179,0.85,0.02423495426774025,3.3800762,2.3613741
8281,2.2232246,0.05468718,-0.0024914008,0.85,0.05,4.072546,2.211306
8282,2.3555377,0.10050693,-0.062832914,0.85,0.04351920634508133,2.2864342,2.7854779
8283,2.332251,0.03868493,-0.046915337,0.8095847964286804,0.05,2.7877767,2.6221583
8284,2.3467321,0.0051416038,-0.06033077,0.6826609969139099,0.023586735129356384,2.3969212,2.0938864
8285,2.2833729,0.05668907,-0.08360158,0.85,0.05,3.2699423,2.4357014
8286,2.2044263,0.14500299,-0.036249947,0.85,0.05,3.904961,2.1651757
8287,2.171583,0.020876823,-0.013174701,0.7948401570320129,0.034874118864536285,4.792433,1.5337614
8288,2.320379,0.10384085,-0.03970414,0.7414973974227905,0.04264139011502266,2.4837961,2.3131545
8289,2.263513,0.03634474,-0.14956327,0.85,0.05,4.5178714,1.874476
8290,2.130812,0.13688724,-0.099395156,0.85,0.05,5.2335625,1.4798613
8291,2.3806114,0.11102629,-0.3335102,0.8285084962844849,0.029445867985486984,3.450754,2.8175304
8292,2.3495088,0.023674268,-0.17030886,0.8468668460845947,0.07173576205968857,2.890795,3.059837
8293,2.293861,0.09055992,-0.10274089,0.85,0.05,2.9049065,2.6365967
8294,2.2773225,0.12513502,-0.05692072,0.6159673929214478,0.05,2.2825117,2.7483342
8295,2.3374119,0.059236206,-0.13752231,0.7966825366020203,0.04319612309336662,2.7375026,2.2257102
8296,2.1866095,0.06859004,-0.033746783,0.85,0.030912596732378006,4.445852,2.6215823
8297,2.285098,0.11145948,-0.15951183,0.5769788026809692,0.10080276429653168,3.3460703,2.705104
8298,2.2622976,0.112176925,-0.019224448,0.85,0.05,2.7955253,2.2740338
8299,2.1536422,0.09975484,-0.039753832,0.8409285545349121,0.05,4.492705,1.6882609
8300,2.240784,0.06378876,-0.052544963,0.5986753106117249,0.043731167912483215,3.7878685,2.4754128
8301,2.227816,0.15481885,-0.2553791,0.85,0.023758158087730408,5.214739,1.8541242
8302,2.2856302,0.11242291,-0.13109346,0.85,0.05782869830727577,3.099886,2.7010367
8303,2.1922584,0.13709672,-0.23891503,0.85,0.021568112075328827,5.37405,1.8053883
8304,2.2377496,0.049533207,-0.075125985,0.8422526717185974,0.026034468784928322,3.8462613,2.387952
8305,2.166401,0.11984442,-0.113777794,0.5386728644371033,0.04350839927792549,4.549799,1.6612668
8306,2.267726,0.041274484,-0.16461378,0.85,0.023806855082511902,4.018155,2.2264209
8307,2.2475088,0.16822542,-0.12983987,0.85,0.02151348628103733,3.369825,2.3164437
8308,2.2304578,0.065954246,-0.09473691,0.85,0.025317594408988953,4.50233,2.0518892
8309,2.309701,0.06598733,-0.087637015,0.8371750116348267,0.013208176009356976,2.6158552,2.4790828
8310,2.2929196,-0.0053186323,0.012541273,0.7357537150382996,0.05,2.5093002,2.1682405
8311,2.2525556,0.1367438,-0.16822438,0.7330681681632996,0.020263634622097015,3.867371,2.3089545
8312,2.3483717,0.08212849,-0.031859946,0.45857706665992737,0.051409248262643814,2.0887861,2.6777055
8313,2.319076,0.08661781,-0.07645853,0.5982859134674072,0.048916444182395935,2.3993366,2.8724005
8314,2.2802892,0.0477133,-0.15642843,0.85,0.05,4.2829227,2.1669092
8315,2.2786605,0.14547507,-0.3227244,0.85,0.05,5.2194552,1.718089
8316,2.3551877,0.08762052,-0.15523383,-0.85,0.05,2.5123184,2.1991177
8317,2.217672,0.17566484,-0.08057646,0.809709370136261,0.014170525595545769,3.2729082,2.555076
8318,2.2427852,-0.006093658,0.010994689,0.6521155834197998,0.05,3.6990864,1.8325472
8319,2.328822,0.013467072,-0.16119325,0.85,0.03052905946969986,3.581274,2.7569869
8320,2.2424803,0.093131684,-0.082487926,0.85,0.04140648618340492,3.4194374,2.6408827
8321,2.3679013,0.05056537,0.010934795,0.85,0.037988193333148956,2.2098236,2.2384038
8322,2.2765377,0.08506464,-0.15154685,0.85,0.0008166253101080656,3.8022847,2.1490338
8323,2.178151,0.11028217,-0.11365872,0.85,0.05,4.9332347,1.8503454
8324,2.3156085,0.11441274,-0.15860705,0.7176666855812073,0.04473340883851051,2.9009988,2.8393028
8325,2.392964,0.04312549,-0.080266766,0.5955326557159424,0.04324377328157425,2.0212731,2.783864
8326,2.2619526,0.053393956,-0.04815049,0.8249518871307373,0.017179137095808983,3.3886232,2.462605
8327,2.219448,-0.0038647833,-0.14991485,0.85,0.05,4.8541074,1.3874016
8328,2.3150964,0.05479093,-0.12974277,0.85,0.04329782724380493,3.5154378,2.2707722
8329,2.2907364,0.071679875,-0.1343091,0.85,0.03766453638672829,3.4892542,2.6478314
8330,2.2385087,0.121720664,-0.22453433,0.7189550399780273,0.034759555011987686,4.4136605,1.8536122
8331,2.3278182,0.03360653,-0.09739891,0.8262015581130981,0.05865524709224701,2.4745774,2.671496
8332,2.2418153,0.0966343,-0.05914796,0.85,0.018001368269324303,3.589164,2.1906466
8333,2.2690341,0.057951283,-0.07510343,0.6385541558265686,0.006444570142775774,3.2841432,2.1513743
8334,2.2078655,0.060807083,-0.047020636,0.8371910452842712,0.029905935749411583,4.46305,2.0175865
8335,2.2092931,0.08694239,-0.03740717,0.831371009349823,0.05,3.9743733,2.2446952
8336,2.2725832,0.04503029,0.06481147,0.6695073843002319,0.050529684871435165,2.468722,1.9170238
8337,2.3058717,0.06430365,-0.14647518,0.8336018919944763,0.04491100832819939,3.5709136,2.0938833
8338,2.4070718,0.07062888,-0.19293489,0.8102753758430481,0.05,2.23773,2.6086287
8339,2.339469,0.08415763,-0.1332908,0.7113812565803528,0.056383538991212845,2.6264615,2.605036
8340,2.27754,0.10090741,-0.11994933,0.85,0.014969012700021267,3.1714761,2.5531738
8341,2.3199167,0.111735255,-0.107209034,0.8258993625640869,0.104791060090065,2.5531878,2.6968148
8342,2.3118858,0.029868746,-0.13841397,0.85,0.02444962039589882,3.1689289,2.3152714
8343,2.2454016,0.041910842,-0.06748436,0.6587141752243042,0.05584212392568588,3.7049406,2.078966
8344,2.365835,0.020951886,-0.14986797,0.8178583383560181,0.02827264741063118,2.5174484,2.6137066
8345,2.1821222,0.1029828,-0.08696869,0.85,0.003844708204269409,4.8114676,1.6128376
8346,2.2037249,0.089568414,-0.027447714,0.85,0.05,3.9307625,1.8650066
8347,2.3313704,0.081663385,-0.17513128,0.8058028817176819,0.05046680569648743,2.5609217,2.3855133
8348,2.2666085,0.117256485,-0.18475561,0.8416586518287659,0.028421977534890175,3.7124176,2.3531027
8349,2.2651668,0.124342196,-0.09498797,0.8183944225311279,0.05,2.9049797,2.1456254
8350,2.179091,0.15707794,-0.045804434,0.7678463459014893,0.04154406860470772,4.185172,1.8826723
8351,2.3122697,0.06351663,-0.08467628,0.8131719827651978,0.05,2.654234,2.408658
8352,2.2716568,0.07611281,-0.13320352,0.85,0.024453220888972282,3.6580226,2.6836274
8353,2.3250988,0.06833468,-0.11702066,0.782539427280426,0.005301980301737785,2.5977626,2.30505
8354,2.3021858,0.025026191,-0.0713621,0.7905051708221436,0.01918538473546505,2.9324112,2.2140996
8355,2.2983398,0.11636812,-0.16314435,0.8265461325645447,0.04601030424237251,3.1383338,2.545569
8356,2.2611065,0.12926124,-0.17702816,0.8415243029594421,0.06105856969952583,3.8730662,2.674746
8357,2.338075,0.093848854,-0.2838515,0.5409778356552124,0.05883963406085968,3.6700203,2.7433689
8358,2.1753373,0.099693164,-0.041843582,0.85,0.02124078758060932,4.3473496,2.1736023
8359,2.3510158,0.11335438,-0.18066992,0.85,0.0421411357820034,2.315786,2.78676
8360,2.300499,0.114719704,-0.22488992,0.85,0.02839507721364498,3.8753424,2.2696438
8361,2.2669597,0.056609258,0.006083899,0.85,0.05,2.487769,2.8531647
8362,2.308968,0.07261533,-0.11043653,0.844466507434845,0.05,2.9007447,2.4890542
8363,2.2591064,0.10211932,-0.19063069,0.85,0.023515045642852783,4.6731405,1.8797814
8364,2.2671037,0.09330336,-0.048123535,0.8104129433631897,0.05073792114853859,2.8996186,2.670522
8365,2.3873942,-0.0126204435,-0.085784175,0.7600809931755066,0.05178438872098923,2.2674668,2.9086583
8366,2.2274003,0.091852024,-0.20759584,0.838667631149292,0.05,5.095123,1.5740453
8367,2.2772477,0.054848578,-0.109189205,0.85,0.05,3.2961252,2.593912
8368,2.3810728,0.06073168,-0.16139048,0.6996153593063354,0.05590758100152016,2.6293197,2.2050967
8369,2.2883797,0.08132963,-0.17213242,0.8402453660964966,0.044076815247535706,3.7610428,1.9220515
8370,2.2717416,0.050674044,-0.046137918,0.85,0.05,3.408695,1.9222043
8371,2.2587585,0.16289005,-0.06418018,0.6527717709541321,0.08870039135217667,2.7219446,2.8042336
8372,2.2767234,0.09086821,-0.03380527,0.8477416038513184,0.028135355561971664,2.77205,2.5090628
8373,2.3010964,0.058108687,-0.021852586,0.85,0.020510004833340645,2.4348443,2.261232
8374,2.3185313,0.06095069,-0.15976824,0.85,0.03750937059521675,3.2303581,2.244945
8375,2.2731335,0.102570266,-0.1141498,0.5720279812812805,0.016023969277739525,3.0000207,2.2654095
8376,2.2057853,0.115537785,-0.15859936,0.8218166828155518,0.050323694944381714,5.076067,1.8335981
8377,2.3931203,0.040683113,-0.08481972,0.7555227875709534,0.05029268562793732,2.1855924,2.7996998
8378,2.2845738,0.048764925,0.010524497,0.8312621116638184,0.05,2.645534,2.2655175
8379,2.115939,0.22135167,-0.009478055,0.85,0.05,4.760918,1.9540268
8380,2.2583551,0.04678989,-0.05804915,0.6204636693000793,0.05,3.078308,2.1245434
8381,2.3513246,-0.013978427,-0.062204298,0.85,0.023224523290991783,2.5411274,2.217147
8382,2.2390945,0.15356018,-0.043756776,0.85,0.015580408275127411,2.945377,2.6638966
8383,2.2807567,0.21334058,-0.3230483,0.85,0.03543735295534134,4.5574856,2.1574798
8384,2.3168886,0.058847073,-0.08947655,0.8414351344108582,0.05057748779654503,2.7883122,2.5684307
8385,2.1741643,0.17593567,-0.022739355,0.85,0.05,3.3753088,2.1799471
8386,2.2811778,0.10666451,0.005218893,0.7630107998847961,0.07180952280759811,2.1881125,2.9032714
8387,2.1537638,0.065261945,-0.06876595,0.8335920572280884,0.012061125598847866,5.322323,1.4210194
8388,2.262148,0.11183362,-0.14197321,0.847420871257782,0.02146979793906212,3.0588295,2.7054346
8389,2.2560399,0.17299272,-0.043216813,0.5789080858230591,0.049251168966293335,2.5408213,2.8632796
8390,2.1915288,0.11333379,-0.059888292,0.85,0.05,4.424976,2.0399454
8391,2.274341,0.123985544,-0.21185246,0.85,0.05,3.8568077,2.143404
8392,2.3954804,-0.060993746,-0.15316121,0.7293499708175659,0.039165329188108444,2.605614,2.743424
8393,2.3177285,0.046679523,-0.14318953,0.8267170786857605,0.0043325223959982395,2.9964497,2.2440038
8394,2.2254634,0.06298839,-0.07658204,0.8134552240371704,0.012049600481987,3.9504528,2.194848
8395,2.2511845,0.15272813,-0.12553371,0.85,0.0069861579686403275,3.6026173,2.2043386
8396,2.3772652,0.04424938,-0.29451376,0.6841276288032532,0.056385286152362823,3.5258617,2.3291519
8397,2.2043238,0.1016173,-0.05310093,0.85,0.05,4.505382,1.8192238
8398,2.3084462,0.020863686,0.013169449,0.8461410403251648,0.05,2.5388873,2.7317214
8399,2.248874,0.105644554,-0.1840458,0.8378146290779114,0.038597870618104935,4.4345794,2.0570405
8400,2.3438556,0.047748186,-0.085662834,0.7811890840530396,0.043941836804151535,2.4907434,2.4440994
8401,2.3778014,0.03928401,-0.09392231,0.6928746104240417,0.04651214927434921,2.3181846,2.6670735
8402,2.3004293,0.0565326,-0.13526045,0.85,0.03641131892800331,3.665066,2.6235034
8403,2.3001118,0.08431066,-0.0805894,0.85,0.05,2.5793538,2.7563457
8404,2.3092432,0.043718237,-0.09399814,0.8373726010322571,0.023975541815161705,2.9431062,2.58264
8405,2.1896942,0.12236402,-0.003930273,0.85,0.05,3.9888437,2.4793093
8406,2.3303182,0.08854949,-0.054142915,0.8182425498962402,0.027252299711108208,2.2760324,2.572922
8407,2.2819471,0.059122782,-0.07043447,0.8305164575576782,0.039174992591142654,3.0676956,2.5717804
8408,2.2502203,0.08526422,-0.079024956,0.8138787150382996,0.05,3.4778335,2.1660318
8409,2.3076386,0.065618575,0.010847678,0.19523049890995026,0.05977306887507439,2.303476,2.3327665
8410,2.3346934,0.022708138,-0.07188236,0.85,0.022319281473755836,2.52315,1.9744844
8411,2.398475,0.015142751,-0.024829062,-0.021251443773508072,0.042062465101480484,1.9952197,2.4841745
8412,2.2546098,0.20865914,-0.2127631,0.8212563991546631,0.05,3.5872965,2.1692984
8413,2.1643074,0.12476548,-0.22050121,0.85,0.02621019259095192,6.4106894,1.3726839
8414,2.3154726,0.09715546,-0.22041555,0.85,0.05,3.385289,2.1087682
8415,2.3473365,0.08733982,-0.028170263,0.8062693476676941,0.04038276895880699,2.0384197,2.5641978
8416,2.2327821,0.044008188,-0.13568887,0.85,0.03899713605642319,4.648109,2.7142487
8417,2.2622776,0.12905893,-0.08353799,0.85,0.005076348315924406,3.2546072,2.5230525
8418,2.3508599,0.061801385,-0.058719616,0.7145887613296509,0.05359002947807312,2.3214357,2.5558155
8419,2.3828263,0.057905614,-0.16749607,0.85,0.02655002847313881,2.3162935,2.8366675
8420,2.310224,0.051944,-0.13081513,0.85,0.02410999871790409,3.4680996,2.7058196
8421,2.21522,0.11879188,-0.06565935,0.8086357116699219,0.05,3.8103395,1.8683255
8422,2.2509873,0.018259993,-0.07134486,0.8464786410331726,0.05,3.845998,2.0612755
8423,2.3734636,0.0074018044,-0.05047846,0.5501019358634949,0.02306394651532173,2.1157112,2.3516874
8424,2.4291518,0.0638453,-0.21010399,0.6156405806541443,0.02578814886510372,2.5803297,2.583396
8425,2.3024938,0.086926214,-0.16204,0.85,0.011041409336030483,3.3619359,2.1065328
8426,2.325656,0.13298479,-0.17255716,0.8410199880599976,0.05443108081817627,2.9938943,2.666432
8427,2.2893553,0.052225977,-0.21602625,0.85,0.05,4.4496984,1.8062296
8428,2.1134713,0.12041783,-0.07825323,0.85,0.024950282648205757,6.017766,1.4268905
8429,2.2899218,0.11250012,-0.28481522,0.85,0.013010862283408642,4.764458,1.8213961
8430,2.2494721,0.14904986,-0.28244126,0.85,0.034804508090019226,5.1017632,1.8319685
8431,2.111206,0.21140268,-0.11352335,0.85,0.023543842136859894,4.8404613,1.3979733
8432,2.27023,0.031415824,-0.052623417,0.85,0.05,3.2624447,2.8197284
8433,2.2766478,0.024915928,-0.046813224,0.85,0.05,2.7288454,2.602626
8434,2.3216035,0.04479166,-0.074035004,0.8307424783706665,0.028527528047561646,2.4524372,2.4366817
8435,2.247864,0.05973942,-0.0416686,0.8378994464874268,0.03586874529719353,3.4652662,2.7117972
8436,2.2678888,0.011076306,-0.04578839,0.8251877427101135,0.05,3.5736883,2.1864405
8437,2.254074,0.058693476,-0.033707965,0.6360958218574524,0.05,3.3141928,2.1325037
8438,2.2692459,0.018759396,-0.1250037,0.8251959085464478,0.05,4.3654537,2.1063573
8439,2.3213797,0.025822045,-0.113093585,0.8051338791847229,0.006964017171412706,2.7514098,1.9616655
8440,2.3579621,0.070571885,-0.18201034,0.8136593699455261,0.024249859154224396,2.7420647,2.5222192
8441,2.1731765,0.17665014,-0.092351325,0.85,0.05,4.575863,1.917195
8442,2.4028592,0.023595769,-0.2226474,0.7494334578514099,0.05666038393974304,2.5942283,2.2671905
8443,2.2042708,0.11552143,-0.044618983,0.85,0.014129120856523514,4.0213656,2.166715
8444,2.3063264,0.08260213,-0.120621994,0.85,0.05,2.5922961,2.5217237
8445,2.241997,0.14274861,-0.20148414,0.85,0.04734376445412636,4.8560905,2.8311205
8446,2.2100568,0.10907053,-0.14340578,0.85,0.05,5.0456595,1.8018578
8447,2.1958933,0.07103445,-0.117793925,0.6694183945655823,0.0312727689743042,4.8381166,1.649307
8448,2.3255591,0.063355915,-0.06778254,0.6037516593933105,0.05,2.0814838,2.5151489
8449,2.3354714,0.09179953,-0.09666484,0.85,0.017176790162920952,2.4185212,2.581066
8450,2.418599,0.07836277,-0.014080311,0.5221704244613647,0.09199465811252594,2.1226308,2.8203561
8451,2.1874616,0.062086288,0.02030233,0.85,0.003305561374872923,4.3176646,1.9047998
8452,2.3394086,0.061138008,-0.18315165,0.8235669732093811,0.02542859874665737,3.091583,2.3888268
8453,2.1403232,0.12408557,-0.0045978767,0.5729867219924927,2.7730176952900365e-05,4.3762693,2.3955822
8454,2.258535,0.12108163,-0.19160253,0.6638618111610413,0.04305444285273552,4.1243806,2.1014676
8455,2.2990816,0.06745702,-0.2337934,0.85,0.05,4.1442924,2.075975
8456,2.2357006,0.07902117,-0.22772475,0.85,0.006045548710972071,5.0382304,1.7290982
8457,2.324323,0.03924257,-0.12128106,0.85,0.05,2.7749374,2.8078861
8458,2.31334,0.073011644,-0.06561618,0.8259121775627136,0.049826301634311676,2.277037,2.7089612
8459,2.2137008,0.09533127,-0.06021284,0.85,0.05,4.1559935,2.493946
8460,2.2685964,0.048617795,-0.076530784,0.85,0.02669847197830677,3.6016154,1.9524131
8461,2.2356095,0.069308184,0.027544787,0.814444363117218,0.05,3.0160666,2.1223876
8462,2.2676597,0.059943352,0.024478814,0.85,0.003776517463847995,2.8515234,2.2920525
8463,2.402733,-0.07115758,-0.05412976,0.85,0.05,2.2133934,2.66513
8464,2.3230696,0.018411523,-0.07916517,0.85,0.05,2.73131,2.3187587
8465,2.293231,0.073622555,-0.071709,0.85,0.031232697889208794,2.632967,2.6292489
8466,2.2794309,0.056345627,0.03526066,0.3278408944606781,0.056681469082832336,2.2950242,2.3847468
8467,2.2377558,0.021248603,0.008342982,0.7009904384613037,0.05,3.475954,1.8468391
8468,2.2430658,0.08456116,-0.257169,0.8182514309883118,0.05,4.603128,1.4608781
8469,2.2135546,0.13332719,-0.08161006,0.8374393582344055,0.02413388527929783,3.9669318,2.7127168
8470,2.1936617,0.14775036,-0.14254206,0.8156658411026001,0.05,4.4885955,1.6755965
8471,2.3302307,0.07575107,-0.292777,0.85,0.03264402598142624,4.343228,1.9705893
8472,2.223812,0.036487292,-0.052464962,0.85,0.05,3.5371315,1.7856194
8473,2.2387688,0.11348652,-0.09594847,0.85,0.05,3.3313181,2.4533825
8474,2.2445865,0.06486968,-0.023928815,0.85,0.021557359024882317,3.5191128,2.1691344
8475,2.224881,0.083058216,-0.16551536,0.7582185864448547,0.04677821323275566,4.4464297,1.7548211
8476,2.1972144,0.062124908,-0.06246734,0.8070053458213806,0.05,3.9216394,2.2134938
8477,2.3455362,0.06753418,-0.09448765,0.385076105594635,0.05359027162194252,2.58848,2.5660808
8478,2.294118,0.14227562,-0.13311504,0.85,0.05,2.5496392,2.6210482
8479,2.2792332,0.043385603,-0.06157289,0.8439578413963318,0.022504018619656563,3.375531,2.649746
8480,2.3126163,0.117130615,-0.15590169,0.8352138996124268,0.019191840663552284,2.723106,2.422354
8481,2.2221818,0.11705233,-0.0024362595,0.8072118759155273,0.05,3.3451805,1.9313384
8482,2.1775663,0.14979571,-0.05469567,0.85,0.05,3.792183,1.726104
8483,2.2050576,0.08793451,-0.014357491,0.85,0.05,4.0983453,2.3328528
8484,2.223379,0.09717334,-0.20240837,0.85,0.05,4.9866104,1.8750283
8485,2.2943976,0.022553304,-0.11976258,0.85,0.05,3.1328564,2.4616756
8486,2.232828,0.11845752,-0.07956349,0.8434705138206482,0.03639885038137436,3.7312982,2.7313745
8487,2.382702,0.008267527,-0.09672868,0.6174511313438416,0.027522264048457146,2.1640651,2.6537473
8488,2.2592707,0.12538277,-0.10904366,0.8138887286186218,0.05,3.4462233,2.2773197
8489,2.1995063,0.14239857,-0.072453104,0.85,0.05,3.7202973,2.175759
8490,2.3118412,0.0027863919,-0.073142044,0.7341086268424988,0.05,3.0179029,2.5390275
8491,2.213461,0.06350616,-0.0321107,0.8469065427780151,0.030830569565296173,4.1474366,1.7252631
8492,2.3599243,0.023790069,-0.068562046,0.3871992826461792,0.05,2.2472463,2.8608372
8493,2.3022852,0.09798778,-0.19315462,0.85,0.038781970739364624,3.2682538,2.718498
8494,2.2614362,0.060197975,-0.1030565,0.7799232006072998,0.018676646053791046,3.4325433,2.1403575
8495,2.220808,0.095063,-0.062259886,0.85,0.009203813038766384,3.6164916,2.2867665
8496,2.298507,0.05420299,-0.106866665,0.7502355575561523,0.04119207710027695,3.4249942,2.4600046
8497,2.2388754,0.1514121,-0.10117724,0.85,0.05,3.6292996,2.5554435
8498,2.2247274,0.09927773,0.009803763,0.85,0.03005634993314743,3.1138732,2.7600763
8499,2.258768,0.06796498,-0.11597954,0.6682453751564026,0.014775056391954422,4.0048714,2.1346848
8500,2.222175,0.042893406,-0.06312266,0.7045820951461792,0.052898745983839035,3.915218,2.2211335
8501,2.3364024,0.087069795,-0.21540852,0.8088460564613342,0.0176496934145689,2.7427785,2.7408738
8502,2.2258465,0.13685046,-0.22087619,0.8271238803863525,0.04825066030025482,5.053568,1.9522798
8503,2.3190181,0.05933631,-0.19206738,0.85,0.05,3.3753867,2.241383
8504,2.2941778,0.047900558,-0.13969238,0.85,0.006734455469995737,3.7880344,2.2183664
8505,2.3007884,0.036946453,-0.1496924,0.85,0.016270382329821587,3.9803824,2.1344886
8506,2.2986627,0.06934642,-0.15964848,0.85,0.05,3.6483927,2.6940365
8507,2.1670694,0.06129973,-0.03148778,0.85,0.05,4.97586,1.5861722
8508,2.1326194,0.08475514,0.018068142,0.8110666275024414,0.058429501950740814,5.141125,2.0958154
8509,2.1719513,0.08101041,0.0060587698,0.8319056630134583,0.023076480254530907,4.6643577,1.7799945
8510,2.2249324,0.09015111,0.032302715,0.840022087097168,0.05,3.3009953,2.2245214
8511,2.407768,0.09349225,-0.19628458,0.5658211708068848,0.07161521911621094,2.238514,2.8438993
8512,2.2653453,0.076099016,-0.1076175,0.8398299813270569,0.04325658082962036,4.006967,2.4342644
8513,2.2610345,0.056973163,-0.0585085,0.7917060852050781,0.022452162578701973,3.5171049,1.9231069
8514,2.3265676,0.082873635,-0.08103931,0.8057621717453003,0.03572919964790344,2.2062519,2.331426
8515,2.2009845,0.017408632,-0.01993587,0.5320484638214111,0.020012183114886284,4.571739,1.8560029
8516,2.189276,0.10136192,-0.070225246,0.85,0.05,4.471338,2.2183986
8517,2.306676,0.044638824,-0.09049709,0.7737695574760437,0.015102737583220005,2.927922,2.6927235
8518,2.2021737,0.065035686,-0.09474973,0.85,0.05,5.142675,1.8101766
8519,2.2751033,0.043613624,-0.044615027,0.8283950686454773,0.021853860467672348,3.2184527,2.2705252
8520,2.271089,0.07258702,-0.18655325,0.85,0.02380051277577877,4.6648846,2.1768737
8521,2.226276,-0.007290774,-0.088950716,0.85,0.048219505697488785,4.684681,2.4539375
8522,2.2427285,0.08839606,-0.0642213,0.6917504072189331,0.024612652137875557,3.356095,1.9636446
8523,2.2608325,0.05608054,-0.03631805,0.85,0.0425063855946064,3.4611237,2.8682022
8524,2.2367287,0.069828965,-0.057359423,0.807549238204956,0.013541405089199543,3.7337594,2.1841867
8525,2.3746738,-0.006439025,0.0035600897,0.8264696002006531,0.05,2.1420786,2.4715796
8526,2.2303157,0.09778956,-0.20498522,0.85,0.05,4.859457,1.7614781
8527,2.189021,0.10703116,-0.15209432,0.8059438467025757,0.05,4.5261188,1.5407449
8528,2.3124714,0.13950494,-0.08307697,0.85,0.013289115391671658,2.2000115,2.1269867
8529,2.3107843,0.10550726,-0.07886701,0.8450025320053101,0.03965403139591217,2.1745253,2.667389
8530,2.3454502,0.008569544,-0.121301614,0.7900637984275818,0.021091686561703682,2.6667123,2.6419232
8531,2.394229,0.01743173,-0.27629563,0.85,0.05030771717429161,3.3410318,1.9920545
8532,2.216562,0.091591,-0.060781166,0.85,0.04110872745513916,4.088685,2.7286732
8533,2.2410007,0.04779958,-0.08357438,0.85,0.05,3.870663,1.6735884
8534,2.3386617,0.098872796,-0.07948445,0.5217180252075195,0.07348036020994186,2.1573899,2.7456279
8535,2.2991242,0.10409113,-0.07850211,0.85,0.05,2.6260383,2.6547842
8536,2.3373384,0.0040897815,-0.035801373,0.85,0.05,2.6044874,2.1430807
8537,2.2555447,0.030095989,-0.05140411,0.8431670069694519,0.043522413820028305,3.9837267,2.5286624
8538,2.2697802,0.04808212,-0.026396003,0.5930700302124023,0.01287795975804329,2.8775938,2.2182548
8539,2.2454693,0.0545199,-0.124897465,0.85,0.043286874890327454,4.679712,2.129449
8540,2.3158014,0.06335605,-0.2892105,0.85,0.009622241370379925,4.176673,2.0655067
8541,2.257863,0.06282959,-0.12384115,0.85,0.0254357922822237,3.9954758,2.2850208
8542,2.2718608,0.09016676,-0.1336384,0.85,0.006965248379856348,3.5391977,2.453804
8543,2.238641,0.1115339,-0.11629641,0.85,0.05,4.1385865,2.1028461
8544,2.2160797,0.047929402,-0.059067704,0.8040433526039124,0.05,4.244497,1.7296828
8545,2.1948073,0.10497365,-0.060691167,0.8342543244361877,0.05,4.1603293,2.1807775
8546,2.2720528,0.09781638,-0.110156536,0.85,0.05,3.3948562,2.1490712
8547,2.2914495,0.024902588,-0.0771861,0.85,0.0351792648434639,3.3941798,2.3255453
8548,2.2709138,0.118433625,-0.2585048,0.85,0.05,4.7413807,1.7680129
8549,2.3379924,0.024135252,-0.05150923,0.85,0.03197721019387245,2.2703974,2.7510223
8550,2.3260837,0.07369458,-0.061753254,0.85,0.015415430068969727,2.1554189,2.8319683
8551,2.2118602,0.10590086,-0.07697802,0.8117142915725708,0.03749186173081398,3.61158,2.1050115
8552,2.2896404,0.10769218,-0.09248564,0.85,0.03964325040578842,2.5811532,2.6446733
8553,2.230755,0.13344242,-0.17187233,0.4319502115249634,0.008138060569763184,4.010042,1.9028665
8554,2.3127112,0.046881635,-0.1733127,0.85,0.05,2.9666655,2.3163521
8555,2.239043,0.10237301,-0.14667223,0.85,0.05,4.179744,1.9739743
8556,2.3128262,0.16384345,-0.45691237,0.85,0.028742700815200806,5.593809,1.6988436
8557,2.3418167,0.19204907,-0.27813852,0.85,0.02968352474272251,3.0026512,2.3399465
8558,2.2997525,0.10896746,-0.17495893,0.85,0.05,2.8235998,2.8591285
8559,2.389341,0.06588459,-0.034786407,0.4900924265384674,0.08883596211671829,2.1269765,2.7307591
8560,2.2210493,0.11690401,-0.05507997,0.85,0.05,3.3033898,2.1261272
8561,2.3047037,-0.026601601,-0.12393159,0.85,0.05,3.5377595,1.7161891
8562,2.2215397,0.028152594,-0.021584399,0.85,0.010485260747373104,3.8601656,2.2604334
8563,2.2450242,0.10060604,-0.119089715,0.85,0.013255062513053417,3.4122303,2.5679123
8564,2.2096589,0.1630736,-0.25081608,0.85,0.019789492711424828,5.3082294,1.5727533
8565,2.352459,0.09582855,-0.23469825,0.6616160869598389,0.05,2.5671473,2.0746367
8566,2.3083158,0.060763747,-0.12384938,0.85,0.007911455817520618,2.6806135,2.1597679
8567,2.3234675,0.061335247,-0.041645717,0.6052401065826416,0.03339521959424019,2.3760688,2.0881543
8568,2.349557,0.013049477,0.028680662,0.17701970040798187,0.06500586867332458,2.4749155,2.723855
8569,2.2565627,0.101996414,-0.16084446,0.835870623588562,0.05,3.9434545,2.1169949
8570,2.2788095,0.11757253,-0.24090485,0.85,0.009051525965332985,4.34092,2.189746
8571,2.293563,0.1156043,-0.114128895,0.85,0.017792945727705956,2.681386,2.7004626
8572,2.3024168,0.097017914,-0.10364569,0.8486013412475586,0.05,2.9778194,2.3791168
8573,2.204511,0.08469984,-0.13031301,0.85,0.029185732826590538,4.1235604,2.2294626
8574,2.2110457,0.06699945,-0.119566634,0.85,0.05,4.665253,1.8224678
8575,2.3029103,0.0803384,-0.05082176,0.8298006653785706,0.04296145588159561,2.4070106,2.2897673
8576,2.31788,0.06387238,-0.059291888,0.8410855531692505,0.05,2.6346877,2.3839521
8577,2.1502454,0.12727551,-0.058606245,0.85,0.02664433978497982,5.006193,1.6321888
8578,2.3753786,0.071023144,-0.1435036,0.7163145542144775,0.029605241492390633,2.4292803,2.409834
8579,2.1833532,0.083324775,-0.045616,0.85,0.05,4.8692446,1.8432413
8580,2.3379796,0.08780202,-0.09055042,0.8271230459213257,0.05276799201965332,1.9536629,2.7950313
8581,2.2194104,0.096375704,-0.120072745,0.7898770570755005,0.1004842147231102,4.7351604,2.5564625
8582,2.1793854,0.09554207,-0.13946606,0.85,0.05,5.4263287,1.552501
8583,2.2773232,0.110343084,-0.20994526,0.85,0.02076861448585987,4.0665097,2.003159
8584,2.3234782,0.038167424,-0.17904747,0.85,0.05,3.7186825,2.084415
8585,2.3004644,0.04481011,-0.13844231,0.85,0.05,3.3405428,2.3146994
8586,2.40415,0.094323464,-0.033282477,0.8369243144989014,0.05204959213733673,2.2204661,2.4075751
8587,2.3557746,0.027462196,-0.08892141,0.7887599468231201,0.04596008360385895,2.552397,2.7432365
8588,2.2829137,0.035722364,-0.032003373,0.85,0.027261706069111824,3.0051236,2.77007
8589,2.2826385,0.10803344,-0.086176515,0.6542183756828308,0.023948004469275475,2.939569,2.325663
8590,2.2668223,0.09022066,-0.17930384,0.85,0.024761732667684555,4.0227065,2.6102252
8591,2.2683828,0.078418516,-0.1686201,0.85,0.05,4.13473,2.6120594
8592,2.319694,0.06201375,-0.18334289,0.85,0.009861023165285587,3.7227437,2.387456
8593,2.2230763,0.0441406,-0.10826679,0.85,0.027321921661496162,4.614603,1.4215236
8594,2.280456,0.10321819,-0.11114587,0.85,0.05,2.9949253,2.536157
8595,2.1568878,0.13087465,0.00082917284,0.85,0.05,3.8665836,1.9485732
8596,2.3305311,0.09384896,-0.05318986,0.4440416097640991,0.014471090398728848,2.0236373,2.784972
8597,2.2656894,0.0067826523,0.019828055,0.85,0.05,3.1906648,2.2176137
8598,2.2880697,0.084770344,-0.016574105,0.49324747920036316,0.0512077659368515,2.6083207,2.208221
8599,2.4146597,0.016345423,-0.21798548,0.85,0.03932354599237442,2.560635,2.7051256
8600,2.1777506,0.11015275,-0.07576942,0.85,0.05,4.854258,1.7944944
8601,2.1500447,0.114745624,-0.12583533,0.85,0.027157064527273178,5.7478023,1.8448272
8602,2.2423284,0.13043484,-0.090373956,0.85,0.05,3.376722,2.6021898
8603,2.2401416,0.13413341,-0.048490405,0.6927558779716492,0.043980006128549576,3.06356,2.7647505
8604,2.3173041,0.01477848,-0.08492968,0.85,0.029749495908617973,3.1222968,2.298611
8605,2.3399029,0.07438235,-0.110956594,0.8256816864013672,0.05,2.5121963,2.3679523
8606,2.3406074,0.107764035,-0.14543256,0.85,0.05,2.2168796,2.507803
8607,2.3791673,0.0005011406,0.02566532,0.8194831609725952,0.051822055131196976,2.143849,2.716995
8608,2.1814892,0.018713748,-0.07352457,0.85,0.0348958782851696,5.146289,1.6046534
8609,2.302438,0.047401294,-0.13929774,0.85,0.037397727370262146,3.430729,2.2941816
8610,2.233946,0.13059114,-0.23052153,0.85,0.05,4.8072,1.672049
8611,2.310423,-0.0015567348,-0.075323276,0.85,0.013379031792283058,3.265631,1.769568
8612,2.388719,0.010183194,-0.1457388,0.7123185396194458,0.05,2.4168959,2.1952884
8613,2.2370934,0.061391808,-0.09247616,0.85,0.05,4.4562187,2.1907964
8614,2.2520502,0.027685316,-0.06530262,0.6571256518363953,0.046745628118515015,3.885179,1.6232107
8615,2.3024318,0.032244224,-0.010737297,0.85,0.04136357828974724,2.562498,2.689672
8616,2.2252812,0.20315166,-0.18989235,0.85,0.05,4.230995,2.4356587
8617,2.2926295,0.11689662,-0.23290484,0.85,0.02621941827237606,3.6835794,2.4630916
8618,2.2582564,0.09586409,-0.015417307,0.85,0.016367420554161072,2.9234474,2.268884
8619,2.3365428,0.010337292,-0.13282298,0.85,0.020001688972115517,2.7104592,2.5779145
8620,2.2618368,0.0023670427,-0.06651258,0.85,0.006710603833198547,3.3826854,2.4318676
8621,2.1879323,0.074012436,-0.060872827,0.85,0.05,4.570675,1.6635653
8622,2.2569916,0.052075747,-0.15581125,0.85,0.009546362794935703,4.3558917,1.9523093
8623,2.212002,0.11168458,-0.108236,0.85,0.030186902731657028,4.363836,2.1851912
8624,2.3188462,0.122291535,-0.18496259,0.85,0.04416437819600105,2.799366,2.8511174
8625,2.2926874,0.09942322,-0.13024402,0.85,0.02735615335404873,3.1847842,2.0622075
8626,2.303837,0.11901075,-0.20407915,0.5938197374343872,0.0497795008122921,3.2631404,2.8134062
8627,2.23469,0.09785318,0.042146236,0.8346534967422485,0.05859399959445,2.8819876,2.3145707
8628,2.2269008,0.1207935,-0.12380431,0.85,0.05,4.4104176,2.4791152
8629,2.123671,0.12031486,-0.0071035437,0.85,0.05,4.9323635,1.4375952
8630,2.2441158,0.11131994,-0.14806286,0.7553107142448425,0.08011214435100555,4.0098605,2.7219744
8631,2.3484154,0.021728888,-0.15273935,0.7237765789031982,0.030040493234992027,2.4180691,2.8809702
8632,2.3937984,0.06571319,-0.20070305,0.85,0.05,2.3870027,2.546583
8633,2.2290807,0.09726972,-0.12166724,0.8419093489646912,0.03596846014261246,4.372491,2.5035954
8634,2.2813857,0.057500757,-0.0651808,0.85,0.05,3.4818914,2.0982752
8635,2.3468342,0.08502081,0.0050358023,0.822672963142395,0.03525053337216377,2.0310967,2.839723
8636,2.2260413,0.046217743,-0.053520516,0.8208993077278137,0.05,4.347225,2.0689352
8637,2.3688278,0.05763515,-0.22185381,0.85,0.01181595865637064,3.0594518,2.39863
8638,2.3021107,0.19057567,-0.31209388,0.85,0.04158130660653114,4.257003,2.6334295
8639,2.2783406,0.071795255,-0.16060615,0.85,0.05,4.109284,2.154142
8640,2.2639039,0.071766384,-0.12213232,0.8327455520629883,0.03754444792866707,3.8440866,1.968675
8641,2.2700617,0.13139744,-0.19947478,0.85,0.029467271640896797,4.1110725,2.4899457
8642,2.324618,0.061306354,-0.09058993,0.85,0.05,2.6311295,2.6264908
8643,2.2625349,0.091720596,-0.090896994,0.85,0.013023818843066692,3.7134192,2.4078026
8644,2.2672143,0.010690156,-0.18467095,0.85,0.05,4.7074428,1.8447855
8645,2.321724,0.03408109,-0.0551152,0.8062744140625,0.026737404987215996,2.6578143,2.3207955
8646,2.2397335,0.08823696,-0.04822286,0.8048117756843567,0.05056825280189514,3.1715603,2.399753
8647,2.2436454,0.083280295,-0.05952235,0.85,0.006982714869081974,3.816818,2.424408
8648,2.3285272,0.07856643,-0.15046415,0.85,0.03831275552511215,3.0796962,2.5328333
8649,2.2907417,0.0068502342,0.0005298126,0.85,0.05,2.8559554,2.2964158
8650,2.4057794,-0.00735578,-0.18032236,0.8367109298706055,0.05,2.256527,2.5301511
8651,2.2218955,0.06563003,-0.05306176,0.8236686587333679,0.036125943064689636,4.480157,2.2131174
8652,2.0702035,0.16542691,-0.070136145,0.8338784575462341,0.042601875960826874,6.3672423,1.4253548
8653,2.2929928,0.12050054,-0.12405185,0.8074632287025452,0.053334690630435944,2.934224,2.7960274
8654,2.2232974,0.04379903,-0.06354523,0.7868731021881104,0.05,4.2019706,2.0576167
8655,2.348368,0.10703061,-0.1332202,0.14594008028507233,0.05,2.165818,2.6480505
8656,2.3562632,0.07168309,-0.20628944,0.7221440672874451,0.03364889696240425,2.803288,2.72182
8657,2.4522085,-0.005043963,-0.0069243927,0.654462993144989,0.045290615409612656,2.0512257,2.549519
8658,2.2453609,0.071816295,-0.08930804,0.85,0.05,4.0471544,2.0871418
8659,2.274232,0.08146968,-0.059534065,0.8079873919487,0.05238470435142517,2.9092362,2.4663997
8660,2.2740307,0.095104165,-0.1821014,0.8281420469284058,0.03847368806600571,4.494539,2.1665566
8661,2.3223221,0.033113584,-0.026409827,0.8263405561447144,0.05,2.1831698,2.6722333
8662,2.2740674,0.07436704,-0.118737414,0.85,0.05,3.4031801,2.5667336
8663,2.3195136,0.06409502,-0.23474798,0.37698715925216675,0.05315736308693886,3.7104616,2.6624115
8664,2.2336254,0.05866014,-0.12970729,0.85,0.016977980732917786,3.7299445,2.1585712
8665,2.3892558,0.020725064,-0.23453502,0.8150655627250671,0.020604902878403664,2.8300612,2.1400793
8666,2.2302635,0.12380669,-0.056152087,0.85,0.05,3.2512696,2.6751285
8667,2.3496952,0.09325174,-0.123630755,0.7363666892051697,0.05,2.4254024,2.6652598
8668,2.3350592,0.108547345,-0.20155482,0.85,0.027961164712905884,2.993377,2.4446137
8669,2.2602336,0.037850317,-0.083090104,0.8171910047531128,0.033670708537101746,3.5703666,1.6744153
8670,2.3513775,0.0008167275,-0.07781075,0.85,0.05,2.6654584,2.3498738
8671,2.2247992,0.1534485,-0.1464488,0.8199124336242676,0.059942323714494705,4.3431325,2.1485887
8672,2.2534492,0.030690935,-0.23517913,0.85,0.05,4.8060246,1.3995746
8673,2.2663336,0.0425235,-0.07136829,0.8321661949157715,0.03695005923509598,3.5536873,2.0318644
8674,2.2590644,0.06922956,0.078671254,0.1716187447309494,0.04770364612340927,2.4520082,2.3009238
8675,2.3208761,0.08540892,-0.19849837,0.85,0.05,3.3161366,2.0280032
8676,2.4005487,0.0666002,-0.23583958,0.6124143600463867,0.05,2.278349,1.9648811
8677,2.254006,0.10652739,-0.09586039,0.85,0.05,3.361974,2.1262896
8678,2.2658126,0.12219865,-0.14601919,0.8331755995750427,0.02831660583615303,3.9132445,2.3585668
8679,2.1862087,0.08237263,-0.11846491,0.6917645931243896,0.011917321011424065,5.1778746,1.6414101
8680,2.1579072,0.13362516,-0.11217607,0.85,0.0470266230404377,5.3683386,2.0120263
8681,2.387988,0.029191863,-0.13292821,0.8020545840263367,0.03548099100589752,2.081559,2.4234931
8682,2.2809029,0.11018772,-0.08627685,0.85,0.0336451530456543,2.8974867,2.572779
8683,2.2791038,0.075357065,-0.072219156,0.85,0.05,2.8996985,2.823321
8684,2.2272136,0.1256715,-0.08570745,0.85,0.02648690529167652,3.9343743,2.66064
8685,2.3479016,0.03716311,-0.0761422,0.739538848400116,0.06837987899780273,2.4700713,2.2425668
8686,2.219468,0.14065571,-0.048541658,0.85,0.033764928579330444,3.5056105,2.6134334
8687,2.2410564,0.13469627,-0.1222633,0.8205921053886414,0.06883318722248077,3.9701867,2.6627603
8688,2.1819918,0.06214688,-0.059038024,0.85,0.05,4.774006,1.6838771
8689,2.3007035,0.12025569,-0.15266164,0.8342248201370239,0.06084784120321274,2.6943023,2.7435083
8690,2.3476462,0.117139935,-0.28283325,0.85,0.05,3.2791853,2.7991498
8691,2.2221959,0.070847236,0.03609181,0.85,0.05,3.279884,2.1953838
8692,2.2599907,0.0116275335,-0.10274478,0.85,0.04583246260881424,3.742332,2.5673206
8693,2.1906798,0.16140962,-0.12823248,0.85,0.05,4.765788,1.7944267
8694,2.439938,0.050143767,-0.08316763,0.10567014664411545,0.09133952856063843,2.2182484,2.8829267
8695,2.1538088,0.18140744,-0.11188772,0.85,0.05,5.029343,1.9469659
8696,2.2727356,0.08487009,-0.06010183,0.826977014541626,0.04242832958698273,2.9420779,2.0359926
8697,2.2148297,0.13471259,-0.058983225,0.8283900618553162,0.02513870596885681,3.3650017,1.7208172
8698,2.2989593,0.086666554,-0.09929855,0.7184081077575684,0.051931578665971756,2.781882,2.7292542
8699,2.2607267,0.02531109,-0.16689977,0.6095506548881531,0.030843067914247513,4.218509,1.6101348
8700,2.24423,0.18170664,-0.1985888,0.85,0.05,4.302859,1.8904017
8701,2.2695582,0.07785892,-0.1529711,0.85,0.007513084914535284,4.129825,2.6112082
8702,2.3145487,0.09659746,-0.10615965,0.7828264832496643,0.05,2.2676098,2.8784623
8703,2.2229948,0.06785249,-0.046620503,0.847952127456665,0.05,3.3058584,2.2765381
8704,2.253623,0.032972395,-0.024128197,0.6649655103683472,0.05,3.19342,2.145733
8705,2.276625,0.09853055,-0.30727974,0.85,0.05,4.9964705,1.8073962
8706,2.2833014,0.04311488,-0.13379262,0.85,0.05,3.7404704,1.9651482
8707,2.282683,0.09631182,-0.16214818,0.85,0.05,3.6946042,2.2097867
8708,2.2251754,0.14088309,-0.051015105,0.85,0.024450944736599922,3.3820355,2.229143
8709,2.2883446,0.11246595,-0.13423717,0.8466903567314148,0.04567847028374672,3.1569643,2.6741526
8710,2.2915914,0.026876556,-0.18357544,0.85,0.04857315868139267,4.261882,2.7461298
8711,2.3279164,0.100609265,-0.14944164,0.6766113638877869,0.04272281005978584,2.6029835,2.698754
8712,2.1587377,0.14574485,-0.01458128,0.85,0.05,4.435849,2.1748443
8713,2.2803926,0.037514754,0.018439809,0.7993355989456177,0.03667711094021797,2.5351396,2.291538
8714,2.2767844,0.121235564,-0.29483673,0.85,0.05,4.7912917,1.9540596
8715,2.2952068,0.015628098,-0.057874672,0.7431105375289917,0.020201994106173515,3.1222322,2.0968275
8716,2.1907616,0.15028457,-0.083828434,0.8496642708778381,0.03794826567173004,4.1225514,2.608
8717,2.2691054,0.07933691,-0.30155396,0.85,0.011989735066890717,5.2321854,1.649306
8718,2.3013384,0.1605189,-0.25063103,0.85,0.05,3.2755046,2.54729
8719,2.273258,0.05980291,-0.028721357,0.85,0.013766986317932606,2.5696685,2.7354612
8720,2.3079996,0.109730184,-0.09780651,0.3948288559913635,0.0648215115070343,2.2924352,2.8612256
8721,2.200586,0.091657504,-0.0031577935,0.85,0.0333893708884716,4.365817,2.2839825
8722,2.322266,0.059813518,-0.0710636,0.85,0.015888260677456856,2.290743,2.6110263
8723,2.279434,0.08484937,-0.23468886,0.85,0.0027045374736189842,4.109559,2.001502
8724,2.2028074,0.10776286,-0.05121761,0.85,0.05,4.609291,1.8408135
8725,2.358976,0.0033131547,-0.15846786,0.8331347107887268,0.05,2.7156758,2.0961003
8726,2.3758676,0.15225813,-0.25991097,0.610275149345398,0.07338687032461166,2.4703894,2.893563
8727,2.3455198,0.091150835,-0.14722067,0.7654911279678345,0.06036064401268959,2.5155754,2.53967
8728,2.4553654,0.055326935,-0.14306757,0.3737790584564209,0.05409376323223114,2.2833002,2.731127
8729,2.3721414,0.031756744,-0.1586698,0.5385581851005554,0.06160595640540123,2.5031474,2.7297866
8730,2.267145,0.09304961,-0.12709045,0.8465225100517273,0.05088897794485092,3.8455613,2.5603504
8731,2.2174468,0.11329097,-0.13371639,0.85,0.05,4.8085523,1.536397
8732,2.2257128,0.10647256,-0.02552992,0.85,0.026235153898596764,3.1030865,2.4588127
8733,2.2449448,0.06258969,-0.057826433,0.8197100162506104,0.054192692041397095,4.412048,2.0814824
8734,2.3019774,0.07131941,-0.11136348,0.85,0.031869977712631226,2.9142845,2.7887683
8735,2.2880454,0.073626556,-0.02477035,0.85,0.02010282315313816,2.591505,2.3247697
8736,2.2785585,0.081979394,-0.11644522,0.806901752948761,0.05,3.500889,2.4493341
8737,2.3152704,0.018941507,-0.13430275,0.8487188816070557,0.04417210817337036,3.4021769,2.8441572
8738,2.2925782,0.04549792,-0.14775166,0.85,0.004403790924698114,3.383218,2.1701
8739,2.315557,0.06748529,-0.22461085,0.45156675577163696,0.06307372450828552,3.8857462,2.8972278
8740,2.302311,0.05103481,-0.117943764,0.8433424830436707,0.027092810720205307,3.1456842,2.32525
8741,2.3480248,0.104645565,-0.11911122,0.7308733463287354,0.032031286507844925,2.3373847,2.455757
8742,2.2646,0.14365353,-0.13087064,0.8020978569984436,0.026789361611008644,3.6934094,2.2909467
8743,2.2923806,0.038318396,-0.15173648,0.8372408747673035,0.05,3.4429781,2.4386606
8744,2.1914856,0.06969505,-0.102119766,0.85,0.05,5.069859,1.7918758
8745,2.2856166,0.05246752,-0.0738235,0.85,0.0444016195833683,3.2890038,2.134111
8746,2.197886,0.06543102,-0.058980606,0.85,0.02901708148419857,4.6529036,2.1393695
8747,2.2484312,0.0804912,-0.1257142,0.6438993811607361,0.018491122871637344,3.8270104,2.0556962
8748,2.2266374,0.20013782,-0.17996365,0.8490554094314575,0.05,4.653056,2.597849
8749,2.2648926,0.07567066,-0.12015093,0.85,0.02330647222697735,3.1665673,2.601034
8750,2.297066,0.042774748,-0.09399067,0.85,0.05,2.9599593,2.1422303
8751,2.320336,0.08255425,-0.11900173,0.7625376582145691,0.05,2.6244633,2.7032282
8752,2.3394022,0.12647915,-0.33329216,0.85,0.05,4.4694514,2.3947964
8753,2.2276309,0.069214255,-0.0786611,0.85,0.05,3.96627,2.2980912
8754,2.2611914,0.06203517,-0.12831669,0.85,0.02134540118277073,4.3678784,2.1991363
8755,2.3660524,0.029023059,-0.047929846,0.8336150050163269,0.03589199483394623,2.1226435,2.7458122
8756,2.3056912,-0.026683068,-0.016035557,0.85,0.02936416119337082,3.1255176,2.7321565
8757,2.2687292,0.10657061,-0.16681248,0.85,0.010455804876983166,3.832281,1.9028565
8758,2.2129188,0.041796353,-0.077889144,0.85,0.05,4.733825,2.0828745
8759,2.2994683,0.078780025,-0.07684688,0.6875602602958679,0.028443315997719765,2.5955,2.740471
8760,2.3145502,0.07984647,-0.17050572,0.821750819683075,0.04662356153130531,2.9515486,2.7953796
8761,2.2644572,0.050258584,-0.08309053,0.6424062252044678,0.05,3.326075,2.163139
8762,2.2631056,0.113745145,-0.14317156,0.5358185172080994,0.030571894720196724,3.1720932,1.7624116
8763,2.2738447,0.13331483,-0.13635083,0.85,0.022518450394272804,3.0634384,2.7650719
8764,2.2328382,0.12722467,-0.048152063,0.6938725709915161,0.0359497033059597,3.4673433,2.2779486
8765,2.223273,0.21093628,-0.28005904,0.85,0.05,5.513853,1.7381021
8766,2.268952,0.10671407,-0.058203496,0.85,0.02175540290772915,2.7773864,2.1954067
8767,2.3445108,0.041715544,-0.07313847,0.7995545268058777,0.03043585643172264,2.6843314,2.6534142
8768,2.157473,0.11482915,-0.030752076,0.85,0.05,4.468786,1.6781191
8769,2.2524405,0.04989646,-0.12635115,0.85,0.05,4.226417,2.0305037
8770,2.2996874,0.010033055,-0.058742736,0.8290558457374573,0.05,3.3974056,1.9620274
8771,2.2986946,0.08708228,-0.09648401,0.85,0.037059009075164795,2.884322,2.9070427
8772,2.3567634,0.057333667,-0.23406309,0.6930958032608032,0.030478399246931076,2.7793703,2.6289542
8773,2.3286989,0.08035375,-0.2336368,0.85,0.05,3.9216018,2.2798975
8774,2.2656064,0.11375435,-0.28557473,0.85,0.014438527636229992,5.3463883,1.5875866
8775,2.2968636,0.10034935,-0.23934357,0.85,0.05,3.6507113,2.0356443
8776,2.2632396,0.09922866,-0.010815129,0.85,0.01915956474840641,2.8167408,2.3375711
8777,2.3093486,0.089696355,-0.13117222,0.85,0.05,3.0029056,2.6978624
8778,2.2067063,0.16042025,-0.15240782,0.85,0.05,4.803642,2.2443569
8779,2.3458185,0.03216468,-0.24260108,0.85,0.03386005014181137,3.9544206,2.406216
8780,2.163396,0.16021536,-0.100190766,0.85,0.006348290015012026,4.4733405,2.1258
8781,2.345626,0.031506572,-0.026946178,0.5248463749885559,0.048227064311504364,2.287981,2.556705
8782,2.3021414,0.08472458,-0.05032552,0.8378055095672607,0.04300732538104057,2.577482,2.0029798
8783,2.3126056,-0.01485285,-0.17689724,0.85,0.05,4.2468095,1.8071532
8784,2.25875,0.08265948,-0.094610445,0.8176981806755066,0.059753142297267914,3.499767,2.5065656
8785,2.199227,0.067720965,0.0036166918,0.85,0.05,3.854038,2.3103454
8786,2.2699282,0.051664267,-0.055566974,0.85,0.0292244590818882,3.3659902,2.2085464
8787,2.2749565,0.0816916,-0.19753206,0.85,0.020456846803426743,4.1382456,2.1100397
8788,2.3035555,0.12962148,-0.2289123,0.85,0.05,3.7280324,2.5430875
8789,2.2240078,0.04703678,-0.009193701,0.85,0.05,3.7468483,2.4788365
8790,2.378294,-0.003311639,-0.09016174,0.753063440322876,0.09976943582296371,2.477201,2.6847267
8791,2.3655016,0.12290038,-0.21131401,0.85,0.028514685109257698,2.4440093,2.590016
8792,2.303642,0.08140659,-0.06710107,0.8351081013679504,0.02156078815460205,2.6871943,2.155709
8793,2.2881124,0.088064514,-0.10049408,0.85,0.05,2.9651172,2.593961
8794,2.269212,0.09002222,-0.0975668,0.7100144028663635,0.05,3.2694378,2.257225
8795,2.2288425,0.13591348,-0.054950096,0.8385910987854004,0.026685915887355804,2.9288428,2.2333374
8796,2.1957772,0.10517464,-0.015514839,0.85,0.05,3.649495,2.0929763
8797,2.3379402,-0.027584335,-0.071458966,0.7135080099105835,0.032283276319503784,2.3597188,2.460615
8798,2.2227135,0.11140683,-0.07997616,0.618595540523529,0.04854210466146469,3.23496,2.297645
8799,2.2532508,0.09827281,-0.1287204,0.847641110420227,0.017888424918055534,4.321662,1.8517134
8800,2.2452729,0.0666424,-0.1368966,0.7293067574501038,0.04606005549430847,4.142012,2.1395645
8801,2.420042,0.03579298,-0.14660712,0.816124439239502,0.06442180275917053,2.394036,2.8350954
8802,2.2316558,0.1133838,-0.093150355,0.85,0.0215457770973444,4.07422,2.192742
8803,2.3595285,0.08744554,-0.16848202,0.6177682876586914,0.027627089992165565,2.142254,2.6162772
8804,2.3567014,0.03475203,-0.13158008,0.30776140093803406,0.06632280349731445,2.6459103,2.433418
8805,2.366737,0.027668716,-0.24390915,0.85,0.05,3.1698172,2.160217
8806,2.188773,0.13942215,-0.17247067,0.85,0.05,5.08269,2.5909908
8807,2.3052583,0.12764412,-0.16722403,0.85,0.03405040502548218,2.898441,2.6336646
8808,2.3541424,0.11436576,-0.28205684,0.774657130241394,0.0597357451915741,2.9157064,2.4269373
8809,2.2391698,0.08253431,-0.064380854,0.85,0.05,3.9298885,2.2783563
8810,2.3600233,-0.059291072,-0.083851725,0.6988590359687805,0.03174259513616562,3.1642463,2.2516472
8811,2.1885505,0.058411192,-0.08265531,0.85,0.028073959052562714,4.805141,2.1765401
8812,2.31197,0.09602356,-0.06767168,0.6507567167282104,0.030036427080631256,2.4619303,2.3993204
8813,2.243089,0.074924685,-0.14063524,0.85,0.03537394478917122,4.4708266,2.6622071
8814,2.4436052,-0.003972191,-0.11962169,0.85,0.036532480269670486,2.3181124,2.1474166
8815,2.3628147,-0.010654346,-0.048419755,0.15510500967502594,0.057574693113565445,2.2488954,2.6425474
8816,2.383652,0.07198078,-0.16349427,0.7170339226722717,0.05763847380876541,2.0486915,2.3897192
8817,2.3540325,0.103816055,-0.14695106,0.821574330329895,0.06938688457012177,2.2557766,2.7116828
8818,2.2536874,0.1120176,-0.06947576,0.8425236344337463,0.05,3.1758351,2.5553358
8819,2.3157165,0.082450256,-0.09799534,0.8189742565155029,0.030382677912712097,2.39597,2.7524004
8820,2.1962233,0.14444754,-0.024450533,0.811765730381012,0.05122816935181618,3.4512239,2.160131
8821,2.2188041,0.09697183,-0.07621638,0.85,0.0014913302147760987,4.492424,1.8460132
8822,2.2358727,0.10323737,-0.23089875,0.85,0.02568070963025093,4.922486,1.8859639
8823,2.261554,0.036007058,-0.080448,0.85,0.05,3.7801032,1.9070919
8824,2.3115842,0.049421247,-0.2202213,0.8164008259773254,0.05,4.402427,2.0355215
8825,2.293909,0.06123563,-0.067907095,0.85,0.01640070043504238,2.9146788,2.208404
8826,2.2337747,0.10106388,-0.1383191,0.6232800483703613,0.09429682046175003,3.974316,2.901403
8827,2.3427794,-0.0071526696,-0.05318769,0.7938407063484192,0.031296294182538986,2.4169245,2.2629988
8828,2.3129153,0.015288625,-0.08335416,0.814079999923706,0.04292577877640724,3.0700963,1.9878976
8829,2.2826173,0.025632622,-0.040023565,0.85,0.05,2.8926256,2.5922382
8830,2.3245406,0.08548837,-0.0107019665,0.7898827195167542,0.03066447377204895,2.0893788,2.199226
8831,2.1873815,0.14596935,-0.041938417,0.828517735004425,0.029815511777997017,3.7082975,2.2004046
8832,2.3002985,-0.0114779705,0.0024060719,0.7792811393737793,0.034519657492637634,3.163906,2.8952317
8833,2.230571,0.084378846,-0.0024377732,0.85,0.05,3.122362,2.701746
8834,2.2199354,0.14634015,-0.3482488,0.85,0.03173638880252838,6.103603,1.553646
8835,2.27713,0.06129942,-0.19859946,0.85,0.05,4.2651243,1.8626692
8836,2.1884074,0.05553035,-0.0041498975,0.85,0.019562307745218277,4.4387836,2.039127
8837,2.1538284,0.12151229,-0.04332633,0.816057562828064,0.03608041629195213,4.3653684,1.8089182
8838,2.2698643,0.09696154,-0.087308444,0.40799233317375183,0.05,2.9499714,2.284317
8839,2.12828,0.13920671,-0.087182,0.85,0.015549098141491413,5.5663185,1.5423472
8840,2.2925313,0.031564526,-0.26937065,0.85,0.05,5.195119,1.6417316
8841,2.3386133,0.010271596,-0.061225027,0.85,0.05,2.4359307,2.7009645
8842,2.2552547,0.101602376,-0.11399019,0.85,0.037239041179418564,3.9748995,2.6193879
8843,2.343152,0.034491956,-0.008664983,0.8400551080703735,0.04235132038593292,2.0714493,2.7747025
8844,2.3275874,0.04524502,-0.10278325,0.7393248677253723,0.07124505937099457,2.7257128,2.4362185
8845,2.1963189,0.10024131,-0.16581805,0.85,0.03874022141098976,4.7827225,1.5965314
8846,2.2825453,0.06642899,-0.11580551,0.8286771774291992,0.06117449328303337,3.46908,2.7339728
8847,2.4057405,0.029115539,-0.07623896,0.85,0.03851187229156494,2.2403069,2.5279431
8848,2.2142806,0.12838694,-0.13194662,0.5768449306488037,0.018908405676484108,4.140104,2.2857528
8849,2.3284671,0.059530526,-0.065135576,0.7934273481369019,0.03953700512647629,2.4081912,2.5900395
8850,2.2609024,0.062013116,-0.06250792,0.85,0.05,3.3373969,2.3368173
8851,2.2998064,0.06745175,-0.089433424,0.85,0.020640509203076363,2.9646745,2.2936635
8852,2.2672234,0.063536815,-0.043637685,0.8165056109428406,0.011569947004318237,2.6969028,2.2828336
8853,2.2523408,0.08788759,-0.061169777,0.8392931818962097,0.04598971828818321,3.4084272,2.582326
8854,2.2085717,0.16455328,-0.17541952,0.85,0.05,4.7982388,2.194726
8855,2.241284,0.1136001,-0.18287082,0.5257971882820129,0.05,4.713019,1.9043663
8856,2.34436,0.050291143,-0.026258696,0.7247658371925354,0.05,2.1296148,2.7160318
8857,2.302772,0.034954984,-0.11689511,0.8371959328651428,0.03688037768006325,3.099991,2.2721593
8858,2.3119893,0.011771172,-0.06816575,0.6777074337005615,0.05,3.1264372,2.7357686
8859,2.2516198,0.092871234,-0.044895727,0.81971275806427,0.05,3.623146,2.5450506
8860,2.3588836,0.00944872,-0.14116114,0.85,0.05,2.6131449,2.4759758
8861,2.2715325,0.01703109,-0.050079204,0.85,0.05,2.9024994,2.2879336
8862,2.367369,0.033182822,-0.09666684,0.1613147258758545,0.06198630854487419,2.2891269,2.2412999
8863,2.1823156,0.19048107,-0.20614305,0.8388363122940063,0.04146610200405121,4.9715695,1.7364726
8864,2.0699973,0.15405515,-0.11800478,0.814667820930481,0.043268393725156784,7.051226,1.2772061
8865,2.18489,0.100203514,-0.09928406,0.8109115958213806,0.05053580924868584,4.802741,1.7882923
8866,2.2563097,0.07077885,-0.069737844,0.8183901309967041,0.04847040772438049,3.372201,2.3474905
8867,2.3100014,0.10762811,-0.19786096,0.85,0.05,3.2478004,2.6127243
8868,2.3508544,0.019074185,-0.07881263,0.85,0.05,2.1862664,2.6195805
8869,2.2762885,0.11536248,-0.051882636,0.85,0.05,2.4182653,2.5846677
8870,2.2035933,0.12184663,-0.17016557,0.85,0.009869598783552647,4.900112,1.3858865
8871,2.3377538,0.09899114,-0.15184204,0.85,0.017581773921847343,2.4076097,2.3049095
8872,2.341514,0.1213973,-0.20522895,0.833097517490387,0.04588540643453598,2.8485336,2.5018272
8873,2.2125244,0.08853485,-0.045548588,0.85,0.05,4.4094696,2.000965
8874,2.4500914,0.064815044,-0.11629148,0.5037130117416382,0.053526002913713455,2.1496036,2.347581
8875,2.319451,0.008492141,-0.11479982,0.7439786791801453,0.03929976373910904,3.3907402,2.2632017
8876,2.3451936,0.08011149,-0.16766052,0.8288333415985107,0.018819011747837067,2.530766,2.755574
8877,2.2410219,0.13103768,-0.12023503,0.7140704393386841,0.03996876999735832,3.6778975,2.2836497
8878,2.3004718,-0.0071159713,-0.098870814,0.85,0.05,3.2505078,2.1439457
8879,2.2785826,0.07311499,-0.22600788,0.839037299156189,0.007604490499943495,4.4653144,1.9424394
8880,2.2981405,0.059073545,-0.068892084,0.8414503931999207,0.010318255983293056,2.670389,2.577466
8881,2.262817,0.11565146,-0.10204119,0.85,0.012742623686790466,3.232373,2.559003
8882,2.2098706,0.12866701,-0.1425387,0.85,0.05,4.6958346,2.2494884
8883,2.2566698,0.06644783,-0.11680214,0.85,0.05,3.5351825,2.345815
8884,2.280703,0.07018536,-0.13759035,0.7855377793312073,0.021650496870279312,3.945318,1.8550909
8885,2.2827795,0.113035545,-0.107552856,0.7782000303268433,0.022495543584227562,2.5954595,2.6929066
8886,2.254931,0.02860028,-0.0058960463,0.8093900084495544,0.008012818172574043,3.1618683,2.6639998
8887,2.3380308,0.049750175,-0.082206324,0.85,0.05,2.6037962,2.2878478
8888,2.3008637,0.037357774,-0.11742231,0.85,0.015768975019454956,3.4910548,2.237749
8889,2.3432689,0.058047947,-0.088784784,0.6315175294876099,0.047800127416849136,2.4581897,2.5526528
8890,2.320554,0.072128974,-0.12404936,0.85,0.05,2.6709511,2.6495924
8891,2.2684643,0.12811522,-0.09148574,0.8415515422821045,0.030631881207227707,2.5694258,2.8346388
8892,2.183281,0.075284205,-0.07177386,0.8172538876533508,0.04691094160079956,4.626134,1.8409505
8893,2.2175367,0.09772694,-0.14483021,0.85,0.05,4.768751,1.7336619
8894,2.3142602,0.06212322,-0.22451907,0.85,0.03842940554022789,3.4816284,2.2318165
8895,2.1894991,0.058653854,0.053868365,0.6952177882194519,0.032221224159002304,3.7679758,2.0958428
8896,2.33611,0.09879036,-0.19473687,0.8227524161338806,0.05814620107412338,3.0229716,2.3379328
8897,2.3109622,0.04014718,-0.12137667,0.8322732448577881,0.02979899011552334,2.9467652,2.6116107
8898,2.2186544,0.11725067,-0.097143956,0.85,0.05,4.458254,2.2107913
8899,2.1748755,0.13486408,-0.16432409,0.85,0.05,5.071429,1.7717308
8900,2.3266253,0.09403161,-0.18913655,0.85,0.05,2.7885628,2.6465175
8901,2.2344847,0.08693306,-0.03647022,0.85,0.019478820264339447,3.5013552,2.228894
8902,2.292309,0.041468758,-0.14729342,0.85,0.05,3.4578676,1.9235483
8903,2.262751,0.0641387,-0.11534617,0.85,0.05,4.4311333,2.3258107
8904,2.313716,0.029146643,-0.14272335,0.85,0.0423097163438797,3.135529,2.8670018
8905,2.2707968,0.11981388,-0.124416366,0.85,0.05,2.7848818,2.4915967
8906,2.2243147,0.07205352,-0.19029152,0.85,0.05,4.1025543,1.4870179
8907,2.3030782,0.06829124,-0.1600981,0.85,0.04091230034828186,3.4197185,2.1975503
8908,2.243935,0.077976055,-0.064735614,0.85,0.01794108748435974,3.613956,2.4014735
8909,2.2152839,0.100668855,-0.010067898,0.8253728747367859,0.03208375722169876,3.4904692,1.8756485
8910,2.2574816,0.09440507,-0.023954459,0.85,0.025110000744462013,2.9986162,2.386148
8911,2.2540154,0.18753716,-0.1872442,0.85,0.05,4.03556,2.196022
8912,2.284286,0.13156083,-0.08408277,0.85,0.05,2.5451448,2.6295493
8913,2.237817,0.12676968,-0.035237625,0.85,0.02653397247195244,2.946659,2.2226105
8914,2.2617576,-0.0072563617,-0.1340908,0.8377299904823303,0.043147459626197815,4.53267,2.5227113
8915,2.291785,0.075331815,-0.28938323,0.85,0.05,4.4954643,1.565801
8916,2.257226,0.026956588,-0.052819528,0.6756574511528015,0.046475671231746674,3.3113227,2.030165
8917,2.2524593,0.08879643,-0.08644875,0.8111854791641235,0.05,3.3355584,2.5712852
8918,2.2693777,0.06870259,-0.0100268405,0.85,0.03744114935398102,2.7062078,2.5588882
8919,2.2682784,0.051609166,-0.120838225,0.85,0.05,3.608307,2.8641944
8920,2.3135028,0.004429383,-0.10951257,0.85,0.05,3.244136,1.9294968
8921,2.3565185,0.045470595,-0.22816645,0.8246747851371765,0.040554240345954895,3.488773,2.4894118
8922,2.2365203,0.10814154,-0.12009912,0.8180412650108337,0.03813764452934265,3.9418054,1.8366758
8923,2.2967875,-0.0127866445,-0.075248934,0.85,0.05,3.2688854,2.6121352
8924,2.3581192,0.05496351,-0.16955501,0.85,0.009989186190068722,2.8579562,2.180887
8925,2.3160052,0.029760968,0.0036629871,0.8206049203872681,0.04120572283864021,2.29125,2.870429
8926,2.2700129,0.049116846,-0.06889062,0.85,0.05,3.3914003,2.3956842
8927,2.3307614,-0.007193145,-0.047826283,0.5687968730926514,0.09395883232355118,2.792346,2.87305
8928,2.3689463,-0.06832351,-0.10602224,0.8312157392501831,0.05,2.756753,2.1456
8929,2.2267897,0.13715817,-0.23146762,0.85,0.05,5.2039127,1.5422419
8930,2.224888,0.06911074,-0.12489781,0.7968555092811584,0.05,4.3947687,1.9560809
8931,2.2722065,-0.0072603547,-0.009896653,0.821236252784729,0.052830226719379425,3.7339628,2.1600127
8932,2.2132466,0.107478276,-0.060928162,0.85,0.05,3.9447732,2.1592758
8933,2.2533255,0.047637206,-0.08509477,0.7163920998573303,0.029518861323595047,3.9968686,2.3071582
8934,2.2859495,0.06878986,-0.17903951,0.85,0.010442117229104042,4.0594873,2.1263518
8935,2.2787123,0.08512371,-0.20304474,0.85,0.05,4.4735985,2.2080324
8936,2.375511,0.12060743,-0.22487992,0.7136552929878235,0.05,2.2889082,2.7702398
8937,2.1796222,0.13471025,-0.1266348,0.85,0.025540348142385483,5.0208063,2.0410385
8938,2.239505,0.10737755,-0.08711459,0.85,0.020738299936056137,3.422782,2.2624238
8939,2.2396564,0.10913667,-0.12857695,0.7245762348175049,0.03202342614531517,3.8292255,1.9023435
8940,2.2649512,0.12517047,-0.11209954,0.85,0.05,3.6454453,2.347098
8941,2.3171177,0.040646844,-0.06611701,0.653060257434845,0.05,2.5836,2.591104
8942,2.4232402,0.06103802,-0.20456004,0.7729107141494751,0.08110881596803665,2.3238869,2.7730987
8943,2.2921565,0.12709838,-0.12194747,0.85,0.028096944093704224,2.7694778,2.3838785
8944,2.3154194,0.0051851817,-0.18072295,0.85,0.05,3.683198,1.9063919
8945,2.2196846,0.11082685,-0.08716481,0.85,0.05,3.8853862,2.3487308
8946,2.2326486,0.10742092,-0.058817107,0.8440865278244019,0.025042010471224785,3.796088,2.1228254
8947,2.3260684,0.008948161,-0.11883482,0.85,0.05,3.2587771,2.192313
8948,2.3238633,0.09026999,-0.08151719,0.8352495431900024,0.04099304601550102,2.4000432,2.7963471
8949,2.2753894,0.046735756,-0.07019553,0.85,0.01027572900056839,3.2143683,2.4927104
8950,2.3187816,0.07367245,-0.19899358,0.85,0.01645589806139469,3.7431042,2.1342287
8951,2.3470256,0.060908537,-0.15844849,0.85,0.019808398559689522,2.6822255,2.1227274
8952,2.3049374,0.16907422,-0.10317782,0.8322325944900513,0.05,2.4806874,2.5443716
8953,2.2575939,0.057324845,-0.06484336,0.85,0.020431971177458763,3.7695694,2.1480684
8954,2.3431983,0.0032042682,-0.027832348,0.8289502263069153,0.05,2.2973285,2.200436
8955,2.2953656,0.099047914,-0.18945713,0.6526839137077332,0.06854881346225739,3.4587042,2.2370336
8956,2.2584617,0.07320293,-0.12992634,0.85,0.05,4.093597,2.046856
8957,2.2752895,0.11644229,-0.06564564,0.85,0.031421463936567307,2.951769,2.5874937
8958,2.3334033,0.06834087,-0.0509607,0.7413706183433533,0.03518093377351761,2.0692525,2.6652017
8959,2.3451676,-0.015224281,-0.06665341,0.85,0.03933584317564964,2.7107933,2.2082264
8960,2.277608,0.04222263,-0.07401546,0.85,0.05,3.3231058,1.8736613
8961,2.3762357,0.04617607,-0.11760173,0.7962811589241028,0.05784657970070839,2.4644651,2.7991111
8962,2.1733437,0.16335173,-0.00512677,0.760117769241333,0.03960781916975975,3.8516018,2.2180297
8963,2.3433855,0.0058635925,-0.046360042,0.8487181663513184,0.05152495577931404,2.477455,2.447656
8964,2.2204552,0.07842432,-0.07344533,0.85,0.05,4.144623,2.133606
8965,2.2358487,0.057364926,-0.2614545,0.85,0.04774022474884987,5.502527,1.5512514
8966,2.3119192,0.057797574,-0.09019288,0.85,0.02040858566761017,2.7847288,2.743559
8967,2.144393,0.088261865,0.027414117,0.85,0.05,4.2904973,1.9549527
8968,2.2540197,0.12644215,-0.075565115,0.8311945199966431,0.03131003677845001,3.2249997,2.6731222
8969,2.259425,0.03431004,0.014401738,0.85,0.009713574312627316,3.3050103,2.0670335
8970,2.334638,0.051245153,-0.05362947,0.7752731442451477,0.044570442289114,2.4736242,2.846666
8971,2.2779126,0.022848375,-0.13458805,0.85,0.05,4.35586,1.7994252
8972,2.2685108,-0.0008739042,-0.10603966,0.85,0.05,3.7003345,1.810012
8973,2.334332,0.058720797,-0.1565926,0.85,0.03480800241231918,3.096263,2.5082762
8974,2.2711587,0.14102496,-0.13019502,0.8468076586723328,0.028736615553498268,3.8821278,1.9020752
8975,2.1931667,0.10617207,-0.025141729,0.85,0.05,4.3710856,2.1882722
8976,2.3482106,-0.005622929,-0.15418366,0.6440073251724243,0.05,2.790397,2.1823223
8977,2.2436492,0.077697664,-0.09234637,0.85,0.015842534601688385,3.7351642,2.1317422
8978,2.2811372,0.10263932,-0.23456539,0.8408000469207764,0.0674976110458374,4.677426,2.555672
8979,2.2635474,0.13575219,-0.13278498,0.85,0.013693884946405888,3.2225597,2.198333
8980,2.2215354,0.07016094,0.01214979,0.85,0.019960420206189156,3.4439468,2.1351314
8981,2.296614,0.020128813,-0.09849193,0.85,0.05,3.414786,2.1474545
8982,2.2492292,0.059281223,0.017075878,0.85,0.05,3.0303564,2.314611
8983,2.3518941,0.056695204,-0.16367565,0.4854227304458618,0.05302194133400917,2.6879053,2.1433854
8984,2.3121524,0.050783627,0.034561634,0.85,0.015875326469540596,2.3818257,2.2278345
8985,2.2589526,0.031284958,-0.0789111,0.85,0.02652939036488533,4.05894,2.104373
8986,2.3327641,0.11744494,-0.17701815,0.8177283406257629,0.04102374240756035,2.6192565,2.1682606
8987,2.3058088,0.07610785,-0.09707488,0.6060161590576172,0.03554460406303406,2.702892,2.459878
8988,2.2417126,0.09023337,-0.18498091,0.85,0.0077067045494914055,4.692573,1.7153771
8989,2.267633,0.12924705,-0.11537769,0.85,0.05,2.973632,2.4432857
8990,2.4142501,0.02630197,0.0905533,-0.23701581358909607,0.14833500981330872,2.1864524,2.7800512
8991,2.2634616,0.09900075,-0.0856686,0.85,0.034953318536281586,3.1462796,2.6237056
8992,2.2637813,0.0786997,-0.15078817,0.85,0.044800154864788055,3.8713775,2.4132562
8993,2.2269013,0.13213207,-0.0690776,0.85,0.05,3.451364,2.1660914
8994,2.297152,0.064298876,-0.18896566,0.8372842669487,0.04305282607674599,3.8727105,2.2242773
8995,2.3278563,0.06251925,-0.070036456,0.8056945204734802,0.027517452836036682,2.672816,2.4172733
8996,2.3590906,0.13796484,-0.2572955,0.8067389726638794,0.04554279148578644,2.142721,2.5894306
8997,2.3629794,0.040852264,-0.26097065,0.85,0.05597751587629318,3.506616,2.5285625
8998,2.2857668,0.056496486,-0.10769456,0.85,0.05,3.412159,2.1233988
8999,2.289051,0.13803597,-0.20682645,0.85,0.01112562045454979,3.7641032,2.20226
9000,2.3188145,0.06607707,-0.24659608,0.85,0.05,3.9462845,2.523392
9001,2.227487,0.049426086,-0.049058363,0.85,0.05,3.9469104,2.4152277
9002,2.3244267,0.08110237,-0.092962556,0.85,0.043879732489585876,2.5519352,2.8071494
9003,2.3785355,0.024845202,-0.13625051,0.8397093415260315,0.05042305216193199,2.4003835,2.7363126
9004,2.2776217,0.022459371,-0.13104089,0.8453720211982727,0.04487962648272514,4.1208935,2.149183
9005,2.4052844,-0.025557613,-0.06006328,0.6292847990989685,0.045513369143009186,2.2218764,2.46031
9006,2.3725216,0.037719477,-0.23335911,0.8314581513404846,0.015521910972893238,3.0998027,2.5376997
9007,2.2213185,0.10278036,-0.10679118,0.8116076588630676,0.018755344673991203,4.061438,1.9367296
9008,2.1692164,0.092205666,-0.18429457,0.85,0.05,6.167611,1.6420985
9009,2.3075807,0.06280906,-0.19881351,0.85,0.05,3.8008869,2.6587594
9010,2.3002539,-0.004020672,-0.090879954,0.8245415091514587,0.03200656175613403,3.9697425,1.9305137
9011,2.2343776,0.063190795,-0.078256495,0.85,0.01584239862859249,3.8633301,2.3077953
9012,2.303134,0.12782696,-0.1646493,0.85,0.03338633477687836,2.7573824,2.5910666
9013,2.2425566,0.09959821,-0.11236518,0.85,0.05,3.9960208,2.3155434
9014,2.2736814,0.12103859,-0.13868502,0.85,0.045825548470020294,3.6676302,2.2505846
9015,2.1651816,0.15990116,-0.071088776,0.8202407360076904,0.036040157079696655,4.365794,1.7258149
9016,2.1674495,0.069440894,-0.028116701,0.8358798027038574,0.028608351945877075,5.0568805,1.610716
9017,2.2773814,0.04423892,-0.078808464,0.643377423286438,0.05,3.414734,1.8871295
9018,2.337615,0.062357306,0.03962978,0.8122003078460693,0.05,2.1632025,2.583343
9019,2.330008,0.07674753,-0.3249005,0.85,0.05473323538899422,4.4865446,2.5952337
9020,2.1173108,0.109642826,-0.12568377,0.85,0.05,6.248657,1.3860054
9021,2.2073967,0.100720614,-0.14808477,0.8234614133834839,0.0427028089761734,4.889313,1.7384299
9022,2.179162,0.04358375,-0.11547116,0.8239033222198486,0.0579744428396225,5.523839,1.7655095
9023,2.212096,0.04461635,-0.003919051,0.8151882290840149,0.02477060817182064,3.5783095,1.748561
9024,2.3072388,0.10439894,-0.061751623,0.85,0.05,2.132777,2.7724385
9025,2.3100674,0.01453971,-0.1208271,0.5718777775764465,0.05,3.7893343,2.0704374
9026,2.3252687,0.07175947,-0.29742613,0.85,0.04695439338684082,4.3108907,2.35215
9027,2.30432,0.017784642,-0.17854054,0.85,0.03825325518846512,4.3474874,2.6609392
9028,2.193898,0.081617855,-0.020895015,0.8203391432762146,0.001086774980649352,3.8676705,2.0150874
9029,2.3376875,0.080620825,0.010023483,0.8390516042709351,0.055631037801504135,2.3456268,2.4987605
9030,2.1685348,0.11506246,-0.03583012,0.85,0.03679803013801575,4.239489,1.8420974
9031,2.335683,0.011974957,-0.03557183,0.85,0.0434265062212944,2.560253,2.6096945
9032,2.2925308,0.08893249,-0.13823277,0.8211765885353088,0.05,3.0092707,2.6251783
9033,2.2700946,0.10396353,-0.08801654,0.85,0.05,3.23886,2.5841806
9034,2.1948283,-0.004307479,-0.1580744,0.85,0.0130071472376585,5.8743563,1.4937832
9035,2.1764266,0.06671218,-0.062334705,0.85,0.002899703336879611,5.044625,1.493751
9036,2.2666938,0.04403678,-0.05977244,0.843143880367279,0.05,3.1413329,2.2176273
9037,2.275282,0.07964902,-0.11178949,0.7558425664901733,0.007197344209998846,3.6938922,2.2772322
9038,2.1835873,0.19920792,-0.041311152,0.8169424533843994,0.05,3.871177,2.4190147
9039,2.2951727,0.07710716,-0.16347086,0.7394155859947205,0.03335592895746231,3.5649068,2.267033
9040,2.288508,0.05245537,0.041809026,0.85,0.03587621822953224,2.653689,2.389323
9041,2.362217,0.04039692,0.0038003067,0.5873473882675171,0.08658625930547714,2.056424,2.4463384
9042,2.3328183,0.0674123,-0.0821626,0.15160104632377625,0.04838100075721741,2.6524515,2.601343
9043,2.364535,-0.032297995,-0.008285018,0.6224185228347778,0.08622615784406662,2.2123017,2.46571
9044,2.116189,0.166104,-0.035647906,0.8393861651420593,0.025837384164333344,4.8805337,1.7139932
9045,2.3313098,-0.012730653,-0.09261046,0.85,0.05,3.142709,2.1829383
9046,2.212467,0.0074525536,0.061221365,0.6371086835861206,0.01795755885541439,3.9256613,2.1837075
9047,2.2834609,0.07782308,-0.17441587,0.85,0.01916198432445526,4.022797,2.3906558
9048,2.314049,0.07805224,-0.1517797,0.4855607748031616,0.0473552905023098,3.0632367,2.69406
9049,2.367088,0.08676089,-0.23084101,0.8491758704185486,0.05,2.770338,2.6911952
9050,2.312998,0.024047468,-0.059846304,0.8317577242851257,0.05438661202788353,2.6444232,2.631873
9051,2.2693284,0.10148179,-0.20483348,0.85,0.05,4.5495157,1.8088794
9052,2.2342231,0.07986465,-0.040868636,0.8108026385307312,0.06555742025375366,3.6131375,2.61946
9053,2.325674,-0.0067644934,-0.06169488,0.5360680818557739,0.05,2.894218,1.9827255
9054,2.207848,0.038781267,-0.0013209654,0.85,0.05,4.5422196,2.0417352
9055,2.2604,0.055446677,-0.16199991,0.85,0.037111636251211166,4.290985,2.0861928
9056,2.327646,0.10340694,-0.18557625,0.72627854347229,0.05637308955192566,2.9604774,2.5598934
9057,2.1880755,0.0862105,-0.016457789,0.8498525619506836,0.03429761156439781,3.974171,2.134078
9058,2.2209456,0.073779196,-0.21366455,0.85,0.05,4.6186023,1.7486142
9059,2.25764,0.08160036,-0.002355447,0.8417268991470337,0.028321802616119385,2.9111536,2.4027772
9060,2.2373846,0.074170575,0.036499687,0.437109112739563,0.0431189127266407,3.1070607,2.6386364
9061,2.275421,0.083478436,-0.08347325,0.85,0.05,2.8900127,2.0789378
9062,2.3309164,0.073959574,-0.055334765,0.3349165916442871,0.05596952885389328,2.37973,2.6684868
9063,2.2106621,0.1036078,-0.015653912,0.85,0.05,3.761771,2.1481335
9064,2.3841734,0.036591362,-0.01823357,0.7905150651931763,0.03617351874709129,2.0722868,2.5739088
9065,2.2634234,0.10932742,-0.12033561,0.85,0.03469283878803253,3.846269,2.4963982
9066,2.2607791,0.09967286,-0.09517911,0.8450887799263,0.03404570743441582,3.0428212,2.6543672
9067,2.3171651,0.056618895,-0.33018425,0.85,0.05,4.8436203,1.802145
9068,2.339282,0.13574429,-0.20432061,0.85,0.03943919390439987,2.5498953,2.3514216
9069,2.3352482,0.08922742,-0.16523427,0.8243257999420166,0.05,2.587996,2.4464123
9070,2.2860787,0.01026058,-0.045423456,0.8369461297988892,0.05,3.2289274,2.1161737
9071,2.3501103,0.0053857975,-0.10701455,0.85,0.02122952789068222,2.4918587,2.8804889
9072,2.2743475,0.124472916,-0.044458106,0.6495261788368225,0.05,2.5217347,2.617507
9073,2.3876567,0.098546475,-0.17046814,0.8307740092277527,0.03215068578720093,2.2230096,2.4956088
9074,2.279087,0.1647896,-0.18263035,0.676265299320221,0.038316771388053894,3.0566666,2.8924932
9075,2.1583118,0.17083855,-0.11454548,0.7807575464248657,0.03600176051259041,4.884707,2.3322403
9076,2.3226943,0.07851029,-0.15587713,0.728125810623169,0.03723158314824104,2.7308304,2.6896985
9077,2.284151,0.10138329,-0.14720519,0.85,0.05,3.5055,1.8390206
9078,2.3277946,0.10490506,-0.21674475,0.85,0.05,3.103938,2.2612894
9079,2.362419,0.003335144,-0.15251139,0.85,0.05,2.7125015,2.4790218
9080,2.2546718,0.05405409,-0.13563743,0.85,0.020989544689655304,4.347544,1.9712555
9081,2.2698452,0.1277082,-0.11857792,0.85,0.05,3.533207,2.4500666
9082,2.2766042,0.1124743,-0.22575249,0.85,0.05,4.767612,2.2919533
9083,2.2504163,0.076386884,0.00977806,0.3334684371948242,0.05377892404794693,2.9810195,2.4277477
9084,2.2432032,0.09276421,-0.25346366,0.85,0.03507186099886894,5.1278744,1.6903031
9085,2.2721345,0.07449895,0.015997639,0.755755603313446,0.01628865860402584,2.240151,2.4948914
9086,2.2315202,-0.0024167285,-0.007397142,0.85,0.012541580945253372,4.0450134,2.0759149
9087,2.2996788,0.09347254,-0.15374845,0.8193104863166809,0.009430990554392338,3.1584735,2.500671
9088,2.2658033,0.047351826,-0.11207114,0.7857259511947632,0.02960577793419361,3.8293498,2.5470316
9089,2.3377,0.05581608,-0.16138372,0.7970007061958313,0.03804631903767586,3.3106751,2.5955765
9090,2.3091702,0.02453238,0.00016721872,0.78914475440979,0.03377861529588699,2.4582636,2.6621904
9091,2.2671046,0.06789573,-0.098252445,0.85,0.05,3.5595214,2.1801515
9092,2.3067925,0.059441876,-0.046909217,0.85,0.01511912327259779,2.665856,2.1237576
9093,2.367166,0.032277137,-0.093889855,0.7421501278877258,0.051676053553819656,2.0554738,2.1624486
9094,2.2616823,0.05734408,-0.14761323,0.7877288460731506,0.03772659972310066,3.6614976,2.4900265
9095,2.3711538,0.032531038,-0.19096869,0.8273139595985413,0.05597418174147606,2.848939,2.6713731
9096,2.4134266,0.0049350797,-0.15609176,0.6358979344367981,0.015799505636096,2.1618311,2.172882
9097,2.292972,0.05144514,-0.05906711,0.85,0.05,3.1118612,1.8321062
9098,2.3097603,0.026493797,-0.07362801,0.85,0.05,2.9756591,2.6610777
9099,2.2929916,0.09799551,-0.15388168,0.7959657907485962,0.07188443839550018,2.8025248,2.8891113
9100,2.320813,0.11876273,-0.22818524,0.85,0.030983945354819298,3.2589786,2.534898
9101,2.335853,0.11210828,-0.14027657,0.85,0.03156100958585739,2.1523714,2.583289
9102,2.2594905,0.1285839,-0.17726739,0.8266986608505249,0.0574013888835907,4.3908777,2.3991323
9103,2.3014348,0.021494221,-0.008607699,0.85,0.05,2.7668793,2.6078258
9104,2.3824606,0.041498203,-0.011280578,0.8375886678695679,0.09984529763460159,2.0935552,2.6467721
9105,2.2073197,0.10933773,-0.020395692,0.85,0.05,3.658444,2.1249359
9106,2.3601024,0.04126925,-0.26806733,0.85,0.03774921968579292,3.90855,2.298415
9107,2.189105,0.16956025,-0.09878339,0.8236714601516724,0.030329441651701927,4.328273,2.1989572
9108,2.2408402,0.078923844,-0.052326668,0.8134496808052063,0.05,3.4993544,2.180242
9109,2.3284438,0.10060574,-0.22783637,0.85,0.05,3.0827386,2.7474406
9110,2.3428028,0.11434012,-0.20289391,0.8364169597625732,0.02503637783229351,2.4236715,2.3756692
9111,2.235565,0.051992763,-0.17972371,0.85,0.05,5.1268044,1.5881833
9112,2.2173927,0.05090478,-0.07314635,0.6112135052680969,0.040636688470840454,4.128632,2.8328788
9113,2.2564423,0.15072764,-0.054010842,0.7911288738250732,0.04494694247841835,2.789503,2.538669
9114,2.45133,0.025301484,-0.10879554,0.6341713070869446,0.05936842039227486,2.3118174,2.6338499
9115,2.2898195,0.0015449321,-0.12678427,0.85,0.03862440213561058,3.8648589,2.1664686
9116,2.3087442,0.07518039,-0.1428765,0.829572319984436,0.04714636504650116,3.001769,2.3467402
9117,2.1886377,0.064984694,-0.1898432,0.85,0.019813990220427513,5.2444367,1.4243104
9118,2.1705377,0.13610148,-0.16199441,0.85,0.05,5.3362517,1.4282982
9119,2.301448,0.030874541,-0.1102947,0.85,0.01673176698386669,3.0796816,2.7033086
9120,2.2387156,0.13319366,-0.13341492,0.5900846123695374,0.05347496643662453,3.4283917,2.3575382
9121,2.2476215,0.03719472,-0.03337021,0.85,0.0339362695813179,3.4439435,2.4921355
9122,2.232354,0.06509788,-0.063375056,0.8096193671226501,0.05,3.3515544,1.7976239
9123,2.253946,0.12981813,-0.13349503,0.85,0.01659044809639454,3.1944976,2.2568364
9124,2.2976213,0.009189209,-0.109942615,0.7302491068840027,0.03250405192375183,3.905,2.2594573
9125,2.2606862,0.058340147,-0.124763824,0.85,0.006849010940641165,4.0513215,2.0702157
9126,2.2161303,0.16305445,-0.114911236,0.85,0.004493571352213621,3.6161988,2.3178947
9127,2.258463,0.10143152,-0.15079577,0.8149400949478149,0.06097311154007912,4.2498136,2.451364
9128,2.373396,0.03446353,0.0028241624,0.16795381903648376,0.047583550214767456,2.1850948,2.7550411
9129,2.300071,0.0477453,-0.12527147,0.85,0.03684194013476372,3.4873202,2.6559837
9130,2.2983267,0.056747653,-0.20186675,0.8419705033302307,0.05,3.3063078,2.0541065
9131,2.258761,0.031355146,-0.058339115,0.8364980220794678,0.03906058892607689,3.7160842,2.2765827
9132,2.2913854,0.09387146,-0.075190894,0.85,0.05,2.767497,2.6868553
9133,2.1713016,0.123129055,-0.03962595,0.85,0.05,4.3273363,1.889424
9134,2.189635,0.063619934,-0.085198045,0.8419809341430664,0.017452307045459747,4.7634916,1.6050231
9135,2.3804605,0.0031599884,0.024644986,-0.15152759850025177,0.03295273333787918,2.014472,2.7485125
9136,2.2792113,0.091761805,-0.05457534,0.8314000964164734,0.026106245815753937,2.4277344,2.7857718
9137,2.357976,0.06831774,-0.2106794,0.85,0.02349664829671383,2.650694,2.2728302
9138,2.3104687,0.034732196,0.030546084,0.85,0.018968170508742332,2.243585,2.4048295
9139,2.262204,0.08925375,-0.19540912,0.8105126619338989,0.021879049018025398,4.6466107,1.9374015
9140,2.3872252,0.0870296,-0.21498235,0.85,0.024205468595027924,2.6355174,2.558713
9141,2.2360961,0.10360582,-0.14817141,0.85,0.05,4.561953,2.0787828
9142,2.1905375,0.0387313,-0.07331244,0.85,0.05,5.0087566,1.6421093
9143,2.2708242,0.15714613,-0.12581226,0.85,0.05,2.674479,2.763559
9144,2.254468,0.099042036,-0.114217654,0.85,0.026701264083385468,3.3870468,2.6719542
9145,2.3343098,0.07410254,-0.1304032,0.4587588608264923,0.06844297051429749,2.574792,2.3982031
9146,2.2875113,0.07896265,-0.04592972,0.8323796391487122,0.05,2.6487372,2.4109766
9147,2.2937467,0.028333085,-0.14746124,0.8365054726600647,0.023150326684117317,3.67656,2.1707325
9148,2.3378112,0.06479627,-0.17356351,0.85,0.04019102454185486,3.1009638,2.838439
9149,2.2434971,0.111619696,-0.09074521,0.8160540461540222,0.05,3.3259254,2.5348155
9150,2.146126,0.08286853,-0.049934994,0.85,0.05,4.709865,1.5413251
9151,2.2053442,0.07648378,-0.11938758,0.85,0.05,4.3618436,1.568286
9152,2.2258654,0.09907985,-0.14405236,0.85,0.05,3.771038,1.8787525
9153,2.290682,0.093669556,-0.06746132,0.8459771871566772,0.037899330258369446,2.6954281,2.247283
9154,2.3015747,0.042229198,-0.018336345,0.8423351049423218,0.027376670390367508,2.678228,2.195294
9155,2.2965834,0.08451668,-0.15548384,0.85,0.05,3.8284981,2.81691
9156,2.2671423,0.027202535,-0.14702709,0.85,0.05,4.556993,2.1145308
9157,2.2249916,0.10151369,-0.21448041,0.85,0.016971644014120102,5.2096605,1.7534634
9158,2.381942,0.02289625,-0.20838974,0.7294453978538513,0.03026062808930874,3.2066555,2.3309672
9159,2.2273996,0.06572888,-0.12475098,0.85,0.01683139055967331,4.6173334,1.8029544
9160,2.2207453,0.11182761,-0.014887649,0.8033490180969238,0.05,3.1141577,2.1371343
9161,2.2042062,0.15052854,-0.03212945,0.5993331670761108,0.04702603444457054,3.842697,2.844873
9162,2.237381,0.05221719,-0.06609978,0.8299347162246704,0.05,3.8923888,1.800613
9163,2.2565477,0.06973839,-0.081499025,0.8264493346214294,0.04825032874941826,3.9945264,2.190772
9164,2.2763326,0.04318492,-0.050798077,0.7153728604316711,0.06580568104982376,3.2498806,2.7667649
9165,2.2508867,0.1086764,-0.081883244,0.85,0.015680233016610146,3.1000788,2.8589957
9166,2.217,0.13447192,-0.23317903,0.85,0.03639097511768341,5.4634576,1.4205737
9167,2.3632493,0.07652727,-0.18701687,0.85,0.03440418466925621,2.5699666,2.5972502
9168,2.22976,0.04909737,-0.08744784,0.8444266319274902,0.024776743724942207,4.318249,1.8993986
9169,2.2709227,0.12553395,-0.16101542,0.85,0.02854723483324051,3.5589998,2.227998
9170,2.2996907,0.0051029776,-0.09637171,0.826981246471405,0.05,3.1513844,2.1778235
9171,2.2139566,0.112756066,-0.21551204,0.8199260234832764,0.028838694095611572,4.685115,1.4207325
9172,2.2249968,0.08688813,-0.025352174,0.818593442440033,0.03703749179840088,3.7623577,2.62682
9173,2.231265,0.06639068,-0.14368986,0.85,0.03800145164132118,4.6803646,2.6590803
9174,2.3425405,0.05371762,-0.3334101,0.85,0.05,4.6929893,2.1707258
9175,2.2218823,0.08653199,0.015145378,0.85,0.05,3.3748543,2.1891031
9176,2.2752593,0.012660314,-0.046313185,0.38286393880844116,0.04827861860394478,3.4576862,2.8862815
9177,2.3621924,0.030984046,-0.12292834,0.7142508625984192,0.05,2.6243033,2.396138
9178,2.2795594,0.052929346,-0.177876,0.8292706608772278,0.020829811692237854,4.029331,1.945076
9179,2.1429696,0.11962305,-0.1253493,0.85,0.05,5.917347,1.3975208
9180,2.3372076,0.11197632,-0.06021278,0.3236251771450043,0.039945755153894424,2.1897864,2.6841514
9181,2.1653419,0.14235173,-0.13037926,0.8170614838600159,0.05,5.0019894,1.5052401
9182,2.3792875,0.06959996,-0.111318,0.044515062123537064,0.1029537245631218,2.0184498,2.9151309
9183,2.2688081,0.05734674,-0.06061302,0.8049805760383606,0.05,3.1523094,2.1605432
9184,2.264518,0.110236794,-0.21488725,0.810792088508606,0.03019600920379162,4.5490155,2.122305
9185,2.253441,0.1339015,-0.21522625,0.85,0.038046278059482574,4.3488665,2.6102188
9186,2.1871774,0.042079818,-0.10054469,0.8388168811798096,0.03873655945062637,5.1744285,1.7742425
9187,2.3349657,0.025247352,-0.0765298,0.85,0.05,2.4182749,2.1810064
9188,2.3176856,0.088862814,-0.13189039,0.85,0.05,2.9563403,2.6176224
9189,2.1910133,0.11157682,-0.11015505,0.85,0.05,4.402642,1.7661854
9190,2.3030663,0.050319433,-0.15918908,0.6786587238311768,0.03138020262122154,3.4884322,2.2856214
9191,2.2698867,0.12622942,-0.11635339,0.85,0.020490461960434914,3.2317052,2.2108703
9192,2.4540355,0.03134516,-0.12150797,0.8298705220222473,0.04892219975590706,2.0286145,2.5386982
9193,2.2194588,0.0996286,-0.041174486,0.827215313911438,0.06588670611381531,3.527873,2.6754124
9194,2.290769,0.06312888,-0.037671193,0.8391693830490112,0.05,3.0883741,2.194729
9195,2.3688283,0.010148324,-0.031265505,0.8264666795730591,0.03434371203184128,2.2360675,2.5794854
9196,2.238747,0.099972285,-0.1252025,0.85,0.023358670994639397,3.770112,2.2512598
9197,2.304655,0.09328135,-0.057154305,0.6541351079940796,0.02619067020714283,2.5130124,2.1820076
9198,2.2863765,0.08535195,-0.13928004,0.5564951300621033,0.03301224857568741,3.8065016,2.420274
9199,2.32965,0.07497663,-0.15579267,0.85,0.01027368102222681,2.547858,2.5108058
9200,2.2281241,0.14012465,-0.17182489,0.85,0.05,4.709156,2.3849409
9201,2.3085814,0.07978672,-0.14526846,0.85,0.05,3.1940079,2.7274933
9202,2.2916439,0.13321452,-0.2584478,0.85,0.05,3.9976668,2.1534348
9203,2.3467615,-0.0019035677,-0.025277838,0.7385596632957458,0.041479114443063736,2.1961133,2.4842308
9204,2.3427465,0.073836796,-0.16565092,0.7784011363983154,0.011858873069286346,2.964379,2.5671186
9205,2.2976007,0.08948732,-0.15487549,0.85,0.028074488043785095,3.2471745,2.5822332
9206,2.2879672,0.07847078,-0.054737967,0.7725804448127747,0.00944640301167965,2.6471853,2.317121
9207,2.2796335,0.056138277,-0.036949415,0.6782707571983337,0.05268773064017296,3.143607,2.3943572
9208,2.2098482,0.09821791,-0.07295135,0.835170328617096,0.031098250299692154,4.0428724,1.9692713
9209,2.3524308,0.11425626,-0.1898727,0.85,0.0358487144112587,2.4375138,2.5004456
9210,2.3332305,0.118586875,-0.2178274,0.85,0.05,2.9890542,2.487818
9211,2.2187753,0.052787304,-0.16834511,0.8278363347053528,0.04958203062415123,4.660557,1.8094715
9212,2.227393,0.09719171,-0.11161087,0.3809630274772644,0.03616269677877426,4.1074266,2.2676303
9213,2.2652795,0.09647487,-0.11358122,0.85,0.01324735302478075,3.4411395,2.45635
9214,2.4016888,0.13737535,-0.19754961,0.8484500050544739,0.04042902588844299,2.033233,2.6378264
9215,2.223209,0.08364057,-0.12103947,0.85,0.05,4.450699,1.9804726
9216,2.353835,0.05086807,-0.26057702,0.85,0.05,3.2474303,2.1696897
9217,2.2653127,0.17416105,-0.20824131,0.85,0.05,3.3264155,2.3152938
9218,2.2298098,0.058039315,0.021874996,0.8173360824584961,0.05,3.272743,2.4409475
9219,2.4056997,0.00261127,-0.1586763,0.6822744607925415,0.027417758479714394,2.2968123,2.4744444
9220,2.3270109,0.08162828,-0.24925834,0.817108154296875,0.05558111518621445,3.6145175,2.3016655
9221,2.2029643,0.0441372,0.03627144,0.85,0.05,4.18465,1.8013401
9222,2.3012507,0.065558724,-0.3245658,0.8232904672622681,0.044171206653118134,5.160051,1.423139
9223,2.2037916,0.109856755,-0.08436882,0.8140867352485657,0.05,4.3457127,1.6654209
9224,2.3156114,0.08133104,-0.1307369,0.85,0.05,2.8839602,2.5495799
9225,2.1642241,0.10418135,-0.104375534,0.85,0.019638344645500183,5.2853956,1.5764022
9226,2.3065052,0.050101776,-0.06573263,0.85,0.05,2.2969491,2.4880104
9227,2.223584,0.09084758,-0.10861879,0.85,0.05,4.431351,2.5245159
9228,2.3184934,0.098974235,-0.11681137,0.8252675533294678,0.05,2.61578,2.5608704
9229,2.194635,0.066591345,-0.07119083,0.8256442546844482,0.05,4.8993735,1.6808858
9230,2.170192,0.099212065,-0.15372734,0.7950116991996765,0.004059688188135624,5.7343955,1.2127081
9231,2.3138735,0.101995096,-0.17799485,0.85,0.05,3.203771,2.455001
9232,2.257051,0.02784585,-0.067291684,0.85,0.0055999974720180035,3.6287668,1.9820263
9233,2.2467628,0.0662094,-0.094738856,0.838773250579834,0.03070051595568657,3.8399258,2.06678
9234,2.2120476,0.12747763,-0.07246046,0.85,0.05,4.096123,2.4643848
9235,2.2947268,0.11814494,-0.21970578,0.6309487223625183,0.025206852704286575,3.5263872,2.1981382
9236,2.3710291,0.01228591,-0.0011753315,0.85,0.05008682236075401,2.146015,2.8569806
9237,2.245861,0.07237533,-0.12642011,0.6759359240531921,0.053797777742147446,4.46538,2.1521115
9238,2.320328,0.07595637,-0.22442028,0.7743644714355469,0.08769491314888,3.8361194,2.9884715
9239,2.3050032,0.15161492,-0.24971789,0.85,0.05,3.147997,1.8874718
9240,2.3752804,0.062753215,-0.1709436,0.7052810192108154,0.06343080848455429,2.4545746,2.342491
9241,2.3173988,0.05297079,-0.05104828,0.85,0.05,2.4922342,2.49914
9242,2.355793,0.004988955,-0.13542306,0.7511924505233765,0.027597276493906975,2.8665729,2.5503714
9243,2.2160616,0.12801611,-0.113763854,0.8155270218849182,0.07426165044307709,4.0269766,2.655006
9244,2.3330708,0.07504139,-0.008237603,0.6828686594963074,0.05111251771450043,2.2937467,2.8611119
9245,2.3934405,-0.0353865,-0.07384214,0.7439095973968506,0.05,2.1240919,2.765625
9246,2.1310449,0.12983346,-0.03087322,0.6385188698768616,0.09915676712989807,5.5090156,1.6399112
9247,2.2963176,0.09902659,-0.11516247,0.85,0.05,2.9920456,2.1849878
9248,2.2979608,0.08548066,-0.16182323,0.8319739699363708,0.03515634313225746,3.4773128,1.8748116
9249,2.1953733,0.13662839,-0.05579,0.85,0.02149948477745056,4.03389,2.3019578
9250,2.223984,-0.010134145,-0.06562435,0.85,0.05,4.360615,1.5362612
9251,2.2986565,0.080897674,-0.16102302,0.85,0.018682602792978287,3.2372837,2.264509
9252,2.2861538,0.02660885,-0.057272438,0.85,0.05,3.3250678,2.2595723
9253,2.3103545,0.040439356,-0.15798552,0.85,0.05,3.4472113,2.6605732
9254,2.3337648,0.04789157,-0.24463329,0.85,0.003226711880415678,3.3885112,2.1762407
9255,2.3014522,0.08709256,0.0011489562,0.8108052015304565,0.005556818097829819,2.1242213,2.553498
9256,2.2333117,0.15479384,-0.19471416,0.8372194766998291,0.03804009035229683,4.916548,1.7318151
9257,2.2912915,0.083074264,-0.07694271,0.6437906622886658,0.07770253717899323,2.7750003,2.2598825
9258,2.4057167,-0.0050554755,-0.070232116,0.8291734457015991,0.0302690751850605,2.1515806,2.745558
9259,2.309661,0.12735438,-0.060721803,0.85,0.05,2.0945015,2.4174006
9260,2.27048,0.10406367,-0.18388091,0.8214484453201294,0.039336785674095154,3.9758472,2.0796788
9261,2.2843268,0.13389431,-0.13124856,0.8248829245567322,0.027901407331228256,3.208507,2.1678522
9262,2.196349,0.010236402,-0.1457101,0.8248482942581177,0.03530850261449814,5.9881535,1.3060102
9263,2.2378082,0.121542186,-0.26744765,0.8203207850456238,0.0449991412460804,5.1668816,1.5310746
9264,2.2828991,0.01109377,-0.10695705,0.85,0.05,4.0250273,2.1662655
9265,2.3437011,0.08845768,-0.1627836,0.8440403342247009,0.05,2.7016752,2.7455063
9266,2.3642578,0.06616024,-0.08587015,0.548875629901886,0.038393206894397736,2.1086311,2.6330476
9267,2.124782,0.14894588,-0.036188994,0.85,0.05,4.5844784,1.8202664
9268,2.2725472,0.058088075,-0.13930924,0.85,0.008012546226382256,4.097865,2.070758
9269,2.3130517,0.042050112,-0.054262847,0.5737955570220947,0.048230789601802826,2.727893,2.7101672
9270,2.3191907,0.055249076,-0.1476999,0.816820502281189,0.05,2.99243,2.1372783
9271,2.3774223,0.06787197,-0.10207203,0.4649106562137604,0.026750635355710983,2.2553031,2.711583
9272,2.269375,0.115260474,-0.15896612,0.6611373424530029,0.01210741139948368,3.6625519,2.212234
9273,2.2408924,0.11232747,-0.02685513,0.8292610049247742,0.04562027379870415,2.8462846,2.532753
9274,2.3369744,0.109016046,-0.22194368,0.844649612903595,0.0469907708466053,3.5267522,2.1036897
9275,2.363431,0.111300856,-0.07207861,0.5261936783790588,0.049944788217544556,2.1558113,2.4564404
9276,2.411341,0.09047044,-0.08738866,0.6210665106773376,0.054878607392311096,2.0754683,2.7339609
9277,2.1637979,0.1392923,-0.006071699,0.8156928420066833,0.059444528073072433,4.0786214,2.4751813
9278,2.3958569,0.055993095,-0.123921774,0.6853289008140564,0.11879776418209076,2.0871058,2.8128147
9279,2.4194157,0.034653995,-0.2550747,0.8223923444747925,0.02694021724164486,2.1783137,2.7604995
9280,2.324706,0.016286789,-0.10530282,0.85,0.006587122101336718,3.04278,2.1465826
9281,2.297778,0.13789934,-0.19349046,0.8372858762741089,0.013823158107697964,3.3487427,2.454117
9282,2.2570508,0.15174611,-0.1697902,0.809222936630249,0.06586816161870956,3.7315753,2.629265
9283,2.2704382,0.094853036,-0.05150453,0.8287593126296997,0.06574953347444534,2.9562979,2.8955052
9284,2.3890393,0.10599085,-0.2127793,0.85,0.05,2.2982068,2.0775642
9285,2.2181983,0.09262914,-0.0506116,0.85,0.02395237796008587,3.965046,2.290667
9286,2.2437363,0.20769846,-0.09489222,0.85,0.02885078452527523,2.6545782,2.8339553
9287,2.3681588,0.079562485,-0.24111696,0.85,0.022986657917499542,3.1418161,2.1025963
9288,2.3054307,0.099579506,-0.15972215,0.85,0.035635024309158325,2.8846378,2.6026607
9289,2.3928204,0.013708669,-0.13743998,0.44822725653648376,0.053713083267211914,2.5003362,2.7587824
9290,2.2285385,0.10921714,-0.03909763,0.85,0.03632403165102005,3.5426917,2.6687174
9291,2.1961465,0.16715558,-0.18104939,0.85,0.05,4.954794,1.8161031
9292,2.2857082,0.08926446,-0.18167385,0.7296310067176819,0.045967139303684235,3.9251719,1.8654132
9293,2.3415253,0.119197175,-0.18042225,0.825603723526001,0.041996706277132034,2.837221,2.576962
9294,2.208396,0.12723328,-0.00711623,0.85,0.05,3.088295,2.1204817
9295,2.25035,0.051107306,-0.17391813,0.85,0.0023379719350486994,4.7929354,1.987273
9296,2.2802105,0.039320268,-0.064117834,0.85,0.05,3.1607728,2.1872644
9297,2.3061593,0.08506589,-0.031779155,0.3415985405445099,0.04240012541413307,2.3498616,2.1264663
9298,2.287908,0.10664714,-0.121118315,0.85,0.01376731600612402,3.2433622,2.2782333
9299,2.2823064,0.157465,-0.030695906,0.833051860332489,0.03794094920158386,2.3197768,2.6386704
9300,2.2877977,0.119086124,-0.2240592,0.839759886264801,0.06267689168453217,4.310361,2.7238884
9301,2.245155,0.09689244,-0.11015397,0.731126070022583,0.02686675824224949,3.633232,2.0451362
9302,2.332131,0.12657641,-0.1970205,0.8338661789894104,0.04698823764920235,2.7509744,2.397037
9303,2.2180607,0.16606726,-0.12827407,0.85,0.04289887845516205,4.5987864,2.3250551
9304,2.2242086,0.09892712,-0.22568919,0.85,0.009670509956777096,4.9110894,1.6705335
9305,2.4018192,0.044404257,-0.08158607,0.2663901448249817,0.15983279049396515,2.3138692,2.5295486
9306,2.268636,0.05412705,-0.018331174,0.4157930910587311,0.011275187134742737,2.9020252,2.1658714
9307,2.16689,0.13838921,-0.13108243,0.8261032700538635,0.03246025741100311,4.834733,1.6492767
9308,2.3444376,0.08156919,-0.16354455,0.7470526099205017,0.057339295744895935,2.633693,2.4503186
9309,2.2635956,0.07353763,-0.084139876,0.85,0.03389996290206909,3.439896,2.691909
9310,2.2874136,0.0808564,-0.20430832,0.5959056615829468,0.065411776304245,4.0069847,2.0663078
9311,2.2174573,0.10276778,-0.07335136,0.8331001996994019,0.03412874415516853,4.3113537,1.9202412
9312,2.2898529,0.08042696,-0.14594856,0.8214184641838074,0.06916575133800507,3.4468129,2.7502766
9313,2.1068609,0.07135476,-0.049405076,0.7656119465827942,0.04140230640769005,5.4085107,1.3021466
9314,2.206938,0.10055959,-0.0058349352,0.8254013061523438,0.04667453095316887,3.259121,2.720608
9315,2.2454262,0.020895917,0.035974674,0.85,0.05,3.2818227,2.0821087
9316,2.3698518,0.038345832,-0.14792351,0.8397945165634155,0.048597726970911026,2.6856096,2.737698
9317,2.3635924,0.03956325,-0.17657422,0.8185200095176697,0.027486328035593033,2.6588914,2.1394398
9318,2.290346,0.033284128,-0.21993268,0.85,0.01158018410205841,4.029655,2.0260417
9319,2.2464218,0.025851872,0.031603303,0.85,0.05,2.9497461,1.8574506
9320,2.2482893,0.05528167,-0.18565865,0.85,0.017336828634142876,4.6522336,1.7940831
9321,2.2969508,0.04462986,-0.0753961,0.6826856136322021,0.00984193105250597,2.6869988,2.529489
9322,2.2401228,0.1914879,-0.14878966,0.85,0.027116477489471436,3.2911854,2.6981618
9323,2.2789743,0.0636682,-0.1376577,0.85,0.019641980528831482,3.830295,2.1471474
9324,2.2900405,0.12833041,-0.08577481,0.8198763132095337,0.011513102799654007,2.273899,2.4286828
9325,2.1846051,0.14967375,-0.14968835,0.85,0.023889770731329918,4.684111,2.2262921
9326,2.2365103,-0.090782024,-0.19373019,0.85,0.05,6.669676,1.1208178
9327,2.3729143,0.117967404,-0.059983473,-0.22803360223770142,0.08958316594362259,2.0362413,2.860686
9328,2.1584425,0.117009304,-0.04984995,0.85,0.05,4.674214,1.7605245
9329,2.3074985,0.07909441,-0.18313138,0.8384599089622498,0.016477445140480995,3.6348674,2.1905234
9330,2.2944064,0.093788676,-0.29801387,0.85,0.05,4.6911397,1.9853694
9331,2.1932354,0.05073178,0.030888934,0.85,0.05,3.4768977,1.8962189
9332,2.2803445,0.035802197,-0.08888375,0.8205568790435791,0.03450700640678406,3.3792126,2.1445434
9333,2.2284927,0.07728241,-0.18079889,0.7395113110542297,0.05,4.4957523,1.68779
9334,2.3570106,0.035905685,-0.034467623,0.85,0.05025025084614754,2.145425,2.8848398
9335,2.3160174,0.115899675,-0.098821685,0.85,0.02591823786497116,2.5686266,2.291265
9336,2.1921012,0.12090171,-0.05622882,0.8291914463043213,0.009969372302293777,3.858999,1.7561514
9337,2.1667519,0.10822993,-0.016651722,0.8215189576148987,0.04055352509021759,4.0384293,1.9948312
9338,2.2850811,0.050868217,-0.04658922,0.7899335622787476,0.05,2.9217517,2.2730906
9339,2.2207813,0.08444257,-0.08832159,0.85,0.011628581210970879,4.725645,1.9294697
9340,2.3576014,0.037015595,-0.14003867,0.85,0.05,2.5634527,2.8732185
9341,2.1635835,0.047397226,-0.106747985,0.8040096163749695,0.023406652733683586,5.5845294,1.3956496
9342,2.279979,0.12237003,-0.22508083,0.85,0.05,4.073903,2.2107835
9343,2.184673,0.08755047,-0.075168364,0.85,0.05,4.8635936,1.5667804
9344,2.2114413,0.12788951,-0.21324615,0.8362526297569275,0.04675345867872238,5.229868,1.6253337
9345,2.343918,0.047769457,-0.06515261,0.5378735065460205,0.05,2.0488918,2.2979498
9346,2.2123723,0.05845525,-0.015060313,0.8118845224380493,0.04022138938307762,4.0622954,2.0218532
9347,2.3133461,0.13018152,-0.095548965,0.8401336073875427,0.038480717688798904,2.1415179,2.652185
9348,2.3523617,0.08649916,-0.09862917,0.8281950354576111,0.03625377640128136,2.0859156,2.1483974
9349,2.2670121,0.021375705,-0.07820342,0.85,0.029705366119742393,3.5067787,2.726304
9350,2.3238564,0.08258037,-0.1338569,0.85,0.03206039220094681,2.723317,2.6288717
9351,2.2542224,0.09065312,-0.15927921,0.8066580295562744,0.05,3.9046984,1.9931719
9352,2.2485151,0.08889889,-0.14272107,0.85,0.01191593986004591,4.1433578,2.078597
9353,2.249391,0.101740696,-0.13292034,0.85,0.05,3.6228504,2.3375137
9354,2.2396278,0.15613352,-0.16473775,0.85,0.05,4.4559493,2.4174466
9355,2.2007945,0.15978365,-0.06314578,0.85,0.05,3.456414,2.4257996
9356,2.2487738,0.10136103,-0.048152458,0.8241350054740906,0.0025498594623059034,2.8486092,2.225164
9357,2.2245903,0.06619721,0.005396214,0.6146764755249023,0.05,3.9586732,1.8727434
9358,2.3482912,0.110673614,-0.26577622,0.662684977054596,0.05,3.2722692,2.3240128
9359,2.197727,0.120463416,-0.05917111,0.8289462924003601,0.05,3.8895142,2.6965914
9360,2.2000437,0.05056191,-0.13906103,0.6767769455909729,0.05,5.370268,1.6510392
9361,2.0918887,0.20783359,-0.0693906,0.8199143409729004,0.04295980930328369,5.474079,1.4905003
9362,2.2216702,0.07685018,-0.0682308,0.85,0.05,4.422471,2.0442147
9363,2.2137697,0.022475801,-0.065336354,0.8353551626205444,0.03303023427724838,4.354146,1.6706612
9364,2.3148348,0.11047123,-0.24610662,0.8287484645843506,0.04875928908586502,3.720409,2.1160324
9365,2.2518513,0.013173782,0.0057930187,0.2969595789909363,0.009808387607336044,3.2411776,2.7754807
9366,2.255583,0.0320038,-0.02503327,0.8371120095252991,0.01723780669271946,3.3886716,2.1414456
9367,2.257795,0.06653237,-0.1700816,0.85,0.05,4.425143,2.084751
9368,2.22375,0.14627112,-0.0900504,0.85,0.05,3.4118927,2.3715882
9369,2.3122811,0.046461176,-0.078264914,0.8087431192398071,0.027929631993174553,2.4850392,2.315376
9370,2.3019328,0.04614169,-0.09083093,0.85,0.05,3.0759928,2.104769
9371,2.247847,0.09773597,-0.13317674,0.85,0.02700108475983143,4.236504,2.247079
9372,2.1988425,0.076579615,-0.02143124,0.85,0.05,4.033312,1.8052291
9373,2.270755,0.12151454,-0.17510867,0.85,0.05,4.116414,2.2206335
9374,2.2949188,0.0363094,-0.07563966,0.8036985397338867,0.05,3.235859,2.7111068
9375,2.3244393,0.036127966,-0.14595716,0.38686391711235046,0.05450829118490219,3.4656153,2.6777358
9376,2.3419614,-0.008222204,-0.16682684,0.8447064757347107,0.05,3.619821,2.2834346
9377,2.3121216,0.055241063,-0.07872789,0.769565761089325,0.04216732084751129,2.5662007,2.873
9378,2.3974915,0.081007436,-0.10563325,0.5137302875518799,0.06536455452442169,2.1541028,2.4966247
9379,2.2317219,0.11722398,-0.22673778,0.616955041885376,0.0727246031165123,4.7484827,1.5923486
9380,2.3135295,0.03899627,-0.20238179,0.8353114128112793,0.03867208957672119,3.9560905,2.114664
9381,2.2369602,0.074218996,-0.12291599,0.85,0.027806773781776428,4.543104,2.0366492
9382,2.348181,0.028192911,-0.28002006,0.85,0.03492802008986473,4.350965,2.2329142
9383,2.355146,0.1496766,-0.36142367,0.85,0.032854799181222916,3.6032019,2.8136404
9384,2.2393835,0.07139353,-0.14363426,0.85,0.028427232056856155,4.552593,1.7497901
9385,2.2082663,0.14967035,-0.008932849,0.85,0.026286078616976738,3.761218,2.5473514
9386,2.2459574,0.035278518,-0.14946663,0.85,0.05,4.839877,1.6828339
9387,2.3450658,0.0039020574,-0.021709356,0.5338519811630249,0.05,2.2744575,2.000204
9388,2.2457292,0.06129188,-0.0730347,0.8308627605438232,0.032325852662324905,3.9388998,1.9720123
9389,2.2747433,0.03900436,-0.157447,0.7876344323158264,0.05,3.9953563,1.8646804
9390,2.4237185,-0.0032201968,-0.31554598,0.85,0.01578378491103649,3.252165,2.120191
9391,2.2063289,0.14447334,-0.08981119,0.85,0.05,4.0461674,2.0024633
9392,2.338507,0.042728983,-0.12516163,0.8173485994338989,0.05,2.7709932,2.3401487
9393,2.1502433,0.086921126,-0.003213241,0.8418698310852051,0.018743297085165977,4.7864833,1.6316779
9394,2.2987885,0.14525266,-0.14614475,0.756972074508667,0.03466537967324257,2.8034806,2.7494743
9395,2.2923276,0.06014502,-0.06660258,0.7627424001693726,0.03993011638522148,2.8026571,1.9527708
9396,2.252193,0.0933523,-0.17686757,0.34155556559562683,0.04810464382171631,4.611939,2.0602894
9397,2.3101985,0.06487253,-0.2264726,0.8422863483428955,0.05,4.0883574,2.1267362
9398,2.1826189,0.07866227,0.0030324068,0.4401092231273651,0.048711586743593216,4.4649177,2.1746907
9399,2.2343693,0.051484548,-0.10310675,0.85,0.03775319829583168,4.601675,1.7187335
9400,2.2714067,0.11904167,-0.11331723,0.85,0.05,3.2084641,2.6611822
9401,2.2630558,0.053357817,-0.21045184,0.8104727864265442,0.04932946711778641,4.576637,1.929875
9402,2.1675787,-0.002034636,-0.024098832,0.6737664341926575,0.026328105479478836,5.3981023,1.593331
9403,2.242708,0.13835895,-0.2287998,0.85,0.024927670136094093,4.766762,2.1874306
9404,2.295387,0.10126817,-0.10950497,0.7833065986633301,0.048041462898254395,2.641177,2.5267692
9405,2.218266,0.04091318,-0.032880533,0.85,0.05,4.07086,1.9053167
9406,2.2310433,0.051156633,-0.05910803,0.8328999280929565,0.0307752788066864,4.532543,2.121814
9407,2.2319207,0.09899596,-0.13149855,0.82710862159729,0.02318062074482441,4.625733,2.0162268
9408,2.210358,0.07032775,-0.13979495,0.85,0.020659707486629486,4.650943,1.879493
9409,2.2878478,0.057164066,-0.1294862,0.85,0.05,3.5134406,2.2062232
9410,2.2981002,0.013353473,-0.042703718,0.7293655872344971,0.05,2.7747967,2.142072
9411,2.243193,0.05916127,-0.07047734,0.85,0.043130937963724136,3.8742154,1.7376086
9412,2.276728,0.041781865,-0.08564654,0.85,0.05,3.5413883,2.0788565
9413,2.2267048,0.03927422,-0.041645955,0.85,0.05,4.1434917,2.2203693
9414,2.2964127,0.07941001,-0.04876308,0.8378425240516663,0.03266063705086708,2.711339,2.173923
9415,2.3242807,-0.03901625,-0.15772226,0.85,0.032321084290742874,4.0304294,2.1074076
9416,2.275531,0.06942355,-0.0836551,0.85,0.05,3.1453433,2.5172298
9417,2.239147,0.13058913,-0.11402963,0.85,0.05,3.7509027,2.248712
9418,2.3007514,0.05461224,-0.26726842,0.85,0.05,4.851648,2.1349335
9419,2.2775328,0.035880823,-0.043453615,0.4951946437358856,0.052370600402355194,3.1072571,2.7284603
9420,2.3065188,0.051710896,-0.10830588,0.8482502698898315,0.03219018876552582,3.56833,2.599328
9421,2.3092542,0.05896305,-0.12476827,0.5081905722618103,0.02441485971212387,3.3469105,2.062431
9422,2.3025653,0.115464985,-0.13970959,0.85,0.05,2.778087,2.5653703
9423,2.2958834,0.06850313,-0.12686296,0.6871485710144043,0.05,3.1137848,2.2954545
9424,2.3448098,0.03525496,-0.10991654,0.85,0.006044768262654543,2.6385262,2.5233974
9425,2.4278293,0.07368309,-0.14367826,-0.11437959223985672,0.0568048395216465,2.2873592,2.8724284
9426,2.362309,0.14162289,-0.13569304,0.3126085698604584,0.053431157022714615,2.1238048,2.7028322
9427,2.320759,0.034414943,-0.105130956,0.7176902294158936,0.035823430866003036,2.5027611,2.660694
9428,2.0750108,0.0685872,-0.017217893,0.8369518518447876,0.04884921386837959,6.890498,1.4157665
9429,2.184761,0.11528704,-0.045296207,0.6863431334495544,0.05,3.6437254,2.294712
9430,2.3170085,0.063197896,-0.09180296,0.6204510927200317,0.028361503034830093,2.6476429,2.459859
9431,2.2287724,0.12929797,-0.0063023623,0.85,0.05,2.7640748,2.7385137
9432,2.2369912,0.08526671,-0.18247855,0.8274691700935364,0.05,4.7479663,1.6676162
9433,2.2634954,0.109501146,-0.25055364,0.85,0.05,4.685789,1.7859507
9434,2.3400683,0.056634888,-0.2106582,0.85,0.05,2.9279306,2.4319751
9435,2.2514138,0.09852761,-0.12291102,0.8264380693435669,0.007831639610230923,3.9257083,2.202701
9436,2.2036552,0.14935388,-0.21875344,0.85,0.05457504838705063,5.360869,2.0118175
9437,2.1941621,0.05007066,-0.08043164,0.8142622113227844,0.05,4.941031,1.7192714
9438,2.3005037,0.09900474,-0.10414572,0.85,0.05,2.8638744,2.1687443
9439,2.378076,0.054727964,-0.1424928,0.8369393348693848,0.03523467108607292,2.5725288,2.5309286
9440,2.3434765,0.10023951,-0.14596117,0.85,0.05,2.5922065,2.5199304
9441,2.308392,0.05116826,-0.3034469,0.85,0.012258983217179775,4.699872,1.736973
9442,2.2442987,0.16878018,-0.25109646,0.85,0.05,4.1366878,1.8113917
9443,2.3632486,0.061772157,-0.09004116,0.32840272784233093,0.02922571823000908,2.1567235,2.859991
9444,2.289254,0.04761703,-0.036526337,0.8194603323936462,0.026080267503857613,2.91644,2.4494944
9445,2.182786,0.1603668,-0.19425745,0.8214079737663269,0.03269251808524132,5.2269564,1.4989887
9446,2.2839363,-0.027375614,0.075247385,0.85,0.05,2.7078152,2.2334049
9447,2.272685,0.1178551,-0.048171043,0.7869444489479065,0.03262102231383324,2.7471833,2.629602
9448,2.2296274,0.06314026,-0.06658557,0.8378760814666748,0.05,4.286598,1.9404346
9449,2.2653563,0.046809442,-0.1296536,0.8451221585273743,0.0302413497120142,4.2056003,2.3356752
9450,2.193156,0.11195265,-0.040610157,0.85,0.05,4.0777493,2.6853824
9451,2.255429,-0.0005708071,-0.057838485,0.6421409249305725,0.05,3.8270051,1.948288
9452,2.433561,-0.05080831,-0.004330693,0.6820685863494873,0.07294128835201263,2.106027,2.4226532
9453,2.2257068,0.086199336,-0.035598733,0.85,0.03590298816561699,3.9735882,2.562964
9454,2.2483268,0.107575975,-0.084168285,0.7902712821960449,0.05896882712841034,3.5843325,2.5823193
9455,2.2119887,0.2005027,-0.2129089,0.85,0.05,5.059418,2.0786238
9456,2.349072,0.006011789,-0.101054884,0.5857477784156799,0.03674475476145744,2.5854595,2.5625575
9457,2.2469442,0.094517104,-0.15132003,0.85,0.05,4.0723653,1.8705696
9458,2.205037,0.074076965,-0.083739474,0.85,0.05,3.7692301,1.7559061
9459,2.2844124,0.09794775,-0.07538675,0.85,0.025866927579045296,2.856953,2.4241264
9460,2.2126691,0.11227293,-0.09235927,0.85,0.01840333268046379,4.5560493,1.864212
9461,2.1916046,0.11429893,0.029189615,0.7030307054519653,0.04354932904243469,3.38187,2.6229422
9462,2.272091,0.066378675,-0.0047456785,0.8381152153015137,0.05726451799273491,2.7615163,2.56266
9463,2.2652884,0.03684601,-0.1407347,0.8123024702072144,0.05,4.2015796,2.0328798
9464,2.2820199,0.06989553,-0.22299951,0.8175266981124878,0.04678964987397194,4.665609,2.0456603
9465,2.1873784,0.13195333,-0.034454048,0.7834208011627197,0.07058688998222351,4.2063947,2.8851402
9466,2.3655863,0.03343104,-0.0778306,0.4477115571498871,0.0728256106376648,2.4299395,2.556936
9467,2.2386508,0.09935381,-0.1585619,0.8011653423309326,0.02530449442565441,4.3889027,2.0946188
9468,2.2693024,0.10814294,-0.27031595,0.85,0.05185834690928459,4.8508716,2.2413032
9469,2.2859378,0.08007686,-0.09333847,0.85,0.05,2.6267793,2.3367722
9470,2.2790318,0.10613158,-0.13461795,0.7943194508552551,0.0460677444934845,3.4561281,2.2175758
9471,2.308874,0.04914675,-0.055593614,0.8294692635536194,0.05,2.527698,2.2741215
9472,2.2366002,0.05850061,-0.041443337,0.85,0.05,3.6694531,1.8834754
9473,2.2516122,0.07916665,-0.17108999,0.81307053565979,0.029452696442604065,4.440865,1.8013481
9474,2.19172,0.11311399,-0.16518189,0.8090261816978455,0.04523863270878792,4.6922684,1.6527399
9475,2.3611996,0.015912578,-0.11713119,0.8137272596359253,0.05,2.494032,2.5857148
9476,2.3769722,0.033154037,-0.2633102,0.8359807729721069,0.02668873593211174,2.9574778,2.1995435
9477,2.388417,0.03541642,-0.14500825,0.7791751623153687,0.03707222267985344,2.4259012,2.7477431
9478,2.2762501,0.05972785,-0.08430734,0.85,0.05,2.963126,2.613215
9479,2.199525,0.08990504,-0.03926924,0.8324485421180725,0.05,4.0748696,1.7184343
9480,2.2364445,-0.0030976757,-0.045655284,0.6633044481277466,0.015014310367405415,4.3601027,1.769597
9481,2.1739264,0.11253488,-0.13121136,0.8302922248840332,0.05,5.6053553,1.6546526
9482,2.2968853,0.18220255,-0.294371,0.85,0.05,4.1438828,2.1507506
9483,2.390032,0.02737304,-0.21924326,0.85,0.05144258961081505,2.9935353,2.8034627
9484,2.393726,0.084914275,-0.13918488,0.689231812953949,0.05974704027175903,2.242116,2.8208044
9485,2.2853472,0.18290137,-0.22356118,0.85,0.05,3.3656502,2.76539
9486,2.3054256,-0.0015597381,-0.03395823,0.85,0.05,2.6837914,2.0859551
9487,2.2298121,0.076745726,-0.06428173,0.7781838178634644,0.10128052532672882,3.998976,2.3641946
9488,2.2747324,0.11799678,-0.11901654,0.85,0.04910781607031822,3.425368,2.3691878
9489,2.3745914,0.043922998,-0.1808907,0.85,0.05,2.487708,2.3056474
9490,2.286005,0.067451075,-0.16922306,0.85,0.03298373520374298,3.137883,2.3992302
9491,2.245557,0.14994428,-0.11373569,0.85,0.05,3.1319134,2.558437
9492,2.207958,0.111009926,-0.09535452,0.8452638983726501,0.022503875195980072,3.8767114,2.1343763
9493,2.2002442,0.14714827,-0.09806377,0.8022112250328064,0.07555022835731506,4.240304,2.7018564
9494,2.2026944,0.11431154,-0.17306086,0.85,0.05421222001314163,5.1810875,2.2274685
9495,2.1796222,0.1471222,-0.034731828,0.85,0.05,3.704133,2.0761647
9496,2.319778,0.09259011,-0.14983696,0.8129392862319946,0.06593222916126251,2.751819,2.5737667
9497,2.2589703,0.121573955,-0.055197313,0.85,0.05,2.9277236,2.689408
9498,2.2502644,0.07675843,-0.21184118,0.85,0.02571733109652996,4.8872495,1.9176373
9499,2.2761085,0.10202362,-0.054515474,0.8304027318954468,0.03922753781080246,2.7395375,2.5719514
9500,2.3277013,0.009017356,-0.05048547,0.5747207403182983,0.019958186894655228,2.6028392,2.2282794
9501,2.2840319,0.11647271,-0.2655775,0.85,0.03451123088598251,4.859385,2.2633665
9502,2.2111802,0.14923713,-0.30318493,0.85,0.018311984837055206,5.7755756,1.4317799
9503,2.2547376,0.13349283,-0.2580438,0.85,0.05,4.4945025,2.3683584
9504,2.200265,0.09715931,-0.11126734,0.85,0.05,4.6606083,2.083996
9505,2.3637304,0.07375197,-0.18714635,0.6734085083007812,0.0746532529592514,2.5278885,2.5146613
9506,2.2025044,0.065139554,-0.039835203,0.7650671601295471,0.05514572933316231,4.497569,2.0658956
9507,2.315794,0.06569195,-0.06571522,0.5634043216705322,0.042066775262355804,2.4507706,2.4929771
9508,2.3829558,-0.0063320375,-0.061612062,0.5234300494194031,0.048703912645578384,2.3430536,2.1184535
9509,2.2564127,0.028136076,-0.040627312,0.842767596244812,0.027674801647663116,3.5079777,2.1902416
9510,2.2966988,0.04036669,-0.0888843,0.500758945941925,0.07923710346221924,2.554928,2.4911327
9511,2.3054578,0.0077838795,-0.062577225,0.8311877250671387,0.051522091031074524,3.3758254,2.6826727
9512,2.3024313,0.049686298,-0.054064233,0.8495328426361084,0.027491018176078796,2.5888207,2.2278461
9513,2.232883,0.11114284,-0.078169145,0.6428467035293579,0.013142283074557781,3.868762,2.073485
9514,2.3133154,0.1398293,-0.15227337,0.85,0.04358736798167229,2.5087547,2.8623874
9515,2.3574784,0.043413743,-0.21553457,0.85,0.03621247410774231,3.1300588,2.2307706
9516,2.3832822,0.062134594,-0.18420267,0.8047821521759033,0.03329526633024216,2.1624472,2.425299
9517,2.2873037,0.048937757,-0.11663846,0.8440518975257874,0.03478435054421425,3.368725,2.2614646
9518,2.2517624,0.041057415,-0.12612565,0.85,0.0370696596801281,4.3899193,1.8150978
9519,2.3361945,0.15370187,-0.22725596,0.85,0.05,2.4198763,2.30005
9520,2.2988238,0.08556044,-0.107427165,0.85,0.05,2.5749245,2.4557552
9521,2.3422987,0.07103555,-0.19762188,0.85,0.029098257422447205,3.1783774,2.3415515
9522,2.4216304,0.057322603,-0.17775646,0.7799517512321472,0.057989418506622314,2.1370642,2.8117816
9523,2.313098,0.045477714,-0.11541184,0.85,0.05,3.3807385,2.091275
9524,2.2301044,0.07500316,-0.1761535,0.85,0.0319390706717968,4.7072453,1.8276126
9525,2.3290195,0.07156569,-0.12195848,0.536008894443512,0.07112450897693634,3.0332005,2.2318306
9526,2.2782836,0.048290208,-0.08593311,0.6562995910644531,0.05985365808010101,3.6191137,2.48543
9527,2.270194,0.05356431,-0.099351995,0.8122990131378174,0.05,3.1776886,2.0008624
9528,2.3859582,-0.038013253,0.050671667,0.8365023732185364,0.042456720024347305,2.0310805,2.8440785
9529,2.3342063,0.030351656,-0.09451142,0.8459957242012024,0.04589990898966789,2.6495435,2.631341
9530,2.2680771,0.016606951,-0.091855265,0.85,0.05,3.7709045,1.9704002
9531,2.3219912,0.106896326,-0.1658845,0.8427039384841919,0.05,2.7437735,2.4148128
9532,2.3369007,0.065276116,-0.041627992,0.5945842862129211,0.05108964070677757,2.192595,2.8214128
9533,2.3438525,0.014057554,0.014092779,0.5288113355636597,0.024135567247867584,2.3948355,2.6431417
9534,2.3684475,0.040715083,-0.12763958,0.8052200078964233,0.01609957031905651,2.404842,2.476042
9535,2.4125516,0.04014195,-0.064209975,0.5634068250656128,0.048740655183792114,2.0560975,2.7448385
9536,2.2876687,0.03985559,-0.21712016,0.85,0.012658728286623955,4.5315394,1.9239677
9537,2.2585223,0.064541504,-0.14054328,0.85,0.0050530266016721725,4.260339,1.8671051
9538,2.2270374,0.07961575,0.03519362,0.8478959202766418,0.05,3.1292458,2.5865066
9539,2.270701,0.11678678,-0.120693974,0.85,0.021327532827854156,3.3743265,2.5309818
9540,2.2432039,0.07015979,-0.14409329,0.7955255508422852,0.011370407417416573,4.353893,1.6945506
9541,2.2279763,0.13230386,-0.238616,0.8241211771965027,0.0298578180372715,4.7697477,1.57054
9542,2.261522,0.03640676,-0.19707938,0.85,0.023798679932951927,4.82148,1.9534888
9543,2.2988148,0.14798255,-0.06586813,0.8219541907310486,0.06401627510786057,2.2513947,2.5048604
9544,2.341348,0.12589665,-0.07007065,0.4038349688053131,0.049742091447114944,2.152055,2.7964725
9545,2.306669,0.07293606,-0.055298943,0.843209981918335,0.025494111701846123,2.554527,2.3880682
9546,2.335222,0.02766759,-0.20263888,0.85,0.05,3.596217,2.1766033
9547,2.2553825,0.08110964,-0.16967316,0.85,0.05,4.736657,1.7891257
9548,2.1921353,0.1301419,-0.086284816,0.85,0.010983082465827465,4.6792903,1.6287382
9549,2.205439,0.10931037,-0.10219406,0.85,0.05,4.3553467,2.0127745
9550,2.2919192,0.09944583,-0.16838631,0.85,0.05,3.4643595,2.6415746
9551,2.112224,0.10349655,-0.23930489,0.8320730924606323,0.08429840952157974,10.0791025,1.1038294
9552,2.2801845,0.042141486,-0.1491672,0.8136059641838074,0.0636671781539917,3.3835025,2.926765
9553,2.3393302,-0.044162516,-0.078722715,0.32622799277305603,0.06349989026784897,2.7511673,2.4381435
9554,2.288434,0.046452273,-0.06058948,0.85,0.020171020179986954,2.9333162,2.5016894
9555,2.2084508,0.11335998,-0.06945875,0.85,0.05,4.179835,2.095292
9556,2.3589284,0.05389336,-0.14160313,0.8349045515060425,0.037204839289188385,2.5430083,2.1777976
9557,2.311155,0.09231628,-0.15855825,0.5339249968528748,0.0195295512676239,2.9913669,2.2362394
9558,2.1966348,0.07484074,-0.14726125,0.6503063440322876,0.05267995595932007,4.960996,1.6232321
9559,2.2592096,0.024913358,-0.07015039,0.85,0.040368352085351944,3.6199515,2.1641612
9560,2.4123983,-0.0071351174,-0.053619612,0.42946308851242065,0.07083545625209808,2.0480437,2.7120514
9561,2.308387,0.048235696,-0.13329387,0.7042086720466614,0.062342021614313126,3.3227894,2.1280289
9562,2.3411617,0.05776069,-0.13026913,0.8182056546211243,0.02008242905139923,2.6912744,2.2092144
9563,2.2327433,0.09664616,-0.22204429,0.85,0.05,4.5456266,1.5474722
9564,2.3820667,0.035605177,-0.15006332,0.7358154058456421,0.04786420613527298,2.4981558,2.2705326
9565,2.2602618,0.11858846,-0.11843427,0.85,0.05,3.716353,2.6500702
9566,2.3162591,0.07369685,-0.07067175,0.8050764203071594,0.053721558302640915,2.5458105,2.7632463
9567,2.2148705,0.13369092,-0.17936486,0.85,0.05,4.877782,1.6467048
9568,2.2628763,0.13658386,-0.16708189,0.85,0.05,3.7870224,2.2150748
9569,2.3323042,0.0080379015,-0.12693433,0.8037061095237732,0.03469843789935112,2.864633,1.9601861
9570,2.3284664,0.017048087,-0.046956018,0.85,0.022089485079050064,2.3991156,2.5002007
9571,2.2956192,0.11832293,-0.1474697,0.836089551448822,0.04959623143076897,3.0218227,2.7809975
9572,2.2848728,0.06728307,-0.12289518,0.85,0.05,3.3363655,2.3819094
9573,2.3955572,0.0123284,-0.041287772,0.23641996085643768,0.12934008240699768,2.0507739,2.594063
9574,2.2330666,0.11304564,-0.16544545,0.8212466239929199,0.05,4.851457,2.0192075
9575,2.2174518,0.1308976,-0.14694914,0.85,0.05,4.884014,1.6694734
9576,2.1935098,0.13719006,-0.1769905,0.85,0.05,4.8848453,1.5511953
9577,2.329473,0.009112249,-0.117159165,0.85,0.016233917325735092,3.0750592,2.3365035
9578,2.3495197,0.07043506,-0.043573294,0.5418145656585693,0.06663065403699875,2.2936547,2.7730024
9579,2.2145917,0.11014858,-0.11455608,0.85,0.02994597889482975,4.4034796,2.2612143
9580,2.3070087,0.10179539,-0.17967117,0.85,0.0363568440079689,3.2794306,2.3975177
9581,2.3315752,0.10557716,-0.2635543,0.85,0.05,3.6453705,2.132847
9582,2.2655606,0.06567825,-0.088318184,0.85,0.05,3.0128126,1.7648934
9583,2.2668698,0.059641197,-0.17362252,0.8105021119117737,0.05,4.6478286,2.2942731
9584,2.1982498,0.095674075,0.003786501,0.43250295519828796,0.0036790063604712486,3.5114224,2.178106
9585,2.367665,0.03787371,-0.08770023,0.46542617678642273,0.03914188593626022,2.3370347,2.1913157
9586,2.2745829,0.06327353,-0.18796538,0.85,0.025975991040468216,4.4404473,2.092218
9587,2.163459,0.09854485,-0.13521206,0.85,0.014059999957680702,5.221618,1.8975244
9588,2.2731025,0.10201826,-0.019903272,0.6595695614814758,0.05,2.7737794,2.1265867
9589,2.2214117,0.1450266,-0.07729834,0.85,0.039879463613033295,3.9411042,2.4795425
9590,2.3067873,0.05751905,-0.14608994,0.845234215259552,0.03550618514418602,3.2373927,2.6052568
9591,2.2086554,0.11501845,-0.14303151,0.8070288300514221,0.05,4.507281,1.8049163
9592,2.268888,0.05928053,-0.15277052,0.85,0.05,4.7394133,2.1189816
9593,2.3303788,0.044552926,-0.055460304,0.85,0.026274308562278748,2.530544,2.3999078
9594,2.4104893,-0.03481666,-0.054561853,0.2997201979160309,0.026676159352064133,2.256044,2.5257032
9595,2.2574446,0.08055373,-0.1165493,0.85,0.05,3.8052359,2.1934392
9596,2.2508495,0.12182522,-0.06642306,0.85,0.015240207314491272,2.8063834,2.090842
9597,2.3806627,0.043153476,-0.1565937,0.7850260138511658,0.03704887256026268,2.4563444,2.6806421
9598,2.3644419,0.047625158,-0.16219455,0.4452393054962158,0.047192566096782684,2.4368103,2.2232997
9599,2.4706478,0.017037936,-0.020484345,0.538293182849884,0.05772959813475609,2.079266,2.5461128
9600,2.2235599,0.09485863,-0.118188545,0.838295042514801,0.04052655026316643,4.2402616,2.0883124
9601,2.3333094,-0.029745277,-0.17353927,0.8174214959144592,0.021220723167061806,3.6022582,2.174361
9602,2.3493323,0.09256254,-0.16690142,0.828912079334259,0.0022256714291870594,2.552548,2.5404391
9603,2.2252142,0.09426323,-0.063759245,0.85,0.05,4.0861583,1.9102364
9604,2.2459397,0.102523185,-0.23635635,0.85,0.05,4.9410033,1.3926417
9605,2.2986805,0.06437162,-0.00733168,0.7076120972633362,0.03265189379453659,2.3610885,2.566405
9606,2.298714,0.04560247,-0.048534453,0.85,0.03562306985259056,2.8324153,2.630342
9607,2.2827754,0.080577925,-0.010948625,0.85,0.02662762440741062,2.5410726,2.4805884
9608,2.3328507,0.11239537,-0.14244217,0.700989305973053,0.04691808670759201,2.7723908,2.5948014
9609,2.1803198,0.1326491,-0.075140655,0.85,0.02834423817694187,4.5199103,2.453806
9610,2.3020053,0.09192838,-0.002181871,0.7138099074363708,0.06248299777507782,2.425655,2.4805853
9611,2.33372,0.09383434,-0.18878049,0.85,0.05,2.9555998,2.763953
9612,2.2425728,0.10723554,-0.053378053,0.8364806175231934,0.03489819914102554,3.2626212,2.7252195
9613,2.3576286,0.011252703,-0.14799868,0.7818779945373535,0.03649093583226204,2.5914376,2.3227146
9614,2.3050501,0.100293584,-0.05427715,0.6350108981132507,0.0496784970164299,2.4779868,2.4825478
9615,2.3229034,0.12444199,-0.16461705,0.7872958779335022,0.006031367927789688,2.1587617,2.5804605
9616,2.2747934,0.09410265,-0.21306454,0.3383784890174866,0.0212718416005373,4.1942854,2.2557218
9617,2.2220745,0.08999263,-0.116957486,0.85,0.05,4.7112794,1.6529317
9618,2.281943,0.10144289,-0.1077749,0.85,0.011641201563179493,2.8090322,2.2832997
9619,2.3111281,0.120690726,-0.18442227,0.7889366149902344,0.033440496772527695,2.6198893,2.5096426
9620,2.224715,0.02630428,-0.06400629,0.85,0.05,4.3348465,1.6404442
9621,2.1819756,0.114084266,-0.083748296,0.8392792344093323,0.00971089769154787,4.6932096,1.7753012
9622,2.249639,0.031723972,-0.06418959,0.8091944456100464,0.0638883039355278,3.9479396,2.5293348
9623,2.2186322,0.16279896,-0.29551974,0.85,0.007402832619845867,5.138941,1.6462415
9624,2.269311,0.21019362,-0.23167355,0.85,0.037644162774086,3.2936823,2.920737
9625,2.283324,0.08025379,-0.13820235,0.85,0.029306380078196526,3.421496,2.5404625
9626,2.3243961,0.07857817,-0.10071288,0.7129998207092285,0.023076344281435013,2.4414208,2.5258431
9627,2.3954492,0.07024334,-0.046024803,0.85,0.03636142611503601,2.024508,2.7035358
9628,2.1513588,0.23562776,-0.24309906,0.85,0.05,6.1369,1.5162284
9629,2.3294013,-0.022835165,-0.10369756,0.85,0.05,3.1488345,2.068597
9630,2.2018607,0.109245814,-0.046208646,0.7253710627555847,0.027598120272159576,3.9976418,2.0331066
9631,2.211219,0.08579695,-0.14539973,0.85,0.031975578516721725,4.291506,2.4973688
9632,2.255038,0.16227806,0.015136929,0.85,0.03833179548382759,2.4116392,2.4880157
9633,2.3503294,0.019069249,-0.088817164,0.6606531143188477,0.04536427557468414,2.643851,2.382029
9634,2.2171803,0.11509357,0.010771857,0.85,0.05,3.1853428,2.4925413
9635,2.3235874,0.053118262,-0.11725087,0.845294713973999,0.031258340924978256,2.461634,2.4612544
9636,2.3065891,0.084908746,-0.10457924,0.85,0.012278661131858826,2.7112641,2.2891083
9637,2.339303,0.054866333,-0.12361614,0.8177510499954224,0.05,2.572447,2.4121895
9638,2.3426473,0.05122158,-0.21354145,0.85,0.02852162905037403,2.7948565,2.6227267
9639,2.2105134,0.12799136,-0.037490502,0.5110676884651184,0.02245783992111683,3.2976675,2.4218037
9640,2.3240051,0.01273171,-0.17098847,0.8056569695472717,0.034215547144412994,3.9506748,2.2193434
9641,2.2243757,0.10910123,-0.12642547,0.7567117810249329,0.049860674887895584,4.0951295,2.098798
9642,2.3144598,0.03399604,-0.0583394,0.6701417565345764,0.024057727307081223,2.4823377,2.2832944
9643,2.2067735,0.05650662,-0.04478518,0.7415713667869568,0.030148420482873917,4.1721935,1.7297446
9644,2.3104181,0.047211893,-0.07167614,0.85,0.012586413882672787,2.7102463,2.4631064
9645,2.2357774,0.053142123,0.05741794,0.85,0.03535335510969162,3.4729776,2.6642272
9646,2.299422,0.048159286,-0.10311095,0.5837826132774353,0.10567756742238998,3.153472,2.2593603
9647,2.2240965,0.07841303,-0.0047546444,0.7994267344474792,0.05,2.7310195,2.116716
9648,2.2453544,0.14211953,-0.05767862,0.85,0.04100966826081276,3.2271028,2.7500837
9649,2.3046231,0.031146158,-0.117257245,0.85,0.026999279856681824,3.7858377,2.2706769
9650,2.2504404,0.11509999,-0.16448462,0.8371890783309937,0.039075322449207306,4.4566574,2.1120548
9651,2.3301718,0.08071736,-0.19838211,0.85,0.035854440182447433,3.1154733,2.760938
9652,2.191977,0.065428875,-0.011264449,0.8120702505111694,0.030835852026939392,4.0174327,1.7959598
9653,2.248724,0.1100391,-0.21153146,0.788200318813324,0.03095734491944313,4.65053,2.1573687
9654,2.2539375,0.07512466,-0.0021881403,0.7402469515800476,0.013196701183915138,2.7540371,2.9011948
9655,2.2540817,0.09336458,-0.11031465,0.85,0.036153119057416916,3.7549767,2.440168
9656,2.219371,0.039366554,-0.10881939,0.85,0.01992744952440262,4.668731,1.763339
9657,2.2253385,0.08792293,-0.020148087,0.85,0.0077253165654838085,3.1441076,2.3582585
9658,2.1780212,0.109579414,-0.052967735,0.822974443435669,0.021257024258375168,4.005346,2.2767663
9659,2.2264607,0.06954921,-0.0035407543,0.8181636333465576,0.04156138002872467,3.2968893,1.9653203
9660,2.3218849,0.032521408,-0.011302356,0.85,0.02719055861234665,2.5103557,2.3605464
9661,2.1847656,0.06680512,0.013763537,0.8030081391334534,0.05,3.4131734,1.6967854
9662,2.3685706,0.03343685,-0.18000811,0.7831666469573975,0.03989763185381889,2.9214408,2.4635675
9663,2.330819,0.10337173,-0.21171711,0.21179117262363434,0.14310696721076965,2.8226376,2.600577
9664,2.280276,0.10190896,-0.074354455,0.85,0.019078494980931282,2.60421,2.7344635
9665,2.2139635,0.12834997,-0.047439244,0.8353524208068848,0.05,3.870796,2.197761
9666,2.2944577,0.10611463,-0.25210878,0.85,0.05,4.093138,2.0864894
9667,2.3495562,0.070700295,-0.10878992,0.8404267430305481,0.010344970971345901,2.5017517,2.366585
9668,2.3307943,0.084445894,-0.05522252,0.8289526104927063,0.05,2.237512,2.6343265
9669,2.2144277,0.08474642,-0.08449329,0.8275104761123657,0.03806594759225845,3.7563527,2.309177
9670,2.2672937,0.020622475,-0.023818748,0.8406306505203247,0.01409190520644188,3.3065586,2.1035948
9671,2.308889,0.045948777,-0.038524903,0.8292882442474365,0.05,2.4388838,2.2025557
9672,2.285066,0.10617667,-0.20239983,0.8442866802215576,0.054893895983695984,4.413864,2.6789274
9673,2.2158802,0.0846937,-0.105212115,0.5948004126548767,0.050153739750385284,4.2142196,1.979337
9674,2.3676178,-0.013128116,0.020271944,0.1610317826271057,0.016239479184150696,2.1782527,2.7449636
9675,2.275191,0.08126469,-0.31354523,0.8242328763008118,0.05,5.0587764,1.4079033
9676,2.2376926,-0.0015428499,-0.13074742,0.85,0.05,4.5298877,1.7832202
9677,2.1861014,0.07070202,-0.18419321,0.8339590430259705,0.02192959561944008,5.302505,1.4889512
9678,2.3248034,0.05693718,-0.18283658,0.8228687047958374,0.05291692912578583,3.700229,2.6254141
9679,2.1966896,0.085507445,-0.03502438,0.8349022269248962,0.04595169052481651,4.499021,2.1153617
9680,2.275222,0.077517435,-0.122864135,0.7966251969337463,0.05,3.2839963,2.3453455
9681,2.3428206,0.0680574,-0.12460918,0.652613639831543,0.05,2.3750572,2.28406
9682,2.3775544,0.0021108885,-0.11929676,0.8055081367492676,0.03234296292066574,2.1528268,2.4046752
9683,2.127991,0.13602541,-0.0031649075,0.8197846412658691,0.07383021712303162,5.0617337,1.8127652
9684,2.2964766,0.017989991,-0.05773035,0.8364415168762207,0.02483592927455902,3.094264,2.4977648
9685,2.277769,0.098258756,-0.1650601,0.85,0.05,3.7752447,2.1783442
9686,2.1721506,0.07900022,-0.06193396,0.85,0.05,4.846467,1.804758
9687,2.2419686,0.049033448,-0.059753913,0.85,0.05,3.6715546,2.305822
9688,2.2196476,0.05553966,-0.028689604,0.85,0.05,4.231075,2.6963828
9689,2.2103188,0.041923665,-0.069768235,0.85,0.05,4.1140494,1.9700853
9690,2.161156,0.09547646,0.03811285,0.5540777444839478,0.05,3.9549057,1.9904946
9691,2.2525218,0.11986484,-0.21671377,0.8477500677108765,0.05234438553452492,4.898243,2.0999115
9692,2.2982678,0.13233213,-0.11426236,0.85,0.026541180908679962,2.5579457,2.5252683
9693,2.255866,0.13922516,-0.1486704,0.6839014291763306,0.04468332976102829,3.8521802,2.146371
9694,2.3116636,-0.008737864,-0.079584785,0.85,0.02575395256280899,3.2901368,2.4284601
9695,2.2806847,0.12017577,-0.2408026,0.85,0.05,4.111018,2.3644614
9696,2.1753123,0.070737414,0.013515115,0.85,0.05,4.385993,1.7441154
9697,2.2287962,0.12864277,-0.14520545,0.85,0.018146583810448647,4.444483,1.9427699
9698,2.359223,0.009308695,-0.07499971,0.8426400423049927,0.004829613957554102,2.352286,2.2932417
9699,2.359459,-0.026670482,0.033692468,0.8194193840026855,0.05,2.283911,2.0966475
9700,2.3487134,0.058245905,-0.18679014,0.5930051803588867,0.046320848166942596,2.7504356,2.5644047
9701,2.2136824,0.026744718,-0.08175447,0.8432298898696899,0.05,4.7190933,1.7253108
9702,2.225531,0.14808577,-0.11380427,0.85,0.030912304297089577,3.95611,2.663205
9703,2.2335196,0.124628566,-0.114948146,0.85,0.05,3.8969135,2.6454082
9704,2.3227801,0.09364809,-0.1364908,0.8098324537277222,0.05180320143699646,2.6904085,2.3855
9705,2.3426073,0.039238807,0.004380737,0.24483239650726318,0.04721542447805405,2.0378587,2.4141972
9706,2.2630057,0.070189156,0.020492163,0.85,0.05,2.8723898,2.3763392
9707,2.2484837,0.039643086,-0.052007977,0.8263012170791626,0.031320273876190186,3.7011914,1.936478
9708,2.2756073,0.14643398,-0.12034297,0.8481582999229431,0.03318588808178902,2.861362,2.3853247
9709,2.3611946,0.036886115,-0.15535875,0.7430904507637024,0.03178039938211441,2.5846944,2.0824733
9710,2.3845356,0.08588747,-0.3117331,0.85,0.05,3.3990333,2.6887648
9711,2.3643537,0.041903537,-0.18615341,0.85,0.05,2.8078215,2.6535528
9712,2.3420405,0.18312278,-0.15100908,0.8284764885902405,0.015701299533247948,2.1081922,2.675493
9713,2.2778676,0.07328693,-0.20020883,0.85,0.03967682272195816,4.4743376,2.1567488
9714,2.2275677,0.050576597,-0.10545819,0.85,0.05,4.5863047,1.742172
9715,2.2000473,0.0683957,-0.15270539,0.85,0.05,5.1735144,1.6737748
9716,2.1539981,0.08617585,0.013594351,0.85,0.05,4.5667157,1.7692066
9717,2.3312685,0.0063780807,-0.040577322,0.85,0.04704374447464943,2.6580122,2.7501385
9718,2.2295814,0.049285397,0.04960539,0.85,0.05,3.5616329,2.4087877
9719,2.3831143,0.103407405,-0.16671272,0.85,0.04673486202955246,2.389515,2.5747619
9720,2.315284,0.033344723,-0.08708215,0.8422955274581909,0.036128293722867966,2.97,2.414378
9721,2.2148945,0.1389622,-0.16099636,0.85,0.05,4.6289954,1.9039178
9722,2.2247822,0.12780255,-0.08909391,0.7248454093933105,0.02608809806406498,3.5797536,2.4864166
9723,2.2721877,0.038081493,-0.07798233,0.85,0.05,3.2313516,2.831693
9724,2.2170105,0.0704992,-0.083738185,0.85,0.05,4.5017257,1.8010373
9725,2.3630605,0.061519373,-0.23104702,0.5705875158309937,0.007092982530593872,2.9125865,2.1307273
9726,2.312998,0.07048375,-0.11389012,0.85,0.05,2.2097363,2.69859
9727,2.2715828,0.034875747,-0.08254709,0.85,0.0016524435486644506,3.838428,2.5501027
9728,2.2911143,0.057361647,-0.14825188,0.8168458938598633,0.05,3.345161,2.4310539
9729,2.3915417,0.09029464,-0.2756819,0.85,0.021910468116402626,2.603517,2.7641327
9730,2.4270751,0.0006061694,-0.06478535,0.5364232063293457,0.04696890339255333,2.0450025,2.5734537
9731,2.2892227,0.1114921,-0.24015735,0.85,0.01733991503715515,4.422501,2.2483797
9732,2.313544,0.10358397,-0.20858134,0.85,0.05,3.839504,2.7131855
9733,2.3749104,0.10402962,-0.27602127,0.8383777737617493,0.03953024744987488,2.8654292,2.8161905
9734,2.305958,0.07808371,-0.15131527,0.8330884575843811,0.05242541804909706,3.3706868,2.4222856
9735,2.273425,0.1162015,-0.120156296,0.8251848816871643,0.05,2.785651,2.2403502
9736,2.2882087,0.0859321,-0.0796286,0.85,0.04427434504032135,2.792034,2.5601926
9737,2.3072813,0.084409274,-0.11495752,0.85,0.05,2.7085426,2.5439882
9738,2.1913896,0.056779265,-0.1364286,0.6026465892791748,0.05,4.5799265,1.526445
9739,2.3518584,0.0010912599,-0.022069242,0.710699737071991,0.051280755549669266,2.368227,1.9277269
9740,2.3285663,0.016342022,-0.08597338,0.6900462508201599,0.05,2.60963,2.7158358
9741,2.4099503,0.0443728,-0.066575125,0.38263243436813354,0.07815803587436676,2.0220914,2.7749302
9742,2.3430128,0.067829624,-0.27658293,0.85,0.05,4.078088,1.9741623
9743,2.1748884,0.110063456,-0.087702624,0.85,0.020408155396580696,4.375323,2.1575341
9744,2.2431793,0.08666442,-0.09383235,0.7654604911804199,0.05238116532564163,3.850109,1.9247444
9745,2.2394962,0.12924182,-0.23401032,0.85,0.05,4.5866504,1.6270089
9746,2.2404773,0.07666029,-0.12204376,0.85,0.05,4.0436435,1.7503403
9747,2.2117734,0.047199763,-0.063640974,0.85,0.013631914742290974,4.6928864,1.862895
9748,2.3465316,0.008082533,-0.09989318,0.7813423871994019,0.04434353485703468,2.228883,2.6995654
9749,2.3788164,0.104266256,-0.09746306,0.6487399339675903,0.04227804020047188,2.3506649,2.728466
9750,2.2473302,0.06954185,-0.22063056,0.85,0.05,5.270735,1.6533227
9751,2.2060862,0.12272438,-0.17460786,0.8397747874259949,0.016440995037555695,4.9599733,1.7051593
9752,2.2020142,0.07143281,-0.11055044,0.85,0.05,4.694342,1.6729524
9753,2.1593595,0.09151851,-0.08345622,0.85,0.05,4.848995,1.689654
9754,2.2663558,0.1362927,-0.07891635,0.5972840189933777,0.05,2.608655,2.3464975
9755,2.325707,0.09346582,-0.13801174,0.85,0.02559811621904373,2.3859599,2.4937756
9756,2.183834,0.05260249,-0.010687989,0.85,0.05,4.5781913,1.9141166
9757,2.2309098,0.13926469,-0.025130356,0.85,0.05,3.3129525,2.6584325
9758,2.310963,0.07508208,-0.10061001,0.7045283913612366,0.04275021329522133,2.8107183,2.479666
9759,2.2192476,0.09388606,-0.20753329,0.7306831479072571,0.07914508879184723,5.0037637,1.9467119
9760,2.2585511,0.12839149,-0.06941046,0.8240107893943787,0.05289604142308235,2.972919,2.790233
9761,2.16895,0.15431869,-0.13604781,0.8484359383583069,0.04228124022483826,4.4347224,2.8045096
9762,2.2419488,0.042992093,-0.048523027,0.85,0.05,4.050956,1.9703261
9763,2.2561135,0.0073083183,-0.08879931,0.85,0.004447056446224451,3.981563,1.8977026
9764,2.2769406,0.055258945,-0.05221845,0.7755776047706604,0.092010997235775,2.8578494,2.6936176
9765,2.2763047,0.15281963,-0.06294429,0.7643976211547852,0.05587127059698105,2.4653924,2.705967
9766,2.2435203,0.046158932,-0.05937631,0.85,0.05,3.6016216,2.0221736
9767,2.2389212,0.08247329,-0.002561312,0.85,0.03398662433028221,3.2821963,2.497885
9768,2.2820926,0.042472623,-0.10079046,0.818091869354248,0.06434956938028336,3.356088,2.5993412
9769,2.2968178,0.09134925,-0.07762694,0.6501482129096985,0.041302818804979324,2.2226934,2.175813
9770,2.2654002,0.10163419,-0.21258724,0.85,0.05,4.251235,1.8867449
9771,2.1602595,0.10129347,-0.119292624,0.85,0.05,5.523762,1.4247676
9772,2.2462986,0.016494453,-0.120646976,0.85,0.05,4.4464507,2.058323
9773,2.216251,0.13126172,-0.1233293,0.85,0.05,4.0780725,1.9593722
9774,2.324307,0.0038040325,-0.09782546,0.85,0.05,3.026339,2.118128
9775,2.329197,0.06020571,-0.0649774,0.8247535824775696,0.07406628131866455,2.5104082,2.733165
9776,2.3678823,0.033474844,-0.09819368,0.3117995858192444,0.003911352716386318,2.2003627,2.501312
9777,2.1796398,0.08744128,-0.032562394,0.8306277990341187,0.05,3.9356716,2.1076794
9778,2.2186558,0.14457558,-0.025168093,0.8303130865097046,0.020227421075105667,2.8730562,2.4876072
9779,2.250024,0.18543127,-0.04442616,0.7474101185798645,0.068758524954319,2.245289,2.840949
9780,2.3086007,0.028559485,-0.233719,0.7905339598655701,0.05,4.4408765,1.7956492
9781,2.2601907,0.06423914,-0.11775081,0.85,0.05,4.422945,1.8835797
9782,2.3220675,0.07884949,-0.21729626,0.85,0.05,3.6616726,2.516473
9783,2.1549284,0.071628116,-0.06115336,0.85,0.05,5.2494864,1.6866806
9784,2.2468271,0.08419407,-0.12231914,0.85,0.033187635242938995,4.134826,2.3288388
9785,2.3139417,0.09580717,-0.19461243,0.85,0.019260182976722717,3.2533443,2.1020575
9786,2.3417087,0.05445077,-0.056671415,0.35215336084365845,0.0443444661796093,2.2969844,2.7122228
9787,2.1785839,0.13563527,-0.06905229,0.8400558233261108,0.03724207729101181,4.8945646,2.1074016
9788,2.329783,0.12085357,-0.1929115,0.85,0.03490448370575905,2.6742926,2.8728347
9789,2.3478746,0.08038093,0.012852936,0.8450583219528198,0.03335847705602646,2.1046093,2.5396545
9790,2.259347,0.07098835,-0.13463157,0.85,0.05,4.0896664,2.4749837
9791,2.2389975,0.118030004,-0.09411615,0.85,0.010742461308836937,4.058071,2.0383263
9792,2.192726,0.11733785,-0.12815504,0.85,0.05,4.3931394,1.7373582
9793,2.4326382,0.028117029,-0.16469297,0.5974705219268799,0.05,2.068722,2.6656578
9794,2.2924764,0.08537531,-0.26326463,0.790885329246521,0.00395976472645998,4.7322555,1.902368
9795,2.193555,0.08277755,-0.031631567,0.792003333568573,0.05,4.128002,1.7315915
9796,2.319809,0.08344325,-0.15572196,0.7355127930641174,0.02464909479022026,2.9764266,2.4628067
9797,2.2882242,0.110935666,-0.120889865,0.85,0.006853599566966295,2.8383126,2.1278849
9798,2.2875423,0.15966706,-0.10836473,0.8073265552520752,0.03658760339021683,2.5402462,2.597984
9799,2.1684082,0.16469784,-0.036580622,0.8137319684028625,0.05,4.0113273,1.6934451
9800,2.2157102,0.06998943,-0.022638686,0.85,0.03423498943448067,3.7044454,2.0338285
9801,2.2314177,0.21935882,-0.13863114,0.841288685798645,0.05714816600084305,3.4152226,2.8068423
9802,2.2921007,0.023003554,-0.054133113,0.7872316837310791,0.05,3.3716748,2.181774
9803,2.3428738,0.06387874,-0.22806722,0.85,0.05,2.9163446,2.2090974
9804,2.2677498,0.067991905,-0.11776345,0.85,0.037327446043491364,3.5121372,2.3245327
9805,2.3022566,0.103929535,-0.17175724,0.8444927930831909,0.04593677446246147,3.154783,2.6432405
9806,2.263955,0.1269244,-0.09028494,0.8449472188949585,0.044758763164281845,3.2569966,2.7905731
9807,2.2749517,0.11650498,-0.105706535,0.7922894358634949,0.019985653460025787,2.9242887,2.439414
9808,2.2311866,0.14264733,-0.1866673,0.8296100497245789,0.05,4.6585603,2.0524607
9809,2.2811782,0.06790297,-0.08314362,0.85,0.05,3.143909,2.016649
9810,2.275152,0.12926221,-0.16558649,0.85,0.023885490372776985,3.622469,2.6565466
9811,2.2939725,0.08186488,-0.16517399,0.85,0.05,3.4408257,2.0909667
9812,2.3291996,-0.005636634,-0.10850291,0.8049824237823486,0.05,3.0000942,2.3097873
9813,2.2874537,0.05967102,-0.16475844,0.85,0.03773387148976326,4.136049,2.2553995
9814,2.2935262,0.012453582,0.0052937814,0.811638355255127,0.0422557108104229,2.6448717,2.2688634
9815,2.178311,0.10583108,-0.044250555,0.85,0.01508784107863903,4.4532776,1.925925
9816,2.3419883,0.0021646111,-0.12772292,0.85,0.007199634797871113,2.5279877,2.2443106
9817,2.3869154,0.089929424,-0.13804142,0.8424445986747742,0.05,2.1208375,2.5443444
9818,2.2881281,0.07900478,-0.14907528,0.8323177695274353,0.04695078730583191,3.1239724,2.6795504
9819,2.3683202,0.08109257,-0.22726896,0.8280948400497437,0.05,2.6425772,2.7164752
9820,2.2624424,0.11776007,-0.086319186,0.85,0.05,3.1323128,2.754881
9821,2.3272753,0.0110447025,-0.09389242,0.7992914319038391,0.036051783710718155,3.2673795,2.3252642
9822,2.2678232,0.11100802,-0.13400805,0.85,0.010170256718993187,3.8058515,2.1859877
9823,2.2939456,0.09006184,-0.20149276,0.85,0.012371676973998547,3.8802574,2.1112833
9824,2.1926382,0.12401495,-0.05466413,0.8056200742721558,0.03643624484539032,4.1867867,2.4299273
9825,2.3074825,0.06476134,-0.06651261,0.8243646621704102,0.04286789521574974,2.6057603,2.3434706
9826,2.229826,0.10813714,-0.1021612,0.5288902521133423,0.07055424153804779,3.780227,2.899298
9827,2.3378534,0.09280344,-0.17546168,0.85,0.05,2.6050067,2.4803073
9828,2.237001,0.03688108,-0.07621184,0.8499463796615601,0.05,4.2941785,1.6954548
9829,2.3234828,0.072532184,-0.055601865,0.566719114780426,0.05133238062262535,2.2843533,2.7718558
9830,2.2872868,0.019115657,-0.076362275,0.8304271697998047,0.036551736295223236,2.9581704,2.1640117
9831,2.2833512,0.09900864,-0.058020514,0.6502207517623901,0.057426586747169495,2.5107887,2.8782876
9832,2.2937045,0.04670299,-0.036586087,0.85,0.01841927506029606,2.667286,2.581634
9833,2.320394,0.11385145,-0.19663069,0.85,0.05,3.3287055,2.6415524
9834,2.372014,0.038008947,-0.11927319,0.8095861673355103,0.02689862623810768,2.2064528,2.4964669
9835,2.3408809,0.10500133,-0.067490354,0.85,0.023989709094166756,2.2405846,2.4767551
9836,2.3042934,0.119002566,-0.19936888,0.85,0.0432780422270298,3.6072667,2.7279525
9837,2.2125444,0.13074066,-0.21053149,0.8178126811981201,0.04557673633098602,4.8569083,1.5176598
9838,2.254634,0.07892033,-0.07454053,0.85,0.05,3.448831,2.724955
9839,2.2236829,0.065078594,0.042418495,0.8267948031425476,0.05,2.9458528,2.0672476
9840,2.2527223,0.10105674,-0.07347867,0.85,0.05,3.2996452,2.3830292
9841,2.2989802,0.11127055,-0.18171512,0.85,0.03201168775558472,3.4809318,2.7017808
9842,2.3239431,0.09960465,-0.1294517,0.85,0.008430265821516514,2.3061576,2.676121
9843,2.2421134,0.18158516,-0.039148133,0.85,0.05,2.4810183,2.6509805
9844,2.3699503,0.021494022,-0.06995662,0.5947637557983398,0.027117200195789337,2.0937936,2.2184029
9845,2.2446885,0.068783954,-0.13088529,0.85,0.05,4.0171537,2.1001027
9846,2.275362,0.08784871,-0.27583855,0.85,0.05,5.2325773,1.7814796
9847,2.245569,-0.028368244,-0.11352542,0.8338326811790466,0.05,5.0200977,1.7630023
9848,2.3273802,0.06456081,-0.12325608,0.7972275614738464,0.034833699464797974,2.767206,2.6794138
9849,2.3872473,0.013915469,-0.13963017,0.6331397891044617,0.09106693416833878,2.5489821,2.786104
9850,2.2256792,0.096975625,-0.11479564,0.85,0.011787991039454937,3.840727,2.4477794
9851,2.2489858,0.072002575,-0.16967419,0.8247212171554565,0.028640637174248695,4.77945,1.6346016
9852,2.1632967,0.077080436,-0.10337958,0.85,0.05,5.4512186,1.4629215
9853,2.232764,0.082176395,-0.08346849,0.7846108078956604,0.05,3.9754794,2.145595
9854,2.2573044,0.047489665,-0.09295441,0.8296447396278381,0.03087971918284893,3.7127378,2.2412994
9855,2.3142662,0.010088542,-0.13488922,0.85,0.006303886882960796,3.3588243,2.6030207
9856,2.2489057,0.074271604,-0.0049959663,0.85,0.02269364334642887,3.1556056,2.706263
9857,2.1973093,0.06795263,-0.07103792,0.85,0.05,4.727906,2.1100368
9858,2.2985778,0.044957172,-0.1517145,0.85,0.05,3.6621654,2.239409
9859,2.35073,0.0816021,-0.05897582,0.6647891402244568,0.0986211895942688,2.046456,2.6637251
9860,2.2549195,0.03186517,-0.01944472,0.6528013944625854,0.028510913252830505,3.3743591,2.756791
9861,2.318742,0.04263654,-0.1819501,0.8351329565048218,0.062456898391246796,3.3900142,2.6046631
9862,2.282539,0.11374763,-0.0469316,0.85,0.003774441545829177,2.5111117,2.3623967
9863,2.265449,0.15565433,-0.14191738,0.85,0.034178897738456726,3.252721,2.7626052
9864,2.2913873,0.103653416,-0.03870125,0.7360606789588928,0.039260134100914,2.959288,2.524726
9865,2.327777,0.04165658,-0.041542985,0.85,0.0556725412607193,2.2617385,2.7751858
9866,2.202127,0.09611973,-0.1293407,0.85,0.026947518810629845,4.7106547,2.2295115
9867,2.2662137,0.06986366,-0.23201029,0.85,0.04377413168549538,4.9495006,1.9067588
9868,2.2596006,0.082767,-0.10415134,0.8429033160209656,0.03871966525912285,3.6985068,2.7009556
9869,2.2284162,0.09866057,-0.05383256,0.85,0.05,3.494037,1.7753195
9870,2.3623662,0.06759416,-0.18214294,0.85,0.02052490785717964,2.5219615,2.1723402
9871,2.3525074,0.033704177,-0.08186117,0.7469005584716797,0.05,2.37465,2.473032
9872,2.3048496,0.055234056,-0.020815788,0.7817023396492004,0.02133091166615486,2.5207784,2.629462
9873,2.2198615,0.040943265,-0.08122734,0.7910515069961548,0.02671569399535656,4.5428443,1.7016009
9874,2.2350984,0.15756321,-0.1522495,0.8372318744659424,0.05,3.8719084,2.1144857
9875,2.410585,-0.0059722597,-0.027635911,0.6623797416687012,0.044520147144794464,2.2483041,2.7513156
9876,2.2923503,0.10869475,-0.09969547,0.7660943269729614,0.024563653394579887,2.6377256,2.4809747
9877,2.2041523,0.10071244,-0.016111786,0.85,0.05,3.8975842,2.037503
9878,2.2858346,0.06302893,-0.09317208,0.85,0.05,3.0850174,1.955325
9879,2.2899559,0.08737419,-0.22702631,0.85,0.01440753135830164,4.3425665,1.7862731
9880,2.268906,-0.02910321,-0.06997211,0.808165967464447,0.020541472360491753,4.5881896,1.8974118
9881,2.2004704,0.090829045,-0.046217967,0.85,0.016997206956148148,3.928737,1.7478275
9882,2.2342017,0.06292392,-0.13893785,0.8394569158554077,0.03178147226572037,4.3694196,2.0866861
9883,2.3160965,0.08561496,-0.21999183,0.85,0.04688876494765282,3.6874313,2.2151315
9884,2.353086,0.05123683,-0.11291989,0.572961151599884,0.020546354353427887,2.4305477,2.4159446
9885,2.2720392,0.03639402,-0.07084874,0.85,0.013401422649621964,3.2678452,2.1427345
9886,2.3068223,0.11127298,-0.106195144,0.7805908918380737,0.05808481201529503,2.624308,2.6033967
9887,2.2618685,0.124808624,-0.26883107,0.85,0.02756708301603794,5.032808,2.1435995
9888,2.2005932,0.13896732,-0.2233642,0.840502917766571,0.03664615750312805,5.298436,1.6529934
9889,2.2723725,0.06532447,0.015387175,0.4065920412540436,0.04073397070169449,2.62397,2.8422182
9890,2.2911801,0.08424965,-0.04898721,0.85,0.04843612015247345,2.522668,2.8526132
9891,2.384257,-0.008868869,-0.048994634,0.6323387026786804,0.044256605207920074,2.3438387,2.4427774
9892,2.2415538,0.092225015,-0.102348045,0.2624272406101227,0.019964201375842094,3.4715848,2.0745628
9893,2.2307384,0.07159076,-0.13575073,0.8043047785758972,0.05001406744122505,4.230886,1.7008492
9894,2.2048995,0.07007577,-0.075556725,0.7353845238685608,0.03739757090806961,4.531144,1.9209366
9895,2.2126665,0.06337641,-0.23131627,0.85,0.03137090429663658,6.018973,1.5090007
9896,2.2945406,0.0027990344,0.005700379,0.68437260389328,0.05,2.5743003,2.3490717
9897,2.2427433,0.11263044,-0.15667357,0.7852978110313416,0.03667304292321205,4.72583,2.3608997
9898,2.2240872,0.1472562,-0.14789036,0.85,0.011402226984500885,4.4618635,2.1928322
9899,2.2933974,0.06389582,-0.1581364,0.85,0.03040889836847782,3.993379,2.2782648
9900,2.3587449,-0.07224371,-0.00419658,0.4907727539539337,0.05,2.3019412,2.5574949
9901,2.269717,0.122548215,-0.14086345,0.85,0.05,3.5514848,1.842841
9902,2.3220024,0.018890556,-0.043034133,0.85,0.05,2.4215224,2.711494
9903,2.2362926,0.1309068,-0.17705424,0.85,0.05,4.08064,1.7416975
9904,2.188974,0.10825401,-0.085737556,0.85,0.05,3.9897487,1.7800897
9905,2.1790934,0.1430531,-0.055006783,0.7998605966567993,0.05,3.7510579,2.1808436
9906,2.3310835,0.00912951,-0.004018104,0.85,0.03764182701706886,2.2528918,2.691299
9907,2.143404,0.13005503,-0.06761561,0.85,0.05,5.108923,1.9791846
9908,2.2789085,0.07290961,-0.10770636,0.8347218036651611,0.022223668172955513,3.1165903,2.7589808
9909,2.294866,0.102023676,-0.1978679,0.85,0.05,3.5315135,2.479282
9910,2.2436235,0.011187616,-0.014617723,0.8396757245063782,0.05,3.9442158,2.1781156
9911,2.319755,0.0626804,-0.18586278,0.6250918507575989,0.02947503700852394,2.6241333,2.3033702
9912,2.2529082,0.063142136,-0.075010896,0.8385021686553955,0.02409275434911251,3.3135402,2.1180875
9913,2.3558064,0.07330875,-0.15134342,0.7382513880729675,0.029391692951321602,2.7136178,2.5958986
9914,2.3732133,0.12284196,-0.11089681,0.4087783098220825,0.05835983529686928,2.2505662,2.6662946
9915,2.3070676,0.061169453,0.014681024,0.8069716095924377,0.016252465546131134,2.240644,2.2370481
9916,2.3618045,0.039929755,-0.20242362,0.5136590003967285,0.042990490794181824,3.0801508,2.177077
9917,2.2517667,0.014562876,-0.05400028,0.85,0.05,3.6682882,2.1064444
9918,2.3125405,0.06305775,-0.11088404,0.8425716161727905,0.03599806874990463,2.6884851,2.2986097
9919,2.2654152,0.10122681,-0.101295024,0.85,0.05,3.2708104,2.5743065
9920,2.3587792,0.094321184,-0.087578215,0.7107129693031311,0.05582243949174881,2.0849042,2.5075014
9921,2.3262134,0.051153596,-0.16484725,0.85,0.008701646700501442,3.0891826,2.1498044
9922,2.306109,0.101390235,-0.24706997,0.8482476472854614,0.050316937267780304,4.0861335,2.7864027
9923,2.2209496,0.119678274,-0.11606345,0.835917055606842,0.05,4.475329,2.1165059
9924,2.1416936,0.08165274,-0.05672813,0.85,0.015037446282804012,5.3011117,1.3731682
9925,2.215704,0.04985586,-0.20161973,0.8044114112854004,0.05,4.837852,1.475873
9926,2.3234417,0.11536209,-0.098029,0.5997728705406189,0.039886534214019775,2.381176,2.5886037
9927,2.2551,0.013298278,-0.0066547096,0.85,0.05,3.4701695,2.6547937
9928,2.2107937,0.06146966,-0.003745697,0.85,0.006992321461439133,3.6827092,1.9712127
9929,2.3115382,0.08702692,-0.12503693,0.8300416469573975,0.043452490121126175,2.767368,2.6623454
9930,2.2598932,0.20565379,-0.29763725,0.85,0.051387812942266464,4.6598825,2.846939
9931,2.2479527,0.12409485,-0.23159152,0.85,0.029921699315309525,5.069198,2.4468036
9932,2.4151084,0.004221106,-0.04740569,0.6807066798210144,0.034895457327365875,2.0432734,2.495594
9933,2.267434,0.1094895,-0.15954806,0.85,0.035877104848623276,4.323837,2.0499375
9934,2.3583348,0.09980153,-0.21432428,0.85,0.030463503673672676,2.922848,2.3425145
9935,2.313289,0.12817357,-0.068812475,0.3400189280509949,0.028652941808104515,2.1188743,2.5903902
9936,2.2157724,0.18838592,-0.12092997,0.85,0.02697676047682762,4.0915847,1.9132761
9937,2.1204228,0.06826681,-0.024987485,0.85,0.05,5.0659432,1.4758466
9938,2.373075,0.019128103,-0.19153659,0.85,0.03987959027290344,3.0732899,2.675827
9939,2.2823544,0.054311283,0.0040134755,0.35324642062187195,0.06816070526838303,2.4904063,2.5654025
9940,2.219944,0.15062016,-0.04163716,0.49919429421424866,0.05,2.9189844,2.4548025
9941,2.318265,0.031730056,-0.1129935,0.8452348709106445,0.03017434850335121,3.0362577,2.5325418
9942,2.3270862,0.048634894,-0.016222965,-0.023121394217014313,0.07283630222082138,2.292003,2.6965623
9943,2.2979276,0.13665356,-0.014441394,0.8486024737358093,0.03344423323869705,2.0564983,2.2956796
9944,2.197912,0.10049793,-0.07257794,0.8200077414512634,0.04499214142560959,4.000425,2.2819076
9945,2.3075216,0.03441754,-0.17541145,0.85,0.05,3.5192585,2.6165276
9946,2.4479527,0.0661542,-0.08433594,0.5365212559700012,0.07473547756671906,2.1926281,2.2741942
9947,2.4337685,0.030916024,-0.16166633,0.7748224139213562,0.06496062129735947,2.281046,2.5823784
9948,2.337575,0.051829208,-0.19811393,0.751042366027832,0.03423888981342316,3.064419,2.5990632
9949,2.2130625,0.02930725,-0.030973615,0.85,0.05,4.1224,1.8272581
9950,2.2371755,0.110201865,-0.17388353,0.85,0.05,4.818527,2.030781
9951,2.1948092,0.12689649,-0.11132869,0.85,0.015612371265888214,4.5553527,1.9501398
9952,2.2898376,0.059084725,-0.09901431,0.8074936866760254,0.05,3.0801902,2.7085543
9953,2.336455,0.08134862,-0.22670951,0.6488088965415955,0.024540703743696213,3.1190777,2.451107
9954,2.337476,0.07783625,0.034300208,0.8485304713249207,0.03145786374807358,2.1144774,2.2112496
9955,2.3223863,0.08582809,-0.22166713,0.85,0.05,3.280766,2.5226078
9956,2.2007468,0.15442163,-0.18003747,0.84577476978302,0.02986004389822483,4.5655384,2.0866382
9957,2.2530484,0.07178563,-0.25442362,0.85,0.04032675921916962,5.2706537,1.4713733
9958,2.253725,0.12321878,-0.22089942,0.6981189250946045,0.031355004757642746,4.5952654,1.8978703
9959,2.2864842,0.07366252,-0.057869885,0.8304747939109802,0.04300291836261749,2.7382214,2.4036953
9960,2.172462,0.14660962,-0.074700035,0.85,0.020279347896575928,4.7431693,2.046569
9961,2.312258,0.013767896,-0.11176624,0.85,0.04268024489283562,2.998167,2.7596986
9962,2.2762723,0.06274707,-0.07910724,0.8216765522956848,0.054863762110471725,3.2392318,2.2049203
9963,2.3203301,0.06846877,-0.08888458,0.8051012754440308,0.05,2.4184122,2.6189938
9964,2.284841,0.028622424,-0.105453335,0.85,0.028003020212054253,3.4429424,2.4492686
9965,2.2053595,0.1268979,-0.18959662,0.85,0.05,5.135682,1.6751469
9966,2.2320933,0.050304547,-0.06543413,0.85,0.05,4.1742826,1.9448382
9967,2.2156396,0.0654244,-0.17300873,0.8008503317832947,0.03460368886590004,4.9242682,1.8050653
9968,2.2370284,0.12500323,-0.20885748,0.7062599658966064,0.027404408901929855,4.1258416,2.5286934
9969,2.3056102,0.058979467,-0.12601988,0.8082985281944275,0.03238290548324585,3.0825033,2.0430918
9970,2.2497303,0.10602791,-0.25553367,0.85,0.020200584083795547,4.9016156,1.8070265
9971,2.234011,0.06236249,-0.10122759,0.85,0.030693737789988518,4.1394215,2.5288305
9972,2.225967,0.11597453,-0.14250326,0.85,0.0036408950109034777,4.4834623,1.7890027
9973,2.252729,0.08857517,-0.076567195,0.8482853770256042,0.026387125253677368,3.3372555,2.205501
9974,2.3620582,0.057888027,-0.1406403,0.7922680974006653,0.05,2.3194432,2.5164924
9975,2.2278192,0.10919311,-0.15707995,0.85,0.0006473656976595521,4.5182576,1.8079544
9976,2.199865,0.100604236,-0.11870048,0.8285771012306213,0.044539302587509155,4.7899103,1.9770538
9977,2.273467,0.07988831,-0.13286881,0.11579988896846771,0.2178834080696106,4.890963,2.8027756
9978,2.3413236,0.031762645,-0.026411364,0.8078660368919373,0.037377841770648956,2.4769409,2.7715657
9979,2.3492572,0.03174784,-0.09934066,0.85,0.05,2.3182719,2.279535
9980,2.2431993,0.032057825,-0.07985813,0.6423811316490173,0.03447480872273445,4.2839127,1.76659
9981,2.225784,0.05520112,-0.12660418,0.85,0.05,4.7226834,1.7079637
9982,2.3937662,0.11847267,-0.25756803,0.85,0.03125026449561119,2.5506303,2.2312734
9983,2.361244,0.08353464,-0.05305889,0.7099499106407166,0.033300064504146576,2.2921805,2.4971735
9984,2.372427,0.054559484,-0.18129604,0.8453125953674316,0.02343522198498249,2.629984,2.5418067
9985,2.2066782,0.17677209,-0.02221756,0.85,0.032385051250457764,3.204065,2.7250636
9986,2.339948,0.081117734,-0.16843933,0.85,0.026002641767263412,2.9434206,2.3913116
9987,2.2187278,0.12243287,-0.09136552,0.8322373032569885,0.048134420067071915,3.9488626,2.3870995
9988,2.2214162,0.042011566,-0.036112834,0.85,0.02738339826464653,4.2936025,2.1589203
9989,2.292534,0.0606699,-0.09750131,0.85,0.05,2.986409,2.208905
9990,2.209462,0.1492561,-0.18594722,0.829135537147522,0.03327513858675957,4.6888437,1.7788633
9991,2.1785693,0.083625995,-0.029682288,0.8220911026000977,0.0387897714972496,4.4224052,1.8483258
9992,2.3164477,0.09445965,-0.18427649,0.85,0.05,3.2880228,2.3752055
9993,2.2355402,0.07745736,-0.06515042,0.8274726867675781,0.05,3.5285766,2.1650643
9994,2.193308,0.10565883,-0.09535093,0.85,0.05,4.642384,2.570159
9995,2.2468598,0.05498697,-0.038040556,0.85,0.05,3.026822,2.1174226
9996,2.3239028,0.093419895,0.015427268,0.754317581653595,0.05,2.0288599,2.7829583
9997,2.268698,0.053386696,0.06860465,0.85,0.05,2.4446323,2.6081352
9998,2.2657084,0.07580066,-0.09164941,0.85,0.05,3.505083,2.477501
9999,2.2817822,0.033038642,-0.10438826,0.7878198623657227,0.027620097622275352,3.5706782,2.2339885
