,posterior_phi,posterior_sigma,posterior_g1,posterior_g2
0,0.43800512,0.77153647,2.006344,0.14316213
1,0.64882874,0.6887934,2.042955,0.1700466
2,0.6711932,0.65799254,1.9651645,0.14897005
3,0.6487495,0.70890623,2.1063657,0.1232944
4,0.5329352,0.69593614,2.0252757,0.15887748
5,0.7765634,0.6250322,2.3065803,0.17132178
6,0.5936271,0.74831635,2.1337233,0.124602504
7,0.54626703,0.66165483,2.0473802,0.15627864
8,0.6992144,0.8047488,2.1955416,0.13068333
9,0.7173305,0.7356671,2.0158854,0.100574926
10,0.50593144,0.71081376,2.2236156,0.1598399
11,0.66587377,0.63918364,2.1035979,0.12660822
12,0.646648,0.7317686,2.1470902,0.1227682
13,0.6398428,0.6915809,2.152302,0.16469795
14,0.5100774,0.8020587,1.9383554,0.119284585
15,0.55981165,0.77637917,2.2386367,0.10849903
16,0.5754272,0.6800894,2.2453098,0.14374496
17,0.44548815,0.77462703,2.0672572,0.12747732
18,0.690562,0.7451618,2.0771935,0.1535165
19,0.6028377,0.6761705,2.1577222,0.16490501
20,0.56176996,0.6408951,2.0903428,0.12590322
21,0.58302385,0.65061814,2.1689184,0.12569582
22,0.4210908,0.7138847,2.1494007,0.116042405
23,0.57588375,0.7037644,2.3899484,0.119102284
24,0.46493357,0.74684405,2.1075811,0.10707017
25,0.5418349,0.70530903,2.1636426,0.14256945
26,0.574283,0.5835236,2.14299,0.15232557
27,0.54867893,0.78786284,2.0587282,0.1749047
28,0.58157635,0.71309346,2.1735127,0.11348931
29,0.6579417,0.64469075,2.1740422,0.16202974
30,0.40842915,0.65249306,2.0066261,0.08574623
31,0.6143929,0.7159347,2.2392664,0.117042
32,0.62529796,0.75323045,2.2270703,0.1264108
33,0.67112863,0.6751422,2.0574362,0.11712063
34,0.66524184,0.7735672,2.3039434,0.1500324
35,0.5954294,0.6978817,2.3498063,0.11636411
36,0.5519937,0.7426633,2.0359068,0.16329683
37,0.5329467,0.73233294,1.9880723,0.18521242
38,0.52233064,0.7262482,2.1737943,0.21851662
39,0.7155895,0.62616825,2.267432,0.1248793
40,0.5807742,0.73011076,2.0953283,0.11366775
41,0.5828883,0.74049556,2.123716,0.12228806
42,0.70993483,0.66383696,2.2639027,0.11223929
43,0.69596285,0.61413115,2.0761142,0.1874511
44,0.6412937,0.6781889,2.0322437,0.14685342
45,0.56380755,0.7095054,2.1009045,0.1705455
46,0.55244726,0.76637286,2.114381,0.11393773
47,0.5733178,0.7203382,2.0859945,0.1432317
48,0.6081261,0.7244322,2.2584586,0.15304218
49,0.7023558,0.6194824,2.1452858,0.15600248
50,0.586256,0.64204055,2.0477152,0.15566228
51,0.69193417,0.76890343,2.1998637,0.09824329
52,0.57499385,0.74018884,2.1922114,0.06618948
53,0.5464491,0.7410038,2.058051,0.12663423
54,0.5631772,0.7184946,2.0710053,0.14081503
55,0.5746319,0.6856503,2.177111,0.13150989
56,0.48489356,0.71342796,2.1432552,0.1494985
57,0.62044907,0.7198843,2.00709,0.113805026
58,0.63979524,0.80888337,1.9415888,0.17481051
59,0.73940444,0.6678204,2.0882144,0.120742045
60,0.4570635,0.7992689,1.9961967,0.13220437
61,0.5474505,0.7580236,2.1451886,0.16572648
62,0.50082135,0.6857352,2.0767806,0.12318396
63,0.63781846,0.80269235,2.0161471,0.11265863
64,0.5589834,0.6987759,2.1061542,0.10788353
65,0.70646405,0.7115747,2.1822484,0.13576642
66,0.58466625,0.7323603,2.0780568,0.0665947
67,0.5020402,0.7022111,2.4554255,0.1046507
68,0.62892973,0.58988285,2.1518745,0.15468204
69,0.6277818,0.7889294,2.0751665,0.16566879
70,0.5577937,0.7051542,2.0875676,0.13973296
71,0.46280637,0.7313978,2.1767123,0.12180167
72,0.56541723,0.697865,2.2823863,0.12048977
73,0.62757206,0.6961468,2.3269765,0.1563547
74,0.7093096,0.70622414,2.0955756,0.16473967
75,0.4923963,0.68800044,2.026787,0.10141875
76,0.64377075,0.6250347,2.1028037,0.126398
77,0.6781957,0.6579928,2.2214048,0.13596511
78,0.6541348,0.74795884,2.1694226,0.09405625
79,0.6674582,0.7935191,2.2613628,0.15204386
80,0.6529156,0.7328283,2.2908356,0.13464276
81,0.7071878,0.6979176,2.1099253,0.13321829
82,0.63719946,0.6540335,1.8967593,0.13060252
83,0.5369278,0.74687636,2.1936488,0.17429489
84,0.67385924,0.71128094,2.235593,0.17280337
85,0.6611881,0.67663807,1.932432,0.14735492
86,0.5265356,0.7183563,2.020022,0.12414214
87,0.57557625,0.740749,2.1814203,0.11114874
88,0.73540074,0.71306545,2.0892727,0.13409093
89,0.6033163,0.72179765,2.0984368,0.1350731
90,0.5367872,0.75288653,2.0016718,0.1266234
91,0.6414066,0.700894,2.0686347,0.118911125
92,0.5759923,0.74402666,2.1374288,0.19076796
93,0.5171834,0.66299826,2.2430658,0.09356262
94,0.5376261,0.7053114,2.3474233,0.05736828
95,0.6902398,0.7359351,2.0966606,0.15516752
96,0.5923134,0.7421766,2.0801992,0.103947
97,0.664462,0.6336373,2.205419,0.087754644
98,0.48348507,0.75393766,2.1276624,0.09399925
99,0.49575981,0.7313077,2.0530393,0.10667646
100,0.48747686,0.71705145,2.0291047,0.105959654
101,0.6393394,0.7495789,2.230599,0.11872009
102,0.47209993,0.6700355,2.0936043,0.106539816
103,0.71735764,0.7496314,2.2220795,0.12036962
104,0.5405869,0.697881,2.187978,0.08192104
105,0.7081124,0.677572,2.2433481,0.19559588
106,0.49365178,0.74128664,2.0716767,0.07236665
107,0.67083347,0.6773681,2.0719635,0.1321919
108,0.5352889,0.6567976,2.246418,0.09107514
109,0.62762815,0.64330554,2.2178955,0.1349976
110,0.7879373,0.736209,2.0408065,0.15328728
111,0.6559271,0.7458577,2.158591,0.08515775
112,0.6398548,0.70301545,2.1809635,0.09685341
113,0.61651933,0.76602167,1.9423984,0.19399408
114,0.75945956,0.7102414,2.168185,0.16113113
115,0.55543566,0.7259885,2.2367296,0.104529284
116,0.5220384,0.77156734,2.1171625,0.1327632
117,0.58203167,0.69572586,2.1273034,0.124843374
118,0.48819613,0.75108874,2.0485528,0.10001941
119,0.6068439,0.76379776,2.3311074,0.17559233
120,0.55338347,0.61346835,2.1269884,0.13439271
121,0.620879,0.8203549,2.184997,0.17509319
122,0.54091185,0.71111673,2.1133332,0.16108294
123,0.68835825,0.6384912,2.2940714,0.12938519
124,0.58658814,0.63875395,2.215139,0.12449343
125,0.57420427,0.72291887,2.1736271,0.1998152
126,0.58201885,0.71720904,2.2145486,0.07903843
127,0.6413943,0.7463727,2.1894648,0.15397653
128,0.64525074,0.8072085,2.1905398,0.1316457
129,0.5334499,0.6774694,2.0946772,0.19074243
130,0.6328151,0.67043287,2.1192567,0.08372208
131,0.599656,0.74464357,2.1424952,0.1271433
132,0.48960322,0.70899785,2.2002857,0.12649137
133,0.59175074,0.6533112,2.2197876,0.116812624
134,0.63900805,0.6463434,2.1151252,0.12509005
135,0.54153603,0.64943075,2.231322,0.13687138
136,0.5455027,0.8163942,2.0961754,0.15500528
137,0.650846,0.714082,2.1088636,0.16072427
138,0.6381347,0.65518737,1.9871976,0.1928736
139,0.4455169,0.7585525,1.9107704,0.14047605
140,0.60980874,0.7536137,2.1273458,0.13833
141,0.4696374,0.69711304,2.0520344,0.12586413
142,0.57838386,0.6953314,2.123114,0.10756855
143,0.6773921,0.6774384,2.040278,0.15062161
144,0.5482451,0.7128424,1.970311,0.1423524
145,0.6038025,0.7138288,1.9520183,0.14829285
146,0.6294682,0.8000571,2.2571142,0.14013375
147,0.62050694,0.6592623,2.1649888,0.13769323
148,0.5520634,0.6393755,2.1921582,0.16086152
149,0.6252282,0.636148,2.0257337,0.2039745
150,0.67505705,0.7193169,2.1859522,0.16699478
151,0.71773833,0.735402,2.5418906,0.10177771
152,0.6478846,0.78640366,2.1033528,0.17209913
153,0.5775615,0.729054,2.1756275,0.18513724
154,0.5743228,0.7054571,2.1358566,0.12242635
155,0.541052,0.72095084,2.1790583,0.15746398
156,0.55685246,0.71123695,2.013633,0.1320315
157,0.52930224,0.80422604,2.2371864,0.15246573
158,0.5584703,0.69170225,1.9639652,0.14859867
159,0.6396545,0.64777803,2.1034272,0.13737561
160,0.70262164,0.6656696,2.2793417,0.17759517
161,0.63228405,0.7030095,2.2131228,0.114214025
162,0.61376315,0.6779801,1.9728138,0.12091225
163,0.6642907,0.71099615,2.4597483,0.12544186
164,0.47696334,0.6322494,2.1404884,0.12753119
165,0.57310027,0.71042114,1.98204,0.1661557
166,0.6558536,0.63163525,2.0620332,0.15161343
167,0.37649453,0.76603603,2.0764592,0.08520418
168,0.5155588,0.6656638,1.9597244,0.14606719
169,0.58537114,0.65876025,2.1315908,0.07347144
170,0.59544605,0.65425706,2.1084247,0.119413
171,0.56953233,0.7721982,2.1872048,0.1498284
172,0.6748951,0.6822713,1.9904041,0.11646626
173,0.7106607,0.773624,2.2389278,0.0634823
174,0.6038424,0.64437556,2.193761,0.13312463
175,0.58562,0.64922625,1.8792822,0.14258383
176,0.45634928,0.8040295,2.1184433,0.16796708
177,0.58372563,0.71953225,2.0575314,0.10986816
178,0.6180818,0.6966845,2.2432163,0.16267973
179,0.4349025,0.7181382,2.165573,0.05927711
180,0.5170878,0.6667334,1.9790913,0.12397605
181,0.60878175,0.6551653,2.02207,0.13869256
182,0.695123,0.7092927,2.1046948,0.15683007
183,0.6188203,0.793159,2.28043,0.1106093
184,0.60792226,0.66656244,2.0944488,0.0993209
185,0.7317521,0.626322,2.3125572,0.1464855
186,0.4560827,0.6789622,2.0200758,0.12374992
187,0.5291329,0.81041634,2.1019745,0.15834893
188,0.49312288,0.7617835,2.1808572,0.06530878
189,0.55589026,0.71026534,2.223355,0.15021028
190,0.5704372,0.77449346,2.1268313,0.12047528
191,0.60857356,0.6960088,2.1052976,0.1592271
192,0.61461896,0.7394856,2.1026747,0.16717157
193,0.63121957,0.6177977,2.1214364,0.18892504
194,0.4873225,0.7716964,2.2314062,0.15430424
195,0.56984794,0.7674104,2.2541132,0.09642443
196,0.5657253,0.8381443,2.0939205,0.12173351
197,0.60340875,0.6337765,2.1598618,0.13105014
198,0.5233069,0.7117623,1.9874331,0.13099062
199,0.67868847,0.65725654,2.310511,0.092012204
200,0.55053556,0.74465024,2.35819,0.1407583
201,0.63499516,0.70410836,2.2068176,0.15428394
202,0.5767935,0.72631586,2.2792273,0.12866877
203,0.5737572,0.7458033,2.1966758,0.1540615
204,0.63835657,0.8591864,2.0303326,0.15572464
205,0.60454696,0.6955909,2.043363,0.16277227
206,0.43266425,0.7910516,2.0910714,0.13684513
207,0.49636212,0.76691043,2.18704,0.14138591
208,0.57610446,0.6926036,2.1193254,0.15047088
209,0.60817504,0.7503831,2.143815,0.09892056
210,0.6047291,0.7953594,2.353861,0.14107275
211,0.47656155,0.79667807,2.2122107,0.14316554
212,0.6458352,0.7585319,2.258264,0.1674093
213,0.7008764,0.6604563,2.174553,0.15215707
214,0.54781216,0.67767507,2.1642182,0.11980833
215,0.5122606,0.7696156,1.9554164,0.16843489
216,0.6745033,0.6448956,2.1157558,0.14250937
217,0.5384808,0.6809948,2.0681467,0.08578594
218,0.6119433,0.7009236,2.093871,0.17182891
219,0.6040082,0.7497368,2.1839345,0.13891314
220,0.6201506,0.79741925,2.0983033,0.14109239
221,0.5473723,0.69930327,2.047018,0.16003633
222,0.7499406,0.71011096,2.1129212,0.18286656
223,0.66191643,0.67046607,2.0532923,0.07535617
224,0.5896504,0.75300944,2.0820851,0.11069512
225,0.5077424,0.84290904,2.1662333,0.14323069
226,0.48576266,0.78133494,2.1117368,0.10931472
227,0.59050936,0.7039798,2.1061158,0.15149069
228,0.64025426,0.6577436,2.0766034,0.16218267
229,0.5361743,0.81393564,2.1458185,0.111526735
230,0.62616926,0.7047218,1.9972688,0.16005181
231,0.59263766,0.71484834,2.3105469,0.107625104
232,0.56750345,0.6752072,2.1245115,0.13636257
233,0.45813778,0.69767994,2.1709092,0.10312068
234,0.6499297,0.680324,2.1247513,0.13401486
235,0.6573011,0.72054374,2.1404188,0.116476946
236,0.60348237,0.6963328,2.1295555,0.13312276
237,0.6938655,0.6297483,1.9994797,0.09100483
238,0.65390503,0.6516443,2.1952305,0.13494246
239,0.6275152,0.7400484,2.0593019,0.19566229
240,0.51858675,0.79243094,2.1801233,0.11547609
241,0.4920434,0.73330706,2.0266793,0.10767009
242,0.62321806,0.75935185,2.0731258,0.17520265
243,0.5620194,0.76558256,2.0290966,0.14190261
244,0.62164086,0.81922776,2.135802,0.12637863
245,0.6020544,0.6445588,2.140646,0.14393681
246,0.53645396,0.81363493,2.0926237,0.09605927
247,0.57975143,0.666911,2.2381608,0.13131587
248,0.5689048,0.68127036,2.1527376,0.13280307
249,0.5623538,0.76027066,2.056488,0.07389983
250,0.6442635,0.7359489,2.2697287,0.12580827
251,0.46888164,0.79014134,2.1571753,0.120800525
252,0.6682982,0.6531627,2.1347928,0.18490705
253,0.58762705,0.7051077,2.2205007,0.11711342
254,0.51281816,0.669716,2.0358658,0.16661935
255,0.6962502,0.73711234,2.1650984,0.11376967
256,0.5425874,0.67584544,2.004159,0.1586414
257,0.53882015,0.69457257,2.1642005,0.12879251
258,0.60334426,0.67736065,2.017991,0.11371541
259,0.584506,0.6792041,2.1046257,0.11365975
260,0.5103481,0.6827353,2.2179375,0.1193489
261,0.591597,0.64978445,2.0372105,0.20105311
262,0.35115176,0.6942567,2.1433434,0.11918315
263,0.5715674,0.72376734,2.0097103,0.12751275
264,0.6080596,0.73216504,2.419876,0.1032814
265,0.54218566,0.74966836,2.0924358,0.13697807
266,0.5544913,0.7369898,2.1106505,0.16765438
267,0.59217894,0.76122767,2.5201037,0.121174805
268,0.52752936,0.8321376,2.097339,0.13297376
269,0.6180007,0.71381384,1.9897704,0.16507232
270,0.673369,0.6491643,1.8997405,0.113233544
271,0.5797667,0.71334463,1.9508997,0.1549373
272,0.59561664,0.7301944,2.150686,0.20446481
273,0.58970445,0.7467808,2.258202,0.13133347
274,0.5672337,0.6643546,2.1650445,0.13640876
275,0.56348914,0.70245135,2.1188555,0.13251053
276,0.5070598,0.7205511,2.0887077,0.13879034
277,0.5520709,0.70694727,2.263915,0.15864506
278,0.6484431,0.6774821,2.2208056,0.18093124
279,0.49924806,0.67602944,2.0858867,0.13631488
280,0.56057376,0.7030407,2.1151383,0.13923898
281,0.6458793,0.71080947,2.0765033,0.1720092
282,0.6111813,0.7166425,2.134722,0.1690292
283,0.65492076,0.7407983,2.0994768,0.1592768
284,0.5416066,0.7029058,2.2040145,0.12619361
285,0.6223382,0.78575945,2.3437772,0.071593866
286,0.63026935,0.72721034,2.1791143,0.123013146
287,0.5853095,0.7755717,2.0874891,0.09138975
288,0.5417924,0.781068,2.045056,0.19009359
289,0.4959906,0.737982,2.1627061,0.10493249
290,0.5940267,0.7908229,2.2440767,0.1599408
291,0.6584157,0.70567834,2.0465567,0.17643751
292,0.6613963,0.7273864,2.039744,0.14148568
293,0.58913934,0.72672725,2.2026157,0.098197535
294,0.58756745,0.697212,2.2173438,0.0824537
295,0.5268017,0.66892487,2.0855808,0.14855485
296,0.53603524,0.67289233,2.1135428,0.086634345
297,0.49472147,0.72104055,2.12243,0.11551716
298,0.6005911,0.68382835,2.3107831,0.13260601
299,0.4870604,0.7366084,2.3292823,0.13382305
300,0.6134149,0.6625244,2.1939654,0.13319127
301,0.6616725,0.74261755,2.0477173,0.122342184
302,0.500951,0.7002969,2.1150815,0.15760489
303,0.6245421,0.69498986,2.0217488,0.1342927
304,0.5629037,0.7366066,2.095313,0.16555974
305,0.7221526,0.68753153,2.1806655,0.15604535
306,0.64377785,0.68029237,2.1272726,0.090656124
307,0.52598876,0.6950875,2.1747804,0.16388752
308,0.5541203,0.65133864,2.2576592,0.09379495
309,0.43478295,0.6749548,2.1493518,0.1392993
310,0.6991034,0.66726285,2.0589728,0.1917538
311,0.63686687,0.6089632,2.312949,0.11252595
312,0.6923006,0.68329793,2.2499027,0.14861777
313,0.49678814,0.6822849,2.1583378,0.17631418
314,0.45423314,0.71088094,2.2883575,0.1467226
315,0.61338526,0.73889744,2.2755673,0.0833639
316,0.59717137,0.67550874,2.2140415,0.14189014
317,0.48496088,0.7538433,2.1435082,0.077942185
318,0.5351811,0.7618999,2.2492023,0.17624469
319,0.536004,0.70839405,2.1184206,0.13480256
320,0.5307012,0.65157187,2.0948324,0.09181022
321,0.6187052,0.7196047,2.04064,0.18503551
322,0.5121769,0.7848582,2.195151,0.11517976
323,0.59321654,0.7335115,2.1474042,0.17949994
324,0.70547813,0.66119456,2.3001885,0.101197176
325,0.6301288,0.615235,2.3425102,0.1385156
326,0.5382117,0.76648396,2.2057412,0.13085146
327,0.5039045,0.7618392,2.115786,0.16294123
328,0.50217295,0.7613365,2.2865717,0.095171094
329,0.42086378,0.7197387,2.0194216,0.1365711
330,0.60678756,0.6854133,2.3022323,0.14102486
331,0.63581467,0.7366133,2.2498987,0.117567345
332,0.5660349,0.7711681,2.2869623,0.13846014
333,0.55735064,0.7059577,2.082112,0.14436029
334,0.7292652,0.6625963,2.3461487,0.121202946
335,0.5540282,0.7496159,2.1663866,0.122370236
336,0.4803049,0.8282816,2.2579567,0.1953024
337,0.6802816,0.69214046,2.0996633,0.11650243
338,0.6194739,0.74870545,2.1053898,0.13248427
339,0.64803416,0.78272617,2.1411054,0.11256562
340,0.5166955,0.6954075,2.10989,0.08917049
341,0.7028844,0.7902944,2.236815,0.14400092
342,0.51856387,0.72853315,2.2153077,0.084511295
343,0.49644938,0.6888243,2.1470432,0.095985815
344,0.5839901,0.6732642,2.144974,0.14443491
345,0.5388597,0.6378331,2.0063732,0.10139177
346,0.62230366,0.6641102,2.010576,0.14651242
347,0.60757756,0.788823,2.2825882,0.11139661
348,0.6537897,0.8437518,2.1353605,0.115940645
349,0.56715274,0.67537063,2.0968237,0.13975027
350,0.58249915,0.64379656,2.1704762,0.12670167
351,0.58968925,0.6318155,2.2459698,0.11495726
352,0.6016809,0.72417533,2.4627182,0.1541534
353,0.54637223,0.64937043,2.246522,0.06786948
354,0.70206547,0.7065921,2.017309,0.16639504
355,0.5848985,0.6799472,2.1101184,0.19440165
356,0.52295494,0.8008704,2.0231495,0.075698406
357,0.6575571,0.78855747,2.0916045,0.102220505
358,0.61376846,0.76020265,2.3629456,0.0627857
359,0.5326527,0.7924591,2.063254,0.13805172
360,0.5621768,0.7357986,2.2918892,0.13899659
361,0.4408819,0.7473268,2.0297027,0.053226497
362,0.6212371,0.6981076,2.286271,0.21205884
363,0.65220284,0.6806533,1.9891968,0.14340661
364,0.6440148,0.7300697,1.9308329,0.14460368
365,0.51500577,0.6824549,2.1110568,0.14236122
366,0.6019218,0.6358472,2.0336893,0.1901777
367,0.7269529,0.7310831,2.1354263,0.1402307
368,0.7392764,0.7624453,2.386999,0.10309663
369,0.5908313,0.71159214,2.1286683,0.12684552
370,0.68325233,0.638571,2.267624,0.1708789
371,0.50874174,0.6404424,2.077476,0.1561064
372,0.4836464,0.86041623,2.2175035,0.13376851
373,0.57071984,0.68022525,2.111288,0.1475419
374,0.6304837,0.7207484,2.0405068,0.12998782
375,0.70072687,0.83608514,2.1170352,0.114130355
376,0.70073503,0.6931434,2.2870069,0.166564
377,0.60210425,0.83196163,2.0668335,0.09806334
378,0.477809,0.79864985,2.20833,0.06730867
379,0.5577304,0.617139,2.1785965,0.19139133
380,0.6529591,0.80340725,2.0469158,0.076687805
381,0.5925289,0.7257704,2.1779714,0.15187715
382,0.59372354,0.6776169,2.0298889,0.13317049
383,0.44739667,0.6874605,2.1602666,0.1428285
384,0.58587134,0.6323031,2.3023083,0.16106133
385,0.6479948,0.65997934,2.284108,0.07775347
386,0.7465663,0.6818885,2.1354053,0.16186243
387,0.42354205,0.7849456,2.143612,0.123347275
388,0.53966343,0.65431166,1.9963508,0.17246449
389,0.6278984,0.80086315,2.2585077,0.08107193
390,0.5310098,0.6868898,2.1254025,0.118160106
391,0.566383,0.74100506,2.09917,0.13536566
392,0.5380671,0.6783074,2.1039999,0.09986663
393,0.53418225,0.68215185,2.068601,0.09556128
394,0.4965081,0.74872416,2.2075942,0.10951875
395,0.4154039,0.7692043,2.1629632,0.109371506
396,0.6737924,0.7216081,1.9932405,0.12042652
397,0.5879896,0.7091223,2.1038935,0.1634738
398,0.7251793,0.7489713,2.163127,0.1707726
399,0.64673007,0.75781846,2.2164264,0.14452752
400,0.49211124,0.75023407,2.0546618,0.14947952
401,0.4910289,0.772354,2.147812,0.10285947
402,0.68806154,0.6535258,2.1959841,0.18776844
403,0.6783677,0.7362469,2.164047,0.14551394
404,0.47308305,0.7111176,2.089212,0.089813575
405,0.56665057,0.71707046,2.1171284,0.17145579
406,0.6357358,0.65264493,2.205542,0.13845699
407,0.5228046,0.66823643,2.104448,0.17115273
408,0.5382646,0.70174646,2.1991053,0.116749264
409,0.60291713,0.76461184,2.05768,0.13344063
410,0.61386293,0.6521708,2.0523582,0.1441109
411,0.652138,0.68761104,2.4109645,0.16830213
412,0.69909513,0.57510877,2.3316784,0.13722682
413,0.6280351,0.7985604,2.1116025,0.15122552
414,0.5911684,0.6802602,2.1637967,0.11860074
415,0.5885151,0.70255095,2.2064998,0.08890064
416,0.45544088,0.58302367,2.1879027,0.11527566
417,0.5702516,0.7200024,2.143293,0.06720976
418,0.54604506,0.7238702,2.2088964,0.09392465
419,0.5714911,0.74531317,2.113215,0.1364984
420,0.6052452,0.6704613,2.0466433,0.14183372
421,0.7165073,0.7451717,2.2718632,0.19685972
422,0.6761636,0.637234,2.0484717,0.21252026
423,0.6065338,0.65244025,2.0839782,0.10937304
424,0.4852873,0.7304877,2.0940173,0.08537532
425,0.62335646,0.72331315,2.0634036,0.118475616
426,0.6273914,0.66979647,1.9170603,0.15771757
427,0.5948041,0.6765087,2.2866058,0.115660846
428,0.6215657,0.75837463,2.0447495,0.11644281
429,0.5406144,0.825183,2.0736141,0.064580075
430,0.5614306,0.75243515,2.091422,0.13006292
431,0.6271751,0.75862837,2.1636515,0.12966026
432,0.6690625,0.65215653,2.0924985,0.19214146
433,0.5724123,0.6433409,2.166341,0.13255134
434,0.58163214,0.7152449,2.184055,0.13866615
435,0.5452991,0.7001412,2.0727034,0.11549124
436,0.5189506,0.70522463,2.097435,0.09958388
437,0.600442,0.77648324,1.987649,0.13020049
438,0.6217228,0.7540706,2.1095765,0.16559097
439,0.45563006,0.62390363,2.205284,0.0859019
440,0.45830134,0.7447697,2.0078542,0.16196956
441,0.64290935,0.757455,2.2018049,0.16632622
442,0.6824379,0.67102426,2.1541963,0.1558391
443,0.5659675,0.7456132,2.0868742,0.148545
444,0.5841367,0.67165786,2.0163844,0.12374588
445,0.62931514,0.7851107,2.2817326,0.11435411
446,0.6037317,0.7939638,2.1659224,0.13953708
447,0.62206036,0.69802773,1.956482,0.13441068
448,0.555108,0.66340053,2.027654,0.131742
449,0.54527557,0.8253385,1.9883382,0.15949309
450,0.54951555,0.7790105,2.12894,0.1226745
451,0.5902711,0.73361176,2.2090375,0.13303258
452,0.5474648,0.78047264,2.0796094,0.20717438
453,0.6374081,0.6558322,2.2337492,0.18808183
454,0.48162943,0.827948,2.0013402,0.14880407
455,0.7247938,0.6850505,2.2262247,0.111518666
456,0.65637755,0.6223537,2.1006522,0.1359172
457,0.72487,0.5763744,2.0757244,0.12686023
458,0.6168592,0.7770454,2.1490233,0.19901107
459,0.702315,0.6265377,2.1230295,0.142813
460,0.6860187,0.6695638,2.063392,0.14264917
461,0.58267975,0.7310248,2.152187,0.13061938
462,0.65119267,0.7259616,2.0348122,0.13641323
463,0.56362957,0.67707175,2.0785484,0.05544086
464,0.6100113,0.7426237,2.2945368,0.13199563
465,0.60755026,0.687268,2.2466176,0.119884424
466,0.5501323,0.71303344,1.9462692,0.114103615
467,0.64316875,0.72019076,1.9476205,0.122400396
468,0.52477604,0.70074916,2.1697235,0.114576645
469,0.5250683,0.7486862,2.322629,0.103890695
470,0.5354361,0.6659431,2.022848,0.12998179
471,0.55228764,0.69020927,2.147067,0.12447942
472,0.6137292,0.70775,2.1858795,0.15345544
473,0.5925839,0.7174172,2.2050972,0.12835307
474,0.55722326,0.7705017,1.9684292,0.12048886
475,0.6121035,0.7526743,2.2790458,0.16194093
476,0.66463935,0.71945834,2.197675,0.13563432
477,0.4976697,0.70625144,1.9837425,0.11016837
478,0.63882387,0.7616542,1.9667226,0.16639388
479,0.5959314,0.73924005,2.2391222,0.1500207
480,0.7091034,0.65762,1.9952717,0.09017863
481,0.57391435,0.7277326,2.2109776,0.110838845
482,0.46297082,0.74830663,2.0174744,0.12647511
483,0.5794455,0.67507637,2.2180192,0.12001125
484,0.7325725,0.70784485,2.0848365,0.17534438
485,0.49871737,0.73128384,2.120933,0.15163554
486,0.6736321,0.70556134,2.2032151,0.08781826
487,0.59780324,0.72281563,2.131807,0.12534101
488,0.5513085,0.74199885,2.0595145,0.11475847
489,0.59393734,0.749411,2.3135877,0.051177725
490,0.7013435,0.8170409,2.2504203,0.113808416
491,0.71669245,0.6228766,2.1052399,0.10405112
492,0.67519474,0.71728575,2.1191123,0.11759013
493,0.6795201,0.7499108,2.076066,0.108983725
494,0.617498,0.68074226,2.3776689,0.1503927
495,0.7152119,0.6747311,2.4623587,0.10934089
496,0.41199562,0.72748274,2.1497707,0.12532099
497,0.54394436,0.64896035,2.0163763,0.13529913
498,0.5486685,0.81377393,2.2585444,0.12394638
499,0.69074154,0.64386445,2.1621964,0.13037169
500,0.7107031,0.685604,2.2764668,0.1313546
501,0.6651079,0.715053,2.2827032,0.1261564
502,0.75455314,0.58020884,2.0779634,0.13856658
503,0.5511492,0.60780483,1.930722,0.103685856
504,0.6180035,0.74503976,2.3543248,0.10424052
505,0.5505264,0.75148576,2.1076946,0.14113525
506,0.6693751,0.6970025,2.1947758,0.13078845
507,0.49883914,0.66952854,2.0611491,0.11776164
508,0.6744854,0.6782073,2.089625,0.14141715
509,0.5828968,0.66547894,2.0718787,0.15037237
510,0.61880606,0.74432755,2.122752,0.16297519
511,0.53152305,0.7603086,2.2868903,0.116716616
512,0.6657682,0.7620402,2.1409707,0.13590388
513,0.52243847,0.6399855,2.115122,0.12178059
514,0.6528524,0.60450846,2.3306623,0.13622163
515,0.5334727,0.6954509,2.225334,0.15045674
516,0.59315425,0.7814964,2.2696478,0.1404499
517,0.6817884,0.68373156,2.214838,0.10917868
518,0.69283044,0.7268493,2.0911734,0.14660439
519,0.67012393,0.7178782,2.2635722,0.13973443
520,0.56418675,0.78030634,2.2320006,0.1568045
521,0.6065294,0.7962515,2.4731305,0.11929429
522,0.40568,0.79655373,2.131061,0.098475255
523,0.70200604,0.644209,2.2307138,0.09606984
524,0.5906124,0.7050581,2.0612497,0.20146048
525,0.55888045,0.59819955,2.0544138,0.1415014
526,0.70105934,0.7018131,2.2890918,0.14337802
527,0.639174,0.6609067,2.1842594,0.15255243
528,0.5674601,0.6931709,2.0639553,0.1521623
529,0.718883,0.68714744,2.3210046,0.12729064
530,0.46089676,0.6207955,2.0787852,0.12742412
531,0.5551348,0.7442585,2.1067421,0.1684581
532,0.5325531,0.68970364,2.077247,0.12766537
533,0.635559,0.777014,2.0907767,0.1212573
534,0.6343558,0.64832824,2.0873263,0.11147745
535,0.5136631,0.76979446,2.0731618,0.15118793
536,0.54685783,0.7555879,2.340636,0.17308713
537,0.67601687,0.7656436,2.2386758,0.13342634
538,0.5326438,0.7412715,2.1617367,0.06373127
539,0.60854226,0.72300243,2.0692735,0.12636076
540,0.6270429,0.7167684,1.993368,0.14142436
541,0.47989056,0.6686018,2.0555353,0.11649646
542,0.532589,0.6968755,2.2384152,0.117122024
543,0.519877,0.6813861,2.3250077,0.115481265
544,0.6993953,0.6700544,1.9722296,0.18606417
545,0.59914106,0.69722563,2.2994864,0.14383149
546,0.61587405,0.76439506,2.0973563,0.07714041
547,0.51609755,0.71800524,2.21924,0.12255767
548,0.52606463,0.74002504,2.154319,0.16652843
549,0.6243641,0.7086269,2.3085594,0.15377162
550,0.60343367,0.6591867,2.188024,0.10043848
551,0.605242,0.55188054,2.0252402,0.14175229
552,0.6011296,0.626205,2.2872086,0.16592394
553,0.6258351,0.6433808,1.9932998,0.14967188
554,0.5286744,0.7670164,2.207184,0.07356063
555,0.6052999,0.6224202,2.1751525,0.123930514
556,0.514912,0.5884372,2.1940641,0.10658159
557,0.49688196,0.73051864,2.1158416,0.04987133
558,0.6805838,0.66799486,2.1213229,0.10937502
559,0.6701956,0.74156636,1.9387043,0.20058736
560,0.67241997,0.7755596,2.0715947,0.16551986
561,0.59710413,0.77151656,2.2382357,0.12684281
562,0.6354805,0.7120723,2.1469707,0.15778965
563,0.62777174,0.69500256,2.1686332,0.1670137
564,0.6087761,0.69736516,2.0310683,0.1652523
565,0.54727155,0.71664083,2.1324034,0.14434867
566,0.6221208,0.65813035,1.957653,0.16883141
567,0.6693367,0.7987431,2.4329755,0.12185693
568,0.55228955,0.7393636,2.1961503,0.14602791
569,0.6257549,0.67460686,1.9621586,0.14119856
570,0.6696582,0.7654556,2.0986166,0.12685315
571,0.45350158,0.74715626,2.0560892,0.1341216
572,0.6600591,0.73228306,2.249063,0.13349779
573,0.52596843,0.7105527,2.1314368,0.12023483
574,0.6106888,0.76439995,2.2325072,0.15163153
575,0.6761979,0.65134275,2.2429767,0.13998705
576,0.6076094,0.6703352,1.9824079,0.0937287
577,0.599127,0.7155131,2.1606424,0.130802
578,0.619112,0.6048976,2.1450963,0.18728441
579,0.6825537,0.707894,2.2483616,0.1013362
580,0.6500302,0.71113265,2.2502096,0.12146074
581,0.5838641,0.7364852,2.1973386,0.089534715
582,0.59800065,0.7907534,2.1015706,0.111984834
583,0.6655714,0.8766692,2.1904893,0.10412282
584,0.49356717,0.77941614,2.1757479,0.14816825
585,0.74005175,0.69581527,2.1104972,0.18421741
586,0.56088465,0.70494926,2.118662,0.12159564
587,0.59632206,0.6655346,2.1755269,0.11546574
588,0.6129533,0.7606656,2.017602,0.16046533
589,0.80687946,0.7728367,2.2584035,0.12999222
590,0.460727,0.74985766,2.1928,0.16200216
591,0.53042024,0.75153565,1.9777308,0.1564616
592,0.62388223,0.6025287,2.0994196,0.15270448
593,0.66713953,0.76938075,2.0847268,0.11993371
594,0.6388533,0.7489416,2.1902165,0.106580876
595,0.50913155,0.6366194,2.1331713,0.13957937
596,0.6526128,0.69612306,2.4602664,0.15185842
597,0.5870729,0.72445256,2.256349,0.17891791
598,0.62035024,0.7944893,2.1366909,0.13936606
599,0.3804849,0.7299314,2.146193,0.14608343
600,0.54683876,0.81560165,2.0417697,0.15751864
601,0.4483561,0.6896133,1.9616119,0.15164241
602,0.7152482,0.7474523,2.074377,0.15928319
603,0.59074736,0.7211836,2.1078243,0.16229
604,0.62097347,0.6783146,2.0596113,0.12206634
605,0.7177876,0.6606949,2.0648618,0.13183826
606,0.6763692,0.7903385,2.0534449,0.11235973
607,0.62724483,0.67701316,2.2917914,0.16676351
608,0.5195011,0.7569496,2.0421343,0.10136602
609,0.5307722,0.6732225,2.149042,0.08103518
610,0.5639178,0.74739206,2.100956,0.13091962
611,0.5953423,0.7074666,2.1119032,0.10367713
612,0.6001754,0.6469343,2.1873932,0.09752492
613,0.48181543,0.7519255,1.9428899,0.13629596
614,0.52834105,0.6819777,2.1267395,0.1073775
615,0.62970567,0.7660554,2.1214266,0.1161518
616,0.5856568,0.75038654,2.025138,0.20274734
617,0.61451256,0.6604335,2.148413,0.17402823
618,0.6505716,0.7274274,2.0155277,0.15146972
619,0.5520666,0.76123327,2.095841,0.1282243
620,0.7117086,0.693735,2.120783,0.12063472
621,0.634559,0.73552865,2.2763314,0.15089828
622,0.5014334,0.7551772,2.2968743,0.09973064
623,0.56770307,0.8013636,2.1695228,0.20763797
624,0.48610982,0.74890023,2.1766422,0.12753095
625,0.5449088,0.73867536,2.0578701,0.13582194
626,0.57401526,0.7210236,2.1046436,0.14959842
627,0.60071415,0.7787579,2.1957822,0.18941668
628,0.57826686,0.7960958,2.1067924,0.15250477
629,0.55602425,0.6460246,2.2108924,0.082801
630,0.45899263,0.66315687,2.0815783,0.1419208
631,0.5583222,0.7251919,2.0407724,0.15666793
632,0.60747963,0.76219594,2.221955,0.097366035
633,0.6144772,0.64912313,2.2570105,0.15737773
634,0.5373685,0.7384283,2.0931308,0.13775723
635,0.43744424,0.8031435,2.0945494,0.08639088
636,0.7194769,0.6584348,2.1232915,0.14390728
637,0.48782653,0.75473017,2.174367,0.09933354
638,0.5717309,0.6819307,2.3043761,0.12760733
639,0.7212919,0.6304085,2.3226485,0.13974613
640,0.5436472,0.6908875,2.003838,0.14070167
641,0.68569905,0.7637816,2.40676,0.10976085
642,0.6456618,0.61958265,2.2693949,0.1406767
643,0.67232174,0.7821243,2.1378937,0.13228787
644,0.66148204,0.73334116,2.2012336,0.15024076
645,0.712406,0.6837296,2.0567856,0.1647079
646,0.52835244,0.79984653,2.0630693,0.14453743
647,0.5374119,0.78217864,2.0721989,0.14720634
648,0.5453585,0.74787617,2.0612245,0.14539757
649,0.5163389,0.62482274,2.0705993,0.099882625
650,0.52015555,0.6395764,2.1163554,0.1814372
651,0.58586544,0.6706787,2.12678,0.13222587
652,0.5654412,0.69162697,2.1216063,0.118341364
653,0.56588787,0.76861274,2.1434555,0.12697302
654,0.4983122,0.7692873,2.0663311,0.13355687
655,0.512995,0.7273192,2.0049698,0.08367841
656,0.565628,0.71358573,2.1432538,0.08537015
657,0.51867336,0.68123937,2.0578325,0.1294718
658,0.67363715,0.73844457,2.3835204,0.15470399
659,0.63889056,0.56365144,2.1589983,0.16680273
660,0.63662493,0.6675566,2.020423,0.118853524
661,0.50747085,0.7643945,2.0810099,0.17469725
662,0.42435414,0.80909616,2.1603436,0.1155267
663,0.6983129,0.73061436,2.2264392,0.14907904
664,0.49594253,0.69940734,2.0188859,0.09847654
665,0.53539187,0.70486134,2.0454035,0.11930659
666,0.72426623,0.7014404,2.2320018,0.15578789
667,0.448247,0.66247284,1.9986305,0.11489898
668,0.53033257,0.686056,1.9834803,0.17715181
669,0.58922404,0.7166123,2.1999893,0.12511517
670,0.5187584,0.88795847,2.0195732,0.04937294
671,0.5328403,0.70439994,2.13153,0.15921007
672,0.5394306,0.61632055,2.1719477,0.15936574
673,0.6033209,0.77276546,2.3331273,0.19120859
674,0.5258458,0.80686235,1.9988129,0.13061993
675,0.6672079,0.7245298,2.2508569,0.12680383
676,0.8078734,0.5871928,2.3512878,0.1419466
677,0.647192,0.7193571,2.2254505,0.14539199
678,0.5275423,0.6332233,2.1611996,0.10252867
679,0.5976613,0.7141331,2.1335866,0.12693764
680,0.4418907,0.684408,2.0772552,0.13203774
681,0.52327275,0.74920136,2.165851,0.1818667
682,0.63355845,0.6925402,2.055069,0.12267907
683,0.6305269,0.6596694,2.3716497,0.13757154
684,0.5953691,0.64443374,2.1435392,0.13055469
685,0.68400055,0.7969693,2.056586,0.10716517
686,0.6210852,0.6661405,2.0936282,0.115312636
687,0.5217305,0.7292115,2.1789222,0.05411602
688,0.64596283,0.6267394,2.0724835,0.098797336
689,0.62221754,0.7074293,2.148235,0.1316729
690,0.49971673,0.63827115,2.1591568,0.089566156
691,0.43658295,0.73968124,2.1327226,0.092789866
692,0.63155717,0.63911736,2.0270483,0.14053385
693,0.6674293,0.646343,2.0335135,0.17896868
694,0.66260654,0.74523187,2.012409,0.12834987
695,0.51041216,0.6669065,2.0097408,0.12850717
696,0.6111955,0.7039841,1.9974085,0.11974982
697,0.6407115,0.716561,2.2254045,0.17021966
698,0.50261605,0.7501943,2.0296605,0.094648056
699,0.6633711,0.7395125,2.3011553,0.08013802
700,0.66191304,0.77944624,2.310531,0.12489189
701,0.6094333,0.7873975,2.2361114,0.13482824
702,0.6982768,0.72130114,2.2900205,0.14799872
703,0.61242115,0.671809,2.2068567,0.15163788
704,0.676987,0.70832163,2.126818,0.13967325
705,0.72123337,0.6770141,2.0811496,0.102109864
706,0.6451756,0.74639785,2.1863768,0.15481076
707,0.792262,0.65929985,2.515771,0.12113746
708,0.68302697,0.73296696,2.1337469,0.114703506
709,0.42257047,0.7056254,1.9799855,0.15404183
710,0.6553463,0.74387807,2.1830862,0.1864969
711,0.6808573,0.7029155,2.139128,0.12961261
712,0.6181257,0.6811463,2.2121038,0.1753842
713,0.53363115,0.6608789,2.0178137,0.13942873
714,0.54986537,0.7472338,2.1933494,0.15051484
715,0.6087457,0.75197095,2.0872703,0.11724532
716,0.557847,0.8824155,2.1178212,0.13651761
717,0.6865899,0.6934181,2.1764002,0.1699119
718,0.71350616,0.7686822,2.1978378,0.1899116
719,0.47556826,0.74153906,2.2539961,0.14251113
720,0.5582782,0.6896209,1.9949,0.12691694
721,0.6999926,0.62647843,2.0170474,0.15065895
722,0.6921269,0.77356386,2.0690866,0.1358181
723,0.511441,0.6828716,2.069942,0.15657921
724,0.6394635,0.68663585,2.117545,0.12676382
725,0.51007694,0.6978299,2.0292525,0.14201821
726,0.5149078,0.71722806,2.132885,0.073752984
727,0.57975316,0.736388,1.9831196,0.14418702
728,0.6687891,0.81668687,2.1063206,0.10696522
729,0.69142073,0.7089983,2.1053436,0.11187422
730,0.61704046,0.7211601,2.1735425,0.15351328
731,0.65220344,0.6512111,1.9888787,0.10608572
732,0.5238614,0.6949156,2.0459924,0.08458402
733,0.4438473,0.7080487,2.012002,0.1150718
734,0.7717579,0.67372423,2.1777904,0.19634637
735,0.6601325,0.6493997,2.2127643,0.13792145
736,0.58809316,0.7122984,2.240674,0.091064595
737,0.639699,0.66841996,2.1531026,0.14737049
738,0.7009764,0.71161216,2.078151,0.13339967
739,0.5721741,0.73062265,2.1841395,0.113982856
740,0.73310137,0.6906636,2.3201714,0.12378946
741,0.6805633,0.64434433,2.1302507,0.1514889
742,0.43651927,0.65068394,2.036176,0.14668468
743,0.5520535,0.78852105,2.1122804,0.14868441
744,0.55651224,0.7006163,2.2031589,0.12034674
745,0.64702857,0.69023335,2.2375329,0.14369018
746,0.70975626,0.70597714,2.2541528,0.1632554
747,0.5557821,0.68309706,2.0757494,0.062634766
748,0.56141996,0.76198226,2.3224633,0.11529417
749,0.5924904,0.67430633,2.0919094,0.10005036
750,0.5485522,0.8161315,2.1007621,0.12670445
751,0.6318948,0.7782539,1.9928559,0.14679034
752,0.547759,0.65776694,2.147276,0.17071527
753,0.5630071,0.73294026,2.092487,0.14285809
754,0.5226941,0.8273862,2.1031363,0.1389068
755,0.7256479,0.7321173,2.2823849,0.093148835
756,0.7332029,0.6337738,2.1231902,0.12294447
757,0.60348946,0.76644367,2.1734443,0.15416655
758,0.5709691,0.8004607,2.0449605,0.115493536
759,0.51261467,0.7519342,2.0512269,0.16362101
760,0.74089766,0.68120635,2.2197824,0.13771352
761,0.5848073,0.6475867,2.0787287,0.10728645
762,0.5772226,0.6051283,2.2293496,0.08357089
763,0.6628068,0.7712149,2.047457,0.18865354
764,0.6465447,0.71731806,2.0409088,0.13350737
765,0.6726345,0.64314353,2.1080358,0.15459654
766,0.47782168,0.7332533,2.039277,0.1820525
767,0.6876236,0.67467755,2.2488148,0.15357918
768,0.66123223,0.7079215,2.0748968,0.13442647
769,0.6649218,0.7258261,2.1721756,0.1154769
770,0.51424307,0.7366776,1.95644,0.17177302
771,0.57535076,0.64627373,2.2101517,0.14330062
772,0.7030209,0.775655,2.059697,0.12898345
773,0.6393618,0.7350304,2.0964553,0.10574572
774,0.6268715,0.6809071,2.1078682,0.16027954
775,0.6600736,0.65750253,2.042496,0.1452678
776,0.5891611,0.7350842,2.0807788,0.15785138
777,0.5182966,0.65395516,1.9071658,0.13691956
778,0.6774772,0.76917356,2.0870492,0.1744485
779,0.4156788,0.7602634,2.1446261,0.1794647
780,0.5239186,0.72262657,2.0485117,0.14058298
781,0.45846894,0.68619305,1.9549184,0.104057014
782,0.5577162,0.7617572,2.087952,0.096574776
783,0.6600067,0.83708715,2.1212854,0.13589656
784,0.48965973,0.75519097,2.0713995,0.14457801
785,0.67989206,0.70403117,2.154135,0.13929266
786,0.4900522,0.6779117,2.1039615,0.17549217
787,0.548691,0.6649628,2.009447,0.10470647
788,0.58256847,0.69971454,2.1333988,0.1592126
789,0.6475084,0.6963463,2.2519915,0.102607034
790,0.64083165,0.7812798,2.1203032,0.19446309
791,0.5728789,0.67040217,2.0008733,0.11509548
792,0.5253861,0.7701526,2.0507119,0.10977726
793,0.6316607,0.7171136,2.2822597,0.1484847
794,0.5621452,0.7928597,1.9856118,0.111316875
795,0.5351582,0.7046439,2.150012,0.11524087
796,0.5798528,0.73043114,2.0814357,0.11408746
797,0.5031607,0.64377904,2.1162589,0.11733274
798,0.5714275,0.7142558,2.2983477,0.09604445
799,0.59308857,0.73323715,2.165163,0.11239959
800,0.63356537,0.7804876,2.202839,0.15375574
801,0.65216714,0.6461813,2.3219895,0.123087026
802,0.6356806,0.7690225,2.0448794,0.11828276
803,0.5921181,0.72067475,2.1886423,0.16096832
804,0.57876176,0.70930207,1.9832091,0.16374929
805,0.63705283,0.66260976,2.3084521,0.08739487
806,0.7423291,0.6972766,2.3812075,0.1341619
807,0.6801284,0.7169138,2.0142548,0.1615341
808,0.6492157,0.76526546,1.9994586,0.09377243
809,0.52661896,0.77757263,2.199807,0.104541995
810,0.5247343,0.7366066,1.9788272,0.16064236
811,0.673397,0.69793934,1.8740467,0.11688307
812,0.6343671,0.67659914,2.0289373,0.10080744
813,0.6034551,0.6491205,2.253681,0.102241516
814,0.4866781,0.7232166,2.1119945,0.1077592
815,0.6705766,0.7857781,2.2121587,0.14871341
816,0.5688456,0.7051949,2.3256228,0.12861735
817,0.70293736,0.6890372,2.0987787,0.19468975
818,0.6691372,0.78055763,2.0589457,0.097422265
819,0.53663737,0.7401485,2.0462606,0.15237442
820,0.63900614,0.67836404,2.2131195,0.16138728
821,0.6165188,0.77144235,2.1495466,0.1621566
822,0.50154924,0.80222905,2.2055979,0.12465267
823,0.7894027,0.6789649,2.285156,0.14062856
824,0.4659064,0.7511562,2.0983224,0.13129935
825,0.5631841,0.74216336,2.1994746,0.18203197
826,0.4547282,0.753344,2.2005882,0.13601585
827,0.6883224,0.7726843,2.1103287,0.14230968
828,0.52918196,0.7291886,2.0932462,0.15370311
829,0.57203907,0.6410659,2.3416104,0.14448781
830,0.6854234,0.71680653,2.115806,0.12940134
831,0.689684,0.7079153,2.055596,0.19193725
832,0.5754933,0.608824,2.2021086,0.118216805
833,0.564288,0.79229224,2.0449753,0.12786914
834,0.5713039,0.79887277,2.0588577,0.113986954
835,0.48450544,0.68703866,2.0650268,0.11816863
836,0.51850367,0.71709013,2.1728423,0.16422285
837,0.70224947,0.7017423,2.3641176,0.18125854
838,0.58059406,0.8104641,2.051628,0.18879487
839,0.4642233,0.8088964,2.2379425,0.13990402
840,0.65725446,0.79819465,2.0827105,0.151661
841,0.60225725,0.81638944,2.2382047,0.15221547
842,0.5406553,0.7697507,2.033212,0.16826914
843,0.5810149,0.7433083,2.1713097,0.0931585
844,0.6194026,0.6519482,2.0531309,0.13982424
845,0.5837442,0.6809553,2.0210218,0.12201728
846,0.4885867,0.7186915,2.1617718,0.061351918
847,0.57144403,0.83335555,2.112331,0.19320306
848,0.59340644,0.6873938,2.2052217,0.17969596
849,0.77042145,0.71591526,2.322712,0.14558822
850,0.44923243,0.81170714,2.0928116,0.1104117
851,0.64306253,0.64269143,2.28547,0.07529141
852,0.5936282,0.75245667,2.1621857,0.15385488
853,0.53419465,0.71713036,2.175846,0.12964357
854,0.5644091,0.74924827,1.982211,0.16211721
855,0.5916206,0.7579634,2.0989835,0.14214802
856,0.4805517,0.67242676,2.2105093,0.09542149
857,0.6039761,0.70536965,2.2779112,0.156544
858,0.6424324,0.71729153,1.9892479,0.11676748
859,0.5958982,0.70195377,2.2596736,0.14908029
860,0.58085406,0.6590056,2.1244874,0.13169253
861,0.5644552,0.72361386,2.2849998,0.1097363
862,0.71203965,0.6885672,2.0252473,0.124462605
863,0.58639234,0.7758949,2.1157632,0.11652299
864,0.6343489,0.672084,2.0803518,0.13748015
865,0.56009924,0.7430005,2.1218815,0.1624317
866,0.50830597,0.800635,2.2918632,0.13445324
867,0.6595571,0.6161766,2.3767169,0.102168575
868,0.4634665,0.6882111,2.1328151,0.12007586
869,0.5461815,0.673752,2.2331657,0.18291421
870,0.677775,0.6330692,2.1880515,0.145455
871,0.58323205,0.6980887,2.052573,0.11466098
872,0.66187453,0.73038024,2.0134895,0.07682024
873,0.5360633,0.76257885,2.0875773,0.118654124
874,0.60781676,0.6778699,2.0492177,0.17827809
875,0.68042684,0.7219174,2.1125348,0.1807359
876,0.7045973,0.8351997,2.2452033,0.15809748
877,0.55493164,0.76265895,2.1772318,0.13768218
878,0.61137,0.7895121,2.0832636,0.1114319
879,0.57392937,0.77731144,2.3573973,0.16016589
880,0.54147005,0.67991066,2.1694458,0.20708342
881,0.6366417,0.63920075,1.9359148,0.1672373
882,0.61478734,0.7382234,2.1212585,0.117654115
883,0.62538385,0.7972495,2.179362,0.1288995
884,0.5692584,0.5843525,2.1902297,0.08176427
885,0.50342166,0.83970416,2.0386972,0.14085253
886,0.5380383,0.6242189,2.010864,0.1219068
887,0.6400705,0.7546313,2.2687771,0.13245419
888,0.64047897,0.691708,2.0721848,0.12172905
889,0.52507645,0.79043967,2.298061,0.13118942
890,0.51688635,0.6583588,2.2289615,0.15790096
891,0.6785062,0.69909227,2.2585385,0.11549937
892,0.5740275,0.7276681,2.1596391,0.12039877
893,0.50866395,0.8033227,2.1528678,0.15747583
894,0.63739866,0.6955192,2.1218114,0.164751
895,0.52027637,0.81285757,2.0923135,0.14042526
896,0.61788017,0.7186767,1.9703592,0.14619538
897,0.55413884,0.7397091,2.0350096,0.19207884
898,0.5947111,0.7441255,2.254099,0.17589656
899,0.6166063,0.6811264,2.0679042,0.1155254
900,0.5443283,0.7531989,2.040712,0.076587684
901,0.634785,0.7256891,1.9814135,0.12480694
902,0.70360976,0.7002131,2.3007834,0.16784522
903,0.6909437,0.6314037,2.088677,0.19583175
904,0.5453749,0.74302167,1.9826435,0.167672
905,0.702893,0.6371348,2.2697241,0.08914557
906,0.6300431,0.7207923,1.9883035,0.17417105
907,0.6099739,0.71765393,2.2507052,0.09961856
908,0.6090706,0.8241939,2.1047196,0.12656651
909,0.5124932,0.759994,2.2706027,0.13160719
910,0.55802196,0.6970425,2.2383728,0.104482174
911,0.5872889,0.75621295,2.1312542,0.1128775
912,0.42697325,0.73890275,1.97775,0.13391386
913,0.5291771,0.7671591,2.0870485,0.11942005
914,0.54724544,0.76320386,2.1694086,0.16051592
915,0.70253736,0.67863286,2.205452,0.15672266
916,0.60380894,0.7250803,2.2508233,0.1298574
917,0.64602906,0.6021241,2.2318919,0.12390673
918,0.610393,0.64589924,2.1262631,0.19575773
919,0.49926198,0.80839056,2.238961,0.1642068
920,0.48847526,0.7273535,2.3044312,0.09535097
921,0.62016636,0.6688456,1.972564,0.10436812
922,0.6745973,0.70585734,2.0490239,0.11820162
923,0.65717405,0.7187563,2.2638638,0.14651759
924,0.5905119,0.71703345,2.2378507,0.14071724
925,0.6600904,0.78433967,2.0783582,0.15518047
926,0.65617824,0.6669376,2.249841,0.11157293
927,0.56853455,0.7761933,2.147546,0.10685686
928,0.5914115,0.739423,2.1130736,0.17745447
929,0.6047137,0.8128134,2.333784,0.0825509
930,0.42475644,0.7269359,2.0979638,0.07013425
931,0.5852157,0.62515974,2.0587113,0.14434266
932,0.6374785,0.69178295,2.0576515,0.11400983
933,0.51946163,0.78942436,2.028684,0.14129493
934,0.5219454,0.7144055,2.2621179,0.14632976
935,0.60473263,0.6947061,2.080487,0.1514575
936,0.52814513,0.7745065,2.1223238,0.13100387
937,0.5057371,0.73198056,2.0570457,0.16100979
938,0.6101889,0.65824306,2.2126012,0.15240939
939,0.54647356,0.7071233,2.377093,0.10023996
940,0.6044526,0.6890271,2.0135112,0.1649823
941,0.6507002,0.7656143,2.3529718,0.13120456
942,0.5429163,0.7447419,2.1425507,0.13653538
943,0.5994558,0.79786044,2.0438297,0.12028834
944,0.53633875,0.70655614,2.3564248,0.08182893
945,0.6333193,0.6530475,2.075293,0.15288876
946,0.65282637,0.68899065,2.1601377,0.101282604
947,0.62905645,0.7539633,2.050457,0.13304612
948,0.76035815,0.72656727,2.2327986,0.103041634
949,0.54096264,0.8126048,1.9432653,0.1302233
950,0.5148189,0.55223125,2.0986474,0.18781276
951,0.72401714,0.65833116,2.052232,0.17084552
952,0.68531984,0.6710809,2.4326572,0.1531392
953,0.71871465,0.7212865,2.0589423,0.186897
954,0.6609194,0.7244795,2.199805,0.14307727
955,0.6962752,0.6745325,2.1972702,0.13953497
956,0.58350116,0.70239717,2.1537995,0.13734548
957,0.58048594,0.75019234,2.2252147,0.13688625
958,0.70057505,0.715494,2.2611358,0.14794995
959,0.5145748,0.67434233,2.0843713,0.1346579
960,0.5804319,0.7656398,2.3125515,0.13466768
961,0.6140747,0.7637755,2.1179948,0.074792
962,0.644883,0.7472393,2.130164,0.12929434
963,0.53519976,0.7265018,2.134831,0.11112168
964,0.5745402,0.7130495,2.20865,0.1565136
965,0.6115936,0.6677346,2.009896,0.18001841
966,0.65355676,0.68187577,2.1421018,0.12043005
967,0.66377723,0.7396861,2.2198758,0.12331703
968,0.45870018,0.76759636,2.1781209,0.11794408
969,0.58060056,0.67100644,2.0305629,0.1660171
970,0.66990167,0.690901,2.171134,0.13091965
971,0.5594159,0.89257795,2.3392518,0.11065768
972,0.7207929,0.68657213,2.078225,0.079334565
973,0.5627141,0.7591906,2.212219,0.11656318
974,0.5973504,0.7428602,1.8979926,0.18647075
975,0.6475471,0.76812845,2.1105192,0.10089558
976,0.5515128,0.6949503,2.1711445,0.10554044
977,0.61391234,0.7102767,2.188881,0.13554344
978,0.59048045,0.70994055,2.2385674,0.13313375
979,0.57976013,0.6962504,2.1015482,0.13972758
980,0.56027573,0.7783055,2.0821283,0.11210958
981,0.5953961,0.71011126,2.1664202,0.17152612
982,0.5054279,0.68071806,2.222432,0.13932501
983,0.44534403,0.6580626,2.0987504,0.124600925
984,0.56094337,0.6295813,2.0927136,0.14689967
985,0.63027894,0.6410123,2.113404,0.14627025
986,0.59316975,0.7445987,2.2801423,0.071143486
987,0.58103323,0.75371087,2.283613,0.130263
988,0.5770803,0.7039014,2.0607016,0.15986276
989,0.6127411,0.69559205,2.0182455,0.15943526
990,0.57992464,0.69750416,2.3233235,0.10579732
991,0.71669203,0.73099875,2.3152149,0.16543712
992,0.6202868,0.7211768,2.5313692,0.14327316
993,0.57223666,0.72993004,2.183134,0.16905662
994,0.5601095,0.6890452,2.2665052,0.0918145
995,0.51466715,0.72218597,1.990135,0.13381428
996,0.6132983,0.7607821,2.190576,0.14797568
997,0.5523378,0.7420796,2.1179469,0.116555706
998,0.62033993,0.76462245,2.3958683,0.13205682
999,0.6430884,0.76611245,2.3510413,0.138364
1000,0.57301885,0.67420137,2.2204285,0.13916065
1001,0.7197502,0.6487981,2.251908,0.16776015
1002,0.63530886,0.6801002,2.1533444,0.15099713
1003,0.79060274,0.57767695,2.2432125,0.15601818
1004,0.5286094,0.74312586,2.131459,0.121745534
1005,0.56599104,0.765326,2.247129,0.11693805
1006,0.5483851,0.73824424,2.2401285,0.10555427
1007,0.5910086,0.81532323,2.1878445,0.12053097
1008,0.54323274,0.6608792,2.3166974,0.139507
1009,0.6411095,0.7337024,2.2953432,0.11558168
1010,0.62255764,0.76732826,2.091591,0.08256536
1011,0.57854646,0.77870274,2.0567272,0.09453712
1012,0.5133188,0.67042154,1.9879824,0.15412605
1013,0.4600883,0.67529166,2.0300841,0.12099193
1014,0.6400897,0.66536933,2.235736,0.10652707
1015,0.6385505,0.7846107,2.258309,0.1364002
1016,0.59644264,0.6320284,2.103246,0.14001392
1017,0.69280285,0.62720716,2.0652041,0.15949565
1018,0.60159814,0.6884617,2.0692008,0.17898034
1019,0.56977713,0.65897334,1.8427685,0.13443013
1020,0.51809293,0.7508923,2.1265986,0.14843376
1021,0.52328676,0.7231289,2.146185,0.12701699
1022,0.54598993,0.77493507,2.183243,0.12345562
1023,0.45737094,0.6882454,2.0401137,0.11121803
1024,0.65119046,0.7687512,2.0364878,0.15924071
1025,0.7289685,0.7296494,2.0270686,0.10845467
1026,0.5699193,0.74569774,2.0892596,0.14857806
1027,0.50130445,0.5881678,2.2669497,0.13541374
1028,0.53372157,0.5605071,2.22955,0.13198343
1029,0.57491684,0.7097802,2.0390403,0.11043039
1030,0.69944686,0.73600894,2.1369193,0.12880488
1031,0.51501435,0.8073118,2.2382925,0.138764
1032,0.4991969,0.67104363,2.1684468,0.17268275
1033,0.5983257,0.6671398,2.0928605,0.14189814
1034,0.5368171,0.7385461,2.058102,0.122401215
1035,0.7132512,0.7342187,2.2132003,0.1880449
1036,0.48177034,0.7532324,1.881337,0.1141263
1037,0.6650172,0.72445613,2.1768358,0.13466926
1038,0.7288036,0.6820394,2.4602964,0.10994699
1039,0.559808,0.7458654,2.1698585,0.13845377
1040,0.55570626,0.70983255,2.0876467,0.118542135
1041,0.5882782,0.7246171,2.2135274,0.09776548
1042,0.55864334,0.7635791,2.0579135,0.1960122
1043,0.5895684,0.82098335,2.0974886,0.12513323
1044,0.47012314,0.7358781,2.0795946,0.09963641
1045,0.7100739,0.7738014,2.105571,0.12677461
1046,0.69584215,0.70322126,2.1660388,0.13802314
1047,0.7181367,0.7168045,2.2451975,0.13517976
1048,0.64678586,0.7145861,2.1008883,0.11107261
1049,0.5656178,0.81463546,2.1985848,0.14056124
1050,0.68341607,0.64543444,2.101062,0.17360517
1051,0.5205289,0.7712945,2.1655054,0.15111065
1052,0.53336483,0.76508474,2.1003997,0.13770594
1053,0.6388896,0.6830707,2.2742555,0.16719896
1054,0.65304357,0.70451283,2.129727,0.08816901
1055,0.610024,0.6366438,2.14139,0.14380495
1056,0.57495975,0.6679753,2.1380687,0.108915
1057,0.55353093,0.7061147,2.084201,0.14483029
1058,0.57971305,0.7308629,2.0640478,0.10010473
1059,0.64360124,0.7055347,2.178731,0.122240596
1060,0.5724321,0.72633374,2.0236578,0.14162523
1061,0.57073486,0.6903916,2.096087,0.14454228
1062,0.5671186,0.76924956,2.1821585,0.12873155
1063,0.62399304,0.7609499,2.3263803,0.15876634
1064,0.6460368,0.7086382,2.1268399,0.14287
1065,0.61040473,0.77013624,2.0788374,0.16257212
1066,0.6229454,0.7575973,2.0331802,0.1678734
1067,0.4836436,0.76500636,2.1386926,0.11126681
1068,0.5685301,0.76413065,2.1659987,0.13163437
1069,0.6058243,0.6698871,2.2872932,0.15614332
1070,0.60642165,0.6824019,2.0732112,0.14133802
1071,0.62913907,0.73301214,2.1102827,0.1273686
1072,0.5222721,0.6677124,1.9628887,0.14384691
1073,0.6296292,0.6977437,2.086227,0.16128384
1074,0.5280135,0.69481856,2.1597111,0.15084846
1075,0.54266185,0.6185276,2.0450425,0.10028212
1076,0.6129811,0.7121251,2.1156871,0.12364989
1077,0.65715635,0.74229044,2.0340548,0.16313806
1078,0.69896877,0.76283115,2.1864593,0.13460524
1079,0.6109272,0.8658981,2.0901294,0.07734852
1080,0.5660787,0.7189974,2.2882888,0.124231346
1081,0.5343703,0.7627948,2.036223,0.16297397
1082,0.48810565,0.7366352,2.1424694,0.15787616
1083,0.61980206,0.73736,2.1390224,0.124213286
1084,0.69142497,0.6949862,2.1000109,0.13166232
1085,0.6691205,0.6711405,2.1759434,0.12924038
1086,0.62158585,0.80759984,2.3037329,0.11506527
1087,0.60360634,0.79753715,2.1751466,0.10259959
1088,0.62009317,0.7733528,2.1811824,0.073422745
1089,0.60337764,0.7294368,2.052202,0.17443943
1090,0.5650805,0.7524415,2.043814,0.15046337
1091,0.58747363,0.7097638,2.240348,0.15091704
1092,0.544664,0.75603706,2.0430539,0.16208126
1093,0.73278403,0.7002475,2.5804563,0.09440846
1094,0.5477822,0.7855131,2.1255155,0.109324
1095,0.65722936,0.7302092,2.3381262,0.14672846
1096,0.6025394,0.680997,2.1667392,0.14969955
1097,0.62117016,0.6894493,2.2054567,0.10769605
1098,0.5479546,0.6994337,2.2382648,0.16199182
1099,0.60145926,0.729458,2.1733613,0.13895781
1100,0.55409044,0.78715295,2.114991,0.17735709
1101,0.5572953,0.6716046,2.2166715,0.13439909
1102,0.45560706,0.6967869,2.0052385,0.15555058
1103,0.63928205,0.6224933,2.0291018,0.17736606
1104,0.5592676,0.74237746,2.2984614,0.11309282
1105,0.51227397,0.69380236,2.0735412,0.11041461
1106,0.5860399,0.6991615,2.1687388,0.16342461
1107,0.5318344,0.8023762,2.260247,0.15952636
1108,0.68347466,0.7448075,2.2630267,0.13014111
1109,0.6348344,0.7492846,2.1146638,0.16288103
1110,0.5116529,0.78829616,2.1360664,0.14230591
1111,0.5426633,0.7074221,2.101202,0.114837274
1112,0.50308824,0.74498177,2.1981647,0.14624517
1113,0.5831663,0.7152021,2.1821995,0.13669552
1114,0.65391314,0.73326063,2.260985,0.15611283
1115,0.42036375,0.70198935,2.0295186,0.16924018
1116,0.53558093,0.7099492,2.029067,0.14825219
1117,0.6094792,0.79080737,2.0803676,0.124336705
1118,0.59584385,0.7993029,2.000759,0.16390331
1119,0.49962622,0.6624376,2.1317077,0.11794689
1120,0.69425243,0.71045804,2.0798926,0.16965812
1121,0.6288604,0.71311754,2.1774025,0.118493475
1122,0.65812546,0.6826833,2.2633815,0.16093095
1123,0.617179,0.9345941,2.2190807,0.15809925
1124,0.61918765,0.67028224,2.3144805,0.1377292
1125,0.6418175,0.7027971,2.1428063,0.16104579
1126,0.5902541,0.78147984,2.0949986,0.14148863
1127,0.46454242,0.7244013,2.1613805,0.09751709
1128,0.44549617,0.7354483,2.3084946,0.12668112
1129,0.57553744,0.80061126,2.0149105,0.18035753
1130,0.69062155,0.7211152,2.0183456,0.13670604
1131,0.69943476,0.71117204,2.142499,0.13270861
1132,0.48599988,0.76963305,2.195779,0.14530663
1133,0.6227758,0.7872944,2.0839744,0.107844174
1134,0.54255426,0.7771418,2.2313585,0.1552691
1135,0.67847264,0.7249742,2.0760384,0.1236766
1136,0.53150636,0.70966065,2.1489232,0.13085088
1137,0.5286664,0.7584697,1.9199222,0.13689822
1138,0.584362,0.7358616,2.0554447,0.15059346
1139,0.47255635,0.7232818,2.1927388,0.18210825
1140,0.64484835,0.7310351,2.2454264,0.119458765
1141,0.46910104,0.75510895,2.0852015,0.059921093
1142,0.54021156,0.7184162,2.2295294,0.108408615
1143,0.65143186,0.7126668,2.099035,0.13838817
1144,0.5419816,0.6031624,2.2849677,0.13857765
1145,0.63640904,0.7560022,2.1997335,0.15144537
1146,0.62439424,0.74765885,2.05299,0.09083808
1147,0.5878469,0.7398006,2.086061,0.13343853
1148,0.5540113,0.7710977,2.2484174,0.10390921
1149,0.5815473,0.67661583,2.0916686,0.12996638
1150,0.6464245,0.7690464,1.967002,0.20814674
1151,0.6887595,0.63642603,2.1154196,0.12215375
1152,0.5445113,0.6663769,1.989473,0.15275013
1153,0.66424173,0.6726744,2.063289,0.15994045
1154,0.66136885,0.7152058,2.1025949,0.15984985
1155,0.47529787,0.71487796,2.051978,0.15070523
1156,0.50341666,0.7325336,1.9556772,0.12492868
1157,0.6053802,0.77231777,2.2378216,0.13789679
1158,0.58241576,0.7323221,2.1389096,0.19652002
1159,0.5875966,0.5974985,2.0888116,0.11086425
1160,0.61051846,0.72283244,2.0978215,0.18851402
1161,0.5606435,0.72937155,2.2059438,0.12319529
1162,0.7225966,0.7521793,2.1787617,0.15205312
1163,0.6511914,0.61191726,2.112661,0.12665872
1164,0.5927653,0.62313056,2.0806599,0.14698048
1165,0.5470943,0.62350273,2.0849214,0.15236613
1166,0.50428474,0.724268,2.0926387,0.13417207
1167,0.5641715,0.67543334,2.100483,0.14170778
1168,0.6434338,0.693396,2.21359,0.11858934
1169,0.75095814,0.7275755,2.3971562,0.116784945
1170,0.60350907,0.62377053,2.1025417,0.13438049
1171,0.6270175,0.7214596,2.157942,0.10507645
1172,0.5546107,0.6323047,2.3032293,0.13472106
1173,0.68900424,0.7417992,1.9879266,0.20208034
1174,0.7394703,0.73088896,2.1579926,0.13155302
1175,0.5570718,0.69965714,2.0507507,0.16522142
1176,0.7065597,0.682857,2.1861515,0.14285243
1177,0.57305276,0.7799278,2.1411293,0.13655879
1178,0.64065075,0.79996026,2.122201,0.11584442
1179,0.5507298,0.74596655,2.16187,0.11081917
1180,0.45275182,0.7768106,1.9204298,0.14104734
1181,0.59716254,0.7411878,2.013153,0.15247843
1182,0.6124759,0.6916795,2.177708,0.18812719
1183,0.4509515,0.734711,2.0618167,0.12829392
1184,0.6597384,0.6649744,2.176599,0.12420371
1185,0.60294604,0.64809656,2.1275141,0.107455574
1186,0.5267761,0.69286263,2.1996262,0.19607317
1187,0.54601514,0.6649712,2.0747607,0.16145736
1188,0.63740546,0.81302226,2.2300296,0.086822405
1189,0.6306675,0.63941836,2.2986004,0.16363905
1190,0.5364565,0.66048056,2.267217,0.09060301
1191,0.5418726,0.82307094,2.1882536,0.12365197
1192,0.7359349,0.8059718,2.0264962,0.16559607
1193,0.5560186,0.72354794,2.2773135,0.12056154
1194,0.6950751,0.6961822,1.9660077,0.13750915
1195,0.59345317,0.68314064,1.9798466,0.11598317
1196,0.5352723,0.736802,2.1702037,0.062272083
1197,0.5012478,0.67320734,2.0842006,0.18343593
1198,0.68080825,0.82935166,2.2111547,0.13206685
1199,0.62956923,0.7403494,2.2036161,0.100282356
1200,0.52022254,0.68969285,1.8355759,0.15487768
1201,0.5667457,0.71833974,1.8512801,0.15522178
1202,0.64473784,0.7480776,2.1639144,0.16635986
1203,0.4696774,0.6541599,2.0357704,0.16006607
1204,0.6652784,0.673359,2.1039178,0.075756684
1205,0.66488725,0.6743616,2.2953575,0.15805691
1206,0.51355684,0.75383943,2.147556,0.14218941
1207,0.6442399,0.752963,2.1546516,0.15246993
1208,0.56820065,0.7817795,2.1285727,0.13113506
1209,0.64129364,0.78249955,2.207952,0.14798371
1210,0.60438526,0.6707977,1.97512,0.17003754
1211,0.6054435,0.7925761,2.2873044,0.14098275
1212,0.6823051,0.66896486,2.11696,0.12623748
1213,0.66444236,0.68493354,2.1480384,0.1956375
1214,0.60727865,0.7622189,2.108872,0.120331466
1215,0.5937867,0.7278504,2.171519,0.11519688
1216,0.58730227,0.7519242,2.1601708,0.1855677
1217,0.5598217,0.6021262,2.0927315,0.15301926
1218,0.5910934,0.7043171,1.9697592,0.17943606
1219,0.6437743,0.71634644,2.1349351,0.15146688
1220,0.6082895,0.7570882,2.3374023,0.110115364
1221,0.49315178,0.73156375,2.0612571,0.13835193
1222,0.56416255,0.67799926,2.165536,0.15279053
1223,0.676048,0.70321465,2.0861852,0.13952143
1224,0.59395814,0.6134112,2.210928,0.14124578
1225,0.61077064,0.717632,2.1301486,0.18052816
1226,0.5432129,0.77532953,2.0487072,0.0988233
1227,0.5706384,0.7270839,2.2916017,0.15559317
1228,0.55907667,0.6951544,2.0928934,0.16256323
1229,0.50597215,0.5715321,2.0163393,0.10937478
1230,0.42545235,0.75933653,2.0383594,0.11049406
1231,0.58261186,0.62246305,2.108882,0.111142375
1232,0.5379104,0.6993963,2.1187546,0.1363185
1233,0.62912554,0.66302073,2.0127342,0.22691467
1234,0.528625,0.67842054,2.2986388,0.122024685
1235,0.60960764,0.6384837,2.2347302,0.14442156
1236,0.5177663,0.6986649,2.126977,0.18584342
1237,0.5365199,0.76364756,2.037712,0.07577265
1238,0.69412416,0.58123785,2.2743266,0.16950376
1239,0.5124964,0.75577676,2.148284,0.106160834
1240,0.58880854,0.8236224,2.2756875,0.109785326
1241,0.58067065,0.7292208,2.0736587,0.17060505
1242,0.77162457,0.68232197,2.010678,0.1640153
1243,0.5827519,0.6863509,2.1801534,0.1680907
1244,0.7127163,0.61361414,2.336775,0.10482784
1245,0.6970276,0.6395194,2.3448267,0.14829701
1246,0.70821214,0.9385783,2.1914012,0.19067125
1247,0.70779127,0.7667654,2.2534888,0.11880592
1248,0.5059411,0.77183986,2.024354,0.15281609
1249,0.4950861,0.64270747,2.1241214,0.15328152
1250,0.6396176,0.7416661,1.9931865,0.12671743
1251,0.57727927,0.6954447,2.0798686,0.12539431
1252,0.55575526,0.73740107,2.208098,0.1099672
1253,0.58736765,0.7607373,2.1251678,0.08483287
1254,0.5587964,0.7108682,2.170921,0.14106168
1255,0.56980634,0.77640367,2.2001674,0.14946733
1256,0.6153349,0.7938294,2.0225637,0.15483253
1257,0.7208638,0.759841,2.180612,0.12848784
1258,0.6200034,0.68283045,2.1134923,0.11034995
1259,0.5588556,0.6723826,2.0581048,0.16714893
1260,0.4970159,0.6754425,2.0887873,0.09913226
1261,0.4761553,0.8072941,1.9908373,0.19343935
1262,0.6150985,0.7101432,1.9495311,0.17266075
1263,0.6514959,0.73513263,2.1158376,0.15447836
1264,0.55688363,0.81321925,2.138135,0.15655066
1265,0.6131216,0.6954742,2.098941,0.17830147
1266,0.6300239,0.7274426,2.1628554,0.15436894
1267,0.50215656,0.70764667,2.1891348,0.17923672
1268,0.5341091,0.73802626,1.9232028,0.17926107
1269,0.54220587,0.541135,2.2673912,0.05830074
1270,0.61702794,0.6985549,2.1608667,0.15181723
1271,0.45342475,0.63509,2.1875627,0.11050205
1272,0.5412248,0.79702365,2.007594,0.10107882
1273,0.64264977,0.75658566,2.250476,0.15923509
1274,0.52814335,0.608397,2.261771,0.18367323
1275,0.60560805,0.62647325,2.0913963,0.17571045
1276,0.604551,0.70878816,2.2284942,0.16502106
1277,0.5536435,0.7676217,2.141006,0.13742603
1278,0.54259723,0.6702286,2.0541263,0.12748007
1279,0.5864955,0.72803164,2.3367317,0.112211935
1280,0.57277596,0.76232815,2.017351,0.1170184
1281,0.6114165,0.7153501,1.9674968,0.13683534
1282,0.6773942,0.73189676,2.2706368,0.15310779
1283,0.5505552,0.7519879,2.1413028,0.1012164
1284,0.5091656,0.78399885,2.1864793,0.116608255
1285,0.5812425,0.77732074,2.1634238,0.1398648
1286,0.6368894,0.74785674,2.1852372,0.15864053
1287,0.6344016,0.7418682,2.35784,0.13136818
1288,0.6610247,0.779632,2.2596579,0.18773878
1289,0.44990233,0.72363275,2.1753592,0.13276546
1290,0.6831913,0.7020195,2.283844,0.09416232
1291,0.737916,0.68337774,2.099079,0.12469065
1292,0.65220684,0.77791846,1.9953405,0.14921871
1293,0.7081467,0.6926118,2.2177668,0.12925173
1294,0.6864472,0.6607949,2.2520576,0.11934868
1295,0.56537515,0.7080568,2.1220636,0.18129791
1296,0.58383036,0.62955487,2.13432,0.11453571
1297,0.6371181,0.8572131,2.2603266,0.14947073
1298,0.535943,0.70883125,2.0964067,0.10673916
1299,0.5735168,0.7195885,2.1468332,0.09671872
1300,0.5782531,0.8412535,2.1490147,0.13834637
1301,0.58671236,0.77818763,2.2233298,0.12372324
1302,0.60041076,0.74029297,2.2009773,0.106334366
1303,0.53181833,0.76329577,2.0987952,0.15744582
1304,0.4960635,0.7468059,2.0854812,0.12891732
1305,0.5608177,0.670093,2.0662434,0.055741012
1306,0.5438831,0.6757448,2.0794625,0.18491364
1307,0.61708015,0.64577186,2.062616,0.14326705
1308,0.5632802,0.6642677,2.0110674,0.15472107
1309,0.5900959,0.73399925,2.2060995,0.14136615
1310,0.6364303,0.666549,2.1220791,0.13915259
1311,0.6052986,0.7366523,2.184866,0.10193353
1312,0.56159747,0.6950884,2.1914954,0.11085928
1313,0.63124216,0.63772815,2.1634893,0.18682677
1314,0.6338637,0.7308703,2.3346043,0.14470533
1315,0.6243879,0.717402,1.9906999,0.13561468
1316,0.6357953,0.6865011,2.0547092,0.14595455
1317,0.47981885,0.78121674,2.1907806,0.1562248
1318,0.39735508,0.74157757,2.1033037,0.19236547
1319,0.6099563,0.6863945,2.170868,0.09742014
1320,0.49043646,0.78001344,2.0836878,0.12976147
1321,0.57086414,0.74480104,2.1736426,0.15388952
1322,0.6374965,0.75564164,2.1926358,0.183517
1323,0.69321513,0.6114064,2.228169,0.1242338
1324,0.6207086,0.6632624,2.2121513,0.09918779
1325,0.50289166,0.80181825,2.104092,0.16762196
1326,0.4941394,0.70999306,1.9830271,0.20327169
1327,0.7336397,0.69609773,2.1793382,0.13868482
1328,0.59505653,0.6404474,2.0206165,0.13394085
1329,0.60773224,0.61231464,2.0967307,0.15785433
1330,0.6794442,0.7027625,2.2109513,0.17490461
1331,0.60844845,0.68670106,2.3012354,0.12607001
1332,0.64824265,0.76241314,2.2022073,0.11949948
1333,0.7422387,0.6846275,1.969186,0.19812936
1334,0.39265954,0.7194605,2.0886886,0.1460641
1335,0.6520077,0.7420562,2.1009345,0.12994535
1336,0.68723464,0.6761621,2.0845852,0.09612095
1337,0.45485047,0.68041915,1.9212608,0.13053605
1338,0.5882425,0.71625566,2.184202,0.10339278
1339,0.61496353,0.7059721,2.128111,0.17822833
1340,0.6945123,0.79798657,2.0130665,0.09816188
1341,0.6077004,0.76761097,2.3388119,0.14528525
1342,0.519017,0.7850524,2.1156864,0.12608391
1343,0.628689,0.75952125,2.2300744,0.115207076
1344,0.6692971,0.7232186,2.195733,0.14860101
1345,0.66552085,0.6870376,2.1124034,0.10611245
1346,0.6841674,0.740891,2.3418088,0.094284005
1347,0.5669802,0.7847833,2.1175716,0.15104629
1348,0.56256557,0.6901608,2.119784,0.12807667
1349,0.62402445,0.6667186,2.0746717,0.16372652
1350,0.6581222,0.6248412,2.0740674,0.15340936
1351,0.5631598,0.62737066,2.1718512,0.14381678
1352,0.50976694,0.6535536,2.0271225,0.13472115
1353,0.73716456,0.78275174,2.3095982,0.17262849
1354,0.5983089,0.76907766,2.0721838,0.123274565
1355,0.64342076,0.6838714,2.216201,0.10150012
1356,0.603171,0.62478447,2.1405044,0.089265175
1357,0.6856393,0.61548954,2.0657682,0.15125225
1358,0.52529657,0.7356308,2.0533907,0.1341292
1359,0.48005462,0.720011,2.142141,0.14080065
1360,0.7222094,0.6995164,2.1113653,0.16416518
1361,0.5686475,0.8176957,2.087173,0.14381602
1362,0.59906393,0.816818,2.0964677,0.1096862
1363,0.60428697,0.72075003,2.0703099,0.09197413
1364,0.7290047,0.734675,2.5056932,0.11955146
1365,0.62131494,0.7351303,2.2711837,0.14796738
1366,0.48738986,0.7195884,2.0458887,0.1209271
1367,0.68642324,0.7368745,2.1853251,0.1648718
1368,0.69873035,0.72634935,2.0521731,0.14622262
1369,0.7385173,0.6094653,2.115933,0.1973211
1370,0.6241329,0.7858531,2.169065,0.11264525
1371,0.48043454,0.772175,2.1824563,0.11173593
1372,0.5004723,0.70152,2.0336764,0.09462981
1373,0.66605717,0.6769223,2.0724678,0.113369785
1374,0.63844675,0.70174634,2.232019,0.1493799
1375,0.56014156,0.7692284,1.9814006,0.10548556
1376,0.66600555,0.6586814,2.076089,0.1333949
1377,0.45341614,0.68628377,1.9970659,0.12951912
1378,0.66385895,0.6644549,2.0957074,0.08054235
1379,0.57390916,0.74610734,2.0388775,0.13470139
1380,0.5381094,0.6906943,2.0811596,0.16624533
1381,0.6416851,0.6809612,1.9308493,0.1598445
1382,0.49294233,0.7160834,2.3098652,0.16112934
1383,0.5503129,0.6454566,2.1692939,0.14115366
1384,0.4183578,0.6816917,2.1051595,0.16217458
1385,0.65561306,0.5886478,2.058856,0.09357036
1386,0.6767801,0.7064852,2.2627354,0.15651019
1387,0.45105362,0.75701594,2.127455,0.0895531
1388,0.6715984,0.63633215,2.1535244,0.1122094
1389,0.6379774,0.75788426,2.1562278,0.14106032
1390,0.66181535,0.6957836,2.0755014,0.13427679
1391,0.62913716,0.672163,2.2992623,0.18753837
1392,0.50390106,0.75330037,2.174957,0.11325505
1393,0.5072183,0.76371473,2.107024,0.12946323
1394,0.5884405,0.7246096,2.021899,0.12022057
1395,0.6276019,0.7249278,2.1780715,0.16161138
1396,0.6675511,0.74980015,2.2954445,0.13121314
1397,0.5663284,0.74915516,2.219889,0.162414
1398,0.56877846,0.6538582,2.1834188,0.16488124
1399,0.5171713,0.67628396,2.2262402,0.13460457
1400,0.44450304,0.69796675,2.1322496,0.15185691
1401,0.5321782,0.82761264,2.369093,0.12513693
1402,0.57944524,0.6722947,2.0448115,0.11629555
1403,0.5647897,0.7597876,2.2232835,0.12877792
1404,0.62265885,0.71724904,2.354255,0.13786054
1405,0.7336945,0.56145364,2.3259401,0.116810076
1406,0.6443305,0.75248766,2.2000575,0.12480842
1407,0.6341794,0.64804584,2.1278112,0.13335629
1408,0.53496885,0.76315254,2.16885,0.07642177
1409,0.54104316,0.6726122,2.2037659,0.11186215
1410,0.61098343,0.74376863,2.3251016,0.1522765
1411,0.63042736,0.71272564,2.345924,0.12531783
1412,0.66837794,0.7290599,2.1451485,0.16125159
1413,0.46113852,0.6567015,2.1118402,0.08682983
1414,0.6426964,0.72328895,2.174092,0.101887606
1415,0.6970983,0.75152904,2.353999,0.13252023
1416,0.68409747,0.79349893,2.246656,0.15703577
1417,0.5757986,0.6213337,2.1950498,0.14587033
1418,0.6119931,0.71479106,2.1480844,0.1639928
1419,0.7165599,0.67682827,2.1775107,0.13483019
1420,0.58978397,0.7444577,2.2030509,0.12097882
1421,0.57173395,0.6453595,2.1806855,0.14436564
1422,0.5713111,0.70630395,2.285101,0.15147154
1423,0.6926019,0.6508055,2.1012223,0.09409551
1424,0.59823895,0.7589717,2.3248835,0.1361984
1425,0.6486436,0.73506284,2.1509585,0.17984992
1426,0.57116884,0.6984956,2.0379267,0.087155916
1427,0.6741575,0.67917234,2.236803,0.15621851
1428,0.49518102,0.6887835,2.3588817,0.07146971
1429,0.6204975,0.6892394,2.029351,0.17691493
1430,0.64803267,0.6994207,2.208746,0.12718953
1431,0.6677753,0.70999545,2.200693,0.14207596
1432,0.64512587,0.67304873,2.2822647,0.106976785
1433,0.6047084,0.7031908,2.1954484,0.12592757
1434,0.46320745,0.76099896,1.9519306,0.14711486
1435,0.46828496,0.72051984,2.1794305,0.11599614
1436,0.6886604,0.673743,1.9761184,0.12649032
1437,0.5743849,0.71003574,2.313308,0.15830973
1438,0.5569526,0.8046456,2.356073,0.0707717
1439,0.7051208,0.7217727,2.1238434,0.17456119
1440,0.4745595,0.76047534,2.0576532,0.14155057
1441,0.54421103,0.71819025,2.1572719,0.16855073
1442,0.55646676,0.7059981,2.061938,0.18784425
1443,0.61672616,0.71792835,2.0555487,0.122601956
1444,0.5597995,0.7734087,1.9614074,0.11788305
1445,0.49068633,0.7417137,2.0665007,0.11932459
1446,0.46953943,0.64143133,2.065788,0.05760083
1447,0.49666864,0.84160763,2.3007169,0.11080483
1448,0.62549126,0.7005904,2.1916604,0.10033019
1449,0.6889689,0.7633269,2.280334,0.108262755
1450,0.6737816,0.743078,2.0047808,0.12994558
1451,0.6023008,0.5632405,2.3816924,0.12130469
1452,0.5984147,0.70302635,1.9838719,0.113739304
1453,0.6444415,0.74369836,2.1831093,0.09576118
1454,0.5617431,0.69918334,2.0394075,0.1698901
1455,0.60351074,0.7446158,2.249719,0.16338323
1456,0.5983559,0.7455863,2.0744622,0.14944983
1457,0.6489154,0.66965693,2.0424123,0.08268035
1458,0.5966235,0.8735753,1.9889402,0.15388884
1459,0.53128886,0.78930247,2.1568577,0.12462391
1460,0.5750852,0.6080902,2.2234843,0.1760987
1461,0.45745575,0.7459624,2.0978947,0.16361053
1462,0.42740008,0.7144394,1.9933375,0.1629679
1463,0.60812783,0.5901626,2.1441052,0.176125
1464,0.57750344,0.7955845,2.3497188,0.14580181
1465,0.58307433,0.79597366,2.390919,0.12681048
1466,0.45141485,0.60823,2.112732,0.11128818
1467,0.6680661,0.71361476,2.0606132,0.10387318
1468,0.5096413,0.8089955,2.0284765,0.1095323
1469,0.6477973,0.69451857,2.177478,0.15988737
1470,0.5032657,0.6752073,2.029037,0.115496725
1471,0.53241587,0.70730346,2.0980794,0.14336437
1472,0.77569157,0.68366194,2.450254,0.18001948
1473,0.6098018,0.72239697,2.12951,0.13042983
1474,0.6182127,0.6456125,2.1972497,0.13869366
1475,0.6255632,0.67638123,2.0977335,0.12800862
1476,0.53415745,0.76575077,2.273493,0.15573269
1477,0.529573,0.69583374,2.1580665,0.122795895
1478,0.49066815,0.6049285,2.2282238,0.15631555
1479,0.6662859,0.73784065,2.073544,0.1260658
1480,0.50220096,0.6653622,1.9800895,0.170007
1481,0.6071418,0.72140723,1.9922075,0.1117889
1482,0.5486477,0.6495874,2.1624885,0.12263522
1483,0.5151627,0.814555,2.0817807,0.115033016
1484,0.57600343,0.77858377,2.030226,0.17399555
1485,0.5146702,0.65722173,1.9919255,0.16256215
1486,0.6471414,0.6780481,1.9881182,0.1659482
1487,0.37940964,0.69500905,2.0866292,0.15675025
1488,0.6200664,0.72794855,2.1573071,0.059670866
1489,0.6208378,0.7443293,2.0283842,0.119030245
1490,0.563818,0.6882,2.244722,0.10149119
1491,0.624387,0.6988537,2.0610597,0.11948691
1492,0.75398266,0.62805647,2.168371,0.15940756
1493,0.51272315,0.7811203,2.1878707,0.14629945
1494,0.7061117,0.79752886,2.1585443,0.08141036
1495,0.5934525,0.73299485,2.0126255,0.13823657
1496,0.6125978,0.69012403,2.1097276,0.16698712
1497,0.6888798,0.671905,2.0063517,0.15265888
1498,0.721743,0.66375846,2.0444748,0.15639138
1499,0.4915928,0.8024918,2.132002,0.13293068
1500,0.61272746,0.77770567,2.179873,0.08528802
1501,0.64827293,0.75091285,2.219334,0.10591192
1502,0.6188432,0.7312846,2.0776098,0.14812507
1503,0.6638143,0.7068021,2.165477,0.16045944
1504,0.63017464,0.784298,2.0438592,0.1381758
1505,0.5691322,0.7477556,2.0664923,0.14987116
1506,0.546293,0.723205,2.3015747,0.089427166
1507,0.5905625,0.8346654,2.040979,0.036830854
1508,0.6679089,0.7230319,2.1391435,0.055892427
1509,0.56450427,0.80009556,2.0217016,0.15931274
1510,0.64846647,0.69322973,1.9841344,0.1198749
1511,0.64739597,0.7121662,2.0973349,0.15510419
1512,0.6355244,0.6794691,2.0257661,0.08128974
1513,0.5394626,0.6672434,2.1329923,0.14491497
1514,0.628733,0.75469625,2.2176409,0.1306655
1515,0.5944012,0.6782272,2.3686209,0.12018821
1516,0.5858216,0.7431859,2.2120416,0.17935693
1517,0.61119926,0.6769277,2.16189,0.108224735
1518,0.76154476,0.7491682,2.2540154,0.19066477
1519,0.6422783,0.783636,2.269254,0.15095498
1520,0.53847826,0.7193481,2.0427606,0.1716958
1521,0.65236133,0.65573967,2.2500737,0.09478403
1522,0.64832586,0.7088244,2.0411637,0.22622012
1523,0.5562787,0.7106896,2.1413136,0.14030503
1524,0.5968027,0.71999127,2.2077594,0.12891583
1525,0.54922134,0.69937646,2.039957,0.14525898
1526,0.49389878,0.7157804,2.0633597,0.13413355
1527,0.6253038,0.7022652,2.112284,0.18232745
1528,0.6956745,0.70233107,2.3629968,0.14217322
1529,0.6457183,0.5854836,2.1010008,0.09643336
1530,0.65054893,0.7513725,2.2093449,0.14496517
1531,0.657913,0.61577106,2.2673314,0.13870557
1532,0.6881404,0.8183437,2.1979537,0.1302333
1533,0.6108099,0.63295305,2.0584311,0.1230743
1534,0.6353996,0.68864626,2.1280043,0.13105832
1535,0.5439686,0.7127243,2.1353266,0.13089338
1536,0.5647191,0.7171848,2.1312027,0.1838296
1537,0.59209687,0.68477887,2.2225425,0.12088392
1538,0.7256204,0.7506784,2.1939516,0.13284361
1539,0.66633815,0.651512,2.2657309,0.16320899
1540,0.5924718,0.70412034,2.1184423,0.124445766
1541,0.6268162,0.77133304,2.0526428,0.16726632
1542,0.6217918,0.62291074,2.258699,0.11442049
1543,0.60935134,0.7127643,2.0933537,0.1679465
1544,0.5233949,0.7535935,2.1508539,0.13795833
1545,0.56130296,0.7869591,2.2140505,0.14388275
1546,0.648491,0.6948405,2.234883,0.13451262
1547,0.8025067,0.7062238,2.2815657,0.1919701
1548,0.5573433,0.65445167,2.1430857,0.14065593
1549,0.6637838,0.72511446,2.2240674,0.13937843
1550,0.60700065,0.68570065,2.243609,0.16988164
1551,0.56279856,0.63942933,1.9676142,0.15135765
1552,0.7167149,0.5958806,2.2482977,0.16722395
1553,0.5307552,0.6800747,2.2652419,0.09170972
1554,0.6608447,0.60999006,2.3125174,0.092895865
1555,0.49324942,0.75335634,2.2007072,0.118330464
1556,0.5641787,0.7301402,2.0812542,0.12550738
1557,0.4474367,0.7673783,2.0610664,0.14263551
1558,0.5804058,0.74770314,2.1675012,0.093276806
1559,0.6979395,0.71571374,2.1409795,0.12603898
1560,0.592603,0.58011454,2.1222734,0.11905406
1561,0.56539124,0.7956288,2.3727767,0.09631687
1562,0.57831585,0.71536833,2.189166,0.14911313
1563,0.70719683,0.72571796,2.067079,0.16421798
1564,0.6209532,0.6506438,2.0398552,0.15758266
1565,0.5525747,0.6534931,2.2022443,0.13055977
1566,0.63787895,0.66226286,2.28747,0.18373713
1567,0.54745716,0.6938553,2.0592663,0.13834034
1568,0.761032,0.674787,2.262833,0.09768244
1569,0.528455,0.6608494,2.0802543,0.16121891
1570,0.625817,0.79447585,2.1905723,0.15950431
1571,0.5752666,0.66682273,2.1505418,0.15808566
1572,0.50129783,0.7640336,2.1736696,0.10952745
1573,0.6466762,0.77500343,2.159865,0.117362715
1574,0.49108663,0.76851904,2.1532595,0.10195406
1575,0.52146775,0.6792036,2.10786,0.13638286
1576,0.62470156,0.6996331,2.1078708,0.15177263
1577,0.55737895,0.6967734,2.249671,0.1317165
1578,0.6854032,0.6490938,2.007282,0.1624647
1579,0.6672353,0.7079273,1.9330573,0.12731811
1580,0.6079774,0.76138824,2.2150173,0.08604454
1581,0.54462075,0.6605549,2.0271764,0.12039392
1582,0.58359873,0.7460661,2.251464,0.14346385
1583,0.57813525,0.7851236,2.049568,0.14035131
1584,0.6774913,0.7111138,2.2067525,0.15017016
1585,0.6820895,0.73454094,2.3350103,0.13169432
1586,0.55839646,0.78744936,2.3152347,0.15679175
1587,0.6129491,0.7442178,2.1980245,0.13848712
1588,0.6353686,0.59498507,2.1406732,0.13681923
1589,0.71504647,0.8183708,2.2354505,0.12882575
1590,0.4880991,0.79716265,2.2086723,0.14529516
1591,0.64995646,0.71356946,2.330772,0.101036
1592,0.50601524,0.70941937,2.295867,0.1380518
1593,0.5554559,0.7351881,2.2208667,0.08965819
1594,0.5140879,0.6855544,2.0244687,0.12231626
1595,0.6095416,0.66117126,2.3154483,0.15690951
1596,0.42868528,0.7005939,2.124002,0.1889822
1597,0.66585326,0.6241621,2.3904512,0.12689798
1598,0.58317506,0.73467004,2.399925,0.16274339
1599,0.5496456,0.70907813,2.3365524,0.09256503
1600,0.6477436,0.72235423,2.3346434,0.1342582
1601,0.61908025,0.8156288,2.085607,0.10020767
1602,0.56253433,0.74540824,2.1789804,0.11190853
1603,0.7579326,0.7129655,2.186383,0.1981794
1604,0.44311976,0.738835,2.181347,0.1120729
1605,0.6830363,0.6347291,2.2634783,0.15009885
1606,0.60430217,0.66761506,2.2100015,0.17650923
1607,0.5631518,0.6822828,2.216061,0.19048959
1608,0.692973,0.7936441,2.079918,0.15511042
1609,0.55513,0.6943395,2.4184449,0.12825444
1610,0.61008555,0.80933803,2.2011995,0.14372633
1611,0.61783856,0.7286823,2.0731163,0.123877116
1612,0.5971268,0.7710308,2.3230386,0.08906923
1613,0.5473588,0.7501817,2.2399428,0.1191633
1614,0.70739347,0.67560637,2.3052182,0.08051643
1615,0.67584,0.61553514,2.3287556,0.16144016
1616,0.636052,0.8312699,2.2642148,0.13086489
1617,0.5737789,0.6873709,2.0034485,0.16083337
1618,0.62779844,0.7377015,2.1042316,0.18992765
1619,0.5502091,0.7894871,2.1853375,0.08511913
1620,0.6917463,0.7239353,2.207536,0.09909406
1621,0.5352138,0.6368432,1.978369,0.12356885
1622,0.55890346,0.7025741,2.051495,0.17336181
1623,0.6827146,0.6891497,2.1531,0.113001704
1624,0.5366033,0.6807411,2.0915616,0.1319272
1625,0.70440036,0.6802907,2.1949306,0.07381947
1626,0.7399642,0.7434218,2.1496103,0.12356899
1627,0.6226406,0.75477254,2.21378,0.13333368
1628,0.7063132,0.7230741,2.3353684,0.13172239
1629,0.461072,0.7375744,2.160291,0.16413341
1630,0.44256675,0.7351104,2.1104748,0.16697523
1631,0.4990762,0.6506523,2.1379876,0.104616456
1632,0.63023996,0.725873,2.0701976,0.14252631
1633,0.71726316,0.66649264,2.088802,0.11944454
1634,0.6359731,0.7533103,2.0982704,0.14752991
1635,0.58186316,0.6687544,2.0387402,0.12630342
1636,0.75537413,0.73138136,2.3907208,0.12356886
1637,0.5865556,0.6028456,2.0376637,0.17635015
1638,0.5696772,0.74088925,2.2233481,0.11440629
1639,0.39432088,0.77651113,2.122522,0.08368396
1640,0.5706122,0.7932871,2.4320216,0.17091048
1641,0.5315931,0.7069799,2.2032173,0.13581271
1642,0.5803098,0.6834856,1.95935,0.096853085
1643,0.5791923,0.7326069,2.0765035,0.09933915
1644,0.5448034,0.7045657,2.1355813,0.1430519
1645,0.6360304,0.8284807,2.031053,0.20281848
1646,0.63039213,0.5616389,2.1896667,0.10997097
1647,0.51681393,0.7405483,1.9976165,0.12361708
1648,0.66298264,0.8117627,2.1440403,0.13118897
1649,0.6376036,0.7390605,2.066892,0.14946859
1650,0.56764144,0.6884803,2.308808,0.1321158
1651,0.72359085,0.5881794,2.2023268,0.10522722
1652,0.4579713,0.76036936,2.043821,0.08992604
1653,0.5093344,0.7359472,2.1126702,0.11819295
1654,0.631648,0.59764063,2.2752335,0.11547876
1655,0.6862019,0.78421354,2.1547296,0.10589151
1656,0.5646464,0.7749069,2.2740858,0.1374336
1657,0.63839114,0.64711905,2.266031,0.17711464
1658,0.63240534,0.66220975,2.2682943,0.066480115
1659,0.6089949,0.6818965,2.1691968,0.07872629
1660,0.70349526,0.691697,2.042945,0.13412343
1661,0.65681493,0.7119562,2.2190595,0.112723075
1662,0.5464005,0.9014605,2.0207658,0.11439062
1663,0.5127351,0.76112217,2.0868168,0.104727864
1664,0.592696,0.67710626,2.037655,0.16603814
1665,0.6406682,0.6694405,2.2391381,0.102561235
1666,0.6286229,0.7673739,2.1675224,0.14795989
1667,0.55504715,0.7145968,2.1536539,0.15392043
1668,0.52190775,0.7008362,2.161137,0.15928505
1669,0.5854605,0.6134767,2.2783704,0.14715518
1670,0.4910576,0.65232676,2.153538,0.13638446
1671,0.6044888,0.7153172,2.0790102,0.1568909
1672,0.5767376,0.678421,2.1878927,0.15013945
1673,0.6063481,0.66878927,2.1793923,0.12702586
1674,0.48325217,0.7051078,2.0780423,0.11196125
1675,0.5849333,0.7331191,2.0263245,0.11450735
1676,0.5981621,0.68336475,2.2483282,0.13706794
1677,0.54257095,0.8451288,1.9735883,0.15749541
1678,0.6313382,0.71126735,2.12427,0.16800365
1679,0.5411029,0.69646966,2.3032627,0.10069921
1680,0.66566056,0.6290748,2.2227378,0.117981225
1681,0.6380426,0.7220552,2.020234,0.1577096
1682,0.61139274,0.70842123,2.0848567,0.15162735
1683,0.57418054,0.76571673,2.047339,0.12127825
1684,0.5680666,0.7434229,2.279187,0.15481593
1685,0.6065347,0.7544857,2.0284154,0.19227535
1686,0.6663534,0.75164455,2.0572479,0.064605266
1687,0.7217358,0.7360138,1.9978758,0.21261603
1688,0.49779886,0.63487464,2.192936,0.1713978
1689,0.46852586,0.74021053,2.2005682,0.12960805
1690,0.58582306,0.72958505,2.1102805,0.085801534
1691,0.6595692,0.7236215,2.253338,0.12265598
1692,0.6093201,0.6613649,2.0201457,0.15035707
1693,0.6067248,0.7769753,2.145397,0.10231232
1694,0.60404414,0.7193844,2.20496,0.1613638
1695,0.6445207,0.7135941,2.150799,0.119104706
1696,0.6459876,0.74256957,2.245468,0.1611451
1697,0.6351177,0.68105936,2.09897,0.13006614
1698,0.6152828,0.65069634,2.19886,0.05640774
1699,0.6342015,0.81177354,2.0775192,0.1377365
1700,0.6111907,0.7655518,2.1137197,0.14575943
1701,0.57044125,0.6381252,2.3678215,0.16132395
1702,0.528054,0.78148156,2.1567063,0.10569823
1703,0.5570789,0.67350376,2.2484057,0.11808832
1704,0.5304493,0.7059401,2.2643383,0.109390534
1705,0.3774237,0.71774685,2.2308457,0.059662327
1706,0.5553544,0.712834,2.3274417,0.17825493
1707,0.5912186,0.7070082,2.0653112,0.19272168
1708,0.5968119,0.6825341,2.41226,0.10115183
1709,0.5576967,0.81781274,2.1682532,0.21035774
1710,0.6418843,0.650624,2.0733783,0.12606658
1711,0.5390421,0.66990095,2.1084359,0.12765181
1712,0.71160984,0.58570975,1.9229707,0.14768863
1713,0.5136545,0.6833456,1.9546725,0.12826793
1714,0.47971356,0.7559157,2.1263149,0.14073983
1715,0.46527869,0.6945613,2.0535972,0.15247583
1716,0.6751314,0.69562906,2.2078645,0.15834512
1717,0.6208183,0.6375868,1.9873557,0.16747516
1718,0.4813168,0.76812553,2.209224,0.15030736
1719,0.7019462,0.75291324,2.2102885,0.10346624
1720,0.597065,0.693308,2.0915067,0.14973666
1721,0.63674587,0.83539015,2.0743034,0.12322378
1722,0.6070561,0.73743,2.011933,0.12421593
1723,0.6211006,0.65387905,2.0784738,0.121217035
1724,0.57218546,0.7097774,2.182625,0.16164985
1725,0.6857221,0.7989974,2.1771853,0.16955462
1726,0.5858019,0.71952224,2.188299,0.12175738
1727,0.61688346,0.69009966,2.215165,0.16884744
1728,0.54961663,0.6322654,2.225191,0.14212255
1729,0.6183926,0.7053344,2.5302625,0.12449701
1730,0.4996113,0.77107465,2.0934832,0.12929472
1731,0.43021968,0.69186205,2.1562636,0.15727387
1732,0.6540187,0.68363184,2.118846,0.18094556
1733,0.6899525,0.68645984,2.0865269,0.12681603
1734,0.59341466,0.7500692,2.0885186,0.10428376
1735,0.5377927,0.679547,2.0736532,0.09119688
1736,0.5826644,0.6323288,2.2105315,0.0919824
1737,0.64192826,0.6783823,1.9972334,0.12800168
1738,0.58483285,0.7024452,2.248108,0.15092054
1739,0.63901246,0.77498955,2.122696,0.11139741
1740,0.53761846,0.71493065,2.3292062,0.052428313
1741,0.63117146,0.6784902,2.0840826,0.20972688
1742,0.4018497,0.7754309,2.118121,0.12632735
1743,0.65738416,0.66600496,1.8638223,0.19340603
1744,0.6560247,0.66279066,2.204925,0.15833925
1745,0.43251726,0.69948816,2.2661436,0.10426335
1746,0.5508024,0.63996506,2.2834697,0.12796688
1747,0.6304526,0.7171193,2.0956087,0.15676147
1748,0.5059709,0.69608426,2.1251574,0.16107781
1749,0.6756953,0.6472156,2.1627436,0.14818752
1750,0.5710059,0.6701648,2.0083067,0.11050037
1751,0.5870965,0.67906374,1.9357872,0.18373288
1752,0.56965935,0.60374963,2.1836126,0.14585291
1753,0.6873959,0.6971671,2.209314,0.13473465
1754,0.46015328,0.7082979,1.9780583,0.123300396
1755,0.52495426,0.743901,2.1009147,0.12110237
1756,0.7060729,0.74814993,2.1659324,0.18660603
1757,0.54714984,0.68525916,2.1584518,0.1490968
1758,0.7174554,0.702294,2.231966,0.113784745
1759,0.50623226,0.73856294,1.843727,0.1689958
1760,0.74769616,0.7034871,2.3045084,0.15319018
1761,0.6726934,0.68679994,2.0838003,0.15916644
1762,0.5372349,0.72539663,2.0660896,0.13720071
1763,0.714746,0.70522594,2.073865,0.16615604
1764,0.55688804,0.7540575,2.168581,0.102251545
1765,0.6172352,0.7152522,2.146797,0.13765484
1766,0.58466923,0.7249302,2.0744717,0.12909369
1767,0.518255,0.76695395,2.0593896,0.15249977
1768,0.56118876,0.6931115,2.1791267,0.12675136
1769,0.5860291,0.7323076,2.1965134,0.09319657
1770,0.67830557,0.69447094,2.236326,0.13518713
1771,0.5910523,0.6192144,2.2141407,0.09446076
1772,0.5713117,0.6834137,2.253538,0.1356553
1773,0.61289513,0.73584235,2.2121868,0.116562314
1774,0.5661036,0.68530864,2.0597277,0.1286257
1775,0.65983653,0.63481927,2.0230865,0.19291423
1776,0.6490586,0.7305929,2.0876749,0.13775368
1777,0.5283684,0.782968,2.260626,0.1146813
1778,0.60406023,0.7012942,2.0352185,0.14452092
1779,0.7315941,0.71960783,2.1721158,0.13374136
1780,0.51928633,0.7293234,2.1324203,0.11619251
1781,0.5103349,0.71769536,2.0438275,0.14492679
1782,0.5684211,0.739814,2.303474,0.12650284
1783,0.5865099,0.7136088,2.051221,0.13236521
1784,0.53930426,0.7455478,2.2220962,0.058864485
1785,0.50308615,0.8320807,2.061965,0.14293829
1786,0.5797734,0.66815907,2.0773888,0.0856786
1787,0.6977162,0.71522874,2.3016388,0.1169251
1788,0.7154286,0.7033198,2.1672451,0.12012863
1789,0.6826622,0.698531,2.0236037,0.16139032
1790,0.59764796,0.612139,2.0795748,0.118369915
1791,0.543017,0.7113448,2.0101469,0.114726506
1792,0.5457513,0.74176687,2.2877529,0.11225602
1793,0.597121,0.7155606,1.9715929,0.08350837
1794,0.59496665,0.711092,2.240345,0.11065111
1795,0.6701047,0.66402406,2.3019154,0.13968617
1796,0.7424344,0.6261315,2.4085982,0.113060914
1797,0.48354873,0.6688952,1.9233028,0.13249055
1798,0.55311924,0.7194034,2.1221545,0.13109629
1799,0.6633693,0.7037102,2.137867,0.15409186
1800,0.6525234,0.698418,1.8605033,0.112697996
1801,0.6025303,0.7214973,2.1741285,0.16749099
1802,0.5287854,0.72459304,2.1077342,0.13947263
1803,0.64197105,0.7841366,2.1457028,0.118539155
1804,0.70600796,0.67758614,2.3470006,0.14726128
1805,0.59380716,0.75177276,2.1972659,0.107485704
1806,0.56331,0.70478874,2.019338,0.16234657
1807,0.6400618,0.60397536,2.1859431,0.13341376
1808,0.6370586,0.778156,2.178989,0.12291986
1809,0.59660834,0.7061924,2.1299574,0.1408071
1810,0.56835794,0.5891604,2.2463157,0.15540178
1811,0.6882005,0.7017675,2.173339,0.07019864
1812,0.54049605,0.77315897,2.0544305,0.15467231
1813,0.6365061,0.73042005,2.1839974,0.11360178
1814,0.6324297,0.64309335,2.1290534,0.13842556
1815,0.4667184,0.6930323,2.2372212,0.08678327
1816,0.5637282,0.8170005,2.2152534,0.19623083
1817,0.5899995,0.79805773,2.0091991,0.12846032
1818,0.52238876,0.7128557,2.0035124,0.14040531
1819,0.71595496,0.6156584,2.202302,0.15442629
1820,0.622244,0.6188925,2.1406555,0.1565713
1821,0.61814034,0.6877898,2.1042755,0.17361759
1822,0.58800244,0.63891065,2.2984934,0.20470081
1823,0.65145314,0.814554,2.2213929,0.16467753
1824,0.6377828,0.6818741,2.0950787,0.15054587
1825,0.6842307,0.6874676,2.1480873,0.13149138
1826,0.625011,0.68462265,2.0912962,0.20902239
1827,0.69189787,0.7393579,2.084242,0.14306144
1828,0.63738894,0.7272469,2.057926,0.16262256
1829,0.5589156,0.733405,2.212493,0.143625
1830,0.5640845,0.74866265,2.0453098,0.13340355
1831,0.5265636,0.6502982,2.1405983,0.16291656
1832,0.5854836,0.6987028,2.1754107,0.12678596
1833,0.5761156,0.7159715,2.187044,0.13794945
1834,0.6086234,0.6856419,2.0629816,0.13377476
1835,0.5673664,0.75933605,2.2015991,0.11998581
1836,0.6406457,0.80356,2.1082637,0.11675329
1837,0.6324497,0.62326753,2.1485012,0.18726426
1838,0.551213,0.7232225,2.014803,0.12350011
1839,0.6803592,0.8217609,2.16703,0.1640665
1840,0.6920306,0.62233037,2.1622345,0.17886716
1841,0.6995459,0.7079883,2.1561437,0.11837938
1842,0.5804688,0.76993537,2.1596167,0.16440123
1843,0.59859854,0.7587118,2.131337,0.15464285
1844,0.49693036,0.76935714,2.051367,0.13661598
1845,0.53322047,0.6282446,2.0045311,0.17796382
1846,0.59964925,0.6502498,1.9844882,0.14306068
1847,0.65182346,0.6801343,2.1629157,0.118237354
1848,0.7118057,0.7462665,2.2076075,0.16984476
1849,0.65153515,0.6719649,2.1383553,0.15262263
1850,0.5782407,0.7183903,2.2233124,0.17086299
1851,0.66286033,0.65918225,2.0494354,0.14984126
1852,0.5810625,0.7037285,1.9822732,0.13589893
1853,0.6048373,0.7540431,2.185842,0.17604889
1854,0.71140116,0.7717793,2.2037706,0.108221166
1855,0.60866827,0.69012773,2.2027106,0.123922996
1856,0.5951202,0.6572677,2.0652843,0.11034506
1857,0.612546,0.67477673,2.159149,0.14230818
1858,0.5849049,0.72016066,2.192838,0.12465012
1859,0.4977781,0.6960235,2.0579116,0.14387655
1860,0.48889664,0.6888142,2.0830386,0.11283331
1861,0.5831813,0.8158357,2.2573946,0.14194672
1862,0.60387635,0.68316954,2.0489755,0.13914955
1863,0.586002,0.69075793,2.1095455,0.15805313
1864,0.6143186,0.7221053,2.206292,0.10132321
1865,0.6526922,0.7895972,2.1639607,0.16721332
1866,0.5261954,0.7198755,2.1162643,0.13522051
1867,0.6193172,0.64810103,2.1582944,0.17736213
1868,0.65240437,0.7523833,2.050208,0.15715635
1869,0.5796153,0.7171278,2.0217164,0.12521063
1870,0.687729,0.62557185,2.2611303,0.1473095
1871,0.64872766,0.7375615,2.1748786,0.14628951
1872,0.58149755,0.5840449,2.0941987,0.15019396
1873,0.5159085,0.7367726,2.0495028,0.06711497
1874,0.5464134,0.64861274,2.1227076,0.14473028
1875,0.61858505,0.75755143,2.3930728,0.14591861
1876,0.70977664,0.6964639,2.259929,0.09840519
1877,0.6162327,0.71656877,2.1091018,0.06562312
1878,0.5989817,0.7093228,2.1278827,0.14403187
1879,0.65483594,0.6912188,2.0379608,0.15222412
1880,0.6647175,0.71923697,2.2939854,0.17506307
1881,0.6621521,0.7386451,2.1743646,0.11152086
1882,0.61239475,0.802289,2.262382,0.14480029
1883,0.6673902,0.7198372,2.1084502,0.094875395
1884,0.47135386,0.7466294,2.1750028,0.15608087
1885,0.5120001,0.6406357,2.0506356,0.12712333
1886,0.6111117,0.70428884,2.0775292,0.15035649
1887,0.5439108,0.6732832,2.1653,0.093118496
1888,0.63181716,0.7213045,1.9970577,0.13322382
1889,0.5786917,0.6642076,2.1854384,0.09546796
1890,0.5786416,0.76263326,1.9998469,0.20512874
1891,0.6279055,0.7144019,2.1901917,0.10966638
1892,0.61384565,0.59780025,2.1183457,0.18575482
1893,0.6842564,0.6937555,2.191751,0.15119368
1894,0.5474392,0.7162919,2.0310314,0.14354618
1895,0.48117816,0.71031815,2.0509086,0.12059446
1896,0.5539649,0.70060134,2.124575,0.16755913
1897,0.6046421,0.6896127,2.270691,0.13872062
1898,0.75369763,0.6467046,2.2053735,0.15785989
1899,0.59614766,0.75105464,2.142699,0.16812842
1900,0.5948259,0.6777974,2.0418787,0.07298121
1901,0.60145307,0.7116664,1.9816906,0.16790695
1902,0.68199587,0.75622296,2.1696951,0.11350554
1903,0.69795674,0.7030884,2.2069452,0.12850696
1904,0.6103708,0.7675378,2.0088065,0.15862592
1905,0.65391886,0.7344859,2.4287932,0.14870988
1906,0.6412668,0.7492748,2.370311,0.17202552
1907,0.65706176,0.6295549,2.0494955,0.11656241
1908,0.703548,0.67104954,2.0858266,0.14448027
1909,0.64213234,0.66904485,2.36467,0.15282412
1910,0.5710476,0.69876415,2.2265677,0.13486576
1911,0.5200183,0.6230353,2.188935,0.12902142
1912,0.5981613,0.73333323,2.2471104,0.13634773
1913,0.5027226,0.6543306,2.1281257,0.15282938
1914,0.46746844,0.81411886,2.1318665,0.12031427
1915,0.4758864,0.7313086,2.102535,0.080845006
1916,0.5746169,0.6779074,2.1530178,0.12775245
1917,0.56126463,0.7185924,2.2746134,0.10727766
1918,0.60002,0.7724539,2.1390789,0.16901457
1919,0.64119494,0.74980277,2.22874,0.13256878
1920,0.6378595,0.69142485,2.2008796,0.20123589
1921,0.5816745,0.9016379,2.2480495,0.10746451
1922,0.6066149,0.66358227,2.0186462,0.113871776
1923,0.61264956,0.80299604,2.2019236,0.15960723
1924,0.72712064,0.6817552,2.2744367,0.19872192
1925,0.64825565,0.61881924,2.2760186,0.13564968
1926,0.62863064,0.6491556,2.0557814,0.07971126
1927,0.6356086,0.7288264,2.084487,0.116085984
1928,0.4822779,0.75161344,2.164192,0.10993607
1929,0.6981139,0.7673859,2.2021773,0.13797882
1930,0.69952285,0.6801047,2.3108306,0.12676673
1931,0.5103925,0.76584136,2.1761382,0.15346684
1932,0.5163287,0.74089223,2.0662475,0.19172959
1933,0.5423041,0.6323826,2.1692152,0.14266497
1934,0.5722369,0.6653889,2.2685993,0.13632897
1935,0.6122574,0.6879726,2.0406256,0.14611472
1936,0.6385565,0.8004882,2.0660348,0.126569
1937,0.594123,0.7025237,2.089637,0.14045456
1938,0.6974133,0.70837826,2.1207325,0.1503385
1939,0.54618317,0.65885615,2.2781012,0.13444677
1940,0.66990465,0.56812125,2.1384008,0.1192954
1941,0.55200744,0.67538685,2.1971848,0.14586392
1942,0.70483005,0.69676167,2.06332,0.14499618
1943,0.6366136,0.7152846,2.0933566,0.12372816
1944,0.6019,0.6032318,2.1607687,0.17518507
1945,0.55256873,0.714046,2.2775528,0.09410633
1946,0.5108592,0.71151245,2.0547774,0.17776793
1947,0.6201288,0.69414747,2.075336,0.17696927
1948,0.6664428,0.69390696,2.3256943,0.07849206
1949,0.6057957,0.7729036,2.2854345,0.13312386
1950,0.68487144,0.72146827,2.3321657,0.12925106
1951,0.61414975,0.6901877,2.0666137,0.20705438
1952,0.65262604,0.75411254,2.154565,0.16363032
1953,0.6453683,0.8363788,1.9984556,0.19644219
1954,0.5543327,0.7510827,2.0882964,0.12494354
1955,0.662286,0.7739538,2.138564,0.16241066
1956,0.55425704,0.66249573,2.200035,0.11621453
1957,0.5239012,0.7705192,2.1192362,0.08256212
1958,0.59789735,0.6729327,2.2091682,0.14363717
1959,0.56181204,0.6938784,2.1814094,0.12326478
1960,0.7279132,0.7636547,1.9545246,0.14929226
1961,0.6492848,0.6671761,2.0092058,0.12865828
1962,0.55642927,0.696016,2.1022246,0.14625083
1963,0.572427,0.7004477,2.2284732,0.16802315
1964,0.567207,0.70656466,2.1041977,0.16071653
1965,0.5809924,0.7031466,2.0600739,0.10734098
1966,0.5269357,0.74267155,2.0125751,0.1650478
1967,0.5186687,0.7726982,2.0242884,0.11654158
1968,0.5920419,0.68233967,2.0563564,0.15008904
1969,0.64142424,0.63826,2.1943543,0.12410974
1970,0.6215963,0.62527215,2.0587869,0.1388688
1971,0.6015501,0.67677385,2.026335,0.13708334
1972,0.5271981,0.6561987,2.001132,0.13759546
1973,0.5356476,0.7667745,2.245729,0.1292174
1974,0.64977986,0.6926223,2.1074517,0.14309941
1975,0.6502906,0.7427855,2.092094,0.12387718
1976,0.68756646,0.8140685,2.1621017,0.12863694
1977,0.6482338,0.72738177,2.3322532,0.12600973
1978,0.67549115,0.64199096,2.317336,0.16724056
1979,0.60790694,0.6976014,2.3667111,0.1172952
1980,0.7515031,0.6156577,2.326133,0.13116713
1981,0.6731713,0.6680583,2.1817734,0.13574344
1982,0.7159902,0.73818326,2.1918223,0.09721197
1983,0.76214564,0.65505177,2.0724173,0.16084635
1984,0.6252658,0.7251676,2.1488225,0.1254902
1985,0.5719429,0.72978395,2.2148733,0.1348773
1986,0.66287,0.65841866,2.1345894,0.15024497
1987,0.68260425,0.6613479,2.4690433,0.093096405
1988,0.6696587,0.77349544,2.0388362,0.10143559
1989,0.6598293,0.7680246,2.181293,0.15122157
1990,0.49308965,0.79524285,2.183808,0.0978452
1991,0.596724,0.7741475,2.0577464,0.20101476
1992,0.5465598,0.7228036,2.1273024,0.1304016
1993,0.78195775,0.6365408,2.059851,0.13012175
1994,0.5385697,0.70644045,2.0728989,0.100674264
1995,0.56225574,0.68576,2.1087017,0.16914351
1996,0.4976578,0.7544658,1.8468161,0.1438166
1997,0.6468213,0.76800853,2.1864653,0.14619134
1998,0.55712634,0.69106513,2.1494894,0.11869977
1999,0.69681853,0.6559907,2.1115944,0.12369577
2000,0.6614549,0.6715182,2.0632882,0.15165547
2001,0.7064276,0.7465673,2.3192792,0.15128672
2002,0.61011386,0.7598065,2.2972455,0.09174468
2003,0.52445614,0.7727945,2.170451,0.14323303
2004,0.5427214,0.7155249,2.0832841,0.15761632
2005,0.7470181,0.7666733,2.4145565,0.14000656
2006,0.4713671,0.7572925,2.0724127,0.17053418
2007,0.5683764,0.779429,2.2124884,0.10764806
2008,0.43879715,0.59150046,2.1038883,0.1182636
2009,0.49078968,0.74511606,2.0020516,0.119887084
2010,0.6751971,0.73876756,2.0729012,0.11878697
2011,0.72693145,0.6915504,1.9629898,0.13238028
2012,0.652107,0.6784509,1.97648,0.15136425
2013,0.63972634,0.7395508,2.2748861,0.11540829
2014,0.5274019,0.7699601,2.0028903,0.15642884
2015,0.6150464,0.675461,2.194291,0.04139474
2016,0.6370946,0.75567096,2.0157075,0.09056087
2017,0.56295645,0.70674336,2.0857816,0.1510559
2018,0.605829,0.66273457,2.1617804,0.13925377
2019,0.59520864,0.74016446,2.0006676,0.1551407
2020,0.62067145,0.59595406,2.2479591,0.1291353
2021,0.6567046,0.40154392,2.1229622,0.1367299
2022,0.64046574,0.65297526,2.0815291,0.12677372
2023,0.68307984,0.60285413,2.0008264,0.15189126
2024,0.68619597,0.7562876,2.314543,0.17224202
2025,0.51446754,0.72715795,2.185844,0.12921803
2026,0.43969458,0.77769876,2.1417382,0.1312186
2027,0.6901792,0.7108852,2.1617157,0.1476146
2028,0.6772758,0.6572204,2.2326655,0.13969451
2029,0.6813055,0.76347893,2.2453017,0.09502228
2030,0.6689295,0.78090954,2.1124105,0.17307794
2031,0.60013795,0.7617562,2.047635,0.13425836
2032,0.6346449,0.72691107,2.195152,0.12330382
2033,0.6315637,0.7012399,2.2939649,0.022256305
2034,0.5668876,0.6877873,2.1068144,0.13085502
2035,0.5197241,0.77020895,2.2395039,0.10857225
2036,0.6524111,0.6775807,2.3404543,0.1333509
2037,0.5810094,0.75618243,2.183742,0.1268508
2038,0.7079268,0.73530185,2.3520203,0.13442725
2039,0.64340615,0.6732485,2.2145283,0.08450021
2040,0.6021999,0.7653662,2.278045,0.14415684
2041,0.5331798,0.7379188,2.0765288,0.13431893
2042,0.53470284,0.69965357,2.0387075,0.13214679
2043,0.6786876,0.6812844,1.9842362,0.098092556
2044,0.5567736,0.72228307,2.0513346,0.15187897
2045,0.4939515,0.7626888,1.9835526,0.115664475
2046,0.62696916,0.75226694,2.1798615,0.15171854
2047,0.52660257,0.7732432,2.2265518,0.14748414
2048,0.58655053,0.75122714,2.3989952,0.13448715
2049,0.54221594,0.73340803,2.17688,0.12873474
2050,0.6125494,0.7452438,2.1839504,0.14239687
2051,0.6915561,0.7491324,2.114952,0.064046696
2052,0.5567186,0.7575124,2.2858298,0.14050254
2053,0.6609249,0.66640973,2.0469165,0.13634405
2054,0.5130191,0.7369243,1.9230667,0.1336158
2055,0.5254228,0.7787057,2.0089157,0.13942158
2056,0.47671393,0.6876247,2.0009053,0.16871306
2057,0.49282333,0.7749181,2.2062511,0.14840668
2058,0.48139945,0.6921191,2.135565,0.1393086
2059,0.670442,0.6403233,2.060861,0.16595884
2060,0.5517625,0.70340097,2.2553258,0.11393528
2061,0.6059261,0.7114686,2.1470313,0.2026723
2062,0.6517226,0.7610341,2.019582,0.13669558
2063,0.46804288,0.7081682,2.1632845,0.10987587
2064,0.5219369,0.8119574,2.1002126,0.048651
2065,0.5377627,0.7900067,2.1144085,0.094894044
2066,0.47094503,0.7813593,2.2467,0.15772273
2067,0.6922526,0.7877817,2.2631106,0.112627305
2068,0.54623663,0.76877767,2.0814745,0.1489118
2069,0.6922202,0.7576556,2.0335126,0.13754098
2070,0.61802727,0.6615398,2.0951664,0.14898588
2071,0.5193994,0.80914533,2.2229915,0.094255954
2072,0.71176183,0.6632539,2.0470967,0.10232854
2073,0.6014746,0.74109113,2.1904097,0.121972054
2074,0.62972337,0.676272,2.2604523,0.13135658
2075,0.5627405,0.6745538,2.039117,0.120216854
2076,0.5227026,0.72359914,2.0130856,0.103857495
2077,0.57006407,0.6675252,2.2266495,0.115554474
2078,0.5540214,0.6951262,2.0902324,0.11693967
2079,0.5615272,0.7947224,2.1815786,0.09573674
2080,0.7451041,0.7640892,2.363916,0.13841952
2081,0.6526406,0.6886145,2.2062418,0.12331069
2082,0.54087263,0.72537214,2.099166,0.13086067
2083,0.58794105,0.6893617,2.111679,0.09861437
2084,0.70079774,0.76995116,2.3033388,0.10943291
2085,0.63057655,0.77871776,2.3354793,0.14265579
2086,0.6290674,0.67904735,2.1189263,0.1471694
2087,0.51845765,0.8137407,2.2725391,0.100347385
2088,0.6536459,0.7528056,2.275056,0.14504892
2089,0.70901895,0.7543524,2.2920365,0.14626819
2090,0.68671,0.7170123,2.124926,0.17099854
2091,0.50844145,0.70588803,2.0529249,0.19724022
2092,0.68487173,0.61780775,2.0257475,0.14549816
2093,0.5402101,0.72231674,2.10288,0.14111038
2094,0.60956234,0.81898224,2.0285132,0.2090059
2095,0.70545536,0.67064416,2.1430173,0.18990971
2096,0.49218285,0.7198494,2.072187,0.12849669
2097,0.603949,0.7347424,2.0840638,0.19958408
2098,0.5776599,0.7741576,2.002872,0.20863765
2099,0.57003415,0.73984766,2.2103562,0.097790085
2100,0.68293816,0.7050596,2.1086295,0.15368307
2101,0.6170554,0.7506905,2.2817574,0.08659417
2102,0.7394375,0.5751843,2.098349,0.142353
2103,0.6447249,0.7245171,2.2027068,0.15290028
2104,0.45626155,0.7415734,2.2294273,0.1603654
2105,0.62662,0.7158228,2.1385262,0.18390734
2106,0.5367086,0.7020253,2.118579,0.14649716
2107,0.6759069,0.7055898,2.2681475,0.12901188
2108,0.60667413,0.66038465,2.099847,0.13042466
2109,0.61708176,0.7064004,2.0082197,0.15506804
2110,0.529259,0.6969337,2.1561542,0.09933185
2111,0.6909893,0.68364644,2.0382154,0.1291725
2112,0.48576486,0.74636966,2.0769613,0.13231157
2113,0.5733812,0.5800082,2.0223067,0.14171138
2114,0.6318854,0.7146911,2.0043435,0.1224395
2115,0.5290118,0.70756006,2.1009946,0.14463149
2116,0.55757785,0.7036794,2.1994607,0.13319261
2117,0.5760269,0.7530468,2.072541,0.14824305
2118,0.68157697,0.73119533,2.3604228,0.16774605
2119,0.61040854,0.7444621,2.2882683,0.1903111
2120,0.671236,0.7186004,2.4019663,0.06992056
2121,0.6413568,0.68430823,2.0607462,0.17626098
2122,0.6703899,0.70166963,2.2064552,0.15709968
2123,0.62899697,0.6898396,2.1495407,0.14723282
2124,0.6045071,0.6563676,2.043845,0.13955285
2125,0.5625183,0.81920683,2.265815,0.1613425
2126,0.57295334,0.7038177,2.242543,0.13298984
2127,0.6685494,0.67614055,2.0151443,0.14893068
2128,0.5063848,0.6468587,2.1833563,0.118907936
2129,0.7102064,0.667807,2.2120185,0.14650774
2130,0.57425165,0.7970885,2.0562584,0.12665814
2131,0.6538308,0.734627,2.41483,0.10666159
2132,0.5027085,0.73755705,2.0737069,0.14354387
2133,0.6269844,0.72051924,2.1317103,0.16764948
2134,0.725753,0.75778997,2.1850283,0.13668565
2135,0.6531418,0.7087075,1.977359,0.18876983
2136,0.5607188,0.7280316,2.1408963,0.11272151
2137,0.61209184,0.82747656,2.3415048,0.14357105
2138,0.5572932,0.6629224,2.1836627,0.0601648
2139,0.65088177,0.6948264,2.3860376,0.1526611
2140,0.645614,0.7458284,2.1462786,0.11666641
2141,0.49280033,0.6641718,1.9511824,0.15144743
2142,0.5585351,0.73814034,2.1437025,0.17558502
2143,0.47609833,0.6830674,2.054317,0.11529311
2144,0.60777843,0.74341905,2.2993844,0.12555894
2145,0.63732404,0.6511597,2.215105,0.13015407
2146,0.49139145,0.6903343,1.8990225,0.102086544
2147,0.6769578,0.7257128,2.1294641,0.2127216
2148,0.70823133,0.64881986,2.3342783,0.14627694
2149,0.6935477,0.70931184,2.1802917,0.11600372
2150,0.6492284,0.66044825,2.0607235,0.12723401
2151,0.57665,0.65833837,2.2314916,0.08561049
2152,0.5638894,0.8477024,2.3157296,0.12972957
2153,0.476194,0.7234737,1.9753884,0.15855196
2154,0.6799345,0.63617325,2.0399985,0.103653066
2155,0.4597832,0.8008042,2.3483357,0.09519398
2156,0.60983944,0.7371913,2.0923843,0.13061304
2157,0.6603309,0.70741534,1.9825214,0.18075486
2158,0.52289784,0.7540954,2.1500874,0.14350168
2159,0.6377258,0.69232845,1.974417,0.14727545
2160,0.58340585,0.7011377,2.147967,0.086722866
2161,0.6013243,0.6100675,2.1543474,0.11276137
2162,0.41787982,0.6565812,1.8806516,0.018306442
2163,0.6450846,0.6664609,2.1178873,0.20738932
2164,0.54386884,0.742842,2.0800061,0.12865704
2165,0.65608525,0.6956215,1.9883983,0.19841254
2166,0.5706214,0.6870332,2.334442,0.18366505
2167,0.5103195,0.7496774,1.9965699,0.13094865
2168,0.57295316,0.7238717,2.2045147,0.12817231
2169,0.52340394,0.8182326,2.262902,0.20135471
2170,0.54995257,0.7066202,2.2004232,0.2060501
2171,0.60615087,0.6649798,2.1317642,0.12998806
2172,0.56790435,0.71563435,2.0808253,0.108114794
2173,0.5185425,0.71797884,2.2903903,0.113926016
2174,0.642414,0.7227913,2.0339756,0.11764928
2175,0.542081,0.6903645,2.1729963,0.15213121
2176,0.62381554,0.73119557,2.2868748,0.12193359
2177,0.5629255,0.72178566,2.25894,0.17841527
2178,0.65368843,0.82323813,2.2037618,0.08206196
2179,0.6900294,0.76043206,1.995156,0.117832825
2180,0.68479455,0.75272644,2.3356833,0.15219344
2181,0.45918086,0.67943674,2.021689,0.1104628
2182,0.6249249,0.6935909,2.000737,0.13391134
2183,0.60234064,0.8015481,2.0236897,0.17373239
2184,0.6356072,0.64870006,2.0693178,0.10961597
2185,0.5435634,0.73563945,2.0370812,0.12518035
2186,0.492409,0.7030101,2.0941036,0.14393367
2187,0.5736635,0.7553068,2.1104193,0.11359034
2188,0.5605294,0.7532241,1.8443735,0.13776629
2189,0.5714426,0.7180087,2.2066607,0.13424657
2190,0.67227906,0.64821064,2.304149,0.1515105
2191,0.64517796,0.79277295,2.063832,0.1501579
2192,0.7558536,0.768874,2.1689851,0.14292602
2193,0.60506207,0.66331,2.0522833,0.17636088
2194,0.6746966,0.7032207,2.2546523,0.14811541
2195,0.64435494,0.66952544,1.9629843,0.19744556
2196,0.60355556,0.8104296,2.3449864,0.14993148
2197,0.6658379,0.7085208,2.2203379,0.12277239
2198,0.6091232,0.6808889,1.9885888,0.14482239
2199,0.68614054,0.79800564,2.3386927,0.14003073
2200,0.58001256,0.7788029,1.8614732,0.1318901
2201,0.7428064,0.70699304,2.2124875,0.1422672
2202,0.5762588,0.75951165,2.0792537,0.19414778
2203,0.57379407,0.713332,2.1843743,0.19042666
2204,0.6417774,0.72091347,2.1402535,0.188013
2205,0.56964076,0.6686134,2.2458975,0.10121751
2206,0.50638777,0.7487502,2.0752125,0.13573739
2207,0.57492065,0.72372675,2.1055777,0.10166795
2208,0.72602415,0.7108171,2.1695068,0.11985686
2209,0.5532704,0.7795472,2.2659535,0.091109425
2210,0.52796763,0.7283069,2.0807076,0.13863136
2211,0.46974903,0.7734814,2.0054293,0.10129563
2212,0.68276775,0.6905778,2.0517523,0.12024906
2213,0.63147575,0.7227618,2.1588144,0.16347869
2214,0.5334733,0.66753757,2.1159437,0.0796997
2215,0.64002377,0.68240005,2.0515525,0.13483638
2216,0.5524832,0.73652506,2.1946874,0.19186996
2217,0.63165957,0.6305626,2.2333505,0.13028762
2218,0.69214064,0.6914243,2.095375,0.17392865
2219,0.5777103,0.6659738,2.128578,0.15361151
2220,0.53170943,0.7158385,2.132829,0.15842618
2221,0.58080894,0.6136533,2.1663055,0.09308962
2222,0.58121693,0.77026486,2.3542373,0.15119137
2223,0.6331723,0.7442842,2.2637863,0.10971838
2224,0.6355448,0.67307705,2.4183247,0.07522747
2225,0.5023127,0.65916234,2.127899,0.15985766
2226,0.6167746,0.79871076,2.4682822,0.12682271
2227,0.58090025,0.70449936,2.1322622,0.13346541
2228,0.48592907,0.798522,2.2373805,0.062322564
2229,0.4630381,0.711809,2.101726,0.11411778
2230,0.7038357,0.65035033,2.0706494,0.13048333
2231,0.71241945,0.6376968,2.282508,0.13578542
2232,0.58211476,0.6509324,2.287708,0.15688828
2233,0.57965785,0.74338335,2.117657,0.14360923
2234,0.632412,0.6685106,2.1568136,0.1388019
2235,0.5883394,0.65397066,2.0095797,0.13428138
2236,0.7836035,0.66555846,2.1907027,0.12037268
2237,0.4891976,0.7131067,2.0911756,0.06958756
2238,0.6256697,0.65363836,2.2041268,0.124698825
2239,0.6671338,0.82933176,2.1414602,0.20581707
2240,0.6008712,0.747533,2.362875,0.14984466
2241,0.7223997,0.86838764,2.2796805,0.120307714
2242,0.5565356,0.88713837,2.1526167,0.12320474
2243,0.68351305,0.70899147,2.1503272,0.15844719
2244,0.5084208,0.72995883,2.0970151,0.120751396
2245,0.5308979,0.6587439,2.205356,0.14550728
2246,0.6864246,0.72876525,2.069175,0.1749433
2247,0.6168075,0.59408545,2.2562733,0.13088451
2248,0.39466253,0.68121886,2.1178844,0.17769666
2249,0.726283,0.6630935,2.3811367,0.110667124
2250,0.5150332,0.73798937,2.0795183,0.1672815
2251,0.48160926,0.85564697,2.2515757,0.093613505
2252,0.47569674,0.85088354,2.082809,0.15871374
2253,0.57602036,0.6961957,2.1331344,0.104450665
2254,0.6565424,0.7266499,2.0653813,0.14855106
2255,0.72882324,0.719032,2.0908701,0.14135927
2256,0.56533146,0.6710364,2.234006,0.07637496
2257,0.5118442,0.6497648,2.0623255,0.12393441
2258,0.61854815,0.7464807,2.2307224,0.12773226
2259,0.6696022,0.6976529,2.3011138,0.08454241
2260,0.5931855,0.7322799,2.4009962,0.10513518
2261,0.5885386,0.76385343,2.1999567,0.12415125
2262,0.64202887,0.6668449,2.182886,0.07533147
2263,0.7206597,0.74317205,2.0720236,0.13055308
2264,0.6837636,0.6368673,2.0399792,0.14768575
2265,0.5214514,0.7504803,2.0380557,0.120611764
2266,0.45458874,0.72037417,1.9445506,0.17554405
2267,0.4621455,0.8119151,2.0595853,0.18278134
2268,0.62723076,0.7065793,2.1767535,0.18334481
2269,0.5381394,0.7480306,2.083702,0.14503524
2270,0.78795683,0.6650128,2.3610885,0.090877414
2271,0.5903509,0.6868831,2.3175702,0.14284831
2272,0.5019478,0.7539465,2.2204325,0.11230066
2273,0.6343681,0.6874039,2.1373599,0.1879893
2274,0.5132936,0.7682769,2.3671148,0.09653723
2275,0.52194625,0.7632685,2.0742543,0.07802884
2276,0.6771092,0.7450996,2.2395773,0.09795614
2277,0.65445435,0.6441159,2.1342332,0.17762244
2278,0.55826,0.68130845,2.2767267,0.1374041
2279,0.5419801,0.7403078,2.1729252,0.13930012
2280,0.5948803,0.7244768,1.935013,0.18043087
2281,0.55387044,0.69665456,2.0169888,0.15569225
2282,0.57863253,0.6525336,2.1304765,0.14975376
2283,0.58905727,0.7191049,2.2424273,0.1285842
2284,0.593551,0.7617177,2.0535476,0.10452678
2285,0.59407634,0.6649405,2.0058932,0.1279872
2286,0.6188095,0.68151194,2.1619418,0.080640346
2287,0.6125854,0.71338105,2.0597878,0.10852142
2288,0.67552936,0.67735815,2.0878444,0.17284265
2289,0.54067236,0.7256282,2.058336,0.10469308
2290,0.59158134,0.7780095,2.0676515,0.15713528
2291,0.6881423,0.8055977,2.1364439,0.13605627
2292,0.45343006,0.6826589,2.0994794,0.114446886
2293,0.55787736,0.6951104,1.9813182,0.1073649
2294,0.5750229,0.7148055,2.222718,0.1255625
2295,0.7394572,0.79767984,2.1466713,0.114763334
2296,0.6084214,0.73426825,2.127973,0.18210307
2297,0.52059007,0.7866703,2.278841,0.078677535
2298,0.52464336,0.73260695,2.0306292,0.15754335
2299,0.656564,0.7167894,2.1004267,0.10964381
2300,0.68872726,0.6650325,2.1620831,0.10840524
2301,0.52725315,0.74049693,2.1229217,0.13607894
2302,0.5564588,0.7296766,2.3581614,0.134664
2303,0.66524833,0.6740546,2.0538883,0.14473508
2304,0.63395685,0.65112036,2.3805845,0.102339745
2305,0.48188484,0.73136216,2.250527,0.15239947
2306,0.5630886,0.6796666,2.2535112,0.11922603
2307,0.68790376,0.70764315,2.096074,0.1916194
2308,0.56762075,0.71047026,2.2430184,0.14839673
2309,0.7126813,0.72271574,2.1651807,0.13292484
2310,0.5254283,0.6990066,2.0721552,0.13674188
2311,0.5523234,0.80296093,1.9929004,0.16222446
2312,0.48285076,0.78294617,2.014524,0.14094588
2313,0.6437439,0.641082,2.248332,0.17495434
2314,0.65308124,0.784172,2.2079656,0.17132246
2315,0.6033991,0.74028444,2.196427,0.17545527
2316,0.6049778,0.7268845,2.1851082,0.101580836
2317,0.53712803,0.69332,1.9915229,0.14591126
2318,0.5960184,0.6467671,2.1278636,0.088166825
2319,0.61725926,0.7176605,2.1047888,0.14124835
2320,0.7171694,0.7255293,2.0645328,0.20646536
2321,0.5613073,0.69066024,2.157429,0.12353008
2322,0.6843166,0.7555485,2.0667565,0.13738893
2323,0.55155665,0.7186933,2.088638,0.17593053
2324,0.5355517,0.70897424,2.2072759,0.10033169
2325,0.48917115,0.7262358,2.0486667,0.12176505
2326,0.42643043,0.7492072,1.9913026,0.18613322
2327,0.48168737,0.66298604,2.1728961,0.15616304
2328,0.7425371,0.8140071,2.0661638,0.16319627
2329,0.5592136,0.8029179,2.0913494,0.17330082
2330,0.6249792,0.70301026,2.2065673,0.17564245
2331,0.59728414,0.6278686,2.359109,0.13880105
2332,0.5820333,0.6884061,2.0661194,0.14664656
2333,0.5448939,0.81717825,2.3548646,0.14027292
2334,0.6485703,0.75972444,2.3335524,0.09801199
2335,0.5383478,0.83331716,2.2112944,0.13189016
2336,0.5726339,0.6643649,2.142715,0.12369971
2337,0.60403025,0.7421281,2.3450983,0.107544236
2338,0.6330142,0.6855748,2.1587923,0.137106
2339,0.63931894,0.71891576,1.9835278,0.12107588
2340,0.6648539,0.7477966,2.2404885,0.13460127
2341,0.67958516,0.7061731,2.165081,0.14185582
2342,0.61579436,0.708653,2.435909,0.13250153
2343,0.5672447,0.6982896,2.2796113,0.15345334
2344,0.53530586,0.7639859,2.3198264,0.13790187
2345,0.5964233,0.77359796,2.075471,0.16345558
2346,0.51665914,0.731335,1.9945849,0.14273775
2347,0.6774788,0.6529541,2.2293596,0.14080578
2348,0.59128755,0.6410837,2.0550396,0.12810904
2349,0.5672111,0.7603081,1.9446174,0.13049357
2350,0.70202863,0.73984516,2.2601633,0.15892257
2351,0.5869086,0.66485745,2.385424,0.06735057
2352,0.58676535,0.65487677,2.2166975,0.16028194
2353,0.6718327,0.7118958,2.1722033,0.11570949
2354,0.6017237,0.63598293,2.0615683,0.09374913
2355,0.67719734,0.6603417,1.9741622,0.16488515
2356,0.73176676,0.6335115,2.3253224,0.20422775
2357,0.7163021,0.6314153,2.2422264,0.12950535
2358,0.45186332,0.61525893,2.0823884,0.13506849
2359,0.6511275,0.7008599,2.0898335,0.12848823
2360,0.729402,0.7580265,2.312488,0.15834206
2361,0.6057034,0.8301495,2.0260189,0.1841323
2362,0.5890647,0.6636978,2.0415406,0.12559296
2363,0.5683622,0.72588086,2.1827939,0.16871016
2364,0.62934536,0.8278598,2.1123207,0.1270846
2365,0.5638483,0.81564415,1.9869155,0.089849114
2366,0.54027295,0.6736645,2.0364525,0.13223052
2367,0.64061326,0.6494435,2.2816195,0.15161397
2368,0.6659862,0.67924327,2.441399,0.13486855
2369,0.6765638,0.69699615,2.2344525,0.098668285
2370,0.6512819,0.71703136,2.0098615,0.12202059
2371,0.51624924,0.7084904,2.205758,0.13190041
2372,0.6516598,0.7192831,2.0062423,0.17293862
2373,0.467436,0.7395025,2.0659907,0.14161809
2374,0.7525085,0.6879634,2.3322003,0.14428522
2375,0.65101504,0.6714986,2.0239995,0.104672074
2376,0.59752923,0.6385676,2.3075423,0.10805853
2377,0.7328545,0.64263004,2.2280571,0.18792605
2378,0.52546805,0.65620154,2.0750713,0.14659157
2379,0.58154994,0.6879828,2.1764734,0.13440569
2380,0.70107174,0.6982017,2.1887462,0.14144823
2381,0.57787865,0.6844627,2.1248035,0.13790995
2382,0.6298936,0.8244921,2.214714,0.16611679
2383,0.6964896,0.7825809,2.4276838,0.17550068
2384,0.72411424,0.7121524,2.1200192,0.13230066
2385,0.6671519,0.695449,2.3683946,0.16333267
2386,0.5632385,0.77837116,2.154086,0.17656977
2387,0.5230556,0.80920404,1.971199,0.13336098
2388,0.580465,0.67216194,2.0444741,0.20065321
2389,0.67800844,0.6874802,2.398551,0.1574257
2390,0.5915405,0.7047938,2.1240044,0.1818463
2391,0.64173543,0.6414621,2.2052438,0.11126667
2392,0.6940896,0.623366,2.385053,0.07154835
2393,0.6287024,0.69079465,2.2249346,0.11672528
2394,0.5669794,0.68327826,2.1936147,0.17049555
2395,0.6167274,0.77791685,2.433473,0.1481696
2396,0.5686382,0.8068576,2.1867757,0.14495897
2397,0.6592624,0.65871954,2.3374696,0.13394096
2398,0.55253,0.70570505,2.2217538,0.09705421
2399,0.48282024,0.71179736,2.3786547,0.12835333
2400,0.53354704,0.72649664,2.2385705,0.119532555
2401,0.4849293,0.8526244,2.1604989,0.11585386
2402,0.69524556,0.8073546,2.3219888,0.12764168
2403,0.5443117,0.6420762,2.236655,0.16879557
2404,0.6874448,0.6245836,2.0936317,0.14809439
2405,0.4651402,0.757558,1.9827981,0.12941338
2406,0.46286485,0.8069077,2.0765877,0.1885802
2407,0.59140843,0.7575768,2.3509743,0.19100125
2408,0.65381825,0.59291023,2.2043192,0.10629997
2409,0.5920115,0.7206251,2.0365853,0.15221155
2410,0.58820915,0.6935119,2.2091458,0.12105823
2411,0.69365245,0.68998086,2.373256,0.10433785
2412,0.64858276,0.7249073,2.2787976,0.17906584
2413,0.5876406,0.7051732,2.2391355,0.08591193
2414,0.64903283,0.5933086,2.197942,0.12020336
2415,0.5515508,0.79494685,2.08652,0.19969597
2416,0.5372766,0.62805,2.0112784,0.1466555
2417,0.67223823,0.65605766,1.9469545,0.07546555
2418,0.6606147,0.6655684,2.1142917,0.15690857
2419,0.4832978,0.69879186,1.9947633,0.13181417
2420,0.6560938,0.7753678,2.3077488,0.18015495
2421,0.50918967,0.6548702,2.2898061,0.18596531
2422,0.54009634,0.63470787,2.0669806,0.09303711
2423,0.5905544,0.79144466,2.2041593,0.13999934
2424,0.6287754,0.71176094,2.373347,0.123950735
2425,0.574444,0.75552183,2.1324334,0.12410263
2426,0.63436174,0.7704427,2.1481922,0.13329999
2427,0.571731,0.71881497,2.0617666,0.13674945
2428,0.5870191,0.6955996,2.164484,0.17032424
2429,0.7046444,0.671413,2.214913,0.17413256
2430,0.6427644,0.72755826,2.06317,0.15947758
2431,0.72865576,0.67095745,2.1204357,0.16423953
2432,0.62847,0.70325345,2.0056605,0.19262737
2433,0.6664914,0.6634094,2.2438433,0.13368842
2434,0.52020156,0.7529307,1.9761763,0.13809948
2435,0.635319,0.6787631,2.2099612,0.10903712
2436,0.50530076,0.60928416,2.156691,0.17003088
2437,0.61179113,0.7658732,1.9743907,0.19488356
2438,0.6430875,0.78757304,1.9768839,0.19589967
2439,0.53227997,0.76345456,2.3486145,0.1260218
2440,0.5862229,0.82206064,2.2210038,0.10095239
2441,0.64897865,0.7112891,2.1486552,0.08485841
2442,0.6596158,0.731751,2.4477084,0.16989562
2443,0.6602356,0.7619734,1.9995774,0.12677713
2444,0.63093835,0.7084795,2.0994363,0.21516111
2445,0.4712867,0.71403307,2.078637,0.09774298
2446,0.5563639,0.6964688,2.0921237,0.18730189
2447,0.6320676,0.6713584,2.1592956,0.14924999
2448,0.48245284,0.78336495,2.060088,0.124856144
2449,0.53407985,0.7296383,2.2864223,0.10198466
2450,0.49616835,0.7366433,2.1629558,0.111398175
2451,0.5054288,0.667097,2.0110598,0.13216859
2452,0.6962136,0.68638045,2.2616074,0.15433447
2453,0.59820163,0.7445816,2.1035213,0.15964457
2454,0.5596731,0.7369237,2.326324,0.1330272
2455,0.73938644,0.7395662,2.2021608,0.13352503
2456,0.57167375,0.6816686,2.0462291,0.14474078
2457,0.56573373,0.7067605,2.1346018,0.14144051
2458,0.5323721,0.67519814,2.154801,0.12870042
2459,0.56974214,0.7137227,2.175904,0.13236615
2460,0.6147742,0.8347685,2.278057,0.16536947
2461,0.6091199,0.6194827,2.3214574,0.15646914
2462,0.52238804,0.7810914,2.0225778,0.14420144
2463,0.6564104,0.66587615,2.2128925,0.17235772
2464,0.62322474,0.64816463,2.0979972,0.16834684
2465,0.55913407,0.75398207,2.2965522,0.18865415
2466,0.62232864,0.69862324,2.2289948,0.12914112
2467,0.66677815,0.72914654,2.2311954,0.09236632
2468,0.6201599,0.7991401,2.1124253,0.17949069
2469,0.57660866,0.70620996,2.1729398,0.1799726
2470,0.5870236,0.7385404,2.0761874,0.13393548
2471,0.5318724,0.66052824,2.1124938,0.14989287
2472,0.5531904,0.79297054,2.128233,0.07784729
2473,0.5286995,0.79380476,1.9018681,0.168535
2474,0.56403947,0.76774055,2.1787887,0.15326494
2475,0.6305714,0.68877923,2.0770385,0.18383269
2476,0.6639956,0.71043015,2.4306996,0.13033351
2477,0.55464345,0.7315562,2.1103508,0.1545063
2478,0.5427673,0.6936696,2.0360842,0.16742666
2479,0.584029,0.690576,2.073425,0.17310102
2480,0.52974963,0.79867,2.0823963,0.19388598
2481,0.6047962,0.74813956,2.2091177,0.1070776
2482,0.77061623,0.7540694,2.2383864,0.1308081
2483,0.70715857,0.72346884,2.172429,0.15924568
2484,0.5563434,0.64120764,2.2403789,0.15978803
2485,0.6636564,0.69979835,2.085917,0.11028553
2486,0.6285302,0.72693557,2.0870214,0.14624391
2487,0.5332539,0.7914651,2.2429218,0.08749266
2488,0.45103118,0.6872122,2.0183005,0.15296166
2489,0.60568446,0.6780861,1.89217,0.16066122
2490,0.7192384,0.74625427,2.1977968,0.108258955
2491,0.6445956,0.7289607,2.0182953,0.16147429
2492,0.5042539,0.72056955,2.0645757,0.17358331
2493,0.65439284,0.7704593,2.149782,0.15770125
2494,0.6568476,0.7893329,2.2544525,0.12535633
2495,0.6405354,0.63238776,2.2171822,0.159413
2496,0.69412965,0.7393367,2.2657197,0.13248731
2497,0.6316804,0.7666819,2.1089048,0.10223142
2498,0.6981008,0.6489912,2.1183536,0.14235465
2499,0.595933,0.75389045,2.179926,0.08930881
2500,0.5660928,0.79973763,2.1178117,0.13357179
2501,0.65787995,0.7600451,2.0084903,0.19061214
2502,0.4588636,0.6293166,2.097002,0.100871176
2503,0.7142206,0.663589,2.142097,0.12147156
2504,0.57417494,0.6858172,2.106858,0.1530942
2505,0.60418063,0.6957234,2.1896393,0.16538589
2506,0.64027464,0.6679877,2.1421947,0.13027106
2507,0.623563,0.73855454,2.036378,0.12809552
2508,0.7590109,0.68763137,2.2762184,0.15897393
2509,0.65181273,0.7217452,2.2184718,0.14620341
2510,0.5430813,0.6909264,2.0352948,0.11138365
2511,0.5943717,0.8055765,2.0460541,0.13279843
2512,0.62931055,0.6408527,2.1448908,0.12726596
2513,0.6821888,0.66229355,2.3313165,0.15670739
2514,0.5452134,0.68600196,2.1748548,0.117265284
2515,0.70246226,0.7194458,2.123111,0.112682216
2516,0.45786119,0.6374195,2.0692966,0.09073696
2517,0.5855163,0.64633083,2.1976259,0.13124838
2518,0.7164587,0.65777105,2.2673655,0.13160448
2519,0.4862219,0.67552626,2.182398,0.10428834
2520,0.68395966,0.6867496,2.2970605,0.13075528
2521,0.5181015,0.6680912,1.8739911,0.16320324
2522,0.5015671,0.6881694,2.2338629,0.07108785
2523,0.5644743,0.7320514,1.9918796,0.09062544
2524,0.58095545,0.8124225,2.104185,0.1308677
2525,0.71207976,0.69709134,2.0332212,0.18000016
2526,0.6047,0.69230974,2.0597603,0.23163587
2527,0.61642355,0.7921517,2.2129412,0.22359991
2528,0.6295698,0.7375395,2.1548774,0.21048637
2529,0.69160414,0.69227886,2.2386274,0.14984596
2530,0.5851057,0.7356781,2.1904325,0.14092451
2531,0.5977242,0.70340806,2.2673929,0.17845055
2532,0.56774753,0.6522408,2.194588,0.123878464
2533,0.65340245,0.6904883,2.1009963,0.08543932
2534,0.59021074,0.74602896,2.3454664,0.10604583
2535,0.46492124,0.7043424,1.9783275,0.16153543
2536,0.5767646,0.7144331,2.1462438,0.109019205
2537,0.49065664,0.66563547,2.1180694,0.13513461
2538,0.5767245,0.6638178,2.3647883,0.11370727
2539,0.6690837,0.7619303,2.0790818,0.110746525
2540,0.6488778,0.6342595,2.1550853,0.12234109
2541,0.68621475,0.7465091,2.352069,0.13098705
2542,0.62531835,0.7498406,2.1493967,0.12533444
2543,0.70777243,0.67283696,2.2696884,0.103510536
2544,0.6450712,0.7569707,2.1111798,0.114519745
2545,0.53137714,0.6004447,2.2962847,0.108449675
2546,0.52711934,0.71377486,2.2216077,0.14600171
2547,0.566611,0.65768474,2.2691014,0.13408154
2548,0.677779,0.7011851,2.187615,0.17528531
2549,0.7495017,0.6609753,2.4391706,0.13559097
2550,0.58926046,0.6253928,2.292029,0.12936573
2551,0.63282883,0.67165107,2.2186801,0.14812748
2552,0.5159085,0.74295104,2.2234683,0.14134043
2553,0.5874172,0.7432767,2.1437635,0.14548765
2554,0.49909672,0.88441336,2.0743513,0.15284142
2555,0.5791627,0.7326663,2.1447148,0.16585998
2556,0.73315984,0.7279299,2.26707,0.13981901
2557,0.52741003,0.7147646,2.187212,0.15968338
2558,0.59248817,0.7127208,2.126244,0.1556247
2559,0.64482754,0.7597698,2.1147645,0.16258834
2560,0.63923675,0.6689984,2.1396494,0.18773162
2561,0.603278,0.7509305,2.2660477,0.104457825
2562,0.5755557,0.77453786,2.0617175,0.12625822
2563,0.729509,0.7280482,2.0322316,0.13261697
2564,0.7652746,0.75355595,2.2152987,0.13000368
2565,0.59256,0.7034979,2.167519,0.12678754
2566,0.5027846,0.66906977,2.146627,0.08693703
2567,0.5443768,0.7722635,2.1570077,0.14694846
2568,0.7150822,0.7598339,2.1281102,0.11169207
2569,0.6467022,0.74901325,2.3306775,0.12686683
2570,0.45795158,0.69897735,2.1680057,0.10541213
2571,0.5774555,0.69099677,2.0830643,0.14275305
2572,0.70813787,0.6899568,2.2739122,0.11422638
2573,0.70877564,0.7883387,2.1290977,0.15462932
2574,0.5911994,0.6953473,2.177843,0.14335898
2575,0.592829,0.7810584,1.9914203,0.20522133
2576,0.7576868,0.5768439,2.1898518,0.10647905
2577,0.65236145,0.77015996,2.2497523,0.16122392
2578,0.65816295,0.6605515,2.3296533,0.13167867
2579,0.5542144,0.62556183,2.260235,0.10610152
2580,0.67575175,0.8281098,2.334092,0.1189029
2581,0.56848997,0.8319054,2.1989567,0.18809776
2582,0.70522016,0.75883085,2.128196,0.14320746
2583,0.5272862,0.7136315,2.0501525,0.15697213
2584,0.5580177,0.71122354,2.198684,0.109865956
2585,0.5689543,0.71914244,2.1796827,0.17132366
2586,0.5705663,0.7063664,2.0747042,0.16095158
2587,0.4310612,0.6886183,2.335411,0.07870643
2588,0.5515424,0.750965,2.3803387,0.123186976
2589,0.5276595,0.6976965,2.110545,0.123941354
2590,0.62034005,0.72145385,2.0599835,0.16090055
2591,0.6162753,0.72842306,2.2554271,0.1481898
2592,0.54547215,0.7794121,2.1492183,0.081689626
2593,0.6548647,0.59600455,2.0257113,0.09255043
2594,0.5350549,0.73373544,2.3648264,0.1025887
2595,0.6154224,0.6777827,2.050686,0.12112744
2596,0.5567048,0.75927365,2.1333363,0.16452667
2597,0.44923306,0.67844284,1.9201587,0.14688423
2598,0.69342756,0.6640302,2.169349,0.08571936
2599,0.6075966,0.7646282,2.151928,0.15549119
2600,0.65716404,0.69433266,2.3461497,0.11651267
2601,0.6865656,0.74969906,2.161587,0.15023646
2602,0.665898,0.6138246,2.2492316,0.12707332
2603,0.4616084,0.75669384,2.200149,0.13831219
2604,0.5133813,0.7005613,2.1418273,0.13532451
2605,0.5683633,0.72368073,2.1514614,0.13867709
2606,0.547858,0.6686903,2.130343,0.11995345
2607,0.45622405,0.6711047,2.2101235,0.18229714
2608,0.5120261,0.7378426,2.075624,0.11895866
2609,0.6616442,0.6803881,2.3045385,0.12556446
2610,0.6593237,0.6672386,2.1062682,0.19786945
2611,0.6202425,0.7654583,2.1006484,0.14506958
2612,0.61449325,0.74536777,2.067146,0.117414035
2613,0.5609445,0.7115496,2.0850017,0.12755565
2614,0.50784415,0.7209235,2.035448,0.14421584
2615,0.52800065,0.7848836,2.2149312,0.12508155
2616,0.49758297,0.66437334,2.3102548,0.08182965
2617,0.6017832,0.64210886,2.2518017,0.12844025
2618,0.58101636,0.7123715,1.955203,0.15257975
2619,0.5547019,0.6648919,2.0853207,0.06466043
2620,0.5342579,0.6839899,2.119755,0.15039842
2621,0.6144611,0.7969216,2.2138724,0.117271416
2622,0.5400051,0.6983015,2.091396,0.1272538
2623,0.7055534,0.6377186,2.0570974,0.17192712
2624,0.59294367,0.7363807,2.0281909,0.13160703
2625,0.6385754,0.70987624,2.0625234,0.13590553
2626,0.51124245,0.7889559,2.0786147,0.11434431
2627,0.65082395,0.74186605,2.1374104,0.14881153
2628,0.6133767,0.693827,2.0989797,0.08215962
2629,0.5602024,0.73399127,1.9132469,0.14021929
2630,0.57275015,0.64930594,2.137343,0.15708548
2631,0.6250495,0.7093504,2.3529937,0.08676313
2632,0.5564281,0.6509556,2.0877612,0.101713896
2633,0.5731775,0.66944474,2.04513,0.1869329
2634,0.67282456,0.62854296,2.2145252,0.06942117
2635,0.6264402,0.62579125,2.2443078,0.14175832
2636,0.54080826,0.735831,2.3246782,0.10778552
2637,0.54889524,0.8163648,1.8883569,0.11422581
2638,0.66190445,0.7541678,2.2254612,0.10639757
2639,0.6025852,0.85168946,2.2499888,0.15499155
2640,0.56146103,0.70393485,2.1699464,0.16515422
2641,0.46004152,0.7694813,2.017952,0.108325385
2642,0.5866609,0.73465204,2.1308608,0.11794197
2643,0.6644948,0.6851542,2.1541488,0.14691181
2644,0.61297226,0.738817,2.1851618,0.13097768
2645,0.5880112,0.7404491,2.0679479,0.13915703
2646,0.68442667,0.7334929,2.0339167,0.13536316
2647,0.65657717,0.744784,2.1848826,0.10836743
2648,0.6983633,0.6923806,2.0948052,0.17496811
2649,0.5802823,0.7735491,2.0956988,0.16917334
2650,0.5180434,0.71122575,1.9731098,0.11650798
2651,0.58768845,0.78184855,2.276798,0.14165373
2652,0.58165175,0.7502008,1.9789369,0.15394567
2653,0.6077525,0.70478314,2.2804801,0.151358
2654,0.6251588,0.752761,2.1443882,0.15278047
2655,0.716577,0.71171075,2.0613575,0.15763173
2656,0.6681926,0.7402297,2.1737814,0.13912624
2657,0.56083775,0.72888273,2.0506768,0.1330702
2658,0.71829885,0.68093896,2.3717647,0.13086593
2659,0.7200818,0.5644715,2.1317153,0.10978466
2660,0.61315084,0.6394205,2.2482405,0.11227658
2661,0.5200976,0.71468514,2.1898432,0.13688861
2662,0.71530473,0.70594394,2.0844362,0.19005305
2663,0.617834,0.810266,2.1294873,0.16619457
2664,0.5103181,0.74555457,2.0692017,0.03442453
2665,0.7042347,0.78007746,2.0714076,0.10898386
2666,0.5015265,0.6614335,2.2639644,0.10821372
2667,0.56829125,0.76966625,2.287918,0.15991777
2668,0.6314078,0.7424763,1.9622722,0.173719
2669,0.46335503,0.80698204,2.1527343,0.1105374
2670,0.5610602,0.662158,2.3079104,0.0960652
2671,0.6295259,0.681016,2.0576425,0.15158884
2672,0.70827526,0.7075062,2.4327948,0.14868003
2673,0.7253311,0.6850484,2.0751767,0.17796454
2674,0.5429842,0.6359814,2.2228005,0.13457747
2675,0.6879004,0.80202794,2.184708,0.14688168
2676,0.5827486,0.6568951,2.2733188,0.11958147
2677,0.65135807,0.7835096,1.973936,0.109107874
2678,0.49187052,0.7507526,1.9521711,0.07746618
2679,0.5902311,0.70632386,2.1227772,0.15130554
2680,0.64820385,0.71275836,2.1584752,0.16234133
2681,0.5483961,0.70004714,2.1630661,0.13787955
2682,0.6408462,0.71887106,2.3145113,0.16802725
2683,0.61766267,0.74789274,2.2929795,0.16823062
2684,0.5076972,0.7098909,2.0311105,0.13380836
2685,0.5961603,0.7203442,2.0351932,0.17783716
2686,0.46525732,0.746465,2.1655939,0.14155276
2687,0.6493069,0.6435251,2.2780378,0.13919075
2688,0.5203739,0.62853384,1.9769428,0.14127156
2689,0.602799,0.68551755,2.0893433,0.15126076
2690,0.52548605,0.74773437,2.1026385,0.13193358
2691,0.44265842,0.75074035,2.0643258,0.14216235
2692,0.69607043,0.65388745,2.0478122,0.10784372
2693,0.53151006,0.8027252,2.264757,0.14817593
2694,0.5805984,0.7137677,2.181947,0.113420464
2695,0.5464618,0.7754926,2.1706223,0.1622684
2696,0.4993641,0.66958535,2.0583808,0.10806377
2697,0.63741356,0.6868484,1.854607,0.1390986
2698,0.71385896,0.60423595,2.3661227,0.120260976
2699,0.51478064,0.7425207,2.0256124,0.13079548
2700,0.572685,0.66180336,2.1358285,0.1278075
2701,0.5462498,0.8065965,2.0996964,0.17185602
2702,0.62324554,0.757651,2.126046,0.15345766
2703,0.547129,0.747925,1.9794992,0.16430745
2704,0.54494244,0.7495964,2.2242734,0.13430491
2705,0.6079013,0.672821,2.192362,0.15290762
2706,0.5802237,0.7205448,2.1660342,0.112031326
2707,0.52556145,0.6833822,1.9922944,0.1403122
2708,0.5373578,0.66570425,2.0533476,0.11925091
2709,0.6139843,0.68787634,2.0288448,0.12759341
2710,0.665628,0.6167287,2.108357,0.11632452
2711,0.5854289,0.7467311,2.2251873,0.07568926
2712,0.6582083,0.6648816,2.1474533,0.14784233
2713,0.5577282,0.7312543,2.1297514,0.17580652
2714,0.58893913,0.71352744,2.0083783,0.14370379
2715,0.6572853,0.6484037,2.4009717,0.18474199
2716,0.6347299,0.7620464,2.143106,0.14245012
2717,0.5143847,0.68446076,2.0952199,0.09487808
2718,0.63604146,0.8020477,2.2712278,0.13516693
2719,0.49874145,0.8199079,2.1038842,0.10552143
2720,0.6142044,0.7669807,2.145532,0.09897696
2721,0.632486,0.6936097,2.2434862,0.08834286
2722,0.6245346,0.7127377,2.0878515,0.15649968
2723,0.7507599,0.6750736,2.285299,0.13452049
2724,0.56606627,0.7212769,2.0737865,0.11461783
2725,0.6797318,0.73989046,2.2190669,0.16232775
2726,0.5851689,0.7582682,2.188512,0.084793754
2727,0.5812156,0.68739885,2.1918452,0.09156835
2728,0.60498464,0.62681407,1.961094,0.17560156
2729,0.61556184,0.7445893,2.1712477,0.15584955
2730,0.7565795,0.802036,2.1125968,0.12532967
2731,0.6175014,0.7370122,2.0506368,0.12721665
2732,0.51629514,0.79311895,2.184367,0.15022528
2733,0.58286464,0.7545716,2.1557474,0.13152
2734,0.50851333,0.7590521,1.9277909,0.18871096
2735,0.70209223,0.6390846,2.4590623,0.13114926
2736,0.6039779,0.7206702,2.16751,0.16880032
2737,0.7071377,0.592735,2.0889282,0.1764514
2738,0.58531,0.6933267,2.1614408,0.10079706
2739,0.6797091,0.65702903,2.1849139,0.15809895
2740,0.6041273,0.6373649,2.1301813,0.15294299
2741,0.3404728,0.6995242,2.0637388,0.124661125
2742,0.6719765,0.60672665,2.1149716,0.12464655
2743,0.61365044,0.7901608,1.9813988,0.12650202
2744,0.5516895,0.75312066,2.241532,0.14302824
2745,0.5706577,0.88776535,2.4827766,0.07524029
2746,0.73282605,0.77372617,2.2632303,0.1318647
2747,0.59304106,0.74714434,2.0349011,0.105394356
2748,0.5939488,0.74888295,1.9838521,0.15464076
2749,0.5019116,0.7347595,2.029,0.14202496
2750,0.5823433,0.72217226,2.0366843,0.14178723
2751,0.51584697,0.7418167,2.0357676,0.11475995
2752,0.5411003,0.6086948,2.2836943,0.13103458
2753,0.71531004,0.63092315,2.2653291,0.07632337
2754,0.53473586,0.79883045,2.001465,0.20981768
2755,0.58447045,0.6281645,2.034475,0.08562712
2756,0.6641036,0.6904504,2.1508863,0.1730217
2757,0.6326242,0.69991463,1.9980617,0.16596606
2758,0.60948056,0.7627974,2.0728536,0.13813315
2759,0.70514476,0.6294749,2.17793,0.16680208
2760,0.64485544,0.7157208,1.9695193,0.15865065
2761,0.6529801,0.71409243,2.1354399,0.16410404
2762,0.6911094,0.6606981,1.9739798,0.16309206
2763,0.57905716,0.6298876,2.2108781,0.07063133
2764,0.62329257,0.8406001,2.293987,0.13946521
2765,0.64171064,0.67749655,2.0853057,0.11529517
2766,0.49900255,0.7266777,2.2792077,0.12546562
2767,0.48677936,0.72970104,2.052922,0.11516661
2768,0.6863071,0.7299458,2.0952187,0.16634884
2769,0.6100461,0.7347462,2.1635714,0.17446111
2770,0.6981613,0.65742266,2.1477451,0.14650057
2771,0.590984,0.72699964,2.2230866,0.09294281
2772,0.5890594,0.7457063,2.0386264,0.19946587
2773,0.59492356,0.7772784,2.288178,0.18519872
2774,0.5381026,0.72750056,2.2321138,0.12786865
2775,0.69301254,0.73848957,2.1138353,0.1679805
2776,0.7059404,0.68169165,2.1052077,0.15744972
2777,0.6604123,0.6850054,2.1989675,0.13081604
2778,0.51668006,0.70452315,2.0028923,0.16093792
2779,0.69882196,0.73455435,2.1075501,0.13594073
2780,0.43224683,0.76063144,2.2641904,0.10573322
2781,0.528572,0.7454351,2.1421885,0.14104739
2782,0.5958823,0.70347357,2.1258073,0.18119499
2783,0.5811032,0.6526729,2.2025502,0.15313694
2784,0.62659997,0.6989773,2.304507,0.12798783
2785,0.68572944,0.70477176,2.2305462,0.09149521
2786,0.55695766,0.69884753,2.2256896,0.132476
2787,0.73190254,0.66626066,2.1434681,0.18462272
2788,0.6450367,0.74398357,2.0590413,0.037012495
2789,0.5277273,0.71454996,2.147763,0.09936138
2790,0.52528834,0.66707706,2.0065286,0.17489174
2791,0.6361347,0.7127288,2.1518908,0.12631366
2792,0.6936397,0.7580275,2.3635442,0.07734319
2793,0.6759933,0.70566213,2.1904743,0.10633077
2794,0.7167141,0.80967665,2.034968,0.15662634
2795,0.5345861,0.72892773,2.008091,0.13394165
2796,0.53223103,0.7025075,2.0840776,0.12506099
2797,0.6344831,0.71105814,2.0310774,0.15538768
2798,0.54482466,0.794101,2.086267,0.1729044
2799,0.41228706,0.74493057,1.9913267,0.10291359
2800,0.6429322,0.6830565,2.019263,0.10424608
2801,0.54192686,0.73087656,2.1551955,0.112333275
2802,0.721277,0.7222874,2.0437365,0.15383214
2803,0.5706249,0.7926615,2.2128341,0.14477399
2804,0.63083684,0.68016964,2.0994365,0.15161452
2805,0.70085084,0.6382124,2.2079315,0.2025936
2806,0.65026283,0.71152854,2.2082183,0.14545569
2807,0.6541431,0.67872393,2.1298342,0.1483885
2808,0.6606838,0.78043765,2.134197,0.11346342
2809,0.5891453,0.78307754,2.0151205,0.16468187
2810,0.6291908,0.6429576,2.0487905,0.12088775
2811,0.4714661,0.7796677,2.0145242,0.17000088
2812,0.58682334,0.7123402,2.1465826,0.17697656
2813,0.6667181,0.71622515,2.3497632,0.06161192
2814,0.60075843,0.65675724,2.1313586,0.13210778
2815,0.48854327,0.694722,2.109555,0.13170011
2816,0.6403463,0.68633306,1.9552058,0.12383171
2817,0.6236129,0.70901084,2.0209162,0.14010273
2818,0.57245827,0.71682847,2.0053914,0.14682202
2819,0.7096988,0.7541508,1.9984515,0.12705167
2820,0.60464096,0.7157139,2.077823,0.12691517
2821,0.6291081,0.7219258,2.1780906,0.08109567
2822,0.61286396,0.62055033,1.9480746,0.08963985
2823,0.54357827,0.76046395,2.219183,0.14758046
2824,0.700385,0.66147995,2.2408736,0.118386105
2825,0.42261422,0.8166523,2.0321689,0.1075245
2826,0.42579004,0.81534606,2.1547809,0.1753217
2827,0.49723822,0.6897037,2.229267,0.09237469
2828,0.54243654,0.66228074,2.1685097,0.1354329
2829,0.5713686,0.85875446,2.0825043,0.11925569
2830,0.61798817,0.68861556,1.9173007,0.120891154
2831,0.6021184,0.729279,2.2147079,0.18248694
2832,0.46143538,0.7298713,2.2060368,0.096343294
2833,0.5250673,0.75081855,2.1705124,0.077393174
2834,0.5110313,0.69107056,2.0287535,0.08199587
2835,0.73499125,0.7551695,2.419523,0.17663638
2836,0.5859842,0.6705444,2.1013484,0.13734189
2837,0.64707196,0.7217945,2.2117536,0.10724077
2838,0.4606268,0.7950972,1.9737409,0.1209413
2839,0.6829653,0.6801377,2.1769161,0.14086817
2840,0.5657249,0.6231038,2.086725,0.09278632
2841,0.5601599,0.8252279,2.0714252,0.14185452
2842,0.61474997,0.6431559,1.9890889,0.15940747
2843,0.53866833,0.7176625,2.2678735,0.1336273
2844,0.63732225,0.7348738,2.2013824,0.06631412
2845,0.6580467,0.73732525,2.1062386,0.12741303
2846,0.5130017,0.8189241,2.0792418,0.11190784
2847,0.59512544,0.7062471,2.1384149,0.13309558
2848,0.64830595,0.700182,2.0757053,0.15041606
2849,0.5975591,0.7338902,2.220851,0.14815208
2850,0.57635343,0.7590046,2.169252,0.16681603
2851,0.7207337,0.7261079,2.1675236,0.23075311
2852,0.5703245,0.70238733,2.0689747,0.12892123
2853,0.6957291,0.7293659,2.1573265,0.16851757
2854,0.6734855,0.6084017,2.3107665,0.11288963
2855,0.43746865,0.7584753,2.2370408,0.10493361
2856,0.6533663,0.6301214,2.0668404,0.17465971
2857,0.6247246,0.71720773,2.0696266,0.17396325
2858,0.7065103,0.5926376,2.0745935,0.15424913
2859,0.6260836,0.6051386,2.1181107,0.14826651
2860,0.5498647,0.67154723,2.4036071,0.13195913
2861,0.6200944,0.8168885,1.9735111,0.1773167
2862,0.712123,0.67343,2.3341794,0.16235793
2863,0.58313966,0.66444886,2.2060282,0.099304765
2864,0.6336341,0.7265853,2.2646143,0.13156818
2865,0.7151895,0.739231,2.1839461,0.109490186
2866,0.6166559,0.5837564,2.2069342,0.14750333
2867,0.6244743,0.6942614,2.0722072,0.13127771
2868,0.57981426,0.7330205,2.1592162,0.12826547
2869,0.5753346,0.6184518,2.0203629,0.12548812
2870,0.62951803,0.6920217,2.190233,0.1457251
2871,0.4448427,0.81266737,2.0454516,0.12859324
2872,0.62691,0.7039601,2.117655,0.15851103
2873,0.7062623,0.7017467,2.2684326,0.10448067
2874,0.5941154,0.7411968,2.1900473,0.14605503
2875,0.53665996,0.6955898,2.174614,0.13290106
2876,0.608744,0.75276005,2.0741658,0.09226771
2877,0.69536036,0.7390151,2.0311394,0.1904733
2878,0.7030907,0.7311822,2.1419308,0.123407006
2879,0.59781194,0.735516,2.1257594,0.1590685
2880,0.6510589,0.7191085,2.1430526,0.13830309
2881,0.61160564,0.6422081,2.199241,0.19113314
2882,0.5886476,0.7513997,2.183681,0.11341721
2883,0.5832904,0.76107126,1.9799217,0.09331404
2884,0.61676836,0.76467735,2.1054757,0.14674284
2885,0.5378596,0.6940754,2.0323267,0.080903
2886,0.59357387,0.7642223,2.3859532,0.109494
2887,0.5200797,0.70871115,2.0812151,0.08648444
2888,0.5551171,0.6461409,2.2635624,0.1543199
2889,0.55952954,0.6678403,2.2349682,0.11279698
2890,0.5850452,0.7353511,2.2463908,0.15431519
2891,0.6654933,0.7413739,2.3190885,0.09516567
2892,0.6499151,0.72367406,1.9499779,0.16229995
2893,0.54974806,0.8879589,2.1350749,0.15052457
2894,0.6242623,0.75680757,2.0282164,0.13346799
2895,0.5402248,0.72212267,2.2967076,0.14588888
2896,0.54403776,0.75910765,1.9640111,0.13054368
2897,0.6468354,0.65298855,2.1204531,0.13606805
2898,0.54424554,0.6821286,2.243319,0.12834466
2899,0.6826888,0.71118677,2.3164625,0.11384186
2900,0.61320454,0.7109978,2.3569534,0.06771136
2901,0.6067367,0.6613218,2.0411806,0.11420882
2902,0.5555889,0.7601761,2.1648717,0.08252675
2903,0.6466941,0.7549897,2.3202229,0.11527075
2904,0.5650657,0.735732,1.8123604,0.11971746
2905,0.53064334,0.7986411,1.9643004,0.16377237
2906,0.61999285,0.77879965,2.189713,0.14737071
2907,0.56866354,0.7700765,1.9413828,0.15247893
2908,0.7248928,0.6031756,2.1296961,0.13916962
2909,0.59975284,0.66744435,2.1236737,0.19884121
2910,0.5382839,0.7067541,2.1049619,0.20743752
2911,0.54704374,0.74745405,2.0486648,0.14578132
2912,0.66567534,0.66241235,2.09242,0.18097186
2913,0.74754363,0.5357301,2.098131,0.1437414
2914,0.6593054,0.7729549,2.0559871,0.119509056
2915,0.5074323,0.69177055,1.9903215,0.13350031
2916,0.72934246,0.720584,2.0804472,0.19149974
2917,0.7119835,0.7238455,2.0903134,0.14270613
2918,0.6481386,0.7359105,1.9739741,0.14282769
2919,0.50465703,0.7172526,2.287064,0.1109988
2920,0.38695586,0.7301259,2.0521915,0.16793357
2921,0.5538512,0.76380044,2.147369,0.13506152
2922,0.58732,0.72979385,1.9517277,0.0701034
2923,0.6308639,0.7099937,2.192467,0.17151186
2924,0.5994902,0.6267873,2.274516,0.116226085
2925,0.6995224,0.7190239,2.1098483,0.07520863
2926,0.65911156,0.68460095,2.2083952,0.10805138
2927,0.6795369,0.6852505,2.0412555,0.0960988
2928,0.56262827,0.6945798,2.2642882,0.15845852
2929,0.6223986,0.68730223,2.182952,0.094311856
2930,0.7350787,0.6544239,2.258883,0.17582197
2931,0.70820767,0.82166344,2.2480564,0.17120402
2932,0.58218735,0.72131234,2.195608,0.121817365
2933,0.7267548,0.6781144,2.1764092,0.13887143
2934,0.47900006,0.7120995,2.157614,0.09157723
2935,0.6139824,0.66071963,1.9830941,0.14124116
2936,0.5722312,0.75310516,2.1162958,0.14864057
2937,0.6705371,0.63474727,2.1877644,0.18438508
2938,0.47984114,0.7009499,2.1021104,0.09744752
2939,0.5434043,0.74975044,2.0793567,0.15964733
2940,0.59229755,0.7351713,2.0243127,0.15210178
2941,0.6203434,0.7275181,2.457105,0.14190307
2942,0.5346987,0.7596111,2.093317,0.098953694
2943,0.6847697,0.6643357,2.2664175,0.16310829
2944,0.5412995,0.70975715,2.0101998,0.17191409
2945,0.54349095,0.68128467,2.074599,0.109852515
2946,0.65664923,0.70365185,2.0520616,0.15512784
2947,0.5952578,0.66281646,2.1452503,0.11626935
2948,0.5478339,0.66232306,2.2905958,0.11429654
2949,0.61485064,0.7957315,2.1110916,0.11500246
2950,0.58068997,0.73273677,2.2457263,0.18156266
2951,0.66801816,0.6401291,2.2039838,0.10021315
2952,0.6512692,0.76430476,2.0725403,0.16418292
2953,0.4219715,0.76266235,2.0167475,0.14935665
2954,0.7037311,0.66932714,2.2417684,0.14632082
2955,0.46233895,0.60313755,2.0640163,0.15938997
2956,0.62417,0.65185475,2.091494,0.09842695
2957,0.6310877,0.6838239,2.3286326,0.17009288
2958,0.5715692,0.7493098,2.1920886,0.12300858
2959,0.48193115,0.77032214,2.252209,0.07550084
2960,0.6284088,0.69010913,1.9716439,0.15874785
2961,0.59238064,0.6352804,2.1826694,0.1698507
2962,0.65346795,0.69285583,2.0533953,0.14217271
2963,0.7085031,0.7403238,2.1400814,0.14029112
2964,0.6487504,0.7614437,2.1046429,0.15367572
2965,0.63075745,0.60544163,2.0319912,0.16210409
2966,0.6812301,0.7936293,2.0613377,0.13334969
2967,0.5365751,0.69302523,2.157297,0.119703464
2968,0.62691575,0.6730156,2.1937933,0.12550555
2969,0.60170174,0.69145286,2.314503,0.15282385
2970,0.61193323,0.7501067,2.127562,0.1405581
2971,0.523432,0.74208695,2.1582105,0.060672954
2972,0.522331,0.6541543,2.204292,0.16083325
2973,0.62361425,0.6126786,2.2313495,0.047696374
2974,0.42780986,0.6856587,2.202714,0.14308573
2975,0.5359511,0.76624626,2.3244803,0.118022524
2976,0.6070554,0.7124375,2.0595462,0.11112122
2977,0.6664775,0.7300794,2.2185676,0.15977642
2978,0.54580176,0.65992135,2.2881467,0.114821985
2979,0.6550231,0.5737313,2.0545394,0.14307724
2980,0.5702874,0.8324216,2.2482493,0.13597834
2981,0.627994,0.68293464,2.1683047,0.111430526
2982,0.5946275,0.69359255,2.2690163,0.106524535
2983,0.6324963,0.767027,2.2124326,0.16987914
2984,0.6533703,0.70890343,2.0747466,0.15005076
2985,0.5045262,0.72865593,2.0972772,0.14553781
2986,0.49910504,0.73447645,2.1089544,0.1744785
2987,0.57448053,0.5712393,2.355701,0.118720956
2988,0.50254023,0.7696959,2.1028361,0.10050724
2989,0.6954685,0.7528008,2.2121823,0.15928237
2990,0.6476124,0.56149864,2.064128,0.16768025
2991,0.5949151,0.68503314,2.2370946,0.15959735
2992,0.45032248,0.7687696,2.0593474,0.12326064
2993,0.6053721,0.65225744,2.1294844,0.13657963
2994,0.58067656,0.6526771,2.096471,0.16835125
2995,0.64115316,0.8187299,2.5005708,0.094292544
2996,0.69487154,0.7638903,2.3377376,0.10728265
2997,0.5641912,0.7349339,2.2795644,0.112834565
2998,0.573067,0.7480506,2.1958363,0.14335789
2999,0.6208995,0.75506276,2.175262,0.15375593
3000,0.6027407,0.68884873,2.2782874,0.10605291
3001,0.6855754,0.7952833,1.8460951,0.13956966
3002,0.62318295,0.78430986,2.272962,0.15530021
3003,0.7067265,0.65662533,2.0778,0.14405012
3004,0.73225665,0.70144784,2.3101861,0.12850706
3005,0.6264702,0.68547374,2.0229578,0.109210484
3006,0.6185603,0.7562545,2.0728872,0.13689387
3007,0.6506248,0.7452641,2.3951223,0.11755815
3008,0.6029227,0.66303426,2.1127045,0.1384739
3009,0.6270866,0.62106717,2.0471487,0.09434893
3010,0.6054784,0.78002405,2.4220583,0.14118242
3011,0.6830016,0.7362745,2.1825035,0.16850416
3012,0.5536057,0.8146083,2.0941193,0.1220128
3013,0.53302246,0.73332846,2.0523195,0.1259925
3014,0.52216107,0.8545078,2.247805,0.10798459
3015,0.6248398,0.6911035,2.1967216,0.13389473
3016,0.66855186,0.7237227,2.1432452,0.13601007
3017,0.60510874,0.7545394,2.1774256,0.17827083
3018,0.5742707,0.67309576,2.2518945,0.08832318
3019,0.42373502,0.7048939,2.0713074,0.08776943
3020,0.7658181,0.6913839,2.0542552,0.11479809
3021,0.60085547,0.79516363,2.0979033,0.10636817
3022,0.5882934,0.6877451,2.1310594,0.14306489
3023,0.45271167,0.7236965,2.2387993,0.12601429
3024,0.49122205,0.7129663,2.0581665,0.16337474
3025,0.6673988,0.67890584,2.0890613,0.14746772
3026,0.5196718,0.7930397,2.2148387,0.13782983
3027,0.67703843,0.6169304,2.391934,0.12400171
3028,0.59291255,0.7709693,2.0067484,0.13916297
3029,0.60304207,0.59327585,2.0560226,0.11915873
3030,0.74500245,0.6446254,2.2462938,0.15002404
3031,0.64591306,0.7013498,2.0736353,0.19448644
3032,0.5677293,0.7039008,2.1824918,0.15838858
3033,0.6116425,0.6759495,2.199239,0.11696126
3034,0.6587147,0.7351961,2.1241071,0.15643977
3035,0.54882145,0.7297486,2.1951005,0.14417934
3036,0.5996325,0.6440525,2.1165345,0.09130123
3037,0.60284555,0.74648166,2.0909684,0.18150172
3038,0.71703637,0.75464463,2.2183192,0.13232698
3039,0.69657016,0.71644497,2.365474,0.118938915
3040,0.5581841,0.693457,2.1872866,0.07031026
3041,0.553158,0.649729,2.1260815,0.12041535
3042,0.6443974,0.63588846,2.0166707,0.16715027
3043,0.60985804,0.66425246,2.1847832,0.104722
3044,0.5336247,0.70356536,2.1312087,0.13044044
3045,0.5648722,0.6668204,2.21851,0.113691986
3046,0.42376593,0.7151177,2.0448363,0.21105245
3047,0.65263367,0.70053834,2.1312442,0.1487535
3048,0.574315,0.7039046,2.1535969,0.169622
3049,0.50634205,0.767479,2.131402,0.15574172
3050,0.6185297,0.66411245,2.0768836,0.14811027
3051,0.57155704,0.8132392,2.252197,0.15113191
3052,0.59148777,0.7643012,2.0188255,0.12503278
3053,0.51751715,0.7168921,2.2052875,0.1392563
3054,0.7355212,0.8520377,2.1378937,0.1295145
3055,0.6211553,0.7794117,2.1452663,0.14458738
3056,0.43492252,0.6863612,2.0377493,0.120484345
3057,0.6057778,0.6732168,2.1990933,0.13242573
3058,0.57952684,0.74600494,2.2212985,0.119196236
3059,0.5093018,0.63397974,2.063141,0.16332689
3060,0.5788504,0.7496426,2.296622,0.052538298
3061,0.5408569,0.7059748,2.0030413,0.19058903
3062,0.5005923,0.69929403,2.1568959,0.14127342
3063,0.53341246,0.7522629,2.1590962,0.13948995
3064,0.6159573,0.7160421,2.1847978,0.16296431
3065,0.54303133,0.7801767,2.2859738,0.15438198
3066,0.5291847,0.8130356,2.107201,0.16310754
3067,0.6396082,0.6547623,2.1248372,0.13267769
3068,0.57320035,0.6828991,2.1521153,0.12690517
3069,0.43816483,0.8144861,2.1974072,0.07703333
3070,0.5357132,0.6507611,2.0510352,0.11493608
3071,0.63164884,0.7274321,2.2449052,0.16763681
3072,0.53246295,0.71262276,2.0585203,0.14317474
3073,0.5456472,0.773591,2.1016548,0.15054046
3074,0.5050347,0.7390901,2.0873709,0.13450459
3075,0.56556326,0.6305702,2.0625613,0.13359287
3076,0.6509327,0.6449394,2.1398406,0.18125
3077,0.6160441,0.72863984,2.296351,0.12271
3078,0.6379775,0.753798,2.1948693,0.16978376
3079,0.5750568,0.76824224,1.9980115,0.1584925
3080,0.54270643,0.8122363,2.1352336,0.12936375
3081,0.5450601,0.6290892,2.2578645,0.13484842
3082,0.4769285,0.81292915,2.1685662,0.13488778
3083,0.5866023,0.7577644,1.9826851,0.11948713
3084,0.63858205,0.7423407,2.16104,0.12934008
3085,0.6053469,0.7185954,2.1522279,0.12178739
3086,0.6386983,0.76558036,2.0175865,0.13580531
3087,0.65419334,0.6856592,2.0676413,0.15476517
3088,0.71463734,0.6753779,2.1172795,0.13515255
3089,0.5866126,0.77103925,2.2174845,0.1316147
3090,0.70923895,0.8483502,2.1134152,0.111600086
3091,0.6637249,0.70421463,2.064512,0.18407474
3092,0.6296397,0.74020153,2.2612665,0.14724886
3093,0.5558689,0.72801787,1.9727174,0.15302083
3094,0.5725291,0.7834276,2.042632,0.13307874
3095,0.6537419,0.73968214,2.3287308,0.1367128
3096,0.7525601,0.6749486,2.1739419,0.19105491
3097,0.57772875,0.7838861,2.009367,0.113743745
3098,0.6115582,0.59887445,2.065023,0.13139938
3099,0.4752478,0.7675599,2.0208585,0.15094738
3100,0.6691725,0.7173657,2.0288599,0.16670723
3101,0.64677066,0.67033476,2.1622567,0.15480642
3102,0.5980086,0.82998925,2.0940628,0.18624462
3103,0.625307,0.7441998,2.1229384,0.17312948
3104,0.5169546,0.7523494,2.0490992,0.10880475
3105,0.66459507,0.68057305,2.2091823,0.16147731
3106,0.6014829,0.6690437,2.2404087,0.12850249
3107,0.5192634,0.75305885,2.118651,0.06494648
3108,0.64027333,0.75238514,2.2885594,0.12354955
3109,0.59099656,0.6515135,2.1148589,0.14367247
3110,0.63505864,0.8086699,2.426679,0.13295414
3111,0.6706659,0.6637735,2.090631,0.08818502
3112,0.51706815,0.7568136,2.1460953,0.105210714
3113,0.6689338,0.6219545,2.3361542,0.108936876
3114,0.6606981,0.7743862,2.3717833,0.17058738
3115,0.5601611,0.7531438,2.150236,0.19145526
3116,0.56176865,0.6360155,2.2541175,0.12957385
3117,0.62480015,0.74493575,2.0754242,0.16557778
3118,0.57996756,0.6632569,1.9723303,0.13170357
3119,0.53070444,0.7868667,2.2664227,0.120014645
3120,0.7092469,0.8224078,2.1513307,0.10564488
3121,0.53040344,0.66463995,2.1465342,0.17037678
3122,0.41121212,0.73110086,1.9737525,0.121663235
3123,0.766964,0.65068775,2.2441278,0.17361583
3124,0.614801,0.73703134,2.1874633,0.09829112
3125,0.6777779,0.652397,2.2507772,0.12627089
3126,0.6670275,0.6468075,2.1100042,0.15156768
3127,0.57708013,0.7148798,2.2843,0.14436604
3128,0.5325691,0.8268056,2.238533,0.18698773
3129,0.49949586,0.6895738,2.116441,0.15886806
3130,0.73041165,0.7352152,2.274692,0.120159104
3131,0.5303169,0.74232113,2.1528656,0.15308578
3132,0.7000578,0.7618443,2.1019948,0.16595306
3133,0.58176625,0.61093426,2.20807,0.11264568
3134,0.65735215,0.75613993,2.1060302,0.16357084
3135,0.56049615,0.65495473,2.0622458,0.09536112
3136,0.6658304,0.6757366,2.2595391,0.11404189
3137,0.6664038,0.82519656,2.0234606,0.09096003
3138,0.60383046,0.7158126,2.109284,0.14121763
3139,0.7259545,0.5942573,2.1714737,0.14757007
3140,0.58806974,0.64390993,2.012438,0.17424482
3141,0.58594286,0.6799295,2.1974635,0.0812092
3142,0.6395057,0.716312,2.1036434,0.12739383
3143,0.63175637,0.65947485,2.1904671,0.16696967
3144,0.56041545,0.7215422,2.1951132,0.08797538
3145,0.6363489,0.6394239,2.2630873,0.13812931
3146,0.6757403,0.6463241,2.2727191,0.123907015
3147,0.6956735,0.648907,2.1652944,0.16535623
3148,0.6173771,0.75145024,2.0764198,0.117051974
3149,0.63833654,0.6650289,2.0656385,0.12271732
3150,0.664741,0.6872907,2.075411,0.1312995
3151,0.5739626,0.749403,2.0184507,0.15458138
3152,0.7169369,0.6215501,2.4722855,0.10271949
3153,0.5149063,0.8210358,2.2493377,0.12934741
3154,0.5913931,0.72669226,1.9898121,0.11543248
3155,0.7053202,0.65319633,2.335244,0.11269995
3156,0.55424184,0.7638058,2.4243844,0.06716954
3157,0.62414706,0.7115644,2.186767,0.17925091
3158,0.6301961,0.5986889,2.2809458,0.13845326
3159,0.5569993,0.674421,2.2322655,0.13036485
3160,0.6138922,0.65891075,2.175779,0.105784014
3161,0.5587267,0.6604227,2.163186,0.10344036
3162,0.7403437,0.73438245,2.3618731,0.12041565
3163,0.59193206,0.75799525,2.115412,0.14263444
3164,0.5294617,0.70592463,1.9517838,0.15007481
3165,0.60252637,0.6456274,2.1749701,0.12293059
3166,0.5888215,0.7154517,2.1176486,0.14951894
3167,0.61982614,0.73250055,2.0506132,0.16791126
3168,0.6490593,0.594721,2.3237278,0.13004297
3169,0.50530076,0.7056638,2.0636415,0.13573326
3170,0.74773884,0.6902769,2.28587,0.114287935
3171,0.72675693,0.7214519,2.1551533,0.10970072
3172,0.6228902,0.69927734,2.0015786,0.13552004
3173,0.56195056,0.73843443,2.1728632,0.1695312
3174,0.5578088,0.6243857,2.1915853,0.12939143
3175,0.5956417,0.64036685,2.1734412,0.085882
3176,0.57679904,0.7064856,2.0602498,0.15091473
3177,0.558366,0.7274258,2.1172748,0.11515077
3178,0.6553469,0.7802008,2.2126045,0.13465579
3179,0.6602179,0.64627916,2.114072,0.15422393
3180,0.64305353,0.72465855,2.3932154,0.1311119
3181,0.5493974,0.6928867,2.3279166,0.12650988
3182,0.6585009,0.6834403,2.08085,0.12528192
3183,0.60269815,0.7205381,2.2029676,0.11099718
3184,0.65729916,0.73454744,2.1759102,0.13927053
3185,0.585291,0.7101673,2.0632904,0.18812816
3186,0.5472605,0.7161511,2.2030299,0.13034481
3187,0.72340214,0.7205001,2.108486,0.15837024
3188,0.6834574,0.7323443,2.1209757,0.12625198
3189,0.63111633,0.7315981,1.93539,0.15834366
3190,0.47832808,0.75106484,2.2426977,0.075972684
3191,0.6577024,0.7523293,2.0726962,0.15811555
3192,0.46649542,0.6918814,2.0998755,0.16887106
3193,0.55681217,0.66348886,2.0405674,0.12106896
3194,0.5833574,0.6897188,2.0087366,0.16561753
3195,0.6096669,0.65350527,2.4454615,0.10757011
3196,0.64151907,0.65553707,1.9907039,0.20689914
3197,0.51614505,0.6520666,2.042474,0.08037817
3198,0.61326563,0.6985505,2.1469598,0.121826276
3199,0.45486733,0.7443011,2.1856253,0.11718046
3200,0.51889306,0.6677001,2.071128,0.16651174
3201,0.7064455,0.7303563,2.2804692,0.13220012
3202,0.50727165,0.70517063,2.0263379,0.10299171
3203,0.5927009,0.65768933,1.9625436,0.09021199
3204,0.5271354,0.8299568,2.0556161,0.1612635
3205,0.46391776,0.7319028,2.1614788,0.18369389
3206,0.49097863,0.7111435,2.12862,0.15653259
3207,0.5114633,0.71790445,1.9652861,0.108116545
3208,0.59706813,0.7624598,2.0513942,0.15818767
3209,0.5947574,0.6401533,2.146918,0.07579906
3210,0.6854237,0.6795096,1.9993275,0.05789075
3211,0.6565787,0.69204503,2.0094986,0.10407234
3212,0.5414708,0.7440912,2.1370099,0.08829796
3213,0.5080168,0.82788765,2.1897972,0.10551272
3214,0.41373196,0.637586,2.1271946,0.07787329
3215,0.59435654,0.7065445,2.3710268,0.13479659
3216,0.60225254,0.7402837,2.1879451,0.14593568
3217,0.4700345,0.68787265,2.2031736,0.16051824
3218,0.6888728,0.7768691,2.0298817,0.12603374
3219,0.70030564,0.70431334,2.0361814,0.16628776
3220,0.7310842,0.6841655,2.173802,0.1334959
3221,0.76736236,0.6863953,2.223655,0.14857775
3222,0.5607968,0.6875121,2.231067,0.13362825
3223,0.38238615,0.75413114,2.2111511,0.14544454
3224,0.6717785,0.66662246,2.0982156,0.18338525
3225,0.6128341,0.7606312,2.135531,0.13129044
3226,0.6793378,0.6934703,2.0638022,0.13823818
3227,0.5435597,0.6296145,2.1889327,0.13361473
3228,0.67078465,0.6853886,2.124555,0.16048343
3229,0.5274219,0.7069247,2.1255202,0.09670271
3230,0.56440276,0.7229788,2.1348479,0.15075769
3231,0.56184596,0.7001424,2.0656848,0.12799053
3232,0.553621,0.731159,2.173691,0.09631668
3233,0.5828226,0.62386876,2.3128006,0.14315264
3234,0.5251691,0.66279626,2.0463898,0.14173098
3235,0.6467989,0.6683369,2.4117718,0.111497134
3236,0.6065487,0.7225088,2.0328722,0.13932495
3237,0.5357422,0.6167664,2.3772855,0.13048388
3238,0.5810128,0.72898835,2.252446,0.048975214
3239,0.6480297,0.6607146,2.1276634,0.17940888
3240,0.735608,0.7436998,2.2914085,0.1495579
3241,0.60515904,0.76611805,1.9859146,0.118778765
3242,0.61063534,0.6541332,2.2865548,0.10572051
3243,0.5445309,0.7270514,2.1961038,0.12519917
3244,0.59253013,0.6979552,2.2034523,0.09065076
3245,0.67333084,0.6935028,2.158074,0.12538013
3246,0.57305896,0.7122583,2.2056298,0.14937377
3247,0.6663108,0.8216899,2.1219707,0.07900776
3248,0.6127185,0.76259625,2.2039924,0.2300368
3249,0.5528917,0.7063853,2.0401685,0.14389655
3250,0.70395875,0.57984084,2.1131504,0.15467805
3251,0.5512728,0.83855957,2.2002947,0.11044562
3252,0.70429105,0.73551375,2.2333243,0.060306437
3253,0.610115,0.7686043,2.1832151,0.14369057
3254,0.66395307,0.74810827,2.126085,0.1229779
3255,0.6947522,0.6571085,2.2858028,0.15400949
3256,0.5766565,0.6854045,2.1368916,0.11438639
3257,0.58514947,0.6092069,2.2155719,0.10414166
3258,0.6586031,0.6898371,2.0273395,0.14578389
3259,0.6648353,0.707478,2.157282,0.14521272
3260,0.641277,0.8088009,2.0516758,0.10063541
3261,0.6402328,0.6755523,1.9296223,0.17461903
3262,0.60430616,0.71391904,2.2109773,0.15623477
3263,0.49538046,0.77380675,2.0770428,0.14742243
3264,0.511985,0.7385277,2.1161635,0.09867285
3265,0.58049697,0.65720004,2.2614813,0.11186517
3266,0.65198386,0.71208423,2.0530603,0.13775612
3267,0.5627444,0.681654,2.0508945,0.1428252
3268,0.6244805,0.6883857,1.7942461,0.10310663
3269,0.6543002,0.6276604,1.9688972,0.18253388
3270,0.5333824,0.7338651,2.1690168,0.118951984
3271,0.4909771,0.672948,1.9678655,0.15268347
3272,0.5561784,0.71849066,2.0239444,0.14802559
3273,0.5685612,0.69996095,2.0268228,0.080957904
3274,0.5925372,0.64109945,2.0038166,0.17097409
3275,0.55922943,0.70376784,2.076538,0.052609615
3276,0.6066208,0.7192324,2.1348724,0.116464294
3277,0.6273657,0.71057224,2.0945065,0.1936909
3278,0.5710752,0.66515416,2.1825964,0.1272797
3279,0.5610418,0.70375955,2.0800776,0.1282593
3280,0.6067203,0.6700573,2.4090488,0.17002018
3281,0.60779804,0.7379835,2.1518104,0.16262813
3282,0.57346094,0.6471141,2.1245503,0.06954008
3283,0.5538317,0.67541933,2.2522075,0.07245773
3284,0.6009108,0.788243,1.8862915,0.15229495
3285,0.57311064,0.7225829,2.251992,0.13329755
3286,0.55035746,0.6688212,2.1602402,0.17953555
3287,0.713254,0.6852051,2.1782434,0.13122833
3288,0.67548877,0.76918024,2.1520302,0.12234855
3289,0.6246213,0.677255,2.1676126,0.14391166
3290,0.4596333,0.7518933,2.0422554,0.10619417
3291,0.7024799,0.7240538,2.3748226,0.16586986
3292,0.6300944,0.64459664,2.2468712,0.11247127
3293,0.6385994,0.6686724,2.22123,0.158519
3294,0.59804076,0.72750694,2.343697,0.15233915
3295,0.6623736,0.6571963,2.1932242,0.113864735
3296,0.5965118,0.60742915,2.0108848,0.13846964
3297,0.48938408,0.6660929,2.0707557,0.082730524
3298,0.614818,0.6935869,2.0110767,0.13193
3299,0.5681361,0.7208847,2.071029,0.10510186
3300,0.593988,0.7211507,2.0746002,0.13488883
3301,0.492404,0.6769138,1.9177074,0.12458413
3302,0.66620994,0.63929355,2.1580293,0.14298002
3303,0.6723759,0.75385356,1.9590542,0.13929003
3304,0.5407091,0.7236648,2.1417322,0.13689584
3305,0.5503108,0.7603025,2.033696,0.07983505
3306,0.6452707,0.79117084,2.1085136,0.09057331
3307,0.5626408,0.68979037,2.2319124,0.10017653
3308,0.6526115,0.70702696,2.127968,0.17398307
3309,0.67519075,0.6653153,2.2161624,0.13792615
3310,0.61729336,0.6835061,2.390022,0.16394553
3311,0.6600876,0.64912313,2.2769613,0.10227395
3312,0.6808075,0.6651544,2.1508079,0.17158614
3313,0.65350246,0.66803217,2.1611116,0.13745104
3314,0.52337474,0.76214707,1.9854083,0.106809944
3315,0.5642138,0.7098953,2.1221619,0.1844175
3316,0.66028965,0.6115669,2.0752149,0.13991609
3317,0.5661499,0.7187027,2.0334077,0.14603683
3318,0.7323538,0.64848155,2.052326,0.17329729
3319,0.59342223,0.7437841,2.1601796,0.16759956
3320,0.59597516,0.64950126,2.0404875,0.18351753
3321,0.6340704,0.7434579,2.0359254,0.07246552
3322,0.6451701,0.64111865,2.1954563,0.14374788
3323,0.53338087,0.67345464,2.0316927,0.106612995
3324,0.50311834,0.7340844,2.1765103,0.1410988
3325,0.42514807,0.71232283,2.0929399,0.100193165
3326,0.58201784,0.74945647,2.210608,0.12369607
3327,0.37211642,0.6955337,2.247122,0.11798622
3328,0.60131234,0.7135326,2.1615868,0.21550627
3329,0.6614312,0.67581946,2.0364344,0.15380819
3330,0.5179763,0.74209994,2.0724392,0.10417565
3331,0.68520427,0.6811346,2.2315443,0.112417914
3332,0.595192,0.69390047,2.088667,0.08746304
3333,0.48521382,0.71931624,2.106022,0.13488033
3334,0.6917302,0.77404964,1.9667913,0.029843962
3335,0.6103291,0.662496,2.1801887,0.14051002
3336,0.5513882,0.7397919,2.1851568,0.12171975
3337,0.5576836,0.7856437,2.0438683,0.13358304
3338,0.7007138,0.6733654,2.0645897,0.14562193
3339,0.5507043,0.7541867,2.0402114,0.14225085
3340,0.6555632,0.71675867,1.994998,0.19577716
3341,0.61147255,0.7926055,2.2199948,0.105832234
3342,0.646852,0.7253006,2.0780697,0.17096218
3343,0.5593339,0.70957214,2.0743904,0.13689125
3344,0.5960567,0.705115,2.191903,0.12682907
3345,0.56417793,0.6813754,2.1449246,0.143131
3346,0.5411118,0.70696485,2.103827,0.15643328
3347,0.6633777,0.7160398,2.2296493,0.1746541
3348,0.5690916,0.6351855,2.0555868,0.11369721
3349,0.71777344,0.7510454,2.0370097,0.16745493
3350,0.7064479,0.7181879,2.1346238,0.103752494
3351,0.53493,0.5960778,2.2168896,0.100641884
3352,0.4932993,0.6854183,1.8878118,0.157196
3353,0.45389572,0.6293786,2.2204661,0.09270007
3354,0.55134183,0.64690113,2.3310928,0.094561584
3355,0.520599,0.7627581,2.309965,0.13235411
3356,0.5223044,0.6918503,2.0319328,0.12963751
3357,0.666155,0.7279121,1.9730953,0.14023453
3358,0.6616411,0.63796896,2.1729934,0.13106473
3359,0.6298976,0.68812543,2.1480384,0.10601479
3360,0.6482399,0.7497122,2.1892684,0.16502135
3361,0.6235912,0.73167115,2.2014298,0.06789847
3362,0.53600097,0.68210655,2.0731292,0.12988545
3363,0.6143492,0.69177073,1.9175546,0.15673526
3364,0.7134938,0.7120175,2.1824162,0.1798651
3365,0.5119171,0.70875216,2.1061082,0.15931286
3366,0.598475,0.71768284,1.9776585,0.17138752
3367,0.45412806,0.77195936,2.0414078,0.13659242
3368,0.47645676,0.7248381,2.0074356,0.12772922
3369,0.6312753,0.57011265,2.1325505,0.10888934
3370,0.639387,0.7478364,2.2215214,0.15658434
3371,0.64599884,0.77930677,2.3892992,0.09217478
3372,0.52921414,0.7467506,1.964413,0.10082754
3373,0.5378742,0.77968514,2.1521077,0.17394598
3374,0.6493295,0.7270552,2.0492983,0.1471027
3375,0.5975235,0.7405577,2.1291294,0.15368074
3376,0.5388691,0.68042094,2.0439596,0.15927944
3377,0.6432867,0.73360497,2.4106078,0.09037325
3378,0.6415683,0.81960195,2.076404,0.11547157
3379,0.48843288,0.7105068,1.9793609,0.15978205
3380,0.51209086,0.8774102,2.1734102,0.13261749
3381,0.6044843,0.7012551,2.2615871,0.12133654
3382,0.48415327,0.7383912,2.0122266,0.12043099
3383,0.59409183,0.69095373,2.1008298,0.13179715
3384,0.44189507,0.69041127,2.0814056,0.12006917
3385,0.5202746,0.72402173,2.1916032,0.13550021
3386,0.5952523,0.7818122,2.1544392,0.15800753
3387,0.5493099,0.7881128,2.0810955,0.118222356
3388,0.6315046,0.6851288,2.1306143,0.12345853
3389,0.60908973,0.70811796,2.214896,0.17845024
3390,0.6566475,0.6633621,2.2234275,0.14462069
3391,0.5853756,0.6973677,2.0244913,0.08263202
3392,0.5392015,0.763258,2.449672,0.1391476
3393,0.567769,0.83286035,2.1680236,0.16070104
3394,0.4117119,0.73916376,1.9131823,0.1846543
3395,0.6062659,0.7579471,1.9446286,0.13706288
3396,0.5482379,0.72297925,2.058996,0.13383786
3397,0.6370335,0.6671476,2.1954346,0.13006501
3398,0.5817609,0.790036,2.3577166,0.1384971
3399,0.66346145,0.68761057,2.0379815,0.119649544
3400,0.7018125,0.58743834,2.2603214,0.15708843
3401,0.7115761,0.6586734,2.023026,0.15538114
3402,0.4771892,0.69390345,2.0430458,0.1502002
3403,0.52345437,0.75023925,2.123409,0.160198
3404,0.6632516,0.67949575,2.062321,0.13652672
3405,0.70854807,0.77490497,2.1009512,0.17374186
3406,0.67512786,0.6376658,2.283211,0.16745768
3407,0.56629604,0.6627478,2.1402628,0.14548086
3408,0.5916418,0.6604061,2.1664245,0.097123176
3409,0.6762465,0.65214324,2.1790905,0.1309079
3410,0.5928876,0.68922776,2.3753116,0.16314685
3411,0.6206965,0.7208835,2.0694368,0.14183778
3412,0.6446685,0.629849,1.837368,0.08620356
3413,0.51134044,0.7471741,2.3378098,0.16506979
3414,0.5939365,0.75975114,2.1784723,0.15922336
3415,0.67105937,0.6945294,2.1782455,0.17306991
3416,0.53006756,0.71595216,2.1709685,0.14599223
3417,0.51908064,0.7151416,2.0064821,0.08852746
3418,0.6614565,0.6942502,2.1406777,0.13004644
3419,0.7464528,0.7303776,2.300654,0.13101481
3420,0.5284694,0.6959234,2.2549844,0.16453704
3421,0.5917187,0.73125017,2.2367978,0.109257594
3422,0.54026335,0.79934776,2.318115,0.124551564
3423,0.44855097,0.6574283,2.042843,0.12280906
3424,0.6188703,0.61248106,1.9208214,0.15464483
3425,0.6475013,0.7892586,2.1404548,0.12204281
3426,0.5632829,0.76663864,2.1799154,0.09244257
3427,0.57303894,0.7949346,2.0669231,0.15379977
3428,0.6139562,0.65951395,2.2796586,0.13130455
3429,0.7627696,0.7388223,2.1584322,0.089379504
3430,0.5136006,0.74464583,2.0245245,0.13064103
3431,0.56609815,0.71248657,2.0856183,0.14392455
3432,0.64793855,0.65184975,2.3999887,0.1284965
3433,0.47959232,0.7103536,2.3299274,0.07411214
3434,0.60709107,0.669313,2.1886544,0.1337749
3435,0.6046467,0.74267244,2.0650775,0.09898791
3436,0.6809784,0.6691022,2.234344,0.11469816
3437,0.6221645,0.72885174,2.2849336,0.11177851
3438,0.58370906,0.6354654,2.032416,0.12067983
3439,0.6990757,0.6447645,2.3691635,0.1354905
3440,0.655959,0.73018837,2.0974028,0.115579836
3441,0.6443191,0.7572596,2.2176318,0.117265254
3442,0.44044697,0.76514685,2.1063743,0.115520805
3443,0.5881662,0.62017643,2.2617548,0.13186759
3444,0.60707396,0.8031455,2.1474764,0.1360542
3445,0.7342689,0.6481081,2.307623,0.15434605
3446,0.66176707,0.6711653,2.2116356,0.13316493
3447,0.65042627,0.7650155,2.1477506,0.13536887
3448,0.51085514,0.7032856,2.2091565,0.0880039
3449,0.4818786,0.70135444,2.0378623,0.12568796
3450,0.72483766,0.77685475,2.1828716,0.11207112
3451,0.680158,0.6129293,2.0623405,0.13876028
3452,0.562413,0.6952987,2.0279026,0.1548194
3453,0.4643627,0.64823514,1.9190176,0.13155988
3454,0.6119048,0.6776263,2.2174025,0.14848934
3455,0.6689951,0.65978223,2.1076465,0.16978094
3456,0.5431776,0.78088766,2.1009166,0.1389475
3457,0.65833807,0.6756518,2.1094413,0.1434718
3458,0.41631502,0.6518998,2.078913,0.13476224
3459,0.5928494,0.66453665,2.398881,0.12817302
3460,0.50968623,0.7069137,2.0494955,0.12928222
3461,0.52623254,0.8107332,2.1269689,0.081987925
3462,0.49904677,0.7092359,2.105258,0.15561144
3463,0.71667707,0.6285596,2.0327134,0.1475401
3464,0.6301888,0.71577287,2.1769173,0.18360387
3465,0.58411455,0.79376,2.1503117,0.14940116
3466,0.5672066,0.65247786,2.2765908,0.15781565
3467,0.69043756,0.666997,1.9374229,0.13987198
3468,0.5356348,0.6317776,2.2835877,0.120009735
3469,0.5211587,0.72090006,2.1616747,0.12552649
3470,0.59012127,0.61916125,2.1355047,0.1820686
3471,0.7022749,0.7282628,2.1794803,0.10240675
3472,0.7031839,0.64428186,2.1995568,0.13252524
3473,0.58798146,0.6819697,2.085983,0.13951391
3474,0.6455263,0.63354194,2.1122572,0.11799971
3475,0.4624432,0.7222412,2.119615,0.12816179
3476,0.55134326,0.73215985,2.2126505,0.13808468
3477,0.5873378,0.6604952,2.3430367,0.09910953
3478,0.67850536,0.648222,2.1654727,0.13992074
3479,0.6633353,0.7605503,2.1602104,0.20031819
3480,0.7103874,0.73560166,2.1641965,0.13545686
3481,0.66509306,0.7294323,2.1512377,0.1334611
3482,0.5862792,0.71564233,2.0896406,0.17351463
3483,0.70856637,0.657605,2.2313704,0.15185088
3484,0.56651294,0.6096172,2.3219478,0.15439345
3485,0.5696918,0.7738437,2.1847804,0.11971001
3486,0.7164662,0.6915933,2.2101698,0.13491908
3487,0.56086886,0.7711978,2.159103,0.11769194
3488,0.6257648,0.70992047,2.031042,0.19030845
3489,0.6255926,0.7742345,2.1647935,0.14559226
3490,0.69963455,0.6401107,2.279054,0.099330254
3491,0.4738967,0.74075013,2.0031416,0.13253067
3492,0.6281065,0.7255042,2.3379133,0.099739365
3493,0.61384904,0.70384073,2.101148,0.15909283
3494,0.5569192,0.7902332,2.2625847,0.11332982
3495,0.3930085,0.74447066,1.9814465,0.15391855
3496,0.6903321,0.7499155,2.283434,0.18502899
3497,0.48090357,0.73107177,2.033654,0.057323877
3498,0.5804303,0.69427985,2.132963,0.16298072
3499,0.5449982,0.7525211,2.0667255,0.09460412
3500,0.5169743,0.6875435,2.0991328,0.084254846
3501,0.5284805,0.6361001,2.0256171,0.12979388
3502,0.5571355,0.781413,2.2534418,0.07170052
3503,0.6428715,0.71907175,2.2324402,0.15788986
3504,0.6083334,0.6813594,2.3189332,0.13479985
3505,0.6472797,0.6835067,2.060904,0.14425856
3506,0.54178727,0.6992449,2.079434,0.12181411
3507,0.6111024,0.77672815,2.2429183,0.11419074
3508,0.6397353,0.6902623,2.3264604,0.12880443
3509,0.7649747,0.66316944,1.973821,0.15077344
3510,0.4875075,0.7181219,2.146282,0.16685371
3511,0.7040554,0.6725305,2.203943,0.18784899
3512,0.7002333,0.6435689,2.2722266,0.1624483
3513,0.6686417,0.7242467,2.0575356,0.13902016
3514,0.62956315,0.7415241,2.2288363,0.15438092
3515,0.5983844,0.7622406,2.1373718,0.15135424
3516,0.59253114,0.7062613,2.0185285,0.19002382
3517,0.49259114,0.76468074,2.288231,0.0984822
3518,0.6344832,0.72142005,2.0445595,0.10671382
3519,0.57636863,0.5775951,2.0356653,0.15723021
3520,0.61576074,0.70088524,2.06242,0.14825007
3521,0.58408254,0.8206523,2.09867,0.11132035
3522,0.60157424,0.71996576,2.052865,0.17368348
3523,0.63348585,0.6978892,2.1176386,0.13321434
3524,0.5827625,0.80586356,2.2181923,0.13404746
3525,0.56666386,0.7320881,2.2135563,0.084230326
3526,0.63351405,0.6517865,2.2162278,0.120897554
3527,0.63694453,0.7925282,2.2999485,0.17532721
3528,0.6284302,0.7906671,2.1557536,0.11790009
3529,0.6138589,0.7680318,2.028338,0.1763446
3530,0.50214636,0.755082,2.132753,0.1247842
3531,0.6002966,0.5941006,2.1424901,0.10459688
3532,0.6694865,0.67739576,2.0169413,0.14133054
3533,0.5193026,0.74384034,2.0639427,0.19522625
3534,0.47578284,0.7598845,2.0865746,0.10536059
3535,0.72016203,0.76222706,2.1675563,0.16682191
3536,0.52712744,0.7133781,2.2387276,0.13323052
3537,0.66355443,0.7623682,2.2136683,0.0952132
3538,0.6923242,0.7247067,2.1042962,0.14582555
3539,0.49331978,0.74627405,2.199379,0.09587794
3540,0.4720758,0.7018994,2.140308,0.15262964
3541,0.554836,0.7660386,2.2011995,0.14825147
3542,0.5388062,0.68505436,2.1342611,0.14313015
3543,0.56710124,0.8084999,1.9381717,0.16098793
3544,0.5085805,0.7314707,2.1210105,0.10101023
3545,0.5803256,0.746206,2.2661688,0.15162818
3546,0.6402482,0.79456246,2.3698587,0.16042468
3547,0.5387663,0.7536183,2.3968616,0.13810022
3548,0.6311709,0.6654089,2.3656342,0.13478589
3549,0.7157264,0.7262182,2.1389198,0.08229288
3550,0.64393455,0.6583818,1.9690216,0.16924858
3551,0.69009495,0.77752125,2.1537664,0.16529651
3552,0.58627737,0.7427325,2.2417462,0.1290478
3553,0.5750705,0.76528364,2.2787988,0.0831984
3554,0.52102566,0.69447875,2.0106156,0.14557481
3555,0.48094293,0.7110589,2.2220461,0.17393507
3556,0.67828023,0.66800517,2.1756268,0.17369899
3557,0.6857796,0.75387126,2.0213926,0.107697874
3558,0.6168864,0.7291308,2.0087233,0.115657
3559,0.55762166,0.7350866,2.1413078,0.104294956
3560,0.52646697,0.6790262,2.189585,0.14884065
3561,0.46460173,0.7247102,2.1507168,0.14020605
3562,0.61126107,0.71511173,2.3025455,0.15232132
3563,0.62655646,0.6298169,2.2381,0.117932945
3564,0.46965098,0.7134015,2.1140878,0.08345457
3565,0.47740918,0.6698924,2.052844,0.15723027
3566,0.5615955,0.6830169,2.1278067,0.09162777
3567,0.6382381,0.6844942,2.347707,0.12063178
3568,0.63744277,0.76406354,2.285594,0.123276964
3569,0.482978,0.753969,2.0405307,0.117053956
3570,0.5187051,0.7331787,2.0344672,0.11495837
3571,0.6425827,0.65490586,2.143215,0.14047638
3572,0.68764555,0.731918,2.2207398,0.14488396
3573,0.5999811,0.67734617,2.0475748,0.22979556
3574,0.58899164,0.6737228,2.0858757,0.17194471
3575,0.59348214,0.7724736,2.101959,0.124491595
3576,0.5537936,0.756358,2.1318192,0.16100116
3577,0.5350866,0.71156937,2.1232555,0.120653465
3578,0.5880515,0.73225397,2.2506855,0.08428369
3579,0.6225058,0.741507,2.0588276,0.1286777
3580,0.58276373,0.64542764,2.275684,0.17268237
3581,0.5472201,0.65470314,2.2399728,0.13619196
3582,0.4271545,0.64602935,2.2377493,0.11294815
3583,0.64499635,0.7930772,2.0569317,0.066641785
3584,0.49846995,0.7468162,2.117915,0.12915862
3585,0.5793636,0.63357675,2.12672,0.11300202
3586,0.5458563,0.7109019,2.1350527,0.13882567
3587,0.6101707,0.733159,2.1024473,0.12206359
3588,0.62337416,0.82036006,2.1957388,0.11733747
3589,0.57870436,0.7244507,2.195552,0.14361794
3590,0.70785964,0.6340285,2.0602293,0.13909927
3591,0.68112844,0.74481624,2.1357343,0.12695532
3592,0.62785226,0.73791385,2.2225199,0.12853856
3593,0.6837153,0.6464699,2.0979543,0.14240025
3594,0.5558092,0.7279188,2.1142771,0.15978414
3595,0.5725182,0.73200303,2.0877717,0.1304327
3596,0.6321923,0.76021653,2.135689,0.12541488
3597,0.59461606,0.7962285,2.2274063,0.14832984
3598,0.6270768,0.82613546,2.1081522,0.16401549
3599,0.5469206,0.7526515,2.1602635,0.12546945
3600,0.6786442,0.7191525,1.9356898,0.1857516
3601,0.6750647,0.7141067,2.3984294,0.15440679
3602,0.62180394,0.7428032,2.2049668,0.1431432
3603,0.6392993,0.7167039,2.0828836,0.14520428
3604,0.5566322,0.6511382,2.0085592,0.15107925
3605,0.6283989,0.6632333,2.1863005,0.11365668
3606,0.63387597,0.6492107,2.2448509,0.093625054
3607,0.68643403,0.66822445,2.2883964,0.16295256
3608,0.6609925,0.67868817,2.1638322,0.1802928
3609,0.6380636,0.6405325,2.2517033,0.09359407
3610,0.57623166,0.66971457,2.1709278,0.18016358
3611,0.6752852,0.6937572,2.293998,0.106476955
3612,0.5428043,0.734404,2.1949785,0.14551917
3613,0.43843997,0.6473055,2.3302875,0.14480217
3614,0.6044335,0.67906356,2.038807,0.16244118
3615,0.7267989,0.63260394,2.1128652,0.08818346
3616,0.5277229,0.80196625,2.2349093,0.061140712
3617,0.6837797,0.7146232,1.9700291,0.19192193
3618,0.670194,0.66748697,2.1965935,0.12764771
3619,0.4793342,0.790135,2.1300042,0.13921721
3620,0.4881616,0.7959412,2.1422079,0.09188521
3621,0.5567372,0.76823384,2.0450983,0.12134796
3622,0.52902824,0.7359627,2.093779,0.21853212
3623,0.46459597,0.68804824,1.9655279,0.092496745
3624,0.42751336,0.770012,2.1599953,0.10350985
3625,0.47703996,0.733573,2.227984,0.17609252
3626,0.63714933,0.81998485,2.1015503,0.1460717
3627,0.68793935,0.8135394,2.117973,0.12206816
3628,0.5772434,0.6644786,2.1133323,0.15433295
3629,0.5978855,0.6580056,2.187284,0.15121908
3630,0.648364,0.6728817,2.137753,0.13446864
3631,0.52631587,0.66168773,2.3915136,0.09004879
3632,0.46412262,0.63371634,2.1571016,0.12302933
3633,0.65304005,0.6322062,1.9804555,0.13355018
3634,0.5802253,0.81049913,2.2019863,0.14416191
3635,0.6407024,0.6643772,2.3074183,0.14848362
3636,0.68004876,0.7115488,2.1295536,0.15671447
3637,0.5833105,0.6976369,2.3549006,0.12917762
3638,0.5420203,0.7647158,2.1744776,0.17203984
3639,0.6610241,0.74405646,2.1715498,0.17498052
3640,0.51528937,0.80596423,2.064851,0.13568161
3641,0.7150243,0.73992836,2.229072,0.15261501
3642,0.6218524,0.6776556,2.004843,0.16670191
3643,0.46677947,0.7022682,2.131486,0.098060824
3644,0.527177,0.72151977,2.1007934,0.1474271
3645,0.65836036,0.7707086,2.0046237,0.1651968
3646,0.67802733,0.7502191,1.9769554,0.17856735
3647,0.7341352,0.71986264,2.226368,0.14460589
3648,0.51398706,0.757912,2.2026303,0.13705918
3649,0.49201864,0.675334,1.9854004,0.17556554
3650,0.6558391,0.7109252,2.229484,0.07886632
3651,0.5769247,0.64163977,2.0254593,0.13282222
3652,0.5517102,0.6786212,2.130765,0.1392643
3653,0.6434594,0.64037657,2.2520776,0.1688177
3654,0.7142581,0.6489315,2.182028,0.17658469
3655,0.4782462,0.7626107,2.1557271,0.14188589
3656,0.6497464,0.7809295,2.0186613,0.13705845
3657,0.5376099,0.684926,2.0132518,0.12135282
3658,0.5641287,0.73123616,2.0321665,0.13468212
3659,0.652117,0.77010804,2.0282567,0.15697409
3660,0.6914986,0.7362502,2.3097007,0.16974391
3661,0.6880125,0.7088833,1.9712006,0.16776772
3662,0.7297653,0.6700353,2.2807422,0.14605884
3663,0.6627834,0.76941496,2.288224,0.12549779
3664,0.705515,0.8186236,2.2460341,0.1347016
3665,0.5747635,0.7132296,2.2212017,0.13258879
3666,0.6430291,0.7279492,1.9311492,0.13124725
3667,0.66160446,0.742907,2.1626666,0.16287646
3668,0.63036025,0.69762075,2.0642154,0.1428876
3669,0.6314281,0.683102,2.0687544,0.109791234
3670,0.59077555,0.7771584,2.020256,0.14214009
3671,0.52798116,0.75300246,1.9679136,0.12224252
3672,0.6141699,0.7787651,1.9925021,0.14806828
3673,0.6796692,0.60257334,2.1748276,0.17799675
3674,0.5890463,0.6650859,2.072839,0.11747081
3675,0.6254791,0.62232506,2.1858494,0.14653988
3676,0.6088877,0.5931107,2.025156,0.15337406
3677,0.63919556,0.6612423,2.1222565,0.11750364
3678,0.61471844,0.67747355,2.0871787,0.12627102
3679,0.6698898,0.75114214,2.2029064,0.19316296
3680,0.5497681,0.80911154,2.2479732,0.14695193
3681,0.48006275,0.6685558,2.075109,0.09046886
3682,0.50680697,0.7295159,2.146993,0.15035842
3683,0.23172618,0.75680125,2.0367858,0.113293685
3684,0.55994695,0.7863458,2.077851,0.11814022
3685,0.5447115,0.6662091,2.1787977,0.0892285
3686,0.67110884,0.59937054,2.0499477,0.21874487
3687,0.6659213,0.70926994,2.1524534,0.10249505
3688,0.48209932,0.82346046,1.9929594,0.108316705
3689,0.5677037,0.7845294,2.1575162,0.1872391
3690,0.70651346,0.64880663,2.2405882,0.1377342
3691,0.6284788,0.60436624,2.0650556,0.13617878
3692,0.5648534,0.6893379,2.1340973,0.08107025
3693,0.57392824,0.7217774,2.064394,0.16101936
3694,0.51538837,0.68008465,2.1880882,0.1373303
3695,0.6383093,0.7274621,2.234306,0.15904051
3696,0.62362707,0.65599644,2.2560883,0.082967766
3697,0.6899848,0.7422994,2.0301914,0.17061758
3698,0.5286511,0.757692,2.162862,0.16799182
3699,0.55073994,0.7924267,2.1013973,0.1849812
3700,0.5850343,0.76548904,2.218329,0.18485217
3701,0.6095801,0.78082,2.1892433,0.14783558
3702,0.62288857,0.76907295,2.039569,0.18856925
3703,0.6731615,0.6191673,2.317796,0.15212367
3704,0.7834781,0.67034453,2.1929862,0.1503708
3705,0.5478997,0.73764074,1.9311986,0.19269946
3706,0.53555816,0.7128398,2.0060725,0.1478752
3707,0.65674776,0.7310095,2.1691318,0.18497548
3708,0.6810176,0.71795017,2.0615149,0.11784639
3709,0.5858197,0.7243725,2.0368598,0.14278035
3710,0.6440268,0.7234558,2.129939,0.14697279
3711,0.5371771,0.7414035,2.3462858,0.08491954
3712,0.65557945,0.70498335,2.1456687,0.09993834
3713,0.58796126,0.7714677,2.2639482,0.120921135
3714,0.56231403,0.7345977,2.3733032,0.17671338
3715,0.565726,0.71659404,2.1078727,0.06105898
3716,0.4664342,0.7089635,2.0173495,0.15527266
3717,0.5121033,0.7661169,2.1685863,0.10325518
3718,0.6835954,0.6477574,2.2398467,0.13686176
3719,0.59371555,0.73682284,2.107129,0.11320999
3720,0.64443517,0.7020561,2.1836677,0.13870193
3721,0.5809157,0.73036283,1.9860597,0.09774161
3722,0.55719775,0.6953889,2.1383576,0.15907817
3723,0.6581884,0.7060035,2.0888371,0.09828755
3724,0.5654513,0.6569753,2.0453765,0.16908549
3725,0.56422186,0.7963738,2.0755029,0.13696308
3726,0.48817486,0.7927252,2.07817,0.095637836
3727,0.54762226,0.69674397,2.247843,0.1305886
3728,0.43993524,0.7092388,2.1341014,0.1687491
3729,0.7506306,0.72527885,2.2948422,0.14538656
3730,0.5931635,0.70719075,2.063442,0.11570139
3731,0.44524348,0.7429769,1.9496183,0.1328809
3732,0.5937983,0.8231707,2.290003,0.14178209
3733,0.67190623,0.8283246,2.150779,0.14267993
3734,0.5875959,0.810171,2.0788774,0.16023956
3735,0.6723527,0.7482496,2.1738138,0.1703258
3736,0.6591067,0.71938974,2.0337338,0.15408868
3737,0.5447925,0.6330522,2.0609753,0.17434348
3738,0.6359359,0.7090848,2.299331,0.101701096
3739,0.7105825,0.67749685,2.2762463,0.15672359
3740,0.557689,0.77579474,2.0115657,0.17187531
3741,0.5648342,0.79445416,2.1905189,0.17340684
3742,0.51918495,0.72197706,1.9696404,0.15968722
3743,0.7426734,0.7203464,2.4679403,0.10411115
3744,0.4545929,0.7541069,2.041214,0.14337562
3745,0.71755296,0.7741325,2.2753007,0.113127045
3746,0.6509377,0.5889416,2.0947888,0.10786994
3747,0.5401366,0.723139,2.0733392,0.1543775
3748,0.6838587,0.73444206,2.013697,0.17399698
3749,0.47685528,0.64859885,2.2505136,0.13822336
3750,0.4909324,0.6350571,2.0435798,0.12570824
3751,0.46433124,0.7014322,2.1479127,0.09722475
3752,0.6484273,0.70887417,2.1269953,0.11371363
3753,0.6490321,0.79811406,2.2740169,0.10718877
3754,0.58357596,0.72438717,2.0492635,0.15415198
3755,0.60009277,0.7059691,2.0687842,0.10487297
3756,0.56931704,0.72628105,2.1772916,0.17883727
3757,0.60447145,0.74444705,2.225424,0.12596254
3758,0.725852,0.7278338,2.090045,0.12835968
3759,0.6768066,0.5890704,1.9461895,0.13924435
3760,0.6424929,0.75275105,2.1057937,0.1602953
3761,0.64162236,0.70132214,2.0330207,0.17605925
3762,0.6657925,0.685169,2.1978984,0.16596997
3763,0.63877153,0.718379,2.3859012,0.1720724
3764,0.56097746,0.73338443,2.1675084,0.15837246
3765,0.6408079,0.79462206,2.1864061,0.11927239
3766,0.60847676,0.68166655,2.1250594,0.13834599
3767,0.5729526,0.717888,2.1115425,0.109006755
3768,0.5689115,0.6342827,2.1544366,0.143175
3769,0.63473845,0.6758729,2.1049912,0.17156392
3770,0.61585414,0.66415566,2.0573444,0.1236718
3771,0.50621074,0.7617631,1.9714638,0.10675012
3772,0.5947094,0.6799049,2.2088928,0.10951065
3773,0.65712214,0.63195807,2.2328506,0.100842185
3774,0.6271433,0.7132891,2.1074488,0.10184191
3775,0.5302699,0.7016888,2.225668,0.115964994
3776,0.6095234,0.6563588,2.2538404,0.10404235
3777,0.5568364,0.8111645,2.2382827,0.13679738
3778,0.4496898,0.70890045,2.1518528,0.09203735
3779,0.4281568,0.7142602,2.104319,0.14576444
3780,0.44851065,0.72061515,2.0616739,0.14612189
3781,0.652229,0.7178422,2.1823337,0.1571775
3782,0.5029329,0.77279526,2.2730088,0.14165197
3783,0.50774205,0.77788025,2.1647944,0.18988954
3784,0.6149717,0.6577898,2.1286852,0.13428505
3785,0.60322785,0.7494096,2.1122327,0.18434486
3786,0.56649494,0.74283975,2.0865426,0.15399225
3787,0.69767576,0.763915,2.1817138,0.1487656
3788,0.64593244,0.74157155,2.3103945,0.17015947
3789,0.58348733,0.76792574,2.2663171,0.15433976
3790,0.60954595,0.7236148,2.1686275,0.11962287
3791,0.5740031,0.7690698,2.2371151,0.1662236
3792,0.64324427,0.70525247,2.0408025,0.13622043
3793,0.64710593,0.69008565,2.04645,0.13534877
3794,0.5273286,0.8125456,2.1027484,0.11550575
3795,0.61626494,0.77159446,2.1770272,0.115964614
3796,0.44265065,0.5704747,2.1671584,0.12154734
3797,0.58267784,0.8191483,2.0760183,0.16980618
3798,0.6945499,0.615651,2.091666,0.16386913
3799,0.5271778,0.7037936,2.2091274,0.09285778
3800,0.68814933,0.6550063,2.404489,0.16815093
3801,0.6722957,0.81728756,2.03801,0.118961304
3802,0.51581085,0.6525336,2.1893768,0.12512474
3803,0.5120925,0.7562595,2.0564575,0.16577613
3804,0.61956203,0.68911546,1.9620067,0.13021682
3805,0.47932696,0.6970724,2.107535,0.14302354
3806,0.5484865,0.7218339,2.1476777,0.084621735
3807,0.3982334,0.70377403,1.965845,0.12036151
3808,0.70314467,0.72841096,2.110239,0.1443007
3809,0.5498111,0.7833148,2.065804,0.17048308
3810,0.50524676,0.70696026,2.144368,0.13213035
3811,0.5334093,0.7097688,2.195952,0.10987132
3812,0.5406945,0.7950276,2.00782,0.13390805
3813,0.53245986,0.7447718,1.9667368,0.16270253
3814,0.63305867,0.7042004,2.1395075,0.1334074
3815,0.6025557,0.6732172,2.1566684,0.19820789
3816,0.5370649,0.8383962,2.0756223,0.1490286
3817,0.62749267,0.7426653,2.0299184,0.16550219
3818,0.54405785,0.80552334,2.0021982,0.13759272
3819,0.58843774,0.72744393,2.1804402,0.12094232
3820,0.55813205,0.726401,2.1354542,0.063098505
3821,0.58840626,0.67415535,2.1917963,0.099622026
3822,0.5482726,0.81158084,2.0962224,0.13208593
3823,0.6735314,0.696282,2.2539885,0.14931707
3824,0.682783,0.70193255,2.0971797,0.14304514
3825,0.4951697,0.70517963,2.2027698,0.12895454
3826,0.58789366,0.7056945,2.2444746,0.10452625
3827,0.5775841,0.5926926,2.2265322,0.10838257
3828,0.5034593,0.6433811,2.1567705,0.09690855
3829,0.6387407,0.7257298,1.9161435,0.14604746
3830,0.5537951,0.6435114,2.2929807,0.15043144
3831,0.5648627,0.7017235,2.0702093,0.11521749
3832,0.54600644,0.7189133,2.2325428,0.11054283
3833,0.43625095,0.6579438,2.0134876,0.17153642
3834,0.55314803,0.75782526,1.9925691,0.1669046
3835,0.5614437,0.7524606,2.0584958,0.15212533
3836,0.57191646,0.6689913,2.0883856,0.14638783
3837,0.48243198,0.7269422,2.20764,0.17920557
3838,0.60461825,0.74735844,2.118804,0.18174338
3839,0.6456189,0.6400914,2.253516,0.10406349
3840,0.5537373,0.7406779,2.1391537,0.056067806
3841,0.7041677,0.67851,2.0723884,0.16536237
3842,0.5573344,0.67033947,2.1131592,0.12853491
3843,0.48503378,0.744694,2.1916037,0.10199223
3844,0.7171219,0.65877604,2.2503037,0.13824129
3845,0.63867086,0.77040076,2.3491654,0.1361392
3846,0.59750915,0.7247691,2.093455,0.10795805
3847,0.6113148,0.74472404,2.369225,0.072538726
3848,0.67044115,0.7621497,2.125157,0.16011508
3849,0.5414431,0.77570635,2.1283605,0.16694474
3850,0.52770984,0.7483866,1.9891325,0.09860807
3851,0.56387156,0.6946562,2.1685076,0.12782535
3852,0.5872832,0.6953206,2.22612,0.11419335
3853,0.6791088,0.727066,2.2021291,0.1330611
3854,0.6645549,0.64619976,2.3647707,0.09430485
3855,0.60623384,0.76858574,2.188252,0.1627209
3856,0.674554,0.72899354,2.15156,0.15625817
3857,0.6085954,0.64010364,2.0757213,0.138698
3858,0.51246977,0.82259524,1.9785092,0.15667193
3859,0.6647388,0.6733526,2.2328496,0.17665634
3860,0.6399122,0.7786477,2.0745802,0.14795704
3861,0.6308167,0.60121286,2.289692,0.07883271
3862,0.6969285,0.72186625,2.2678642,0.20215757
3863,0.73325306,0.815191,2.2595937,0.16891265
3864,0.59617865,0.7158346,1.9908518,0.19351886
3865,0.6029091,0.74484766,1.9474978,0.18817656
3866,0.64691764,0.7230859,2.2339084,0.12640935
3867,0.6749979,0.6626885,2.1781716,0.13747339
3868,0.59704465,0.71766454,1.986981,0.16044296
3869,0.5074704,0.7558544,2.1622581,0.1352876
3870,0.6760592,0.6487214,2.0988986,0.14997998
3871,0.55498016,0.765246,1.9528835,0.13480088
3872,0.62802106,0.7669478,2.1876206,0.18024348
3873,0.6613326,0.7347439,2.0442832,0.1462693
3874,0.571816,0.67355806,2.0960407,0.13905495
3875,0.6703434,0.68402684,2.1028633,0.11681715
3876,0.7141144,0.75870913,2.1204784,0.12737785
3877,0.6271631,0.7453856,2.2756293,0.15972331
3878,0.6628932,0.75064576,2.1070497,0.14459082
3879,0.6203362,0.7722474,2.2092302,0.12518758
3880,0.56150115,0.67117393,2.1856632,0.1326913
3881,0.69494104,0.5877937,2.001343,0.14240539
3882,0.6130452,0.7143691,2.0924954,0.11243644
3883,0.64850277,0.60349464,2.1987653,0.12686007
3884,0.6338603,0.65373886,2.1803489,0.16867854
3885,0.5731472,0.6511535,1.8517418,0.11922384
3886,0.4989548,0.6759904,2.1448884,0.1351889
3887,0.560491,0.70637614,2.102391,0.16699256
3888,0.5799149,0.6796835,2.079476,0.12504633
3889,0.6020675,0.7063688,2.1093469,0.12425846
3890,0.54907674,0.7212923,2.095407,0.10895162
3891,0.75121325,0.69366735,2.1177497,0.1571428
3892,0.59654343,0.5423214,2.1102586,0.0885246
3893,0.45847216,0.77231795,2.0326288,0.1790699
3894,0.710744,0.6701263,2.5181496,0.13585393
3895,0.68664443,0.582353,2.0167127,0.107367136
3896,0.70055246,0.7280148,2.2177129,0.10858429
3897,0.53615695,0.702898,2.4921834,0.052387796
3898,0.6450934,0.7087648,2.201527,0.14791107
3899,0.6685429,0.6670131,2.2801669,0.21784936
3900,0.62476695,0.808153,1.9916021,0.1710475
3901,0.51344305,0.77675515,1.9634733,0.13802254
3902,0.5732758,0.6937609,2.2072794,0.089783736
3903,0.48877418,0.64663655,2.1481178,0.16428581
3904,0.65024287,0.66521126,2.1580153,0.13246463
3905,0.66688204,0.7055572,2.023259,0.15891112
3906,0.5816787,0.74450976,2.1918218,0.10800601
3907,0.63043,0.7033936,2.2091165,0.15854695
3908,0.5505402,0.6226256,2.2695506,0.10331072
3909,0.56699395,0.6327021,1.87986,0.15677689
3910,0.69216704,0.7176286,2.0555782,0.21195404
3911,0.77061737,0.5917713,2.116833,0.079492725
3912,0.56711155,0.75863296,2.1363404,0.15135089
3913,0.5986939,0.683666,2.127942,0.16373125
3914,0.5947998,0.7076321,2.1145747,0.14480893
3915,0.65016073,0.78191626,2.1170592,0.16947962
3916,0.45087397,0.8188642,2.2354193,0.13582808
3917,0.6619172,0.6466408,2.0166857,0.14805283
3918,0.4587414,0.7423416,2.1521513,0.12985998
3919,0.52718914,0.678917,2.1785905,0.16135594
3920,0.5124044,0.67558205,2.1717699,0.15094179
3921,0.64637303,0.6979985,2.2968044,0.08030632
3922,0.6664953,0.6957663,2.2643564,0.114850536
3923,0.57224184,0.70597064,2.2557678,0.14881185
3924,0.5839402,0.6782024,2.1442695,0.12206368
3925,0.6255926,0.7666282,2.1927495,0.13750052
3926,0.47938326,0.7370685,2.1854591,0.14561589
3927,0.5382756,0.7025192,2.0287879,0.059728164
3928,0.5455583,0.6760872,2.1473436,0.10134436
3929,0.62273586,0.65396583,2.3676095,0.102018125
3930,0.43665105,0.65125304,2.0635114,0.07613865
3931,0.57763004,0.72320586,2.1330397,0.14651492
3932,0.59208953,0.6985965,2.0510015,0.13394596
3933,0.506996,0.69784707,2.0770264,0.16495983
3934,0.58609915,0.68899596,2.1240225,0.11825533
3935,0.66661954,0.7395021,2.0509367,0.16251363
3936,0.6493004,0.7834473,2.4182246,0.11866937
3937,0.59223706,0.74236286,2.0792766,0.12647757
3938,0.4795262,0.81090534,2.0018744,0.15268822
3939,0.52752125,0.6173387,2.053037,0.13185826
3940,0.5368618,0.71605766,2.0885732,0.105648
3941,0.6909323,0.6754484,2.137633,0.13154536
3942,0.46260703,0.74362546,1.9760056,0.12193911
3943,0.641892,0.73764116,2.0670114,0.10614423
3944,0.4380481,0.67861027,2.1811843,0.13315669
3945,0.6075365,0.6961644,2.2395232,0.12649967
3946,0.56257594,0.75598234,2.2574158,0.12081898
3947,0.60139805,0.7285526,2.1791418,0.10151702
3948,0.4530415,0.77651954,2.1096132,0.15070692
3949,0.56285995,0.7114773,2.2645755,0.13946755
3950,0.55385894,0.80061466,2.1860332,0.07325542
3951,0.58937037,0.72021055,2.3197486,0.11983631
3952,0.6737607,0.68657637,2.2276793,0.16436027
3953,0.6479826,0.7490802,2.2989655,0.119122714
3954,0.6567409,0.7280815,2.1086867,0.07729797
3955,0.5568867,0.7530035,1.9819052,0.14422788
3956,0.62493265,0.6839994,2.295237,0.1155682
3957,0.62045497,0.73028475,2.1159427,0.16362095
3958,0.6416619,0.6629969,2.075745,0.1440805
3959,0.59436196,0.76277226,1.9566208,0.13518526
3960,0.59740627,0.7786629,2.1191182,0.118040286
3961,0.38088182,0.7249458,2.0469904,0.07118125
3962,0.68480647,0.6558545,2.1540637,0.1315558
3963,0.58887964,0.8057877,2.283327,0.12852454
3964,0.53064585,0.6821715,2.0318346,0.16330577
3965,0.61968935,0.71901923,2.080267,0.11115154
3966,0.554229,0.7198758,2.2098286,0.15242615
3967,0.64516044,0.71880656,2.3149755,0.14524935
3968,0.7026786,0.7353817,2.2466543,0.13099732
3969,0.6191524,0.69017917,2.151523,0.121039435
3970,0.6158732,0.7040971,2.4349234,0.108959064
3971,0.5682584,0.67153335,2.0095692,0.109092414
3972,0.558406,0.6940207,1.9632332,0.16408828
3973,0.69254345,0.70741516,2.1979697,0.08520163
3974,0.45572516,0.7344126,2.1187806,0.13518155
3975,0.62282085,0.694657,2.0363476,0.08652513
3976,0.6453526,0.7410392,1.9748161,0.17344455
3977,0.65870196,0.7501325,2.0382073,0.16922732
3978,0.49563208,0.6409797,2.0091,0.11793602
3979,0.6663471,0.66277266,2.412719,0.11639412
3980,0.70754844,0.69660586,2.0415618,0.11422897
3981,0.6048869,0.81656,1.9818383,0.1711607
3982,0.64797276,0.6106667,2.1813233,0.10565018
3983,0.56675917,0.7476225,2.168198,0.14874461
3984,0.65664005,0.66391397,2.088295,0.12856025
3985,0.55859196,0.7418125,2.3438358,0.07350001
3986,0.63209945,0.6877511,2.1351135,0.109285004
3987,0.61311436,0.6846466,2.2934353,0.12353096
3988,0.66569966,0.6673709,2.1344004,0.13946056
3989,0.51777357,0.71273166,2.2524152,0.056150936
3990,0.584362,0.6597197,2.1472476,0.16175446
3991,0.6860839,0.7268833,2.1297,0.12528487
3992,0.61279917,0.73630863,2.3224874,0.11806493
3993,0.5583705,0.6926801,2.0028937,0.09950632
3994,0.63814354,0.7876246,2.1028438,0.14124261
3995,0.53836286,0.6695757,2.3465686,0.13676107
3996,0.626945,0.7328844,2.105648,0.12297935
3997,0.54431367,0.66282517,2.1893992,0.13952911
3998,0.5363447,0.6895441,2.018266,0.15709493
3999,0.6230416,0.71874225,2.483944,0.10709448
4000,0.661403,0.80300075,2.066122,0.16175252
4001,0.65554863,0.660166,2.12958,0.1305661
4002,0.5936969,0.717609,2.1589158,0.13428813
4003,0.6808527,0.7639651,2.2884798,0.15263224
4004,0.556,0.67488277,2.0540411,0.12668523
4005,0.5092803,0.7955223,1.8938084,0.13666943
4006,0.6200642,0.80098236,2.1646721,0.14755064
4007,0.5485546,0.6631259,2.0546076,0.14602529
4008,0.6411257,0.7031806,2.1360788,0.11859757
4009,0.47210452,0.7879148,2.2066212,0.14137043
4010,0.63871574,0.6531354,2.044988,0.12280025
4011,0.5417693,0.67865413,2.1166613,0.14051606
4012,0.59682834,0.61265606,1.8538954,0.1672082
4013,0.5762101,0.76080614,2.1591885,0.18802185
4014,0.53473896,0.7008277,2.1178262,0.0874887
4015,0.6641366,0.69328535,2.4364464,0.11210424
4016,0.6498743,0.70361567,2.2553337,0.14344943
4017,0.54432815,0.6286362,2.1193767,0.17100492
4018,0.5579123,0.74991083,2.2365296,0.13604973
4019,0.63311535,0.77283347,2.1653779,0.1676462
4020,0.5739843,0.68866026,1.8479236,0.14827633
4021,0.6460873,0.723663,2.0781713,0.15495114
4022,0.56740636,0.80340904,2.1058838,0.13504505
4023,0.6618154,0.6542477,2.325479,0.1583339
4024,0.46972302,0.6497022,2.1259322,0.15466784
4025,0.6539335,0.78089917,2.2112923,0.16624886
4026,0.70601743,0.6710198,2.1498094,0.12328137
4027,0.75053376,0.6836947,2.1355994,0.13008732
4028,0.6713464,0.6512717,2.1012208,0.11678686
4029,0.50099325,0.6994921,2.129719,0.112954356
4030,0.6765808,0.7170748,2.1647236,0.14320251
4031,0.68243325,0.62775123,2.2488587,0.12435465
4032,0.69411254,0.74644566,2.1506474,0.119610175
4033,0.64639354,0.77344686,2.0527334,0.1300117
4034,0.61034834,0.652899,2.1302507,0.14399579
4035,0.65804875,0.77601653,2.2010605,0.15155992
4036,0.6405863,0.7482847,2.1954646,0.14749615
4037,0.6448192,0.85159314,2.2271054,0.17640525
4038,0.67562515,0.6994896,2.0964618,0.13686906
4039,0.431869,0.6877216,2.2176943,0.13979964
4040,0.47999355,0.7360698,2.0914052,0.095246725
4041,0.6843236,0.64146656,2.252045,0.1455188
4042,0.64908034,0.6814748,2.0466802,0.115090355
4043,0.4907321,0.66113394,1.8725493,0.13740768
4044,0.49704134,0.77720606,2.099581,0.11399477
4045,0.6006652,0.7227896,1.8443779,0.16445996
4046,0.5820979,0.6614157,1.9853908,0.084438056
4047,0.6630394,0.584213,2.100551,0.17056102
4048,0.7248483,0.6794825,2.2435672,0.10910245
4049,0.6094293,0.6603767,2.0574996,0.14690445
4050,0.6792028,0.7589167,2.0719757,0.13038868
4051,0.46239436,0.7296606,1.9388348,0.14850985
4052,0.5037011,0.7933965,2.2023952,0.12748903
4053,0.44719258,0.7598634,2.1647642,0.1258076
4054,0.5899609,0.7563979,2.108775,0.120216005
4055,0.6665839,0.6365154,2.1348717,0.21097198
4056,0.59560144,0.70411634,2.1579309,0.19181888
4057,0.49620977,0.7151427,2.2827277,0.060962174
4058,0.6047455,0.7732892,2.0624146,0.1451006
4059,0.76514715,0.72626495,2.1257346,0.1396442
4060,0.52224725,0.7337893,2.0411308,0.10884992
4061,0.5856257,0.78373855,2.1572864,0.17114943
4062,0.72586197,0.5676146,1.9877568,0.16874084
4063,0.6421127,0.806577,2.0957315,0.1301566
4064,0.69572896,0.7274722,2.285816,0.10909114
4065,0.5723476,0.7028408,1.9312311,0.15586118
4066,0.54586107,0.731876,2.216716,0.11207212
4067,0.56299007,0.76101863,2.3248124,0.15603578
4068,0.6604119,0.6419265,2.2125885,0.15567005
4069,0.59566706,0.7557275,2.0444105,0.16750579
4070,0.46604168,0.70862305,1.9167179,0.14269096
4071,0.5706637,0.7355092,2.2839167,0.16529064
4072,0.5641584,0.74957836,2.0029755,0.16589613
4073,0.70332944,0.66622573,2.4292035,0.12305527
4074,0.6860236,0.71430516,2.162153,0.17320637
4075,0.5621208,0.7697739,2.113965,0.1347752
4076,0.5165163,0.73457587,2.0151565,0.1019122
4077,0.74584,0.6819928,2.1643233,0.19042616
4078,0.647201,0.82057714,2.3080304,0.13954376
4079,0.6948043,0.6208264,2.081656,0.10995232
4080,0.6676273,0.57512504,2.1418822,0.1728099
4081,0.46296024,0.6626659,2.095064,0.13880657
4082,0.5898346,0.71557593,2.0992434,0.12971959
4083,0.5701209,0.75331306,2.1765563,0.1663627
4084,0.5156281,0.7710692,2.0512617,0.1356123
4085,0.59591097,0.73025656,2.258392,0.1324978
4086,0.69277036,0.7241091,2.1910114,0.13135576
4087,0.60632455,0.7310477,2.1589468,0.16756204
4088,0.63623506,0.69667715,2.0418239,0.1817048
4089,0.6365808,0.7425217,2.0191052,0.22676606
4090,0.63444644,0.6757864,2.0633461,0.14216977
4091,0.5785881,0.7622443,2.2733893,0.09799725
4092,0.51069033,0.7543905,1.9782339,0.18615967
4093,0.6145944,0.66229,2.2524922,0.10280859
4094,0.5820307,0.7623747,2.1651268,0.192627
4095,0.7764756,0.6376924,2.2720761,0.15093265
4096,0.6407912,0.6938306,2.2476535,0.15958549
4097,0.6314819,0.76741177,2.1892467,0.17159349
4098,0.592631,0.6775519,2.11328,0.15390585
4099,0.6668049,0.6744892,2.2598333,0.15288267
4100,0.5806891,0.6705767,2.0867298,0.10574579
4101,0.57195127,0.7030879,2.1238105,0.12236925
4102,0.66861266,0.67951745,2.200719,0.13445805
4103,0.44913304,0.7469515,2.0592308,0.13924445
4104,0.6761462,0.76288706,2.2169714,0.11476762
4105,0.5232619,0.7531817,2.1673024,0.045224827
4106,0.62527204,0.7042191,2.1214268,0.16158895
4107,0.63072324,0.75553584,2.1450703,0.13062155
4108,0.5269215,0.8244593,1.9448551,0.14060998
4109,0.5976366,0.5858014,1.9533405,0.16561033
4110,0.46271938,0.6685208,2.1952665,0.14822899
4111,0.5501233,0.78941745,2.161072,0.11099977
4112,0.61241895,0.7149311,2.1991165,0.12728459
4113,0.43582022,0.6778972,2.1849332,0.10210314
4114,0.6215755,0.6933444,2.0867257,0.15119624
4115,0.73224264,0.7349412,2.2123597,0.16738988
4116,0.622912,0.746455,2.1832752,0.1484271
4117,0.5780936,0.6566601,1.9401277,0.14394417
4118,0.7139705,0.70654845,2.341412,0.10212101
4119,0.6937638,0.7312162,2.4766345,0.12016797
4120,0.65153474,0.7176444,2.1304479,0.17830741
4121,0.6035772,0.61517364,2.0454519,0.15967768
4122,0.609404,0.7689403,2.1887374,0.15383352
4123,0.47121957,0.7188502,2.1460478,0.13653071
4124,0.6422124,0.7363706,2.1588392,0.10012659
4125,0.50230706,0.6807953,2.0354643,0.08663711
4126,0.61789143,0.70754546,2.2762756,0.17366455
4127,0.57528496,0.71674526,2.0895,0.21592522
4128,0.55200964,0.728534,2.259244,0.15338425
4129,0.68246955,0.6661979,2.1275787,0.12984139
4130,0.6033317,0.654638,2.452646,0.11356603
4131,0.47969234,0.70245856,1.994397,0.14551888
4132,0.61370724,0.71857035,1.9057907,0.16179113
4133,0.63637483,0.765861,2.315195,0.11682808
4134,0.49159867,0.67806655,2.1259813,0.12713021
4135,0.522847,0.64071536,2.1821594,0.10393123
4136,0.602842,0.7088821,2.198646,0.11704577
4137,0.45716992,0.6800119,2.1355534,0.15937544
4138,0.760263,0.6815204,2.4409506,0.074238606
4139,0.55668586,0.750837,2.151603,0.12279009
4140,0.5731257,0.73036045,2.0865984,0.15542017
4141,0.58250886,0.70805335,2.2882533,0.104970105
4142,0.72495747,0.72870016,2.145226,0.14013265
4143,0.5874439,0.746323,2.2330008,0.14879027
4144,0.5660673,0.7879715,2.0012977,0.15110606
4145,0.6574949,0.7495993,2.322536,0.15793361
4146,0.59036267,0.7388111,2.055358,0.12993658
4147,0.5644438,0.7183532,2.1162727,0.13523906
4148,0.62210554,0.7750548,1.9877472,0.17112258
4149,0.7508788,0.7128798,2.194771,0.13090986
4150,0.64042914,0.7161711,2.2600837,0.12936449
4151,0.5270778,0.6695177,1.9885894,0.08461324
4152,0.6155996,0.81025213,2.332584,0.1387937
4153,0.7094702,0.7532563,2.1828206,0.16851327
4154,0.5520253,0.77849334,2.308567,0.13714878
4155,0.61520094,0.68379253,2.090059,0.07893785
4156,0.5958478,0.6078248,2.072945,0.17192313
4157,0.63011324,0.6445224,2.3048956,0.14019874
4158,0.48664638,0.74738663,1.9987209,0.15247768
4159,0.5966405,0.7647691,2.0781941,0.15258402
4160,0.5256,0.64791113,2.2533245,0.13529445
4161,0.51514083,0.621621,2.1925495,0.123126894
4162,0.6337979,0.7049173,2.28828,0.1642135
4163,0.6582588,0.7774981,2.2241142,0.17059988
4164,0.5647051,0.7832604,2.034609,0.11233814
4165,0.7021851,0.6898066,2.4463098,0.13259365
4166,0.7016886,0.67882353,2.2273133,0.13183816
4167,0.5155503,0.6878475,1.9950583,0.12320169
4168,0.5237884,0.7456488,2.1325328,0.15452936
4169,0.5837791,0.68752885,2.1551592,0.13312861
4170,0.6269407,0.7087075,2.2855644,0.09903144
4171,0.5438136,0.78872764,2.1824245,0.14091305
4172,0.58265394,0.70661044,1.8882537,0.14343384
4173,0.6977053,0.7154682,2.1106303,0.21306893
4174,0.7426139,0.6954749,2.0471077,0.13509329
4175,0.7362839,0.7848038,2.2628875,0.1354671
4176,0.52816874,0.6755921,2.0828447,0.09897673
4177,0.68022114,0.7674512,2.2506633,0.14286532
4178,0.48646876,0.777698,2.1004827,0.115468346
4179,0.5633276,0.7823026,2.1169512,0.15272893
4180,0.6086954,0.68878275,1.8910447,0.12067381
4181,0.5405264,0.7270046,2.145532,0.18727556
4182,0.5426912,0.76256377,2.0702546,0.17192985
4183,0.6809899,0.7918211,2.2265918,0.15743618
4184,0.6182798,0.72201526,2.1108685,0.104693376
4185,0.6326852,0.75822735,2.081518,0.18727155
4186,0.75983226,0.6704807,2.1920755,0.15714665
4187,0.5391364,0.7145645,2.24624,0.13126393
4188,0.7335223,0.64550817,2.1020963,0.13319936
4189,0.6357237,0.7140843,2.1993508,0.18438157
4190,0.44762924,0.7355264,2.202378,0.09078778
4191,0.49449345,0.7777419,1.8440522,0.16212873
4192,0.57928526,0.7360678,2.1208305,0.09930068
4193,0.5934107,0.7103096,2.0355194,0.1402263
4194,0.68966556,0.6584247,2.3767211,0.12935658
4195,0.6513251,0.73176986,2.0698419,0.1503588
4196,0.63144124,0.6569811,2.223259,0.110817686
4197,0.64531475,0.7096748,2.214077,0.14195475
4198,0.5606377,0.7789522,2.2515528,0.10502641
4199,0.6642724,0.6647319,2.0339153,0.087719135
4200,0.48880973,0.81713194,1.9419837,0.12706581
4201,0.5416014,0.7121722,2.177871,0.17907357
4202,0.65121543,0.6642702,2.1039627,0.16167718
4203,0.7074223,0.719321,2.0760088,0.10708005
4204,0.7015261,0.7155349,2.0710413,0.166981
4205,0.54556096,0.769602,2.170564,0.11227455
4206,0.5389822,0.6731383,2.0258565,0.12768556
4207,0.36265442,0.8371873,2.2584379,0.047990862
4208,0.7308344,0.6907767,2.2116613,0.15378457
4209,0.6720649,0.63983303,2.1409185,0.13953586
4210,0.6265438,0.7189045,2.3635168,0.12155466
4211,0.5397201,0.77905124,2.105609,0.107364506
4212,0.57630926,0.7740783,1.8907259,0.14901906
4213,0.6141133,0.68734914,1.8503801,0.11976696
4214,0.4399521,0.8010412,2.1529093,0.08732707
4215,0.67819446,0.6879697,2.1926365,0.08547376
4216,0.55448717,0.7308892,2.2200408,0.124122046
4217,0.6059833,0.6653581,2.2066662,0.17853123
4218,0.56280726,0.65826905,2.0824518,0.16290759
4219,0.68233025,0.7842351,2.1490996,0.11792042
4220,0.7196583,0.6740574,2.153803,0.11124082
4221,0.6106013,0.6350879,2.209416,0.123258404
4222,0.6994966,0.59780073,2.1542928,0.17161846
4223,0.51801765,0.6251169,2.1142433,0.12622844
4224,0.5726201,0.6330863,2.2605653,0.14386068
4225,0.7071136,0.6307167,2.3687973,0.09622635
4226,0.5008094,0.6656226,2.0074503,0.11924962
4227,0.6123953,0.7880746,2.0772207,0.13463695
4228,0.61606604,0.75138336,2.2289898,0.15086958
4229,0.48670956,0.63774323,2.110008,0.13701211
4230,0.64609194,0.70694155,2.1136906,0.10956483
4231,0.7203642,0.6274192,2.2920053,0.13563277
4232,0.58526015,0.70956707,2.2730293,0.1370294
4233,0.6254701,0.69384104,2.2678463,0.16366684
4234,0.6409182,0.6999138,2.2911754,0.12128454
4235,0.5661235,0.8291003,2.0658858,0.19615683
4236,0.4548331,0.7657527,2.2473829,0.12591763
4237,0.55492884,0.790889,2.079626,0.017927516
4238,0.60380924,0.701753,2.0663278,0.14832428
4239,0.50331706,0.62653327,2.128112,0.16035794
4240,0.6492852,0.74419487,2.1400473,0.13054524
4241,0.6705091,0.741786,2.2915473,0.12391064
4242,0.66350657,0.7892184,2.2222614,0.07638491
4243,0.7142721,0.6922353,2.2932172,0.12666585
4244,0.72283196,0.63038385,2.3185837,0.15366746
4245,0.69258356,0.7902491,2.1124246,0.113044746
4246,0.6305043,0.7117031,2.018253,0.16322118
4247,0.5886194,0.6876214,2.1522918,0.18048778
4248,0.59032345,0.781671,2.3762498,0.14905378
4249,0.64974713,0.7258079,2.1932487,0.13291831
4250,0.5164658,0.7119137,2.3332157,0.13405599
4251,0.5551753,0.6946308,2.1618605,0.14090092
4252,0.59323883,0.7566566,2.1205473,0.11465862
4253,0.5506284,0.7378655,2.1169043,0.2030093
4254,0.49987227,0.64673233,2.125768,0.15576333
4255,0.6157651,0.70443076,2.1668415,0.13296598
4256,0.5079801,0.68850553,2.1581218,0.08880618
4257,0.61245626,0.7287644,2.2008998,0.14196388
4258,0.57138586,0.69744134,2.2273333,0.122725226
4259,0.6127691,0.76183015,2.0732372,0.17591351
4260,0.67086893,0.6197692,2.2120562,0.18897375
4261,0.6546887,0.67922324,2.1113896,0.16157724
4262,0.57025784,0.7597123,2.1296859,0.14235933
4263,0.665201,0.6054484,2.0777888,0.11661887
4264,0.70816624,0.73753744,2.2082195,0.15463078
4265,0.58570695,0.80885893,1.9201524,0.16970585
4266,0.6250971,0.67578727,2.1378837,0.15078035
4267,0.57741374,0.7166961,2.0571988,0.14882271
4268,0.68284327,0.70912075,2.0517135,0.09674968
4269,0.46169895,0.72419244,2.2034764,0.15528798
4270,0.65624475,0.6874603,2.1157546,0.21402094
4271,0.6133938,0.68001026,2.0506344,0.1315679
4272,0.5300847,0.70620674,2.1106458,0.14243199
4273,0.48653078,0.70635104,2.12676,0.09429126
4274,0.65884906,0.7289375,2.3003435,0.13631892
4275,0.6929422,0.6523689,2.0496922,0.19400047
4276,0.68277484,0.6560241,2.1983118,0.13483967
4277,0.45935547,0.5767215,2.3179033,0.06396778
4278,0.5086499,0.7152076,2.0181031,0.18722564
4279,0.54944927,0.73941684,2.0310106,0.12976554
4280,0.59585935,0.7072712,2.144683,0.15104164
4281,0.566564,0.577831,2.1633396,0.16807744
4282,0.63726693,0.75082934,2.20654,0.16439945
4283,0.74837494,0.62040275,2.338252,0.14833347
4284,0.5603259,0.7267359,2.1372569,0.11795031
4285,0.61028063,0.6338417,2.2052057,0.166839
4286,0.6479184,0.76970595,2.1468525,0.17784932
4287,0.50258327,0.7064719,2.136823,0.15311208
4288,0.673505,0.7307212,2.1117532,0.1439305
4289,0.5303987,0.6869374,2.1932788,0.11969508
4290,0.55061436,0.67541707,2.2756422,0.17694058
4291,0.5869606,0.6406295,2.3261967,0.11842156
4292,0.6844169,0.6844902,2.118981,0.18522744
4293,0.6169239,0.68938893,2.1242852,0.18662389
4294,0.64869803,0.7637523,2.066192,0.14280076
4295,0.56554383,0.717751,2.180182,0.11073545
4296,0.6654324,0.7075968,1.9772732,0.15508474
4297,0.58247787,0.7352063,2.2005534,0.10235312
4298,0.6653425,0.6884832,2.2086718,0.13539991
4299,0.45183507,0.73517203,1.9963672,0.10817669
4300,0.5163076,0.6967184,2.1374686,0.15307261
4301,0.72202766,0.7929484,2.0852826,0.11197913
4302,0.60609585,0.61186713,2.103553,0.15460923
4303,0.46795928,0.64467007,2.2035825,0.09928092
4304,0.66554075,0.74714136,2.0925217,0.21517509
4305,0.5941404,0.67088294,2.1622593,0.10511103
4306,0.5361011,0.6302014,2.2123609,0.13983513
4307,0.44293892,0.7543859,2.1042533,0.13125683
4308,0.5917975,0.6910745,2.2731688,0.119053304
4309,0.6819077,0.7927708,2.119546,0.15937673
4310,0.65317786,0.5851951,2.195527,0.13182752
4311,0.62794846,0.7211675,2.1006093,0.13867712
4312,0.66065526,0.5695932,2.1986935,0.17175288
4313,0.5697678,0.7337088,2.1277094,0.17371166
4314,0.6133541,0.7047815,2.1757421,0.11229572
4315,0.55084664,0.7197166,2.1045477,0.13457146
4316,0.503211,0.74117357,2.0927236,0.12631667
4317,0.5245322,0.6837481,2.1343515,0.16054888
4318,0.47485328,0.7701177,2.1779325,0.1414932
4319,0.46726942,0.87498015,2.174412,0.095493674
4320,0.5464662,0.7048797,1.9901302,0.1818334
4321,0.512134,0.8317784,2.1403627,0.069472164
4322,0.7078535,0.7696207,2.261028,0.1467765
4323,0.5848809,0.7784966,2.1587641,0.13089193
4324,0.52775854,0.60076064,2.0653698,0.13897817
4325,0.652944,0.68198144,2.2778351,0.12901147
4326,0.5389808,0.8055319,2.1384997,0.16207412
4327,0.4430432,0.63537306,2.1399534,0.062296733
4328,0.53711593,0.6856645,1.9729848,0.11617038
4329,0.7210853,0.68161416,2.145206,0.1699768
4330,0.5943747,0.7488048,1.9633547,0.094046146
4331,0.5735135,0.7230137,2.0252376,0.15045168
4332,0.6519838,0.598133,2.2444553,0.11221106
4333,0.5215279,0.8037807,2.1035433,0.13008794
4334,0.6002473,0.7409275,2.070586,0.14354663
4335,0.630758,0.75124454,2.177041,0.14567268
4336,0.620096,0.59048533,1.9642813,0.12145609
4337,0.59855753,0.73250604,2.3041008,0.1587188
4338,0.69967884,0.7164175,2.0439773,0.13020103
4339,0.55585104,0.7682223,2.1502018,0.14494027
4340,0.55743146,0.79074436,2.3017056,0.14006571
4341,0.5000476,0.7121594,2.1064637,0.11750118
4342,0.61146474,0.7120493,2.1976137,0.1465696
4343,0.6167234,0.6518296,2.094548,0.1149925
4344,0.7225211,0.6619743,2.0550148,0.18444431
4345,0.56100684,0.572568,2.4477797,0.10551208
4346,0.49451193,0.7288116,2.1436899,0.11858661
4347,0.61519367,0.7497899,2.1767182,0.17411879
4348,0.66522175,0.6502468,2.0243037,0.16513179
4349,0.5403125,0.63459826,2.0787833,0.12114394
4350,0.749599,0.7375747,2.151386,0.1563114
4351,0.5570831,0.724908,2.1530247,0.096628204
4352,0.6304407,0.7034494,2.2129817,0.12879047
4353,0.46612003,0.9373633,2.193021,0.106807336
4354,0.48184934,0.6593946,2.1173785,0.09610798
4355,0.6755973,0.6894281,2.1904476,0.13958181
4356,0.6924928,0.6247478,2.0505016,0.13552645
4357,0.6310216,0.668986,2.1644213,0.14805865
4358,0.7615759,0.65932316,2.4439979,0.24032734
4359,0.6024377,0.7414726,2.32182,0.13576241
4360,0.7139977,0.65267456,2.1348238,0.16073133
4361,0.51064736,0.6938121,2.1193419,0.14392135
4362,0.54266614,0.67649484,2.1000574,0.12518162
4363,0.6591989,0.74879926,2.1649678,0.1235368
4364,0.5926336,0.676286,2.260796,0.14649735
4365,0.61686873,0.6700081,2.1731524,0.14561455
4366,0.52635634,0.6922897,2.1755862,0.18287334
4367,0.5266434,0.6903114,2.0087218,0.12664907
4368,0.7025726,0.6711169,2.0966098,0.13083135
4369,0.7535237,0.6996705,2.221329,0.1386404
4370,0.56723017,0.73028463,2.274626,0.12662707
4371,0.71331996,0.691271,2.1578631,0.15296541
4372,0.701855,0.68105084,2.2128036,0.13666277
4373,0.5530739,0.69407344,2.1619391,0.058572374
4374,0.5910794,0.768172,2.2275698,0.1750577
4375,0.60444117,0.66254324,2.207297,0.12636931
4376,0.6631585,0.7882625,2.4425428,0.13159002
4377,0.59981996,0.8085533,2.1516583,0.08263554
4378,0.4635997,0.7537951,2.2427287,0.13857445
4379,0.5897827,0.7513688,2.323882,0.15888026
4380,0.6819876,0.8222865,2.2338383,0.17448318
4381,0.622317,0.7430788,2.2207353,0.136411
4382,0.68357146,0.65475833,2.0894055,0.16822386
4383,0.71325374,0.68222696,2.0865586,0.16094427
4384,0.7947107,0.7503718,2.2728279,0.22164717
4385,0.6956977,0.7513083,2.2902567,0.14702295
4386,0.4117506,0.7193219,2.2113,0.08086915
4387,0.6460947,0.6312918,2.182656,0.16947652
4388,0.65367115,0.76174086,2.3372693,0.08404635
4389,0.63371545,0.8010876,2.203646,0.113974676
4390,0.4697959,0.6795893,2.0260048,0.12621316
4391,0.60325223,0.6879698,2.014403,0.12812741
4392,0.53348494,0.7480642,2.1852355,0.19526073
4393,0.468735,0.7539642,2.2211301,0.117868304
4394,0.60939026,0.7650036,2.146609,0.1174426
4395,0.50278044,0.7378284,1.9972728,0.104047306
4396,0.5782226,0.74564624,2.1417239,0.13480833
4397,0.59224814,0.6335522,2.2404466,0.14890942
4398,0.7349097,0.62684655,2.083323,0.16067141
4399,0.5829398,0.7581593,2.0558088,0.15892333
4400,0.6079966,0.7191042,2.0709836,0.111040816
4401,0.6043274,0.7248552,2.1161585,0.13556112
4402,0.68126607,0.6527509,2.223357,0.13876708
4403,0.6269721,0.67370576,2.110292,0.12064238
4404,0.5919873,0.7139591,2.2710814,0.084679104
4405,0.5652795,0.66629636,2.0534816,0.1630019
4406,0.6760727,0.69805884,2.3194394,0.10340399
4407,0.606187,0.7669379,2.0117865,0.10001863
4408,0.5750476,0.73367536,2.209455,0.12054337
4409,0.4305763,0.7161061,2.0452552,0.16904147
4410,0.53212994,0.77512306,1.9429733,0.10801384
4411,0.6998451,0.6669753,1.9811845,0.17841119
4412,0.50851667,0.732821,2.3241196,0.16129324
4413,0.5787552,0.63995546,2.0225961,0.09141551
4414,0.700683,0.61350065,2.0789018,0.13599606
4415,0.6835406,0.77054745,2.0982337,0.15555127
4416,0.6458764,0.6452224,2.1550715,0.1425758
4417,0.67608964,0.6690062,2.2188957,0.18194114
4418,0.69735336,0.72620714,2.4006927,0.11092155
4419,0.67578816,0.73970026,2.034861,0.0980202
4420,0.5835105,0.6950564,2.0936804,0.14834654
4421,0.5511667,0.6939393,2.0382576,0.12430444
4422,0.57100457,0.77261424,2.250498,0.116730735
4423,0.59685093,0.7481047,2.2082255,0.10614844
4424,0.5379332,0.718492,2.087778,0.17747118
4425,0.62815845,0.79720336,2.0027556,0.15635164
4426,0.61842465,0.651516,2.2251098,0.1607163
4427,0.6199845,0.6953287,2.2802172,0.1649842
4428,0.4940441,0.67938113,2.0942173,0.12734641
4429,0.71911156,0.6948823,2.1876514,0.1566779
4430,0.6782031,0.57981104,2.146542,0.14097281
4431,0.6330685,0.6526104,2.0939388,0.12686497
4432,0.6251082,0.68763083,2.0561836,0.1310493
4433,0.613586,0.7096263,2.2161927,0.13504674
4434,0.58102643,0.75430316,2.176548,0.10749374
4435,0.6683604,0.6628962,2.0961874,0.17525594
4436,0.55238724,0.72900164,2.1221523,0.12659664
4437,0.4313886,0.7387736,2.23699,0.10797568
4438,0.6553693,0.7334708,2.262303,0.13856515
4439,0.5308306,0.72736394,2.1569016,0.15493272
4440,0.6663482,0.64557236,2.2600174,0.16911098
4441,0.59049183,0.70207417,2.1385765,0.1884625
4442,0.56105083,0.75024486,2.1812015,0.095237106
4443,0.5027554,0.7292624,2.0061774,0.18156682
4444,0.60707223,0.67740965,2.0986123,0.1396298
4445,0.60624766,0.71887195,2.038782,0.13903244
4446,0.5917397,0.6847907,2.1317647,0.10558211
4447,0.6470792,0.6588417,2.2352364,0.12961361
4448,0.66906196,0.6993409,2.278028,0.11359189
4449,0.5716905,0.7659286,2.1139271,0.14213201
4450,0.7019616,0.707341,1.954083,0.17673458
4451,0.5641695,0.8543319,2.276291,0.10812729
4452,0.5022474,0.8025445,2.0854852,0.13300459
4453,0.5440384,0.76981205,2.3507423,0.1280385
4454,0.66081333,0.77052915,2.0972936,0.13755366
4455,0.6270614,0.66696316,2.0676837,0.10634942
4456,0.5542218,0.66578585,2.089874,0.12601806
4457,0.6445652,0.7686297,2.0928836,0.111796476
4458,0.6104544,0.75417686,2.091287,0.13316251
4459,0.65854055,0.6942569,2.3124783,0.1616172
4460,0.62638205,0.6707193,2.0974946,0.1748644
4461,0.48157713,0.77697897,2.185099,0.12869401
4462,0.7403568,0.6350005,2.160102,0.15509647
4463,0.5128202,0.7014384,2.037152,0.13234042
4464,0.59159595,0.7468336,2.0635152,0.15637253
4465,0.68473023,0.6394033,2.0642056,0.14082672
4466,0.46875682,0.7200531,2.1689048,0.12248641
4467,0.4631511,0.7331359,2.0784662,0.09543339
4468,0.6638887,0.6631438,2.1923778,0.15739846
4469,0.5817749,0.6726532,2.1436088,0.1612813
4470,0.61903816,0.61049646,2.0422957,0.18476354
4471,0.5372724,0.7398192,2.2254295,0.20380418
4472,0.6156151,0.70213205,2.206043,0.128593
4473,0.48268896,0.68187827,1.9368689,0.12842067
4474,0.7502406,0.6709573,2.1777136,0.14425273
4475,0.594504,0.61367315,2.3841736,0.10496319
4476,0.57131207,0.7312612,2.0528054,0.12678812
4477,0.6780126,0.7146391,2.3637555,0.14415587
4478,0.509961,0.69938403,2.2236745,0.15050991
4479,0.5250963,0.7781339,2.132661,0.15097792
4480,0.6624457,0.7806852,2.249189,0.10171378
4481,0.5240638,0.67218524,2.0658844,0.094363146
4482,0.51610696,0.75777936,2.0806184,0.121396884
4483,0.69765466,0.7504213,2.0253685,0.13762037
4484,0.51847047,0.729519,2.1040387,0.1310409
4485,0.5960486,0.7660737,2.370062,0.15386754
4486,0.4825611,0.590512,2.025678,0.13061817
4487,0.57390374,0.654457,2.2960243,0.15193081
4488,0.641915,0.6532495,1.9603777,0.17464946
4489,0.4862303,0.6775474,2.1574864,0.16241659
4490,0.57183397,0.7546325,2.0497482,0.12673874
4491,0.62331635,0.7612243,2.3478205,0.16141054
4492,0.44791904,0.6664271,2.140616,0.11540665
4493,0.6060497,0.6581165,2.1889231,0.13328454
4494,0.65073645,0.6785035,2.4574823,0.15223406
4495,0.58066493,0.6434019,2.2422059,0.12998061
4496,0.56301135,0.6397284,2.192194,0.09925529
4497,0.49375248,0.76841176,2.0169277,0.15690644
4498,0.7111363,0.6654533,2.0953732,0.16852517
4499,0.57894427,0.8093579,2.3436058,0.1318669
4500,0.5650984,0.73095495,2.188746,0.18920249
4501,0.5906998,0.7075496,2.2068286,0.16405699
4502,0.60512674,0.74110186,2.233646,0.12143133
4503,0.40909696,0.7629985,2.004096,0.11434909
4504,0.489095,0.69789124,2.0769465,0.12963626
4505,0.63032085,0.7282398,1.9933279,0.13245824
4506,0.559502,0.81155926,2.213963,0.12531224
4507,0.5129494,0.7058721,2.2133093,0.14964543
4508,0.6404047,0.7203151,2.1790514,0.07624027
4509,0.70228165,0.65816873,2.3818822,0.10729702
4510,0.64024496,0.7165916,2.1551473,0.16165566
4511,0.63025016,0.6725632,2.057384,0.19764273
4512,0.70454323,0.7598035,2.344949,0.10752347
4513,0.588781,0.7184163,2.1976116,0.15888289
4514,0.5944227,0.7151475,2.091858,0.09861931
4515,0.46030572,0.75385314,2.2132452,0.16195875
4516,0.62461996,0.63365984,2.099682,0.1383608
4517,0.61406636,0.67766196,2.2674558,0.14184906
4518,0.6175932,0.7077497,2.2393363,0.11317545
4519,0.6308392,0.7494957,2.1393795,0.124470614
4520,0.6176939,0.6900063,2.1907783,0.11270803
4521,0.38547722,0.71259534,2.0273986,0.12763049
4522,0.6152604,0.7301124,2.2192023,0.11469242
4523,0.515232,0.78897977,2.017427,0.15818344
4524,0.70499575,0.57622176,2.2138789,0.18203664
4525,0.43938312,0.72070163,2.200808,0.120443374
4526,0.6441654,0.7739312,2.1914144,0.14614996
4527,0.6628827,0.68740594,2.2472756,0.123027325
4528,0.558199,0.68000984,2.122991,0.17170519
4529,0.52979285,0.68866974,2.1204417,0.13155891
4530,0.67640483,0.72944826,2.1804693,0.12452198
4531,0.61050045,0.6588736,2.038254,0.122310475
4532,0.59510726,0.73020965,2.1460829,0.16464141
4533,0.6354657,0.74379086,2.1787188,0.111670546
4534,0.582466,0.74830204,2.075138,0.15903719
4535,0.6543472,0.6570427,2.1441472,0.15982792
4536,0.7098121,0.8094088,2.3401785,0.13867
4537,0.590214,0.6949661,1.9694356,0.11680759
4538,0.5526833,0.7931824,2.1846983,0.10663573
4539,0.6505264,0.64620185,2.1828778,0.1435069
4540,0.61282486,0.6907564,2.125749,0.14866261
4541,0.6590241,0.7495428,2.2493157,0.15836145
4542,0.6013855,0.6971377,2.1668875,0.16122028
4543,0.67177427,0.6944579,2.0688376,0.13493049
4544,0.7431288,0.7381395,2.1424842,0.20110737
4545,0.44047078,0.7422519,1.9774303,0.12744671
4546,0.5713721,0.65905637,2.132196,0.14720261
4547,0.5634235,0.6732936,2.1583383,0.15286519
4548,0.51037174,0.7049517,2.1635804,0.14812995
4549,0.6436455,0.7858763,2.3328166,0.13311405
4550,0.5231874,0.707649,2.0575101,0.1407476
4551,0.61719763,0.7390877,2.1999378,0.12938395
4552,0.64208096,0.7290785,2.2525609,0.14577802
4553,0.71026355,0.7249089,2.1022518,0.1523505
4554,0.6783636,0.60897493,2.103276,0.19402948
4555,0.6756734,0.64776975,2.233036,0.2100468
4556,0.6462763,0.8373253,2.353859,0.11432659
4557,0.6813992,0.69428813,2.378501,0.12781361
4558,0.59232974,0.6882417,2.076395,0.11275194
4559,0.49498996,0.7431026,2.1781175,0.16777642
4560,0.5708568,0.6685922,2.0685961,0.12184471
4561,0.45282152,0.87143797,2.0601454,0.10970492
4562,0.63139683,0.72589475,2.0230541,0.08811652
4563,0.8047768,0.73757064,2.2524188,0.18474856
4564,0.608048,0.8566445,2.1771522,0.12381119
4565,0.5918754,0.7475675,2.0862248,0.12573315
4566,0.5617279,0.80104065,2.1162078,0.13818155
4567,0.7216905,0.6696634,2.2494352,0.1076489
4568,0.650755,0.6608433,2.161755,0.122368075
4569,0.6179338,0.7552753,2.0791695,0.19827005
4570,0.61319506,0.6891466,2.2073119,0.08649271
4571,0.62353206,0.5837539,2.0264509,0.14438136
4572,0.576808,0.6774041,2.0626411,0.17350054
4573,0.52876484,0.7534595,2.1710856,0.08769713
4574,0.6449708,0.7666807,2.0212324,0.120882444
4575,0.6844117,0.7496106,2.0575502,0.10263634
4576,0.5692524,0.746545,2.1968102,0.15883057
4577,0.6296349,0.6604414,2.1050165,0.14733149
4578,0.59920347,0.66131413,2.2428043,0.14597134
4579,0.59040546,0.7277523,2.1789913,0.14401717
4580,0.5747725,0.7230189,2.03625,0.08294793
4581,0.72232956,0.7522292,2.2084534,0.116441384
4582,0.5234106,0.7516724,2.0451446,0.13009363
4583,0.5117149,0.6756703,2.0788414,0.17352101
4584,0.5892209,0.6561518,2.0897236,0.21893838
4585,0.49076825,0.7234567,2.186769,0.10812069
4586,0.5568429,0.74008536,2.335276,0.12777302
4587,0.48599315,0.7417894,2.1578133,0.120788835
4588,0.53144896,0.70241445,2.0190115,0.20116347
4589,0.6475015,0.7119105,2.092812,0.0892369
4590,0.7493871,0.73476243,2.2579465,0.18636027
4591,0.6154809,0.7207031,2.2954836,0.14132959
4592,0.69781494,0.7213459,2.0609324,0.15471953
4593,0.60792834,0.75077647,2.2740471,0.1511823
4594,0.53035516,0.80504036,2.079353,0.13014342
4595,0.4674389,0.71004766,1.9830861,0.13730131
4596,0.515702,0.76417834,2.357992,0.16755171
4597,0.51464003,0.736111,2.0283701,0.10020072
4598,0.47527215,0.758214,2.1824477,0.104274645
4599,0.6688668,0.6949426,2.0068333,0.08797861
4600,0.6426016,0.71000195,2.1353445,0.14085752
4601,0.61186546,0.7559944,2.2735713,0.16013452
4602,0.6160136,0.7394301,2.3054278,0.14928241
4603,0.64127904,0.68427974,2.4312744,0.102194816
4604,0.6458206,0.73119634,2.1133516,0.18553323
4605,0.56959176,0.75455636,2.0714512,0.1935762
4606,0.6551231,0.7169731,2.2166603,0.13322452
4607,0.47801292,0.78872246,2.2394514,0.09758623
4608,0.6274204,0.73612314,2.2240617,0.13669981
4609,0.49808568,0.6476253,2.120926,0.14513044
4610,0.5185114,0.7688188,2.1062212,0.09108734
4611,0.70635873,0.7061752,2.0618818,0.17547847
4612,0.64267176,0.629001,1.9925987,0.14565149
4613,0.6338506,0.7269142,2.172123,0.13165452
4614,0.4233687,0.7546125,2.2184632,0.13608508
4615,0.5675842,0.653042,1.9695902,0.08855861
4616,0.54007506,0.7276281,2.1660964,0.09000881
4617,0.6445154,0.7382873,2.091959,0.16659819
4618,0.5824376,0.75192976,2.1141162,0.15927687
4619,0.53755736,0.6151312,2.298294,0.13486627
4620,0.6451418,0.6243174,2.2942271,0.12651035
4621,0.66134125,0.75242114,2.0014791,0.13505192
4622,0.69618255,0.6011529,2.0828972,0.18336502
4623,0.60348904,0.6826286,2.227844,0.18279938
4624,0.4922343,0.7831446,2.1117184,0.11572364
4625,0.57028806,0.6908462,2.15851,0.1203021
4626,0.66662395,0.6664221,2.3748693,0.16101676
4627,0.6747422,0.7282012,2.0705905,0.13753775
4628,0.54782873,0.7656102,2.0605705,0.16507119
4629,0.6510301,0.6525041,2.2302327,0.18073872
4630,0.7177349,0.61787415,2.2273417,0.11896257
4631,0.61871225,0.6927249,2.0379937,0.1517879
4632,0.5695657,0.694064,2.0066366,0.10789117
4633,0.718061,0.689311,2.1311433,0.18266897
4634,0.67204994,0.7688254,2.1292784,0.14028259
4635,0.6150487,0.6671927,2.1369364,0.18319535
4636,0.7725071,0.6751959,1.9657406,0.15224376
4637,0.6522879,0.6955529,2.273681,0.14902572
4638,0.57773346,0.6372651,2.1847155,0.123846784
4639,0.53488135,0.7720809,2.2066863,0.104536556
4640,0.6450315,0.79008144,2.162676,0.16629758
4641,0.5805249,0.63521516,2.0736978,0.115715414
4642,0.47806206,0.663635,2.232616,0.10101791
4643,0.53566605,0.81165016,2.2617755,0.19762857
4644,0.58917075,0.71730256,2.0974872,0.19280954
4645,0.58437544,0.6534266,2.1826496,0.12910604
4646,0.67601216,0.6571582,1.9060305,0.12599441
4647,0.59190476,0.63698286,2.1361887,0.1759982
4648,0.5783383,0.6907043,2.328881,0.11669371
4649,0.5436457,0.6762209,2.3301702,0.16034342
4650,0.5508515,0.70280886,2.109588,0.17807125
4651,0.53141814,0.67195135,2.3128812,0.11408856
4652,0.6474844,0.6058447,2.2206156,0.12526113
4653,0.489468,0.71016985,2.0527108,0.120745204
4654,0.5720397,0.71271855,2.1836574,0.15176739
4655,0.58507556,0.7494739,2.2053916,0.117549166
4656,0.540813,0.6558987,2.0947127,0.07756989
4657,0.5928566,0.67226976,2.1893342,0.10165442
4658,0.6292835,0.621513,2.087702,0.15734023
4659,0.7013205,0.67443824,1.9615047,0.17679569
4660,0.53053594,0.7164595,2.0000677,0.1575531
4661,0.6174738,0.73249847,2.2377388,0.113414146
4662,0.61833376,0.6867066,2.0620692,0.14616232
4663,0.71721226,0.69942415,2.1872838,0.1842001
4664,0.584844,0.809609,2.0460358,0.11666185
4665,0.61002356,0.6929415,2.1507862,0.14247227
4666,0.6218483,0.7269908,2.197964,0.08200251
4667,0.532368,0.8685511,2.2233193,0.13229822
4668,0.5589094,0.60785,2.0962656,0.14702141
4669,0.5798681,0.8335022,2.2030067,0.14118451
4670,0.47503224,0.71072024,2.2112849,0.147521
4671,0.54720926,0.70369905,2.2110698,0.15920347
4672,0.55110145,0.76462734,2.1357963,0.13624987
4673,0.64967096,0.66153806,2.3395846,0.19424482
4674,0.39688638,0.603173,2.175056,0.057427116
4675,0.54209167,0.6774154,2.2909744,0.0955445
4676,0.46095198,0.69695395,2.0639277,0.20933022
4677,0.62503844,0.69198465,2.412715,0.11643441
4678,0.6417763,0.6513027,1.986277,0.16157064
4679,0.6216239,0.7270251,2.174972,0.114164524
4680,0.63868666,0.72042745,2.0009036,0.15778625
4681,0.6636717,0.7046399,2.2415373,0.08620726
4682,0.61275434,0.67799556,2.025351,0.18845715
4683,0.5300505,0.6356427,2.0676315,0.15596013
4684,0.49474236,0.7213864,2.1249714,0.16723837
4685,0.5814677,0.63664985,2.1300657,0.1565871
4686,0.68160015,0.81412566,2.076679,0.17397809
4687,0.6535978,0.7879884,2.2024775,0.15614092
4688,0.53694004,0.68967515,2.1488514,0.13115372
4689,0.59504104,0.72797674,2.2615921,0.11782611
4690,0.5461534,0.7452175,2.19744,0.1564881
4691,0.49800202,0.6936939,1.9310744,0.14984183
4692,0.5603034,0.7324802,2.217616,0.019561928
4693,0.6260563,0.6695104,2.0212626,0.14667223
4694,0.5896125,0.77909386,2.1399474,0.15278669
4695,0.6471352,0.77720314,2.0910423,0.13819416
4696,0.653899,0.68668085,2.0112045,0.17035912
4697,0.6117803,0.68105596,2.1321204,0.17271005
4698,0.62701446,0.77960795,2.0304968,0.15284407
4699,0.6953864,0.687258,2.448867,0.15459676
4700,0.4887564,0.74663246,2.165389,0.10543959
4701,0.58470505,0.7719438,2.0124295,0.18195614
4702,0.41740862,0.68615127,2.139261,0.08376409
4703,0.6029759,0.77157295,2.1797533,0.16929868
4704,0.62180805,0.71439767,2.0599837,0.16191341
4705,0.644686,0.71799535,2.1723967,0.15871267
4706,0.6223825,0.76004887,2.0243876,0.18080689
4707,0.57927126,0.73946697,2.048425,0.13127847
4708,0.60347116,0.7438198,2.3060758,0.11244739
4709,0.7281603,0.7403904,2.2157848,0.09200661
4710,0.5650545,0.7255091,2.115742,0.13193037
4711,0.65466815,0.7499912,2.097873,0.11524889
4712,0.52951133,0.73657304,2.172875,0.14320362
4713,0.51951164,0.85222024,2.085823,0.06870962
4714,0.5569685,0.7179511,2.0436358,0.1358869
4715,0.5803289,0.8057261,2.1537492,0.13593526
4716,0.5712442,0.64335966,1.9597028,0.15932706
4717,0.6443328,0.6734262,2.4073126,0.12095142
4718,0.56915075,0.73513585,2.5529468,0.09819739
4719,0.68318343,0.732585,1.9663231,0.15533526
4720,0.6557512,0.732016,2.221634,0.13632756
4721,0.63098925,0.65510607,2.1039872,0.049173195
4722,0.6798238,0.6602267,2.1981277,0.114263736
4723,0.6307621,0.66918176,2.006498,0.15843263
4724,0.65615267,0.69975626,1.9615494,0.15026735
4725,0.53142554,0.7386423,2.057428,0.15303421
4726,0.5253818,0.7720409,2.0584407,0.07446299
4727,0.6071952,0.8447315,2.086152,0.086626574
4728,0.44021872,0.7979474,1.9716107,0.15252256
4729,0.728143,0.82576436,2.0996332,0.10543207
4730,0.53086865,0.72081137,2.028334,0.10531719
4731,0.5651328,0.73015934,2.0178933,0.15610845
4732,0.58836395,0.6710035,2.143781,0.11214749
4733,0.45852724,0.80467963,2.1124482,0.120648526
4734,0.6778516,0.6561298,2.1664925,0.13811393
4735,0.46142817,0.7197702,2.179496,0.14321676
4736,0.64283097,0.72862166,2.1762874,0.08195585
4737,0.695047,0.73237807,2.3225374,0.12147363
4738,0.5373914,0.72506124,2.050855,0.070211165
4739,0.52612287,0.7018361,2.0584652,0.12727295
4740,0.6419856,0.68909127,2.313553,0.15632825
4741,0.6417768,0.8554166,2.1882796,0.14113218
4742,0.45172912,0.83734477,2.034907,0.05927681
4743,0.5009326,0.78531694,2.1309133,0.14242677
4744,0.6064054,0.7459184,2.109892,0.13819517
4745,0.6038994,0.7470894,2.1067805,0.14605491
4746,0.5987058,0.6508808,2.0786765,0.1975306
4747,0.5868902,0.80118084,2.0682504,0.1850611
4748,0.59987813,0.73138195,2.1452458,0.13622776
4749,0.63345623,0.82894754,2.1936028,0.1252456
4750,0.60922927,0.7066955,2.3076105,0.11951509
4751,0.62787545,0.68711084,2.1847866,0.15483384
4752,0.65876555,0.66399765,2.0465302,0.13870846
4753,0.7021531,0.6387996,2.2416763,0.09213325
4754,0.7161365,0.78935957,2.0997922,0.14733146
4755,0.5990715,0.7164948,2.1943486,0.16448702
4756,0.5757526,0.7967771,2.2442448,0.12991431
4757,0.56095743,0.6923058,2.2809792,0.080221556
4758,0.59176713,0.7460207,2.0576122,0.13078387
4759,0.5364,0.69914305,2.0593226,0.12671193
4760,0.52859485,0.6354329,2.3325415,0.090364836
4761,0.5552888,0.74067116,1.9626521,0.1701017
4762,0.7434496,0.727796,2.374272,0.16318363
4763,0.6238211,0.8847558,2.2177737,0.17042847
4764,0.6559965,0.64845425,2.138412,0.10130999
4765,0.72731185,0.73211294,2.2350698,0.115200184
4766,0.6126494,0.6112503,2.187103,0.16045885
4767,0.6197866,0.7051225,2.135551,0.17259534
4768,0.6463204,0.6875537,2.125543,0.12076869
4769,0.55166024,0.7075186,2.2063217,0.13051033
4770,0.7663329,0.7554923,2.251464,0.14595902
4771,0.5168935,0.7595131,2.0818386,0.103499345
4772,0.6812414,0.59873956,2.053059,0.14146368
4773,0.47679353,0.71060616,2.1961455,0.11572022
4774,0.54176694,0.81412995,2.1011975,0.15702641
4775,0.5474729,0.63164717,2.0311723,0.11719616
4776,0.48596743,0.6577059,1.9860582,0.17389429
4777,0.6264605,0.73110926,2.1754744,0.1551945
4778,0.5081188,0.6471818,2.164264,0.12334649
4779,0.63319933,0.7898827,2.0620542,0.16085221
4780,0.5849246,0.806134,2.2321084,0.14995156
4781,0.4284625,0.7306551,2.2503583,0.17049794
4782,0.6887771,0.670208,2.0594022,0.1363783
4783,0.6128646,0.7278914,2.213015,0.12870717
4784,0.5197684,0.6563338,2.348059,0.15692636
4785,0.59212995,0.72110105,2.1380565,0.10297735
4786,0.66603684,0.814112,2.2640631,0.13567013
4787,0.61226684,0.6656353,2.0907867,0.16346915
4788,0.51244587,0.70438606,2.068306,0.112503186
4789,0.55966216,0.72281575,2.213952,0.13282375
4790,0.72763914,0.5792758,2.3462822,0.04616442
4791,0.6097485,0.7373544,2.0236177,0.17958656
4792,0.6505593,0.62930506,2.2802007,0.14967513
4793,0.5482041,0.6976139,2.104372,0.15339422
4794,0.65691125,0.7160872,2.2414095,0.13072154
4795,0.47905383,0.6932153,2.1994646,0.087874874
4796,0.56668967,0.75598866,2.235881,0.13367382
4797,0.595558,0.71502113,2.178473,0.14651655
4798,0.6954352,0.68285775,2.0943654,0.13249098
4799,0.7168338,0.73516524,2.1924384,0.117285185
4800,0.5680608,0.69843227,2.2371595,0.1532151
4801,0.49063426,0.75307536,2.0026798,0.13306074
4802,0.70330733,0.70993036,2.083149,0.1463262
4803,0.5520128,0.81178004,2.0189378,0.15753056
4804,0.7124591,0.72435707,2.2283013,0.116312996
4805,0.64429843,0.66495144,2.1063008,0.121501006
4806,0.54674137,0.7648011,2.0393386,0.13078457
4807,0.6470712,0.6955947,2.3491774,0.15500166
4808,0.6631519,0.82411295,2.1410966,0.20468874
4809,0.63753873,0.71019185,2.1495728,0.14964156
4810,0.5193633,0.7448704,2.201501,0.07672299
4811,0.65068716,0.73123974,2.1827345,0.11694383
4812,0.59779054,0.6870662,2.2399025,0.10555564
4813,0.5055652,0.7467989,2.1275513,0.117662445
4814,0.5973361,0.659066,2.038614,0.14339249
4815,0.70617276,0.7559266,2.4684434,0.17123638
4816,0.5940127,0.7537747,2.0982797,0.120106086
4817,0.67717737,0.7091637,2.2827013,0.11546272
4818,0.52196336,0.7349739,2.1898217,0.14695987
4819,0.5482658,0.79947144,2.15031,0.14267547
4820,0.67643464,0.8125932,2.120019,0.13725603
4821,0.6381699,0.67361253,2.0726366,0.1363568
4822,0.6338684,0.7170693,2.1842322,0.10419005
4823,0.64238,0.68258685,2.1275003,0.17609408
4824,0.5835599,0.68643045,2.1560328,0.08429143
4825,0.6893328,0.69499373,2.2860277,0.13921627
4826,0.540337,0.6156531,2.1710541,0.096077725
4827,0.6131227,0.783272,2.0287113,0.09584007
4828,0.5718165,0.7811175,1.9472302,0.15601318
4829,0.57738703,0.640548,2.143427,0.15732332
4830,0.59811425,0.75174963,2.0547242,0.15908808
4831,0.611687,0.7481713,2.1982932,0.12811764
4832,0.583616,0.627628,2.4980001,0.113555744
4833,0.5922774,0.6762802,2.0536737,0.1718077
4834,0.60567486,0.6290274,2.0741837,0.16906308
4835,0.62416565,0.66257423,2.1070192,0.13081998
4836,0.74347633,0.6356894,2.173305,0.13045152
4837,0.731926,0.7319528,2.1250942,0.13769731
4838,0.70374674,0.7148597,2.2446792,0.13999842
4839,0.46836603,0.7446117,2.1669722,0.15646857
4840,0.69013804,0.678293,2.2092488,0.16709383
4841,0.5639507,0.7560504,2.1291716,0.12683122
4842,0.63520944,0.71042866,2.1304255,0.12691675
4843,0.6085665,0.72231644,2.1240058,0.120204985
4844,0.6581077,0.7023103,2.2067468,0.12455091
4845,0.59207964,0.7047236,2.2588956,0.10454259
4846,0.589679,0.63043296,2.130725,0.16761339
4847,0.6263726,0.62659454,2.26178,0.07664648
4848,0.5545007,0.70484424,2.1167312,0.12650803
4849,0.58954,0.66354895,2.0640647,0.13508159
4850,0.48519906,0.727575,2.0347362,0.15406027
4851,0.6580926,0.65690166,2.2431893,0.12175584
4852,0.60155797,0.6960141,2.0787714,0.13684286
4853,0.6100098,0.7366164,2.0837014,0.0841889
4854,0.6598047,0.7123346,2.2705262,0.1750915
4855,0.66226286,0.6377932,2.0765798,0.116798006
4856,0.5298554,0.6629378,2.0126016,0.1432746
4857,0.6635111,0.73378843,2.0731325,0.16684532
4858,0.50245553,0.63530785,2.1197069,0.11882545
4859,0.5001602,0.7003721,2.1622472,0.12705682
4860,0.66100925,0.658236,2.2319157,0.12030709
4861,0.6150078,0.6455538,2.2777994,0.13277498
4862,0.5974933,0.6260039,1.9990065,0.16150114
4863,0.5793081,0.68250906,2.2003386,0.2048923
4864,0.5603655,0.68435466,2.1797771,0.16427784
4865,0.5697065,0.59228075,2.06061,0.11917049
4866,0.64387995,0.6893643,2.1070144,0.15184735
4867,0.6165571,0.7511537,2.0941427,0.14864416
4868,0.6275459,0.6557818,2.1561623,0.08421806
4869,0.682787,0.791353,2.0191896,0.17455038
4870,0.63775957,0.7705658,2.1773355,0.104995124
4871,0.69894964,0.7424483,2.06531,0.15659766
4872,0.7169698,0.70453155,2.166648,0.12759979
4873,0.4640365,0.74605566,2.0346625,0.15654011
4874,0.56336135,0.7545036,2.1424203,0.11388399
4875,0.5850129,0.7277669,2.365456,0.08914956
4876,0.607327,0.81220305,2.054581,0.16222912
4877,0.5652808,0.67238104,2.1426303,0.08885947
4878,0.50516665,0.6413421,2.047529,0.060735714
4879,0.57999086,0.80057025,2.1353896,0.092856
4880,0.6612156,0.658518,2.0871575,0.13790254
4881,0.592472,0.67249584,2.1186728,0.09439096
4882,0.5550051,0.7845458,2.2113247,0.1330806
4883,0.623671,0.69083595,2.0156994,0.124304965
4884,0.57627183,0.6158786,2.1317494,0.18749593
4885,0.632118,0.71350974,2.2146676,0.13440454
4886,0.6200323,0.74500245,2.0507805,0.10764561
4887,0.6071206,0.7000004,2.2169008,0.1317595
4888,0.61346114,0.70610905,2.383561,0.12015989
4889,0.6818864,0.7663619,2.2144372,0.14027634
4890,0.50771546,0.7018096,2.1540294,0.14843939
4891,0.6964871,0.6229977,2.1406677,0.113006584
4892,0.55029196,0.7194939,2.1645327,0.12075149
4893,0.68322825,0.8331546,2.1685572,0.108468875
4894,0.6115621,0.6711843,2.3191643,0.12045745
4895,0.7015237,0.7898058,2.1544602,0.15606065
4896,0.5471032,0.7270463,2.1143377,0.13575166
4897,0.64599574,0.66112226,2.162874,0.17387643
4898,0.5180688,0.6892496,2.050965,0.11236313
4899,0.61046773,0.72576505,2.0285733,0.15920591
4900,0.52931815,0.6936204,2.0599272,0.10168111
4901,0.66969025,0.6401229,2.4416273,0.15873478
4902,0.53851,0.724655,2.040156,0.18562463
4903,0.58396095,0.643297,2.0792089,0.14010228
4904,0.5531456,0.72612107,2.0581796,0.14684732
4905,0.51026,0.70891935,2.0597785,0.13406846
4906,0.60242796,0.75873524,2.0765545,0.173537
4907,0.6697574,0.6585555,2.3107955,0.09109424
4908,0.6537198,0.7569038,2.0091586,0.14677545
4909,0.5198418,0.6830646,1.8731508,0.13074331
4910,0.56588954,0.6316869,2.031772,0.13355947
4911,0.5855567,0.72365427,2.1579885,0.13716018
4912,0.7540042,0.70172936,2.0214643,0.17906122
4913,0.6751295,0.7482926,2.2538948,0.17854168
4914,0.64542407,0.7488644,2.3413315,0.13217758
4915,0.7046787,0.75365984,2.039739,0.21617316
4916,0.6162333,0.6567215,2.0810785,0.13025244
4917,0.51046354,0.70110774,2.1756685,0.13686335
4918,0.6204384,0.7211171,2.2352543,0.11931645
4919,0.61110777,0.7769023,2.079227,0.14692509
4920,0.4260553,0.7293082,2.1714625,0.14757292
4921,0.57620376,0.7268592,2.296453,0.11395627
4922,0.5103128,0.7757202,2.1244712,0.13381693
4923,0.3397924,0.7353544,2.0403311,0.1692235
4924,0.61716086,0.7113309,2.2581398,0.15364584
4925,0.6149305,0.77855974,2.1166048,0.18026371
4926,0.6516509,0.6749109,2.207826,0.1547617
4927,0.69424284,0.6240358,2.168262,0.16006066
4928,0.57126105,0.7723055,2.2768707,0.10438718
4929,0.49360144,0.77262217,2.053303,0.11014229
4930,0.62118405,0.64732134,2.0607026,0.105273575
4931,0.5699794,0.6105802,2.1703148,0.10363377
4932,0.67632025,0.7226412,2.3198009,0.18794781
4933,0.6840552,0.68094516,2.2459419,0.17016622
4934,0.46910807,0.75987256,2.0485916,0.13216724
4935,0.57032347,0.7798896,2.154905,0.14723998
4936,0.5929528,0.7710517,2.1284966,0.1643409
4937,0.68442696,0.6707847,2.0820203,0.15163657
4938,0.67049164,0.7509015,2.1396108,0.13285069
4939,0.53629977,0.69654,2.0750377,0.16414204
4940,0.722369,0.67703336,2.1971326,0.18676959
4941,0.5910968,0.7294966,2.1706982,0.16012989
4942,0.5304646,0.7157394,2.18341,0.14320055
4943,0.60402507,0.78286994,2.0840125,0.11173546
4944,0.6291479,0.681306,2.2650015,0.115086414
4945,0.6884107,0.73758817,2.0992205,0.17680591
4946,0.6902073,0.6200813,2.327886,0.18051928
4947,0.5536795,0.77904963,2.1662297,0.12761918
4948,0.67119104,0.68061185,2.1663322,0.06321687
4949,0.55230385,0.7840687,2.346993,0.065716684
4950,0.48784986,0.682531,2.029305,0.107482284
4951,0.6898563,0.8235613,2.1362944,0.13363394
4952,0.66082186,0.7548656,2.1135402,0.20280384
4953,0.5958169,0.727369,1.9765348,0.025189204
4954,0.6067412,0.683729,2.14405,0.13228777
4955,0.6291875,0.6669895,2.1339698,0.025308488
4956,0.65479773,0.64246446,2.1259246,0.18846186
4957,0.7632419,0.6893222,2.191689,0.17942795
4958,0.64997774,0.70255786,2.1063578,0.13870478
4959,0.507861,0.67975646,2.1961358,0.09803875
4960,0.6801563,0.8069418,2.13198,0.14078155
4961,0.4897274,0.7853637,2.0280104,0.1284877
4962,0.43439275,0.6436767,1.9137944,0.1298331
4963,0.56574255,0.6749056,2.4276352,0.100320585
4964,0.5223892,0.81810266,2.1748168,0.14750978
4965,0.7589948,0.77535146,2.220952,0.14394073
4966,0.5625764,0.7898298,1.9274853,0.19768344
4967,0.71271336,0.6384234,2.0384023,0.1974596
4968,0.6107008,0.6756128,2.0851092,0.14254533
4969,0.5527315,0.73581,2.137501,0.12450891
4970,0.6740051,0.7349331,1.9906824,0.12768568
4971,0.6344772,0.73735744,2.1368086,0.17452165
4972,0.56397563,0.69154406,2.2054708,0.16517827
4973,0.6443844,0.8051491,2.2166393,0.09388059
4974,0.6583675,0.6152541,2.2043352,0.14096855
4975,0.6817052,0.6716066,2.338517,0.14981173
4976,0.5856583,0.6971985,2.34928,0.1734593
4977,0.646708,0.7680059,2.1843555,0.10208076
4978,0.73714525,0.65323496,2.182516,0.12016905
4979,0.51990294,0.7909696,2.1532457,0.092809245
4980,0.5730559,0.75397456,2.1956358,0.15664816
4981,0.59534276,0.6074943,2.0540392,0.10452769
4982,0.5366458,0.6415555,1.995893,0.07119153
4983,0.5657576,0.76915586,1.9635572,0.09685363
4984,0.6468033,0.74975556,2.0003667,0.123658225
4985,0.5415739,0.68984634,2.2337584,0.1542016
4986,0.6382436,0.7706031,2.0185878,0.12725887
4987,0.68723655,0.7088573,2.0340183,0.13008663
4988,0.523994,0.72315997,2.065151,0.08971159
4989,0.63925344,0.744583,2.174282,0.13545409
4990,0.6492963,0.69669265,2.3228478,0.17270039
4991,0.541813,0.76966804,2.0126674,0.18960376
4992,0.5905463,0.77414435,2.0668163,0.1907364
4993,0.5768447,0.6866588,2.049968,0.07252475
4994,0.520246,0.6957484,1.9766748,0.17438631
4995,0.5824493,0.7473018,2.162864,0.13106684
4996,0.5155907,0.81408435,2.180266,0.12717426
4997,0.5659857,0.7467272,2.0888352,0.13221064
4998,0.7171039,0.72950304,2.0465975,0.1831785
4999,0.6383627,0.766747,2.2477434,0.15508802
5000,0.48237848,0.78390765,2.047041,0.087028585
5001,0.67869097,0.7242728,2.1274054,0.16346455
5002,0.56138474,0.7237171,2.0364778,0.11505977
5003,0.64096117,0.6821779,2.0102801,0.16031343
5004,0.57956356,0.7528742,2.1934862,0.10194752
5005,0.5336322,0.6465272,2.1361735,0.15765594
5006,0.56739694,0.7235541,2.1743288,0.15487756
5007,0.6043938,0.7463593,2.121491,0.15064745
5008,0.69292796,0.7685282,2.2144065,0.14836334
5009,0.5651037,0.74863356,2.1333299,0.12191414
5010,0.53930515,0.7613464,2.315236,0.1200944
5011,0.6538137,0.69802445,2.090084,0.16428918
5012,0.6310379,0.7191708,2.114244,0.09914579
5013,0.63826054,0.6279307,2.2856061,0.08898062
5014,0.61854357,0.7485451,2.3021762,0.16738422
5015,0.5871023,0.7215588,2.0865026,0.1616555
5016,0.6226604,0.69616854,2.1322572,0.08110154
5017,0.51798093,0.7125795,2.3439417,0.1061009
5018,0.7004901,0.72250843,2.2123785,0.10656417
5019,0.615273,0.73438746,2.1669858,0.10713232
5020,0.5678973,0.70757127,2.2185776,0.15909246
5021,0.5861087,0.6481633,2.1347218,0.11452528
5022,0.46029875,0.77178335,2.145609,0.14552458
5023,0.5432569,0.66215754,2.085018,0.16471274
5024,0.5584062,0.7535627,2.2165265,0.1249769
5025,0.62103957,0.7043549,2.1432486,0.07356488
5026,0.56464016,0.7130197,2.105864,0.14128216
5027,0.66428494,0.6103001,2.373355,0.11657364
5028,0.5297184,0.68837583,2.0559714,0.10505281
5029,0.4951598,0.74136573,2.217781,0.1334108
5030,0.7352455,0.6978173,2.2739785,0.13806102
5031,0.6797716,0.6166581,2.2203903,0.11143898
5032,0.6013319,0.76156485,1.9823998,0.183204
5033,0.6096738,0.8816733,2.3481848,0.1085113
5034,0.6312002,0.6825549,2.1101017,0.10103749
5035,0.5897214,0.64825016,1.9952977,0.15967265
5036,0.5960145,0.707488,2.0611846,0.1771002
5037,0.55147433,0.759329,2.2616582,0.14384358
5038,0.59188145,0.72510487,2.2930613,0.11190884
5039,0.6330888,0.686533,2.1539664,0.13670929
5040,0.6963382,0.75037646,2.2629778,0.1639221
5041,0.6566529,0.69611263,2.1234925,0.21387985
5042,0.4746602,0.7497956,2.3729982,0.1586601
5043,0.60830474,0.7101379,2.136766,0.14254417
5044,0.60198283,0.7508501,2.106085,0.122067206
5045,0.6118588,0.795494,2.1022973,0.15362465
5046,0.68407136,0.6571262,2.2082968,0.13048723
5047,0.6613242,0.6842918,2.0386388,0.13738629
5048,0.5681635,0.6602985,2.3481932,0.1131236
5049,0.45306894,0.69124776,1.9938368,0.12217244
5050,0.47426364,0.7178921,2.1975126,0.08089215
5051,0.63144153,0.7562957,2.303558,0.109812096
5052,0.67271626,0.64096224,2.291914,0.15733863
5053,0.55395406,0.6833946,2.221865,0.117775016
5054,0.64417225,0.64945364,2.1121829,0.15261278
5055,0.5416102,0.7157501,2.131326,0.13035806
5056,0.6228487,0.61164844,2.1110368,0.13402417
5057,0.64982474,0.82953924,2.0620928,0.15001804
5058,0.5281478,0.66388595,2.0776608,0.08512734
5059,0.6883429,0.7977575,2.168986,0.13985284
5060,0.6568286,0.7762238,2.2525506,0.19204251
5061,0.5863248,0.66154456,2.0813916,0.1359142
5062,0.62362,0.6820977,2.1464891,0.14867747
5063,0.5157425,0.80738974,2.1049252,0.16336119
5064,0.49209732,0.7188767,1.9695771,0.08565322
5065,0.51506376,0.7458201,2.0221612,0.15458935
5066,0.5711608,0.63749146,2.176166,0.11875012
5067,0.5631194,0.8220871,2.0556366,0.13371463
5068,0.6006388,0.75878507,2.1411934,0.1434066
5069,0.76744854,0.6825945,2.0834622,0.15756062
5070,0.6759275,0.7061175,2.0813127,0.14664204
5071,0.6481671,0.67747074,2.3199515,0.11356798
5072,0.5566232,0.7737465,2.251625,0.081390716
5073,0.5733188,0.7958765,2.1300414,0.116550416
5074,0.59052247,0.72986966,2.061126,0.119962774
5075,0.6339371,0.80715156,2.5036883,0.1357282
5076,0.69305617,0.87871426,2.1926448,0.139129
5077,0.6311289,0.6479173,2.1486728,0.12267205
5078,0.6299613,0.69219905,2.271174,0.12162979
5079,0.5571701,0.7426362,2.0529165,0.14713338
5080,0.50771654,0.7191723,2.151872,0.12773392
5081,0.6703133,0.7851515,2.1917205,0.10192529
5082,0.60807264,0.6601143,2.065129,0.15960936
5083,0.6613792,0.7130039,2.2491267,0.12316994
5084,0.56319445,0.72095674,2.2652884,0.15970933
5085,0.71020186,0.65959585,2.1759236,0.15393478
5086,0.548249,0.77133197,2.0408916,0.12686917
5087,0.51893836,0.76166755,2.0924525,0.11419598
5088,0.6524618,0.7257875,2.1813781,0.15325356
5089,0.5459276,0.7098091,2.1643918,0.166057
5090,0.63466537,0.8150549,2.2100635,0.1311033
5091,0.5365879,0.7846729,1.8575982,0.08457054
5092,0.6688757,0.72326154,2.161815,0.11324755
5093,0.65670913,0.7046636,2.2371874,0.14469118
5094,0.6156781,0.6403336,2.381172,0.12933293
5095,0.53065574,0.68411916,2.154735,0.0881064
5096,0.6855749,0.6925708,2.158866,0.17480448
5097,0.5108444,0.6982979,2.196341,0.093663365
5098,0.6046925,0.6727399,2.0826812,0.15105611
5099,0.55963516,0.59857047,2.0357203,0.17421815
5100,0.6360182,0.69515914,2.0475512,0.1028721
5101,0.4779213,0.7540732,2.01557,0.08573039
5102,0.5625895,0.7144019,2.2081316,0.09227545
5103,0.70329666,0.7200057,2.3703744,0.1417349
5104,0.4782445,0.65261227,2.0649526,0.1700935
5105,0.65610296,0.68556964,2.0985453,0.13190685
5106,0.5644406,0.76142013,2.0468175,0.12101195
5107,0.593393,0.715467,2.2302349,0.17479031
5108,0.500898,0.67643744,2.0509899,0.12714021
5109,0.57964694,0.6772884,2.068193,0.20427966
5110,0.5524812,0.6824502,2.1357646,0.15382951
5111,0.59853566,0.87217057,2.303178,0.122252576
5112,0.532649,0.7401957,2.2065191,0.13260016
5113,0.75809234,0.69063836,2.0563276,0.14833726
5114,0.5248688,0.63196415,2.0902164,0.11794684
5115,0.7667702,0.6347966,2.2885017,0.057997957
5116,0.58310246,0.78914416,2.2379837,0.059725516
5117,0.582359,0.787805,2.169434,0.10072375
5118,0.53840077,0.7517055,2.1343198,0.16777973
5119,0.55284613,0.7241416,2.092855,0.1422699
5120,0.6060694,0.78957444,2.22301,0.12443143
5121,0.6193917,0.73526305,2.0814445,0.11876244
5122,0.59629565,0.6899426,2.0462668,0.115822405
5123,0.5615684,0.7654913,1.992119,0.116875656
5124,0.6419816,0.7289708,2.2643092,0.11439265
5125,0.64431125,0.822138,2.1740096,0.17868988
5126,0.51790357,0.76880896,2.0305185,0.113215424
5127,0.6286435,0.6879408,1.9851187,0.14123464
5128,0.62014633,0.7023772,2.1079295,0.15619797
5129,0.7090269,0.72633904,2.2941768,0.09832356
5130,0.6118162,0.81261754,2.2322314,0.16076085
5131,0.61557144,0.7287335,2.0455706,0.06420639
5132,0.6267679,0.73425496,2.227394,0.13148269
5133,0.5820205,0.650397,2.1549335,0.15583408
5134,0.5872765,0.7593063,2.268694,0.06477018
5135,0.62282634,0.71231306,1.9881338,0.13705748
5136,0.61254793,0.70699334,2.15846,0.124417715
5137,0.59341115,0.7630787,1.9557102,0.108987115
5138,0.6249018,0.7241411,2.2983108,0.08334204
5139,0.6119871,0.58005816,2.056135,0.12940715
5140,0.45928514,0.6204132,2.058242,0.12827459
5141,0.7436518,0.75500244,2.0399032,0.15171269
5142,0.5448157,0.783735,2.1460345,0.15846568
5143,0.5711164,0.7408069,1.9935497,0.16404888
5144,0.6374344,0.81066024,2.3295712,0.11995651
5145,0.46703798,0.7349682,2.023331,0.12952526
5146,0.667259,0.63703203,2.1710627,0.15248856
5147,0.7298581,0.83266133,2.2153392,0.1425658
5148,0.70149046,0.7710899,2.2439685,0.15454832
5149,0.49328977,0.64262605,1.9926926,0.10578225
5150,0.57438797,0.6907538,2.0068212,0.19847454
5151,0.5370705,0.67807657,2.2072093,0.060565688
5152,0.5687988,0.7594029,2.0636837,0.14546087
5153,0.5859593,0.67371404,2.2670872,0.1093128
5154,0.6100994,0.7020221,2.177831,0.15069492
5155,0.76581573,0.72969174,2.0662827,0.10093494
5156,0.68609697,0.7107787,2.0133464,0.18696076
5157,0.49223644,0.7512912,2.2120228,0.14911996
5158,0.63194966,0.69297624,2.0828583,0.11214648
5159,0.47088915,0.71266675,1.9601762,0.12684438
5160,0.59557545,0.68250257,2.149301,0.15176414
5161,0.645771,0.7056902,2.094747,0.055800717
5162,0.54115665,0.7175185,1.9628714,0.23845632
5163,0.5879527,0.794759,2.2152705,0.15999252
5164,0.78126395,0.6637619,2.213458,0.10210066
5165,0.5942895,0.6906002,2.0934012,0.10210914
5166,0.5520962,0.75970554,2.129549,0.12026973
5167,0.5828742,0.7159295,2.256101,0.19238254
5168,0.4949209,0.7344622,2.1181593,0.126124
5169,0.71356314,0.6046534,2.1848788,0.1179987
5170,0.5753501,0.76411164,2.1928518,0.14542519
5171,0.55753124,0.6042476,2.2445574,0.099855624
5172,0.6646699,0.69058394,2.28075,0.10913611
5173,0.77181715,0.7067762,2.0198529,0.13413991
5174,0.619463,0.57062095,2.136672,0.11924767
5175,0.6770944,0.71446455,2.083772,0.0881628
5176,0.5459412,0.6919909,2.1425881,0.09594826
5177,0.6570425,0.7588706,2.3428426,0.06752593
5178,0.604968,0.7996039,2.1960986,0.12081299
5179,0.5183544,0.6964154,2.2468743,0.10016493
5180,0.6806684,0.7877435,2.237957,0.1047663
5181,0.55966353,0.7528603,2.2445447,0.090451255
5182,0.595044,0.69953734,2.0992565,0.1523848
5183,0.66503346,0.76050276,2.0977979,0.14518477
5184,0.7008104,0.7486404,2.0209854,0.14552648
5185,0.6418839,0.71,2.2056994,0.13737623
5186,0.6780717,0.8354762,2.2233477,0.1387511
5187,0.60995305,0.6829805,2.0534668,0.15153086
5188,0.6518467,0.710712,2.252004,0.15551865
5189,0.58180225,0.6788346,2.1324956,0.12398903
5190,0.4983223,0.682498,2.2023816,0.13717806
5191,0.6108741,0.73502356,2.18014,0.19020489
5192,0.5722232,0.7313544,2.07824,0.09907325
5193,0.5266601,0.6969649,2.0878348,0.117781706
5194,0.6704503,0.7539282,2.2331533,0.17038216
5195,0.45522743,0.746698,2.0465553,0.13877788
5196,0.5579899,0.7350948,2.0540257,0.18283138
5197,0.59687436,0.77955943,2.203445,0.12224596
5198,0.6528258,0.7236473,2.0847251,0.1503522
5199,0.57537585,0.835493,2.1072772,0.15375155
5200,0.5574011,0.77207077,2.2598007,0.10339977
5201,0.56182843,0.6498274,2.1241467,0.148848
5202,0.5990357,0.8189212,2.0306826,0.15374173
5203,0.63623416,0.65490645,2.0587091,0.20349891
5204,0.5886303,0.7005645,2.1916673,0.119958386
5205,0.6024143,0.7657281,2.2157457,0.12937842
5206,0.650158,0.66164064,2.1452584,0.14860673
5207,0.4787776,0.71168983,2.1383016,0.12201032
5208,0.5981908,0.71404034,2.2136326,0.12288222
5209,0.566397,0.6404116,2.2445724,0.14616579
5210,0.4513321,0.72577417,1.9261482,0.17416883
5211,0.62287325,0.7270132,2.3296742,0.12046414
5212,0.52619827,0.8029075,2.159083,0.14014763
5213,0.6079136,0.7567205,2.3349793,0.11406116
5214,0.48398274,0.734956,2.242485,0.15949465
5215,0.5948769,0.7351678,2.1734958,0.086424455
5216,0.4455676,0.7549156,2.1308222,0.060073275
5217,0.4791316,0.70349914,2.3812144,0.119488865
5218,0.63366026,0.68631625,2.2026095,0.13690506
5219,0.63059723,0.74060386,2.135938,0.06274551
5220,0.52600247,0.715364,2.1618032,0.0992762
5221,0.5646302,0.73588985,2.1974213,0.13072646
5222,0.68081427,0.7750974,2.1902335,0.09857599
5223,0.496421,0.77150875,2.3117275,0.1262298
5224,0.67769116,0.727218,2.187016,0.14710507
5225,0.5891737,0.66553295,2.217292,0.11334988
5226,0.60610664,0.6213957,1.9491323,0.117851004
5227,0.6553477,0.7224818,2.287048,0.15449645
5228,0.525078,0.7467208,1.9580969,0.14600505
5229,0.5136647,0.6428724,2.183116,0.14042695
5230,0.66924936,0.7688781,2.336324,0.14402738
5231,0.5700878,0.6479059,2.1139338,0.15974368
5232,0.6821784,0.7047663,1.9913225,0.13027072
5233,0.59884995,0.67422885,2.306958,0.10798388
5234,0.57158446,0.65532583,2.1844828,0.11404007
5235,0.61562806,0.7344048,2.044363,0.004445592
5236,0.59116673,0.72178066,2.0716784,0.13020945
5237,0.5926748,0.6716879,2.1823423,0.12233868
5238,0.698912,0.72403175,2.0509365,0.16028297
5239,0.52113914,0.7272414,2.0257435,0.11493499
5240,0.5187938,0.7114976,2.0300643,0.14273682
5241,0.6916012,0.63651806,2.1836026,0.12686214
5242,0.4879323,0.6982447,2.1879892,0.12602845
5243,0.5129287,0.7503087,1.9989418,0.17683014
5244,0.68607324,0.76288146,2.2747092,0.15217215
5245,0.61134136,0.6817442,2.3127286,0.10847213
5246,0.48766857,0.7167157,2.060075,0.1571034
5247,0.5136797,0.6848921,2.2062893,0.16492918
5248,0.48415962,0.6451227,2.1254175,0.12267696
5249,0.60616386,0.75297314,2.1892405,0.10103486
5250,0.64055645,0.7615399,2.1727092,0.14604768
5251,0.52766854,0.6740148,1.9850967,0.12750195
5252,0.60097086,0.803953,2.068231,0.09468888
5253,0.726367,0.66769075,2.268151,0.09552113
5254,0.5492841,0.80185205,1.9811785,0.16597666
5255,0.66558415,0.72492754,2.25807,0.121024445
5256,0.44840753,0.70518774,2.132856,0.17418419
5257,0.6460313,0.8254655,2.0411294,0.18446353
5258,0.5270108,0.81230456,1.9835601,0.16332535
5259,0.66887736,0.73740035,2.143602,0.1520448
5260,0.58756477,0.69209707,2.0690448,0.14531998
5261,0.5092674,0.7760812,2.0781243,0.10380186
5262,0.619397,0.7226141,2.2410705,0.15232323
5263,0.47462866,0.7731703,2.168671,0.16093832
5264,0.5274494,0.63701075,2.0459442,0.1277518
5265,0.63310486,0.67311203,2.2691932,0.068818696
5266,0.6501702,0.63972497,2.136085,0.15800862
5267,0.5395767,0.7416396,2.2047515,0.106620885
5268,0.552579,0.79213285,2.1123495,0.15406768
5269,0.5994859,0.7816398,2.2993462,0.15506601
5270,0.69780177,0.6824195,2.147252,0.12899996
5271,0.720165,0.7105842,2.0642025,0.15362655
5272,0.5837779,0.65571076,2.208127,0.12232498
5273,0.7015114,0.7290563,2.0719695,0.07549137
5274,0.46040776,0.71916825,2.245128,0.15266167
5275,0.5196383,0.7898511,2.0431058,0.14860702
5276,0.5623692,0.6449452,2.1180315,0.12050222
5277,0.6956764,0.6340775,2.2669632,0.11583008
5278,0.5645648,0.67314243,2.1324015,0.106957756
5279,0.5387105,0.781441,2.1439583,0.07319494
5280,0.7065462,0.67179257,2.2852595,0.10996734
5281,0.5400256,0.68922484,2.117434,0.056596696
5282,0.6808175,0.73958796,2.1875439,0.19998339
5283,0.589407,0.74303395,2.3281145,0.14715233
5284,0.6470841,0.6215861,2.0587516,0.10656737
5285,0.6257531,0.64075655,2.1138759,0.13548626
5286,0.58208364,0.6943819,1.9797943,0.19618402
5287,0.5780091,0.7365961,2.1149178,0.08547919
5288,0.6079591,0.70894736,2.1496253,0.13099481
5289,0.6048554,0.6902113,2.1286135,0.095073864
5290,0.6911275,0.7189484,2.2905674,0.12625292
5291,0.51292825,0.77526957,1.9706736,0.18536694
5292,0.53841156,0.75603783,2.1152303,0.07873439
5293,0.42520905,0.763846,2.1283307,0.13628285
5294,0.47520697,0.8060466,2.0601425,0.090078294
5295,0.64010805,0.74342394,2.2404509,0.13665782
5296,0.7501043,0.69008195,2.3165116,0.1273039
5297,0.45221817,0.7611967,1.9988296,0.17170785
5298,0.7198347,0.702007,2.1825788,0.14930308
5299,0.7782995,0.6260751,2.2440841,0.10024803
5300,0.6911628,0.7938018,2.1440122,0.15000679
5301,0.5469603,0.67193717,2.0285456,0.13084486
5302,0.4936565,0.72595626,2.1213276,0.13416764
5303,0.603058,0.7025206,2.039613,0.15129381
5304,0.6081714,0.6950922,2.003926,0.12980126
5305,0.51605606,0.77527595,2.2841372,0.0589885
5306,0.5797832,0.8624398,2.1208932,0.1658597
5307,0.44620627,0.7118928,2.172369,0.11373747
5308,0.59505594,0.7724904,1.9211036,0.16010365
5309,0.6337791,0.70292723,2.1225533,0.12914737
5310,0.5677912,0.65754765,1.9708076,0.10894106
5311,0.49179047,0.61180264,2.0879734,0.110929094
5312,0.5648362,0.71469134,2.1686153,0.17031692
5313,0.60582215,0.722091,2.2103217,0.10847349
5314,0.6088139,0.7242745,2.020335,0.10815311
5315,0.62888056,0.69716126,2.2816489,0.10409168
5316,0.5597391,0.71023184,2.0768876,0.12419555
5317,0.63489944,0.7189526,2.1413264,0.1443163
5318,0.63081753,0.7178425,2.015782,0.13556466
5319,0.51123536,0.7589352,2.2197967,0.102101825
5320,0.6535105,0.7352602,2.2624316,0.06889529
5321,0.6632849,0.7228132,1.995698,0.12398757
5322,0.6077275,0.76287246,2.178348,0.1301171
5323,0.66440535,0.6611333,2.192314,0.0724331
5324,0.5890572,0.71782386,2.1802552,0.11939779
5325,0.5669241,0.78039527,2.1759632,0.13202895
5326,0.5933919,0.80885863,2.324189,0.11161055
5327,0.57344043,0.75866836,2.01568,0.18213658
5328,0.54478127,0.6738703,2.0314054,0.11772451
5329,0.6160521,0.71349347,2.1949089,0.17032202
5330,0.4605404,0.7963351,2.1279228,0.081079915
5331,0.5687283,0.71436673,2.0530734,0.16161726
5332,0.55244344,0.756105,2.155199,0.17903566
5333,0.52236813,0.733912,2.2048073,0.16465989
5334,0.634758,0.67656636,2.170735,0.116699666
5335,0.55482584,0.7894862,2.1689157,0.13364089
5336,0.6950282,0.6341129,2.0172527,0.12710582
5337,0.55974984,0.7653684,2.1731243,0.11399562
5338,0.57960075,0.6604755,2.1568522,0.102026284
5339,0.5705715,0.7441411,2.2192795,0.12308937
5340,0.570509,0.82496536,2.1222527,0.17044555
5341,0.62962663,0.65809566,2.1275792,0.16688354
5342,0.4892642,0.7807959,2.321886,0.10920848
5343,0.47381735,0.7517803,2.1034715,0.14796801
5344,0.5926966,0.7650591,2.3157575,0.18860137
5345,0.672657,0.7297244,2.3745494,0.15009855
5346,0.4707022,0.7566274,2.0402172,0.19795008
5347,0.4703336,0.666002,2.0828338,0.16887634
5348,0.66187954,0.66936064,2.0539176,0.16623494
5349,0.61887455,0.8398368,2.222567,0.1354116
5350,0.54983616,0.6268861,1.954404,0.12836227
5351,0.64789575,0.7074171,2.3240168,0.1401994
5352,0.48162407,0.65692586,2.1801846,0.13745953
5353,0.59355253,0.7142667,2.1493914,0.1587688
5354,0.48534453,0.6474609,2.0739748,0.10332847
5355,0.67861664,0.69384694,2.3618004,0.1406779
5356,0.5982821,0.7999044,2.1761682,0.15259324
5357,0.59860575,0.64003414,2.3000293,0.14281261
5358,0.5553337,0.59480935,1.9995747,0.18735874
5359,0.6595035,0.78165907,2.1216516,0.15931693
5360,0.63545346,0.7185354,1.9683707,0.15288918
5361,0.5887703,0.77686334,2.3740518,0.13294871
5362,0.60802376,0.7462634,2.1541514,0.15048379
5363,0.6184116,0.7070689,2.4488575,0.08419458
5364,0.5830786,0.78797233,2.3978662,0.11799281
5365,0.6610985,0.75047225,2.0307353,0.18219703
5366,0.5509639,0.7487894,1.9523987,0.13965288
5367,0.76003253,0.69974077,2.015598,0.20245746
5368,0.57807356,0.6978968,2.1479537,0.07004771
5369,0.61398923,0.65329766,1.9958957,0.14520195
5370,0.7115545,0.7399455,2.170951,0.08443783
5371,0.63449264,0.7366941,2.223344,0.1579378
5372,0.5422101,0.746824,2.2342994,0.15089415
5373,0.4820273,0.63617605,2.0613115,0.12683296
5374,0.72435033,0.6421214,2.1760557,0.16076563
5375,0.49876267,0.77640146,2.3094625,0.13388053
5376,0.7157425,0.6612082,2.0836654,0.14171383
5377,0.4660196,0.7714089,1.9712559,0.14372009
5378,0.58745384,0.74974084,2.147251,0.16024801
5379,0.631285,0.62158376,2.1622326,0.16124965
5380,0.5646674,0.7408628,2.0832443,0.14794703
5381,0.6946955,0.7173259,2.1055021,0.1245285
5382,0.52139974,0.7499662,2.2318566,0.100449964
5383,0.5100524,0.74630165,2.4688888,0.09692098
5384,0.64431554,0.77450794,2.2511125,0.116251186
5385,0.72620225,0.6589899,2.2324204,0.1373947
5386,0.5875587,0.71288484,2.229553,0.09557998
5387,0.70776147,0.68487537,2.0476809,0.12743089
5388,0.51664054,0.6659197,2.2044032,0.1376327
5389,0.4953372,0.7762186,2.2362623,0.20369287
5390,0.659453,0.69391495,2.4475904,0.15416329
5391,0.56138855,0.7158497,2.1509411,0.10487438
5392,0.53012246,0.7847758,2.2715824,0.15285237
5393,0.64334744,0.6899784,2.0959725,0.13592613
5394,0.54398453,0.7096667,2.1211088,0.19980702
5395,0.60793895,0.7817428,2.0483663,0.14370732
5396,0.56501114,0.7444199,2.128678,0.11288246
5397,0.6844937,0.7118813,1.9823844,0.15242362
5398,0.6624549,0.7416865,2.2551184,0.13573907
5399,0.69105864,0.7118488,2.1715283,0.17605102
5400,0.5911995,0.6652527,2.1025798,0.16622275
5401,0.6194557,0.7867472,2.196007,0.1400659
5402,0.63953286,0.7209893,2.3013465,0.12708567
5403,0.6059159,0.6686085,2.0836344,0.17279498
5404,0.5619278,0.60024077,2.070222,0.14829525
5405,0.5599347,0.63072085,2.3085685,0.15196632
5406,0.605705,0.65469235,2.2180514,0.16158448
5407,0.4751101,0.7316379,1.9468129,0.12559636
5408,0.6349253,0.69643563,2.1587112,0.20621626
5409,0.6240447,0.6790923,2.206613,0.1506774
5410,0.56881684,0.70616794,2.0701585,0.09637862
5411,0.6500487,0.68247336,2.2122748,0.14086917
5412,0.588974,0.65456,2.2734838,0.10106479
5413,0.624854,0.6992963,2.3053787,0.14181696
5414,0.5727247,0.6380359,2.2823744,0.12930481
5415,0.60416573,0.74147,2.2090793,0.17705318
5416,0.52327615,0.7071048,2.1797645,0.13338219
5417,0.6796497,0.6921523,2.1827726,0.1518963
5418,0.5077741,0.68593395,2.1104112,0.094684646
5419,0.566366,0.68940246,2.0997846,0.1494249
5420,0.5896421,0.77886856,2.138424,0.11443539
5421,0.573587,0.75863284,2.032041,0.1335476
5422,0.6011162,0.7483027,2.0371165,0.1059738
5423,0.59016854,0.81162703,2.1825957,0.1682841
5424,0.5004235,0.667836,2.27913,0.10392609
5425,0.5557929,0.7683868,2.2062364,0.13665618
5426,0.695241,0.7043567,2.2074015,0.14892937
5427,0.6379412,0.6964247,2.218971,0.101348944
5428,0.66781217,0.7569686,2.3075194,0.14838989
5429,0.6903792,0.71404845,2.2107122,0.108210534
5430,0.65289336,0.6835354,2.17853,0.12315665
5431,0.47120008,0.7030746,2.1640093,0.14552005
5432,0.5507354,0.77778375,2.0949905,0.12741792
5433,0.56357354,0.8173998,2.2243025,0.10989587
5434,0.5605339,0.7803739,2.0874264,0.104248844
5435,0.5139038,0.7117416,1.986109,0.14706615
5436,0.60360485,0.72392714,2.3911445,0.108558096
5437,0.6650251,0.6717033,2.175947,0.16021211
5438,0.59346724,0.6854914,2.1428688,0.13225307
5439,0.6785716,0.6689688,2.1900249,0.16115157
5440,0.65252024,0.6208678,2.2417426,0.13625482
5441,0.54070276,0.7284543,2.0310283,0.18984506
5442,0.54798514,0.68400735,2.0412445,0.13909729
5443,0.5997208,0.68597734,1.9776571,0.161122
5444,0.5761257,0.81035924,2.135446,0.11117376
5445,0.76416403,0.74718934,2.2822008,0.14449227
5446,0.60115564,0.76738185,2.1489708,0.15348995
5447,0.6904206,0.6996141,2.1848385,0.12202545
5448,0.49204203,0.6886038,2.0424585,0.17671609
5449,0.5887082,0.7234056,2.2215357,0.17490159
5450,0.5246159,0.7107832,2.3943202,0.13554989
5451,0.6122451,0.71809334,1.9547256,0.13870282
5452,0.54807585,0.6239756,2.2163525,0.09720483
5453,0.5654092,0.7048023,2.2920716,0.119252466
5454,0.69270885,0.70610285,2.186382,0.06599944
5455,0.47311956,0.75689006,2.0897944,0.123462066
5456,0.5645143,0.77714235,2.1972723,0.1036259
5457,0.6350962,0.69522786,2.2327642,0.15342969
5458,0.44473302,0.7315809,2.1134374,0.12882802
5459,0.5735828,0.6858017,2.2095728,0.14368828
5460,0.56405807,0.6632548,2.0836968,0.095805116
5461,0.5466473,0.7559383,2.191776,0.11026789
5462,0.7312624,0.6786137,2.1648297,0.11864207
5463,0.4262708,0.8494415,2.1519375,0.16111092
5464,0.5160395,0.71206445,2.1306462,0.17725724
5465,0.6249055,0.74691075,2.3094254,0.1298856
5466,0.57553864,0.77684057,2.118736,0.17037168
5467,0.49781072,0.6327117,2.1888802,0.096983224
5468,0.43664303,0.6926258,2.1448526,0.17603713
5469,0.65212464,0.7010041,2.353483,0.12597081
5470,0.39997044,0.7359557,2.1663225,0.1820575
5471,0.6908065,0.6949461,2.1744053,0.14929211
5472,0.5013266,0.84261686,2.2192297,0.13196635
5473,0.58328193,0.7375703,2.2209637,0.13739268
5474,0.5698809,0.73763263,1.9541825,0.15949869
5475,0.66858274,0.7383254,2.0951738,0.19386391
5476,0.6084058,0.7904375,2.071883,0.13499804
5477,0.5930529,0.7803495,2.1184201,0.13303359
5478,0.556427,0.81408423,2.252707,0.17218876
5479,0.67873067,0.619453,2.1559474,0.12473992
5480,0.6054102,0.71413237,2.1738503,0.12446183
5481,0.48637214,0.7772713,2.047539,0.12316002
5482,0.58943796,0.8333954,2.0479977,0.12645265
5483,0.5368712,0.79698884,2.0789502,0.13866387
5484,0.5125616,0.79517245,2.0031147,0.1283376
5485,0.7155308,0.6463351,2.355526,0.15427025
5486,0.50458884,0.67713827,2.1025302,0.18862133
5487,0.6329411,0.63557553,2.2110379,0.12393322
5488,0.7034433,0.7161855,2.1941898,0.14140686
5489,0.5237493,0.89837354,2.2524548,0.15089984
5490,0.64210653,0.7414389,2.1502435,0.1598744
5491,0.4086455,0.65985346,2.2537384,0.058181066
5492,0.5212951,0.6686262,2.3912504,0.08993937
5493,0.6568175,0.73877686,2.136771,0.116687566
5494,0.6520512,0.71430355,2.0525744,0.19013897
5495,0.5553617,0.7045757,2.0279813,0.15892199
5496,0.53379035,0.7818754,2.2042146,0.13447428
5497,0.54978454,0.74597543,2.0301511,0.15884255
5498,0.54713184,0.6845194,2.214838,0.18627921
5499,0.62286085,0.7200426,2.0345316,0.11731638
5500,0.58117926,0.7242422,2.0444934,0.14010258
5501,0.42631447,0.7520923,2.164211,0.11586961
5502,0.6057875,0.58871144,2.420113,0.09551464
5503,0.67097694,0.76219386,2.2701132,0.1539091
5504,0.6983626,0.71285063,2.2189777,0.10374241
5505,0.579802,0.71701705,2.175028,0.049466234
5506,0.66762847,0.6823692,2.3050008,0.17316686
5507,0.5540254,0.69115186,2.1230366,0.13318299
5508,0.6007569,0.64701194,2.118153,0.08707776
5509,0.6922535,0.7140118,2.3171573,0.10443487
5510,0.71964705,0.68780583,2.2863102,0.13330597
5511,0.53622365,0.71515167,2.1295226,0.14825913
5512,0.5653333,0.73860353,2.1606574,0.13694869
5513,0.49106193,0.74647015,2.197511,0.14046846
5514,0.7031288,0.695537,2.227482,0.19127609
5515,0.57683176,0.70787627,2.0394177,0.08091833
5516,0.58933353,0.7432908,2.1315002,0.15549317
5517,0.60516,0.7400472,2.308125,0.09586765
5518,0.5870267,0.7078321,2.1394873,0.10562604
5519,0.5709972,0.77985406,2.1430812,0.12142172
5520,0.6987858,0.730256,2.3533719,0.09122457
5521,0.55006933,0.75781095,2.1998084,0.14308366
5522,0.55857265,0.66893226,2.2149415,0.14688802
5523,0.5017368,0.7022771,1.9853548,0.13186139
5524,0.7015827,0.7121545,2.3016026,0.16265373
5525,0.61778516,0.66275394,2.2293997,0.13813211
5526,0.51642615,0.7296548,2.0425828,0.14497615
5527,0.68869305,0.8035751,2.1497438,0.118467614
5528,0.64237154,0.76546395,2.2271233,0.11125088
5529,0.5736148,0.74967694,2.1100128,0.14209181
5530,0.60703075,0.7522325,2.0521665,0.17134899
5531,0.6825283,0.63339394,2.1892102,0.11204694
5532,0.60840994,0.7213518,2.014408,0.18385868
5533,0.57868934,0.75421315,2.1822283,0.13055041
5534,0.62820005,0.7684285,2.2080984,0.10789629
5535,0.6283375,0.67628264,2.1401448,0.13347143
5536,0.5255827,0.7878008,2.0082033,0.11374054
5537,0.7214384,0.65856826,2.15792,0.14904383
5538,0.5923303,0.69523823,2.0783348,0.11481024
5539,0.6253415,0.5880965,2.2347019,0.12909837
5540,0.61121094,0.69591695,2.0175457,0.17472756
5541,0.62090695,0.6117209,2.2012968,0.13748883
5542,0.5148304,0.75624585,2.0891292,0.14098439
5543,0.4816639,0.6752518,2.0372417,0.1077307
5544,0.56425446,0.7555712,2.205007,0.14759134
5545,0.60705113,0.63075376,1.977823,0.14246023
5546,0.7042385,0.7091718,2.2728553,0.12777708
5547,0.70462453,0.82946986,2.081341,0.120606795
5548,0.6916321,0.73439544,2.1462138,0.16238645
5549,0.64924157,0.662234,2.0867271,0.17145698
5550,0.6848321,0.7207452,1.9836854,0.16519544
5551,0.60742575,0.75378203,2.190898,0.16068505
5552,0.66122955,0.7150444,2.2180474,0.1358261
5553,0.59598505,0.7727891,1.9918269,0.1195996
5554,0.63929313,0.6655273,1.9539953,0.20476124
5555,0.5096771,0.776002,2.1476495,0.14808738
5556,0.5573122,0.7386306,2.157836,0.15061398
5557,0.67133456,0.7833814,2.1012652,0.12099606
5558,0.64433473,0.72789055,2.102674,0.13946684
5559,0.5961684,0.7634258,2.105715,0.09096849
5560,0.53627247,0.6862982,2.0689921,0.1537828
5561,0.6980705,0.67762655,2.2140656,0.1383827
5562,0.6638037,0.6773522,2.1088638,0.18657649
5563,0.663451,0.6862228,2.1670816,0.111761935
5564,0.6155732,0.69544476,2.174734,0.086699374
5565,0.6681821,0.7431773,2.0590694,0.13847174
5566,0.64923555,0.75298643,2.1421537,0.16754755
5567,0.63742566,0.78025585,1.9916071,0.18245395
5568,0.6162729,0.7416415,2.1068382,0.13791378
5569,0.5945537,0.796131,1.988581,0.2021037
5570,0.5491907,0.65880585,2.0595467,0.09999227
5571,0.58314246,0.7188643,2.0180242,0.07881726
5572,0.6871614,0.80003184,2.1972826,0.08927662
5573,0.59136903,0.689137,2.1626241,0.19061755
5574,0.47374892,0.802919,2.0746756,0.12388217
5575,0.60721266,0.6909784,1.9718655,0.11985571
5576,0.607278,0.798478,2.1371734,0.1322863
5577,0.5741457,0.6344037,2.0875783,0.1452649
5578,0.7304033,0.71210843,2.1457937,0.17216152
5579,0.6197493,0.7283953,2.0716233,0.14046976
5580,0.64050996,0.76557946,2.2436352,0.18722461
5581,0.66933435,0.77989393,2.0727918,0.11336008
5582,0.62160426,0.6846396,2.146748,0.1526399
5583,0.62458295,0.73860645,2.0875306,0.19702685
5584,0.65377975,0.6433294,2.0791886,0.16727321
5585,0.6927492,0.763213,2.3199587,0.12952429
5586,0.71409297,0.8016059,2.2694666,0.14338286
5587,0.7038853,0.72788304,2.182866,0.16781047
5588,0.62998545,0.76702124,2.2425675,0.16743341
5589,0.5054742,0.6828861,2.1392717,0.133017
5590,0.57786703,0.6683113,2.0284193,0.122258596
5591,0.6559354,0.71558666,2.1435776,0.14823793
5592,0.6431283,0.712935,2.0927665,0.14405559
5593,0.7091662,0.705591,2.028668,0.1587659
5594,0.5571183,0.81054306,2.080913,0.14402533
5595,0.60554236,0.7285061,2.1783361,0.14076671
5596,0.7170733,0.7503332,1.9946603,0.16004626
5597,0.70979226,0.7868318,2.02838,0.09302201
5598,0.5743905,0.7312763,2.106402,0.13452527
5599,0.54900974,0.7127412,2.1026337,0.14999272
5600,0.54782367,0.6935733,1.9055178,0.12019004
5601,0.659981,0.7086084,2.1645448,0.101310775
5602,0.7209856,0.7476071,2.0742702,0.123796515
5603,0.6042936,0.78960913,2.0434725,0.17154479
5604,0.468604,0.7649571,2.1238189,0.15955538
5605,0.59967405,0.62963235,2.3448074,0.13694663
5606,0.5148873,0.6875477,2.1978903,0.14582777
5607,0.6695232,0.71023285,2.3819988,0.13066795
5608,0.651197,0.6525956,2.2152681,0.11049035
5609,0.56415516,0.68680197,1.9843322,0.14969127
5610,0.5671088,0.7381728,2.2105312,0.11108415
5611,0.5453593,0.7182017,2.1210618,0.098312445
5612,0.48820686,0.6691747,2.1677122,0.10965367
5613,0.67373407,0.70390236,2.2692127,0.1302957
5614,0.5205823,0.8422345,2.1024134,0.14389573
5615,0.531661,0.63189757,2.2569244,0.11647977
5616,0.6258458,0.63266486,2.3703961,0.11264558
5617,0.6115458,0.58293355,2.3914254,0.06048976
5618,0.555163,0.7151593,2.1516244,0.114069074
5619,0.5725705,0.6276862,2.0312772,0.16349457
5620,0.6517668,0.77261966,2.3350344,0.14546734
5621,0.6510592,0.6094668,2.2266872,0.16103393
5622,0.56662285,0.71481675,2.109998,0.12294531
5623,0.5489157,0.6673067,2.0225146,0.1558373
5624,0.45012102,0.7878925,2.1354873,0.1279632
5625,0.58926237,0.75886583,2.024613,0.17574248
5626,0.63122773,0.6822876,2.2473342,0.14354159
5627,0.5598246,0.76932764,2.0270731,0.17226203
5628,0.6916117,0.6693098,2.1622198,0.103418626
5629,0.6967812,0.6130583,2.0015788,0.14476305
5630,0.75221455,0.6923315,2.1109898,0.12543468
5631,0.68699944,0.6981506,2.0910208,0.14971358
5632,0.529152,0.66840446,2.0352995,0.13701831
5633,0.58475935,0.7105071,2.1399872,0.16584012
5634,0.5923283,0.80563414,2.208774,0.11368511
5635,0.559331,0.7292408,2.240304,0.09873568
5636,0.6092922,0.68767905,2.2368138,0.12741904
5637,0.6430058,0.74382335,2.2641473,0.114017315
5638,0.62421733,0.8194107,2.2599354,0.12801324
5639,0.4975414,0.7848613,2.053635,0.123587824
5640,0.66354084,0.6167606,2.2926748,0.09268378
5641,0.7111305,0.7013739,2.0310998,0.13641542
5642,0.5447992,0.7009282,2.1964824,0.071014345
5643,0.5673737,0.73744464,2.1861002,0.12715147
5644,0.4450188,0.70641434,2.0745072,0.18965514
5645,0.60021096,0.6604146,2.2234347,0.18698879
5646,0.69219947,0.6986157,2.2586224,0.13639012
5647,0.57640064,0.7120114,2.215466,0.13161789
5648,0.5640866,0.71584725,1.960997,0.17735521
5649,0.6143433,0.6984962,1.9993461,0.15479068
5650,0.66896206,0.7580417,2.171916,0.12851717
5651,0.69820535,0.7014692,2.154983,0.16130385
5652,0.6042127,0.7464948,2.1695516,0.1598586
5653,0.5632272,0.75964314,2.0908036,0.09377817
5654,0.4631414,0.7559634,2.0340178,0.13112627
5655,0.6499075,0.6845221,2.1796007,0.20646165
5656,0.70881265,0.71384126,2.3191965,0.17215699
5657,0.70021015,0.79792994,2.1241176,0.13851371
5658,0.54313034,0.746244,2.0256422,0.10196631
5659,0.69478536,0.75267375,2.1352444,0.1867666
5660,0.45884532,0.67276376,2.004902,0.07766375
5661,0.6330557,0.68171304,2.0665464,0.14631544
5662,0.51585263,0.7479312,2.1201842,0.10947924
5663,0.6123674,0.7980549,2.1743393,0.18444195
5664,0.59195673,0.71403795,2.0719554,0.16131395
5665,0.6520593,0.6472062,2.0035048,0.18423223
5666,0.66324544,0.7320668,2.0874429,0.18868111
5667,0.5587468,0.73288375,2.243075,0.1530354
5668,0.60932094,0.7242925,2.3047783,0.10592271
5669,0.6494686,0.7595441,2.1504896,0.20565456
5670,0.5865697,0.7453476,2.0495067,0.15301841
5671,0.68607754,0.67606646,2.4310517,0.112380356
5672,0.7268933,0.8018924,2.0779383,0.14845832
5673,0.6253475,0.7069436,2.0819824,0.12687755
5674,0.65930176,0.73613894,2.1044455,0.11189547
5675,0.62001336,0.75824726,2.04939,0.10638913
5676,0.5960494,0.70716166,2.1849198,0.1031523
5677,0.6937623,0.77035993,2.2257586,0.103035614
5678,0.4670526,0.78529626,2.0335252,0.15750028
5679,0.5772616,0.7474033,2.0597146,0.13970561
5680,0.5597143,0.6748643,2.1401033,0.104861826
5681,0.60292137,0.700175,2.0835726,0.12508957
5682,0.7007554,0.72206736,2.01536,0.2041891
5683,0.6386459,0.7348745,2.0962205,0.11649922
5684,0.39088637,0.676002,2.032064,0.11765244
5685,0.60315055,0.7089353,2.3255816,0.14500064
5686,0.6176692,0.7646189,2.1759834,0.08995802
5687,0.5472044,0.661979,2.3172655,0.10242418
5688,0.5993,0.5791192,2.240437,0.10030387
5689,0.64561975,0.6161951,2.1686938,0.090645894
5690,0.6101078,0.69030577,2.150566,0.13603827
5691,0.5820667,0.7145591,2.31311,0.13063727
5692,0.6164444,0.63531333,2.3007567,0.13916433
5693,0.57947165,0.749658,2.482558,0.117950626
5694,0.5162908,0.74537057,2.0736573,0.068963006
5695,0.5806684,0.75766534,2.2870274,0.11638245
5696,0.492558,0.6687271,2.0601,0.13004805
5697,0.61419606,0.68433094,2.082744,0.1558502
5698,0.5839294,0.83069104,2.2542355,0.15168713
5699,0.75370145,0.70703644,2.3182387,0.11217006
5700,0.6398914,0.7167953,2.0746036,0.14443666
5701,0.6498747,0.7106669,2.034178,0.17266142
5702,0.65779835,0.7659447,1.9995539,0.14088969
5703,0.5893724,0.707375,2.2829642,0.10329616
5704,0.5184737,0.73658735,2.150148,0.12181233
5705,0.69474703,0.71162456,2.1579876,0.10682521
5706,0.6060765,0.7221502,2.1653938,0.12845653
5707,0.5575195,0.79797214,2.065709,0.091674805
5708,0.71536756,0.60293895,2.2887313,0.14129376
5709,0.5490523,0.625857,2.0459146,0.12908436
5710,0.7002871,0.6755368,2.1742303,0.101339795
5711,0.570843,0.7042352,2.0307546,0.17194659
5712,0.6281916,0.6618557,2.1998758,0.060972136
5713,0.57714826,0.56012684,2.1551495,0.17377058
5714,0.64364165,0.7949866,2.0936887,0.1698295
5715,0.6361906,0.72365624,2.215358,0.15072581
5716,0.7143213,0.7177007,2.1302562,0.12479613
5717,0.65770656,0.66514456,2.1776679,0.116983704
5718,0.62169737,0.68944055,2.1473253,0.15947758
5719,0.641582,0.7149131,2.0536482,0.10526943
5720,0.53947395,0.715024,2.0619254,0.04506651
5721,0.7628607,0.6818137,2.357146,0.18054937
5722,0.556215,0.6606695,2.1128936,0.17382702
5723,0.57949257,0.77095056,2.1134617,0.10827284
5724,0.58258194,0.68586457,2.1609154,0.15744266
5725,0.45585692,0.7641961,2.0904336,0.19068557
5726,0.5949865,0.6675327,2.1905944,0.14466904
5727,0.487564,0.65938395,2.260594,0.1323037
5728,0.44634974,0.7198685,2.2816389,0.13117774
5729,0.70930904,0.7142961,2.0880296,0.17683493
5730,0.58793616,0.7743229,2.0289035,0.13279606
5731,0.4659579,0.75471485,2.2377944,0.0739446
5732,0.5610524,0.67335427,2.032471,0.13664329
5733,0.60917205,0.7474062,2.294857,0.12963507
5734,0.5615258,0.80758625,2.186586,0.13822405
5735,0.6787843,0.64070475,2.0979354,0.1836681
5736,0.6124709,0.84831893,2.266604,0.11209906
5737,0.6995217,0.77454597,2.2690318,0.13143377
5738,0.68212646,0.6343462,2.0140736,0.14568992
5739,0.47307754,0.70670986,2.2068472,0.12658179
5740,0.6902684,0.6349184,2.1078832,0.16499251
5741,0.4475729,0.7935569,2.1459541,0.15363172
5742,0.5075497,0.77013934,2.0983224,0.12435676
5743,0.591894,0.7401359,2.003436,0.14617793
5744,0.63246155,0.7002081,2.1407146,0.18134753
5745,0.58045626,0.6170429,2.111053,0.08374542
5746,0.6482264,0.7197585,2.0669866,0.15155189
5747,0.67814267,0.655909,2.218889,0.1391228
5748,0.49749044,0.64500207,2.1852987,0.11637781
5749,0.53072125,0.762572,2.1872709,0.10139901
5750,0.61283374,0.68900365,2.1951556,0.12482042
5751,0.67133373,0.7448544,2.2569585,0.13642396
5752,0.62005734,0.6823489,2.2461329,0.10213372
5753,0.61527133,0.74053603,2.2309039,0.12983769
5754,0.57611775,0.65546685,2.0941703,0.17469478
5755,0.5667278,0.7035412,2.1016011,0.1466514
5756,0.48880446,0.7303902,2.0399828,0.12724708
5757,0.63472044,0.71124476,2.3662772,0.14110707
5758,0.59692836,0.74179643,2.416495,0.09241225
5759,0.6296559,0.6963583,2.0780098,0.18063702
5760,0.59590936,0.74906665,2.0915568,0.1282594
5761,0.467253,0.7970268,2.125984,0.06872824
5762,0.5958493,0.62970275,2.1637704,0.21232037
5763,0.6546373,0.72719926,2.3636014,0.12963206
5764,0.5526,0.8372705,2.1309385,0.091243915
5765,0.5421014,0.8428593,2.24758,0.10877532
5766,0.5510898,0.6991593,2.098967,0.13181272
5767,0.55068356,0.7945554,2.0932415,0.084106326
5768,0.69633245,0.7257961,2.1712525,0.13783681
5769,0.45078206,0.6993605,1.9447658,0.08564705
5770,0.7085059,0.7551412,2.1315804,0.11617977
5771,0.6151824,0.7196302,2.2597663,0.13305953
5772,0.6585261,0.6844693,2.1912932,0.16094609
5773,0.4676947,0.652978,2.12553,0.15620102
5774,0.49499398,0.7225244,2.0746813,0.1263808
5775,0.6675405,0.76123226,2.2657557,0.123513415
5776,0.41568533,0.6542526,1.9267701,0.13563365
5777,0.67374593,0.6573543,2.3410335,0.11537682
5778,0.50016075,0.6567378,2.283429,0.10246417
5779,0.5400353,0.66453224,1.9890534,0.13616647
5780,0.62549484,0.6318551,2.1574159,0.17224665
5781,0.50192755,0.7042186,2.0832205,0.19880395
5782,0.60646385,0.63657975,2.1798081,0.13801654
5783,0.5402713,0.68668103,2.1623526,0.11746133
5784,0.6034707,0.6413999,2.138436,0.13732259
5785,0.5726116,0.7787598,2.0822997,0.108757496
5786,0.55832225,0.7262037,2.1010752,0.1312915
5787,0.6490296,0.73099357,2.1235745,0.14285707
5788,0.7043866,0.7911432,2.1285226,0.109061874
5789,0.60407877,0.8444019,2.2711332,0.10680013
5790,0.48557898,0.6225511,1.9960624,0.10269211
5791,0.5625552,0.76755005,2.2293012,0.16767503
5792,0.5241686,0.74507225,2.0885696,0.123493575
5793,0.61356604,0.6769808,2.121073,0.18415396
5794,0.6199793,0.69088113,2.0272393,0.13236266
5795,0.536797,0.66891956,2.0349145,0.14890324
5796,0.6651263,0.7431624,2.0115514,0.11386214
5797,0.71430886,0.6541792,2.3223038,0.15741085
5798,0.68705624,0.6074425,2.09697,0.11323595
5799,0.5178083,0.6562551,2.0450308,0.12061669
5800,0.6324331,0.6992665,2.1326199,0.20685874
5801,0.5408651,0.75554526,2.3212118,0.13989344
5802,0.6499569,0.71058834,2.0590699,0.11119199
5803,0.5689182,0.7086184,2.1301901,0.14444144
5804,0.40996954,0.6578866,2.060404,0.06750363
5805,0.66416353,0.7212393,2.4289167,0.12682152
5806,0.54504234,0.7200555,2.116302,0.1545901
5807,0.59243727,0.6744684,2.1770284,0.15110102
5808,0.55265117,0.7813338,1.9851506,0.11025672
5809,0.65659803,0.74050164,2.1655338,0.13263649
5810,0.5762995,0.725237,2.2399423,0.14165181
5811,0.5879616,0.76412296,2.1365843,0.12642989
5812,0.67485386,0.66821116,2.1488664,0.15683323
5813,0.6759297,0.7046088,2.1648953,0.22154431
5814,0.5464045,0.7302222,2.0959105,0.10960918
5815,0.58712727,0.7234822,2.1689768,0.14204982
5816,0.578273,0.7736319,2.3932333,0.11508568
5817,0.66033024,0.61132777,2.2290206,0.11013014
5818,0.6576411,0.6906287,2.2130964,0.09858669
5819,0.56172764,0.68514204,2.0280273,0.1653088
5820,0.6509286,0.6626249,2.0909433,0.14725353
5821,0.6010946,0.66199607,2.0908148,0.1383328
5822,0.5602172,0.7538911,2.1094415,0.122516096
5823,0.5604793,0.73302823,2.113652,0.07819573
5824,0.5783626,0.75760067,2.0474093,0.17268828
5825,0.63560355,0.65920967,2.4950538,0.14093286
5826,0.6397279,0.82147,2.2571266,0.09862906
5827,0.6481914,0.6738639,2.1414683,0.12432717
5828,0.6595633,0.747527,2.200105,0.0950693
5829,0.6515594,0.65778077,2.06507,0.12645791
5830,0.63464814,0.6381237,2.01609,0.13128516
5831,0.61566746,0.79209316,2.0345182,0.1174133
5832,0.77940834,0.6990933,2.1593497,0.13965473
5833,0.69494414,0.7158472,2.237401,0.13561827
5834,0.55283433,0.7125043,2.103932,0.20490173
5835,0.6286643,0.7255953,2.2791495,0.15281452
5836,0.51251155,0.67408246,1.9323668,0.12353435
5837,0.6250344,0.7282709,2.1357276,0.14193597
5838,0.50094956,0.6617156,2.2518287,0.0801946
5839,0.56078035,0.6956836,2.2215745,0.046298284
5840,0.67230713,0.66839504,2.3816307,0.15314806
5841,0.57138735,0.6839722,2.048814,0.12304578
5842,0.49547857,0.7174882,2.055832,0.12089591
5843,0.604839,0.61975056,2.0824208,0.15075052
5844,0.5944392,0.7524811,2.1121774,0.12823395
5845,0.45946735,0.83197147,2.0582287,0.063646786
5846,0.5356855,0.68235016,2.0421622,0.13219373
5847,0.6023131,0.74028534,2.1704376,0.16223124
5848,0.5617665,0.70197105,2.0216327,0.161944
5849,0.6240702,0.7099262,2.2191806,0.10979744
5850,0.6347639,0.76846814,2.2444484,0.1220659
5851,0.56214756,0.61898524,2.0194328,0.13374522
5852,0.5719443,0.69754386,2.0510283,0.10543
5853,0.56522983,0.691663,1.9773003,0.14331812
5854,0.6440588,0.86363053,2.0834026,0.19166689
5855,0.5143253,0.7342463,2.0846498,0.15391271
5856,0.5655276,0.72533673,2.207941,0.1395414
5857,0.7075752,0.6934238,2.0192344,0.10137748
5858,0.60172725,0.7587829,2.1902676,0.08091939
5859,0.66124386,0.7404117,2.0840647,0.1639095
5860,0.61470866,0.7313688,2.246296,0.19505522
5861,0.5872653,0.73546463,2.0991485,0.14149608
5862,0.6184669,0.63412434,2.1063936,0.136719
5863,0.6637775,0.7261484,2.1148477,0.14649244
5864,0.5566179,0.67393225,2.1191137,0.14350483
5865,0.68097883,0.7813537,2.0759723,0.14336129
5866,0.39212865,0.7715891,2.1062224,0.15545474
5867,0.5626966,0.8473781,2.2908762,0.18608272
5868,0.6734513,0.61373925,2.2532904,0.109967016
5869,0.60418785,0.64621437,1.9699478,0.13017628
5870,0.6435812,0.71148473,2.1307447,0.16659227
5871,0.47461483,0.7968494,2.2454214,0.1350975
5872,0.6931718,0.69587576,2.157358,0.12133317
5873,0.5802189,0.7121185,2.178113,0.13011435
5874,0.5654659,0.7004212,2.1562006,0.1087988
5875,0.6008409,0.7197793,2.0590987,0.16044082
5876,0.70088357,0.6822239,2.0783446,0.15534605
5877,0.61443245,0.6559805,2.1593943,0.13710235
5878,0.5859393,0.83876884,2.2594016,0.13678192
5879,0.59088266,0.7170401,2.4057605,0.13445736
5880,0.71092737,0.74072284,2.2167766,0.16013342
5881,0.67649096,0.75108135,2.3701875,0.12717308
5882,0.73327893,0.7328858,2.077734,0.15888889
5883,0.60843074,0.64626676,2.2343736,0.1694341
5884,0.5206319,0.6807145,2.1707203,0.14067963
5885,0.5640357,0.7395977,2.0595286,0.15258214
5886,0.71525955,0.7457251,2.158423,0.1792147
5887,0.6594389,0.7250358,2.0081654,0.15966436
5888,0.6993462,0.65671414,2.1554387,0.09794113
5889,0.60439473,0.68667287,2.0466497,0.17118566
5890,0.6890988,0.7381008,2.0546658,0.13304244
5891,0.7134647,0.6880334,2.0570664,0.14971264
5892,0.72482723,0.6973417,2.2542849,0.10679084
5893,0.66816586,0.7391988,2.0601296,0.17143703
5894,0.53234357,0.69262743,2.163136,0.1618653
5895,0.48953268,0.64765185,2.1793234,0.18257372
5896,0.5706304,0.7696643,2.0861754,0.10464001
5897,0.73061854,0.78055775,2.2657406,0.15191352
5898,0.6763754,0.67728674,2.2963326,0.15267561
5899,0.49261606,0.7325269,2.0318758,0.051208623
5900,0.5592251,0.728406,2.171376,0.110187925
5901,0.5913552,0.67651725,2.0748658,0.08000863
5902,0.57689434,0.70400006,2.1455312,0.09909197
5903,0.7351039,0.6464092,2.4426253,0.09979375
5904,0.56721467,0.7266653,2.0155017,0.14138332
5905,0.43189535,0.79611844,2.2910259,0.13965423
5906,0.5613418,0.75307566,2.036335,0.15085185
5907,0.6694135,0.73605955,1.9879628,0.13014565
5908,0.6163173,0.7244616,2.209901,0.11537831
5909,0.70274556,0.70952517,2.1491303,0.15549636
5910,0.60631996,0.67509955,2.252407,0.1190116
5911,0.60119003,0.71757543,2.0178347,0.1424647
5912,0.644615,0.7229917,2.094158,0.077614024
5913,0.46791452,0.7441728,2.092491,0.13293502
5914,0.5050714,0.7690189,2.1342642,0.1292027
5915,0.64601636,0.73302406,2.065441,0.098610304
5916,0.6937173,0.6222539,2.108507,0.16042793
5917,0.72520864,0.74389523,2.2569253,0.18778795
5918,0.5046588,0.6110412,2.0308402,0.115747474
5919,0.5753556,0.6854817,2.1155758,0.1463956
5920,0.57245713,0.67752564,2.1041083,0.12619929
5921,0.49191874,0.6329444,2.016842,0.14231697
5922,0.62622863,0.6598125,2.1432226,0.16074562
5923,0.6653963,0.6870753,2.1042047,0.17372954
5924,0.5622907,0.7130318,2.034235,0.13578112
5925,0.55999666,0.75790316,2.03047,0.15787444
5926,0.5627852,0.6765534,2.0845087,0.15284677
5927,0.58212954,0.67391884,2.1361532,0.12607211
5928,0.611252,0.69338167,2.253682,0.16830264
5929,0.5689625,0.66933924,2.0885725,0.12382899
5930,0.65435207,0.6999922,2.1300042,0.14329542
5931,0.5000861,0.71620053,2.0083187,0.12401606
5932,0.58143353,0.7450927,2.068555,0.13705054
5933,0.6121022,0.79629874,2.0556388,0.18317924
5934,0.66664404,0.69567,2.1715617,0.0761974
5935,0.52972454,0.74635357,2.0808887,0.14145972
5936,0.49672782,0.74710995,1.9523262,0.119921386
5937,0.54463005,0.7279744,2.03365,0.15851869
5938,0.5890164,0.69504887,2.1891706,0.06969895
5939,0.6762348,0.7435527,2.23471,0.098784246
5940,0.71465194,0.58977824,2.077493,0.12709236
5941,0.6409307,0.75826585,2.167136,0.1412864
5942,0.59622484,0.7126159,2.2454407,0.18635257
5943,0.5587902,0.71611035,2.0836375,0.17016275
5944,0.609968,0.66635895,2.2900198,0.08955581
5945,0.59257215,0.7484424,2.0849066,0.108443655
5946,0.5820891,0.7312471,2.1197836,0.12349676
5947,0.6466007,0.6657371,2.437596,0.10684583
5948,0.5077169,0.6407018,2.048193,0.1144264
5949,0.58415073,0.65127313,2.0360425,0.14463495
5950,0.49159035,0.76629287,2.1318605,0.11399208
5951,0.5367786,0.7548996,2.081141,0.16714364
5952,0.57248664,0.7176701,2.1600163,0.15014842
5953,0.6851737,0.6520695,2.2586713,0.101803154
5954,0.64092886,0.8166,2.2064817,0.12709087
5955,0.6472479,0.6969415,2.1310909,0.1386932
5956,0.5858674,0.6397656,2.1579955,0.14707796
5957,0.649444,0.68476766,2.2526476,0.16836897
5958,0.59817094,0.7436713,2.1423104,0.13817309
5959,0.72373396,0.69211954,2.2339396,0.105348565
5960,0.70659393,0.639104,2.1558168,0.14241105
5961,0.5584317,0.67672086,2.0545754,0.21936302
5962,0.6033179,0.74280334,2.3257477,0.13336632
5963,0.71570855,0.68276656,2.2224712,0.16063955
5964,0.4423473,0.71360666,2.1125674,0.117309235
5965,0.5709087,0.7657492,2.1778452,0.12070302
5966,0.5628093,0.7891531,2.1253119,0.1379182
5967,0.6320421,0.71531904,2.1146472,0.1243241
5968,0.7104341,0.66547865,2.1958985,0.1561204
5969,0.5804174,0.74699247,2.21947,0.15217175
5970,0.5497049,0.8064878,2.2818534,0.14863116
5971,0.75689536,0.75391835,2.4306192,0.1178251
5972,0.52451605,0.6559994,2.0379426,0.12554528
5973,0.55953175,0.64354557,2.3186958,0.14429846
5974,0.68340313,0.6873419,2.1736128,0.13554755
5975,0.65155137,0.7980345,1.961141,0.2528871
5976,0.67002326,0.8080441,2.2996073,0.14300686
5977,0.44199443,0.69252235,2.073279,0.15454695
5978,0.6131222,0.70061666,2.2873178,0.13611433
5979,0.6649816,0.56996995,1.9815738,0.15986113
5980,0.39192787,0.85238767,2.0130813,0.20213707
5981,0.6011886,0.66182697,2.2813344,0.12573718
5982,0.5714332,0.7048792,2.0539455,0.13699445
5983,0.4769438,0.6716722,1.998649,0.13124426
5984,0.5892728,0.7184046,2.0583785,0.18674494
5985,0.66354877,0.7345135,2.2802734,0.175482
5986,0.46184024,0.6008818,1.9591235,0.16591543
5987,0.61092913,0.7503235,2.1920254,0.12433128
5988,0.61954117,0.65423304,2.2000084,0.08016181
5989,0.5127791,0.686212,2.0431325,0.19151373
5990,0.6119793,0.71145594,2.137786,0.15303421
5991,0.5500562,0.68964756,2.2104435,0.041363843
5992,0.54886395,0.7416833,2.0803175,0.109898925
5993,0.57525796,0.75380176,2.1426256,0.14028817
5994,0.70528346,0.7143178,2.2612953,0.10875569
5995,0.72509867,0.5893077,2.2572188,0.17503688
5996,0.6456646,0.689223,1.9989519,0.1485946
5997,0.5798536,0.7053652,2.1964266,0.11276819
5998,0.48064503,0.7995907,2.0866544,0.13420334
5999,0.6493667,0.7690453,2.0601487,0.17210858
6000,0.5320261,0.6903846,1.8930383,0.11006018
6001,0.5585616,0.65011084,2.1662202,0.103302166
6002,0.66925824,0.5498678,1.9976512,0.13121189
6003,0.5012842,0.646758,2.1575983,0.08331556
6004,0.561861,0.81785,1.9767691,0.15982692
6005,0.622972,0.7496931,2.1422653,0.09192543
6006,0.6506266,0.66442645,2.1523552,0.0924864
6007,0.53483117,0.7184973,2.1330986,0.14663358
6008,0.58271617,0.79012716,2.141501,0.14775586
6009,0.5472516,0.70068187,1.9138873,0.17135838
6010,0.55881643,0.6823268,1.9966063,0.12914501
6011,0.5627793,0.7242418,2.154742,0.18756174
6012,0.5817084,0.6074762,2.1376147,0.118115135
6013,0.51281774,0.8066039,2.3365653,0.11681728
6014,0.7446353,0.71166694,1.9712536,0.11105358
6015,0.3171638,0.7954469,2.1959221,0.08931962
6016,0.59089917,0.7135889,1.9452742,0.13221134
6017,0.59118754,0.74145925,2.1097386,0.18095122
6018,0.59109336,0.7142119,2.1136003,0.13956702
6019,0.701808,0.631571,2.0441191,0.1556966
6020,0.58956474,0.7016222,2.053543,0.1255658
6021,0.5592247,0.8022469,2.004431,0.1367707
6022,0.58556503,0.71802527,2.140931,0.07928151
6023,0.61976796,0.7082252,2.097667,0.14689317
6024,0.42836565,0.7782014,2.151552,0.12421024
6025,0.51605445,0.6938106,2.0212483,0.105090365
6026,0.62996507,0.78144544,2.23399,0.15645616
6027,0.579877,0.6472785,2.027232,0.18665129
6028,0.6145365,0.62973976,2.3152385,0.1451145
6029,0.5086786,0.7475079,2.2364213,0.12324247
6030,0.67379373,0.68392473,2.0301101,0.1151805
6031,0.6683802,0.66784143,2.043725,0.14916457
6032,0.5847958,0.7852969,2.0548863,0.169436
6033,0.5226207,0.69894534,2.1308525,0.06844956
6034,0.65887177,0.63982934,2.3054488,0.13130395
6035,0.6893429,0.74292344,2.098674,0.15616572
6036,0.56651723,0.6908484,1.9875448,0.066661626
6037,0.45050812,0.65177375,1.992766,0.14296438
6038,0.45721516,0.7039427,1.9226884,0.15544157
6039,0.54491335,0.74436647,2.0831292,0.13482784
6040,0.61727667,0.7319862,2.2696967,0.11818056
6041,0.5521431,0.7763514,2.2452104,0.13523541
6042,0.45662287,0.81196785,2.0141208,0.082681976
6043,0.59577173,0.65117097,2.1032739,0.14195521
6044,0.4706104,0.6673914,2.2507854,0.1122269
6045,0.59262115,0.6289761,2.1140304,0.19988121
6046,0.64749074,0.67878556,2.2077851,0.14931801
6047,0.6538226,0.7047527,2.2110426,0.108111836
6048,0.52615213,0.65710604,2.197882,0.14070405
6049,0.52641594,0.64783263,2.142093,0.12994806
6050,0.7234757,0.7336261,2.2042882,0.13368845
6051,0.5535034,0.7353906,2.008627,0.18901771
6052,0.5351463,0.7384672,2.1396618,0.11327102
6053,0.6085738,0.7298341,2.3066165,0.14143415
6054,0.54993904,0.7783435,2.028948,0.042130005
6055,0.4381556,0.76851,2.036538,0.18631707
6056,0.5786407,0.8177543,2.2624085,0.13076328
6057,0.6132937,0.7005764,2.1694624,0.124262586
6058,0.523288,0.746556,2.098349,0.12724732
6059,0.6147957,0.656165,2.0198033,0.125676
6060,0.5828533,0.6823979,2.3377736,0.16038068
6061,0.63881683,0.7599821,2.1573184,0.12290503
6062,0.47709545,0.6628717,1.9519551,0.16661903
6063,0.55943406,0.728936,2.0371976,0.13222866
6064,0.57568884,0.7240954,2.1963382,0.13003631
6065,0.6568938,0.6951643,2.0602455,0.16287777
6066,0.5391414,0.8327587,1.9257369,0.1711925
6067,0.5428089,0.79682016,1.9975874,0.09746497
6068,0.62802994,0.6319522,2.0337539,0.1643314
6069,0.6432184,0.82747185,2.4008076,0.1325442
6070,0.64632493,0.6951801,2.1705282,0.15120614
6071,0.6412427,0.59983087,2.4298584,0.18101177
6072,0.54738647,0.7036302,2.1864557,0.11117637
6073,0.6512261,0.7637871,2.231494,0.09535816
6074,0.5798763,0.7142882,2.1280868,0.1614305
6075,0.6265059,0.6709363,2.0522833,0.10526069
6076,0.6177152,0.65916437,2.1646247,0.14513867
6077,0.52242064,0.7157604,2.2110968,0.13332464
6078,0.73713183,0.77465516,2.0386672,0.12262954
6079,0.5859471,0.71498454,2.3455136,0.13155
6080,0.6873482,0.7342153,2.095672,0.14256585
6081,0.67298573,0.79441196,2.3275247,0.12648088
6082,0.53729725,0.76724994,2.308233,0.1383518
6083,0.61806935,0.6418447,2.1765103,0.13024262
6084,0.6819571,0.6616319,2.1719384,0.12958415
6085,0.53155625,0.6975894,2.0112436,0.08414054
6086,0.6765369,0.6807124,2.0553684,0.14673258
6087,0.71838766,0.65209156,2.2804582,0.12104103
6088,0.55974823,0.72747314,2.178574,0.10916557
6089,0.5249501,0.83446664,2.271914,0.09827345
6090,0.50909597,0.7094753,2.104305,0.07016512
6091,0.5696303,0.7151873,2.2298074,0.12866443
6092,0.5845012,0.73623335,2.10364,0.19625194
6093,0.6983849,0.6266793,2.2725103,0.15493792
6094,0.6625385,0.643048,2.1768076,0.14215961
6095,0.52904284,0.73700714,2.1473641,0.14565821
6096,0.64772063,0.69091666,2.2438715,0.10537795
6097,0.7139093,0.6353473,2.238269,0.15810914
6098,0.6836359,0.77934575,2.037714,0.1877499
6099,0.54272014,0.7336091,2.1711223,0.19091395
6100,0.6723603,0.7027874,2.234101,0.13551445
6101,0.43764704,0.68352133,2.048794,0.083458416
6102,0.6585706,0.80132824,2.0679157,0.19772658
6103,0.59553474,0.76258886,2.0707276,0.11245751
6104,0.6744761,0.65376866,2.1046271,0.15975612
6105,0.5746524,0.74827003,1.9823807,0.2044216
6106,0.5255547,0.72388667,2.3439357,0.12549506
6107,0.6084688,0.744509,2.2008843,0.15339445
6108,0.6778825,0.6589181,2.1415536,0.11902726
6109,0.539613,0.7494482,2.074618,0.13891935
6110,0.6620409,0.6874931,2.1714623,0.12985112
6111,0.6536035,0.66773736,2.1028705,0.12245241
6112,0.5263033,0.789268,2.2496626,0.13563712
6113,0.6247471,0.7296111,2.0632641,0.15305097
6114,0.694264,0.7192371,2.0848486,0.1990129
6115,0.5579388,0.729824,2.263553,0.09934564
6116,0.58278346,0.7510262,2.2880766,0.1471362
6117,0.593212,0.75877607,2.3897853,0.14723535
6118,0.5392042,0.7487687,2.1248019,0.085227065
6119,0.71345955,0.6355498,2.0077338,0.1608289
6120,0.6936481,0.6785103,2.2011464,0.19467634
6121,0.45217916,0.66974396,1.9688406,0.11030609
6122,0.6949229,0.7193794,2.20117,0.08369955
6123,0.48771387,0.82058483,2.2254574,0.06955219
6124,0.62151587,0.61661327,2.2528658,0.12853444
6125,0.5497368,0.75015914,2.1171684,0.106162086
6126,0.5003302,0.8388661,2.150911,0.10428141
6127,0.55165356,0.7839205,2.1196733,0.12977014
6128,0.49606833,0.74267584,2.1379666,0.11427502
6129,0.58386254,0.80186254,2.2288342,0.11852858
6130,0.49963143,0.7174577,2.2151532,0.060519304
6131,0.63443583,0.77247876,2.283819,0.10734848
6132,0.57299316,0.72873294,2.025346,0.1428454
6133,0.617767,0.7538385,2.294956,0.13889726
6134,0.5883213,0.77289724,2.066569,0.13116652
6135,0.6033929,0.76633257,2.1006787,0.1376861
6136,0.52618426,0.81092614,2.222071,0.15209891
6137,0.59980917,0.69640213,1.9652991,0.12599063
6138,0.5468882,0.7015129,2.007125,0.1420525
6139,0.60556936,0.7908951,2.2920866,0.13419841
6140,0.663556,0.6222883,2.1306925,0.16801578
6141,0.57815075,0.76912844,2.0665407,0.13916124
6142,0.5363372,0.69671154,2.0978625,0.14666376
6143,0.7275253,0.70259583,2.4121602,0.09954505
6144,0.59020203,0.6333333,2.166117,0.16507097
6145,0.6674495,0.7524674,2.3929498,0.19022831
6146,0.52105385,0.71480125,2.1559741,0.11485759
6147,0.76209414,0.7711082,2.000552,0.18833856
6148,0.57064223,0.78431714,2.2077272,0.113314524
6149,0.60264915,0.7918636,2.0797703,0.13655493
6150,0.5323498,0.6769884,2.2003124,0.109286316
6151,0.42898935,0.686375,2.0544956,0.056680463
6152,0.51027495,0.7576017,2.1519928,0.15801394
6153,0.55267674,0.7819206,2.0662794,0.15960962
6154,0.5209771,0.702782,2.1991572,0.17397556
6155,0.5790837,0.7093201,2.246826,0.14506812
6156,0.53256655,0.6935249,2.2992985,0.14385122
6157,0.5646159,0.70912194,2.2180204,0.15506507
6158,0.55615556,0.7091052,2.1705108,0.108705424
6159,0.512955,0.74826443,2.073561,0.10858774
6160,0.54293346,0.7154919,2.2423377,0.14594601
6161,0.49623585,0.6566732,2.1717632,0.073208526
6162,0.58075964,0.68588305,2.2730312,0.12017288
6163,0.58554685,0.7489804,1.9895726,0.13918693
6164,0.7008976,0.68687665,2.1134322,0.09028748
6165,0.6155484,0.6688669,2.29296,0.13995627
6166,0.6431467,0.6440889,2.017966,0.13671793
6167,0.5816436,0.7558775,2.0805,0.10133498
6168,0.71577275,0.6759821,2.2042408,0.15102357
6169,0.59781295,0.7805516,2.120716,0.13093634
6170,0.645956,0.6388972,2.1266756,0.1577389
6171,0.60032797,0.6303314,2.10073,0.120555036
6172,0.6855041,0.7189759,2.1319351,0.08328345
6173,0.5414067,0.7950335,2.3112075,0.1852337
6174,0.55013216,0.7433877,2.0902283,0.1283704
6175,0.46035573,0.7491173,2.1399612,0.13654026
6176,0.54100966,0.7274551,2.1790702,0.13349153
6177,0.7523473,0.70035493,2.2868042,0.10462542
6178,0.7255265,0.60865456,2.2758572,0.18283941
6179,0.62519974,0.7322331,2.2202995,0.15818563
6180,0.55289024,0.68992525,1.9688848,0.14327677
6181,0.54892397,0.6391288,2.0527074,0.11936261
6182,0.5575716,0.7496672,2.132392,0.094643615
6183,0.59913266,0.671048,2.0277293,0.13629952
6184,0.5151058,0.6857472,2.2084508,0.09489716
6185,0.68718636,0.6097573,2.1427374,0.14359614
6186,0.66330814,0.72937346,2.0622592,0.1198164
6187,0.5060401,0.6553018,2.2765665,0.12760594
6188,0.64827466,0.6678174,2.116078,0.12700728
6189,0.5451709,0.7173817,2.1572194,0.10933678
6190,0.71308374,0.60215265,2.190602,0.17592205
6191,0.742788,0.7527813,2.2809067,0.12232814
6192,0.5909474,0.76053876,2.3795803,0.11187011
6193,0.670526,0.7755671,2.0612867,0.14186646
6194,0.4917917,0.67903674,2.112261,0.16024835
6195,0.57563746,0.70503426,2.0597498,0.12592874
6196,0.5925924,0.68257755,2.021116,0.14325652
6197,0.45565456,0.6687048,2.2199383,0.114710405
6198,0.58495986,0.72031933,2.220112,0.15571998
6199,0.49849635,0.74408275,2.2180235,0.119885735
6200,0.47881457,0.7535415,2.0829163,0.07684176
6201,0.6935761,0.7523522,2.248862,0.10099106
6202,0.62081826,0.7434826,2.2746024,0.14404051
6203,0.551557,0.7798058,2.0993376,0.14606254
6204,0.5873475,0.77011746,2.241641,0.102108546
6205,0.5710345,0.7622417,2.1970782,0.15052927
6206,0.49610826,0.71397465,2.0512033,0.06993828
6207,0.616625,0.7665982,2.1681838,0.12591393
6208,0.5515546,0.74062866,2.062117,0.13684994
6209,0.6106623,0.6573608,2.256464,0.15316008
6210,0.7118416,0.78146935,2.372376,0.13303946
6211,0.58428884,0.7252082,2.1274414,0.15279773
6212,0.6221586,0.6342278,2.124062,0.13000543
6213,0.6456733,0.71466935,2.2998621,0.2222008
6214,0.48228103,0.73040515,2.04581,0.10825289
6215,0.5393871,0.6915929,2.074639,0.14416833
6216,0.52758807,0.68003154,2.1080031,0.10934145
6217,0.65586394,0.71229804,2.2173486,0.17650169
6218,0.6635661,0.6622397,2.366628,0.15214992
6219,0.6263572,0.6857288,2.048936,0.14549609
6220,0.5629936,0.749877,2.1553369,0.15942554
6221,0.56376684,0.6452893,2.010733,0.11360802
6222,0.69187975,0.76943725,2.0903027,0.19343293
6223,0.53417933,0.69039565,2.097615,0.20155858
6224,0.6267095,0.6881489,2.2094855,0.20215714
6225,0.6030985,0.6859514,1.960877,0.12242433
6226,0.6184733,0.6970842,1.9165874,0.13789831
6227,0.62837774,0.76001936,2.2618985,0.13261697
6228,0.6136708,0.60851204,2.0977206,0.15189454
6229,0.63516223,0.7363717,2.1133068,0.10607083
6230,0.62014484,0.7269856,2.1572337,0.16112202
6231,0.5494182,0.7513314,2.0432818,0.116788924
6232,0.66198194,0.76228845,2.2079592,0.109464824
6233,0.55046296,0.6672009,2.1909547,0.09814103
6234,0.6025423,0.80567545,2.290659,0.118564546
6235,0.69233817,0.7258584,2.1459224,0.12387282
6236,0.53806126,0.744702,2.157222,0.095456846
6237,0.5113126,0.76912487,1.9788558,0.118055984
6238,0.70149255,0.70471495,2.063131,0.16450393
6239,0.5980143,0.676301,2.1716793,0.18783507
6240,0.6374483,0.62025225,2.2611253,0.12098968
6241,0.74209833,0.8262388,2.332043,0.15597436
6242,0.6902003,0.68361264,2.3389087,0.1514706
6243,0.58588225,0.68163425,1.9605616,0.12968747
6244,0.61633116,0.7305565,2.1378012,0.16377687
6245,0.41403347,0.67028046,2.1134183,0.08829593
6246,0.6083857,0.7506537,2.0799117,0.13298787
6247,0.51850915,0.70418143,2.0285082,0.055565447
6248,0.46466216,0.7395678,2.009742,0.14471234
6249,0.56311256,0.70513093,2.1006558,0.16073868
6250,0.5786464,0.75774926,2.0371113,0.1732826
6251,0.4963725,0.6938832,2.0375245,0.12535246
6252,0.7333911,0.6265939,2.0772545,0.1726057
6253,0.70269907,0.6844125,2.3470562,0.11452447
6254,0.7023403,0.70037967,2.0553262,0.15401758
6255,0.69090295,0.6543958,2.1545362,0.11434354
6256,0.6470934,0.71027255,2.1089795,0.14602932
6257,0.64227337,0.6946328,2.2046704,0.1320758
6258,0.5952794,0.78784263,2.3349688,0.12248601
6259,0.53769076,0.7928592,2.2267404,0.14994468
6260,0.6238672,0.6395635,2.0372877,0.14024045
6261,0.5675594,0.6437259,2.0367365,0.09873021
6262,0.6559678,0.6948422,2.1676536,0.13573438
6263,0.6496409,0.5704335,2.1854904,0.07675954
6264,0.5876691,0.8338735,2.0274892,0.086078204
6265,0.66430455,0.6821843,2.1932337,0.09723917
6266,0.60425097,0.7536503,2.0278199,0.15920106
6267,0.5796862,0.8311998,2.1081302,0.13066964
6268,0.6351316,0.78823304,2.2028644,0.14563406
6269,0.5645717,0.68216234,2.040997,0.15201947
6270,0.5515111,0.7321734,2.1332593,0.16668822
6271,0.5820745,0.8024419,2.0410435,0.16246828
6272,0.5191727,0.62269133,2.0489855,0.16444792
6273,0.6102072,0.6635798,2.3951752,0.13302658
6274,0.60672444,0.73236567,2.0551825,0.13760656
6275,0.66724324,0.7187711,2.3194492,0.13594103
6276,0.50283027,0.72464323,2.1455145,0.103513494
6277,0.4702518,0.6136534,2.3110297,0.12617807
6278,0.6278082,0.73624283,2.0168526,0.13647613
6279,0.6179322,0.74330914,2.1043496,0.10656323
6280,0.41030648,0.7532169,2.0285566,0.10394186
6281,0.68872535,0.71841776,2.3558846,0.14252965
6282,0.6902749,0.6150293,2.2755575,0.124019235
6283,0.5687259,0.7129193,2.1684926,0.14860477
6284,0.5206052,0.72013557,1.9988955,0.11736359
6285,0.6975667,0.73475254,2.3429406,0.14795732
6286,0.7318503,0.7605657,2.151791,0.07797615
6287,0.5340426,0.75034297,1.9890819,0.11787958
6288,0.50895315,0.7983486,2.5238225,0.10826638
6289,0.6744607,0.67800146,2.2065818,0.13363166
6290,0.5353093,0.81081486,2.042453,0.11795579
6291,0.47286117,0.7118165,2.1359153,0.09744646
6292,0.5528634,0.7739246,2.068377,0.12987596
6293,0.5824718,0.6922994,2.087362,0.10303743
6294,0.62555325,0.7251719,2.142631,0.11049429
6295,0.5618899,0.7009342,2.1145318,0.20929325
6296,0.59775066,0.67910975,2.2116656,0.13957553
6297,0.57475716,0.75019354,2.115614,0.124381535
6298,0.61492264,0.64822954,2.336112,0.14013587
6299,0.49175268,0.6299045,2.1333182,0.17076565
6300,0.69269454,0.7161859,2.207402,0.17924684
6301,0.59198177,0.7716333,2.1705651,0.15712105
6302,0.52407956,0.73037714,2.2112043,0.11423987
6303,0.5857087,0.63260895,2.0745938,0.13585633
6304,0.63481206,0.76925814,2.37006,0.16896166
6305,0.6373093,0.71641344,2.0649786,0.15472029
6306,0.5784351,0.7340908,2.0844283,0.13110346
6307,0.5967912,0.73369557,2.3109963,0.10552995
6308,0.7255955,0.671556,2.28983,0.14401239
6309,0.6921839,0.614985,2.2253683,0.19251871
6310,0.5466853,0.70985293,1.9947159,0.14720167
6311,0.5546138,0.73680276,2.053797,0.12391527
6312,0.53113383,0.75960565,2.1554601,0.18205327
6313,0.6699472,0.7560807,2.2805595,0.13328005
6314,0.71226484,0.7090876,2.1404943,0.12435297
6315,0.568764,0.61952925,2.0110848,0.12790056
6316,0.65688854,0.69476736,2.2260377,0.10396422
6317,0.75091314,0.7091252,2.3377004,0.14635074
6318,0.5935434,0.7534901,2.1651773,0.13619548
6319,0.5761922,0.7471226,2.307519,0.10486775
6320,0.6167455,0.76225287,2.1661909,0.117821924
6321,0.5470556,0.7055505,2.161177,0.16222386
6322,0.5326595,0.80320805,2.3211653,0.14606562
6323,0.56452763,0.736213,2.1746879,0.15393458
6324,0.7325344,0.77719015,2.1460862,0.1494781
6325,0.60348874,0.721821,2.481018,0.14103378
6326,0.44640133,0.79424155,2.084375,0.16142006
6327,0.5457355,0.65863955,1.9994556,0.17310011
6328,0.7040114,0.7051596,2.152957,0.14105731
6329,0.5843798,0.67939425,1.980951,0.12121766
6330,0.47509262,0.7277641,1.913361,0.16174254
6331,0.5905738,0.73795545,2.2689812,0.15246733
6332,0.63997203,0.6714638,2.2019145,0.11890694
6333,0.50481457,0.68097275,2.1260567,0.08038621
6334,0.7169409,0.74784005,2.387964,0.1736837
6335,0.55849385,0.62066865,2.0636084,0.10326342
6336,0.54826957,0.75389534,2.025284,0.13955165
6337,0.56171256,0.7208485,2.1588879,0.16544771
6338,0.53398895,0.7432096,2.07337,0.1284821
6339,0.70711046,0.6963328,2.2607696,0.15366861
6340,0.6487095,0.65382266,2.0883312,0.13631764
6341,0.5706303,0.64282906,2.002471,0.15183616
6342,0.5117033,0.6830184,1.9648252,0.15942447
6343,0.668624,0.7290968,2.1303887,0.17319627
6344,0.6892179,0.63761693,2.1370733,0.104879886
6345,0.64605254,0.75389516,2.054996,0.2073218
6346,0.5626117,0.70516646,2.1303134,0.12701088
6347,0.6377528,0.7294218,1.8473407,0.15129791
6348,0.6388215,0.9006207,2.3479755,0.16925631
6349,0.57275337,0.67103803,2.10268,0.17719297
6350,0.59929943,0.67237604,2.176752,0.114902936
6351,0.5363608,0.77626944,1.9026481,0.14410065
6352,0.55903417,0.7048762,2.2223084,0.12760381
6353,0.655968,0.75515187,2.2730834,0.13449672
6354,0.6190876,0.68436515,2.2638571,0.090587184
6355,0.48479488,0.72718763,2.0015678,0.1603509
6356,0.68973595,0.7504359,2.1830065,0.1579225
6357,0.6147645,0.6929628,2.1352277,0.19724588
6358,0.68988574,0.75015926,2.2104447,0.1756833
6359,0.591152,0.6613153,2.1241586,0.13287956
6360,0.6192497,0.70211315,2.1181195,0.09597882
6361,0.51774085,0.6556569,2.0205238,0.08328235
6362,0.6000769,0.78693694,2.220261,0.18289326
6363,0.66523147,0.6717882,2.292901,0.14062724
6364,0.58655083,0.6661163,2.1051278,0.15234259
6365,0.55564743,0.67354554,2.066004,0.10600992
6366,0.46981567,0.708045,2.0994048,0.11978383
6367,0.6638084,0.67788345,2.0788324,0.1487998
6368,0.5614221,0.7001605,2.012997,0.11748871
6369,0.5707933,0.7251846,1.9802145,0.15894052
6370,0.6632416,0.66970146,1.9657186,0.09806576
6371,0.70209104,0.78496516,2.1629717,0.17236386
6372,0.54114294,0.6912177,2.1609247,0.066480316
6373,0.6375684,0.78140247,2.1548197,0.17399937
6374,0.563977,0.6752121,2.0275664,0.12905955
6375,0.5590958,0.63043624,2.3620558,0.10401841
6376,0.6839458,0.8135295,2.152618,0.16372421
6377,0.45615852,0.83514935,2.3010051,0.12500903
6378,0.62872994,0.69367856,2.328483,0.09417096
6379,0.58245903,0.6740277,2.018273,0.13930954
6380,0.6430593,0.70794886,2.1905034,0.111264825
6381,0.72054726,0.6278102,2.2758145,0.16142716
6382,0.60863703,0.68814,2.037437,0.116476364
6383,0.66462696,0.73429716,2.121654,0.13251494
6384,0.71405435,0.7082719,2.1055932,0.13990296
6385,0.5929131,0.6860768,2.1782577,0.12698987
6386,0.7444639,0.6502684,2.275536,0.13996446
6387,0.6353515,0.7879517,2.1543226,0.11605277
6388,0.5342992,0.6968944,2.1575668,0.14984787
6389,0.49172825,0.7230683,2.2063851,0.07184564
6390,0.5695264,0.8107114,2.0219002,0.12931384
6391,0.51098496,0.738294,2.1103988,0.09868822
6392,0.67057467,0.6647172,2.1985307,0.12402451
6393,0.6398008,0.8192491,2.2431352,0.12520014
6394,0.5016393,0.706268,2.3349242,0.10865606
6395,0.69576913,0.63988125,2.3348947,0.14106862
6396,0.6662581,0.693748,2.1590524,0.11894357
6397,0.6086181,0.75661993,2.0061414,0.11425693
6398,0.6817284,0.73712707,2.1044538,0.17252901
6399,0.6053228,0.6957974,2.2756653,0.23293586
6400,0.72383314,0.75228363,2.1844711,0.16018693
6401,0.67415035,0.70339304,2.033266,0.10521202
6402,0.6256068,0.80127496,2.1320384,0.11919111
6403,0.45730436,0.71317595,2.059191,0.1882167
6404,0.6214801,0.64504,2.313045,0.1418668
6405,0.6958107,0.5876509,2.0442224,0.13238221
6406,0.6289764,0.57452434,1.9787134,0.11294635
6407,0.698029,0.687043,2.110106,0.16877589
6408,0.6154332,0.75223076,2.202573,0.17076841
6409,0.60064906,0.6983574,2.170034,0.18433143
6410,0.63073695,0.7058349,2.228276,0.13623913
6411,0.56527925,0.6434981,1.9636369,0.16187796
6412,0.62725425,0.74953437,2.0703213,0.16355276
6413,0.5558396,0.72595567,2.1419559,0.05091351
6414,0.6158142,0.730273,2.2311087,0.15130255
6415,0.48264417,0.6812964,2.1555147,0.13736996
6416,0.6089439,0.81730884,2.362508,0.16828279
6417,0.7088703,0.707931,2.2653673,0.15004282
6418,0.62806404,0.7479113,2.041007,0.15036085
6419,0.66211915,0.7596908,2.35981,0.16578893
6420,0.5150078,0.72729295,2.1621902,0.11488206
6421,0.6491947,0.7661551,2.2534964,0.20783898
6422,0.6909635,0.7242293,2.1548412,0.12140705
6423,0.6780095,0.724277,1.988039,0.14520295
6424,0.608342,0.7858819,2.1032884,0.12292697
6425,0.50058985,0.6378013,1.9970069,0.11008989
6426,0.5875008,0.66357934,2.074877,0.15486468
6427,0.5502682,0.7749578,2.0717523,0.1505257
6428,0.5089961,0.74741113,2.2649233,0.1098393
6429,0.58918697,0.68900245,2.1815474,0.07563186
6430,0.6511873,0.6648609,2.219454,0.10080236
6431,0.50670487,0.74841154,1.9359099,0.16607323
6432,0.6761458,0.7697027,2.0875301,0.1469341
6433,0.5280853,0.6810009,1.9899665,0.15241094
6434,0.63058555,0.6537502,2.1395004,0.13485438
6435,0.6161802,0.8230056,2.3067153,0.13450605
6436,0.6711678,0.7114772,2.0361087,0.15700805
6437,0.5889826,0.7498876,2.0930982,0.16526523
6438,0.47531554,0.7610986,2.1504292,0.13396214
6439,0.63630396,0.760535,2.1589346,0.1782662
6440,0.60371614,0.60326105,1.8678324,0.11507748
6441,0.5146858,0.7107958,2.0758343,0.176753
6442,0.6172001,0.7089984,2.0074232,0.07181032
6443,0.6645636,0.75735384,2.2575197,0.07544816
6444,0.49344695,0.69516295,2.0490527,0.16390002
6445,0.6023116,0.8307061,2.3192964,0.123546675
6446,0.4869776,0.66722786,1.9848483,0.18268968
6447,0.625174,0.76967794,2.2687697,0.15570441
6448,0.6044212,0.6795095,2.1326778,0.13505477
6449,0.7418239,0.6382691,2.0494287,0.15736616
6450,0.57403517,0.69785714,2.2385478,0.14414276
6451,0.72454375,0.6994101,2.2314517,0.16080463
6452,0.6101061,0.76607424,2.3036509,0.1514195
6453,0.67125297,0.60338676,2.0259476,-0.018108048
6454,0.633753,0.79542625,2.1927662,0.12647578
6455,0.6634741,0.76776797,2.2383535,0.13432045
6456,0.7185303,0.6839397,2.1049674,0.18201222
6457,0.57295376,0.8453853,2.223522,0.1511487
6458,0.66195935,0.7632269,2.1855564,0.14237128
6459,0.43844676,0.76971716,2.23051,0.13149302
6460,0.4499116,0.662224,2.11389,0.12011652
6461,0.66446525,0.6148429,2.3272257,0.11214716
6462,0.69946223,0.68411016,1.9782066,0.11569184
6463,0.6313338,0.7248848,2.1191194,0.12130663
6464,0.58450204,0.6825874,1.9980174,0.09757025
6465,0.67098343,0.71363884,1.9770586,0.14884244
6466,0.46577063,0.69260514,2.1445718,0.18639494
6467,0.6847134,0.7212202,2.2075844,0.14566968
6468,0.55422986,0.7735491,2.2281618,0.13984923
6469,0.5156425,0.7729275,2.2812438,0.12614001
6470,0.5699492,0.6765715,2.211985,0.14901912
6471,0.63764197,0.7590766,2.2597651,0.15174174
6472,0.49506167,0.8452117,1.994297,0.124615185
6473,0.6823831,0.68095267,2.1458302,0.17956065
6474,0.5869509,0.7980307,2.2335968,0.14282624
6475,0.5891988,0.7202008,2.0677674,0.14992031
6476,0.6094036,0.6997976,2.0386493,0.18425319
6477,0.6494269,0.66702294,2.2617884,0.15213586
6478,0.5879766,0.7739784,2.176992,0.14527711
6479,0.55683035,0.74523216,2.166403,0.16074263
6480,0.59469426,0.7226676,2.0505075,0.16700791
6481,0.6318032,0.7082823,2.1682255,0.12843962
6482,0.62288177,0.73711264,2.219836,0.118757345
6483,0.5975773,0.74880505,2.209166,0.02203482
6484,0.57068586,0.6998455,2.1314034,0.112536535
6485,0.5342282,0.73482406,2.1345646,0.15376572
6486,0.58492756,0.720237,2.1987162,0.06848618
6487,0.5854192,0.7946444,2.2374017,0.12194056
6488,0.65496016,0.69312215,2.0385509,0.13836175
6489,0.64085025,0.73872983,2.0828266,0.17646119
6490,0.5706413,0.7278562,2.1411974,0.17881966
6491,0.69147813,0.61357486,2.2797098,0.14465624
6492,0.6512205,0.69032896,2.0312228,0.14337917
6493,0.67833793,0.814175,2.0070221,0.13457733
6494,0.61497694,0.76398987,1.9394488,0.1783475
6495,0.64091533,0.7235973,1.9925562,0.05587189
6496,0.66905105,0.78925705,2.3287244,0.03854206
6497,0.7053964,0.64660835,2.1829388,0.11428251
6498,0.5369428,0.7053744,2.1912754,0.15676431
6499,0.7667809,0.66900706,2.4122534,0.13836344
6500,0.65027416,0.6334573,2.4204404,0.119835906
6501,0.5688128,0.8277396,2.279863,0.13118564
6502,0.61136156,0.7760266,2.0349412,0.13044992
6503,0.59962577,0.6722843,1.9985266,0.1400902
6504,0.6657107,0.78169745,2.2691922,0.1432918
6505,0.56980693,0.7972879,2.1599886,0.14206572
6506,0.36662784,0.6563035,2.305183,0.10076763
6507,0.5505083,0.7790791,2.1211038,0.09343625
6508,0.70223916,0.70912886,2.151349,0.15532538
6509,0.4954093,0.71158886,2.3233886,0.13829336
6510,0.65131146,0.7345116,2.1582747,0.111000754
6511,0.5931975,0.72654724,2.167641,0.14375572
6512,0.6004877,0.6556045,1.9594842,0.17147736
6513,0.56897706,0.6794163,2.2072089,0.13828221
6514,0.49257204,0.7579237,2.0119083,0.16397123
6515,0.5188867,0.6814403,2.1624324,0.14272013
6516,0.51861745,0.69195634,2.208023,0.11259167
6517,0.6522108,0.7540546,2.1858704,0.10743448
6518,0.5248288,0.66035414,2.1582973,0.13459769
6519,0.65359914,0.7085166,2.1600404,0.11990061
6520,0.72162706,0.5162521,2.324905,0.15617266
6521,0.65808934,0.7907623,2.0001235,0.2161281
6522,0.63890636,0.6803199,2.119031,0.11473584
6523,0.5861925,0.6560581,2.1037755,0.10627967
6524,0.6065065,0.78553087,2.1345923,0.13678974
6525,0.658288,0.71839166,2.183564,0.16294914
6526,0.71011317,0.71531945,2.3227985,0.10529703
6527,0.5721687,0.6701455,2.1789408,0.12694466
6528,0.6270306,0.7488724,2.2005312,0.12644163
6529,0.5391059,0.76754797,2.1925435,0.18858077
6530,0.5936536,0.7157796,2.1102571,0.14752664
6531,0.53187466,0.7890591,2.0185187,0.13659608
6532,0.56268394,0.7520847,2.249402,0.1261411
6533,0.55427575,0.6886192,2.120084,0.121491015
6534,0.5990531,0.6578136,1.9602666,0.18687141
6535,0.5462357,0.71564174,2.0799456,0.070737116
6536,0.57793975,0.739615,2.2104113,0.12857255
6537,0.65536857,0.7437796,2.0992863,0.12975927
6538,0.6246261,0.7116854,1.9138354,0.19985297
6539,0.52868736,0.631897,2.2472649,0.14322855
6540,0.572362,0.70633584,2.1010108,0.17985414
6541,0.54682297,0.7062809,2.0231528,0.15749122
6542,0.668356,0.6306087,2.0753853,0.15489998
6543,0.5660066,0.6892492,2.057811,0.11906869
6544,0.55083615,0.8241753,2.2861137,0.15105708
6545,0.5484355,0.72199756,2.1591403,0.11802268
6546,0.7278115,0.78961825,2.2890413,0.20973739
6547,0.52480763,0.70598704,2.2088368,0.1549908
6548,0.5512904,0.7875951,1.9945732,0.12949716
6549,0.61818916,0.64661455,2.0844803,0.12475843
6550,0.6057863,0.686713,2.3026137,0.133273
6551,0.45452556,0.65583616,2.1147768,0.12405988
6552,0.49331185,0.6524307,2.048299,0.11140954
6553,0.60133183,0.72218037,2.2641022,0.13997108
6554,0.6568594,0.72488546,1.9994067,0.1511349
6555,0.57597196,0.66549176,2.1511374,0.0346933
6556,0.66718686,0.7434517,2.0131202,0.11890789
6557,0.64845425,0.6184781,2.161592,0.17403965
6558,0.5175056,0.72201645,2.0073633,0.13908364
6559,0.5374734,0.6292793,2.0988953,0.1716787
6560,0.59288,0.69863975,2.0653024,0.1535453
6561,0.6305701,0.7157311,2.0308468,0.10789707
6562,0.4965153,0.7196621,2.009784,0.14335541
6563,0.69234747,0.68356496,2.3142323,0.20352295
6564,0.59541017,0.64174676,2.153303,0.13074134
6565,0.5398072,0.7117867,2.3004403,0.1414007
6566,0.5480966,0.82769626,2.1565948,0.15764949
6567,0.68683064,0.72772896,2.1151729,0.20941558
6568,0.55915594,0.6848452,2.1950324,0.09810541
6569,0.51530933,0.7850353,2.1647224,0.16969328
6570,0.6188973,0.7993538,1.9985018,0.15777539
6571,0.723076,0.7274815,2.2043293,0.15132053
6572,0.63041335,0.7273282,2.129077,0.16463743
6573,0.5240625,0.73117745,2.141624,0.17463796
6574,0.5751229,0.6689346,2.0244973,0.14356771
6575,0.5274164,0.70550454,2.0954804,0.20075493
6576,0.56987876,0.74994266,2.0873551,0.15059131
6577,0.5869008,0.76243234,2.1062949,0.19258378
6578,0.7091469,0.6994912,2.1895032,0.080654964
6579,0.6777274,0.626118,2.2703884,0.20019053
6580,0.53324306,0.6819994,2.0431702,0.11915587
6581,0.5600495,0.68412256,2.2586308,0.11652205
6582,0.67449117,0.8008055,2.2209964,0.15582769
6583,0.46855506,0.6932641,1.949406,0.16139272
6584,0.6505904,0.6513618,2.1232708,0.14038742
6585,0.50098664,0.7281963,2.0745082,0.13306104
6586,0.727956,0.7409002,2.1617758,0.09741298
6587,0.5774736,0.7778562,2.3288612,0.12972556
6588,0.6467035,0.7302714,2.0074477,0.16893251
6589,0.5681865,0.77124053,2.1733565,0.18654574
6590,0.6306733,0.7402444,2.1767378,0.13644117
6591,0.5698591,0.6284304,2.1617527,0.14964803
6592,0.6964608,0.7552766,2.1907368,0.17409982
6593,0.55287606,0.76174265,2.022412,0.1137985
6594,0.5530859,0.7507518,2.3110924,0.12247974
6595,0.4252522,0.80030525,2.091667,0.1698215
6596,0.6318744,0.74009174,2.1093671,0.11649672
6597,0.67568064,0.6962684,1.8794986,0.18852644
6598,0.6435792,0.67169946,2.1121845,0.12904862
6599,0.52261424,0.76037925,2.099136,0.12527828
6600,0.5046222,0.74218607,2.0862541,0.1543432
6601,0.5718146,0.70456374,2.0736248,0.12395763
6602,0.5336926,0.6950901,2.1665018,0.14632335
6603,0.5738054,0.70862556,2.3552177,0.08335639
6604,0.6144549,0.7078278,2.049698,0.124235876
6605,0.7386996,0.6565909,2.0532982,0.17973968
6606,0.61045206,0.6805363,2.241014,0.079293765
6607,0.5184328,0.66974074,2.0675368,0.108645745
6608,0.48833272,0.6688509,2.0001628,0.10298162
6609,0.6473978,0.70112586,2.0614076,0.12925611
6610,0.54852,0.6002468,2.0358267,0.19589959
6611,0.56032526,0.78781885,2.0530035,0.10628142
6612,0.5869172,0.72700125,2.0657513,0.19200487
6613,0.62497723,0.68620574,2.0618677,0.08882278
6614,0.5691374,0.7138609,1.9867016,0.13059095
6615,0.48313212,0.6967983,2.1096284,0.06622116
6616,0.6433919,0.86958075,2.299702,0.13736963
6617,0.5718124,0.67094654,2.1379387,0.13988942
6618,0.49576262,0.68994445,2.1898162,0.16473238
6619,0.6119338,0.60845655,2.2652879,0.15885922
6620,0.4961719,0.67035365,2.136466,0.13547775
6621,0.65839684,0.6734398,2.0615034,0.1420454
6622,0.5313724,0.64575666,2.1106892,0.12679172
6623,0.6693522,0.82172644,2.013842,0.120374076
6624,0.49105638,0.672114,1.9932001,0.10725102
6625,0.5231916,0.7730949,2.312247,0.04219997
6626,0.71106696,0.7848446,2.1630769,0.16739438
6627,0.62385017,0.69345325,2.3552222,0.12776445
6628,0.6691249,0.8242332,2.1501722,0.19808397
6629,0.62723064,0.7018002,2.1633916,0.11188009
6630,0.6642394,0.72351235,2.230133,0.10269473
6631,0.57909745,0.76839596,2.2154806,0.15834725
6632,0.5781609,0.69083196,2.1569266,0.06607968
6633,0.5585643,0.68994826,2.247598,0.110539064
6634,0.48877984,0.68250376,2.0045555,0.089875646
6635,0.67302436,0.61804265,2.203593,0.12760276
6636,0.59177333,0.7653133,2.1405196,0.14768875
6637,0.52827656,0.6735783,1.9853376,0.147135
6638,0.6524463,0.7139581,2.107426,0.16151378
6639,0.55303556,0.72089654,1.9472044,0.14163995
6640,0.6198175,0.66094154,2.07358,0.13394094
6641,0.68957764,0.6955044,2.0662758,0.13404825
6642,0.61201406,0.66873527,2.1968236,0.10639291
6643,0.50061387,0.7592633,2.2278543,0.11198629
6644,0.5527899,0.6986286,2.0832508,0.13341565
6645,0.54272383,0.7927161,2.1603975,0.13906384
6646,0.53761744,0.77946335,2.113754,0.14339444
6647,0.7191633,0.7452435,1.9905399,0.11086152
6648,0.51843923,0.73351425,2.0945292,0.14164604
6649,0.55389977,0.7847476,2.3649585,0.14338915
6650,0.65615386,0.7567574,2.0614738,0.1522032
6651,0.54939866,0.7775174,2.257074,0.1290852
6652,0.68416846,0.7267655,2.2713578,0.13801466
6653,0.54431945,0.6700806,2.16057,0.10093522
6654,0.7408155,0.74835366,2.080237,0.20096114
6655,0.7232072,0.83023775,2.1317363,0.19320013
6656,0.65805405,0.615213,2.1272595,0.15232375
6657,0.64444774,0.7019988,2.0547726,0.15684621
6658,0.5546089,0.7440135,2.1180942,0.08819697
6659,0.6392795,0.7014677,2.2219174,0.13700338
6660,0.49633887,0.76920587,2.0374591,0.14645913
6661,0.63994837,0.7101444,2.290188,0.14210269
6662,0.45005828,0.7686369,2.0741777,0.14010338
6663,0.51889807,0.8042914,2.111665,0.13454245
6664,0.578819,0.7392533,2.1832924,0.10876258
6665,0.47269696,0.7649846,2.0888715,0.15319458
6666,0.64761376,0.679829,2.2252004,0.1715987
6667,0.51266617,0.65209746,2.0408547,0.13371022
6668,0.48833764,0.83111435,2.062577,0.1724016
6669,0.47354382,0.8735079,2.0863736,0.08344347
6670,0.5649862,0.7977599,2.126976,0.07381899
6671,0.63931024,0.6819258,2.2897863,0.19286796
6672,0.62797314,0.72994775,2.3360343,0.18324548
6673,0.6991822,0.6931417,2.2701442,0.17715073
6674,0.6224048,0.7003187,2.1244357,0.085259885
6675,0.47353736,0.70865005,1.9990921,0.09797717
6676,0.62316483,0.70080215,2.232655,0.1610598
6677,0.56088173,0.6931426,2.0156515,0.15379345
6678,0.6233824,0.7036235,2.069532,0.13898128
6679,0.7166622,0.72251534,2.1267254,0.1591726
6680,0.46695584,0.8002091,2.0849335,0.14026847
6681,0.7370134,0.7349487,2.0914624,0.17161372
6682,0.5974325,0.6577774,2.457795,0.10175794
6683,0.6023288,0.6436628,2.2463493,0.13700967
6684,0.6120263,0.7216607,1.9683101,0.12693916
6685,0.5585646,0.63771677,2.130371,0.109928474
6686,0.60137147,0.7391357,2.2953155,0.1745898
6687,0.58426404,0.68087554,2.2988656,0.08396796
6688,0.5596139,0.7204387,1.9973358,0.14319581
6689,0.6002205,0.73003376,2.1418045,0.18814252
6690,0.6113237,0.6809759,2.108719,0.07838313
6691,0.55647916,0.79242665,2.1466668,0.134187
6692,0.60946596,0.73903936,2.1133006,0.16841678
6693,0.49922875,0.73845005,2.0419939,0.10417077
6694,0.6442111,0.7087222,2.1919863,0.16423082
6695,0.5775175,0.79686105,2.216081,0.13768832
6696,0.36725172,0.7423259,2.003107,0.12650345
6697,0.5729802,0.6320455,2.251278,0.1533076
6698,0.6890363,0.64698845,2.0394976,0.16579838
6699,0.60871345,0.66127604,2.0814922,0.1673993
6700,0.6269984,0.66265255,2.017738,0.13943668
6701,0.5457645,0.5947676,2.0413024,0.11360503
6702,0.62761396,0.70147276,2.3145497,0.17012367
6703,0.5872835,0.66611624,1.97754,0.13431191
6704,0.63349384,0.67473435,2.1020336,0.20714946
6705,0.7772556,0.7156699,2.118459,0.16143484
6706,0.58755946,0.8901981,2.2039952,0.13333438
6707,0.5593317,0.65157765,2.0642123,0.11633116
6708,0.58706987,0.712055,2.0931387,0.16286208
6709,0.50296944,0.81674194,1.9825653,0.17057881
6710,0.664487,0.7379791,2.1302764,0.15901048
6711,0.6109839,0.68351674,1.9737701,0.10167531
6712,0.54689646,0.6561655,2.2355564,0.089637555
6713,0.63339627,0.68658245,2.143103,0.14931227
6714,0.65942997,0.6742743,2.106843,0.122151464
6715,0.6067812,0.68133086,2.0613115,0.11332631
6716,0.591559,0.6545621,2.0535815,0.16323507
6717,0.5920824,0.77559775,2.0590189,0.1268514
6718,0.70960253,0.69388044,2.16267,0.18036704
6719,0.5645086,0.664457,2.0759223,0.16305734
6720,0.53126925,0.76939654,2.0961826,0.065280534
6721,0.6039733,0.78883404,2.0170338,0.19109224
6722,0.44927153,0.7688338,2.0948007,0.1088326
6723,0.7050421,0.7234614,2.2721977,0.144176
6724,0.5597846,0.7630512,2.082633,0.12995832
6725,0.56120855,0.64802885,2.1425889,0.18953656
6726,0.6271765,0.64756334,2.2840755,0.1520489
6727,0.5127687,0.6693719,2.01895,0.16603386
6728,0.6096668,0.681985,2.1418545,0.13913278
6729,0.5938643,0.6756032,2.1672664,0.13150579
6730,0.56178373,0.721514,2.0981796,0.10449137
6731,0.5246574,0.7472793,2.2037797,0.17052145
6732,0.5427038,0.68794864,2.273398,0.14194454
6733,0.6705153,0.72328115,2.103956,0.12826109
6734,0.557133,0.7070015,1.9250381,0.18703963
6735,0.5705994,0.6880423,2.3378665,0.16683194
6736,0.6532674,0.7741105,2.0551586,0.16222264
6737,0.6195215,0.66086394,1.9874299,0.13210604
6738,0.4310146,0.7278053,2.1784267,0.15776621
6739,0.65248984,0.7534734,2.0494998,0.16692004
6740,0.64052033,0.7074519,2.064946,0.12654048
6741,0.60821223,0.681802,2.1278954,0.16263215
6742,0.5551374,0.7883079,2.122911,0.094246216
6743,0.5665428,0.7015167,2.1752274,0.112824135
6744,0.6331789,0.6763949,2.2672856,0.17163026
6745,0.44495347,0.70982915,2.017014,0.17899422
6746,0.612727,0.80246985,2.21218,0.13231176
6747,0.68867934,0.6586074,2.0277383,0.16615267
6748,0.51054007,0.7534933,2.1849566,0.10280878
6749,0.6252317,0.6950921,2.1801448,0.1609776
6750,0.5444109,0.7014738,2.0487828,0.1178655
6751,0.6501057,0.6904508,2.0931458,0.16819243
6752,0.6000957,0.7744712,2.2415767,0.113147214
6753,0.6281676,0.7075386,2.0874052,0.15075408
6754,0.54597205,0.6937156,2.0923586,0.1412108
6755,0.5893501,0.7259171,2.0611122,0.15933745
6756,0.5628862,0.697357,2.2803996,0.13024825
6757,0.52180135,0.706221,2.2204545,0.12127131
6758,0.6963646,0.7747764,2.3999436,0.14499947
6759,0.71621853,0.6414099,2.2680407,0.15886362
6760,0.5468194,0.7579093,2.293505,0.16084708
6761,0.7312222,0.7568458,2.198631,0.14529522
6762,0.6211678,0.689576,2.134328,0.093556054
6763,0.51249015,0.71044356,2.3010504,0.14092502
6764,0.64877844,0.78730637,2.1734402,0.15730499
6765,0.5858084,0.76316065,2.052871,0.112515785
6766,0.57681835,0.7008623,2.1030142,0.12125778
6767,0.490279,0.69736814,2.1122632,0.15627396
6768,0.6304177,0.6395509,2.024552,0.09138489
6769,0.4955752,0.6415652,1.9988961,0.08043147
6770,0.6138696,0.66950923,2.155278,0.15180556
6771,0.63977855,0.6558104,2.1584983,0.13152663
6772,0.65814793,0.70727414,1.9555256,0.13547656
6773,0.53619695,0.6779452,2.1883748,0.17339079
6774,0.6243261,0.6577043,2.1254897,0.11759757
6775,0.61896235,0.7089106,2.1619182,0.13531597
6776,0.5649087,0.7516629,2.2456305,0.121687554
6777,0.6797846,0.7559573,2.2229574,0.140987
6778,0.6286877,0.7405982,2.179625,0.12643024
6779,0.70536196,0.641525,2.0914266,0.15744221
6780,0.6147918,0.74788505,2.1602402,0.13331655
6781,0.510308,0.6882712,2.0136957,0.14187106
6782,0.5902686,0.73378676,2.228977,0.18045501
6783,0.5992365,0.5964437,2.319169,0.18945074
6784,0.536283,0.7529445,2.2267506,0.03363295
6785,0.53171587,0.7957395,2.0282896,0.1264176
6786,0.707097,0.6518947,2.3900015,0.09013873
6787,0.49490407,0.72808385,2.1226246,0.13543579
6788,0.6101534,0.802162,2.1702013,0.19008724
6789,0.52633786,0.8083783,2.0724416,0.13522281
6790,0.4568401,0.8360365,1.9674958,0.07755259
6791,0.6174069,0.71622247,2.332522,0.14834486
6792,0.50839376,0.6641824,2.1649375,0.117050536
6793,0.6738303,0.681432,2.306328,0.13322754
6794,0.5896211,0.7449387,2.275783,0.14810252
6795,0.6460319,0.7574308,2.1590934,0.13754086
6796,0.7029192,0.7486884,2.3110495,0.12927027
6797,0.69616526,0.61250156,2.0189767,0.14314735
6798,0.6888646,0.715135,2.3530266,0.1274572
6799,0.55496806,0.7018443,2.2582135,0.13776006
6800,0.514461,0.68072176,2.14662,0.08035318
6801,0.6033397,0.7319209,2.189609,0.14831705
6802,0.62175256,0.6968616,2.1336005,0.12645322
6803,0.55860275,0.7390892,2.2136824,0.14963007
6804,0.68809307,0.7357244,2.280696,0.119738534
6805,0.59745437,0.7248069,2.0668175,0.1372971
6806,0.6876142,0.70438236,2.1718814,0.16065727
6807,0.61387813,0.6993365,2.2776868,0.107802786
6808,0.54056495,0.5907496,2.0853364,0.19698602
6809,0.5961921,0.73646337,2.1147878,0.1752347
6810,0.61484545,0.73633176,2.0720074,0.12500949
6811,0.47830153,0.72690344,2.0551567,0.15991606
6812,0.6039448,0.8542499,2.4091282,0.14101438
6813,0.67369384,0.6521462,2.0232658,0.108131304
6814,0.65880543,0.7002534,2.1200218,0.14981705
6815,0.55811864,0.71831334,2.058966,0.1478236
6816,0.5766927,0.65383136,2.029834,0.111210234
6817,0.6665908,0.6717843,2.0800653,0.102913134
6818,0.58959466,0.6803455,2.2107162,0.07843767
6819,0.541537,0.70875484,2.1684625,0.17599925
6820,0.4925286,0.71337956,2.0024114,0.12966715
6821,0.65467334,0.7896233,2.204036,0.1043274
6822,0.68217474,0.7427563,2.2666645,0.17600596
6823,0.59390295,0.76237947,2.2115371,0.16457927
6824,0.70347404,0.6971188,2.171296,0.1662219
6825,0.60348386,0.710319,2.0195398,0.16591725
6826,0.6534745,0.7042865,2.1541877,0.15860306
6827,0.5947419,0.7461081,2.0456958,0.13460213
6828,0.608894,0.7285122,1.9853319,0.1700265
6829,0.47664556,0.7599853,2.1406262,0.116927706
6830,0.48431695,0.7143695,2.0627916,0.15087727
6831,0.5958019,0.742355,2.2916653,0.15896076
6832,0.68340516,0.63221383,2.3195527,0.12852563
6833,0.63349795,0.7335444,2.0308468,0.14052635
6834,0.63223815,0.7092059,2.2248826,0.10118895
6835,0.5606629,0.71272177,2.0507858,0.082926884
6836,0.50991946,0.78697777,1.9625037,0.16821238
6837,0.75575775,0.7035288,2.111351,0.10606467
6838,0.53574973,0.6745125,2.2660127,0.14772652
6839,0.509787,0.7023639,2.0369744,0.13606276
6840,0.5381759,0.7218802,2.1591458,0.10529199
6841,0.49464867,0.7165134,2.1142542,0.09144318
6842,0.6231163,0.7229328,1.9847082,0.1658182
6843,0.53525656,0.63027203,2.2574797,0.16337614
6844,0.53965837,0.76991504,2.1430056,0.0990464
6845,0.6583164,0.6797918,2.0700204,0.16299096
6846,0.57332855,0.7265973,2.1846588,0.13585393
6847,0.53794956,0.7288071,2.0247,0.13678063
6848,0.72621316,0.8223554,2.1367788,0.117346734
6849,0.7036151,0.7427123,2.1072774,0.13829172
6850,0.64111495,0.622543,2.0827334,0.16492812
6851,0.43869177,0.773914,2.0541036,0.17359726
6852,0.5570797,0.6356711,2.201906,0.08228683
6853,0.58520913,0.7391351,2.0750117,0.13601935
6854,0.5601114,0.6694776,2.0644636,0.11842254
6855,0.7371754,0.6251533,2.3620617,0.043025464
6856,0.540747,0.63094115,2.1276393,0.1625516
6857,0.69835776,0.7515747,2.0321877,0.1303602
6858,0.6884371,0.7297673,2.0770683,0.20294978
6859,0.58273023,0.61901695,2.1526337,0.18243496
6860,0.59747595,0.6868999,2.0670872,0.09746046
6861,0.5248203,0.7588147,1.97645,0.14974366
6862,0.57441217,0.75877404,2.2428832,0.13056587
6863,0.41020492,0.71738327,2.0609605,0.11867005
6864,0.59843546,0.7032162,2.1856837,0.16492574
6865,0.5753588,0.7230773,2.2253888,0.029267482
6866,0.6469501,0.69204605,2.3257377,0.1340149
6867,0.5782379,0.77408415,2.223095,0.12932214
6868,0.50136745,0.7489026,2.1948678,0.08813704
6869,0.6020036,0.7085313,2.2412653,0.13786863
6870,0.51926106,0.630705,1.9600422,0.17788188
6871,0.5894418,0.74862707,2.1810668,0.12725753
6872,0.4511396,0.7616122,2.069784,0.120838605
6873,0.5949398,0.74604934,2.3666399,0.13165578
6874,0.7248641,0.6130718,2.1476002,0.1530796
6875,0.56897044,0.64273536,2.14093,0.16606025
6876,0.550074,0.75560445,2.241784,0.14262816
6877,0.63127804,0.703527,2.1503797,0.120255694
6878,0.63295376,0.6575169,2.1178222,0.15739542
6879,0.5675123,0.62694025,2.1464677,0.1423035
6880,0.5027176,0.7230573,2.183064,0.14355057
6881,0.5687523,0.78302586,2.0362628,0.111279026
6882,0.6548369,0.63389736,2.165096,0.18220145
6883,0.6136672,0.74178606,2.2620447,0.1170534
6884,0.6745014,0.7360385,2.1704032,0.13971376
6885,0.718303,0.75864697,2.2451582,0.081855446
6886,0.66731465,0.7577439,2.1373773,0.088846676
6887,0.7728857,0.6957742,2.1606514,0.16106026
6888,0.6456697,0.675503,2.0776415,0.14162245
6889,0.68756145,0.70990986,2.1624548,0.17751458
6890,0.5581313,0.6915083,2.1196425,0.13286921
6891,0.41963166,0.7036901,1.9805113,0.07373843
6892,0.49765003,0.7614591,2.0504673,0.17695473
6893,0.5302356,0.7143296,2.1667948,0.087763354
6894,0.5299793,0.65027964,2.0262144,0.117657885
6895,0.5021615,0.63307035,2.227237,0.061562236
6896,0.60108244,0.73942953,2.1178584,0.14841668
6897,0.45042413,0.7374362,2.0653665,0.16705239
6898,0.6332065,0.658387,2.2183466,0.10649889
6899,0.5501145,0.742247,1.9739252,0.16084242
6900,0.6761509,0.72703415,2.1781003,0.16257265
6901,0.6366944,0.6872846,1.9770638,0.12149474
6902,0.6043479,0.8457237,2.2957368,0.13343655
6903,0.5085743,0.67621374,2.3915253,0.1295431
6904,0.63070285,0.6440425,2.3977304,0.1291163
6905,0.5441563,0.7565497,2.389389,0.14047657
6906,0.7169975,0.6707795,2.0329096,0.14681874
6907,0.7262058,0.73285675,2.0525064,0.16199113
6908,0.69054925,0.7155213,2.2083416,0.1162469
6909,0.72287923,0.73058146,2.3184927,0.17303431
6910,0.6165398,0.6682322,2.2544475,0.13207547
6911,0.5519933,0.66040736,1.9573876,0.14929996
6912,0.38799173,0.80143297,2.2430718,0.09530052
6913,0.60635555,0.7147014,2.1386843,0.12533359
6914,0.64606386,0.6335187,2.15495,0.1786206
6915,0.46842572,0.79148227,2.0864813,0.2142128
6916,0.6161817,0.7390212,2.0700583,0.12258407
6917,0.48543358,0.762309,2.21308,0.11886386
6918,0.57741356,0.72025305,1.9715884,0.13312122
6919,0.7114321,0.6914629,2.1985865,0.121344365
6920,0.5986464,0.6263311,2.2364564,0.12530047
6921,0.44962013,0.7760385,2.1386733,0.12833881
6922,0.6149036,0.6783973,2.1149414,0.08777189
6923,0.35068706,0.7490962,2.0589914,0.09303447
6924,0.54337955,0.7309224,2.0850089,0.114666075
6925,0.51659346,0.74965316,2.0298092,0.13471857
6926,0.6561769,0.8223743,2.1054003,0.13291693
6927,0.5306432,0.78878033,2.049125,0.100954786
6928,0.5230638,0.8246713,2.2353513,0.07957197
6929,0.70927244,0.7442311,2.224239,0.13277984
6930,0.6037248,0.6905662,2.2754614,0.15162253
6931,0.66739464,0.65526396,2.1761165,0.10573274
6932,0.4187852,0.72560894,2.0210354,0.12943453
6933,0.63424015,0.6775846,2.3113954,0.118823715
6934,0.67450196,0.7324456,2.1426222,0.12403472
6935,0.5769736,0.7334721,2.3113015,0.12646689
6936,0.49446166,0.6781895,1.9844176,0.12773152
6937,0.66510373,0.6654241,2.0748236,0.18017823
6938,0.5683677,0.73965853,2.1122487,0.14201547
6939,0.5723764,0.64194405,2.0660138,0.106982246
6940,0.65182775,0.69752353,1.9942904,0.16711293
6941,0.5210577,0.7315744,2.1288612,0.14561914
6942,0.63351035,0.68651855,2.2445347,0.17130896
6943,0.673001,0.7307631,2.3421614,0.1443148
6944,0.77869844,0.7334245,2.2530437,0.16161641
6945,0.54785657,0.7588898,2.0887256,0.17940271
6946,0.67159593,0.65626526,1.9887618,0.15597177
6947,0.60450524,0.70941716,2.079165,0.19203983
6948,0.5753873,0.67698866,2.0691054,0.12236756
6949,0.58288956,0.64175636,2.1736794,0.14813145
6950,0.58620286,0.6940383,2.319407,0.15089694
6951,0.623054,0.6372489,2.0106711,0.10952887
6952,0.6559774,0.7386912,2.0723076,0.16496761
6953,0.62655514,0.66726243,2.1087093,0.1564072
6954,0.528221,0.7432857,2.0466447,0.15401413
6955,0.5548972,0.6813837,2.252437,0.10196264
6956,0.52569133,0.6569661,2.049414,0.10361706
6957,0.5307458,0.75473094,2.00836,0.16890739
6958,0.6554872,0.77260715,2.3795393,0.1307908
6959,0.5413561,0.74191535,2.2138975,0.12556687
6960,0.4446934,0.78581226,2.020137,0.112986565
6961,0.75397116,0.6713621,2.2405963,0.19137335
6962,0.4944844,0.7275335,2.2217207,0.09748972
6963,0.7177637,0.64269733,2.3758137,0.13733743
6964,0.630276,0.704303,2.0010087,0.14468415
6965,0.6748215,0.6620132,2.1264904,0.17626897
6966,0.7076382,0.63495797,2.2293828,0.13821246
6967,0.54996556,0.7021266,1.9902054,0.14894699
6968,0.5319704,0.7803569,2.2898254,0.11255686
6969,0.64610547,0.7776535,2.0842052,0.1904021
6970,0.6045217,0.76987004,1.9710453,0.14523949
6971,0.69221425,0.8078544,2.3447654,0.15092543
6972,0.6648318,0.7314229,1.9021466,0.13837011
6973,0.6886861,0.7265513,2.1401384,0.13581392
6974,0.6260577,0.70299757,2.1959944,0.16267331
6975,0.58171386,0.72111654,2.2300558,0.15543766
6976,0.6161483,0.7544766,1.9992883,0.12016541
6977,0.61308175,0.61868536,2.1668038,0.14873302
6978,0.51341593,0.7008178,2.1620526,0.108321786
6979,0.5373486,0.72584224,2.1426432,0.14931172
6980,0.6698237,0.65042645,2.1970196,0.16259791
6981,0.60872,0.7073396,2.1362443,0.15551364
6982,0.7018446,0.6396337,2.071917,0.14023456
6983,0.7142173,0.6159286,2.454836,0.12525804
6984,0.55903834,0.67588127,2.1173685,0.12428321
6985,0.5831023,0.62226653,2.1677015,0.13718422
6986,0.5402596,0.6858801,2.084747,0.11607632
6987,0.5955469,0.71156895,1.9884089,0.08995391
6988,0.6051454,0.742428,2.2936199,0.080448985
6989,0.63122004,0.69311523,2.1165662,0.103245564
6990,0.58746,0.6810503,2.0444715,0.12326454
6991,0.54958236,0.73959976,2.301921,0.1463007
6992,0.6336403,0.65899104,2.1782644,0.114309125
6993,0.6442769,0.79822385,2.0428817,0.09311814
6994,0.49904656,0.70073456,2.1213303,0.08778775
6995,0.57970005,0.8554459,2.245706,0.13121797
6996,0.5573361,0.6415567,2.0804927,0.08279169
6997,0.64605355,0.7305496,2.0526304,0.11731649
6998,0.5797402,0.69020003,2.2412705,0.11741072
6999,0.5522192,0.7184689,2.3602004,0.07715017
7000,0.5388871,0.724581,2.0120192,0.122846276
7001,0.5795439,0.68263066,2.2050815,0.14667389
7002,0.7124778,0.7010144,2.2029967,0.14576809
7003,0.48928827,0.6878181,2.0875242,0.09829753
7004,0.650011,0.7698284,2.1041958,0.13765404
7005,0.6737431,0.72706324,2.2297058,0.14972687
7006,0.5762323,0.71532226,2.0683525,0.1561478
7007,0.618555,0.7751127,2.1322207,0.10805394
7008,0.6942889,0.6431913,2.2898564,0.13742079
7009,0.6660892,0.7242052,2.1478493,0.12229731
7010,0.5558756,0.6864526,2.0631268,0.13687322
7011,0.56258255,0.68016213,2.0630453,0.125192
7012,0.6587635,0.77104545,2.1892927,0.108147375
7013,0.5679302,0.653042,2.003189,0.20955388
7014,0.47931415,0.6789517,2.1951296,0.12448739
7015,0.6728314,0.6500082,2.2959108,0.100819185
7016,0.7529046,0.68230194,2.0391276,0.118443735
7017,0.6396774,0.6675745,2.180212,0.0867254
7018,0.5733284,0.7103452,2.2037673,0.13787436
7019,0.7193745,0.75555944,2.1863215,0.110751435
7020,0.6076617,0.7540425,2.1451705,0.2256254
7021,0.5277228,0.7358097,2.2148616,0.14790925
7022,0.5365507,0.7153062,1.9846287,0.14166369
7023,0.68555546,0.70323956,2.2600608,0.18962407
7024,0.53678393,0.6662484,2.1448276,0.16610941
7025,0.4823931,0.738514,2.1541102,0.20798919
7026,0.5788421,0.7586317,2.1345916,0.070601344
7027,0.6858692,0.77202314,2.2875116,0.11431987
7028,0.6229105,0.73279804,2.0789304,0.16968174
7029,0.69213325,0.7983181,2.3507652,0.14874586
7030,0.7017097,0.67001283,2.1783712,0.12590642
7031,0.6193493,0.70553225,2.0495958,0.15986443
7032,0.69209427,0.816739,2.128622,0.14122495
7033,0.6103032,0.72928196,2.1533806,0.07102825
7034,0.51093525,0.75693583,1.9978596,0.102640636
7035,0.58716154,0.65775245,2.0181637,0.12518778
7036,0.62710786,0.73135865,2.2432058,0.14370224
7037,0.59717864,0.70242435,2.1280205,0.118814945
7038,0.53380954,0.7559482,2.1588614,0.09167704
7039,0.7005075,0.6842925,2.01877,0.18577868
7040,0.6698885,0.80167603,2.3576522,0.12703174
7041,0.59202796,0.8385245,2.2070944,0.12980744
7042,0.6144182,0.70859176,2.3367906,0.095954165
7043,0.6738857,0.6688445,2.447172,0.15731859
7044,0.5716438,0.77013683,2.2819636,0.1690926
7045,0.56353986,0.7375326,2.1071305,0.09298157
7046,0.6908921,0.65578794,2.1512403,0.2004695
7047,0.575041,0.7718974,2.2863362,0.078188255
7048,0.6876824,0.6212966,2.1304228,0.13707629
7049,0.48008513,0.8184001,2.105262,0.18588063
7050,0.5981157,0.7553406,2.1982715,0.14240645
7051,0.57481396,0.7556639,2.268723,0.14145431
7052,0.53628844,0.66817987,2.2181208,0.11078737
7053,0.46589664,0.6683048,2.15409,0.09618544
7054,0.52818716,0.63745636,2.0176005,0.15901205
7055,0.5615412,0.72429526,2.140233,0.12707916
7056,0.50070953,0.6667128,2.1492825,0.09349578
7057,0.552604,0.71738935,2.069556,0.09525128
7058,0.55148095,0.63839626,2.1942132,0.15801945
7059,0.67271936,0.6517747,2.129366,0.14484388
7060,0.6585513,0.6863322,2.1277041,0.16315663
7061,0.5890599,0.7002829,2.154147,0.19262773
7062,0.56460476,0.6996585,2.0904477,0.15048301
7063,0.67246705,0.7224167,2.3209822,0.15566126
7064,0.568089,0.71928114,2.060767,0.13140887
7065,0.53806037,0.7248913,2.0750878,0.1333551
7066,0.606801,0.7229688,1.9984417,0.13875328
7067,0.6596924,0.7013249,2.2045774,0.0798546
7068,0.61745,0.65033454,2.102895,0.12308718
7069,0.69605464,0.7677815,2.1312633,0.14366989
7070,0.49846143,0.70850223,2.1388848,0.12340027
7071,0.5171034,0.6699946,2.146731,0.1136835
7072,0.5576673,0.67590106,2.1531947,0.18941563
7073,0.5635363,0.70523936,2.2587008,0.13129789
7074,0.7073466,0.68755853,2.1680162,0.15232539
7075,0.5642242,0.77403015,2.3142707,0.13147995
7076,0.7382444,0.72420555,2.1328108,0.13988927
7077,0.5439624,0.73528105,2.178214,0.13906708
7078,0.60581195,0.7190519,2.0469878,0.1457534
7079,0.5724091,0.7979979,2.2473688,0.15524565
7080,0.7363028,0.7032131,2.0691059,0.13955411
7081,0.5683523,0.75829464,2.0517423,0.15278025
7082,0.67687166,0.662757,2.2324054,0.15841696
7083,0.6733866,0.72644496,2.0698044,0.17214037
7084,0.62056637,0.7511977,2.159018,0.15710162
7085,0.5982286,0.7076997,2.1787295,0.13529481
7086,0.5181983,0.7125932,2.2444787,0.09227767
7087,0.6884831,0.6414193,2.0965605,0.19447558
7088,0.64737016,0.6741395,2.0310473,0.1498822
7089,0.72386914,0.6764771,2.3877146,0.11470295
7090,0.59018034,0.6889722,2.202843,0.10066301
7091,0.6121543,0.75546134,2.059024,0.1289399
7092,0.49626195,0.8157825,2.2053542,0.1659883
7093,0.75538963,0.6623291,2.3561447,0.13268648
7094,0.5137232,0.70975447,2.138377,0.08380392
7095,0.74836147,0.7339871,2.3220363,0.1346735
7096,0.64798707,0.7624268,2.1605642,0.16245641
7097,0.49743593,0.724639,1.9968021,0.12902576
7098,0.65218645,0.6997596,2.2324696,0.15290534
7099,0.5556923,0.7815625,2.0593822,0.18232594
7100,0.4037966,0.64031047,2.0799394,0.13062835
7101,0.56180555,0.69624835,2.0901697,0.17577046
7102,0.708521,0.72107387,2.3940392,0.15730765
7103,0.6350885,0.72610253,2.1252072,0.1730867
7104,0.69450486,0.81183296,2.2218363,0.14422682
7105,0.5127857,0.687733,2.1800854,0.121982716
7106,0.5259756,0.7456807,2.0365849,0.09459416
7107,0.7150125,0.76641524,2.3110435,0.16207641
7108,0.5947875,0.73813856,2.009971,0.14335135
7109,0.56827784,0.6973581,2.005609,0.20573287
7110,0.5355462,0.7889271,2.1219497,0.05074254
7111,0.66602695,0.71808356,1.932645,0.15811521
7112,0.53216505,0.69285345,2.2216182,0.097920395
7113,0.6312938,0.7296112,2.1294725,0.15887927
7114,0.6755804,0.76591355,2.0277097,0.18892932
7115,0.5300955,0.7272835,2.2548223,0.13211669
7116,0.52805996,0.752111,2.1263902,0.13280858
7117,0.5841731,0.6764349,2.087678,0.1363559
7118,0.5936007,0.69290364,2.0210226,0.13061917
7119,0.5731139,0.7364988,2.0772555,0.14763387
7120,0.63720775,0.69701266,2.2001173,0.107375786
7121,0.73666954,0.7450791,2.4524615,0.15789527
7122,0.6538795,0.7034012,2.119364,0.15873347
7123,0.5999763,0.7483086,2.2711036,0.15554877
7124,0.68630457,0.75745994,1.9257222,0.15956567
7125,0.56922454,0.72551996,2.148008,0.16333933
7126,0.5844204,0.64950985,2.214729,0.20122667
7127,0.51809084,0.72690785,1.9951881,0.11791651
7128,0.5693797,0.7476802,2.1206613,0.17912298
7129,0.7262175,0.6807364,1.9816829,0.1736177
7130,0.6150489,0.83940166,2.1702564,0.15893477
7131,0.6966895,0.6868425,2.2758818,0.17498496
7132,0.5090909,0.86667407,2.3377354,0.14614037
7133,0.5287133,0.79150283,2.027499,0.15617979
7134,0.6001961,0.7228057,2.1966767,0.09544842
7135,0.56538934,0.6745514,2.0750146,0.10444169
7136,0.61012286,0.73749644,1.9834777,0.13660383
7137,0.45247295,0.6302319,2.0255754,0.10838574
7138,0.6558692,0.61953944,2.0105693,0.12411231
7139,0.61495185,0.69994116,2.2003286,0.15439308
7140,0.6509758,0.6440101,2.243262,0.099089324
7141,0.58119416,0.7159283,2.32452,0.10579976
7142,0.6180501,0.6355268,2.1498494,0.18554248
7143,0.6572888,0.58625025,2.0999568,0.13017769
7144,0.7161953,0.6155481,2.192229,0.18077813
7145,0.5016774,0.7491127,2.1342993,0.17285934
7146,0.680929,0.6430461,2.0400932,0.20330812
7147,0.53100264,0.7999473,2.1829734,0.16077007
7148,0.64134765,0.71354586,2.210984,0.076112136
7149,0.6794205,0.7476042,2.0319226,0.15319058
7150,0.52265376,0.755356,2.088899,0.12366695
7151,0.617555,0.6944677,2.176245,0.16018957
7152,0.61293155,0.6661728,2.2501204,0.13207226
7153,0.647404,0.72429377,2.2109292,0.11193905
7154,0.48664767,0.7214699,2.1681836,0.12474988
7155,0.6724077,0.6978233,1.9878802,0.16512273
7156,0.617385,0.7602202,1.9994144,0.15475243
7157,0.5455605,0.7540138,2.131043,0.15659906
7158,0.5578086,0.80023205,2.0538611,0.21030517
7159,0.64986897,0.5884589,2.2299426,0.13020815
7160,0.6346582,0.67081064,2.2103674,0.12879269
7161,0.4915424,0.70157,2.072412,0.13337387
7162,0.58458513,0.7411434,2.0782306,0.13606234
7163,0.6128638,0.6809673,2.0377963,0.15403073
7164,0.5446974,0.7091755,1.9657532,0.13529904
7165,0.6090472,0.7088239,1.995467,0.1608663
7166,0.6538349,0.7614378,2.0497036,0.11530091
7167,0.5219515,0.724164,2.0644572,0.16681716
7168,0.6400993,0.66878045,2.0222793,0.11614576
7169,0.5584383,0.6377572,2.0046628,0.17644203
7170,0.56690025,0.6733681,2.0604892,0.12963533
7171,0.68671954,0.6619616,2.353031,0.15885171
7172,0.67995036,0.66997194,2.2396786,0.1535358
7173,0.5198199,0.68603796,2.241496,0.14368725
7174,0.66546535,0.73059803,2.0207083,0.15046096
7175,0.63836765,0.7707072,2.0854437,0.18307102
7176,0.6539732,0.66508436,2.262333,0.11900483
7177,0.46778148,0.73684096,2.02346,0.15307456
7178,0.576279,0.749374,2.1920571,0.12108891
7179,0.659282,0.6951877,2.156136,0.15358123
7180,0.57742864,0.72048324,2.1564147,0.16909625
7181,0.681545,0.8361168,2.3053577,0.18008155
7182,0.6004163,0.7386313,2.248078,0.12223933
7183,0.6129161,0.6770959,1.9657991,0.12867714
7184,0.7243225,0.65600604,2.1881092,0.13408826
7185,0.54175,0.770288,2.3282917,0.10871604
7186,0.6137051,0.7025406,2.0818446,0.12663007
7187,0.62468123,0.76305133,2.333647,0.073240235
7188,0.66411954,0.62580776,2.180695,0.11386816
7189,0.65023357,0.7655978,2.2347343,0.16986556
7190,0.5602122,0.7463559,2.2556489,0.07672622
7191,0.637306,0.754163,2.2481449,0.09863778
7192,0.6187007,0.79561216,2.3976872,0.11759113
7193,0.66124785,0.62142134,2.236396,0.20101003
7194,0.6537678,0.80131793,2.3082209,0.15559177
7195,0.57508796,0.7196431,2.2512531,0.16580488
7196,0.516722,0.7318489,2.1773272,0.13122374
7197,0.6050568,0.77445173,2.1317163,0.13603407
7198,0.60545576,0.6899251,2.051687,0.14772618
7199,0.69964147,0.7157445,2.1596231,0.15415925
7200,0.4728773,0.66461736,2.044549,0.13543278
7201,0.58837056,0.74662894,2.0682387,0.16064687
7202,0.6787837,0.6520009,1.9865924,0.10161653
7203,0.5502825,0.73478127,1.9448067,0.10482392
7204,0.5849201,0.77568024,1.9878722,0.1389676
7205,0.6139083,0.6574445,2.0739381,0.12574212
7206,0.64830685,0.7307117,2.0329225,0.18452351
7207,0.571315,0.7362897,2.118893,0.1545891
7208,0.71904427,0.7146923,2.213283,0.16633223
7209,0.6356753,0.68543375,2.033907,0.13365035
7210,0.6467027,0.70581806,2.2062535,0.16379923
7211,0.5146865,0.6822784,1.9686614,0.15033503
7212,0.5943852,0.7488553,2.186276,0.12404878
7213,0.7053804,0.7210178,2.1546953,0.13758591
7214,0.5611981,0.74229807,2.1585512,0.13567567
7215,0.4057889,0.7104691,2.2777426,0.08146341
7216,0.7220383,0.7027897,2.1753862,0.09120429
7217,0.5130731,0.6987203,2.304724,0.11751285
7218,0.5922456,0.66456693,2.081887,0.12877575
7219,0.48573142,0.7467188,2.093163,0.14544724
7220,0.60778517,0.69315535,2.1782243,0.1278484
7221,0.65007275,0.71656954,2.1548123,0.1753674
7222,0.50592315,0.85750693,2.1817856,0.13304341
7223,0.6135535,0.761339,2.1776233,0.13006781
7224,0.62739223,0.6783818,2.0066648,0.11604422
7225,0.5894073,0.66896135,2.1533318,0.13573359
7226,0.6683809,0.6304261,2.2374861,0.13178435
7227,0.46265396,0.70637345,2.1211686,0.15791494
7228,0.51720816,0.67386776,2.0910614,0.14067988
7229,0.58668876,0.75517786,2.257838,0.114315346
7230,0.65817267,0.7148596,2.253382,0.102366544
7231,0.6079514,0.6567722,2.076368,0.16383481
7232,0.6874152,0.6542166,2.1686828,0.18385981
7233,0.6345769,0.77048016,2.2385464,0.15882698
7234,0.6976348,0.70648646,2.2503,0.120528236
7235,0.5305561,0.70961064,2.1651037,0.118516274
7236,0.65306675,0.71635157,2.4340217,0.14235137
7237,0.6002856,0.68892074,2.343346,0.09656463
7238,0.56716174,0.6929584,2.1706758,0.07019822
7239,0.54010963,0.79890484,2.3482888,0.079293534
7240,0.5772587,0.69013715,2.2843397,0.09178348
7241,0.73278046,0.77603376,2.2200243,0.14846419
7242,0.51167303,0.68817437,1.9463292,0.14961837
7243,0.5290973,0.7068548,2.1003234,0.16487521
7244,0.591979,0.74348783,2.1323204,0.1228402
7245,0.57005733,0.74890226,2.0161796,0.10602614
7246,0.6342549,0.7262363,2.1203146,0.12749696
7247,0.7402292,0.6481968,2.2573512,0.13497728
7248,0.66582614,0.77134556,2.3193343,0.16224991
7249,0.46565104,0.78127146,2.1996956,0.13633898
7250,0.56514883,0.67277384,1.8621626,0.1459796
7251,0.5378746,0.75565124,2.2263324,0.07169195
7252,0.57333964,0.7714434,2.269451,0.15834391
7253,0.6073157,0.733836,2.1963222,0.11170745
7254,0.6406298,0.7532168,2.24576,0.14384812
7255,0.72242564,0.8117727,2.09597,0.14290772
7256,0.6766931,0.73354626,2.5037298,0.12855424
7257,0.52244097,0.723563,2.0653994,0.13811734
7258,0.65027314,0.8103016,2.210028,0.15749262
7259,0.6583148,0.73384976,2.215282,0.12956165
7260,0.6658111,0.7853087,1.9671288,0.14773694
7261,0.51999295,0.7009566,1.955946,0.09475854
7262,0.5018221,0.6560068,2.101086,0.15219435
7263,0.55289346,0.6590106,2.0078394,0.13286844
7264,0.70146316,0.7844177,2.0700788,0.1572541
7265,0.5584737,0.7867983,2.0578837,0.13423218
7266,0.5907971,0.79557747,1.9128706,0.15783216
7267,0.60452855,0.7509082,2.3145676,0.12830977
7268,0.6699158,0.6406439,2.1032107,0.121773206
7269,0.6428243,0.7357408,1.9832735,0.084821455
7270,0.61444235,0.65859896,2.246162,0.13653743
7271,0.5662524,0.73084265,2.3315463,0.11771238
7272,0.6108939,0.6775447,2.1742501,0.10150362
7273,0.54768115,0.71896446,2.0643039,0.1416192
7274,0.6700609,0.74204856,2.1693177,0.12735668
7275,0.61126614,0.6875829,2.283545,0.12713195
7276,0.6233705,0.7327229,2.1769915,0.1675363
7277,0.64225537,0.79318273,2.2780702,0.16405779
7278,0.57763743,0.8030224,2.119818,0.11233884
7279,0.46922046,0.74739885,2.2080617,0.078591816
7280,0.6246577,0.7987353,2.1809433,0.124065414
7281,0.5840213,0.7379854,2.1206942,0.16207059
7282,0.63290024,0.72272587,2.1116498,0.16419373
7283,0.51496595,0.7725584,2.0878582,0.1284134
7284,0.5936865,0.71566474,2.452839,0.18198301
7285,0.6465686,0.7622245,2.0837743,0.15854672
7286,0.6648319,0.6986041,2.155479,0.09558782
7287,0.5119875,0.6054483,2.213797,0.17218941
7288,0.5150478,0.7584873,2.038324,0.16137156
7289,0.4661819,0.7941129,2.0599225,0.16488187
7290,0.71071184,0.6384524,2.2807589,0.15592022
7291,0.7022101,0.67695016,2.0461571,0.13071774
7292,0.56192935,0.66145253,2.0327063,0.15049246
7293,0.66660726,0.7094685,2.304048,0.105876364
7294,0.53894067,0.70948076,2.1786962,0.13597074
7295,0.6134572,0.8118866,2.1504333,0.12185628
7296,0.54515576,0.74476177,2.0063322,0.12129872
7297,0.52147216,0.76606715,1.9363396,0.18537676
7298,0.4495135,0.6533216,2.1008523,0.16029076
7299,0.5784597,0.7477435,2.2012057,0.086688414
7300,0.5674254,0.6599429,2.16813,0.14851029
7301,0.6022408,0.7357303,2.316043,0.18068022
7302,0.6854203,0.6399473,2.1234944,0.19590722
7303,0.543528,0.77267635,2.0778506,0.11740248
7304,0.619927,0.75098836,2.0658233,0.11385403
7305,0.5288416,0.6111636,2.0850463,0.10759951
7306,0.6322548,0.71607816,2.329394,0.14377376
7307,0.52617997,0.60926723,2.270302,0.09848317
7308,0.59594434,0.78164965,2.172425,0.17326327
7309,0.5623758,0.8677198,2.243568,0.07785594
7310,0.6386079,0.66727185,2.235726,0.208608
7311,0.6674617,0.7217447,2.2777922,0.13080403
7312,0.6729101,0.73603684,2.2052755,0.18116935
7313,0.5692151,0.6780922,2.1945574,0.13203943
7314,0.7197379,0.70359427,2.1483402,0.15142284
7315,0.73005116,0.6483766,2.1839871,0.13757244
7316,0.5626971,0.6544393,2.0907772,0.111121655
7317,0.5286146,0.717528,2.3455775,0.19985797
7318,0.54623896,0.7249055,1.9875453,0.16838905
7319,0.65538716,0.6664347,2.2586963,0.1073086
7320,0.5418566,0.7337322,2.1763482,0.15526967
7321,0.562074,0.762697,2.092408,0.12575026
7322,0.59086996,0.68073237,1.96002,0.16839537
7323,0.63960016,0.65053594,2.2108366,0.08338407
7324,0.6229456,0.7576523,2.108822,0.15471295
7325,0.5422139,0.78990686,1.9951655,0.15490001
7326,0.6061353,0.8157244,2.239144,0.107254475
7327,0.6089775,0.6477015,2.1502414,0.13075858
7328,0.6339041,0.77815723,2.2926738,0.12740488
7329,0.6483413,0.7205109,2.2387187,0.10565449
7330,0.64666325,0.645864,2.2277217,0.11820687
7331,0.54080313,0.706771,2.0230842,0.14871848
7332,0.4593569,0.70365685,2.0656023,0.13533248
7333,0.6314105,0.79952425,2.0414667,0.12289024
7334,0.6507974,0.8021074,2.1959524,0.16688707
7335,0.47108468,0.7684687,2.2412064,0.09139334
7336,0.623534,0.73026663,2.3461034,0.16567889
7337,0.59570634,0.7348193,2.1638656,0.11374686
7338,0.58856,0.6632083,2.1519547,0.16485515
7339,0.62434375,0.770098,2.0480704,0.16327241
7340,0.59924066,0.7094194,2.0496166,0.1512222
7341,0.59067595,0.61172223,2.26737,0.11476416
7342,0.6221376,0.6870261,2.1630328,0.13425623
7343,0.66125846,0.67312384,2.293747,0.108505026
7344,0.63049024,0.6848341,2.3041618,0.111941196
7345,0.4514686,0.70196295,2.1618917,0.13836326
7346,0.44287804,0.8408715,2.2451649,0.077897094
7347,0.56834126,0.6744212,2.2122402,0.19682044
7348,0.54221773,0.7270579,2.125638,0.107790895
7349,0.68750393,0.7772641,2.2337272,0.14617409
7350,0.51433426,0.7251969,2.3270915,0.091052115
7351,0.6481384,0.7132299,2.10277,0.16584103
7352,0.4053241,0.63411474,2.2795353,0.12125593
7353,0.65827644,0.8436153,2.2488728,0.14483984
7354,0.57798594,0.6538157,2.0752096,0.14399539
7355,0.5388089,0.75008607,2.3652,0.12259681
7356,0.6484759,0.7423953,2.1638007,0.14578035
7357,0.63038486,0.73949915,2.2009006,0.097517304
7358,0.6484596,0.7271116,2.3113093,0.108058095
7359,0.63176495,0.71062,2.1760604,0.15977699
7360,0.624835,0.72418845,2.2496161,0.14790072
7361,0.5118852,0.6694116,1.9556037,0.10103173
7362,0.5992171,0.72936565,2.016263,0.14680696
7363,0.65148705,0.74277014,1.9942816,0.122164786
7364,0.57797134,0.65701336,2.222351,0.06733654
7365,0.64779794,0.67906743,2.334173,0.15785457
7366,0.633692,0.6539848,2.0450487,0.17159745
7367,0.5729615,0.7542211,2.2023454,0.14003265
7368,0.41465166,0.6815788,2.085349,0.095294006
7369,0.5541732,0.747693,2.0610619,0.13523008
7370,0.5215569,0.72133815,2.152304,0.176326
7371,0.67034924,0.70046014,2.1740713,0.18846513
7372,0.6969851,0.6066808,2.2808702,0.13740243
7373,0.645098,0.73268205,2.0249903,0.15745103
7374,0.56412613,0.68539244,2.1487582,0.12533082
7375,0.72062916,0.7143598,2.2167954,0.14554496
7376,0.63561803,0.5760773,2.0653934,0.2320747
7377,0.41798452,0.70155823,2.1945574,0.0931066
7378,0.6839088,0.55442923,2.08138,0.16771844
7379,0.4775379,0.74722666,2.1194503,0.19485766
7380,0.6674095,0.7197939,2.2327867,0.14413397
7381,0.5938854,0.66360456,1.9763212,0.13459595
7382,0.8016165,0.7075957,2.3874936,0.12411018
7383,0.63778794,0.6849266,2.2364786,0.12575415
7384,0.7137969,0.7259709,2.1871293,0.1589102
7385,0.6304029,0.74630743,2.109699,0.1798125
7386,0.7032528,0.7274913,2.1962934,0.136897
7387,0.6876141,0.72551954,2.1488698,0.19368799
7388,0.68711895,0.6904876,2.0170996,0.1242826
7389,0.5973282,0.7869159,2.142358,0.12962039
7390,0.6004332,0.6265269,2.1148078,0.12578017
7391,0.63841504,0.70824456,2.184347,0.17286535
7392,0.60143286,0.8166216,2.2828846,0.14350304
7393,0.5909972,0.7237664,2.1711037,0.15942045
7394,0.60700816,0.67612875,2.1305225,0.13575865
7395,0.561897,0.64602965,2.0518794,0.13027853
7396,0.653992,0.71675485,2.1158278,0.13061275
7397,0.64372176,0.69511473,1.9794704,0.120888956
7398,0.66186047,0.72810304,2.1467485,0.18208563
7399,0.57297367,0.7073162,2.0476863,0.10539359
7400,0.6357045,0.7659928,2.1857982,0.11704059
7401,0.599104,0.70965564,2.1495328,0.12177534
7402,0.5710407,0.7655625,2.2440352,0.1871723
7403,0.6549526,0.59485507,2.1623402,0.13817382
7404,0.47341895,0.80394214,2.0015516,0.13691205
7405,0.53172034,0.6054517,2.032269,0.08464111
7406,0.5489017,0.68144584,2.1384883,0.156673
7407,0.6062475,0.71870536,2.227776,0.13614433
7408,0.6116325,0.69049186,2.4262288,0.076703906
7409,0.67533535,0.6085231,2.4027874,0.13561873
7410,0.5690949,0.6893171,2.189829,0.14605024
7411,0.59313846,0.74328035,2.0560527,0.10623251
7412,0.6154439,0.7532838,2.1522467,0.13641207
7413,0.7102682,0.7872004,2.1661344,0.17186566
7414,0.6705025,0.76985663,2.203369,0.14100659
7415,0.61418766,0.72786754,2.175274,0.12344899
7416,0.63509524,0.59903806,2.1872184,0.12762152
7417,0.6156453,0.77840966,2.1313064,0.14167222
7418,0.52779526,0.7900775,2.0115724,0.15146309
7419,0.67082137,0.75220126,2.1886084,0.13361941
7420,0.65422934,0.7225013,1.9423478,0.17521174
7421,0.52658325,0.72614837,2.0136771,0.12623289
7422,0.5530595,0.68849474,2.2032318,0.12275788
7423,0.5573691,0.78966033,2.051825,0.1207468
7424,0.65187913,0.684664,2.0655,0.16363958
7425,0.6850274,0.705975,2.224499,0.12396115
7426,0.5559388,0.77648294,2.2256794,0.14382678
7427,0.5358864,0.6661712,2.0070834,0.18202257
7428,0.6231401,0.6528316,2.140633,0.076473884
7429,0.5936772,0.776037,2.04556,0.15885638
7430,0.48029467,0.74382085,2.0706856,0.1428505
7431,0.5922377,0.6096142,2.2088516,0.104439065
7432,0.5560302,0.6914198,2.1380188,0.18833964
7433,0.6639692,0.8034575,2.3038037,0.09829404
7434,0.5696796,0.6964141,2.1381257,0.15413243
7435,0.5355393,0.78157717,2.045898,0.1337785
7436,0.62422454,0.761059,2.0201235,0.12166124
7437,0.6856829,0.7310517,2.1910684,0.11308801
7438,0.5846182,0.68847483,2.2178845,0.15513897
7439,0.6372714,0.6146025,2.1154373,0.11231795
7440,0.6335119,0.7470339,2.170088,0.15605833
7441,0.52255595,0.789596,2.0325124,0.13805309
7442,0.590908,0.697004,2.0801144,0.1555787
7443,0.52381986,0.737835,2.1068807,0.118165255
7444,0.49221423,0.6912644,2.154422,0.07002894
7445,0.65331435,0.71008915,2.2821572,0.1226136
7446,0.62105626,0.7658154,2.0376124,0.114046715
7447,0.59543467,0.71415275,2.1159961,0.19084023
7448,0.5058739,0.790389,2.2159762,0.1542026
7449,0.60020494,0.7557483,2.2180755,0.103852995
7450,0.6363396,0.68741316,2.0875082,0.14633955
7451,0.6595277,0.6586898,2.243404,0.13913973
7452,0.5618884,0.7014605,2.130867,0.11138235
7453,0.6529617,0.71304893,1.9922882,0.14589225
7454,0.49016175,0.8155899,2.0561438,0.15240717
7455,0.67794394,0.8849873,2.167054,0.14906472
7456,0.70154095,0.7103086,2.1940699,0.16804536
7457,0.48673075,0.6169832,2.2746735,0.10449312
7458,0.68690455,0.7755651,2.1262603,0.14760834
7459,0.5819175,0.73921204,2.0673106,0.16403821
7460,0.65196025,0.6990722,1.9687151,0.18859994
7461,0.4592817,0.71272796,2.0027027,0.11074959
7462,0.54868346,0.71197003,2.0073833,0.11097785
7463,0.5447571,0.6778655,2.0231853,0.14907745
7464,0.60804534,0.719175,2.0389705,0.18874991
7465,0.6472761,0.62156963,2.00276,0.23378986
7466,0.6761794,0.64271766,2.0364273,0.1438577
7467,0.6722014,0.82720304,2.1585329,0.14002751
7468,0.65985465,0.75923187,2.1818106,0.16255651
7469,0.5837421,0.68846637,2.041862,0.12662078
7470,0.6544588,0.7382186,2.184938,0.12198997
7471,0.59042186,0.6771529,1.9496688,0.095879816
7472,0.54774886,0.68577826,2.1992853,0.12737373
7473,0.47166866,0.725485,2.1045642,0.14075615
7474,0.69157803,0.67820036,2.2777238,0.21274559
7475,0.6770962,0.7559211,2.251199,0.089562766
7476,0.5947513,0.6823236,2.0548053,0.14730288
7477,0.69790787,0.65471345,2.2176306,0.16515206
7478,0.6989138,0.6208641,2.2311578,0.13443448
7479,0.70895046,0.6809238,2.0823462,0.13226397
7480,0.6748993,0.70936155,1.9609286,0.19158581
7481,0.5631024,0.70534307,2.0557358,0.12381434
7482,0.6113478,0.64940906,2.26379,0.15435784
7483,0.5901669,0.7227378,1.9506732,0.09136286
7484,0.5238245,0.79173714,1.9852374,0.15996581
7485,0.63489217,0.6842084,2.117792,0.18434569
7486,0.5648303,0.67758155,2.2969673,0.09156741
7487,0.7209829,0.76462805,2.097557,0.19793123
7488,0.65771174,0.6074219,2.309717,0.14699605
7489,0.50507635,0.8149513,2.0770128,0.12434063
7490,0.6394744,0.7147801,2.1145484,0.10642807
7491,0.497835,0.72554123,2.2431664,0.14660199
7492,0.64489233,0.718433,2.28196,0.16069287
7493,0.6483017,0.7510237,2.1499562,0.19501689
7494,0.6001454,0.74793565,2.233702,0.1271525
7495,0.67867947,0.8190668,2.2042642,0.17949
7496,0.584055,0.69630456,2.1191604,0.14960411
7497,0.48592585,0.75212014,2.1611047,0.14702371
7498,0.5771255,0.62911,2.0866313,0.107686356
7499,0.55150455,0.68763024,2.2068088,0.14034851
7500,0.5412844,0.8325136,2.0230467,0.14148103
7501,0.7245092,0.6796023,2.2334452,0.1080159
7502,0.59108394,0.77393645,2.3460133,0.14323907
7503,0.6600498,0.6363905,2.082188,0.11208322
7504,0.58514965,0.62266076,2.0601199,0.12443851
7505,0.53608835,0.7046391,2.1989894,0.12627696
7506,0.57990646,0.5981272,2.0297067,0.085676424
7507,0.5993335,0.8081664,2.132072,0.14129145
7508,0.67510915,0.77516997,1.9630443,0.104181215
7509,0.6132868,0.7785836,2.195122,0.13030417
7510,0.547581,0.7071909,2.1457727,0.096637584
7511,0.69616514,0.79188997,2.2123153,0.105431005
7512,0.6531863,0.701073,2.1777678,0.15337709
7513,0.6152192,0.6230079,2.2700346,0.12806572
7514,0.6756067,0.70114446,2.1974,0.1153147
7515,0.7212157,0.6423136,2.2093585,0.14047119
7516,0.5532978,0.77162814,2.2908022,0.1292431
7517,0.49235,0.7501627,2.179785,0.120806955
7518,0.6225001,0.7678931,2.0703592,0.13023438
7519,0.50709873,0.76691234,2.3891587,0.101427615
7520,0.6850447,0.6895318,2.2471023,0.21160932
7521,0.54637057,0.596116,1.9758463,0.16132633
7522,0.6510985,0.7494837,2.136075,0.17788811
7523,0.5094676,0.7235912,2.154327,0.084121384
7524,0.57679707,0.6821481,2.1877804,0.1295643
7525,0.47983617,0.74661934,2.0258791,0.12342346
7526,0.5515892,0.6911961,2.1372163,0.12902912
7527,0.53114516,0.78955156,2.1103191,0.18660507
7528,0.57104796,0.7598323,2.275564,0.094802886
7529,0.5808359,0.77074987,1.9139721,0.18459876
7530,0.6675831,0.71360886,2.2340612,0.14365941
7531,0.63894075,0.7097939,2.169622,0.16226704
7532,0.62831676,0.64413744,2.0634065,0.11988168
7533,0.5368763,0.7705334,2.1460183,0.13229726
7534,0.5651495,0.75675035,1.9852076,0.16777039
7535,0.58525354,0.74454814,2.0771937,0.1526398
7536,0.50019604,0.7502819,2.3902202,0.1178744
7537,0.64071727,0.73512495,2.1212335,0.09605807
7538,0.5565823,0.7378252,2.081642,0.15112408
7539,0.59235024,0.7349925,2.217813,0.11682532
7540,0.72477627,0.7843619,2.1228354,0.1580065
7541,0.58811474,0.71317464,2.0393584,0.19478963
7542,0.5354078,0.70308524,2.099416,0.18175952
7543,0.59336096,0.69637483,2.1380997,0.16357891
7544,0.50653714,0.7837222,2.057562,0.08016611
7545,0.5555024,0.6835994,1.9967716,0.120474495
7546,0.6125616,0.6984948,2.1743531,0.112456724
7547,0.6128693,0.69544315,2.2224739,0.12587313
7548,0.6399404,0.6867241,2.2376916,0.13943443
7549,0.61932,0.6915776,2.1365132,0.1136321
7550,0.62557447,0.7076367,2.0821342,0.15931699
7551,0.59826183,0.7305026,2.3926888,0.102130294
7552,0.63073456,0.6205355,2.2032316,0.14515384
7553,0.6322863,0.7021257,2.042118,0.18959193
7554,0.49100646,0.72853696,2.1176605,0.11404188
7555,0.5608792,0.65417963,2.0912902,0.13497478
7556,0.47592953,0.75820214,2.0699995,0.13576837
7557,0.54450977,0.74263316,2.1823177,0.101760484
7558,0.5792316,0.65553963,2.3017445,0.13185748
7559,0.5969644,0.7802067,2.1163094,0.09214784
7560,0.5540426,0.60358286,2.1416297,0.12684938
7561,0.6378322,0.766762,2.2101593,0.1643293
7562,0.5634657,0.6583233,2.239695,0.072683945
7563,0.69733596,0.6178368,2.1544666,0.14307483
7564,0.6230627,0.6596952,2.1171277,0.168608
7565,0.65624344,0.6476266,2.1709616,0.10366848
7566,0.59667003,0.6901733,2.0671,0.13257739
7567,0.5896391,0.73744947,2.1786947,0.2103319
7568,0.68669677,0.5839274,2.1438403,0.15565138
7569,0.4439067,0.7775229,2.1736565,0.12724222
7570,0.64502424,0.7122842,2.2357075,0.12261484
7571,0.6377752,0.76191473,2.1420312,0.11074468
7572,0.6363522,0.6312136,2.148203,0.13903895
7573,0.56971955,0.7905633,1.9355017,0.124241255
7574,0.68166894,0.67404866,2.2062445,0.13591973
7575,0.63768494,0.6833634,2.056401,0.16360353
7576,0.597456,0.6971288,2.0763147,0.10837617
7577,0.55475307,0.76870847,2.0293896,0.13379186
7578,0.63459235,0.774204,2.3141136,0.18425973
7579,0.6540698,0.69940966,2.135657,0.15605883
7580,0.676785,0.6592643,2.126317,0.1313659
7581,0.53668696,0.7672251,2.0327337,0.14914788
7582,0.52045435,0.7003479,2.0054648,0.10430345
7583,0.57888436,0.6815553,2.3315241,0.14317438
7584,0.6022214,0.8116574,2.2766929,0.16572347
7585,0.5383794,0.69466984,2.0294604,0.15830512
7586,0.6017467,0.61153156,2.106827,0.14417224
7587,0.5617605,0.76133364,2.2532015,0.1540067
7588,0.53439933,0.7791429,2.1431837,0.20825078
7589,0.5949389,0.7482665,2.2201002,0.15866148
7590,0.67916054,0.7587425,2.302963,0.13906059
7591,0.53035414,0.73410815,2.0308337,0.10821311
7592,0.6031133,0.7848386,2.0923164,0.14091882
7593,0.72185326,0.7267911,2.1517198,0.17121258
7594,0.6315853,0.7144842,2.2527244,0.07404847
7595,0.42842996,0.6986232,2.0118546,0.078788854
7596,0.54705566,0.812691,2.0575888,0.14565183
7597,0.54298896,0.7101911,1.9894238,0.09978573
7598,0.550976,0.61490756,2.1174495,0.13414367
7599,0.52588964,0.78481084,2.0266993,0.14321348
7600,0.78641117,0.66812855,2.3197417,0.09681796
7601,0.524851,0.80742764,2.2064867,0.14900437
7602,0.47859603,0.6640321,2.1415412,0.046162557
7603,0.6613628,0.684725,2.4523828,0.16074978
7604,0.5593643,0.6225626,2.009201,0.13578263
7605,0.68099135,0.74459314,2.109041,0.12001461
7606,0.5380737,0.70791286,2.2466547,0.16639203
7607,0.55470365,0.6981429,2.1287594,0.17814805
7608,0.6379967,0.7295915,2.2067137,0.12849098
7609,0.5839017,0.7061185,2.1218889,0.14090274
7610,0.62822384,0.6698253,2.3012354,0.16017514
7611,0.59733945,0.6786327,2.2115974,0.16239311
7612,0.49577937,0.7371244,2.1567967,0.12103259
7613,0.6427642,0.64619976,2.1526437,0.15007427
7614,0.5893011,0.64586353,2.0168467,0.22870483
7615,0.41804352,0.6956747,2.0125213,0.14641388
7616,0.5847938,0.73494416,1.9678556,0.18364394
7617,0.4933006,0.62260395,2.09108,0.09978505
7618,0.5728891,0.74002,2.1167421,0.1281919
7619,0.5933958,0.701492,2.278288,0.116946094
7620,0.5533365,0.76090115,2.0012164,0.12833948
7621,0.47701043,0.90630966,2.244095,0.13773496
7622,0.75094354,0.64262927,2.029472,0.14593986
7623,0.6477466,0.7344888,2.1102064,0.13614003
7624,0.577618,0.58130574,2.193236,0.11068584
7625,0.62268716,0.71974975,2.191823,0.157353
7626,0.6686581,0.6553728,2.235646,0.12390737
7627,0.5094654,0.81270814,1.8920753,0.18382517
7628,0.5098492,0.7023159,1.9716412,0.16078
7629,0.5655854,0.6657077,2.0745132,0.13201089
7630,0.5265486,0.71868366,2.2937608,0.11080194
7631,0.64467096,0.6888,2.1031694,0.15978451
7632,0.64569116,0.7802692,2.355433,0.084470265
7633,0.5634997,0.7451573,2.1678236,0.14334935
7634,0.6590537,0.7559184,2.094335,0.17159759
7635,0.5688992,0.6922357,2.086167,0.17669818
7636,0.6116844,0.7782951,2.3318129,0.11457468
7637,0.49771294,0.7515808,2.0542665,0.18654661
7638,0.56539685,0.7284556,2.2700076,0.14356641
7639,0.5673658,0.67262614,2.0954027,0.13680045
7640,0.59639835,0.74665505,2.0225549,0.18889077
7641,0.66184396,0.74083245,2.2056122,0.10478899
7642,0.5964103,0.6659864,2.2415814,0.1431585
7643,0.53711295,0.80768776,2.1689017,0.12950838
7644,0.57213783,0.80084175,2.049163,0.14636904
7645,0.6544771,0.71215606,2.099335,0.18530978
7646,0.71327513,0.65946716,2.1993995,0.11146589
7647,0.4666284,0.7074058,2.1159744,0.23041698
7648,0.6238701,0.8242586,2.142571,0.16782774
7649,0.60442924,0.73324585,2.1792474,0.15178837
7650,0.5113182,0.6951901,2.1034274,0.14298318
7651,0.64679223,0.7179155,2.162215,0.19245122
7652,0.61128604,0.6370994,1.885679,0.14617236
7653,0.6151693,0.74904996,2.2920287,0.13834421
7654,0.5975798,0.6678972,2.191825,0.16746606
7655,0.6624975,0.6969756,2.126382,0.139083
7656,0.5335446,0.7628669,2.2278535,0.1321618
7657,0.5564494,0.70223176,2.0325203,0.076162495
7658,0.6536141,0.68394357,2.1679285,0.11264912
7659,0.65893954,0.6337972,2.3551211,0.1270981
7660,0.54697293,0.6946627,2.1685848,0.16252886
7661,0.52173847,0.6882594,2.1292725,0.13822818
7662,0.6798589,0.73210126,2.1714416,0.113043375
7663,0.64788353,0.5550303,2.0691235,0.1272888
7664,0.5688045,0.66376144,2.1495671,0.20397641
7665,0.6936453,0.8062115,2.0771966,0.105593525
7666,0.6792936,0.72949076,2.1011899,0.15083124
7667,0.7080078,0.7488495,2.1332724,0.14576407
7668,0.7380993,0.77804935,2.0294843,0.16680376
7669,0.61305064,0.686434,2.1864154,0.1210147
7670,0.69934165,0.7272688,2.1945014,0.11380097
7671,0.6602806,0.785516,2.3104854,0.14906326
7672,0.57485145,0.6700806,2.1052954,0.13445166
7673,0.6541768,0.72274077,2.2454464,0.05655004
7674,0.5890116,0.81067425,2.0892768,0.15738645
7675,0.71976674,0.73740643,2.0128725,0.14553918
7676,0.611914,0.71171635,2.0756285,0.109872185
7677,0.4971152,0.7116321,2.0505443,0.16923423
7678,0.6935144,0.6998565,2.2831173,0.1612449
7679,0.5874688,0.70934105,2.1746392,0.13989416
7680,0.707017,0.76834095,2.1791456,0.13181324
7681,0.54005593,0.6705489,2.0799565,0.10370121
7682,0.64235085,0.7284795,2.1554344,0.14271834
7683,0.5576131,0.6794899,2.038478,0.158818
7684,0.5838892,0.76495254,2.2093778,0.13873239
7685,0.5877424,0.60470194,2.168442,0.06850649
7686,0.63123333,0.65520126,2.080114,0.12959786
7687,0.6067371,0.7111692,2.1625295,0.14187586
7688,0.63391817,0.8447653,2.1536674,0.11307788
7689,0.59533125,0.66968846,2.2807667,0.16401273
7690,0.6009857,0.7544146,1.9357426,0.1189864
7691,0.5518584,0.738144,2.1598194,0.1527254
7692,0.53357583,0.7107097,2.1524227,0.18276188
7693,0.699112,0.70447826,2.305298,0.11716781
7694,0.46965536,0.7219897,2.1853456,0.1103448
7695,0.59806716,0.671065,1.9906423,0.11132144
7696,0.5762996,0.6806964,2.1946075,0.107618585
7697,0.5578448,0.7419889,2.0883307,0.1331829
7698,0.62461996,0.7450532,2.1287768,0.104550615
7699,0.66586065,0.7464084,2.119602,0.13014401
7700,0.59841114,0.7618354,2.1182513,0.13931859
7701,0.64450324,0.70672816,2.275247,0.09955983
7702,0.5481775,0.7078035,1.9466131,0.17635795
7703,0.6180291,0.7118418,2.1554863,0.109871075
7704,0.5556845,0.7786911,2.1669598,0.14799866
7705,0.6067049,0.779281,2.0791147,0.15949668
7706,0.580503,0.66198474,2.1760037,0.09373848
7707,0.7166379,0.695484,2.276291,0.15294643
7708,0.5569587,0.75633687,2.1765387,0.19200753
7709,0.6186634,0.73769397,2.1254032,0.16455995
7710,0.54735386,0.7360505,2.0328836,0.123281494
7711,0.533971,0.59669065,2.0806026,0.117831886
7712,0.57760143,0.7456354,1.9078524,0.1215394
7713,0.64391714,0.7404209,2.2052937,0.0937752
7714,0.5450818,0.7299568,2.048882,0.100109935
7715,0.55308187,0.6937341,2.0289876,0.16407308
7716,0.6706813,0.7193746,2.191443,0.14858694
7717,0.64758706,0.7447783,2.078609,0.19161421
7718,0.49363172,0.74630153,2.1680984,0.17919585
7719,0.56238914,0.72356015,2.0865111,0.11707933
7720,0.70215565,0.7175992,1.9744443,0.10500785
7721,0.69247645,0.8184017,2.0304456,0.12108657
7722,0.6949868,0.69515294,2.0668912,0.19032712
7723,0.57586306,0.7125405,2.3717844,0.18852307
7724,0.70749104,0.6831891,2.2621055,0.123296164
7725,0.6662498,0.76065314,2.4136376,0.11463256
7726,0.5959071,0.7062574,2.1769195,0.152491
7727,0.5330227,0.70681274,2.2994647,0.15595366
7728,0.5947244,0.7747459,2.114672,0.13069881
7729,0.57291335,0.7266483,2.1351626,0.16581035
7730,0.61386305,0.6838353,2.2324378,0.08127057
7731,0.6202909,0.75765777,2.0656893,0.13898447
7732,0.51293105,0.78324866,2.2130735,0.096392065
7733,0.6133016,0.86000806,2.1042516,0.14663088
7734,0.54715866,0.7112836,2.154257,0.13621384
7735,0.56653,0.7309373,2.3823588,0.12681736
7736,0.70032257,0.698911,2.4973242,0.096543126
7737,0.6902547,0.68008566,2.2610912,0.14135152
7738,0.65018874,0.71851844,2.2989895,0.13910195
7739,0.5201591,0.6986834,2.17925,0.19197349
7740,0.5701876,0.693983,2.0106297,0.116129264
7741,0.5181701,0.68443084,2.2974508,0.12783338
7742,0.57760465,0.7056388,2.052658,0.15563771
7743,0.51110613,0.7391126,2.0108945,0.15230343
7744,0.5586099,0.68928665,2.217,0.12840785
7745,0.5491973,0.632045,2.0300515,0.11920214
7746,0.5476217,0.7082087,2.0006816,0.16429466
7747,0.5986578,0.6675482,2.248095,0.10788576
7748,0.5342439,0.6570902,2.0373118,0.16511491
7749,0.6692503,0.7661465,2.1534061,0.13707025
7750,0.4973174,0.60780704,2.0526881,0.073408425
7751,0.5920797,0.6745642,2.1913095,0.14973558
7752,0.5621001,0.6753261,2.0224352,0.12653844
7753,0.62241906,0.7117184,2.214846,0.1509415
7754,0.53194374,0.7455858,2.2237957,0.11328877
7755,0.6689767,0.75394017,2.198308,0.12973921
7756,0.54090095,0.6920468,2.145703,0.15839566
7757,0.64562285,0.7076028,2.1215165,0.1255741
7758,0.69451404,0.7162404,2.111047,0.1494901
7759,0.592225,0.66404915,2.0927403,0.16762112
7760,0.6403489,0.63117784,2.1469781,0.1121331
7761,0.5487614,0.6084945,2.2338135,0.14874458
7762,0.61602587,0.715372,2.1691022,0.18637127
7763,0.5010692,0.7734496,2.253046,0.11641669
7764,0.52907085,0.7447606,2.0709488,0.13538647
7765,0.49552393,0.76101774,2.0227551,0.17604405
7766,0.5327568,0.65964574,1.9825097,0.073851734
7767,0.65473425,0.68666357,2.1603093,0.17975253
7768,0.5838547,0.70456725,2.2226777,0.1663464
7769,0.70216995,0.6603971,1.9966887,0.11358036
7770,0.6966507,0.7200175,2.061477,0.15608166
7771,0.40930578,0.7400695,2.0833895,0.12319206
7772,0.59467286,0.72802716,2.1422372,0.12215735
7773,0.70435095,0.707726,2.17582,0.12340219
7774,0.67885584,0.71854573,2.2265778,0.13384767
7775,0.5448134,0.6763773,2.0119076,0.12086206
7776,0.67680293,0.7442705,2.0734532,0.1721993
7777,0.5716358,0.69314575,2.0247357,0.11397423
7778,0.5019411,0.6588606,2.0235102,0.13523662
7779,0.62250113,0.70524544,2.1817243,0.14037381
7780,0.6054639,0.73879516,2.2034745,0.17306846
7781,0.71185607,0.69663125,2.2641609,0.122691624
7782,0.6175602,0.7039564,2.0786061,0.13855214
7783,0.5295123,0.78091246,1.9777191,0.14744441
7784,0.5991626,0.78792506,2.0672262,0.11893398
7785,0.71021837,0.6106373,2.0923915,0.07947387
7786,0.6288291,0.71717024,2.284153,0.16918875
7787,0.52537924,0.76177746,2.1602755,0.15003853
7788,0.6620231,0.6132261,2.385948,0.15107097
7789,0.699251,0.7805654,1.9775451,0.1600741
7790,0.4710857,0.72030306,2.0527399,0.050055448
7791,0.63888144,0.7235876,2.3143594,0.14098966
7792,0.58186567,0.6614064,2.1731238,0.11797657
7793,0.5485466,0.7203826,2.100331,0.10704824
7794,0.5626245,0.7165864,2.0616827,0.12750334
7795,0.6033559,0.72995424,2.227981,0.10680906
7796,0.5763992,0.6374883,2.3752384,0.1340138
7797,0.5644806,0.6912613,2.18543,0.119959556
7798,0.65834,0.75044143,2.1083782,0.15772283
7799,0.45936576,0.7194101,1.6307721,0.17693804
7800,0.6351292,0.7544351,2.064019,0.11610315
7801,0.55551773,0.6409557,2.0173419,0.10182234
7802,0.45367876,0.72715694,1.9972616,0.13766724
7803,0.57168794,0.6438045,2.0905514,0.15114443
7804,0.59814656,0.6955193,2.170912,0.13028178
7805,0.58913165,0.72078776,2.054727,0.1627545
7806,0.57020825,0.6380019,2.0338,0.18908136
7807,0.6558366,0.6631806,1.965285,0.16870344
7808,0.67020476,0.66560405,2.0068154,0.14966188
7809,0.49386418,0.72542214,2.1342368,0.16898677
7810,0.62752515,0.7790936,2.2432163,0.15952912
7811,0.49579582,0.62787926,2.0577705,0.14588472
7812,0.6478576,0.6587751,2.137481,0.102632254
7813,0.54156435,0.7847505,2.180228,0.040233683
7814,0.6481499,0.7252993,2.073208,0.13241147
7815,0.5931162,0.64411986,2.204317,0.15010971
7816,0.456753,0.7588291,2.1217158,0.12649171
7817,0.6270658,0.6998919,2.3369458,0.12721007
7818,0.5520308,0.7047554,1.9994516,0.11554739
7819,0.56075025,0.74862796,2.177649,0.10410378
7820,0.61866575,0.80092597,2.1942093,0.1546069
7821,0.63605016,0.6878538,2.2112918,0.1252147
7822,0.5638764,0.68135834,1.9205002,0.18177566
7823,0.46363676,0.7695767,2.203514,0.12167546
7824,0.4856943,0.744388,2.1137924,0.1523897
7825,0.56641066,0.76342946,2.0169735,0.17810176
7826,0.477861,0.81770366,2.2407415,0.11526359
7827,0.518583,0.7337273,2.15481,0.11607692
7828,0.581192,0.7549993,2.2529907,0.12687324
7829,0.60861737,0.7682126,2.0197892,0.17313892
7830,0.50904506,0.7505121,2.146284,0.15833315
7831,0.48318264,0.6857864,2.1261003,0.12324759
7832,0.5440488,0.6844473,2.1280224,0.15633807
7833,0.70554334,0.7396458,2.2470784,0.14036669
7834,0.6417576,0.7263551,1.9811758,0.112374075
7835,0.6087686,0.656809,2.196352,0.1733278
7836,0.52761734,0.74389666,2.176564,0.14456145
7837,0.6128027,0.70251524,2.169743,0.11628924
7838,0.5803066,0.77624524,2.1131175,0.12986046
7839,0.4559246,0.65914285,2.0028465,0.13405237
7840,0.6252773,0.81006616,2.2812517,0.15854983
7841,0.5431789,0.84944445,2.0368633,0.10186568
7842,0.6204089,0.75660294,2.168613,0.13586892
7843,0.56799513,0.7822953,2.0360703,0.15085085
7844,0.5889735,0.7017324,2.213361,0.11936457
7845,0.55883336,0.6932072,2.1604052,0.1318285
7846,0.64619327,0.7495031,2.2229707,0.09508359
7847,0.5747025,0.8485994,2.1930099,0.101026416
7848,0.5561788,0.6737457,2.1243675,0.123926386
7849,0.60974735,0.664078,2.1475086,0.16170798
7850,0.5203969,0.7379479,2.1217017,0.16007201
7851,0.6715816,0.6839316,2.1824949,0.13907012
7852,0.5718609,0.7496647,2.1946535,0.20715714
7853,0.455097,0.63463026,2.0226684,0.16893582
7854,0.70133996,0.7522298,2.0431252,0.13518326
7855,0.6863006,0.5992154,2.523521,0.14495379
7856,0.6907965,0.7478219,1.9166889,0.11830625
7857,0.61687374,0.6980801,2.2063005,0.12263057
7858,0.5324752,0.66238654,2.2949007,0.13760036
7859,0.7328985,0.6588752,2.4635057,0.12493866
7860,0.5301006,0.77506256,2.15004,0.13874237
7861,0.55727494,0.69243515,2.3318102,0.13324198
7862,0.692634,0.6940523,2.0517337,0.17661618
7863,0.60154665,0.6562147,2.1623158,0.10927073
7864,0.61220264,0.79106796,2.1777897,0.15895729
7865,0.7069273,0.83156383,2.188258,0.105439335
7866,0.6100001,0.7792727,2.03755,0.16621996
7867,0.5528666,0.6217302,2.1812701,0.1341905
7868,0.65929395,0.74056166,2.1613538,0.12343752
7869,0.63546216,0.6438062,2.1546838,0.16532233
7870,0.529185,0.8628134,1.9962493,0.13840947
7871,0.5556859,0.76235086,2.2482796,0.18623014
7872,0.62869525,0.6826655,2.123009,0.12578481
7873,0.63612944,0.7655466,2.4313014,0.14763299
7874,0.5466241,0.650705,2.1184165,0.110397816
7875,0.6317422,0.7242401,2.1698701,0.110328004
7876,0.5605739,0.7314637,2.262861,0.13066028
7877,0.6226727,0.67763376,1.9298751,0.15911247
7878,0.6226706,0.70580107,2.1866968,0.16604249
7879,0.5885589,0.6932597,2.2803707,0.09805601
7880,0.5404642,0.7817585,2.1269782,0.16737133
7881,0.5664322,0.5799495,2.0438943,0.15736769
7882,0.5775236,0.7332506,2.1987505,0.10633546
7883,0.6438418,0.73638284,2.08232,0.1846642
7884,0.57345986,0.72228515,2.0409052,0.1760902
7885,0.6213461,0.6876657,1.9830223,0.11741045
7886,0.4500491,0.7221913,2.1453023,0.10528504
7887,0.5755333,0.7257232,2.2254388,0.13882385
7888,0.69893575,0.66226405,2.234538,0.19651689
7889,0.5670894,0.79249066,2.0558717,0.14528266
7890,0.6545321,0.7132748,1.9718477,0.10665447
7891,0.63247913,0.68988085,2.2473748,0.2075085
7892,0.58821607,0.6978454,2.0372617,0.16663937
7893,0.6507048,0.7829798,2.2384267,0.13664508
7894,0.48856416,0.8301726,2.2956178,0.17965002
7895,0.594622,0.75819606,2.0266955,0.12113566
7896,0.6488813,0.7377801,2.245116,0.15699111
7897,0.66187674,0.69152194,2.1402204,0.12927957
7898,0.51260763,0.809155,2.1026444,0.16243477
7899,0.61467147,0.6799628,2.1770453,0.13482079
7900,0.46530932,0.6800922,2.2396834,0.1189484
7901,0.6403536,0.80850023,2.1627097,0.15288469
7902,0.6979321,0.57629615,2.2482936,0.15039916
7903,0.64821076,0.71490043,2.1473784,0.12516795
7904,0.63129985,0.6560061,1.965242,0.14907095
7905,0.6534766,0.7240067,2.1465254,0.08900656
7906,0.64453316,0.7313527,2.1736493,0.13419177
7907,0.72984034,0.70180535,2.161637,0.10889661
7908,0.5111992,0.7420366,1.9150763,0.14231129
7909,0.6761606,0.70591617,2.2345405,0.14456643
7910,0.7373494,0.66620785,2.0570626,0.16203204
7911,0.74845713,0.8103341,2.248218,0.14232032
7912,0.60579795,0.729844,2.0608065,0.14453603
7913,0.595589,0.7976998,2.2549226,0.079165146
7914,0.49152675,0.7224151,2.0252647,0.13456745
7915,0.5843423,0.7443978,2.376173,0.15284382
7916,0.69804287,0.6507627,2.3646066,0.15995117
7917,0.58835095,0.6212934,2.2631073,0.1358557
7918,0.75420105,0.6226682,2.3155882,0.11843531
7919,0.65523523,0.72495544,2.1988556,0.10207072
7920,0.571496,0.76238686,2.0786319,0.15449631
7921,0.52546424,0.7179977,1.9897109,0.11613241
7922,0.5506499,0.76153946,2.3171566,0.12357326
7923,0.5629466,0.7652696,2.0579681,0.11171667
7924,0.69341904,0.6845082,2.0284295,0.17518523
7925,0.6528564,0.72103274,2.1998174,0.16450568
7926,0.7067351,0.68649495,2.172962,0.1281827
7927,0.50670534,0.66859293,2.0087128,0.1167293
7928,0.5227254,0.71558046,1.9783493,0.15605086
7929,0.5484106,0.6984852,2.0743713,0.124764204
7930,0.6242603,0.8260218,2.1156023,0.13701937
7931,0.7982812,0.7386737,2.1828952,0.14149106
7932,0.6565073,0.6447781,2.2627337,0.09811307
7933,0.490769,0.7511299,2.0822768,0.114626095
7934,0.60931265,0.7421871,2.3246224,0.12019651
7935,0.7251937,0.6755605,2.2782555,0.13130103
7936,0.5692199,0.77607,2.190152,0.13656576
7937,0.5766905,0.7178074,2.0649679,0.09447561
7938,0.6365144,0.7627414,2.1108274,0.13168558
7939,0.5691567,0.70274734,2.0939198,0.119516045
7940,0.68487096,0.7173275,2.1591644,0.10915925
7941,0.7148979,0.72595394,2.1810281,0.10545705
7942,0.6761156,0.62195224,2.2344122,0.15369326
7943,0.53733426,0.8580933,2.2139473,0.1439095
7944,0.6858121,0.66301155,2.080905,0.1457183
7945,0.5177145,0.67613375,2.3505828,0.07058321
7946,0.6038828,0.72543705,2.223486,0.08912024
7947,0.5376434,0.6475798,2.1099036,0.08818534
7948,0.5493968,0.70757943,2.0962417,0.12013044
7949,0.6162938,0.7293032,1.9724307,0.10244123
7950,0.52907306,0.65358233,2.1486385,0.1397687
7951,0.6013948,0.8046391,2.153743,0.16336335
7952,0.5050725,0.6829812,1.9627483,0.11152758
7953,0.5576397,0.7113175,2.3168757,0.093556866
7954,0.5775327,0.81382287,2.2753942,0.12744671
7955,0.5782533,0.696613,2.2331758,0.14402792
7956,0.49880272,0.791923,2.1092155,0.12282432
7957,0.6363044,0.70721525,2.2067122,0.15608738
7958,0.7139095,0.773174,2.1356091,0.14595014
7959,0.48266932,0.74548274,2.1609313,0.08467204
7960,0.59504235,0.66795653,2.1187234,0.17881034
7961,0.6768816,0.68590343,2.1480463,0.12032166
7962,0.5873252,0.7049331,2.240756,0.08514568
7963,0.67505497,0.66290516,2.3389509,0.15566769
7964,0.622981,0.6598883,2.0380838,0.15769392
7965,0.5638426,0.7177899,2.204664,0.13811977
7966,0.52267724,0.6443849,1.9511583,0.14024547
7967,0.6172865,0.6210994,2.049364,0.10189377
7968,0.6216004,0.72585803,2.184102,0.11795504
7969,0.6616436,0.61247194,2.0361164,0.14324704
7970,0.6363137,0.74215466,2.1678646,0.16301754
7971,0.66110706,0.63706136,2.079638,0.16493309
7972,0.5677148,0.76119465,2.2612512,0.14259604
7973,0.5362426,0.66665375,1.9816964,0.12113113
7974,0.65276533,0.547889,1.9842938,0.14268711
7975,0.6716768,0.6751252,1.9848863,0.12667541
7976,0.57475394,0.71079725,1.9529567,0.1405017
7977,0.6947004,0.7786966,2.0216782,0.14849977
7978,0.580654,0.68247354,2.1604197,0.087023236
7979,0.66038924,0.67730266,2.0758853,0.14672598
7980,0.5569016,0.7318557,2.3770227,0.14888828
7981,0.5336499,0.697364,2.0785153,0.14376453
7982,0.5561143,0.61411667,1.9997412,0.012491496
7983,0.6073705,0.6454754,2.2361665,0.123858444
7984,0.61902046,0.7342881,2.0458198,0.14044006
7985,0.67534333,0.64651465,2.078773,0.1415577
7986,0.6927662,0.71811455,2.2866793,0.17729846
7987,0.5765651,0.78635114,2.2445652,0.12543596
7988,0.54030615,0.84102166,2.2434437,0.09715867
7989,0.58207893,0.7203608,2.2311795,0.13358974
7990,0.54761887,0.6754102,2.11649,0.13096946
7991,0.55388683,0.75831383,2.0969605,0.098871484
7992,0.5682161,0.7202626,2.1003208,0.12940903
7993,0.60274386,0.6892964,2.0794206,0.12436649
7994,0.62115645,0.7912096,1.9937083,0.14616114
7995,0.68206906,0.66238075,2.1223996,0.18489462
7996,0.5155143,0.66608536,2.3454762,0.087333106
7997,0.60469913,0.6911066,2.1999896,0.117763065
7998,0.5408069,0.7344483,2.1908002,0.12048167
7999,0.64485925,0.715858,2.2258246,0.09303226
8000,0.6335513,0.81594944,2.3304358,0.10793529
8001,0.48264736,0.67487,2.0970492,0.09494952
8002,0.5331368,0.69622815,2.1763828,0.14534767
8003,0.66272634,0.7706836,2.1240447,0.1351615
8004,0.490882,0.67567664,1.9580176,0.1256111
8005,0.42530203,0.7848832,2.1886966,0.104224764
8006,0.68893236,0.7056832,2.306616,0.1663877
8007,0.59853804,0.66028607,2.2385805,0.095649816
8008,0.5099607,0.74101824,1.983797,0.13594705
8009,0.6539566,0.74863774,2.2356892,0.21106716
8010,0.54929966,0.66666824,2.1490502,0.14572687
8011,0.5793236,0.6770254,2.127822,0.139383
8012,0.46339768,0.71503717,2.0381575,0.11722316
8013,0.5881584,0.8500423,2.0475314,0.14940488
8014,0.59661,0.7652161,2.1903877,0.13415375
8015,0.64535445,0.6645783,2.0639765,0.150863
8016,0.5639463,0.77478194,2.224109,0.1254989
8017,0.5471983,0.73460555,2.1307178,0.12836985
8018,0.70494884,0.7637499,2.3923721,0.0980664
8019,0.491958,0.7367214,2.0635643,0.14759815
8020,0.49887532,0.7548641,2.2265768,0.08773197
8021,0.6896694,0.62307805,2.065982,0.17733543
8022,0.65264875,0.78426576,2.1052964,0.15915227
8023,0.64264154,0.7332103,2.1977124,0.13912499
8024,0.35590515,0.67992496,2.1607869,0.102041624
8025,0.6655328,0.7067426,2.0955677,0.16301134
8026,0.6567972,0.6670727,2.2396753,0.17012134
8027,0.6941904,0.6486461,2.0656362,0.16008449
8028,0.6135678,0.68463737,2.2521458,0.114370964
8029,0.55837214,0.73462063,2.349646,0.1297789
8030,0.5016508,0.7044198,2.0563772,0.15531532
8031,0.49308583,0.67197806,2.0846872,0.121285945
8032,0.6058098,0.75370437,2.073055,0.15601048
8033,0.70607024,0.7195615,2.0343282,0.13607696
8034,0.46044162,0.65295184,2.1276798,0.12081864
8035,0.5994881,0.6700497,2.1161547,0.15179016
8036,0.5973482,0.77196044,2.0932264,0.15874848
8037,0.57098997,0.7930473,2.1959207,0.14022706
8038,0.55316937,0.69925755,2.0503323,0.07591844
8039,0.6282523,0.7388355,2.1611893,0.1660699
8040,0.5325526,0.70675194,2.2939014,0.1189431
8041,0.5270358,0.7372222,2.0978727,0.16135998
8042,0.5373733,0.7844956,1.9991593,0.10040488
8043,0.55465686,0.7591434,2.0168474,0.17600463
8044,0.6976815,0.77520835,2.2046916,0.18699972
8045,0.6528098,0.7051104,2.190509,0.092926264
8046,0.61028576,0.70325,2.046679,0.181166
8047,0.6616333,0.70510715,2.1550164,0.17280252
8048,0.50934374,0.68850404,2.0856183,0.117011726
8049,0.6372564,0.72838485,2.0248442,0.1394684
8050,0.48078278,0.7562212,2.2420683,0.09540783
8051,0.65058964,0.70500374,2.3874588,0.17556603
8052,0.567183,0.715602,2.210446,0.18929985
8053,0.46884668,0.64484495,2.041755,0.09593357
8054,0.608415,0.7108083,2.1748228,0.122929476
8055,0.69548154,0.71082604,1.9154612,0.12143493
8056,0.7120429,0.6533752,2.2551773,0.12061313
8057,0.5457126,0.72202057,2.1259673,0.10404322
8058,0.6058221,0.7119162,2.070224,0.13018931
8059,0.66146076,0.73645544,2.0981026,0.09673813
8060,0.6694018,0.79073966,2.1509657,0.14847682
8061,0.5612173,0.7507875,2.098475,0.062311307
8062,0.4779381,0.7380422,2.3053362,0.059656635
8063,0.6202285,0.6225985,2.0266767,0.1626975
8064,0.5849798,0.7151188,2.0935037,0.13471232
8065,0.60793173,0.6488932,2.3667772,0.11037772
8066,0.5290761,0.7179633,2.050254,0.15885675
8067,0.6272035,0.733531,2.1127534,0.1665243
8068,0.66370296,0.7167889,2.0421183,0.09175587
8069,0.54716986,0.7036854,2.0966036,0.03595216
8070,0.56005156,0.7370819,2.2336938,0.15212953
8071,0.5799255,0.66524166,2.2614088,0.14659385
8072,0.53830236,0.7108385,2.0640101,0.13254419
8073,0.6719084,0.733813,2.2477672,0.15343045
8074,0.57850945,0.66136956,2.1797805,0.13167305
8075,0.5917956,0.7362187,2.118961,0.17996028
8076,0.6447277,0.7471877,2.2736716,0.13394316
8077,0.6736409,0.68876445,2.331681,0.12571192
8078,0.7501653,0.7229367,2.2107377,0.1330211
8079,0.63147205,0.6827774,1.9623064,0.14507815
8080,0.5506329,0.7281759,2.0305984,0.122600764
8081,0.57264435,0.78185785,2.0497036,0.1841722
8082,0.61256164,0.66499555,2.178898,0.15288116
8083,0.53073007,0.8068157,2.1076965,0.112922564
8084,0.57071006,0.6325354,2.0295064,0.13708092
8085,0.6021112,0.6823786,2.0740821,0.1540227
8086,0.5274756,0.8259881,2.134151,0.16144995
8087,0.5663191,0.7436229,2.17433,0.104019456
8088,0.5965841,0.6528665,2.2559342,0.14411488
8089,0.52420026,0.6939337,2.1689682,0.13495158
8090,0.7065507,0.7569426,2.1682415,0.13938595
8091,0.589545,0.6604696,2.0495377,0.11061821
8092,0.5324578,0.68526506,2.2319586,0.11611409
8093,0.72933733,0.8023225,2.0423927,0.13634817
8094,0.5510138,0.7385902,2.283769,0.14454632
8095,0.5654927,0.78889596,2.120401,0.117978476
8096,0.4852495,0.72014415,2.205205,0.115730524
8097,0.47550973,0.73821765,2.0168183,0.12887615
8098,0.49959868,0.6177638,1.9934206,0.09958156
8099,0.58881235,0.7446077,2.1225104,0.13780843
8100,0.6060852,0.68787825,2.1027532,0.07931811
8101,0.6386218,0.73779434,2.2975552,0.13117936
8102,0.6007096,0.7958518,2.0913582,0.19414404
8103,0.5417376,0.7756425,2.123548,0.116399184
8104,0.4637433,0.7343637,2.0906043,0.103762925
8105,0.59246314,0.65876144,1.8963486,0.1326972
8106,0.6843419,0.6453557,2.0120893,0.13409331
8107,0.6257969,0.71158105,2.1919293,0.1528134
8108,0.70574737,0.6543005,2.108146,0.15258092
8109,0.5946845,0.74503434,1.9324524,0.1544939
8110,0.61410904,0.73738855,2.3493574,0.13302846
8111,0.66502035,0.7680308,2.1268709,0.18784575
8112,0.69675934,0.69945115,2.238595,0.14445241
8113,0.62560105,0.70126873,2.084279,0.13728566
8114,0.6225983,0.8344762,2.3679397,0.13228808
8115,0.5249778,0.7623099,2.1941538,0.13218857
8116,0.6195191,0.81212693,1.8866738,0.15212974
8117,0.5523372,0.68327373,2.073635,0.14584425
8118,0.6039947,0.65827304,2.0771499,0.08326887
8119,0.5384421,0.7247468,2.266059,0.11371285
8120,0.6042526,0.798348,2.338634,0.14077976
8121,0.62197286,0.6782486,2.2514436,0.15274592
8122,0.6062929,0.7798617,2.1692626,0.08609525
8123,0.68318135,0.7688486,2.06875,0.104384206
8124,0.4968772,0.7419102,2.1645856,0.21656968
8125,0.56356865,0.78979516,2.0846813,0.17125098
8126,0.50798297,0.7213667,2.17205,0.15655535
8127,0.6136507,0.6883333,2.0561118,0.14540946
8128,0.5578575,0.81073624,2.0643373,0.13094193
8129,0.66083896,0.81370556,2.249268,0.12078047
8130,0.67881525,0.67555064,2.0333438,0.18707691
8131,0.7472198,0.6071511,2.1042435,0.13149871
8132,0.67405695,0.72767216,2.191187,0.13664648
8133,0.4481032,0.64814585,2.038674,0.096195996
8134,0.46720994,0.7461231,2.1185062,0.12925534
8135,0.64555293,0.6358193,2.2736325,0.12857728
8136,0.57602817,0.71465206,2.3206768,0.09525115
8137,0.526231,0.6706407,2.1739376,0.13731024
8138,0.62985533,0.70797884,2.1014123,0.14179578
8139,0.5930572,0.6579293,1.9928112,0.13371672
8140,0.672376,0.6355009,2.2893093,0.14298886
8141,0.72001463,0.6449293,2.229667,0.14874996
8142,0.5956558,0.5912649,2.1698759,0.10177707
8143,0.63634765,0.68303657,2.0569594,0.15055478
8144,0.6021641,0.64016217,2.3683863,0.099497624
8145,0.6755155,0.6772137,2.034546,0.13834602
8146,0.511248,0.7228281,2.012295,0.1398171
8147,0.63307524,0.6836865,2.247536,0.1384257
8148,0.4586179,0.78681535,1.8890446,0.22639714
8149,0.67336524,0.75868577,2.1917002,0.11247732
8150,0.50313175,0.755363,2.0698712,0.09387987
8151,0.5260155,0.65804297,2.2752676,0.0975333
8152,0.5239609,0.74159783,2.1338801,0.11636175
8153,0.5619854,0.7866359,2.0654154,0.10632436
8154,0.5587486,0.7694167,1.974659,0.13655025
8155,0.5820317,0.76229644,2.0497863,0.14448845
8156,0.5283952,0.79931235,2.0674095,0.15849598
8157,0.5201662,0.7768557,2.1542332,0.14628932
8158,0.6100893,0.6267838,2.110468,0.15145731
8159,0.71585363,0.7371423,2.2772534,0.1155194
8160,0.6066616,0.787315,2.1375194,0.20468047
8161,0.61374784,0.72061425,2.0553088,0.14416997
8162,0.580404,0.6862793,2.1745334,0.14464141
8163,0.6419095,0.7571044,2.2609463,0.12005894
8164,0.5748957,0.7040811,2.0606043,0.14171569
8165,0.5815869,0.7473518,2.1973193,0.12008102
8166,0.65178293,0.6440768,2.247767,0.14233397
8167,0.54714453,0.6455287,2.1109548,0.067714155
8168,0.74265033,0.67752033,2.2727745,0.10637713
8169,0.5679419,0.7482527,2.0534854,0.16026327
8170,0.48936716,0.74893254,2.3197246,0.074800536
8171,0.49677336,0.640472,2.1239574,0.13219334
8172,0.43571725,0.75406116,2.1420798,0.08501469
8173,0.511537,0.6800796,2.060212,0.17919771
8174,0.60054445,0.6654012,2.1201975,0.13365567
8175,0.49976605,0.77406764,2.1348207,0.14071473
8176,0.71651816,0.634893,2.1078017,0.12633926
8177,0.58539957,0.7823833,2.129225,0.09178439
8178,0.72202253,0.75293386,2.1202111,0.14220415
8179,0.5171577,0.7953652,2.177736,0.13907911
8180,0.5643235,0.7138414,2.379991,0.091142684
8181,0.5806493,0.75952005,2.2308955,0.12439043
8182,0.6025962,0.79486376,2.3404698,0.15229625
8183,0.4617946,0.7855178,2.1168084,0.07684143
8184,0.63094836,0.7049467,2.104843,0.1358396
8185,0.5361826,0.74842095,1.9369456,0.15501429
8186,0.50818545,0.7232966,2.1118872,0.13572945
8187,0.518961,0.6895006,2.199306,0.118726335
8188,0.4779804,0.80081147,2.1097927,0.14904912
8189,0.7068798,0.7236382,2.1037908,0.1124465
8190,0.64914316,0.7406687,2.1741073,0.12268845
8191,0.41626504,0.75629914,2.035635,0.1427934
8192,0.64634913,0.70680654,2.2834954,0.09810921
8193,0.43406996,0.7153625,1.9863625,0.075797155
8194,0.5953992,0.76366735,2.3210936,0.119601294
8195,0.53400004,0.65974593,2.0683656,0.11595132
8196,0.57136154,0.7063767,2.078438,0.09920349
8197,0.6295401,0.75533,2.103316,0.14151144
8198,0.6880521,0.6856649,2.2424972,0.09497569
8199,0.4910676,0.6724152,2.0740075,0.12345323
8200,0.67192,0.7050446,2.1002088,0.10965831
8201,0.6295185,0.72584504,2.1222317,0.1125755
8202,0.44759983,0.7488634,1.972176,0.124877505
8203,0.59509236,0.78921306,2.0173008,0.11257391
8204,0.5053591,0.68824726,2.2430677,0.075445205
8205,0.6627588,0.65400493,2.3193238,0.11203274
8206,0.6587117,0.7597295,2.0912688,0.16277617
8207,0.69838035,0.677347,2.1332474,0.15627573
8208,0.5590276,0.5999958,2.2455459,0.12488008
8209,0.6320024,0.64984435,2.175122,0.21069343
8210,0.7697729,0.7510932,2.232549,0.13134828
8211,0.64228934,0.8276101,2.1231067,0.20085768
8212,0.70160204,0.66055846,2.2525902,0.0532859
8213,0.6474134,0.6704213,2.1142333,0.12992918
8214,0.5210356,0.79523736,2.0549858,0.18963014
8215,0.65338266,0.68984663,2.0050683,0.15503997
8216,0.56127864,0.69650596,2.1870234,0.13937573
8217,0.64926213,0.7303245,2.2033026,0.10844092
8218,0.5857669,0.71535873,2.1695879,0.19582973
8219,0.5899481,0.761731,2.0366094,0.13600183
8220,0.66614425,0.765309,2.0225954,0.1630473
8221,0.40788436,0.77076036,2.0396748,0.08670782
8222,0.74261624,0.6895922,1.9847697,0.20014066
8223,0.5693307,0.7360422,2.2282364,0.10308091
8224,0.4824402,0.809577,2.15665,0.1228181
8225,0.54229295,0.60539466,2.080588,0.16663298
8226,0.5080782,0.79209363,2.1608622,0.09057829
8227,0.5569318,0.74583995,2.139075,0.18111202
8228,0.6731501,0.64470416,2.2810676,0.11999666
8229,0.39960325,0.7442261,2.118423,0.09827436
8230,0.56722724,0.68226874,2.0814996,0.14931127
8231,0.62730587,0.6571111,2.128475,0.14210017
8232,0.61837894,0.777213,2.2084804,0.2142985
8233,0.67473394,0.7185131,2.0835288,0.19794564
8234,0.46230763,0.7225463,2.1391041,0.16561317
8235,0.6974554,0.68355954,2.245517,0.18487139
8236,0.62543374,0.66232514,2.0730712,0.13617502
8237,0.6207798,0.7081855,2.0286248,0.16004558
8238,0.6516917,0.62910753,2.267528,0.17545718
8239,0.7032762,0.6726859,1.9686962,0.14835449
8240,0.5853336,0.77950656,2.166751,0.12125519
8241,0.6844409,0.68185836,2.2387,0.114054844
8242,0.6188655,0.77700293,2.1455107,0.17040922
8243,0.7089763,0.6677368,2.3605168,0.12332351
8244,0.6981512,0.67250973,2.0524364,0.13483818
8245,0.69471747,0.67421144,2.103702,0.12688412
8246,0.6521158,0.71692866,2.1491866,0.13480097
8247,0.59851366,0.73174196,2.0673258,0.100702316
8248,0.547899,0.7054704,2.0100849,0.16716278
8249,0.5053217,0.6559565,2.0458233,0.12075847
8250,0.5659652,0.7566241,2.0327246,0.13745204
8251,0.61907274,0.65760636,2.0288274,0.120060176
8252,0.4328289,0.7520557,2.0345948,0.040788986
8253,0.46525148,0.7071813,2.1319377,0.16258985
8254,0.5371995,0.73789954,2.2903786,0.11674037
8255,0.59426665,0.7528859,2.1430163,0.15643579
8256,0.49839988,0.66600776,2.1316879,0.16042167
8257,0.6534452,0.7168649,2.160982,0.14875335
8258,0.66005325,0.6152842,1.9583708,0.12681976
8259,0.567274,0.7466725,2.1182911,0.14287736
8260,0.65832376,0.82692516,1.9685657,0.16799244
8261,0.6038533,0.71938705,2.1300611,0.051440347
8262,0.5439403,0.72221303,2.0158036,0.1189184
8263,0.57281053,0.7222951,1.9971058,0.109696634
8264,0.64147156,0.6688713,2.2240374,0.096562326
8265,0.52911395,0.7540963,2.0385199,0.13019091
8266,0.65107375,0.7498302,1.9753857,0.19929495
8267,0.54049194,0.77021444,2.2978306,0.12752897
8268,0.66692585,0.75277185,2.2352414,0.120276846
8269,0.60257995,0.8203575,2.0956373,0.15362477
8270,0.6428039,0.7021833,2.0734332,0.14831996
8271,0.62240756,0.75878936,2.4506683,0.14445002
8272,0.48224992,0.684438,2.0222003,0.20040752
8273,0.69787127,0.67090905,2.3736458,0.16346824
8274,0.6625454,0.6603044,2.2266781,0.11312407
8275,0.58038336,0.7220344,2.100965,0.13791011
8276,0.66646427,0.5878526,2.2381454,0.18582089
8277,0.5651956,0.7605783,2.0866613,0.05123949
8278,0.63545793,0.6336511,2.317595,0.17690295
8279,0.5668284,0.6985015,2.1448452,0.07504435
8280,0.7120765,0.6549969,2.235434,0.15390854
8281,0.5501682,0.64905876,2.1595192,0.09577106
8282,0.48271298,0.7013194,2.07789,0.12014952
8283,0.6242253,0.66229427,2.3195121,0.15583917
8284,0.5609217,0.6903593,2.3152893,0.13080369
8285,0.554401,0.7796383,2.0267324,0.16969444
8286,0.6089866,0.6132429,2.1078534,0.09397053
8287,0.5655474,0.6675252,2.1808107,0.16339566
8288,0.6949029,0.6913719,2.3132253,0.12533021
8289,0.51993877,0.7643407,2.3051214,0.09988519
8290,0.7369363,0.72643,2.122564,0.13280474
8291,0.4402684,0.7116099,2.039997,0.15267399
8292,0.6876312,0.7156816,2.1574702,0.13532817
8293,0.6460595,0.65834934,2.286534,0.14940543
8294,0.4343998,0.69723666,2.0342762,0.13628088
8295,0.49534544,0.73500806,2.1664774,0.17356399
8296,0.688072,0.7279433,2.31403,0.17987677
8297,0.6475252,0.79246783,2.0836866,0.17124726
8298,0.5387111,0.6877292,2.280495,0.11853105
8299,0.54758865,0.7544039,2.0646696,0.14232233
8300,0.573415,0.6866189,2.0022058,0.14126517
8301,0.52792954,0.78991795,1.9445187,0.12464581
8302,0.6652822,0.6601931,2.3273618,0.14470683
8303,0.5957233,0.7346819,2.107782,0.09929934
8304,0.5807541,0.810516,2.0775378,0.17091027
8305,0.65541875,0.6914567,1.964528,0.17350823
8306,0.6929881,0.7663388,2.2435732,0.10751279
8307,0.57018006,0.7034084,2.2085743,0.0977823
8308,0.6049153,0.7327061,2.304105,0.11449371
8309,0.49371305,0.7409827,2.1124926,0.14570737
8310,0.7214909,0.74465567,2.033783,0.15977557
8311,0.571763,0.805451,2.3155737,0.11327732
8312,0.5100607,0.7677812,2.1597798,0.14183472
8313,0.44517422,0.6262944,2.0186124,0.11959377
8314,0.58806765,0.7500266,2.0173254,0.15402922
8315,0.7017675,0.64122266,2.2365215,0.1321405
8316,0.71505487,0.6292339,2.1020105,0.109704636
8317,0.672573,0.72672933,2.1332855,0.19902799
8318,0.5783445,0.74319005,2.106358,0.19984435
8319,0.62669903,0.7174117,2.0782092,0.09263799
8320,0.5324641,0.74354094,2.13174,0.16041663
8321,0.62900734,0.6525618,2.0453362,0.0839243
8322,0.5954021,0.6670268,2.005161,0.10519305
8323,0.6282261,0.791852,2.1715796,0.13131593
8324,0.6140868,0.6787492,2.2451189,0.16715714
8325,0.6461148,0.80813247,2.1921203,0.14417493
8326,0.6591005,0.67746633,2.124111,0.155821
8327,0.51303476,0.6837221,2.0635798,0.10403267
8328,0.55698174,0.73101526,2.1572428,0.12565754
8329,0.4827224,0.70991445,1.9695183,0.13021928
8330,0.6979258,0.7597818,2.152782,0.09803526
8331,0.5843481,0.6167179,2.2299154,0.12619948
8332,0.6517112,0.69577086,2.1575706,0.16147609
8333,0.5061255,0.7087219,1.9667678,0.09655861
8334,0.6881879,0.64978224,2.2721887,0.17138946
8335,0.61541075,0.73274064,2.1125607,0.24056171
8336,0.6267334,0.689508,2.2605977,0.12901434
8337,0.54334295,0.74632245,2.0753121,0.13340855
8338,0.6081979,0.7721684,2.1430416,0.118915394
8339,0.6025685,0.69719976,2.1705108,0.13564488
8340,0.50045705,0.70022565,2.2163355,0.21986115
8341,0.63366485,0.711389,2.1950915,0.1626574
8342,0.56825054,0.72680604,2.22029,0.13358097
8343,0.6155079,0.72679406,2.1585,0.18141672
8344,0.5797737,0.6910639,1.9733394,0.11137861
8345,0.6400439,0.7041898,2.192991,0.15246746
8346,0.50552243,0.6588028,1.9427952,0.16330187
8347,0.5744815,0.67574567,2.0191376,0.14381488
8348,0.65749025,0.7156782,2.200396,0.14585438
8349,0.6453788,0.64205307,2.0936003,0.19044377
8350,0.62832206,0.7700299,2.154716,0.19330534
8351,0.5701393,0.7878643,2.224772,0.17154601
8352,0.55172676,0.7982489,2.2220414,0.14104377
8353,0.6948597,0.7086475,2.0740578,0.1353921
8354,0.6881097,0.7352069,2.205542,0.15138236
8355,0.5329428,0.71448165,1.9816234,0.16493744
8356,0.46001688,0.7035201,2.1730423,0.1305384
8357,0.70990914,0.6640877,2.1826847,0.09583096
8358,0.7031697,0.7570565,2.0227985,0.13508385
8359,0.5100202,0.75888085,2.1768289,0.11479291
8360,0.46625423,0.60212576,2.0666537,0.13391006
8361,0.52938056,0.7199783,1.9500263,0.14703317
8362,0.550691,0.7785006,1.9596378,0.169937
8363,0.55276656,0.80105996,2.02725,0.13990884
8364,0.54254246,0.7360916,2.3050992,0.15501182
8365,0.68375444,0.64627314,2.2310967,0.14448467
8366,0.64054674,0.75741243,2.0610356,0.12405259
8367,0.69980663,0.7527561,2.1070857,0.13115796
8368,0.6134922,0.6562346,2.181074,0.13296591
8369,0.5036111,0.7667087,2.1432493,0.13320044
8370,0.49440736,0.7868179,1.9548211,0.105981246
8371,0.67212355,0.7318547,2.0555906,0.13048409
8372,0.38034663,0.64963555,1.9663906,0.11626118
8373,0.6930385,0.5849319,2.3161664,0.13254589
8374,0.575432,0.7424813,2.13942,0.117273256
8375,0.6700659,0.79083073,2.1008174,0.15031648
8376,0.49089387,0.64591974,2.0488253,0.12276624
8377,0.65307814,0.76843137,2.0960748,0.10638542
8378,0.606812,0.6861518,2.419833,0.12607813
8379,0.62043715,0.71572936,2.105438,0.13934983
8380,0.6823071,0.7137794,2.115892,0.20841858
8381,0.58329815,0.6869982,2.1010923,0.16606748
8382,0.5979286,0.67984366,2.1125915,0.14858012
8383,0.5738761,0.70863307,2.2085629,0.10396809
8384,0.63514644,0.71293736,2.180992,0.12807836
8385,0.54275733,0.59731966,2.2612693,0.13173273
8386,0.5966796,0.86655426,2.0586684,0.122742616
8387,0.6105732,0.6911163,2.0887523,0.17447996
8388,0.648422,0.742053,2.0016484,0.14653479
8389,0.7220578,0.7562507,2.1278703,0.08974391
8390,0.57061136,0.8363369,2.0864394,0.14485127
8391,0.5248543,0.6812085,1.9754622,0.11842791
8392,0.62501496,0.75226206,2.1384382,0.12079776
8393,0.5436982,0.8540637,2.0227349,0.113796405
8394,0.6642092,0.6493198,2.0017838,0.17842613
8395,0.6171946,0.75909626,2.2779245,0.1534249
8396,0.69223994,0.6709363,2.15298,0.13612594
8397,0.65105015,0.5915124,2.1115086,0.14082778
8398,0.6545832,0.7239625,2.071011,0.12801573
8399,0.6200056,0.7201658,2.005593,0.1621492
8400,0.66257733,0.71641487,2.294143,0.16178241
8401,0.6743831,0.72539264,2.1808841,0.085632406
8402,0.5841552,0.7717339,1.8851316,0.14055106
8403,0.5574283,0.75730675,2.1820896,0.17731181
8404,0.6728745,0.63888526,2.0562851,0.19182529
8405,0.58313686,0.6816296,2.1208012,0.141201
8406,0.54000753,0.7279378,2.3101697,0.1683085
8407,0.62400746,0.77685106,1.8980653,0.17416921
8408,0.5778004,0.6892161,2.1702,0.08044456
8409,0.70449626,0.80404043,2.2040274,0.14155795
8410,0.5988273,0.74924874,2.0237389,0.18270916
8411,0.6620774,0.63451517,2.2633812,0.09390811
8412,0.6064913,0.67478883,2.2042897,0.15378623
8413,0.59229434,0.7111165,2.0705392,0.11401411
8414,0.5721461,0.7779435,2.2007904,0.13418981
8415,0.66298294,0.65532285,2.0666826,0.12557958
8416,0.6869006,0.73020434,2.0217493,0.14788921
8417,0.634247,0.74132156,2.2768092,0.15425949
8418,0.67756295,0.76636493,2.3624768,0.15443192
8419,0.4874014,0.7369332,2.1185167,0.12014504
8420,0.6966254,0.6759084,1.998912,0.14458306
8421,0.58105147,0.68960637,2.0472238,0.18276341
8422,0.6590684,0.70029557,2.0017354,0.17837459
8423,0.61807793,0.6933391,2.1874156,0.11495867
8424,0.63378847,0.77188444,2.0931308,0.15670983
8425,0.61154276,0.6919128,2.1330147,0.13098496
8426,0.6920478,0.67548364,2.2095137,0.19062215
8427,0.63340676,0.6859717,2.1007462,0.14279069
8428,0.62332726,0.76752883,2.1532834,0.16961823
8429,0.5519747,0.7349791,2.068067,0.15227135
8430,0.50259745,0.77372354,2.063646,0.09744855
8431,0.46516535,0.6903022,2.0393662,0.08706158
8432,0.67342347,0.7265294,2.1178038,0.16687572
8433,0.5066721,0.70667756,2.2774303,0.0881139
8434,0.473776,0.74302244,2.2423394,0.112777114
8435,0.6602664,0.64405704,2.1639388,0.083586335
8436,0.6645489,0.6980348,1.88781,0.16747832
8437,0.62692106,0.62508047,2.3663049,0.12429128
8438,0.44581774,0.75898033,1.9981475,0.12727712
8439,0.53710055,0.74314857,2.0413418,0.13148248
8440,0.5342449,0.70837355,1.9608299,0.17449032
8441,0.6348494,0.648461,2.0947204,0.14197513
8442,0.66628605,0.63821805,2.155538,0.089025855
8443,0.60281503,0.63547,2.092549,0.14665309
8444,0.55809075,0.6652984,2.1749794,0.17283973
8445,0.57276213,0.7657727,2.0896025,0.11619674
8446,0.5763174,0.7504128,2.1122582,0.17749472
8447,0.6750838,0.82369006,2.086542,0.15492253
8448,0.65016264,0.74253523,2.1196873,0.15526816
8449,0.61222714,0.74424344,2.2181265,0.18141384
8450,0.5289638,0.6283995,2.1416385,0.08282972
8451,0.7349376,0.62440604,2.200981,0.102505684
8452,0.5945402,0.6203803,2.0692575,0.13680618
8453,0.6914459,0.7536266,2.1926877,0.16742487
8454,0.62222713,0.6124418,2.1975896,0.103096396
8455,0.4864287,0.64497334,2.2351627,0.12351024
8456,0.48993447,0.73987514,2.061049,0.094488
8457,0.52238667,0.8160028,1.9230928,0.14113235
8458,0.6054832,0.6684495,2.0865233,0.12357907
8459,0.6113634,0.64976263,2.0038621,0.11032195
8460,0.6180168,0.7826668,2.1076052,0.149541
8461,0.49208742,0.6811504,2.2583413,0.12556742
8462,0.6599779,0.68936366,2.118626,0.14512016
8463,0.5313163,0.7047501,2.0462523,0.12384391
8464,0.5824321,0.70309883,2.0984623,0.16786139
8465,0.7053651,0.7544595,2.2289033,0.15039763
8466,0.58634275,0.6837571,2.3795693,0.13240837
8467,0.66849476,0.72890717,2.153948,0.16252802
8468,0.5494162,0.7600875,2.071383,0.12190646
8469,0.63029075,0.71220714,2.0011618,0.13688068
8470,0.58463013,0.7096178,2.086345,0.13968505
8471,0.5602901,0.73682,2.130348,0.11729593
8472,0.5651144,0.7066389,2.3082633,0.18891661
8473,0.5979383,0.6652014,2.101527,0.11277378
8474,0.48466206,0.71879995,2.0294957,0.10741938
8475,0.7716955,0.69910765,1.9891883,0.10586418
8476,0.7182386,0.726167,2.2605894,0.1555178
8477,0.63361883,0.68246496,2.0399451,0.13212644
8478,0.72070575,0.84545976,2.2731028,0.15878873
8479,0.730894,0.7087217,2.2148268,0.15945014
8480,0.6048755,0.74938655,2.3835638,0.056438778
8481,0.5907301,0.75738347,2.1920867,0.15311888
8482,0.54789,0.80917776,2.13035,0.15573865
8483,0.4838622,0.7820261,2.1148198,0.096088946
8484,0.4121028,0.7381402,2.2659678,0.14442256
8485,0.7054924,0.6922633,2.0907538,0.157579
8486,0.5798483,0.759147,2.1432874,0.13364753
8487,0.5784528,0.67572975,2.0576804,0.123473026
8488,0.6437017,0.8087541,2.114484,0.10588391
8489,0.45879287,0.7785067,1.9953665,0.14763255
8490,0.6652211,0.7802911,2.2441838,0.13768002
8491,0.4753206,0.81590086,2.1236727,0.086639255
8492,0.5559949,0.6893682,2.0228567,0.12990867
8493,0.6489698,0.83085597,2.252796,0.11376205
8494,0.6736065,0.7701163,2.1302075,0.14497036
8495,0.45728025,0.7469514,2.0392458,0.15561628
8496,0.76748145,0.67712295,2.0197911,0.10848378
8497,0.45747474,0.8572966,2.079762,0.14124244
8498,0.61138844,0.6767919,1.9598821,0.15245792
8499,0.55252796,0.82180077,2.1536586,0.10892138
8500,0.5483142,0.77307874,2.0732586,0.104805715
8501,0.49158722,0.6686862,2.3691833,0.08259805
8502,0.5961664,0.7205018,2.0371249,0.16405278
8503,0.5771456,0.78414893,2.0349357,0.16301359
8504,0.6578211,0.76786065,2.0554562,0.14338139
8505,0.6199605,0.699775,2.2463884,0.1870961
8506,0.7176094,0.6984361,2.124554,0.1572106
8507,0.5906882,0.66972446,2.2195244,0.10493986
8508,0.6413067,0.7223904,2.0141435,0.14857775
8509,0.50709194,0.6993258,1.8834659,0.16878533
8510,0.5616971,0.72526115,2.2617228,0.098541275
8511,0.6087493,0.80942315,2.148107,0.1838479
8512,0.48411554,0.77428615,2.0477967,0.2082454
8513,0.58275044,0.67172563,2.1261728,0.1245164
8514,0.5322798,0.7735909,2.1136224,0.13239323
8515,0.52654046,0.75681037,2.0427315,0.09401897
8516,0.6011232,0.7038999,2.2261765,0.10342659
8517,0.70208883,0.7004439,2.1600864,0.13573785
8518,0.5786183,0.73861665,2.204985,0.12964301
8519,0.54014987,0.6962845,2.3411057,0.11925517
8520,0.61886704,0.72098225,2.096948,0.118560076
8521,0.6676009,0.6940012,2.0835564,0.20275798
8522,0.5328527,0.6979255,2.094043,0.19925478
8523,0.63950115,0.71826094,2.029925,0.15019427
8524,0.63485473,0.67084545,2.3976839,0.14042948
8525,0.5707938,0.7658544,2.1562107,0.16749597
8526,0.69469416,0.6622868,2.1340156,0.15532538
8527,0.68104136,0.5890072,2.1767445,0.1671165
8528,0.55880743,0.73398626,2.0224636,0.15727375
8529,0.65784943,0.72690177,2.1182222,0.18687242
8530,0.63740396,0.6713692,2.0856678,0.15294816
8531,0.6638824,0.7827066,2.1779544,0.13342248
8532,0.5297562,0.70197654,2.0482788,0.12663692
8533,0.7253259,0.701669,2.1717405,0.14695428
8534,0.68576324,0.6948549,2.1621075,0.14818831
8535,0.5567243,0.7254851,2.1491613,0.1223085
8536,0.6613786,0.66874254,2.1971605,0.1351142
8537,0.73706144,0.65998816,2.1434274,0.119798034
8538,0.57578814,0.65931827,2.1412253,0.1761373
8539,0.6510768,0.5483319,2.0833051,0.13825087
8540,0.6537776,0.70809203,2.0868692,0.12825654
8541,0.55527663,0.8267607,2.0266566,0.11748541
8542,0.5339464,0.8097142,2.3806422,0.11737582
8543,0.5718863,0.70236677,2.0619156,0.11471353
8544,0.54631436,0.7825724,1.9778417,0.15462019
8545,0.65424085,0.67264766,2.188916,0.15507351
8546,0.60795707,0.69795144,2.1233926,0.12455366
8547,0.6996113,0.65337944,2.5189025,0.12944397
8548,0.6849638,0.79039687,2.3179855,0.13411906
8549,0.5568193,0.78878564,2.2073438,0.1567196
8550,0.60973346,0.8110159,2.3370214,0.10647344
8551,0.6367386,0.63881296,2.3706057,0.095989786
8552,0.5669966,0.64362055,2.1189425,0.12803264
8553,0.6402875,0.81777626,2.053987,0.13040729
8554,0.6430448,0.64635855,2.130031,0.12722233
8555,0.6798324,0.6653818,2.2552953,0.052150704
8556,0.5262638,0.74931014,2.1990104,0.10727984
8557,0.6621513,0.740526,2.2088845,0.14592184
8558,0.5031726,0.78919864,2.008564,0.13360025
8559,0.57391274,0.7413299,2.0963874,0.14518216
8560,0.62634724,0.7914584,2.0616176,0.115095325
8561,0.6852232,0.7013368,2.2975214,0.1608811
8562,0.6492329,0.7240711,2.1909323,0.13828625
8563,0.546284,0.7773311,2.24163,0.1304452
8564,0.7152935,0.837855,2.1072774,0.15744506
8565,0.62318885,0.6932521,2.2458045,0.08564238
8566,0.70969516,0.6889059,2.1184323,0.12982036
8567,0.5720523,0.6943582,2.2143965,0.13466366
8568,0.62796694,0.7079807,2.0547903,0.11973717
8569,0.5975343,0.8679593,2.0095508,0.12878214
8570,0.58593994,0.72984326,2.1483212,0.11225416
8571,0.44991875,0.7590629,2.1194146,0.1601699
8572,0.51178944,0.8443446,2.1103315,0.12808143
8573,0.6070806,0.6799909,2.1582763,0.12958193
8574,0.6173688,0.76157266,2.0996382,0.21442428
8575,0.606122,0.71810395,2.1313946,0.13328332
8576,0.6200522,0.7664319,2.198325,0.18497913
8577,0.5988326,0.65424097,2.27137,0.07582168
8578,0.5355785,0.67339367,2.2117305,0.16461483
8579,0.5553324,0.7397792,2.0829709,0.16128305
8580,0.6239075,0.7703436,2.20536,0.12298747
8581,0.49228,0.7654032,2.1659133,0.10435639
8582,0.5973482,0.76416814,2.09719,0.13908261
8583,0.58669585,0.76037484,2.1441286,0.10915954
8584,0.52653164,0.76299113,2.060534,0.14229538
8585,0.5579423,0.6669556,2.1346333,0.17964742
8586,0.5950802,0.7284434,2.1850452,0.099740446
8587,0.6566335,0.6647955,2.1906064,0.13096815
8588,0.5960269,0.71066993,2.0857356,0.14824706
8589,0.5936779,0.651928,2.0724545,0.12821318
8590,0.7171827,0.68109953,1.9828298,0.11860764
8591,0.6165656,0.7462172,2.21191,0.12520508
8592,0.614881,0.7812502,2.168148,0.07157418
8593,0.620499,0.782551,2.09486,0.15398519
8594,0.50504017,0.70355606,2.2204692,0.16921215
8595,0.4747339,0.70927024,2.1781971,0.11515302
8596,0.55030435,0.75989646,2.186334,0.14529786
8597,0.51289946,0.6311006,2.2190468,0.14759752
8598,0.6641758,0.76735634,1.9811634,0.06990109
8599,0.55279875,0.7709098,2.0762336,0.12022056
8600,0.66936755,0.71872795,2.0655808,0.1356135
8601,0.7322948,0.6626589,2.353541,0.17083162
8602,0.6517798,0.65729636,2.2543702,0.13549075
8603,0.57969457,0.7623935,2.0251093,0.16263154
8604,0.6507454,0.69637793,2.2430043,0.17766885
8605,0.6667729,0.8448767,2.3167274,0.12502764
8606,0.6822732,0.7010294,2.0784383,0.12505502
8607,0.6406057,0.6994979,2.0391994,0.18121101
8608,0.58076054,0.64983404,2.0765774,0.17842588
8609,0.745452,0.78897876,2.1657138,0.18062663
8610,0.6641636,0.77315,2.237734,0.12360429
8611,0.6221007,0.6639401,2.377674,0.084048145
8612,0.6160477,0.76653785,2.0612698,0.1219483
8613,0.49371374,0.79195553,2.1314292,0.16480522
8614,0.49240494,0.7264235,2.3308437,0.15444641
8615,0.68732196,0.7571532,2.0488539,0.14700882
8616,0.6622025,0.7708174,2.2347085,0.124587
8617,0.61890435,0.7431475,1.9866927,0.14393611
8618,0.5787708,0.7259076,1.970644,0.12707327
8619,0.63784707,0.7334058,2.181042,0.12436144
8620,0.50124407,0.6740591,2.1195233,0.10467552
8621,0.46135834,0.79942423,2.1143672,0.15135518
8622,0.5505784,0.6952433,1.8140173,0.13148972
8623,0.56048733,0.6970893,2.2029977,0.10065691
8624,0.57576615,0.69644326,1.9737483,0.14585684
8625,0.6311993,0.71298987,1.9895476,0.17910647
8626,0.59177804,0.74725103,2.196151,0.15069394
8627,0.65986764,0.7260984,2.1681433,0.0945009
8628,0.5918559,0.711282,2.0322707,0.20141779
8629,0.59988827,0.62815976,1.9870083,0.14312154
8630,0.7341017,0.67193395,2.0591633,0.13401893
8631,0.5108229,0.74599266,2.1748226,0.15027025
8632,0.57515454,0.7493634,2.0830047,0.13771126
8633,0.6678745,0.5668184,1.8457218,0.10698378
8634,0.5533527,0.6424516,2.1479657,0.12730597
8635,0.706465,0.71509254,2.0630152,0.16998619
8636,0.5766646,0.7659196,2.3184807,0.10620211
8637,0.67791927,0.7052401,2.1429503,0.20362034
8638,0.6120447,0.86358136,2.0546005,0.119511366
8639,0.6426139,0.6890585,2.0658553,0.13481842
8640,0.5257805,0.65743846,2.1090877,0.10641646
8641,0.53824025,0.72900486,2.1185043,0.13259749
8642,0.57984674,0.71207887,2.261328,0.13448901
8643,0.5259244,0.7520251,2.2068906,0.13452175
8644,0.66148907,0.7168764,2.2637022,0.18772136
8645,0.6501906,0.7668609,2.0133312,0.1862434
8646,0.575377,0.752497,2.2333803,0.115495026
8647,0.5713637,0.76769847,2.073221,0.10232952
8648,0.75538975,0.7145987,2.4495623,0.16236797
8649,0.6302154,0.748122,2.213547,0.14644097
8650,0.6384716,0.70428675,2.030475,0.12773903
8651,0.42302287,0.76188385,2.221944,0.12147203
8652,0.5533167,0.7060285,2.2362323,0.13779792
8653,0.4858033,0.82263225,2.234968,0.12913494
8654,0.66792876,0.72713953,2.0925882,0.1339612
8655,0.7302149,0.7223549,2.4387877,0.11887158
8656,0.51143587,0.7649235,1.9965641,0.11044764
8657,0.5645139,0.7902106,2.3008726,0.14904305
8658,0.55678874,0.8223325,2.0411499,0.15823433
8659,0.5657255,0.753008,2.114667,0.15584032
8660,0.57460594,0.8452045,2.2841146,0.082144946
8661,0.6318943,0.7093098,1.9962791,0.17288834
8662,0.6079911,0.63211733,2.1699069,0.08787399
8663,0.6678257,0.65679055,2.192422,0.14224234
8664,0.55010617,0.7631028,2.1729348,0.10790514
8665,0.53439575,0.7382766,2.0395305,0.07252947
8666,0.5278609,0.772269,2.0068185,0.20021951
8667,0.4429309,0.6564114,2.2779248,0.16402039
8668,0.6374299,0.715757,2.098122,0.17131609
8669,0.7479105,0.63433105,2.2717204,0.15906984
8670,0.7263673,0.61086047,2.3080862,0.11430991
8671,0.6293123,0.7250331,2.2054176,0.1100394
8672,0.5587953,0.6885497,2.2713664,0.14211102
8673,0.6279397,0.73231333,2.2602797,0.1303574
8674,0.54164803,0.785703,1.9917701,0.11162398
8675,0.5298465,0.7789296,2.0751743,0.14042301
8676,0.54922354,0.6150792,2.1309414,0.14004554
8677,0.6462894,0.689758,2.0950146,0.25608087
8678,0.6038236,0.7929036,2.1157439,0.122831695
8679,0.69676787,0.67075723,2.3043427,0.14279501
8680,0.658562,0.70092165,2.2210932,0.15705416
8681,0.6346457,0.7069283,2.206112,0.032153238
8682,0.6988864,0.6984611,2.1349497,0.17135485
8683,0.69183284,0.7013626,2.2294483,0.14031152
8684,0.704069,0.638402,2.2959032,0.17525807
8685,0.65367854,0.7249938,2.2854927,0.1405157
8686,0.68664914,0.74086356,2.317301,0.14611913
8687,0.5930579,0.74212474,2.0566213,0.14202225
8688,0.6063731,0.6609755,2.1588056,0.17027459
8689,0.59478164,0.75434923,2.103651,0.1390922
8690,0.5373518,0.77878934,2.0563085,0.13500316
8691,0.660972,0.662133,2.1377172,0.14364977
8692,0.57305896,0.77779734,2.0129745,0.14399546
8693,0.571589,0.73613304,2.4697955,0.10566744
8694,0.58155,0.7740147,2.038648,0.19117363
8695,0.6616836,0.752786,2.1480772,0.14626193
8696,0.57801366,0.71274877,2.2340243,0.17941073
8697,0.5883939,0.684293,2.1918988,0.077717885
8698,0.54457825,0.7517689,2.100458,0.15799668
8699,0.5864396,0.67532957,2.2733133,0.14117035
8700,0.698402,0.717116,2.1236684,0.1660505
8701,0.58326715,0.6544997,2.049994,0.13392672
8702,0.60977024,0.73168844,2.2082984,0.13456419
8703,0.43114325,0.76090217,2.0395656,0.12706245
8704,0.46965188,0.73859096,2.2694557,0.103928395
8705,0.5926875,0.674349,2.1596642,0.124657236
8706,0.63082707,0.65787584,1.9546971,0.13727565
8707,0.72461784,0.79529065,2.2447193,0.10678979
8708,0.48357677,0.6699861,2.1233854,0.07614209
8709,0.621773,0.6895352,2.0520618,0.1358537
8710,0.60796857,0.7805027,1.9411198,0.2193166
8711,0.61401844,0.69106424,2.1325223,0.117426686
8712,0.68544173,0.7155337,2.3130212,0.19804294
8713,0.7658824,0.69283396,2.2409232,0.111105815
8714,0.6824084,0.75985163,2.0822957,0.13889876
8715,0.56671286,0.7001504,1.9265304,0.14099653
8716,0.70576626,0.7563937,2.1239693,0.17552347
8717,0.70668393,0.6957428,2.2970216,0.12644559
8718,0.55911195,0.7330777,2.1378455,0.13424893
8719,0.68586963,0.7458626,2.0522096,0.1490069
8720,0.59740204,0.74581397,2.2760067,0.12727652
8721,0.6209685,0.7074105,2.0998936,0.1637551
8722,0.6833421,0.7095209,2.0418336,0.12835906
8723,0.5594016,0.7206979,2.1953714,0.14400657
8724,0.6054831,0.797528,2.1550035,0.12769063
8725,0.6157489,0.6736257,2.0971432,0.15189534
8726,0.42482564,0.7351395,2.1802933,0.05642224
8727,0.46490166,0.7822629,2.1118898,0.17326361
8728,0.629085,0.6102942,2.0711856,0.14342634
8729,0.5911788,0.65061176,2.0830572,0.11248134
8730,0.7092054,0.6690178,2.050472,0.15256816
8731,0.63012934,0.74025065,2.147985,0.15622959
8732,0.6729511,0.6112949,2.066578,0.106124856
8733,0.7247087,0.6634754,2.3303359,0.15553886
8734,0.5000974,0.73429495,2.2856278,0.16271335
8735,0.5677484,0.716013,2.2287974,-0.008115128
8736,0.55295247,0.6573688,2.2455025,0.11568871
8737,0.7017135,0.68936914,2.173982,0.1718228
8738,0.5653712,0.70458275,2.1984067,0.15840095
8739,0.6604204,0.6667992,2.0718646,0.15093212
8740,0.6122639,0.7790495,2.1754909,0.13684967
8741,0.5491002,0.7659503,2.0129254,0.1528587
8742,0.60161203,0.6939212,2.2232304,0.12933579
8743,0.5882042,0.76459193,2.1999054,0.10573124
8744,0.6916995,0.6417013,2.1067424,0.12778895
8745,0.54913294,0.7325649,2.0733626,0.15219939
8746,0.7852013,0.5717791,2.2337534,0.13097847
8747,0.59845376,0.7598472,2.1123009,0.14644963
8748,0.5911583,0.813323,2.0991294,0.18242233
8749,0.5524741,0.7015383,2.0994592,0.15202476
8750,0.6024503,0.8254309,2.4175715,0.13218585
8751,0.48573852,0.7647017,2.2171814,0.0828883
8752,0.6782277,0.5935875,2.1051853,0.14463763
8753,0.5160825,0.7952909,2.2311018,0.14302634
8754,0.56813556,0.68762517,2.036583,0.19263308
8755,0.53611696,0.6541291,2.004901,0.17169653
8756,0.5497399,0.78175634,2.1266124,0.18446282
8757,0.6324101,0.796131,2.2110803,0.13677707
8758,0.55797607,0.7184844,2.1836886,0.14527155
8759,0.6515734,0.73313224,2.270021,0.12052034
8760,0.61375046,0.7324022,2.0489812,0.13272357
8761,0.5651492,0.7918501,1.959214,0.16216397
8762,0.6571592,0.65082335,2.2013402,0.14073652
8763,0.45860788,0.71078795,2.237646,0.10697687
8764,0.6838498,0.70982605,2.078562,0.16838612
8765,0.5838202,0.694981,2.0454624,0.089844294
8766,0.59663117,0.70069647,2.1783068,0.16031553
8767,0.53902555,0.7058421,2.1860545,0.1338521
8768,0.5185041,0.6799401,2.2019463,0.14264771
8769,0.53357774,0.735559,2.2775462,0.10419569
8770,0.6528045,0.6057527,2.1326447,0.1782738
8771,0.45496598,0.7240614,2.109696,0.12141252
8772,0.45525765,0.72982985,2.197628,0.11712576
8773,0.38277912,0.80781746,2.01986,0.14382061
8774,0.6664258,0.71244496,2.120689,0.16538486
8775,0.650375,0.68491536,2.2881575,0.116059884
8776,0.585232,0.663147,2.0223548,-0.009853432
8777,0.6045593,0.721837,1.9960043,0.1350537
8778,0.5179665,0.62074286,1.9826623,0.14782938
8779,0.6932297,0.70730186,2.2230248,0.16638084
8780,0.5228162,0.7064749,1.9924262,0.13501725
8781,0.511237,0.8084102,2.0941577,0.10859625
8782,0.49892947,0.7108971,2.1862981,0.11891796
8783,0.550197,0.7777192,2.138853,0.17444779
8784,0.5097746,0.71012306,2.2968786,0.12101689
8785,0.61341685,0.72084796,2.1499069,0.10987103
8786,0.6359146,0.7701023,2.0482252,0.14588071
8787,0.64023626,0.7964185,2.0374484,0.14824109
8788,0.43136847,0.68927366,2.1453538,0.11226442
8789,0.7193207,0.6822207,2.0834627,0.10708981
8790,0.6440536,0.6665396,2.1785142,0.1195147
8791,0.44568083,0.76462954,2.1888754,0.14886501
8792,0.5426441,0.77985233,2.1243746,0.15424247
8793,0.6137487,0.6906824,2.0810597,0.116128035
8794,0.66193414,0.7254039,2.227313,0.1530755
8795,0.7578353,0.7262103,2.193378,0.17306925
8796,0.53650707,0.73217636,2.1522753,0.13158658
8797,0.5944566,0.6514987,2.249497,0.09027455
8798,0.6423542,0.69635636,2.1679957,0.13849528
8799,0.6500331,0.685379,2.113335,0.14636165
8800,0.4548719,0.6785301,2.071487,0.12125193
8801,0.65792173,0.77325976,1.9301074,0.12382369
8802,0.70403445,0.6918315,2.2335675,0.17472665
8803,0.5522271,0.689336,2.002657,0.10702176
8804,0.6962674,0.7373773,2.2208858,0.13266727
8805,0.6668491,0.6223488,2.0455048,0.17312257
8806,0.734892,0.70932215,2.0561283,0.17181762
8807,0.6511625,0.71351206,2.1482515,0.16174777
8808,0.53534424,0.6957242,2.21069,0.11498135
8809,0.49350706,0.7274708,2.1692939,0.14748804
8810,0.62168425,0.68021035,2.0941553,0.11910047
8811,0.69209933,0.7349061,2.131481,0.11401175
8812,0.6559563,0.71071905,2.0379565,0.12709919
8813,0.53975385,0.60952556,2.1624837,0.12949225
8814,0.6654436,0.6699536,2.0830874,0.11458171
8815,0.64670473,0.73949546,2.1880438,0.18964604
8816,0.5328302,0.6654499,1.9711999,0.1553734
8817,0.49182364,0.59604883,2.094367,0.057831943
8818,0.75821763,0.7735212,1.9349726,0.17406513
8819,0.52687204,0.7407798,1.9961486,0.082095034
8820,0.7041653,0.75788283,2.0835104,0.094353355
8821,0.669717,0.7224796,2.0318828,0.18843034
8822,0.6734329,0.66985047,2.158379,0.13029046
8823,0.63386625,0.6272693,2.182171,0.13652515
8824,0.7407045,0.6521829,2.416154,0.13263075
8825,0.7057283,0.6970694,2.3278818,0.113782
8826,0.68609643,0.76947945,2.2745054,0.16077912
8827,0.7045246,0.70107883,2.1149962,0.090774335
8828,0.64250404,0.6518532,2.288761,0.16804615
8829,0.56569046,0.8134418,1.9896947,0.14703877
8830,0.6454888,0.7048394,2.2042367,0.14418808
8831,0.71156967,0.7145602,2.185881,0.11116258
8832,0.6978105,0.7574154,2.1754634,0.1170688
8833,0.69559497,0.72170395,2.362533,0.17440178
8834,0.60734093,0.7173684,2.325282,0.15589847
8835,0.5817727,0.703204,2.2262087,0.16602339
8836,0.5027852,0.6854177,2.000319,0.13093376
8837,0.47178555,0.7498489,2.1581366,0.11553131
8838,0.6679515,0.7406744,2.1295896,0.16338576
8839,0.6794677,0.7943075,2.1053047,0.16163264
8840,0.61709905,0.751334,1.9684967,0.13227525
8841,0.6498956,0.6553215,2.1987863,0.079891704
8842,0.48917422,0.6969148,1.898417,0.13331015
8843,0.55594856,0.69378346,2.0086565,0.10665463
8844,0.7573035,0.69491404,2.30211,0.1198744
8845,0.68334657,0.7818358,2.3470523,0.10642589
8846,0.5188008,0.58108467,2.3306437,0.13890123
8847,0.70449376,0.7525556,2.2503672,0.14209107
8848,0.5440219,0.6028485,1.9694542,0.1268537
8849,0.5809431,0.71687764,2.1080818,0.16238107
8850,0.7288636,0.5701474,2.3975534,0.14948052
8851,0.6720556,0.79049736,2.1635966,0.15246743
8852,0.5903744,0.6974719,2.0976117,0.096635565
8853,0.6047908,0.6811444,2.1679578,0.20175877
8854,0.6440322,0.8237468,2.0973403,0.11465996
8855,0.5829621,0.6975996,1.9972798,0.11434817
8856,0.6898547,0.74455214,2.155442,0.10547723
8857,0.5105861,0.6702653,1.9908924,0.18776472
8858,0.6524032,0.6334137,1.8978118,0.15236317
8859,0.6929379,0.631193,2.293079,0.1554785
8860,0.65865177,0.7245451,2.1459985,0.16069162
8861,0.6149578,0.7145921,2.0319557,0.156311
8862,0.7226751,0.838082,2.3220859,0.16922484
8863,0.6789183,0.7010349,2.0898912,0.17090254
8864,0.5820967,0.7198282,2.2218266,0.124477684
8865,0.63553864,0.670171,2.1374698,0.13952418
8866,0.45418653,0.8417171,2.1581874,0.13004059
8867,0.56936383,0.6441047,2.01042,0.13894726
8868,0.5693477,0.6944139,2.2400956,0.16308036
8869,0.5445797,0.7301083,2.1877916,0.13857463
8870,0.65998775,0.68237025,2.4089515,0.13613114
8871,0.6754228,0.71849245,1.9979649,0.1453127
8872,0.44360763,0.82061774,2.221986,0.10284507
8873,0.50325507,0.63318634,2.0319178,0.14730126
8874,0.563311,0.72338295,2.2175546,0.12443884
8875,0.61920035,0.6660094,2.3242733,0.12325431
8876,0.5839787,0.5979488,2.230087,0.16795348
8877,0.6742462,0.68903553,2.1244357,0.12300997
8878,0.54639375,0.7351541,2.0475976,0.07452172
8879,0.67821693,0.75729185,2.181912,0.13221167
8880,0.700116,0.7281412,2.2547297,0.11324973
8881,0.5196336,0.7896547,2.108545,0.10643665
8882,0.6846576,0.69325185,2.1004097,0.11968256
8883,0.5148199,0.79370284,1.9995877,0.1290106
8884,0.53183556,0.74948204,2.3662694,0.12508115
8885,0.5361568,0.74186325,2.0551147,0.16713513
8886,0.7017069,0.725592,2.1737392,0.17741464
8887,0.49815705,0.7403235,2.00945,0.12843826
8888,0.62609667,0.6546315,2.2581272,0.13623501
8889,0.68242776,0.8027708,2.170476,0.13692512
8890,0.60258335,0.7597466,2.0987387,0.15215114
8891,0.68251795,0.7267451,2.1870587,0.16245456
8892,0.6236876,0.73024875,2.1989143,0.1572365
8893,0.5927176,0.7591692,2.2012556,0.10840853
8894,0.44296715,0.7640352,1.9928026,0.11315231
8895,0.50135016,0.7811505,2.0424097,0.11506867
8896,0.6601586,0.7827647,2.2258677,0.1525099
8897,0.56813663,0.7014575,2.034057,0.15793201
8898,0.5528159,0.7983243,2.0226538,0.13650505
8899,0.7189167,0.74594074,2.041273,0.18508737
8900,0.5609188,0.62049055,2.1206226,0.18465583
8901,0.47269526,0.72196,2.111793,0.14800245
8902,0.65839744,0.71110636,2.389603,0.10715398
8903,0.567667,0.69466954,2.3631163,0.13115275
8904,0.66519094,0.8318583,2.2646604,0.108514205
8905,0.67698616,0.71911705,2.248218,0.116029635
8906,0.62025774,0.7313916,2.1318347,0.14648555
8907,0.6002671,0.6173525,2.0631218,0.11624901
8908,0.6287588,0.7485978,2.1720347,0.14579105
8909,0.5819287,0.675552,2.008848,0.10665124
8910,0.6249423,0.69138306,2.2812605,0.14321096
8911,0.5755601,0.72986835,2.3594182,0.13636817
8912,0.59491545,0.67920357,2.1228623,0.16788606
8913,0.5802967,0.63072443,2.1860778,0.10160665
8914,0.61766136,0.6659429,2.085034,0.12664226
8915,0.5892399,0.73645353,2.2096772,0.11959909
8916,0.6412509,0.81413126,2.2398717,0.22298133
8917,0.64300495,0.70765907,2.0758233,0.09577537
8918,0.6670122,0.6816209,2.0407202,0.19237077
8919,0.56300586,0.7064919,2.046187,0.1733291
8920,0.63346905,0.7498621,2.102317,0.12211535
8921,0.5799613,0.70501024,2.1901007,0.09435911
8922,0.6187125,0.7570594,2.10616,0.114934534
8923,0.57366747,0.7675722,1.9795243,0.21211281
8924,0.64824605,0.803093,2.0213163,0.1451828
8925,0.6144911,0.82766825,2.1032643,0.079120606
8926,0.57949233,0.7476356,2.1267996,0.10252215
8927,0.5532551,0.76786655,2.0081007,0.1536486
8928,0.38738126,0.6091398,2.1970673,0.142319
8929,0.65923756,0.74400634,2.0568714,0.16559066
8930,0.5039431,0.77065706,2.3039513,0.091638
8931,0.55947566,0.6792266,2.2014287,0.1252544
8932,0.61634773,0.69718933,2.0261834,0.18215118
8933,0.6513394,0.72001934,2.1358492,0.11898241
8934,0.58364636,0.69013387,2.444895,0.13734968
8935,0.64084023,0.7962223,2.2469006,0.14369285
8936,0.6251993,0.7539051,2.3642187,0.12615782
8937,0.6940585,0.75881886,2.2256334,0.13448715
8938,0.64208496,0.6994456,2.0499198,0.17193429
8939,0.49098426,0.68832254,2.0568511,0.17678033
8940,0.5808421,0.78573406,2.013261,0.12594691
8941,0.5838616,0.78903127,2.105406,0.16518098
8942,0.73732054,0.68098503,2.0803235,0.119745135
8943,0.684431,0.74126935,2.2494173,0.08373564
8944,0.5400931,0.7272858,2.0590942,0.095909916
8945,0.70200884,0.5882404,2.0519495,0.082704306
8946,0.5486564,0.7920215,2.2577133,0.13146736
8947,0.57094365,0.7580828,2.0561917,0.18821566
8948,0.5906323,0.7290376,2.1238616,0.14389586
8949,0.5606885,0.761175,2.110488,0.12184155
8950,0.50374126,0.742938,1.9745635,0.17835657
8951,0.51323247,0.805206,2.0329287,0.14771077
8952,0.5625423,0.71183765,2.2452996,0.12607487
8953,0.58442867,0.8170001,2.2089078,0.14587636
8954,0.5743232,0.67759097,2.1342435,0.15722694
8955,0.5547491,0.74998903,2.1943939,0.12222474
8956,0.6717393,0.7172643,2.2710545,0.121038936
8957,0.7133668,0.66427124,2.1883974,0.16203073
8958,0.52792656,0.669431,2.1372387,0.15526338
8959,0.6126287,0.7102136,2.1151166,0.18652222
8960,0.5448365,0.7266469,2.1942382,0.14386992
8961,0.6667163,0.64018846,2.1826174,0.1939546
8962,0.6578563,0.6971948,2.0499759,0.18352713
8963,0.5703167,0.64801043,2.0346437,0.16188423
8964,0.7448051,0.7017862,2.1151102,0.12899709
8965,0.6319105,0.6409509,2.231728,0.11569849
8966,0.67915803,0.69241047,2.396706,0.12902278
8967,0.6516567,0.61695206,2.1958554,0.10699615
8968,0.64038116,0.6533206,2.1801913,0.14288925
8969,0.6528902,0.71778584,2.185491,0.15339129
8970,0.57708335,0.7945814,2.2034266,0.13768715
8971,0.70150673,0.7186047,1.9788679,0.12599917
8972,0.5994322,0.73597413,2.1376069,0.15026204
8973,0.55343825,0.7494085,2.2366045,0.20295545
8974,0.69266987,0.7370204,2.1876948,0.13983524
8975,0.5235313,0.6739007,2.0180738,0.15059496
8976,0.5692006,0.6686842,2.0319364,0.13642511
8977,0.61773306,0.7072377,2.0755315,0.17347017
8978,0.6726947,0.7330166,2.1676037,0.107498966
8979,0.6289588,0.6598164,2.0209095,0.15765862
8980,0.6076282,0.7507844,2.0766191,0.14206314
8981,0.69012076,0.74179775,2.373506,0.1453654
8982,0.6124441,0.73879826,2.1227794,0.12999605
8983,0.66504717,0.6774792,2.2424986,0.08082107
8984,0.5204217,0.69462097,2.2190883,0.11949772
8985,0.6609473,0.74541616,2.089429,0.13512716
8986,0.7084144,0.703212,2.1310334,0.14578374
8987,0.5919113,0.75617313,2.0810447,0.12651676
8988,0.5159731,0.73721945,2.5165505,0.04199325
8989,0.59886366,0.7714617,2.2613544,0.1419798
8990,0.5452033,0.6035141,1.9892238,0.12053813
8991,0.64290255,0.6762125,2.192683,0.17000361
8992,0.508276,0.6799836,2.0495088,0.1583945
8993,0.40129408,0.72115463,1.9892578,0.15288407
8994,0.6408124,0.7381944,2.1318247,0.17810373
8995,0.6534034,0.6809962,2.1768754,0.18745172
8996,0.6130383,0.5357851,2.1069267,0.13990317
8997,0.5587532,0.73897827,2.0336587,0.13887098
8998,0.5747075,0.6304122,1.9917775,0.16395725
8999,0.53612375,0.7388204,2.0279112,0.13114023
9000,0.56023824,0.7687976,2.1671534,0.12101676
9001,0.5559994,0.7622054,2.2359793,0.096916586
9002,0.70694536,0.7524987,2.231099,0.09320965
9003,0.62838507,0.7301098,2.0072885,0.093982615
9004,0.56662405,0.7563024,2.1146576,0.14835033
9005,0.6903648,0.7049489,2.180334,0.118068635
9006,0.4447009,0.71656185,2.021266,0.13293242
9007,0.5439144,0.70546937,1.9831997,0.12079088
9008,0.5419893,0.71881175,2.293796,0.14606285
9009,0.5987033,0.640102,2.0277188,0.08593053
9010,0.45480374,0.6813897,2.1571703,0.09465936
9011,0.6461603,0.7032438,2.1580281,0.2156166
9012,0.5573077,0.74676055,2.3792322,0.13102274
9013,0.71443003,0.7151545,2.1797106,0.14985646
9014,0.50818855,0.71572876,2.1478295,0.12550282
9015,0.5393221,0.7116816,2.0439978,0.12244889
9016,0.6699768,0.7045787,2.0328023,0.15512167
9017,0.6837098,0.6350988,2.1152797,0.13560113
9018,0.58350986,0.721312,2.1065977,0.20276752
9019,0.5315133,0.62621874,2.0216897,0.1568513
9020,0.65815604,0.69134367,2.155023,0.14830041
9021,0.5595686,0.7447792,2.2265134,0.15532601
9022,0.64543253,0.813676,2.058853,0.14129823
9023,0.620256,0.6648158,2.005556,0.21972133
9024,0.5240469,0.7239161,2.1547136,0.14081764
9025,0.5458469,0.57985413,2.3728642,0.14865546
9026,0.6097277,0.5956311,2.1689775,0.12102682
9027,0.54433656,0.70437,2.0682378,0.21029781
9028,0.62426734,0.6801103,2.0638452,0.18193975
9029,0.5088015,0.7163429,2.0007932,0.10522534
9030,0.5743572,0.6304304,2.119486,0.17028812
9031,0.6670353,0.7472468,2.0713067,0.12552394
9032,0.5816221,0.64839303,1.9933696,0.1653213
9033,0.55012137,0.69988614,2.179652,0.14238831
9034,0.51909494,0.6623302,1.9640177,0.17935374
9035,0.58699983,0.69368035,1.9732518,0.10256529
9036,0.6355454,0.6151905,2.1871262,0.18258698
9037,0.74644285,0.75070935,2.4068415,0.09607339
9038,0.6582026,0.71046025,1.9883825,0.14005816
9039,0.6002302,0.78988934,2.1544054,0.123990044
9040,0.61067104,0.77175295,2.2865324,0.15223044
9041,0.51394755,0.7482384,2.0852413,0.11089831
9042,0.5678184,0.67128557,2.1343067,0.12939198
9043,0.5434646,0.7334742,2.2371602,0.17464164
9044,0.61290187,0.7964722,2.0739176,0.18610407
9045,0.57390964,0.6716197,2.199037,0.12543355
9046,0.63373566,0.6300113,2.0339944,0.15376925
9047,0.5236943,0.7204134,2.0326567,0.1263754
9048,0.5341912,0.7338308,2.1600068,0.12046503
9049,0.7045443,0.6953979,2.066132,0.12830816
9050,0.7027279,0.56994843,2.2451909,0.12424418
9051,0.51436806,0.78905827,2.1481478,0.13740265
9052,0.5852263,0.7497507,2.1869164,0.12635225
9053,0.56304073,0.70795333,2.0117202,0.13078035
9054,0.6627981,0.7565186,2.287254,0.09203194
9055,0.6367947,0.6885889,1.997088,0.15351872
9056,0.5884755,0.73761904,2.1050732,0.1554733
9057,0.6879916,0.62942207,2.0396643,0.15763745
9058,0.5639313,0.68134606,2.3134058,0.0865028
9059,0.5844714,0.6524618,2.124461,0.14831401
9060,0.7671511,0.68673617,2.0463037,0.1217035
9061,0.58370876,0.64388865,2.0864537,0.09202586
9062,0.6909663,0.72020245,2.3183708,0.11619086
9063,0.5209787,0.7695221,2.3687582,0.1672645
9064,0.64955014,0.71713215,2.3304348,0.13856825
9065,0.44686282,0.6485789,2.1496518,0.14013352
9066,0.5673764,0.7951945,2.2164233,0.15501489
9067,0.6286419,0.75410765,2.2404497,0.11505186
9068,0.44055778,0.7594987,2.1178784,0.16772152
9069,0.63433,0.65309006,2.0082505,0.18874465
9070,0.6689431,0.7618022,2.3357708,0.097084805
9071,0.5370369,0.7508868,2.2373135,0.10925725
9072,0.5819245,0.6034839,2.2316797,0.11556596
9073,0.57793576,0.76511586,2.2492502,0.12959404
9074,0.7487307,0.7054013,2.2092087,0.15953314
9075,0.688181,0.7099684,2.2101917,0.20832668
9076,0.6784079,0.8260357,2.3451815,0.14268313
9077,0.6488402,0.6813774,2.081817,0.13908783
9078,0.5012065,0.6853825,2.1098645,0.1486149
9079,0.6224925,0.65820825,2.448021,0.1403892
9080,0.59439236,0.7462063,2.0143912,0.1812556
9081,0.6767608,0.63846064,2.1390104,0.16240148
9082,0.54666406,0.65325767,2.0631208,0.16486628
9083,0.5584638,0.76660883,2.16914,0.11942007
9084,0.61592275,0.7537254,2.0907683,0.13501385
9085,0.45897767,0.68238544,2.126842,0.15895894
9086,0.5422322,0.71001315,2.2493608,0.12401398
9087,0.6130768,0.76049685,2.0704832,0.15211977
9088,0.7113639,0.7209429,2.008462,0.082865074
9089,0.6052016,0.7715796,2.3815446,0.17554772
9090,0.67449874,0.72038877,2.2527573,0.11543607
9091,0.4822663,0.76803595,2.1156905,0.15168305
9092,0.5727532,0.67997855,2.199415,0.13434742
9093,0.40610915,0.69076526,2.1288717,0.100195445
9094,0.6758792,0.593494,2.1726928,0.08852915
9095,0.7027031,0.7111968,2.0643575,0.094968274
9096,0.626294,0.6392143,2.1263583,0.123240046
9097,0.67219305,0.74709463,2.2401469,0.14735173
9098,0.46533537,0.9069707,2.299887,0.1002647
9099,0.64635,0.80450886,2.2024493,0.19720772
9100,0.5916437,0.60534483,2.1359322,0.11111501
9101,0.558206,0.694667,2.1652997,0.067670286
9102,0.6466976,0.6573599,2.299332,0.11247524
9103,0.57701623,0.77879035,2.0274272,0.16042784
9104,0.69747233,0.80120724,2.0729897,0.17782088
9105,0.68718845,0.7007553,2.2311676,0.116718836
9106,0.5815947,0.74953496,2.0176852,0.114965715
9107,0.6392365,0.7200764,2.1910882,0.106122866
9108,0.6044241,0.6656415,2.1944466,0.1523545
9109,0.61476934,0.6871166,2.1630638,0.18204758
9110,0.59173936,0.7162589,2.1527324,0.12356999
9111,0.49706632,0.73784864,2.211158,0.15953924
9112,0.5774747,0.6309408,2.0419235,0.14942877
9113,0.6775208,0.73118246,2.017212,0.13075712
9114,0.5402346,0.7617979,2.2017794,0.102922596
9115,0.6555052,0.75477827,1.9844501,0.17799228
9116,0.6656399,0.70314294,2.1656063,0.15241235
9117,0.6104509,0.7936317,1.9425217,0.22188398
9118,0.5809549,0.689788,2.1825633,0.14694145
9119,0.57728595,0.7025486,2.1875234,0.12838326
9120,0.4531859,0.7005178,2.0002906,0.14534298
9121,0.7106331,0.5773833,2.1711826,0.18414642
9122,0.5637002,0.78662455,2.1632247,0.1815708
9123,0.6987221,0.7101887,2.1845136,0.10010183
9124,0.55611664,0.6336816,2.0862005,0.1573781
9125,0.49472326,0.701901,2.0702627,0.120520554
9126,0.5249056,0.6457299,2.0036092,0.0969627
9127,0.39220706,0.7431844,2.0076149,0.15763904
9128,0.5731254,0.6728878,2.040454,0.13481547
9129,0.5362965,0.7422169,2.0969443,0.11766465
9130,0.5679259,0.770672,2.3009224,0.18123202
9131,0.6566904,0.70701367,2.3111684,0.13312848
9132,0.5691124,0.7473402,2.055617,0.1698356
9133,0.49259007,0.7120708,2.0380642,0.16433884
9134,0.7016949,0.7726463,2.3504126,0.14021829
9135,0.7021634,0.71992016,2.1915338,0.18191029
9136,0.6210237,0.69700897,2.393559,0.09324756
9137,0.5349261,0.80460465,1.9760944,0.16231813
9138,0.56026,0.68705034,2.0352054,0.09898355
9139,0.5696967,0.70648926,2.049981,0.12662074
9140,0.6293772,0.77305156,2.1037345,0.14737405
9141,0.68509334,0.76676834,2.1242278,0.11234094
9142,0.6068767,0.75357085,2.2659655,0.12863438
9143,0.5948588,0.73392093,2.166104,0.13380918
9144,0.6068852,0.6570762,2.1032887,0.11158177
9145,0.6495637,0.65217483,2.0596027,0.095050335
9146,0.71173054,0.7089812,2.1177506,0.17569382
9147,0.6999047,0.7358406,2.0372121,0.16003539
9148,0.5855273,0.70104396,2.2524219,0.13754931
9149,0.6787731,0.7695761,2.0194468,0.17912242
9150,0.6742011,0.7745849,2.081674,0.13279247
9151,0.6351097,0.6774515,2.2302105,0.1313933
9152,0.6672976,0.74938065,1.9889992,0.13367149
9153,0.74129236,0.75407875,2.1050923,0.15139654
9154,0.6136315,0.7907717,2.1953452,0.14166333
9155,0.54483736,0.74069,2.137987,0.13932051
9156,0.68072414,0.67414486,2.1423178,0.10627213
9157,0.68018764,0.68876606,2.4055846,0.1330277
9158,0.59714013,0.78787225,2.2589383,0.106630474
9159,0.6216624,0.73443794,2.1232862,0.15515076
9160,0.63879627,0.76735926,2.1644208,0.13647836
9161,0.58431244,0.70079803,2.103454,0.12565304
9162,0.73155576,0.7364716,2.1533835,0.12773606
9163,0.55069315,0.64619845,2.0999691,0.10275366
9164,0.7153723,0.6759664,2.2370214,0.1152306
9165,0.5631897,0.75627136,2.0506449,0.16234729
9166,0.65585995,0.71508306,2.2361305,0.11924437
9167,0.58209646,0.657745,2.1902368,0.13232721
9168,0.62721395,0.7162613,2.1985793,0.15920521
9169,0.6001223,0.72501516,2.1332157,0.13934593
9170,0.70228,0.6821178,1.9966362,0.16563329
9171,0.61358553,0.6774589,1.9877931,0.15849085
9172,0.7479552,0.7157676,2.2932892,0.16518793
9173,0.5772373,0.7181482,2.596263,0.13641816
9174,0.4730317,0.8200273,2.0895197,0.16125521
9175,0.50303113,0.66119003,2.04252,0.115021534
9176,0.48855618,0.78594476,1.9494452,0.15200216
9177,0.6260357,0.64179844,2.0825303,0.13277015
9178,0.68916243,0.7250221,2.1859896,0.095534526
9179,0.5595557,0.6705897,2.0558474,0.11296049
9180,0.70678675,0.7531393,2.2243745,0.108444266
9181,0.68901306,0.7078804,2.0945919,0.12917979
9182,0.5740855,0.6483519,2.0526671,0.20401159
9183,0.6597942,0.76104105,2.1276622,0.13560423
9184,0.50492007,0.7651947,2.3080602,0.10232295
9185,0.5854912,0.6960527,2.1842313,0.13115826
9186,0.725575,0.797438,2.0695603,0.12964271
9187,0.7287899,0.69250697,2.3470724,0.17665537
9188,0.70756143,0.648911,2.1307118,0.1417258
9189,0.63993573,0.6995341,2.34855,0.13281122
9190,0.643605,0.74031997,2.1848006,0.11701867
9191,0.53839695,0.7728461,2.1405795,0.15716204
9192,0.5119587,0.71183556,2.1093197,0.09785169
9193,0.55744195,0.6953959,2.222631,0.114060804
9194,0.5137988,0.7097491,2.1057775,0.13178147
9195,0.43064055,0.6524882,1.9627483,0.10894665
9196,0.42538217,0.57620996,2.1653461,0.1148642
9197,0.5884094,0.73908234,2.1470184,0.11616353
9198,0.5846231,0.69883645,2.2016957,0.11702186
9199,0.5597105,0.7360369,2.0672045,0.1909461
9200,0.4926867,0.6878352,1.9564791,0.12669496
9201,0.6429135,0.80742884,2.196199,0.17141882
9202,0.5177532,0.7086437,2.164183,0.113927126
9203,0.62838525,0.77326596,2.0961237,0.094142094
9204,0.6369823,0.7609495,1.998661,0.14360249
9205,0.5851932,0.7629159,2.1627054,0.13511021
9206,0.63591933,0.8338982,2.2622187,0.10021246
9207,0.5639588,0.6342466,2.264484,0.13190156
9208,0.58575416,0.74495715,2.1813025,0.11722125
9209,0.56250364,0.7310232,2.1213417,0.16405188
9210,0.5731812,0.6368626,2.0123405,0.1727068
9211,0.509069,0.6961293,2.0568063,0.13907424
9212,0.6442398,0.66634876,2.0168076,0.19327106
9213,0.69341975,0.66589737,1.9932683,0.169554
9214,0.69987357,0.74194765,2.416954,0.14826445
9215,0.72892535,0.7480558,2.0042434,0.14168257
9216,0.69423527,0.6862805,2.3126154,0.11403688
9217,0.601638,0.72182447,2.0083091,0.147023
9218,0.59521157,0.7205375,2.1048803,0.12657958
9219,0.6350153,0.6781886,2.1689668,0.07859981
9220,0.61083686,0.7339742,2.0064583,0.14862797
9221,0.58608496,0.7212013,2.0684192,0.15816699
9222,0.56225115,0.6974473,2.2835832,0.09078778
9223,0.6077213,0.7185882,2.1812956,0.13726413
9224,0.61891377,0.73589724,2.349175,0.08217923
9225,0.5650365,0.73559195,2.2053049,0.15083545
9226,0.5432773,0.73036486,2.00059,0.1559484
9227,0.5448034,0.68162334,1.9987524,0.17449872
9228,0.5961756,0.7049711,2.2678943,0.096777484
9229,0.63270634,0.72016126,2.216778,0.122547865
9230,0.64966154,0.71882176,2.1382506,0.10886163
9231,0.6165575,0.7982988,2.029937,0.16834368
9232,0.5928149,0.62183625,2.2932987,0.14145969
9233,0.6588792,0.7644547,2.1441932,0.1871929
9234,0.5325413,0.72623813,2.1650531,0.16129309
9235,0.6492795,0.6680988,1.9503583,0.1698488
9236,0.5594138,0.7326204,2.18464,0.15397263
9237,0.66609913,0.7409903,2.1224167,0.17253974
9238,0.6431591,0.64150804,2.2096772,0.1384695
9239,0.5178285,0.7358468,2.2333834,0.09502455
9240,0.5845736,0.7561331,2.0892966,0.12655583
9241,0.55535954,0.65546846,2.0730221,0.15676107
9242,0.6398981,0.6549538,2.2791324,0.13612399
9243,0.61285716,0.76216465,2.1851375,0.15301733
9244,0.56135863,0.71561724,2.1030045,0.16784997
9245,0.5064647,0.8593412,2.030447,0.14305899
9246,0.48719925,0.7448518,2.1047533,0.10738585
9247,0.45140046,0.6805018,2.0921943,0.164177
9248,0.52465403,0.734052,2.0882385,0.13512744
9249,0.5616943,0.71550775,2.2358253,0.08676738
9250,0.46495453,0.68549067,2.1404016,0.13929668
9251,0.7267703,0.76146984,2.0917287,0.15164264
9252,0.5948099,0.68085784,2.0523148,0.14044933
9253,0.53948015,0.72739154,2.2428007,0.1336755
9254,0.52713734,0.63877916,2.0859492,0.1925536
9255,0.5346849,0.673698,2.1094525,0.13183911
9256,0.6103693,0.7228975,2.3216004,0.15724832
9257,0.67505103,0.6773714,2.2108135,0.10588286
9258,0.7059929,0.6164878,2.1330254,0.13280965
9259,0.6391244,0.71871024,2.0787704,0.1565819
9260,0.6499558,0.7537419,2.0396912,0.11744157
9261,0.6853319,0.72719765,2.1272404,0.15552682
9262,0.62003475,0.76780903,2.0401042,0.1886836
9263,0.56898177,0.79645276,2.3910787,0.07527025
9264,0.68266284,0.7258112,2.244575,0.1978871
9265,0.5269309,0.825183,2.169129,0.14788093
9266,0.60770696,0.6530897,2.2166214,0.15910709
9267,0.66887707,0.7241609,2.3780866,0.1370952
9268,0.700926,0.65041834,2.0683234,0.16461147
9269,0.60544294,0.75020033,2.0209322,0.14946617
9270,0.6047463,0.7697451,2.1746895,0.17580421
9271,0.61865926,0.7077374,2.1158457,0.11102887
9272,0.5597703,0.73750234,2.0445898,0.14301895
9273,0.54670566,0.6627665,2.0999305,0.15437898
9274,0.61748594,0.74124473,2.00833,0.1058413
9275,0.64509606,0.69893634,2.1970172,0.1569518
9276,0.45839065,0.9249278,2.1235373,0.07867369
9277,0.6188132,0.81862825,2.204474,0.16191004
9278,0.65923125,0.82874066,2.1061087,0.17858249
9279,0.49933812,0.7539511,2.125403,0.14366478
9280,0.7054439,0.6758258,2.2619383,0.1648118
9281,0.6411185,0.6437993,2.137425,0.14667529
9282,0.5489934,0.7280686,2.3127022,0.12061075
9283,0.5873767,0.5769973,2.276477,0.12169423
9284,0.70751256,0.800757,2.2358015,0.11706495
9285,0.55760777,0.68823385,2.0649672,0.15150948
9286,0.60689783,0.7065032,1.9434376,0.13875991
9287,0.6538832,0.7354908,2.1549919,0.09451033
9288,0.6483764,0.77263826,2.0891888,0.14814115
9289,0.5212983,0.72889274,2.0827012,0.15348132
9290,0.6012018,0.64146286,2.211838,0.109716855
9291,0.53327495,0.73813385,2.0878916,0.16407152
9292,0.5313033,0.690469,2.3853738,0.14949213
9293,0.59542364,0.61277723,2.170626,0.1479668
9294,0.5594577,0.6540644,2.0498927,0.16142002
9295,0.708079,0.7042219,2.0576835,0.15003571
9296,0.60335344,0.7298503,2.115807,0.19013691
9297,0.60269225,0.7251659,2.0092278,0.13662438
9298,0.65913224,0.7748441,2.1585865,0.13607277
9299,0.6394065,0.6978407,2.233624,0.08315069
9300,0.47025937,0.76606965,2.1221225,0.13188067
9301,0.5589265,0.80489767,2.1915169,0.13783355
9302,0.57792264,0.6949148,2.142509,0.13732593
9303,0.57276446,0.7644018,2.1821373,0.1470333
9304,0.5994388,0.75193614,2.1546376,0.12008557
9305,0.7163417,0.6439841,2.307996,0.13343416
9306,0.6484274,0.7336337,2.0422456,0.118879184
9307,0.5309904,0.68197227,1.9997928,0.19013508
9308,0.68082476,0.6619178,1.998879,0.14141764
9309,0.55672514,0.703696,2.1173694,0.1458323
9310,0.5342385,0.7485367,2.2303133,0.14384548
9311,0.5234095,0.70278394,2.1017919,0.09103329
9312,0.7527408,0.70202255,2.0333488,0.14017612
9313,0.59540766,0.7576836,1.9351236,0.15840973
9314,0.6587045,0.79316944,2.151564,0.15497229
9315,0.49224555,0.7820955,2.136599,0.14361389
9316,0.738136,0.78487986,2.1645107,0.14143248
9317,0.6120329,0.6632497,2.1964476,0.14710945
9318,0.46770623,0.751362,2.2729032,0.054915346
9319,0.53441745,0.7172603,2.0989404,0.065148376
9320,0.5214176,0.7413132,2.1103032,0.13456976
9321,0.6844771,0.6619463,2.2700527,0.18084455
9322,0.6733426,0.7141679,2.0485497,0.17772174
9323,0.6587707,0.63515824,2.2466576,0.120071135
9324,0.6555039,0.65157616,2.2122927,0.13457523
9325,0.65144867,0.63577104,2.1837533,0.10866155
9326,0.62781024,0.7388451,2.0438702,0.133177
9327,0.5953251,0.7434762,2.0356638,0.124278784
9328,0.5726881,0.76816785,2.257869,0.13625656
9329,0.50476825,0.73642695,2.2167108,0.11323598
9330,0.54471385,0.75043553,2.1786714,0.15814751
9331,0.5854148,0.6852709,2.148063,0.0815269
9332,0.47990754,0.72209203,2.0867312,0.106222235
9333,0.62592554,0.6860112,2.1754513,0.04830277
9334,0.5909321,0.7589499,2.0257945,0.13978665
9335,0.6116821,0.7179795,2.115759,0.11590088
9336,0.70237035,0.68254304,2.3035834,0.10884828
9337,0.68092626,0.71405417,2.2873318,0.17652148
9338,0.7164396,0.7646539,2.222339,0.13647698
9339,0.6258054,0.8087167,2.347122,0.1318075
9340,0.5573965,0.7736999,2.1927614,0.101533316
9341,0.74463886,0.71289873,2.082204,0.18301292
9342,0.6445838,0.6441152,2.149616,0.11800831
9343,0.41205534,0.73357,2.1253333,0.1172491
9344,0.58855224,0.79912496,2.0907857,0.15596272
9345,0.64920723,0.74079245,2.0471983,0.1351252
9346,0.6242866,0.7635784,2.1227026,0.21166764
9347,0.6830292,0.71793264,2.2470758,0.15138638
9348,0.57706034,0.8029826,2.2227945,0.112280004
9349,0.63467973,0.7491234,2.1093729,0.1438304
9350,0.52143085,0.7098009,2.0734189,0.13087188
9351,0.512016,0.74764884,2.170545,0.12626241
9352,0.69144386,0.6862746,2.1396463,0.11895311
9353,0.5874201,0.7285738,2.0087214,0.16239417
9354,0.5135439,0.728929,2.0819812,0.096799925
9355,0.51387954,0.69350076,2.1212058,0.14714491
9356,0.60167783,0.7561007,2.3044872,0.13224788
9357,0.6091604,0.7043339,2.1040359,0.081194356
9358,0.5630515,0.7072182,2.1298006,0.11386014
9359,0.64362454,0.7829681,2.0111408,0.10136585
9360,0.5702302,0.7085234,2.0657156,0.13075937
9361,0.6366332,0.6579397,2.1360395,0.110759676
9362,0.61407304,0.70477134,1.974422,0.12926474
9363,0.5368673,0.7048345,2.1845155,0.098839805
9364,0.6901877,0.6915002,2.1235716,0.13591619
9365,0.6201948,0.79908377,2.3436177,0.12895218
9366,0.6690871,0.63660026,2.0550354,0.16841945
9367,0.54126894,0.7082544,1.9534011,0.049726106
9368,0.5360132,0.7226716,2.0616987,0.15901032
9369,0.59376645,0.68001974,2.094168,0.13704297
9370,0.54525906,0.846192,2.0181668,0.16566415
9371,0.57937694,0.71196604,2.0331254,0.12322317
9372,0.56576777,0.75202835,2.2074711,0.14309393
9373,0.66385233,0.6645797,2.062592,0.13167131
9374,0.5871687,0.70803434,2.2953136,0.18833862
9375,0.4868299,0.7729389,2.2926352,0.16007814
9376,0.45517135,0.74818116,2.2829967,0.14444001
9377,0.5085349,0.7147734,2.2255893,0.14351884
9378,0.5201369,0.6978772,2.132089,0.13610744
9379,0.5492094,0.695667,1.993187,0.16600437
9380,0.52353567,0.7448204,2.2780514,0.09566567
9381,0.6899087,0.65635896,2.0057046,0.1285806
9382,0.7017195,0.66623056,2.2906907,0.124402374
9383,0.6466756,0.6967559,2.0829592,0.09883439
9384,0.6081045,0.7369937,2.1643927,0.13829747
9385,0.7892294,0.6731082,2.4295387,0.18247692
9386,0.6188709,0.5865752,2.315357,0.093604825
9387,0.54833746,0.7851687,2.0707796,0.1460201
9388,0.73036754,0.74592376,2.003237,0.1284797
9389,0.6646219,0.6960366,2.1019619,0.11386157
9390,0.69280356,0.6931287,2.2651596,0.12549919
9391,0.52613646,0.64112324,2.0776372,0.1265986
9392,0.59467965,0.6467725,2.2093377,0.14924945
9393,0.7375987,0.7548698,2.1194813,0.19809915
9394,0.6387993,0.7173766,2.0981915,0.16511281
9395,0.56706417,0.7704469,2.191768,0.13159317
9396,0.44485852,0.7148695,2.1247706,0.11239356
9397,0.5424572,0.73660946,2.0636363,0.13246848
9398,0.7023176,0.6572403,2.1164575,0.15530878
9399,0.6207622,0.70100844,2.2593074,0.12790719
9400,0.59971356,0.701724,1.9465823,0.12877512
9401,0.6277365,0.7347072,2.274367,0.139202
9402,0.6681424,0.7529798,2.1176603,0.13485758
9403,0.5752146,0.7853956,2.1811595,0.13527708
9404,0.7039727,0.62950855,2.2535336,0.1362323
9405,0.60994387,0.7516235,2.3059845,0.13118762
9406,0.58713084,0.6893192,2.144768,0.0921031
9407,0.56435275,0.6741621,2.0212238,0.13416025
9408,0.55053604,0.72176373,2.341498,0.043612234
9409,0.60045844,0.7361993,2.2030895,0.16721262
9410,0.5255975,0.6837198,2.0015361,0.093317956
9411,0.6484031,0.69728065,2.0617912,0.19318512
9412,0.45801228,0.5816039,2.1484015,0.143912
9413,0.50107294,0.76294,2.0587301,0.14799148
9414,0.5911594,0.7449137,2.0188375,0.124988556
9415,0.6029301,0.75702375,2.2126448,0.14987312
9416,0.70953256,0.7564859,2.1316533,0.116867036
9417,0.5736352,0.76954705,2.2407546,0.14054619
9418,0.79389274,0.66711175,2.2497196,0.16797262
9419,0.50829834,0.7517664,1.9831834,0.17906527
9420,0.55046076,0.6273367,2.0717292,0.09917376
9421,0.59499097,0.7537802,2.2033188,0.18596065
9422,0.562585,0.73356754,2.0156019,0.15055107
9423,0.7149751,0.6617377,2.1996734,0.12781148
9424,0.6218182,0.73371226,2.0879686,0.16173989
9425,0.47233874,0.80301476,2.0848985,0.155949
9426,0.69364816,0.7835498,2.346314,0.1405313
9427,0.4873716,0.6605666,2.2022817,0.102631666
9428,0.6389013,0.73988456,2.2136087,0.12818916
9429,0.6535672,0.632523,2.1408236,0.14133269
9430,0.5810294,0.6953553,2.0388994,0.15657558
9431,0.69544935,0.66649836,2.2826784,0.14890091
9432,0.49283883,0.7887619,2.1132493,0.14376234
9433,0.54642874,0.7676434,2.0772688,0.17543714
9434,0.65219986,0.6852926,2.256342,0.073206946
9435,0.58042866,0.8158297,2.007461,0.217002
9436,0.69510514,0.71009326,2.1714718,0.15376878
9437,0.69094306,0.60523945,2.023483,0.13743743
9438,0.7140769,0.7161197,2.0133243,0.09804313
9439,0.5820658,0.6682274,2.2144377,0.095827036
9440,0.54873544,0.7002066,2.044101,0.1418184
9441,0.6989306,0.73882496,2.1022487,0.12458426
9442,0.6632034,0.7644181,2.0251741,0.12756762
9443,0.58381337,0.6984995,1.9980961,0.10439787
9444,0.5515546,0.72504026,2.2140012,0.13873804
9445,0.67389774,0.70795065,2.1875486,0.15114324
9446,0.49480549,0.71399605,2.1718326,0.09150493
9447,0.7105429,0.7268985,2.2486823,0.14717253
9448,0.53437716,0.7014,2.0053647,0.12830998
9449,0.6784372,0.6723897,2.078521,0.12773672
9450,0.60854596,0.72465736,2.1119487,0.11978214
9451,0.5769042,0.6355033,2.0709078,0.14973381
9452,0.5727641,0.7223517,2.087164,0.16656207
9453,0.4785909,0.7720145,1.9088736,0.15087545
9454,0.5203984,0.69538516,2.2134202,0.10986211
9455,0.56960374,0.6794329,2.2891767,0.10678253
9456,0.5546771,0.6887282,2.0277789,0.15023698
9457,0.6256916,0.6377612,2.0152476,0.14688344
9458,0.4956305,0.6617213,2.0191188,0.1383023
9459,0.7129342,0.64250654,2.1480687,0.11984765
9460,0.52032924,0.6655542,2.049569,0.13767508
9461,0.5809504,0.6882028,2.0548823,0.09682974
9462,0.5925407,0.7607412,2.0286298,0.1595748
9463,0.64676166,0.6664867,2.1650078,0.12942445
9464,0.71907115,0.7252099,2.2215538,0.12877809
9465,0.5878602,0.71420854,2.0826988,0.15733185
9466,0.6460823,0.6797266,2.2638006,0.17474994
9467,0.6375631,0.72057724,2.0617268,0.114353545
9468,0.66096556,0.67555547,2.115127,0.13149166
9469,0.6858626,0.75982374,2.0102398,0.17011482
9470,0.5369792,0.7566207,1.985723,0.16916443
9471,0.6453574,0.62726754,2.1823552,0.16348003
9472,0.6777875,0.7728397,2.2555583,0.18004715
9473,0.6067642,0.75617146,2.0385723,0.11595286
9474,0.53258055,0.8649039,2.0938475,0.1617007
9475,0.4382453,0.692432,1.9885619,0.13493092
9476,0.6589191,0.63488245,2.3041818,0.12637858
9477,0.6885939,0.7092496,2.1016867,0.118122205
9478,0.5129226,0.7740948,2.0988288,0.17969304
9479,0.6122746,0.7966881,2.1750221,0.10881119
9480,0.56242573,0.80418485,1.954166,0.12612079
9481,0.51316863,0.71159214,2.08704,0.114357784
9482,0.6069933,0.7006287,2.1601455,0.15903763
9483,0.44073617,0.71804935,2.0087006,0.15325597
9484,0.585168,0.6665495,2.167094,0.10973462
9485,0.5435003,0.7100258,2.0821338,0.13737485
9486,0.5623792,0.7189632,2.093139,0.16247126
9487,0.70383525,0.67652565,2.2146907,0.13824263
9488,0.5943807,0.75494504,2.1201386,0.16739507
9489,0.5847148,0.7449625,2.0782757,0.14496861
9490,0.5344783,0.7647223,2.1764665,0.14589916
9491,0.59118956,0.655792,2.1091921,0.10668614
9492,0.55622494,0.64336294,2.1139853,0.11528312
9493,0.6834452,0.7226115,2.200729,0.1721433
9494,0.5834653,0.64192677,1.8934556,0.15177007
9495,0.71550196,0.7243819,2.1240072,0.1578516
9496,0.5898612,0.612051,2.1405337,0.1724249
9497,0.64276844,0.77135485,2.0002756,0.20414878
9498,0.57990396,0.69317967,2.0022595,0.10457236
9499,0.6797933,0.6202266,2.182454,0.14022328
9500,0.5182295,0.7217586,2.3161294,0.099462084
9501,0.577621,0.66992617,2.2168078,0.1320895
9502,0.6473425,0.64864653,2.033195,0.13482656
9503,0.5361184,0.7504744,2.0940475,0.12811622
9504,0.568414,0.7304887,1.9920036,0.16777731
9505,0.6949797,0.70553035,2.2054417,0.18192624
9506,0.6169985,0.7553859,2.03781,0.11624598
9507,0.5960504,0.68000615,2.0723443,0.15796159
9508,0.5757414,0.6544833,2.0731928,0.12708978
9509,0.62803537,0.77954453,2.04749,0.18587793
9510,0.6443852,0.72733414,2.350194,0.11499115
9511,0.72177035,0.6616755,2.2074494,0.11510718
9512,0.6907122,0.71816736,2.022236,0.13434912
9513,0.6878213,0.63529664,2.1696665,0.113102295
9514,0.58875895,0.80099404,2.2443843,0.12133436
9515,0.5786206,0.7389267,2.1525912,0.1474154
9516,0.5224464,0.737491,2.1977606,0.09269166
9517,0.6306056,0.69787306,2.2395074,0.12752487
9518,0.65672153,0.6460691,2.1875336,0.14934443
9519,0.57043904,0.72767717,2.1483505,0.11715338
9520,0.66670597,0.7160553,2.1169932,0.13306013
9521,0.5542149,0.6907274,2.3353229,0.047736995
9522,0.556381,0.6663915,2.284943,0.14983538
9523,0.5640878,0.80952287,2.1184497,0.13453338
9524,0.7272351,0.7203664,2.1987484,0.15810463
9525,0.65630794,0.645677,2.1661687,0.14767514
9526,0.64955795,0.6696981,2.2909522,0.1422334
9527,0.58253837,0.67886204,2.353099,0.1559661
9528,0.6933789,0.7664589,1.9723425,0.1477346
9529,0.63903177,0.7299044,2.040613,0.13645153
9530,0.589288,0.70834315,2.1691039,0.16882108
9531,0.43163243,0.7364317,2.1984706,0.11336128
9532,0.6524952,0.6405288,2.2796462,0.15642565
9533,0.58321315,0.6588069,2.044906,0.16650659
9534,0.56510216,0.747492,2.0208323,0.18657933
9535,0.5370367,0.68148345,2.2825675,0.10335269
9536,0.68861324,0.75004345,2.1274073,0.13065137
9537,0.6397652,0.69740003,1.9826529,0.11652479
9538,0.6303959,0.7277798,2.1953814,0.19292131
9539,0.5904549,0.6651374,2.1598673,0.11921649
9540,0.6717799,0.6966301,1.9884921,0.17651886
9541,0.6793708,0.75345767,2.3995402,0.13887131
9542,0.57699686,0.66930103,2.1514423,0.16230683
9543,0.52310693,0.74456084,2.031839,0.089679316
9544,0.6620431,0.71893173,2.1687436,0.15196465
9545,0.6533907,0.7649677,2.0446477,0.13553703
9546,0.6814703,0.73693484,2.1422138,0.105090894
9547,0.53488064,0.7456057,2.1436267,0.119680054
9548,0.6996075,0.67965084,2.2030363,0.15337074
9549,0.4937983,0.80733526,2.1246645,0.19503564
9550,0.663154,0.7016405,2.201189,0.1569376
9551,0.5210573,0.7507348,2.1663778,0.1475362
9552,0.5589072,0.6993998,2.1384892,0.08692166
9553,0.6124752,0.7342782,2.0800493,0.079972155
9554,0.5653277,0.5582805,2.1631284,0.14059179
9555,0.47710896,0.68884265,2.079617,0.11866385
9556,0.695827,0.73982996,2.1971107,0.14860508
9557,0.5525251,0.75995374,2.1269155,0.122950085
9558,0.69881785,0.7498181,2.4863486,0.14204188
9559,0.5752614,0.72456604,1.9917058,0.1581998
9560,0.5898366,0.67984223,2.1632574,0.14250368
9561,0.47293937,0.63786274,1.9970024,0.11759387
9562,0.6583002,0.7378831,2.0376701,0.10285834
9563,0.75263447,0.67498934,2.1492581,0.13427545
9564,0.61250806,0.71668994,2.143849,0.15267684
9565,0.43611935,0.8157011,2.026521,0.10348221
9566,0.5514822,0.76071,2.0666049,0.084592804
9567,0.5171267,0.7079897,2.209998,0.14407457
9568,0.6427695,0.58659595,2.1627393,0.15555896
9569,0.58675987,0.7116622,2.017482,0.18766905
9570,0.66015685,0.84660846,2.173559,0.10995328
9571,0.64728606,0.67673534,2.1076665,0.1587942
9572,0.5944543,0.8774216,2.0922062,0.13539158
9573,0.6000743,0.6509083,2.333923,0.12921214
9574,0.58293164,0.653164,2.2854402,0.14588018
9575,0.5888155,0.62576616,2.1463156,0.14003311
9576,0.46234277,0.7589283,1.9868289,0.085508786
9577,0.54983747,0.80612713,2.10058,0.1194451
9578,0.6430674,0.75723565,2.2602808,0.08854316
9579,0.3915489,0.7344726,2.013349,0.14623053
9580,0.5277228,0.62602746,2.0609035,0.08128214
9581,0.5981276,0.6519889,2.1292589,0.11959004
9582,0.6856091,0.6312876,2.2751524,0.12864943
9583,0.59754837,0.712204,2.2025912,0.121345066
9584,0.5616079,0.7772414,2.206391,0.14415891
9585,0.52126133,0.78460884,1.9609005,0.10227037
9586,0.49865314,0.7575479,2.0866368,0.13538219
9587,0.57441723,0.6738498,2.286571,0.09331755
9588,0.7210959,0.61194927,2.093333,0.120544404
9589,0.6188871,0.71620643,2.061732,0.059816673
9590,0.5026317,0.8025691,2.175456,0.089036845
9591,0.46913925,0.85499746,2.2026381,0.13457699
9592,0.620979,0.6792667,2.1870437,0.15881579
9593,0.5945005,0.7666773,2.1009638,0.14424646
9594,0.5104109,0.8177569,2.0197575,0.12113597
9595,0.57710457,0.7203935,1.9913436,0.16778824
9596,0.471843,0.729609,2.1806214,0.1241721
9597,0.64243376,0.67904985,2.2132103,0.11156277
9598,0.55045545,0.79444295,2.1364202,0.1380628
9599,0.62669325,0.6386022,2.091807,0.076783344
9600,0.5318111,0.77343744,2.0569668,0.14114502
9601,0.62851804,0.7020038,2.0224297,0.16731627
9602,0.6011499,0.7329001,2.205626,0.12237457
9603,0.53670305,0.67158085,2.1371496,0.121684
9604,0.70792466,0.63715774,2.3172739,0.08634049
9605,0.5071797,0.7096209,2.2763422,0.10482054
9606,0.5839849,0.6962468,2.2236857,0.13914956
9607,0.5934934,0.779035,2.0331435,0.1198855
9608,0.53267896,0.74252146,1.9721452,0.1679447
9609,0.5635551,0.7904572,2.1334817,0.11398125
9610,0.45624077,0.7296812,1.9453886,0.17551516
9611,0.60414493,0.6504265,2.0717921,0.0786568
9612,0.6533178,0.6699247,2.1021278,0.13836114
9613,0.5993854,0.6671173,2.1453311,0.15019166
9614,0.49731463,0.7921896,2.1921074,0.15610333
9615,0.68155116,0.6729635,2.380748,0.16030237
9616,0.5797132,0.76519036,2.0831451,0.1348105
9617,0.4632064,0.67809147,2.0676956,0.14824784
9618,0.58903915,0.6941443,2.297101,0.122117065
9619,0.578963,0.6940443,2.0440912,0.11356613
9620,0.46337858,0.74463075,1.9669931,0.112601615
9621,0.7074367,0.7130507,2.184759,0.1311364
9622,0.5229448,0.70086235,2.0630932,0.11944325
9623,0.55761063,0.70678645,2.1355011,0.1239112
9624,0.64264303,0.72791344,2.3148253,0.1602243
9625,0.47069564,0.7215673,2.2070558,0.092130356
9626,0.574944,0.7293981,2.3031695,0.11712207
9627,0.640831,0.62764114,2.3116148,0.12916373
9628,0.6572105,0.71834016,2.1562777,0.16979758
9629,0.64514214,0.6302834,2.1524801,0.13115208
9630,0.6249257,0.69730675,2.1112006,0.17134784
9631,0.5993306,0.6872857,1.9062529,0.1365921
9632,0.6025739,0.71074677,2.2589872,0.12153209
9633,0.4713834,0.6988664,2.0899336,0.1111648
9634,0.6812644,0.5674983,2.2576404,0.14680786
9635,0.6085414,0.79215646,2.1997118,0.1590149
9636,0.6218933,0.7784107,2.295405,0.17755586
9637,0.55921626,0.6562099,2.0582519,0.13211869
9638,0.56660384,0.73011863,2.2181978,0.14721681
9639,0.664471,0.6653395,2.145969,0.107369296
9640,0.5791292,0.70427936,2.0802548,0.09006241
9641,0.54823846,0.72614175,2.0544188,0.13019508
9642,0.55524033,0.7242476,2.164914,0.15823965
9643,0.5459142,0.6762472,2.0535662,0.14889123
9644,0.64577097,0.6807647,2.3827598,0.15160441
9645,0.6297197,0.67340845,2.0250938,0.2318662
9646,0.46543652,0.7693195,2.137472,0.1557082
9647,0.50517094,0.75844723,2.086028,0.15794542
9648,0.6044131,0.7148687,1.9787955,0.19420986
9649,0.5654966,0.75782216,2.2771897,0.11271182
9650,0.574292,0.7568357,2.1906784,0.13665092
9651,0.549736,0.752964,2.0240972,0.21266639
9652,0.5244849,0.6859838,2.1085298,0.13749364
9653,0.5835693,0.6922558,2.2102602,0.15372568
9654,0.7183215,0.69752157,2.0549328,0.15752459
9655,0.5676889,0.7193254,1.9822043,0.14989495
9656,0.68540186,0.6716826,2.4031713,0.13238421
9657,0.5127455,0.72432226,2.167863,0.114645325
9658,0.6685546,0.72818816,2.2813954,0.14727488
9659,0.6516542,0.6982311,2.0106146,0.16575478
9660,0.5664611,0.8432173,2.190643,0.15859014
9661,0.5252885,0.79550934,2.1906343,0.18269196
9662,0.62959313,0.75559473,2.1158478,0.18278627
9663,0.63874197,0.6694738,2.0673163,0.1822533
9664,0.5351762,0.7454019,2.1971195,0.1400627
9665,0.4895722,0.74015796,2.0229154,0.13041937
9666,0.6188035,0.6487917,2.3015575,0.16442725
9667,0.5667692,0.7908653,2.2487745,0.108427845
9668,0.66420376,0.68423945,2.0665166,0.13765155
9669,0.60652685,0.7493872,2.2854965,0.15281837
9670,0.5422851,0.6637986,2.1809137,0.13877416
9671,0.52273524,0.65569156,2.147129,0.09928483
9672,0.46000242,0.75850415,2.1320748,0.14799501
9673,0.59133387,0.72557414,2.1797063,0.12481244
9674,0.68002886,0.6729344,2.25058,0.08893837
9675,0.5896886,0.7140521,2.1568892,0.17915305
9676,0.43934804,0.73002905,2.0986261,0.14387733
9677,0.69567394,0.61628926,2.0494478,0.12681378
9678,0.7066008,0.6927217,2.1835682,0.09794846
9679,0.7264838,0.81033224,2.229473,0.10590854
9680,0.68219495,0.74349767,2.116643,0.18433595
9681,0.6111073,0.5914497,2.0185206,0.2121189
9682,0.5615614,0.72877467,2.3130383,0.1561849
9683,0.5311367,0.8220041,2.2022097,0.13946919
9684,0.6201304,0.7064596,2.0879579,0.16654533
9685,0.6943977,0.68453795,2.2049963,0.1395683
9686,0.62510556,0.7532241,2.2015758,0.13543372
9687,0.6571383,0.7575893,2.0143113,0.1321466
9688,0.6459602,0.6976545,1.9704542,0.18419252
9689,0.5433032,0.66137314,2.1067371,0.110817716
9690,0.67221457,0.7869026,2.122817,0.18600926
9691,0.5703992,0.6009942,2.1131163,0.1545708
9692,0.7249037,0.67845416,2.168158,0.14494735
9693,0.5906349,0.69238746,2.0757124,0.10980365
9694,0.6507786,0.66337436,2.183957,0.09169473
9695,0.59940755,0.69707096,2.1810217,0.116546854
9696,0.5891503,0.7780707,2.2945957,0.08320706
9697,0.6171403,0.7765141,2.2341373,0.19057648
9698,0.66694736,0.75014985,2.1700761,0.11131815
9699,0.6697598,0.80856574,2.4092634,0.15901911
9700,0.6424779,0.7355517,2.364543,0.10894398
9701,0.5793704,0.72501016,2.1566129,0.19263719
9702,0.5164741,0.7623793,2.0528183,0.14734131
9703,0.63175374,0.7089695,2.1447215,0.11198402
9704,0.5518562,0.7056525,2.1193557,0.11332392
9705,0.63834924,0.6612453,2.2003305,0.14239225
9706,0.64739704,0.7136324,2.0022798,0.17857566
9707,0.584979,0.5923599,2.1325953,0.103705116
9708,0.50805324,0.7176957,2.0699575,0.12884381
9709,0.5369655,0.7710809,2.2143104,0.12366809
9710,0.6711835,0.7928521,2.413108,0.17909692
9711,0.530897,0.7334717,2.0965383,0.14617358
9712,0.69932467,0.70173967,2.0789742,0.15903597
9713,0.6073188,0.68032885,2.030796,0.09020797
9714,0.5996679,0.7227412,1.7205362,0.17598444
9715,0.5512274,0.7965655,2.153365,0.14374134
9716,0.48951325,0.6986822,2.1255999,0.09195379
9717,0.58083135,0.766516,2.0369866,0.12329736
9718,0.61460245,0.732109,2.1417959,0.11925505
9719,0.6044635,0.6186755,2.3372145,0.10221033
9720,0.64160407,0.8020347,2.1374702,0.12493688
9721,0.5718,0.70936155,2.0930166,0.117013775
9722,0.70000947,0.64854527,2.2682302,0.13538499
9723,0.7043478,0.6422418,2.3445477,0.13168447
9724,0.58621335,0.59746283,2.1704922,0.18341967
9725,0.6418315,0.73012924,2.2911847,0.112098634
9726,0.46991968,0.72165924,1.9829464,0.09443609
9727,0.6638015,0.67523026,2.172869,0.2002774
9728,0.62618965,0.63881594,2.182479,0.14317162
9729,0.695647,0.81975806,2.3040235,0.15281218
9730,0.61613554,0.70387346,2.2634318,0.14376739
9731,0.49695036,0.72502124,2.0507796,0.13841547
9732,0.6052693,0.7038701,2.0825114,0.20701024
9733,0.6226344,0.78506273,2.2688682,0.16222212
9734,0.7271604,0.6003001,2.1092196,0.19282539
9735,0.60499316,0.7122375,2.192464,0.15860803
9736,0.54542947,0.7487371,2.065433,0.12430629
9737,0.5435406,0.7130977,2.1037917,0.13869278
9738,0.5412077,0.73041195,1.9444577,0.16531946
9739,0.5654636,0.68082356,2.2305388,0.12029718
9740,0.5300442,0.73131746,2.1279712,0.122851275
9741,0.6417632,0.77578485,2.121315,0.09386931
9742,0.6647706,0.67893505,2.147718,0.1621356
9743,0.48813236,0.71475035,2.0505302,0.10667685
9744,0.52845085,0.6945831,2.0494683,0.116707705
9745,0.5974593,0.7016419,2.0397427,0.21327995
9746,0.57391953,0.64602095,2.1347182,0.12948722
9747,0.5712841,0.7178481,2.0796747,0.14301999
9748,0.547168,0.6673104,1.9980373,0.16109163
9749,0.70681584,0.74336684,2.2002432,0.09938048
9750,0.5594686,0.73553526,2.2213075,0.06745385
9751,0.48988688,0.7415346,1.9580314,0.066456914
9752,0.45662615,0.7140958,2.2749588,0.16290526
9753,0.5302521,0.6878015,2.322894,0.0961428
9754,0.49249753,0.69823045,1.9892727,0.13081717
9755,0.51149386,0.7312659,2.0888062,0.12544414
9756,0.46869755,0.6335836,2.036602,0.15935376
9757,0.59264725,0.7336855,2.3052306,0.14892755
9758,0.63307726,0.74932796,2.0119472,0.16947475
9759,0.51807404,0.7117466,2.134215,0.15509641
9760,0.5159605,0.70934546,2.1228988,0.1417525
9761,0.69742805,0.7147884,2.3087554,0.1372045
9762,0.5914366,0.68749994,2.2157388,0.16958345
9763,0.5539067,0.6283902,2.1247976,0.14039484
9764,0.6438116,0.62016255,1.9589108,0.14952461
9765,0.5916649,0.79193413,2.2192454,0.12872355
9766,0.56042916,0.6993509,2.0078995,0.11875157
9767,0.6609652,0.73788553,2.0341823,0.17891634
9768,0.6489463,0.726105,2.0154066,0.12762311
9769,0.6926097,0.77554244,2.1624067,0.1109124
9770,0.62529826,0.71213955,2.3367765,0.12852916
9771,0.5895382,0.597496,2.1708846,0.09280904
9772,0.65596473,0.7413129,1.9752666,0.11573867
9773,0.631588,0.69069874,2.2531404,0.15141171
9774,0.6636196,0.7258163,2.3747816,0.16702737
9775,0.71404785,0.6715978,2.3819063,0.10459716
9776,0.5248689,0.6661763,2.315956,0.15940186
9777,0.6134222,0.74835926,2.1081083,0.13916786
9778,0.60602736,0.7118098,2.33299,0.1280955
9779,0.43668473,0.6363227,2.0777106,0.056524396
9780,0.51302475,0.71289593,1.9696822,0.14385815
9781,0.7244267,0.69933414,2.2268326,0.15453075
9782,0.7081852,0.6404629,2.1926873,0.108278975
9783,0.60738254,0.6649278,2.1099014,0.14651276
9784,0.59125304,0.6953405,2.24977,0.09801468
9785,0.66881067,0.69808257,2.1987257,0.14127645
9786,0.60322326,0.7885757,2.1488376,0.14610866
9787,0.66271126,0.8275957,2.2667825,0.15411507
9788,0.5960267,0.7545669,2.091019,0.14494884
9789,0.482632,0.6840405,2.2608123,0.085270055
9790,0.62097454,0.7508201,2.0464382,0.13978519
9791,0.6098325,0.70164824,2.1317837,0.16305074
9792,0.56127226,0.7722275,2.1512074,0.115345255
9793,0.54917204,0.7046705,2.031327,0.09206129
9794,0.56520057,0.7464654,2.0364392,0.13313326
9795,0.6519224,0.72830683,2.0054069,0.09067811
9796,0.66375744,0.7194182,2.066222,0.14078133
9797,0.5674173,0.6571873,2.4214313,0.11222366
9798,0.3727393,0.63314706,2.1575325,0.16939822
9799,0.54642475,0.7312448,2.237358,0.17233193
9800,0.5952032,0.6468116,2.1347356,0.12912211
9801,0.62327474,0.7269107,2.067149,0.15066336
9802,0.55454,0.7196026,2.1745772,0.13409181
9803,0.46383312,0.6741896,2.1024327,0.127555
9804,0.68093354,0.77534235,2.2386687,0.16002414
9805,0.6213135,0.69645506,2.191189,0.1513749
9806,0.6113355,0.77876604,2.266426,0.14063159
9807,0.6189429,0.7952961,2.1489305,0.14224118
9808,0.6419241,0.7243809,2.1592908,0.13078345
9809,0.5294081,0.6900054,2.158861,0.1382893
9810,0.6666862,0.7130767,2.2154605,0.16877559
9811,0.5823453,0.7376637,2.2082794,0.1784482
9812,0.5700352,0.76474357,2.2550814,0.15078339
9813,0.64011395,0.67953324,2.0624235,0.1754894
9814,0.5964759,0.68186206,2.331079,0.14510778
9815,0.5679991,0.7399192,2.0583308,0.09599532
9816,0.5621961,0.73593944,2.102556,0.13720918
9817,0.60970825,0.6522828,2.034345,0.13040927
9818,0.58348155,0.6599685,2.2984374,0.13820074
9819,0.7110441,0.6464808,2.219731,0.09438444
9820,0.675463,0.6806286,2.2033634,0.10360452
9821,0.62286985,0.72052723,2.0596209,0.14650007
9822,0.6578753,0.88279194,2.0711515,0.09753021
9823,0.5590644,0.7302674,2.2028542,0.1067938
9824,0.5418535,0.63960123,2.1182566,0.1025269
9825,0.5125584,0.6943271,2.197023,0.122144505
9826,0.6531028,0.66963893,2.1931312,0.09625465
9827,0.70195365,0.7246443,2.276306,0.13686109
9828,0.5207777,0.7744063,2.1168613,0.13624705
9829,0.66191566,0.7229508,2.0837722,0.1356692
9830,0.6353373,0.73045576,1.9938797,0.16703519
9831,0.6323476,0.67543525,2.186045,0.14632398
9832,0.64789003,0.71572256,2.1746478,0.13764092
9833,0.5598114,0.7394851,2.2095213,0.12462704
9834,0.6664323,0.7429143,2.250177,0.13115415
9835,0.6288076,0.65046394,2.0509558,0.10821538
9836,0.62780917,0.72884184,2.062746,0.13096623
9837,0.63046795,0.59310114,2.0568004,0.1893477
9838,0.53259563,0.6632992,2.0994751,0.21319163
9839,0.67824286,0.75046307,2.217687,0.1359147
9840,0.49509606,0.7176539,2.0967743,0.11634594
9841,0.60964173,0.7225371,2.0303895,0.14162569
9842,0.697293,0.6878634,2.1934474,0.11040121
9843,0.6355963,0.72104806,1.9639217,0.14967723
9844,0.6407424,0.7386229,2.095943,0.16290155
9845,0.52268153,0.7572782,2.1349144,0.098626055
9846,0.6032314,0.8205557,2.2508833,0.110381834
9847,0.5921219,0.7542576,2.3476763,0.14323
9848,0.56723434,0.82888913,2.1254113,0.15124997
9849,0.67518646,0.65391475,2.1097813,0.10512307
9850,0.71521133,0.7088693,2.1459866,0.13171542
9851,0.6382613,0.6258176,2.0800261,0.1548268
9852,0.5567639,0.6889205,2.126214,0.10868191
9853,0.5572266,0.7697552,2.186883,0.13449442
9854,0.47260395,0.7462716,2.2391117,0.10777196
9855,0.61209255,0.7070451,2.2536685,0.11365971
9856,0.577165,0.71299005,2.163575,0.1265573
9857,0.701903,0.72551864,2.2776396,0.1731975
9858,0.5615823,0.77280515,2.1961517,0.099628
9859,0.5835714,0.7776173,2.0075126,0.15389746
9860,0.62873197,0.72334963,2.050747,0.13968751
9861,0.6067815,0.728928,2.309084,0.1605232
9862,0.5961145,0.82902867,1.9998013,0.16523331
9863,0.6328172,0.80768186,2.3485863,0.069463
9864,0.6683753,0.64961183,2.2817678,0.11374389
9865,0.55305785,0.71773213,1.9851731,0.114271805
9866,0.6745278,0.71246296,2.164722,0.1661722
9867,0.751909,0.71623856,2.3264375,0.16077214
9868,0.6294762,0.63610053,2.0157988,0.113948755
9869,0.6940677,0.7387793,2.1885145,0.14367421
9870,0.5136535,0.81188565,2.2602131,0.13498332
9871,0.7364071,0.76107466,2.10934,0.17439428
9872,0.6708726,0.62018806,2.2182324,0.1568944
9873,0.5814135,0.7443352,2.4310234,0.13356873
9874,0.7386041,0.7335411,2.4279103,0.1887762
9875,0.5742144,0.6754155,2.1513174,0.120721735
9876,0.56023943,0.6633444,2.0012848,0.07361614
9877,0.6028652,0.67352206,2.283335,0.20825018
9878,0.6125729,0.7789911,1.9607142,0.15419456
9879,0.51779485,0.78681487,2.098056,0.09949015
9880,0.6761207,0.6784942,2.0433807,0.13669015
9881,0.6591385,0.75054073,2.0773897,0.18238512
9882,0.5975576,0.72785485,2.106983,0.11708932
9883,0.42810646,0.72731274,2.044609,0.11936599
9884,0.7051012,0.75588113,1.9040856,0.16783968
9885,0.6400929,0.6633736,2.2501361,0.1054215
9886,0.6183417,0.75199723,2.1487725,0.09566758
9887,0.42881218,0.6745517,1.9563698,0.12922695
9888,0.557937,0.73303914,2.1746469,0.14713685
9889,0.54137206,0.62014604,1.9924924,0.10500035
9890,0.4905951,0.7388609,2.2107298,0.13054042
9891,0.5137993,0.7219261,2.2651134,0.15353452
9892,0.6384465,0.7364626,2.1136346,0.16562638
9893,0.5351596,0.7584749,2.0847113,0.11780361
9894,0.553605,0.71736425,2.1202512,0.16914113
9895,0.53770965,0.7091621,2.0492063,0.1134461
9896,0.66705793,0.66001356,2.327435,0.15561657
9897,0.5957244,0.68388486,2.0955062,0.114922225
9898,0.45131522,0.70684475,2.1114845,0.1696588
9899,0.5738392,0.7315501,2.1834638,0.13914932
9900,0.7037629,0.66952133,2.2905262,0.13499297
9901,0.5210875,0.7217222,2.0031703,0.15950912
9902,0.54995847,0.7644639,2.0943904,0.13272913
9903,0.6223659,0.7685865,2.3399155,0.14478754
9904,0.6020574,0.82213956,2.302869,0.15315343
9905,0.54286224,0.76314735,2.0109274,0.1521773
9906,0.59501296,0.7836054,2.188247,0.1338387
9907,0.6049582,0.7256442,2.12427,0.0919982
9908,0.49778724,0.75288916,2.018765,0.14217733
9909,0.515977,0.7629845,2.1381402,0.16892102
9910,0.67776334,0.68687224,1.9435041,0.16155134
9911,0.6582751,0.69635177,2.0394971,0.12165901
9912,0.6495003,0.5734128,2.1566002,0.12150701
9913,0.5527989,0.7441922,2.1234,0.15474522
9914,0.65177643,0.7149271,2.2770526,0.1442128
9915,0.5299738,0.73802906,2.097585,0.19211759
9916,0.61070967,0.71300536,2.02985,0.18521452
9917,0.6833631,0.670433,2.2624838,0.13640782
9918,0.58467215,0.6914161,2.2718768,0.07595391
9919,0.5842496,0.72016126,2.3447351,0.14763255
9920,0.5610628,0.74727386,1.8908048,0.1455443
9921,0.5431267,0.8145332,2.4166129,0.1298114
9922,0.7125757,0.6541721,2.0626535,0.15159957
9923,0.6422279,0.6479997,2.3195431,0.118525796
9924,0.47690913,0.6841125,2.0635736,0.07011732
9925,0.66984946,0.75146955,2.130602,0.16729565
9926,0.4950969,0.72150266,2.114409,0.14251958
9927,0.5463005,0.757501,2.065159,0.14837903
9928,0.6200747,0.74226624,2.0453312,0.12486306
9929,0.57455486,0.6766291,2.0388145,0.04287079
9930,0.61841977,0.767134,2.1216931,0.12778024
9931,0.589237,0.7788291,2.0080068,0.13603356
9932,0.6446407,0.706597,2.060016,0.13586573
9933,0.5737573,0.7686904,1.915068,0.11745128
9934,0.64772576,0.76483643,2.1332014,0.07299708
9935,0.6104032,0.64971185,2.1544464,0.106418975
9936,0.4923744,0.7262881,2.0444999,0.15601432
9937,0.6557458,0.64060694,2.2273529,0.13782403
9938,0.50236243,0.7589068,2.085041,0.18219171
9939,0.62019247,0.6761215,2.394947,0.14446187
9940,0.46436223,0.74191004,2.1023984,0.11352765
9941,0.6080976,0.6702727,2.0705194,0.18915664
9942,0.61833507,0.7632434,2.037254,0.15093496
9943,0.594411,0.7094927,2.032681,0.12226099
9944,0.6320703,0.6879846,2.0217326,0.19695027
9945,0.52031803,0.71844196,2.098824,0.15946694
9946,0.53952897,0.79200274,1.9756413,0.077794015
9947,0.6102775,0.7637197,2.063858,0.063802674
9948,0.6337953,0.7086819,2.2152023,0.14211576
9949,0.56113935,0.75244963,2.1034243,0.16906889
9950,0.4606672,0.7035543,2.0728662,0.058304258
9951,0.6430908,0.69249344,2.2255166,0.12325169
9952,0.5758398,0.72048855,2.3589237,0.15902227
9953,0.5975654,0.7138085,2.1401565,0.12760226
9954,0.7410953,0.67887425,2.1666777,0.13833807
9955,0.634765,0.8135265,2.0028467,0.12555303
9956,0.6180249,0.63311,2.114042,0.07603748
9957,0.53846824,0.74790835,2.2266467,0.08845975
9958,0.67223316,0.7302847,2.1496394,0.14415833
9959,0.55673116,0.73334664,2.0674305,0.13634044
9960,0.6375682,0.7078663,2.2422001,0.15804525
9961,0.64632136,0.7161145,2.3804357,0.0746552
9962,0.5497346,0.7770658,2.1745412,0.10150767
9963,0.6141303,0.7015535,2.229432,0.12284524
9964,0.5438525,0.7250385,2.0618165,0.11358719
9965,0.5355171,0.63735193,2.2770712,0.09001863
9966,0.62156254,0.73391485,2.2802134,0.10769425
9967,0.6747512,0.8279746,1.9796052,0.117866695
9968,0.685357,0.72487724,2.274049,0.11635091
9969,0.6134385,0.7022163,2.141829,0.10059347
9970,0.62196296,0.6099427,1.8832517,0.12505367
9971,0.5433857,0.7565521,2.0927029,0.12678197
9972,0.6464937,0.7297929,2.2236474,0.12740445
9973,0.6034094,0.7348247,2.3218536,0.12836888
9974,0.48168954,0.7625084,2.12962,0.16355214
9975,0.69576967,0.76120085,2.2893684,0.1900267
9976,0.52220666,0.70343226,2.0721095,0.09989452
9977,0.5397556,0.7439998,1.9462967,0.1551486
9978,0.58839303,0.7519976,2.2930887,0.13362591
9979,0.47993088,0.7406034,2.0932584,0.1481894
9980,0.60137725,0.70343405,2.085291,0.13299984
9981,0.6383592,0.71211636,2.0601869,0.13454248
9982,0.69779164,0.6702689,2.0441606,0.14756544
9983,0.70111364,0.6346298,2.2013597,0.13389231
9984,0.709206,0.6975296,2.043995,0.18408498
9985,0.5669273,0.7201298,2.1145515,0.13277867
9986,0.581791,0.5882163,2.0679975,0.122185774
9987,0.5676186,0.7535425,2.0031145,0.14455497
9988,0.60514295,0.73809725,2.201334,0.17991015
9989,0.6273596,0.7778825,2.2503266,0.16409594
9990,0.6502657,0.60957736,2.104576,0.12694572
9991,0.61272573,0.72448313,2.0795674,0.14908376
9992,0.6421942,0.79850775,2.3597548,0.15760452
9993,0.709592,0.7178246,2.4338415,0.112117805
9994,0.4706253,0.7246738,2.1753478,0.1662078
9995,0.63625157,0.7025253,2.0909178,0.07731137
9996,0.5231277,0.7234748,2.1174917,0.1373645
9997,0.5529239,0.763748,2.0865085,0.13696449
9998,0.6422675,0.7532242,2.317191,0.19518678
9999,0.5135043,0.6533431,2.193665,0.05895359
