,posterior_g1,posterior_g2,posterior_phi,posterior_sigma,posterior_beta3,posterior_rho
0,2.2140083,0.1321661,0.85,0.015255927108228207,3.1715434,2.4212756
1,2.2082415,0.095352195,0.5392512083053589,0.05,3.9139519,1.8655438
2,2.176931,0.13149144,0.7774775624275208,0.026133934035897255,3.9685187,2.0050085
3,2.142042,0.106834665,0.8046783804893494,0.022177761420607567,4.6627183,1.6171587
4,2.2045505,0.120780125,0.85,0.05,3.367023,2.5369363
5,2.2141907,0.12003895,0.85,0.026555396616458893,3.4991238,2.6596124
6,2.213595,0.0984766,0.85,0.05,3.342245,2.697936
7,2.2228804,0.13511944,0.8210515379905701,0.03226981684565544,3.105106,2.4967322
8,2.146195,0.10546648,0.85,0.0012785977451130748,4.8787627,1.4925303
9,2.2443192,0.05288041,0.8305896520614624,0.05,3.1493454,2.6062489
10,2.2113767,0.1366852,0.85,0.05,3.2656233,2.219899
11,2.1986325,0.084618054,0.85,0.016386454924941063,4.3776264,1.7828424
12,2.2979546,0.15200154,0.6627992391586304,0.039959169924259186,2.253841,2.5666182
13,2.2195714,0.08514503,0.85,0.01573924534022808,3.525206,2.4044406
14,2.1956084,0.059477177,0.8264225721359253,0.018049823120236397,3.926813,1.8958876
15,2.1484516,0.089442246,0.85,0.013156570494174957,4.8244047,1.9265795
16,2.219363,0.13860853,0.85,0.023859091103076935,2.919965,2.6002593
17,2.245971,0.07893236,0.85,0.05,3.089282,2.4543307
18,2.1860821,0.09904041,0.85,0.015257422812283039,3.827021,2.3828673
19,2.140388,0.12256317,0.757198691368103,0.04939466714859009,4.1670427,1.7620333
20,2.1967976,0.15518683,0.85,0.05,2.8318663,2.3111925
21,2.1300874,0.0794774,0.8054457306861877,0.052033040672540665,5.0115266,1.7529908
22,2.2136729,0.17908575,0.85,0.02502441592514515,2.9832435,2.523646
23,2.1991427,0.090437114,0.683948814868927,0.017911015078425407,3.4341705,2.1555398
24,2.195532,0.14020896,0.85,0.006515115965157747,3.2503254,2.2447252
25,2.2844439,0.12298581,0.8158944845199585,0.050187915563583374,2.4514315,2.6788743
26,2.1903675,0.100730635,0.85,0.05,3.394424,1.7939433
27,2.164468,0.13538837,0.8203391432762146,0.04652615264058113,4.1509013,2.1628284
28,2.1974647,0.14558288,0.85,0.008577562868595123,3.0874453,2.4014287
29,2.1805186,0.14499614,0.7760541439056396,0.06300843507051468,4.33639,1.9119148
30,2.1809876,0.073006324,0.85,0.05,3.9741597,1.7426498
31,2.1244736,0.10110111,0.85,0.05,3.4986002,1.3314344
32,2.11983,0.133254,0.8450883626937866,0.05,4.5998487,1.6920977
33,2.2036273,0.13929757,0.8354367017745972,0.01998496614396572,3.1763887,2.5017443
34,2.2526352,0.117688,0.7136849761009216,0.04439268633723259,2.5842268,2.580316
35,2.120369,0.1488809,0.8040251731872559,0.010116991586983204,4.822847,1.6124644
36,2.18991,0.14727071,0.8398053050041199,0.02124221995472908,3.4353626,1.8167338
37,2.2515135,0.07926551,0.85,0.05,3.1760113,2.4129903
38,2.2000282,0.103091836,0.85,0.05,3.4802635,2.0862753
39,2.249005,0.11870099,0.5175977349281311,0.07568179816007614,2.6998062,2.8213053
40,2.301697,0.089851595,0.8465752005577087,0.040650319308042526,2.3697498,2.7927907
41,2.1336281,0.10725602,0.8094984889030457,0.05169334635138512,4.5037837,1.73207
42,2.1745603,0.073476315,0.8028155565261841,0.04098329693078995,4.419918,2.1200857
43,2.1559906,0.16443904,0.8379606604576111,0.05,3.908746,2.3547359
44,2.162555,0.13079472,0.44393014907836914,0.05,3.8233035,1.6784347
45,2.2826662,0.08647501,0.85,0.03286220133304596,2.4100523,2.53917
46,2.2032096,0.13741979,0.7923519015312195,0.010925100184977055,3.0662663,2.609276
47,2.1434596,0.14607184,0.85,0.05,4.5136585,2.0072086
48,2.2392917,0.07788178,0.830742359161377,0.02866029366850853,3.262657,2.50208
49,2.209949,0.13096283,0.85,0.05,3.7475047,2.3102572
50,2.2230422,0.11436327,0.85,0.05,3.3588657,2.3467484
51,2.285478,0.08557129,0.42024198174476624,0.03386308252811432,2.8059075,2.617311
52,2.222603,0.11134307,0.85,0.05,3.4380536,2.6102858
53,2.152681,0.1214336,0.7512408494949341,0.023039499297738075,4.961904,1.9087824
54,2.2332845,0.124161944,0.8069563508033752,0.05,3.095701,2.4342077
55,2.1984928,0.11658353,0.85,0.05,3.7580976,2.1756861
56,2.1920738,0.14322437,0.85,0.05,3.9236512,1.8520882
57,2.1902392,0.15168172,0.5853888988494873,0.05,3.643115,2.199609
58,2.1832035,0.12938897,0.8339815139770508,0.046347521245479584,4.415689,2.2320452
59,2.1769261,0.09088095,0.85,0.05,4.7174044,1.9594476
60,2.1564693,0.13935927,0.85,0.05,3.737334,2.1060042
61,2.2534251,0.12999997,0.8162909746170044,0.04533807560801506,2.5302691,2.744643
62,2.1761677,0.20467499,0.85,0.05,3.6997714,2.2929537
63,2.1281729,0.09544475,0.85,0.021783549338579178,4.887731,1.7736772
64,2.0940711,0.067407936,0.85,0.017064768821001053,5.821272,1.4502707
65,2.1276734,0.067118764,0.85,0.05,5.100205,1.6152718
66,2.0846696,0.154721,0.85,0.05,5.1080256,1.6122938
67,2.205363,0.1591784,0.85,0.04550264775753021,3.2373822,2.8468318
68,2.1278048,0.079304166,0.85,0.017983028665184975,5.20694,1.765293
69,2.1223736,0.09162411,0.85,0.008700708858668804,4.611338,2.0087996
70,2.1616054,0.12011815,0.6824347376823425,0.024594655260443687,4.215547,2.0270314
71,2.1856494,0.11419179,0.85,0.016028694808483124,3.4174147,1.8850582
72,2.2288358,0.119494855,0.8277003765106201,0.024185683578252792,3.1142788,2.1767337
73,2.2336032,0.13082957,0.8331997990608215,0.02168615348637104,3.3253272,2.3701196
74,2.2661893,0.091885254,0.6691076159477234,0.04188070073723793,2.295033,2.0973957
75,2.203036,0.12582697,0.85,0.05,3.4994507,2.2363288
76,2.1701577,0.14597017,0.7545046806335449,0.05,3.6851194,2.0809636
77,2.2168076,0.13905396,0.85,0.05,3.7443967,2.0959852
78,2.2408352,0.10537811,0.7190089821815491,0.03375515714287758,2.9880447,2.7673352
79,2.1406293,0.12459699,0.8268144130706787,0.05171041190624237,4.823738,2.3019283
80,2.1656227,0.10386131,0.85,0.005098145455121994,4.655548,2.0797286
81,2.2234697,0.11418524,0.36012983322143555,0.06622671335935593,2.9825113,2.3505833
82,2.2905421,0.09920739,0.6875874996185303,0.0741545781493187,2.0715685,2.3547413
83,2.133845,0.12811495,0.85,0.05,4.447823,2.544447
84,2.2657542,0.100260876,0.8186190128326416,0.05,2.610917,2.5846279
85,2.1711102,0.110336654,0.6592649221420288,0.05983521789312363,4.0520115,2.9053879
86,2.158072,0.15357341,0.6234080195426941,0.05,4.2501483,2.5208879
87,2.1662588,0.11573904,0.85,0.05,4.3215866,2.4676542
88,2.2079127,0.08872432,0.793053150177002,0.033740732818841934,3.4358442,2.6099427
89,2.1770346,0.111862786,0.85,0.05,3.8943188,2.720911
90,2.196782,0.16827086,0.8068477511405945,0.028263019397854805,3.2052252,2.4045403
91,2.2431493,0.10693292,0.85,0.014005918055772781,2.69024,2.2502072
92,2.1815553,0.17258368,0.8377336859703064,0.03938432037830353,3.3647575,2.502133
93,2.152383,0.18462813,0.834869384765625,0.025304580107331276,3.7648642,2.0976465
94,2.1811075,0.10770927,0.8478333353996277,0.014558101072907448,4.4206095,1.9146127
95,2.1373873,0.15190214,0.85,0.013433256186544895,4.5488296,2.231677
96,2.1876836,0.11325308,0.6910479664802551,0.003945970442146063,3.6354005,2.6233356
97,2.220904,0.13286562,0.85,0.05,3.1372466,2.6325204
98,2.2600486,0.10451956,0.8484253287315369,0.03372205048799515,2.6459942,2.4317875
99,2.2220218,0.08651711,0.8067499399185181,0.05,3.7314968,1.9336404
100,2.269663,0.08742425,0.85,0.008329475298523903,2.411887,2.509839
101,2.12322,0.15809572,0.8316323161125183,0.05,3.9725342,1.7767701
102,2.1493216,0.110836245,0.85,0.024179155007004738,4.554469,1.7678872
103,2.2518985,0.16077249,0.8155429363250732,0.04506014660000801,2.251239,2.5521898
104,2.1231084,0.10174229,0.85,0.006153947673738003,5.0846653,1.4470656
105,2.2281444,0.1346357,0.8479449152946472,0.03227216377854347,2.893503,2.6258142
106,2.1433513,0.10904142,0.85,0.05,5.1006465,1.5255731
107,2.1687725,0.14193447,0.5968025326728821,0.033193476498126984,3.504144,2.0349388
108,2.1976156,0.14004734,0.8193787932395935,0.04504033178091049,3.1947691,2.2467108
109,2.1427503,0.101093225,0.8285791873931885,0.05,4.7243295,1.6433988
110,2.1600046,0.14432515,0.85,0.05,3.7914324,1.8991424
111,2.237556,0.1236639,0.85,0.020223397761583328,2.715886,2.77365
112,2.1190224,0.107515514,0.8319556713104248,0.05,5.2223263,1.5736369
113,2.157345,0.19112036,0.85,0.05,4.2266364,2.5338726
114,2.284036,0.085075036,0.1780480146408081,0.061909712851047516,2.6655924,2.4885914
115,2.167866,0.10973659,0.7057753205299377,0.04513128474354744,4.2063494,2.2611322
116,2.1869893,0.113022186,0.45484092831611633,0.04933134466409683,4.085562,2.1002796
117,2.2636979,0.08819462,0.8356369137763977,0.05,2.5746684,2.788664
118,2.1208153,0.12794094,0.6094746589660645,0.03930988535284996,4.8041005,1.5313177
119,2.1565862,0.13482197,0.789867639541626,0.05,4.005053,1.96956
120,2.2016404,0.09455136,0.85,0.05,4.0913596,1.8128453
121,2.1348221,0.1126647,0.85,0.030439365655183792,4.450386,2.1336346
122,2.154147,0.14616399,0.8246181011199951,0.025138026103377342,4.157324,2.230828
123,2.1451995,0.23070665,0.8132032155990601,0.05,3.728679,2.431565
124,2.1726422,0.10559855,0.85,0.05,3.8856254,1.6926281
125,2.2412672,0.09801983,0.8215441107749939,0.030260391533374786,2.791656,2.5596046
126,2.1975482,0.10559486,0.7075612545013428,0.038097530603408813,3.1336293,1.8796139
127,2.1831036,0.13972344,0.85,0.05,3.6235776,2.1191761
128,2.2192554,0.07021387,0.7207667827606201,0.025019647553563118,3.5109372,2.3471634
129,2.2478857,0.1522601,0.5215608477592468,0.03287733346223831,2.3081934,2.2933862
130,2.234589,0.17304656,0.85,0.05,2.679507,2.6268911
131,2.1771615,0.13390537,0.8392900824546814,0.05,3.929066,2.1786077
132,2.2052493,0.11573078,0.85,0.010302279144525528,3.4521353,2.2015471
133,2.1661503,0.06937903,0.85,0.026691369712352753,4.5720096,2.1207922
134,2.0594385,0.1156675,0.85,0.018569685518741608,6.4009786,1.1919211
135,2.1126518,0.15606238,0.8220971822738647,0.03305058181285858,4.929853,1.5396861
136,2.1707861,0.09983658,0.85,0.021970240399241447,4.518519,1.912213
137,2.20579,0.18212643,0.85,0.05,2.673027,2.2041833
138,2.1628602,0.1377088,0.831899106502533,0.05,4.3310857,1.8841609
139,2.173362,0.13114946,0.85,0.02466958947479725,4.2053003,2.2521837
140,2.1894286,0.11132333,0.7579823732376099,0.05,3.9993088,2.097939
141,2.2858727,0.05299198,0.5838251113891602,0.0638727992773056,2.8064702,2.17501
142,2.2114532,0.07472262,0.85,0.035864464938640594,3.7956762,2.2797406
143,2.2153049,0.06954905,0.85,0.027751166373491287,3.9044883,2.571722
144,2.163272,0.088770755,0.85,0.05,4.1834574,2.1340954
145,2.127425,0.16383065,0.5790235996246338,0.05,4.1779795,2.1346495
146,2.234062,0.14944158,0.8205119371414185,0.05,2.627241,2.453188
147,2.1170638,0.13275573,0.8260930180549622,0.035211749374866486,5.0699534,1.6326872
148,2.1855016,0.12658249,0.85,0.05,3.6770172,2.13579
149,2.2010763,0.109634586,0.85,0.05,3.951106,2.0023212
150,2.164143,0.15233727,0.809486448764801,0.05,4.4320555,2.315751
151,2.1782281,0.11753368,0.85,0.029384277760982513,4.4113216,2.0585778
152,1.9376329,0.15397125,0.8229778409004211,0.12081608921289444,13.26974,1.2532007
153,2.2430193,0.10643527,0.8478853702545166,0.014970752410590649,2.7971964,2.9073033
154,2.173267,0.14602979,0.8290227651596069,0.017582733184099197,3.908639,2.2052298
155,2.1894176,0.119025715,0.6525358557701111,0.009245496243238449,3.3256617,2.3368332
156,2.1937363,0.14104488,0.85,0.05,3.5198252,2.6153972
157,2.2317674,0.11109998,0.85,0.02678484469652176,3.2080908,2.444982
158,2.079246,0.17693107,0.8302614092826843,0.01467176154255867,4.741131,1.2961226
159,2.1642234,0.08473473,0.8335069417953491,0.02575121819972992,4.4189878,1.8103888
160,2.204581,0.13056394,0.85,0.05,3.392281,2.1821294
161,2.2685072,0.13627063,0.7429140210151672,0.01884022168815136,2.0984411,2.3576655
162,2.13738,0.12875687,0.85,0.05,4.8827705,1.7800883
163,2.1460645,0.09886667,0.8005504012107849,0.03595676273107529,4.5214176,1.7624683
164,2.206813,0.1576805,0.85,0.02975364960730076,3.512667,2.5528212
165,2.1849074,0.14831889,0.85,0.05,4.0993385,1.8225093
166,2.2252576,0.1084845,0.85,0.03124413639307022,3.200173,2.230304
167,2.2050343,0.11615336,0.8126372694969177,0.06306199729442596,3.3634133,2.8907163
168,2.1345603,0.14002813,0.85,0.016172928735613823,4.4708843,1.8636789
169,2.1809509,0.13670988,0.27957507967948914,0.016586216166615486,3.8733838,2.1651418
170,2.1475487,0.089364946,0.85,0.05,4.5888815,1.6470407
171,2.1794055,0.08896149,0.8304284811019897,0.022740166634321213,3.9007645,1.9104735
172,2.1613986,0.13328871,0.17266114056110382,0.04542943090200424,4.1610785,2.2799795
173,2.17071,0.08603458,0.785638689994812,0.033456988632678986,4.520501,2.2743962
174,2.1601474,0.14006697,0.85,0.05,4.027462,1.8665963
175,2.1403537,0.11441772,0.8147942423820496,0.030614644289016724,4.31595,1.5817901
176,2.0846157,0.07383875,0.8369963765144348,0.02738138660788536,5.9794846,1.296845
177,2.2118182,0.114042565,0.23959122598171234,0.03242344409227371,3.0641475,2.7870326
178,2.167698,0.1519702,0.7685911655426025,0.05,3.5135207,1.8819252
179,2.1889806,0.12943666,0.85,0.041399773210287094,3.6893969,2.2948148
180,2.288293,0.073758155,0.7462498545646667,0.029557587578892708,2.5067282,2.547024
181,2.136282,0.13232024,0.85,0.0029088088776916265,4.796966,1.5560709
182,2.210876,0.123318754,0.83509361743927,0.04135385900735855,3.166648,2.7242746
183,2.1747484,0.13807547,0.85,0.05,3.4232278,2.1027188
184,2.1816232,0.14807808,0.85,0.05,3.5884748,2.5212185
185,2.1772983,0.08028607,0.8245445489883423,0.05,4.7016273,1.8445152
186,2.2502892,0.062663786,0.8467020392417908,0.03322013467550278,3.1687548,2.374382
187,2.1817439,0.10525414,0.5644090175628662,0.03977625444531441,4.027796,1.7468272
188,2.1727903,0.12335417,0.85,0.05,4.1424956,1.7834707
189,2.0805404,0.1372999,0.85,0.05,5.6146894,1.5286546
190,2.123249,0.17161424,0.85,0.05,4.3774414,1.7033119
191,2.1774285,0.12167752,0.7908092737197876,0.05,3.8392756,1.9837116
192,2.1547375,0.12686709,0.8302947878837585,0.05,4.7295275,1.753887
193,2.1940005,0.16413763,0.85,0.05,3.1485426,1.9763103
194,2.1643713,0.11743893,0.8060493469238281,0.05616983398795128,3.7109208,2.3977716
195,2.0590453,0.16012038,0.85,0.02939540147781372,6.1594343,1.5338053
196,2.1663492,0.08363265,0.7989930510520935,0.04636060819029808,4.5163074,1.9828001
197,2.0866823,0.14709991,0.85,0.05,5.1793294,1.5764205
198,2.2367685,0.17272928,0.8172867298126221,0.025929583236575127,2.5969522,2.504739
199,2.0822375,0.13579199,0.8313878178596497,0.031406473368406296,5.3468246,1.4709662
200,2.1955824,0.19162606,0.840821385383606,0.019234584644436836,2.822766,2.2692595
201,2.2254395,0.12559709,0.8351224064826965,0.038649238646030426,3.165094,2.3108258
202,2.0776193,0.17420241,0.85,0.05,5.116418,1.4758933
203,2.1844122,0.16011417,0.85,0.05,3.144433,2.7429986
204,2.2227309,0.11623676,0.8348522186279297,0.030579382553696632,3.1098633,2.3543398
205,2.235569,0.15590663,0.85,0.03440975397825241,2.961446,2.6928923
206,2.2593572,0.13589579,0.5527936816215515,0.0911552682518959,2.61939,2.4757643
207,2.2111566,0.06029726,0.4234617352485657,0.06462129205465317,3.332534,2.2722409
208,2.2007136,0.14308532,0.6746010184288025,0.04381018131971359,4.0201216,2.3200552
209,2.1598868,0.13521424,0.6031716465950012,0.02912011183798313,3.973652,2.2364194
210,2.2245693,0.198167,0.85,0.03704877197742462,2.6273825,2.6521788
211,2.2216604,0.100161456,0.7144871354103088,0.05,3.1499772,2.5068362
212,2.2224422,0.13634153,0.8028795719146729,0.05,2.6383867,2.2674725
213,2.1964307,0.15028304,0.85,0.05,3.1179965,2.3357959
214,2.139902,0.08863425,0.85,0.05,4.922017,1.6693451
215,2.1755006,0.1253697,0.8389565944671631,0.05,3.8860407,1.8649994
216,2.1828349,0.15642281,0.8356396555900574,0.011670336127281189,3.8718026,2.2085376
217,2.1340802,0.08232524,0.8105593323707581,0.0433664470911026,4.4546857,1.7526807
218,2.2174938,0.12709783,0.2687448263168335,0.05744501203298569,3.129422,2.4783626
219,2.1457443,0.08943159,0.8229798674583435,0.019821032881736755,3.8834016,1.8682334
220,2.2017007,0.11718295,0.85,0.02086148038506508,3.5581794,2.8420324
221,2.194609,0.12426792,0.85,0.05,3.820072,2.4657905
222,2.2931457,0.0734764,0.392977774143219,0.03170686215162277,2.2488236,2.7531338
223,2.1803067,0.13461392,0.8263226747512817,0.020863935351371765,3.4543176,2.2367387
224,2.1622276,0.11949125,0.85,0.0351678840816021,4.342882,2.5280473
225,2.2137263,0.15750249,0.85,0.05,3.2506256,2.3069017
226,2.2073607,0.08691922,0.8208894729614258,0.051624055951833725,3.994311,2.2053747
227,2.1975515,0.13717909,0.8492193818092346,0.028331667184829712,3.7274637,2.2147593
228,2.1161337,0.12283913,0.85,0.05,4.650189,1.3547405
229,2.2044892,0.08598279,0.8144193291664124,0.05,4.0857315,2.103016
230,2.152431,0.039396055,0.85,0.05,5.0996003,1.2776656
231,2.224203,0.1007008,0.85,0.011233381927013397,3.464473,2.071452
232,2.1479557,0.13789965,0.85,0.05,4.101146,1.6461014
233,2.2252414,0.10008169,0.85,0.05,3.453252,2.5835018
234,2.2932322,0.087797806,0.22056642174720764,0.050435349345207214,2.093619,2.2512329
235,2.162333,0.11841188,0.8356644511222839,0.05,4.389275,2.3022883
236,2.1473293,0.1336199,0.8377687335014343,0.011517705395817757,3.9102993,2.0319045
237,2.1648757,0.12947096,0.85,0.05,4.075608,2.1060908
238,2.252277,0.11180702,0.7734468579292297,0.0700429379940033,3.008903,2.679202
239,2.1841636,0.09842695,0.85,0.05,3.9957943,1.9560523
240,2.2383237,0.16571127,0.8259320855140686,0.05,2.4799592,2.2622194
241,2.1389415,0.19214147,0.85,0.036327481269836426,4.163383,2.57939
242,2.1854665,0.16724017,0.85,0.05,3.764549,2.0585363
243,2.183227,0.12814543,0.8312966227531433,0.0051425849087536335,3.8110275,2.6154258
244,2.1607587,0.14923689,0.85,0.05,4.376605,1.6090746
245,2.180523,0.13770488,0.85,0.014721225947141647,4.14786,2.3861108
246,2.1810193,0.07131885,0.8461349010467529,0.01793098822236061,4.4199805,1.8493497
247,2.1762333,0.11130899,0.85,0.05,4.139439,2.132179
248,2.1899588,0.11341261,0.8191506266593933,0.05,4.2731695,1.9680023
249,2.161937,0.11598092,0.85,0.05,4.549568,1.9354255
250,2.178303,0.10406853,0.85,0.036168623715639114,4.624335,1.8332901
251,2.21586,0.025739903,0.81573885679245,0.049964286386966705,4.3232245,2.006121
252,2.0807252,0.17793432,0.8293637633323669,0.03461826220154762,5.529916,1.4973651
253,2.1115735,0.101168066,0.8354352116584778,0.0003340653784107417,5.0623565,1.4558219
254,2.2289243,0.12666751,0.7851033806800842,0.02405381202697754,2.5532558,2.8206375
255,2.121014,0.1783687,0.8337724804878235,0.05,4.702477,1.7976751
256,2.1325927,0.16702427,0.6488056182861328,0.003324860241264105,4.238048,1.8283728
257,2.1677957,0.08048907,0.85,0.05,4.735773,1.8352501
258,2.2133145,0.17453696,0.669958770275116,0.04896755516529083,3.0086374,2.481607
259,2.1277847,0.12281743,0.6050435900688171,0.0010292002698406577,4.556214,1.869518
260,2.2071042,0.18722351,0.80230712890625,0.016891829669475555,3.075575,2.3579605
261,2.1600676,0.15884994,0.85,0.05,3.8978999,1.76753
262,2.1981022,0.13451657,0.85,0.02774847485125065,3.5293708,2.3613675
263,2.2324011,0.23955956,0.85,0.040369052439928055,2.3917592,2.3874273
264,2.1799152,0.13399312,0.8398354649543762,0.024873338639736176,4.209223,2.3106983
265,2.1631925,0.088841535,0.85,0.05,4.363831,1.8149968
266,2.3002777,0.105158135,0.8137786388397217,0.03866474702954292,2.1285374,2.2418523
267,2.1211782,0.12795205,0.8490911722183228,0.021543916314840317,4.460052,2.0377164
268,2.18517,0.15626512,0.4155261814594269,0.037613868713378906,3.4044096,2.203057
269,2.1575165,0.12067041,0.85,0.0031692874617874622,4.268727,2.0454059
270,2.2505372,0.13697335,0.85,0.05,2.7998207,2.5627544
271,2.242272,0.05281721,0.799718976020813,0.06779719889163971,3.179384,2.8085196
272,2.1880162,0.12618981,0.4201561510562897,0.06172424182295799,3.7786942,2.4569843
273,2.1925254,0.11661629,0.85,0.05,3.7961068,2.1635954
274,2.200642,0.12020593,0.7446925044059753,0.033432964235544205,4.01114,2.35014
275,2.213578,0.09690624,0.85,0.05,4.1071773,2.0792143
276,2.269799,0.14768696,0.8179431557655334,0.07099398225545883,2.1115756,2.727783
277,2.1643853,0.10629669,0.85,0.05,3.8792546,2.0852249
278,2.2090576,0.17493512,0.7170939445495605,0.029309628531336784,2.9164348,2.2781699
279,2.1467001,0.14412467,0.85,0.05,3.9904385,1.780256
280,2.1761105,0.11034372,0.8142465949058533,0.04215016961097717,4.2626624,2.119443
281,2.0974908,0.05715975,0.8227769136428833,0.043195147067308426,5.899014,1.2715393
282,2.2552063,0.092641756,0.85,0.02025388553738594,3.0990381,2.1320105
283,2.1713758,0.10097172,0.85,0.05,4.16274,1.8235847
284,2.116131,0.09685314,0.8054547309875488,0.04783487319946289,5.0629797,1.5581899
285,2.1476142,0.10629928,0.85,0.05,4.501878,1.9337516
286,2.1586113,0.1172055,0.6907291412353516,0.05,3.9179592,1.714392
287,2.21443,0.11726106,0.6920627951622009,0.04098596051335335,3.2720075,2.17178
288,2.1866057,0.12573965,0.8120648264884949,0.02009260654449463,3.4783754,2.6174176
289,2.1783879,0.14269456,0.7522777318954468,0.016678309068083763,3.6215856,2.421799
290,2.1591482,0.1154301,0.85,0.05,4.5152907,2.0275574
291,2.2178082,0.14388247,0.85,0.014863326214253902,3.085663,2.533817
292,2.151704,0.06791361,0.85,0.006424949038773775,4.559341,1.7590001
293,2.1992161,0.12961978,0.85,0.012826112098991871,3.536904,2.2681243
294,2.1632812,0.12996425,0.7459920048713684,0.05,4.310264,1.8238914
295,2.1894104,0.13831705,0.7711137533187866,0.05,3.4110885,2.2135236
296,2.2119536,0.19691445,0.85,0.03734465688467026,2.7135217,2.7096279
297,2.1930707,0.09350883,0.85,0.05,3.4982765,2.1377997
298,2.2147703,0.15725546,0.85,0.05,2.9871705,2.3124442
299,2.2545385,0.11907361,0.85,0.05,2.5630438,2.738684
300,2.1298301,0.16049877,0.85,0.05,4.0647554,1.8737849
301,2.1133997,0.117714174,0.8489370346069336,0.014016483910381794,4.824394,1.5796225
302,2.1879292,0.11705851,0.85,0.05,4.028478,2.6364918
303,2.2009482,0.064199604,0.6493834257125854,0.024997234344482422,4.0976963,1.8961267
304,2.1728475,0.13095444,0.85,0.02418910525739193,3.9567907,2.5618074
305,2.2509437,0.06453272,0.8333256840705872,0.02960761822760105,2.785846,2.5063314
306,2.134056,0.1105197,0.8345154523849487,0.01514342613518238,4.7838025,1.6390169
307,2.1654606,0.06395838,0.8341929316520691,0.015767069533467293,4.7157917,1.8914384
308,2.1509204,0.091004655,0.816135585308075,0.05,4.207621,1.7460933
309,2.1973734,0.07532391,0.85,0.05,3.8931677,1.7271607
310,2.2019575,0.09643222,0.6684081554412842,0.06707645207643509,3.3266556,2.9196875
311,2.2373307,0.111053966,0.85,0.05,3.279717,2.5233154
312,2.2161548,0.13170077,0.8195981979370117,0.027244310826063156,3.0857663,2.1364813
313,2.1264648,0.13821056,0.85,0.026657281443476677,4.7309785,1.8437697
314,2.1573565,0.14648739,0.85,0.013456499204039574,4.1427426,2.0605593
315,2.2545516,0.112174526,0.85,0.012932220473885536,2.805358,2.7047794
316,2.2271936,0.07235292,0.8130965232849121,0.015692709013819695,3.674323,2.1822143
317,2.1961899,0.11500159,0.85,0.05,3.9133387,1.9250861
318,2.1074862,0.13558422,0.85,0.007402932737022638,5.0262012,1.772307
319,2.160435,0.13357726,0.85,0.05,4.709633,1.9441211
320,2.1567724,0.1151852,0.8233400583267212,0.008223732002079487,3.9638023,1.66526
321,2.162234,0.10369009,0.85,0.05,4.2059474,1.8101146
322,2.1750834,0.11337475,0.85,0.05,3.1242652,2.3270798
323,2.115798,0.1458302,0.807785153388977,0.05,4.728553,1.7100607
324,2.1375844,0.12584034,0.85,0.05,5.1515603,1.7437426
325,2.2097938,0.12363326,0.8433529734611511,0.045478809624910355,3.0305927,2.8228984
326,2.1475387,0.10614659,0.85,0.021927697584033012,4.230419,2.6828482
327,2.3147926,0.12866499,0.5111474990844727,0.07135988771915436,2.1160886,2.7797685
328,2.2053282,0.08598421,0.8117927312850952,0.05,3.971009,2.1249077
329,2.1550663,0.07669626,0.8425674438476562,0.05,4.9491105,1.9650639
330,2.1777537,0.19184397,0.8326675295829773,0.03548687323927879,3.5742774,2.0004663
331,2.2846146,0.08712748,0.24690932035446167,0.05884674936532974,2.3472838,2.7070198
332,2.2373154,0.08064008,0.85,0.05,3.1511185,2.2076669
333,2.244193,-0.05697187,0.8295890688896179,0.021024418994784355,3.9971478,1.6506561
334,2.1615286,0.1482077,0.85,0.05,4.34702,1.8134164
335,2.1549654,0.16019897,0.85,0.015110311098396778,4.043338,2.0906482
336,2.2181895,0.08416748,0.85,0.05,3.4777956,2.2042587
337,2.0709977,0.15051252,0.85,0.05,5.5620103,1.3351915
338,2.1966166,0.1122515,0.85,0.018225647509098053,3.4521244,2.376309
339,2.1600387,0.07889624,0.85,0.05,4.424536,1.7928008
340,2.1856003,0.10676526,0.85,0.0028582278173416853,3.5322814,2.1042266
341,2.1910746,0.16308251,0.85,0.013944020494818687,3.5348625,2.2388225
342,2.2131634,0.12599413,0.8453444242477417,0.05421308055520058,2.9736788,2.863035
343,2.2574115,0.09077623,0.85,0.05,2.8476655,2.3533762
344,2.1740031,0.08701955,0.8208714127540588,0.046412233263254166,4.3889937,2.1048973
345,2.160982,0.12147072,0.85,0.05,4.489563,2.1154337
346,2.232613,0.11641395,0.8381890654563904,0.002432476729154587,3.0933888,2.5219102
347,2.1864994,0.06520894,0.85,0.05,3.4551258,2.420756
348,2.1849287,0.11055519,0.8277381658554077,0.037196218967437744,3.8725307,1.6933861
349,2.098232,0.095481254,0.85,0.05,4.9654703,1.4194165
350,2.2527077,0.10738214,0.8287012577056885,0.04763825982809067,2.6104946,2.6791265
351,2.161331,0.10632669,0.8054512739181519,0.05,4.404343,1.6990513
352,2.1423607,0.10223795,0.85,0.05,4.504799,1.560495
353,2.2077315,0.08717483,0.8211380839347839,0.05,4.037937,2.2096295
354,2.263162,0.1277393,0.31044015288352966,0.02199067734181881,2.5579777,2.3932812
355,2.2000008,0.14948787,0.829983115196228,0.05,3.5062716,2.243431
356,2.1888669,0.1580634,0.668747067451477,0.02212967909872532,3.7488678,2.17359
357,2.1893172,0.10467936,0.8199746608734131,0.03706694021821022,3.92075,1.8603401
358,2.1517124,0.11179428,0.85,0.05,4.06057,1.7280211
359,2.1927476,0.15997784,0.8366581797599792,0.05,3.4695601,2.62118
360,2.2083771,0.07425371,0.6854848265647888,0.05,3.6148846,2.7099583
361,2.178622,0.089697175,0.6564664840698242,0.03527040407061577,4.3100877,2.0436032
362,2.2508736,0.13626513,0.85,0.029945306479930878,2.737182,2.4623768
363,2.2036803,0.065042675,0.8132314085960388,0.05295836180448532,4.152735,2.3546364
364,2.1559355,0.12922293,0.4607311189174652,0.02874786965548992,4.6885495,1.7791415
365,2.2100008,0.13279459,0.85,0.05,2.775548,2.484832
366,2.1303062,0.1262005,0.85,0.05,5.097307,1.4832382
367,2.1981223,0.10101051,0.6903811693191528,0.002719777636229992,3.5448847,2.324162
368,2.1830409,0.091761716,0.85,0.03722972050309181,4.0410433,2.7387218
369,2.2304113,0.14198564,0.85,0.023237694054841995,2.798225,2.542401
370,2.1473277,0.13989453,0.85,0.05,4.2098007,1.7423707
371,2.231585,0.12308232,0.85,0.05,3.0889163,2.3036933
372,2.199548,0.09944316,0.49029165506362915,0.05,3.3290427,2.572553
373,2.261039,0.13182536,0.8158531188964844,0.05,2.2147267,2.7528136
374,2.1766026,0.116663106,0.85,0.05,3.6936939,2.6021447
375,2.1737466,0.13626538,0.8004383444786072,0.06600421667098999,4.0485864,2.6403608
376,2.1362529,0.1162277,0.840853750705719,0.05,4.7687073,1.8211104
377,2.222957,0.22979732,0.7914177179336548,0.03989771753549576,2.461979,2.7361739
378,2.1994207,0.092569225,0.6405752897262573,0.0005196103011257946,3.5605657,2.1350322
379,2.2002387,0.072564535,0.85,0.05,3.8024185,2.062444
380,2.2121263,0.1611433,0.85,0.02642061933875084,3.0857525,2.548539
381,2.2659042,0.1065835,0.85,0.05,2.1592238,2.6419687
382,2.2172036,0.108778745,0.85,0.017784126102924347,2.9846914,2.5207665
383,2.1454792,0.09302389,0.8368036150932312,0.02475292794406414,4.4088473,1.927955
384,2.1680331,0.10973572,0.85,0.015628756955266,4.194374,2.0884542
385,2.212353,0.077804826,0.8144803643226624,0.05,3.3982878,2.1810563
386,2.2493746,0.10961415,0.85,0.0011808574199676514,2.6612217,2.7168179
387,2.3176672,0.13063851,0.6038289666175842,0.0382889099419117,2.0546553,2.6507165
388,2.2070456,0.1642856,0.85,0.031533364206552505,3.1103172,2.6796386
389,2.193874,0.08612605,0.8216060400009155,0.05,4.0428376,2.2309103
390,2.1603923,0.13912982,0.85,0.05,4.001076,1.8653101
391,2.114231,0.15643002,0.85,0.05,4.800592,1.655926
392,2.2208624,0.073484324,0.85,0.02598894201219082,3.720628,2.5883248
393,2.219145,0.18349126,0.85,0.03954513743519783,2.909229,2.8572013
394,2.2381067,0.1088382,0.7423167824745178,0.05247654393315315,2.8037372,2.6310456
395,2.1249115,0.1257081,0.8271922469139099,0.03603901341557503,5.0812306,1.4679918
396,2.1229825,0.07885598,0.85,0.027348050847649574,5.5207605,1.4832249
397,2.2116342,0.1509076,0.85,0.05,2.9806752,2.502477
398,2.1706874,0.08848488,0.85,0.004285012371838093,4.43627,1.7563646
399,2.1799355,0.115739964,0.85,0.05,4.0804906,1.912712
400,2.2122772,0.091866374,0.8077347874641418,0.05,3.614725,2.0888095
401,2.1535685,0.17293818,0.5443871021270752,0.049817927181720734,4.383823,2.2287257
402,2.1408486,0.116597995,0.8084313273429871,0.05,4.6872945,1.8704396
403,2.151214,0.11343191,0.85,0.05,4.66074,1.7428858
404,2.1879141,0.09272621,0.85,0.05,3.9530783,2.1522954
405,2.2659192,0.07971459,0.85,0.05,2.9926355,2.3423023
406,2.165486,0.13477719,0.85,0.05,3.783551,2.2829163
407,2.1578913,0.091090314,0.85,0.05,4.7274013,1.7930475
408,2.1017675,0.14169414,0.85,0.05,5.385441,1.5374534
409,2.133896,0.20792402,0.85,0.05,4.376724,2.0358086
410,2.177502,0.124368854,0.85,0.05,3.5358202,1.7671416
411,2.1963463,0.1409351,0.7865801453590393,0.05,2.9969141,2.1319978
412,2.2696955,0.061444573,0.7935296893119812,0.03297145292162895,2.652086,2.3403869
413,2.1739707,0.11270001,0.85,0.05,4.2299914,1.770875
414,2.2043397,0.13118501,0.85,0.017689786851406097,3.144747,2.219952
415,2.05917,0.109076545,0.8374723196029663,0.05,7.1796365,1.3158542
416,2.0723867,0.13918906,0.777161717414856,0.05,5.4384236,1.1655089
417,2.236073,0.14351611,0.85,0.05,2.576909,2.21664
418,2.245534,0.12639956,0.85,0.05,2.8670704,2.4834795
419,2.1625867,0.12612051,0.8282309174537659,0.05,4.3542695,1.8379148
420,2.2136567,0.11908518,0.85,0.05,3.221288,2.1742935
421,2.2031233,0.10247761,0.6358978748321533,0.05,3.4453435,2.6076777
422,2.2114952,0.09626889,0.85,0.026979980990290642,3.6872048,2.5634632
423,2.1497161,0.11075274,0.85,0.05,4.21168,1.8033319
424,2.1983001,0.1163212,0.85,0.023931238800287247,3.5223079,2.49855
425,2.1971426,0.11554746,0.85,0.03537554666399956,3.5501802,2.8922675
426,2.1932116,0.12101852,0.8170115351676941,0.05,4.0404277,1.7943708
427,2.1559644,0.14081508,0.85,0.05,4.3331413,1.7554594
428,2.277779,0.10931561,0.85,0.05,2.5560248,2.6459537
429,2.1611443,0.087236635,0.7404627799987793,0.047211892902851105,4.5937495,1.8593507
430,2.305714,0.11830492,0.2221916764974594,0.0764409601688385,2.2423837,2.8044848
431,2.14618,0.14720434,0.85,0.015660647302865982,3.9606552,2.1311598
432,2.2105613,0.050920144,0.85,0.05,4.0212665,2.101557
433,2.1236184,0.14080231,0.85,0.05,4.423713,1.6178662
434,2.1737003,0.14430434,0.85,0.05,3.835851,1.7133178
435,2.2325225,0.12158485,0.8409318923950195,0.04992543160915375,2.8571973,2.4249039
436,2.1384513,0.13379772,0.85,0.05,4.4587584,1.5806825
437,2.1239254,0.14934398,0.85,0.05,4.796723,2.051626
438,2.152941,0.07692768,0.8261366486549377,0.05,5.0757723,1.706911
439,2.2241094,0.14409421,0.85,0.05,2.8613746,2.4016619
440,2.1905458,0.10423535,0.85,0.014079341664910316,3.8028228,2.63307
441,2.0861669,0.13730416,0.85,0.03462857007980347,4.94281,1.4334258
442,2.1689987,0.07622799,0.8396199941635132,0.004629938397556543,4.3958416,1.6430522
443,2.1735992,0.11108347,0.7068204879760742,0.03053935244679451,4.198162,1.8339643
444,2.1603649,0.066944376,0.85,0.05,4.5683203,1.5487844
445,2.288526,0.14270574,0.85,0.0396791435778141,2.365973,2.7501218
446,2.2299707,0.1295185,0.6320104598999023,0.02929934300482273,2.9769816,2.3969338
447,2.260968,0.05758054,0.8218603730201721,0.060277748852968216,3.2062738,2.3892946
448,2.2440152,0.13627611,0.85,0.02373749203979969,2.713217,2.772311
449,2.1707036,0.10670061,0.8344811201095581,0.01982305943965912,3.9226606,1.8693295
450,2.20951,0.120847516,0.7934989929199219,0.027635280042886734,3.6824527,2.5636654
451,2.247759,0.1335671,0.85,0.02304599992930889,2.6000247,2.4123137
452,2.3113093,0.11074998,0.7294429540634155,0.05102939531207085,2.0877013,2.5833983
453,2.1987886,0.14007612,0.85,0.05,3.3744595,2.144674
454,2.1033773,0.06936489,0.85,0.04091545194387436,6.012477,1.4963164
455,2.151043,0.109284066,0.7970206141471863,0.025905653834342957,4.459859,1.377599
456,2.2006896,0.123186365,0.8242060542106628,0.058851730078458786,3.6755912,2.6772547
457,2.186123,0.12562448,0.8227338790893555,0.030666885897517204,4.0485196,2.0460236
458,2.1996744,0.11843674,0.8368349075317383,0.022189902141690254,3.9560733,2.2321644
459,2.1545029,0.12640755,0.85,0.03566838055849075,4.3422394,2.6774693
460,2.166168,0.15284924,0.7903068661689758,0.05,3.390134,2.1361082
461,2.1158679,0.1130645,0.7906953692436218,0.03827749192714691,5.66897,1.7003601
462,2.2139735,0.080415286,0.8445724248886108,0.024810316041111946,3.3211813,2.328993
463,2.2140484,0.14465721,0.8190577626228333,0.044106751680374146,2.9700074,2.7682781
464,2.179043,0.119106464,0.7717452049255371,0.03463466838002205,3.9767835,2.67062
465,2.1535869,0.14071944,0.85,0.022806452587246895,4.367887,1.7990094
466,2.1067784,0.12786166,0.85,0.027773886919021606,5.470101,1.4066511
467,2.2484276,0.09825179,0.7084415555000305,0.06856565177440643,2.7694125,2.782496
468,2.1859455,0.11666617,0.7627193331718445,0.03531182184815407,3.840001,1.7825885
469,2.1456466,0.12859112,0.8202868700027466,0.049475327134132385,4.27477,2.3952866
470,2.1700392,0.16541469,0.85,0.05,3.975272,2.0551155
471,2.3039968,0.09032194,0.6700468063354492,0.031754270195961,2.4661524,2.250342
472,2.2286792,0.14148577,0.85,0.05,3.1292734,2.781132
473,2.2114563,0.16444448,0.8251579999923706,0.05,3.4107153,2.2203634
474,2.1537585,0.13445234,0.85,0.05,4.5713334,1.6296726
475,2.1917806,0.13118793,0.6288753747940063,0.039818331599235535,3.4691582,2.2008996
476,2.1435313,0.15713826,0.85,0.05,4.268565,1.9352286
477,2.1800582,0.06421391,0.8497433066368103,0.020154964178800583,4.7095847,1.8318057
478,2.0810356,0.19676566,0.85,0.016954371705651283,5.5724454,1.5073868
479,2.1688156,0.08478595,0.85,0.05,4.510027,1.721986
480,2.294955,0.136641,0.7919250726699829,0.03572839871048927,2.5058813,2.6787815
481,2.1551502,0.12318551,0.8336060643196106,0.05,4.659045,1.9162056
482,2.1749387,0.116629206,0.8469617962837219,0.05,3.9910028,2.111835
483,2.1855597,0.10116569,0.85,0.05,3.864954,2.0846617
484,2.2018492,0.09098119,0.8296743035316467,0.06100774556398392,3.653017,2.580428
485,2.2484632,0.19256642,0.85,0.05,2.516731,2.4407089
486,2.185512,0.066932365,0.85,0.05,4.09001,1.7792695
487,2.2357078,0.11655303,0.8458238244056702,0.02810821123421192,3.1199284,2.6312966
488,2.1899095,0.12599407,0.85,0.03876196965575218,3.95809,2.3454869
489,2.1608481,0.12964411,0.85,0.028235558420419693,3.966992,2.1285353
490,2.1467297,0.100712895,0.85,0.05,4.419623,1.6811016
491,2.139626,0.10076362,0.85,0.05,4.832151,1.9650218
492,2.1824613,0.06448958,0.7238913178443909,0.052102964371442795,4.299364,2.0327892
493,2.153825,0.14856815,0.7594385743141174,0.03408602252602577,3.8984983,1.7441351
494,2.1785126,0.14701696,0.85,0.05,3.7989726,2.0363953
495,2.2602696,0.049271896,0.716376006603241,0.05,2.5837262,2.4234936
496,2.1537008,0.10762124,0.85,0.05,4.7178626,1.6751796
497,2.2293603,0.15439308,0.8372339010238647,0.05,3.0711455,2.4756243
498,2.1758294,0.101185106,0.8011286854743958,0.05,4.4172378,2.115721
499,2.2042038,0.057645667,0.85,0.015381334349513054,4.4451885,2.0950303
500,2.1590285,0.093604885,0.8390714526176453,0.03685632720589638,4.24304,1.9740884
501,2.2659128,0.06399543,0.85,0.008963922038674355,2.6874204,2.281924
502,2.2474687,0.123414256,0.8192065358161926,0.017680717632174492,2.6959162,2.7045953
503,2.1728656,0.17763026,0.85,0.030172286555171013,3.7082145,2.5043056
504,2.1911545,0.09808908,0.85,0.05,3.906417,1.8560611
505,2.150086,0.09878635,0.85,0.022511398419737816,4.401809,1.9551864
506,2.2125888,0.12432438,0.7250945568084717,0.024824554100632668,3.4141796,2.3326411
507,2.1408374,0.14668587,0.85,0.05,4.45148,2.167349
508,2.2343802,0.149438,0.7458565831184387,0.02811635099351406,2.8745232,2.5208635
509,2.2503834,0.05087386,0.85,0.028626320883631706,2.8945332,2.2985318
510,2.1152008,0.16664772,0.85,0.05,4.7298203,1.7899793
511,2.2258582,0.08593707,0.5232236385345459,0.05,3.3440125,2.0439937
512,2.2081861,0.124538004,0.85,0.05,3.4524913,2.1032665
513,2.0794392,0.20080033,0.85,0.05,4.8810368,1.4837413
514,2.2031863,0.11898139,0.85,0.012178022414445877,3.0499666,2.8324769
515,2.2698514,0.10391753,0.19646720588207245,0.02385873906314373,2.1036148,2.5784504
516,2.1440344,0.11345547,0.85,0.05,4.021502,1.9423636
517,2.1019523,0.15849307,0.85,0.05,5.1851163,1.4343491
518,2.1488671,0.120320745,0.8377241492271423,0.010918878950178623,4.3103046,1.7408767
519,2.197033,0.10722062,0.8100950121879578,0.0034129726700484753,3.5448713,1.9271405
520,2.1916838,0.099515855,0.85,0.05,4.0446777,2.3864448
521,2.1798882,0.08442695,0.85,0.05,4.4633393,2.147244
522,2.1626413,0.09630327,0.85,0.05,4.7551255,1.6510413
523,2.177471,0.1526549,0.8029428124427795,0.029958434402942657,4.054601,2.5243566
524,2.0857983,0.17507236,0.85,0.05,4.697712,1.7157279
525,2.207218,0.117380485,0.85,0.05,3.3389661,2.0206661
526,2.2070384,0.10542623,0.7269226312637329,0.031638361513614655,4.0400896,2.173731
527,2.151542,0.11697455,0.85,0.05,4.957188,1.8300321
528,2.2193038,0.121238686,0.85,0.05,3.2072556,2.7709644
529,2.154065,0.08160215,0.85,0.05,4.3616514,1.7905378
530,2.1197815,0.11622794,0.85,0.023166317492723465,4.855675,1.500381
531,2.175459,0.116580956,0.85,0.031578633934259415,4.2976975,1.9280466
532,2.248459,0.089984745,0.7448008060455322,0.02712554670870304,2.4893844,2.21523
533,2.149703,0.17176625,0.85,0.05,4.34665,2.0334375
534,2.1728146,0.11932398,0.85,0.05,4.0323596,1.8545187
535,2.1547067,0.13186285,0.85,0.05,4.24377,2.081316
536,2.207831,0.16788732,0.4542560577392578,0.05877361819148064,3.1063077,2.3985085
537,2.228893,0.15102373,0.85,0.01709936372935772,2.5104675,2.6945455
538,2.1736693,0.11730645,0.85,0.05,3.9893756,2.067678
539,2.1478908,0.098499656,0.8208633065223694,0.025801213458180428,4.3407526,1.6433573
540,2.1034052,0.13136736,0.85,0.05,4.7571073,1.4779441
541,2.0898623,0.15264262,0.85,0.05,5.084379,1.6233733
542,2.2105818,0.13531132,0.85,0.05,2.8468423,1.9344975
543,2.2069988,0.10358293,0.83819979429245,0.02582135610282421,3.28602,2.1310778
544,2.189351,0.12432341,0.49917054176330566,0.013992918655276299,3.5849662,2.0628903
545,2.2640178,0.14159691,0.7803861498832703,0.042468830943107605,2.42519,2.2917836
546,2.1607566,0.16405056,0.85,0.019251205027103424,4.056714,2.2873702
547,2.0702038,0.104413345,0.6184336543083191,0.05,6.3749213,1.3316652
548,2.2040343,0.11971887,0.8433900475502014,0.0381256639957428,3.822318,2.6545153
549,2.151599,0.14109017,0.85,0.05,4.1125336,2.3779912
550,2.2015045,0.12307193,0.8337686657905579,0.05,3.6870763,2.0872753
551,2.2177815,0.16455239,0.6857194304466248,0.05,2.926488,2.391051
552,2.2037344,0.124457285,0.85,0.023175595328211784,3.2217855,2.1084807
553,2.2287843,0.15172033,0.8072776794433594,0.046790722757577896,2.837832,2.752568
554,2.1451163,0.13276805,0.85,0.05,4.120998,2.009304
555,2.1646626,0.121896796,0.85,0.05,4.5757394,1.5705254
556,2.1306686,0.1375525,0.798145055770874,0.053370196372270584,4.9294605,1.5996729
557,2.2199142,0.11159319,0.8209960460662842,0.01111571304500103,3.346796,2.1321084
558,2.1619573,0.12656662,0.8062414526939392,0.04617580771446228,3.8927824,1.9493818
559,2.2013988,0.101324946,0.85,0.05,3.8036263,1.9112242
560,2.155392,0.1336319,0.7359884977340698,0.05,4.3952365,1.863167
561,2.2191098,0.06376115,0.8216686248779297,0.028309432789683342,3.3235812,2.1413574
562,2.2159822,0.13554479,0.6293442845344543,0.06024008244276047,3.1930501,2.4931402
563,2.290546,0.09254106,0.6125066876411438,0.05,2.5465264,2.6035116
564,2.1741128,0.09895851,0.85,0.011230210773646832,4.2293916,2.0365036
565,2.1566277,0.09844719,0.8269765973091125,0.04495633393526077,4.5856786,1.8948126
566,2.257208,0.10152155,0.5780600309371948,0.028607729822397232,2.72917,2.5171244
567,2.2266924,0.09011484,0.85,0.03495563566684723,3.0652833,2.8514078
568,2.1561725,0.19892474,0.85,0.05,3.8630593,1.9860705
569,2.166269,0.11876767,0.8042377233505249,0.012831280007958412,4.561345,2.2662823
570,2.2216098,0.17593777,0.8359262943267822,0.05,2.6842318,2.7536995
571,2.2406301,0.14236352,0.7215365767478943,0.028508063405752182,2.9848943,2.555887
572,2.10929,0.13302754,0.85,0.05,4.6690645,1.5615551
573,2.191231,0.14976454,0.8439273238182068,0.02108641155064106,3.5704477,1.9262071
574,2.1724026,0.09451943,0.85,0.05,4.1718793,1.894618
575,2.2394545,0.18268788,0.8314536213874817,0.028917064890265465,2.4094265,2.6631463
576,2.164902,0.098713174,0.8022585511207581,0.026028119027614594,4.4881268,1.8434161
577,2.215016,0.10042122,0.85,0.008501455187797546,3.179668,2.4001899
578,2.1539056,0.116128355,0.6926652789115906,0.05,4.6722193,1.9803954
579,2.113281,0.09969256,0.22125732898712158,0.12717963755130768,5.1945796,1.8279296
580,2.1849592,0.063561745,0.85,0.02098984457552433,4.6255426,2.0817697
581,2.1132653,0.10949821,0.85,0.004250745289027691,5.0019407,1.6421001
582,2.1691654,0.1311969,0.85,0.05,4.535834,2.064628
583,2.2022285,0.11936804,0.85,0.02766592428088188,3.9486015,2.0885675
584,2.1676853,0.14594872,0.85,0.05,4.262223,2.0431292
585,2.1817434,0.12555888,0.8147458434104919,0.043406106531620026,3.843719,2.132346
586,2.1812365,0.17316683,0.85,0.05,3.436568,2.349581
587,2.2713,0.13305773,0.85,0.0517413504421711,2.4436269,2.7859168
588,2.1501887,0.059779853,0.8032931089401245,0.06321948021650314,4.779221,2.0806565
589,2.22959,0.1252495,0.85,0.03277423977851868,3.3500743,2.7151356
590,2.1974878,0.15338594,0.85,0.0085527952760458,3.2893836,2.1873736
591,2.207893,0.13625927,0.85,0.05337761342525482,4.006064,2.4869468
592,2.0881844,0.16504641,0.85,0.05,5.2190313,1.5515646
593,2.205185,0.13906334,0.85,0.031419072300195694,3.2773724,2.5191638
594,2.1420698,0.12275812,0.85,0.010738152079284191,4.585241,1.8950268
595,2.3107526,0.09338086,0.8280600309371948,0.023281631991267204,2.056764,2.6731176
596,2.1726675,0.09560043,0.85,0.05,4.565866,2.0332725
597,2.231216,0.105750255,0.745643138885498,0.02225448563694954,2.953536,2.4731967
598,2.245088,0.103845865,0.8084980249404907,0.050933171063661575,2.7456098,2.2076344
599,2.207729,0.14026651,0.85,0.05,3.3910267,2.375317
600,2.1269493,0.09616437,0.8331987857818604,0.020353564992547035,5.1092377,1.4919909
601,2.2001495,0.1456926,0.85,0.05,3.3143735,2.8437598
602,2.2262464,0.102842234,0.85,0.018616538494825363,3.2387516,2.470644
603,2.229236,0.07663233,0.8292946219444275,0.04798107594251633,2.7467613,2.5797708
604,2.189041,0.08191999,0.85,0.05,4.1950326,2.3868558
605,2.268725,0.10780328,0.6781076788902283,0.06085877865552902,2.3956058,2.8644903
606,2.1605713,0.041817985,0.8389334082603455,0.03161955252289772,4.658499,1.751106
607,2.227593,0.10920123,0.85,0.05,2.972607,2.658843
608,2.2113175,0.14875157,0.85,0.0031942916102707386,2.8530302,2.4115808
609,2.2513287,0.14909054,0.8257899284362793,0.05,2.2431595,2.622853
610,2.251376,0.1261432,0.85,0.02593955583870411,2.949694,2.3996944
611,2.2504315,0.11042031,0.85,0.05,2.511991,2.4445484
612,2.2045796,0.08959714,0.85,0.05,3.3517683,2.107093
613,2.1767244,0.16791631,0.8157822489738464,0.05,4.3924932,2.2447784
614,2.1187286,0.16222252,0.85,0.05,4.3747826,1.6855785
615,2.22601,0.05663119,0.7947996854782104,0.02301189675927162,3.1655314,1.8026866
616,2.1663504,0.1554936,0.85,0.05,3.8427486,2.049242
617,2.1979659,0.1140215,0.27373337745666504,0.015222081914544106,3.4691653,2.6567738
618,2.154488,0.12658694,0.8089745044708252,0.01456424966454506,3.7860997,2.3284645
619,2.1728356,0.12348714,0.85,0.05,3.671823,2.158397
620,2.2590625,0.12345386,0.5692138075828552,0.052206531167030334,2.5866892,2.7648146
621,2.2472763,0.10857058,0.85,0.05,2.7266347,2.131225
622,2.1515307,0.1731618,0.85,0.05,4.2126627,2.0979471
623,2.2135608,0.173286,0.8304975628852844,0.048059072345495224,2.7014499,2.581902
624,2.2102828,0.12812619,0.85,0.05,3.3286521,2.3455296
625,2.1654375,0.116385795,0.8142277002334595,0.03641466796398163,4.0461397,1.7630402
626,2.2799513,0.0829697,0.48973822593688965,0.05179320648312569,2.8108401,2.1708891
627,2.142608,0.13998644,0.535239577293396,0.03696194291114807,4.0740542,2.1437857
628,2.153354,0.18472205,0.5371169447898865,0.0476117879152298,3.685614,2.4512064
629,2.332802,0.11048509,0.18845206499099731,0.0652516707777977,2.1487927,2.7114131
630,2.2164283,0.12027554,0.8304331302642822,0.05,3.6371155,2.254079
631,2.2336638,0.08934679,0.6484300494194031,0.022366154938936234,3.1145031,2.4668772
632,2.1471326,0.17875946,0.5521644949913025,0.009939993731677532,4.1637363,2.5115075
633,2.1882184,0.097227186,0.85,0.017779875546693802,4.2923355,1.681105
634,2.2319546,0.17493941,0.85,0.031375735998153687,2.5079145,2.598398
635,2.2548754,0.12256251,0.6872375011444092,0.024778395891189575,2.6054916,2.6370976
636,2.15736,0.12895551,0.85,0.012588031589984894,4.5770817,2.0075724
637,2.2183657,0.096758924,0.8314840197563171,0.05,3.1029687,2.2401123
638,2.1841793,0.13188608,0.8372739553451538,0.05,3.4293418,2.250659
639,2.1270823,0.1574706,0.7792668342590332,0.044682543724775314,4.560676,2.619468
640,2.1696808,0.082423955,0.8154075145721436,0.05,4.74352,1.4926516
641,2.1933277,0.10679519,0.85,0.05,4.061386,2.1359828
642,2.179012,0.12641884,0.8449981212615967,0.006123868282884359,3.7446575,2.2556186
643,2.170416,0.11896309,0.7876191139221191,0.05,4.527183,2.3845363
644,2.1891727,0.06667995,0.818452000617981,0.05,3.9173567,2.1746683
645,2.1722867,0.09464437,0.85,0.05,4.298825,1.8305292
646,2.1234088,0.16144778,0.85,0.05,4.6552815,1.7047768
647,2.1908417,0.1460501,0.8261222243309021,0.021982990205287933,3.355196,2.2873924
648,2.152277,0.20066336,0.85,0.05,3.857798,2.1751654
649,2.2977488,0.16518994,0.85,0.03661513328552246,2.2078648,2.5537739
650,2.1464105,0.1583771,0.85,0.05,3.9931483,1.8075694
651,2.2239535,0.11825536,0.85,0.026332607492804527,3.339331,2.5718281
652,2.2754266,0.1539401,0.6965656280517578,0.05,2.1100914,2.7759686
653,2.1591892,0.195102,0.8481235504150391,0.028251007199287415,3.3150506,2.7093291
654,2.2379577,0.14279418,0.84031081199646,0.02361195534467697,2.5879009,2.6433694
655,2.1768231,0.13574271,0.8331144452095032,0.03913489356637001,4.048156,2.214341
656,2.1866033,0.1702719,0.85,0.0067297955974936485,3.8107886,2.2782834
657,2.2124004,0.12701432,0.6914094090461731,0.05,2.8069823,2.4852486
658,2.132947,0.119141795,0.85,0.05,4.9389915,2.0436199
659,2.2380486,0.08058943,0.85,0.030510032549500465,3.1946197,2.5732899
660,2.1875799,0.063545175,0.85,0.021442066878080368,4.0834913,2.0384374
661,2.2507343,0.13811226,0.8385453224182129,0.04501314461231232,2.8300312,2.2901745
662,2.2418067,0.11449053,0.8260104656219482,0.05,3.2413843,2.7731955
663,2.2223375,0.14861931,0.8302103281021118,0.019075768068432808,3.1098623,2.21516
664,2.2174644,0.19892952,0.8369148969650269,0.03908953815698624,2.7019687,2.3985493
665,2.1681137,0.124800205,0.85,0.05,4.186567,2.3399749
666,2.0958664,0.14584486,0.85,0.05,4.8932767,1.6484227
667,2.2269511,0.13560463,0.85,0.017825903370976448,3.1253781,2.575772
668,2.1318226,0.11549349,0.85,0.012153475545346737,4.801027,1.7784657
669,2.1825,0.12849593,0.8333730101585388,0.008364487439393997,3.7805822,1.9761207
670,2.1961753,0.12725413,0.7845456600189209,0.024690907448530197,3.350229,2.2736769
671,2.1507988,0.17547788,0.85,0.05,4.047358,1.7955971
672,2.1937864,0.11633697,0.8447305560112,0.05,3.6497526,2.3041902
673,2.2559445,0.13404997,0.7716785073280334,0.039080630987882614,2.3242478,2.8007689
674,2.2467196,0.11814048,0.85,0.05,2.842466,2.8011074
675,2.2003438,0.123703815,0.85,0.05,3.3945198,1.8537879
676,2.1975992,0.14862837,0.85,0.025097796693444252,3.4702303,2.597371
677,2.2497587,0.09009224,0.85,0.026587553322315216,2.927515,2.745908
678,2.179379,0.11325939,0.786601185798645,0.07523468881845474,4.404516,2.4400914
679,2.199649,0.102810904,0.85,0.05,3.79062,2.4832227
680,2.226584,0.12626861,0.6978502869606018,0.05,3.1783369,2.4266055
681,2.1375556,0.13681416,0.8130276203155518,0.04379745200276375,4.6447654,1.7257841
682,2.1320653,0.09713121,0.85,0.05,4.907962,1.6717163
683,2.160103,0.06024348,0.85,0.05,4.972406,1.5831069
684,2.2459679,0.056433115,0.85,0.016453959047794342,3.24803,2.2236288
685,2.1642644,0.15337223,0.8405815958976746,0.05,4.1782937,2.1924098
686,2.185892,0.10558019,0.79708331823349,0.01343318447470665,3.8765154,1.9479054
687,2.1811113,0.15898557,0.85,0.0078916409984231,3.3616333,1.9058515
688,2.253829,0.10040112,0.7224254012107849,0.05470109358429909,2.87204,2.6049936
689,2.189245,0.14429024,0.8439553380012512,0.05,3.8532896,2.2728298
690,2.1864483,0.09887977,0.85,0.05,4.009647,2.1383486
691,2.1390953,0.121782064,0.85,0.0003519040474202484,4.29828,1.7946665
692,2.1627371,0.085813105,0.09894562512636185,0.03629748895764351,4.723439,2.7321677
693,2.2722201,0.05764892,0.7945362329483032,0.04970677196979523,2.8827703,2.4275908
694,2.137941,0.14213479,0.817676842212677,0.010995681397616863,4.177585,1.9234761
695,2.2295222,0.08588734,0.7540828585624695,0.04322916269302368,3.6849585,2.7342005
696,2.2010155,0.07065134,0.10068759322166443,0.023309670388698578,3.5075614,2.5285327
697,2.1698332,0.16087626,0.85,0.05,3.678669,2.1042073
698,2.210857,0.14516225,0.7972107529640198,0.033777669072151184,2.8181205,2.413293
699,2.2391975,0.13748103,0.7463536262512207,0.06749910861253738,2.8933277,2.6891658
700,2.106645,0.121952735,0.85,0.023528553545475006,4.691831,1.393794
701,2.2344353,0.1725019,0.85,0.05,2.2585545,2.642672
702,2.3222127,0.10222091,0.5713750123977661,0.05516534298658371,2.0970569,2.723889
703,2.261342,0.18776757,0.85,0.036435917019844055,2.0385993,2.7355304
704,2.19077,0.08568503,0.7128172516822815,0.05,3.8045402,2.317851
705,2.2037454,0.06317568,0.85,0.05,3.874868,2.2224855
706,2.0515773,0.115169585,0.8037064671516418,0.02113679237663746,6.3095436,1.3480847
707,2.143101,0.09158641,0.85,0.05,4.461647,1.4764584
708,2.2109876,0.1590881,0.85,0.02255384810268879,3.0280418,2.3043337
709,2.2299914,0.10910378,0.85,0.0238264761865139,3.1047096,2.7292893
710,2.1901703,0.10292196,0.85,0.05,3.3280292,2.8567433
711,2.2205086,0.1173656,0.85,0.038309574127197266,3.2915854,2.3089087
712,2.2181087,0.112540446,0.7770164012908936,0.02231782115995884,3.2723982,2.5114858
713,2.1882403,0.08897992,0.8418205380439758,0.00946905929595232,4.271542,2.014421
714,2.2577462,0.1337211,0.8391606211662292,0.0343802310526371,2.6617112,2.5914953
715,2.1785104,0.12024245,0.85,0.03545656427741051,3.921173,2.2951941
716,2.1777873,0.114538744,0.85,0.05,3.6478908,2.066687
717,2.1695938,0.09758958,0.8308653831481934,0.0397324301302433,4.425978,2.1372302
718,2.1916525,0.13149689,0.8205696940422058,0.05,3.6769361,2.2284114
719,2.1628056,0.15245225,0.8256281018257141,0.05,4.2405696,2.205074
720,2.1236882,0.09065406,0.85,0.05,5.10468,1.5193697
721,2.1816902,0.12172349,0.6306560039520264,0.045223258435726166,4.19246,2.7089372
722,2.2174962,0.13402973,0.85,0.014979642815887928,3.6511264,2.3678765
723,2.1139588,0.111257076,0.85,0.05,4.9220943,1.5467428
724,2.206889,0.12435837,0.8382161855697632,0.02984507568180561,3.3918488,2.6843169
725,2.2183409,0.1360242,0.6622613668441772,0.03142926096916199,3.0281227,2.594174
726,2.1813202,0.10127715,0.8331790566444397,0.05,4.1861544,2.2073996
727,2.284092,0.07777632,0.85,0.05,2.7607362,2.2455099
728,2.161365,0.14915226,0.85,0.01827295683324337,4.2667723,2.1528409
729,2.2453113,0.14281628,0.8217469453811646,0.03352523595094681,2.5707865,1.9968897
730,2.1644437,0.18785423,0.7784621119499207,0.031093239784240723,3.3342738,2.3105774
731,2.1982183,0.10570428,0.85,0.01652730256319046,3.3971689,2.5630949
732,2.2250073,0.12556764,0.85,0.021983813494443893,2.899369,2.4684289
733,1.9803274,0.17012852,0.85,0.06335081905126572,10.558184,1.2897106
734,2.3529496,0.076987706,0.85,0.034655313938856125,2.0943143,2.4483213
735,2.2286081,0.11440747,0.85,0.05,3.311542,2.1957493
736,2.225193,0.12900901,0.8466535210609436,0.05,2.9436083,2.231463
737,2.1838348,0.0723482,0.8046101331710815,0.05,4.2653975,1.5965452
738,2.1950502,0.15612476,0.8222910761833191,0.05289890244603157,2.7488291,2.568846
739,2.1421807,0.090926565,0.85,0.05,4.608946,1.7839824
740,2.1731465,0.14177974,0.85,0.05,3.2915454,2.6606183
741,2.1673713,0.113688864,0.6095932126045227,0.028068525716662407,4.3642235,2.057682
742,2.0529876,0.099437654,0.7147023677825928,0.03677524998784065,6.82441,1.3480592
743,2.1927242,0.12549953,0.85,0.05,3.731285,2.6818912
744,2.1262825,0.15502265,0.8145037889480591,0.05,4.359086,1.6975397
745,2.2102635,0.10589653,0.8232915997505188,0.04056212678551674,3.291625,2.4235175
746,2.2741234,0.101386145,0.47235107421875,0.04426439478993416,2.7663152,2.2724905
747,2.2070794,0.15674992,0.8386583924293518,0.036351319402456284,3.3338034,2.5487444
748,2.2353232,0.20837454,0.5189214944839478,0.06980012357234955,2.1392434,2.6946528
749,2.2036188,0.1460566,0.85,0.0024583684280514717,3.316476,2.126941
750,2.220831,0.08108118,0.85,0.05,3.4338393,2.6684794
751,2.2120285,0.09751225,0.85,0.01042838767170906,3.4700637,2.2045102
752,2.2292254,0.12276182,0.8406230211257935,0.05,2.921027,2.7342834
753,2.1543112,0.100027815,0.85,0.05,4.729589,2.10836
754,2.2334154,0.10636538,0.7884364724159241,0.019371487200260162,2.775091,2.6391485
755,2.23404,0.05915851,0.8123810291290283,0.05,3.1415074,1.9803638
756,2.2340899,0.1523488,0.85,0.05,2.1312113,2.7111595
757,2.1451468,0.13450009,0.85,0.009070910513401031,4.1312666,2.1061127
758,2.1031795,0.19358467,0.85,0.05,4.4349027,2.1278563
759,2.108298,0.105220504,0.8311803340911865,0.014001874253153801,4.766319,1.5657316
760,2.3289747,0.13129823,0.8343186378479004,0.04356318712234497,2.2193372,2.5485497
761,2.159627,0.101578854,0.8231176733970642,0.05,3.7847462,2.3677862
762,2.2445705,0.1813323,0.8214274048805237,0.06041413173079491,2.5923781,2.7243533
763,2.1723707,0.20392445,0.85,0.05,3.4234276,2.4281168
764,2.1556897,0.1381917,0.7010740637779236,0.05,4.1734405,1.9647965
765,2.1626284,0.12547807,0.8155039548873901,0.05,4.0791097,1.7103451
766,2.2562315,0.071502395,0.6678231358528137,0.0520893931388855,3.3040876,2.2551706
767,2.185955,0.12610932,0.6713353395462036,0.05,3.5076756,2.1589801
768,2.254409,0.07481567,0.85,0.02518908679485321,3.2455852,2.4372637
769,2.187071,0.08188267,0.85,0.05,4.4254026,1.7659794
770,2.192535,0.11054376,0.816887378692627,0.041656844317913055,4.0007024,2.2492154
771,2.150603,0.09008855,0.85,0.05,4.4891415,1.6103712
772,2.1700249,0.12734748,0.8303952217102051,0.05,4.3419013,1.8327888
773,2.1940467,0.026226709,0.85,0.05,4.4860888,2.0169835
774,2.183551,0.075572446,0.85,0.05,4.587443,1.7013377
775,2.140294,0.10362538,0.85,0.01754310354590416,4.8907714,1.4718577
776,2.2084088,0.13139609,0.85,0.024190422147512436,3.25519,2.5879736
777,2.2312505,0.106374696,0.85,0.05,3.2625315,2.4287295
778,2.242102,0.11940939,0.85,0.04006410762667656,2.8266795,2.705202
779,2.1647582,0.14010955,0.8294466137886047,0.03757663071155548,4.1406856,2.1067915
780,2.2094405,0.112639904,0.85,0.05,3.4406316,2.342961
781,2.2768078,0.13197726,0.7541325688362122,0.04717501252889633,2.3994937,2.9091592
782,2.311339,0.10726518,0.7211513519287109,0.027411486953496933,2.063557,2.8617735
783,2.278104,0.11785416,0.30848124623298645,0.09533514082431793,2.1768954,2.3717492
784,2.1569736,0.14682387,0.85,0.045366983860731125,4.385233,2.0842946
785,2.0945592,0.0789034,0.85,0.05,5.9820395,1.5466872
786,2.160719,0.08867245,0.7957716584205627,0.023984383791685104,4.4581246,2.0147774
787,2.264281,0.078997575,0.85,0.05,2.7570944,2.7288089
788,2.2579646,0.09650392,0.85,0.05,3.0007288,1.9385058
789,2.2022734,0.13028048,0.5675106048583984,0.05772501602768898,3.1709661,2.5467865
790,2.214111,0.14102949,0.85,0.05,3.0623555,2.406248
791,2.2041547,0.120202005,0.831283688545227,0.015413082204759121,3.294362,2.26821
792,2.1942933,0.020791048,0.85,0.05,4.359127,1.7090646
793,2.1406841,0.108687915,0.8340005278587341,0.030022000893950462,4.275532,2.2440608
794,2.239312,0.12355704,0.85,0.05,2.8246117,2.170057
795,2.1494455,0.13004294,0.8060316443443298,0.05,4.508022,1.8892565
796,2.192588,0.0912675,0.85,1.380715002596844e-05,3.917434,1.9889692
797,2.25214,0.09128414,0.6879454851150513,0.05,2.7443268,2.595139
798,2.2138605,0.15125352,0.85,0.023438764736056328,3.0139184,2.6677756
799,2.1939042,0.14594185,0.7811253666877747,0.02027422934770584,3.390354,2.347953
800,2.2800367,0.08627363,0.85,0.04830775409936905,2.552288,2.6348329
801,2.0972917,0.15651774,0.8342518210411072,0.05,5.0059357,1.6403842
802,2.1680098,0.13465293,0.7802488207817078,0.026322584599256516,4.376206,2.0209217
803,2.1670995,0.15782,0.85,0.05,3.4845846,1.9672917
804,2.2138166,0.20234087,0.85,0.024737192317843437,3.027527,2.2127504
805,2.0908175,0.110850066,0.85,0.05,5.5653124,1.6027669
806,2.2026143,0.11922471,0.8405166268348694,0.03726403787732124,3.7080812,2.239665
807,2.1854775,0.13001971,0.85,0.020225301384925842,4.110584,2.4186149
808,2.199835,0.17148043,0.8413008451461792,0.028287271037697792,3.3040335,2.0850108
809,2.187496,0.14801802,0.85,0.05,4.0344553,2.1100016
810,2.1912634,0.15431556,0.85,0.05,3.4750218,2.2942688
811,2.1650825,0.13826776,0.85,0.05,4.3327484,2.533082
812,2.1544142,0.13959247,0.5993586182594299,0.017405657097697258,4.1178565,1.9896191
813,2.2030377,0.113339856,0.8429570198059082,0.05,3.36674,2.1585548
814,2.2291834,0.11520256,0.7735540866851807,0.03570829704403877,2.9130647,2.5937197
815,2.140997,0.11367806,0.85,0.0440312884747982,4.8571606,2.0689676
816,2.2692156,0.093277514,0.6174138784408569,0.03661978617310524,2.9612844,2.1565514
817,2.235861,0.11181609,0.7629045248031616,0.03150484338402748,3.2045896,2.533344
818,2.1429112,0.16500245,0.85,0.05,4.599812,1.8934964
819,2.1597962,0.08102519,0.85,0.05,4.4294996,1.7149466
820,2.201494,0.11175066,0.85,0.05,3.9899511,1.862178
821,2.2393105,0.068565235,0.8259474039077759,0.05,3.4386108,2.8837986
822,2.2309792,0.11127402,0.823070764541626,0.040038079023361206,3.1317563,2.2070646
823,2.1754954,0.102043144,0.85,0.011603891849517822,4.1736193,1.8662581
824,2.2576897,0.11668111,0.85,0.021067820489406586,2.615621,2.7393138
825,2.1347985,0.1407555,0.8373090028762817,0.03688231110572815,4.4832397,1.9428763
826,2.252454,0.17819242,0.6666445732116699,0.011628324165940285,2.0919497,2.718438
827,2.1352243,0.16081631,0.8376120924949646,0.008154632523655891,4.1879306,2.2851086
828,2.1493967,0.12113583,0.85,0.05,4.7743583,1.8216792
829,2.1105652,0.14975722,0.85,0.05,4.558736,2.5886679
830,2.1877472,0.1334477,0.8484081625938416,0.031224695965647697,4.222663,2.143924
831,2.1098921,0.16279931,0.85,0.0038490677252411842,4.8198705,1.7205352
832,2.2272706,0.08976111,0.85,0.05,3.3863506,2.4203632
833,2.1932602,0.14229433,0.8325417637825012,0.023273807018995285,3.1410594,2.61245
834,2.2803102,0.11809727,0.85,0.05,2.1051912,2.754413
835,2.1943653,0.08973486,0.8350144028663635,0.0303412526845932,3.7230725,2.1469133
836,2.2626848,0.14405596,0.85,0.05,2.5476284,2.6017184
837,2.132816,0.17355102,0.85,0.05,4.7802634,2.3258712
838,2.1938672,0.10234173,0.85,0.05,3.1744795,2.2452457
839,2.2168684,0.12069357,0.5627579689025879,0.029103655368089676,3.366304,2.1309247
840,2.1193511,0.1281735,0.85,0.05,5.387027,1.7254776
841,2.3008258,0.06859311,0.6090635657310486,0.060505542904138565,2.4955995,2.5442948
842,2.2102633,0.11484324,0.85,0.029840881004929543,3.1444285,2.2839057
843,2.2412317,0.11294687,0.8406676054000854,0.020670130848884583,2.8466485,1.9192291
844,2.1678102,0.11567567,0.8317794799804688,0.05,3.8767836,2.1051178
845,2.3356893,0.14354776,0.8304704427719116,0.06658760458230972,2.0273464,2.85301
846,2.244341,0.15441152,0.8413006067276001,0.06801832467317581,2.617418,2.7407963
847,2.2211413,0.12581341,0.8286298513412476,0.025188198313117027,3.2728071,2.579966
848,2.1577876,0.14817788,0.8123162388801575,0.043073542416095734,3.903012,1.9309548
849,2.1863914,0.08831456,0.85,0.05,4.1325808,1.9714429
850,2.1595378,0.18531379,0.8201462030410767,0.05,3.5582776,2.3148983
851,2.1711595,0.1645997,0.85,0.05,3.5819767,2.1750824
852,2.0995097,0.10848863,0.85,0.05,5.54172,1.5984732
853,2.2436833,0.1316301,0.85,0.05,2.4373457,2.5059602
854,2.1337926,0.11581232,0.85,0.05,4.8502893,1.6544248
855,2.2328448,0.10816235,0.85,0.05,3.1585653,2.1449265
856,2.2256396,0.13320488,0.85,0.005930477753281593,2.8097541,2.4116373
857,2.1550987,0.1280614,0.8138836622238159,0.05,3.8622997,2.1856987
858,2.2178786,0.12885924,0.7031639814376831,0.05,2.6750097,2.5265284
859,2.246846,0.113407545,0.599902868270874,0.02669474110007286,2.585746,2.6051598
860,2.157122,0.07597863,0.8274187445640564,0.05,4.6356816,1.8227339
861,2.2398624,0.11822247,0.8479642868041992,0.028363091871142387,2.9087749,2.6324568
862,2.1926546,0.09509431,0.6361071467399597,0.039466310292482376,3.9682481,2.119207
863,2.1807282,0.16509666,0.85,0.01168520376086235,3.407465,2.2722638
864,2.1912303,0.102685474,0.7738652229309082,0.0185758788138628,4.0005183,2.309704
865,2.2266142,0.13658343,0.85,0.015103546902537346,3.1579974,2.3182857
866,2.11628,0.1441008,0.85,0.05,4.8476863,1.9116154
867,2.1419663,0.121760406,0.85,0.05,4.4263935,1.8130126
868,2.1689117,0.0899165,0.85,0.05,4.431218,1.9955066
869,2.2295249,0.118473895,0.85,0.05,3.0214152,2.473237
870,2.1977768,0.12668577,0.8076444268226624,0.05,3.5301366,1.9267751
871,2.129857,0.10709666,0.6978634595870972,0.044081855565309525,5.1146116,1.809017
872,2.1589484,0.12368551,0.85,0.005931014660745859,4.370669,1.9249648
873,2.14872,0.2252532,0.7347776293754578,0.025199688971042633,3.1704025,2.2198124
874,2.2021625,0.17024718,0.8398066759109497,0.05,3.4611623,2.5041497
875,2.2241032,0.10977786,0.8364129066467285,0.05,3.318397,2.695281
876,2.207484,0.16289102,0.85,0.010324469767510891,3.145156,2.4408855
877,2.189741,0.1785342,0.8394603729248047,0.02073785476386547,3.2854517,1.8597277
878,2.1616628,0.12835717,0.85,0.007337762974202633,4.487488,2.0770857
879,2.1977491,0.12976007,0.7257767915725708,0.05,3.2866397,2.459595
880,2.2048998,0.121673726,0.85,0.023188244551420212,3.331854,2.5630007
881,2.2042167,0.1686409,0.8130202889442444,0.048319194465875626,2.8952503,2.2944791
882,2.1075656,0.16868249,0.8344787955284119,0.021478818729519844,4.8228035,2.0184097
883,2.1983304,0.12227464,0.85,0.02381903864443302,3.8879118,2.6027904
884,2.17016,0.15134129,0.85,0.05,3.8036544,1.9326549
885,2.1720424,0.15349242,0.7373128533363342,0.04310986399650574,3.7651548,2.1625912
886,2.1882832,0.15404645,0.85,0.05,3.5948577,2.3629396
887,2.0347898,0.12339515,0.8329287767410278,0.02034820429980755,7.518507,1.2323098
888,2.1704597,0.12343603,0.8356984257698059,0.05,4.111907,2.180107
889,2.1793077,0.105923206,0.8230451345443726,0.035185735672712326,3.908085,1.9759742
890,2.2666137,0.081002764,0.85,0.05,2.6402726,2.545462
891,2.1839442,0.103590705,0.85,0.05,3.9474473,1.9014269
892,2.2229595,0.092048936,0.85,0.05,3.2824776,2.2147417
893,2.1502216,0.10508531,0.85,0.05,4.656228,1.6564842
894,2.2043,0.11103271,0.5573891401290894,0.03957096487283707,3.3927035,1.936808
895,2.1460874,0.1789376,0.826781153678894,0.05,3.9674902,2.0613556
896,2.1839306,0.15257059,0.85,0.02819741889834404,3.6774766,2.5524492
897,2.1708248,0.20326754,0.8283541798591614,0.04009299725294113,3.3880734,2.3204007
898,2.2080998,0.11163306,0.85,0.01929638907313347,3.730249,2.1711361
899,2.2265422,0.1492152,0.8162683248519897,0.05,2.5105612,2.54705
900,2.1416187,0.09843858,0.6978168487548828,0.0017174272798001766,4.3379583,1.8783605
901,2.186469,0.10937399,0.85,0.015004940330982208,3.953363,2.2172196
902,2.246385,0.12410275,0.841774582862854,0.05,2.4560947,2.8220067
903,2.2505844,0.02583989,0.85,0.019705841317772865,3.3506322,2.3340409
904,2.2603898,0.09086712,0.6434575915336609,0.04245110601186752,2.7088685,2.0912917
905,2.11765,0.13504645,0.7912277579307556,0.029286494478583336,5.2659636,1.6121385
906,2.1484241,0.1351341,0.85,0.05,4.660383,1.5660087
907,2.1970704,0.15588504,0.85,0.02017792873084545,3.6446404,2.0236075
908,2.2214415,0.116375916,0.85,0.05,3.3807745,2.0710788
909,2.2448795,0.07384441,0.85,0.015740856528282166,2.7059252,2.2489097
910,2.2318811,0.11083381,0.85,0.032302457839250565,3.2168527,2.6536198
911,2.223145,0.10644159,0.85,0.05,2.9436562,2.816078
912,2.2316911,0.120801866,0.85,0.05,2.6173844,2.2864225
913,2.1919637,0.11542723,0.8175906538963318,0.05,3.2903101,2.135307
914,2.179013,0.11364011,0.85,0.0033712966833263636,4.165052,1.8695675
915,2.2256453,0.105576456,0.7838411927223206,0.020606571808457375,3.2788675,2.2667112
916,2.1816528,0.130608,0.85,0.027265915647149086,3.9173872,2.540799
917,2.226681,0.0795996,0.85,0.05,3.274017,2.4496589
918,2.2107873,0.1068293,0.833623468875885,0.05,3.2753103,1.8033348
919,2.1866474,0.16662177,0.8267257213592529,0.045359108597040176,3.046246,2.5078778
920,2.179368,0.15291268,0.85,0.01785019040107727,4.1424084,1.8400896
921,2.2090845,0.09863067,0.85,0.05,3.534132,2.0668263
922,2.2093282,0.14513937,0.8394795060157776,0.05,3.3802867,2.1485577
923,2.1557543,0.10550483,0.85,0.01219769287854433,4.541476,1.9658281
924,2.2694583,0.10054412,0.8366515636444092,0.05,2.350203,2.3785646
925,2.2220042,0.11860973,0.8143332600593567,0.05,2.8529434,2.6978436
926,2.1568031,0.15561478,0.85,0.05,4.7186737,2.1373668
927,2.2324986,0.1220466,0.85,0.013883968815207481,2.8991733,2.2930436
928,2.2444265,0.08901299,0.85,0.024248776957392693,2.8743618,2.7520869
929,2.1622062,0.131698,0.7686538100242615,0.03390050679445267,4.186775,2.559991
930,2.082843,0.14737333,0.85,0.023759989067912102,5.540619,1.6698442
931,2.1744974,0.15933137,0.5750090479850769,0.04306808486580849,3.7508762,1.9436792
932,2.211749,0.13691472,0.7870044708251953,0.05,3.490443,2.8228116
933,2.180838,0.13604744,0.85,0.05,3.5050468,2.4543328
934,2.17097,0.10152631,0.85,0.04321698099374771,4.241848,2.4482608
935,2.2336128,0.14366867,0.7953462600708008,0.02502388507127762,2.4918861,2.6086755
936,2.2761843,0.10120323,0.85,0.030173946171998978,2.5421083,2.4206314
937,2.1657836,0.115960166,0.85,0.015075622126460075,3.9185877,1.8200845
938,2.1850235,0.103380404,0.5656048059463501,0.04091993346810341,3.982332,2.7627306
939,2.2415564,0.14748581,0.8266056776046753,0.05,2.659506,2.590175
940,2.162895,0.14344725,0.85,0.05,3.7603736,2.066203
941,2.2027528,0.12500656,0.819514811038971,0.03512686491012573,3.6241455,2.1932201
942,2.1540256,0.13982145,0.85,0.028691289946436882,4.102664,2.783864
943,2.2769008,0.118257,0.8036167621612549,0.04485265538096428,2.1987524,2.5591464
944,2.2748241,0.07870803,0.4585237503051758,0.06459435820579529,2.2386086,2.6439066
945,2.1532829,0.12271791,0.8347088694572449,0.04010780155658722,4.470237,1.9161167
946,2.2995846,0.085008994,0.85,0.03064814582467079,2.3722563,2.5323534
947,2.1069765,0.11696298,0.85,0.05,4.6238003,1.4078362
948,2.2237704,0.16015503,0.7373814582824707,0.03197987377643585,3.008988,2.4673343
949,2.23833,0.16145125,0.8422765731811523,0.05,2.4447486,2.44039
950,2.2066019,0.09911702,0.85,0.05,3.3220508,1.918438
951,2.112698,0.14572988,0.85,0.019638730213046074,4.9720736,1.8750322
952,2.190139,0.06528975,0.85,0.05,3.776203,1.8752127
953,2.179492,0.112752825,0.7051223516464233,0.05,3.9492133,2.5425146
954,2.2038884,0.10296802,0.842594563961029,0.02486678771674633,3.283901,2.3026133
955,2.1276317,0.15392654,0.85,0.05,4.109144,2.5409753
956,2.311212,0.116411425,0.5263615250587463,0.1134904995560646,2.1919348,2.8611748
957,2.2082388,0.20362206,0.28446632623672485,0.0839197039604187,3.3487048,2.1830277
958,2.164794,0.16818543,0.85,0.016890153288841248,4.235656,2.0134306
959,2.2226534,0.166195,0.8366791009902954,0.03615124151110649,3.0804195,2.4527829
960,2.0904665,0.13737307,0.8291791677474976,0.05,5.0275364,1.5217406
961,2.2075274,0.09371037,0.6115673780441284,0.04165506735444069,3.4033685,2.6274643
962,2.2320244,0.08197381,0.6275070309638977,0.04279458150267601,3.0782633,1.7458308
963,2.2123003,0.14082164,0.8091987371444702,0.05548921599984169,3.1225648,1.9976776
964,2.1813858,0.12535915,0.85,0.03415628895163536,3.4648955,2.5976732
965,2.1974957,0.09800167,0.85,0.05,3.8668137,2.4170785
966,2.1729805,0.12262743,0.6942958831787109,0.05,4.091821,1.6115115
967,2.1306584,0.16721985,0.85,0.05,4.21572,2.1067657
968,2.2397807,0.111027375,0.85,0.03378130495548248,3.3608577,2.5712106
969,2.2418587,0.12167427,0.7218998670578003,0.020244529470801353,2.7140186,2.3132372
970,2.2303503,0.15622883,0.7196847200393677,0.001943932264111936,2.6919875,2.1487343
971,2.212087,0.15390605,0.85,0.002892229938879609,3.1966503,2.3462455
972,2.1686728,0.11200248,0.7493375539779663,0.06483124196529388,3.9884355,2.091244
973,2.22021,0.12774979,0.85,0.05,3.139411,2.3226037
974,2.1636028,0.16840789,0.8316677212715149,0.03968094661831856,3.9535816,2.1826816
975,2.2228436,0.07784576,0.85,0.05,3.3577743,2.194166
976,2.1900637,0.043785762,0.8136749863624573,0.05,4.680441,1.6421348
977,2.1791062,0.15227824,0.8136277794837952,0.05659426748752594,3.5973372,2.7006435
978,2.159473,0.13525657,0.85,0.04073066636919975,4.6546803,2.6184707
979,2.1889105,0.06339132,0.7954567670822144,0.007761959917843342,4.2343245,1.9337889
980,2.166829,0.12206234,0.7875851392745972,0.04433600604534149,4.07188,2.341186
981,2.1218617,0.16496484,0.85,0.05,4.8697376,1.8126477
982,2.163697,0.18084142,0.8282671570777893,0.03509551286697388,3.774608,1.9918718
983,2.2300937,0.09634554,0.25535881519317627,0.05381520092487335,2.9675632,2.7212179
984,2.2341292,0.13217612,0.8469109535217285,0.03610987961292267,2.8164523,2.5291386
985,2.0853512,0.12010448,0.8170437216758728,0.04422583803534508,5.449038,1.4746969
986,2.230577,0.12763219,0.838154137134552,0.028400961309671402,2.9235387,2.4352162
987,2.144309,0.124513,0.745490550994873,0.0410788469016552,4.168593,1.9062864
988,2.1792982,0.12488333,0.6620544195175171,0.026547294110059738,3.5440638,2.7069595
989,2.2024276,0.13050032,0.85,0.05,3.5133088,2.4558892
990,2.0986953,0.13087682,0.7743740081787109,0.06437631696462631,5.674496,1.4301939
991,2.204119,0.102361225,0.85,0.05,3.3230393,2.789094
992,2.158091,0.118854724,0.85,0.05,4.5217586,2.0185714
993,2.1748226,0.11978219,0.8214280605316162,0.004500336013734341,3.6631455,2.1318145
994,2.0331678,0.024668947,0.85,0.08070532977581024,11.403361,1.61589
995,2.151966,0.101684235,0.85,0.01829610764980316,4.484779,1.6417228
996,2.1780825,0.13257718,0.8246720433235168,0.02633797563612461,3.9063163,2.1513925
997,2.1831563,0.1147327,0.85,0.05,3.8602822,2.202608
998,2.0940843,0.16774018,0.8359999060630798,0.003292754990980029,4.7414293,1.4370475
999,2.164101,0.12698224,0.85,0.023126045241951942,4.3151884,2.1969595
1000,2.1119082,0.13196175,0.8248484134674072,0.017707224935293198,4.9189262,1.3543763
1001,2.1821344,0.1435784,0.85,0.05,3.8200276,2.1919382
1002,2.1255527,0.13476998,0.85,0.0010617421939969063,4.523054,1.9464196
1003,2.1297648,0.10944791,0.7247181534767151,0.05,4.756975,1.7781796
1004,2.194129,0.14418733,0.7448690533638,0.022432928904891014,3.5159638,2.1950884
1005,2.2226307,0.12294851,0.85,0.05,3.0343335,2.5730128
1006,2.2534184,0.09084214,0.85,0.03291770815849304,2.6444225,2.7903166
1007,2.2027495,0.1954596,0.85,0.0352364182472229,3.0631545,2.472739
1008,2.2038348,0.122673795,0.8084315061569214,0.05,3.590251,1.9650662
1009,2.118318,0.1380414,0.85,0.0017687097424641252,4.9616804,1.7261748
1010,2.1245646,0.08210599,0.8346138596534729,0.0300450399518013,5.5498137,1.1644943
1011,2.1876812,0.09307115,0.6545179486274719,0.05,3.454336,2.2549381
1012,2.138401,0.039432302,0.85,0.05,5.1348596,1.5039005
1013,2.1751359,0.21150663,0.85,0.010542642325162888,3.2283857,2.6375213
1014,2.2376173,0.06667547,0.85,0.05,2.951344,2.6304
1015,2.143375,0.102553435,0.6729051470756531,0.00450921943411231,4.2281814,1.6609342
1016,2.2048845,0.14783327,0.8257446885108948,0.05,3.2437105,2.5231628
1017,2.142908,0.1230375,0.85,0.05,4.525875,2.298449
1018,2.1183999,0.10647633,0.8398340344429016,0.03619661182165146,4.808685,1.6691397
1019,2.225997,0.14629269,0.7384008169174194,0.05,2.6293337,2.6120086
1020,2.159346,0.09457904,0.85,0.022244306281208992,4.4310455,1.7760184
1021,2.1630204,0.11628122,0.8091229796409607,0.05,4.113292,1.9145733
1022,2.1827989,0.15422018,0.4824187159538269,0.0326395258307457,3.1280723,2.3504207
1023,2.1709464,0.118520334,0.85,0.05,4.3577957,2.0841787
1024,2.1531076,0.14805593,0.7643555998802185,0.06120498850941658,4.0485826,2.024629
1025,2.193833,0.14773865,0.7850812673568726,0.09564387053251266,3.8686194,2.4140663
1026,2.1173832,0.13320021,0.85,0.05,5.078736,1.642427
1027,2.2517343,0.12905349,0.6433501243591309,0.05,2.705718,2.7946358
1028,2.1512873,0.14093319,0.8246113657951355,0.02283083274960518,3.9845877,1.7200379
1029,2.1517203,0.09834232,0.85,0.05,4.438626,1.7812272
1030,2.3471253,0.10665212,0.18343332409858704,0.04580019414424896,2.0006297,2.735989
1031,2.2350214,0.12203119,0.85,0.05,3.142374,2.6927497
1032,2.1911256,0.14289369,0.6431787014007568,0.06900566071271896,3.76127,2.536511
1033,2.2010555,0.1384086,0.810109555721283,0.012805724516510963,3.4853406,2.3468623
1034,2.2556353,0.11815409,0.85,0.033100616186857224,2.6372151,2.6194897
1035,2.154861,0.10171718,0.85,0.05,4.687786,1.6776328
1036,2.1615987,0.08071164,0.8444780111312866,0.05,4.4829607,1.97278
1037,2.1200135,0.13644336,0.575749397277832,0.049610476940870285,4.807307,1.8886938
1038,2.1706247,0.16329849,0.85,0.00638755364343524,3.5397866,2.1633732
1039,2.1747224,0.14535373,0.8241364359855652,0.05,3.5330153,2.153007
1040,2.1228454,0.17087625,0.8346923589706421,0.05,4.5556307,1.8162698
1041,2.137546,0.088365674,0.8271034359931946,0.04183660447597504,5.20542,1.7225492
1042,2.1767461,0.08275361,0.85,0.03771081939339638,3.842332,2.142801
1043,2.1502304,0.1437458,0.837464451789856,0.014429979957640171,4.0406833,1.8593494
1044,2.1274805,0.10112636,0.85,0.05,4.9339433,1.7109144
1045,2.1975567,0.109833896,0.7590551376342773,0.05,3.3882852,2.256831
1046,2.1965709,0.12095816,0.85,0.05,3.802016,1.8663963
1047,2.2334902,0.09165663,0.8114398717880249,0.05,3.2025485,2.1635582
1048,2.202551,0.081617035,0.8158547282218933,0.05,3.3438103,2.5674207
1049,2.2044313,0.15195201,0.7534295916557312,0.049216751009225845,3.1835022,2.187988
1050,2.1376073,0.12764597,0.8290238976478577,0.020061317831277847,4.558349,1.5836475
1051,2.2344038,0.16147943,0.7871335744857788,0.05436622351408005,2.6432178,2.7562323
1052,2.1941354,0.12775996,0.7939386963844299,0.0421845018863678,3.9551861,2.2781866
1053,2.2776592,0.096116684,0.85,0.05,2.161988,2.6397276
1054,2.236088,0.11067795,0.85,0.05,3.1433966,2.4307
1055,2.1869495,0.109907985,0.85,0.05,4.0308714,2.263
1056,2.2194788,0.12887077,0.85,0.05,3.4217625,2.3633404
1057,2.182426,0.08135828,0.85,0.05,4.3611293,2.1706598
1058,2.1999838,0.11846721,0.85,0.025194384157657623,3.8228333,2.176627
1059,2.1590757,0.09539345,0.85,0.05,4.8032784,1.84554
1060,2.2460694,0.15103257,0.85,0.05,2.493613,2.7413409
1061,2.1816428,0.15903394,0.85,0.05,3.6961796,2.3713417
1062,2.2832954,0.06710601,0.85,0.05,2.5383325,2.468917
1063,2.2371657,0.17944767,0.8072506189346313,0.034361205995082855,2.4036698,2.840343
1064,2.1923525,0.14746585,0.85,0.029928656294941902,3.198167,2.833749
1065,2.1945252,0.108997986,0.85,0.05,3.813899,1.8846495
1066,2.2627194,0.124311775,0.85,0.05,2.3085496,2.4829106
1067,2.2410898,0.12402927,0.8472176194190979,0.015548467636108398,2.7759786,2.281583
1068,2.1710513,0.16633071,0.85,0.05,4.1093616,1.973079
1069,2.2030838,0.13359274,0.85,0.05,3.1955612,2.3378859
1070,2.299785,0.14315099,0.5797730088233948,0.05228666216135025,2.0759442,2.6111684
1071,2.1474779,0.13670334,0.85,0.05,4.111069,1.7394785
1072,2.0485318,0.09121948,0.8386497497558594,0.04250319302082062,7.286838,1.368651
1073,2.25546,0.12782326,0.8138274550437927,0.032106004655361176,2.5457737,2.555799
1074,2.1503313,0.11395957,0.85,0.05,4.6695733,1.9663543
1075,2.2174482,0.101907976,0.85,0.05,3.5968158,2.6069307
1076,2.1952693,0.123063594,0.8317923545837402,0.031832195818424225,3.6767201,1.9943638
1077,2.1991336,0.20381913,0.8437801003456116,0.0377994142472744,3.0807447,2.6435082
1078,2.1890454,0.22182524,0.85,0.05,3.1627157,2.4845636
1079,2.177987,0.14936104,0.8122694492340088,0.03653101995587349,3.1336598,1.8998564
1080,2.1985726,0.1311631,0.85,0.015049293637275696,3.7775075,2.4354348
1081,2.1208434,0.12579119,0.85,0.05,5.05559,1.5688597
1082,2.2756836,0.12680294,0.85,0.05,2.6620176,2.699991
1083,2.169197,0.07861232,0.36863669753074646,0.03262948989868164,4.099349,1.9270853
1084,2.1082032,0.124338195,0.8191455006599426,0.0034281841944903135,4.7919188,1.6185458
1085,2.1446245,0.12567462,0.802157461643219,0.025802429765462875,4.7223773,1.9365293
1086,2.0927718,0.09925454,0.85,0.023208316415548325,5.730115,1.3788669
1087,2.1918502,0.16582298,0.85,0.05,3.3976865,2.3426294
1088,2.178028,0.1579024,0.85,0.01796002872288227,3.930816,2.0683784
1089,2.201039,0.08434377,0.7208495736122131,0.04091636836528778,3.7587898,2.0727403
1090,2.175431,0.07332393,0.85,0.05,4.6856275,1.9809637
1091,2.2200367,0.14075842,0.85,0.024945730343461037,3.0855772,2.1802466
1092,2.1903796,0.11100235,0.85,0.05,4.0665145,2.1220262
1093,2.1243317,0.06402247,0.810680627822876,0.05,5.0986633,1.3585501
1094,2.1811197,0.11837064,0.85,0.05,4.4574184,1.8891618
1095,2.2869852,0.11317438,0.7952792644500732,0.03848640248179436,2.502156,2.7050908
1096,2.1464705,0.14146093,0.85,0.01533748209476471,4.598639,2.1536496
1097,2.209385,0.12536716,0.8262360692024231,0.05069426819682121,3.5767558,2.5055337
1098,2.1838048,0.14204757,0.7024708986282349,0.036008261144161224,4.2765446,2.204494
1099,2.2227812,0.09047528,0.824664294719696,0.03549136966466904,3.6126156,2.2822514
1100,2.2493699,0.11776211,0.8140844106674194,0.05,2.4855835,2.0925431
1101,2.235302,0.15685332,0.85,0.05,2.5941162,2.7339032
1102,2.0699492,0.15245,0.8261255621910095,0.05,5.3777285,1.4302802
1103,2.2035978,0.12619606,0.809045672416687,0.032659102231264114,2.950325,2.414051
1104,2.122142,0.17321937,0.85,0.05,4.7720537,1.8676896
1105,2.1453252,0.15041552,0.85,0.05,4.5266814,2.1882775
1106,2.2789166,0.10217131,0.85,0.05,2.540695,2.4477437
1107,2.2740777,0.10962253,0.8421009182929993,0.018158460035920143,2.2919781,2.572048
1108,2.15446,0.14445741,0.8345902562141418,0.05,4.310801,2.3388321
1109,2.173395,0.0870429,0.7885379195213318,0.030384933575987816,4.178412,1.6310581
1110,2.2041953,0.16454013,0.85,0.020240291953086853,3.1183043,2.5369015
1111,2.203306,0.15155287,0.7201735973358154,0.026626085862517357,3.2264037,2.2315295
1112,2.1743858,0.102154054,0.8285830616950989,0.028832323849201202,4.044768,1.8576937
1113,2.1757684,0.11425972,0.85,0.05,4.0852737,1.8817612
1114,2.1373136,0.13511218,0.85,0.05,4.5139318,1.8001611
1115,2.1168294,0.10941688,0.85,0.015085013583302498,5.271133,1.5472152
1116,2.2918317,0.14014477,0.6060395836830139,0.06641116738319397,2.512353,2.6899753
1117,2.226613,0.14630248,0.7678832411766052,0.04177749156951904,2.6468508,2.6264625
1118,2.1385975,0.14982668,0.8057764172554016,0.05,4.609951,1.6107099
1119,2.165368,0.1811493,0.85,0.05,3.7566345,1.9344995
1120,2.2224567,0.16680807,0.8455963134765625,0.029325004667043686,2.8734272,2.843941
1121,2.2099679,0.09733824,0.85,0.01524247694760561,3.4172328,2.2283561
1122,2.186847,0.12089236,0.8224896192550659,0.025188513100147247,3.3923273,2.33189
1123,2.2127666,0.18099225,0.8381916880607605,0.05,2.964173,2.698889
1124,2.227307,0.15414338,0.85,0.021155167371034622,2.6420434,2.2774765
1125,2.152352,0.10465769,0.85,0.05,4.507989,1.696094
1126,2.2037468,0.09861415,0.85,0.00975592341274023,3.966042,2.17134
1127,2.0924308,0.18286921,0.85,0.0010620284592732787,4.9167466,1.6052463
1128,2.2048287,0.11444357,0.8375287652015686,0.05,3.924096,2.3879526
1129,2.214692,0.12839858,0.85,0.03415752202272415,3.3275428,2.5576396
1130,2.1623101,0.13200018,0.28399765491485596,0.013328522443771362,4.144513,1.959463
1131,2.1731982,0.098103106,0.8158742785453796,0.05168568715453148,3.6440594,2.6296625
1132,2.1545672,0.10913233,0.85,0.011973636224865913,4.8762445,1.861286
1133,2.196467,0.06450425,0.85,0.05,3.3167036,1.7923255
1134,2.2299953,0.10945451,0.85,0.016371021047234535,3.2829504,2.2539284
1135,2.1975882,0.13132393,0.85,0.029316486790776253,3.4180834,2.6323678
1136,2.1752653,0.113595925,0.8046531677246094,0.05,3.734402,1.7642983
1137,2.2136643,0.13792536,0.839967668056488,0.024464759975671768,3.510834,2.1609905
1138,2.1589081,0.15130629,0.7920743823051453,0.0159012321382761,3.9475098,1.7292644
1139,2.0718255,0.11342981,0.85,0.05,5.6606145,1.259496
1140,2.207139,0.11561015,0.85,0.05,3.4632192,2.3642707
1141,2.2232664,0.119609766,0.836946964263916,0.037077076733112335,3.3025625,2.1283538
1142,2.1968534,0.10159804,0.85,0.048121508210897446,3.931498,2.4208302
1143,2.1960342,0.117857,0.8233417868614197,0.03334710747003555,3.9918022,2.515842
1144,2.1879077,0.102105714,0.85,0.05,3.9320574,2.5752869
1145,2.092577,0.058616698,0.721589207649231,0.02731018327176571,6.219891,1.6082027
1146,2.2012281,0.100217,0.85,0.018772361800074577,3.908426,2.2606704
1147,2.0548263,0.16424632,0.7166344523429871,0.028363637626171112,5.538852,1.2779876
1148,2.2009115,0.18871275,0.7722989916801453,0.042765889316797256,2.7142737,2.8770924
1149,2.194774,0.09901577,0.3611869513988495,0.05,3.5365686,2.2488115
1150,2.232838,0.15743233,0.85,0.026656165719032288,2.6093013,2.6020975
1151,2.171851,0.104847886,0.7948172092437744,0.05,3.9386055,1.691457
1152,2.2066195,0.13389201,0.85,0.05,2.9724,1.9561774
1153,2.252396,0.104464434,0.85,0.03314817696809769,2.9044268,2.7800217
1154,2.205192,0.19363987,0.85,0.015700211748480797,2.662316,2.5786574
1155,2.2151353,0.08995627,0.85,0.007196628488600254,3.6819043,2.6300545
1156,2.2045295,0.11460187,0.8331219553947449,0.05,3.4473388,2.4155684
1157,2.1615791,0.13684037,0.7944076061248779,0.0024096413981169462,4.105776,2.1810827
1158,2.131051,0.104004115,0.85,0.001140462700277567,4.7905765,1.6046788
1159,2.1714246,0.12489748,0.8470638394355774,0.05,4.4372277,2.3124893
1160,2.1700847,0.17962813,0.85,0.05,3.8179123,2.395922
1161,2.209899,0.12382384,0.8382267355918884,0.0326150506734848,3.732742,2.210513
1162,2.145375,0.077983834,0.85,0.05,4.913866,1.7541739
1163,2.2137463,0.12638144,0.85,0.05,3.3731833,2.188551
1164,2.2170367,0.12125283,0.7559598088264465,0.05,3.108691,2.1412652
1165,2.177951,0.12753259,0.85,0.05,3.6518407,2.2619255
1166,2.1927474,0.13406314,0.8276768922805786,0.043813273310661316,4.021871,2.143834
1167,2.1801896,0.113515094,0.85,0.040634285658597946,4.42803,1.9597092
1168,2.147657,0.12252396,0.85,0.02842899225652218,4.5684514,1.9558505
1169,2.1725714,0.060869634,0.85,0.01937415823340416,4.514649,2.0790062
1170,2.1270924,0.11705599,0.8188894987106323,0.05,4.9718485,1.5893602
1171,2.1420763,0.12662876,0.85,0.05,4.506058,2.0442605
1172,2.1618547,0.07998675,0.6222770810127258,0.02955859713256359,4.2731495,1.8490013
1173,2.24044,0.08841004,0.85,0.018282199278473854,3.0122736,2.456568
1174,2.1650562,0.09664199,0.8189504742622375,0.017362341284751892,4.4280915,2.1125536
1175,2.1821475,0.08990591,0.85,0.05,4.4914603,1.5793364
1176,2.12436,0.13334489,0.7866151332855225,0.05,4.91157,2.1691732
1177,2.1042414,0.12829198,0.85,0.05,5.093196,1.5820941
1178,2.22057,0.14901775,0.85,0.02287236601114273,3.0290422,2.6738012
1179,2.1452541,0.09428949,0.8068764805793762,0.043483901768922806,4.273079,1.7715671
1180,2.1519177,0.10450897,0.773541271686554,0.05,4.46306,1.8275661
1181,2.1638405,0.09016037,0.85,0.05,3.9350266,1.6793323
1182,2.1698797,0.10868978,0.8379448652267456,0.014025604352355003,4.3670382,2.1847117
1183,2.168363,0.124930695,0.85,0.05,3.9556422,2.085761
1184,2.1063428,0.14194252,0.85,0.05,4.755153,1.6532993
1185,2.1937354,0.097182475,0.812348484992981,0.05008980259299278,4.030308,2.1595652
1186,2.12203,0.12901142,0.7511801719665527,0.05669621750712395,4.780685,1.8611355
1187,2.199954,0.07661851,0.8321155905723572,0.019589832052588463,3.8166056,1.7808789
1188,2.0955002,0.13884316,0.85,0.05,5.551207,1.5288001
1189,2.2587938,0.12322994,0.6443734169006348,0.056358300149440765,2.8352282,2.7522106
1190,2.1624315,0.13539682,0.8254446387290955,0.04687900096178055,4.444098,2.1917467
1191,2.2162547,0.122678064,0.85,0.05,3.4255989,2.5100403
1192,2.1644523,0.13375254,0.85,0.05,3.7469723,2.070192
1193,2.230757,0.034539077,0.8400996923446655,0.02943447045981884,3.942865,1.8715608
1194,2.2572954,0.12073816,0.7776905298233032,0.049442168325185776,2.6893342,2.797035
1195,2.2227302,0.11923444,0.7853704690933228,0.05,3.0266402,2.5992446
1196,2.1679652,0.08172645,0.8206211924552917,0.0333227701485157,3.9653058,1.9391724
1197,2.203037,0.14986038,0.85,0.05,3.6249723,2.206387
1198,2.1904674,0.09378453,0.85,0.05,4.0981374,2.1800437
1199,2.142509,0.14550945,0.85,0.05,4.497208,2.033398
1200,2.1743028,0.08995031,0.85,0.05,4.439477,1.6813062
1201,2.206527,0.15429929,0.85,0.05,3.3911774,2.2977827
1202,2.1583462,0.10190699,0.85,0.020634768530726433,4.478499,2.3209708
1203,2.1293497,0.12806743,0.85,0.05,4.7454643,1.656344
1204,2.2179942,0.09108545,0.85,0.03600774332880974,3.7693572,2.7086356
1205,2.214956,0.17621213,0.8283005952835083,0.05486033856868744,2.856608,2.4541955
1206,2.1577559,0.13897394,0.8244010210037231,0.026217086240649223,4.084071,2.0190516
1207,2.1940858,0.0747796,0.85,0.013222127221524715,4.5037355,1.8866986
1208,2.164399,0.119840756,0.824146568775177,0.03504103422164917,4.4058642,1.7990317
1209,2.192723,0.16550334,0.806860625743866,0.040148645639419556,3.4564419,2.6239843
1210,2.2078269,0.14584816,0.7971224188804626,0.019256925210356712,3.5954728,1.9809469
1211,2.202554,0.06974175,0.85,0.05,4.195976,1.9020256
1212,2.2265244,0.1131667,0.7910957932472229,0.0507689006626606,2.8188305,2.5819945
1213,2.208037,0.1524441,0.85,0.029151558876037598,3.4986095,2.3569722
1214,2.3561547,0.1019775,0.0636187270283699,0.1581716239452362,2.0265036,2.7149632
1215,2.205359,0.1606844,0.85,0.05,3.427045,2.8123395
1216,2.2146723,0.057595026,0.85,0.004397183656692505,3.5819924,2.20042
1217,2.1672578,0.13726759,0.85,0.05,4.1988516,2.5067062
1218,2.2158601,0.1255417,0.85,0.05,3.1717582,2.812057
1219,2.1866262,0.08474842,0.8402480483055115,0.03337990865111351,4.072038,1.9616787
1220,2.2019637,0.09023444,0.85,0.05,3.5653713,2.0743396
1221,2.1719387,0.069051795,0.85,0.05,4.7199855,1.7687519
1222,2.1642635,0.1312646,0.85,0.05,4.547536,1.9470344
1223,2.1936095,0.119427115,0.8284096121788025,0.01759238913655281,3.6556518,2.1096983
1224,2.1826916,0.10407438,0.85,0.05,3.6599746,2.4907994
1225,2.1279337,0.12561585,0.85,0.05,5.22456,1.6772581
1226,2.2751997,0.08302007,0.41479766368865967,0.05,2.6117702,2.557525
1227,2.1747746,0.14882167,0.85,0.060505397617816925,3.9307475,2.4642575
1228,2.1111288,0.07761215,0.85,0.05,5.0377097,1.4529916
1229,2.2403467,0.091044225,0.85,0.05,2.7535033,2.1499271
1230,2.2345922,0.12708634,0.4984484016895294,0.10633673518896103,3.0022495,2.3017828
1231,2.1225796,0.15117621,0.8157284259796143,0.02120315656065941,4.168586,1.5874044
1232,2.1524963,0.062469978,0.85,0.05,4.6541276,2.1636574
1233,2.1667554,0.14420861,0.85,0.03897120803594589,4.3877573,2.2836225
1234,2.142608,0.1574444,0.85,0.05,4.4957027,1.6068567
1235,2.1107738,0.16730805,0.85,0.05,4.7850614,1.7827436
1236,2.1596448,0.13078722,0.85,0.05,4.3702044,1.9229008
1237,2.1352894,0.15763889,0.85,0.004944047424942255,4.5269985,1.6827067
1238,2.2337801,0.059610646,0.85,0.04056441783905029,3.5932438,2.579029
1239,2.1498835,0.14916243,0.85,0.02783552184700966,4.426359,1.6661088
1240,2.1832674,0.12726586,0.85,0.05,4.0323,1.840663
1241,2.115444,0.11468386,0.85,0.033202338963747025,5.624547,1.6346426
1242,2.2778676,0.07317173,0.7300439476966858,0.05,2.1645086,2.6814585
1243,2.1777675,0.10498107,0.85,0.05,3.973864,1.9937626
1244,2.149563,0.10162,0.8116319179534912,0.03890905901789665,4.341105,1.7788928
1245,2.196584,0.14555596,0.8452188372612,0.03774820268154144,3.4585254,2.7310967
1246,2.1541765,0.12838785,0.6273989677429199,0.03999729081988335,5.001971,2.4562988
1247,2.1457758,0.12880014,0.85,0.05,4.5102506,1.7872218
1248,2.2008216,0.082749546,0.85,0.05,3.8697543,2.5721374
1249,2.2133212,0.124909386,0.8259114027023315,0.011106063611805439,3.3349733,2.3813045
1250,2.148288,0.10597477,0.8388540744781494,0.018193835392594337,4.4719067,1.7834121
1251,2.2227361,0.16153376,0.7372553944587708,0.028160396963357925,2.9880743,2.6535873
1252,2.2176824,0.08497124,0.8148869276046753,0.05952209606766701,4.067034,2.3390636
1253,2.151703,0.14649713,0.85,0.05,4.7283263,1.9280093
1254,2.13746,0.14010672,0.8216306567192078,0.05,4.197386,1.8262826
1255,2.2456956,0.07291435,0.8446784615516663,0.05,3.1881852,2.1667826
1256,2.146,0.09115376,0.85,0.0015505370683968067,5.0588083,1.7940112
1257,2.2226954,0.12495826,0.85,0.05,3.2226865,2.1897218
1258,2.2395563,0.13420852,0.85,0.016530631110072136,2.7769814,2.6222274
1259,2.2267828,0.08188853,0.85,0.05,2.754837,2.4026585
1260,2.0827117,0.12317857,0.8410943746566772,0.05,5.0695653,1.4335978
1261,2.1698012,0.13613863,0.7541038393974304,0.05322503671050072,4.0908823,2.108637
1262,2.1468232,0.0983617,0.8387624621391296,0.030216554179787636,4.737402,1.9602662
1263,2.1600256,0.11285752,0.85,0.05,3.8996646,2.0665188
1264,2.175652,0.077098094,0.8273749947547913,0.013718889094889164,4.6300197,1.9402941
1265,2.1749547,0.101547055,0.85,0.023229720070958138,3.8118281,2.0764585
1266,2.2130764,0.11038176,0.8218148946762085,0.034143462777137756,3.2989647,2.2155843
1267,2.1945174,0.068767436,0.85,0.05,3.699377,1.8069272
1268,2.3230672,0.09327477,0.7377640604972839,0.03801422193646431,2.1272712,2.461587
1269,2.2433844,0.10976934,0.809546947479248,0.06273883581161499,2.8159275,2.5729136
1270,2.1886988,0.1503968,0.85,0.003792867297306657,3.956326,2.386171
1271,2.1350384,0.11325229,0.827501654624939,0.011294429190456867,4.3625097,1.7159433
1272,2.108364,0.15513821,0.85,0.022722899913787842,5.010034,1.6738353
1273,2.1618936,0.16372994,0.8252376317977905,0.05,3.9546988,2.0789852
1274,2.1580966,0.15125643,0.6825522184371948,0.05,4.098095,2.138304
1275,2.1856718,0.13340427,0.85,0.05,3.6749606,2.2000108
1276,2.171757,0.15308999,0.8451811671257019,0.026512281969189644,3.5617456,2.5744462
1277,2.2325385,0.15200485,0.40793484449386597,0.01368839479982853,2.9307485,2.2136245
1278,2.2148633,0.14206879,0.85,0.013052502647042274,3.3167017,2.1635535
1279,2.1432576,0.064808495,0.85,0.05,4.8395815,1.6389349
1280,2.1806903,0.12724996,0.85,0.05,3.884893,1.9849566
1281,2.2361932,0.10633363,0.3963952660560608,0.05,2.9792957,2.1267552
1282,2.2178373,0.11911525,0.5689999461174011,0.0228269100189209,3.5495682,2.0553455
1283,2.2240033,0.15607011,0.85,0.022309089079499245,3.0286126,2.6361234
1284,2.191587,0.10815267,0.7751299142837524,0.03924141079187393,3.5100427,2.4402373
1285,2.1781693,0.142853,0.8419959545135498,0.026844186708331108,4.0153275,2.1141434
1286,2.1252456,0.06599411,0.8442820906639099,0.05,4.9132276,1.4842755
1287,2.1356816,0.14005846,0.85,0.05,4.232941,1.6105444
1288,2.210357,0.09135772,0.7029412388801575,0.0440668947994709,3.8253648,2.443286
1289,2.1600115,0.091319315,0.8340858817100525,0.03394130989909172,4.166782,1.7723576
1290,2.1084635,0.15805078,0.85,0.05,4.5615807,1.542353
1291,2.080243,0.16615851,0.8116738200187683,0.026935134083032608,4.97385,1.3901039
1292,2.1713362,0.1258828,0.8447133302688599,0.05,4.1356883,2.534668
1293,2.1752164,0.18470658,0.85,0.05,3.7244205,1.8816483
1294,2.2156188,0.090743296,0.832981288433075,0.023655936121940613,3.7573876,1.7847433
1295,2.1854055,0.12688321,0.85,0.038217805325984955,4.056251,2.3066647
1296,2.192204,0.081694156,0.85,0.05,3.8857179,1.7468451
1297,2.2534842,0.11314418,0.85,0.019207896664738655,2.8020408,2.482529
1298,2.1607347,0.14167953,0.85,0.05,3.7569501,1.9529543
1299,2.210988,0.08924241,0.85,0.05,3.904147,2.1781647
1300,2.3061185,0.112636164,0.6685316562652588,0.053952284157276154,2.336311,2.8201642
1301,2.2280636,0.052835867,0.6168332695960999,0.04565971717238426,3.398108,2.0822978
1302,2.1458573,0.13512303,0.85,0.05,4.433418,1.720574
1303,2.1359859,0.116556466,0.85,0.05,3.8615036,1.7989104
1304,2.173449,0.15619677,0.835235595703125,0.04607948288321495,3.6773283,2.2625556
1305,2.2567945,0.11528834,0.8413848876953125,0.04738296568393707,2.656892,2.6919188
1306,2.1423097,0.1353126,0.8232918381690979,0.012380646541714668,4.4953585,1.8268908
1307,2.1805046,0.1564951,0.5170450806617737,0.021240953356027603,3.3969564,2.1077287
1308,2.1878126,0.09065196,0.85,0.013116133399307728,4.0520854,2.163717
1309,2.1947186,0.090854205,0.8117378354072571,0.013586624525487423,4.439758,1.821027
1310,2.1687412,0.13058819,0.85,0.05,3.4078515,2.0966575
1311,2.191927,0.11942917,0.796419620513916,0.05,3.898372,2.581738
1312,2.2665925,0.091954574,0.8425106406211853,0.0343729592859745,2.6511624,2.7263215
1313,2.1710534,0.13667823,0.7293219566345215,0.03341091796755791,3.8790965,2.1233175
1314,2.1047044,0.12664206,0.7270367741584778,0.04209532216191292,4.965244,1.5344293
1315,2.1406202,0.15970449,0.85,2.337788828299381e-05,4.5411267,1.8672206
1316,2.108628,0.144493,0.85,0.05,4.6171403,1.5794846
1317,2.123028,0.09444135,0.85,0.05,4.960667,1.5529593
1318,2.1292255,0.0759813,0.85,0.0109412781894207,4.9972696,1.7341322
1319,2.1819954,0.06861995,0.7250949144363403,0.01298778411000967,4.468746,2.0014148
1320,2.2023928,0.123831116,0.8268958926200867,0.03361613303422928,3.337931,1.9032475
1321,2.2023163,0.10233755,0.85,0.05,3.5396008,2.1000814
1322,2.1583593,0.09190047,0.85,0.018064599484205246,4.6303587,1.9861114
1323,2.1703146,0.14995047,0.85,0.05,3.9615157,2.2248788
1324,2.165,0.12931684,0.7264352440834045,0.0026038766372948885,4.02165,1.9790132
1325,2.172765,0.11934895,0.85,0.021994464099407196,3.7858253,2.18164
1326,2.188751,0.16273448,0.85,0.05,3.5441196,2.2183747
1327,2.2420819,0.123706535,0.8246222138404846,0.03941276669502258,3.147791,2.7869694
1328,2.220748,0.09954959,0.85,0.029636723920702934,3.3609686,2.8550265
1329,2.1622374,0.14902261,0.8378344178199768,0.02767954021692276,4.222398,2.1365116
1330,2.1198597,0.15905012,0.8203026652336121,0.05,4.4910645,2.0902963
1331,2.2558784,0.10852844,0.7317361235618591,0.04305779188871384,2.6071777,2.259025
1332,2.0717661,0.13712464,0.85,0.05,6.2011743,1.4234424
1333,2.1152098,0.08983802,0.85,0.05,5.1679816,1.4422966
1334,2.131198,0.10967336,0.85,0.05,4.7633634,1.6827288
1335,2.1580982,0.15943263,0.85,0.024940505623817444,4.073392,2.2289648
1336,2.2387235,0.08017577,0.85,0.05,3.4513106,2.1278694
1337,2.1902173,0.1081428,0.85,0.05,3.6979833,1.9984939
1338,2.2086616,0.096380174,0.830704391002655,0.017269568517804146,3.4135792,2.1713974
1339,2.1530714,0.14178856,0.8422465324401855,0.02797517366707325,3.605182,2.468846
1340,2.1999102,0.081446715,0.85,0.006373136769980192,4.0548215,1.889513
1341,2.1537907,0.07367323,0.85,0.05,4.565362,2.0294812
1342,2.1709735,0.12017668,0.7980319261550903,0.02627302147448063,4.1975827,1.7968396
1343,2.198232,0.08186173,0.85,0.0095280222594738,4.3195844,2.101101
1344,2.133867,0.15146299,0.85,0.020793776959180832,4.359784,2.2346644
1345,2.2239807,0.104288645,0.85,0.05,3.0298755,2.741665
1346,2.201859,0.13033164,0.8322733044624329,0.05,3.4849052,2.4895554
1347,2.1666646,0.085026346,0.85,0.0040619648061692715,4.6016717,1.756649
1348,2.189337,0.120247915,0.8006475567817688,0.03878607973456383,3.778191,2.8666923
1349,2.1710713,0.12218143,0.8411165475845337,0.014379126951098442,4.170294,1.945431
1350,2.1905766,0.087699234,0.85,0.05,3.9707901,2.1226454
1351,2.2534602,0.116261154,0.85,0.032766349613666534,2.7304685,2.7511318
1352,2.2469974,0.16011184,0.8361901044845581,0.031037475913763046,1.9571536,2.6000423
1353,2.1750495,0.12798677,0.85,0.01395061332732439,3.8344243,2.0693684
1354,2.1421552,0.1216627,0.6906210780143738,0.04654109850525856,4.589387,1.874929
1355,2.1557808,0.09903192,0.85,0.011408604681491852,4.08682,2.0247047
1356,2.1311243,0.18148176,0.85,0.05,4.0987897,1.6741945
1357,2.1239004,0.09009619,0.838549017906189,0.03611335903406143,4.855972,1.9522477
1358,2.3053288,0.07239253,0.85,0.01776849292218685,2.1384141,2.2569995
1359,2.2454748,0.11156057,0.7742922306060791,0.032391007989645004,2.9230156,2.5666797
1360,2.1637251,0.108010836,0.85,0.05,4.5222554,1.7305253
1361,2.151232,0.14571251,0.8328614234924316,0.03170396387577057,4.453508,1.8991057
1362,2.1154532,0.1480068,0.8250423073768616,0.05,5.084728,1.6862779
1363,2.1483688,0.092561476,0.8470016717910767,0.010132518596947193,4.3513207,1.9589427
1364,2.2839525,0.11446292,0.6928993463516235,0.05634129047393799,2.3840091,2.6100338
1365,2.1514533,0.115310274,0.85,0.05,4.742945,1.9027433
1366,2.1347902,0.13133153,0.85,0.029284317046403885,4.6633615,2.1623755
1367,2.1618562,0.13754004,0.85,0.05,4.1395855,2.3760638
1368,2.1766334,0.072175905,0.85,0.03926769644021988,4.365084,1.951385
1369,2.2275326,0.0653338,0.3965493142604828,0.05697168409824371,3.3922334,2.5787947
1370,2.1862233,0.0776081,0.8290480375289917,0.0468028225004673,3.9005845,2.6274326
1371,2.2076368,0.09063973,0.85,0.05,3.6428642,1.8163708
1372,2.1743066,0.09353103,0.85,0.05,4.0549126,1.7804886
1373,2.1830335,0.1328813,0.85,0.008358782157301903,4.0881243,2.0246563
1374,2.1526985,0.1640928,0.85,0.00493245106190443,4.3361692,1.9509411
1375,2.2178583,0.15331253,0.8289198279380798,0.033799659460783005,2.9211712,2.2265387
1376,2.2556577,0.07226951,0.85,0.004258790984749794,2.8401272,2.2326999
1377,2.19967,0.13607503,0.8169214129447937,0.025593068450689316,3.323896,2.7718005
1378,2.1755075,0.101189,0.85,0.01979200541973114,4.1815696,2.265793
1379,2.1264882,0.1076645,0.85,0.05,4.538772,1.6764123
1380,2.1713634,0.12086372,0.6442769765853882,0.04568978026509285,3.9052067,1.9928864
1381,2.1166253,0.1466433,0.85,0.05,4.7675242,1.7675636
1382,2.2511437,0.098226644,0.6838116645812988,0.04973217099905014,2.6221905,2.1450112
1383,2.201149,0.1585517,0.85,0.022817762568593025,3.3486845,2.832218
1384,2.174541,0.16601299,0.85,0.05,3.601483,2.0403435
1385,2.22704,0.09901219,0.85,0.024799061939120293,3.3463778,2.4899137
1386,2.201597,0.09991684,0.6699135303497314,0.05,3.8740296,1.8769912
1387,2.2123554,0.116617836,0.8311026096343994,0.05,3.63551,2.3276925
1388,2.1909275,0.16438131,0.8116480112075806,0.0339842326939106,3.5066648,2.1860695
1389,2.2032068,0.098362535,0.85,0.05,3.6345508,2.5159068
1390,2.1244226,0.18667722,0.85,0.05,4.4293995,1.7473005
1391,2.1496227,0.16576219,0.85,0.02967774122953415,4.556788,2.4888675
1392,2.1286914,0.11068989,0.8310855627059937,0.020759036764502525,4.5008407,1.7649733
1393,2.1286254,0.20445426,0.85,0.05,4.220698,2.0648742
1394,2.2068906,0.14910583,0.7817901968955994,0.05,2.8803692,2.6169705
1395,2.1089773,0.11882965,0.85,0.05,5.2013845,1.5849538
1396,2.2212849,0.15942599,0.8131842017173767,0.05,2.6757917,2.7325718
1397,2.2052534,0.13259731,0.6102710366249084,0.016964107751846313,2.6825116,2.2813601
1398,2.166767,0.11653816,0.8070564866065979,0.05,4.0928426,2.0410085
1399,2.124195,0.14184381,0.85,0.05,4.606514,1.7787915
1400,2.1496027,0.1610592,0.85,0.05,4.294868,2.0035298
1401,2.1485333,0.19786002,0.8038412928581238,0.020593414083123207,3.99328,2.2506921
1402,2.2256405,0.15719895,0.85,0.02275061048567295,2.8563864,2.7559211
1403,2.2456713,0.12367073,0.8207107782363892,0.10550493746995926,2.9319813,2.5491488
1404,2.2060611,0.12647796,0.8150983452796936,0.05,3.616165,1.9815732
1405,2.2547736,0.11702674,0.45235851407051086,0.04559532180428505,2.4883235,2.750381
1406,2.2474828,0.09179853,0.6539214849472046,0.062184493988752365,3.361779,2.6428938
1407,1.9845539,0.13745256,0.8049001693725586,0.09834770113229752,9.469843,1.2586682
1408,2.164768,0.122561455,0.7374662756919861,0.05,4.4081335,2.3447614
1409,2.1142776,0.10074143,0.8282750248908997,0.029182404279708862,5.035065,1.927584
1410,2.1646905,0.162517,0.8345008492469788,0.04222424328327179,3.797006,2.6769507
1411,2.1061964,0.14108665,0.8137795329093933,0.048408299684524536,5.0413094,1.7509733
1412,2.2780728,0.07372171,0.6985753774642944,0.0610077865421772,2.5735335,2.8608973
1413,2.178774,0.09323138,0.85,0.0034654720220714808,3.9394474,2.5412405
1414,2.218522,0.12062736,0.85,0.05,3.3807194,2.2614303
1415,2.091637,0.09017965,0.85,0.05,4.501394,1.2271203
1416,2.2304819,0.06754872,0.7791855335235596,0.04928312450647354,3.8577461,2.2036107
1417,2.2207377,0.111145236,0.837956428527832,0.041331954300403595,3.1756775,2.5212395
1418,2.2291954,0.111155204,0.8472055196762085,0.028937093913555145,3.322871,2.3800147
1419,2.2726612,0.10715346,0.85,0.03423040732741356,2.5154576,2.5133784
1420,2.2187274,0.108009905,0.85,0.0015570726245641708,3.1178212,2.2126753
1421,2.0895169,0.12016464,0.7869153022766113,0.0099052544683218,4.929911,1.513074
1422,2.127104,0.101747215,0.8352023959159851,0.0277620330452919,4.95662,1.6692096
1423,2.1827974,0.13229361,0.85,0.05,3.668631,2.1392522
1424,2.1698148,0.10197064,0.85,0.05,4.512227,1.7702929
1425,2.3140707,0.10478052,0.7292226552963257,0.06962977349758148,2.2640715,2.8012862
1426,2.198809,0.13620707,0.8379520177841187,0.05,4.028769,2.31129
1427,2.2289238,0.10157218,0.8302936553955078,0.054561663419008255,2.9751003,2.6392376
1428,2.241498,0.109731905,0.85,0.02788202092051506,2.9912422,2.6388688
1429,2.1721632,0.13591342,0.8390670418739319,0.013933668844401836,4.060877,1.754408
1430,2.1709247,0.09069779,0.8371219038963318,0.05,4.269476,2.5450878
1431,2.254977,0.11884199,0.8473931550979614,0.02801797352731228,2.5442722,2.6071522
1432,2.195653,0.117709704,0.85,0.022068889811635017,3.5775511,2.4855354
1433,2.1132941,0.14799398,0.85,0.05,4.523366,1.4615636
1434,2.2059538,0.11139461,0.85,0.05,3.446269,2.1189895
1435,2.1914928,0.124745145,0.85,0.05,3.504054,2.1135104
1436,2.1139426,0.14567772,0.85,0.011080601252615452,4.487579,2.0670667
1437,2.1903632,0.12150332,0.85,0.011430781334638596,3.6701255,2.1702168
1438,2.1730995,0.10118628,0.6298909783363342,0.023227285593748093,3.9559546,1.8169328
1439,2.1801713,0.12498654,0.5268694162368774,0.06014665216207504,3.7213788,2.734112
1440,2.191043,0.11385115,0.8153246641159058,0.04247385635972023,3.3058212,2.2968976
1441,2.1914604,0.13273066,0.85,0.017822474241256714,3.6902037,2.2694082
1442,2.2175605,0.16378677,0.5733369588851929,0.05,2.8354342,2.2573197
1443,2.2265394,0.08687818,0.85,0.05,2.8273654,2.1861851
1444,2.2462761,0.17078666,0.7764272689819336,0.043782707303762436,2.5230806,2.2091944
1445,2.1903765,0.123574354,0.6064549088478088,0.03917305916547775,3.341998,2.6472023
1446,2.218682,0.14020738,0.85,0.05,2.946376,2.7233527
1447,2.1525958,0.1262707,0.8083239197731018,0.05,4.826734,1.8732913
1448,2.1650734,0.09088154,0.85,0.05,4.505157,1.7342306
1449,2.119652,0.121552356,0.85,0.028171850368380547,5.179949,1.4866667
1450,2.1853428,0.0800648,0.85,0.05,4.231005,1.9420662
1451,2.141873,0.15453957,0.85,0.02014065533876419,4.1414027,2.0209115
1452,2.16179,0.12468475,0.7426756620407104,0.03089803084731102,3.8959563,2.163008
1453,2.2031488,0.12032645,0.85,0.02774977870285511,3.3631196,2.6542442
1454,2.2257118,0.08699264,0.8385151028633118,0.0244135782122612,3.336579,2.5476995
1455,2.1832097,0.15466595,0.7763126492500305,0.05,3.8116891,2.7463803
1456,2.1990376,0.14736727,0.8293174505233765,0.018965471535921097,3.1998975,2.3626723
1457,2.1346354,0.11650402,0.85,0.005650707054883242,4.893466,2.041759
1458,2.2134829,0.075588144,0.85,0.05,3.8880274,2.1613414
1459,2.1848543,0.13891472,0.689918577671051,0.017002655193209648,2.8525338,2.7774856
1460,2.1898663,0.11575639,0.85,0.01986730471253395,4.01784,2.1955667
1461,2.2043147,0.11814898,0.85,0.05,3.4085522,1.9129949
1462,2.137963,0.12861149,0.85,0.05,4.67234,2.0152702
1463,2.1523356,0.14515807,0.7888780832290649,0.012718013487756252,4.2048097,1.8523568
1464,2.1980774,0.14723404,0.8365656733512878,0.025976192206144333,3.6125064,1.8936046
1465,2.1660883,0.086742565,0.6637347340583801,0.05,4.1909533,1.8358109
1466,2.1653366,0.09277722,0.8442404270172119,0.022642532363533974,4.5481787,2.087895
1467,2.2097642,0.08074206,0.8221032619476318,0.045390546321868896,3.8401668,2.3546586
1468,2.1466093,0.05439285,0.85,0.05,5.1000586,1.5135385
1469,2.204741,0.13381545,0.7478587031364441,0.055696506053209305,3.5009828,2.5991354
1470,2.0796125,0.06177234,0.813457727432251,0.02723812684416771,6.3836226,1.1955699
1471,2.1340322,0.13645467,0.7973796725273132,0.022088095545768738,4.927355,1.6692288
1472,2.175258,0.1260878,0.85,0.05,3.828977,2.2124074
1473,2.24397,0.107182086,0.85,0.05,3.0765862,2.5974727
1474,2.2006464,0.16783245,0.8151654005050659,0.03066873364150524,3.3801541,2.5903792
1475,2.229601,0.15242143,0.6729781031608582,0.07194646447896957,2.9353588,2.346604
1476,2.2013705,0.117788464,0.609534740447998,0.046272099018096924,3.7008014,2.2248867
1477,2.2296476,0.1048162,0.85,0.05,3.292642,2.2505293
1478,2.362046,0.094954625,0.0382184199988842,0.20293177664279938,2.0293868,2.8553865
1479,2.2207267,0.081215665,0.85,0.003978218883275986,3.5115566,2.0288107
1480,2.1160674,0.13484937,0.85,0.0010977487545460463,5.1889114,1.5676781
1481,2.1996632,0.083550856,0.85,0.05,3.9548204,1.9928628
1482,2.1695285,0.1058644,0.8389411568641663,0.05,4.1042905,1.80781
1483,2.1974256,0.11840956,0.85,0.02023293264210224,3.8212788,2.0649154
1484,2.278441,0.108206764,0.85,0.05,2.2869048,2.7020938
1485,2.1929262,0.034329712,0.85,0.023016979917883873,4.438803,2.04972
1486,2.1764498,0.12357494,0.820792019367218,0.0002545645402278751,3.818472,2.14921
1487,2.2173417,0.11971063,0.8192101716995239,0.0040363734588027,3.3784797,1.892372
1488,2.1859882,0.07246374,0.85,0.05,3.949904,2.094419
1489,2.1563764,0.140814,0.699691116809845,0.056836821138858795,3.9946156,2.6240823
1490,2.1582024,0.16125861,0.85,0.05,4.087783,1.8011007
1491,2.1192925,0.099480815,0.85,0.05,4.9230795,1.5844073
1492,2.1528385,0.1065396,0.8006816506385803,0.0435127355158329,4.223278,1.6744506
1493,2.174596,0.1218564,0.5729035139083862,0.04973847046494484,3.4612834,2.3463635
1494,2.1690457,0.090851046,0.8129754066467285,0.05,4.0759444,1.8587394
1495,2.1561549,0.12145891,0.85,0.05,4.5977626,2.6910408
1496,2.15155,0.07734595,0.8227581977844238,0.029596351087093353,4.558203,1.6491504
1497,2.1687016,0.107320644,0.8381708860397339,0.005182306747883558,4.1611423,2.2605815
1498,2.1101623,0.11301769,0.7178748250007629,0.01068721991032362,5.1329384,1.8827758
1499,2.1676764,0.12302699,0.8323684930801392,0.03588664159178734,4.006696,2.4421272
1500,2.2246633,0.13896915,0.8229266405105591,0.05,2.978572,2.8170722
1501,2.1263988,0.2023575,0.85,0.008657701313495636,4.325052,1.8935926
1502,2.1666138,0.12812623,0.85,0.015401621349155903,4.2927504,2.382882
1503,2.1695511,0.10530646,0.7874902486801147,0.009102214127779007,4.238758,1.7649372
1504,2.2437758,0.13100465,0.7457955479621887,0.010681085288524628,2.6645057,2.3910878
1505,2.1197195,0.19231367,0.85,0.05,4.6346517,1.5786964
1506,2.23904,0.08518411,0.85,0.05,3.0997465,2.4025345
1507,2.16615,0.13849606,0.8014574646949768,0.05,4.2221656,1.7185597
1508,2.1859448,0.11266406,0.8445978760719299,0.03491448983550072,4.1405005,2.1397872
1509,2.197078,0.14971358,0.85,0.05,3.3512971,2.3653417
1510,2.1573913,0.13162717,0.8452192544937134,0.022247476503252983,4.3981786,2.0814679
1511,2.131989,0.14828348,0.85,0.05,4.3938785,1.7469908
1512,2.1128771,0.13420998,0.788230836391449,0.05,4.6524725,1.5427825
1513,2.2670765,0.09012924,0.8393823504447937,0.039508286863565445,2.5347347,2.6701412
1514,2.1754534,0.10287658,0.6041806936264038,0.023378806188702583,4.204473,2.1625996
1515,2.047872,0.17134866,0.85,0.05,5.860149,1.3809495
1516,2.128427,0.16606654,0.85,0.012085428461432457,4.5888896,2.0243444
1517,2.1466243,0.14028183,0.85,0.05,3.5367506,1.8094463
1518,2.2163472,0.12292051,0.85,0.02107936702668667,3.27737,2.4445772
1519,2.2046945,0.1379271,0.85,0.05,3.712402,2.2346237
1520,2.182887,0.14079252,0.85,0.025913055986166,3.4494202,2.737905
1521,2.1932392,0.084960625,0.85,0.05,3.9414382,2.0585809
1522,2.1283667,0.121349655,0.7750104665756226,0.05,4.1829214,1.5221967
1523,2.2074986,0.13358977,0.8486807346343994,0.0275709331035614,3.4622648,2.742391
1524,2.0890493,0.10366395,0.7994630336761475,0.05,5.547156,1.2969708
1525,2.2012098,0.08866082,0.7073825597763062,0.05,3.5316007,1.9740624
1526,2.0943685,0.122145556,0.8282874226570129,0.05,4.6250706,1.44229
1527,2.2630773,0.11940051,0.8327518701553345,0.040363699197769165,2.6597047,2.7054472
1528,2.1959457,0.09747399,0.21888476610183716,0.01269149873405695,3.911845,2.3096607
1529,2.1279972,0.0922704,0.8053494095802307,0.048903100192546844,5.0836506,1.4395738
1530,2.244,0.18295583,0.8397874236106873,0.056507837027311325,2.5722978,2.7247033
1531,2.2325463,0.10788222,0.85,0.03214580565690994,3.5191898,2.6238103
1532,2.105452,0.10669926,0.85,0.016687005758285522,5.029181,1.5601383
1533,2.1469753,0.1331408,0.8188873529434204,0.05,4.26526,2.0633883
1534,2.2196143,0.07001782,0.5729345083236694,0.029154837131500244,3.348594,2.1572804
1535,2.1836722,0.13348433,0.85,0.039453182369470596,3.598192,1.949748
1536,2.17532,0.121525735,0.8339009881019592,0.02070998027920723,3.9439335,1.8020492
1537,2.1578698,0.094477706,0.8329225182533264,0.03088664822280407,4.407085,2.1896503
1538,2.2049844,0.1591465,0.85,0.05,3.214322,2.258135
1539,2.2836409,0.09837166,0.7140237092971802,0.0803864523768425,2.4895825,2.550593
1540,2.228676,0.14252703,0.85,0.02753378078341484,2.9273598,2.6296177
1541,2.172831,0.12695238,0.85,0.05,3.9912212,2.299031
1542,2.0776227,0.11852551,0.6920871734619141,0.05,5.742291,1.3271205
1543,2.1887815,0.14538392,0.5877649784088135,0.03998476266860962,4.075832,2.2509937
1544,2.1440804,0.15884693,0.85,0.05,4.5522876,1.877012
1545,2.1884642,0.15133923,0.8448230028152466,0.04026545584201813,3.338316,2.9139237
1546,2.0932615,0.16605036,0.7258920073509216,0.05,4.595835,1.5571773
1547,2.1566498,0.16006278,0.8205593228340149,0.029296142980456352,3.8137274,2.1041465
1548,2.1936517,0.12790023,0.8246005773544312,0.036085356026887894,3.6638627,1.722324
1549,2.0926006,0.10663381,0.85,0.03449860215187073,5.5977488,1.7254895
1550,2.1793494,0.12015169,0.85,0.05,3.9571624,2.2753677
1551,2.1993344,0.09017937,0.8367652893066406,0.02138669788837433,3.31457,2.2851918
1552,2.1101322,0.124624595,0.85,0.05,5.258549,1.8075318
1553,2.169364,0.12923801,0.85,0.020288825035095215,3.9235811,2.0385995
1554,2.2736409,0.111392565,0.85,0.04473140463232994,2.5598073,2.2172663
1555,2.153339,0.1473985,0.761924684047699,0.05,4.088812,1.616213
1556,2.1615355,0.11138957,0.85,0.05,4.0184336,2.1572082
1557,2.1876764,0.13314892,0.85,0.05,3.3171237,1.8758171
1558,2.1275017,0.16175655,0.85,0.032002195715904236,4.921205,1.7734466
1559,2.1801937,0.12794878,0.85,0.05,3.9012203,2.3655982
1560,2.1804082,0.1458849,0.85,0.05,3.9439692,1.9624004
1561,2.174261,0.06625956,0.85,0.05,4.5408344,1.6204355
1562,2.1719837,0.13032259,0.85,0.03160577639937401,3.9867303,2.1126316
1563,2.2067902,0.09372944,0.85,0.004467600956559181,3.9374535,1.8877416
1564,2.1014118,0.15821819,0.85,0.05,5.158403,1.5366919
1565,2.1572258,0.09626407,0.85,0.05,4.4330807,2.7703543
1566,2.261449,0.106191315,0.38622787594795227,0.05794636905193329,2.7154424,2.348488
1567,2.1758466,0.1320902,0.85,0.026376288384199142,3.6480875,2.2684247
1568,2.1536238,0.14087892,0.687619149684906,0.0455065555870533,4.4785137,2.335602
1569,2.191326,0.08638604,0.85,0.05,4.2454185,2.0325127
1570,2.1519992,0.09986905,0.787522554397583,0.05,4.5599723,1.5578623
1571,2.2754042,0.1094424,0.2512573301792145,0.09122512489557266,2.6752255,2.7777352
1572,2.3020864,0.12989813,0.85,0.018424278125166893,2.25305,2.616633
1573,2.1440036,0.11980168,0.8378334045410156,0.011499909684062004,4.720636,1.8443654
1574,2.1113372,0.15285619,0.85,0.05,5.1335025,1.5279561
1575,2.1222713,0.18795238,0.85,0.05,4.8496947,1.8602222
1576,2.1955748,0.05337236,0.85,0.008325946517288685,4.238643,1.9150883
1577,2.2450593,0.11658219,0.24336272478103638,0.0968732014298439,2.6816432,2.763577
1578,2.1831152,0.084708765,0.8233667612075806,0.042551811784505844,4.651407,1.9047943
1579,2.1858387,0.14568602,0.85,0.0211102906614542,3.3985977,2.3646092
1580,2.0962002,0.11268675,0.85,0.016738833859562874,5.282078,1.8450822
1581,2.178098,0.09992868,0.6571372151374817,0.02925020083785057,4.3658876,1.8580444
1582,2.2360084,-0.0065662633,0.7187263369560242,0.014455521479249,3.759705,2.3416233
1583,2.1917427,0.13281935,0.814998984336853,0.044014349579811096,3.1168807,2.3855314
1584,2.1709878,0.14828192,0.85,0.05,3.905205,2.4999835
1585,2.141741,0.066441335,0.8402437567710876,0.05,5.1607895,1.7576634
1586,2.1828604,0.15352629,0.8077618479728699,0.04539000242948532,3.6110318,2.1351314
1587,2.1310103,0.15487215,0.8401185870170593,0.02610219456255436,4.791742,2.063494
1588,2.2224903,0.09288678,0.8202759623527527,0.014799609780311584,3.2505364,2.2475657
1589,2.171208,0.08529289,0.8248847723007202,0.015240135602653027,3.7412229,1.7087104
1590,2.1867397,0.11309508,0.85,0.05,4.0282526,1.9852524
1591,2.1806684,0.16859962,0.85,0.05,3.3490734,2.1499662
1592,2.276494,0.10805964,0.7354133129119873,0.0372198149561882,2.519823,2.6312187
1593,2.1426613,0.12860048,0.85,0.05,4.105629,2.4145207
1594,2.189337,0.15770021,0.8309224843978882,0.06008410081267357,3.6395414,2.857817
1595,2.2291865,0.089879505,0.8391304612159729,0.05,3.1192343,2.0677903
1596,2.1680133,0.10936733,0.85,0.03164716809988022,4.171984,2.464042
1597,2.2725792,0.06495999,0.85,0.023830071091651917,2.4799626,2.7964532
1598,2.1969256,0.16138154,0.8404825329780579,0.028508521616458893,3.5202358,2.496761
1599,2.1881135,0.1145945,0.85,0.05,3.4568477,1.9626957
1600,2.1689873,0.0980575,0.795495331287384,0.05,4.3414783,1.9588602
1601,2.2022085,0.09136159,0.85,0.05,3.8644495,2.0278182
1602,2.2136784,0.08103998,0.8278548121452332,0.022423643618822098,3.1939728,2.478382
1603,2.1749177,0.117534764,0.359658807516098,0.05775965005159378,3.7328007,2.6250226
1604,2.1483233,0.13148063,0.8267044425010681,0.015518689528107643,4.5252576,1.8342063
1605,2.1101809,0.09540872,0.85,0.027102990075945854,5.4453554,1.4836783
1606,2.251869,0.08186191,0.85,0.041567277163267136,2.9031994,2.9070463
1607,2.203763,0.15634781,0.840407133102417,0.05,3.020083,2.5299308
1608,2.2678509,0.074897446,0.8440616726875305,0.03279830515384674,2.728931,2.1420949
1609,2.221647,0.11293537,0.85,0.05,3.0265605,2.4367197
1610,2.1992173,0.10216663,0.8317636847496033,0.05,3.8479905,2.1890438
1611,2.1682463,0.121354654,0.8030994534492493,0.05,3.872303,1.8299526
1612,2.2698724,0.118251435,0.5439572930335999,0.059657320380210876,2.538603,2.872077
1613,2.2275517,0.13413313,0.85,0.05,3.0215683,2.5529127
1614,2.1906343,0.122484006,0.85,0.030476732179522514,3.8479612,2.2721808
1615,2.1758668,0.13043518,0.85,0.05,4.0637393,1.9847428
1616,2.1836462,0.1155842,0.85,0.05,3.345788,2.3033395
1617,2.1803443,0.10862311,0.8146762847900391,0.05,4.495434,2.129729
1618,2.195295,0.07757944,0.85,0.02416856773197651,3.7229893,2.4287443
1619,2.2342212,0.14640033,0.8449410796165466,0.03551185503602028,2.9758391,2.5466037
1620,2.164727,0.113689855,0.7354338765144348,0.05,4.6383133,1.8603809
1621,2.230158,0.14039037,0.85,0.03713177889585495,2.6809068,2.4248338
1622,2.1975338,0.10359081,0.85,0.05,3.3750343,1.7728661
1623,2.1625786,0.10731311,0.85,0.05,3.9981968,1.7523044
1624,2.1452315,0.10357892,0.85,0.05,4.773526,1.8040257
1625,2.146068,0.141273,0.8163345456123352,0.04097841680049896,4.3509936,1.8609207
1626,2.1870496,0.13649395,0.85,0.05,3.5885081,2.5694604
1627,2.1907797,0.086228445,0.85,0.005380106624215841,3.9344614,1.9188128
1628,2.234769,0.099040814,0.85,0.05,2.9645143,2.593583
1629,2.1561713,0.09110776,0.85,0.05,4.298347,1.6182523
1630,2.165902,0.18219969,0.6941382884979248,0.011588580906391144,3.9478934,2.1430373
1631,2.1953633,0.12538561,0.85,0.05,3.8787577,2.572018
1632,2.18811,0.20077617,0.85,0.024794187396764755,3.632578,2.2692792
1633,2.1628182,0.15473238,0.85,0.015034626238048077,4.2351456,2.2050357
1634,2.29197,0.14859739,0.83522629737854,0.05298696458339691,2.1513615,2.7540135
1635,2.238001,0.13797465,0.85,0.030103810131549835,2.338945,2.3449247
1636,2.1761613,0.07995529,0.85,0.0066489772871136665,4.3128524,1.8638422
1637,2.2295842,0.09323472,0.8213855624198914,0.028187254443764687,2.804337,2.2379808
1638,2.2611656,0.1463283,0.8292815089225769,0.03377089649438858,2.5855246,2.325799
1639,2.251942,0.12921509,0.85,0.03893269598484039,3.008741,2.6768913
1640,2.15918,0.1444058,0.85,0.05,4.536923,2.1578987
1641,2.24363,0.064613,0.85,0.01996724307537079,2.954587,2.6130664
1642,2.1775324,0.15476263,0.85,0.05,3.5999784,2.565791
1643,2.1108809,0.13561453,0.85,0.029124872758984566,5.179292,1.7261822
1644,2.2244074,0.09099358,0.85,0.02623601257801056,3.0150506,2.3325505
1645,2.2426069,0.14223911,0.85,0.025921551510691643,2.4950047,2.611848
1646,2.1194265,0.1603593,0.85,0.05,4.668663,2.079362
1647,2.2072294,0.10551238,0.7046094536781311,0.05,3.527272,2.1651163
1648,2.2050486,0.09867154,0.85,0.05,4.222026,1.996937
1649,2.1900043,0.14932396,0.85,0.034769102931022644,3.9671724,2.0946527
1650,2.095126,0.15712431,0.8478796482086182,0.028925245627760887,4.963653,2.117652
1651,2.1661997,0.15237474,0.85,0.05,3.8154018,2.1103754
1652,2.1933389,0.1377453,0.8338882923126221,0.05,3.654063,2.0387871
1653,2.2076602,0.12483905,0.85,0.04056865721940994,3.4755557,2.205701
1654,2.1349146,0.102028966,0.85,0.011196044273674488,4.7427764,1.7698785
1655,2.2977734,0.13347316,0.7801255583763123,0.03934605047106743,2.4305851,2.3563313
1656,2.1587062,0.04374288,0.85,0.05,4.5755577,1.8224691
1657,2.1788192,0.11135559,0.85,0.05,3.8456326,2.2049158
1658,2.0681605,0.10137661,0.8110074996948242,0.048058170825242996,6.457997,1.0637857
1659,2.1924593,0.110999085,0.85,0.015764465555548668,3.7463973,2.2337134
1660,2.1298387,0.14980684,0.85,0.05,4.848833,1.741558
1661,2.156349,0.13369931,0.85,0.05,4.2066827,2.0804853
1662,2.1424062,0.13924983,0.85,0.05,4.6623197,1.8927656
1663,2.189497,0.06155675,0.4511032700538635,0.05,4.132981,1.6275121
1664,2.1223733,0.09348775,0.85,0.05,4.954673,1.4471581
1665,2.1081362,0.12510009,0.85,0.006177541799843311,4.9048295,1.5069495
1666,2.2098455,0.13146035,0.85,0.05,3.7880204,2.295126
1667,2.2322605,0.09818058,0.85,0.02307002991437912,3.2121289,2.3361971
1668,2.3455656,0.032321833,0.6924084424972534,0.09463111311197281,2.2652118,2.7486904
1669,2.1866887,0.0477199,0.8088127970695496,0.05,3.9610693,1.7560047
1670,2.292352,0.12377844,0.7248501181602478,0.0846836194396019,2.4449387,2.8147087
1671,2.2553937,0.099282384,0.6854628324508667,0.029865842312574387,2.4240105,2.6471317
1672,2.151374,0.13813794,0.85,0.05,4.463772,1.8549823
1673,2.1848562,0.15073584,0.85,0.05,3.903005,2.1127586
1674,2.1440299,0.1603336,0.85,0.021551217883825302,4.503429,2.1643107
1675,2.1627405,0.104728736,0.7915745973587036,0.05,4.512791,1.9033526
1676,2.166713,0.10638864,0.85,0.05,4.0764127,1.7166708
1677,2.220388,0.11238075,0.6613095998764038,0.05,2.9315066,2.2467303
1678,2.2872756,0.15787056,0.85,0.03316406160593033,2.2125065,2.5435886
1679,2.2078526,0.15943646,0.6514703631401062,0.0381951704621315,3.1494226,2.5937626
1680,2.1842384,0.1251967,0.85,0.0010304887546226382,3.9227648,2.525276
1681,2.1975267,0.11214707,0.7993107438087463,0.0526171512901783,3.805685,1.7357409
1682,2.2108054,0.094986305,0.8183386921882629,0.016527317464351654,3.3863614,2.407867
1683,2.1597977,0.08529394,0.5829814076423645,0.0612281933426857,4.548774,2.1689818
1684,2.1963959,0.15268779,0.85,0.05,3.3453157,2.54179
1685,2.1823883,0.124765545,0.85,0.02394775301218033,3.6784563,2.193282
1686,2.2177055,0.10227189,0.85,0.05,3.4000828,2.1584213
1687,2.200303,0.09698801,0.5247879028320312,0.05,4.105155,2.1134806
1688,2.1707869,0.119393185,0.8441232442855835,0.021138180047273636,3.865603,2.1227314
1689,2.1650257,0.1197047,0.786098301410675,0.014148456044495106,4.2764263,2.2397718
1690,2.1506073,0.106190376,0.85,0.05,4.9464946,2.0248451
1691,2.2811787,0.11913897,0.8157970905303955,0.05,2.4008107,2.4818974
1692,2.2224772,0.114062525,0.85,0.01973533257842064,3.378691,2.417366
1693,2.1117275,0.12291889,0.85,0.03913172706961632,5.22754,1.5332401
1694,2.2275503,0.10133503,0.85,0.05,3.122947,2.4994688
1695,2.2606404,0.15093665,0.3347150683403015,0.0591992549598217,2.4766889,2.7360532
1696,2.2410026,0.16372193,0.20551204681396484,0.05146712809801102,2.815915,2.671398
1697,2.163493,0.10193308,0.6715654134750366,0.05,3.4771318,1.8463948
1698,2.1752052,0.14142662,0.6995877027511597,0.05,4.147228,2.2700396
1699,2.2253473,0.10582634,0.85,0.04320919141173363,3.4415126,2.7536712
1700,2.2284775,0.13058937,0.8312819004058838,0.03859754279255867,2.686532,2.1852763
1701,2.2152548,0.09769483,0.7731778025627136,0.05,2.9701128,2.1737723
1702,2.1765554,0.099092074,0.85,0.05,4.0691557,1.9678162
1703,2.3584707,0.08549464,0.85,0.030795114114880562,2.1817696,2.7007706
1704,2.1867957,0.11942165,0.85,0.05,3.9309018,2.2813632
1705,2.10502,0.17042483,0.85,0.05,4.362193,1.715277
1706,2.2257156,0.12775728,0.85,0.026251086965203285,3.2449875,2.2417018
1707,2.176862,0.16338126,0.45960840582847595,0.03538629785180092,3.4646776,2.1734476
1708,2.1482518,0.13907543,0.85,0.023026013746857643,4.4824405,2.3508077
1709,2.214377,0.12398479,0.8354945778846741,0.02315441332757473,2.7965262,2.6994698
1710,2.1970475,0.16382883,0.8451762199401855,0.02715357206761837,3.6276975,2.1056976
1711,2.1255736,0.18922327,0.8284916877746582,0.05,4.9584165,1.9696769
1712,2.1402705,0.13803138,0.8221936225891113,0.05,4.5052257,1.835559
1713,2.182771,0.12107702,0.7103670835494995,0.029690340161323547,4.2120166,2.1139283
1714,2.2226243,0.15133587,0.8341904878616333,0.05031474679708481,3.1618087,2.8006566
1715,2.16765,0.15288943,0.85,0.05,3.7542565,2.0170336
1716,2.1630418,0.13900459,0.85,0.04489380121231079,4.3907523,2.6839056
1717,2.1705093,0.09032288,0.85,0.05,4.1131377,1.7300489
1718,2.2263174,0.111625336,0.85,0.05,2.6856875,2.3735359
1719,2.1269484,0.15941074,0.85,0.05,4.9893346,2.0088446
1720,2.2061872,0.091710486,0.85,0.05,3.595772,1.6857226
1721,2.1976655,0.09767332,0.8424986600875854,0.027819328010082245,3.9806755,2.0450451
1722,2.2502408,0.20012112,0.85,0.05,2.370761,2.4682515
1723,2.223361,0.1476426,0.8285490274429321,0.03867887705564499,2.8984742,2.3756163
1724,2.152656,0.14721842,0.85,0.010146355256438255,4.1024237,1.7154778
1725,2.2068517,0.06912736,0.8499284386634827,0.02081523835659027,4.219159,2.103454
1726,2.261355,0.1300191,0.6630414724349976,0.06848452985286713,2.69795,2.4509022
1727,2.1069632,0.05207297,0.85,0.05,5.6201286,1.3968583
1728,2.243085,0.10326862,0.85,0.015206526964902878,3.0773716,2.6322815
1729,2.2050087,0.1344485,0.8401476144790649,0.03199082612991333,2.9952857,2.5743456
1730,2.1777647,0.11904668,0.85,0.05,3.9479887,1.820238
1731,2.2113984,0.11754076,0.85,0.05,3.074781,2.0521595
1732,2.154592,0.10593752,0.85,0.05,4.5801024,1.92052
1733,2.2259264,0.094863325,0.85,0.05,3.5459867,2.0605366
1734,2.1561441,0.13681272,0.85,0.02385675720870495,4.3420224,1.9845004
1735,2.2133677,0.092235304,0.8094303011894226,0.05,3.6885986,1.9803778
1736,2.0787404,0.11224388,0.85,0.032006315886974335,5.8731556,1.4419281
1737,2.1831253,0.11593213,0.85,0.011294794268906116,3.9146764,2.3700278
1738,2.2120616,0.12603611,0.85,0.05,3.3508885,2.310865
1739,2.1722252,0.0725411,0.8227559924125671,0.05,4.7679005,2.1094515
1740,2.2087219,0.12089872,0.85,0.05,3.2927084,2.2072923
1741,2.166476,0.116899386,0.8482279181480408,0.03649457171559334,3.528858,2.8802989
1742,2.359796,0.103113435,0.5057767629623413,0.06871215254068375,2.1043806,2.2786062
1743,2.2170625,0.12274716,0.8111223578453064,0.05,3.5065165,2.0977068
1744,2.1096294,0.11095451,0.85,0.05,4.969697,1.5973815
1745,2.199293,0.08346178,0.6668922305107117,0.013554847799241543,3.5957823,2.3336499
1746,2.1069047,0.15473643,0.85,0.05,4.78862,2.0644193
1747,2.1181033,0.14526056,0.85,0.05,4.8711934,1.6690919
1748,2.195643,0.111322075,0.5070632100105286,0.025462593883275986,3.4723027,1.736468
1749,2.1615343,0.17258728,0.43396395444869995,0.036935556679964066,3.7072175,2.2116683
1750,2.1455405,0.1377182,0.8377640843391418,0.01535919401794672,4.8269324,2.0018086
1751,2.142765,0.15696694,0.7794274091720581,0.018790515139698982,4.1813283,2.2829692
1752,2.1985185,0.12450488,0.808284342288971,0.05,3.4160645,2.2551954
1753,2.242248,0.101513855,0.85,0.009468779899179935,3.0506454,2.4050715
1754,2.169786,0.056966845,0.8324498534202576,0.0003896501148119569,4.4909577,1.6567911
1755,2.32458,0.088663206,0.7302291989326477,0.02870192751288414,2.0836384,2.3300176
1756,2.0938053,0.10644315,0.7988070249557495,0.029573995620012283,5.3631067,1.5597985
1757,2.2344491,0.06594085,0.85,0.011485242284834385,3.3603568,2.2612264
1758,2.3111837,0.10519685,0.27075451612472534,0.06061213091015816,2.4090452,2.7554827
1759,2.1790938,0.1978696,0.85,0.05,3.5464737,2.372956
1760,2.184459,0.15549505,0.85,0.05,3.2866173,2.6746848
1761,2.251785,0.07757588,0.7697828412055969,0.05,3.0865638,2.1066217
1762,2.2653747,0.1095511,0.8418968915939331,0.03596637025475502,2.7095923,2.1897023
1763,2.1625814,0.11676447,0.842282772064209,0.036845117807388306,3.9337366,2.0683572
1764,2.212076,0.0852914,0.85,0.05,3.4667933,2.5379572
1765,2.1481361,0.08305758,0.8258238434791565,0.046169478446245193,5.002821,1.533721
1766,2.1777165,0.08722514,0.8181295394897461,0.05,4.5575414,2.1362207
1767,2.2053978,0.08627053,0.6680881381034851,0.05433826521039009,4.1025987,2.4847417
1768,2.1611512,0.13445832,0.85,0.05,4.1710896,2.2176583
1769,2.1823337,0.077344336,0.85,0.05,4.402214,1.8695672
1770,2.1805434,0.10744329,0.85,0.05,4.087177,1.8068228
1771,2.1617835,0.1494376,0.85,0.05,3.995298,2.6249518
1772,2.105526,0.12934197,0.7917133569717407,0.05,4.841656,1.505931
1773,2.1647933,0.11792288,0.85,0.05,4.470481,2.1547346
1774,2.1962068,0.11287674,0.85,0.05,3.9958024,2.3805003
1775,2.1941721,0.12407587,0.85,0.023226218298077583,3.6881764,2.395742
1776,2.101258,0.14993931,0.85,0.05,4.6964283,1.4335505
1777,2.1118696,0.14293109,0.85,0.05,4.6986012,1.6666332
1778,2.254786,0.0927044,0.85,0.007349137682467699,2.5716846,2.6595204
1779,2.186582,0.10620856,0.85,0.05,3.939492,2.1489525
1780,2.2072608,0.10616651,0.85,0.019207946956157684,3.4971743,2.7343976
1781,2.1627262,0.16675757,0.85,0.022327493876218796,4.102429,2.1629822
1782,2.1317308,0.18450363,0.49819856882095337,0.018951019272208214,4.0503902,2.251439
1783,2.0986233,0.13843979,0.85,0.05,4.982276,1.5574353
1784,2.1399262,0.1478047,0.85,0.05,4.274251,1.9512016
1785,2.103471,0.1366597,0.8031727075576782,0.05,4.616462,1.4327106
1786,2.0853915,0.13422327,0.85,0.042426612228155136,5.3974605,1.5050942
1787,2.1639621,0.144961,0.7146658897399902,0.027040382847189903,3.9249394,1.9187522
1788,2.1342776,0.14114414,0.8206961750984192,0.02435777150094509,4.055137,1.7120053
1789,2.1835015,0.101315014,0.8152967095375061,0.015057962387800217,3.9024248,2.5840933
1790,2.1990633,0.14122829,0.7453650832176208,0.0007839545141905546,3.861873,1.9576472
1791,2.1102846,0.07556366,0.85,0.05,5.3479986,1.3016237
1792,2.067994,0.12734157,0.8479560613632202,0.03493348881602287,5.9610167,1.5674819
1793,2.1974459,0.13854128,0.7335963249206543,0.05,3.3190727,2.8820498
1794,2.1701179,0.11563506,0.85,0.05,4.1334085,2.1315632
1795,2.1798036,0.1047704,0.85,0.05,3.8423674,1.8031647
1796,2.1404977,0.09434227,0.817225992679596,0.03896482288837433,4.451163,1.8561034
1797,2.2729976,0.107077375,0.7874730229377747,0.00817952211946249,2.2176595,2.686917
1798,2.1701493,0.13566363,0.85,0.05,3.665605,1.8459506
1799,2.151343,0.15090086,0.8237229585647583,0.05,4.50802,1.8828934
1800,2.2237241,0.14125624,0.85,0.05,2.897282,2.7147322
1801,2.1301072,0.12516367,0.85,0.05,4.535914,1.6841699
1802,2.2671854,0.08327079,0.85,0.033920250833034515,2.7444627,2.6894624
1803,2.127081,0.16397297,0.85,0.05,4.5961833,1.6936971
1804,2.1702406,0.13543068,0.8169710636138916,0.009148542769253254,4.0201554,2.1248398
1805,2.1194565,0.077541634,0.8096535205841064,0.04198525473475456,5.3897505,1.4191391
1806,2.1524913,0.084369704,0.6850281357765198,0.04605785012245178,4.623979,1.8002366
1807,2.0535314,0.17272523,0.85,0.05,5.7815795,1.5103314
1808,2.173846,0.09685004,0.85,0.009489066898822784,4.5245595,1.9226528
1809,2.1728127,0.100702345,0.5684182047843933,0.05,4.1310134,2.0274491
1810,2.1930974,0.14474094,0.85,0.026467127725481987,3.4273043,2.0935102
1811,2.2347171,0.091203675,0.8403769731521606,0.016113486140966415,2.7434149,2.0588722
1812,2.1312423,0.17855789,0.6170262694358826,0.028452714905142784,4.2449093,1.7694763
1813,2.24206,0.09102895,0.8150014281272888,0.02734236605465412,3.2683737,2.3899267
1814,2.1878457,0.098259486,0.85,0.05,4.461417,2.2539666
1815,2.1937592,0.14507674,0.7155807614326477,0.05,3.6351225,2.6413321
1816,2.2072356,0.13546273,0.7078368067741394,0.059331297874450684,3.3043683,2.315955
1817,2.2210689,0.11703738,0.85,0.030158527195453644,2.8539,2.2394543
1818,2.1400726,0.12418014,0.85,0.05,4.014211,1.7060555
1819,2.1772335,0.11504687,0.835498034954071,0.029166333377361298,4.122614,2.0401914
1820,2.1943097,0.085390575,0.85,0.05,4.0743484,2.1296356
1821,2.2244978,0.104548015,0.8180256485939026,0.0021924637258052826,3.3119884,2.1691115
1822,2.1910994,0.16542377,0.85,0.05,3.273457,2.1740265
1823,2.1983469,0.132971,0.85,0.05,3.6193137,2.1589503
1824,2.1862946,0.0677375,0.85,0.05,4.3592463,1.8356838
1825,2.109583,0.154584,0.85,0.01462405826896429,5.116258,1.5668993
1826,2.1361468,0.08638899,0.8257331252098083,0.05,3.9804957,1.3739603
1827,2.1109328,0.13396443,0.85,0.0343267023563385,4.890662,1.5817745
1828,2.217372,0.16430432,0.3353032171726227,0.06136265769600868,3.198462,2.8327446
1829,1.9653854,0.16268356,0.8055227398872375,0.09470891207456589,10.652438,1.2255446
1830,2.2481666,0.13127473,0.829336941242218,0.04936586320400238,3.0433967,2.6466002
1831,2.2673116,0.107570924,0.85,0.05,2.7803977,2.7330716
1832,2.135195,0.14698453,0.85,0.05,4.0579014,2.0513287
1833,2.180432,0.11766695,0.85,0.05,4.019316,2.2265077
1834,2.2379832,0.16445382,0.7728818655014038,0.07242817431688309,2.977281,2.8704484
1835,2.1932907,0.14283353,0.8298854231834412,0.029856370761990547,3.506565,1.9221051
1836,2.2184417,0.060044084,0.8123366236686707,0.04340100660920143,3.7398114,2.195916
1837,2.1860657,0.116252095,0.85,0.0065788826905190945,4.2216783,2.098104
1838,2.3002143,0.092897914,0.5400880575180054,0.08608829230070114,2.3995662,2.7973793
1839,2.1552305,0.13313803,0.85,0.05,4.2550707,2.6291535
1840,2.1074257,0.13698274,0.85,0.0419207438826561,5.325249,1.6580586
1841,2.1540728,0.14395666,0.7985255122184753,0.022760732099413872,4.126294,1.9297625
1842,2.178005,0.118366666,0.6925904154777527,0.05,3.59918,1.7899996
1843,2.2812378,0.08181192,0.85,0.030104273930191994,2.50808,2.8617373
1844,2.2408686,0.13375929,0.85,0.05,2.6359146,2.665818
1845,2.2013512,0.11418344,0.85,0.05,3.7216241,2.4748425
1846,2.2226846,0.06452557,0.85,0.013554597273468971,3.8234112,2.131246
1847,2.171195,0.17234454,0.85,0.05,3.7553322,2.8306038
1848,2.1959226,0.13254134,0.85,0.05,3.6335204,2.1690226
1849,2.1440344,0.16015731,0.8309681415557861,0.05,4.112743,2.2029057
1850,2.1072736,0.16809836,0.85,0.05,4.5739846,1.7607615
1851,2.1595693,0.19145511,0.85,0.025227075442671776,3.3564446,2.7937293
1852,2.2243326,0.12258274,0.22124668955802917,0.05,3.0723932,2.2834382
1853,2.2154999,0.077253394,0.85,0.05,3.7663343,2.1933396
1854,2.2206752,0.15473928,0.85,0.041276074945926666,3.1260047,2.590601
1855,2.2032642,0.15876475,0.85,0.05,2.9353812,2.5961168
1856,2.2616415,0.16999783,0.8120139837265015,0.03449854627251625,2.4089425,2.6172414
1857,2.1601212,0.11647679,0.85,0.05,4.4780383,1.8697522
1858,2.1708884,0.0956354,0.85,0.05,4.2707047,1.7775697
1859,2.2105265,0.15129979,0.8414737582206726,0.03184220567345619,3.2582378,2.7668157
1860,2.1533237,0.13281482,0.6149916052818298,0.05,3.9894469,1.5906724
1861,2.2265496,0.11731193,0.8079469799995422,0.05,2.8117912,2.395809
1862,2.2104373,0.10214282,0.85,0.031455107033252716,3.8059554,2.0073092
1863,2.1233673,0.08444724,0.8497752547264099,0.05,4.6739874,1.372203
1864,2.1604578,0.07027456,0.85,0.007173206191509962,4.9148064,1.6460828
1865,2.1874619,0.082766235,0.85,0.05,4.461815,2.5773826
1866,2.224908,0.11927546,0.8202686905860901,0.05,2.9667063,2.3728127
1867,2.257885,0.0990326,0.666816771030426,0.05647881701588631,2.671652,2.7494586
1868,2.1751494,0.11396462,0.8324893116950989,0.05,4.147035,2.6065238
1869,2.151681,0.12892903,0.85,0.017396995797753334,4.250043,2.214297
1870,2.1682854,0.087542124,0.85,0.05,4.555059,1.8179945
1871,2.1685488,0.17057875,0.85,0.05,4.079115,2.0663302
1872,2.1852324,0.104587704,0.7812145948410034,0.023128686472773552,3.7950168,2.0525486
1873,2.2356114,0.08602184,0.8124263882637024,0.05,3.0757158,2.8947668
1874,2.1878905,0.09281985,0.85,0.05,3.6649284,2.4826033
1875,2.1379426,0.1266346,0.85,0.05,4.5958457,1.6433316
1876,2.037243,0.12156216,0.8214487433433533,0.006253155414015055,7.1022377,1.1727093
1877,2.1217108,0.11543705,0.85,0.05,4.9837456,1.4551151
1878,2.1753833,0.116922565,0.85,0.027316810563206673,4.1292973,1.8694706
1879,2.2712486,0.11373137,0.7981837391853333,0.05571862682700157,2.5894763,2.254552
1880,2.2990248,0.07396979,0.85,0.02247694507241249,2.555739,2.7159078
1881,2.1948018,0.0485767,0.830292284488678,0.02837420254945755,4.05931,1.8789147
1882,2.1169913,0.12980057,0.8281716704368591,0.04845709353685379,4.57306,2.450431
1883,2.2160242,0.08513076,0.85,0.05,3.2947392,2.626236
1884,2.1826398,0.08798801,0.85,0.05,3.855352,2.0074954
1885,2.1165054,0.14339803,0.8342903256416321,0.02335616573691368,4.987166,1.599604
1886,2.2235086,0.08249004,0.6464359760284424,0.05,3.5351503,2.0533388
1887,2.1886325,0.13838302,0.8181699514389038,0.05,3.1241825,2.02122
1888,2.180958,0.08952684,0.85,0.05,4.3481526,2.1035874
1889,2.2146168,0.09239521,0.85,0.018259206786751747,3.5438628,2.712041
1890,2.2160497,0.05110495,0.85,0.05,3.8450053,2.123758
1891,2.227668,0.10312569,0.8330613970756531,0.03566304221749306,3.3201928,2.1138067
1892,2.1426463,0.20019384,0.85,0.05,4.3576455,1.927892
1893,2.1659238,0.116225116,0.85,0.05,4.684322,1.5767732
1894,2.2348616,0.13053302,0.85,0.01198139600455761,2.8138776,2.4740872
1895,2.177412,0.09857582,0.85,0.05,3.7762437,2.1435006
1896,2.231858,0.16736673,0.85,0.02921833097934723,2.738687,2.640381
1897,2.151703,0.122572206,0.85,0.05,4.408012,1.6692879
1898,2.1503992,0.1393594,0.8068274259567261,0.02424340881407261,4.5779405,1.8531137
1899,2.2077675,0.14957933,0.85,0.05,3.2342134,2.6340852
1900,2.141105,0.09991333,0.85,0.05,4.152141,1.6998752
1901,2.2927647,0.10991915,0.4922722578048706,0.033228859305381775,2.3058903,2.4616272
1902,2.19192,0.1881059,0.8097522854804993,0.010942752473056316,2.977616,2.2871091
1903,2.2054815,0.13121898,0.8497797250747681,0.05,3.1454191,2.3218572
1904,2.1366606,0.16624509,0.85,0.05,4.459872,1.9377079
1905,2.2466903,0.11304219,0.85,0.007263523526489735,3.1549335,1.9214089
1906,2.2626245,0.08064509,0.85,0.041511643677949905,3.0910792,2.5342004
1907,2.1607704,0.07058074,0.8253885507583618,0.05,4.5902104,1.7946068
1908,2.2110543,0.12758006,0.85,0.05,3.0373542,2.4090846
1909,2.2378705,0.15952551,0.8335718512535095,0.0568096898496151,2.8943672,2.511509
1910,2.2013488,0.0758467,0.7112683057785034,0.05,3.807489,2.1234415
1911,2.1337092,0.10843199,0.8376797437667847,0.01579904742538929,4.806784,1.6408565
1912,2.1690648,0.12735729,0.8411231637001038,0.05,4.0937114,2.408973
1913,2.1403108,0.100936286,0.8076613545417786,0.010294511914253235,4.202384,1.7242293
1914,2.1385176,0.116717756,0.85,0.02430945821106434,4.894541,2.1576836
1915,2.158905,0.07114281,0.8378708362579346,0.05,4.856992,1.9332772
1916,2.1850855,0.16522662,0.85,0.05,3.9314036,2.1808546
1917,2.2019746,0.13810118,0.85,0.05,3.0917797,2.0063622
1918,2.2174997,0.121024385,0.85,0.028160152956843376,3.0068855,2.8562415
1919,2.1830308,0.12934521,0.8054007291793823,0.01679917797446251,3.9668348,2.433575
1920,2.210588,0.13550808,0.8473867177963257,0.04089706763625145,3.4618647,2.6059237
1921,2.2897727,0.11243765,0.85,0.039903100579977036,2.4002376,2.5027997
1922,2.2160323,0.105015785,0.8466807007789612,0.05,3.4585414,2.670218
1923,2.2331097,0.121310815,0.8319336771965027,0.047078635543584824,3.6083395,2.3024662
1924,2.2636921,0.07443632,0.4995867908000946,0.031737010926008224,2.437928,2.2858858
1925,2.1527236,0.08057536,0.8247115015983582,0.031123647466301918,4.4526477,1.7679609
1926,2.2086685,0.10717619,0.8017279505729675,0.05,3.385992,2.3648605
1927,2.182659,0.11570949,0.85,0.01858401671051979,3.8419213,2.256398
1928,2.1991904,0.111163184,0.85,0.05,3.5863883,2.1279125
1929,2.1849174,0.08284656,0.85,0.05,3.985576,2.347376
1930,2.1016784,0.08155037,0.7547414302825928,0.05,5.1045723,1.2580993
1931,2.1883621,0.13934182,0.8164629936218262,0.05,3.2355194,2.2819662
1932,2.164139,0.17477098,0.8377901315689087,0.05,3.5638156,2.5007586
1933,2.174119,0.12607938,0.85,0.02454456128180027,4.2100067,2.0435066
1934,2.1882284,0.12751181,0.85,0.05,3.989437,2.5775745
1935,2.1599019,0.13509126,0.85,0.02074599452316761,4.6785717,1.8421866
1936,2.1826184,0.061680578,0.85,0.017064861953258514,3.828349,2.4901984
1937,2.1713564,0.11752456,0.85,0.05,4.226464,1.7913244
1938,2.2739866,0.13584661,0.7418184876441956,0.08134492486715317,2.3194182,2.7941082
1939,2.1399112,0.1542202,0.8380625247955322,0.022096062079072,4.158792,2.26567
1940,2.0685966,0.16986673,0.85,0.05,5.677772,1.5379412
1941,2.1663349,0.11523454,0.8361987471580505,0.010959524661302567,3.9430277,2.0946257
1942,2.186299,0.11130866,0.7088227868080139,0.01153483521193266,3.895047,1.7409772
1943,2.1379046,0.10155473,0.8055295348167419,0.026470061391592026,4.85502,1.957717
1944,2.2021346,0.11954653,0.85,0.05,3.2582479,2.1994286
1945,2.2098205,0.01101828,0.85,0.05,4.487401,2.2143626
1946,2.1908448,0.078606606,0.85,0.05,4.5003843,1.7966623
1947,2.1706486,0.088775285,0.85,0.024392560124397278,4.388365,1.6866515
1948,2.1846538,0.08610276,0.85,0.05,4.701463,1.954056
1949,2.1002846,0.067433275,0.8237811923027039,0.04041065648198128,5.250795,1.4656924
1950,2.24528,0.1331507,0.838155210018158,0.03991154581308365,2.6345596,2.3010678
1951,2.1541376,0.094189465,0.85,0.05,4.48634,1.5554869
1952,2.223101,0.0902909,0.85,0.014263369143009186,3.2850292,2.7365503
1953,2.1200552,0.115061074,0.85,0.024122610688209534,4.790287,2.0207036
1954,2.110016,0.10450683,0.85,0.05,5.4203057,1.7071333
1955,2.1845765,0.11114581,0.7066434025764465,0.03182970732450485,3.885805,1.9453214
1956,2.1598458,0.1004342,0.5771410465240479,0.03381798416376114,4.2287884,1.9251739
1957,2.1942282,0.1147041,0.8416895866394043,0.028810935094952583,3.9986787,2.0280228
1958,2.1665974,0.14701943,0.85,0.004943689331412315,4.1223817,1.9949902
1959,2.1057632,0.20254526,0.85,0.01651260070502758,4.704146,1.9615977
1960,2.1383615,0.0667702,0.85,0.05,5.0730047,1.5439812
1961,2.1269386,0.08371223,0.85,0.05,5.005505,1.8792729
1962,2.1757092,0.069189385,0.85,0.024875134229660034,4.105517,2.0291467
1963,2.1940894,0.1005053,0.8144282102584839,0.014041509479284286,3.7337854,1.8547667
1964,2.2333403,0.14711478,0.6655981540679932,0.023164542391896248,2.7967503,2.6904333
1965,2.1746223,0.1583065,0.85,0.05,3.699493,2.3587136
1966,2.1996067,0.13606912,0.85,0.05,3.7461188,2.577816
1967,2.1767957,0.11054701,0.8067206144332886,0.05,3.6401734,2.6365857
1968,2.1629822,0.115823254,0.85,0.05,4.0920157,1.679699
1969,2.0786996,0.15574785,0.85,0.05,5.4403415,1.6038613
1970,2.2042902,0.153834,0.8201117515563965,0.05050385743379593,3.8077214,2.1745055
1971,2.0971854,0.15320937,0.8108604550361633,0.017817584797739983,4.9187036,1.7544136
1972,2.1590598,0.12288273,0.832957923412323,0.03445702791213989,3.6848593,2.4400334
1973,2.1418464,0.108644895,0.8308407664299011,0.024579321965575218,4.476077,1.6047064
1974,2.2166085,0.103771135,0.85,0.021734902635216713,3.900028,2.334395
1975,2.1498187,0.1290428,0.85,0.05,4.5542436,1.6262283
1976,2.182836,0.14320317,0.8213596343994141,0.05,3.797523,2.3184514
1977,2.174366,0.098683394,0.85,0.05,4.586246,1.7632065
1978,2.079347,0.1389446,0.8451073169708252,0.05,5.5198984,1.584221
1979,2.1381426,0.15452632,0.85,0.011137044988572598,4.5123115,1.8596799
1980,2.0744128,0.11557876,0.85,0.024953726679086685,5.936134,1.5117812
1981,2.247017,0.105038755,0.8208191394805908,0.050206154584884644,2.9928756,2.5457451
1982,2.2093637,0.10987913,0.6672804951667786,0.05,3.6496735,2.03454
1983,2.1605065,0.16740228,0.85,0.05,4.09869,2.3452294
1984,2.184198,0.0944148,0.8115634322166443,0.05,3.5770109,1.9283519
1985,2.219745,0.11049613,0.85,0.05,3.5426896,2.2734556
1986,2.1839507,0.11355921,0.85,0.0033511673100292683,3.410492,2.5079
1987,2.1448731,0.13754836,0.85,0.05,4.7111487,1.9651678
1988,2.1405244,0.14529319,0.49081265926361084,0.1196209117770195,4.606656,2.2071364
1989,2.2189531,0.10468121,0.85,0.03640410304069519,3.318884,2.677091
1990,2.1679766,0.13994342,0.85,0.013087385334074497,3.9691904,2.1407254
1991,2.2872906,0.0810303,0.782477855682373,0.047119349241256714,2.18909,2.8124523
1992,2.2440217,0.109103024,0.448373019695282,0.0451253317296505,3.3854418,2.7178528
1993,2.2104628,0.11677809,0.8365081548690796,0.05,3.9267337,2.1803193
1994,2.1681294,0.14483798,0.660190224647522,0.05,3.9126036,1.9388396
1995,2.1359801,0.1265408,0.85,0.05,4.8528147,1.7323962
1996,2.1726213,0.13573132,-0.0594894103705883,0.018739039078354836,3.6714656,1.9952152
1997,2.1192799,0.1445436,0.85,0.05,4.898393,2.0833282
1998,2.2702434,0.11383844,0.6236312985420227,0.019014200195670128,2.5112097,2.1891778
1999,2.2203789,0.098631494,0.85,0.05,3.6664531,2.4965186
2000,2.1897955,0.07582198,0.85,0.05,4.0051317,1.744154
2001,2.193827,0.08815557,0.831928551197052,0.04565365985035896,3.9535336,2.487174
2002,2.117368,0.10578467,0.664790689945221,0.05,4.873601,1.5286514
2003,2.2713714,0.12876855,0.8063900470733643,0.08099236339330673,2.54342,2.0901976
2004,2.1980536,0.094689734,0.11858604848384857,0.196695938706398,4.562756,2.8015673
2005,2.1186483,0.09253897,0.85,0.05,4.4530964,1.6136016
2006,2.226435,0.12784597,0.7681178450584412,0.07754608243703842,2.8398662,2.2489488
2007,2.1346035,0.14289479,0.5643191933631897,0.03310828283429146,4.5492134,2.368042
2008,2.2296686,0.12257858,0.5794066786766052,0.05,3.1208997,2.6376364
2009,2.1867976,0.07929751,0.85,0.001478724298067391,4.380704,2.1281223
2010,2.3176265,0.10175027,0.40441471338272095,0.054213181138038635,2.200446,2.7725475
2011,2.098953,0.11997431,0.8379691243171692,0.014037737622857094,5.233578,1.5786152
2012,2.1251175,0.17583825,0.8280483484268188,0.05,4.5631204,1.6388657
2013,2.1435416,0.09412223,0.6549482345581055,0.05,4.2203293,1.6022463
2014,2.2463124,0.13364184,0.824394702911377,0.026518888771533966,2.6154232,2.8070662
2015,2.1502662,0.11525932,0.8170577883720398,0.04369372874498367,4.450088,1.8994176
2016,2.2817972,0.119736135,0.5888339281082153,0.05,2.235756,2.7634196
2017,2.2315285,0.10838074,0.744454026222229,0.05,3.2005773,2.2310765
2018,2.2134664,0.14836174,0.85,0.05,3.0004323,2.4912605
2019,2.1731384,0.13035035,0.7541019320487976,0.0606454461812973,4.2910514,2.0925303
2020,2.1161537,0.12622386,0.8249591588973999,0.05,4.7559457,1.7407192
2021,2.184014,0.08449047,0.7665491700172424,0.040871571749448776,4.2095075,2.0896318
2022,2.1271634,0.08119303,0.85,0.05,5.1297755,1.545431
2023,2.2953448,0.08046941,0.85,0.035113364458084106,2.4992356,2.8678527
2024,2.161375,0.13088125,0.7381263375282288,0.021588684991002083,3.8446221,1.949995
2025,2.2241476,0.10508875,0.8132702112197876,0.05,3.2676907,2.272504
2026,2.1803367,0.097541645,0.5493564605712891,0.01961623877286911,4.144252,1.708254
2027,2.190349,0.1529449,0.6206215620040894,0.02336253598332405,3.2540016,2.7034883
2028,2.2525759,0.09584912,0.85,0.030094174668192863,2.875404,2.5512373
2029,2.1402214,0.1459746,0.8237029314041138,0.030706986784934998,4.3978686,1.944121
2030,2.181872,0.101216294,0.85,0.05,4.13465,2.413536
2031,2.2867768,0.08204175,0.85,0.032141465693712234,2.8057334,2.7646441
2032,2.2734506,0.12783678,0.5491085052490234,0.067329540848732,2.7506626,2.6972342
2033,2.1415496,0.1429588,0.8296595811843872,0.0452643446624279,4.7749553,2.1700358
2034,2.18047,0.083455816,0.8273622989654541,0.02780579961836338,4.7194376,2.0340831
2035,2.1429935,0.10107826,0.85,0.05,4.6963425,2.0262606
2036,2.1829998,0.115859576,0.85,0.05,3.8792124,2.3552263
2037,2.1854134,0.13558951,0.84989333152771,0.05,3.3021405,2.3730257
2038,2.2226136,0.14381403,0.85,0.02354639768600464,3.0644772,2.3286195
2039,2.1732023,0.10578552,0.5346613526344299,0.05,4.285398,1.9591522
2040,2.0959637,0.123709485,0.85,0.05,4.9818606,1.6401259
2041,2.2063491,0.09846546,0.85,0.010908613912761211,4.0065036,2.4365723
2042,2.073215,0.16770084,0.8270896077156067,0.015753082931041718,4.8940067,1.3340693
2043,2.1376767,0.14941706,0.85,0.05,4.663139,1.5643559
2044,2.2444053,0.12765725,0.7503326535224915,0.02772032842040062,2.7388585,2.7484326
2045,2.2414048,0.13093923,0.85,0.04544960334897041,3.1379304,2.2686548
2046,2.2334096,0.17832954,0.85,0.04344623535871506,2.861516,2.2406902
2047,2.226317,0.12468389,0.85,0.05,2.990311,2.2828743
2048,2.1140592,0.14738433,0.85,0.05,4.558868,1.6336162
2049,2.1844738,0.17810301,0.85,0.05,3.5557492,2.0578594
2050,2.2507753,0.107204355,0.6312820911407471,0.03989939019083977,2.7257724,2.4838085
2051,2.2514565,0.11615144,0.7755109071731567,0.029065679758787155,2.359762,2.8233674
2052,2.1512787,0.040263258,0.85,0.05,4.591129,1.6654931
2053,2.317916,0.13461097,0.5474771857261658,0.05531873181462288,2.0346127,2.5399525
2054,2.2632551,0.10227427,0.778932511806488,0.02751859836280346,2.6170807,2.2597094
2055,2.1596441,0.12975788,0.85,0.05,4.2776985,2.1094828
2056,2.2557554,0.1585224,0.6836346983909607,0.04132720082998276,2.4996176,2.4028802
2057,2.1379957,0.12333107,0.85,0.014368762262165546,4.6904035,1.8699851
2058,2.129356,0.09640259,0.8192973136901855,0.026895834133028984,4.8819346,1.6088587
2059,2.2462916,0.09984061,0.85,0.05,2.975564,2.2571309
2060,2.2470613,0.13249359,0.8279096484184265,0.05737242475152016,2.622918,2.5050972
2061,2.2379344,0.15192315,0.85,0.015004589222371578,2.7133431,2.5632346
2062,2.2958302,0.10815897,0.7325615286827087,0.04183010384440422,2.2433732,2.2233634
2063,2.1317692,0.117271125,0.8320156931877136,0.0118517791852355,4.368921,1.5468916
2064,2.1634622,0.1357666,0.8306247591972351,0.05,4.7444167,1.800675
2065,2.202927,0.107189305,0.85,0.05,3.4065464,2.1332126
2066,2.1101835,0.1627326,0.5773453712463379,0.05,4.4950247,1.6883965
2067,2.212137,0.09094501,0.85,0.05,3.3997986,2.1341288
2068,2.280281,0.08263115,0.85,0.04115312173962593,2.4946883,2.5470307
2069,2.083449,0.1432387,0.7414579391479492,0.030305882915854454,5.111048,1.5297053
2070,2.268988,0.10012375,0.5006391406059265,0.08286511898040771,2.263985,2.7803617
2071,2.158574,0.18924876,0.85,0.024347884580492973,3.729064,2.7193825
2072,2.1750627,0.116198495,0.85,0.009990395978093147,4.2146606,2.1078088
2073,2.22441,0.127052,0.6291626691818237,0.026064276695251465,3.062805,2.3060846
2074,2.2082474,0.07099623,0.7250179052352905,0.05,3.7579157,2.0048273
2075,2.2378826,0.15053514,0.85,0.05,2.9419107,2.6891792
2076,2.1676557,0.15267135,0.5082194209098816,0.03583164140582085,3.6818664,2.6535485
2077,2.155788,0.16552581,0.85,0.05,3.8731878,2.1069229
2078,2.1404834,0.18984562,0.8080703616142273,0.05,3.959287,1.9150325
2079,2.0242798,0.14217913,0.85,0.040792468935251236,7.2314906,1.3198147
2080,2.2033617,0.1282975,0.85,0.05,2.8631546,2.5120862
2081,2.1189063,0.18267755,0.85,0.05,4.3756356,1.7954645
2082,2.1781507,0.16134232,0.6898826956748962,0.030190913006663322,3.4022703,2.2552397
2083,2.2067459,0.08129289,0.8302209377288818,0.02773289941251278,3.3728416,2.1253662
2084,2.0812697,0.102502055,0.8327857255935669,0.017492523416876793,5.74771,1.2838267
2085,2.0841682,0.120444395,0.8215366005897522,0.005811749026179314,5.7152534,1.2627815
2086,2.1477473,0.099641375,0.777207612991333,0.005361279938369989,4.3141837,1.6474304
2087,2.2323828,0.057138056,0.8174696564674377,0.047515593469142914,3.4813378,2.4984393
2088,2.2442977,0.17627816,0.7903714776039124,0.03973869979381561,2.165087,2.6014364
2089,2.1819012,0.11282017,0.85,0.05,3.7934685,1.7839738
2090,2.1747332,0.09542459,0.85,0.05,4.496518,1.9075344
2091,2.0842597,0.20176089,0.573626697063446,0.04772264510393143,4.7752457,1.62493
2092,2.1979933,0.063952774,0.85,0.05,3.982921,2.5484574
2093,2.1333418,0.16795416,0.85,0.05,4.502158,1.7020782
2094,2.148005,0.1147489,0.85,0.05,4.7081394,1.9698443
2095,2.1848905,0.11444829,0.85,0.05,3.9075973,1.8863683
2096,2.1985025,0.11093091,0.85,0.05,3.3421476,2.4889865
2097,2.183253,0.12588438,0.85,0.018170291557908058,4.19957,2.1649425
2098,2.1609044,0.15610912,0.85,0.01633635349571705,3.9801495,2.2304742
2099,2.1866226,0.19743222,0.8404543399810791,0.05,3.2579274,2.5256662
2100,2.2397397,0.13399972,0.85,0.043663907796144485,2.8035626,2.8260663
2101,2.2535348,0.07492377,0.8163371682167053,0.05,3.1012144,2.2375135
2102,2.1421099,0.12307602,0.6370458602905273,0.05,4.601046,1.9875785
2103,2.154199,0.14799005,0.7665230631828308,0.04692886769771576,3.766657,1.7553016
2104,2.1540363,0.13032265,0.8349905014038086,0.035009466111660004,4.4480357,2.0499036
2105,2.1945033,0.09093615,0.85,0.05,3.5788472,2.1781328
2106,2.240824,0.13830471,0.848703145980835,0.021988386288285255,2.5037587,2.6217291
2107,2.228829,0.1127544,0.8219634890556335,0.032627735286951065,2.923377,2.2335145
2108,2.1939745,0.08645167,0.7832325100898743,0.05,3.679191,2.05144
2109,2.1825264,0.15996207,0.85,0.023131055757403374,4.438337,2.0637808
2110,2.231212,0.12664215,0.7548935413360596,0.02550124190747738,3.0885885,2.2859025
2111,2.2023988,0.05927757,0.85,0.0435396209359169,4.3272805,2.2749412
2112,2.184298,0.1308943,0.60970538854599,0.018429066985845566,3.796767,2.2319257
2113,2.1331449,0.12927108,0.85,0.009109873324632645,4.553738,2.0421093
2114,2.1873,0.15559676,0.85,0.05,3.457667,1.9497532
2115,2.110398,0.0916288,0.8280972242355347,0.05,4.8936763,1.4076059
2116,2.204116,0.11220564,0.7746334671974182,0.0013186417054384947,3.661999,2.4387443
2117,2.201421,0.074431874,0.85,0.05,3.7529805,1.8526704
2118,2.186795,0.08294241,0.8082027435302734,0.05,3.9294996,1.9420646
2119,2.1881242,0.1095097,0.85,0.034188058227300644,4.273156,2.521568
2120,2.1877282,0.16444792,0.4910964071750641,0.019053112715482712,3.301733,2.1003292
2121,2.212827,0.15911505,0.85,0.05,2.9034123,2.427877
2122,2.2160983,0.10628437,0.6906168460845947,0.051144085824489594,3.592098,2.4791574
2123,2.1430163,0.15203816,0.85,0.023454800248146057,4.6034694,1.961604
2124,2.1952162,0.092141144,0.8261063098907471,0.05,3.9531193,1.972277
2125,2.2195485,0.13456267,0.85,0.05,3.0582564,2.1719084
2126,2.2313137,0.14423439,0.85,0.05,3.113218,2.6276
2127,2.1367605,0.13550025,0.85,0.05,5.043966,1.6998487
2128,2.0759983,0.18666194,0.85,0.05,5.1377583,1.5375232
2129,2.1490088,0.09966152,0.85,0.01991419866681099,4.2741475,1.4936289
2130,2.2228758,0.07252306,0.8450087904930115,0.05,3.4843166,2.505386
2131,2.2802582,0.118162304,0.8080388307571411,0.0377100333571434,2.0809183,2.5876923
2132,2.2296937,0.1534986,0.574047863483429,0.04865805804729462,2.6963289,2.5453827
2133,2.1585875,0.11113712,0.85,0.013491539284586906,4.431295,2.1406503
2134,2.276729,0.15331328,0.8268527984619141,0.06169413402676582,2.6290689,2.4405534
2135,2.1809793,0.115408786,0.85,0.05,3.9911077,1.9803743
2136,2.209982,0.09151825,0.8289937973022461,0.027924714609980583,3.9199536,2.146542
2137,2.2223835,0.10115637,0.85,0.05,3.2782345,2.464895
2138,2.2050045,0.092342295,0.85,0.05,3.85618,1.9834951
2139,2.1586454,0.13800427,0.85,0.05,3.9578009,1.8712548
2140,2.2380755,0.11113773,0.85,0.03165149316191673,2.7241945,2.7233768
2141,2.1918771,0.16752096,0.8404207825660706,0.05,3.4021292,2.320076
2142,2.2293904,0.1164186,0.85,0.05,2.8673475,2.8821778
2143,2.143612,0.12027279,0.8265828490257263,0.05,4.645407,1.9271884
2144,2.2555223,0.15231577,0.8370153903961182,0.0440288670361042,2.2893345,2.8659558
2145,2.2413433,0.014311537,0.85,0.05,4.2847486,1.7973819
2146,2.267126,0.1396715,0.85,0.05,2.4470503,2.707617
2147,2.1411858,0.130613,0.6796054244041443,0.041973456740379333,4.55873,1.7233793
2148,2.2783074,0.13378306,0.4357328712940216,0.0232823695987463,2.2371383,2.4445834
2149,2.1721196,0.1444517,0.85,0.05,4.0562897,1.8584446
2150,2.2597494,0.12870106,0.8251742124557495,0.03431073948740959,2.364005,2.6236317
2151,2.2567813,0.09488555,0.8389172554016113,0.017958326265215874,2.650513,2.5232167
2152,2.263865,0.09188613,0.6856217980384827,0.04367505759000778,2.7515166,2.579347
2153,2.2298388,0.11000615,0.8186893463134766,0.027395403012633324,3.1039984,2.4736793
2154,2.3071516,0.12718539,0.85,0.018448015674948692,2.0629199,2.5135098
2155,2.2380388,0.14304261,0.8188353776931763,0.05,2.5882545,2.273714
2156,2.2566996,0.15010172,0.7966086268424988,0.0423206090927124,2.6512306,2.5413327
2157,2.1048067,0.17913014,0.85,0.02154146134853363,4.772796,2.238746
2158,2.263776,0.13242462,0.8229649662971497,0.034838538616895676,2.4312773,2.2693012
2159,2.1592345,0.07613772,0.7866392135620117,0.040287017822265625,4.7181973,2.0285435
2160,2.2506053,0.10635987,0.85,0.04182054102420807,3.0926838,2.5245435
2161,2.2081099,0.15101033,0.85,0.009455937892198563,2.9660506,2.436119
2162,2.2452815,0.12719955,0.8270941376686096,0.05,2.825661,2.5990064
2163,2.2425835,0.09679586,0.8189135789871216,0.05,2.5657706,2.3185408
2164,2.2322195,0.12619409,0.85,0.031242605298757553,3.0284538,2.3998814
2165,2.1483545,0.12503317,0.8271342515945435,0.05,4.177699,2.239029
2166,2.225995,0.14522529,0.5810288786888123,0.03269140049815178,2.8932004,2.8399875
2167,2.2269895,0.03913007,0.85,0.01606213115155697,3.468924,1.9762787
2168,2.1223247,0.10536259,0.85,0.05,4.786482,1.6683366
2169,2.1238196,0.109413624,0.8362076282501221,0.024838004261255264,5.0574636,1.6515505
2170,2.1804037,0.23142864,0.8310247659683228,0.02674013376235962,3.06487,2.541896
2171,2.213867,0.110269025,0.85,0.05,3.5589485,2.4669778
2172,2.1262178,0.084652804,0.85,0.01968042179942131,4.6382127,1.9292864
2173,2.1259468,0.10772892,0.85,0.05,5.0402393,1.682352
2174,2.2023325,0.14847547,0.85,0.017791878432035446,3.3870015,2.3884995
2175,2.3085136,0.11179337,0.6184280514717102,0.04481714963912964,2.2398438,2.7183468
2176,2.2886643,0.1071906,0.7055590748786926,0.02867942862212658,2.2121334,2.8456335
2177,2.1608887,0.09248191,0.85,0.05,5.0742455,1.7236009
2178,2.1695116,0.14952675,0.7772578597068787,0.035220254212617874,3.9860995,2.4977486
2179,2.197411,0.12225822,0.2139693945646286,0.012669401243329048,3.3594053,2.0237355
2180,2.1702752,0.12972645,0.85,0.05,4.499639,1.9607422
2181,2.1425316,0.11443562,0.85,0.05,4.351735,1.7212956
2182,2.257758,0.07594359,0.8033801317214966,0.05,2.899506,2.1748576
2183,2.181947,0.114978716,0.85,0.01036774180829525,3.8927104,2.2364554
2184,2.2094903,0.11436662,0.8367987871170044,0.0370725654065609,4.021041,2.2817447
2185,2.153565,0.17819133,0.7823516726493835,0.022171419113874435,3.9537416,2.2542186
2186,2.195536,0.15631954,0.8049666881561279,0.03141513466835022,3.5579932,2.6119065
2187,2.141097,0.17668171,0.85,0.05,4.502982,2.2154648
2188,2.1552942,0.11423135,0.812106728553772,0.003799624741077423,4.2071733,1.9794775
2189,2.2107167,0.07903424,0.85,0.05,3.5040004,2.302658
2190,2.1261244,0.091697335,0.8240406513214111,0.015087118372321129,4.574172,1.4787676
2191,2.1666741,0.07615222,0.85,0.05,4.509605,1.6923515
2192,2.1587465,0.10344445,0.6608014702796936,0.014656199142336845,4.1242323,2.0600066
2193,2.2179766,0.0932643,0.7409408688545227,0.04809238761663437,3.5047126,2.0868242
2194,2.3212771,0.12248051,0.5133754014968872,0.08084522932767868,2.0091977,2.3845706
2195,2.1183279,0.16077782,0.85,0.05,4.420284,1.7256898
2196,2.1550338,0.13312688,0.4425968527793884,0.05,3.9413574,1.8822322
2197,2.1247287,0.13573548,0.8271394968032837,0.05,4.952621,1.6492909
2198,2.1423688,0.13190134,0.5395568609237671,0.048952922224998474,4.5265884,1.8018197
2199,2.2572238,0.10058151,0.85,0.020889226347208023,2.5032818,2.5713265
2200,2.127254,0.08898345,0.85,0.05,5.0082583,1.5131716
2201,2.147388,0.1352958,0.828380286693573,0.05,4.3733096,1.8543929
2202,2.1915054,0.13766786,0.85,0.01743803359568119,3.5981312,2.2540321
2203,2.2090907,0.17744485,0.5258318185806274,0.05,3.1268632,2.2228227
2204,2.177848,0.12158834,0.8203082084655762,0.05,3.8969326,2.06345
2205,2.2325263,0.12938347,0.5162041187286377,0.024086089804768562,2.8257542,2.6209788
2206,1.9774123,0.17261569,0.7878657579421997,0.07995431125164032,8.824803,1.2098118
2207,2.1648774,0.08724156,0.8115267753601074,0.02010534144937992,4.0740623,1.9929566
2208,2.1870124,0.14226778,0.8093054294586182,0.04674267768859863,3.7006943,2.2164776
2209,2.1831145,0.07028622,0.8404042720794678,0.05,4.53399,1.7458699
2210,2.1697657,0.08881555,0.54527747631073,0.05,3.989028,1.848799
2211,2.2770643,0.102599695,0.85,0.05,2.2563713,2.6947782
2212,2.15384,0.11882996,0.831693172454834,0.042975857853889465,4.079757,2.8837485
2213,2.1739886,0.17775095,0.85,0.05,3.9177036,2.4903584
2214,2.1334958,0.13490416,0.85,0.01465535443276167,4.437571,1.7430416
2215,2.244544,0.11749772,0.7586867213249207,0.030635712668299675,3.1610699,2.6978428
2216,2.1303277,0.112829566,0.85,0.019689304754137993,5.466289,1.6092094
2217,2.136423,0.17021084,0.85,0.018429195508360863,4.519612,2.1477096
2218,2.195529,0.14223355,0.85,0.02698211371898651,3.2602582,2.2882183
2219,2.243811,0.2261526,0.8286879658699036,0.046917226165533066,2.0977297,2.787317
2220,2.1421494,0.09423783,0.85,0.05,4.8343606,1.7210066
2221,2.1974359,0.103273325,0.6747967004776001,0.006434720475226641,3.930605,2.0642526
2222,2.2314317,0.12963459,0.7801414728164673,0.03324461355805397,2.783114,2.7296703
2223,2.1365352,0.14452778,0.85,0.05,4.8349667,2.0043733
2224,2.2328436,0.09413636,0.85,0.05,3.379223,2.4904463
2225,2.1621013,0.12702109,0.85,0.05,4.4220953,1.9605613
2226,2.115827,0.104516,0.85,0.05,4.985155,1.5529989
2227,2.1061585,0.11926643,0.85,0.05,4.8652525,1.5824547
2228,2.1875315,0.1188284,0.85,0.05,3.8883035,2.167993
2229,2.2329404,0.0846068,0.8037110567092896,0.05253210663795471,3.37938,2.424102
2230,2.155773,0.14035794,0.85,0.05,4.045435,2.586973
2231,2.214098,0.14200364,0.85,0.05,2.9660065,2.3723779
2232,2.247663,0.122523226,0.85,0.005515800788998604,2.7109776,2.3481104
2233,2.1451318,0.089731686,0.842075526714325,0.011872359551489353,4.3604326,1.7128415
2234,2.1274617,0.15140425,0.85,0.05,4.5185237,1.738861
2235,2.2216258,0.13220385,0.6480994820594788,0.05,2.582989,2.524389
2236,2.2311633,0.08189899,0.8370456099510193,0.021135423332452774,3.269801,2.2647102
2237,2.1268709,0.13564193,0.85,0.05,4.755788,1.6879197
2238,2.156192,0.1574244,0.85,0.05,4.189457,2.4238172
2239,2.217883,0.092766926,0.8015586733818054,0.00915040448307991,3.2302005,2.1777017
2240,2.187329,0.08529725,0.3525814116001129,0.05108169466257095,4.1845694,2.2080345
2241,2.1596782,0.13182448,0.6182665228843689,0.05,4.2713156,2.6382546
2242,2.1814609,0.12221267,0.85,0.05,3.9590936,2.0775597
2243,2.2812,0.14453113,0.8084215521812439,0.07096680998802185,2.386943,2.7268527
2244,2.2585056,0.17333736,0.6535634994506836,0.02501790039241314,2.372932,2.2843716
2245,2.2540019,0.14434788,0.85,0.05,2.1652896,2.7143047
2246,2.209416,0.15431875,0.8106024265289307,0.0632210373878479,2.9236577,2.407507
2247,2.1699064,0.099233665,0.85,0.05,3.851257,2.158954
2248,2.1200073,0.11848261,0.85,0.05,4.714125,1.6144756
2249,2.2024589,0.13459471,0.8384085297584534,0.05,4.0855994,2.1586294
2250,2.170763,0.11904152,0.85,0.009037223644554615,4.3572407,1.9859042
2251,2.2486959,0.11833693,0.8353956341743469,0.03910527005791664,3.181945,2.3099253
2252,2.2094924,0.08770051,0.85,0.05,3.3598247,2.2371693
2253,2.174052,0.12133826,0.8093013763427734,0.05,3.8732395,2.1918273
2254,2.299948,0.087273486,0.8402918577194214,0.026548031717538834,2.3307202,2.7169611
2255,2.203489,0.10636779,0.6883655786514282,0.00866795890033245,3.90449,2.2384224
2256,2.1950839,0.119778864,0.8334073424339294,0.05,3.4860573,2.0723045
2257,2.2119079,0.13162242,0.8460061550140381,0.03469691798090935,3.3655744,2.395327
2258,2.219452,0.2092105,0.8358477354049683,0.038892023265361786,2.3757675,2.2712715
2259,2.2127266,0.16813502,0.699567437171936,0.056861504912376404,3.5887425,2.4177678
2260,2.1621246,0.15210086,0.85,0.001738594495691359,4.1897097,2.0347273
2261,2.1901119,0.05604144,0.85,0.011149335652589798,4.0000353,2.023361
2262,2.1498637,0.100916736,0.8374428153038025,0.026217786595225334,4.5198917,1.8713514
2263,2.2073522,0.14164308,0.85,0.05,3.2228656,2.8040986
2264,2.2000923,0.12175755,0.7996516227722168,0.05,3.5054011,1.7146926
2265,2.2533472,0.121675596,0.85,0.05,2.229586,2.756689
2266,2.2307608,0.2009162,0.85,0.010660032741725445,2.4093578,2.683618
2267,2.1733854,0.14483312,0.85,0.032859764993190765,3.7334833,2.0162835
2268,2.1563015,0.16058019,0.85,0.05,3.4346452,2.5840108
2269,2.2238717,0.09569308,0.85,0.018135694786906242,3.3838067,2.2215092
2270,2.136873,0.19437346,0.599248468875885,0.05,4.3960085,1.7397338
2271,2.1529787,0.088293776,0.7423507571220398,0.04484645277261734,4.273721,2.0498414
2272,2.186297,0.07418457,0.6989861726760864,0.04132187366485596,4.0469456,1.9427502
2273,2.1098561,0.10797251,0.829705536365509,0.03378192335367203,5.6409125,1.3959107
2274,2.1608918,0.067609616,0.8443180322647095,0.016372710466384888,4.7880964,1.7369723
2275,2.1222317,0.12706247,0.85,0.05,4.722471,1.5790966
2276,2.1586475,0.16255076,0.85,0.05,3.6205578,2.3996136
2277,2.0879922,0.18566869,0.8353176712989807,0.038017671555280685,5.243833,1.9056426
2278,2.2051554,0.14052907,0.85,0.022239595651626587,3.1510718,2.3827384
2279,2.1222956,0.12514801,0.85,0.05,4.91079,1.4885782
2280,2.1923137,0.1481657,0.7431548833847046,0.03129739686846733,3.4520924,2.2628098
2281,2.2595308,0.041691422,0.85,0.007713498082011938,2.6270545,2.5538669
2282,2.1627083,0.07256223,0.85,0.05,4.6424603,1.9969027
2283,2.1812606,0.117656425,0.85,0.05,3.7237556,2.1569748
2284,2.2176852,0.15401934,0.85,0.05,3.2820039,2.5756874
2285,2.2050927,0.14129207,0.8397020697593689,0.041020408272743225,3.0712092,2.6492643
2286,2.1951177,0.14493555,0.8406558036804199,0.03055146522819996,3.4516032,2.179347
2287,2.149038,0.12952745,0.8086479306221008,0.05,4.0547485,1.9997382
2288,2.179052,0.17258786,0.85,0.05,3.3636467,1.9292454
2289,2.1789045,0.12986702,0.85,0.03028295375406742,3.7192664,2.5448043
2290,2.1833148,0.17537141,0.8303516507148743,0.038760554045438766,3.927664,2.3581426
2291,2.165101,0.122837,0.8051576018333435,0.021096540614962578,4.2363596,2.018766
2292,2.1914303,0.0724768,0.85,0.05,4.494436,1.8287417
2293,2.19947,0.15253034,0.85,0.01682293601334095,3.398414,2.1617022
2294,2.1707704,0.140385,0.85,0.031177865341305733,4.2709146,2.1189346
2295,2.3119044,0.08343157,-0.02357812225818634,0.06036148592829704,2.0294497,2.7613232
2296,2.2106667,0.069235824,0.5571341514587402,0.046534426510334015,3.5463762,1.9503955
2297,2.2238853,0.1575287,0.85,0.026207335293293,2.8827481,2.6374173
2298,2.2216074,0.09336914,0.7220447063446045,0.04165352135896683,3.1796632,2.0382729
2299,2.203576,0.093123846,0.8245711922645569,0.013009537942707539,3.934322,2.041346
2300,2.2114487,0.12043633,0.8367695212364197,0.036753274500370026,3.263807,2.3455372
2301,2.2290435,0.1576202,0.8145756125450134,0.048946037888526917,3.0130575,2.1135032
2302,2.195768,0.086568646,0.85,0.05,4.0971565,2.5032933
2303,2.2422278,0.10730774,0.85,0.05,2.6903257,2.4466016
2304,2.275281,0.08893769,0.85,0.05,2.5147064,2.4922035
2305,2.2140372,0.13261288,0.8145427107810974,0.05,3.2140975,2.1370547
2306,2.1125917,0.11121545,0.85,0.019919898360967636,5.2526174,1.6038715
2307,2.2083974,0.15105584,0.8327214121818542,0.039666514843702316,3.2309258,2.1023998
2308,2.1179576,0.10623928,0.8307093977928162,0.05,4.9645534,1.6146094
2309,2.2254944,0.124353886,0.85,0.024522628635168076,2.8228364,2.5631185
2310,2.259854,0.12353276,0.85,0.05,2.585325,2.6113307
2311,2.2002583,0.13345072,0.85,0.007184960413724184,3.321284,2.5980022
2312,2.1980245,0.099689506,0.6112650632858276,0.05,3.9704852,2.3508909
2313,2.228476,0.082820974,0.8219795227050781,0.03246050328016281,3.3065972,2.352023
2314,2.2293615,0.1475135,0.85,0.05,2.6976924,2.7103047
2315,2.2787585,0.08531059,0.85,0.01387893594801426,2.5478022,2.6057057
2316,2.1756918,0.16048296,0.5175701379776001,0.05,3.8708131,1.7825371
2317,2.2271414,0.14377666,0.85,0.05,3.291088,2.1829698
2318,2.1593406,0.10109329,0.85,0.05,4.11265,1.9587518
2319,2.1465518,0.13403624,0.835754930973053,0.02065420337021351,4.1305456,1.9092029
2320,2.1935008,0.17997925,0.85,0.04120723903179169,3.426956,2.41312
2321,2.1403072,0.13150771,0.8272755146026611,0.05,4.243547,1.6327235
2322,2.1910057,0.12832294,0.845034122467041,0.036629579961299896,3.4915416,2.6573498
2323,2.2162466,0.0861123,0.85,0.05,3.263095,2.0972717
2324,2.160568,0.17548695,0.6946218609809875,0.051449019461870193,3.807689,2.3872669
2325,2.0405493,0.13288616,0.85,0.022987594828009605,6.365158,1.3640237
2326,2.2054024,0.08200935,0.85,0.003745593363419175,3.500676,1.9301026
2327,2.1108968,0.16592744,0.85,0.05,4.7146273,1.669665
2328,2.3060098,0.094408825,0.8492643237113953,0.03864184021949768,2.2784684,2.2005394
2329,2.206165,0.08415413,0.85,0.05,3.5354931,2.222212
2330,2.1755376,0.07039129,0.8313777446746826,0.05,4.4955764,1.9235082
2331,2.2256136,0.13336954,0.85,0.05,3.0183904,2.6177185
2332,2.1498358,0.041669954,0.8239641189575195,0.05,4.951461,1.4496607
2333,2.2455838,0.1150251,0.8297333121299744,0.022749701514840126,2.4976294,2.3255746
2334,2.181128,0.12675667,0.8422571420669556,0.03354496508836746,3.885257,2.0576878
2335,2.2057204,0.1470336,0.85,0.05,3.123418,2.3822923
2336,2.2340536,0.10747873,0.85,0.05,2.671361,2.6480262
2337,2.1536236,0.084013,0.5485165119171143,0.05,4.571322,1.9396311
2338,2.115875,0.18978608,0.8309212327003479,0.030030163004994392,4.4621015,1.9143941
2339,2.1377766,0.1552115,0.85,0.017323270440101624,4.3731823,2.0407221
2340,2.2372522,0.0948469,0.85,0.033979322761297226,2.903675,2.8575234
2341,2.1610937,0.12634698,0.8383692502975464,0.002593532670289278,4.3786087,2.2150164
2342,2.1573207,0.11885927,0.8440002799034119,0.016937563195824623,4.449369,1.8415318
2343,2.2577178,0.13072431,0.85,0.02968653105199337,2.5145411,2.6274729
2344,2.2161555,0.102815695,0.8251367211341858,0.05,3.6008282,2.248775
2345,2.1851742,0.10128801,0.8372877240180969,0.05,3.9331079,1.8656752
2346,2.1718473,0.07199364,0.85,0.05,3.79942,1.7965811
2347,2.2169292,0.12638785,0.85,0.02259054221212864,3.7133455,2.5302866
2348,2.1782253,0.13541608,0.85,0.05,3.6921024,2.1519244
2349,2.1625147,0.080953814,0.85,0.05,4.6104407,2.0616791
2350,2.2786732,0.13564034,0.6312359571456909,0.037971384823322296,2.4828339,2.6116567
2351,2.2906075,0.08633155,0.7929086089134216,0.03296402096748352,2.293722,2.2612903
2352,2.1315074,0.16903347,0.85,0.029125401750206947,4.263112,1.9560021
2353,2.1644928,0.13661774,0.8184839487075806,0.036213260143995285,4.0438995,2.169899
2354,2.2019572,0.13715936,0.782965362071991,0.033553414046764374,3.771298,2.5962975
2355,2.1770551,0.052807096,0.8061890602111816,0.05,3.953698,1.8138852
2356,2.1793559,0.11979571,0.82534259557724,0.03296639770269394,3.9307566,1.9790273
2357,2.221261,0.12033976,0.85,0.004282442387193441,3.336458,2.1263435
2358,2.2016695,0.13148333,0.8295630812644958,0.03395957872271538,3.384511,2.6321492
2359,2.232327,0.10667464,0.85,0.022038115188479424,3.244092,2.235554
2360,2.229137,0.075115435,0.85,0.05,3.298543,2.0224278
2361,2.191161,0.078976825,0.85,0.009347044862806797,4.115664,1.8419675
2362,2.2328942,0.14224447,0.6946492791175842,0.004354484379291534,2.8146827,2.1376362
2363,2.1584406,0.09718052,0.85,0.005534312222152948,4.564761,1.7438191
2364,2.2137375,0.0967794,0.85,0.05,2.976299,2.2480502
2365,2.198009,0.15446964,0.85,0.02991642989218235,3.2665234,2.7182152
2366,2.248382,0.12231291,0.85,0.032403893768787384,2.7433975,2.5310385
2367,2.204405,0.12792656,0.85,0.05,2.7062562,2.230968
2368,2.2020798,0.1394358,0.85,0.03917459398508072,3.8783739,2.6557314
2369,2.2226598,0.10173304,0.85,0.05,3.0225863,2.5341976
2370,2.196804,0.14923252,0.8310658931732178,0.04358351603150368,3.2690034,2.153562
2371,2.2142217,0.105933525,0.3107054531574249,0.021764129400253296,3.2280297,2.747666
2372,2.253059,0.15337895,0.5410820245742798,0.014984453096985817,2.2071288,2.374157
2373,2.1279578,0.08518541,0.85,0.05,4.3321395,1.4423689
2374,2.1923633,0.12513435,0.5633848309516907,0.03757774829864502,3.3808074,1.9066131
2375,2.2127159,0.09697535,0.85,0.015842434018850327,3.486987,2.5150042
2376,2.1777327,0.12656364,0.85,0.05,4.469839,2.3229375
2377,2.1783895,0.1222652,0.85,0.05,3.9585187,2.6752129
2378,2.166692,0.15370443,0.85,0.01575564593076706,4.0593457,1.9131353
2379,2.1478984,0.12823257,0.85,0.05,4.1166267,1.936949
2380,2.1950932,0.1257173,0.85,0.023074204102158546,4.068761,2.0950675
2381,2.123685,0.123874724,0.85,0.05,4.6864824,1.714582
2382,2.3597536,0.091239505,0.6786074042320251,0.04812155291438103,2.3543165,2.5420468
2383,2.215019,0.1453772,0.85,0.01564905047416687,2.9153435,2.591925
2384,2.1973062,0.074071616,0.85,0.05,4.4984455,1.6962287
2385,2.1981635,0.09573144,0.8379736542701721,0.05,3.9603822,1.7867491
2386,2.1712441,0.09711724,0.844724714756012,0.05,4.16926,2.1690319
2387,2.2805407,0.09365387,0.8003574013710022,0.050063446164131165,2.0787098,2.58779
2388,2.1564739,0.12695235,0.7953581809997559,0.013753514736890793,3.9745703,1.6504644
2389,2.1830523,0.14715247,0.8441218137741089,0.01910742186009884,3.8514266,2.1866267
2390,2.171734,0.07358971,0.7984007596969604,0.01599356159567833,4.5018096,1.8937854
2391,2.2261925,0.135352,0.85,0.027268564328551292,3.0091095,2.6631682
2392,2.2160923,0.15756848,0.85,0.05,2.7531312,2.1920903
2393,2.1476784,0.13997176,0.85,0.05,4.692843,1.7725384
2394,2.1844122,0.1414234,0.8178344964981079,0.05,3.9218707,1.8974135
2395,2.235054,0.10098383,0.85,0.031050732359290123,2.9994416,2.6627297
2396,2.2211459,0.16155063,0.85,0.011837927624583244,3.1487565,2.5856202
2397,2.1887698,0.10289848,0.85,0.029073117300868034,4.043131,1.818282
2398,2.1575673,0.06247163,0.6615334749221802,0.0013824943453073502,4.292782,1.9459615
2399,2.2268429,0.15153451,0.82155442237854,0.01664757914841175,2.8354712,2.2171478
2400,2.1531467,0.1267386,0.8185475468635559,0.018711091950535774,3.706394,1.6130139
2401,2.1184845,0.16215247,0.85,0.05,4.479899,1.977091
2402,2.1380174,0.09350831,0.85,0.05,4.8039412,1.607811
2403,2.261869,0.13057885,0.6927253007888794,0.05267957225441933,2.3652968,2.8512976
2404,2.181321,0.13186392,0.8309985995292664,0.05,3.8179827,2.2808065
2405,2.2414062,0.05102694,0.792996883392334,0.015940381214022636,3.0989213,1.967184
2406,2.1790376,0.1099468,0.85,0.05,4.3613863,2.28864
2407,2.255342,0.18759729,0.85,0.02971331775188446,2.570265,2.2019134
2408,2.2877207,0.08135994,0.8249356746673584,0.046930987387895584,2.3799214,1.9443176
2409,2.1736784,0.13851558,0.85,0.05,3.937892,2.2738202
2410,2.180951,0.22725119,0.804333508014679,0.05,2.5258229,2.2654538
2411,2.1403868,0.09275022,0.8367769718170166,0.05,4.4832044,1.5846114
2412,2.160589,0.094101414,0.85,0.05,4.5527954,1.6336076
2413,2.1733358,0.13125388,0.85,0.05,4.094924,2.12172
2414,2.1767945,0.14316386,0.85,0.05,3.7109509,2.3472252
2415,2.1929777,0.10459388,0.6657520532608032,0.01674116589128971,3.6400151,2.0514243
2416,2.255149,0.18101345,0.5441185235977173,0.05713055655360222,2.5048437,2.7163284
2417,2.177456,0.1197308,0.85,0.013243981637060642,4.2429137,2.092494
2418,2.232029,0.13131423,0.8047171235084534,0.02520616725087166,2.9332783,2.4004588
2419,2.1861503,0.07493334,0.8296921253204346,0.02994639426469803,4.093265,2.0189135
2420,2.1971164,0.09901871,0.8118365406990051,0.005237339995801449,3.537602,2.067934
2421,2.1821423,0.13472946,0.85,0.05,4.098871,2.0448046
2422,2.1942127,0.12545408,0.7861673831939697,0.05,3.836248,2.1099048
2423,2.2100422,0.0904286,0.3244469463825226,0.020993337035179138,3.8182955,2.3006184
2424,2.1328263,0.13872962,0.85,0.015919063240289688,4.5687203,2.0993466
2425,2.2584136,0.1097768,0.85,0.017667975276708603,2.9550385,2.5937843
2426,2.2591531,0.051312987,0.7934737205505371,0.026335634291172028,2.7755516,2.3259344
2427,2.162896,0.14303307,0.85,0.05,3.858035,2.3317971
2428,2.19445,0.08888994,0.85,0.05,3.9490142,2.3461335
2429,2.2101154,0.095072456,0.85,0.022233452647924423,3.6569796,1.9732372
2430,2.1568522,0.10147862,0.85,0.05,4.220943,1.8315213
2431,2.2488174,0.105852775,0.8458768129348755,0.030603276565670967,2.7171197,2.8568246
2432,2.1894944,0.08551387,0.6018023490905762,0.08113083243370056,4.482739,1.8653069
2433,2.1256955,0.11345031,0.85,0.003794485004618764,5.194382,1.6397134
2434,2.184699,0.14396983,0.85,0.05,3.570398,2.1626666
2435,2.1287062,0.11246225,0.85,0.05,4.747878,1.6643393
2436,2.178432,0.117173225,0.85,0.05,4.51256,2.0921876
2437,2.2173903,0.12420666,0.85,0.025742098689079285,3.3620722,2.469485
2438,2.1555092,0.06338932,0.85,0.05,4.9096646,1.6921915
2439,2.3031952,0.10319689,0.8253306150436401,0.059438057243824005,2.3508248,2.8816106
2440,2.1091087,0.06937484,0.82634037733078,0.05,5.405226,1.2636653
2441,2.2060454,0.1577173,0.85,0.05,3.2160366,2.699557
2442,2.1930263,0.1534408,0.792222797870636,0.02700933814048767,3.3299181,2.4826558
2443,2.2301955,0.11811777,0.85,0.05,2.9979076,2.6300993
2444,2.1946566,0.08696175,0.6513941884040833,0.06385952234268188,4.129351,2.5773232
2445,2.1588104,0.115270324,0.85,0.05,3.7899737,2.2644918
2446,2.2117603,0.09309766,0.7615869641304016,0.04345174506306648,3.7162638,2.108412
2447,2.1951098,0.10899161,0.85,0.05,4.0971518,2.041973
2448,2.1402602,0.08343753,0.85,0.010973719879984856,4.8761334,1.8313131
2449,2.1864705,0.12042779,0.85,0.05,3.9184375,2.443348
2450,2.0973165,0.12340046,0.8370359539985657,0.05,5.776911,1.2932738
2451,2.1348825,0.12879857,0.6562753915786743,0.05,4.6594806,1.7741325
2452,2.164554,0.13466437,0.4962310492992401,0.05,3.6376944,2.007349
2453,2.1609213,0.14762187,0.8410556316375732,0.05,4.55139,2.108675
2454,2.1235104,0.10361151,0.85,0.05,5.2060304,1.7349811
2455,2.179461,0.099035054,0.8259584307670593,0.029713662341237068,3.8636026,2.0195303
2456,2.194486,0.12704863,0.85,0.02281707525253296,3.8457031,2.2812755
2457,2.2094452,0.13280652,0.85,0.037330638617277145,3.012373,2.8730366
2458,2.1660168,0.12037412,0.85,0.02756728231906891,4.203244,2.0659204
2459,2.148897,0.13124405,0.85,0.015285269357264042,4.6938677,1.6561482
2460,2.1287541,0.110102974,0.85,0.05,4.90023,1.5603051
2461,2.1434891,0.12217569,0.85,0.010180529206991196,5.0262194,1.920418
2462,2.1830664,0.12807469,0.85,0.05,3.9329836,1.8142638
2463,2.2245605,0.11095454,0.8453806638717651,0.03571324795484543,3.3375692,2.3290055
2464,2.2268412,0.109585516,0.8403878211975098,0.05212624371051788,3.1111326,2.5276546
2465,2.2389073,0.112861164,0.7148507833480835,0.05,2.578455,2.6541657
2466,2.218742,0.11102449,0.85,0.02095661498606205,3.6014893,2.4129488
2467,2.1401324,0.13260087,0.8300544023513794,0.021818984299898148,4.431783,1.5368111
2468,2.2114062,0.14658137,0.85,0.014664674177765846,3.5528643,2.135375
2469,2.173465,0.099941835,0.8198086023330688,0.05,4.016487,1.9715505
2470,2.3503146,0.08084666,0.848423182964325,0.04021204635500908,2.035396,2.7791145
2471,2.273548,0.0826978,0.8245077729225159,0.02419414557516575,2.2726088,2.261486
2472,2.183309,0.08642598,0.85,0.05,3.6195648,1.8890862
2473,2.1183393,0.12849577,0.8225536942481995,0.05,5.258598,1.7695951
2474,2.2183697,0.1202153,0.6567097902297974,0.05,3.6662433,2.1098244
2475,2.1761696,0.10797595,0.85,0.019075453281402588,4.60187,2.0485156
2476,2.2140865,0.08274248,0.85,0.05,3.6511946,2.1763043
2477,2.127974,0.0920211,0.82765793800354,0.02318382076919079,4.609368,1.54967
2478,2.2192054,0.14111428,0.8354882597923279,0.04606098681688309,3.601581,2.6189132
2479,2.2321596,0.16856363,0.85,0.018279535695910454,2.6941266,2.618856
2480,2.1392403,0.12537272,0.85,0.05,4.185579,1.6295594
2481,2.1859229,0.09239177,0.6303033232688904,0.034978557378053665,4.1406803,1.8131411
2482,2.1534333,0.11477857,0.85,0.05,4.2173934,1.794098
2483,2.2296853,0.10118363,0.85,0.05,2.9608014,1.941488
2484,2.1909342,0.08159525,0.85,0.05,3.8291988,2.563749
2485,2.1752653,0.18228401,0.775560736656189,0.040801648050546646,3.079303,2.5699453
2486,2.1669097,0.10185056,0.85,0.05,4.4456177,1.6408838
2487,2.2683096,0.07776546,0.85,0.035439442843198776,2.6209233,2.6986008
2488,2.1505115,0.052352894,0.6782141327857971,0.037530701607465744,5.337689,2.008254
2489,2.1561484,0.10512092,0.85,0.05,4.1639256,1.7893168
2490,2.1366174,0.14337957,0.8339084982872009,0.019341371953487396,4.5766716,1.6449195
2491,2.2289896,0.13199392,0.8051652312278748,0.05,2.8043714,2.1365886
2492,2.2101424,0.11626452,0.5943068861961365,0.034776218235492706,3.7993374,2.2143714
2493,2.1754541,0.16473682,0.85,0.042379651218652725,4.1780634,2.262689
2494,2.2261121,0.07055797,0.85,0.05,3.3980024,2.569365
2495,2.1304235,0.07178924,0.85,0.05,4.8960905,1.7079152
2496,2.1838667,0.11835368,0.85,0.05,3.528817,2.1060958
2497,2.1458132,0.13749865,0.85,0.05,4.32048,2.0659828
2498,2.2106311,0.08779091,0.846391499042511,0.02763618901371956,3.8783777,2.184839
2499,2.182696,0.13482128,0.85,0.05,3.9727893,2.0732493
2500,2.2946377,0.0912717,0.5433628559112549,0.06019192188978195,2.0644245,2.722071
2501,2.1498318,0.13465238,0.85,0.05,4.363934,2.0352628
2502,2.20204,0.11949938,0.85,0.05,4.260686,2.4985123
2503,2.0884855,0.06896046,0.85,0.03118951804935932,7.269736,1.4348781
2504,2.1734226,0.18231113,0.8199259042739868,0.01928846538066864,3.770507,2.4917648
2505,2.168083,0.10094292,0.8435424566268921,0.05,4.4373126,1.9134853
2506,2.2209456,0.14770265,0.85,0.05,3.295896,2.7788486
2507,2.2510767,0.10994544,0.7305573225021362,0.022115418687462807,2.8773177,2.4160864
2508,2.20295,0.030444775,0.8053189516067505,0.025815658271312714,3.986973,1.7876776
2509,2.1720023,0.13620263,0.836627721786499,0.05,3.8769855,2.1487975
2510,2.1715786,0.12929767,0.85,0.035924967378377914,4.501194,1.7828419
2511,2.2071748,0.11200337,0.85,0.025909503921866417,3.4716578,2.0977864
2512,2.1599498,0.1327366,0.8397627472877502,0.04465731605887413,4.1145525,2.7525537
2513,2.182842,0.14561784,0.85,0.05,3.828296,2.8445926
2514,2.1800113,0.121554874,0.85,0.05,4.071046,2.0348692
2515,2.079805,0.1452608,0.85,0.05,5.527543,1.4656616
2516,2.1871202,0.13964279,0.85,0.05,3.966284,2.5806825
2517,2.1665876,0.13393891,0.8355998992919922,0.05,4.308047,2.5128922
2518,2.2285914,0.09404162,0.85,0.05,2.9248435,2.1147604
2519,2.2107337,0.1557916,0.85,0.025795357301831245,3.1301,2.5130272
2520,2.2999961,0.072997764,0.7550909519195557,0.071480892598629,2.4560456,2.7889266
2521,2.2066562,0.13478014,0.8085954785346985,0.03591575846076012,3.2773085,2.71204
2522,2.1874506,0.09233861,0.85,0.05,4.050787,1.8135241
2523,2.1720688,0.123001166,0.85,0.05,4.076034,2.1607225
2524,2.149136,0.08822057,0.85,0.05,4.468889,1.705361
2525,2.1494074,0.12160909,0.85,0.05,4.156973,2.099502
2526,2.17328,0.09107738,0.8163880705833435,0.05,4.291694,2.1909015
2527,2.1936836,0.1301786,0.6168650984764099,0.04458391293883324,3.2511241,2.2355604
2528,2.1809938,0.12116735,0.85,0.05,3.6837778,2.0081894
2529,2.1401546,0.117948174,0.8474166393280029,0.03295249491930008,4.596985,2.2987936
2530,2.205613,0.12451819,0.85,0.031639836728572845,3.5025377,2.7628934
2531,2.0786192,0.13222283,0.85,0.027877304702997208,5.527647,1.7773803
2532,2.1920938,0.11915441,0.85,0.05,3.5263808,2.6192863
2533,2.184923,0.1649493,0.85,0.05,3.565549,2.1659493
2534,2.2236173,0.17729762,0.85,0.02624480240046978,2.7801137,2.309587
2535,2.164782,0.11224866,0.7458221316337585,0.05,4.169836,1.7206784
2536,2.1091688,0.15457183,0.8314433097839355,0.033822380006313324,5.074402,1.5221354
2537,2.2407494,0.10352548,0.5273894667625427,0.03773263841867447,3.0994527,2.7214012
2538,2.2384171,0.111701295,0.8462247848510742,0.05,3.0575552,2.42261
2539,2.1956916,0.1377184,0.8403805494308472,0.022803403437137604,3.4276845,1.9926258
2540,2.1889462,0.11450536,0.85,0.006624875124543905,3.8752131,2.1626809
2541,2.192111,0.14036907,0.8163660764694214,0.05,3.6767123,1.9578159
2542,2.3062649,0.06659951,0.7219665050506592,0.08616219460964203,2.3267033,2.8397443
2543,2.1704886,0.11736035,0.85,0.05,4.1964126,2.119729
2544,2.1830385,0.16298182,0.832135796546936,0.04844708368182182,3.8598933,2.6115167
2545,2.1808765,0.18224554,0.85,0.05,3.576465,2.8013217
2546,2.197962,0.14912651,0.4976341724395752,0.025603219866752625,3.2483566,2.2652662
2547,2.13708,0.131653,0.8197696805000305,0.029805045574903488,4.2794986,1.8278437
2548,2.1568646,0.1470284,0.7445008158683777,0.0403667613863945,3.6183288,2.847803
2549,2.216451,0.09203804,0.85,0.032161783427000046,3.4508464,2.0733411
2550,2.0837538,0.09909823,0.807159423828125,0.053895678371191025,6.1427617,1.3145398
2551,2.1325524,0.0933013,0.8335493206977844,0.05,4.681606,1.5957566
2552,2.1254337,0.13445422,0.85,0.05,4.79966,1.6683596
2553,2.2834287,0.124038815,0.7888416051864624,0.05712440237402916,2.424031,2.4982996
2554,2.2103992,0.11743369,0.8237294554710388,0.0011621383018791676,3.370287,2.0238976
2555,2.1985128,0.15292695,0.7957370281219482,0.028215114027261734,3.9547486,2.3196244
2556,2.2186077,0.11121116,0.8139539361000061,0.05,3.116368,2.1148295
2557,2.1626077,0.15135972,0.8437213897705078,0.05,3.8499444,1.750516
2558,2.1996932,0.15833981,0.7387934923171997,0.05,3.5656743,2.4555907
2559,2.1525707,0.13820574,0.85,0.05,4.0489984,1.6780319
2560,2.191592,0.13032268,0.85,0.006646443624049425,3.8893893,2.110864
2561,2.0951412,0.11102438,0.6467357873916626,0.05,5.1082816,1.430479
2562,2.1533117,0.11524958,0.8261778950691223,0.05,4.3776803,1.7731687
2563,2.1705697,0.16994588,0.8498885035514832,0.030975382775068283,3.7077632,2.6770847
2564,2.15756,0.13154466,0.85,0.05,4.4520116,1.8836719
2565,2.2243733,0.14274743,0.85,0.038358282297849655,2.7340105,2.8040667
2566,2.1907673,0.11542797,0.7721524238586426,0.026107626035809517,3.916531,2.2616305
2567,2.1804898,0.08597908,0.7328033447265625,0.05,3.8592036,2.0653932
2568,2.106815,0.09650724,0.8491783142089844,0.03252638876438141,5.3110776,1.4180378
2569,2.2237606,0.10591426,0.847009003162384,0.03168286010622978,2.6712644,2.8258522
2570,2.1615164,0.093537115,0.7979257702827454,0.05,4.8041005,1.8245175
2571,2.2660565,0.10298893,0.5854622721672058,0.030585037544369698,2.128845,2.6393528
2572,2.2043731,0.07964527,0.5391513109207153,0.02693241462111473,3.573539,1.8555429
2573,2.1702125,0.08247114,0.85,0.05,4.5354605,1.5955486
2574,2.1456492,0.11431789,0.7095935344696045,0.04041256010532379,4.6270733,1.7956897
2575,2.1876411,0.16739023,0.85,0.0077224671840667725,3.3022783,2.2713969
2576,2.153179,0.07769164,0.85,0.05,4.7738686,2.0214715
2577,2.2426374,0.18410008,0.7104699015617371,0.04503559321165085,2.4705355,2.685064
2578,2.2037401,0.114452325,0.85,0.05,3.877008,2.2415376
2579,2.1332324,0.13282627,0.7831786870956421,0.014712592586874962,4.968244,1.8008513
2580,2.128814,0.12997639,0.85,0.05,4.909958,1.942412
2581,2.1777573,0.15335527,0.7926315665245056,0.05,3.7162967,2.154697
2582,2.1738453,0.123333216,0.85,0.033417947590351105,4.0980625,2.2191427
2583,2.2974262,0.12898275,0.7937832474708557,0.029741937294602394,2.0901704,2.6459508
2584,2.1741343,0.10764299,0.85,0.021697813645005226,4.012775,2.517629
2585,2.2139018,0.116147816,0.7132962346076965,0.03283693268895149,3.6265817,2.7393315
2586,2.179527,0.11946442,0.5853514075279236,0.010103254579007626,3.9231954,2.476261
2587,2.1353106,0.14463642,0.8222959637641907,0.05,4.1904917,1.8114142
2588,2.2300084,0.14019036,0.85,0.019804153591394424,3.2942662,2.7850041
2589,2.1619034,0.112737566,0.8168016076087952,0.049312129616737366,4.676055,1.977983
2590,2.1288316,0.13342161,0.85,0.05,4.0622606,1.9516032
2591,2.185782,0.1044941,0.8408013582229614,0.00947075616568327,3.514149,2.2301195
2592,2.1792848,0.12640029,0.8456733822822571,0.023510292172431946,4.2668986,2.1384974
2593,2.2009182,0.06397978,0.85,0.05,4.2353315,1.806337
2594,2.1621864,0.15453678,0.85,0.009947510436177254,4.249336,1.9511042
2595,2.1940236,0.07667989,0.8315047025680542,0.03220209851861,4.1754165,1.8916124
2596,2.1604757,0.19020852,0.85,0.05,3.4271672,2.175682
2597,2.1133296,0.08722791,0.7994425296783447,0.05,4.777292,1.2931545
2598,2.2598283,0.10929521,0.8135563135147095,0.07484959810972214,2.5808606,2.676855
2599,2.3000784,0.0826657,0.7746865153312683,0.06133890524506569,2.535791,2.28334
2600,2.187987,0.09462297,0.8245868682861328,0.05,4.346754,2.1371405
2601,2.1382165,0.101403825,0.85,0.05,4.651321,2.1928992
2602,2.2076497,0.13257417,0.85,0.05,3.2527392,2.0110903
2603,2.170534,0.12458531,0.85,0.019586389884352684,4.061271,2.2033372
2604,2.1474798,0.1262705,0.8252430558204651,0.03651667758822441,4.5692086,1.8150817
2605,2.2463174,0.14711922,0.8147287368774414,0.03560212254524231,2.5278554,2.6462364
2606,2.195765,0.15800071,0.8484559059143066,0.0372653566300869,3.5559306,2.5571918
2607,2.1245475,0.13875526,0.85,0.05,4.579025,1.6222234
2608,2.1756103,0.0969115,0.85,0.05,4.328189,2.0394938
2609,2.1886663,0.15579586,0.8368996977806091,0.05,3.439904,2.0325112
2610,2.237383,0.044338398,0.8107540607452393,0.05,3.764054,1.9550399
2611,2.1778493,0.14899434,0.85,0.05,3.8280778,1.902552
2612,2.1979263,0.1593234,0.85,0.05,3.4588847,2.714281
2613,2.266216,0.07746821,0.85,0.05,2.699997,2.5192218
2614,2.2107248,0.12261234,0.6715120077133179,0.05,3.25151,2.1997664
2615,2.2154276,0.1293673,0.5324070453643799,0.05,2.9499629,2.429818
2616,2.1459656,0.10153224,0.85,0.05,4.367876,1.7176542
2617,2.2257655,0.117204234,0.8037449717521667,0.05,2.9229934,2.270082
2618,2.256329,0.14461264,0.85,0.02127186954021454,2.2821205,2.3589175
2619,2.0976446,0.004947929,0.8495056629180908,0.02420792542397976,6.5990505,1.2824925
2620,2.263689,0.12887163,0.85,0.02398635260760784,2.5882657,2.2547204
2621,2.1789415,0.14433603,0.85,0.05,3.7004967,1.7909491
2622,2.2107935,0.11340113,0.85,0.05,3.260901,2.5306325
2623,2.1506548,0.18143138,0.8096005320549011,0.05,4.0944924,2.1298938
2624,2.1185813,0.12941705,0.85,0.006950323469936848,4.810008,1.7051576
2625,2.1384482,0.07398284,0.85,0.02927297167479992,5.1144447,1.8447502
2626,2.226803,0.10171304,0.8485217094421387,0.04699230566620827,3.3187008,2.5485022
2627,2.263968,0.112907544,0.8272116184234619,0.05,2.7432716,2.6411898
2628,2.277306,0.13473915,0.85,0.05,2.445489,2.2963102
2629,2.1777697,0.1195064,0.85,0.05,3.9872863,2.2211802
2630,2.2395136,0.119971596,0.85,0.041566360741853714,2.792514,2.7362223
2631,2.161496,0.10151115,0.85,0.05,4.454646,2.0343235
2632,2.1854997,0.14924109,0.85,0.05,3.898228,1.770889
2633,2.281196,0.13334857,0.7573209404945374,0.04347330704331398,2.3132699,2.859521
2634,2.191563,0.12318184,0.85,0.05,3.8732767,2.598205
2635,2.1588109,0.16972035,0.85,0.05,3.625313,2.0045133
2636,2.1904182,0.102965176,0.85,0.05,3.8197803,1.9032813
2637,2.133966,0.11391097,0.85,0.05,4.616492,1.701111
2638,2.1199515,0.17464475,0.85,0.05,4.655237,1.7395139
2639,2.250597,0.075035,0.6722499132156372,0.03765661641955376,2.9796133,1.9752947
2640,2.175366,0.13564669,0.8286434412002563,0.030026642605662346,3.6862335,2.028158
2641,2.2107954,0.13064076,0.7715343236923218,0.0467778816819191,3.7988715,2.5454354
2642,2.2870836,0.07290568,0.85,0.03813266381621361,2.3802977,2.5421443
2643,2.1763048,0.11303778,0.85,0.033191658556461334,4.2335095,2.367825
2644,2.1522553,0.12256466,0.85,0.05,4.7543573,1.8293163
2645,2.1494353,0.1584603,0.85,0.016825392842292786,4.0775113,2.0325675
2646,2.271537,0.14257891,0.6996658444404602,0.038878049701452255,2.4336586,2.761163
2647,2.1831818,0.07439253,0.8131838440895081,0.024167366325855255,3.7888381,2.209017
2648,2.2091868,0.10515833,0.85,0.01958616077899933,3.584618,2.192276
2649,2.1976867,0.123646975,0.85,0.008535071276128292,3.8932614,1.8431717
2650,2.2241993,0.14789096,0.85,0.05,3.0095608,2.641604
2651,2.133582,0.10205804,0.85,0.05,4.8084993,1.6638596
2652,2.2105312,0.109443136,0.13678371906280518,0.06844494491815567,3.412799,2.1690114
2653,2.221001,0.08997143,0.26831260323524475,0.04961032047867775,3.6740384,2.5230656
2654,2.189575,0.11721991,0.85,0.05,4.4141803,1.8373575
2655,2.1414611,0.12348595,0.85,0.05,4.497898,1.7739503
2656,2.2336628,0.1232512,0.8177825808525085,0.04677928611636162,3.5255725,2.613671
2657,2.2126217,0.10429752,0.7218178510665894,0.0504862479865551,3.3804538,2.3795228
2658,2.2850676,0.0860813,0.5896663665771484,0.024727286770939827,2.3939967,2.7871766
2659,2.2692783,0.09960345,0.85,0.021153714507818222,2.9147964,2.2788067
2660,2.1708975,0.12876374,0.85,0.02446560375392437,4.0878263,2.1629593
2661,2.124616,0.12770246,0.8017630577087402,0.019843818619847298,4.133933,1.5760976
2662,2.2012596,0.14865038,0.8313385844230652,0.04757781699299812,3.8497653,2.1988056
2663,2.2495823,0.09724551,0.8225963115692139,0.052293047308921814,3.2201178,2.8412614
2664,2.1829734,0.13492863,0.85,0.05,3.3526514,1.9008819
2665,2.1995454,0.09993932,0.8420230746269226,0.05,3.915563,2.489061
2666,2.1397269,0.13468075,0.8031331896781921,0.045619815587997437,4.7201605,2.1478329
2667,2.1045394,0.11461666,0.85,0.006773890927433968,6.0414186,1.4079956
2668,2.2000604,0.11825142,0.8209429979324341,0.022060951218008995,3.863868,2.33025
2669,2.1325748,0.106688716,0.85,0.05,4.7246704,1.8145484
2670,2.2314026,0.11016282,0.85,0.05,3.2808485,2.7250612
2671,2.237012,0.12625271,0.85,0.05,3.0445561,2.1864183
2672,2.1437945,0.1322483,0.6417515277862549,0.012493075802922249,4.193065,1.9104998
2673,2.1878574,0.094647184,0.85,0.05,4.1266685,2.1759524
2674,2.2153902,0.15642194,0.85,0.05,3.056731,2.7678523
2675,2.1951659,0.11220022,0.85,0.017274850979447365,3.8316674,2.638056
2676,2.1789393,0.13263495,0.7066555023193359,0.03341032937169075,3.7477953,1.8769349
2677,2.2314055,0.13268301,0.85,0.05,3.07716,2.4459083
2678,2.165277,0.13826005,0.85,0.05,4.4210067,2.216923
2679,2.1894715,0.100077994,0.7955381274223328,0.01228343602269888,3.777256,2.1691136
2680,2.1728978,0.110480264,0.85,0.05,3.8410456,2.2640398
2681,2.1871166,0.13392562,0.8134655952453613,0.05,3.3813782,2.1324236
2682,2.1651828,0.10906087,0.8223100900650024,0.045449305325746536,4.0602074,1.7108983
2683,2.147716,0.09067248,0.8013566732406616,0.007384206168353558,4.7311916,1.593714
2684,2.139201,0.08627208,0.85,0.017493031919002533,4.7139735,1.9092635
2685,2.2307084,0.13944164,0.8492076992988586,0.05,3.1181364,2.3950062
2686,2.2606115,0.16467704,0.6675323247909546,0.016346998512744904,2.3214765,2.4058595
2687,2.1809776,0.10770287,0.85,0.026315413415431976,3.8897848,2.4333327
2688,2.1729581,0.14008819,0.85,0.05,3.3545475,2.290984
2689,2.1625352,0.16101953,0.7694330215454102,0.012424083426594734,3.7849987,2.2782674
2690,2.21992,0.10652384,0.8349207639694214,0.05,3.3527691,2.226744
2691,2.1475003,0.13648431,0.85,0.05,4.4736767,1.6970142
2692,2.1494408,0.12370976,0.85,0.036876313388347626,4.5895534,2.6535366
2693,2.1125038,0.12645186,0.85,0.009743046015501022,5.195738,1.6026428
2694,2.20496,0.13450444,0.8245635628700256,0.05,3.9349203,2.4256313
2695,2.0969346,0.13726467,0.85,0.01593601517379284,5.244944,1.5649887
2696,2.1194577,0.087885454,0.840364933013916,0.05,5.580069,1.5483139
2697,2.0893478,0.061913442,0.85,0.029097547754645348,6.2832327,1.358348
2698,2.2132602,0.08180895,0.8260855078697205,0.05,3.5122528,2.1254206
2699,2.18353,0.16095592,0.85,0.017756430432200432,3.8040848,2.188324
2700,2.2148936,0.11608925,0.85,0.05,2.9966922,2.6156368
2701,2.1065173,0.19295223,0.8050845265388489,0.009106402285397053,4.3660097,1.9056052
2702,2.1438477,0.10018408,0.85,0.05,4.869482,1.9861141
2703,2.2557485,0.14441237,0.8259194493293762,0.024363962933421135,2.6476946,2.7827637
2704,2.0884602,0.08139248,0.85,0.05,6.5959134,1.3748639
2705,2.2800725,0.19202222,0.3650459349155426,0.06544019281864166,2.0455034,2.1688926
2706,2.2357905,0.11447168,0.85,0.05,2.849721,2.7512708
2707,2.160087,0.14677462,0.8050916194915771,0.029456032440066338,3.812049,1.9234104
2708,2.179783,0.14624192,0.85,0.05,3.9470506,2.193589
2709,2.2062478,0.10851158,0.85,0.013335430063307285,3.4370685,2.3030012
2710,2.175615,0.15028992,0.85,0.004783936310559511,3.0398045,2.053021
2711,2.1640968,0.14052056,0.7704156041145325,0.030826203525066376,4.1267056,1.6585286
2712,2.145771,0.14195064,0.8495016694068909,0.03746591880917549,4.9609666,2.2787957
2713,2.146288,0.12355104,0.8235640525817871,0.05,4.524856,2.1894
2714,2.2059593,0.112407185,0.85,0.05,3.3750162,2.240222
2715,2.1596766,0.09258161,0.85,0.010286767035722733,4.4348183,2.0643213
2716,2.2076159,0.10787258,0.8274679183959961,0.061412349343299866,3.423045,2.6920328
2717,2.2028718,0.09001271,0.85,0.008794461376965046,3.6960657,1.986336
2718,2.222748,0.16631065,0.85,0.05,3.0171158,2.1797032
2719,2.2062504,0.12592177,0.85,0.05,2.8380008,2.0670223
2720,2.2495143,0.10031056,0.85,0.019962303340435028,3.3039494,2.5176976
2721,2.1930578,0.09294958,0.8118133544921875,0.05,4.0302825,2.0210135
2722,2.158269,0.15414666,0.8498879075050354,0.03559280186891556,4.154934,2.5658426
2723,2.1938508,0.14073355,0.85,0.05,3.7408254,1.8336182
2724,2.246737,0.16929998,0.7264196276664734,0.021594002842903137,2.601336,2.5936852
2725,2.272448,0.058491103,0.85,0.02348342537879944,2.4818256,2.1790986
2726,2.1756775,0.08982867,0.85,0.021456098183989525,4.5054016,2.0143406
2727,2.1221032,0.11792134,0.8382593989372253,0.03710949048399925,4.582204,1.7822381
2728,2.1703112,0.09632294,0.8263269662857056,0.012056730687618256,4.033499,2.3937616
2729,2.215937,0.10860365,0.85,0.05,3.0562491,2.322379
2730,2.2236454,0.08947813,0.85,0.05,3.1088614,2.324223
2731,2.1303136,0.11969002,0.8042567372322083,0.05,4.6841927,1.8244169
2732,2.2066007,0.15815443,0.7439126968383789,0.018185919150710106,3.1762683,2.5542064
2733,2.2255147,0.15019195,0.85,0.05,2.8704455,2.6221259
2734,2.2138262,0.10629442,0.8057323694229126,0.02773100882768631,3.369071,2.221453
2735,2.1956198,0.15740149,0.85,0.02835914120078087,3.5587244,2.3022819
2736,2.1810184,0.054699853,0.7891183495521545,0.042947739362716675,4.162876,2.049869
2737,2.0991642,0.1700677,0.828946053981781,0.047331809997558594,4.9250464,1.7828826
2738,2.2203946,0.12323937,0.85,0.008164138533174992,3.3280427,1.9802933
2739,2.1248019,0.14520219,0.8091694116592407,0.04377145320177078,4.500811,1.9819193
2740,2.1339645,0.13640451,0.85,0.05,4.211025,2.093128
2741,2.2210393,0.093241386,0.2708210051059723,0.016261756420135498,3.2360346,2.058837
2742,2.1463878,0.1067782,0.85,0.05,4.7225337,1.6601429
2743,2.1343305,0.13296144,0.85,0.05,4.2069364,1.7282052
2744,2.235671,0.092366174,0.8490217328071594,0.05,3.2455497,2.4877307
2745,2.2143342,0.077380314,0.7310675382614136,0.04443918541073799,3.6387427,2.4143887
2746,2.1681528,0.14517134,0.8059208989143372,0.02905496396124363,3.9803267,2.2050438
2747,2.2078104,0.10294841,0.85,0.013986877165734768,3.3728998,2.1970425
2748,2.1263268,0.14032657,0.8196325898170471,0.05,4.7910967,2.1332324
2749,2.1514924,0.13931939,0.7236571311950684,0.03880947455763817,4.5429106,2.0220695
2750,2.1502748,0.11418368,0.85,0.05,4.530455,2.0651915
2751,2.153717,0.1191538,0.8401565551757812,0.03097148984670639,4.7954187,1.9671803
2752,2.1077616,0.15527803,0.85,0.05,4.819903,1.4797164
2753,2.1846995,0.057330366,0.7851381301879883,0.033229123800992966,5.02022,2.1336386
2754,2.2369099,0.11359328,0.6233760714530945,0.05,3.0277033,1.9632186
2755,2.2174492,0.08403427,0.85,0.05,2.9558098,2.1704485
2756,2.1970327,0.12249389,0.6662745475769043,0.03505412116646767,3.291333,2.3356047
2757,2.2294567,0.06341667,0.85,0.05,3.8290172,2.2945533
2758,2.2167215,0.12929457,0.833842396736145,0.037151824682950974,3.0935056,2.363316
2759,2.195762,0.10402939,0.85,0.05,3.6221373,2.052491
2760,2.1473885,0.16260013,0.85,0.05,4.165046,1.767342
2761,2.1511014,0.13458407,0.85,0.05,4.319476,2.0849016
2762,2.226273,0.12519988,0.8223518133163452,0.05126829817891121,2.9657288,2.2617636
2763,2.2561114,0.17313609,0.8022862076759338,0.05470309779047966,2.2560136,2.783741
2764,2.1957111,0.13335724,0.8423247933387756,0.03314469754695892,3.8048,2.1501443
2765,2.2261367,0.1012648,0.8404741883277893,0.019393915310502052,3.2470474,2.0984306
2766,2.291778,0.12129747,0.5808250904083252,0.02248404733836651,2.1063952,2.34697
2767,2.272188,0.10806916,0.85,0.03230709955096245,2.2784197,2.5565271
2768,2.2589395,0.12448982,0.5195818543434143,0.047089044004678726,2.7390635,2.3033786
2769,2.1548216,0.07863972,0.8436646461486816,0.011771956458687782,4.575256,1.651477
2770,2.1375237,0.14747384,0.85,0.05,4.67652,2.187761
2771,2.0747583,0.15593699,0.8269677758216858,0.022875674068927765,5.1009274,1.3834906
2772,2.1699364,0.1307244,0.85,0.037382595241069794,4.1643915,2.5199912
2773,2.1458745,0.13825731,0.85,0.05,4.5851026,1.9927956
2774,2.2242973,0.116369106,0.85,0.03208963945508003,3.1225622,2.562446
2775,2.2446673,0.117308564,0.85,0.05,3.077709,2.3475213
2776,2.19574,0.06410281,0.85,0.05,3.8059382,1.77828
2777,2.2230046,0.098551236,0.85,0.05,3.467619,2.083103
2778,2.1858532,0.14733179,0.85,0.019289016723632812,3.3495967,2.4573052
2779,2.1351955,0.13448541,0.85,0.005475914105772972,4.739632,1.7534876
2780,2.1752164,0.12146011,0.8284797072410583,0.05,4.5055785,1.7585528
2781,2.2326312,0.08043259,0.8342300057411194,0.037204522639513016,3.5207248,2.245461
2782,2.123965,0.093266524,0.85,0.05,4.693052,1.5915661
2783,2.1051493,0.14308806,0.8190609216690063,0.05,5.2116656,1.6341788
2784,2.091425,0.19029412,0.85,0.05,5.066759,1.585843
2785,2.2214937,0.123317495,0.8246283531188965,0.040090348571538925,3.0708,2.2523434
2786,2.2100155,0.12659007,0.8360596895217896,0.0469098836183548,3.2269099,2.8299525
2787,2.2086267,0.15902394,0.7979013323783875,0.028164204210042953,3.2783778,2.289823
2788,2.216577,0.09285325,0.85,0.05,2.8153331,2.287978
2789,2.2788928,0.101052456,0.840757429599762,0.030395612120628357,2.2600691,2.4727335
2790,2.186504,0.092233695,0.8346068859100342,0.038071244955062866,4.334603,2.021641
2791,2.1139214,0.12218533,0.85,0.05,4.992084,1.7781762
2792,2.194729,0.15103005,0.85,0.01696883887052536,3.1026843,2.513865
2793,2.2464368,0.11937211,0.8188973665237427,0.069104865193367,2.7735665,2.6665268
2794,2.228853,0.07927501,0.8464011549949646,0.05,3.6901653,2.3717906
2795,2.198787,0.11594879,0.44859322905540466,0.025451183319091797,3.9211175,2.2336328
2796,2.222702,0.093455076,0.85,0.002142355078831315,3.3436174,2.2077103
2797,2.2114744,0.053615037,0.85,0.05,3.9203591,2.053135
2798,2.1521456,0.123639025,0.85,0.05,4.1294312,1.7492677
2799,2.17139,0.12653944,0.49293214082717896,0.007111486978828907,3.822203,2.104952
2800,2.2121377,0.0871632,0.8188409805297852,0.030711855739355087,3.3217893,2.0006514
2801,2.2071068,0.11442991,0.85,0.05,3.3304865,2.2245498
2802,2.233421,0.14426713,0.8392006754875183,0.046922311186790466,2.7614055,2.824519
2803,2.1282084,0.14227183,0.85,0.018589865416288376,4.610555,1.6194057
2804,2.1110938,0.10537421,0.85,0.05,4.8606734,1.5434334
2805,2.2601397,0.10636545,0.85,0.05,2.755783,2.4333885
2806,2.1869552,0.1377837,0.7650905847549438,0.05,3.166146,2.6140146
2807,2.2164493,0.07961392,0.7643412351608276,0.05091158300638199,3.3892882,2.3506303
2808,2.1967325,0.08503728,0.85,0.05,3.9322226,1.8862323
2809,2.1851037,0.104646735,0.8352579474449158,0.036998648196458817,4.3459067,2.1286788
2810,2.2363882,0.1390929,0.1564372330904007,0.22727559506893158,3.9435456,2.883612
2811,2.2113929,0.15060896,0.8325191736221313,0.03484220430254936,2.9797306,2.0817602
2812,2.1367476,0.102964886,0.8448517322540283,0.01301659643650055,4.8732934,1.6848421
2813,2.240795,0.0866473,0.85,0.019558699801564217,3.144729,2.1820457
2814,2.211693,0.12793857,0.85,0.03134183585643768,3.2889063,2.8583264
2815,2.11933,0.12685215,0.85,0.05,5.043224,1.6274735
2816,2.1921275,0.09105367,0.85,0.05,4.515142,2.1186578
2817,2.1545508,0.10792758,0.85,0.05,4.4133835,2.0125153
2818,2.1702836,0.14953086,0.85,0.05,4.0183043,2.5108523
2819,2.220632,0.12612407,0.85,0.05,3.0479531,2.391963
2820,2.2878628,0.1241144,0.681490421295166,0.06494689732789993,2.2784262,2.8598871
2821,2.1160755,0.12675448,0.85,0.05,4.6496863,1.4953389
2822,2.169018,0.11354497,0.8414281606674194,0.012131485156714916,4.0105047,2.21602
2823,2.185702,0.12490535,0.8192791938781738,0.026305634528398514,3.2151399,2.0491247
2824,2.0967567,0.12453068,0.85,0.05,5.2471995,1.5290906
2825,2.1777668,0.17783572,0.835604190826416,0.03965698182582855,3.5188186,2.5975323
2826,2.149263,0.15522514,0.8314685225486755,0.02769438736140728,4.142342,1.9304382
2827,2.1224918,0.14871,0.85,0.05,4.7569532,1.9459109
2828,2.1365921,0.13743693,0.85,0.05,4.7874403,1.9851109
2829,2.1283636,0.11276129,0.85,0.05,4.470834,1.7513142
2830,2.1320622,0.15001595,0.85,0.05,4.0022407,1.7032936
2831,2.2712617,0.15161294,0.40462103486061096,0.04333607479929924,2.5407073,2.6928148
2832,2.1998734,0.17531496,0.85,0.05,2.9280362,2.7523277
2833,2.2414217,0.07778335,0.85,0.05,3.4634547,2.0870857
2834,2.0887046,0.14929835,0.85,0.05,4.8984823,1.4798626
2835,2.1520414,0.14136621,0.85,0.05,4.0659337,2.4722
2836,2.2567365,0.14292085,0.8446976542472839,0.04317384585738182,2.6914093,2.268273
2837,2.1610966,0.09602283,0.85,0.05,4.8270926,1.9388764
2838,2.142304,0.08503818,0.85,0.004160492215305567,4.531106,1.7967532
2839,2.2009287,0.116274185,0.85,0.05,3.931552,2.1306214
2840,2.2048333,0.118150905,0.8308868408203125,0.05,3.584689,1.9912277
2841,2.2156274,0.15113127,0.85,0.05,3.0971885,2.6669912
2842,2.1942866,0.11425426,0.7671893835067749,0.03291409835219383,3.175481,1.8852819
2843,2.155383,0.12096413,0.6200209856033325,0.05,3.873215,1.5794439
2844,2.2384658,0.12881938,0.8208730220794678,0.05711508169770241,3.1641262,2.9015164
2845,2.239282,0.13513656,0.85,0.035361990332603455,2.5911999,2.7307544
2846,2.1707683,0.13569047,0.7404969930648804,0.051345836371183395,4.1645923,2.171821
2847,2.0740774,0.13359268,0.6733281016349792,0.043393705040216446,4.7809415,1.3477243
2848,2.2387545,0.13542335,0.8305370807647705,0.009148886427283287,2.495408,2.268384
2849,2.2222404,0.09028038,0.85,0.012228510342538357,3.4942834,2.07524
2850,2.2053137,0.09377519,0.85,0.019511964172124863,3.924461,2.2106266
2851,2.2375107,0.101954065,0.8484483957290649,0.05,3.0795815,2.6451514
2852,2.2619755,0.13020647,0.7577608823776245,0.013176793232560158,2.2443497,2.2540262
2853,2.204453,0.10527077,0.6493176221847534,0.05,3.2442029,2.1797476
2854,2.2135875,0.095923655,0.85,0.01682085357606411,3.8450267,2.1566699
2855,2.2648776,0.15785857,0.85,0.05,2.3025699,2.7483995
2856,2.1748657,0.15440148,0.8413021564483643,0.013704258017241955,3.580601,2.4741063
2857,2.2066662,0.18972984,0.7996505498886108,0.03458881378173828,3.0236537,2.680369
2858,2.1205328,0.11647497,0.6577240228652954,0.012403137981891632,4.6290708,1.7014567
2859,2.148323,0.14848249,0.85,0.03148428723216057,4.2957983,2.5345635
2860,2.106552,0.1399899,0.85,0.05,4.7854505,1.7382452
2861,2.0885515,0.05397357,0.85,0.05,6.5408654,1.4319158
2862,2.0569737,0.110838234,0.8354949355125427,0.05009333789348602,6.620878,1.569536
2863,2.233171,0.09879009,0.85,0.05,3.399899,2.1044972
2864,2.1819422,0.13016602,0.8307220935821533,0.05,4.051043,2.2325795
2865,2.1702807,0.11371076,0.85,0.05,4.5163956,2.106504
2866,2.2064059,0.113595076,0.85,0.05,3.962817,2.307851
2867,2.147863,0.12458795,0.8153483867645264,0.05,4.4611754,1.7282324
2868,2.1373923,0.09194483,0.85,0.05,4.6503086,1.7275685
2869,2.1304476,0.11602713,0.8205612301826477,0.05,4.934709,1.5008794
2870,2.2404575,0.08254607,0.5922442674636841,0.03373604267835617,3.313751,2.6643403
2871,2.2119188,0.11867342,0.85,0.05,3.0758832,2.2766478
2872,2.2292492,0.11300689,0.85,0.05,3.2227426,2.111527
2873,2.1614277,0.0878846,0.85,0.05,4.505125,1.961866
2874,2.2027187,0.12033341,0.85,0.05,2.9864123,2.7171743
2875,2.2240193,0.12364505,0.85,0.025864291936159134,3.4925,2.4202178
2876,2.2202506,0.15198863,0.85,0.042322129011154175,3.0144534,2.5486097
2877,2.2503698,0.12503591,0.85,0.05,2.5509815,2.4712775
2878,2.198411,0.16147557,0.5724122524261475,0.052822209894657135,2.9122155,2.5944052
2879,2.2412415,0.12308328,0.85,0.05,2.8702083,2.8160625
2880,2.2679956,0.14864102,0.574447512626648,0.035757195204496384,2.2539165,2.780204
2881,2.242195,0.15791295,0.85,0.05,2.6309142,2.5989609
2882,2.1994705,0.13529766,0.8431342244148254,0.01531660184264183,3.0043304,1.9231865
2883,2.173225,0.11658296,0.85,0.05,4.013176,2.4762223
2884,2.2018769,0.14961621,0.85,0.05,2.9868984,2.4961638
2885,2.2100742,0.10346154,0.8122416138648987,0.05,3.330767,2.1849115
2886,2.1316655,0.22722843,0.8230093121528625,0.03657989948987961,3.99322,1.9176184
2887,2.14927,0.022353772,0.85,0.05,5.5935674,1.5520883
2888,2.2689242,0.122621275,0.17472437024116516,0.01655690371990204,2.1351798,2.2657168
2889,2.1800003,0.081864454,0.85,0.05,4.5927153,2.3588257
2890,2.229646,0.066895925,0.85,0.005795163102447987,3.6552212,2.1682792
2891,2.16601,0.10009591,0.8304039239883423,0.02166612446308136,3.963051,1.7400743
2892,2.240021,0.0930651,0.4567495286464691,0.05,2.7962034,2.249304
2893,2.1375692,0.10422764,0.8234396576881409,0.05,4.825554,1.60227
2894,2.1875956,0.11680629,0.85,0.05,3.7293274,2.0356946
2895,2.1707973,0.11452625,0.85,0.048440199345350266,3.8434348,2.5835848
2896,2.1615489,0.14358382,0.8200879096984863,0.05,3.7725968,1.8582907
2897,2.1564333,0.12681636,0.85,0.05,4.314188,2.1228955
2898,2.1701121,0.10546811,0.85,0.05,4.3699126,2.1374807
2899,2.1639855,0.14879474,0.85,0.05,4.422695,2.2180805
2900,2.1788788,3.9979303e-05,0.833850622177124,0.05,4.332166,1.925844
2901,2.2278929,0.13486028,0.85,0.03313162550330162,2.9903839,2.6760461
2902,2.264806,0.12293035,0.792888343334198,0.08950266242027283,2.2161574,2.891908
2903,2.2421994,0.1370892,0.8253074288368225,0.017148178070783615,2.6354284,2.7490182
2904,2.232844,0.11229705,0.85,0.02708904631435871,3.3563368,2.519721
2905,2.236357,0.09382439,0.7767367959022522,0.03951772302389145,2.9544282,2.4822762
2906,2.1802723,0.13626178,0.85,0.05,3.7830637,2.1655846
2907,2.1518893,0.12731907,0.85,0.0023646655026823282,4.382718,1.9130414
2908,2.1729832,0.10275312,0.85,0.013883696869015694,4.509235,2.0534747
2909,2.2132425,0.14687034,0.5893412232398987,0.0319671593606472,3.2546256,2.6519642
2910,2.1404195,0.14821175,0.85,0.05,4.650377,1.7161394
2911,2.1840436,0.11934359,0.85,0.05,3.792752,2.2381942
2912,2.2937708,0.09562058,0.8213465809822083,0.042187463492155075,2.2741683,2.618082
2913,2.2853947,0.14723736,0.7900120615959167,0.04772249981760979,2.2081017,2.726448
2914,2.0957556,0.112946965,0.85,0.016768354922533035,5.085588,1.3396116
2915,2.250292,0.029595725,0.85,0.009607838466763496,3.3548625,2.2996502
2916,2.2618916,0.14832027,0.85,0.0411202535033226,2.2090733,2.8109999
2917,2.194145,0.12457143,0.85,0.014753846451640129,3.2743883,2.3152747
2918,2.1245646,0.15542832,0.85,0.05,4.946248,1.9986693
2919,2.2041013,0.0777257,0.85,0.05,3.6947775,2.2563164
2920,2.0943227,0.12669569,0.85,0.05,5.3478355,1.5721885
2921,2.2581782,0.12072147,0.5725917220115662,0.03757164254784584,2.8448462,2.621608
2922,2.1571264,0.1446963,0.8173978924751282,0.05876774713397026,4.0254607,2.6804006
2923,2.2598867,0.14369802,0.8032746315002441,0.0221895519644022,2.2626247,2.6534734
2924,2.210514,0.108493246,0.829982578754425,0.0015897075645625591,3.0585,2.1525924
2925,2.1689374,0.124511205,0.85,0.05,4.234306,1.9037778
2926,2.1696413,0.13360333,0.8172909617424011,0.05,3.4157813,1.8652718
2927,2.200747,0.12449391,0.85,0.05,3.2073486,2.2110634
2928,2.2362297,0.1660656,0.85,0.05,2.5092988,2.4971814
2929,2.1108747,0.16627507,0.85,0.018452510237693787,4.8440776,1.8260944
2930,2.2216766,0.14122924,0.8154383897781372,0.05,2.7445638,2.290319
2931,2.1777604,0.1450632,0.8159272074699402,0.05,4.2517447,2.1699386
2932,2.1721804,0.07588286,0.85,0.05,4.4598517,1.7030724
2933,2.171717,0.13775922,0.85,0.010251146741211414,3.8335958,2.0489054
2934,2.1070337,0.1396456,0.85,0.05,5.142681,1.7170742
2935,2.2455165,0.12577273,0.5386807322502136,0.03499815613031387,2.7736442,2.3213243
2936,2.2334535,0.15025415,0.7857455015182495,0.04898994788527489,2.996938,2.435008
2937,2.220029,0.054285754,0.8265882134437561,0.032218363136053085,3.928371,1.7875831
2938,2.2759614,0.14508979,0.85,0.03183599188923836,2.2830265,2.650018
2939,2.279909,0.03170963,0.8468932509422302,0.024654127657413483,2.805709,2.0228171
2940,2.23572,0.081609145,0.8311989307403564,0.05,3.2997448,2.5555701
2941,2.168359,0.13369656,0.6679176688194275,0.043382082134485245,4.001826,1.9575906
2942,2.1470456,0.1249409,0.85,0.05,4.4254827,2.4740865
2943,2.1614537,0.13013792,0.85,0.05,4.0982966,2.4927952
2944,2.2050593,0.110958934,0.85,0.021500766277313232,3.5135713,2.2305462
2945,2.2889516,0.12506965,0.6826350092887878,0.06220478191971779,2.3817701,2.860884
2946,2.1222556,0.12526418,0.85,0.0010873619467020035,4.5690484,1.9058043
2947,2.2127943,0.09163663,0.85,0.0291440412402153,3.4086523,2.4099267
2948,2.1034024,0.12819001,0.85,0.05,5.0742803,1.6649107
2949,2.222878,0.087260984,0.85,0.009961605072021484,3.4291592,2.2117608
2950,2.2034447,0.14749065,0.7223065495491028,0.09619557857513428,3.1866736,2.491406
2951,2.2771525,0.11235291,0.7550790309906006,0.03392823785543442,2.4518256,2.690246
2952,2.1998239,0.13741294,0.85,0.05,3.8858764,2.1666555
2953,2.156451,0.056728516,0.8145794868469238,0.03578554838895798,4.475888,1.668144
2954,2.1932573,0.065689236,0.7359013557434082,0.047666035592556,3.9961953,2.0654628
2955,2.193095,0.12022131,0.8193579912185669,0.04578004777431488,3.8638391,2.2852726
2956,2.1932752,0.13098164,0.8249038457870483,0.02460683137178421,3.3009844,2.3602607
2957,2.212188,0.15834315,0.85,0.05,2.696967,2.2854393
2958,2.1619973,0.16030847,0.85,0.05,3.986343,2.2627091
2959,2.201819,0.14100061,0.85,0.02225550077855587,3.818103,2.0990875
2960,2.246482,0.115636356,0.85,0.029524780809879303,2.899169,2.6612215
2961,2.1966574,0.119948946,0.6051340699195862,0.03705824911594391,3.5432465,2.03097
2962,2.2119288,0.12447458,0.85,0.05,3.8955803,2.4936554
2963,2.1728067,0.13569134,0.85,0.03251955658197403,4.0863585,2.0821064
2964,2.1072357,0.13565874,0.85,0.008350356481969357,4.9010763,1.617628
2965,2.1750977,0.10383792,0.6328387260437012,0.05,4.224072,1.7589349
2966,2.1366386,0.12983145,0.8473659753799438,0.05,4.575663,1.9982506
2967,2.180845,0.13788779,0.7973179817199707,0.05,3.8114283,2.1922307
2968,2.1850715,0.16131438,0.85,0.05,3.9011662,2.1369874
2969,2.1808372,0.081164815,0.85,0.05,4.102193,2.052097
2970,2.2078466,0.12911956,0.85,0.03675152733922005,3.2340734,2.6502442
2971,2.3034525,0.11116666,0.7225178480148315,0.03839553892612457,2.2271588,2.7420156
2972,2.1949887,0.08660016,0.85,0.05,4.0565333,1.9991674
2973,2.1643023,0.11082676,0.85,0.01570114865899086,4.543344,1.8802112
2974,2.206715,0.07939259,0.8094474077224731,0.05,3.7988985,2.0996454
2975,2.2210848,0.106286734,0.8159412145614624,0.05,3.0920851,2.2347236
2976,2.1730917,0.13361664,0.8199979066848755,0.02860400080680847,3.8830085,2.2279353
2977,2.2012618,0.11797108,0.85,0.05,3.7665677,2.0079556
2978,2.243901,0.07848991,0.8326815962791443,0.04851607605814934,3.1969867,2.7594423
2979,2.2301922,0.078275755,0.8346839547157288,0.030343743041157722,3.3605306,2.2047102
2980,2.0765626,0.15366729,0.85,0.006965670734643936,5.676383,1.4076384
2981,2.1345804,0.08467864,0.85,0.00986297708004713,5.320966,1.6094718
2982,2.228728,0.14640872,0.23400340974330902,0.0806635394692421,2.810384,2.6890576
2983,2.1116583,0.112058446,0.7404657006263733,0.05,4.885154,1.5226882
2984,2.0749526,0.16356315,0.85,0.006745286285877228,5.4122925,1.5134677
2985,2.1497262,0.104356624,0.85,0.018639536574482918,4.610602,1.9056771
2986,2.1980739,0.099156246,0.85,0.05,4.171932,2.105947
2987,2.1736724,0.08814233,0.802199125289917,0.003564894665032625,4.480413,2.1935163
2988,2.2571177,0.12707737,0.85,0.03308827430009842,2.5212922,2.530668
2989,2.2521272,0.13063996,0.8326099514961243,0.028003843501210213,2.4264631,2.7182083
2990,2.139462,0.1284305,0.85,0.010545548982918262,4.6612654,1.7221184
2991,2.1141331,0.1188694,0.5553423762321472,0.05,4.763893,1.6509576
2992,2.1640577,0.07797532,0.8306623101234436,0.05,4.0924497,1.4592084
2993,2.1998422,0.119091816,0.85,0.05,3.737932,2.2107806
2994,2.1884642,0.15942395,0.85,0.05,3.849735,2.5418985
2995,2.1793184,0.15786517,0.85,0.05,3.522413,2.195325
2996,2.173163,0.12169379,0.85,0.05,4.0876727,2.2406752
2997,2.1917965,0.14831157,0.7923178672790527,0.03389551118016243,3.5236447,2.0029874
2998,2.1238475,0.14100914,0.8257031440734863,0.05,4.004025,1.4973465
2999,2.1685996,0.13432541,0.643428385257721,0.024390900507569313,4.3877907,1.9834728
3000,2.1349766,0.15709916,0.85,0.05,4.6437945,1.6907815
3001,2.138342,0.12586482,0.85,0.05,4.4733005,1.645207
3002,2.1723363,0.08085152,0.85,0.05,4.4500175,1.987173
3003,2.0928326,0.14306164,0.85,0.05,5.132104,1.7072431
3004,2.2162457,0.12805493,0.8333369493484497,0.0452006496489048,3.1271913,2.332435
3005,2.217351,0.12022066,0.85,0.05,3.5553808,2.3728375
3006,2.274288,0.13134737,0.40371838212013245,0.058131612837314606,2.3516695,2.8487136
3007,2.185959,0.14428663,0.8275458812713623,0.043568000197410583,3.4646156,2.4703186
3008,2.1399863,0.13905035,0.8106898665428162,0.03465716168284416,3.8597715,2.0579414
3009,2.1964295,0.13767418,0.6525676846504211,0.03566591814160347,3.6174452,2.7537606
3010,2.1618607,0.12821606,0.85,0.027545135468244553,4.4008117,2.2534506
3011,2.1665192,0.13790561,0.8451639413833618,0.015991298481822014,3.7513766,2.3121064
3012,2.1838264,0.10681513,0.85,0.01753164455294609,3.968218,2.2622852
3013,2.1697178,0.1764271,0.7642444372177124,0.030935654416680336,3.862866,1.8975005
3014,2.2491343,0.07017047,0.85,0.05,3.0121746,2.5313919
3015,2.2394915,0.12541258,0.8463674187660217,0.05,2.5417097,2.5919683
3016,2.2364442,0.13005684,0.6769002676010132,0.05080144479870796,2.6922948,2.208555
3017,2.177282,0.123429544,0.85,0.05,4.035291,2.0578775
3018,2.0921497,0.1828151,0.85,0.05,5.555172,1.5543184
3019,2.1346984,0.1153716,0.85,0.05,4.8728776,1.7041535
3020,2.1653767,0.13269736,0.8378205299377441,0.02173513174057007,3.8646333,2.5308154
3021,2.1743627,0.14245403,0.8029419183731079,0.07014508545398712,3.9475589,2.791057
3022,2.1601272,0.15066817,0.85,0.05,4.4501367,2.129694
3023,2.213281,0.09972409,0.839813768863678,0.020866505801677704,3.368123,2.2102327
3024,2.1872509,0.12714997,0.85,0.05,3.6990168,2.3089993
3025,2.219878,0.11976431,0.85,0.05,3.1607924,2.8062196
3026,2.2363188,0.15008989,0.6666010618209839,0.0421360544860363,2.6136608,2.7390215
3027,2.1577382,0.07410513,0.8132233619689941,0.05,4.5363617,1.9820126
3028,2.146011,0.14598136,0.85,0.05,4.2291126,1.8185498
3029,2.1849341,0.12083291,0.85,0.009936057031154633,4.137651,2.0777776
3030,2.2760644,0.121714056,0.85,0.010430814698338509,2.110693,2.535296
3031,2.228759,0.13452208,0.85,0.05,3.061273,2.6496308
3032,2.2256556,0.14570588,0.7525136470794678,0.03469007462263107,2.7755318,2.498649
3033,2.1106536,0.10152255,0.85,0.05,5.035831,1.5796584
3034,2.197555,0.051786106,0.7541701197624207,0.05,4.1559644,1.8325759
3035,2.1732213,0.19381322,0.68154376745224,0.03894313424825668,3.451989,2.1795754
3036,2.233097,0.13110943,0.7121054530143738,0.03783092275261879,2.8830726,2.5278587
3037,2.2619593,0.10700029,0.8364288806915283,0.033410802483558655,2.5272753,2.8448052
3038,2.2316406,0.09043287,0.6988832354545593,0.044099319726228714,3.8696601,2.2466514
3039,2.2544522,0.12299211,0.7873917818069458,0.035071972757577896,2.7116718,2.4613686
3040,2.1759205,0.12654251,0.85,0.05,4.6612134,2.2108948
3041,2.2592251,0.12171317,0.5331812500953674,0.05,2.649459,2.680365
3042,2.179974,0.0795838,0.7972197532653809,0.03583090379834175,4.280661,2.1378262
3043,2.248142,0.107334025,0.8482511639595032,0.022914329543709755,2.7993197,2.1905005
3044,2.1648464,0.06664466,0.8367483615875244,0.019849982112646103,4.3518143,1.8635145
3045,2.218858,0.12904283,0.85,0.009575053118169308,2.934531,2.5232046
3046,2.1390607,0.18597808,0.85,0.05,4.30753,1.8325018
3047,2.1945338,0.103678316,0.85,0.03273644298315048,4.1330757,2.1640573
3048,2.1497998,0.14608902,0.85,0.05,4.467559,1.8479913
3049,2.257888,0.10283009,0.8180626034736633,0.07531766593456268,2.9539387,2.3050292
3050,2.1802237,0.1074234,0.807253897190094,0.05,3.691837,1.8557919
3051,2.1332445,0.123756036,0.85,0.03421942889690399,5.3451676,1.7436167
3052,2.23369,0.0749305,0.85,0.05,3.2146723,2.7865944
3053,2.1715512,0.123764895,0.85,0.021505791693925858,3.6667473,1.9878066
3054,2.1820216,0.1261622,0.85,0.05,3.9960067,1.7752069
3055,2.1451216,0.08566041,0.85,0.05,4.7024693,1.7822924
3056,2.2121165,0.078043245,0.8069043159484863,0.007741787936538458,3.694002,2.4707851
3057,2.2167454,0.06965234,0.7434176206588745,0.05,3.3112414,1.9151223
3058,2.1972594,0.10896698,0.85,0.05,4.088514,1.8542181
3059,2.2406437,0.082020774,0.85,0.05,3.2397358,2.3684607
3060,2.2015598,0.122505605,0.85,0.009759645909070969,3.5363274,1.9977478
3061,2.2297025,0.161857,0.8035281896591187,0.0238832775503397,2.527367,2.6238976
3062,2.161637,0.107987724,0.8166223764419556,0.03175835311412811,3.5327082,1.7593881
3063,2.122727,0.096041255,0.8378891944885254,0.05,4.8812375,1.5304899
3064,2.1765006,0.117637314,0.85,0.05,4.168935,1.8424809
3065,2.1296406,0.096891776,0.85,0.05,4.9656277,2.1425207
3066,2.2190645,0.109997906,0.8213354349136353,0.05976488068699837,3.4024582,2.6177256
3067,2.1670709,0.10176805,0.8395761847496033,0.030002417042851448,4.864212,1.8780255
3068,2.2141604,0.09871027,0.8205546140670776,0.05613762140274048,3.2656162,2.605333
3069,2.094469,0.09622869,0.85,0.05,5.362658,1.3919487
3070,2.1609151,0.18147933,0.8348814845085144,0.039914652705192566,3.7279258,2.4489746
3071,2.2614138,0.119791165,0.85,0.05,2.485247,2.6563687
3072,2.170268,0.12056151,0.85,0.02850385569036007,3.6616812,2.2197309
3073,2.288455,0.13253136,0.8241031765937805,0.06588723510503769,2.3642235,2.9059396
3074,2.1501331,0.10386907,0.8369985222816467,0.05,4.4244924,1.4268416
3075,2.1677365,0.121637836,0.8036448359489441,0.021241461858153343,4.1280565,2.5777547
3076,2.2543824,0.1484556,0.8132708668708801,0.044656530022621155,2.5695813,2.6590025
3077,2.2510104,0.1377386,0.7685399055480957,0.042791374027729034,2.1621873,2.1709754
3078,2.2206364,0.15312742,0.85,0.05,3.033411,2.1484377
3079,2.1447875,0.110592134,0.85,0.05,4.708625,1.946707
3080,2.1175094,0.12340246,0.7728327512741089,0.05,4.576284,1.4803295
3081,2.1761909,0.11912253,0.6725430488586426,0.05,3.9034097,1.8083411
3082,2.1512444,0.13242605,0.85,0.05,4.7617474,2.2400792
3083,2.1512616,0.11433544,0.8151921629905701,0.05,4.765614,1.8055294
3084,2.1711917,0.17644967,0.85,0.05,3.7984462,2.285599
3085,2.15902,0.12018264,0.85,0.05,4.4604926,1.6841947
3086,2.160261,0.08837236,0.85,0.030444446951150894,4.569241,1.7467933
3087,2.104719,0.12482994,0.85,0.05,4.761888,1.6284032
3088,2.200991,0.109625384,0.85,0.05,3.7662652,2.2295012
3089,2.1649377,0.14904438,0.85,0.0007861235062591732,4.036345,2.0142937
3090,2.1639845,0.11995914,0.85,0.03990707919001579,4.181157,2.0809865
3091,2.2571242,0.14575672,0.85,0.030926018953323364,2.4955783,2.7076886
3092,2.1950102,0.12615362,0.8488591313362122,0.05,3.5666947,2.2202795
3093,2.115706,0.16366112,0.6599453091621399,0.05,4.30521,1.8031418
3094,2.2948127,0.1503416,0.5722276568412781,0.04465855285525322,2.0996966,2.797217
3095,2.1529639,0.109536454,0.85,0.05,5.2183228,1.9931557
3096,2.103779,0.17311452,0.85,0.015937410295009613,5.087485,1.9126302
3097,2.1493733,0.0938856,0.7212935090065002,0.03839007765054703,4.554255,2.3385499
3098,2.2897923,0.13152987,0.85,0.05,2.2349854,2.81637
3099,2.257133,0.123782896,0.7813478112220764,0.031191222369670868,2.4562142,2.5608823
3100,2.1552403,0.09810684,0.85,0.05,4.1292224,1.8191005
3101,2.1918187,0.10556537,0.85,0.020162057131528854,3.9820979,2.2138824
3102,2.157491,0.1407168,0.5883862972259521,0.030298931524157524,4.0878377,2.0178995
3103,2.179035,0.12843193,0.7447213530540466,0.01667976938188076,4.4265943,2.2655509
3104,2.198967,0.14849642,0.85,0.05,3.065344,2.490912
3105,2.1287556,0.096840754,0.85,0.05,4.5493674,1.7787979
3106,2.1826396,0.11018855,0.85,2.0135148588451557e-05,4.452004,2.1717699
3107,2.203631,0.11720988,0.85,0.0202611293643713,3.610418,2.1534176
3108,2.1003757,0.1353914,0.8187877535820007,0.011158233508467674,4.5777555,1.2400091
3109,2.1845403,0.2248229,0.8439030051231384,0.04536573588848114,3.5254462,2.1465409
3110,2.2123432,0.109245345,0.85,0.05,3.5143359,2.0507174
3111,2.1300278,0.10843103,0.8182101249694824,0.03787942975759506,4.6707897,1.8474605
3112,2.0842245,0.16503419,0.85,0.018140720203518867,5.103142,1.89749
3113,2.2452943,0.15905696,0.5792731046676636,0.05680551007390022,2.6081798,2.6154008
3114,2.2284245,0.10687089,0.7573848962783813,0.03358563780784607,3.0874527,2.2839959
3115,2.1963332,0.15306072,0.7971917390823364,0.0339454747736454,2.9880643,2.3503628
3116,2.2282531,0.14235616,0.8284910321235657,0.049411747604608536,2.964915,2.381721
3117,2.1994908,0.15226063,0.85,0.05,3.3938742,2.5349638
3118,2.14078,0.23039672,0.3845123052597046,0.05,3.5255585,2.1230657
3119,2.1596699,0.11548593,0.8176330924034119,0.05,4.6452413,1.8776789
3120,2.171279,0.18919992,0.85,0.05,3.6220808,2.2445428
3121,2.154163,0.15738074,0.85,0.05,3.9090984,1.9720892
3122,2.1351645,0.09943758,0.85,0.022265221923589706,4.9977894,1.7155833
3123,2.136629,0.12848027,0.85,0.032943375408649445,5.178668,1.6280662
3124,2.1766214,0.16246918,0.8199347853660583,0.05,3.377842,1.9695865
3125,2.1385584,0.091946155,0.8197751045227051,0.028049226850271225,4.374923,1.5898268
3126,2.1854095,0.13748173,0.85,0.05,3.4809687,2.2511802
3127,2.1344554,0.061270237,0.85,0.05,4.9565873,1.647834
3128,2.2178242,0.13644326,0.85,0.0269765742123127,3.1260622,2.553574
3129,2.189394,0.11606447,0.85,0.01814250275492668,4.1045127,1.8122933
3130,2.2473345,0.044335775,0.8483156561851501,0.05,3.1728745,2.1490452
3131,2.102711,0.116004564,0.6961879134178162,0.02200869470834732,5.3607793,1.5328538
3132,2.1423604,0.18409444,0.8474519848823547,0.010055651888251305,3.9304674,2.2099485
3133,2.3790805,0.09498769,0.7617141604423523,0.06251781433820724,2.0529907,2.8348608
3134,2.228144,0.15325159,0.7444063425064087,0.05,2.6047225,2.4065979
3135,2.2289882,0.14333166,0.8382411003112793,0.03750959783792496,2.9388185,2.4837914
3136,2.2021682,0.1337499,0.85,0.05,3.3258364,1.9433087
3137,2.236747,0.07069513,0.821266233921051,0.05,2.8529778,2.1911616
3138,2.2013779,0.09733557,0.85,0.05,3.3451667,1.9858027
3139,2.168402,0.12823428,0.7818046808242798,0.05,3.9543116,1.9435817
3140,2.161213,0.11192578,0.85,0.05,4.186869,2.0434575
3141,2.2069669,0.079279184,0.85,0.05,3.901838,2.0294251
3142,2.1945393,0.09479387,0.7971631288528442,0.05,4.0622325,2.058551
3143,2.1948998,0.11309624,0.85,0.05,3.89081,1.8473005
3144,2.205214,0.06811048,0.689947247505188,0.01891660876572132,3.8993893,2.3291664
3145,2.2000499,0.09288485,0.8088367581367493,0.05,3.6469336,1.9341998
3146,2.186339,0.09474566,0.85,0.05,4.4623294,2.078207
3147,2.2447207,0.11558345,0.7959943413734436,0.03709898144006729,2.7899818,2.2761416
3148,2.1143007,0.107164316,0.85,0.05,4.82648,1.6728839
3149,2.2163112,0.13433066,0.85,0.005425168666988611,2.760897,2.550502
3150,2.1274333,0.13809212,0.85,0.05,4.736124,1.7695942
3151,2.199666,0.09505214,0.8355274796485901,0.043150294572114944,3.8547754,2.4627998
3152,2.1401553,0.13591526,0.8003272414207458,0.05,4.171218,1.5479921
3153,2.1825123,0.11253477,0.85,0.01325626578181982,4.43181,1.8213038
3154,2.145275,0.113886364,0.801090657711029,0.021614089608192444,5.0403094,1.8785588
3155,2.2576149,0.10691842,0.6465347409248352,0.027429061010479927,2.6655154,2.3343523
3156,2.1591856,0.099929444,0.85,0.05,4.4399967,2.1944451
3157,2.169945,0.13644046,0.7793639898300171,0.05,3.8298087,2.5761302
3158,2.1531053,0.15969999,0.85,0.05,4.133156,2.0496333
3159,2.1786573,0.16217089,0.38084688782691956,0.05,4.0091753,2.6742723
3160,2.1963487,0.1522269,0.85,0.029387211427092552,3.3937473,2.566477
3161,2.1014037,0.15784806,0.85,0.05,5.1341186,1.7303705
3162,2.175121,0.10658007,0.8003287315368652,0.05,3.881897,1.841241
3163,2.227717,0.09965265,0.85,0.02612772025167942,3.2008967,2.5055473
3164,2.1555543,0.09301176,0.85,0.011387895792722702,4.6185536,1.7945105
3165,2.0581815,0.15271838,0.85,0.021240638568997383,5.8314967,1.4589233
3166,2.1802902,0.1314267,0.8450412750244141,0.013889795169234276,3.7160103,1.8223964
3167,2.178951,0.16734232,0.85,0.0370526947081089,4.038954,2.5393305
3168,2.178991,0.13093579,0.8256729245185852,0.00575963594019413,3.8599656,2.5948565
3169,2.1632123,0.11980325,0.85,0.01784498803317547,4.4499593,2.1718626
3170,2.1525915,0.11114621,0.8277474641799927,0.027159670367836952,4.5649667,1.6624111
3171,2.1817262,0.072442606,0.8317775726318359,0.024329431354999542,4.2470245,2.037968
3172,2.1996017,0.08173528,0.7941182255744934,0.05,3.6124775,1.9954324
3173,2.150752,0.12144883,0.85,0.05,4.7468815,1.7346171
3174,2.218988,0.09949228,0.7226192355155945,0.019245486706495285,3.3692527,2.2947628
3175,2.1835613,0.07708186,0.85,0.007318335119634867,3.8994482,2.1891868
3176,2.1728694,0.12549405,0.8495750427246094,0.05,3.9742286,1.9473786
3177,2.1828537,0.13571733,0.40852516889572144,0.04288238286972046,3.522994,2.3198512
3178,2.2129512,0.11874732,0.8261571526527405,0.05,3.3903885,2.472111
3179,2.1876347,0.15440106,0.85,0.02934987284243107,3.3461716,2.8354142
3180,2.0808244,0.11061969,0.85,0.02467477135360241,5.24525,1.3036662
3181,2.135199,0.11747206,0.8152180910110474,0.05,4.3460813,1.5494103
3182,2.1428418,0.13906038,0.7043091654777527,0.05,4.565741,1.8160188
3183,2.1617703,0.06518483,0.814259946346283,0.042676594108343124,4.4368253,1.8476965
3184,2.2127774,0.13490057,0.82003253698349,0.05,3.3010266,2.087586
3185,2.2227826,0.13033015,0.85,0.05,2.866586,2.3858383
3186,2.198804,0.1477265,0.85,0.05,3.8022902,2.1310086
3187,2.2629857,0.12144216,0.8343714475631714,0.009972893632948399,2.46074,2.5337996
3188,2.200163,0.082820535,0.85,0.05,4.0891294,2.0953515
3189,2.1686938,0.09122888,0.7580256462097168,0.05,4.1968427,1.844218
3190,2.1604285,0.15095723,0.8097980618476868,0.04953635856509209,4.4518743,2.474368
3191,2.2486567,0.099699855,0.8428459763526917,0.025065289810299873,2.4308484,2.8036184
3192,2.2472856,0.117906116,0.6198123097419739,0.028833210468292236,2.7001808,2.5396614
3193,2.225507,0.13272114,0.8314758539199829,0.04761810228228569,2.9124157,2.5883703
3194,2.248197,0.15032598,0.7490289211273193,0.017836883664131165,2.3190582,2.5689027
3195,2.1980054,0.123486124,0.85,0.05,3.7629778,2.2418435
3196,2.2138104,0.1156205,0.8430099487304688,0.0009407514007762074,3.399074,2.250682
3197,2.1640801,0.0703724,0.48776865005493164,0.02692599967122078,4.276447,2.109177
3198,2.178505,0.12544817,0.85,0.05,3.9007378,2.5209193
3199,2.220886,0.13217063,0.85,0.05,2.9638503,2.2099073
3200,2.1552324,0.1634302,0.85,0.05,4.3606405,2.1294186
3201,2.168498,0.12558497,0.85,0.03693675994873047,3.8947887,2.2575119
3202,2.1265907,0.13160023,0.85,0.03096805326640606,4.6277695,1.7283404
3203,2.2129493,0.13121347,0.8348338007926941,0.05,3.3665068,2.1745806
3204,2.1830685,0.10316561,0.847831666469574,0.04875941947102547,4.0385356,2.2940412
3205,2.2522058,0.12268163,0.8443604111671448,0.03077348880469799,2.5359952,2.212208
3206,2.1646392,0.12664168,0.85,0.05,4.126838,2.0902724
3207,2.2409523,0.11249146,0.21777135133743286,0.017783934250473976,2.627965,2.068602
3208,2.2005506,0.10163551,0.85,0.013299881480634212,3.7544785,2.5330362
3209,2.2002885,0.09894122,0.85,0.05,3.7081218,2.7259355
3210,2.2682705,0.12123582,0.48906949162483215,0.043526265770196915,2.879357,2.5777044
3211,2.26193,0.16003732,0.824641764163971,0.06190109625458717,2.6582766,2.5756342
3212,2.2062457,0.14667904,0.85,0.05,3.050507,2.2294555
3213,2.1917021,0.14602296,0.8235493302345276,0.05,3.2980642,2.6906142
3214,2.1355252,0.13276735,0.8231793642044067,0.014461834914982319,4.5990796,1.8827983
3215,2.15905,0.06519211,0.85,0.05,4.8618584,1.5456473
3216,2.3285909,0.11425301,0.6337980031967163,0.06425989419221878,2.020244,2.6122322
3217,2.160539,0.13078706,0.85,0.028635583817958832,3.8630576,1.9567599
3218,2.1958067,0.087859355,0.8399749398231506,0.03543056547641754,3.9010112,2.390451
3219,2.1955104,0.060220215,0.85,0.05,4.4526596,1.9792608
3220,2.1905577,0.13361707,0.85,0.05,3.7302735,2.0686843
3221,2.1933534,0.14414121,0.2508261799812317,0.026791974902153015,3.6220686,2.1858883
3222,2.2364402,0.08126935,0.699894368648529,0.01409959327429533,3.0641232,2.498431
3223,2.1331925,0.15098909,0.85,0.05,4.407722,1.597775
3224,2.1179295,0.11871158,0.8194626569747925,0.014915002509951591,4.7429824,1.6269045
3225,2.227427,0.13261937,0.8061352372169495,0.03377888724207878,3.0946186,2.5455015
3226,2.1965938,0.10326294,0.85,0.05,3.9464324,2.5253665
3227,2.2283938,0.111327894,0.6179261207580566,0.05,3.374664,2.0881135
3228,2.2029488,0.15257996,0.85,0.05,3.316871,2.3104458
3229,2.205653,0.11313222,0.85,0.05,3.1024244,1.9646165
3230,2.0509624,0.15053368,0.85,0.03310120478272438,6.4216094,1.5885946
3231,2.2860684,0.1311085,0.25859057903289795,0.02790313959121704,2.110743,2.5158796
3232,2.1467566,0.1255226,0.85,0.05,4.472259,1.7092543
3233,2.1273353,0.1414316,0.85,0.05,4.8232927,2.0013278
3234,2.1394548,0.059832253,0.8442817330360413,0.05,4.099124,1.5804241
3235,2.1374567,0.18164548,0.85,0.05,4.193237,1.9928217
3236,2.2127151,0.0402151,0.85,0.0026876796036958694,4.0001802,1.8064477
3237,2.1368744,0.12949483,0.85,0.05,4.4725304,1.6313819
3238,2.1573424,0.10783684,0.85,0.02009378932416439,4.3898816,2.0631266
3239,2.1663651,0.1260079,0.5152644515037537,0.05803385749459267,3.6830254,2.3886652
3240,2.205359,0.11700778,0.6904903054237366,0.06445809453725815,3.390297,2.5064018
3241,2.098826,0.16309586,0.8413539528846741,0.034237079322338104,5.016061,1.6470383
3242,2.1788468,0.09898982,0.85,0.013519271276891232,4.494156,2.1121914
3243,2.2638118,0.1566398,0.642287015914917,0.06750519573688507,2.3223212,2.607176
3244,2.2146761,0.1622247,0.85,0.02683946304023266,2.9932315,2.7484736
3245,2.1928017,0.123857975,0.8426538705825806,0.014990408904850483,3.180537,2.1430185
3246,2.3690524,0.10733273,0.18819908797740936,0.059372853487730026,1.994427,2.828698
3247,2.1640902,0.15544683,0.781248152256012,0.05,3.8428276,1.8063658
3248,2.0923212,0.18385233,0.8398329019546509,0.05,4.86336,1.5819306
3249,2.1991565,0.12700431,0.85,0.05,3.4654145,2.5475674
3250,2.2463279,0.10899659,0.85,0.05,2.659447,2.754569
3251,2.187588,0.118756786,0.85,0.05,3.852871,2.476865
3252,2.2173285,0.11141565,0.85,0.022081051021814346,3.1124477,2.2213478
3253,2.204081,0.083625615,0.85,0.05,3.4798503,2.1729004
3254,2.1494076,0.10864086,0.85,0.05,4.3834057,2.045298
3255,2.2206771,0.118483014,0.85,0.05,2.9254467,2.2414606
3256,2.1728747,0.1630261,0.85,0.024088293313980103,3.786726,2.463095
3257,2.204282,0.11862553,0.85,0.05,3.8432038,1.9282418
3258,2.1857252,0.159212,0.85,0.05,3.9729242,2.3558545
3259,2.2008166,0.15376763,0.8308945298194885,0.05,3.0616982,2.3386455
3260,2.1082268,0.109794535,0.85,0.05,4.4629846,1.4836519
3261,2.1721883,0.09763832,0.8207482695579529,0.01593237929046154,4.020541,2.09967
3262,2.2166305,0.12339709,0.7864521145820618,0.008084774017333984,3.4571729,2.271158
3263,2.1153643,0.098151855,0.8338547945022583,0.05,4.976683,1.6609974
3264,2.1695812,0.14837329,0.85,0.05,4.0697227,2.1090848
3265,2.2413957,0.14520119,0.5469947457313538,0.09941031783819199,2.7622929,2.4981418
3266,2.2490776,0.14046052,0.85,0.023673709481954575,2.6486137,2.5774486
3267,2.1123188,0.107235484,0.85,0.05,5.2298217,2.0324628
3268,2.1430933,0.10720825,0.8203821778297424,0.045498281717300415,4.7607746,1.9398098
3269,2.2223406,0.14028223,0.85,0.027304669842123985,2.936014,2.4610493
3270,2.14774,0.11796569,0.85,0.02761392667889595,4.7016406,1.7571186
3271,2.162265,0.1949234,0.85,0.05,4.033885,1.810819
3272,2.1538243,0.11511735,0.85,0.013335208408534527,4.304658,2.1082132
3273,2.2176766,0.10225622,0.85,0.05,3.3914,2.1359854
3274,2.2084475,0.063445024,0.818295419216156,0.05,3.841079,1.9473389
3275,2.2716537,0.121815845,0.8409554362297058,0.03868959844112396,2.5816762,2.6674027
3276,2.200924,0.07136977,0.85,0.05,3.479516,2.2882285
3277,2.3469536,0.1325572,0.09570690989494324,0.048453304916620255,2.035209,2.3882678
3278,2.1189573,0.13987254,0.85,0.05,4.1660194,1.7253592
3279,2.162969,0.09537614,0.8414787650108337,0.05,4.6037207,2.0477114
3280,2.1809702,0.100277595,0.5613740086555481,0.004613001365214586,4.032553,2.1784048
3281,2.148209,0.14040825,0.85,0.05,4.5563335,1.8016878
3282,2.263569,0.11603526,0.849615752696991,0.042034562677145004,2.300715,2.4140108
3283,2.1838706,0.12850891,0.85,0.027818957343697548,3.737524,2.786063
3284,2.1080623,0.13428454,0.817237913608551,0.036848753690719604,5.010025,1.7241187
3285,2.1516886,0.15246321,0.8364787101745605,0.03701813519001007,4.384792,2.4344463
3286,2.1685593,0.15879922,0.8494976758956909,0.03738681972026825,3.673808,2.7196715
3287,2.185092,0.14058354,0.85,0.008525199256837368,3.3933957,1.9219602
3288,2.2214787,0.094464794,0.85,0.020134268328547478,3.2678068,2.157677
3289,2.245601,0.09262356,0.85,0.05,2.9226391,2.7213962
3290,2.1497393,0.073751666,0.8205553889274597,0.05,4.8509307,1.7277899
3291,2.1836333,0.12214306,0.85,0.05,4.0936894,1.966402
3292,2.1066942,0.13926362,0.7963286638259888,0.03607095405459404,4.6825953,1.4793636
3293,2.2977967,0.046370298,0.85,0.030576232820749283,2.6419718,2.5764208
3294,2.1039495,0.11431584,0.5766353607177734,0.05,4.9626813,1.4502479
3295,2.2162619,0.08258311,0.85,0.05,3.4291196,2.3272996
3296,2.1084907,0.03331248,0.85,0.05,5.9781594,1.1778108
3297,2.1751943,0.13327628,0.8177114129066467,0.05,4.0327015,1.927175
3298,2.1487482,0.12649675,0.85,0.016468124464154243,4.4628224,1.832833
3299,2.141261,0.15528168,0.85,0.013619810342788696,4.3220506,2.3264937
3300,2.2067769,0.14238526,0.848496675491333,0.024594884365797043,3.439764,2.2796602
3301,2.1226134,0.10927745,0.85,0.05,5.0672126,1.4599348
3302,2.1415067,0.100992255,0.85,0.027626626193523407,4.589342,1.7196904
3303,2.1512804,0.017884733,0.85,0.009444398805499077,5.1497746,1.7436318
3304,2.2462068,0.117224626,0.85,0.05,2.2964609,2.522649
3305,2.2822192,0.118762575,0.85,0.025114260613918304,2.4360974,2.697901
3306,2.1838448,0.05959872,0.85,0.05174906924366951,4.198487,2.6193178
3307,2.1542916,0.06732056,0.85,0.05,4.6035933,1.6328027
3308,2.198703,0.087489896,0.85,0.053095556795597076,3.941987,2.591192
3309,2.2282906,0.20128553,0.85,0.018964391201734543,2.471442,2.4678497
3310,2.1459036,0.112581,0.8221623301506042,0.0316486693918705,4.374343,1.839678
3311,2.2195337,0.08269709,0.8018994331359863,0.052450887858867645,3.3949654,2.8760817
3312,2.2216258,0.08783284,0.85,0.05,3.3280067,2.4888237
3313,2.152936,0.086868756,0.8312124013900757,0.05,4.9084077,1.6384839
3314,2.1898828,0.16157351,0.85,0.05,3.4176714,2.3713148
3315,2.0826933,0.121950746,0.85,0.005732520017772913,5.6953545,1.656201
3316,2.2979689,0.14477324,0.6899047493934631,0.04403488337993622,2.21306,2.5672984
3317,2.2365904,0.15933819,0.85,0.024611348286271095,2.6631556,2.5835593
3318,2.1131182,0.16142984,0.85,0.05,4.723715,2.327485
3319,2.116347,0.13158143,0.85,0.0442742295563221,4.597886,2.8265057
3320,2.2678628,0.09780547,0.6456391215324402,0.07122286409139633,2.890634,2.5280142
3321,2.186039,0.1256376,0.814008355140686,0.018317166715860367,4.371716,2.3063247
3322,2.1735897,0.12121166,0.8426880836486816,0.02814069576561451,4.0577216,2.1156292
3323,2.196406,0.12235241,0.7771095037460327,0.005401266738772392,3.5391033,2.2159774
3324,2.2695646,0.057931785,0.8473389148712158,0.02912895195186138,2.5171444,2.534134
3325,2.2087443,0.0909469,0.8270336985588074,0.03902284801006317,3.943247,2.0945616
3326,2.1685703,0.11993984,0.85,0.02229650504887104,4.176941,2.1424856
3327,2.209358,0.122190565,0.7081483602523804,0.053345900028944016,3.717345,2.1478264
3328,2.2591953,0.06601554,0.7280758619308472,0.05,2.6746776,2.1907492
3329,2.167934,0.14472215,0.85,0.02286588028073311,3.9573822,1.9793946
3330,2.17813,0.18648307,0.85,0.05,3.424378,1.9906925
3331,2.176779,0.1683573,0.85,0.015549849718809128,3.521322,2.3953838
3332,2.146579,0.113389075,0.85,0.05,3.6795838,1.8150647
3333,2.1910536,0.10553647,0.839144766330719,0.04529412463307381,3.689134,2.7407355
3334,2.2420487,0.12222214,0.85,0.00010858394671231508,2.988221,1.8928475
3335,2.170509,0.15380444,0.750177264213562,0.0756179615855217,3.889323,2.6720057
3336,2.1532183,0.09934356,0.85,0.05,4.707748,2.53979
3337,2.143156,0.13003403,0.85,0.00926387868821621,4.567293,2.0297904
3338,2.138326,0.1272987,0.85,0.029353724792599678,4.7439013,1.8591918
3339,2.2100668,0.042948924,0.85,0.05,3.991622,1.6733838
3340,2.1552596,0.08140017,0.85,0.013460916467010975,4.5064435,1.8841037
3341,2.1082947,0.12082268,0.85,0.05,4.3575134,1.6914763
3342,2.186095,0.12620926,0.85,0.05,3.7496054,1.9309357
3343,2.1660104,0.099139206,0.85,0.05,4.76776,2.5591462
3344,2.207841,0.14308642,0.7236469984054565,0.0211142860352993,3.4707747,2.1985304
3345,2.1197765,0.17853746,0.8030921816825867,0.05,4.796253,1.5117149
3346,2.1769493,0.09577412,0.8273986577987671,0.05,4.0116606,1.9195421
3347,2.1553383,0.113151036,0.85,0.0004975839983671904,4.7226276,1.6628603
3348,2.3146877,0.17012121,0.8266745209693909,0.05563279986381531,2.1082683,2.826069
3349,2.2321732,0.14962187,0.8280636668205261,0.03514421731233597,3.0374243,2.3084152
3350,2.2108703,0.11070911,0.641894519329071,0.07983344048261642,3.436323,2.4678226
3351,2.1854196,0.1230539,0.8235330581665039,0.028647853061556816,3.4352345,2.5632977
3352,2.207732,0.097171895,0.85,0.012374483048915863,3.9298954,2.2327611
3353,2.1736498,0.10300421,0.824781060218811,0.042741693556308746,4.517465,2.3841422
3354,2.3018985,0.12048931,0.85,0.05,2.3161619,2.6981807
3355,2.21995,0.13495784,0.85,0.05,3.1233592,2.206817
3356,2.2257426,0.060839765,0.85,0.0146404430270195,3.554527,2.2279997
3357,2.1668854,0.14962772,0.85,0.05,3.9733741,1.8363112
3358,2.2155995,0.11662435,0.85,0.011096579022705555,3.3440158,2.439192
3359,2.1889472,0.107778385,0.8296422362327576,0.03859744220972061,3.8961663,2.278103
3360,2.1906033,0.17558454,0.7756574153900146,0.032815542072057724,3.6442719,2.5250916
3361,2.193176,0.1323621,0.8401680588722229,0.02112121507525444,3.9062145,1.8288267
3362,2.140432,0.077949286,0.8419943451881409,0.030920708552002907,4.7783012,1.8898746
3363,2.1949427,0.092929706,0.8058213591575623,0.05,3.5858335,1.9076383
3364,2.2438471,0.118362434,0.85,0.05,3.0989645,2.3768246
3365,2.2630513,0.14815825,0.8180624842643738,0.01461322046816349,2.558873,2.4424775
3366,2.2612963,0.13497268,0.85,0.03691854700446129,2.4694448,2.6929793
3367,2.249021,0.10348184,0.3041388690471649,0.05,2.6142247,2.2539802
3368,2.1470182,0.09304328,0.7978594303131104,0.05,4.9685707,1.5687165
3369,2.194492,0.13527943,0.85,0.029265690594911575,3.5187402,2.5926926
3370,2.139373,0.10897427,0.815514862537384,0.0075025055557489395,4.56619,1.6907617
3371,2.1805313,0.089054845,0.85,0.02408280409872532,4.0301743,2.1457112
3372,2.1569858,0.09400644,0.8076596260070801,0.05,4.8697543,1.7107733
3373,2.1870527,0.13007402,0.7838366031646729,0.060780882835388184,3.9613185,2.5197759
3374,2.2813146,0.11387177,0.5139581561088562,0.0692344456911087,2.5677211,2.711371
3375,2.163949,0.15812291,0.5572783946990967,0.0402693934738636,3.7587628,2.0272553
3376,2.162724,0.08492445,0.85,0.024008413776755333,4.5957346,2.0163167
3377,2.0998049,0.20058781,0.8239700198173523,0.030810769647359848,4.805348,1.5361532
3378,2.1501763,0.15047942,0.6619767546653748,0.04010270535945892,4.390347,2.2595356
3379,2.1839914,0.13887618,0.8404696583747864,0.031036945059895515,4.019731,2.1644564
3380,2.2035913,0.15235102,0.85,0.05,3.546668,2.2884927
3381,2.1570203,0.1191043,0.85,0.05,4.148056,1.7920762
3382,2.216514,0.12476084,0.8376173973083496,0.04179492965340614,3.4080467,2.2849004
3383,2.2078428,0.13696589,0.85,0.006219267845153809,2.9534209,2.768073
3384,2.200013,0.1228927,0.8091587424278259,0.05,3.1103287,2.330444
3385,2.2341738,0.13453005,0.85,0.02896312065422535,2.9395373,2.6646736
3386,2.2516172,0.09677663,0.85,0.05,3.0902698,2.2151859
3387,2.1303048,0.117667,0.8353694081306458,0.05,4.607719,1.9117694
3388,2.1921365,0.13819057,0.8466622233390808,0.03445803001523018,3.7248988,2.773001
3389,2.1925936,0.16361645,0.824629008769989,0.015686094760894775,3.7856417,2.235499
3390,2.16157,0.12690677,0.7175991535186768,0.013895787298679352,4.294832,1.8661712
3391,2.2250535,0.11955391,0.85,0.014394775032997131,3.4595482,2.0843263
3392,2.178555,0.066555366,0.85,0.05,4.5284877,1.6991258
3393,2.226757,0.098867156,0.8411001563072205,0.043549228459596634,3.3397427,2.647765
3394,2.1743093,0.100551724,0.85,6.833959923824295e-05,4.038016,2.0092328
3395,2.1681733,0.18136059,0.8198164105415344,0.04411814734339714,3.6620586,2.7141926
3396,2.1774578,0.13327642,0.85,0.05,3.8453338,2.1105554
3397,2.2022538,0.11957056,0.85,0.019513631239533424,3.7581577,2.2865536
3398,2.1457868,0.12928416,0.826353132724762,0.011507146991789341,4.809156,1.8859919
3399,2.1347702,0.117985666,0.85,0.05,4.6024394,2.6164079
3400,2.1886585,0.060147215,0.85,0.0343472883105278,4.209059,2.0263424
3401,2.1328552,0.20468785,0.8060460686683655,0.04065610468387604,4.872819,1.9760343
3402,2.2438884,0.1506252,0.85,0.05,2.5921702,2.6827826
3403,2.2065856,0.12713069,0.8318984508514404,0.046630922704935074,3.0356452,2.2350504
3404,2.1877675,0.104723305,0.85,0.025532223284244537,3.7750473,2.5241423
3405,2.1607542,0.09602036,0.749582827091217,0.05,4.57182,1.6020876
3406,2.1968577,0.07299805,0.85,0.007370290346443653,3.97876,2.0119555
3407,2.2443955,0.09914481,0.85,0.04023139551281929,2.8220267,2.8640864
3408,2.1606336,0.097301066,0.85,0.05,3.9783149,1.6377727
3409,2.188225,0.11589931,0.8020186424255371,0.05,3.618277,1.7322371
3410,2.0955102,0.043686572,0.85,0.015174929983913898,5.777545,1.3644153
3411,2.1473277,0.117346376,0.85,0.016551082953810692,4.7307715,1.8355582
3412,2.2338026,0.092761345,0.85,0.02311043255031109,3.2284636,2.3582356
3413,2.177538,0.10907092,0.85,0.022354615852236748,4.357755,2.233746
3414,2.1880257,0.14534184,0.85,0.05,3.446128,2.6235988
3415,2.2148228,0.12883136,0.85,0.01556139625608921,3.0562763,2.745268
3416,2.1935716,0.12281322,0.5178438425064087,0.08215673267841339,3.6660087,2.6646118
3417,2.197193,0.10881528,0.85,0.05,4.0937824,2.1070395
3418,2.1706753,0.16213867,0.85,0.023785831406712532,3.919814,2.3569186
3419,2.1918254,0.10396422,0.797898530960083,0.05,4.0601683,2.1506631
3420,2.2250104,0.106333114,0.826556921005249,0.05,2.8919866,2.2437356
3421,2.1188188,0.14960949,0.85,0.025460517033934593,4.8800726,2.002903
3422,2.242177,0.18298526,0.8462408185005188,0.038451556116342545,2.489198,2.5286605
3423,2.1439924,0.12395895,0.85,0.024674199521541595,4.543434,2.0184977
3424,2.247663,0.12529337,0.829085111618042,0.045919694006443024,2.7111552,2.0921078
3425,2.1438088,0.12835704,0.85,0.03734796494245529,4.6928444,2.2205424
3426,2.2514632,0.11848193,0.5005284547805786,0.04027605056762695,2.6604967,2.378468
3427,2.1217833,0.11551635,0.85,0.05,5.0412197,1.7526292
3428,2.1301558,0.14004965,0.8379008173942566,0.05,4.008155,1.8222753
3429,2.2683296,0.1259401,0.8413712382316589,0.052552781999111176,2.3471708,2.741725
3430,2.2381341,0.14175576,0.85,0.03423202410340309,3.005506,2.6283479
3431,2.147173,0.15418258,0.85,0.05,4.51716,1.7944701
3432,2.2291884,0.11544404,0.8466536998748779,0.05,3.2260141,2.7464314
3433,2.1786277,0.08674364,0.85,0.00869362149387598,4.5512023,2.1879053
3434,2.2336814,0.13644607,0.8340579867362976,0.009676766581833363,2.8089802,2.188525
3435,2.18961,0.05914601,0.808281421661377,0.05,3.9239175,2.0603774
3436,2.252347,0.08617239,0.7227428555488586,0.025023285299539566,3.0116854,2.2857656
3437,2.2091854,0.120943345,0.847216010093689,0.021942423656582832,3.2874653,2.2285464
3438,2.2398124,0.1189322,0.85,0.05,2.7899933,2.4157903
3439,2.1915202,0.12808087,0.85,0.05,3.5730608,2.1398106
3440,2.2086127,0.11033059,0.85,0.02667137049138546,4.0919433,2.0221734
3441,2.201142,0.076345176,0.85,0.03796122223138809,4.0672536,2.6912189
3442,2.1980937,0.13197194,0.85,0.05,3.8829982,2.3354955
3443,2.181788,0.10152263,0.85,0.02716635726392269,4.139689,2.0869203
3444,2.2028806,0.1306294,0.6109671592712402,0.04027877002954483,3.6900592,2.2997487
3445,2.1412385,0.121313706,0.85,0.05,4.4589343,1.7345287
3446,2.2003984,0.12894304,0.8159081339836121,0.05,3.1581445,2.6832707
3447,2.201331,0.10322256,0.85,0.020392736420035362,3.4651005,2.183936
3448,2.144545,0.15527149,0.85,0.05,4.0903854,2.011392
3449,2.2098253,0.15828007,0.85,0.006642835680395365,2.988177,2.7448695
3450,2.099647,0.1396547,0.8301292061805725,0.03807254880666733,5.587639,1.6040175
3451,2.2383616,0.033349272,0.8312321901321411,0.05,3.7407725,2.1719477
3452,2.109022,0.16653213,0.7668959498405457,0.05,4.653472,1.6216432
3453,2.1229086,0.085765466,0.85,0.05,5.0148253,1.5008494
3454,2.164392,0.13380624,0.8428794145584106,0.05,4.3759594,2.1571498
3455,2.1938088,0.09922833,0.85,0.030467769131064415,3.9880376,2.5562208
3456,2.324235,0.07874309,0.4703373312950134,0.057931408286094666,2.1223552,2.57335
3457,2.2433636,0.108422674,0.6577655673027039,0.05,2.5585232,2.8576508
3458,2.1470113,0.12062566,0.85,0.05,4.584753,1.7286315
3459,2.1640315,0.11651335,0.821884036064148,0.03961119428277016,4.1466546,1.6414706
3460,2.1386266,0.12961869,0.8198339343070984,0.05,3.8784082,1.5976126
3461,2.123774,0.1995897,0.85,0.05,4.614938,1.753335
3462,2.191464,0.14499228,0.822378396987915,0.05,3.8415167,2.1792936
3463,2.1310585,0.16481936,0.85,0.05,4.1855464,2.3107805
3464,2.2095351,0.095765054,0.85,0.05,3.6966872,2.0143776
3465,2.1107419,0.03616875,0.85,0.05,5.609273,1.4592005
3466,2.1841936,0.07224474,0.8314805626869202,0.05,4.058542,1.8732455
3467,2.2054858,0.15495704,0.6880448460578918,0.06476723402738571,3.5702777,2.4934623
3468,2.154163,0.15753162,0.8375694751739502,0.05,3.9615028,1.8152163
3469,2.2088614,0.1059358,0.85,0.05,3.9097517,2.491632
3470,2.1265225,0.17780441,0.85,0.007591054309159517,4.5409636,2.036403
3471,2.1666105,0.17052063,0.8079380989074707,0.04947622865438461,3.8362305,2.0728037
3472,2.1858628,0.109320775,0.7897495627403259,0.05,3.910843,2.4076755
3473,2.2482634,0.1378795,0.5087190866470337,0.035994887351989746,2.2402837,2.4981968
3474,2.1529818,0.14486882,0.7647726535797119,0.05,4.5241313,1.9739228
3475,2.2179005,0.17177984,0.8313833475112915,0.041399773210287094,3.0971026,2.4374154
3476,2.1674485,0.13237971,0.8180714845657349,0.05,4.0631037,1.7755353
3477,2.267268,0.13130173,0.839130699634552,0.0391564816236496,2.4094467,2.6711507
3478,2.1607175,0.18083213,0.85,0.05,3.9361434,2.527512
3479,2.1807284,0.08666774,0.8207001686096191,0.013418509624898434,3.8921263,1.7665231
3480,2.160165,0.09950563,0.8358981013298035,0.05,4.5328693,2.199901
3481,2.1444182,0.10308179,0.85,0.00382625381462276,4.9465375,1.9560333
3482,2.222617,0.12898473,0.85,0.05,2.9710476,2.3792198
3483,2.1307354,0.11953876,0.85,0.025355547666549683,4.9741473,1.8014882
3484,2.1747425,0.10660878,0.85,0.05,3.9847476,1.8217618
3485,2.2171268,0.17832187,0.85,0.025820855051279068,2.9381528,2.1851826
3486,2.256199,0.1409221,0.5945224761962891,0.0356079638004303,2.6855254,2.8025632
3487,2.1084578,0.12251968,0.8434333801269531,0.05,5.1906924,1.5164043
3488,2.1810718,0.13936006,0.8237813115119934,0.005256646312773228,3.3666704,2.001998
3489,2.2120826,0.09798882,0.85,0.05,3.4813516,2.1944246
3490,2.0503364,0.16413991,0.6157607436180115,0.01274573802947998,6.364501,1.5380344
3491,2.1552947,0.09231998,0.85,0.05,4.707107,1.8016866
3492,2.2309048,0.1068921,0.8386649489402771,0.05,3.2375753,2.61265
3493,2.2193434,0.16039003,0.8291853070259094,0.05736857280135155,3.0126295,2.2245657
3494,2.1358314,0.076400965,0.7780304551124573,0.05,5.187462,1.6104847
3495,2.2081597,0.15363061,0.85,0.028613964095711708,3.2154772,2.563339
3496,2.2120593,0.091780506,0.85,0.025307435542345047,3.435797,2.5286894
3497,2.2702868,0.05351505,0.7783278822898865,0.02993348054587841,3.136842,2.7692146
3498,2.1055803,0.10200275,0.85,0.05,4.8370113,1.8691164
3499,2.175922,0.1787254,0.85,0.05,3.64623,2.1841595
3500,2.232562,0.14710072,0.8494027256965637,0.03931499645113945,3.1116974,2.5446744
3501,2.1606863,0.16025735,0.85,0.05,3.797624,2.3735495
3502,2.1100328,0.11704967,0.85,0.05,5.0648794,1.4989731
3503,2.1596801,0.082928486,0.8289766907691956,0.05,4.0475183,1.9364403
3504,2.2262452,0.1681777,0.85,0.05,2.6466908,2.2372088
3505,2.173807,0.14814416,0.8398799300193787,0.027108116075396538,3.9886427,2.1699984
3506,2.1481857,0.18024495,0.85,0.05,4.0383615,2.121743
3507,2.177711,0.08942408,0.8249884247779846,0.018594518303871155,3.9749238,1.6700962
3508,2.1671917,0.12992336,0.8463151454925537,0.02265254780650139,4.0014143,2.142914
3509,2.1034846,0.14538637,0.85,0.05,5.3043,1.6878175
3510,2.160199,0.14951654,0.8395611047744751,0.05,3.8634677,1.9205674
3511,2.2178102,0.11584915,0.7530096173286438,0.04415767639875412,3.6336741,2.8365052
3512,2.1794047,0.13151914,0.85,0.01843916065990925,3.9605744,2.2144186
3513,2.2328138,0.15503679,0.6719399094581604,0.019968925043940544,2.80861,2.536348
3514,2.1601312,0.12687372,0.8153249621391296,0.02689983695745468,3.9366705,2.0116613
3515,2.29434,0.09976601,0.85,0.05,2.2446957,2.7956603
3516,2.1656692,0.11867036,0.85,0.01556702982634306,4.187989,2.1893668
3517,2.205594,0.14961982,0.7360228896141052,0.05,3.391267,2.100782
3518,2.1196666,0.1467612,0.6401057839393616,0.018865427002310753,4.5608783,1.5392251
3519,2.2160938,0.0773979,0.826774537563324,0.028309591114521027,3.5399566,1.8193225
3520,2.1658955,0.14131759,0.8392432332038879,0.018452510237693787,4.1992183,2.166304
3521,2.0717187,0.17246273,0.823919415473938,5.560710178542649e-06,5.3174214,1.6477782
3522,2.2847762,0.11424879,0.7727456092834473,0.03176059201359749,2.3422675,2.608513
3523,2.2226727,0.047061313,0.85,0.05,4.370021,2.245571
3524,2.1705205,0.12131172,0.8040852546691895,0.05,3.7973979,1.9311856
3525,2.1210213,0.069787465,0.85,0.05,5.1587596,1.4646999
3526,2.1302888,0.13499248,0.8270623087882996,0.05,4.237583,2.1230023
3527,2.1086056,0.1640697,0.5599824786186218,0.026089515537023544,4.7857504,1.7138289
3528,2.1498866,0.15326113,0.85,0.05,4.642564,2.028584
3529,2.2030568,0.069651484,0.85,0.034810781478881836,3.9851234,2.1766284
3530,2.1632376,0.13922623,0.85,0.010072795674204826,4.354228,2.2431676
3531,2.218137,0.08523513,0.85,0.05,3.4133294,2.594301
3532,2.1271706,0.17146233,0.7500976920127869,0.0667499303817749,4.121927,2.3527079
3533,2.2063046,0.14957929,0.85,0.05,3.4152758,2.6915789
3534,2.2800329,0.12069005,0.6957052946090698,0.026360703632235527,2.227026,2.8648338
3535,2.1434805,0.11088265,0.8471994996070862,0.00663124630227685,4.176049,2.1991136
3536,2.1350741,0.118064925,0.8228300213813782,0.02227342501282692,4.706113,1.6254632
3537,2.1906424,0.13236132,0.8299437761306763,0.03886238858103752,3.6734385,2.2018344
3538,2.2519555,0.13100104,0.8038938641548157,0.030119458213448524,2.134704,2.6210246
3539,2.1373038,0.15847361,0.85,0.035562265664339066,4.774373,1.9987605
3540,2.206541,0.1052414,0.8106641173362732,0.02419957146048546,3.6531231,2.244401
3541,2.1880794,0.15510643,0.809215784072876,0.053760986775159836,3.5081959,2.805756
3542,2.1602085,0.11924234,0.8069762587547302,0.04063517227768898,4.1193433,2.4662654
3543,2.2491558,0.083954066,0.4344065189361572,0.048151686787605286,3.212934,2.3697884
3544,2.1553192,0.1405176,0.85,0.016801340505480766,4.062092,2.2517767
3545,2.1087017,0.1324892,0.85,0.016196107491850853,5.21626,1.8306324
3546,2.1978726,0.09807929,0.85,0.05,3.8656354,2.0433726
3547,2.2480183,0.13086355,0.8276789784431458,0.04939169064164162,2.91688,2.7488816
3548,2.176037,0.13997523,0.85,0.05,3.9655335,2.2367764
3549,2.1517134,0.1355949,0.85,0.05,4.1071634,1.8361856
3550,2.239819,0.10697441,0.85,0.031145580112934113,2.641072,2.2777984
3551,2.167746,0.071876556,0.85,0.05,5.0115414,1.747466
3552,2.189512,0.15470019,0.838681161403656,0.05,3.8955483,2.6876438
3553,2.10501,0.13596298,0.7808586955070496,0.05,4.854368,1.4906082
3554,2.23319,0.16044967,0.85,0.05,2.7189808,2.7142177
3555,2.1982224,0.11129433,0.5422539114952087,0.05292113497853279,3.4917102,2.7015488
3556,2.2141383,0.046583876,0.85,0.026776697486639023,3.785291,2.5690775
3557,2.1732461,0.07526751,0.5957620143890381,0.05,4.3737254,2.198812
3558,2.174966,0.12434009,0.8068969249725342,0.05,4.139905,1.882019
3559,2.1189125,0.15358986,0.85,0.05,4.504218,1.9895726
3560,2.2377217,0.085862465,0.816011369228363,0.05,3.3382156,2.6408896
3561,2.140498,0.11976998,0.7496029734611511,0.05,4.0574403,1.5428293
3562,2.1206212,0.1280599,0.85,0.05,4.750138,1.4581192
3563,2.2495928,0.13089159,0.85,0.05,2.7181692,2.2757962
3564,2.2577815,0.13545123,0.833364725112915,0.022240784019231796,2.4274254,2.7203176
3565,2.2175455,0.13763854,0.8490385413169861,0.02364315092563629,2.8705602,2.5853293
3566,2.2077668,0.10057139,0.85,0.05,3.3878639,2.5636258
3567,2.2079096,0.13271947,0.85,0.008938122540712357,3.1388695,2.3508897
3568,2.2731757,0.099720515,0.85,0.05,2.3908188,2.7748537
3569,2.1723344,0.12284926,0.8096777200698853,0.05,3.964383,2.1373153
3570,2.3469157,0.055827964,0.568817138671875,0.05,2.201388,2.820142
3571,2.1290925,0.12201257,0.85,0.05,5.059123,1.2667613
3572,2.0646389,0.22805385,0.6104949712753296,0.037552863359451294,5.118807,1.5121714
3573,2.248438,0.085870035,0.843489944934845,0.05,2.6802733,2.1323981
3574,2.1409261,0.17095228,0.85,0.05,4.2577977,2.39366
3575,2.1267326,0.15317684,0.744775652885437,0.05,4.4701347,1.8586121
3576,2.157498,0.12655008,0.85,0.05,4.526423,1.7934723
3577,2.239425,0.10402569,0.85,0.02411186695098877,2.8001242,2.3003325
3578,2.1730378,0.12451592,0.7033008933067322,0.026904718950390816,4.2802978,2.0449843
3579,2.100735,0.10312892,0.85,0.016072625294327736,5.606587,1.4945887
3580,2.1898305,0.10777387,0.85,0.05,3.8343875,2.186935
3581,2.132875,0.12999889,0.85,0.01191460806876421,4.815873,1.8500842
3582,2.1993365,0.17054158,0.7573477625846863,0.051362890750169754,3.3145187,2.6467733
3583,2.2021782,0.0835058,0.8001850843429565,0.05,3.7289028,1.9656363
3584,2.2134843,0.09636575,0.85,0.05,3.3538587,2.3097908
3585,2.2559822,0.093933776,0.20466618239879608,0.17344917356967926,2.9640899,2.6547358
3586,2.1660912,0.092039995,0.6857078671455383,0.0016184340929612517,4.3253956,1.6924645
3587,2.0690343,0.094652556,0.85,0.026042284443974495,6.4313674,1.4012625
3588,2.2075558,0.07893768,0.8454862833023071,0.005131274461746216,3.5130444,1.7463751
3589,2.148099,0.14099054,0.85,0.05,4.9007564,2.217969
3590,2.226248,0.18009973,0.5362582206726074,0.0741054117679596,2.851022,2.628288
3591,2.1692505,0.0615106,0.8263354301452637,0.05,4.3173122,1.6290623
3592,2.1746256,0.17245135,0.85,0.020138485357165337,3.34033,2.6637073
3593,2.1977026,0.15756842,0.8163890242576599,0.05,3.03745,2.2119794
3594,2.1478198,0.14363979,0.85,0.03127480298280716,4.5065145,2.1163604
3595,2.1633399,0.11054515,0.7084624767303467,0.028883591294288635,4.414501,1.9077733
3596,2.138799,0.11710831,0.8476231694221497,0.05,4.811855,1.7508783
3597,2.2658732,0.077456154,0.85,0.05,2.66549,2.297662
3598,2.3029056,0.15249696,0.37617936730384827,0.022497160360217094,2.040986,2.2618897
3599,2.2177758,0.0876776,0.838092029094696,0.05,3.4678102,2.2831163
3600,2.1834562,0.09147696,0.85,0.05,3.9072194,2.0811694
3601,2.2003646,0.122919545,0.85,0.05,3.3203108,2.3210032
3602,2.1725802,0.089507975,0.85,0.013881462626159191,4.199607,1.6008368
3603,2.2365577,0.12275621,0.7192829847335815,0.02573418989777565,2.7839642,2.3399835
3604,2.163027,0.15151161,0.8359676003456116,0.029102293774485588,4.170753,1.9311712
3605,2.1175003,0.12508343,0.8224753737449646,0.05,4.690515,1.7663006
3606,2.1736512,0.10238237,0.8174454569816589,0.05,4.405505,2.4204762
3607,2.2695024,0.104801536,0.8293231129646301,0.02939123474061489,2.130657,2.7936013
3608,2.1950173,0.17601433,0.8295316696166992,0.050493933260440826,2.8705504,2.7025266
3609,2.2004662,0.1340823,0.6071731448173523,0.0293594803661108,3.61364,2.5852842
3610,2.1599748,0.11743893,0.8201678395271301,0.023209096863865852,3.8632874,1.6680832
3611,2.2212641,0.122007616,0.85,0.05,3.4194665,2.0000896
3612,2.204209,0.16990398,0.85,0.05,2.8324478,2.6681917
3613,2.1486075,0.12142728,0.82186359167099,0.007660447154194117,3.9976368,1.7577388
3614,2.134818,0.10532175,0.7895348072052002,0.022284986451268196,4.5938716,1.6518272
3615,2.1771505,0.11897992,0.85,0.03810296952724457,4.331657,2.2748947
3616,2.1188998,0.088573135,0.85,0.05,4.8074455,1.6338764
3617,2.174653,0.10967541,0.85,0.00499920966103673,3.9355633,2.0021725
3618,2.151154,0.12882619,0.85,0.05,4.0531936,1.8840675
3619,2.2042072,0.116848245,0.8152574896812439,0.05,3.4939759,1.8762385
3620,2.2090988,0.12931703,0.35234296321868896,0.02943817898631096,2.6532812,2.7651048
3621,2.1535492,0.13032529,0.7054669260978699,0.027018923312425613,4.2421656,2.20215
3622,2.1776567,0.13032714,0.48738256096839905,0.05,3.906247,1.8138695
3623,2.1042452,0.13337445,0.85,0.05,5.106134,1.7606934
3624,2.2046676,0.16858374,0.85,0.017282532528042793,3.1224964,2.5006716
3625,2.2328558,0.12786655,0.8334171175956726,0.05,2.6609228,2.5377872
3626,2.1558173,0.1106554,0.8236143589019775,0.05,4.6212974,2.1532366
3627,2.2332559,0.15535721,0.85,0.01874857395887375,2.8181202,2.442607
3628,2.1762488,0.12507312,0.85,0.05,3.9376116,2.024
3629,2.242578,0.101740874,0.85,0.0051581971347332,2.92107,2.2567093
3630,2.1523077,0.13294186,0.8377987146377563,0.05,4.1787305,1.9278483
3631,2.1750169,0.1054658,0.85,0.05,4.214653,2.2017179
3632,2.1090496,0.13363257,0.85,0.05,5.171248,1.6265601
3633,2.1646461,0.078429356,0.5147175788879395,0.014086936600506306,4.1807737,1.5017003
3634,2.203697,0.0945807,0.8173315525054932,0.02947342023253441,3.820803,2.6610453
3635,2.2255123,0.20207168,0.85,0.01836739107966423,2.6150088,2.4621515
3636,2.231239,0.048496414,0.85,0.05,3.9396367,2.1771767
3637,2.2258346,0.10169834,0.85,0.03473326936364174,3.2340112,2.630399
3638,2.1690443,0.08247828,0.8198192715644836,0.05,4.6902113,1.794675
3639,2.1346917,0.11732216,0.8025579452514648,0.05,4.3569064,2.0365157
3640,2.2113326,0.15005271,0.7202906608581543,0.026909155771136284,3.2748427,2.607315
3641,2.2640884,0.08622506,0.8249672651290894,0.050750233232975006,2.7136884,2.6038952
3642,2.2121615,0.105257,0.85,0.05,3.3553236,2.1047895
3643,2.1165867,0.12188219,0.85,0.05,4.5179496,1.7252091
3644,2.2183015,0.07272433,0.2147040069103241,0.05132686719298363,3.7002895,2.6907547
3645,2.1332076,0.1003133,0.8043376803398132,0.05,4.4155846,1.5814292
3646,2.1815255,0.10417529,0.8128543496131897,0.05,4.0050006,2.1641958
3647,2.206043,0.08520478,0.8079262375831604,0.06037888303399086,3.6371408,2.3713024
3648,2.2258177,0.08412627,0.709293007850647,0.03081602416932583,3.6977732,2.1555417
3649,2.147577,0.13773002,0.619720995426178,0.05,4.205151,2.3192787
3650,2.0320606,0.15678495,0.8032366633415222,0.04796651378273964,6.279572,1.4945691
3651,2.184855,0.1313263,0.8178903460502625,0.05358219891786575,3.3113725,2.592678
3652,2.1490343,0.06686259,0.8094252347946167,0.016475684940814972,5.103457,1.6894395
3653,2.1093123,0.10633683,0.85,0.05,4.716486,1.6363298
3654,2.220443,0.12571803,0.85,0.029191330075263977,3.4871023,2.2740963
3655,2.1587815,0.15592696,0.85,0.025752894580364227,4.003482,2.2237685
3656,2.201041,0.18141836,0.8293148875236511,0.03670003265142441,2.8381822,2.2428005
3657,2.19661,0.12673524,0.85,0.001375199994072318,3.755864,2.109084
3658,2.2427697,0.104029365,0.85,0.04121088981628418,2.866696,2.7376823
3659,2.1651227,0.14621735,0.8342018127441406,0.05,3.9651139,1.9500365
3660,2.1734633,0.124676146,0.8205137252807617,0.05,4.209806,1.990775
3661,2.1946871,0.09126588,0.85,0.05,3.804317,2.495042
3662,2.1837635,0.12220738,0.85,0.05,3.910329,2.0139475
3663,2.1458123,0.07497846,0.8208721876144409,0.031047295778989792,4.8025117,1.4893607
3664,2.2244418,0.12122067,0.8329020142555237,0.014490833505988121,3.0860038,2.2270155
3665,2.294318,0.0683519,0.6266481876373291,0.034307967871427536,2.3465204,2.6540422
3666,2.1998315,0.1282582,0.7713929414749146,0.028628911823034286,3.5449963,2.255002
3667,2.143316,0.13375315,0.85,0.016331829130649567,4.4253464,2.106724
3668,2.2532165,0.0907745,0.85,0.05,2.847087,2.7693653
3669,2.1925786,0.13989094,0.85,0.05,3.8860085,2.4129725
3670,2.179034,0.14977081,0.7918035387992859,0.05,3.629553,1.7843051
3671,2.1635168,0.12096314,0.85,0.04134214669466019,4.347548,2.2699752
3672,2.1455398,0.085964106,0.8399145603179932,0.05,4.494441,1.5486971
3673,2.2325344,0.13582993,0.8282666802406311,0.05,2.495214,2.353902
3674,2.1497498,0.1397425,0.85,0.05,4.508981,2.0089295
3675,2.214756,0.07576072,0.77740877866745,0.05,3.4597821,2.4190478
3676,2.0452147,0.11143721,0.8446969389915466,0.051871106028556824,7.2890153,1.4468775
3677,2.2023795,0.10184932,0.6825230717658997,0.013639274053275585,3.8974905,2.120351
3678,2.1615164,0.14931022,0.85,0.05,3.9937365,1.8418
3679,2.2923706,0.1581768,0.25161001086235046,0.044681232422590256,2.280027,2.8478634
3680,2.1411858,0.1424735,0.85,0.05,4.5197783,1.9825532
3681,2.255235,0.1142937,0.6879715323448181,0.0486890934407711,2.5443363,2.7622552
3682,2.1681063,0.1324977,0.5273004770278931,0.055970631539821625,3.7913463,2.200717
3683,2.2343812,0.12391879,0.8274772763252258,0.04321917146444321,2.9635673,2.3506322
3684,2.1501713,0.10228372,0.8194285035133362,0.031903766095638275,4.5822005,1.5594876
3685,2.1384723,0.16180035,0.85,0.05,4.4023256,2.1008317
3686,2.1748421,0.11234465,0.8113823533058167,0.05,3.7452774,2.1889253
3687,2.182369,0.1667325,0.838664710521698,0.03551928699016571,3.7685175,1.9022421
3688,2.141803,0.12557982,0.85,0.02376292459666729,4.5270557,1.9078748
3689,2.189175,0.1380395,0.811866044998169,0.013891964219510555,3.5793145,2.008857
3690,2.2068563,0.092188045,0.6897289156913757,0.05666450411081314,3.564078,2.43681
3691,2.157251,0.17981477,0.819919764995575,0.05,3.874082,2.1826878
3692,2.2208824,0.082520194,0.85,0.05,3.153519,2.1675558
3693,2.1624522,0.124383055,0.839266300201416,0.05,4.421659,2.1243212
3694,2.1391199,0.07980696,0.85,0.027081243693828583,4.9333534,1.9607973
3695,2.216765,0.0945897,0.678311288356781,0.06961879134178162,3.457492,2.8071928
3696,2.13399,0.13853428,0.85,0.0024784260895103216,4.4967785,1.7684388
3697,2.1270094,0.19175746,0.85,0.05,4.942341,1.8361605
3698,2.1409838,0.16788806,0.8328903317451477,0.01135884691029787,4.2116456,1.9267176
3699,2.1717854,0.08681883,0.85,0.05,4.830431,1.9268054
3700,2.1318853,0.10641278,0.8288275599479675,0.05,4.295681,1.4304833
3701,2.2421489,0.12193523,0.85,0.05,2.9152637,2.5741496
3702,2.1946063,0.11282434,0.8193784356117249,0.05,3.970325,2.296437
3703,2.2170978,0.025967373,0.85,0.05,3.8793685,1.9656284
3704,2.1656802,0.14290348,0.85,0.05,4.4111624,2.024295
3705,2.1463416,0.16882716,0.823765754699707,0.03593514487147331,4.5439987,1.7183315
3706,2.1559641,0.13164087,0.85,0.024662761017680168,4.5775604,2.0358088
3707,2.203658,0.15712892,0.85,0.018640968948602676,3.6657336,2.4095764
3708,2.246558,0.11955775,0.8353644013404846,0.036141034215688705,2.9251432,2.3139117
3709,2.1350718,0.12865855,0.85,0.05,5.0059123,1.8285716
3710,2.2194905,0.12547338,0.85,0.05,3.1134412,2.5790265
3711,2.2203248,0.09349352,0.85,0.017818644642829895,3.1542277,2.243937
3712,2.1712065,0.11762331,0.8272706270217896,0.052058883011341095,4.351867,2.0910804
3713,2.1108992,0.095825486,0.836358904838562,0.0374777726829052,4.8847327,1.8937416
3714,2.1940196,0.12185098,0.8151248693466187,0.05,3.8921933,2.1730957
3715,2.16196,0.120468915,0.8284347653388977,0.035070184618234634,4.496283,1.6927764
3716,2.2339642,0.14931303,0.85,0.016454394906759262,2.7875283,2.4807985
3717,2.2008886,0.14597088,0.85,0.023735007271170616,3.358309,2.462079
3718,2.1532166,0.13777456,0.85,0.05,4.3762226,1.8718113
3719,2.112724,0.14297557,0.8281452655792236,0.017380109056830406,4.671622,1.655638
3720,2.2178698,0.082098976,0.85,0.05,3.9609303,2.4709435
3721,2.1167853,0.12977977,0.85,0.05,4.8114777,1.6360964
3722,2.1834464,0.122757114,0.5384739637374878,0.017866656184196472,3.8297775,2.2880583
3723,2.1751666,0.13762261,0.7926941514015198,0.03353869542479515,3.6887136,1.7736567
3724,2.21632,0.1027505,0.85,0.05,3.347784,2.226646
3725,2.1945202,0.22047997,0.85,0.023391447961330414,2.9621265,2.3079891
3726,2.1926367,0.13605763,0.85,0.05,3.8788428,2.319909
3727,2.144269,0.120702535,0.8108636736869812,0.020028211176395416,4.5655236,2.032457
3728,2.2095363,0.07285554,0.8415939211845398,0.010370032861828804,3.645918,2.0481098
3729,2.1896021,0.18960705,0.8174372911453247,0.0355532169342041,3.3904774,1.8289657
3730,2.1749425,0.14038718,0.6806641221046448,0.051702309399843216,4.4765964,2.1282694
3731,2.2152839,0.13473913,0.85,0.05,3.1815896,2.3736799
3732,2.0312877,0.18210125,0.8482846617698669,0.023838674649596214,6.232833,0.93100524
3733,2.0495744,0.15250993,0.8425286412239075,0.05,6.166577,1.5358837
3734,2.2631736,0.055587687,0.85,0.031809475272893906,2.7925434,2.7587786
3735,2.1015584,0.16377814,0.5490829944610596,0.05,4.9150147,1.4273434
3736,2.1959507,0.13302766,0.8014228940010071,0.05,3.4764864,1.9946395
3737,2.1970155,0.15452291,0.85,0.05,3.1298156,2.245391
3738,2.191371,0.15424904,0.8293181657791138,0.05,3.2010705,2.3446786
3739,2.2076538,0.15823959,0.6442869901657104,0.05,2.7658627,2.7183738
3740,2.1722522,0.099969916,0.803152859210968,0.05,3.9255493,1.8713188
3741,2.2064514,0.10540912,0.841425359249115,0.028645189478993416,3.5166,2.4184453
3742,2.1308208,0.12836488,0.8463692665100098,0.03427564725279808,4.8394055,2.1645813
3743,2.1887474,0.11418857,0.4662891924381256,0.03508543223142624,3.6329224,2.1232593
3744,2.222693,0.09444948,0.6864603757858276,0.037513021379709244,3.0780182,2.2039
3745,2.2509923,0.077730834,0.85,0.05,2.7954047,2.500852
3746,2.1843383,0.10082228,0.85,0.05,4.0329175,2.0233963
3747,2.2610059,0.10875748,0.8301097750663757,0.0434790775179863,2.385918,2.2644613
3748,2.1575396,0.16946529,0.85,0.05,3.8289697,1.7918203
3749,2.1409163,0.12444937,0.8281332850456238,0.00861258152872324,4.150859,1.5738518
3750,2.1295428,0.11742521,0.85,0.02811247855424881,4.954305,1.8909483
3751,2.146297,0.11280818,0.813186526298523,0.03047223575413227,4.620883,1.5978504
3752,2.330553,0.08477904,0.5291586518287659,0.012070223689079285,2.1507304,2.268253
3753,2.1616738,0.11726446,0.5232833027839661,0.03732242062687874,4.0047193,2.180974
3754,2.1972325,0.10417512,0.7926142811775208,0.04264479875564575,3.9400692,1.9416357
3755,2.159684,0.1631658,0.85,0.05,3.9776337,2.4833732
3756,2.1515596,0.10558678,0.8269067406654358,0.02782963588833809,4.5852294,1.6659765
3757,2.1876857,0.072813414,0.8449947834014893,0.015601998195052147,4.1403127,2.4230022
3758,2.1077027,0.12188078,0.8263145685195923,0.05,4.7317777,1.6225859
3759,2.1321409,0.14376645,0.85,0.05,4.4355435,2.0356612
3760,2.1649108,0.10851303,0.7957479953765869,0.057901471853256226,4.752972,2.4698179
3761,2.1644857,0.14419124,0.8074219822883606,0.045052945613861084,4.0691586,2.2483497
3762,2.1280484,0.118662566,0.85,0.026994798332452774,4.929678,1.9600664
3763,2.1179166,0.16828224,0.85,0.02751368097960949,4.782485,2.0833852
3764,2.1621323,0.18544598,0.6227340698242188,0.05,4.081814,2.2273154
3765,2.228499,0.12244196,0.85,0.05,3.3089113,2.4516335
3766,2.2326999,0.099746846,0.7054440379142761,0.05,3.117425,2.3981535
3767,2.2836695,0.07788127,0.85,0.05,2.217745,2.4114861
3768,2.0939703,0.12638906,0.85,0.05,5.302319,1.2764856
3769,2.1867685,0.0823494,0.8452953696250916,0.05,3.9176,2.2510102
3770,2.2698412,0.10726461,0.85,0.05,2.5919864,2.566733
3771,2.2329142,0.15666257,0.8341181874275208,0.04479903727769852,2.7693696,2.5042098
3772,2.244546,0.13107276,0.6485143303871155,0.037395309656858444,2.8710334,2.5616236
3773,2.173536,0.11373033,0.85,0.05,4.3680243,1.7213998
3774,2.1230602,0.085886516,0.7789537906646729,0.05,4.6749196,1.6306942
3775,2.07115,0.13948244,0.85,0.015562369488179684,6.0295124,1.3796582
3776,2.1956425,0.08884484,0.85,0.05,3.7449481,2.0088677
3777,2.1443558,0.12625869,0.8150879144668579,0.04644302651286125,4.3657036,2.0474782
3778,2.2269192,0.089288354,0.8247212171554565,0.05,3.3164551,2.0855005
3779,2.1693811,0.0755038,0.806037425994873,0.04226607829332352,4.538797,1.5840414
3780,2.2262082,0.12643032,0.8419206142425537,0.04703471064567566,3.0300057,2.8267255
3781,2.1441798,0.15938634,0.8002873659133911,0.05,4.414453,1.7692012
3782,2.258489,0.15078993,0.24132293462753296,0.07772514224052429,2.5484626,2.5782518
3783,2.2194648,0.10914034,0.8101974129676819,0.009516848251223564,3.0599563,2.6967056
3784,2.1641335,0.1280847,0.8314557075500488,0.05,3.9408047,1.8512263
3785,2.230294,0.13726911,0.8322756290435791,0.04613600671291351,2.7157142,2.709708
3786,2.1826048,0.13217069,0.85,0.015812046825885773,3.8205786,2.2198591
3787,2.171526,0.086187966,0.8409727811813354,0.013471503742039204,4.0607457,2.2736154
3788,2.2231739,0.16173467,0.8267959952354431,0.03339892253279686,2.7530062,2.6961217
3789,2.202964,0.14590645,0.654816210269928,0.05,3.3474278,2.2460456
3790,2.2534854,0.092153236,0.85,0.05,3.0169163,2.3832505
3791,2.2083597,0.16316216,0.85,0.04956220090389252,3.157474,2.6265624
3792,2.0797155,0.1648447,0.85,0.05,4.971752,1.7082989
3793,2.2373319,0.08156977,0.85,0.03493954613804817,3.4361544,2.368589
3794,2.233218,0.09032302,0.85,0.029803169891238213,3.0239584,2.0190556
3795,2.1604228,0.14942089,0.5675607919692993,0.05,3.3992248,1.6389785
3796,2.2422998,0.14980468,0.85,0.0384572371840477,2.6145465,2.7699184
3797,2.1291797,0.11270631,0.85,0.029648005962371826,4.9962687,1.7334466
3798,2.1846235,0.17844944,0.85,0.05,3.4848375,2.2247589
3799,2.1479096,0.10775649,0.85,0.0003317389346193522,4.7082944,1.715683
3800,2.1184852,0.16805136,0.8213855624198914,0.03096812404692173,4.262471,1.801332
3801,2.1199982,0.17940292,0.85,0.05,4.370992,2.015116
3802,2.1930876,0.15093206,0.85,0.05,2.7827117,2.5240853
3803,2.2170527,0.07600678,0.6873424649238586,0.05,3.649723,2.2756758
3804,2.222211,0.101298034,0.8383037447929382,0.0348869152367115,3.460934,2.283268
3805,2.1687608,0.12651393,0.85,0.05,4.125286,2.2924225
3806,2.1591425,0.09375772,0.85,0.05,4.1392026,1.7828848
3807,2.2103014,0.14483163,0.85,0.02542230673134327,3.2151263,2.7880425
3808,2.2025013,0.18188663,0.85,0.05,3.026388,2.3470907
3809,2.2238925,0.10829688,0.85,0.05,3.4073431,2.2066488
3810,2.1321168,0.09013074,0.8108313083648682,0.05,5.2557163,1.5609492
3811,2.0873878,0.13903227,0.85,0.05,5.1562986,1.6431006
3812,2.1136138,0.12619996,0.85,0.05,5.256737,1.5946925
3813,2.2596552,0.060663175,0.8242802023887634,0.05,2.7625754,2.2385137
3814,2.1857848,0.12395509,0.85,0.05,3.8127146,1.9921858
3815,2.1063166,0.09320778,0.85,0.05,5.519226,1.5944985
3816,2.180632,0.15153515,0.85,0.027638336643576622,3.7949767,2.674056
3817,2.091193,0.10403242,0.8109145760536194,0.05,4.881298,1.5832828
3818,2.180419,0.12205339,0.5521026849746704,0.05,4.4823737,1.8753269
3819,2.2242897,0.1547689,0.6557695865631104,0.05813596397638321,2.917746,2.527219
3820,2.0368297,0.14795068,0.8317103981971741,0.008931243792176247,6.8259673,1.1722536
3821,2.305999,0.05728958,0.7931849360466003,0.05457085371017456,2.1393714,2.6400876
3822,2.212457,0.14221627,0.85,0.05,3.1473,2.5551462
3823,2.1889982,0.0973903,0.8247581124305725,0.05,3.9037933,2.1708868
3824,2.2293289,0.098963685,0.85,0.05,3.215647,2.5148385
3825,2.2577238,0.11803563,0.8411989808082581,0.03677572309970856,2.8304892,2.7409632
3826,2.1685302,0.08939714,0.8134869337081909,0.05,4.169588,2.0276992
3827,2.224098,0.12440736,0.8228062391281128,0.05,2.370714,2.1185951
3828,2.1549907,0.031092672,0.85,0.05,4.6300836,1.5442152
3829,2.224606,0.089964055,0.8432474136352539,0.023970646783709526,3.755477,2.2507513
3830,2.101948,0.11077968,0.8384984135627747,0.03843274340033531,5.3622727,1.7855097
3831,2.2681863,0.15385553,0.85,0.05,2.4805956,2.1868787
3832,2.1977992,0.09386827,0.85,0.05,3.4403381,1.838632
3833,2.1947062,0.12100659,0.85,0.05,3.8914046,2.1582541
3834,2.1155126,0.10418968,0.8274673223495483,0.05,4.791266,1.4845101
3835,2.2081573,0.14627327,0.85,0.018656138330698013,2.8400116,2.376632
3836,2.3339503,0.10562704,0.85,0.03675533086061478,2.1602738,2.6871972
3837,2.0983934,0.14801604,0.85,0.05,5.222989,1.5471094
3838,2.1858935,0.15077016,0.8224292397499084,0.00041779683670029044,3.0966828,2.3344233
3839,2.2175927,0.156844,0.85,0.05,3.1464667,2.2259152
3840,2.21153,0.12795395,0.36565038561820984,0.08425941318273544,3.382065,2.5003982
3841,2.2004313,0.054324295,0.85,0.05,4.112186,2.128323
3842,2.1988802,0.11212545,0.85,0.05,3.2888196,2.630313
3843,2.148721,0.12432164,0.85,0.05,4.3701086,1.5117441
3844,2.2380998,0.15520245,0.85,0.05,2.528278,2.4206536
3845,2.1596901,0.09617427,0.85,0.05,4.720267,1.7049241
3846,2.1575181,0.19625884,0.85,0.05,3.7105322,1.8370908
3847,2.163373,0.087374516,0.85,0.05,3.7343552,2.821905
3848,2.1225019,0.10654265,0.8141765594482422,0.041264090687036514,5.1676426,1.5032954
3849,2.2532406,0.14964426,0.720341682434082,0.04660691320896149,2.3524497,2.6868837
3850,2.1777391,0.10296142,0.7588033676147461,0.05,3.6853602,1.7961004
3851,2.1587787,0.1151914,0.8119274973869324,0.009719186462461948,4.815548,1.7127502
3852,2.2166977,0.111643195,0.85,0.02195008285343647,3.2532697,2.4644349
3853,2.1883545,0.12492553,0.85,0.05,4.0142713,2.1375837
3854,2.1527686,0.14388853,0.6131697297096252,0.027174431830644608,4.117399,1.7758977
3855,2.254418,0.09895356,0.8109560608863831,0.05,2.7860277,2.066628
3856,2.1803803,0.11261605,0.8192164897918701,0.050435781478881836,3.6929517,2.8966987
3857,2.1712716,0.10092111,0.8404953479766846,0.05,4.06655,2.0241416
3858,2.0726802,0.12669903,0.5432660579681396,0.05,4.9401193,1.4218842
3859,2.1357572,0.16794935,0.85,0.05,4.391189,1.8883411
3860,2.2295058,0.056516416,0.85,0.03444099426269531,3.341014,2.7494082
3861,2.1333458,0.0978575,0.8103640079498291,0.007065344136208296,5.167254,1.823995
3862,2.1682043,0.0989767,0.85,0.05,4.1581907,2.02798
3863,2.1341045,0.07502179,0.8213289380073547,0.028744777664542198,4.939678,1.348006
3864,2.145954,0.07470105,0.5157667994499207,0.02939748391509056,4.9721756,1.6016237
3865,2.2360013,0.107469976,0.8091135621070862,0.05225400626659393,3.0316348,2.8910642
3866,2.1364107,0.10774405,0.85,0.05,5.188463,1.9714745
3867,2.123403,0.04509931,0.85,0.05,5.464509,1.4396882
3868,2.1600854,0.07679071,0.85,0.019197817891836166,4.859281,2.0921042
3869,2.2741418,0.19123536,0.85,0.04272955283522606,2.4356618,2.5543902
3870,2.209749,0.11190629,0.85,0.05,3.6214147,2.0117567
3871,2.2127,0.089613676,0.8413991928100586,0.03458838537335396,3.5158,2.5004256
3872,2.1661646,0.1580662,0.8101156949996948,0.001573400804772973,3.8535824,2.2290504
3873,2.1583016,0.11996807,0.8120787143707275,0.05,4.0966,2.2449849
3874,2.1240723,0.12045129,0.85,0.05,4.571924,1.5359743
3875,2.1173868,0.12957731,0.8435857892036438,0.05,4.5276737,1.8005095
3876,2.2114718,0.0962061,0.8243329524993896,0.05,3.6552591,1.9262708
3877,2.1655366,0.10058414,0.7700790762901306,0.05,4.23443,1.7262775
3878,2.147615,0.08818915,0.85,0.05,4.7524624,2.036447
3879,2.196925,0.1255788,0.85,0.05,3.436586,2.1623225
3880,2.1649628,0.106779516,0.7711974382400513,0.03468785807490349,4.349948,2.4973803
3881,2.1980524,0.11601268,0.8163496851921082,0.05511317402124405,3.584749,2.514568
3882,2.1344955,0.1664396,0.85,0.020945297554135323,4.616971,2.1275597
3883,2.2282808,0.08525598,0.85,0.05,3.3126276,2.50831
3884,2.066335,0.1457314,0.85,0.05,5.901089,1.5181651
3885,2.2370687,0.08994683,0.8376347422599792,0.003904552198946476,3.1226141,2.2071514
3886,2.2629962,0.057685897,0.8426746726036072,0.035717930644750595,2.6465662,2.38511
3887,2.2561016,0.13869272,0.85,0.029154041782021523,2.4451396,2.7632673
3888,2.237035,0.10218244,0.8066728711128235,0.05,2.9393103,2.4479742
3889,2.2104526,0.19316496,0.85,0.05,2.8511274,2.5079746
3890,2.1041236,0.18899076,0.85,0.05,4.8312545,1.5888649
3891,2.1378677,0.11071571,0.5599184632301331,0.05,4.2935433,1.7713577
3892,2.3092473,0.09225051,0.7110321521759033,0.07556762546300888,2.2170715,2.5075378
3893,2.1334374,0.16580169,0.7228765487670898,0.05,4.52877,1.747673
3894,2.1233168,0.14135192,0.5857070088386536,0.04216265305876732,4.8075013,2.6774755
3895,2.1559722,0.17725685,0.8363252878189087,0.042750097811222076,4.081689,2.32808
3896,2.1246064,0.15768662,0.85,0.05,4.5275044,1.8857305
3897,2.25577,0.115898006,0.4763098657131195,0.029022743925452232,2.7149196,2.2777262
3898,2.20148,0.123250216,0.85,0.019024694338440895,3.837544,2.6002934
3899,2.223729,0.11308585,0.85,0.045490507036447525,3.1791532,2.3383493
3900,2.2487981,0.1398889,0.85,0.04624459892511368,2.5657997,2.813432
3901,2.2204256,0.12322712,0.85,0.05,2.8933883,2.7123864
3902,2.080048,0.107196465,0.493333637714386,0.048594776540994644,5.8998632,1.5481944
3903,2.2367237,0.12840696,0.8133525252342224,0.07318398356437683,2.8338537,2.8538423
3904,2.1895237,0.13697726,0.85,0.0038356170989573,3.5732117,2.0660374
3905,2.2092838,0.09862738,0.85,0.05,3.42763,2.075883
3906,2.112484,0.18170975,0.85,0.05,4.2744293,1.903453
3907,2.161102,0.12642306,0.85,0.02741091512143612,4.3728194,2.0386946
3908,2.1238768,0.10228318,0.85,0.05,5.20295,1.55666
3909,2.1886628,0.08089573,0.7886473536491394,0.05,4.158908,2.1014915
3910,2.1290784,0.14205205,0.85,0.05,4.170554,1.8933377
3911,2.2413032,0.12519675,0.585465669631958,0.05120624974370003,2.5920782,2.3392541
3912,2.1813047,0.13028151,0.7847345471382141,0.05,3.528464,1.9778944
3913,2.2333267,0.15216821,0.386369913816452,0.05882936716079712,2.1973822,2.3378406
3914,2.1510277,0.20109142,0.85,0.01359629537910223,4.0979776,2.1726513
3915,2.1542146,0.14054574,0.8083481788635254,0.01645958609879017,4.3426,1.89209
3916,2.163876,0.14541124,0.7758074402809143,0.05,3.919725,1.7227057
3917,2.1409647,0.14325738,0.6964471340179443,0.00584201468154788,3.877462,2.139244
3918,2.218231,0.17890175,0.8366373777389526,0.056420061737298965,3.3036563,2.7576616
3919,2.1999109,0.17143178,0.85,0.05,3.0374663,2.3226652
3920,2.2074032,0.080787584,0.85,0.012243364006280899,3.169306,1.9399698
3921,2.1896548,0.119192764,0.85,0.01139664277434349,3.6864986,2.23538
3922,2.2055004,0.11343537,0.8268155455589294,0.016105875372886658,3.0473804,2.7780643
3923,2.1569047,0.11636439,0.85,0.05,4.289769,1.6238652
3924,2.1859148,0.12588356,0.8061091899871826,0.023887423798441887,3.9548352,1.8960704
3925,2.2125933,0.106353454,0.85,0.05,3.0751264,2.6297152
3926,2.1727624,0.12916507,0.85,0.05,3.8790169,1.8774089
3927,2.2138772,0.123599015,0.85,0.009135851636528969,3.2482486,2.5865185
3928,2.2907002,0.10228869,0.6857669353485107,0.05,2.0904825,2.6625857
3929,2.2745905,0.09380933,0.85,0.05,2.2186635,2.8383224
3930,2.223469,0.117708966,0.85,0.012180190533399582,2.6118226,2.2530527
3931,2.1389582,0.10456943,0.85,0.05,4.6900706,1.7851212
3932,2.2252655,0.113581136,0.85,0.03326583281159401,3.3357174,2.5453377
3933,2.063217,0.099538796,0.8029145002365112,0.05,6.991036,1.0321809
3934,2.2362864,0.09683658,0.4419056177139282,0.08629988878965378,3.0885348,2.907461
3935,2.27211,0.06826545,0.85,0.028667209669947624,2.8131733,2.1338725
3936,2.2297163,0.0880157,0.24845807254314423,0.05,3.3960195,2.459248
3937,2.1367948,0.12699649,0.85,0.05,4.570252,1.7274085
3938,2.1618383,0.10826553,0.85,0.05,4.408287,2.0919292
3939,2.1601527,0.12595478,0.8267478346824646,0.03130943700671196,4.4312196,1.773004
3940,2.1759548,0.09173588,0.8277215361595154,0.04081075266003609,4.124803,1.9089755
3941,2.1984308,0.11006077,0.85,0.05,3.0937135,1.8496445
3942,2.1912122,0.101887934,0.85,0.007803936954587698,4.0312557,2.0627553
3943,2.1724646,0.1756994,0.8314669132232666,0.05,3.4519475,2.316642
3944,2.2111402,0.1661629,0.847344696521759,0.04200488328933716,3.1484284,2.5696626
3945,2.1881676,0.17159805,0.7894487380981445,0.01839386858046055,3.438403,2.141275
3946,2.1403606,0.13043368,0.85,0.05,4.6509204,1.6872872
3947,2.135522,0.13188118,0.7742387056350708,0.033748921006917953,4.4173527,1.5896374
3948,2.2010558,0.11238977,0.85,0.03436322510242462,3.749071,2.6696126
3949,2.1274214,0.1460882,0.85,0.05,4.5244017,1.906583
3950,2.2267036,0.060422763,0.8202385306358337,0.05,3.3860242,2.4231029
3951,2.178242,0.12033653,0.5892813801765442,0.040093470364809036,3.958598,1.8249373
3952,2.2031033,0.12050699,0.85,0.0016935254679992795,3.434713,2.1383936
3953,2.193687,0.12842932,0.841937780380249,0.05,3.3509078,2.8932955
3954,2.1796048,0.12737441,0.803849458694458,0.05,3.623631,2.1314971
3955,2.2566373,0.05978245,0.85,0.004000688903033733,2.7785184,2.241603
3956,2.110545,0.11820442,0.8299660682678223,0.006096931174397469,4.952728,1.9112216
3957,2.2304835,0.12437612,0.8202934265136719,0.04692249745130539,2.602726,2.6398149
3958,2.152224,0.15343256,0.8200798034667969,0.056256119161844254,3.9959686,2.642647
3959,2.1994274,0.06447336,0.44856566190719604,0.05,3.9863694,1.7914532
3960,2.239776,0.13147579,0.85,0.05,2.6512172,2.4490542
3961,2.2362177,0.2113546,0.6439477205276489,0.056675828993320465,2.1220279,2.714478
3962,2.2143855,0.10084137,0.5811883211135864,0.036813147366046906,3.0792367,2.147991
3963,2.2576315,0.08763085,0.8290561437606812,0.01934739202260971,2.5858133,2.266579
3964,2.1964073,0.11599423,0.85,0.05,4.023246,2.4704857
3965,2.1970284,0.12106896,0.815309464931488,0.04790110141038895,3.292872,2.6745226
3966,2.2757173,0.064645685,0.8270158171653748,0.05,2.6745756,2.2388446
3967,2.1495004,0.1659417,0.8201828002929688,0.03558003157377243,4.446298,1.8941956
3968,2.208576,0.11816701,0.8364210724830627,0.03453158959746361,3.8794239,2.0583148
3969,2.2052035,0.14412484,0.8099644184112549,0.04013368487358093,3.1149266,2.3407054
3970,2.1618001,0.1112205,0.829802930355072,0.011244627647101879,4.080361,1.8339498
3971,2.1226535,0.15386619,0.7627210021018982,0.05,4.5623703,1.4657507
3972,2.1108654,0.1443741,0.85,0.05,4.427546,1.7606223
3973,2.2559116,0.09861788,0.22395586967468262,0.05842878669500351,2.9874773,2.6309412
3974,2.1368144,0.16960233,0.8112887740135193,0.01469996478408575,4.2629504,2.1200483
3975,2.1503432,0.14914952,0.85,0.03227195143699646,4.1675525,1.9240834
3976,2.2267225,0.091452256,0.85,0.0335884615778923,3.3107612,2.2573063
3977,2.1946945,0.10731399,0.85,0.05,3.3493767,1.9156935
3978,2.220203,0.18866593,0.85,0.05,3.1221282,1.9500582
3979,2.1044796,0.11829285,0.85,0.011604772880673409,4.9774933,1.5623877
3980,2.2277796,0.14892918,0.85,0.05,2.8975976,2.1490676
3981,2.2237275,0.12287935,0.818970799446106,0.025394173339009285,3.277389,2.297488
3982,2.1348698,0.108563215,0.8174996376037598,0.04260385036468506,4.909501,1.7045025
3983,2.2285423,0.123160504,0.8155024647712708,0.05,2.4567778,2.1708834
3984,2.2346287,0.13377674,0.8108428716659546,0.04700246825814247,2.790809,2.8362179
3985,2.1907587,0.13463047,0.8456510901451111,0.026598362252116203,3.3499556,2.5706844
3986,2.1782606,0.10173765,0.85,0.0019897387828677893,3.911456,2.1283238
3987,2.2095351,0.221041,0.8097934126853943,0.03573966398835182,2.6857705,2.8065195
3988,2.3153307,0.10480588,0.2959178686141968,0.043207596987485886,2.3642273,2.656243
3989,2.2111018,0.13668802,0.42742016911506653,0.06659995019435883,3.0052724,2.911377
3990,2.165266,0.14615889,0.6975311636924744,0.032583341002464294,3.8455021,2.2315497
3991,2.1916854,0.10243452,0.85,0.05,3.7991655,2.1502814
3992,2.2355776,0.15174012,0.8400481343269348,0.03791338950395584,2.5486486,2.4242737
3993,2.1945467,0.13376608,0.8326584696769714,0.031248202547430992,3.4384258,2.5017505
3994,2.128989,0.13196653,0.85,0.05,4.8421435,1.5306133
3995,2.1383634,0.10962092,0.85,0.05,4.4932423,1.9169191
3996,2.139509,0.13017006,0.8494775891304016,0.04062129929661751,4.7762413,2.4794588
3997,2.2544672,0.13254341,0.8290365934371948,0.05,2.4451523,2.7779126
3998,2.2212424,0.09335328,0.85,0.020129501819610596,3.5596087,2.5784135
3999,2.1159544,0.104589015,0.85,0.05,5.2673416,1.6494548
4000,2.190704,0.111800805,0.85,0.02690080925822258,3.97699,2.2531407
4001,2.1897736,0.11786468,0.85,0.05,3.8868535,2.3868926
4002,2.153058,0.14914192,0.8152162432670593,0.05,3.8399851,2.393447
4003,2.209063,0.09893495,0.7516080141067505,0.017070716246962547,3.783855,2.409706
4004,2.1734827,0.12741059,0.85,0.05,4.489633,2.2562585
4005,2.208062,0.13728043,0.801648736000061,0.05,3.2108674,2.0842936
4006,2.143658,0.064305894,0.85,0.004357834346592426,4.5133457,1.6281055
4007,2.0416074,0.1935965,0.85,0.05,5.6788845,1.3832364
4008,2.1311188,0.11390549,0.85,0.05,4.6754875,1.5719758
4009,2.1268942,0.060660273,0.85,0.03197764232754707,5.605235,1.563885
4010,2.1779976,0.11433082,0.8197808265686035,0.05,3.8053837,2.2455106
4011,2.1636012,0.08826405,0.830438494682312,0.023292914032936096,4.494203,2.1263237
4012,2.1616666,0.1040242,0.85,0.05,4.628545,1.9914188
4013,2.2151022,0.098448284,0.85,0.05,3.743487,2.206119
4014,2.3012543,0.11294765,0.4967217445373535,0.037990354001522064,2.5212603,2.730724
4015,2.1870685,0.15394841,0.8182711005210876,0.05600118264555931,3.1407413,2.7097657
4016,2.210087,0.121369034,0.85,0.05,3.4887152,2.1757076
4017,2.2006183,0.12187873,0.85,0.05,4.140863,2.1806283
4018,2.2244604,0.12223413,0.8112665414810181,0.077674001455307,3.6911435,1.8687544
4019,2.231908,0.14221486,0.828959584236145,0.05,3.1243196,2.397113
4020,2.2007973,0.08298385,0.8203333616256714,0.028828343376517296,3.6425123,1.6662229
4021,2.145732,0.08696728,0.6635158658027649,0.05,5.002686,1.8993064
4022,2.2190084,0.1181351,0.85,0.008083399385213852,3.3945532,2.1367555
4023,2.1687732,0.13626437,0.85,0.008369870483875275,4.040576,2.07772
4024,2.1796508,0.09602953,0.85,0.05,4.035625,2.1330814
4025,2.1782317,0.13050885,0.8295295238494873,0.0019265589071437716,3.9725623,1.8131502
4026,2.195076,0.18835865,0.6952449083328247,0.03909818455576897,3.1644554,2.0488791
4027,2.220462,0.12370361,0.85,0.022316949442029,3.084781,2.0934002
4028,2.1763144,0.06580608,0.703359067440033,0.030472880229353905,3.411343,1.9750684
4029,2.2340555,0.0826185,0.8383126258850098,0.021744336932897568,3.2656069,1.9143134
4030,2.230971,0.12957463,0.85,0.02760462835431099,2.8778875,2.8557475
4031,2.2764962,0.0707448,0.85,0.03716687113046646,2.8111851,2.8343139
4032,2.1757443,0.13390914,0.8026060461997986,0.038281429558992386,3.6284497,2.568596
4033,2.2130463,0.09481027,0.8284130096435547,0.043246686458587646,3.2023292,2.669655
4034,2.247672,0.08723012,0.85,0.01825561188161373,2.889532,2.355229
4035,2.1261628,0.12531619,0.85,0.05,4.209132,1.8000453
4036,2.3123672,0.098098435,0.6221030354499817,0.05,2.0569928,2.6842988
4037,2.2761202,0.14016989,0.48408228158950806,0.0496530681848526,2.30204,2.7916608
4038,2.19848,0.0949218,0.85,0.005492113530635834,3.814376,2.0566447
4039,2.2150612,0.121135704,0.5447402596473694,0.02556532248854637,3.1089196,2.601802
4040,2.234695,0.13362537,0.85,0.014864679425954819,3.0339515,2.3059766
4041,2.1534014,0.07092385,0.85,0.05,4.057324,1.545356
4042,2.2347705,0.12291091,0.85,0.05,2.8100119,2.3227005
4043,2.1815317,0.12790571,0.85,0.05,3.6212974,2.0595713
4044,2.2127407,0.078119636,0.85,0.03475238382816315,4.046677,2.3151512
4045,2.1963677,0.115544125,0.5792415738105774,0.025708405300974846,3.6165705,2.2323203
4046,2.1872146,0.0960898,0.7728183269500732,0.05,4.1907063,2.1620846
4047,2.210427,0.13072023,0.4934675395488739,0.05,2.7871642,2.1902518
4048,2.1648197,0.113995396,0.8067995309829712,0.05085998401045799,4.400506,1.9485539
4049,2.0963418,0.15922059,0.826518177986145,0.023577094078063965,5.1032214,1.3284833
4050,2.1310792,0.06933589,0.85,0.05,4.884253,1.6975709
4051,2.2583246,0.09629062,0.5745871663093567,0.05,2.7079504,2.7602932
4052,2.177251,0.13406385,0.8480430841445923,0.02129528485238552,3.8255818,2.133453
4053,2.213417,0.15984681,0.85,0.02237825281918049,2.9924824,2.7266946
4054,2.1965346,0.16227616,0.3959454894065857,0.019005287438631058,3.2984886,2.2247927
4055,2.21175,0.117817655,0.8305095434188843,0.025680851191282272,3.2822094,2.353614
4056,2.211484,0.08881639,0.85,0.05,3.512722,2.0414867
4057,2.1294568,0.16284537,0.8234112858772278,0.05,4.04189,1.921476
4058,2.217445,0.08350068,0.85,0.017788929864764214,3.687344,2.484607
4059,2.2066903,0.12068852,0.85,0.006493884138762951,3.8661432,2.098612
4060,2.135711,0.11161651,0.5565045475959778,0.04679984599351883,4.7142973,1.7566292
4061,2.1823554,0.09624889,0.8299246430397034,0.037013597786426544,4.115164,1.9449723
4062,2.2418692,0.1435117,0.8257002830505371,0.05,2.661829,2.1692138
4063,2.2230256,0.15778168,0.7407888174057007,0.032097384333610535,2.6488605,2.8541374
4064,2.1105149,0.17395765,0.85,0.05,4.7992706,1.7852846
4065,2.1023722,0.13799219,0.8155650496482849,0.05,5.3295145,1.7101183
4066,2.179866,0.14047387,0.8226622939109802,0.03184731677174568,3.5965202,1.8168391
4067,2.1671462,0.09879385,0.8246920108795166,0.045580875128507614,4.4888425,2.2112474
4068,2.1888692,0.118812025,0.817378044128418,0.05,3.814299,1.863171
4069,2.1105604,0.13536493,0.85,0.05,4.7213564,1.5331812
4070,2.1800108,0.18277034,0.85,0.05,3.58688,2.2648613
4071,2.231941,0.13497111,0.85,0.05,2.8101711,2.323646
4072,2.215558,0.12164424,0.85,0.05,3.4024808,1.9526376
4073,2.1358123,0.13613519,0.85,0.05,4.455334,1.7401729
4074,2.1999943,0.1050229,0.85,0.015017030760645866,3.6573575,2.1649718
4075,2.236911,0.11173671,0.8259743452072144,0.014635425060987473,2.6138828,2.71553
4076,2.127431,0.15395851,0.8308373689651489,0.028572188690304756,4.8509855,1.6275299
4077,2.2023497,0.16815919,0.85,0.05,2.7433484,2.4524262
4078,2.153736,0.08278472,0.7544745802879333,0.05,4.451269,1.710068
4079,2.1959538,0.17914024,0.8382003307342529,0.0317007414996624,3.1900907,2.2235537
4080,2.1930225,0.13191776,0.8093023896217346,0.02449425309896469,3.2851636,2.141415
4081,2.1243393,0.13805325,0.6790305972099304,0.05,4.71768,1.64332
4082,2.3258245,0.115759745,0.7396371364593506,0.010469340719282627,2.2361932,2.421627
4083,2.2720692,0.15143842,0.85,0.05,2.5378704,2.6191907
4084,2.1554213,0.16728838,0.5776623487472534,0.0755508542060852,4.3115134,2.6606658
4085,2.2425375,0.10542337,0.8351300954818726,0.05,2.8159797,2.8712668
4086,2.1078637,0.13287915,0.85,0.05,5.156976,1.4774766
4087,2.2221606,0.15212442,0.826030969619751,0.030638467520475388,2.9732883,2.614937
4088,2.2132716,0.1009193,0.8254384398460388,0.05,3.6715806,2.2742646
4089,2.2091362,0.05978496,0.6608815789222717,0.0043330807238817215,3.6591475,1.9720446
4090,2.1531043,0.07765795,0.85,0.05,4.965439,1.7568958
4091,2.2353086,0.11227382,0.8197574019432068,0.034690532833337784,3.2699118,2.1248918
4092,2.1134167,0.07474828,0.31004342436790466,0.05,4.7148333,1.3294568
4093,2.0834932,0.11275411,0.8264653086662292,0.05,4.9776974,1.5145926
4094,2.2162428,0.19672078,0.6827488541603088,0.027794361114501953,2.7382557,2.725657
4095,2.1717074,0.074260615,0.8344380259513855,0.02469508722424507,4.3923855,1.835078
4096,2.2107687,0.057009257,0.809273898601532,0.03072880581021309,3.3571572,1.8361052
4097,2.2428887,0.061141837,0.85,0.05,2.697937,2.5498245
4098,2.1687746,0.16670783,0.85,0.022038258612155914,3.6049764,2.1411471
4099,2.2285745,0.1126411,0.8407703042030334,0.008273604325950146,2.9656007,2.611475
4100,2.2699256,0.1256264,0.7365742921829224,0.07199254631996155,2.5077698,2.8263888
4101,2.1893551,0.12104383,0.826450526714325,0.05,3.3914409,2.137863
4102,2.1514945,0.15594135,0.8062229156494141,0.05,3.9284759,1.8578646
4103,2.1632657,0.11260197,0.8381284475326538,0.02549433335661888,4.3898764,1.9909406
4104,2.238838,0.060838282,0.6260243654251099,0.05,3.548452,1.9611361
4105,2.166662,0.03144278,0.85,0.05,5.156292,1.5977706
4106,2.191691,0.14383765,0.85,5.3493142331717536e-05,3.4755743,2.3342855
4107,2.2822077,0.09458016,0.6641168594360352,0.06554105132818222,2.5485094,2.4998868
4108,2.1968322,0.12681402,0.85,0.05,3.339385,2.0432203
4109,2.1944208,0.13104282,0.8383246064186096,0.048025358468294144,3.5527458,2.4061725
4110,2.2312725,0.094613686,0.85,0.014449293725192547,3.1236858,2.6664548
4111,2.2051816,0.09162385,0.8016577363014221,0.04723764955997467,3.9272108,2.178451
4112,2.2199752,0.12675636,0.85,0.05,3.2009928,2.2663846
4113,2.144212,0.13300644,0.600875198841095,0.03410695493221283,4.8102903,1.8362486
4114,2.1825554,0.12517048,0.85,0.05,3.9316227,2.562297
4115,2.2728887,0.14976677,0.677726686000824,0.07305479049682617,2.3575945,2.630485
4116,2.1770163,0.12190237,0.7625719904899597,0.052077122032642365,3.8570623,2.645962
4117,2.2499642,0.15471247,0.6034509539604187,0.023459838703274727,2.193519,2.5282974
4118,2.2257156,0.14669317,0.85,0.006373258773237467,2.6929083,2.6956875
4119,2.2452083,0.11841183,0.7478801608085632,0.05,2.6078746,2.2471535
4120,2.2876017,0.114035085,0.35661789774894714,0.07765307277441025,2.3663964,2.2418902
4121,2.1927347,0.13026512,0.6472873687744141,0.025096600875258446,3.5713863,2.446986
4122,2.108229,0.19065514,0.85,0.05,4.4559717,1.8612007
4123,2.181103,0.12174029,0.85,0.05,3.9159837,2.1375926
4124,2.2081878,0.12794313,0.85,0.017208879813551903,3.3135548,2.4200866
4125,2.2052813,0.14439836,0.8400534391403198,0.05,3.4011843,2.7359908
4126,2.116156,0.107740365,0.7013424038887024,0.05,5.2750816,1.531561
4127,2.158501,0.09547241,0.85,0.05,4.6984115,1.9916918
4128,2.2123177,0.12075796,0.85,0.01156197302043438,3.4736886,2.3076472
4129,2.2359853,0.121880785,0.85,0.05,2.7774065,2.6879678
4130,2.2032332,0.08875822,0.85,0.01861676573753357,4.3977385,2.0219803
4131,2.2390983,0.16622676,0.8428295850753784,0.03367970138788223,2.6488113,2.0338218
4132,2.1450062,0.056735225,0.85,0.05,4.9859962,1.4759744
4133,2.1990497,0.14676735,0.85,0.0016752501251176,3.4056475,2.1641295
4134,2.2598202,0.10243254,0.85,0.05,2.8610194,2.2867875
4135,2.1623127,0.1397698,0.6361455917358398,0.023195860907435417,3.9996512,1.8183
4136,2.220125,0.10284174,0.8331305980682373,0.019155362620949745,3.5149348,2.377003
4137,2.2108665,0.15852158,0.5849703550338745,0.03864147886633873,3.0311232,2.223606
4138,2.1380534,0.087400004,0.85,0.023635363206267357,4.586215,1.584178
4139,2.1978316,0.15098988,0.7227722406387329,0.028718749061226845,3.304275,2.2215319
4140,2.1190977,0.12386006,0.85,0.0023694257251918316,4.724208,1.7299292
4141,2.130593,0.1372825,0.85,0.05,4.6918297,1.7914765
4142,2.1830962,0.1073677,0.5848003029823303,0.03908471390604973,3.816607,2.110899
4143,2.2111218,0.09269419,0.8429409265518188,0.05,3.1940858,2.5355194
4144,2.1845648,0.06622971,0.7247399091720581,0.04427986964583397,4.0152884,1.8179044
4145,2.1636379,0.1168561,0.8272991180419922,0.03843006491661072,4.0224195,2.2177436
4146,2.1325107,0.10502895,0.85,0.0032489171717315912,4.8058047,1.8201302
4147,2.2018487,0.10485639,0.7231888771057129,0.05,3.2069366,2.1519287
4148,2.2613523,0.105765894,0.6536980271339417,0.028631895780563354,2.7815022,2.1285872
4149,2.0841582,0.07632411,0.832125186920166,0.06429379433393478,5.9673257,1.8724887
4150,2.2350998,0.08306867,0.85,0.012179438956081867,2.8264496,2.2464485
4151,2.334986,0.10947606,0.4720280170440674,0.028520556166768074,2.0278456,2.6227827
4152,2.2471945,0.115171224,0.85,0.022606074810028076,2.9256377,2.3620365
4153,2.1931236,0.07352116,0.7995386123657227,0.06106465309858322,3.9826653,2.5089433
4154,2.1504815,0.103039496,0.85,0.05,4.4643364,1.5537249
4155,2.1783447,0.13146305,0.85,0.05,3.9636862,2.2952418
4156,2.0872293,0.10446051,0.85,0.05,5.3188024,1.5277569
4157,2.1100957,0.08641249,0.704635500907898,0.04346518963575363,5.083358,1.4137936
4158,2.1897972,0.09616954,0.85,0.03264165297150612,4.210554,2.0184343
4159,2.1479723,0.10130344,0.8425090312957764,0.05,4.4046736,1.5934434
4160,2.132939,0.1739531,0.8314894437789917,0.05,4.872447,1.797713
4161,2.2116272,0.15620083,0.8083691596984863,0.05,3.102007,2.1788394
4162,2.1509447,0.15509345,0.85,0.02323485165834427,4.3920274,2.430025
4163,2.0437825,0.123326614,0.85,0.03438005968928337,7.2309346,1.5283511
4164,2.204718,0.12742689,0.85,0.05,3.432658,2.0648391
4165,2.2311685,0.077805206,0.85,0.05,3.3978307,2.3557727
4166,2.166285,0.1431223,0.85,0.009137991815805435,3.9297569,2.4073844
4167,2.2126782,0.0922513,0.8204957842826843,0.03635081648826599,3.4517586,2.2528389
4168,2.2303286,0.088690326,0.85,0.05,3.1465738,2.6085088
4169,2.164631,0.10147642,0.85,0.05,4.162251,2.129494
4170,2.1169388,0.10052063,0.85,0.05,4.869871,1.4795021
4171,2.183625,0.18777478,0.85,0.02541922777891159,3.5415022,2.5116658
4172,2.100426,0.16706994,0.85,0.05,5.1847067,1.597491
4173,2.1636713,0.14369696,0.85,0.05,4.282515,2.0463588
4174,2.1361077,0.13070148,0.7967922687530518,0.014424017630517483,4.7975497,1.770049
4175,2.21347,0.13163492,0.6434300541877747,0.05,3.1397393,2.4789963
4176,2.1320348,0.111138016,0.85,0.020695019513368607,5.1341996,1.7101012
4177,2.230349,0.13589811,0.85,0.02592899650335312,3.2915184,2.4621842
4178,2.2320642,0.15658972,0.8496969938278198,0.04243128001689911,2.8495848,2.5339363
4179,2.2177446,0.13257352,0.85,0.05,3.1019166,2.2058399
4180,2.2179093,0.063486,0.6269078850746155,0.029283415526151657,3.8527265,2.464917
4181,2.1705334,0.12176738,0.8069703578948975,0.05,4.012562,2.4338164
4182,2.1722867,0.095921576,0.85,0.001607030862942338,4.4893975,1.7450659
4183,2.104421,0.12798572,0.85,0.05,5.17433,1.529672
4184,2.1729987,0.10602705,0.837607741355896,0.01185626070946455,4.038847,1.9223831
4185,2.1628785,0.08488816,0.788787305355072,0.006264122202992439,4.641608,1.7709008
4186,2.1447847,0.09471603,0.3418178856372833,0.05,4.4704695,1.6577481
4187,2.216512,0.13087688,0.8345674276351929,0.05,3.1082373,2.4603992
4188,2.2549138,0.11784291,0.8493545055389404,0.05,2.8755085,2.7426124
4189,2.0974574,0.14149572,0.7204481959342957,0.025903470814228058,4.661925,1.440367
4190,2.1779253,0.16887441,0.85,0.039797086268663406,3.8749626,2.0958447
4191,2.219907,0.089763336,0.8215649724006653,0.05,3.3927026,2.2049341
4192,2.1660852,0.12323192,0.8302972912788391,0.05,4.21453,1.9314351
4193,2.1626668,0.13267365,0.7961713075637817,0.010466800071299076,4.095069,1.9752908
4194,2.2452493,0.07322702,0.7880926728248596,0.017767591401934624,2.9565926,2.2556832
4195,2.2332747,0.09221438,0.8146882057189941,0.05149766802787781,3.3153706,2.0695932
4196,2.2483582,0.10692316,0.6749943494796753,0.062135446816682816,2.839567,2.4702077
4197,2.2632806,0.098183684,0.85,0.04127591848373413,2.8413436,2.2958806
4198,2.194522,0.13250734,0.85,0.006590808741748333,3.945401,2.0533705
4199,2.3192177,0.15202442,0.5567183494567871,0.06926581263542175,2.027129,2.7363155
4200,2.210005,0.13050903,0.39970457553863525,0.01845877431333065,2.9294288,2.6855433
4201,2.1654139,0.07490552,0.85,0.05,4.7076116,1.8741472
4202,2.1786654,0.07865151,0.8347697257995605,0.04698915407061577,4.4152675,2.6187203
4203,2.2387938,0.10421308,0.6337153911590576,0.05,3.1125429,2.2902203
4204,2.1416962,0.1523105,0.08974894136190414,0.19374233484268188,6.72812,2.5379238
4205,2.1513288,0.085159995,0.85,0.05,4.629796,1.8458117
4206,2.1331296,0.1021908,0.85,0.05,5.0279484,1.4976778
4207,2.1422443,0.134037,0.8352077603340149,0.008051380515098572,4.3098807,1.8741707
4208,2.1646037,0.105190486,0.8241055011749268,0.03644043952226639,4.0728207,1.9642309
4209,2.2498677,0.11427546,0.85,0.05,3.0574882,2.2765973
4210,2.211195,0.12507051,0.8286920189857483,0.046591565012931824,3.357956,2.2642298
4211,2.249209,0.08251681,0.8154646754264832,0.025789259001612663,2.9967954,2.091745
4212,2.1968133,0.15260373,0.85,0.05,3.3031647,2.433668
4213,2.1989877,0.122250125,0.8193562626838684,0.016543295234441757,3.7015429,2.1400583
4214,2.2542965,0.06160847,0.8196459412574768,0.011537326499819756,3.0641546,2.329593
4215,2.1100957,0.13794197,0.85,0.05,4.9239964,1.3412269
4216,2.3099525,0.11065796,0.7676859498023987,0.05301231890916824,2.3092968,2.2664647
4217,2.2641368,0.11734267,0.85,0.05,2.474504,2.5167427
4218,2.1811924,0.06351217,0.8310009241104126,0.05,4.205888,2.0210187
4219,2.2608123,0.058679137,0.5364745259284973,0.04583379253745079,2.7735484,2.1763587
4220,2.1505198,0.09974705,0.85,0.011971717700362206,4.7188487,1.8085245
4221,2.2679775,0.111967295,0.8152586817741394,0.04345740005373955,2.5207243,2.1671135
4222,2.1668353,0.12673905,0.6375541090965271,0.014560455456376076,4.012203,1.9958216
4223,2.2474535,0.10262225,0.85,0.03097197599709034,2.9087968,2.5185316
4224,2.2471204,0.0681282,0.8452021479606628,0.028080595657229424,3.0729218,2.108406
4225,2.1642902,0.13772376,0.85,0.023843420669436455,3.9714122,2.8773386
4226,2.138836,0.09799107,0.8151044249534607,0.05,4.8144574,1.7961128
4227,2.2221527,0.1379881,0.85,0.01917455345392227,3.2481534,2.4605443
4228,2.2317276,0.16187663,0.85,0.027091365307569504,2.490108,2.6160755
4229,2.2457695,0.13139962,0.85,0.018161429092288017,2.3829436,2.5498707
4230,2.1439013,0.1650679,0.85,0.01009022630751133,4.3491783,2.0083127
4231,2.2462652,0.10233109,0.8060323596000671,0.05,2.4720173,2.4372807
4232,2.2234828,0.17579946,0.5087583065032959,0.06636516749858856,2.4312983,2.8894808
4233,2.1743965,0.068564296,0.8086716532707214,0.05,4.1248603,1.6245236
4234,2.207497,0.050179154,0.85,0.05,3.748239,2.0177999
4235,2.2843235,0.1131148,0.6433948278427124,0.05,2.2347722,2.208312
4236,2.2504709,0.16881795,0.85,0.005583568941801786,2.5014412,2.310296
4237,2.2052596,0.17578608,0.85,0.037600453943014145,3.2349489,2.7516892
4238,2.081012,0.16725336,0.8319140076637268,0.045595306903123856,5.2406387,1.576502
4239,2.2149386,0.12395644,0.8333123326301575,0.029801150783896446,2.945494,2.0959282
4240,2.1755207,0.113906145,0.85,0.004186398349702358,3.4546983,2.106732
4241,2.2131622,0.10748533,0.8342710733413696,0.05,3.6576025,2.2942228
4242,2.1360292,0.16694406,0.8274537324905396,0.018074247986078262,4.4440417,2.013516
4243,2.1479702,0.17555995,0.85,0.05,3.748636,2.0942998
4244,2.054492,0.1369039,0.85,0.05,6.402911,1.4157046
4245,2.1942549,0.108542904,0.85,0.0024331710301339626,4.0020113,1.8999951
4246,2.1705477,0.16693828,0.8237348198890686,0.05027732253074646,3.7073443,2.5423698
4247,2.1952896,0.13421267,0.8136686682701111,0.03643389791250229,3.5274894,1.9205245
4248,2.2307954,0.07210702,0.85,0.05,3.3916702,2.3229609
4249,2.189331,0.1527163,0.8423449397087097,0.018640274181962013,3.5246809,1.964498
4250,2.1664104,0.11721626,0.85,0.003626177553087473,4.766318,2.0084584
4251,2.10377,0.15829875,0.808372974395752,0.05,5.1211505,1.7210355
4252,2.1667135,0.12087426,0.8164320588111877,0.03454058617353439,4.103403,2.8984444
4253,2.2679722,0.06469832,0.7017678618431091,0.035943061113357544,2.407169,2.7510424
4254,2.2499895,0.16805592,0.8246134519577026,0.05,2.2003474,2.693428
4255,2.1302621,0.1279025,0.85,0.0038206633180379868,4.5754404,1.5846827
4256,2.0748239,0.1308305,0.85,0.029019063338637352,5.9964437,1.727035
4257,2.2391572,0.07335559,0.85,0.02179674245417118,3.117269,2.7882535
4258,2.2320979,0.12444725,0.8254682421684265,0.046168431639671326,3.0710392,2.171241
4259,2.1745973,0.15086754,0.6031807065010071,0.04743827134370804,3.8606274,2.5620375
4260,2.1398256,0.12917627,0.833946168422699,0.0415298230946064,4.7424955,1.9165817
4261,2.100755,0.09446356,0.8245232105255127,0.028892504051327705,5.2871976,1.4269831
4262,2.1894648,0.054256894,0.5429678559303284,0.042366236448287964,4.389879,2.328415
4263,2.2432604,0.13529146,0.8398850560188293,0.041831664741039276,2.9201584,2.5248706
4264,2.1747851,0.08705563,0.8097015619277954,0.05,4.1116905,1.7267933
4265,2.2776215,0.117497034,0.85,0.012571295723319054,2.214089,2.7771683
4266,2.2383657,0.076436296,0.85,0.05,3.2771018,2.1853073
4267,2.1093187,0.113900185,0.85,0.05,4.827687,1.349977
4268,2.1559176,0.16003118,0.85,0.02111668325960636,3.9299183,2.2337942
4269,2.1649573,0.14646123,0.85,0.021406762301921844,4.191794,2.223507
4270,2.1383512,0.14455174,0.8048866391181946,0.019171861931681633,4.7311573,1.7835081
4271,2.2491715,0.11711834,0.85,0.05,2.4580526,2.3643427
4272,2.295603,0.10061343,0.41772496700286865,0.06311532855033875,2.186947,2.8407593
4273,2.1875541,0.14975005,0.8353461027145386,0.0242057703435421,3.425748,2.0837781
4274,2.1661785,0.12936598,0.85,0.05,4.285871,2.1317153
4275,2.1280599,0.08017683,0.8213575482368469,0.04441945627331734,4.988129,1.6449358
4276,2.1337128,0.10515628,0.7802188992500305,0.03919322043657303,4.7192693,1.6319427
4277,2.201454,0.11478049,0.6149400472640991,0.0704609602689743,3.5309932,2.1176054
4278,2.2497764,0.13649315,0.85,0.01324260700494051,2.4816926,2.4936094
4279,2.1430225,0.13437128,0.85,0.05,4.393721,1.7974628
4280,2.1383424,0.1061896,0.83906090259552,0.027271641418337822,4.57929,1.9248637
4281,2.1555026,0.1498453,0.6296886205673218,0.029434528201818466,4.3027296,2.023476
4282,2.145738,0.12035019,0.8357805013656616,0.04040532931685448,4.5081525,1.7877083
4283,2.101691,0.08910594,0.7688048481941223,0.005591521970927715,5.352602,1.4526701
4284,2.1640513,0.16275766,0.85,0.04310231655836105,4.0537696,2.2797523
4285,2.1259453,0.124872446,0.85,0.023445235565304756,4.8068495,2.0486715
4286,2.2106144,0.16595225,0.8234089016914368,0.06497357040643692,3.107121,2.7484202
4287,2.089608,0.1464195,0.85,0.05,5.384779,1.3773851
4288,2.1260223,0.1251713,0.8122131824493408,0.047413259744644165,5.002455,1.784799
4289,2.1452115,0.11540961,0.85,0.013251405209302902,4.3945823,1.6085585
4290,2.1076086,0.123211384,0.85,0.05,4.816167,1.6117072
4291,2.2403843,0.15959162,0.8435208797454834,0.03058440051972866,2.5276113,2.7822142
4292,2.1881433,0.12133484,0.7658239603042603,0.05,3.8882077,2.5937977
4293,2.0993693,0.13015139,0.85,0.05,5.375297,1.7085471
4294,2.2199318,0.109099366,0.7949934005737305,0.04745209962129593,3.9773655,2.4918458
4295,2.223734,0.1614364,0.8449603319168091,0.05,2.9622922,2.4852548
4296,2.1651988,0.20224218,0.3868034780025482,0.1880289763212204,5.0378127,2.8040628
4297,2.176231,0.1544834,0.85,0.05,3.6836505,1.9492954
4298,2.1502783,0.13928223,0.8346516489982605,0.03808186948299408,4.118081,2.285678
4299,2.2262895,0.098780304,0.5870962738990784,0.04692070558667183,3.0872338,2.2014017
4300,2.1745305,0.13293387,0.7329025268554688,0.0436435341835022,3.938384,2.3378556
4301,2.1551783,0.13095881,0.7456138134002686,0.05,4.4545712,1.9293187
4302,2.2393022,0.1247074,0.2682279050350189,0.03321797773241997,2.9836895,2.1968203
4303,2.1663845,0.13436793,0.85,0.016039438545703888,4.3019385,2.093416
4304,2.1926625,0.07648358,0.8228675723075867,0.05,3.9134407,2.345109
4305,2.1490903,0.14781888,0.85,0.05,4.62009,2.0126696
4306,2.2130938,0.117831595,0.85,0.036179229617118835,3.6231906,2.6052635
4307,2.162476,0.10535003,0.5760769248008728,0.05,3.841658,2.005873
4308,2.2104158,0.09457072,0.5662360787391663,0.032775089144706726,3.6509304,2.5535126
4309,2.1316123,0.10919989,0.85,0.05,4.398419,1.667625
4310,2.2250023,0.11165396,0.85,0.018161071464419365,3.328412,2.5809896
4311,2.2777176,0.12957975,0.85,0.05,2.1850042,2.7831266
4312,2.1809897,0.12924609,0.85,0.02693849243223667,4.0018167,2.720574
4313,2.1328228,0.121120475,0.85,0.05,4.7087746,1.6142428
4314,2.2099538,0.10700544,0.85,0.03910859301686287,3.6677585,2.5208325
4315,2.1959727,0.14371118,0.85,0.05,3.3986611,2.256195
4316,2.2745736,0.13469969,0.6683178544044495,0.05,2.438841,2.4063046
4317,2.100135,0.12823667,0.85,0.014592776075005531,5.095643,1.7203931
4318,2.1757355,0.13072833,0.85,0.05,4.0986896,2.2470615
4319,2.27154,0.13766208,0.85,0.019727859646081924,2.3880038,2.480013
4320,2.2046947,0.13135545,0.85,0.05,3.7754562,2.1919558
4321,2.215729,0.078485906,0.7783711552619934,0.045268453657627106,3.3286495,2.229246
4322,2.133531,0.047061425,0.8483892679214478,0.055348169058561325,5.2756157,1.6293759
4323,2.1726692,0.05499127,0.85,0.05,4.446722,1.6601665
4324,2.197888,0.12623528,0.5389835238456726,0.05,3.272313,1.883786
4325,2.1925836,0.118423566,0.8036916851997375,0.02948516607284546,3.6588619,2.1209388
4326,2.256524,0.113958046,0.49519139528274536,0.04214412719011307,2.5381858,2.390283
4327,2.080977,0.14998135,0.85,0.05,5.401426,1.496739
4328,2.2545817,0.13239144,0.8451142907142639,0.04012986272573471,2.6104352,2.6452112
4329,2.1433928,0.112267986,0.85,0.05,4.111914,2.0200448
4330,2.1600788,0.119104125,0.85,0.05,4.2183886,2.0093374
4331,2.1695907,0.11411227,0.85,0.014691890217363834,4.4852896,1.8203976
4332,2.2345827,0.13337809,0.8115004897117615,0.05083201080560684,2.9446285,2.662736
4333,2.152416,0.14623934,0.7436960339546204,0.022093335166573524,4.074921,1.8443108
4334,2.1614761,0.19578627,0.85,0.05,3.9591072,2.2271726
4335,2.2692885,0.10211268,0.7383707761764526,0.04541286826133728,2.4110649,2.5160046
4336,2.2271605,0.09052973,0.85,2.5546874894644134e-05,3.336367,2.122704
4337,2.189975,0.13227457,0.8175512552261353,0.03618260845541954,3.4941962,2.1675127
4338,2.2342913,0.12090616,0.85,0.05,3.6474028,2.211317
4339,2.2146947,0.083683185,0.8256101608276367,0.05624214559793472,3.5288844,2.3809266
4340,2.1047382,0.14124115,0.85,0.05,5.117953,1.4701686
4341,2.055178,0.14472836,0.85,0.018760571256279945,5.8024344,1.2753674
4342,2.1888762,0.14908049,0.8351506590843201,0.041432369500398636,3.487484,2.5923593
4343,2.182352,0.12559216,0.7651626467704773,0.04709776118397713,3.5345676,2.6257908
4344,2.1648488,0.07848073,0.6910638213157654,0.040975410491228104,4.5711603,2.0469296
4345,2.1044037,0.17402494,0.85,0.05,5.0568805,1.6989179
4346,2.1715384,0.096297085,0.85,0.03626428544521332,4.2283382,2.5653477
4347,2.2363129,0.1136972,0.5647556781768799,0.05,3.0043137,2.2461038
4348,2.208828,0.09381586,0.85,0.05,3.8626242,2.0293257
4349,2.3298717,0.087487824,0.6037091016769409,0.038986191153526306,2.1008673,2.8654242
4350,2.254057,0.09001352,0.85,0.03848687559366226,2.9328325,2.5702748
4351,2.1960993,0.115591235,0.85,0.05,4.0722528,2.4169052
4352,2.1113074,0.13591263,0.814513623714447,0.038308802992105484,4.969481,1.901077
4353,2.2169225,0.0902433,0.85,0.05,3.6937623,2.3147612
4354,2.149341,0.10742019,0.8198287487030029,0.03047734685242176,4.475349,2.09906
4355,2.1694224,0.1154587,0.8236693143844604,0.035093922168016434,3.9897637,2.2285826
4356,2.1575153,0.11982046,0.8180381655693054,0.033792417496442795,4.371928,2.0344288
4357,2.180969,0.12170868,0.85,0.05,3.893025,2.023762
4358,2.2049868,0.065489694,0.7258443832397461,0.03927021473646164,4.2051644,1.9049762
4359,2.1630688,0.1383604,0.85,0.05,4.3321633,2.1179004
4360,2.1453457,0.07201319,0.8015437126159668,0.05,4.05048,1.4510168
4361,2.0925295,0.14327951,0.604245662689209,0.025870800018310547,5.112799,1.7833892
4362,2.2148561,0.10853986,0.7047604918479919,0.04198304936289787,3.1157587,2.3266656
4363,2.1374218,0.074076705,0.835015594959259,0.017192523926496506,5.0714726,1.4812688
4364,2.213477,0.10478485,0.85,0.02699955180287361,3.8826308,2.384588
4365,2.2138991,0.12709664,0.85,0.013310175389051437,3.2434359,2.4205942
4366,2.0834606,0.09987337,0.8381561040878296,0.020540442317724228,6.149339,1.5681536
4367,2.1700454,0.11099796,0.85,0.05,4.024014,1.6720678
4368,2.255864,0.11057187,0.824816107749939,0.0584142692387104,2.8273726,2.4831297
4369,2.2046847,0.10281368,0.85,0.05,3.1584923,2.4898772
4370,2.1321087,0.07070503,0.85,0.05,5.1936016,1.574654
4371,2.2466154,0.07851317,0.85,0.05,3.1985347,2.2091336
4372,2.121471,0.13663471,0.827003002166748,0.05,4.748848,1.5917265
4373,2.225907,0.102044165,0.8285060524940491,0.02049293927848339,3.5200977,2.306668
4374,2.2094076,0.10647641,0.85,0.05,3.2487466,2.0839665
4375,2.2320337,0.040918835,0.8461006879806519,0.05,3.905873,2.0069735
4376,2.2190585,0.06242009,0.8107837438583374,0.04083418846130371,3.7385504,1.765728
4377,2.1679804,0.056803305,0.85,0.019366491585969925,4.076713,1.6789631
4378,2.212731,0.12621236,0.85,0.05,3.5586152,2.2076538
4379,2.1946087,0.13350907,0.85,0.016669590026140213,3.3886442,2.1436677
4380,2.159692,0.12461698,0.85,0.05,4.4950747,2.0655968
4381,2.2477486,0.088504136,0.8122583031654358,0.05,2.74916,2.662141
4382,2.1337745,0.13103196,0.85,0.05,4.4926233,2.036215
4383,2.0886762,0.16794774,0.7697707414627075,0.03780493885278702,5.1470585,1.4799485
4384,2.2344415,0.12958188,0.838191032409668,0.05009666085243225,3.1810215,2.595584
4385,2.1718645,0.11080904,0.85,0.017552046105265617,4.2798734,2.1539624
4386,2.2001894,0.14378841,0.8208265900611877,0.05,3.0830333,2.217399
4387,2.1833928,0.0925605,0.732001543045044,0.02337014488875866,4.0372972,2.090466
4388,2.2057765,0.13642707,0.85,0.01304730586707592,3.3960118,2.1490018
4389,2.1932194,0.14616011,0.85,0.05,3.4568264,1.8237188
4390,2.1723306,0.13883564,0.8093336224555969,0.008546602912247181,3.6624484,1.9649457
4391,2.1992428,0.16021936,0.8308336734771729,0.022897621616721153,3.1682148,2.191381
4392,2.1414952,0.093711,0.85,0.05,4.9067516,1.5309138
4393,2.2165215,0.1605261,0.757516622543335,0.025365354493260384,2.6149027,2.3078828
4394,2.1748645,0.06892483,0.85,0.05,4.335251,1.8571678
4395,2.2746365,0.10817112,0.8103579878807068,0.05,2.339266,2.020408
4396,2.2588239,0.10028047,0.3120572865009308,0.026249943301081657,2.4064834,2.89912
4397,2.1903102,0.16934283,0.843718945980072,0.048098012804985046,3.6094904,2.8209352
4398,2.1955783,0.11810189,0.85,0.012187950313091278,3.7797656,2.0574784
4399,2.2208874,0.15538771,0.85,0.019157659262418747,2.758581,2.2987294
4400,2.190895,0.10840321,0.85,0.00648949621245265,3.5428457,1.9570568
4401,2.164233,0.15961544,0.85,0.05,4.069405,2.28487
4402,2.191807,0.13753703,0.8265238404273987,0.05,3.1269407,2.0960307
4403,2.1574275,0.066272765,0.7929346561431885,0.044973015785217285,4.249286,1.8487275
4404,2.198533,0.124995075,0.85,0.05,3.4293993,2.1237936
4405,2.2270348,0.0711196,0.8279096484184265,0.05,2.7377465,2.1714716
4406,2.2829986,0.114447705,0.8325048089027405,0.04512631893157959,2.61833,2.6470542
4407,2.220407,0.1429793,0.85,0.05,2.7372684,2.5072944
4408,2.1970334,0.09501353,0.85,0.05,3.447189,2.8321981
4409,2.1236932,0.06939592,0.8433073163032532,0.04367425665259361,5.431879,1.6349081
4410,2.3276556,0.11272387,0.4720481336116791,0.044235315173864365,2.019434,2.5669582
4411,2.1419027,0.17058395,0.8435268402099609,0.025506259873509407,4.3337235,2.0507176
4412,2.1513016,0.12544072,0.8346542119979858,0.05,3.866927,1.786976
4413,2.214098,0.11740139,0.7160806059837341,0.05,3.409887,2.5034645
4414,2.1601794,0.13889498,0.7839894890785217,0.05,3.645087,2.0986505
4415,2.222383,0.12361111,0.8343193531036377,0.05106449872255325,3.2295206,2.6836877
4416,2.1488879,0.13492094,0.7435252666473389,0.05,4.473222,1.8951662
4417,2.174523,0.12146601,0.85,0.05,4.042147,1.9143904
4418,2.1500573,0.0843386,0.85,0.03096025064587593,4.527651,1.8052044
4419,2.1975036,0.12527041,0.673834502696991,0.04094166308641434,3.053134,2.827579
4420,2.194142,0.063880704,0.85,0.05,4.6672,2.119906
4421,2.2575543,0.095458634,0.85,0.017122872173786163,2.7794404,2.7325497
4422,2.1704848,0.14969671,0.85,0.05,4.0361567,1.7416633
4423,2.2060935,0.12428985,0.7856739163398743,0.05,3.4806163,2.1714754
4424,2.1910164,0.10516793,0.85,0.05,3.7917686,2.6515524
4425,2.1174319,0.19414018,0.85,0.05,4.667524,2.0539012
4426,2.1884794,0.15340903,0.85,0.05,3.3650944,2.7248764
4427,2.102053,0.09646764,0.8457635641098022,0.020517228171229362,5.396588,1.5922762
4428,2.254158,0.10267143,0.5659015774726868,0.04262034595012665,2.8015177,2.656353
4429,2.308057,0.0884832,0.7181294560432434,0.044228628277778625,2.3165312,2.759423
4430,2.1306388,0.11336409,0.8308959007263184,0.006729609332978725,4.892229,1.8336704
4431,2.126567,0.12187855,0.8472913503646851,0.039540816098451614,5.2215405,2.1051075
4432,2.195252,0.08958189,0.85,0.05,4.369361,1.9976653
4433,2.17209,0.1634024,0.828621506690979,0.05,3.4398506,2.509859
4434,2.196547,0.076941684,0.85,0.05,4.087368,2.0806108
4435,2.1648052,0.076913804,0.7590183615684509,0.026198888197541237,4.8434343,1.8499573
4436,2.1598268,0.1175181,0.85,0.05,3.9138358,2.0767121
4437,2.2304242,0.18522587,0.8107971549034119,0.022444961592555046,2.6997569,2.5589828
4438,2.275023,0.11821883,0.8415002226829529,0.025911502540111542,2.437445,2.675737
4439,2.262033,0.09554582,0.85,0.05,2.6025167,2.7505295
4440,2.1528132,0.1638461,0.719552218914032,0.039937131106853485,3.9383256,1.846875
4441,2.1799893,0.09340988,0.8072725534439087,0.03038838319480419,4.012895,1.8501819
4442,2.2173455,0.12521005,0.5001363754272461,0.07026737928390503,3.0603254,2.4030385
4443,2.1642382,0.13770895,0.85,0.05,4.001228,2.2008781
4444,2.1335332,0.13047475,0.85,0.019023677334189415,4.7957745,2.0717647
4445,2.142604,0.11457846,0.8133704662322998,0.0195713359862566,5.111281,1.6278744
4446,2.1691773,0.1596481,0.829478919506073,0.05,3.7352493,2.1206348
4447,2.238585,0.1123301,0.5650052428245544,0.05,2.8813472,2.4458463
4448,2.172444,0.13003466,0.762668251991272,0.04049435257911682,4.094994,2.0019484
4449,2.2458344,0.12414798,0.85,0.05,2.7116537,2.6854522
4450,2.2199676,0.10418007,0.8253409266471863,0.012289019301533699,2.8398259,2.492325
4451,2.1476161,0.12026309,0.85,0.05,4.5518856,1.9091016
4452,2.1712046,0.12009625,0.8293579816818237,0.012069937773048878,3.5046308,1.8368119
4453,2.2005098,0.10324157,0.85,0.038328275084495544,4.048362,2.4104552
4454,2.1460323,0.1416469,0.819639265537262,0.01886603608727455,4.069294,2.290652
4455,2.2630439,0.09897628,0.828628659248352,0.03330690786242485,2.7626097,2.260946
4456,2.2166533,0.17096737,0.549565851688385,0.03166458383202553,2.5367997,2.775613
4457,2.168566,0.12209133,0.85,0.037983238697052,4.1073265,2.0650744
4458,2.2027676,0.13469777,0.85,0.01941482536494732,3.6335726,2.1880639
4459,2.2586164,0.087099455,0.8245314359664917,0.019092518836259842,2.559826,2.6307507
4460,2.3115964,0.118898205,0.7619553208351135,0.05849766358733177,2.2068899,2.874362
4461,2.1254377,0.14836437,0.85,0.05,4.7136536,2.1437116
4462,2.2060175,0.12803896,0.7658849358558655,0.014778843149542809,3.297335,2.2265718
4463,2.1883483,0.086937234,0.8210861086845398,0.0007866389350965619,4.169524,2.1568768
4464,2.148983,0.09749178,0.85,0.05,5.0111756,2.064552
4465,2.202653,0.15324846,0.7378537654876709,0.08688816428184509,3.50717,2.9122128
4466,2.1753633,0.175268,0.8390493392944336,0.05,3.3656964,2.2628956
4467,2.103227,0.16202672,0.85,0.05,5.1241474,1.5219864
4468,2.0839498,0.17196187,0.85,0.05,5.122213,1.5328957
4469,2.1525671,0.12438571,0.8429287672042847,0.05,4.775581,2.0845454
4470,2.1611338,0.16477986,0.85,0.035052403807640076,3.9116795,2.160861
4471,2.1862803,0.12753947,0.8316962122917175,0.05,3.855176,2.53745
4472,2.1641395,0.12654047,0.8307480812072754,0.034417957067489624,4.633388,2.6913538
4473,2.1630697,0.10692281,0.1948619782924652,0.042562320828437805,4.01639,2.0064876
4474,2.1279142,0.13172032,0.8264560699462891,0.024000925943255424,4.5341043,1.5361401
4475,2.1850095,0.09046423,0.85,0.05,4.1123877,1.762549
4476,2.109734,0.13327736,0.8132053017616272,0.04734516888856888,4.910876,1.7124376
4477,2.195527,0.1017129,0.8355687856674194,0.03310299292206764,3.8696756,2.097931
4478,2.2511995,0.16921252,0.85,0.05,2.6794975,2.4430032
4479,2.180805,0.10326704,0.8079357743263245,0.00891672633588314,4.051888,2.383318
4480,2.1426947,0.11381685,0.85,0.007526041939854622,4.210346,1.5830806
4481,2.2140443,0.13426127,0.85,0.05,2.9877837,2.5026019
4482,2.2737346,0.1108994,0.5123361945152283,0.07729700207710266,2.3093739,2.5838306
4483,2.2234957,0.035479467,0.8360568881034851,0.05,3.757172,1.8849161
4484,2.1810842,0.110933125,0.6803559064865112,0.05,4.087727,2.030442
4485,2.1619606,0.07454276,0.85,0.009280730038881302,4.256693,2.1463509
4486,2.20905,0.110978514,0.8327558636665344,0.017916928976774216,3.3704653,2.461868
4487,2.2218442,0.10361148,0.85,0.05,2.865937,2.5494077
4488,2.2211642,0.11291514,0.85,0.0046961959451437,3.5022233,2.202929
4489,2.185389,0.14161865,0.847800612449646,0.01705719530582428,3.8893213,2.0424643
4490,2.166826,0.17295307,0.85,0.05,3.9661043,2.306973
4491,2.1661592,0.09468823,0.85,0.05,4.4767156,2.1980326
4492,2.1386518,0.08601704,0.85,0.05,5.293759,1.5839483
4493,2.2666433,0.13250534,0.8160723447799683,0.015729259699583054,2.211837,2.651885
4494,2.205714,0.123899184,0.812027096748352,0.020180892199277878,3.4795022,2.5020733
4495,2.1679592,0.08410487,0.8490070700645447,0.019571106880903244,4.7374005,1.8669647
4496,2.2169497,0.089975245,0.7835320234298706,0.0019962815567851067,3.322626,2.107725
4497,2.1119256,0.13545926,0.8162806630134583,0.02086024172604084,4.968524,2.296142
4498,2.1928205,0.1451378,0.5094388127326965,0.012197564356029034,3.365242,2.3874216
4499,2.328441,0.10397842,0.6389228105545044,0.052852876484394073,2.115772,2.6278064
4500,2.2033453,0.12634572,0.85,0.03268836811184883,3.7546425,2.3634534
4501,2.220311,0.14634717,0.8240154981613159,0.05,2.7691286,2.6908836
4502,2.1476169,0.10770834,0.8247289657592773,0.05,4.511845,1.8090929
4503,2.2003798,0.15348837,0.85,0.05,3.2587278,2.1894228
4504,2.1689322,0.116012104,0.5993040800094604,0.03212704509496689,4.846321,2.525938
4505,2.2159371,0.11685699,0.85,0.05,3.3636367,2.3895407
4506,2.0864944,0.13243298,0.85,0.042745545506477356,5.559755,2.2510276
4507,2.2801225,0.14808036,0.8409984707832336,0.05,2.2883024,2.4298267
4508,2.1736977,0.09569968,0.85,0.02089814655482769,4.4249587,1.8645688
4509,2.1484885,0.1179637,0.85,0.05,4.036244,2.1073995
4510,2.1501856,0.08179462,0.8320409655570984,0.05,3.7002838,1.6245254
4511,2.1609795,0.1439721,0.85,0.05,3.9989822,2.1309566
4512,2.1887903,0.13161843,0.85,0.026073617860674858,3.4905953,2.345258
4513,2.2212396,0.06773165,0.8179252743721008,0.05,3.6074479,2.1151693
4514,2.164782,0.10457219,0.7865801453590393,0.023093538358807564,4.5966945,2.0245163
4515,2.200574,0.099753596,0.85,0.02961454726755619,3.8471437,2.3491383
4516,2.072201,0.15973718,0.85,0.05,5.5887904,1.3871607
4517,2.2154121,0.098679684,0.5137556195259094,0.05436696857213974,3.4971852,2.2509024
4518,2.1612675,0.10361211,0.8009889721870422,0.018732989206910133,4.361072,1.8990542
4519,2.1798851,0.12412249,0.8420524597167969,0.009562146849930286,3.8940928,2.4261024
4520,2.1795382,0.0844427,0.85,0.017478149384260178,4.494403,1.7654518
4521,2.174201,0.09103963,0.8233463764190674,0.05,4.35486,2.5751593
4522,2.1785173,0.14312536,0.85,0.05,3.5362923,2.2513967
4523,2.1477358,0.19230098,0.8060685992240906,0.05,3.9845307,2.014572
4524,2.2350354,0.15222737,0.85,0.03876826912164688,2.9725885,2.3677773
4525,2.234765,0.1294441,0.8359353542327881,0.05,2.889293,2.3339024
4526,2.2453039,0.1365002,0.85,0.005098338704556227,2.8052204,2.3090498
4527,2.1682725,0.09160659,0.85,0.05,4.4122877,2.5902514
4528,2.113661,0.09945247,0.8089295029640198,0.05221165716648102,5.5581794,1.4607058
4529,2.1455271,0.06830898,0.85,0.011429192498326302,4.9797654,1.5888106
4530,2.144482,0.09772734,0.8354208469390869,0.008930026553571224,4.547523,1.5555638
4531,2.1817884,0.15061434,0.85,0.05,3.3833928,2.098219
4532,2.1890395,0.15823641,0.85,0.05,3.5432692,2.124249
4533,2.2578788,0.110247344,0.85,0.006747054401785135,2.5274103,2.3042066
4534,2.1396282,0.119080454,0.8407771587371826,0.02463328279554844,4.83285,1.7594703
4535,2.2413316,0.19091648,0.85,0.05,2.6864674,2.69695
4536,2.2300024,0.087568305,0.8156045079231262,0.05431733280420303,3.2489307,2.5727293
4537,2.247737,0.12338853,0.6960052251815796,0.03352971747517586,2.6906693,2.6186695
4538,2.0765946,0.100532144,0.8217841982841492,0.03840310871601105,6.0038433,1.2540134
4539,2.2191913,0.11215569,0.85,0.05,3.3846838,2.1261394
4540,2.2099664,0.15213712,0.85,0.029797859489917755,3.1355534,2.215996
4541,2.1569443,0.099139415,0.85,0.006946672685444355,4.7609076,1.8632877
4542,2.1098535,0.16493851,0.85,0.05,4.69731,1.7154154
4543,2.2416995,0.08677006,0.842359185218811,0.027522357180714607,2.763253,2.5091414
4544,2.1529706,0.13127254,0.6931203603744507,0.004815633408725262,4.479161,1.7782427
4545,2.1729012,0.107831806,0.85,0.05,3.894187,1.8364059
4546,2.1425498,0.1808175,0.85,0.05,4.2526855,2.1573205
4547,2.1698854,0.16087551,0.85,0.05,3.8313246,1.9210461
4548,2.1716447,0.0692635,0.85,0.017806081101298332,4.5821457,2.029313
4549,2.1732643,0.06796155,0.85,0.009995478205382824,4.56605,1.9924921
4550,2.2620356,0.12085093,0.85,0.05,2.5346417,2.1879807
4551,2.210962,0.09361415,0.728573203086853,0.05,3.4044368,1.917485
4552,2.190211,0.11998833,0.819202721118927,0.009778494015336037,3.8676364,1.9618902
4553,2.200257,0.15111336,0.85,0.05,3.362275,1.8858563
4554,2.2225444,0.10697349,0.5649555921554565,0.03576626628637314,3.4851894,1.9940584
4555,2.1491652,0.06336767,0.85,0.05,4.384842,1.6027262
4556,2.223981,0.13558532,0.85,0.03852524235844612,3.1664004,2.077653
4557,2.1195242,0.118952386,0.8237205743789673,0.05,4.5247636,1.7790841
4558,2.2437112,0.15765144,0.7910526394844055,0.03617462143301964,2.4548085,2.1296277
4559,2.226565,0.112046234,0.6221052408218384,0.029563207179307938,3.0209816,2.3477728
4560,2.2624915,0.120488696,0.8236875534057617,0.05,2.7366407,2.5126483
4561,2.2078538,0.14224985,0.7296577095985413,0.04885313659906387,3.2512238,2.4462008
4562,2.1573217,0.10309025,0.8360188603401184,0.055852387100458145,4.4043455,2.5464804
4563,2.2316868,0.09614603,0.8009319305419922,0.041078273206949234,3.3434649,2.5254233
4564,2.264377,0.13734654,0.6268638372421265,0.04377765208482742,2.2422874,2.910962
4565,2.2510922,0.0693236,0.6964802145957947,0.05,2.6927626,2.686237
4566,2.1052177,0.09151446,0.85,0.05,4.916551,1.5038302
4567,2.2043998,0.096766695,0.85,0.05,3.4365737,2.181696
4568,2.2450194,0.11887018,0.8425639271736145,0.05,2.873465,2.6893973
4569,2.2942073,0.122163,0.8436881303787231,0.049757640808820724,2.6912467,2.3596408
4570,2.105894,0.12663557,0.8105716109275818,0.0270338486880064,4.8081193,1.4842304
4571,2.1785486,0.069022074,0.85,0.05,4.0976224,1.8445305
4572,2.195451,0.15615566,0.85,0.05,3.4396431,2.2878318
4573,2.1132705,0.15888394,0.85,0.05,4.7803063,1.7784892
4574,2.1799252,0.08006885,0.85,0.05,4.3339653,1.8575116
4575,2.219627,0.08990284,0.85,0.05,3.3947678,2.5329487
4576,2.164747,0.10555224,0.85,0.05,4.0874147,2.0697136
4577,2.2393208,0.1126613,0.85,0.030719472095370293,2.9452903,2.4200668
4578,2.1787667,0.10821606,0.85,0.05,3.9110625,2.3872807
4579,2.1908193,0.15088855,0.85,0.05,3.4311306,2.260162
4580,2.1081572,0.13340804,0.805917501449585,0.05,4.8431945,1.5364952
4581,2.1819465,0.10656036,0.8433235883712769,0.036244358867406845,4.2210374,2.4756312
4582,2.2095628,0.12953618,0.8291806578636169,0.03157733008265495,3.048698,2.21806
4583,2.1843176,0.12580274,0.8107107281684875,0.05,3.75798,2.8408873
4584,2.2837896,0.04210814,0.838599443435669,0.048025086522102356,2.7390215,2.6483781
4585,2.1631675,0.1789142,0.85,0.05,3.4675057,1.8833146
4586,2.1138744,0.12856202,0.8205782175064087,0.03734152019023895,4.714155,1.6863223
4587,2.1151066,0.10206167,0.85,0.02899179793894291,4.9895515,1.7586387
4588,2.1826522,0.12411732,0.848567545413971,0.05,3.7894037,2.1732247
4589,2.2210596,0.09301364,0.5706057548522949,0.004096518270671368,2.9911342,1.9317932
4590,2.1462555,0.127356,0.85,0.05,4.571332,1.7499508
4591,2.165793,0.09542244,0.7966510057449341,0.05,4.0895114,1.887801
4592,2.2009747,0.10845358,0.7810459733009338,0.05,3.8227615,2.0641766
4593,2.1892862,0.1622324,0.8252807855606079,0.03979198634624481,3.2982457,2.2204342
4594,2.201154,0.12280211,0.7874640822410583,0.02657988667488098,3.6231258,1.926492
4595,2.171839,0.10769609,0.85,0.02184055931866169,4.3934145,1.967804
4596,2.1731825,0.110798225,0.85,0.05,3.8417814,2.0260084
4597,2.2106426,0.10839185,0.817018985748291,0.04764580726623535,3.7382615,2.4776459
4598,2.1481297,0.16931723,0.85,0.02649342641234398,3.8991685,2.074568
4599,2.1586313,0.13050644,0.7531718015670776,0.03691750392317772,4.27228,2.5484104
4600,2.0821917,0.13670324,0.8405948877334595,0.03286506235599518,5.260107,1.6071215
4601,2.1896794,0.1163454,0.85,0.05,3.5605955,2.1481538
4602,2.2294357,0.117979266,0.85,0.05,3.3511562,1.9963919
4603,2.2255197,0.10600859,0.85,0.05,3.4972374,2.132466
4604,2.1599452,0.14604189,0.85,0.014158849604427814,3.9261603,2.0286775
4605,2.1074805,0.13706434,0.85,0.015629522502422333,4.6432877,1.8223646
4606,2.055318,0.19856742,0.85,0.01839665323495865,5.512318,1.5749704
4607,2.179349,0.11924072,0.85,0.031698551028966904,4.121076,2.1265783
4608,2.144369,0.14082792,0.85,0.05,4.307153,1.8495783
4609,2.1995325,0.10443828,0.7483327984809875,0.04674094542860985,3.2466779,2.1472504
4610,2.215747,0.119538665,0.8205714821815491,0.060050830245018005,3.4495277,2.8601665
4611,2.1120734,0.14589135,0.8307316303253174,0.03177140653133392,5.112628,1.670129
4612,2.2389576,0.13073832,0.8186197280883789,0.022672317922115326,2.6874735,2.4809642
4613,2.259001,0.13575101,0.85,0.03215339407324791,2.5672069,2.7033267
4614,2.1413026,0.106635004,0.85,0.05,4.157892,1.8459444
4615,2.2026854,0.15573376,0.3771131634712219,0.0714402049779892,3.3227339,2.646211
4616,2.100308,0.09734708,0.8045662045478821,0.05,5.648775,1.3239874
4617,2.1291096,0.12447934,0.85,0.05,4.653951,1.9845669
4618,2.1424744,0.16540052,0.85,0.05,4.5041227,2.1367588
4619,2.1584404,0.11538937,0.85,0.05,4.074543,2.1663215
4620,2.24421,0.0883531,0.8116191625595093,0.01806824281811714,3.2484696,2.279417
4621,2.166092,0.113254726,0.85,0.05,4.0869513,2.649126
4622,2.1557446,0.073999666,0.7879316806793213,0.05,4.389269,1.5915879
4623,2.1921155,0.13201548,0.85,0.004853186197578907,4.208116,2.326476
4624,2.170902,0.13576044,0.85,0.05,4.116572,2.1595972
4625,2.1708007,0.12848102,0.85,0.029938319697976112,4.375973,2.2340205
4626,2.2152963,0.11565753,0.7300906777381897,0.05,3.192654,2.4572873
4627,2.1638634,0.122299485,0.5462783575057983,0.006111434195190668,4.062277,1.8775449
4628,2.2112575,0.08780634,0.85,0.05,3.477678,2.1562002
4629,2.1975338,0.15374064,0.85,0.05,3.447886,2.6047096
4630,2.1441116,0.17673457,0.85,0.05,4.283118,1.6429328
4631,2.1930451,0.12720157,0.5653719305992126,0.05483604222536087,3.652559,2.3435998
4632,2.1247177,0.08819788,0.85,0.05,5.2499285,1.6559271
4633,2.205693,0.11938019,0.8089858293533325,0.03761762008070946,3.2170439,2.359887
4634,2.1123295,0.19798727,0.85,0.05,4.5428853,1.6770254
4635,2.1713753,0.13974985,0.522864580154419,0.05,3.7894785,2.1530564
4636,2.1370099,0.11441961,0.85,0.05,4.7817926,1.7249819
4637,2.065443,0.14286348,0.7646538615226746,0.03349319472908974,5.6734643,1.2014481
4638,2.2117271,0.1436056,0.85,0.05,2.9480803,2.0808878
4639,2.1735113,0.14520583,0.85,0.05,4.137059,2.0819674
4640,2.1648707,0.08010936,0.85,0.05,4.5438914,1.626362
4641,2.2792325,0.09885067,0.32451921701431274,0.0516233816742897,2.2736094,2.621916
4642,2.259468,0.11645967,0.85,0.05,2.724249,2.354158
4643,2.168871,0.116408505,0.85,0.05,3.9534702,1.9402189
4644,2.1629248,0.06493798,0.85,0.05,4.642587,2.0633314
4645,2.138841,0.08063512,0.8326773047447205,0.02063705213367939,4.7755003,1.5645444
4646,2.1956136,0.12219116,0.6140992045402527,0.022819258272647858,3.5981703,1.8184019
4647,2.2066743,0.12462062,0.85,0.006115650292485952,3.4339359,2.246759
4648,2.1748502,0.14689836,0.85,0.05,3.8787122,2.1316822
4649,2.1500068,0.10334382,0.7961916923522949,0.00021025424939580262,4.580415,1.6311637
4650,2.2002923,0.10268333,0.8461645245552063,0.014978747814893723,4.1546803,2.258074
4651,2.1382253,0.15821142,0.7807117700576782,0.04497421532869339,4.0872507,2.0951014
4652,2.2180362,0.106674515,0.8288357853889465,0.04917403310537338,3.3245215,2.5174444
4653,2.3181255,0.118019305,0.3694092929363251,0.0726311057806015,2.2634382,2.6192813
4654,2.204047,0.127225,0.85,0.008017556741833687,3.2749543,2.296619
4655,2.125208,0.11954578,0.7540590763092041,0.03247547522187233,4.565885,1.9693913
4656,2.1362288,0.11254411,0.8103325366973877,0.03813179209828377,4.7180343,1.4922235
4657,2.1755912,0.092272334,0.85,0.05,4.032115,2.194907
4658,2.1509988,0.13300449,0.8206774592399597,0.020735930651426315,4.322554,1.6842011
4659,2.1746373,0.16373292,0.85,0.05,3.5707378,2.1653886
4660,2.1375272,0.1550801,0.85,0.05,4.3575306,1.8347709
4661,2.21298,0.066206984,0.85,0.05,4.122589,2.267163
4662,2.2029064,0.13597901,0.8246824145317078,0.03249421715736389,3.3779979,2.4944339
4663,2.1864948,0.04460049,0.85,0.009084783494472504,4.471925,1.5530044
4664,2.252253,0.15541387,0.8415883779525757,0.05,2.4548843,2.848991
4665,2.1675413,0.084644906,0.8453957438468933,0.03155306354165077,4.0309973,2.4945376
4666,2.1238647,0.14181934,0.8170844316482544,0.028813224285840988,4.974756,1.2824777
4667,2.241607,0.122328654,0.48051121830940247,0.01511224452406168,3.115949,2.0908382
4668,2.1399329,0.19899586,0.85,0.00887077022343874,4.077949,2.042392
4669,2.2131674,0.11427471,0.85,0.02167835831642151,3.0548646,2.6188624
4670,2.1888013,0.08724503,0.85,0.05,4.1687083,1.9543564
4671,2.251919,0.091225035,0.8315704464912415,0.008554792031645775,2.7623847,2.211229
4672,2.1542225,0.11871658,0.85,0.05,4.4765882,1.9996248
4673,2.2003167,0.13317016,0.8152253031730652,0.014037135988473892,3.2513218,2.118088
4674,2.1700768,0.12767628,0.85,0.05,4.1475587,2.2873445
4675,2.216256,0.14553945,0.85,0.03416735678911209,3.1917994,2.7449965
4676,2.1348784,0.13827874,0.85,0.05,4.8660507,1.7117501
4677,2.1298237,0.13716432,0.85,0.05,4.9816475,1.7058715
4678,2.2889361,0.06581648,0.85,0.03333873301744461,2.551134,1.8868487
4679,2.151682,0.12732576,0.8210015892982483,0.05,4.328641,1.8258463
4680,2.0622063,0.18038033,0.85,0.028097102418541908,5.89159,1.4498355
4681,2.2090847,0.11411304,0.85,0.05,3.3829453,2.207695
4682,2.2685654,0.117087245,0.85,0.03697718679904938,2.631883,2.6627872
4683,2.239799,0.078262545,0.85,0.05,3.422518,2.2626646
4684,2.1333542,0.14844774,0.85,0.05,4.3600492,1.9309928
4685,2.2447102,0.116836496,0.7954944372177124,0.030229752883315086,2.6564562,2.0855815
4686,2.221512,0.09093731,0.8090381622314453,0.047015540301799774,3.4862862,2.19933
4687,2.1766117,0.1224696,0.5321511626243591,0.05,3.791127,2.6611977
4688,2.1905088,0.10348303,0.8428990244865417,0.05,3.6736155,2.131002
4689,2.2750466,0.10563661,0.745450496673584,0.0645565465092659,2.4142427,2.7552602
4690,2.13668,0.15502313,0.85,0.05,4.271565,2.0345209
4691,2.1567447,0.16115823,0.8295649886131287,0.02286371961236,3.8883326,1.8010879
4692,2.2271614,0.19118163,0.7124603986740112,0.05822177976369858,2.562284,2.597502
4693,2.2114177,0.13335778,0.8194061517715454,0.04302184283733368,3.2432847,2.7327116
4694,2.101108,0.12093605,0.85,0.05,5.8183703,1.493166
4695,2.2063925,0.11087247,0.85,0.05,3.3881648,2.0543253
4696,2.178868,0.1613962,0.85,0.05,3.9000046,1.9351314
4697,2.2229526,0.08248315,0.85,0.004175890237092972,3.6375232,2.311974
4698,2.2121649,0.095545135,0.4976417124271393,0.03601367771625519,3.3771372,2.7627387
4699,2.2299113,0.11645354,0.7435702681541443,0.01808459870517254,3.1679006,2.4852571
4700,2.238387,0.13510783,0.8017365336418152,0.03094511851668358,2.6878872,2.7367105
4701,2.0700064,0.11733194,0.6398944854736328,0.06339491903781891,6.1626143,1.2773225
4702,2.1720912,0.07839321,0.85,0.02350648306310177,4.332616,2.1139286
4703,2.1195443,0.074235454,0.8087621927261353,0.0413796566426754,4.460086,1.5843617
4704,2.1587543,0.15964763,0.85,0.05,4.096544,2.2200105
4705,2.1911433,0.120580666,0.85,0.05,3.5233283,2.1403143
4706,2.1731343,0.15485922,0.8309310078620911,0.014025267213582993,3.5797315,2.3052406
4707,2.1454155,0.16114478,0.85,0.05,3.7111619,2.0503583
4708,2.2180874,0.1427745,0.8342316746711731,0.0483061783015728,2.962087,2.651378
4709,2.176736,0.14608642,0.8310972452163696,0.04204726219177246,3.7122226,2.83946
4710,2.099086,0.11792889,0.85,0.05,4.8592343,1.7430131
4711,2.2433133,0.09731484,0.85,0.031228145584464073,2.763115,2.7201357
4712,2.1604607,0.16572134,0.85,0.05,4.1268272,2.0211055
4713,2.2904365,0.12493564,0.8338131308555603,0.05,2.1717181,2.5005822
4714,2.1923854,0.12456053,0.8268104791641235,0.05,3.3365133,2.1971042
4715,2.188459,0.13392992,0.85,0.05,3.580294,2.1042032
4716,2.2094593,0.14925487,0.8199108839035034,0.030341152101755142,2.901931,2.2577844
4717,2.1414576,0.15101571,0.85,0.05,4.0839944,1.8630944
4718,2.2313058,0.19811034,0.6292269825935364,0.04727939888834953,2.557443,2.9120865
4719,2.1720793,0.15664186,0.85,0.02944694086909294,3.8971622,2.6598606
4720,2.242013,0.12113253,0.85,0.05,2.8168297,2.6497626
4721,2.1857255,0.1213428,0.8418653011322021,0.05,3.886173,2.0483148
4722,2.1100988,0.1239969,0.84386146068573,0.03411082178354263,5.256531,1.5941367
4723,2.1618793,0.14293076,0.85,0.01731717959046364,4.018321,2.212059
4724,2.2114718,0.101011395,0.85,0.030579354614019394,3.573111,2.6607676
4725,2.0917132,0.099536605,0.8058841824531555,0.027190616354346275,5.1850557,1.3925394
4726,2.2497752,0.13392541,0.7962056994438171,0.004952938295900822,2.4497497,2.1727462
4727,2.1280591,0.11856848,0.8239719867706299,0.019012639299035072,4.3779435,1.7363812
4728,2.1639414,0.103243835,0.85,0.036679115146398544,4.587571,2.6436474
4729,2.2345393,0.1406207,0.7245389223098755,0.028302503749728203,3.0111248,2.4740796
4730,2.1963415,0.103983186,0.85,0.05,4.206014,2.239304
4731,2.180422,0.12522417,0.85,0.05,3.955325,2.2279747
4732,2.2382817,0.08935056,0.6335153579711914,0.05,3.0311396,2.217859
4733,2.1179616,0.1123308,0.8089770674705505,0.04844432324171066,4.6156993,1.7597121
4734,2.160034,0.120140925,0.8293294310569763,0.01512108463793993,4.101427,1.6747876
4735,2.1572137,0.115790635,0.85,0.05112716555595398,4.482057,2.4676611
4736,2.1048589,0.1258797,0.85,0.05,5.0048428,1.4957203
4737,2.2717586,0.11765136,0.742583155632019,0.05755453556776047,2.3949535,2.621632
4738,2.2355258,0.11180777,0.8424169421195984,0.03642315790057182,3.0189798,2.2515993
4739,2.2178786,0.09594727,0.8129696249961853,0.05,2.7464194,2.211608
4740,2.1788588,0.09472468,0.85,0.05,3.9898214,2.3714259
4741,2.1975896,0.0727411,0.5913866758346558,0.02573622204363346,4.060922,2.030745
4742,2.139602,0.17520662,0.813912570476532,0.05,4.3694987,2.1045125
4743,2.1824367,0.11918388,0.8049716353416443,0.015404871664941311,4.1707373,1.8293453
4744,2.0617952,0.13119107,0.7828484177589417,0.04907796531915665,5.5827975,1.3454462
4745,2.2325153,0.11747222,0.654261589050293,0.01494547538459301,2.6877413,2.4985332
4746,2.14928,0.1651331,0.85,0.05,4.303149,2.0535014
4747,2.2170098,0.15470973,0.85,0.04001418501138687,3.1650462,2.7858214
4748,2.1392176,0.14647438,0.7939491271972656,0.024431059136986732,3.8059285,1.7746176
4749,2.1900673,0.15362456,0.85,0.05,3.189026,2.0176327
4750,2.208046,0.15357126,0.7906926870346069,0.05,3.4769404,2.4258206
4751,2.2398012,0.14063402,0.85,0.014515952207148075,2.520619,2.4311054
4752,2.2667086,0.07903454,0.85,0.01654018834233284,2.4893682,2.4945095
4753,2.1485138,0.104443006,0.85,0.014579683542251587,4.1451297,2.2143292
4754,2.2024868,0.10619373,0.85,0.012230034917593002,3.7302434,1.8893974
4755,2.1311173,0.07053943,0.85,0.0033303292002528906,5.119756,1.6526812
4756,2.1651385,0.13518697,0.85,0.05,3.977657,1.9788685
4757,2.147891,0.15444694,0.85,0.01713968813419342,4.5560865,2.2431843
4758,2.1882224,0.12554878,0.825619637966156,0.0031812347006052732,3.414041,2.1603415
4759,2.1966531,0.1529343,0.85,0.012705865316092968,3.3216121,2.2488205
4760,2.2966692,0.12989585,0.8355394005775452,0.04137490317225456,2.1191099,2.6682432
4761,2.167047,0.19047032,0.8380033373832703,0.04146276414394379,3.4785485,2.5765703
4762,2.1570363,0.13551395,0.85,0.05,3.9616594,1.7167552
4763,2.2450936,0.14959279,0.85,0.013776220381259918,2.6656635,2.190694
4764,2.1412573,0.12290546,0.8418170213699341,0.027739383280277252,4.6188097,1.9888672
4765,2.1357534,0.10767415,0.85,0.038215745240449905,4.908048,1.6812465
4766,2.211716,0.12460502,0.7053329348564148,0.04662797227501869,3.133281,2.3615887
4767,2.2389956,0.120387554,0.179960697889328,0.04218435660004616,3.0065577,2.4900599
4768,2.2540877,0.072981365,0.85,0.005699233617633581,2.889324,2.107359
4769,2.1634703,0.13914849,0.85,0.05,3.9734912,1.8336766
4770,2.2096992,0.1260236,0.8459381461143494,0.05,3.350992,2.221055
4771,2.1755257,0.15273228,0.85,0.05,3.6473198,1.9766257
4772,2.2319634,0.11886124,0.8300403356552124,0.05,2.8980777,2.1894963
4773,2.203327,0.15793277,0.8437210321426392,0.05673001706600189,3.1838675,2.6377487
4774,2.2410798,0.09880795,0.6586443781852722,0.015101026743650436,2.9961414,2.3122873
4775,2.2359428,0.06419992,0.85,0.05,3.3734617,2.2186975
4776,2.1097958,0.07683816,0.85,0.05,5.7123322,1.6917063
4777,2.1683545,0.11262447,0.85,0.05,4.3247848,2.050551
4778,2.095026,0.14120908,0.85,0.011087681166827679,4.981795,1.6462164
4779,2.187039,0.12135615,0.8302909135818481,0.029886065050959587,3.2515852,2.2575395
4780,2.1374185,0.09879233,0.85,0.05,4.905327,1.5794213
4781,2.1491587,0.13626933,0.8250606656074524,0.03372668847441673,4.5288486,2.3204243
4782,2.1497529,0.08041917,0.8178644776344299,0.024823222309350967,4.843722,1.5673883
4783,2.237731,0.12843302,0.6564576029777527,0.026948312297463417,2.8739748,2.6852582
4784,2.2289166,0.12306704,0.7794275283813477,0.039314839988946915,2.8051012,2.0606549
4785,2.1591396,0.14315395,0.85,0.05,3.6315045,1.9882498
4786,2.3471131,0.11164648,0.11117394268512726,0.0693805143237114,1.9970793,2.7082424
4787,2.1418147,0.15497668,0.85,0.05,4.4449224,2.1115963
4788,2.1854246,0.1223777,0.85,0.05,3.6404471,1.8155683
4789,2.1799173,0.15018736,0.7162203192710876,0.042881425470113754,3.7762454,2.8674357
4790,2.1138651,0.14582126,0.8394170999526978,0.05,4.873957,1.6235685
4791,2.1878045,0.16932169,0.85,0.05,4.0269957,1.9101039
4792,2.2196763,0.12101695,0.5456632375717163,0.040012065321207047,3.28366,2.0806978
4793,2.1723855,0.1349078,0.8139752745628357,0.05,3.79118,2.0542316
4794,2.2034955,0.091375835,0.85,0.020266026258468628,3.9350474,1.9662392
4795,2.2071524,0.0765071,0.8185194134712219,0.05,3.9060194,2.078602
4796,2.1321554,0.0949356,0.85,0.05,5.094541,1.5673778
4797,2.1604607,0.15885487,0.6796687841415405,0.026295097544789314,3.9934478,2.3433275
4798,2.2217607,0.13066424,0.8139219880104065,0.024147428572177887,3.0309641,2.773222
4799,2.27709,0.07178584,0.85,0.05,2.6982756,2.4228873
4800,2.1443655,0.11312812,0.85,0.029206376522779465,4.9009132,1.9878205
4801,2.1508908,0.14887425,0.8288164138793945,0.05,4.1139445,1.8631928
4802,2.3021889,0.09775806,0.638782262802124,0.038725219666957855,2.2212815,2.5573883
4803,2.1436455,0.076425,0.8067983388900757,0.04372844472527504,4.93232,1.4636556
4804,2.2319877,0.11570714,0.833394467830658,0.03826412186026573,2.960523,2.1986716
4805,2.2049503,0.15104361,0.85,0.023962758481502533,3.8020344,2.1749394
4806,2.2593594,0.066847816,0.7815040349960327,0.05,2.564826,2.5426784
4807,2.201546,0.15446249,0.7344756126403809,0.0014188803033903241,2.7487636,2.1493912
4808,2.1625886,0.13317221,0.8117846250534058,0.05,4.532281,2.030107
4809,2.190166,0.13504119,0.85,0.018620481714606285,3.3336964,2.8319986
4810,2.1421614,0.074074596,0.7943606376647949,0.015497049316763878,4.7993298,1.8213024
4811,2.2012773,0.113733515,0.7653882503509521,0.05,3.8817663,2.3322856
4812,2.206661,0.13127309,0.85,0.05,3.4119585,2.1313531
4813,2.0998244,0.10461458,0.838432252407074,0.024842843413352966,5.769481,1.2950962
4814,2.127018,0.1283852,0.85,0.018500493839383125,4.544587,1.997328
4815,2.1765268,0.16439377,0.85,0.05,3.4823897,1.983503
4816,2.2151446,0.15755224,0.3858006000518799,0.020056042820215225,2.904811,2.606484
4817,2.3029702,0.15228918,0.85,0.03312964364886284,2.0215607,2.6210685
4818,2.1894557,0.12416236,0.8128234148025513,0.040083933621644974,3.453086,2.0211484
4819,2.211666,0.11661978,0.8073910474777222,0.05,3.6690474,2.0968368
4820,2.094756,0.08539525,0.8345713019371033,0.05,5.3401256,1.404248
4821,2.2039075,0.06879762,0.85,0.05,4.023987,1.82933
4822,2.166152,0.12943773,0.8339291214942932,0.05,4.331812,2.0132718
4823,2.198294,0.08544345,0.5536178350448608,0.02651800960302353,3.9068947,2.059226
4824,2.2244704,0.1410874,0.85,0.032171618193387985,2.897068,2.3153002
4825,2.152028,0.14175004,0.84476238489151,0.013693133369088173,3.933229,1.980553
4826,2.2346973,0.04645534,0.85,0.05,3.3063443,2.1276565
4827,2.2252955,0.095992886,0.85,0.05,3.1711595,2.3719425
4828,2.1725855,0.18536556,0.85,0.015305327251553535,3.9558265,1.8586756
4829,2.247109,0.11010909,0.85,0.020792875438928604,2.80439,2.5010867
4830,2.0852978,0.11574479,0.8393089175224304,0.05,5.5041595,1.526338
4831,2.2606227,0.083607554,0.85,0.017678512260317802,2.5529304,2.519469
4832,2.2824032,0.11546467,0.85,0.05,2.1379828,2.597256
4833,2.2351198,0.13536756,0.8269559741020203,0.017153659835457802,2.276436,2.7051306
4834,2.199725,0.11274715,0.814458966255188,0.037889666855335236,3.5744255,2.8514388
4835,2.1795752,0.12986268,0.6292588710784912,0.05,3.7482252,1.9774563
4836,2.1398373,0.15917738,0.8094418048858643,0.05,4.435532,1.703533
4837,2.2265437,0.11417559,0.85,0.05,2.974728,2.8347828
4838,2.203663,0.11901616,0.8348899483680725,0.03210889548063278,3.2596529,2.2348604
4839,2.2022383,0.07847756,0.85,0.05,3.81901,2.0319464
4840,2.2158246,0.1098594,0.85,0.012557007372379303,3.291217,2.1488352
4841,2.2471733,0.11543063,0.85,0.05,2.5058486,2.2512057
4842,2.2074034,0.1288024,0.6114174127578735,0.05,3.5050557,2.1586576
4843,2.2028317,0.15107736,0.85,0.01572343334555626,3.3386793,2.259064
4844,2.2265072,0.13370566,0.85,0.05,3.3400397,2.4408565
4845,2.1829236,0.09846036,0.85,0.05,4.1628127,2.0469027
4846,2.1372151,0.1122685,0.85,0.05,4.8668647,1.7462691
4847,2.2324848,0.16121994,0.85,0.009672106243669987,2.619359,2.2357266
4848,2.2471292,0.14383863,0.7747784852981567,0.024952875450253487,2.7381299,2.5307589
4849,2.1304307,0.09091694,0.7933735847473145,0.059433676302433014,4.9826703,1.8592645
4850,2.1401272,0.14742373,0.8485852479934692,0.029070081189274788,5.137662,2.0592105
4851,2.1584826,0.07410052,0.85,0.05,4.5851355,1.7922156
4852,2.124905,0.105570406,0.85,0.026964791119098663,4.909574,1.6137077
4853,2.1806574,0.14707299,0.831596851348877,0.05,3.8458655,2.023971
4854,2.1044624,0.14161529,0.7571494579315186,0.05,4.8279586,1.6406648
4855,2.1629694,0.13127525,0.85,0.009063608944416046,4.320497,1.8051442
4856,2.236357,0.090848,0.85,0.013281541876494884,2.7528677,2.1944396
4857,2.1909297,0.10548183,0.7939316034317017,0.023354647681117058,3.6744883,2.2513788
4858,2.1145647,0.046447698,0.8321459293365479,0.03030236065387726,5.315903,1.3619597
4859,2.2307122,0.11753021,0.837949812412262,0.05,2.8752706,2.7401464
4860,2.225551,0.122170255,0.85,0.0313417911529541,3.216895,2.7964098
4861,2.2453613,0.07572515,0.8173473477363586,0.012194156646728516,2.975494,2.4464087
4862,2.1651645,0.15308173,0.85,0.05,4.0295053,2.0805862
4863,2.220383,0.10502363,0.8251329660415649,0.0486370250582695,3.1519475,2.4137735
4864,2.2164285,0.13975869,0.85,0.042087603360414505,3.2925942,2.4953554
4865,2.2493591,0.15912116,0.8293194770812988,0.059903908520936966,2.4716825,2.8540075
4866,2.111011,0.12384284,0.842653214931488,0.029110562056303024,4.9376855,1.8304081
4867,2.207897,0.160777,0.85,0.03873136267066002,3.5358899,2.5279539
4868,2.1932342,0.104420915,0.85,0.05,3.8527248,2.3580937
4869,2.2063806,0.13150105,0.8265975117683411,0.037263378500938416,3.3642597,2.195237
4870,2.2193851,0.123045534,0.8361462950706482,0.00450906902551651,2.9972064,2.4871688
4871,2.1745584,0.12425143,0.8290844559669495,0.03199964761734009,3.9323235,2.1229224
4872,2.160035,0.16298959,0.85,0.0041519165970385075,3.953658,1.9782612
4873,2.1685119,0.12053755,0.85,0.05,4.0768943,1.8767886
4874,2.209945,0.120518185,0.6587250828742981,0.05,3.3326936,2.131145
4875,2.267985,0.08905411,0.85,0.017026405781507492,2.7498324,2.442735
4876,2.1712267,0.1349555,0.85,0.05,3.8499694,2.5691657
4877,2.1682022,0.12657155,0.8355069160461426,0.05,4.2176886,1.9891211
4878,2.2139404,0.16708262,0.8135427236557007,0.05,2.593589,2.4426575
4879,2.1127899,0.083162405,0.8413026928901672,0.028337974101305008,5.5777206,1.6293478
4880,1.952533,0.17432426,0.85,0.07705041021108627,12.16768,1.5538127
4881,2.127093,0.093374945,0.85,0.05,5.1178727,1.5422034
4882,2.199598,0.13361998,0.85,0.012657289393246174,3.699947,2.7375476
4883,2.2379813,0.12920561,0.8256022334098816,0.034480977803468704,3.0556545,2.4303634
4884,2.1453512,0.058801025,0.85,0.05,4.4694443,1.5481616
4885,2.0684326,0.15144296,0.8169323801994324,0.035140737891197205,5.1941695,1.309932
4886,2.1597972,0.1417897,0.85,0.05,4.035537,1.9272051
4887,2.2532718,0.14310879,0.8476272821426392,0.05,2.6784537,2.3337178
4888,2.126507,0.09468906,0.8096152544021606,0.021854331716895103,4.778247,1.3890666
4889,2.2779567,0.10398702,0.8425856828689575,0.03346620872616768,2.3952174,2.7312045
4890,2.184401,0.10866181,0.8194568753242493,0.05,3.903984,1.9157579
4891,2.1618946,0.16073266,0.85,0.05,3.7911177,2.3380687
4892,2.1502998,0.13043432,0.85,0.02036755345761776,4.32216,1.6935431
4893,2.1421897,0.11315581,0.8166294693946838,0.04869210347533226,5.1490245,1.8016324
4894,2.2368398,0.074485436,0.8211930394172668,0.03865586966276169,2.7144594,2.7705965
4895,2.1959524,0.08131266,0.8346648812294006,0.05,3.9239297,2.1373253
4896,2.1193433,0.14702503,0.8309003710746765,0.05,4.6824713,1.7387645
4897,2.1850178,0.16248207,0.8313009738922119,0.05,3.3895833,2.0719829
4898,2.1533787,0.124300845,0.85,0.05,3.8989773,1.8607314
4899,2.2012484,0.06272527,0.85,0.05,3.920829,2.4315038
4900,2.1652203,0.13908044,0.85,0.05,4.4141355,1.8952748
4901,2.082501,0.10816985,0.681725263595581,0.05354994162917137,5.39118,1.3910532
4902,2.2096913,0.05617504,0.8449480533599854,0.03886536508798599,3.7381043,2.116982
4903,2.192824,0.09925607,0.826528012752533,0.05,3.6123137,1.8135544
4904,2.1337225,0.1072891,0.85,0.05,4.7933955,1.7160696
4905,2.1302266,0.121663645,0.85,0.03098287060856819,4.7493725,1.5376459
4906,2.2187843,0.113873236,0.8025467395782471,0.006700882688164711,2.8564801,2.5223274
4907,2.1607966,0.19172935,0.85,0.05,3.3882072,2.1849582
4908,2.1353178,0.12348451,0.85,0.05,4.4612174,1.8687278
4909,2.2111297,0.14298679,0.7927245497703552,0.05683249607682228,3.223049,2.7135615
4910,2.1097171,0.11932864,0.85,0.05,4.9127707,1.5177039
4911,2.22027,0.12664309,0.8428919315338135,0.05,3.2832866,2.124349
4912,2.222989,0.20020154,0.85,0.012326529249548912,2.7307696,2.4910562
4913,2.2603483,0.14930893,0.817257285118103,0.06358397006988525,2.4641998,2.5744903
4914,2.2334628,0.10559351,0.6698374152183533,0.05,3.1151633,2.3942559
4915,2.3143756,0.06088749,0.85,0.012517300434410572,2.0959313,2.7130656
4916,2.2313328,0.10877463,0.85,0.011457009240984917,2.7120795,2.740329
4917,2.186506,0.12081347,0.85,0.05,3.9511256,2.503568
4918,2.0804615,0.14143765,0.8430087566375732,0.015461092814803123,5.373502,1.2788852
4919,2.3198075,0.081050135,0.8211967945098877,0.031286872923374176,2.0841024,2.729692
4920,2.1529067,0.111886136,0.85,0.05,4.9005136,1.8767372
4921,2.1851554,0.15585496,0.85,0.05,3.8433053,1.8276931
4922,2.1728098,0.11463122,0.85,0.05,4.239296,2.0156655
4923,2.1669085,0.16009052,0.8175026774406433,0.027620140463113785,3.963671,2.2586648
4924,2.154305,0.12012755,0.8203139305114746,0.017875460907816887,4.174162,1.5544271
4925,2.2158031,0.10400446,0.7158294916152954,0.035556524991989136,3.4463716,2.103592
4926,2.2782264,0.11282457,0.8026635050773621,0.0668947696685791,2.5081556,2.3218412
4927,2.1970716,0.096389696,0.85,0.014478471130132675,3.8409665,2.4346838
4928,2.1867752,0.14281717,0.8311002850532532,0.05,3.4962733,2.2170594
4929,2.2095318,0.091110125,0.5429907441139221,0.03280257061123848,3.0894563,2.1519923
4930,2.2445335,0.07646592,0.85,0.041182972490787506,2.9667656,2.6855638
4931,2.0436885,0.16482763,0.85,0.05,5.953555,1.3872907
4932,2.2115502,0.14443786,0.85,0.05,3.1579175,2.618628
4933,2.169273,0.15266176,0.7394070625305176,0.012689323164522648,3.815395,2.1764607
4934,2.1921918,0.11257401,0.8247920870780945,0.05,3.2447553,2.4105873
4935,2.1414812,0.10810339,0.85,0.05,4.6160026,2.0946786
4936,2.2233233,0.09385264,0.8459805250167847,0.05,3.379968,2.2381372
4937,2.2492986,0.10545748,0.7855923771858215,0.045894425362348557,2.8246865,2.1147518
4938,2.141089,0.1263267,0.85,0.05,4.4728756,1.9579692
4939,2.197331,0.12214695,0.8143395185470581,0.05,3.884736,2.1497464
4940,2.190005,0.11378235,0.8452463746070862,0.015123633667826653,3.9598477,2.067753
4941,2.05971,0.114357576,0.6120111346244812,0.05,6.0196705,1.1486254
4942,2.109238,0.0806624,0.7441690564155579,0.060085877776145935,5.2936225,1.6364841
4943,2.3311002,0.10609474,0.4767301380634308,0.07136867940425873,2.0384784,2.9091277
4944,2.1718519,0.15632446,0.847192645072937,0.05,3.322332,2.0371149
4945,2.0750573,0.103223465,0.8102887868881226,0.08355524390935898,5.708086,2.8379352
4946,2.2407236,0.14005968,0.7296509146690369,0.07106231898069382,2.7367477,2.7241292
4947,2.131236,0.1445635,0.85,0.020426079630851746,4.676547,2.0123336
4948,2.237146,0.13861407,0.85,0.05,2.6801405,2.515662
4949,2.1652796,0.15832289,0.85,0.05,3.7039597,2.1673982
4950,2.2069004,0.20220388,0.8358160853385925,0.043772369623184204,3.1777546,2.5569758
4951,2.1815147,0.10264331,0.6006810665130615,0.013936353847384453,4.224875,2.0389867
4952,2.171982,0.08789225,0.85,0.002530188299715519,4.614662,1.7805821
4953,2.1708515,0.094966315,0.85,0.02941948175430298,4.4431086,2.3707452
4954,2.1748185,0.09736628,0.85,0.05,4.0687,2.164373
4955,2.1660147,0.08190848,0.85,0.05,4.6967072,2.0184336
4956,2.0951579,0.14508165,0.85,0.05,4.5828333,1.4663445
4957,2.2140393,0.14935854,0.8133383989334106,0.05,3.229174,2.383251
4958,2.2285273,0.12641536,0.6072244644165039,0.05,3.1703463,2.2449145
4959,2.2388496,0.10936423,0.8007937669754028,0.029614955186843872,2.7253058,2.6558993
4960,2.205406,0.09430281,0.85,0.05,3.5187018,2.311623
4961,2.1322653,0.121117175,0.7849140763282776,0.05,4.420353,1.5663736
4962,2.1543667,0.13233547,0.85,0.05,4.4593163,2.0732362
4963,2.1356215,0.12641628,0.8348393440246582,0.05,4.827536,1.5898165
4964,2.1476698,0.17235129,0.8227364420890808,0.05,3.5096862,1.8368583
4965,2.193715,0.12989846,0.85,0.03071473352611065,3.5973768,2.2819343
4966,2.2131429,0.14969216,0.8047116994857788,0.024163156747817993,3.070829,2.664748
4967,2.2286904,0.09603423,0.85,0.05,3.4591768,2.0743706
4968,2.2008574,0.15002647,0.85,0.029360195621848106,3.656622,2.3705664
4969,2.2046857,0.12838219,0.8420156836509705,0.03155720233917236,3.33458,2.3043795
4970,2.165402,0.18741822,0.8082372546195984,0.03172595426440239,3.764873,2.680966
4971,2.2419374,0.0951528,0.85,0.034045636653900146,2.7423558,2.5957084
4972,2.237293,0.124082156,0.85,0.05,3.0372124,2.6133103
4973,2.2051246,0.1495535,0.8047060966491699,0.05,3.1209335,2.1614003
4974,2.1679163,0.101070024,0.4898279011249542,0.030581945553421974,3.5789087,1.743418
4975,2.1562872,0.1267044,0.7669263482093811,0.03912491351366043,3.9988384,1.8290268
4976,2.1436472,0.13465165,0.85,0.05,4.716787,1.6489947
4977,2.2519672,0.13532977,0.3408176302909851,0.04036102071404457,2.5917559,2.3666956
4978,2.186495,0.056138758,0.85,0.05,3.6726065,2.2047539
4979,2.1019113,0.15710166,0.85,0.05,5.0657635,1.5761192
4980,2.2339218,0.102708876,0.09254589676856995,0.022318873554468155,3.2889936,2.6143339
4981,2.1699924,0.10808589,0.85,0.05,4.4839907,1.6262633
4982,2.1125402,0.12560198,0.85,0.05,4.8622704,1.5102814
4983,2.1104918,0.10999845,0.8150889873504639,0.04278334230184555,5.409944,1.4302397
4984,2.189088,0.086390644,0.8475297093391418,0.04090270772576332,4.211273,2.1009247
4985,2.1802373,0.1408337,0.85,0.0028163655661046505,4.3534513,1.9420537
4986,2.095906,0.1247919,0.8422589898109436,0.011908065527677536,5.3143263,1.4502413
4987,2.2087455,0.14243576,0.7589533925056458,0.015993861481547356,2.874097,2.4217496
4988,2.2346747,0.0745902,0.3443664610385895,0.05,3.6419997,2.5287051
4989,2.1408608,0.122167274,0.8285050392150879,0.05,4.5673127,1.7836617
4990,2.2095418,0.093638614,0.8268344402313232,0.03525717556476593,3.3380458,2.0981653
4991,2.2732759,0.1137778,0.7656314969062805,0.02215411700308323,2.419791,2.2962139
4992,2.2577424,0.059582975,0.6932064294815063,0.0504675917327404,3.0656672,2.3311582
4993,2.2435136,0.09356397,0.8248794674873352,0.05,3.0240479,2.6014783
4994,2.274413,0.09692956,0.3772844970226288,0.0441599078476429,2.8697088,2.7399173
4995,2.2600002,0.08359304,0.836213231086731,0.04963269829750061,2.6861997,2.7177043
4996,2.2051435,0.11133586,0.8116355538368225,0.05,3.6464403,2.4398282
4997,2.149652,0.105666064,0.85,0.02651825174689293,4.4757032,1.8960838
4998,2.1651125,0.14304641,0.85,0.05,4.1806407,2.0235026
4999,2.1954875,0.12130537,0.8445084095001221,0.023755794391036034,3.5575655,2.1855588
5000,2.162313,0.13245635,0.8297102451324463,0.06342847645282745,4.17377,2.6271265
5001,2.1768665,0.1546996,0.85,0.015436768531799316,3.6601257,2.4999433
5002,2.102636,0.08213288,0.85,0.02928241342306137,4.932618,1.9377745
5003,2.1630342,0.14214644,0.8412847518920898,0.05,3.3103397,1.947476
5004,2.1249433,0.11060872,0.85,0.009567572735249996,4.9021854,1.5105093
5005,2.0993302,0.17190883,0.824349582195282,0.023755008354783058,4.6896667,1.8886162
5006,2.2582314,0.14909509,0.5956361889839172,0.06978399306535721,2.3829825,2.8898215
5007,2.2045643,0.1776102,0.85,0.026123210787773132,2.875574,2.6749141
5008,2.2222798,0.13798787,0.85,0.05,3.0493805,2.3904388
5009,2.1399171,0.07576509,0.85,0.05,4.5769186,1.6482391
5010,2.2050157,0.050982445,0.6331287622451782,0.028798064216971397,3.776998,1.7825726
5011,2.168762,0.12474949,0.85,0.02951572649180889,4.172587,2.8357701
5012,2.1500907,0.13400525,0.6758208274841309,0.05806346610188484,4.7815466,2.7778752
5013,2.0962586,0.14354855,0.85,0.05,5.300392,1.5101433
5014,2.1893542,0.072710544,0.651451051235199,0.0023876007180660963,3.4257383,1.7634044
5015,2.1902633,0.14219369,0.85,0.05,3.5741777,2.0500371
5016,2.2388504,0.073266625,0.85,0.013449305668473244,2.8275871,2.6297555
5017,2.2150712,0.15363571,0.8360810279846191,0.02048386260867119,3.0812855,2.6082942
5018,2.162785,0.13202181,0.85,0.05,4.016099,1.7706536
5019,2.1615913,0.10335381,0.832780122756958,0.025280442088842392,4.2976694,1.8396707
5020,2.1533113,0.12439216,0.85,0.05,4.2644672,2.0762267
5021,2.1101282,0.13485639,0.8192948698997498,0.05,4.861328,1.2957356
5022,2.1816587,0.12985402,0.85,0.0022493440192192793,3.764599,2.041761
5023,2.1742284,0.1524289,0.8075700402259827,0.035702239722013474,3.4371214,2.5900826
5024,2.1803162,0.14560977,0.8397965431213379,0.03528612479567528,3.901129,2.3001301
5025,2.1694531,0.13043769,0.85,0.05,4.018007,1.8209847
5026,2.1360567,0.060123395,0.85,0.05,4.8218865,1.502684
5027,2.1410773,0.0817223,0.85,0.05,5.053308,2.1006935
5028,2.2253602,0.11412104,0.8223698139190674,0.05,3.0855422,2.270134
5029,2.2336917,0.106987424,0.85,0.005960356909781694,3.0927978,2.4198575
5030,2.2352183,0.08805248,0.431888610124588,0.07853810489177704,3.044732,2.6145766
5031,2.1539311,0.15230216,0.85,0.05,4.2147593,2.2023244
5032,2.1333816,0.10452714,0.8032544851303101,0.05,4.753803,1.8383691
5033,2.2451859,0.11687778,0.85,0.05,2.568012,2.7189481
5034,2.2142134,0.06354059,0.8146286010742188,0.05,3.8417518,2.151371
5035,2.2166383,0.110626064,0.85,0.05,3.426184,2.1681361
5036,2.1885588,0.16146636,0.5700482726097107,0.05,3.9219027,2.5415678
5037,2.2060163,0.12150273,0.85,0.029779691249132156,3.4826229,2.624991
5038,2.3007438,0.07498427,0.8378257155418396,0.0314071923494339,2.1798306,2.7460697
5039,2.2047083,0.10296382,0.85,0.05,3.907064,2.254409
5040,2.1775506,0.13690671,0.8431852459907532,0.05,3.822265,2.0535944
5041,2.1974938,0.10784894,0.85,0.05,3.8678236,2.2144728
5042,2.1339884,0.10500676,0.8291245698928833,0.05,4.6412125,1.598598
5043,2.1900117,0.12636003,0.85,0.02585139311850071,3.8273504,2.5491235
5044,2.2143948,0.12292138,0.8195122480392456,0.050269048660993576,3.1619687,2.2326694
5045,2.161922,0.18173936,0.8272202014923096,0.021855004131793976,3.8971386,1.835054
5046,2.139205,0.16021813,0.828555703163147,0.03305317088961601,4.5311346,1.839399
5047,2.1459427,0.1408768,0.85,0.03347966820001602,4.5005474,2.118396
5048,2.1683676,0.13135515,0.85,0.024316079914569855,4.214453,2.1003134
5049,2.2256296,0.14843954,0.8348056674003601,0.04086023196578026,2.8363302,2.5271611
5050,2.2305806,0.13401659,0.85,0.0274756271392107,3.009582,2.791509
5051,2.2186635,0.13495363,0.6574723124504089,0.0017293674172833562,2.5147822,2.5434802
5052,2.169907,0.15664573,0.8254042863845825,0.05,3.7583432,2.1678574
5053,2.2562153,0.15058419,0.85,0.011988353915512562,2.633684,2.3707159
5054,2.2255192,0.13338248,0.85,0.05,2.754242,2.530239
5055,2.1481085,0.15651359,0.7811193466186523,0.05803154036402702,4.017983,2.6759515
5056,2.1916378,0.11769276,0.8291285037994385,0.05,4.115562,2.0520105
5057,2.1497457,0.16914974,0.85,0.05,4.5870733,1.9563766
5058,2.1406355,0.1194129,0.85,0.05,5.016087,1.7276897
5059,2.2494266,0.11804652,0.8212080597877502,0.05764508619904518,2.6470041,2.3856695
5060,2.1765983,0.11274561,0.8231990933418274,0.05,3.7157717,1.8923274
5061,2.200948,0.1028341,0.85,0.024888621643185616,4.141725,2.166408
5062,2.1548853,0.102069795,0.8359555006027222,0.019785884767770767,4.582547,1.7271471
5063,2.2017035,0.118995294,0.8062652349472046,0.03768552467226982,3.8581746,2.487978
5064,2.1913865,0.130052,0.8017014265060425,0.05,3.8424544,2.0299034
5065,2.163449,0.14615007,0.8421154022216797,0.009234421886503696,4.3450823,1.6671731
5066,2.1689816,0.07091291,0.85,0.05,4.6687765,1.70981
5067,2.237209,0.11992642,0.85,0.05,3.153907,2.3128715
5068,2.2218642,0.16656679,0.85,0.020490147173404694,3.1350431,2.416226
5069,2.268348,0.07921197,0.8299092054367065,0.0542614571750164,2.5959363,2.8531308
5070,2.241796,0.13509238,0.85,0.020314473658800125,2.92417,2.4408095
5071,2.1237333,0.07686732,0.85,0.0006493557011708617,4.929228,1.5384291
5072,2.19844,0.09050418,0.7037338018417358,0.04681360349059105,3.3171687,2.8889563
5073,2.2105772,0.14125204,0.8043999075889587,0.021464457735419273,3.46689,2.287621
5074,2.2028186,0.106384106,0.85,0.011494355276226997,3.8887627,2.3275402
5075,2.1747077,0.10629285,0.85,0.05,4.10253,1.8122038
5076,2.1999538,0.1233683,0.8415001630783081,0.030770210549235344,3.7403119,2.2958252
5077,2.1548386,0.09666258,0.8152281045913696,0.03199683874845505,4.225145,1.7501789
5078,2.2323275,0.08055956,0.85,0.016519779339432716,3.2792573,2.3120606
5079,2.2098103,0.10465225,0.6171701550483704,0.044573962688446045,3.3205795,2.2741952
5080,2.14923,0.115611725,0.7973935604095459,0.05,4.4939003,1.9545529
5081,2.1600933,0.14107838,0.85,0.05,3.898558,2.2524526
5082,2.1512575,0.16265689,0.85,0.008638008497655392,3.9115155,2.1450465
5083,2.1845815,0.10506862,0.85,0.006665563210844994,3.892734,1.8403076
5084,2.1519725,0.089329466,0.85,0.05,4.288043,1.7133088
5085,2.170206,0.107833475,0.85,0.0055888802744448185,4.0613465,1.9117858
5086,2.2258654,0.12513082,0.85,0.015300952829420567,2.782444,2.5928917
5087,2.1515021,0.099760376,0.85,0.020304080098867416,4.426474,1.677302
5088,2.249399,0.13105509,0.3708783686161041,0.050977881997823715,2.4208584,2.1802423
5089,2.1240528,0.12298623,0.803379476070404,0.04116935655474663,4.8607254,1.8253344
5090,2.17462,0.1246541,0.7953545451164246,0.026858683675527573,4.4547524,2.464311
5091,2.1284306,0.14086899,0.8475099205970764,0.0011128600453957915,4.177241,1.754934
5092,2.247132,0.110210955,0.8466079235076904,0.012964447028934956,2.7900398,2.262785
5093,2.1217277,0.112064265,0.85,0.028856877237558365,5.550267,1.9857466
5094,2.1361008,0.14363965,0.85,0.02539340779185295,4.4203825,2.3279784
5095,2.1599145,0.14405376,0.85,0.05,4.368427,1.7928609
5096,2.288108,0.08099008,0.8393374085426331,0.05,2.483992,2.3663354
5097,2.2400541,0.082462825,0.8206979632377625,0.025647636502981186,3.2186286,2.3756351
5098,2.2167568,0.1391658,0.6531373262405396,0.050816118717193604,3.0086942,2.241905
5099,2.1611779,0.13861874,0.85,0.05,4.0600123,1.9756743
5100,2.2522001,0.11059763,0.570129930973053,0.021416226401925087,2.6034565,2.7441132
5101,2.1390216,0.15972424,0.8255982995033264,0.05,4.4122553,1.9072345
5102,2.1480384,0.15082096,0.85,0.05,4.460177,2.0568068
5103,2.1679554,0.13188523,0.8443829417228699,0.038096800446510315,3.9963667,2.0532835
5104,2.1854937,0.11818942,0.85,0.05,4.1049423,2.1315098
5105,2.1823463,0.20734309,0.85,0.05,3.0630004,2.4923353
5106,2.099867,0.18187918,0.85,0.05,4.6870875,1.718372
5107,2.1604264,0.1411383,0.8179275393486023,0.05,3.6281312,2.1827211
5108,2.1658175,0.12035481,0.85,0.05,4.3336535,1.9785541
5109,2.2667956,0.1520501,0.7061227560043335,0.047290220856666565,2.3569696,2.4019508
5110,2.2474015,0.07453814,0.85,0.028834572061896324,3.085702,2.4665558
5111,2.1758144,0.15653937,0.85,0.03932156786322594,3.8448546,2.5125813
5112,2.296409,0.13533889,0.832682192325592,0.03890104219317436,2.2511172,2.7393596
5113,2.2141476,0.14211902,0.85,0.01102744322270155,3.2533226,2.2035782
5114,2.2123835,0.10198615,0.8017389178276062,0.030180877074599266,3.575458,2.361108
5115,2.1529467,0.12996444,0.85,0.020078418776392937,4.1629577,2.305591
5116,2.1899674,0.0698965,0.7843834757804871,0.04193968325853348,4.057063,2.25403
5117,2.1975713,0.17224693,0.7742775678634644,0.021408716216683388,3.1076097,2.44919
5118,2.2643251,0.11760242,0.8258366584777832,0.022748813033103943,2.6042597,2.41397
5119,2.1659343,0.12039092,0.7912968993186951,0.031013494357466698,4.3352275,2.3901985
5120,2.201487,0.112548925,0.85,0.05,3.7611732,2.1672637
5121,2.1461902,0.13242276,0.8383987545967102,0.05,4.622132,1.681528
5122,2.2525911,0.0950147,0.85,0.018881618976593018,3.0127296,2.201457
5123,2.092446,0.17629018,0.85,0.05,5.2260857,1.4616691
5124,2.157819,0.15302242,0.85,0.03008456714451313,4.4635124,2.1114614
5125,2.2208414,0.1038121,0.85,0.012437963858246803,3.8289118,1.9774935
5126,2.1716566,0.123496145,0.6694259643554688,0.006174771580845118,3.8603573,2.100152
5127,2.1796818,0.0708548,0.85,0.03158332780003548,4.6261244,2.1425996
5128,2.2403843,0.15333469,0.85,0.05,2.8321564,2.340659
5129,2.2689166,0.13024245,0.7828360199928284,0.05,2.2613928,2.4726734
5130,2.222702,0.10480294,0.7751492261886597,0.016752369701862335,3.541673,2.2100348
5131,2.184828,0.0879684,0.7086400389671326,0.02770211733877659,4.06624,1.799955
5132,2.070915,0.12935199,0.85,0.05,6.450417,1.3615485
5133,2.1932817,0.10320689,0.8355621695518494,0.025229202583432198,3.6914616,2.2454436
5134,2.20454,0.12412325,0.85,0.05,3.4209237,2.4195712
5135,2.2294445,0.09782642,0.85,0.05,3.3288293,2.5747423
5136,2.2066226,0.12297786,0.8449358344078064,0.022236201912164688,3.7373269,2.0798488
5137,2.1562176,0.12304523,0.85,0.012186017818748951,4.756348,1.8107421
5138,2.2121422,0.12984695,0.85,0.05,3.4931536,2.1970832
5139,2.1654868,0.1354314,0.85,0.03331940621137619,4.073007,2.7165484
5140,2.3111598,0.119458646,0.85,0.039143308997154236,2.0971951,2.5737898
5141,2.1707451,0.1267744,0.7208602428436279,0.02979651279747486,3.897484,1.8366997
5142,2.1677058,0.14848252,0.85,0.02000751532614231,3.827698,1.7667196
5143,2.2127044,0.16607043,0.6832441091537476,0.07452981919050217,3.1648686,2.878439
5144,2.2297165,0.18522212,0.8255622982978821,0.03291301056742668,2.5634933,2.440643
5145,2.0576756,0.19212028,0.8069031834602356,0.02064407430589199,5.291263,1.4608521
5146,2.2117698,0.10718395,0.85,0.03255990147590637,3.3202994,1.9195526
5147,2.268871,0.048458938,0.85,0.05,3.0239735,2.3027837
5148,2.2123802,0.11345305,0.8320972919464111,0.05,3.3302498,2.3084145
5149,2.1868713,0.1407873,0.85,0.05,3.8691294,2.2094665
5150,2.1765232,0.12804762,0.85,0.05,3.4934018,2.1624959
5151,2.1206577,0.13305636,0.839134931564331,0.04779338464140892,4.176527,2.8237693
5152,2.105027,0.12559393,0.8210892677307129,0.03036901168525219,4.801379,1.5508516
5153,2.1453917,0.11514383,0.85,0.05,4.546015,2.2558157
5154,2.25607,0.123043306,0.3278507590293884,0.06321676075458527,2.4512088,2.3450532
5155,2.189311,0.14806841,0.85,0.05,3.0567045,2.0989096
5156,2.2212348,0.13362505,0.85,0.05,3.209205,2.713792
5157,2.1955738,0.100732096,0.85,0.02303205616772175,3.9075649,2.5248475
5158,2.1881802,0.1265935,0.85,0.026836054399609566,4.042636,2.186896
5159,2.1592665,0.118209235,0.85,0.009508165530860424,3.6289084,1.9587032
5160,2.104189,0.121141955,0.784304141998291,0.040192555636167526,5.360147,1.4267865
5161,2.2581632,0.12053838,0.85,0.05,2.47595,2.442349
5162,2.1566594,0.10432698,0.7968916296958923,0.05,4.204653,1.723851
5163,2.219303,0.13621491,0.8174909949302673,0.05,2.694774,2.5445735
5164,2.12964,0.12486433,0.85,0.05,4.6821337,1.746443
5165,2.1926444,0.120586164,0.85,0.010508239269256592,3.6956685,2.2595854
5166,2.3111837,0.09692569,0.6767538189888,0.06966424733400345,2.3601184,2.6926906
5167,2.1815417,0.10241456,0.8025760054588318,0.05,4.408744,1.8681979
5168,2.1856856,0.09264815,0.85,0.05,4.040953,2.1836197
5169,2.1662693,0.10212392,0.85,0.05,4.5220857,2.6543279
5170,2.1979222,0.087453835,0.8147208094596863,0.05,3.757082,1.8488226
5171,2.0630255,0.15393768,0.693385660648346,0.05,5.493075,1.3310208
5172,2.1972234,0.09397302,0.7742791175842285,0.05,3.6363332,1.7981038
5173,2.239589,0.12924522,0.85,0.05,2.5923932,2.2065039
5174,2.2116659,0.1138574,0.8166786432266235,0.05,3.1527002,2.1242297
5175,2.1872234,0.12187732,0.85,0.05,3.499097,2.7116017
5176,2.1233454,0.095201455,0.8225818872451782,0.014664252288639545,5.288921,1.5415975
5177,2.1745346,0.14854851,0.85,0.05,4.331464,2.5648859
5178,2.2214572,0.17602317,0.85,0.023263929411768913,2.6095884,2.8706603
5179,2.17319,0.09460039,0.85,0.05,4.423313,1.856387
5180,2.216183,0.11793835,0.85,0.01995985582470894,3.3605947,2.0717497
5181,2.1560876,0.11835916,0.8036543726921082,0.04429079219698906,3.9341083,1.8490986
5182,2.1602075,0.13325675,0.85,0.03365682065486908,4.3101745,2.0689688
5183,2.2294598,0.12832548,0.85,0.05,3.0047114,2.7349095
5184,2.174401,0.12793759,0.4855138957500458,0.05,3.8816059,2.133026
5185,2.2331216,0.10893773,0.5984331965446472,0.030776401981711388,2.5785184,2.6615674
5186,2.1086261,0.13073081,0.85,0.03317151218652725,5.2035136,1.6507208
5187,2.1943243,0.11821435,0.85,0.05,3.2929795,2.588578
5188,2.1527977,0.18308449,0.7689988017082214,0.026962801814079285,4.2184896,2.0313795
5189,2.2674644,0.12983625,0.8481199145317078,0.02990368753671646,2.485377,2.2024376
5190,2.1814053,0.11885556,0.85,0.05,3.6768725,1.8932282
5191,2.1201026,0.052772492,0.85,0.01971035823225975,5.625284,1.5479745
5192,2.1435182,0.1332863,0.80274897813797,0.0026186085306108,4.3988404,1.6896764
5193,2.190202,0.16851906,0.8274457454681396,0.05,3.2892478,2.2819595
5194,2.168475,0.12869014,0.85,0.05,4.423669,1.9631737
5195,2.1674092,0.14139056,0.5086985230445862,0.05,3.9755766,1.8673707
5196,2.1824217,0.15311685,0.85,0.05,3.8090491,2.0562785
5197,2.2692852,0.090311214,0.843574583530426,0.03860378637909889,2.2758741,2.8098717
5198,2.2054768,0.060571972,0.6683991551399231,0.05834808200597763,3.7085786,2.316037
5199,2.1746016,0.08411351,0.8339953422546387,0.03643107786774635,4.555975,1.605143
5200,2.159575,0.1307665,0.85,0.05,4.612936,2.0039902
5201,2.2080896,0.12975386,0.7257856130599976,0.01473176945000887,3.1419299,2.2195153
5202,2.1518896,0.13053125,0.825258195400238,0.05,4.525998,1.851917
5203,2.193996,0.13171194,0.85,0.05,3.7546935,2.0116477
5204,2.191039,0.15489702,0.85,0.05,3.2256637,1.7375865
5205,2.1775813,0.091702394,0.6776191592216492,0.05,3.9351616,1.7232554
5206,2.2351,0.18503103,0.85,0.05,2.6717699,2.6928287
5207,2.1964831,0.18233332,0.846354067325592,0.029218317940831184,3.2814705,2.6748245
5208,2.1734815,0.15688886,0.8330361843109131,0.03640298545360565,4.0786014,2.3038313
5209,2.2190866,0.12098323,0.8261175751686096,0.05,3.3035812,2.3565204
5210,2.1966708,0.13257486,0.85,0.018859578296542168,3.6789227,2.1684334
5211,2.2358623,0.052528813,0.6948270797729492,0.05,3.6976068,2.4034393
5212,2.2491972,0.102322504,0.85,0.05,2.7803514,2.17654
5213,2.173588,0.119803235,0.800629734992981,0.019385654479265213,3.777373,1.8100299
5214,2.1961133,0.12215094,0.8317480683326721,0.05,3.7294085,2.1761668
5215,2.0890896,0.13113287,0.85,0.05,4.9112287,1.3638991
5216,2.163992,0.14775355,0.85,0.025054022669792175,3.6420515,1.9043115
5217,2.2236214,0.04895237,0.85,0.031314246356487274,3.848433,2.5793247
5218,2.2157156,0.10512908,0.8402700424194336,0.05,3.356996,2.722129
5219,2.1841395,0.15292145,0.85,0.05,3.86493,2.1463144
5220,2.161585,0.061078563,0.8292016983032227,0.04031533747911453,4.334496,2.0021288
5221,2.1282775,0.15377004,0.85,0.004381478298455477,4.7718673,1.7702452
5222,2.194729,0.15573111,0.85,0.01933913864195347,3.2800126,2.4353957
5223,2.1768098,0.12934975,0.85,0.05,3.667409,1.9799061
5224,2.1745212,0.16124757,0.85,0.05,3.4626777,2.720568
5225,2.2603812,0.18265048,0.8181324601173401,0.01768888533115387,2.0663376,2.6541314
5226,2.1572251,0.13309838,0.85,0.05,4.2825837,1.6288108
5227,2.2294617,0.09134042,0.85,0.011549338698387146,3.3002617,2.6429298
5228,2.2263606,0.14697714,0.85,0.05,2.923602,2.5485568
5229,2.1078415,0.13423423,0.85,0.05,5.148003,1.4655162
5230,2.2077036,0.12465101,0.8171350359916687,0.051790401339530945,3.2584693,2.4665306
5231,2.2000272,0.089028664,0.8353654146194458,0.029689637944102287,4.10659,1.849851
5232,2.1625147,0.18234904,0.85,0.01805812679231167,3.9284177,2.3316212
5233,2.203677,0.1073821,0.85,0.05,3.9236076,2.035739
5234,2.1306548,0.15710133,0.8085288405418396,0.05,4.5460315,1.6327652
5235,2.122918,0.106554106,0.85,0.05,5.38453,1.4758571
5236,2.1443658,0.12280328,0.8418326377868652,0.05,4.6197176,2.2061167
5237,2.2753847,0.14115952,0.85,0.05,2.0972466,2.25309
5238,2.2342284,0.1345474,0.85,0.015830665826797485,2.770468,2.5775342
5239,2.1986542,0.14974603,0.85,0.05,3.5442293,1.8330042
5240,2.1407902,0.14318286,0.85,0.05,4.0325437,1.8187788
5241,2.120487,0.12633108,0.822294294834137,0.02962585724890232,4.51833,1.6499112
5242,2.1511059,0.0915942,0.8102694749832153,0.05,4.483026,1.7041115
5243,2.1500225,0.123139866,0.85,0.05,4.1967936,1.8693638
5244,2.1401908,0.102181636,0.85,0.029766591265797615,5.0701795,2.0308306
5245,2.1899445,0.059526585,0.85,0.05,4.021234,1.7495666
5246,2.0494494,0.2000707,0.5106387734413147,0.033704955130815506,5.49686,1.3405833
5247,2.17197,0.110656485,0.7793702483177185,0.010812735185027122,3.5528686,1.9896713
5248,2.1858528,0.11417429,0.85,0.05,3.8874495,2.0952125
5249,2.1519477,0.13284704,0.8379330039024353,0.03698395937681198,4.572602,2.1727448
5250,2.1997197,0.10102027,0.4930403232574463,0.0043008034117519855,3.5045712,2.3606071
5251,2.100946,0.14017151,0.85,0.05,4.5993023,1.7351809
5252,2.217292,0.16047724,0.6092222929000854,0.0429893434047699,2.8357818,2.8524678
5253,2.1880445,0.10387879,0.8334732055664062,0.05,4.2455716,1.8557161
5254,2.1831286,0.11371589,0.85,0.05,4.4753175,1.9857581
5255,2.1423807,0.13035655,0.85,0.01076190359890461,4.858442,1.8796016
5256,2.1256804,0.15692002,0.85,0.05,4.4533076,1.6110992
5257,2.1890774,0.1328877,0.8260473012924194,0.009334460832178593,3.5863793,1.8161335
5258,2.219583,0.07291512,0.85,0.05,3.3187327,2.2028825
5259,2.1752462,0.065328546,0.85,0.05,4.3693433,1.6903005
5260,2.2137933,0.1346822,0.837193489074707,0.05,3.437333,2.4228725
5261,2.185546,0.07092037,0.85,0.01944637857377529,4.03342,2.1301818
5262,2.2957108,0.08515446,0.8396678566932678,0.05644014850258827,2.3476229,2.841066
5263,2.183688,0.13136259,0.85,0.021211860701441765,3.8705647,2.4631383
5264,2.2995949,0.1566926,0.6764847636222839,0.028913728892803192,2.2920072,2.793447
5265,2.2233598,0.13513523,0.8486822247505188,0.03402257338166237,3.0531058,2.3380075
5266,2.1989014,0.13484746,0.85,0.023606013506650925,3.4287965,2.7211952
5267,2.11366,0.12443072,0.8416736721992493,0.010096432641148567,4.694227,1.6680388
5268,2.2206068,0.08968354,0.6008386611938477,0.02632598578929901,3.1607006,2.134552
5269,2.1844895,0.12872939,0.8359680771827698,0.03105415403842926,3.8212242,2.27731
5270,2.178073,0.116103895,0.85,0.014911623671650887,4.2240133,2.162766
5271,2.2211947,0.07094286,0.85,0.05,3.3282661,2.0977247
5272,2.2060597,0.1359645,0.85,0.05,3.3505316,2.6219137
5273,2.2611377,0.06903436,0.8383662700653076,0.02269943431019783,2.7023063,2.5493574
5274,2.147419,0.14360346,0.85,0.05,4.515855,1.8399674
5275,2.1313646,0.13525671,0.85,0.05,4.9784265,1.8015418
5276,2.1732306,0.06832461,0.85,0.05,4.325585,1.9889425
5277,2.1651895,0.107367426,0.8346729874610901,0.03781373053789139,4.561832,1.9973822
5278,2.112026,0.122334,0.85,0.05,4.4630394,1.5399709
5279,2.199056,0.14074233,0.8036963939666748,0.05,3.2011306,2.5010445
5280,2.2230334,0.09730178,0.8160094022750854,0.05,3.3917296,2.4219773
5281,2.17555,0.09733779,0.8209256529808044,0.017905911430716515,4.3978076,2.1053696
5282,2.1648242,0.086699635,0.823011040687561,0.05,4.063268,1.575264
5283,2.1605453,0.12757777,0.6407071948051453,0.05,4.6309705,1.8584085
5284,2.2153034,0.10041751,0.7007267475128174,0.05,3.3568823,2.7856932
5285,2.171691,0.12522839,0.85,0.0245452132076025,4.040258,2.5246356
5286,2.2261121,0.08664262,0.85,0.017443358898162842,3.6945384,2.09338
5287,2.1493964,0.18550067,0.85,0.05,4.375402,2.0623007
5288,2.1164644,0.16474222,0.85,0.011097781360149384,4.38113,1.9055619
5289,2.2078414,0.15360826,0.85,0.05,3.302489,2.3070412
5290,2.139558,0.09839131,0.8240836262702942,0.05,3.7770743,1.6914291
5291,2.2716215,0.14497618,0.8274678587913513,0.042078085243701935,2.4235375,2.815993
5292,2.271202,0.027196448,0.3916591703891754,0.05,3.1127572,2.6093228
5293,2.204284,0.04467011,0.8346215486526489,0.05,4.3585267,2.1007617
5294,2.1831074,0.06517128,0.841305673122406,0.023801736533641815,4.648372,1.7834994
5295,2.0875072,0.093783244,0.85,0.02828397788107395,5.805606,1.5164677
5296,2.1034248,0.1086561,0.85,0.05,5.246271,1.4386694
5297,2.2281737,0.04874488,0.85,0.05,3.580285,2.2179182
5298,2.1255798,0.09778251,0.7639564871788025,0.05,4.9281015,1.3922038
5299,2.133745,0.10124789,0.8269127607345581,0.0175260528922081,4.5335245,1.4984343
5300,2.238794,0.105254196,0.85,0.05,3.209469,2.6391308
5301,2.173398,0.09142227,0.7129719853401184,0.05,3.9370813,2.1500392
5302,2.13598,0.1255765,0.8277298212051392,0.03027566708624363,4.613501,2.4442039
5303,2.13923,0.10949156,0.85,0.0365903377532959,5.007028,2.153424
5304,2.1659536,0.12899019,0.85,0.05,4.112412,1.9879373
5305,2.263486,0.11069853,0.7936577796936035,0.05507995933294296,2.4688334,2.6967266
5306,2.2656069,0.11952156,0.41925328969955444,0.07041793316602707,2.7065363,1.851918
5307,2.1626008,0.101848274,0.7982118725776672,0.013742203824222088,3.625901,1.7029479
5308,2.1748161,0.1290313,0.7865920066833496,0.021703969687223434,3.9809508,2.1978874
5309,2.2027516,0.122560285,0.8210803270339966,0.010717078112065792,3.7149127,1.9557444
5310,2.1875434,0.1261593,0.8109871745109558,0.05,3.3888257,1.9525936
5311,2.1935406,0.1485959,0.85,0.05,2.7876995,2.6093824
5312,2.1676958,0.19033144,0.85,0.02056506648659706,3.3335447,1.7885412
5313,2.1501203,0.1089903,0.816649317741394,0.05,4.3882456,1.6387632
5314,2.1449442,0.1310421,0.85,0.008961423300206661,4.4336953,1.971718
5315,2.1818018,0.1266896,0.8312516808509827,0.05,4.095948,1.8717663
5316,2.2090206,0.09544367,0.85,0.05,3.3459477,2.342341
5317,2.308375,0.08830485,0.6930973529815674,0.07142072170972824,2.163151,2.672823
5318,2.2036772,0.11984609,0.8341742753982544,0.051487114280462265,3.474979,2.4281065
5319,2.1746817,0.1806342,0.85,0.02221299521625042,3.469455,2.2288854
5320,2.1959321,0.08016239,0.5796281099319458,0.027600497007369995,3.76296,1.7931681
5321,2.144501,0.111866556,0.85,0.05,4.442207,1.6631761
5322,2.2294543,0.14859341,0.85,0.023765044286847115,2.7044475,2.443427
5323,2.0999835,0.12329013,0.6460598707199097,0.013104272074997425,4.969561,1.5160003
5324,2.1687422,0.13642778,0.85,0.023664483800530434,3.9660223,2.163435
5325,2.190595,0.10459458,0.85,0.05,3.7094512,2.250998
5326,2.1845381,0.08406782,0.626125156879425,0.05,3.7984538,1.8196952
5327,2.1081424,0.07965426,0.85,0.00233004754409194,5.2158504,1.4459188
5328,2.1261263,0.111184426,0.6786403656005859,0.05,4.6505146,1.8823962
5329,2.2065291,0.11591372,0.85,0.05,3.8830056,2.3936563
5330,2.2331836,0.12134971,0.85,0.05,2.7737234,2.7726285
5331,2.1496637,0.116494015,0.85,0.01432843878865242,4.3490686,1.8881581
5332,2.1615882,0.12551776,0.85,0.01767703704535961,4.146223,1.8187597
5333,2.185422,0.13301997,0.85,0.030987467616796494,3.816225,2.283913
5334,2.3007698,0.17652868,0.8356286287307739,0.05,2.2085142,2.6345186
5335,2.2014122,0.08462225,0.8428298830986023,0.03196963667869568,3.9946568,2.212955
5336,2.2252192,0.11098018,0.85,0.05,3.064762,2.4926045
5337,2.174638,0.056116432,0.85,0.003342570038512349,4.4452553,1.7621992
5338,2.198102,0.13333116,0.7166869640350342,0.08051339536905289,3.810785,1.9671484
5339,2.2196884,0.061948497,0.6714366674423218,0.05,3.599596,1.8581032
5340,2.1760726,0.12600939,0.85,0.05,4.1649523,2.0601647
5341,2.181824,0.1135469,0.8319393396377563,0.010888778604567051,3.665312,2.474352
5342,2.1955123,0.11053497,0.85,0.02737394906580448,3.4404304,2.2394154
5343,2.2049785,0.14123172,0.85,0.05,2.6540236,2.5307553
5344,2.196277,0.063280374,0.5894730687141418,0.06376778334379196,3.7539256,2.4391253
5345,2.162786,0.11797935,0.8278163075447083,0.029696453362703323,3.793548,2.1094096
5346,2.2235456,0.13072151,0.85,0.012918662279844284,3.0314257,2.6122086
5347,2.183002,0.11311779,0.85,0.05,4.2570324,2.1080196
5348,2.2678063,0.1211255,0.6718273758888245,0.03786233440041542,2.1148317,2.5062225
5349,2.2292893,0.1412058,0.85,0.05,2.921341,2.7005537
5350,2.2886276,0.109960556,0.6502808332443237,0.02078613080084324,2.2444863,2.7748764
5351,2.1886566,0.1488549,0.85,0.05,3.8588958,2.0722795
5352,2.2415235,0.13554716,0.85,0.05,2.7760146,2.662168
5353,2.1908035,-0.004593111,0.85,0.05,4.5513935,1.4280396
5354,2.1224034,0.09168723,0.85,0.05,4.727687,1.3944443
5355,2.1916323,0.113495335,0.85,0.05,3.8171475,2.2601833
5356,2.14436,0.09775496,0.8115178942680359,0.05,4.8055563,1.7203544
5357,2.2661726,0.14454745,0.8298385143280029,0.03248181939125061,2.4004946,2.5825083
5358,2.1841936,0.11679453,0.42235228419303894,0.05,4.08103,1.6453663
5359,2.2354045,0.11959483,0.8320674896240234,0.049665097147226334,2.7814205,2.5287595
5360,2.14173,0.15326202,0.85,0.05,4.1959796,2.0293586
5361,2.149762,0.119892076,0.85,0.05,4.418367,1.8137306
5362,2.1859107,0.11586587,0.8151892423629761,0.05,4.056376,2.148618
5363,2.232374,0.08025783,0.85,0.05,3.228307,2.7607791
5364,2.16185,0.12769483,0.85,0.009320071898400784,4.1068296,2.0625732
5365,2.2194755,0.09818249,0.85,0.02037578448653221,3.1965601,2.7722504
5366,2.199689,0.16910385,0.85,0.04287206009030342,3.0275238,2.876099
5367,2.2937057,0.09995298,0.35873687267303467,0.06908387690782547,2.0856302,2.748284
5368,2.204732,0.11844847,0.85,0.025505686178803444,3.8796916,2.5813887
5369,2.1348727,0.24528056,0.85,0.026329027488827705,3.8195343,2.5200336
5370,2.2384007,0.1321762,0.8491491079330444,0.03117218054831028,2.8343027,2.71781
5371,2.1847537,0.12043391,0.8123493790626526,0.05,4.050774,1.8565807
5372,2.191581,0.07672182,0.7420869469642639,0.00447669206187129,3.8529398,2.0678675
5373,2.2158318,0.11525729,0.85,0.05,3.11766,2.6903918
5374,2.145157,0.05953831,0.8293648958206177,0.05,4.6275687,1.6953765
5375,2.268568,0.16392359,0.7846275568008423,0.03976228088140488,2.418726,2.7453096
5376,2.2312465,0.084777795,0.85,0.05,2.9400337,2.173488
5377,2.1440005,0.12310242,0.805267870426178,0.038982849568128586,4.1649666,1.8273023
5378,2.143142,0.0689146,0.85,0.05,4.9290104,1.7425482
5379,2.1697042,0.16007668,0.6088611483573914,0.03250449523329735,3.8298845,2.0968888
5380,2.2035704,0.06415024,0.8034009337425232,0.05,3.846847,2.1686203
5381,2.199618,0.099073395,0.833112895488739,0.07212270051240921,4.428715,2.2563806
5382,2.1793308,0.092726886,0.85,0.01567956618964672,3.695764,2.3211346
5383,2.1976457,0.1746733,0.85,0.05,3.1197922,2.2167437
5384,2.1540923,0.10430915,0.8212190270423889,0.028108183294534683,4.467394,1.8275439
5385,2.192539,0.13219465,0.5571417212486267,0.029616523534059525,3.4842281,2.2450025
5386,2.1667223,0.12923545,0.85,0.05,3.9690685,1.9149551
5387,2.19464,0.0907179,0.85,0.05,3.9861557,2.0019984
5388,2.1462343,0.14406845,0.85,0.05,4.17347,1.8773303
5389,2.144708,0.12721993,0.8178665041923523,0.05,3.9823303,1.2946013
5390,2.1960387,0.15592602,0.85,0.05,2.8789716,2.7611449
5391,2.166511,0.1812309,0.85,0.015556564554572105,4.030663,2.5213323
5392,2.2242885,0.14584352,0.8179250955581665,0.025483474135398865,2.6280653,2.5932443
5393,2.2277203,0.2032518,0.85,0.02255071885883808,2.4570029,2.6909685
5394,2.2016082,0.07061035,0.32489529252052307,0.044663384556770325,3.78514,2.308266
5395,2.128167,0.16255856,0.85,0.026201851665973663,4.3549833,1.9332958
5396,2.1330795,0.10028326,0.8392632007598877,0.05,5.0581727,1.8731521
5397,2.252398,0.13899532,0.6750785112380981,0.05814661830663681,2.8963487,2.8276172
5398,2.2055602,0.10531554,0.85,0.05,3.428868,2.2245889
5399,2.1163044,0.13158306,0.85,0.05,5.1539836,1.6209009
5400,2.2120426,0.08021498,0.8122265934944153,0.05,3.6973116,2.5118837
5401,2.1823978,0.13405366,0.85,0.017946971580386162,3.7269554,2.214659
5402,2.1549659,0.10274529,0.812431812286377,0.05,4.466686,2.1347487
5403,2.2204604,0.11750791,0.85,0.04380909353494644,3.179367,2.587625
5404,2.1248138,0.17367108,0.85,0.0317501462996006,4.8995004,1.8754908
5405,2.1650436,0.0952641,0.85,0.05,4.158235,1.9909934
5406,2.1558769,0.12401031,0.6539303660392761,0.05499770864844322,4.474214,2.0113895
5407,2.1179585,0.14341617,0.85,0.05,4.287828,1.6424761
5408,2.2045372,0.099539414,0.85,0.004312922712415457,3.6055808,2.2392025
5409,2.1460629,0.09873661,0.8403253555297852,0.012230471707880497,4.2664933,1.7713633
5410,2.2561796,0.13011011,0.8243588209152222,0.05,2.940978,2.6426866
5411,2.2799323,0.05863331,0.85,0.021835196763277054,2.4728348,2.5811968
5412,2.2213154,0.09280096,0.8105781078338623,0.03769140690565109,3.086629,2.1532063
5413,2.1192906,0.14322886,0.85,0.05,4.7728376,2.0817034
5414,2.1732805,0.13015546,0.85,0.01754438504576683,4.075754,2.2340312
5415,2.1982188,0.07574475,0.85,0.05,3.7980058,1.957464
5416,2.1943374,0.120165415,0.85,0.05,3.9487138,2.183354
5417,2.2444685,0.15979224,0.8245334029197693,0.05,2.567732,2.6840718
5418,2.2152553,0.1225812,0.85,0.05,3.0575068,2.2578664
5419,2.2073824,0.16965523,0.85,0.05,3.3496366,2.2112842
5420,2.2553308,0.07124424,0.828847348690033,0.009249999187886715,2.7024512,2.1978638
5421,2.2235856,0.17841075,0.85,0.05,2.960225,2.3870852
5422,2.191043,0.06403733,0.8185910582542419,0.05,4.8596697,2.2835143
5423,2.1849682,0.09382037,0.85,0.022038832306861877,3.8243916,1.7152514
5424,2.1881592,0.13632742,0.8123626708984375,0.05,3.8809726,2.0640755
5425,2.3162682,0.10437269,0.6792519092559814,0.05691499263048172,2.4131927,2.7571645
5426,2.1709073,0.19991314,0.817679226398468,0.03685562685132027,3.5518694,2.27548
5427,2.2928836,0.057071343,0.8351455926895142,0.055788133293390274,2.9013293,2.740913
5428,2.0875554,0.15629539,0.7947726249694824,0.05,5.4327726,1.48365
5429,2.1705914,0.15566327,0.5820110440254211,0.05,4.2143865,2.129681
5430,2.2398481,0.12922491,0.8434133529663086,0.03585144877433777,2.6752036,2.405792
5431,2.143843,0.021013321,0.85,0.010599673725664616,5.177706,1.5101154
5432,2.1420095,0.10938849,0.7963461875915527,0.006477592047303915,4.5239124,1.5058231
5433,2.1870995,0.15986949,0.85,0.025257578119635582,3.9283292,2.1476495
5434,2.1791494,0.12520601,0.85,0.036770183593034744,3.9630253,2.1785371
5435,2.2169068,0.08256382,0.85,0.05,3.3356965,1.968519
5436,2.108955,0.12407521,0.85,0.05,4.8993917,1.4097623
5437,2.1211991,0.10765671,0.8030264973640442,0.02409042790532112,4.8745193,1.5334677
5438,2.1859515,0.13786267,0.8343706130981445,0.04139186814427376,3.8830163,2.3295374
5439,2.1882503,0.083762914,0.85,0.05,3.8246,2.0456884
5440,2.1958714,0.15365435,0.85,0.02263573929667473,3.36998,2.5187435
5441,2.1949117,0.08177899,0.8462716341018677,0.029628707095980644,4.244812,2.1611478
5442,2.2626474,0.09395142,0.7105615735054016,0.040025293827056885,2.7411585,2.5883226
5443,2.2485037,0.09614472,0.85,0.012038512155413628,2.9133408,2.5059628
5444,2.1627152,0.10941603,0.5308098793029785,0.0218928512185812,4.225015,2.0519395
5445,2.1500401,0.09253,0.8468382954597473,0.020754313096404076,4.4759517,1.9931029
5446,2.1706898,0.15009527,0.8306636214256287,0.05,4.3504577,2.0225363
5447,2.115258,0.11929756,0.85,0.05,4.7492347,1.6722538
5448,2.0796485,0.16170822,0.85,0.05,5.4078603,1.4803554
5449,2.1075647,0.18097357,0.85,0.05,4.4332986,1.8124368
5450,2.252291,0.10366033,0.6903567314147949,0.011030134744942188,2.5495365,2.6730955
5451,2.296197,0.10231522,0.7988252639770508,0.05,2.2746701,2.4840798
5452,2.1289103,0.12922136,0.8394272327423096,0.05,4.699615,1.9201175
5453,2.1333375,0.18110129,0.5597480535507202,0.04292234405875206,4.1544394,2.186283
5454,2.2046604,0.1868238,0.85,0.02123090997338295,3.1846547,2.5639694
5455,2.1853476,0.1831997,0.5719270706176758,0.015201709233224392,3.0942163,2.3711624
5456,2.1646395,0.15302381,0.85,0.05,3.8740988,2.6363869
5457,2.219079,0.08274603,0.85,0.011043176986277103,3.820944,2.6822588
5458,2.3278868,0.10985935,0.6923176646232605,0.018038291484117508,2.0158823,2.639383
5459,2.1628447,0.1279208,0.5340772271156311,0.05,4.2982826,1.9039814
5460,2.1507683,0.06874698,0.6414063572883606,0.06740861386060715,4.9798784,2.3395646
5461,2.1700804,0.16376661,0.7835686206817627,0.056271351873874664,3.9645686,1.8948581
5462,2.1157708,0.1621442,0.85,0.05,4.5118117,1.8946147
5463,2.1689172,0.10039391,0.817764163017273,0.028567563742399216,3.844502,2.1629229
5464,2.1553252,0.12597919,0.85,0.05,4.3531566,1.6971098
5465,2.2035897,0.085388996,0.5490177869796753,0.05,3.757149,1.9504194
5466,2.197,0.1175762,0.8175752758979797,0.022823425009846687,3.3830655,2.6092696
5467,2.1664474,0.15479475,0.85,0.01219969056546688,4.159609,1.9990523
5468,2.2480984,0.038104963,0.35130825638771057,0.026791751384735107,3.338975,2.1853817
5469,2.1981332,0.15332404,0.85,0.05,3.4988885,2.3988626
5470,2.1153529,0.14726743,0.85,0.05,5.419914,1.5305445
5471,2.184846,0.11126399,0.85,0.05,4.2537174,2.0531971
5472,2.2022266,0.091902904,0.85,0.021722868084907532,3.8315556,2.153857
5473,2.204475,0.15329738,0.7199333310127258,0.029037311673164368,3.1249125,2.2536454
5474,2.1464877,0.10114559,0.8358994126319885,0.02382073551416397,4.330322,2.1088068
5475,2.209612,0.13233842,0.85,0.05,3.4671917,2.485052
5476,2.0401707,0.13500361,0.8275163769721985,0.022299911826848984,6.922791,1.2686925
5477,2.1442392,0.17292598,0.85,0.05,4.3474975,2.4469295
5478,2.235339,0.13229695,0.85,0.05,2.7108252,2.4104412
5479,2.2014546,0.12518209,0.8018691539764404,0.017544271424412727,3.775385,2.1261427
5480,2.2470412,0.13077278,0.8043568134307861,0.05661489814519882,2.5607736,2.783909
5481,2.2351558,0.10293911,0.85,0.05,3.312571,1.9094115
5482,2.2066731,0.078061596,0.5638811588287354,0.041974086314439774,3.8288622,2.5389066
5483,2.173501,0.1324171,0.85,0.05,4.126475,2.5714421
5484,2.147434,0.18880558,0.85,0.05,4.1703506,2.1446884
5485,2.2992303,0.14555186,0.7199938297271729,0.028152070939540863,2.4198053,2.5579562
5486,2.1936383,0.12520395,0.85,0.05,3.4691093,2.1141672
5487,2.1055298,0.17191425,0.85,0.05,4.8600845,1.7309182
5488,2.1213603,0.13992105,0.85,0.05,4.75214,1.5066812
5489,2.2262187,0.10863622,0.85,0.05,3.3596487,2.5752916
5490,2.288873,0.16877572,0.8382909893989563,0.05,2.2529283,2.6323063
5491,2.1721842,0.10228081,0.85,0.05,3.9891977,1.8692997
5492,2.2409992,0.09821605,0.85,0.05,2.9913347,2.6713803
5493,2.148732,0.11712259,0.85,0.05,4.4291286,1.7790709
5494,2.1911063,0.13419977,0.85,0.006398492027074099,3.531031,2.146738
5495,2.1388872,0.16658492,0.6807677745819092,0.04461688548326492,4.252839,2.0035148
5496,2.1521947,0.12580533,0.8193569183349609,0.05,4.559861,1.7459798
5497,2.1860623,0.1266399,0.85,0.01519392803311348,3.4493783,2.7204423
5498,2.154266,0.13964534,0.46269792318344116,0.05,4.3736444,1.9344405
5499,2.2654393,0.12695064,0.8377522230148315,0.05,2.222519,2.5556526
5500,2.2518532,0.14501859,0.85,0.05,2.7252421,2.1869972
5501,2.2151694,0.09019337,0.85,0.004467622376978397,3.654858,2.0504067
5502,2.1957815,0.079989046,0.85,0.05,3.6938117,1.971472
5503,2.2022662,0.108359486,0.7679837942123413,0.023864250630140305,3.96042,2.2284625
5504,2.3149447,0.141763,0.8232135772705078,0.045207809656858444,2.0591779,2.8688235
5505,2.1886053,0.12969914,0.85,0.018670333549380302,4.053027,2.1585395
5506,2.1495204,0.1554036,0.85,0.05,4.1173067,1.7476457
5507,2.2352257,0.13214917,0.8188583850860596,0.05,2.6843398,2.7023845
5508,2.1681106,0.10763232,0.8032386898994446,0.05,3.947542,1.8365306
5509,2.2180161,0.12367383,0.8092148303985596,0.021021734923124313,3.2747667,2.2176425
5510,2.1037643,0.07299634,0.843097448348999,0.025553375482559204,5.9206276,1.4650556
5511,2.1675344,0.106674194,0.85,0.05,4.403072,1.888391
5512,2.1020977,0.1256751,0.8388774394989014,0.05,4.629377,1.4879925
5513,2.201731,0.10790779,0.85,0.05,3.9275317,2.4908066
5514,2.207957,0.12771586,0.8089091777801514,0.05,3.4460952,2.4884245
5515,2.244645,0.11551153,0.85,0.05,3.1470861,2.118765
5516,2.1428263,0.09284,0.85,0.05,4.3173766,1.568624
5517,2.194314,0.037246626,0.6637334823608398,0.054945897310972214,3.783402,1.9650341
5518,2.1941,0.11940492,0.85,0.05,3.8343956,2.1158123
5519,2.209225,0.10123938,0.85,0.05,3.5349386,2.6133804
5520,2.1240444,0.13958569,0.85,0.05,4.818937,1.7230116
5521,2.1927333,0.14008987,0.8488144278526306,0.04697263240814209,3.5796266,2.5932887
5522,2.1215892,0.13667898,0.85,0.021259041503071785,5.0438113,1.6992308
5523,2.3264072,0.116477475,0.8455949425697327,0.05303770303726196,2.0459507,2.4476056
5524,2.1389344,0.16104229,0.6538990139961243,0.028130123391747475,4.4809074,1.9325303
5525,2.1808782,0.15938732,0.85,0.05,3.1010847,2.86931
5526,2.2202473,0.14014168,0.85,0.05,3.4521422,2.8045154
5527,2.170501,0.117243335,0.826176106929779,0.04220594838261604,4.3035336,2.2020917
5528,2.2185378,0.113497354,0.85,0.05,3.1757338,2.501506
5529,2.1820068,-0.009017025,0.85,0.05,4.7398643,1.5515882
5530,2.1960976,0.14874712,0.626023530960083,0.05,3.175676,2.1803308
5531,2.1874537,0.12395067,0.5282825231552124,0.05626343563199043,3.9712977,2.222988
5532,2.1841743,0.092493,0.49637371301651,0.05,3.807056,2.3278604
5533,2.222507,0.13725582,0.85,0.00016784807667136192,2.643479,2.4338467
5534,2.133607,0.11982261,0.8122656941413879,0.006772659718990326,4.2761493,1.6242481
5535,2.2652664,0.1391327,0.85,0.04457563906908035,2.4139836,2.6041837
5536,2.1466763,0.13670443,0.85,0.05,4.071438,2.1080024
5537,2.13,0.13313901,0.85,0.05,4.719354,1.834599
5538,2.1983786,0.12893203,0.6919167041778564,0.05,3.3604116,2.61158
5539,2.1656377,0.12885156,0.85,0.008437101729214191,4.191692,1.9968327
5540,2.232336,0.10598581,0.8091601729393005,0.05,3.2176569,2.4045045
5541,2.1715422,0.124828495,0.7916763424873352,0.0059944805689156055,3.8875961,1.9817472
5542,2.1741526,0.09367816,0.8094768524169922,0.013474252074956894,4.115964,1.8902243
5543,2.1769333,0.12773216,0.85,0.020260807126760483,3.568854,2.7000785
5544,2.0920444,0.07772347,0.85,0.02832338586449623,6.150056,1.6223938
5545,2.2031715,0.093064725,0.85,0.05,3.6553593,1.7184715
5546,2.2776875,0.13731614,0.85,0.03211379423737526,2.4441342,2.5167632
5547,2.2046547,0.122410916,0.85,0.036977618932724,3.676397,2.4333065
5548,2.1706495,0.16597332,0.85,0.0001724795438349247,3.4217494,2.2394278
5549,2.1244397,0.1053408,0.85,0.05,5.1724133,1.6853889
5550,2.2473373,0.12684143,0.7129451036453247,0.028805823996663094,2.5472746,2.767441
5551,2.1032271,0.16082694,0.8260084390640259,0.05,4.5612535,1.701867
5552,2.1963856,0.060570657,0.85,0.05,4.300834,2.2260253
5553,2.1388462,0.16770199,0.3515833616256714,0.044945381581783295,3.976518,1.79687
5554,2.110648,0.11812372,0.85,0.05,4.985822,2.1723547
5555,2.1663296,0.12988508,0.7707576751708984,0.05,3.72909,1.6670947
5556,2.2860627,0.066166975,0.8144867420196533,0.04323553666472435,2.3821492,2.7505488
5557,2.2550116,0.017619938,0.85,0.05,3.2897773,2.4962723
5558,2.210215,0.12780277,0.8498570919036865,0.01615508273243904,3.2149658,2.2002769
5559,2.1230474,0.112782285,0.8401831388473511,0.0124755734577775,4.6599097,1.6202911
5560,2.1921244,0.17137255,0.85,0.023052042350172997,3.124963,2.2162094
5561,2.2383924,0.005483031,0.7934014797210693,0.05,3.5062492,2.4486837
5562,2.2466447,0.180295,0.85,0.03101583570241928,2.4313042,2.7768745
5563,2.1992764,0.11519387,0.5337948203086853,0.009862619452178478,3.0507708,2.2519703
5564,2.1796486,0.13166304,0.829969584941864,0.044729672372341156,4.284426,2.1502972
5565,2.1406817,0.14900792,0.85,0.05,4.5798182,2.065083
5566,2.1753054,0.12422888,0.85,0.0018445240566506982,4.0520077,2.2043447
5567,2.146378,0.17008531,0.85,0.05,4.0607586,1.8625637
5568,2.1592674,0.09711382,0.8025410771369934,0.01328982412815094,4.929154,1.747208
5569,2.0825074,0.110151395,0.85,0.05,5.105189,1.2775451
5570,2.137774,0.15977415,0.85,0.05,4.5130887,1.8296982
5571,2.1866214,0.101285055,0.85,0.006625906098634005,3.758886,1.9895211
5572,2.1659377,0.1482522,0.5092067122459412,0.020328424870967865,3.9102232,1.9070252
5573,2.1391377,0.1800315,0.6407235860824585,0.03613940253853798,4.038218,1.8856939
5574,2.1758144,0.099664584,0.8324364423751831,0.04230238497257233,3.9916599,2.4044383
5575,2.0898924,0.161526,0.85,0.05,4.588294,1.6130623
5576,2.1646802,0.1172362,0.85,0.05,4.233864,2.092966
5577,2.1200938,0.13180676,0.8210277557373047,0.017854399979114532,4.843159,1.7861938
5578,2.0643518,0.1428482,0.8409993052482605,0.026484543457627296,5.709307,1.3106327
5579,2.1535609,0.072097026,0.5687998533248901,0.05,4.431657,1.5114359
5580,2.1886594,0.09398628,0.8128759860992432,0.05,4.0446253,1.8466654
5581,2.083588,0.11190305,0.8471640348434448,0.009487484581768513,5.325358,1.5728382
5582,2.3181312,0.09752435,0.4673779606819153,0.0032524606212973595,2.02785,2.3839703
5583,2.1390278,0.12519576,0.8388144373893738,0.05,4.4979553,1.9847411
5584,2.1696515,0.10597203,0.85,0.03102131187915802,3.9303904,1.8655653
5585,2.1657598,0.1351019,0.85,0.01832871325314045,3.9395096,2.1232545
5586,2.1808958,0.11646969,0.8184844255447388,0.03754202648997307,4.1512938,1.7350688
5587,2.2397285,0.13058728,0.6914758086204529,0.05,2.3005874,2.41905
5588,2.1869202,0.13599923,0.8379419445991516,0.028470009565353394,3.6828833,2.1202545
5589,2.123176,0.11195968,0.85,0.05,4.704431,1.6518344
5590,2.185836,0.12615815,0.6054572463035583,0.038640521466732025,3.8371484,2.18864
5591,2.1958942,0.14182562,0.7910159826278687,0.016661452129483223,3.4940236,2.1411464
5592,2.1613848,0.12354235,0.85,0.05,4.050309,1.7484394
5593,2.188137,0.09340146,0.8400100469589233,0.05,4.17084,2.1607106
5594,2.244794,0.10418176,0.8271835446357727,0.04646657779812813,2.8082583,2.2066045
5595,2.1541321,0.134645,0.85,0.05,4.4175024,2.038775
5596,2.2461092,0.12927583,0.8392995595932007,0.02800409309566021,2.2650697,2.818999
5597,2.2469335,0.06932282,0.85,0.034948091953992844,3.196901,2.1786268
5598,2.310936,0.11298551,0.5415945649147034,0.05,2.4003682,2.3997786
5599,2.2445583,0.16525662,0.8443077802658081,0.05,2.4359767,2.1914737
5600,2.1344907,0.18391693,0.6662231683731079,0.028929591178894043,4.520993,2.237606
5601,2.1506605,0.13865943,0.8017531037330627,0.020377982407808304,4.045692,2.0505946
5602,2.0965605,0.11178388,0.85,0.0036400360986590385,5.361961,1.5187931
5603,2.1961422,0.113791,0.832649827003479,0.029414528980851173,3.1141307,2.1356337
5604,2.119344,0.12620556,0.8279439210891724,0.04008440673351288,4.731583,1.9041984
5605,2.11639,0.13448168,0.5697920918464661,0.02347877249121666,5.5210404,1.9910344
5606,2.1250393,0.15258978,0.85,0.05,4.756846,1.929901
5607,2.210536,0.08488245,0.85,0.020218687132000923,3.3298948,2.3136332
5608,2.2051826,0.09951038,0.6162041425704956,0.05649048462510109,3.7030923,2.608721
5609,2.228916,0.15314212,0.3682270348072052,0.07495837658643723,3.0185788,2.6143064
5610,2.2208865,0.13447084,0.85,0.014946162700653076,2.7005157,2.908288
5611,2.2495048,0.12630124,0.85,0.006372915115207434,2.5947087,2.528876
5612,2.137842,0.12294406,0.8183444738388062,0.05,4.646247,1.549661
5613,2.1294827,0.1170824,0.85,0.05,4.545397,1.5907102
5614,2.2035205,0.066168636,0.821884036064148,0.05,4.2154274,2.1057792
5615,2.2261808,0.11715354,0.8407931327819824,0.018964383751153946,2.6858902,2.4457436
5616,2.2245364,0.11041772,0.7076864838600159,0.05,3.2289689,2.296051
5617,2.20964,0.1308697,0.85,0.021678579971194267,3.522125,2.2062995
5618,2.1229007,0.08545439,0.8117902874946594,0.05,4.7961354,1.4612325
5619,2.156075,0.12782227,0.8409785032272339,0.05,4.4926043,1.9838679
5620,2.1922493,0.10000696,0.85,0.05,4.0708666,1.91667
5621,2.1460915,0.07548924,0.85,0.05,4.990472,1.6052201
5622,2.17236,0.14446229,0.85,0.05,4.0200725,1.8866717
5623,2.1461186,0.06326455,0.8214417099952698,0.041161298751831055,5.1052423,1.651854
5624,2.1665764,0.11338568,0.8153358101844788,0.05617371201515198,4.1677003,1.9435214
5625,2.1534977,0.13139695,0.8256434798240662,0.012930123135447502,3.997987,2.018522
5626,2.2553859,0.050866768,0.85,0.02337070368230343,3.1117072,2.2489398
5627,2.2129269,0.15216234,0.85,0.05,3.1750922,2.2764337
5628,2.16645,0.16331139,0.7171404361724854,0.05,3.8911262,2.050498
5629,2.155166,0.10290359,0.737271785736084,0.05,3.7630956,2.007664
5630,2.2637086,0.08608042,0.85,0.00795480702072382,2.4252324,2.429538
5631,2.1902297,0.13676265,0.8321277499198914,0.03830238804221153,3.2757878,2.4389586
5632,2.2466226,0.1347565,0.85,0.010221246629953384,2.651261,2.3124843
5633,2.2261772,0.13148846,0.85,0.05,3.093431,2.4582994
5634,2.2316566,0.0918534,0.85,0.013930963352322578,3.0973048,2.260475
5635,2.1711981,0.15817876,0.85,0.015252362005412579,3.6808376,2.171573
5636,2.235355,0.15688147,0.7978228330612183,0.05,2.8344936,2.537578
5637,2.1466906,0.1438681,0.85,0.02849440649151802,4.975147,1.7784796
5638,2.158767,0.10806374,0.6613180041313171,0.04173554107546806,4.6429033,1.6177135
5639,2.1904175,0.048419252,0.85,0.05,4.4009924,1.7164284
5640,2.1496782,0.12508734,0.8198763132095337,0.05,4.624675,1.7724056
5641,2.1299803,0.08553187,0.8408439755439758,0.0033279741182923317,4.9817953,1.543873
5642,2.1780777,0.12961824,0.8419234156608582,0.0330183245241642,4.088038,2.1092546
5643,2.1942942,0.12536709,0.85,0.05,3.6414466,2.2039914
5644,2.171049,0.13065766,0.85,0.05,3.8316174,2.027329
5645,2.2008135,0.108916804,0.85,0.05,3.9221256,2.072105
5646,2.138389,0.21070425,0.8148776292800903,0.006927981972694397,3.9442692,2.327437
5647,2.195154,0.117051385,0.639647901058197,0.06525629758834839,3.634723,2.7303019
5648,2.1606653,0.12569985,0.85,0.028330622240900993,4.376768,2.2879639
5649,2.1983905,0.10303156,0.8148778676986694,0.007289930712431669,3.7919252,2.1437523
5650,2.23589,0.13288227,0.85,0.03358449414372444,2.684983,2.4778273
5651,2.2493463,0.12799633,0.828272819519043,0.05,2.9088774,2.3368227
5652,2.170423,0.14719856,0.727189302444458,0.04861995950341225,4.332296,1.9655699
5653,2.103571,0.06781846,0.8069767355918884,0.05,5.7130737,1.4188706
5654,2.1524446,0.10681947,0.8337819576263428,0.03918958082795143,4.147583,1.9844879
5655,2.1826656,0.15935117,0.8316857218742371,0.034567367285490036,3.8190873,1.9571849
5656,2.1485205,0.123784706,0.85,0.05,4.0906596,2.2356894
5657,2.2154253,0.11981695,0.85,0.05,3.695958,2.4804294
5658,2.224766,0.0959662,0.7011335492134094,0.03845278546214104,3.125226,2.44642
5659,2.226863,0.10779031,0.85,0.024797430261969566,2.8245072,2.8246636
5660,2.1157336,0.11201756,0.85,0.05,5.220692,1.5458243
5661,2.2981882,0.12547213,0.8317500948905945,0.03695864975452423,2.0768988,2.7284045
5662,2.2395327,0.1366819,0.85,0.002328866394236684,2.4623454,2.4016528
5663,2.148671,0.14408475,0.8062149286270142,0.012669271789491177,4.417692,1.7804345
5664,2.177615,0.07848362,0.85,0.006189746782183647,4.317706,1.7603341
5665,2.133101,0.16421448,0.85,0.05,4.19,2.0705805
5666,2.1713138,0.0663343,0.8318764567375183,0.05,4.162096,2.1805654
5667,2.126603,0.1289751,0.8341204524040222,0.03552338108420372,5.2148495,1.7714114
5668,2.1840458,0.11747477,0.85,0.05,3.4603457,2.0969834
5669,2.2109141,0.12282421,0.85,0.005334930028766394,3.24378,2.5360181
5670,2.3789666,0.12427645,0.85,0.05828932672739029,2.118014,2.8619645
5671,2.2492893,0.13454805,0.85,0.05,2.6924675,2.6227386
5672,2.2448528,0.13663876,0.7395908832550049,0.05,2.3325558,2.5766
5673,2.235084,0.14509803,0.85,0.05,2.981092,2.6173666
5674,2.1561296,0.09145227,0.85,0.05,4.7567887,1.7979878
5675,2.0742445,0.107613854,0.85,0.05,6.384863,1.1431981
5676,2.0845878,0.1526155,0.85,0.05,5.4611926,1.4856914
5677,2.1357749,0.18449312,0.85,0.005090364255011082,4.3012495,2.037495
5678,2.1445332,0.09241193,0.8178235292434692,0.02679559588432312,4.4841275,1.5349143
5679,2.2143238,0.1655086,0.8350037336349487,0.03706973046064377,3.0611875,2.189377
5680,2.1168783,0.115443535,0.85,0.05,5.255505,1.7230774
5681,2.1460538,0.12644444,0.85,0.017197169363498688,4.7660427,1.8881123
5682,2.133554,0.10945971,0.85,0.05,4.591588,1.4854931
5683,2.216937,0.1386927,0.85,0.0251278318464756,2.663617,2.7795775
5684,2.1930633,0.122088626,0.8269938230514526,0.05,3.3434954,1.9580265
5685,2.2339923,0.078895986,0.8266832828521729,0.05693032592535019,3.3092859,2.7367866
5686,2.228583,0.15523532,0.85,0.013327641412615776,3.01216,2.2427301
5687,2.1677608,0.14791052,0.7895493507385254,0.0532316230237484,3.9070237,2.2658825
5688,2.1451566,0.21151711,0.8307876586914062,0.04333866015076637,4.1301384,2.2891076
5689,2.1637971,0.13685288,0.85,0.05,4.0645685,2.412087
5690,2.1856265,0.12130406,0.8209333419799805,0.05,3.616187,1.8456067
5691,2.2097368,0.12260108,0.85,0.05,3.4642484,2.580287
5692,2.2496784,0.13313758,0.8373429179191589,0.036147262901067734,2.5508728,2.758251
5693,2.1867547,0.14965242,0.8075272440910339,0.05715367943048477,3.5891805,2.2381902
5694,2.1421723,0.15766007,0.85,0.05,4.488826,1.9295983
5695,2.1918726,0.11193902,0.34492769837379456,0.05,3.4912968,2.3978634
5696,2.1792433,0.114255875,0.8191425204277039,0.05,3.5287366,2.1659455
5697,2.1679337,0.103272155,0.85,0.05,4.440772,1.7943802
5698,2.2277462,0.16912465,0.6455658078193665,0.029802046716213226,2.704151,2.597595
5699,2.1058486,0.11198143,0.85,0.018728436902165413,5.2669454,1.7502252
5700,2.112823,0.16856143,0.85,0.05,4.4275312,1.7370458
5701,2.2255735,0.10241622,0.85,0.05,3.3194997,2.0085196
5702,2.1570468,0.11682258,0.814548671245575,0.010884648188948631,4.254076,2.1025295
5703,2.1864092,0.11968031,0.8012476563453674,0.05,3.7026386,1.9556514
5704,2.2152612,0.10557275,0.8412265181541443,0.05,3.332071,2.281548
5705,2.2359812,0.057092108,0.8292638659477234,0.05033811181783676,3.952927,2.5266607
5706,2.1861036,0.14632165,0.8351988792419434,0.03287358209490776,3.7097676,2.6768985
5707,2.1734533,0.084785245,0.85,0.05,4.600861,1.7837583
5708,2.157939,0.109265506,0.7991240620613098,0.05,3.9931903,1.8999324
5709,2.2675505,0.12559645,0.85,0.044504113495349884,2.4899986,2.664257
5710,2.3085177,0.092753224,0.8318724632263184,0.024801697582006454,2.537381,2.727868
5711,2.1499147,0.13954847,0.7612382769584656,0.05,4.4441614,2.1930056
5712,2.2460165,0.09983062,0.8436223864555359,0.021285004913806915,2.6558268,2.3189185
5713,2.151814,0.15591344,0.5445335507392883,0.055878300219774246,4.1693435,2.7260873
5714,2.174103,0.081798695,0.85,0.05,4.150933,1.8642334
5715,2.2292802,0.11454567,0.8269744515419006,0.05564713105559349,3.4204535,2.4953032
5716,2.0949168,0.09790202,0.85,0.038082726299762726,6.064122,1.5447788
5717,2.2442687,0.13618772,0.85,0.034222375601530075,2.6980805,2.7966745
5718,2.175198,0.10285425,0.85,0.05,4.362274,1.7966294
5719,2.1563787,0.119029015,0.85,0.05,4.349142,2.104819
5720,2.1558766,0.16103789,0.85,0.05,4.1348453,2.0873156
5721,2.1781201,0.1856168,0.85,0.0007475255988538265,3.310022,2.208534
5722,2.1451066,0.15351498,0.85,0.05,4.8273225,1.7666678
5723,2.2066088,0.1323108,0.7194140553474426,0.020101068541407585,3.3174748,2.302208
5724,2.2703903,0.036182325,0.85,0.027441123500466347,2.9792647,2.419636
5725,2.2259576,0.09422256,0.85,0.05,3.5580204,2.3908317
5726,2.1790912,0.10626999,0.85,0.05,4.391723,1.765492
5727,2.2272387,0.14465258,0.6349671483039856,0.07036439329385757,3.0742288,2.7306595
5728,2.1966066,0.12804244,0.85,0.02933850698173046,3.3985255,2.1572235
5729,2.2980402,0.12862982,0.8201568126678467,0.03330279141664505,2.1271672,2.6042576
5730,2.214853,0.12267254,0.85,0.05,3.2563775,2.447366
5731,2.2152035,0.12544093,0.8201331496238708,0.056724678725004196,3.8660064,2.2103364
5732,2.2404022,0.106921226,0.85,0.05,2.9151807,2.5394535
5733,2.2209122,0.09576836,0.7389587759971619,0.05,3.485655,2.0252912
5734,2.2927153,0.081427544,0.8384689092636108,0.04032730311155319,2.5067322,2.3390357
5735,2.0983589,0.13812545,0.85,0.05,5.0883956,1.62617
5736,2.1587443,0.08899021,0.85,0.05,4.5585413,2.2180436
5737,2.181101,0.11738995,0.85,0.05,4.293914,1.7782413
5738,2.1016448,0.032952167,0.85,0.031556885689496994,6.089275,1.4377277
5739,2.2341201,0.0959489,0.8390198945999146,0.03915748372673988,3.0114932,2.4860706
5740,2.1826298,0.131462,0.85,0.02843441814184189,3.491606,2.1489089
5741,2.143145,0.11081682,0.8356732726097107,0.022594671696424484,4.823095,1.7319316
5742,2.3258314,0.101044394,0.3180650770664215,0.030135856941342354,2.4854624,2.571959
5743,2.2025304,0.14223763,0.85,0.05,3.8600886,2.5029178
5744,2.3095384,0.08082953,0.7287172079086304,0.06058325245976448,2.3056052,2.6855435
5745,2.2312496,0.1279653,0.6859225034713745,0.05,2.659927,2.5522726
5746,2.1855268,0.107759155,0.85,0.05,3.9360442,2.0573757
5747,2.2005796,0.065369286,0.85,0.05,4.144795,1.7334685
5748,2.1738963,0.10216465,0.8019899129867554,0.05,4.5208554,1.595733
5749,2.149428,0.11785292,0.85,0.05,4.866116,1.986673
5750,2.1541474,0.10549605,0.85,0.05,4.4478836,2.3638983
5751,2.229645,0.15058969,0.85,0.05,2.8710387,2.351937
5752,2.2381349,0.08532076,0.8381748199462891,0.01825939305126667,3.0315182,2.2551658
5753,2.2024536,0.14466625,0.8201285600662231,0.04111999273300171,3.1917737,2.3274684
5754,2.201232,0.14185165,0.8432952761650085,0.05,3.203051,2.340727
5755,2.133641,0.12339055,0.85,0.015904683619737625,4.7903347,2.065474
5756,2.173147,0.094267316,0.8332191705703735,0.05,4.7431884,1.9152046
5757,2.2243347,0.1298396,0.85,0.05,2.8941576,2.5291529
5758,2.1750002,0.16964558,0.8318148851394653,0.05,4.145062,2.1188421
5759,2.2172623,0.124644995,0.85,0.014689342118799686,3.4278877,2.3600485
5760,2.1871297,0.10541267,0.85,0.012996524572372437,3.5571742,2.5469818
5761,2.2445805,0.070004106,0.85,0.05,3.0613103,1.969574
5762,2.1540124,0.1021277,0.8163834810256958,0.027251727879047394,4.1305504,1.5861868
5763,2.2037888,0.08728194,0.85,0.05,3.9140375,1.8948058
5764,2.2545989,0.046125226,0.85,0.022822393104434013,3.2407908,2.4094374
5765,2.1406274,0.16070664,0.85,0.05,4.520132,1.7361071
5766,2.1505802,0.13222559,0.616513729095459,0.03223325312137604,3.9823437,1.8975964
5767,2.1737576,0.12887412,0.85,0.008269710466265678,4.089359,1.9164209
5768,2.152067,0.1842435,0.85,0.05,4.055934,2.0336115
5769,2.1611893,0.10455414,0.7239844799041748,0.05,4.721957,1.9164765
5770,2.188934,0.17102548,0.7764289975166321,0.0001795734860934317,3.9767647,2.162773
5771,2.1756232,0.09260193,0.85,0.05,4.015822,1.9952679
5772,2.160136,0.1777274,0.85,0.03111732006072998,3.9126318,2.8549883
5773,2.2094176,0.07730746,0.85,0.05,3.4629982,2.226995
5774,2.126278,0.11742392,0.85,0.01233949325978756,4.8037567,1.6704469
5775,2.1482706,0.12891793,0.8311634659767151,0.022357894107699394,4.5609083,1.6386791
5776,2.117887,0.16247489,0.85,0.05,4.4731154,1.6429855
5777,2.1080282,0.10904415,0.85,0.05,4.9195905,1.5237399
5778,2.0767078,0.15803647,0.8228374719619751,0.0070602186024188995,4.5159426,1.3792764
5779,2.1411185,0.11602627,0.45935729146003723,0.04108617827296257,4.2475724,1.7560469
5780,2.1287708,0.12487168,0.8332569599151611,0.02199697680771351,4.9130735,1.5421847
5781,2.2345438,0.11886113,0.8373174071311951,0.051431551575660706,3.0077512,2.857354
5782,2.1471057,0.15876085,0.85,0.0371321402490139,4.205125,2.2411637
5783,2.1880336,0.03432739,0.85,0.05,4.7325892,1.8191199
5784,2.1642873,0.1270681,0.8489234447479248,0.029399510473012924,4.05326,2.4385524
5785,2.1298003,0.13128655,0.8199747204780579,0.036264099180698395,4.7157884,1.7792284
5786,2.2045374,0.1177453,0.8386588096618652,0.05,3.3519008,2.6037772
5787,2.2414918,0.114771225,0.85,0.03010060265660286,2.4829423,2.404133
5788,2.1559768,0.16451216,0.838371992111206,0.05,4.0216174,2.099131
5789,2.2507184,0.09337956,0.841513454914093,0.05,2.807533,2.5078385
5790,2.2251549,0.16166608,0.85,0.033118512481451035,2.6359568,2.6716487
5791,2.1182845,0.090073764,0.8227750658988953,0.03619599714875221,5.2858667,1.5020943
5792,2.1165018,0.1333587,0.8185009956359863,0.028558144345879555,4.7777553,1.8774855
5793,2.179209,0.061422225,0.85,0.05,4.3935294,1.9839653
5794,2.0451617,0.14835171,0.85,0.04266169294714928,6.2093763,1.1760849
5795,2.0924947,0.13411088,0.7927964925765991,0.05,5.1518745,1.3366301
5796,2.2234626,0.12294112,0.6643874049186707,0.061094775795936584,2.6520822,2.7344882
5797,2.109545,0.06887786,0.85,0.05,5.263781,1.3703775
5798,2.1954193,0.10177248,0.639433741569519,0.051419295370578766,3.473183,2.1860378
5799,2.2585526,0.09878215,0.5272389650344849,0.03508790209889412,2.617043,2.4293847
5800,2.238671,0.12798074,0.85,0.02303488366305828,2.910255,2.6397996
5801,2.0629077,0.17871921,0.85,0.05,5.6801643,1.6013969
5802,2.177856,0.102509536,0.85,0.007379159796983004,4.0119767,1.9398365
5803,2.161743,0.10003476,0.85,0.05,4.6183343,1.8596834
5804,2.0830216,0.10187963,0.85,0.05,5.959308,1.4353138
5805,2.1983855,0.09693558,0.8087402582168579,0.030021557584404945,4.016789,1.8436906
5806,2.1728432,0.15789491,0.7959649562835693,0.05,2.8441656,2.1276114
5807,2.1548092,0.10279091,0.6317486763000488,0.05,4.221971,1.5817095
5808,2.1763055,0.14601257,0.85,0.05,4.0028963,2.1131647
5809,2.2794223,0.16928124,0.675495982170105,0.027153436094522476,2.0660248,2.7948997
5810,2.1586928,0.13259149,0.85,0.0146978460252285,4.3597484,1.84992
5811,2.1805394,0.12429817,0.85,0.05,3.8227072,2.347234
5812,2.14538,0.20006342,0.85,0.05,3.5608363,2.2945607
5813,2.1463587,0.15367134,0.8212563991546631,0.05,4.0934696,2.6361897
5814,2.1845782,0.21511112,0.85,0.05,3.100312,2.7589383
5815,2.2344103,0.06632088,0.8439826369285583,0.016273053362965584,3.5141008,2.1841536
5816,2.1725137,0.10959122,0.85,0.05,3.775596,1.9989849
5817,2.1106377,0.14337453,0.85,0.05,5.2084894,1.4946572
5818,2.1691046,0.13565303,0.7286574840545654,0.025305116549134254,4.1550856,2.1604238
5819,2.1269042,0.0957835,0.85,0.05,4.7806587,1.8163317
5820,2.1819227,0.07817219,0.8230499029159546,0.05,3.944019,2.4231036
5821,2.1466103,0.14217484,0.85,0.05,4.429882,2.1006908
5822,2.21331,0.18516038,0.825518786907196,0.026910902932286263,2.7276845,2.245723
5823,2.2050626,0.086673,0.85,0.024316631257534027,3.9210696,2.6346414
5824,2.2109308,0.09912448,0.8325310945510864,0.038855087012052536,3.3295295,2.3716347
5825,2.1720634,0.1283771,0.6847454905509949,0.05,4.4708767,1.8311868
5826,2.259776,0.1455693,0.5268185138702393,0.05,2.1277533,2.6863842
5827,2.244007,0.10257448,0.85,0.011726121418178082,2.8580647,2.2064116
5828,2.2241082,0.08384682,0.85,0.05,3.3377442,2.3428028
5829,2.1930747,0.08031176,0.85,0.02574218437075615,4.4030604,2.0513985
5830,2.1447878,0.12892634,0.85,0.05,4.092913,1.8984475
5831,2.1748698,0.124179274,0.85,0.05,3.4805598,2.013544
5832,2.1983666,0.11142979,0.85,0.05,3.4637156,2.337609
5833,2.2258065,0.103790544,0.43517765402793884,0.047576554119586945,3.6144252,2.3157072
5834,2.3011181,0.14877841,0.85,0.04969286918640137,2.3260262,2.8151479
5835,2.1765096,0.11356876,0.8301887512207031,0.024889981374144554,4.0111094,1.8134565
5836,2.129985,0.12563375,0.85,0.010326867923140526,4.7305474,1.7180536
5837,2.1273825,0.10159929,0.85,0.016347600147128105,4.8903017,1.8378417
5838,2.2519317,0.14920714,0.8110272884368896,0.02269791066646576,2.311799,2.461463
5839,2.0597024,0.13863145,0.8182307481765747,0.04860714450478554,6.272265,1.3118509
5840,2.2583315,0.13126513,0.7946618795394897,0.009755508042871952,2.2581792,2.6103404
5841,2.2479668,0.15766183,0.724526047706604,0.03340635076165199,2.4884162,2.3963459
5842,2.2630792,0.12444201,0.85,0.05,2.3162189,2.7509074
5843,2.1815078,0.11132352,0.8294721841812134,0.02768006920814514,3.9957182,2.1128266
5844,2.1658776,0.121579446,0.45965710282325745,0.05893025919795036,4.3624015,2.503379
5845,2.1166127,0.099636756,0.85,0.05,5.101869,1.5435295
5846,2.190165,0.078902155,0.85,0.026600852608680725,4.127313,2.4114726
5847,2.2001836,0.12975626,0.85,0.023253994062542915,3.6921473,2.210354
5848,2.2129407,0.09156054,0.49736639857292175,0.018029093742370605,3.7930036,2.1976283
5849,2.2449698,0.1173715,0.85,0.02276202104985714,3.0225875,2.5723977
5850,2.242806,0.14202715,0.8283860683441162,0.03889453038573265,2.496354,2.2735744
5851,2.216891,0.14836358,0.85,0.05,3.2344592,2.3020506
5852,2.233876,0.10992358,0.6413778066635132,0.07334913313388824,2.8110957,2.8129678
5853,2.148833,0.15514706,0.85,0.05,4.654202,2.0421894
5854,2.132614,0.16195597,0.85,0.05,4.3354397,1.7456398
5855,2.1370912,0.096607514,0.85,0.05,4.5991335,1.6988056
5856,2.18214,0.12488165,0.85,0.05,3.841925,2.1601603
5857,2.1260424,0.15511078,0.85,0.05,4.5845222,1.9687443
5858,2.1801872,0.13649906,0.7618887424468994,0.031059280037879944,3.8831885,2.0988853
5859,2.117985,0.15602447,0.8272311091423035,0.009550986811518669,4.2801175,1.7803969
5860,2.2438524,0.1930293,0.8221465945243835,0.07106009870767593,2.3778532,2.7328157
5861,2.285553,0.12464814,0.8284857869148254,0.047537945210933685,2.2236967,2.7006426
5862,2.2212038,0.11661609,0.837851345539093,0.013763099908828735,3.1635296,2.4875271
5863,2.1651297,0.10928458,0.8079919219017029,0.05,4.284886,1.7134528
5864,2.1616335,0.15714845,0.85,0.05,4.0703263,2.0196624
5865,2.1369724,0.13216995,0.8230083584785461,0.05,4.469142,1.6708126
5866,2.1821282,0.090714045,0.8277972936630249,0.05,3.5501068,2.1020792
5867,2.1470406,0.12830548,0.85,0.05,4.3059077,1.7835444
5868,2.2554069,0.1721435,0.5312767028808594,0.04105893149971962,2.2242906,2.465379
5869,2.2253857,0.13982256,0.85,0.05,3.2276285,2.3408227
5870,2.2130563,0.10458242,0.8166564106941223,0.05,3.3875146,2.1935124
5871,2.1822896,0.08250134,0.85,0.05,4.390695,1.8170227
5872,2.036823,0.08019881,0.8325856924057007,0.06818220764398575,7.9749546,1.438644
5873,2.0523646,0.12950931,0.85,0.0374470055103302,6.578546,1.422322
5874,2.211685,0.12958819,0.85,0.029658513143658638,3.0593185,2.310346
5875,2.1680992,0.15601833,0.6248565912246704,0.05,3.6854422,2.1045227
5876,2.1615584,0.10955377,0.8381862640380859,0.004187758546322584,4.1678324,2.0480022
5877,2.2276416,0.15021403,0.85,0.05,3.0839083,2.6055486
5878,2.2159896,0.08802067,0.85,0.05,3.414722,2.2397354
5879,2.1984622,0.11834967,0.85,0.0023555313237011433,3.425853,2.114915
5880,2.200982,0.11424358,0.8066558837890625,0.05,3.6029723,2.1387305
5881,2.2131686,0.14023127,0.7811687588691711,0.05,3.0596554,2.8586223
5882,2.1106617,0.14758374,0.8019305467605591,0.05,4.7761903,1.6144416
5883,2.2278779,0.12493746,0.85,0.02932995930314064,3.0723035,2.7318876
5884,2.2133112,0.12062847,0.85,0.04818408563733101,2.9698799,2.6744707
5885,2.1445808,0.10376284,0.85,0.024576745927333832,3.8549182,1.985801
5886,2.1669943,0.11197622,0.757392942905426,0.03226539492607117,3.8041615,1.9820096
5887,2.238426,0.07124735,0.8350147604942322,0.02974347025156021,3.097016,2.6058621
5888,2.1205068,0.11051217,0.85,0.05,4.8170457,1.5958369
5889,2.2295537,0.08837611,0.85,0.006939456798136234,3.3529785,2.3197968
5890,2.178202,0.12860587,0.8485127687454224,0.014061066322028637,3.867945,2.2017744
5891,2.1412487,0.12678358,0.8058557510375977,0.05,4.475665,1.7377126
5892,2.1603482,0.12694736,0.8238217234611511,0.039303071796894073,4.0252113,2.1119387
5893,2.169987,0.16042003,0.85,0.05,3.6386828,2.1348364
5894,2.1540098,0.11282663,0.85,0.05,4.9032373,1.9435353
5895,2.1140363,0.13960704,0.85,0.004986002575606108,4.839227,1.567353
5896,2.0378227,0.14546502,0.5360104441642761,0.013249958865344524,6.819791,1.1916673
5897,2.1248958,0.09889787,0.85,0.05,5.051779,1.7111453
5898,2.2247617,0.11868129,0.8393177390098572,0.035121310502290726,3.2437732,2.7913978
5899,2.1846578,0.1294176,0.7180443406105042,0.05,3.744134,2.277293
5900,2.176111,0.103843614,0.85,0.05,3.9759748,2.1558197
5901,2.1579268,0.13470855,0.8253298401832581,0.0356145054101944,3.9911041,2.1762505
5902,2.0957716,0.12202395,0.8395249843597412,0.05,5.4656453,1.8069915
5903,2.2336357,0.12960763,0.8439624905586243,0.05,3.0608196,2.6277544
5904,2.170985,0.09293276,0.85,0.05,4.396685,1.983714
5905,2.1441731,0.1440948,0.85,0.05,4.6745334,2.0840375
5906,2.2043,0.13223664,0.7953321933746338,0.05,3.3029804,2.1099274
5907,2.220496,0.15626948,0.5956389307975769,0.03426991403102875,2.9952805,2.6050565
5908,2.0605822,0.14381596,0.8456858992576599,0.05,5.524562,1.2984293
5909,2.2116525,0.08045618,0.85,0.05,3.88694,1.9288791
5910,2.1656494,0.1279904,0.85,0.0054824212566018105,3.9432626,2.1066031
5911,2.205984,0.019407185,0.7733297944068909,0.05,4.4310017,1.7150751
5912,2.144632,0.14089401,0.85,0.017370745539665222,4.222121,1.6299632
5913,2.1516879,0.1623833,0.8377289175987244,0.014622396789491177,3.9927511,1.9015019
5914,2.1846187,0.16655251,0.85,0.05,3.5812242,2.3091888
5915,2.2095206,0.12093086,0.85,0.01843489333987236,3.3584044,2.54498
5916,2.1925473,0.11886261,0.85,0.05,3.445226,2.142146
5917,2.1153586,0.1175661,0.85,0.014514656737446785,4.8576317,1.414015
5918,2.1531312,0.12237865,0.8390235304832458,0.05,4.1898484,1.7347751
5919,2.1383853,0.14360839,0.8231862187385559,0.05,3.7671263,1.5778598
5920,2.1511788,0.101195574,0.85,0.020058555528521538,4.4719934,1.7467062
5921,2.1110694,0.1419039,0.8179547190666199,0.04563068225979805,5.049095,1.8740141
5922,2.1556773,0.11715958,0.85,0.05,4.230033,2.2246516
5923,2.1548,0.1236919,0.85,0.019625574350357056,4.5753965,1.9555547
5924,2.2189295,0.16220386,0.8322839736938477,0.05,2.6340852,2.6637664
5925,2.204098,0.1249863,0.85,0.05,3.2183473,1.9129752
5926,2.2360446,0.1324479,0.85,0.03689495474100113,3.0261984,2.3188484
5927,2.247606,0.13958688,0.8209437131881714,0.05,2.4406095,2.7227092
5928,2.2346525,0.1418452,0.21671752631664276,0.09537439793348312,2.5014327,2.0775588
5929,2.1888874,0.13947104,0.85,0.031456854194402695,3.71173,2.1737916
5930,2.1349754,0.15826373,0.8433817028999329,0.03647167980670929,3.9655018,2.7001648
5931,2.2129478,0.116007976,0.6452275514602661,0.05,3.6115801,2.0953383
5932,2.186049,0.09244564,0.85,0.05,4.252461,2.3055253
5933,2.2424045,0.110755704,0.85,0.05,2.602581,2.5607243
5934,2.1525626,0.10295224,0.85,0.005293726455420256,4.8197083,1.6867423
5935,2.210357,0.15515243,0.85,0.018800893798470497,3.4899604,2.3629098
5936,2.2167282,0.11047248,0.85,0.05,3.4326952,2.573159
5937,2.2193255,0.06390691,0.7728584408760071,0.03562641888856888,3.496548,2.7126276
5938,2.2119296,0.1561911,0.85,0.05,3.1694977,2.514277
5939,2.1620655,0.092116475,0.85,0.05,4.513763,1.8968401
5940,2.1518042,0.13199371,0.85,0.05,4.564802,2.0038285
5941,2.128058,0.14449435,0.6060032248497009,0.01993648335337639,4.460213,1.6242176
5942,2.127211,0.15483415,0.8095329999923706,0.05,4.445733,1.7498479
5943,2.1668384,0.093336895,0.85,0.010130392387509346,3.969114,1.9934405
5944,2.131613,0.1592816,0.85,0.05,4.7290106,1.7487204
5945,2.2758634,0.09182965,0.6888934373855591,0.04913049563765526,2.5763123,2.0979102
5946,2.2239575,0.09447619,0.8212380409240723,0.056319113820791245,3.5722127,2.6305003
5947,2.093173,0.1163567,0.8052735924720764,0.012033680453896523,5.469576,1.3096796
5948,2.2399874,0.14147326,0.7306466698646545,0.05205067992210388,2.5472918,2.7663422
5949,2.129618,0.16012657,0.85,0.05,4.4502163,1.9997845
5950,2.2149875,0.12917018,0.8400219082832336,0.03606847673654556,3.2664554,2.6378932
5951,2.1460364,0.11083282,0.8334405422210693,0.05,4.230264,1.9949439
5952,2.1881661,0.12741807,0.85,0.0010401883628219366,3.8959014,2.5988953
5953,2.297367,0.122654594,0.592540979385376,0.034811947494745255,2.1867363,2.6094384
5954,2.298198,0.119932935,0.85,0.05,2.3728719,2.6047213
5955,2.1491463,0.13091905,0.85,0.05,4.7403264,1.9913517
5956,2.16299,0.110871926,0.85,0.005240174941718578,4.417875,1.8466301
5957,2.1442893,0.12414088,0.85,0.013112432323396206,4.665829,2.1491516
5958,2.2030256,0.16369644,0.5494334697723389,0.021127572283148766,3.1462061,2.735184
5959,2.2683525,0.06885462,0.8276705145835876,0.05,2.8971097,2.259712
5960,2.2898464,0.13155924,0.8415822386741638,0.053791336715221405,2.1870587,2.6392663
5961,2.0968785,0.09523684,0.85,0.05,5.516707,1.519142
5962,2.1722436,0.114608005,0.85,0.03756671026349068,4.0369496,2.2962759
5963,2.1796749,0.057944406,0.7354263663291931,0.038306813687086105,3.9842439,1.9004918
5964,2.2157428,0.1219598,0.8442538380622864,0.03412502259016037,3.2276402,2.5361042
5965,2.1888185,0.052268527,0.7778940796852112,0.03016054630279541,3.859565,1.7806573
5966,2.1768503,0.04310313,0.85,0.05,4.396758,2.059959
5967,2.2102861,0.13879317,0.85,0.05,3.1102557,2.8673894
5968,2.1373837,0.098380774,0.85,0.030060501769185066,4.8654876,1.6526468
5969,2.2942793,0.1125344,0.631892740726471,0.05749954283237457,2.4182374,2.6597054
5970,2.284431,0.08527365,0.8391972184181213,0.04669130966067314,2.5110903,2.7532535
5971,2.0965834,0.0788709,0.8376185894012451,0.008167016319930553,5.6201444,1.4483268
5972,2.2176623,0.1246901,0.85,0.05,3.3212187,2.3978822
5973,2.2257135,0.12210717,0.85,0.05,2.7085955,2.6091006
5974,2.188274,0.124179944,0.7324686050415039,0.005301135592162609,3.4023783,1.8642098
5975,2.148805,0.14965476,0.8460147976875305,0.016091931611299515,4.410839,1.7959429
5976,2.184572,0.13260847,0.6153770685195923,0.03855381906032562,3.6485076,2.6106977
5977,2.1655424,0.11516932,0.8220525979995728,0.05,3.8463197,2.20149
5978,2.198804,0.13427489,0.85,0.0194273442029953,3.5956817,2.4135182
5979,2.2811053,0.14367115,0.85,0.05,2.2377813,2.6337364
5980,2.1310031,0.14670566,0.8262470960617065,0.05,4.696493,1.9354728
5981,2.1897633,0.13630699,0.85,0.05,3.6792274,2.208294
5982,2.144122,0.16331398,0.85,0.05,4.435582,2.1281686
5983,2.1360824,0.1358633,0.85,0.05,4.6515765,1.7476418
5984,2.1249592,0.21161276,0.8302732706069946,0.029182568192481995,4.4438734,1.8051629
5985,2.198327,0.111267485,0.85,0.05,3.6590018,2.4075096
5986,2.2041562,0.16340409,0.8202481865882874,0.05601436644792557,2.7529752,2.85903
5987,2.1398256,0.12241554,0.85,0.05,4.696006,1.5588254
5988,2.1416566,0.15005724,0.8475826382637024,0.05,4.269192,2.396559
5989,2.2108214,0.09220382,0.85,0.05,3.642181,2.2113042
5990,2.0736349,0.17988002,0.8114550709724426,0.045551739633083344,5.003516,1.5472393
5991,2.264751,0.0322762,0.85,0.05,3.0488636,2.2009158
5992,2.2222035,0.11414646,0.85,0.05,3.4719148,2.3994405
5993,2.2157679,0.12588689,0.8342727422714233,0.039819762110710144,3.7992327,2.2536092
5994,2.1882393,0.09965723,0.8056355118751526,0.05,4.0605135,2.2504463
5995,2.1952934,0.12895095,0.85,0.05,3.2153668,2.5613286
5996,2.130814,0.15771195,0.85,0.017325732856988907,5.1836247,1.9637796
5997,2.2199237,0.16466402,0.85,0.031029487028717995,2.9017656,2.6960526
5998,2.2478533,0.09419857,0.8111222982406616,0.009034281596541405,2.7893183,2.6437535
5999,2.2606728,0.11279126,0.5644256472587585,0.0460343137383461,2.6004853,2.8146589
6000,2.3022304,0.11643657,0.8073555827140808,0.05613190680742264,2.377636,2.712493
6001,2.0945218,0.16063797,0.85,0.05,5.2687798,1.7057022
6002,2.1575205,0.1098301,0.85,0.023059193044900894,4.181618,2.3367603
6003,2.1874506,0.14738007,0.85,0.025540219619870186,3.6098235,2.3220124
6004,2.1447961,0.16772844,0.85,0.05,4.145534,1.9405699
6005,2.1892114,0.12700556,0.85,0.05,3.9384964,2.4130502
6006,2.1467457,0.15725414,0.85,0.05,3.9264917,2.0879898
6007,2.2185152,0.12566255,0.7915477156639099,0.05,3.2057528,2.0861304
6008,2.099668,0.13226256,0.8086336255073547,0.05,4.8458343,1.498311
6009,2.24467,0.058275703,0.8291582465171814,0.013742619194090366,3.0531695,2.4467623
6010,2.1700327,0.10412388,0.85,0.0012298707151785493,3.9975483,1.8564363
6011,2.1190233,0.13570024,0.8258070945739746,0.04531601443886757,5.074489,1.9571491
6012,2.2025647,0.11408483,0.7470560669898987,0.05,3.7184753,2.2838314
6013,2.2508779,0.11213532,0.8365166783332825,0.024877654388546944,2.3238,2.3350687
6014,2.1688974,0.1124937,0.8267080783843994,0.027208805084228516,4.325252,1.6566818
6015,2.1708663,0.12847394,0.7585515379905701,0.02345682494342327,4.049547,2.0625312
6016,2.2314696,0.09071573,0.8382707238197327,0.029195653274655342,2.680013,2.6533322
6017,2.2433643,0.11122796,0.8436400890350342,0.030781591311097145,2.91645,2.7070575
6018,2.1713967,0.06823779,0.8082922101020813,0.007593831513077021,4.1260242,1.9582788
6019,2.1355453,0.13551228,0.45226579904556274,0.05,4.6016374,1.725528
6020,2.175823,0.1834441,0.85,0.05,4.143344,2.3656802
6021,2.2433035,0.15612052,0.7802110910415649,0.03262907266616821,2.5380528,2.8317263
6022,2.1354606,0.11244514,0.7673789858818054,0.01816621981561184,4.7348943,1.7317218
6023,2.23481,0.14096448,0.7729421257972717,0.051809586584568024,2.7302828,2.6595376
6024,2.2034402,0.11077713,0.8331829309463501,0.05,3.4553986,2.0910683
6025,2.1581948,0.1293077,0.85,0.036086615175008774,4.2050843,2.632928
6026,2.1681876,0.11380967,0.8271658420562744,0.03034205362200737,4.2648587,1.7550117
6027,2.1253252,0.153569,0.5467422008514404,0.05,4.4316535,1.7629244
6028,2.1500936,0.13252044,0.85,0.05,4.343298,1.6910907
6029,2.1903892,0.120662704,0.8312336206436157,0.018366273492574692,3.8865428,2.1706028
6030,2.1161163,0.081507415,0.85,0.05,5.181142,1.5010364
6031,2.2375176,0.16833696,0.7667155265808105,0.05,2.843612,2.6247013
6032,2.1540933,0.109715626,0.809506356716156,0.03693655878305435,4.3614516,1.9262681
6033,2.15334,0.10825394,0.85,0.05,4.4243903,2.4892716
6034,2.2154517,0.17324507,0.7397397756576538,0.047006163746118546,3.1486294,2.6508806
6035,2.1460707,0.13342433,0.8079013228416443,0.025122899562120438,4.265014,1.7894645
6036,2.1653583,0.10933659,0.8188518285751343,0.0012829930055886507,3.9304376,1.8548331
6037,2.2160685,0.10397761,0.85,0.05,3.585918,2.1093702
6038,2.1520827,0.18042997,0.85,0.05,3.9102538,2.4577627
6039,2.1636772,0.12974194,0.85,0.05,4.5332003,1.6227267
6040,2.2165825,0.10505357,0.46236637234687805,0.028033485636115074,3.2911038,2.56924
6041,2.197528,0.109478496,0.85,0.05,3.442489,2.6162252
6042,2.173775,0.13414228,0.85,0.007437758147716522,3.8728306,2.5819921
6043,2.1634028,0.13003182,0.579947292804718,0.05258417874574661,4.0100923,2.2105038
6044,2.14384,0.10158168,0.8086908459663391,0.05,4.4721575,1.5149695
6045,2.2816157,0.104240336,0.547857403755188,0.03179124370217323,2.3697236,2.5677824
6046,2.0846562,0.16973029,0.5967951416969299,0.05,3.991269,1.2639747
6047,2.2041793,0.1305224,0.85,0.05,3.2815738,2.204523
6048,2.1349142,0.07028313,0.85,0.05,5.0257916,2.3899612
6049,2.291735,0.12399765,0.85,0.05,2.1626585,2.4915693
6050,2.2046952,0.10035477,0.85,0.05,3.6526246,2.289631
6051,2.1755629,0.11360066,0.623138427734375,0.03247448801994324,3.7821243,2.119145
6052,2.2015986,0.16213799,0.85,0.05,3.3453164,2.2626104
6053,2.2437003,0.13097283,0.6243845820426941,0.030534613877534866,2.8658743,2.2147028
6054,2.1835334,0.16199225,0.85,0.018506305292248726,3.0122495,2.6461778
6055,2.121949,0.15508564,0.85,0.01573467068374157,4.8238597,1.9076331
6056,2.1804607,0.1118097,0.8342870473861694,0.01496858336031437,3.5465689,1.8664485
6057,2.234859,0.12791666,0.85,0.05,3.030391,2.638417
6058,2.1364005,0.13315214,0.85,0.024364585056900978,4.731658,1.737955
6059,2.2129388,0.07179538,0.5133065581321716,0.017742836847901344,3.0110934,2.1421385
6060,2.1527925,0.12351751,0.5047571063041687,0.014687079936265945,4.08535,1.8631722
6061,2.2091634,0.07339823,0.85,0.05,4.3760986,1.8813607
6062,2.2015269,0.087124564,0.7979757785797119,0.05,4.1430182,2.0765967
6063,2.2227316,0.090140596,0.85,0.05,3.371827,2.2929819
6064,2.214709,0.061252,0.8359249234199524,0.05,3.7743695,2.872347
6065,2.2424986,0.071145594,0.8253435492515564,0.05,3.210385,2.1317625
6066,2.2034461,0.10947648,0.85,0.05,3.5670807,2.1878922
6067,2.0942538,0.19893113,0.85,0.05,4.945209,1.4344069
6068,2.1034007,0.16718227,0.8265689015388489,0.03834528103470802,4.6140804,1.9822313
6069,2.1925085,0.11104798,0.4270710349082947,0.03741314634680748,3.2480073,2.2569604
6070,2.2292292,0.057851937,0.85,0.01662003993988037,3.533596,2.306268
6071,2.2254744,0.1257768,0.85,0.05,3.2249153,2.5024073
6072,2.2162478,0.16127542,0.85,0.015090003609657288,3.0372663,2.1492345
6073,2.1709354,0.104053594,0.8381922245025635,0.023683767765760422,3.8643436,2.1367593
6074,2.2600439,0.11481657,0.85,0.03670326620340347,2.606673,2.7293563
6075,2.2086737,0.103416726,0.85,0.032294128090143204,3.744902,2.5479887
6076,2.1262822,0.14505303,0.795323371887207,0.05,3.9799488,1.5466068
6077,2.3262208,0.14657778,0.4251594841480255,0.06366188079118729,2.1186018,2.7299428
6078,2.1915827,0.13041507,0.5204820036888123,0.025218578055500984,3.615779,2.0918186
6079,2.1394362,0.093271464,0.85,0.05,4.370927,1.6028181
6080,2.1476665,0.1480805,0.85,0.05,4.4052563,2.047618
6081,2.2535193,0.12459713,0.8284032940864563,0.07259618490934372,2.5499425,2.5033424
6082,2.1779835,0.14823954,0.7246308326721191,0.04271915927529335,3.996921,1.8904796
6083,2.172773,0.15305847,0.8441851735115051,0.02223796956241131,3.6180062,2.1001651
6084,2.1606662,0.15554434,0.85,0.05,3.8818321,2.412377
6085,2.2189064,0.12091547,0.8308569192886353,0.050438787788152695,3.0931518,2.5760603
6086,2.1631732,0.06629772,0.8464949727058411,0.05,4.237005,2.1444209
6087,2.2038398,0.117706075,0.8337621688842773,0.0382707342505455,3.448129,2.1874492
6088,2.127337,0.16577877,0.8084162473678589,0.007509906776249409,4.678127,1.6908169
6089,2.1836169,0.10451874,0.8120537996292114,0.038260869681835175,3.864723,2.0136373
6090,2.114089,0.1262804,0.796101987361908,0.055969443172216415,4.950411,1.6532072
6091,2.2316406,0.1311688,0.85,0.05,3.1955895,2.3803952
6092,2.1726134,0.12698296,0.85,0.05,4.0067205,2.1923065
6093,2.3065844,0.116119735,0.47114628553390503,0.06893035769462585,2.2131674,2.6180835
6094,2.1767585,0.09240716,0.85,0.034652650356292725,4.3587675,2.3984983
6095,2.0621998,0.14930695,0.8026190400123596,0.03429136797785759,4.6752515,1.3763447
6096,2.1371267,0.13478594,0.85,0.05,4.620467,1.5286676
6097,2.1613564,0.14326221,0.85,0.05,4.3390956,2.2692013
6098,2.1852024,0.20506312,0.6229298710823059,0.0346798375248909,3.3492079,2.6479213
6099,2.181577,0.17444344,0.8478286266326904,0.01027837023139,3.225025,2.6120968
6100,2.236546,0.12681419,0.85,0.009274709038436413,2.4951375,2.495137
6101,2.1756113,0.103114516,0.8347128629684448,0.034019336104393005,4.1582685,2.3340256
6102,2.1200793,0.12855089,0.8110573291778564,0.030675340443849564,4.8265476,2.1819854
6103,2.2859879,0.11575683,0.672151505947113,0.04894191399216652,2.6022902,2.6404254
6104,2.1812465,0.095594905,0.85,0.05,3.8095322,2.3830492
6105,2.1361957,0.13369443,0.8087029457092285,0.049291785806417465,4.4374433,1.9010032
6106,2.1384592,0.13298832,0.85,0.05,4.760515,1.7139754
6107,2.2343743,0.060508396,0.843070924282074,0.05,3.3674037,2.0310552
6108,2.160881,0.101182535,0.85,0.05,4.6579494,1.8896686
6109,2.214629,0.1277132,0.8473491668701172,0.044456321746110916,3.550251,2.7490454
6110,2.158374,0.15300089,0.85,0.05,4.501404,2.1656477
6111,2.191257,0.14444278,0.85,0.05,3.7904243,2.1572828
6112,2.1412878,0.12744378,0.85,0.03399249166250229,4.5383534,2.0308444
6113,2.1836524,0.09454345,0.85,0.021347591653466225,4.02154,1.7613255
6114,2.1808913,0.11991551,0.85,0.015468050725758076,4.0119953,2.288235
6115,2.1979058,0.12565754,0.85,0.05,3.558421,2.8361378
6116,2.138773,0.16495445,0.85,0.014234098605811596,4.1014867,1.6711856
6117,2.2370498,0.102518454,0.85,0.05,3.2725916,2.2593877
6118,2.1240497,0.13278557,0.7333472371101379,0.004233149811625481,4.929565,1.7963463
6119,2.1473641,0.1206903,0.85,0.05162236467003822,5.0581636,1.8437469
6120,2.1588943,0.14916086,0.85,0.05,3.608939,2.4259522
6121,2.17292,0.11600612,0.8198855519294739,0.001253908616490662,3.379697,2.3243668
6122,2.1718473,0.16302976,0.85,0.013909202069044113,4.0391755,2.2399387
6123,2.1871028,0.114550196,0.85,0.05,4.001135,1.816719
6124,2.1655722,0.13739069,0.85,0.0036337366327643394,4.4014845,1.6992921
6125,2.1492772,0.09749531,0.8277683854103088,0.05,4.447892,1.7228895
6126,2.2542586,0.10324629,0.85,0.01648641563951969,2.5365434,2.6205018
6127,2.1127815,0.0854478,0.8118663430213928,0.047830063849687576,5.118779,1.4909843
6128,2.2389126,0.10911451,0.85,0.04264217987656593,2.7397375,2.636254
6129,2.0948718,0.10723558,0.6132089495658875,0.08258876204490662,6.0736146,1.46283
6130,2.0620859,0.15428422,0.8126934170722961,0.03287550061941147,5.569567,1.3990211
6131,2.2209191,0.15019865,0.7843945026397705,0.02181464619934559,2.9581857,2.6893182
6132,2.2752075,0.08282497,0.8452203869819641,0.05,2.484042,2.6471612
6133,2.1475754,0.17182665,0.85,0.05,4.465544,1.8389161
6134,2.218003,0.1257984,0.85,0.05,3.2294147,2.7287426
6135,2.207529,0.19490157,0.85,0.0056664771400392056,2.7042255,2.7231393
6136,2.162954,0.21692021,0.85,0.05,3.3796813,2.35656
6137,2.1886325,0.15374094,0.7751097083091736,0.05208320543169975,3.9161677,2.6554017
6138,2.1091342,0.13748856,0.85,0.01142353005707264,5.15634,1.8208003
6139,2.2435975,0.025189504,0.7428985834121704,0.03913097083568573,4.0108166,2.246704
6140,2.1261091,0.12303774,0.85,0.05,4.5293646,1.8216635
6141,2.2447712,0.09186268,0.5522171854972839,0.05,3.028333,2.2547894
6142,2.1912112,0.1251674,0.85,0.05,3.4577384,2.1545844
6143,2.2114062,0.08124149,0.85,0.031271252781152725,3.346184,1.9034749
6144,2.1564713,0.052267388,0.8113166689872742,0.02833092212677002,4.8443055,1.519647
6145,2.1831238,0.11910315,0.85,0.05,4.16068,1.9987426
6146,2.1660132,0.07834805,0.7148280143737793,0.0005860900855623186,4.75916,1.9709784
6147,2.2039864,0.08617849,0.8466082215309143,0.01829739660024643,3.3771305,2.425402
6148,2.1470113,0.11925481,0.85,0.0014348506228998303,4.4847126,2.4634244
6149,2.214636,0.099484056,0.85,0.05,3.0843368,2.0242202
6150,2.173619,0.13765894,0.85,0.05,4.426308,1.9754252
6151,2.139642,0.12601602,0.85,0.05,4.219349,1.6268492
6152,2.2577143,0.07622931,0.85,0.05,2.764494,2.4954603
6153,2.126186,0.15397267,0.834258496761322,0.014619505032896996,4.481235,1.7425885
6154,2.1095033,0.13952424,0.85,0.03648705407977104,5.218233,1.5121264
6155,2.268211,0.13493887,0.85,0.027298443019390106,2.143191,2.5664842
6156,2.1708694,0.14664459,0.85,0.0014507923042401671,4.038234,2.1351717
6157,2.1972625,0.11612507,0.85,0.02615223079919815,3.0935025,2.2968879
6158,2.1354046,0.115211114,0.85,0.03467116132378578,4.8853183,1.9200829
6159,2.1808069,0.071871474,0.8261502385139465,0.03239838033914566,4.4701467,1.7382662
6160,2.28839,0.17047304,0.7967081665992737,0.0516851581633091,2.0745056,2.6663394
6161,2.179664,0.12728508,0.85,0.05,3.6462686,2.3607104
6162,2.21838,0.14636572,0.8145213723182678,0.026959264650940895,3.756016,2.1629217
6163,2.2050412,0.095569976,0.85,0.05,3.4340851,2.0378492
6164,2.143852,0.090377815,0.8096677660942078,0.05,4.7930284,1.5868316
6165,2.147411,0.14337853,0.85,0.05,4.0828958,1.8254547
6166,2.1442475,0.100332595,0.85,0.05,4.926407,1.7326164
6167,2.1941528,0.07771942,0.5730617642402649,0.05,3.546638,1.7831764
6168,2.2982495,0.16022715,0.8257013559341431,0.03510718792676926,2.096495,2.6576006
6169,2.2672863,0.15901847,0.7669816017150879,0.055421240627765656,2.2731729,2.7338161
6170,2.1936953,0.07493403,0.6234993934631348,0.05,4.106348,1.7698623
6171,2.239585,0.113207296,0.7895136475563049,0.030098361894488335,2.7514632,2.8391
6172,2.1292791,0.17962515,0.7976073622703552,0.05,4.0580273,1.5307622
6173,2.2231853,0.08866656,0.85,0.001732359523884952,3.4619074,2.1935995
6174,2.2092228,0.103835724,0.6855054497718811,0.014274558052420616,4.194992,2.0043736
6175,2.1722283,0.11926246,0.85,0.05,3.5832984,2.782057
6176,2.1363814,0.15813328,0.85,0.05,4.936184,1.8794256
6177,2.2451465,0.1559016,0.85,0.0348287895321846,2.6967626,2.55998
6178,2.0796049,0.09391102,0.85,0.05,5.8747964,1.4440571
6179,2.1615689,0.13523088,0.84889155626297,0.010490643791854382,4.0768743,2.319685
6180,2.148315,0.09999239,0.85,0.05,4.968509,2.054353
6181,2.2558415,0.11084188,0.8447582721710205,0.030459752306342125,2.6645708,2.6651554
6182,2.2361004,0.15369524,0.7305933833122253,0.04595585912466049,2.6434877,2.6228054
6183,2.2008803,0.14271358,0.85,0.02527153678238392,3.2698085,2.480722
6184,2.2423337,0.1472887,0.85,0.03701575845479965,2.3965628,2.8808563
6185,2.1781487,0.1387241,0.8448126912117004,0.01413537748157978,3.7522094,2.5173101
6186,2.1529546,0.11341193,0.8113248944282532,0.04017209634184837,4.191359,1.9699947
6187,2.1622634,0.15430479,0.85,0.02355283312499523,3.5934818,2.576932
6188,2.1293435,0.13725935,0.85,0.05,4.6451473,1.5833488
6189,2.07285,0.15656437,0.7187763452529907,0.008774911984801292,5.1603274,1.8756356
6190,2.1261148,0.15649028,0.7126055955886841,0.008165785111486912,4.0653224,2.0490963
6191,2.2190063,0.11447917,0.8172721266746521,0.035644643008708954,2.9028955,2.2005847
6192,2.2739165,0.14563628,0.5360186100006104,0.11561432480812073,2.5615795,2.3836052
6193,2.2444377,0.100723855,0.85,0.013008048757910728,3.0159242,2.1036396
6194,2.1987317,0.103452474,0.8452332019805908,0.02125786803662777,3.6024656,2.130628
6195,2.2676492,0.114103444,0.7576242089271545,0.050982821732759476,2.7925007,2.8522925
6196,2.2155607,0.1561116,0.685531735420227,0.031139912083745003,3.1260562,2.5422287
6197,2.247781,0.14156613,0.85,0.03294301778078079,2.5186636,2.5581045
6198,2.2224653,0.11240273,0.85,0.027626052498817444,3.0611267,2.365365
6199,2.1849704,0.11999106,0.8180310726165771,0.03927481174468994,3.245833,2.1582634
6200,2.188452,0.17523791,0.752182126045227,0.05,3.6297002,2.0696175
6201,2.278466,0.101818494,0.7825616598129272,0.06690537929534912,2.1297538,2.9270484
6202,2.1678672,0.147284,0.85,0.05,4.062012,1.8466316
6203,2.1531637,0.105747126,0.85,0.05,4.169153,1.8020579
6204,2.271294,0.12204044,0.85,0.025375554338097572,2.5036075,2.4386535
6205,2.1701505,0.13620128,0.85,0.05,3.7075005,2.1637113
6206,2.069986,0.18098406,0.85,0.05,5.1324496,1.6769873
6207,2.1862545,0.12401245,0.8077424764633179,0.03661692142486572,3.5456288,1.9363133
6208,2.1380255,0.16869831,0.85,0.02992885746061802,4.740865,2.1277654
6209,2.2166328,0.14543627,0.8308097720146179,0.025335317477583885,3.3405387,2.0762475
6210,2.269065,0.10337017,0.8109670877456665,0.058109164237976074,2.4110434,2.825905
6211,2.231239,0.120777175,0.85,0.022920629009604454,3.1088486,2.2525177
6212,2.0942523,0.18451323,0.8344289064407349,0.040312156081199646,4.909194,1.6970663
6213,2.140097,0.2138435,0.85,0.05,4.280312,2.122489
6214,2.212744,0.084524885,0.825352132320404,0.026442229747772217,3.4297695,2.0409427
6215,2.0961545,0.15036228,0.5429322719573975,0.022676771506667137,5.405678,1.6860635
6216,2.2025728,0.06611086,0.85,0.05,3.9857886,2.0875833
6217,2.1605167,0.095387116,0.8226407766342163,0.04487881064414978,4.291647,1.8694595
6218,2.228539,0.10449412,0.85,0.05,3.0849168,2.4973977
6219,2.179547,0.13690726,0.85,0.0020128171890974045,3.7379038,2.2345338
6220,2.2006836,0.09862902,0.85,0.05,3.9250612,2.1521666
6221,2.1444523,0.14475219,0.8148936629295349,0.05,4.489608,1.9213506
6222,2.139265,0.12731896,0.85,0.05,4.643939,2.0319028
6223,2.209835,0.13891079,0.7941311001777649,0.05,3.2983673,2.4881413
6224,2.1281514,0.15429227,0.85,0.02812686562538147,4.7712054,2.0902393
6225,2.1319063,0.12903292,0.8017879128456116,0.0022285275626927614,4.600263,1.5978734
6226,2.1349645,0.14623751,0.85,0.05,4.5859475,1.6705393
6227,2.1685538,0.09396778,0.85,0.02439470775425434,4.912657,1.7990611
6228,2.2171485,0.12459461,0.85,0.05,3.2857137,2.0703619
6229,2.2880993,0.07542678,0.8265998363494873,0.03608442470431328,2.4728851,2.414219
6230,2.202774,0.13386747,0.8288813233375549,0.05,3.2276852,2.6666682
6231,2.1663117,0.15625042,0.85,0.005748905707150698,4.230077,2.0289228
6232,2.111944,0.11110944,0.85,0.02789340354502201,5.3836107,1.9388396
6233,2.202452,0.1049555,0.85,0.012764384970068932,3.838391,2.065698
6234,2.1784987,0.11192144,0.85,0.05,3.940458,1.8929305
6235,2.192753,0.16048999,0.85,0.05,3.5712533,2.481451
6236,2.0936468,0.12633868,0.85,0.05,4.9241695,1.4015018
6237,2.1421778,0.13372852,0.85,0.05,4.7450385,1.6958941
6238,2.2352285,0.13636547,0.85,0.05,2.5789158,2.8955116
6239,2.2795005,0.09510196,0.7593070864677429,0.05772858113050461,2.7226474,2.867487
6240,2.2245286,0.16629931,0.85,0.05,2.7288513,2.3174481
6241,2.2062125,0.12469635,0.85,0.006050681229680777,3.226617,2.2083857
6242,2.164702,0.099949874,0.8432133793830872,0.020571015775203705,4.487428,2.0597377
6243,2.2213986,0.08546745,0.85,0.05,3.3781724,2.7851617
6244,2.2128665,0.16275926,0.6338070631027222,0.06724600493907928,2.9777687,2.7339513
6245,2.2021916,0.1315484,0.85,0.013908249326050282,3.05701,2.5292013
6246,2.198431,0.23128104,0.85,0.05,3.0515113,2.5428896
6247,2.010856,0.19596341,0.8496230840682983,0.037521567195653915,7.144782,1.2251534
6248,2.2242045,0.08047257,0.8092948794364929,0.05,3.2754786,2.1315866
6249,2.1776884,0.12382183,0.7081849575042725,0.02129606530070305,3.6355155,2.0993702
6250,2.2351267,0.13357562,0.601591944694519,0.03313557803630829,3.0518832,2.7067893
6251,2.2039661,0.14092298,0.6723266839981079,0.06459636241197586,3.501569,2.6724744
6252,2.2205296,0.06999181,0.85,0.05,3.7693858,2.1117306
6253,2.2727163,0.11468176,0.5596171617507935,0.04127690568566322,2.1849637,2.622899
6254,2.1850975,0.075707786,0.85,0.05,3.9798188,2.1339028
6255,2.1755395,0.081248954,0.6166556477546692,0.05,3.7694895,2.1582246
6256,2.1696148,0.114836335,0.85,0.003026148770004511,3.9356742,2.1318493
6257,2.20074,0.08435239,0.85,0.027990298345685005,4.042305,2.2452593
6258,2.1980598,0.08971328,0.8236171007156372,0.03827616199851036,3.7841437,2.1761184
6259,2.0802095,0.20626025,0.85,0.05,4.853856,1.6718751
6260,2.1337247,0.17329465,0.7159963250160217,0.05,4.248508,1.8031672
6261,2.2031207,0.14870104,0.85,0.05,3.4195817,2.3816547
6262,2.2630787,0.14789124,0.85,0.03621271625161171,2.369668,2.757603
6263,2.266673,0.10351668,0.85,0.022801583632826805,2.2173765,2.6487648
6264,2.2538886,0.09490687,0.85,0.05,2.760994,2.5775607
6265,2.215491,0.16218609,0.7687582969665527,0.03629731386899948,2.889656,2.7475617
6266,2.0972595,0.12744796,0.85,0.05,5.2683187,1.4517218
6267,2.2601979,0.11063621,0.8342288732528687,0.05,2.7776575,2.3949704
6268,2.1214252,0.11254912,0.85,0.02701212279498577,5.1769834,1.6088221
6269,2.2029777,0.13752776,0.85,0.0188811756670475,3.680695,2.266728
6270,2.1223643,0.15230097,0.8323355913162231,0.02168933115899563,4.3758717,1.8381568
6271,2.1872118,0.079848215,0.7820426225662231,0.04745553806424141,4.0653872,1.9973018
6272,2.1287591,0.15779881,0.8449587225914001,0.02387075126171112,4.649105,1.9208384
6273,2.1883326,0.10078797,0.85,0.05,4.042764,2.0428195
6274,2.1500618,0.13210678,0.85,0.05,4.669185,1.8850648
6275,2.1798627,0.10993526,0.85,0.022580605000257492,4.058211,2.114683
6276,2.1652765,0.10207543,0.85,0.05,4.4978046,2.0227575
6277,2.2344165,0.08523553,0.683997631072998,0.05,3.218917,2.4066758
6278,2.188852,0.15346073,0.85,0.05,3.3595514,2.1421204
6279,2.2224083,0.096021436,0.85,0.05,3.095339,2.4308524
6280,2.143596,0.12721452,0.8235398530960083,0.03800295293331146,4.67481,1.7833437
6281,2.1250954,0.1430285,0.85,0.05,4.708558,2.2524636
6282,2.1683578,0.11017423,0.85,0.05,3.919027,1.7918386
6283,2.1295195,0.1476781,0.8245830535888672,0.020674146711826324,4.613141,1.5351547
6284,2.116394,0.12583597,0.8109614849090576,0.03870295733213425,4.7845354,1.8048276
6285,2.2876058,0.083383806,0.85,0.04595498368144035,2.478881,2.558616
6286,2.1019073,0.16390997,0.85,0.021988386288285255,4.9013996,1.7338274
6287,2.1260324,0.083845116,0.85,0.01581433042883873,5.0897646,1.8150609
6288,2.1419897,0.10090915,0.7983618378639221,0.05,4.486718,1.5371557
6289,2.2095258,0.13570324,0.8050301671028137,0.033968038856983185,3.2598917,2.430036
6290,2.2110877,0.12111145,0.7070742249488831,0.060128942131996155,3.2181675,2.3844426
6291,2.1508162,0.14086531,0.7772926092147827,0.0409025214612484,4.3798885,2.6588693
6292,2.1347153,0.12323145,0.85,0.05,4.923548,1.8565837
6293,2.1821046,0.088611275,0.85,0.05,4.4234724,1.9977953
6294,2.198304,0.16026285,0.85,0.05,3.292319,2.182862
6295,2.1521106,0.18104184,0.85,0.05,4.436862,2.186252
6296,2.1710062,0.09024686,0.85,0.05,4.008575,2.006843
6297,2.2807508,0.058097683,0.752985417842865,0.02289683371782303,2.5319002,2.529475
6298,2.210788,0.06594289,0.85,0.022002996876835823,3.544075,2.0038495
6299,2.1992013,0.07037802,0.7920158505439758,0.05,3.4187996,2.091162
6300,2.2236066,0.123770736,0.85,0.03531564399600029,3.1699114,2.7251692
6301,2.2093441,0.17340808,0.8402639031410217,0.04262297973036766,2.9758434,2.5146039
6302,2.1840937,0.09272309,0.7995234727859497,0.03689397871494293,4.1583586,1.9830589
6303,2.2155433,0.13736588,0.85,0.05,2.9647157,2.1963246
6304,2.1621442,0.11767649,0.85,0.05,4.1219535,1.9019052
6305,2.2285964,0.121964976,0.85,0.017692450433969498,3.0598981,2.6190848
6306,2.2753878,0.10360767,0.6406761407852173,0.012924453243613243,2.3922613,2.590283
6307,2.1825912,0.13350432,0.85,0.05,3.9467719,1.946269
6308,2.1555762,0.09446464,0.85,0.010999182239174843,4.5994353,1.6254225
6309,2.1806767,0.17682043,0.85,0.029048893600702286,3.845094,2.5385973
6310,2.3117647,0.11388025,0.5910691618919373,0.044302798807621,2.0798562,2.7877314
6311,2.195299,0.09001816,0.8273628950119019,0.032000474631786346,3.9332516,1.9664067
6312,2.2735915,0.15898198,0.85,0.03937869146466255,2.1698184,2.8484938
6313,2.1987789,0.133204,0.85,0.021143585443496704,3.3391862,2.6467454
6314,2.2686458,0.16836575,0.7723938822746277,0.05337478965520859,2.5577133,2.551835
6315,2.189523,0.15382208,0.8356980681419373,0.05,3.9272368,2.3366566
6316,2.0966003,0.12544608,0.8336415886878967,0.014579225331544876,5.0663385,1.6488619
6317,2.2370713,0.10032944,0.85,0.01425301842391491,3.3065758,2.105306
6318,2.2332082,0.11741886,0.8130990266799927,0.020838266238570213,2.8182876,2.5150926
6319,2.0595124,0.18259737,0.85,0.05,5.4610295,1.4975626
6320,2.1422431,0.1131369,0.85,0.05,4.7039065,1.7612318
6321,2.171168,0.16993459,0.46774008870124817,0.0068841297179460526,3.7772417,2.4846263
6322,2.2520905,0.12396289,0.8173253536224365,0.04325525090098381,2.6610613,2.412096
6323,2.2451572,0.09650376,0.85,0.0030869448091834784,2.559884,2.7533326
6324,2.178473,0.08693194,0.85,0.05,4.024324,1.8205206
6325,2.2233806,0.12468406,0.6921430826187134,0.05,3.3748953,2.1755276
6326,2.203834,0.071064256,0.6465261578559875,0.011725748889148235,3.8723102,2.0570061
6327,2.268568,0.14924152,0.741187572479248,0.05,2.1598618,2.711335
6328,2.2243881,0.118415155,0.85,0.03326749429106712,3.1466184,2.8337555
6329,2.2171402,0.09225252,0.85,0.017454154789447784,3.4531372,2.1992788
6330,2.2328944,0.13045274,0.8404970169067383,0.038452427834272385,2.7863622,1.989395
6331,2.2558496,0.13251564,0.8047753572463989,0.018535269424319267,2.2840831,2.8601446
6332,2.1574924,0.104049444,0.85,0.03431836888194084,4.588241,2.3588474
6333,2.2225368,0.12022322,0.85,0.05,3.2606468,2.3703074
6334,2.179486,0.12796922,0.8384499549865723,0.04862939566373825,3.4674947,2.3563447
6335,2.214554,0.085318424,0.85,0.02679556794464588,3.6201494,2.2229092
6336,2.2062879,0.10892892,0.8388857841491699,0.03795533627271652,3.9418075,2.112468
6337,2.215099,0.16481936,0.85,0.01911229081451893,3.1284275,2.2409675
6338,2.1743166,0.16698472,0.8024855256080627,0.062337011098861694,3.7002003,2.4137025
6339,2.1791866,0.10522934,0.85,0.019958896562457085,3.8279185,1.792831
6340,2.2354205,0.061526686,0.7609112858772278,0.05,3.9744964,2.4278398
6341,2.1514435,0.14543603,0.7993382215499878,0.05,4.176365,2.1672971
6342,2.253954,0.1289408,0.8467279076576233,0.05,2.2954051,2.3493397
6343,2.144055,0.10828611,0.7859926819801331,0.009315741248428822,4.3915343,1.9003868
6344,2.1782286,0.0803865,0.85,0.02846061810851097,4.3448663,1.9701313
6345,2.2215145,0.1642285,0.85,0.05,2.9093876,2.437685
6346,2.173849,0.15534289,0.85,0.018192611634731293,3.85993,2.4953887
6347,2.2105694,0.08832609,0.85,0.00553522864356637,3.643274,2.0767236
6348,2.2019668,0.112396106,0.85,0.017460955306887627,3.7804341,2.6388073
6349,2.2070968,0.116663486,0.85,0.05,3.5541303,2.0809402
6350,2.1777554,0.1415385,0.8082666993141174,0.05,3.4562695,2.0612416
6351,2.231007,0.07119101,0.8383261561393738,0.013448732905089855,3.1779623,2.2069814
6352,2.155564,0.117890105,0.8277668952941895,0.05,4.3081617,1.9461741
6353,2.177398,0.119821355,0.85,0.05,4.0751038,2.2386677
6354,2.2031786,0.101369254,0.8243851065635681,0.04740161821246147,3.964653,2.16791
6355,2.1587455,0.090371296,0.8317593932151794,0.05,4.7433376,1.9240369
6356,2.2690918,0.090603985,0.8371348977088928,0.004959932062774897,2.5197105,2.402378
6357,2.2120614,0.11779957,0.85,0.05,3.407806,2.3629785
6358,2.2189794,0.09471049,0.7631143927574158,0.020625362172722816,3.341752,2.3078282
6359,2.1681244,0.078809276,0.85,0.05,4.173257,1.815843
6360,2.1985052,0.14735301,0.85,0.01519965473562479,3.759169,2.308435
6361,2.245662,0.02972428,0.85,0.05,3.8832088,2.4857383
6362,2.2426012,0.12439916,0.85,0.029900910332798958,2.7999973,2.7998855
6363,2.2508278,0.062068027,0.8006653189659119,0.05,3.241924,1.8899565
6364,2.110741,0.14389381,0.8381344676017761,0.01965535245835781,5.2604456,1.6487987
6365,2.1642098,0.121552035,0.85,0.05,4.501146,1.8037648
6366,2.1563272,0.13315831,0.85,0.05,4.3496165,1.8582152
6367,2.1506572,0.13293266,0.85,0.05,4.0892005,2.2168784
6368,2.2473805,0.14653708,0.7207508087158203,0.04558597132563591,2.674669,2.7751052
6369,2.3014402,0.14129421,0.721463680267334,0.036652762442827225,2.117043,2.7039633
6370,2.2065282,0.10821975,0.85,0.0187547504901886,3.1567051,2.167823
6371,2.1664705,0.06310316,0.85,0.05,4.976618,1.6282688
6372,2.1733408,0.05888771,0.7441576719284058,0.02944928966462612,4.541644,1.7381139
6373,2.1619983,0.15639588,0.85,0.05,3.9595084,1.9379214
6374,2.2161438,0.08784957,0.8295261263847351,0.05,2.8235836,2.570313
6375,2.1786215,0.1059372,0.8396399021148682,0.05,3.8717477,1.878097
6376,2.1709745,0.12780535,0.85,0.01341032050549984,4.365753,2.0883403
6377,2.1697543,0.12381024,0.8391044735908508,0.05,3.7502391,2.2193813
6378,2.193785,0.09836393,0.8351457118988037,0.05,3.8851032,1.8367243
6379,2.1764874,0.07140515,0.85,0.05,4.0422344,1.94577
6380,2.1554353,0.16234645,0.8457032442092896,0.018587853759527206,4.5362954,1.9728926
6381,2.1879544,0.14029226,0.85,0.05,3.2916212,2.206779
6382,2.15798,0.082101725,0.85,0.05,4.457601,2.0904913
6383,2.1956646,0.09554998,0.840622067451477,0.05,3.7180338,2.2194066
6384,2.1892347,0.12556174,0.685956597328186,0.05,3.2972233,1.9485575
6385,2.2118738,0.11542058,0.8436717391014099,0.029855970293283463,3.316044,2.2045689
6386,2.2155902,0.08699899,0.85,0.05,3.56034,2.5072203
6387,2.2044127,0.11978539,0.6356558799743652,0.023369021713733673,3.4738245,2.2978547
6388,2.2204075,0.09599593,0.7288650870323181,0.030640071257948875,3.2954938,2.6270263
6389,2.1708646,0.068199545,0.8291798233985901,0.05,4.1986322,2.0921278
6390,2.133697,0.11263609,0.85,0.05,4.834746,1.8955657
6391,2.1042485,0.13510522,0.85,0.027145598083734512,5.5320497,1.695312
6392,2.2016172,0.06646182,0.85,0.05,4.01951,2.0177093
6393,2.2278674,0.15901399,0.8133480548858643,0.05,2.6094763,2.3173215
6394,2.1731815,0.060023576,0.85,0.05,4.5797477,1.5306727
6395,2.1573646,0.09847942,0.85,0.05,4.254077,1.6974031
6396,2.1567917,0.13341863,0.85,0.05,4.4161444,2.4120414
6397,2.251325,0.09811939,0.8381783962249756,0.03771976754069328,3.0268652,2.7295315
6398,2.086627,0.1440237,0.85,0.05,4.8987927,1.3638613
6399,2.1092727,0.11658166,0.85,0.028346113860607147,5.138719,1.5631207
6400,2.1666698,0.089712776,0.85,0.05,4.435831,1.8253877
6401,2.14131,0.10159911,0.85,0.05,4.5450783,1.922681
6402,2.1662786,0.0941339,0.85,0.05,4.577482,1.9515581
6403,2.182363,0.16510294,0.85,0.05,3.7092147,2.3986833
6404,2.2477157,0.08630014,0.85,0.011241048574447632,2.7272434,2.1991186
6405,2.146773,0.12981169,0.85,0.05,4.888851,1.6298264
6406,2.104031,0.11997733,0.7979333996772766,0.017068877816200256,4.8748407,1.3305732
6407,2.170985,0.14593196,0.85,0.05,3.9469428,2.176823
6408,2.1951914,0.12152318,0.85,0.024821510538458824,3.8032596,2.5575664
6409,2.2052526,0.12302092,0.85,0.05,3.364055,2.2096598
6410,2.109949,0.11852471,0.85,0.01212304551154375,5.028846,1.6916529
6411,2.2158935,0.0723735,0.85,0.05,3.793876,2.4825406
6412,2.2211788,0.10741118,0.7438693642616272,0.012751901522278786,3.8533356,2.1018074
6413,2.1572444,0.13625641,0.844322144985199,0.05,4.5518436,2.3937182
6414,2.1743138,0.1596146,0.6604561805725098,0.013933060690760612,4.0862885,1.9555576
6415,2.1215715,0.1028009,0.8449432253837585,0.05,5.3223963,1.7030188
6416,2.1179948,0.12899451,0.8231200575828552,0.030271772295236588,4.7086453,1.6195784
6417,2.169322,0.13136363,0.7996334433555603,0.02434036135673523,3.6231134,1.7704045
6418,2.0897744,0.101385474,0.8139472007751465,0.05170298367738724,5.896536,1.3297241
6419,2.18854,0.13919117,0.85,0.029177041724324226,3.8126686,2.8908558
6420,2.0706527,0.11782778,0.8135871291160583,0.09391844272613525,6.314272,1.6489367
6421,2.1899219,0.105904065,0.85,0.01699294149875641,3.9596202,2.0268135
6422,2.1374657,0.10760016,0.775892436504364,0.05,4.583417,1.6960347
6423,2.2040372,0.08526698,0.8110224604606628,0.03158639371395111,3.9004781,2.136454
6424,2.165304,0.11419588,0.85,0.05,3.628332,2.3377492
6425,2.1638098,0.075392365,0.85,0.05,3.9843838,1.7125648
6426,2.1590023,0.19790031,0.8388116359710693,0.05,3.75181,2.2449377
6427,2.217416,0.1569807,0.849536657333374,0.01632147841155529,2.968651,2.66693
6428,2.2631798,0.08292794,0.8354001045227051,0.05,2.4084265,2.5144527
6429,2.2593389,0.10180848,0.7803095579147339,0.027849901467561722,2.6965983,2.569604
6430,2.123196,0.13506651,0.8344212174415588,0.05,4.9516735,1.5336589
6431,2.243565,0.10039584,0.836626410484314,0.05,2.7901287,2.2457764
6432,2.1399238,0.14301953,0.85,0.05,4.6973653,1.9472551
6433,2.111094,0.14663073,0.8322709798812866,0.05,4.884872,1.6235327
6434,2.1974428,0.16624482,0.85,0.05,3.0178788,2.1176062
6435,2.3382547,0.1369763,0.8245368599891663,0.03438106179237366,2.0460527,2.5975103
6436,2.255411,0.13695027,0.6229382157325745,0.03537048026919365,2.2190387,2.8332777
6437,2.0716796,0.1742107,0.8262823820114136,0.028197355568408966,5.046204,1.4176973
6438,2.0336351,0.20432402,0.85,0.024042801931500435,6.2465687,1.442778
6439,2.1596365,0.1200076,0.85,0.05,4.3327107,1.7638863
6440,2.1891093,0.068720706,0.8222423791885376,0.05,4.0336266,2.0497234
6441,2.1570508,0.09284774,0.85,0.05,4.6416297,1.52879
6442,2.2249768,0.08563024,0.85,0.05,3.356761,2.1704338
6443,2.2303984,0.097774416,0.85,0.05,2.6313663,2.8070407
6444,2.2026834,0.09843362,0.8115319013595581,0.006173776462674141,3.4677904,2.0196254
6445,2.1181543,0.12253076,0.85,0.02931136265397072,4.7595053,1.6786562
6446,2.1498027,0.14759748,0.85,0.05,4.3597913,2.0326712
6447,2.2282908,0.214746,0.7587395906448364,0.05,2.5577862,2.5949259
6448,2.1964788,0.095803924,0.8288004994392395,0.05,4.036834,2.5791745
6449,2.210613,0.1066889,0.8025952577590942,0.05,3.527364,2.3026652
6450,2.2239742,0.1745838,0.6659809947013855,0.04975507780909538,2.40641,2.6731865
6451,2.233081,0.12848724,0.85,0.05,2.9009168,2.3840668
6452,2.1715407,0.108144,0.8355356454849243,0.05,4.2267303,2.6095722
6453,2.2093453,0.14563452,0.85,0.05,3.300434,2.136083
6454,2.2174509,0.12251922,0.85,0.05,3.4690502,2.2495844
6455,2.2106788,0.124286324,0.85,7.861186168156564e-05,3.2573793,2.3134902
6456,2.2319505,0.10158426,0.85,0.05,3.147254,2.3090398
6457,2.329969,0.10699727,0.5129067301750183,0.06682487577199936,2.2702127,2.7540457
6458,2.2737951,0.08939057,0.8382890820503235,0.05,2.471795,2.9057393
6459,2.1985273,0.07416087,0.85,0.05,4.0518484,1.6683596
6460,2.077264,0.10272933,0.8460056185722351,0.057447489351034164,6.5648603,1.4198401
6461,2.0682592,0.16658019,0.85,0.05,4.8377395,1.4451511
6462,2.2673438,0.09503041,0.85,0.05,2.448035,2.4240978
6463,2.137692,0.08714548,0.8267365097999573,0.05,4.898765,1.6340023
6464,2.0693748,0.15794374,0.85,0.05,5.318296,1.8032761
6465,2.1763523,0.14188455,0.85,0.05,4.189826,1.9611255
6466,2.1563888,0.08113316,0.8063417673110962,0.05,4.39319,1.8301169
6467,2.320052,0.03815998,0.7990564107894897,0.04271244630217552,2.5347037,2.3327212
6468,2.155991,0.12505336,0.85,0.03848770633339882,4.4519825,2.0912104
6469,2.1902928,0.1094671,0.85,0.05,3.8386083,1.8024693
6470,2.0823915,0.1502546,0.8142495155334473,0.05,5.2396,1.5626063
6471,2.1957679,0.1106739,0.85,0.016346905380487442,3.6053286,2.2647717
6472,2.2283661,0.16931306,0.8376451730728149,0.05,2.6913874,2.7926123
6473,2.2229857,0.13452114,0.85,0.05,2.8232968,2.5802352
6474,2.1959465,0.1397144,0.6752161383628845,0.025294780731201172,3.8279374,2.620329
6475,2.2304802,0.13099712,0.85,0.0018246237887069583,2.9288702,2.240181
6476,2.238651,0.11421738,0.6059361100196838,0.048913367092609406,3.1273222,2.821916
6477,2.2534094,0.08919716,0.85,0.05,2.508161,2.21946
6478,2.2256813,0.10447703,0.85,0.017956916242837906,3.2720685,1.9502507
6479,2.2409794,0.13462116,0.7055224776268005,0.027035895735025406,2.7136066,2.1201217
6480,2.1594002,0.16867805,0.8217211365699768,0.05,4.283604,2.121883
6481,2.0910115,0.14545745,0.8233523368835449,0.05,5.226891,1.3743113
6482,2.203913,0.08948017,0.85,0.05,3.7969043,2.2211635
6483,2.176472,0.10946585,0.85,0.006412114016711712,3.7992752,1.8912084
6484,2.1542065,0.11227812,0.85,0.02260388433933258,4.603855,2.1247923
6485,2.216746,0.11634913,0.8395535945892334,0.03064579702913761,3.2453966,2.2272685
6486,2.1710272,0.112127386,0.8065001368522644,0.05,3.9603057,2.277579
6487,2.2573106,0.13189915,0.834549605846405,0.05,2.3223603,2.7957442
6488,2.1243784,0.12094506,0.85,0.05,4.9586287,1.873374
6489,2.080412,0.12144197,0.85,0.05,5.4746246,1.3581824
6490,2.2170231,0.10664751,0.85,0.05,3.7482886,2.3294013
6491,2.1690989,0.12273338,0.85,0.05,4.0847387,2.1566873
6492,2.16859,0.10069917,0.85,0.022283362224698067,4.3950114,1.8888965
6493,2.226931,0.13290621,0.85,0.022815456613898277,3.027558,2.6174161
6494,2.1462646,0.16196707,0.8305708765983582,0.04349229112267494,4.5180206,2.4405503
6495,2.1378915,0.105607174,0.85,0.05,4.9929066,1.6853138
6496,2.0527318,0.14924027,0.823908805847168,0.014043056406080723,6.257014,1.2083045
6497,2.148492,0.11386349,0.85,0.05,4.878712,2.0778363
6498,2.134192,0.13948458,0.6148587465286255,0.05,4.080415,1.6968315
6499,2.1938334,0.15059987,0.85,0.05,3.7481682,2.1544702
6500,2.1370907,0.08554157,0.7390198111534119,0.04143781214952469,4.7628436,1.6124368
6501,2.2379453,0.1025949,0.7734626531600952,0.025171807035803795,2.968494,2.3238971
6502,2.1868665,0.12268154,0.7929756045341492,0.04454255476593971,3.768412,1.8130065
6503,2.2335417,0.11591899,0.85,0.04743284359574318,2.976067,2.7145436
6504,2.091375,0.16475196,0.85,0.05,4.9666314,1.4809164
6505,2.2341135,0.13988149,0.751742422580719,0.04732419550418854,2.770868,2.7578268
6506,2.142381,0.12603016,0.85,0.05,4.486074,1.7899597
6507,2.17094,0.063316524,0.5738891363143921,0.05,4.5430527,1.7398171
6508,2.290785,0.06265369,0.7222517132759094,0.05,2.4542778,2.3531399
6509,2.15565,0.15428223,0.8366227149963379,0.05,4.413426,2.0774379
6510,2.2147698,0.06893472,0.85,0.0017845297697931528,3.8871534,1.8799398
6511,2.1695251,0.14095148,0.6830112338066101,0.04148539900779724,3.9959388,2.0194151
6512,2.1733844,0.13366146,0.6721825003623962,0.06215563416481018,3.962859,2.493675
6513,2.2368312,0.120858826,0.5359790325164795,0.07387419790029526,2.7480266,2.216345
6514,2.2024853,0.09776896,0.6831220388412476,0.06583593785762787,3.9237869,2.798798
6515,2.1352553,0.08966653,0.8173975944519043,0.03771720454096794,4.501225,1.8042823
6516,2.257169,0.1134091,0.85,0.0187810231000185,2.5811718,2.1815228
6517,2.2054052,0.1943804,0.8023114204406738,0.0585465133190155,3.1402159,2.535634
6518,2.1522183,0.11588682,0.5590076446533203,0.05,4.7602735,1.6956586
6519,2.1623812,0.16772075,0.8019751906394958,0.03300783038139343,4.6083922,1.9984409
6520,2.1902404,0.10733646,0.85,0.05,4.0566025,1.8139012
6521,2.0850754,0.13382277,0.85,0.02268952690064907,5.4271016,1.6414112
6522,2.2392619,0.10195177,0.85,0.01660008914768696,3.2077491,2.076147
6523,2.2920697,0.08519413,0.8462874293327332,0.061119645833969116,2.5398905,2.5586805
6524,2.175418,0.11987527,0.8373072743415833,0.001622815034352243,3.8886883,1.8583064
6525,2.1746643,0.08508143,0.8391608595848083,0.04980870708823204,4.688257,2.4901843
6526,2.0990448,0.12697023,0.6661131381988525,0.03637625649571419,4.575709,1.7102004
6527,2.2260053,0.09304382,0.7909256815910339,0.05,3.3576515,2.7771695
6528,2.1656747,0.10867515,0.8218352794647217,0.038271091878414154,4.071267,2.0088246
6529,2.142948,0.16960008,0.8303383588790894,0.037717048078775406,4.086631,2.1476314
6530,2.1350636,0.105835445,0.85,0.05,4.6329,1.5424039
6531,2.1767046,0.0941189,0.3502635061740875,0.03236900269985199,3.4531078,1.7455264
6532,2.1464162,0.10591092,0.85,0.0438891239464283,4.8298917,2.1155252
6533,2.1899154,0.11677348,0.85,0.027630075812339783,4.31532,1.8867803
6534,2.208066,0.10409839,0.8170515298843384,0.0384579561650753,3.327969,2.3294015
6535,2.1707418,0.164964,0.8378299474716187,0.01998303458094597,4.2125297,2.301307
6536,2.2213385,0.115544096,0.7866780757904053,0.028535638004541397,3.3263483,2.146881
6537,2.318525,0.13972035,0.5503840446472168,0.07309016585350037,2.1294577,2.8593144
6538,2.1992743,0.071770445,0.85,0.05,3.9440603,2.5105944
6539,2.1893244,0.13560665,0.85,0.05,3.7474189,2.1784177
6540,2.1507628,0.15813482,0.85,0.05,4.626577,2.163402
6541,2.2132714,0.1431747,0.557895302772522,0.05,2.9400506,2.5850468
6542,2.1987176,0.11460039,0.85,0.017756903544068336,3.752181,2.0925524
6543,2.150477,0.154854,0.7721219658851624,0.038918424397706985,4.511111,1.7933356
6544,2.2093983,0.12924811,0.33902108669281006,0.07474599778652191,3.2626305,2.7828743
6545,2.1257057,0.14380236,0.85,0.05,4.562937,1.8177625
6546,2.2050896,0.16668306,0.85,0.05,3.385683,2.150685
6547,2.1701622,0.083836004,0.7953591346740723,0.05,3.3846617,2.262813
6548,2.179168,0.06517153,0.85,0.019419899210333824,4.1300697,2.0626483
6549,2.2426982,0.08692975,0.8245815634727478,0.0323953740298748,3.3725305,2.159181
6550,2.213559,0.114373505,0.85,0.02373787760734558,3.2454016,2.751089
6551,2.2712612,0.14737241,0.85,0.02470236085355282,2.47784,2.3116279
6552,2.1515462,0.12167845,0.85,0.05,4.45592,1.5563604
6553,2.155821,0.10748032,0.7823796272277832,0.03805483877658844,4.4146705,1.5893284
6554,2.1888545,0.05790013,0.835259735584259,0.05,4.446112,1.9781648
6555,2.175558,0.112220496,0.8484928011894226,0.04742443934082985,4.1407385,2.3934722
6556,2.1111777,0.1106093,0.85,0.017521006986498833,4.911512,1.7328652
6557,2.1120663,0.14259456,0.8160359263420105,0.04135967046022415,4.8045354,1.7092637
6558,2.2174363,0.12654503,0.8354426622390747,0.05,2.519904,2.416889
6559,2.1865103,0.15260458,0.17386190593242645,0.19810505211353302,4.7663093,2.8318393
6560,2.1726375,0.12065554,0.8113903999328613,0.05,4.0914135,2.1569328
6561,2.2656736,0.14083783,0.85,0.05369338020682335,2.5201097,2.319485
6562,2.1805766,0.06935878,0.6923089027404785,0.010152547620236874,4.4764986,1.6587436
6563,2.1379561,0.15672532,0.8102753758430481,0.026090769097208977,4.123496,1.7753787
6564,2.1908588,0.09445801,0.6680862903594971,0.01183489989489317,3.9869335,2.490495
6565,2.2303429,0.12615287,0.6193470358848572,0.02649558149278164,3.3840697,1.9533608
6566,2.1580648,0.15626416,0.8150466084480286,0.02340051718056202,4.1210723,2.0459175
6567,2.1339023,0.09964477,0.8018568158149719,0.02218146249651909,4.9235415,1.6582383
6568,2.2086906,0.14771548,0.85,0.011429850943386555,3.0779023,2.2129655
6569,2.105346,0.09767968,0.7821068167686462,0.02016584388911724,5.2408767,1.3781605
6570,2.1360264,0.09879053,0.8274146318435669,0.05,4.6688266,1.7317945
6571,2.117384,0.116232075,0.85,0.05,5.1328754,1.6194292
6572,2.1789637,0.19495738,0.85,0.020826704800128937,3.5455947,2.6791651
6573,2.2024188,0.10655617,0.85,0.05,3.4363647,2.1679628
6574,2.1957083,0.10937936,0.85,0.020180433988571167,3.861452,2.224797
6575,2.296747,0.110510886,0.8158267736434937,0.05,2.3128006,2.8349385
6576,2.1944969,0.11679743,0.3346838355064392,0.035960227251052856,4.065852,2.5129383
6577,2.122989,0.1743206,0.85,0.05,4.712937,1.5848542
6578,2.188041,0.1775044,0.85,0.05,3.024486,2.5342648
6579,2.1701949,0.15196575,0.8250522017478943,0.039830125868320465,3.7729785,2.8415005
6580,2.1860878,0.1340233,0.85,0.05954584851861,3.3218756,2.7994604
6581,2.1717777,0.14141284,0.834125280380249,0.0372953787446022,3.9610152,2.1486688
6582,2.2293007,0.09909405,0.8453569412231445,0.022050220519304276,3.2317386,2.206909
6583,2.15133,0.1306314,0.85,0.05,3.953359,2.1546195
6584,2.2594724,0.08470784,0.8365151882171631,0.044900886714458466,2.9052048,2.6701977
6585,2.3032393,0.078945465,0.85,0.05,2.3938107,2.528932
6586,2.1853163,0.14828812,0.8159360289573669,0.05,3.4092598,2.434078
6587,2.1579483,0.12886374,0.85,0.05,4.0183864,1.7318306
6588,2.155837,0.14398758,0.8163334131240845,0.04463505372405052,4.3945303,2.008518
6589,2.2159188,0.1590952,0.8013203144073486,0.03575664386153221,2.7232914,2.6735153
6590,2.1469843,0.06612533,0.6973018050193787,0.03050360456109047,4.439553,1.491892
6591,2.210882,0.094620824,0.7604357004165649,0.028886297717690468,3.6592484,2.6107724
6592,2.0874293,0.15446468,0.8191827535629272,0.038872767239809036,4.994186,1.5054601
6593,2.188832,0.07182925,0.7830356955528259,0.05,4.662277,2.1336033
6594,2.1289234,0.13575958,0.85,0.05,5.042401,2.1843739
6595,2.1648753,0.12281131,0.85,0.010305493138730526,4.1846166,2.1298454
6596,2.1046734,0.121563576,0.85,0.05,4.9748664,1.4149655
6597,2.1651955,0.13326608,0.85,0.05,3.7650263,1.7831788
6598,2.0986836,0.15457712,0.6699609160423279,0.05777391046285629,5.0179462,1.6977556
6599,2.1296532,0.083397135,0.85,0.01712709665298462,5.0399337,1.6509695
6600,2.1008654,0.16543406,0.85,0.05,4.831585,1.7089748
6601,2.220395,0.067249075,0.8079689741134644,0.011768191121518612,3.4107456,1.8768055
6602,2.1594872,0.1569861,0.5393850803375244,0.05,3.805641,2.0440965
6603,2.080873,0.14900313,0.85,0.02413666993379593,5.6694245,1.7306372
6604,2.2330573,0.13989143,0.85,0.017971346154808998,2.809345,2.7102196
6605,2.2040653,0.109334975,0.85,0.05,3.4892526,2.1896465
6606,2.1785,0.13924932,0.85,0.05,3.8251429,2.1375203
6607,2.173631,0.16200715,0.7081093192100525,0.02007879875600338,3.4860206,2.8122745
6608,2.2467532,0.09074409,0.8052555918693542,0.05,2.8584034,2.5912473
6609,2.1872036,0.18223053,0.7964600324630737,0.05,3.0025346,2.6366181
6610,2.1729767,0.07248288,0.85,0.05,3.9106727,2.3283627
6611,2.1559963,0.14934687,0.8430352807044983,0.04217406362295151,4.472506,2.4644527
6612,2.1708827,0.12847869,0.85,0.05,4.4103947,2.1171324
6613,2.1181242,0.11660505,0.85,0.010193142108619213,4.9186935,1.638872
6614,2.106122,0.18022971,0.85,0.05,4.4168296,1.5154171
6615,2.2270195,0.13564807,0.85,0.05,2.6042128,2.7986596
6616,2.2288148,0.105889104,0.7936210036277771,0.04627204313874245,2.920173,2.6461756
6617,2.1781447,0.14142142,0.85,0.05,3.9556906,2.1971922
6618,2.2289534,0.15709995,0.8310238122940063,0.02288740687072277,2.8981054,2.3759837
6619,2.161861,0.1160858,0.8310005068778992,0.018875019624829292,4.325643,2.0825386
6620,2.2400327,0.17786698,0.8090128302574158,0.049218155443668365,2.4669242,2.5432801
6621,2.0683103,0.1086585,0.85,0.030859418213367462,6.2750807,1.4031292
6622,2.1621792,0.095847785,0.85,0.05,3.9113326,2.109352
6623,2.1127722,0.12210302,0.849301815032959,0.05,5.6861825,1.517819
6624,2.287412,0.07330336,0.5535436868667603,0.037224266678094864,2.4369054,2.4586134
6625,2.2001667,0.11592763,0.7960674166679382,0.01874239556491375,3.3418884,2.8695283
6626,2.1938813,0.09893659,0.85,0.05,3.8661826,2.190852
6627,2.1395102,0.10532919,0.85,0.012493877671658993,4.664763,1.8810191
6628,2.1750746,0.086873874,0.85,0.05,4.726119,2.08358
6629,2.1109958,0.123035595,0.7874324321746826,0.022441519424319267,5.072672,1.4811156
6630,2.2063067,0.120914236,0.8478215932846069,0.028730345889925957,3.3310091,2.595311
6631,2.0733824,0.117144,0.822526216506958,0.045447900891304016,6.0277905,1.4323938
6632,2.1350288,0.16571051,0.85,0.05,4.3235455,2.0611799
6633,2.1446233,0.13212268,0.85,0.022112062200903893,4.577045,2.2144222
6634,2.1047115,0.16787054,0.85,0.05,4.527827,1.5684288
6635,2.1409707,0.14937814,0.85,0.05,4.1193886,2.1036391
6636,2.1719317,0.14181826,0.8193032741546631,0.04542258754372597,3.9995298,2.4482577
6637,2.1926296,0.04189893,0.85,0.05,4.5408993,1.8469269
6638,2.1679287,0.10589978,0.7695348262786865,0.05,4.1968384,2.0558279
6639,2.1739376,0.11949845,0.80470210313797,0.017576096579432487,3.8556511,2.2480905
6640,2.1828146,0.07017945,0.85,0.05,3.6541646,1.8865805
6641,2.1917922,0.097204395,0.85,0.05,4.0672417,2.1330104
6642,2.1361413,0.13110375,0.85,0.015720870345830917,4.6826982,2.0476227
6643,2.16938,0.13179468,0.8275718092918396,0.01948527805507183,4.001723,2.2296238
6644,2.1914794,0.16391681,0.8461155295372009,0.029738157987594604,3.4264116,2.571325
6645,2.1331806,0.16313049,0.85,0.05,4.5476923,1.862812
6646,2.1175246,0.16039205,0.8171928524971008,0.03886427730321884,4.746018,1.7449585
6647,2.2296612,0.1217103,0.5881932973861694,0.05,3.0650501,2.3622885
6648,2.1569018,0.1559003,0.85,0.05,4.1266,2.088022
6649,2.1664214,0.11123502,0.8349079489707947,0.05,4.720333,1.6326323
6650,2.1697848,0.1501621,0.85,0.05,3.7611682,1.9081848
6651,2.2589688,0.08794852,0.85,0.019436972215771675,3.0326757,2.2129858
6652,2.2364662,0.1261307,0.8310530185699463,0.05,2.6466148,2.5118024
6653,2.1916096,0.1403291,0.8040865063667297,0.03733082488179207,3.6090093,2.210058
6654,2.1718755,0.0757056,0.85,0.02788170613348484,4.3751907,1.9024199
6655,2.1162293,0.14139663,0.8165339231491089,0.05,5.005441,1.5985496
6656,2.162528,0.17698687,0.85,0.011901579797267914,3.2568972,2.563923
6657,2.3009036,0.102059096,0.8289458751678467,0.054819993674755096,2.5470018,2.814478
6658,2.1761625,0.08742352,0.85,0.008295365609228611,4.42257,2.0562253
6659,2.2134209,0.11949133,0.8367052674293518,0.05,3.3911545,2.2551298
6660,2.187141,0.120250225,0.8246869444847107,0.06049351766705513,3.8940222,2.7663176
6661,2.1834073,0.09594701,0.85,0.05,3.917716,2.1047907
6662,2.0878403,0.1471748,0.7998440265655518,0.05,4.945508,1.7266163
6663,2.180521,0.15026641,0.8173996210098267,0.05,3.843615,2.5726666
6664,2.1864038,0.044662416,0.8430372476577759,0.031120341271162033,4.8428707,1.9121468
6665,2.173342,0.115065366,0.8461466431617737,0.05,4.0258293,2.2040236
6666,2.1538017,0.12764318,0.8241422176361084,0.016010984778404236,3.9113822,1.6291232
6667,2.167312,0.12562333,0.85,0.05,3.9221256,1.990977
6668,2.1286938,0.10947268,0.85,0.022291572764515877,4.709224,1.4722868
6669,2.1590526,0.119812034,0.85,0.05,4.2364917,1.7049897
6670,2.1999943,0.1199966,0.632918119430542,0.03000451996922493,3.5968149,2.1686819
6671,2.181067,0.12098055,0.85,0.012274273671209812,3.8273196,2.1616237
6672,2.146784,0.16360997,0.8106749653816223,0.05,4.132582,2.1407819
6673,2.120757,0.12111884,0.85,0.05,4.552105,1.6304711
6674,2.1344426,0.08413846,0.85,0.014068575575947762,5.0022287,1.7078173
6675,2.1639566,0.1402953,0.3889290690422058,0.05,3.7253587,2.1941931
6676,2.253246,0.16467844,0.85,0.05,2.5312464,2.8220928
6677,2.2931292,0.08544262,0.85,0.037628255784511566,2.411772,2.7137513
6678,2.1406565,0.12981832,0.806751549243927,0.04456920921802521,4.502914,1.9868113
6679,2.085623,0.13362503,0.8049855828285217,0.026074949651956558,5.534274,1.6336013
6680,2.1687732,0.09051712,0.41442111134529114,0.036822251975536346,3.9493718,1.9079844
6681,2.1215944,0.19965157,0.85,0.05,4.3009615,1.6621082
6682,2.1861894,0.071704336,0.85,0.00864938274025917,4.342375,1.8598404
6683,2.1518235,0.10727384,0.7739788889884949,0.05,4.8486342,1.8055086
6684,2.2115052,0.048005793,0.7640232443809509,0.005417086649686098,3.8491518,2.5864103
6685,2.224792,0.08329065,0.8482434153556824,0.032479070127010345,3.2330046,2.541885
6686,2.112447,0.124902785,0.85,0.04057038947939873,5.177033,1.7651722
6687,2.1807675,0.07006472,0.85,0.035189028829336166,4.431281,1.954218
6688,2.1989675,0.104313254,0.8410321474075317,0.05,3.3827655,2.7973988
6689,2.1604817,0.15065916,0.7245476245880127,0.029443634673953056,3.864076,1.606726
6690,2.1006665,0.08088216,0.7928319573402405,0.05,5.599801,1.4145907
6691,2.2133875,0.12476366,0.85,0.05,3.1766558,2.7580662
6692,2.2215788,0.09367282,0.8046261668205261,0.05,2.8418531,2.52722
6693,2.2272933,0.16199602,0.6503472328186035,0.015297445468604565,2.607925,2.4863775
6694,2.2085404,0.15281062,0.8409286737442017,0.04086486995220184,2.9711702,2.6360948
6695,2.2591887,0.102743246,0.7958649396896362,0.05,2.9541976,2.1399124
6696,2.1603386,0.13493285,0.85,0.05,4.6205482,1.7533151
6697,2.2528126,0.11268319,0.8309829831123352,0.026060117408633232,2.6825814,2.5501091
6698,2.1796968,0.1553145,0.85,0.05,3.6501093,2.1325233
6699,2.2032478,0.113811255,0.8227331042289734,0.05,3.2538717,2.134827
6700,2.1492548,0.13431573,0.85,0.05,4.6014047,1.6601787
6701,2.256834,0.114919186,0.7035879492759705,0.044192466884851456,2.6937103,2.578566
6702,2.1365883,0.119060755,0.85,0.05,4.7581196,1.6542202
6703,2.1984303,0.1259493,0.85,0.05,3.9333553,2.5475657
6704,2.1968472,0.16666865,0.8477460145950317,0.028613105416297913,3.5032074,2.6361327
6705,2.301685,0.10194111,0.6953570246696472,0.04120368883013725,2.4505491,2.4724526
6706,2.171614,0.1515818,0.85,0.05,4.069845,1.84326
6707,2.162921,0.106536604,0.8131351470947266,0.05,3.434766,1.6901444
6708,2.2038531,0.16095705,0.8164167404174805,0.06543553620576859,3.0047565,2.673037
6709,2.2283316,0.088430315,0.8434323072433472,0.023776905611157417,3.1016412,2.7097166
6710,2.1529088,0.11225693,0.8049209713935852,0.05,4.2411284,2.5643578
6711,2.1648457,0.16129555,0.802270233631134,0.030336441472172737,4.1401486,1.8671539
6712,2.1833835,0.17956132,0.7383689880371094,0.026783427223563194,3.1971512,2.6022825
6713,2.2312374,0.06611682,0.85,0.05,3.7521062,2.071423
6714,2.1941743,0.10100025,0.8220305442810059,0.05,3.371905,2.1768901
6715,2.2939348,0.11430178,0.6021361351013184,0.046156562864780426,2.1626656,2.784899
6716,2.1432483,0.11055853,0.85,0.05,4.2046447,1.740054
6717,2.150355,0.08207245,0.85,0.05,4.710112,1.8338585
6718,2.1501186,0.06702335,0.85,0.05,4.727585,1.7707287
6719,2.2148163,0.1458167,0.85,0.05,2.9952004,2.4772415
6720,2.1811068,0.09985773,0.85,0.01732518896460533,4.1851144,2.109938
6721,2.1770968,0.106981575,0.7192365527153015,0.05,3.4925468,1.9844173
6722,2.1817484,0.16822326,0.85,0.0200244951993227,3.4726188,2.2388067
6723,2.1645825,0.15366244,0.5908887982368469,0.04303876683115959,4.0851455,2.6551404
6724,2.1648817,0.16975802,0.85,0.012443067505955696,3.7401414,2.4148881
6725,2.1240463,0.15291582,0.8404017090797424,0.030078310519456863,4.8150983,2.0592258
6726,2.183352,0.13338526,0.8373597264289856,0.033244144171476364,3.6834738,2.5473218
6727,2.2059834,0.16470519,0.85,0.05,2.9310212,2.5035655
6728,2.1478956,0.13765116,0.8418017625808716,0.020067259669303894,4.0924196,2.148219
6729,2.1953912,0.029277276,0.85,0.05,3.9860787,2.4092717
6730,2.2368963,0.17750879,0.85,0.03311849758028984,2.5666373,2.8269029
6731,2.3326235,0.05943589,0.5735808610916138,0.03553355485200882,2.1200554,2.6256127
6732,2.1635315,0.07692867,0.85,0.05,4.4124217,1.8162999
6733,2.1823905,0.1408896,0.8326184749603271,0.008603634312748909,3.6514933,1.5567245
6734,2.2164767,0.10042346,0.85,0.05,3.0676944,2.706902
6735,2.2542996,0.090253696,0.19429068267345428,0.04042299836874008,2.8296018,2.6105945
6736,2.1303852,0.16730975,0.8234315514564514,0.0036697934847325087,4.6789956,1.903808
6737,2.1761963,0.08184431,0.563404381275177,0.05,3.5906777,2.0552394
6738,2.1289403,0.1143671,0.8450554609298706,0.023036077618598938,4.6996346,1.8635211
6739,2.240088,-0.011638676,0.8176670670509338,0.05,4.0289254,1.5023954
6740,2.1939437,0.13361122,0.85,0.05,3.182352,1.9078615
6741,2.2401586,0.119018,0.812498152256012,0.05,2.679335,2.747776
6742,2.259543,0.07829045,0.5855534672737122,0.039846133440732956,3.0603542,2.7747226
6743,2.2381594,0.13760242,0.85,0.014294136315584183,2.8517814,2.306217
6744,2.2581499,0.04082753,0.85,0.05,3.2348754,2.2449737
6745,2.1802187,0.14459506,0.85,0.05,3.8996558,2.0373647
6746,2.1405423,0.094833165,0.85,0.05,4.8470335,1.6361443
6747,2.2492666,0.20242544,0.7328574061393738,0.05931983143091202,2.415665,2.617763
6748,2.1954515,0.08690126,0.85,0.05,3.3775997,1.8564268
6749,2.1754305,0.12131385,0.8241445422172546,0.005341480020433664,4.299837,2.3850143
6750,2.1516488,0.1271286,0.85,0.05,4.6148243,1.9976537
6751,2.1373773,0.13379604,0.8216990232467651,0.03483567759394646,4.635061,2.09704
6752,2.279285,0.09197087,0.8261681199073792,0.03370114788413048,2.5593917,2.4076674
6753,2.2805226,0.11594598,0.85,0.05,2.4686441,2.5080953
6754,2.2039359,0.15055975,0.8144416809082031,0.051322370767593384,3.3540628,2.5391324
6755,2.2166648,0.13282396,0.8006407618522644,0.04026753082871437,3.096297,2.1647277
6756,2.196219,0.12099291,0.85,0.05,3.577798,2.1431322
6757,2.1925962,0.1178325,0.7458097338676453,0.05,3.7439916,1.9885279
6758,2.2010746,0.11492863,0.8253597021102905,0.0408441536128521,3.5980098,1.9133072
6759,2.221314,0.14554939,0.8242759704589844,0.05,2.9103026,2.1177049
6760,2.196042,0.11106071,0.85,0.05,3.9007995,2.1019404
6761,2.2914705,0.092169315,0.6995412707328796,0.04645853489637375,2.3974378,2.5825632
6762,2.1714456,0.124360695,0.5509698390960693,0.05,3.8659568,2.3425672
6763,2.1815393,0.16260783,0.808060884475708,0.050451941788196564,3.5583653,2.2070029
6764,2.1553094,0.1517738,0.85,0.005607277620583773,3.8715663,2.0999
6765,2.2279816,0.15754436,0.85,0.02878132089972496,2.8442752,2.7360747
6766,2.2820914,0.1149654,0.8162586688995361,0.03891493007540703,2.4401312,2.7255237
6767,2.1425235,0.06515348,0.7999334335327148,0.04955518618226051,5.029044,1.4301858
6768,2.1641037,0.09218535,0.85,0.01953805610537529,3.8326826,2.364334
6769,2.1935346,0.09042635,0.85,0.019792649894952774,3.9768605,2.1768
6770,2.292924,0.10992266,0.07374748587608337,0.04631882160902023,2.3343222,2.8808258
6771,2.2087188,0.124403626,0.85,0.05,3.2562788,2.362585
6772,2.1039038,0.15953636,0.85,0.05,5.1470547,1.5385106
6773,2.1213412,0.15205374,0.85,0.05,4.694712,1.6200825
6774,2.1338544,0.10251216,0.8212925791740417,0.07765331119298935,4.6711063,2.774432
6775,2.1472034,0.08247795,0.801299512386322,0.029137127101421356,5.2008567,2.1225424
6776,2.1866646,0.1566981,0.85,0.019281858578324318,3.5477738,2.1238565
6777,2.1338797,0.1223941,0.85,0.05,5.235651,1.5249879
6778,2.2207243,0.116335474,0.6768770217895508,0.05,3.4684336,2.179926
6779,2.2013104,0.06401151,0.85,0.01773807778954506,4.101516,1.9941669
6780,2.2008905,0.107898794,0.8243622183799744,0.04740512743592262,3.297864,2.5183136
6781,2.2055705,0.117441766,0.8217999935150146,0.02368193492293358,2.9928882,2.3146236
6782,2.2170181,0.09771194,0.85,0.015559635125100613,3.3166068,2.4851499
6783,2.155563,0.13598016,0.8345475196838379,0.026787808164954185,4.6229353,1.6846555
6784,2.121474,0.17224808,0.85,0.008996148593723774,4.8316045,2.1426194
6785,2.1818948,0.117121175,0.85,0.016289910301566124,4.1475425,2.1972027
6786,2.1955998,0.13990974,0.829643964767456,0.03886506333947182,3.5896704,2.3490665
6787,2.2935236,0.111011475,0.572317361831665,0.014888050965964794,2.403021,2.7939339
6788,2.1631382,0.13500223,0.8333887457847595,0.015308254398405552,4.160458,2.1911657
6789,2.109506,0.11896695,0.846591591835022,0.012126674875617027,4.892253,1.6686994
6790,2.2576153,0.110987686,0.85,0.017660051584243774,2.8092413,2.225486
6791,2.2239516,0.1690379,0.85,0.01555251982063055,2.7824228,2.6703076
6792,2.1963413,0.10298495,0.85,0.05,3.6641803,2.0845847
6793,2.2638307,0.053170484,0.85,0.03295842185616493,3.0245936,2.6515775
6794,2.1381655,0.121657535,0.85,0.05,4.27229,1.7799652
6795,2.1651652,0.10624209,0.8248319625854492,0.05,4.27341,1.8839413
6796,2.1267076,0.13785817,0.8366990089416504,0.05,4.509703,1.7572465
6797,2.2409725,0.1217442,0.8339064717292786,0.04122234508395195,2.8916748,2.5259392
6798,2.2172894,0.16999564,0.85,0.03806443139910698,3.1185675,2.5470831
6799,2.213379,0.13450909,0.85,0.05,3.5884988,2.7126446
6800,2.2256632,0.16080736,0.8224496841430664,0.01612873189151287,2.3464146,2.6845803
6801,2.1438107,0.12749562,0.7319772839546204,0.018409939482808113,4.20622,1.8329452
6802,2.147137,0.1999336,0.85,0.04381098225712776,4.5174656,1.9597319
6803,2.1531847,0.08024995,0.822349488735199,0.01807047612965107,4.396235,1.5021064
6804,2.21243,0.09044372,0.5308138132095337,0.05,3.490512,1.9253293
6805,2.1519547,0.10690069,0.85,0.028306469321250916,4.224187,1.9213387
6806,2.2077098,0.14889194,0.85,0.05,3.896044,2.0480733
6807,2.2045145,0.16975506,0.8103371858596802,0.06428670883178711,3.2329812,2.68901
6808,2.2015224,0.118592456,0.8091192841529846,0.026724498718976974,3.4707112,2.184007
6809,2.1951895,0.04639417,0.8431432843208313,0.02041754685342312,4.097651,1.9030516
6810,2.1851492,0.136917,0.85,0.05,3.5548098,2.8214805
6811,2.2336829,0.14406165,0.85,0.01270795613527298,2.8101745,2.6839764
6812,2.2575173,0.11324804,0.5999669432640076,0.05,2.4989545,2.1876092
6813,2.1797872,0.087618075,0.8218138813972473,0.058353062719106674,4.277889,2.5315564
6814,2.2229753,0.16038896,0.85,0.018637841567397118,2.7651362,2.6811469
6815,2.213843,0.12854597,0.8277666568756104,0.036987368017435074,3.3663669,2.4891262
6816,2.2450352,0.09892077,0.8252395987510681,0.05,2.889309,2.3254325
6817,2.2008302,0.16239879,0.8008139133453369,0.04603596031665802,2.9272184,2.20908
6818,2.1276252,0.15619464,0.8052976131439209,0.05,4.1225743,1.7220955
6819,2.191276,0.12630934,0.7956255674362183,0.018100984394550323,3.2082438,2.5701132
6820,2.2167828,0.114620686,0.5186963081359863,0.09085991978645325,3.1806633,2.5452545
6821,2.218799,0.13818648,0.85,0.026367969810962677,3.4855368,2.4160717
6822,2.2338119,0.16588993,0.8185986876487732,0.03099123202264309,2.6778212,2.4769695
6823,2.1702023,0.14930634,0.85,0.009190928190946579,4.222301,2.1389306
6824,2.2225187,0.14810133,0.8419118523597717,0.05,2.7582898,2.4771805
6825,2.137117,0.13747351,0.85,0.05,4.0489016,1.963137
6826,2.23833,0.13888341,0.6715997457504272,0.028944065794348717,2.8462455,2.5860474
6827,2.2100048,0.13232975,0.85,0.013805133290588856,3.2011771,2.4309127
6828,2.1281621,0.16367026,0.85,0.05,4.6170926,1.9713131
6829,2.2610621,0.089104906,0.4905325770378113,0.027480602264404297,2.9404783,2.590649
6830,2.271307,0.14143275,0.8300351500511169,0.04184010997414589,2.0862925,2.643544
6831,2.246971,0.11808801,0.85,0.02851432003080845,2.759822,2.647279
6832,2.1712806,0.086523466,0.85,0.018020180985331535,4.660769,2.0398014
6833,2.2037075,0.12788531,0.8337560892105103,0.03286353126168251,3.3175232,2.179265
6834,2.195503,0.13762076,0.85,0.05,3.7357507,2.5342617
6835,2.1643515,0.1221843,0.85,0.05,4.415,1.8554118
6836,2.211877,0.11975457,0.85,0.05,3.4204257,2.5442095
6837,2.163646,0.11384439,0.85,0.05,4.150789,1.844237
6838,2.2188537,0.13657619,0.85,0.05,2.8495276,2.233616
6839,2.259075,0.13552062,0.7666460275650024,0.005217962432652712,2.4106166,2.3022764
6840,2.1330962,0.16852973,0.7632190585136414,0.05095341429114342,4.913251,2.341971
6841,2.2119358,0.13497822,0.5616136789321899,0.006131842732429504,3.0456395,2.3104863
6842,2.1538756,0.089471065,0.47739046812057495,0.041867319494485855,4.3599195,2.7041843
6843,2.20534,0.08072297,0.7065610289573669,0.05,3.984223,1.8658603
6844,2.1494322,0.15024012,0.7837467193603516,0.019081516191363335,3.990411,1.9525316
6845,2.0888405,0.16669254,0.85,0.05,5.166693,1.415646
6846,2.1724863,0.11425842,0.85,0.05,4.0631456,1.8844538
6847,2.0824258,0.11605658,0.85,0.05,5.5029926,1.5070397
6848,2.2109725,0.025702624,0.85,0.021759526804089546,4.373814,2.1205509
6849,2.2051852,0.16927426,0.85,0.05,2.7268434,2.1597078
6850,2.2084239,0.140873,0.85,0.0054893577471375465,2.9239166,2.5456555
6851,2.2562442,0.13122311,0.85,0.05,2.6038232,2.5836809
6852,2.2265153,0.11730224,0.85,0.05,2.976155,2.3518374
6853,2.2103262,0.08841464,0.8136710524559021,0.03157791867852211,3.5869465,2.3126118
6854,2.1560228,0.0951342,0.85,0.020311016589403152,4.855423,2.028183
6855,2.2456722,0.17027669,0.729106605052948,0.044346414506435394,2.4590685,2.7962697
6856,2.1539176,0.10912793,0.844718873500824,0.05,4.5628495,1.6631696
6857,2.1663284,0.151896,0.85,0.05,4.0286746,1.9150478
6858,2.1673696,0.12084741,0.648730456829071,0.02868548408150673,3.8914049,2.1051476
6859,2.2470155,0.12718552,0.838562548160553,0.030081331729888916,2.69534,2.1609828
6860,2.2183223,0.10956104,0.85,0.05,3.339052,2.547161
6861,2.1426573,0.16448542,0.8051822781562805,0.05,4.402358,1.7112806
6862,2.2031767,0.15379724,0.7574423551559448,0.07006717473268509,3.2687469,2.8174872
6863,2.243089,0.04503753,0.85,0.01505907904356718,3.4156501,2.4481468
6864,2.2107003,0.097926095,0.85,0.05,3.4316509,1.8955846
6865,2.285418,0.084731095,0.15660178661346436,0.23089666664600372,3.0360637,2.7559042
6866,2.1618385,0.12678616,0.7960636615753174,0.05,4.0586777,2.0198092
6867,2.1238456,0.10149386,0.8224679231643677,0.042284443974494934,5.2313266,1.6978745
6868,2.1391468,0.12626377,0.85,0.05,4.517762,1.6990194
6869,2.1218808,0.15814596,0.8303214311599731,0.05,5.210167,1.8373708
6870,2.213971,0.10376362,0.5375216603279114,0.05,3.3599803,2.8011622
6871,2.20573,0.091958836,0.8267948031425476,0.029533643275499344,3.4739223,2.0975633
6872,2.2576516,0.14357705,0.85,0.03487339988350868,2.3945637,2.62833
6873,2.1784225,0.15939347,0.85,0.05,4.0406914,2.3674238
6874,2.167538,0.14757785,0.7130874395370483,0.08740339428186417,3.6909554,2.5398526
6875,2.1807559,0.11129037,0.6394977569580078,0.06801348179578781,3.5616846,2.6705902
6876,2.1114087,0.11149584,0.8409826159477234,0.05,5.176461,1.508302
6877,2.1708934,0.098947376,0.8308476805686951,0.022042445838451385,4.495852,2.0283966
6878,2.2335484,0.09598402,0.8327447772026062,0.03863360732793808,2.9751256,2.4265907
6879,2.2346816,0.08796945,0.85,0.017341826111078262,2.9800045,2.5366213
6880,2.233277,0.12856391,0.85,0.05,2.697802,2.8598988
6881,2.2593703,0.16799848,0.7807561755180359,0.05369275063276291,2.377373,2.8571393
6882,2.0974073,0.11398611,0.8438913226127625,0.029439596459269524,5.10761,1.4134873
6883,2.2200372,0.09148285,0.85,0.05,3.3241756,2.2313912
6884,2.1665936,0.16404995,0.85,0.05,4.1281133,2.2346017
6885,2.1937068,0.08393523,0.85,0.01983139105141163,4.1352677,2.1553507
6886,2.1447914,0.10011449,0.85,0.05,4.8155246,1.9016496
6887,2.1069825,0.09673744,0.85,0.05,5.162566,1.3572015
6888,2.280773,0.07780109,0.4551519751548767,0.010027841664850712,2.3758106,2.3093054
6889,2.221923,0.1305387,0.7207735776901245,0.048005372285842896,3.0859263,2.7788947
6890,2.2286284,0.12115117,0.8384421467781067,0.05,3.1288183,2.3841124
6891,2.2086835,0.12817404,0.85,0.03295622020959854,3.703892,2.423601
6892,2.2612214,0.14280957,0.5736498236656189,0.08180312067270279,2.4765735,2.4042945
6893,2.2534301,0.22871618,0.5053676962852478,0.04017994925379753,2.1395226,2.3063211
6894,2.1521277,0.10525735,0.833716869354248,0.014698554761707783,4.5428314,1.5845205
6895,2.1996825,0.1280732,0.85,0.01413645874708891,3.7960196,2.130721
6896,2.1486456,0.10257587,0.8365013003349304,0.03390836715698242,4.4914193,1.7572937
6897,2.1815975,0.11818539,0.8175222277641296,0.009741141460835934,3.5312138,1.9860073
6898,2.1682475,0.124520585,0.85,0.05,4.391853,2.1803474
6899,2.2136917,0.11311911,0.8250852227210999,0.028591759502887726,3.3493104,2.4429445
6900,2.2676377,0.12679182,0.85,0.05,2.4301884,2.603519
6901,2.1348677,0.16445771,0.85,0.05,4.116809,1.7127112
6902,2.1608992,0.20678116,0.7503040432929993,0.052882883697748184,4.4897084,2.2001562
6903,2.1070452,0.14588594,0.85,0.05,4.8928466,1.7450687
6904,2.1580436,0.14474913,0.8349568843841553,0.040215663611888885,4.146679,1.8622922
6905,2.263514,0.04890713,0.85,0.03683512285351753,3.4688299,2.4463916
6906,2.241383,0.12517448,0.5408929586410522,0.05119743198156357,2.573255,2.534243
6907,2.2398417,0.1250135,0.803561806678772,0.02990245632827282,2.876293,2.2190497
6908,2.1170065,0.15139714,0.8143786191940308,0.019139284268021584,5.0230465,1.6918355
6909,2.178495,0.10921767,0.8441998362541199,0.017810262739658356,3.8872092,1.9870951
6910,2.3002243,0.09509187,0.85,0.026147112250328064,2.5589795,2.505564
6911,2.1791613,0.10192413,0.8409352898597717,0.022442428395152092,4.1178927,2.1357267
6912,2.1795173,0.15307397,0.8370574712753296,0.02563120238482952,3.8149812,2.1622968
6913,2.114488,0.11975096,0.8303799033164978,0.004487443715333939,5.0774827,1.6812813
6914,2.1994743,0.13015552,0.8368154764175415,0.05,3.26941,2.2202375
6915,2.1600354,0.08759012,0.85,0.05,4.54119,1.8993979
6916,2.1701534,0.15938364,0.85,0.030839432030916214,3.9189613,2.7207835
6917,2.1184754,0.117884636,0.8238862752914429,0.047018229961395264,5.438978,1.6117723
6918,2.0858347,0.15500821,0.85,0.05,5.0801225,1.4663906
6919,2.2355099,0.12961763,0.8344727754592896,0.03131434693932533,3.1036887,2.4562778
6920,2.1329985,0.09066967,0.85,0.05,4.5706496,1.5485437
6921,2.1013958,0.10248557,0.8117656707763672,0.05,5.177573,1.5131675
6922,2.1906137,0.15900642,0.85,0.05,3.1680307,2.2980938
6923,2.2113683,0.1491414,0.85,0.05,2.9895725,2.8500936
6924,2.1398084,0.100602575,0.814652144908905,0.028527218848466873,4.591302,1.5686898
6925,2.2465913,0.13060847,0.85,0.031441736966371536,2.7129917,2.5803475
6926,2.203909,0.09879773,0.790494978427887,0.020161686465144157,3.9944663,2.0113337
6927,2.1151419,0.14399011,0.85,0.05,4.672149,1.6853096
6928,2.2236595,0.1331699,0.8225070238113403,0.05,2.6551297,2.7641232
6929,2.1366625,0.047284897,0.85,0.05,5.400014,1.3975691
6930,2.2527766,0.092715666,0.85,0.00043096821173094213,2.5809758,2.2943585
6931,2.265551,0.14393477,0.6955165266990662,0.05,2.1838927,2.7028322
6932,2.162258,0.13431644,0.85,0.05,4.55495,2.031711
6933,2.1068707,0.13732722,0.7287725210189819,0.05,4.9867406,1.8776784
6934,2.1079602,0.15104136,0.85,0.05,5.03737,1.8158259
6935,2.2273328,0.13861437,0.85,0.02526223100721836,3.0185294,2.3882203
6936,2.2013245,0.15595877,0.7607929110527039,0.03718458116054535,3.3884785,2.7293687
6937,2.1654844,0.15500434,0.85,0.05,4.1237583,1.8146579
6938,2.203558,0.07172783,0.85,0.05,3.6242642,2.7596278
6939,2.1391625,0.12521774,0.5313588380813599,0.05,3.8915784,1.5749494
6940,2.2092469,0.12308269,0.8414807915687561,0.042628947645425797,3.210595,2.7248251
6941,2.2435074,0.12809579,0.6167148351669312,0.05,2.538327,2.2859066
6942,2.2736208,0.1348519,0.19966961443424225,0.028897685930132866,2.3494904,2.4867814
6943,2.1481647,0.13320045,0.85,0.05,4.5529237,1.8744856
6944,2.17192,0.11243102,0.8228281736373901,0.05,3.7134552,2.5510254
6945,2.1900728,0.10805845,0.7973321080207825,0.03638341650366783,3.8805764,1.818499
6946,2.1371434,0.13564798,0.85,0.023291073739528656,4.6387744,2.1442137
6947,2.1075344,0.15681043,0.8239706158638,0.04477310925722122,4.758737,2.0212479
6948,2.2170446,0.1358218,0.85,0.014692728407680988,2.9202998,2.4880383
6949,2.2002807,0.10246486,0.85,0.05,3.732493,2.3000965
6950,2.1113858,0.13464938,0.85,0.05,4.962218,1.7013998
6951,2.10717,0.1396527,0.85,0.019058216363191605,5.15594,1.7503669
6952,2.251507,0.11811816,0.8215359449386597,0.03131003677845001,2.5730023,2.592975
6953,2.2351882,0.06540854,0.85,0.05,3.4013433,2.2391438
6954,2.1577947,0.17262545,0.8194020986557007,0.05,4.5398927,1.8946683
6955,2.1725693,0.08713499,0.813732922077179,0.05,3.9733698,1.6884714
6956,2.2123742,0.1477813,0.85,0.05,3.2471673,2.4955592
6957,2.1273255,0.13741082,0.85,0.05,4.8385625,1.795041
6958,2.1305275,0.105740316,0.6588255763053894,0.040259070694446564,4.8516164,1.5035326
6959,2.1795862,0.12469637,0.7172537446022034,0.057902418076992035,3.9830601,2.5635812
6960,2.2068136,0.103538945,0.85,0.05,3.713245,2.1139445
6961,2.2501104,0.08078199,0.85,0.05,2.6333466,2.2795415
6962,2.1597803,0.11877546,0.8072057962417603,0.05,4.1821084,2.1090848
6963,2.256756,0.095625095,0.85,0.026677869260311127,2.4868493,2.2780292
6964,2.167945,0.08011921,0.7074124217033386,0.05,4.5236745,2.0848536
6965,2.0817342,0.13149807,0.8376256823539734,0.025307100266218185,5.3681264,1.4104254
6966,2.1931412,0.10412933,0.85,0.05,3.8897533,2.4064972
6967,2.2255955,0.12524016,0.85,0.008104781620204449,3.3591595,2.5181804
6968,2.2261443,0.15578157,0.7879241704940796,0.028441419824957848,2.7348456,2.5659664
6969,2.1658843,0.11750497,0.6560712456703186,0.03362954780459404,3.91203,1.6116464
6970,2.170455,0.18668282,0.85,0.01678975112736225,3.4701505,2.189229
6971,2.1084454,0.18583082,0.6923571228981018,0.0491313673555851,4.8428764,1.8186929
6972,2.2053347,0.09723308,0.8288469910621643,0.04051259160041809,3.4565525,2.4142044
6973,2.1366882,0.1389435,0.85,0.05,4.815356,1.6912342
6974,2.1704361,0.12728994,0.8447155356407166,0.014287264086306095,3.973296,1.8692566
6975,2.1783378,0.128804,0.85,0.05,3.4262373,1.8731208
6976,2.2346797,0.11479411,0.8189799189567566,0.05,3.1150303,2.1523848
6977,2.1651685,0.1283382,0.8130460381507874,0.05,4.0702524,1.6942712
6978,2.1641366,0.116066195,0.499384343624115,0.05,4.065998,1.5911946
6979,2.227321,0.09139271,0.85,0.024059109389781952,3.2520657,2.4869115
6980,2.1972103,0.10704503,0.5203210115432739,0.052813876420259476,4.21322,2.3691154
6981,2.1890366,0.18844518,0.85,0.05,3.1593854,2.367923
6982,2.1359963,0.15278819,0.8337036967277527,0.02456383965909481,4.5037217,2.2454956
6983,2.2772627,0.1911792,0.8391329050064087,0.047673195600509644,2.1516647,2.834194
6984,2.1412616,0.15629126,0.85,0.005801591090857983,4.4873567,2.1047695
6985,2.184385,0.05147968,0.85,0.0017597259720787406,4.168908,1.9823214
6986,2.1465318,0.13236131,0.5333110690116882,0.058480940759181976,4.1317725,2.33915
6987,2.1925805,0.1044773,0.5838491320610046,0.05,3.2857523,2.633265
6988,2.2537,0.09416239,0.37382686138153076,0.08589139580726624,2.4371305,2.2800586
6989,2.2910569,0.054650452,0.8090544939041138,0.02856043539941311,2.9219902,2.156372
6990,2.2377453,0.08259434,0.8406451940536499,0.028257722035050392,3.236689,2.205974
6991,2.1308792,0.08907591,0.85,0.05,4.6882653,1.7588553
6992,2.1607687,0.08590468,0.85,0.05,4.2461047,1.996115
6993,2.161345,0.11355443,0.8375771641731262,0.05,4.424625,1.6139567
6994,2.246113,0.14789256,0.8347451686859131,0.028192350640892982,2.7131653,2.6607885
6995,2.0925672,0.08439959,0.85,0.01704978570342064,6.010412,1.280451
6996,2.1332111,0.14511712,0.6826922297477722,0.05,4.3940787,1.9114809
6997,2.129682,0.09745441,0.838151752948761,0.0062486459501087666,5.1315994,1.7219044
6998,2.2411304,0.08520766,0.85,0.05,2.8853657,2.2724655
6999,2.227724,0.13195452,0.8242806196212769,0.034498974680900574,2.9505782,2.4733803
7000,2.2658942,0.10948209,0.792299211025238,0.013830244541168213,2.3258588,2.5160007
7001,2.2852232,0.11902559,0.7101220488548279,0.05,2.3002958,2.6065996
7002,2.162581,0.091399625,0.7307757139205933,0.032116468995809555,4.2091436,2.1458685
7003,2.1585388,0.10258626,0.85,0.015728192403912544,4.5998416,1.8805562
7004,2.1621723,0.07288352,0.85,0.05,4.7837877,1.5424138
7005,2.1522515,0.12776293,0.8345938324928284,0.04056570678949356,4.153028,2.8634386
7006,2.111319,0.15769018,0.7926915287971497,0.05,4.6645,1.6362965
7007,2.206746,0.11323895,0.85,0.05,3.4820702,2.3326745
7008,2.2512012,0.10836649,0.8434857130050659,0.043276138603687286,2.6840723,2.258372
7009,2.266287,0.11030453,0.85,0.05,2.4058833,2.1907055
7010,2.226329,0.12238988,0.8427203297615051,0.02863708697259426,3.150219,2.2763958
7011,2.1709802,0.09319313,0.8222333192825317,0.01669393666088581,4.663466,1.9424309
7012,2.180153,0.18177177,0.85,0.05,3.6608055,2.2653549
7013,2.090494,0.18891585,0.85,0.05,4.5506105,1.6094539
7014,2.196844,0.11570876,0.85,0.05,3.7747474,2.0549257
7015,2.2613614,0.14540035,0.7958964109420776,0.045369744300842285,2.5831695,2.2649076
7016,2.1688387,0.11456813,0.84101402759552,0.010567525401711464,4.492756,1.6406146
7017,2.220173,0.14903091,0.85,0.05,2.785938,2.765882
7018,2.1338785,0.116345815,0.2881914973258972,0.03245845437049866,4.66544,1.4043322
7019,2.262593,0.09726379,0.7896379828453064,0.061050210148096085,3.0193899,2.620183
7020,2.148002,0.15712237,0.7981276512145996,0.010272729210555553,4.4748955,2.122459
7021,2.2069838,0.12543297,0.85,0.007352995686233044,3.3496778,2.2144408
7022,2.230516,0.1463353,0.85,0.05,2.8119476,2.5412755
7023,2.160815,0.17197308,0.85,0.05,3.482854,2.0346344
7024,2.3080575,0.1095742,0.8295366168022156,0.05,2.2177868,2.1703353
7025,2.1255229,0.15544961,0.8471347093582153,0.05,4.334343,1.721193
7026,2.0651443,0.19205026,0.8214999437332153,0.03595109283924103,5.4649587,1.3335077
7027,2.2360663,0.115970924,0.85,0.05,3.0290632,2.680378
7028,2.2178106,0.1384918,0.85,0.05,3.3097475,2.2883952
7029,2.2561657,0.16358918,0.85,0.05,2.5074282,2.2112317
7030,2.1540928,0.11981116,0.85,0.05,4.4291067,2.549583
7031,2.2125056,0.07201955,0.85,0.05,3.4032342,2.122609
7032,2.1403925,0.13210513,0.85,0.02358756586909294,4.575213,1.9463421
7033,2.142354,0.12929016,0.85,0.05,4.549733,1.828613
7034,2.2093542,0.1118997,0.85,0.05,3.0340478,2.206412
7035,2.2751353,0.12434783,0.85,0.04467940703034401,2.3580005,2.7886398
7036,2.205456,0.13495144,0.8150915503501892,0.03294550999999046,3.0093284,2.2644067
7037,2.1818354,0.13452058,0.7812292575836182,0.06158900633454323,4.080764,2.5764995
7038,2.218134,0.08385111,0.7436150908470154,0.02771119400858879,3.1784227,2.5656102
7039,2.207967,0.16300274,0.85,0.05,3.108047,2.3269951
7040,2.146138,0.12952839,0.8382626175880432,0.022191090509295464,4.423271,1.818713
7041,2.1711962,0.06430765,0.85,0.05,4.792259,1.7644277
7042,2.1825142,0.08630877,0.8199410438537598,0.05120726674795151,4.1472735,2.23607
7043,2.1833925,0.11410543,0.8265615105628967,0.05,3.5961766,2.1520982
7044,2.0946257,0.17832828,0.7611400485038757,0.00984296202659607,5.516267,1.6757483
7045,2.1137679,0.1306066,0.23742415010929108,0.02863520383834839,4.6807027,1.4100257
7046,2.183355,0.09015509,0.7183378338813782,0.05621566250920296,3.8556654,1.8843062
7047,2.1621108,0.12719005,0.85,0.05,4.028593,1.7695812
7048,2.1427436,0.10979298,0.85,0.05,4.5286603,1.6801693
7049,2.1765456,0.12062665,0.8282091617584229,0.000891866919118911,3.707284,2.3410807
7050,2.2226472,0.12584503,0.6561787128448486,0.01773606613278389,3.101676,2.085603
7051,2.2346694,0.144956,0.85,0.05,2.778969,2.5641873
7052,2.1509256,0.11726,0.8036113381385803,0.05,4.5702395,2.1388252
7053,2.172201,0.09013463,0.8307790756225586,0.01647695153951645,4.532287,1.802519
7054,2.1699018,0.129327,0.85,0.012822210788726807,4.059217,2.1431818
7055,2.2431512,0.09759105,0.85,0.05,3.2726476,1.994351
7056,2.1783407,0.098177925,0.8306491374969482,0.03205489367246628,4.329842,1.88976
7057,2.2331998,0.101304814,0.820695161819458,0.018484344705939293,3.1592796,2.2977755
7058,2.1462522,0.1508151,0.85,0.05,4.324139,2.0832934
7059,2.2465684,0.15254927,0.85,0.05,2.6513977,2.6926944
7060,2.205483,0.11769973,0.8125052452087402,0.05,3.8633192,2.4580033
7061,2.1918828,0.10952729,0.6319507360458374,0.05,4.029611,2.014961
7062,2.1180015,0.09925647,0.85,0.05,4.706457,1.3723025
7063,2.1647081,0.06219493,0.5199481248855591,0.04857436195015907,4.0009203,1.9081178
7064,2.17995,0.07480723,0.85,0.05,4.363858,1.8867723
7065,2.161482,0.09733891,0.8126848340034485,0.017208600416779518,4.245018,1.4959157
7066,2.2318454,0.13817994,0.8401052355766296,0.05,3.0002916,2.3431509
7067,2.2436483,0.110829405,0.8353621363639832,0.045463964343070984,2.9644027,2.6383734
7068,2.1728158,0.11823504,0.7983790040016174,0.05,3.8090057,2.1004982
7069,2.203943,0.12775491,0.8093834519386292,0.021969782188534737,3.6003141,2.4048064
7070,2.2151275,0.08604307,0.85,0.05,3.5281901,2.3066425
7071,2.2399516,0.10112849,0.4195833206176758,0.04950675368309021,2.9195123,2.5205283
7072,2.1942103,0.114810735,0.7889019846916199,0.05426451936364174,3.5940855,2.4105148
7073,2.2244468,0.09771381,0.85,0.014675576239824295,3.2562776,2.3050284
7074,2.2201777,0.09405107,0.8106880784034729,0.061127919703722,3.2912526,2.769358
7075,2.2173595,0.11060585,0.7834590673446655,0.05,3.485504,2.2284677
7076,2.2218456,0.16899885,0.6110625267028809,0.03337514027953148,2.818889,2.6397302
7077,2.1495237,0.14088094,0.7241086959838867,0.05802950635552406,3.9747162,2.0399747
7078,2.1569471,0.13281098,0.6915944814682007,0.029518146067857742,4.0399556,2.5030258
7079,2.2833188,0.11636685,0.8383083343505859,0.04582175239920616,2.352756,2.828153
7080,2.1946964,0.10790987,0.608015239238739,0.019290540367364883,3.7556376,2.0102627
7081,2.118179,0.09973086,0.85,0.01695472188293934,5.4854527,1.595116
7082,2.1798854,0.13650502,0.8277009129524231,0.05,3.8402786,1.8240929
7083,2.2088678,0.12959531,0.8424127101898193,0.027057664468884468,3.3511617,2.18868
7084,2.140247,0.11836,0.85,0.0123683987185359,4.6352086,1.7430626
7085,2.2212186,0.1447043,0.6097321510314941,0.05,3.0390737,2.7214265
7086,2.095055,0.08502233,0.85,0.0371299609541893,6.090862,1.5973463
7087,2.223038,0.09721956,0.7697979211807251,0.03501560911536217,3.1738667,1.9926428
7088,2.1658807,0.060846087,0.8007805347442627,0.05,4.361288,1.9719425
7089,2.161705,0.10068395,0.8264661431312561,0.02635348029434681,4.2227416,1.7424828
7090,2.183015,0.115744986,0.85,0.05,3.7353969,2.3224716
7091,2.1682804,0.12213171,0.85,0.05,4.007041,2.0461588
7092,2.1378279,0.13631564,0.8115872740745544,0.043643075972795486,4.636671,1.7509304
7093,2.1117437,0.16412526,0.681100070476532,0.048055220395326614,4.7483463,1.7923717
7094,2.1830122,0.14810693,0.85,0.02684485912322998,3.4243846,2.375076
7095,2.150135,0.12470736,0.85,0.027305258437991142,4.394143,2.6752777
7096,2.2021887,0.103397965,0.85,0.05,3.4334185,2.2517772
7097,2.1744127,0.12460265,0.85,0.05,4.037165,2.0099618
7098,2.1812308,0.15025844,0.836382269859314,0.0037590868305414915,3.432073,1.8212538
7099,2.2169867,0.06890523,0.8264612555503845,0.03743751347064972,3.2409894,2.0178452
7100,2.1757884,0.12474189,0.85,0.006814335938543081,4.360487,1.9774415
7101,2.2105205,0.114294715,0.7251283526420593,0.05,3.4614162,2.43425
7102,2.1432858,0.14538932,0.85,0.021701930090785027,4.642029,2.0783856
7103,2.220398,0.13537323,0.85,0.018675779923796654,3.1032143,2.6197927
7104,2.2465715,0.14644158,0.85,0.05,2.5507143,2.4752905
7105,2.1735563,0.10811587,0.85,0.05,4.517917,2.1083643
7106,2.2368805,0.09246354,0.85,0.05,2.707663,2.1122723
7107,2.181533,0.074212804,0.85,0.024934843182563782,4.458868,2.5961325
7108,2.1898596,0.11560407,0.85,0.009783525951206684,3.9659665,2.143686
7109,2.1767693,0.15158929,0.85,0.05,3.5549242,2.5726297
7110,2.1780696,0.16011952,0.85,0.05,3.5182936,2.1968875
7111,2.1180499,0.15541802,0.85,0.05,4.44314,1.7794795
7112,2.138163,0.11881054,0.85,0.010575950145721436,4.656888,1.7760819
7113,2.3091576,0.14236283,-0.09304199367761612,0.05944252386689186,2.0652344,2.1833525
7114,2.2163234,0.1422866,0.85,0.04060550779104233,3.2908063,2.241768
7115,2.2184474,0.119732164,0.8278424739837646,0.05,3.7387543,2.0764568
7116,2.1889918,0.113593765,0.7979448437690735,0.023516662418842316,3.3884087,2.037049
7117,2.2702107,0.12803742,0.85,0.02301766723394394,2.514522,2.8913841
7118,2.2254632,0.026239844,0.8087221384048462,0.032416634261608124,4.129332,2.2293046
7119,2.198603,0.09624131,0.8469724059104919,0.05,4.014525,1.8080778
7120,2.1707337,0.08121095,0.85,0.05,3.8092341,1.8594769
7121,2.1436071,0.1687396,0.85,0.05,4.232843,1.9354913
7122,2.1845157,0.18696235,0.85,0.05,3.6108882,2.0931184
7123,2.1702547,0.10570791,0.7468368411064148,0.024987006559967995,4.398686,2.1134596
7124,2.2690785,0.09537155,0.6973906755447388,0.07035820931196213,2.485627,2.590937
7125,2.1019163,0.12388633,0.8488196730613708,0.02065364457666874,5.160139,1.6146053
7126,2.1726463,0.06666555,0.5870664715766907,0.038535796105861664,4.1579957,1.917476
7127,2.2015104,0.104189865,0.85,0.008867999538779259,3.9589112,2.1682942
7128,2.1863108,0.083032966,0.85,0.05,4.132273,1.7350336
7129,2.255705,0.1323288,0.8347582221031189,0.05074993148446083,2.6103299,2.7262907
7130,2.2093537,0.11769757,0.6484731435775757,0.05377747863531113,3.2720375,2.4089715
7131,2.2537546,0.049953576,0.6013997793197632,0.02904755435883999,3.295193,2.6385918
7132,2.2948089,0.056426026,0.841791570186615,0.05,2.4044797,2.1967356
7133,2.1632593,0.079221874,0.85,0.05,5.5296926,1.7830863
7134,2.1749132,0.09387493,0.6122868657112122,0.027222678065299988,3.871613,1.5623989
7135,2.1449344,0.13678446,0.85,0.05,4.0502696,1.6758279
7136,2.2034245,0.12612598,0.85,0.05,3.846017,2.1220944
7137,2.2084122,0.08334215,0.85,0.017578037455677986,3.5357387,2.1209722
7138,2.229684,0.13696411,0.8048170208930969,0.027341235429048538,2.8548172,2.5451832
7139,2.1721742,0.163612,0.6996055245399475,0.03961193934082985,3.780351,2.0401802
7140,2.21666,0.18432887,0.6572999358177185,0.029591934755444527,2.8543854,2.454221
7141,2.22151,0.1610963,0.85,0.028551852330565453,2.8880482,2.7141008
7142,2.1458807,0.12762165,0.85,0.05,4.7457113,1.7353436
7143,2.2014933,0.09874316,0.85,0.05,3.8462842,1.9054681
7144,2.2017262,0.118702516,0.8339112401008606,0.05,3.6691082,2.214084
7145,2.1715271,0.1319733,0.7994143962860107,0.0028909987304359674,4.3158627,1.9490601
7146,2.151341,0.113248736,0.8459340929985046,0.05,4.646453,2.0354683
7147,2.218752,0.10491553,0.8425169587135315,0.04845140874385834,3.8376153,2.5719934
7148,2.2038143,0.1271063,0.8210303783416748,0.05215340107679367,3.3375382,2.599848
7149,2.1699033,0.12861024,0.85,0.009774113073945045,4.103562,1.9010566
7150,2.1764529,0.13661943,0.85,0.05,3.7709458,1.8994867
7151,2.2534187,0.15088193,0.7590839266777039,0.06267664581537247,2.5707443,2.6657116
7152,2.2960868,0.12230641,0.6983597278594971,0.03670424595475197,2.1337824,2.5468934
7153,2.1265984,0.10052214,0.85,0.0024679319467395544,4.9125338,1.5343183
7154,2.2619398,0.14143172,0.815777599811554,0.03962794691324234,2.3810036,2.8197694
7155,2.1148438,0.13753495,0.85,0.05,5.110284,1.7452447
7156,2.2223256,0.19084616,0.85,0.05,2.5363688,2.437581
7157,2.217803,0.07089698,0.8426448106765747,0.04521966353058815,3.6392632,2.8534117
7158,2.138333,0.11670535,0.85,0.05,4.586821,1.8701485
7159,2.2463841,0.09041977,0.85,0.03873485326766968,3.1502185,2.864474
7160,2.1775093,0.1291941,0.6146334409713745,0.0443984679877758,3.7556753,2.2064538
7161,2.2395625,0.1332878,0.85,0.05,3.165601,2.4632022
7162,2.2006493,0.11282766,0.85,0.05,3.3266463,2.395768
7163,2.1391766,0.11655765,0.85,0.004694435279816389,4.532758,1.8808116
7164,2.1636035,0.13492286,0.845696747303009,0.04719983786344528,4.3330827,2.4569304
7165,2.1823843,0.10425067,0.8045187592506409,0.011898544616997242,4.092146,2.06851
7166,2.2657804,0.086054966,0.85,0.05,2.7176714,2.5952148
7167,2.2812076,0.075403325,0.85,0.0200075451284647,2.6688259,2.6229734
7168,2.150155,0.12728432,0.85,0.019793137907981873,4.68239,2.1433055
7169,2.2407463,0.11608123,0.85,0.03276921436190605,2.8092554,2.5789535
7170,2.224973,0.11214109,0.85,0.035245005041360855,3.1836913,2.7347834
7171,2.128783,0.12698796,0.85,0.018671929836273193,4.5214696,1.9495492
7172,2.28676,0.14533424,0.7295998334884644,0.04165438190102577,2.2981896,2.3110976
7173,2.2153354,0.12848504,0.85,0.03197241574525833,3.4544284,2.5820067
7174,2.2739468,0.09402903,0.7527756094932556,0.05,2.6778064,2.6741009
7175,2.1641386,0.115680695,0.85,0.020458687096834183,4.4578357,2.0845115
7176,2.13225,0.17413804,0.85,0.03755822032690048,4.7054653,1.913844
7177,2.1711607,0.07837529,0.85,0.05,4.502589,1.6013076
7178,2.2105649,0.06652265,0.831840455532074,0.014859797433018684,3.5340102,2.3446312
7179,2.1682458,0.1303952,0.8099372386932373,0.04271988943219185,3.910739,2.4941545
7180,2.2847722,0.10960637,0.6284722089767456,0.03452254831790924,2.144364,2.7669845
7181,2.1479619,0.12641998,0.85,0.05,4.0930815,1.7435867
7182,2.200632,0.093778804,0.6923448443412781,0.03019360452890396,3.1475117,1.8864148
7183,2.2646163,0.13555765,0.7920847535133362,0.05,2.516303,2.5173392
7184,2.1998131,0.08899253,0.8116291761398315,0.045082151889801025,3.8641868,2.2269
7185,2.2172208,0.098621726,0.85,0.05,3.6271296,2.033309
7186,2.2590342,0.12729302,0.8163013458251953,0.05,2.4044075,2.2955256
7187,2.2123857,0.1151132,0.8441487550735474,0.021662116050720215,3.7851465,2.1019902
7188,2.138471,0.13448419,0.8264747858047485,0.04450182244181633,4.406086,1.8767693
7189,2.2106874,0.10762296,0.5109383463859558,0.01538464892655611,3.6778255,2.2070904
7190,2.2295954,0.10774181,0.5633115172386169,0.027208389714360237,3.3202667,2.4925923
7191,2.227995,0.13066867,0.85,0.008652103133499622,2.5966535,2.504496
7192,2.2243097,0.17504178,0.85,0.01187201589345932,2.644986,2.6046124
7193,2.2803097,0.06691929,0.85,0.02362075261771679,2.4527986,2.6678472
7194,2.2041843,0.1373501,0.8103316426277161,0.05801137909293175,3.312412,2.220339
7195,2.1321304,0.15128236,0.8168239593505859,0.05,4.2940793,1.487407
7196,2.1497767,0.14768378,0.85,0.01912035048007965,4.315177,2.042801
7197,2.2041423,0.10014881,0.85,0.00653157290071249,3.4253848,2.5525997
7198,2.1436195,0.18784826,0.8366187810897827,0.031116116791963577,4.353452,1.9876432
7199,2.187844,0.072399475,0.85,0.023134220391511917,4.450746,2.352612
7200,2.2440484,0.096224554,0.832728385925293,0.05,2.9760635,2.5885541
7201,2.1925123,0.10962958,0.85,0.05,4.1123447,2.405385
7202,2.2068782,0.10925341,0.85,0.013326503336429596,3.7884676,2.2187915
7203,2.2139115,0.1269151,0.85,0.05,3.4310915,2.3118339
7204,2.1963677,0.076698445,0.85,0.028868215158581734,4.093542,2.7113807
7205,2.1720047,0.11910599,0.85,0.05,3.9759152,1.9377539
7206,2.1682923,0.10960557,0.85,0.05,3.8106098,1.8395929
7207,2.135923,0.15188274,0.85,0.05,4.820199,1.8192284
7208,2.2112563,0.044487048,0.8104109168052673,0.024162162095308304,3.908077,1.7672524
7209,2.2065215,0.1495752,0.85,0.05,3.399147,2.1541915
7210,2.116631,0.15994078,0.85,0.05,4.2613354,1.805087
7211,2.0998693,0.13721332,0.85,0.05,5.232911,1.5238743
7212,2.1349313,0.15210441,0.85,0.05,4.546811,2.0167913
7213,2.1866388,0.086651824,0.8328729271888733,0.03212209790945053,4.1786737,1.9813304
7214,2.1676984,0.09794037,0.85,0.05,4.243367,1.7311298
7215,2.1834648,0.13606623,0.85,0.02923562563955784,4.139747,2.0735152
7216,2.176756,0.1456579,0.8256288766860962,0.05,3.5099726,2.8158572
7217,2.2237446,0.12089892,0.7829996943473816,0.03193530812859535,3.1235437,2.769406
7218,2.1880095,0.14105472,0.8243007063865662,0.05,3.3554845,2.1710443
7219,2.2086127,0.13284609,0.8201102018356323,0.05,3.405683,2.486978
7220,2.1563394,0.12759513,0.85,0.05,4.0954237,2.6578827
7221,2.2940538,0.09906434,0.8348628282546997,0.048095595091581345,2.5754979,2.788594
7222,2.154904,0.1671176,0.8360248804092407,0.02759404107928276,3.928167,2.2083538
7223,2.153836,0.21997857,0.8227994441986084,0.05,3.9658098,1.846954
7224,2.2128296,0.13230672,0.85,0.05,2.833886,2.7940383
7225,2.1412246,0.12139149,0.8241689801216125,0.05,4.863432,1.9445932
7226,2.1519396,0.16981776,0.85,0.05,3.7658446,2.1008215
7227,2.2083995,0.051802784,0.8117908835411072,0.05,3.5259755,2.391699
7228,2.1678028,0.20410788,0.85,0.05,3.7043312,2.0194705
7229,2.2337923,0.112658866,0.85,0.05,2.7112203,2.7701714
7230,2.2121503,0.10947649,0.8368136286735535,0.03715069219470024,3.6921158,2.156137
7231,2.133405,0.10394342,0.8286754488945007,0.05,4.577584,1.5607196
7232,2.2646234,0.11071382,0.85,0.010365094058215618,2.1597974,2.5367198
7233,2.2000484,0.1695725,0.85,0.025024229660630226,3.4994245,2.123905
7234,2.1897392,0.1007831,0.85,0.05,4.4956007,2.0452576
7235,2.1669369,0.11910706,0.85,0.05,3.8925424,2.0503843
7236,2.2211776,0.12261472,0.47095298767089844,0.032912880182266235,3.0235984,2.5214376
7237,2.108596,0.11281955,0.7644217014312744,0.041787683963775635,5.26595,2.039958
7238,2.173131,0.108298786,0.8295187950134277,0.03342219814658165,4.1319914,2.121138
7239,2.1906853,0.13588831,0.8289473652839661,0.03245271369814873,3.6236665,2.6117234
7240,2.2067578,0.14695887,0.8244171738624573,0.027686038985848427,3.5339441,2.5596879
7241,2.1021464,0.15107097,0.8023588061332703,0.053383152931928635,5.134908,1.5641437
7242,2.1411276,0.045669932,0.85,0.05,4.847809,1.50345
7243,2.1312175,0.163028,0.85,0.05,4.5256276,1.6418953
7244,2.132259,0.16808279,0.85,0.05,4.3437886,1.8228066
7245,2.201563,0.16732946,0.85,0.037148647010326385,3.2120578,2.5276268
7246,2.168022,0.14636888,0.7106821537017822,0.03664834797382355,3.8165178,2.308909
7247,2.1590266,0.124293454,0.85,0.0020790251437574625,3.9923453,2.0527713
7248,2.1564984,0.09130812,0.85,0.02026573196053505,4.6635017,2.0561059
7249,2.2347732,0.13919882,0.6334152817726135,0.03290775790810585,2.7736893,2.5273218
7250,2.1156158,0.10230604,0.85,0.05,5.173168,1.5176314
7251,2.1677122,0.107868835,0.85,0.031935177743434906,4.681309,1.9006515
7252,2.1914027,0.14611857,0.8267239928245544,0.05,3.894896,2.147688
7253,2.1522653,0.12644453,0.85,0.005296167451888323,4.77601,1.7649863
7254,2.1458373,0.16210653,0.8280579447746277,0.0410296693444252,4.194058,2.0334947
7255,2.2888458,0.14692488,0.6169356107711792,0.05,2.0832968,2.7668238
7256,2.1476533,0.12668993,0.8098336458206177,0.03334075212478638,4.512748,2.122682
7257,2.169035,0.14213118,0.85,0.05,4.4229083,1.6201636
7258,2.2640502,0.0760363,0.8339372873306274,0.03394446149468422,2.678977,2.6994827
7259,2.1508832,0.10441533,0.7409399747848511,0.011899969540536404,4.6414895,2.1237001
7260,2.138634,0.15544741,0.8114901781082153,0.05,4.5718327,1.7562596
7261,2.1489427,0.09215746,0.85,0.05,4.534153,1.7635406
7262,2.1702218,0.105836846,0.85,0.05,4.603174,2.157373
7263,2.2085521,0.12429334,0.7891793847084045,0.05,3.0535893,2.1061497
7264,2.2077062,0.09974667,0.85,0.03415484353899956,3.5728714,2.1105778
7265,2.2310865,0.1230237,0.8322229385375977,0.04322012886404991,3.1904297,2.1677012
7266,2.1822171,0.112356655,0.85,0.02529815211892128,3.6262517,2.586666
7267,2.029364,0.14292279,0.8208015561103821,0.02386370673775673,6.115795,0.99692535
7268,2.2513092,0.10767163,0.85,0.03452092409133911,2.775572,2.810612
7269,2.2316165,0.13518353,0.85,0.01652730256319046,2.8794515,2.5213134
7270,2.2156625,0.08143364,0.85,0.011574385687708855,3.735128,2.265037
7271,2.1150115,0.12066501,0.8352100849151611,0.013788089156150818,4.6566186,1.594064
7272,2.0960155,0.1349199,0.8147115707397461,0.0478113517165184,5.199757,1.7405859
7273,2.231242,0.17885602,0.8437317609786987,0.04207950085401535,2.7421768,2.8652663
7274,2.2707872,0.15290685,0.724412202835083,0.03743252530694008,2.126472,2.730397
7275,2.2673159,0.06699726,0.839630663394928,0.033673059195280075,2.7557623,2.3605666
7276,2.1998045,0.08094613,0.8293923139572144,0.02221127599477768,3.6592588,1.7501973
7277,2.2338228,0.13362244,0.85,0.023921826854348183,2.7896657,2.306699
7278,2.1482108,0.10539682,0.85,0.05,4.6550736,1.93946
7279,2.2708383,0.12036305,0.85,0.03311657905578613,2.3039467,2.2202783
7280,2.093215,0.13252485,0.85,0.05,5.4273844,1.4495192
7281,2.2173233,0.08510046,0.85,0.02637701854109764,3.7803118,2.5169108
7282,2.1724687,0.102696314,0.85,0.02100703865289688,3.8902645,2.5793405
7283,2.2961228,0.083092764,0.85,0.019654830917716026,2.5369349,2.4721835
7284,2.228414,0.1650927,0.85,0.02602390944957733,2.674154,2.6807823
7285,2.1618564,0.116047814,0.7707906365394592,0.05,4.6728115,1.6975223
7286,2.326733,0.15222526,0.85,0.027491260319948196,2.0460613,2.3681514
7287,2.213112,0.1172661,0.6482658982276917,0.03730993717908859,3.5334902,2.1385474
7288,2.217438,0.11146024,0.6460439562797546,0.04334883764386177,3.2721572,2.752951
7289,2.0939384,0.140032,0.85,0.05,4.9606123,1.4857584
7290,2.2321463,0.1480571,0.8430653214454651,0.025009188801050186,2.4026182,2.7749534
7291,2.2056086,0.12235949,0.8016829490661621,0.031166182830929756,3.3175943,2.1161425
7292,2.1684678,0.09169392,0.8162651658058167,0.025246374309062958,3.872813,2.354981
7293,2.1017592,0.102212414,0.85,0.05,5.2071395,1.3983955
7294,2.1031854,0.12421396,0.7398570775985718,0.03328800946474075,4.9614286,1.5097735
7295,2.1796138,0.1118394,0.85,0.05,4.029892,2.1132252
7296,2.2455406,0.14618531,0.85,0.015114942565560341,2.754845,2.6019425
7297,2.196074,0.090659045,0.85,0.05,4.29648,1.9030459
7298,2.126694,0.04954817,0.8073784112930298,0.05,5.140912,1.3279458
7299,2.2144167,0.13947755,0.7737522125244141,0.05,3.1334217,2.1571002
7300,2.148882,0.12686707,0.8203205466270447,0.05,4.1818395,1.6579057
7301,2.1434379,0.11676943,0.8301034569740295,0.05,4.438832,1.5257069
7302,2.2097692,0.06630358,0.85,0.05,3.0630467,2.0247877
7303,2.1142335,0.16986601,0.7590094804763794,0.02528211660683155,4.476647,1.5638068
7304,2.1951208,0.10141048,0.8190193772315979,0.05,3.2694073,2.0784721
7305,2.2178638,0.13666372,0.85,0.05,3.094752,2.5273538
7306,2.3381288,0.071276456,0.36390620470046997,0.08344514667987823,2.0241733,2.6300972
7307,2.1837227,0.11835241,0.85,0.05,3.525211,2.140657
7308,2.1752157,0.14107399,0.85,0.008731740526854992,3.9844966,1.9583471
7309,2.2784727,0.13590741,0.7536209225654602,0.022602831944823265,2.1225872,2.5428834
7310,2.1593397,0.09475051,0.8280553817749023,0.032131046056747437,4.5909934,1.8021624
7311,2.128257,0.11995188,0.85,0.05,5.313103,1.763903
7312,2.1412067,0.117707536,0.8293616771697998,0.05,4.0769944,1.9156564
7313,2.148229,0.066645905,0.845513641834259,0.038268472999334335,5.1622825,2.041724
7314,2.191265,0.10598831,0.85,0.028229087591171265,3.9650428,2.8393822
7315,2.170038,0.11033766,0.8329231142997742,0.0292469784617424,4.325128,1.8635771
7316,2.20209,0.10789257,0.8180834650993347,0.05,3.2642012,2.25438
7317,2.255349,0.11668601,0.5646706819534302,0.01624595746397972,2.5240822,2.7263567
7318,2.1526587,0.106738515,0.8474681973457336,0.01883726567029953,4.670017,1.9827139
7319,2.264678,0.15840979,0.85,0.05,2.5482888,2.8123767
7320,2.165877,0.13205646,0.85,0.05,4.427847,2.0756469
7321,2.1703966,0.13487057,0.7659431099891663,0.05,4.114979,1.8696
7322,2.1988168,0.11945903,0.8170076012611389,0.05,3.5433352,2.1601124
7323,2.199167,0.1161878,0.85,0.05,3.7392092,2.6008964
7324,2.1495876,0.15412234,0.85,0.023191701620817184,4.482427,1.8898101
7325,2.207408,0.087229244,0.85,0.04070686921477318,3.5831082,1.9356353
7326,2.1292083,0.12242011,0.8290829658508301,0.024366188794374466,5.0004263,1.4821835
7327,2.1872418,0.12068397,0.8146985173225403,0.029127148911356926,3.4029949,1.5957875
7328,2.185578,0.124880634,0.7361584305763245,0.008278107270598412,3.5072367,2.0873916
7329,2.15642,0.121045865,0.85,0.05,4.1754627,2.0863643
7330,2.2340457,0.1456715,0.836205780506134,0.03682124987244606,2.9505503,2.5031393
7331,2.1933844,0.12665515,0.428134024143219,0.032970648258924484,3.851556,1.9175541
7332,2.0920188,0.13916254,0.8364166021347046,0.05,5.177492,1.4690887
7333,2.2661073,0.08633839,0.85,0.018860874697566032,2.7742934,2.6417797
7334,2.1355746,0.13146591,0.8401607275009155,0.05,4.463151,1.7163852
7335,2.1479776,0.094392486,0.7603357434272766,0.05,4.212465,1.7463638
7336,2.1868632,0.13534482,0.85,0.05,3.6201131,2.2616024
7337,2.2480261,0.09424296,0.85,0.05,2.902463,2.1171193
7338,2.2777991,0.16843799,0.2058337926864624,0.04142657294869423,2.0483594,2.5988529
7339,2.088339,0.12251557,0.6997336149215698,0.0416228249669075,5.000457,1.6352518
7340,2.1312912,0.13812211,0.8237434029579163,0.05,3.916092,1.5878972
7341,2.2266731,0.08906895,0.8449986577033997,0.006178006995469332,2.6446948,2.761608
7342,2.116733,0.07705806,0.85,0.05,4.9000306,1.4872892
7343,2.1883721,0.1257476,0.8394865989685059,0.036351803690195084,3.7686784,2.1050093
7344,2.158766,0.11791212,0.5171292424201965,0.048117998987436295,4.4352255,1.9805896
7345,2.145981,0.13128957,0.7228223085403442,0.02529810182750225,3.4422386,2.1880476
7346,2.0493581,0.13966238,0.8169560432434082,0.03115011937916279,5.9365582,1.2357626
7347,2.1836216,0.100519456,0.85,0.0144943343475461,4.126939,2.230152
7348,2.1928387,0.11998851,0.85,0.05,3.772128,2.092489
7349,2.1400387,0.10182132,0.8237572312355042,0.04050109535455704,4.593987,1.9471794
7350,2.118916,0.13826977,0.8304405212402344,0.03527335450053215,4.9942665,1.7855206
7351,2.1134887,0.14776494,0.85,0.05,4.3866296,1.8357829
7352,2.1889699,0.10372792,0.48304709792137146,0.05,4.0981107,2.1793718
7353,2.1916082,0.1523745,0.85,0.05,3.2011132,2.193352
7354,2.2029436,0.037832074,0.8321574330329895,0.05,4.107905,1.8507897
7355,2.1111362,0.16983405,0.85,0.03306707367300987,5.0500493,1.576767
7356,2.1883242,0.13006482,0.8176275491714478,0.05,3.771955,2.3677592
7357,2.195679,0.13428733,0.7925971746444702,0.025980185717344284,3.9724555,2.2975047
7358,2.1538856,0.10604779,0.8286375403404236,0.05,4.4839234,1.7780714
7359,2.148904,0.0688256,0.8211751580238342,0.0275680273771286,4.4825974,1.591804
7360,2.1630855,0.16786484,0.85,0.05,3.57464,1.9200865
7361,2.1747212,0.12489841,0.7938793897628784,0.008168763481080532,4.494053,2.1075494
7362,2.1725705,0.072179705,0.85,0.05,4.7716336,1.9152707
7363,2.2042794,0.19558117,0.7537117600440979,0.020588668063282967,2.670568,2.3885684
7364,2.139115,0.13791186,0.85,0.05,4.5535855,1.6715665
7365,2.2021606,0.0931272,0.85,0.04244618117809296,4.2672014,2.703357
7366,2.2397969,0.12531999,0.6067292094230652,0.11334150284528732,2.7362328,2.7724907
7367,2.2195022,0.1001522,0.7981929779052734,0.017125578597187996,3.2915676,2.3152556
7368,2.209666,0.12858334,0.85,0.05,2.886242,2.531672
7369,2.1473374,0.15584917,0.85,0.05,4.6048894,2.0916076
7370,2.1660442,0.13214096,0.8473731875419617,0.05,4.6192923,1.9541143
7371,2.0766335,0.13291183,0.8277159929275513,0.03334570676088333,5.9387174,1.2923371
7372,2.206331,0.17387454,0.8298424482345581,0.031789448112249374,2.9586883,2.747025
7373,2.08138,0.22355439,0.85,0.05,4.9957805,1.7252656
7374,2.2157316,0.14353462,0.7954997420310974,0.06584033370018005,3.202185,2.2626004
7375,2.1912794,0.10167844,0.46757209300994873,0.042102307081222534,3.5748146,2.595794
7376,2.1795878,0.16014755,0.5798859596252441,0.11433498561382294,4.125315,2.3892448
7377,2.138078,0.08755717,0.8364796042442322,0.0050078644417226315,4.881895,1.5284508
7378,2.2286527,0.14780295,0.7787059545516968,0.05,2.6419876,2.654847
7379,2.1332586,0.15972696,0.85,0.05,4.8418684,2.1592333
7380,2.1588242,0.11495155,0.85,0.05,4.41014,1.5677781
7381,2.1886914,0.087343454,0.5287221074104309,0.056136488914489746,4.1930785,2.2313445
7382,2.1667707,0.09255362,0.8386339545249939,0.024172870442271233,4.665042,1.8755728
7383,2.2254922,0.12519687,0.8398821949958801,0.04515520855784416,2.9208155,2.6436377
7384,2.1612294,0.13926028,0.6769391894340515,0.008672196418046951,3.9448733,2.1034908
7385,2.231597,0.10503097,0.7662312388420105,0.05221159756183624,3.290965,2.607865
7386,2.2917998,0.16980064,0.5586220622062683,0.06839273124933243,2.1684747,2.5827487
7387,2.1634767,0.10085924,0.5107436776161194,0.05,4.5776005,2.0965738
7388,2.1594267,0.1347452,0.7182456254959106,0.05,3.9915142,2.1439602
7389,2.202079,0.12320026,0.800635039806366,0.07969876378774643,3.7663171,2.7155788
7390,2.1485698,0.16027057,0.8302983641624451,0.033844541758298874,4.3212056,2.1036482
7391,2.1506066,0.08644302,0.7210106253623962,0.02324669249355793,4.1690845,1.9162496
7392,2.1722383,0.10496547,0.8464791178703308,0.05,4.692949,2.046163
7393,2.1057327,0.15695678,0.85,0.05,5.4451118,1.6225531
7394,2.0941687,0.10890663,0.8287851810455322,0.0027544815093278885,5.272186,1.638659
7395,2.1471908,0.111306995,0.85,0.04253022000193596,4.901959,2.5749614
7396,2.1512291,0.09423349,0.85,0.05,4.570288,1.7012072
7397,2.193316,0.142854,0.85,0.05,3.4302936,2.2444656
7398,2.2148616,0.15603063,-0.03154096379876137,0.07912077754735947,2.79763,2.540401
7399,2.213194,0.101537734,0.85,0.05,2.9717023,2.4132264
7400,2.2434473,0.08384725,0.85,0.053085364401340485,3.091342,2.2251709
7401,2.2506917,0.06796014,0.85,0.05,3.2244382,2.241666
7402,2.1684756,0.12231878,0.8109156489372253,0.015457585453987122,4.155625,1.8691108
7403,2.17841,0.094461024,0.8244442343711853,0.05,4.066679,2.042806
7404,2.2351537,0.11469312,0.85,0.03478015586733818,3.1644614,2.6034405
7405,2.1363857,0.13226007,0.85,0.05,4.6464567,1.6787535
7406,2.214888,0.14651608,0.85,0.05,3.142917,2.513428
7407,2.184963,0.13996093,0.8171477317810059,0.05,3.3751917,2.2450802
7408,2.295891,0.08951483,0.595500648021698,0.06798408925533295,2.3685763,2.8870666
7409,2.127678,0.15480064,0.85,0.006271101534366608,4.4090047,2.060455
7410,2.1635296,0.15294935,0.8338674902915955,0.014458198100328445,3.704771,1.5663847
7411,2.1956706,0.07871543,0.85,0.01942172460258007,4.202912,2.0460868
7412,2.11288,0.14443009,0.8333055377006531,0.02707279659807682,5.1537995,1.7591916
7413,2.1779187,0.07360652,0.85,0.05,4.215586,1.8541862
7414,2.1611977,0.15342544,0.85,0.05,3.8302064,2.5314207
7415,2.141222,0.08684734,0.5764061212539673,0.03800417110323906,4.836158,1.3738753
7416,2.2433152,0.15699026,0.7618573307991028,0.027564847841858864,2.6400487,2.7795646
7417,2.0576775,0.14678405,0.8449643850326538,0.04041016846895218,6.264452,1.5803878
7418,2.1890662,0.12361178,0.85,0.05,3.5313103,2.2749104
7419,2.1646144,0.15435642,0.85,0.05,3.8149295,2.1311743
7420,2.0765896,0.14025408,0.85,0.05,5.541162,1.6835799
7421,2.23849,0.08638681,0.85,0.05,3.3226178,2.6513352
7422,2.1240866,0.107291915,0.85,0.05,4.8663106,1.5412437
7423,2.2022386,0.13148409,0.4894088804721832,0.016422061249613762,3.3527715,2.3144462
7424,2.212377,0.12150174,0.85,0.025858035311102867,3.5562513,2.4771314
7425,2.146808,0.11891467,0.764569103717804,0.046350155025720596,4.6464257,1.9872937
7426,2.218941,0.110819675,0.7345396876335144,0.03251579403877258,3.8124352,2.6983318
7427,2.1615136,0.18110327,0.85,0.005829151254147291,3.6686697,2.1398838
7428,2.2266843,0.13567315,0.85,0.05,2.9450612,2.3445134
7429,2.2320602,0.18280262,0.85,0.049914151430130005,2.7419531,2.770445
7430,2.1473918,0.10271566,0.85,0.05,4.788163,1.6216562
7431,2.1502824,0.13439637,0.8169271945953369,0.05,4.5318785,1.9142011
7432,2.2466426,0.08525393,0.8144757151603699,0.001709102070890367,2.6361153,2.206592
7433,2.2471235,0.12079803,0.8366137742996216,0.010070404969155788,2.8093379,2.51364
7434,2.2067747,0.16455747,0.85,0.05,2.9029067,2.5813007
7435,2.1906686,0.12600975,0.85,0.05,3.5713577,2.2207224
7436,2.2090917,0.13660294,0.85,0.05,2.8100102,2.4906945
7437,2.192055,0.11094901,0.8425248265266418,0.03437152877449989,3.617916,2.6168246
7438,2.2125726,0.12450135,0.85,0.05,3.1818423,2.0493922
7439,2.2791643,0.14016744,0.6205258369445801,0.10755959898233414,2.5767467,2.4401033
7440,2.136381,0.13948633,0.85,0.05,4.6397963,1.6104223
7441,2.123302,0.13473807,0.6905850768089294,0.0369885116815567,4.5295773,1.6409955
7442,2.1508756,0.16101395,0.85,0.05,4.004726,2.0468547
7443,2.2472734,0.14089322,0.7739031910896301,0.0007121131638996303,2.2437913,2.6290991
7444,2.2065277,0.056206666,0.85,0.006253906991332769,4.2188873,2.1126842
7445,2.214567,0.079303995,0.672859251499176,0.09078200161457062,3.824847,2.7704148
7446,2.2069125,0.17183349,0.836463451385498,0.0588885098695755,3.147104,2.633622
7447,2.1962543,0.05703976,0.85,0.05,4.238182,1.9687475
7448,2.284086,0.11254676,0.85,0.019181905314326286,2.3321555,2.5179949
7449,2.1627257,0.13110803,0.85,0.05,4.489671,1.8658379
7450,2.141806,0.15494637,0.8163076639175415,0.05,3.9872546,2.2152398
7451,2.1673217,0.15957245,0.85,0.03232177346944809,4.046322,2.4481962
7452,2.1713445,0.10906813,0.85,0.05,4.6005483,1.9048659
7453,2.2356834,0.13522352,0.85,0.05,2.8557043,2.4581532
7454,2.1108172,0.13479292,0.85,0.024595186114311218,4.939297,1.9328003
7455,2.295818,0.07667429,0.7303406000137329,0.05,2.2895448,2.720888
7456,2.212224,0.14894958,0.85,0.028060708194971085,3.463625,2.7852128
7457,2.164447,0.12947337,0.5234063267707825,0.11328551173210144,4.0311475,2.8433938
7458,2.213744,0.087828316,0.85,0.022341495379805565,3.3101614,2.837474
7459,2.2527144,0.11445184,0.85,0.013898457400500774,2.7604167,2.4826984
7460,2.1852396,0.088874996,0.8233227729797363,0.054230544716119766,4.3165073,2.7589655
7461,2.1605642,0.1529388,0.85,0.05,3.9197516,1.7420598
7462,2.2183855,0.14090797,0.6579856872558594,0.03565002605319023,3.088829,2.627186
7463,2.115625,0.096602686,0.6669433116912842,0.06014593318104744,4.820743,2.7979217
7464,2.2293751,0.13082069,0.8460986614227295,0.03459237888455391,2.6941903,2.6328144
7465,2.2454586,0.12217976,0.8236446380615234,0.041271794587373734,2.7292836,2.6372657
7466,2.084993,0.12171785,0.5711416006088257,0.024629946798086166,5.6649914,1.468286
7467,2.1515353,0.13872354,0.8027136325836182,0.0021356691140681505,4.3592606,2.1196609
7468,2.149292,0.10379369,0.85,0.05,4.351821,1.8985043
7469,2.1938186,0.16531649,0.839881420135498,0.05,2.9789836,2.2855551
7470,2.2229457,0.15180695,0.85,0.02727096900343895,3.0219247,2.3377197
7471,2.1361914,0.14669368,0.8198354840278625,0.04806074872612953,5.0852594,1.9924929
7472,2.1176236,0.10893791,0.85,0.05,5.032487,1.6592488
7473,2.1566055,0.15213123,0.8300915956497192,0.036475975066423416,3.9402468,2.0795481
7474,2.1986678,0.1521192,0.8441251516342163,0.05,3.3317628,2.2423239
7475,2.1598253,0.15175487,0.85,0.029664527624845505,4.4686184,1.8020376
7476,2.2517433,0.11589955,0.85,0.03430827707052231,2.8082855,2.2258992
7477,2.1914403,0.08232521,0.85,0.05,3.9122167,2.2832968
7478,2.254992,0.11559406,0.8137067556381226,0.012241674587130547,2.4737098,2.6502652
7479,2.1849542,0.09787891,0.85,0.05,4.442063,2.0423572
7480,2.2797942,0.103582725,0.8029223680496216,0.05,2.6621022,2.4254727
7481,2.1054893,0.11842565,0.85,0.05,5.0667896,1.5680021
7482,2.210364,0.16023439,0.85,0.008181404322385788,3.6223202,2.187731
7483,2.1678905,0.15595618,0.7999509572982788,0.02865009941160679,4.1654882,2.2424984
7484,2.1468222,0.12196099,0.85,0.05,4.2128334,1.8628193
7485,2.304678,0.1143343,0.5470506548881531,0.03555161505937576,2.1042984,2.7156687
7486,2.2137558,0.18241367,0.85,0.05,2.725581,2.7547262
7487,2.2831385,0.13033077,0.8424661159515381,0.03951989859342575,2.281955,2.2213173
7488,2.1645615,0.06933827,0.85,0.05,4.608334,1.7064369
7489,2.2089646,0.14676905,0.85,0.02942110039293766,2.8611147,2.4282343
7490,2.2311404,0.13740525,0.8440693020820618,0.024717651307582855,2.7410889,2.6176753
7491,2.1964185,0.16560169,0.85,0.02160179242491722,3.2716873,2.5753362
7492,2.1847985,0.17219976,0.85,0.05,3.4792454,2.220274
7493,2.1145964,0.14603628,0.8473992943763733,0.05,4.5356894,1.5444498
7494,2.1499224,0.12969814,0.85,0.01055189874023199,4.5653863,2.0322134
7495,2.235067,0.09741084,0.85,0.018899185582995415,3.1836023,2.2437367
7496,2.1631546,0.15914524,0.5124425888061523,0.05,3.7821708,1.7996774
7497,2.2355413,0.11250347,0.85,0.05,2.6729906,2.8890243
7498,2.2071786,0.07358828,0.6086965799331665,0.05,3.733894,2.142949
7499,2.2077024,0.07065996,0.803920567035675,0.02188071794807911,3.5758133,2.508711
7500,2.1345587,0.10566769,0.8293456435203552,0.016627276316285133,4.431742,1.5936173
7501,2.2288325,0.19820309,0.85,0.03783450275659561,2.6320367,2.662667
7502,2.1836445,0.15834811,0.85,0.05,3.5316632,2.0513327
7503,2.2295718,0.10730359,0.85,0.01086778286844492,3.2401342,2.847696
7504,2.338856,0.04418104,0.727250337600708,0.05442513898015022,2.1231961,2.5381324
7505,2.250616,0.17388979,0.5806164741516113,0.08480028808116913,2.538355,2.8395545
7506,2.1719928,0.17144504,0.85,0.05,4.0612593,2.16384
7507,2.1978304,0.06730031,0.8120386600494385,0.05,4.1379814,2.1652143
7508,2.226948,0.089941666,0.85,0.013433005660772324,3.0994904,2.4389725
7509,2.1748805,0.09747885,0.8165680766105652,0.05,3.3643816,1.9594848
7510,2.1372385,0.124076754,0.85,0.05,4.673822,2.1080477
7511,2.243582,0.055626597,0.8438335657119751,0.01324388850480318,3.594206,2.1197653
7512,2.2209365,0.116679564,0.8005958795547485,0.03472168743610382,3.3193135,2.7395658
7513,2.2584538,0.1373686,0.8159946799278259,0.07931496948003769,2.6509252,2.7277453
7514,2.1209521,0.07936894,0.85,0.01296307984739542,4.9193854,1.7014015
7515,2.232162,0.069986746,0.85,0.05,3.3860745,2.1687376
7516,2.1624303,0.13106439,0.85,0.05,4.1027775,1.9429805
7517,2.166989,0.14889379,0.7567685842514038,0.035247527062892914,3.857834,2.6178205
7518,2.1855135,0.114327155,0.8023550510406494,0.03906826302409172,4.0278745,2.1265924
7519,2.1048195,0.14509463,0.85,0.05,4.9134874,1.6784428
7520,2.164713,0.089512326,0.85,0.05,4.78997,1.698401
7521,2.225643,0.1055074,0.85,0.008052167482674122,2.871799,2.4697547
7522,2.1573584,0.15981977,0.8080015182495117,0.001616823486983776,4.373378,1.8375403
7523,2.1774466,0.120147124,0.7185770273208618,0.020811064168810844,3.7585418,1.9012839
7524,2.169018,0.21509953,0.85,0.05,3.5098994,2.2641199
7525,2.176855,0.19712698,0.85,0.05,3.9101741,2.0258803
7526,2.1629808,0.1467032,0.830620527267456,0.05,3.9063005,1.8386887
7527,2.1840003,0.18039614,0.85,0.014014014974236488,3.624018,2.2567096
7528,2.3086958,0.10761866,0.7414989471435547,0.014494892209768295,2.1303623,2.6730223
7529,2.15817,0.08926444,0.85,0.05,4.2234197,1.8027076
7530,2.091714,0.13134034,0.85,0.05,5.6820445,1.247508
7531,2.164182,0.15060733,0.85,0.002911550458520651,3.3697,2.6090682
7532,2.2335691,0.1565839,0.85,0.05,3.04148,2.517297
7533,2.1658404,0.16894384,0.85,0.05,3.2176542,2.042372
7534,2.1716728,0.17397353,0.85,0.05,3.8367412,2.126049
7535,2.1556587,0.18001607,0.85,0.05,4.33323,2.0181935
7536,2.1854253,0.14101472,0.85,0.004848325625061989,3.8805578,2.1492252
7537,2.2219136,0.14931853,0.8166723847389221,0.03789111226797104,3.0943086,2.2961524
7538,2.219524,0.06690532,0.5428639054298401,0.06935576349496841,3.773042,2.6123123
7539,2.1795294,0.08923747,0.85,0.015963517129421234,4.297496,1.8554205
7540,2.0893812,0.08530637,0.8010514974594116,0.06263729184865952,5.6628356,1.5300746
7541,2.168262,0.09557334,0.85,0.034718237817287445,4.469887,1.8324174
7542,2.1377258,0.10975972,0.85,0.05,4.8499646,1.5237767
7543,2.1762133,0.08261138,0.8191885352134705,0.04261289909482002,4.511193,2.6195142
7544,2.2174072,0.12273807,0.7324884533882141,0.03158809617161751,3.529925,2.4152756
7545,2.187653,0.14977728,0.7986770868301392,0.016308370977640152,3.2231653,1.7572488
7546,2.2656057,0.06355489,0.85,0.0444566085934639,2.9500058,2.474892
7547,2.1943474,0.1594445,0.85,0.05,3.920087,2.5720596
7548,2.2085307,0.15286608,0.85,0.007158760447055101,3.4086833,2.5293887
7549,2.2226315,0.09385668,0.85,0.05,3.0329764,2.7007775
7550,2.162253,0.11629464,0.733959436416626,0.04539339616894722,4.149868,2.3295548
7551,2.216494,0.08572478,0.8414232730865479,0.05,3.4369824,2.4202397
7552,2.1847517,0.13700671,0.5651639103889465,0.05,3.0982416,2.375527
7553,2.1325452,0.107180744,0.85,0.05,4.9994636,2.160255
7554,2.1848462,0.11155566,0.5912318825721741,0.030066076666116714,3.188442,2.8716912
7555,2.2072854,0.14767255,0.85,0.028435450047254562,3.560028,2.6929452
7556,2.1776037,0.12971261,0.85,0.05,3.8845239,2.0718377
7557,2.155084,0.1023574,0.842947244644165,0.033747803419828415,4.756251,1.6296399
7558,2.2128987,0.16082904,0.85,0.029459698125720024,3.0372796,2.6124995
7559,2.1649063,0.14739889,0.85,0.05,3.9350004,1.8193742
7560,2.2298532,0.08967667,0.85,0.05,3.5041392,2.4379134
7561,2.2148278,0.08950785,0.7551140785217285,0.05,3.5195978,2.1573045
7562,2.1957836,0.12803899,0.561389148235321,0.04790416732430458,3.113326,2.3585587
7563,2.285826,0.16794595,0.6248189806938171,0.05480099469423294,2.1910322,2.7368386
7564,2.1883514,0.09976197,0.805863618850708,0.05,3.7118309,1.9748218
7565,2.1304915,0.1348709,0.5687553882598877,0.05,4.3116484,1.4608816
7566,2.198475,0.085647635,0.7850621342658997,0.03931647166609764,3.7810543,2.605259
7567,2.157597,0.14361736,0.8228796124458313,0.03131500631570816,4.4119444,1.7979578
7568,2.1460028,0.13951193,0.85,0.05,4.4335027,1.7006092
7569,2.2639616,0.11961041,0.8011450171470642,0.0640219897031784,2.9464362,2.8978004
7570,2.1916025,0.12440561,0.85,0.013472269289195538,3.884431,1.9343667
7571,2.130441,0.0760746,0.85,0.05,4.4761853,1.4777495
7572,2.2284138,0.06747009,0.85,0.035560332238674164,3.4648154,2.5628786
7573,2.183319,0.12788068,0.85,0.05,3.817549,2.339444
7574,2.1715753,0.13194185,0.85,0.03259187191724777,3.871784,2.528056
7575,2.1855168,0.101544514,0.7015748620033264,0.05,3.9045026,1.8676846
7576,2.1769352,0.088463254,0.8236880302429199,0.05,4.3509827,1.8374144
7577,2.218933,0.14768974,0.6159855723381042,0.020700067281723022,2.7852979,2.7081368
7578,2.1864777,0.09211543,0.85,0.05,2.9205415,1.7027158
7579,2.1191788,0.116896376,0.85,0.02127786912024021,5.11879,1.8656151
7580,2.1867926,0.07978633,0.85,0.05,4.3917723,1.9999138
7581,2.2071319,0.11304229,0.8247288465499878,0.05,3.0206535,2.8321364
7582,2.1811676,0.101035416,0.8038465976715088,0.05,3.514166,1.6947588
7583,2.1740854,0.14950848,0.85,0.05,3.6668422,1.9397053
7584,2.1777856,0.059160117,0.8267732262611389,0.012661376036703587,4.3301816,1.441603
7585,2.1418018,0.12843776,0.85,0.05,4.2606354,1.690665
7586,2.232065,0.13047753,0.85,0.03133368864655495,3.034795,2.4874115
7587,2.1573694,0.12185971,0.85,0.02480807527899742,4.6798844,2.224141
7588,2.1995928,0.123605974,0.8129249811172485,0.07457923889160156,3.6361146,2.87156
7589,2.1811917,0.11372706,0.7250120639801025,0.05,3.600174,2.2969108
7590,2.163275,0.12445749,0.85,0.03588061407208443,4.5188284,2.0002964
7591,2.1607506,0.13830736,0.85,0.05,3.8075066,2.232697
7592,2.161007,0.070589356,0.85,0.05,4.1099143,1.7112803
7593,2.1658876,0.1281138,0.85,0.05,4.197493,2.2544606
7594,2.2507286,0.1350197,0.8364858627319336,0.053667567670345306,2.5642512,2.689049
7595,2.1158068,0.10276348,0.5065040588378906,0.05817974731326103,4.4707747,2.2121227
7596,2.2036147,0.16083293,0.85,0.009049048647284508,3.232079,2.246793
7597,2.1880465,0.10711557,0.679950475692749,0.05,3.665606,2.09624
7598,2.0658696,0.21917255,0.85,0.0013734032399952412,5.034639,1.5656935
7599,2.090518,0.149121,0.85,0.05,5.70769,1.6174297
7600,2.170334,0.13365905,0.7561995983123779,0.05,4.423841,1.7767215
7601,2.1415615,0.08744925,0.85,0.023934954777359962,4.864146,1.9600186
7602,2.190458,0.112045236,0.8025276064872742,0.0467875599861145,3.8896048,2.796176
7603,2.2734568,0.04357235,0.8285566568374634,0.05,2.8648798,2.3214006
7604,2.1768978,0.12589133,0.85,0.010455654002726078,4.2214255,1.8415599
7605,2.2095885,0.14277388,0.85,0.05,2.8148806,2.698136
7606,2.2652743,0.082338154,0.85,0.05,2.692803,2.6368062
7607,2.226777,0.033737727,0.85,0.015735981985926628,3.851459,2.105551
7608,2.224425,0.045519076,0.85,0.05,3.4127848,2.2681534
7609,2.1584518,0.11824868,0.85,0.0018081667367368937,4.323102,2.0110142
7610,2.1505823,0.13735539,0.8308812379837036,0.011153959669172764,4.0411396,1.8950487
7611,2.1746302,0.08460771,0.8138318657875061,0.05209799483418465,4.456108,2.0456028
7612,2.166556,0.13613774,0.8305972814559937,0.0401739738881588,4.3948617,2.1483815
7613,2.1488912,0.19833957,0.1671086698770523,0.05,3.6772864,1.9008238
7614,2.1888363,0.10215267,0.85,0.05,4.5670037,2.258952
7615,2.3146083,0.0644884,0.85,0.03864661976695061,2.1021543,2.710348
7616,2.16316,0.15955003,0.8336694240570068,0.05,3.7627642,2.1589096
7617,2.1931584,0.08307598,0.85,0.05,4.115204,2.1921847
7618,2.1244988,0.108992815,0.8070018887519836,0.040339145809412,4.5181,2.0609407
7619,2.1836233,0.1140041,0.801634669303894,0.018582506105303764,4.211617,2.1734362
7620,2.221562,0.119204976,0.85,0.05,3.233934,2.6085284
7621,2.2426326,0.15399988,0.6578035354614258,0.04673835262656212,2.643454,2.2777622
7622,2.2655275,0.062208503,0.3248637914657593,0.0356963686645031,3.0677302,2.7247565
7623,2.1604464,0.11122813,0.8130520582199097,0.04540615156292915,4.094939,2.0554028
7624,2.251206,0.08249053,0.8338109254837036,0.05081968382000923,2.999271,2.8387823
7625,2.23151,0.10319537,0.8284990191459656,0.05,2.9639258,2.6075227
7626,2.1428947,0.11524056,0.85,0.008599123917520046,4.210789,1.7864096
7627,2.1545272,0.16638763,0.8275131583213806,0.05,3.7473986,2.199955
7628,2.2039526,0.10565307,0.85,0.01010272465646267,3.9240537,2.193087
7629,2.1959598,0.09252337,0.85,0.02998502179980278,3.8747172,2.1165879
7630,2.2223125,0.092249125,0.85,0.05,3.269607,2.3020048
7631,2.2102613,0.13996492,0.85,0.015084849670529366,2.9277272,2.122168
7632,2.2331986,0.1318153,0.6638417840003967,0.05,2.914182,2.5774207
7633,2.1754835,0.10327685,0.85,0.05,4.2967253,1.8070478
7634,2.250332,0.108917475,0.4875759780406952,0.06923729181289673,2.8484602,2.822308
7635,2.1710372,0.09301141,0.8497064113616943,0.007990877144038677,4.4754105,1.5884832
7636,2.1797786,0.07430473,0.85,0.03343258053064346,4.6702447,2.4598005
7637,2.1761618,0.09039632,0.8437331914901733,0.01946459710597992,4.3008,1.848516
7638,2.1448374,0.14271483,0.85,0.05,4.4596705,2.0547984
7639,2.1721401,0.1622914,0.8176514506340027,0.018248332664370537,3.7367163,2.1587799
7640,2.2258606,0.11713339,0.5300251841545105,0.03543807566165924,2.8884568,2.5953119
7641,2.2141454,0.14431036,0.7162451148033142,0.03608718886971474,3.7214534,2.1932218
7642,2.2087343,0.14493425,0.85,0.04081828147172928,3.5713983,2.8602452
7643,2.1728737,0.1018558,0.8062379956245422,0.04206090420484543,3.8854637,2.0126445
7644,2.231328,0.0859365,0.818647027015686,0.05,2.7398775,2.2312334
7645,2.1847632,0.13622849,0.85,0.05,3.7104871,2.3675954
7646,2.1934867,0.1252848,0.85,0.025983508676290512,3.7171228,2.3946526
7647,2.1931248,0.15421481,0.85,0.013559171929955482,3.3381405,1.8638614
7648,2.1057255,0.10624517,0.85,0.016371944919228554,4.867513,1.6997564
7649,2.1212049,0.13960123,0.6258557438850403,0.05,4.991023,1.9019552
7650,2.2064142,0.054829188,0.85,0.05,3.9827201,1.7289892
7651,2.1797655,0.12278912,0.85,0.05,3.8491826,2.5537508
7652,2.1414638,0.15127665,0.7993977665901184,0.018444012850522995,4.4283433,2.1764662
7653,2.25728,0.15064555,0.85,0.01874004863202572,2.240824,2.5125117
7654,2.2285585,0.18580998,0.85,0.02156696654856205,2.5467844,2.1162798
7655,2.129618,0.1108375,0.8073295950889587,0.03527943789958954,4.8464365,1.8521448
7656,2.1805992,0.15015233,0.85,0.05,3.6590211,2.088483
7657,2.2334304,0.08299021,0.85,0.02360931970179081,2.8969588,2.7498593
7658,2.2274334,0.15385038,0.85,0.023616908118128777,2.6876807,2.5560684
7659,2.2052977,0.15042739,0.85,0.05,3.3644724,2.2202692
7660,2.1719434,0.09710618,0.7691721320152283,0.009297136217355728,4.043767,1.9567411
7661,2.1027915,0.13374573,0.8353585004806519,0.024492749944329262,5.2046547,1.4622184
7662,2.2227235,0.12968962,0.8398444652557373,0.028876719996333122,3.0338912,2.1043823
7663,2.140973,0.17206436,0.85,0.05,4.413298,2.2275465
7664,2.194441,0.12807438,0.85,0.05,3.6674254,2.003438
7665,2.16029,0.095645145,0.85,0.01600080542266369,4.2020726,2.099637
7666,2.1408892,0.14668182,0.85,0.05,4.3222,1.8688542
7667,2.1417034,0.118097894,0.7962437868118286,0.05,4.8930373,1.8706111
7668,2.2680626,0.10953208,0.8170557618141174,0.06555529683828354,2.3981962,2.7479036
7669,2.134124,0.14758694,0.85,0.05,4.129976,2.2459435
7670,2.1239443,0.1460939,0.85,0.05,4.430843,1.7600591
7671,2.2702837,0.112804614,0.8255990147590637,0.04317028075456619,2.7131865,2.0527732
7672,2.1984677,0.11205321,0.85,0.0015734724001958966,3.4808822,2.2691336
7673,2.2485657,0.16176547,0.7879303097724915,0.04960044100880623,2.5165443,2.5293217
7674,2.2171032,0.14663555,0.8390336036682129,0.04035436362028122,3.213698,2.0705519
7675,2.1927717,0.08640475,0.8373249173164368,0.015220471657812595,4.1577444,2.117234
7676,2.2055666,0.08718257,0.8118019700050354,0.05584144964814186,3.9246237,2.263307
7677,2.1221993,0.1204572,0.85,0.05,4.686599,1.6487685
7678,2.2139103,0.10008806,0.85,0.05,3.7427738,2.4659622
7679,2.2040613,0.13069992,0.85,0.05,3.325756,2.4642913
7680,2.1773794,0.13297825,0.8225358724594116,0.03487683832645416,3.9069011,1.8828889
7681,2.2574527,0.13568734,0.85,0.037494007498025894,2.6438873,2.6876144
7682,2.1597145,0.16335438,0.85,0.03753223270177841,4.1335845,2.593201
7683,2.1644607,0.10765626,0.85,0.05,4.145505,2.154988
7684,2.123086,0.12884083,0.8332067131996155,0.05,4.9010572,1.6357836
7685,2.1705601,0.13728864,0.8387335538864136,0.030160903930664062,3.755714,2.5256126
7686,2.1506753,0.14991067,0.85,0.05,3.6392636,1.7457759
7687,2.1148438,0.13228787,0.8129653334617615,0.019220517948269844,5.0372176,1.5187192
7688,2.2697139,0.12439556,0.4408540725708008,0.032694995403289795,2.486382,2.6527882
7689,2.3339195,0.12135241,0.8005306720733643,0.05,2.0602238,2.746238
7690,2.16976,0.10774117,0.85,0.005066713318228722,4.7482314,2.1952927
7691,2.1985943,0.12104606,0.8291123509407043,0.022754359990358353,3.8350992,2.227155
7692,2.274134,0.07832057,0.8427782654762268,0.059763435274362564,2.7191148,2.7359402
7693,2.1503768,0.14026865,0.796871542930603,0.014116708189249039,4.5180306,2.0617602
7694,2.1901767,0.07329858,0.85,0.05,4.226722,2.5724704
7695,2.2002313,0.077830516,0.85,0.018948443233966827,4.315709,2.0639534
7696,2.1408072,0.11132333,0.85,0.05,4.8785267,1.6524979
7697,2.267857,0.10673068,0.8482884764671326,0.05,2.1902058,2.547307
7698,2.170214,0.15865254,0.85,0.05,3.505362,2.0965571
7699,2.1543071,0.14966318,0.8182412981987,0.023659707978367805,3.3579404,2.583546
7700,2.104235,0.062029086,0.8208234906196594,0.04321453347802162,5.7953906,1.3542103
7701,2.1872993,0.096839055,0.85,0.005553682800382376,4.0414777,1.9151905
7702,2.1751165,0.09374263,0.85,0.05,4.2074437,2.0382822
7703,2.219376,0.1501266,0.85,0.05,3.0252578,2.427432
7704,2.1153517,0.08863705,0.7953377366065979,0.02619425766170025,4.846862,1.5284969
7705,2.196704,0.055282693,0.85,0.05,4.312117,1.9405986
7706,2.2348557,0.13932651,0.85,0.0022871331311762333,2.8424938,2.4002597
7707,2.2624552,0.12951055,0.8359078168869019,0.013090313412249088,2.2526689,2.5447412
7708,2.3316088,0.12812823,0.6376200914382935,0.04859921336174011,2.1064765,2.7906902
7709,2.31166,0.10107138,0.7475219964981079,0.03647444024682045,2.3597245,2.5587764
7710,2.1379156,0.11802792,0.85,0.05,4.4954505,1.798861
7711,2.204784,0.10721011,0.8337506651878357,0.047774914652109146,3.2961433,2.7723553
7712,2.0908227,0.044665325,0.85,0.02207590453326702,5.9337354,1.4183121
7713,2.1501613,0.12427754,0.7750982046127319,0.03645041957497597,4.048082,2.1201823
7714,2.220119,0.10413798,0.85,0.015523764304816723,3.3939867,2.6514509
7715,2.2381043,0.095863804,0.5430067777633667,0.05,2.8971386,2.2430558
7716,2.2451491,0.13566843,0.7317678928375244,0.047508351504802704,2.6357229,2.7544966
7717,2.124341,0.13620898,0.85,0.05,4.9308524,1.6757823
7718,2.109345,0.13405938,0.85,0.012605763040482998,4.7635,1.485196
7719,2.1986253,0.07857362,0.8185702562332153,0.00705082667991519,3.1548743,1.7056063
7720,2.2191389,0.11247315,0.85,0.029043395072221756,3.4882905,2.7478137
7721,2.0436077,0.16578825,0.8082811236381531,0.06467582285404205,7.021888,1.3818166
7722,2.1382804,0.14019771,0.85,0.05,4.4107704,2.0671833
7723,2.170225,0.13201755,0.8431078791618347,0.05,3.9783325,1.5336213
7724,2.2173116,0.14531855,0.85,0.026224644854664803,3.2904544,2.5286355
7725,2.215547,0.15517129,0.85,0.04136199131608009,3.0839937,2.5064118
7726,2.273898,0.12598781,0.8358750343322754,0.023717382922768593,2.3867023,2.5052514
7727,2.1433785,0.09398958,0.8479862213134766,0.0387178473174572,4.946035,1.8305254
7728,2.1880043,0.11395104,0.49977681040763855,0.05,3.6488998,1.9159753
7729,2.237752,0.13225704,0.31964296102523804,0.07264779508113861,2.9401696,2.744644
7730,2.1909485,0.13507244,0.85,0.05,3.9409199,2.2129033
7731,2.267292,0.10712719,0.85,0.05,2.4809458,2.291487
7732,2.180812,0.085488565,0.757433295249939,0.05,4.515018,1.858494
7733,2.1648753,0.16215344,0.85,0.05,4.045391,2.1794782
7734,2.2648685,0.17011037,0.7134864330291748,0.035223860293626785,2.5515075,2.2881691
7735,2.2367759,0.1382339,0.5475656390190125,0.05,2.62198,2.0357218
7736,2.2085278,0.045384135,0.85,0.05,4.2864594,1.5966433
7737,2.0863848,0.15899004,0.7362552285194397,0.027393920347094536,5.1912856,1.4465592
7738,2.1066434,0.12959777,0.85,0.05,4.6062813,1.7481818
7739,2.2159538,0.097402126,0.8245495557785034,0.044890981167554855,3.3531933,2.1520848
7740,2.191292,0.11231582,0.85,0.05,3.972427,2.2667096
7741,2.2406566,0.13090771,0.8271304965019226,0.05,2.7794957,2.102875
7742,2.1867025,0.08985305,0.8437595963478088,0.006422715727239847,3.9802697,2.0133753
7743,2.158473,0.12112248,0.85,0.05,4.108644,1.6113986
7744,2.1717331,0.11517788,0.7415674328804016,0.02730465680360794,4.210628,1.9120818
7745,2.1852713,0.09669366,0.85,0.03522353246808052,3.855308,2.5569165
7746,2.1975193,0.114125095,0.6447494626045227,0.05818779021501541,3.9620163,2.4893239
7747,2.272229,0.09675705,0.38821274042129517,0.043200086802244186,2.6519945,2.195306
7748,2.2154634,0.11948167,0.85,0.05,3.075115,2.2841306
7749,2.1970904,0.03649304,0.85,0.05,3.8666887,1.845853
7750,2.2449474,0.16255817,0.7577902674674988,0.07399699091911316,2.6702414,2.592076
7751,2.222722,0.060368992,0.8301474452018738,0.019586989656090736,3.7738912,2.1174068
7752,2.141995,0.11909505,0.8277068734169006,0.05,4.595799,1.7592645
7753,2.2013948,0.1726307,0.85,0.0364285409450531,3.5469527,2.66088
7754,2.1931,0.12117576,0.85,0.05,3.8693833,2.3547556
7755,2.180562,0.11818102,0.7894312143325806,0.027915459126234055,3.7772837,2.6821709
7756,2.2135308,0.09544427,0.7393046617507935,0.09591180831193924,3.2341192,2.5475678
7757,2.2701776,0.13381717,0.85,0.028567105531692505,2.1787453,2.6305947
7758,2.247164,0.07880801,0.8352968692779541,0.03286891430616379,2.921381,2.1994634
7759,2.1792705,0.06172378,0.85,0.05,4.618105,2.505232
7760,2.144917,0.15605892,0.85,0.05,4.3890996,2.5339706
7761,2.1854126,0.120746754,0.85,0.014511406421661377,3.8129869,1.9578044
7762,2.104205,0.11885475,0.8253603577613831,0.032447487115859985,5.2709765,1.5066406
7763,2.1991134,0.10912601,0.8130282759666443,0.05,3.4810114,2.1902676
7764,2.2212877,0.13369559,0.8092027306556702,0.014529968611896038,2.9751503,2.6793852
7765,2.2491627,0.08382736,0.85,0.05,2.6851056,2.3620825
7766,2.1362088,0.102038845,0.85,0.05,4.1373696,1.5214326
7767,2.1776242,0.16496785,0.85,0.05,3.5813668,2.10964
7768,2.1914225,0.1424192,0.7186782956123352,0.045957162976264954,3.9601407,2.5895727
7769,2.1743402,0.115305,0.823633074760437,0.04645724594593048,4.103925,2.2427244
7770,2.1815715,0.1393658,0.13314571976661682,0.19305798411369324,4.838795,2.4601073
7771,2.1786897,0.07223846,0.7914462685585022,0.027085566893219948,4.47044,1.5518725
7772,2.203975,0.18450674,0.650267481803894,0.04294963181018829,2.6447663,2.8103275
7773,2.1348681,0.1244431,0.7658872008323669,0.04977862909436226,4.682043,1.7890983
7774,2.1353076,0.08778892,0.7340881824493408,0.05,4.5574083,1.7434132
7775,2.2329152,0.1231983,0.81468665599823,0.03457614406943321,2.6337032,2.725719
7776,2.1448345,0.12489793,0.85,0.05,4.672581,1.8433259
7777,2.20294,0.077973664,0.46946796774864197,0.05,4.1911845,2.1334972
7778,2.1594353,0.14555348,0.85,0.05,4.139883,1.971927
7779,2.2300544,0.12582129,0.36993488669395447,0.05,2.8244543,2.2461507
7780,2.2285235,0.1462416,0.6843819618225098,0.02309098280966282,2.888673,2.6546607
7781,2.1025276,0.13407476,0.8185060024261475,0.04149603843688965,4.6970353,1.797696
7782,2.1734078,0.14714456,0.85,0.05,4.595905,2.5416143
7783,2.1585114,0.09936035,0.85,0.05,4.555606,1.6912813
7784,2.298221,0.1184791,0.848720133304596,0.04341299086809158,2.4831486,2.4093866
7785,2.1807592,0.17434253,0.8314366340637207,0.029323287308216095,3.5036623,2.0692239
7786,2.20622,0.08663956,0.85,0.05,3.7533047,2.5324478
7787,2.2306566,0.09500347,0.8454639911651611,0.007023975718766451,3.2742195,2.2818112
7788,2.1456935,0.09906608,0.85,0.05,4.77527,1.9200406
7789,2.149416,0.119371146,0.5250766277313232,0.04774731025099754,4.292391,1.9701203
7790,2.1516614,0.11584986,0.85,0.019533274695277214,4.1982956,1.7568706
7791,2.271905,0.062025286,0.4973413944244385,0.04028147831559181,2.4278257,2.545374
7792,2.1701174,0.0948799,0.8495937585830688,0.05,4.696676,1.7522374
7793,2.2114751,0.10185822,0.7938737273216248,0.03066064417362213,3.225333,1.8143686
7794,2.1397104,0.14877878,0.85,0.05,4.3729534,1.6740971
7795,2.1906774,0.15553127,0.825482964515686,0.004354026168584824,3.1136968,2.6018825
7796,2.1799195,0.13408388,0.40606215596199036,0.03643539920449257,4.06644,2.2002997
7797,2.2659533,0.10613283,0.8333393335342407,0.05,2.4847977,2.528872
7798,2.1964767,0.14579988,0.85,0.015570523217320442,3.1267037,2.2843802
7799,2.2423248,0.1405366,0.85,0.05,2.576331,2.4544587
7800,2.0847588,0.14762361,0.85,0.05,5.115035,1.3006569
7801,2.1132753,0.15073912,0.85,0.05,4.589093,2.044534
7802,2.0968611,0.08663113,0.85,0.047785937786102295,5.665248,1.8009238
7803,2.1580825,0.10015479,0.85,0.0024442807771265507,4.6823363,1.5992872
7804,2.1311433,0.17150484,0.8098383545875549,0.01747308112680912,4.155617,1.9809983
7805,2.1438668,0.16311483,0.85,0.05,4.2996173,1.9980958
7806,2.2129679,0.116205566,0.85,0.05,3.2349288,1.938737
7807,2.2479022,0.16945316,0.7389144897460938,0.030694546177983284,2.4211407,2.501988
7808,2.1829464,0.15940946,0.85,0.03176584094762802,3.6078064,2.0771716
7809,2.2054875,0.1268867,0.8349703550338745,0.028779853135347366,3.5701332,2.096219
7810,2.1856363,0.115771465,0.8266280889511108,0.0056180148385465145,3.9262266,2.2666762
7811,2.1231706,0.14333746,0.85,0.05,4.78171,1.6841469
7812,2.2119508,0.18789442,0.8152888417243958,0.05,2.8143563,2.3205962
7813,2.1138108,0.13158745,0.85,0.05,4.591875,1.7600981
7814,2.1602824,0.12990627,0.8090714812278748,0.03435550630092621,4.5773883,1.5911611
7815,2.2256434,0.090754434,0.85,0.05,3.2606225,2.7283669
7816,2.1835318,0.16206963,0.85,0.009465022012591362,3.4298928,2.1731145
7817,2.1744013,0.12908907,0.85,0.05,4.4796977,2.104022
7818,2.12611,0.12843002,0.8088237047195435,0.05,4.5995326,1.5621839
7819,2.0947094,0.14522348,0.85,0.02414165996015072,4.854337,1.8459208
7820,2.205548,0.121102154,0.8310036063194275,0.05,3.3648436,2.0613656
7821,2.2401135,0.17566638,0.6524930000305176,0.06567591428756714,2.6220548,2.2612731
7822,2.2009602,0.14099781,0.85,0.01775623857975006,3.8373704,2.310677
7823,2.234791,0.12791063,0.8251617550849915,0.03904931992292404,2.887577,2.657642
7824,2.1696572,0.1474113,0.85,0.03250662982463837,3.6178453,2.6270227
7825,2.2043877,0.10224518,0.85,0.020714398473501205,3.978122,2.4271882
7826,2.1976388,0.11347419,0.85,0.05,3.7385192,2.211197
7827,2.2038999,0.13927159,0.8228404521942139,0.03398291394114494,3.3345482,2.2255783
7828,2.1856883,0.08248466,0.560366153717041,0.01924188621342182,4.1407647,2.0753403
7829,2.2095406,0.17555241,0.8163716197013855,0.048768509179353714,2.9740312,2.7188356
7830,2.1099741,0.19778357,0.85,0.05,4.4413815,1.6968284
7831,2.228041,0.099812895,0.6993994116783142,0.025457223877310753,3.44455,2.4426174
7832,2.238794,0.02218164,0.8262168765068054,0.0373263880610466,3.4793868,2.096662
7833,2.1250365,0.08961289,0.8289806842803955,0.05,5.146807,1.6365808
7834,2.2196434,0.14838016,0.17691747844219208,0.23135699331760406,4.428589,2.9045293
7835,2.176192,0.16954847,0.85,0.031125394627451897,3.5376985,2.3183744
7836,2.2010753,0.12655346,0.85,0.05,3.2607155,2.3758385
7837,2.1745582,0.13343902,0.8399096131324768,0.05,4.0122666,2.6740746
7838,2.157163,0.124368615,0.85,0.042369917035102844,4.566407,1.9751581
7839,2.245127,0.10705992,0.8312976956367493,0.03071470372378826,3.053739,2.3084548
7840,2.177312,0.10414587,0.85,0.05,4.1200714,1.8054243
7841,2.1641736,0.11621547,0.85,0.05,3.8412948,2.239595
7842,2.1308389,0.1491735,0.8438411951065063,0.01656852848827839,4.587603,1.7448452
7843,2.1415017,0.09069156,0.85,0.05,5.2507715,1.7319307
7844,2.1103919,0.12946337,0.85,0.05,5.213216,1.7108166
7845,2.163534,0.12550904,0.85,0.05,4.3810115,1.8163704
7846,2.1265073,0.1253942,0.85,0.05,4.213415,1.5200112
7847,2.1580536,0.14786075,0.7671155333518982,0.01857430301606655,4.026232,2.043448
7848,2.2115517,0.103601165,0.8055459260940552,0.016150351613759995,3.4534976,1.9361829
7849,2.131354,0.087233104,0.85,0.011347651481628418,4.9661183,1.6874254
7850,2.1578348,0.07229891,0.85,0.05,4.862216,1.9726404
7851,2.2060845,0.124624655,0.6829816102981567,0.019090700894594193,3.272594,2.666384
7852,2.1037161,0.16440752,0.85,0.05,4.9425416,1.6002309
7853,2.2373927,0.123550676,0.85,0.05,3.0421455,2.5007005
7854,2.2492385,0.16419816,0.5729846954345703,0.029973790049552917,2.515692,2.4848187
7855,2.00836,0.10393726,0.8228281736373901,0.09227298945188522,9.400275,1.5068376
7856,2.1429856,0.071333714,0.85,0.028991125524044037,5.047374,1.6149223
7857,2.183022,0.045997743,0.85,0.028381260111927986,4.1620345,1.6947691
7858,2.1406124,0.08609623,0.8273407816886902,0.030950328335165977,5.1925116,1.7115451
7859,2.1344056,0.18503809,0.85,0.05,4.579198,2.0562193
7860,2.189201,0.113875836,0.8496789932250977,0.05,3.8213573,2.5232656
7861,2.0884137,0.105531335,0.8389071822166443,0.05,5.607862,1.7818868
7862,2.1132898,0.1234585,0.743425190448761,0.05,4.4300823,1.4722837
7863,2.1732645,0.15102008,0.85,0.002960692625492811,3.9860456,2.2266693
7864,2.1923034,0.0998684,0.814388632774353,0.02930937148630619,3.8865752,2.4916706
7865,2.1810093,0.1247612,0.8132243752479553,0.05650749430060387,3.5480587,2.5180433
7866,2.1837676,0.13192391,0.85,0.05,3.732624,1.8288672
7867,2.1915576,0.13894796,0.85,0.05,3.4601321,2.3635185
7868,2.2006247,0.06817181,0.85,0.05,4.415963,2.14131
7869,2.1169715,0.11836561,0.85,0.018736224621534348,4.697463,1.6695873
7870,2.1929846,0.08251001,0.8410652279853821,0.016533810645341873,3.9283159,2.4798315
7871,2.198631,0.14829265,0.4634461998939514,0.03650495037436485,3.4974217,2.1861916
7872,2.2396204,0.13595796,0.8009932637214661,0.035381730645895004,2.6482954,2.5381958
7873,2.3003821,0.034500733,0.3434291183948517,0.04588660970330238,2.4071622,2.4954267
7874,2.2050931,0.07700581,0.8497980833053589,0.0300593264400959,3.4746532,2.581484
7875,2.1271253,0.15970464,0.7035897970199585,0.04197871312499046,4.6217556,2.2216744
7876,2.1804764,0.14301488,0.8035013675689697,0.010263852775096893,3.9213178,2.185607
7877,2.150526,0.11662112,0.85,0.02009028010070324,4.7910147,2.1055286
7878,2.1362193,0.17476489,0.85,0.05,4.178883,2.0092695
7879,2.2437851,0.060434256,0.8335642218589783,0.05,3.153524,2.0841901
7880,2.1550431,0.14921452,0.85,0.05,4.452181,2.0884762
7881,2.2258906,0.13501309,0.85,0.05,2.7296257,2.236142
7882,2.3618805,0.07826437,0.7232603430747986,0.04817028343677521,2.1916845,2.6811848
7883,2.1752126,0.07301843,0.6052243709564209,0.039020273834466934,4.4571195,2.0123737
7884,2.1975276,0.09660101,0.821770966053009,0.047026392072439194,3.9898202,2.2752283
7885,2.2612991,0.10839171,0.7948079705238342,0.05,2.2534833,2.8930705
7886,2.157607,0.15668355,0.85,0.05,4.3818693,1.9325222
7887,2.301476,0.081197225,0.7508015632629395,0.036664459854364395,2.0845406,2.725471
7888,2.182232,0.08598994,0.8081857562065125,0.046390142291784286,3.9101958,2.1094587
7889,2.2168489,0.14441575,0.85,0.02667265757918358,2.9457276,2.6789587
7890,2.1687813,0.119845465,0.85,0.05,4.2924337,2.0862122
7891,2.24161,0.090878524,0.6117887496948242,0.033158089965581894,2.854829,2.6776485
7892,2.2130494,0.12424897,0.85,0.015211910009384155,2.996383,2.4749658
7893,2.209575,0.13094923,0.85,0.05,3.442997,2.486341
7894,2.220919,0.12095404,0.7997146248817444,0.05,2.9380558,2.3826811
7895,2.081863,0.17047845,0.8421547412872314,0.00205069943331182,5.2687554,1.486789
7896,2.142568,0.12561771,0.85,0.05,4.660122,1.7577688
7897,2.352698,0.122090355,0.6475195288658142,0.04804030433297157,2.123025,2.721161
7898,2.104756,0.12783894,0.85,0.05,4.9733186,1.7008369
7899,2.2360556,0.05265516,0.6150620579719543,0.07795672863721848,3.453083,2.7820613
7900,2.14988,0.1257317,0.8366749882698059,0.05,4.3766923,1.9214511
7901,2.1829545,0.106932044,0.85,0.05,4.017178,2.0110369
7902,2.1721616,0.1571801,0.85,0.020441090688109398,4.0063114,2.6389341
7903,2.1897047,0.08244948,0.85,0.05,3.8166988,1.7804687
7904,2.2596843,0.10152816,0.85,0.05,2.3326645,2.1461687
7905,2.1970615,0.14240207,0.85,0.05,3.2398598,2.7189624
7906,2.151528,0.119993895,0.8179677724838257,0.05,4.1897583,2.207604
7907,2.0873978,0.13249251,0.85,0.035341471433639526,5.1653924,1.9421037
7908,2.193495,0.15845928,0.85,0.003967223688960075,3.3198612,2.2134674
7909,2.2685778,0.18509443,0.7366542220115662,0.0502285435795784,2.1795218,2.6566951
7910,2.1923256,0.11274069,0.85,0.016963476315140724,4.0399456,2.1788223
7911,2.1163328,0.15744403,0.85,0.012921268120408058,4.7742515,1.9796515
7912,2.212422,0.10848677,0.85,0.05,3.5291102,2.6238375
7913,2.2724774,0.12776682,0.85,0.05,2.4072366,2.5271347
7914,2.2104313,0.068947494,0.85,0.022162413224577904,3.7986598,2.4182127
7915,2.2310855,0.111882664,0.85,0.05,3.1895707,2.5837808
7916,2.1083095,0.16675416,0.7443259358406067,0.05,3.7694745,1.5822803
7917,2.167206,0.13564219,0.6219265460968018,0.06686987727880478,4.088901,2.5583885
7918,2.2408006,0.13786337,0.85,0.05,2.7738986,2.3542914
7919,2.202171,0.14104159,0.8401151895523071,0.038076527416706085,3.3896563,2.7737072
7920,2.1797745,0.08423868,0.5233541131019592,0.05,3.7274754,1.814847
7921,2.1362057,0.11166869,0.8167970776557922,0.03797217458486557,4.557388,1.7478974
7922,2.1633148,0.14002694,0.8139608502388,0.05,4.3969555,1.8599991
7923,2.2138977,0.08710193,0.8298496603965759,0.05,3.3865483,2.2349997
7924,2.2073581,0.09783642,0.85,0.05,3.3544247,2.032751
7925,2.1744893,0.16626531,0.85,0.011720151640474796,4.146549,2.1277792
7926,2.210409,0.1146505,0.85,0.05,3.2761168,2.1138084
7927,2.2081647,0.13616377,0.830488383769989,0.05,3.153224,2.2432017
7928,2.1303158,0.1308418,0.85,0.05,4.787833,1.8429496
7929,2.1377356,0.1262521,0.85,0.011948109604418278,4.489975,1.9807346
7930,2.197434,0.12872727,0.6669768691062927,0.05,3.8527439,2.0179617
7931,2.2118573,0.0965871,0.85,0.05,3.4841547,2.3944297
7932,2.2307057,0.0795176,0.85,0.05,3.3479226,2.2511415
7933,2.2056782,0.15265018,0.8211483955383301,0.03598720207810402,3.1852694,2.288962
7934,2.2268531,0.13075201,0.7906141877174377,0.028156381100416183,2.960082,2.5464227
7935,2.2527838,0.0915385,0.606040358543396,0.037445876747369766,2.8567762,2.5429711
7936,2.1578097,0.09880778,0.8266491293907166,0.05,4.09036,1.964665
7937,2.2450435,0.12102537,0.85,0.05,2.9860754,2.3695111
7938,2.105563,0.10295262,0.85,0.05,4.9416103,1.3386769
7939,2.1393073,0.11468924,0.85,0.05,5.3780484,1.7528384
7940,2.2307696,0.1325869,0.85,0.01724833808839321,2.9593918,2.5237312
7941,2.141366,0.14022753,0.8142947554588318,0.01630953885614872,4.3935723,1.8298572
7942,2.210593,0.09087655,0.8206492066383362,0.05,3.417105,2.5730827
7943,2.1908963,0.119765036,0.7657604217529297,0.0303601436316967,3.536311,2.840935
7944,2.2475216,0.17007102,0.85,0.04364445060491562,2.277888,2.7780855
7945,2.240637,0.12163216,0.8355993032455444,0.05,2.7767532,2.3830311
7946,2.2000537,0.119029656,0.85,0.05,3.8854227,2.5264692
7947,2.1191719,0.13709815,0.85,0.05,4.6424437,1.6488718
7948,2.1919556,0.11386921,0.85,0.023198237642645836,3.8518543,2.2153966
7949,2.2739027,0.15472996,0.85,0.019361000508069992,2.0489233,2.599952
7950,2.297872,0.12228703,0.3324293792247772,0.0358085073530674,2.0167568,2.8092422
7951,2.1197462,0.10333502,0.85,0.02169891633093357,4.8496695,1.4482886
7952,2.233879,0.11747749,0.85,0.05,2.506159,2.492303
7953,2.1673079,0.120920025,0.85,0.05,4.453476,2.2626433
7954,2.224195,0.1346375,0.7575643658638,0.05,3.0586462,2.5517554
7955,2.1748583,0.09924031,0.8400785326957703,0.041174039244651794,4.205329,2.5102987
7956,2.2140555,0.11151487,0.8386016488075256,0.030423816293478012,3.2799447,2.2870612
7957,2.1599698,0.12170298,0.85,0.05,4.509638,2.0475183
7958,2.149572,0.12622985,0.8193565607070923,0.026914911344647408,4.5369906,1.6042912
7959,2.1351888,0.12030185,0.85,0.05,4.5606093,1.718723
7960,2.2119548,0.18118067,0.8470897674560547,0.01793541945517063,2.8698022,2.208224
7961,2.1336248,0.1469935,0.85,0.05,4.573316,1.5693444
7962,2.1800191,0.117496714,0.8269420862197876,0.05,3.9920185,2.2058082
7963,2.2376738,0.153122,0.8448651432991028,0.025089090690016747,2.749365,2.371546
7964,2.2271621,0.023542127,0.5406931042671204,0.05,3.6360717,2.4596324
7965,2.216971,0.1502367,0.85,0.02986292913556099,3.4550529,2.1653929
7966,2.1632962,0.106518164,0.8434860110282898,0.05,4.47621,1.9383532
7967,2.2218323,0.12286536,0.85,0.05,3.3998013,2.5244465
7968,2.235735,0.15091231,0.7129842042922974,0.04106453061103821,2.729388,2.5689394
7969,2.1408384,0.09063341,0.8182478547096252,0.038057513535022736,4.9073014,1.5777303
7970,2.1794407,0.12272557,0.6847240328788757,0.05,4.6724863,2.0004454
7971,2.1170697,0.13050102,0.675943911075592,0.030317815020680428,4.37854,1.5331701
7972,2.2352617,0.16840391,0.4942972958087921,0.040008578449487686,2.7139716,2.7742727
7973,2.161351,0.07511084,0.8204233646392822,0.02101006731390953,4.825101,1.779896
7974,2.226697,0.14574529,0.7055713534355164,0.05,2.26771,2.5077064
7975,2.180046,0.1473054,0.5951386094093323,0.03530404716730118,3.7965865,2.145778
7976,2.1951983,0.14236937,0.85,0.012937904335558414,3.4599257,2.4880912
7977,2.1770592,0.053255785,0.85,0.013465340249240398,4.180018,1.6592646
7978,2.198776,0.12639378,0.85,0.010746512562036514,3.4777367,2.277965
7979,2.175512,0.03725282,0.8208122849464417,0.014596176333725452,4.6674776,1.8543457
7980,2.1871603,0.115395896,0.7938456535339355,0.033630236983299255,3.5925994,2.569823
7981,2.2130435,0.13254414,0.85,0.027455611154437065,3.6304862,2.4229493
7982,2.1604042,0.087663114,0.85,0.00993075966835022,4.2790847,1.9251165
7983,2.190239,0.07937897,0.5546568036079407,0.018394771963357925,4.017745,1.8223675
7984,2.2343524,0.13906616,0.85,0.02182169072329998,2.8272903,2.3227496
7985,2.1681323,0.08927428,0.85,0.05,4.254202,1.7728966
7986,2.1828423,0.14406909,0.6202264428138733,0.044353026896715164,3.722096,2.8541753
7987,2.1853797,0.11107056,0.830284595489502,0.029416991397738457,3.7540793,2.080489
7988,2.1106424,0.14756262,0.85,0.028408819809556007,5.0553684,2.0877006
7989,2.2125823,0.112422794,0.8499211668968201,0.029653847217559814,3.3234293,2.5675254
7990,2.2220628,0.11591338,0.85,0.05,2.7835774,2.4711325
7991,2.2179637,0.12555514,0.85,0.05,3.2792637,2.2611642
7992,2.2708216,0.18090142,0.85,0.02577078901231289,2.394594,2.8421824
7993,2.2031183,0.034150977,0.85,0.019860511645674706,3.6893892,1.697179
7994,2.1819153,0.12914872,0.8259323835372925,0.028491828590631485,3.5703192,2.3844345
7995,2.2274086,0.07198951,0.8138601183891296,0.02808149717748165,3.3751044,2.5590608
7996,2.1452553,0.11596502,0.85,0.01334077026695013,4.7033057,1.781071
7997,2.1834793,0.17200011,0.85,0.05,3.2554135,2.7520418
7998,2.180083,0.11588052,0.7873191237449646,0.0640367791056633,3.9090803,2.2312913
7999,2.2932584,0.046721317,0.6850950121879578,0.014022196643054485,2.6061327,2.5893714
8000,2.1849995,0.086436495,0.6294917464256287,0.05,3.7127786,1.8743613
8001,2.2266543,0.103765644,0.85,0.01657709665596485,3.36486,2.2310472
8002,2.1268446,0.09129257,0.8060373067855835,0.035326797515153885,4.6175485,1.4879549
8003,2.0652416,0.107428916,0.826181173324585,0.05,5.901977,1.2877917
8004,2.206129,0.10566056,0.8486917018890381,0.03258660435676575,3.4362319,2.5592942
8005,2.2888293,0.13996468,0.6561625003814697,0.04798156023025513,2.0624323,2.7416875
8006,2.3362765,0.13751835,0.8336556553840637,0.05,2.0692804,2.1250172
8007,2.2778957,0.1144825,-0.0008389213471673429,0.035365402698516846,2.322548,2.7562125
8008,2.179741,0.09065827,0.85,0.05,4.131571,1.8625509
8009,2.1057508,0.13080247,0.8140193223953247,0.06883570551872253,4.675599,2.6036727
8010,2.1861334,0.17742647,0.85,0.05,3.346473,2.745458
8011,2.2700632,0.13341726,0.85,0.02735983394086361,2.5651865,2.6905816
8012,2.1847467,0.11822686,0.812390148639679,0.05,4.33573,2.1409721
8013,2.1069565,0.21060847,0.85,0.05,3.6995237,2.0707107
8014,2.0894978,0.1346276,0.85,0.02282549999654293,5.3536415,1.90094
8015,2.183957,0.10730019,0.85,0.05,4.5309405,2.1615782
8016,2.1375456,0.09724447,0.8202257752418518,0.03548256307840347,4.9687,1.6611007
8017,2.1610231,0.12642922,0.85,0.05,4.235859,1.8149277
8018,2.186184,0.0782771,0.8211126327514648,0.038160309195518494,4.1508875,1.8343258
8019,2.2786856,0.12059793,0.7285518646240234,0.02813917212188244,2.3709836,2.3514032
8020,2.1943607,0.109592475,0.7664459943771362,0.0534137599170208,3.4905233,2.3611226
8021,2.1876976,0.1256241,0.85,0.05,3.6256967,2.2821524
8022,2.15498,0.12303672,0.6399765610694885,0.019586561247706413,3.605422,1.6265824
8023,2.112995,0.1966824,0.85,0.05,4.8343644,1.7738531
8024,2.2109213,0.13905498,0.85,0.040619608014822006,3.2288995,2.4197836
8025,2.0612187,0.1498358,0.85,0.05,5.907452,1.456009
8026,2.2436225,0.13540491,0.85,0.032263532280921936,2.6918652,2.4939284
8027,2.118017,0.10249052,0.8418967723846436,0.05,4.595889,1.4970313
8028,2.2137332,0.09599523,0.7127785086631775,0.013274011202156544,3.6746829,2.1819072
8029,2.2064624,0.103601284,0.85,0.05,3.6395006,2.1761916
8030,2.0882013,0.1573189,0.85,0.019728926941752434,5.106365,1.7258998
8031,2.2524881,0.13388883,0.85,0.0034058215096592903,2.7302427,2.416894
8032,2.2022078,0.094987966,0.8310356140136719,0.05,3.537094,2.1679122
8033,2.199198,0.1541113,0.8477943539619446,0.041954703629016876,3.3910825,2.8253105
8034,2.1708593,0.11553239,0.620837926864624,0.04758196696639061,4.213046,1.9158813
8035,2.191463,0.17084356,0.85,0.05,3.2688947,2.579679
8036,2.1711173,0.15034129,0.5724902749061584,0.09992421418428421,3.9870973,2.5678945
8037,2.1129148,0.090579264,0.85,0.05,5.259998,1.5190005
8038,2.1741114,0.10268399,0.85,0.05,4.16601,2.0842621
8039,2.2985613,0.10854,-0.10469137877225876,0.011004149913787842,2.0551631,2.2675776
8040,2.1224532,0.11622805,0.85,0.05,4.7120395,1.7001405
8041,2.2242641,0.13197881,0.85,0.02080480009317398,2.9379432,2.4414163
8042,2.199741,0.079642095,0.8193775415420532,0.05,3.7606645,2.1423416
8043,2.1914139,0.13012335,0.821104109287262,0.04080140218138695,3.5517566,2.1515188
8044,2.159938,0.11458094,0.85,0.05,4.2408037,2.19946
8045,2.1839118,0.1452226,0.85,0.01616992987692356,3.87526,2.425375
8046,2.2123497,0.07481397,0.85,0.05,3.5668335,1.9119034
8047,2.2037044,0.13269106,0.85,0.005948430858552456,3.3362646,2.190851
8048,2.1652462,0.07303758,0.8187911510467529,0.04743450507521629,4.7340302,1.8866397
8049,2.30595,0.095410906,0.8272000551223755,0.054314326494932175,2.0559053,2.865683
8050,2.1670957,0.13507967,0.85,0.008772063069045544,4.268471,2.1554291
8051,2.1388443,0.10088945,0.8096309900283813,0.05,3.3431692,1.7499242
8052,2.2492564,0.12616777,0.83095383644104,0.039534199982881546,2.4735703,2.8387578
8053,2.125205,0.12233992,0.85,0.021255599334836006,4.848936,1.8936034
8054,2.1551569,0.088086426,0.85,0.05,3.9368927,1.7106831
8055,2.242882,0.08316987,0.8497496247291565,0.03317314758896828,3.114795,2.7308047
8056,2.1576133,0.13830674,0.85,0.05,4.4075933,2.1599653
8057,2.246353,0.1498861,0.7371814250946045,0.041524842381477356,2.4589007,2.6776273
8058,2.1138308,0.04919801,0.8181806802749634,0.004356223624199629,5.2440453,1.2750162
8059,2.1497362,0.14085473,0.85,0.03140838071703911,4.340803,2.1718931
8060,2.1629694,0.1325246,0.85,0.030345691367983818,4.160359,2.1226294
8061,2.1572964,0.12246778,0.85,0.05,4.23633,1.7732762
8062,2.0750062,0.17056583,0.85,0.05,5.158267,1.4900975
8063,2.1351492,0.14793245,0.85,0.05,4.4860215,1.7624674
8064,2.2741132,0.117666595,0.7623478770256042,0.02603522688150406,2.6514578,2.7513456
8065,2.1632514,0.09325138,0.85,0.005998754408210516,4.5300803,1.7477868
8066,2.1915274,0.12652221,0.85,0.027625136077404022,3.555469,1.8325844
8067,2.119338,0.18888654,0.85,0.027073483914136887,4.623308,1.9291695
8068,2.240601,0.15359296,0.8091040849685669,0.06149079278111458,2.6289546,2.8245177
8069,2.181416,0.14918518,0.85,0.012324389070272446,3.7584925,2.2328947
8070,2.1681962,0.11474338,0.85,0.05,4.2588625,2.2949293
8071,2.243271,0.088326834,0.7939854860305786,0.013733535073697567,2.9585578,2.7454436
8072,2.305968,0.11534678,0.8249385952949524,0.04099893197417259,2.320395,2.5253773
8073,2.19435,0.06565328,0.5822998285293579,0.05,4.0362573,1.9353344
8074,2.1900153,0.18593484,0.7859353423118591,0.04515668377280235,3.260038,2.25282
8075,2.1563504,0.09328463,0.806431233882904,0.009460833854973316,4.5477705,1.6662012
8076,2.170567,0.06499004,0.5263527035713196,0.043111566454172134,4.718511,2.3028893
8077,2.1925373,0.09152085,0.85,0.05,3.7662947,2.5200922
8078,2.250339,0.13696325,0.6400610208511353,0.06438183039426804,2.9603853,2.737826
8079,2.1800067,0.19842443,0.85,0.02430685982108116,3.3643298,2.4736342
8080,2.1837137,0.15264973,0.85,0.011209637857973576,4.064829,2.3757365
8081,2.1748624,0.12961102,0.5834633708000183,0.05,3.849891,2.0773947
8082,2.1318355,0.06745537,0.8403027653694153,0.0005385656841099262,5.0049925,1.542055
8083,2.2262425,0.15158837,0.85,0.02855168655514717,3.0713398,2.6824992
8084,2.1288733,0.1335274,0.85,0.05,4.773035,1.4603103
8085,2.201538,0.13219194,0.85,0.017201457172632217,3.3345344,2.6276717
8086,2.1447678,0.14789526,0.85,0.05,4.6573286,2.0858636
8087,2.1644998,0.09553074,0.8410418629646301,0.01479240134358406,4.0303793,1.9478557
8088,2.263214,0.097712256,0.85,0.01275347638875246,2.3163426,2.4798462
8089,2.2261531,0.13892372,0.8489311933517456,0.007738595362752676,2.708698,2.1767507
8090,2.2664015,0.14552857,0.8376274704933167,0.010082660242915154,2.441155,2.3623347
8091,2.1435332,0.11199556,0.85,0.05,4.7645006,1.6427308
8092,2.131218,0.15621878,0.85,0.05,4.5773754,2.1878982
8093,2.1169,0.16534388,0.85,0.03373410552740097,4.7529893,2.2027276
8094,2.1934748,0.10423298,0.85,0.05,3.900882,2.297241
8095,2.264808,0.12777758,0.7760283350944519,0.03271373733878136,2.3689296,2.5345466
8096,2.2589235,0.15070692,0.7107977271080017,0.0355195589363575,2.2925003,2.5261714
8097,2.2903852,0.09571639,0.6652690172195435,0.048504538834095,2.0994036,2.3913984
8098,2.2356277,0.12506725,0.8373857140541077,0.052304014563560486,3.2020042,2.9134512
8099,2.1187363,0.13757266,0.85,0.05,4.6872225,1.8084493
8100,2.207281,0.107165664,0.85,0.05,3.7235413,2.5129223
8101,2.23398,0.06701929,0.8063798546791077,0.05,2.9982092,2.153137
8102,2.237251,0.101107694,0.8223423957824707,0.05,3.194108,2.1932085
8103,2.2412512,0.09727559,0.85,0.025266969576478004,3.0441735,2.340679
8104,2.146041,0.07312492,0.85,0.05,4.7536016,1.6327326
8105,2.1893523,0.103005424,0.85,0.02921140193939209,3.7022045,2.0604749
8106,2.268842,0.100385964,0.7451610565185547,0.026846377179026604,2.4932437,2.728106
8107,2.1743748,0.12697928,0.8258904814720154,0.0009183457004837692,3.5836444,2.190403
8108,2.1357934,0.09674561,0.28745967149734497,0.05,4.311014,1.7525028
8109,2.1868875,0.14950027,0.85,0.05,3.7551045,2.1250463
8110,2.1940677,0.1311898,0.85,0.05,3.6690266,2.181923
8111,2.1678166,0.11315279,0.6871660947799683,0.04451766982674599,3.854836,2.053569
8112,2.2079759,0.12084095,0.85,0.05,3.0049677,2.1500115
8113,2.1587822,0.124437444,0.8348227143287659,0.034431155771017075,4.4570265,1.9644957
8114,2.2000973,0.12179716,0.85,0.05,3.2721136,2.3213036
8115,2.1797233,0.101811126,0.85,0.05,4.3467803,2.0263839
8116,2.1826398,0.12905572,0.7727257609367371,0.05,4.076697,1.9759336
8117,2.1826525,0.1569915,0.7651790380477905,0.017204992473125458,3.4766884,2.324102
8118,2.1900554,0.14026922,0.85,0.05,3.9453864,2.0185997
8119,2.1927683,0.23624484,0.85,0.05,3.0630667,2.5093088
8120,2.146587,0.16381724,0.8358344435691833,0.05,4.551282,2.0740466
8121,1.9768262,0.1611052,0.7693528532981873,0.08620140701532364,9.514227,1.3094192
8122,2.0967171,0.1593078,0.8206033706665039,0.05,4.5709596,1.6695931
8123,2.192289,0.10923339,0.85,0.05,3.675334,2.2633672
8124,2.2225451,0.16025195,0.85,0.054756585508584976,2.9735713,2.742227
8125,2.138512,0.097264074,0.85,0.05,4.601216,1.5868261
8126,2.1697032,0.11380922,0.49745362997055054,0.019703764468431473,3.7013242,1.3469086
8127,2.1916206,0.09596251,0.6656365990638733,0.027710435912013054,4.0804214,2.332059
8128,2.1237965,0.09327801,0.85,0.0006833078805357218,5.0859294,1.4321761
8129,2.1656704,0.16073309,0.8161057233810425,0.05,3.557384,2.3669581
8130,2.2017262,0.08020318,0.838589072227478,0.04714175686240196,3.7173738,2.3629384
8131,2.1620693,0.1661199,0.85,0.05,3.1451442,2.1411555
8132,2.1540177,0.20331842,0.85,0.05,4.101953,2.1201236
8133,2.247199,0.16166757,0.7443087697029114,0.07228247821331024,2.4271026,2.8813188
8134,2.177299,0.13533199,0.85,0.008620706386864185,4.1153936,2.181129
8135,2.223537,0.14939661,0.8215125203132629,0.057730041444301605,3.2732635,2.2717564
8136,2.223172,0.0460988,0.85,0.05,3.5725257,2.5565453
8137,2.1770537,0.1499711,0.8428930044174194,0.05,3.9571362,2.685359
8138,2.096041,0.15364914,0.7624832391738892,0.024812405928969383,5.154116,1.7106242
8139,2.1272955,0.138749,0.8228610157966614,0.05,4.6072264,1.60173
8140,2.1997726,0.16060413,0.85,0.020390059798955917,3.4892704,2.2735968
8141,2.3154795,0.12286955,0.8265258073806763,0.01483614556491375,2.1831765,2.5522592
8142,2.2209094,0.09256994,0.85,0.05,3.4412925,2.5559306
8143,2.337098,0.10260725,0.8204295635223389,0.027791941538453102,2.1719472,2.1029682
8144,2.2631843,0.0775478,0.5211762189865112,0.05,2.7634609,2.535027
8145,2.251143,0.10798796,0.8246782422065735,0.053416308015584946,2.8365252,2.579043
8146,2.034022,0.20887078,0.85,0.05,5.5166316,1.3905512
8147,2.2314095,0.16194256,0.85,0.014148792251944542,2.7816355,2.36644
8148,2.097651,0.08086341,0.85,0.016905365511775017,5.6239204,1.3812015
8149,2.2164457,0.12549573,0.85,0.032888658344745636,2.9663806,2.4276423
8150,2.2580013,0.12134259,0.8004470467567444,0.02652600407600403,2.6664143,2.5319583
8151,2.2182708,0.1289361,0.8389766216278076,0.05,3.3207915,2.31172
8152,2.2279222,0.1393507,0.85,0.05,3.1464381,2.3597052
8153,2.118545,0.14958455,0.7894105911254883,0.03986251354217529,4.7555103,1.7147735
8154,2.157687,0.15361576,0.8332935571670532,0.05,4.118086,2.1170878
8155,2.1707313,0.13068756,0.85,0.017005447298288345,4.0801167,2.6181157
8156,2.233035,0.13850512,0.8354789614677429,0.03281233459711075,2.5547938,2.5637507
8157,2.2646918,0.11651535,0.85,0.021135853603482246,2.8789237,2.2803347
8158,2.1972413,0.14408594,0.85,0.007442790549248457,3.6667383,2.1432712
8159,2.205136,0.093855724,0.85,0.02942102774977684,3.95413,2.4831288
8160,2.1573265,0.11628638,0.85,0.016713127493858337,4.5495086,1.940552
8161,2.2024577,0.11377657,0.812242865562439,0.05,3.7836897,1.8981738
8162,2.232063,0.099717334,0.6625145077705383,0.05,3.0027933,2.7740142
8163,2.2672777,0.114770636,0.85,0.027826594188809395,2.4035885,2.6021035
8164,2.1743383,0.1424508,0.85,0.015150562860071659,3.8025277,2.2807827
8165,2.3053617,0.1232,0.41964179277420044,0.06042814627289772,2.1076746,2.6548576
8166,2.19,0.12626834,0.8120108246803284,0.05,3.3504996,2.822086
8167,2.2023163,0.09978476,0.8248430490493774,0.04351648688316345,3.3751373,2.9140244
8168,2.1537323,0.14119811,0.85,0.05,4.61634,2.2765641
8169,2.1927848,0.12543294,0.85,0.015891553834080696,4.063621,2.3479366
8170,2.1905751,0.12992969,0.85,0.05,3.507489,1.9145442
8171,2.1304774,0.0899183,0.85,0.05,5.3650846,1.5502038
8172,2.204957,0.102386385,0.85,0.05,3.4194105,2.2741332
8173,2.0951655,0.15799603,0.6231884956359863,0.04123513028025627,4.9146886,1.7844177
8174,2.1293669,0.11488801,0.85,0.05,5.3800497,1.6369892
8175,2.252365,0.08808007,0.7352566719055176,0.04711258038878441,3.0394747,2.4649081
8176,2.1894379,0.14400455,0.8294786214828491,0.05,3.8227506,2.65748
8177,2.2259145,0.06355655,0.8235759735107422,0.05,3.4801702,2.1430516
8178,2.2182682,0.16320345,0.8353776931762695,0.04449506476521492,2.6291473,2.7094133
8179,2.2490187,0.10020293,0.85,0.03064652718603611,3.023722,2.5421267
8180,2.185101,0.1143309,0.6342952847480774,0.031840357929468155,4.1484094,2.3405633
8181,2.1228192,0.11956883,0.7799165844917297,0.029225947335362434,4.5991254,1.4319391
8182,2.131391,0.11182619,0.85,0.029188910499215126,4.9408917,1.6033534
8183,2.1511095,0.113484494,0.85,0.05,4.7208304,2.1262982
8184,2.1584237,0.1360967,0.8479873538017273,0.01761113852262497,3.988474,2.1794946
8185,2.2466066,0.14096858,0.7275069355964661,0.03807831555604935,2.7952256,2.4814994
8186,2.2828817,0.1389779,0.7314162850379944,0.04415067657828331,2.3820784,2.2614138
8187,2.188045,0.09546607,0.8448088765144348,0.05,3.9263287,2.3963199
8188,2.155135,0.12240261,0.7788316011428833,0.03160494938492775,4.2909417,2.0066876
8189,2.1938307,0.16469516,0.85,0.05,3.4272234,2.4818966
8190,2.2069948,0.10049519,0.85,0.05,3.2656946,2.5566676
8191,2.169277,0.1492501,0.8300639390945435,0.021319329738616943,3.4887016,1.901949
8192,2.1603692,0.14519987,0.8472917675971985,0.02408142201602459,4.655731,2.2138796
8193,2.1179705,0.10107107,0.85,0.011819015257060528,5.414607,1.7655584
8194,2.1126027,0.06573668,0.7003508806228638,0.015713347122073174,5.185567,1.2311192
8195,2.1946716,0.091264896,0.85,0.019979353994131088,3.9096718,2.2457843
8196,2.2634223,0.12382307,0.5271128416061401,0.036951832473278046,2.6099408,2.1447444
8197,2.2444482,0.1391933,0.8495758771896362,0.023807814344763756,2.7322917,2.7369552
8198,2.1133075,0.1350157,0.85,0.05,4.9067802,1.5698776
8199,2.149194,0.10592209,0.8429273366928101,0.05,3.8420286,1.74623
8200,2.2118518,0.07643214,0.85,0.05,3.4667454,1.8604935
8201,2.186857,0.06871324,0.85,0.018694879487156868,4.194405,1.9676651
8202,2.2135155,0.09733188,0.85,0.05,3.8414006,2.571691
8203,2.1147585,0.11546836,0.8123962879180908,0.049655359238386154,4.854547,1.7641119
8204,2.202679,0.10053536,0.85,0.05,3.4056056,2.372173
8205,2.162274,0.15419245,0.85,0.013848748989403248,3.8442278,2.139999
8206,2.1894376,0.09695499,0.8489428162574768,0.03513370826840401,4.0519085,2.5152571
8207,2.1986697,0.13183255,0.85,0.05,3.7285192,2.0911295
8208,2.0976524,0.15615372,0.85,0.05,5.0674934,1.6722147
8209,2.25331,0.1272395,0.5226039290428162,0.04798343777656555,2.613911,2.3839896
8210,2.2569172,0.14757068,0.8354750871658325,0.05,2.451537,2.7010007
8211,2.1911216,0.18666859,0.85,0.02827172353863716,3.5475721,2.548321
8212,2.2064195,0.12784687,0.4539700150489807,0.020055146887898445,3.5146484,2.1549387
8213,2.121841,0.10501777,0.85,0.03948071226477623,5.1596317,1.6245335
8214,2.1733663,0.13625452,0.85,0.0007586568244732916,4.530144,2.100452
8215,2.1813765,0.1365032,0.7994612455368042,0.032666269689798355,3.5226703,2.8806329
8216,2.1805103,0.13109688,0.8267906308174133,0.05,3.953839,1.9482191
8217,2.1543567,0.10210331,0.6734113693237305,0.011536495760083199,4.808724,1.6251581
8218,2.1631148,0.10721392,0.85,0.014561272226274014,4.789782,1.9229666
8219,2.098865,0.1594514,0.8483157753944397,0.012382135726511478,4.6847367,1.6345906
8220,2.0737991,0.15122455,0.85,0.008979269303381443,5.144773,1.5529947
8221,2.170046,0.09826577,0.8181403279304504,0.05,4.3486457,1.7247918
8222,2.1617458,0.16350639,0.85,0.05,4.024043,2.118271
8223,2.1351154,0.15149961,0.85,0.05,4.6256104,2.1671166
8224,2.0898824,0.16166015,0.85,0.05,5.047822,1.5697737
8225,2.2704694,0.10218353,0.85,0.05,2.4367383,2.8473215
8226,2.1481018,0.098334506,0.6412842273712158,0.05,4.6160865,1.8656516
8227,2.1720924,0.09430149,0.85,0.05,3.9689164,2.0620487
8228,2.2105,0.11617564,0.38576599955558777,0.03448664769530296,3.2701604,2.1287203
8229,2.166989,0.15057187,0.85,0.03655769303441048,3.9788272,2.140519
8230,2.1680403,0.16119021,0.85,0.05,3.8748164,1.8993245
8231,2.186967,0.14350061,0.7775874733924866,0.05625149607658386,3.3688986,2.3294525
8232,2.2026653,0.123708256,0.85,0.05,3.174946,2.6154861
8233,2.1670976,0.12334966,0.4224911332130432,0.13465191423892975,4.5850387,2.1545515
8234,2.3350434,0.10689841,0.4941785931587219,0.0447566956281662,2.2648768,2.6475282
8235,2.1680276,0.1255896,0.85,0.05,4.4203954,2.1599438
8236,2.2370262,0.07586021,0.85,0.05,3.1363628,2.1985953
8237,2.1359653,0.12719156,0.7426462173461914,0.03444981202483177,4.475053,1.7700912
8238,2.1699677,0.11622116,0.8098257780075073,0.04298430681228638,3.8925493,2.2292252
8239,2.095953,0.17008032,0.8404687643051147,0.007436204701662064,4.86813,1.464582
8240,2.1587498,0.08522959,0.706092894077301,0.007419740315526724,4.2247276,2.0436134
8241,2.1813128,0.16607752,0.85,0.05,3.457139,2.2126305
8242,2.1387544,0.12523367,0.6517660617828369,0.004349817056208849,4.491674,1.9693952
8243,2.1630092,0.109614834,0.8415715098381042,0.05,4.6037135,2.167829
8244,2.2188275,0.1543887,0.8417704105377197,0.03560498729348183,2.4950078,2.594412
8245,2.18493,0.13813809,0.85,0.05,4.063423,2.0578487
8246,2.2017024,0.07448504,0.8076543211936951,0.05,4.153297,1.7597461
8247,2.1528418,0.14514026,0.85,0.017385054379701614,4.430236,1.9318852
8248,2.1618288,0.13528268,0.7375090718269348,0.08026164025068283,4.358749,2.4511957
8249,2.2931802,0.13236815,0.4871951639652252,0.05,2.0355585,2.7831438
8250,2.1809502,0.08228365,0.8309199213981628,0.03884369134902954,4.576237,1.9817787
8251,2.2250042,0.1148564,0.85,0.029351534321904182,3.1880457,2.666043
8252,2.1392689,0.10351469,0.6294023394584656,0.0277576744556427,4.937965,1.8133496
8253,2.1972523,0.13931929,0.85,0.015046537853777409,3.4802167,2.6677325
8254,2.2296388,0.124945566,0.85,0.05,3.277324,2.2752843
8255,2.195383,0.14006127,0.85,0.05,3.9197416,2.4880526
8256,2.2093246,0.111206554,0.7926590442657471,0.03895027935504913,3.6182818,2.1391175
8257,2.2217677,0.16776927,0.85,0.06283245980739594,2.9722164,2.905196
8258,2.2014482,0.1761415,0.8356637358665466,0.030438177287578583,2.9644186,2.0234308
8259,2.2010322,0.12641093,0.8437526822090149,0.05,3.7230802,2.493042
8260,2.214829,0.12963374,0.85,0.05,3.3735454,2.2619348
8261,2.2135067,0.09432524,0.85,0.015618863515555859,3.4670913,2.6671531
8262,2.1707046,0.1700662,0.85,0.05,3.3953984,2.061123
8263,2.1219625,0.06925209,0.85,0.05,5.186177,1.4489032
8264,2.230361,0.1303939,0.85,0.019439134746789932,2.7165987,2.7534971
8265,2.2677245,0.11659285,0.6212409734725952,0.04258154705166817,2.5019288,2.237134
8266,2.1696606,0.098602384,0.85,0.01866326667368412,3.9798644,1.6506445
8267,2.1981635,0.13487321,0.7682201266288757,0.048739004880189896,3.472194,2.456514
8268,2.2112718,0.119316615,0.85,0.05,3.1570323,2.4343245
8269,2.1984556,0.100439236,0.8360056281089783,0.05,3.345619,1.8654816
8270,2.170941,0.11605752,0.7790160775184631,0.05,4.434328,2.1315422
8271,2.1711986,0.16906996,0.85,0.00029732147231698036,3.9016128,2.189516
8272,2.2124321,0.15192078,0.4990498125553131,0.11115197092294693,2.8945441,2.3409362
8273,2.2114475,0.12447574,0.8384166955947876,0.05,3.141436,2.2693632
8274,2.1055431,0.14659733,0.7261994481086731,0.03559223189949989,5.1987114,1.5663768
8275,2.131865,0.11603223,0.85,0.05,4.78988,2.1408143
8276,2.2011883,0.14795226,0.6714596152305603,0.06326711177825928,2.6957893,2.8967276
8277,2.1849444,0.11445752,0.85,0.05,4.2663503,1.9026569
8278,2.163711,0.12325676,0.8415459990501404,0.04152730479836464,4.4723854,2.0491095
8279,2.1961758,0.10521665,0.8373106122016907,0.02049647457897663,3.4444988,2.6738153
8280,2.1505852,0.09986488,0.820002555847168,0.05,4.575883,1.733712
8281,2.134331,0.13139433,0.85,0.05,4.839414,1.8652823
8282,2.1661844,0.21764961,0.8070788383483887,0.005821176804602146,3.2326765,2.296098
8283,2.2400966,0.12112025,0.7613106369972229,0.05520777776837349,2.670773,2.8007083
8284,2.1503448,0.1250304,0.8306530117988586,0.05,4.182731,1.6525853
8285,2.1976619,0.09010546,0.85,0.03659229725599289,4.062245,2.0582185
8286,2.1694188,0.12861097,0.8201487064361572,0.051701080054044724,4.317929,2.3776295
8287,2.261409,0.110992074,0.5774784088134766,0.062238726764917374,2.6274898,2.2144077
8288,2.1924353,0.14096172,0.85,0.002111903391778469,3.6874456,2.1023364
8289,2.1515646,0.14093012,0.85,0.02018853649497032,4.2318234,1.8998669
8290,2.2009718,0.09944001,0.85,0.05,3.6663013,1.9166137
8291,2.2036858,0.14855349,0.7945117354393005,0.014759909361600876,3.3218486,2.194258
8292,2.231981,0.11445886,0.5596954822540283,0.01922534964978695,2.9925702,2.4490373
8293,2.294492,0.11837659,0.85,0.04370614141225815,2.545764,2.634638
8294,2.1851652,0.14624964,0.8470739722251892,0.05,3.5700712,2.6132925
8295,2.1653466,0.123010755,0.8345349431037903,0.025518327951431274,3.95809,2.0003123
8296,2.2176049,0.08502582,0.85,0.05,3.363599,2.159067
8297,2.2484224,0.08566792,0.85,0.05,2.9861202,2.6304462
8298,2.1765094,0.16505016,0.85,0.05,3.691214,2.2609391
8299,2.2080588,0.098507434,0.7448674440383911,0.08361488580703735,3.5932202,2.4141667
8300,2.194354,0.14605589,0.85,0.02795642614364624,3.2446616,2.7805777
8301,2.1408045,0.12141155,0.8048231601715088,0.05,4.5492835,1.6928494
8302,2.1506884,0.07898008,0.7675223350524902,0.01315978541970253,4.4524307,1.5908682
8303,2.1511035,0.20822078,0.85,0.05,3.6622608,2.2279413
8304,2.199733,0.13716449,0.85,0.015060667879879475,3.9259856,2.489092
8305,2.1232898,0.12875776,0.8361352682113647,0.011021343991160393,4.5960603,1.559585
8306,2.1737258,0.16869803,0.7092278003692627,0.10624150186777115,3.758658,2.6530511
8307,2.1594098,0.15000515,0.85,0.05,4.0724607,1.856207
8308,2.3867934,0.04210038,0.7516494989395142,0.02107343263924122,2.091907,2.22873
8309,2.1592307,0.07415637,0.85,0.05,4.0379024,1.8623408
8310,2.135449,0.15419996,0.8425281643867493,0.030903441831469536,4.4519844,1.9881244
8311,2.1369731,0.12506884,0.85,0.05,4.4618473,1.8227589
8312,2.1894517,0.13655606,0.85,0.019841298460960388,3.8272228,2.2897167
8313,2.1603744,0.1254526,0.7245181202888489,0.05,4.097431,1.8511862
8314,2.2227354,0.14230546,0.7535552382469177,0.041670143604278564,3.0842597,2.8246603
8315,2.2239537,0.12094606,0.8143304586410522,0.05,3.245162,1.9586037
8316,2.1296625,0.16644363,0.8274356722831726,0.035498183220624924,4.9337955,1.5824157
8317,2.1591468,0.09036957,0.85,0.02094351500272751,4.975065,1.994066
8318,2.1704264,0.06656468,0.7512660622596741,0.05,4.066579,1.9177694
8319,2.1883063,0.14365439,0.5797700881958008,0.01692066341638565,3.5433695,1.8678515
8320,2.1671145,0.15500683,0.85,0.05,3.9156537,2.1181638
8321,2.2316625,0.15208516,0.85,0.012417183257639408,2.7553852,2.666363
8322,2.162343,0.14156066,0.688702404499054,0.055079229176044464,4.1964164,2.5776985
8323,2.1772895,0.18707356,0.8104162812232971,0.021014519035816193,3.3518102,2.170298
8324,2.2024555,0.15675807,0.8334446549415588,0.04372365027666092,3.3592396,2.4459932
8325,2.2282078,0.14241569,0.8396515250205994,0.05,2.897588,2.550208
8326,2.1916893,0.13214177,0.85,0.05,3.6072304,2.0839224
8327,2.1793578,0.11833366,0.8280036449432373,0.05,3.8813438,1.9445199
8328,2.2073007,0.11861171,0.85,0.002423693425953388,3.3677585,2.1081407
8329,2.2475166,0.13784328,0.8308460116386414,0.04679179936647415,2.5551388,2.284272
8330,2.2679565,0.04479004,0.85,0.05,3.117081,2.4091825
8331,2.112757,0.12899253,0.85,0.05,5.114947,1.6298298
8332,2.120727,0.14174308,0.85,0.010256580077111721,5.0662403,1.6463587
8333,2.147218,0.10565982,0.8313208222389221,0.05,4.4729757,1.7806884
8334,2.1719413,0.112219214,0.85,0.05,4.1572785,1.9841301
8335,2.2161803,0.14631502,0.8311646580696106,0.05,2.7389922,2.1339676
8336,2.081998,0.15470806,0.7900950908660889,0.05,4.9711165,1.6517559
8337,2.1256905,0.12268631,0.85,0.05,4.7499027,1.7497575
8338,2.1550226,0.15827881,0.85,0.007610095199197531,4.202192,1.7838386
8339,2.163011,0.11951223,0.8186584711074829,0.04332248121500015,4.1183176,2.0554292
8340,2.0790818,0.13789555,0.85,0.05,5.700831,1.4651738
8341,2.1684709,0.10723309,0.810009241104126,0.05,3.833273,2.1547294
8342,2.193907,0.13095751,0.7464473843574524,0.04202212020754814,3.2442548,2.1796093
8343,2.300796,0.12367709,0.85,0.05,2.2123668,2.6422236
8344,2.154488,0.1030454,0.85,0.05,4.2745843,2.109045
8345,2.189015,0.17635475,0.85,0.019340284168720245,3.3082285,2.498636
8346,2.1863952,0.12033232,0.85,0.05,3.7199442,2.1485572
8347,2.1778657,0.14390434,0.85,0.05,3.342817,2.726939
8348,2.1895928,0.14690447,0.85,0.05,3.7840624,1.864428
8349,2.2123559,0.17697889,0.85,0.023198366165161133,3.0954437,2.5702202
8350,2.2424788,0.120274775,0.830773115158081,0.05,3.0829198,2.3263884
8351,2.1292038,0.116610095,0.8414573073387146,0.05,4.864416,1.6539426
8352,2.2295039,0.1489568,0.8465541005134583,0.03937113285064697,2.7006662,2.481953
8353,2.1319864,0.101654336,0.7948524951934814,0.01553100161254406,5.0950227,1.763809
8354,2.2432876,0.17754889,0.85,0.05,2.1508074,2.72424
8355,2.1725068,0.1140952,0.780186116695404,0.0324244387447834,4.1937065,1.9719303
8356,2.1733937,0.07410916,0.8332377076148987,0.05,3.6774583,1.8015217
8357,2.1601787,0.11760447,0.85,0.05,4.511726,2.343601
8358,2.2663598,0.12179653,0.8152674436569214,0.04882406070828438,2.4413323,2.8851545
8359,2.1171458,0.11152083,0.85,0.0019989085849374533,4.7192807,1.7690338
8360,2.283027,0.08266271,0.804240345954895,0.029391851276159286,2.3414733,2.2904055
8361,2.265241,0.14395715,0.8180942535400391,0.04180768504738808,2.2613552,2.4386694
8362,2.2016182,0.0723379,0.85,0.010913359932601452,4.2508316,1.9229993
8363,2.1921804,0.09118921,0.8273294568061829,0.029172733426094055,3.851895,2.5064533
8364,2.2031834,0.14980856,0.837914764881134,0.05,3.1596737,2.367999
8365,2.1487062,0.13039957,0.85,0.05,3.8540876,1.7387354
8366,2.2265213,0.11521192,0.811974048614502,0.05487104877829552,3.3393044,2.5821357
8367,2.203403,0.10572927,0.85,0.02312103472650051,3.7496767,2.5473533
8368,2.102203,0.14687905,0.85,0.05,5.173723,1.6256319
8369,2.2618103,0.07199981,0.85,0.01054469682276249,2.4856057,2.6139102
8370,2.223808,0.08690489,0.85,0.05,3.4715562,1.9997635
8371,2.2337415,0.07632364,0.8466084003448486,0.022555816918611526,3.2429318,2.4289653
8372,2.1636813,0.14535266,0.85,0.01958991028368473,4.1050353,2.6914186
8373,2.2198558,0.11366445,0.85,0.018620474264025688,3.2623527,2.5721357
8374,2.2048585,0.0586614,0.85,0.015011655166745186,4.1020184,2.1969948
8375,2.2288818,0.09665982,0.8271831274032593,0.012119351886212826,2.97668,2.265892
8376,2.1675904,0.13622215,0.85,0.018741894513368607,4.127653,2.2208128
8377,2.2639337,0.107951544,0.85,0.03841066733002663,2.4933145,2.7720556
8378,2.1463594,0.060053423,0.85,0.05,4.919946,1.6529113
8379,2.2226987,0.118932046,0.85,0.021784352138638496,3.0540462,2.5542078
8380,2.1766,0.13413087,0.85,0.009397604502737522,4.041943,2.132269
8381,2.2599354,0.14458965,0.2907884120941162,0.05640321224927902,2.322248,3.4374647
8382,2.1567805,0.092125714,0.8406891226768494,0.024299422279000282,4.349649,1.9855565
8383,2.1225505,0.17274912,0.85,0.05,4.5635304,1.7317946
8384,2.1679265,0.113513,0.8320947885513306,0.030888939276337624,4.15339,1.9693259
8385,2.1601517,0.12162703,0.514818549156189,0.05,4.0929675,2.2158709
8386,2.1358361,0.07090548,0.8156847953796387,0.05,5.120109,1.6645567
8387,2.126315,0.14159667,0.85,0.05,4.5243497,1.5817585
8388,2.2686844,0.1099836,0.85,0.04009315371513367,2.6177824,2.7900555
8389,2.106447,0.09648023,0.85,0.05,5.626035,1.2568784
8390,2.2789204,0.115104176,0.85,0.05,2.432317,2.5355582
8391,2.2877073,0.13634668,0.85,0.05,2.1751008,2.838298
8392,2.175612,0.041614275,0.85,0.05,4.610261,1.6811799
8393,2.235408,0.12395199,0.6858425140380859,0.010843658819794655,2.9759111,2.176649
8394,2.220949,0.110923655,0.85,0.041389234364032745,3.3468275,2.376841
8395,2.1528087,0.11889178,0.85,0.019676577299833298,4.6650057,2.0452018
8396,2.1889136,0.09667587,0.8310280442237854,0.029906393960118294,3.8774116,2.062568
8397,2.209872,0.09112247,0.85,0.0189107246696949,3.4287825,2.0141835
8398,2.2131972,0.11488183,0.8442459106445312,0.05,3.4429922,2.1536665
8399,2.3408878,0.11211685,0.5922250747680664,0.07279306650161743,2.1678705,2.8570666
8400,2.1470718,0.120206796,0.85,0.05,4.80829,1.7978455
8401,2.185937,0.045660995,0.85,0.05,4.561167,1.7146175
8402,2.243517,0.13484733,0.85,0.02298944815993309,2.7104456,2.708551
8403,2.229867,0.13229597,0.8363285660743713,0.045948341488838196,2.728955,2.4755685
8404,2.2225642,0.1148832,0.85,0.05,3.037728,2.389795
8405,2.0957236,0.13342774,0.85,0.05,5.1490655,1.396082
8406,2.2319767,0.12576084,0.85,0.05,2.925369,2.8059592
8407,2.2331698,0.13136125,0.7050194144248962,0.05,2.8126462,2.16308
8408,2.1937647,0.109539114,0.818907618522644,0.037991344928741455,3.5259848,2.0451775
8409,2.2101688,0.13170369,0.85,0.05,3.3173199,1.9751066
8410,2.196489,0.17081316,0.8131089210510254,0.02278047427535057,3.3552122,2.6213493
8411,2.0952423,0.07084627,0.85,0.05,5.360859,1.4405743
8412,2.1364944,0.11597814,0.85,0.05,4.4112334,1.8678888
8413,2.1586244,0.09948001,0.8215165138244629,0.05254523828625679,4.7931075,2.0157092
8414,2.1339006,0.07645742,0.826849102973938,0.021058300510048866,4.868794,2.1256113
8415,2.166659,0.0944826,0.8417050838470459,0.025809351354837418,4.3917565,2.4655602
8416,2.2643845,0.14547846,0.8294745087623596,0.04237966611981392,2.3597956,2.7278461
8417,2.2593408,0.1320104,0.85,0.02786780521273613,2.3388581,2.660153
8418,2.290587,0.121147186,0.8392297029495239,0.03585799038410187,2.2762935,2.2418432
8419,2.2097535,0.14087176,0.85,0.05,3.1917486,2.0495934
8420,2.207932,0.09281494,0.85,0.05,4.0660267,2.277836
8421,2.1843219,0.1661303,0.85,0.05,3.6061807,2.1896696
8422,2.1943576,0.13994117,0.8418179750442505,0.03311549127101898,3.728584,2.1805832
8423,2.2537239,0.09315737,0.8450176119804382,0.05,2.5997725,2.6781423
8424,2.244252,0.09977232,0.8303292393684387,0.05,3.1419775,2.4837909
8425,2.1844335,0.09412779,0.85,0.05,4.310555,2.1316545
8426,2.1453333,0.14755382,0.85,0.05,4.317745,1.6582928
8427,2.2252302,0.045054693,0.6272696256637573,0.05,4.0454645,2.189618
8428,2.2153196,0.12888184,0.85,0.05,3.8694644,1.992663
8429,2.1719677,0.099224254,0.8411069512367249,0.032586000859737396,4.542057,2.0491135
8430,2.1818886,0.105540134,0.8055350184440613,0.05,4.031489,1.5685215
8431,2.1724815,0.1165179,0.85,0.05,4.0814824,2.1567473
8432,2.1507308,0.13210829,0.85,0.05,4.519367,1.6437019
8433,2.2124522,0.08222983,0.85,0.05,3.4094174,2.283583
8434,2.310968,0.08206434,0.85,0.03080597333610058,2.3675196,2.3344235
8435,2.150945,0.12485156,0.85,0.027302294969558716,4.0927544,1.9897428
8436,2.1443331,0.118307956,0.821682870388031,0.022297978401184082,4.4646034,1.4930509
8437,2.140771,0.12965307,0.8453946113586426,0.035169199109077454,4.650368,1.6746902
8438,2.1343083,0.1297189,0.85,0.05,4.621852,1.7933115
8439,2.147887,0.11343497,0.587095320224762,0.05,4.3131804,1.7156961
8440,2.2165775,0.08564507,0.85,0.021071184426546097,3.4021385,2.5003202
8441,2.242754,0.13832738,0.8330152034759521,0.03488140553236008,2.4227583,2.3500814
8442,2.1968672,0.09794533,0.7967149019241333,0.05,3.9218495,1.7639406
8443,2.1471772,0.13507153,0.85,0.05,3.9047678,1.9643373
8444,2.2066245,0.10549004,0.8403693437576294,0.05,3.6660705,2.1574209
8445,2.2541902,0.06842296,0.8382251262664795,0.02795197255909443,2.618996,2.240113
8446,2.115599,0.15548646,0.8058701157569885,0.024223923683166504,4.844402,1.4139413
8447,2.0953474,0.12567264,0.85,0.05,4.843517,1.4268847
8448,2.223835,0.16708758,0.8365451097488403,0.02455039508640766,2.7208114,2.6056793
8449,2.2980456,0.16701186,0.7778331637382507,0.07239554822444916,2.2860384,2.8799126
8450,2.2324958,0.08689789,0.85,0.05,3.0451472,2.7912745
8451,2.1984012,0.15155959,0.85,0.028573377057909966,3.6429825,2.2991087
8452,2.1044953,0.09660991,0.829259991645813,0.02805149555206299,5.2252903,1.3562509
8453,2.1636097,0.10554214,0.8412047624588013,0.05,3.8711386,1.8170257
8454,2.2527645,0.112659216,0.8140960335731506,0.055875182151794434,2.8160696,2.2206383
8455,2.1374571,0.09883378,0.7417318820953369,0.027867719531059265,4.535993,1.6664505
8456,2.195488,0.13234566,0.85,0.05,3.3408554,2.4099636
8457,2.170489,0.13675492,0.819007933139801,0.05,3.440131,1.9193516
8458,2.3021836,0.13353461,0.5177778005599976,0.05,2.2913713,2.8082817
8459,2.1820173,0.1504868,0.7949950695037842,0.019664887338876724,3.5012097,2.1230595
8460,2.1475573,0.13226442,0.85,0.05,4.36962,1.8810909
8461,2.1769636,0.11182525,0.846950888633728,0.05,4.112131,2.6594448
8462,2.1896133,0.19039322,0.85,0.05,3.0959997,2.2785072
8463,2.162203,0.11653853,0.6585237979888916,0.023630866780877113,4.6145496,1.9804155
8464,2.2320492,0.15816455,0.85,0.05,2.3219016,2.5461879
8465,2.1490307,0.1265604,0.85,0.02069343812763691,4.5744395,2.0908358
8466,2.1943707,0.07266263,0.7926855087280273,0.05,4.046753,1.506523
8467,2.1995869,0.113437794,0.85,0.027184180915355682,3.8630967,2.3626604
8468,2.1228564,0.19792779,0.85,0.05,4.281603,2.0036206
8469,2.0237305,0.11164984,0.85,0.038330093026161194,8.550227,1.146315
8470,2.0928602,0.10198254,0.85,0.05,5.605594,1.3054912
8471,2.1405978,0.14663291,0.807831883430481,0.010911735706031322,4.6527076,1.870394
8472,2.1380563,0.14390165,0.81524658203125,0.034361548721790314,4.073426,1.8130624
8473,2.116996,0.11135067,0.8387899398803711,0.05,5.194956,1.6997935
8474,2.1752253,0.14635138,0.8022519946098328,0.05,3.6588523,1.7844245
8475,2.1808038,0.09242439,0.85,0.05,3.8693717,1.9620363
8476,2.2214854,0.12228711,0.840212881565094,0.03449216112494469,3.2285833,2.610576
8477,2.2019968,0.13210578,0.85,0.05,3.4552274,2.5640447
8478,2.2217808,0.14640202,0.8253468871116638,0.030551321804523468,2.9390306,2.6508815
8479,2.2304678,0.16398367,0.85,0.04111764580011368,2.722855,2.3422887
8480,2.1391366,0.10342154,0.715806245803833,0.021459119394421577,4.6223893,1.4285504
8481,2.1921432,0.121730484,0.7798364162445068,0.03410815820097923,3.8412554,2.514567
8482,2.1903565,0.1546013,0.85,0.05,3.8710055,2.4640899
8483,2.230563,0.087715045,0.8320760130882263,0.03514869883656502,3.134178,2.1154103
8484,2.0519803,0.13433433,0.8392472267150879,0.04257659241557121,7.0553346,1.2706795
8485,2.1668153,0.092013426,0.8437464237213135,0.05,4.2054896,1.8274646
8486,2.188052,0.1615062,0.5112720131874084,0.05,3.2750719,2.5527017
8487,2.2125373,0.119162194,0.85,0.02942134253680706,3.3431313,2.4105082
8488,2.233935,0.11853117,0.5740951299667358,0.03091299906373024,2.7775059,2.7657506
8489,2.1221,0.14000194,0.85,0.05,5.082098,1.7225986
8490,2.1385818,0.08308585,0.85,0.01784677617251873,5.0946655,1.7720811
8491,2.1595938,0.15251155,0.85,0.05,4.3981857,2.0314734
8492,2.218226,0.17176172,0.85,0.05,3.1319323,2.6352239
8493,2.2002952,0.14292167,0.824124276638031,0.041632577776908875,3.600027,2.6180205
8494,2.2299523,0.13944955,0.7168664932250977,0.01445053145289421,2.7179735,2.4782546
8495,2.2451804,0.15303726,0.8286171555519104,0.05798426643013954,2.6588633,2.702683
8496,2.1751559,0.14287783,0.8382539749145508,0.00221625086851418,3.369456,1.7903701
8497,2.1996024,0.07960837,0.85,0.05,3.9200926,1.7828529
8498,2.2098978,0.13904405,0.8187572360038757,0.04125749319791794,3.1859264,2.359089
8499,2.288941,0.1195452,0.5690605640411377,0.05561137944459915,2.0659106,2.7740088
8500,2.1465306,0.12891398,0.85,0.05,4.491531,2.1372366
8501,2.3271084,0.16256852,0.19620946049690247,0.10052401572465897,2.1807477,2.8421752
8502,2.226052,0.15500163,0.85,0.03175027668476105,2.9755833,2.6074243
8503,2.2013404,0.107872956,0.5714854001998901,0.03558892384171486,3.126245,2.7061431
8504,2.1633224,0.16423513,0.85,0.05,3.9994752,1.9071037
8505,2.159509,0.11081192,0.85,0.023784657940268517,4.3508544,1.8262259
8506,2.1907997,0.08433973,0.7952516078948975,0.018843457102775574,3.8108978,2.4704869
8507,2.1669607,0.12890422,0.6047449111938477,0.05,3.92939,1.9859062
8508,2.0905197,0.16161676,0.85,0.05,5.0701866,1.5961709
8509,2.0958407,0.13519302,0.7678600549697876,0.03502511605620384,5.192388,1.4251118
8510,2.1567998,0.13017544,0.7990859150886536,0.041706208139657974,3.841428,2.057853
8511,2.166216,0.12644637,0.85,0.05,3.9567535,1.8432453
8512,2.236062,0.11354308,0.85,0.038853395730257034,3.1812441,2.5281205
8513,2.249103,0.14690824,0.8155457377433777,0.010977392084896564,2.2660966,2.2474492
8514,2.2149568,0.13023397,0.85,0.022488191723823547,3.5838418,2.3188405
8515,2.1870008,0.1239684,0.8359776735305786,0.023166224360466003,4.091075,2.3024693
8516,2.2473607,0.07967214,0.635177731513977,0.02550436183810234,3.1471837,2.5608358
8517,2.146592,0.099964194,0.8049115538597107,0.029856227338314056,4.3331885,1.6821179
8518,2.2720232,0.16730464,0.848423182964325,0.03981652855873108,2.3439376,2.4678957
8519,2.1729996,0.107843146,0.8326897025108337,0.006570299621671438,4.219429,1.8148001
8520,2.238916,0.08794484,0.85,0.05,2.9014776,2.4376276
8521,2.255668,0.09334214,0.5897731184959412,0.04687381908297539,2.5111153,2.8768954
8522,2.2198067,0.13688573,0.7540283203125,0.02549656666815281,2.8175967,2.642783
8523,2.1364133,0.11409718,0.85,0.05,4.4389544,1.8149624
8524,2.1513467,0.1095316,0.7527534365653992,0.01811872236430645,4.5204043,1.8707504
8525,2.1753678,0.12859137,0.85,0.024060841649770737,3.986436,2.3593197
8526,2.2194376,0.109185316,0.85,0.05,3.1705568,2.128567
8527,2.148563,0.14302488,0.85,0.05,4.284145,1.7154952
8528,2.238422,0.10438757,0.8367130756378174,0.05,2.7157469,2.8826118
8529,2.1352732,0.11786585,0.85,0.040262192487716675,4.7261033,1.8547219
8530,2.161609,0.14647739,0.844997763633728,0.02872927114367485,4.1324267,2.1905215
8531,2.1854985,0.16354641,0.8264541029930115,0.02137216553092003,3.095656,2.6286676
8532,2.1410742,0.116272,0.85,0.05,4.866427,1.8167548
8533,2.1554968,0.12334874,0.85,0.05,4.500342,2.29748
8534,2.217815,0.09288659,0.8143721222877502,0.05,3.3574827,2.668885
8535,2.088632,0.114726976,0.85,0.023796726018190384,5.1063647,1.5090461
8536,2.2430797,0.12354343,0.8412874937057495,0.0415862612426281,2.5771418,2.6520875
8537,2.1830935,0.17182028,0.85,0.05,3.487678,2.4134274
8538,2.203977,0.12797432,0.8354486227035522,0.047033924609422684,3.8754795,2.3492842
8539,2.1990664,0.120073155,0.85,0.05,3.4640965,2.7981546
8540,2.2238739,0.12146863,0.8422335386276245,0.025488577783107758,3.170412,2.1624298
8541,2.1710186,0.075493395,0.85,0.05,4.0810947,1.8131741
8542,2.1779227,0.12725045,0.85,0.05,3.986898,1.8394259
8543,2.2487466,0.08466588,0.85,0.000949735171161592,3.0494802,2.5247064
8544,2.18218,0.1527419,0.85,0.009282534010708332,3.5932887,2.1519182
8545,2.1715612,0.1894366,0.85,0.05,3.7091796,2.1316314
8546,2.2093346,0.12818271,0.8298075199127197,0.005261936224997044,3.901565,1.778541
8547,2.1618116,0.08732888,0.85,0.05,4.5918746,2.7353683
8548,2.1964781,0.14767176,0.8335752487182617,0.05,3.6232061,2.3636296
8549,2.1979532,0.13316377,0.85,0.01096333283931017,3.3513715,2.4043827
8550,2.2561817,0.109911665,0.8413137197494507,0.04347239062190056,2.6673396,2.5619373
8551,2.1693778,0.13611421,0.8454470038414001,0.05,3.992637,1.7011998
8552,2.3290842,0.13266125,-0.013701866380870342,0.07416190207004547,2.0321727,2.7586274
8553,2.1547086,-0.07992122,0.8043279647827148,0.05,5.8448443,1.133517
8554,2.1199143,0.16908224,0.85,0.05,4.695436,2.0712254
8555,2.1600153,0.14946686,0.7585882544517517,0.05,4.4501734,2.320017
8556,2.1082366,0.09698935,0.7919013500213623,0.05,5.0809965,1.3900064
8557,2.067101,0.13255568,0.8394705653190613,0.037430744618177414,6.1716084,1.2306031
8558,2.1548617,0.2023655,0.85,0.05,3.6559994,2.1681845
8559,2.213321,0.14300388,0.85,0.05,3.1339428,2.2089438
8560,2.1155415,0.13737169,0.8312930464744568,0.019902022555470467,4.5841784,1.5420071
8561,2.169622,0.1493313,0.747032880783081,0.017525216564536095,3.8283255,1.6962295
8562,2.1719222,0.08329154,0.7360831499099731,0.057229816913604736,4.5321293,1.9702622
8563,2.089889,0.14429007,0.85,0.05,5.2312207,1.5443442
8564,2.141345,0.21670236,0.8279830813407898,0.02242862619459629,4.158879,2.2740092
8565,2.2255583,0.08419032,0.85,0.014507398009300232,3.5225759,2.3154285
8566,2.1892881,0.16092226,0.7767879366874695,0.05,3.2670834,1.9491836
8567,2.1731083,0.1079778,0.8111854791641235,0.04417375475168228,4.214412,2.231754
8568,2.21751,0.13732694,0.85,0.03969335928559303,3.1482842,2.7805157
8569,2.1074622,0.13760957,0.85,0.05,4.8303876,1.7037516
8570,2.0130625,0.15582322,0.8056195378303528,0.0686778649687767,7.211766,1.1493368
8571,2.1019363,0.15267463,0.85,0.05,5.0522475,1.8927166
8572,2.1558063,0.118540145,0.6684302091598511,0.05813245847821236,4.5142074,2.8131618
8573,2.1619306,0.15457119,0.85,0.05,4.0683846,2.634243
8574,2.2034156,0.115202256,0.8244168162345886,0.05,3.3779945,2.4276867
8575,2.2133658,0.16601886,0.85,0.05,3.0639215,2.2411814
8576,2.1997478,0.08763865,0.3895929157733917,0.05,3.578731,2.3055177
8577,2.1773598,0.12273091,0.8074842095375061,0.004104299005120993,3.9432418,1.9983534
8578,2.1835916,0.10293325,0.85,0.05,4.4494524,2.3365948
8579,2.2140784,0.15878764,0.85,0.05,3.2324054,2.31101
8580,2.1633136,0.13297167,0.85,0.037592750042676926,4.092156,2.0087142
8581,2.1453798,0.11580355,0.825316309928894,0.05,4.6608524,1.7774227
8582,2.155459,0.12668192,0.7979114651679993,0.05,3.9094226,1.7506671
8583,2.1490855,0.14552557,0.85,0.05,4.471227,2.060107
8584,2.182428,0.0942813,0.85,0.038620077073574066,4.471462,2.5352285
8585,2.2351246,0.101676725,0.85,0.014458083547651768,2.8806264,2.8294818
8586,2.2159662,0.05777036,0.85,0.05,4.1640253,2.2690473
8587,2.1839468,0.13586678,0.8303087949752808,0.05,3.642029,2.0382051
8588,2.1409552,0.118932575,0.85,0.01649152673780918,4.868582,1.844394
8589,2.2725544,0.08147061,0.8387508988380432,0.027478668838739395,2.6331794,2.6760726
8590,2.158082,0.10357207,0.85,0.05,4.291323,1.8460406
8591,2.1693304,0.14593387,0.85,0.05,4.120904,2.0784607
8592,2.095516,0.07754296,0.8351051211357117,0.026642506942152977,5.1274495,1.3916951
8593,2.2303014,0.13144925,0.6874973773956299,0.05,2.6686637,2.2687418
8594,2.1571116,0.13126387,0.85,0.05,4.221752,1.695136
8595,2.1907413,0.11771358,0.85,0.05,3.8737805,2.6137702
8596,2.1880167,0.16860405,0.6140875220298767,0.036691814661026,2.8478453,2.057258
8597,2.1509943,0.12159746,0.85,0.03629913181066513,4.406547,2.60701
8598,2.2180352,0.11517776,0.8140640258789062,0.025349948555231094,3.3586872,1.9867413
8599,2.2290566,0.13143249,0.82337486743927,0.015156597830355167,2.7417262,2.3616016
8600,2.239673,0.1250946,0.8337730169296265,0.01133339200168848,2.7919614,2.3922722
8601,2.1797054,0.13071892,0.85,0.013815870508551598,3.8486195,2.1705484
8602,2.1765618,0.12561117,0.7997572422027588,0.050586577504873276,3.5096653,2.419405
8603,2.1723068,0.114042826,0.85,0.009154942817986012,4.283238,2.0404105
8604,2.1676357,0.12841398,0.7998479008674622,0.04005296900868416,4.268826,2.0849762
8605,2.2246695,0.13646896,0.6173302531242371,0.037844181060791016,2.7195458,2.7700586
8606,2.200011,0.093796715,0.85,0.05,3.909107,2.0263102
8607,2.3120255,0.11624641,0.7247622013092041,0.03023179993033409,2.034318,2.638601
8608,2.1180155,0.12713477,0.85,0.05,4.918273,1.543616
8609,2.2690718,0.034331813,0.7827834486961365,0.02518213540315628,2.769528,2.6300807
8610,2.2098134,0.16499044,0.8249243497848511,0.03974435478448868,2.9436688,2.1351302
8611,2.251496,0.10273775,0.85,0.05,2.6584728,2.1824012
8612,2.1381028,0.10252045,0.85,0.05,4.6216707,1.5591484
8613,2.1726894,0.14458287,0.7057253122329712,0.05,3.996674,2.039542
8614,2.2464867,0.05436133,0.8413941860198975,0.018655506893992424,3.0322795,2.2632413
8615,2.2085323,0.02707837,0.85,0.05,3.6754534,1.9135841
8616,2.1473897,0.14133509,0.85,0.05,4.4442024,1.8511856
8617,2.1543624,0.13677548,0.85,0.022542865946888924,4.3371034,2.2910256
8618,2.1986873,0.06248252,0.85,0.016985854133963585,4.438316,2.4710348
8619,2.157071,0.10012803,0.85,0.004532462917268276,4.519934,1.6305807
8620,2.2239215,0.14628483,0.8338499665260315,0.06005960330367088,3.0105588,2.6729782
8621,2.120028,0.14072518,0.7972322702407837,0.05,4.795975,1.7527719
8622,2.1250637,0.09793765,0.85,0.05,5.0832515,1.6554753
8623,2.1925416,0.15504825,0.8049211502075195,0.01990382745862007,3.4750998,2.6541996
8624,2.3420262,0.06602238,0.6182724237442017,0.05,2.1340635,2.6046684
8625,2.1975935,0.12162046,0.85,0.05,3.8175676,1.9039162
8626,2.1464639,0.13133684,0.8034197092056274,0.01735820434987545,4.2347393,1.6755961
8627,2.092486,0.11040831,0.85,0.05,5.3558292,1.5014726
8628,2.1711295,0.12918901,0.6479976177215576,0.05,4.055138,2.1526814
8629,2.182368,0.09271011,0.8224216103553772,0.05,4.5160375,1.9229089
8630,2.2136376,0.05956523,0.85,0.006501572206616402,4.157118,1.9955099
8631,2.2247856,0.054278117,0.6699992418289185,0.020799545571208,3.9811046,1.805206
8632,2.1388626,0.118073136,0.85,0.035030268132686615,4.541168,1.7880343
8633,2.167605,0.04041356,0.85,0.05,4.5805984,1.6966829
8634,2.1527061,0.14593092,0.17151029407978058,0.07542283833026886,4.0420995,2.133912
8635,2.1228795,0.13702258,0.85,0.011075375601649284,4.8853865,1.5112087
8636,2.1771166,0.11863476,0.85,0.05,4.0169463,2.0594268
8637,2.206549,0.10692454,0.4951709806919098,0.022816523909568787,3.723778,2.2866113
8638,2.1691458,0.08747274,0.8158656358718872,0.030779674649238586,4.3705397,1.5817126
8639,2.2173424,0.14338288,0.85,0.016694214195013046,3.0706384,2.53511
8640,2.2670052,0.06457121,0.8403418660163879,0.04037817195057869,2.664384,1.8781068
8641,2.1483574,0.12066475,0.7830679416656494,0.041270963847637177,4.267874,2.0425262
8642,2.226472,0.051933825,0.85,0.05,3.9999797,2.2162979
8643,2.120172,0.2012763,0.85,0.05,4.000933,1.8674604
8644,2.2300704,0.13191211,0.8399322032928467,0.046335697174072266,2.909688,2.2435634
8645,2.1771853,0.1311098,0.85,0.05,3.818184,1.9267617
8646,2.0947723,0.13767013,0.7124964594841003,0.020703939720988274,5.278816,1.5366513
8647,2.163948,0.08959384,0.7007755637168884,0.03330091014504433,4.5230107,1.776448
8648,2.2300434,0.088176265,0.85,0.023299649357795715,3.5632882,2.3567731
8649,2.2356062,0.11130452,0.8089213371276855,0.05,2.8934383,2.2410784
8650,2.0518482,0.1606382,0.8073647022247314,0.053326986730098724,5.7775445,1.3921475
8651,2.2892833,0.12553656,0.6662061810493469,2.866076465579681e-05,2.0620792,2.2840264
8652,2.2516074,0.08201574,0.85,0.05,2.7959867,2.5223172
8653,2.2534761,0.093289696,0.85,0.028396092355251312,2.6975126,2.1688914
8654,2.140606,0.06652775,0.85,0.05,4.9686294,1.5619746
8655,2.1981583,0.08554841,0.5512848496437073,0.041148025542497635,4.1522183,2.0448182
8656,2.1800253,0.1201939,0.6470680236816406,0.05454462766647339,4.4412727,2.0496519
8657,2.1919208,0.10571724,0.85,0.05,3.7158937,2.2209945
8658,2.2368433,0.08233957,0.8380088210105896,0.02555360458791256,2.9853601,2.0665047
8659,2.199664,0.13499784,0.85,0.03201344609260559,3.4084628,2.844308
8660,2.220079,0.092500515,0.8045556545257568,0.0371706523001194,3.242248,2.8712513
8661,2.233921,0.08290086,0.8127948641777039,0.03445406258106232,2.8409197,2.7289722
8662,2.3031,0.0695082,0.7502861022949219,0.05,2.0720396,2.6551075
8663,2.1288302,0.046929494,0.85,0.05,5.4861355,1.4199176
8664,2.1622605,0.13010567,0.85,0.05,4.3073015,2.0669327
8665,2.2094207,0.08762033,0.85,0.05,3.7380424,2.0373251
8666,2.089552,0.09071428,0.85,0.029348399490118027,6.0058627,1.7197969
8667,2.2015173,0.087745495,0.26319950819015503,0.033025484532117844,3.8599284,2.2261562
8668,2.1880183,0.08419687,0.7248673439025879,0.004344147630035877,3.9163787,2.1218195
8669,2.215613,0.12532084,0.85,0.03002028353512287,3.0247154,2.5542343
8670,2.2645822,0.13241774,0.8164686560630798,0.04648739472031593,2.4417453,2.040393
8671,2.155658,0.17123455,0.6816839575767517,0.05,3.8208663,2.151469
8672,2.1838195,0.12433699,0.85,0.05,3.9539156,1.9788656
8673,2.1860263,0.100857444,0.85,0.03488975018262863,4.0974402,2.5355203
8674,2.185633,0.097083256,0.782701313495636,0.05,3.9661648,2.5327802
8675,2.1214566,0.15172689,0.7507992386817932,0.03139052540063858,4.1543236,1.7299547
8676,2.0517988,0.13515268,0.85,0.05,6.038904,1.3122267
8677,2.1326947,0.15393572,0.85,0.015226893126964569,4.6525393,2.517727
8678,2.15308,0.14941648,0.8293222784996033,0.024337906390428543,4.7628384,2.190534
8679,2.1210682,0.12041727,0.85,0.05,4.827318,1.5761032
8680,2.2328453,0.11939989,0.8413891792297363,0.026261230930685997,2.951109,2.612208
8681,2.1487367,0.11048349,0.85,0.030587228015065193,5.113905,1.9093134
8682,2.218384,0.1352655,0.85,0.03660960495471954,3.006551,2.0756593
8683,2.16238,0.10034138,0.85,0.022080672904849052,4.444408,2.2076144
8684,2.188038,0.10387367,0.85,0.01619802601635456,4.035316,2.134684
8685,2.2069154,0.072605886,0.8364782929420471,0.05,3.6203206,1.9952914
8686,2.2181263,0.09496699,0.8352307081222534,0.034832913428545,3.6689172,2.1838055
8687,2.2024965,0.08250469,0.85,0.05,3.9038916,2.012524
8688,2.1681197,0.09002062,0.85,0.05,4.7445946,1.8354702
8689,2.1994877,0.1355046,0.6621278524398804,0.05,2.8728285,2.5640285
8690,2.207331,0.13424249,0.85,0.05,3.2933254,2.2511172
8691,2.163513,0.11438397,0.841215968132019,0.05,4.154369,1.7656567
8692,2.203949,0.113626525,0.6563264727592468,0.026650216430425644,3.8998485,2.6775532
8693,2.2054367,0.12583858,0.8277297616004944,0.03623159974813461,3.1990612,2.7632673
8694,2.219646,0.13520546,0.8317834138870239,0.03176764398813248,3.0716166,1.9424332
8695,2.1863813,0.14797363,0.7806535363197327,0.010671979747712612,2.8996036,2.1542094
8696,2.2072582,0.064973116,0.8345046043395996,0.04230858385562897,3.9618285,2.3073876
8697,2.19443,0.14614785,0.8247383236885071,0.03889969736337662,3.726604,1.8482566
8698,2.2410948,0.054494143,0.85,0.05,3.3316307,2.123945
8699,2.1435585,0.09717071,0.85,0.05,4.5117555,1.7049992
8700,2.173813,0.12167815,0.8162079453468323,0.05,3.6274896,2.165606
8701,2.2114117,0.10711963,0.7992637753486633,0.041127223521471024,3.5429316,2.8743682
8702,2.1979806,0.085272186,0.85,0.05,3.833846,1.8458858
8703,2.225408,0.12846136,0.85,0.022699112072587013,2.9404082,2.240387
8704,2.2250915,0.10101109,0.85,0.025134997442364693,3.1521287,2.043634
8705,2.1906023,0.11532231,0.8269794583320618,0.05,4.073335,2.0958605
8706,2.198143,0.14702432,0.85,0.02858743630349636,3.3651493,2.2502036
8707,2.2022238,0.15818624,0.26294538378715515,0.04701345041394234,3.2544768,2.7602236
8708,2.1256351,0.16088428,0.85,0.05,4.6981316,2.0494843
8709,2.1764045,0.12327555,0.834205150604248,0.022445011883974075,4.0162215,1.8096951
8710,2.1555176,0.13603434,0.85,0.031793784350156784,4.49093,2.1773531
8711,2.1160579,0.1633627,0.85,0.011235715821385384,4.5434203,1.8611634
8712,2.174286,0.09668497,0.8333916664123535,0.0396353043615818,4.596857,2.0329094
8713,2.0886128,0.13053566,0.7437455058097839,0.05,4.698082,1.1723387
8714,2.1673212,0.12189862,0.85,0.05,4.2591033,1.8545436
8715,2.195255,0.10782761,0.7860459685325623,0.02185934968292713,4.1561875,2.1743157
8716,2.1203117,0.13689591,0.85,0.02446652017533779,5.171429,1.5556875
8717,2.141695,0.12468049,0.85,0.05,4.6879306,2.198582
8718,2.1633034,0.110837325,0.85,0.05,4.2426925,1.8664635
8719,2.148246,0.055970777,0.8361158967018127,0.022105369716882706,4.980296,1.5006675
8720,2.2195776,0.110806435,0.85,0.05,3.811706,2.7296548
8721,2.2239087,0.09057418,0.3451116383075714,0.05,3.6870644,2.0649765
8722,2.1627226,0.11708072,0.8394098877906799,0.011312446556985378,4.0817237,2.0395997
8723,2.1660962,0.13333759,0.85,0.05,4.3945966,2.1955495
8724,2.175519,0.11170817,0.731519877910614,0.024226494133472443,3.7661014,2.1942978
8725,2.1665227,0.14088482,0.8354318737983704,0.0382114052772522,4.3149896,2.1770086
8726,2.1673598,0.12107111,0.525689959526062,0.15578003227710724,4.8867903,2.334153
8727,2.1561146,0.10910056,0.85,0.05,3.9937387,2.3470626
8728,2.1711407,0.10525145,0.8290295600891113,0.05,3.60823,2.1148555
8729,2.178116,0.08237147,0.8295267224311829,0.01288041565567255,3.9760544,1.8214211
8730,2.1588397,0.14891268,0.85,0.05,4.353281,2.5336742
8731,2.1915963,0.13800406,0.85,0.05,3.5813768,2.117799
8732,2.1963298,0.15119018,0.832598865032196,0.03797717019915581,3.5143733,2.3002613
8733,2.2179554,0.12784804,0.7947590351104736,0.05,3.0450861,2.5909727
8734,2.3110485,0.086984426,0.6615355014801025,0.05470903962850571,2.3252892,2.7122219
8735,2.1324637,0.12389349,0.8118835091590881,0.013545112684369087,4.760265,1.824555
8736,2.168757,0.1176268,0.85,0.05,4.3441086,2.063085
8737,2.2228556,0.199631,0.85,0.022964566946029663,2.5214813,2.3756154
8738,2.2798283,0.10794698,0.85,0.03752319887280464,2.2928987,2.828643
8739,2.164762,0.1228371,0.6840795278549194,0.05,4.472383,1.7489377
8740,2.2165728,0.1245232,0.8210811018943787,0.036220576614141464,3.3588457,2.378648
8741,2.2007277,0.12498849,0.85,0.05,3.5842924,2.6255643
8742,2.255713,0.10788934,0.8405741453170776,0.042121291160583496,2.6580935,2.6071754
8743,2.222605,0.13404457,0.85,0.05,3.339128,2.574666
8744,2.1692955,0.07061975,0.85,0.05,4.4736156,1.7671703
8745,2.1627488,0.0882744,0.85,0.05,4.488854,1.7432921
8746,2.1677482,0.11442269,0.85,0.003278044518083334,4.0430045,1.8688991
8747,2.2133136,0.13303423,0.85,0.013458346016705036,3.3444338,2.110834
8748,2.1846967,0.10283688,0.3176628351211548,0.07127688080072403,4.0678544,2.5508275
8749,2.139977,0.16359095,0.85,0.05,4.211938,2.1481342
8750,2.1983447,0.08735558,0.6412699222564697,0.05,3.8314035,2.5339236
8751,2.3208973,0.098880894,0.85,0.05,2.3105795,2.9126666
8752,2.2136927,0.09649846,0.85,0.05,3.468552,2.7639933
8753,2.276111,0.122860484,0.7796770334243774,0.036779046058654785,2.0993092,2.6487758
8754,2.1746867,0.13284627,0.85,0.02456476166844368,4.376243,2.2602909
8755,2.192171,0.12446953,0.85,0.05,3.6393166,1.9901366
8756,2.184866,0.13114522,0.85,0.05,3.9334505,2.0443451
8757,2.2316718,0.109753035,0.8178051114082336,0.038085173815488815,2.8282578,2.3990476
8758,2.1590323,0.07274752,0.85,0.05,4.804398,1.7108768
8759,2.2348626,0.1381693,0.85,0.03401860594749451,2.6082187,2.8774862
8760,2.272927,0.15804344,0.6330467462539673,0.03778557479381561,2.0892062,2.6178095
8761,2.1784863,0.13500533,0.8220880031585693,0.05,3.9227536,1.933916
8762,2.1526332,0.113203436,0.8449653387069702,0.05,4.665195,1.8446016
8763,2.1646545,0.12690914,0.8407928347587585,0.004923524335026741,4.041691,1.8703502
8764,2.221804,0.1062734,0.85,0.05,2.7638063,2.394836
8765,2.133855,0.13610299,0.85,0.05,4.757383,1.9550635
8766,2.182931,0.13079348,0.7955284714698792,0.05,3.9404488,2.07111
8767,2.1865773,0.1135022,0.7574475407600403,0.03516821190714836,3.5035145,2.2632718
8768,2.2144396,0.12793757,0.8290661573410034,0.01065742690116167,3.4036438,2.1446326
8769,2.1079118,0.13466632,0.85,0.02423928491771221,5.04986,1.5924872
8770,2.1107771,0.14817989,0.85,0.017784936353564262,5.0233083,1.8850442
8771,2.1735644,0.09244939,0.85,0.005590548273175955,4.460702,1.8707798
8772,2.168794,0.11331236,0.8159841895103455,0.05,4.1342716,2.2052262
8773,2.3032897,0.12282166,0.7073442935943604,0.09793340414762497,2.665055,2.715419
8774,2.1639047,0.12685493,0.85,0.05,4.0277233,2.1193526
8775,2.2532663,0.11315285,0.8347335457801819,0.03258567303419113,2.5244274,2.5009482
8776,2.165322,0.12247828,0.85,0.05,3.9479985,2.0352716
8777,2.205358,0.13549449,0.85,0.05,3.1310904,2.4818783
8778,2.1442933,0.07789149,0.8019041419029236,0.05,4.7893977,1.4889958
8779,2.2637665,0.12290402,0.85,0.010639580897986889,2.2917087,2.2010534
8780,2.2447474,0.13271911,0.8084681034088135,0.05,2.5007968,2.2632024
8781,2.2273207,0.107379414,0.6493399143218994,0.05,3.2855554,2.213348
8782,2.272414,0.11672395,0.10062703490257263,0.05530624836683273,2.5925689,2.5943522
8783,2.1950524,0.14575051,0.8341167569160461,0.023965319618582726,3.3593366,2.8405788
8784,2.1887784,0.09147994,0.6530870795249939,0.05,4.044881,1.9340904
8785,2.1496835,0.13135637,0.85,0.011989499442279339,4.584797,2.104956
8786,2.1930015,0.08485399,0.85,0.05,3.825761,2.1081736
8787,2.3357856,0.13339384,0.8473524451255798,0.0932467058300972,2.3327727,2.6343834
8788,2.181642,0.09085623,0.8223750591278076,0.012874230742454529,4.1432767,2.1833813
8789,2.2185104,0.20709504,0.8316599130630493,0.05801922827959061,3.1493356,2.4259713
8790,2.0953612,0.11210692,0.85,0.05,5.3375187,1.4584181
8791,2.1713502,0.14937542,0.7733257412910461,0.05,3.8905647,2.5700963
8792,2.113973,0.08879927,0.7092106342315674,0.038651760667562485,4.9641557,1.4036897
8793,2.1029916,0.1400307,0.85,0.05,5.062614,1.4502902
8794,2.2454417,0.17446743,0.8381143808364868,0.02233247458934784,2.4251893,2.782546
8795,2.1780157,0.10789094,0.6401199698448181,0.03621114417910576,3.7583213,2.4024606
8796,2.2575045,0.10354752,0.85,0.009141764603555202,2.7328033,2.4468565
8797,2.1491704,0.16604896,0.5605135560035706,0.05,4.380296,2.0456116
8798,2.1474435,0.19202967,0.8379140496253967,0.05,4.1485643,2.1471715
8799,2.2171202,0.11254166,0.85,0.05,3.3740084,2.3081958
8800,2.183131,0.07588638,0.85,0.03225903585553169,4.415058,2.2129576
8801,2.180272,0.0709236,0.85,0.01620206981897354,4.091281,1.6980549
8802,2.2529922,0.15201408,0.6835692524909973,0.054678816348314285,2.2833648,2.688937
8803,2.2262757,0.09662942,0.8084126114845276,0.008677744306623936,3.582008,2.1086674
8804,2.1850913,0.21037427,0.8140136003494263,0.05,2.884936,2.6339464
8805,2.251083,0.17287119,0.8008595108985901,0.02852846495807171,2.5073662,2.708998
8806,2.2271597,0.12887979,0.85,0.05,2.8867095,2.148942
8807,2.046748,0.16305871,0.8333924412727356,0.03563021123409271,6.7102046,1.2755969
8808,2.276321,0.13957962,0.8293631672859192,0.043736476451158524,2.0692098,2.2031178
8809,2.2119222,0.10467871,0.6460747718811035,0.05,3.2575912,2.3056266
8810,2.2338016,0.15809435,0.7526770830154419,0.040682487189769745,3.13149,2.2868762
8811,2.142781,0.1034275,0.85,0.05,4.446078,1.6322186
8812,2.2076986,0.10609729,0.841326892375946,0.039398662745952606,3.5072296,2.4613245
8813,2.156873,0.13720766,0.772367537021637,0.029803084209561348,4.417498,2.0282419
8814,2.2190092,0.11814021,0.85,0.05,3.2154973,2.1860561
8815,2.1304355,0.16609807,0.7646147608757019,0.03167077526450157,4.649604,2.1395743
8816,2.1746445,0.12943201,0.8407639265060425,0.024306753650307655,3.8293602,2.3408668
8817,2.1186938,0.13460886,0.8101028800010681,0.05,4.3809667,1.4794368
8818,2.1492634,0.1265895,0.6909854412078857,0.05,4.041279,1.6929584
8819,2.1173296,0.103137985,0.85,0.05,5.2252088,1.5393075
8820,2.2113996,0.1165645,0.8331043124198914,0.0338914580643177,3.5312223,2.7194383
8821,2.1956477,0.15106371,0.8319207429885864,0.05,3.5032916,2.0112665
8822,2.2821944,0.08425677,0.85,0.05161716789007187,2.6520193,2.7656107
8823,2.1241884,0.09009314,0.8100716471672058,0.05,5.0679545,1.3951418
8824,2.1750832,0.15376091,0.8226568102836609,0.04140745848417282,3.5369606,2.222819
8825,2.210644,0.11620835,0.8376558423042297,0.05,3.6573074,2.381222
8826,2.1775334,0.10532511,0.85,0.010958529077470303,3.9882734,2.205869
8827,2.21139,0.10103461,0.8469858765602112,0.022418798878788948,3.7276776,2.0945687
8828,2.1920915,0.1096435,0.7396387457847595,0.05,3.387835,2.107266
8829,2.2491696,0.13964427,0.8467620015144348,0.0503673329949379,2.5200253,2.697453
8830,2.1357644,0.14962994,0.85,0.05,4.4410353,1.7715465
8831,2.258912,0.15792525,0.6875712871551514,0.05,2.317871,2.3771734
8832,2.2102175,0.12834847,0.85,0.018729310482740402,3.2793493,1.9882934
8833,2.2716234,0.11461258,0.8490910530090332,0.034569140523672104,2.4209816,2.5669274
8834,2.2187297,0.08657839,0.8246495127677917,0.030416572466492653,3.558911,2.1877651
8835,2.1110804,0.14856069,0.85,0.05,5.198878,1.5474553
8836,2.1936345,0.15594995,0.8016157150268555,0.011914708651602268,3.2124984,2.2795866
8837,2.166151,0.13303778,0.85,0.03616071864962578,3.7907004,2.828356
8838,2.1095362,0.17752016,0.85,0.05,4.7168417,1.6653652
8839,2.2230077,0.12636527,0.85,0.05,3.2111237,2.6518953
8840,2.1728663,0.09285134,0.85,0.05,4.11227,2.1518202
8841,2.2277102,0.094619386,0.85,0.03223869204521179,3.3153675,2.2618554
8842,2.1928573,0.09930078,0.7582904696464539,0.0418584942817688,3.3517656,2.5388002
8843,2.2072523,0.10445613,0.6807375550270081,0.031509555876255035,3.372371,2.3086526
8844,2.2482378,0.1405141,0.8346027135848999,0.05,2.667571,2.6390276
8845,2.2525113,0.12851313,0.6960193514823914,0.05,2.5092869,2.464112
8846,2.2333338,0.1297242,0.8365803956985474,0.030502330511808395,2.60042,2.768083
8847,2.1996384,0.15659793,0.811109185218811,0.06477297842502594,3.1543643,2.4987729
8848,2.1477518,0.16644737,0.85,0.0316004678606987,4.4485154,2.5715265
8849,2.1841853,0.07143281,0.82564377784729,0.01875605434179306,3.9966886,2.2619536
8850,2.2738516,0.12337013,0.7572622895240784,0.06003722921013832,2.5783656,2.5891674
8851,2.2110465,0.12361083,0.8225002884864807,0.023973295465111732,3.2049332,2.8071342
8852,2.1584876,0.13045892,0.85,0.05,4.071101,1.7986484
8853,2.1592767,0.12943581,0.85,0.05,3.7670796,2.0652385
8854,2.1534014,0.12554677,0.7663264870643616,0.04343118891119957,4.3767667,2.2800925
8855,2.1812456,0.0910284,0.8232114315032959,0.04541251063346863,4.122373,2.188269
8856,2.2724738,0.11549878,0.6517841815948486,0.043080199509859085,2.0575328,2.7628095
8857,2.244281,0.040176835,0.8424950242042542,0.02666790597140789,3.3395648,2.232926
8858,2.1929731,0.0897332,0.85,0.02870146930217743,3.8139033,2.2947412
8859,2.1127152,0.1280164,0.4336945414543152,0.02644076943397522,4.739736,1.5790639
8860,2.2487974,0.1497764,0.85,0.030278945341706276,2.563516,2.5353804
8861,2.1560256,0.14039703,0.8086466193199158,0.05,4.403932,1.8432164
8862,2.2354367,0.11834889,0.4802613854408264,0.010997951030731201,3.0677109,1.9144205
8863,2.1874604,0.1195282,0.85,0.05,3.8457632,2.2704556
8864,2.265367,0.1178784,0.749622106552124,0.045469433069229126,2.4877791,2.6151764
8865,2.1928332,0.1250592,0.85,0.05,3.6990495,2.0430236
8866,2.2303858,0.11305086,0.6682450175285339,0.05,3.0107985,2.7505012
8867,2.1842823,0.077936225,0.85,0.05,4.652477,2.20763
8868,2.200014,0.13121675,0.85,0.05,3.2831314,2.3677628
8869,2.184899,0.13103637,0.85,0.05,3.5840929,1.8991885
8870,2.2405307,0.10242038,0.831250786781311,0.01696709915995598,2.8458493,2.6044552
8871,2.194867,0.13104455,0.85,0.018534496426582336,3.8840616,2.0073674
8872,2.191741,0.14165346,0.7002056837081909,0.015707720071077347,3.6292799,1.8628856
8873,2.187476,0.08997003,0.8009111881256104,0.05,4.4170017,2.5354798
8874,2.2057867,0.14367801,0.85,0.05,3.2873876,2.7251422
8875,2.1574025,0.090575375,0.85,0.02442975528538227,4.5162473,1.8613877
8876,2.2202632,0.12307456,0.85,0.05,3.529717,2.1311693
8877,2.1901383,0.11291755,0.85,0.013671644032001495,3.560539,2.3138938
8878,2.1773,0.1557381,0.8226562142372131,0.05,3.9771025,1.8628454
8879,2.1847436,0.096015684,0.85,0.05,3.9370627,1.8140643
8880,2.2786522,0.086969465,0.85,0.039319392293691635,2.4063725,2.6522095
8881,2.1958833,0.181483,0.835482656955719,0.050472844392061234,3.0318704,2.7218945
8882,2.2185757,0.076904476,0.85,0.05,3.250405,1.9913987
8883,2.1224482,0.14755495,0.85,0.05,4.866745,1.9393487
8884,2.1175902,0.106973656,0.85,0.05,5.2137117,1.5785825
8885,2.1781874,0.12114556,0.85,0.05,4.0529213,2.724535
8886,2.198275,0.088869736,0.8293606042861938,0.04366293177008629,4.311897,2.1092308
8887,2.2950766,0.111986354,0.6725358963012695,0.023367460817098618,2.305845,2.3982575
8888,2.0768878,0.10631345,0.8248857855796814,0.04501620680093765,6.0665126,1.3109338
8889,2.2051914,0.0974852,0.85,0.019728954881429672,4.0702777,2.2423415
8890,2.1312885,0.11098796,0.8210480809211731,0.05,4.316661,1.5181593
8891,2.2266414,0.10951049,0.85,0.05,3.2359724,2.609891
8892,2.2163951,0.18114644,0.8265044093132019,0.05,3.0250275,2.4796524
8893,2.2228887,0.014616473,0.5715512633323669,0.05,3.9110625,1.8009135
8894,2.188029,0.14275533,0.85,0.00280620064586401,3.334425,2.6261945
8895,2.2655458,0.13261166,0.7602698802947998,0.05230601876974106,2.479089,2.5432515
8896,2.1332357,0.15426983,0.85,0.05,4.5142093,2.0308435
8897,2.2151992,0.05602686,0.85,0.05,3.9581597,2.139992
8898,2.2557476,0.1442747,0.8303251266479492,0.0368456169962883,2.593408,2.4146395
8899,2.2467356,0.106014065,0.85,0.031800758093595505,3.1479716,2.8257885
8900,2.1367393,0.12123529,0.8412207961082458,0.0188993439078331,4.388017,1.860333
8901,2.1825671,0.14346488,0.85,0.015537429600954056,3.458831,2.6245837
8902,2.165924,0.1456307,0.7899559736251831,0.030033914372324944,4.552827,1.8627969
8903,2.110821,0.10349471,0.85,0.05,5.4599576,1.5609103
8904,2.1897197,0.0907065,0.85,0.020800963044166565,3.9193935,1.9073752
8905,2.166548,0.13772725,0.8293355107307434,0.0476965457201004,3.952754,2.5453048
8906,2.2547514,0.11779562,0.8331986665725708,0.05150555446743965,2.6487236,2.6146035
8907,2.174088,0.1613524,0.85,0.05,3.7795155,2.1738913
8908,2.2418687,0.07743819,0.85,0.05,2.9644804,2.2328637
8909,2.1773922,0.11394688,0.8475828766822815,0.02305818349123001,3.825641,2.621628
8910,2.14937,0.12208845,0.85,0.009426302276551723,4.642575,1.8387789
8911,2.195164,0.09791151,0.8201908469200134,0.03161601349711418,3.6705227,2.1047962
8912,2.282199,0.14150378,0.843619167804718,0.030448785051703453,2.143481,2.6012194
8913,2.171892,0.12894213,0.85,0.011347178369760513,3.9650078,1.7584822
8914,2.1538706,0.058269076,0.85,0.05,4.760594,1.9009141
8915,2.2371724,0.11297626,0.4382072389125824,0.03831181675195694,2.8859997,2.763461
8916,2.1642969,0.15553412,0.85,0.04226885363459587,4.167716,2.4283133
8917,2.2372818,0.108872354,0.8459347486495972,0.05,3.0867515,2.1131153
8918,2.154347,0.1057865,0.8067343235015869,0.05,4.687216,1.7447778
8919,2.1864672,0.14716145,0.6426777839660645,0.051182471215724945,3.497636,2.2925487
8920,2.2925844,0.11448081,0.7428281307220459,0.045729294419288635,2.4151034,2.367313
8921,2.231564,0.13452014,0.85,0.019895222038030624,3.0313764,2.3098729
8922,2.2065187,0.16663021,0.8216387033462524,0.05,2.8161774,2.5297058
8923,2.18054,0.15652229,0.8261898159980774,0.033849526196718216,3.8165226,2.7803724
8924,2.194983,0.16236134,0.85,0.03425811231136322,3.5142019,2.796155
8925,2.2347503,0.106080875,0.4221072196960449,0.05,2.8469486,2.3944848
8926,2.2585847,0.06691766,0.85,0.05,2.6018918,2.4515295
8927,2.3074608,0.10955731,0.6790674924850464,0.040702447295188904,2.3966594,2.494464
8928,2.3091335,0.07739913,0.85,0.02488439716398716,2.1062136,2.6525776
8929,2.1695554,0.15611778,0.85,0.05,3.277575,2.128864
8930,2.224583,0.11923968,0.85,0.019775083288550377,3.1505613,2.5878503
8931,2.175266,0.18878186,0.85,0.05,3.411029,2.1203625
8932,2.140871,0.09490096,0.85,0.05,4.7179704,1.5974923
8933,2.2199175,0.078868136,0.85,0.03749876096844673,3.2565196,2.3547335
8934,2.2250066,0.100454606,0.8444956541061401,0.008436321280896664,2.786019,2.2626405
8935,2.2516215,0.10694626,0.85,0.0260176882147789,2.7370877,2.7694852
8936,2.240841,0.11605517,0.85,0.03940257430076599,3.1338131,2.738133
8937,2.17611,0.11472776,0.85,0.05,4.134833,1.9271626
8938,2.1524997,0.0651524,0.85,0.05,4.7835226,1.602298
8939,2.1834972,0.1532585,0.7072772979736328,0.01866517961025238,3.450984,2.673128
8940,2.1858673,0.1047284,0.8434683084487915,0.0403144471347332,4.209983,2.396476
8941,2.1514964,0.12334466,0.85,0.05,4.2005215,1.8361609
8942,2.1935818,0.122555695,0.85,0.05,3.3176594,2.0981376
8943,2.2787251,0.121498324,0.7543420195579529,0.022627772763371468,2.54821,2.5004692
8944,2.1515934,0.16013747,0.85,0.05,4.41886,2.3163927
8945,2.1749885,0.17624019,0.49798643589019775,0.013292007148265839,3.1614387,2.597348
8946,2.242693,0.11935079,0.7908717393875122,0.03574211150407791,2.5862284,2.6154075
8947,2.2592676,-0.018794302,0.85,0.05,3.8791387,1.8475631
8948,2.173362,0.17115629,0.85,0.05,3.3379483,2.5681007
8949,2.250121,0.16783093,0.7993971109390259,0.020228086039423943,2.460684,2.580994
8950,2.1376781,0.08849939,0.5840805172920227,0.03450778126716614,4.6400614,1.651637
8951,2.2089841,0.066081524,0.8074269890785217,0.009792388416826725,3.8107734,2.1047013
8952,2.2229464,0.17133233,0.85,0.02569383755326271,2.548689,2.6674528
8953,2.2059982,0.1412383,0.85,0.020329728722572327,3.391677,2.5828986
8954,2.0958736,0.14676398,0.85,0.05,4.9989543,1.4521991
8955,2.2424138,0.14955689,0.8448203206062317,0.028713222593069077,2.8844314,2.2348516
8956,2.1664245,0.13114363,0.85,0.029885634779930115,4.248723,2.0566957
8957,2.1315434,0.13507648,0.85,0.026526356115937233,5.2089276,2.041654
8958,2.174642,0.15003335,0.44886907935142517,0.028789903968572617,3.6906476,2.2510984
8959,2.2307563,0.15106285,0.85,0.05,2.8539402,2.0683324
8960,2.1995492,0.09399088,0.8219779133796692,0.05,4.1086445,1.9227271
8961,2.1539917,0.13194637,0.8454344868659973,0.040787458419799805,4.5773287,2.5816712
8962,2.274633,0.10282314,0.7987362742424011,0.0003573873545974493,2.263442,2.6554787
8963,2.2070405,0.11395369,0.8311915993690491,0.042226146906614304,3.3805537,2.378829
8964,2.2002397,0.08893725,0.5427464246749878,0.05,3.741198,2.1333103
8965,2.2463605,0.11591479,0.85,0.05,2.3486667,2.601939
8966,2.1913033,0.14719906,0.8114407658576965,0.007292257156223059,2.9484081,2.3151767
8967,2.1686325,0.11690178,0.8344973921775818,0.016761889681220055,3.879031,2.268782
8968,2.1242492,0.14637324,0.85,0.008792228065431118,4.832765,1.815573
8969,2.1445346,0.13339663,0.45107030868530273,0.0671115294098854,3.9820604,2.7240262
8970,2.1268833,0.092286274,0.85,0.018634747713804245,4.7520256,1.6372334
8971,2.1396933,0.24244326,0.8258452415466309,0.05,4.0312414,2.5488837
8972,2.1874547,0.16324702,0.85,0.05,2.9251463,2.2470384
8973,2.235452,0.13237472,0.85,0.02622811682522297,2.8411033,2.7590334
8974,2.1648357,0.121523805,0.85,0.05,4.0932703,2.8265946
8975,2.1750593,0.12298184,0.85,0.05,3.5630898,1.8999152
8976,2.2176905,0.13689628,0.8398663401603699,0.05,3.0544252,2.3524394
8977,2.1917317,0.12753692,0.85,0.05,3.477339,2.5682092
8978,2.327287,0.15338594,0.7854000329971313,0.045484308153390884,2.037043,2.7161093
8979,2.2165468,0.14048594,0.8102784752845764,0.023640058934688568,3.345932,2.5088568
8980,2.1374722,0.16758218,0.7920479774475098,0.05,3.5626807,2.0393107
8981,2.0998504,0.18462683,0.85,0.05,4.9530997,1.5758637
8982,2.207727,0.14078055,0.85,0.05,3.4063587,2.1900322
8983,2.185333,0.09895618,0.8262757062911987,0.03185686469078064,4.3155284,2.0001357
8984,2.1796417,0.13926159,0.8479178547859192,0.03847013786435127,3.6845818,2.8138964
8985,2.2191255,0.14427921,0.8275599479675293,0.06120053306221962,3.0884027,2.83176
8986,2.144988,0.10743696,0.8036985993385315,0.05700648948550224,4.7017746,1.9334382
8987,2.1545956,0.06105346,0.7252475619316101,0.004280187655240297,4.606805,1.7838427
8988,2.19127,0.12302457,0.758819580078125,0.03463277965784073,4.0408397,2.6304445
8989,2.2183125,0.06140514,0.8437845706939697,0.006968677509576082,3.375889,2.3022156
8990,2.1954331,0.12484909,0.6723284721374512,0.003180533181875944,3.7298956,2.28196
8991,2.191285,0.0781855,0.8050670623779297,0.05,3.948307,1.8327249
8992,2.1749923,0.0846691,0.691343367099762,0.05,4.343964,1.5968848
8993,2.213256,0.11347496,0.827325701713562,0.05,3.471605,2.2709296
8994,2.2338653,0.12615189,0.8145630955696106,0.05,3.1882844,2.8159986
8995,2.1603112,0.12610422,0.8082209229469299,0.05551470071077347,3.9979053,2.546987
8996,2.0239804,0.084610246,0.6605104207992554,0.11840735375881195,8.749273,1.4460901
8997,2.2326446,0.095548585,0.85,0.05,3.2595425,2.2242913
8998,2.1862676,0.087795645,0.820235550403595,0.04564014449715614,3.958752,2.2698593
8999,2.1996298,0.11514234,0.8325134515762329,0.05,3.8509176,2.1452293
9000,2.1939588,0.14064512,0.8227081894874573,0.05,3.999292,2.051753
9001,2.1905024,0.11987887,0.8382322192192078,0.05,3.7674017,1.9943155
9002,2.218666,0.14575371,0.85,0.027199584990739822,3.0150394,2.3903902
9003,2.2005005,0.11400267,0.6265487670898438,0.02126581408083439,3.3979502,2.287974
9004,2.2207272,0.1411391,0.8420432806015015,0.04046643525362015,3.1671703,2.4209678
9005,2.1302648,0.15378068,0.8225887417793274,0.026520026847720146,4.267775,1.7606645
9006,2.1604028,0.12373265,0.8096146583557129,0.05,4.6756372,2.2821286
9007,2.1257305,0.13425133,0.85,0.0020040052477270365,4.76065,1.7948903
9008,2.183934,0.07744878,0.7953357100486755,0.05,4.4731402,1.9616483
9009,2.229605,0.1240067,0.6956638097763062,0.02087230421602726,3.1226454,2.5031238
9010,2.220781,0.14854632,0.8338526487350464,0.052339792251586914,3.272129,2.8504963
9011,2.3177872,0.08435482,0.6846861243247986,0.03160151094198227,2.3598726,2.3216374
9012,2.2195537,0.09895564,0.85,0.05,3.818112,2.106257
9013,2.2069523,0.11693359,0.85,0.034687284380197525,3.3572054,2.354075
9014,2.1826434,0.018020948,0.8391692042350769,0.05,4.170147,1.6583503
9015,2.0984201,0.096597254,0.85,0.007215683814138174,6.027259,1.4117109
9016,2.1560507,0.10098716,0.85,0.007331219967454672,4.6935453,1.9793783
9017,2.1951528,0.17361951,0.85,0.05,3.7168002,2.4232697
9018,2.2076008,0.055924423,0.7937393188476562,0.022633405402302742,3.922552,2.741185
9019,2.2483916,0.14223202,0.8200682401657104,0.01743295229971409,2.5042334,2.323183
9020,2.2077143,0.06866805,0.7648417949676514,0.05,4.457231,2.1269252
9021,2.1122978,0.10610235,0.85,0.05,5.382197,1.6358397
9022,2.1418426,0.081920795,0.85,0.05,4.736302,1.6315478
9023,2.1392772,0.09101167,0.85,0.05,5.00338,1.6489917
9024,2.2174764,0.10777149,0.8343179225921631,0.02772442251443863,3.209944,2.102791
9025,2.2163553,0.1132935,0.8496320247650146,0.028291823342442513,3.287492,2.1878116
9026,2.1434262,0.10390426,0.85,0.05,4.818486,1.8244112
9027,2.12575,0.12575579,0.85,0.04143088310956955,4.781399,2.1152465
9028,2.1678436,0.14787927,0.5120952129364014,0.06503215432167053,3.5963528,2.6494486
9029,2.237322,0.14478688,0.85,0.05,3.0156999,2.5333776
9030,2.1596487,0.07721385,0.8449985384941101,0.039497435092926025,4.607383,2.5029807
9031,2.156467,0.088881224,0.8460878133773804,0.02187778241932392,4.964434,1.6180739
9032,2.2154713,0.041307844,0.8301331400871277,0.007022257894277573,3.8622582,2.0531116
9033,2.118046,0.13006714,0.8229677677154541,0.05,4.961125,1.5931692
9034,2.1744642,0.1523844,0.85,0.05,3.6070871,2.1774192
9035,2.1791224,0.13073006,0.85,0.05,4.1627436,2.1456704
9036,2.1714568,0.1069142,0.5993977189064026,0.00973456259816885,3.9857953,1.8375052
9037,2.1930282,0.13209994,0.85,0.05,3.6836774,2.1925783
9038,2.3090463,0.080334924,0.6261061429977417,0.06062799319624901,2.4611661,2.6332164
9039,2.2569065,0.10924639,0.830638587474823,0.02278374508023262,2.8900228,2.352161
9040,2.1322937,0.09071705,0.85,0.05,4.8195834,1.6125922
9041,2.1594012,0.16484527,0.8480973839759827,0.007593201473355293,3.800956,2.1601408
9042,2.2268007,0.12324897,0.8286241292953491,0.05,3.3693893,2.6873944
9043,2.2272913,0.11912192,0.8368450999259949,0.014626878313720226,3.2042668,2.6185713
9044,2.125716,0.10559796,0.10822591185569763,0.17827458679676056,5.600012,2.1493912
9045,2.1636422,0.16024108,0.85,0.05,4.279042,2.5438554
9046,2.336954,0.08504449,0.808845043182373,0.05,2.1436143,2.6406074
9047,2.1503637,0.17517626,0.7967109680175781,0.05800791457295418,4.1477704,2.2000754
9048,2.1957278,0.119579874,0.85,0.05,3.410224,2.7594378
9049,2.0659444,0.14402136,0.85,0.05,5.6088953,1.1972673
9050,2.152378,0.10309734,0.85,0.05,4.6629457,1.6916696
9051,2.1803803,0.13561215,0.8427027463912964,0.03394274041056633,3.5521734,2.209439
9052,2.0619342,0.1313016,0.85,0.023983824998140335,6.250806,1.3134142
9053,2.1921604,0.06632648,0.8123964071273804,0.010517187416553497,3.6198118,1.8920962
9054,2.1692722,0.08879066,0.5152533054351807,0.003380795707926154,3.8555138,1.9755702
9055,2.0643513,0.11885466,0.85,0.02054586075246334,6.2805305,1.3663803
9056,2.2510803,0.11537716,0.85,0.05,2.5630248,2.5668387
9057,2.1145146,0.16104297,0.85,0.05,4.911686,1.7308555
9058,2.1894917,0.120752156,0.85,0.015452989377081394,3.9903138,1.8826506
9059,2.2059116,0.11998804,0.8285875916481018,0.021982766687870026,3.8426068,1.9704083
9060,2.194067,0.1441816,0.8330899477005005,0.031087927520275116,3.3925362,2.066265
9061,2.2773266,0.10183218,0.85,0.018153369426727295,2.451618,2.7711625
9062,2.209601,0.11677638,0.8255417943000793,0.023711470887064934,3.8327427,1.9099594
9063,2.225338,0.1409727,0.5774638056755066,0.05639917403459549,2.5862994,2.6356957
9064,2.1342082,0.13273622,0.8256233930587769,0.02005944214761257,4.232624,1.6714226
9065,2.1036673,0.09580036,0.85,0.03802108019590378,5.4356914,1.6821283
9066,2.1868062,0.13039848,0.7714487314224243,0.02712472341954708,3.768277,2.2743833
9067,2.1826396,0.09604076,0.76028972864151,0.03800752013921738,3.7831087,2.1068718
9068,2.0774856,0.11412199,0.85,0.05,5.8666153,1.2971328
9069,2.1577158,0.14511175,0.85,0.011033406481146812,4.3993897,1.9878384
9070,2.1892154,0.11634016,0.830586850643158,0.05,4.056269,2.1415792
9071,2.1613576,0.11621778,0.85,0.05,4.6214437,1.9414765
9072,2.238814,0.12174715,0.85,0.029874682426452637,3.2241113,2.5061593
9073,2.136056,0.12224245,0.8210672736167908,0.05,4.015549,1.856414
9074,2.1326785,0.08330073,0.85,0.0246062520891428,4.798641,1.9566691
9075,2.2240121,0.08946738,0.85,0.0314103402197361,3.3695858,2.600073
9076,2.1821625,0.11536853,0.85,0.05,3.6590118,2.0975893
9077,2.2423446,0.14645952,0.8110129833221436,0.04143311455845833,3.0521367,2.7562504
9078,2.2673225,0.13391668,0.47878843545913696,0.08285199105739594,2.3972404,2.5611176
9079,2.1937604,0.10150415,0.4473448693752289,0.05862085893750191,3.9830077,2.3048415
9080,2.25029,0.050519396,0.8176496028900146,0.05,3.327975,2.5960507
9081,2.2081633,0.06415717,0.85,0.008830361068248749,3.7082653,2.132862
9082,2.2095077,0.08139686,0.85,0.05,3.9326952,2.1461213
9083,2.2189085,0.09913034,0.85,0.02560402825474739,3.573297,2.3203614
9084,2.1532266,0.1252808,0.8168722987174988,0.005300448276102543,4.2236266,1.8508024
9085,2.1015015,0.23294184,0.85,0.013712117448449135,4.1665826,2.0063128
9086,2.1788974,0.16024429,0.8340693712234497,0.02259618230164051,3.6583152,1.8097383
9087,2.2346704,0.1043275,0.85,0.029674949124455452,2.9147055,2.2832634
9088,2.1915417,0.12842649,0.85,0.009678677655756474,3.5304174,2.6198907
9089,2.1737094,0.1162696,0.85,0.021332480013370514,3.790093,2.2835643
9090,2.2608228,0.04329793,0.829391360282898,0.04808061942458153,2.8247423,2.6805828
9091,2.1657867,0.14421324,0.85,0.05,4.3499002,2.072445
9092,2.2248092,0.14013281,0.6602869629859924,0.018209068104624748,2.867213,2.4791124
9093,2.117345,0.15163408,0.837715208530426,0.037919458001852036,4.723953,2.2044868
9094,2.2289283,0.10735805,0.85,0.040468811988830566,3.124047,2.6774976
9095,2.1264422,0.1361423,0.85,0.05,5.0058155,1.6194307
9096,2.270314,0.119826935,0.6215185523033142,0.04726874455809593,2.6126173,2.3537931
9097,2.2161968,0.094724976,0.85,0.040775448083877563,3.4531343,2.4308689
9098,2.2073016,0.16462986,0.85,0.029666488990187645,3.116773,2.7681718
9099,2.1751983,0.08229083,0.85,0.05,3.8115642,2.4454172
9100,2.1982849,0.13343875,0.848235547542572,0.05,3.0434775,1.9922314
9101,2.175724,0.11552661,0.8171426653862,0.02587440051138401,4.344246,2.247642
9102,2.186518,0.16004679,0.8097020983695984,0.03332611918449402,3.4865723,2.6379657
9103,2.2665234,0.08957527,0.8292005658149719,0.0633506327867508,2.4385128,2.9100738
9104,2.2419832,0.09641627,0.47947391867637634,0.051988858729600906,3.2108483,2.6914656
9105,2.1513934,0.16192684,0.7857978343963623,0.03420054167509079,4.3804345,2.068504
9106,2.170311,0.082810506,0.4112754762172699,0.011787991039454937,4.0428376,2.0401154
9107,2.314209,0.14048712,0.08502518385648727,0.2647959589958191,2.5928752,2.9209406
9108,2.1897736,0.09166662,0.8308396935462952,0.05,3.597455,1.822587
9109,2.2010133,0.09719941,0.7884159088134766,0.05,3.5864027,2.1435244
9110,2.1562316,0.09734324,0.85,0.05,4.2092776,1.9631647
9111,2.114425,0.09232888,0.7798638343811035,0.014606233686208725,5.3203344,1.5214165
9112,2.1303618,0.07030048,0.85,0.010027647949755192,4.958931,1.5009166
9113,2.2688336,0.052165158,0.85,0.05,2.8866343,2.4527988
9114,2.1859064,0.13089558,0.85,0.0006018742569722235,3.7893944,2.0040822
9115,2.1607225,0.17926961,0.8255343437194824,0.05,3.4999719,2.0746603
9116,2.221019,0.16137636,0.8116025924682617,0.028649399057030678,3.0575597,2.1874545
9117,2.2009983,0.14694427,0.7418398261070251,0.03137330338358879,3.2883568,1.9031833
9118,2.265126,0.08078885,0.85,0.012710039503872395,2.672108,2.3267055
9119,2.148725,0.18597451,0.85,0.01840061880648136,4.3534174,2.2034674
9120,2.1463883,0.10961815,0.838708221912384,0.03362581133842468,3.9051878,1.7223809
9121,2.117161,0.119870245,0.8139806389808655,0.05,4.962551,1.556246
9122,2.3252726,0.12417302,0.83377605676651,0.042093947529792786,2.0535479,2.7744377
9123,2.2523162,0.10769082,0.8288224339485168,0.05,2.5596104,2.6636193
9124,2.1452088,0.14447796,0.85,0.05,4.3645473,1.8411787
9125,2.2085514,0.12380958,0.85,0.05,3.1763875,2.4759047
9126,2.184138,0.14100103,0.822788655757904,0.05,3.396243,2.1093407
9127,2.1614463,0.13296725,0.7753681540489197,0.05,3.9272134,1.8596342
9128,2.2260666,0.12434198,0.85,0.05,3.2964113,2.3914707
9129,2.1476977,0.14727555,0.85,0.05,4.132349,1.6378596
9130,2.220089,0.080936015,0.8490224480628967,0.05,3.7593002,1.8808068
9131,2.1075191,0.13527593,0.8175876140594482,0.05,4.6727223,1.5407022
9132,2.203804,0.17274919,0.85,0.029809799045324326,3.4166114,2.675609
9133,2.1917427,0.12517071,0.8210298418998718,0.0480194017291069,3.7486513,2.8266726
9134,2.2109053,0.123941295,0.8134421706199646,0.025910047814249992,3.4281623,2.2432604
9135,2.2569802,0.11696522,0.85,0.028961818665266037,2.6351097,2.5692565
9136,2.1858206,0.16720596,0.85,0.05,3.5829103,2.0992575
9137,2.1793785,0.09276767,0.8370473384857178,0.05,4.345468,2.0725331
9138,2.2055545,0.123903126,0.85,0.05,3.2577949,2.496042
9139,2.2350857,0.15606596,0.85,0.022129178047180176,2.8841336,2.3237162
9140,2.0976129,0.15724696,0.85,0.05,5.1252728,1.8063079
9141,2.1588433,0.14819834,0.85,0.05,4.342644,2.0758197
9142,2.2174547,0.1330637,0.8487571477890015,0.003958361689001322,3.3589396,2.1473584
9143,2.276777,0.03497124,0.85,0.05,2.8676896,2.6508691
9144,2.2336621,0.13041095,0.6710246205329895,0.06958455592393875,2.9844954,2.8969252
9145,2.1812372,0.08030399,0.85,0.05,4.170078,1.8850543
9146,2.170347,0.08971027,0.8349036574363708,0.05,4.086708,1.9172186
9147,2.2485516,0.14217646,0.8310739994049072,0.05,2.7361672,2.2692347
9148,2.1169977,0.16410953,0.85,0.05,4.463716,1.7269943
9149,2.2190657,0.13206993,0.8476347327232361,0.027249308302998543,3.2193985,1.9779284
9150,2.2059078,0.1265975,0.8370003700256348,0.03929280489683151,3.3830802,2.4818642
9151,2.1062224,0.14433953,0.85,0.015402823686599731,5.1176677,1.8116542
9152,2.1764286,0.14416993,0.85,0.05,4.0001397,2.191888
9153,2.2037206,0.12792797,0.7253631949424744,0.027134930714964867,3.103612,1.8558466
9154,2.136428,0.12738857,0.85,0.05,4.714076,1.7173144
9155,2.1754527,0.13606574,0.85,0.03229575976729393,4.0448427,2.4467406
9156,2.1762652,0.15376277,0.85,0.05,3.124135,2.0356827
9157,2.1273606,0.04976003,0.8437455892562866,0.013663018122315407,5.4752603,1.230138
9158,2.264821,0.18831933,0.8276271820068359,0.044398412108421326,2.1053808,2.5750792
9159,2.1805708,0.16020787,0.8400939106941223,0.026379523798823357,3.597939,2.093726
9160,2.205451,0.1238963,0.6773191094398499,0.03512343019247055,3.2129028,2.218155
9161,2.1170115,0.109440446,0.8056264519691467,0.05,5.2471523,1.4810764
9162,2.2335477,0.11825365,0.7391570210456848,0.029396602883934975,3.2404974,2.8464391
9163,2.267431,0.10910243,0.848179280757904,0.0229865200817585,2.6116493,2.3651671
9164,2.193592,0.12248536,0.6880557537078857,0.02982039377093315,3.7638092,2.1420455
9165,2.1980982,0.13721356,0.7456038594245911,0.0577491857111454,3.4586577,2.6171782
9166,2.1646385,0.115487196,0.85,0.03888455033302307,4.2773447,2.4845922
9167,2.2071974,0.09571756,0.7761660218238831,0.04395326226949692,3.6073954,2.0915494
9168,2.2585022,0.119911395,0.5152981877326965,0.04353749006986618,2.45725,2.0704896
9169,2.1416197,0.13066746,0.8486068248748779,0.05,4.5180297,1.9704908
9170,2.2024457,0.11022155,0.85,0.05,3.8727143,2.2617617
9171,2.1619143,0.11220149,0.85,0.05,4.4650955,1.9520916
9172,2.2060623,0.057149403,0.85,0.05,3.9715555,1.8180763
9173,2.1944814,0.0975684,0.804764986038208,0.018046051263809204,4.0137815,1.9766014
9174,2.2552109,0.1039571,0.85,0.029265061020851135,2.7247798,2.8210468
9175,2.1349695,0.09592191,0.85,0.05,5.0259786,1.5553329
9176,2.1593997,0.14343351,0.85,0.05,4.0930657,1.9954741
9177,2.2171009,0.13778746,0.8265383839607239,0.051982659846544266,3.1865134,2.647115
9178,2.2546217,0.1119869,0.7892216444015503,0.025359956547617912,2.83882,2.43028
9179,2.1204267,0.13997291,0.85,0.05,4.5099735,2.1308517
9180,2.183132,0.12045593,0.8193464875221252,0.05,3.7673635,2.5258224
9181,2.286904,0.10412726,0.7177656888961792,0.056039951741695404,2.3396618,2.5429938
9182,2.2343247,0.15206665,0.85,0.05,2.6722882,2.626336
9183,2.268342,0.034977477,0.85,0.05,3.1585374,2.3949409
9184,2.1907587,0.16599074,0.85,0.05,3.5645611,2.603561
9185,2.211092,0.14132157,0.8457375168800354,0.028326628729701042,3.338142,2.4201677
9186,2.1168704,0.103184395,0.85,0.05,5.29055,1.511933
9187,2.1780407,0.17877205,0.85,0.05,3.8325627,2.5533872
9188,2.1353679,0.10568254,0.85,0.033928755670785904,4.9658256,1.8499964
9189,2.1956177,0.11316248,0.85,0.019505685195326805,3.8481421,2.2045648
9190,2.2254012,0.117088415,0.6808261871337891,0.03561273217201233,2.9273362,2.4018013
9191,2.2362866,0.14912377,0.85,0.013552471995353699,2.7236967,2.2457254
9192,2.1972106,0.079012915,0.85,0.05,4.078411,2.0770614
9193,2.0926034,0.14562595,0.85,0.05,5.5725923,1.5106186
9194,2.187361,0.120756805,0.6304106116294861,0.046321552246809006,4.3560343,1.9197515
9195,2.2133498,0.1414867,0.85,0.003045991761609912,2.7623403,2.6834257
9196,2.2065005,0.048352603,0.8410767912864685,0.03259658068418503,4.0105114,2.533564
9197,2.183219,0.10228542,0.85,0.05,4.0823073,1.9617057
9198,2.1730692,0.118027166,0.8153420686721802,0.03542118892073631,3.9175224,2.0564291
9199,2.2445712,0.10714423,0.85,0.05,2.6688137,2.7137048
9200,2.1387134,0.17141412,0.8297444581985474,0.05,3.9671226,2.345957
9201,2.182907,0.13259266,0.5849990844726562,0.011882781982421875,3.6529799,2.3620932
9202,2.1819508,0.089047484,0.7988518476486206,0.0157578494399786,4.0660725,2.022905
9203,2.108011,0.17962036,0.85,0.02852691151201725,5.0784245,2.4090593
9204,2.202606,0.111886024,0.85,0.01027667336165905,4.0370693,1.8260556
9205,2.1192937,0.14415511,0.7954558730125427,0.01989116333425045,4.4794,1.7309787
9206,2.2379234,0.15059766,0.7510802149772644,0.03534883260726929,2.532591,2.4700258
9207,2.1613739,0.110434696,0.85,0.05,4.2567325,1.9912109
9208,2.2349288,0.1154084,0.85,0.05,2.817808,2.4619818
9209,2.1738164,0.07587389,0.85,0.05,4.412493,2.044699
9210,2.256872,0.079422474,0.85,0.05,2.9747126,2.5796416
9211,2.2053885,0.086636074,0.8160995841026306,0.02094309963285923,3.5614538,2.6694245
9212,2.184705,0.086489744,0.5915365219116211,0.004866565112024546,3.98571,2.083957
9213,2.2072952,0.1532206,0.85,0.05,3.26155,2.1855614
9214,2.189712,0.11579906,0.7518487572669983,0.05,4.1467156,1.827904
9215,2.1729438,0.15120058,0.7959422469139099,0.017183654010295868,3.7757692,2.2148561
9216,2.2041821,0.0833667,0.85,0.05,3.9680169,2.0485263
9217,2.223128,0.0769976,0.85,0.05,3.8243887,2.1670063
9218,2.2044141,0.13706662,0.85,0.05,3.3525178,2.8066895
9219,2.1235626,0.16610233,0.8390362858772278,0.01944131776690483,4.8898506,1.6952753
9220,2.1875513,0.07653082,0.3680044710636139,0.009292948991060257,4.49462,2.1930115
9221,2.212629,0.13563904,0.85,0.05,3.0232794,1.8481188
9222,2.1279793,0.099120416,0.85,0.05,4.939577,1.728339
9223,2.1365383,0.09872136,0.85,0.05,4.978541,1.8135046
9224,2.1526868,0.09550344,0.8124414086341858,0.03717009350657463,4.4154134,2.2033086
9225,2.1474624,0.12514761,0.85,0.05,4.3243523,1.5678599
9226,2.1333232,0.14206256,0.85,0.05,4.792973,1.8234174
9227,2.2175145,0.11302627,0.85,0.05,3.2295713,2.1719477
9228,2.169851,0.14695115,0.85,0.05,4.222631,2.2733839
9229,2.301356,0.07236636,0.7798347473144531,0.026933882385492325,2.0400784,2.5877614
9230,2.2487469,0.110187806,0.7136615514755249,0.04880942776799202,3.0405095,2.6984992
9231,2.2093751,0.07640317,0.85,0.05,3.726166,2.1624
9232,2.2651548,0.09780239,0.8467890024185181,0.05,2.662089,2.8185518
9233,2.2026594,0.15092541,0.85,0.013920275494456291,3.3513784,2.4892929
9234,2.1098254,0.08517991,0.79057377576828,0.03262156620621681,5.4535685,1.3600652
9235,2.1395373,0.12093264,0.85,0.026366466656327248,4.6556883,1.7774714
9236,2.1219287,0.11327263,0.8298828601837158,0.04955565929412842,5.20027,2.1192513
9237,2.3297164,0.061791398,0.85,0.05,2.186061,2.464539
9238,2.2217789,0.19900206,0.697056770324707,0.05,2.8884075,2.171223
9239,2.159958,0.16749237,0.85,0.05,3.2894082,1.9189904
9240,2.2271304,0.13194048,0.85,0.03054792806506157,3.081704,2.7181876
9241,2.2746594,0.16369455,0.5768997073173523,0.04904818907380104,2.40187,2.7289417
9242,2.1553817,0.08965283,0.8090876340866089,0.05,4.176358,1.8804797
9243,2.1967487,0.15546829,0.85,0.016709011048078537,3.4306777,2.4687858
9244,2.2644382,0.13282725,0.8243240118026733,0.03870387375354767,2.26364,2.8470356
9245,2.108754,0.12623715,0.85,0.05,4.5671763,1.5386506
9246,2.171682,0.107779905,0.8188820481300354,0.02965603768825531,3.6922596,1.8086187
9247,2.1588542,0.0890433,0.8347582817077637,0.020010443404316902,4.64555,1.6628305
9248,2.256163,0.15510844,0.7549433708190918,0.0626942589879036,2.1635356,2.7235425
9249,2.142044,0.08950149,0.85,0.05,4.90847,1.6163499
9250,2.2053537,0.14261582,0.8118182420730591,0.02520785667002201,3.1691692,2.043499
9251,2.185349,0.18703791,0.6900827288627625,0.05,3.4649656,2.0452604
9252,2.2443264,0.05356424,0.8203216195106506,0.009674160741269588,3.3985329,2.192203
9253,2.1645575,0.13009885,0.85,0.05,4.4049654,1.8395762
9254,2.2091584,0.098003335,0.85,0.0263155996799469,3.6932807,2.0377817
9255,2.146417,0.08700482,0.85,0.05,4.8611646,1.5628165
9256,2.2342165,0.14693668,0.7607585787773132,0.025322582572698593,2.7645836,2.8734958
9257,2.2031958,0.14242956,0.7500856518745422,0.016320383176207542,3.1891122,2.231808
9258,2.2048635,0.14941859,0.8328704833984375,0.04303637519478798,3.2179604,2.7981274
9259,2.1986506,0.068817236,0.85,0.05,4.096084,2.0365307
9260,2.1167345,0.11227486,0.8139382004737854,0.0344453863799572,4.8956666,1.3585017
9261,2.2700157,0.1151157,0.85,0.024249859154224396,2.0907645,2.8353205
9262,2.2520967,0.09251644,0.4526521861553192,0.04321655258536339,2.8553145,2.501466
9263,2.2457204,0.08214378,0.6582014560699463,0.013187351636588573,3.0979517,2.2527547
9264,2.2297633,0.0967417,0.8209872245788574,0.0559699572622776,3.4488394,2.2529678
9265,2.2173219,0.12697716,0.7966282963752747,0.009181665256619453,3.041771,2.2936277
9266,2.086618,0.15090273,0.85,0.03377891704440117,5.227028,1.5023562
9267,2.181167,0.12670352,0.8346593976020813,0.03853887319564819,3.8886433,1.9162248
9268,2.2223165,0.117124975,0.8161299824714661,0.03518517687916756,3.2316127,2.044567
9269,2.211527,0.08963458,0.85,0.027663635089993477,3.929117,1.8394516
9270,2.232771,0.15256178,0.85,0.0018346239812672138,2.755502,2.7002418
9271,2.119417,0.067208834,0.7987784743309021,0.05,5.3856544,1.271995
9272,2.1448123,0.07652478,0.8362928032875061,0.032389748841524124,5.02225,1.9177138
9273,2.1882446,0.11866972,0.85,0.05,3.8804772,2.190565
9274,2.2415524,0.15765454,0.26881876587867737,0.028322912752628326,2.170581,2.7765994
9275,2.157377,0.07660698,0.8206807971000671,0.05,4.0923133,1.7142375
9276,2.1966152,0.093102925,0.85,0.05,4.0767217,1.9434819
9277,2.2648032,0.1106218,0.85,0.028934573754668236,2.4700282,2.5264778
9278,2.117257,0.15503186,0.85,0.05,4.7923326,2.0443485
9279,2.1592445,0.065023825,0.85,0.05,4.2361474,1.74616
9280,2.2188396,0.09470409,0.85,0.005585544742643833,3.215645,2.6424224
9281,2.1329992,0.14048865,0.8084063529968262,0.05,4.210365,2.3138793
9282,2.1613379,0.09016637,0.85,0.05,4.4167614,1.8382462
9283,2.232739,0.123080604,0.85,0.021348951384425163,2.9005802,2.5851352
9284,2.1799862,0.13177095,0.85,0.05,3.4405477,2.4684293
9285,2.0841184,0.1041272,0.85,0.05,6.08931,1.4355592
9286,2.1374803,0.13875683,0.833246648311615,0.05,4.4190335,2.0306892
9287,2.1583974,0.072973125,0.8337259292602539,0.028210433200001717,4.7601204,1.6912295
9288,2.14532,0.15056844,0.8251308798789978,0.05,3.9467108,1.7194918
9289,2.2033331,0.14889672,0.8411088585853577,0.018114306032657623,3.0106084,1.8900595
9290,2.2169044,0.056687947,0.6722866296768188,0.05,3.840223,2.2293642
9291,2.1429787,0.12490998,0.85,0.02364308014512062,4.60651,2.003895
9292,2.1000602,0.1323476,0.85,0.05765724182128906,5.447112,1.96597
9293,2.1377661,0.08191536,0.85,0.025191720575094223,5.273073,1.5316786
9294,2.2588477,0.101380855,0.85,0.022371388971805573,2.633552,2.8915386
9295,2.1441073,0.13708344,0.85,0.05,4.5979395,1.8717867
9296,2.1975517,0.088543296,0.8068071007728577,0.04097619652748108,4.322461,1.8471892
9297,2.2588058,0.12025702,0.7842780351638794,0.06517200917005539,2.917288,2.293923
9298,2.0835772,0.11898754,0.8490773439407349,0.02402816340327263,5.688958,1.5486345
9299,2.1554172,0.14516729,0.85,0.05,4.18041,1.9832582
9300,2.2579834,0.14897317,0.7886412739753723,0.044823262840509415,2.5121536,2.799984
9301,2.1421676,0.11721086,0.85,0.05,4.4656687,1.9600828
9302,2.1645718,0.07121266,0.85,0.0316232293844223,4.734454,1.7852616
9303,2.1782613,0.10717186,0.85,0.02632358856499195,4.475073,2.1452224
9304,2.1372843,0.12700616,0.85,0.05,4.605328,1.7935424
9305,2.2223396,0.12515,0.6486687064170837,0.037871383130550385,3.202159,2.8682227
9306,2.1730754,0.1700645,0.85,0.05,4.008257,2.3238294
9307,2.177279,0.142836,0.8255959153175354,0.05,3.4561,2.0092785
9308,2.1880996,0.13076974,0.85,0.035160135477781296,3.9326065,2.083866
9309,2.1617727,0.14456996,0.8326702117919922,0.04768907278776169,4.542747,2.6678772
9310,2.2343779,0.07945916,0.7835052013397217,0.019183028489351273,3.297443,2.3610969
9311,2.15029,0.110374995,0.7636617422103882,0.05,4.2879863,1.8000604
9312,2.1537101,0.09269862,0.85,0.025957752019166946,4.6021004,1.826026
9313,2.1421094,0.08280602,0.85,0.05,4.276916,1.586363
9314,2.2024207,0.16513777,0.85,0.014771527610719204,2.812662,2.3969562
9315,2.1641078,0.08865062,0.8233909010887146,0.02109069935977459,4.0395536,1.7450838
9316,2.1231973,0.13665876,0.85,0.05,4.9537563,1.6868409
9317,2.1252828,0.16305755,0.85,0.05,4.59716,1.8263716
9318,2.1977677,0.110745735,0.8339074850082397,0.024783257395029068,3.9375916,2.3521829
9319,2.1522818,0.0658695,0.85,0.026981355622410774,4.7504525,1.7648584
9320,2.1859918,0.1192592,0.85,0.05,3.8950894,2.3120155
9321,2.2612407,0.044846892,0.8342950344085693,0.028473159298300743,3.0749516,2.3341553
9322,2.1834085,0.121560365,0.6794010996818542,0.024710427969694138,3.309245,2.0810277
9323,2.3442478,0.04385535,0.6788427829742432,0.014991103671491146,2.0539942,2.5543196
9324,2.204025,0.14058708,0.85,0.024797681719064713,3.0941007,2.7184489
9325,2.1784263,0.123084486,0.7731359004974365,0.05,4.437744,2.2473853
9326,2.2543595,0.0748608,0.8361611366271973,0.011012997478246689,2.8381014,2.2167556
9327,2.2226734,0.09090672,0.19649647176265717,0.05,3.3016827,2.46468
9328,2.3846056,0.1199289,0.8425112366676331,0.05070091038942337,2.0280797,2.4941828
9329,2.1713154,0.05992884,0.8114548921585083,0.0512734092772007,4.764256,1.9060045
9330,2.1988366,0.15572152,0.8200538754463196,0.034355636686086655,2.639379,2.8574033
9331,2.2494867,0.08240732,0.808194100856781,0.05,3.138927,2.2342494
9332,2.1967285,0.13207659,0.5658476948738098,0.01737457513809204,3.1809695,2.1694174
9333,2.2323601,0.15047617,0.7569078207015991,0.05,2.4432967,2.7316225
9334,2.0718272,0.11675097,0.8253702521324158,0.03980056196451187,6.1494107,1.3381846
9335,2.1135185,0.1272591,0.8495619893074036,0.03026989847421646,5.275849,1.920524
9336,2.1914196,0.14619133,0.85,0.01528599951416254,3.5829623,2.0819376
9337,2.1580153,0.076347776,0.85,0.05,4.8927035,1.6510563
9338,2.2922707,0.16691126,0.2813344895839691,0.08074547350406647,2.0177064,2.8721554
9339,2.1916487,0.12229895,0.85,0.05,4.0222526,2.5257096
9340,2.171679,0.104882196,0.8478834629058838,0.019456807523965836,4.152689,2.0347328
9341,2.1369767,0.09783256,0.85,0.05,4.6928186,1.5918229
9342,2.2009654,0.1725485,0.8064478635787964,0.009857415221631527,3.104093,2.6694815
9343,2.190791,0.1450668,0.85,0.0007930670981295407,3.7444603,2.1450458
9344,2.1658816,0.08551634,0.85,0.05,4.835701,2.0655682
9345,2.2182508,0.18825991,0.85,0.01845119334757328,2.5816832,2.6492436
9346,2.1899624,0.13088666,0.85,0.05,3.6880777,2.208044
9347,2.122815,0.11793274,0.85,0.05,5.1075034,1.4697403
9348,2.110758,0.09563657,0.85,0.020390359684824944,5.622948,1.6910026
9349,2.172464,0.14783163,0.85,0.05,3.6986647,1.995227
9350,2.1571643,0.054596163,0.85,0.010184151120483875,4.7382436,1.7977147
9351,2.1950662,0.14435296,0.85,0.0023800130002200603,3.2670863,2.3248668
9352,2.1646316,0.10652862,0.7462900280952454,0.05,3.9085,2.0112655
9353,2.3018703,0.11343024,0.7799200415611267,0.03504409268498421,2.3816555,2.5005152
9354,2.1345649,0.13763075,0.85,0.05,5.0491724,2.2862337
9355,2.2135942,0.12734476,0.8273664712905884,0.05111798644065857,3.7557218,2.446932
9356,2.128709,0.100098565,0.85,0.014666499570012093,5.128363,1.6565044
9357,2.2336528,0.11166608,0.8379049301147461,0.05,3.4881635,2.1498885
9358,2.1725752,0.16159226,0.8318653106689453,0.02597649209201336,3.5318494,2.0155098
9359,2.278701,0.14128894,0.85,0.05,2.383167,2.5709162
9360,2.2809408,0.1738126,0.8245123624801636,0.05,2.063978,2.7349794
9361,2.176884,0.13047138,0.6923089623451233,0.05,3.92158,1.9288782
9362,2.1645172,0.12179027,0.8138837218284607,0.008894886821508408,4.0754247,2.0766132
9363,2.1040606,0.1681744,0.85,0.05,5.3597083,1.6751337
9364,2.1655257,0.14049178,0.85,0.05,4.47663,1.887975
9365,2.187964,0.12786289,0.8282864689826965,0.05,3.886562,2.1544144
9366,2.2408416,0.09605472,0.8261500597000122,0.05,3.1165698,2.4227083
9367,2.3053794,0.14488137,0.5640668869018555,0.0574057400226593,2.048282,2.8040566
9368,2.1764858,0.09766695,0.8444589972496033,0.010728409513831139,3.9201107,2.559699
9369,2.1898098,0.10343777,0.85,0.05,4.084419,2.3159363
9370,2.176786,0.09395197,0.85,0.03300229087471962,4.424071,1.9822276
9371,2.2348726,0.13038012,0.8291085362434387,0.01666666939854622,2.8589003,2.3615577
9372,2.2455702,0.13950515,0.7735882997512817,0.024575429037213326,2.661083,2.6262312
9373,2.1688526,0.10441856,0.7695666551589966,0.05,3.9043422,1.9163641
9374,2.1528227,0.0826602,0.8264767527580261,0.02333490364253521,4.522402,2.033139
9375,2.2065368,0.098445736,0.8081222772598267,0.04133075103163719,3.631028,1.9898888
9376,2.2295678,0.14024282,0.85,0.05,2.9047444,2.346462
9377,2.20799,0.043510962,0.85,0.05,4.4465213,2.2842205
9378,2.222612,0.1272249,0.8229061365127563,0.05,3.1103144,2.4875996
9379,2.2470396,0.069035746,0.6588115692138672,0.040338728576898575,3.5487924,2.7525976
9380,2.133777,0.12334444,0.8381975293159485,0.024236150085926056,4.7873006,1.7981443
9381,2.2076893,0.11450959,0.8395899534225464,0.03947872295975685,3.7825181,2.316051
9382,2.1869066,0.15776467,0.85,0.05,3.429195,2.4204104
9383,2.1632361,0.10169769,0.85,0.05,4.471839,1.7191094
9384,2.2417943,0.015188777,0.7729171514511108,0.05,3.4740705,2.050769
9385,2.1874518,0.15385038,0.85,0.05,3.6626594,2.5451763
9386,2.1302056,0.1857966,0.85,0.05,4.5377493,2.1120784
9387,2.22161,0.10570337,0.85,0.05,3.643462,2.7318718
9388,2.2054837,0.15889943,0.8081288933753967,0.028369270265102386,3.4217343,2.72728
9389,2.075908,0.16423862,0.7499799728393555,0.05870829150080681,5.852158,1.5088093
9390,2.1926534,0.1479606,0.47990623116493225,0.07296528667211533,3.1668708,2.6886625
9391,2.1770015,0.067934416,0.85,0.05,3.9753234,1.7919865
9392,2.211421,0.037547663,0.8332192897796631,0.05,3.994057,2.1879368
9393,2.2569213,0.11267441,0.4435140788555145,0.1482653021812439,2.4807386,2.8768952
9394,2.2150314,0.12580551,0.6144822835922241,0.03599358722567558,3.5200713,2.6462405
9395,2.3462813,0.07908984,0.021967558190226555,0.07691249251365662,2.0545688,2.7930717
9396,2.1930966,0.12522087,0.85,0.05,3.8815494,2.0836697
9397,2.1717422,0.14191319,0.8386662602424622,0.05,4.1320524,2.0365756
9398,2.2075696,0.16528505,0.85,0.0259439367800951,3.1106372,2.469415
9399,2.1037037,0.14979666,0.85,0.05,4.8169594,1.529493
9400,2.1978307,0.112082586,0.413432776927948,0.05,3.503665,2.1663532
9401,2.1788983,0.07927491,0.85,0.05,4.1758895,2.0282724
9402,2.200232,0.14027372,0.6428477168083191,0.018147163093090057,3.3373358,2.696518
9403,2.1661289,0.14739501,0.85,0.05,4.0503473,1.9236808
9404,2.2192516,0.11329071,0.85,0.01418260857462883,3.573499,2.3041344
9405,2.1817675,0.08132619,0.85,0.05,4.0913143,1.8348644
9406,2.1854491,0.1444799,0.85,0.00564833777025342,3.5975113,2.0692003
9407,2.1490686,0.11268454,0.8299161195755005,0.038152363151311874,4.0355916,2.128258
9408,2.2334106,0.11502219,0.614769697189331,0.05,3.2028067,2.5730457
9409,2.2359416,0.12129997,0.8352687954902649,0.05221882835030556,2.7449698,2.756519
9410,2.1809642,0.13411553,0.85,0.01527924183756113,4.094794,2.0698621
9411,2.204691,0.060715724,0.85,0.05,3.8553517,2.096822
9412,2.2216222,0.06002741,0.85,0.0031945565715432167,3.8279934,2.0214183
9413,2.1851265,0.12379208,0.8338152170181274,0.0303855761885643,4.026356,1.9272556
9414,2.209546,0.11703486,0.85,0.02961426042020321,3.5922792,2.6906462
9415,2.0241945,0.16561666,0.4396120607852936,0.05,6.8297772,1.0239488
9416,2.1925375,0.09150018,0.85,0.05,4.0652986,2.0612788
9417,2.2133312,0.09880022,0.761677086353302,0.02192915789783001,3.4412553,2.203426
9418,2.2085364,0.12485464,0.7035793662071228,0.060493215918540955,3.4386246,2.1758428
9419,2.15456,0.109615825,0.85,0.05,4.5112896,1.9222288
9420,2.257986,0.013966607,0.8015534281730652,0.05,3.2351165,1.8867407
9421,2.2183115,0.14729774,0.85,0.007601641118526459,2.777708,2.1512094
9422,2.2082891,0.15087183,0.8153098821640015,0.02967662550508976,3.4904876,2.676845
9423,2.1848083,0.15236901,0.85,0.05,3.7270808,2.1222155
9424,2.1780725,0.13574179,0.8058087229728699,0.05,3.5683794,2.2479444
9425,2.2517784,0.079315476,0.85,0.05,2.8799083,2.1715214
9426,2.1854756,0.110195234,0.8206160068511963,0.05,3.4870567,2.0392632
9427,2.1789832,0.13352932,0.85,0.007496191654354334,3.9520967,2.3664372
9428,2.2144678,0.12056523,0.85,0.04079056531190872,3.3381438,2.466423
9429,2.199409,0.09442205,0.7881304621696472,0.05,3.6781008,1.9273843
9430,2.129288,0.14273106,0.85,0.05,4.1035542,1.7350194
9431,2.2074132,0.12680757,0.8466971516609192,0.03962230682373047,3.6523862,2.660038
9432,2.2369726,0.10734835,0.85,0.019561205059289932,2.6769857,2.802246
9433,2.2482173,0.13688973,0.8393685817718506,0.030433524399995804,2.6763449,2.388386
9434,2.2358825,0.10754958,0.8112044334411621,0.018187114968895912,2.9659934,2.702879
9435,2.2004094,0.11323522,0.85,0.05,3.7208266,2.1776853
9436,2.1502233,0.12091368,0.7487019300460815,0.03968152031302452,4.4635634,1.6984094
9437,2.220982,0.15889421,0.8275309801101685,0.05,2.5822616,2.614677
9438,2.114515,0.13091348,0.8492929339408875,0.05,5.4520836,1.704764
9439,2.1798382,0.15246421,0.85,0.05,4.0038037,2.1382372
9440,2.2156253,0.11775622,0.85,0.05,3.4008825,2.1722865
9441,2.1471047,0.09315025,0.5231667757034302,0.05,4.13686,1.7965145
9442,2.1509316,0.17954467,0.42671144008636475,0.05,4.017936,1.5997269
9443,2.2248838,0.13656619,0.85,0.05,2.8038745,2.10765
9444,2.2106783,-0.05361764,0.8486044406890869,0.020714126527309418,4.6883016,1.7037673
9445,2.1481586,0.08742838,0.85,0.05,4.5783806,1.4849985
9446,2.1545298,0.12599362,0.85,0.05,4.382479,1.7613279
9447,2.198741,0.09330358,0.85,0.05,3.6617708,2.045511
9448,2.2287784,0.13014157,0.8280830383300781,0.020716438069939613,2.642373,2.2963781
9449,2.1904018,0.11009493,0.85,0.05,3.964095,2.2906747
9450,2.121605,0.13805214,0.7846750020980835,0.010314226150512695,4.8203425,1.7201945
9451,2.2324092,0.10410219,0.85,0.035193007439374924,3.271887,2.3615546
9452,2.1602707,0.10499922,0.85,0.05,4.140143,2.350069
9453,2.1285508,0.110867985,0.85,0.05,4.352243,1.6856705
9454,2.2104177,0.122069746,0.7905383706092834,0.03404930233955383,3.290757,2.2229154
9455,2.2948155,0.14810301,0.8316133618354797,0.05389911308884621,2.2414908,2.3828583
9456,2.1969135,0.11021535,0.7011695504188538,0.05,3.3976672,2.59204
9457,2.2507617,0.06355274,0.85,0.021826041862368584,3.1313546,2.4991746
9458,2.1390984,0.08616455,0.85,0.05,4.8822803,1.716565
9459,2.1058486,0.12545025,0.85,0.05,5.106591,1.3693455
9460,2.1335187,0.14163658,0.8009899854660034,0.009564694948494434,4.3267884,2.2026548
9461,2.1301894,0.09305729,0.85,0.05,4.8475456,1.6286666
9462,2.14448,0.15075201,0.85,0.00994063075631857,4.6034837,2.0921605
9463,2.2216284,0.13627058,0.8154720067977905,0.01850413717329502,2.9918473,2.5432274
9464,2.3214574,0.083923034,0.6098138689994812,0.03401997312903404,2.421086,2.2607267
9465,2.1750438,0.11575697,0.8199625611305237,0.03996194154024124,3.9177022,1.9984365
9466,2.1349626,0.14761162,0.85,0.05,4.987195,1.7781086
9467,2.0951562,0.13255744,0.8445117473602295,0.04108116775751114,5.352594,1.9969624
9468,2.0907547,0.14184074,0.828334629535675,0.04026210680603981,5.7723107,1.3624393
9469,2.2532818,0.096938156,0.85,0.011824283748865128,3.031934,2.1538837
9470,2.1933475,0.12735881,0.8357716798782349,0.01993396319448948,3.7396514,2.472121
9471,2.1331382,0.052298278,0.85,0.05,4.599565,1.4062309
9472,2.1348157,0.07483438,0.85,0.05,4.826927,1.528373
9473,2.254034,0.03746244,0.85,0.05,3.2778745,2.1391408
9474,2.2874699,0.11369091,0.8025540113449097,0.038921285420656204,2.364809,2.6684363
9475,2.1766355,0.12605873,0.85,0.05,4.545217,2.1486313
9476,2.1505835,0.121349156,0.8054654002189636,0.05,4.5149684,1.767156
9477,2.18134,0.13287325,0.85,0.05,4.010371,2.1786904
9478,2.2145255,0.099857695,0.6349795460700989,0.018737714737653732,3.8418124,1.8170612
9479,2.0719392,0.12298701,0.8182187676429749,0.028761299327015877,5.946752,1.4078586
9480,2.2551405,0.12737311,0.85,0.05,2.3449373,2.4512348
9481,2.1769233,0.12489889,0.8044644594192505,0.05,3.5200932,2.066549
9482,2.212821,0.14119314,0.85,0.05,3.1290638,2.6364536
9483,2.1475139,0.1325509,0.5892064571380615,0.05,3.6701007,1.6894816
9484,2.2141519,0.11858645,0.85,0.05,3.0864937,2.4879994
9485,2.1708326,0.10329817,0.85,0.05,4.530004,1.7706722
9486,2.2611818,0.049979284,0.85,0.05,2.8260639,2.8656936
9487,2.1977885,0.15173972,0.42718130350112915,0.055613256990909576,3.262381,2.1627986
9488,2.2115047,0.12400935,0.8499984741210938,0.016358766704797745,3.2193165,2.4885144
9489,2.2512355,0.1575691,0.8385103344917297,0.058950845152139664,2.5009794,2.7353394
9490,2.125274,0.16113903,0.8222616910934448,0.05,4.468542,1.7164397
9491,2.2066827,0.13495162,0.85,0.05,3.3362362,2.422261
9492,2.2122858,0.0951807,0.85,0.007803299929946661,3.438809,2.1710804
9493,2.1854804,0.12368043,0.819679856300354,0.05,3.5423489,1.8049331
9494,2.188285,0.113630034,0.85,0.05,3.8440323,2.1095378
9495,2.2314024,0.10559481,0.8162084817886353,0.017433445900678635,3.3812592,2.3040378
9496,2.1675098,0.129735,0.8357571959495544,0.05,4.356716,2.0826643
9497,2.1597722,0.13031767,0.85,0.05,4.1579986,1.943827
9498,2.2699819,0.10064572,0.821944534778595,0.03739944472908974,2.6402645,2.5725982
9499,2.1333318,0.07735127,0.8407014608383179,0.018121715635061264,4.7935867,1.5707563
9500,2.1634595,0.13611278,0.81072998046875,0.048789069056510925,3.8140595,2.185162
9501,2.078923,0.1332324,0.819556474685669,0.028765972703695297,5.0719395,1.2766213
9502,2.1937418,0.06903173,0.8208063840866089,0.011218607425689697,4.405947,2.1121123
9503,2.1607978,0.13372369,0.8268773555755615,0.023174364119768143,3.6907897,1.9479855
9504,2.140427,0.11545913,0.8317058086395264,0.040163878351449966,4.7257676,2.4724517
9505,2.0914848,0.0744371,0.85,0.030865538865327835,6.4937987,1.3882321
9506,2.2680361,0.17528363,0.8031989932060242,0.038564786314964294,2.283843,2.8638563
9507,2.2077363,0.13306984,0.3960152268409729,0.025489917024970055,3.556575,2.4234405
9508,2.155887,0.13584484,0.85,0.05,4.1743355,1.8536621
9509,2.1575298,0.13542028,0.7346289753913879,0.05,4.5180364,2.0730653
9510,2.1958907,0.14625116,0.8393843173980713,0.05,3.6470146,2.061607
9511,2.1720781,0.10201165,0.814385712146759,0.05,4.431866,1.9705886
9512,2.146625,0.14563993,0.85,0.05,4.8277893,2.1784632
9513,2.1671853,0.10766368,0.85,0.05,4.0414243,1.8356315
9514,2.1719036,0.1252309,0.8027076721191406,0.013397958129644394,4.22085,2.0598736
9515,2.2153502,0.11965027,0.85,0.031240271404385567,3.277405,2.5543158
9516,2.208656,0.12837897,0.6302937865257263,0.05,3.3945005,2.5263824
9517,2.1912916,0.1765137,0.8209255933761597,0.046348925679922104,3.1608884,2.186787
9518,2.2303848,0.1485459,0.85,0.022204384207725525,2.4956522,2.7218823
9519,2.206032,0.12480072,0.8212649822235107,0.030856870114803314,3.4520342,2.0538027
9520,2.1408663,0.12932017,0.85,0.014934294857084751,4.8172717,2.0280213
9521,2.2260249,0.16002123,0.85,0.05,2.806315,2.286368
9522,2.1396782,0.11361247,0.85,0.05,4.9182053,1.5080032
9523,2.203173,0.14455836,0.85,0.05,3.2954593,2.2782474
9524,2.1071982,0.13503313,0.85,0.01158546656370163,5.2351966,1.7166883
9525,2.1373868,0.16058658,0.85,0.05,4.0980167,2.1498883
9526,2.097652,0.14301668,0.85,0.05,5.133735,1.5564959
9527,2.1860445,0.09917984,0.8254042863845825,0.019462134689092636,4.098861,1.7179562
9528,2.1363144,0.09507255,0.85,0.05,4.384171,1.6180001
9529,2.202031,0.10769135,0.842397153377533,0.05,3.7867336,2.2051167
9530,2.159909,0.13314481,0.85,0.014237899333238602,3.6329033,2.7379463
9531,2.147241,0.12119671,0.85,0.05,4.74779,1.9073424
9532,2.1591694,0.07357038,0.8089126944541931,0.04838111251592636,4.769668,1.6749972
9533,2.2239065,0.10316964,0.8179119229316711,0.06080792471766472,3.1836228,2.5790753
9534,2.1692631,0.11277438,0.8299949765205383,0.05,4.073016,1.7577163
9535,2.26483,0.10673218,0.8252208828926086,0.051569364964962006,2.6603587,2.4779942
9536,2.0962307,0.14250699,0.8429673910140991,0.05,5.044595,1.643423
9537,2.196357,0.14924061,0.85,0.011529630981385708,3.3360512,2.6114275
9538,2.2453237,0.16299231,0.85,0.046738795936107635,2.4940472,2.670415
9539,2.172763,0.12902245,0.85,0.05,3.7855508,2.1620278
9540,2.2515812,0.10714671,0.7422379851341248,0.05,2.7818673,2.5927489
9541,2.1275017,0.090658724,0.85,0.05,4.898763,1.5267131
9542,2.1890984,0.12945029,0.8487797379493713,0.05,3.2953851,2.0751467
9543,2.276406,0.14062484,0.85,0.05,2.3206582,2.465225
9544,2.2612143,0.035071876,0.8432407379150391,0.03921918943524361,3.5156906,2.387876
9545,2.2157881,0.11351258,0.85,0.009471979923546314,3.2290213,2.5645454
9546,2.1779096,0.13125303,0.85,0.05,3.8691976,1.7654585
9547,2.2204075,0.13058092,0.85,0.05,3.0665464,2.3698418
9548,2.266444,0.08623737,0.6232463717460632,0.0019993095193058252,2.675879,2.7764428
9549,2.1943166,0.1817578,0.85,0.05,3.058277,2.2569573
9550,2.2006898,0.13330968,0.7019518613815308,0.033938076347112656,3.6036723,2.4634123
9551,2.243888,0.08962347,0.85,0.05,3.05616,2.5705202
9552,2.1749077,0.100715525,0.85,0.0263234730809927,4.3842206,1.785052
9553,2.1153092,0.1498907,0.85,0.02387118712067604,4.448154,2.0030022
9554,2.1131358,0.078317985,0.85,0.007002522237598896,5.249214,1.5899854
9555,2.1718016,0.13054238,0.8153731226921082,0.02636958658695221,4.1811256,2.2505972
9556,2.1681573,0.11288573,0.5713043212890625,0.05,4.3054023,1.881956
9557,2.2980602,0.10634456,0.8235059976577759,0.023439252749085426,2.4118829,2.5025494
9558,2.2222612,0.109906234,0.7576494216918945,0.02672102116048336,3.125521,2.098649
9559,2.0976515,0.13911538,0.85,0.018580982461571693,4.7174554,1.7879492
9560,2.190979,0.13134596,0.8127561211585999,0.05,3.6569893,2.127202
9561,2.1773493,0.094245896,0.85,0.05,4.05909,1.7861166
9562,2.299847,0.10899887,0.566299557685852,0.07190487533807755,2.1200235,2.7948458
9563,2.1295161,0.08731117,0.7959238886833191,0.027948996052145958,4.9719234,1.6592679
9564,2.2561517,0.08170812,0.816958487033844,0.029524466022849083,2.5946803,2.3228533
9565,2.2263014,0.098946184,0.4152773320674896,0.05703098699450493,3.1052969,2.469379
9566,2.185026,0.0763933,0.85,0.00818360224366188,4.0692697,2.070844
9567,2.261358,0.14897475,0.8267924785614014,0.060583826154470444,2.2251341,2.5126338
9568,2.1617932,0.134633,0.8457085490226746,0.002924664644524455,3.9878626,2.1260655
9569,2.2676442,0.15266252,0.8329028487205505,0.05219673737883568,2.8375876,2.7152443
9570,2.2129421,0.10896875,0.85,0.011342146433889866,3.3068664,2.546774
9571,2.1869428,0.11558609,0.6424911022186279,0.05,4.231971,2.5884166
9572,2.2035935,0.124744006,0.85,0.05,2.6513867,2.3724813
9573,2.1865182,0.12146588,0.8341204524040222,0.05,4.1580415,1.9406894
9574,2.1720202,0.15624645,0.5836395621299744,0.07344190031290054,3.4706402,2.273433
9575,2.192515,0.04245748,0.8048285841941833,0.04446946457028389,3.9261816,1.7317488
9576,2.1823215,0.11486923,0.85,0.05,3.9931107,2.266128
9577,2.161436,0.1112462,0.6976143717765808,0.05,4.4771204,2.0870962
9578,2.1294613,0.19590385,0.7962929010391235,0.02611618861556053,4.5775027,2.5591247
9579,2.1359234,0.11512428,0.85,0.05,4.771882,1.5248189
9580,2.1473124,0.12240447,0.8445466756820679,0.05,4.498683,1.6720616
9581,2.2064152,0.113387845,0.85,0.05,3.6765456,2.0767324
9582,2.1226587,0.07257595,0.85,0.05,4.982071,1.465865
9583,2.188952,0.13951991,0.85,0.05,3.7838209,2.2081769
9584,2.1293094,0.1444184,0.85,0.013069704174995422,4.475958,1.8581133
9585,2.1312897,0.107084535,0.8204895257949829,0.05,4.68957,1.4896393
9586,2.281233,0.10767716,0.595628559589386,0.04308553785085678,2.361351,2.8120825
9587,2.2512455,0.11353702,0.23364736139774323,0.05,2.6241412,2.672453
9588,2.168406,0.121748164,0.85,0.038886066526174545,4.3220024,2.7539828
9589,2.2351854,0.11204941,0.85,0.029925206676125526,3.1685283,2.5108788
9590,2.1940236,0.11084035,0.8249271512031555,0.03715188056230545,3.9161453,2.0115876
9591,2.1967776,0.13521662,0.85,0.05,3.516367,2.043614
9592,2.1773283,0.097715095,0.5964727401733398,0.05,4.487395,2.0906353
9593,2.1921432,0.15827204,0.46600520610809326,0.125854954123497,3.421151,2.8276088
9594,2.1910691,0.13346519,0.85,0.05,3.9437137,2.4134862
9595,2.1089067,0.15450111,0.85,0.05,4.586449,2.0036442
9596,2.1719635,0.12437179,0.85,0.01824835315346718,4.165522,2.1727545
9597,2.1549737,0.113810554,0.819868803024292,0.038779366761446,4.7533484,1.6644604
9598,2.1424806,0.17074847,0.85,0.05,4.6269994,1.69924
9599,2.190098,0.098599255,0.85,0.00039728093543089926,3.9669542,2.0403023
9600,2.2124522,0.12297959,0.85,0.05,3.3543856,2.2037263
9601,2.1340268,0.14677319,0.85,0.043269794434309006,4.3759527,2.1640391
9602,2.140916,0.090851165,0.843949019908905,0.05,4.4112463,1.637841
9603,2.2192285,0.13238859,0.85,0.05,3.1714659,2.693121
9604,2.1206193,0.1470565,0.85,0.05,3.853306,1.73926
9605,2.229845,0.1600888,0.85,0.05,2.4658818,2.8620582
9606,2.1598744,0.11786736,0.8440649509429932,0.05,4.4389586,2.1717274
9607,2.2615542,0.09332948,0.8322978019714355,0.022819416597485542,2.5988066,2.6605043
9608,2.2513866,0.06750596,0.85,0.05,3.1167402,2.4821496
9609,2.1668603,0.12079757,0.85,0.004340403713285923,4.2783566,1.9735196
9610,2.187392,0.12210962,0.8150250315666199,0.05,3.8189752,2.1284673
9611,2.118905,0.10318383,0.8156336545944214,0.021840624511241913,5.0234547,1.8134806
9612,2.1980772,0.12723969,0.85,0.022403929382562637,3.4468703,2.5603566
9613,2.1718493,0.094717965,0.8498155474662781,0.015116453170776367,4.377849,1.922297
9614,2.150382,0.115696035,0.8327229619026184,0.05,4.521683,1.7122022
9615,2.178328,0.12363359,0.85,0.05,4.0332255,1.9279166
9616,2.2430017,0.1607613,0.85,0.05,2.7091205,2.6432452
9617,2.1920671,0.14098212,0.8402937650680542,0.04413776099681854,3.3382077,2.7629082
9618,2.2719977,0.10122407,0.8146284818649292,0.019654694944620132,2.4475849,2.2823684
9619,2.1505313,0.13093846,0.85,0.05,4.7598987,1.91533
9620,2.1496274,0.13314502,0.8251970410346985,0.04279539734125137,4.6861196,2.062213
9621,2.1275728,0.14897558,0.8317100405693054,0.020897051319479942,4.344451,1.7816894
9622,2.2167592,0.12296657,0.85,0.05,3.4202523,2.6008356
9623,2.2501175,0.1199166,0.85,0.05,2.8497708,2.4322665
9624,2.1431923,0.06404907,0.85,0.05,4.6367745,1.5374994
9625,2.2181683,0.10065218,0.8158990144729614,0.05,3.2709577,2.2036166
9626,2.1516397,0.13205154,0.826226532459259,0.018036387860774994,4.1545305,1.7761747
9627,2.156543,0.15702346,0.85,0.05,4.0661526,2.541201
9628,2.1594584,0.06131744,0.6549212336540222,0.031239785254001617,4.7967134,1.7475936
9629,2.2152004,0.13799071,0.85,0.004345901310443878,2.8308516,2.6108007
9630,2.19897,0.10791104,0.85,0.05,3.9926138,2.2408888
9631,2.1587052,0.101462334,0.85,0.05,4.522051,1.8746254
9632,2.130904,0.16226159,0.85,0.05,4.518633,2.1283996
9633,2.2103968,0.10263823,0.8015658855438232,0.05,4.121533,2.034157
9634,2.2948291,0.09026461,0.85,0.015782145783305168,2.4435134,2.424456
9635,2.2388928,0.14397255,0.452603280544281,0.08335677534341812,2.7218966,2.4096856
9636,2.2134535,0.16124217,0.85,0.05,3.1963172,2.2073286
9637,2.18392,0.116012454,0.85,0.05,4.302521,1.9809527
9638,2.1940744,0.12386264,0.85,0.006370216142386198,3.7598054,2.1581988
9639,2.1944506,0.11671742,0.85,0.05,3.470999,2.1407652
9640,2.1902258,0.142983,0.85,0.021222133189439774,3.3614535,2.03291
9641,2.1170888,0.12566218,0.810225784778595,0.024335136637091637,4.574912,1.4413761
9642,2.177268,0.16110063,0.85,0.05,3.3359864,2.5090103
9643,2.1814063,0.09754842,0.8424318432807922,0.05,3.9628422,2.0606518
9644,2.1474075,0.15640484,0.85,0.05,4.0905223,1.8637646
9645,2.1661522,0.13353227,0.844914972782135,0.02114049158990383,3.860187,2.0408862
9646,2.1778207,0.13050945,0.85,0.05,3.9336023,2.0295494
9647,2.1750278,0.15828952,0.85,0.05,3.9740107,2.3091805
9648,2.1636207,0.15912327,0.6989294290542603,0.04549308493733406,4.005354,2.8578641
9649,2.2286406,0.14486633,0.85,0.05,2.9674075,2.258769
9650,2.2065544,0.117520064,0.85,0.014906591735780239,3.6338944,2.0917795
9651,2.1820025,0.14884555,0.85,0.030940521508455276,4.0850067,2.4430647
9652,2.2539666,0.14538193,0.85,0.024235012009739876,2.5732777,2.3847167
9653,2.184431,0.13767542,0.829834520816803,0.05,3.9226005,1.8575653
9654,2.1773899,0.07159438,0.6270641684532166,0.05,4.474626,2.4219027
9655,2.2071147,0.11807831,0.8281291723251343,0.05,3.1926785,2.0433657
9656,2.1433396,0.14050497,0.8233651518821716,0.05,4.341685,2.0638185
9657,2.1883225,0.10227478,0.85,0.025166014209389687,3.723496,2.6070027
9658,2.1427813,0.12005684,0.797480583190918,0.01797083206474781,4.74291,1.866254
9659,2.257383,0.092515856,0.5938420295715332,0.04492466524243355,3.283873,2.669992
9660,2.166137,0.1813,0.85,0.05,3.7717712,2.2652736
9661,2.269878,0.13063873,0.8448272347450256,0.050879139453172684,2.2986279,2.297532
9662,2.0362046,0.17475061,0.8446543216705322,0.008451188914477825,6.144295,1.2897949
9663,2.2010496,0.13401666,0.85,0.02146301232278347,3.7728515,2.093571
9664,2.219478,0.06755799,0.8048551678657532,0.06393368542194366,4.0167837,2.4136267
9665,2.2678547,0.13425203,0.3347562849521637,0.06367997825145721,2.202459,2.446801
9666,2.1913462,0.11457296,0.836471676826477,0.017748728394508362,3.831369,1.7871633
9667,2.2070553,0.12320404,0.85,0.05,3.3792071,2.025267
9668,2.132078,0.1775861,0.85,0.05,4.614327,1.7628843
9669,2.2500951,0.17253558,0.8309035301208496,0.03226778283715248,2.5590713,2.792622
9670,2.2694838,0.028248869,0.6853632926940918,0.05351395159959793,3.4500136,2.1958847
9671,2.1537197,0.16778758,0.518711507320404,0.04761138930916786,3.8983884,2.2703724
9672,2.1861513,0.073373444,0.85,0.05,4.4479327,1.9438462
9673,2.142642,0.12178559,0.85,0.030114876106381416,4.517437,1.9994919
9674,2.2165804,0.071951486,0.5523902177810669,0.05,3.6023962,2.0927124
9675,2.2398217,0.15544367,0.7571620941162109,0.05749540403485298,3.0264118,2.5409217
9676,2.190119,0.11680654,0.85,0.027622802183032036,4.1228466,2.218219
9677,2.158605,0.09156513,0.85,0.05,4.9950542,1.9490445
9678,2.221866,0.1389411,0.85,0.05,3.1714683,2.7238894
9679,2.1842048,0.14664736,0.7314359545707703,0.04638487473130226,3.1485703,1.9636018
9680,2.1913478,0.11619927,0.8192565441131592,0.054950591176748276,3.4406633,3.0424955
9681,2.240476,0.11139377,0.85,0.05,2.7223876,2.701691
9682,2.2893355,0.16764708,0.8261327147483826,0.05992373824119568,2.1264346,2.6557648
9683,2.2321649,0.14975072,0.8133705854415894,0.06321399658918381,2.6386225,2.3067765
9684,2.2149,0.05638334,0.85,0.019737588241696358,4.310788,2.0019546
9685,2.192594,0.14482354,0.85,0.05,3.1366436,2.1066647
9686,2.2684462,0.14225066,0.8385300636291504,0.04087471961975098,2.7771459,2.7873662
9687,2.2045388,0.09437327,0.5868778228759766,0.05,3.2028897,1.8441447
9688,2.1857872,0.13785458,0.85,0.05,3.811696,1.8761206
9689,2.1190472,0.14019154,0.85,0.0010033012367784977,4.9496694,1.5398782
9690,2.2370937,0.08818291,0.85,0.01976826973259449,3.2048113,2.5328455
9691,2.147635,0.15450843,0.831844687461853,0.04864806309342384,4.550083,2.594156
9692,2.1308205,0.13541533,0.85,0.05,4.4306707,1.6134732
9693,2.192083,0.11470941,0.12914758920669556,0.19212888181209564,4.8544307,2.7554128
9694,2.1884947,0.08324561,0.85,0.05,4.0970006,2.1425643
9695,2.1453624,0.0687123,0.8210731148719788,0.05120314285159111,5.094449,1.8871514
9696,2.1564467,0.13534267,0.817240834236145,0.027645638212561607,4.3934803,1.8612622
9697,2.1541743,0.06207992,0.8281291723251343,0.03360521048307419,4.8573174,1.6405983
9698,2.1261232,0.13461185,0.85,0.05,4.7795563,1.6806829
9699,2.2450547,0.14698416,0.38926181197166443,0.05,2.971509,2.3597617
9700,2.1691296,0.11807767,0.85,0.011215465143322945,4.0306973,2.0313857
9701,2.264746,0.15891795,0.37082839012145996,0.049092840403318405,2.2680588,2.673019
9702,2.2781563,0.13684481,0.85,0.023549813777208328,2.456001,2.3595364
9703,2.12419,0.13646848,0.8478167057037354,0.010893280617892742,4.9752874,1.4993379
9704,2.2151322,0.17718717,0.6865383386611938,0.039444535970687866,2.78204,2.6146507
9705,2.2594464,0.09964884,0.6072002649307251,0.03910985216498375,2.687603,2.8150375
9706,2.1673427,0.077612035,0.85,0.05,4.641763,1.7189403
9707,2.1341164,0.12513773,0.5891320109367371,0.05,4.8670793,1.7225152
9708,2.1282861,0.06660791,0.85,0.05,5.253609,1.5466863
9709,2.2290654,0.11467661,0.85,0.05,2.9743688,2.5533113
9710,2.201737,0.109935194,0.761317789554596,0.04964309185743332,3.335993,2.179087
9711,2.2659512,0.098754875,0.7921246290206909,0.03364410996437073,2.6477878,2.5346496
9712,2.0724447,0.12056119,0.8299645781517029,0.007799520157277584,6.1104145,1.3649628
9713,2.2074876,0.03623129,0.85,0.01676202565431595,4.0154467,2.1331599
9714,2.0956807,0.12068841,0.6723041534423828,0.04899842292070389,5.0761847,1.4817525
9715,2.1988232,0.122708164,0.8242000341415405,0.01129116490483284,4.010812,1.9422693
9716,2.2184165,0.12829404,0.85,0.05,2.7305226,2.6002812
9717,2.1300128,0.16110294,0.85,0.0014339486369863153,4.8159323,1.7101281
9718,2.2190626,0.091655806,0.5647069811820984,0.039809539914131165,3.957877,2.1251934
9719,2.1738706,0.14769351,0.85,0.05,4.05067,2.1614945
9720,2.1683104,0.14405292,0.7108697891235352,0.008875415660440922,3.9441965,2.0815315
9721,2.1302564,0.14203545,0.85,0.004535133019089699,4.7755904,2.148069
9722,2.1263046,0.14697753,0.85,0.0013706829631701112,4.7724504,1.9387685
9723,2.1041696,0.11943821,0.7631530165672302,0.06139706075191498,5.4206467,1.6519533
9724,2.1539507,0.14763428,0.8188502788543701,0.032658014446496964,4.134254,1.7482172
9725,2.2862248,0.12112734,0.6075074672698975,0.05259187892079353,2.3230503,2.662697
9726,2.1850579,0.22462535,0.8254569172859192,0.05103696882724762,3.1698625,2.4744816
9727,2.1991205,0.051265705,0.7616659998893738,0.04414667934179306,4.022224,1.8129038
9728,2.19873,0.18348892,0.85,0.05,2.6452749,2.0546322
9729,2.2099438,0.11941542,0.7662794589996338,0.05,3.558116,2.2866647
9730,2.1244087,0.0963545,0.85,0.05,5.1376557,1.6499255
9731,2.2256587,0.10402454,0.7475194931030273,0.030501972883939743,3.0240438,2.039258
9732,2.241855,0.19701625,0.85,0.015024282038211823,2.6635568,2.3862684
9733,2.198186,0.1290065,0.8433529734611511,0.010068909265100956,3.3275135,1.8880141
9734,2.1705482,0.14654434,0.85,0.05,4.363412,1.7235229
9735,2.1840563,0.12353575,0.85,0.05,4.067171,1.8271254
9736,2.2837403,0.08807105,0.8408064246177673,0.05,2.1687598,2.711965
9737,2.158391,0.09622211,0.85,0.05,4.558347,1.635681
9738,2.2729084,0.091618046,0.7923966646194458,0.03811664506793022,2.55612,2.742176
9739,2.2681935,0.15968572,0.6224073171615601,0.07110019773244858,2.0694964,2.6033373
9740,2.2354116,0.11082511,0.85,0.05,3.1003218,2.2910402
9741,2.2269022,0.13503733,0.5870410799980164,0.04242320358753204,3.0037332,2.5884314
9742,2.165254,0.12945889,0.85,0.02819417044520378,3.7070463,2.1192176
9743,2.191741,0.12200691,0.7701998949050903,0.040443386882543564,3.1484523,2.0235968
9744,2.1289074,0.13585897,0.85,0.05,4.759991,1.6017556
9745,2.1542466,0.19795983,0.6616523861885071,0.02748952805995941,3.5061913,2.1342363
9746,2.2139165,0.14891183,0.85,0.006063022185117006,3.1552951,1.959709
9747,2.2039802,0.084824,0.8236850500106812,0.03987904638051987,3.977601,2.1716263
9748,2.1870356,0.1089088,0.8448293209075928,0.02695315144956112,4.299765,2.1638808
9749,2.2125945,0.044457205,0.8273142576217651,0.05,3.6651247,2.028377
9750,2.140335,0.13503449,0.7002032399177551,0.05531516671180725,4.1451426,2.8427236
9751,2.1440842,0.12827604,0.85,0.05,4.6331644,2.065843
9752,2.1866174,0.08183061,0.798663854598999,0.0321572870016098,3.863765,2.0040448
9753,2.2129588,0.16985016,0.85,0.008187159895896912,2.9753342,2.550959
9754,2.1286688,0.17163071,0.8009451627731323,0.05,4.236192,1.6927977
9755,2.159301,0.124084845,0.85,0.05,4.350406,1.9358435
9756,2.0563734,0.18339455,0.85,0.05,5.777202,1.3357139
9757,2.1707647,0.11539872,0.7885108590126038,0.03550237789750099,3.928945,1.5876614
9758,2.168877,0.13456388,0.85,0.05,4.4312253,2.0937343
9759,2.2371204,0.14493582,0.8303924798965454,0.01271560788154602,2.630514,2.2002528
9760,2.1838727,0.123427466,0.810870349407196,0.05,3.4709213,2.1496375
9761,2.188206,0.1302357,0.42889851331710815,0.039508987218141556,3.5156775,2.1525958
9762,2.280237,0.058376025,0.85,0.05,2.4819167,2.3690357
9763,2.259102,0.13672769,0.672810435295105,0.011564213782548904,2.339283,2.575283
9764,2.2518873,0.11023769,0.7355214357376099,0.05,2.5356603,2.0676568
9765,2.2052262,0.08841591,0.6974620819091797,0.02814635820686817,3.749047,2.3418665
9766,2.1631153,0.13480237,0.5581197142601013,0.05,4.7166376,1.780724
9767,2.1648586,0.077042155,0.8411359190940857,0.027190007269382477,4.736279,2.0618665
9768,2.1615708,0.123737395,0.85,0.05,4.280278,2.2532527
9769,2.231563,0.14365737,0.834450364112854,0.05,2.4245784,2.5274632
9770,2.1864643,0.088884845,0.85,0.012136596255004406,4.0557413,2.075033
9771,2.1774096,0.16327637,0.85,0.05,3.6828523,2.1021948
9772,2.2496567,0.13034888,0.85,0.05,2.798086,2.4461417
9773,2.2302942,0.1466997,0.85,0.030014600604772568,2.8796196,2.6928263
9774,2.1913621,0.14992201,0.8371565341949463,0.00329896854236722,3.2488587,2.2998416
9775,2.230389,0.044337966,0.582255482673645,0.03550541400909424,3.959465,2.2816064
9776,2.1142666,0.13394898,0.8155484199523926,0.06479229032993317,5.056258,1.9745799
9777,2.1305077,0.12480992,0.85,0.05,4.770394,1.6287479
9778,2.2380834,0.10656051,0.85,0.05,2.5989985,2.7909656
9779,2.188525,0.13597599,0.6991615891456604,0.05,3.4501526,1.7168392
9780,2.1320338,0.13942091,0.85,0.05,4.8048906,1.6084586
9781,2.1206112,0.10934134,0.85,0.05,4.6913185,1.7334275
9782,2.1742551,0.16912347,0.85,0.05,3.591522,1.9430048
9783,2.1721637,0.07174416,0.7927168607711792,0.02082391269505024,4.176411,2.320419
9784,2.2155778,0.06812382,0.8345368504524231,0.05,3.926666,2.0711849
9785,2.2590818,0.15072408,0.8487129807472229,0.035581763833761215,2.715215,2.4255128
9786,2.171105,0.11885445,0.85,0.05,3.9978285,2.0595944
9787,2.178593,0.024617923,0.6628175377845764,0.041881013661623,4.6931424,1.5388802
9788,2.1770284,0.09848018,0.85,0.015937425196170807,4.370272,2.1040256
9789,2.1807966,0.15690146,0.8400250673294067,0.01601141318678856,3.4609811,2.3677263
9790,2.186283,0.0755532,0.85,0.05,4.155902,2.003492
9791,2.1421573,0.1355185,0.6826229691505432,0.053164321929216385,4.4779334,2.0809364
9792,2.252121,0.11969403,0.85,0.02410789392888546,2.7628205,2.7500153
9793,2.2289393,0.09244747,0.8355958461761475,0.05,3.6534183,1.9370182
9794,2.088428,0.19628479,0.85,0.05,4.7965274,1.5971917
9795,2.1079872,0.16764398,0.8195309638977051,0.05,4.60192,1.9245472
9796,2.161302,0.15642151,0.85,0.05,4.085743,2.0835955
9797,2.1413276,0.13254926,0.8415420651435852,0.05,4.0243073,1.8974841
9798,2.167436,0.14463344,0.8185704946517944,0.03968529775738716,4.026258,2.2051578
9799,2.164904,0.14520222,0.5439333319664001,0.01135115884244442,4.100021,1.9551924
9800,2.2171147,0.13238409,0.85,0.005464052781462669,2.476229,2.2750607
9801,2.2208493,0.08345183,0.6908281445503235,0.04127427190542221,3.6314883,2.1850858
9802,2.1663556,0.16922359,0.8105996251106262,0.05,4.010905,1.7301508
9803,2.2856462,0.12257974,0.8071281909942627,0.010546057485044003,2.1318529,2.6751807
9804,2.2024198,0.12184985,0.85,0.05,2.958747,2.6434002
9805,2.1292002,0.20484193,0.85,0.05,4.4705076,1.8344202
9806,2.1630895,0.065717064,0.85,0.006576284300535917,4.2499986,1.8061316
9807,2.213888,0.12937419,0.8380510807037354,0.050091907382011414,3.0540235,2.8626854
9808,2.2482474,0.056437686,0.7220795750617981,0.05,3.0306613,2.6133518
9809,2.1747255,0.104921736,0.85,0.05,4.0117955,1.6474122
9810,2.148713,0.15341836,0.85,0.05,4.37536,2.1160944
9811,2.2337666,0.1363358,0.85,0.03078441321849823,2.8950386,2.2332828
9812,2.2184708,0.15713345,0.7979300022125244,0.06869097799062729,2.8177588,2.8293223
9813,2.137801,0.0813522,0.85,0.02907177060842514,5.210053,2.109907
9814,2.126048,0.13773479,0.85,0.05,4.7058525,1.8694342
9815,2.2160597,0.13491452,0.85,0.021419648081064224,2.9306083,2.134948
9816,2.121505,0.13059612,0.85,0.05,4.76022,1.7469752
9817,2.1335864,0.08453235,0.8317579627037048,0.018477365374565125,4.6252213,1.5821
9818,2.125144,0.10433747,0.85,0.05,4.7289166,1.50476
9819,2.1620152,0.12288436,0.85,0.05,4.1860523,2.0240154
9820,2.2523205,0.14490338,0.8217555284500122,0.05,2.1460295,2.6572058
9821,2.25335,0.11205662,0.7133398652076721,0.02261485904455185,2.650679,2.6436207
9822,2.0974224,0.12150981,0.85,0.05,5.7357745,1.5889217
9823,2.2523599,0.07055277,0.8315210342407227,0.020661862567067146,2.821531,2.4437263
9824,2.242896,0.11550294,0.85,0.03257270157337189,3.0596485,2.117379
9825,2.163359,0.12716588,0.6742284297943115,0.030901895835995674,3.8968663,2.5789163
9826,2.1349385,0.12980133,0.8434276580810547,0.05,4.6869297,2.3100371
9827,2.2333028,0.1355655,0.8145601153373718,0.04613962769508362,2.2229593,2.5306818
9828,2.271709,0.13947858,0.8183920979499817,0.04139579087495804,2.224179,2.891653
9829,2.3191628,0.11477718,0.8201685547828674,0.03968781232833862,2.2328713,2.8303008
9830,2.181184,0.13127637,0.85,0.05,4.1674895,2.0130193
9831,2.1799316,0.1431218,0.85,0.05,3.5544372,2.23733
9832,2.1545882,0.17498592,0.85,0.05,3.918837,2.0395074
9833,2.185221,0.14590618,0.85,0.05,3.8808837,1.9579893
9834,2.1860638,0.1486316,0.85,0.05,3.8094525,2.0908206
9835,2.2650878,0.14742933,0.7490957975387573,0.05470478907227516,2.2973757,2.5427403
9836,2.2221546,0.09245397,0.8289229273796082,0.04969712346792221,3.1991599,2.6922936
9837,2.1634085,0.17893055,0.79851895570755,0.010250560007989407,3.737659,2.1257694
9838,2.2146597,0.17996158,0.807784378528595,0.0029164396692067385,2.1676626,2.0656505
9839,2.1758747,0.123726845,0.85,0.05,4.5114126,2.1118004
9840,2.2771363,0.16171871,0.7892513871192932,0.07136836647987366,2.2863462,2.8060043
9841,2.2051651,0.14030424,0.85,0.017985455691814423,3.2425659,2.4793184
9842,2.1657171,0.11739982,0.8088716268539429,0.05,4.0920196,2.3111818
9843,2.2308815,0.13912936,0.8315524458885193,0.03835116699337959,2.6198146,2.8804462
9844,2.2220254,0.13138689,0.85,0.05,2.753572,2.1172168
9845,2.2038982,0.117328234,0.85,0.021934162825345993,3.4895506,2.1857607
9846,2.2506757,0.1119318,0.6869308352470398,0.044499848037958145,3.10785,2.303135
9847,2.1599405,0.084890395,0.8251751065254211,0.026286020874977112,4.365358,1.6798521
9848,2.1967478,0.11174125,0.85,0.05,3.6310506,2.0297043
9849,2.2521663,0.06865529,0.8295370936393738,0.011342382989823818,2.9135342,2.2163076
9850,2.1316998,0.15972105,0.85,0.05,4.592935,1.6658376
9851,2.1374717,0.14715388,0.85,0.0171402245759964,4.726868,2.0863607
9852,2.2107432,0.11306562,0.85,0.05,3.9271827,2.0894744
9853,2.2062387,0.116061054,0.843189001083374,0.022739771753549576,3.5501757,2.4948585
9854,2.1743453,0.17590585,0.85,0.036081790924072266,3.9542277,2.1740737
9855,2.1909437,0.12857161,0.85,0.005637750495225191,3.651679,2.3366337
9856,2.1503878,0.095570154,0.85,0.05,4.6615934,2.132062
9857,2.198893,0.11475467,0.837360143661499,0.03163393959403038,4.0383873,2.0823786
9858,2.10797,0.060254756,0.8080476522445679,0.01078685000538826,5.9644814,1.3863599
9859,2.140086,0.13930796,0.7968625426292419,0.04711741954088211,4.4798675,1.6833715
9860,2.2625453,0.06668316,0.8102235198020935,0.05,2.9587505,2.3542852
9861,2.2138667,0.14410295,0.8360342979431152,0.05,3.1667895,2.2330549
9862,2.2173688,0.09393472,0.5592013597488403,0.025206001475453377,3.2134264,2.00232
9863,2.2097256,0.1199714,0.8360620141029358,0.045165617018938065,3.5792077,2.4576976
9864,2.2822657,0.117950276,0.631104588508606,0.06724274158477783,2.356814,2.2768166
9865,2.1389322,0.16308093,0.8257431387901306,0.031243134289979935,4.572581,1.7427995
9866,2.1394212,0.114009656,0.85,0.05,4.6335335,1.7712421
9867,2.1789086,0.0942467,0.8343181610107422,0.03197317570447922,3.9141972,2.2003887
9868,2.2325,0.12440992,0.8387755155563354,0.05,2.9027033,2.809597
9869,2.3186736,0.09928559,0.4131150543689728,0.05333596467971802,2.0249643,2.5033078
9870,2.2115436,0.121604,0.8196671009063721,0.04929447919130325,3.3723664,2.1414528
9871,2.2476797,0.13947763,0.8294718861579895,0.06371449679136276,2.69207,2.6693532
9872,2.1196964,0.11196117,0.8455440402030945,0.012079973705112934,4.8275137,1.7929404
9873,2.1118078,0.14722785,0.8493393063545227,0.01970934122800827,4.546197,1.961138
9874,2.1351202,0.14926091,0.85,0.05,4.4593625,1.7618141
9875,2.187806,0.15102127,0.85,0.05,3.4753418,1.8650823
9876,2.1365805,0.15141667,0.5320526957511902,0.052998632192611694,4.35179,2.3944454
9877,2.1345088,0.16611485,0.85,0.05,4.342167,1.7085687
9878,2.1348686,0.12496451,0.8195080161094666,0.05,3.6505363,1.5405957
9879,2.1773257,0.11604592,0.85,0.05,4.041449,2.1489651
9880,2.1825454,0.12857316,0.85,0.05,4.2246876,2.1828256
9881,2.2309237,0.22638799,0.830272376537323,0.048895213752985,2.5022633,2.1789494
9882,2.1675904,0.123777114,0.85,0.05,4.344866,2.1037416
9883,2.2427518,0.13914104,0.7687201499938965,0.05,2.4731257,2.5601275
9884,2.2002122,0.12687284,0.85,0.05,3.270654,2.3784368
9885,2.1762414,0.16477583,0.85,0.006703753490000963,3.2947965,2.5686831
9886,2.1658971,0.17370528,0.41240909695625305,0.04349164664745331,3.581356,2.4991434
9887,2.1651158,0.09336603,0.85,0.05,3.9630232,2.536328
9888,2.0841787,0.1747452,0.5645073652267456,0.04601117968559265,4.9700346,1.6150914
9889,2.1958182,0.12370304,0.85,0.05,3.518184,2.3340342
9890,2.1681828,0.118401624,0.85,0.0129343681037426,3.5130045,2.3064668
9891,2.1478388,0.10195059,0.85,0.013499743305146694,4.783323,2.0178664
9892,2.2024324,0.08821548,0.625235378742218,0.05,3.4751413,2.04638
9893,2.1684742,0.103244364,0.85,0.05,3.7107313,1.5657965
9894,2.2253003,0.019456346,0.85,0.05,3.5336716,2.0072236
9895,2.1687732,0.16299243,0.85,0.010559264570474625,3.7929876,2.1236534
9896,2.1841006,0.06040731,0.85,0.05,4.353272,1.7717528
9897,2.1492589,0.16010223,0.8286154270172119,0.039016708731651306,3.816989,2.3468387
9898,2.1603801,0.09484173,0.818290650844574,0.05,3.9299664,2.015978
9899,2.144741,0.13436928,0.85,0.05,4.6239486,2.2533028
9900,2.2729115,0.14324923,0.5319156050682068,0.08897954225540161,2.470277,2.2509263
9901,2.182885,0.14525068,0.8471910357475281,0.019612517207860947,3.794795,2.381392
9902,2.1708634,0.1880902,0.7414385676383972,0.049224212765693665,3.4340692,2.2504787
9903,2.134121,0.09576394,0.8202512264251709,0.036390673369169235,4.476086,1.7974771
9904,2.2620814,0.11052698,0.85,0.05,2.3112464,2.186559
9905,2.1816597,0.15964842,0.85,0.05,3.841838,2.0454693
9906,2.3031356,0.10145507,0.7968461513519287,0.06627537310123444,2.1771295,2.7704976
9907,2.1472793,0.15262318,0.5049304366111755,0.007088515441864729,3.7071154,2.1621938
9908,2.1801803,0.0724806,0.85,0.05,4.1993704,2.3354888
9909,2.1630018,0.13130726,0.7993959784507751,0.006711563095450401,4.0429482,2.0850046
9910,2.1437292,0.11354128,0.85,0.05,4.729823,1.539579
9911,2.154799,0.12236772,0.85,0.05,4.531169,1.9627036
9912,2.1739283,0.12512304,0.5002551078796387,0.013585636392235756,3.9133046,2.0851126
9913,2.1626365,0.13715875,0.85,0.00842312816530466,4.0620112,2.0682933
9914,2.196949,0.07500609,0.85,0.05,4.2061296,2.002061
9915,2.253425,0.083149895,0.814062237739563,0.05,2.705611,2.5013864
9916,2.1217203,0.1268137,0.85,0.05,4.4945617,1.5762317
9917,2.2871656,0.1409935,0.7682667374610901,0.04804518446326256,2.490984,2.669865
9918,2.2079728,0.1308006,0.85,0.05,3.481947,2.5396562
9919,2.194585,0.11603484,0.85,0.006604008376598358,3.5782275,2.2768137
9920,2.1434555,0.11048495,0.8385710120201111,0.008254162035882473,4.2699823,1.763765
9921,2.1741507,0.11382568,0.85,0.05,4.1450515,1.8428639
9922,2.241695,0.13320355,0.8187068104743958,0.023386701941490173,2.3641248,2.7697341
9923,2.2171164,0.088855356,0.6838184595108032,0.05,3.555506,2.2750278
9924,2.243417,0.14068526,0.798868715763092,0.05472858250141144,3.0253005,2.7424898
9925,2.2234318,0.13555267,0.823921263217926,0.05025603249669075,3.0898216,2.1658127
9926,2.188839,0.14329275,0.85,0.021272113546729088,3.5440621,2.6882355
9927,2.2581494,0.13454996,0.85,0.016911428421735764,2.4033582,2.0872588
9928,2.122835,0.13618979,0.8308776617050171,0.033246561884880066,5.1993732,1.6506137
9929,2.2020464,0.106957965,0.85,0.05,3.997066,1.979601
9930,2.1909003,0.11527241,0.85,0.05,3.653975,2.516169
9931,2.1422124,0.14674419,0.6885078549385071,0.04769919440150261,4.5176234,1.7939352
9932,2.2604997,0.12539351,0.85,0.034667082130908966,2.6080408,2.5143003
9933,2.2269626,0.16384062,0.85,0.05,3.0395935,2.4279876
9934,2.218275,0.13463174,0.8093225955963135,0.006887716241180897,2.92849,2.156493
9935,2.166902,0.13688779,0.85,0.05,3.8440454,2.002349
9936,2.1720355,0.1274743,0.85,0.024809936061501503,4.4917946,1.9604672
9937,2.1354687,0.13163188,0.85,0.05,4.736309,2.057
9938,2.2366471,0.09231816,0.85,0.05,2.950273,2.7495477
9939,2.2129116,0.12659991,0.85,0.0033459560945630074,3.2747834,2.5216987
9940,2.2909234,0.11189095,0.85,0.006801636889576912,2.0401895,2.643197
9941,2.2211874,0.0979,0.8187389969825745,0.03648611158132553,2.7425647,2.851809
9942,2.163553,0.117060475,0.8372054100036621,0.05,4.155116,2.1783614
9943,2.1852727,0.11538782,0.85,0.01903330534696579,3.8812594,2.1734376
9944,2.1591403,0.10356843,0.8164025545120239,0.052405089139938354,4.098052,2.3143091
9945,2.1826632,0.039293338,0.8266603350639343,0.016778161749243736,4.771361,1.7171711
9946,2.2457097,0.097596705,0.8072599172592163,0.023151084780693054,2.719713,2.3268962
9947,2.2207696,0.13885507,0.8119604587554932,0.06493528187274933,2.9287338,2.802857
9948,2.2062964,0.10191328,0.6332186460494995,0.019574929028749466,3.3236606,2.8147798
9949,2.1864707,0.15670148,0.8362398743629456,0.042229942977428436,3.4487972,2.5104656
9950,2.1403282,0.0782677,0.85,0.05,4.994403,1.6120437
9951,2.1612852,0.10536709,0.8434088826179504,0.020651675760746002,4.2853804,2.1976001
9952,2.173999,0.13962658,0.85,0.05,4.186346,2.0871744
9953,2.1104758,0.124578096,0.85,0.05,4.8402,1.5863149
9954,2.1771433,0.09166411,0.8483017086982727,0.05,4.1392574,1.7962978
9955,2.149614,0.1473013,0.85,0.05,3.829769,1.4723532
9956,2.183719,0.1295014,0.85,0.05,3.7031076,2.390384
9957,2.1516204,0.12616831,0.8383434414863586,0.05,4.49726,1.6666923
9958,2.2544947,0.15910652,0.5460385680198669,0.044669944792985916,2.6995747,2.614475
9959,2.1098022,0.15813495,0.7231740355491638,0.025994280353188515,4.686996,1.6686969
9960,2.1924307,0.12050455,0.8404934406280518,0.010662945918738842,3.5237021,2.1843078
9961,2.1793528,0.11553321,0.85,0.05,3.3431702,2.0082002
9962,2.2141573,0.15162218,0.85,0.05,2.9491596,2.6431098
9963,2.2627094,0.0687304,0.8216612935066223,0.05,2.612428,2.0729198
9964,2.1307542,0.15533717,0.85,0.05,4.6019053,1.7246814
9965,2.2568831,0.0927647,0.8438514471054077,0.022740237414836884,2.8195553,1.9103041
9966,2.183556,0.12531659,0.8234553933143616,0.05,3.9426785,1.9642081
9967,2.1808586,0.13116904,0.85,0.05,4.178499,1.9374517
9968,2.17847,0.13144203,0.85,0.05,3.717544,2.300298
9969,2.1789572,0.08373595,0.85,0.03520010784268379,4.210618,2.675248
9970,2.1867356,0.14610742,0.8169000744819641,0.019420959055423737,3.5517402,2.0148795
9971,2.205322,0.13669938,0.85,0.03748782351613045,3.6606162,2.417112
9972,2.2290673,0.13765056,0.8373808264732361,0.05,3.3126922,2.5494328
9973,2.192449,0.09085471,0.8370007872581482,0.05,4.0070004,1.778973
9974,2.1900582,0.106005125,0.7258495092391968,0.0644887313246727,3.8420262,2.8635995
9975,2.266642,0.10274658,0.85,0.029652973636984825,2.6107383,2.4831536
9976,2.1546926,0.16112953,0.85,0.05,3.893583,1.8602194
9977,2.1218748,0.0887649,0.85,0.02172592468559742,5.105506,1.4965084
9978,2.169332,0.11732634,0.5204974412918091,0.0701908990740776,3.838813,1.8987665
9979,2.2503889,0.09741227,0.545261561870575,0.05492572486400604,2.7711675,2.7490025
9980,2.10571,0.10982688,0.85,0.05,5.108973,1.6291927
9981,2.1631138,0.13020521,0.85,0.005366112105548382,4.4863086,2.0841718
9982,2.1482012,0.112950474,0.7050817012786865,0.05,4.6295714,1.7895728
9983,2.2370021,0.114025444,0.8457867503166199,0.05,3.009528,2.6555648
9984,2.100507,0.11913351,0.85,0.05,5.9959474,1.4366376
9985,2.1239042,0.11406297,0.85,0.05,5.0157804,2.2875042
9986,2.1886802,0.15520576,0.85,0.05,3.8240364,2.3097637
9987,2.166354,0.14447048,0.85,0.05,3.991081,2.0582042
9988,2.1491723,0.15773691,0.85,0.009936364367604256,4.2755013,2.0388222
9989,2.302178,0.13561057,0.5482155084609985,0.05346498638391495,2.067677,2.7921062
9990,2.181043,0.10444476,0.85,0.05,3.579774,2.1122737
9991,2.1702487,0.10941557,0.6691306829452515,0.006533355452120304,4.2446756,1.7504648
9992,2.2613187,0.22435617,0.6609407663345337,0.040747351944446564,2.2212791,2.5751235
9993,2.152575,0.1365783,0.85,0.05,3.8721833,1.6284624
9994,2.2323942,0.1578926,0.85,0.0077024525962769985,2.5662527,2.2403872
9995,2.174053,0.14159416,0.85,0.014065218158066273,3.9054618,2.047039
9996,2.1979797,0.12973067,0.7149620652198792,0.002970735775306821,2.884626,2.6015947
9997,2.1111586,0.064933136,0.8269387483596802,0.030083471909165382,5.0218105,1.374932
9998,2.120931,0.12546936,0.85,0.05,4.8964205,1.5954905
9999,2.1788561,0.11011708,0.85,0.011396506801247597,3.930039,2.1397448
