,posterior_g1,posterior_g2,posterior_g3,posterior_g4,posterior_phi,posterior_sigma,posterior_beta3,posterior_rho
0,2.2827563,-0.099610046,-0.29673564,0.50476146,0.7648612260818481,0.2455888,3.8926537,2.298806
1,2.1854336,0.12889072,-0.2583471,0.49425307,0.7347134351730347,0.25208625,3.9823587,1.6105185
2,2.1570199,-0.009945548,-0.13755189,0.49200732,0.7762896418571472,0.2298399,4.5985804,2.452282
3,2.2717516,-0.13354883,-0.2343118,0.45788112,0.7665910720825195,0.222958,4.077467,2.4441347
4,2.249056,-0.11765389,-0.32921866,0.5099601,0.85,0.18022631,5.2528853,2.1432402
5,2.3876495,-0.0364965,-0.28269383,0.5185166,0.45587193965911865,0.23608194,2.2001204,2.3193862
6,2.2733753,-0.06254823,-0.32171652,0.5276218,0.8075119853019714,0.19565679,4.025211,2.1921902
7,2.3046992,-0.013117927,-0.2610444,0.5027982,0.8331561088562012,0.17236675,2.9050195,2.1403162
8,2.2837913,0.040143166,-0.18500486,0.37608886,0.5804659724235535,0.27454075,2.6493065,2.335227
9,2.3586357,-0.023527088,-0.38315594,0.5490137,0.7487806081771851,0.23802786,3.0169964,2.3735132
10,2.3048835,0.0194359,-0.33453435,0.42417502,0.6520082950592041,0.30729967,3.4635136,2.4905317
11,2.229353,-0.012674811,-0.1974974,0.55032164,0.6883642673492432,0.27618694,3.4570355,2.6760123
12,2.3054786,-0.10857502,-0.19289443,0.31547478,0.7531529068946838,0.2505,2.9941761,2.0209258
13,2.318258,0.005657439,-0.21231402,0.3173257,0.5564418435096741,0.2848368,2.78313,2.2569077
14,2.2856293,-0.0019505605,-0.22334258,0.38196775,0.7468605041503906,0.25402412,3.1898139,2.7599263
15,2.1877358,0.04540307,-0.19658028,0.38469297,0.7473664283752441,0.25660554,4.3308835,2.7503338
16,2.2781334,-0.042221166,-0.1906994,0.45938474,0.7988759279251099,0.21443169,3.1253839,2.2334416
17,2.235968,-0.04470065,-0.3186472,0.46935686,0.7408231496810913,0.25513405,5.4685154,2.4502108
18,2.2025502,-0.0043259934,-0.23845947,0.4789917,0.7888996005058289,0.23446208,4.2350845,2.2617521
19,2.4385524,-0.07829131,-0.30970824,0.4713326,0.4524831175804138,0.24094659,2.2537112,2.183725
20,2.28276,-0.0065532513,-0.19159682,0.4510852,0.6552079916000366,0.26457092,2.757002,2.4965267
21,2.3482666,-0.12263474,-0.33601746,0.50771594,0.7685551047325134,0.2045048,2.6259513,1.4476416
22,2.176899,-0.090689406,-0.14667632,0.39459124,0.719272255897522,0.2752738,5.6288896,2.7358153
23,2.1997797,0.023832627,-0.16287275,0.5023573,0.8184716105461121,0.19563617,3.4550755,2.3323805
24,2.2031147,0.037335627,-0.23568712,0.3063737,0.6997073888778687,0.27879435,4.586017,2.8098822
25,2.1968565,0.05424093,-0.20183891,0.4927402,0.7971005439758301,0.22758578,3.450833,2.5641358
26,2.2805421,0.014148167,-0.20406824,0.48592907,0.6177352070808411,0.16159934,2.2489429,1.2725241
27,2.3621826,-0.089167394,-0.28190762,0.42145425,0.5688031315803528,0.27247795,3.1563916,2.5815258
28,2.3107357,-0.019115414,-0.26604402,0.33711162,0.6776149272918701,0.22844966,3.2541857,1.8118123
29,2.3223653,-0.035323627,-0.23434123,0.47514147,0.7388085126876831,0.2140538,2.6103315,2.2205567
30,2.1897278,-0.00043939342,-0.23373635,0.3158679,0.8143593668937683,0.21978983,5.9730015,2.7984536
31,2.2334938,-0.053818524,-0.1717416,0.40979624,0.7788082957267761,0.24960972,3.3069673,2.7587178
32,2.425864,-0.11867602,-0.3125337,0.47898477,0.4739045798778534,0.28924713,2.6483688,2.4507852
33,2.1954236,0.0069039343,-0.18260787,0.43306905,0.8163498640060425,0.22868834,3.9273727,2.7682517
34,2.287464,-0.092361435,-0.21217293,0.3028046,0.85,0.18046741,3.3296714,2.0036213
35,2.308115,-0.03190963,-0.16841485,0.5132442,0.40787792205810547,0.3035534,2.459587,2.0910583
36,2.3984525,-0.028597176,-0.24431589,0.46801403,0.6949456334114075,0.15070118,2.1124358,1.3858036
37,2.12194,-0.024099762,-0.1632443,0.45147434,0.7759342789649963,0.2581,6.9513845,2.7694156
38,2.3100734,-0.08557323,-0.23142709,0.45520663,0.6878687143325806,0.28496996,3.4354095,2.5048978
39,2.3434482,-0.05964406,-0.2583762,0.5820368,0.6792364120483398,0.2300236,2.4676855,2.3416464
40,2.3271415,0.032046303,-0.2241222,0.45190442,0.30680474638938904,0.34275484,2.6201668,2.895992
41,2.241618,-0.1141086,-0.12797938,0.25658804,0.8354286551475525,0.2106688,4.288362,2.9032776
42,2.199015,0.13492693,-0.16612937,0.44243234,0.6613019704818726,0.2589085,3.086536,2.3323932
43,2.2396085,-0.039370857,-0.19985184,0.4874527,0.8426818251609802,0.21193641,3.6386395,2.393173
44,2.1479065,0.060358718,-0.16871738,0.47950548,0.8372719287872314,0.21137302,4.252625,2.254736
45,2.1764312,0.023134328,-0.20590244,0.44898254,0.7694275975227356,0.22886775,4.914023,2.6552324
46,2.1319818,0.108608015,-0.13478367,0.4947689,0.7773239016532898,0.24761912,3.644431,2.4361415
47,2.10677,-0.055828974,-0.15083574,0.60699725,0.7037431597709656,0.30713475,7.9246354,2.8886592
48,2.2623982,-0.08067756,-0.2468543,0.52051985,0.828684389591217,0.19963218,3.5720274,2.7473328
49,2.3713493,-0.05303309,-0.2694354,0.47772995,0.596586287021637,0.27003554,2.459625,2.442085
50,2.3894138,0.014471437,-0.2939114,0.5468932,0.5214459300041199,0.20942956,2.1818511,1.6877764
51,2.316544,-0.078900374,-0.22993879,0.44823292,0.7359889149665833,0.23902032,3.2364345,2.705529
52,2.2027125,-0.0071501657,-0.16496606,0.4568147,0.7913238406181335,0.20564444,3.3080032,1.9266824
53,2.2705903,-0.06810905,-0.20693414,0.506716,0.7120966911315918,0.2572219,3.5721378,1.9951721
54,2.4171963,-0.13825093,-0.13244909,0.6143541,0.38076311349868774,0.21147984,2.0732424,1.6587671
55,2.3706343,0.026923314,-0.28500542,0.4646302,0.763393223285675,0.13530211,2.114622,1.7285389
56,2.3309624,-0.054809745,-0.27274925,0.3747614,0.7863054275512695,0.19890994,2.917733,2.4818277
57,2.3837018,-0.0542693,-0.32953313,0.46820423,0.584658682346344,0.30674082,2.4256313,2.7136307
58,2.2717056,-0.022858255,-0.25316066,0.41905403,0.7341374158859253,0.2663837,3.758323,2.577573
59,2.3610198,-0.0032893405,-0.3482591,0.46000707,0.5902071595191956,0.06552017,1.9757222,0.9548339
60,2.31546,-0.08814732,-0.2297464,0.3859579,0.6513785719871521,0.2662493,3.290216,2.3823333
61,2.3354774,0.0102873705,-0.26230007,0.38036495,0.4939478635787964,0.27519175,2.5429575,1.8894733
62,2.3266678,0.038941506,-0.25527248,0.36837688,0.5490013360977173,0.29292712,2.7130942,2.6468816
63,2.3671496,-0.08789132,-0.22758795,0.5080515,0.8418758511543274,0.13004053,2.3282745,2.0309308
64,2.2792623,0.06024094,-0.26734525,0.5669331,0.6336718797683716,0.2478287,2.979238,2.4091716
65,2.3547826,-0.0123338895,-0.27515253,0.5244319,0.6800252199172974,0.20351124,2.305978,1.8825153
66,2.3573108,-0.09562716,-0.32583517,0.524405,0.7679423689842224,0.21430553,2.9980392,1.9375561
67,2.2773635,-0.054024313,-0.20016825,0.5700464,0.8173570036888123,0.21954057,2.9666405,2.8880777
68,2.2975807,-0.03427125,-0.24851204,0.49305576,0.7248873114585876,0.22741958,3.0941124,2.4031844
69,2.302164,-0.028053297,-0.27388647,0.4061897,0.781338632106781,0.1971113,2.849845,1.4384289
70,2.3215601,-0.0009252812,-0.26150528,0.47467837,0.835740864276886,0.16036914,2.5152514,1.9674758
71,2.3052707,-0.053703275,-0.2008272,0.54261327,0.6080254316329956,0.28045747,2.8828077,2.5645201
72,2.2472816,-0.02103559,-0.28698704,0.48894814,0.7938573956489563,0.21983555,3.898871,2.16502
73,2.2309313,-0.0007060749,-0.12540586,0.31571588,0.8059091567993164,0.24343605,3.64653,2.6747012
74,2.3287282,-0.16403618,-0.24194679,0.60104775,0.6210797429084778,0.3092171,3.3848991,2.616222
75,2.2016225,-0.048223007,-0.17901257,0.3849993,0.8063555955886841,0.20647761,4.3280005,2.3181603
76,2.2432764,-0.0835555,-0.20731573,0.5547284,0.8030387759208679,0.19148953,3.2366073,2.0914886
77,2.151205,0.10876325,-0.19238786,0.49944854,0.8367727994918823,0.19179636,4.0752263,2.5094395
78,2.3218472,-0.04184616,-0.34178874,0.5079317,0.8455577492713928,0.18711998,3.1629584,1.9223814
79,2.2536297,0.027163843,-0.20219836,0.4658517,0.6924479007720947,0.27540037,2.976632,2.818291
80,2.2491004,-0.0037351635,-0.11888776,0.43012184,0.7409462928771973,0.22881293,2.7531784,1.6900659
81,2.4098885,-0.10287461,-0.2699362,0.5332452,0.3765738308429718,0.31644744,2.3644543,2.135193
82,2.3684137,-0.032643087,-0.31347024,0.5175699,0.8091121315956116,0.18729341,2.5172405,1.9342238
83,2.3032,-0.035112742,-0.2741641,0.53656363,0.761630117893219,0.24829783,2.9697187,2.8104317
84,2.298908,-0.09515804,-0.28564838,0.33988377,0.7242745161056519,0.27001703,3.9544544,2.7928112
85,2.3422925,-0.057176877,-0.22473663,0.5253621,0.6720821261405945,0.21960495,2.4629507,2.1294482
86,2.287116,0.0639188,-0.23957807,0.46593553,0.4815462529659271,0.3166601,2.8003068,2.1054304
87,2.33657,0.05250263,-0.36159405,0.33651805,0.8098651766777039,0.19803211,2.9994915,1.8814378
88,2.3278797,-0.11316444,-0.35435203,0.45732906,0.801022469997406,0.22177286,4.0644507,2.30197
89,2.1552181,0.092243165,-0.16130185,0.47256362,0.7059184312820435,0.25898167,4.321814,2.8262777
90,2.2993789,-0.07796385,-0.13848473,0.58315444,0.6995489597320557,0.24730456,2.5694344,2.4597921
91,2.3031294,-0.030655954,-0.3012368,0.48379093,0.757177472114563,0.23042735,3.1333208,2.5380507
92,2.368321,-0.2039073,-0.28791046,0.43056193,0.8370962142944336,0.19936143,3.5340466,1.8692203
93,2.2238793,-0.0019108444,-0.20465042,0.42185608,0.85,0.18490583,3.9310317,1.6910259
94,2.2178466,-0.06912012,-0.15049428,0.45494026,0.8183956742286682,0.21190608,3.8649879,2.298143
95,2.2143233,-0.0014074709,-0.15145764,0.47818494,0.8246049880981445,0.20270543,3.3798428,2.4010768
96,2.3729968,-0.0739132,-0.29374838,0.5004272,0.6333383321762085,0.27328873,2.886804,2.6892202
97,2.4427695,0.0152655225,-0.23206559,0.40548477,0.2894861698150635,0.23519166,2.0499315,1.7148165
98,2.3769116,-0.063109905,-0.31699374,0.4803842,0.6909127831459045,0.20786619,2.4224513,1.5927367
99,2.2665792,0.00582183,-0.19797878,0.37435922,0.7241618037223816,0.24968971,3.2756264,2.2686665
100,2.2623477,-0.015762623,-0.20362203,0.40043047,0.7099334001541138,0.24733283,3.4328582,2.561492
101,2.2416737,0.11208595,-0.15046164,0.42833307,0.5035867094993591,0.3126317,2.3962486,2.57375
102,2.4698749,-0.038891017,-0.35961378,0.45798782,0.7730938196182251,0.09478548,1.9784164,1.4663802
103,2.169953,-0.024937639,-0.14588593,0.40883043,0.7147986888885498,0.2589301,5.3995934,2.882902
104,2.1570117,-0.009669098,-0.21330965,0.39422455,0.8325693011283875,0.23241621,5.5478334,2.8774626
105,2.2156181,0.0012364576,-0.25014374,0.48299038,0.7388019561767578,0.2615084,4.049088,2.8703365
106,2.3807225,0.065595165,-0.29668197,0.48240384,0.5826408267021179,0.22452986,2.1077368,2.4539657
107,2.1873984,0.0238772,-0.13396262,0.46763554,0.7725713849067688,0.22672652,3.7521014,2.2559297
108,2.3628938,-0.057311833,-0.26075855,0.44510785,0.5046864748001099,0.3220124,2.7232375,2.5706275
109,2.2082295,-0.04102604,-0.26784763,0.5425028,0.7434350252151489,0.2692896,4.8298664,2.540496
110,2.3459969,-0.0599851,-0.32589754,0.47800028,0.8011291027069092,0.21686125,3.1610823,2.6988773
111,2.174399,0.0304613,-0.27719268,0.57657397,0.795451819896698,0.22479413,5.1580935,2.3316512
112,2.2358236,-0.09154129,-0.30571422,0.53348863,0.7828267812728882,0.23312742,5.34081,2.5579462
113,2.3708427,0.026924625,-0.26432392,0.5240429,0.4603502154350281,0.21119653,2.138592,1.4289218
114,2.2176354,-0.02585067,-0.30956203,0.45216668,0.740470826625824,0.2584738,6.087813,2.7145743
115,2.4335554,0.033066057,-0.3639673,0.31887907,0.6888817548751831,0.16924845,2.1971076,1.5418106
116,2.33546,-0.12337743,-0.15016197,0.45627567,0.5451316833496094,0.2853388,2.5302935,2.2533545
117,2.1885138,-0.019485872,-0.22851418,0.45519713,0.8178398609161377,0.21772633,4.278837,2.4091313
118,2.1000147,-0.08207944,-0.1588431,0.5115827,0.7274713516235352,0.3072647,10.404117,2.8735554
119,2.3938012,-0.054651503,-0.23894663,0.4914196,0.6288903951644897,0.21271482,2.1539693,1.9889764
120,2.1723387,-0.09431917,-0.20964557,0.48140728,0.7168021202087402,0.29220408,6.19803,2.798195
121,2.3125937,-0.002108839,-0.2640153,0.4361973,0.6819009780883789,0.26441282,3.0378888,2.7880578
122,2.285001,-0.030399717,-0.2756299,0.42956248,0.7495251893997192,0.2276179,3.7712655,2.6889322
123,2.251508,-0.03714101,-0.35467163,0.49831778,0.7367799878120422,0.24264048,4.71132,2.2060285
124,2.1438386,-0.0013593677,-0.19319914,0.33477312,0.8030397295951843,0.2530795,7.050417,2.7074904
125,2.3175042,-0.01204174,-0.29470533,0.4886333,0.7835108637809753,0.22703694,2.989401,2.0862873
126,2.3374832,-0.08292401,-0.28881812,0.4607009,0.6876980066299438,0.29442272,3.480274,2.872115
127,2.3423038,-0.031956803,-0.35134465,0.57285935,0.660700261592865,0.28625473,3.1218781,2.8822205
128,2.2962275,-0.0042965203,-0.25559318,0.49648502,0.7353768944740295,0.23968898,3.0384016,2.5539944
129,2.1976388,-0.0017235952,-0.2730515,0.49026564,0.8146412968635559,0.22082967,4.839379,2.7937453
130,2.175089,-0.0060906406,-0.20031576,0.47479883,0.8429663181304932,0.1725648,4.6080604,1.8724195
131,2.3164792,-0.03001573,-0.28359297,0.28374243,0.7524651885032654,0.24201654,3.3616443,2.3646665
132,2.3349397,-0.08038057,-0.22669941,0.45187932,0.8058183789253235,0.16694316,2.5663714,1.9353502
133,2.2665706,-0.1305165,-0.26951125,0.4920438,0.7593442797660828,0.24993056,5.052469,2.6029348
134,2.2183788,-0.05614859,-0.21829717,0.46740493,0.7935923337936401,0.23152708,4.2410355,2.423038
135,2.286903,-0.0008581573,-0.22049981,0.5323561,0.6818093061447144,0.28231275,2.9613426,2.604771
136,2.2350771,-0.11850235,-0.20440783,0.57038593,0.7420073747634888,0.2599891,4.2586484,2.4050798
137,2.146407,-0.008851373,-0.10541527,0.49183387,0.7833774089813232,0.21685047,4.2025266,2.3379567
138,2.317689,-0.051418357,-0.19514063,0.4469931,0.8241399526596069,0.1481433,2.301971,1.2666769
139,2.2568336,-0.055742037,-0.1984315,0.41846946,0.7559016942977905,0.23191841,3.465305,2.286584
140,2.3436823,-0.053628966,-0.3841495,0.5480505,0.7418724298477173,0.2549358,3.6191254,2.2818658
141,2.2247474,0.11255054,-0.15473579,0.35730216,0.6957540512084961,0.26099324,2.2097056,2.471562
142,2.2465034,0.07862788,-0.2633203,0.50106084,0.8071717619895935,0.21720774,2.881983,2.7005818
143,2.3932972,-0.05229806,-0.29006007,0.45266065,0.4312346875667572,0.29529485,2.4831414,2.4403517
144,2.4303634,-0.0497454,-0.4024339,0.52534467,0.7575599551200867,0.16919297,2.206838,1.5960405
145,2.2568374,0.112787366,-0.30572876,0.3992651,0.7660088539123535,0.25028238,3.4678771,2.1519957
146,2.192966,-0.016160302,-0.1703824,0.53083,0.6774854063987732,0.3013844,4.1664658,2.6344614
147,2.1251855,0.030484788,-0.12639548,0.46866086,0.7842885851860046,0.22117162,4.4722624,1.5069429
148,2.189768,0.055912316,-0.21909882,0.4846351,0.7500451803207397,0.26168892,4.1109157,2.6153488
149,2.1575959,0.08799062,-0.26414236,0.49203756,0.85,0.17187174,4.370023,2.197254
150,2.2593794,-0.08826266,-0.26615363,0.58155596,0.7347639203071594,0.250905,4.098487,2.4855456
151,2.3014293,-0.011546865,-0.21299548,0.46740764,0.614988386631012,0.2969808,2.8597903,2.881237
152,2.2008524,-0.010759296,-0.20413582,0.42677888,0.719089925289154,0.2600286,4.60769,2.8778381
153,2.3297846,-0.089290075,-0.22755831,0.50710267,0.8007192611694336,0.18013166,2.5953822,2.2216828
154,2.255395,0.034943685,-0.25964966,0.4805027,0.7825478315353394,0.23805152,3.136759,2.602515
155,2.302646,-0.059551362,-0.16752137,0.522268,0.5385791063308716,0.26987413,2.6502252,2.64872
156,2.1166067,0.09150491,-0.107265145,0.41818094,0.6531547904014587,0.29100785,4.444455,2.871409
157,2.3387735,-0.0065196613,-0.24291298,0.3569213,0.7984908819198608,0.14311214,2.6262567,1.5673794
158,2.179558,0.07139995,-0.24615106,0.51547515,0.759126603603363,0.24865893,4.349694,2.47874
159,2.2930503,0.047823884,-0.29347822,0.35046726,0.8091986179351807,0.2096171,2.7029588,2.1484623
160,2.2782054,-0.018391201,-0.1640873,0.48456827,0.666878879070282,0.27109593,2.7182665,2.3707776
161,2.331149,-0.046774548,-0.3050414,0.5056102,0.8081122040748596,0.21729209,3.0925596,2.797375
162,2.3058496,0.052532773,-0.21768072,0.49109638,0.7635014653205872,0.14862815,2.4955876,1.5211036
163,2.1127255,0.03756703,-0.20747353,0.40956858,0.7407634258270264,0.27553886,7.225191,2.3484223
164,2.324622,-0.034946747,-0.32254454,0.46382567,0.7130410671234131,0.24094003,3.0958922,1.6730179
165,2.1373067,0.07285806,-0.28067595,0.3929264,0.7081388831138611,0.30216783,7.969741,2.7429845
166,2.3310208,-0.102679044,-0.3015956,0.6880646,0.85,0.14486447,2.928833,1.9614004
167,2.3407917,-0.06687183,-0.17727222,0.45631367,0.5871867537498474,0.2599145,2.4841554,2.3395622
168,2.1839328,0.020985233,-0.24529645,0.4001966,0.7695901393890381,0.25139233,5.696427,2.7499685
169,2.2528257,0.015971286,-0.19981661,0.36282694,0.8185213804244995,0.22177163,3.3128426,1.9501308
170,2.2966013,-0.13509142,-0.27329302,0.65726066,0.7376343607902527,0.26874325,3.9386756,2.491039
171,2.2317154,0.047222964,-0.14181367,0.37116927,0.7500670552253723,0.24066584,3.295476,2.2539983
172,2.3010066,-0.09171872,-0.25285926,0.45318255,0.7604992389678955,0.25450036,3.3369489,2.4298372
173,2.2758918,-0.0034373342,-0.26635993,0.5057816,0.8224281668663025,0.19580303,3.2618318,1.9665345
174,2.0442762,0.09498006,-0.16982514,0.46227834,0.7641065716743469,0.2954728,9.083633,1.7138354
175,2.1458707,0.020209387,-0.15170161,0.47496694,0.7072921395301819,0.25637218,4.6650968,2.2793396
176,2.3506005,0.015335605,-0.2959868,0.3813892,0.5630719661712646,0.2643321,2.5186138,2.0963078
177,2.2372792,-0.09024125,-0.23815306,0.57294846,0.8164880275726318,0.23455904,4.2950687,2.7162335
178,2.1916492,0.006223401,-0.15483388,0.46780965,0.781308114528656,0.24759272,4.093053,2.4653382
179,2.4673443,-0.093833774,-0.28205425,0.5299361,0.12536585330963135,0.21841255,2.0841315,1.3822246
180,2.299374,-0.14151509,-0.21864839,0.47745585,0.85,0.16109218,3.364813,1.7609261
181,2.2513688,0.016424952,-0.25499538,0.605637,0.7128795385360718,0.2487568,3.3100393,2.6370227
182,2.22461,0.07552038,-0.29340854,0.52025944,0.85,0.124948174,3.2409601,2.0615046
183,2.2643304,0.0136675965,-0.07605011,0.34525332,0.7213539481163025,0.25735667,2.488679,2.3266695
184,2.41987,-0.091709554,-0.30666316,0.6574553,0.6605504155158997,0.16307929,2.086354,1.3950202
185,2.3639765,-0.023317726,-0.2733249,0.4522915,0.29381269216537476,0.27697238,2.497084,1.9040958
186,2.3551588,-0.07134272,-0.2542295,0.48684165,0.767816960811615,0.16152458,2.3349636,1.337466
187,2.3161626,-0.14911628,-0.25200915,0.54606164,0.7290913462638855,0.254436,3.5105512,2.8119311
188,2.3125305,-0.15592055,-0.19316386,0.52161384,0.7556749582290649,0.25116608,3.3638785,2.6652899
189,2.1285162,-0.057050016,-0.29063505,0.43619668,0.7778924107551575,0.29974845,12.045603,2.0394895
190,2.2261763,-0.07145381,-0.22375295,0.5020906,0.8277686238288879,0.21784526,4.316859,2.7914307
191,2.1606786,0.029147012,-0.21964586,0.5037807,0.6754367351531982,0.3038649,5.4616246,2.622761
192,2.3847237,-0.11862274,-0.30753636,0.3839887,0.7701127529144287,0.24460055,3.1039789,2.7175574
193,2.2884603,-0.1736111,-0.27864748,0.5221809,0.7245148420333862,0.26088348,5.29309,2.840456
194,2.2799475,-0.04791935,-0.31159326,0.52571946,0.6862311959266663,0.27329478,3.9012272,2.7385979
195,2.29937,0.016518703,-0.17767544,0.42292303,0.6400948762893677,0.22759412,2.4771826,2.3740723
196,2.2216184,0.012386898,-0.25882572,0.39718157,0.7400829195976257,0.24610342,4.317818,2.8927097
197,2.2772303,-0.10230554,-0.28018415,0.494227,0.7856225371360779,0.23342475,4.0902314,2.6501954
198,2.3045213,-0.032811858,-0.19054501,0.3834458,0.7526296377182007,0.21555376,2.5168777,2.639976
199,2.1857228,-0.03851948,-0.14569004,0.54569954,0.847811222076416,0.20422366,4.024563,1.8625888
200,2.3218465,0.040961545,-0.2797987,0.3751995,0.7985459566116333,0.20643246,2.724456,2.1438017
201,2.3034353,0.00017002471,-0.3496982,0.42844424,0.85,0.15616918,3.296745,1.979706
202,2.3432121,-0.16361284,-0.29171142,0.5472581,0.8134726881980896,0.20633338,3.361028,2.010586
203,2.2308908,0.021551125,-0.20078327,0.4654919,0.85,0.14465153,2.6733508,1.1914667
204,2.3149767,-0.045099624,-0.22893359,0.50160944,0.829433798789978,0.1491365,2.560569,1.5376862
205,2.2305226,-0.025012473,-0.173999,0.55723554,0.749101996421814,0.22683118,3.3381848,2.0073655
206,2.2829714,-0.014164404,-0.294869,0.5637135,0.7968215942382812,0.22526307,3.4825408,2.0382137
207,2.1677961,-0.015150735,-0.2446044,0.48322824,0.7598568201065063,0.24742462,6.3259425,2.6483352
208,2.2942028,-0.07570672,-0.32826665,0.58564043,0.8042688965797424,0.22441606,3.601489,2.7791858
209,2.272178,0.016341655,-0.28894284,0.5996992,0.756854772567749,0.27171665,3.3092957,1.7078348
210,2.2341907,-0.06414468,-0.24454619,0.476638,0.7847036123275757,0.2492241,4.2020006,2.5023403
211,2.351282,-0.062315647,-0.21280895,0.5357294,0.5081239938735962,0.2691563,2.4497144,2.4129317
212,2.3134797,-0.026884329,-0.16579229,0.3791155,0.753468930721283,0.22261946,2.75039,1.8179574
213,2.2535965,-0.015437038,-0.22449955,0.41671804,0.7012216448783875,0.2622789,3.6175666,2.5134013
214,2.338419,-0.10594213,-0.32090446,0.53898406,0.7763317227363586,0.21647568,3.1670237,2.3184373
215,2.2041204,-0.033358537,-0.21040909,0.33117092,0.85,0.17411023,5.056172,1.7021905
216,2.2789338,0.05033489,-0.17941572,0.26532304,0.7145329117774963,0.24701868,3.0468075,2.317061
217,2.0655565,0.055671394,-0.20658535,0.45808336,0.7452598214149475,0.31010804,10.186011,2.4347298
218,2.1318676,0.08447053,-0.2587314,0.4783634,0.7794187664985657,0.24908257,5.9098997,2.4174333
219,2.2555175,-0.092211306,-0.28383535,0.48962593,0.7367570400238037,0.25022337,4.4992433,2.7938747
220,2.356264,0.012594856,-0.2602302,0.5220112,0.7655825018882751,0.18015368,2.1919625,2.2728362
221,2.341127,-0.08689278,-0.35455778,0.43311563,0.7842074036598206,0.24609898,3.8097413,2.5768964
222,2.2720942,0.029190524,-0.13794217,0.4224389,0.6770157814025879,0.23631833,2.55466,2.1984262
223,2.2767808,-0.069887534,-0.21190338,0.44287407,0.6556867957115173,0.2773061,3.3928878,2.654344
224,2.3332329,0.037525613,-0.2731911,0.49077398,0.5292683243751526,0.28973103,2.2705467,2.5483074
225,2.274006,0.0021705823,-0.22692631,0.47415575,0.7503873705863953,0.24731305,2.8792162,2.6091242
226,2.1839793,0.08212777,-0.27514115,0.49371415,0.7276042103767395,0.27254865,4.5855937,2.6525908
227,2.2240615,0.020688325,-0.2384629,0.42059606,0.8436131477355957,0.18528686,3.8660495,2.3082392
228,2.2943292,-0.014614302,-0.30295432,0.4272432,0.8066185712814331,0.18735752,3.5009408,1.7206883
229,2.2333894,-0.026422689,-0.23878515,0.56771296,0.7536978721618652,0.2668975,3.8736172,2.6656215
230,2.2897666,-0.09057548,-0.24644853,0.5294605,0.7228041887283325,0.26324382,3.580649,2.8521047
231,2.235155,-0.05289682,-0.15239765,0.4044401,0.6670380234718323,0.2601357,3.529431,2.3752
232,2.3880427,-0.19690463,-0.2946587,0.5595786,0.6773627400398254,0.2872709,3.1314628,2.7306874
233,2.3445847,-0.046128433,-0.2947556,0.48475173,0.7522469162940979,0.24732931,2.8907313,2.6032908
234,2.2325158,-0.12956616,-0.23314397,0.46156475,0.8271033763885498,0.21597706,4.4432554,2.6172547
235,2.1903183,0.03837729,-0.26272684,0.46362057,0.7822461128234863,0.24788043,4.458815,2.9064083
236,2.4309688,-0.053507145,-0.38297686,0.5261762,0.6092281937599182,0.24746065,2.216194,2.317563
237,2.384277,-0.13013011,-0.23311959,0.56131077,0.536553680896759,0.2532128,2.5122948,1.7328126
238,2.337066,0.025788765,-0.16189127,0.52403975,0.5559952259063721,0.22581474,2.1772094,2.1900122
239,2.2084286,-0.04981454,-0.22722818,0.5140585,0.7366742491722107,0.257195,4.298531,2.4314978
240,2.1199563,-0.0045454646,-0.18345033,0.3919009,0.6469122171401978,0.3328429,8.506533,2.64003
241,2.1616895,-0.045141626,-0.20764083,0.38033825,0.7601855397224426,0.26271105,6.784721,2.6683888
242,2.2306983,0.011840557,-0.2784726,0.41608432,0.8032753467559814,0.24236134,4.2703857,2.4652548
243,2.4009366,-0.2103504,-0.30726504,0.52834415,0.6773192882537842,0.2878385,3.15459,2.678467
244,2.319228,-0.19998635,-0.24075934,0.5571,0.7089005708694458,0.2823003,3.890356,2.414863
245,2.3154826,0.0030184786,-0.20296721,0.4688548,0.561117947101593,0.29594442,2.410216,2.3949835
246,2.2136066,0.0045455964,-0.1629045,0.48764822,0.7743967771530151,0.22145583,3.3516285,2.4512267
247,2.180994,-0.051629007,-0.2642303,0.4245199,0.85,0.19239509,5.455668,1.413798
248,2.3593156,0.07368999,-0.30743805,0.47584447,0.41514676809310913,0.25444183,2.1358643,1.8706442
249,2.345655,0.052231554,-0.32470334,0.402091,0.7963542938232422,0.19893834,2.466779,2.1713438
250,2.407401,-0.13866825,-0.3162315,0.5161431,0.8247531056404114,0.16785768,2.5972679,1.8313986
251,2.3918679,-0.16175406,-0.2254752,0.5204855,0.5427706241607666,0.2520312,2.4424043,2.4274232
252,2.356165,-0.09228991,-0.1768394,0.52374667,0.7028735876083374,0.21554957,2.4666445,2.4351044
253,2.1860685,-0.029980347,-0.23967746,0.38928208,0.673547625541687,0.28322875,6.944221,2.835449
254,2.3680162,0.09361494,-0.29044917,0.38393041,0.5795163512229919,0.22978765,2.1418629,2.1179078
255,2.4242613,-0.115315214,-0.27535766,0.4959371,0.46877312660217285,0.2799114,2.3157012,2.2990751
256,2.3584254,-0.037451733,-0.3298308,0.3378048,0.6854088306427002,0.25284302,3.2297049,2.2873354
257,2.3666906,-0.054447096,-0.38133138,0.4700571,0.7982759475708008,0.21305375,3.198245,2.4453716
258,2.0887027,0.01735288,-0.34632993,0.40144807,0.6982078552246094,0.3819483,14.806213,0.85028654
259,2.178769,-0.008549803,-0.19388466,0.443507,0.85,0.1916982,4.9788957,1.9775289
260,2.3099859,-0.015427883,-0.40828556,0.4378369,0.7679682970046997,0.24689622,4.180372,2.514247
261,2.308423,0.006035538,-0.2755598,0.43103433,0.8015162944793701,0.19393916,2.9814777,2.191704
262,2.1584628,-0.11651726,-0.18440774,0.6196813,0.6922791004180908,0.30162287,7.110571,2.5456371
263,2.1855395,0.12728961,-0.18779828,0.3758227,0.6781257390975952,0.28984028,3.7729976,2.873634
264,2.2755928,-0.04929777,-0.27271435,0.49819693,0.705284833908081,0.2579342,3.614441,2.5389137
265,2.1780782,-0.017591339,-0.17583595,0.430418,0.7690764665603638,0.22914578,4.431517,2.6056228
266,2.3997154,-0.23334417,-0.21546255,0.365084,0.7108097076416016,0.24941848,3.0955832,2.4542158
267,2.3676941,0.076414846,-0.17336005,0.44331664,0.49549973011016846,0.24633844,2.0859218,2.0078144
268,2.221939,0.02785088,-0.16023177,0.52733094,0.7853588461875916,0.20522618,3.1737995,1.8505172
269,2.1454806,-0.08745612,-0.2261516,0.4492692,0.7528706192970276,0.2810309,9.578869,1.6960609
270,2.2245169,0.012753512,-0.15419357,0.46457258,0.7133981585502625,0.243299,3.1714923,2.2226615
271,2.253306,0.074828304,-0.22868237,0.37029988,0.7549428343772888,0.2509282,3.3868487,2.3455112
272,2.254063,-0.12741975,-0.24988487,0.43145943,0.7541339993476868,0.20607148,4.109711,2.7697122
273,2.3001652,0.055585697,-0.306895,0.41612062,0.8244593143463135,0.17892681,2.5175717,1.5047684
274,2.4391818,0.018945377,-0.30716723,0.51753104,0.379417359828949,0.2251337,2.0833035,1.370272
275,2.1974783,-0.010642702,-0.09589937,0.42038885,0.684307336807251,0.2763417,3.766922,2.5164733
276,2.2500417,-0.14487533,-0.21263131,0.51381594,0.7208946943283081,0.26198846,4.1722074,2.581045
277,2.3659053,-0.08327823,-0.17049287,0.46443132,0.4864632785320282,0.24392526,2.2294261,2.1854239
278,2.3804731,-0.06611931,-0.31008977,0.451125,0.7710927128791809,0.22554035,2.6199343,1.8769437
279,2.2743974,0.053712994,-0.29265213,0.45848018,0.85,0.18561338,3.053978,1.5763665
280,2.3260398,-0.011104922,-0.32878396,0.52434707,0.6567794680595398,0.29812634,2.8914804,2.5559158
281,2.1166663,0.031309057,-0.17821784,0.3594262,0.7578527331352234,0.26420146,7.2755713,2.9081256
282,2.1722002,0.08896732,-0.16638716,0.40938964,0.8053942918777466,0.2057867,3.6698267,2.3144944
283,2.2362795,0.045732297,-0.25937775,0.46846202,0.8415980935096741,0.17054094,3.3997004,2.1573532
284,2.3298454,0.028274387,-0.25133353,0.4602716,0.6515993475914001,0.24479844,2.384703,2.2842722
285,2.2967622,-0.028335601,-0.20594269,0.59486043,0.6864698529243469,0.2558509,2.5672295,2.079949
286,2.1666882,-0.06847763,-0.07032351,0.4952434,0.8317853808403015,0.21104805,3.939632,2.6936877
287,2.1920385,0.024703745,-0.204291,0.46774486,0.8106797337532043,0.22138983,3.6882844,2.5690403
288,2.3610137,-0.13685672,-0.18224463,0.36399886,0.556502103805542,0.3239625,3.0055978,2.4918191
289,2.2269847,-0.056602854,-0.16703302,0.48719525,0.7736900448799133,0.2390451,3.8968585,2.430423
290,2.2805989,-0.009245129,-0.29482594,0.5203326,0.728888213634491,0.24000126,2.9403677,2.2038927
291,2.2727215,0.024362765,-0.2489872,0.3519131,0.8429121375083923,0.20916174,3.2001092,2.1544998
292,2.2216487,0.006222215,-0.19677521,0.40435985,0.7791242599487305,0.24237068,3.7257373,2.8701935
293,2.261923,-0.062348846,-0.20217079,0.48590052,0.8254620432853699,0.19316253,3.3539753,1.7940874
294,2.3177493,-0.06736157,-0.22200434,0.40813515,0.8185418248176575,0.1941025,2.7716386,2.3262076
295,2.1143556,0.058459174,-0.18810467,0.4602841,0.7925952076911926,0.23367162,5.1411448,2.6316156
296,2.1327174,-0.08436261,-0.19481252,0.5888227,0.7023150324821472,0.3044464,7.592805,2.546245
297,2.1406791,0.01822559,-0.12916589,0.48941797,0.85,0.20312609,4.23997,2.7072878
298,2.364036,-0.03414235,-0.2863543,0.49943027,0.5694809556007385,0.2690384,2.6709158,2.2359319
299,2.2800264,-0.109698676,-0.11524047,0.46041462,0.7346642017364502,0.26887512,3.1880097,2.72054
300,2.3520436,-0.08262316,-0.27006462,0.6081841,0.713874340057373,0.2514026,2.7548144,2.0210772
301,2.3146272,-0.026134111,-0.29376793,0.46218622,0.721560537815094,0.23279187,2.554516,2.0509405
302,2.2763681,-0.04808948,-0.31421128,0.47984034,0.6849959492683411,0.26613736,4.3285728,2.4346464
303,2.2845623,0.035249747,-0.2285067,0.41547439,0.7302644848823547,0.25028676,2.9166417,2.2044427
304,2.2588863,0.008740032,-0.24576047,0.4476477,0.7567624449729919,0.22366561,3.1795146,2.384161
305,2.3700378,0.023823472,-0.18659179,0.37796032,0.4112711548805237,0.27973315,2.1451309,2.447839
306,2.4391828,-0.0075756414,-0.28730896,0.5205937,0.20404662191867828,0.2519945,2.0807235,2.5068953
307,2.1821988,0.09638147,-0.20427111,0.4500816,0.7187203764915466,0.25642872,3.5276656,2.3453028
308,2.1967618,-0.0032496944,-0.12255948,0.533436,0.85,0.22797361,3.5306852,2.232471
309,2.3255143,-0.07977912,-0.2768783,0.41460967,0.85,0.2054994,3.274271,2.3292556
310,2.2709386,-0.08845169,-0.21396814,0.549188,0.7113742828369141,0.28066242,3.5411885,2.819634
311,2.4057713,-0.0750479,-0.3788288,0.5225935,0.7367185354232788,0.18964675,2.6515517,1.9230992
312,2.3159857,0.001126352,-0.30991396,0.53678125,0.5079237222671509,0.33613828,3.216634,2.2415957
313,2.3177817,-0.03703802,-0.2006215,0.5042721,0.8417814373970032,0.14434099,2.1405897,1.6121736
314,2.2681692,0.0058290446,-0.19221325,0.4425827,0.7511354088783264,0.26446122,2.8619778,2.7025468
315,2.2373035,0.049796488,-0.23438385,0.46378136,0.8385520577430725,0.20739062,3.0944493,2.6273124
316,2.202355,-0.11360978,-0.17375484,0.47216985,0.8269974589347839,0.20869325,5.382273,1.596531
317,2.3201323,-0.09028592,-0.24014033,0.5203901,0.6415390372276306,0.2692875,3.0802972,2.1668375
318,2.3226254,0.01126957,-0.11591056,0.3994115,0.5390313267707825,0.22000173,2.0945377,2.2253454
319,2.3214946,-0.058837567,-0.33735907,0.49813032,0.7959169745445251,0.24975675,3.4403508,2.5864224
320,2.401037,-0.048367694,-0.3325787,0.37673023,0.75250244140625,0.15397072,2.3346364,1.2059036
321,2.415737,-0.019551957,-0.34490213,0.47544166,0.6537269949913025,0.19459681,2.236095,2.0009303
322,2.2168486,-0.111886844,-0.19076245,0.4840722,0.7270185351371765,0.24635358,4.7737274,2.0926738
323,2.3124113,-0.0494225,-0.09419282,0.31266055,0.5127964019775391,0.2646602,2.4014757,1.8611344
324,2.1925957,0.051350944,-0.24675846,0.42715636,0.8113588690757751,0.22015312,3.8193297,2.6326525
325,2.2430265,-0.09963617,-0.3310936,0.4793549,0.85,0.20383756,5.9873834,1.5648235
326,2.2139835,-0.052734174,-0.2447585,0.5372536,0.7831546664237976,0.23129897,4.4106255,2.783582
327,2.2898514,-0.108407006,-0.22053741,0.459876,0.8273084759712219,0.2142183,3.7684076,2.6587672
328,2.1731794,0.096492216,-0.27763087,0.48402616,0.6832902431488037,0.2771659,4.804692,2.3698487
329,2.1353183,0.013706727,-0.05659891,0.3850166,0.7599189877510071,0.24614532,4.041998,2.8519406
330,2.3527284,-0.057032593,-0.3361664,0.40945393,0.8371610641479492,0.18109012,3.4288738,2.6672275
331,2.2882414,-0.03206167,-0.23468107,0.34335595,0.7446107864379883,0.25919333,3.4537733,2.8911476
332,2.2378385,-0.052817546,-0.31451675,0.46725214,0.8485697507858276,0.1971534,5.237002,2.3075972
333,2.3185182,-0.05658252,-0.25392526,0.56263494,0.5542920827865601,0.31548893,3.0122461,2.7828572
334,2.2924862,-0.052764755,-0.21038139,0.46849817,0.7711973786354065,0.21844621,2.8500354,2.3888364
335,2.3067837,0.00968821,-0.31053528,0.3025706,0.7494195103645325,0.24107051,3.6747286,2.571926
336,2.4188976,-0.17836083,-0.3057213,0.5236747,0.5422324538230896,0.29543185,2.6723208,2.4144084
337,2.14622,0.040401082,-0.1616796,0.4433875,0.7495067715644836,0.2526813,4.8511906,2.346084
338,2.233609,-0.08075923,-0.29330823,0.5271143,0.85,0.17416638,4.96834,1.7781609
339,2.197664,-0.008100436,-0.2633234,0.40315822,0.7812593579292297,0.21269852,4.304129,1.5022537
340,2.3906357,-0.06962331,-0.20467718,0.50563073,0.6350662708282471,0.18596968,2.0901964,1.878927
341,2.43165,-0.14434917,-0.29885116,0.5161427,0.741705596446991,0.15221564,2.1552818,1.7082922
342,2.3084362,-0.05604149,-0.22424881,0.44390807,0.6923719644546509,0.2655545,2.9394307,2.6818917
343,2.2786922,0.012737742,-0.18499385,0.37534216,0.7066245079040527,0.26546803,3.0364513,2.711661
344,2.2645817,-0.09343388,-0.16864567,0.5364124,0.7066929340362549,0.23418091,3.1700501,2.358571
345,2.2104738,0.030958325,-0.27894622,0.43595156,0.7589678764343262,0.2507574,4.3381643,2.6452446
346,2.2654295,0.114696555,-0.23588273,0.43965906,0.7056934833526611,0.24527663,2.7589996,2.5353796
347,2.360178,-0.05897855,-0.30341533,0.4336305,0.6792829036712646,0.2630267,2.849694,2.5459805
348,2.1538737,0.072230466,-0.293101,0.47210696,0.8036237359046936,0.24012043,6.354708,2.7149997
349,2.198347,0.1624923,-0.23410249,0.2922359,0.7406505942344666,0.23420596,3.332602,2.8785577
350,2.2749097,-0.058739427,-0.36863264,0.5247211,0.7539194822311401,0.24420552,4.383011,2.5918427
351,2.3616874,0.04468497,-0.26305893,0.49908742,0.5000393390655518,0.15927546,2.1416807,1.316399
352,2.1145809,0.058497395,-0.22781672,0.4092427,0.7969905138015747,0.25038725,6.733234,2.5083554
353,2.298708,0.017519714,-0.18467477,0.41171038,0.5583621263504028,0.26460245,2.420148,1.8530775
354,2.3447778,-0.028834341,-0.26553583,0.5688068,0.7173237800598145,0.2188674,2.5710711,2.3147202
355,2.2901433,0.029091904,-0.2622765,0.50170374,0.757164716720581,0.23099744,2.9512584,2.301893
356,2.1853223,-0.05487278,-0.18042865,0.42419216,0.7140860557556152,0.2732656,5.034735,2.8652043
357,2.3193147,0.07396629,-0.37238938,0.35035026,0.7887598276138306,0.24647936,3.1263645,2.5882442
358,2.2556531,-0.052220352,-0.26933622,0.40637398,0.7675825357437134,0.25220364,4.30164,2.4680684
359,2.2368631,-0.04849603,-0.17817105,0.5288772,0.7788084149360657,0.22510442,3.2929723,1.7602335
360,2.234539,-0.011179288,-0.1869343,0.42198676,0.7626205086708069,0.2433087,3.3839364,2.7203002
361,2.2711282,-0.091969155,-0.25236025,0.5652546,0.7122021317481995,0.27621087,3.8975532,2.8397548
362,2.1439986,0.049356528,-0.19115071,0.49859604,0.8495450615882874,0.18437925,5.0296392,2.6251605
363,2.2560182,0.03536651,-0.30490106,0.52389014,0.7531135678291321,0.22940609,3.6770008,2.3417234
364,2.3581312,-0.098537445,-0.27744237,0.5818697,0.6901333332061768,0.22487359,2.8584204,2.2372973
365,2.2253547,0.10859208,-0.23372169,0.44735935,0.6167615652084351,0.32777497,3.3805363,2.7886388
366,2.301991,-0.18589994,-0.20571311,0.58967215,0.6978780031204224,0.28489226,3.3690052,2.5331724
367,2.2293916,-0.109385364,-0.22132607,0.51712257,0.8051359057426453,0.23932727,4.321049,2.6970582
368,2.284308,-0.11194665,-0.23020649,0.5719884,0.748035192489624,0.20461836,3.0206897,1.8747107
369,2.2244563,0.071613945,-0.21632572,0.4454686,0.671960175037384,0.26269653,3.125072,2.5425432
370,2.365869,0.037210114,-0.22541189,0.4658121,0.23011508584022522,0.24986134,2.1338773,1.972898
371,2.3138201,-0.075027145,-0.2766496,0.43343827,0.7852315306663513,0.25027975,3.290202,2.6138752
372,2.2719443,-0.084127896,-0.27631652,0.6088342,0.6385481953620911,0.3157764,3.8466952,2.8753762
373,2.2003176,-0.0308198,-0.21767202,0.43112507,0.7781527042388916,0.23543207,4.0532165,2.1917546
374,2.1455476,0.006967346,-0.2409418,0.5054733,0.701846182346344,0.2895795,6.2022996,1.7549846
375,2.2068512,-0.05951252,-0.22178657,0.5342381,0.85,0.13565762,4.0903983,2.3189821
376,2.2580898,-0.059788167,-0.2537855,0.43938467,0.7855256795883179,0.22120078,4.154445,2.3969014
377,2.3429937,0.09032183,-0.25321996,0.4633369,0.5063582062721252,0.22869878,2.062309,2.1427057
378,2.2177887,0.0033313516,-0.25831395,0.4648921,0.7817229628562927,0.23830675,4.1837606,2.847039
379,2.391594,-0.07475578,-0.31682134,0.49601355,0.597601592540741,0.27844855,2.4425368,2.6700747
380,2.2501194,-0.0053931517,-0.2380582,0.4453218,0.7181635499000549,0.25787407,3.9741013,2.594275
381,2.2705967,-0.00094505557,-0.20965423,0.6809064,0.7864583134651184,0.2149449,2.8266497,2.416656
382,2.2649126,-0.15418674,-0.22133966,0.4672671,0.7857024669647217,0.25138476,4.26641,2.5428963
383,2.3894439,-0.12028105,-0.2660257,0.48493803,0.5063765048980713,0.2785316,2.428762,2.4317913
384,2.2931547,-0.11697634,-0.20065063,0.49652424,0.7496742010116577,0.23671135,3.5301092,2.3631115
385,2.0987272,-0.025844133,-0.19179665,0.42524213,0.7044125199317932,0.3294999,9.931736,2.4835138
386,2.240135,-0.030615693,-0.24843267,0.39364806,0.7776345610618591,0.24681838,4.5557156,2.700461
387,2.3314776,-0.073615246,-0.19534843,0.47436902,0.6586858630180359,0.2683276,2.9754915,2.6497946
388,2.2181406,0.05951191,-0.18697205,0.44838774,0.8182328939437866,0.20817268,3.2822711,1.7858657
389,2.3637636,-0.04050372,-0.28152996,0.49000487,0.8171939253807068,0.13572378,2.4625013,1.4310982
390,2.2733006,-0.060082696,-0.25799987,0.54243326,0.7895110249519348,0.22212107,3.5772884,1.8574913
391,2.2175803,0.0050077187,-0.20072246,0.5129667,0.7208533883094788,0.2589419,3.7659104,1.9797279
392,2.2797313,-0.10934185,-0.21269648,0.55587953,0.745517373085022,0.22914661,3.1598077,2.0407462
393,2.1935935,0.02864883,-0.18691275,0.46102127,0.8054981231689453,0.21901825,4.005776,1.9064035
394,2.2300487,-0.040014923,-0.3466033,0.36892763,0.8236632943153381,0.2226689,6.548344,2.4280217
395,2.2317357,0.07563831,-0.18261924,0.3658261,0.7167314291000366,0.2534568,3.0373776,2.1252506
396,2.1671762,-0.082373865,-0.1682613,0.5400072,0.8085936903953552,0.22387038,4.918315,2.280359
397,2.3857677,-0.02148631,-0.19195578,0.45515227,0.5643942356109619,0.22444928,2.1459286,1.9065641
398,2.169189,0.1319024,-0.20316356,0.43197986,0.8269515633583069,0.1999493,3.527718,2.349238
399,2.1826382,0.10262377,-0.23193902,0.50014347,0.7946416735649109,0.23379564,3.7238698,2.3399277
400,2.2527094,-0.014421024,-0.26322266,0.44452032,0.7391533255577087,0.25806075,3.7635338,2.6474416
401,2.228549,-0.12054657,-0.27088377,0.5330586,0.7922605276107788,0.22198723,5.6722984,2.4713593
402,2.126976,0.017852264,-0.15965824,0.4108382,0.7578691244125366,0.24429575,6.4335194,2.6749291
403,2.2633982,-0.015281313,-0.23708038,0.40259406,0.8360254764556885,0.20478477,3.2132685,2.8176951
404,2.244142,-0.06317905,-0.2576111,0.53596044,0.7568467855453491,0.2585064,4.273653,2.3594353
405,2.3566306,-0.1051753,-0.29426554,0.5599988,0.7833237051963806,0.22475529,2.9576359,2.5798678
406,2.266518,-0.026247775,-0.17627524,0.4081141,0.8136701583862305,0.21091963,3.1894734,2.1347005
407,2.3345203,-0.08197669,-0.43510765,0.46270984,0.7054420113563538,0.26549107,4.2238665,2.5700085
408,2.6287892,-0.074787036,-0.37536648,0.47377715,0.7093722820281982,0.11418801,2.0640075,1.468374
409,2.233224,-0.10939782,-0.21666665,0.59438425,0.6854342222213745,0.2741718,4.477675,2.4616778
410,2.3738146,-0.032292515,-0.33462098,0.4087251,0.7348653078079224,0.23263001,2.6091378,1.9304178
411,2.242361,-0.02246505,-0.106854744,0.42199433,0.8047299385070801,0.21287629,2.9305372,2.0619698
412,2.272144,0.03277438,-0.29459983,0.38792053,0.671747624874115,0.26893735,3.8892155,2.4789689
413,2.171277,0.10164474,-0.1694771,0.42375895,0.85,0.17995085,3.2641072,1.9818952
414,2.248511,-0.058206152,-0.21568908,0.3382636,0.7793421149253845,0.17691717,3.7302432,2.284897
415,2.292296,-0.0775094,-0.25722408,0.5302646,0.7852973341941833,0.21493548,3.0762837,2.2280614
416,2.2615983,0.036012687,-0.25013006,0.41289857,0.7386285662651062,0.2458926,3.0595052,2.0609
417,2.177914,0.11741789,-0.124054864,0.3672341,0.8251889944076538,0.17921436,3.2153459,2.673554
418,2.293024,0.054447703,-0.19374439,0.353182,0.6535329818725586,0.24148163,2.6148567,2.2671561
419,2.2618282,0.017926197,-0.25230458,0.41436267,0.72698575258255,0.22205374,3.011937,2.7818105
420,2.3635564,-0.1316593,-0.2828612,0.53081125,0.6096550822257996,0.29651406,3.079053,2.4880326
421,2.2343717,0.018204797,-0.27118456,0.43944705,0.7588183283805847,0.25480214,4.215677,2.6591265
422,2.1937718,-0.06405213,-0.14636949,0.4193965,0.7720715403556824,0.21966489,4.7366886,2.6531813
423,2.131519,0.040333413,-0.21980159,0.3939331,0.7463687658309937,0.2646329,6.1553726,2.66748
424,2.2919784,-0.095490165,-0.21829507,0.48094246,0.63970947265625,0.29079342,3.2750008,2.5221155
425,2.1157954,-0.039536837,-0.20113792,0.51533467,0.7851410508155823,0.2604352,8.655091,2.3035638
426,2.3117511,0.017603947,-0.1938529,0.41497618,0.5390639305114746,0.2734215,2.4958944,2.2994022
427,2.3141513,-0.1551301,-0.28061992,0.60853255,0.7207761406898499,0.25584456,3.022661,2.8689656
428,2.2052867,-0.025771335,-0.20764087,0.5041597,0.731859028339386,0.25976905,4.4115224,2.7995534
429,2.417943,-0.21740419,-0.40466806,0.6920625,0.8059553503990173,0.23519616,3.2465034,2.282752
430,2.2369745,-0.05655052,-0.07754661,0.43974966,0.7929722666740417,0.21479495,2.920087,2.4790778
431,2.2861984,-0.05906646,-0.20754886,0.47991475,0.7813822627067566,0.2276932,3.23717,2.5896626
432,2.4269092,-0.037968285,-0.30815616,0.4412346,0.6576347351074219,0.15418407,2.094716,1.7691677
433,2.33591,0.021158068,-0.3192534,0.45970526,0.7250179648399353,0.24264753,2.5988975,1.7208824
434,2.38535,-0.17979553,-0.3065954,0.58487,0.7694998383522034,0.23386729,2.9287157,1.8659081
435,2.2686923,0.017262675,-0.20653808,0.47524068,0.7049310803413391,0.2658233,2.8438425,2.4433138
436,2.382072,0.058531098,-0.36576742,0.47529992,0.2848508954048157,0.31058347,2.4326432,2.5895376
437,2.3075018,-0.045437057,-0.25685066,0.39127743,0.6956369876861572,0.2788307,3.273488,2.672688
438,2.3487804,-0.080151655,-0.27437848,0.37357295,0.6465513110160828,0.26987514,3.4478445,2.4981346
439,2.3598619,-0.27954662,-0.28343925,0.6029081,0.8167391419410706,0.23019528,3.7428133,2.0461245
440,2.2865777,-0.039123423,-0.26214284,0.3753105,0.7385212182998657,0.25358653,3.6857474,2.4707513
441,2.282684,-0.069742404,-0.2555518,0.51189077,0.8323035836219788,0.1950212,3.5582845,2.450754
442,2.1279871,0.06397222,-0.13739805,0.5414239,0.7857658267021179,0.24586408,4.2106743,2.8836014
443,2.2999666,-0.0064931884,-0.16008033,0.4750684,0.44724035263061523,0.29658616,2.4717286,2.4037168
444,2.336055,0.06448978,-0.20203029,0.4719112,0.31650644540786743,0.14395492,1.9945041,1.6238872
445,2.2418401,0.06674393,-0.23355763,0.47515777,0.6773052215576172,0.25302663,3.3038108,2.8775766
446,2.1950493,0.020580355,-0.13675149,0.2689448,0.8418360352516174,0.18786995,3.4868438,2.5446212
447,2.208231,-0.009362059,-0.11148178,0.32718483,0.7075120210647583,0.3045696,3.9110947,2.8292801
448,2.2447374,0.15066724,-0.31610292,0.3665523,0.7964527010917664,0.22738029,3.349487,2.6911535
449,2.479905,0.026623879,-0.34229165,0.41488945,0.5336626172065735,0.17286117,2.0967495,1.5243019
450,2.2595456,-0.114214964,-0.20269085,0.47042453,0.7349711656570435,0.26302075,4.186497,2.893157
451,2.2919888,-0.07917715,-0.18449463,0.46427664,0.7026921510696411,0.25641033,3.2455897,2.4195716
452,2.4328382,-0.08575089,-0.32919905,0.5047106,0.5868183374404907,0.25143504,2.4122124,2.1892245
453,2.2918606,-0.040912174,-0.24091783,0.4385127,0.7747035622596741,0.22070695,3.0270767,1.88566
454,2.3414767,0.05036566,-0.28786272,0.46639684,0.6143894791603088,0.24298227,2.3901935,2.2370558
455,2.3186169,-0.034821328,-0.27189785,0.41038972,0.7409189343452454,0.24967283,3.0657933,2.5247009
456,2.2843933,-0.2406911,-0.26741648,0.52794397,0.8093209266662598,0.22903143,5.4961886,2.0065982
457,2.331445,-0.025123408,-0.21754049,0.70599055,0.7287576794624329,0.23324154,2.1303544,1.8303224
458,2.3231893,-0.05913008,-0.2950059,0.4748638,0.7768752574920654,0.24312517,3.1930847,2.485476
459,2.1353536,0.07822047,-0.24864736,0.52567244,0.7841927409172058,0.22321494,5.6155014,2.070861
460,2.207959,0.088302344,-0.2643874,0.5424564,0.7603715062141418,0.22145301,3.9219239,1.8752271
461,2.2662203,0.07133753,-0.23493783,0.37433696,0.8253077268600464,0.2192831,2.8733947,2.4517148
462,2.1959577,-0.024306443,-0.30084366,0.59664947,0.7880471348762512,0.25094634,5.5197153,2.501102
463,2.3185158,-0.052914523,-0.27080026,0.4226068,0.8190012574195862,0.19288929,3.0387225,2.5380187
464,2.3940444,-0.079117395,-0.24580681,0.5044008,0.43321099877357483,0.24228142,2.2872427,1.7786664
465,2.2282884,-0.12675059,-0.3401786,0.48151764,0.85,0.2043625,7.561509,1.5220058
466,2.1733985,0.102348216,-0.287278,0.4331634,0.8059091567993164,0.2412303,5.263688,2.880263
467,2.1972415,-0.0039414335,-0.15424295,0.4036353,0.7350054383277893,0.26043344,3.909642,2.8574626
468,2.3600233,-0.10177283,-0.31892392,0.47105956,0.7228590846061707,0.25270855,2.8758378,2.3099115
469,2.2713132,-0.0037891138,-0.26503164,0.34849092,0.6773189902305603,0.27440077,3.6540892,2.5734107
470,2.2523866,-0.07598202,-0.21953805,0.4809963,0.6122437715530396,0.31066287,3.7679687,2.733439
471,2.4147272,0.02969726,-0.3591561,0.5580001,0.553941011428833,0.20785664,2.1635714,1.6803241
472,2.2744493,-0.059197698,-0.23752446,0.439114,0.7246230244636536,0.25630528,3.6040018,2.2646356
473,2.0680242,0.08169546,-0.16455735,0.3926478,0.8325173854827881,0.24788682,8.466097,2.8271806
474,2.2366233,0.010980631,-0.2366635,0.37309843,0.835293173789978,0.19210853,3.810486,2.5040667
475,2.4675465,-0.30168915,-0.31066054,0.5788593,0.7665509581565857,0.23509617,2.6511726,1.7816672
476,2.2363768,0.02049566,-0.19413944,0.49925143,0.7141671180725098,0.25266954,3.3403733,2.1746767
477,2.2814345,0.08893337,-0.34829077,0.4848609,0.7785277366638184,0.222891,3.1773338,2.4989853
478,2.2982094,-0.018307485,-0.2845905,0.46849453,0.8215363621711731,0.17852691,2.9896488,2.0366552
479,2.354754,-0.030890077,-0.30020577,0.37696064,0.5485650897026062,0.29796287,2.8345451,2.7639897
480,2.3256314,-0.11442711,-0.26116893,0.58432776,0.7512454390525818,0.27963275,3.384172,2.5883389
481,2.131388,0.012531444,-0.246772,0.51090163,0.7258367538452148,0.28064722,7.6142035,2.9044917
482,2.3731077,-0.1308105,-0.3065145,0.59045213,0.6123459935188293,0.3069438,2.982009,2.7078993
483,2.2089562,-0.053694803,-0.1734737,0.44681656,0.85,0.12356945,3.6084385,1.3234445
484,2.2554228,-0.05647268,-0.14092949,0.47803712,0.7988993525505066,0.23492882,3.251482,2.3170187
485,2.3827589,-0.077679284,-0.3187776,0.50175875,0.5746287703514099,0.2986228,2.8698363,2.7462904
486,2.190311,-0.041963466,-0.14591019,0.41017953,0.7597975134849548,0.21845333,4.125667,2.5609577
487,2.3436007,-0.011464753,-0.2640182,0.3787325,0.6805182695388794,0.23282936,2.5604885,1.8688691
488,2.2148848,0.060924627,-0.22000389,0.3867585,0.7870473265647888,0.20946167,3.6656597,2.7371514
489,2.2018192,0.011655972,-0.14365543,0.4025234,0.6987771391868591,0.26692283,3.9439566,2.5447333
490,2.2729542,0.041961342,-0.22250512,0.40575668,0.6064267158508301,0.29377434,3.233224,2.744671
491,2.4452188,-0.053224493,-0.34768936,0.32232752,0.7080045938491821,0.19920963,2.3921113,1.8739496
492,2.238576,0.007990435,-0.1939825,0.53298175,0.767133355140686,0.2060409,3.1200938,2.3284514
493,2.2441964,-0.035724666,-0.18922667,0.57817847,0.7665380835533142,0.24611685,3.2494125,2.0735896
494,2.3529067,-0.03564116,-0.32347247,0.5190231,0.738789439201355,0.23466434,2.6427448,2.5404723
495,2.1499655,-0.101771675,-0.111596346,0.38054463,0.7771922945976257,0.26155576,6.286495,2.4568622
496,2.2400908,-0.09509962,-0.19846147,0.52286583,0.702212393283844,0.26216954,3.9782348,2.708024
497,2.3769174,-0.024714287,-0.30145156,0.48055092,0.7332050204277039,0.1853692,2.3687568,1.8347114
498,2.4360924,-0.11652596,-0.28564587,0.52973926,0.5784003138542175,0.22484647,2.2046354,2.2869086
499,2.317144,-0.14510283,-0.31029996,0.60042936,0.7301711440086365,0.2544327,3.7046535,1.7734077
500,2.4126103,-0.18393956,-0.37805974,0.5643694,0.8161969780921936,0.20880891,3.2224994,1.9344728
501,2.2316911,-0.011141805,-0.1520153,0.38244817,0.8446211218833923,0.196629,3.3882635,2.6062465
502,2.3105648,0.09755222,-0.27933607,0.44616827,0.6456735730171204,0.2404102,2.1592877,2.617588
503,2.1808581,-0.07108576,-0.19690372,0.5072704,0.7769559025764465,0.25668752,5.5899754,2.5734138
504,2.2610908,-0.03409967,-0.21513197,0.5049135,0.679794430732727,0.27322826,3.5097167,2.5681527
505,2.2072349,0.05434533,-0.10987229,0.5431467,0.6408017873764038,0.26059917,2.7838767,2.136612
506,2.3185735,0.040747058,-0.25171494,0.5156837,0.7043575644493103,0.19162561,2.1699533,1.2290204
507,2.30151,-0.18828534,-0.27135313,0.4022631,0.6440222859382629,0.3134781,4.995221,2.7035155
508,2.1701233,0.017785376,-0.29518762,0.55373657,0.7865581512451172,0.25225407,5.4342794,2.379853
509,2.202189,0.050625086,-0.1399718,0.4404568,0.7637733817100525,0.22620769,3.2444227,2.5949655
510,2.1775284,0.01656319,-0.116967425,0.4637921,0.8446155190467834,0.18477136,3.6964633,1.765812
511,2.2583225,-0.03815745,-0.228658,0.46625343,0.7405707240104675,0.26585633,3.7721481,2.889117
512,2.334065,-0.17077757,-0.24183881,0.47996402,0.7239894866943359,0.25510538,3.5449579,2.642275
513,2.2180767,0.0153521,-0.21068522,0.5753599,0.6738238334655762,0.29374748,3.8215647,2.474345
514,2.265794,-0.010612015,-0.25703913,0.4398897,0.6792388558387756,0.27035484,3.7805204,2.6024194
515,2.2586308,0.09921332,-0.28615567,0.34941775,0.7540972828865051,0.24668813,3.6148813,2.465064
516,2.1368105,0.045360673,-0.18669951,0.3873201,0.7720867991447449,0.268065,5.3558292,2.648124
517,2.1830728,-0.004381311,-0.19278763,0.44871104,0.8341749906539917,0.20607506,4.5778904,2.6986854
518,2.13719,0.058663987,-0.2231929,0.485801,0.7308155298233032,0.26087034,5.26853,1.9916959
519,2.3238375,-0.038666494,-0.40234894,0.4945016,0.824661135673523,0.20779778,3.8330271,2.470127
520,2.0990202,0.022827568,-0.17188749,0.4653121,0.6892874836921692,0.29679534,7.3783984,2.4661283
521,2.2069657,0.012373389,-0.11214757,0.3359279,0.7351796627044678,0.23882315,3.3362598,2.4405549
522,2.221999,-0.0011225083,-0.29191148,0.6079146,0.7432126998901367,0.27373514,3.9039013,2.410195
523,2.2473342,-0.0066801584,-0.26805684,0.36907995,0.7597640156745911,0.2285307,4.2597313,2.5062346
524,2.1451852,0.010169827,-0.17656176,0.598285,0.7887089848518372,0.25180474,4.726222,2.3423505
525,2.2939346,-0.050524287,-0.19588195,0.5314684,0.7725599408149719,0.20246597,2.629297,1.7910252
526,2.300654,0.022607176,-0.21351081,0.44038588,0.7027936577796936,0.124116085,1.9595447,1.073851
527,2.2258093,-0.09286371,-0.21925844,0.51050067,0.7621578574180603,0.24880376,4.433464,2.823357
528,2.2557647,-0.05495257,-0.20326562,0.4372463,0.7992401123046875,0.22778551,3.452425,2.3696933
529,2.33944,0.00070435053,-0.26852897,0.42666996,0.7286479473114014,0.25271738,2.767419,2.4898057
530,2.1905987,-0.055414326,-0.13535437,0.39557725,0.85,0.18132886,4.4792123,2.328591
531,2.3243213,-0.12670246,-0.14866236,0.427179,0.6525744795799255,0.2705817,3.0466018,2.3237703
532,2.3044314,0.025148368,-0.25339368,0.43598187,0.5283166766166687,0.3171813,2.763467,2.6897082
533,2.3138871,-0.0448489,-0.17958026,0.55062693,0.6979510188102722,0.22773683,2.5629268,2.293255
534,2.2027092,0.011663787,-0.22088099,0.49055943,0.8461499214172363,0.18009809,3.9483788,1.9071605
535,2.2837903,-0.019042632,-0.19673634,0.39889434,0.7419784665107727,0.19783635,2.3961146,1.3253337
536,2.2198446,0.04690984,-0.16566567,0.46001756,0.7220622897148132,0.27154234,3.4414754,2.1611164
537,2.3533473,-0.123941295,-0.3175167,0.5190188,0.7265260815620422,0.24983206,3.254235,2.2734256
538,2.1710954,0.038372923,-0.14551355,0.49469584,0.795314371585846,0.22806183,3.4106867,2.6297388
539,2.2614226,-0.024434334,-0.29040524,0.49835008,0.8066539764404297,0.221686,3.8247018,2.3230844
540,2.35144,0.018210057,-0.2739257,0.40334886,0.5571194291114807,0.23311041,2.4417868,1.9108808
541,2.2742314,0.060729757,-0.18165708,0.4138123,0.727467954158783,0.20254944,2.4429092,1.7071481
542,2.3101242,-0.21545856,-0.18817058,0.5140128,0.8179655075073242,0.21178067,3.7177603,2.1082635
543,2.3501053,-0.10458792,-0.2663112,0.5608066,0.6621177196502686,0.2708205,3.018687,2.3331332
544,2.3444846,-0.06488848,-0.3273897,0.45463187,0.8252987861633301,0.19277766,3.2213674,2.160764
545,2.2842631,0.051964745,-0.2694862,0.3025536,0.7709152102470398,0.23218994,3.1955984,2.5450606
546,2.3823507,-0.12882838,-0.33370006,0.62379485,0.713414192199707,0.25119022,3.0237894,2.4904802
547,2.2806032,0.08378211,-0.22047055,0.31562054,0.6962047219276428,0.23458926,2.6083505,1.9093422
548,2.2808933,-0.06409247,-0.24792945,0.5439637,0.8106102347373962,0.18204963,2.9954379,2.2766464
549,2.2884128,-0.0646345,-0.21712317,0.58977133,0.6591029763221741,0.28085124,2.9584343,2.3854885
550,2.3620474,-0.058845382,-0.09883825,0.46343336,0.7160657644271851,0.17218092,2.0418534,1.9763991
551,2.2767227,-0.004743278,-0.2535175,0.55112493,0.7885094285011292,0.23976094,3.1948156,2.1380472
552,2.2453048,0.035160184,-0.19546264,0.44570154,0.6786895990371704,0.26594123,3.2166812,2.5450587
553,2.2712178,-0.11241182,-0.1907291,0.45941576,0.7495108842849731,0.2524655,3.5181375,2.200949
554,2.4384668,0.051016945,-0.38687462,0.5081296,0.6061941981315613,0.22158125,2.1127305,2.0608597
555,2.2710185,-0.0009375756,-0.24952501,0.4476143,0.777212917804718,0.23134495,2.8495424,1.703154
556,2.2664578,-0.018517954,-0.26912045,0.5556712,0.7411611676216125,0.21873857,2.8362708,1.9927762
557,2.2104156,-0.00028034742,-0.2668807,0.45300022,0.8236285448074341,0.23298611,4.7925367,2.6839497
558,2.204056,-0.003613796,-0.1295467,0.45485848,0.7432131171226501,0.23039512,3.3153496,2.0833685
559,2.3157048,-0.06539087,-0.21359581,0.45551205,0.7447235584259033,0.22764963,2.9872935,2.2160459
560,2.2615907,0.14759696,-0.2182884,0.3565095,0.85,0.16290034,2.4499688,1.7781118
561,2.366686,-0.0638896,-0.3712547,0.56397516,0.7731707692146301,0.24974692,3.0540202,1.9743034
562,2.2219665,-0.03488335,-0.27880803,0.5484187,0.7327879667282104,0.24453065,4.619433,1.9976943
563,2.4260023,-0.059641868,-0.31250522,0.38998795,0.6134966611862183,0.18642935,2.2480822,2.3088434
564,2.2154307,0.036845565,-0.26053247,0.5645669,0.7390746474266052,0.25637868,3.6740746,2.5644433
565,2.4489274,0.021685528,-0.4055663,0.5428592,0.7234913110733032,0.16404729,2.146583,1.5515847
566,2.1737137,-0.09899105,-0.21906844,0.417604,0.7820979952812195,0.2714034,7.92399,2.8738828
567,2.43914,-0.08911202,-0.3289391,0.40630686,0.5360127687454224,0.23747386,2.3305237,1.6284117
568,2.2522264,0.036182687,-0.26300043,0.44297826,0.7703812718391418,0.2666364,3.5421002,2.657737
569,2.2735152,-0.00972824,-0.22214162,0.5708308,0.85,0.13400431,2.5473182,1.3633604
570,2.343135,-0.070591696,-0.22077519,0.52711874,0.5738992094993591,0.23361719,2.406335,1.6487864
571,2.2270372,-0.037451036,-0.25395688,0.4314364,0.6608688831329346,0.27682948,4.616003,2.2900608
572,2.2170022,-0.012698061,-0.16569717,0.37892663,0.8239758014678955,0.20824467,3.622466,2.5136933
573,2.2571647,-0.14677456,-0.27821904,0.6411603,0.8440135717391968,0.1493536,4.5137696,1.5994903
574,2.2470293,-0.005332154,-0.25489125,0.47873724,0.7264729142189026,0.24297705,3.6761825,2.7363951
575,2.2830477,-0.06492806,-0.27857113,0.61635417,0.7221602201461792,0.27013686,3.5701025,2.7432873
576,2.3044732,-0.13981152,-0.18735914,0.5227893,0.6803255081176758,0.2863197,3.1763256,2.864216
577,2.3853438,0.06990006,-0.33739173,0.5028381,0.39464089274406433,0.26260704,2.1880357,1.8711594
578,2.166013,-0.004003673,-0.204881,0.51422113,0.6870061159133911,0.28881365,4.746634,2.8959208
579,2.3729439,0.03495425,-0.2245419,0.41384277,0.7195498943328857,0.17599112,2.0885046,1.8390155
580,2.3945346,0.05006874,-0.21371406,0.33146054,0.4760693311691284,0.2052036,2.1521204,1.6287339
581,2.2134218,0.054936297,-0.25283408,0.4182883,0.760237991809845,0.24247706,3.7431128,2.3778827
582,2.2882566,-0.010471878,-0.31192034,0.31461778,0.7662479877471924,0.23377581,3.9408967,2.3570106
583,2.2493503,-0.08467724,-0.24687935,0.52445483,0.745499849319458,0.2589469,4.2273884,2.6547942
584,2.3500106,0.047006283,-0.23738006,0.46333182,0.32424551248550415,0.25392038,2.1161826,2.268892
585,2.3395166,-0.09644639,-0.21815126,0.45056263,0.6320416927337646,0.26754317,2.7412603,2.5033007
586,2.2975683,-0.047074232,-0.24412511,0.44114986,0.738799512386322,0.2562524,3.3102448,2.2335505
587,2.2671702,-0.09343142,-0.19171928,0.6243272,0.792920708656311,0.252151,3.3710542,2.308045
588,2.2805512,0.015811082,-0.30298063,0.44638973,0.85,0.13625795,3.0043607,2.3315027
589,2.2019546,-0.047022585,-0.269546,0.43948624,0.7088289260864258,0.26490924,5.8672595,2.476579
590,2.2689106,0.105769604,-0.21728143,0.33289522,0.6033602356910706,0.2769106,2.8638897,2.1667984
591,2.2768643,0.0062038642,-0.1483091,0.4988138,0.7793087363243103,0.23390709,2.4690168,2.3124497
592,2.1027596,-0.053499825,-0.20337576,0.62666863,0.7663823366165161,0.27547717,8.573892,2.7090044
593,2.2405272,-0.004708795,-0.1750783,0.3931822,0.8113483786582947,0.21364485,3.4393725,2.1124737
594,2.2822664,0.023366751,-0.26544878,0.48810238,0.6211762428283691,0.29874197,3.273973,2.7542002
595,2.3017468,-0.040617,-0.20598035,0.4896286,0.7479279041290283,0.23832412,2.968194,1.8919137
596,2.3505056,-0.18062243,-0.31532004,0.6606375,0.6645857691764832,0.27900863,3.5631628,2.855165
597,2.2086203,-0.026307058,-0.20160356,0.48339772,0.795788049697876,0.21557602,3.7356198,2.7850988
598,2.1767855,-0.042377412,-0.18517086,0.49860695,0.781476616859436,0.24661826,4.717895,2.7947965
599,2.2254303,0.051544406,-0.2683468,0.33966377,0.6721928715705872,0.2784246,4.1961646,2.8770347
600,2.237685,0.042487867,-0.27656284,0.39522192,0.7700610756874084,0.23114061,3.8937109,2.8839633
601,2.3557074,-0.08229526,-0.2744415,0.58953255,0.7072998285293579,0.22549398,2.5492249,1.9852022
602,2.229409,0.008834731,-0.3246032,0.4814789,0.8106358051300049,0.23135334,4.772901,2.8290057
603,2.287955,0.016695136,-0.27384534,0.43338716,0.8031421899795532,0.1727686,2.759577,1.8857498
604,2.3234391,-0.12110595,-0.44338155,0.499304,0.7979946136474609,0.24845953,5.172087,2.740207
605,2.1720393,-0.11787743,-0.26601747,0.6218295,0.7895082235336304,0.27576217,8.136851,2.2671182
606,2.3801596,-0.028062081,-0.24594913,0.4386064,0.20646114647388458,0.1711159,2.1800408,1.3506379
607,2.2056642,0.052223347,-0.29971218,0.37107417,0.7315403819084167,0.26065877,5.24094,2.1105227
608,2.0184996,0.00882873,-0.14397955,0.41133404,0.6954339742660522,0.3814147,12.773826,1.2630908
609,2.3179216,0.019818114,-0.14387524,0.33675456,0.7465335726737976,0.1968922,2.3156607,2.493606
610,2.269763,0.07514878,-0.12717324,0.25109437,0.7407904267311096,0.25240773,2.5485191,2.0016983
611,2.264813,0.012804978,-0.27496624,0.535026,0.7047205567359924,0.25306523,3.350587,2.770518
612,2.3373165,-0.021766927,-0.28064784,0.3749884,0.7658436298370361,0.21883921,2.829174,1.9481655
613,2.1934152,-0.043835483,-0.2535408,0.5106823,0.6099217534065247,0.3157137,5.8955684,2.595965
614,2.3786657,-0.05351179,-0.36176467,0.5680022,0.8247525691986084,0.16840096,2.5309534,1.9691601
615,2.1860032,-0.036511153,-0.11059627,0.46035382,0.7037751078605652,0.26354474,4.188866,2.3321807
616,2.248648,0.0023370525,-0.11556581,0.43124866,0.668209433555603,0.2599719,2.9312186,2.4117048
617,2.1779027,-0.08366581,-0.23179686,0.53114134,0.7644681334495544,0.24817601,6.2371306,2.6994386
618,2.3304076,0.055544417,-0.19566296,0.4648918,0.5821847319602966,0.21334574,2.1235864,2.0353823
619,2.2449968,-0.03666383,-0.27489755,0.43614706,0.7244725823402405,0.25575328,4.492583,2.2546098
620,2.2254534,-0.06906321,-0.23044665,0.37657443,0.8425859808921814,0.17742826,4.512346,2.6153405
621,2.204306,0.07741171,-0.21412194,0.49656883,0.756428062915802,0.2570419,3.3339133,2.013462
622,2.4626675,-0.027545933,-0.29391712,0.42079648,0.28179576992988586,0.24728441,2.0453365,1.9846255
623,2.2701557,-0.0024675264,-0.2213133,0.49418244,0.7576524615287781,0.24873117,3.275891,2.1883714
624,2.364235,-0.06746502,-0.32544434,0.424906,0.7647351622581482,0.24189238,2.7166915,2.202162
625,2.1920826,0.03486188,-0.16503114,0.43561462,0.8195891380310059,0.2105515,3.768474,2.1937995
626,2.311489,-0.025502142,-0.29257253,0.47691065,0.6485719680786133,0.28422847,3.3541257,2.7098246
627,2.2513502,-0.20889571,-0.28497845,0.4515251,0.8409199118614197,0.24258283,7.0150194,1.6651535
628,2.1865034,0.0558998,-0.1929699,0.5019648,0.8371199369430542,0.16227405,3.7889314,2.070071
629,2.1653094,0.04736066,-0.13230023,0.39703435,0.7966935634613037,0.23713629,3.7276769,2.3324468
630,2.325371,0.0426734,-0.32883206,0.43014953,0.7142907977104187,0.24721918,2.8423605,2.6450272
631,2.4511938,-0.045343984,-0.3310488,0.41290167,0.31238415837287903,0.268302,2.4155276,2.1544957
632,2.2775917,0.07700496,-0.24756433,0.35907745,0.828434407711029,0.18240647,2.9553373,1.9147618
633,2.1436121,0.17399552,-0.2313447,0.42389756,0.7637489438056946,0.25612086,4.471785,2.2312765
634,2.3006527,-0.03189678,-0.19261564,0.48274547,0.7299387454986572,0.232589,2.703702,2.5546215
635,2.3484454,-0.044488348,-0.3009511,0.49789134,0.5336492657661438,0.3194633,2.9593537,2.855365
636,2.2663887,-0.015114745,-0.27633932,0.5088976,0.7510972023010254,0.26103112,3.6196265,2.415319
637,2.2093375,0.1276725,-0.23676892,0.40800714,0.7437044382095337,0.24886942,3.024383,1.8091068
638,2.3125553,0.005095873,-0.23530875,0.45968917,0.5681478381156921,0.28243387,2.7232318,2.4450188
639,2.1090872,-0.071830936,-0.124269746,0.5030429,0.7876462340354919,0.2552271,7.496858,1.8603992
640,2.265401,-0.11411188,-0.328308,0.47865966,0.801304280757904,0.23001616,4.760642,2.6260276
641,2.2308164,0.03017567,-0.22925639,0.46292624,0.6982499361038208,0.26563105,3.6691992,2.2854688
642,2.2419493,-0.034409598,-0.16342537,0.48235303,0.8035786151885986,0.21439798,3.0526814,2.4164853
643,2.2691493,0.07999376,-0.19907476,0.41150033,0.5762616991996765,0.27394748,2.7496495,2.3682096
644,2.1356413,0.045851488,-0.19654106,0.5440096,0.7493723034858704,0.25540224,5.112319,2.479426
645,2.3430305,-0.023183249,-0.18500397,0.43148994,0.6206743717193604,0.19443645,2.2407913,1.8115603
646,2.3959754,0.0053772074,-0.286617,0.42361632,0.4630090594291687,0.27887112,2.2811246,2.4566197
647,2.159631,0.06897828,-0.2306043,0.5088944,0.7273242473602295,0.24779855,4.4179945,2.5033534
648,2.4466114,-0.14820862,-0.31689566,0.5843027,0.4940299391746521,0.22059435,2.2637596,2.261994
649,2.1472106,-0.023714902,-0.19654322,0.513619,0.8362162113189697,0.21827528,5.83232,2.4645257
650,2.400365,-0.080063924,-0.36030635,0.46017617,0.6866726279258728,0.29043055,3.0173285,2.8168266
651,2.3134553,-0.13306673,-0.36121744,0.6602492,0.7270936369895935,0.28803337,4.161437,2.7300866
652,2.236047,0.020702448,-0.24152485,0.40771264,0.7323009371757507,0.24832174,3.6038463,2.8847544
653,2.1575034,-0.12725234,-0.21680702,0.3792926,0.8205883502960205,0.25676402,11.173431,2.1367114
654,2.208039,-0.042698633,-0.19439915,0.44523975,0.7172524929046631,0.24172325,4.50718,2.1646402
655,2.2380898,-0.021748548,-0.19158447,0.44066933,0.6659906506538391,0.2779909,3.7403495,2.4143174
656,2.1681614,-0.011532798,-0.25709412,0.4268492,0.6406512260437012,0.33672276,6.51337,2.1803844
657,2.2629874,0.04074558,-0.24686354,0.43281963,0.7024073004722595,0.237218,3.4089682,2.4338694
658,2.121145,0.07928677,-0.21368803,0.49250183,0.7149453163146973,0.28133518,5.7306876,2.8217895
659,2.2835133,-0.109796375,-0.24841996,0.62392646,0.8258590698242188,0.19824271,3.4065113,2.1193485
660,2.156045,-0.027526792,-0.16158623,0.51836115,0.8368628025054932,0.20431753,4.884612,1.6920593
661,2.1437726,0.037257325,-0.093248494,0.4790311,0.7766890525817871,0.24168491,4.025192,2.5718412
662,2.186542,0.005827314,-0.19931132,0.52360755,0.7837613821029663,0.22841993,4.269102,2.616114
663,2.4507623,-0.046196707,-0.35373902,0.47066084,0.43792176246643066,0.24337238,2.3179407,2.1889052
664,2.3001003,-0.018887512,-0.3092341,0.48276272,0.8048143982887268,0.19965026,3.439115,2.3433592
665,2.2688415,-0.004267368,-0.29299125,0.4922624,0.8033596873283386,0.24973588,3.3837326,2.209301
666,2.2331166,0.07256966,-0.20392151,0.49534327,0.6871765851974487,0.27277184,3.1420078,2.756739
667,2.2078495,0.021073429,-0.2287387,0.51418906,0.7967999577522278,0.23190087,3.856976,2.6826496
668,2.1467469,0.16017316,-0.24500704,0.37873337,0.7990898489952087,0.2505331,4.7578344,2.4677582
669,2.2147937,0.06521718,-0.28614664,0.5006567,0.742447018623352,0.26209915,3.8741753,2.716246
670,2.3660307,-0.058566064,-0.23195058,0.49052867,0.42693814635276794,0.21910465,2.3488777,1.5264782
671,2.2695146,-0.22191271,-0.20682545,0.48318356,0.8154719471931458,0.22423868,4.8467565,1.9203391
672,2.2110248,0.2303806,-0.25919008,0.2994435,0.7388758063316345,0.26006544,2.8809097,2.8739953
673,2.2792375,-0.052193638,-0.30728942,0.3472013,0.8252489566802979,0.20489784,3.8785524,2.8781028
674,2.2261033,-0.041970205,-0.16145647,0.5275743,0.7884159684181213,0.23617601,3.4002802,2.3375654
675,2.391445,-0.059134014,-0.4254537,0.44494036,0.7366675734519958,0.24272686,3.383055,2.096203
676,2.2497218,-0.05267136,-0.2159847,0.47940418,0.711469292640686,0.27600008,3.7358208,2.8883696
677,2.3077374,-0.044683635,-0.22682525,0.45740804,0.8444502353668213,0.15803726,2.6702313,1.8578652
678,2.371272,-0.2544309,-0.32970035,0.6032751,0.7912667393684387,0.23354617,3.891906,2.643766
679,2.2379253,0.039488852,-0.25036576,0.36638898,0.7294896841049194,0.24172416,3.6524546,2.6653574
680,2.2628133,-0.044492025,-0.29445252,0.509952,0.7789918184280396,0.23042619,3.961445,2.0297453
681,2.3217742,-0.10638801,-0.43190488,0.5103371,0.85,0.18403217,4.8483047,2.7487278
682,2.1969159,-0.06408474,-0.18822522,0.37354454,0.85,0.21722989,5.6226916,2.4837477
683,2.2880046,0.0308207,-0.27727926,0.48893997,0.7541040778160095,0.24419141,3.0774398,2.6311157
684,2.32534,-0.0389069,-0.2965384,0.43043116,0.85,0.17936085,2.7161224,1.6085169
685,2.2947006,-0.01863861,-0.2563503,0.4998876,0.6774168610572815,0.26506126,3.3385637,2.0969343
686,2.2352557,-0.01908329,-0.24092901,0.5869027,0.8102988600730896,0.1829196,3.1606364,2.2434916
687,2.2385678,0.021502841,-0.25965557,0.43310383,0.7453005909919739,0.24611914,3.8312798,2.7070339
688,2.216544,-0.082691446,-0.21169837,0.6207273,0.7545284032821655,0.26870966,4.33977,2.0548449
689,2.1957066,-0.091038555,-0.16743228,0.6397557,0.7518067955970764,0.26395798,4.135688,2.5220213
690,2.2094738,0.0020083545,-0.2014399,0.38655216,0.85,0.15194593,3.8971884,1.7631043
691,2.2953334,-0.06440828,-0.29884952,0.52959436,0.7469011545181274,0.25725126,3.5976055,2.5935345
692,2.283801,-0.12511174,-0.25886554,0.5026188,0.7248387336730957,0.25353828,4.184683,2.4961925
693,2.2443292,-0.017371308,-0.17941324,0.43415782,0.6938199400901794,0.25812012,3.0732567,2.5792637
694,2.1859596,-0.047475804,-0.1825008,0.44225743,0.6878820061683655,0.26736847,5.368701,2.3890529
695,2.1768818,0.009637064,-0.24865605,0.4774474,0.7856649160385132,0.22554442,4.866121,2.6448786
696,2.2067485,-0.061061457,-0.29027966,0.48987904,0.7538756132125854,0.24811418,5.9311695,2.5196948
697,2.2094119,-0.033048406,-0.23609558,0.49572083,0.8258998990058899,0.19867519,4.434387,1.8058085
698,2.2031238,-0.08069771,-0.19372766,0.46694255,0.7251195907592773,0.25878218,4.635999,2.8903098
699,2.3206484,0.034116622,-0.29870397,0.45283356,0.7741110324859619,0.23981942,2.9231753,2.2746246
700,2.308985,-0.07647437,-0.30036017,0.5093854,0.7653603553771973,0.24449648,3.5533519,2.8294897
701,2.2124507,0.054510277,-0.18301131,0.39760023,0.8334329128265381,0.1704698,3.392934,1.9132673
702,2.2346332,-0.031576324,-0.26241982,0.6418681,0.7556354999542236,0.25612712,4.0420895,1.8320574
703,2.3015702,-0.08804895,-0.18683605,0.4819891,0.6079527735710144,0.29981333,3.134149,2.3393984
704,2.3001862,-0.06552426,-0.20121567,0.4088849,0.6538602113723755,0.26518893,3.0196023,2.2238238
705,2.2811038,-0.054770965,-0.15530086,0.4536554,0.8042277693748474,0.18715188,2.7272067,2.1560473
706,2.424243,-0.13534448,-0.2971706,0.5327622,0.6713833212852478,0.2309587,2.3589795,2.3763826
707,2.2255194,-0.08559881,-0.04880758,0.52047855,0.7160511612892151,0.26759583,3.3695354,2.2243807
708,2.2906682,0.030374682,-0.2561862,0.43745473,0.7332348823547363,0.24626622,2.8756745,2.510501
709,2.300728,-0.099592045,-0.2678999,0.47974873,0.6352155804634094,0.27872548,3.7493536,2.8718288
710,2.3464708,-0.0014838888,-0.35454908,0.45089805,0.6852438449859619,0.25499368,2.8686635,2.467026
711,2.263741,-0.04477442,-0.33378193,0.40423432,0.841915488243103,0.22219144,4.802981,2.1838536
712,2.2885678,-0.12156274,-0.31508574,0.6494762,0.7994809746742249,0.22827144,4.257663,2.8321047
713,2.3262105,-0.012942679,-0.27536967,0.560061,0.779405951499939,0.16103339,2.3772542,1.4353255
714,2.2657413,0.03996437,-0.22871639,0.41221568,0.8380628824234009,0.19209738,2.9506538,2.489123
715,2.4010055,-0.017209597,-0.27724653,0.54392534,0.543059766292572,0.23791853,2.2133317,2.3876293
716,2.1964931,-0.042101398,-0.18865752,0.49300647,0.7999679446220398,0.23836954,4.226631,2.747537
717,2.2425697,0.017407153,-0.23031648,0.47790796,0.78135085105896,0.22962847,3.746711,2.2404468
718,2.3382938,-0.12517565,-0.19411598,0.53307194,0.7027250528335571,0.26324362,2.7086244,2.7835288
719,2.3471637,-0.018215192,-0.28018066,0.39669767,0.7123230695724487,0.2410979,2.7153137,2.4980924
720,2.3104007,-0.112112865,-0.21162103,0.45216188,0.8257524371147156,0.19189687,3.2357562,2.2985716
721,2.4675152,-0.036845546,-0.3007101,0.49244535,0.4471834599971771,0.20536336,2.111118,1.692488
722,2.3424225,-0.02170921,-0.22297886,0.37322983,0.7296328544616699,0.19387154,2.5228,1.6151427
723,2.244421,-0.07955553,-0.19952321,0.5724899,0.85,0.19638567,3.5495157,2.297573
724,2.2370408,-0.11594456,-0.26803514,0.5787299,0.7953261733055115,0.23925042,5.2609825,2.6466115
725,2.4265952,-0.18867409,-0.27968428,0.5207789,0.4313119351863861,0.28456333,2.5175781,2.5235333
726,2.2844367,-0.08518224,-0.26719433,0.46978825,0.666161298751831,0.25648797,3.852941,2.2419686
727,2.2254333,-0.11029627,-0.15859675,0.5133622,0.7839651107788086,0.25098,3.9515083,2.7467859
728,2.2385416,-0.008534411,-0.1387385,0.49385372,0.7595809102058411,0.25322804,2.936967,2.498707
729,2.2776232,-0.021661371,-0.16486192,0.47662613,0.8086152672767639,0.1786843,2.8136718,1.6221644
730,2.3320887,-0.02015356,-0.386965,0.54075325,0.7311437726020813,0.2338777,3.4851258,2.128129
731,2.20439,-0.045152005,-0.21276276,0.5310214,0.8288269639015198,0.21543184,4.035713,2.2794504
732,2.4327555,-0.18661371,-0.24173023,0.50345623,0.5388204455375671,0.2308185,2.3661304,1.5853356
733,2.113804,0.13224329,-0.17334442,0.332869,0.7031246423721313,0.26645562,5.429801,2.3919582
734,2.3659732,-0.017816894,-0.2758207,0.43577948,0.5875668525695801,0.22125368,2.402588,1.800715
735,2.4305086,0.0072457916,-0.3818682,0.46429434,0.85,0.13103375,2.1107888,1.6168337
736,2.3934922,-0.03995625,-0.2562083,0.40623966,0.47783052921295166,0.2628953,2.2281258,1.9010984
737,2.40491,0.022833541,-0.34594393,0.4873633,0.6430094242095947,0.18933704,2.3001125,1.929808
738,2.3450072,-0.15277846,-0.20642656,0.5600266,0.6885714530944824,0.26547104,2.8297663,1.9756377
739,2.2806845,-0.040928774,-0.31097996,0.5577858,0.7929689884185791,0.23092331,3.3077233,2.1372263
740,2.2951238,0.008825116,-0.1735444,0.38536054,0.7179224491119385,0.24148476,2.9098556,2.1554902
741,2.3783295,0.018852493,-0.3107701,0.49455267,0.4497658610343933,0.22148952,2.2163227,1.7630223
742,2.321649,0.027702201,-0.48481482,0.537276,0.8421297669410706,0.21125102,3.8588204,1.9559171
743,2.29211,-0.031165788,-0.22726065,0.49415353,0.7717640399932861,0.23718123,2.951298,2.449012
744,2.2389116,0.0076239468,-0.25915003,0.5175151,0.734793484210968,0.27079618,3.7759185,2.703308
745,2.361369,-0.17810872,-0.17377251,0.5287045,0.7243900895118713,0.25006115,2.6306105,2.5879138
746,2.2912817,0.06353181,-0.28760305,0.4117754,0.5402154326438904,0.3252316,3.1543496,2.4875844
747,2.3279228,0.019902669,-0.2875423,0.39575306,0.765310525894165,0.2367039,2.9552665,2.6186543
748,2.3253655,-0.0748022,-0.4561064,0.56681263,0.7107342481613159,0.2561395,4.07678,2.5240245
749,2.3260455,0.035796747,-0.251091,0.48840207,0.6148279309272766,0.19266902,2.3507087,1.6872722
750,2.2717593,0.00307275,-0.18177418,0.33141315,0.7310900688171387,0.25044596,2.8251178,2.6627188
751,2.098518,0.026612185,-0.21532245,0.44411945,0.6213255524635315,0.35029367,9.509162,2.8921885
752,2.246801,0.031646423,-0.2647084,0.40971014,0.7915037870407104,0.1869428,3.396556,2.29565
753,2.2240295,-0.07109783,-0.25483716,0.5524136,0.785590648651123,0.23908535,4.578403,2.4551718
754,2.2930996,-0.07533211,-0.37384725,0.5983234,0.7134482264518738,0.2765071,4.305802,2.6542938
755,2.2336674,0.023117289,-0.1455901,0.46624345,0.6349116563796997,0.28689846,2.995405,2.4182212
756,2.2408051,-0.016600123,-0.17017388,0.42602155,0.8284485936164856,0.19435154,3.0587573,1.4254684
757,2.2031562,-0.032451596,-0.20151134,0.49419436,0.7839990258216858,0.23083133,4.1004734,2.5928845
758,2.1971955,0.08694916,-0.21421395,0.5137431,0.6884952783584595,0.25301298,3.0951617,2.7997022
759,2.2273421,-0.054636996,-0.1208731,0.39292452,0.8467064499855042,0.13516031,2.612812,1.9736573
760,2.2096043,-0.08778739,-0.19182795,0.50490415,0.8383310437202454,0.17199329,4.205064,2.127477
761,2.196501,0.12731396,-0.2578798,0.44879982,0.7404353022575378,0.22961187,3.5212717,2.6877215
762,2.22593,-0.009928788,-0.24807915,0.58709836,0.7639991044998169,0.26554352,3.8639452,2.6432881
763,2.333691,-0.040495418,-0.21196833,0.44098264,0.717718243598938,0.17577563,2.175713,1.6547621
764,2.3581486,-0.13502762,-0.28540215,0.48147228,0.7878351211547852,0.20657161,3.0794806,2.3899264
765,2.2897873,-0.00040449176,-0.3687949,0.57106656,0.750044047832489,0.23802967,3.4362035,2.635265
766,2.206511,-0.024707178,-0.20850725,0.5056638,0.7736770510673523,0.23874055,4.304517,2.3179078
767,2.2464478,0.011299602,-0.17198697,0.36203313,0.7847872972488403,0.22953361,3.2008555,2.5042524
768,2.3499837,-0.044748206,-0.24663283,0.41601428,0.7266457676887512,0.23254304,2.5812628,2.0019844
769,2.2904983,0.00277947,-0.20475729,0.40884078,0.6881495714187622,0.23753864,2.7307682,1.7146077
770,2.3796885,-0.06461368,-0.29305986,0.41346386,0.7052713632583618,0.2693433,2.9284673,2.6027262
771,2.3452325,-0.03973684,-0.3215789,0.40351176,0.8193359971046448,0.21728215,3.1959314,2.1914005
772,2.176548,-0.038936686,-0.25413615,0.6222314,0.7710228562355042,0.23734653,5.27414,2.5175223
773,2.211577,0.0051365937,-0.21757232,0.52330977,0.7267021536827087,0.258293,4.0045385,2.755299
774,2.2046475,0.061301358,-0.14750116,0.33391073,0.8125720620155334,0.2201874,3.3604517,2.3583999
775,2.2275875,0.037786894,-0.21638623,0.53145957,0.8379639983177185,0.15665364,2.8038745,1.5756733
776,2.2569318,0.05133932,-0.25910088,0.3593624,0.773320734500885,0.23628384,3.3932793,2.6487956
777,2.2484024,-0.041951694,-0.32165715,0.46059218,0.8335607647895813,0.18125467,4.04977,2.744839
778,2.2597272,-0.010094225,-0.18036151,0.5604718,0.6485262513160706,0.28004393,3.0367782,2.68432
779,2.2173135,0.026638588,-0.10558498,0.4314039,0.6766303181648254,0.27127215,3.1593328,2.6763484
780,2.2200532,0.004488604,-0.1798655,0.48173106,0.7303404808044434,0.2619192,3.7161438,2.7987695
781,2.2697284,-0.109655336,-0.25209236,0.4590841,0.823941171169281,0.19749671,4.611933,2.2322075
782,2.2658465,-0.08070022,-0.1834454,0.41118568,0.85,0.18570203,3.4876616,1.8785033
783,2.3036273,0.015234696,-0.3121145,0.45740736,0.6895511746406555,0.2753584,3.1000617,2.704147
784,2.2378118,0.10632773,-0.23416589,0.36143413,0.7143658995628357,0.24892674,3.212775,2.7710698
785,2.2513828,-0.0130337365,-0.20414564,0.45604658,0.8245439529418945,0.20512031,3.1709828,1.8925319
786,2.0967305,-0.029606016,-0.19967218,0.44522166,0.7879243493080139,0.28516814,11.499121,2.4519112
787,2.2164865,-0.0012337302,-0.27499658,0.3467691,0.813811182975769,0.20491111,4.851175,2.8932266
788,2.241336,-0.12672536,-0.33354163,0.4581789,0.7908231019973755,0.23485373,7.2441645,2.7110913
789,2.2264082,-0.0616853,-0.23426412,0.40988246,0.6945067644119263,0.2793445,4.8711557,2.5768857
790,2.2724066,-0.09953752,-0.2543402,0.45975277,0.7951176166534424,0.22578615,3.9417226,2.7454824
791,2.287289,0.069534376,-0.33582127,0.47459507,0.7505635023117065,0.20927753,3.0348473,1.5358177
792,2.3074505,0.02155093,-0.32188776,0.48959467,0.7769439220428467,0.23661102,3.085934,2.6682024
793,2.3774025,-0.08873953,-0.29391214,0.5832041,0.5941841006278992,0.275497,2.4215343,2.6473112
794,2.2556064,-0.06478778,-0.2918468,0.54065657,0.6857007145881653,0.27648324,4.2997,2.5263932
795,2.3493257,-0.029193455,-0.23156027,0.48220798,0.6660698652267456,0.21012889,2.1902397,2.2526338
796,2.2810888,-0.049544774,-0.32981098,0.56784683,0.8296977281570435,0.2083731,3.261209,2.8444903
797,2.342353,-0.06388785,-0.23812985,0.4758643,0.6538113951683044,0.25842455,2.8289843,2.1873958
798,2.3266563,-0.09158098,-0.18960582,0.43914488,0.7872986197471619,0.1987309,2.6263344,2.4163246
799,2.2831485,-0.00861736,-0.21199803,0.5826563,0.7779058814048767,0.21430486,2.6471345,1.9834026
800,2.2861576,-0.08416492,-0.31283575,0.5118867,0.7822302579879761,0.23483147,4.3716874,2.8705676
801,2.2486222,0.037743434,-0.2561246,0.28015012,0.8179961442947388,0.22307077,3.6692586,2.7238202
802,2.2924552,-0.007088833,-0.25479448,0.35485604,0.7532587051391602,0.2298324,3.3116615,2.40516
803,2.3742392,-0.11107876,-0.3454961,0.6320877,0.8497934937477112,0.17016158,2.841145,2.4405472
804,2.2809963,0.08844794,-0.3874215,0.53084797,0.842775285243988,0.19913767,3.387736,2.7485435
805,2.4080732,-0.016819498,-0.2814291,0.40409893,0.4810073971748352,0.27800262,2.2606277,2.3323696
806,2.4483914,-0.07209815,-0.43093777,0.42653382,0.5003581643104553,0.3229992,2.7829583,2.9065847
807,2.4030542,-0.124018,-0.27278724,0.6077303,0.7406387329101562,0.20482022,2.2297018,2.346006
808,2.4351726,-0.024326595,-0.25104937,0.46424165,0.6536038517951965,0.21690913,2.04129,2.4986339
809,2.26194,-0.036633413,-0.17850058,0.3550143,0.8165474534034729,0.21052639,3.476346,1.9717989
810,2.277765,-0.0540522,-0.12465842,0.3849476,0.6941689848899841,0.24449398,3.0622306,2.6823187
811,2.2956464,-0.015774611,-0.38394076,0.49539414,0.85,0.17708446,3.607328,2.7110262
812,2.259232,-0.044653744,-0.16392714,0.5554403,0.813353419303894,0.21247338,3.0758343,2.5606563
813,2.2459617,0.012249134,-0.25553125,0.40005058,0.7934656739234924,0.20349577,3.6044388,1.902577
814,2.188674,-0.1114332,-0.34844503,0.54783773,0.8117495179176331,0.26968998,9.903848,1.7664094
815,2.3300521,-0.024621012,-0.21242379,0.51130843,0.770011842250824,0.16200748,2.314882,1.7238946
816,2.2469661,-0.0631166,-0.19109283,0.4988619,0.8249807357788086,0.17959951,3.3154657,1.5701648
817,2.1617527,0.08184249,-0.32465556,0.48378778,0.7986412644386292,0.25723687,5.9502754,2.8889682
818,2.2671423,-0.08421808,-0.21297912,0.4562006,0.85,0.18941109,3.4824638,2.0054712
819,2.3429961,0.07130336,-0.3421321,0.53326327,0.45820218324661255,0.31272137,2.4699981,2.5580864
820,2.1386807,0.026284883,-0.06377656,0.24024926,0.6635594367980957,0.29155445,5.1118336,2.6204195
821,2.3337357,0.027771935,-0.2755269,0.47686908,0.6805599331855774,0.24077508,2.6543975,2.2106342
822,2.250792,-0.10303274,-0.22932371,0.61963207,0.6631104946136475,0.28895596,4.0419183,2.8088205
823,2.1466436,-0.0042010257,-0.19413345,0.43984297,0.7952377200126648,0.23999111,6.1388073,2.6609554
824,2.1918862,0.1111736,-0.20705159,0.4354333,0.8102444410324097,0.21579683,3.1933453,2.6829476
825,2.2729008,-0.10046647,-0.2546763,0.5101135,0.7345218062400818,0.2530658,3.942583,2.4179163
826,2.361199,-0.06824631,-0.22518994,0.38902733,0.6183773875236511,0.2486096,2.6160164,2.3142655
827,2.3138747,0.051496036,-0.26786146,0.47112733,0.757824182510376,0.23023042,2.3017855,2.334385
828,2.1031406,0.08791442,-0.16771692,0.5180883,0.727409839630127,0.27025217,5.50961,2.6381266
829,2.4405136,0.021445708,-0.22928993,0.39755368,0.3322090804576874,0.23954125,2.0910854,2.3277905
830,2.271746,-0.06939169,-0.2624196,0.56957,0.7554048895835876,0.25364313,3.5989602,2.336525
831,2.2625418,-0.07758343,-0.22200729,0.46787727,0.8037019371986389,0.22290315,3.732936,1.8108724
832,2.144578,0.1712445,-0.10130993,0.24893565,0.7660192251205444,0.258109,3.4493194,2.8770034
833,2.206712,-0.07294961,-0.29422462,0.5185368,0.6893031001091003,0.27854353,5.858605,2.8839352
834,2.1882875,-0.04644552,-0.15716662,0.42110685,0.85,0.19479303,4.839601,2.0516977
835,2.2526362,-0.0297091,-0.18171905,0.5005474,0.7362155318260193,0.23370986,3.258729,2.6446903
836,2.2709758,-0.039952334,-0.2902294,0.48966116,0.6610509157180786,0.28701898,4.2025547,2.7707644
837,2.287115,0.021247115,-0.2699056,0.4861485,0.7051636576652527,0.24930213,3.1271417,2.5881279
838,2.3773785,-0.19926816,-0.2300547,0.43178612,0.644012451171875,0.26776516,2.9039903,2.807261
839,2.1580544,0.047651567,-0.14468384,0.6270964,0.8127413988113403,0.2141554,3.6046886,2.3377957
840,2.1634278,-0.04861693,-0.19366042,0.45671412,0.7079266309738159,0.26539564,5.5904965,2.0551908
841,2.2003195,0.02112604,-0.14677136,0.5480324,0.7059016227722168,0.27900833,3.4080584,2.8940754
842,2.3048158,-0.052005555,-0.1931557,0.3298359,0.7039651274681091,0.26706815,3.0540571,2.855112
843,2.2026224,-0.021429144,-0.15198322,0.40973178,0.7500483989715576,0.26624086,4.080493,2.7985506
844,2.2841153,0.024374852,-0.3119069,0.35790294,0.7848731279373169,0.22826537,3.4972,2.5769074
845,2.2467234,-0.02638741,-0.29749677,0.47768706,0.7120485305786133,0.2535758,4.3759623,2.538601
846,2.3870652,-0.15904194,-0.22190812,0.546821,0.7746313810348511,0.20279178,2.5352867,2.1442437
847,2.2234545,0.0048895194,-0.20952995,0.38460633,0.7857218384742737,0.2260838,3.7549117,2.3923943
848,2.3324487,-0.08918332,-0.23154506,0.44028077,0.6744909882545471,0.26781508,2.987602,2.1400464
849,2.3475978,-0.12492759,-0.28120565,0.33394668,0.6838021874427795,0.27139252,3.4665377,2.5937836
850,2.1567054,-0.041312706,-0.3254283,0.43097696,0.7321656942367554,0.32124647,11.49665,1.2903825
851,2.3313603,-0.0025138012,-0.29003656,0.5054563,0.85,0.12841012,2.4799707,1.9490526
852,2.1638653,-0.075756535,-0.18827109,0.38743153,0.8236671686172485,0.21954742,6.6958847,1.5752933
853,2.2964098,-0.025940219,-0.24370785,0.47333476,0.7126639485359192,0.25537813,2.9761257,2.3375132
854,2.4057875,-0.08464791,-0.35075083,0.4466064,0.85,0.1324715,2.604627,1.4415556
855,2.2902827,-0.04219679,-0.2978258,0.43395126,0.8412765860557556,0.17917478,3.2430418,1.8029726
856,2.3076441,-0.086054966,-0.1908847,0.46541202,0.7283081412315369,0.27105755,3.192673,2.6661377
857,2.2565238,-0.015573113,-0.21108483,0.34248543,0.7994706630706787,0.22615917,3.4993045,2.443642
858,2.2463024,0.005743933,-0.24748398,0.42903638,0.85,0.17807116,3.566634,2.6926253
859,2.349708,0.008110519,-0.17372176,0.469834,0.3314843475818634,0.29032332,2.2133076,2.5398462
860,2.1545177,0.11247033,-0.17236736,0.36272588,0.7355676293373108,0.26244006,4.061836,2.6003208
861,2.1907513,-0.002937617,-0.1436074,0.4609544,0.6767076253890991,0.27320513,3.7355177,2.6204405
862,2.1921842,0.09112221,-0.25381035,0.37864292,0.7769585847854614,0.23773323,4.286103,2.3099675
863,2.1081638,0.021102106,-0.14640501,0.39065248,0.85,0.2049811,6.2965307,1.6483387
864,2.3046708,0.025058998,-0.18874773,0.376906,0.6238604187965393,0.24885756,2.522319,2.6066742
865,2.260903,-0.11102852,-0.27803454,0.6298532,0.6964393258094788,0.270504,3.9715002,2.3759768
866,2.2079127,-0.052883163,-0.25939548,0.5475097,0.7759619355201721,0.23977958,5.124395,2.5426316
867,2.2134774,0.06554687,-0.19860141,0.36530802,0.8389190435409546,0.17506266,2.9960196,1.562878
868,2.1982963,0.031705298,-0.24773763,0.51403415,0.6908419132232666,0.3064193,4.125224,2.2073588
869,2.2992713,-0.035876106,-0.2815283,0.3550031,0.85,0.16809115,3.324695,2.5364
870,2.3095882,-0.086042956,-0.23734662,0.47891405,0.6734060049057007,0.2760237,3.2559137,2.4690423
871,2.3469782,0.041329026,-0.24912918,0.40561795,0.6148058772087097,0.22732793,2.3471987,1.7640806
872,2.1154923,0.088741906,-0.24579851,0.46106988,0.8151031732559204,0.21880421,6.4915223,2.2199686
873,2.2373579,-0.00030723884,-0.1586179,0.38653085,0.6965975761413574,0.26514935,3.4274049,2.8045797
874,2.306724,0.14835063,-0.24301732,0.47249597,0.6198679804801941,0.1853926,2.1400843,1.5312833
875,2.1879387,-0.045000292,-0.22297557,0.47961962,0.7864465117454529,0.23160315,5.655524,2.7971315
876,2.1774263,-0.027189786,-0.19496448,0.44355285,0.7862900495529175,0.21944551,4.5824656,2.232232
877,2.23657,-0.026152302,-0.27497616,0.48404336,0.813322901725769,0.22949818,4.463351,2.6413987
878,2.2773993,-0.0641349,-0.2189391,0.5075374,0.7573181986808777,0.25386047,3.4616988,2.2928107
879,2.3140402,-0.031216333,-0.16263929,0.4340648,0.5802215337753296,0.26698223,2.4020956,2.5857873
880,2.1226919,0.021773444,-0.21670263,0.5299506,0.6875829100608826,0.28390917,7.4631586,2.8999827
881,2.3621347,-0.10917499,-0.29576743,0.461098,0.6015222072601318,0.27602106,3.1754396,2.5488102
882,2.3028145,-0.057488825,-0.4212868,0.515031,0.7276389598846436,0.27277762,4.533398,2.860215
883,2.4960845,-0.04822882,-0.24789573,0.40896425,0.23576948046684265,0.258803,2.0673423,2.403838
884,2.3025324,0.044029485,-0.27161047,0.36940736,0.7314979434013367,0.2466071,2.963982,2.3029263
885,2.2748916,-0.055203076,-0.28824505,0.5303638,0.8448596596717834,0.19341832,3.647137,2.1193817
886,2.1169372,0.2123035,-0.14822276,0.41121,0.85,0.19056092,3.800179,2.021274
887,2.2215238,-0.19965509,-0.2077765,0.6635455,0.7784760594367981,0.21969166,5.593901,2.5256062
888,2.2272758,-0.05478404,-0.174926,0.45230335,0.7699904441833496,0.23349983,3.7961106,1.9629606
889,2.2587454,0.034911618,-0.1789852,0.5423295,0.6501857042312622,0.29287657,2.9112904,2.3066392
890,2.1832318,0.011078763,-0.22870046,0.49041462,0.7785100340843201,0.25291872,4.751852,2.763763
891,2.168623,0.029782623,-0.17726389,0.42095178,0.8144862651824951,0.22282763,4.024355,2.86534
892,2.2444594,-0.06392357,-0.26802397,0.5094104,0.7443104386329651,0.24362515,4.4990454,2.2237298
893,2.3911197,-0.04983786,-0.31981996,0.39765343,0.8096351623535156,0.19392167,2.4645145,1.9878601
894,2.256931,-0.014371372,-0.24835695,0.4916201,0.6779527068138123,0.28986362,3.748552,2.4100857
895,2.337377,-0.08300005,-0.2729307,0.45281494,0.7064827680587769,0.2584753,2.884196,1.9672017
896,2.34045,-0.1007248,-0.31261456,0.4396127,0.7969815731048584,0.23110563,3.5939682,2.524617
897,2.1979146,-0.02349481,-0.22241706,0.4141106,0.85,0.16893032,4.5548005,1.7349764
898,2.314039,-0.011509395,-0.1994815,0.4387879,0.6661351919174194,0.25949252,2.5129979,2.0930629
899,2.3063135,-0.030630235,-0.2800805,0.47304574,0.7619596719741821,0.22523147,3.3563766,2.5068028
900,2.279265,-0.10616674,-0.27916622,0.5740334,0.756935179233551,0.25885013,4.167325,2.5446126
901,2.3791654,0.018754458,-0.24446444,0.5921773,0.44019177556037903,0.31135032,2.0247865,2.8257666
902,2.2328455,-0.069828525,-0.2979696,0.4310039,0.7531783580780029,0.2378065,5.614401,2.6316676
903,2.2442193,0.024625972,-0.23736697,0.38555968,0.8125201463699341,0.19097689,3.5954244,2.1407287
904,2.3616693,-0.078431435,-0.29080954,0.58872163,0.7058399319648743,0.22838938,2.5758178,1.8009025
905,2.2487655,-0.014512528,-0.24419977,0.50977206,0.85,0.14365582,3.228865,2.6833944
906,2.2056623,-0.103797935,-0.16152932,0.6963132,0.85,0.15419437,4.1208715,2.07687
907,2.406564,-0.083646186,-0.21377064,0.4752653,0.7176008820533752,0.13853873,2.078636,1.3417248
908,2.3899007,-0.023921242,-0.26426855,0.3936363,0.6396022439002991,0.2690945,2.3591218,2.6580245
909,2.1945646,0.009511971,-0.31667385,0.58348954,0.698117196559906,0.27809152,5.3956046,2.4558604
910,2.162612,0.108923145,-0.20444754,0.3929832,0.7267006039619446,0.25052127,3.849439,2.7599502
911,2.306442,-0.13574435,-0.2693155,0.5868282,0.7411394715309143,0.25556192,3.879159,2.7698803
912,2.210973,0.034634273,-0.25145915,0.43572438,0.85,0.17444746,3.529936,1.7558901
913,2.3581598,-0.14938456,-0.3238673,0.56540644,0.85,0.1985516,3.0059578,1.8078631
914,2.277354,-0.054963913,-0.26517087,0.46593174,0.7755697965621948,0.23220098,3.7950497,2.1996884
915,2.3722956,-0.11574837,-0.26089886,0.51566344,0.7993181347846985,0.18893492,2.493932,1.6684601
916,2.204847,0.016511766,-0.21137299,0.47343856,0.7047147154808044,0.27430806,4.1757274,2.4324436
917,2.3200872,-0.024844712,-0.23826396,0.38294056,0.7897812128067017,0.22252405,3.0720174,1.717193
918,2.335473,-0.0575826,-0.24212073,0.4610306,0.7815698981285095,0.21792445,2.536614,2.0491455
919,2.3008268,-0.044383053,-0.32702112,0.39985812,0.7333062291145325,0.27152747,3.8400855,2.877481
920,2.393097,-0.08892359,-0.31929818,0.43929306,0.7539355158805847,0.20542492,2.6037552,1.8241898
921,2.303507,0.04931882,-0.14037478,0.32282585,0.5622910857200623,0.21993838,2.175389,2.4077406
922,2.2002826,-0.00061056635,-0.27081582,0.58254635,0.7804942727088928,0.25129023,4.9157977,2.7181394
923,2.4314513,0.06338524,-0.34698743,0.5732424,0.523047149181366,0.24330996,2.1624367,2.1380515
924,2.256775,-0.057540808,-0.2074182,0.43056417,0.6706891059875488,0.28063047,3.3396494,2.872413
925,2.264393,-0.021499965,-0.33917603,0.54845196,0.7324243783950806,0.2581236,4.310993,2.5313935
926,2.2915437,-0.032899614,-0.20040637,0.3468602,0.7964434027671814,0.20543821,3.0566769,1.9628743
927,2.4531438,-0.038041975,-0.3407681,0.67076445,0.7366365194320679,0.13318458,1.9914812,1.4208225
928,2.0635805,-0.032041155,-0.19538306,0.536688,0.7457558512687683,0.3284562,12.383419,1.5354884
929,2.3879025,-0.06226767,-0.27561653,0.47286457,0.5458742380142212,0.2691951,2.540279,2.071667
930,2.2471642,0.084058024,-0.2849481,0.47786602,0.7471904754638672,0.25494727,3.3163745,2.6007829
931,2.2890534,-0.07915066,-0.23983632,0.43397516,0.7289750576019287,0.24929081,3.5594218,2.28557
932,2.156914,-0.047221452,-0.23053882,0.4676584,0.85,0.1876126,6.5868807,2.1573033
933,2.2222316,0.089912735,-0.21904227,0.56857044,0.7803950905799866,0.22714767,3.2233686,2.5160396
934,2.225058,-0.056486294,-0.29907224,0.41082647,0.7068408131599426,0.26827788,6.4318056,2.8076022
935,2.226202,0.021134162,-0.257772,0.5247966,0.7115554809570312,0.22944865,3.200422,2.3314095
936,2.2736828,-0.034614973,-0.29918155,0.38903913,0.7648970484733582,0.24249779,4.3269544,2.2340994
937,2.447144,-0.07567725,-0.34237233,0.6179984,0.7301931381225586,0.1593386,2.1356645,1.9136711
938,2.344629,-0.07175202,-0.26011708,0.38194686,0.8218979239463806,0.1717601,2.4856222,2.560407
939,2.3683395,-0.13587095,-0.2587083,0.52815205,0.602908194065094,0.29338813,2.9498112,2.6732728
940,2.2442596,0.035297487,-0.21430914,0.46731436,0.8062788844108582,0.2020647,3.005141,2.3537097
941,2.4026606,0.00976199,-0.27467594,0.4289858,0.14248265326023102,0.30072978,2.19613,2.8882234
942,2.271047,-0.029861812,-0.20485303,0.35171872,0.8343949913978577,0.19096248,3.482812,2.770956
943,2.261026,-0.03286559,-0.20693733,0.32138577,0.8039093613624573,0.18992516,3.5091898,2.182014
944,2.2376568,-0.124931216,-0.31275705,0.5703592,0.7979329228401184,0.2398575,6.45486,2.3531861
945,2.2355044,0.031914875,-0.21607815,0.4200906,0.85,0.14940372,2.9778826,1.8961765
946,2.3489873,-0.07668235,-0.2699191,0.49207336,0.6455092430114746,0.28390652,3.049587,2.6254435
947,2.3316782,-0.05827976,-0.28833538,0.5044773,0.7523806095123291,0.2168631,2.9887729,1.6928823
948,2.4527218,0.0034068485,-0.35034934,0.48384568,0.41063883900642395,0.22140135,2.082252,1.8964008
949,2.230712,0.05549687,-0.16201755,0.46161965,0.615231990814209,0.3123836,3.060109,2.6955929
950,2.265808,-0.106058076,-0.26039806,0.5342666,0.8032808303833008,0.2231805,3.91566,2.7551646
951,2.308593,0.089207806,-0.30531988,0.4590053,0.7711914777755737,0.2316294,2.5456235,2.475981
952,2.256665,-0.13838209,-0.20983002,0.54629433,0.7353232502937317,0.25347733,4.146061,2.7658079
953,2.4129548,-0.021759266,-0.30611283,0.41020554,0.7652521133422852,0.13703328,2.1643507,1.5785805
954,2.1354673,-0.022702035,-0.24359019,0.27244344,0.7486664652824402,0.33209488,12.235055,2.7579813
955,2.2926443,-0.056309666,-0.1616004,0.52347153,0.8207793235778809,0.15117456,2.3657877,1.405436
956,2.3477726,-0.00048222154,-0.3093325,0.4014092,0.7792726159095764,0.20867476,2.923388,2.6020977
957,2.245803,-0.031804513,-0.147732,0.51135385,0.8055449724197388,0.19895017,2.9193373,1.7724258
958,2.1824763,0.13332424,-0.25470698,0.35100755,0.8444119095802307,0.21351035,4.0526695,2.7213666
959,2.22688,-0.039027322,-0.25921893,0.47349647,0.8111371994018555,0.21738139,4.4574285,2.5513976
960,2.280407,-0.06137285,-0.25394934,0.3888732,0.7193953990936279,0.2735716,4.0487285,2.821065
961,2.269859,-0.111552864,-0.27036873,0.6033949,0.8125638961791992,0.21319725,4.1336536,1.5921853
962,2.2037842,-0.002082771,-0.24391922,0.49022004,0.8199051022529602,0.22360098,4.451056,2.4725432
963,2.289216,-0.07496855,-0.29660675,0.48732412,0.79864901304245,0.23507075,4.1692467,2.663712
964,2.0956454,0.08153052,-0.18889773,0.47351304,0.8305510878562927,0.22420655,5.8244495,1.4236343
965,2.1227658,0.03956767,-0.17074764,0.42334363,0.8174459934234619,0.19736856,5.2635694,2.6487753
966,2.238082,-0.02180203,-0.22942376,0.36318853,0.7400018572807312,0.2601551,3.9940376,2.588271
967,2.2905848,0.04090845,-0.15408342,0.44573945,0.4844039976596832,0.2644949,2.3606436,2.1588044
968,2.2933793,-0.020890122,-0.19014557,0.618863,0.6886709928512573,0.2574857,2.5246518,2.6618125
969,2.2480185,0.16547391,-0.22048636,0.46395934,0.6228633522987366,0.25843188,2.6634042,2.0163996
970,2.455901,-0.09781138,-0.30986008,0.41965953,0.6213452219963074,0.19252214,2.2902663,1.8125612
971,2.2446613,-0.04889784,-0.22196965,0.39165568,0.8223986625671387,0.23494364,4.0013537,2.5857837
972,2.304427,-0.053239353,-0.27739188,0.55966663,0.6997570395469666,0.2709575,3.1476543,2.835788
973,2.239543,-0.14116639,-0.18645045,0.52960736,0.85,0.14502525,3.326011,1.8630779
974,2.377908,-0.0862002,-0.20204118,0.43575197,0.554707944393158,0.23081958,2.3431022,1.7310615
975,2.261292,-0.082874425,-0.16676152,0.574818,0.6962533593177795,0.28789103,3.4451141,2.7781007
976,2.3482163,-0.09145766,-0.24609078,0.38656297,0.8068906664848328,0.2193771,2.8424845,2.7368228
977,2.25871,0.011700238,-0.22714314,0.36880875,0.7463529706001282,0.24754609,3.2626557,2.2316043
978,2.2584112,-0.09454166,-0.17334005,0.5278494,0.71360182762146,0.24337533,3.379069,2.160984
979,2.2335234,-0.0012437918,-0.15137306,0.32964924,0.7770020365715027,0.26088193,3.6674347,2.883667
980,2.4114203,0.06860783,-0.29039097,0.32862362,0.7904049158096313,0.13850501,2.0486639,1.5860736
981,2.3377154,0.03861496,-0.24130096,0.4702997,0.28916093707084656,0.2564059,2.3269806,2.274956
982,2.309447,0.07207777,-0.1660581,0.3514766,0.5843895077705383,0.24750116,2.237724,2.5981362
983,2.249941,-0.064236544,-0.2598642,0.42914346,0.7804478406906128,0.21970157,3.8135033,2.883104
984,2.147675,-0.02270223,-0.09729601,0.39543197,0.85,0.17770682,4.33569,1.9959501
985,2.2024868,-0.00026841584,-0.22048202,0.44690087,0.7467617392539978,0.25950772,3.9468617,2.9137614
986,2.2037532,0.033943232,-0.17266072,0.42094097,0.796392560005188,0.2217685,3.482331,2.3645992
987,2.2910483,-0.095283635,-0.24990442,0.4782235,0.7655550837516785,0.2440961,3.6077533,2.7189548
988,2.3666158,-0.024547406,-0.1847248,0.4852027,0.6474230289459229,0.17600943,2.1911201,1.8912005
989,2.0465891,-0.057565343,-0.10277191,0.5167203,0.8034858107566833,0.27220157,11.262097,1.8610852
990,2.346111,-0.12698177,-0.21341662,0.41756564,0.7040619254112244,0.24078254,2.7309513,2.1130495
991,2.2061365,0.010447059,-0.15766641,0.43640265,0.7555511593818665,0.23044665,3.4806418,2.4406483
992,2.2244422,0.018377127,-0.2879028,0.540423,0.7234386801719666,0.25703645,4.066864,2.4494467
993,2.2045462,-0.017547393,-0.20059365,0.5373624,0.689631462097168,0.28308684,4.1005316,2.8571198
994,2.2379792,-0.0024152086,-0.18787676,0.42710692,0.7674068212509155,0.23403396,3.626241,2.6738982
995,2.2213483,-0.017971795,-0.21744503,0.55485576,0.7180753946304321,0.27200148,3.7959976,2.6477551
996,2.3520613,-0.12960434,-0.24529661,0.52640474,0.684073805809021,0.25476354,2.4414337,2.3762794
997,2.2952418,0.040373325,-0.21373233,0.39212835,0.6954643130302429,0.26145324,2.6637154,2.621966
998,2.180618,0.08584998,-0.15751475,0.41425058,0.85,0.18881845,3.0573432,2.3769932
999,2.3026218,-0.0027622017,-0.25365853,0.3614138,0.6891800165176392,0.27719578,3.3718867,2.5270438
1000,2.244913,-0.098711535,-0.21414392,0.4329822,0.7553473711013794,0.24645029,4.412935,2.7497685
1001,2.27792,-0.0193849,-0.25678825,0.42177784,0.7589608430862427,0.2588786,3.4897242,2.7531223
1002,2.332552,-0.010511831,-0.28705278,0.5060443,0.6434420347213745,0.26601896,2.868753,2.338185
1003,2.2991276,-0.07260372,-0.2545203,0.40219903,0.85,0.16166544,3.198403,2.2450686
1004,2.3305142,-0.035872966,-0.27225155,0.55414665,0.5161532163619995,0.3359858,2.8640664,2.6850278
1005,2.2525187,0.0075871614,-0.09933155,0.36962643,0.6602136492729187,0.25599217,2.9395676,1.9970235
1006,2.4001033,-0.15484697,-0.25666428,0.5164236,0.6115228533744812,0.27245662,2.6387477,2.6732078
1007,2.2725806,0.042879295,-0.1931453,0.37375697,0.6989476084709167,0.24419516,3.0245783,2.265007
1008,2.392945,-0.19761543,-0.21376675,0.47119787,0.6394328474998474,0.25917843,2.7341058,1.9538453
1009,2.3407972,0.042555425,-0.31442285,0.45804158,0.4872697591781616,0.30856082,2.6408803,2.6438332
1010,2.236501,0.04586258,-0.27132353,0.49041188,0.8150793313980103,0.238646,3.636325,2.1223574
1011,2.354696,-0.012616284,-0.35321096,0.39528093,0.7464724183082581,0.23920596,3.4422119,1.8504995
1012,2.217767,-0.03423323,-0.19601306,0.39753482,0.7690677642822266,0.25986013,3.9857786,2.6242511
1013,2.2354476,0.09332351,-0.3592385,0.46451226,0.7589848041534424,0.23676285,3.849507,2.863138
1014,2.14357,-0.025123268,-0.13384572,0.4727512,0.6469206213951111,0.31526384,5.0354805,2.8092356
1015,2.3802602,-0.11894609,-0.23604871,0.42462564,0.6833192706108093,0.23188211,2.514457,1.7676358
1016,2.3003225,-0.060502373,-0.24403703,0.48389655,0.7240516543388367,0.26354164,3.286845,2.7685244
1017,2.2674768,-0.07394349,-0.25013074,0.4486759,0.8347393870353699,0.20373997,3.719565,2.615592
1018,2.1973019,0.088369094,-0.31573316,0.5057629,0.8166899085044861,0.22354302,4.142629,2.1965847
1019,2.2123423,0.0060487953,-0.21997546,0.5562757,0.8083677291870117,0.19231783,3.6998737,1.8125402
1020,2.4089775,-0.06112563,-0.36394903,0.5439001,0.5416198968887329,0.26987365,2.7013695,2.3678713
1021,2.2779927,0.08750262,-0.18361706,0.3460137,0.5228261351585388,0.17938267,2.3817348,1.7734706
1022,2.2023275,0.0035387797,-0.25359637,0.50298595,0.7525026202201843,0.24565335,4.2026954,2.2985165
1023,2.1965873,-0.04624167,-0.19147547,0.43037325,0.7526986598968506,0.24449298,4.9674273,2.235349
1024,2.3429267,0.08425479,-0.23950836,0.3907522,0.5623424649238586,0.25004193,2.0710506,2.1344547
1025,2.32653,-0.064587004,-0.25411153,0.36534527,0.8321576714515686,0.120794676,2.6739938,1.1773694
1026,2.2313774,-0.020505534,-0.12069634,0.48181576,0.7650066018104553,0.2693858,3.2671516,2.8732083
1027,2.3461049,0.03254315,-0.2607627,0.46938556,0.8052643537521362,0.16732314,2.2920096,1.4537911
1028,2.2743201,-0.012879937,-0.18702944,0.46926847,0.6689090728759766,0.28074417,3.0179477,2.6763537
1029,2.274836,0.05619655,-0.21083263,0.35392904,0.6533197164535522,0.27318454,3.0349276,2.8765523
1030,2.2397192,-0.1153282,-0.18807244,0.3997458,0.7929332852363586,0.22196558,4.390901,2.6998928
1031,2.2216997,0.055098258,-0.22551614,0.513736,0.653871476650238,0.2820899,3.480623,1.7951052
1032,2.2771919,0.07112925,-0.21749248,0.44411942,0.5532276034355164,0.28289813,2.708868,2.6292875
1033,2.3798013,-0.039374,-0.42887223,0.42964458,0.7604060769081116,0.22927031,3.3240473,2.428389
1034,2.1736996,0.05278642,-0.13897467,0.32528093,0.7214529514312744,0.24915932,3.4561715,2.3975224
1035,2.4141455,-0.03190069,-0.1694042,0.50330555,0.3627329170703888,0.26998034,2.0438352,2.4710324
1036,2.2303836,-0.019167725,-0.2606437,0.3961021,0.7186497449874878,0.25695232,4.615976,2.7180402
1037,2.2935703,-0.08355885,-0.2770632,0.4582174,0.85,0.14533277,3.0417283,2.1353571
1038,2.2698328,-0.019327,-0.22417049,0.50907004,0.8178973197937012,0.19089271,3.0094361,1.7618651
1039,2.1679,-0.010935033,-0.17523104,0.45199382,0.7732122540473938,0.23137064,4.711359,2.767263
1040,2.2339191,0.010913911,-0.31960604,0.42094612,0.782649576663971,0.20991269,4.432672,2.6352935
1041,2.197371,-0.042988766,-0.23398851,0.42544997,0.7387741804122925,0.26342744,5.8565125,2.885456
1042,2.184668,-0.06801124,-0.2117399,0.5930413,0.8073092103004456,0.22057812,5.0872993,2.423615
1043,2.1784992,0.06336117,-0.25999036,0.415806,0.7523958683013916,0.26429906,5.134205,2.230722
1044,2.392451,-0.032870423,-0.23495997,0.42995554,0.44037917256355286,0.25770116,2.2528396,2.5046408
1045,2.2459579,0.045381814,-0.22206564,0.45208317,0.6602402925491333,0.28757918,3.241711,2.4821045
1046,2.2624786,-0.10417507,-0.25327012,0.6234274,0.85,0.18205617,3.2676528,1.6885422
1047,2.354537,-0.0052174297,-0.3363247,0.51586896,0.7304607629776001,0.2136187,2.6669405,1.5806875
1048,2.2997308,-0.04167521,-0.2820301,0.3843033,0.6931957006454468,0.2849834,3.968757,2.8386245
1049,2.2374635,0.062693626,-0.165336,0.46340767,0.660203754901886,0.26763326,3.0173619,2.2894044
1050,2.285904,0.056463305,-0.16953339,0.4673658,0.5127899050712585,0.27701458,2.2611237,2.2761273
1051,2.2653072,0.07358518,-0.28068995,0.34714907,0.7496783137321472,0.24532425,3.205285,2.8065476
1052,2.2466433,-0.005663978,-0.23850419,0.41891414,0.7297188639640808,0.25656018,3.825139,2.09694
1053,2.276,-0.08451364,-0.15217063,0.53044826,0.6677255630493164,0.27093938,3.1326962,2.8078253
1054,2.25713,-0.08630589,-0.21994893,0.6734686,0.7125479578971863,0.26722103,3.3682175,2.1529078
1055,2.3770292,-0.09910747,-0.29669267,0.593088,0.6831535696983337,0.2505562,2.4352663,1.926348
1056,2.223528,0.020369703,-0.16424991,0.28165972,0.8019498586654663,0.21264952,3.6409981,2.6831627
1057,2.3251889,-0.035147946,-0.28777677,0.3947577,0.7974751591682434,0.18512882,2.532842,1.5164773
1058,2.1924012,-0.031571217,-0.2364525,0.41585743,0.8401126861572266,0.19804555,5.5570836,2.4971626
1059,2.3204043,-0.011982891,-0.249574,0.43268317,0.6785546541213989,0.19536135,2.4697309,1.3706852
1060,2.2099357,0.01476307,-0.288413,0.53256786,0.7291256785392761,0.2775048,4.7517514,2.8890052
1061,2.2470157,-0.14340006,-0.3349728,0.5089713,0.7674800753593445,0.24092564,6.2081914,2.5086017
1062,2.2237835,-0.06402509,-0.14555821,0.39656493,0.6986173391342163,0.2654985,4.0035524,2.328693
1063,2.1155138,0.049082674,-0.21495937,0.48960525,0.7143707275390625,0.29354566,6.704371,2.7786136
1064,2.2230756,0.026217172,-0.20218667,0.42700702,0.8167211413383484,0.17638864,3.278028,2.4834776
1065,2.2262437,-0.07699841,-0.13188641,0.57930446,0.8174619674682617,0.16603968,3.3178933,2.0513597
1066,2.254579,0.007743137,-0.218286,0.46941134,0.828935444355011,0.19098668,3.0536857,2.6051729
1067,2.3986201,-0.13367194,-0.28996897,0.65423316,0.767984926700592,0.1983189,2.3173978,1.4272276
1068,2.1965992,0.0078013297,-0.17803672,0.34465945,0.7776870727539062,0.23272206,4.0139728,2.668864
1069,2.1681304,0.048963387,-0.25756884,0.5020272,0.7561344504356384,0.24780491,5.53843,2.7207983
1070,2.4196138,-0.15434879,-0.33988294,0.40610886,0.7677325010299683,0.23363157,2.7737832,2.3809412
1071,2.2187872,0.12483998,-0.25105947,0.3945739,0.8376441597938538,0.18061468,3.312105,1.7148434
1072,2.2131872,0.02402409,-0.1334906,0.40935478,0.5805447697639465,0.29861078,3.3457153,2.0483544
1073,2.3442676,-0.086847894,-0.24666607,0.5675092,0.6260443329811096,0.2466813,2.5100484,1.5977405
1074,2.1188552,-0.055276997,-0.2411595,0.4856754,0.7646041512489319,0.29986212,11.223177,2.4253047
1075,2.1724305,-0.03167519,-0.14181952,0.45733374,0.8424937725067139,0.202141,4.2919703,2.5823705
1076,2.249732,-0.07647769,-0.26290247,0.4902111,0.7926785945892334,0.24244945,4.5856543,2.4640288
1077,2.2342849,0.027019575,-0.16473992,0.44147557,0.8369569778442383,0.1460343,2.8288999,1.3143582
1078,2.160418,-0.012486739,-0.22031775,0.4932065,0.704899251461029,0.26367638,5.962449,2.8408449
1079,2.3953362,-0.11592843,-0.2025711,0.5832341,0.65675950050354,0.19708237,2.2304108,2.0437222
1080,2.2284122,-0.06766225,-0.16959749,0.5340476,0.7277107238769531,0.2577834,3.8519015,2.2968264
1081,2.2474756,2.4794243e-05,-0.12867306,0.41143307,0.6730620265007019,0.26779488,3.0890403,2.2757516
1082,2.2272332,-0.0064827222,-0.21423759,0.37742713,0.7986457943916321,0.2111549,3.7665896,2.6752143
1083,2.156119,-0.081597485,-0.1729204,0.293634,0.7927285432815552,0.26835102,8.84531,2.314447
1084,2.1571062,0.049941916,-0.17151293,0.41508377,0.7906132340431213,0.21354583,4.5153403,2.5606282
1085,2.1902018,-0.029708732,-0.2217042,0.38975725,0.8124845027923584,0.21494119,5.3543277,2.7608478
1086,2.2541895,-0.06088124,-0.28043142,0.51346445,0.85,0.16287895,4.0832562,1.9315909
1087,2.213107,0.13437617,-0.19097954,0.45547283,0.7278650403022766,0.24264544,3.0341332,2.5239327
1088,2.2416067,-0.020149743,-0.26822764,0.43508112,0.8396287560462952,0.18495241,4.050049,2.0948164
1089,2.2036078,0.05116463,-0.24244197,0.41745368,0.7460310459136963,0.24458507,3.8965762,2.7740874
1090,2.4440155,-0.118624404,-0.32040942,0.5424547,0.37287789583206177,0.2182226,2.1797764,1.5691388
1091,2.2118568,-0.010307989,-0.15918496,0.45155945,0.7329836487770081,0.2444909,3.9076498,2.0653427
1092,2.2490215,-0.08060932,-0.24221954,0.43618187,0.8041778206825256,0.24373865,4.3971996,2.3135471
1093,2.2017775,0.075687096,-0.12491512,0.2799148,0.7185892462730408,0.26375136,3.5554852,2.6836565
1094,2.2408845,-0.105532065,-0.20751894,0.36928123,0.8145740628242493,0.21302377,4.413651,2.2224262
1095,2.2146554,0.021277843,-0.2605201,0.41461602,0.7267712354660034,0.24962573,4.351405,2.8825684
1096,2.2341747,0.025321716,-0.22330633,0.47006294,0.705697238445282,0.26399142,3.4964635,2.2813206
1097,2.2698495,0.0556621,-0.18615372,0.45685738,0.46224406361579895,0.3316713,2.6978838,2.4780104
1098,2.315587,-0.13308996,-0.23674126,0.468031,0.560666561126709,0.29936197,3.8936176,2.848474
1099,2.2050827,0.018729437,-0.17910701,0.53960806,0.7516405582427979,0.24409315,3.4813895,2.3923156
1100,2.1414282,-0.014465011,-0.25513256,0.43220782,0.7854411005973816,0.2726213,8.296976,2.8684049
1101,2.3466098,-0.062328625,-0.2862082,0.5855673,0.7228894233703613,0.20659728,2.6659055,1.5826395
1102,2.2682505,0.074127436,-0.31461626,0.41081414,0.8054245114326477,0.20862587,3.4778423,2.3761144
1103,2.1452084,-0.007089056,-0.21903652,0.5124007,0.6829087138175964,0.2839632,6.5341525,2.740241
1104,2.2709146,-0.12859993,-0.23414347,0.44453532,0.7864218354225159,0.22703137,4.1509843,2.7421353
1105,2.2308722,-0.03681804,-0.09382666,0.50514317,0.814014196395874,0.16588415,2.7393887,1.5020692
1106,2.369782,-0.097406685,-0.19431491,0.46997654,0.44801783561706543,0.21662359,2.1458538,1.5650593
1107,2.3668966,-0.15559666,-0.22510324,0.5144355,0.736734926700592,0.23020805,2.8377154,1.6741481
1108,2.3152487,0.07139335,-0.3410482,0.41262144,0.7969521284103394,0.24495198,2.9706295,2.3994675
1109,2.3540926,0.007578049,-0.27727264,0.30205283,0.6476001739501953,0.25493374,2.6316106,2.304403
1110,2.2743864,0.02117685,-0.22824182,0.49848285,0.6832934617996216,0.27367127,2.9452362,2.6982985
1111,2.3224046,-0.068208836,-0.17082207,0.37503016,0.6621145606040955,0.24835348,2.7144983,2.1351206
1112,2.1907222,-0.054950677,-0.28097787,0.5850147,0.7021626234054565,0.2936186,6.0602655,2.5751376
1113,2.2585485,0.0010672383,-0.2118312,0.44732547,0.7773954272270203,0.24946551,3.041053,2.7311606
1114,2.2448049,-0.009676717,-0.28053883,0.49552387,0.8060887455940247,0.21291746,3.5850003,2.2762907
1115,2.2876925,-0.0013537997,-0.22862631,0.4349445,0.8173146843910217,0.19632608,2.938224,2.0640497
1116,2.3078167,-0.19518338,-0.35713762,0.51938474,0.8326200246810913,0.2002907,4.8031015,1.824139
1117,2.2376812,-0.042047054,-0.20928724,0.43099156,0.7833293080329895,0.2305191,3.8194487,2.568031
1118,2.250233,0.06224465,-0.2972724,0.47111452,0.8270460367202759,0.1851988,3.4567606,1.635351
1119,2.2666752,0.09711906,-0.19641009,0.44155976,0.7846933007240295,0.1455517,2.5569446,1.8257751
1120,2.4255557,0.015713327,-0.3382653,0.42040414,0.5811065435409546,0.23766856,2.3520868,2.5391605
1121,2.2592862,-0.1019337,-0.103415065,0.41609994,0.7454776763916016,0.24628305,3.1561248,2.1478498
1122,2.2698615,0.08854939,-0.24019526,0.3898135,0.8099426627159119,0.20197165,2.7637432,2.6767175
1123,2.174582,0.10940382,-0.16231011,0.43651855,0.7599307894706726,0.26031032,3.4799833,2.5941496
1124,2.3533254,0.038638376,-0.34005523,0.55882627,0.44114771485328674,0.27915946,2.3061762,2.4963565
1125,2.4114025,0.008573464,-0.3397809,0.49848655,0.5450794100761414,0.22078797,2.133765,1.8443458
1126,2.2980697,0.008627763,-0.21710567,0.43588132,0.7748170495033264,0.18336533,2.77726,2.0425127
1127,2.2283688,0.08731569,-0.16121165,0.49450478,0.6989061236381531,0.21886355,2.674738,1.4735754
1128,2.390629,-0.1717797,-0.2968617,0.49581796,0.8055270314216614,0.21671431,3.0648937,1.719275
1129,2.1529086,-0.024279308,-0.21022512,0.4626096,0.8110033869743347,0.23565637,6.9953084,2.752691
1130,2.1081035,-0.0027730307,-0.1842689,0.5488034,0.8108512163162231,0.24344942,7.0266957,2.443452
1131,2.2277224,-0.05228376,-0.046922754,0.3918124,0.8358008861541748,0.20833117,2.7913196,1.907585
1132,2.249088,-0.09801055,-0.2818782,0.44547585,0.6886641383171082,0.27589068,5.2611136,2.7899692
1133,2.3361773,0.005015478,-0.32506245,0.49157363,0.8240878582000732,0.19760624,2.7339845,1.7186635
1134,2.2335174,0.051367845,-0.08769041,0.45225623,0.6731051802635193,0.20886219,2.3488367,1.4266068
1135,2.1787531,-0.0395831,-0.1648304,0.4508978,0.7757501006126404,0.24282958,4.2069883,2.4777842
1136,2.1164918,0.105125554,-0.1423202,0.38872936,0.6639840006828308,0.27728483,4.869415,2.5850585
1137,2.3390195,-0.030057805,-0.27754098,0.38765767,0.8108783960342407,0.19794446,2.8154624,2.4559455
1138,2.2677598,0.027646884,-0.28432176,0.44119594,0.789341926574707,0.20216176,3.3864536,1.8255924
1139,2.2635317,0.014980922,-0.25774774,0.5215235,0.7679052352905273,0.22476256,3.2251856,2.412932
1140,2.147328,0.05454734,-0.21624035,0.42208248,0.715842068195343,0.2569435,5.6787806,2.0083127
1141,2.2326424,-0.03423562,-0.2684951,0.46046004,0.8214645385742188,0.22469704,4.318746,2.4368026
1142,2.3337474,-0.14887717,-0.30508107,0.63084835,0.85,0.19362175,3.0404894,1.8743339
1143,2.235296,-0.07443427,-0.24803603,0.47015905,0.7448557615280151,0.24636692,4.8207664,2.6656353
1144,2.175254,-0.024474071,-0.25999326,0.6167118,0.7672741413116455,0.25213438,5.3534036,2.2006028
1145,2.4581394,-0.040769376,-0.3275442,0.50716865,0.5919771194458008,0.21627802,2.0324454,2.4647508
1146,2.1984746,-0.0065487297,-0.085851744,0.4931022,0.7411540150642395,0.23790053,3.1269782,2.633312
1147,2.233809,-0.026689168,-0.067873,0.48691505,0.7327976226806641,0.23190321,2.9867656,1.9981873
1148,2.209839,0.075383395,-0.23332135,0.5502973,0.677453339099884,0.27973005,3.7862594,2.7213736
1149,2.2923377,-0.04823411,-0.33118877,0.40681016,0.7650423645973206,0.23259698,3.8854222,2.7746394
1150,2.2085845,0.027571693,-0.23043247,0.44371927,0.7280212640762329,0.26577142,4.1391253,2.774588
1151,2.254142,0.0037924272,-0.18656029,0.49143794,0.7021406888961792,0.25531587,3.3449957,2.211822
1152,2.235341,0.06591133,-0.24154316,0.46521714,0.7805004119873047,0.23724777,3.0141695,2.5726898
1153,2.3604116,0.072790615,-0.28686023,0.45019686,0.7761674523353577,0.17974386,2.16525,2.5876784
1154,2.409126,-0.07988954,-0.30604014,0.45443243,0.6488456726074219,0.2387412,2.5701857,2.5583115
1155,2.3280692,0.049239878,-0.35951144,0.3449537,0.7975501418113708,0.22698478,3.1369057,2.7175252
1156,2.171786,0.00030658906,-0.23818864,0.5595048,0.7453934550285339,0.25508213,5.0481114,2.3910143
1157,2.2924738,0.049070742,-0.28807834,0.35164195,0.7285553216934204,0.24977215,3.189945,2.397393
1158,2.1853578,-0.1078174,-0.14236906,0.5608979,0.8498685359954834,0.20754662,4.307913,1.8399334
1159,2.268535,-0.0449361,-0.179414,0.53411186,0.7267639636993408,0.23652501,2.9359126,2.0731387
1160,2.357311,-0.17262565,-0.28200126,0.41258362,0.8161455392837524,0.20013027,3.4601147,1.9404696
1161,2.3203542,-0.047651656,-0.20721945,0.47452107,0.7211546301841736,0.26013073,2.6640003,2.2934334
1162,2.1743746,0.009426356,-0.2633236,0.4165886,0.8110457062721252,0.22326837,5.239827,2.4588194
1163,2.0932436,-0.06328748,-0.12570155,0.45825168,0.7503607869148254,0.2934063,8.894116,2.8831637
1164,2.11376,-0.02241433,-0.08229592,0.3799486,0.7218959927558899,0.26701927,5.7128377,2.289289
1165,2.188342,0.034915846,-0.29477403,0.37792903,0.8037400841712952,0.19114825,5.349869,2.8137162
1166,2.2281346,0.09972837,-0.18885827,0.36691526,0.8092443346977234,0.18296795,2.8235168,1.6643173
1167,2.242083,-0.099185444,-0.3549708,0.5345382,0.7396003603935242,0.26672843,6.8552017,2.8316329
1168,2.149494,0.027993737,-0.16121441,0.5036876,0.7897789478302002,0.20436305,4.2510576,2.114293
1169,2.3892035,-0.07630228,-0.32629,0.4476563,0.6527272462844849,0.24199843,2.7884083,2.1692784
1170,2.378313,0.003637498,-0.25907502,0.5015836,0.6545900702476501,0.21012257,2.1704714,2.321267
1171,2.341998,-0.10850511,-0.28727877,0.5119501,0.692910373210907,0.25976232,3.287936,2.4930289
1172,2.2293422,-0.053726826,-0.30797508,0.4675557,0.7123551368713379,0.26811713,5.9710503,2.5276828
1173,2.116958,0.0028344393,-0.2291113,0.49481475,0.8127127289772034,0.24977128,7.4887347,2.1697376
1174,2.3392782,0.0036864383,-0.19773383,0.45760787,0.6294293403625488,0.19652833,2.3401017,1.7985516
1175,2.4329917,-0.19767922,-0.3308188,0.5443942,0.7084155082702637,0.26534006,2.7930553,2.4499414
1176,2.215431,0.09165969,-0.27566916,0.40746626,0.85,0.1968106,3.4869134,2.0694797
1177,2.234527,-0.057068117,-0.24407803,0.56864756,0.7745690941810608,0.24991378,4.153933,2.5773053
1178,2.314117,-0.07118911,-0.2836416,0.44945315,0.7916988134384155,0.25361425,3.5560813,2.696093
1179,2.1781301,-0.0703271,-0.12090294,0.6180384,0.7976806163787842,0.24502926,4.39928,2.8815055
1180,2.1492946,-0.0110460315,-0.20465857,0.42452738,0.825450599193573,0.21210751,6.236558,2.4920332
1181,2.2337296,-0.039248448,-0.24374148,0.43414682,0.7973895072937012,0.21653013,4.572099,2.5087643
1182,2.2359896,-0.029815419,-0.26330677,0.47255352,0.7462566494941711,0.24910031,3.9989495,2.7421827
1183,2.383113,-0.042205047,-0.37888923,0.4336505,0.8457964062690735,0.16637,2.9356172,2.4858096
1184,2.423665,-0.102485865,-0.24082452,0.50299835,0.576849102973938,0.22577488,2.127628,2.2483633
1185,2.3266907,-0.011953474,-0.23537834,0.5449401,0.5465071797370911,0.27196386,2.5413568,2.1603773
1186,2.252314,-0.052022785,-0.24170499,0.4910818,0.7084678411483765,0.2539527,3.9421544,2.5508585
1187,2.2604318,0.02387671,-0.16618513,0.37049538,0.8271102905273438,0.19361804,3.0094476,2.0699584
1188,2.2634568,-0.018926447,-0.19228433,0.50426644,0.8417560458183289,0.2048625,3.004387,2.3812466
1189,2.239745,-0.05237356,-0.19062942,0.4559789,0.780527651309967,0.20866683,3.465104,2.4624352
1190,2.1856482,0.022731222,-0.22572061,0.48117298,0.8117346167564392,0.21430226,4.0803943,2.2437932
1191,2.3457458,-0.0044489377,-0.28343257,0.4737623,0.8231374025344849,0.18978116,2.0986226,1.8243369
1192,2.3847013,-0.12568448,-0.27776507,0.46098045,0.6319944858551025,0.24769427,2.50099,1.9451979
1193,2.2670422,-0.030185925,-0.31224236,0.5752459,0.7123490571975708,0.280379,3.7871735,2.5163362
1194,2.369662,-0.096654475,-0.3914137,0.5957207,0.6671344637870789,0.2655024,3.1380458,2.7776456
1195,2.282156,-0.11710385,-0.2620749,0.4768184,0.7811585664749146,0.2317683,3.7760375,2.5769312
1196,2.247271,-0.042852655,-0.23756033,0.46910957,0.8234329223632812,0.21358614,3.6837623,2.8114665
1197,2.3387325,0.018745722,-0.31925192,0.49488705,0.586134672164917,0.27825692,2.7704072,2.0944564
1198,2.3836768,-0.15647446,-0.24423708,0.4986747,0.7285662293434143,0.23974189,2.7085297,2.529912
1199,2.3455424,-0.1656186,-0.321354,0.6054776,0.780139148235321,0.2409687,3.5014703,2.615878
1200,2.3198488,-0.0016005253,-0.30254018,0.47501433,0.8333313465118408,0.15915802,2.6623368,1.5095382
1201,2.2125518,-0.005345844,-0.16609284,0.46868333,0.8345914483070374,0.18914199,3.7046626,2.247635
1202,2.2550304,-0.02103746,-0.24885051,0.47927716,0.765458881855011,0.2324934,3.707458,2.7075343
1203,2.2092543,-0.00466933,-0.2621794,0.4194718,0.8023988604545593,0.23202176,4.2699127,2.1149669
1204,2.3614795,-0.045832284,-0.2908002,0.37647495,0.7988758087158203,0.21943791,2.7870698,2.4471612
1205,2.1764262,0.06369531,-0.1987955,0.39520952,0.8173258900642395,0.22244318,4.6277556,2.7152836
1206,2.330287,0.00082062423,-0.2455924,0.47406533,0.7103368639945984,0.25133973,2.4708908,2.6940665
1207,2.3952966,-0.13821784,-0.34232682,0.43975562,0.7003695964813232,0.27202672,3.3976285,2.0084455
1208,2.4944916,0.07037657,-0.36016145,0.47247332,0.5037040710449219,0.19925228,2.1032565,1.8786768
1209,2.1577718,0.026965067,-0.23699337,0.46160305,0.8245518207550049,0.22652021,5.391315,2.5503726
1210,2.229119,0.008241179,-0.21698458,0.3631106,0.6994691491127014,0.26352683,3.6961427,2.4074426
1211,2.2623055,0.12551373,-0.28739193,0.42094356,0.811386227607727,0.19671847,2.7547505,1.7653209
1212,2.3086722,-0.09265002,-0.19748636,0.43552163,0.7230241298675537,0.21746147,3.1162727,1.8937099
1213,2.3613777,-0.0071283258,-0.34077042,0.47178268,0.7874624729156494,0.1967319,2.489591,2.1528194
1214,2.1195953,0.07004858,-0.13953243,0.4661015,0.768135666847229,0.26150766,4.922798,2.8770683
1215,2.3793745,0.021091416,-0.23559445,0.42786536,0.2732558846473694,0.2718501,2.2633734,2.3062272
1216,2.3492,0.0147360945,-0.18608205,0.3373052,0.40728768706321716,0.21359941,2.2164128,1.5957497
1217,2.161299,-0.005942647,-0.25393003,0.47985604,0.7854142189025879,0.22330984,5.5984716,2.7472167
1218,2.2575033,0.00061381,-0.24966738,0.48022932,0.666397750377655,0.28860745,3.6007423,2.8879745
1219,2.1329842,0.10909376,-0.09239996,0.45293525,0.661196231842041,0.30314144,3.9322176,2.6973832
1220,2.1668603,0.113318354,-0.19050106,0.4261855,0.85,0.19645903,3.6746564,2.7487962
1221,2.115938,0.04878641,-0.25478378,0.61258256,0.7038140296936035,0.3022645,7.1580353,2.897784
1222,2.2538366,-0.034764104,-0.21705437,0.42234483,0.6948934197425842,0.26065594,3.787944,2.6494532
1223,2.1888564,0.04239709,-0.18058246,0.38570076,0.7352798581123352,0.2403888,4.1707788,2.4639187
1224,2.2625802,0.072636046,-0.14242141,0.5505513,0.6195969581604004,0.2050855,2.249128,1.6445197
1225,2.400922,-0.07661458,-0.36254558,0.44848615,0.7032678127288818,0.2728533,2.5942507,2.8392606
1226,2.1868584,0.0044893296,-0.31543976,0.43582973,0.85,0.1969005,6.130063,1.9260585
1227,2.4024189,-0.046138752,-0.2354981,0.52680415,0.3362729847431183,0.19531226,2.0673587,1.4799247
1228,2.2765849,-0.099713214,-0.32376206,0.4807585,0.8139861226081848,0.2329988,4.6043496,2.5105464
1229,2.2280588,-0.17373551,-0.106925964,0.5307592,0.77289217710495,0.23407044,3.6792967,2.0080664
1230,2.2199197,-0.09090733,-0.11325102,0.42143688,0.8097774982452393,0.20501873,3.5497344,2.7742493
1231,2.3393254,-0.09512196,-0.20038523,0.416445,0.7546393275260925,0.21617003,2.6725955,2.4450145
1232,2.4171572,-0.13106981,-0.27095556,0.49123785,0.4858223795890808,0.2289761,2.2510037,1.6798741
1233,2.2491715,-0.068731196,-0.22732344,0.4493939,0.832622230052948,0.20752673,3.8265004,2.3212945
1234,2.2603207,0.03584045,-0.18745993,0.42432487,0.7686054110527039,0.13742444,2.6337433,1.3036925
1235,2.5192623,0.003543092,-0.3798267,0.50020176,0.5345541834831238,0.2230963,2.1030507,1.9734253
1236,2.1533804,0.03640439,-0.09901146,0.24540469,0.85,0.182582,4.0501466,2.2464643
1237,2.3488913,-0.119528495,-0.19856171,0.5745175,0.6366701126098633,0.26264632,2.6166081,2.4518335
1238,2.2353125,-0.014072301,-0.24485506,0.5036484,0.7999745011329651,0.2297725,3.920396,2.249759
1239,2.3106878,-0.095214,-0.21401314,0.5295111,0.7286055684089661,0.26156116,2.9173825,2.3429933
1240,2.112102,0.04699632,-0.2391304,0.58066374,0.7551900744438171,0.27365667,7.39197,2.8474927
1241,2.0829608,-0.1059634,-0.13114288,0.43964952,0.7282776832580566,0.3410614,13.411234,2.434462
1242,2.258447,-0.0067105247,-0.17859487,0.5317214,0.7146552801132202,0.25478846,2.872725,2.0951488
1243,2.201311,0.06612634,-0.23097205,0.37954038,0.7928634285926819,0.21779999,4.151498,2.3869555
1244,2.1986818,-0.031281177,-0.20625596,0.44470197,0.7940818071365356,0.23603842,4.6811547,2.4344354
1245,2.4571655,-0.101129115,-0.33217785,0.5106318,0.17814651131629944,0.12658864,1.8776271,1.2170486
1246,2.34441,0.032750186,-0.27313536,0.49494416,0.6164511442184448,0.24331129,2.1438022,1.8147526
1247,2.3124874,-0.122657865,-0.1595555,0.41105855,0.6297264099121094,0.2846389,3.2917883,2.557915
1248,2.311612,0.035478123,-0.32393113,0.52474415,0.85,0.13899022,2.5471432,1.3511719
1249,2.3074222,-0.06004829,-0.27855986,0.45014635,0.7803343534469604,0.21798593,3.083765,2.4508526
1250,2.2969947,-0.023772543,-0.33752358,0.6163623,0.8430835604667664,0.16221675,3.156689,2.0034842
1251,2.3095315,-0.051377174,-0.1940173,0.55947196,0.6012126803398132,0.2924501,2.7902372,2.342647
1252,2.2776933,-0.0137235075,-0.3257992,0.6436196,0.8268038034439087,0.216433,3.3238506,2.678154
1253,2.1265433,0.04029671,-0.13124074,0.3697187,0.85,0.17743191,4.449428,1.4936268
1254,2.2106247,0.034820992,-0.28587455,0.64085853,0.7995285391807556,0.23011486,3.2877889,2.4325566
1255,2.142552,-0.018180521,-0.09854407,0.4864795,0.7058005928993225,0.2599079,4.0972223,2.5063846
1256,2.4683373,-0.13044547,-0.34120542,0.56170607,0.5887461304664612,0.15264381,2.108168,1.7872745
1257,2.4780402,-0.12859452,-0.40226185,0.56250983,0.725322425365448,0.16275655,2.09597,1.4694577
1258,2.198799,-0.00944992,-0.24340977,0.4132817,0.85,0.19682422,4.8656716,2.7781498
1259,2.3851244,-0.008226073,-0.2826844,0.5408663,0.22203020751476288,0.2772163,2.1413364,2.1667123
1260,2.2617166,0.022916099,-0.25406545,0.3881281,0.7699622511863708,0.24749342,3.6700187,2.7334533
1261,2.3580647,-0.009690938,-0.20185436,0.47383976,0.33997276425361633,0.28671548,2.25417,2.578888
1262,2.3436968,-0.057251904,-0.25720125,0.5476803,0.7917911410331726,0.21159683,2.5031116,1.8411591
1263,2.3469746,-0.1443027,-0.1816798,0.5053816,0.7879956960678101,0.19724889,2.482424,2.6298795
1264,2.3470914,-0.16334376,-0.27245605,0.58659196,0.7970134615898132,0.222108,3.200502,2.120364
1265,2.3546374,-0.10623089,-0.32105166,0.45114166,0.7986981868743896,0.22201681,2.9739215,1.7159822
1266,2.2411876,-0.07509653,-0.20485768,0.4325676,0.8000748753547668,0.24173957,3.9989982,2.84003
1267,2.234225,0.10676276,-0.20692281,0.40172544,0.7987620234489441,0.21393502,2.8086636,2.4776826
1268,2.228945,-0.007109905,-0.14915706,0.4629371,0.811652421951294,0.2222883,3.336526,2.869323
1269,2.0403259,-0.015907282,-0.2060879,0.5491169,0.7193442583084106,0.36396614,13.708149,1.2256482
1270,2.328607,-0.00018909518,-0.19728662,0.5125578,0.36484578251838684,0.28375408,2.416058,2.778395
1271,2.2534533,-0.118669085,-0.20894714,0.510877,0.7688889503479004,0.26354966,4.098842,2.5415983
1272,2.2660441,0.029793914,-0.20267662,0.58177173,0.6906271576881409,0.25917757,2.6064296,2.4849885
1273,2.2590783,-0.0023695617,-0.11839874,0.3987653,0.678027331829071,0.25185925,2.8065958,2.567056
1274,2.1871898,0.035091635,-0.22140685,0.41958916,0.7725358605384827,0.23929568,4.5995307,2.7034676
1275,2.3598468,0.0043281903,-0.32035545,0.5189943,0.6136366724967957,0.23995467,2.6566243,2.0843298
1276,2.3423815,-0.11063751,-0.2083761,0.7061077,0.7641180157661438,0.20992538,2.5097425,1.787764
1277,2.2455287,-0.032694902,-0.27088484,0.56801593,0.7397615313529968,0.25848046,4.0667157,2.7307446
1278,2.149471,0.023005622,-0.23086679,0.5479866,0.7181023955345154,0.28571317,5.9596834,2.7443514
1279,2.2873187,0.06825765,-0.1884625,0.39909503,0.5678452253341675,0.22155751,2.3393714,2.2716997
1280,2.2387774,-0.089421235,-0.13752972,0.522199,0.85,0.18651378,3.0867763,1.810977
1281,2.3162847,-0.06593152,-0.24557386,0.5714224,0.6031094789505005,0.3104347,2.6048675,2.2599192
1282,2.294141,-0.022160837,-0.27723783,0.45828724,0.85,0.15674578,3.0524158,1.6760565
1283,2.2406363,0.0369623,-0.2379284,0.41991726,0.7882220149040222,0.21387254,3.273279,2.1767898
1284,2.4126716,-0.09908852,-0.24086508,0.4912007,0.3096884489059448,0.3075221,2.3169432,2.59831
1285,2.2819905,-0.021226628,-0.28481114,0.33078104,0.7177037596702576,0.24367017,3.724291,2.8143342
1286,2.2022958,-0.03187771,-0.1294838,0.3519743,0.8102741241455078,0.21855785,4.097396,2.8721285
1287,2.3882165,-0.029437354,-0.39214218,0.45184815,0.7690123319625854,0.22180778,2.529014,1.9636239
1288,2.261991,-0.03232581,-0.2761959,0.33275095,0.8343809247016907,0.21897934,4.3976912,2.7952056
1289,2.308445,-0.07691345,-0.20563264,0.55808634,0.7178022861480713,0.27382654,3.2035306,2.459642
1290,2.2280548,-0.048832487,-0.20390241,0.6044964,0.622192919254303,0.30570304,3.6350076,2.4159539
1291,2.1216304,0.085847095,-0.2028735,0.5055841,0.7046731114387512,0.28234905,5.1947284,2.7109656
1292,2.2427938,-0.012791616,-0.15548195,0.37570578,0.726578414440155,0.24196097,3.2451465,2.7181106
1293,2.3920016,-0.21401271,-0.2871461,0.4845673,0.6624561548233032,0.28031814,3.327846,2.5798583
1294,2.1892574,0.008874922,-0.19819129,0.5624818,0.85,0.18004839,3.7199602,1.533029
1295,2.1306987,0.056535047,-0.15988895,0.4750662,0.8229612112045288,0.21563266,4.7395725,2.4720402
1296,2.2523763,-0.008692703,-0.1862383,0.5407981,0.7357518076896667,0.25374344,2.9497914,2.3671393
1297,2.2225623,-0.01593303,-0.17997314,0.47989196,0.8112565875053406,0.20072752,3.8043163,2.0973334
1298,2.165683,0.011594249,-0.23605031,0.5474848,0.690936803817749,0.2833689,5.5529094,2.7558377
1299,2.2592416,-0.031856667,-0.24694145,0.41501507,0.7688092589378357,0.23982796,3.9593718,2.7101138
1300,2.2806747,-0.0662956,-0.21875237,0.5221036,0.7631087303161621,0.22012907,3.1799276,1.788007
1301,2.3736217,-0.07794637,-0.39675668,0.62191164,0.8289417624473572,0.17128108,2.9168127,2.087283
1302,2.1791215,0.06019779,-0.2043135,0.5473923,0.6925065517425537,0.27766314,3.725683,2.4123707
1303,2.307873,-0.060534455,-0.29043832,0.49381673,0.7309350371360779,0.25483483,3.6248662,2.6531756
1304,2.3673673,0.0730431,-0.23285364,0.51095146,0.380393385887146,0.27768028,2.0633066,2.8399563
1305,2.3184507,-0.046146337,-0.31197172,0.5440526,0.7366694211959839,0.27873692,3.2310555,2.8385832
1306,2.203777,-0.03294716,-0.19578724,0.47554272,0.8076831698417664,0.21243651,4.2918487,2.4432259
1307,2.196407,-0.11793756,-0.28200468,0.5071837,0.7977087497711182,0.24925432,7.6047516,1.8654531
1308,2.3401632,-0.0060517755,-0.31366637,0.46472487,0.6501786708831787,0.27574256,2.768469,2.7928464
1309,2.2484863,-0.09713575,-0.28438973,0.5031934,0.8227269649505615,0.20491244,4.6933155,2.5152311
1310,2.2491157,0.004155385,-0.26830986,0.51518315,0.7894362807273865,0.1970377,3.7431486,2.2551384
1311,2.125218,-0.027388938,-0.15298125,0.5806428,0.7466126680374146,0.27123126,5.847257,2.3039236
1312,2.3594599,0.033898603,-0.31918067,0.35035953,0.6775073409080505,0.20287852,2.6550398,1.5378884
1313,2.3393471,-0.053495225,-0.37539318,0.42607227,0.7156085968017578,0.26163933,3.4662707,2.814651
1314,2.287241,-0.030021764,-0.13525388,0.4856003,0.454126238822937,0.3023885,2.8224156,1.9677969
1315,2.2734976,-0.1828457,-0.27089536,0.4811858,0.7403271794319153,0.26512355,5.3347974,2.7195897
1316,2.2095902,-0.123700544,-0.30501956,0.50690335,0.85,0.22711787,7.361583,1.7729082
1317,2.228173,0.0043035736,-0.23049524,0.5188924,0.7326454520225525,0.25175717,3.875469,2.46028
1318,2.270312,-0.055302557,-0.28304854,0.58681893,0.798292338848114,0.21496367,3.594497,2.7843306
1319,2.2265441,-0.04006235,-0.28058422,0.46944812,0.832306981086731,0.22779937,4.282477,2.5652332
1320,2.283968,-0.095650785,-0.1624344,0.37533733,0.7750756740570068,0.21093148,3.2650745,2.384784
1321,2.3061352,-0.06534148,-0.25437897,0.42671666,0.7614268660545349,0.23394957,3.2263162,2.5050907
1322,2.4152555,0.0131251905,-0.26772,0.483227,0.27711278200149536,0.20476943,1.9880427,1.7639344
1323,2.3021717,0.023076108,-0.27432972,0.47823387,0.7111650705337524,0.25915906,3.0908077,2.6822538
1324,2.3884697,-0.15815738,-0.23969129,0.552541,0.754500687122345,0.21447514,2.5162377,1.9751136
1325,2.2294278,-0.049376667,-0.25991997,0.48181367,0.7149466276168823,0.26230323,4.7920375,2.6481218
1326,2.270183,-0.02534736,-0.18455149,0.38829938,0.7821096777915955,0.22067548,3.2098174,2.6073391
1327,2.2962046,0.057203133,-0.2732434,0.43348098,0.8403964638710022,0.15795569,2.5922997,2.126056
1328,2.2786264,-0.05252953,-0.19666596,0.4107844,0.7415204644203186,0.2746154,3.2024953,2.6160192
1329,2.2350428,-0.056151442,-0.19275606,0.45376736,0.85,0.20474051,3.9626498,2.4049234
1330,2.3634295,0.039551217,-0.3355139,0.48336768,0.839785635471344,0.13718532,2.2027843,1.5592539
1331,2.3219383,-0.024146762,-0.29977188,0.5464569,0.6569882035255432,0.2792023,3.1232066,2.6037483
1332,2.3643398,0.008870819,-0.3136796,0.3522026,0.7857722640037537,0.14789388,2.572183,1.7298843
1333,2.3268166,-0.10060034,-0.30466005,0.4863967,0.7887549996376038,0.23345064,3.2093751,2.5374632
1334,2.23966,-0.08483966,-0.19794364,0.46004418,0.7245360612869263,0.21994543,3.6990159,1.9213191
1335,2.1231427,-0.08583809,-0.17390482,0.5099535,0.7749881744384766,0.26205763,7.399555,2.0535834
1336,2.2363064,-0.008005708,-0.34333843,0.61775076,0.6599568128585815,0.30781752,4.515567,2.5299268
1337,2.2130427,0.027758844,-0.16955736,0.39247352,0.7555041313171387,0.2504802,3.5199945,1.8207593
1338,2.1679618,0.07897884,-0.19022286,0.43019927,0.7682296633720398,0.22888295,4.0576396,2.5958297
1339,2.1306314,0.022965584,-0.17170994,0.5340626,0.7204296588897705,0.25742725,4.7944593,2.5694284
1340,2.294619,-0.07492759,-0.2674968,0.4759544,0.7818857431411743,0.20832889,3.160881,2.2460604
1341,2.0912735,0.03556929,-0.1128703,0.3927512,0.7953845262527466,0.23581868,5.9972763,2.7199316
1342,2.2504513,-0.07460638,-0.25749066,0.46808264,0.8283165693283081,0.1818954,3.9562347,2.2538614
1343,2.175216,0.03165731,-0.2749989,0.43912566,0.7097517848014832,0.27295426,5.4066153,2.6436746
1344,2.2245286,-0.041587528,-0.093595006,0.41799733,0.6554226875305176,0.2711973,3.2711282,2.518877
1345,2.133185,0.0002631888,-0.19766954,0.4170942,0.7815357446670532,0.24755143,7.0755296,2.653815
1346,2.2020166,-0.02362217,-0.21801105,0.49066404,0.7529342174530029,0.24783029,4.6321282,2.3506494
1347,2.2218173,-0.07097344,-0.31927362,0.5118518,0.8077653646469116,0.21893857,5.7580724,2.663259
1348,2.248165,-0.01613514,-0.23824078,0.46425846,0.704436182975769,0.28327715,3.648969,2.7365344
1349,2.4293277,-0.09779634,-0.25103053,0.51118547,0.4558091461658478,0.23676626,2.2171216,2.54919
1350,2.1183548,0.041027065,-0.10703268,0.42893106,0.6903156042098999,0.2692546,4.7187724,2.4768782
1351,2.2455757,-0.029531432,-0.16811268,0.41504303,0.6054415702819824,0.30120552,3.413812,2.8157892
1352,2.342996,0.07253353,-0.31376806,0.46553612,0.5179957747459412,0.24707204,2.4127903,2.3769047
1353,2.1985075,0.04826774,-0.28575242,0.39505032,0.85,0.20822822,4.2361345,2.6241531
1354,2.133992,-0.0888847,-0.0630361,0.46638587,0.8032277822494507,0.22507322,5.297036,2.075234
1355,2.2097807,-0.0658498,-0.26442534,0.5382402,0.7692431211471558,0.23440096,5.130651,2.4796906
1356,2.088214,0.11786498,-0.13498174,0.33513778,0.7425993084907532,0.27386585,5.834364,2.5722609
1357,2.1754642,0.027934134,-0.21248168,0.51176506,0.7858471870422363,0.2255636,4.4144425,2.5105264
1358,2.298101,0.022699252,-0.29805258,0.49920192,0.7456643581390381,0.23379827,2.7864876,2.2288704
1359,2.3009415,-0.122706704,-0.22554614,0.39821562,0.85,0.19443727,3.8268917,2.0845697
1360,2.3608088,-0.036054943,-0.36258298,0.46578938,0.7864963412284851,0.22313103,3.07619,2.4316702
1361,2.3141341,-0.028104248,-0.26373813,0.45828587,0.5755129456520081,0.31882685,3.2247112,2.7607274
1362,2.2308438,0.07875727,-0.17861897,0.24504316,0.85,0.18417794,3.2140324,2.0369587
1363,2.3605762,-0.029926179,-0.18096016,0.35852107,0.5399636626243591,0.24286737,2.2018256,1.9895792
1364,2.37331,-0.112539105,-0.3633767,0.53801,0.6903969049453735,0.2644419,3.081971,2.830891
1365,2.3439543,-0.14051002,-0.31589726,0.54543746,0.767107367515564,0.25116074,3.4986527,2.5107825
1366,2.1571767,0.013092633,-0.28790972,0.5522736,0.7364549040794373,0.28790712,6.56117,2.7958784
1367,2.3662639,-0.14572425,-0.13662097,0.55104,0.5665566325187683,0.275298,2.2697656,2.0487733
1368,2.2085087,-0.10130906,-0.26792762,0.41383615,0.6879242658615112,0.29274857,7.340306,2.8598013
1369,2.302446,-0.024709236,-0.2299091,0.4308752,0.6823216676712036,0.2788641,3.1236286,2.6635716
1370,2.353373,-0.08795808,-0.3151635,0.4843171,0.7341833710670471,0.267078,3.011869,2.06228
1371,2.153549,-0.0547272,-0.19992164,0.33714908,0.8426571488380432,0.2257334,8.53173,2.716596
1372,2.4526072,0.004132205,-0.37310675,0.5269002,0.2583545446395874,0.28995758,2.2647085,1.9589382
1373,2.1774497,-0.027766045,-0.18220747,0.38999644,0.85,0.18433832,4.453008,2.5408628
1374,2.2175698,-0.08523573,-0.24124019,0.43592903,0.7567635178565979,0.24520607,5.943004,2.6033566
1375,2.309761,-0.054354224,-0.29912192,0.38412574,0.7694057822227478,0.23699974,3.2290602,2.6999614
1376,2.3396177,-0.1876301,-0.33164996,0.5848508,0.8336089849472046,0.21339723,3.9238353,1.9124302
1377,2.292366,-0.051108677,-0.20886058,0.44499114,0.8118881583213806,0.20877916,2.7647555,1.914927
1378,2.4042528,-0.082437016,-0.18692644,0.47354335,0.3022817075252533,0.30034333,2.269923,2.404639
1379,2.2545102,-0.029323334,-0.24574353,0.6532967,0.7414811849594116,0.24118055,3.5280354,2.798782
1380,2.361549,0.016877417,-0.22644517,0.37973666,0.46780359745025635,0.20387201,2.1079707,1.4828727
1381,2.402493,0.08452934,-0.3452166,0.48954594,0.6912891268730164,0.16156514,1.9424255,1.546353
1382,2.2373033,-0.017873943,-0.25069326,0.47058967,0.7676483392715454,0.23864596,4.209837,2.715789
1383,2.2450278,0.051550265,-0.21892963,0.47146818,0.7108888030052185,0.277728,3.4321632,2.4425137
1384,2.233618,-0.010507979,-0.2497592,0.3620636,0.7610254883766174,0.23378414,4.3069224,2.8491242
1385,2.2906141,-0.06402512,-0.18110913,0.46393126,0.6593749523162842,0.2772076,2.9435432,2.2772183
1386,2.3720956,-0.083717115,-0.29173863,0.6121558,0.6314067244529724,0.250698,2.4737437,2.013544
1387,2.2513528,-0.15287463,-0.19718568,0.4728708,0.7285401225090027,0.26789635,4.3874154,2.8128161
1388,2.223715,-0.0205453,-0.2816432,0.4355848,0.85,0.18515621,4.300907,2.5034351
1389,2.2449641,-0.04384514,-0.17178403,0.58644533,0.7081092596054077,0.28689095,3.438541,2.526526
1390,2.229016,0.106712386,-0.18384029,0.44937375,0.7939181327819824,0.2028655,2.986251,1.8129804
1391,2.1908784,0.060188662,-0.13483246,0.38436207,0.7692959308624268,0.25891134,3.515369,2.1622446
1392,2.3795688,-0.05100408,-0.32196596,0.5151452,0.6925418972969055,0.19218984,2.6011994,1.7345586
1393,2.2233858,0.07860015,-0.21630026,0.5062518,0.7987796068191528,0.18559296,2.800619,1.1553421
1394,2.1640072,-0.032702994,-0.24378291,0.5564775,0.8029757738113403,0.2178384,5.6107078,2.081299
1395,2.3027043,-0.009973318,-0.16481033,0.49929506,0.5288524031639099,0.26177096,2.5294433,2.1391847
1396,2.3898275,-0.16456135,-0.20300877,0.54373354,0.6209690570831299,0.25779384,2.5400448,2.5190003
1397,2.4119105,0.010503451,-0.24732225,0.5194071,0.018352599814534187,0.148804,2.123395,1.6056627
1398,2.2464585,-0.07838862,-0.22870119,0.46833095,0.7057862877845764,0.25817424,3.9121716,2.7279088
1399,2.3165953,0.033600356,-0.32059318,0.5141754,0.7343886494636536,0.2455483,2.9239602,2.1342223
1400,2.1454284,-0.041376494,-0.18870437,0.46702787,0.7865935564041138,0.25081116,6.4070854,2.3107164
1401,2.2842717,-0.011284552,-0.24040735,0.5225442,0.5740198493003845,0.30508786,3.1571422,2.8805544
1402,2.1232095,-0.06178398,-0.19683032,0.44839647,0.8341097235679626,0.26248783,8.927279,1.5734404
1403,2.3920057,-0.090426125,-0.211569,0.6136803,0.4495549499988556,0.25516537,2.248567,2.220374
1404,2.2138214,0.0036227056,-0.13436356,0.5065118,0.7659605741500854,0.24062218,3.2638454,2.7393696
1405,2.2874143,0.06574076,-0.25165364,0.5645666,0.6002422571182251,0.2603382,2.5525708,2.5247006
1406,2.1737108,-0.027436461,-0.21430142,0.56762415,0.7450244426727295,0.2777072,5.0474596,2.716863
1407,2.2543187,0.020223537,-0.2695308,0.38732836,0.842658519744873,0.2006077,3.8065555,2.4115503
1408,2.331383,0.061844487,-0.41293013,0.46503246,0.6949386596679688,0.24200888,2.8927007,1.8798441
1409,2.2872636,-0.07023891,-0.121026404,0.41669416,0.7074870467185974,0.227073,2.6522355,1.9772682
1410,2.231265,-0.13141808,-0.27233127,0.45836207,0.7667984962463379,0.25690356,6.7063227,2.794149
1411,2.1855748,-0.07225192,-0.2729938,0.4434467,0.8227009177207947,0.22245677,6.9251094,1.2951349
1412,2.2291982,-0.020830095,-0.24546823,0.5795383,0.7994419932365417,0.22258653,3.7042632,1.7476661
1413,2.1968675,-0.06214548,-0.16523226,0.42340907,0.7332955598831177,0.27895296,4.338614,2.807786
1414,2.1507664,0.08685596,-0.13453513,0.39709875,0.7255226373672485,0.26152536,4.1783457,2.480157
1415,2.2481265,0.036245916,-0.16585,0.46830028,0.6977992057800293,0.26728702,3.1192575,2.283689
1416,2.2647142,-0.015785873,-0.21171714,0.43716335,0.7216522693634033,0.26416853,3.4918733,2.0889099
1417,2.228736,-0.091587946,-0.14951394,0.5759333,0.7976126074790955,0.21077122,3.69163,2.5306427
1418,2.2518172,0.08623206,-0.28133315,0.49322325,0.800727367401123,0.23616573,3.2220173,2.562957
1419,2.3361747,-0.1449074,-0.21976073,0.5147268,0.7665298581123352,0.17988963,2.7616725,1.6813331
1420,2.235335,-0.07114062,-0.15392348,0.5832962,0.677023708820343,0.28603545,3.6714585,2.6417997
1421,2.2157967,-0.035711724,-0.16357774,0.43475127,0.7797801494598389,0.23408902,3.733872,2.489217
1422,2.3575387,-0.040927242,-0.22842547,0.45480752,0.6857140064239502,0.20646398,2.3672016,1.9224709
1423,2.2966697,-0.09777978,-0.2750191,0.50179476,0.7198087573051453,0.25019628,3.6942742,2.480346
1424,2.1684978,-0.13143556,-0.25748202,0.70339435,0.6772298216819763,0.3214532,8.284657,2.5658295
1425,2.1865869,0.020312082,-0.24015501,0.5105427,0.8486458659172058,0.20068124,4.3859487,1.9927268
1426,2.213392,-0.013665748,-0.20061636,0.40978453,0.7002722024917603,0.267633,4.205837,2.8433542
1427,2.4326022,-0.07514915,-0.34441334,0.5593952,0.5321951508522034,0.1794626,2.2909853,1.3207028
1428,2.1930168,0.010553522,-0.23856355,0.5136446,0.670230507850647,0.28708583,4.261744,2.8782048
1429,2.2686515,0.0294689,-0.24999763,0.45574313,0.8151460886001587,0.18888462,2.752421,1.6221515
1430,2.240098,0.0070520956,-0.18273568,0.47841313,0.7051626443862915,0.25989208,3.1458309,2.8189507
1431,2.3201053,0.07418445,-0.2985096,0.33506036,0.7442970275878906,0.22911896,2.8140142,2.8043633
1432,2.2244534,-0.0623386,-0.16829333,0.42246106,0.8164911270141602,0.1984224,4.1900454,1.9889305
1433,2.2768884,-0.03020106,-0.29091305,0.51469755,0.8213540315628052,0.18849353,3.2132227,2.2498906
1434,2.271355,-0.113700494,-0.24480753,0.50746626,0.8498530387878418,0.18931818,4.065451,2.3219073
1435,2.2441597,-0.11336238,-0.09144385,0.47883317,0.7384985089302063,0.25337914,3.416763,2.5474591
1436,2.3629603,-0.038315754,-0.3027124,0.5385882,0.8112377524375916,0.17393932,2.3478837,1.3722892
1437,2.3086185,-0.12800996,-0.2039322,0.513406,0.7860670685768127,0.21046813,3.3058012,1.9255818
1438,2.2780838,-0.0430175,-0.37827453,0.5118132,0.8094934821128845,0.240256,4.879354,2.8027275
1439,2.2183437,-0.07646243,-0.13709009,0.50378084,0.8441768288612366,0.17109406,3.5640717,2.3143127
1440,2.3371956,-0.12004588,-0.3274867,0.78204453,0.85,0.16525702,2.7546158,1.7349
1441,2.2176492,0.18778798,-0.20875442,0.41694567,0.6244935989379883,0.2840722,2.7192957,2.5171065
1442,2.1874998,0.06768079,-0.123401515,0.4938454,0.7364774942398071,0.25947237,3.1703205,2.3629594
1443,2.305126,0.0386091,-0.26341027,0.3892598,0.707068920135498,0.24878009,2.9389899,2.8325849
1444,2.3107202,-0.26600882,-0.26027283,0.46405232,0.8252367973327637,0.22597736,5.4834642,2.0063658
1445,2.2681153,-0.024289299,-0.23692657,0.38915277,0.6634082198143005,0.2825347,3.9405212,2.6773198
1446,2.3234065,-0.07336819,-0.3419765,0.44864756,0.7464582324028015,0.21587093,3.6359215,2.5801125
1447,2.3293707,0.048262045,-0.32686707,0.4672791,0.5941599607467651,0.26736972,2.9947007,2.748532
1448,2.1190333,-0.05128232,-0.13779937,0.391185,0.835690975189209,0.23136796,7.070163,2.0257864
1449,2.192228,0.018412126,-0.23696274,0.4859285,0.8293765187263489,0.22074659,4.618749,2.715012
1450,2.245535,0.010295716,-0.28615224,0.5213612,0.7904454469680786,0.22291976,3.8771994,2.6773288
1451,2.262441,0.025586445,-0.23112562,0.48873037,0.6937156915664673,0.27527973,3.1714566,2.637231
1452,2.1626093,0.04032945,-0.14839573,0.47043836,0.7587981820106506,0.24114288,3.798924,2.6032367
1453,2.2857203,-0.025981862,-0.31986707,0.47556892,0.7887295484542847,0.20433442,3.4788332,2.2622128
1454,2.326387,-0.067790434,-0.26259214,0.4764415,0.7786985635757446,0.21656537,3.0328958,1.8545343
1455,2.3877153,-0.003785946,-0.28244704,0.41919538,0.7815467715263367,0.18189818,2.193961,1.8965846
1456,2.237758,-0.0578466,-0.15846837,0.38507438,0.7855151891708374,0.2394651,3.9352388,2.138555
1457,2.1981752,0.008436662,-0.1827776,0.52277935,0.7604907751083374,0.2288332,3.978632,2.236128
1458,2.3203046,0.012258469,-0.30736318,0.45534328,0.8437225818634033,0.15043372,2.6847978,2.5357668
1459,2.1866117,0.09006215,-0.1832083,0.40830234,0.7778312563896179,0.21223457,3.4342067,2.6826208
1460,2.2869797,-0.04162466,-0.23531891,0.4904768,0.7840855121612549,0.22252306,3.2118874,2.0333195
1461,2.253487,-0.016120948,-0.25382778,0.56240284,0.7533062696456909,0.25845185,3.5581448,2.6163461
1462,2.2794597,-0.01688295,-0.4072113,0.42792732,0.7990462183952332,0.2343953,5.553131,2.5820014
1463,2.426822,-0.053020313,-0.18637288,0.53207964,0.40694692730903625,0.22379705,2.0732057,2.1744497
1464,2.2287574,0.045595523,-0.275103,0.3904318,0.7800597548484802,0.23773617,4.1081347,2.4667377
1465,2.2072265,-0.09362856,-0.17956476,0.5331285,0.6630744934082031,0.3021882,4.55296,2.7766807
1466,2.2842636,-0.10667947,-0.25849983,0.580431,0.8395307660102844,0.2036227,3.4856439,2.1238053
1467,2.270425,0.04919204,-0.24682102,0.36922237,0.7830608487129211,0.24006575,3.1652768,2.4273987
1468,2.1790073,-0.15231766,-0.26651025,0.613507,0.7228428721427917,0.30157587,9.087144,2.2125442
1469,2.2501485,0.03747974,-0.20269005,0.5483246,0.8045375943183899,0.21573657,3.0389132,2.1676502
1470,2.2236478,0.042125523,-0.1885278,0.51892877,0.733184814453125,0.2659115,3.330882,2.848571
1471,2.2543266,-0.127851,-0.23533013,0.54432213,0.8194026350975037,0.23655033,4.190023,2.529271
1472,2.2752428,-0.052302185,-0.20163566,0.44542617,0.7362762689590454,0.25302848,3.3993173,2.5783668
1473,2.2816758,-0.011505307,-0.17908312,0.43472698,0.6146803498268127,0.26363325,2.8625076,2.1744401
1474,2.229651,0.011378127,-0.24120986,0.46970508,0.7935114502906799,0.20233971,3.5859644,1.9620279
1475,2.1345909,0.07064385,-0.2704478,0.50016326,0.7376378774642944,0.2656075,5.990386,2.815106
1476,2.3677213,0.033796147,-0.30584568,0.5800597,0.5314798355102539,0.22280122,2.1277647,2.026666
1477,2.2580335,-0.1084322,-0.26787522,0.4978819,0.8118811249732971,0.21243808,4.1738644,2.6944404
1478,2.1947472,0.063991725,-0.21813406,0.50609833,0.7052129507064819,0.28344223,3.8482306,2.8100653
1479,2.2575471,-0.109889716,-0.23304807,0.4640854,0.7975033521652222,0.22582965,3.9775438,2.5453398
1480,2.3108146,0.21234916,-0.24771689,0.30812103,0.42185935378074646,0.20123167,2.227179,1.6349114
1481,2.1786444,0.13349271,-0.19488093,0.33194336,0.7773528695106506,0.22990373,3.6969082,2.4574864
1482,2.2041328,-0.090601206,-0.21557882,0.5130662,0.8097212314605713,0.23215379,5.41549,2.592357
1483,2.2678835,-0.027555276,-0.3296883,0.40187782,0.7030351161956787,0.25306287,3.7821689,2.3610158
1484,2.2186968,0.07669519,-0.22127472,0.4044911,0.7014720439910889,0.26897126,3.5674875,2.6519077
1485,2.2562776,0.020156177,-0.24052924,0.34286743,0.731925904750824,0.27031565,3.6366682,2.6249766
1486,2.3749897,-0.011085147,-0.37975156,0.44924083,0.7055510878562927,0.24005787,2.7065897,2.2236555
1487,2.1373456,-0.054312818,-0.22167407,0.5247763,0.8469374179840088,0.22022858,7.0691137,1.7975849
1488,2.2974627,0.066404894,-0.29285672,0.53699094,0.7357954978942871,0.19450778,2.4419835,1.9008126
1489,2.2065978,0.053992625,-0.2315189,0.4556631,0.694011390209198,0.27074093,3.9107687,2.5728388
1490,2.4048178,-0.08783641,-0.3618253,0.5672624,0.7968437671661377,0.19083275,2.4623055,2.18727
1491,2.4609613,-0.16993497,-0.3310746,0.43838456,0.6754831075668335,0.20138197,2.4022262,1.3489765
1492,2.246999,0.080086,-0.18295461,0.52840054,0.7040802836418152,0.2429579,2.660482,2.055953
1493,2.3695629,-0.16436154,-0.24611431,0.49016035,0.7289950251579285,0.23960589,2.6738663,2.3995347
1494,2.2383335,-0.101427615,-0.1744,0.4497241,0.7182905077934265,0.26200607,4.0699663,2.6050785
1495,2.3988433,-0.035422817,-0.3057107,0.40795335,0.5086813569068909,0.27712473,2.5276308,2.652298
1496,2.1164281,-0.053146712,-0.23635072,0.6127592,0.7620048522949219,0.28960824,8.609042,1.7972568
1497,2.2314415,-0.031644348,-0.24639845,0.51572883,0.7761055827140808,0.23447198,4.0480866,2.6758118
1498,2.198457,0.096080735,-0.14700548,0.49258384,0.701406717300415,0.251626,2.9766967,2.6012769
1499,2.1872818,-0.023752427,-0.19297102,0.4353405,0.7429665923118591,0.27258196,4.988863,2.8697639
1500,2.2543688,-0.07877105,-0.23107933,0.5450966,0.7718813419342041,0.24181975,3.2996995,2.6736014
1501,2.3164222,-0.12399214,-0.29610732,0.4253466,0.7248566746711731,0.27051133,4.1243296,2.810609
1502,2.2556713,-0.07235782,-0.37142098,0.4293932,0.797402560710907,0.2382082,6.0175924,2.0363436
1503,2.2532508,-0.06526732,-0.28561983,0.5383479,0.7701506018638611,0.21368368,3.8483026,1.953361
1504,2.1929271,0.009379607,-0.09709837,0.47051743,0.6089023351669312,0.31214455,3.4567947,2.6598544
1505,2.3761644,-0.041649923,-0.3513753,0.5247157,0.5890761613845825,0.2482644,2.7052863,2.5526009
1506,2.3532047,-0.12255524,-0.30892417,0.5973898,0.8359193205833435,0.20339154,2.7229574,2.896322
1507,2.2315638,-0.16114865,-0.3043582,0.3806579,0.7535683512687683,0.2995252,9.272212,2.880723
1508,2.2367454,0.064609215,-0.26235354,0.33808976,0.804106593132019,0.21456227,3.3176677,2.1360393
1509,2.396513,-0.028786957,-0.26694098,0.42219386,0.26932263374328613,0.31510982,2.2323596,2.4013085
1510,2.1641333,0.015259271,-0.2520578,0.39487413,0.7623653411865234,0.25981814,6.5696197,2.4881864
1511,2.2978234,-0.12180094,-0.2159285,0.61622745,0.735223114490509,0.24634235,3.2288208,2.4339285
1512,2.1636305,-0.05350766,-0.16240719,0.5632853,0.7763583660125732,0.26016423,4.75381,2.8501687
1513,2.1742458,-0.03955364,-0.1837999,0.4276659,0.8342745900154114,0.20901975,4.741472,1.794447
1514,2.27848,-0.042779725,-0.2776161,0.39239848,0.8369786143302917,0.21761447,3.8232331,2.6118066
1515,2.3232188,-0.048085913,-0.22764939,0.5206502,0.7212003469467163,0.24435383,2.8625977,2.6824129
1516,2.2492929,-0.12338276,-0.25309983,0.38869315,0.829828679561615,0.20467559,5.296676,2.2157114
1517,2.3356497,-0.09905588,-0.24292642,0.5065474,0.6352048516273499,0.2995461,2.9649692,2.6804686
1518,2.2065825,-0.13978419,-0.29316723,0.4562808,0.7343625426292419,0.30535978,9.462784,2.8358643
1519,2.3682141,0.006157003,-0.31515163,0.47334942,0.5257485508918762,0.27436325,2.6530766,2.4522
1520,2.2021675,0.02176059,-0.24253334,0.5075637,0.8419619202613831,0.19213903,4.1347537,1.7650539
1521,2.2926793,-0.013882749,-0.1981624,0.4355466,0.6567226648330688,0.26399484,2.8296483,2.7374249
1522,2.438991,-0.11363287,-0.29060718,0.4769654,0.5613226890563965,0.21864496,2.210348,2.1546524
1523,2.159197,0.015449422,-0.16666445,0.30759105,0.7867754697799683,0.22521533,5.098281,2.7584052
1524,2.2388377,0.057283137,-0.20744082,0.5107448,0.8206815123558044,0.18641998,3.0750756,2.0532262
1525,2.3009262,0.15744615,-0.3379317,0.40415904,0.782882571220398,0.20063065,2.7401218,1.9444311
1526,2.3808377,0.08439649,-0.3267135,0.52618134,0.4028511941432953,0.29420245,2.183744,2.363573
1527,2.2373323,-0.14066802,-0.22897056,0.58941704,0.7668633460998535,0.25394505,4.4391174,2.5514317
1528,2.2356763,0.07129093,-0.12208227,0.43089804,0.7667460441589355,0.17958535,2.57282,1.6384906
1529,2.2501624,0.07303114,-0.26053467,0.38864756,0.7480791211128235,0.23185132,3.3212178,2.5590315
1530,2.221109,-0.017764047,-0.20947424,0.4815299,0.7355942726135254,0.25684324,4.0423756,2.3151126
1531,2.269996,-0.113576025,-0.31746864,0.57337105,0.8077996969223022,0.21226987,3.6421614,1.7439795
1532,2.3324902,0.033245087,-0.21155846,0.38540614,0.4345329999923706,0.1642875,1.9955429,1.1822617
1533,2.320253,-0.09848431,-0.23610596,0.45589712,0.7795213460922241,0.2273991,3.002277,2.5118084
1534,2.3169606,0.0022649048,-0.30981785,0.38262844,0.8383193612098694,0.14238475,2.7624753,2.290043
1535,2.2617726,0.060498018,-0.28972623,0.4582577,0.8207653164863586,0.17893577,3.2346652,2.5540576
1536,2.3009994,-0.030868098,-0.27516255,0.45666513,0.8357774615287781,0.21302497,3.2414467,2.3490875
1537,2.2083724,-0.13703685,-0.21251059,0.6013803,0.8254498243331909,0.20305671,4.6881757,2.5935423
1538,2.1837091,0.09776269,-0.16690497,0.44791535,0.789579451084137,0.22399901,3.2082899,2.6972363
1539,2.2696126,-0.085296884,-0.34423167,0.55514175,0.7248851656913757,0.2602696,4.8493247,2.7476509
1540,2.2809205,0.08113332,-0.27219373,0.42801514,0.7972082495689392,0.20708443,2.7990851,2.5615335
1541,2.1371233,-0.03334917,-0.19802158,0.4924727,0.7671460509300232,0.25902608,6.184929,1.8574808
1542,2.3546581,-0.0030066667,-0.2922216,0.43121612,0.5738146305084229,0.26926833,2.470254,2.5924194
1543,2.2589445,0.13442618,-0.31014612,0.3751415,0.6804560422897339,0.30738214,3.2616518,2.401203
1544,2.2872128,-0.080430865,-0.1609667,0.4483933,0.7019019722938538,0.26354116,3.2318263,2.1761029
1545,2.339295,-0.033225626,-0.25604615,0.31694397,0.8002219200134277,0.22351164,3.154547,2.3386285
1546,2.4616373,-0.029923864,-0.3723163,0.4335028,0.6181144118309021,0.214059,2.223655,2.7381325
1547,2.3272228,0.020067465,-0.25825673,0.4335436,0.4855356514453888,0.27535227,2.5608408,2.1491477
1548,2.402475,0.08036869,-0.35767365,0.46383294,0.6642928719520569,0.20334919,2.210971,2.288917
1549,2.4101734,0.016856778,-0.33657995,0.4646128,0.39237549901008606,0.27180675,2.2529838,2.4038138
1550,2.248004,0.016024385,-0.12901029,0.4056968,0.8481466770172119,0.1698051,2.8016615,1.8080304
1551,2.4126809,0.014378189,-0.17215727,0.4455262,0.13633672893047333,0.29137143,2.0768042,2.6672916
1552,2.3509994,-0.041105945,-0.31294492,0.5110026,0.7076702117919922,0.23387308,3.0115705,2.159676
1553,2.1936824,-0.06861691,-0.17258532,0.57425356,0.7669001817703247,0.24604858,4.5563645,2.5884998
1554,2.2760322,-0.06411942,-0.22048815,0.59258133,0.7954066395759583,0.212884,2.9648356,1.7298565
1555,2.1687963,-0.093261406,-0.218374,0.46244156,0.7802618145942688,0.25592664,7.9583497,1.9176602
1556,2.1845155,-0.10096914,-0.2623081,0.50957,0.7139480710029602,0.29894736,8.468891,2.6224048
1557,2.2237697,0.047324196,-0.23104134,0.46804345,0.7737746834754944,0.23094964,3.4035795,1.8234746
1558,2.218354,-0.0879243,-0.20294333,0.56496584,0.7260974645614624,0.2628843,4.7489204,2.83714
1559,2.2693157,0.03758033,-0.2897084,0.39140916,0.6963017582893372,0.25091088,3.3035336,2.121061
1560,2.1846762,-0.013080681,-0.16495246,0.4394594,0.6750707626342773,0.27451956,4.458386,2.9129078
1561,2.2285378,-0.019186899,-0.24415345,0.44506449,0.7776702046394348,0.23489363,4.1914144,2.014442
1562,2.2790246,-0.0569052,-0.22266284,0.4726422,0.7093551754951477,0.2726341,3.5207508,2.6423123
1563,2.4100416,-0.031397067,-0.26696548,0.41105157,0.3672310709953308,0.24356517,2.1346626,1.9939647
1564,2.2116559,0.02179513,-0.22065999,0.41970965,0.7743287086486816,0.22194313,3.9683788,2.6274168
1565,2.2454937,0.039842363,-0.23997812,0.42632473,0.85,0.15893605,2.9367428,1.9450647
1566,2.2234132,-0.006005766,-0.15897259,0.50623804,0.7169085741043091,0.23513547,3.3950686,2.1657734
1567,2.195854,-0.04332975,-0.16662864,0.49284717,0.8267160654067993,0.20982449,3.9341245,2.0037706
1568,2.3958988,-0.11062948,-0.2941233,0.52076626,0.47033578157424927,0.29904836,2.7202666,2.6285427
1569,2.372996,0.073022045,-0.2657828,0.42209926,0.26131537556648254,0.28157577,2.1027572,2.3187191
1570,2.2503154,0.051330026,-0.19158223,0.42941052,0.7054137587547302,0.25622603,3.0268133,2.303523
1571,2.1772678,-0.004783441,-0.26181874,0.5182732,0.85,0.18165945,4.641138,2.0450275
1572,2.42183,-0.050543394,-0.32077122,0.4011926,0.3313868045806885,0.29952946,2.3352373,2.5635533
1573,2.3649166,-0.018071756,-0.28591236,0.46353176,0.7217288613319397,0.21588661,2.197626,2.4237888
1574,2.2109377,0.0058205184,-0.18279257,0.4841781,0.7379435896873474,0.25602594,3.4859254,2.8528252
1575,2.1967082,-0.05415842,-0.22746146,0.46828213,0.8221993446350098,0.21868005,5.1766405,1.8979144
1576,2.4087486,-0.019515673,-0.422496,0.5009605,0.6728197932243347,0.26093057,2.510747,2.607869
1577,2.3061717,0.025260886,-0.29579479,0.39574102,0.6649458408355713,0.26230955,3.1000428,2.640458
1578,2.3373682,-0.09952366,-0.36866614,0.461355,0.7445704340934753,0.25896046,3.787894,1.961102
1579,2.2803452,-0.008235242,-0.23434302,0.4086614,0.7241702675819397,0.24614878,3.203787,2.878678
1580,2.2958286,0.08703891,-0.17166974,0.36990336,0.46849241852760315,0.30246568,2.4229202,2.4634972
1581,2.2171128,0.08315009,-0.2194731,0.5418509,0.6686002016067505,0.2661838,3.4092853,2.5018454
1582,2.2951758,-0.21300513,-0.23188065,0.6375425,0.712022066116333,0.28026247,4.2009335,2.7322614
1583,2.2969942,0.06783073,-0.28120938,0.54522157,0.7143116593360901,0.21867782,2.5113518,1.7504184
1584,2.3040392,-0.026708739,-0.22300392,0.36050832,0.8461810946464539,0.18988088,2.6680217,2.0348458
1585,2.1770632,-0.03234788,-0.24090429,0.45537814,0.7866676449775696,0.2490515,5.788609,1.8585631
1586,2.244353,-0.053767294,-0.2624417,0.4387184,0.7426289916038513,0.2622464,4.5148787,2.6342475
1587,2.228068,-0.0086983275,-0.15357,0.52185947,0.7548274397850037,0.28121075,3.4808202,2.7425833
1588,2.4530172,0.042764947,-0.3070288,0.42418128,0.6139717698097229,0.1895003,2.1203618,1.7063677
1589,2.2153742,0.015213735,-0.16916484,0.41702855,0.7399588823318481,0.2594511,3.5681129,2.7712739
1590,2.2733076,-0.065466054,-0.27738237,0.46424183,0.85,0.22074899,3.7465305,2.4977589
1591,2.2748988,-0.08530262,-0.18855241,0.5233149,0.7565014958381653,0.2408781,3.11484,2.515395
1592,2.2656004,0.00051101693,-0.26046306,0.5422516,0.6664381623268127,0.2876892,3.3812652,2.8267896
1593,2.316763,-0.003636208,-0.17887636,0.4523001,0.6563761830329895,0.1931011,2.2138655,1.7850068
1594,2.284684,-0.09482747,-0.236016,0.4034748,0.7797331809997559,0.23332712,3.6966176,2.5168443
1595,2.3869078,-0.16580743,-0.25237954,0.4614559,0.8139916658401489,0.18712904,2.5552316,1.5941144
1596,2.4089603,-0.14775172,-0.18965153,0.46992013,0.5124058127403259,0.22838846,2.167104,2.1882327
1597,2.184109,0.0024820596,-0.1643882,0.5718879,0.7626091837882996,0.24871558,3.9773562,2.2305107
1598,2.238863,-0.0071452116,-0.16190429,0.40061375,0.8214190006256104,0.19339684,2.8514113,1.9641719
1599,2.3628786,-0.04676022,-0.27895904,0.3551904,0.7924399971961975,0.14116357,2.591594,1.2361315
1600,2.1617622,0.036049973,-0.22373205,0.50854015,0.7294703722000122,0.26406845,4.95687,2.51676
1601,2.3072796,-0.0153790815,-0.28666803,0.45229423,0.73261559009552,0.24201676,3.0812094,2.8413959
1602,2.3883243,-0.08280063,-0.2216708,0.5223532,0.540045976638794,0.24296178,2.2393568,2.144358
1603,2.3329005,0.02086282,-0.20525587,0.5233064,0.30279049277305603,0.22837088,2.253219,1.6393132
1604,2.2448633,-0.089553885,-0.17936991,0.44958168,0.7622329592704773,0.22945698,3.79017,1.9257631
1605,2.2546983,0.032380138,-0.20482832,0.41377077,0.703410267829895,0.27000648,2.9407606,2.3680353
1606,2.3032787,-0.03658796,-0.2744793,0.3964039,0.7354421019554138,0.2543539,3.2596736,2.4943323
1607,2.2304227,-0.09334224,-0.21519497,0.47369263,0.7762048840522766,0.23832963,4.1279845,2.5894036
1608,2.1245418,2.6385122e-05,-0.13725781,0.49254152,0.760741114616394,0.2545998,5.2471786,2.360673
1609,2.3221521,-0.0348791,-0.24948452,0.43726206,0.7504780292510986,0.22558981,2.7323332,1.945806
1610,2.3550339,-0.03945065,-0.311571,0.5478389,0.7320190072059631,0.23956904,2.5242236,2.2162282
1611,2.2183602,-0.08451137,-0.15841088,0.5286528,0.7388689517974854,0.26181266,3.9251785,2.7577636
1612,2.3791056,0.0910726,-0.30631164,0.51234525,0.5326014161109924,0.24880749,2.2090847,2.06302
1613,2.2074587,-0.044486906,-0.20937994,0.46638036,0.7565040588378906,0.25026894,4.3836036,2.662036
1614,2.3536406,-0.020529404,-0.2675577,0.38231173,0.6732435822486877,0.227572,2.5780675,2.542456
1615,2.30627,-0.014312454,-0.42971522,0.42414197,0.7965429425239563,0.23888089,4.3213234,2.7078886
1616,2.2053523,0.048566893,-0.3025643,0.53641623,0.85,0.19823846,4.163885,2.5445235
1617,2.2262757,0.0023754148,-0.2143043,0.59256834,0.8350257873535156,0.20509265,3.3708851,2.4804952
1618,2.3853886,-0.049584735,-0.2591088,0.4240078,0.5513139963150024,0.26929376,2.1819444,2.4371066
1619,2.383336,-0.0048055453,-0.28230023,0.40995026,0.6226580142974854,0.20862673,2.202948,2.133177
1620,2.2986276,0.054436203,-0.30146128,0.44406533,0.7618046998977661,0.22382486,2.82411,2.2795146
1621,2.1952596,0.06558664,-0.22383462,0.4665554,0.7224705815315247,0.2806838,4.023141,2.6549394
1622,2.3589098,-0.17205107,-0.17702343,0.6401704,0.6733400821685791,0.2646247,2.6158345,2.4161627
1623,2.319635,-0.001969065,-0.31905833,0.52347994,0.6136596202850342,0.30252635,3.146987,2.584091
1624,2.2965848,0.042412356,-0.28724486,0.40756524,0.6951121687889099,0.25200334,2.5777483,1.7174603
1625,2.242036,0.04375246,-0.26023632,0.37299383,0.8450750112533569,0.19924426,3.7728028,2.5865958
1626,2.2225237,0.009437813,-0.17750616,0.4816965,0.7850711345672607,0.22547346,3.2032075,2.4236422
1627,2.196941,-0.013520852,-0.14816222,0.4673732,0.744888424873352,0.25352544,3.7817137,2.8279185
1628,2.2985265,-0.05166255,-0.2098625,0.5296725,0.5486418008804321,0.3159928,3.009305,2.84524
1629,2.1797955,0.093218245,-0.20363864,0.4331361,0.7116195559501648,0.26013,4.1470613,2.7195399
1630,2.236715,-0.013781337,-0.22268738,0.4343788,0.7571456432342529,0.23561162,3.6318598,2.5732071
1631,2.2584405,0.08523717,-0.25946113,0.43609822,0.797623336315155,0.2157448,2.807334,1.8268299
1632,2.3891215,0.0016744236,-0.26876304,0.37618044,0.4088784456253052,0.18673703,2.2023082,1.5863775
1633,2.376608,-0.0815388,-0.2915724,0.59143543,0.7320846915245056,0.2022211,2.4876022,1.5648161
1634,2.330174,-0.022425696,-0.29043904,0.40932128,0.7299823760986328,0.24387069,3.003527,2.5713396
1635,2.244509,-0.024774462,-0.23597935,0.49581733,0.6530172228813171,0.281944,3.8038077,2.8482316
1636,2.2599955,-0.060726542,-0.3597213,0.535753,0.7772859334945679,0.25651458,4.923188,2.4928575
1637,2.2251408,0.0019633216,-0.2470588,0.5110163,0.7944403290748596,0.24403523,3.8142784,2.8298984
1638,2.299534,-0.082680486,-0.28418207,0.54150265,0.6551607251167297,0.28947493,3.5621102,2.8509262
1639,2.266166,-0.08927703,-0.17775808,0.5070431,0.6908926963806152,0.2904675,3.558038,2.6836157
1640,2.1936073,-0.14378315,-0.23962507,0.47989303,0.8210020661354065,0.2379161,7.525233,2.6635942
1641,2.1750124,0.00785355,-0.18311258,0.55838865,0.7787767648696899,0.24759753,4.1460376,2.6228473
1642,2.3500142,-0.052698288,-0.17706288,0.40107983,0.5567575693130493,0.228925,2.4335513,1.9996761
1643,2.2444134,-0.06303539,-0.26485172,0.49313927,0.726621150970459,0.2622156,4.132672,2.7712128
1644,2.4044657,-0.017931437,-0.34138173,0.5549617,0.3390033543109894,0.2490791,2.220187,1.5984201
1645,2.0884414,-0.06615432,-0.2016754,0.47620344,0.7481645345687866,0.33572164,11.181834,1.2671494
1646,2.1306436,0.1377706,-0.05695483,0.5438416,0.5749021768569946,0.33014804,3.2860312,2.7576358
1647,2.2991066,-0.22328267,-0.25370696,0.70658314,0.7812666296958923,0.24832349,4.0377946,2.7265685
1648,2.3570533,-0.051176697,-0.41094136,0.5928018,0.715535581111908,0.27505368,3.3172417,2.6871011
1649,2.4782584,-0.0870742,-0.44403216,0.66403186,0.5165442228317261,0.25012943,2.1136723,2.427888
1650,2.232707,0.04158894,-0.23516849,0.44006884,0.6964231133460999,0.26894045,3.4174712,2.7969766
1651,2.2115374,0.016790813,-0.20920324,0.5390299,0.8030219674110413,0.22431853,3.6928432,2.2761667
1652,2.4024525,-0.023539292,-0.21384384,0.32473716,0.775924563407898,0.14188974,2.005132,1.8255223
1653,2.2074966,0.016601609,-0.24215762,0.4994826,0.7495273351669312,0.2431812,4.100569,2.2690096
1654,2.1057487,0.10356604,-0.09841071,0.4649009,0.6894501447677612,0.27634367,4.565055,2.496063
1655,2.3686714,-0.033899497,-0.28358498,0.52189314,0.510724663734436,0.25504744,2.6169732,2.0190861
1656,2.2749207,-0.072495006,-0.29378626,0.5196438,0.7024988532066345,0.2605331,3.873432,2.7212307
1657,2.3611178,-0.037634797,-0.27661848,0.42543986,0.621890127658844,0.28148952,2.4902465,2.4924114
1658,2.3103619,-0.034869876,-0.28481022,0.47473246,0.7877194285392761,0.22005114,3.0277882,2.8494527
1659,2.2612748,0.004496628,-0.16536687,0.4386335,0.6880759000778198,0.27203467,2.9165814,2.8474898
1660,2.3187287,0.03310096,-0.21945941,0.353106,0.5671440958976746,0.27419156,2.7458127,2.2606173
1661,2.238753,-0.13062996,-0.28161564,0.58221304,0.85,0.18470076,4.4475217,2.4547946
1662,2.3289382,-0.024122473,-0.13438372,0.5830867,0.32826635241508484,0.26024204,2.1644719,1.7520429
1663,2.257769,-0.0733312,-0.24917227,0.4319195,0.7626683712005615,0.22646713,4.154343,2.0601172
1664,2.3983204,-0.12897559,-0.29750893,0.6137757,0.733271598815918,0.16280873,2.4327023,1.5522467
1665,2.436401,-0.12785615,-0.22156322,0.4956938,0.8206931948661804,0.12873977,2.0957644,2.2156415
1666,2.10981,0.07110665,-0.17260757,0.44774544,0.8277514576911926,0.2229409,5.3958287,2.43905
1667,2.2913606,0.026757723,-0.28297964,0.5178583,0.7672538161277771,0.2517976,3.0057366,2.1462498
1668,2.2448254,-0.041056246,-0.30042765,0.56083745,0.7775776386260986,0.23839407,4.409163,2.2104602
1669,2.3062334,-0.059026763,-0.30229685,0.44932988,0.7893284559249878,0.21613282,3.4722948,2.712124
1670,2.3510745,-0.14497681,-0.21841018,0.5207263,0.6106166839599609,0.2818464,2.8515797,2.0341923
1671,2.2271132,-0.06294366,-0.14011778,0.38357872,0.7610360980033875,0.2500934,3.6337216,2.5178444
1672,2.255255,0.04214082,-0.26387835,0.4786586,0.7312655448913574,0.2702161,3.241018,2.7741587
1673,2.420502,-0.024548536,-0.2753305,0.47407618,0.3159141540527344,0.2661257,2.1224651,1.836918
1674,2.3392534,-0.23322235,-0.2955106,0.71370256,0.742216169834137,0.2866691,3.7593064,2.8805137
1675,2.2393365,0.009878947,-0.16450268,0.54169154,0.7481876611709595,0.23833586,3.1819928,2.2363086
1676,2.34948,0.04591688,-0.2758307,0.2772352,0.7432166934013367,0.21472399,2.4552162,1.9096183
1677,2.2530239,-0.14260782,-0.20442227,0.4509287,0.8437556028366089,0.1889541,4.186627,2.2247472
1678,2.2327619,0.013260792,-0.20027496,0.4932468,0.7394564747810364,0.25295627,3.304074,2.1838865
1679,2.1753368,0.007400819,-0.259546,0.5263223,0.7591806650161743,0.25764167,5.422824,2.7146416
1680,2.222726,-0.07029647,-0.27376568,0.49239162,0.7921283841133118,0.22293945,5.6187778,2.2232196
1681,2.2519543,0.031671192,-0.15056808,0.50773454,0.7619225382804871,0.22416218,2.6233964,1.9897538
1682,2.348292,-0.014165061,-0.3965107,0.39291668,0.7950450778007507,0.20865773,3.0545826,2.41001
1683,2.2770357,-0.046757173,-0.23840229,0.5054033,0.7300819754600525,0.25356758,3.5695646,2.5690553
1684,2.2693954,-0.021494329,-0.19352971,0.39128152,0.6615888476371765,0.25004458,3.1989782,2.4033363
1685,2.3636117,-0.108429134,-0.18677986,0.51378495,0.514148473739624,0.2753061,2.661424,2.2548594
1686,2.2354128,0.040761236,-0.20723134,0.41743857,0.7056798338890076,0.26876053,3.5967734,2.2140222
1687,2.2206345,0.014014464,-0.24904123,0.53822035,0.6812698245048523,0.27122083,4.070554,2.7626774
1688,2.2129047,0.010576952,-0.22136651,0.5482034,0.8212639093399048,0.2190862,3.742595,2.39449
1689,2.300558,-0.0820134,-0.1925949,0.5410193,0.749222993850708,0.23354541,2.839773,2.320203
1690,2.2583487,-0.03829259,-0.19954112,0.26973742,0.6887778639793396,0.2628697,4.314351,2.708469
1691,2.195955,0.013940823,-0.21231422,0.44183633,0.8069784641265869,0.21575229,4.1652207,2.5946748
1692,2.2217174,0.06266974,-0.2789746,0.5517238,0.6866469979286194,0.2718066,3.7739549,2.1435559
1693,2.2572203,0.06953919,-0.28299612,0.46835184,0.7016589045524597,0.2272655,2.9746876,1.9779838
1694,2.2171419,0.010186754,-0.19641382,0.5254041,0.7123294472694397,0.27411512,3.889343,2.8311672
1695,2.3314056,0.004071724,-0.19387826,0.4042615,0.49023139476776123,0.28186187,2.5119836,2.347845
1696,2.2405367,0.039441142,-0.2277902,0.5647064,0.6564127206802368,0.28528458,3.2502673,2.7104712
1697,2.296989,-0.039941695,-0.3477391,0.5780102,0.8317708969116211,0.17049505,3.432088,2.6075706
1698,2.2582386,0.052811664,-0.22458479,0.3635276,0.7347244620323181,0.244058,3.273846,2.773898
1699,2.2134597,-0.0195534,-0.25914326,0.540423,0.8425014615058899,0.20041667,5.199112,2.4772487
1700,2.2465203,-0.17504606,-0.15095776,0.569141,0.8270392417907715,0.20510757,3.866618,2.7169132
1701,2.3907647,-0.03321687,-0.19036052,0.4809047,0.662839412689209,0.14179301,2.0446582,1.5979071
1702,2.1198807,0.03681524,-0.2307473,0.6077783,0.7539021372795105,0.2652568,6.3828793,2.290806
1703,2.2771149,-0.10070161,-0.29733437,0.45961523,0.7452459931373596,0.26856774,4.28532,2.5037026
1704,2.2433429,-0.03733698,-0.29803443,0.5366843,0.7802500128746033,0.23369078,4.063534,2.880923
1705,2.1937823,-0.105745256,-0.14335637,0.59715545,0.7631003260612488,0.25548765,4.5289187,2.6390018
1706,2.2663414,0.006269411,-0.19766872,0.5183422,0.7952722311019897,0.20173965,2.7444077,2.0737784
1707,2.188163,0.10295082,-0.3245254,0.5248796,0.7688999772071838,0.2532171,4.375074,2.7295916
1708,2.2238865,0.019566868,-0.24581905,0.47259995,0.7633152008056641,0.24337524,3.6598868,2.455085
1709,2.2605214,0.031801477,-0.17684019,0.4060651,0.7076643705368042,0.22818199,2.9051702,1.7028856
1710,2.3832803,-0.099801876,-0.25259688,0.5741479,0.6984630227088928,0.22112493,2.1587481,1.9850358
1711,2.270466,0.12643813,-0.19504724,0.5059703,0.3588428497314453,0.22848685,2.2582135,1.9309793
1712,2.2347422,0.043564264,-0.24584068,0.43846977,0.7567822337150574,0.23998128,3.7418475,2.740655
1713,2.2429578,-0.04134435,-0.2908531,0.43025666,0.7338075637817383,0.24793774,5.121236,2.4731615
1714,2.2327652,0.0810315,-0.12385069,0.38750678,0.6231365203857422,0.2917584,2.85487,2.7841926
1715,2.4512818,0.010446947,-0.35552904,0.43927038,0.42987868189811707,0.2752536,2.2121873,2.2928329
1716,2.26286,-0.05697241,-0.13591278,0.4686032,0.7226143479347229,0.26096362,3.2696114,2.6519349
1717,2.1694977,0.009169374,-0.2189611,0.4452238,0.8452038168907166,0.17364788,4.508884,2.1370294
1718,2.272923,-0.048425056,-0.20440118,0.4882924,0.85,0.14523606,2.9712567,1.3320059
1719,2.3552434,-0.08042537,-0.35650578,0.4412836,0.7062627673149109,0.27323356,3.4419942,2.783286
1720,2.2418523,0.06054601,-0.14937991,0.426623,0.8247581124305725,0.20770267,2.8497386,2.101741
1721,2.1379545,-0.032905728,-0.13149236,0.47238028,0.765470027923584,0.25097683,5.7893457,2.8817585
1722,2.3814476,0.08169176,-0.3521185,0.3921258,0.33409154415130615,0.26935485,2.4022715,2.6699302
1723,2.2235591,-0.05006837,-0.16826801,0.461876,0.8012770414352417,0.23047158,3.6965678,2.753019
1724,2.2462788,0.035808228,-0.20801696,0.39627057,0.7742934823036194,0.224192,3.2281444,2.5778136
1725,2.1861887,0.024883542,-0.25834674,0.56375754,0.7810448408126831,0.23763855,4.9565616,2.703775
1726,2.2345283,-0.050426226,-0.077817895,0.523168,0.811603844165802,0.17676258,3.1038995,2.2716177
1727,2.1592908,0.03709687,-0.28656217,0.4208453,0.6516620516777039,0.33163363,7.4711137,2.8397849
1728,2.2332804,-0.010691977,-0.27311873,0.45530185,0.8085482716560364,0.24306433,4.2076735,2.8840191
1729,2.167608,0.026975393,-0.19699769,0.47211465,0.7790389060974121,0.22497125,4.3874326,2.2077305
1730,2.3181553,0.011961323,-0.2627438,0.4769052,0.6434475779533386,0.26849163,2.6835122,2.1760561
1731,2.3010588,-0.015299496,-0.23733307,0.52309257,0.6719003319740295,0.26564604,2.693361,2.541094
1732,2.2588627,-0.0028272462,-0.2511852,0.5058828,0.7638798952102661,0.25843677,3.3871083,2.7272274
1733,2.3810778,-0.08488191,-0.31024572,0.5454811,0.643504798412323,0.24180219,2.4442723,2.0458622
1734,2.2480228,-0.018875722,-0.27807882,0.5418472,0.7581338882446289,0.22673413,3.741155,2.125802
1735,2.2684035,0.0035726486,-0.21835893,0.47380054,0.7199087738990784,0.23838411,2.7882915,2.1289034
1736,2.3277998,-0.08230916,-0.2225383,0.60091704,0.6523730754852295,0.26520517,2.7424767,2.453142
1737,2.3165736,0.008062485,-0.307233,0.5312794,0.638333261013031,0.28712678,2.7802122,2.8555098
1738,2.2019465,-0.032767985,-0.19962694,0.426789,0.8300687670707703,0.23415864,4.5281715,2.7902362
1739,2.4076009,-0.088179596,-0.54864645,0.64590967,0.687859833240509,0.30419955,3.818167,2.884842
1740,2.2513778,-0.087186724,-0.24653919,0.49245137,0.8212401866912842,0.20775385,4.4159184,2.519993
1741,2.2116265,-0.03017183,-0.13991274,0.4666945,0.7539550065994263,0.24636152,3.8462832,2.511818
1742,2.2662642,-0.056410324,-0.2681873,0.36869845,0.8243622779846191,0.21524343,4.052325,2.5116792
1743,2.2839491,0.009066329,-0.09539588,0.53154886,0.5988175272941589,0.25684723,2.153629,1.5833362
1744,2.3245175,-0.054284234,-0.28536302,0.4106371,0.7023500204086304,0.27958235,3.1713758,2.7502303
1745,2.1482306,0.055308368,-0.15325364,0.436928,0.72071772813797,0.23932542,4.453554,2.917789
1746,2.3185387,0.0359415,-0.2559091,0.46828023,0.6725153923034668,0.22073925,2.5906875,2.2176833
1747,2.2613466,0.06361798,-0.18791592,0.4499795,0.8410062193870544,0.09991507,2.24845,1.234923
1748,2.332259,0.006735692,-0.20962991,0.52987003,0.5390834212303162,0.25432745,2.29821,2.4415085
1749,2.1057756,0.031509537,-0.24945416,0.44131988,0.7519214153289795,0.2907197,8.646084,2.1203344
1750,2.251413,-0.12867302,-0.14136238,0.47533578,0.6745843887329102,0.29805207,3.812323,2.679051
1751,2.3934598,0.031458322,-0.2716473,0.41082555,0.39322349429130554,0.16436006,2.0714798,1.3755256
1752,2.1623785,0.070311226,-0.13567653,0.5001879,0.7249051332473755,0.2721602,3.522165,2.3997617
1753,2.2946975,-0.06282307,-0.27487707,0.49775237,0.8031076788902283,0.21935447,3.2357974,2.7360158
1754,2.3058612,-0.04599593,-0.26015368,0.5326923,0.705466091632843,0.24714538,2.941433,2.1181493
1755,2.1150742,0.090079054,-0.123321064,0.34151873,0.85,0.17277385,4.543485,2.3756008
1756,2.3665962,-0.01975672,-0.26740506,0.51766366,0.7764792442321777,0.17670956,2.2123592,1.6295888
1757,2.1837156,-0.0218684,-0.20705971,0.48139593,0.8165650367736816,0.21166289,4.3767443,2.239651
1758,2.2576735,-0.008619579,-0.25219414,0.44279936,0.8289696574211121,0.19908977,3.6112268,2.354491
1759,2.1981845,-0.0042583114,-0.24762994,0.49283004,0.8070135712623596,0.24159122,4.5093412,2.3264184
1760,2.4280655,-0.03317795,-0.28501552,0.5059998,-0.11037414520978928,0.3099687,1.9749693,2.4644
1761,2.337119,-0.066766135,-0.15034993,0.60856366,0.611159086227417,0.21323985,2.1771135,1.728537
1762,2.3504305,-0.053009234,-0.3397826,0.5827994,0.7289801239967346,0.24535966,2.8689568,2.0236413
1763,2.1911147,0.033995382,-0.28512877,0.51828104,0.7565777897834778,0.25047362,4.766163,2.7831283
1764,2.2254221,0.002858093,-0.34898612,0.6285969,0.8186229467391968,0.22446802,4.3596263,2.6866581
1765,2.1693802,0.033457875,-0.2088411,0.3552397,0.809975266456604,0.22969952,4.81464,2.8081577
1766,2.3564308,0.01679564,-0.30113354,0.36219087,0.6955885291099548,0.20290229,2.3933687,1.5302633
1767,2.2460067,0.047461458,-0.24076012,0.55535173,0.7401691675186157,0.18368778,2.5309422,1.8003119
1768,2.2739174,-0.066848196,-0.25514588,0.53055674,0.7601237297058105,0.21016988,3.0793586,1.6559165
1769,2.203113,0.09199101,-0.2582091,0.40126666,0.8069209456443787,0.22259282,4.0912595,2.8233714
1770,2.1434832,0.0055451705,-0.17611921,0.5130351,0.7147185802459717,0.27582142,5.0578613,2.920801
1771,2.313558,0.0043744654,-0.26338413,0.35836077,0.7770722508430481,0.22384365,2.570229,2.6912353
1772,2.2468383,-0.024473388,-0.28776097,0.5069208,0.7871836423873901,0.20833413,3.7954228,2.2661145
1773,2.1803033,0.058941945,-0.24442601,0.44523337,0.7601396441459656,0.2553292,4.725117,2.7773807
1774,2.1569948,0.04424046,-0.25333944,0.5685822,0.85,0.18710619,4.55156,1.7723318
1775,2.2483475,0.0073796352,-0.26863953,0.5358386,0.7217855453491211,0.2512698,3.612549,2.2057571
1776,2.2726746,-0.016628955,-0.2639047,0.46490183,0.7102895379066467,0.2580751,3.434889,2.5037923
1777,2.31714,-0.06255867,-0.26571336,0.51617193,0.6419757008552551,0.2616886,3.0234258,1.6907519
1778,2.2043066,-0.007953615,-0.23234737,0.4622562,0.789054811000824,0.20315126,4.2520666,1.6974232
1779,2.367159,-0.1054688,-0.22360452,0.5586133,0.4628523886203766,0.25469738,2.440525,2.1655865
1780,2.2615175,-0.03852184,-0.18240441,0.3571076,0.8228023052215576,0.18120189,3.433276,1.6347814
1781,2.4134407,-0.0522073,-0.33243164,0.6254472,0.26784834265708923,0.3222967,2.3819046,2.7754624
1782,2.3034306,-0.11243148,-0.31409937,0.516587,0.6651013493537903,0.27733657,3.8778,2.7068853
1783,2.383562,-0.12622844,-0.30268535,0.39519498,0.7409818172454834,0.25462952,2.8732853,2.6941037
1784,2.3094907,-0.0042362763,-0.33864555,0.47825187,0.7827576994895935,0.21235806,3.13421,2.487307
1785,2.3395417,-0.1581331,-0.31073487,0.47774056,0.7730966806411743,0.2288798,3.8086963,2.7314482
1786,2.268263,-0.12094817,-0.16116546,0.5223486,0.7624228596687317,0.23057412,3.5079205,2.2200031
1787,2.1803157,-0.020009488,-0.3077936,0.44231448,0.7300108075141907,0.2818087,8.314343,2.479006
1788,2.282447,0.09939909,-0.27402785,0.34809077,0.7385668158531189,0.25308332,3.0287044,2.7278726
1789,2.2765079,-0.017272541,-0.34719175,0.4645311,0.7975707054138184,0.23535553,3.805437,2.765134
1790,2.3404348,-0.08501071,-0.21235539,0.4932296,0.6653773188591003,0.23095363,2.4008932,1.6055597
1791,2.2809424,-0.11603316,-0.2602375,0.60315204,0.8236849308013916,0.23820013,3.7045515,2.5938077
1792,2.2761285,-0.09041424,-0.18055037,0.45488936,0.6224945783615112,0.32402033,3.3801215,2.8893983
1793,2.4027247,0.010949721,-0.25797346,0.41328955,0.4434092044830322,0.28232995,2.211479,2.8932843
1794,2.3121731,-0.09021972,-0.3080828,0.51883906,0.7620970606803894,0.234867,3.6171248,2.0415213
1795,2.4115503,-0.115879655,-0.3669517,0.36988023,0.7244786024093628,0.25656417,3.024145,2.5227454
1796,2.1987474,0.044390727,-0.20511931,0.5322774,0.6805617213249207,0.27818254,3.9386795,2.6962059
1797,2.2725239,0.010141135,-0.26660213,0.413881,0.8147068619728088,0.21216892,3.4487867,2.0844913
1798,2.2155187,-0.010463226,-0.25042945,0.4229839,0.708991527557373,0.25096408,4.6056643,1.8173842
1799,2.2617238,0.011792481,-0.28529453,0.42658076,0.7784504294395447,0.23369433,3.8338313,2.5780485
1800,2.270576,-0.056533482,-0.33911076,0.5178346,0.7101402878761292,0.266518,4.573581,2.2515595
1801,2.075834,0.0192929,-0.24370481,0.50291616,0.7104898691177368,0.3330879,12.334268,2.351962
1802,2.1414545,-0.058921024,-0.21315032,0.39299357,0.811841607093811,0.2572071,9.042708,2.5500648
1803,2.2787924,-0.00035383485,-0.31354386,0.5361462,0.7955866456031799,0.22620718,3.1836677,2.5375557
1804,2.3521466,-0.021334417,-0.2724529,0.41027144,0.6016789674758911,0.2643614,2.6639912,2.6592414
1805,2.3163297,-0.05845856,-0.24666098,0.4336868,0.661308765411377,0.29090285,3.1841474,2.474062
1806,2.281913,0.15748969,-0.19042785,0.3769125,0.7029939889907837,0.1673366,2.350237,1.2709188
1807,2.3304641,-0.06365151,-0.19771932,0.44454834,0.6032207012176514,0.282474,2.677871,2.2663846
1808,2.3719823,0.09292906,-0.26715913,0.4007861,0.5417001843452454,0.15999663,1.9179472,1.5148859
1809,2.4305012,-0.086991824,-0.3503356,0.45219874,0.5534461140632629,0.24723062,2.557811,2.392574
1810,2.193892,-0.07623346,-0.25893173,0.5076827,0.7929904460906982,0.25432166,6.312072,2.6442356
1811,2.3740962,-0.15374789,-0.16913936,0.4811714,0.6225610375404358,0.19819614,2.3935623,1.2690517
1812,2.2609706,-0.033735286,-0.20863928,0.52806544,0.7768921256065369,0.23881951,3.242294,2.2820485
1813,2.1359293,-0.0017968175,-0.26404166,0.51627105,0.7175489068031311,0.29350513,9.220731,2.683336
1814,2.3327296,-0.030406918,-0.25427118,0.38147593,0.6970189809799194,0.23404913,2.705101,2.5318625
1815,2.3025174,-0.13608612,-0.25445896,0.47782144,0.7753306031227112,0.22255047,3.8450117,2.3678088
1816,2.1884851,-0.045147177,-0.1874616,0.6086268,0.8217222690582275,0.23371638,4.360708,2.7373798
1817,2.245894,-0.04168219,-0.25193787,0.54801995,0.7797329425811768,0.22424413,3.9627745,1.9241083
1818,2.3461835,-0.01756241,-0.27614805,0.52416444,0.7112165093421936,0.1767896,2.346001,1.9605701
1819,2.230217,-0.00027685866,-0.19792624,0.45974395,0.736356794834137,0.23464197,3.6392949,2.13496
1820,2.1914105,0.012430424,-0.14618509,0.5259646,0.816385805606842,0.22057751,3.6577947,2.2023692
1821,2.2763238,-0.10098298,-0.21841985,0.5935411,0.7551610469818115,0.25126913,3.1940033,2.5184114
1822,2.2056215,-0.10603513,-0.18673982,0.673121,0.7450749278068542,0.26216495,4.7015405,2.8047178
1823,2.3152716,-0.097878836,-0.23378874,0.4617708,0.7243469953536987,0.26062927,3.3193443,2.1970763
1824,2.2116206,-0.05792811,-0.18555261,0.42341343,0.7762535810470581,0.229305,4.294545,2.210547
1825,2.3765693,-0.093858786,-0.26594082,0.5748199,0.5347161293029785,0.23280059,2.371802,2.065359
1826,2.421184,-0.07199068,-0.28976762,0.5093306,0.6049400568008423,0.23180981,2.286941,1.9900135
1827,2.2048442,0.07568891,-0.28425604,0.56184,0.8391876816749573,0.2121188,4.1047645,2.3645544
1828,2.3109963,0.0026777377,-0.37168303,0.5841294,0.7370527982711792,0.25934383,3.1758354,2.642887
1829,2.1860836,0.070997514,-0.27149385,0.51412505,0.8358932137489319,0.1739298,4.0356693,2.1945522
1830,2.3949704,0.0020307107,-0.28038225,0.43712786,0.5985167026519775,0.19148244,2.193113,1.5124868
1831,2.2922866,-0.038136635,-0.18816836,0.5181951,0.5939217805862427,0.27087888,2.941037,2.071923
1832,2.3295255,-0.09279677,-0.27389756,0.5147599,0.6664937138557434,0.287812,3.1043246,2.6695745
1833,2.159111,0.019444704,-0.22695708,0.45187753,0.8198143839836121,0.23712239,5.5537715,2.661782
1834,2.2818282,0.069333866,-0.18598287,0.45039108,0.5359169244766235,0.28574994,2.2791567,2.4076905
1835,2.2179768,-0.03503759,-0.14147416,0.5025599,0.6306544542312622,0.2942687,3.6793015,2.489703
1836,2.343427,-0.15391727,-0.17155741,0.44965965,0.7649645209312439,0.23704465,2.7010317,2.6179347
1837,2.2454722,0.05261285,-0.21144927,0.42312393,0.7514398694038391,0.24202114,3.0821981,2.351167
1838,2.3333526,0.009065925,-0.22005787,0.4771833,0.5750765204429626,0.25507295,2.4434524,2.282844
1839,2.2960417,-0.07842864,-0.31035808,0.49607998,0.745557963848114,0.24884775,4.059514,2.500554
1840,2.1894724,-0.021417046,-0.24279325,0.51456463,0.7083898782730103,0.27667138,5.5449405,2.675914
1841,2.3740697,-0.006516745,-0.28845194,0.4859946,0.34564414620399475,0.3087893,2.389562,2.848276
1842,2.3029099,-0.0732991,-0.3106375,0.5948966,0.7288001775741577,0.24690439,3.4917276,2.3223307
1843,2.3225374,-0.005035567,-0.2472174,0.507446,0.6853293180465698,0.20669496,2.4686368,1.5962759
1844,2.209714,0.0505583,-0.15930945,0.46181735,0.6545661687850952,0.27901375,3.17886,2.768642
1845,2.3853245,-0.029784368,-0.33483994,0.46027154,0.6181726455688477,0.27040225,2.6058557,2.5428343
1846,2.2382383,0.008521174,-0.29608268,0.5374825,0.8455131649971008,0.21172372,3.879959,2.5553997
1847,2.3281898,0.013284697,-0.16500708,0.5054094,0.5355978012084961,0.25835896,2.1656613,2.583232
1848,2.4290175,-0.09187459,-0.3904918,0.60659933,0.6922107338905334,0.2052809,2.2496057,1.9148537
1849,2.3502548,-0.035365134,-0.228644,0.4712283,0.49219220876693726,0.27142787,2.4270437,2.167525
1850,2.162831,0.00044627936,-0.22993396,0.42948735,0.8095008134841919,0.20838107,5.821251,2.5762768
1851,2.2863586,0.01710938,-0.33488044,0.4985485,0.7209721207618713,0.25427005,3.5033178,2.591652
1852,2.2279491,-0.054384995,-0.19770493,0.50509936,0.7317478656768799,0.26292425,3.7111976,2.7913978
1853,2.276036,-0.029991629,-0.22277097,0.43341827,0.774631142616272,0.23402901,3.3432515,2.0719078
1854,2.200654,0.052271783,-0.19960263,0.39476398,0.747394323348999,0.2732265,3.5467744,2.9003007
1855,2.2970963,0.033835553,-0.14826295,0.35210928,0.36991992592811584,0.21901822,2.245361,1.701906
1856,2.1747267,-0.018675912,-0.19879088,0.50915563,0.7572228908538818,0.24601309,5.01612,2.8040738
1857,2.2763903,0.008696338,-0.33489385,0.44778794,0.8002672791481018,0.20882857,3.6171343,2.0488808
1858,2.2838292,-0.052764315,-0.27089974,0.541577,0.7353549599647522,0.25152376,3.5386512,2.5943494
1859,2.1987224,-0.15864024,-0.25131375,0.53627115,0.8132412433624268,0.24107493,7.6930556,2.7187998
1860,2.1868837,0.047964342,-0.19839862,0.4263226,0.6627878546714783,0.2809317,4.1382685,2.6619337
1861,2.2518234,0.04675152,-0.18105265,0.3674901,0.7394531965255737,0.2441952,2.9893737,2.0183663
1862,2.2847059,-0.07773178,-0.27102748,0.37795967,0.7335554957389832,0.24525066,3.6390975,2.8425133
1863,2.1952357,-0.01390364,-0.20545612,0.49308667,0.7605058550834656,0.26568857,4.5333824,2.6879797
1864,2.1991892,0.09010115,-0.23471607,0.4682391,0.691571056842804,0.27862403,3.517862,2.3924122
1865,2.2185671,-0.00020920445,-0.25243732,0.5816209,0.6725957989692688,0.28691205,3.8906043,2.5673766
1866,2.2848632,0.04721865,-0.24927402,0.389674,0.7764977812767029,0.21525006,2.538091,1.4487936
1867,2.2684212,-0.05812645,-0.3357488,0.53540707,0.738802433013916,0.25900865,4.2084785,2.890945
1868,2.3050773,-0.020117499,-0.27483296,0.6347859,0.7883884906768799,0.2501549,2.5607092,2.7867365
1869,2.2339048,-0.045770083,-0.24205105,0.5032348,0.7597042918205261,0.24983726,4.209196,2.2965403
1870,2.2121944,0.1969816,-0.18830179,0.4128037,0.6303052306175232,0.28339416,2.785927,2.6111302
1871,2.1918213,-0.053918023,-0.15036862,0.42767447,0.7805566191673279,0.23751673,4.6498003,2.5677967
1872,2.3183591,-0.058427166,-0.29102117,0.43748373,0.8070427179336548,0.20420301,3.133895,1.6638985
1873,2.2374556,0.0052200174,-0.2522338,0.37709662,0.8265255689620972,0.20799787,3.9457936,2.4743674
1874,2.2430604,-0.059479196,-0.27042514,0.60724896,0.8238794207572937,0.21858463,4.08638,2.5558777
1875,2.0894797,0.04284206,-0.16420616,0.4708522,0.8399071097373962,0.21236722,5.995228,1.9073908
1876,2.2824683,0.009444498,-0.23060302,0.44239995,0.7875601649284363,0.22705851,2.8279536,2.4457254
1877,2.2321007,0.035826568,-0.32496887,0.43602398,0.7463998198509216,0.23613831,4.1611967,2.743332
1878,2.2310586,-0.029802404,-0.16689484,0.3742665,0.7093034982681274,0.25851658,3.685295,2.4098685
1879,2.2309303,-0.035473302,-0.27856833,0.43549728,0.7736010551452637,0.22676796,4.6287594,2.5196576
1880,2.202473,-0.053828187,-0.2569476,0.504511,0.7010126113891602,0.28368133,5.4695044,2.7963214
1881,2.3205588,-0.0066864663,-0.30083215,0.4453283,0.78994220495224,0.214437,2.9864185,2.179131
1882,2.3458467,-0.07569938,-0.32125267,0.63230336,0.8479214906692505,0.18287091,2.955506,1.7735716
1883,2.1900933,0.012847681,-0.17814898,0.47846743,0.769202709197998,0.25202268,3.7364283,2.5146253
1884,2.2505317,-0.017779704,-0.16130711,0.37860483,0.7442212104797363,0.2620518,3.120001,2.7411432
1885,2.257642,0.020903233,-0.31722844,0.37671062,0.7940478920936584,0.23624632,3.9789777,2.4920409
1886,2.168799,0.00352068,-0.28041315,0.59471107,0.7432261109352112,0.25612924,5.7156076,2.117956
1887,2.2585597,-0.115274586,-0.07552392,0.44662413,0.7484468221664429,0.24873333,3.3216493,2.6147954
1888,2.3766556,-0.121329464,-0.28465995,0.44171372,0.67875736951828,0.2702905,3.0842857,2.6520727
1889,2.3245406,-0.025510829,-0.26053733,0.3677284,0.5301086902618408,0.31157073,2.9834785,1.9557793
1890,2.261844,0.06721326,-0.19234772,0.3499928,0.7054579257965088,0.2546046,3.2036905,2.3213391
1891,2.178777,-0.1151525,-0.29849443,0.63798314,0.6847387552261353,0.30654037,7.53762,1.8786446
1892,2.186126,-0.049102098,-0.19139998,0.37301502,0.7221211791038513,0.25822628,5.9946346,2.1565313
1893,2.172574,0.0018611146,-0.123260155,0.3263354,0.8470935821533203,0.19066949,4.553095,2.079425
1894,2.332913,-0.16923416,-0.32925332,0.5233458,0.6905992031097412,0.27897364,4.1701336,2.7492979
1895,2.308643,-0.14467633,-0.2501383,0.58118504,0.8424077033996582,0.20163,3.114908,2.461806
1896,2.4301963,-0.007898897,-0.32152224,0.44202787,0.42631369829177856,0.18927324,2.224378,1.9885477
1897,2.3049045,-0.026206637,-0.26091924,0.5261474,0.6371838450431824,0.28505194,3.0528166,2.4065502
1898,2.2802968,-0.06550722,-0.19839156,0.41774437,0.7805269956588745,0.23959023,3.2818081,2.87689
1899,2.3980792,0.07399829,-0.29454157,0.43344626,0.32880899310112,0.21651934,2.205724,2.2414854
1900,2.3233812,-0.03774917,-0.12846287,0.5495137,0.7757219672203064,0.14377317,2.0815816,1.4608327
1901,2.2312467,0.011679222,-0.28416649,0.42363334,0.85,0.1914533,3.7590687,1.7558688
1902,2.1217606,-0.0091744885,-0.10935439,0.4853526,0.797204852104187,0.23045345,5.264346,1.787537
1903,2.0769408,0.047636718,-0.2649462,0.5559469,0.7210845947265625,0.33479866,11.741014,2.8433034
1904,2.2138617,-0.0067485804,-0.2602049,0.6074292,0.7781243324279785,0.23808566,4.1072307,2.530882
1905,2.54436,-0.09896023,-0.4326907,0.49831492,0.6400657892227173,0.19374311,2.0410278,1.5483676
1906,2.2745066,-0.015276149,-0.19776133,0.36799887,0.7254728674888611,0.23447168,3.1029816,2.0541353
1907,2.1763995,-0.04165099,-0.16142322,0.44562128,0.8179180026054382,0.20302282,5.176928,2.3772597
1908,2.2705786,0.045186207,-0.060167946,0.31328648,0.6335064172744751,0.22972162,2.1528604,2.33135
1909,2.3911684,-0.098647386,-0.2967822,0.5381947,0.5557835102081299,0.34493417,2.5269315,2.4339375
1910,2.3433404,-0.16893707,-0.21298376,0.47466546,0.7786601781845093,0.24720028,3.3602867,2.1861823
1911,2.3246756,-0.11717372,-0.21533589,0.5929883,0.46478816866874695,0.39141366,3.2418125,2.530085
1912,2.1334248,0.018383741,-0.20825927,0.40291098,0.8322666883468628,0.23309603,7.2250047,2.1701493
1913,2.2757657,-0.07429232,-0.27551666,0.5298291,0.8344026803970337,0.22861953,4.132194,2.8030849
1914,2.246852,-0.06695343,-0.17921306,0.40727234,0.7960238456726074,0.22126912,3.0915601,2.1223402
1915,2.2653956,0.046220906,-0.21519129,0.42178348,0.8022585511207581,0.22177671,2.8914087,2.5117586
1916,2.385416,-0.023109565,-0.25719085,0.37584564,0.37255269289016724,0.24194187,2.3789287,1.8074735
1917,2.2767982,0.03843481,-0.25637007,0.48492232,0.5730719566345215,0.28486308,3.3220775,2.1954587
1918,2.1860244,0.12435106,-0.18504982,0.5162399,0.6547755002975464,0.29737544,2.9174788,2.5661473
1919,2.1909792,0.06597188,-0.14233443,0.4359431,0.8189035058021545,0.20253317,3.35944,2.381368
1920,2.2320657,-0.053845692,-0.23555474,0.52649873,0.7989863753318787,0.18851563,3.5446355,2.7242248
1921,2.3171625,-0.026607258,-0.39205348,0.3057702,0.85,0.21136642,3.9558876,2.4069881
1922,2.3431947,-0.09984024,-0.42838895,0.40572673,0.7358717322349548,0.26379448,4.088409,2.4108377
1923,2.2127566,-0.021328276,-0.17746937,0.4976131,0.7300472855567932,0.24430785,3.8955476,2.3743348
1924,2.2374067,-0.025434544,-0.17140447,0.43265823,0.7611016035079956,0.23009355,3.6789494,2.0488274
1925,2.29389,0.0038428747,-0.33748034,0.38436222,0.85,0.13179895,3.705793,1.7209965
1926,2.3149068,-0.0010103793,-0.3156016,0.52948356,0.6903486251831055,0.27916387,3.1112413,2.6551502
1927,2.1955135,-0.09017709,-0.22026224,0.41041422,0.7954672574996948,0.23696181,5.924073,2.899755
1928,2.3593118,-0.053493362,-0.2761644,0.48426273,0.6353834271430969,0.24659385,2.718079,2.095621
1929,2.1964746,0.16812474,-0.20356473,0.3694859,0.7453635334968567,0.24382477,2.8987117,2.1569421
1930,2.379987,-0.11924515,-0.28681666,0.4710671,0.7956375479698181,0.21127076,2.6083014,2.6103892
1931,2.2325237,-0.045634046,-0.28933838,0.51025736,0.7727805376052856,0.23728733,4.528941,2.4891028
1932,2.2712808,0.08509285,-0.23285908,0.4325657,0.7400148510932922,0.22230458,2.7691813,1.9438376
1933,2.2394772,0.08494736,-0.11318001,0.53432894,0.43529486656188965,0.22150815,2.3361688,1.7046885
1934,2.3208895,-0.111742474,-0.24936473,0.40919536,0.768107533454895,0.25131094,3.486532,2.3715475
1935,2.3081362,-0.04384175,-0.18649848,0.4887111,0.8000460267066956,0.16858076,2.1530187,1.5811045
1936,2.179848,0.0009851127,-0.27328357,0.4445759,0.7074949741363525,0.29976368,5.708483,2.786793
1937,2.227676,0.076664485,-0.3221532,0.44251046,0.8382389545440674,0.20455115,3.8204556,2.2012484
1938,2.1890347,-0.045152325,-0.16086818,0.580448,0.7250310778617859,0.27766138,4.2173724,2.5679994
1939,2.255493,-0.035495754,-0.2710047,0.43471017,0.7269771099090576,0.29623622,4.417796,2.911654
1940,2.3375447,0.032497834,-0.21795522,0.5061129,0.5154424905776978,0.23867372,2.3198075,1.764922
1941,2.2446897,-0.0070815207,-0.2597422,0.5464253,0.8104174733161926,0.21439679,3.6477802,2.658867
1942,2.2159781,-0.12761477,-0.2246779,0.5242204,0.85,0.20430282,5.205111,2.4198768
1943,2.1124167,0.1335299,-0.14975032,0.38906273,0.6334207653999329,0.3031829,4.7748775,2.735621
1944,2.2462518,-0.028558003,-0.116820574,0.45083815,0.7811563014984131,0.24301961,2.924071,2.5793078
1945,2.3730912,0.021982644,-0.31328583,0.39345863,0.5835493206977844,0.2433001,2.6750247,1.7610093
1946,2.1733127,-0.08222478,-0.2041906,0.4990936,0.7082886695861816,0.26873758,5.8847766,1.9504745
1947,2.2477732,-0.07249075,-0.34065422,0.48826548,0.8480148315429688,0.20576076,5.4906483,2.5617275
1948,2.1975412,0.04521533,-0.1821468,0.40258023,0.8167828917503357,0.23991936,3.8109527,2.6485739
1949,2.3162937,0.09185384,-0.36449695,0.42922541,0.6395628452301025,0.2790592,2.9063768,2.576114
1950,2.2930303,-0.0011217826,-0.3481795,0.37103626,0.7482423782348633,0.26004955,3.9276955,2.6840117
1951,2.2285688,-0.035727855,-0.16752988,0.32708913,0.8337127566337585,0.19775754,4.0929513,2.4247253
1952,2.2274122,-0.03805349,-0.26200914,0.5401129,0.7428986430168152,0.26293784,4.3949766,2.3287334
1953,2.3085926,-0.016693776,-0.20192128,0.3891428,0.7192344665527344,0.19240934,2.5992785,1.7609465
1954,2.223314,-0.15007168,-0.29508603,0.4325842,0.7544881105422974,0.28279814,8.364116,2.648195
1955,2.2045145,-0.044485517,-0.16809271,0.42319247,0.798331618309021,0.22031575,4.631539,2.0621302
1956,2.2585464,-0.014779363,-0.20810983,0.54678404,0.704926073551178,0.26883298,3.017144,2.4409137
1957,2.1620572,-0.011903096,-0.21576604,0.4223833,0.751515805721283,0.25153142,6.1903634,2.7811177
1958,2.4727054,-0.07446479,-0.29413176,0.43077695,0.7536143064498901,0.1655471,2.0394983,2.3217282
1959,2.1342244,-0.031580288,-0.20312285,0.56432647,0.8019365668296814,0.22803292,6.04838,2.0906737
1960,2.3336117,0.057035223,-0.3141264,0.45400313,0.6639061570167542,0.22670475,2.5244863,1.5811534
1961,2.1043909,-0.03980702,-0.16288266,0.5600777,0.7434960603713989,0.28650537,7.278073,2.3351583
1962,2.2927601,-0.025280228,-0.12090712,0.32858908,0.7905266284942627,0.20921391,2.6346002,2.275307
1963,2.2507887,-0.07526501,-0.22837333,0.5174336,0.7465844750404358,0.25287712,4.1008043,2.655992
1964,2.3436213,0.07287395,-0.29451677,0.4671319,0.7680347561836243,0.117214285,2.0615954,1.2014327
1965,2.39754,-0.2611083,-0.27692083,0.55521774,0.742226243019104,0.2440691,2.9383934,2.2710502
1966,2.3678558,-0.23943542,-0.21556233,0.42498058,0.714845597743988,0.26459995,3.7771509,2.72807
1967,2.1183662,0.033263996,-0.103932604,0.5954415,0.7103388905525208,0.2665092,4.469038,2.4353328
1968,2.2312992,-0.16921313,-0.18123296,0.5202876,0.801887571811676,0.22344527,4.6916285,2.5109653
1969,2.1420398,-0.06639254,-0.2773465,0.5215043,0.85,0.2694656,10.263241,2.1458738
1970,2.225625,0.011388426,-0.23734534,0.45817667,0.85,0.1462286,3.4114833,1.9718784
1971,2.2595255,0.07668501,-0.26495343,0.38394737,0.735104501247406,0.24547905,3.3394752,2.4991112
1972,2.3534203,-0.04521132,-0.20741014,0.471784,0.437280535697937,0.32022166,2.3732297,2.6686018
1973,2.244216,-0.10159834,-0.27410474,0.54628944,0.7267543077468872,0.25166094,4.750282,2.8527443
1974,2.355829,-0.097741045,-0.28179777,0.45750883,0.8199062943458557,0.1887242,2.856597,1.5270596
1975,2.2588441,-0.055956483,-0.2510568,0.5731092,0.7527846097946167,0.24371426,3.8003037,2.396393
1976,2.2643316,-0.033008892,-0.331155,0.45406342,0.8276893496513367,0.22969997,4.1718397,2.4096007
1977,2.203772,-0.12574227,-0.17991278,0.43311808,0.8077242374420166,0.22533655,5.2530766,2.369574
1978,2.3205483,0.05610252,-0.3502792,0.41985628,0.6405858397483826,0.24338783,3.0409586,2.3255284
1979,2.187885,0.031159166,-0.14602405,0.418443,0.85,0.1868212,3.322348,2.8968349
1980,2.2865143,-0.15541956,-0.2521995,0.556777,0.8212444186210632,0.2104516,4.082887,2.6790528
1981,2.2600222,0.012646378,-0.20624757,0.36058334,0.85,0.18686852,3.170672,2.3848593
1982,2.2271793,-0.056595847,-0.20833667,0.4536787,0.7649787664413452,0.22483635,4.057971,2.7783265
1983,2.123001,0.06704462,-0.15545747,0.65915346,0.7859374284744263,0.2240048,4.025504,2.0131075
1984,2.2202194,0.093616426,-0.2328066,0.5005449,0.85,0.18787575,3.190976,2.0201628
1985,2.255689,-0.012440645,-0.15411182,0.4708783,0.7307263612747192,0.2446334,2.975287,2.810261
1986,2.341825,-0.09186044,-0.3130495,0.41550443,0.7474702000617981,0.2288797,3.3740563,2.475815
1987,2.2312484,-0.046903268,-0.300278,0.5277211,0.8304814696311951,0.19679081,4.629913,2.3499534
1988,2.2368279,-0.062414914,-0.16012515,0.46513683,0.8148833513259888,0.19913785,3.5951912,2.040493
1989,2.1204147,0.08584328,-0.1231721,0.45821413,0.8014152646064758,0.2204845,4.500048,1.9939657
1990,2.2540948,0.10956768,-0.12733203,0.26097134,0.5609949827194214,0.2873725,2.5823028,2.8337207
1991,2.358594,-0.10343007,-0.23439679,0.5978173,0.7055113315582275,0.2357503,2.5476596,2.259986
1992,2.2008286,0.10182588,-0.17243345,0.329164,0.626378059387207,0.29685035,3.5222173,2.7118912
1993,2.2432225,-0.09014404,-0.23401605,0.47474796,0.8474514484405518,0.20427257,4.284394,2.6562455
1994,2.2256103,-0.088889144,-0.19142245,0.530222,0.8291912078857422,0.22049534,4.289117,2.696584
1995,2.2586524,-0.13661262,-0.29013416,0.51932555,0.7905594706535339,0.24314275,5.143839,2.265789
1996,2.2807858,-0.15187871,-0.2076598,0.577157,0.7229586839675903,0.264661,3.891164,2.217551
1997,2.430551,-0.01442969,-0.25825053,0.59026927,0.3070075511932373,0.27697182,2.0935946,2.3660603
1998,2.224283,-0.12539649,-0.1599527,0.42971608,0.8209940791130066,0.21011524,4.5848784,2.0538652
1999,2.3060513,-0.04797893,-0.3257792,0.4800563,0.7400986552238464,0.25539505,3.4061255,2.8032293
2000,2.2796957,-0.079302564,-0.28594393,0.3573139,0.8176333904266357,0.2254377,3.7532058,2.3658738
2001,2.2273045,0.08413542,-0.2864196,0.5555894,0.8034720420837402,0.2391869,3.5366096,2.7315946
2002,2.3141427,-0.1009107,-0.23992583,0.5125241,0.7031885385513306,0.26527667,3.215681,2.4221315
2003,2.2565017,0.0040768175,-0.21733287,0.3759489,0.7673585414886475,0.2296502,3.4562397,1.8739016
2004,2.335422,-0.08383194,-0.29999736,0.5459983,0.7954540848731995,0.21594074,2.5260406,1.5955154
2005,2.279869,0.021718029,-0.16187192,0.45228264,0.6229642629623413,0.2613973,2.4469485,1.8631562
2006,2.2456458,-0.074507535,-0.17577177,0.42078015,0.8337297439575195,0.16954218,3.325276,2.1721168
2007,2.2756517,-0.04166236,-0.1320191,0.43581188,0.85,0.11289952,2.675639,1.4196653
2008,2.2814672,-0.050365012,-0.26273403,0.5425285,0.7367305159568787,0.24934652,3.1541164,2.3681705
2009,2.3288074,-0.07120245,-0.21746424,0.532289,0.6915125250816345,0.2380571,2.67917,2.0060732
2010,2.3223796,-0.1930645,-0.21037358,0.57574195,0.7755073308944702,0.22814696,3.2263455,2.2242618
2011,2.1523068,0.089081936,-0.20312011,0.45354632,0.7127026319503784,0.28899843,4.802697,2.7550154
2012,2.1923733,-0.03589686,-0.2006381,0.46334708,0.7537421584129333,0.2359673,4.2993627,2.7222254
2013,2.2304966,0.00034866363,-0.17758742,0.5415007,0.810836672782898,0.21409324,2.9668348,2.8812656
2014,2.2996836,-0.014057759,-0.3182517,0.46892542,0.7350735664367676,0.25078204,3.6351087,2.6056252
2015,2.3785124,0.06985711,-0.3480098,0.45568323,0.474336177110672,0.24040985,2.330609,2.286239
2016,2.365404,-0.113229,-0.23314524,0.59577775,0.7505635023117065,0.18629633,2.2776191,1.6636171
2017,2.3234596,0.065430954,-0.23702703,0.38016677,0.5291505455970764,0.27010405,2.4573684,2.2182872
2018,2.2383711,0.06506261,-0.30949625,0.44111386,0.8051552176475525,0.2395548,3.9244604,2.432197
2019,2.2221014,0.052313205,-0.2279175,0.5197528,0.85,0.12201974,2.9405692,1.4201188
2020,2.2822871,0.05270541,-0.21627717,0.43013787,0.7088640332221985,0.24663712,2.6265144,2.5743136
2021,2.2384727,-0.053815376,-0.080936685,0.5333343,0.6931763887405396,0.24647665,3.2031488,2.3081784
2022,2.3837726,-0.06612198,-0.34976417,0.40804887,0.7307127714157104,0.24201925,2.789868,1.6325613
2023,2.233119,-0.05415743,-0.19186273,0.46218646,0.7959824204444885,0.21880446,3.6384394,2.7173023
2024,2.459375,-0.0028716791,-0.3834187,0.37942046,0.3583938181400299,0.2935592,2.2061136,2.4049063
2025,2.18533,-0.07446224,-0.19268249,0.44579223,0.7197405695915222,0.28727984,6.099829,2.821855
2026,2.1150777,0.034822877,-0.2276597,0.33368373,0.788134753704071,0.274339,8.7492,2.018437
2027,2.3670385,-0.031984366,-0.33778182,0.47283232,0.8019449710845947,0.18958908,2.6581411,2.0036228
2028,2.3315191,-0.16320689,-0.30256546,0.5980269,0.7780553698539734,0.22590484,3.3960412,1.4645965
2029,2.2452967,0.03002148,-0.2270876,0.44372454,0.6660680770874023,0.2606475,3.385508,1.7237214
2030,2.4099686,-0.17944676,-0.3055805,0.5777312,0.784527599811554,0.22355005,2.517207,2.1831725
2031,2.3126903,0.19100335,-0.16411428,0.35178876,0.46463635563850403,0.20365004,2.090361,1.5810783
2032,2.2845476,-0.0863279,-0.2551999,0.48569754,0.846304178237915,0.17919204,3.5260928,2.2189658
2033,2.2337031,0.039332848,-0.14773943,0.20682873,0.7462199926376343,0.25700167,3.521604,2.5966809
2034,2.1943905,-0.0021162492,-0.2257709,0.39662153,0.8383880853652954,0.19422334,4.4387684,2.4680548
2035,2.171424,0.054946765,-0.24499062,0.40342763,0.7877589464187622,0.24407715,5.1726313,2.7262595
2036,2.4338589,-0.06784752,-0.2599742,0.3777784,0.357392281293869,0.2440064,2.2172143,1.8336846
2037,2.230226,-0.18471009,-0.19118361,0.53740025,0.7715897560119629,0.249688,5.604738,2.6462667
2038,2.1437612,0.14964758,-0.29041713,0.6258302,0.8108581304550171,0.2590764,4.482602,2.3764374
2039,2.2666798,-0.036770586,-0.24197155,0.5503838,0.706193208694458,0.24225678,3.3172448,1.8387067
2040,2.2635193,0.06705567,-0.27402198,0.4756497,0.85,0.13543938,2.7093406,1.5046967
2041,2.328677,-0.03702389,-0.20175423,0.51057297,0.4964964687824249,0.29117945,2.4817042,2.472595
2042,2.4044232,-0.05385306,-0.2806313,0.4692521,0.29659518599510193,0.31259155,2.4181137,2.1206172
2043,2.2181652,-0.018474415,-0.25726527,0.5908361,0.7923255562782288,0.22897382,4.1495337,2.2044427
2044,2.203573,-0.03937097,-0.22426212,0.43664113,0.7290129661560059,0.26213932,4.64687,2.5842803
2045,2.3766048,-0.10523835,-0.26386842,0.461279,0.5887848734855652,0.27514353,2.5818667,2.4945123
2046,2.306081,-0.028904606,-0.30218402,0.4480285,0.7770892381668091,0.21519776,3.5176215,1.7484059
2047,2.3186092,0.015539573,-0.20354636,0.2447687,0.682928740978241,0.26672456,2.8575342,2.0128758
2048,2.213001,-0.024900623,-0.237367,0.539685,0.742851972579956,0.24768291,4.241936,2.6026826
2049,2.3517225,0.044092212,-0.2815002,0.3823011,0.5881251096725464,0.23484063,2.5040421,2.4996624
2050,2.3265867,-0.0015414815,-0.23248877,0.46460897,0.7600455284118652,0.15449102,2.3063378,1.5329638
2051,2.250963,-0.04525463,-0.29415354,0.5903247,0.7236335873603821,0.25612676,4.150448,2.7844865
2052,2.3324502,-0.0332587,-0.2570433,0.44212726,0.5834327340126038,0.27290028,2.6162093,1.8304992
2053,2.2478492,0.006413316,-0.20630533,0.52576274,0.7453732490539551,0.23085009,3.0788252,2.307057
2054,2.2825618,-0.044171337,-0.27154323,0.4498926,0.8044669032096863,0.20938367,3.6252704,2.594586
2055,2.4147127,-0.17269659,-0.31472525,0.5778179,0.7505080103874207,0.23012449,2.6148186,2.1464646
2056,2.2083235,0.0036168306,-0.22134072,0.40380606,0.85,0.19568679,4.3417807,2.5390334
2057,2.3295472,-0.00791281,-0.21049576,0.43643337,0.7944742441177368,0.19241056,2.3261647,2.2048383
2058,2.266462,-0.07613151,-0.20352757,0.5474423,0.8081475496292114,0.20360352,3.4214773,1.9187098
2059,2.2439313,0.017733505,-0.16665529,0.5147107,0.6752222180366516,0.2953868,2.8174906,2.3815053
2060,2.4006042,-0.03937606,-0.34430638,0.4973801,0.4567922055721283,0.30186227,2.3558574,2.8058276
2061,2.428048,0.028596526,-0.29947984,0.43523556,0.42467501759529114,0.20145313,2.0929582,1.6730875
2062,2.212317,-0.02856092,-0.22172429,0.42533737,0.728002667427063,0.25200024,4.92889,2.5717328
2063,2.1887228,0.059687033,-0.13220108,0.38599372,0.7016278505325317,0.272931,3.5972185,2.872838
2064,2.1564465,-0.07013298,-0.08664443,0.47348365,0.7993425726890564,0.2502948,4.8706527,2.6070187
2065,2.3606331,-0.1568994,-0.26513067,0.5127568,0.677726686000824,0.29857254,3.3583925,2.6280663
2066,2.2956328,-0.058164977,-0.25363803,0.48233673,0.8369917869567871,0.1923772,3.303317,2.670197
2067,2.3228683,0.02132748,-0.23945108,0.3987443,0.592463493347168,0.2611858,2.5866253,2.674426
2068,2.228306,0.035191778,-0.2474359,0.503731,0.8283536434173584,0.21252048,3.4247303,2.2685015
2069,2.2168467,0.002253266,-0.22441609,0.36687547,0.8046521544456482,0.1914083,4.3040504,2.5796518
2070,2.225229,-0.07717623,-0.22610205,0.47985777,0.7894174456596375,0.23947488,4.2134614,2.283484
2071,2.2504501,-0.055039737,-0.14629556,0.4619499,0.7368164658546448,0.23993595,3.0721009,1.4651573
2072,2.2192752,0.021304734,-0.23159768,0.46096152,0.7617417573928833,0.2473816,3.840273,2.7567425
2073,2.3125885,0.04874023,-0.27302325,0.40055516,0.5520156025886536,0.30933294,2.8683481,2.5221934
2074,2.195444,0.04375521,-0.2737927,0.41334695,0.6781678199768066,0.27812806,5.1838307,2.8860288
2075,2.2716143,-0.05150591,-0.29246944,0.44501972,0.8150109648704529,0.20194507,3.8565154,2.3515146
2076,2.268334,0.005903453,-0.18716322,0.47506183,0.7608909010887146,0.2106717,2.5904288,1.6932768
2077,2.3595488,-0.0916263,-0.36797857,0.56300795,0.7742969393730164,0.22349003,2.8379858,2.0574923
2078,2.1713355,-0.024657965,-0.20185246,0.5119726,0.7894425988197327,0.22529586,5.3985233,2.70259
2079,2.2420619,0.010624302,-0.099163644,0.36059338,0.85,0.16057573,2.628961,1.6673104
2080,2.2146556,0.044448778,-0.21025454,0.3745809,0.773258626461029,0.2197962,3.9822347,2.6017425
2081,2.1734776,0.032655794,-0.19293131,0.4083595,0.8240530490875244,0.21870872,4.3139424,2.6830444
2082,2.381356,-0.007751015,-0.28393647,0.5800438,0.39172303676605225,0.25278172,2.3848186,1.8878194
2083,2.2399285,0.007958073,-0.16856915,0.47091803,0.726945698261261,0.26294282,3.299552,2.8200262
2084,2.1293113,0.16711815,-0.2319093,0.5831915,0.7620473504066467,0.27212265,3.9826472,2.7910204
2085,2.3262568,-0.1215125,-0.25938773,0.44805863,0.82506263256073,0.23128764,3.306422,2.5438836
2086,2.3974042,-0.19935563,-0.2802106,0.47800833,0.7245516777038574,0.245442,3.2364893,1.7690012
2087,2.2775543,0.12489429,-0.28096133,0.40557227,0.6697431206703186,0.26708496,2.8403244,2.4923484
2088,2.264547,0.054994196,-0.17054412,0.43028226,0.6909383535385132,0.23783368,2.5491183,1.7419775
2089,2.2522476,-0.02357023,-0.24671471,0.41974673,0.8046990036964417,0.22591493,4.067733,2.6767223
2090,2.2476814,-0.12667501,-0.18635862,0.5274726,0.7376753091812134,0.26913273,3.8947532,2.8613496
2091,2.2619622,-0.16117668,-0.14800826,0.44723082,0.8049671053886414,0.22389643,4.1233544,2.6033
2092,2.2827334,-0.09663791,-0.28425425,0.45528504,0.7768741250038147,0.24753886,4.227767,2.7917116
2093,2.2714775,-0.105960935,-0.25550264,0.5658297,0.8048129677772522,0.20614757,3.8750944,2.612973
2094,2.1013727,0.17741606,-0.20490295,0.2842926,0.8064056038856506,0.24105713,5.8239675,2.3235114
2095,2.3499467,-0.057775848,-0.29119545,0.4775042,0.8408886790275574,0.17580515,2.7364733,1.7242401
2096,2.4056058,-0.12283011,-0.24886152,0.4200512,0.5798970460891724,0.25727,2.314427,2.0845263
2097,2.1313682,-0.049597245,-0.1912974,0.49853703,0.8039703965187073,0.22820316,6.5786176,2.1928592
2098,2.4924092,-0.03349087,-0.382013,0.40527034,0.6715612411499023,0.20004065,2.067837,1.878648
2099,2.2897778,0.012400657,-0.2617007,0.5143469,0.7762999534606934,0.26340836,2.8041635,2.7507555
2100,2.2056687,-0.07240381,-0.19426866,0.39111698,0.7205973267555237,0.27072003,5.4387417,2.9115546
2101,2.2061682,-0.065863386,-0.26033142,0.4185808,0.7930065393447876,0.22852018,6.201923,2.3258824
2102,2.3629477,-0.08174458,-0.15316203,0.5254363,0.09822416305541992,0.20652626,2.1292644,1.4426949
2103,2.200989,-0.03929915,-0.21112093,0.43094042,0.6917091012001038,0.26200426,5.124613,2.6869342
2104,2.369895,-0.004984938,-0.3485855,0.3936496,0.7654022574424744,0.21769989,2.913111,1.7413
2105,2.2357504,0.058653284,-0.26384816,0.41357663,0.7478103637695312,0.24069919,3.7553017,2.2742512
2106,2.1995225,0.028982049,-0.27307165,0.53223133,0.7548744678497314,0.25962487,4.039496,2.8234992
2107,2.290416,0.043848112,-0.20506747,0.46586376,0.5182605385780334,0.17449884,2.3612466,1.4864644
2108,2.2151856,0.04547632,-0.25537905,0.43421173,0.8078372478485107,0.2124423,3.846952,2.7539954
2109,2.1657271,-0.08490667,-0.22793737,0.3522181,0.7322028279304504,0.29488385,10.283996,2.5546064
2110,2.2357469,0.009645437,-0.19798374,0.47237918,0.8395954370498657,0.20415889,3.1793451,1.981727
2111,2.388735,-0.08002687,-0.28257746,0.46387187,0.7104672193527222,0.22754948,2.2572596,2.0595984
2112,2.239906,0.12174208,-0.26991254,0.37564555,0.6984438300132751,0.24805865,3.2060854,2.7859619
2113,2.3398433,-0.24773239,-0.3012587,0.6668171,0.8241717219352722,0.23023029,3.3231714,2.199173
2114,2.224247,-0.054768488,-0.1891464,0.58075064,0.7776398658752441,0.25222448,3.6651883,2.813711
2115,2.4168134,-0.18058553,-0.28566203,0.52859586,0.80768221616745,0.12811553,2.4018269,1.2139549
2116,2.1541846,-0.010508343,-0.2551539,0.42916685,0.7950995564460754,0.26802143,7.4963326,2.5970082
2117,2.2997856,-0.104609035,-0.14173858,0.49773103,0.7748033404350281,0.2123069,2.9011014,1.7393637
2118,2.2502158,-0.14088148,-0.25294083,0.3797463,0.85,0.1839373,5.2511177,2.2881072
2119,2.313596,0.009613201,-0.3171275,0.32218188,0.7628949880599976,0.23164384,3.0923295,2.6823285
2120,2.2886128,0.054129973,-0.15542176,0.4667643,0.382511168718338,0.26195207,2.3921726,2.3884661
2121,2.3656995,-0.15427354,-0.25204188,0.5902106,0.754667341709137,0.23768315,2.7522993,2.0142245
2122,2.154485,0.02066629,-0.17349495,0.46999207,0.7958505749702454,0.23133773,4.8867164,2.664843
2123,2.246851,-0.05777556,-0.26118645,0.5863566,0.8409474492073059,0.22222164,3.6858022,2.3482702
2124,2.3545349,0.0038528945,-0.2715569,0.48472857,0.4269725978374481,0.30308026,2.292926,2.6025088
2125,2.2341309,-0.022379555,-0.26519808,0.54031247,0.7809178233146667,0.21916205,3.9283752,2.8357642
2126,2.1773474,-0.0066125183,-0.21710213,0.5288919,0.7316279411315918,0.26403624,5.036573,2.755998
2127,2.3879871,-0.048052397,-0.24896231,0.33955628,0.5482836365699768,0.24572112,2.4328609,2.1202767
2128,2.1862867,-0.14094801,-0.13559623,0.4100417,0.7926461100578308,0.2404971,6.553301,2.668063
2129,2.209103,-0.0006083196,-0.25716823,0.53323704,0.8171750903129578,0.2081321,4.1143894,2.6266272
2130,2.2463996,0.04784205,-0.24454069,0.38099423,0.8011242151260376,0.2114092,3.3750875,2.3593638
2131,2.2633698,0.050685287,-0.27002186,0.30625147,0.7130800485610962,0.25242406,3.324681,2.6922085
2132,2.229674,-0.030531885,-0.19384924,0.5231296,0.8476650714874268,0.18389612,3.3732064,2.2153344
2133,2.3519082,-0.02892438,-0.28131226,0.44446483,0.7907711267471313,0.24831541,2.4900131,2.568686
2134,2.2801526,-0.011108857,-0.18078908,0.46495444,0.8090545535087585,0.20299186,2.9639618,2.1351426
2135,2.35337,-0.05479097,-0.3398275,0.34685376,0.8131004571914673,0.2140859,3.0760148,2.4465656
2136,2.2267296,-0.090961106,-0.18489267,0.5275699,0.8000185489654541,0.22353314,3.9966552,2.7338288
2137,2.2611911,-0.032954555,-0.27141994,0.5724602,0.7328193783760071,0.24213968,3.5675514,2.1447618
2138,2.3251562,0.064213656,-0.21849631,0.35531878,0.47683972120285034,0.2202711,2.1819203,1.6323283
2139,2.209416,0.023109112,-0.19057752,0.4244685,0.7657352685928345,0.2445457,3.7927918,1.862729
2140,2.3063154,0.06300442,-0.1652308,0.30374214,0.6063032150268555,0.27762982,2.4659667,2.4083993
2141,2.3062236,-0.15170997,-0.22735162,0.58827204,0.7533466815948486,0.23050106,2.9131134,2.2636318
2142,2.0455914,-0.032946035,-0.12510093,0.37657857,0.8037555813789368,0.27260032,12.189538,1.3410547
2143,2.2735665,0.06265227,-0.25922048,0.5252221,0.8008769750595093,0.22790487,3.0055652,2.4646852
2144,2.366739,-0.0070482516,-0.18979329,0.41277778,0.2400217205286026,0.25532046,2.2708108,1.8981684
2145,2.1625674,-0.04482143,-0.25448304,0.57221115,0.7641735076904297,0.2526646,6.7367544,2.5116143
2146,2.1907146,0.040914293,-0.1884459,0.40217888,0.805079996585846,0.25542724,3.6792006,2.6045587
2147,2.4247327,-0.11785115,-0.32702023,0.5106144,0.555504560470581,0.14064156,2.098161,1.3089504
2148,2.1800327,-0.074469544,-0.10084897,0.54317755,0.7629991173744202,0.26372126,4.2093925,2.753332
2149,2.2471683,0.08177412,-0.25414783,0.4073907,0.85,0.18454221,3.1501465,1.8311824
2150,2.3037028,-0.22297567,-0.2894495,0.5994686,0.7765393853187561,0.23173161,3.816402,2.2135947
2151,2.1813602,0.031693395,-0.17815165,0.46250436,0.8009699583053589,0.20835379,3.8228989,2.7169216
2152,2.376406,-0.040052116,-0.29034215,0.4171823,0.7585632801055908,0.18857478,2.3886366,1.4677976
2153,2.209769,0.07972883,-0.2258819,0.50468165,0.784406840801239,0.24040137,3.5104074,2.553763
2154,2.232267,0.113076486,-0.23798387,0.5368051,0.8121790289878845,0.16760872,2.4342537,1.168862
2155,2.2548585,0.027646994,-0.18456778,0.45707712,0.7655941247940063,0.21388713,2.8824759,2.4674275
2156,2.1644137,0.063373156,-0.16893683,0.30994007,0.803097128868103,0.22797881,3.9416685,2.5591083
2157,2.2224782,0.040967632,-0.28381103,0.4056736,0.812939465045929,0.22895892,4.2637396,2.7932882
2158,2.3685951,0.0104515245,-0.35583022,0.48491037,0.579028308391571,0.29231444,2.6609435,2.5097384
2159,2.3089678,0.009988774,-0.26956025,0.61485714,0.85,0.1982434,2.3963444,1.824555
2160,2.316864,-0.07042462,-0.30754972,0.4501249,0.85,0.1111243,2.5294871,1.1621323
2161,2.2462142,-0.045034014,-0.20336567,0.47415173,0.7370027303695679,0.2524893,3.5795374,2.8967474
2162,2.369807,-0.11795852,-0.2725849,0.5066623,0.8229072690010071,0.14325105,2.3476975,1.4610173
2163,2.2492838,0.041969605,-0.25864932,0.33609438,0.7384917736053467,0.2613573,3.9352815,2.7398872
2164,2.2932632,-0.026847223,-0.22299658,0.5734461,0.85,0.17911454,2.6399264,1.605151
2165,2.1250165,0.05153151,-0.21025501,0.42208558,0.7909659147262573,0.24961947,6.9348545,2.772446
2166,2.3630168,-0.071767285,-0.20258608,0.4426979,0.5160272121429443,0.1845473,2.107574,1.6282799
2167,2.2377264,-0.124117635,-0.19865328,0.43629742,0.8420839309692383,0.20084703,4.6310673,2.1077862
2168,2.3321097,0.084917404,-0.38824075,0.50130767,0.7331688404083252,0.25209323,2.9052746,2.1712747
2169,2.2008445,-0.032604206,-0.18866856,0.5987406,0.8315486907958984,0.21326216,3.9261675,2.5019639
2170,2.2704809,-0.11721738,-0.18029222,0.34819314,0.7744573950767517,0.23268886,4.2045255,2.2342777
2171,2.2090814,-0.102514245,-0.23230383,0.58221084,0.6141443252563477,0.3188417,5.924288,2.5421858
2172,2.1927354,0.05024294,-0.24135637,0.41862205,0.7781071066856384,0.23681067,4.392733,2.530311
2173,2.3427892,0.005823672,-0.35133857,0.4160729,0.7340475916862488,0.2446146,3.1812136,2.2366405
2174,2.252529,0.033062138,-0.41118094,0.5195306,0.8348520994186401,0.18790054,4.254988,1.962874
2175,2.2536626,-0.124168694,-0.30732065,0.4681944,0.8250482678413391,0.21826907,5.5906286,2.696307
2176,2.3136237,-0.014407669,-0.20656617,0.43722978,0.5824826955795288,0.28386843,2.557097,2.8119743
2177,2.3512938,0.062176283,-0.33203617,0.48927408,0.46701478958129883,0.27760318,2.405869,2.2801726
2178,2.3532755,-0.03443309,-0.28114045,0.4184127,0.5961207747459412,0.29429692,2.801222,2.0563571
2179,2.2411618,0.07935765,-0.19011803,0.40703264,0.7844550013542175,0.21205124,2.961507,2.6384344
2180,2.2939034,0.001567751,-0.24680082,0.48010716,0.7597784996032715,0.22421622,2.7723174,2.442496
2181,2.0342479,0.0784068,-0.21135665,0.5063801,0.7355830073356628,0.3652604,12.548193,2.753018
2182,2.2436435,-0.02958347,-0.23965739,0.43632376,0.8323027491569519,0.21809416,3.9971268,2.4072962
2183,2.3388927,-0.12643382,-0.3241424,0.39016545,0.8227963447570801,0.21517073,3.4599102,2.1742604
2184,2.2945263,-0.0558916,-0.27406585,0.5374179,0.7749901413917542,0.23325595,3.4697948,2.7518177
2185,2.4279392,-0.027326286,-0.3059759,0.41129208,0.7143139243125916,0.14601447,2.1653242,1.3929045
2186,2.1701639,-0.058786094,-0.22298172,0.5371857,0.7423833608627319,0.26445097,6.2396536,2.8986967
2187,2.1855369,-0.090153694,-0.08470784,0.61750007,0.698932945728302,0.28556192,4.2117968,2.86263
2188,2.334522,-0.067046024,-0.3252354,0.7025822,0.7697329521179199,0.23726305,2.914743,2.3691483
2189,2.3068588,0.08263614,-0.24964899,0.41360343,0.7220931053161621,0.19281213,2.259497,1.8126051
2190,2.2945857,-0.02061079,-0.17879781,0.44954118,0.7181283831596375,0.21148466,2.7209003,1.9014097
2191,2.2495863,0.044993043,-0.25910854,0.5423878,0.7298627495765686,0.24920861,3.1337183,2.694579
2192,2.100219,0.05742355,-0.20892434,0.42063692,0.7728508710861206,0.25357378,7.7497296,2.293504
2193,2.1818128,0.044338953,-0.15414906,0.4050939,0.744052529335022,0.25515994,4.162885,2.4325383
2194,2.3515522,0.090806685,-0.35001737,0.48647067,0.49937599897384644,0.28717846,2.3621943,2.523347
2195,2.33231,-0.07165747,-0.29799458,0.4930191,0.6490473747253418,0.2574322,3.2165408,2.3610723
2196,2.291068,-0.03370208,-0.29197022,0.35588104,0.7480978965759277,0.25612774,3.8892832,2.8206847
2197,2.3646843,0.007940434,-0.39016378,0.56137127,0.7086952924728394,0.2391416,2.8048983,2.5170472
2198,2.1434417,0.06352623,-0.24196854,0.36669523,0.6801074147224426,0.288078,6.694177,2.5963387
2199,2.1691687,0.0007571566,-0.101426594,0.38787928,0.7696719169616699,0.23760317,3.9828954,2.6174667
2200,2.342013,-0.027490258,-0.2433067,0.44800436,0.5607965588569641,0.27499828,2.6650681,2.6261947
2201,2.295014,0.01633003,-0.31675905,0.52971244,0.7780991196632385,0.24150604,2.9816647,2.046134
2202,2.2091231,-0.028538132,-0.14555402,0.42613935,0.802570641040802,0.19522154,3.6996815,2.3975446
2203,2.2956858,0.10705646,-0.31884706,0.49489942,0.8399040699005127,0.14958526,2.6316447,1.5208242
2204,2.2641494,-0.027108217,-0.20122577,0.5602656,0.7461993098258972,0.23108913,2.9392307,2.1706557
2205,2.238003,0.020196268,-0.2147627,0.5957275,0.7699441909790039,0.26663515,3.1159086,2.6665583
2206,2.3369617,-0.015177292,-0.34802616,0.37018755,0.6997590065002441,0.25428084,3.4037473,2.3739333
2207,2.259344,-0.10181929,-0.1833738,0.3880952,0.6316598653793335,0.28819427,4.1871243,2.9066932
2208,2.344749,-0.07290427,-0.19478822,0.4923837,0.7606596350669861,0.20617884,2.1367688,1.6832776
2209,2.280371,0.040661916,-0.15322958,0.57511085,0.45231226086616516,0.26689613,2.3440359,2.1135135
2210,2.229163,-0.07242361,-0.24064724,0.45180115,0.7033289074897766,0.24749792,4.544004,1.8141253
2211,2.2667365,-0.04747124,-0.15110539,0.48260468,0.6584823131561279,0.27649882,2.8837326,2.8306873
2212,2.2786167,-0.010903383,-0.24725848,0.5187229,0.6810747385025024,0.26418358,3.2009645,2.3307405
2213,2.363203,-0.106553845,-0.2635133,0.45830426,0.7400215268135071,0.24766499,2.8792138,2.029492
2214,2.3103855,0.03684053,-0.2724356,0.5108145,0.7885156273841858,0.16439645,2.582902,1.4130424
2215,2.135916,0.03562436,-0.24175592,0.48210543,0.7683631181716919,0.2682735,5.9890485,2.3824673
2216,2.200926,0.017434783,-0.3006046,0.5018292,0.8471624255180359,0.21562265,4.9221873,2.466944
2217,2.2650578,-0.06951409,-0.17360756,0.38730985,0.7039622664451599,0.24048364,3.559068,2.5557098
2218,2.1977036,0.1414126,-0.30370674,0.43258634,0.7848713994026184,0.24008596,4.203652,2.6090267
2219,2.1436582,0.0655805,-0.2552448,0.4601787,0.7195085883140564,0.29330254,6.434058,2.907008
2220,2.2728496,-0.11997793,-0.18159068,0.52986187,0.8150411248207092,0.23001933,3.376182,2.4688973
2221,2.1445057,0.011601004,-0.1702744,0.48202276,0.8109919428825378,0.2485469,4.6284866,2.6075883
2222,2.3394976,-0.09036887,-0.24095331,0.4289604,0.8260336518287659,0.18641847,2.9314747,2.3279667
2223,2.310131,-0.074539624,-0.20159267,0.5041525,0.5662063360214233,0.28110108,2.6809623,2.3686676
2224,2.284462,-0.033335954,-0.2601594,0.39693162,0.7809157967567444,0.20566805,3.6115012,2.4858246
2225,2.2146404,0.077905856,-0.22244258,0.34000888,0.6929956674575806,0.25432104,3.8127391,2.1087046
2226,2.3509812,-0.06259117,-0.27679852,0.39861163,0.763067364692688,0.21107766,2.8322654,1.6291448
2227,2.0974991,0.10492443,-0.18171778,0.47847506,0.757368266582489,0.25408345,5.6266475,2.43829
2228,2.212844,-0.17482886,-0.15610127,0.5789173,0.7925961017608643,0.2474949,4.816278,2.1769583
2229,2.236077,0.09926568,-0.28633028,0.39766777,0.6358755230903625,0.28074038,3.9677384,2.3801663
2230,2.3017178,-0.025422988,-0.24567974,0.47301397,0.7363624572753906,0.24677001,2.782975,2.5332336
2231,2.2973049,-0.048902925,-0.23559627,0.46278563,0.630297839641571,0.2899102,2.9710636,2.0741782
2232,2.1992145,-0.0075926105,-0.3134209,0.52108926,0.8001627326011658,0.22577474,5.7114754,2.2316146
2233,2.2721894,0.009174579,-0.28191432,0.45883074,0.7883104085922241,0.21794643,3.036984,2.479974
2234,2.2644823,-0.051473778,-0.21898542,0.52238935,0.7352277040481567,0.23169503,3.3901258,2.2942474
2235,2.4222982,-0.09767407,-0.31851757,0.59105587,0.7919780611991882,0.06707408,1.8987181,1.1292132
2236,2.2314239,-0.034174692,-0.23190126,0.4427192,0.7940316796302795,0.24388233,4.218325,2.8961039
2237,2.3055718,0.041973107,-0.16096209,0.37938428,0.85,0.08538449,1.9478121,1.1454759
2238,2.325853,-0.054357022,-0.17290863,0.5276417,0.7257918119430542,0.17050569,2.4800887,1.7376747
2239,2.2517238,-0.11707193,-0.22689193,0.4368084,0.7335403561592102,0.24747828,4.136632,2.8906114
2240,2.209873,0.06256643,-0.24638535,0.4160601,0.830078125,0.19726679,3.7563093,2.5143974
2241,2.3031442,0.09895705,-0.33306548,0.41730276,0.8233022689819336,0.18411854,2.9890275,2.0639799
2242,2.4462376,-0.12531474,-0.3613779,0.53162485,0.6301919221878052,0.22083658,2.486581,2.1211455
2243,2.4251623,-0.17467605,-0.29097143,0.6508743,0.7809165120124817,0.19308066,2.3697557,2.4043338
2244,2.258528,-0.011309614,-0.2427246,0.44666106,0.6838463544845581,0.28109953,3.768282,2.6474788
2245,2.2446442,-0.001678311,-0.25784802,0.52253675,0.85,0.22291397,3.5664597,2.6874886
2246,2.3391964,-0.013210086,-0.2822154,0.47971603,0.7419070601463318,0.2529237,2.73387,2.499839
2247,2.2696142,0.085629515,-0.2465913,0.33749864,0.8028462529182434,0.22035751,3.043582,1.9721267
2248,2.2246695,-0.027816333,-0.2251503,0.41880086,0.82532799243927,0.16628243,3.4468899,1.5006504
2249,2.144715,0.05650397,-0.21312729,0.40714812,0.771953821182251,0.24282435,5.538734,2.8290129
2250,2.1755238,-0.01998496,-0.17959097,0.47295326,0.7677842974662781,0.2620551,5.0089364,2.7056296
2251,2.2449865,0.08473984,-0.22309339,0.34380293,0.7200322151184082,0.24967143,3.0943944,2.687615
2252,2.1692054,0.07623844,-0.21596056,0.37092525,0.8101320266723633,0.22472097,4.136287,2.46704
2253,2.288987,-0.00532907,-0.21649489,0.47215158,0.7015395760536194,0.25019082,2.9520645,2.4004827
2254,2.3603523,-0.12591054,-0.23236033,0.5037403,0.7032268643379211,0.21093278,2.8393023,1.7827783
2255,2.3273125,-0.045964014,-0.15851074,0.5120293,0.6483279466629028,0.19194318,2.2567208,1.5187016
2256,2.1020262,0.048542667,-0.22096843,0.27266333,0.8250290751457214,0.26716194,10.561704,2.6300752
2257,2.2126267,-0.010406554,-0.17928106,0.43815228,0.7457015514373779,0.23708054,3.5082967,2.4242795
2258,2.3748574,-0.031536315,-0.2324564,0.37432796,0.6521979570388794,0.17142087,2.2039754,1.6817888
2259,2.2365923,-0.08685989,-0.2161355,0.41254386,0.82045578956604,0.23083486,4.3109694,2.8900852
2260,2.2076955,-0.017959096,-0.20677377,0.5288384,0.7304432392120361,0.26027343,3.9950192,2.9176617
2261,2.3119383,-0.012589993,-0.099625066,0.5205443,0.6266605257987976,0.19741133,2.0863786,1.574222
2262,2.2478738,-0.10291619,-0.17197357,0.4955575,0.6924681067466736,0.25509292,4.05235,2.3455768
2263,2.3477352,-0.029365242,-0.30597106,0.568852,0.8216303586959839,0.1516281,2.28074,2.0701935
2264,2.3238983,0.0224301,-0.26970014,0.34587583,0.7580294609069824,0.23105597,2.7254136,2.651594
2265,2.2548912,0.028003924,-0.17093535,0.6273887,0.735196053981781,0.23228066,2.5711608,1.5305179
2266,2.4070346,-0.082050145,-0.48679554,0.5540922,0.74278324842453,0.25731358,3.3370738,2.1306367
2267,2.2587042,-0.067035854,-0.29826948,0.4748941,0.8066556453704834,0.22578725,3.7261674,2.7036598
2268,2.2324748,-0.10379175,-0.21316032,0.38596347,0.8250349760055542,0.18639283,4.783732,1.8579605
2269,2.341942,-0.053695083,-0.18858221,0.530565,0.30225643515586853,0.31446445,2.288912,2.4839544
2270,2.2302911,-0.02399528,-0.2310579,0.519856,0.7490983009338379,0.26003692,3.7841327,2.5950437
2271,2.2333694,0.007992291,-0.1801411,0.4953557,0.775205135345459,0.22621809,3.0163956,2.1550825
2272,2.1852632,-0.015450713,-0.08536664,0.3537031,0.8190441727638245,0.19789505,3.744155,2.210766
2273,2.2646787,0.018084293,-0.27023053,0.4905793,0.8284590244293213,0.2285229,3.3582878,2.1290376
2274,2.1835797,-0.064203575,-0.21000062,0.45906618,0.7057380676269531,0.27696517,6.01574,2.8774333
2275,2.376004,-0.031332176,-0.24217147,0.37369928,0.3560399115085602,0.21902885,2.1838417,1.4471933
2276,2.178939,0.003749892,-0.14400105,0.4918612,0.720526933670044,0.2782663,4.0636687,2.529946
2277,2.291867,-0.002143015,-0.28159416,0.50489914,0.8080463409423828,0.21691273,2.707022,1.8087862
2278,2.2409384,0.034897912,-0.1537414,0.44695282,0.7213619351387024,0.2555886,2.9988658,2.3964338
2279,2.2413633,-0.08826284,-0.1798321,0.36041805,0.7513262033462524,0.25675657,4.263643,2.8795667
2280,2.2568126,-0.01735325,-0.2150076,0.49498457,0.7883284687995911,0.23303966,3.363035,2.5160196
2281,2.1438913,-0.02781823,-0.10158354,0.42575297,0.7876405119895935,0.24891257,5.130518,2.2327652
2282,2.2179067,-0.051287122,-0.16180676,0.55963784,0.6561177968978882,0.2894085,3.8614745,2.7563252
2283,2.261337,0.040732905,-0.22626516,0.4158267,0.7020631432533264,0.25699848,3.1005933,2.5387163
2284,2.2102587,-0.08105845,-0.26176387,0.4528606,0.7432893514633179,0.2642143,6.313355,2.560763
2285,2.377898,-0.031757757,-0.26626733,0.39611858,0.6947627067565918,0.23321332,2.5399606,2.5794356
2286,2.2607121,-0.038608372,-0.21200515,0.53216076,0.85,0.17756031,3.1999981,1.4249629
2287,2.2834,-0.037466157,-0.18925309,0.40724096,0.7706193327903748,0.2545329,3.063421,2.2565405
2288,2.290932,0.046097472,-0.27469707,0.46016753,0.6851413249969482,0.25594723,2.5536654,2.5831215
2289,2.259847,0.12507185,-0.23514578,0.31296164,0.6440654993057251,0.27797017,3.2517445,2.7999916
2290,2.2669337,-0.050506413,-0.31182495,0.41277608,0.7989523410797119,0.21540543,4.2226796,2.60755
2291,2.2884822,-0.12057667,-0.316687,0.5991564,0.8091877102851868,0.23612447,3.8273416,2.775471
2292,2.407939,-0.10939385,-0.16766468,0.49786153,0.4945387542247772,0.25194094,2.0497124,2.3121533
2293,2.2824345,0.031970628,-0.2359139,0.4407542,0.7558531761169434,0.21339652,2.738567,1.984557
2294,2.2196858,0.028301377,-0.2642611,0.4085618,0.8326915502548218,0.14860603,3.8023453,1.4306737
2295,2.2451673,-0.014853171,-0.11801504,0.42777506,0.6930663585662842,0.25413978,2.8967457,2.3887348
2296,2.19076,-0.07699342,-0.20928216,0.41126543,0.7025315165519714,0.27571392,6.0483227,2.9124029
2297,2.245854,-0.0582009,-0.20471641,0.51539797,0.744826078414917,0.25484237,3.5109253,2.329966
2298,2.2053845,0.018269213,-0.3233618,0.5325072,0.7544079422950745,0.24915116,5.0179543,2.6297982
2299,2.2623663,0.045150273,-0.28310782,0.5195221,0.8344935178756714,0.20210584,2.9865642,1.8131613
2300,2.3136213,-0.027180519,-0.37863702,0.36358988,0.6620707511901855,0.3007347,4.368677,2.5120776
2301,2.165496,0.03590011,-0.2320139,0.5889293,0.6982482671737671,0.27159193,5.0182133,2.246489
2302,2.2883995,-0.089696236,-0.306652,0.5306395,0.7740839719772339,0.24647017,4.486359,2.526914
2303,2.2035093,-0.11990136,-0.31421486,0.5380011,0.7800948023796082,0.26010957,7.989438,1.6943861
2304,2.1946192,-0.06269593,-0.22441545,0.49014837,0.7282973527908325,0.2643365,5.511246,2.6847782
2305,2.454267,-0.16174239,-0.3507569,0.51252514,0.7126224637031555,0.22263871,2.378103,2.2561429
2306,2.3647542,-0.06954678,-0.24449623,0.56838554,0.3831263482570648,0.27377167,2.3502374,2.041842
2307,2.3779707,0.059912898,-0.21125412,0.39394304,0.4979991316795349,0.23698501,2.1073155,2.255166
2308,2.3566494,-0.22194287,-0.24758321,0.5678816,0.6184599995613098,0.30363318,3.333999,2.560473
2309,2.4089208,-0.0871456,-0.2208955,0.51992077,0.6706985831260681,0.11435147,2.0823817,1.4236922
2310,2.1385975,0.019483207,-0.23150471,0.44334823,0.7888096570968628,0.2575812,6.7774734,2.8782089
2311,2.211544,0.04872093,-0.1796967,0.5053428,0.85,0.20194909,2.5937538,2.6317716
2312,2.2577837,0.02773995,-0.16349691,0.45217863,0.6052674055099487,0.30210993,3.033494,2.7808135
2313,2.4034412,-0.03231969,-0.28001928,0.4318037,0.27161604166030884,0.28059232,2.270942,2.2518582
2314,2.0921834,0.045271765,-0.20807911,0.55546796,0.7723978161811829,0.27017435,7.484282,2.71922
2315,2.3157818,-0.057615094,-0.2433073,0.3988019,0.6375737190246582,0.28669545,3.0958266,2.8061018
2316,2.3588119,-0.09220113,-0.30115595,0.60901135,0.5378358960151672,0.30195835,2.7443037,2.7758315
2317,2.2707398,0.0010674337,-0.3532056,0.57216054,0.7344299554824829,0.26548508,3.924411,2.7721057
2318,2.3403313,0.034237012,-0.20505029,0.39562193,0.396700382232666,0.27297616,2.3610415,1.9566064
2319,2.4151647,-0.18072768,-0.37426028,0.57034504,0.669302225112915,0.25624958,2.9973125,2.1729853
2320,2.3343496,0.019582037,-0.27263063,0.45573232,0.6482004523277283,0.2324539,2.4155748,1.9591976
2321,2.3925843,-0.088672996,-0.34348843,0.47160402,0.612153947353363,0.26931387,2.847602,2.6014416
2322,2.2072594,0.09374771,-0.214254,0.4395584,0.8101240396499634,0.20969151,3.1850061,2.3101335
2323,2.2811315,-0.08870908,-0.18097402,0.5484034,0.7374956607818604,0.2573147,3.219984,2.367574
2324,2.2399979,-0.014160357,-0.2900679,0.41991112,0.8471633791923523,0.1995118,4.5880017,2.2158172
2325,2.1849806,-0.1707789,-0.20647345,0.6203434,0.7596853971481323,0.27387157,7.3703976,2.7281349
2326,2.2571988,-0.029412737,-0.24082305,0.4324743,0.7026706337928772,0.24432085,3.6173215,2.475976
2327,2.227983,-0.03058477,-0.26652873,0.42431235,0.820594072341919,0.2242477,4.475292,2.6049552
2328,2.3555632,-0.07658655,-0.34108487,0.5049626,0.7420852184295654,0.24370101,3.1129003,2.3978698
2329,2.2876256,-0.029095428,-0.12526809,0.48106882,0.6801415681838989,0.23789723,2.5558324,2.5446534
2330,2.2059586,0.004893092,-0.31663674,0.51762503,0.7846084833145142,0.23547338,4.9307213,2.9072711
2331,2.3214061,-0.027174873,-0.28339306,0.44688565,0.7469565272331238,0.22782344,2.5292714,1.8515236
2332,2.1717005,0.07024471,-0.25073266,0.44872767,0.8034866452217102,0.23590432,4.608845,2.6677995
2333,2.2706437,-0.16087678,-0.24801385,0.61720085,0.6554982662200928,0.31727618,4.1071134,2.6043458
2334,2.279283,0.040487465,-0.26582327,0.4060491,0.8489865660667419,0.14582607,3.0758398,1.7834334
2335,2.2489996,0.0055385977,-0.19351372,0.5557596,0.6861203908920288,0.26594952,3.0387979,2.572366
2336,2.1709845,-0.033041373,-0.15001789,0.38111672,0.7972005605697632,0.22995369,5.2589455,2.8090558
2337,2.2078214,-0.121732965,-0.21892679,0.5073499,0.8344730734825134,0.21498328,5.6471057,2.0393
2338,2.1859045,-0.014541415,-0.11983457,0.471323,0.8118571639060974,0.22002804,3.5428708,2.6301608
2339,2.3051481,-0.083721906,-0.1892052,0.51406795,0.6712504625320435,0.25833812,2.968414,2.415367
2340,2.1452036,-0.029864492,-0.22501051,0.44708288,0.6525388360023499,0.3271355,8.824109,2.757522
2341,2.258624,-0.063861765,-0.19955736,0.4896111,0.6295980215072632,0.29043335,3.8155758,2.6370196
2342,2.3921347,-0.10714459,-0.27099174,0.53665286,0.6681292057037354,0.16818532,2.2109854,1.8884382
2343,2.5274167,-0.16542037,-0.32557714,0.45319635,0.6243857741355896,0.1886623,2.060973,2.3554485
2344,2.1987526,-0.07155783,-0.2386679,0.45036077,0.7549319863319397,0.2618664,6.050018,2.7784483
2345,2.333624,-0.009016057,-0.2598088,0.38062662,0.7767388224601746,0.22941643,2.849862,2.3875191
2346,2.2756407,-0.07129026,-0.2793056,0.51895386,0.7135207056999207,0.25559646,3.8767385,2.8802788
2347,2.222689,-0.0084880665,-0.14836913,0.49246177,0.6432856917381287,0.29442403,3.1498945,2.554153
2348,2.283776,-0.055160597,-0.19996783,0.659142,0.734729528427124,0.26563373,2.8908155,2.5841444
2349,2.2270167,-0.01625341,-0.27321962,0.5044979,0.7363011240959167,0.24422383,3.92225,2.3655598
2350,2.181494,0.032125626,-0.14135528,0.37506923,0.8012333512306213,0.20575786,3.8196385,2.609749
2351,2.146132,0.045559853,-0.15646893,0.32991418,0.6431801915168762,0.29762745,5.880728,2.9218302
2352,2.2938497,-0.022459844,-0.22965214,0.46914813,0.646004855632782,0.27445203,3.1160016,1.8355964
2353,2.1447496,0.022215039,-0.26026434,0.49685195,0.8105671405792236,0.2169921,6.766564,2.0754552
2354,2.208052,0.00040375825,-0.15962596,0.491654,0.6936407089233398,0.28323644,3.4939613,2.7713547
2355,2.164188,-0.015540179,-0.19421265,0.46971446,0.805354118347168,0.21387953,5.282249,2.6507807
2356,2.297488,-0.05975309,-0.1806606,0.34156758,0.85,0.11900954,2.5452514,1.3532766
2357,2.3673923,-0.06387048,-0.2655004,0.5531036,0.46603208780288696,0.2550447,2.353203,1.9242983
2358,2.2283635,-0.06694407,-0.315141,0.39483222,0.8111472725868225,0.23738405,5.91712,2.5656116
2359,2.293476,-0.006896923,-0.23110239,0.36614743,0.6776444911956787,0.2891552,3.6142578,2.6087925
2360,2.3628216,0.055304572,-0.30232364,0.48968056,0.2882731258869171,0.3073831,2.3979275,2.6065357
2361,2.3294308,0.010584363,-0.32519412,0.3633036,0.6835606694221497,0.27706024,3.2303057,2.5608006
2362,2.2481806,-0.020817047,-0.2516484,0.49908167,0.7678401470184326,0.2256476,3.499541,2.7589452
2363,2.287252,0.15303864,-0.22045408,0.40726796,0.6942477822303772,0.15644994,2.095414,1.5260884
2364,2.13905,0.00269006,-0.16669469,0.35663503,0.7996850609779358,0.24199058,7.060208,2.514894
2365,2.1397994,0.08909596,-0.17147303,0.61933917,0.7309285402297974,0.28784746,4.091735,1.9157932
2366,2.2252207,-0.018517006,-0.25283358,0.5214311,0.818047821521759,0.22790574,4.039558,2.1858156
2367,2.2738302,-0.05699174,-0.3036306,0.43089455,0.7450214624404907,0.27209827,4.2367134,2.8417687
2368,2.2660298,-0.061461713,-0.1857055,0.4982542,0.8077160120010376,0.22485085,2.870439,2.0822678
2369,2.1659188,0.10489139,-0.20286573,0.40189797,0.7817093133926392,0.20329326,4.4525247,2.825272
2370,2.2738388,0.036088753,-0.23047371,0.42212203,0.8307368755340576,0.17534475,2.718771,2.0917985
2371,2.2996807,-0.16261351,-0.18731481,0.5754504,0.7482407093048096,0.2680257,3.4590073,2.6162393
2372,2.2103589,-0.005822452,-0.20595226,0.5539407,0.7803069949150085,0.23920535,3.5030022,2.5824618
2373,2.2260091,-0.004724006,-0.25419202,0.45531696,0.7995476722717285,0.20583762,3.971786,1.9327989
2374,2.3067267,0.014847778,-0.23047653,0.4893151,0.5377134084701538,0.29313582,2.7121675,2.707583
2375,2.3215036,-0.032991063,-0.2801311,0.52441823,0.7204519510269165,0.25237504,2.906057,2.610328
2376,2.2159498,0.153156,-0.18604107,0.4845005,0.763709306716919,0.20052165,2.6329625,2.1244838
2377,2.2147248,0.06270248,-0.29285094,0.35294142,0.7821872234344482,0.2337499,4.0430946,2.5738347
2378,2.199051,0.031215644,-0.17451918,0.49103034,0.7085536122322083,0.27681273,3.7585475,2.5270216
2379,2.2988436,-0.040767312,-0.20033012,0.47183216,0.7840930819511414,0.18778542,2.6999176,1.7143596
2380,2.2660775,-0.07167621,-0.19288994,0.544209,0.8276438117027283,0.1876107,3.244508,1.9429715
2381,2.3337529,-0.0543025,-0.29648173,0.51171356,0.788206934928894,0.24186681,2.8810258,2.580427
2382,2.3028479,-0.058130007,-0.17908642,0.41844574,0.7781251668930054,0.2130732,2.8445084,2.0781307
2383,2.4926193,-0.09993564,-0.40893516,0.5277235,0.4451356828212738,0.26336175,2.102758,2.2111232
2384,2.3286002,0.009646595,-0.10345085,0.44933662,0.6845042705535889,0.18238418,2.0401556,1.8095409
2385,2.356698,-0.09466092,-0.2596635,0.45663992,0.8019260764122009,0.20322469,2.4035172,1.6697645
2386,2.1903667,-0.04922724,-0.16490339,0.4142325,0.6930835247039795,0.2548954,4.589941,2.4525766
2387,2.3325615,0.065053135,-0.35258937,0.25275883,0.7119500041007996,0.27222604,3.5426345,2.2451978
2388,2.2684898,0.03944467,-0.23717818,0.44479537,0.7188499569892883,0.25027707,2.9668157,2.6565585
2389,2.1909692,-0.16005996,-0.1719815,0.52382886,0.7701030373573303,0.27091557,6.4336305,1.8802724
2390,2.2014184,-0.10508796,-0.14161542,0.6208994,0.7698390483856201,0.2417086,3.917351,2.170457
2391,2.255528,-0.054265693,-0.16819789,0.49983373,0.8017072081565857,0.24530424,3.238483,2.633149
2392,2.22102,0.028756982,-0.27950257,0.22656775,0.8413772583007812,0.2201491,5.1882124,2.4237287
2393,2.4828513,-0.08881059,-0.26569644,0.5005988,0.7037610411643982,0.17016329,2.1191924,1.6611989
2394,2.230353,-0.11167305,-0.17065503,0.46967787,0.7813498973846436,0.22455314,4.5155783,2.2728229
2395,2.1126726,-0.000293214,-0.23784116,0.35641274,0.7717541456222534,0.30560592,11.506384,2.5841677
2396,2.3279207,0.005436656,-0.3375252,0.47177365,0.704947829246521,0.23851001,2.9716203,2.461422
2397,2.403402,-0.1354298,-0.2756215,0.52413505,0.7145504355430603,0.22737649,2.1734252,1.9020001
2398,2.3271508,-0.06735236,-0.23745334,0.49831048,0.6970992088317871,0.26557034,2.8429964,2.602258
2399,2.2090302,0.067107365,-0.15784451,0.5836265,0.7882773280143738,0.25294125,2.728189,2.6975057
2400,2.2593515,0.01103807,-0.20191124,0.35489085,0.6991074085235596,0.22557683,3.2062538,2.327826
2401,2.2395456,0.03788162,-0.27553138,0.44630423,0.7439767122268677,0.25513232,3.6765718,2.5699263
2402,2.3096507,-0.105901495,-0.30357376,0.5008801,0.7088890671730042,0.2631992,3.931772,2.8521035
2403,2.245749,0.11567601,-0.24784935,0.4456842,0.7851787805557251,0.21990028,3.0449598,2.430621
2404,2.3104982,-0.010829574,-0.3195594,0.5282662,0.7786350846290588,0.21118431,3.142307,2.2099695
2405,2.2444892,0.093873926,-0.24982858,0.40386993,0.85,0.13972601,2.4996667,1.353841
2406,2.1905434,0.0017506463,-0.18223183,0.38906807,0.6881885528564453,0.27049595,4.1864686,2.7796679
2407,2.3763196,-0.015515925,-0.22403206,0.5318633,0.3143419921398163,0.29301512,2.147949,2.828678
2408,2.3012362,0.08548218,-0.26718834,0.48399732,0.5512732863426208,0.31223556,2.661268,2.7816968
2409,2.2775033,-0.17608716,-0.23055552,0.5614423,0.8346682190895081,0.22066642,3.8584585,2.5502374
2410,2.272143,-0.061771635,-0.19254506,0.36732846,0.6506670117378235,0.26476687,3.6098697,2.2018502
2411,2.34588,-0.0981862,-0.25339615,0.46780849,0.5479063987731934,0.24548338,2.5060303,1.7782879
2412,2.3691053,0.011084359,-0.37144524,0.4225194,0.5732766389846802,0.30690485,2.7288246,2.6252184
2413,2.290082,-0.082960844,-0.25333318,0.4702695,0.8108097910881042,0.1951627,3.5088875,1.7945719
2414,2.2613385,-0.011587697,-0.2934479,0.45929143,0.8418049216270447,0.18957849,3.3997104,2.3913085
2415,2.140578,0.10404925,-0.32951218,0.43202993,0.7989609241485596,0.2519097,7.0648417,2.2760572
2416,2.3069842,-0.025843685,-0.26614934,0.3287014,0.7221104502677917,0.26179883,3.5410094,2.601144
2417,2.3106506,-0.0797065,-0.17183094,0.4219606,0.7500975131988525,0.2447897,3.0334277,2.3106196
2418,2.3402865,-0.0386762,-0.19899999,0.3389649,0.8204747438430786,0.18345791,2.2891357,1.5494902
2419,2.323308,-0.029776057,-0.2917271,0.46341705,0.6611607074737549,0.26367506,2.802259,2.1004229
2420,2.2881148,0.05116527,-0.19678365,0.43664208,0.6206183433532715,0.24796163,2.5395935,1.9963228
2421,2.3431828,0.06114686,-0.26410174,0.31963688,0.5953353047370911,0.2560897,2.5213828,2.2751129
2422,2.286195,0.009375894,-0.13435777,0.43773678,0.7163705229759216,0.21895222,2.5561678,1.9426622
2423,2.2266884,0.0033604896,-0.21499917,0.524968,0.7352855205535889,0.24874519,3.7754405,2.4507957
2424,2.2772455,-0.0018440833,-0.3286593,0.40854737,0.6830520033836365,0.27236328,3.831132,2.8336823
2425,2.3832517,0.056313664,-0.2352557,0.4768639,0.10822486132383347,0.12899615,2.0831616,1.3133285
2426,2.2804549,-0.14496961,-0.25097334,0.54189104,0.734598696231842,0.24030507,3.7702818,2.7445605
2427,2.2169995,0.01987872,-0.27939627,0.41556072,0.8040818572044373,0.23031814,4.3715177,2.793722
2428,2.2850182,-0.008408982,-0.11250517,0.36987433,0.6758861541748047,0.24556698,2.7292993,2.4824374
2429,2.406546,-0.12249607,-0.1866851,0.45777473,0.3835550844669342,0.22384268,2.1738923,1.7826494
2430,2.3757043,-0.11835911,-0.34096125,0.6040971,0.7688683271408081,0.20410478,2.6317544,1.7903666
2431,2.2764802,0.04049345,-0.22196798,0.542726,0.7602407932281494,0.22000521,2.7591872,2.2923224
2432,2.1973863,0.0028699408,-0.20206352,0.5085109,0.8235575556755066,0.20801501,4.0658007,2.711169
2433,2.2760172,-0.09577945,-0.20285305,0.46478057,0.85,0.19335473,2.9527104,2.0439787
2434,2.3905387,-0.08353406,-0.26029828,0.44255948,0.454539954662323,0.28711265,2.4433987,2.8166776
2435,2.287664,-0.13620245,-0.21647643,0.47895434,0.8032038807868958,0.23351488,3.914116,2.2507968
2436,2.2850122,-0.035330016,-0.28644186,0.42625296,0.7957950234413147,0.22165889,3.6982992,2.27671
2437,2.3437223,-0.022088235,-0.27923468,0.44647858,0.815211832523346,0.17997488,2.7152934,2.1260424
2438,2.315115,-0.090871155,-0.27995995,0.48370832,0.8087041974067688,0.18958843,2.9059916,1.9310395
2439,2.4925258,-0.0055787126,-0.36314484,0.47965047,0.5539288520812988,0.18710509,2.074952,1.9660434
2440,2.3537543,-0.1496566,-0.4047903,0.633451,0.85,0.1963253,3.8505294,2.7028894
2441,2.3234994,-0.11514461,-0.29950136,0.5886756,0.732577383518219,0.2541017,3.3283334,2.3936605
2442,2.3167202,-0.06861576,-0.18433574,0.57429576,0.5245317220687866,0.2614026,2.3307717,2.0224504
2443,2.2684455,0.02125797,-0.19742392,0.42798907,0.6359132528305054,0.29926705,3.0585294,2.844721
2444,2.1867702,0.060122978,-0.23621769,0.49759433,0.6712130308151245,0.28517514,4.2241,2.8031662
2445,2.3778415,-0.081570506,-0.25923666,0.5164117,0.7411878108978271,0.14174782,2.182762,1.3771755
2446,2.3475838,-0.060934506,-0.35654977,0.40856594,0.7646180987358093,0.22649316,3.3239484,2.7342646
2447,2.2332804,-0.11207949,-0.27313194,0.46944162,0.775758683681488,0.23165573,5.1936455,1.9013265
2448,2.389381,-0.017205955,-0.2501695,0.50272375,0.23358628153800964,0.29976898,2.1122737,2.5821705
2449,2.2248473,-0.020585714,-0.1912751,0.3780178,0.6955954432487488,0.25762135,4.0518017,2.5923276
2450,2.3236685,-0.08389226,-0.21275175,0.48302978,0.7224375605583191,0.2343996,2.6752667,1.6697843
2451,2.3408587,-0.04737716,-0.30003744,0.60278577,0.6856447458267212,0.22392057,2.5985813,1.6359023
2452,2.3221564,-0.065082476,-0.3401276,0.43692994,0.765581488609314,0.23735932,3.7176557,2.092464
2453,2.173022,-0.071844935,-0.27845287,0.4952375,0.8188833594322205,0.24119744,8.0218315,2.051491
2454,2.2361653,0.08468131,-0.26352206,0.5815377,0.5883854031562805,0.3232185,3.3362453,2.8868167
2455,2.2366266,0.05036696,-0.269055,0.5138961,0.7789467573165894,0.23725092,3.7214625,2.6097274
2456,2.338971,0.063078254,-0.26883674,0.43012002,0.4827864468097687,0.28347528,2.3404431,2.098927
2457,2.2810585,-0.07024459,-0.17996588,0.4273753,0.6597977876663208,0.31030026,3.2416327,2.6759992
2458,2.2294612,0.06805733,-0.22283834,0.50354075,0.7081220746040344,0.2444399,2.9880636,2.7812982
2459,2.2550402,-0.054345824,-0.30927157,0.4552191,0.7407770156860352,0.24635588,4.5860558,2.8722246
2460,2.2854538,-0.08170667,-0.29685357,0.5208555,0.7822324633598328,0.211386,3.977689,2.737083
2461,2.1783483,0.025837483,-0.16641879,0.51098096,0.7077037692070007,0.24866138,4.095639,1.9551227
2462,2.2844803,-0.043829218,-0.225145,0.50973207,0.7729961276054382,0.24564677,3.2754776,2.3560092
2463,2.2384744,0.0076632584,-0.2639809,0.36852667,0.8327717185020447,0.2212912,4.410831,2.5667262
2464,2.3264327,-0.10099921,-0.2697281,0.42803606,0.8113131523132324,0.20574342,3.1405535,1.790381
2465,2.386255,-0.099458255,-0.19619,0.5207656,0.40558451414108276,0.23044851,2.2899086,2.0292158
2466,2.2954643,-0.018473607,-0.2419724,0.50842035,0.7839235663414001,0.21530877,2.8068855,2.0887594
2467,2.1493673,-0.11513482,-0.111199655,0.50498617,0.7765608429908752,0.23387417,4.7190595,1.4804387
2468,2.3588758,-0.14032905,-0.26371673,0.44726667,0.8042172789573669,0.20598803,2.8702269,2.495495
2469,2.3118007,0.0052001732,-0.22154917,0.39697298,0.732012152671814,0.23594907,2.7983527,2.07765
2470,2.2874703,-0.050870653,-0.22806208,0.4007651,0.7080426812171936,0.26384002,3.4371588,2.7333043
2471,2.2629309,0.03137967,-0.3081584,0.42860252,0.85,0.13818248,3.039026,1.6408024
2472,2.3032813,0.012480969,-0.27626467,0.37926894,0.85,0.12557445,2.6430006,1.3666183
2473,2.3191924,0.023872845,-0.2326734,0.5217341,0.7238470315933228,0.22480375,2.4540484,2.2340202
2474,2.2156606,0.027890218,-0.16339524,0.42242283,0.6977508664131165,0.25656855,3.728125,2.4518597
2475,2.3500915,-0.109461084,-0.30222356,0.48552212,0.8022555112838745,0.21459506,3.2764137,2.5032492
2476,2.4559143,0.0063187564,-0.39732125,0.40489638,0.6311591267585754,0.21317892,2.2125149,1.6734159
2477,2.1283875,0.029858846,-0.22159015,0.42826578,0.716378390789032,0.2930909,7.357264,2.8003447
2478,2.377968,-0.048482116,-0.36294165,0.43475622,0.7981787919998169,0.16248237,2.346452,2.1054683
2479,2.2208624,0.06453286,-0.22651187,0.55110747,0.7350289225578308,0.26731405,3.4579728,2.34632
2480,2.1751726,-0.02491861,-0.16033557,0.42776966,0.8250652551651001,0.21925169,4.8592315,2.8520315
2481,2.299178,-0.08316271,-0.36853623,0.41907904,0.7944969534873962,0.23079622,4.308548,2.8724418
2482,2.0445235,0.06604455,-0.16480204,0.47539267,0.8424949645996094,0.20811756,7.718799,1.4261692
2483,2.0632582,0.026137475,-0.10066189,0.3984523,0.6701235175132751,0.31224647,7.761814,2.162759
2484,2.1503823,-0.12217092,-0.12514457,0.5339008,0.7387590408325195,0.26972264,6.794562,2.7768478
2485,2.371677,-0.1484077,-0.31892052,0.4396194,0.795014500617981,0.21054795,3.3184183,2.6039271
2486,2.2455325,0.15068455,-0.30418047,0.4921258,0.7724820971488953,0.22590426,3.0712988,2.6317682
2487,2.238586,0.14574707,-0.24478051,0.39713782,0.6376351714134216,0.29507428,3.0605204,2.1973312
2488,2.2785807,-0.08374283,-0.11854787,0.33910912,0.7951772809028625,0.19118688,3.169928,1.917566
2489,2.214625,-0.02791173,-0.15831731,0.47998244,0.8109121918678284,0.2356112,3.5161,2.7227442
2490,2.286815,0.0056072706,-0.2106496,0.4213799,0.62437504529953,0.2830988,3.0206816,2.535324
2491,2.2738125,-0.036704473,-0.24208218,0.45638028,0.7890235781669617,0.2625849,3.2794669,2.24273
2492,2.3516052,0.05306414,-0.25236985,0.37319475,0.4290589988231659,0.2917222,2.5611951,2.5789673
2493,2.2585473,0.02576641,-0.36564514,0.41201565,0.8084134459495544,0.19815497,4.7879825,2.6096883
2494,2.3266892,-0.093071476,-0.27108806,0.4957764,0.7886571288108826,0.23428477,3.1177402,2.223256
2495,2.2984438,-0.13226213,-0.19126719,0.43764004,0.5537856221199036,0.30425584,3.1770341,2.507232
2496,2.253917,-0.082790196,-0.28713122,0.5478206,0.7085246443748474,0.28177992,4.3870883,2.5241423
2497,2.2050698,-0.029618045,-0.1913727,0.4996115,0.8201392889022827,0.21310073,4.1122794,2.3317647
2498,2.476146,-0.14079303,-0.32112694,0.5052048,0.2564098834991455,0.11068553,1.6787592,1.1055135
2499,2.1873279,-0.16109172,-0.21312995,0.50895816,0.742048978805542,0.2861295,8.344005,2.3555303
2500,2.2960036,-0.0024878168,-0.38985598,0.5547082,0.7553906440734863,0.22917607,3.4936843,2.5504687
2501,2.231078,0.18302801,-0.20713355,0.33156762,0.7328042387962341,0.24887717,2.6725094,2.793762
2502,2.3561654,-0.044572234,-0.43850407,0.48214436,0.85,0.18219012,3.483287,2.0834527
2503,2.2574358,-0.10313775,-0.23455328,0.5102543,0.752060055732727,0.25121194,4.224248,2.7255187
2504,2.3832834,-0.0762343,-0.28355357,0.37376937,0.6039420366287231,0.27795744,2.681094,2.7462382
2505,2.301343,-0.20987564,-0.16391487,0.5112307,0.7082452774047852,0.2775213,3.9419332,2.6858938
2506,2.3559492,0.011563883,-0.2492864,0.57230705,0.5065158605575562,0.2537695,2.08351,2.413942
2507,2.299038,0.0816223,-0.2741873,0.26072443,0.769214928150177,0.23358552,3.2249594,2.8146677
2508,2.259367,-0.00994351,-0.1685742,0.5467556,0.8243189454078674,0.21412519,2.6731157,2.7882428
2509,2.2260664,-0.014037706,-0.23769855,0.42321068,0.7679987549781799,0.23935041,4.441792,2.8051407
2510,2.1460378,0.043563664,-0.17537461,0.4172862,0.6819182634353638,0.28052002,4.8874464,2.8176413
2511,2.329628,0.03713604,-0.23088686,0.2574856,0.5848966836929321,0.28172478,2.9471307,2.4230554
2512,2.2695224,0.011983582,-0.33953655,0.431517,0.8093711137771606,0.21442986,3.736249,2.304044
2513,2.1836128,0.015468429,-0.19208547,0.47703487,0.7818063497543335,0.2545922,4.551223,2.308249
2514,2.255905,-0.10837077,-0.21788031,0.41647917,0.8012676239013672,0.22133127,4.5137553,2.227986
2515,2.204666,0.02769969,-0.23994921,0.50185496,0.843517005443573,0.14525644,3.09719,1.264925
2516,2.3653724,-0.049936634,-0.288293,0.6285924,0.7146998643875122,0.1882295,2.2450304,1.4143876
2517,2.4440994,-0.13050932,-0.31153286,0.52961,0.6464889645576477,0.1748606,2.210484,1.3771675
2518,2.2773075,-0.030355388,-0.14618936,0.5386933,0.8182632327079773,0.16346885,2.2388551,1.3688017
2519,2.3309429,-0.09043403,-0.2521394,0.4742955,0.6594322323799133,0.23622072,3.0400944,1.865309
2520,2.154797,-0.077101275,-0.19933355,0.45441824,0.8243401646614075,0.22200614,6.770324,2.2760582
2521,2.2489169,0.00474447,-0.115685105,0.5252087,0.6940432190895081,0.2643561,2.9949577,2.481894
2522,2.3555186,-0.1370777,-0.19773114,0.5415884,0.5697236061096191,0.26485378,2.757443,2.1627436
2523,2.1750836,-0.050043054,-0.21647626,0.4607234,0.8164891600608826,0.22416188,5.503255,2.4500585
2524,2.3038154,-0.012262481,-0.31623697,0.55315536,0.6428687572479248,0.27670363,3.003767,2.5110183
2525,2.21773,0.044453062,-0.20482963,0.4806507,0.7449005842208862,0.23805743,3.1517308,2.6730185
2526,2.214535,-0.037068855,-0.17736341,0.49810538,0.7911310791969299,0.23128404,3.6494823,2.345335
2527,2.3502533,-0.11449006,-0.21047072,0.5551378,0.49525976181030273,0.3115308,2.6991346,2.7430067
2528,2.3318658,-0.08957275,-0.3419698,0.59129584,0.8283406496047974,0.18572369,2.9588833,1.7753305
2529,2.490604,-0.100331426,-0.23553187,0.55611855,0.1546141803264618,0.26012787,2.0582829,2.6282344
2530,2.385303,0.053835884,-0.2182427,0.36952654,0.43351566791534424,0.32111284,2.130057,2.5679896
2531,2.2375972,0.023480373,-0.1149449,0.40732595,0.6966845393180847,0.24940604,2.6645668,2.78606
2532,2.4036214,-0.0739907,-0.3594012,0.45410374,0.6135936975479126,0.24656968,2.815572,1.8253021
2533,2.267235,-0.0049596652,-0.27338052,0.59600765,0.85,0.18022099,3.061136,2.3731956
2534,2.1605313,0.012002868,-0.24346457,0.50906813,0.8139535188674927,0.20804283,5.4109693,1.6908801
2535,2.2625878,-0.057478618,-0.21894497,0.42012015,0.7644162178039551,0.22688764,3.5455287,2.6379464
2536,2.220966,0.08863029,-0.19563083,0.34706786,0.85,0.14841345,2.6889849,1.5279471
2537,2.4465568,-0.09130795,-0.41600806,0.57795703,0.7510080337524414,0.23969047,2.4657295,2.4750686
2538,2.3752453,0.00066145265,-0.22613287,0.42860448,0.6580618619918823,0.18921353,2.1770272,1.7803966
2539,2.316797,-0.082336806,-0.21939075,0.5036933,0.6823815107345581,0.25039807,2.7938325,2.5298643
2540,2.2290068,5.4225497e-05,-0.19199081,0.329048,0.85,0.18445282,3.8683403,2.3295784
2541,2.2893956,-0.01399972,-0.3387879,0.50349635,0.7722810506820679,0.23154093,3.6312437,2.2144132
2542,2.3499715,-0.09288681,-0.22808205,0.46548435,0.8397473096847534,0.14866962,2.547088,1.8393329
2543,2.384919,-0.05779363,-0.21715544,0.34164983,0.5947830080986023,0.19619736,2.2462983,1.254404
2544,2.3222258,-0.014009559,-0.25366545,0.42921817,0.7837144732475281,0.15461594,2.1840348,1.9049324
2545,2.145165,0.07583449,-0.20473431,0.42988354,0.8181989789009094,0.21270007,4.3734026,2.5220046
2546,2.2494,-0.100202926,-0.20469537,0.5807519,0.743150532245636,0.25041738,3.6167188,2.1056106
2547,2.1501691,0.031003622,-0.17297122,0.482863,0.7719732522964478,0.25061035,5.4135675,2.178148
2548,2.216065,-0.026629293,-0.20295723,0.48735583,0.7619954347610474,0.24937476,4.073989,2.8949656
2549,2.2125638,0.040354542,-0.10793546,0.39134863,0.7419843673706055,0.23507154,2.7498834,2.2999566
2550,2.1519198,0.106501855,-0.15674005,0.38338903,0.7401487231254578,0.24655569,4.019435,2.6529603
2551,2.3208096,0.0240165,-0.25335628,0.44866735,0.7399301528930664,0.18837912,2.4616733,1.9686311
2552,2.3072991,-0.001064818,-0.21965668,0.49628246,0.48428595066070557,0.30721486,2.4602425,2.256162
2553,2.2365046,-0.14357205,-0.18963353,0.43096554,0.8364691734313965,0.19898188,4.235677,2.3682907
2554,2.2248812,-0.045017827,-0.21764603,0.538277,0.7452604174613953,0.24261467,3.6857598,2.7685108
2555,2.3411214,0.10289827,-0.3009551,0.41901547,0.5090780854225159,0.27685583,2.4402814,2.5128639
2556,2.219196,-0.0027911584,-0.2021089,0.34922913,0.7072054147720337,0.27429676,4.398748,2.8859787
2557,2.3168113,-0.028522292,-0.24831903,0.5173371,0.6094969511032104,0.27388453,2.9893215,2.5949967
2558,2.2249854,-0.07226124,-0.31548107,0.55697644,0.6971952319145203,0.26310876,5.297886,2.774198
2559,2.3070679,-0.048020475,-0.1754199,0.45031568,0.85,0.12725402,2.5608447,1.3323207
2560,2.333299,-0.03485766,-0.30498818,0.506455,0.8289478421211243,0.16216403,2.875761,1.741898
2561,2.2164037,0.01638165,-0.19406286,0.47142357,0.7292031645774841,0.25128734,3.3949425,1.807567
2562,2.2174466,0.095837906,-0.2416141,0.43610087,0.7360528707504272,0.25637287,3.5779684,2.2127774
2563,2.299114,-0.04884037,-0.24962324,0.36815944,0.7575491070747375,0.22996649,3.6292944,1.9993563
2564,2.3175495,0.023632022,-0.2737349,0.51784295,0.555952787399292,0.2931364,2.8420215,2.2607272
2565,2.2315724,-0.051789206,-0.28533742,0.5118916,0.826898455619812,0.21002051,4.360546,2.1228101
2566,2.469056,-0.09574068,-0.32784525,0.49338934,0.3109089434146881,0.2558932,2.2256284,1.8525088
2567,2.2029226,-0.014393128,-0.19839883,0.54499966,0.846063494682312,0.17563118,3.7164383,2.079159
2568,2.449763,0.029312659,-0.31778085,0.41627425,0.2736145555973053,0.17431664,2.0596974,1.6709533
2569,2.1715586,-0.056516528,-0.14540553,0.587982,0.7486282587051392,0.2632843,3.8093967,2.4102023
2570,2.335953,-0.095997594,-0.2174572,0.58074063,0.7432592511177063,0.22579812,2.535137,1.9642518
2571,2.2452843,-0.030658513,-0.18542886,0.43159613,0.7987534403800964,0.21998768,2.9852517,2.0109684
2572,2.3630753,-0.08467314,-0.21150425,0.5598341,0.429461807012558,0.2720966,2.2237713,2.2701929
2573,2.1845798,0.12055094,-0.17807382,0.3457902,0.7038760781288147,0.27526098,3.6563,2.820527
2574,2.2688525,0.0060589267,-0.16962768,0.4792586,0.8181380033493042,0.16735531,2.652295,1.6995232
2575,2.3256538,0.0011190674,-0.26928177,0.4331271,0.7489866018295288,0.21397005,2.7962215,2.1269014
2576,2.2913506,0.047289237,-0.18854256,0.47707215,0.7099363803863525,0.20126596,2.2630415,1.6995887
2577,2.1341186,0.14253502,-0.18899018,0.44192362,0.7869495749473572,0.2098059,4.1075697,2.483982
2578,2.2728856,-0.09831351,-0.25945994,0.5227571,0.7141371965408325,0.26343474,4.052663,2.5645306
2579,2.2952607,-0.023360645,-0.16004121,0.3825238,0.5400905013084412,0.3080813,2.7538016,2.7655208
2580,2.3387506,-0.12574078,-0.22084919,0.40755177,0.6915553212165833,0.27435377,2.8770351,2.5888875
2581,2.3235602,-0.19232853,-0.3177061,0.55986214,0.8157826066017151,0.22612773,4.0261183,2.2528133
2582,2.2352822,-0.09358433,-0.19093141,0.5351961,0.803798496723175,0.2222261,4.215437,2.5822642
2583,2.1772587,0.09443995,-0.23627722,0.45296007,0.6657233834266663,0.29932165,4.3002872,2.8047845
2584,2.2234797,-0.04807172,-0.22031601,0.48098782,0.8354370594024658,0.20295887,3.908771,2.37072
2585,2.2718332,-0.035554025,-0.27003768,0.5363904,0.7293205857276917,0.28245056,3.7650883,2.6181166
2586,2.2276504,-0.0009484048,-0.24444693,0.37920338,0.7889938354492188,0.23256941,4.3153048,2.749333
2587,2.4346254,0.013866024,-0.35910982,0.5004925,0.4401816725730896,0.2661827,2.2330558,2.4305503
2588,2.2304764,0.03975897,-0.14344898,0.27499145,0.8096930980682373,0.20553048,3.5277643,2.3842013
2589,2.2636786,-0.060442206,-0.2108936,0.5293178,0.8036671876907349,0.20028864,2.7896929,2.4290166
2590,2.0929146,0.05959627,-0.25357753,0.48023275,0.8336658477783203,0.235031,7.5438056,1.8246968
2591,2.3285198,-0.034786385,-0.36359897,0.5794564,0.8427340388298035,0.19209412,3.19165,2.285832
2592,2.2701921,-0.009309141,-0.34338894,0.4334869,0.7525483965873718,0.23726612,4.2994494,2.7404895
2593,2.4401655,-0.055114448,-0.28193343,0.5151824,0.5874355435371399,0.21715069,2.172919,2.1459155
2594,2.315611,-0.057615582,-0.17335899,0.49640283,0.6019290685653687,0.2419655,2.4197206,1.8537892
2595,2.2430375,-0.08637653,-0.29304087,0.5153493,0.6767849326133728,0.27647683,4.782406,2.7286525
2596,2.1533577,-0.116964,-0.18113427,0.5763086,0.7199658155441284,0.28755224,6.6923523,2.5202713
2597,2.2874424,-0.046177372,-0.34923285,0.40560406,0.814594030380249,0.2302498,4.1529403,1.8206794
2598,2.384025,-0.060039643,-0.3484707,0.43481022,0.7353740334510803,0.2197267,2.856276,1.8743896
2599,2.2675877,-0.14338577,-0.31226787,0.45461756,0.7606166005134583,0.24728954,5.6306505,2.8997748
2600,2.2689729,-0.034392286,-0.26114026,0.49349672,0.7296270132064819,0.25523686,3.6547425,2.274857
2601,2.2376263,-0.10011037,-0.22634047,0.45198658,0.766501247882843,0.2428688,4.613898,2.7628236
2602,2.3141434,-0.19162083,-0.20897381,0.48660365,0.781812310218811,0.22421305,3.6336942,1.9406729
2603,2.1980238,0.011242428,-0.22699521,0.62909746,0.7574669718742371,0.270992,4.310086,2.789561
2604,2.27363,-0.16227373,-0.22961374,0.5515846,0.773371696472168,0.23746873,4.0496826,2.7475646
2605,2.172734,-0.07248249,-0.22162399,0.6020217,0.8134250044822693,0.22775976,5.8024006,2.1563227
2606,2.2286184,0.032093655,-0.23145731,0.49711084,0.7603888511657715,0.2416229,3.8174403,2.6681361
2607,2.2208045,-0.05754162,-0.16583294,0.38567612,0.85,0.16338143,4.044566,2.300593
2608,2.201594,-0.07749428,-0.29065025,0.5826007,0.7915046811103821,0.22881572,5.450559,2.3479927
2609,2.2354922,-0.2120737,-0.18902855,0.54802704,0.750566840171814,0.2522753,5.728878,2.3698404
2610,2.2910542,-0.13522698,-0.21078987,0.52423406,0.8066568374633789,0.23460235,3.3875477,2.5365627
2611,2.1941147,-0.07165068,-0.21894298,0.5549153,0.7818343639373779,0.24085909,4.8058357,2.5620828
2612,2.3453028,-0.021435933,-0.17185001,0.49818978,0.4044106900691986,0.3041008,2.1264126,2.7464256
2613,2.127801,0.102766365,-0.059166674,0.44901854,0.6504466533660889,0.29223067,3.823735,2.8022234
2614,2.2377374,0.013000782,-0.2662503,0.54550374,0.8421249985694885,0.2134673,3.5717404,2.2999518
2615,2.3809352,0.04757325,-0.2609144,0.3677095,0.27227842807769775,0.32493436,2.0038548,2.718949
2616,2.1946762,0.0023214647,-0.2073483,0.3943657,0.85,0.20568293,4.5966477,1.9213045
2617,2.3287544,0.05489319,-0.22259723,0.37059483,0.6811216473579407,0.19122858,2.3982208,1.6008567
2618,2.2682397,0.1093993,-0.26395282,0.48072258,0.6317113041877747,0.27104065,2.8760574,2.438755
2619,2.1957753,0.061160732,-0.31160605,0.4326949,0.7822826504707336,0.21899022,4.93468,1.869987
2620,2.4253902,-0.05980639,-0.35123256,0.4203948,0.4499249756336212,0.26716092,2.5413332,2.304903
2621,2.351565,-0.03828019,-0.34249356,0.5059978,0.724727988243103,0.26011568,2.9252312,2.7429137
2622,2.185292,0.014002811,-0.16802773,0.48738888,0.8282833099365234,0.22120205,3.8666894,2.027041
2623,2.2565594,0.05130943,-0.12518087,0.43127298,0.6567651629447937,0.2020893,2.4998262,1.6491538
2624,2.1664412,0.13026167,-0.28427812,0.34555346,0.7932994365692139,0.23535502,4.8981547,2.7142222
2625,2.2543805,-0.02160437,-0.23326902,0.37350586,0.7498415112495422,0.23387027,3.9281063,2.7259543
2626,2.039348,0.023047194,-0.22539954,0.5971156,0.7533974051475525,0.3216469,14.2491,1.7068793
2627,2.1778712,0.013826852,-0.27148178,0.39971998,0.7553200721740723,0.23751923,5.4986143,2.873563
2628,2.3816938,-0.009061159,-0.047558736,0.46977684,0.005808634217828512,0.3060621,2.172478,2.6670759
2629,2.123995,-0.0075850054,-0.27282837,0.58876806,0.6877166628837585,0.32192943,9.526765,2.8133175
2630,2.1784139,0.06387873,-0.13175014,0.37848476,0.7708295583724976,0.26619503,3.6776218,2.4238803
2631,2.0769475,-0.03481268,-0.12847057,0.5538774,0.761258065700531,0.27614033,7.9235783,2.5373912
2632,2.2421627,-0.068177715,-0.17999262,0.50724167,0.7529942989349365,0.23089059,3.4861343,2.4598966
2633,2.1133258,0.090461515,-0.26978138,0.40451604,0.7285416722297668,0.2900771,8.498713,2.5648277
2634,2.2531464,0.021712907,-0.31449676,0.43781552,0.85,0.1835375,3.9720948,1.8222424
2635,2.1096618,0.086442485,-0.18432522,0.33096296,0.822708249092102,0.24017897,6.6568036,2.226216
2636,2.213758,-0.016228694,-0.18408516,0.4895741,0.7231944799423218,0.2758484,4.240366,2.227773
2637,2.2817426,0.14756632,-0.26284578,0.3835553,0.5504500865936279,0.27079093,2.563032,2.214257
2638,2.3196332,0.036473818,-0.26667106,0.15318152,0.8382844924926758,0.17576934,3.0014682,2.7200885
2639,2.162044,-0.0978426,-0.31570902,0.62158173,0.7342950105667114,0.3376277,10.721692,2.6891224
2640,2.193087,-0.1049279,-0.11921161,0.41065243,0.8104260563850403,0.21695891,4.243616,2.487891
2641,2.3382123,0.025108162,-0.23302564,0.4074134,0.769039511680603,0.11262571,2.1767404,1.3788502
2642,2.0643928,0.062785424,-0.1308749,0.47949553,0.7823693156242371,0.26388013,6.9027996,2.3819294
2643,2.2371228,0.029751616,-0.21911816,0.37733707,0.7440279722213745,0.24222603,3.1445372,2.8551984
2644,2.5147917,-0.044686545,-0.34233326,0.5804842,-0.11929400265216827,0.065848984,1.3125838,1.336147
2645,2.23945,0.029680459,-0.21531245,0.38880953,0.7445307374000549,0.24287306,3.4076252,1.8652041
2646,2.3245053,0.1190955,-0.25626633,0.4421758,0.6077566742897034,0.23800573,2.142512,2.014843
2647,2.2138262,0.1063507,-0.11640987,0.4092812,0.6562753319740295,0.2620488,2.6608047,1.8744316
2648,2.1874373,0.018726045,-0.2410634,0.46115294,0.7014269232749939,0.26387605,5.098957,2.635754
2649,2.2655282,-0.06482376,-0.22220665,0.48193136,0.8487234711647034,0.17473073,3.5233371,2.3435328
2650,2.2437167,0.016592093,-0.25959238,0.54167634,0.6930642127990723,0.26282126,3.5150282,2.4863856
2651,2.188901,-0.088268556,-0.2690277,0.41599527,0.7495068907737732,0.2957897,7.906502,2.554371
2652,2.347379,-0.14655055,-0.26588887,0.36063725,0.664688766002655,0.25784552,3.3367982,2.7233932
2653,2.282395,0.06356777,-0.18094853,0.33135155,0.7272537350654602,0.18559091,2.6139452,1.612326
2654,2.410794,-0.06556599,-0.42170224,0.5081813,0.5561646223068237,0.29204017,3.006788,2.8235464
2655,2.3085253,0.15061973,-0.3558893,0.47669375,0.6081211566925049,0.20318237,2.4448433,2.0550015
2656,2.383971,0.03663458,-0.2986244,0.4308004,0.42684051394462585,0.25371003,2.2504015,1.762229
2657,2.2277641,-0.024549695,-0.1675513,0.4087885,0.7449979782104492,0.24117528,3.682379,2.6573305
2658,2.2146873,0.07400499,-0.23293133,0.44113517,0.7301256656646729,0.26056895,3.9067793,2.496794
2659,2.3492794,-0.03664813,-0.27787757,0.42607546,0.6822614073753357,0.21489756,2.6608145,1.656929
2660,2.1829221,-0.10478696,-0.12615772,0.54493046,0.821054995059967,0.24964677,4.1790705,2.514518
2661,2.339706,-0.0190256,-0.20462771,0.46317086,0.578334629535675,0.16488837,2.2838845,1.3026905
2662,2.2477117,-0.1003621,-0.17906892,0.46211174,0.6938955783843994,0.2614635,3.7377687,2.4049726
2663,2.1890502,0.1243175,-0.18962887,0.47269234,0.7645572423934937,0.20480551,2.8258684,1.4716057
2664,2.2567701,0.058596402,-0.17599778,0.537373,0.7007039785385132,0.2284025,2.5898957,2.432264
2665,2.1699002,0.006330925,-0.30848095,0.5436849,0.8057408332824707,0.26420996,6.544226,2.862969
2666,2.17542,0.10329342,-0.12675665,0.30540952,0.849563717842102,0.19015162,3.4165576,2.3285377
2667,2.3366685,-0.042680986,-0.2577762,0.44863302,0.5232996344566345,0.313358,2.8310325,2.7432
2668,2.2021356,0.011458285,-0.21502118,0.532721,0.7852305769920349,0.2556678,3.8763006,2.690941
2669,2.294397,-0.047048308,-0.23223439,0.3935617,0.6870787739753723,0.28482932,3.351353,2.4612744
2670,2.2299252,0.02307908,-0.29038605,0.4959652,0.8465919494628906,0.21930422,3.9182088,2.1029475
2671,2.34811,0.017881038,-0.2847869,0.54847383,0.6783607006072998,0.1914504,2.0601537,1.9388951
2672,2.3413534,-0.002409473,-0.26744562,0.48653486,0.6176261901855469,0.23644316,2.4545395,2.0479414
2673,2.2458231,-0.017441768,-0.20260121,0.34436905,0.7886401414871216,0.2395863,3.652764,2.1464868
2674,2.2202055,-0.11247452,-0.3035474,0.64838153,0.7529388666152954,0.26720306,5.983182,2.7694762
2675,2.2878628,-0.027777322,-0.29966193,0.51977247,0.7754865288734436,0.21679208,3.4555082,2.0987995
2676,2.3628356,-0.039145682,-0.20977804,0.59609896,0.42841386795043945,0.22033669,2.1547859,2.0764017
2677,2.2065265,-0.08453197,-0.26517206,0.48897594,0.7484659552574158,0.26325867,6.2605863,2.7320876
2678,2.3080413,-0.09722098,-0.31745255,0.53418857,0.85,0.17058125,3.2498538,1.8772683
2679,2.4098048,-0.09677308,-0.36577603,0.55952567,0.6401697993278503,0.22392593,2.4861772,1.7552
2680,2.2043033,-0.029131899,-0.21361083,0.5045097,0.70601886510849,0.28012735,4.681339,2.7519903
2681,2.1542656,0.03343736,-0.1759765,0.37043208,0.7987764477729797,0.23438708,4.951595,2.8513017
2682,2.361621,0.062329803,-0.23118107,0.49748102,0.31357094645500183,0.3019568,2.15997,2.6910915
2683,2.2276995,0.089661434,-0.23342696,0.44764417,0.7361547946929932,0.24477023,3.7593477,2.0938466
2684,2.2687159,-0.06536697,-0.21826252,0.52762514,0.7581803202629089,0.26934072,3.2332175,2.3781185
2685,2.2115784,0.010103401,-0.29759723,0.37916142,0.8361316919326782,0.23186821,5.3119445,2.8373277
2686,2.2835348,-0.008921231,-0.22378549,0.39686766,0.7624076008796692,0.22403005,3.0184925,2.3146749
2687,2.3204265,-0.08684219,-0.25639492,0.522812,0.8267611861228943,0.20629653,2.843916,2.316351
2688,2.3311224,-0.08479008,-0.1976808,0.55749106,0.6604474782943726,0.26137716,2.478871,2.1502888
2689,2.368851,0.0019730902,-0.20973262,0.35918978,0.39947769045829773,0.30526546,2.303162,2.2140136
2690,2.409423,-0.09295649,-0.19177127,0.5611393,0.4106399416923523,0.21097796,2.1610806,1.6467401
2691,2.2119582,-0.04993463,-0.1509678,0.41575578,0.8245962262153625,0.1961209,3.7728534,2.5685766
2692,2.4064734,-0.17185888,-0.31812543,0.55443645,0.5807889103889465,0.29429662,2.976487,2.726603
2693,2.2291114,-0.03167447,-0.22370467,0.53244853,0.7644942998886108,0.24743818,4.2284174,2.5596888
2694,2.3221292,-0.07204965,-0.17167759,0.26488346,0.7606359124183655,0.20708057,3.1286497,1.8675778
2695,2.238545,0.026777329,-0.23645522,0.35304004,0.8078592419624329,0.22871879,3.8629656,2.7875857
2696,2.4016914,-0.1096604,-0.2655725,0.4402505,0.5505315065383911,0.26700586,2.5143216,2.4914775
2697,2.2450018,0.07038851,-0.25942168,0.36696646,0.7653248906135559,0.2333375,3.6929722,2.6516623
2698,2.1977928,-0.03196816,-0.19328348,0.5318953,0.85,0.20458622,3.9337373,2.837672
2699,2.18857,0.11074434,-0.20829679,0.48303849,0.693952202796936,0.28738737,3.6031847,2.8676085
2700,2.3883426,-0.05307574,-0.24936266,0.4291977,0.6126379370689392,0.20587233,2.2908652,1.8588616
2701,2.210381,-0.036196552,-0.20119764,0.5312173,0.7919579744338989,0.23389067,3.9873102,2.7716346
2702,2.2370052,-0.093656845,-0.3263161,0.5597179,0.6885642409324646,0.2873918,6.5399218,2.782388
2703,2.337784,0.11024718,-0.37889665,0.39964968,0.6919683814048767,0.25409868,3.0435674,2.6313038
2704,2.1407526,0.051905297,-0.1500739,0.6336714,0.85,0.1856359,3.7380092,2.1406147
2705,2.212437,-0.002774175,-0.1204987,0.43677655,0.6677127480506897,0.27239862,3.4137375,2.3535113
2706,2.2169993,0.10475192,-0.20778656,0.31351253,0.7538995146751404,0.26223105,3.611737,2.8053663
2707,2.2473419,0.009008067,-0.2999517,0.519725,0.7276706695556641,0.24839333,3.774715,2.6601863
2708,2.2558746,0.11416261,-0.28745273,0.48076475,0.85,0.17271252,2.7587922,1.7280511
2709,2.392527,-0.21926773,-0.37900296,0.5988459,0.651810884475708,0.29727373,3.871633,2.7544656
2710,2.3088753,0.019554587,-0.27478895,0.55083996,0.8237015008926392,0.2015125,2.8132277,2.4844933
2711,2.1795561,-0.014447302,-0.187934,0.42649588,0.7721213102340698,0.25108787,4.774325,2.525296
2712,2.2011425,0.04018958,-0.11034498,0.47769582,0.7606368660926819,0.22933115,3.238163,2.2664268
2713,2.2646239,-0.022878475,-0.2765735,0.57380253,0.7485302686691284,0.23790643,3.3566484,1.795141
2714,2.196173,-0.020305112,-0.09547688,0.38310117,0.7937691807746887,0.22233537,3.4002085,2.8791313
2715,2.2370973,0.06911858,-0.18560188,0.49246654,0.7472257614135742,0.20948854,2.6530144,1.3089294
2716,2.210179,0.010206208,-0.2136312,0.43014193,0.7798685431480408,0.2388438,4.1542444,2.673273
2717,2.5043128,-0.008798315,-0.29302692,0.4690018,0.533280611038208,0.16571626,2.0272017,1.3767473
2718,2.2635002,0.015878387,-0.24390534,0.38548008,0.684312641620636,0.2719759,3.0794663,2.351068
2719,2.2622294,-0.104974054,-0.22906025,0.6156096,0.8193855881690979,0.2304552,3.5884135,2.4859529
2720,2.3005078,-0.107712045,-0.3439231,0.44885594,0.8228756785392761,0.22021522,4.8190126,2.883426
2721,2.0904074,0.060467456,-0.16773409,0.4302553,0.654262363910675,0.31577766,7.9407067,2.7243862
2722,2.4349742,-0.2519174,-0.20805666,0.53128725,0.8261218667030334,0.13861333,2.1886156,1.7336891
2723,2.071778,0.011971693,-0.26124862,0.50362444,0.7806868553161621,0.32022533,13.150856,1.5012918
2724,2.1931136,-0.026650777,-0.14941171,0.42962748,0.6778724789619446,0.27360657,4.405603,2.8523471
2725,2.4095628,-0.15884613,-0.29338425,0.47005,0.661285400390625,0.251844,2.5785306,1.9785819
2726,2.0981293,-0.037905097,-0.21093798,0.49563673,0.7939491271972656,0.27478084,10.711958,2.178201
2727,2.409929,-0.09093965,-0.3018792,0.3827766,0.7943615317344666,0.1574203,2.4944406,1.6487069
2728,2.2346115,0.031372804,-0.23797669,0.45206708,0.8443694710731506,0.17939149,3.3946443,1.627815
2729,2.2234466,-0.084426224,-0.20965825,0.51852924,0.7013421058654785,0.27496555,4.7110357,2.880778
2730,2.2905638,0.0036036707,-0.28881818,0.47463152,0.6388670206069946,0.29376945,3.3356714,2.3166015
2731,2.221203,-0.040575013,-0.24741462,0.42112875,0.7448647022247314,0.24099681,4.634895,2.8249817
2732,2.3714542,-0.019170858,-0.3652145,0.44264394,0.7552862763404846,0.22551227,3.034807,2.5543938
2733,2.3201418,0.0924621,-0.17576678,0.5113642,0.2571874260902405,0.25131023,2.0989006,2.2858727
2734,2.1891954,0.08792067,-0.14676043,0.39686513,0.8091170787811279,0.22421475,3.0585103,2.403204
2735,2.1865315,0.06419208,-0.23977003,0.2900482,0.7881407737731934,0.23379979,5.1277623,2.6377618
2736,2.3163376,-0.036626145,-0.33037013,0.496339,0.8408327698707581,0.17830601,3.3571734,1.6746275
2737,2.1397598,-0.038755834,-0.13476047,0.54049,0.8232818841934204,0.20022805,4.9677067,2.4444828
2738,2.311332,-0.081624925,-0.2819389,0.49517864,0.7423234581947327,0.25263742,3.403123,2.3595576
2739,2.4618137,-0.17805575,-0.3179321,0.4521562,0.4922325611114502,0.2800473,2.3999493,2.7549322
2740,2.287118,0.018040057,-0.26749793,0.41779327,0.6306565403938293,0.27687758,3.3364298,2.2541177
2741,2.30322,-0.080201074,-0.21517158,0.4890673,0.6979818344116211,0.24251749,3.1624079,2.278424
2742,2.247162,-0.01379479,-0.289385,0.46995407,0.7043133974075317,0.23754126,3.7789948,1.7265321
2743,2.2813454,-0.028623963,-0.21262272,0.43114287,0.7088813781738281,0.26894885,3.2414198,2.8702111
2744,2.2479396,0.07093379,-0.22062507,0.44551602,0.7858238816261292,0.24209324,3.068378,2.0649538
2745,2.2847853,0.015407641,-0.31117758,0.20642757,0.8181926012039185,0.24294707,4.1892185,2.8351548
2746,2.161363,-0.13050526,-0.26600185,0.8563168,0.8181771636009216,0.24958338,7.399009,2.2935362
2747,2.2230136,-0.057543453,-0.15965606,0.39312387,0.717781662940979,0.25929797,3.8705819,2.0427537
2748,2.156804,0.029518845,-0.16620329,0.51859707,0.7075864672660828,0.26941422,4.248279,2.694652
2749,2.17845,0.011757775,-0.25131938,0.38364115,0.7846964001655579,0.2641315,5.4734607,2.6528559
2750,2.0863028,-0.0436636,-0.14792582,0.49012712,0.7881149649620056,0.2671777,8.901958,1.718139
2751,2.2671573,0.038721897,-0.26205838,0.43709484,0.6812639832496643,0.2493058,3.263825,2.5270112
2752,2.4202373,-0.12530789,-0.22723848,0.55955887,0.8247243165969849,0.12703075,2.0774994,1.8848667
2753,2.1889303,0.017250953,-0.17396435,0.49139377,0.7566635012626648,0.26074195,4.1590877,2.5021584
2754,2.3018777,-0.067295335,-0.20953481,0.5474449,0.7164773344993591,0.26185688,2.8545885,2.4635434
2755,2.2590282,-0.046483688,-0.20063406,0.46642822,0.8207569122314453,0.20553392,2.6617355,1.813966
2756,2.2262485,0.08879199,-0.088554,0.35587037,0.5074301362037659,0.30440888,2.9586174,2.6845636
2757,2.3056145,-0.051183246,-0.20668225,0.47745088,0.6876599788665771,0.25535938,2.600088,2.8019633
2758,2.2877364,-0.015832901,-0.23273686,0.45661885,0.6271745562553406,0.3054045,3.1361964,2.5732343
2759,2.178842,0.12665649,-0.18212266,0.38398755,0.7157009840011597,0.2640822,3.5445921,2.1052349
2760,2.3426704,0.06984963,-0.31465358,0.40718558,0.5383098721504211,0.24370417,2.529166,1.591126
2761,2.3520849,-0.06024054,-0.34543744,0.4829012,0.7975313067436218,0.20420563,3.167106,2.5471182
2762,2.337661,-0.029457917,-0.4220274,0.429247,0.7724006772041321,0.23925842,4.051975,2.5317087
2763,2.2645316,-0.02049333,-0.21352701,0.448763,0.7036324143409729,0.26243547,3.0812902,2.4475563
2764,2.3700423,-0.059005175,-0.2884662,0.43035522,0.8027483224868774,0.17294894,2.672497,1.6223289
2765,2.1266093,0.06281848,-0.16187686,0.48333308,0.802222728729248,0.2459176,4.73883,2.4601166
2766,2.3079715,-0.01237101,-0.19393156,0.43142533,0.6610732674598694,0.24956992,2.7327495,2.2870154
2767,2.3241055,-0.03229044,-0.18922013,0.59823084,0.3955111503601074,0.27629745,2.32106,2.2426221
2768,2.22547,0.07223355,-0.35278252,0.57988507,0.7890502214431763,0.23124804,4.1659737,1.8710136
2769,2.2409747,-0.025416989,-0.22985573,0.53035575,0.8088011741638184,0.21912529,3.5925412,2.3981285
2770,2.3163664,-0.04461043,-0.14275745,0.5310554,0.5886819362640381,0.23907769,2.2770376,2.2423012
2771,2.219578,0.086037576,-0.27822107,0.4763201,0.7726354598999023,0.2235502,4.1678467,2.252446
2772,2.2927861,-0.07408689,-0.16763186,0.38654613,0.55137038230896,0.3207004,2.9516423,2.7581964
2773,2.3486876,-0.20016316,-0.34305957,0.47485116,0.7955855131149292,0.24039264,4.131642,2.7461042
2774,2.3332589,-0.10309319,-0.33304146,0.40584064,0.8363792896270752,0.2045769,3.9375432,2.354656
2775,2.1771073,-0.012234082,-0.1106447,0.27968678,0.7401833534240723,0.2937161,4.5377674,2.6029892
2776,2.2007346,-0.110427566,-0.2929536,0.5736857,0.7447671890258789,0.2745857,7.594724,2.1054957
2777,2.3304884,0.008410441,-0.23944914,0.39183745,0.6608642339706421,0.22454311,2.548839,2.0184863
2778,2.2236102,-0.06699492,-0.20745517,0.4779612,0.6660438179969788,0.28120464,4.4054904,2.6853278
2779,2.1861484,0.040914446,-0.11093142,0.5012296,0.7833272814750671,0.22831608,3.3860528,2.1853654
2780,2.2528102,-0.110401295,-0.23953597,0.63786393,0.8211300373077393,0.25491273,4.098146,2.4927998
2781,2.2650805,-0.011592958,-0.16151786,0.51291233,0.7900299429893494,0.20539694,2.9042838,2.2999182
2782,2.16776,0.079454355,-0.18685313,0.42461908,0.7700216174125671,0.24049497,4.188236,2.8864799
2783,2.3632746,-0.010183077,-0.2618935,0.37509364,0.685113787651062,0.19613492,2.4622962,1.7816162
2784,2.195255,-0.04006157,-0.24400267,0.5143057,0.688694179058075,0.2846477,4.7538614,2.6771376
2785,2.3093376,-0.09594572,-0.33039424,0.5263533,0.8202833533287048,0.20425403,3.802812,2.068814
2786,2.230942,0.035606187,-0.2250535,0.45716417,0.6840993762016296,0.276593,3.4325397,2.8323884
2787,2.4645991,-0.0460622,-0.24796095,0.5400147,0.7833229899406433,0.117330156,2.0485058,2.2165082
2788,2.4387083,-0.17883231,-0.3196345,0.47887427,0.8036354780197144,0.18506385,2.520243,2.1002085
2789,2.4236877,-0.0420024,-0.35051963,0.5796373,0.520630955696106,0.25939104,2.3481624,2.3291917
2790,2.3074017,0.075336866,-0.3743345,0.43233812,0.8308446407318115,0.16547512,2.7589433,1.534409
2791,2.2852886,-0.116271876,-0.3204271,0.6060828,0.818976104259491,0.22574435,3.5373724,2.5535192
2792,2.279677,-0.09970832,-0.20688725,0.3650542,0.7820212244987488,0.23442997,3.9943018,2.6680098
2793,2.250871,0.03970086,-0.18224779,0.46343336,0.7907666563987732,0.2128365,2.8921144,2.2216246
2794,2.3469148,-0.0050752135,-0.30066615,0.3543343,0.7920970916748047,0.20869139,2.8870347,1.9553101
2795,2.1397326,-0.06443988,-0.0770474,0.39421636,0.8298920392990112,0.21047775,5.36269,2.5595996
2796,2.3256567,0.03369984,-0.2172202,0.44887626,0.5659992098808289,0.2913399,2.2800736,2.4772434
2797,2.3438838,-0.0153152095,-0.20844787,0.40809867,0.7352458238601685,0.152127,2.2810285,1.7046583
2798,2.3253174,-0.008640595,-0.352955,0.43206412,0.82447350025177,0.20588592,3.579175,2.5136461
2799,2.3320274,-0.078141026,-0.20063365,0.5375254,0.496521532535553,0.31285638,2.658971,2.9026458
2800,2.254539,0.011827522,-0.27373892,0.48690933,0.765579342842102,0.23941419,3.2330222,2.051483
2801,2.3953326,-0.16826372,-0.28830153,0.48586,0.7357850074768066,0.23373838,2.8590608,2.156048
2802,2.17635,-0.052207235,-0.19325007,0.5697975,0.7949556708335876,0.23449187,4.5801063,2.3634458
2803,2.217181,-0.004575845,-0.19421497,0.43840557,0.7883085608482361,0.22899827,4.0776353,2.4806783
2804,2.2619228,-0.02674741,-0.16164966,0.43347,0.7139054536819458,0.25805977,3.2782593,2.5545506
2805,2.2313445,0.076652065,-0.27897206,0.44399893,0.6885197758674622,0.28032103,3.8212533,2.864241
2806,2.1443644,0.032273397,-0.12760301,0.3836564,0.7514558434486389,0.26867595,4.2009153,2.7258499
2807,2.3957598,-0.08914247,-0.31334224,0.59170514,0.5316444039344788,0.2673987,2.3808038,1.5546628
2808,2.2937005,-0.0024655864,-0.30405983,0.4160978,0.6752943992614746,0.27462137,3.4181435,2.8491669
2809,2.2150762,0.20770706,-0.19415106,0.37042144,0.8417412638664246,0.15791254,2.573768,1.8026007
2810,2.2658606,-0.055885572,-0.0906475,0.4451686,0.6843704581260681,0.2635007,2.9100735,2.2745998
2811,2.2622633,0.010720341,-0.21733001,0.5054069,0.7147045731544495,0.26545402,3.1695344,2.6606305
2812,2.1812463,0.14743622,-0.23288594,0.4216615,0.698037326335907,0.27518788,4.003573,2.7973866
2813,2.326663,0.06307186,-0.22634608,0.44378838,0.43488967418670654,0.21737097,2.1114185,1.6543113
2814,2.2490811,0.03914066,-0.22946241,0.4104371,0.779293954372406,0.23949754,3.1890657,2.87055
2815,2.2689853,-0.01679407,-0.19307187,0.49073187,0.6384273171424866,0.2792752,3.0792978,2.8758729
2816,2.2044966,0.052712932,-0.2557971,0.4252811,0.8208374381065369,0.21524186,4.111762,2.6608396
2817,2.2880745,-0.061518073,-0.30003187,0.4797204,0.7392034530639648,0.27689737,3.7736752,2.7042544
2818,2.2255073,-0.052931517,-0.12764636,0.48370942,0.6730414628982544,0.27174443,3.7476413,2.4905863
2819,2.2945828,0.021796176,-0.27296913,0.5193595,0.749421238899231,0.20995365,2.9036908,1.7074213
2820,2.2118049,-0.047344826,-0.23497891,0.47154826,0.7825985550880432,0.21422307,4.7001104,2.1914206
2821,2.4178386,-0.088669024,-0.36073792,0.4789751,0.699744701385498,0.2075568,2.5398443,2.068468
2822,2.3336227,0.076698676,-0.35082328,0.53732806,0.5692943334579468,0.26593626,2.6687083,2.247239
2823,2.217152,-0.061897617,-0.24278842,0.49047264,0.7948734760284424,0.21887954,4.8004427,2.082882
2824,2.250602,-0.008100464,-0.2499356,0.46842474,0.7080371975898743,0.24757613,3.7825089,2.5572317
2825,2.1859326,-0.15303077,-0.20377748,0.3625612,0.6892139911651611,0.31815627,9.560475,2.0566428
2826,2.3303828,-0.014179364,-0.15701166,0.45919442,0.47763577103614807,0.29130062,2.3380535,2.8491707
2827,2.252765,-0.057586666,-0.23919056,0.46348962,0.85,0.19323687,3.7523897,2.6670647
2828,2.2727892,-0.02460728,-0.19477712,0.36593592,0.8104024529457092,0.20481001,3.5771604,1.7419556
2829,2.2419286,-0.088068806,-0.27181605,0.45629087,0.8217703700065613,0.20046778,4.697566,2.510474
2830,2.3232424,-0.043990154,-0.24361514,0.4366788,0.5673685073852539,0.3042426,2.7434168,2.3917212
2831,2.2715044,-0.055771418,-0.15568085,0.42269412,0.7377455830574036,0.23630646,3.197437,2.5195014
2832,2.2363267,0.09706767,-0.31853157,0.45120147,0.77217036485672,0.21623303,3.587704,1.7762358
2833,2.2610075,-0.033372063,-0.26046863,0.52655166,0.7321161031723022,0.2569135,3.794796,2.232637
2834,2.2337375,0.06843205,-0.28287,0.54297215,0.7395153641700745,0.27816966,3.7374704,2.68224
2835,2.2385862,-0.051938567,-0.4118054,0.68686414,0.7992676496505737,0.22774541,5.405526,1.7674464
2836,2.2422361,-0.058942914,-0.32516247,0.57933176,0.724297285079956,0.26205665,4.9352617,2.3225288
2837,2.3047824,-0.052767865,-0.1480667,0.4370315,0.8419169783592224,0.144704,2.6684802,2.2672324
2838,2.3565094,-0.05224857,-0.31219324,0.4403309,0.7785754203796387,0.18741669,2.7389145,1.7238644
2839,2.342788,-0.071089245,-0.25155106,0.36865574,0.8033782243728638,0.20004517,2.7493808,2.2946029
2840,2.2232287,0.104746476,-0.24182495,0.38959745,0.7332479953765869,0.22756016,3.2146537,2.7569513
2841,2.2377598,-0.045049742,-0.3132699,0.47373223,0.8228728771209717,0.20225234,4.539214,1.9059283
2842,2.2462249,0.0017243549,-0.3286149,0.58878076,0.749915361404419,0.24845348,4.0888033,2.311293
2843,2.4655247,-0.2866998,-0.31080624,0.5121678,0.6319155097007751,0.28671387,2.8373287,2.5089211
2844,2.165879,-0.1334164,-0.09951265,0.5360614,0.6875869035720825,0.26612404,5.650058,2.7484403
2845,2.359037,-0.015124206,-0.27448225,0.51827693,0.5892038345336914,0.23082767,2.4889266,1.9408994
2846,2.1449685,0.11638152,-0.18856396,0.47979382,0.8013579249382019,0.18962543,3.698365,2.4021919
2847,2.2987304,0.009553599,-0.2048074,0.37065902,0.6842617392539978,0.26046562,2.8877559,2.416919
2848,2.2278562,-0.064822614,-0.24555081,0.39618134,0.804384708404541,0.19776674,4.8466096,2.5544243
2849,2.3130977,-0.13679355,-0.28623897,0.4515186,0.8450573682785034,0.1953487,3.7062333,2.6609585
2850,2.3799653,-0.08305982,-0.23744105,0.608328,0.3823901414871216,0.29327238,2.2147512,2.554394
2851,2.3266416,-0.0061574853,-0.24005617,0.5629313,0.5748762488365173,0.23427166,2.3230457,1.725747
2852,2.3390596,-0.12227036,-0.3751071,0.57387966,0.8270779252052307,0.19633186,3.9983463,2.609896
2853,2.2988667,0.0048687123,-0.24972713,0.4097627,0.7188829779624939,0.27466157,3.027986,2.7973802
2854,2.2321763,-0.022859218,-0.32177994,0.59008664,0.7143300175666809,0.24837983,4.1985397,1.8513787
2855,2.2373798,0.01180772,-0.27899036,0.44754323,0.7615432739257812,0.2571298,4.242637,2.8102014
2856,2.29506,-0.10902109,-0.18795164,0.4668076,0.8475317358970642,0.20699796,2.8229825,1.9437407
2857,2.297613,0.010140856,-0.26199818,0.45578995,0.6636777520179749,0.2651441,2.9110541,2.2265496
2858,2.3429692,-0.076334715,-0.2386438,0.5533258,0.7114040851593018,0.2155384,2.6919575,1.5230578
2859,2.2507157,-0.03650407,-0.24330515,0.33149454,0.7724389433860779,0.22541165,3.6321187,2.3836088
2860,2.284588,-0.15755162,-0.23071384,0.44685957,0.7167174816131592,0.26980403,4.0866156,2.8441775
2861,2.1084697,0.031138554,-0.11604176,0.46697968,0.796311616897583,0.21330468,5.216341,1.8665372
2862,2.2403188,0.108172975,-0.28508738,0.40633917,0.7189404964447021,0.26549357,3.5139763,2.5202856
2863,2.3047242,0.020901099,-0.17385878,0.37667122,0.6695241928100586,0.15330495,2.252839,1.1162953
2864,2.2712765,-0.054853074,-0.1707738,0.45586795,0.7103122472763062,0.2563908,2.9788604,2.0749843
2865,2.1863759,-0.028496936,-0.18627036,0.5100564,0.7597954273223877,0.23274346,4.3664823,2.4351733
2866,2.3075347,0.036762577,-0.3160601,0.3641244,0.8436808586120605,0.14918642,3.2826772,1.7081008
2867,2.447662,-0.031895123,-0.3762904,0.53663415,0.7782913446426392,0.15244095,2.0937576,1.7577562
2868,2.2595701,0.06580759,-0.36763212,0.47482237,0.7707030773162842,0.24897783,3.8972514,2.6498427
2869,2.3043945,0.055354934,-0.20704399,0.40332377,0.5427851676940918,0.26364383,2.4096057,2.4441931
2870,2.2627602,-0.19443169,-0.30028212,0.5781891,0.6960206031799316,0.2868497,6.8044252,2.7153857
2871,2.1896474,0.020400474,-0.2452763,0.47112542,0.8192420601844788,0.20329459,4.259424,2.3905673
2872,2.2790182,-0.06286501,-0.27037302,0.51305324,0.8410366773605347,0.19635735,3.6043818,2.589797
2873,2.3542712,-0.013476823,-0.35716638,0.40668386,0.7386248707771301,0.2598993,2.748238,2.5954506
2874,2.3288326,-0.05372156,-0.23554103,0.5780861,0.6654765605926514,0.27252322,2.6512597,2.5177035
2875,2.2315779,-0.0895935,-0.163991,0.50076294,0.7456243634223938,0.23484704,3.9198763,2.604806
2876,2.1949077,0.07043175,-0.17834553,0.37427774,0.8113129138946533,0.21157312,3.6523998,2.2575226
2877,2.1052926,0.104369074,-0.19984376,0.3949514,0.8471811413764954,0.21680987,5.509965,1.9791471
2878,2.404897,-0.07138225,-0.21936075,0.39169058,0.39938244223594666,0.2733849,2.4721646,2.198458
2879,2.1471002,-0.022986697,-0.26724687,0.5242195,0.7187630534172058,0.29576248,7.4775195,2.8629982
2880,2.310032,-0.07539175,-0.22469473,0.41148117,0.7226150035858154,0.25094172,3.1779811,2.5734947
2881,2.1594102,0.07398482,-0.11974795,0.4191037,0.8092636466026306,0.20940489,3.6652095,2.3870444
2882,2.2788591,0.07001238,-0.3555621,0.49667674,0.8271328806877136,0.19144279,2.994453,1.6208473
2883,2.2166739,-0.059391722,-0.20676012,0.38682717,0.85,0.19425523,4.2865834,1.7010775
2884,2.282993,-0.045813676,-0.2432625,0.44476876,0.7860291600227356,0.23189145,3.435447,2.1962261
2885,2.2683508,-0.021075236,-0.22394417,0.64124316,0.67940753698349,0.27448988,2.8031416,2.8121116
2886,2.3200712,-0.029487705,-0.23666161,0.48043436,0.8107465505599976,0.12627994,2.2387125,1.3166465
2887,2.1705751,0.027584895,-0.32456675,0.52819,0.748911440372467,0.27919075,6.341058,2.5082803
2888,2.346466,0.05312582,-0.273846,0.42358953,0.5027940273284912,0.22891319,2.1367247,1.6691228
2889,2.137808,-0.03804788,-0.16669671,0.462369,0.7858976721763611,0.24787003,6.756441,2.7682977
2890,2.3337855,-0.06747274,-0.24300396,0.49166054,0.7801447510719299,0.20188993,2.7281997,2.844966
2891,2.2424104,0.17241661,-0.23046952,0.42384878,0.7583762407302856,0.2082481,2.6588943,2.3555524
2892,2.2754087,0.058551244,-0.1994338,0.37173384,0.6996292471885681,0.24478912,2.8291678,2.4200191
2893,2.285957,0.06898781,-0.3140034,0.39899224,0.7596657872200012,0.2466819,3.155062,2.8807974
2894,2.326651,-0.028119821,-0.32443357,0.45386204,0.7219239473342896,0.23458047,3.1347322,2.7729142
2895,2.3187013,-0.008961674,-0.27140367,0.3772749,0.6951001286506653,0.2612984,3.076582,2.6047518
2896,2.3640933,-0.05632556,-0.26651397,0.4916309,0.6075027585029602,0.22996116,2.5705576,1.510964
2897,2.2274945,-0.01331521,-0.19976604,0.32995582,0.8470267057418823,0.19048537,3.8438623,2.5922508
2898,2.2229714,-0.03903902,-0.18578078,0.5006708,0.669838011264801,0.28489342,4.0923777,2.6811862
2899,2.252042,0.042529315,-0.2806835,0.42858037,0.6514765620231628,0.2870389,3.6488473,2.801318
2900,2.3742657,-0.012544736,-0.25114462,0.43220654,0.449163019657135,0.23202533,2.2198703,2.0711157
2901,2.3020294,-0.07135717,-0.2426269,0.36887795,0.8010218739509583,0.19919114,2.971445,2.680269
2902,2.396764,-0.0040892735,-0.24106902,0.3737655,0.3598722517490387,0.20740357,2.168059,1.6061175
2903,2.276839,-0.017405149,-0.18833111,0.53550303,0.6968795657157898,0.25747252,2.8193755,2.533715
2904,2.2791412,-0.03940741,-0.30202085,0.43151456,0.6853711009025574,0.2777412,4.1126733,2.8386688
2905,2.2371826,0.00038170922,-0.16240154,0.44249937,0.8327121734619141,0.19053835,3.247237,2.2840757
2906,2.1194768,0.011770502,-0.181349,0.47250086,0.7963303327560425,0.25056437,7.068919,2.4181952
2907,2.1948338,0.0062291087,-0.21830055,0.4017129,0.7217997312545776,0.2696314,4.770921,2.6850672
2908,2.2743745,0.016409155,-0.28842252,0.42419952,0.708856463432312,0.26433066,3.5531993,2.686753
2909,2.309456,0.05982283,-0.36050642,0.43471068,0.6792725920677185,0.26287082,2.7910826,2.7910097
2910,2.2682648,-0.0141209345,-0.2751179,0.49176574,0.7820456624031067,0.25051132,3.4100232,2.7588627
2911,2.1637144,0.0963397,-0.3130196,0.48807645,0.7894569039344788,0.23383456,4.689036,2.4687445
2912,2.188158,0.06979806,-0.24102066,0.43899882,0.745398998260498,0.2464744,4.1199737,2.7272706
2913,2.3487136,0.0034209292,-0.3095129,0.39810553,0.5244467854499817,0.28890797,2.8221636,2.7107594
2914,2.2561574,-0.0034183552,-0.29222912,0.5473867,0.7201109528541565,0.25444415,3.8108728,2.469994
2915,2.331827,-0.025529724,-0.28285173,0.43546718,0.6282500624656677,0.27980635,3.2316825,2.5528674
2916,2.1476223,-0.08359062,-0.2141457,0.52919453,0.7544952034950256,0.28134537,7.7222986,2.619919
2917,2.3255246,-0.032660462,-0.33609834,0.44454095,0.714414656162262,0.2533977,3.5509255,2.5176487
2918,2.2637749,-0.21748956,-0.20413584,0.42494836,0.7880748510360718,0.24622777,5.565933,2.6578429
2919,2.2131984,0.060907796,-0.27421233,0.5664438,0.7683659791946411,0.25598878,3.555457,2.8909805
2920,2.246537,0.07698517,-0.20631067,0.35788658,0.8205808997154236,0.19462433,2.9836018,1.644315
2921,2.3733885,-0.1835879,-0.2638668,0.43240735,0.6959485411643982,0.28065178,3.3996665,2.6474228
2922,2.2666392,-0.037906397,-0.22764705,0.4142441,0.671592116355896,0.27315775,3.355,1.8018593
2923,2.3243704,-0.04262885,-0.21893905,0.46743703,0.7576843500137329,0.16565098,2.3760765,1.232843
2924,2.2271554,0.008272453,-0.22985925,0.39157602,0.7961252331733704,0.21904913,3.7684445,2.1475675
2925,2.260138,-0.0122148665,-0.19842407,0.51135296,0.7705352902412415,0.21832503,3.0845528,1.7898865
2926,2.137323,-0.084753804,-0.18297648,0.5568665,0.70478355884552,0.3234826,7.7506557,2.893278
2927,2.2832825,0.050317895,-0.22699699,0.33067265,0.7947490811347961,0.1908045,2.877967,1.6763679
2928,2.172535,-0.0034118802,-0.19008437,0.33109376,0.8154973387718201,0.21813291,5.542917,2.0199232
2929,2.318866,-0.008171523,-0.26695,0.34869146,0.7117958068847656,0.2632841,3.067959,2.7939632
2930,2.178014,-0.0012709205,-0.25280115,0.44991666,0.6963696479797363,0.28917676,5.8099833,2.800049
2931,2.1635773,-0.063898444,-0.14029375,0.4638683,0.7664058208465576,0.24154308,5.872085,2.352679
2932,2.336025,-0.13861687,-0.22788258,0.41253963,0.85,0.1384992,2.9080114,1.187225
2933,2.2869518,0.010964164,-0.2465152,0.44938383,0.7221755385398865,0.2639526,3.0425425,2.3133247
2934,2.2174442,-0.0799222,-0.34143397,0.60057604,0.7239136695861816,0.27646703,7.131668,2.3633115
2935,2.3150008,0.002426672,-0.21968988,0.3448091,0.6041096448898315,0.28039274,2.9813077,2.3882375
2936,2.1463094,0.10771358,-0.21317981,0.5120354,0.7450833320617676,0.26901495,4.551168,2.7312572
2937,2.1918645,0.07740572,-0.21041173,0.43769968,0.7508204579353333,0.24532996,3.9694033,2.5139003
2938,2.1033897,0.05797123,-0.110278204,0.3756431,0.7536277174949646,0.2737216,5.882102,2.7284822
2939,2.370182,-0.016939385,-0.3448995,0.5459886,0.6772477626800537,0.23880453,2.4552836,2.5390959
2940,2.2720633,-0.047248475,-0.24164097,0.6518696,0.7448620200157166,0.23628472,3.0416622,2.5081158
2941,2.1651034,-0.098584116,-0.23499039,0.52628446,0.7891538739204407,0.26373106,6.8431125,2.421434
2942,2.2583034,-0.0035779316,-0.17848077,0.4774951,0.5666140913963318,0.30369526,3.1759713,2.846936
2943,2.1562338,0.1499087,-0.24744472,0.41803363,0.7896987795829773,0.26646063,3.9588385,2.3276057
2944,2.1970873,-0.110426314,-0.36398506,0.55579776,0.768730640411377,0.284927,11.238596,2.3067698
2945,2.306532,-0.15506737,-0.24183345,0.48114654,0.8284087181091309,0.20220561,3.3153956,2.4850206
2946,2.2216964,-0.034479532,-0.20846435,0.4456596,0.85,0.18742134,3.792855,2.5659873
2947,2.4068263,-0.15698536,-0.23325704,0.53061754,0.6233695149421692,0.21645407,2.1605163,1.5779803
2948,2.246859,-0.0227976,-0.2965289,0.5543385,0.6473217010498047,0.28647307,4.062348,2.7941883
2949,2.3306963,-0.009508489,-0.26399666,0.3532659,0.832029402256012,0.18093562,2.7699199,1.9851344
2950,2.3504295,0.0751221,-0.284154,0.394891,0.3980235755443573,0.2434958,2.3497992,2.3826206
2951,2.2732813,-0.025410919,-0.22592218,0.51645666,0.7457485795021057,0.22875518,3.0554776,2.055486
2952,2.131632,0.024374027,-0.22283418,0.5001198,0.8453588485717773,0.20480444,5.682389,2.0591574
2953,2.3748424,-0.07251398,-0.29576313,0.34139585,0.6351137757301331,0.27335367,2.9407165,2.5678432
2954,2.3168125,-0.016734706,-0.3302861,0.52718365,0.6573259234428406,0.29640514,3.4577081,2.8567073
2955,2.2637522,-0.045814317,-0.2542824,0.29143527,0.8366149067878723,0.16678558,3.8765857,2.538679
2956,2.1599793,0.010037561,-0.2376799,0.4569743,0.7049899697303772,0.2716467,6.5021896,2.8190596
2957,2.3173296,0.1036486,-0.27050477,0.62362283,0.5293722152709961,0.21386458,2.247344,1.9252739
2958,2.2957253,-0.11826806,-0.2583013,0.4338763,0.8437818884849548,0.18242085,3.6955855,2.1714666
2959,2.1617062,0.10986961,-0.14823619,0.37733865,0.8013268709182739,0.21170896,3.6600184,1.864013
2960,2.181772,-0.043095507,-0.19618927,0.33386335,0.7940564155578613,0.24421805,5.58629,2.335598
2961,2.3674135,-0.10074134,-0.22824663,0.44400167,0.6932762265205383,0.23237233,2.2225146,1.7091779
2962,2.243359,0.0051198616,-0.26142895,0.48959175,0.8002234101295471,0.21064481,3.7304077,2.726334
2963,2.250382,0.038006976,-0.20767908,0.4565074,0.7437773942947388,0.23370025,2.9845111,2.4137697
2964,2.3384278,-0.024993438,-0.3619785,0.52679634,0.7936668395996094,0.20072965,3.0018826,2.72718
2965,2.3015168,-0.085153125,-0.23717657,0.5250352,0.7213137745857239,0.25607985,3.368222,2.589943
2966,2.289951,-0.04256139,-0.2722991,0.4569582,0.6953414678573608,0.27577758,3.5293627,2.2217946
2967,2.3410988,-0.07111688,-0.2999038,0.42126167,0.7023558616638184,0.25334293,3.1057324,2.8523989
2968,2.2075787,0.0010514272,-0.2314352,0.40303046,0.85,0.17019728,4.1268325,1.9156395
2969,2.1994977,-0.09584109,-0.3477714,0.5348357,0.7243648767471313,0.3044361,9.1709795,2.5265307
2970,2.1797006,-0.040652845,-0.07404527,0.29868916,0.7111629247665405,0.28676116,4.7735972,2.300514
2971,2.27482,-0.0479231,-0.32209662,0.49373487,0.8009697198867798,0.22533049,4.4037743,2.4827623
2972,2.3593297,0.037655253,-0.24729756,0.40680298,0.6231688261032104,0.17750017,2.2330995,1.7226408
2973,2.2652197,-0.0065120417,-0.21206543,0.49512812,0.7061997652053833,0.2724115,3.2152188,2.580424
2974,2.197105,-0.095495485,-0.18882477,0.4596942,0.8094557523727417,0.23018953,5.465897,2.484009
2975,2.3225825,-0.014867405,-0.28446504,0.4955561,0.5895850658416748,0.29428566,2.857564,2.5139616
2976,2.2392967,-0.10741052,-0.19823344,0.44483897,0.7494996190071106,0.23715612,4.3790865,2.2940898
2977,2.3484967,-0.09562724,-0.30220127,0.5072502,0.743786633014679,0.2567487,3.0034919,2.4322658
2978,2.369221,-0.059037495,-0.26589742,0.5096533,0.698951780796051,0.22555226,2.2454715,2.2357337
2979,2.2367325,0.045433406,-0.16890553,0.42872927,0.7639241814613342,0.2571385,3.0113072,2.6171691
2980,2.1991117,-0.04492651,-0.11409146,0.354611,0.777563750743866,0.24416457,4.206398,2.6866472
2981,2.293082,0.074897364,-0.37551016,0.3933496,0.7315645813941956,0.22832617,3.6350765,2.515291
2982,2.1320279,0.043399777,-0.15408452,0.3643011,0.7791205644607544,0.21901755,4.927106,2.1862082
2983,2.3771553,-0.10690344,-0.34402734,0.5653447,0.6865509748458862,0.25719976,3.100224,2.3643744
2984,2.232614,-0.036321077,-0.25209928,0.4910743,0.7342316508293152,0.24752475,4.1182575,2.3036685
2985,2.2284439,0.018735675,-0.19986239,0.44913593,0.8477692604064941,0.21552747,3.1344273,2.4595103
2986,2.2347026,0.1266586,-0.23762979,0.5245092,0.7661344408988953,0.23880622,2.90703,2.2160196
2987,2.2930083,-0.123078346,-0.28580755,0.48024583,0.8445219993591309,0.20144454,3.9205654,2.6781783
2988,2.3139179,-0.11843446,-0.3306805,0.5887267,0.6668773293495178,0.29109374,4.1909237,2.8998914
2989,2.0896072,0.11768635,-0.2192327,0.45855674,0.8216177225112915,0.20747404,5.845298,2.6421478
2990,2.1874404,-0.009563974,-0.26970932,0.40676886,0.8217019438743591,0.2231119,5.2210746,2.084276
2991,2.3323221,-0.17424624,-0.22256894,0.4904783,0.8252684473991394,0.21882129,3.3573225,1.9001206
2992,2.146583,0.0063715763,-0.18482348,0.45415452,0.7729101777076721,0.24221809,5.4672413,2.4811397
2993,2.3023014,-0.12663329,-0.21186848,0.6126015,0.8233903050422668,0.1724071,2.8518744,1.4675932
2994,2.2050214,-0.0909662,-0.20360959,0.51189023,0.7690138816833496,0.23805922,4.8695226,2.4731016
2995,2.3050008,-0.0042648003,-0.27751392,0.4020666,0.8081798553466797,0.22945668,3.3068979,2.359294
2996,2.3057885,-0.12746921,-0.21833324,0.50857544,0.7708581686019897,0.22373329,3.0885441,2.526727
2997,2.3554928,-0.07540109,-0.40945238,0.49762928,0.85,0.17033432,3.4996405,2.1118226
2998,2.3112202,-0.04930511,-0.18112874,0.4208051,0.6857885122299194,0.25177622,2.6860065,2.691874
2999,2.2069097,0.05819983,-0.2010209,0.41464147,0.7908082008361816,0.24730548,3.719721,2.7184527
3000,2.271417,-0.11172092,-0.20065233,0.49992755,0.7646475434303284,0.23383313,3.7817738,2.3786032
3001,2.2073634,-0.049580317,-0.11995278,0.5139471,0.723619282245636,0.2598148,3.3996694,2.6312401
3002,2.1712003,-0.03383591,-0.27887538,0.4813187,0.7448309659957886,0.2653213,6.5333414,2.4391527
3003,2.401733,-0.08393124,-0.3382924,0.4842126,0.7016223073005676,0.26136854,2.5149024,2.457194
3004,2.253167,0.0036285946,-0.20343104,0.42916852,0.7125560641288757,0.24961701,3.501641,2.3554738
3005,2.1413352,0.0077126455,-0.1409523,0.348136,0.797025203704834,0.24004863,5.693679,2.6811113
3006,2.2371318,0.089307435,-0.23562016,0.33677033,0.694432258605957,0.25957778,3.08791,2.3652635
3007,2.3675022,0.06859576,-0.23620456,0.44249073,0.42741909623146057,0.2093637,2.0980644,1.66039
3008,2.2470713,0.09922895,-0.23548624,0.48260096,0.7036271691322327,0.26620576,3.0052385,2.6502593
3009,2.220782,-0.09720485,-0.19639254,0.46165103,0.8224121928215027,0.20633928,4.128559,2.4864712
3010,2.2414582,0.022958774,-0.25055903,0.4908635,0.7930942177772522,0.23072079,3.769344,2.4407763
3011,2.2180283,-0.040055994,-0.13750434,0.73187774,0.85,0.19488637,3.0925012,1.9660939
3012,2.289393,-0.09566199,-0.22645475,0.54849625,0.7482683062553406,0.24647163,3.2557771,2.493481
3013,2.2650454,0.03063126,-0.26436713,0.45037562,0.7967170476913452,0.20164701,3.0511146,2.3687735
3014,2.1996918,0.048419096,-0.21986586,0.4816427,0.7341411113739014,0.2667029,3.745234,2.8997169
3015,2.263635,-0.012775316,-0.20227882,0.38877723,0.7918602824211121,0.20714049,3.3516126,1.9319557
3016,2.135033,0.064814605,-0.20651345,0.4233384,0.8465997576713562,0.18852267,5.258612,1.6696182
3017,2.2921174,-0.006997009,-0.2455884,0.513889,0.7599161863327026,0.24671832,3.0423396,2.531173
3018,2.1339998,0.018792585,-0.16671409,0.4437758,0.85,0.19057825,5.037305,2.4859612
3019,2.3406808,0.059992984,-0.26290733,0.5256837,0.47447794675827026,0.20705943,2.200848,1.6064084
3020,2.3361745,-0.024303053,-0.34200776,0.48867664,0.8161389827728271,0.20092651,3.0055215,2.4155362
3021,2.2752934,-0.17449076,-0.35317388,0.51221603,0.7790113091468811,0.2514225,6.738481,2.7783306
3022,2.2417521,-0.022515086,-0.18439366,0.4644367,0.6378065943717957,0.3170944,3.2488527,2.3325381
3023,2.2571757,0.08778713,-0.3050402,0.55997205,0.7859911918640137,0.23814717,3.1581275,2.2442694
3024,2.313914,0.04823401,-0.26521915,0.40164876,0.7453680038452148,0.23765089,2.7186296,2.3449025
3025,2.5005622,-0.07111758,-0.4677204,0.5442699,0.5345764756202698,0.26661968,2.3011558,2.3772252
3026,2.2834792,-0.016018866,-0.27526718,0.482317,0.721648097038269,0.26755393,3.7834756,2.8363063
3027,2.2051532,0.09161274,-0.16656578,0.39513233,0.676546037197113,0.26572093,3.0108154,2.6540403
3028,2.1369123,-0.011944668,-0.13309331,0.53239024,0.7264625430107117,0.23793899,4.292861,2.192414
3029,2.2955582,-0.026025793,-0.30121338,0.4667955,0.8032384514808655,0.21057868,3.0509658,2.7552528
3030,2.3307772,-0.09146734,-0.27338606,0.60929555,0.7213292717933655,0.2631678,3.3410692,2.3502526
3031,2.3317482,0.061917447,-0.22098245,0.46790862,0.6484423875808716,0.10598913,2.1258485,1.4979988
3032,2.2893038,-0.039921984,-0.3460864,0.5952854,0.7587844133377075,0.25540406,4.1646876,2.825947
3033,2.295571,-0.11171254,-0.29918122,0.4254616,0.766186535358429,0.23507288,4.1483,2.5551324
3034,2.305528,-0.020161757,-0.25654423,0.5067475,0.7025956511497498,0.26713565,3.1807044,2.7988849
3035,2.2893496,-0.046537045,-0.31353638,0.40088603,0.753280758857727,0.23916654,4.025622,2.461266
3036,2.2686975,0.0121123595,-0.2484694,0.39380112,0.6946139931678772,0.25191095,3.5427966,2.7481818
3037,2.2035043,-0.029517109,-0.1851769,0.56544954,0.748874306678772,0.24371438,3.9566174,2.4181418
3038,2.485571,-0.13370371,-0.3629923,0.5428841,0.4759945869445801,0.25060457,2.24084,1.9762583
3039,2.2878983,-0.024517577,-0.25645924,0.4776641,0.8119646310806274,0.19303733,3.1091256,2.5841165
3040,2.421276,-0.095043145,-0.30051327,0.41590446,0.7670007348060608,0.09629703,2.0424032,1.2838441
3041,2.3147206,0.007400582,-0.30771273,0.4510593,0.698916494846344,0.28080177,3.196403,2.5210416
3042,2.1733692,-0.019944513,-0.08771349,0.4378301,0.8485875129699707,0.20528857,3.3893573,2.6038911
3043,2.2761207,-0.08061758,-0.29562673,0.5237471,0.8404542207717896,0.18984535,4.1347256,2.5000238
3044,2.263936,-0.09161133,-0.3319254,0.6140704,0.7570251226425171,0.2423353,4.281683,2.3981364
3045,2.3160968,-0.056909252,-0.20095494,0.38431183,0.8403575420379639,0.17399918,2.7756069,1.9425596
3046,2.256431,0.07321462,-0.26512718,0.35722277,0.7081456780433655,0.24783745,3.1155143,2.1674054
3047,2.3317351,0.0013210812,-0.24810672,0.43251207,0.588325023651123,0.25920448,2.6199658,2.167663
3048,2.3230917,-0.029281553,-0.2410319,0.41267923,0.6992583274841309,0.24898499,2.7432504,2.6514506
3049,2.3816748,-0.117058694,-0.38110858,0.4082615,0.7446731328964233,0.25538158,3.6309671,2.661614
3050,2.3666937,-0.037663348,-0.27988127,0.53439146,0.38656190037727356,0.3026979,2.5269687,2.5162184
3051,2.4114454,-0.1392084,-0.27397358,0.40163198,0.6439841985702515,0.24244273,2.5859537,2.310545
3052,2.2648056,-0.14901698,-0.21960834,0.438248,0.8214395642280579,0.22229944,4.63866,1.9568589
3053,2.3653195,-0.043154556,-0.28453204,0.46900457,0.6379716992378235,0.25567028,2.509188,2.3741803
3054,2.247707,-0.0084847165,-0.24686255,0.64072865,0.7227648496627808,0.27145585,3.4147952,2.4540448
3055,2.3325865,0.0010183258,-0.30965185,0.5129932,0.8300800919532776,0.16528885,2.7045517,2.1245303
3056,2.249231,-0.067653954,-0.18983005,0.38090658,0.6741487979888916,0.2786247,3.7509668,2.489658
3057,2.263035,0.03670183,-0.33359584,0.5027812,0.85,0.1818104,3.7804341,1.82925
3058,2.2985637,-0.18530677,-0.22576772,0.5396347,0.7126246690750122,0.2817235,3.9782193,2.7179399
3059,2.3403635,-0.15565225,-0.28286228,0.48220307,0.7042971253395081,0.26181078,3.595803,2.129054
3060,2.2823884,-0.097209565,-0.17463504,0.46185207,0.8465547561645508,0.1809019,2.9700112,2.2016408
3061,2.2831917,-0.11485922,-0.34862113,0.5653905,0.7061101794242859,0.27712485,4.718282,2.6942255
3062,2.3603952,-0.10629535,-0.2748477,0.4628673,0.7820873260498047,0.18536016,2.7244022,2.0129836
3063,2.44814,-0.039484136,-0.32857916,0.48385766,0.8013787865638733,0.069455594,2.107153,1.285575
3064,2.1459177,-0.05886513,-0.20874499,0.3924055,0.8362924456596375,0.23422319,8.386876,1.8132285
3065,2.2059438,0.0034402849,-0.12221383,0.47863176,0.7621358633041382,0.23513076,3.2642703,2.278887
3066,2.3397446,-0.19772913,-0.28604797,0.44422796,0.7288958430290222,0.27550218,4.1810427,2.6890829
3067,2.2700543,0.11168572,-0.23658367,0.3715998,0.7584392428398132,0.22966821,2.7630026,2.2027674
3068,2.1921906,0.051133804,-0.11129273,0.4545376,0.7903776168823242,0.19355008,2.603555,1.3362621
3069,2.263723,-0.016966863,-0.29289544,0.48294193,0.788521945476532,0.22178021,3.9370294,2.645908
3070,2.308939,0.07068701,-0.23204961,0.48305103,0.709995687007904,0.18849899,2.1811385,1.524066
3071,2.354537,-0.009244864,-0.3682419,0.4647532,0.8391534090042114,0.18701455,2.9429681,2.4934394
3072,2.2077272,0.061409105,-0.21712483,0.50981104,0.7943699955940247,0.24028322,3.562526,2.377743
3073,2.100728,-0.05515887,-0.1542004,0.47375888,0.7983209490776062,0.25776172,7.397522,1.3708023
3074,2.1900005,0.045318697,-0.27570567,0.49385864,0.7173587679862976,0.2613721,4.4488497,2.6897852
3075,2.247853,0.08082833,-0.29588088,0.4284624,0.7178513407707214,0.27198607,3.5407805,2.3785346
3076,2.2872896,-0.09080583,-0.2520967,0.38663012,0.7322641015052795,0.24321716,3.818151,2.5996115
3077,2.3650079,0.022192305,-0.25844255,0.42863297,0.7259796857833862,0.1626473,2.2085457,1.8250498
3078,2.2480197,0.022897357,-0.19501926,0.3514005,0.7446399927139282,0.23668309,3.4615645,2.4684448
3079,2.1961226,-0.026334388,-0.21248437,0.478108,0.7785574197769165,0.2464945,4.4531283,2.5612884
3080,2.1662982,0.06875013,-0.15630099,0.47477123,0.69963139295578,0.2687936,4.034814,2.4487824
3081,2.2488139,0.0780689,-0.2639797,0.36076087,0.6771280169487,0.26646003,3.1939533,1.9505122
3082,2.2596061,0.014776592,-0.19418748,0.4369905,0.7131268382072449,0.25935614,3.2288706,2.6900659
3083,2.3480394,-0.07918074,-0.23331752,0.45021683,0.7753373384475708,0.19846262,2.8091288,1.8363802
3084,2.3054113,-0.1171777,-0.24695036,0.27956316,0.85,0.1552978,3.825067,2.7338605
3085,2.33929,0.038565613,-0.23833692,0.39091837,0.6713355779647827,0.17199084,2.2078135,1.4888976
3086,2.2753344,-0.06984885,-0.32642722,0.42327338,0.8100659847259521,0.22205636,4.48295,2.633772
3087,2.3713365,0.036934502,-0.27787337,0.37614286,0.6314671039581299,0.19480604,2.2086883,1.4435291
3088,2.2216368,0.08001686,-0.23584221,0.44851452,0.7260279655456543,0.25938165,3.3349645,2.514896
3089,2.3052945,-0.012254903,-0.38062862,0.45989385,0.7787792682647705,0.2587572,3.990142,2.7014418
3090,2.2254863,-0.041042402,-0.31629512,0.39167178,0.7525536417961121,0.24800572,6.238375,2.572419
3091,2.3375769,-0.041554064,-0.30319393,0.5518329,0.7797369360923767,0.24593584,3.0347927,2.4977806
3092,2.224719,0.16815613,-0.2526492,0.444569,0.7364292144775391,0.2228139,2.8875852,1.9207491
3093,2.2134426,-0.08973259,-0.19748846,0.5775396,0.8305323123931885,0.2276769,4.2300854,2.5788996
3094,2.1919997,0.04815592,-0.22407837,0.45900574,0.8012710213661194,0.22514279,4.3129635,2.6039329
3095,2.345286,0.086496145,-0.30270302,0.395328,0.6109275817871094,0.2289086,2.293522,1.8720366
3096,2.2912247,-0.019409042,-0.19582506,0.50983906,0.7844944596290588,0.19230567,2.5707066,1.968899
3097,2.199578,0.046183508,-0.16463327,0.5450925,0.8044639825820923,0.2031552,3.159568,1.5708607
3098,2.3151276,0.019720834,-0.35231963,0.39524108,0.8179685473442078,0.21101555,3.3193643,2.546181
3099,2.4231455,0.06826299,-0.33629212,0.40931788,0.2792065441608429,0.23150596,2.0973804,1.989732
3100,2.1785557,-0.1468852,-0.095008574,0.48831955,0.7574707269668579,0.2472484,5.3211884,2.2354667
3101,2.3781834,-0.059257865,-0.32384518,0.33508253,0.6726353168487549,0.22774956,2.8567705,1.7548988
3102,2.2698407,0.0082828915,-0.22715774,0.467441,0.7773668169975281,0.23065819,2.7204478,2.4204173
3103,2.1174147,0.050581086,-0.2051243,0.551603,0.8034129738807678,0.23051852,5.912766,2.8260143
3104,2.325435,0.11497884,-0.2086843,0.5113508,0.38312825560569763,0.2538164,2.2374291,2.1278675
3105,2.2071521,0.1519277,-0.26499897,0.46965212,0.783714771270752,0.2244639,3.3016672,1.6226074
3106,2.1571097,0.08661935,-0.21100385,0.3896679,0.7623584866523743,0.2582624,4.5371876,2.4981334
3107,2.220173,0.046351008,-0.17655821,0.51541173,0.758154571056366,0.22454198,3.004332,1.955856
3108,2.2873254,-0.01756453,-0.26762268,0.4563052,0.796886682510376,0.25282425,3.3455033,2.5533433
3109,2.3015172,-0.08095349,-0.0417059,0.5443561,0.5791624188423157,0.25658432,2.354964,2.436884
3110,2.3138409,0.00814489,-0.25203648,0.5388213,0.7497326135635376,0.20316486,2.286057,1.7669966
3111,2.153107,-0.0767903,-0.23985727,0.59436923,0.7480235695838928,0.28894246,7.8040147,2.4648995
3112,2.1960897,0.032485317,-0.2014531,0.41110957,0.841828465461731,0.18748872,4.0152993,2.1333559
3113,2.3898985,-0.0386882,-0.19024862,0.40379238,0.33547961711883545,0.2771639,2.1806707,2.586261
3114,2.2138724,-0.064889535,-0.19709161,0.6194249,0.6875410676002502,0.28196082,4.1776156,2.773703
3115,2.3002284,-0.08624389,-0.18910949,0.3814565,0.85,0.15530689,2.391868,1.3588666
3116,2.2516387,0.03581811,-0.19385454,0.40805036,0.6996892094612122,0.23425163,3.1251037,1.8441411
3117,2.2955527,-0.095211245,-0.26064423,0.57081914,0.7865211367607117,0.22448361,3.5258589,2.5032473
3118,2.3341415,-0.08252238,-0.23967208,0.49772215,0.5654527544975281,0.25908166,2.5519407,1.8162979
3119,2.0915315,0.09397775,-0.27332965,0.509554,0.7090328335762024,0.31532794,8.85431,2.468326
3120,2.210127,0.079943575,-0.34155434,0.4416923,0.7789097428321838,0.23965012,4.522133,2.7200124
3121,2.087088,0.045504663,-0.13749416,0.585305,0.8448137044906616,0.20683973,5.180714,2.3306499
3122,2.2825494,0.1041612,-0.30262735,0.43236595,0.7379261255264282,0.23536584,2.9882123,2.3388
3123,2.2770913,0.01245204,-0.22025636,0.44695792,0.7490200996398926,0.22143266,3.0457058,2.53301
3124,2.2064524,-0.03665395,-0.16294645,0.33998126,0.8040212988853455,0.21219797,4.172016,2.435477
3125,2.331582,0.0014776989,-0.21101595,0.4076174,0.6849369406700134,0.21195799,2.4207373,2.632438
3126,2.335341,-0.039415922,-0.33118796,0.5747234,0.7418381571769714,0.23753503,2.840192,2.257835
3127,2.2208238,0.044145342,-0.23539306,0.6522964,0.8169905543327332,0.228698,3.2114277,2.7946837
3128,2.1786401,-0.023593346,-0.20388208,0.5027995,0.717647910118103,0.27812597,4.887725,2.901362
3129,2.3521316,0.009489461,-0.386176,0.50124824,0.7291802763938904,0.2467728,2.5338554,2.793205
3130,2.307935,-0.04298884,-0.222798,0.4660507,0.7447134256362915,0.22252384,2.77596,1.6914002
3131,2.363533,-0.07906779,-0.267088,0.60731137,0.8130619525909424,0.16447209,2.4635932,1.6219424
3132,2.4905772,-0.123708166,-0.46425924,0.41694063,0.849195659160614,0.1856582,2.7954078,2.2839072
3133,2.3934343,-0.06969688,-0.20484686,0.40333393,0.43225350975990295,0.26070917,2.2035315,1.9992814
3134,2.2800329,-0.038955573,-0.29414365,0.45761886,0.772455096244812,0.22099347,3.5532606,2.0116727
3135,2.338481,-0.044296905,-0.24409308,0.33242777,0.695899486541748,0.2509216,2.9915342,2.3761504
3136,2.2302969,-0.083377324,-0.19776925,0.41723704,0.7303394675254822,0.26615083,4.6327257,2.6696002
3137,2.0825992,-0.04427379,-0.298278,0.5450105,0.64383465051651,0.39429426,12.45785,0.6726307
3138,2.1028652,0.023378221,-0.15655468,0.40028408,0.7812031507492065,0.25874045,7.29586,2.5922065
3139,2.1645913,0.0036388517,-0.18049565,0.4746085,0.85,0.14245978,3.9810343,1.4834267
3140,2.248194,-0.073305055,-0.179024,0.4317996,0.85,0.17076206,3.0101225,1.4406419
3141,2.3964481,-0.14569408,-0.39567596,0.51843786,0.6885381937026978,0.27126637,3.5973575,2.680531
3142,2.2826233,-0.013226093,-0.2546981,0.34756872,0.75672447681427,0.24636325,3.416321,2.5793653
3143,2.3211622,-0.072895445,-0.1881661,0.4130159,0.7039105892181396,0.24172509,2.8266916,2.1511617
3144,2.3141978,-0.07494857,-0.1593812,0.42010003,0.779639482498169,0.2014316,2.6137168,2.146922
3145,2.2674096,-0.06407362,-0.16562858,0.49638557,0.85,0.17141387,2.9208663,1.6636078
3146,2.2932932,0.08297342,-0.2119178,0.44080374,0.472423255443573,0.306517,2.2619934,2.5986981
3147,2.2891116,-0.10246395,-0.1600986,0.49211186,0.8114920258522034,0.16944017,2.9494169,2.3253329
3148,2.3066955,-0.01057943,-0.21547653,0.3840039,0.5689435601234436,0.28509596,2.9012923,2.1590407
3149,2.1471322,0.07147229,-0.23002523,0.52843225,0.6944949626922607,0.28737533,4.740879,2.4684138
3150,2.2021327,0.013552328,-0.24972898,0.4216513,0.85,0.17634971,4.1302977,2.6272335
3151,2.3855112,0.033623926,-0.34665358,0.47450027,0.5736164450645447,0.21633612,2.308847,2.4491708
3152,2.1257043,0.035484206,-0.09702545,0.4769024,0.7078291773796082,0.26611435,4.273128,2.6806736
3153,2.3103752,-0.111143515,-0.2391018,0.5188938,0.8183834552764893,0.21442524,3.077447,2.1557806
3154,2.174655,0.09239654,-0.19422342,0.5575522,0.7589761018753052,0.2788578,4.0302124,2.4099758
3155,2.1842449,-0.0017058722,-0.22992016,0.44611558,0.7262552380561829,0.26086628,5.0333543,2.7892628
3156,2.2120478,-0.058756914,-0.28168085,0.5350924,0.8012984991073608,0.23903283,5.104947,2.6248333
3157,2.1521,0.04196497,-0.20787232,0.43844932,0.8068237900733948,0.22864807,5.3515873,2.5523973
3158,2.1725633,0.026424155,-0.20038255,0.5234576,0.7423129677772522,0.24838218,4.173641,2.8035934
3159,2.2862809,0.096911654,-0.25605136,0.4200911,0.765526294708252,0.23104084,2.6547318,2.3397903
3160,2.2641392,-0.054438185,-0.20890857,0.53305787,0.7465904355049133,0.24296762,3.2811444,2.293923
3161,2.4120438,-0.12009281,-0.27947074,0.5777037,0.6312379837036133,0.22719601,2.200517,2.0813344
3162,2.3045359,0.005372449,-0.31202412,0.5099096,0.85,0.13082993,2.682088,2.652665
3163,2.153026,0.02368688,-0.23494595,0.45593068,0.7769798636436462,0.24666281,5.73923,2.5658283
3164,2.3132546,-0.047565505,-0.34808072,0.38585508,0.7137367725372314,0.26909477,3.8462496,2.6687171
3165,2.4325285,-0.1252305,-0.3236038,0.37991035,0.8263349533081055,0.16214778,2.4651954,1.6672142
3166,2.5776837,-0.15754662,-0.32856333,0.5728277,0.33900976181030273,0.24028209,2.0733194,1.7678602
3167,2.2811515,-0.09175055,-0.2340192,0.4188089,0.7994490265846252,0.223411,3.8283305,2.2912333
3168,2.2392128,-0.07177688,-0.16647385,0.52061963,0.7214702367782593,0.2686448,3.8584237,2.7231514
3169,2.3154092,0.08238523,-0.18518221,0.38562998,0.22702254354953766,0.36415878,2.2732296,2.748284
3170,2.31358,-0.03574586,-0.15653163,0.4094193,0.7416014075279236,0.19717994,2.409761,2.4169722
3171,2.3817399,-0.06883058,-0.29106444,0.49045768,0.6891168355941772,0.20075855,2.3730175,1.7124846
3172,2.301684,-0.076183334,-0.30741355,0.46719363,0.7281526923179626,0.26174575,4.0743504,2.8198435
3173,2.3508444,-0.030949073,-0.26595,0.33723098,0.48712271451950073,0.16052333,2.8394794,1.7804987
3174,2.3666065,-0.13317905,-0.3339082,0.5389639,0.6785023212432861,0.25058976,3.1145086,2.501213
3175,2.1885664,0.08895366,-0.20103987,0.5266841,0.6887619495391846,0.26436272,3.737746,1.7397842
3176,2.2746332,-0.08623141,-0.19552459,0.49657345,0.7100932598114014,0.2532293,3.5380971,2.5506675
3177,2.315192,-0.085846156,-0.22918785,0.55496246,0.7016761302947998,0.25210184,2.899735,2.2694552
3178,2.3584423,-0.0940985,-0.29803237,0.47699997,0.7954838275909424,0.21546301,3.0022228,2.3496623
3179,2.322137,0.00590136,-0.33933604,0.51515853,0.8131903409957886,0.19177644,2.6876464,2.144716
3180,2.3131158,-0.053552017,-0.2352349,0.5352284,0.7309221625328064,0.23855327,2.6867726,2.0559804
3181,2.336592,-0.013847248,-0.2295085,0.43537337,0.841643750667572,0.10337116,2.1008773,1.1994874
3182,2.4150414,-0.090832986,-0.3344709,0.4244299,0.838201642036438,0.14599755,2.6013765,1.4352738
3183,2.3535333,-0.15350454,-0.24796581,0.51104957,0.8226580619812012,0.20467886,2.833053,2.5862517
3184,2.2510834,0.061269775,-0.2429446,0.45478332,0.739112377166748,0.23859206,3.253704,2.248288
3185,2.4245365,-0.02315307,-0.18210332,0.45401126,0.14653249084949493,0.20630588,2.079974,2.0076675
3186,2.1474829,-0.02189075,-0.15169773,0.4649598,0.7557752728462219,0.2362709,5.3435764,2.4891436
3187,2.2891338,-0.07732936,-0.17897612,0.46103093,0.7293891906738281,0.2485219,2.9718251,2.4095585
3188,2.4026709,0.023695895,-0.3604875,0.37216038,0.7874214053153992,0.18256265,2.3686697,1.5072395
3189,2.3395863,0.032374192,-0.3091374,0.4340343,0.7083621025085449,0.22948192,2.6813748,2.4323814
3190,2.3447788,-0.16060318,-0.23948956,0.5664249,0.6667676568031311,0.27018532,3.3628852,2.6027248
3191,2.186787,-0.102398634,-0.14343001,0.45327276,0.8109268546104431,0.22194256,5.1573405,2.8765566
3192,2.2266805,-0.021438006,-0.19845816,0.5217399,0.7137523889541626,0.24717313,3.4286938,2.4700704
3193,2.219542,0.02627242,-0.2530348,0.49673474,0.8150685429573059,0.20339644,3.5922954,2.6073058
3194,2.2114105,-0.06825526,-0.22235869,0.4843091,0.7283017635345459,0.25548065,4.6709595,2.4901488
3195,2.3084552,-0.16040245,-0.18647134,0.40266442,0.618165135383606,0.29076016,3.5613198,2.6785755
3196,2.4014614,-0.062046718,-0.26715046,0.5535403,0.3736541271209717,0.29876202,2.2039342,2.448009
3197,2.1271234,-0.011663613,-0.08385793,0.38069776,0.7958648800849915,0.24029289,5.201413,2.8837044
3198,2.1973712,-0.024025764,-0.22908671,0.46708515,0.7784496545791626,0.22631451,4.028826,2.7398312
3199,2.3364613,-0.21546747,-0.2362299,0.5182154,0.7750014662742615,0.2717563,3.8009317,2.7027562
3200,2.5140684,-0.03197978,-0.41607827,0.51709694,0.506879448890686,0.20095144,2.1142645,1.7633027
3201,2.088685,0.024614502,-0.13051316,0.5593518,0.8038992285728455,0.24617058,6.262942,2.7749982
3202,2.192588,0.023863258,-0.18101811,0.4935945,0.85,0.16218998,3.187579,1.7600532
3203,2.2659612,0.07431085,-0.16374007,0.30394557,0.6153383851051331,0.25091332,2.8380015,2.413523
3204,2.2612143,-0.032808475,-0.2982111,0.42719716,0.8319942951202393,0.1903639,3.749557,2.6204543
3205,2.3151832,-0.0062499237,-0.34604156,0.55628383,0.563373327255249,0.31742492,3.328636,2.8647435
3206,2.4068837,-0.03013102,-0.35122785,0.43198258,0.5520297884941101,0.25755954,2.6345484,2.2099185
3207,2.137117,-0.02281891,-0.18985884,0.5471023,0.7822551727294922,0.22885759,5.290871,2.2997377
3208,2.3292015,-0.05893055,-0.28888264,0.5487792,0.6913046836853027,0.2543115,2.6068761,2.7841349
3209,2.3108363,-0.04401136,-0.30212012,0.44980094,0.7711691856384277,0.23505093,3.3834915,2.398619
3210,2.2572505,-0.034104567,-0.27193096,0.29727936,0.780911386013031,0.24408942,4.6149507,2.817555
3211,2.3163192,-0.08830189,-0.146623,0.4587299,0.6078246831893921,0.28233305,2.77198,2.4828968
3212,2.3005242,-0.015123299,-0.21614207,0.45851403,0.4741588234901428,0.3144676,3.0227869,2.6176298
3213,2.3008175,-0.048756287,-0.20559114,0.47719455,0.6919037103652954,0.25901517,2.8508713,2.5629547
3214,2.3339202,0.05878277,-0.27239177,0.4779643,0.5462248921394348,0.28984606,2.2453403,2.635307
3215,2.1684566,-0.019164285,-0.23733285,0.5598886,0.6494109034538269,0.2978302,5.9087334,2.7686522
3216,2.1763487,-0.04824334,-0.1804012,0.4754905,0.819465696811676,0.21170792,4.83741,2.5017865
3217,2.4390166,-0.06410695,-0.36518002,0.525785,0.7520836591720581,0.13749288,2.0565202,2.0518856
3218,2.3252325,-0.039618824,-0.23855409,0.4679122,0.7219638228416443,0.27147624,2.672577,2.7977014
3219,2.3094716,-0.07268214,-0.23774798,0.53899604,0.7769250273704529,0.2305956,2.867077,1.6847619
3220,2.2390761,0.037066348,-0.22494572,0.48521742,0.8243036866188049,0.18707497,2.987504,2.3639848
3221,2.207368,0.04434314,-0.2917948,0.41840065,0.7943469285964966,0.23596239,4.68918,2.6121733
3222,2.2335107,-0.08478748,-0.2971471,0.65468484,0.85,0.18720713,4.1865654,2.5455034
3223,2.2448554,0.05583647,-0.22190033,0.46970564,0.7717775702476501,0.21479578,2.811905,1.9223275
3224,2.127519,0.07415034,-0.20192154,0.5166927,0.7441700100898743,0.2491474,4.914921,1.9054408
3225,2.123187,-0.011855649,-0.17494792,0.45640284,0.8023048639297485,0.2324769,6.5113893,2.6061566
3226,2.295052,-0.10747193,-0.3051443,0.5808443,0.85,0.1697814,3.5699525,2.3763664
3227,2.2507977,0.026630577,-0.2923437,0.34358272,0.7757644653320312,0.24080728,3.8539364,2.6701198
3228,2.2692661,-0.015911818,-0.26967388,0.4875488,0.6697053909301758,0.27776727,3.5661836,2.5639937
3229,2.2393804,-0.1543549,-0.33875668,0.61646,0.77751624584198,0.26177645,7.1436753,2.7524016
3230,2.1572597,-0.029473862,-0.174793,0.3136769,0.775435209274292,0.24759018,6.6065474,2.8757174
3231,2.2917368,0.06893472,-0.3224208,0.47017065,0.735064685344696,0.24395294,2.9374096,2.8332973
3232,2.2668765,-0.04803295,-0.2374578,0.4796934,0.8013800382614136,0.19819789,3.4202752,2.5601425
3233,2.0988586,0.011291522,-0.24872935,0.43511757,0.7428293824195862,0.31746274,12.912737,2.0838237
3234,2.147299,-0.05838976,-0.13814174,0.37348178,0.7351254224777222,0.26315364,6.830738,2.3619738
3235,2.2572103,-0.038180683,-0.24155307,0.45020548,0.7921789884567261,0.21606642,3.682704,2.8620172
3236,2.1887007,-0.023200782,-0.19089778,0.55738395,0.7943992018699646,0.20918602,3.828731,2.0674286
3237,2.2159786,-0.006768201,-0.24211198,0.49600828,0.8157550692558289,0.21821883,4.200474,2.7804637
3238,2.2570693,-0.008409443,-0.20003729,0.4454345,0.7844350337982178,0.22660531,3.2133772,2.439999
3239,2.2140157,0.14273046,-0.25918156,0.43352905,0.7548357844352722,0.2530195,3.2925465,2.5592144
3240,2.2155106,0.030944565,-0.19241993,0.54897916,0.7135075330734253,0.2714041,3.4858108,2.7573133
3241,2.3413563,-0.021621598,-0.193629,0.35812998,0.5252385139465332,0.22667971,2.1458952,1.9042574
3242,2.3016183,0.0074522435,-0.13018934,0.38072836,0.3761116862297058,0.23700514,2.4733686,1.6820184
3243,2.2545211,-0.070448905,-0.2482268,0.4375681,0.85,0.1920174,3.9558396,1.6531737
3244,2.1755278,-0.080180645,-0.2446388,0.5596808,0.85,0.19843054,6.1237574,1.6629838
3245,2.2526443,0.06678499,-0.19975917,0.34110594,0.7178740501403809,0.2529998,3.005664,2.5935426
3246,2.1602395,-0.040665448,-0.263177,0.47893402,0.8135059475898743,0.2548999,7.729903,1.8426768
3247,2.3228357,-0.1377276,-0.24687749,0.4654481,0.6180500388145447,0.27875075,3.4227407,2.4534485
3248,2.275875,-0.03956685,-0.39305794,0.59841156,0.7778650522232056,0.26731724,4.3693714,2.5320113
3249,2.290577,0.027918464,-0.18640679,0.43974468,0.3607781231403351,0.24538705,2.2510865,1.5423301
3250,2.2200534,-0.11517932,-0.24827169,0.48141685,0.85,0.18958959,5.1853886,1.898352
3251,2.2068913,-0.033777524,-0.23331551,0.47196755,0.8208377361297607,0.2018484,4.099003,2.6850226
3252,2.3887975,-0.15999748,-0.19188784,0.44834867,0.6354929804801941,0.20903838,2.5466173,1.5615718
3253,2.3133533,0.09329578,-0.26110938,0.456427,0.688211977481842,0.21914026,2.4404595,1.8002505
3254,2.191676,-0.1070926,-0.25750142,0.38865635,0.7359291315078735,0.29857886,9.702266,2.7086167
3255,2.3114119,0.050243568,-0.17563738,0.33976993,0.5522130131721497,0.26273957,2.4134939,1.9186306
3256,2.3025234,0.06570466,-0.278509,0.402072,0.6699259877204895,0.241431,2.8976917,2.026091
3257,2.2558079,-0.026993018,-0.24731068,0.5260958,0.85,0.17767279,3.3737745,2.6333
3258,2.3861659,-0.25555867,-0.33508542,0.6391435,0.7945716381072998,0.2244738,3.6301792,2.6888554
3259,2.371607,-0.007911554,-0.20914795,0.4665271,0.4611121714115143,0.19803493,2.0139897,1.6152996
3260,2.296268,0.05543981,-0.3707584,0.49523503,0.7184226512908936,0.25895292,3.584328,2.8642523
3261,2.2907639,-0.05579759,-0.30390567,0.46002173,0.8180525898933411,0.19781339,3.6832647,2.2327828
3262,2.2772398,-0.06339355,-0.29622793,0.44852847,0.7480370402336121,0.26736563,3.8985372,2.1784196
3263,2.3510067,-0.03630268,-0.26726314,0.5166066,0.529574990272522,0.2893786,2.5691342,2.44878
3264,2.2249427,-0.06649957,-0.20177086,0.5217752,0.7582406997680664,0.23894972,4.085808,2.6432927
3265,2.154522,-0.032305375,-0.21208422,0.5320016,0.6854677796363831,0.2836163,6.3963814,2.836746
3266,2.2556875,0.014361959,-0.12800793,0.49572325,0.713763952255249,0.23065107,2.6086652,2.285904
3267,2.3927584,-0.036791038,-0.27088332,0.5230709,0.3383682668209076,0.24416019,2.07325,1.8096219
3268,2.2886963,0.060443554,-0.27178606,0.4132148,0.6757240295410156,0.27060777,2.792354,2.0740435
3269,2.4024892,-0.115450054,-0.44651374,0.44728613,0.7664482593536377,0.2399686,3.7215264,2.1370595
3270,2.1117456,0.11405524,-0.15282284,0.33765942,0.7684005498886108,0.22072731,5.634702,2.6428204
3271,2.2314036,0.023491621,-0.13079254,0.40839648,0.7004831433296204,0.26804557,3.0545442,2.7568333
3272,2.3302996,-0.09553931,-0.28558585,0.44289714,0.8016136288642883,0.20710395,3.2326896,2.4122007
3273,2.4191742,-0.18362029,-0.36546904,0.39940506,0.7486202120780945,0.25095436,3.3852284,2.6235495
3274,2.3009431,-0.10282886,-0.40168887,0.3753444,0.8298624753952026,0.21737984,5.4691005,2.3764343
3275,2.3586078,0.06589277,-0.2731701,0.5079776,0.6458852291107178,0.19777142,2.1346147,2.1908243
3276,2.3252296,-0.088411726,-0.25812152,0.5972366,0.6853089332580566,0.27737114,3.0439017,2.604668
3277,2.2872171,0.008610361,-0.27338374,0.4165064,0.6802660226821899,0.27393097,3.4310212,2.177372
3278,2.1130166,0.054859683,-0.14009878,0.5866516,0.791540265083313,0.24866228,4.6254272,2.5030298
3279,2.2776668,0.08845365,-0.28012955,0.35833052,0.85,0.15547049,3.0409474,2.1336114
3280,2.3740528,-0.099314146,-0.3866519,0.5288379,0.8235783576965332,0.18542066,3.0165484,2.2147663
3281,2.351094,-0.061365053,-0.22596496,0.38001725,0.8196545243263245,0.13652903,2.5724235,1.4234341
3282,2.4607716,-0.016042786,-0.3430917,0.4194641,0.5312817692756653,0.16663335,2.0496888,1.4211614
3283,2.2433543,0.019733058,-0.33359224,0.38672775,0.7533345222473145,0.2531569,4.734831,2.7524633
3284,2.2543554,-0.03402048,-0.20846783,0.3734,0.6799760460853577,0.26965985,4.0363655,2.8130221
3285,2.2944126,-0.052653853,-0.36471686,0.41012084,0.8200320601463318,0.21777922,4.152289,2.695956
3286,2.2877045,-0.0019492209,-0.27846542,0.44767267,0.7731797695159912,0.23707856,3.4231546,2.3960392
3287,2.2576523,0.013491679,-0.1870741,0.2994815,0.78052818775177,0.23626533,3.4881349,2.679247
3288,2.395773,0.034080103,-0.36155376,0.43254596,0.5762145519256592,0.23584554,2.2607167,2.295702
3289,2.1966722,0.009674324,-0.17734642,0.46594962,0.744349479675293,0.2525477,4.050071,2.41513
3290,2.3536832,-0.044314615,-0.19865766,0.5351038,0.8358522057533264,0.10115847,2.1970575,2.270482
3291,2.1442642,0.011862592,-0.18107648,0.34236124,0.7900745868682861,0.23660816,6.2234597,2.5416853
3292,2.2772017,-0.031481095,-0.1793753,0.48750252,0.6295347809791565,0.30773902,2.909044,2.859306
3293,2.1981,0.0054035406,-0.18690239,0.37807906,0.8229767084121704,0.20030235,4.264021,2.0866172
3294,2.196192,-0.061722152,-0.22808336,0.45825845,0.831752359867096,0.194749,5.0593724,2.463777
3295,2.2000835,-0.040370103,-0.28958124,0.5057058,0.7289841175079346,0.23038225,5.137433,1.4548496
3296,2.285544,-0.09850286,-0.40261745,0.5650176,0.8254172205924988,0.21091276,4.468806,2.1961997
3297,2.2104118,-0.084970854,-0.1992882,0.4533174,0.7234752774238586,0.25674593,4.7921762,2.8234842
3298,2.3610177,0.011446926,-0.31065387,0.28381154,0.716789186000824,0.23520145,2.8768888,2.375907
3299,2.3306434,0.00079292344,-0.31329155,0.42542067,0.6876679062843323,0.25585917,3.0670226,2.6347175
3300,2.4077945,-0.070751555,-0.30657482,0.36813572,0.6317674517631531,0.2656153,2.70373,2.2166483
3301,2.1669307,0.07130038,-0.11977033,0.5341774,0.7177121043205261,0.2647609,2.9868927,2.6528583
3302,2.189875,0.0861702,-0.14474167,0.43556067,0.7943416237831116,0.23931503,3.2872565,2.6344585
3303,2.1429384,0.0638795,-0.22027268,0.46841636,0.7437894344329834,0.25463137,4.9271903,2.7276886
3304,2.3977013,-0.062236827,-0.23779622,0.39772946,0.29168376326560974,0.31770483,2.3300467,2.787372
3305,2.1998916,-0.01493672,-0.15240519,0.5050632,0.7120310068130493,0.27952194,3.6431503,2.7158046
3306,2.3721657,-0.0680904,-0.24798524,0.5057157,0.5750123262405396,0.25457746,2.39199,2.018203
3307,2.3760018,-0.08313042,-0.1209899,0.56626123,0.4227793216705322,0.24994633,2.0536594,2.305995
3308,2.264083,0.009193962,-0.24394539,0.54339755,0.7767053842544556,0.2222061,2.9925973,2.2380166
3309,2.3570876,0.092289716,-0.31890655,0.4232798,0.6062890291213989,0.16462255,2.1660197,1.513661
3310,2.2615528,0.07729136,-0.21976733,0.38043746,0.6992797255516052,0.21888658,2.6622715,1.7233429
3311,2.2895648,-0.08254627,-0.29878104,0.5304102,0.8053402304649353,0.2342022,3.5118496,2.4910088
3312,2.2154045,0.036410056,-0.21835467,0.46300232,0.8036323189735413,0.22037643,3.370263,2.298282
3313,2.1630392,0.07092103,-0.24465819,0.5660108,0.7652302980422974,0.256668,4.463244,2.6915488
3314,2.2413929,-0.03271813,-0.22871348,0.52509195,0.7068264484405518,0.2584705,3.886973,2.5292873
3315,2.2283702,-0.0060874866,-0.2408324,0.4042671,0.829341471195221,0.1941992,3.9844875,2.7758343
3316,2.349691,-0.093657136,-0.31504467,0.38513017,0.7025899887084961,0.2725451,3.4131021,2.8601053
3317,2.32676,-0.12943295,-0.3004371,0.5053423,0.690724790096283,0.28045318,3.4794672,2.6744382
3318,2.308565,0.018432446,-0.2796557,0.4332311,0.6610541343688965,0.2592607,2.8695679,2.353493
3319,2.3294437,-0.13352686,-0.31480363,0.51416445,0.7049716114997864,0.26603958,3.7172546,2.4609115
3320,2.3726687,-0.10248842,-0.32388398,0.39207682,0.6997119188308716,0.2553999,3.282052,1.9553214
3321,2.394673,-0.14894801,-0.28502068,0.40063095,0.7338808178901672,0.19841091,2.6236155,1.6839017
3322,2.260301,-0.07490494,-0.21789734,0.45869762,0.7750087976455688,0.23208526,3.2283013,2.847344
3323,2.3459044,0.019312983,-0.25777963,0.3659135,0.7225242853164673,0.18618591,2.399351,1.4707936
3324,2.310133,-0.09212132,-0.27937898,0.57859254,0.7777678966522217,0.23105222,3.1101842,2.2278192
3325,2.2046561,0.04184991,-0.2700445,0.39672348,0.7853391766548157,0.2178424,3.8969867,2.521712
3326,2.376326,-0.102427185,-0.17445414,0.55880183,0.4559967815876007,0.22903933,2.1672864,1.7064837
3327,2.2446525,0.07059489,-0.19060244,0.40498853,0.6810886263847351,0.28581628,3.232957,2.7643726
3328,2.359942,-0.08934852,-0.21273515,0.4292723,0.8253337740898132,0.13559285,2.3890615,1.2940884
3329,2.2438223,0.053047325,-0.2151854,0.4076201,0.8251933455467224,0.15660897,2.9723957,1.59471
3330,2.3315852,-0.038211558,-0.24369445,0.4904082,0.6294543147087097,0.17981021,2.5517945,1.3971123
3331,2.3587732,-0.031890795,-0.33901528,0.47080302,0.8196557760238647,0.13200887,2.3331501,1.1972985
3332,2.3205926,-0.016739855,-0.29379275,0.56337047,0.6734220385551453,0.26136807,2.7844012,2.5650191
3333,2.4785945,-0.031645883,-0.3693118,0.4604312,0.7629120349884033,0.07705337,1.4891869,1.2863824
3334,2.3919802,-0.07828976,-0.26439938,0.48512194,0.497798889875412,0.24625349,2.3499794,1.611594
3335,2.1623902,0.13086633,-0.16242805,0.46071738,0.8159681558609009,0.22096819,3.4698381,2.507037
3336,2.2338517,0.08086347,-0.25110364,0.38649803,0.7986434102058411,0.21721062,3.0533445,2.799412
3337,2.2763767,-0.07104196,-0.21633717,0.5706334,0.736095666885376,0.27430838,3.2911603,2.473576
3338,2.3794563,-0.0553088,-0.26596454,0.5017335,0.6111972332000732,0.24648361,2.2837288,2.1863477
3339,2.2881987,-0.059216153,-0.20475528,0.63615286,0.8469509482383728,0.13969167,2.6932244,2.011554
3340,2.2148347,-0.006510409,-0.29064986,0.46924382,0.8266938924789429,0.18562722,4.435609,2.8223689
3341,2.2900069,-0.049244106,-0.2288736,0.53875643,0.6891133785247803,0.25824305,2.9314816,1.8947202
3342,2.373663,-0.05878174,-0.25452718,0.4013099,0.6965658664703369,0.2165439,2.5407853,1.9981586
3343,2.3154356,-0.07314078,-0.17307024,0.37521335,0.8212025761604309,0.17921697,2.6553264,1.7477227
3344,2.303138,0.056496892,-0.2619084,0.43651035,0.6456266045570374,0.2646293,2.6985984,2.2256455
3345,2.2834673,-0.014821925,-0.20397039,0.43136072,0.8304614424705505,0.15764093,2.799162,2.296005
3346,2.272967,0.021073444,-0.33512273,0.5567848,0.7562816739082336,0.23879245,3.0344214,2.1607122
3347,2.333761,0.013293099,-0.20391232,0.5124486,0.5308763384819031,0.190455,2.1403708,1.6721444
3348,2.20796,0.0032247207,-0.16079497,0.46060956,0.6654381155967712,0.3063878,3.9366403,2.8836465
3349,2.2481358,0.024281729,-0.3527843,0.5259545,0.7878671288490295,0.21652994,4.226825,2.439804
3350,2.3086498,-0.018478379,-0.21019782,0.47523782,0.5811919569969177,0.27847633,2.5949953,2.2518816
3351,2.1635637,-0.020696538,-0.24989994,0.35793555,0.7560992240905762,0.2820445,7.8264675,2.5965135
3352,2.1782134,0.059172135,-0.1985636,0.3485216,0.8357170224189758,0.16370733,3.8725302,2.1348066
3353,2.4179263,0.04548016,-0.4178806,0.45217723,0.7586550116539001,0.14786878,2.4675117,1.4485465
3354,2.241833,0.08516363,-0.27883336,0.366653,0.7010595202445984,0.2668236,3.4495935,2.782908
3355,2.3343942,-0.041600145,-0.23206824,0.5337235,0.737467885017395,0.21285151,2.555296,2.238617
3356,2.142669,0.08806253,-0.2199087,0.44895557,0.747187614440918,0.25186613,4.5151687,2.4639711
3357,2.1664946,0.04599094,-0.22046313,0.41133097,0.7160776257514954,0.25556394,4.6473007,2.8356261
3358,2.1311698,0.019126836,-0.28470322,0.4712941,0.7902512550354004,0.26754916,9.310627,2.7129924
3359,2.3213472,-0.046357434,-0.1968473,0.40336654,0.7125751376152039,0.23778331,2.7714057,2.4557354
3360,2.2570035,-0.018252628,-0.16511776,0.388792,0.7764224410057068,0.24992694,3.5531669,2.705417
3361,2.3691003,-0.05168711,-0.22836192,0.42548436,0.6788440346717834,0.18932259,2.2903562,1.5691782
3362,2.2951121,0.18434855,-0.25951174,0.34996793,0.5764837861061096,0.21989788,2.4102755,1.7798728
3363,2.1580317,-0.028829541,-0.22918886,0.5121294,0.7073173522949219,0.28461626,5.8873262,2.242615
3364,2.220568,-0.043611336,-0.20356621,0.63172203,0.6843954920768738,0.28315976,3.6066206,2.6540701
3365,2.3548243,-0.18554094,-0.22156177,0.60371923,0.8103892803192139,0.21223745,2.9293647,2.2367537
3366,2.3476264,-0.022126416,-0.27934313,0.44516367,0.6271358132362366,0.27197906,2.8597062,2.6993854
3367,2.403623,-0.095906205,-0.12627855,0.4807934,0.327391654253006,0.23492731,2.1006918,2.1300313
3368,2.3684423,0.0024955124,-0.3399455,0.5353082,0.5197420716285706,0.2874818,2.3901966,2.504486
3369,2.2950287,-0.03695546,-0.31048077,0.42602712,0.85,0.17251559,3.5295923,1.8528119
3370,2.3585272,-0.056225877,-0.26632044,0.45044395,0.6904988884925842,0.2352454,2.7302048,2.2935927
3371,2.265824,-0.056655806,-0.18299374,0.44298586,0.7648943662643433,0.22359176,3.4206429,2.3321366
3372,2.2179954,0.05939388,-0.12625402,0.44114468,0.6804938912391663,0.2823776,3.3004043,2.6734822
3373,2.227607,-0.07268339,-0.2105202,0.49134487,0.8384315967559814,0.17745866,4.000383,2.4069018
3374,2.177047,-0.049432933,-0.12693779,0.5216336,0.8469758033752441,0.19933322,4.425536,2.6557791
3375,2.3216474,-0.017198196,-0.21535659,0.38676387,0.5628787875175476,0.2875133,2.6308274,2.3353565
3376,2.245065,-0.029686349,-0.27523962,0.52261406,0.6874838471412659,0.2668225,4.3771186,2.643512
3377,2.3191025,0.0035085808,-0.23422253,0.5000788,0.5616186857223511,0.2688136,2.4863682,2.571804
3378,2.2499917,0.056590028,-0.1414042,0.51174384,0.6455838084220886,0.24964264,2.681995,2.377826
3379,2.3260894,-0.10092795,-0.36873272,0.6265166,0.7805188298225403,0.22986278,3.593717,2.0547156
3380,2.293107,-0.08645433,-0.2757161,0.44233572,0.7076586484909058,0.28909898,3.898557,2.854696
3381,2.3115313,0.050486695,-0.2877812,0.41584113,0.6756764650344849,0.2254199,2.8495317,1.9627819
3382,2.2974343,-0.023526676,-0.06437295,0.40562692,0.615527331829071,0.29056183,2.2976847,2.733062
3383,2.2274857,-0.06110517,-0.26111344,0.47900218,0.7538355588912964,0.2432758,4.586582,2.7545493
3384,2.2797186,-0.036354803,-0.19006875,0.40979815,0.8071466684341431,0.1874231,2.9970248,2.5561757
3385,2.2736237,-0.08987204,-0.18645078,0.6714209,0.8163931965827942,0.21074429,3.3147993,2.6366944
3386,2.2283006,-0.0005086524,-0.14010164,0.4038673,0.7788636684417725,0.23850876,3.5852523,1.9544793
3387,2.2435353,-0.06443364,-0.1802288,0.38960943,0.8200834393501282,0.20156285,3.9041264,2.4019103
3388,2.4730556,0.040794045,-0.3222741,0.2654401,0.584403932094574,0.22963245,2.1385808,2.4268332
3389,2.1505318,-0.039614834,-0.1471375,0.38296375,0.6921108365058899,0.28491643,6.333335,2.620109
3390,2.208327,0.034814462,-0.1198532,0.40969524,0.8092235922813416,0.20144111,2.878473,1.8358196
3391,2.343575,-0.072266154,-0.18686081,0.4951547,0.7932847738265991,0.18695635,2.5453355,2.2287784
3392,2.3683956,-0.071455285,-0.34689763,0.44851056,0.8327298760414124,0.18419632,2.782752,1.6280291
3393,2.3844526,-0.076918304,-0.23686722,0.47066516,0.7195358872413635,0.17777279,2.3344667,1.4526863
3394,2.319513,-0.110405736,-0.25139704,0.6339435,0.7663923501968384,0.2583854,2.9378347,2.5457587
3395,2.2870753,0.068050854,-0.2488669,0.44458124,0.6736341714859009,0.23699096,2.662969,2.3550322
3396,2.3085523,-0.095973045,-0.32180336,0.58167726,0.8265992999076843,0.20669055,3.481671,1.8142313
3397,2.3726234,-0.06757265,-0.38324893,0.39950022,0.7703852653503418,0.23267563,3.3134942,2.4281301
3398,2.338112,-0.1227493,-0.34049508,0.45703703,0.6708483695983887,0.27684444,3.8083313,1.8896564
3399,2.2314832,-0.12444814,-0.28132805,0.41488767,0.7852236032485962,0.26582223,6.8686395,2.904684
3400,2.1926324,0.055666525,-0.09621488,0.52206135,0.5504288673400879,0.33040437,3.1346128,2.6973205
3401,2.2577229,0.15374017,-0.23953034,0.40661,0.6363717913627625,0.27016956,2.7983966,2.760424
3402,2.399725,0.08423533,-0.36060166,0.4024347,0.5715159177780151,0.21917541,2.2590833,2.4845033
3403,2.1779392,-0.05999334,-0.17488772,0.4483275,0.803234875202179,0.23152289,4.5614448,2.623893
3404,2.2442744,0.021460319,-0.25029865,0.5846547,0.7186874151229858,0.271148,3.6808174,2.6713102
3405,2.295486,-0.024221143,-0.36266297,0.5577588,0.7966429591178894,0.24077761,3.712158,2.6407218
3406,2.0845363,0.033851255,-0.09067206,0.3961,0.825753927230835,0.20930614,6.0142636,2.3628967
3407,2.3161511,0.012835205,-0.35010496,0.46049467,0.8133560419082642,0.20782378,2.956664,2.6393957
3408,2.3065076,-0.011268252,-0.24419363,0.37953535,0.7352620363235474,0.21760325,3.1261847,2.5007782
3409,2.1807177,0.0021463702,-0.20397608,0.45023513,0.7635670900344849,0.22410339,4.166747,2.575026
3410,2.0605943,0.14534806,-0.032763433,0.36227903,0.8002341389656067,0.22011815,4.6199656,2.3078492
3411,2.3736908,-0.101168394,-0.3145231,0.49329215,0.7050153613090515,0.26785797,2.8457012,2.755496
3412,2.299584,-0.10588283,-0.39792162,0.5330975,0.788098931312561,0.23905621,4.7106066,2.770624
3413,2.2833834,-0.0031843008,-0.22360434,0.36739534,0.6039733290672302,0.2972879,3.1887684,2.7725158
3414,2.393606,-0.11909964,-0.3263631,0.6826143,0.6279582977294922,0.258366,2.5701091,2.2974012
3415,2.2159321,0.0013466747,-0.180149,0.4587447,0.8023554086685181,0.2274105,3.5965273,2.5445302
3416,2.4829726,-0.05996111,-0.3465291,0.3873719,0.40187862515449524,0.20012242,2.2140052,1.5952073
3417,2.2735465,0.06145627,-0.18401857,0.37177414,0.7787030339241028,0.21597688,2.7780502,2.2041605
3418,2.319577,-0.06562258,-0.17494321,0.48734072,0.7758379578590393,0.19468626,2.590074,2.0157151
3419,2.2537036,0.10323207,-0.28180888,0.37683058,0.7509965896606445,0.2499719,3.3436654,2.694423
3420,2.2099533,0.1058223,-0.29039246,0.35685402,0.6472442746162415,0.3026657,4.209381,2.516944
3421,2.3209014,-0.019873258,-0.19536847,0.552768,0.85,0.09597228,2.123645,1.7202475
3422,2.4122655,0.0065349345,-0.26418865,0.44673288,0.6105184555053711,0.16798222,2.1572921,1.5464376
3423,2.2382085,-0.045047954,-0.2026386,0.4882004,0.7360820174217224,0.24988098,3.5220635,2.6996884
3424,2.3624642,-0.034750268,-0.3078554,0.462747,0.7167640328407288,0.23362511,2.6848297,2.3909402
3425,2.3133774,-0.03900666,-0.2806138,0.5497344,0.7051486372947693,0.2653031,2.9306674,2.7675943
3426,2.2903721,-0.04291151,-0.1998666,0.46836302,0.7309969663619995,0.22749428,3.0889559,2.3100338
3427,2.2043407,0.036246058,-0.14429449,0.520162,0.8447843790054321,0.20611401,3.201767,2.3393624
3428,2.2620575,-0.03309343,-0.24480197,0.58129835,0.7662389874458313,0.23833996,3.3309593,2.7802317
3429,2.2803204,-0.020963248,-0.2730855,0.47568798,0.7156007885932922,0.26299125,3.5785599,2.7201576
3430,2.334617,-0.020463558,-0.2897298,0.40006128,0.7970190644264221,0.21083961,3.043317,2.215004
3431,2.291998,-0.06315722,-0.27732882,0.400027,0.836259663105011,0.19275254,3.5996947,2.2830215
3432,2.3185992,0.030101903,-0.24713498,0.4499518,0.5094379186630249,0.2705502,2.6186688,2.2150679
3433,2.366889,0.04912984,-0.33678982,0.40324268,0.6137508153915405,0.26405677,2.5801938,2.6068127
3434,2.1839547,-0.09626304,-0.19606937,0.44680026,0.7299749255180359,0.26079613,5.171829,2.4263906
3435,2.4110188,-0.1530699,-0.3454664,0.53252906,0.5955535173416138,0.30110213,3.0699852,2.6977494
3436,2.3252633,-0.11727252,-0.23587729,0.4978975,0.7370051145553589,0.25441363,3.2083218,2.5619507
3437,2.2225432,-0.013433996,-0.2389185,0.49030226,0.7943481802940369,0.22312997,3.9844604,2.4855812
3438,2.2256732,-0.018062314,-0.29024863,0.29766887,0.7436842322349548,0.25690526,6.6395,2.764109
3439,2.5540812,-0.045691088,-0.4329324,0.49066386,0.22756032645702362,0.3051573,2.1446037,2.851302
3440,2.25597,0.039358832,-0.20974031,0.54795146,0.7748161554336548,0.25985515,2.9161441,2.4545734
3441,2.3246803,-0.03682802,-0.18175466,0.3364752,0.8197327852249146,0.19219455,2.743053,2.245589
3442,2.3243535,0.028855868,-0.18327165,0.46953648,0.37907278537750244,0.25281325,2.2500753,1.733982
3443,2.2731326,-0.076334305,-0.14069161,0.5714677,0.7839212417602539,0.20845734,2.7167802,1.7246724
3444,2.3859293,-0.009631475,-0.3289275,0.5450678,0.6879652738571167,0.21823916,2.2967186,2.139039
3445,2.3077416,0.011683492,-0.25660768,0.4857116,0.6713247895240784,0.22957982,2.6231725,1.7222084
3446,2.2326698,0.039506324,-0.20885561,0.54099786,0.704185962677002,0.2544751,3.4972436,1.8273165
3447,2.3523068,-0.05564628,-0.29388377,0.36195943,0.8481264114379883,0.19323085,2.9068267,2.4136753
3448,2.0846007,0.06883545,-0.20280585,0.40222377,0.699974000453949,0.31626192,8.378842,2.7839053
3449,2.30914,-0.027652927,-0.2801381,0.34103236,0.8213353753089905,0.19336759,2.9437299,1.7011226
3450,2.1773913,0.11509891,-0.27767769,0.54163593,0.7521091103553772,0.27617744,4.156539,2.7116928
3451,2.3533587,-0.075396165,-0.27306977,0.46205908,0.729081928730011,0.23855543,2.9555473,2.3101566
3452,2.447272,-0.17751645,-0.18080693,0.50940484,0.3373918831348419,0.25523385,2.2117155,2.2255936
3453,2.381454,-0.03732738,-0.3552489,0.4431474,0.7388841509819031,0.23667842,2.6938522,2.2899463
3454,2.2607825,-0.018493995,-0.12755726,0.4343956,0.7555880546569824,0.21760273,2.768131,1.6204846
3455,2.4006207,-0.0064412616,-0.4149725,0.4867113,0.6795406341552734,0.24046011,2.7206957,2.549091
3456,2.126658,-0.077000625,-0.15925097,0.5002808,0.7463489174842834,0.27822545,7.7127013,2.1004727
3457,2.2621922,-0.0007121314,-0.33087075,0.44656992,0.8354380130767822,0.19222312,4.071043,1.7781551
3458,2.3475702,-0.03236473,-0.22037677,0.5299062,0.5378574728965759,0.24391341,2.4794836,2.639305
3459,2.3414156,0.008684072,-0.19646704,0.36824575,0.6469393372535706,0.23003772,2.4181435,2.2731173
3460,2.2373934,-0.034374896,-0.18370245,0.43308684,0.8208834528923035,0.21936391,3.499866,1.612623
3461,2.359393,-0.062272497,-0.25745222,0.5868364,0.7382862567901611,0.22481444,2.447024,2.1505215
3462,2.4442425,-0.21698017,-0.31808046,0.52057445,0.6655466556549072,0.27596074,2.9798758,2.630468
3463,2.1273818,-0.023444146,-0.19871606,0.39931726,0.6893936991691589,0.30480582,8.319679,1.9207423
3464,2.1891615,0.02462956,-0.22572355,0.4350645,0.85,0.17173071,4.7063904,1.8571987
3465,2.333473,-0.019707583,-0.23376332,0.5791258,0.7595641613006592,0.20139548,2.29495,2.127839
3466,2.2490242,0.0032905748,-0.17301993,0.5190011,0.7240299582481384,0.26558858,2.932722,2.8170938
3467,2.2061481,0.052561715,-0.3550551,0.45103934,0.7198207974433899,0.27260295,5.4249988,2.6457338
3468,2.1835575,0.046706934,-0.17939425,0.44683987,0.7265351414680481,0.25469697,3.875295,2.5873845
3469,2.151798,0.14204371,-0.20754589,0.50559294,0.7698264718055725,0.24126649,3.7178152,2.0617487
3470,2.265827,-0.14594321,-0.13084221,0.4614557,0.7137975692749023,0.2533937,3.7526014,2.756486
3471,2.3664348,-0.11903653,-0.37929004,0.5162259,0.7388952970504761,0.26959565,3.498568,2.4367025
3472,2.4383814,-0.21170677,-0.30292434,0.49453098,0.6211421489715576,0.2586418,2.5120826,2.6864026
3473,2.2500973,0.07097845,-0.19340439,0.49362394,0.6963011026382446,0.2633947,2.9904735,2.4034152
3474,2.2852807,0.02366021,-0.34229124,0.4596078,0.7759106755256653,0.21890983,3.0617623,2.491853
3475,2.185077,-0.007587838,-0.14655447,0.5308999,0.8174515962600708,0.2087623,3.7650676,2.4662673
3476,2.4016738,-0.08048251,-0.38274446,0.47833258,0.7028719186782837,0.21786377,2.6494575,1.8661822
3477,2.4176655,0.008712973,-0.42914733,0.51238424,0.7122867703437805,0.21543391,2.5631003,1.7459081
3478,2.224458,0.026674842,-0.20568286,0.4033425,0.7847098112106323,0.23218982,3.2577524,2.6930828
3479,2.2890887,0.010241458,-0.20383696,0.45871323,0.8234157562255859,0.14223735,2.4750469,1.359811
3480,2.427723,-0.0678356,-0.3344245,0.49390993,0.4537097215652466,0.25192386,2.3369434,2.2103715
3481,2.1522207,0.092186265,-0.21822728,0.37771857,0.85,0.18120019,4.470531,2.476503
3482,2.4911761,-0.20870756,-0.44527268,0.57496685,0.8005451560020447,0.16241309,2.7092578,2.372268
3483,2.4510577,0.017779877,-0.36892328,0.47151166,0.6662996411323547,0.16542687,2.0368097,1.7617443
3484,2.2658813,0.06514204,-0.27821898,0.5135799,0.7276838421821594,0.27408865,3.243353,2.7254121
3485,2.3543262,-0.089859664,-0.2684112,0.583737,0.6929652094841003,0.2700027,2.7354617,2.4235053
3486,2.2359908,-0.037241533,-0.25117394,0.5585087,0.7114368081092834,0.25978667,4.0104585,2.5190036
3487,2.2510896,-0.02010277,-0.23025863,0.39862612,0.8038042187690735,0.23940787,3.6699958,2.677958
3488,2.4544706,-0.08879656,-0.3076173,0.5038432,0.4729977548122406,0.23353574,2.147761,1.8431233
3489,2.2607238,0.05266049,-0.1973158,0.58442765,0.5863001346588135,0.31266284,2.6566038,2.587553
3490,2.2246068,-0.10971593,-0.20438945,0.5113663,0.7025437355041504,0.29507676,4.390542,2.909323
3491,2.3516178,-0.013664687,-0.14182203,0.4129512,0.2664863169193268,0.20967217,2.1065578,2.2001433
3492,2.1672285,-0.012055206,-0.21921833,0.4540515,0.7043363451957703,0.261685,6.0021753,2.5667167
3493,2.2022264,0.05529557,-0.16929577,0.49713197,0.8232347369194031,0.20359798,3.0385218,2.6891687
3494,2.2286687,0.04070106,-0.12899163,0.41677245,0.7751815915107727,0.23253514,3.0129926,2.5235026
3495,2.1917682,-0.027811805,-0.26057795,0.56218,0.8007222414016724,0.24557473,5.3302426,2.336727
3496,2.2133822,-0.0012044245,-0.24503872,0.46514195,0.7155410051345825,0.251449,4.1577387,2.8016803
3497,2.3550763,-0.21062672,-0.116449624,0.5564228,0.7595900297164917,0.23004699,2.5615528,2.3366618
3498,2.2589667,-0.0035789364,-0.28863916,0.5521959,0.7957530617713928,0.23489532,3.4613786,2.2422924
3499,2.3977408,-0.062150132,-0.2644195,0.49314654,0.33522239327430725,0.2564761,2.228726,2.1250942
3500,2.2180548,0.14148462,-0.23942508,0.50179255,0.7828291058540344,0.21547787,2.9808211,2.6569748
3501,2.136558,0.15019938,-0.026538879,0.39395842,0.8306736350059509,0.16632354,2.6840343,1.8439363
3502,2.3864865,-0.1270789,-0.25752872,0.58513135,0.663853108882904,0.23661305,2.4964018,2.4090617
3503,2.271274,-0.07822493,-0.19356053,0.5345801,0.7720319628715515,0.24052913,3.1105492,2.2887254
3504,2.2605817,-0.016815213,-0.29691774,0.518621,0.8066352605819702,0.19250011,3.6928153,2.8069682
3505,2.213867,-0.047197606,-0.279454,0.4899009,0.6787348389625549,0.28009236,5.585952,2.903
3506,2.3550239,0.08866889,-0.2373285,0.46521464,0.678006112575531,0.14538793,2.051946,1.7527632
3507,2.1823437,-0.028702976,-0.08323872,0.39983928,0.6819478273391724,0.2627194,3.6926134,2.2189932
3508,2.361786,0.011447107,-0.20710342,0.46748447,0.3909666836261749,0.19923422,2.1150806,1.6750937
3509,2.4526927,-0.036713704,-0.4465854,0.45745078,0.6104698777198792,0.2568254,2.6698122,2.2045393
3510,2.3544254,-0.121644795,-0.24630746,0.4921629,0.761060357093811,0.2231165,3.1171386,2.35595
3511,2.2296104,0.02960058,-0.22536372,0.5441699,0.7228954434394836,0.28972235,3.422473,2.6922102
3512,2.3983788,-0.09748175,-0.48163515,0.45443398,0.7590932846069336,0.24735413,3.8740819,2.716622
3513,2.379626,-0.027796224,-0.21786408,0.35851878,0.6387553811073303,0.21563418,2.243574,1.7692152
3514,2.4230056,-0.12768875,-0.33404523,0.49992222,0.7628854513168335,0.19722801,2.4794464,1.9942105
3515,2.2192159,-0.075341195,-0.088716865,0.49128044,0.8298675417900085,0.19806841,3.2908723,2.5782561
3516,2.1570768,-0.043879922,-0.21564859,0.38719922,0.85,0.18862931,6.952175,1.9929793
3517,2.277841,0.06907577,-0.30321047,0.38160607,0.7658982276916504,0.22823808,3.4773173,2.243664
3518,2.2733772,0.028510494,-0.22537304,0.5079657,0.85,0.1114392,2.5337844,1.7351701
3519,2.196867,-0.11479448,-0.16981798,0.46332508,0.7054705619812012,0.27426895,5.0987005,2.7901719
3520,2.1859465,-0.032463904,-0.18497595,0.57325864,0.7271009087562561,0.25763598,4.152357,2.722897
3521,2.3471472,-0.14382823,-0.24240693,0.43214533,0.7196395397186279,0.26880416,3.3636968,2.8187785
3522,2.2173548,-0.051642887,-0.25975102,0.51600933,0.85,0.162712,4.326924,1.761347
3523,2.2483168,-0.056122366,-0.23435688,0.37403917,0.8463507890701294,0.22904155,3.977371,2.4065764
3524,2.357168,-0.035949852,-0.23215055,0.56044614,0.46278125047683716,0.25963834,2.27245,2.4235675
3525,2.2236812,-0.022183646,-0.20546556,0.4916169,0.7502249479293823,0.26254037,4.0016212,2.6061373
3526,2.2347353,-0.030732198,-0.20844324,0.48823768,0.7973931431770325,0.22963324,3.662679,2.2476575
3527,2.1890247,-0.06351649,-0.21689391,0.36073148,0.740055501461029,0.27156395,6.4083047,2.5751038
3528,2.2187994,0.00516449,-0.14814487,0.45729315,0.6886424422264099,0.26929432,3.449343,2.8022628
3529,2.2283149,0.10245991,-0.14908902,0.48144332,0.7169360518455505,0.23905091,2.7408936,2.0580266
3530,2.1890707,-0.055896237,-0.10141066,0.5758644,0.7756446599960327,0.23808955,3.7062275,2.7988088
3531,2.3454976,-0.034528453,-0.26624364,0.5161882,0.7464919686317444,0.15030122,2.1526062,1.3533517
3532,2.302527,-0.17347686,-0.20788354,0.5509056,0.7667322754859924,0.25112587,3.5849755,2.6417978
3533,2.2410836,-0.07636771,-0.28210908,0.5137975,0.7008641362190247,0.26683033,4.670165,2.8745215
3534,2.3874688,-0.027328031,-0.31084508,0.37748533,0.7204200029373169,0.21216562,2.5098739,1.7075025
3535,2.2821147,-0.027665911,-0.1910173,0.5305084,0.7821582555770874,0.21148898,2.8426874,2.508124
3536,2.1991556,0.057764836,-0.2611302,0.5445477,0.8050381541252136,0.23206785,4.2195015,2.3042898
3537,2.1860714,0.033355013,-0.1772005,0.5242955,0.8352033495903015,0.21234328,3.666482,2.2346065
3538,2.122486,0.07433739,-0.10810162,0.46755704,0.7522452473640442,0.23426594,3.9688306,2.8845956
3539,2.2830458,-0.08439667,-0.22682056,0.39868394,0.7812201976776123,0.23150522,3.5416555,2.5596025
3540,2.35188,-0.027863069,-0.23124368,0.4278485,0.5636857748031616,0.265044,2.588008,2.4211779
3541,2.3861475,-0.12178831,-0.45378485,0.5731675,0.8208609223365784,0.22211948,3.7607858,2.2675612
3542,2.3384943,0.0309757,-0.16490996,0.516091,0.34075212478637695,0.29038692,2.2943037,2.4408658
3543,2.185645,0.07305125,-0.28665757,0.39075765,0.85,0.19531089,4.5104065,2.510731
3544,2.223907,0.084334224,-0.23071887,0.37201762,0.8376806974411011,0.16814654,3.590628,1.657053
3545,2.3958,-0.06436738,-0.26494792,0.48889726,0.47724345326423645,0.28097916,2.3201761,2.6049092
3546,2.2474566,0.13762905,-0.27015874,0.4522927,0.6919688582420349,0.29104334,3.0295973,2.330746
3547,2.2097971,-0.080448,-0.17814016,0.5491239,0.7211068272590637,0.26217797,4.0276,2.7265384
3548,2.1907716,-0.082726166,-0.11506337,0.4842755,0.7590780258178711,0.23628695,4.052496,2.619926
3549,2.2735844,-0.0023003584,-0.32898113,0.5144938,0.7510160803794861,0.22641325,3.4105718,1.9457732
3550,2.2347145,0.04058451,-0.2563927,0.3985821,0.660248875617981,0.28885138,4.166261,2.625563
3551,2.26168,-0.21960558,-0.21555956,0.64826775,0.8339597582817078,0.2160753,4.2494926,2.3901985
3552,2.2774692,0.0803914,-0.24650252,0.5248959,0.828210711479187,0.17225319,2.6073644,2.0101337
3553,2.1634867,-0.018310303,-0.26778352,0.50176615,0.8429481387138367,0.20933507,6.173089,2.263374
3554,2.232628,-0.049561318,-0.28935978,0.47238907,0.7697902321815491,0.21408452,4.8038926,2.6134558
3555,2.378503,0.06952028,-0.3249562,0.39517787,0.6007572412490845,0.250684,2.3679087,2.1586204
3556,2.1799753,0.048740815,-0.21610385,0.53795546,0.7259545922279358,0.2544714,4.1924596,2.3475795
3557,2.2251189,0.008557318,-0.23001954,0.37547526,0.7491034865379333,0.23827922,3.7857866,2.8358579
3558,2.494337,-0.14979592,-0.3518101,0.4423786,0.3420044183731079,0.2774627,2.2225657,2.1898303
3559,2.2558541,-0.11035211,-0.33677873,0.51563466,0.785732626914978,0.24887201,5.302853,2.6149642
3560,2.2534792,-0.028179709,-0.20208924,0.43899012,0.7921169400215149,0.2287092,3.3622983,2.7155986
3561,2.1647387,-0.013784687,-0.23433632,0.35719767,0.8029766082763672,0.24188218,6.4787374,2.426464
3562,2.1385806,-0.051469516,-0.25559884,0.45892507,0.8177483081817627,0.24549396,9.693509,1.4643414
3563,2.2886183,-0.102185644,-0.23256032,0.5607069,0.8019869327545166,0.20150283,3.3178241,1.748107
3564,2.2930956,-0.06099653,-0.25718352,0.5316658,0.85,0.15049,2.8591776,1.625532
3565,2.1872265,-0.0709362,-0.11837122,0.6078726,0.8289247155189514,0.2223435,4.120852,2.0632422
3566,2.283224,0.0026998005,-0.19350426,0.41602033,0.6221970915794373,0.290151,3.0546167,2.5858295
3567,2.278416,-0.06875784,-0.20372397,0.37675464,0.7510198354721069,0.2363967,3.4570072,1.988895
3568,2.168449,0.02175106,-0.25379795,0.53266704,0.7613266110420227,0.26174575,4.648441,2.7036965
3569,2.2089634,0.0573026,-0.2945631,0.43328875,0.85,0.18185616,3.8859541,2.860981
3570,2.2153313,-0.01866419,-0.28535125,0.5579351,0.7724018096923828,0.25273523,4.2845736,2.5721827
3571,2.3987396,-0.019882133,-0.31751066,0.4252081,0.6175541281700134,0.23924096,2.2534397,2.5465038
3572,2.1611874,0.0381291,-0.22367263,0.49182028,0.7647076845169067,0.2544621,4.581551,2.5560727
3573,2.2543468,0.112806395,-0.27027208,0.45119515,0.7466894388198853,0.21529108,3.137835,1.9819931
3574,2.3157337,0.07455236,-0.33716926,0.5169672,0.7792307138442993,0.20055911,2.809297,1.8601372
3575,2.221261,-0.03032228,-0.2436982,0.55449736,0.8189322352409363,0.21781763,4.0322046,2.5152268
3576,2.2312036,-0.070082426,-0.1765191,0.57030624,0.732575535774231,0.25153866,3.5537624,2.7178338
3577,2.129395,-0.041584097,-0.15094768,0.37446404,0.730866014957428,0.28376913,7.978978,2.6881828
3578,2.1612701,-0.1108905,-0.129477,0.5341456,0.7722772359848022,0.24978127,5.453656,2.837852
3579,2.3458579,0.05321735,-0.26373538,0.38351846,0.6431432366371155,0.21405073,2.3204112,2.0014598
3580,2.1700177,-0.020139605,-0.27309301,0.41920447,0.74969482421875,0.26532343,6.7855086,2.6183758
3581,2.2885737,0.05274902,-0.17843759,0.3987673,0.7934888601303101,0.13483968,2.2824836,1.6106758
3582,2.3641691,0.020894386,-0.10495325,0.39080468,0.3465346395969391,0.22332558,2.0896044,2.3072708
3583,2.2352505,0.0054470943,-0.21047829,0.3456844,0.7774721384048462,0.25508305,3.8086514,2.6758146
3584,2.2698667,-0.15821178,-0.25503692,0.5159332,0.7490396499633789,0.23190576,4.5819798,2.6999917
3585,2.2244072,-0.094029,-0.210557,0.43321574,0.7427945733070374,0.25903782,4.978877,2.7807193
3586,2.3467784,0.054932542,-0.3211803,0.44928423,0.6092635989189148,0.2404425,2.3313234,2.2159142
3587,2.2219362,0.06573885,-0.17578265,0.49754363,0.7131533026695251,0.2726607,3.0108175,2.8120413
3588,2.1915274,0.1196885,-0.28556353,0.5093645,0.7882768511772156,0.25179753,3.891101,2.530399
3589,2.179812,0.0046592606,-0.19828747,0.41325387,0.8051060438156128,0.22539131,4.5347433,2.5533624
3590,2.3598819,-0.12657239,-0.33336112,0.58845806,0.8082154393196106,0.19332275,3.1723597,2.1992228
3591,2.2933514,0.07825285,-0.24614285,0.35488275,0.7295063138008118,0.21802674,2.917044,2.1788378
3592,2.2822587,-0.1999772,-0.32770467,0.44365427,0.7471566200256348,0.27824223,7.0199285,2.742533
3593,2.2216103,-0.1438275,-0.2643954,0.47892687,0.7336340546607971,0.27630854,6.8954177,2.7206502
3594,2.273193,-0.088716716,-0.1800786,0.3406513,0.8278996348381042,0.2064837,3.8019598,2.2774868
3595,2.3787663,-0.022485698,-0.3085337,0.48009396,0.6391223073005676,0.22836053,2.5014784,1.9091843
3596,2.4527621,-0.07574417,-0.3039696,0.45890617,0.5380746126174927,0.21002173,2.2547264,2.3285644
3597,2.2720912,0.05779403,-0.18474992,0.4238806,0.6620789766311646,0.27717456,2.7096205,2.5348392
3598,2.4133918,-0.09427822,-0.22039072,0.49285695,0.32968804240226746,0.27167308,2.2819607,2.1563375
3599,2.151065,0.013715169,-0.16255832,0.48615175,0.7360907793045044,0.2543044,4.8422985,2.7250268
3600,2.3143535,-0.21120976,-0.2835043,0.46679372,0.8140595555305481,0.19760343,4.1715684,2.4624612
3601,2.0586755,0.072551325,-0.31069708,0.37665713,0.7670418620109558,0.33587778,12.495006,0.7588743
3602,2.2475295,-0.065414585,-0.27086204,0.5532529,0.8277960419654846,0.22629736,4.274176,2.4439015
3603,2.2358959,-0.101340555,-0.2942074,0.53315634,0.6994079947471619,0.26599416,5.5237594,2.3067129
3604,2.4085732,-0.122501165,-0.2782615,0.48284402,0.7116159200668335,0.21263586,2.445344,1.7415895
3605,2.2823102,-0.029700296,-0.28522804,0.4512489,0.7528641223907471,0.24208713,3.8510792,2.6186814
3606,2.2985525,0.06341513,-0.22922218,0.4291637,0.777507483959198,0.18611746,2.5038126,1.9025103
3607,2.2036672,-0.011915237,-0.278564,0.6631733,0.7485058903694153,0.2755362,4.562897,2.8366292
3608,2.3586972,0.032793432,-0.25105897,0.42668363,0.5881864428520203,0.24726959,2.2195864,2.3678586
3609,2.1979277,0.07623347,-0.15766823,0.428653,0.7463479042053223,0.28037345,3.4352014,2.6394858
3610,2.2001328,0.070757374,-0.17619416,0.40434653,0.7237638831138611,0.2692773,3.500477,2.4536998
3611,2.4035587,-0.07132396,-0.30854008,0.43799463,0.4462214410305023,0.2971083,2.5580294,2.42191
3612,2.1409972,0.11923647,-0.13609636,0.51610136,0.7524016499519348,0.2549896,3.8606274,1.7819917
3613,2.2039468,-0.03288268,-0.18251283,0.5108606,0.7356497645378113,0.25139445,4.151828,2.4788961
3614,2.255036,-0.06436345,-0.27896503,0.46381417,0.6880581974983215,0.28545702,4.3079214,2.6707623
3615,2.2858567,-0.06528928,-0.14884314,0.541942,0.7801080346107483,0.22254449,2.5980744,2.4556184
3616,2.322982,-0.06338858,-0.30778754,0.43287468,0.8455107808113098,0.19117932,3.307785,2.2665057
3617,2.3045168,-0.0108396355,-0.26196802,0.46399695,0.5406989455223083,0.28018427,3.0663526,2.4264183
3618,2.2704976,0.081180304,-0.2979154,0.5051323,0.7229992151260376,0.2501236,2.8617754,2.2497182
3619,2.328374,-0.062626846,-0.42009822,0.5404367,0.8485270142555237,0.20388585,3.7315047,2.2532015
3620,2.233294,-0.07342637,-0.16319941,0.51491743,0.780073881149292,0.23219979,3.5845037,2.452128
3621,2.282583,-0.019281814,-0.33528885,0.6956629,0.85,0.15773393,3.0121148,2.421363
3622,2.1077726,0.036483236,-0.103184596,0.5379403,0.7222208380699158,0.26940656,4.9679384,2.688231
3623,2.1230764,-0.036618832,-0.2228351,0.50040925,0.801673173904419,0.26035026,8.014687,2.1506739
3624,2.3456895,-0.01429268,-0.29905146,0.48882738,0.7644564509391785,0.21794473,2.7662349,2.261286
3625,2.29254,-0.04574052,-0.19138075,0.48335752,0.581830620765686,0.28732315,3.0501916,2.14789
3626,2.2138891,-0.04471216,-0.30900103,0.5330642,0.810753583908081,0.22806267,5.544596,2.2715647
3627,2.3579037,-0.09031338,-0.22076494,0.5937589,0.48513689637184143,0.2663752,2.5981314,2.0022666
3628,2.3138266,-0.009362295,-0.26910388,0.4639188,0.5535653829574585,0.32445017,3.1877055,2.8188238
3629,2.4412615,-0.19446118,-0.39321586,0.6649886,0.7744539380073547,0.23212418,2.8229098,2.2040887
3630,2.2211294,-0.0009818691,-0.13439155,0.45019603,0.8013269901275635,0.2323836,3.2452695,2.3010259
3631,2.1911287,-0.03494614,-0.22856465,0.39854184,0.8437480330467224,0.21617499,5.4187937,2.7626574
3632,2.2436519,-0.009409729,-0.22770104,0.502631,0.7828286290168762,0.23679337,3.4567864,2.5052273
3633,2.1887627,-0.0048313206,-0.14058691,0.41626835,0.6986397504806519,0.26166394,3.9243023,2.5684464
3634,2.4021337,-0.10634813,-0.31432694,0.5235079,0.711889922618866,0.17954151,2.4433525,1.5311186
3635,2.3491566,-0.008707384,-0.30983526,0.44143957,0.7422111630439758,0.24550907,2.7715373,2.474954
3636,2.263138,-0.089842625,-0.29042616,0.5382295,0.7820340394973755,0.23751773,4.419237,2.7037275
3637,2.3213184,-0.045035917,-0.29291615,0.46292838,0.7828968167304993,0.23521952,3.3290987,2.5518234
3638,2.446757,-0.04790404,-0.2560738,0.40256262,0.4337005019187927,0.20702961,2.0757947,2.2098603
3639,2.328653,-0.041212548,-0.34312674,0.40751633,0.7084040641784668,0.26835454,3.5028858,2.3143258
3640,2.2725937,0.1660162,-0.2753363,0.36650047,0.7663646340370178,0.22856651,2.5042899,2.0725765
3641,2.21428,-0.061947227,-0.26795515,0.4759061,0.8223370313644409,0.20054983,5.5175276,2.409096
3642,2.2398956,0.02995621,-0.17444547,0.34580016,0.7197958827018738,0.26630098,3.450256,2.6067462
3643,2.2057972,-0.09165384,-0.16595636,0.5496443,0.709995448589325,0.28249675,4.076862,2.8618531
3644,2.3222098,-0.011834033,-0.20915397,0.25136358,0.7232362627983093,0.22808135,2.804708,2.3684242
3645,2.18399,0.028741281,-0.21207152,0.38691905,0.7046740055084229,0.27349746,4.507951,2.839545
3646,2.2727158,-0.004872851,-0.14874765,0.45980173,0.7783719301223755,0.17937988,2.6605344,1.6320033
3647,2.2520046,-0.025555046,-0.22257575,0.5018315,0.7554020881652832,0.2419773,3.1740746,1.758159
3648,2.284327,-0.025421685,-0.34742132,0.45594695,0.7607168555259705,0.2488134,4.364812,2.6418786
3649,2.252423,-0.13279937,-0.24092825,0.543497,0.7188464999198914,0.2691504,4.2086043,2.84983
3650,2.2051313,0.018464876,-0.18410149,0.36579612,0.8149774670600891,0.2305686,3.7808943,2.82021
3651,2.313524,-0.0101296995,-0.3217049,0.4723405,0.7629622220993042,0.22313999,3.2603662,2.735918
3652,2.2291882,-0.086585775,-0.27434236,0.4894246,0.8139387369155884,0.23250665,4.9601946,2.3501935
3653,2.1994102,0.058469232,-0.21760972,0.49766913,0.8034317493438721,0.22190794,3.6458023,2.653043
3654,2.364047,-0.03970818,-0.32672915,0.42194438,0.6294982433319092,0.245823,2.6082866,2.3982685
3655,2.4330254,-0.10889105,-0.2542714,0.4193817,0.19249632954597473,0.2552436,2.2066436,2.2088525
3656,2.258563,-0.05423191,-0.16823786,0.506954,0.8016387224197388,0.22533979,3.1737964,2.5657935
3657,2.1674218,0.013636198,-0.31015304,0.43987176,0.7427465319633484,0.2658428,7.800454,2.8689775
3658,2.1941662,0.1344928,-0.17976359,0.3045475,0.8106603622436523,0.22073704,3.4907508,2.3980062
3659,2.3137379,0.030869193,-0.1050773,0.36674926,0.36853113770484924,0.2819759,2.1443512,2.349772
3660,2.1819866,0.091019034,-0.19366571,0.40062767,0.7981763482093811,0.2513624,3.9435966,2.612344
3661,2.2512457,0.12844677,-0.21727787,0.39139384,0.7844155430793762,0.17778103,2.3496702,2.546614
3662,2.3433976,0.022991093,-0.29815203,0.3712502,0.6229171752929688,0.28519022,2.5591934,2.3036299
3663,2.2738092,-0.077057526,-0.295859,0.38471764,0.8129900097846985,0.23094979,4.2452106,2.2674086
3664,2.30139,-0.008569703,-0.20015799,0.5531036,0.6705482602119446,0.22471121,2.4650192,1.9024193
3665,2.347444,-0.051456697,-0.39063212,0.35155222,0.7328611612319946,0.2527098,3.7847905,2.3312845
3666,2.2781749,-0.037398074,-0.30596063,0.5059138,0.85,0.16879281,3.3829947,1.3665148
3667,2.3764582,-0.09375285,-0.28368142,0.42957222,0.48185673356056213,0.34269127,2.8840373,2.717516
3668,2.1750283,0.089521796,-0.19312127,0.36007613,0.7035874128341675,0.2586331,3.7025585,2.5556047
3669,2.1790867,-0.052911904,-0.25738826,0.6014342,0.7999586462974548,0.26062462,5.578016,2.2076476
3670,2.2478461,0.016254434,-0.22462502,0.42161965,0.6180709004402161,0.295956,3.2870605,2.8839998
3671,2.2706983,0.0880868,-0.29677656,0.27845532,0.7466373443603516,0.24808505,3.6441371,2.7664554
3672,2.1115787,0.02282839,-0.16958171,0.5090785,0.7008752822875977,0.28569207,6.3010225,2.5738456
3673,2.1052046,0.009108237,-0.17674305,0.57202286,0.7564820051193237,0.25879073,6.0554094,2.6552474
3674,2.291894,-0.18681844,-0.28399187,0.45385242,0.7645393013954163,0.24023701,5.2199864,2.075718
3675,2.3036928,-0.05445426,-0.2719133,0.5521604,0.687634289264679,0.29208887,3.0778997,2.5249567
3676,2.3580678,-0.042398024,-0.29812127,0.49197754,0.6025378108024597,0.26458356,2.5865324,2.1483111
3677,2.2751,-0.11722676,-0.2358986,0.60713375,0.8207196593284607,0.22667858,3.6659136,2.4243526
3678,2.2876406,-0.024929244,-0.24692784,0.36657587,0.8439748883247375,0.20075844,3.0647123,2.421189
3679,2.3319004,-0.001251188,-0.25486943,0.46566355,0.6612896919250488,0.23937336,2.5083752,2.0747828
3680,2.3317547,-0.0036402969,-0.32438982,0.4004174,0.7772567868232727,0.2153828,2.8918784,2.316305
3681,2.250359,-0.07707693,-0.18671297,0.597026,0.7238192558288574,0.25514784,3.3035653,2.449117
3682,2.2515707,-0.035908643,-0.18641654,0.44382757,0.6479805111885071,0.28484678,3.689002,2.30326
3683,2.228717,0.017069872,-0.25777802,0.5645229,0.6088703870773315,0.3076693,3.7421277,2.8115976
3684,2.3564,0.06236197,-0.34014508,0.48069778,0.5566878318786621,0.27261755,2.5559013,2.534686
3685,2.348336,0.00055320316,-0.28071332,0.42292807,0.5645343661308289,0.2715609,2.7098699,2.4598968
3686,2.1781542,-0.040773105,-0.20238057,0.47004068,0.7656174898147583,0.24338448,5.1664014,2.6976557
3687,2.3052464,-0.091919385,-0.20865273,0.5682868,0.8167564868927002,0.1953791,2.808288,1.7732294
3688,2.3269148,-0.09614566,-0.28284177,0.49585304,0.7351131439208984,0.2560772,3.464777,2.5873601
3689,2.3004894,-0.12496849,-0.18495841,0.47645003,0.6643630266189575,0.27461186,3.3836477,2.6007862
3690,2.2684517,-0.03180634,-0.2946768,0.66879386,0.7449145317077637,0.25456846,3.0152864,2.5344014
3691,2.3379686,-0.067742646,-0.26023862,0.5076578,0.6915695667266846,0.25842673,2.8316987,1.9597368
3692,2.1307776,0.046495333,-0.1589063,0.41987818,0.7626535892486572,0.23987138,4.95675,2.6469975
3693,2.1661117,0.022251949,-0.16940321,0.5633136,0.7701212763786316,0.24457896,4.245278,2.3939536
3694,2.226816,-0.029398343,-0.23568422,0.46283263,0.7472872734069824,0.24821775,4.5054674,2.49225
3695,2.2780511,-0.001420826,-0.2961988,0.4969421,0.722967267036438,0.25381067,3.4729464,2.6515174
3696,2.3285272,-0.04144772,-0.26351982,0.47165796,0.5889034271240234,0.2690018,3.0652652,2.7359743
3697,2.2152023,0.07426121,-0.18972543,0.3423874,0.8047046661376953,0.22303028,3.6794326,2.7888987
3698,2.2484202,-0.12693967,-0.261337,0.6708753,0.7450600862503052,0.26462406,4.5471654,2.5893686
3699,2.4715831,-0.058937173,-0.31830215,0.46764585,0.6583784818649292,0.19444743,1.9751344,1.7692356
3700,2.2720723,-0.12965153,-0.22439541,0.6086759,0.757560670375824,0.2565206,3.9013505,2.2570343
3701,2.258915,0.067805216,-0.13869044,0.3990968,0.542762279510498,0.28594056,2.6656864,2.534467
3702,2.2558484,0.0064304387,-0.21637984,0.49495322,0.7014232873916626,0.2664781,3.292341,2.8510737
3703,2.2418027,0.051197495,-0.22101484,0.3010893,0.8437290191650391,0.17525028,2.80645,1.6860619
3704,2.2567253,-0.13281883,-0.24103838,0.52212995,0.8113603591918945,0.21676272,4.218833,2.1729684
3705,2.2497175,-0.0650837,-0.24837263,0.5108591,0.703515350818634,0.3004854,4.1097307,2.7603514
3706,2.4183345,-0.112058155,-0.26774418,0.44643497,0.523605465888977,0.26155624,2.4729104,2.3048246
3707,2.1834943,0.07604036,-0.27552477,0.48654312,0.6916139721870422,0.26688254,4.3028107,2.4522145
3708,2.2427082,-0.043515246,-0.29126137,0.59238005,0.7713353037834167,0.23467626,3.8363245,2.7674456
3709,2.366151,0.00010643143,-0.20632733,0.38390473,0.3886825740337372,0.2713697,2.1690109,2.4422832
3710,2.3195949,-0.059275743,-0.2277235,0.4300387,0.8407841920852661,0.1543795,2.4513605,2.0459397
3711,2.1911738,0.007408118,-0.2945341,0.42563826,0.7115858793258667,0.26658648,5.9575224,2.8824992
3712,2.4279635,-0.12127615,-0.23075202,0.4589136,0.40625008940696716,0.23721826,2.3236518,1.875157
3713,2.368485,0.041956402,-0.24828817,0.41483256,0.4606018364429474,0.24171752,2.195561,2.4223883
3714,2.0741413,-0.04520026,-0.107749216,0.40600857,0.7628961801528931,0.300595,10.4312105,2.6538656
3715,2.326265,0.019050572,-0.1863567,0.49065024,0.4917411506175995,0.20012039,2.2685668,1.3896409
3716,2.228706,-0.10052758,-0.25248843,0.65096843,0.7003394365310669,0.28432375,4.4335976,2.8978615
3717,2.2957835,-0.05756929,-0.28857118,0.55883694,0.7291789650917053,0.25107735,3.371001,2.86713
3718,2.3953516,0.19139384,-0.26386008,0.36427343,0.27546125650405884,0.27867466,2.0824704,2.3665717
3719,2.3525403,-0.112785354,-0.2504603,0.51681566,0.8037692904472351,0.242602,2.7631905,2.5117047
3720,2.2110865,-0.018518472,-0.25283164,0.47390807,0.8182678818702698,0.21021107,4.158682,2.4864433
3721,2.2676125,0.0662044,-0.19938706,0.4726969,0.6772769093513489,0.25964174,2.7542002,2.6421661
3722,2.311853,0.025746662,-0.30582288,0.489412,0.6575921773910522,0.26605153,2.907966,2.5742478
3723,2.3001516,0.05504354,-0.40918797,0.47386253,0.8055330514907837,0.2069871,3.4416828,2.3571436
3724,2.3841918,-0.03452816,-0.33830616,0.4836701,0.6598386168479919,0.1742727,2.3077486,1.313824
3725,2.250803,0.057983052,-0.1515015,0.54210705,0.5808930993080139,0.30847833,2.6702561,2.6920354
3726,2.1556623,0.0027619845,-0.10237881,0.46789587,0.7439718842506409,0.24637727,4.281279,2.6244502
3727,2.3158333,-0.047796827,-0.20673819,0.4258564,0.7831524014472961,0.20772491,2.8579216,2.3685746
3728,2.252356,-0.012531353,-0.301471,0.51437116,0.7960719466209412,0.25527003,4.194839,2.375481
3729,2.2874036,0.028138297,-0.31293038,0.51313,0.7842994332313538,0.23970573,3.2437918,2.7904568
3730,2.274486,-0.015887158,-0.25314966,0.5024734,0.7075517773628235,0.2584175,3.1644843,2.6130981
3731,2.2689285,-0.061271254,-0.2498238,0.6106572,0.7797058820724487,0.2122962,3.5413558,1.983259
3732,2.4526534,0.0015684767,-0.2810729,0.39620003,0.6697744131088257,0.13547115,2.043659,1.3701828
3733,2.2344277,-0.04782216,-0.23445351,0.40081987,0.8111212849617004,0.22602852,3.7936559,2.6927152
3734,2.2918112,0.006105411,-0.27917525,0.4732271,0.85,0.1529337,3.097047,2.0087848
3735,2.300528,-0.01437955,-0.23967037,0.38642403,0.7609123587608337,0.24921446,2.9017806,2.132614
3736,2.3435493,-0.085081235,-0.26034895,0.49640763,0.6156764030456543,0.3018942,2.83167,2.7594986
3737,2.3293712,-0.03940991,-0.19560279,0.46391302,0.5256453156471252,0.2947085,2.6465662,2.798898
3738,2.31162,-0.02635811,-0.31926423,0.3932652,0.7903580665588379,0.22902168,3.4061735,2.3661327
3739,2.3561425,-0.04889224,-0.34074932,0.49554348,0.6098607778549194,0.30173692,2.9138145,2.844183
3740,2.3563328,-0.026880296,-0.33045712,0.557872,0.6813697814941406,0.24555807,2.6710885,2.4590538
3741,2.3147182,-0.10273134,-0.30865198,0.6402442,0.8226085901260376,0.18416576,3.170188,2.175903
3742,2.1332643,0.20603107,-0.27291742,0.35475674,0.82581627368927,0.21282342,4.4931912,2.075476
3743,2.3291643,-0.021807292,-0.27512386,0.6932874,0.5224105715751648,0.31531888,2.6070251,2.8275642
3744,2.3607764,0.021608746,-0.2857753,0.5381837,0.5533884763717651,0.26636925,2.2362747,1.9551886
3745,2.2924254,-0.008050909,-0.32708406,0.43893602,0.8473215103149414,0.17369813,3.5448833,2.4436958
3746,2.3573444,-0.08016688,-0.31995752,0.6348162,0.7803159952163696,0.24522525,2.7924151,2.8173287
3747,2.3789778,-0.058762748,-0.32458958,0.40119123,0.7888407707214355,0.19415295,2.5895298,1.7807826
3748,2.3597705,-0.088159904,-0.19525017,0.5400374,0.5061983466148376,0.27356857,2.3922732,2.2277296
3749,2.2085965,0.050892282,-0.20418133,0.49484253,0.6734675765037537,0.29277495,3.5112004,2.2685554
3750,2.3375735,-0.03140213,-0.3356335,0.5767273,0.8271679878234863,0.19829871,2.6446579,1.8095473
3751,2.1248727,0.0059664883,-0.13984962,0.4046325,0.7687622904777527,0.2359542,5.4576654,2.6570852
3752,2.2862935,0.00955565,-0.2585371,0.48424155,0.6830793023109436,0.2746668,3.1473548,2.64197
3753,2.3005762,-0.038860854,-0.25370857,0.4856179,0.7049705982208252,0.27829757,3.4214976,2.74538
3754,2.2258837,0.10760944,-0.1353091,0.37935284,0.69993656873703,0.24003775,2.8595738,2.0103364
3755,2.3832998,0.0018238267,-0.25803155,0.3983429,0.26008641719818115,0.35367924,2.366385,2.6946747
3756,2.3004963,-0.04158836,-0.1948536,0.43457973,0.5853490233421326,0.27438495,3.1151998,2.2230625
3757,2.166133,0.050563432,-0.11867331,0.32666448,0.783019483089447,0.21787971,4.0452943,2.791086
3758,2.1866167,0.04660456,-0.22214781,0.44753966,0.7679435610771179,0.25963846,4.174446,2.623151
3759,2.2819154,-0.08432941,-0.1864546,0.5450874,0.8076177835464478,0.20567037,3.1298492,2.4945178
3760,2.2821395,0.0064275777,-0.19516647,0.43217927,0.7862973213195801,0.20561314,2.7248182,1.6241249
3761,2.296272,0.05352234,-0.25463617,0.4150695,0.6815857291221619,0.25469363,2.6787121,2.7069712
3762,2.3857102,0.02617659,-0.286375,0.45590296,0.28496524691581726,0.2601527,2.158258,1.9506457
3763,2.1608756,0.0142584685,-0.24455236,0.4955626,0.7315273284912109,0.2816843,6.1099477,2.8220854
3764,2.2878015,-0.04538505,-0.24552104,0.49799594,0.7363541722297668,0.25758377,3.3680806,2.6284342
3765,2.1736333,0.06708183,-0.28607956,0.39532363,0.8122655153274536,0.202501,4.3111176,1.4635305
3766,2.2256918,0.011199223,-0.22693515,0.451185,0.85,0.16267318,3.6545389,2.3037517
3767,2.2781756,-0.177928,-0.22991095,0.5351818,0.7392665147781372,0.23429143,4.101939,2.2833257
3768,2.3821695,-0.10263549,-0.23699078,0.51803505,0.519763708114624,0.27907142,2.4864314,2.2316897
3769,2.362095,-0.06711763,-0.23874219,0.5376601,0.7309871912002563,0.1887751,2.2587805,1.582489
3770,2.190521,-0.02452756,-0.107710175,0.46252072,0.7487335801124573,0.20333903,3.730744,1.9971794
3771,2.2871826,-0.06422887,-0.28634003,0.47572523,0.7787339687347412,0.23245469,3.662961,2.5033464
3772,2.272029,-0.06673869,-0.32129464,0.5074491,0.7341647744178772,0.25296322,4.530142,2.6096063
3773,2.1902266,-0.029257411,-0.19683176,0.480299,0.7553738355636597,0.21744661,4.2608356,2.1460114
3774,2.2276225,-0.059155047,-0.21292876,0.5204943,0.8388737440109253,0.2062076,4.2302313,2.2540271
3775,2.3159556,-0.17590667,-0.284952,0.5757885,0.7572076916694641,0.24966526,4.004133,2.1581287
3776,2.3545482,0.0031148526,-0.37417066,0.4553644,0.7501999139785767,0.20449357,3.0379558,1.7498287
3777,2.1669743,0.022715494,-0.22848013,0.49661463,0.8468921780586243,0.19745368,4.3860946,2.2551734
3778,2.2279298,-0.017459756,-0.28011218,0.36019674,0.7502112984657288,0.23214567,5.1803536,2.397967
3779,2.105123,0.018534066,-0.20469016,0.47032392,0.7885186672210693,0.25266626,7.4314847,2.6735585
3780,2.3757277,-0.0415926,-0.31967682,0.33916077,0.7655750513076782,0.21469557,2.9316535,1.8795828
3781,2.2550511,0.0032980407,-0.18321857,0.4524192,0.7483600974082947,0.27053487,2.9854116,2.843483
3782,2.4270687,0.05601399,-0.30510265,0.58304256,0.3463478088378906,0.2690552,2.073221,1.7340791
3783,2.2790146,-0.08701351,-0.330868,0.52390593,0.7174586057662964,0.26386955,4.1597276,2.7515693
3784,2.314318,-0.0549609,-0.2902063,0.4129705,0.8449358344078064,0.17502001,3.2784545,2.1880553
3785,2.163737,0.044801842,-0.19079202,0.47269917,0.7501326203346252,0.24717689,4.274419,2.70554
3786,2.147661,-0.053530637,-0.076197304,0.4374527,0.8380414247512817,0.20534126,4.056855,2.2228913
3787,2.3650682,-0.09802648,-0.23225847,0.3882226,0.7778609395027161,0.2158139,2.5892255,1.8541837
3788,2.1844056,-0.055505317,-0.14567393,0.56082124,0.7774689197540283,0.24685502,4.1041574,2.3949246
3789,2.3480508,-0.016853673,-0.38685608,0.59562844,0.8100826740264893,0.22657639,2.8030314,1.8957274
3790,2.3409517,-0.10948914,-0.30946127,0.5408415,0.5698487162590027,0.31059593,3.5235655,2.5519898
3791,2.1393173,-0.0036711236,-0.19162814,0.48157743,0.7489137649536133,0.26257136,6.25613,2.428958
3792,2.3859007,0.050072186,-0.31379467,0.4512738,0.5389544367790222,0.250885,2.340002,2.5096323
3793,2.2944205,0.0488785,-0.205863,0.4956947,0.5741826891899109,0.17122686,2.1661215,1.367063
3794,2.3055706,-0.040522818,-0.31952956,0.48114154,0.7787943482398987,0.22466344,3.1742468,2.729631
3795,2.2590249,-0.0047458177,-0.21297376,0.41864404,0.8019570708274841,0.18819505,3.145608,2.603262
3796,2.3938131,-0.20709753,-0.29092133,0.5731203,0.7620000839233398,0.25663248,3.1619663,2.7098851
3797,2.4156156,0.03949921,-0.18550195,0.4214633,0.7062245607376099,0.02908472,1.320745,1.1279794
3798,2.2550917,-0.062575445,-0.31049785,0.47261536,0.8454293608665466,0.20879874,4.7632804,2.680395
3799,2.3159585,-0.049111456,-0.1547769,0.4504585,0.5913015007972717,0.23821044,2.6087723,1.9479207
3800,2.298845,0.015939344,-0.2689581,0.45330417,0.6420181393623352,0.28214437,3.0521908,2.6235516
3801,2.195337,0.019730657,-0.27107024,0.5352123,0.6683934926986694,0.27074227,4.606075,2.7315917
3802,2.3198843,-0.012134331,-0.28614578,0.41881716,0.7235609292984009,0.2402377,3.181902,2.700272
3803,2.1838589,0.0113683725,-0.272626,0.5319912,0.809556245803833,0.23418067,5.063922,2.4525445
3804,2.3670025,-0.061085954,-0.26787755,0.39067125,0.5793747305870056,0.2979264,2.7509818,2.6629732
3805,2.2074072,-0.035249617,-0.111613214,0.46625456,0.7942720651626587,0.20309976,3.4893491,1.9792111
3806,2.18553,0.0025527002,-0.23951797,0.4492858,0.8148230910301208,0.20858787,5.26726,2.361836
3807,2.3252769,0.016957812,-0.30690643,0.53461653,0.7255187034606934,0.24833052,2.9248438,2.5712683
3808,2.1892042,0.027097834,-0.24404524,0.59136,0.7448164820671082,0.25006178,4.3274016,2.736267
3809,2.2607007,-0.06930349,-0.24357297,0.4811084,0.6715973615646362,0.27669266,4.082366,2.7572165
3810,2.2919998,-0.12956412,-0.19308837,0.55088246,0.7086498141288757,0.27233478,3.495888,2.892156
3811,2.1913936,0.048130184,-0.22568277,0.49880064,0.8276248574256897,0.213404,4.0815544,2.3149524
3812,2.3107557,0.0396171,-0.4352287,0.59041065,0.7686096429824829,0.28999832,3.799524,2.5114193
3813,2.3457482,-0.001149288,-0.2865121,0.4664585,0.44966116547584534,0.2905414,2.5482614,2.4722402
3814,2.0854414,0.071875915,-0.21062763,0.42396846,0.8075370192527771,0.2751995,7.8948174,2.7626226
3815,2.1668327,-0.131849,-0.2256108,0.5234165,0.7444792985916138,0.3098576,8.318223,2.7680213
3816,2.2795615,0.020552639,-0.24851148,0.4317348,0.6895920038223267,0.2671731,3.045062,2.6866145
3817,2.208956,-0.021985184,-0.11771301,0.48016372,0.7356793284416199,0.26178175,3.4899466,2.698963
3818,2.2088041,-0.09186011,-0.19310772,0.6802669,0.7023007273674011,0.27566728,4.2711844,2.8648663
3819,2.2308147,0.031103974,-0.18210563,0.4209776,0.6320023536682129,0.269511,3.3756058,2.4296982
3820,2.261414,0.024470542,-0.2187429,0.52701384,0.8288977146148682,0.15902497,2.7610183,1.681108
3821,2.2320802,0.13961086,-0.2744997,0.3639872,0.7856191992759705,0.25110003,3.484087,2.6436143
3822,2.1979556,-0.009793689,-0.25809455,0.47342104,0.7480359673500061,0.24239124,4.883024,2.2552116
3823,2.26882,0.0461398,-0.31674507,0.42087007,0.7162797451019287,0.26089352,3.7114718,2.5865803
3824,2.2231297,-0.044708457,-0.30965912,0.40660572,0.8478999137878418,0.2156899,5.76323,2.7636616
3825,2.2881265,0.02098737,-0.2757761,0.49045706,0.6609137654304504,0.2733962,2.8484552,2.6582892
3826,2.3264103,-0.050516702,-0.31775555,0.52788436,0.7163950800895691,0.24127872,3.003693,2.8352265
3827,2.3163466,-0.06328007,-0.23592871,0.47485307,0.6635864973068237,0.27288854,3.0610347,2.3828702
3828,2.2236037,0.066566594,-0.20470364,0.32741573,0.716863751411438,0.26132473,3.44149,2.3240244
3829,2.3323877,-0.047306526,-0.2973845,0.43880016,0.8168455362319946,0.19958869,2.4504983,1.6029369
3830,2.3175318,-0.07303562,-0.26623872,0.3404588,0.791540801525116,0.23550448,3.3539057,2.800129
3831,2.2827148,-0.038457166,-0.11288525,0.4785124,0.7806705236434937,0.16612102,2.4522872,1.755029
3832,2.2210789,0.05685678,-0.18768641,0.4709259,0.5760833024978638,0.29164785,2.9854739,2.539242
3833,2.265272,-0.07890921,-0.16399495,0.4236015,0.7642956376075745,0.24128951,3.473449,2.8058038
3834,2.364658,-0.017580286,-0.31161237,0.4433735,0.7118895649909973,0.24462384,2.7861931,2.6249905
3835,2.3511887,-0.03539743,-0.36709145,0.524432,0.6416009068489075,0.25387365,3.1472127,2.8127594
3836,2.3358254,-0.08582785,-0.2831563,0.39743805,0.762661337852478,0.22620434,3.073582,2.1166737
3837,2.2231178,0.03622557,-0.18514957,0.5502255,0.7556530237197876,0.2604797,3.5177991,2.7214506
3838,2.2632468,-0.039997824,-0.23176935,0.3748106,0.757373034954071,0.25879112,3.6989226,2.1215782
3839,2.1784358,0.070228554,-0.21817374,0.3768872,0.7288234829902649,0.272698,4.235863,2.8566082
3840,2.2629309,0.025184007,-0.31566063,0.5004421,0.6378152966499329,0.2973701,3.9533377,2.8073368
3841,2.2960708,-0.07860564,-0.14114773,0.4509489,0.569182813167572,0.28842068,3.1282618,2.4749763
3842,2.3047707,-0.114529654,-0.25193664,0.55053973,0.7457482218742371,0.24251029,3.793962,1.8914361
3843,2.3010309,-0.10412665,-0.26994768,0.62787277,0.8157410025596619,0.21460573,3.350039,1.8081245
3844,2.2521052,0.07360986,-0.13311793,0.43928286,0.7457547783851624,0.19130325,2.555878,1.8872411
3845,2.1831017,-0.047396168,-0.28248328,0.5415077,0.7563876509666443,0.26274404,6.842151,2.8598907
3846,2.3012247,0.060028166,-0.13253145,0.3544274,0.428432822227478,0.23018013,2.1836352,2.017173
3847,2.221912,-0.08636234,-0.05510654,0.48642448,0.819183349609375,0.18416469,2.8937263,1.5649495
3848,2.4564004,-0.07869742,-0.3376138,0.55387366,0.45782631635665894,0.28317338,2.1564581,2.748687
3849,2.3777769,-0.04800811,-0.32510287,0.56094444,0.6266269683837891,0.20991996,2.351812,1.233249
3850,2.373944,-0.056463562,-0.35218954,0.53891045,0.6947198510169983,0.27208865,2.7451985,2.591924
3851,2.3293967,0.02911645,-0.2506848,0.43250868,0.6158515810966492,0.24418278,2.3336816,2.127856
3852,2.2331672,0.14845806,-0.17511229,0.392438,0.6393617391586304,0.2635837,2.7044356,2.2363224
3853,2.2683074,-0.16963677,-0.32744807,0.60080075,0.7101178169250488,0.27090707,5.6765614,2.8413355
3854,2.2671618,0.0077694985,-0.19768709,0.3917506,0.6535954475402832,0.3064317,3.602928,2.700286
3855,2.2600412,0.011074102,-0.30659944,0.43769303,0.7795971632003784,0.22608168,3.6691973,2.1392198
3856,2.3901067,-0.08385998,-0.20627801,0.49966905,0.5366148352622986,0.2147408,2.2293098,2.1817868
3857,2.4539638,-0.04322289,-0.3607194,0.33655316,0.7383659482002258,0.16469249,2.1844206,1.6961213
3858,2.2271583,-0.1159342,-0.34674874,0.37841657,0.8243623375892639,0.2553194,8.281514,1.3653127
3859,2.2949095,0.12408739,-0.1452214,0.39275026,0.4475271999835968,0.25549018,2.1298523,2.3350956
3860,2.347124,0.070762545,-0.3177039,0.472146,0.6074931025505066,0.26944137,2.4180727,2.6355393
3861,2.3214371,-0.07576446,-0.28970343,0.43770733,0.7649915218353271,0.2528715,3.3722925,2.665944
3862,2.2325509,-0.045226377,-0.19431905,0.5515917,0.8343989849090576,0.20216233,3.0190003,2.0049608
3863,2.343065,-0.031046458,-0.3061566,0.53495526,0.8177042603492737,0.20994088,2.6604958,1.9405541
3864,2.3056355,-0.072373636,-0.19433087,0.38753206,0.66359943151474,0.27074,3.1412547,2.1942906
3865,2.3961139,-0.032454778,-0.40829378,0.5291017,0.8187252283096313,0.2044275,2.713634,1.9887835
3866,2.3794196,-0.18564668,-0.28517032,0.52459824,0.7652127146720886,0.22190653,2.9320943,1.9598287
3867,2.1412897,0.04140931,-0.1962908,0.41338637,0.8336008191108704,0.19708678,5.299569,2.11798
3868,2.1718698,-0.027297296,-0.1079851,0.5600074,0.7504660487174988,0.25138938,4.0698333,2.703662
3869,2.3073864,0.029133057,-0.23622757,0.41865242,0.648033618927002,0.2294058,2.6042786,1.916434
3870,2.1585739,0.08284936,-0.20059387,0.4202151,0.6546785235404968,0.28865045,4.671045,2.512319
3871,2.173114,-0.05734089,-0.18544899,0.4423966,0.6988164782524109,0.25347504,5.362147,2.2886503
3872,2.3007367,-0.021488516,-0.40533403,0.35429028,0.7423447966575623,0.24653183,4.814615,2.6591053
3873,2.1452966,0.071541995,-0.18280904,0.41161996,0.83621746301651,0.17365251,3.5729225,1.5302836
3874,2.462738,-0.1137138,-0.28078747,0.42109337,0.44363176822662354,0.2110845,2.1909366,1.81535
3875,2.221683,0.056762416,-0.25499386,0.31856015,0.8115915060043335,0.23283304,3.9173503,2.5100062
3876,2.3271532,0.05983804,-0.32459643,0.52101886,0.5205695033073425,0.31162465,2.6552486,2.5150464
3877,2.303532,0.07632059,-0.34468433,0.39200893,0.7905641794204712,0.21020757,3.0525172,1.9574125
3878,2.339356,-0.04688272,-0.33925974,0.57626605,0.5857642889022827,0.30691764,3.084887,2.597426
3879,2.4172873,0.005388553,-0.23971662,0.43830127,0.3137914538383484,0.2541916,2.1036992,1.8535963
3880,2.100619,0.04479795,-0.2138698,0.5827611,0.815536618232727,0.21325627,5.7025847,1.292509
3881,2.2377942,0.002060058,-0.18161249,0.39608595,0.6458095908164978,0.2829565,3.5473921,2.4563978
3882,2.3727472,-0.011524285,-0.244216,0.40060353,0.37565872073173523,0.25723898,2.2864058,2.3665354
3883,2.318171,-0.167448,-0.22073698,0.58475316,0.6903400421142578,0.28073105,3.252955,2.6606045
3884,2.3790414,-0.12518413,-0.370925,0.3679785,0.7332346439361572,0.2631793,3.6851287,2.5649664
3885,2.3318458,-0.043075725,-0.3371129,0.48038077,0.7150753736495972,0.2725142,3.220534,2.4392684
3886,2.3821244,-0.1021155,-0.34809688,0.4362152,0.7064216136932373,0.25099766,2.8950472,2.4422407
3887,2.2921705,-0.06590091,-0.27954194,0.5029871,0.6238115429878235,0.28206214,3.2701795,2.8332243
3888,2.1237233,-0.005202679,-0.24474047,0.36400935,0.7635921239852905,0.2919992,10.847085,2.4595928
3889,2.3741057,-0.08758144,-0.21120986,0.49947706,0.543505847454071,0.23388071,2.2926505,2.1529896
3890,2.289393,-0.025359437,-0.27926028,0.4940147,0.7855218052864075,0.23940265,3.468857,2.4301014
3891,2.3314178,-0.18144174,-0.22680946,0.53060234,0.7990370988845825,0.22603682,3.3347673,2.192911
3892,2.270972,0.06443163,-0.22363506,0.38618988,0.78971928358078,0.19632648,2.8487508,1.7131406
3893,2.1919475,-0.07491659,-0.13619493,0.4902957,0.8067622184753418,0.19654346,3.928132,2.3386128
3894,2.2613676,0.004740102,-0.27440023,0.49932843,0.746071457862854,0.26117784,3.6137416,2.6869106
3895,2.3992848,-0.057040207,-0.30281723,0.5068985,0.5332228541374207,0.27800602,2.4467406,2.4429963
3896,2.3888717,-0.02507714,-0.31415942,0.375261,0.7167449593544006,0.1624799,2.274573,1.3435316
3897,2.2426434,0.0116155865,-0.16691062,0.47495043,0.8213181495666504,0.18769537,3.1748126,1.9307404
3898,2.3494093,0.081306055,-0.3264705,0.51534945,0.5297045111656189,0.24614248,2.1215906,1.7150595
3899,2.2373495,0.05840052,-0.24594484,0.5165184,0.7381988167762756,0.2657579,3.315449,2.6346166
3900,2.3041003,-0.014327595,-0.21548074,0.3156105,0.7061645984649658,0.2527153,3.2947657,2.4367874
3901,2.322832,0.034680687,-0.2955676,0.5456844,0.522255539894104,0.28001624,2.8394969,2.8034236
3902,2.3639934,-0.14460471,-0.32961074,0.35848254,0.7502461075782776,0.24327505,3.6766152,2.5865328
3903,2.143919,-0.06709035,-0.2268811,0.54403317,0.7832592129707336,0.2523552,8.238173,2.5231135
3904,2.3061833,0.023358699,-0.26302993,0.42623788,0.6188892126083374,0.27315134,2.6551957,2.101184
3905,2.1125543,-0.0016166295,-0.16512898,0.44271427,0.6756055951118469,0.2988825,7.937072,2.7320151
3906,2.2293901,0.0047701476,-0.29957116,0.5655027,0.7263558506965637,0.2763305,4.416353,2.4802432
3907,2.1626556,0.05079948,-0.17181955,0.51603484,0.6196876168251038,0.30287674,4.538274,2.5971472
3908,2.3000307,0.042935632,-0.312551,0.45307872,0.8244103789329529,0.20118059,2.832833,1.7257829
3909,2.207568,0.0999315,-0.2527592,0.47745138,0.7870035171508789,0.21507338,3.5485296,2.6258023
3910,2.2071474,0.038097408,-0.331517,0.3932207,0.7643043398857117,0.24756126,5.9692135,2.6900895
3911,2.2242088,-0.03140945,-0.1399394,0.6116704,0.7764871716499329,0.23533125,3.2094905,2.8455467
3912,2.0209289,0.14423831,-0.12253022,0.56587976,0.7388457655906677,0.28452075,6.510278,2.3259597
3913,2.1718593,0.025570927,-0.19552608,0.51978135,0.7494261860847473,0.2431201,3.8725061,2.189029
3914,2.3379579,0.03791094,-0.2491325,0.44631165,0.3666855990886688,0.31382057,2.25704,2.79132
3915,2.2802377,-0.054143682,-0.2199864,0.49792796,0.7621076703071594,0.22587743,3.0209835,2.2375157
3916,2.3533084,-0.013835316,-0.26803672,0.47239277,0.28286951780319214,0.3021098,2.5548987,2.8995438
3917,2.327135,0.04381434,-0.24278308,0.3878595,0.42368385195732117,0.31002745,2.5176876,2.0116808
3918,2.3869328,0.009311729,-0.19007957,0.3548983,0.4755856394767761,0.24125448,2.2593064,2.3585665
3919,2.253191,0.06681732,-0.2122754,0.4012498,0.6191451549530029,0.27938372,3.1682148,2.3809168
3920,2.2561421,-0.13264318,-0.22173327,0.40952072,0.7398084998130798,0.26524672,4.44055,2.6007457
3921,2.1872375,-0.04497392,-0.2574978,0.52289,0.6582014560699463,0.30042684,6.2123103,2.4423704
3922,2.285625,0.06534636,-0.30734977,0.56622124,0.7936699390411377,0.20049556,2.9349663,2.1296782
3923,2.3063254,-0.22340849,-0.24642068,0.46651936,0.8334166407585144,0.20822579,4.2535057,2.0519958
3924,2.2489097,-0.05467237,-0.22549212,0.5103092,0.567845344543457,0.3148969,3.9029577,2.660263
3925,2.2559984,-0.06535842,-0.1927308,0.4428984,0.7833631038665771,0.23375101,3.5192318,1.8946439
3926,2.3873725,0.011874369,-0.3835113,0.5843019,0.642025351524353,0.20575473,2.2377708,1.7045043
3927,2.2306426,0.03571505,-0.21027313,0.4609954,0.809156060218811,0.19465266,3.140282,2.5097878
3928,2.2109349,-0.044759236,-0.25922233,0.46502241,0.8364467620849609,0.20188938,4.5547285,2.8979104
3929,2.243307,-0.004747548,-0.31628606,0.36094773,0.7823930978775024,0.23151608,5.278721,2.330673
3930,2.4271982,-0.16364668,-0.2746574,0.41041985,0.6760573387145996,0.19328657,2.6629257,1.3647453
3931,2.2487948,-0.029965086,-0.1918273,0.5749585,0.7310787439346313,0.22521627,3.0587902,2.4841535
3932,2.4331777,-0.12863274,-0.2780046,0.5512096,0.4813437759876251,0.2831039,2.2081842,2.459268
3933,2.2396193,-0.022956973,-0.2780884,0.46743807,0.7430309057235718,0.23132873,4.3302674,2.386625
3934,2.215043,-0.0024818443,-0.19387189,0.46688744,0.8465099334716797,0.20264177,3.839676,1.8551155
3935,2.3058274,-0.13378833,-0.31852224,0.5412576,0.8271503448486328,0.2098645,4.011093,2.6361065
3936,2.3382897,0.002446544,-0.292405,0.47446278,0.6376389265060425,0.2577279,2.72603,2.470471
3937,2.1968846,0.0020087175,-0.17490679,0.45802733,0.8099409341812134,0.21730995,4.0557513,2.534103
3938,2.402635,-0.06266833,-0.33129236,0.38121295,0.7922754883766174,0.17505935,2.4810398,1.5693094
3939,2.3994682,-0.044036344,-0.33244818,0.57903993,0.5404695868492126,0.24183682,2.2593443,2.4348109
3940,2.4057481,-0.14797169,-0.21798973,0.53895944,0.8134766221046448,0.15994462,1.9986162,1.6347442
3941,2.2368064,0.06008396,-0.23760465,0.5183243,0.7299515008926392,0.26046103,3.502268,2.3047028
3942,2.2766473,0.007717334,-0.33060056,0.43832004,0.741391122341156,0.25691143,4.1970444,2.091857
3943,2.2346342,0.058328565,-0.21868081,0.47107866,0.840327262878418,0.16783239,2.9958973,2.3177369
3944,2.1573696,-0.06488266,-0.1413075,0.5048578,0.7528131604194641,0.23337021,5.4027786,1.9905628
3945,2.290047,-0.01723727,-0.1585192,0.44661713,0.6923589110374451,0.23820789,2.659985,1.8562068
3946,2.3236077,-0.10416723,-0.2665946,0.63609046,0.812242865562439,0.21484306,2.848283,2.0971296
3947,2.252095,-0.13536744,-0.14412338,0.5065987,0.7862247824668884,0.213309,3.5458095,2.5095618
3948,2.2614334,-0.028862873,-0.33636653,0.5279635,0.7543113827705383,0.25607562,4.622548,2.7372065
3949,2.2450929,0.07531704,-0.2858684,0.33676076,0.85,0.16243476,3.7406106,1.8916017
3950,2.1669626,-0.012691921,-0.08362763,0.3568556,0.7440722584724426,0.24276999,3.6500647,2.8293936
3951,2.2857695,-0.024369743,-0.26500025,0.53243643,0.8204399943351746,0.19474243,2.9945736,2.3933933
3952,2.1957047,0.027006093,-0.19038019,0.46836796,0.7485549449920654,0.23537664,3.738602,2.1949325
3953,2.213979,-0.017924823,-0.15396023,0.509204,0.8073546886444092,0.23285788,3.6446598,2.633317
3954,2.278359,-0.020058589,-0.24476741,0.53411233,0.725188672542572,0.24507406,3.0128005,2.0022357
3955,2.1784976,-0.1439701,-0.2365862,0.496044,0.758124589920044,0.28112596,9.112489,2.519947
3956,2.147844,-0.037932463,-0.25829858,0.4516798,0.85,0.19224568,6.883056,1.4876904
3957,2.3783326,-0.008920143,-0.37807617,0.4212081,0.6998043060302734,0.24340911,2.5127573,2.4725633
3958,2.3372102,0.033588775,-0.24197225,0.40220553,0.6657905578613281,0.20174977,2.2571452,1.6964686
3959,2.175469,-0.020648902,-0.15001483,0.43500775,0.7403696775436401,0.25385052,4.631762,2.6811285
3960,2.3299196,-0.119325474,-0.30523345,0.5168725,0.8208780288696289,0.19758573,3.3045673,1.880747
3961,2.350429,-0.033903126,-0.29802403,0.5050462,0.7552404999732971,0.2283952,2.9345834,2.2947872
3962,2.3159304,0.043748066,-0.24892913,0.35554856,0.6864529252052307,0.2440866,2.8764327,2.3489623
3963,2.4668655,0.022803174,-0.34669888,0.35986856,0.3321169316768646,0.25274107,2.1525545,1.9411868
3964,2.357165,0.039839294,-0.2525149,0.5103043,0.6986454725265503,0.14108779,2.158453,1.3796471
3965,2.2953622,-0.06375208,-0.27101454,0.6074431,0.6850487589836121,0.27967235,3.1350436,2.6966012
3966,2.2639098,-0.13081935,-0.21848832,0.46285868,0.7432529330253601,0.26646656,4.2031307,2.553047
3967,2.2069335,-0.0055691814,-0.17750515,0.49957135,0.7251818776130676,0.24483073,3.8319652,2.8037271
3968,2.2277544,0.04014272,-0.13248971,0.41177502,0.7759925723075867,0.22200994,3.0546942,1.7978734
3969,2.275515,-0.1901061,-0.23223953,0.5632201,0.85,0.17583816,4.1033278,2.3700387
3970,2.3839805,-0.13036457,-0.23971055,0.5768969,0.3951619267463684,0.31436926,2.6596272,2.3484256
3971,2.2832413,-0.044975735,-0.22249362,0.43807212,0.7368431687355042,0.24790072,3.2952564,2.7430706
3972,2.2993593,0.014579379,-0.08008119,0.41179538,0.42458173632621765,0.2512683,2.2529078,2.2079833
3973,2.3513646,-0.0889661,-0.3087878,0.5687562,0.7014521360397339,0.2539367,2.8739965,2.5784664
3974,2.302708,-0.035187967,-0.22841746,0.5793884,0.8491603136062622,0.16655605,2.7168007,1.9123819
3975,2.1660948,0.08312889,-0.22387698,0.36516663,0.825361430644989,0.19776699,4.1166005,1.6554946
3976,2.2070868,0.015220867,-0.24615687,0.47754377,0.7224534749984741,0.24893726,4.058858,2.7837038
3977,2.19255,0.010467586,-0.109832816,0.40083286,0.7480076551437378,0.24339339,3.7086842,1.9313987
3978,2.1957898,0.103698984,-0.30571368,0.5375825,0.8011023998260498,0.26335198,4.147831,2.4271767
3979,2.2501447,-0.12749279,-0.25828153,0.3899002,0.8479849100112915,0.20151466,5.5150905,2.0673134
3980,2.2617497,0.101863556,-0.21091275,0.36496714,0.7010427117347717,0.22550158,2.754916,1.9997557
3981,2.336561,-0.1969455,-0.195921,0.4837908,0.8004302978515625,0.21842337,3.415775,2.5064397
3982,2.4078383,0.010039557,-0.38805452,0.51927215,0.5250859260559082,0.2533639,2.433204,2.2053258
3983,2.278077,-0.19460362,-0.38260478,0.4950081,0.7916478514671326,0.2575554,8.511724,2.6581028
3984,2.2909644,0.004852078,-0.30898833,0.4054171,0.85,0.17985931,3.5560648,2.5094242
3985,2.3365345,0.038230427,-0.25452483,0.3011431,0.7233127355575562,0.2387318,2.5024948,2.2877696
3986,2.2792034,-0.053562526,-0.19020721,0.43976402,0.6338057518005371,0.26536462,2.89185,1.7386692
3987,2.2308204,-0.10402077,-0.17565039,0.26155895,0.7836709022521973,0.24703519,5.0486917,2.4341528
3988,2.1652515,0.04206616,-0.19225043,0.49993417,0.7420110106468201,0.26246703,4.438376,2.5923312
3989,2.2272608,-0.031034248,-0.2462735,0.50224143,0.7833895683288574,0.25219813,3.9894333,2.8282795
3990,2.1947114,-0.0013615726,-0.15200669,0.55815,0.7314960360527039,0.26462573,3.7555754,2.4383214
3991,2.4037535,-0.10659108,-0.23860635,0.4103637,0.3046598732471466,0.32443988,2.6269548,2.6957824
3992,2.323563,-0.11654947,-0.17403702,0.4239891,0.7980039715766907,0.20141008,2.916505,2.309817
3993,2.148831,0.022174386,-0.26605058,0.42554045,0.8002629280090332,0.23344009,7.3581076,2.0351799
3994,2.1941292,0.061266847,-0.21523821,0.51169264,0.7272160649299622,0.25489205,3.8536813,2.4824538
3995,2.2369678,-0.011914944,-0.12683018,0.58542866,0.7575460076332092,0.22742325,2.683468,2.3678384
3996,2.3561776,-0.07981706,-0.20136113,0.51257527,0.48395735025405884,0.28355044,2.4450643,1.9567283
3997,2.1630983,0.045176145,-0.2257908,0.49029908,0.7105064988136292,0.2628502,5.1465116,2.6291602
3998,2.272662,-0.028151263,-0.2983032,0.6241763,0.7803590297698975,0.2330214,3.2838166,2.1851265
3999,2.2100978,0.013696149,-0.19561905,0.44205987,0.742919385433197,0.25295326,3.998973,2.6075196
4000,2.201393,0.028285049,-0.21761061,0.51063764,0.7358353734016418,0.2708431,3.7975943,2.6637685
4001,2.3937361,0.013658037,-0.40424058,0.5080981,0.7858956456184387,0.20832273,2.3997853,1.7367669
4002,2.2098756,-0.09077087,-0.25064996,0.5294356,0.8305075168609619,0.20722063,4.675208,2.0484
4003,2.2280695,0.024676658,-0.2739164,0.44521654,0.777624249458313,0.23917256,3.5864496,2.383906
4004,2.322533,0.010339297,-0.25169346,0.4219961,0.7790518403053284,0.21391337,2.6437688,2.1310847
4005,2.3126235,-0.093443595,-0.26579273,0.41210818,0.7308596968650818,0.25495946,3.5947065,2.786297
4006,2.362917,-0.18961714,-0.24944799,0.5035856,0.6099323034286499,0.2961413,3.3364534,2.6179883
4007,2.2946398,0.022474797,-0.18412602,0.31850117,0.6341654062271118,0.27537033,2.7313013,2.710357
4008,2.2717316,-0.13598663,-0.27834114,0.58218664,0.7598146200180054,0.24841864,4.378863,2.3341
4009,2.3150997,-0.04189864,-0.18510532,0.47864506,0.7437233328819275,0.16201217,2.1280482,1.3520706
4010,2.2155187,0.033410497,-0.1473304,0.58301324,0.7689669132232666,0.24936312,2.9392865,2.4428194
4011,2.2266288,-0.0093309665,-0.15049082,0.40468574,0.7222803831100464,0.27061296,3.4341774,2.407504
4012,2.3164651,0.0940574,-0.17260541,0.39849696,0.8374000787734985,0.09670485,1.5717402,1.6525252
4013,2.3721902,-0.11445049,-0.27115083,0.47896263,0.7362094521522522,0.2463757,2.9392526,2.3976898
4014,2.326088,-0.023974515,-0.28060305,0.36494568,0.6588714718818665,0.255367,3.0318608,2.138572
4015,2.2221584,-0.034267917,-0.29612112,0.43155235,0.7789367437362671,0.23960312,5.5565224,2.7044241
4016,2.3135312,-0.015086904,-0.34089363,0.4619374,0.8243728280067444,0.20368323,3.1215684,2.3002512
4017,2.4051127,-0.009771263,-0.31200033,0.44002524,0.5059823989868164,0.28907955,2.2274508,2.3769896
4018,2.2287807,-0.032712646,-0.24148652,0.49669474,0.8418099880218506,0.20950764,4.1599865,2.629709
4019,2.395804,0.11382922,-0.3735051,0.2831129,0.7900558710098267,0.1555233,2.2337801,2.145431
4020,2.3768525,-0.054468412,-0.3063269,0.29989967,0.7501145005226135,0.26367223,2.948127,2.6476111
4021,2.2572966,-0.08897423,-0.2083101,0.43968004,0.8168320059776306,0.23229915,3.881919,2.7055535
4022,2.3226063,-0.03340691,-0.29759035,0.5470905,0.649709939956665,0.28262967,2.9197948,2.4952781
4023,2.2444818,0.0011331342,-0.16265374,0.5118518,0.7645943760871887,0.18844023,2.7050261,2.0285168
4024,2.2896457,-0.01905069,-0.1594125,0.5169358,0.6494228839874268,0.24875604,2.6173222,2.0886898
4025,2.3774147,-0.06207546,-0.23407501,0.42018947,0.6047722101211548,0.23805654,2.403481,2.4420578
4026,2.2425299,-0.11088668,-0.17381284,0.5699732,0.85,0.14808425,3.6762633,2.2225087
4027,2.2400837,-0.024705168,-0.22329405,0.36870486,0.7260910272598267,0.26272276,4.1986914,2.454743
4028,2.2967744,-0.07692538,-0.2546761,0.50990945,0.6138873100280762,0.3114699,3.5995622,2.1620986
4029,2.2023602,-0.11570934,-0.250209,0.4916992,0.8193156719207764,0.21802935,6.78163,2.613242
4030,2.4142241,-0.091931894,-0.29323366,0.39128757,0.4560859501361847,0.31778368,2.4321072,2.719946
4031,2.208445,-0.042348318,-0.2669781,0.38554704,0.85,0.20619434,5.253849,2.2581108
4032,2.2631981,-0.11404803,-0.1273425,0.50240964,0.7759700417518616,0.22620972,3.2051024,2.277038
4033,2.1489162,-0.0055945655,-0.29017156,0.43990088,0.8234610557556152,0.24839428,9.238606,2.6036296
4034,2.2073693,-0.0741851,-0.13269168,0.49848554,0.8142332434654236,0.20637684,4.0320625,2.5184639
4035,2.2923071,-0.1475432,-0.26485583,0.48146582,0.7327810525894165,0.24464084,4.274269,2.08036
4036,2.3260622,0.09665708,-0.24021235,0.4045115,0.37750935554504395,0.19066758,2.1109512,1.7798344
4037,2.2413158,-0.058605243,-0.20075116,0.41658172,0.7059614062309265,0.26264304,4.04344,2.7018132
4038,2.2770529,0.0062512136,-0.24482054,0.54217625,0.7415208220481873,0.24680783,2.8686116,2.2648592
4039,2.4549296,-0.06521056,-0.2735838,0.63413924,0.38983508944511414,0.25360107,2.1582391,1.9743267
4040,2.1995592,-0.029096501,-0.22549334,0.3178019,0.8255848288536072,0.20093347,5.2514277,2.7553334
4041,2.288335,-0.06510566,-0.1493857,0.55057824,0.85,0.116607495,2.3581026,1.4176178
4042,2.1957648,-0.025509413,-0.20532754,0.5858748,0.7749353051185608,0.24664597,4.1222105,2.8665695
4043,2.2286365,0.014118723,-0.25257763,0.5060469,0.8020412921905518,0.22168829,3.8803976,2.4127574
4044,2.3510423,0.048665542,-0.32449856,0.6617324,0.48516392707824707,0.273034,2.1874034,1.7118945
4045,2.0868301,0.090178534,-0.13730322,0.41688848,0.7139981985092163,0.26962525,5.6732664,2.6610339
4046,2.2183356,0.026037417,-0.26417446,0.5420689,0.8165595531463623,0.24105532,4.1590753,2.142242
4047,2.2632632,0.059020888,-0.12342725,0.31620017,0.7699358463287354,0.18493173,2.4587052,1.4946967
4048,2.182359,-0.02441255,-0.3033678,0.34417257,0.7458277344703674,0.29736093,8.950092,2.7349427
4049,2.188424,-0.10087315,-0.099760294,0.49898985,0.714990496635437,0.2644419,4.293187,2.7859507
4050,2.3753989,-0.098936126,-0.32786447,0.5501365,0.7517210841178894,0.27023923,2.8549979,2.5763896
4051,2.4443383,-0.06594305,-0.34510645,0.4528977,0.6724565625190735,0.17480941,2.2825222,2.0628328
4052,2.3066258,-0.050853517,-0.26736048,0.43905932,0.7263875603675842,0.26496693,3.0942636,2.4990995
4053,2.1950896,0.05012135,-0.1765049,0.4234613,0.85,0.17327347,3.5749168,2.109677
4054,2.3985548,0.05380362,-0.4068473,0.38909554,0.5307328104972839,0.30585876,2.5943615,2.6573327
4055,2.3504272,-0.07890773,-0.29082507,0.5907822,0.6480797529220581,0.2877891,2.7867806,2.361406
4056,2.2497213,0.076311424,-0.24100989,0.37250343,0.7793132066726685,0.22890788,3.3127313,2.5175917
4057,2.2671802,0.022548523,-0.3004405,0.4790702,0.6713701486587524,0.28235605,3.433949,2.8757052
4058,2.4074342,0.0042921863,-0.3717207,0.34024268,0.43867868185043335,0.28778377,2.765511,2.6009655
4059,2.278387,-0.07322097,-0.21989307,0.5150688,0.8163946270942688,0.2132897,3.4026148,2.4470448
4060,2.2364514,0.110168554,-0.21972248,0.49050906,0.7141077518463135,0.26416463,2.9919538,2.4508307
4061,2.2855062,-0.0010075743,-0.26378763,0.43360206,0.7281860709190369,0.26159918,3.324373,2.7115784
4062,2.339243,0.0048829746,-0.19787513,0.40533167,0.701960563659668,0.19368783,2.2610755,1.8454648
4063,2.347612,0.021840874,-0.30711952,0.4237962,0.6867882609367371,0.241094,2.6485598,2.16212
4064,2.3961906,-0.020375263,-0.3314458,0.44011655,0.7923489212989807,0.1584577,2.3538854,1.6029735
4065,2.3131452,-0.0500261,-0.20924859,0.41277504,0.8108296394348145,0.17752855,2.6959224,2.4207494
4066,2.2815206,-0.067749016,-0.2688163,0.45844322,0.7882262468338013,0.24136488,3.9005518,2.8196146
4067,2.1180286,0.056794304,-0.20358579,0.57524866,0.813134491443634,0.24053384,4.8308573,2.565053
4068,2.330252,-0.19730163,-0.24675275,0.5321996,0.7485195398330688,0.25256342,3.768916,2.6609497
4069,2.2845144,-0.023249492,-0.19915195,0.47885627,0.85,0.17503224,2.6450276,1.7243758
4070,2.241016,0.01463485,-0.3180627,0.512443,0.8020402789115906,0.21829534,3.9746099,2.5063522
4071,2.294361,0.06200789,-0.3680639,0.46983856,0.826857328414917,0.19895545,2.811415,2.6356277
4072,2.3757808,-0.09750815,-0.3319708,0.5567433,0.7129302620887756,0.26264352,2.7583027,2.565577
4073,2.3978355,-0.17730692,-0.26853225,0.47874695,0.5534650087356567,0.30264878,3.1286862,2.6933079
4074,2.3210485,-0.04636639,-0.29196188,0.48662305,0.8177458643913269,0.19289967,3.0544183,2.3818598
4075,2.2818205,-0.049304686,-0.3269538,0.54014456,0.8129468560218811,0.22559965,3.6303618,2.0254154
4076,2.3300755,-0.14387093,-0.17727779,0.4457272,0.6926056146621704,0.27469102,3.0539043,2.7159867
4077,2.3765712,-0.10489878,-0.20319311,0.38118836,0.7845216989517212,0.16320321,2.4261408,1.3134664
4078,2.3871171,-0.030745922,-0.3569007,0.6082342,0.6281930804252625,0.22742894,2.5825005,1.9067467
4079,2.265225,0.067742504,-0.2893232,0.35443732,0.6930094361305237,0.2773017,2.923186,2.5019684
4080,2.3073654,-0.11115016,-0.30718836,0.6139773,0.8242124319076538,0.24066326,3.8031607,2.5487843
4081,2.128742,0.008204659,-0.27499703,0.37613818,0.7711331248283386,0.3117952,10.57647,2.1174407
4082,2.1985402,0.032488804,-0.16353579,0.40008646,0.7341644763946533,0.24575266,4.0212646,2.2527745
4083,2.2081728,0.028439894,-0.24504134,0.48545215,0.8122604489326477,0.21012051,4.027691,2.5030606
4084,2.2369657,-0.114482775,-0.20902114,0.41359708,0.818998396396637,0.19755265,4.3340487,2.397021
4085,2.3891673,-0.042852513,-0.3500494,0.4669574,0.7356967329978943,0.23584539,2.6593068,2.2420104
4086,2.2215283,-0.07607423,-0.18115053,0.5030244,0.8015978932380676,0.2230284,3.6787167,2.427445
4087,2.219596,-0.030304752,-0.24469374,0.56721234,0.7391722798347473,0.26209137,4.1781,2.9043615
4088,2.4543452,-0.08695242,-0.31432867,0.54984444,0.5423080921173096,0.23621023,2.0965023,2.386873
4089,2.1779687,-0.06700883,-0.19321783,0.37310258,0.7566367387771606,0.25310174,6.7680078,2.8549244
4090,2.211496,-0.044580195,-0.25263786,0.49989918,0.8232378959655762,0.21692517,4.553027,2.3531766
4091,2.321331,-0.06530656,-0.25376132,0.48867422,0.8317341804504395,0.18790334,2.991768,2.442523
4092,2.2596095,-0.06861628,-0.21898839,0.47355473,0.8098567128181458,0.22524962,3.3755205,1.7900344
4093,2.2798045,-0.078771286,-0.16261485,0.47323093,0.705557644367218,0.2576069,2.947867,2.0257425
4094,2.173697,-0.09465544,-0.20057422,0.6100469,0.7448827028274536,0.26453808,5.459299,2.716565
4095,2.2555237,-0.061796315,-0.19665371,0.49141753,0.7443861365318298,0.2502626,3.6499164,2.3023102
4096,2.3140745,0.020162387,-0.28747863,0.48564386,0.5537803769111633,0.29632962,3.0161846,2.6311843
4097,2.274415,-0.025123276,-0.27548495,0.5734525,0.7675854563713074,0.2369687,3.2932153,2.485303
4098,2.4034445,-0.06883706,-0.4380051,0.5734404,0.6627777218818665,0.2853593,3.1204817,2.5129728
4099,2.374193,-0.11171907,-0.25060362,0.59284943,0.7390909790992737,0.1981058,2.350186,2.0467577
4100,2.301878,-0.11243181,-0.24417259,0.4896012,0.7186673283576965,0.2545031,3.4196095,2.1375077
4101,2.1556542,-0.02354317,-0.3831341,0.501349,0.7425734996795654,0.3229983,12.431637,1.7082602
4102,2.2193098,-0.08895565,-0.2508934,0.5632473,0.7749447822570801,0.24220946,4.5777583,2.4806368
4103,2.2760832,0.021449449,-0.25894335,0.42636812,0.5795352458953857,0.28506377,2.944597,2.881548
4104,2.4057162,-0.097541474,-0.37531748,0.6109146,0.6629679799079895,0.22797248,2.5733206,1.9820772
4105,1.9911709,0.053161785,-0.14804457,0.68583447,0.6928715705871582,0.35862818,11.807057,2.3475144
4106,2.2499545,-0.054905333,-0.20721184,0.50687504,0.7280600666999817,0.28761908,3.722099,2.756335
4107,2.3592646,-0.07741034,-0.26722,0.5487452,0.5365502834320068,0.29261094,2.7256584,2.2853403
4108,2.1880193,0.06309125,-0.17194007,0.4466427,0.7763659954071045,0.23983237,3.8645473,2.5750165
4109,2.056155,0.10732523,-0.21652947,0.44936132,0.7121725678443909,0.32920203,10.1225605,2.6021788
4110,2.3319778,-0.10490253,-0.25796542,0.5717109,0.8284704089164734,0.22561696,2.9572184,2.5278533
4111,2.4197786,-0.09797944,-0.28018388,0.42465195,0.6006646156311035,0.17883451,2.275193,1.5168962
4112,2.206097,0.11719792,-0.20429707,0.2668748,0.738713264465332,0.25069404,3.8651967,2.785293
4113,2.3143334,-0.08539246,-0.245224,0.40891552,0.7778693437576294,0.23417473,2.9177322,2.758651
4114,2.1551795,-0.035165522,-0.11896758,0.6052303,0.7970571517944336,0.2235416,4.294864,2.5152597
4115,2.2044342,0.10980354,-0.27607128,0.4284288,0.7192327380180359,0.28322017,3.9454882,2.5618813
4116,2.2461858,-0.03146834,-0.27702615,0.49257648,0.7417606115341187,0.2601189,3.7987115,2.358378
4117,2.2467127,0.008352248,-0.2325638,0.4970739,0.8224326968193054,0.21976548,3.3982882,1.9345176
4118,2.1202419,0.08136619,-0.20427084,0.29781199,0.7891175150871277,0.23442307,7.268916,2.0195024
4119,2.3668613,-0.08079966,-0.3014258,0.4933749,0.5836047530174255,0.3013628,2.7088175,2.4085412
4120,2.2012315,0.01988796,-0.12963401,0.325904,0.7908639311790466,0.22651449,3.9229834,2.1302178
4121,2.3438141,-0.02278063,-0.14646156,0.44134519,0.5495191216468811,0.19216341,2.1003978,1.4286612
4122,2.2352192,0.025994435,-0.21470946,0.4486709,0.7653546929359436,0.23774602,3.610137,2.059303
4123,2.281362,0.0061766654,-0.26425117,0.50894207,0.8208419680595398,0.20212144,3.2290592,2.4243507
4124,2.2862697,-0.11183584,-0.23203465,0.4650891,0.8315226435661316,0.19784857,3.2128804,1.9817324
4125,2.231062,0.027690256,-0.26889,0.4547696,0.5851160883903503,0.29567605,3.9322894,2.7345033
4126,2.222618,0.08948321,-0.18580149,0.49314326,0.7791275382041931,0.24792737,2.8810809,2.6788073
4127,2.3558726,0.022734754,-0.34566668,0.47340423,0.5866842865943909,0.28936553,2.7717514,2.5824604
4128,2.205468,0.032319043,-0.22027645,0.43970084,0.85,0.22396043,4.0546446,2.3317673
4129,2.2790074,-0.0687993,-0.26086837,0.39050752,0.6742258071899414,0.2719695,3.9898171,2.621381
4130,2.3954523,-0.045046393,-0.20407201,0.42273542,0.412070631980896,0.2444855,2.195422,2.0966647
4131,2.3850951,-0.11236502,-0.22741175,0.5497302,0.6748026013374329,0.18810916,2.3280916,1.6406239
4132,2.1914294,0.00058451836,-0.22122951,0.38203,0.7568554878234863,0.24039394,4.9812994,2.6259458
4133,2.2189345,0.11956316,-0.14427672,0.38248768,0.7427569627761841,0.21658115,2.8908637,2.3308249
4134,2.2625673,-0.045506813,-0.27965757,0.48867935,0.5654991269111633,0.31476334,3.7380478,2.624998
4135,2.444998,0.054088566,-0.30306026,0.3147093,0.33886489272117615,0.20184477,2.0980864,1.6708667
4136,2.2810426,-0.07637691,-0.23683284,0.5987942,0.7267771363258362,0.28535637,3.5420837,2.6447515
4137,2.2581344,-0.005636696,-0.1584162,0.3991093,0.7437345385551453,0.2157667,3.104076,2.6051757
4138,2.238968,0.1504561,-0.3368933,0.35527962,0.8192572593688965,0.20812546,3.596099,2.468672
4139,2.2299118,-0.025498668,-0.29572824,0.47209772,0.8356842398643494,0.21317784,5.068423,2.645238
4140,2.2207673,0.0043459414,-0.16988689,0.3574192,0.8445430397987366,0.20310839,3.4794266,2.4120488
4141,2.2430253,-0.022166329,-0.2007805,0.43569142,0.8177275061607361,0.22945046,2.7716076,2.7709885
4142,2.3302162,-0.08715143,-0.2756582,0.4525103,0.6895434856414795,0.2823828,3.2344344,2.7290967
4143,2.3366313,-0.047801793,-0.2614241,0.50347066,0.6385017037391663,0.27116323,2.6982982,2.4674175
4144,2.0763037,0.014116433,-0.037716504,0.6043937,0.8200288414955139,0.23283592,4.542172,2.6596715
4145,2.1592634,0.06883961,-0.14253195,0.45642683,0.759661853313446,0.23807669,3.842368,2.281599
4146,2.1779697,-0.047666658,-0.21223675,0.42477325,0.7892062664031982,0.23780705,5.326023,2.3563833
4147,2.22921,-0.045592733,-0.3174806,0.4405749,0.7727171778678894,0.23551954,5.1857023,2.095926
4148,2.1277335,0.033074837,-0.19042839,0.3626821,0.7516310214996338,0.24423155,6.522087,2.0857162
4149,2.1559596,0.005913124,-0.20580459,0.40841335,0.8402450084686279,0.23069558,5.25912,2.5143564
4150,2.287518,-0.040679492,-0.234605,0.49234727,0.7475002408027649,0.24135669,2.7406607,2.1080792
4151,2.2241547,0.045420542,-0.2757846,0.4801463,0.7047631144523621,0.2678022,4.218823,2.6943133
4152,2.1817849,0.10127515,-0.18006608,0.43883696,0.8163436055183411,0.18984567,3.453204,2.2229152
4153,2.2393363,0.045185927,-0.1552794,0.4045595,0.622571587562561,0.2577273,2.7410831,1.7733586
4154,2.1312556,-0.004684025,-0.2858623,0.47930244,0.7819445133209229,0.29977474,10.749256,2.56174
4155,2.2851784,0.06790254,-0.18633553,0.3478927,0.7560938596725464,0.20464367,2.2734501,1.8698379
4156,2.2844558,-0.08333123,-0.28867358,0.57040864,0.7500892281532288,0.24613175,3.4798052,2.1274514
4157,2.2503445,-0.02034177,-0.16532026,0.4357389,0.7985569834709167,0.20358019,3.1130166,2.026544
4158,2.1149611,0.10753548,-0.13578433,0.38483715,0.8194728493690491,0.22055557,4.665371,2.0956774
4159,2.217774,-0.019804131,-0.24185076,0.48181525,0.7990976572036743,0.21841499,4.282122,2.5720541
4160,2.4182317,-0.05611642,-0.5601421,0.52889276,0.8384193181991577,0.1988797,3.528106,2.2240047
4161,2.381394,-0.065550685,-0.2704074,0.40067577,0.6011964678764343,0.24381699,2.4644752,1.5957055
4162,2.2750752,-0.07771485,-0.22205208,0.45980427,0.7523738145828247,0.22718887,3.5850213,2.518401
4163,2.1485252,-0.11177716,-0.21042848,0.5723849,0.7783762812614441,0.2744618,7.9195843,1.8181773
4164,2.3204012,-0.028982008,-0.31274945,0.40055174,0.7404507398605347,0.22533813,3.092523,2.630389
4165,2.2507885,-0.09259568,-0.26157746,0.45197618,0.7816079258918762,0.22567861,4.4056206,2.7480378
4166,2.3078184,-0.023260908,-0.194875,0.41542596,0.6734307408332825,0.24714272,2.8343787,2.615131
4167,2.2955182,0.053397737,-0.35143173,0.43578884,0.8320246934890747,0.19666243,3.4753933,2.1968927
4168,2.3499205,-0.06900472,-0.21360846,0.35001177,0.7154476046562195,0.18589354,2.486505,1.7301748
4169,2.1901221,-0.08908616,-0.27099842,0.45164418,0.7517315149307251,0.27645314,8.078856,2.686224
4170,2.336656,-0.07767044,-0.38068745,0.49409136,0.85,0.19829847,3.8776436,1.9051551
4171,2.3085673,0.012556898,-0.19633742,0.5011474,0.2231181263923645,0.34990743,2.6611059,2.6363385
4172,2.5033429,-0.09500003,-0.4484036,0.4927687,0.596454918384552,0.23137815,2.4703763,1.9070106
4173,2.2093723,0.0079641715,-0.3085177,0.42059284,0.769355833530426,0.23798561,5.212824,2.7541242
4174,2.2752528,0.053061783,-0.16154563,0.36802143,0.7837377190589905,0.18880886,2.253382,1.4140942
4175,2.310855,-0.15215512,-0.27388063,0.507896,0.7528290152549744,0.24470623,3.797333,2.6708667
4176,2.2800858,0.014423069,-0.190829,0.3287981,0.7703066468238831,0.22856037,3.375037,2.260598
4177,2.2026534,0.054889046,-0.18670826,0.5364989,0.788034975528717,0.25595656,3.3596885,2.8525603
4178,2.3117573,-0.025788786,-0.30542085,0.57316834,0.8358596563339233,0.1504896,2.730935,1.6340517
4179,2.3779554,-0.037626877,-0.27401957,0.4276744,0.6975725293159485,0.19119807,2.2482328,1.7598952
4180,2.1826653,-0.0453014,-0.19264397,0.5462224,0.7959014177322388,0.24629888,4.506038,2.7457008
4181,2.2404847,-0.21454407,-0.25197014,0.580433,0.8322115540504456,0.22937548,5.4129214,2.229328
4182,2.2833118,-0.074326925,-0.20078611,0.5646174,0.8187837600708008,0.19677654,3.0504084,1.7858634
4183,2.249918,0.023761233,-0.21328901,0.43929833,0.8353139162063599,0.18951394,3.1216204,2.2950108
4184,2.2012155,0.008894612,-0.24409841,0.4208344,0.8127588629722595,0.20193632,4.386029,2.517645
4185,2.2361922,0.17597927,-0.27209792,0.2913317,0.7000398635864258,0.29194918,3.754239,2.6759806
4186,2.1238801,0.03277314,-0.20062298,0.40445304,0.7952044010162354,0.2600499,6.4613833,2.293877
4187,2.1758225,0.069211885,-0.24461746,0.5140298,0.696200966835022,0.27475366,4.3975105,2.6039062
4188,2.3006706,0.04887879,-0.2648859,0.32911935,0.7515060305595398,0.24382812,3.1676276,2.4517674
4189,2.2041934,-0.08307098,-0.1218129,0.47864527,0.8245238661766052,0.19034258,4.122247,2.066721
4190,2.177015,-0.002630689,-0.26003107,0.4020927,0.8212542533874512,0.22696763,5.894989,2.2843223
4191,2.2542331,-0.03708346,-0.16364206,0.52059495,0.7168886065483093,0.25448123,3.0967188,1.8869711
4192,2.1559255,0.111489065,-0.10522966,0.3810961,0.7071235179901123,0.27188677,3.9565296,2.4991186
4193,2.1978571,0.070188895,-0.20025575,0.46526802,0.6769766211509705,0.29941487,4.014435,2.7195597
4194,2.273937,0.06597071,-0.2399962,0.44942164,0.7453922033309937,0.22323057,2.9765718,2.2305396
4195,2.3810062,0.06520526,-0.32095107,0.49514577,0.6137160658836365,0.23342232,2.1225703,2.4964669
4196,2.410614,-0.018962767,-0.36377394,0.5298789,0.4552951157093048,0.29817736,2.520679,2.6411626
4197,2.2669826,0.048245803,-0.20736201,0.39595383,0.85,0.08868806,2.5885699,1.0519824
4198,2.2178302,-0.13452843,-0.1556631,0.562446,0.670962929725647,0.29310277,4.985511,2.5450866
4199,2.159435,0.027865043,-0.17750117,0.36213642,0.8329460024833679,0.19944109,4.9192953,2.252814
4200,2.1819322,0.022286627,-0.25781068,0.49435797,0.85,0.19344646,4.8297467,2.5453484
4201,2.2303185,0.08466064,-0.28135288,0.4985898,0.8185238242149353,0.1949461,3.2908154,2.493878
4202,2.2353446,0.043499067,-0.27451664,0.47620088,0.6851755380630493,0.28136894,4.036633,2.4655144
4203,2.300024,-0.018372012,-0.19762966,0.39179525,0.7293010950088501,0.24037372,2.8877747,2.1407723
4204,2.3285468,-0.10905659,-0.2881049,0.45325673,0.8129372000694275,0.20822373,3.509932,2.3670666
4205,2.1886096,0.040839173,-0.17266099,0.43989828,0.8016417622566223,0.21452759,3.521674,1.8121923
4206,2.3482618,-0.034836497,-0.34111246,0.51579404,0.7584745287895203,0.23641536,3.0966077,2.3526642
4207,2.2566276,0.10302903,-0.2579034,0.44948667,0.8082967400550842,0.18572538,2.9725106,1.7121205
4208,2.2508368,0.09756427,-0.14003257,0.3668099,0.7543781995773315,0.21507607,2.6633055,2.444735
4209,2.284806,-0.13000432,-0.30493733,0.54735243,0.8031691312789917,0.21097283,4.296151,2.6371574
4210,2.3755665,-0.10550891,-0.31705567,0.542094,0.7019689083099365,0.2590516,2.9513724,2.7565374
4211,2.112853,-0.0025895634,-0.15507202,0.37698826,0.7784547805786133,0.25222653,7.6705937,2.7103314
4212,2.3423302,-0.14520232,-0.25456703,0.5190153,0.7915927171707153,0.28023532,3.0592275,2.4076939
4213,2.2744327,0.022952996,-0.25329903,0.4070014,0.6969076991081238,0.26997957,3.247839,2.6080682
4214,2.1732686,-0.009321812,-0.3148765,0.41788855,0.7687771320343018,0.27329358,8.342974,2.2961411
4215,2.0343995,-0.078165144,-0.27177623,0.4369791,0.27512046694755554,0.58680046,14.280017,0.6595165
4216,2.120075,0.024486324,-0.2198612,0.45058522,0.745661735534668,0.2763009,8.05094,2.4300642
4217,2.235553,0.08848206,-0.2788543,0.41309133,0.8339815735816956,0.21969408,3.4776626,2.564834
4218,2.2456155,-0.040482655,-0.16075473,0.46327394,0.7146926522254944,0.26137125,3.5786583,2.6504507
4219,2.325761,-0.0009436879,-0.35928735,0.46401817,0.7118783593177795,0.25016803,3.312488,2.5440094
4220,2.1319888,0.058454733,-0.24253027,0.4805454,0.7710956335067749,0.2389084,6.2149687,2.7603042
4221,2.2910993,-0.1408383,-0.2671772,0.415856,0.7872507572174072,0.21942379,4.9227543,2.7360475
4222,2.2914374,0.041106608,-0.1728814,0.5242676,0.607498049736023,0.1905154,2.115046,1.2410862
4223,2.3765216,-0.07671956,-0.30834043,0.53900665,0.8396934270858765,0.16223007,2.4478686,2.2339842
4224,2.277342,-0.17070512,-0.2406876,0.3960019,0.85,0.17097685,5.080452,2.613697
4225,2.267987,-0.028581433,-0.2916343,0.48900467,0.8245469927787781,0.20790587,3.7778683,2.238177
4226,2.200966,-0.09375714,-0.204532,0.394836,0.737293541431427,0.26000476,5.6467032,2.4943457
4227,2.1521668,0.06820982,-0.16922984,0.54818285,0.85,0.21614026,4.168001,1.6671735
4228,2.2164137,0.07125096,-0.20083463,0.4653475,0.7277014851570129,0.25155452,2.9249501,2.5520582
4229,2.0814166,0.06485604,-0.0931103,0.4808655,0.7339788675308228,0.2808964,5.25362,2.8467114
4230,2.2393758,-0.020296508,-0.29870173,0.3544559,0.7447183132171631,0.25613895,4.3729653,2.9310563
4231,2.2169929,-0.053507812,-0.13527955,0.28593412,0.7476480007171631,0.25549695,4.1552134,2.7800162
4232,2.2704132,-0.024060227,-0.2551988,0.39388415,0.8108242154121399,0.24140787,3.8736079,2.8934624
4233,2.1999483,0.03930011,-0.3603759,0.5281846,0.85,0.15301897,4.2385726,1.8179859
4234,2.326122,0.0033356496,-0.2216631,0.37224665,0.5541235208511353,0.2962469,2.4788837,2.618478
4235,2.1902359,-0.06190993,-0.24104603,0.4364553,0.7795478701591492,0.25706965,6.4985976,2.7018886
4236,2.200512,-0.006534398,-0.13290781,0.41087267,0.7181486487388611,0.26956853,4.1893554,2.3845198
4237,2.2641988,0.074451864,-0.23092476,0.43010673,0.6893596053123474,0.25875348,2.9296148,2.4423048
4238,2.1437724,0.11364739,-0.24036954,0.50464207,0.7947028279304504,0.21983863,4.190881,2.131413
4239,2.3470426,-0.0615485,-0.32593566,0.48243174,0.6258500218391418,0.3048141,3.2372563,2.7665622
4240,2.3134148,-0.08150232,-0.2969751,0.39813185,0.7559911012649536,0.24118058,3.4811668,2.882705
4241,2.212158,0.041844387,-0.10668682,0.39367053,0.7511149048805237,0.2318129,3.006658,2.6058824
4242,2.2685747,0.044964198,-0.21265973,0.40946496,0.7287638187408447,0.25439137,3.2466893,2.620645
4243,2.463887,-0.1107159,-0.20627494,0.5585409,0.6283709406852722,0.12963374,2.1313198,1.4689566
4244,2.4157538,-0.1640875,-0.28792924,0.53041524,0.4944334328174591,0.30744594,2.5686748,2.5577004
4245,2.4353597,-0.07904727,-0.28811195,0.44693217,0.6569137573242188,0.17438272,2.185074,1.8108944
4246,2.4436529,0.016385794,-0.29033145,0.44850436,0.3783342242240906,0.25666636,2.182114,2.2770646
4247,2.1145544,-0.011005003,-0.24785131,0.5840415,0.7162743210792542,0.30579856,9.686776,2.9146943
4248,2.2050395,-0.037416846,-0.1414714,0.36704233,0.8162508010864258,0.18261938,4.118605,2.191849
4249,2.2994719,-0.08219236,-0.2499439,0.5051174,0.8108140826225281,0.24235846,3.0318146,2.3396027
4250,2.2406898,0.10115877,-0.20561835,0.37907287,0.7376212477684021,0.25452483,2.9110758,2.7552168
4251,2.3782153,-0.12588286,-0.24419041,0.610329,0.5283767580986023,0.2849872,2.619319,2.6273136
4252,2.240859,-0.075977,-0.25476623,0.49371827,0.85,0.19882135,4.0759835,2.005945
4253,2.1305096,0.09487007,-0.17816992,0.40338156,0.7606740593910217,0.2380832,4.868809,2.6196432
4254,2.2610795,-0.03355202,-0.21567196,0.44046924,0.793172299861908,0.20844698,3.028632,2.7989213
4255,2.1888194,0.035332613,-0.25287446,0.58606267,0.6735190749168396,0.2925483,4.9807153,2.8419664
4256,2.4209425,-0.13218115,-0.3859605,0.40814885,0.6118109226226807,0.29867142,3.3276832,2.745106
4257,2.2550328,0.07220377,-0.22996028,0.43703187,0.7504387497901917,0.24566989,2.6839945,2.7010968
4258,2.391711,-0.09439227,-0.3160045,0.51073366,0.5623104572296143,0.28217694,2.714219,2.4271708
4259,2.1696396,0.012594451,-0.1188051,0.45357394,0.7478373050689697,0.24703537,3.992991,2.586426
4260,2.1656258,0.06746569,-0.20705447,0.52367145,0.8037040829658508,0.20458125,4.112863,1.6620936
4261,2.2673852,-0.11478628,-0.2721161,0.4768828,0.7225357294082642,0.24609284,4.128428,2.2421548
4262,2.2316654,-0.0071075745,-0.30513635,0.46010476,0.7233961820602417,0.26139158,4.017879,2.7001624
4263,2.173618,-0.0045181266,-0.22038427,0.49938053,0.7894152402877808,0.24315539,4.679168,2.8835626
4264,2.2099583,-0.038909398,-0.23858297,0.4997177,0.6808355450630188,0.2826296,4.642923,2.5658512
4265,2.2511742,0.025130657,-0.27135935,0.37759933,0.6622725129127502,0.27915284,3.7802188,2.4785714
4266,2.3099198,-0.111723594,-0.21409763,0.55154896,0.629586398601532,0.29042655,3.250834,2.7708743
4267,2.3056576,0.031013364,-0.20407704,0.42946228,0.6507321000099182,0.20389576,2.2198472,1.6534915
4268,2.3619213,-0.01692155,-0.23815306,0.4457244,0.3204825222492218,0.29662126,2.3361344,2.4050841
4269,2.2992759,-0.1388621,-0.08334333,0.59883124,0.6347391605377197,0.2911778,2.837267,2.595396
4270,2.1323009,0.003235899,-0.13163185,0.378397,0.8318438529968262,0.18968946,5.8196187,1.7718245
4271,2.3205361,0.003441178,-0.30076113,0.3702196,0.7800745368003845,0.22059658,2.8583984,2.0704372
4272,2.3486588,-0.04847195,-0.3269855,0.43388456,0.7264731526374817,0.26687238,2.995569,2.5942626
4273,2.2838387,-0.016873294,-0.25123328,0.527332,0.6853165030479431,0.26432875,2.6331654,1.9381671
4274,2.2413945,-0.0446682,-0.2636358,0.43354023,0.7948421239852905,0.21367925,4.1734376,2.2515402
4275,2.205843,-0.07341257,-0.2545037,0.48470357,0.7936623096466064,0.2306174,5.7691383,2.3531165
4276,2.1855469,-0.092143565,-0.05877746,0.50406635,0.6856159567832947,0.27588028,4.1035643,2.720822
4277,2.3351195,-0.12521254,-0.25651854,0.632618,0.7810669541358948,0.24433485,2.807995,2.7544887
4278,2.249779,-0.031739146,-0.21540797,0.43994483,0.7237007021903992,0.26379272,3.398844,2.8766966
4279,2.3514893,-0.10190854,-0.31154242,0.5762373,0.7520297169685364,0.2018321,2.8373787,2.290664
4280,2.4332118,-0.15259707,-0.3013598,0.5035124,0.435910165309906,0.27842733,2.3376977,2.0238261
4281,2.1562657,-0.02801035,-0.21377854,0.5253514,0.8161072731018066,0.21492586,5.4295807,1.940836
4282,2.1672335,-0.018065574,-0.2448267,0.49775636,0.8240454792976379,0.20827213,5.5152855,2.1826968
4283,2.216699,0.03906332,-0.088741936,0.49927527,0.5162643194198608,0.30725837,2.9754887,2.441463
4284,2.2799547,-0.08998521,-0.20511718,0.5043759,0.7768091559410095,0.21791655,3.239826,2.3966107
4285,2.161477,-0.01292518,-0.18636194,0.36200023,0.7443691492080688,0.25345078,6.079012,2.3983874
4286,2.3259895,0.008523198,-0.23848511,0.44964576,0.6788050532341003,0.25804472,2.473286,2.091187
4287,2.3377976,-0.08601243,-0.2596695,0.4449158,0.7260705828666687,0.23813833,3.072919,2.79483
4288,2.437682,-0.09054997,-0.28396985,0.6152636,0.6400980949401855,0.21585184,2.1188376,1.7523345
4289,2.2299771,-0.07673006,-0.24069206,0.4492633,0.8104276657104492,0.2194246,4.399076,2.6209943
4290,2.2802567,-0.0608979,-0.25138268,0.49766088,0.8219799399375916,0.1978803,3.5933642,2.4892728
4291,2.230301,-0.0032975462,-0.09304072,0.4850461,0.7810937166213989,0.21207486,2.9755592,2.5233626
4292,2.367335,-0.098824784,-0.39923373,0.58457685,0.752560019493103,0.2576444,3.5323625,2.6115658
4293,2.3114502,-0.042073913,-0.30941296,0.4397008,0.7831630706787109,0.23331583,3.5425003,2.5441873
4294,2.3008268,-0.11748131,-0.32586688,0.47155333,0.7973248958587646,0.21807271,4.3100243,2.6531208
4295,2.1892931,-0.048281882,-0.20147912,0.49162725,0.7785488367080688,0.2557493,4.8678093,2.838571
4296,2.1636014,0.06962147,-0.18191268,0.4124065,0.8348355889320374,0.20535615,4.16448,2.4263659
4297,2.2464626,-0.09060261,-0.19738981,0.46926925,0.8243343234062195,0.22439688,4.1493564,2.631776
4298,2.3008373,-0.015723493,-0.378898,0.52374655,0.7219797968864441,0.25977173,3.4375932,2.6049488
4299,2.3341956,-0.018594386,-0.23976307,0.4186498,0.6352007985115051,0.25584668,2.5936959,2.4377508
4300,2.2074459,-0.048990697,-0.24382825,0.49290276,0.8036706447601318,0.23601449,5.2569427,2.750241
4301,2.2247066,-0.08874638,-0.26384726,0.60660243,0.6633791327476501,0.28905404,4.587589,2.8401022
4302,2.1547005,0.012342102,-0.16595808,0.5257866,0.8042202591896057,0.16839686,3.5595815,1.5972764
4303,2.256142,-0.027579697,-0.23055604,0.48475236,0.704892098903656,0.2833725,3.6751049,2.4286401
4304,2.2856386,0.031808536,-0.15675937,0.47273767,0.4656871557235718,0.30012083,2.2952094,2.3712654
4305,2.310375,0.028401658,-0.15523985,0.3671217,0.4255214035511017,0.24373814,2.1881757,2.2274415
4306,2.1978965,0.0058927913,-0.19226708,0.34168807,0.8202243447303772,0.24070467,4.464396,2.0333202
4307,2.199881,-0.054745644,-0.21801047,0.476091,0.85,0.20742223,4.482172,1.6594553
4308,2.2710428,0.07532692,-0.2705025,0.434753,0.7373254895210266,0.22514512,2.8238919,2.1877968
4309,2.2697186,0.026817072,-0.25785682,0.54616266,0.8470776677131653,0.19976228,3.0890841,1.7461357
4310,2.327813,-0.0047515114,-0.20304823,0.48708835,0.7676653265953064,0.1591121,2.107873,1.4277025
4311,2.2318647,-0.1175129,-0.18277721,0.49816883,0.7724291682243347,0.23540004,4.445878,2.837527
4312,2.2266111,-0.032047596,-0.09765437,0.52893287,0.803257405757904,0.21393915,2.9533021,2.476285
4313,2.5630372,-0.119915694,-0.3182063,0.42805704,0.08651793003082275,0.20698397,1.7895969,1.4765728
4314,2.3423395,0.022141524,-0.27206537,0.35131586,0.6168546676635742,0.25103176,2.7429814,2.2019749
4315,2.2633326,0.03898368,-0.14134628,0.41271266,0.5489826202392578,0.2811125,2.6344697,2.4088013
4316,2.1243246,0.14306147,-0.2910844,0.43242878,0.6981128454208374,0.30104488,6.865655,2.641313
4317,2.309301,0.021873947,-0.25292167,0.34163418,0.7875967025756836,0.1916594,3.0272763,1.9623038
4318,2.3074217,-0.09439397,-0.31308702,0.533959,0.6093258857727051,0.3274686,3.9496427,2.7053053
4319,2.290355,0.005845526,-0.18870734,0.36025092,0.5701979398727417,0.26564416,2.8876576,1.8311796
4320,2.2604175,-0.09313819,-0.2611774,0.47848976,0.7558066248893738,0.25165483,4.285313,2.4733236
4321,2.1851888,-0.021186598,-0.19045028,0.52682155,0.7280843257904053,0.2648128,4.3217173,2.695144
4322,2.1760905,0.057120502,-0.113883354,0.44367912,0.8385367393493652,0.16210392,3.0209374,2.0601864
4323,2.228265,-0.012439892,-0.17261074,0.4328931,0.7858320474624634,0.21500215,3.367273,1.8068748
4324,2.15106,0.07395403,-0.10177926,0.33361414,0.7482545971870422,0.23586746,4.290536,2.0426598
4325,2.3005974,0.019576287,-0.37531585,0.6125861,0.8261677622795105,0.20705006,3.1322055,2.5308106
4326,2.3609586,-0.034780376,-0.29928884,0.55239016,0.6077821850776672,0.29451677,2.7260604,2.8460398
4327,2.4249544,-0.099725336,-0.3679402,0.48646027,0.7411888241767883,0.17534007,2.5507228,1.5846941
4328,2.2394755,0.020032143,-0.2057091,0.5031763,0.8464692831039429,0.17128552,3.0840402,1.5440437
4329,2.2957573,-0.0040047197,-0.29976472,0.34080303,0.7763607501983643,0.22631516,3.4437504,2.565495
4330,2.448006,-0.027602144,-0.25825742,0.46655095,0.6783645749092102,0.13828605,2.0549433,1.2989367
4331,2.1105783,0.041414235,-0.13811913,0.44544014,0.6925119757652283,0.27222577,5.676445,2.7497323
4332,2.3602002,-0.07261855,-0.27281392,0.5253129,0.5610106587409973,0.24458271,2.392813,2.0000327
4333,2.1871932,0.09843175,-0.2535053,0.4115852,0.6954172849655151,0.2636188,3.9225724,2.87392
4334,2.28693,-0.15892597,-0.14663914,0.43830255,0.7583696842193604,0.25469714,3.769095,2.3960936
4335,2.1743095,0.04784667,-0.31049109,0.48256877,0.7290918231010437,0.26353547,6.6523914,2.8349972
4336,2.1879075,-0.022303004,-0.21389006,0.43201533,0.8225880861282349,0.2088992,4.9198875,2.2310634
4337,2.2156014,-0.1829853,-0.07958535,0.46230707,0.821491539478302,0.22172539,4.5919476,2.5946424
4338,2.3149426,-0.03836865,-0.2001871,0.57570434,0.6666549444198608,0.27850056,2.5007086,2.6049616
4339,2.3553548,-0.15943849,-0.27267522,0.5712279,0.7012396454811096,0.25425392,3.1871588,2.0971677
4340,2.2720344,-0.10352731,-0.2468347,0.5694552,0.819195568561554,0.21961111,3.7041063,2.2764473
4341,2.1920772,-0.019916853,-0.14960401,0.46899727,0.7101193070411682,0.27071923,4.1602902,2.7013063
4342,2.2579896,0.10316813,-0.2797304,0.4654198,0.666499137878418,0.26236695,3.0844746,2.4902356
4343,2.4041414,-0.08558722,-0.27137598,0.50899416,0.32979878783226013,0.33005017,2.3755221,2.375039
4344,2.284753,-0.026356276,-0.19962665,0.50011164,0.7242445349693298,0.22950916,2.8040006,1.5171497
4345,2.3213382,-0.04916092,-0.13705972,0.4369391,0.8364409804344177,0.15782104,2.0870082,1.2900014
4346,2.2789035,-0.07228923,-0.14384599,0.41445303,0.8458153605461121,0.2008845,2.937467,1.9681691
4347,2.231619,0.065948464,-0.19773182,0.4166588,0.7443726062774658,0.2414928,3.1662886,2.3771589
4348,2.2331524,-0.00741453,-0.2681057,0.56020284,0.7748408913612366,0.2514988,3.7762127,2.5726526
4349,2.0894876,0.02989894,-0.29390258,0.4999538,0.7694801688194275,0.305764,13.101277,1.8575206
4350,2.2838297,-0.048904277,-0.18464199,0.52180797,0.7223143577575684,0.23125115,2.9117389,1.6795982
4351,2.242442,-0.092334375,-0.29375345,0.5654061,0.85,0.19558522,4.3060684,2.517839
4352,2.365729,-0.0124140335,-0.28737587,0.52996314,0.3762670159339905,0.30688605,2.4097762,2.4642615
4353,2.3173888,-0.123211116,-0.21578377,0.39056787,0.6283243894577026,0.28942865,3.5833588,2.6525307
4354,2.2297208,-0.020524444,-0.09311426,0.49429315,0.85,0.12775086,2.5693796,1.3451086
4355,2.2493181,-0.03723434,-0.21123582,0.35995176,0.6880082488059998,0.26241243,3.7280047,2.7276165
4356,2.462389,-0.029215824,-0.349403,0.41901696,0.35364702343940735,0.26933625,2.1131573,2.360509
4357,2.3314395,-0.04027144,-0.25430796,0.40175378,0.796172022819519,0.22365375,3.0093079,1.933055
4358,2.2698596,-0.11934432,-0.2579025,0.51178783,0.8420866131782532,0.20786162,4.265662,2.5192218
4359,2.2881482,0.08528653,-0.26604804,0.38950107,0.6829890012741089,0.2593737,3.0175903,2.2612815
4360,2.25757,-0.06300771,-0.17485732,0.5431762,0.6573026776313782,0.29872224,3.1812618,2.750987
4361,2.4014168,-0.04669485,-0.36153126,0.56698143,0.34588754177093506,0.32756278,2.7535543,2.4645655
4362,2.314558,-0.10069949,-0.32639328,0.5116321,0.7472093105316162,0.22997084,3.3938532,2.6957061
4363,2.1674452,-0.0061893864,-0.29416484,0.49513695,0.8231660723686218,0.23372443,6.3652573,2.22109
4364,2.2563221,-0.016636001,-0.08137629,0.49641767,0.6429687142372131,0.2685247,2.3934054,2.449144
4365,2.2538865,-0.0112630185,-0.2765514,0.4443319,0.7770653963088989,0.24067914,4.021336,2.8032696
4366,2.2940817,-0.0021033965,-0.2502769,0.40917575,0.7150105237960815,0.25315404,3.0851583,1.9886559
4367,2.1970031,0.053279273,-0.27655318,0.4720271,0.7739482522010803,0.24471745,4.392984,2.7644408
4368,2.3503976,-0.0015759785,-0.287894,0.44438097,0.7134688496589661,0.20107983,2.5723994,1.6501887
4369,2.2950215,-0.20028724,-0.2832796,0.37979874,0.692433774471283,0.27592713,5.854383,2.8561256
4370,2.1338978,-0.0025345804,-0.2694603,0.54311335,0.6968294382095337,0.32065356,8.472245,2.8792186
4371,2.1901586,0.05671032,-0.22515535,0.40454775,0.8004313707351685,0.22811422,4.062174,2.5728822
4372,2.4550486,-0.12669972,-0.24067667,0.50978583,0.4704420268535614,0.22495738,2.1660993,1.6963823
4373,2.3534393,-0.047471248,-0.25089726,0.5709772,0.4543130099773407,0.2825539,2.444039,2.0329385
4374,2.327069,-0.08084022,-0.34032723,0.32714656,0.8390059471130371,0.21770827,3.9523442,2.6914933
4375,2.3646786,-0.13468282,-0.2949223,0.48879102,0.7662187218666077,0.22473592,3.198832,2.0937963
4376,2.2957394,-0.17726852,-0.28726956,0.5993315,0.813429057598114,0.2188649,3.9753246,2.5584812
4377,2.4706552,-0.123127565,-0.3627393,0.44221002,0.7941453456878662,0.1146788,2.1032553,1.548753
4378,2.2859132,0.01220911,-0.21769544,0.47793555,0.6909933686256409,0.2583991,2.6285875,2.345603
4379,2.3096154,-0.13815667,-0.28115362,0.41457778,0.8115774989128113,0.1903336,3.8058095,1.7691375
4380,2.3500495,-0.033142008,-0.36911896,0.42144942,0.7981898784637451,0.22403601,3.0056057,2.3980734
4381,2.1760468,0.07718767,-0.24532169,0.5006783,0.85,0.17532419,4.3122444,2.225962
4382,2.123527,0.09183443,-0.20104438,0.43617257,0.6992558836936951,0.28690404,5.3234005,2.7911854
4383,2.3056924,-0.046797246,-0.37306386,0.49694473,0.7225790023803711,0.2801789,3.7858112,2.7869396
4384,2.2644043,-0.105350874,-0.18553402,0.5431824,0.6688697934150696,0.26974234,3.5538402,2.6146975
4385,2.1619294,0.012102675,-0.26030266,0.522834,0.8292761445045471,0.21427305,5.5244403,2.3436077
4386,2.2414777,-0.05595674,-0.23558976,0.32549265,0.7344364523887634,0.24392043,4.298021,1.832876
4387,2.196479,0.0019198096,-0.23704599,0.46014455,0.8023270964622498,0.23221426,4.754468,2.51875
4388,2.3008657,-0.046627935,-0.22259796,0.55028737,0.7616996169090271,0.22782405,3.0253282,2.238388
4389,2.4846675,-0.21314903,-0.33075437,0.60260344,0.5227722525596619,0.25759974,2.3719058,2.018308
4390,2.245036,-0.06073728,-0.24820846,0.5401822,0.7486677765846252,0.23091823,4.011239,2.0776188
4391,2.3196385,-0.0616138,-0.30345386,0.44154847,0.7795968651771545,0.21384102,3.0174835,2.448625
4392,2.4348745,-0.08671528,-0.4201245,0.53329736,0.7170587182044983,0.19756007,2.3853621,1.6342727
4393,2.249885,0.06540074,-0.19716817,0.3247535,0.7473072409629822,0.24797866,3.2835536,2.4087808
4394,2.4336243,-0.19840176,-0.31879422,0.6242222,0.7331368327140808,0.22077328,2.545454,2.3855357
4395,2.1770651,-0.04634817,-0.26174268,0.43451652,0.7917840480804443,0.25307697,6.5436916,2.2400355
4396,2.4622054,-0.075503744,-0.33361265,0.5031122,0.4926515519618988,0.19249818,2.1698272,1.6106722
4397,2.3730903,-0.03231427,-0.28922683,0.3397023,0.7541082501411438,0.20468557,2.6464367,1.7949861
4398,2.178291,0.09572232,-0.20634985,0.42145,0.7899891138076782,0.2337582,3.6846282,2.6812649
4399,2.3519063,-0.11906682,-0.20017743,0.4072441,0.7079904079437256,0.25147158,2.8516538,2.2860389
4400,2.3981066,-0.13319041,-0.27061567,0.45869374,0.6210603713989258,0.25748894,2.712055,2.4943938
4401,2.4194806,-0.036515724,-0.38224146,0.51486313,0.6007667183876038,0.18964414,2.327052,1.4312373
4402,2.284668,0.025661467,-0.18020429,0.4190655,0.6029310822486877,0.27998468,2.783058,2.6886194
4403,2.49023,0.0027399075,-0.25900325,0.42023998,0.7771812677383423,0.11821802,2.1188552,1.543709
4404,2.46676,-0.09139624,-0.3605855,0.5372516,0.41277220845222473,0.27215442,2.1033716,2.2635458
4405,2.305143,-0.038028836,-0.2881342,0.44846556,0.7421927452087402,0.2554404,3.4553444,2.3842416
4406,2.329464,-0.080148734,-0.32435635,0.503131,0.7573893070220947,0.24115182,3.836628,2.282785
4407,2.337216,-0.038449213,-0.23860048,0.47202906,0.7513147592544556,0.21343069,2.619164,2.6780097
4408,2.2757368,-0.020741416,-0.10791204,0.39816606,0.5989745855331421,0.31225815,2.6271112,2.7249873
4409,2.316803,-0.02949316,-0.2558827,0.40137723,0.728531539440155,0.25726268,3.178814,2.6851676
4410,2.3984823,-0.08089171,-0.3733795,0.56103224,0.765820324420929,0.18497457,2.7305777,2.3000205
4411,2.2663326,-0.0684687,-0.21885996,0.5560766,0.7931311130523682,0.20820002,2.653277,1.212002
4412,2.2529075,-0.06316215,-0.14080188,0.39115092,0.7321346998214722,0.2582387,3.4676824,2.7261124
4413,2.2650273,-0.0071234275,-0.33937386,0.550193,0.8115187883377075,0.21898973,3.553846,2.21394
4414,2.240197,-0.030602638,-0.14318919,0.45762113,0.7968160510063171,0.22177458,3.2234797,2.3602438
4415,2.2472034,0.10610093,-0.22807851,0.45114723,0.6337932348251343,0.28132918,3.0348446,2.888321
4416,2.156442,0.01333421,-0.09184058,0.50497305,0.7622445225715637,0.24471739,3.5545764,2.2786875
4417,2.2516418,0.08218214,-0.35193652,0.4525963,0.7429176568984985,0.2466378,3.61452,2.8297365
4418,2.2031138,0.031928062,-0.16990493,0.3991133,0.8010600805282593,0.21398394,3.568517,2.3534646
4419,2.228625,-0.06522919,-0.19566585,0.39392957,0.6829733848571777,0.2599794,3.8764894,2.6911435
4420,2.3865128,-0.17588371,-0.2541721,0.61502033,0.6003043055534363,0.3023998,2.9171665,2.7098389
4421,2.2097187,-0.12354183,-0.2012018,0.65195596,0.818609356880188,0.2552131,4.379465,2.601076
4422,2.2052138,-0.0031520086,-0.20797552,0.4327447,0.7011865377426147,0.2653614,4.4883065,2.3398173
4423,2.2968988,-0.071170196,-0.28387308,0.5028292,0.7369251251220703,0.24921586,3.2953658,2.2096531
4424,2.2334635,0.032986835,-0.28996238,0.44434458,0.7287019491195679,0.25031224,4.415643,2.79076
4425,2.272526,-0.031228948,-0.21914427,0.52911854,0.7714672088623047,0.2515342,3.2853966,2.5208013
4426,2.221307,-0.046740342,-0.16854925,0.56147647,0.7817778587341309,0.21091542,3.7627058,2.1657987
4427,2.3764462,-0.06692382,-0.3217479,0.4190784,0.6658282279968262,0.26128557,2.895324,2.3477302
4428,2.4165013,-0.1614225,-0.28484586,0.51929164,0.5396249294281006,0.22111389,2.3428516,1.2736734
4429,2.3157995,-0.0044547706,-0.3104999,0.40086892,0.7048824429512024,0.2600995,3.4024768,2.8642876
4430,2.3678985,-0.059502296,-0.27617812,0.58196723,0.5729266405105591,0.2578378,2.399101,2.1171331
4431,2.1923258,-0.038096074,-0.21219468,0.44255397,0.85,0.16011605,4.5183363,2.2959926
4432,2.2470741,-0.072846994,-0.19672123,0.50670123,0.6951916813850403,0.26559442,3.6413286,2.7913554
4433,2.2061696,-0.010162423,-0.21415196,0.35774097,0.7832421064376831,0.24409048,4.3806777,2.4787588
4434,2.1441486,0.0747115,-0.2698446,0.55400884,0.7442815899848938,0.25513324,5.703993,2.4590678
4435,2.262686,-0.06410465,-0.16004866,0.41059366,0.7857954502105713,0.21834695,3.1111689,2.767091
4436,2.2479498,-0.0704159,-0.25804314,0.49169874,0.802374005317688,0.23061912,4.1611853,2.5000088
4437,2.333066,0.008329879,-0.24852821,0.6021841,0.5397036671638489,0.27209002,2.321976,2.6251957
4438,2.2615395,0.018538365,-0.11121657,0.52209455,0.6635914444923401,0.25341845,2.2941544,2.205754
4439,2.2776623,0.07336122,-0.21016273,0.4545248,0.5566234588623047,0.24267793,2.5736427,1.9997485
4440,2.251809,0.07563915,-0.16028352,0.43989664,0.6191800832748413,0.27964005,2.5970094,2.5725355
4441,2.1496246,0.08157839,-0.11503391,0.4772964,0.8459044694900513,0.21533403,3.378131,2.1126845
4442,2.2959952,-0.0021242732,-0.25058797,0.49069342,0.6091358065605164,0.28653115,2.733015,2.7734964
4443,2.471871,-0.07219968,-0.4166528,0.555114,0.5941771268844604,0.21990547,2.263606,1.7166586
4444,2.2805066,0.06573417,-0.22141355,0.4361389,0.6834815740585327,0.23513232,2.7479188,2.4072335
4445,2.128359,0.0035945303,-0.16816439,0.44076437,0.8186243176460266,0.21595684,6.121111,2.402988
4446,2.430579,0.0075500268,-0.31345493,0.4836248,0.15441296994686127,0.2846381,2.0781336,2.5736482
4447,2.1972375,0.0056526386,-0.14788999,0.26121217,0.8254354596138,0.19958027,4.260603,2.3923326
4448,2.213221,-0.013084225,-0.26575676,0.40773365,0.7217444777488708,0.25881946,5.0786743,2.8530002
4449,2.3172662,-0.10866559,-0.3075722,0.42799014,0.7771249413490295,0.25908685,4.2750735,2.7729993
4450,2.1188152,-0.10041886,-0.22058836,0.58905655,0.8045823574066162,0.27004787,10.765041,2.2787285
4451,2.2952616,-0.016880272,-0.30204836,0.49713656,0.6545764803886414,0.2877682,3.4991438,2.7872016
4452,2.2335536,-0.020853037,-0.21668099,0.48494825,0.7656665444374084,0.25464067,3.723474,2.2030885
4453,2.1953092,0.056125645,-0.21009344,0.39135608,0.7963605523109436,0.22223435,4.0748086,2.7277029
4454,2.2249491,-0.124299236,-0.23107524,0.4195422,0.8365699052810669,0.20815882,4.905927,2.7827826
4455,2.3659034,-0.0077139363,-0.32806382,0.5021922,0.6603732705116272,0.23956753,2.6851742,2.5603638
4456,2.1957405,0.013917741,-0.29720664,0.53728354,0.8237261772155762,0.19802618,4.803705,2.3386912
4457,2.3252244,-0.07258071,-0.25682136,0.519008,0.7109302282333374,0.23463525,2.94098,2.3385246
4458,2.2695074,-0.030323578,-0.18163283,0.50237566,0.567433774471283,0.30708385,3.0296228,2.828189
4459,2.261774,-0.0014629004,-0.30555505,0.4997269,0.79749596118927,0.21547517,3.798443,2.7970767
4460,2.272208,0.081873484,-0.3274496,0.5350267,0.7945496439933777,0.20965692,3.1523044,2.7412739
4461,2.1902847,-0.12554051,-0.12524484,0.5710611,0.7342862486839294,0.27257892,4.8565683,2.761
4462,2.30327,0.028291175,-0.21628107,0.57119673,0.651639461517334,0.23710863,2.388541,2.4525986
4463,2.2295384,-0.0027535635,-0.12227086,0.40844315,0.698472797870636,0.2646423,3.4077392,2.6479456
4464,2.149233,0.028219208,-0.20615695,0.45170897,0.7029792070388794,0.26151222,5.369116,2.421741
4465,2.2403843,-0.102798,-0.24919581,0.4919537,0.7439990639686584,0.24823959,5.0187035,2.7121904
4466,2.2090178,-0.017018162,-0.24821134,0.48707986,0.7532446384429932,0.25066188,4.2134542,2.8215692
4467,2.257285,0.016025139,-0.23616314,0.43420354,0.8096039295196533,0.19702442,3.2408326,2.0417986
4468,2.436471,-0.107690096,-0.34061673,0.46367213,0.6934719085693359,0.21052608,2.585306,1.8109107
4469,2.2214887,-0.0009888326,-0.21251898,0.47234365,0.7919608950614929,0.23184735,3.7578428,2.5495632
4470,2.1813004,-0.011894751,-0.11682457,0.4525835,0.8182079195976257,0.21626695,3.488117,2.4195945
4471,2.3529484,-0.14117576,-0.17698587,0.5795129,0.6700007319450378,0.26066524,2.5784807,2.362781
4472,2.1109886,0.055603433,-0.29947305,0.60554117,0.738875687122345,0.2812612,7.9237914,2.3748322
4473,2.1075923,0.06812729,-0.15057963,0.4903305,0.7814688086509705,0.25670624,5.379737,2.4508288
4474,2.2712967,-0.05393562,-0.2689632,0.50971365,0.7216295599937439,0.27038813,3.9461045,2.6805634
4475,2.3690395,0.0845869,-0.23243877,0.39516148,0.7411882281303406,0.1654266,2.141566,1.6057308
4476,2.1496599,0.03332565,-0.25241378,0.48029843,0.7407286167144775,0.2653414,6.1597514,2.7981656
4477,2.3275177,-0.110469565,-0.3395839,0.54785335,0.6630415320396423,0.29122522,3.7849343,2.7297142
4478,2.2698214,-0.0044147475,-0.16451277,0.40747645,0.7614918947219849,0.21474369,2.963951,1.9204621
4479,2.3431897,-0.12057095,-0.27342513,0.59336793,0.7124457359313965,0.2722462,2.8022957,2.483509
4480,2.309625,-0.13016541,-0.301376,0.48754564,0.793733537197113,0.23418626,3.9313219,2.5382204
4481,2.0996406,0.10342208,-0.20053805,0.5749164,0.7919023633003235,0.23573047,5.262896,2.1815321
4482,2.2009013,0.026730524,-0.14794056,0.4001051,0.85,0.13454597,2.8191016,1.1920671
4483,2.3308074,-0.122530736,-0.18942462,0.552036,0.7499229907989502,0.23879951,2.800531,2.7878299
4484,2.30871,-0.048697855,-0.14622335,0.41296268,0.7365671992301941,0.19320339,2.6373172,1.764111
4485,2.1614459,0.06737614,-0.24144243,0.4676298,0.7363606691360474,0.26654276,4.786319,2.8517296
4486,2.1643064,-0.14185423,-0.14212312,0.5538503,0.7786809802055359,0.25580183,6.407283,1.8399903
4487,2.271865,-0.083020814,-0.28678864,0.35793656,0.6654539704322815,0.3026202,4.930979,2.55853
4488,2.2573566,0.03203641,-0.18629393,0.41808286,0.7439314126968384,0.22450373,2.9626536,1.7752919
4489,2.217209,-0.069745876,-0.35144144,0.463903,0.7654865384101868,0.2669101,8.385627,2.852769
4490,2.3247273,-0.12369601,-0.18936868,0.51282996,0.6653125286102295,0.284669,3.2084675,2.469458
4491,2.1989267,-0.05268321,-0.32254225,0.48951218,0.7999470233917236,0.26072538,7.7210894,2.5133924
4492,2.276184,0.0006148985,-0.19138688,0.38608718,0.7157145142555237,0.2500972,3.2522671,2.1253855
4493,2.3958933,-0.0714919,-0.26191112,0.52572227,0.7115321755409241,0.15353368,2.1113553,1.4128298
4494,2.2375417,-0.01756167,-0.36942783,0.5479109,0.6731792688369751,0.28641018,4.7403107,2.5131843
4495,2.1622963,0.039612383,-0.19007967,0.39673626,0.7381986379623413,0.2732682,4.7799377,2.4642935
4496,2.3240857,-0.030731255,-0.32621264,0.4782824,0.7407925724983215,0.23216468,3.3682737,2.421222
4497,2.4095469,-0.13410304,-0.2873993,0.4892095,0.6648491621017456,0.2325794,2.27446,1.717678
4498,2.3278227,-0.11730128,-0.22604598,0.54898804,0.8360767960548401,0.19665135,2.931677,1.7982421
4499,2.1896274,-0.028438192,-0.2292239,0.52607775,0.6928269863128662,0.2686581,4.9259453,2.4389446
4500,2.108748,0.10593548,-0.20482098,0.32619542,0.85,0.21897863,6.4319763,2.749664
4501,2.4004333,0.02017436,-0.2798614,0.4640205,0.5673165917396545,0.22167613,2.106573,2.2153482
4502,2.1548297,-0.005527288,-0.3006195,0.5784867,0.76152104139328,0.27958807,7.3718615,2.3642342
4503,2.1844132,-0.051380906,-0.17842482,0.42655915,0.8487949967384338,0.19630425,5.17507,2.503111
4504,2.314223,0.14495021,-0.24608256,0.5393448,0.4868754744529724,0.25644735,2.0670686,2.193018
4505,2.3122506,0.066114046,-0.29343107,0.45073405,0.6420714855194092,0.19655433,2.359519,1.801949
4506,2.2509341,0.02402617,-0.19959609,0.5073965,0.6517064571380615,0.27838486,3.229309,2.5766904
4507,2.1035292,0.0047141877,-0.18996908,0.58749354,0.7504629492759705,0.2623068,6.1380477,2.0071473
4508,2.2579365,-0.09036611,-0.17845961,0.37440953,0.8153039813041687,0.21324563,3.6350803,2.646114
4509,2.3126655,0.040312145,-0.23429427,0.47906497,0.5377687811851501,0.22357142,2.147259,1.5327296
4510,2.3885856,-0.027645977,-0.23260939,0.5816744,0.47078582644462585,0.2294586,2.091527,2.1565669
4511,2.1184158,0.033035748,-0.19137035,0.55190796,0.6249284148216248,0.3083653,6.2679615,2.840169
4512,2.1378734,0.016175156,-0.19724114,0.47904798,0.7778801918029785,0.24457489,5.619185,2.8516376
4513,2.2128294,0.07653135,-0.20102836,0.45577797,0.781603991985321,0.2670643,3.3662035,2.733544
4514,2.337276,-0.053386383,-0.2392468,0.486024,0.8044641613960266,0.19488047,2.2346623,1.5244547
4515,2.3798027,-0.17361778,-0.25075233,0.58281225,0.7060486674308777,0.24910505,2.6684475,2.4478219
4516,2.1094148,0.14356631,-0.1836791,0.4682661,0.7540383338928223,0.24951743,4.5909514,2.8093934
4517,2.2275496,-0.019944737,-0.21730332,0.48043582,0.6357013583183289,0.31575063,4.32805,2.4917598
4518,2.198024,0.026989557,-0.23090334,0.4170814,0.7889470458030701,0.22300275,4.2142825,2.7672417
4519,2.2857583,0.036069945,-0.17548743,0.46393004,0.8168471455574036,0.14568381,2.2187924,1.4351202
4520,2.2072988,-0.002708614,-0.11386193,0.4124932,0.8221067190170288,0.2118905,3.185042,1.7822042
4521,2.1977992,-0.035691474,-0.2732453,0.5686222,0.8348715305328369,0.18324296,4.6435695,1.5473665
4522,2.3087215,0.0025013175,-0.28241348,0.37610766,0.7867182493209839,0.2131429,2.7239964,2.3236182
4523,2.4092484,-0.008536295,-0.34252137,0.3945998,0.4414370357990265,0.28324416,2.543076,2.6319292
4524,2.2261653,0.045915972,-0.13452451,0.54621065,0.7277505993843079,0.24443716,2.7328472,2.312008
4525,2.2688758,0.0067883166,-0.27546272,0.42260078,0.7935739159584045,0.2081154,3.4844441,2.3540466
4526,2.191563,0.047907826,-0.15438472,0.49611765,0.748189389705658,0.2561277,3.5360422,2.4491105
4527,2.1455867,0.02013033,-0.09805519,0.38823682,0.85,0.1684486,4.1208405,1.5982851
4528,2.4140713,-0.04001334,-0.21980545,0.4192224,0.771990954875946,0.13805163,2.053822,1.5763472
4529,2.22105,-0.057425708,-0.20177232,0.5010366,0.81998211145401,0.200107,3.6999383,1.8552876
4530,2.2392077,0.018652657,-0.23881036,0.44838023,0.7313942313194275,0.2448077,3.399587,2.403249
4531,2.294726,-0.1394623,-0.2657993,0.4686064,0.8115209341049194,0.22302754,3.9767454,2.4541035
4532,2.227533,-0.00020931609,-0.2142122,0.51891136,0.6634473204612732,0.2822828,3.8636374,2.3182244
4533,2.1489308,0.07367129,-0.19220817,0.434047,0.820860743522644,0.20344006,4.528395,2.45435
4534,2.4188893,-0.14724697,-0.29394475,0.5725247,0.4242982566356659,0.30605406,2.5063927,2.3921356
4535,2.3035805,-0.02052893,-0.29108945,0.5657093,0.7247411608695984,0.2477449,3.298742,2.6836793
4536,2.224103,-0.12930448,-0.2896072,0.47811827,0.7783728837966919,0.25919592,6.637841,2.4620483
4537,2.1870718,-0.08352269,-0.2073485,0.39262685,0.79255610704422,0.25478345,6.879701,2.6793659
4538,2.1945612,0.014938722,-0.24761572,0.5248279,0.7348011136054993,0.25180236,4.207689,2.3940089
4539,2.3292747,0.003071243,-0.28153247,0.42383277,0.772125780582428,0.14781886,2.3457794,1.3374336
4540,2.1931977,-0.038764857,-0.17882483,0.49421194,0.7406697273254395,0.23752248,4.54276,2.826848
4541,2.4529388,-0.04924198,-0.29136786,0.39647976,0.3339240849018097,0.21557601,2.0401518,1.9181215
4542,2.2863927,-0.022110306,-0.2758996,0.53261054,0.7172662019729614,0.2592418,3.3602295,2.1104844
4543,2.326386,0.10065563,-0.29285833,0.44364935,0.6435117721557617,0.21343015,2.380518,1.667719
4544,2.4544985,-0.09604423,-0.3993265,0.57998747,0.48179125785827637,0.28135338,2.3886647,2.6790872
4545,2.2876256,-0.017863546,-0.116163954,0.50060946,0.7003738284111023,0.21208362,2.422109,1.5907189
4546,2.2773788,0.032104943,-0.1733545,0.34012368,0.6811539530754089,0.2569319,2.8981469,2.102097
4547,2.3880484,-0.08960298,-0.33457297,0.58575,0.7569438219070435,0.23361127,2.7415788,2.6509936
4548,2.4610147,-0.09040676,-0.4074047,0.5649199,0.3854714035987854,0.26975396,2.1483042,1.7027005
4549,2.1343641,0.0131261395,-0.18170582,0.44540903,0.7705948948860168,0.24357654,6.02605,2.3374658
4550,2.2485776,0.07069661,-0.2572426,0.46412948,0.846618115901947,0.18657055,3.2030833,2.2269785
4551,2.3866465,-0.08417356,-0.21294898,0.49026495,0.5445089340209961,0.22859584,2.2906637,1.5332625
4552,2.1306581,0.056040253,-0.30498493,0.4907592,0.798697829246521,0.2785074,7.9928126,2.622073
4553,2.2484813,-0.048807863,-0.30160788,0.47883254,0.85,0.15215632,3.5597038,1.6921064
4554,2.2409823,0.09323866,-0.26047933,0.45704326,0.8109481334686279,0.20431292,2.8462086,2.3357606
4555,2.344941,-0.0748721,-0.297504,0.41355577,0.5757209658622742,0.31976008,3.080658,2.4970984
4556,2.2259283,0.09399848,-0.22862084,0.4205723,0.8396890759468079,0.19440667,2.9705079,1.5775849
4557,2.1956546,-0.02420201,-0.23014991,0.40336567,0.7890605330467224,0.22842303,5.3259487,2.7186897
4558,2.298812,0.047039106,-0.20167817,0.44606665,0.673022449016571,0.21534717,2.2767262,1.6789911
4559,2.419827,-0.038682017,-0.39017475,0.46794128,0.6881788372993469,0.25310555,2.4202793,2.5180335
4560,2.3008432,0.050549395,-0.262492,0.4659847,0.6817336678504944,0.2021889,2.653388,1.6813636
4561,2.365433,-0.101005524,-0.2931435,0.53885263,0.7839535474777222,0.23649773,2.6237447,2.2131743
4562,2.2697816,0.04352949,-0.24345393,0.33478796,0.7780490517616272,0.23518549,3.264349,2.6239307
4563,2.1314876,0.100494504,-0.14852358,0.38092294,0.7965315580368042,0.24048942,4.6751776,2.7335362
4564,2.1177957,-0.0055798846,-0.20296848,0.42057016,0.721570611000061,0.27913058,8.857961,2.5851002
4565,2.161151,-0.1333367,-0.22574468,0.58669627,0.720311164855957,0.28929678,8.107834,2.3097975
4566,2.1093526,-0.08178142,-0.20588227,0.56323886,0.7439765334129333,0.3237984,11.226182,2.8073506
4567,2.2304592,0.014593725,-0.20339002,0.46871343,0.8209183216094971,0.22815967,3.503714,2.4403014
4568,2.23855,0.03188634,-0.32842588,0.43791732,0.8084932565689087,0.21300311,4.224729,2.3752902
4569,2.3187308,0.004187314,-0.15409067,0.46238032,0.45780783891677856,0.28569317,2.1768105,2.3882983
4570,2.3253984,0.04043936,-0.30316475,0.37320468,0.5509046912193298,0.29989308,3.3208666,2.6595676
4571,2.142793,0.08528229,-0.26204726,0.50719935,0.847313404083252,0.176772,4.677855,2.2940867
4572,2.3472044,-0.0790115,-0.2948404,0.5679953,0.8142904043197632,0.19584177,2.475757,1.3962698
4573,2.175076,-0.016459916,-0.2248826,0.46963865,0.7269576787948608,0.27113515,5.433046,2.6240566
4574,2.292012,-0.15857556,-0.34656712,0.4656203,0.8152222633361816,0.1942359,4.9810753,2.2802873
4575,2.2902787,-0.008382859,-0.20041585,0.41819373,0.7388852834701538,0.23770525,2.898604,2.4075437
4576,2.2203457,0.09946356,-0.1907412,0.4435698,0.7425196170806885,0.23410562,2.907413,2.8244317
4577,2.4733875,-0.07798432,-0.28240263,0.42014506,0.5552548766136169,0.19018614,2.035903,2.325428
4578,2.3039951,0.0034491324,-0.26338,0.35263854,0.6464900374412537,0.26149458,3.1442246,2.1871166
4579,2.334093,-0.05008908,-0.35369143,0.43207523,0.7750654816627502,0.25136077,3.195512,2.5927906
4580,2.3628747,-0.074638255,-0.34718433,0.46704125,0.7571732997894287,0.2622065,3.0712872,2.4255316
4581,2.2106805,-0.027651621,-0.26203465,0.4095211,0.8283169269561768,0.2069779,4.215943,2.3014758
4582,2.4124048,-0.057308696,-0.3529016,0.6727949,0.503611147403717,0.21873634,2.2454484,1.7627602
4583,2.167499,-0.0026039232,-0.17602226,0.35921332,0.8411927223205566,0.20191897,4.968229,2.4106061
4584,2.266638,-0.13772434,-0.26744464,0.59929526,0.85,0.20302153,3.940167,2.8682568
4585,2.3095775,-0.02833355,-0.25491253,0.45351595,0.6984484791755676,0.25996467,2.9979706,1.9183866
4586,2.1339078,0.0073385797,-0.11519385,0.51133615,0.7491509318351746,0.24613398,4.9708314,2.1874092
4587,2.3201206,0.030706044,-0.19999011,0.3951717,0.4822370707988739,0.30562234,2.539216,2.7512124
4588,2.2999325,0.06790266,-0.3378515,0.49609146,0.7991346716880798,0.20957777,2.8723645,2.293929
4589,2.28756,0.06064893,-0.2154786,0.46248603,0.39156675338745117,0.31225142,2.588535,2.7556427
4590,2.1566014,0.08930472,-0.18355943,0.4396867,0.7940018773078918,0.2404957,4.274475,2.5187597
4591,2.3874075,-0.04184964,-0.33750504,0.48056638,0.7425546646118164,0.20604329,2.4542022,1.8688275
4592,2.4379797,-0.070120566,-0.2856925,0.50936925,0.5864641070365906,0.20367888,2.131824,1.7442397
4593,2.4192588,-0.17856473,-0.24437803,0.48027122,0.4615335166454315,0.32815903,2.4823248,2.343854
4594,2.2510011,-0.03433994,-0.26892123,0.4631893,0.750637948513031,0.20775464,3.491485,2.4141784
4595,2.2463675,-0.04968392,-0.25638992,0.44203556,0.8203328251838684,0.21531841,4.0422053,2.753165
4596,2.110508,-0.0066780234,-0.19874787,0.42144606,0.6921602487564087,0.32397595,8.674015,2.3941011
4597,2.3028514,-0.08101381,-0.2776999,0.61153585,0.6746376752853394,0.28168264,3.5253854,2.5097241
4598,2.199442,0.14409298,-0.21470565,0.501921,0.6481497883796692,0.30102125,3.531503,2.7119534
4599,2.163763,0.028389154,-0.17656611,0.43325305,0.8252766132354736,0.1873188,3.8256536,1.6350267
4600,2.3370936,-0.106401935,-0.38992178,0.5598463,0.8090068697929382,0.24432333,3.6187992,2.8422244
4601,2.346513,-0.06957135,-0.30453494,0.54007787,0.5792113542556763,0.2905414,3.024502,2.4415455
4602,2.3848922,0.015336205,-0.34811455,0.44105968,0.5828019976615906,0.2765121,2.3765082,2.5247667
4603,2.3596346,0.030539492,-0.33113447,0.42283705,0.6473479270935059,0.25056967,2.4759307,2.4848082
4604,2.132879,0.0031023347,-0.23050351,0.49770844,0.7385348081588745,0.27090177,6.955212,2.4583447
4605,2.2298396,-0.05010466,-0.22264573,0.5413884,0.7677668333053589,0.2478005,3.941558,2.3682714
4606,2.2458572,0.022089623,-0.3366024,0.52792704,0.6662026643753052,0.28243786,4.1981406,2.7579067
4607,2.2606065,-0.037425663,-0.26305318,0.5134042,0.85,0.16664399,3.0253983,1.678623
4608,2.4340909,-0.18044192,-0.3528076,0.5250159,0.8027116060256958,0.21447599,2.6962585,2.3664412
4609,2.2300458,-0.075804375,-0.22504795,0.45505124,0.8423565030097961,0.19245969,4.2462444,2.8313332
4610,2.251725,0.030299269,-0.26122752,0.37904778,0.8356125950813293,0.20484492,3.4399009,2.7049916
4611,2.260164,-0.03141688,-0.3127648,0.4335089,0.7689321041107178,0.22289558,4.396181,2.3077857
4612,2.0765676,0.19913197,-0.15340234,0.42501268,0.7851439118385315,0.22672594,4.9443326,2.2982342
4613,2.1888509,-0.040332366,-0.22833148,0.439181,0.8134539723396301,0.22155496,5.083617,2.8396406
4614,2.2696652,-0.018736107,-0.27563715,0.38819376,0.8034045100212097,0.23300932,3.9800978,2.894803
4615,2.225657,-0.05555212,-0.14589764,0.46746904,0.6458749175071716,0.31253713,4.0652647,2.855808
4616,2.247095,0.015192928,-0.17412645,0.39673343,0.7314509749412537,0.1975407,2.7024646,2.4293385
4617,2.2111506,-0.035664003,-0.22886014,0.41998217,0.8152228593826294,0.24176449,5.1968417,2.8978412
4618,2.1589818,-0.06486154,-0.1450186,0.5327045,0.7168814539909363,0.27776653,5.39151,2.7647421
4619,2.222635,0.107806124,-0.25739467,0.44846833,0.7014907598495483,0.25722092,3.635639,2.4816926
4620,2.2913325,-0.10804207,-0.2776841,0.40474454,0.6945106983184814,0.26128975,4.227877,2.7040236
4621,2.3404477,-0.029303504,-0.27266398,0.4152784,0.6895219683647156,0.23992632,2.8802576,2.430622
4622,2.2512422,0.028315792,-0.15185349,0.45132113,0.8009745478630066,0.20497838,2.8264832,2.3192732
4623,2.3103106,-0.07100165,-0.2129223,0.5462737,0.6468241810798645,0.27764198,2.9256868,2.2724378
4624,2.212406,0.014332305,-0.23366953,0.46479055,0.8211647868156433,0.17865166,4.185141,2.342525
4625,2.1902857,0.013527027,-0.16139531,0.49609894,0.6851022243499756,0.27397534,4.1703687,2.7422388
4626,2.19749,-0.14434297,-0.12085299,0.5142576,0.7987947463989258,0.22002575,4.0323043,2.5450165
4627,2.2387571,-0.009021806,-0.25098643,0.41925946,0.7129830718040466,0.25049365,4.141627,2.6927636
4628,2.327394,0.031158539,-0.21844566,0.4504974,0.2920209467411041,0.2691804,2.3515549,2.0329914
4629,2.282611,0.026943004,-0.23060009,0.3631283,0.7430320978164673,0.21762195,3.0406,2.1225595
4630,2.1685488,0.04309349,-0.2785465,0.49509686,0.767047107219696,0.24643077,5.58208,2.8340755
4631,2.2466137,0.0023969894,-0.2374,0.3578113,0.7110000848770142,0.27484244,4.133188,2.4611619
4632,2.2910333,-0.105995044,-0.15565504,0.55271655,0.8283788561820984,0.16006842,2.822006,1.473073
4633,2.328127,-0.0061354083,-0.31007352,0.35015622,0.7874162197113037,0.2285486,2.9500847,2.782853
4634,2.1977823,0.06963062,-0.12118224,0.40597543,0.7193499207496643,0.23835404,3.2548385,1.7968482
4635,2.21445,-0.018140791,-0.20629103,0.49935654,0.7624991536140442,0.23152778,3.68511,2.7286096
4636,2.236019,0.058816057,-0.3538288,0.5163919,0.85,0.18449183,3.95036,2.438918
4637,2.3908136,-0.051328067,-0.24592507,0.44781166,0.3561980724334717,0.32606852,2.4558759,2.6195698
4638,2.209866,-0.0052875956,-0.27227867,0.46147415,0.7755931615829468,0.23215184,4.4601398,2.218857
4639,2.177836,0.04014495,-0.2514725,0.51105124,0.766411304473877,0.2611224,4.740151,2.7205136
4640,2.178814,-0.11606483,-0.25958464,0.5244156,0.7301334738731384,0.28286025,9.07873,2.8866496
4641,2.2968543,0.09140312,-0.23523638,0.47945145,0.5590600967407227,0.24423972,2.2475953,2.1567721
4642,2.2127602,-0.077269055,-0.2464504,0.56264406,0.7547175288200378,0.2505751,4.2091255,2.3510544
4643,2.1624763,0.09663742,-0.20353827,0.46421507,0.7773793935775757,0.25623542,4.108632,2.564402
4644,2.4325027,-0.076141,-0.23725784,0.5027049,0.3347548842430115,0.2919173,2.236166,2.6076
4645,2.1600797,0.015039017,-0.19429609,0.41249502,0.7244675755500793,0.26189983,5.3650293,2.9191835
4646,2.3396854,-0.059867606,-0.210994,0.41123444,0.7576661109924316,0.15562843,2.310743,1.2154543
4647,2.32561,-0.11401543,-0.31208408,0.52217525,0.8235033750534058,0.19093159,3.175227,1.9663293
4648,2.2639756,-0.011950906,-0.17471011,0.50983524,0.6974908709526062,0.2757388,2.6163278,2.631297
4649,2.2960641,-0.0010411502,-0.24229966,0.5251725,0.6727003455162048,0.27218732,3.009782,2.5995083
4650,2.1847203,-0.009378162,-0.1632017,0.55391115,0.8176279664039612,0.20743228,3.5437658,2.3696566
4651,2.3325865,-0.1087948,-0.27585852,0.77661717,0.8013424277305603,0.24353959,2.703355,2.4670558
4652,2.1859758,0.11488361,-0.20879966,0.47139654,0.6935462355613708,0.28971112,3.728388,2.8690946
4653,2.3237271,0.0041905097,-0.20735282,0.39435163,0.4481814205646515,0.27178824,2.3570042,2.067221
4654,2.271751,0.034814015,-0.2554026,0.40420878,0.8138651847839355,0.1971224,2.745647,1.9963204
4655,2.1761818,0.005818927,-0.18485431,0.47346038,0.6975762248039246,0.2684591,4.462122,2.7438567
4656,2.279182,-0.00847827,-0.21071015,0.48376238,0.7863187789916992,0.23348649,2.9391668,2.1934922
4657,2.1596496,0.011237237,-0.18989532,0.44318923,0.8151296377182007,0.2126051,5.340766,2.651857
4658,2.1981738,-0.04152154,-0.33529586,0.5122077,0.8043774366378784,0.24980521,7.2557955,2.4822006
4659,2.209741,-0.078685805,-0.26347896,0.47406256,0.7894251346588135,0.22735147,5.9646893,2.0541372
4660,2.377666,-0.074881285,-0.2745053,0.4172294,0.6161112785339355,0.24684355,2.5817657,2.3024654
4661,2.1342535,-0.047897454,-0.2330887,0.36166683,0.8113698959350586,0.26114434,11.165128,2.418929
4662,2.398554,-0.03532851,-0.29702312,0.3841807,0.509479820728302,0.28352946,2.4973216,2.2361782
4663,2.254808,-0.04617519,-0.27849203,0.55874926,0.7020196318626404,0.24764317,3.6120946,2.7539651
4664,2.4338906,-0.17519745,-0.20244676,0.52081007,0.5830246210098267,0.20769346,2.2839363,1.7932264
4665,2.1887436,0.0873053,-0.2073433,0.39545158,0.8394951820373535,0.195938,3.5136213,1.6829244
4666,2.4544084,-0.074358895,-0.38094616,0.4794892,0.39069393277168274,0.27743888,2.2571185,2.3218462
4667,2.3358629,-0.005923333,-0.22811402,0.46272302,0.6993231773376465,0.24252844,2.2658246,2.3721623
4668,2.4177167,-0.13485305,-0.3271318,0.5873522,0.7108296155929565,0.20476119,2.4290004,2.0956879
4669,2.167763,-0.060510974,-0.2796336,0.49055538,0.7844945788383484,0.2625583,8.068216,2.8492546
4670,2.0620933,-0.03838541,-0.06241777,0.36026,0.8029873967170715,0.27580532,8.754675,1.797457
4671,2.3200154,-0.17984962,-0.3023215,0.47449648,0.7909097075462341,0.2470001,4.40526,2.1807303
4672,2.328367,-0.05832073,-0.25769177,0.53541565,0.6234395503997803,0.29856518,2.9715092,2.5776465
4673,2.4035547,0.035705842,-0.3236859,0.41684443,0.3531653881072998,0.28273174,2.0902367,1.8269137
4674,2.0871975,0.020119041,-0.21796562,0.5856024,0.8384183049201965,0.25997284,8.620585,2.8755357
4675,2.3243911,-0.03931708,-0.2106767,0.45998895,0.5840947031974792,0.24043153,2.548125,1.6418035
4676,2.2563553,0.037824363,-0.20105673,0.5529067,0.7016259431838989,0.26787516,2.9352396,2.5317051
4677,2.3546252,-0.12471716,-0.31294158,0.46791717,0.767510175704956,0.2506615,3.691493,2.7468235
4678,2.3138723,-0.04189415,-0.24167414,0.492392,0.7872527241706848,0.22619765,3.004052,2.5309398
4679,2.3052714,-0.060314864,-0.23145658,0.52743214,0.5491057634353638,0.31782302,2.9464064,2.647013
4680,2.3136735,-0.31473172,-0.27857262,0.6147886,0.7403048276901245,0.2717854,6.122571,2.4771507
4681,2.3166487,-0.042080317,-0.15251958,0.3613088,0.6316298246383667,0.25662702,2.7136238,2.500874
4682,2.2422955,-0.019750321,-0.19745135,0.44260585,0.7899001240730286,0.2348371,3.30243,2.8223832
4683,2.1389365,0.07860511,-0.2835849,0.46473482,0.7220022082328796,0.28921443,7.3683853,2.8918502
4684,2.3604474,0.035590474,-0.27534378,0.4944983,0.6683740615844727,0.20044668,2.1938043,1.3840612
4685,2.3425438,-0.06468849,-0.26626262,0.5561799,0.7674444317817688,0.20570318,2.2942393,1.6042169
4686,2.247482,-0.058376767,-0.24996272,0.4501359,0.7984561324119568,0.20580228,4.1098895,2.33278
4687,2.3673942,0.008551136,-0.24060617,0.4437776,0.3970256745815277,0.24597885,2.1710062,2.033841
4688,2.178217,-0.05280385,-0.04783569,0.45274532,0.7656688690185547,0.22817712,3.6966817,1.9814445
4689,2.337871,-0.029658249,-0.31425506,0.49563158,0.6455882787704468,0.2670618,3.0418634,2.3555634
4690,2.2212574,0.014468311,-0.250265,0.45501393,0.7817559242248535,0.23463862,4.241795,2.5724614
4691,2.3336866,0.028496915,-0.304953,0.5093431,0.5683848261833191,0.25705314,2.635196,2.0540419
4692,2.345141,-0.040187255,-0.3128229,0.4858257,0.7827461361885071,0.22073124,3.0317302,1.7881614
4693,2.3659039,-0.06714821,-0.36234483,0.5429676,0.7608867287635803,0.23886015,3.0243304,2.1994221
4694,2.408294,0.012629506,-0.27954856,0.45776963,0.32153868675231934,0.1983621,2.0291786,1.5916651
4695,2.3400848,0.042015962,-0.38772604,0.51208454,0.8459647297859192,0.16116974,2.667061,1.9398887
4696,2.3018463,-0.10591669,-0.20851487,0.55030924,0.634584367275238,0.2846723,3.0582347,2.376211
4697,2.2657087,-0.03631279,-0.16041519,0.42471606,0.7796746492385864,0.24171768,3.0962377,2.4675333
4698,2.396346,-0.1367658,-0.28041974,0.51630837,0.6322671175003052,0.26341262,2.563279,2.5348208
4699,2.1207912,0.061033197,-0.17009574,0.50556123,0.7421278357505798,0.25550997,5.0173926,2.5030994
4700,2.1513057,-0.11192448,-0.14632945,0.47667953,0.7663446664810181,0.27327845,7.5256457,2.571616
4701,2.214084,-0.026752105,-0.15181218,0.45634767,0.7435832023620605,0.25476474,3.6689026,2.417838
4702,2.2548099,-0.046901982,-0.1938958,0.41866574,0.85,0.18846874,3.2928543,2.3392496
4703,2.3525133,0.041799534,-0.3678732,0.43835798,0.6857395172119141,0.25569502,2.6611516,2.7364173
4704,2.418801,-0.031333275,-0.3291729,0.42158657,0.5527255535125732,0.24962868,2.368271,1.911368
4705,2.2977562,0.03855667,-0.19315939,0.4601152,0.5875795483589172,0.20692241,2.3289294,1.8667896
4706,2.2649362,-0.07330875,-0.22038108,0.55484116,0.8238844871520996,0.2426246,3.6310077,2.7847273
4707,2.1598215,-0.066414505,-0.04674555,0.50771326,0.6874627470970154,0.28701034,4.1877913,2.7981434
4708,2.2991526,0.05243383,-0.16772358,0.3842957,0.7268074750900269,0.19610925,2.2594445,2.050502
4709,2.1934788,-0.10984449,-0.10984823,0.5319255,0.8203796148300171,0.207551,4.1779566,1.9596417
4710,2.1895971,0.13594365,-0.2919837,0.37433478,0.5751527547836304,0.33725476,4.4096303,2.8566844
4711,2.3214226,-0.045834374,-0.19576858,0.43818247,0.6720247864723206,0.19485232,2.41909,1.5603464
4712,2.3191397,0.04274139,-0.20970546,0.4322379,0.6293665170669556,0.24429709,2.238381,2.080064
4713,2.236869,0.057280052,-0.20233972,0.60267615,0.7774409055709839,0.23008323,3.0200462,2.767481
4714,2.1554027,0.023500217,-0.035817605,0.4968644,0.7486053705215454,0.23931326,3.3774107,2.6605096
4715,2.225927,0.06987551,-0.20234397,0.45713976,0.7257978320121765,0.2557738,3.344778,2.6817
4716,2.2988944,-0.090953656,-0.2643906,0.59723043,0.742582380771637,0.24824794,3.4906287,2.514192
4717,2.5797632,-0.21646044,-0.29123795,0.5828387,0.27720850706100464,0.20011733,2.0580418,1.9779291
4718,2.2469072,0.0061280183,-0.2284186,0.49098593,0.8088669776916504,0.2154458,3.6095138,1.9330863
4719,2.4055955,-0.121966265,-0.31801292,0.5252819,0.7290380001068115,0.17316875,2.497941,1.3901998
4720,2.2430713,0.15726894,-0.29480165,0.4551109,0.7460960745811462,0.25689057,3.0892575,2.5549352
4721,2.21752,0.009478297,-0.21663393,0.56965405,0.6729415655136108,0.26081505,3.7944918,1.9752797
4722,2.3287013,0.054579314,-0.2516598,0.3293138,0.57280033826828,0.28788266,2.4512787,2.3380775
4723,2.3355494,-0.03445763,-0.26646015,0.54334223,0.8017557263374329,0.17098883,2.5727382,1.9745848
4724,2.1577945,0.02522505,-0.19696647,0.5073358,0.6979143619537354,0.2658372,4.16013,2.8359287
4725,2.2979286,-0.17795885,-0.21165594,0.4810399,0.802848219871521,0.22968253,3.7682853,2.7856228
4726,2.2250164,-0.12219065,-0.25994927,0.5335453,0.8271756768226624,0.20902158,5.5229554,2.5511887
4727,2.1835089,-0.05898247,-0.19714852,0.45208237,0.825499951839447,0.21696082,4.7054935,2.5502942
4728,2.3628647,-0.014406051,-0.26422524,0.4564275,0.6042319536209106,0.18783525,2.090314,1.5050952
4729,2.2176676,-0.01885973,-0.115137465,0.3606725,0.7901310920715332,0.20593049,3.5291433,2.6226509
4730,2.1751537,0.026359444,-0.14472613,0.4454837,0.811495304107666,0.2238223,3.8762114,1.9833525
4731,2.3437774,-0.09351048,-0.2952073,0.49588832,0.8048422932624817,0.18823719,3.2583861,2.125563
4732,2.3423965,-0.026768474,-0.34470806,0.51695323,0.6250777244567871,0.3047301,3.2653267,2.6213577
4733,2.185697,-0.044498168,-0.18426703,0.5463971,0.6808760166168213,0.28134382,4.4737554,2.0390968
4734,2.1941378,-0.044727147,-0.12616317,0.46989876,0.7191289663314819,0.27378544,3.7617433,2.7735806
4735,2.3298783,-0.08181315,-0.21277735,0.4375579,0.7317379713058472,0.24070226,3.0278413,2.5073416
4736,2.1307337,0.020346217,-0.08825128,0.35878703,0.7894363403320312,0.23244244,4.592541,2.1303577
4737,2.1856883,-0.07493445,-0.052641217,0.42933282,0.8166199922561646,0.22313546,3.7746942,2.4078796
4738,2.3282533,0.007324499,-0.29997316,0.43823805,0.7004782557487488,0.2249533,2.9563391,1.9340756
4739,2.3100584,-0.05123156,-0.24010558,0.38143632,0.7106090188026428,0.23168209,3.0194826,1.7795881
4740,2.250929,-0.082160875,-0.20615923,0.5476317,0.6551620960235596,0.2814398,3.5465276,2.2653465
4741,2.4224193,-0.042738836,-0.3572224,0.43359527,0.7196383476257324,0.2435992,2.5028281,2.4003458
4742,2.3218234,0.042831276,-0.25955158,0.34013999,0.6918083429336548,0.22146589,2.5876896,2.3395727
4743,2.188397,-0.015209068,-0.17631902,0.54407144,0.8026246428489685,0.21281947,3.8272016,2.704238
4744,2.2332685,0.033523478,-0.2112393,0.4639448,0.8124395608901978,0.20788595,3.3320682,2.5565512
4745,2.4915679,-0.043719333,-0.24536219,0.40572387,0.2463492453098297,0.2331722,2.1902328,1.9259406
4746,2.3794615,-0.04032751,-0.26253024,0.44206518,0.8300718069076538,0.20061146,2.0667877,1.5166488
4747,2.383698,-0.14222342,-0.30396998,0.52442884,0.5848472714424133,0.32257968,3.0952766,2.620087
4748,2.3402174,-0.16194953,-0.3073915,0.59985846,0.85,0.16050303,2.9887207,1.9168622
4749,2.2446742,0.027765473,-0.40505517,0.43852141,0.7794458270072937,0.257757,5.3257036,2.5828228
4750,2.368444,-0.016231053,-0.28278947,0.34913772,0.6815224885940552,0.2425793,2.6917148,2.1829221
4751,2.1961787,0.043964133,-0.20402324,0.4009179,0.8396844267845154,0.19587274,3.9858136,2.5869036
4752,2.3352652,-0.13098602,-0.27612323,0.4017771,0.6593590378761292,0.26576865,3.3405623,2.6323676
4753,2.1666644,0.10082164,-0.2848768,0.33831838,0.8276290893554688,0.21290931,4.9180813,2.8611143
4754,2.3885183,-0.03400462,-0.3027194,0.38826215,0.5422255396842957,0.2759312,2.6410868,2.1684756
4755,2.3135462,0.0665162,-0.221393,0.3849492,0.6089069843292236,0.22515778,2.3067129,2.1546874
4756,2.216528,-0.044043474,-0.08852131,0.4643411,0.8262850642204285,0.17473428,3.3081877,2.044956
4757,2.2091613,-0.00896385,-0.22582056,0.49891666,0.7198039293289185,0.260587,4.3437366,2.511347
4758,2.3439357,-0.095349826,-0.39464298,0.66946095,0.6284767985343933,0.29367808,3.3328059,2.6979778
4759,2.2934813,0.0617867,-0.37774312,0.42842153,0.8285724520683289,0.19019201,3.6625385,2.1945837
4760,2.2974284,-0.06733923,-0.24232826,0.37632683,0.7343836426734924,0.2413447,3.1711428,2.7933445
4761,2.0897973,-0.024656953,-0.08899748,0.55339265,0.7216984033584595,0.27163714,6.492319,2.8652604
4762,2.3388414,-0.12088603,-0.25491905,0.49979958,0.772560715675354,0.23189448,3.0464365,2.137859
4763,2.2235556,0.033092964,-0.22509377,0.47127557,0.6550474166870117,0.28115028,3.7833903,2.8584611
4764,2.1817293,0.12220901,-0.13074128,0.4874157,0.7485188841819763,0.24822351,3.0504463,2.5838938
4765,2.2338228,-0.009051977,-0.16886868,0.4659317,0.8121656179428101,0.1975302,3.1848564,1.6518252
4766,2.3411052,-0.16190937,-0.3264023,0.48797753,0.85,0.12840584,2.7211103,1.6496023
4767,2.3826532,-0.1854862,-0.25138986,0.5191778,0.7377006411552429,0.2448366,2.9341202,2.2172318
4768,2.2322748,-0.050425492,-0.11976458,0.44814152,0.7702874541282654,0.25694567,3.4964435,2.8096082
4769,2.2125885,0.056264177,-0.15726976,0.3461228,0.7866047024726868,0.2145426,3.457194,2.4380224
4770,2.4373229,-0.07692869,-0.38161328,0.40507504,0.675990641117096,0.2353996,2.7094376,2.5605774
4771,2.2947176,0.0112819625,-0.28304115,0.43474156,0.8123990297317505,0.1853417,3.193301,1.9494381
4772,2.290514,-0.054307867,-0.12370679,0.54413694,0.7082840204238892,0.1969656,2.4549272,2.014693
4773,2.1226,-0.0471694,-0.1912116,0.44174257,0.6975322961807251,0.32519802,9.81868,2.7326405
4774,2.3078883,0.099262185,-0.29740083,0.45266533,0.806310772895813,0.15069139,2.4937315,1.539734
4775,2.2615352,0.0018758232,-0.2072084,0.45203015,0.7264798283576965,0.2662787,3.3273778,2.548556
4776,2.3936243,-0.04468727,-0.4514114,0.44191396,0.7785915732383728,0.22089127,3.0986025,2.4498541
4777,2.3879886,-0.1643117,-0.42327717,0.6023723,0.7717512249946594,0.2439894,3.606458,2.383532
4778,2.2650754,0.007153256,-0.25225756,0.3593109,0.7837183475494385,0.20411368,3.1914718,2.615197
4779,2.214308,-0.011108801,-0.29796493,0.55853903,0.8220521211624146,0.19846566,4.2994127,2.0791736
4780,2.2700408,-0.07980203,-0.26167807,0.47005042,0.7950156331062317,0.22118807,3.9221199,2.4779696
4781,2.295885,-0.02304226,-0.23910719,0.3113513,0.6791020035743713,0.25979263,3.4443617,2.7946322
4782,2.206697,-0.047367994,-0.26716197,0.5058013,0.7808265089988708,0.23828948,4.9077926,2.720568
4783,2.1772377,0.098002434,-0.26251033,0.45187414,0.7747236490249634,0.24210379,4.582434,2.4554825
4784,2.2006938,0.063850924,-0.23218068,0.30320904,0.85,0.15948425,3.4911046,2.4369767
4785,2.283628,-0.20044136,-0.3395661,0.6423483,0.7443493008613586,0.24362804,5.4645114,2.0209925
4786,2.171561,-0.049230766,-0.15466246,0.46862662,0.7320866584777832,0.24727228,4.3235264,2.6569886
4787,2.269778,-0.04552597,-0.32024708,0.48729792,0.7856094837188721,0.22314245,4.342184,2.6827083
4788,2.2763066,-0.06424425,-0.27502185,0.4784479,0.8158081769943237,0.19541776,3.9778085,2.2911494
4789,2.4007955,-0.1421239,-0.2726363,0.50987244,0.5935794711112976,0.27095914,2.796286,2.613605
4790,2.2318158,-0.04209778,-0.27510095,0.44717044,0.8314844369888306,0.19655244,4.4995513,2.7661083
4791,2.3492172,-0.018099846,-0.25815183,0.49988297,0.3708435893058777,0.3047052,2.4064512,2.358797
4792,2.316017,-0.076790035,-0.259386,0.5251134,0.6860038638114929,0.27227092,3.2202497,2.3123071
4793,2.3320775,-0.0693834,-0.30546203,0.5077521,0.8276479244232178,0.21701488,3.0384843,2.5108247
4794,2.4461772,-0.09121324,-0.32133108,0.47493732,0.8032222986221313,0.105922535,2.0619695,1.271453
4795,2.203431,-0.11781612,-0.2767472,0.60288036,0.7600407004356384,0.23986265,6.251555,2.2958367
4796,2.27504,-0.068706155,-0.22219095,0.50903535,0.7034680247306824,0.24979004,3.425791,1.9622517
4797,2.331236,-0.04469168,-0.25328907,0.43186498,0.5165681838989258,0.29129818,2.9614346,2.5325289
4798,2.2545407,0.0030830908,-0.30612925,0.38907915,0.7784541249275208,0.22862785,4.1858006,2.3278406
4799,2.2675028,0.10423237,-0.20111117,0.41688797,0.6838855147361755,0.2418975,2.3718672,2.6638381
4800,2.2185273,0.01334783,-0.177997,0.44548804,0.8205325603485107,0.18797518,3.4776623,2.3236318
4801,2.1790183,0.057459097,-0.1464619,0.3950379,0.85,0.12872791,3.1824079,1.6242993
4802,2.2443314,0.040755164,-0.29222086,0.5247511,0.732082188129425,0.2532833,3.6003196,2.5499108
4803,2.164007,0.016045555,-0.14002429,0.43964985,0.85,0.1578463,3.4134443,2.057309
4804,2.3270903,0.006930156,-0.2540433,0.46033245,0.7611328959465027,0.21203455,2.7236772,2.0612845
4805,2.2634323,0.02697859,-0.23557524,0.51995546,0.7277299761772156,0.25817397,3.0937183,2.7090147
4806,2.3885143,-0.052649144,-0.25530958,0.41669527,0.5686206817626953,0.24593467,2.4620564,2.5022264
4807,2.4003668,-0.047989264,-0.3390427,0.42861736,0.6879058480262756,0.12670606,2.251964,1.2204615
4808,2.1464972,-0.020391088,-0.06331465,0.48286015,0.6060038208961487,0.32300028,4.2941923,2.8409705
4809,2.3165236,0.010561532,-0.29419127,0.47970557,0.7854398488998413,0.18613683,2.3157685,1.872637
4810,2.3747644,-0.05843102,-0.37610102,0.42902395,0.7426550388336182,0.23983729,3.1941447,2.4439683
4811,2.2307897,0.0028012262,-0.28514743,0.43323693,0.8159302473068237,0.20418525,4.1241736,2.32744
4812,2.3520844,0.049157053,-0.3679654,0.41313982,0.5823869109153748,0.286366,2.8412874,2.732143
4813,2.2627642,-0.05794531,-0.18260759,0.48456958,0.7258775234222412,0.2524958,3.280705,2.5598586
4814,2.0949821,0.021141851,-0.17112175,0.5102636,0.7896424531936646,0.2545619,7.1285386,2.2674804
4815,2.251354,-0.0058498317,-0.274371,0.41446978,0.696901798248291,0.2845331,4.0036063,2.8379748
4816,2.3068185,-0.09237074,-0.28425357,0.5532256,0.8440465927124023,0.21296377,3.247712,2.4512324
4817,2.3820643,-0.1299353,-0.3002574,0.53771484,0.5861132740974426,0.3035108,3.0436692,2.6719034
4818,2.3159082,-0.052996583,-0.26498154,0.43253902,0.7203489542007446,0.2562287,3.547025,1.8393878
4819,2.3045793,-0.100213185,-0.1982329,0.45869243,0.7011556029319763,0.25231338,3.4478521,2.6515808
4820,2.3913283,-0.07424051,-0.37769103,0.58269113,0.7249765396118164,0.24664807,2.9113774,2.3435662
4821,2.2508194,-0.02545925,-0.20936576,0.4361808,0.7610781788825989,0.2442896,3.90921,2.4589388
4822,2.398492,0.051787626,-0.2693039,0.44343615,0.48036903142929077,0.25599328,2.1422775,2.6132426
4823,2.3904855,-0.05293286,-0.3188002,0.3742859,0.7178984880447388,0.22729783,2.6620915,2.0840194
4824,2.425318,-0.02017316,-0.41213572,0.50357825,0.7694977521896362,0.16204342,2.3238914,1.4863944
4825,2.406284,-0.20806964,-0.3100265,0.43088004,0.7316383719444275,0.27130157,3.3324685,2.4662542
4826,2.2308853,-0.08390561,-0.20528768,0.37584922,0.8294152021408081,0.22060479,4.89547,2.471908
4827,2.302911,-0.040904056,-0.2572717,0.45712334,0.7387820482254028,0.26152807,2.8565176,2.8800142
4828,2.3194427,-0.10715957,-0.33989587,0.522495,0.7583479285240173,0.22435994,3.510889,2.6417875
4829,2.2811565,0.0380253,-0.21172659,0.39415392,0.8044719696044922,0.21320386,3.0809498,2.8371248
4830,2.153675,0.06365577,-0.14692515,0.4666425,0.6903316378593445,0.2850198,4.3965535,2.7609553
4831,2.1967854,-0.00046020042,-0.16276889,0.45032856,0.739041805267334,0.24441046,3.9851384,2.538175
4832,2.3295746,-0.075150065,-0.22910124,0.4906167,0.7399290800094604,0.24467914,2.7616692,2.2722635
4833,2.235941,0.038057383,-0.13328137,0.51147145,0.6012457609176636,0.30117378,3.2207031,2.7101955
4834,2.285641,-0.08141918,-0.25415093,0.49708325,0.735921323299408,0.2622863,3.6193604,2.3757322
4835,2.3451912,-0.013815514,-0.21269824,0.48459342,0.24066467583179474,0.26168495,2.3650951,2.3038728
4836,2.3271086,-0.0927765,-0.30023187,0.40275395,0.712051510810852,0.28493944,3.4460218,2.6526182
4837,2.2198513,-0.053966008,-0.2828418,0.51278657,0.7565184235572815,0.25645393,5.1634817,2.7841172
4838,2.1605265,0.08584769,-0.17560738,0.3987606,0.8124825954437256,0.23993091,4.3847666,1.9238265
4839,2.2657654,-0.03520952,-0.20322347,0.47650647,0.6332994699478149,0.2977783,3.4527278,2.8272288
4840,2.344399,0.008926192,-0.21564287,0.4646458,0.6972994804382324,0.22342384,2.0952675,2.1990523
4841,2.1293683,-0.06152501,-0.13667808,0.4537119,0.845975399017334,0.24155948,6.3011603,2.3954616
4842,2.3617668,-0.061678506,-0.2534654,0.41997468,0.596632719039917,0.2662544,2.402561,2.2709527
4843,2.243352,-0.003548347,-0.14678735,0.43669444,0.8299298882484436,0.1832489,3.02781,2.4420373
4844,2.377423,-0.034911405,-0.34921125,0.5100697,0.7726365327835083,0.18932964,2.5098944,2.0563395
4845,2.3072846,-0.0061817253,-0.2817449,0.37679344,0.7067870497703552,0.23706636,3.3481572,2.3619843
4846,2.268284,-0.045780756,-0.17334124,0.42071635,0.8024394512176514,0.19644152,3.0409944,1.93033
4847,2.4293733,0.04043068,-0.365577,0.42317185,0.22227659821510315,0.3176958,2.096408,2.5610065
4848,2.1872354,-0.00810091,-0.10652682,0.4766393,0.766025722026825,0.22544768,2.8799794,2.64938
4849,2.2756243,0.0114883445,-0.2884532,0.42592055,0.7685847878456116,0.23747034,3.4781053,2.1637993
4850,2.4033418,-0.10168016,-0.28317028,0.5812428,0.7164305448532104,0.19193986,2.180021,1.6788777
4851,2.165273,0.047999397,-0.255858,0.44739637,0.674888014793396,0.28313553,5.4963436,2.7611341
4852,2.2718673,-0.06959515,-0.22828704,0.37652776,0.8205778002738953,0.2183834,3.7952523,2.3575988
4853,2.1668227,0.007848903,-0.2053002,0.40420833,0.8422943949699402,0.19718556,5.4426675,2.8188696
4854,2.325061,-0.063387856,-0.22834791,0.54889834,0.616848886013031,0.27633044,2.9506485,2.6331973
4855,2.3482838,-0.03665887,-0.287632,0.47347662,0.7389112710952759,0.2208676,2.5775115,2.3482797
4856,2.3316264,-0.10167318,-0.32794312,0.51340246,0.6518329977989197,0.2718642,3.5656154,2.353578
4857,2.188167,0.015168269,-0.19386038,0.41180682,0.7217429876327515,0.24086855,4.478444,2.6146796
4858,2.3365517,-0.029669154,-0.17513756,0.46810275,0.7257469296455383,0.18030852,2.2340462,1.513308
4859,2.3463786,-0.099117674,-0.34716374,0.40972158,0.85,0.15863988,3.4107316,1.7382627
4860,2.2084308,-0.069113776,-0.20626418,0.44007286,0.85,0.20972842,4.8177085,2.6389275
4861,2.222305,0.004506885,-0.19494522,0.4128803,0.7594131827354431,0.26581883,3.977467,2.744413
4862,2.2899246,-0.039269883,-0.24427915,0.44878042,0.745274007320404,0.225559,2.8277228,2.0726535
4863,2.2268806,0.036362357,-0.10416605,0.41865608,0.85,0.1333908,2.3999774,1.2674937
4864,2.3362954,-0.09832421,-0.35624993,0.59628224,0.85,0.12447406,2.8457282,1.20444
4865,2.4479504,-0.03594115,-0.32330233,0.5910796,0.387901246547699,0.2854055,2.146215,2.5487354
4866,2.3510928,-0.10134695,-0.27715802,0.37408233,0.7032840847969055,0.24311936,3.047114,1.994
4867,2.37932,0.005921176,-0.35473648,0.38340667,0.6438934803009033,0.25446048,2.6658618,1.8943039
4868,2.147296,0.05814231,-0.2703454,0.4068405,0.8348032832145691,0.21105659,6.1956673,2.266193
4869,2.2271261,-0.0019900952,-0.19801904,0.46936238,0.8002390265464783,0.22931112,3.2565691,2.0704393
4870,2.2532449,0.08668557,-0.14870015,0.38716385,0.6868936419487,0.23401558,2.4700136,2.336736
4871,2.3566031,-0.14926462,-0.2751849,0.4158828,0.7347350120544434,0.26057142,3.266481,2.5829413
4872,2.1916726,-0.029467141,-0.15235071,0.49229068,0.7986702919006348,0.19592296,3.9412363,1.9476045
4873,2.4295533,-0.08395392,-0.21718699,0.4738745,0.6320320963859558,0.20105095,2.0644155,2.6077683
4874,2.3271158,0.05817862,-0.1975935,0.38093457,0.5684200525283813,0.19999376,2.3673966,1.8706906
4875,2.2463105,0.078316905,-0.276356,0.43301317,0.7951259016990662,0.21980442,3.4859612,2.3269558
4876,2.313688,-0.17683145,-0.21339856,0.5295584,0.85,0.15574606,3.219117,2.1958134
4877,2.2773361,-0.036184467,-0.27374312,0.48194116,0.7508538961410522,0.25014737,3.8409147,2.6443596
4878,2.1385868,-0.023938239,-0.2547231,0.46880013,0.7110044956207275,0.28612295,8.460458,2.7350683
4879,2.307707,-0.0646891,-0.2820871,0.48117736,0.7667917609214783,0.24166521,3.4033618,2.6524975
4880,2.271402,-0.18431382,-0.17410718,0.5517467,0.7319507002830505,0.26015073,4.068798,2.6983325
4881,2.3883054,-0.120818,-0.37475404,0.65518844,0.8042268753051758,0.13285773,2.2174916,1.1415275
4882,2.3386686,-0.044681374,-0.34162402,0.6064594,0.7828457355499268,0.22613561,2.8758187,2.4718864
4883,2.342077,-0.09326397,-0.2223384,0.42928556,0.7080536484718323,0.24440427,2.7423735,2.2526362
4884,2.1054344,-0.0074930554,-0.24422826,0.43160892,0.8052276372909546,0.2737033,11.4629,2.5886056
4885,2.3392022,0.030002667,-0.28235266,0.5871304,0.6057625412940979,0.23418215,2.4225276,1.6602682
4886,2.3478951,-0.07503848,-0.24948514,0.5694212,0.6662232279777527,0.25004923,2.6082678,2.032958
4887,2.2892756,0.07613592,-0.24521561,0.4403887,0.8000844120979309,0.13122492,2.4794714,1.6974409
4888,2.2075636,0.012953167,-0.1252853,0.467081,0.85,0.14146653,2.7190921,1.546965
4889,2.3476412,0.053793516,-0.20634715,0.51757634,0.38177603483200073,0.29999933,2.127116,2.6837993
4890,2.31201,-0.14641899,-0.25137904,0.6254974,0.7395416498184204,0.23882353,3.3172522,2.5642257
4891,2.2237995,-0.048243582,-0.07277943,0.51098496,0.7338567972183228,0.2599787,2.8893707,2.4605522
4892,2.1505234,0.031229584,-0.15866949,0.41215232,0.7881737351417542,0.23431155,4.429961,2.6580887
4893,2.2544289,-0.074361555,-0.21577205,0.4047914,0.7735801339149475,0.20721325,3.7416732,2.3775938
4894,2.2469363,-0.0049338625,-0.17526607,0.477981,0.7815538048744202,0.21643381,3.310043,2.6678462
4895,2.3378274,0.0051481905,-0.338645,0.5998884,0.7418966293334961,0.24549378,2.7881622,2.697553
4896,2.34557,-0.04133871,-0.23957698,0.4946602,0.7950924634933472,0.1823371,2.2772057,1.6148517
4897,2.153452,0.08741486,-0.11518353,0.42207944,0.7958860397338867,0.21506312,3.6055443,2.522389
4898,2.408212,-0.23198535,-0.21183546,0.4074765,0.8039684891700745,0.1893512,2.500788,1.4219471
4899,2.310895,0.055401474,-0.321624,0.51916355,0.6103810667991638,0.28806195,2.7359135,2.7212934
4900,2.1763208,-0.06863052,-0.26579344,0.40577024,0.8054425120353699,0.24511641,8.63609,2.7626529
4901,2.2658727,0.014998032,-0.2073209,0.44519973,0.743719756603241,0.25497043,3.1150618,2.704113
4902,2.2974524,0.1136725,-0.17721929,0.50516987,0.4128473103046417,0.27885735,2.1628385,2.5722332
4903,2.2679272,0.08144015,-0.23766598,0.4600153,0.7477571964263916,0.2476229,2.8138804,2.7145543
4904,2.1375666,5.5774508e-05,-0.10140313,0.3761013,0.7807496786117554,0.2207373,4.9933934,2.1719704
4905,2.349446,-0.1199656,-0.21005459,0.4449091,0.5168524980545044,0.30035415,2.8039463,2.5905638
4906,2.3877106,0.034198094,-0.32454324,0.36158293,0.6101024746894836,0.22624138,2.3320954,2.1273606
4907,2.1420352,0.026178628,-0.14243707,0.58115065,0.8004741668701172,0.21770005,4.5168405,2.7226193
4908,2.2694902,-0.04420886,-0.3519583,0.38482141,0.810924768447876,0.22284617,4.982374,2.5631883
4909,2.1725392,-0.030768912,-0.21090184,0.4735168,0.7889512181282043,0.22166918,5.92044,2.2150116
4910,2.2573962,0.08870107,-0.27324387,0.44651365,0.7662116885185242,0.23087163,3.074456,2.064839
4911,2.1842432,-0.017833835,-0.16690789,0.37557122,0.8069888353347778,0.23472877,5.050018,2.7715464
4912,2.3503466,-0.0375676,-0.3746173,0.55783373,0.7825194001197815,0.20717408,2.8370516,2.2713544
4913,2.2655313,0.012165501,-0.18938461,0.31775424,0.5734873414039612,0.28613776,3.443151,2.890905
4914,2.1980405,0.0070134117,-0.1203108,0.39898592,0.7448418736457825,0.23994839,3.6395373,2.4319227
4915,2.1526167,-0.03348411,-0.13391912,0.40162075,0.8156819939613342,0.21241291,5.4532275,2.1111388
4916,2.271576,-0.05575835,-0.35882235,0.5259892,0.8050862550735474,0.23672041,4.213367,2.305025
4917,2.297723,-0.182186,-0.19524308,0.5157726,0.795543372631073,0.23022085,3.474022,2.5901048
4918,2.304213,0.08881461,-0.22857903,0.3499391,0.7073915600776672,0.23106745,2.26238,1.5222799
4919,2.3418,0.02358773,-0.16919257,0.52683234,0.5006440281867981,0.23595555,2.0885797,1.9094213
4920,2.1980166,0.026239695,-0.35793567,0.53129894,0.7479474544525146,0.2561873,5.8405137,2.6093807
4921,2.3443823,-0.051024187,-0.28158998,0.4909613,0.6669586896896362,0.24470913,2.9663134,2.6393683
4922,2.305626,-0.13266121,-0.34997335,0.5693552,0.8231774568557739,0.19153787,3.9713678,2.3266225
4923,2.2573671,-0.091626056,-0.28331697,0.62389654,0.8100308179855347,0.22333424,4.173023,2.6880128
4924,2.2495253,-0.119070224,-0.24341471,0.46910372,0.7945302128791809,0.23130414,4.817949,2.3454528
4925,2.3832333,-0.035093877,-0.2506397,0.43936694,0.20850041508674622,0.18087241,2.155086,1.7776533
4926,2.3945518,-0.12618561,-0.27798557,0.5021725,0.756100058555603,0.19749272,2.555182,1.9295785
4927,2.258685,-0.00922855,-0.16759652,0.45126536,0.6873229146003723,0.26849434,2.8153539,2.2412937
4928,2.3635936,-0.11596884,-0.2712395,0.45214197,0.67059725522995,0.24890535,2.8467665,2.6361804
4929,2.356008,-0.043920547,-0.21885325,0.47867,0.49081915616989136,0.25080574,2.1481345,1.852079
4930,2.0888288,-0.0070704403,-0.16485113,0.311034,0.828057050704956,0.24895288,11.000986,1.4900296
4931,2.2533486,0.041476097,-0.25367856,0.4447637,0.7228162288665771,0.24205762,3.1730938,2.029674
4932,2.3198533,-0.07231543,-0.21182549,0.5340108,0.5021928548812866,0.3273912,3.0605624,2.832083
4933,2.3278017,0.0107750585,-0.2508037,0.33040625,0.7143096923828125,0.15939121,2.379602,1.0090718
4934,2.3826292,-0.07617441,-0.26288736,0.44202313,0.5504044890403748,0.27169108,2.6830192,2.380559
4935,2.2672405,0.0012141992,-0.19784318,0.3587199,0.6485338807106018,0.25078785,3.3237495,2.7955265
4936,2.3074057,-0.058480613,-0.26063833,0.5651927,0.7055689692497253,0.22813946,2.944537,1.9314489
4937,2.377318,-0.014910373,-0.27804616,0.3237749,0.6361545324325562,0.23231216,2.5263753,2.3133252
4938,2.3997493,-0.003093481,-0.25572503,0.38977844,0.5522950291633606,0.22201179,2.2308207,2.3139787
4939,2.2257679,-0.025112014,-0.25901607,0.5355452,0.747643232345581,0.23171315,4.2395334,1.9205515
4940,2.219962,0.06857466,-0.310079,0.4412204,0.7783553004264832,0.24759685,4.4337835,2.8007686
4941,2.3391242,-0.060986675,-0.21882342,0.46990207,0.5990301370620728,0.25144282,2.5968094,1.7881186
4942,2.3046646,-0.10402012,-0.26290807,0.44573057,0.7739770412445068,0.2388017,3.4461203,1.6416421
4943,2.2722216,-0.012540522,-0.22180305,0.5807123,0.8365968465805054,0.18759619,2.841937,1.7579681
4944,2.126804,0.03953125,-0.18497086,0.48473832,0.79634028673172,0.23161224,5.609543,2.5446813
4945,2.1758156,-0.09129381,-0.14832306,0.44199067,0.7786216139793396,0.2588851,5.6470385,2.0913582
4946,2.1940787,0.030121272,-0.2505655,0.456573,0.8012001514434814,0.20492777,4.2877083,2.0409284
4947,2.1403239,0.016572652,-0.19658144,0.4231539,0.682536244392395,0.30100173,5.7200255,2.6580408
4948,2.2134526,0.02307195,-0.21053451,0.48949778,0.8096285462379456,0.20396857,3.604622,2.0051045
4949,2.2395592,-0.001917766,-0.20230393,0.39512125,0.7488059997558594,0.24154362,3.662424,2.1358306
4950,2.2217038,-0.038407438,-0.2131894,0.48296586,0.7978379726409912,0.21647432,4.0726748,2.2572057
4951,2.4140837,-0.04136194,-0.30600783,0.4927559,0.4175221621990204,0.2583094,2.2519033,2.3021681
4952,2.2389154,0.08829241,-0.33489433,0.44837964,0.8299158811569214,0.18705592,3.4688244,2.2687054
4953,2.400679,-0.123377554,-0.2504792,0.5983646,0.3596470355987549,0.2610173,2.313248,1.9778014
4954,2.1925187,-0.016717415,-0.29567838,0.50030035,0.7827436923980713,0.23540343,5.4248476,2.1814249
4955,2.318907,-0.020873934,-0.2932608,0.49177384,0.7081853151321411,0.26551077,2.9245257,2.8233967
4956,2.3384392,0.009382789,-0.34156302,0.44728336,0.8114101886749268,0.20282729,2.6388276,2.1194308
4957,2.2594697,-0.0050143274,-0.25744867,0.42875597,0.7894009351730347,0.22425385,3.5455089,2.5578532
4958,2.2026124,-0.122847684,-0.062590204,0.41745466,0.85,0.18910222,3.855788,2.7158093
4959,2.2039042,0.07594365,-0.19095829,0.485551,0.7283186912536621,0.27335483,3.3519614,2.6401613
4960,2.3885806,-0.04047826,-0.39076814,0.5315485,0.7662699818611145,0.18319261,2.4668064,1.7695054
4961,2.2479959,-0.18588182,-0.19317505,0.4408579,0.7422720193862915,0.26879165,4.6958866,2.6913202
4962,2.328118,-0.00058345165,-0.23814312,0.4686094,0.7707515358924866,0.20978943,2.278876,1.8638808
4963,2.2692184,0.020648539,-0.18296605,0.41254026,0.6790115833282471,0.22697021,2.6563628,2.3019803
4964,2.2940912,-0.015320708,-0.14409177,0.56278336,0.6863469481468201,0.24190314,2.3829014,2.0069966
4965,2.1958437,0.056609664,-0.19282632,0.3839336,0.7802569270133972,0.22828422,3.9108827,2.564437
4966,2.1779377,0.007163806,-0.16579312,0.4566686,0.7247859835624695,0.2506111,3.9544876,2.4595242
4967,2.1243892,0.07189404,-0.20446335,0.37282813,0.7120948433876038,0.283292,6.189125,2.4903307
4968,2.278179,-0.05061938,-0.26406643,0.41531202,0.7565914988517761,0.23406062,3.6390703,2.631319
4969,2.3401954,-0.026514519,-0.3058225,0.5213162,0.7280495762825012,0.23797381,2.8968477,2.2319791
4970,2.4176261,-0.10818809,-0.33828723,0.4731519,0.571470320224762,0.28991675,2.6277916,2.7784154
4971,2.2636957,-0.023235425,-0.26344568,0.43301767,0.8416794538497925,0.20216538,3.6504667,2.4488454
4972,2.225076,0.07439711,-0.1967281,0.44432113,0.8449212312698364,0.18107077,2.9354155,2.0520365
4973,2.2704556,-0.07804671,-0.2202271,0.37361878,0.7496300935745239,0.2558217,3.9197674,2.878967
4974,2.1854541,0.05277919,-0.05534527,0.4304257,0.7473587989807129,0.2558443,3.1529493,1.9779475
4975,2.2016735,0.10005994,-0.280452,0.46518877,0.7700850367546082,0.23076092,3.9285414,2.7775948
4976,2.345772,0.0341441,-0.27503842,0.43136927,0.748585045337677,0.12136799,2.3723664,1.2362288
4977,2.3046117,0.021935156,-0.30096474,0.34996042,0.8079100847244263,0.1919507,3.3048923,1.9714924
4978,2.3136315,-0.005250029,-0.2203267,0.4527613,0.6429513096809387,0.23749495,2.7640543,2.093908
4979,2.3271728,-0.03379364,-0.21762092,0.49680248,0.8357648849487305,0.15809005,2.2040725,2.4903584
4980,2.1773126,0.041297793,-0.16503231,0.4814997,0.7526699304580688,0.2329707,3.6020424,2.5383425
4981,2.2183914,-0.070794255,-0.2939903,0.57952005,0.717498242855072,0.27188605,4.8855433,2.3312902
4982,2.4119396,-0.06450292,-0.21225436,0.48499545,0.4054625630378723,0.19140977,2.0710611,1.4518156
4983,2.1561878,0.017159225,-0.115323596,0.42239252,0.8392269015312195,0.22764055,3.807641,2.6719747
4984,2.315915,0.0061183055,-0.20868938,0.5660438,0.5953798890113831,0.21500567,2.4150064,2.0087733
4985,2.2508845,-0.09309406,-0.2665945,0.45313346,0.85,0.18223584,4.167186,2.6586185
4986,2.3906863,-0.097141795,-0.2773998,0.5123454,0.537612795829773,0.22603184,2.433768,1.7643552
4987,2.3768978,-0.03767214,-0.25454235,0.41077626,0.4688997268676758,0.2329397,2.249113,1.7713376
4988,2.239048,-0.05854234,-0.37624115,0.51462466,0.7128394246101379,0.28285447,5.757273,2.8679042
4989,2.318989,-0.09885668,-0.3348852,0.5359075,0.8355944156646729,0.18934712,3.4486976,1.9269398
4990,2.327634,-0.057689004,-0.30550897,0.54813695,0.85,0.1760588,2.7247546,1.7452596
4991,2.214141,-0.070298426,-0.27782562,0.47086328,0.8018727898597717,0.2090681,5.612746,2.1231651
4992,2.267834,-0.008930874,-0.3124043,0.45626792,0.8106027841567993,0.2049631,3.8821902,2.2883086
4993,2.302952,-0.16969916,-0.33380735,0.5275969,0.7593326568603516,0.25291476,4.906711,2.8861313
4994,2.140268,0.118002824,-0.19757317,0.43483183,0.85,0.21466716,4.180828,2.3122585
4995,2.217624,-0.06144034,-0.13306983,0.49785492,0.675083577632904,0.29495212,3.8465567,2.5602136
4996,2.220377,-0.013366188,-0.27627212,0.46107018,0.7986811399459839,0.22307168,4.294265,2.75175
4997,2.2234867,0.04838655,-0.17103146,0.38284835,0.7988457083702087,0.21186042,3.3588016,1.5350823
4998,2.3382428,-0.07124659,-0.27830428,0.49875832,0.639815628528595,0.2651573,3.2521338,2.0187821
4999,2.3636167,-0.06733544,-0.2508922,0.5013472,0.4597303569316864,0.23888701,2.1468987,2.3576474
5000,2.195955,0.081340484,-0.23549001,0.4072442,0.7941375374794006,0.222028,4.1605926,2.878833
5001,2.285231,-0.030916201,-0.24217156,0.41331244,0.7943001389503479,0.2065547,3.1851542,2.159402
5002,2.2503245,-0.08549313,-0.2599832,0.47563088,0.7910204529762268,0.22424528,4.133122,2.2808728
5003,2.2405653,-0.027177783,-0.20829536,0.40981713,0.8397992253303528,0.21943022,3.4717426,1.9535441
5004,2.2702413,0.049224123,-0.21512826,0.4709948,0.7660553455352783,0.21003291,2.780693,1.9108542
5005,2.358237,0.07065447,-0.23577158,0.5210435,0.25785309076309204,0.2995199,2.1640751,2.1871219
5006,2.285336,-0.06912543,-0.17578082,0.3963068,0.7047695517539978,0.2715488,3.177478,2.762122
5007,2.280373,-0.037452124,-0.17978522,0.43499526,0.6581946015357971,0.27009702,2.914039,2.5761056
5008,2.193319,-0.0060213534,-0.14369388,0.39731523,0.7313625812530518,0.25656286,3.861939,2.540495
5009,2.2565749,0.02517191,-0.17106749,0.50105155,0.7121003270149231,0.25120714,2.865789,2.7668664
5010,2.2300622,-0.08041733,-0.2993533,0.503079,0.8109516501426697,0.19866519,4.700886,2.5437229
5011,2.387227,-0.049271625,-0.22955272,0.47749072,0.6070154905319214,0.2022813,2.0927105,1.7402283
5012,2.280677,0.009192916,-0.16933358,0.4229683,0.7528812885284424,0.23934884,2.7297502,2.1050696
5013,2.2249026,-0.026374279,-0.21591713,0.4777898,0.695091962814331,0.26247698,3.699282,2.4776504
5014,2.3303442,-0.07441006,-0.36708722,0.42835572,0.7184048891067505,0.24251914,3.7295258,2.8375108
5015,2.287986,-0.12708895,-0.24274153,0.49869943,0.7775256037712097,0.21774213,3.7360716,2.3548162
5016,2.1758733,0.13766766,-0.18561071,0.47239456,0.6525810956954956,0.2814253,3.4243045,2.6532698
5017,2.196608,0.054683935,-0.20086825,0.33021337,0.8160947561264038,0.2097838,4.3923163,2.5215735
5018,2.2201223,0.00763913,-0.18761632,0.49361503,0.7808884382247925,0.24698557,3.030247,2.5680223
5019,2.3944771,-0.09565643,-0.34637952,0.5155757,0.6953685283660889,0.19602302,2.4215598,1.3789091
5020,2.3163273,0.0049801855,-0.24569654,0.536318,0.47394636273384094,0.2828082,2.6232717,2.4114366
5021,2.1452703,0.05539073,-0.25945005,0.43300173,0.8004465699195862,0.22851627,6.725671,2.779357
5022,2.1574805,0.08899608,-0.19120939,0.5582828,0.8106397986412048,0.22374772,3.9451344,2.584479
5023,2.1569002,-0.033259567,-0.21996793,0.51128584,0.8188482522964478,0.22773257,6.217863,2.4492357
5024,2.3605192,0.0020751855,-0.25414148,0.50824845,0.732818067073822,0.1736374,2.2365997,1.9014115
5025,2.1286573,-0.0119138835,-0.14278279,0.33433956,0.844687819480896,0.2263754,6.6613765,2.3724422
5026,2.3410473,-0.0039289854,-0.24323273,0.38925394,0.6804505586624146,0.24687828,2.4483674,2.2326734
5027,2.375849,0.044009615,-0.23899487,0.21473038,0.7782530784606934,0.191782,2.178496,1.6889106
5028,2.2618604,-0.0043619974,-0.24790454,0.39062914,0.6686736941337585,0.26975828,3.6838975,2.5239499
5029,2.195168,0.10214184,-0.25777802,0.34699902,0.6939753293991089,0.26350927,4.485948,2.7272046
5030,2.2022774,-0.16553883,-0.2712876,0.6312134,0.7359990477561951,0.2829856,7.7961445,2.7407932
5031,2.3225405,-0.046743635,-0.27549294,0.43494362,0.71662437915802,0.24255994,2.9200602,2.0044823
5032,2.2737658,-0.13903569,-0.2903224,0.56038105,0.7664081454277039,0.24818377,4.949291,2.4054515
5033,2.2557487,0.08669116,-0.1978232,0.33249432,0.6425106525421143,0.26438117,3.0970166,2.6331568
5034,2.3301628,-0.036458656,-0.27929485,0.44344372,0.6141757965087891,0.27114445,2.7861114,2.0817823
5035,2.2116752,0.004442538,-0.27932322,0.3725316,0.753207266330719,0.2564667,5.190307,2.5028622
5036,2.2360246,0.09452628,-0.20602056,0.41592517,0.6173579096794128,0.29275656,3.1025772,2.4353008
5037,2.1137013,0.039278004,-0.27964622,0.5115519,0.671299159526825,0.33097717,8.458828,1.991184
5038,2.1605046,-0.061878365,-0.16242515,0.3899653,0.7473543286323547,0.2668514,6.665956,2.2780704
5039,2.2671452,-0.14162816,-0.21791437,0.52669156,0.8052289485931396,0.23199268,4.160676,2.5500731
5040,2.232074,0.10214855,-0.1963254,0.5238653,0.7267056107521057,0.24325734,2.843942,2.3581657
5041,2.2140722,-0.012720626,-0.24418083,0.57627106,0.7745955586433411,0.22486728,3.9443176,1.8908619
5042,2.2119408,0.03981798,-0.17566635,0.44078562,0.7300373315811157,0.24692929,3.3402126,2.357515
5043,2.2740402,-0.066366516,-0.4008871,0.48351136,0.8449297547340393,0.18889646,5.256229,1.7977208
5044,2.2116141,0.006440626,-0.19791847,0.5136732,0.7801960706710815,0.2237721,3.7398353,2.390715
5045,2.187566,-0.09460918,-0.18816201,0.51093584,0.8367804288864136,0.18969947,4.9572954,1.575215
5046,2.1718597,0.10111866,-0.13560751,0.41095462,0.8329066038131714,0.18047643,3.2022111,2.4769795
5047,2.2130644,0.07520467,-0.23929755,0.6288169,0.8010736107826233,0.24704391,2.9248872,2.9091232
5048,2.2469828,-0.025373092,-0.20739038,0.50425506,0.6647480726242065,0.26438484,3.1467416,2.4395888
5049,2.3962364,0.00023967448,-0.28031796,0.51006687,0.6451894640922546,0.2169703,2.107035,1.6531321
5050,2.227473,-0.022473918,-0.18892747,0.44273117,0.8372983336448669,0.1861823,3.418444,1.9030371
5051,2.2068527,-0.06973435,-0.05620841,0.48838285,0.8389438986778259,0.19518092,3.4649212,2.2023761
5052,2.2206695,-0.013871111,-0.21043088,0.35693428,0.7021934986114502,0.27344275,4.2811728,2.7752302
5053,2.278354,-0.0379339,-0.25173932,0.45342284,0.8119736313819885,0.20557323,3.1942668,2.4345222
5054,2.2112358,0.12103737,-0.19664365,0.4152907,0.7831259965896606,0.21344829,2.8668303,1.9035045
5055,2.3345542,-0.044280127,-0.29695806,0.35725898,0.692400336265564,0.25419316,2.921219,2.5791113
5056,2.16925,-0.015372146,-0.18944368,0.42677507,0.8196747303009033,0.206199,4.636775,1.866414
5057,2.2240074,0.067562066,-0.27297062,0.4631196,0.7408721446990967,0.27217975,3.686024,2.552019
5058,2.297041,-0.009038398,-0.34400833,0.61103576,0.7758727669715881,0.24735531,3.3483891,2.3682394
5059,2.2305558,-0.07237326,-0.2015644,0.6257629,0.7306105494499207,0.25941032,4.094227,2.2019386
5060,2.2859354,-0.13768563,-0.101993054,0.50465524,0.8056447505950928,0.20818517,3.1041694,1.9684924
5061,2.1788697,-0.1014494,-0.18538581,0.43011674,0.8183696269989014,0.2154156,6.918208,2.8674119
5062,2.2786014,0.11363628,-0.2854179,0.49304828,0.7112748622894287,0.2716681,2.8509262,2.7380002
5063,2.253933,-0.0070699938,-0.2935216,0.4705442,0.7450408339500427,0.28179923,3.8293953,2.8665402
5064,2.3815427,-0.12617046,-0.3123473,0.61440134,0.7655996084213257,0.2143238,2.6579046,2.8358588
5065,2.2764628,0.0304885,-0.1804102,0.49298084,0.6496034860610962,0.2328742,2.5945756,2.1184397
5066,2.320821,-0.07422655,-0.20166337,0.4682881,0.5651980638504028,0.29910028,3.0369332,2.487308
5067,2.3189573,-0.1332368,-0.1795317,0.5108378,0.7559574842453003,0.22314736,3.0258107,1.8498108
5068,2.42532,0.103272654,-0.37582973,0.41866472,0.34689295291900635,0.24295285,2.0256007,1.9640168
5069,2.4284317,-0.10874735,-0.37815967,0.48667762,0.7855084538459778,0.20092578,2.5315943,1.7499179
5070,2.2693863,-0.09687473,-0.29075968,0.5364937,0.7785873413085938,0.24290079,3.9076107,2.3261251
5071,2.3425796,-0.015835274,-0.329934,0.45159525,0.6397445797920227,0.26814252,3.190255,2.444287
5072,2.2773397,-0.12686707,-0.3084809,0.62862414,0.85,0.1980071,4.201658,1.7559581
5073,2.3541195,-0.11326775,-0.29270107,0.61778224,0.8369655609130859,0.20372751,2.6912537,1.890526
5074,2.2036104,0.13938622,-0.2160398,0.3380721,0.7272865176200867,0.2535514,3.3547726,2.7678127
5075,2.2346265,-0.11807662,-0.33342457,0.47177562,0.85,0.21492311,7.024172,2.5667987
5076,2.312008,-0.104134254,-0.19474451,0.4454714,0.7267751693725586,0.24024864,3.150352,2.2231708
5077,2.1693368,0.040676236,-0.072738186,0.5044381,0.7973721027374268,0.22693995,3.3626044,2.1175134
5078,2.182789,0.08004955,-0.26516226,0.48645055,0.8394125699996948,0.18732984,4.2313504,2.6392791
5079,2.2504907,0.0013383576,-0.23221457,0.40157557,0.8152510523796082,0.20402507,3.2573316,2.2566528
5080,2.2111452,0.040384825,-0.20906001,0.3692291,0.7114440202713013,0.24159111,3.4485347,1.71888
5081,2.3382094,-0.0992903,-0.17260765,0.401197,0.6970255970954895,0.24847984,2.6032662,2.6592321
5082,2.2354524,0.016609201,-0.20093429,0.3639398,0.8104307651519775,0.21130693,3.6347868,2.0330696
5083,2.213532,0.02310773,-0.22890767,0.48075703,0.7292795181274414,0.2629367,3.6297688,2.88215
5084,2.3494306,-0.01800032,-0.24658577,0.43767083,0.4785091280937195,0.2545818,2.5148354,2.3071253
5085,2.2026772,0.017834108,-0.27969038,0.47903073,0.85,0.15599963,4.4625597,1.4838849
5086,2.3596954,-0.018225485,-0.29283977,0.5037551,0.7787633538246155,0.1282646,2.35541,1.2502934
5087,2.3237827,-0.062679134,-0.27548155,0.5208821,0.5545831918716431,0.3010063,3.2263985,2.4051268
5088,2.2199442,0.07723666,-0.23565997,0.46263623,0.6464163064956665,0.29098997,3.2653425,2.181511
5089,2.2289245,0.088953935,-0.31608087,0.48155782,0.7765758037567139,0.23970485,3.6589487,2.1370046
5090,2.2079644,-0.03805286,-0.12350005,0.6044494,0.85,0.19229193,3.314717,1.769665
5091,2.3158748,-0.08205558,-0.19592467,0.47666058,0.6018515229225159,0.29989132,3.0310545,2.7898047
5092,2.3715923,0.0010651312,-0.2849822,0.4087105,0.3976975977420807,0.29415455,2.3173695,2.4140131
5093,2.2537646,-0.0090660015,-0.26931396,0.5032975,0.6953873038291931,0.27888867,3.7637243,2.8554447
5094,2.2874017,0.0018041919,-0.20713,0.42783946,0.7824737429618835,0.22392055,2.7542992,2.0292275
5095,2.3460612,-0.12292456,-0.28150705,0.5242795,0.8466731309890747,0.1980413,2.85553,2.507969
5096,2.3069072,-0.06551127,-0.25398016,0.4481514,0.85,0.13780764,3.2944505,1.4164752
5097,2.4619262,-0.18565616,-0.2752527,0.5428743,0.5905762910842896,0.21785104,2.1706395,2.4895775
5098,2.1850083,0.06514334,-0.18957517,0.44854832,0.7777062058448792,0.22889617,3.2947898,2.7548354
5099,2.2930582,0.038266376,-0.1810889,0.5066321,0.6689850091934204,0.14576165,2.2048001,1.1088521
5100,2.2227798,0.03879862,-0.21918307,0.4331729,0.6431477069854736,0.27344096,3.5969634,2.778584
5101,2.2933269,0.023186227,-0.2715546,0.438943,0.8150402903556824,0.17180113,2.6073775,2.319779
5102,2.254488,-0.015697034,-0.21179673,0.5407721,0.7554086446762085,0.2398554,3.3370266,2.002037
5103,2.2434237,0.021331264,-0.30641997,0.3759294,0.7462709546089172,0.23173986,3.9366496,2.542457
5104,2.3201993,0.015330637,-0.25788745,0.5293015,0.6551728248596191,0.24287112,2.3602157,2.4235656
5105,2.3095827,-0.002969295,-0.19411846,0.46968833,0.5280681252479553,0.29604012,2.7246244,2.4402742
5106,2.3399897,-0.036028113,-0.26361758,0.53046536,0.6392580270767212,0.20803112,2.4906745,1.6962736
5107,2.3768666,-0.014537354,-0.31348288,0.49803612,0.7646828889846802,0.16128094,2.254152,1.2698935
5108,2.1490371,-0.15483652,-0.20194158,0.46137545,0.7233083248138428,0.31988174,12.329962,2.5761533
5109,2.2932413,-0.014964644,-0.2591187,0.4136733,0.7506408095359802,0.25567907,3.120209,2.1358333
5110,2.3699527,-0.09264244,-0.42358482,0.55714065,0.759194552898407,0.22675279,3.421278,2.4175582
5111,2.2591932,-0.050711267,-0.2552371,0.5009835,0.821640133857727,0.202404,3.7119012,2.1677701
5112,2.2827024,-0.039158557,-0.2693118,0.4520968,0.7877286076545715,0.21700178,3.3521612,2.1253405
5113,2.3351803,-0.16210745,-0.3154479,0.53404754,0.8343250751495361,0.20042467,3.4911847,1.8407971
5114,2.1913347,-0.019645944,-0.18151769,0.38559332,0.7170286178588867,0.25847548,4.1254516,2.4101803
5115,2.1277142,-0.0552647,-0.16648802,0.52292305,0.7378324866294861,0.27706173,7.3007226,2.5735474
5116,2.1797488,0.040259004,-0.093253665,0.47702795,0.7229617238044739,0.25622612,3.348549,2.5418553
5117,2.2387693,-0.11044679,-0.18139057,0.5599723,0.7783901691436768,0.2355102,4.210877,2.2505224
5118,2.3630404,-0.0003596541,-0.22806492,0.40670836,0.3875834345817566,0.22405894,2.1754303,2.078719
5119,2.2217958,-0.015286755,-0.2615766,0.49576944,0.8477969169616699,0.21648479,3.7422163,2.7769213
5120,2.1256657,0.024307322,-0.24231249,0.5507034,0.7706519365310669,0.26532722,6.874074,2.477046
5121,2.2627048,0.0474832,-0.19906902,0.3686804,0.8361362218856812,0.19278318,3.035128,2.3106804
5122,2.1579,-0.01482434,-0.18302387,0.52694714,0.7343770861625671,0.25711998,5.25648,2.6344893
5123,2.4198291,-0.07203767,-0.41733766,0.556918,0.7048403024673462,0.26622522,2.9219425,2.4549952
5124,2.2592142,0.016309489,-0.17721802,0.4452091,0.6859256625175476,0.25219473,2.9809885,2.0148761
5125,2.310408,-0.045341555,-0.37734762,0.4630519,0.8153908252716064,0.22109845,3.8540382,1.8340604
5126,2.2741814,-0.0232305,-0.15311103,0.4322802,0.7309539318084717,0.2375142,2.9469573,2.4554787
5127,2.3596392,-0.031488303,-0.23125371,0.54223037,0.32759857177734375,0.30559763,2.188583,2.6040378
5128,2.3828554,-0.08351552,-0.2533818,0.38799456,0.6391380429267883,0.24642366,2.6056767,1.844593
5129,2.2820115,-0.17855446,-0.33888826,0.37387693,0.7633536458015442,0.2511427,7.5180044,2.6508098
5130,2.3322372,0.020187644,-0.28359598,0.41289318,0.7180289030075073,0.24727176,2.5738282,2.1107373
5131,2.1585875,0.014733401,-0.09043894,0.32536453,0.773624837398529,0.24832246,4.401016,2.8592532
5132,2.3825374,-0.019169517,-0.20586704,0.44488585,0.48283708095550537,0.24518605,2.0902934,2.1932294
5133,2.312422,-0.13696337,-0.28403628,0.52212423,0.6969204545021057,0.28408268,4.2204695,2.4666712
5134,2.2719364,-0.099803686,-0.1989016,0.57268393,0.7408102750778198,0.25860357,3.5677278,2.2431533
5135,2.202176,-0.07779101,-0.21324189,0.62258583,0.7757385969161987,0.25763983,4.3445826,2.4560714
5136,2.334137,0.11192229,-0.23771146,0.43719223,0.31277939677238464,0.30522603,2.1205912,2.666379
5137,2.2612927,-0.010762045,-0.28229958,0.5279815,0.6094005703926086,0.32307407,3.7307925,2.5832644
5138,2.1753016,0.008353211,-0.19051854,0.36963195,0.7614614963531494,0.20801891,4.4978714,2.2987201
5139,2.235694,0.068161786,-0.26172993,0.51462734,0.7406108975410461,0.22301197,2.8810053,2.1858819
5140,2.2310092,-0.07019921,-0.26189274,0.37925068,0.8258107900619507,0.20973672,5.8822546,2.706504
5141,2.1988754,-0.018709503,-0.13850307,0.47439826,0.6978195905685425,0.26668057,3.9010506,2.0484676
5142,2.1617525,0.034067713,-0.2123106,0.46945944,0.7754766345024109,0.21857798,5.007205,2.6123285
5143,2.175087,0.017216442,-0.20896375,0.5318732,0.834885835647583,0.21775465,3.851223,2.655027
5144,2.3444695,-0.108039804,-0.30035934,0.43487746,0.7501194477081299,0.22595458,3.2415607,2.652894
5145,2.3348646,0.016761117,-0.29438818,0.46496123,0.5094283223152161,0.28484055,2.3654943,2.209295
5146,2.305143,-0.059192974,-0.26746592,0.49143276,0.7897976636886597,0.2164679,3.263426,2.2266066
5147,2.361986,0.018893633,-0.2641448,0.5765514,0.3852805197238922,0.2598865,2.2462926,2.2281594
5148,2.2294886,0.035762805,-0.20009364,0.31539598,0.8473026752471924,0.19726849,3.8102546,2.7477744
5149,2.1533668,-0.11003768,-0.15206887,0.39760715,0.7762414216995239,0.25362924,8.030327,2.6918948
5150,2.2288952,-0.117455326,-0.17947672,0.44690475,0.7869415879249573,0.22302559,4.466217,2.2623749
5151,2.208575,-0.003923515,-0.2849503,0.6213123,0.7118316888809204,0.30932564,4.6079054,2.794105
5152,2.4024222,-0.18395923,-0.30341753,0.5470547,0.6518831253051758,0.26862675,2.8987343,2.6071775
5153,2.3680468,0.04635034,-0.26308078,0.35541132,0.5619571208953857,0.22006817,2.3214753,1.6634922
5154,2.2884176,-0.109366424,-0.14645581,0.55714744,0.800381600856781,0.21848826,3.0273235,1.7073725
5155,2.3008456,-0.031988878,-0.17003255,0.5526806,0.6948836445808411,0.2555508,2.6429715,2.458428
5156,2.317692,-0.11850168,-0.26700664,0.49802554,0.6702776551246643,0.2565342,3.3074455,2.488386
5157,2.1682127,-0.06000386,-0.13685377,0.4535173,0.7854028940200806,0.24290557,4.5726852,2.5834594
5158,2.2433453,-0.048824936,-0.18253446,0.44793245,0.778589129447937,0.20520493,3.4631007,2.0234218
5159,2.2870827,-0.14363752,-0.2302001,0.6853798,0.8255376219749451,0.22624137,3.1732626,2.5069323
5160,2.3176026,-0.041465953,-0.1522352,0.34305033,0.7138646245002747,0.22132416,2.490115,2.242153
5161,2.3469424,-0.010967045,-0.22885114,0.4647943,0.5156432390213013,0.23265372,2.2662528,1.480184
5162,2.2109745,-0.10154707,-0.30957976,0.5765904,0.7402579188346863,0.25976458,7.1295567,2.8659124
5163,2.1858327,0.086133406,-0.22228917,0.5005632,0.7453582286834717,0.26297146,3.752979,2.518283
5164,2.2846534,0.041368686,-0.21727704,0.46188754,0.724825382232666,0.24606045,2.8081915,2.1544647
5165,2.24666,-0.02185518,-0.1079685,0.39016226,0.7975979447364807,0.18000013,3.1096268,1.6834956
5166,2.4425037,-0.15696481,-0.45174214,0.47675073,0.7564862370491028,0.26400465,3.4484339,2.891385
5167,2.3201954,-0.09723631,-0.20167735,0.4217036,0.7140279412269592,0.26543376,3.0145624,2.6656203
5168,2.377858,-0.011192531,-0.30631182,0.42589906,0.85,0.081466116,2.1037085,1.2172472
5169,2.25219,0.055617653,-0.2016742,0.37915087,0.6834823489189148,0.25059262,3.0331223,2.334514
5170,2.2972505,-0.13148308,-0.28408387,0.44011828,0.85,0.19785255,4.04926,2.1002285
5171,2.2405019,0.05378196,-0.1590996,0.41133243,0.8129627108573914,0.20070878,2.948133,2.4569092
5172,2.386076,0.09730244,-0.30014998,0.41934523,0.3658830523490906,0.2614209,2.0940542,2.233829
5173,2.168864,-0.060625575,-0.18989114,0.55325353,0.7509118914604187,0.25254947,5.5609574,2.6301734
5174,2.2527788,0.0058066607,-0.24830137,0.58882153,0.6665537357330322,0.27232742,3.130643,2.511857
5175,2.3612695,-0.15117002,-0.14564818,0.4002075,0.8149572610855103,0.17317115,2.4760876,1.7838268
5176,2.4278274,-0.029288217,-0.3383068,0.38458368,0.4748268723487854,0.22126207,2.1884012,1.7897762
5177,2.2607143,-0.033957653,-0.22425455,0.48843887,0.85,0.13906121,3.2240813,2.1420047
5178,2.3541193,-0.035943337,-0.17640509,0.4933578,0.4223496913909912,0.24763738,2.1566756,2.3049645
5179,2.2270396,-0.05389728,-0.4192193,0.3693861,0.810734212398529,0.27543566,9.92028,2.6899014
5180,2.2944226,0.026831545,-0.2292136,0.43752185,0.5199417471885681,0.30917555,2.7729673,2.0600405
5181,2.1649303,-0.016604211,-0.16585577,0.3093404,0.7569738030433655,0.24604118,5.44593,2.8602905
5182,2.3736892,-0.08534041,-0.26032192,0.39818412,0.8286601305007935,0.1261368,2.5256476,1.5242106
5183,2.3364532,-0.15029337,-0.32198542,0.38206568,0.7472215294837952,0.24141765,4.296962,2.801683
5184,2.2090213,-0.053154793,-0.1658872,0.5651164,0.7482777833938599,0.23972352,3.7516625,2.6218894
5185,2.2910388,-0.006416282,-0.24792914,0.44110358,0.7489515542984009,0.2518403,3.4487753,2.7163622
5186,2.2433112,0.14164229,-0.2748334,0.3721497,0.7885264158248901,0.20831218,3.1166825,2.115686
5187,2.3437703,-0.11272736,-0.3250811,0.44521695,0.8375762104988098,0.17181367,3.4980652,2.5838735
5188,2.338478,-0.054409068,-0.40478694,0.5081637,0.747985303401947,0.2594951,4.0048795,2.5636358
5189,2.2921214,-0.18116596,-0.2781839,0.54347086,0.6587100625038147,0.3023122,4.194344,2.5500097
5190,2.2061722,0.03261895,-0.22037244,0.43083286,0.8175289034843445,0.19190244,3.616572,1.9129391
5191,2.1693292,-0.01809111,-0.16764235,0.4872889,0.727748453617096,0.26211143,4.6798844,2.740943
5192,2.2442884,-0.030976752,-0.26367456,0.5226433,0.7794879674911499,0.25166556,3.8681726,2.7233236
5193,2.1842732,0.10082267,-0.20066012,0.4247147,0.7404061555862427,0.262855,3.9373963,2.1916075
5194,2.3737993,-0.072265685,-0.30593133,0.37324992,0.6892840266227722,0.26043463,2.9118419,2.387047
5195,2.2505682,0.09063776,-0.24606164,0.33907795,0.7302602529525757,0.26080114,3.2313406,2.553139
5196,2.213028,0.08051374,-0.15943648,0.51671165,0.8218206167221069,0.21442327,3.0293176,2.3516471
5197,2.240022,0.029122647,-0.24895251,0.436629,0.7666432857513428,0.20304415,3.6781096,1.8415476
5198,2.3340921,0.0025750282,-0.2505383,0.45200503,0.6108834147453308,0.26494738,2.4641097,2.1886058
5199,2.034071,0.060813975,-0.07382091,0.36830378,0.8283059597015381,0.24682483,8.081007,0.9952397
5200,2.3602395,-0.18592994,-0.23837207,0.5268571,0.6884413957595825,0.21731846,2.5484085,1.5532289
5201,2.2965472,-0.07791126,-0.17456616,0.40765733,0.7501810193061829,0.22322036,2.9073315,2.266208
5202,2.237843,-0.02894294,-0.20068206,0.4201685,0.6987138986587524,0.2504453,3.535331,2.5604148
5203,2.1381633,-0.017441446,-0.07204996,0.49017042,0.6826589703559875,0.29092097,4.765306,2.818229
5204,2.2002194,-0.043178458,-0.2839452,0.4523732,0.7236102223396301,0.28092578,6.5399327,2.800579
5205,2.4104452,-0.10929166,-0.30049965,0.47816065,0.5400112271308899,0.26910928,2.6165946,2.0968688
5206,2.2470698,0.08306882,-0.17583196,0.4909636,0.5812801122665405,0.2880419,2.6991196,2.5671167
5207,2.2429073,-0.026942076,-0.15157223,0.4744964,0.704810619354248,0.264533,3.2710018,2.815853
5208,2.210394,0.14113444,-0.3449684,0.48610622,0.85,0.1974244,3.852933,1.7706054
5209,2.3421643,-0.054723132,-0.19733632,0.421437,0.7355875968933105,0.19306892,2.4664211,1.7096944
5210,2.230781,-0.009419818,-0.24008095,0.42267153,0.85,0.1731773,4.0556664,1.9531951
5211,2.3099763,0.04108964,-0.30264938,0.37132114,0.5929672122001648,0.28004792,2.7704375,2.3409362
5212,2.2246034,-0.10958918,-0.23055731,0.4902871,0.7149474024772644,0.24108751,4.191429,1.8935885
5213,2.3401146,0.10024711,-0.34590384,0.37609097,0.7666095495223999,0.22851045,2.6232312,1.7421697
5214,2.3545012,-0.08314216,-0.39643478,0.52623546,0.8028666973114014,0.21469884,3.5691528,2.537033
5215,2.2470293,-0.006704301,-0.2183322,0.40642717,0.8352686166763306,0.18913394,3.4357994,2.2268887
5216,2.3682625,-0.15695761,-0.4063201,0.51644504,0.7538405060768127,0.23814467,4.0030756,2.3868036
5217,2.2475178,0.02189103,-0.23238766,0.4092866,0.7196304798126221,0.24443819,3.5547957,2.575684
5218,2.3314648,-0.06164357,-0.3257765,0.5304917,0.7563778758049011,0.24825172,3.2204006,2.7268713
5219,2.1240976,-0.036892664,-0.17834997,0.4427811,0.721988320350647,0.30179992,8.23211,2.555436
5220,2.192254,-0.15809707,-0.0782558,0.486005,0.8314518928527832,0.20677462,4.5395384,2.5141041
5221,2.2957225,0.0439289,-0.2590889,0.53722596,0.5539898872375488,0.26500756,2.6083758,2.2757666
5222,2.3749208,-0.08830794,-0.27902034,0.3515954,0.8209578394889832,0.18249474,2.7281885,1.5387435
5223,2.2160516,-0.053897195,-0.2582938,0.52936846,0.6965866088867188,0.27980217,5.1968336,2.7883906
5224,2.3494892,-0.00352994,-0.21983704,0.46441868,0.39198625087738037,0.28514934,2.4399154,2.5557609
5225,2.3015666,0.056838974,-0.2591913,0.21480414,0.7348939776420593,0.2508801,3.2602103,2.3012717
5226,2.207631,0.02617539,-0.21472533,0.33845106,0.7766759395599365,0.2294313,4.113056,2.5912907
5227,2.242079,-0.023918828,-0.21891831,0.45426026,0.7607048749923706,0.24915525,3.5114126,2.889419
5228,2.2437925,0.12493338,-0.24897219,0.38124064,0.7713415026664734,0.22297803,2.9243386,2.5780215
5229,2.2152293,0.006660432,-0.36621332,0.42694744,0.8220256567001343,0.2245314,6.2451878,1.709869
5230,2.311269,0.0033127076,-0.21904838,0.47462317,0.7181442379951477,0.24058361,2.413933,2.3236783
5231,2.2250295,-0.090166636,-0.14719489,0.46305293,0.792535126209259,0.20528007,3.830249,2.3982298
5232,2.2866707,-0.10913134,-0.21735105,0.67276835,0.7512149214744568,0.25939056,3.4253182,2.8079875
5233,2.1553788,0.073485255,-0.18985038,0.5031397,0.7751770615577698,0.22562201,4.229993,2.8934038
5234,2.3145509,-0.12639457,-0.2399281,0.47178382,0.6912399530410767,0.27182725,3.7487714,2.6455925
5235,2.316061,0.011691279,-0.18154564,0.3774978,0.47419631481170654,0.30650005,2.2490654,2.5103152
5236,2.106837,0.025763702,-0.08855271,0.40142047,0.7533331513404846,0.24759331,5.6811886,2.2802181
5237,2.3813848,-0.09140591,-0.2785224,0.46410552,0.5161729454994202,0.30407244,2.4504204,2.637468
5238,2.3584676,-0.19760966,-0.19836704,0.44505107,0.5766879916191101,0.30361983,3.1407223,2.5275066
5239,2.171761,-0.016112909,-0.09082269,0.31846583,0.8268906474113464,0.21558093,4.2257166,2.4321954
5240,2.3373406,0.00049837364,-0.28251174,0.52320194,0.521286129951477,0.2712796,2.4922209,2.1274385
5241,2.3054593,-0.043123815,-0.25114653,0.45691836,0.6440540552139282,0.30581045,3.2526793,2.7406917
5242,2.2739935,-0.17098956,-0.21647945,0.5656496,0.8470315933227539,0.17295314,3.5649834,2.0545819
5243,2.3249307,-0.00474519,-0.27248734,0.4150455,0.8349536657333374,0.23138213,2.7618914,2.199402
5244,2.4266396,-0.21418594,-0.3656417,0.45717412,0.7868669033050537,0.21722198,3.1507843,2.3166416
5245,2.2368634,0.025781272,-0.23569268,0.37723517,0.7751795053482056,0.21331513,3.6619635,2.2015908
5246,2.275446,-0.047811855,-0.25422075,0.50588655,0.670860767364502,0.29525813,3.5139825,2.7823124
5247,2.4060152,-0.058023613,-0.31893837,0.49264044,0.5736764669418335,0.25163534,2.3064935,2.0463707
5248,2.2913795,-0.019110056,-0.2553758,0.4848627,0.8131378889083862,0.20961368,3.0759747,2.4354024
5249,2.2180998,-0.033365827,-0.16901268,0.39643812,0.8230418562889099,0.19468287,3.854152,2.115208
5250,2.1926832,0.04701103,-0.23138662,0.5076582,0.7978810667991638,0.23265435,4.1334414,2.1714723
5251,2.214875,-0.009804364,-0.23290971,0.51341283,0.755290150642395,0.2568025,4.1053877,2.6307392
5252,2.2851694,-0.146829,-0.18760063,0.5050672,0.7526003122329712,0.25649807,3.5862508,1.9539565
5253,2.2244112,-0.031843197,-0.25501284,0.57522947,0.6835938692092896,0.27254385,4.1143084,2.6690273
5254,2.3145585,-0.051668137,-0.29266906,0.45345768,0.8499011993408203,0.2094369,3.2488115,2.1491268
5255,2.2395432,0.04955374,-0.21315676,0.47146696,0.5649152994155884,0.3183471,3.2056196,2.8042107
5256,2.2698212,-0.062229432,-0.3040118,0.4055251,0.8489549160003662,0.16487312,4.8252344,2.1020145
5257,2.2312918,-0.0048876014,-0.21709798,0.48161778,0.7371578216552734,0.24023435,3.56303,2.5453234
5258,2.2350073,0.002426658,-0.24894136,0.49696195,0.7328131198883057,0.24813122,3.8937109,2.2919545
5259,2.2890222,0.061451986,-0.2418913,0.52634627,0.6907092928886414,0.21207075,2.4100595,1.3161491
5260,2.310133,0.086512275,-0.2909781,0.5145341,0.7309578061103821,0.17560185,2.4518058,1.340254
5261,2.2207716,-0.014840583,-0.22493823,0.36683518,0.7931436896324158,0.21692199,4.4146395,2.6743863
5262,2.366339,0.022036469,-0.30229488,0.48646793,0.85,0.09150147,2.182716,1.1462799
5263,2.0853596,-0.0058588604,-0.14525601,0.38282132,0.7256121039390564,0.31516942,8.783123,1.8960205
5264,2.1873252,-0.022927333,-0.3054561,0.33437273,0.8327947854995728,0.2545081,7.75898,2.157922
5265,2.4209318,-0.03709049,-0.16948152,0.45450413,0.33190011978149414,0.28590792,2.08409,2.4218135
5266,2.2456975,0.015018866,-0.23735318,0.40570047,0.8318241834640503,0.16957897,3.0844991,2.2879603
5267,2.3052752,-0.05405275,-0.22923544,0.47229147,0.6355212330818176,0.30049935,3.3074462,2.649696
5268,2.1349154,0.05888163,-0.2648321,0.48936558,0.719641387462616,0.28209955,7.295686,2.5707498
5269,2.2704875,0.0021236376,-0.31922433,0.48888263,0.7968469262123108,0.21221177,3.3311486,2.7004337
5270,2.20278,0.027012918,-0.24439815,0.48685986,0.809630274772644,0.20384978,4.053922,1.75209
5271,2.2943447,-0.038724657,-0.20418128,0.49829006,0.6462329626083374,0.23644248,2.7988598,1.455921
5272,2.1707256,-0.055035993,-0.28440568,0.5380278,0.7170241475105286,0.28175652,7.5486364,2.0732486
5273,2.203262,-0.0035233393,-0.093349054,0.40273067,0.7750774621963501,0.2464452,3.6749747,2.356558
5274,2.1574976,0.04433781,-0.21541286,0.45222223,0.7149502635002136,0.24046217,4.645618,2.5751843
5275,2.293117,-0.14419585,-0.19330892,0.47554517,0.7173252701759338,0.25216866,3.4898,2.7422457
5276,2.19953,-0.009066517,-0.30849284,0.5798112,0.82403165102005,0.1958394,4.920426,2.4800634
5277,2.3323789,-0.007814971,-0.29461217,0.47291055,0.7601131796836853,0.2417619,2.7523208,2.7652862
5278,2.3018723,0.05966042,-0.30463904,0.4610162,0.7897464632987976,0.21838897,2.810959,2.3988113
5279,2.1695552,0.0016695673,-0.18684918,0.46953964,0.7421736121177673,0.25218534,4.6403565,2.7808855
5280,2.1682296,-0.003602967,-0.14166816,0.42809188,0.8309889435768127,0.2094738,4.567643,2.4966495
5281,2.2819717,-0.029619336,-0.10023639,0.36772013,0.6284909844398499,0.26878163,2.7072506,2.3260045
5282,2.2994628,0.005129435,-0.27840832,0.37184453,0.7197356820106506,0.2470813,3.2985115,2.7379656
5283,2.243742,-0.016679876,-0.20769157,0.48018834,0.7674673199653625,0.25735912,3.8291664,2.3542163
5284,2.2294555,0.023884218,-0.30295336,0.3152209,0.7309090495109558,0.25278255,4.8381414,2.6485286
5285,2.3739154,-0.04471766,-0.28082284,0.41200393,0.7083743810653687,0.23730552,2.5998805,2.5268555
5286,2.280333,-0.06432514,-0.3319203,0.42665923,0.7840206027030945,0.22507633,4.399159,2.878031
5287,2.481328,-0.02758687,-0.30191928,0.62219,0.5156747698783875,0.12615378,2.0166185,1.6876678
5288,2.3080862,-0.010748579,-0.2180901,0.5654875,0.85,0.11337338,2.2343946,1.3840239
5289,2.3540993,-0.08050982,-0.27165774,0.4981621,0.6396331191062927,0.2764593,3.0023794,2.654266
5290,2.3690822,-0.17044535,-0.2779352,0.5779982,0.7176501154899597,0.24739556,2.9515927,2.681477
5291,2.1872199,-0.054366887,-0.19854575,0.4820628,0.7000460028648376,0.2634501,4.8710203,2.5651104
5292,2.282529,-0.04374218,-0.26314417,0.48817313,0.7230509519577026,0.23608722,3.189775,2.3619611
5293,2.2504587,-0.11925852,-0.28280076,0.5252704,0.7302747964859009,0.25986668,5.4496946,2.6999724
5294,2.3067014,-0.035087317,-0.3399276,0.3662125,0.7916932702064514,0.24695045,3.9566495,2.710072
5295,2.3835692,-0.10544956,-0.3680966,0.4450157,0.6808163523674011,0.2699409,2.933462,1.8566295
5296,2.3068757,0.03450347,-0.23461528,0.45345482,0.6676626205444336,0.2303394,2.7028742,1.855697
5297,2.3285284,0.045862287,-0.21184532,0.4408205,0.45584094524383545,0.24751832,2.3051934,2.1770945
5298,2.4327154,-0.08483598,-0.3482681,0.4659321,0.5071163177490234,0.2528017,2.6425877,1.7351207
5299,2.3161209,-0.08531886,-0.24167638,0.41649073,0.7165965437889099,0.24051994,3.093592,2.1350763
5300,2.1118488,0.023400284,-0.19663101,0.5217002,0.7628101706504822,0.26181737,6.351269,1.8575191
5301,2.266656,0.035732508,-0.20101334,0.502786,0.8134554028511047,0.21027125,2.6733084,1.7138774
5302,2.269236,-0.04451019,-0.2574162,0.4520935,0.7675753831863403,0.22829042,3.2562366,2.207906
5303,2.2421312,-0.057133928,-0.1671017,0.51318526,0.8303394913673401,0.22008398,3.3632565,2.3878407
5304,2.273252,-0.049452227,-0.30347368,0.5349709,0.8019174933433533,0.201664,3.4214518,1.6307456
5305,2.3224764,-0.09409391,-0.19564945,0.46752754,0.8143696188926697,0.21856575,2.9117231,2.3562963
5306,2.399728,-0.214439,-0.30613667,0.53602976,0.6546424627304077,0.29935673,3.3343887,2.8272092
5307,2.2931123,-0.038893174,-0.30453533,0.51748157,0.6140404939651489,0.29264274,3.9896977,2.3145337
5308,2.1484582,0.05190775,-0.29149947,0.5079054,0.8057010769844055,0.24899971,5.5100484,2.318946
5309,2.217993,0.055175517,-0.16561002,0.3300479,0.8009198307991028,0.2267797,3.4117503,2.4791305
5310,2.146514,-0.010058473,-0.10979205,0.5154913,0.7598562240600586,0.25531653,4.277092,2.868431
5311,2.3124375,-0.012233189,-0.36428466,0.55733615,0.8096863627433777,0.21074058,3.5595696,2.5042837
5312,2.2754645,-0.076644,-0.29076967,0.5366221,0.8002631068229675,0.21610418,3.7631772,2.8618066
5313,2.1679983,0.07547115,-0.16851157,0.32575867,0.7407960891723633,0.2510405,4.3600397,2.521145
5314,2.3635302,0.08562059,-0.34715188,0.4991621,0.3295668065547943,0.28247076,2.3510604,2.5013618
5315,2.3988585,-0.047896925,-0.28404215,0.39374417,0.29198145866394043,0.27224416,2.3534977,2.1413078
5316,2.245106,0.053152226,-0.21052343,0.39834985,0.6465693116188049,0.2656688,3.4989653,2.517285
5317,2.351664,-0.09665016,-0.26531786,0.481813,0.7295418381690979,0.2538484,2.9278333,2.597634
5318,2.274002,-0.08349578,-0.2768366,0.60120434,0.7973061800003052,0.23653026,3.8126774,2.8791497
5319,2.322474,-0.11891006,-0.14816214,0.4178263,0.8063564896583557,0.20093083,2.8117714,1.6134313
5320,2.3902264,-0.034392573,-0.24579449,0.6424167,0.7047041654586792,0.1911442,2.0399883,1.9094671
5321,2.1763225,-0.022355482,-0.11150238,0.51809305,0.6475446224212646,0.28542838,3.889843,2.8107815
5322,2.378444,-0.14775811,-0.2408107,0.55327517,0.7137846350669861,0.2178722,2.6251802,2.0062242
5323,2.395958,-0.09524204,-0.2974721,0.52305996,0.4553225040435791,0.28588063,2.3850873,2.7442508
5324,2.3121681,-0.064674504,-0.19939671,0.2829499,0.6889282464981079,0.26514196,3.2212546,2.78375
5325,2.404117,-0.009269704,-0.36124972,0.4875698,0.5686850547790527,0.1874813,2.373026,1.7180092
5326,2.2833033,0.055728205,-0.27022877,0.569,0.7007380723953247,0.2565404,2.7601469,2.378981
5327,2.1544666,0.035705507,-0.20140491,0.55562824,0.7300282120704651,0.27086756,5.0349474,2.6847582
5328,2.398044,0.069897085,-0.25636497,0.3511035,0.6922333240509033,0.18428214,2.1072934,1.84298
5329,2.2423632,-0.033611387,-0.3741778,0.5069746,0.8159389495849609,0.21861304,5.7570877,2.5717404
5330,2.2570562,0.059412636,-0.42403927,0.52642316,0.7607089877128601,0.2547678,4.6693664,2.754423
5331,2.2827823,0.03438022,-0.19442742,0.2808436,0.8185595870018005,0.22873038,3.1207256,2.4364777
5332,2.2345006,0.13768636,-0.28557745,0.43048137,0.8023450970649719,0.20067726,3.2240248,2.3245766
5333,2.375175,0.012371296,-0.2461734,0.5743805,0.4164355993270874,0.22775981,2.2019064,1.887251
5334,2.2503233,0.10847499,-0.25153443,0.35568246,0.6465045809745789,0.27912748,3.569097,2.7581112
5335,2.2678843,-0.083699636,-0.23782644,0.5606286,0.7088744640350342,0.24910586,3.976314,1.922203
5336,2.2245007,-0.09811357,-0.24191782,0.601144,0.7908692955970764,0.22910784,4.582617,2.5676548
5337,2.2680354,-0.031054294,-0.22758575,0.3958997,0.6784349083900452,0.2857603,3.4984736,2.831802
5338,2.330102,-0.03670353,-0.24204895,0.4847622,0.4506407082080841,0.2950707,2.712758,2.5176332
5339,2.2717168,-0.030670816,-0.25736043,0.39579213,0.8171758055686951,0.21466392,3.8044357,2.013938
5340,2.2886684,-0.06784341,-0.22368729,0.4562542,0.760261595249176,0.25168237,3.2676327,2.7596745
5341,2.1919332,-0.01883895,-0.2283935,0.5233131,0.8260973691940308,0.20568074,4.1691613,2.2913747
5342,2.1213753,0.084048465,-0.23964733,0.5373131,0.744808554649353,0.2649133,5.5078845,2.874136
5343,2.39468,-0.15933076,-0.25520936,0.57623297,0.6425415873527527,0.2560484,2.5035582,2.0303373
5344,2.332435,0.0077951616,-0.2945205,0.63907266,0.5943830013275146,0.2679077,2.643224,2.479039
5345,2.2796466,-0.0962127,-0.23907474,0.3781014,0.8266827464103699,0.20717806,3.6563714,2.1490285
5346,2.2779183,0.0014834903,-0.18052141,0.46641386,0.6373660564422607,0.28819466,2.8948216,2.8897421
5347,2.222042,0.15422378,-0.2379333,0.44601154,0.8032499551773071,0.22141404,2.910144,2.407071
5348,2.2416947,-0.074869946,-0.13466538,0.50789696,0.7015625834465027,0.26093143,3.2446542,2.467079
5349,2.3080432,-0.074727856,-0.25218272,0.47243565,0.7154548764228821,0.26248762,3.1103306,2.7091491
5350,2.286913,0.05824856,-0.17158455,0.47101548,0.5041776895523071,0.2716534,2.450927,2.5337844
5351,2.3398786,-0.10558843,-0.18401448,0.40734014,0.7496939301490784,0.22685891,2.746764,2.623274
5352,2.4234362,0.051781334,-0.31068966,0.41652998,0.18055929243564606,0.18907265,2.0693176,1.5518565
5353,2.229423,0.03634402,-0.29449666,0.34676057,0.7462790012359619,0.26163822,4.277459,2.6617384
5354,2.3761635,-0.14276773,-0.24177419,0.5074023,0.6696324348449707,0.26779473,2.8170881,2.4602094
5355,2.1850553,-0.0047534653,-0.20311148,0.44060025,0.741916835308075,0.24911092,4.6037555,2.7755783
5356,2.2004368,0.008104824,-0.25435647,0.33936167,0.8462292551994324,0.18364619,5.0490327,1.9088899
5357,2.1848056,-0.060290925,-0.22323807,0.5570692,0.8319101333618164,0.20006964,4.5169973,1.7641524
5358,2.3396583,-0.06199169,-0.28100008,0.40163764,0.7482381463050842,0.25224286,2.9748642,2.6681373
5359,2.1860623,0.07989942,-0.21185967,0.35222623,0.7920762300491333,0.22940344,4.4116254,2.794724
5360,2.2000513,0.042799804,-0.21285331,0.450271,0.7761819958686829,0.2307224,3.751817,2.1332004
5361,2.3375723,-0.07561865,-0.27025414,0.51030666,0.748257577419281,0.21875277,2.9142418,1.8060408
5362,2.386046,0.005349283,-0.28172725,0.40147144,0.5914956331253052,0.23643716,2.160557,1.8501536
5363,2.1944542,0.0014448487,-0.17968729,0.40215704,0.8315742611885071,0.19781068,4.215464,2.312764
5364,2.2914174,-0.03475569,-0.30313513,0.31538793,0.7326229810714722,0.23364006,3.7202444,2.6697624
5365,2.25341,-0.094198786,-0.0066175624,0.519987,0.7562710642814636,0.22522828,2.5582588,2.3570676
5366,2.24551,-0.075254224,-0.2060717,0.5825481,0.6865383386611938,0.284944,3.87224,2.598708
5367,2.2063735,0.011976702,-0.25483364,0.46569434,0.8183854818344116,0.22462624,4.4508996,2.67004
5368,2.378668,-0.04797559,-0.28816202,0.45987642,0.4248760938644409,0.29113454,2.376167,2.1969137
5369,2.2201157,-0.074840285,-0.1663948,0.39206895,0.85,0.14151016,4.0382333,2.1349297
5370,2.3130379,-0.062366143,-0.3154995,0.570347,0.7527900338172913,0.25765592,3.3882499,2.6777334
5371,2.1689816,0.08485268,-0.14868611,0.1976949,0.8040754199028015,0.23889782,4.918754,2.64382
5372,2.1633048,0.0662981,-0.15791984,0.34855112,0.7833119034767151,0.24980274,4.0619335,2.7541766
5373,2.2552679,-0.026664557,-0.20243852,0.5715234,0.6671271920204163,0.2515327,3.2768703,2.459304
5374,2.1786532,0.04417632,-0.17234807,0.50673306,0.701316237449646,0.25454274,3.8476577,2.535758
5375,2.3118296,0.027847096,-0.14664102,0.35564455,0.7277656197547913,0.21575005,2.2240512,1.4855107
5376,2.2814562,-0.018553205,-0.24864762,0.6207559,0.7713380455970764,0.24493867,3.1368608,2.6766617
5377,2.1912003,-0.025542878,-0.1523879,0.39433804,0.7524020671844482,0.2281425,4.2044373,2.7493393
5378,2.2530892,-0.08414195,-0.21570909,0.3895104,0.785740315914154,0.20575745,3.8812525,2.445887
5379,2.162072,0.13166314,-0.26746717,0.34619135,0.8134024143218994,0.22200187,4.9371076,2.7850232
5380,2.2270465,-0.12520015,-0.22157207,0.5153536,0.7105164527893066,0.27246797,5.064045,2.6976526
5381,2.3313804,-0.04566763,-0.27093652,0.5408252,0.7637874484062195,0.21169207,2.604469,2.3644044
5382,2.2989507,-0.10503572,-0.24076638,0.6241246,0.6176709532737732,0.29890388,3.485343,2.7859101
5383,2.3198228,-0.19421625,-0.16935815,0.5599601,0.8026208281517029,0.21826707,3.2411664,2.5664878
5384,2.2154884,-0.106604934,-0.2192712,0.45612377,0.7789071798324585,0.23792379,5.589842,2.4851556
5385,2.2096577,-0.008308115,-0.11156794,0.54800916,0.791978657245636,0.24197195,3.111312,2.343141
5386,2.3379955,-0.067097455,-0.24252516,0.52637357,0.7439641356468201,0.22243892,2.4752316,1.7339598
5387,2.2720423,0.1564155,-0.18191127,0.31129396,0.7461699843406677,0.1818343,2.298179,1.5059924
5388,2.248391,0.026131278,-0.29474106,0.47839373,0.7204099893569946,0.24688306,3.6872828,2.5762477
5389,2.2585142,-0.084154785,-0.20618632,0.37518075,0.7688809633255005,0.25272822,3.9761727,2.5342665
5390,2.4330158,-0.013892964,-0.43699667,0.41764536,0.7369689345359802,0.20824936,2.4635055,1.9135638
5391,2.281786,-0.030997923,-0.16234589,0.45899147,0.6682376265525818,0.28989533,2.870664,2.6435463
5392,2.2104614,-0.16064906,-0.2310916,0.4708806,0.85,0.17289442,6.7951665,1.6866444
5393,2.2402973,0.03684904,-0.30031466,0.48844525,0.8060393929481506,0.20580043,3.4895322,2.3417504
5394,2.2728949,0.037640043,-0.23834334,0.3622279,0.8116790652275085,0.20421433,2.741935,2.6679394
5395,2.1241896,0.01447032,-0.16035779,0.44947743,0.8022566437721252,0.23903514,5.1647654,2.6886857
5396,2.2622094,0.03822525,-0.2775779,0.4858319,0.8088054060935974,0.2195654,3.1763117,2.08236
5397,2.212021,0.015075105,-0.18474899,0.26095447,0.808756411075592,0.19489315,3.4057522,2.4361842
5398,2.1991885,-0.0011961771,-0.10605194,0.42531574,0.7972339987754822,0.22479369,3.687974,2.3513432
5399,2.2293973,-0.005224714,-0.27738762,0.42528653,0.85,0.1685115,4.014872,2.5026944
5400,2.3203654,0.019592183,-0.3164448,0.43354967,0.7661483287811279,0.20333007,2.9709256,2.7302961
5401,2.2833514,0.0017062551,-0.22858225,0.45726836,0.8167698383331299,0.21355382,2.871884,2.7700295
5402,2.4571226,-0.111291714,-0.22745155,0.43801907,0.700775146484375,0.123153955,2.104801,1.411929
5403,2.2787983,-0.07647515,-0.21479224,0.38334334,0.7634159922599792,0.22013904,3.2776144,2.758358
5404,2.2829294,-0.098880015,-0.24868225,0.37964165,0.7236071228981018,0.24847066,3.7900245,2.895053
5405,2.2242393,-0.022129849,-0.2007064,0.4780516,0.7803246378898621,0.24422868,4.050606,2.8149304
5406,2.3567185,-0.10901677,-0.33296922,0.41173437,0.7704591751098633,0.24543002,3.5196521,2.8942382
5407,2.3372114,0.007620193,-0.25422388,0.5580234,0.32542556524276733,0.27915514,2.1699057,1.9421136
5408,2.1630828,-0.10480586,-0.10113897,0.4566777,0.7652304172515869,0.22980131,5.938546,2.5316544
5409,2.3467333,-0.06344992,-0.32360846,0.4436472,0.8233963847160339,0.20700462,3.296488,2.37133
5410,2.293792,-0.046682127,-0.22744182,0.45971653,0.7184045910835266,0.26768258,3.127857,2.7490578
5411,2.397731,0.0280448,-0.3628286,0.33458063,0.599799394607544,0.24223807,2.420974,2.5546622
5412,2.2443328,-0.0428718,-0.29668933,0.45086867,0.7267072796821594,0.26769683,4.5299044,2.6944919
5413,2.285337,-0.048728745,-0.231986,0.33972794,0.8292761445045471,0.1923114,3.6583729,2.4574735
5414,2.2506661,-0.09958882,-0.2671959,0.4304149,0.8227663636207581,0.19470592,4.504754,1.8765239
5415,2.1807625,0.040586114,-0.17877512,0.43885008,0.7829685211181641,0.22677024,3.733477,2.7231266
5416,2.2091467,0.0006780871,-0.17339107,0.46859178,0.8487619161605835,0.18947406,3.099574,2.7331605
5417,2.2369545,-0.023471896,-0.2101904,0.44447103,0.8097896575927734,0.22111829,3.7275689,2.4481912
5418,2.306781,-0.056276724,-0.27534848,0.36425534,0.7109214663505554,0.231625,3.415339,2.3982449
5419,2.2900534,-0.058971934,-0.31459895,0.4431501,0.7996828556060791,0.19741115,3.661109,1.906573
5420,2.2054405,-0.048201654,-0.22333914,0.52922404,0.85,0.15412197,4.0945225,1.8183938
5421,2.2589638,-0.006119709,-0.20349678,0.4243828,0.7897087335586548,0.19537152,3.415844,2.0127223
5422,2.269835,0.015599356,-0.28640813,0.3886414,0.6822081804275513,0.2891639,3.7320874,2.7991102
5423,2.4205139,-0.1398129,-0.25882098,0.5290539,0.33379003405570984,0.23543759,2.30185,1.6754307
5424,2.2794845,-0.046651017,-0.2836209,0.638277,0.7788675427436829,0.23599142,3.3579473,2.2423356
5425,2.2357523,-0.13530847,-0.23067883,0.5294525,0.8320906162261963,0.21326604,5.02698,2.5465055
5426,2.226524,-0.17166305,-0.26709703,0.5113806,0.7552029490470886,0.26610628,6.486118,2.1716394
5427,2.3284793,-0.006480727,-0.3284831,0.567778,0.6790345311164856,0.269181,2.837979,2.2006757
5428,2.1852293,-0.046260342,-0.19819014,0.42940915,0.7508927583694458,0.25446066,5.5782313,2.1715968
5429,2.2002816,0.0662066,-0.20483328,0.38054758,0.8264228701591492,0.21872875,3.618711,2.0975995
5430,2.2620249,0.05839936,-0.26303303,0.35517216,0.8371919989585876,0.18289937,3.1903787,2.5361302
5431,2.2300994,-0.08395373,-0.27214798,0.51177216,0.7375951409339905,0.2461782,5.1812778,2.1031225
5432,2.3607948,0.017548824,-0.3334815,0.4083771,0.5888819098472595,0.2799861,2.7382197,2.3159158
5433,2.270782,-0.03279946,-0.26020893,0.5821883,0.8329391479492188,0.1968671,3.1514494,2.015231
5434,2.288288,-0.037010662,-0.2288415,0.5424008,0.7033267021179199,0.24117717,3.0740461,2.457087
5435,2.4024115,-0.15589973,-0.28107452,0.48122272,0.6109916567802429,0.27688953,2.8201876,2.4435625
5436,2.3023555,-0.018431084,-0.31764728,0.4812747,0.7593756318092346,0.24794903,3.3946383,2.4595063
5437,2.2625287,-0.0938368,-0.24860252,0.5641271,0.8213491439819336,0.19056863,3.7279463,2.005503
5438,2.3174663,0.09262228,-0.3504573,0.483985,0.769487202167511,0.23285241,2.6775208,2.4088614
5439,2.3224602,-0.054208193,-0.26287705,0.5052076,0.6811665892601013,0.24737355,2.6309564,2.1703832
5440,2.2653103,-0.023234317,-0.20486797,0.45647052,0.6682098507881165,0.25901508,3.5332832,1.6974993
5441,2.1945794,-0.02190691,-0.14569704,0.49174017,0.6248406767845154,0.2828583,4.3749757,2.762572
5442,2.125292,-0.020894866,-0.27583376,0.40128773,0.8022415041923523,0.2890219,13.416798,2.4898198
5443,2.107319,0.10974649,-0.1649889,0.4059144,0.7992643713951111,0.24377751,5.72225,2.71222
5444,2.2374825,0.08257904,-0.23663609,0.43435222,0.85,0.15039867,3.151538,1.5297189
5445,2.2600381,-0.06863455,-0.19136341,0.42571458,0.7692078948020935,0.20974478,3.1899931,2.6696584
5446,2.376627,-0.0551259,-0.27829984,0.5103766,0.7638760805130005,0.19357237,2.4628966,1.86799
5447,2.220626,-0.055231337,-0.18000433,0.50924563,0.7363082766532898,0.26175424,3.960503,2.2999408
5448,2.2724965,-0.22796565,-0.31056267,0.49653837,0.7516629099845886,0.28065285,7.9282064,2.7107058
5449,2.1836648,0.023835013,-0.29373297,0.46645975,0.5938819646835327,0.32864812,5.445154,2.6102614
5450,2.266561,0.026535166,-0.21618354,0.5046398,0.7105355262756348,0.25587416,2.9386795,2.2321591
5451,2.3268435,0.043261316,-0.29654223,0.428269,0.7774630784988403,0.20297877,2.8617706,1.7478174
5452,2.267109,0.009224999,-0.24184872,0.29037362,0.772746741771698,0.25966793,3.686925,2.4590125
5453,2.2399127,0.032277513,-0.14460269,0.48899546,0.8301575779914856,0.18885054,2.9672668,2.8139992
5454,2.1582155,0.102963015,-0.14191769,0.5815637,0.6906561255455017,0.2800153,3.1726594,2.4991777
5455,2.3050926,-0.08405059,-0.3007229,0.5290073,0.7060762047767639,0.2658953,3.507499,2.7336583
5456,2.2455842,-0.021812525,-0.20620449,0.52675855,0.7815307974815369,0.23471546,3.2854066,2.8637457
5457,2.2296112,-0.16849543,-0.23534971,0.485218,0.7923259139060974,0.23351984,5.7423205,2.4267135
5458,2.1684937,-0.062639736,-0.235574,0.5267963,0.7801119685173035,0.24634014,5.880188,1.8997964
5459,2.3434353,-0.073484704,-0.14765063,0.4994253,0.6403091549873352,0.20064144,2.2682998,1.9137692
5460,2.4560018,-0.05865625,-0.2802821,0.37105137,0.3541046380996704,0.28312936,2.21414,2.5397162
5461,2.2439086,0.0015105073,-0.17379087,0.4193028,0.717059314250946,0.26091358,3.292516,2.3229785
5462,2.2329195,0.052734606,-0.2377974,0.5067393,0.6421282291412354,0.26456723,2.8802886,2.3041615
5463,2.2836668,-0.042104557,-0.30165437,0.5716656,0.8494877219200134,0.17456083,3.360625,2.2664435
5464,2.3212807,-0.21522537,-0.22136924,0.5149608,0.7236949801445007,0.25464243,3.3983717,2.500387
5465,2.1933463,0.01795754,-0.18581212,0.30720183,0.7938300371170044,0.23544116,4.7166677,2.8751879
5466,2.2035956,0.009739048,-0.12133246,0.45696568,0.7515403628349304,0.24603748,3.3566897,2.6683521
5467,2.2760432,-0.08209443,-0.23881023,0.49840412,0.7317599058151245,0.2651662,3.850614,2.8565924
5468,2.1704028,-0.030265288,-0.1990931,0.46967095,0.74625164270401,0.2896965,5.736184,2.597576
5469,2.230671,-0.21479401,-0.29176408,0.5826714,0.8196266889572144,0.24673758,8.179682,2.0230675
5470,2.1995997,0.011563674,-0.26605326,0.5597727,0.8283267021179199,0.22908251,4.9210324,2.529697
5471,2.2179275,0.0889116,-0.19030377,0.4001901,0.8108494877815247,0.19487366,2.965873,2.1739995
5472,2.2340832,-0.028353332,-0.21227442,0.60120416,0.7489017844200134,0.24806249,3.6928766,2.6166682
5473,2.3763933,-0.09373537,-0.25492057,0.48822203,0.6198866963386536,0.25785616,2.5016146,2.2171965
5474,2.1520965,-0.08656779,-0.19225684,0.49797553,0.7620521187782288,0.2664738,8.50264,2.905159
5475,2.3636947,-0.008458579,-0.3446253,0.5405582,0.6138806343078613,0.2607697,2.6773815,2.6639187
5476,2.4103878,-0.024373917,-0.27784452,0.4191554,-0.25983142852783203,0.19537719,2.0567346,2.0760984
5477,2.2619176,-0.06810489,-0.14528525,0.4997745,0.7221887111663818,0.2506958,3.1131985,2.455928
5478,2.2495995,-0.11764495,-0.23563623,0.52269673,0.7116114497184753,0.26532432,4.7348905,2.3360188
5479,2.362725,-0.0065385145,-0.32072502,0.5431134,0.6902163624763489,0.21891019,2.2587008,1.7406958
5480,2.2703626,-0.06649556,-0.21131006,0.4918791,0.8465047478675842,0.16818438,3.10758,1.9534193
5481,2.3982162,0.041442536,-0.33358818,0.3300189,0.39450687170028687,0.26966125,2.3249936,2.589312
5482,2.3163745,0.050372556,-0.30823976,0.42221463,0.6726904511451721,0.28334045,2.9351513,2.4608884
5483,2.4576423,-0.16509026,-0.27014866,0.59987676,0.6083496809005737,0.23274443,2.1066215,1.8790892
5484,2.2049677,-0.068874106,-0.18159357,0.5961228,0.7944151759147644,0.25003117,3.9881375,2.7438052
5485,2.1588972,-0.050399426,-0.22490415,0.54900825,0.7266764640808105,0.28366643,6.922623,2.6919837
5486,2.2980642,-0.07837591,-0.18973655,0.49818578,0.7352744340896606,0.2283139,2.83815,2.128182
5487,2.482807,-0.08690053,-0.4031591,0.4681604,0.4804866909980774,0.23035394,2.196435,1.8033195
5488,2.4020677,-0.10221042,-0.27104333,0.48423204,0.699497640132904,0.18789749,2.2830424,1.6512234
5489,2.295543,-0.012914156,-0.22296874,0.40952134,0.7222707271575928,0.24761155,2.759776,2.1749294
5490,2.297184,0.037434246,-0.31593302,0.39394337,0.7009594440460205,0.27477935,3.4252806,2.7207422
5491,2.2597306,-0.12166908,-0.2903078,0.624289,0.85,0.16219458,4.025448,2.1437018
5492,2.2234976,-0.026660092,-0.2087034,0.4386679,0.6578407883644104,0.284973,4.2114687,2.525812
5493,2.2839487,-0.049176715,-0.22177175,0.58385044,0.7413990497589111,0.26428503,2.8093917,2.443446
5494,2.2368603,-0.06460491,-0.24477156,0.40377486,0.8266652822494507,0.20913549,5.0104923,2.5782962
5495,2.2644856,-0.012909341,-0.28151757,0.5010515,0.686765193939209,0.2791656,4.0158563,2.834427
5496,2.2459435,0.0010163302,-0.18742003,0.46996373,0.674638032913208,0.27408618,3.5634482,2.4404154
5497,2.212278,0.03150503,-0.21484874,0.4791549,0.7197929620742798,0.26986286,3.592149,2.8565156
5498,2.2241263,-0.058496594,-0.2272043,0.44079342,0.7343857884407043,0.25779897,4.566251,2.511529
5499,2.2607057,0.026270146,-0.18499067,0.4679377,0.674925684928894,0.2736099,2.7834284,2.6136465
5500,2.178275,-0.026280612,-0.2206334,0.44333634,0.7530857920646667,0.2325395,5.651866,1.9840608
5501,2.22834,-0.033008423,-0.115524486,0.4744177,0.7914412617683411,0.21613494,2.9068825,1.6497128
5502,2.3376641,0.018145138,-0.30788082,0.4088672,0.6782419681549072,0.23177354,2.9924712,1.7199585
5503,2.461297,-0.06195494,-0.3495723,0.49281812,0.6917734146118164,0.13630074,2.0690491,1.7051004
5504,2.205633,0.024320398,-0.20690095,0.41863263,0.843258261680603,0.20470892,3.8183174,2.2170517
5505,2.248433,-0.10266694,-0.20489787,0.6933672,0.8215339183807373,0.20217305,3.298318,2.244979
5506,2.3739557,-0.027747953,-0.36561126,0.37492326,0.7915547490119934,0.22897688,3.277966,2.264409
5507,2.2527792,-0.12439181,-0.184576,0.42481497,0.8175057172775269,0.19059339,4.2301407,1.7002864
5508,2.19102,0.02760174,-0.2757554,0.39224213,0.7239827513694763,0.24934101,5.0140615,2.6691446
5509,2.1691184,-0.0076032863,-0.29965967,0.59288263,0.790764570236206,0.2344961,5.378829,1.7804275
5510,2.2922606,-0.07859915,-0.2108576,0.45213738,0.8313984870910645,0.17075495,2.838933,1.364763
5511,2.204948,0.008745851,-0.26629275,0.41319996,0.795400857925415,0.22335908,4.638592,2.9120543
5512,2.3323882,-0.025823053,-0.19187145,0.35194367,0.5271471738815308,0.2858923,2.6078055,2.615108
5513,2.3646238,0.03862259,-0.27209437,0.4841673,0.35815414786338806,0.26997784,2.2832801,2.6377623
5514,2.208678,-0.14666608,-0.25256774,0.5377898,0.7207418084144592,0.28059033,6.3549027,2.496379
5515,2.278367,-0.0013488875,-0.18729484,0.33311298,0.6214318871498108,0.28399518,2.9490793,2.5166337
5516,2.201738,-0.010258923,-0.23077905,0.45709586,0.8291342854499817,0.21862523,4.1695147,1.7775167
5517,2.248218,0.06691895,-0.26338488,0.5216242,0.7498690485954285,0.18913099,3.097132,2.0590003
5518,2.2978806,-0.051501654,-0.30547464,0.48638818,0.7572736740112305,0.24189489,3.3549592,2.1229281
5519,2.31562,-0.099478066,-0.27975354,0.3859636,0.7332927584648132,0.25668827,3.7035396,2.2346144
5520,2.1845572,0.017160343,-0.33333057,0.36661375,0.7222235202789307,0.30228683,8.277105,2.8480477
5521,2.2730737,-0.1425821,-0.14465562,0.5027015,0.8249151110649109,0.18635906,3.070853,2.3434057
5522,2.2670007,-0.06680733,-0.23640835,0.502484,0.7955365180969238,0.24383874,3.3805647,2.3548164
5523,2.2031484,0.039323486,-0.20804845,0.40804687,0.7175081372261047,0.26304355,3.575069,1.9247639
5524,2.3691864,-0.1426576,-0.21808302,0.41879812,0.7430896162986755,0.23686896,2.75832,2.8599625
5525,2.3373036,0.052849762,-0.24062674,0.35330772,0.6153634190559387,0.2086665,2.1034586,1.4487351
5526,2.282445,-0.06108296,-0.2241295,0.38592526,0.567331075668335,0.32858795,3.9288266,2.7884843
5527,2.175805,-0.054001752,-0.2211139,0.4863861,0.7194938063621521,0.29095048,6.390451,2.1009073
5528,2.1862447,-0.05647515,-0.2552956,0.38246095,0.82923424243927,0.2067188,6.529666,2.1644983
5529,2.44136,0.00079170935,-0.3307942,0.37029186,0.44206684827804565,0.24455735,2.1706257,1.9511294
5530,2.3017418,-0.017252969,-0.26543012,0.46875715,0.7141579985618591,0.26427212,3.196841,2.489632
5531,2.3429432,-0.054718208,-0.22446044,0.5171424,0.40867185592651367,0.30721366,2.4960809,2.693175
5532,2.143785,-0.07294499,-0.22845383,0.41575897,0.7599557042121887,0.31451032,10.708793,2.8503704
5533,2.2702742,-0.08848114,-0.24747497,0.54262793,0.6675835251808167,0.29031685,3.834764,2.8094852
5534,2.2656174,-0.06106352,-0.21289779,0.4496954,0.8007791638374329,0.21270384,3.2300556,2.4550972
5535,2.2260904,-0.014300355,-0.20199762,0.4222253,0.8040561079978943,0.22292393,3.6161184,2.530254
5536,2.2926207,-0.12098588,-0.19835627,0.55050796,0.7260543704032898,0.2584884,3.1362102,1.9809195
5537,2.2285943,-0.050511904,-0.2390289,0.4273223,0.8110750913619995,0.20982595,3.9484937,2.6262448
5538,2.215162,0.08313861,-0.26464805,0.4709191,0.8307051658630371,0.23338912,3.838167,2.3907611
5539,2.1779065,0.057906788,-0.14064373,0.36669093,0.7032505869865417,0.2684825,4.0186524,2.3940327
5540,2.3361442,-0.14733185,-0.2553987,0.5954082,0.7235291600227356,0.26300305,3.3228881,2.0652733
5541,2.2945294,-0.039657883,-0.28746915,0.6559545,0.6952521204948425,0.27570963,3.1114028,2.8638372
5542,2.3333972,-0.008569606,-0.33291355,0.4136758,0.7082135081291199,0.2637054,2.901351,2.7137952
5543,2.1939275,0.009462332,-0.15366708,0.3760991,0.8290810585021973,0.20006844,3.7977664,2.3938909
5544,2.379667,0.029814875,-0.32696226,0.40477103,0.5853238105773926,0.2351293,2.3299396,1.6708494
5545,2.1335926,0.043063167,-0.19420944,0.38839877,0.7133017778396606,0.26942948,6.723984,2.8493938
5546,2.1974993,0.10913359,-0.26045966,0.38794136,0.7652149796485901,0.2531054,3.92099,2.316694
5547,2.3871934,0.03170615,-0.24793045,0.5148914,0.3199418783187866,0.22167389,2.0449116,2.3573585
5548,2.3814812,-0.062063605,-0.20980485,0.5370199,0.25270330905914307,0.27181232,2.064591,1.7317674
5549,2.194052,-0.04022534,-0.20550846,0.48054692,0.8287467360496521,0.1835867,4.644624,1.8467993
5550,2.2783175,-0.016608246,-0.2501139,0.554152,0.6862756609916687,0.27652988,3.394281,2.5852828
5551,2.3959115,-0.16327342,-0.2396103,0.59789944,0.606304943561554,0.25341386,2.3891888,2.165517
5552,2.3022172,0.08690023,-0.3046428,0.40212774,0.6281059980392456,0.29098386,2.996213,2.8728013
5553,2.240882,-0.025458546,-0.22346124,0.57089347,0.7794685959815979,0.2281939,3.4579592,1.9643995
5554,2.404044,-0.032752506,-0.2599063,0.49199286,0.259822815656662,0.31351024,2.2401583,2.4730692
5555,2.4884744,-0.047629435,-0.4281157,0.49205902,0.31414830684661865,0.3011864,2.3227336,2.6858327
5556,2.3200133,-0.09335311,-0.2641386,0.42681694,0.786346971988678,0.25223503,3.0528913,2.6241612
5557,2.2573211,0.0007097233,-0.26368496,0.59949183,0.7170380353927612,0.27054724,3.4673378,2.1982114
5558,2.2082489,0.058868527,-0.21926135,0.49449608,0.669204831123352,0.28235823,3.6465461,2.4602602
5559,2.3593771,0.002796886,-0.31854618,0.4490893,0.7357594966888428,0.2497737,2.7503996,2.4293923
5560,2.3485153,0.056388307,-0.2121244,0.42823386,0.44782161712646484,0.27473125,2.1401525,2.6608663
5561,2.2670977,-0.08854635,-0.15773007,0.42564172,0.7452326416969299,0.24822848,3.3607528,2.7609112
5562,2.3561168,0.06194439,-0.27928624,0.49552196,0.630112886428833,0.19285934,2.0717006,2.0369003
5563,2.211915,0.034630086,-0.17100567,0.48290977,0.7982558608055115,0.20830038,3.2542686,1.9629507
5564,2.3546722,0.07776495,-0.31610718,0.4863455,0.16215398907661438,0.3337351,2.4292686,2.858471
5565,2.2551904,0.08596673,-0.26024497,0.343088,0.68798828125,0.26804155,3.3746963,2.6308522
5566,2.2367883,-0.054564193,-0.19111946,0.41023704,0.8457937240600586,0.19887891,3.505334,2.5181024
5567,2.4346805,0.007642828,-0.34013712,0.3979552,0.5554709434509277,0.1941159,2.118143,1.67458
5568,2.3790166,-0.03264271,-0.17708588,0.5045876,0.37201812863349915,0.26925474,2.0781002,2.6381595
5569,2.2984657,-0.013591465,-0.23391618,0.5362524,0.7789803743362427,0.2079928,2.798254,2.4540563
5570,2.1673095,-0.092429064,-0.1797396,0.43500167,0.7864068746566772,0.24527226,6.298415,1.867575
5571,2.2694528,0.04531108,-0.26097184,0.43736225,0.681110680103302,0.27567762,3.3871894,2.5979185
5572,2.2195706,-0.04347406,-0.24651271,0.54542947,0.7393226623535156,0.25817323,4.1160994,2.2260804
5573,2.1604402,-0.0016822463,-0.08588645,0.35906336,0.8393253684043884,0.219577,4.5481105,2.366155
5574,2.2303827,-0.047416918,-0.28836328,0.41155434,0.8384466767311096,0.19696593,5.450034,2.625835
5575,2.1707613,-0.13531433,-0.16043958,0.5121192,0.7570176720619202,0.26241964,6.1711197,2.8147206
5576,2.1567752,0.07588366,-0.21802461,0.36050558,0.7528544664382935,0.26235607,4.768155,2.0537364
5577,2.224475,0.03735819,-0.14181706,0.38046598,0.7882044315338135,0.21956319,3.0063672,2.385742
5578,2.2447793,0.017506944,-0.18693258,0.446191,0.6706533432006836,0.27158397,3.2840643,2.679761
5579,2.2940617,-0.05915118,-0.2639298,0.44370502,0.64592444896698,0.29270804,3.3828473,2.8744452
5580,2.3343112,0.05698179,-0.26766685,0.4496646,0.6877554655075073,0.21822539,2.3137836,1.9929439
5581,2.2737963,-0.059785962,-0.26282597,0.48174268,0.7696243524551392,0.21653172,3.5854518,2.1060615
5582,2.257141,-0.019086596,-0.26592827,0.511728,0.8064807057380676,0.22344133,3.671502,2.3096108
5583,2.2343051,-0.08167772,-0.29408938,0.4383721,0.8060531616210938,0.24525163,5.671716,2.5591867
5584,2.4468586,-0.08541821,-0.42859483,0.49390882,0.6476592421531677,0.26309022,2.9056711,2.7620754
5585,2.1566186,0.09926381,-0.13859826,0.31974366,0.8237509727478027,0.21122572,4.049165,2.1854358
5586,2.2735026,-0.0941325,-0.28033492,0.5159838,0.7521865367889404,0.25082287,3.9472742,2.220701
5587,2.2316275,0.054484893,-0.19138005,0.47015688,0.5431482791900635,0.3061239,3.5127547,2.0545402
5588,2.2530532,0.015885016,-0.23964138,0.51807326,0.6688191294670105,0.288998,3.3825917,2.4982276
5589,2.4598894,-0.08929174,-0.27680779,0.61420786,0.5417301058769226,0.20062858,2.1088226,2.0975268
5590,2.2389164,-0.14523476,-0.1851338,0.61860937,0.7967370748519897,0.21230978,3.7779412,2.3393707
5591,2.3535862,-0.07875678,-0.3064393,0.5459841,0.7221426963806152,0.25825015,2.484814,2.121135
5592,2.3693001,-0.009001529,-0.26599905,0.35560763,0.5012576580047607,0.20717484,2.347619,1.6133382
5593,2.2796772,-0.015464836,-0.31899065,0.3828409,0.7689768671989441,0.25132838,3.7659862,2.7585814
5594,2.1689708,-0.0042626373,-0.21566653,0.34853402,0.7520614862442017,0.25833791,6.2023067,2.4755988
5595,2.410178,-0.076812014,-0.3506097,0.51061124,0.7722939848899841,0.16198769,2.4835932,1.6468657
5596,2.259856,-0.05393897,-0.17403057,0.4193647,0.746941864490509,0.24792852,3.5848725,2.4276385
5597,2.324459,-0.09711393,-0.29265538,0.48796415,0.7697311043739319,0.23232391,3.5954027,2.1660433
5598,2.2118669,0.04209894,-0.26823002,0.33096653,0.8418679237365723,0.2026241,4.2016597,2.0939934
5599,2.0923092,0.03722598,-0.03969207,0.5817602,0.7399219870567322,0.28973806,4.480325,2.4135165
5600,2.222549,0.06936192,-0.29511875,0.44723424,0.8060844540596008,0.22767317,4.439652,2.4441607
5601,2.3243988,-0.0051007094,-0.26546845,0.5037613,0.729151725769043,0.2453174,2.5946825,2.0016026
5602,2.4228399,-0.14597522,-0.4012795,0.63899684,0.7595226764678955,0.21877593,2.7714303,1.9779792
5603,2.40897,-0.02087046,-0.25844654,0.58578956,0.5173019170761108,0.13462928,2.0938234,1.4871795
5604,2.166279,-0.05092175,-0.22435723,0.40838754,0.8231821656227112,0.20590813,5.288171,1.6893749
5605,2.2502348,0.11705407,-0.2465015,0.37487143,0.6021857261657715,0.30773997,2.9192743,2.7326903
5606,2.2826304,-0.0879255,-0.24617013,0.49163973,0.8192172646522522,0.223607,3.7555008,2.548245
5607,2.2711544,-0.03630032,-0.26519844,0.46126056,0.7230080366134644,0.2733963,3.844566,2.6935132
5608,2.3550038,-0.049370233,-0.19260943,0.33953643,0.6683054566383362,0.23134857,2.5568686,1.9281328
5609,2.299473,-0.08687321,-0.31931224,0.4397594,0.8135530948638916,0.22228849,4.0025277,2.3346937
5610,2.3547611,-0.044970658,-0.23946537,0.3913764,0.6167101860046387,0.23764746,2.6851063,1.7981603
5611,2.2309153,-0.012554756,-0.28200862,0.46415338,0.7329106330871582,0.2450328,4.499635,2.359912
5612,2.4199347,-0.0024230375,-0.35062313,0.36467227,0.5621487498283386,0.21531323,2.2086735,1.857726
5613,2.1693923,-0.05364167,-0.2376733,0.48329908,0.8494272232055664,0.2124766,6.0971584,2.6399674
5614,2.384366,-0.12242515,-0.23332898,0.633415,0.7083721160888672,0.22500178,2.2961845,2.796329
5615,2.2097995,0.039528303,-0.251352,0.5049781,0.7719696760177612,0.24188869,3.7534406,1.7785606
5616,2.2449675,0.211341,-0.25856677,0.34819853,0.6194612383842468,0.26457775,2.8856637,1.9860591
5617,2.3071055,0.06104294,-0.25102267,0.5624127,0.4661642909049988,0.24267973,2.3507836,1.7232375
5618,2.2414432,0.05390795,-0.17486115,0.2545117,0.6862719655036926,0.265627,3.3635218,2.0596375
5619,2.433434,-0.15712786,-0.3791398,0.61082757,0.7275478839874268,0.24914737,2.7897506,2.0256295
5620,2.3275175,-0.029130677,-0.31076008,0.46756122,0.6266064047813416,0.29111925,3.126512,2.7265708
5621,2.230825,0.048092086,-0.19566393,0.584047,0.7862639427185059,0.21315525,2.7956727,1.6655147
5622,2.2700114,0.00084941357,-0.29246584,0.4279916,0.708681046962738,0.2660261,3.6593444,2.9055727
5623,2.2988517,0.016028503,-0.14269237,0.33513606,0.641553521156311,0.21238306,2.2235165,1.6058502
5624,2.2187922,0.0219773,-0.25711703,0.4163481,0.7917455434799194,0.23821393,3.8180215,2.464564
5625,2.3020146,0.039948534,-0.26621506,0.39612094,0.7729443311691284,0.21544169,3.0008137,2.2107952
5626,2.2118654,0.06819914,-0.24152847,0.5156483,0.8083097338676453,0.22973812,3.6807723,2.3763645
5627,2.2067325,-0.08881934,-0.20541912,0.57488555,0.85,0.17852725,4.169932,2.2610962
5628,2.181717,0.067684,-0.12024356,0.4000775,0.85,0.19132565,3.4547577,2.1793568
5629,2.2052171,-0.0117256995,-0.21114202,0.43233177,0.85,0.19438055,4.2323847,1.9098923
5630,2.3853924,-0.10707589,-0.253296,0.50257856,0.23504756391048431,0.31518266,2.5029724,2.612256
5631,2.1381822,-0.004840503,-0.21904176,0.47018802,0.8031209111213684,0.22642127,6.827674,2.4581788
5632,2.342354,-0.015449527,-0.31370038,0.37139368,0.7951172590255737,0.12909438,2.2290184,1.0894696
5633,2.3109035,-0.0391468,-0.23539421,0.5357306,0.7432918548583984,0.2120485,2.7193635,2.3074443
5634,2.2534704,0.0041422807,-0.23649108,0.5140323,0.7318606376647949,0.23925728,3.513221,2.3243585
5635,2.2266152,0.13250779,-0.2543921,0.37631723,0.8138530850410461,0.2168048,3.2800446,2.6694958
5636,2.0664048,0.087734014,-0.2378616,0.45217723,0.8059645295143127,0.27270865,9.899616,1.6944795
5637,2.2569416,-0.09673195,-0.24631073,0.504315,0.7951493859291077,0.22193433,3.858192,1.5651772
5638,2.1819553,0.028769666,-0.1313305,0.6022702,0.7130444645881653,0.2834302,3.8947594,2.6235883
5639,2.2648506,-0.07483762,-0.18049599,0.6251688,0.7772688269615173,0.25427464,2.74523,2.5962212
5640,2.3306215,-0.06473937,-0.26081747,0.45264181,0.7181998491287231,0.25123867,2.910327,2.6522448
5641,2.300564,0.0055427286,-0.19885853,0.4460487,0.6965375542640686,0.23102902,2.634167,1.9055951
5642,2.3363314,0.0071014543,-0.43319649,0.5067219,0.7815250158309937,0.22041012,3.497914,2.24294
5643,2.1902363,-0.06763415,-0.13278884,0.5004136,0.6975026726722717,0.26880565,4.22532,2.7338688
5644,2.3062866,-0.06079035,-0.23434699,0.50091153,0.8484598994255066,0.15917943,2.8688443,1.9507263
5645,2.245614,-0.040680848,-0.29763085,0.5363812,0.7306770086288452,0.27233854,4.5031867,2.8082879
5646,2.2062001,0.09499218,-0.24605611,0.38902774,0.8120458126068115,0.22115092,3.5779016,2.466519
5647,2.2795272,-0.0524222,-0.24085745,0.43451452,0.6645894646644592,0.29085284,3.7244315,2.5374858
5648,2.208274,0.06694566,-0.20235504,0.39874762,0.7288616895675659,0.24770227,3.243699,2.7079353
5649,2.1954489,-0.042898495,-0.19596618,0.534764,0.6707069277763367,0.2906686,4.214724,2.2448356
5650,2.3398411,0.09847897,-0.24641764,0.46811217,0.7770508527755737,0.16566522,2.0778944,1.6179622
5651,2.2072911,-0.031621184,-0.08451647,0.36786345,0.7890146970748901,0.24001503,3.4832845,2.8091621
5652,2.2175834,0.0527879,-0.29071954,0.53575224,0.7438904643058777,0.2673395,4.1966524,2.5706158
5653,2.3820386,-0.27563608,-0.27979895,0.5076723,0.8050135374069214,0.21067296,3.93397,2.666018
5654,2.3591557,-0.17254186,-0.34672526,0.49334392,0.85,0.17517339,3.690862,2.0554824
5655,2.1901698,0.019410305,-0.216767,0.49311674,0.7866530418395996,0.22525546,4.2725034,2.5069234
5656,2.2154882,0.07450485,-0.29011056,0.46511802,0.8212798833847046,0.21482621,3.9551306,2.7120416
5657,2.2321541,-0.045222748,-0.14460577,0.4957261,0.6370565295219421,0.3006642,3.394615,2.459033
5658,2.3604455,-0.14620768,-0.20978223,0.6316063,0.7628853917121887,0.1962896,2.1436381,1.3281034
5659,2.3621569,-0.052437447,-0.384289,0.4478224,0.8026478290557861,0.23347917,3.3033328,2.4734387
5660,2.2802408,-0.013065526,-0.3285266,0.5177004,0.85,0.16046602,3.2276685,1.7257559
5661,2.291322,-0.102337256,-0.25221378,0.4404889,0.8184454441070557,0.20273505,3.851815,1.9716171
5662,2.2206223,0.05006786,-0.106337145,0.3395049,0.6895531415939331,0.2671998,3.1265018,2.6040542
5663,2.279462,-0.060973328,-0.3161457,0.49120042,0.8474386930465698,0.1898408,3.81175,2.2836614
5664,2.3335364,-0.15429585,-0.23861483,0.41980436,0.7901203632354736,0.25153086,3.729949,2.6595304
5665,2.2920444,-0.06479777,-0.24098504,0.40948048,0.6792649626731873,0.27391267,3.375545,2.7809033
5666,2.1652036,0.008591103,-0.19887851,0.38388535,0.708999752998352,0.2671246,5.6062403,2.6000624
5667,2.0126486,0.0071147257,-0.078810945,0.3807693,0.7295015454292297,0.33195317,14.516753,2.5891037
5668,2.2298293,-0.055292334,-0.18219852,0.50402725,0.748817503452301,0.23893607,3.149964,2.661621
5669,2.2547774,0.036633115,-0.24908409,0.3406229,0.7831221222877502,0.22707497,3.5741765,2.4901521
5670,2.4330437,-0.11743088,-0.38205475,0.56114453,0.7477232813835144,0.23212047,2.5136056,2.5055866
5671,2.273203,0.04585382,-0.15096451,0.4282243,0.6915284395217896,0.2142372,2.4376168,2.0296724
5672,2.1986995,-0.010434255,-0.19940662,0.49720907,0.8282319903373718,0.22549738,4.2527876,2.1535895
5673,2.1512623,0.05477732,-0.16515203,0.38991508,0.664597749710083,0.2858584,5.1537733,2.79789
5674,2.074332,0.09715965,-0.30894125,0.47554746,0.788101077079773,0.2952868,11.695161,1.3388008
5675,2.3023953,-0.017116113,-0.15929118,0.4031283,0.6266981363296509,0.2195828,2.4263883,2.1593568
5676,2.241116,-0.029852448,-0.21817851,0.39100727,0.7767446637153625,0.23442124,3.9107318,2.7514899
5677,2.3064008,-0.029297754,-0.2606489,0.41082916,0.7283660769462585,0.21991307,2.9124103,1.536509
5678,2.2879508,0.1313529,-0.25433242,0.5368185,0.3323444724082947,0.29799524,2.4033182,2.4680104
5679,2.2361844,-0.06723817,-0.1599617,0.4544124,0.7489519715309143,0.23545049,3.8161073,2.2904973
5680,2.4880617,-0.15932104,-0.29272607,0.48441276,0.7687711715698242,0.17720826,2.0691402,1.3297868
5681,2.1704285,0.017328864,-0.22893468,0.5229419,0.6967531442642212,0.25951692,4.851799,2.4952455
5682,2.3692343,-0.010629626,-0.31714883,0.41546133,0.6342371106147766,0.2780493,2.9103706,2.6599076
5683,2.1027668,-0.0053275493,-0.080825634,0.37140104,0.8357840776443481,0.21473978,5.7358665,1.6188381
5684,2.2784357,-0.0036526888,-0.21267441,0.36302733,0.7600215077400208,0.20738415,3.2077136,1.7560059
5685,2.3198552,0.04994864,-0.3046843,0.37620354,0.7356594800949097,0.25703424,2.9778805,1.871789
5686,2.1904166,-0.08697565,-0.25860122,0.53987855,0.7558249235153198,0.2789425,6.91933,2.5786223
5687,2.1715152,-0.03325545,-0.23467036,0.5542838,0.7396050095558167,0.27379563,5.5599856,2.6781828
5688,2.2226584,-0.051994555,-0.17511952,0.39503628,0.7941142320632935,0.23176508,3.6751153,2.725311
5689,2.3860135,0.088464014,-0.32762638,0.33062392,0.6082678437232971,0.2435528,2.2416077,2.2919462
5690,2.1558945,0.025833184,-0.2557791,0.4646073,0.7600839734077454,0.25299218,5.4873004,2.4997313
5691,2.17257,0.06664716,-0.1877088,0.4375139,0.7773376107215881,0.22514628,3.7170389,2.76412
5692,2.1915104,-0.0375748,-0.25715876,0.42760047,0.8223057985305786,0.21581043,5.305066,2.70627
5693,2.2239072,0.0038574298,-0.23370856,0.3646448,0.85,0.17228003,3.7645128,2.5569937
5694,2.2019446,0.08886835,-0.27040213,0.43149343,0.7663182020187378,0.21072261,3.8863995,1.9599888
5695,2.113046,-0.113096185,-0.11334312,0.517387,0.8047400116920471,0.2750829,8.78163,2.5934477
5696,2.2120147,-0.122717716,-0.062677145,0.41994596,0.7805294394493103,0.22085586,4.135493,2.4481568
5697,2.3388824,-0.03954403,-0.26979858,0.38862047,0.8056942820549011,0.17991106,2.7160528,1.6451114
5698,2.2287858,-0.10655941,-0.20910369,0.44649434,0.7555557489395142,0.26278198,4.884638,2.7980025
5699,2.2866232,-0.050857794,-0.26999477,0.5324107,0.7466639280319214,0.24943188,3.590889,2.4272559
5700,2.365654,-0.13283527,-0.2663565,0.49603435,0.7659277319908142,0.19209635,2.5718813,1.5118285
5701,2.3772671,-0.07896898,-0.34676346,0.4586108,0.7728008031845093,0.20852411,3.0562263,1.856104
5702,2.262626,0.05142365,-0.30689788,0.6032314,0.8021930456161499,0.24244973,3.2051902,2.61362
5703,2.1618469,0.008633303,-0.1341497,0.41130325,0.7924804091453552,0.22835217,4.1050005,2.3063138
5704,2.4625008,-0.16380744,-0.36449847,0.5241463,0.4253072738647461,0.30976248,2.3569465,2.2794542
5705,2.243411,0.045295406,-0.21414512,0.409361,0.8158717751502991,0.21934532,3.3650692,2.7030957
5706,2.221283,-0.0067873476,-0.22906524,0.4518041,0.785611629486084,0.2729086,4.1215396,2.5919049
5707,2.2222726,0.08275275,-0.11055889,0.5002824,0.7972006797790527,0.18536246,2.420438,1.9651147
5708,2.3006885,-0.09417441,-0.16287485,0.4681828,0.8241236209869385,0.18243791,2.8115911,1.6917177
5709,2.2087588,-0.09921672,-0.11209109,0.5251877,0.752610445022583,0.22195482,3.5907717,1.4889977
5710,2.2441797,-0.0737146,-0.2611013,0.45759037,0.8378346562385559,0.17870617,4.0586286,2.2386146
5711,2.3154678,-0.09051142,-0.32426807,0.5244577,0.7774903178215027,0.22852884,3.6160843,2.812233
5712,2.2286751,-0.04382118,-0.1891149,0.3591124,0.7490924596786499,0.25538647,4.0066094,2.8161047
5713,2.1487868,0.06034171,-0.20402738,0.44361866,0.6566939949989319,0.27866626,4.801178,2.8904874
5714,2.316931,-0.036670096,-0.28616548,0.41468725,0.7925375699996948,0.24768423,3.2264154,2.3677258
5715,2.174167,-0.15861598,-0.110466726,0.47091332,0.8148248195648193,0.22577417,5.238949,2.6248202
5716,2.2812724,0.0039185532,-0.27653223,0.44402012,0.769554078578949,0.25218347,3.2877553,2.5150816
5717,2.2058241,-0.03581506,-0.34967536,0.46049467,0.7580793499946594,0.26195332,7.3386683,2.1691911
5718,2.2249084,0.061712947,-0.13741533,0.4524719,0.7183982133865356,0.26518536,3.0903294,2.4360123
5719,2.2731903,0.035169017,-0.2456863,0.4109295,0.793938398361206,0.22543493,3.2460678,1.8233813
5720,2.5037453,-0.15122235,-0.35759816,0.6457335,0.47910892963409424,0.21428783,2.0637925,1.833496
5721,2.3311696,0.019808764,-0.32464826,0.42777067,0.7788258790969849,0.21756956,3.0877974,2.2526178
5722,2.3665009,-0.06262916,-0.18663211,0.42666462,0.2941533625125885,0.28249848,2.3309455,2.0060735
5723,2.2847035,-0.046581395,-0.14662723,0.56893796,0.4945450723171234,0.32440355,2.8577063,2.8891704
5724,2.431199,-0.051822703,-0.38203612,0.4188405,0.8228954672813416,0.16599391,2.2586126,1.6707078
5725,2.2160513,0.05550713,-0.22109592,0.3865446,0.7890867590904236,0.24008204,3.6574829,2.8134384
5726,2.186065,-0.036428917,-0.22567353,0.48953375,0.7706642150878906,0.2670455,5.30076,2.4986885
5727,2.3937356,-0.069226876,-0.30321223,0.41843182,0.5420138239860535,0.27572432,2.5649474,2.2761254
5728,2.28356,-0.23702087,-0.16154674,0.5497213,0.7523560523986816,0.23445128,4.170209,2.3814542
5729,2.2752845,0.0076567833,-0.25515652,0.406099,0.7945831418037415,0.2088594,3.095284,2.2670724
5730,2.200756,0.0035762212,-0.20263329,0.4942219,0.8266851305961609,0.23485667,3.9701576,2.4886613
5731,2.4574788,-0.030993674,-0.17246735,0.42614126,0.4130823016166687,0.17413877,2.0304878,1.6762055
5732,2.4118829,-0.019682785,-0.2188978,0.44538245,0.4618537724018097,0.19799802,2.1720467,1.9669508
5733,2.20746,0.07068938,-0.2596166,0.43008393,0.7257909178733826,0.25805923,4.490375,2.6665998
5734,2.3419075,0.0145239355,-0.25054115,0.4528159,0.6475633978843689,0.21503732,2.202577,2.162197
5735,2.3030033,0.0010647264,-0.19894664,0.52268606,0.6621049046516418,0.1856311,2.353278,1.5789475
5736,2.394412,-0.07233125,-0.2875482,0.43397543,0.5581856369972229,0.24759322,2.3394814,1.9587866
5737,2.2712739,-0.091194965,-0.2533821,0.50764656,0.7234832048416138,0.26651195,4.0379443,2.792671
5738,2.406994,-0.18771146,-0.26928082,0.4533792,0.698566734790802,0.277085,2.8138783,2.7491927
5739,2.2083337,0.030930234,-0.22317575,0.35578993,0.8045158982276917,0.21793531,4.0112863,2.5096598
5740,2.3694408,-0.017643265,-0.2539227,0.37644356,0.7302300930023193,0.18464378,2.1496994,1.510649
5741,2.1765196,0.08227073,-0.21537785,0.42726257,0.7751884460449219,0.22874136,4.2412796,2.7842693
5742,2.274386,0.01493508,-0.33158258,0.36475188,0.8264478445053101,0.21212164,3.6730208,2.7494838
5743,2.3705373,-0.02561153,-0.14800821,0.54053617,0.5504034757614136,0.25503287,2.0265687,2.1726847
5744,2.2178102,-0.030256357,-0.18760572,0.49297857,0.85,0.1626199,3.674451,1.3343226
5745,2.248016,0.015488218,-0.27959785,0.5793719,0.739959180355072,0.26300105,3.6070557,2.8687398
5746,2.205361,-0.035339583,-0.19655316,0.4591995,0.7612673044204712,0.23768696,4.464868,2.7234638
5747,2.2939234,-0.051700827,-0.31526396,0.57102734,0.7494808435440063,0.26195678,3.502097,2.6973736
5748,2.4423635,0.050731577,-0.34056467,0.5146167,0.6615510582923889,0.15939066,2.0291538,1.5344211
5749,2.318123,-0.068470165,-0.34286168,0.4274674,0.7986783385276794,0.23215942,3.6067421,2.69499
5750,2.337578,-0.109808974,-0.19154625,0.4808613,0.7653166651725769,0.23105489,2.9655104,1.9950155
5751,2.4164274,0.046976294,-0.24029402,0.4472599,0.6346096992492676,0.17344546,2.063569,2.0877476
5752,2.358562,-0.11171248,-0.2954661,0.49125314,0.85,0.16515689,2.7535133,1.9549885
5753,2.2860427,-0.041194428,-0.21417822,0.45449954,0.7015599012374878,0.25909224,3.2193713,2.3921082
5754,2.4473855,-0.07390759,-0.23861897,0.49413645,0.46630191802978516,0.22702183,2.0273492,2.7751117
5755,2.2302706,-0.010283219,-0.26008925,0.53886294,0.6712889671325684,0.28759128,4.172538,2.7776415
5756,2.2699955,-0.06630213,-0.21802218,0.486975,0.7709687948226929,0.24450098,3.7235885,2.2632616
5757,2.3536446,0.06267233,-0.28615627,0.40930912,0.8098741769790649,0.13038862,2.201922,1.3847152
5758,2.2667053,-0.05537174,-0.21445048,0.51022255,0.75282222032547,0.23445384,3.4716935,2.4013953
5759,2.1157017,0.019779515,-0.14285289,0.5130984,0.8097090125083923,0.22762895,5.6400423,2.1386032
5760,2.2498357,-0.0049718483,-0.22822012,0.4526367,0.7661917805671692,0.22998083,3.404882,1.975241
5761,2.4027162,-0.0744255,-0.28866318,0.49713948,0.7293802499771118,0.18322885,2.1868198,1.8350649
5762,2.4411209,-0.060330633,-0.38564265,0.47767028,0.6404261589050293,0.21818414,2.2328074,1.5553268
5763,2.1867867,-0.004233457,-0.18464674,0.5202615,0.751583456993103,0.27356988,4.048808,2.9303787
5764,2.1709788,-0.03158709,-0.2500705,0.5714553,0.739751398563385,0.27893868,5.4049807,2.713266
5765,2.2528985,0.0124219945,-0.16123097,0.35370788,0.6915478706359863,0.25453612,3.054729,1.8067367
5766,2.1955428,0.013821647,-0.251727,0.4609858,0.7485389113426208,0.24720888,4.600211,2.4855742
5767,2.2699103,0.0026353144,-0.18062232,0.3389201,0.7640146613121033,0.23462874,3.1174073,2.5508115
5768,2.2236812,-0.052359745,-0.22176422,0.37502435,0.8257148265838623,0.19323155,4.1359754,2.4213457
5769,2.3363926,-0.087046415,-0.19731219,0.4536589,0.7026212215423584,0.2749083,2.6899593,2.3940861
5770,2.303546,0.009855824,-0.28383595,0.47586605,0.7549635171890259,0.22781721,2.7069626,2.7182727
5771,2.2132938,0.04252281,-0.22948292,0.53128767,0.8458084464073181,0.17157719,3.2115219,1.7063332
5772,2.3343544,-0.014521654,-0.2523232,0.38635728,0.6917355060577393,0.22737467,2.5856285,2.086484
5773,2.318399,-0.1640538,-0.2542883,0.54045534,0.7752500772476196,0.22434893,3.5179675,2.3868105
5774,2.2305708,0.044643257,-0.23046131,0.3595334,0.7374181747436523,0.23721771,3.6496544,1.9933857
5775,2.3216176,-0.041622333,-0.19285311,0.5048992,0.4980117678642273,0.3067076,2.5807369,2.621926
5776,2.3568916,-0.10137661,-0.24352828,0.62160325,0.8283454775810242,0.12952013,2.288578,1.4229686
5777,2.2250528,0.119122975,-0.2973201,0.40499696,0.7533770203590393,0.24529704,3.6798332,2.1704288
5778,2.3055665,0.0033615225,-0.38490194,0.47776744,0.7688756585121155,0.22282968,3.6359882,2.2061203
5779,2.1699767,0.0093571395,-0.15752918,0.394554,0.6534125804901123,0.29322943,4.741634,2.8705268
5780,2.2575598,-0.01617434,-0.1768444,0.40926376,0.7755160331726074,0.25000966,2.7076356,2.2682586
5781,2.232319,-0.07881965,-0.21550909,0.39205253,0.7624216079711914,0.23810463,4.6404233,2.6173985
5782,2.258859,0.016371518,-0.31339914,0.5085572,0.8121378421783447,0.22445112,3.7894328,1.6354536
5783,2.2487826,0.07664753,-0.26987642,0.4039527,0.6703505516052246,0.27549022,3.461467,2.595186
5784,2.262344,-0.062045287,-0.19170848,0.47149134,0.6898831129074097,0.2792939,3.5771163,2.8793006
5785,2.2672584,0.028779464,-0.23629318,0.37269312,0.7821027040481567,0.21803045,3.2323165,2.4967897
5786,2.2988472,0.040226977,-0.21006308,0.38948077,0.6985400319099426,0.26793006,2.7763038,2.6916587
5787,2.202923,-0.03808426,-0.23464075,0.48630577,0.8399673700332642,0.19428012,4.4292564,1.99922
5788,2.3606825,0.011181416,-0.38482416,0.4447974,0.7878401279449463,0.23865718,2.8263922,2.6049557
5789,2.2575734,-0.011248506,-0.21356738,0.5373451,0.7334526181221008,0.26720032,3.3707356,2.3675501
5790,2.454772,0.014677916,-0.33805066,0.4236467,0.20926432311534882,0.29216605,2.1250687,2.6177392
5791,2.3936641,-0.039273296,-0.26807746,0.47610065,0.6319531798362732,0.18949965,2.0973449,1.735104
5792,2.2862718,-0.06268894,-0.2921739,0.514567,0.8183861374855042,0.1804561,3.376868,1.840833
5793,2.1720824,-0.085967876,-0.17147373,0.4491786,0.7790550589561462,0.25056207,6.6713314,2.6253536
5794,2.3585353,-0.06984109,-0.35410953,0.5088413,0.8275428414344788,0.18770756,3.051697,2.8896072
5795,2.2661614,-0.011839391,-0.2864604,0.4152247,0.7496058940887451,0.23742294,3.7281668,1.921299
5796,2.2820086,0.016194833,-0.21971019,0.48946473,0.6807847619056702,0.25114337,2.9347777,1.9452338
5797,2.332662,0.10823114,-0.20775324,0.3771127,0.504205048084259,0.19449553,2.2267632,1.7161776
5798,2.223586,-0.0010583289,-0.16428114,0.2855444,0.7902979254722595,0.20890711,3.44232,2.4421344
5799,2.249683,0.1457919,-0.21703671,0.43084824,0.5989493131637573,0.29645818,2.697345,2.3367174
5800,2.269182,-0.01793607,-0.28270096,0.49911013,0.663274347782135,0.2623944,3.5009744,2.4144206
5801,2.29987,-0.006487062,-0.2715459,0.49663273,0.7621849775314331,0.22620314,2.8352737,2.150432
5802,2.22172,0.0707217,-0.23388186,0.41766077,0.693045437335968,0.2755705,3.577457,2.7352135
5803,2.2590868,-0.0040801745,-0.19130278,0.3683728,0.6985248923301697,0.2651084,3.2835321,2.8168652
5804,2.2827315,-0.0522106,-0.25793946,0.4001338,0.7014254331588745,0.2600475,3.7287922,2.723152
5805,2.2105155,-0.027587406,-0.22598338,0.5778258,0.85,0.14885731,3.8471372,1.8432016
5806,2.322803,-0.09352454,-0.22767681,0.56311995,0.8013660907745361,0.22074217,2.4810297,2.0477884
5807,2.2026787,0.04482904,-0.21142492,0.5682279,0.7809234261512756,0.23440534,3.4602127,2.6577642
5808,2.3463688,-0.11164696,-0.12773612,0.52886045,0.5530252456665039,0.22553185,2.25748,2.1115558
5809,2.2114403,0.031094052,-0.13161014,0.4540794,0.8229743242263794,0.19408782,2.979314,1.7640624
5810,2.2117803,0.015793346,-0.20451686,0.5203796,0.8057339191436768,0.23228134,3.6046314,2.6964483
5811,2.3505564,0.12405425,-0.320734,0.44105282,0.49069449305534363,0.1369238,2.2127862,1.1443651
5812,2.4470253,-0.07135928,-0.25763527,0.39325702,0.40480950474739075,0.22497413,2.1049368,2.2773387
5813,2.3318782,-0.08292543,-0.33047754,0.5462793,0.8122615218162537,0.19629928,3.3336906,2.0577848
5814,2.153932,0.07162866,-0.26364732,0.45319936,0.7429666519165039,0.26095855,5.4550557,2.403605
5815,2.3870263,-0.030111099,-0.23941281,0.4671799,0.3873146176338196,0.20501351,2.1454725,1.6307371
5816,2.1493235,0.056981497,-0.22184008,0.4213065,0.85,0.15189768,4.550294,1.570285
5817,2.3251324,-0.07307711,-0.24787617,0.47927654,0.7278732657432556,0.2564574,3.200884,2.1873567
5818,2.2602682,-0.079079874,-0.17657751,0.37039372,0.7536839842796326,0.26457652,3.3119202,2.8296685
5819,2.2070699,0.04229127,-0.14214723,0.4803649,0.8283916711807251,0.20010158,2.918828,2.198024
5820,2.096678,-0.008643665,-0.18706717,0.5202563,0.7083592414855957,0.30814406,8.863329,2.676796
5821,2.3140461,-0.080321215,-0.38585833,0.56204116,0.8199729323387146,0.19701865,3.9304416,2.4960968
5822,2.4258587,0.020288093,-0.29757816,0.4057489,0.6359275579452515,0.21145663,2.0498211,2.096854
5823,2.2824266,0.050688136,-0.18512096,0.41780168,0.6074758172035217,0.2415782,2.7263005,2.3623676
5824,2.2540507,0.00026836613,-0.28528574,0.34838265,0.7853776216506958,0.21776873,3.8964882,2.8457525
5825,2.2803857,0.03631907,-0.25492495,0.51055425,0.8113264441490173,0.21642195,2.9252064,2.2452123
5826,2.1828992,-0.04935555,-0.28002086,0.49580282,0.85,0.20828769,6.6638126,1.6594594
5827,2.1398063,0.0027183748,-0.13179274,0.35534263,0.7480064034461975,0.26508737,5.7924,2.7233944
5828,2.2197764,0.07934668,-0.18923387,0.47086093,0.7728350162506104,0.24581072,2.8532767,2.1332312
5829,2.1942885,-0.0028562448,-0.084652446,0.41452327,0.7588697671890259,0.24509674,3.6573896,2.1449802
5830,2.2812533,0.07253095,-0.29053533,0.5243667,0.7146772146224976,0.2690758,2.9858415,2.7354
5831,2.3020585,-0.0014304968,-0.21752378,0.38358617,0.6892297267913818,0.26539132,2.7925982,2.4274113
5832,2.2533402,-0.1169523,-0.28168318,0.45330414,0.7775532603263855,0.24257483,4.8371563,2.4713771
5833,2.3224795,-0.064565934,-0.27916473,0.50024015,0.8095077276229858,0.18497029,2.8039653,2.3790379
5834,2.1212766,-0.0005474615,-0.21586958,0.5153624,0.815459668636322,0.22331217,7.0446987,2.6008837
5835,2.1945078,-0.00086248334,-0.19072367,0.42168897,0.8047029376029968,0.21098365,4.3936777,1.8348488
5836,2.297497,0.082709976,-0.17595506,0.37209982,0.4466228485107422,0.18595219,2.2362628,1.7185429
5837,2.390497,0.06356897,-0.44924507,0.51742774,0.6895086765289307,0.24070843,2.6485112,2.3579907
5838,2.157856,0.067318924,-0.24076995,0.5305097,0.8170906901359558,0.23416853,4.7348404,2.4848437
5839,2.1747084,-0.048377454,-0.22435285,0.5098772,0.8107042908668518,0.23542613,5.5506473,2.2878447
5840,2.4300168,-0.14990611,-0.39493522,0.55196285,0.5962759852409363,0.29373243,3.3133123,2.7016683
5841,2.271417,-0.10930935,-0.3714385,0.5020267,0.8351737856864929,0.22298928,5.928684,1.9084216
5842,2.3598185,-0.022919707,-0.33963314,0.46497044,0.5374972820281982,0.3058447,3.0497751,2.2432547
5843,2.344872,-0.10594577,-0.34035102,0.64710665,0.85,0.1323442,2.8156464,1.4432724
5844,2.1828318,-0.011686471,-0.25969067,0.5251229,0.8470595479011536,0.2186446,5.18966,2.7359314
5845,2.344214,-0.0687403,-0.31189838,0.4009892,0.829973042011261,0.18289876,3.3170655,2.4361522
5846,2.3488572,0.0372124,-0.24150904,0.36795348,0.6298245191574097,0.21470177,2.1748538,2.2924747
5847,2.267317,0.009552441,-0.20307867,0.5502628,0.7450169920921326,0.2327685,2.944343,2.4601302
5848,2.149123,0.12894537,-0.22552617,0.43511084,0.8378448486328125,0.20464723,4.6483364,2.4367034
5849,2.2543428,-0.0198591,-0.16693583,0.41816744,0.7249298095703125,0.2577004,2.998413,2.854406
5850,2.3720942,-0.050034188,-0.31979185,0.45022786,0.7427894473075867,0.20910317,2.6490808,2.1724467
5851,2.235896,0.00031888348,-0.16579601,0.5617852,0.5943474769592285,0.3036431,2.99228,2.8581555
5852,2.202571,0.03310622,-0.19434558,0.41094294,0.8006097078323364,0.23700811,3.5800738,2.7790298
5853,2.2186363,-0.06490228,-0.179072,0.4082868,0.7966793775558472,0.21053708,4.387054,2.3453705
5854,2.298651,-0.03775571,-0.27583507,0.5044023,0.6389413475990295,0.29007527,3.4963584,2.47149
5855,2.467873,-0.09478294,-0.24972332,0.6114051,0.41255250573158264,0.24656366,2.0585437,2.1323905
5856,2.2459288,0.114850394,-0.24964717,0.3873444,0.7509227395057678,0.2500665,3.1339395,2.356397
5857,2.221541,-0.11202818,-0.31765863,0.6145448,0.7343619465827942,0.27768198,5.8700056,2.6210663
5858,2.2834325,0.024996033,-0.28844258,0.36504915,0.8214461207389832,0.16219336,3.286875,2.0327985
5859,2.1290429,0.0893684,-0.24710013,0.45716894,0.7979782819747925,0.22133401,5.308097,1.8308218
5860,2.1949575,-0.065926835,-0.24559428,0.5700118,0.8138667345046997,0.23148674,5.2957554,2.3353832
5861,2.2340195,0.057634134,-0.24271674,0.45891905,0.7444934248924255,0.256755,3.311851,2.576257
5862,2.4031396,-0.0017405227,-0.33922344,0.3877583,0.4395531117916107,0.26866746,2.4629226,2.273217
5863,2.3089838,-0.01759685,-0.28053007,0.46526846,0.645876407623291,0.28099224,3.0128522,2.5231497
5864,2.2140038,-0.019826453,-0.10053092,0.4436049,0.85,0.16606018,2.6884263,1.5829102
5865,2.230954,0.04647881,-0.16452086,0.42699525,0.7995960116386414,0.20467769,3.1462681,1.5740824
5866,2.3381658,-0.0082307765,-0.2253825,0.39367846,0.5965121984481812,0.22579989,2.4810767,1.9091542
5867,2.2581472,0.11536328,-0.2255577,0.4334376,0.7360799312591553,0.23251145,2.6822517,2.273963
5868,2.2169352,0.009927985,-0.1569619,0.47803047,0.7376325726509094,0.24053964,3.568045,2.3609023
5869,2.1884089,0.08599875,-0.14529026,0.34819058,0.767436683177948,0.23104389,3.5183928,2.307326
5870,2.3668633,-0.10829326,-0.30740944,0.5318778,0.7096641063690186,0.2532931,3.1335082,2.5422883
5871,2.231836,-0.2044722,-0.0768047,0.60925084,0.7428719997406006,0.27019277,4.0812364,2.7914784
5872,2.2711089,-0.05577257,-0.18221702,0.48314676,0.7414582371711731,0.2575408,3.081628,2.7707064
5873,2.486422,-0.06281305,-0.4343529,0.4420419,0.8035210371017456,0.14499414,2.13968,1.6310246
5874,2.2128603,-0.0985768,-0.27479333,0.51147413,0.7267287969589233,0.271971,6.529896,2.7000458
5875,2.2718775,0.047697578,-0.29606718,0.51266384,0.740332841873169,0.24337818,3.0673852,2.4601872
5876,2.1853547,0.060458373,-0.16806273,0.40795866,0.8020123243331909,0.20213732,3.5739732,2.5384846
5877,2.3045948,-0.09689727,-0.31279576,0.34765944,0.8329958915710449,0.2083604,4.1470895,2.6653767
5878,2.4210315,-0.09578194,-0.37841657,0.471135,0.8153356909751892,0.17695725,2.5919635,2.5576863
5879,2.1015427,0.067833535,-0.17300299,0.336812,0.808643639087677,0.25015697,6.9999433,2.3320427
5880,2.103357,0.0028035846,-0.19443376,0.4031918,0.6949847340583801,0.32069272,9.615862,2.6055717
5881,2.3187628,-0.054843176,-0.1756961,0.40481082,0.6638749241828918,0.23995219,2.7497334,2.0051887
5882,2.1342733,0.14621487,-0.2161216,0.36653557,0.8229318857192993,0.20224173,3.8160455,2.7339504
5883,2.3495555,-0.08537762,-0.15602998,0.62370497,0.7463325262069702,0.18421015,2.2566042,2.1508534
5884,2.1804729,0.04447902,-0.19793959,0.42584977,0.7746770977973938,0.23092875,4.082673,2.4222794
5885,2.1906757,0.081757836,-0.25848114,0.56812835,0.7275657057762146,0.2778668,3.9158728,2.6650836
5886,2.3364117,-0.08431829,-0.29522103,0.52101046,0.6431736946105957,0.28931504,3.0233922,2.4052567
5887,2.1589148,-0.014597723,-0.17836814,0.4677601,0.755634605884552,0.25323805,5.1608605,2.6691532
5888,2.2727437,-0.03657587,-0.3251664,0.55072445,0.7471016645431519,0.24914315,4.0021143,2.0876245
5889,2.3151872,0.03795301,-0.28051326,0.53763914,0.7407774925231934,0.21771497,2.2754576,1.6376523
5890,2.4309971,-0.016066048,-0.2754032,0.4045813,0.374562531709671,0.28768027,2.0978265,2.18464
5891,2.2128832,-0.022662744,-0.16254963,0.5772938,0.7824844121932983,0.22583549,3.5895555,1.6844465
5892,2.4849148,-0.017631676,-0.36026707,0.42215735,0.4037444293498993,0.19431001,2.062601,1.7745559
5893,2.4377701,-0.016062224,-0.31886554,0.45991364,-0.011789664626121521,0.30356786,2.196876,2.6485069
5894,2.3555553,0.0025618407,-0.36134496,0.4869443,0.6957098841667175,0.24897738,2.8749766,2.6738212
5895,2.1565056,0.1397059,-0.20447022,0.5620124,0.7842651605606079,0.22052662,3.8383358,2.2192879
5896,2.2528064,0.016575081,-0.1666496,0.52476674,0.6491573452949524,0.25216955,2.7290814,1.8991175
5897,2.1818554,0.108104736,-0.18276443,0.3842155,0.7482720613479614,0.27092114,3.7858026,2.5763369
5898,2.2115195,-0.055594664,-0.24956998,0.417635,0.779862642288208,0.2317297,5.4832554,2.6073055
5899,2.389457,-0.13215706,-0.3237747,0.4451653,0.6023720502853394,0.30760536,3.3115113,2.8100398
5900,2.265567,-0.019468574,-0.29775453,0.55730647,0.8326001167297363,0.21983701,3.0136993,2.0782769
5901,2.402258,-0.18327524,-0.3218584,0.54761535,0.8339381814002991,0.17809772,2.9797168,1.8380424
5902,2.2470489,0.06704534,-0.30891222,0.5945789,0.85,0.18737686,3.4142997,2.3699882
5903,2.334248,-0.027516298,-0.33543345,0.50890213,0.752964973449707,0.24600087,3.048461,2.8300543
5904,2.2708004,-0.022847315,-0.27918023,0.5483048,0.792240560054779,0.1497722,2.3809068,0.99744177
5905,2.3200061,-0.15939763,-0.24350157,0.37106824,0.7489086985588074,0.25051382,4.050613,2.7477121
5906,2.3331754,0.058344252,-0.20724636,0.38495508,0.3292545676231384,0.27443296,2.1960087,2.2573175
5907,2.2483592,-0.083315834,-0.21956538,0.5745035,0.7109145522117615,0.26816955,4.0455503,2.6760206
5908,2.1869555,0.013173462,-0.15143427,0.38084832,0.7259326577186584,0.25399485,4.3809295,2.5362072
5909,2.302376,0.0348345,-0.27155417,0.38355598,0.7380111813545227,0.25552508,2.9935076,2.6629148
5910,2.4178905,0.06693997,-0.32927316,0.50988746,0.5787323713302612,0.23648308,2.1452785,2.6999657
5911,2.332506,-0.14977415,-0.243426,0.48533854,0.7839339375495911,0.2011576,3.3132682,2.3497381
5912,2.2025695,0.04117869,-0.20479615,0.48072866,0.6415988802909851,0.28290504,3.8822815,2.812864
5913,2.3154135,-0.036994558,-0.32805815,0.53807753,0.7037727236747742,0.24822526,3.1013167,2.0275722
5914,2.2842042,-0.05768812,-0.26101974,0.4918975,0.8370290994644165,0.2111698,3.414503,2.1554976
5915,2.1016977,0.006122115,-0.21557143,0.45650545,0.7075996994972229,0.31836146,9.414281,2.751326
5916,2.1560836,-0.014046135,-0.13938385,0.44860923,0.77630615234375,0.20693305,4.647966,2.19716
5917,2.20188,-0.03800429,-0.13252226,0.34792587,0.7489502429962158,0.24589352,4.090162,2.6918008
5918,2.1335762,0.021499436,-0.19916543,0.54987985,0.8052400946617126,0.24885406,5.8489237,2.4076934
5919,2.2429354,-0.102553636,-0.21183454,0.38401982,0.7807339429855347,0.23557292,4.730411,2.727919
5920,2.1850734,-0.1084754,-0.2407713,0.5856648,0.8150039315223694,0.20846315,5.9685946,1.8959291
5921,2.2008927,0.017006878,-0.25335482,0.43796405,0.8164061903953552,0.22765975,4.518925,2.8724687
5922,2.3381336,-0.045279637,-0.11757937,0.42382744,0.46221062541007996,0.22057953,2.2566156,1.9003513
5923,2.317431,-0.075382076,-0.19200398,0.5283721,0.7269830107688904,0.24352667,2.6816845,2.3010147
5924,2.2484586,0.062991165,-0.26940888,0.5692767,0.7478744983673096,0.19450879,3.238782,1.6652316
5925,2.2644305,-0.0336039,-0.2781723,0.48595923,0.7787060737609863,0.21492282,3.6352315,1.8414357
5926,2.1743944,-0.04861838,-0.20527126,0.44425225,0.8113836646080017,0.18517582,5.2779517,2.0107446
5927,2.274117,-0.05904649,-0.17648637,0.33731157,0.8315708637237549,0.21897408,3.1043172,2.4484165
5928,2.2921653,-0.08975075,-0.3075805,0.5464125,0.6905937194824219,0.27338472,3.7846248,2.9040155
5929,2.3307543,0.047582544,-0.33185223,0.5002507,0.8156740069389343,0.14999886,2.3979876,2.3206658
5930,2.3969643,-0.0748298,-0.22506922,0.39022598,0.36914148926734924,0.27048218,2.2151487,2.4572558
5931,2.2151961,-0.02240041,-0.17305864,0.33888897,0.6989108324050903,0.24974133,3.8658135,2.876231
5932,2.2557576,0.015359999,-0.21252108,0.31997773,0.8350512385368347,0.19934717,3.2722826,2.8465037
5933,2.3511045,-0.097257294,-0.28302568,0.47209662,0.6311632394790649,0.29378593,3.0366688,2.686375
5934,2.2340353,-0.038031977,-0.24934214,0.53889054,0.7537800073623657,0.2478843,3.814396,2.1241362
5935,2.2173762,-0.08303845,-0.29115477,0.5881289,0.667322039604187,0.2902256,5.705648,2.5457468
5936,2.245878,-0.0653886,-0.24749114,0.37306094,0.8149129152297974,0.21226725,4.1389866,2.6363683
5937,2.2788563,-0.07349393,-0.1716846,0.4717226,0.7302281856536865,0.2579807,3.0778337,2.597059
5938,2.3835926,-0.092018984,-0.21566357,0.47381347,0.32557713985443115,0.27702892,2.05919,2.1315045
5939,2.2299743,0.01251467,-0.23075208,0.57618666,0.7686768174171448,0.24407971,3.4299543,2.3787155
5940,2.3343422,0.061010197,-0.3058184,0.4331468,0.5693488121032715,0.24209799,2.6130016,2.1975226
5941,2.3146074,-0.06733516,-0.29271677,0.51525635,0.72063809633255,0.2543152,3.030383,2.33526
5942,2.305181,-0.0321307,-0.19697441,0.4495074,0.7963259816169739,0.16751106,2.64728,1.4055747
5943,2.1790028,0.04772222,-0.1511765,0.5123202,0.8090961575508118,0.21819124,3.50147,2.394082
5944,2.1797798,0.04623539,-0.20989285,0.64996445,0.7734935283660889,0.26011324,3.38733,2.3750484
5945,2.2704842,0.10005444,-0.17908813,0.49518168,0.6612628698348999,0.19847351,2.2336652,1.7467333
5946,2.3430552,-0.1667239,-0.2006325,0.49689832,0.6502262949943542,0.22906484,2.8421009,1.7869729
5947,2.2491283,-0.046354685,-0.2700464,0.4978753,0.7841558456420898,0.24276763,4.3097305,2.4477508
5948,2.2118788,-0.10166509,-0.1438419,0.45386186,0.7517412900924683,0.250512,4.480804,2.7941747
5949,2.2332218,-0.0679141,-0.17783913,0.5403284,0.8182427883148193,0.17849432,3.1747785,2.1537685
5950,2.3124893,-0.010145775,-0.27025983,0.5407352,0.6936677694320679,0.27849546,3.1106195,2.7079377
5951,2.2370956,-0.018415831,-0.18400958,0.52455765,0.72563636302948,0.26938766,3.6609821,2.2874737
5952,2.2414417,-0.0040398724,-0.2650097,0.45154336,0.85,0.21754445,3.4506958,2.3561654
5953,2.205542,-0.019411778,-0.14325657,0.49589294,0.7284827828407288,0.23933484,3.5806355,1.6131821
5954,2.3933651,-0.07213128,-0.3120119,0.42172253,0.5560264587402344,0.29760084,2.4978125,2.851631
5955,2.2661204,0.0051560053,-0.25051746,0.49903706,0.85,0.18312506,3.3437355,2.0906403
5956,2.330356,-0.14072691,-0.2728922,0.587069,0.7735951542854309,0.23395619,3.0019648,2.4809716
5957,2.1982937,-0.032170713,-0.30714902,0.37101546,0.777935802936554,0.2665332,7.4348555,2.6528447
5958,2.217312,0.044202264,-0.197337,0.5047658,0.7681699395179749,0.24369943,3.6753452,2.4841666
5959,2.3287802,0.0037449799,-0.22175172,0.3952571,0.7122080326080322,0.15435566,2.4565754,1.8482742
5960,2.1827116,0.037865307,-0.2382117,0.43486726,0.6677955389022827,0.2876564,4.9862905,2.846489
5961,2.3965766,-0.1803408,-0.3047234,0.58986735,0.6567284464836121,0.282054,3.121409,2.4444761
5962,2.2021039,0.12982605,-0.1534774,0.5549882,0.6105907559394836,0.29594633,2.9854908,2.2798033
5963,2.2572026,0.057743303,-0.2543722,0.44196302,0.7931596636772156,0.23950638,3.1484797,2.6944356
5964,2.2589703,-0.013863281,-0.19518453,0.4197949,0.710612416267395,0.25897068,3.3382263,2.3518467
5965,2.330482,-0.06320167,-0.25797495,0.54609424,0.7660355567932129,0.24432488,2.8744757,2.555204
5966,2.2146635,-0.106253766,-0.25265762,0.4842497,0.85,0.16929576,5.360359,1.5411817
5967,2.2775865,-0.051968563,-0.19577192,0.6464211,0.7492664456367493,0.23400763,2.7694266,2.183853
5968,2.2677298,-0.09936422,-0.27222654,0.5260981,0.7827692031860352,0.2188609,4.434903,2.7840798
5969,2.2863195,-0.046127714,-0.26614356,0.41192535,0.701197624206543,0.2631712,3.6036837,2.520857
5970,2.2427816,-0.046616882,-0.17279284,0.48768526,0.8203297853469849,0.22580959,3.3642092,1.6592137
5971,2.2328024,0.0018181888,-0.2342247,0.23341218,0.8394445180892944,0.19811161,4.093265,2.3540912
5972,2.3726163,-0.0328296,-0.32565114,0.4916872,0.6221152544021606,0.2661643,2.6339703,2.3045735
5973,2.3122194,-0.106807545,-0.2755087,0.46026522,0.8389629125595093,0.19242437,3.2218828,1.6501259
5974,2.2253323,-0.04983673,-0.23963423,0.47969308,0.6672103404998779,0.28331727,4.2858295,2.8784876
5975,2.1509109,0.02702633,-0.19938706,0.3927385,0.7335982918739319,0.26967824,5.4127097,2.648759
5976,2.2443566,-0.0036882604,-0.27906922,0.3978325,0.7533476948738098,0.24279775,4.249445,2.686778
5977,2.2187083,-0.028301027,-0.14594261,0.49190784,0.6925436854362488,0.25995445,3.5218806,2.7247877
5978,2.189602,-0.02370733,-0.19297618,0.58094215,0.8183688521385193,0.21146157,3.9979482,2.3590188
5979,2.2577982,-0.18002553,-0.23615502,0.51163423,0.6865860819816589,0.2675019,4.944702,1.7130533
5980,2.1263993,0.046537198,-0.21761481,0.4413517,0.6682028770446777,0.2871347,6.1927853,2.567165
5981,2.1904237,0.014791929,-0.2026326,0.31383562,0.8440220355987549,0.17476575,4.0487423,2.6735318
5982,2.2581491,0.04257686,-0.19947128,0.45348397,0.7728965282440186,0.19332805,2.9383488,1.7532444
5983,2.3299997,-0.034825124,-0.21880728,0.33538157,0.6774176955223083,0.23552059,2.575288,1.5278124
5984,2.3260462,-0.1182416,-0.1921539,0.60021293,0.7877565622329712,0.23166075,2.7638288,2.0423381
5985,2.2589521,-0.049541906,-0.044365827,0.3946293,0.5712285041809082,0.2832,2.9760764,2.5244951
5986,2.3753996,-0.010947369,-0.33294046,0.33658245,0.6173291802406311,0.28878364,2.9349952,2.6703734
5987,2.2795377,-0.1274924,-0.28503656,0.49187264,0.7837620973587036,0.22195545,4.3382754,2.698846
5988,2.327133,-0.10469109,-0.2178107,0.5158968,0.8357735872268677,0.1710917,2.6999907,2.355343
5989,2.3317888,0.06923635,-0.27492803,0.36166483,0.5508506894111633,0.24093008,2.6248188,2.448971
5990,2.151428,0.051487383,-0.15567374,0.48086366,0.8172571063041687,0.20143041,4.1443005,1.9140339
5991,2.2175243,-0.039548393,-0.14828563,0.45170403,0.7051572799682617,0.2556095,3.8886044,2.5337713
5992,2.1505544,0.013844673,-0.14758033,0.4126887,0.85,0.18058705,4.746344,2.637905
5993,2.2642152,0.038359568,-0.20183466,0.51178277,0.6112914681434631,0.28250468,3.0767143,2.5916111
5994,2.2778194,-0.031059492,-0.34319434,0.4232354,0.7858515977859497,0.2374461,4.225384,2.8744977
5995,2.2684479,-0.11211996,-0.26716256,0.4781982,0.8447189331054688,0.1959668,4.174861,2.726051
5996,2.296062,-0.07534272,-0.33316144,0.44368294,0.812483549118042,0.2100078,3.7526019,2.839371
5997,2.261823,-0.031827085,-0.34239668,0.35047802,0.7820430397987366,0.24553312,5.463812,2.774927
5998,2.1775508,0.01935034,-0.23964547,0.41803128,0.796061635017395,0.21379071,4.940435,2.8971875
5999,2.3670201,0.009120042,-0.20898977,0.6319016,0.6951994895935059,0.18782829,2.107993,2.2371433
6000,2.1472778,-0.0022341136,-0.18073545,0.36146212,0.8113833665847778,0.22895661,6.1394386,2.0609353
6001,2.3896534,-0.016568905,-0.2734861,0.41223606,0.5910494923591614,0.19644858,2.0843227,1.4527862
6002,2.2586021,-0.030509265,-0.25370708,0.45976394,0.6848955154418945,0.26839978,3.5227954,2.0249813
6003,2.2349465,0.021560963,-0.16993134,0.38715526,0.804162323474884,0.22434106,3.3793473,2.2300584
6004,2.279991,0.06966289,-0.11781784,0.37915143,0.4817083477973938,0.24784875,2.4038818,1.9860929
6005,2.1939232,-0.02676712,-0.25727782,0.4684398,0.7762138843536377,0.26534095,4.6571445,2.2763405
6006,2.4388223,-0.097107284,-0.34587377,0.5217536,0.6864284873008728,0.19025044,2.2885737,1.6656744
6007,2.224637,-0.03620095,-0.21290305,0.45893997,0.8148925304412842,0.20694566,3.977103,2.3834143
6008,2.247145,-0.042103656,-0.23645206,0.50237095,0.7688661217689514,0.24893019,3.7183673,2.349342
6009,2.4039884,-0.11680735,-0.44484964,0.49208304,0.80455082654953,0.16595861,3.1549056,1.2356621
6010,2.2594824,0.076165535,-0.31523153,0.53530437,0.6696665287017822,0.24873854,3.0190086,2.5799015
6011,2.2515037,0.088644765,-0.27668732,0.45684007,0.7387142181396484,0.23475102,3.3847163,2.3758106
6012,2.2457888,0.08744287,-0.19738272,0.37765634,0.7875173687934875,0.19323051,3.0098774,2.404427
6013,2.2294383,0.042487435,-0.21041107,0.3944546,0.85,0.13996258,3.053659,1.3479421
6014,2.2252264,0.058958985,-0.29647195,0.39852834,0.7400392293930054,0.25080377,4.336107,2.578282
6015,2.3740044,0.021358587,-0.30812106,0.54567856,0.6183300018310547,0.2155408,2.0576425,1.6325387
6016,2.3024015,-0.076048866,-0.25284865,0.45811296,0.6644982695579529,0.30440018,3.5536478,2.9218698
6017,2.1692226,0.039782844,-0.21965206,0.43166777,0.7412242889404297,0.26177192,4.6239758,2.7581215
6018,2.3132696,-0.0729216,-0.29915726,0.38286173,0.8188204169273376,0.21758245,3.7005777,2.058645
6019,2.3409054,0.01886303,-0.22698174,0.56741834,0.4395346939563751,0.25349998,2.2053616,2.2964528
6020,2.2040536,-0.15670966,-0.29516837,0.5943853,0.7451850175857544,0.27459976,7.873464,1.6319395
6021,2.2218177,-0.037309356,-0.21386217,0.49723607,0.7635666728019714,0.24518783,3.9313917,2.7542233
6022,2.2857907,-0.07146736,-0.21693988,0.37860578,0.8127511739730835,0.16425562,3.0007987,2.3536355
6023,2.205739,-0.0140590435,-0.20864758,0.5124343,0.754330039024353,0.26300484,4.382659,2.6114757
6024,2.2870626,-0.017388683,-0.334322,0.5903785,0.8171854019165039,0.207692,3.4992182,2.1264782
6025,2.271004,-0.07194853,-0.27638164,0.63457143,0.8316248059272766,0.1894312,2.945936,1.6522453
6026,2.2252338,0.010524468,-0.207381,0.5126319,0.7746690511703491,0.25327238,3.6952107,2.1843772
6027,2.3799224,0.055007342,-0.23940767,0.43791714,0.05676735192537308,0.25006977,2.1011696,2.3539298
6028,2.335313,-0.110845804,-0.19816685,0.4947964,0.7344262599945068,0.20964529,2.8572264,1.4693023
6029,2.2078483,-0.016271649,-0.13891765,0.55397147,0.7513609528541565,0.25299084,3.6745677,2.7203622
6030,2.2834136,-0.07877691,-0.21950896,0.55172306,0.8037012219429016,0.23545392,3.1314013,2.4769244
6031,2.360907,-0.08602295,-0.26511925,0.49705085,0.6380012035369873,0.28943658,2.836565,2.8472638
6032,2.217729,-0.057199568,-0.21389632,0.47580802,0.8323361873626709,0.23864459,4.282402,2.5778816
6033,2.3074853,0.0040705376,-0.19115368,0.46641198,0.4723150432109833,0.31179547,2.6053476,2.7218993
6034,2.3288403,-0.00066935905,-0.168036,0.28774068,0.681813657283783,0.17395793,2.3600347,1.4112391
6035,2.341827,-0.03396069,-0.3141444,0.45420876,0.7877324223518372,0.24259168,3.0266616,2.4251938
6036,2.3336074,-0.07728594,-0.20482843,0.52934587,0.7682838439941406,0.2144293,2.5951395,2.741446
6037,2.2384958,-0.117222965,-0.3300681,0.51077807,0.7669152021408081,0.253194,6.618611,2.3659132
6038,2.2349272,0.021014748,-0.2336737,0.46655804,0.8127860426902771,0.24001041,3.5734198,2.1919267
6039,2.4743762,-0.1008716,-0.30136162,0.56345904,0.2387664020061493,0.27146775,2.083205,2.219581
6040,2.178055,0.069377884,-0.24162957,0.399066,0.82292640209198,0.20145977,4.4450884,2.7691865
6041,2.2995176,-0.013335794,-0.2194372,0.42421842,0.68412184715271,0.24944764,2.6428354,1.8156492
6042,2.3646004,-0.02777458,-0.21841046,0.41774964,0.45393073558807373,0.2203165,2.3315387,2.0900726
6043,2.1945813,-0.08018966,-0.19545078,0.5445043,0.8426039814949036,0.16482231,4.4845195,1.7990555
6044,2.214955,-0.06785254,-0.25131437,0.54648864,0.722926139831543,0.24429342,4.2748475,2.2915509
6045,2.1720788,0.13211882,-0.24433346,0.35523778,0.6953856945037842,0.27830502,4.2527776,2.7613952
6046,2.2870672,-0.0651375,-0.3601228,0.5308052,0.7379197478294373,0.2613642,4.430431,2.5141034
6047,2.132725,0.06267881,-0.051611092,0.5191443,0.7864649295806885,0.25222898,3.4595132,2.5958552
6048,2.2525778,-0.05436359,-0.23149383,0.491846,0.7225555181503296,0.25724632,3.959163,2.3258328
6049,2.0956688,0.024162259,-0.2423233,0.5260383,0.7725967168807983,0.30456358,9.184198,2.514924
6050,2.3312328,-0.027146049,-0.26534775,0.5919425,0.6197825074195862,0.2579241,2.2595892,2.1209674
6051,2.271867,0.08036856,-0.17634706,0.5429875,0.6115807890892029,0.24027185,2.3082151,2.127175
6052,2.3311737,-0.08382034,-0.21118136,0.43576273,0.7905270457267761,0.19977643,2.675813,2.208222
6053,2.1974626,-0.06125852,-0.13270384,0.4370767,0.7688301205635071,0.24327406,3.9108155,2.5308423
6054,2.2440119,-0.015966758,-0.29212645,0.4265148,0.8440627455711365,0.19669868,4.170364,2.6584857
6055,2.2835925,-0.07012051,-0.2652613,0.5170856,0.6707824468612671,0.28966346,3.7803001,2.7453215
6056,2.2790427,-0.07693312,-0.18006648,0.579719,0.8038396835327148,0.22020304,2.9471984,1.7975168
6057,2.2583928,-0.07799158,-0.1953701,0.5344793,0.7233197093009949,0.27359906,3.5624874,2.6237466
6058,2.120406,0.051886667,-0.079820976,0.41910487,0.8433316946029663,0.20362619,4.8948283,2.4773557
6059,2.3565488,-0.08966075,-0.29613134,0.5029362,0.6660093665122986,0.28218478,2.9526134,2.5728598
6060,2.391171,0.012758926,-0.28340414,0.4230678,0.45462483167648315,0.21850999,2.1743977,1.9429513
6061,2.2202184,0.047194272,-0.18256705,0.386301,0.7277350425720215,0.25860888,3.5267305,2.4505975
6062,2.301139,-0.0009654579,-0.19171956,0.38657302,0.7285687327384949,0.23266155,2.632379,2.0614643
6063,2.3671608,-0.14468688,-0.2556823,0.6494455,0.7990832328796387,0.20565678,2.5841954,1.9251612
6064,2.3625896,-0.046629217,-0.27727637,0.46844038,0.7054682970046997,0.2181309,2.494422,2.2666466
6065,2.2509546,-0.10137951,-0.2350697,0.4879054,0.85,0.1929902,4.195577,2.3910284
6066,2.14537,0.011463169,-0.17844452,0.3888232,0.8144264817237854,0.2332164,5.471375,2.4757338
6067,2.1763537,0.19279644,-0.28730947,0.42395008,0.8330702781677246,0.16930914,3.88269,2.4641802
6068,2.4573984,-0.1888877,-0.3814775,0.53735536,0.8386744856834412,0.1480479,2.5618634,1.9573671
6069,2.3453772,-0.103214614,-0.29955086,0.5721894,0.7757270336151123,0.23207466,2.9924047,2.0326438
6070,2.3094056,-0.031013016,-0.2536074,0.5030419,0.7144861817359924,0.2443247,2.963651,2.1838212
6071,2.1836228,0.031748086,-0.14819133,0.49075496,0.7698610424995422,0.24020743,3.664636,2.3352818
6072,2.2922475,0.0770065,-0.16918407,0.41973907,0.5972148776054382,0.20642175,2.213142,1.9257151
6073,2.3328135,0.0208504,-0.29872093,0.35198042,0.7521733045578003,0.1558606,2.247391,1.5727051
6074,2.212781,0.106506824,-0.17296462,0.44067928,0.7365515232086182,0.25541836,3.2092705,2.6797552
6075,2.3160095,-0.049592167,-0.23670954,0.44245157,0.781771719455719,0.20271143,2.8300593,1.7071705
6076,2.376146,-0.0036137681,-0.2998912,0.53423923,0.6101813912391663,0.20638305,2.128197,1.6868931
6077,2.3095589,-0.04046654,-0.18286636,0.4096302,0.6209145188331604,0.2919915,2.9511983,2.702191
6078,2.256509,-0.123381965,-0.18721086,0.5099127,0.7975519299507141,0.22397082,3.5893266,1.7866987
6079,2.183851,-0.02313257,-0.21602519,0.5527979,0.737576425075531,0.2541398,4.3671527,2.8719451
6080,2.283333,0.06432242,-0.2217558,0.4925577,0.6164688467979431,0.24456672,2.652338,1.8195676
6081,2.3628025,-0.051039804,-0.25833094,0.533163,0.5760694146156311,0.2453832,2.1323805,2.3049965
6082,2.1820662,0.06992287,-0.10552297,0.3682889,0.7893548607826233,0.22706999,3.3102295,2.6511176
6083,2.198627,0.025804143,-0.023719545,0.47787416,0.7057152390480042,0.17131685,2.5525684,1.5848936
6084,2.2929904,-0.016006056,-0.2728993,0.40772155,0.85,0.19495313,3.1697116,2.0743139
6085,2.3446488,-0.0030458106,-0.121653356,0.37399617,0.6293211579322815,0.12666234,2.0682187,1.4545783
6086,2.2095468,-0.029103674,-0.23223129,0.36531585,0.7291975617408752,0.24864309,4.8535395,2.8670232
6087,2.2346299,-0.036958862,-0.23706616,0.45651835,0.7057929039001465,0.27053872,4.3571725,2.4347205
6088,2.2588897,0.048596215,-0.22107407,0.33734998,0.5966553688049316,0.3072418,3.3634753,2.710158
6089,2.2847867,-0.07273668,-0.24209422,0.47190264,0.7860715389251709,0.24241498,3.500017,2.5367348
6090,2.1853294,-0.02518887,-0.18346046,0.36482275,0.805051326751709,0.2293872,4.546071,2.7610567
6091,2.2724137,-0.014577991,-0.31798223,0.5505739,0.6134759783744812,0.3133738,3.618122,2.8679242
6092,2.2165458,-0.08706481,-0.19123401,0.41390666,0.7460964322090149,0.23656216,4.7397923,2.162272
6093,2.2557151,-0.10349172,-0.21629925,0.39405435,0.7886806130409241,0.23816234,3.8885734,2.7140937
6094,2.3811207,-0.09460805,-0.18359582,0.48881778,0.4163735508918762,0.2849842,2.1183999,1.8067238
6095,2.3589556,-0.037203122,-0.25263622,0.5207968,0.678630530834198,0.20013909,2.1026204,1.4215238
6096,2.379658,-0.035601374,-0.3327367,0.4891811,0.5806238651275635,0.2853328,2.7105038,2.7172046
6097,2.3526402,0.033685524,-0.12887359,0.49696386,0.5231608748435974,0.20086467,2.06667,1.6550367
6098,2.394797,-0.019410089,-0.34996548,0.64775765,0.7135671973228455,0.21019307,2.3068705,2.2151597
6099,2.2065797,0.05374685,-0.23117511,0.58952063,0.8056079745292664,0.23039861,3.479206,2.7322805
6100,2.254795,-0.15808524,-0.17722718,0.5321053,0.8240614533424377,0.20513207,3.916881,2.8213408
6101,2.2549825,0.10446556,-0.21475343,0.4134451,0.7775759696960449,0.19655395,2.6733308,2.0095766
6102,2.16998,-0.018395877,-0.202873,0.58158964,0.7212533950805664,0.2713591,4.4884768,2.625731
6103,2.1269393,0.119016625,-0.19642909,0.45395163,0.7591930031776428,0.21817097,4.681309,2.4169157
6104,2.2820573,-0.08306217,-0.24037993,0.4812585,0.7423228025436401,0.24655159,3.5631406,2.179783
6105,2.171363,-0.029756263,-0.25077718,0.55753165,0.7807613611221313,0.23476674,4.712829,2.1064796
6106,2.1647873,-0.01961063,-0.17661956,0.3821994,0.6929475665092468,0.27115056,5.7248096,2.6798043
6107,2.2106752,-0.12265064,-0.2494614,0.5105423,0.85,0.20593879,6.247421,2.183098
6108,2.320948,-0.25287023,-0.2646161,0.5013756,0.7047051191329956,0.26628008,4.514538,2.6313682
6109,2.4135897,-0.069332995,-0.21055403,0.5558911,-0.07237892597913742,0.17558156,2.098202,1.5634509
6110,2.3293395,-0.077825494,-0.20247006,0.3791744,0.7617291212081909,0.24665403,2.77778,2.5858371
6111,2.2561185,0.074915566,-0.2725927,0.5262515,0.6977978348731995,0.26118982,3.0671928,2.6776428
6112,2.314271,-0.07850072,-0.18947524,0.45455018,0.6768236756324768,0.2487051,3.074742,2.4372032
6113,2.3711455,-0.06430108,-0.20636423,0.5419838,0.5118314623832703,0.24484397,2.2784388,1.665715
6114,2.3158066,0.047057442,-0.31923184,0.536142,0.8024300932884216,0.21080899,2.3849266,1.8591719
6115,2.248497,-0.104962826,-0.21201384,0.5048159,0.7607577443122864,0.22862522,3.9418848,2.8457987
6116,2.392238,-0.14397433,-0.25927752,0.40572795,0.6816390752792358,0.27807957,2.93821,2.605416
6117,2.1850092,-0.031595144,-0.20821394,0.4196591,0.7889608144760132,0.22509143,5.096583,2.8216538
6118,2.2090662,-0.016647425,-0.3626685,0.47090298,0.7335070371627808,0.29135516,7.7288966,2.7667446
6119,2.2888255,0.015760873,-0.17848577,0.49525177,0.7642411589622498,0.18794046,2.162169,1.5638636
6120,2.3560073,-0.09177677,-0.24491784,0.6331904,0.6985851526260376,0.20975319,2.2974894,1.6843784
6121,2.3788512,0.086613506,-0.28951365,0.4752233,0.6541129350662231,0.10177225,2.0785344,1.2164316
6122,2.180317,-0.050896954,-0.20283653,0.42369187,0.820723831653595,0.22752376,6.0524726,2.8646495
6123,2.1709867,0.025245968,-0.21526955,0.41118184,0.8296042680740356,0.19724433,4.835573,2.296116
6124,2.2108657,0.07631114,-0.27637786,0.4136831,0.7226420044898987,0.2719455,4.12531,2.4428399
6125,2.3131099,-0.008890098,-0.25446334,0.50018233,0.7772071957588196,0.17632557,2.4855158,1.3204123
6126,2.2448595,-0.04447285,-0.22636844,0.4659062,0.7340090870857239,0.22396919,3.7409568,2.3621972
6127,2.2479546,0.028364118,-0.2562107,0.39736196,0.7345192432403564,0.23146442,3.6786387,2.6068928
6128,2.2968853,0.0037838868,-0.3239365,0.4826741,0.6125326752662659,0.2819469,3.5811245,2.2894552
6129,2.2822225,-0.11310515,-0.26615095,0.4841783,0.7169181108474731,0.26484144,3.948063,2.6816645
6130,2.2185407,0.026289599,-0.16725154,0.36067358,0.846523642539978,0.19576658,3.3585293,2.6528473
6131,2.2684333,-0.017585658,-0.20625858,0.56352407,0.7971445322036743,0.18753843,2.6501827,1.4602019
6132,2.251651,-0.030464344,-0.14513054,0.5491091,0.7029315233230591,0.26609868,3.266241,2.5982716
6133,2.179689,-0.10329558,-0.15715317,0.56204087,0.7966359257698059,0.23027655,4.861468,2.5565991
6134,2.065264,0.021089002,-0.083960384,0.44662148,0.7554664611816406,0.28215477,7.13058,2.702097
6135,2.269461,-0.13971324,-0.25377515,0.5213886,0.7558936476707458,0.26998094,4.522402,2.5745428
6136,2.2770023,-0.06709422,-0.29846108,0.5457931,0.703739583492279,0.26276365,3.8724713,2.8966362
6137,2.2466266,-0.048455276,-0.1288939,0.46020067,0.8252401351928711,0.21260925,2.6768594,2.5635316
6138,2.3591065,-0.09217857,-0.27780634,0.54618764,0.6479018330574036,0.24186403,2.477539,1.7309976
6139,2.2067409,0.08057502,-0.2747761,0.4850084,0.7814067006111145,0.23353302,4.077,2.635563
6140,2.2174397,0.09445979,-0.39582324,0.4986441,0.7268410325050354,0.25875983,4.5026693,2.520382
6141,2.3977265,-0.13450325,-0.2901602,0.47225118,0.658566415309906,0.2523823,2.826296,2.6446495
6142,2.2521296,-0.01578103,-0.15551724,0.41925636,0.85,0.17101221,2.6898453,1.4314762
6143,2.2436063,-0.0034721103,-0.20050082,0.50579864,0.7732416391372681,0.2283427,3.1650047,2.5245626
6144,2.1232553,0.039121278,-0.25593227,0.48532248,0.7428751587867737,0.28538337,7.551321,2.6302783
6145,2.1918795,-5.487528e-05,-0.21307941,0.5032555,0.7162501215934753,0.25741693,4.232041,2.33636
6146,2.1959062,-0.015825324,-0.28885898,0.37645465,0.7641305923461914,0.23823124,6.4002795,2.3072767
6147,2.1835983,-0.08201853,-0.22450535,0.51014215,0.7916881442070007,0.23749249,6.091074,2.147715
6148,2.324724,0.022810502,-0.17562042,0.52872926,0.668319582939148,0.19945523,2.0924263,2.2924023
6149,2.1872814,-0.030283095,-0.11312532,0.47259095,0.6486234068870544,0.3036967,4.3090153,2.5785613
6150,2.4234695,-0.027211346,-0.27094173,0.52942425,0.3629947900772095,0.2900017,2.1926727,2.2864163
6151,2.2204611,-0.011190675,-0.18777983,0.4445755,0.7695534825325012,0.2519899,3.597719,2.3157396
6152,2.293767,0.109101966,-0.29650882,0.49480537,0.8349438905715942,0.19136843,2.6735692,2.3202152
6153,2.373664,-0.02904477,-0.29796845,0.47868687,0.6683216691017151,0.17310359,2.2549803,1.332658
6154,2.3794045,0.033407442,-0.42496467,0.59750277,0.7633223533630371,0.18869244,2.3950822,2.2031217
6155,2.246685,0.049019165,-0.22755773,0.50653607,0.7399000525474548,0.26877537,3.1773295,2.2508926
6156,2.1427796,-0.021828441,-0.08582763,0.46240583,0.8203395009040833,0.23049565,4.376866,2.5882537
6157,2.2457552,0.08763856,-0.27770472,0.46848834,0.7092689871788025,0.26653406,3.4829829,2.7101362
6158,2.334641,0.0010066594,-0.21532428,0.40598536,0.39635246992111206,0.33749261,2.3305755,2.6456609
6159,2.3175218,0.011510184,-0.30323187,0.3439582,0.817668080329895,0.19509853,3.130546,2.2699628
6160,2.364736,-0.07519443,-0.28403878,0.4149156,0.7364451885223389,0.23971756,2.6900241,2.4286642
6161,2.1140225,0.12006912,-0.23941879,0.48508802,0.8173896074295044,0.2120666,5.728677,2.0210352
6162,2.1744359,-0.060755204,-0.20858537,0.389011,0.7641696929931641,0.26439294,7.140275,2.8722925
6163,2.3404975,-0.11113035,-0.26051658,0.4822894,0.60428386926651,0.2997715,3.2784102,2.616005
6164,2.0812457,-0.022618396,-0.06373214,0.5835771,0.812121570110321,0.24776514,5.7587833,2.6752279
6165,2.2117648,0.1352531,-0.14692473,0.37870923,0.6611877083778381,0.2813069,3.0193825,2.4753106
6166,2.350705,-0.107018866,-0.34684336,0.46498013,0.7561061978340149,0.23560089,3.3062754,2.601584
6167,2.1774268,0.0710617,-0.25188515,0.4953701,0.7686456441879272,0.26029664,4.069671,2.6465027
6168,2.1904876,0.03852442,-0.09179712,0.397817,0.7669591903686523,0.21668126,3.1152966,2.1239629
6169,2.2126942,0.008382907,-0.16933708,0.49599263,0.6797447800636292,0.26926595,3.556587,2.6432467
6170,2.3033314,0.05346076,-0.313945,0.554494,0.7354870438575745,0.2618713,2.912331,2.3794966
6171,2.0924826,0.110622905,-0.16753277,0.3651281,0.7734044790267944,0.25578222,6.3599176,2.0650036
6172,2.1515188,0.03046645,-0.11803158,0.37744695,0.7012733817100525,0.291122,4.288701,2.6918151
6173,2.3014278,0.067140736,-0.26173013,0.42546716,0.6027857661247253,0.27309865,2.621934,2.8298874
6174,2.39005,-0.116879664,-0.29122597,0.44617462,0.5783488154411316,0.29845923,2.7202408,2.55399
6175,2.3118205,-0.087729484,-0.17604646,0.42382884,0.7419717907905579,0.19380873,2.4692235,1.2909209
6176,2.1362183,-0.13296857,-0.19365403,0.4847849,0.7653043270111084,0.30721027,10.836106,2.2550666
6177,2.2161214,0.05871544,-0.2744718,0.52002007,0.8415141105651855,0.19856548,3.6585305,1.7967566
6178,2.3785467,-0.079920486,-0.25499022,0.44125354,0.6734444499015808,0.20593667,2.3505058,1.65095
6179,2.2799203,0.017886063,-0.2431418,0.4124757,0.8494633436203003,0.16513632,2.7498903,2.8882601
6180,2.2009764,-0.19872202,-0.32164735,0.4764233,0.8084469437599182,0.29950166,11.07544,1.1680799
6181,2.2543643,0.11723844,-0.1447529,0.4815993,0.2728559076786041,0.27333212,2.4405277,1.8833401
6182,2.2042224,-0.03271912,-0.21941608,0.42124882,0.7229438424110413,0.2593181,5.0755496,2.6522136
6183,2.3325863,-0.116827756,-0.27605772,0.5121723,0.80408775806427,0.22560771,3.101572,2.3520997
6184,2.0546682,0.09069669,-0.13441052,0.42086717,0.8493816256523132,0.22211704,6.5697403,1.9083186
6185,2.0860248,0.09990167,-0.09981003,0.47664598,0.8030233979225159,0.24522243,3.9096882,2.4745016
6186,2.2942886,-0.00049451593,-0.34906775,0.5353541,0.7207210659980774,0.24953893,3.355183,2.6760304
6187,2.219213,0.010097065,-0.1592879,0.42744368,0.7853942513465881,0.23012543,3.4208393,2.315908
6188,2.296647,0.010512243,-0.1631084,0.41711175,0.7250369787216187,0.14317554,2.342655,1.2911369
6189,2.2986095,-0.060369417,-0.25604168,0.45363796,0.8138759732246399,0.20876144,3.1644292,2.252825
6190,2.17316,0.033869896,-0.31123015,0.49889114,0.780690610408783,0.25706354,6.7826805,2.7434304
6191,2.2641804,0.07601675,-0.30910617,0.3841773,0.7053219079971313,0.25500432,3.470987,2.381551
6192,2.3217947,0.08866272,-0.22471431,0.4882429,0.3355436623096466,0.2933409,2.3082442,2.6621034
6193,2.1739902,-0.093888104,-0.24376838,0.40304524,0.7568537592887878,0.29257768,9.059959,2.5825813
6194,2.2296586,0.07500507,-0.16483955,0.49775484,0.7332133650779724,0.23766339,2.8380108,2.80971
6195,2.1582272,0.050767485,-0.25728023,0.4190978,0.7228296399116516,0.2820287,5.193818,2.6408675
6196,2.3013494,0.03665808,-0.2737843,0.46152115,0.690456748008728,0.2533191,2.8630629,1.9200848
6197,2.210893,-0.04133778,-0.24749602,0.5752359,0.7181189656257629,0.2833706,4.2894506,2.7779486
6198,2.25663,-0.0294005,-0.2332896,0.52392316,0.7773350477218628,0.2211821,3.6280017,2.6573582
6199,2.311383,0.027857661,-0.21487656,0.32554042,0.7211902737617493,0.20718159,2.7326217,1.9543514
6200,2.1961954,0.051308606,-0.044554736,0.33643314,0.5515974164009094,0.31359887,3.217059,2.6706097
6201,2.2096052,0.056028113,-0.23025037,0.44683397,0.8017321825027466,0.2083805,3.5495226,2.7261994
6202,2.167346,0.025596311,-0.1899564,0.4556574,0.85,0.16847846,4.4723496,2.2293143
6203,2.1679852,0.037974726,-0.18668006,0.4788402,0.8087767362594604,0.21322723,3.9491956,2.3104966
6204,2.1859093,-0.05607086,-0.1763172,0.5158164,0.85,0.16637237,4.2014656,1.7409126
6205,2.3922515,-0.11405607,-0.22658388,0.5701781,0.5064036250114441,0.2127897,2.2192967,1.7261094
6206,2.229892,-0.01024988,-0.16860536,0.48361647,0.8066860437393188,0.21788144,3.2485144,1.6025112
6207,2.382967,-0.059192583,-0.19013034,0.48759875,0.2861686050891876,0.22836919,2.2494102,1.9644535
6208,2.2972624,0.021070052,-0.2651541,0.45686838,0.7738800644874573,0.23870848,2.7869272,2.8839006
6209,2.2201684,-0.035158426,-0.19002433,0.35081935,0.8167853951454163,0.21998082,4.291916,2.7973633
6210,2.2039766,0.00092753407,-0.24516317,0.32547557,0.7887927889823914,0.2341196,4.895428,2.5063443
6211,2.2764754,0.037987858,-0.32288465,0.45197695,0.6130473613739014,0.29443094,3.730886,2.561429
6212,2.422327,0.03381314,-0.35052434,0.45497933,0.6556586027145386,0.09067514,2.076857,1.3675439
6213,2.3472679,0.08309434,-0.3432933,0.48737544,0.3157617747783661,0.33267832,2.5832994,2.87691
6214,2.2279234,-0.07846265,-0.17892818,0.41961756,0.8208984732627869,0.2076096,3.853046,2.7576582
6215,2.385708,-0.24787395,-0.2404159,0.51884884,0.85,0.16429865,3.2568705,1.6261044
6216,2.285254,-0.0041275104,-0.34122562,0.39020324,0.8002198934555054,0.22904044,3.8079348,2.852791
6217,2.243366,0.066864796,-0.18454066,0.4559631,0.6659347414970398,0.28009495,2.911776,2.6532035
6218,2.426516,-0.123699054,-0.24680775,0.44249403,0.24891258776187897,0.31168428,2.1314442,2.1672616
6219,2.1895738,0.03026011,-0.21915567,0.52318716,0.7192400097846985,0.26459146,4.355049,2.4008524
6220,2.2267938,-0.15152216,-0.102977596,0.53762263,0.6807340979576111,0.30648586,4.0100565,2.532027
6221,2.1847274,0.0791415,-0.21719989,0.5575036,0.6424041390419006,0.3060654,4.17562,2.7308261
6222,2.3392804,-0.043651413,-0.3009233,0.5199874,0.823864758014679,0.1536377,2.381779,1.4921709
6223,2.264636,-0.056708537,-0.23931473,0.45233455,0.7980855107307434,0.21564674,3.5121014,2.7636368
6224,2.2908316,-0.08543568,-0.27077028,0.6288206,0.6506069302558899,0.3022721,3.522951,2.5403843
6225,2.298665,-0.10150786,-0.2315252,0.40121588,0.7879077196121216,0.19033635,3.5626245,2.0802038
6226,2.1942272,-0.057873085,-0.21312901,0.54723614,0.840621829032898,0.21610689,4.861396,2.5051062
6227,2.341587,-0.03839798,-0.19502272,0.30993465,0.519210696220398,0.27591515,2.5819838,2.4823318
6228,2.1943047,-0.065634996,-0.18784356,0.555987,0.85,0.20325294,4.2390056,2.1822002
6229,2.3347802,-0.097155884,-0.28564686,0.4378336,0.7028634548187256,0.2612089,3.4528103,2.2262468
6230,2.4508784,-0.042738643,-0.2704173,0.36597785,0.5873507857322693,0.22228716,2.0633686,2.1906629
6231,2.155826,-0.02364713,-0.23554908,0.5022372,0.8378392457962036,0.22586492,6.280089,2.8168871
6232,2.3158698,-0.092274636,-0.21197362,0.46075028,0.71229088306427,0.2550872,3.2485886,2.510434
6233,2.236422,0.075603746,-0.242819,0.3798821,0.7763373851776123,0.19748282,2.9848545,1.6502612
6234,2.2997258,-0.121145315,-0.29947928,0.57603943,0.7171124219894409,0.28355134,3.9644911,2.3377593
6235,2.3832774,-0.13431165,-0.2319333,0.4504078,0.6221474409103394,0.24359562,2.90817,1.8880022
6236,2.1980135,0.026907083,-0.2302891,0.53426665,0.8478851914405823,0.18416584,3.8969603,2.2146575
6237,2.3924003,-0.07391064,-0.23491341,0.51851237,0.5932714939117432,0.23853727,2.094579,2.5916412
6238,2.3423781,-0.009774138,-0.32018173,0.40561748,0.830670952796936,0.2015808,2.7698545,1.5821149
6239,2.2951686,0.09863516,-0.2762919,0.49443126,0.6749033331871033,0.22506726,2.609211,1.8419365
6240,2.224379,0.06434718,-0.26562414,0.37720042,0.7086830735206604,0.2555441,3.9922853,2.7782135
6241,2.3596005,-0.08782353,-0.31648314,0.44687733,0.8083426356315613,0.21856432,3.224578,2.4091418
6242,2.2424176,0.022861311,-0.23298414,0.4924581,0.6202614307403564,0.28417987,3.465602,2.462559
6243,2.2697265,-0.03434111,-0.28195152,0.48188275,0.7998997569084167,0.2355991,3.7631068,2.4066298
6244,2.2003286,0.002552491,-0.206786,0.4816129,0.7607972621917725,0.2491462,4.3043118,2.6234891
6245,2.2552392,-0.020410368,-0.29237276,0.34198192,0.8163451552391052,0.20171177,4.370623,2.7829146
6246,2.2127805,-0.018030643,-0.21335292,0.45293707,0.8375152945518494,0.17916709,3.9536006,2.0387523
6247,2.2406714,0.014017227,-0.26339576,0.4169055,0.8100281357765198,0.20300011,4.0126834,2.6893344
6248,2.1969118,-0.022282846,-0.27897626,0.56599534,0.8057383894920349,0.22328894,5.456204,2.852263
6249,2.3712418,0.039996356,-0.37415212,0.41292095,0.7728124856948853,0.22319047,2.7255368,2.320753
6250,2.331417,0.0104248,-0.19694917,0.5257643,0.5707224011421204,0.23053917,2.2198,2.530904
6251,2.1776052,-0.018064484,-0.14784308,0.4043114,0.8024266362190247,0.21602525,4.499169,2.37337
6252,2.18871,-0.04742786,-0.10056265,0.49202743,0.7837153673171997,0.20856726,3.790579,2.2112916
6253,2.4553323,-0.045830794,-0.31219238,0.5147448,0.1787026822566986,0.24207513,1.9919478,1.9302342
6254,2.3363838,-0.0035155385,-0.30722505,0.6247853,0.85,0.12289118,2.4978166,1.7644663
6255,2.3116121,0.07618334,-0.36029556,0.5099325,0.6586230397224426,0.28435147,3.2438483,2.8407114
6256,2.2851274,-0.034835037,-0.119476736,0.43411848,0.5992756485939026,0.22027178,2.4647324,2.0175552
6257,2.31664,-0.09947453,-0.28391975,0.49689394,0.85,0.18176672,2.6596112,1.6226745
6258,2.2142465,-0.022665381,-0.21545573,0.40819788,0.85,0.11130636,3.9591448,1.5508085
6259,2.3706884,-0.16497277,-0.25388476,0.63575137,0.7346283793449402,0.22277045,2.8114698,2.128633
6260,2.227994,0.072282575,-0.26321307,0.44951564,0.7346799373626709,0.2578159,3.7281973,2.610873
6261,2.3444211,0.07242239,-0.33474,0.4189307,0.7054126262664795,0.22367318,2.5353258,2.2651703
6262,2.2496433,-0.056262,-0.30545992,0.573145,0.6941800117492676,0.2889705,4.47271,2.3898983
6263,2.195817,-0.07286718,-0.21983624,0.45630857,0.839480459690094,0.18979116,5.2227135,2.1474931
6264,2.2482288,-0.013768067,-0.2338134,0.4524499,0.7539793848991394,0.23121762,3.3450413,2.715558
6265,2.1190865,0.15527578,-0.2141604,0.41405365,0.701198399066925,0.27401325,4.9425726,2.4763079
6266,2.205709,0.024731195,-0.22141038,0.36994627,0.7725977897644043,0.21691617,3.9105833,2.5908678
6267,2.2938087,0.0052392753,-0.2553534,0.4712067,0.5881439447402954,0.30456617,3.1556554,2.7228413
6268,2.3472605,-0.0047733793,-0.3122545,0.37682316,0.8089604377746582,0.17045966,2.5170453,1.6849616
6269,2.4372027,-0.018580753,-0.29848382,0.47577745,0.2632867097854614,0.16385607,2.1074352,1.461349
6270,2.1618266,-0.019778112,-0.15561284,0.37990463,0.7578060030937195,0.22785357,5.894024,2.7934616
6271,2.3808534,-0.0796335,-0.28926125,0.5380598,0.5241090655326843,0.2298568,2.2935197,1.641481
6272,2.378948,-0.07043546,-0.17411113,0.4141827,0.3409395217895508,0.23588511,2.2546244,1.7003537
6273,2.1646495,0.052915573,-0.19091421,0.46775013,0.7460727691650391,0.24649893,4.185826,2.428261
6274,2.2673798,-0.060395442,-0.18081182,0.3766886,0.7395439743995667,0.25508353,3.068429,2.2469661
6275,2.265952,-0.1291775,-0.324625,0.5105521,0.8324205279350281,0.20171268,4.638782,2.3541274
6276,2.333252,0.08250992,-0.2560013,0.26294777,0.7729959487915039,0.17573208,2.4646878,2.1138926
6277,2.3394244,-0.10996721,-0.17802075,0.50460106,0.597490668296814,0.28851065,2.7931504,2.7383125
6278,2.364371,-0.1563649,-0.276833,0.50458866,0.6843649744987488,0.24782123,3.1348186,1.8840833
6279,2.2273374,-0.0059616957,-0.31677127,0.36733425,0.8258387446403503,0.24074303,4.926469,2.6257946
6280,2.1955693,0.13370785,-0.13354602,0.49937114,0.7291472554206848,0.23534663,2.6737862,2.0894206
6281,2.3455875,0.10045189,-0.23247486,0.37656558,0.2514072358608246,0.32093573,2.2186327,2.4414363
6282,2.2161968,0.048009627,-0.2877891,0.49370393,0.85,0.13424614,3.4052415,2.039659
6283,2.3025448,0.03822006,-0.21170554,0.46889815,0.7528606057167053,0.25962684,2.490932,2.1054091
6284,2.2676067,0.00041356866,-0.2809767,0.4402303,0.7677118182182312,0.22950438,3.18477,2.3079455
6285,2.2150245,0.012484318,-0.16858025,0.47423705,0.6589727997779846,0.29043084,3.3799148,2.9138596
6286,2.2986453,0.07002561,-0.34222502,0.49294448,0.6428253650665283,0.28713346,2.9537194,2.6546168
6287,2.2860837,-0.048506882,-0.311839,0.35581863,0.7949922680854797,0.2423513,4.180438,2.847952
6288,2.3000247,-0.06336639,-0.28169635,0.5402643,0.8018229007720947,0.18637194,3.1997192,1.7354091
6289,2.109502,0.0058216066,-0.15132484,0.5283349,0.8151232600212097,0.21815522,6.316259,2.460489
6290,2.3625767,-0.029553711,-0.33321506,0.54841596,0.6375948786735535,0.2760177,2.607016,2.6551075
6291,2.3350432,-0.023562826,-0.14611438,0.53601104,0.22692103683948517,0.2698858,2.2207603,2.5804317
6292,2.2050471,-0.028694589,-0.23920466,0.4377851,0.8154596090316772,0.20956656,4.3168073,2.6913574
6293,2.2338498,-0.0198663,-0.28697678,0.5116187,0.8000841736793518,0.2261953,4.1730313,2.6215084
6294,2.251966,0.05537683,-0.2724943,0.48438776,0.7046514749526978,0.26444986,3.1575823,2.682384
6295,2.2538998,0.03214138,-0.29186285,0.48106617,0.7287783622741699,0.2601034,3.6744592,2.808864
6296,2.286499,-0.17049496,-0.113741994,0.6705841,0.85,0.18249567,2.9457817,2.6320484
6297,2.3152788,-0.030217974,-0.22579081,0.41433948,0.6599889397621155,0.24668658,2.7548735,2.3028715
6298,2.3365796,-0.044153888,-0.27703023,0.55945015,0.8054714798927307,0.18070814,2.7145507,2.4157116
6299,2.436671,-0.059443533,-0.32449627,0.4081088,0.4846024513244629,0.103659,2.097088,1.2273766
6300,2.2508478,0.083459966,-0.15833391,0.35913518,0.7018011212348938,0.24992017,2.629999,1.9097749
6301,2.2090895,-0.029753618,-0.2177626,0.6279739,0.7174085974693298,0.24526314,3.8200362,2.5787518
6302,2.278107,-0.06451554,-0.17109816,0.47031605,0.8315847516059875,0.102615215,2.2468662,1.1675098
6303,2.133062,-0.12593146,-0.23350453,0.593608,0.7993363738059998,0.2902855,10.892472,2.745963
6304,2.2353141,-0.036719587,-0.24401371,0.4741001,0.7347058653831482,0.2559223,4.1167297,2.0885975
6305,2.1260731,0.09034767,-0.18884173,0.38347954,0.8134178519248962,0.21425167,5.1674356,2.7429962
6306,2.2950895,-0.043433003,-0.2472696,0.40695056,0.7501651644706726,0.23458846,3.2464426,2.565868
6307,2.3594525,-0.034977015,-0.2734081,0.5306167,0.4533991813659668,0.3007341,2.441216,2.4354193
6308,2.480416,-0.13048807,-0.2964904,0.5158037,0.6940066814422607,0.14530115,2.0431373,1.4847959
6309,2.267808,-0.14832911,-0.23697503,0.43874648,0.7479361891746521,0.26112512,4.506458,2.8707592
6310,2.1852314,0.07792908,-0.24431372,0.5596428,0.7760136127471924,0.2207103,3.84809,2.3262691
6311,2.219528,0.0030684657,-0.19126773,0.54947066,0.8047736883163452,0.20479129,3.1572447,2.401564
6312,2.2911248,0.032390896,-0.21620798,0.48293,0.6013264656066895,0.2614118,2.746088,2.4338617
6313,2.281899,-0.049322966,-0.16235071,0.52908504,0.7059096693992615,0.25784084,2.6153612,2.4249153
6314,2.386193,-0.08553432,-0.23293602,0.58994496,0.6902902722358704,0.116923474,2.0917103,1.667596
6315,2.3082488,-0.038567796,-0.25934345,0.5232946,0.6857338547706604,0.27927712,3.1842213,2.4773412
6316,2.3743205,0.028940393,-0.23635964,0.39360154,0.5420445799827576,0.2143749,2.1052158,1.6761116
6317,2.2564347,0.08563268,-0.26393315,0.35029826,0.7973029613494873,0.21059698,3.3133008,1.9425136
6318,2.2008011,0.05386357,-0.20118156,0.51791275,0.6720354557037354,0.28883898,3.3627558,2.292099
6319,2.2600627,0.018571982,-0.2367197,0.3401737,0.8389389514923096,0.21265638,3.3925288,2.09112
6320,2.2795413,-0.05988211,-0.32682398,0.4614241,0.728538990020752,0.24908142,4.0081315,2.3438182
6321,2.2630806,-0.010785755,-0.3000925,0.46063235,0.7872669100761414,0.2387369,3.8410435,2.8548875
6322,2.2341132,-0.08781837,-0.2530492,0.45861313,0.7080904841423035,0.2652877,5.4873037,2.7248929
6323,2.2666154,-0.022017978,-0.153676,0.3893776,0.7634369730949402,0.2568766,3.2035546,2.7956362
6324,2.1880975,0.014852885,-0.16892886,0.42192745,0.7472958564758301,0.24609858,4.2261205,2.7276025
6325,2.37998,-0.1090171,-0.3508463,0.4803633,0.7232066988945007,0.2542121,2.999742,2.7711349
6326,2.2190983,-0.102140926,-0.2386981,0.45973915,0.8350385427474976,0.21307312,4.2196927,1.9826403
6327,2.2623508,0.0018614914,-0.35256562,0.4924409,0.776715874671936,0.22257803,4.0309405,2.550782
6328,2.1576982,0.09682126,-0.26219013,0.32549226,0.7764913439750671,0.24462108,5.8642573,2.7668672
6329,2.3022056,-0.010071995,-0.29158196,0.5452517,0.7845537066459656,0.20716289,2.93413,1.9610604
6330,2.3885913,-0.03923097,-0.3288709,0.49217796,0.5402597188949585,0.23908196,2.2168353,2.1343534
6331,2.2622929,0.010859041,-0.3421367,0.40599033,0.8210803866386414,0.21632083,4.3423085,2.2380567
6332,2.2760522,-0.11675083,-0.24095044,0.61512256,0.8014331459999084,0.22626384,3.4786677,2.5401115
6333,2.314376,-0.06703636,-0.25846568,0.4044093,0.5489493608474731,0.27581555,2.7436483,2.1110957
6334,2.3753204,0.0051025716,-0.21902739,0.3831444,0.5849254131317139,0.22470188,2.1141222,2.5756984
6335,2.3286936,-0.01170044,-0.20807275,0.3430959,0.5644102692604065,0.28599516,2.5253153,2.4000635
6336,2.2687678,-0.076313786,-0.21335724,0.43001732,0.8088665008544922,0.22463007,3.6953282,2.779699
6337,2.1663258,0.044990905,-0.16220757,0.34020337,0.7795419096946716,0.22696671,4.6713047,2.5875309
6338,2.3375328,-0.047311936,-0.23133624,0.51756364,0.5030564069747925,0.22872986,2.3741016,1.3797934
6339,2.2100742,-0.040784895,-0.16781156,0.5095059,0.7555708885192871,0.23605661,3.7934334,2.8200493
6340,2.2317426,-0.052814595,-0.23553647,0.4774779,0.8445625901222229,0.17864525,4.0738983,2.0648873
6341,2.2017994,0.019382283,-0.102884315,0.39934412,0.6735630631446838,0.26926002,3.2120106,2.4921281
6342,2.4098737,-0.09385182,-0.40081048,0.55106825,0.48146238923072815,0.33950523,2.9942985,2.8718581
6343,2.2410693,-0.11097316,-0.34951666,0.60845816,0.6570347547531128,0.30268037,6.2192125,2.9331138
6344,2.322942,-0.05839124,-0.23942295,0.41170907,0.7937771081924438,0.19808814,2.7359495,2.4471543
6345,2.1799903,0.042505283,-0.19375728,0.541479,0.85,0.17068857,3.3338661,2.1726806
6346,2.2814705,-0.07967508,-0.16823176,0.39337513,0.6211540699005127,0.31342626,3.4715128,2.696771
6347,2.1890566,0.060985833,-0.12549663,0.32340387,0.8081172108650208,0.23328315,3.4360797,1.9849398
6348,2.2228687,-0.060767528,-0.23169738,0.5515708,0.796143114566803,0.24830715,4.292063,2.5914254
6349,2.258419,0.0107505955,-0.1812106,0.35748148,0.7958865761756897,0.21104002,2.8999126,2.2172494
6350,2.3767316,-0.05697586,-0.35250643,0.4772428,0.602023184299469,0.28073528,2.9540765,2.661217
6351,2.3107688,-0.025210893,-0.2684954,0.423534,0.5744344592094421,0.31527576,3.0958374,2.662977
6352,2.202901,0.05210276,-0.25352034,0.53501064,0.751676619052887,0.21182182,3.620616,1.8268356
6353,2.2726803,-0.038372014,-0.28003517,0.4244937,0.7493715882301331,0.214015,3.7531328,2.729458
6354,2.145991,0.0033010829,-0.2495626,0.29248264,0.7951250672340393,0.27888516,9.287007,1.715142
6355,2.3091946,-0.09261699,-0.37269726,0.4705501,0.7870226502418518,0.22982414,4.254843,2.6255534
6356,2.437007,-0.103819676,-0.2486066,0.5722453,0.5276282429695129,0.19285083,2.141142,2.0516763
6357,2.2148812,0.076748006,-0.19509329,0.3991691,0.6727442741394043,0.29582983,3.473331,2.8820577
6358,2.3030891,-0.03168001,-0.3078604,0.47814175,0.6968562602996826,0.285072,3.7179983,2.72815
6359,2.2608259,-0.0014013725,-0.2517837,0.4000036,0.698922336101532,0.26411086,3.6917133,2.3364074
6360,2.262813,0.05926647,-0.28775352,0.2760097,0.8340576887130737,0.22511835,3.782276,2.834283
6361,2.1983435,0.020020798,-0.27326968,0.4149412,0.7482229471206665,0.25266322,5.1926975,2.6887167
6362,2.1759248,-0.010077214,-0.20003341,0.33213043,0.7900190949440002,0.2524878,5.724353,2.7571726
6363,2.3096642,-0.009843481,-0.24839196,0.48855755,0.828608512878418,0.17968068,2.5248141,2.1541097
6364,2.2337103,-0.021370994,-0.22176743,0.35671133,0.7720133066177368,0.19613473,3.607452,2.249081
6365,2.253175,0.013339457,-0.2156467,0.40050584,0.6809521913528442,0.2700591,3.5997565,2.4382906
6366,2.2013404,-0.12786086,-0.1489569,0.51229054,0.6787294745445251,0.28049642,4.811298,2.543985
6367,2.3912356,0.017345233,-0.2933506,0.4557285,0.5152677893638611,0.24247599,2.2216537,1.7290196
6368,2.2279787,0.11983326,-0.13016818,0.48767862,0.7816067337989807,0.17688702,2.4582596,2.0534883
6369,2.2811685,0.0074690455,-0.20743264,0.6125984,0.7889142632484436,0.21389772,2.7407465,2.0436285
6370,2.1731722,0.15225646,-0.22264303,0.4322646,0.7545232772827148,0.23866299,3.7843914,2.6101031
6371,2.2183204,-0.048605807,-0.28815883,0.47449398,0.7146475315093994,0.27616826,5.4553776,2.3613539
6372,2.237528,0.009885549,-0.23015912,0.5379306,0.7513471841812134,0.22809589,3.1392334,2.1383758
6373,2.3065221,-0.06311201,-0.35394198,0.4998687,0.7674371600151062,0.25032064,3.681835,2.726723
6374,2.3521047,-0.07298196,-0.21992597,0.4164573,0.8245607018470764,0.16625385,2.301221,2.2208748
6375,2.2960455,-0.11644722,-0.23469454,0.44130003,0.7296313643455505,0.2551304,3.7908611,2.479535
6376,2.2423532,-0.034374423,-0.2593133,0.3652944,0.7431433200836182,0.25571385,4.7424593,2.7429428
6377,2.3702865,-0.089473516,-0.40756708,0.43087438,0.7480977177619934,0.246611,3.539499,2.888332
6378,2.2517505,0.050341602,-0.2847939,0.4711482,0.7930140495300293,0.23883997,3.4942126,2.1244817
6379,2.2351701,-0.12507007,-0.22678924,0.38790762,0.7680533528327942,0.24448836,5.508837,2.6855576
6380,2.1921124,-0.06444011,-0.10405353,0.4627386,0.7857661843299866,0.2351705,3.9359446,2.7938988
6381,2.3639376,-0.082073845,-0.28140226,0.502651,0.5695783495903015,0.30137327,2.8733315,2.7600358
6382,2.3836684,-0.25722888,-0.29807487,0.68385476,0.7989886999130249,0.22575344,3.5287588,2.541774
6383,2.4061012,-0.19742464,-0.2871219,0.57073474,0.6919918656349182,0.25885856,2.7962987,2.3657627
6384,2.1419194,0.051902354,-0.18750757,0.47524056,0.76087486743927,0.23073652,4.8845444,1.6297004
6385,2.1775565,0.0074613146,-0.16074322,0.46977904,0.7056259512901306,0.28508198,4.260412,2.6838198
6386,2.1750422,-0.035154443,-0.23428982,0.6059666,0.7714263796806335,0.26202047,5.082414,2.885
6387,2.2635317,0.0075269593,-0.08153809,0.40004635,0.6039125919342041,0.22031905,2.4863212,1.5949241
6388,2.3157423,0.0058884793,-0.287259,0.29746014,0.6934409141540527,0.2903142,3.3272564,2.8847053
6389,2.2200212,-0.04126866,-0.20641176,0.5711033,0.7304096221923828,0.25969744,3.9445496,2.2772079
6390,2.2924602,-0.027557278,-0.22570343,0.39661476,0.7289595007896423,0.24466042,3.224252,2.7630684
6391,2.1292763,-0.10994046,-0.19992234,0.5843739,0.7718117833137512,0.2917697,9.204778,2.8189123
6392,2.1986408,-0.06792176,-0.31521598,0.6070468,0.7653775215148926,0.26260275,5.8624096,2.3655639
6393,2.244609,-0.013005282,-0.22071077,0.5867603,0.7097648978233337,0.25026107,3.3337238,2.6965494
6394,2.2228162,-0.039529886,-0.22888759,0.50479907,0.8312873244285583,0.1863278,4.063059,2.2466254
6395,2.198082,0.024607077,-0.23749484,0.46249458,0.6952155232429504,0.2799591,4.649341,2.8597
6396,2.2667356,-0.10010973,-0.28192636,0.416042,0.7969153523445129,0.23890044,4.701518,2.7477756
6397,2.201537,0.017402729,-0.1790268,0.47784543,0.8353561758995056,0.20117746,3.14464,2.614794
6398,2.1775856,0.08201511,-0.26839572,0.34779066,0.7218462824821472,0.25758883,5.0242295,2.8713152
6399,2.2606804,-0.17334965,-0.20577241,0.4712148,0.8395254015922546,0.1731605,4.275609,1.5979127
6400,2.241117,0.042194966,-0.16586274,0.4661958,0.638470470905304,0.27805847,3.3853421,2.4927568
6401,2.2677808,0.058025282,-0.32180724,0.40928558,0.7782724499702454,0.24749993,3.6383095,2.656415
6402,2.1325371,0.005628859,-0.0036507691,0.33087605,0.7889313101768494,0.20784366,3.7924607,2.0730321
6403,2.208623,0.13833724,-0.17528,0.41467014,0.5048179626464844,0.31134576,3.086361,2.8554046
6404,2.3649526,-0.100220226,-0.28646758,0.4532285,0.6655793786048889,0.26864022,3.1225097,2.350336
6405,2.2573817,-0.1495033,-0.13903403,0.33629405,0.7439387440681458,0.26564938,4.309285,2.8716643
6406,2.3376942,-0.05535174,-0.22625315,0.48961774,0.5395634770393372,0.2746647,2.805673,1.9863665
6407,2.4340212,-0.06129826,-0.26882988,0.40711078,0.6352445483207703,0.20618075,2.039565,2.7214773
6408,2.180556,-0.06537131,-0.20622928,0.5363284,0.7501633167266846,0.24607645,5.6897655,2.4555204
6409,2.2773187,0.0075711687,-0.30974692,0.46589068,0.85,0.21881332,3.5472589,2.4421198
6410,2.3610938,-0.01190124,-0.3709287,0.37069896,0.6286833882331848,0.26729712,3.2069361,2.4926155
6411,2.2852278,0.013203688,-0.31170666,0.52580684,0.7230283617973328,0.27851796,3.3842387,2.7055943
6412,2.239711,-0.006156927,-0.22319318,0.43265647,0.8360026478767395,0.20329416,3.6420064,2.3784485
6413,2.3563538,0.008807184,-0.2806268,0.4853993,0.5233084559440613,0.2625397,2.5485902,2.827657
6414,2.2399647,0.0009313438,-0.18833436,0.419974,0.7533434629440308,0.2316095,3.3143778,2.4537725
6415,2.2449005,0.055231545,-0.3329592,0.46086207,0.8120243549346924,0.231791,3.8452058,2.7374475
6416,2.2331421,0.096463636,-0.24788962,0.44984832,0.7943475842475891,0.20644574,3.332034,2.3810446
6417,2.250879,-0.13447113,-0.23490551,0.624235,0.7624397277832031,0.2641058,4.3185854,2.6856356
6418,2.2709074,0.06411081,-0.25118366,0.52417403,0.6509681940078735,0.27176046,2.8699968,2.6372929
6419,2.237957,-0.09097432,-0.25175497,0.579509,0.7974555492401123,0.21960023,4.484182,2.5500758
6420,2.2893636,-0.03448046,-0.21898222,0.3773952,0.7775134444236755,0.24952105,3.1097524,2.3409793
6421,2.42289,-0.10038875,-0.2802876,0.50807285,0.5422699451446533,0.2601967,2.4146192,2.2827458
6422,2.1737483,-0.0023248775,-0.24451095,0.5320738,0.7083534002304077,0.28034443,5.619475,2.6384416
6423,2.248695,-0.1030952,-0.29087582,0.41330346,0.8141480684280396,0.22262488,5.670795,2.3698146
6424,2.1324532,0.022960477,-0.17337865,0.54851514,0.7887067794799805,0.24215633,5.0055456,2.4275486
6425,2.2344308,-0.001668389,-0.27198187,0.5206501,0.7812393307685852,0.22270086,3.8782728,1.5866928
6426,2.342389,-0.023107842,-0.25010067,0.48441592,0.7780826687812805,0.19796064,2.4327343,1.9693257
6427,2.3496501,-0.06180166,-0.26919064,0.46730283,0.7358016967773438,0.196796,2.5643451,1.5209354
6428,2.2263138,-0.030372595,-0.13273884,0.4280893,0.7608184814453125,0.26356193,3.2912266,2.5382605
6429,2.1732597,0.100317135,-0.14914931,0.18975739,0.7062155604362488,0.26782468,4.6143208,2.7917593
6430,2.3112764,-0.058287803,-0.34835577,0.34742904,0.8142799139022827,0.21148214,4.1336155,2.4600642
6431,2.4323347,-0.11446033,-0.3465864,0.55305487,0.36918652057647705,0.24196526,2.346271,2.0608227
6432,2.2757533,0.028742595,-0.23805064,0.43203965,0.7840262651443481,0.20614183,2.992788,2.3112082
6433,2.1486146,0.13322629,-0.219146,0.4293589,0.8318741917610168,0.20156144,4.2454786,1.9971256
6434,2.3555295,-0.0095652165,-0.36803803,0.47494262,0.8439033031463623,0.1593685,2.7411404,1.7649798
6435,2.2420788,0.028556796,-0.23891178,0.51139355,0.7423295974731445,0.24764575,3.3549416,2.6834128
6436,2.091046,0.07238061,-0.19609272,0.40273616,0.7308635115623474,0.2887388,7.078811,2.884582
6437,2.285824,-0.0011492323,-0.22558829,0.3252309,0.787025511264801,0.24228446,3.271504,2.3188357
6438,2.1915221,0.032011736,-0.19118275,0.4065122,0.7744894623756409,0.2374517,4.230889,2.5388694
6439,2.3402107,-0.12044519,-0.15543553,0.4950489,0.6742459535598755,0.22261332,2.5211194,1.8750141
6440,2.2086172,-0.15123343,-0.21097331,0.41087148,0.7572207450866699,0.24229246,6.010183,2.9269185
6441,2.4080603,-0.04617766,-0.29559067,0.59425664,0.356719434261322,0.30319226,2.0840774,2.7079055
6442,2.2072241,0.013786759,-0.26379493,0.4692657,0.7837378978729248,0.23255368,4.3588605,2.4471865
6443,2.1698887,0.017624376,-0.24537335,0.45911938,0.8279812932014465,0.21774036,5.2044816,2.649904
6444,2.4629831,-0.20010014,-0.15688542,0.46702725,0.445422887802124,0.24077892,2.207956,2.3472235
6445,2.1871908,0.045481414,-0.198438,0.36514807,0.7907126545906067,0.21324882,4.0774546,2.6912718
6446,2.1619055,0.03874477,-0.13190289,0.35444435,0.85,0.16785581,3.753682,1.7293724
6447,2.3214755,-0.10207769,-0.37831393,0.56014967,0.7610185742378235,0.2588043,3.8666604,2.0388095
6448,2.249758,0.08203249,-0.2593496,0.52751976,0.8037880063056946,0.21187349,2.9982538,2.2978585
6449,2.4662066,-0.10473617,-0.42511663,0.5050884,0.5398741960525513,0.23902994,2.338138,1.898974
6450,2.2653584,-0.036503263,-0.17382939,0.46360636,0.7722404599189758,0.2254863,2.9725902,2.323152
6451,2.207177,0.06706542,-0.18653017,0.36202064,0.7820185422897339,0.25177172,3.6736498,2.5006063
6452,2.1745484,-0.09759659,-0.09474669,0.6233278,0.7358649373054504,0.26636192,4.462754,2.1673183
6453,2.2755854,-0.0033971297,-0.25907546,0.53995407,0.7334979176521301,0.27665138,3.260977,2.6294641
6454,2.4372041,-0.10566179,-0.35777327,0.53165334,0.7478172183036804,0.17103969,2.2484455,1.3157246
6455,2.2102222,0.06662029,-0.16393788,0.48478356,0.7077956199645996,0.26833957,2.940149,2.590904
6456,2.1727448,0.022102574,-0.27221823,0.5012253,0.8130010962486267,0.2114548,5.148822,1.7927314
6457,2.1927013,-0.0153329745,-0.17871594,0.47446716,0.802726686000824,0.21578783,4.074457,2.5241437
6458,2.245176,-0.052653756,-0.21127884,0.46450162,0.7074021100997925,0.2737576,3.9668162,2.1343353
6459,2.3805609,-0.07143336,-0.079969235,0.38454846,0.3943597078323364,0.20586357,2.1722803,1.7923322
6460,2.1822746,-0.04629342,-0.09495427,0.42830458,0.8248193860054016,0.19704849,3.9624193,1.8454685
6461,2.1234076,-0.033303153,-0.26970837,0.37936738,0.8435434699058533,0.26184636,11.594836,1.4285617
6462,2.312573,0.05445842,-0.2512455,0.4236111,0.6107453107833862,0.18228786,2.1655924,1.7143546
6463,2.276508,-0.09338537,-0.2702672,0.5442081,0.7065309882164001,0.25278106,3.8629575,2.7043996
6464,2.3436837,-0.020732576,-0.28026825,0.40816772,0.7165483236312866,0.24989495,2.8106425,2.435591
6465,2.3005457,-0.04258088,-0.12236335,0.4954674,0.7955021262168884,0.14204876,2.2084708,1.5396334
6466,2.290532,0.006482198,-0.3109292,0.52390987,0.7776392698287964,0.2124491,3.2941976,2.1474473
6467,2.26228,-0.029612295,-0.17332296,0.47717512,0.7629423141479492,0.22984181,2.930368,2.6784556
6468,2.3256865,0.15924929,-0.32435116,0.37000844,0.5858840942382812,0.23240994,2.4639835,2.2234955
6469,2.1239727,-0.0057381634,-0.17071053,0.37272277,0.8445707559585571,0.21851121,7.071121,2.1859908
6470,2.199986,0.07567546,-0.19236863,0.52136105,0.7963843941688538,0.2365879,3.6178362,2.4674616
6471,2.3304095,-0.033213954,-0.20992805,0.4184355,0.7241436243057251,0.21290663,2.4987872,1.7085853
6472,2.1920302,-0.0015321036,-0.16505864,0.51454526,0.7590209245681763,0.24629796,3.6189203,2.4623585
6473,2.1955457,0.024867395,-0.10763325,0.5383676,0.7477982044219971,0.25015426,3.3402205,1.9748205
6474,2.2959116,-0.17884807,-0.21465519,0.4955861,0.7287928462028503,0.26980036,3.9357905,2.6665702
6475,2.2180889,-0.07363761,-0.1232419,0.49949485,0.8090499639511108,0.21648249,3.286786,2.293524
6476,2.4954748,-0.1124591,-0.25478786,0.4252944,0.5572543144226074,0.24512997,2.1546204,2.703131
6477,2.1912332,-0.019224081,-0.24097846,0.36468828,0.7622431516647339,0.2424184,5.565864,2.5637372
6478,2.3151524,0.07676746,-0.31370306,0.4732696,0.6844201683998108,0.26437268,2.9517603,2.485525
6479,2.1254387,-0.017430088,-0.22075874,0.60315895,0.7912570238113403,0.25031525,6.346687,2.582124
6480,2.255547,-0.054937806,-0.22013012,0.4598094,0.8034175038337708,0.19487505,3.1807337,1.7189105
6481,2.3631299,0.011894032,-0.24618438,0.45164046,0.6555097699165344,0.19130027,2.1177866,2.1189647
6482,2.3737867,0.03502305,-0.28858563,0.40933812,0.4177863299846649,0.24191298,2.2995584,1.8762261
6483,2.1896415,-0.017905354,-0.19260979,0.5178402,0.7279780507087708,0.25735235,4.1019473,2.4274418
6484,2.27765,0.057600167,-0.19734256,0.4352891,0.5168567895889282,0.32726237,2.798644,2.6345413
6485,2.255104,0.10093121,-0.27064505,0.34230185,0.7914641499519348,0.21433897,3.266716,1.725839
6486,2.4059327,-0.041255787,-0.26823342,0.3026255,0.5481371879577637,0.18345147,2.0901656,1.3251576
6487,2.3120918,-0.1031356,-0.24835062,0.5147373,0.8226399421691895,0.19395453,3.1140373,2.318778
6488,2.2640655,0.008611129,-0.26188058,0.389381,0.7274438738822937,0.26116893,3.972425,2.485999
6489,2.4059925,-0.09007049,-0.28999776,0.52469313,0.5595911741256714,0.27807745,2.5300949,2.6700323
6490,2.2203557,0.04671842,-0.1807884,0.37131566,0.7018098831176758,0.248755,3.6084785,2.7222474
6491,2.1979573,-0.10132052,-0.13683388,0.58449733,0.7992385625839233,0.24566427,4.190417,2.4018786
6492,2.205206,0.096776284,-0.13594581,0.47520897,0.6253186464309692,0.3275435,2.966216,2.6771898
6493,2.4439752,0.014747147,-0.33266494,0.491011,0.46875593066215515,0.12943426,2.1414976,1.48152
6494,2.1950772,-0.01738183,-0.169715,0.4505116,0.7363701462745667,0.21847612,3.8824325,2.7054412
6495,2.3923805,-0.16439417,-0.37380806,0.44163853,0.85,0.15725596,3.29122,1.8722682
6496,2.2335753,-0.037752498,-0.16472562,0.5604273,0.7329467535018921,0.26073363,3.543633,2.3302717
6497,2.0756063,0.042089283,-0.25441578,0.5115317,0.8256888389587402,0.25049314,9.575578,1.6442931
6498,2.1542516,-0.0071104914,-0.1524951,0.48597685,0.7333247065544128,0.25881758,4.9096565,2.8289928
6499,2.2966006,-0.065544374,-0.33290187,0.563019,0.7929661870002747,0.22338551,3.985892,2.3694634
6500,2.31898,0.019293208,-0.28240234,0.43048126,0.7549619674682617,0.20205666,2.597752,2.4982545
6501,2.1707067,0.021195661,-0.11797091,0.48838532,0.8074876666069031,0.23109844,3.4967256,2.6438258
6502,2.2571468,-0.047738306,-0.1877508,0.5359153,0.6203618049621582,0.28306034,3.2338674,2.8049102
6503,2.0979514,0.019643774,-0.28849626,0.57565576,0.7254911661148071,0.3247131,10.773143,2.460281
6504,2.1927948,-0.123059966,-0.26748008,0.4927357,0.68390291929245,0.31665844,8.449066,2.6759965
6505,2.2897313,0.0049177506,-0.19797747,0.54327255,0.38456788659095764,0.33293384,2.810345,2.5708027
6506,2.2117255,0.0017688018,-0.12770621,0.44486925,0.7324628233909607,0.25535932,3.821956,2.1398237
6507,2.2180882,-0.08987433,-0.21166936,0.58208483,0.8085257411003113,0.22436987,4.257878,2.5745587
6508,2.333503,-0.06585064,-0.24289553,0.4447589,0.8022417426109314,0.20080622,2.7407644,2.0412385
6509,2.256921,-0.031403556,-0.27562472,0.38430375,0.85,0.19784643,3.8779814,2.3830006
6510,2.2221751,-0.023734033,-0.2533401,0.44469425,0.7691605091094971,0.24242131,4.6472034,2.650406
6511,2.251852,-0.14482331,-0.308869,0.5740598,0.7800398468971252,0.24050094,5.3125806,2.774314
6512,2.3291566,-0.004357853,-0.2642245,0.4764741,0.5383059978485107,0.29516897,2.908116,2.428986
6513,2.2105796,-0.08334144,-0.27378002,0.4965644,0.756576418876648,0.26010138,6.3283834,2.822492
6514,2.1923816,0.05599137,-0.31605887,0.47531146,0.7485190033912659,0.25470212,4.9582534,2.3864303
6515,2.1275418,-0.0023383722,-0.25068176,0.3277985,0.7681801915168762,0.301988,11.515908,1.9143865
6516,2.1803806,-0.0039542997,-0.15286908,0.4380599,0.7505736947059631,0.25161868,4.3582687,2.568553
6517,2.2636182,-0.10886423,-0.24578014,0.554188,0.6497544050216675,0.30498427,4.250746,2.862626
6518,2.2603748,-0.01431664,-0.24499173,0.39639172,0.7043783664703369,0.26148713,3.6161747,2.873052
6519,2.215113,0.0484461,-0.24263051,0.44186288,0.7581691145896912,0.26726145,3.9861865,2.3423061
6520,2.3241932,-0.018280307,-0.341833,0.49606165,0.748012363910675,0.27144057,3.3558335,2.380434
6521,2.3644578,0.03581052,-0.22276498,0.4384282,0.4672817885875702,0.21572067,2.105251,2.1846514
6522,2.2380717,-0.013932024,-0.18930471,0.49655202,0.7266172766685486,0.24137415,2.9993505,1.9994514
6523,2.1551902,0.03020298,-0.20875132,0.5012218,0.7545636296272278,0.23998708,5.0371656,2.878966
6524,2.297338,0.012440653,-0.22735128,0.36878648,0.6931759119033813,0.26170558,3.045808,2.0561774
6525,2.3503263,-0.07859611,-0.36177245,0.33569348,0.7583730220794678,0.23749425,4.049253,2.6770146
6526,2.2549446,0.042997424,-0.23494634,0.4042014,0.8132964968681335,0.19888099,2.91196,1.6177232
6527,2.355971,-0.06603365,-0.21798117,0.48905227,0.7707073092460632,0.18723795,2.3611069,1.6691836
6528,2.3660824,-0.09189476,-0.2557033,0.51813394,0.567916989326477,0.27829486,2.5291197,2.660877
6529,2.2103343,0.04672933,-0.24135676,0.52134746,0.7938057780265808,0.23428145,3.6955154,2.6648328
6530,2.2883158,-0.012421499,-0.20066744,0.46078786,0.7787304520606995,0.20261617,2.7682831,1.5512397
6531,2.3685935,-0.17730743,-0.22761181,0.5162498,0.7109336256980896,0.26153043,2.856574,2.318616
6532,2.2410035,-0.029582445,-0.18302067,0.4664598,0.7438210248947144,0.23590857,3.310585,2.456445
6533,2.4311259,-0.12620738,-0.21154954,0.60166425,0.3935120105743408,0.25287876,2.0746589,2.4218352
6534,2.260531,-0.036848824,-0.28505686,0.44039795,0.8090565800666809,0.20820382,3.1850939,2.6422195
6535,2.3843668,-0.07360672,-0.30736005,0.52772397,0.6060779690742493,0.26824275,2.7052357,2.5042205
6536,2.358866,-0.117639855,-0.22602235,0.5974114,0.7495678663253784,0.17978188,2.3751209,1.7395416
6537,2.36091,-0.04899491,-0.29011697,0.52668625,0.7770240902900696,0.21534985,2.4214888,2.2149615
6538,2.4060593,-0.031089433,-0.26606098,0.3999061,0.5832598805427551,0.219778,2.231054,2.0075078
6539,2.198689,-0.027912805,-0.2784872,0.45265839,0.7966465353965759,0.22640201,5.4620843,2.8689773
6540,2.1607995,0.007654048,-0.13832742,0.51909816,0.8425995111465454,0.15107904,3.1985216,2.0724628
6541,2.2749922,0.026724914,-0.23165527,0.4147712,0.8076825141906738,0.20939685,3.1631205,2.6719093
6542,2.5035176,-0.13994496,-0.3679653,0.6337245,0.495687335729599,0.1915113,2.0717769,1.9789189
6543,2.3407156,-0.023013094,-0.33655557,0.56020814,0.739700973033905,0.22275595,2.864321,2.374106
6544,2.3890953,-0.14231388,-0.2431394,0.41277483,0.6222469806671143,0.2619009,2.7222037,2.2711258
6545,2.2597733,0.028337171,-0.20074533,0.5156969,0.7953892946243286,0.2103794,2.7920678,1.7420076
6546,2.2906806,0.039392676,-0.33110324,0.42575586,0.8417263627052307,0.17488442,3.1812062,2.7305787
6547,2.1909194,0.053486392,-0.23256435,0.4599521,0.7656862735748291,0.25138065,4.2922583,2.4576356
6548,2.334615,-0.08197109,-0.22817828,0.45001218,0.7065168619155884,0.26141873,2.8126318,2.716495
6549,2.0769157,0.069215834,-0.11552357,0.48862454,0.7120822072029114,0.28180772,5.597278,2.55021
6550,2.2336977,0.06229764,-0.14348854,0.51450735,0.8361647129058838,0.16680439,2.3996472,2.1222017
6551,2.5003998,0.018489536,-0.30688357,0.4158402,0.313030868768692,0.23454098,2.0930905,1.9363527
6552,2.1788242,0.05694322,-0.25413612,0.44606024,0.7073977589607239,0.2572279,4.832954,2.4292288
6553,2.2476518,0.012404635,-0.21320489,0.41818914,0.6160575747489929,0.29700676,3.4781387,2.5238557
6554,2.3443172,0.031177253,-0.2830657,0.42814645,0.6461832523345947,0.21712178,2.4457386,1.6262654
6555,2.3758771,0.015338661,-0.2924269,0.4508283,0.33931225538253784,0.26946193,2.306801,2.140368
6556,2.249876,-0.0049045845,-0.15860198,0.3848367,0.7489102482795715,0.2384442,3.1161134,2.2345288
6557,2.1007392,-0.04897046,-0.114603244,0.59636825,0.6908072233200073,0.31681257,7.7580085,2.9032183
6558,2.3878057,-0.1404046,-0.32785952,0.39590868,0.8327622413635254,0.19838388,2.8247428,2.0863075
6559,2.4315188,0.019002007,-0.3144027,0.41408318,0.587046205997467,0.2875958,2.119743,2.53075
6560,2.207923,0.05135396,-0.23653269,0.43344316,0.8446147441864014,0.15872677,3.4958115,2.2613
6561,2.15903,0.12757427,-0.31784466,0.38593155,0.8279179334640503,0.21590258,5.7442245,2.509424
6562,2.3424947,-0.08892779,-0.38827556,0.5257998,0.7687466144561768,0.20297782,3.605533,1.9298954
6563,2.2152395,-0.055458266,-0.2238915,0.47253245,0.7461163401603699,0.24645264,4.2872224,2.8494081
6564,2.4111912,0.033433508,-0.24189003,0.45010677,0.05788908898830414,0.13623056,1.9799618,1.973811
6565,2.1757767,-0.008828528,-0.19700822,0.46521822,0.792905330657959,0.22376786,4.9174604,2.6606164
6566,2.2550614,-0.12771358,-0.1771778,0.5885909,0.7073435187339783,0.28097504,3.8518739,2.730688
6567,2.1613564,0.08759776,-0.15615954,0.45683986,0.8383320569992065,0.18836921,3.724426,2.0070395
6568,2.2429988,-0.071483895,-0.27276036,0.5812474,0.7351146936416626,0.26906237,4.195643,2.4809284
6569,2.215412,0.009122917,-0.211871,0.56635815,0.8094298243522644,0.22705546,3.4591837,2.441319
6570,2.24158,-0.053980745,-0.32665658,0.5303998,0.7817820310592651,0.21932925,4.273022,1.8100065
6571,2.0199008,0.07514914,-0.17766161,0.5330806,0.7461498975753784,0.31621355,11.873292,2.260876
6572,2.1074135,-0.00032531068,-0.1692809,0.27558443,0.7225034832954407,0.31007257,9.858418,2.460026
6573,2.3730416,-0.02902166,-0.2804161,0.34059185,0.6607024669647217,0.24634556,2.4273279,2.2520201
6574,2.267241,-0.082992494,-0.30173746,0.55032843,0.6989086866378784,0.27402845,4.4523683,2.4303226
6575,2.1743686,0.2213052,-0.2151343,0.3094631,0.7769870162010193,0.23846722,3.2155404,2.6745324
6576,2.277397,-0.06444554,-0.21817009,0.6141068,0.85,0.18009384,2.6838977,1.234828
6577,2.1058216,0.08305464,-0.14090513,0.37768412,0.7647531032562256,0.25759664,5.680737,2.7814505
6578,2.4036841,0.0021442352,-0.314581,0.4786792,0.20509091019630432,0.26976275,2.2782924,2.5943906
6579,2.1918812,-0.0015971622,-0.21048586,0.4690234,0.8193703293800354,0.2241585,4.561231,2.010829
6580,2.3000975,0.028797688,-0.3088791,0.36481637,0.8263636231422424,0.17314202,3.0591438,1.6496449
6581,2.184093,-0.02086589,-0.17235664,0.5613083,0.826012909412384,0.20865272,3.8620024,2.5255706
6582,2.3589659,-0.054333277,-0.29912466,0.5544614,0.5853944420814514,0.2594131,2.6345491,2.0554972
6583,2.232013,-0.06433711,-0.25260597,0.43832833,0.7511167526245117,0.23638593,4.8890495,2.7046394
6584,2.2380013,0.023504557,-0.24703841,0.44103938,0.808652937412262,0.19516751,3.810013,1.7687397
6585,2.2707803,-0.05218007,-0.23120344,0.45574248,0.7860857844352722,0.21303333,3.143236,2.0500574
6586,2.2855213,0.046179894,-0.31956196,0.491544,0.8376560211181641,0.19938299,3.0267081,1.7151762
6587,2.3670783,-0.12127577,-0.335287,0.5722082,0.692658007144928,0.25048277,3.132811,1.9223969
6588,2.2051315,-0.03399075,-0.012636572,0.27064693,0.8329728245735168,0.19755936,3.4350884,1.5909289
6589,2.2385087,0.058960658,-0.2989039,0.57194287,0.7278072834014893,0.26893735,3.3865063,2.765203
6590,2.242449,-0.11808465,-0.2785308,0.46628305,0.7978267073631287,0.22087386,5.555327,2.3768513
6591,2.334987,-0.14179067,-0.25896645,0.57500076,0.6748262643814087,0.28578562,3.2774017,2.4077508
6592,2.3463135,0.00088601775,-0.24481766,0.49614823,0.6605352759361267,0.21973795,2.3373053,1.8115442
6593,2.3431122,-0.024846645,-0.29372117,0.43645304,0.6445149183273315,0.26242828,2.9343426,2.4168653
6594,2.2329502,-0.035574287,-0.19379272,0.54702246,0.7895957231521606,0.23106493,3.4827478,2.3682866
6595,2.2120566,-0.030775577,-0.20003301,0.56034946,0.7109915018081665,0.27578712,4.190461,2.7368429
6596,2.3181515,0.14370202,-0.2754703,0.46867424,0.5973762273788452,0.17771289,2.157915,1.327719
6597,2.3536794,-0.11415574,-0.23192406,0.42603523,0.7276030778884888,0.25312677,3.1078274,2.4141545
6598,2.3417542,-0.13202256,-0.31315333,0.49906054,0.85,0.14087309,2.5231426,2.1120236
6599,2.459731,-0.10421229,-0.35926053,0.4918156,0.5729377269744873,0.22961545,2.4047751,2.2321877
6600,2.2229075,0.08933036,-0.17240489,0.3126642,0.835299015045166,0.17970505,2.7891994,1.4089533
6601,2.2972283,-0.079644546,-0.25930437,0.5268649,0.7031587958335876,0.25486073,3.146726,2.635552
6602,2.444648,-0.050983865,-0.3126623,0.5714023,0.5956397652626038,0.2097344,2.0848439,1.6955744
6603,2.2435222,-0.0015437283,-0.26354796,0.43362036,0.85,0.17639656,3.946447,2.0169454
6604,2.29419,0.010392397,-0.2290012,0.37779903,0.7263768911361694,0.23727475,2.818979,2.0688708
6605,2.3242488,-0.10917158,-0.2218493,0.5418693,0.7678114175796509,0.23969558,3.0542226,2.730116
6606,2.2161312,-0.049684793,-0.13991646,0.58522946,0.85,0.16518743,3.2131932,1.8362131
6607,2.2546375,0.0153907975,-0.19747104,0.4456051,0.7599952220916748,0.24414487,3.0759258,2.442882
6608,2.189852,0.03261295,-0.15880589,0.5402117,0.807976245880127,0.21847032,3.3982894,2.690017
6609,2.2082584,-0.04896067,-0.3854436,0.5454506,0.7275007367134094,0.27810994,7.9148936,2.7765005
6610,2.312503,0.0656924,-0.27690673,0.41855422,0.7256491780281067,0.17707592,2.3288088,1.1954782
6611,2.4594834,-0.05011592,-0.31882864,0.5282676,0.38520193099975586,0.21964003,2.055586,2.1352704
6612,2.282152,0.07584347,-0.24947639,0.45034304,0.6758707165718079,0.25133574,2.679923,2.6013877
6613,2.2052834,-0.013614742,-0.1472619,0.40483913,0.6868512630462646,0.27454472,4.121525,2.488065
6614,2.3780978,-0.15331812,-0.3234681,0.50479186,0.7608722448348999,0.2086051,3.0111794,1.6921375
6615,2.2456615,-0.087324224,-0.094692074,0.45538738,0.8423827886581421,0.1979744,3.0064316,2.4394536
6616,2.28506,0.077501774,-0.28005198,0.39181206,0.7360463738441467,0.2475949,3.0193048,2.2454786
6617,2.4468536,-0.099663794,-0.40265688,0.5727717,0.6591933369636536,0.22030795,2.2097948,1.7103677
6618,2.3118317,-0.014977162,-0.2743634,0.29956898,0.7785775661468506,0.24403445,3.4545557,2.6029687
6619,2.2302494,-0.06487965,-0.2442146,0.4437077,0.751812756061554,0.24819341,4.124426,2.21328
6620,2.205512,0.025641706,-0.20244722,0.44729602,0.782220184803009,0.22812103,3.6368656,2.58003
6621,2.3064907,-0.085895084,-0.26267913,0.4848278,0.754193127155304,0.24769849,3.3421183,2.8237875
6622,2.179669,-0.04817759,-0.17259432,0.5304766,0.7444276809692383,0.25570586,4.2518764,2.589271
6623,2.2615488,-0.0011581774,-0.22878501,0.45848614,0.7133696675300598,0.24096733,3.3943639,2.1193845
6624,2.2042694,0.0013569457,-0.28438127,0.5766778,0.7596325278282166,0.2598878,4.7656507,2.6450312
6625,2.3355453,0.12823926,-0.192451,0.3727801,0.6349858045578003,0.20027456,2.1039422,2.049235
6626,2.3148396,-0.014683952,-0.2626962,0.4277639,0.7154048085212708,0.24289852,3.0942595,2.3372571
6627,2.208237,-0.02372158,-0.1460184,0.4193456,0.7771676182746887,0.22222671,3.8448608,1.9653975
6628,2.1879027,0.003553014,-0.06613019,0.4194378,0.7502347826957703,0.27373847,3.3575103,2.6063874
6629,2.2416756,0.10238383,-0.26998004,0.52346265,0.85,0.15046972,2.7495368,1.6757392
6630,2.1783311,0.022469481,-0.22331585,0.40460157,0.7755923867225647,0.23088343,5.3340526,2.6168334
6631,2.340836,-0.06688357,-0.25748363,0.4058963,0.6885335445404053,0.24994692,3.0220733,1.8686842
6632,2.2292957,-0.01405381,-0.25793448,0.5265344,0.7205614447593689,0.26337028,3.8322368,2.1943362
6633,2.1545293,0.045165163,-0.19503655,0.38370597,0.8023910522460938,0.22054301,4.8267345,2.285278
6634,2.2368367,-0.022046007,-0.15033245,0.5737975,0.7182627320289612,0.27751413,3.2427652,2.7474055
6635,2.1537414,0.0064581814,-0.099280745,0.35527027,0.840705156326294,0.18231507,4.308309,2.3578327
6636,2.1807778,0.09102509,-0.17824653,0.46732125,0.8219757080078125,0.2166849,3.5648444,2.6158557
6637,2.308168,-0.09601059,-0.27606657,0.45498443,0.8248906135559082,0.1670098,3.4306393,1.7099254
6638,2.3346915,-0.03112841,-0.16371466,0.41764873,0.33708301186561584,0.19565083,2.267483,1.3811351
6639,2.2439537,-0.038454056,-0.31287834,0.59492594,0.800880491733551,0.22867373,4.0039825,2.1337795
6640,2.2869081,-0.05602223,-0.23808983,0.54328966,0.85,0.18909205,2.9390438,2.1622522
6641,2.2677674,-0.105753824,-0.2272885,0.44286025,0.7003481984138489,0.28535968,3.906519,2.8915875
6642,2.3659124,-0.045412816,-0.31206363,0.48480397,0.6196983456611633,0.26056677,2.662442,2.013424
6643,2.3662903,-0.046550266,-0.16697136,0.4857809,0.47786301374435425,0.19515239,2.154914,1.7286992
6644,2.2653618,0.10056693,-0.27859312,0.35950312,0.8457625508308411,0.17625006,2.962393,1.9879951
6645,2.3860302,-0.023316003,-0.27447227,0.49936706,0.7188988924026489,0.14242694,2.0755107,1.5653362
6646,2.1912923,0.051820297,-0.075318865,0.33741358,0.6675877571105957,0.2809102,3.2337298,2.343308
6647,2.2501175,-0.04721283,-0.22395357,0.5024715,0.85,0.16361472,3.5182555,1.7304264
6648,2.3056984,-0.04302938,-0.26191255,0.4186934,0.7982692122459412,0.23476863,3.2672253,2.334667
6649,2.3038175,-0.018690119,-0.26620895,0.47823843,0.6051183342933655,0.30660084,3.0943127,2.6141264
6650,2.271726,0.027855903,-0.25886884,0.45158604,0.719490110874176,0.25003496,3.2316062,2.6612415
6651,2.3533978,0.049711753,-0.26825613,0.46956202,0.6749019026756287,0.15569419,2.2976007,1.2402927
6652,2.2910814,0.05586131,-0.2700498,0.44850266,0.6375237703323364,0.27337977,3.037241,2.8389606
6653,2.3108532,-0.03754088,-0.27622172,0.52048033,0.6313406825065613,0.2855104,3.2738209,2.4049845
6654,2.3034425,0.12547334,-0.32129312,0.3834551,0.7809696197509766,0.21635722,2.7014804,2.7395244
6655,2.155782,0.0058977315,-0.13262445,0.42688483,0.7711403369903564,0.23565616,4.2194924,2.6396158
6656,2.3785603,-0.09222562,-0.29723036,0.4671261,0.6975496411323547,0.2054848,2.5775971,1.7189201
6657,2.1910036,-0.0049592885,-0.24432,0.47964054,0.8076499700546265,0.23380682,4.7044034,2.7350745
6658,2.308075,0.015880635,-0.25256336,0.3202691,0.8420438170433044,0.18486892,2.520381,2.3427815
6659,2.278268,-0.0316245,-0.28371716,0.5721711,0.7806559205055237,0.26717654,3.7518115,2.7529962
6660,2.2530873,0.04276662,-0.2716326,0.52851945,0.8100759387016296,0.20185554,3.0038004,2.7135713
6661,2.3660316,-0.027899079,-0.2520504,0.5678878,0.17684993147850037,0.2633416,2.1737766,1.7604194
6662,2.1841056,-0.02281593,-0.2772771,0.44772747,0.8224455118179321,0.21521612,6.073995,2.2451048
6663,2.245181,-0.025776694,-0.24151933,0.5402361,0.7122426629066467,0.272559,4.0897455,2.4919324
6664,2.2143378,0.0615443,-0.09870903,0.38942322,0.7734935283660889,0.20180157,2.6706445,1.9955701
6665,2.2276437,-0.0023419026,-0.16364332,0.4684538,0.7415476441383362,0.25159937,3.4576256,2.5296898
6666,2.3126335,-0.0646104,-0.3750942,0.4777103,0.7884998917579651,0.2560164,4.15455,2.5875916
6667,2.2029254,0.055632807,-0.28928655,0.4841717,0.7964598536491394,0.23215404,4.1640024,2.4470694
6668,2.2518415,-0.028659122,-0.2652768,0.42651868,0.7665860056877136,0.2520058,3.8908343,2.867542
6669,2.3163483,0.00794042,-0.2686949,0.47069237,0.7214972972869873,0.23459433,2.5102527,2.5205984
6670,2.3232155,-0.020444704,-0.27988577,0.50124735,0.7899664640426636,0.2069906,2.7238438,2.179843
6671,2.329079,0.0052830665,-0.27333692,0.37323198,0.737141489982605,0.24187745,2.980731,2.6072454
6672,2.2054307,0.037563905,-0.1726885,0.54577667,0.8112121820449829,0.19258568,3.1958134,1.7622482
6673,2.2921004,0.11686576,-0.30490404,0.4866701,0.7243199944496155,0.25796217,2.8821898,2.5296662
6674,2.1873648,-0.16446586,-0.109530166,0.40999073,0.8090367317199707,0.24294919,6.1490846,2.0455213
6675,2.2385125,-0.054620318,-0.25346068,0.47408944,0.8414772748947144,0.19693603,3.9673548,2.1787233
6676,2.3555577,-0.077174194,-0.2815145,0.3193134,0.6826974153518677,0.26257432,3.1170013,2.4433944
6677,2.0929127,-0.022549465,-0.23396745,0.50188965,0.7765029668807983,0.28541836,13.255903,2.5639317
6678,2.2941792,-0.006204472,-0.28840125,0.5265079,0.7883272171020508,0.19811313,2.8003876,1.9084799
6679,2.2140849,0.03551245,-0.16632688,0.39258245,0.7092373371124268,0.25989357,3.6318493,2.609106
6680,2.1492527,-0.06271223,-0.10404935,0.44154528,0.7577639818191528,0.24913757,5.204524,2.4951723
6681,2.1480937,0.010074081,-0.2339004,0.4514466,0.6573907732963562,0.28756547,6.032035,2.4946985
6682,2.3854277,-0.122981146,-0.28220332,0.36593717,0.6751830577850342,0.2683039,3.1732602,2.766923
6683,2.2588449,0.044710662,-0.19459057,0.349059,0.6935243606567383,0.28795913,3.0197513,2.7311556
6684,2.274163,-0.028348377,-0.2906826,0.44375443,0.85,0.17647086,3.7613935,2.3854551
6685,2.3348222,-0.07016864,-0.40904886,0.5340574,0.7766789197921753,0.20032918,3.9144814,1.7239499
6686,2.3044798,-0.0057626544,-0.2510003,0.31995302,0.6620153784751892,0.284004,3.3351734,2.7529817
6687,2.445158,-0.17214437,-0.23358765,0.4370236,0.5225387811660767,0.23681934,2.335549,2.3542442
6688,2.1745536,-0.075984105,-0.16533998,0.50655776,0.8483338356018066,0.17983979,4.6465535,1.9186037
6689,2.388576,-0.0927085,-0.30735433,0.450381,0.5984684228897095,0.2874112,2.8847494,2.50333
6690,2.2451248,-0.14087419,-0.17402665,0.62514764,0.8443054556846619,0.19876626,3.7526097,2.2248724
6691,2.1926725,-0.020078383,-0.26170713,0.5009491,0.7452375292778015,0.26685908,5.85355,2.6826975
6692,2.2831335,0.075338766,-0.2645494,0.321066,0.750374972820282,0.21399732,2.837594,1.837324
6693,2.355263,-0.09521886,-0.35148603,0.5498688,0.8264977931976318,0.1929442,2.941659,2.333343
6694,2.2457235,-0.055101894,-0.35086545,0.39011386,0.7834782004356384,0.24380936,6.178677,2.3796258
6695,2.3302085,-0.057199467,-0.20784527,0.46612614,0.6445750594139099,0.2718474,2.7742338,2.3715684
6696,2.3024824,-0.02495714,-0.2634097,0.5317519,0.79385906457901,0.2180715,2.9259439,2.2341437
6697,2.2833025,-0.006837907,-0.2576598,0.4149233,0.7368971109390259,0.23956512,3.195232,2.0331917
6698,2.3087785,-0.07222181,-0.21312906,0.37577558,0.7448549270629883,0.22346242,2.9596605,1.7274556
6699,2.371161,-0.10878825,-0.23572433,0.44596717,0.6300895810127258,0.25471136,2.7062588,2.6582425
6700,2.2002914,-0.015907882,-0.15109663,0.43139252,0.7055098414421082,0.25732347,3.8948326,2.684132
6701,2.2693605,-0.13290465,-0.30148453,0.49902743,0.7139540314674377,0.2477209,4.687986,2.5159743
6702,2.1677098,0.12714395,-0.13360864,0.39972103,0.8098011612892151,0.20296223,2.9662776,1.513691
6703,2.2878613,-0.097323924,-0.30198154,0.4806387,0.6445910930633545,0.2903931,4.653638,2.6637423
6704,2.282818,-0.071999766,-0.17693502,0.46714908,0.8109323978424072,0.16329044,2.6858456,1.7019291
6705,2.2507436,-0.030629257,-0.17621744,0.3792664,0.7512474656105042,0.22101046,3.5305295,1.9512395
6706,2.2947774,0.0059516123,-0.2703183,0.4236671,0.7434169054031372,0.24218164,3.1876538,2.5172584
6707,2.3057668,-0.14876601,-0.24684176,0.43163857,0.7768616080284119,0.23531103,3.9762056,2.7680602
6708,2.2058828,0.007913821,-0.23363908,0.45523685,0.7477486729621887,0.24201868,3.9132788,2.8841188
6709,2.201514,-0.0616112,-0.2639243,0.3578034,0.8000100255012512,0.25573882,6.5390735,2.4059691
6710,2.1935184,0.05197905,-0.24039926,0.44749132,0.756157398223877,0.2552332,4.352857,2.580002
6711,2.3711674,0.00511181,-0.2315473,0.46656224,0.11112415045499802,0.24102747,2.075314,1.4850467
6712,2.2110784,-0.043566357,-0.22448556,0.5280126,0.6657732725143433,0.2815833,4.6498365,2.244273
6713,2.2470334,0.039011143,-0.22962227,0.46897066,0.816646933555603,0.19963543,3.325767,2.375727
6714,2.32575,-0.22373194,-0.30443266,0.5659103,0.85,0.21650529,4.267192,2.4450417
6715,2.2998645,0.10507121,-0.23143625,0.46115893,0.6414403319358826,0.18084581,2.1355588,1.492264
6716,2.2627635,0.006767133,-0.19278136,0.5096791,0.7078039646148682,0.24643828,2.8902943,1.9634029
6717,2.2937636,-0.048852958,-0.2330364,0.4176731,0.7717918157577515,0.22774675,3.3770847,2.395344
6718,2.1076472,0.099823296,-0.16647907,0.50720567,0.6747782826423645,0.3008076,4.395142,2.714504
6719,2.1819513,-0.0036829435,-0.25950593,0.40365785,0.8148114085197449,0.24100979,6.1218452,2.5901988
6720,2.3351567,-0.10292203,-0.3190416,0.5398565,0.7405167818069458,0.26356098,3.5542197,2.3387747
6721,2.2515094,-0.06437544,-0.23005188,0.5489353,0.7259420156478882,0.2678622,3.596185,2.3054848
6722,2.3077204,0.015772302,-0.19254257,0.46070898,0.6425213813781738,0.2025512,2.1709101,1.6584445
6723,2.3469617,-0.1162922,-0.23903868,0.47846434,0.6902812123298645,0.25123203,2.7809334,2.2796774
6724,2.2998338,0.058016613,-0.2899622,0.55312556,0.7546913027763367,0.2184968,2.5519133,1.95924
6725,2.2214196,0.13182595,-0.25875545,0.37447575,0.7658515572547913,0.23023692,3.1007314,2.2053645
6726,2.236991,-0.0046387264,-0.21172345,0.45096096,0.8206050395965576,0.21151379,3.3893492,2.7803507
6727,2.2187872,-0.0048259897,-0.12332397,0.26211748,0.819994330406189,0.23039798,3.5804858,2.4089627
6728,2.3075511,-0.008853689,-0.2351557,0.42809355,0.6127883195877075,0.28876346,3.1728215,2.6241734
6729,2.2434194,-0.018518332,-0.19139308,0.49683985,0.7239499092102051,0.2521951,3.559554,2.4230287
6730,2.252294,0.023682121,-0.23443739,0.46754986,0.7765532732009888,0.23666015,3.3916607,2.5415483
6731,2.3693588,-0.028144946,-0.2398597,0.39368293,0.8381756544113159,0.12864816,2.2761557,1.7014621
6732,2.3509207,-0.07164339,-0.3554471,0.49789986,0.8159647583961487,0.20648749,3.1196692,2.4375114
6733,2.39353,-0.04771574,-0.30230066,0.46086684,0.36805811524391174,0.195415,2.205215,1.3063186
6734,2.270392,0.012008827,-0.15587543,0.42702532,0.7404139041900635,0.2409253,2.828737,2.24926
6735,2.2200155,-0.081693485,-0.24023761,0.4926474,0.7459276914596558,0.23856841,4.959394,2.5467234
6736,2.2396142,-0.025150983,-0.27790648,0.5024615,0.7053174376487732,0.26976907,4.257478,2.6277504
6737,2.3668265,-0.061934024,-0.23219065,0.3833879,0.7699835300445557,0.06660763,2.2716284,1.0628203
6738,2.3841486,-0.072849065,-0.24993205,0.39128903,0.6950843930244446,0.21759406,2.486856,2.164223
6739,2.3323853,0.007912259,-0.31573346,0.4032847,0.5913428068161011,0.2922988,2.7840862,2.6148946
6740,2.1885438,0.12290533,-0.21354647,0.4933552,0.85,0.12483961,2.8466973,1.5675712
6741,2.3687391,-0.14248298,-0.2528873,0.48470598,0.7331642508506775,0.2458262,2.9703162,2.3134885
6742,2.2322445,-0.08934522,-0.2603456,0.49298695,0.7382235527038574,0.26312593,5.1796236,2.68457
6743,2.2040162,-0.09324893,-0.2297896,0.5363729,0.6969398260116577,0.26757926,5.3069515,2.8763986
6744,2.163213,-0.023515567,-0.21403818,0.5753843,0.8214015960693359,0.2081662,5.069444,1.6769395
6745,2.343724,-0.13263677,-0.23715149,0.5677915,0.6905548572540283,0.2698929,2.959803,2.1948874
6746,2.2963347,0.017993655,-0.21400733,0.5211331,0.7244376540184021,0.23919727,2.6672108,2.6146247
6747,2.1026855,-0.01124697,-0.25932518,0.4945887,0.7243273854255676,0.3120254,10.598204,2.604909
6748,2.2490783,0.010441239,-0.21332207,0.35614672,0.8168415427207947,0.205973,3.463742,2.596138
6749,2.296996,-0.1614634,-0.2596632,0.41641554,0.7956883311271667,0.18785603,3.9433749,2.0549195
6750,2.4772573,-0.009830697,-0.34628537,0.61087996,0.5301499962806702,0.21844023,2.041695,1.6814027
6751,2.2770927,-0.061790314,-0.25382885,0.49969906,0.7452555894851685,0.23666091,3.690696,2.6718287
6752,2.2385535,0.14033446,-0.2495263,0.35897404,0.6370536088943481,0.290038,3.3764918,2.5221312
6753,2.3978596,-0.06914686,-0.35240427,0.59263515,0.44369974732398987,0.32736263,2.6727388,2.719748
6754,2.3560877,-0.24656446,-0.25390044,0.5619088,0.7140359878540039,0.28513268,4.1081767,2.5794725
6755,2.3104126,0.07462519,-0.2420223,0.52138364,0.3890685439109802,0.31869057,2.104528,2.3177733
6756,2.2941635,-0.08175739,-0.21712247,0.4043902,0.731303870677948,0.24799196,3.4413753,2.6873574
6757,2.2579703,0.02537931,-0.2338391,0.45881844,0.85,0.17024446,2.9022577,2.4475327
6758,2.2537549,0.06946072,-0.24656926,0.4071599,0.6897695064544678,0.26453617,3.1254458,2.597836
6759,2.3051414,-0.055384666,-0.24471575,0.48335662,0.6902179718017578,0.24553926,3.1286573,2.4092155
6760,2.3850632,-0.18856184,-0.29109067,0.64342636,0.6840523481369019,0.27730542,2.8320224,2.54157
6761,2.2285676,0.0445793,-0.21685769,0.4610872,0.7198627591133118,0.24655417,3.439926,2.6365159
6762,2.2491124,0.026462208,-0.29775822,0.46333483,0.7305101752281189,0.234555,4.0851736,2.4955726
6763,2.3967278,-0.03580438,-0.41701072,0.45285282,0.6478762626647949,0.25421053,3.1580505,2.4228055
6764,2.3535748,-0.06784071,-0.32986006,0.46769696,0.747474730014801,0.21719767,3.0629683,1.9653714
6765,2.26964,-0.04841147,-0.23145647,0.40159944,0.7384042143821716,0.23664647,3.6649547,2.340537
6766,2.1500714,-0.005859321,-0.24450217,0.44315308,0.7204931378364563,0.29465103,7.3711267,2.678399
6767,2.274212,-0.12833457,-0.19913036,0.4389888,0.76259845495224,0.24443784,3.834517,2.59193
6768,2.356467,0.026427656,-0.22914545,0.3359378,0.6361194252967834,0.18794332,2.2049446,1.7894075
6769,2.3646495,0.12872128,-0.22879283,0.45419332,0.7292531132698059,0.20877382,2.0088677,2.3357327
6770,2.3658922,0.03293319,-0.32469139,0.5293951,0.6958436369895935,0.21505441,2.2893238,1.8891022
6771,2.1791513,0.020440985,-0.18877031,0.49110284,0.6852705478668213,0.26614815,4.7259097,2.825939
6772,2.5001738,-0.10660645,-0.3680559,0.39008874,0.6603114604949951,0.22019283,2.1106517,1.8365724
6773,2.3243234,-0.053470895,-0.26534083,0.57817906,0.7053623199462891,0.2678083,2.8560178,2.518942
6774,2.2378755,0.0048788437,-0.162513,0.37934878,0.7146877646446228,0.26551175,3.4343567,2.584463
6775,2.261495,-0.070067726,-0.22641829,0.4807079,0.6495593190193176,0.28780696,3.4279516,2.8407552
6776,2.3578458,-0.14601943,-0.35251525,0.5821437,0.7685717344284058,0.23296945,3.7761889,2.692654
6777,2.3487935,-0.16571093,-0.23298778,0.45762554,0.7783726453781128,0.22993661,3.1403525,2.2046406
6778,2.3301895,0.043868013,-0.27850375,0.473849,0.618462324142456,0.25703868,2.6252034,2.4266272
6779,2.2414732,-0.09324775,-0.2487071,0.5753138,0.7322548627853394,0.26572806,4.2879944,2.4977255
6780,2.23145,-0.14591773,-0.19377556,0.47824255,0.8071785569190979,0.23107305,5.1011586,2.5379446
6781,2.2844782,-0.11799486,-0.32348862,0.4483494,0.8478381037712097,0.19714001,4.5284863,2.775227
6782,2.2206337,0.045249116,-0.20231618,0.47611538,0.6973404884338379,0.2901919,3.56212,2.7237878
6783,2.3041918,-0.06433835,-0.18712793,0.5053573,0.7455939650535583,0.23868467,3.006552,2.1629379
6784,2.4545197,-0.17769308,-0.3791472,0.583938,0.6129307150840759,0.25654158,2.5899155,2.3996563
6785,2.3135173,-0.107094936,-0.15058808,0.4226945,0.7371002435684204,0.23550422,2.724684,2.2122033
6786,2.219821,-0.060388736,-0.09134076,0.6459299,0.7641608715057373,0.23268086,2.9562669,2.2857513
6787,2.2562404,0.11244926,-0.14401086,0.4069726,0.6287327408790588,0.21471062,2.2645528,1.5927056
6788,2.2362676,-0.10783839,-0.36825666,0.59061784,0.7748152613639832,0.2510492,6.6174765,2.166387
6789,2.2326365,0.0825671,-0.12533197,0.43735647,0.5430473685264587,0.26033154,2.6289778,2.6558707
6790,2.2621877,-0.051375233,-0.20848128,0.44912416,0.7680111527442932,0.21386637,3.454261,1.8705994
6791,2.208829,0.054379057,-0.21515612,0.4752344,0.6987916827201843,0.26164138,3.9599516,2.2029617
6792,2.2150877,-0.18381311,-0.18543702,0.51624614,0.7819817066192627,0.23835556,5.762001,2.0360694
6793,2.373275,-0.0893608,-0.25409472,0.5868587,0.85,0.10368867,2.0080261,1.4737433
6794,2.3022752,-0.0013879896,-0.1879825,0.40063956,0.7904864549636841,0.20155747,2.5531497,1.7885208
6795,2.374322,-0.02134279,-0.2758148,0.47433603,0.42310407757759094,0.275867,2.4655013,1.8146842
6796,2.4214206,-0.090889886,-0.23361225,0.48036993,0.6224857568740845,0.21939301,2.151002,1.6476625
6797,2.1139188,-0.050320264,-0.101885825,0.4791029,0.6891140341758728,0.29030254,6.671353,2.527021
6798,2.152046,0.10717974,-0.1731484,0.45551133,0.8400147557258606,0.20695382,4.1186705,2.58186
6799,2.2823098,0.03796683,-0.23424652,0.44918823,0.7213438749313354,0.2447991,2.892613,2.048256
6800,2.2108471,-0.023745729,-0.16785625,0.40717477,0.8284799456596375,0.192257,3.507566,2.1191945
6801,2.3471925,0.000865727,-0.23741259,0.45987022,0.7945234775543213,0.13262618,2.2313974,1.4107858
6802,2.3694313,-0.047606632,-0.31051403,0.43685302,0.715734601020813,0.26222193,2.9543138,2.58338
6803,2.3292344,0.010964178,-0.30963063,0.39907125,0.6543089151382446,0.27099466,3.2676928,2.6193829
6804,2.271104,-0.00022932766,-0.26204517,0.44043928,0.7882866859436035,0.21104498,3.255381,2.3718865
6805,2.4527233,-0.09645539,-0.3332103,0.5477481,0.4939453899860382,0.27392924,2.2059913,2.4639435
6806,2.1984057,-0.054798428,-0.18099077,0.51401013,0.7893802523612976,0.23547949,4.267193,2.740373
6807,2.2016332,0.04352487,-0.05868485,0.32976133,0.8143516182899475,0.22246361,3.0913808,2.2486618
6808,2.3761394,0.092463836,-0.39272323,0.4136962,0.48702335357666016,0.27656767,2.4856799,2.6253526
6809,2.4588952,-0.107294716,-0.22513726,0.48078164,0.16906051337718964,0.29152352,2.1415057,2.840743
6810,2.4127367,0.05460612,-0.27219304,0.35139385,0.5404981970787048,0.26267505,2.0667942,2.1711755
6811,2.2346776,-0.108948454,-0.34053668,0.49092358,0.7165766358375549,0.273554,7.318194,2.8191795
6812,2.165664,-0.00025083244,-0.18907051,0.4564796,0.7977485656738281,0.2238038,5.01461,2.6178632
6813,2.2750108,-0.016273463,-0.20720477,0.45968205,0.6676936149597168,0.265953,3.1029174,2.5763383
6814,2.372311,-0.07896525,-0.3688058,0.54289144,0.693917989730835,0.27387798,2.8789907,2.4512844
6815,2.4151287,-0.08831014,-0.19373976,0.3874165,0.29439353942871094,0.24569313,2.2625682,1.8996834
6816,2.3587255,0.005377947,-0.24889562,0.4103152,0.20267993211746216,0.30592433,2.337546,2.3172274
6817,2.2917318,0.0043373867,-0.25351176,0.33548623,0.8341205716133118,0.20990062,3.0230212,2.3927274
6818,2.3317306,-0.035960153,-0.27735522,0.43791714,0.7408972382545471,0.21865335,2.911516,2.183326
6819,2.3549478,-0.10881677,-0.27464017,0.40895113,0.561103880405426,0.3157032,3.291568,2.801328
6820,2.267155,-0.045250986,-0.1909581,0.48243397,0.7341137528419495,0.23244007,3.2369087,1.9566882
6821,1.9579544,0.07229088,-0.22162478,0.51815814,0.42780065536499023,0.5229509,14.672933,0.6909091
6822,2.314362,-0.016731873,-0.25551167,0.47290707,0.6614598035812378,0.25031576,2.8584204,2.1986644
6823,2.2983084,-0.091411196,-0.3530067,0.5060805,0.8096640706062317,0.2161314,3.8514369,1.9824728
6824,2.1986237,0.079693004,-0.2978146,0.45817596,0.6437522172927856,0.3078194,4.8517013,2.7744477
6825,2.2269878,0.1565504,-0.25655252,0.36783734,0.8297858834266663,0.16706215,3.0034034,2.0258372
6826,2.4488502,-0.012093429,-0.26005033,0.32571268,0.5188051462173462,0.2266731,2.0899413,1.9105179
6827,2.2572613,0.122543156,-0.24113736,0.3391893,0.838549792766571,0.14809483,3.0812447,1.6432806
6828,2.4764915,-0.15775643,-0.3300835,0.4562657,0.3175624907016754,0.28286108,2.3060274,2.097582
6829,2.2845259,0.09487558,-0.22917089,0.3970405,0.847019612789154,0.07659734,2.0353155,1.2121426
6830,2.3958762,-0.10288849,-0.29446265,0.57153225,0.7378408312797546,0.17783263,2.2242332,1.414926
6831,2.147078,0.08107958,-0.27081227,0.469797,0.7841207981109619,0.2515382,6.0662093,2.1905484
6832,2.2691119,-0.10454395,-0.23702176,0.5706926,0.7952098846435547,0.2145423,3.9631636,2.6552157
6833,2.2280385,0.068725795,-0.17329954,0.5590283,0.7921041250228882,0.19972555,2.813115,2.676982
6834,2.277326,-0.081866734,-0.14547653,0.51963913,0.6171395182609558,0.29995954,3.0589054,2.6970632
6835,2.239063,-0.049894355,-0.29928756,0.46811327,0.7296860218048096,0.25750738,4.81472,2.806359
6836,2.2121165,0.089454286,-0.18763956,0.38691548,0.6070791482925415,0.28711337,3.2387762,2.651415
6837,2.199835,-0.031341825,-0.2001973,0.566271,0.7358859181404114,0.2527867,4.2594047,2.8542933
6838,2.3657312,-0.044745527,-0.23020197,0.38502005,0.5391288995742798,0.23703182,2.1729698,1.5224386
6839,2.35168,0.05905357,-0.2509331,0.35191888,0.36111459136009216,0.26965737,2.2874808,2.0590851
6840,2.3044815,-0.024198396,-0.14810993,0.41786158,0.7495048642158508,0.19226862,2.4859152,2.1050453
6841,2.4723341,-0.12702702,-0.3952017,0.6202292,0.5510820150375366,0.2385919,2.2107873,1.8842622
6842,2.3263698,-0.13050644,-0.22219393,0.5216967,0.6974688172340393,0.23349224,3.2683907,1.9269104
6843,2.2660334,-0.0024363785,-0.24918577,0.3953496,0.7492883801460266,0.22982268,3.4640326,2.2367656
6844,2.1766126,0.012101279,-0.14883836,0.4002288,0.7822359800338745,0.23644675,4.1905313,2.5657804
6845,2.380004,-0.112360545,-0.27318263,0.3451313,0.7520308494567871,0.23446633,3.1423352,2.3833065
6846,2.1236162,-0.011415324,-0.20876859,0.5067825,0.85,0.21013138,6.793991,1.5681788
6847,2.4653964,-0.09060192,-0.27953708,0.41984558,0.3598671555519104,0.13821486,1.9831654,1.3340877
6848,2.1570857,0.010797847,-0.2976194,0.44398695,0.8072612881660461,0.23164162,6.4199457,2.0969093
6849,2.354937,-0.11701762,-0.23649298,0.46941298,0.6780773997306824,0.25007713,2.8188043,2.5483057
6850,2.3232665,0.008232695,-0.31243795,0.40866378,0.7926973700523376,0.21064822,2.5970654,2.3027992
6851,2.284386,0.09177417,-0.17532387,0.29300126,0.6805455684661865,0.23778164,2.5296607,1.8331809
6852,2.2734857,-0.07703276,-0.24804457,0.5000915,0.8087072372436523,0.21947181,3.8160982,2.353509
6853,2.3594158,0.017285198,-0.28492457,0.3981644,0.4595545530319214,0.24512371,2.3277771,1.822598
6854,2.3646023,0.029732944,-0.23563339,0.5482225,0.65168696641922,0.17022388,2.0594075,1.6590157
6855,2.317455,-0.014555956,-0.3341001,0.52490616,0.7055008411407471,0.26051173,3.2008445,2.8880637
6856,2.3056953,-0.064261645,-0.317403,0.49054167,0.8397335410118103,0.17784835,3.1861122,2.5436742
6857,2.153527,0.090331316,-0.14846793,0.50043046,0.6788604259490967,0.2657699,3.8148453,2.004997
6858,2.2966049,-0.065598786,-0.3003716,0.4482887,0.7984281182289124,0.20559563,3.706507,2.5597692
6859,2.2369344,0.030287936,-0.19785058,0.4035294,0.8405958414077759,0.14723848,2.9738975,1.9731148
6860,2.2560167,0.08048263,-0.16129355,0.44349572,0.7703384160995483,0.14116338,2.214855,1.5675703
6861,2.1808197,0.010014019,-0.12792401,0.4176598,0.8364877104759216,0.2181155,3.7498763,2.2957737
6862,2.3666189,-0.054194048,-0.31489322,0.5841863,0.6875913739204407,0.22891772,2.4868612,1.8899928
6863,2.1220336,0.08130598,-0.21337432,0.5914785,0.763641893863678,0.28630993,5.4276633,2.7355123
6864,2.193553,0.1072508,-0.2501526,0.50625175,0.6824455261230469,0.2675608,3.7882767,2.7877352
6865,2.1584828,0.108032644,-0.12588349,0.4364503,0.85,0.16586559,2.670853,1.6910684
6866,2.28494,-0.073433,-0.17329146,0.5948376,0.7736425995826721,0.25043118,2.8781903,2.5997295
6867,2.1879408,0.12827082,-0.26870513,0.43806693,0.7892930507659912,0.2234838,4.2064195,2.5630796
6868,2.1930156,-0.13137344,-0.22590396,0.44204652,0.7320193648338318,0.27440107,6.7336526,2.3846927
6869,2.2759984,-0.09661279,-0.24318007,0.49237952,0.6402552723884583,0.31446,3.8356073,2.4869025
6870,2.1516676,0.09592312,-0.18526943,0.5031777,0.7959192991256714,0.2068775,3.8801513,1.8868345
6871,2.209425,-0.08119862,-0.18119586,0.5384524,0.6995773911476135,0.28353614,4.647607,2.5714145
6872,2.2573225,0.08589465,-0.33472714,0.33446088,0.85,0.19771706,3.8613477,2.3596678
6873,2.4675941,-0.02372266,-0.41700917,0.47736806,0.389486163854599,0.2605909,2.1908717,2.5322945
6874,2.2929385,0.044001434,-0.20860319,0.35698193,0.7479442954063416,0.19395922,2.6999445,1.8449756
6875,2.3169134,-0.08804228,-0.22404614,0.42895788,0.8162629008293152,0.16843696,2.7178311,1.5910454
6876,2.1792448,0.07994341,-0.17146339,0.42655024,0.8211352825164795,0.21933044,3.7316315,2.4036934
6877,2.3280435,0.0142364055,-0.25256404,0.46700504,0.6123692393302917,0.24165857,2.471023,1.967334
6878,2.1950922,0.09795993,-0.17091163,0.45694265,0.7453651428222656,0.26479673,3.6170897,2.5435882
6879,2.3608172,-0.1535912,-0.23492321,0.3593286,0.742422878742218,0.22537205,2.8310654,1.3723445
6880,2.2519705,-0.033290394,-0.38515234,0.5867336,0.7444080114364624,0.2620533,4.8997526,2.5770032
6881,2.1503866,0.056399513,-0.21183817,0.38601333,0.8201776742935181,0.21245442,5.770509,1.7940822
6882,2.4037824,-0.04995617,-0.35997617,0.49194947,0.6760661005973816,0.18715025,2.2656028,1.3515954
6883,2.3634286,-0.049443595,-0.3304953,0.492611,0.6490638256072998,0.28901544,2.9130394,2.5590124
6884,2.2632012,0.0053579635,-0.3129596,0.48264167,0.7755028009414673,0.22642274,3.020206,2.1739025
6885,2.22592,0.14830507,-0.25923645,0.39923644,0.724393904209137,0.26803887,3.355324,2.7789812
6886,2.212327,-0.14593238,-0.21049374,0.54944915,0.7696024179458618,0.24931899,5.0223813,2.3436973
6887,2.3611166,-0.09767216,-0.23088823,0.6046596,0.6182718873023987,0.26592186,2.4161062,2.1295676
6888,2.272367,0.058190733,-0.1613482,0.31071177,0.7460721135139465,0.26180878,2.9028828,2.69839
6889,2.0559103,0.086540684,-0.16531952,0.5649065,0.7388066053390503,0.26079258,7.552252,2.7163355
6890,2.221577,-0.016900297,-0.15508711,0.39185372,0.7567588090896606,0.23434405,3.7325575,2.6079528
6891,2.3308997,0.019863412,-0.3086808,0.41136432,0.8254414796829224,0.16047809,2.6613314,1.6205548
6892,2.2340562,0.14085141,-0.17946146,0.41619873,0.7511227130889893,0.23119386,2.435409,1.9730937
6893,2.4420085,0.047553405,-0.3119534,0.3775509,-0.49600663781166077,0.17707208,2.1112566,1.824097
6894,2.333022,-0.12652943,-0.24319786,0.53400624,0.6493356823921204,0.25234976,3.019982,1.8124104
6895,2.2083116,0.006126232,-0.26008022,0.40610626,0.7588627338409424,0.23102626,4.7798386,2.3610291
6896,2.1792047,0.06342331,-0.21929696,0.51923037,0.7747507691383362,0.2537111,4.2312555,2.8479652
6897,2.2318795,-0.020623943,-0.26296842,0.5115241,0.85,0.15547337,3.1826277,1.9064932
6898,2.258373,-0.09863944,-0.21325229,0.5414014,0.6976617574691772,0.24944377,3.617839,1.6194085
6899,2.3336978,0.038816888,-0.22755246,0.47368833,0.4443838894367218,0.2454304,2.1758697,2.057554
6900,2.1086814,0.059850726,-0.17399547,0.6044512,0.7458217740058899,0.2578932,5.2174454,2.7208176
6901,2.3151574,-0.036828525,-0.19312504,0.39926016,0.6281622052192688,0.26854616,2.9472516,2.3846915
6902,2.1806045,-0.009541521,-0.21019092,0.5515487,0.7407991886138916,0.269417,4.9014435,2.5200534
6903,2.2146418,0.0019991582,-0.20177859,0.43849513,0.7492355108261108,0.26760787,3.771392,2.5790236
6904,2.3530695,-0.028929954,-0.3225575,0.49383894,0.7666783928871155,0.23224583,2.8636973,2.1475184
6905,2.3493598,-0.13137469,-0.37672895,0.5295191,0.7482649683952332,0.26216176,4.0279093,2.5511844
6906,2.2465515,-0.025521833,-0.15881808,0.5343664,0.821897566318512,0.18883,3.027857,2.2618709
6907,2.4659398,-0.016557965,-0.42127675,0.37985346,0.49362412095069885,0.21688762,2.0707266,1.5039591
6908,2.2434464,0.032397456,-0.19630355,0.34091365,0.6265370845794678,0.28822085,3.5382338,2.6216354
6909,2.3670177,-0.15156576,-0.255699,0.5661226,0.6051068902015686,0.29975733,2.9346135,2.65538
6910,2.2457628,-0.043693747,-0.27330342,0.5019964,0.7478165626525879,0.23391533,4.1267695,2.533317
6911,2.4098358,-0.08668488,-0.37587565,0.55168396,0.7227045297622681,0.23046759,2.575327,1.8538284
6912,2.2778304,-0.06352836,-0.20930757,0.47679308,0.7143486142158508,0.26504195,2.620291,2.4070766
6913,2.2952862,-0.025743404,-0.2978157,0.47539178,0.5994747877120972,0.29272106,3.4242346,2.7944374
6914,2.3413434,-0.034417927,-0.27268314,0.41600242,0.6304035782814026,0.27220345,2.9572008,2.1373267
6915,2.2114403,-0.008236805,-0.2539312,0.54806423,0.8223986625671387,0.21400009,4.202564,1.9341732
6916,2.1313999,-0.018611133,-0.1251241,0.47273305,0.7522040009498596,0.24531648,5.728798,2.3404932
6917,2.4248917,-0.15422088,-0.36646363,0.4913037,0.677141010761261,0.25826284,3.096003,2.5730138
6918,2.2444627,-0.062083066,-0.12336413,0.48562846,0.7640618681907654,0.2423847,3.452451,2.4984522
6919,2.287573,-0.0018710864,-0.26637128,0.5358678,0.8027739524841309,0.21672401,3.3215237,1.7874143
6920,2.21085,0.028250482,-0.18375088,0.485763,0.7344074845314026,0.2516434,3.1271987,2.3060496
6921,2.2341256,-0.022275597,-0.19143154,0.3966403,0.759790301322937,0.23462419,3.7864797,2.267386
6922,2.2120204,-0.07502285,-0.19253324,0.5072772,0.7427219152450562,0.26361236,4.51749,2.551261
6923,2.2091048,0.0017436966,-0.1917585,0.41238573,0.8194450736045837,0.21302117,3.8094687,2.906781
6924,2.281396,-0.08592001,-0.26845104,0.5217891,0.6714060306549072,0.27801552,3.8849776,2.3812497
6925,2.3843267,-0.06487628,-0.26532173,0.49510187,0.7768875360488892,0.14868383,2.315956,1.7403736
6926,2.3067954,-0.02474051,-0.10453097,0.39664292,0.7197533249855042,0.19520596,2.2489688,2.1346684
6927,2.2239568,0.11971891,-0.2988253,0.46835527,0.7772125005722046,0.19292594,3.5040174,1.7929975
6928,2.2220721,-0.009976221,-0.20169541,0.5062648,0.7012020945549011,0.28394294,3.916238,2.8344412
6929,2.2733545,-0.01055184,-0.18817323,0.474612,0.6988752484321594,0.2564588,2.7249358,2.4688833
6930,2.2604446,-0.043030057,-0.13701597,0.44063058,0.579286515712738,0.27293506,3.0051398,2.012776
6931,2.2374992,-0.09520748,-0.21576068,0.5439385,0.7818067073822021,0.2324419,3.6654186,2.570301
6932,2.20452,-0.05794312,-0.23947772,0.4997833,0.7818329334259033,0.24759956,5.1142874,2.502033
6933,2.519126,-0.036530092,-0.30584735,0.45276356,0.6531984806060791,0.22282161,2.0725443,2.2407339
6934,2.2824054,0.00033151283,-0.2654289,0.54032904,0.6465885043144226,0.27918574,2.994183,2.813841
6935,2.25017,0.057443243,-0.24870154,0.44878337,0.7489772439002991,0.21654998,3.29977,1.9608325
6936,2.1448717,0.000955207,-0.24860166,0.43394583,0.7536576390266418,0.27914655,7.1033983,2.38341
6937,2.1441977,-0.008138408,-0.18909644,0.405211,0.7219715714454651,0.268191,6.538545,2.2781038
6938,2.2648158,-0.082002595,-0.22272803,0.44881153,0.7560954689979553,0.25822815,3.5957165,2.3087823
6939,2.1838942,0.113302305,-0.27654237,0.47101212,0.799839198589325,0.22008985,4.099537,2.6036963
6940,2.3689191,-0.008455342,-0.36274385,0.37950692,0.6874340772628784,0.27128744,3.1195118,2.7036211
6941,2.3511267,-0.09797417,-0.2502477,0.5384899,0.8463891744613647,0.17667001,2.5388327,1.7916214
6942,2.1922317,0.047488015,-0.19189283,0.4660249,0.7163729071617126,0.2620953,4.0362844,2.6476665
6943,2.3943374,-0.015256821,-0.31152353,0.5103805,0.5550212264060974,0.25524756,2.3090334,1.8490075
6944,2.2279255,-0.033546455,-0.19595163,0.49869093,0.8185296654701233,0.22848333,3.7464015,2.5942593
6945,2.238707,0.039428707,-0.24384806,0.4221372,0.7606753706932068,0.22938038,3.677673,2.293325
6946,2.3450825,-0.018655622,-0.2940985,0.44597664,0.6683613061904907,0.25525844,2.9418204,2.5900257
6947,2.2675042,-0.105874725,-0.20402764,0.39267606,0.8385195136070251,0.21247648,4.2210994,2.0993772
6948,2.2763417,-0.21170162,-0.1415041,0.55175436,0.758585512638092,0.2588666,4.1353235,2.6522996
6949,2.2847583,-0.052332677,-0.19801563,0.4786732,0.6438559889793396,0.27401748,3.0435054,2.2927372
6950,2.3466918,-0.15275021,-0.17320578,0.39186385,0.6891661286354065,0.25350082,2.8121104,1.9118835
6951,2.34541,-0.04395304,-0.17246395,0.41227025,0.38166871666908264,0.31330016,2.3854728,2.5979671
6952,2.3222651,-0.011043184,-0.22134854,0.4111725,0.8164545893669128,0.17855327,2.3146904,1.5979085
6953,2.2358704,0.051487483,-0.18025993,0.54057676,0.78158038854599,0.24225155,2.8409722,2.6128287
6954,2.1843138,0.15470032,-0.1536326,0.33901677,0.7274640798568726,0.2603574,3.286506,2.7422874
6955,2.1992345,-0.011991976,-0.2152457,0.54610604,0.85,0.13959071,3.7713366,2.371738
6956,2.3734941,-0.0699737,-0.20206873,0.39204714,0.8210191130638123,0.11149772,2.2858102,1.8006465
6957,2.1353495,0.061413486,-0.15438423,0.56263065,0.7599438428878784,0.24375099,4.6360373,2.4096372
6958,2.512685,0.042224202,-0.34694874,0.46835008,0.6308513879776001,0.104081646,1.516013,1.3111693
6959,2.18031,-0.032332975,-0.072745234,0.45921683,0.659646213054657,0.30468276,3.8646595,2.8485289
6960,2.3299584,-0.1976261,-0.2200796,0.45542717,0.7666668891906738,0.2449637,3.5972369,2.6602674
6961,2.2070277,-0.0457412,-0.14316548,0.42223492,0.8040867447853088,0.2265401,4.0768967,2.6370552
6962,2.2546306,0.13913088,-0.25029257,0.24083844,0.7383553385734558,0.2561076,3.2157207,2.8274765
6963,2.2848616,-0.12873015,-0.29244503,0.5149712,0.7801389098167419,0.23971532,3.845672,2.6393504
6964,2.2090974,0.08180771,-0.17864142,0.4226459,0.6651812791824341,0.27683306,3.195198,2.765708
6965,2.3396888,0.020948658,-0.2302768,0.2985962,0.5156782865524292,0.28692043,2.6609392,2.1099114
6966,2.23924,0.04434466,-0.20697439,0.32523802,0.8036219477653503,0.20988682,3.3033042,2.4923346
6967,2.2963908,-0.16664813,-0.3343454,0.575202,0.6907709240913391,0.28308848,5.247905,2.8762424
6968,2.4701955,-0.061553434,-0.37664992,0.39400598,0.505187451839447,0.25940248,2.194511,2.5276356
6969,2.2963734,-0.05464844,-0.2183043,0.40894842,0.7595997452735901,0.22856407,3.1494317,1.6035824
6970,2.4174316,-0.024765411,-0.3080741,0.28468156,0.5277165174484253,0.28422177,2.5945678,2.39403
6971,2.3309016,-0.06568186,-0.26009873,0.4542689,0.7547712326049805,0.23977411,2.741579,2.7008395
6972,2.264981,0.028078668,-0.26797163,0.40879315,0.7620372772216797,0.23607972,3.4078324,2.254069
6973,2.3559885,-0.16200706,-0.21831213,0.45684102,0.7225983738899231,0.23805578,3.157703,1.9446055
6974,2.2356367,0.1118606,-0.21016625,0.48798716,0.6308736801147461,0.29024348,2.900705,2.6549275
6975,2.1865406,0.13308577,-0.3160545,0.60968405,0.8413040041923523,0.22183959,3.952133,2.3603897
6976,2.2451735,-0.027262086,-0.30991742,0.45328665,0.7603055834770203,0.253712,4.792668,2.6653724
6977,2.3173976,-0.15198,-0.2034577,0.5504486,0.7052655816078186,0.255858,3.1394708,2.8491285
6978,2.3253045,-0.03889311,-0.25626132,0.6183512,0.5630496740341187,0.30522773,2.6024694,2.6916046
6979,2.1751518,-0.037004333,-0.20743442,0.58756196,0.7325025796890259,0.26944995,4.9760876,2.7991495
6980,2.2310627,-0.050871395,-0.2968124,0.4404507,0.7679499387741089,0.231034,5.2708893,2.5986824
6981,2.165075,-0.046096254,-0.2297553,0.53714806,0.6866385340690613,0.27853093,5.821111,2.0719206
6982,2.1017692,0.05818251,-0.15737616,0.55193806,0.654460072517395,0.30513966,5.955055,2.4263444
6983,2.2476804,0.12031764,-0.23247844,0.47689122,0.8263968825340271,0.18843666,2.8048434,1.7498085
6984,2.1425455,0.008493808,-0.24882741,0.42000812,0.8115259408950806,0.2210254,6.3563046,2.0109913
6985,2.374936,0.1767292,-0.30921224,0.3751723,0.4206578731536865,0.28092554,2.112717,2.3947492
6986,2.2874286,-0.10548287,-0.2535635,0.66432756,0.7131243944168091,0.2811332,3.3901644,2.9144347
6987,2.2185729,0.017036198,-0.010350702,0.37023732,0.6811171770095825,0.25303727,2.771998,2.588546
6988,2.3936074,0.018878281,-0.30820963,0.562794,0.39507853984832764,0.29433557,2.041606,2.6911452
6989,2.1224587,0.08462117,-0.24658588,0.31552315,0.8158130645751953,0.24573566,6.9178376,1.9070389
6990,2.2382474,0.011479413,-0.32936394,0.44350764,0.85,0.20802832,4.9226007,1.8756588
6991,2.2451832,-0.040326986,-0.16136196,0.53045577,0.6899728775024414,0.27576846,3.4466763,2.8288796
6992,2.156887,-0.04536052,-0.18019989,0.54826355,0.8011605739593506,0.25698513,5.6433625,2.8615203
6993,2.2908328,-0.018816244,-0.2077646,0.52287203,0.7049123048782349,0.2556344,2.9673536,2.6603165
6994,2.2272398,-0.016551225,-0.25922462,0.4962205,0.7378106117248535,0.26515856,4.1204762,2.6941962
6995,2.2020094,-0.12392561,-0.17197993,0.4808289,0.6886307001113892,0.2845534,5.275186,2.475942
6996,2.3193643,-0.06597845,-0.17742829,0.37254503,0.5827943682670593,0.29762208,2.9702418,2.7357888
6997,2.3510096,-0.06323278,-0.25821623,0.5103107,0.6522380709648132,0.18036059,2.1908853,1.37629
6998,2.3527613,-0.03389094,-0.2736816,0.2864232,0.737827479839325,0.23141854,3.185004,2.5094395
6999,2.222262,-0.049968563,-0.36350593,0.56523824,0.6736555099487305,0.29982683,6.018044,2.8767695
7000,2.2415705,0.022985833,-0.13407819,0.39596507,0.6720911264419556,0.2753482,3.0536437,2.4165666
7001,2.3362272,-0.06723887,-0.31718442,0.5414964,0.8141425848007202,0.1964151,2.8189888,2.5061054
7002,2.3472686,-0.06953889,-0.38220957,0.4874425,0.7639134526252747,0.24176611,3.2594817,2.5741796
7003,2.3142035,0.0448579,-0.24016356,0.36016884,0.6229008436203003,0.24790397,2.5483108,2.1689498
7004,2.1352727,0.09013985,-0.18799052,0.45905015,0.7590372562408447,0.2502139,4.531497,2.5747657
7005,2.2257953,0.07469032,-0.33071703,0.35614237,0.85,0.18103056,4.159029,2.2795846
7006,2.2593338,-0.19751403,-0.22773726,0.6965039,0.8208879828453064,0.24460666,4.5653224,2.5434349
7007,2.5038085,-0.1412155,-0.37479603,0.40669814,0.5162268877029419,0.2169709,2.2682436,2.3790593
7008,2.2303803,0.06874132,-0.31413722,0.45756266,0.7472138404846191,0.23086925,3.7444017,2.6644099
7009,2.260196,-0.06334915,-0.26942787,0.55884683,0.829730749130249,0.20168963,3.4660265,2.4597247
7010,2.3210728,-0.06428347,-0.22073698,0.45401436,0.7290573120117188,0.2295587,3.096642,2.0079942
7011,2.299759,-0.13346693,-0.24558288,0.58075774,0.85,0.16539976,3.3941433,1.6494609
7012,2.3681421,-0.15036274,-0.3155951,0.52924937,0.8349587321281433,0.21934451,3.1214314,2.5103643
7013,2.21706,0.105790064,-0.17944103,0.3818791,0.6927457451820374,0.24741764,3.1650832,2.6153636
7014,2.1682897,0.023835028,-0.20864034,0.5278751,0.8220174312591553,0.21134429,4.0238566,2.3354301
7015,2.3549685,0.0020435215,-0.2557884,0.3001797,0.5361646413803101,0.2901885,2.6861918,2.7111416
7016,2.3394563,-0.04368252,-0.1126592,0.3722084,0.3693220615386963,0.20605454,2.138228,1.9359418
7017,2.2641454,0.07237489,-0.26687804,0.44994694,0.5874670743942261,0.3068033,3.1670291,2.0159228
7018,2.449795,0.059732668,-0.354987,0.45154133,0.3586263060569763,0.27826858,2.1693418,2.5339696
7019,2.314413,0.14032774,-0.3212928,0.55955774,0.5852935314178467,0.23489343,2.2917178,1.8215691
7020,2.2637897,0.01716799,-0.24832392,0.5711417,0.7998035550117493,0.22704743,3.047868,2.468005
7021,2.1286583,0.18845923,-0.265676,0.4483674,0.85,0.19319992,3.9642847,2.0893805
7022,2.3203735,-0.1158471,-0.31407383,0.4815098,0.6802433729171753,0.28133205,3.9334633,2.7945683
7023,2.1899328,0.04349315,-0.11327415,0.46804774,0.6241081953048706,0.3060519,3.639725,2.612214
7024,2.4363813,-0.06547066,-0.25762358,0.45592776,0.5401121377944946,0.18176366,2.1742198,1.4461628
7025,2.3495362,-0.014314909,-0.35152775,0.46978393,0.6964085102081299,0.27761826,2.9620197,2.4725661
7026,2.2285783,-0.042583168,-0.18940759,0.39016026,0.8463385701179504,0.20099956,3.7093062,2.532003
7027,2.3499427,0.061893247,-0.16047591,0.34271875,-0.010876648128032684,0.2384713,2.0609617,2.2192404
7028,2.367152,0.07075255,-0.2782172,0.36990806,0.3586156368255615,0.25498968,2.1339197,1.8434675
7029,2.3643525,0.032920867,-0.3404248,0.39166573,0.545467734336853,0.21730231,2.4943674,1.772604
7030,2.1720345,-0.08639263,-0.11436821,0.57428145,0.7333778142929077,0.25598454,4.469066,2.363567
7031,2.1571908,-0.04566359,-0.046767864,0.30236608,0.85,0.21512985,4.58065,2.8766475
7032,2.2780752,-0.0021324928,-0.31551722,0.5649606,0.85,0.17928365,3.4482708,1.7851434
7033,2.258686,0.012667785,-0.23447447,0.3503405,0.7512063384056091,0.26174265,3.8613167,2.5897605
7034,2.1490345,0.12630112,-0.21632944,0.4126849,0.810295820236206,0.23464756,4.1267767,2.3892188
7035,2.3771915,-0.07656784,-0.31098634,0.3790127,0.46302422881126404,0.35898918,3.0437717,2.6283264
7036,2.2460244,0.056793552,-0.37104437,0.30902216,0.7703006863594055,0.24177672,5.5184894,2.826214
7037,2.195018,-0.06879435,-0.32233766,0.4858546,0.7722861170768738,0.2816377,8.233193,2.8895936
7038,2.2093217,-0.06522254,-0.08033532,0.5245913,0.7417286038398743,0.23348261,3.3849168,2.6875465
7039,2.180721,-0.017019166,-0.20436278,0.5568461,0.8142478466033936,0.21598634,4.215331,2.1604912
7040,2.2106466,0.060717657,-0.194265,0.49476153,0.7717947363853455,0.23023286,3.4527106,2.4257665
7041,2.2772639,-0.038397428,-0.24639602,0.49804118,0.7369330525398254,0.24478485,3.3332648,2.7837317
7042,2.1619184,0.08985762,-0.282911,0.5328929,0.7822713851928711,0.2446806,4.636638,2.4002616
7043,2.336023,-0.07158495,-0.18307129,0.57621425,0.6679977178573608,0.21409076,2.2772856,1.824585
7044,2.2846725,-0.07667684,-0.26094183,0.45085624,0.7114722728729248,0.25499934,3.6352377,2.616117
7045,2.3799953,-0.004330473,-0.29886177,0.5746569,0.635901689529419,0.161594,2.0837574,1.576426
7046,2.2483957,0.045830652,-0.2741586,0.49855942,0.7934580445289612,0.23179182,3.5887508,2.5877838
7047,2.1037736,0.16928634,-0.28274584,0.41090342,0.8098546862602234,0.24787068,6.6808763,2.7159216
7048,2.2302094,0.002075646,-0.24530604,0.5042271,0.7607725858688354,0.2497093,3.823312,2.5076811
7049,2.2461236,0.05035902,-0.21510983,0.41866195,0.6976463198661804,0.2689161,3.301173,2.233172
7050,2.2209187,0.022148918,-0.14947902,0.47354132,0.7704907059669495,0.2273347,3.197305,2.419631
7051,2.2921078,0.0480982,-0.13996996,0.42879885,0.722257137298584,0.19267371,2.1382737,2.5533907
7052,2.1379569,-0.03840491,-0.12539941,0.5627519,0.6471880674362183,0.31193432,4.8357177,2.686459
7053,2.316762,0.027726553,-0.33826777,0.46331954,0.796235978603363,0.19740093,2.7872956,2.0208607
7054,2.287989,-0.08939201,-0.15814623,0.5734698,0.8314657807350159,0.1959272,2.8739214,2.3688366
7055,2.3431396,0.04242288,-0.16456759,0.48247367,0.20730413496494293,0.3244367,2.0953412,2.3880494
7056,2.3117034,-0.10214647,-0.30528724,0.4409832,0.8285727500915527,0.19468816,3.489658,2.606347
7057,2.2355943,-0.10003099,-0.3077635,0.50701183,0.7422139644622803,0.26614702,6.1420794,2.4505048
7058,2.2182202,0.01479765,-0.17670476,0.5116314,0.7037790417671204,0.27527636,3.58376,2.7337217
7059,2.2843122,-0.012116888,-0.18120103,0.4743725,0.7581707835197449,0.22664392,3.012303,2.4805083
7060,2.2458217,-0.029222384,-0.27951583,0.43746614,0.7782725691795349,0.22483729,4.1947956,2.3751795
7061,2.280187,0.025140816,-0.18949763,0.5023524,0.80758136510849,0.18597114,2.4931006,2.2112913
7062,2.3176389,0.015301596,-0.27094296,0.38465443,0.8214495182037354,0.20472427,2.6582916,2.681149
7063,2.2588966,0.120182805,-0.18959187,0.43662205,0.45736682415008545,0.32361996,2.6693878,2.6980824
7064,2.3365538,-0.05938423,-0.2936764,0.5276771,0.7643742561340332,0.23134592,2.7133057,2.240435
7065,2.3230817,-0.027427746,-0.30985785,0.41573858,0.7165594696998596,0.25221276,3.3097572,2.5796332
7066,2.2885933,0.0027008473,-0.24827817,0.4023553,0.7720820307731628,0.21309346,3.0708292,1.6178924
7067,2.2009199,0.05090677,-0.19278784,0.40531403,0.6847426891326904,0.26507822,3.828396,2.577256
7068,2.2653482,-0.11531944,-0.27983764,0.49485406,0.8394731879234314,0.21824062,4.404683,2.4636939
7069,2.2971194,-0.10533544,-0.29840213,0.4526897,0.829198956489563,0.21898039,4.2691603,2.2908976
7070,2.2673705,0.04651346,-0.251679,0.43744168,0.790607213973999,0.2122936,3.2812135,2.5172281
7071,2.2597704,-0.022470584,-0.29205698,0.37614784,0.7441267967224121,0.2443386,4.3014226,2.6302977
7072,2.3730295,0.063054085,-0.34529278,0.39653808,0.7156240940093994,0.22743504,2.3623857,2.5184677
7073,2.282735,-0.007905651,-0.26006275,0.48104522,0.7388419508934021,0.23712252,3.4165583,2.4839504
7074,2.2238805,0.048704658,-0.36901966,0.43315437,0.7449758052825928,0.26315445,5.219068,2.4482138
7075,2.453481,-0.12039337,-0.39136794,0.51293826,0.5593753457069397,0.24215809,2.5340438,1.6576843
7076,2.2551024,-0.042576037,-0.18055335,0.5352552,0.8391581773757935,0.20974712,2.950511,2.0549994
7077,2.251878,0.038029112,-0.30576038,0.47257015,0.7113426327705383,0.25648355,3.6612096,2.4359248
7078,2.3077097,0.03821266,-0.2411463,0.48886326,0.6523993611335754,0.2443434,2.3681839,2.0314023
7079,2.2052717,-0.008786565,-0.3113923,0.31670654,0.85,0.19761677,6.5192914,2.55231
7080,2.245156,-0.044451304,-0.17075624,0.5509936,0.7881535887718201,0.19175297,3.0077696,2.0051441
7081,2.1242282,-0.16786592,-0.042420648,0.54702353,0.7851614952087402,0.2410763,6.2827067,2.4591653
7082,2.3060997,-0.0023785348,-0.12212238,0.46604687,0.5703836679458618,0.24332805,2.2847738,2.0018868
7083,2.2953467,-0.03817605,-0.32027203,0.47127932,0.7301852107048035,0.24963243,3.8602607,2.4285278
7084,2.2763867,-0.0857911,-0.2376671,0.48632875,0.7124249935150146,0.2592052,3.8006456,2.789003
7085,2.1867487,0.050366107,-0.16328776,0.4195387,0.6876904368400574,0.27377287,3.6010199,2.7523644
7086,2.3664827,-0.031809438,-0.21409006,0.37716618,0.42630958557128906,0.193528,2.2380676,1.6303049
7087,2.228059,-0.021366214,-0.17778623,0.47377104,0.7645362615585327,0.23295793,3.0034368,1.698035
7088,2.3530304,-0.09711068,-0.30615905,0.41225207,0.733533501625061,0.25109094,3.204089,1.8989488
7089,2.1261146,-0.018779557,-0.13463801,0.41122293,0.8101998567581177,0.23004799,6.413658,2.694588
7090,2.2193067,0.083925866,-0.22037065,0.37355685,0.7617064118385315,0.23231404,3.4254267,2.0863988
7091,2.1538742,0.07285392,-0.18425775,0.48430842,0.8478237390518188,0.19174808,4.150182,1.6507967
7092,2.2234898,-0.0372931,-0.24348828,0.4846265,0.8270291686058044,0.20832773,3.9450252,2.4908555
7093,2.188682,0.07335738,-0.1992466,0.55062056,0.7671845555305481,0.25298208,3.5419245,2.8610542
7094,2.2626293,-0.05181535,-0.17839448,0.5281616,0.6861277222633362,0.26506603,3.1151145,2.162292
7095,2.2575486,0.055768732,-0.3562384,0.5267896,0.8446991443634033,0.20029579,3.5005815,2.569899
7096,2.1903188,0.06169119,-0.24018988,0.45039332,0.7791670560836792,0.24495995,4.2095604,2.8050334
7097,2.3322687,0.07869279,-0.2859983,0.3876624,0.7109666466712952,0.20913035,2.471136,2.363692
7098,2.3438175,-0.08016712,-0.18472101,0.46559262,0.7072514295578003,0.22731379,2.312428,2.2234151
7099,2.2097836,0.0033276535,-0.17374963,0.39702195,0.8453981876373291,0.16310899,3.566068,1.7097204
7100,2.373059,-0.010160805,-0.19419987,0.40484715,0.2682650089263916,0.23160474,2.1792996,2.071033
7101,2.122684,0.023119926,-0.19886467,0.49529573,0.7406578660011292,0.26789543,7.0324755,1.9030869
7102,2.1875165,0.037071556,-0.23958516,0.4888814,0.6400309801101685,0.29094583,4.526038,2.8012147
7103,2.4089174,-0.13696435,-0.17920177,0.43891275,0.7704893350601196,0.06780906,1.9468778,1.1603051
7104,2.2047486,0.12239343,-0.2699072,0.4333175,0.8319074511528015,0.23255983,3.5134115,2.5731628
7105,2.3074532,-0.026512684,-0.28525946,0.49656826,0.6570199131965637,0.27082017,3.25379,2.355618
7106,2.2107556,-0.07084987,-0.2605162,0.53845745,0.85,0.14858261,4.5661716,1.8784337
7107,2.323335,-7.2988965e-05,-0.17166354,0.43104732,0.45488935708999634,0.24157155,2.1153271,1.6498272
7108,2.228704,0.030608304,-0.19283755,0.48176417,0.6605896949768066,0.28505334,3.5031033,2.8823948
7109,2.335784,-0.10193772,-0.22984052,0.513474,0.7652470469474792,0.21850343,2.7340753,2.1386306
7110,2.276967,-0.17692631,-0.16474302,0.6356713,0.7423357963562012,0.255913,3.2728775,2.345216
7111,2.1927125,0.05528212,-0.09539917,0.44529355,0.6860866546630859,0.27241313,3.0718625,2.4409251
7112,2.3291538,-0.19181907,-0.3122555,0.52299327,0.807090163230896,0.21995099,3.302719,2.6332164
7113,2.2011616,0.015637439,-0.2590246,0.45399237,0.7921552062034607,0.2293491,4.8371325,2.493785
7114,2.1950662,-0.06813731,-0.19025216,0.58242387,0.7964047789573669,0.23649573,4.3010926,2.5941684
7115,2.1992674,0.020929469,-0.26057586,0.49215853,0.7717065811157227,0.22783855,4.2325087,2.407085
7116,2.2452676,-0.016422475,-0.24341308,0.58069456,0.6913805603981018,0.27392828,3.6987605,2.504756
7117,2.1865327,0.104833364,-0.15787703,0.4922452,0.7814478874206543,0.239871,3.1702867,2.4477966
7118,2.2608256,0.017367603,-0.28427923,0.48202002,0.8137586116790771,0.18884489,3.6511462,1.9557734
7119,2.106056,0.046555102,-0.23088066,0.41973227,0.8250190019607544,0.2465163,8.057715,2.0631566
7120,2.3079636,-0.06992393,-0.30290815,0.44157404,0.7621180415153503,0.25878978,3.8401546,2.859483
7121,2.230446,0.010509117,-0.27708882,0.46183679,0.7047666907310486,0.29734752,4.278362,2.5911975
7122,2.3558383,0.04405897,-0.27360332,0.51530993,0.5950782299041748,0.22489598,2.256752,1.6119258
7123,2.2268693,-0.044631604,-0.20932679,0.47122267,0.7571931481361389,0.2385822,4.015778,2.8447642
7124,2.2932692,-0.16994247,-0.22230178,0.48484388,0.7537397146224976,0.23390833,3.9485843,2.0474496
7125,2.3444757,-0.06791499,-0.18060508,0.46533534,0.4103415608406067,0.22511551,2.243522,1.454181
7126,2.3534973,0.01607789,-0.24778561,0.41318825,0.45215991139411926,0.29277945,2.5548527,2.43208
7127,2.3522108,-0.072803915,-0.24124083,0.49287623,0.49447205662727356,0.21069768,2.6058366,1.6501464
7128,2.1905892,-0.0062377825,-0.21749954,0.4678011,0.7964969873428345,0.2237024,4.1368775,2.0599167
7129,2.2343562,-0.07120497,-0.22952732,0.4427504,0.7743918299674988,0.22630215,3.9938803,2.634616
7130,2.27111,-0.024995705,-0.255904,0.4914457,0.7950758934020996,0.23341669,2.9309864,2.1185892
7131,2.2468252,-0.0057731625,-0.2593917,0.44579622,0.7475954294204712,0.2390286,3.9327667,1.870366
7132,2.14905,0.045247722,-0.28214243,0.56410885,0.7564254999160767,0.2541342,6.304317,2.347444
7133,2.334365,-0.11739444,-0.36369503,0.306311,0.85,0.17919068,4.70671,2.061708
7134,2.3674662,-0.114008546,-0.20969468,0.4335656,0.669994592666626,0.23924279,2.666982,2.7513201
7135,2.3678415,-0.08540889,-0.33238944,0.56254905,0.7962558269500732,0.21011396,2.9926715,2.0520923
7136,2.2135262,-0.039388556,-0.17126232,0.46423626,0.719867467880249,0.25142187,3.7371395,2.5486581
7137,2.1821053,-0.05217844,-0.19624169,0.5342529,0.7855644226074219,0.24757597,5.181069,2.7143483
7138,2.3275566,-0.14824392,-0.29013014,0.5556873,0.7910508513450623,0.22224042,3.51692,2.3908212
7139,2.205272,-0.09115118,-0.11883418,0.5962623,0.7799148559570312,0.22829838,3.564698,2.6347258
7140,2.21064,-0.019631654,-0.17069916,0.45268,0.7720673084259033,0.22058114,3.982268,2.123154
7141,2.3583934,0.014426208,-0.34973496,0.5326651,0.8405845761299133,0.17305382,2.1490955,2.1792846
7142,2.3584876,-0.025970949,-0.2845701,0.3724645,0.6348850727081299,0.2806432,2.8989654,2.4989512
7143,2.2732434,0.034052793,-0.29334185,0.43335307,0.7167622447013855,0.2512954,3.4094894,2.5062563
7144,2.18842,-0.038793277,-0.25661343,0.51077455,0.7456106543540955,0.25497517,5.617834,2.7104363
7145,2.4135432,-0.15847768,-0.3179428,0.5339816,0.7942939400672913,0.21485461,2.7906759,2.2715793
7146,2.1815088,-0.009389089,-0.17289723,0.41785216,0.7330363988876343,0.27200264,4.690483,2.6989732
7147,2.267875,-0.087725125,-0.26388478,0.4589768,0.7072846293449402,0.27118605,3.9315238,2.8210268
7148,2.4597588,-0.1654733,-0.36682755,0.51327246,0.750001072883606,0.20253041,2.505559,1.6334438
7149,2.1389437,-0.042269547,-0.19915234,0.37565315,0.8160684704780579,0.23934363,8.281187,2.33743
7150,2.2272375,-0.095871426,-0.17555684,0.47812277,0.7965344786643982,0.2302292,4.232711,2.4427497
7151,2.2661922,-0.14541735,-0.23025168,0.56814134,0.7333911061286926,0.2584679,4.181349,2.395649
7152,2.3586264,-0.1295687,-0.2987747,0.5225431,0.7785617113113403,0.19786783,2.7582643,1.5844465
7153,2.300196,0.03397174,-0.27435544,0.419188,0.8012343049049377,0.15902105,2.5016217,1.4308257
7154,2.1732128,0.015690133,-0.16805135,0.39106894,0.7984328269958496,0.2294054,4.2209096,1.7960377
7155,2.2580674,0.004105677,-0.33253404,0.42178828,0.8278563618659973,0.20681472,3.77211,2.868422
7156,2.1928847,-0.059083622,-0.17433569,0.48697048,0.7912664413452148,0.24042898,4.161296,2.8167777
7157,2.2885637,-0.0634041,-0.2397817,0.40260693,0.8010338544845581,0.2002752,3.5362697,2.1128466
7158,2.4231055,-0.017045122,-0.13748956,0.43160164,0.27694836258888245,0.3072982,2.081339,2.783967
7159,2.2251902,-0.011864091,-0.11055295,0.43358222,0.6483007073402405,0.2696503,3.3719242,2.4779458
7160,2.2694645,0.05928045,-0.24695803,0.43592694,0.6751900315284729,0.28715324,3.2237062,2.3872905
7161,2.3014572,-0.14159809,-0.29956713,0.5468782,0.81795734167099,0.2066948,4.1930237,2.2235384
7162,2.2096148,0.020914383,-0.20384802,0.4035872,0.7538549304008484,0.24340515,4.332549,2.7505589
7163,2.1933858,0.054991964,-0.26118028,0.4369459,0.7709929943084717,0.23624271,4.6273584,2.7368827
7164,2.27581,-0.027477965,-0.22602917,0.40264103,0.7423791289329529,0.26942274,3.334243,2.8146758
7165,2.4166443,-0.1825011,-0.2559215,0.4652308,0.6243574619293213,0.27363876,2.6145046,2.3038614
7166,2.311799,-0.1252481,-0.25257292,0.55281264,0.7234567403793335,0.26058012,3.3991275,2.611634
7167,2.2230132,0.023458518,-0.29596865,0.4420468,0.7678709030151367,0.21544078,4.306786,2.0471978
7168,2.2037282,0.044591777,-0.23997289,0.38575017,0.7577124238014221,0.23535061,4.399043,2.1917357
7169,2.3884606,-0.032524537,-0.2787094,0.35659674,0.5128864049911499,0.29543334,2.5640204,2.635541
7170,2.2887719,-0.024965277,-0.2531058,0.48002112,0.6366034150123596,0.28904125,3.2180548,2.519843
7171,2.2627795,-0.052538626,-0.2240018,0.5028071,0.7918833494186401,0.24143152,3.546313,2.6635902
7172,2.233543,-0.117617905,-0.2795979,0.6530921,0.7856677770614624,0.19941966,4.5338383,1.7739791
7173,2.2677824,-0.012195162,-0.34835494,0.4227418,0.8199425935745239,0.21175326,4.8932166,2.2765718
7174,2.1580315,0.10995554,-0.2040072,0.44184613,0.8088409304618835,0.2168533,3.7053688,2.6433227
7175,2.1458976,0.009902601,-0.19473138,0.45557103,0.85,0.1825547,4.924251,2.1931407
7176,2.364505,-0.15105511,-0.32701546,0.47065094,0.7783106565475464,0.24223593,3.438189,2.3484888
7177,2.244602,-0.2136185,-0.1597909,0.5262049,0.8275612592697144,0.19901787,4.3581777,2.2830458
7178,2.3608935,-0.06552489,-0.22063152,0.45606047,0.5616976022720337,0.22478214,2.4665227,1.6450822
7179,2.2269166,-0.05703558,-0.1184054,0.51583356,0.7442803382873535,0.25543344,3.4066153,2.8544843
7180,2.2328064,-0.06125049,-0.17950942,0.49395445,0.8168345093727112,0.19536458,3.6826456,2.1708047
7181,2.270688,0.057503473,-0.23802274,0.33944774,0.7598714232444763,0.26405016,3.0455377,2.472971
7182,2.2563627,-0.06820431,-0.18825026,0.39533275,0.840954601764679,0.19352889,3.7031262,1.9738636
7183,2.1819515,-0.020531338,-0.17722078,0.49401224,0.720399796962738,0.2532345,4.207474,2.4784758
7184,2.3004632,0.094741635,-0.33568606,0.37808856,0.797967255115509,0.20374441,2.8759305,2.5004847
7185,2.339001,0.035928454,-0.2776431,0.51558745,0.4527036249637604,0.30858698,2.3306937,2.3318057
7186,2.2149448,0.03893217,-0.24788569,0.467847,0.7899145483970642,0.2288978,3.804045,2.30871
7187,2.2974794,-0.016431043,-0.25566754,0.3658004,0.8384522199630737,0.19837877,2.91224,1.6302247
7188,2.1469295,-0.030072296,-0.18766275,0.50573975,0.6785549521446228,0.2924649,5.956321,2.6293838
7189,2.183296,0.05101096,-0.09850295,0.510477,0.6653322577476501,0.28363967,3.2463536,2.8768127
7190,2.2277021,-0.14882676,-0.2202708,0.4683615,0.6721150279045105,0.28441814,5.7479467,2.7072089
7191,2.2523427,-0.04897573,-0.149955,0.5294079,0.7473992705345154,0.24935223,3.29756,2.3307066
7192,2.2413225,-0.14984371,-0.12165893,0.42664343,0.7631592750549316,0.23774002,4.144886,2.5622668
7193,2.2094355,0.05611889,-0.15799695,0.46375677,0.7403630614280701,0.22363834,3.2010517,2.7730873
7194,2.2751584,-0.048524227,-0.24657737,0.42556593,0.770503580570221,0.23638302,3.8629124,2.8835423
7195,2.264153,0.012108857,-0.19586869,0.36000377,0.8092390298843384,0.17310342,2.9252765,1.6366806
7196,2.4169378,-0.1336249,-0.31266376,0.49526307,0.6200528144836426,0.25692222,2.648841,2.5929463
7197,2.294461,0.006470169,-0.27003747,0.46023476,0.8344968557357788,0.15611716,2.7686737,1.6409948
7198,2.1453147,0.0102077015,-0.25668073,0.47642913,0.7094178795814514,0.30199942,7.97828,2.2523353
7199,2.2258365,0.02010337,-0.19941296,0.44865233,0.6659389734268188,0.28541654,3.5318737,2.4228044
7200,2.2946646,0.0367133,-0.26014084,0.50828093,0.7862022519111633,0.19968136,2.677307,2.4057343
7201,2.1663756,-0.00946668,-0.1960296,0.54837346,0.8385137319564819,0.2278598,4.267378,2.8811796
7202,2.3888004,-0.035926033,-0.23450074,0.52383786,0.3138759732246399,0.20911194,2.1819587,1.542373
7203,2.212795,-0.029512126,-0.18236138,0.43574524,0.8224342465400696,0.19730337,4.102395,2.0795674
7204,2.4710891,-0.16348134,-0.377924,0.5227861,0.8113120198249817,0.16289386,2.352697,1.6095253
7205,2.2770371,0.07135452,-0.24625114,0.48525378,0.8040597438812256,0.13673507,2.6113281,1.3631473
7206,2.3050742,-0.03550717,-0.28975472,0.51037985,0.6923102140426636,0.29430744,3.2712154,2.790859
7207,2.2235222,0.028726825,-0.38254434,0.5895389,0.6769000887870789,0.27892813,5.11391,2.6802948
7208,2.1937768,0.117011204,-0.2014432,0.45265722,0.6135566234588623,0.30084223,3.399012,2.6222005
7209,2.1564596,0.07306359,-0.20833524,0.44778877,0.7710573673248291,0.24146363,4.4476776,2.8732316
7210,2.21888,0.104284644,-0.29993176,0.28678796,0.825819730758667,0.19747347,4.101235,2.6190424
7211,2.128506,-0.011104377,-0.21764411,0.437895,0.7792260646820068,0.27526873,7.9540234,2.0009022
7212,2.1467123,-0.02030431,-0.21581092,0.3526647,0.7835366725921631,0.2682868,7.7292376,2.5510316
7213,2.2379973,-0.035192776,-0.21958534,0.5371546,0.8120413422584534,0.17468861,2.9588292,1.3712461
7214,2.2352154,0.022326944,-0.19339977,0.37738585,0.7582255601882935,0.23872113,3.5149868,2.338791
7215,2.2666278,0.054343164,-0.2698029,0.4210046,0.7336740493774414,0.25985232,3.2920928,2.6440203
7216,2.264988,-0.16952895,-0.2713686,0.48327023,0.8142537474632263,0.21146758,6.0621595,2.061185
7217,2.3751392,0.02701582,-0.3029352,0.33848312,0.45746201276779175,0.3082254,2.6476135,2.7365258
7218,2.3427622,-0.05621311,-0.31393626,0.5915948,0.7811581492424011,0.23558126,2.8946865,2.518802
7219,2.194279,0.08336596,-0.27333966,0.38311464,0.85,0.21039402,4.3460693,2.3227131
7220,2.1231053,0.103314854,-0.2198705,0.4779293,0.8233833909034729,0.2267019,5.226933,2.670315
7221,2.2937362,-0.080341645,-0.26943085,0.54628265,0.7375440001487732,0.25053364,3.1302252,1.8115308
7222,2.3400636,-0.008837138,-0.2436459,0.5214387,0.4844445586204529,0.23466985,2.394841,1.7341995
7223,2.4175289,-0.016325919,-0.3295007,0.58111453,0.3481050431728363,0.2461767,2.2285564,2.4669366
7224,2.1491954,0.17849861,-0.21150339,0.36242855,0.7922472953796387,0.24078867,4.119382,2.5755067
7225,2.356052,0.051504243,-0.18149815,0.4005588,0.3896324336528778,0.27255058,2.1246874,2.491585
7226,2.1809418,-0.13902107,-0.33674416,0.496242,0.7567083239555359,0.32701468,14.408562,2.778743
7227,2.152903,0.05590482,-0.1794429,0.4766281,0.8282140493392944,0.17634907,4.0961227,1.8408682
7228,2.2859628,0.03061182,-0.27915633,0.51785344,0.85,0.119310245,2.4266624,1.475351
7229,2.2062414,-0.041668642,-0.22536977,0.4171284,0.8301546573638916,0.20752507,4.7903757,2.4346972
7230,2.1721013,-0.16427979,-0.12812355,0.48376518,0.7408691644668579,0.2724786,7.365327,2.7697816
7231,2.2348096,-0.06044526,-0.26139915,0.4266389,0.805985689163208,0.21209085,4.2063465,2.861022
7232,2.1443307,-0.01701823,-0.2168654,0.40920237,0.7867702841758728,0.22971135,7.5508685,1.7737745
7233,2.2931147,0.19048761,-0.22184782,0.3906785,0.7694342136383057,0.1548013,2.0927277,1.3340114
7234,2.1647797,-0.12107607,-0.2108507,0.72676396,0.7172470092773438,0.2974184,5.7422514,2.6780474
7235,2.1514978,-0.094753206,-0.13850242,0.51384825,0.814117431640625,0.2343816,5.691175,2.2907193
7236,2.4117508,-0.14186631,-0.23983002,0.54885525,0.6315770745277405,0.23472919,2.4606514,2.2807002
7237,2.2726214,-0.03300318,-0.18511571,0.57808167,0.7474935054779053,0.24856682,2.8436985,2.1160417
7238,2.1825323,0.040384337,-0.14885592,0.32712403,0.7289741635322571,0.2416141,4.0534854,2.5909932
7239,2.201473,-0.06078107,-0.24132372,0.45519567,0.85,0.13763438,5.124606,1.6298352
7240,2.19372,0.059163272,-0.19792402,0.6166805,0.8449429273605347,0.20088422,2.9881427,1.8723174
7241,2.1006134,0.09188861,-0.19056982,0.5417075,0.825194239616394,0.22137661,5.6269073,2.5097227
7242,2.338854,-0.060732227,-0.25984558,0.49398154,0.7052374482154846,0.24959244,2.8645267,2.3574789
7243,2.3819044,-0.102777176,-0.3180983,0.5614164,0.7774339318275452,0.22204463,2.6599913,1.8081279
7244,2.182684,-0.0045283,-0.20812075,0.60769093,0.8283336162567139,0.18714486,4.0997987,1.8224952
7245,2.1706443,0.08206569,-0.25518677,0.4722282,0.7104698419570923,0.2783753,4.4402084,2.4669955
7246,2.266497,-0.14368232,-0.26317343,0.5024954,0.8248476982116699,0.19225463,3.7692962,2.5646596
7247,2.2566674,0.017724114,-0.12971406,0.6029237,0.6669386029243469,0.26129037,2.426444,2.4804785
7248,2.137606,0.020846855,-0.2042768,0.5358177,0.7880510091781616,0.24328783,5.4458113,2.4368403
7249,2.2510152,0.01105236,-0.23787317,0.48300326,0.7331283092498779,0.28831643,3.4203815,2.231843
7250,2.3906875,-0.07990209,-0.2446533,0.5385174,0.6562560200691223,0.12907511,2.0800002,1.2453462
7251,2.299098,-0.102246575,-0.29420915,0.4914564,0.8456187844276428,0.18949026,3.525055,2.4733946
7252,2.2050223,-0.08832031,-0.2086855,0.4952407,0.8051594495773315,0.22496328,4.7131844,2.3449216
7253,2.3905382,-0.14122382,-0.2927477,0.5283892,0.6445640325546265,0.27825052,2.9245403,2.8768017
7254,2.3930306,-0.08211683,-0.28135625,0.58262193,0.5309262275695801,0.2682124,2.231551,2.5303059
7255,2.274614,-0.04519707,-0.39810893,0.535431,0.776626467704773,0.2509806,5.0308228,2.4210525
7256,2.254226,0.015276478,-0.32846415,0.42853343,0.7555841207504272,0.23110017,4.199226,2.9025757
7257,2.1806448,-0.030807687,-0.19809471,0.39546436,0.7801126837730408,0.23986864,5.1796856,2.7898161
7258,2.19741,-0.115106896,-0.19168691,0.6442788,0.7407799959182739,0.27432126,4.6177917,2.6121795
7259,2.2784617,-0.05833763,-0.3228071,0.5599922,0.6910449266433716,0.27642348,4.065661,2.6968157
7260,2.1461098,0.013464131,-0.21053267,0.32833144,0.7059997320175171,0.30086625,7.7294626,2.8116658
7261,2.1576428,-0.025010644,-0.14869103,0.4553462,0.7302068471908569,0.24696414,4.8787265,2.5762084
7262,2.2255917,-0.1662594,-0.16643931,0.37923273,0.7854716181755066,0.23256768,5.2460346,2.5800395
7263,2.1791654,-0.011079649,-0.21305506,0.44855213,0.8322885036468506,0.20428717,5.0753717,2.5256329
7264,2.4348657,-0.14423321,-0.36274242,0.50006956,0.7296355366706848,0.22172053,2.589336,1.7058331
7265,2.2753713,0.055568796,-0.23763934,0.3374226,0.7316350340843201,0.23920886,3.0626009,2.0237334
7266,2.1594946,0.04866603,-0.15499395,0.4286538,0.7623266577720642,0.23268971,3.6472487,2.3403296
7267,2.3443604,-0.037605196,-0.3056722,0.49203688,0.6566521525382996,0.28597507,2.8170116,2.8210342
7268,2.2737362,-0.004322128,-0.19575082,0.38388252,0.6651655435562134,0.28843817,3.1013293,2.3729584
7269,2.281186,0.07371458,-0.20969853,0.42254573,0.5836727619171143,0.25780633,2.4049423,2.417365
7270,2.1428485,0.02742151,-0.21719337,0.43893924,0.7607237696647644,0.26496556,6.4501233,2.5736227
7271,2.4788902,-0.06811335,-0.32219523,0.54876906,0.35297682881355286,0.24676508,2.0652764,2.2174397
7272,2.286175,0.062451478,-0.20404343,0.4111822,0.6260642409324646,0.18538906,2.353614,1.3005005
7273,2.1372557,0.14740829,-0.19853589,0.44118875,0.710537314414978,0.27484083,4.493313,2.5941708
7274,2.2196267,-0.09929957,-0.17334247,0.6059716,0.7960869669914246,0.21013838,4.0601044,2.3278277
7275,2.3085685,-0.02837898,-0.28078493,0.5445283,0.8217440247535706,0.17361535,2.7136931,1.7207226
7276,2.2868693,-0.090541065,-0.2374053,0.41389903,0.7618364691734314,0.22003174,3.8045304,2.353142
7277,2.176748,0.012051445,-0.16321991,0.4381083,0.7526717782020569,0.22513273,4.2888494,2.2360532
7278,2.2878375,-0.026073553,-0.26919812,0.48496568,0.8051930069923401,0.23120682,3.2130048,2.8082445
7279,2.3475409,-0.106538,-0.28201333,0.34634522,0.6773640513420105,0.26386237,3.5089834,2.2125912
7280,2.220184,-0.025157068,-0.236275,0.4672491,0.8104463815689087,0.21855927,4.2939005,2.5549614
7281,2.1942413,0.14502068,-0.24676381,0.46270823,0.6191371083259583,0.3168783,3.6796455,2.90298
7282,2.3355513,0.0048927986,-0.32748508,0.4049496,0.7431631088256836,0.24164358,3.0146885,2.4423792
7283,2.3951883,-0.07128183,-0.28191623,0.59604025,0.6866047978401184,0.1824303,2.2694888,1.8125092
7284,2.1819456,0.07828971,-0.16560197,0.48470637,0.7079837322235107,0.25569937,3.5724688,2.5968506
7285,2.24695,-0.047561754,-0.25985488,0.32839143,0.8425719141960144,0.2027686,4.7844267,2.6109526
7286,2.301593,0.08441748,-0.24121745,0.50760317,0.4530750513076782,0.31039986,2.4115982,2.5621932
7287,2.2806158,0.08869553,-0.212251,0.2854569,0.687651515007019,0.24943548,2.7349393,2.505329
7288,2.3623261,-0.1479303,-0.34635955,0.5072116,0.8293845057487488,0.19157189,3.446057,1.9663066
7289,2.3599753,0.021387544,-0.27490658,0.46891475,0.586839497089386,0.14472921,2.1245387,1.5824648
7290,2.2452967,-0.025532808,-0.2171827,0.56763625,0.8073315024375916,0.22957455,3.2735047,2.3957684
7291,2.3534405,-0.03779114,-0.25804743,0.4153149,0.6083669662475586,0.2669842,2.5619102,1.8892156
7292,2.1710873,0.10804342,-0.32404813,0.5130562,0.782670259475708,0.26275918,5.1317377,2.888305
7293,2.072521,0.092874855,-0.22561562,0.3727232,0.8172916173934937,0.23942094,8.392674,2.2193365
7294,2.1650362,0.015078441,-0.14851883,0.350654,0.7497732043266296,0.25677168,4.912564,2.2602973
7295,2.244366,-0.07573442,-0.21885401,0.46971217,0.8020185232162476,0.24532528,3.9159613,2.3785608
7296,2.3036664,-0.040468052,-0.30439955,0.48746994,0.7914221286773682,0.25022644,3.289181,2.3436394
7297,2.265479,0.010687881,-0.32154706,0.48942363,0.7790858149528503,0.23197798,3.6852446,2.4036725
7298,2.1851552,-0.09505289,-0.13238643,0.45731458,0.7789469361305237,0.25368345,4.2430997,2.346544
7299,2.3963635,0.053261995,-0.37293476,0.39733365,0.6928800940513611,0.22627127,2.407861,2.1900642
7300,2.3110158,-0.04003853,-0.31756195,0.44516858,0.7772769927978516,0.24577537,3.2654579,2.4876354
7301,2.2503066,0.07364335,-0.1613325,0.36700702,0.7875561118125916,0.18709914,2.5177553,1.6296756
7302,2.1749916,0.09429436,-0.15080304,0.5076037,0.85,0.19454692,2.877915,1.6278192
7303,2.3758678,-0.040659692,-0.26685753,0.43715364,0.5910664200782776,0.24676672,2.308984,2.1095831
7304,2.4045062,-0.08587699,-0.33321375,0.40563422,0.7343796491622925,0.2041534,2.8017943,1.9699205
7305,2.1635435,0.14171413,-0.2277803,0.44679925,0.7054299712181091,0.2696115,4.050075,2.3394651
7306,2.3864224,-0.071867466,-0.3510922,0.41944754,0.85,0.1614065,2.6743503,2.244776
7307,2.2320616,0.015648687,-0.34484842,0.3825642,0.7854999303817749,0.2491142,5.4935966,2.7218099
7308,2.3983967,-0.032795902,-0.41172245,0.5703516,0.7748957872390747,0.1887221,2.5925016,1.9720969
7309,2.4110734,0.0025334281,-0.3543991,0.5232102,0.48519954085350037,0.19217391,2.2085528,1.4439011
7310,2.2011144,0.028182968,-0.101122364,0.43074223,0.7030352354049683,0.27162567,3.0440485,2.8428981
7311,2.3189192,0.03633492,-0.26309082,0.4411679,0.4711399972438812,0.23537384,2.394198,1.7459352
7312,2.3066971,0.01616607,-0.24086891,0.48519826,0.6052249670028687,0.28299043,2.6847951,2.4015956
7313,2.371719,-0.11450591,-0.28902376,0.45201108,0.5949625968933105,0.3006746,3.083191,2.6616223
7314,2.4232693,-0.03643027,-0.2573546,0.55437225,0.4708152711391449,0.2367903,2.0499756,1.8577722
7315,2.3160057,0.031733334,-0.32565537,0.4576416,0.8406652212142944,0.18765303,2.9315753,2.4585223
7316,2.2660644,-0.09956211,-0.30747467,0.40257937,0.7366231679916382,0.26594332,5.2338614,2.6561213
7317,2.2561169,-0.06521686,-0.22456269,0.44901285,0.8331129550933838,0.22533943,3.7937343,1.9692361
7318,2.3435922,-0.0034750826,-0.3008365,0.47654086,0.5900300741195679,0.26003388,2.6699307,1.8922697
7319,2.3687572,-0.006873632,-0.27989548,0.43552846,0.3699706792831421,0.25095496,2.1549487,1.7065705
7320,2.2693024,0.07165048,-0.26733193,0.34668276,0.6990237236022949,0.24807474,3.0563402,2.1026685
7321,2.234778,-0.04404381,-0.2123877,0.52109224,0.7542267441749573,0.26204374,3.9724743,2.889102
7322,2.208617,0.113808066,-0.23032902,0.4327929,0.85,0.18993376,3.5236986,2.6021137
7323,2.150197,0.017020164,-0.1930847,0.43894753,0.6780695915222168,0.29206517,6.31191,2.8276591
7324,2.2272313,0.028077845,-0.13751087,0.4791265,0.8063927292823792,0.2179537,2.8384278,1.7755255
7325,2.2507257,-0.08432863,-0.20261487,0.49228454,0.819310188293457,0.21641985,3.6570666,2.4953294
7326,2.3302171,-0.056290414,-0.269005,0.4812847,0.6298729777336121,0.30291152,2.9528666,2.5913472
7327,2.3360636,0.028176814,-0.21923628,0.44026557,0.6373440027236938,0.22657908,2.2788508,2.5647829
7328,2.177097,0.06917464,-0.2399906,0.4509566,0.7159572243690491,0.26187903,4.4753013,2.7570417
7329,2.2539701,-0.0061415485,-0.22337624,0.46764383,0.8129580616950989,0.2041569,3.1567705,2.4326072
7330,2.2967093,0.08219149,-0.19231655,0.30180466,0.6306509971618652,0.24434468,2.570432,2.1453693
7331,2.4032412,-0.051106174,-0.31473324,0.44497493,0.8179843425750732,0.11413691,2.1854339,1.409793
7332,2.233235,-0.11516657,-0.12212447,0.5155788,0.7904693484306335,0.24140453,4.273545,2.2828696
7333,2.303515,-0.034673534,-0.21645686,0.54706854,0.6194037795066833,0.29233304,2.7270522,2.6834407
7334,2.2234788,-0.08255858,-0.21842213,0.63348967,0.7596949338912964,0.26164877,4.3039846,2.2240858
7335,2.4417248,0.028545214,-0.29520202,0.5412454,0.5503652691841125,0.17442307,2.0922046,1.6596831
7336,2.1806715,-0.0426967,-0.16484602,0.5396538,0.6917062997817993,0.28563866,4.012899,2.4947577
7337,2.1682115,3.1704187e-07,-0.21333072,0.54071045,0.785336434841156,0.243755,4.5834093,2.5131235
7338,2.291226,-0.02447969,-0.23517615,0.39329588,0.7077643871307373,0.27420685,2.9159243,2.659865
7339,2.183735,0.061522797,-0.2651418,0.5397425,0.7156350612640381,0.27907062,4.1406975,2.8672779
7340,2.3200483,-0.07782464,-0.28295082,0.66173166,0.7419822812080383,0.26718512,2.8463404,2.478399
7341,2.3604274,-0.118606396,-0.2740717,0.53358066,0.5586960911750793,0.24216124,2.7609982,1.6828525
7342,2.2931314,0.057295416,-0.28467003,0.3757977,0.701988160610199,0.2764973,3.3683534,2.7877874
7343,2.326789,-0.023393586,-0.2538308,0.39455593,0.6954385638237,0.26683867,2.9457023,2.571593
7344,2.3102083,-0.052277666,-0.16779219,0.5355687,0.741080105304718,0.24402538,2.5250592,2.4656947
7345,2.351786,-0.065155976,-0.28197518,0.47329804,0.8128564357757568,0.12611476,2.2960408,1.1975633
7346,2.4398556,-0.06968743,-0.24225922,0.4875407,0.5226963758468628,0.17602226,1.9547926,1.3753316
7347,2.333017,-0.12696743,-0.18897015,0.32765698,0.804074764251709,0.20343149,3.2214382,2.284224
7348,2.2075162,0.10501807,-0.16958858,0.34851536,0.727237343788147,0.25594,3.585142,2.436599
7349,2.42459,-0.026248837,-0.38354942,0.4618591,0.43953362107276917,0.27046862,2.486535,2.0574448
7350,2.280442,-0.08605276,-0.29135373,0.42486057,0.8117387890815735,0.23883636,3.9890316,2.7890067
7351,2.235449,-0.05372178,-0.13642639,0.47302505,0.7449357509613037,0.26598433,3.4988534,2.4105756
7352,2.2314694,0.1149636,-0.1683088,0.3658103,0.6568729877471924,0.27838632,2.824221,2.7407713
7353,2.2912595,0.06040794,-0.3232808,0.4192181,0.7929857969284058,0.19720346,3.0033352,2.7143912
7354,2.3798091,-0.036185555,-0.30498174,0.44019106,0.6483266353607178,0.26449728,2.5388556,2.468775
7355,2.3193426,-0.038099863,-0.30504328,0.4667322,0.641033411026001,0.30730647,3.4608777,2.793033
7356,2.2181766,0.0015393804,-0.15243404,0.38291615,0.6465709209442139,0.2879682,3.835548,2.1998112
7357,2.325919,-0.15015206,-0.3239388,0.66604936,0.8054648637771606,0.20360424,3.5757787,2.361235
7358,2.219773,0.014511739,-0.2383659,0.4350306,0.7685158848762512,0.24354203,3.973428,2.385035
7359,2.309736,-0.13882612,-0.2536775,0.6281444,0.8034284710884094,0.24421111,3.3373275,2.5184114
7360,2.3900893,-0.094594255,-0.2896216,0.5051837,0.33641427755355835,0.29983753,2.4937878,2.1963253
7361,2.294861,0.030216947,-0.22537698,0.37891376,0.74417644739151,0.22939202,2.8824174,2.8697674
7362,2.140393,0.16065404,-0.27092376,0.5138632,0.8078051805496216,0.22829345,4.6136303,2.3458602
7363,2.2672708,0.005162676,-0.22715762,0.40726942,0.7826481461524963,0.23559798,3.060844,2.0635211
7364,2.3454983,-0.22807465,-0.25008062,0.5532687,0.8478561639785767,0.20668651,3.5064096,2.0319693
7365,2.28035,0.011486516,-0.25886086,0.43492696,0.7738226056098938,0.24151874,3.1583846,2.4092531
7366,2.28432,-0.06019472,-0.22327517,0.4747093,0.7811675071716309,0.26106375,3.3100958,2.7235427
7367,2.2864792,-0.0803524,-0.18157667,0.49672642,0.6966521143913269,0.2623627,3.1847165,2.506895
7368,2.243191,-0.010007662,-0.22240299,0.443481,0.7800303101539612,0.23988725,3.3900235,2.8282914
7369,2.266396,0.042159073,-0.21078144,0.34016615,0.8443018794059753,0.18461253,2.7312145,1.7331165
7370,2.264384,-0.049081586,-0.26215878,0.5309739,0.7318050861358643,0.24715157,3.255261,1.9925995
7371,2.2939334,-0.07035287,-0.17025857,0.5361685,0.7411623597145081,0.2144387,2.8039005,2.269896
7372,2.2594006,0.046889074,-0.22948411,0.5009722,0.8374909162521362,0.10343813,2.4801095,1.2183518
7373,2.196004,-0.10333062,-0.14925127,0.43406475,0.85,0.16677079,4.365931,1.7495273
7374,2.4609623,0.028414985,-0.35884234,0.48264498,0.6014098525047302,0.16093518,2.075239,1.8482262
7375,2.4180627,-0.14229365,-0.33478063,0.5744296,0.630638837814331,0.26848757,2.5933359,2.669223
7376,2.2624676,0.015824256,-0.3078669,0.4902277,0.7671768069267273,0.2623834,3.900892,2.6470754
7377,2.2816558,0.0127286995,-0.26137707,0.35667554,0.6703138947486877,0.28363645,3.409212,2.8683305
7378,2.1960752,0.07003358,-0.3261288,0.50323653,0.7203791737556458,0.25416157,4.769519,2.8443117
7379,2.239505,-0.109952435,-0.2703646,0.63111997,0.8128509521484375,0.23913464,4.692955,2.6273575
7380,2.3914008,-0.049971387,-0.18549502,0.5495725,0.4834880530834198,0.23645686,2.1097953,2.2287984
7381,2.3319817,-0.024110919,-0.24220654,0.6786807,0.7083067297935486,0.22092223,2.512216,2.0155892
7382,2.3654706,-0.08229025,-0.121739,0.4128036,0.30396464467048645,0.27080485,2.2366455,2.5323567
7383,2.2922854,-0.083728984,-0.3234783,0.51857215,0.715884268283844,0.2596822,3.9148693,2.7610335
7384,2.4235914,-0.05871159,-0.27873698,0.41560537,0.3190792500972748,0.31556904,2.2103295,2.555739
7385,2.2477717,-0.058491535,-0.28667128,0.51013225,0.7477648854255676,0.24983132,4.6423497,2.6509712
7386,2.1004303,0.011214043,-0.23010404,0.60413265,0.7762066721916199,0.2717661,7.7944145,2.6918015
7387,2.2304044,0.052248675,-0.30844736,0.41658655,0.7698706984519958,0.2523635,4.2840104,2.8795092
7388,2.2235353,-0.021563992,-0.23629172,0.56905234,0.8148226141929626,0.2154024,3.896839,2.2053843
7389,2.2694328,-0.056539353,-0.22289437,0.53421,0.6747139692306519,0.29361218,3.2951233,2.9002907
7390,2.2829468,-0.13037287,-0.2282479,0.52462137,0.7640370726585388,0.23661184,3.650791,2.4495254
7391,2.3623362,-0.054087188,-0.2813787,0.594018,0.647768497467041,0.25705403,2.3898356,2.460527
7392,2.4297132,-0.13140889,-0.37167117,0.45534116,0.7045887112617493,0.23542453,2.6506906,2.5344007
7393,2.3584206,-0.18386056,-0.2891588,0.5417806,0.7301281094551086,0.25113183,3.5635402,2.3753924
7394,2.402092,-0.13877149,-0.38381994,0.4857469,0.6525935530662537,0.27457222,3.406182,1.8160245
7395,2.4331396,-0.013031727,-0.29994002,0.48202485,0.5540568828582764,0.19975452,2.0927222,2.2956748
7396,2.2665217,-0.073709406,-0.23503515,0.4021518,0.8031560778617859,0.23128445,4.1310377,2.4878592
7397,2.1760604,-0.006747464,-0.15089364,0.38597864,0.8026455640792847,0.23123884,3.9786685,2.6785355
7398,2.3168783,-0.11808695,-0.26683792,0.386157,0.8106845021247864,0.20396732,3.7836144,2.53433
7399,2.3241367,-0.035548184,-0.20023684,0.47309548,0.7132483720779419,0.2489643,2.4838552,2.43376
7400,2.1884332,-0.08348186,-0.19336534,0.5121128,0.7439649105072021,0.23910035,4.768387,2.6341903
7401,2.1816983,-0.12720387,-0.22617245,0.5181598,0.7440873384475708,0.27992478,7.6750636,2.8808978
7402,2.3628807,0.07124361,-0.30437684,0.48727405,0.5033943057060242,0.28406498,2.1953936,2.7346437
7403,2.2444375,-0.03883653,-0.2877233,0.42042717,0.85,0.1869537,4.243725,2.697692
7404,2.3158264,-0.04306695,-0.26270393,0.50411385,0.6992780566215515,0.25863627,2.952689,2.6569593
7405,2.4102638,0.08672277,-0.2054394,0.5151418,0.6782224774360657,0.2199699,2.0671046,1.8660481
7406,2.3086858,-0.14150605,-0.2477151,0.56462604,0.7057954668998718,0.27370474,3.6400917,2.6993806
7407,2.223008,-0.03518981,-0.23402885,0.53383577,0.729353129863739,0.26282477,4.1808033,2.085224
7408,2.184991,0.019411268,-0.25929633,0.3754189,0.8000062704086304,0.2103616,5.445415,2.4563353
7409,2.2575877,0.016449401,-0.21257077,0.5261288,0.7392337918281555,0.22623858,3.2260337,2.2047644
7410,2.316994,0.028182898,-0.2499576,0.4095705,0.7798345685005188,0.18600008,2.6755373,1.7148681
7411,2.3706748,-0.015844427,-0.32774848,0.41207612,0.5812647938728333,0.28572375,2.8848388,2.8583512
7412,2.2440884,-0.071388125,-0.16017085,0.4387439,0.6946938633918762,0.26610368,3.6115234,2.0765138
7413,2.2356243,-0.0945032,-0.22031936,0.52652645,0.7768188714981079,0.2280488,4.5033646,2.438797
7414,2.2848117,0.011107315,-0.255809,0.48117197,0.6395764946937561,0.28662977,3.3626816,2.4900591
7415,2.1999466,-0.010789788,-0.12284146,0.44881997,0.7117347121238708,0.26700374,3.3857083,2.6905541
7416,2.219727,0.042985857,-0.18661197,0.38237324,0.7931682467460632,0.2322237,3.6444633,2.3175778
7417,2.1375663,0.10019084,-0.20722619,0.5841766,0.7878682613372803,0.22499928,4.2848654,2.6231163
7418,2.2581532,-0.006440731,-0.28693593,0.5792318,0.7823556661605835,0.23853618,3.6668055,2.1632583
7419,2.1832201,-0.10445117,-0.19928311,0.63120353,0.8116030693054199,0.22638457,4.842975,1.9173326
7420,2.2230995,-0.015820062,-0.23311636,0.4347141,0.7931295037269592,0.24173288,4.266793,2.5232856
7421,2.2937226,-0.110271856,-0.2697648,0.47472167,0.8065415024757385,0.2125749,3.7585156,2.4380405
7422,2.389795,-0.23634471,-0.46347722,0.5618659,0.7762012481689453,0.24411486,4.901887,2.782989
7423,2.4498386,-0.16993287,-0.41145495,0.33041835,0.85,0.14166078,2.3087118,1.5691061
7424,2.0891569,0.09050538,-0.040866833,0.55920017,0.7297555208206177,0.27192533,3.8789773,2.5950425
7425,2.2747824,0.0054647755,-0.22152312,0.36179405,0.6877172589302063,0.27087164,3.1143427,2.607583
7426,2.2333157,0.026948111,-0.20970805,0.42995897,0.788745641708374,0.23526004,3.607876,2.4752522
7427,2.254835,-0.015866742,-0.14698221,0.44244877,0.7758153080940247,0.19890681,2.3987384,1.5472932
7428,2.3167212,-0.11799441,-0.14066036,0.54566294,0.5849944353103638,0.29163486,2.8861227,2.791839
7429,2.2655032,-0.11389248,-0.25261277,0.4968042,0.7997949719429016,0.23346455,4.1089873,2.6030054
7430,2.361502,-0.025826445,-0.24484344,0.44789854,0.20923857390880585,0.28958097,2.405146,2.2387824
7431,2.1565273,0.039417904,-0.17420752,0.41390508,0.7385692000389099,0.26720995,5.1155987,2.9063187
7432,2.267193,-0.014201399,-0.3144285,0.49563214,0.7621220350265503,0.22378337,3.7601004,2.7748022
7433,2.404157,-0.13611199,-0.3007759,0.47314978,0.5513933897018433,0.3187651,2.5731323,1.8655264
7434,2.3962839,-0.040117577,-0.30831075,0.5587956,0.6049836874008179,0.2006437,2.1085808,1.7271415
7435,2.261724,0.07877479,-0.26860353,0.3233891,0.6963105201721191,0.27208322,3.3893716,2.691168
7436,2.393585,-0.11782643,-0.37545523,0.5918745,0.7121014595031738,0.27299312,2.7442746,2.5696843
7437,2.4466674,-0.14892222,-0.3022154,0.632698,0.5936749577522278,0.24287978,2.2343655,2.1273427
7438,2.3807533,-0.10860428,-0.29527757,0.5038709,0.8001165390014648,0.19133061,2.6937017,2.66831
7439,2.2584066,-0.07170529,-0.28207967,0.5471964,0.6447252035140991,0.2974077,4.346905,2.662808
7440,2.4188933,-0.103044905,-0.2843837,0.45951086,0.6930102109909058,0.18685934,2.3039744,1.583712
7441,2.1634579,-0.009853961,-0.24991988,0.44467288,0.85,0.18730348,5.3344855,1.4139796
7442,2.3046885,-0.056619663,-0.26809666,0.28964022,0.7434035539627075,0.26385486,3.8563232,2.7736216
7443,2.3147533,-0.12898806,-0.2735202,0.534081,0.6861940026283264,0.27366444,3.6533573,2.425455
7444,2.2660677,-0.003006541,-0.20196082,0.43439043,0.7435460686683655,0.24747467,3.0667171,2.299652
7445,2.17129,-0.013377869,-0.09086651,0.46309727,0.7583669424057007,0.24957314,4.1188483,2.613439
7446,2.2349946,-0.06710249,-0.18088119,0.35875183,0.7634201049804688,0.2450927,3.979251,2.6426356
7447,2.2326283,-0.012407754,-0.24771959,0.42951033,0.8342778086662292,0.22914723,3.9629002,2.3468103
7448,2.320397,-0.03263994,-0.25836965,0.34481955,0.744596540927887,0.23537752,2.913352,1.7584611
7449,2.2946074,0.04496265,-0.2240075,0.35265478,0.7053946256637573,0.25481224,3.0001318,1.9974836
7450,2.4701476,-0.14639837,-0.38354665,0.47462067,0.5427206754684448,0.2364414,2.4934778,2.1062315
7451,2.3747358,0.050539557,-0.35220218,0.4568154,0.45824122428894043,0.28620964,2.3406153,2.4851692
7452,2.2347252,-0.036943477,-0.1891126,0.47630423,0.6756433844566345,0.26567286,3.5269876,2.8606188
7453,2.2779145,0.042975403,-0.25825328,0.5861947,0.7867034077644348,0.2409115,2.8123126,2.449365
7454,2.3266892,0.008782051,-0.2643108,0.5021357,0.7171543836593628,0.18674769,2.6785328,1.5704689
7455,2.2567177,-0.010333165,-0.25272295,0.4111587,0.6229838728904724,0.28647128,3.6976147,2.3917265
7456,2.3892567,-0.03056332,-0.34549916,0.47982097,0.7209179997444153,0.19340113,2.3963675,1.5343691
7457,2.369338,0.023174115,-0.35210234,0.51731884,0.4494261145591736,0.2701191,2.4323897,1.6613524
7458,2.388357,-0.064557716,-0.29673412,0.5021892,0.6066635251045227,0.22578783,2.159986,1.5569242
7459,2.387015,-0.0052528195,-0.23048131,0.42947716,0.4413786232471466,0.27048698,2.231529,2.51288
7460,2.2515075,-0.13183771,-0.23469403,0.67506623,0.761987030506134,0.2517968,3.8856034,2.6100476
7461,2.2265053,0.004722114,-0.21583997,0.41762367,0.85,0.15045069,3.867602,2.0633435
7462,2.341096,-0.022491913,-0.29708982,0.466551,0.6278336644172668,0.27606887,2.963218,2.6037989
7463,2.3913026,-0.11333193,-0.24739045,0.5624202,0.6189196705818176,0.20491624,2.242113,1.7548603
7464,2.270948,-0.002332846,-0.22407596,0.43165576,0.6146940588951111,0.319986,3.398246,2.702692
7465,2.2881896,-0.06617138,-0.22403151,0.4365032,0.6851176619529724,0.2564588,3.6517296,2.8124712
7466,2.2862413,-0.06159214,-0.20856549,0.46673232,0.6062412261962891,0.28344727,3.009047,2.5211835
7467,2.308233,-0.024644295,-0.23366061,0.3952739,0.6654680967330933,0.2627538,2.943481,2.4981692
7468,2.1506417,-0.06703213,-0.14181866,0.46017238,0.775589644908905,0.2601445,6.028174,1.9342458
7469,2.2384026,-0.16427915,-0.21352997,0.46783623,0.7521632313728333,0.26344895,5.147501,2.4366941
7470,2.3674355,-0.089519665,-0.30321798,0.43686417,0.7174265384674072,0.25491107,2.9673753,2.6103063
7471,2.1778772,-0.033935104,-0.17807473,0.37443504,0.85,0.16030595,4.186961,2.4227538
7472,2.4219415,-0.11201402,-0.31987655,0.52138466,0.42115986347198486,0.17679857,2.3513608,1.5352153
7473,2.2239623,-0.06787336,-0.20027341,0.41734323,0.7741274833679199,0.22893481,4.5051384,2.6520967
7474,2.3014514,-0.09042571,-0.23070952,0.38095355,0.8031180500984192,0.24085471,3.5465143,2.4174848
7475,2.2878802,0.08013499,-0.16712102,0.4024947,0.776424765586853,0.17261907,2.0296896,2.5733883
7476,2.338004,-0.050946165,-0.22400962,0.3832391,0.598567545413971,0.28565222,3.0759234,2.3173287
7477,2.2195833,-0.05268877,-0.22032063,0.44600716,0.7569578289985657,0.24913357,4.3374133,2.566288
7478,2.2065084,0.036116596,-0.09451535,0.3638748,0.7613316178321838,0.24274147,3.1039982,1.8662201
7479,2.2496989,-0.06761769,-0.25552043,0.40662694,0.8438413143157959,0.18711245,4.6714783,2.1930854
7480,2.3022776,0.03175485,-0.25479272,0.48799953,0.8307953476905823,0.1440318,2.3744776,1.4045682
7481,2.3285027,-0.01996488,-0.27165,0.4866781,0.44918176531791687,0.30742598,3.031179,1.9824177
7482,2.099987,0.10779161,-0.14036645,0.48830134,0.7818068861961365,0.21881124,4.8610187,2.5912318
7483,2.1545753,-0.038538437,-0.2259019,0.40798897,0.8373445272445679,0.2505003,6.6749635,2.4912217
7484,2.2942786,0.023794698,-0.2984424,0.5298123,0.7327491641044617,0.25168303,3.058115,2.2804115
7485,2.1681035,-0.024593053,-0.16936578,0.38805777,0.8147082328796387,0.19774228,4.573535,2.7421484
7486,2.1422038,-0.037848335,-0.19330323,0.46852827,0.8274804949760437,0.24299696,6.485573,2.8184035
7487,2.3909297,-0.12950039,-0.32009122,0.49571306,0.639949381351471,0.29706782,3.0797079,2.5049093
7488,2.2270873,-0.015639385,-0.12085894,0.47519177,0.85,0.14149262,3.12972,1.892998
7489,2.135421,-0.051106293,-0.11698172,0.48638636,0.6692469120025635,0.2808353,6.0323815,2.8576074
7490,2.2586527,0.10201145,-0.25534475,0.31481302,0.7757471203804016,0.22663864,2.971223,2.6052315
7491,2.2532644,-0.026462955,-0.31573144,0.46998352,0.7922939658164978,0.23983802,4.140516,2.8222244
7492,2.2426112,-0.057524014,-0.3187704,0.45656,0.7757378220558167,0.22363985,4.545891,2.5548131
7493,2.30483,-0.001448764,-0.24873668,0.404406,0.8211167454719543,0.17411791,2.6111784,2.0121984
7494,2.2684314,-0.016479984,-0.25838995,0.48975104,0.7325292825698853,0.21830681,3.363874,1.8631527
7495,2.2399008,-0.037637293,-0.2593764,0.42982724,0.8131563663482666,0.22636896,4.1839557,2.6670163
7496,2.2497842,-0.101041935,-0.19468452,0.49840078,0.8363782167434692,0.21133271,3.585362,2.5769708
7497,2.2746308,-0.05953186,-0.20695794,0.40112436,0.8489382266998291,0.1678426,3.1980538,2.4400885
7498,2.2632892,0.055916447,-0.18742692,0.44113883,0.7072370648384094,0.238848,2.7107446,2.490719
7499,2.48029,-0.023014273,-0.41299224,0.5481711,0.376209557056427,0.2484895,2.1508703,2.0133657
7500,2.2704763,-0.035864558,-0.33881378,0.41548577,0.772575855255127,0.2156177,4.331935,2.2216897
7501,2.2634487,-0.037319995,-0.24844295,0.50916517,0.8421498537063599,0.18312661,3.1579928,2.1523523
7502,2.32716,-0.0429855,-0.2867258,0.49140078,0.7636935710906982,0.25929543,2.9451065,2.5727053
7503,2.2145495,0.0036975048,-0.33157945,0.42807975,0.7234111428260803,0.26162493,5.621628,2.8390718
7504,2.299282,0.085308805,-0.22607768,0.48345774,0.5556056499481201,0.22788383,2.5064068,2.394635
7505,2.313705,-0.18208697,-0.35282695,0.5657774,0.7546287775039673,0.2482451,4.683612,2.491865
7506,2.2553074,0.03220069,-0.2504255,0.34553683,0.7327228784561157,0.24585769,3.6975408,2.3059916
7507,2.2171795,-0.015135356,-0.24595933,0.47733817,0.6871554851531982,0.28379855,4.5771046,2.7178946
7508,2.2501352,-0.100527085,-0.28138804,0.39520943,0.7061747908592224,0.26473448,5.520422,2.9152706
7509,2.260644,0.012023801,-0.24452795,0.3862193,0.7939233779907227,0.22031437,2.9204288,1.7999017
7510,2.2510488,0.049072612,-0.33266318,0.3215308,0.6593679785728455,0.26097155,4.439949,2.4549036
7511,2.3425107,-0.05423426,-0.31346378,0.4312568,0.832489550113678,0.14832452,2.6570632,2.006073
7512,2.4035504,0.008513373,-0.3157805,0.3601594,0.6236934065818787,0.20102097,2.112585,1.849987
7513,2.2293825,0.014802577,-0.21346876,0.46716034,0.6829718947410583,0.27318114,3.6002233,2.6455564
7514,2.2777681,-0.10012085,-0.2631788,0.3807828,0.8439174890518188,0.21359813,3.9402144,2.3829439
7515,2.202224,0.015032389,-0.14431989,0.40234566,0.6968790292739868,0.26429796,3.570867,2.3414195
7516,2.217368,0.0062489808,-0.062804274,0.5337687,0.6458458304405212,0.2932499,2.7122476,2.0624511
7517,2.2108378,0.092468426,-0.21815531,0.36540857,0.7925877571105957,0.2284499,3.6541753,2.527444
7518,2.1058059,-0.05156258,-0.2700161,0.39941671,0.8216202855110168,0.27302673,12.212424,1.1292176
7519,2.1360817,-0.064662784,-0.18480937,0.44399917,0.7918533086776733,0.27041948,8.26642,2.6498652
7520,2.3209069,0.048278693,-0.40542328,0.48839852,0.7725703716278076,0.22447494,2.9421473,1.761017
7521,2.250229,-0.043412533,-0.23396349,0.48785326,0.7538027763366699,0.23877782,3.9581313,2.3181856
7522,2.112737,-0.041738696,-0.12967727,0.31238964,0.7482595443725586,0.30130348,9.477266,1.9514605
7523,2.224926,-0.03563349,-0.23607455,0.47349116,0.7015985250473022,0.26195312,4.316508,2.7694523
7524,2.3900676,-0.009028463,-0.27446592,0.49236053,0.5552051067352295,0.22798117,2.2346437,1.8375849
7525,2.442934,-0.0920395,-0.33863378,0.41332892,0.6408326029777527,0.24816497,2.4887795,2.2426076
7526,2.2635162,-0.16344392,-0.23163544,0.50545144,0.7784059047698975,0.2426012,4.475251,2.6256368
7527,2.1463292,-0.020769795,-0.2906417,0.58965766,0.6906620264053345,0.2940633,8.822951,2.4764464
7528,2.3785765,-0.1020316,-0.3323656,0.43284926,0.6644037961959839,0.26534534,3.2379205,2.0872362
7529,2.1947541,-0.015619179,-0.24198388,0.5562976,0.7492662668228149,0.23354028,5.0837607,2.2343843
7530,2.3289323,-0.038765233,-0.22095798,0.56338716,0.6997389197349548,0.26042727,2.585521,2.3861692
7531,2.2459083,0.0054034987,-0.11862308,0.4536022,0.7341206073760986,0.23661615,2.8324664,2.2174542
7532,2.2786279,-0.05508853,-0.30142158,0.4240757,0.8496822118759155,0.19265264,3.8394265,2.3877387
7533,2.3869781,-0.052255172,-0.34058684,0.45023143,0.8317073583602905,0.18076761,2.55384,1.5454828
7534,2.4049766,-0.20960306,-0.30982465,0.4795237,0.7251361012458801,0.25314486,3.2039325,2.4697347
7535,2.2476194,-0.025789505,-0.20721391,0.47082654,0.693244218826294,0.25486514,3.35928,2.6449234
7536,2.1839654,0.025148017,-0.17243709,0.4474013,0.7992408871650696,0.1947773,3.9036603,1.9272774
7537,2.269626,-0.10496028,-0.2733911,0.537267,0.6969261169433594,0.28647074,4.2370462,2.7266393
7538,2.3654776,0.04355592,-0.25645816,0.4723804,0.39889785647392273,0.2511326,2.2409883,1.9114126
7539,2.2021284,0.019701757,-0.24326837,0.5180224,0.7236912250518799,0.2782025,4.1271825,2.5395718
7540,2.186153,-0.036425058,-0.22943254,0.4650488,0.8169732093811035,0.2241237,4.470609,2.594891
7541,2.2138188,-0.020160774,-0.22663297,0.4542147,0.6715615391731262,0.2835131,4.5403447,2.7464519
7542,2.2894802,0.034633353,-0.28328624,0.46270165,0.7725266814231873,0.20397067,2.6791003,2.47606
7543,2.1561956,-0.0155436825,-0.18202375,0.4605206,0.845312237739563,0.2053294,5.03416,2.6151779
7544,2.2768626,0.00019017584,-0.24448422,0.5129551,0.7819058299064636,0.20937908,2.9404027,1.9023374
7545,2.344875,-0.0015862214,-0.18648791,0.5592895,0.34320372343063354,0.2883819,2.2143755,2.674782
7546,2.4093542,-0.07155815,-0.31476226,0.5621697,0.6158431768417358,0.23941036,2.3893366,2.3739607
7547,2.2249486,0.0261358,-0.2444531,0.5369138,0.7918174862861633,0.22890204,3.8904433,2.68339
7548,2.2925346,-0.0150559805,-0.29452568,0.48269692,0.8275107741355896,0.21373384,3.2237165,2.2408054
7549,2.1836433,0.017048005,-0.1759818,0.5007781,0.7578558921813965,0.2573837,3.9114735,2.8618045
7550,2.3544695,-0.12037825,-0.18762128,0.35529867,0.8025438785552979,0.1954382,2.7169743,2.2202153
7551,2.5484173,-0.14484563,-0.28692487,0.51770514,0.5016740560531616,0.09813591,2.0573657,1.3825345
7552,2.4424703,-0.048136972,-0.37602004,0.5172939,0.26255351305007935,0.28997016,2.1801867,2.4676774
7553,2.3206308,-0.08886538,-0.27115536,0.5314909,0.7974563241004944,0.21635859,2.9174054,2.034955
7554,2.4351027,-0.1674439,-0.3500768,0.4567352,0.7466980814933777,0.23786072,2.8103323,1.6439471
7555,2.2604687,-0.0068009817,-0.15669663,0.53764576,0.809259295463562,0.19505642,2.6576521,1.6912416
7556,2.2241802,0.1298213,-0.27572173,0.44794387,0.6996666193008423,0.2752414,3.4367223,2.6034489
7557,2.2354271,-0.033453535,-0.16980101,0.44545388,0.6812232732772827,0.28596845,3.68968,2.902852
7558,2.2516499,-0.029884098,-0.17969222,0.4935986,0.7303228378295898,0.2693712,3.507123,2.8277044
7559,2.3593845,-0.02792129,-0.21401493,0.43401438,0.47702983021736145,0.18642253,2.275435,1.5878761
7560,2.174161,-0.07116254,-0.30124322,0.33170912,0.766137421131134,0.31164518,11.995236,2.3233674
7561,2.2671328,-0.06319689,-0.20084962,0.58908063,0.85,0.1674875,2.9827392,2.2226076
7562,2.2902274,-0.1028062,-0.31244287,0.48977578,0.85,0.18899226,4.1695952,1.8357297
7563,2.3259814,-0.20106997,-0.24035183,0.6268859,0.6806848645210266,0.29350147,3.6967103,2.460879
7564,2.3300502,0.042631883,-0.2130405,0.5030507,0.5034540295600891,0.23541635,2.1531425,1.8829991
7565,2.2974024,-0.11341525,-0.20194995,0.48203817,0.8462164998054504,0.18495572,3.0037987,2.0029604
7566,2.2228394,0.0496278,-0.1633562,0.4726313,0.7633076310157776,0.25352407,3.2786434,2.5138123
7567,2.164345,-0.053908933,-0.17559524,0.52446973,0.7718846797943115,0.24503984,5.7386045,2.693838
7568,2.2911608,-0.08144034,-0.19059613,0.486755,0.7824138402938843,0.21968427,2.9340196,2.1433465
7569,2.4416263,-0.1283219,-0.29756123,0.6246789,0.719948410987854,0.18518217,2.231998,2.0778694
7570,2.2219303,-0.07928418,-0.3802137,0.5340701,0.7947569489479065,0.25981003,7.9454803,2.4944825
7571,2.3638735,0.0010898456,-0.21654743,0.5176151,0.3677561581134796,0.19841006,2.1137764,1.8207569
7572,2.2902632,-0.08518949,-0.2720659,0.4995829,0.7775440812110901,0.22699843,3.1903958,2.2616396
7573,2.3267438,-0.1789468,-0.3197295,0.44901145,0.7639868259429932,0.25040147,4.696034,2.535341
7574,2.3408895,-0.13365723,-0.23732774,0.53576547,0.7315175533294678,0.25206947,2.9774997,2.7050245
7575,2.1542935,0.080015406,-0.24388373,0.60298264,0.6566072702407837,0.316324,4.9427457,2.876412
7576,2.1969974,-0.062616475,-0.09876884,0.5227236,0.7137848138809204,0.286397,4.1385345,2.8615115
7577,2.2975705,-0.0035487933,-0.2603001,0.49957496,0.7426193356513977,0.23587696,2.904454,2.4783652
7578,2.256949,-0.0031282154,-0.25159085,0.49329436,0.8126150369644165,0.20569246,3.1401715,2.5209665
7579,2.1418688,0.046682555,-0.12164815,0.4654255,0.7841809391975403,0.22690594,3.903659,1.7085437
7580,2.2100224,-0.0023421259,-0.12933704,0.5302732,0.7493996024131775,0.24851547,3.4874113,2.4097443
7581,2.3882995,-0.070744514,-0.27722883,0.45367837,0.7052156925201416,0.19614549,2.2636335,1.6690762
7582,2.3733249,-0.10322979,-0.2681638,0.30598447,0.7156416177749634,0.27034903,3.1574705,2.3605838
7583,2.2765486,-0.08974438,-0.258071,0.5822114,0.788765013217926,0.23888463,3.5741863,2.6954854
7584,2.1887932,0.050250266,-0.20117854,0.4696849,0.7343454957008362,0.25672853,4.097541,2.4910467
7585,2.1702545,-0.06550038,-0.23167755,0.6238787,0.6996256113052368,0.27701706,5.6931653,2.5407972
7586,2.3544023,0.01999131,-0.23930886,0.39962208,0.5858889818191528,0.21494274,2.299374,1.829933
7587,2.4669006,-0.095747225,-0.33390588,0.50632393,0.691272497177124,0.20167682,2.1052434,2.1240876
7588,2.212694,-0.06774164,-0.30576232,0.68247265,0.732682466506958,0.27393016,5.114326,2.6507075
7589,2.228555,-0.0020592986,-0.16888267,0.45328632,0.7735863327980042,0.23565437,3.2922134,2.6746702
7590,2.205936,-0.01809792,-0.15097716,0.3812196,0.8320244550704956,0.21127908,3.74678,1.8989061
7591,2.2556016,0.019216496,-0.23806193,0.36268365,0.781701922416687,0.25407892,3.5227644,2.7525933
7592,2.2187476,7.941441e-05,-0.20601662,0.48145384,0.85,0.1672254,3.381817,1.6262925
7593,2.3519542,-0.089981824,-0.29048574,0.4381168,0.6747311353683472,0.25284776,3.275744,2.530313
7594,2.1748984,-0.0026698608,-0.19705611,0.35651225,0.7907477021217346,0.22267771,4.6806,2.120349
7595,2.2973971,-0.015583273,-0.30101562,0.531299,0.6858336925506592,0.2973508,3.2282574,2.8643937
7596,2.2428858,-0.012020905,-0.28257155,0.4898583,0.7315281629562378,0.25028718,4.0970674,2.851235
7597,2.320928,0.029096844,-0.28843495,0.47879326,0.5962588787078857,0.28991184,2.6898243,2.1223884
7598,2.2311988,-0.087165534,-0.2805729,0.50170535,0.7822651863098145,0.2435014,5.1923537,2.426717
7599,2.2694774,0.010751879,-0.20466052,0.35582528,0.6514951586723328,0.25830206,3.2977405,2.1716282
7600,2.4124777,-0.07257099,-0.28048012,0.39992607,0.27544793486595154,0.22351505,2.2758617,1.7554961
7601,2.3295107,-0.12571727,-0.21753123,0.5073943,0.6872592568397522,0.27842855,3.2144177,2.5511935
7602,2.3207498,-0.08417834,-0.30546024,0.44279256,0.7977197170257568,0.21025062,3.2502027,1.7773179
7603,2.1046348,0.09512134,-0.24274185,0.4249906,0.7828232645988464,0.24736264,6.709134,2.2504501
7604,2.130439,0.114557065,-0.14313278,0.36404693,0.8413022756576538,0.21695198,4.152519,2.389484
7605,2.259999,-0.026804952,-0.31138298,0.6187597,0.7494904398918152,0.27142245,4.0012817,2.8960295
7606,2.171088,-0.03051731,-0.17510806,0.48829675,0.6913700699806213,0.26790917,5.184295,2.420481
7607,2.4769547,-0.13786307,-0.2574102,0.47379637,0.2631453275680542,0.29923138,2.091376,2.6190236
7608,2.2199628,0.02179933,-0.23279566,0.54045665,0.85,0.16450247,3.4881363,1.6650543
7609,2.4139445,-0.008950914,-0.24300173,0.38070807,0.5073838233947754,0.21778409,2.1115196,1.8295263
7610,2.4196463,-0.07553274,-0.3364859,0.47695842,0.7166926860809326,0.22343475,2.4462876,2.2338495
7611,2.2354734,-0.03606432,-0.15498084,0.4224205,0.8057272434234619,0.21791154,3.705407,1.8485391
7612,2.3646917,-0.0286021,-0.24901085,0.4592508,0.5299785137176514,0.2519464,2.3625343,2.1158044
7613,2.393467,-0.08336777,-0.30409753,0.5209038,0.5531502366065979,0.23998237,2.562692,1.8916899
7614,2.181469,-0.017330322,-0.20216648,0.3081639,0.7571180462837219,0.25469095,5.8393083,2.6413412
7615,2.0854616,0.0706517,-0.20500606,0.41783616,0.7533721327781677,0.28327963,8.767544,2.5163448
7616,2.296169,-0.13461258,-0.21698625,0.5779184,0.8096871972084045,0.20377359,3.3934412,2.422491
7617,2.265222,-0.052021626,-0.24020389,0.5056235,0.8071001768112183,0.22173308,3.3444812,2.0730186
7618,2.306401,0.008017299,-0.15918651,0.58828604,0.44725722074508667,0.26042148,2.1782594,1.9760554
7619,2.2760212,-0.06647716,-0.20459893,0.46294215,0.7546981573104858,0.2324253,3.3018649,2.454615
7620,2.250287,-0.0056166984,-0.24264123,0.30671254,0.85,0.18749867,4.0597887,2.0610185
7621,2.232101,-0.032798134,-0.27549884,0.38427424,0.840424120426178,0.187946,4.9847164,2.5089822
7622,2.234564,0.12446507,-0.27981815,0.5330472,0.8032000064849854,0.19790098,2.920552,1.3859562
7623,2.2221384,0.050716463,-0.2109695,0.36401138,0.7481661438941956,0.24915361,3.6898625,2.725527
7624,2.2950943,-0.14943437,-0.3096615,0.54050106,0.85,0.1616374,3.7919872,2.3741786
7625,2.2382739,-0.03795937,-0.20967774,0.48126662,0.7777712941169739,0.19606745,3.487789,1.5216169
7626,2.2267122,-0.10388593,-0.17895053,0.6144191,0.7616029977798462,0.2462315,3.27061,2.7138774
7627,2.4613945,-0.12714536,-0.33247867,0.58769774,0.31406572461128235,0.24945538,2.1509821,2.4186149
7628,2.3167553,-0.03329933,-0.27306896,0.47945875,0.7845604419708252,0.23899448,3.1090603,2.7652788
7629,2.1904306,-0.12117768,-0.22245784,0.51584214,0.7541971206665039,0.26027885,6.1109314,2.377029
7630,2.2254438,-0.11105824,-0.19184062,0.4463977,0.7468815445899963,0.2548229,4.5621457,2.16618
7631,2.2336345,0.172206,-0.21901132,0.37033024,0.7385173439979553,0.2478392,2.9007573,2.251884
7632,2.2964225,0.03186751,-0.19833872,0.4557981,0.7571477890014648,0.20884754,2.1605096,2.09439
7633,2.3335052,0.027256392,-0.27150312,0.5277582,0.6331808567047119,0.23552665,2.498067,1.9259006
7634,2.3640628,-0.00918561,-0.19762684,0.54697865,0.49280059337615967,0.19013034,2.0673046,1.6418092
7635,2.3324313,-0.051137686,-0.31460246,0.5711836,0.7726357579231262,0.21976061,3.048125,2.3399403
7636,2.2684135,-0.029201996,-0.3111387,0.49167323,0.7993839383125305,0.2238267,4.0966406,1.8620518
7637,2.255653,0.026919251,-0.21192786,0.38572884,0.7645725607872009,0.22612716,3.369642,2.4103363
7638,2.303787,-0.03882935,-0.21598421,0.5244582,0.6473076939582825,0.2750449,2.7198896,2.371197
7639,2.2322218,0.082742155,-0.18266441,0.40407866,0.8025006055831909,0.21176723,3.0344002,2.5256696
7640,2.3525531,-0.026239682,-0.17336355,0.43308213,0.5910917520523071,0.2444945,2.341234,2.5280404
7641,2.2530394,-0.09750124,-0.2364631,0.5940643,0.7503625750541687,0.23308286,3.9860704,2.1723995
7642,2.3073022,0.04923918,-0.2516567,0.5036597,0.6250986456871033,0.2507477,2.544992,2.2822235
7643,2.2997954,-0.056841142,-0.22312693,0.574241,0.7224528193473816,0.25708187,2.7297025,2.88988
7644,2.246224,0.07343275,-0.088595085,0.48282146,0.6244654059410095,0.21466918,2.3584774,2.1685002
7645,2.1982844,-0.07227418,-0.17601949,0.4021596,0.8306347727775574,0.19077758,4.5221505,1.9243236
7646,2.4697933,-0.18031879,-0.26685792,0.5420738,0.6815296411514282,0.21181853,2.1312487,1.7153648
7647,2.2344232,-0.017841063,-0.17244743,0.4229811,0.7325387001037598,0.25992033,3.796886,2.6615765
7648,2.42547,-0.094885,-0.31974155,0.49010402,0.4454328417778015,0.2202396,2.4521718,1.5070425
7649,2.1919878,0.059210524,-0.2976746,0.54683286,0.7849697470664978,0.24501489,4.412239,2.7015011
7650,2.238683,-0.047656257,-0.16157147,0.5009924,0.744113028049469,0.2329501,3.3154154,1.8512757
7651,2.2160163,-0.06847266,-0.25894842,0.5007481,0.8168936967849731,0.2145112,4.873964,2.457591
7652,2.1961017,0.011748174,-0.2818867,0.53687894,0.816752552986145,0.21464057,4.8076305,1.7011397
7653,2.1269133,-0.003998398,-0.19962321,0.5405021,0.7784069180488586,0.25157437,6.7624497,2.3447862
7654,2.1679142,-0.04666091,-0.15285546,0.50697744,0.7689400911331177,0.24451683,5.03296,2.4477181
7655,2.2020018,-0.017523823,-0.269954,0.4665898,0.8143307566642761,0.22364375,5.267979,2.5107787
7656,2.3042252,0.059624907,-0.3273664,0.4625546,0.7519525289535522,0.22815908,2.8611002,2.0982687
7657,2.1849487,0.08292473,-0.30654177,0.4252875,0.7823036313056946,0.24349432,4.73417,2.4123333
7658,2.307554,-0.1280942,-0.29311597,0.6746251,0.85,0.15700474,2.9853196,2.060794
7659,2.3934433,0.027203936,-0.20617038,0.5203436,0.17826621234416962,0.25221133,2.074655,2.1559525
7660,2.3835618,-0.03777728,-0.19954742,0.36700246,0.3115125298500061,0.21883869,2.1748092,1.5302818
7661,2.295615,-0.0100586815,-0.26477432,0.40268108,0.7156121134757996,0.25013146,3.298946,2.6429024
7662,2.3650746,0.017224438,-0.31160873,0.5140625,0.5483708381652832,0.23887913,2.3515255,2.0954022
7663,2.3971055,0.035754405,-0.28385556,0.51925546,0.23260308802127838,0.351037,2.3142242,2.757204
7664,2.3372092,-0.019460201,-0.24841234,0.60155743,0.6853137016296387,0.20765792,2.4187572,2.0218515
7665,2.3334684,-0.13674834,-0.32644513,0.5689749,0.7448262572288513,0.2414312,3.214776,2.16911
7666,2.2132123,-0.05155656,-0.24842784,0.47947624,0.7481485605239868,0.2525897,5.3074656,2.643397
7667,2.3763847,-0.101346366,-0.25681648,0.42478448,0.5947632789611816,0.28413156,2.8634682,2.3930717
7668,2.3144505,-0.11068357,-0.28346398,0.49538076,0.7657198309898376,0.24721442,3.7358305,2.0896792
7669,2.3203168,0.002033641,-0.20129462,0.6258223,0.5913099050521851,0.23607,2.2931044,2.0253994
7670,2.1763196,0.08127994,-0.14209051,0.42322263,0.7573699951171875,0.23808235,3.700708,2.3426735
7671,2.2853045,-0.022053828,-0.24542344,0.57083815,0.7278498411178589,0.27349126,2.706457,2.4414723
7672,2.2857137,-0.12563907,-0.24232869,0.45126313,0.7151363492012024,0.24965075,4.152247,2.2419302
7673,2.3875554,-0.10692666,-0.21719399,0.39588445,0.5731872916221619,0.26863888,2.5485935,2.319444
7674,2.342169,0.051973887,-0.22658257,0.35032642,0.724743127822876,0.20316327,2.0592,2.1139903
7675,2.289762,-0.0030579097,-0.23197246,0.47454393,0.8412222266197205,0.18422002,2.969494,2.2731113
7676,2.3902514,-0.11074737,-0.20070963,0.5933881,0.46643194556236267,0.25714988,2.1404626,2.5741467
7677,2.2583113,-0.12292131,-0.20461074,0.5017095,0.7955163717269897,0.2141766,3.7262948,2.4065218
7678,2.2333565,-0.04034933,-0.24666123,0.4697501,0.6748062372207642,0.27892828,4.4935927,2.562256
7679,2.2694588,0.04693419,-0.30334994,0.53480476,0.6789134740829468,0.27642104,3.267981,2.8047187
7680,2.169868,0.046151858,-0.10114644,0.37587988,0.7451109886169434,0.27280244,3.8627543,2.685686
7681,2.3083975,-0.0045669833,-0.21645993,0.39609182,0.6665210127830505,0.27286994,2.7658818,2.091089
7682,2.2008295,-0.005974339,-0.25290242,0.5573953,0.7320490479469299,0.25220904,4.2780128,2.4607406
7683,2.3447497,0.028193504,-0.28676304,0.41644096,0.6981110572814941,0.23772518,2.4365954,2.5737355
7684,2.3651798,-0.017933056,-0.32190397,0.45299432,0.7806257009506226,0.17683618,2.6238198,2.0168805
7685,2.2574394,0.04926215,-0.23965839,0.5287632,0.7469151616096497,0.25051418,2.7382636,2.4824388
7686,2.29423,-0.10290134,-0.28680244,0.41002086,0.6374582052230835,0.26617002,4.162601,2.9346259
7687,2.1944318,-0.0045085815,-0.11006673,0.41574442,0.85,0.17579804,3.1538172,1.5374582
7688,2.3465793,-0.025990898,-0.2569925,0.3815368,0.7977361083030701,0.19878027,2.5456572,2.4544592
7689,2.3421998,0.0005751126,-0.29629898,0.48205176,0.48225143551826477,0.32697266,2.771253,2.8174279
7690,2.2455413,0.0035938045,-0.21766262,0.4411223,0.6860479712486267,0.2796686,3.2341392,2.860721
7691,2.4110503,-0.047268648,-0.348319,0.4785414,0.41326698660850525,0.31843308,2.6081533,2.4905572
7692,2.3532941,-0.12876157,-0.30383074,0.53210837,0.7180129289627075,0.26165643,3.0769148,2.6392527
7693,2.192793,-0.109489076,-0.16217904,0.6660481,0.8167203068733215,0.2334092,4.3669147,2.72852
7694,2.3494513,-0.09567568,-0.28066266,0.5772949,0.7087100744247437,0.23696592,2.9468973,2.250344
7695,2.1854467,-0.03910656,-0.11035685,0.45988032,0.7040510177612305,0.28661036,4.18379,2.7167776
7696,2.1889672,0.000803934,-0.29257172,0.42742118,0.6821986436843872,0.30031565,6.6902328,2.8662038
7697,2.2106328,-0.032378197,-0.27563143,0.5569081,0.7669863700866699,0.2596165,4.9108167,2.74548
7698,2.1849926,-0.15778486,-0.24882907,0.65858763,0.8081632256507874,0.24463685,7.9770517,2.8264039
7699,2.2661376,-0.09941732,-0.35524607,0.6420162,0.6931617259979248,0.27254844,4.7457438,2.9099214
7700,2.2215543,-0.049289167,-0.29298168,0.5075584,0.7401050329208374,0.25371337,5.2881308,2.8405437
7701,2.2102141,-0.155938,-0.14870416,0.591645,0.7550970315933228,0.2636859,4.889002,2.135537
7702,2.2581017,0.008692877,-0.21703064,0.40519154,0.673655092716217,0.27154744,3.607366,2.6279635
7703,2.3742414,-0.15582816,-0.29206708,0.61720395,0.8398635983467102,0.15318418,2.6927943,1.6455519
7704,2.3598049,0.01478297,-0.25811306,0.43189538,0.558047890663147,0.20500816,2.4657822,1.4430428
7705,2.5161638,-0.04584795,-0.39803666,0.39480096,0.3469952344894409,0.16555521,2.0144403,1.5948282
7706,2.3985262,-0.082827635,-0.3155078,0.4921891,0.48248744010925293,0.25418186,2.4339585,1.9645875
7707,2.3519547,-0.010834458,-0.30579537,0.55034554,0.6381788849830627,0.22176704,2.4942605,2.1810117
7708,2.1576777,-0.0283501,-0.16733967,0.42035317,0.7334294319152832,0.2400408,5.431153,2.6715264
7709,2.2806785,-0.07530817,-0.22265111,0.48891467,0.7058406472206116,0.26943496,3.5852091,2.6705143
7710,2.2465463,-0.06503876,-0.23000674,0.59614414,0.7182050347328186,0.27918336,4.0501795,2.6734338
7711,2.183046,-0.04158954,-0.2092014,0.43622935,0.799146294593811,0.21318656,5.193474,1.9392418
7712,2.1365392,0.09627097,-0.14690591,0.5538941,0.7576810717582703,0.24651979,3.8596382,2.2572656
7713,2.2052166,0.05045108,-0.24483357,0.61896247,0.679450511932373,0.3091919,3.7245448,2.434386
7714,2.2670772,0.014607987,-0.33940005,0.48967922,0.6895387172698975,0.24889998,3.6932077,2.7040234
7715,2.3730185,-0.17197777,-0.3803199,0.5843678,0.7443426251411438,0.2267263,3.5168896,2.2430396
7716,2.2739542,-0.088186964,-0.27549088,0.5076135,0.7857319116592407,0.2254645,3.8705914,2.349299
7717,2.280186,-0.09983794,-0.2497469,0.585885,0.8401153683662415,0.19301713,3.2347333,1.9064159
7718,2.2862787,0.052795283,-0.29946905,0.3513902,0.7084867358207703,0.25621134,3.5027235,2.339692
7719,2.2959416,0.01495953,-0.3616632,0.37595314,0.7208623886108398,0.26042256,3.7500262,2.6680014
7720,2.1718452,-0.037736893,-0.10769601,0.33742586,0.7883931994438171,0.20415731,4.588601,2.4178543
7721,2.3521595,0.02617179,-0.24784946,0.5313379,0.38622698187828064,0.27898195,2.2493424,2.4391158
7722,2.2567115,-0.04633825,-0.26946047,0.47485983,0.7545231580734253,0.22137107,4.167567,2.1607914
7723,2.2460093,-0.022782981,-0.23259869,0.49799895,0.7625760436058044,0.2497521,3.3485718,2.7438626
7724,2.3997235,-0.12625717,-0.2950236,0.6158007,0.6055947542190552,0.27508911,2.6611385,2.4973881
7725,2.2107837,-0.008510157,-0.18392533,0.51741433,0.812032163143158,0.2062991,3.7525237,1.8358574
7726,2.1010692,0.024997039,-0.18305184,0.5976001,0.7307099103927612,0.2772104,6.1988587,2.1303577
7727,2.2741392,0.015309579,-0.21719612,0.34116644,0.7662102580070496,0.22634926,3.046309,2.1607378
7728,2.385476,-0.0013888967,-0.30863008,0.48124114,0.7046898007392883,0.19253813,2.3385577,2.2668767
7729,2.3034568,0.046579774,-0.1300225,0.39072442,0.49694526195526123,0.27747178,2.398612,2.852369
7730,2.2434936,-0.0048780423,-0.20531093,0.58096296,0.705517053604126,0.28334165,3.271826,2.7569013
7731,2.0483644,0.09290304,-0.2615763,0.42687854,0.7536194324493408,0.3261361,12.626922,2.356758
7732,2.2359416,-0.03517125,-0.20035584,0.3999746,0.8221254348754883,0.19857222,3.5737743,2.1031613
7733,2.296925,0.013880746,-0.17116536,0.39344543,0.6928427219390869,0.22334443,2.5592115,1.5805585
7734,2.3771214,-0.016769342,-0.28203452,0.44580293,0.7176916599273682,0.18804651,2.3910391,1.6948609
7735,2.3063166,-0.20100752,-0.27814493,0.584631,0.796809732913971,0.2571366,4.695066,2.669563
7736,2.3377333,0.042173333,-0.42061,0.5355321,0.7567979693412781,0.2660291,3.2124772,2.5739594
7737,2.151912,-0.010960207,-0.18728714,0.42078382,0.7731388211250305,0.24441616,6.247182,1.9943805
7738,2.2502835,0.097129375,-0.26089397,0.40354148,0.614968478679657,0.2884025,2.963992,2.2131193
7739,2.1988213,-0.12827979,-0.22620319,0.4681497,0.7715737223625183,0.25961596,6.440534,2.5277176
7740,2.2991614,-0.03715564,-0.24785778,0.44236505,0.7798179388046265,0.21850994,2.9388595,1.5236214
7741,2.3438442,-0.14161345,-0.18289365,0.35897446,0.85,0.1701751,2.7800555,1.616129
7742,2.2720714,0.040153086,-0.34851792,0.444535,0.6739101409912109,0.28088507,3.7176178,2.4341838
7743,2.273099,0.059491508,-0.19366467,0.3692983,0.6477835178375244,0.25978124,2.83903,2.5760548
7744,2.2756608,-0.011487054,-0.35533202,0.4461886,0.8480311632156372,0.19380324,4.1014376,2.3129926
7745,2.3028276,-0.20294964,-0.18978824,0.5831541,0.7415627837181091,0.2717049,3.6421573,2.891671
7746,2.2623005,0.036431283,-0.19484846,0.41091284,0.7306056618690491,0.25071162,2.8825164,2.6322198
7747,2.10031,0.060901612,-0.15852201,0.5355888,0.7713541984558105,0.25721273,5.3694715,2.4906194
7748,2.2905395,-0.115502685,-0.22825453,0.5129492,0.6785627603530884,0.29218176,3.754009,2.6775763
7749,2.2922816,-0.107102804,-0.22525048,0.5656781,0.7737659215927124,0.2452512,3.4641314,2.0590222
7750,2.2080216,-0.05273822,-0.17744054,0.38363293,0.7812732458114624,0.23895217,4.506605,2.3909023
7751,2.3243139,0.004154966,-0.23736262,0.311311,0.8375043272972107,0.17288113,2.6791685,2.4658644
7752,2.359153,-0.037249204,-0.2759621,0.434581,0.5770018100738525,0.2854986,2.4915218,2.213509
7753,2.2476015,-0.013114648,-0.2563231,0.37799287,0.7168111205101013,0.27071115,4.378215,2.7888732
7754,2.1375053,-0.10176751,-0.058408495,0.40183628,0.8331397771835327,0.21800597,6.11729,1.8194672
7755,2.306868,-0.06988693,-0.28112918,0.43060026,0.7946422100067139,0.20172504,3.4329052,2.5310833
7756,2.2659125,-0.008901234,-0.14727512,0.3615489,0.8166187405586243,0.19997054,2.9023716,2.2553961
7757,2.2575302,-0.0148078725,-0.24283203,0.44861493,0.7175112962722778,0.25367424,3.7788384,2.5988483
7758,2.3278377,-0.057385225,-0.19390786,0.33915567,0.6556110382080078,0.24708113,2.9006097,2.3508387
7759,2.2997851,0.01787356,-0.29437745,0.37823913,0.7699930667877197,0.21238683,2.7275898,1.4582402
7760,2.2203517,0.033680163,-0.33099216,0.5265631,0.6995083093643188,0.2684464,4.6981373,2.4847925
7761,2.1676471,0.08252821,-0.1660726,0.5507293,0.8316605091094971,0.21419881,3.288445,2.3166285
7762,2.2353065,-0.014986651,-0.20108075,0.52154785,0.8013569712638855,0.21199356,3.3281548,2.293105
7763,2.2992673,-0.046556123,-0.29957455,0.48894167,0.781998872756958,0.21871851,3.4142613,2.4023054
7764,2.2693152,-0.009384442,-0.17076306,0.4289071,0.8137996792793274,0.17136069,2.6153388,2.634631
7765,2.3606076,-0.07120778,-0.2355188,0.43911526,0.6812766194343567,0.20819288,2.4749312,1.4402553
7766,2.2078419,-0.058529228,-0.2362329,0.4937935,0.8313422799110413,0.19723268,4.702528,1.778525
7767,2.2711177,0.09311181,-0.1702128,0.43729076,0.44372060894966125,0.30537054,2.5193126,2.670782
7768,2.409758,0.010238737,-0.3065408,0.51528335,0.42075133323669434,0.18172856,2.084795,1.772508
7769,2.1913297,-0.08012811,-0.25181934,0.50339246,0.7545366287231445,0.2677812,6.738629,2.5606022
7770,2.2707293,-0.108582884,-0.21864778,0.49670058,0.819033682346344,0.23540169,3.210473,2.5875978
7771,2.3255124,-0.008840515,-0.2915166,0.45463273,0.7697448134422302,0.24047379,2.8580244,2.8068547
7772,2.133677,0.10403474,-0.17527062,0.35159793,0.8097460865974426,0.23386763,4.78601,2.7490406
7773,2.276694,0.054599155,-0.21598235,0.35451898,0.6554846167564392,0.24829149,2.9015024,1.850428
7774,2.4087827,-0.08631436,-0.2916042,0.5151325,0.3830910921096802,0.29227677,2.2444873,2.405048
7775,2.3428597,-0.013067703,-0.28313097,0.30596375,0.8463387489318848,0.18041989,2.750113,2.0562665
7776,2.1889305,-0.008572397,-0.17216887,0.40509176,0.8378725647926331,0.20418058,3.8365462,2.7420812
7777,2.2624578,-0.12013642,-0.17680319,0.50364727,0.773711621761322,0.2231208,3.6742995,2.61966
7778,2.3223813,-0.016962146,-0.21913978,0.36864364,0.6533844470977783,0.25577572,2.7207613,2.358022
7779,2.2495418,0.0262775,-0.14938514,0.4160216,0.7843611240386963,0.17922243,2.3778195,1.5468128
7780,2.3745637,-0.107312776,-0.3264847,0.5211536,0.7215731143951416,0.2498889,3.0270245,1.9812096
7781,2.1729376,-0.048352957,-0.108951,0.4950463,0.8077645301818848,0.2272914,4.2519126,1.819597
7782,2.355408,-0.12260086,-0.41189846,0.46223208,0.7934613227844238,0.21325819,3.9891818,2.6707969
7783,2.2309003,-0.13702393,-0.24774523,0.5029069,0.7619457840919495,0.24362056,6.3350234,2.0243056
7784,2.271749,0.0026118138,-0.23655057,0.5087216,0.7865957617759705,0.23017332,3.0904305,2.448943
7785,2.3246038,-0.014087009,-0.28777188,0.5723283,0.7188496589660645,0.25001794,2.7236826,2.1429756
7786,2.2081532,0.037243243,-0.19543739,0.4035088,0.8083621859550476,0.23438725,3.8830178,2.8585758
7787,2.3139796,-0.020687655,-0.20172109,0.47838908,0.6989574432373047,0.1881015,2.4351206,1.5254467
7788,2.2820532,0.07300809,-0.26256588,0.355063,0.6813223361968994,0.25142187,2.9953487,2.1722052
7789,2.232929,-0.000101024714,-0.19719487,0.4589175,0.7353362441062927,0.26213315,3.5381062,2.8995442
7790,2.086338,0.06688001,-0.27618143,0.46747282,0.7186148762702942,0.3248023,11.934426,2.6140416
7791,2.1690638,0.019115644,-0.14048354,0.38211706,0.8259153962135315,0.22448239,4.258864,2.4574761
7792,2.184595,-0.06969895,-0.20190376,0.60720295,0.732609748840332,0.25988406,4.8789616,2.602038
7793,2.1984808,-0.038737684,-0.13344674,0.5239715,0.7632012367248535,0.26803282,3.965059,2.7001102
7794,2.195372,0.065904856,-0.2815005,0.4081916,0.8242387771606445,0.22309078,4.4467206,2.8942044
7795,2.296945,0.08639938,-0.35730225,0.4548135,0.768056333065033,0.24876091,3.1828692,2.509473
7796,2.190511,0.09571281,-0.14722462,0.34656903,0.7549250721931458,0.2525994,3.3934543,2.6148841
7797,2.4466798,-0.033277597,-0.43755993,0.5002224,0.7351574301719666,0.16766298,2.312564,1.5289694
7798,2.3353424,-0.001945774,-0.3926784,0.3929631,0.6616203784942627,0.2840925,3.7457747,2.0156105
7799,2.3885622,-0.10176186,-0.31800738,0.39057332,0.6798396706581116,0.2190749,2.873647,1.2744228
7800,2.243457,0.023116844,-0.14163281,0.4688885,0.7863832116127014,0.21108073,2.7500212,1.712116
7801,2.1809232,-0.024724055,-0.12212725,0.41852832,0.8175894021987915,0.20983179,4.115013,2.359472
7802,2.3584797,0.067318015,-0.22509234,0.3882032,0.6489976644515991,0.18264845,2.0350337,1.4614276
7803,2.2178233,-0.041212723,-0.29199553,0.54280984,0.6804406046867371,0.27315107,5.10478,2.5575511
7804,2.1948917,-0.0027300492,-0.29545859,0.47966048,0.7863234877586365,0.2167876,4.9415436,2.293606
7805,2.289439,-0.06343324,-0.18989915,0.47340962,0.8382828831672668,0.1746673,2.984179,1.7299621
7806,2.2525046,0.067001164,-0.24687597,0.3904111,0.7389310002326965,0.24514335,3.2158513,2.781776
7807,2.2582924,-6.252266e-05,-0.31940633,0.39173928,0.7812536954879761,0.24880752,4.2973843,2.8165681
7808,2.192225,0.024594784,-0.189384,0.5598757,0.7808324098587036,0.23650415,3.4558768,2.6808164
7809,2.3007648,0.014043602,-0.32382986,0.43396297,0.6077836155891418,0.2887105,3.3884954,2.2324655
7810,2.1892266,0.016370289,-0.20071071,0.43292317,0.7092219591140747,0.2756914,4.664582,2.871368
7811,2.2789445,-0.04089842,-0.21579196,0.53795207,0.7721928954124451,0.22319354,3.0469794,2.2741349
7812,2.2150054,0.026827455,-0.30363256,0.490168,0.780890703201294,0.24009855,4.3627186,2.5944228
7813,2.3728387,-0.008283177,-0.3105455,0.50813186,0.4473525881767273,0.21763687,2.2991674,1.8795737
7814,2.174967,0.09274594,-0.07859616,0.3909302,0.6054917573928833,0.30550018,3.256476,2.4748406
7815,2.401041,-0.065491624,-0.2683248,0.48770183,0.5786503553390503,0.21875416,2.3486562,2.0723858
7816,2.2916536,-0.09754584,-0.2835612,0.43663707,0.7611133456230164,0.24834597,3.9781415,2.6626475
7817,2.1773572,0.053998403,-0.2201643,0.47698247,0.8390684723854065,0.21917523,4.136056,2.6003096
7818,2.4015388,-0.027923416,-0.23315278,0.43038332,0.3527469038963318,0.24529432,2.1864004,2.6228216
7819,2.3402183,-0.07700894,-0.21744815,0.49038783,0.6407248377799988,0.25638673,2.6191218,2.5429633
7820,2.3643825,0.03880621,-0.29685527,0.4256475,0.4535849392414093,0.2442986,2.3066103,1.8481284
7821,2.2682054,0.099907696,-0.24804296,0.307258,0.7337397933006287,0.23500858,2.7099981,1.9122415
7822,2.1748786,0.03308904,-0.17764394,0.36272666,0.85,0.1848795,3.8703287,1.84325
7823,2.330308,0.04604767,-0.20167558,0.5035122,0.6044597029685974,0.21744648,2.213319,2.1521115
7824,2.1530101,-0.031686053,-0.29615822,0.4513115,0.7714752554893494,0.30180463,9.931339,2.6373434
7825,2.2638993,-0.033960912,-0.2925988,0.47607818,0.813372015953064,0.20979029,4.1534004,2.475429
7826,2.2546744,-0.075738706,-0.18335432,0.48689273,0.7379685640335083,0.24593559,3.590886,2.551524
7827,2.2815135,0.06328449,-0.3555486,0.6088449,0.7708125114440918,0.24237344,3.3239226,2.0576468
7828,2.28274,0.041727092,-0.25458613,0.45907763,0.7807693481445312,0.1995872,2.7753227,1.7437277
7829,2.2296443,-0.027515622,-0.25287107,0.4469038,0.7537401914596558,0.24570125,4.314274,2.7489588
7830,2.185691,-0.0010068347,-0.19815671,0.38750702,0.81856369972229,0.21486229,4.4735312,2.4039774
7831,2.201429,0.0542555,-0.24362747,0.4521848,0.7424951791763306,0.2641927,4.1830344,2.5227706
7832,2.1715713,-0.037406042,-0.13533998,0.31747398,0.7781212329864502,0.24229115,5.295183,2.4949815
7833,2.2129955,-0.002884797,-0.26173487,0.40985203,0.7185364365577698,0.27589604,4.8302717,2.8603494
7834,2.1988974,0.09410905,-0.18283814,0.46892878,0.7534250617027283,0.2346528,2.698655,2.058705
7835,2.1883729,0.03238512,-0.26805648,0.36855784,0.7910202145576477,0.23443039,5.4500484,2.6815934
7836,2.3138008,-0.016642617,-0.20234504,0.4499275,0.5150231719017029,0.30627176,2.5339277,2.6887288
7837,2.1687865,-0.040920097,-0.20136884,0.47859788,0.7585619688034058,0.2565548,5.300383,2.6112683
7838,2.2517493,-0.026750194,-0.25525647,0.41767833,0.7821239829063416,0.22187299,3.8081357,2.548356
7839,2.3079576,-0.023156935,-0.30305344,0.394846,0.7678124308586121,0.2287171,3.312402,2.6642613
7840,2.256887,-0.04191732,-0.19021307,0.49389836,0.7713924050331116,0.26725492,3.3990674,2.5836482
7841,2.2613516,-0.005363204,-0.20529546,0.5453224,0.6816487312316895,0.2855801,3.1044106,2.4758472
7842,2.2297657,0.013372796,-0.114032805,0.501764,0.642894446849823,0.2753494,3.0329068,2.4720597
7843,2.3851216,-0.06408499,-0.30035606,0.4775833,0.5490074753761292,0.25903326,2.4465377,1.6670369
7844,2.362465,-0.052927207,-0.3337979,0.49453586,0.8073290586471558,0.18035033,2.5741444,1.9699028
7845,2.2430842,0.013920211,-0.12684199,0.39136383,0.7726864218711853,0.22838804,3.0085306,2.7546608
7846,2.3783593,0.009863444,-0.25356242,0.49709722,0.29582488536834717,0.22607325,2.046088,1.7168287
7847,2.3437982,-0.036320947,-0.19841416,0.56851196,0.7063602805137634,0.1354898,2.0764685,1.3814802
7848,2.1340535,0.09248371,-0.20380445,0.41797006,0.788555383682251,0.2172519,4.3956265,2.6875372
7849,2.148152,0.022866782,-0.13663746,0.36503047,0.85,0.19123513,5.1989236,2.0229688
7850,2.285574,-0.052235287,-0.3176682,0.5148851,0.7265828847885132,0.2502692,4.017934,2.876452
7851,2.270672,-0.11538367,-0.123264186,0.5263686,0.6726646423339844,0.2543473,3.0924492,2.5165694
7852,2.2299488,0.018434232,-0.043145984,0.38133696,0.848397433757782,0.1736706,2.2106771,1.9242251
7853,2.1760836,0.07775647,-0.34399688,0.3834857,0.78384929895401,0.24063869,6.365391,2.5940113
7854,2.10495,0.0031026837,-0.28337654,0.46655616,0.7268023490905762,0.31609124,14.488359,1.8464925
7855,2.0987449,-0.008003211,-0.20189165,0.5694912,0.7229509949684143,0.30275795,8.0498085,2.3478243
7856,2.1620429,0.04808395,-0.2517113,0.522145,0.7282865047454834,0.2685682,4.966561,2.680906
7857,2.373203,-0.12705192,-0.16125667,0.46747595,0.6102796792984009,0.23799203,2.2826748,1.802686
7858,2.2349105,-0.013106582,-0.23290363,0.40182406,0.8392473459243774,0.17450061,3.9050741,2.482384
7859,2.2473524,0.14183508,-0.28925532,0.51735896,0.7808494567871094,0.20161748,2.8336973,2.1075878
7860,2.3082736,0.047243927,-0.28174582,0.41449872,0.6789135932922363,0.23888971,2.616598,1.7138344
7861,2.2216372,0.027505644,-0.34678775,0.41363063,0.7546055912971497,0.25732052,5.3221874,2.6951482
7862,2.239851,-0.02862595,-0.22381842,0.41873097,0.7264872789382935,0.24797688,3.6641312,2.2338438
7863,2.3958788,-0.03720383,-0.23422103,0.41883773,0.4436553120613098,0.29435307,2.1999507,2.7328668
7864,2.2302313,0.03808288,-0.23523995,0.35019276,0.85,0.19481307,3.8719232,2.1336162
7865,2.2113507,0.021324871,-0.20658663,0.39265758,0.85,0.19113007,3.6262875,1.9554255
7866,2.2300868,0.013867043,-0.19996189,0.4009181,0.729956865310669,0.24418011,3.6301672,2.839607
7867,2.31617,-0.035423815,-0.32713845,0.52110887,0.7352470755577087,0.2613785,3.17941,2.7740364
7868,2.1401877,0.0025482764,-0.22604841,0.48351854,0.8304003477096558,0.18896505,6.2682257,2.713421
7869,2.4015458,-0.143986,-0.4226166,0.66536963,0.8059521317481995,0.21576716,3.0988634,2.4783928
7870,2.2968402,0.03440418,-0.19117844,0.49965343,0.5148603320121765,0.28054565,2.6280591,2.1064117
7871,2.2200625,0.02497743,-0.20989314,0.45779237,0.7264696359634399,0.25084314,3.8145018,2.2647848
7872,2.2374473,0.16851105,-0.20756175,0.48088694,0.7954363822937012,0.21270989,2.5320017,2.2190208
7873,2.2439482,0.00087066717,-0.18231302,0.44878492,0.7823531627655029,0.22689542,3.3019073,1.9662713
7874,2.3813412,0.046419863,-0.36795223,0.36906525,0.6812371015548706,0.25084075,2.6686785,2.369657
7875,2.1979373,-0.0118995095,-0.29822057,0.48495516,0.6550171971321106,0.28036007,5.4865303,2.8206265
7876,2.3983107,-0.026930764,-0.32010168,0.5101655,0.6409204006195068,0.22983837,2.0595741,1.7217306
7877,2.234231,-0.08283307,-0.24612279,0.5014804,0.7522927522659302,0.23973502,4.2408466,2.4169657
7878,2.148154,0.06913642,-0.17571622,0.5053618,0.7795611619949341,0.22084749,4.0679317,2.3454828
7879,2.1927648,0.024165135,-0.17673166,0.3647067,0.85,0.18404974,3.9346244,2.1719024
7880,2.2079287,-0.040651456,-0.20578745,0.50087816,0.8347480893135071,0.21057133,4.2957664,2.3960533
7881,2.2658672,-0.000109397755,-0.24135579,0.4062409,0.7318252921104431,0.26983437,3.5135744,2.6196203
7882,2.2426753,-0.0039144442,-0.20834152,0.51404893,0.7144245505332947,0.27398378,3.3747454,2.70102
7883,2.248077,-0.066134825,-0.2588104,0.5919495,0.694857656955719,0.27840537,3.8788977,2.7665696
7884,2.280738,-0.010636492,-0.23375419,0.46086007,0.7912369966506958,0.24392794,3.1030803,2.541094
7885,2.3197613,0.17136255,-0.26298964,0.40382072,0.6105984449386597,0.2260639,2.2004862,2.4130266
7886,2.158815,0.064904,-0.3121274,0.492181,0.7506327033042908,0.26969042,6.420239,2.5656807
7887,2.258536,-0.11788647,-0.31488416,0.50210327,0.7719210982322693,0.23886755,5.417566,2.5338748
7888,2.3423007,-0.080866925,-0.2504854,0.50136733,0.5803390741348267,0.32626987,2.832825,2.5832863
7889,2.3850026,-0.07300957,-0.2907545,0.37511215,0.7149888873100281,0.21833533,2.7230988,1.867382
7890,2.227996,0.07654388,-0.28186962,0.5496977,0.8070509433746338,0.22127713,3.2634099,1.6983066
7891,2.4421027,0.007821132,-0.38476092,0.45993754,0.5592031478881836,0.2196193,2.0899565,2.1443095
7892,2.3492937,-0.0028283766,-0.18692109,0.45653823,0.4733530282974243,0.21411577,2.1514392,1.6847976
7893,2.5014958,-0.19020385,-0.2505821,0.5789144,0.3024093508720398,0.26740757,2.0693004,2.192207
7894,2.1469784,-0.0145918345,-0.1590072,0.49470314,0.7447846531867981,0.25515857,5.121081,2.5440629
7895,2.2968287,0.067768544,-0.1924884,0.43162736,0.7122766375541687,0.1924538,2.1569045,1.6191372
7896,2.3881226,-0.018333636,-0.3316326,0.37199792,0.6962170004844666,0.23984537,2.4710453,1.7093539
7897,2.2708719,-0.051339775,-0.2294561,0.54944915,0.6613937616348267,0.29428074,3.2644572,2.8184743
7898,2.401546,-0.101251304,-0.2758036,0.41846412,0.4939718544483185,0.30043182,2.7147844,2.4703398
7899,2.2649293,-0.004168287,-0.31864923,0.5201089,0.8073632717132568,0.23616232,3.6393292,2.773173
7900,2.372978,-0.04551173,-0.37272534,0.34836212,0.7620558142662048,0.23518433,3.2768307,2.3429105
7901,2.177635,0.04868508,-0.26830626,0.56749326,0.6567453145980835,0.29241383,4.8096914,2.7684908
7902,2.25533,0.1599799,-0.14335826,0.42438135,0.765840470790863,0.1927564,2.1458385,1.5443224
7903,2.2545767,-0.03888727,-0.22737175,0.31479314,0.7784379124641418,0.23199108,4.045239,2.2717395
7904,2.2696867,-0.04525089,-0.30069774,0.5840396,0.7531561255455017,0.23252828,3.6935692,2.83377
7905,2.2465017,-0.07476956,-0.31182367,0.52434415,0.7857249975204468,0.22301747,5.194463,2.0657997
7906,2.2707992,0.08058928,-0.27249312,0.3949764,0.8207147717475891,0.19785686,2.9676683,2.4809225
7907,2.287873,-0.01202964,-0.33317384,0.5391233,0.7566447854042053,0.20649676,3.5750554,1.8131796
7908,2.2007635,-0.042860083,-0.24338402,0.53478074,0.7936859726905823,0.22636703,4.6605525,2.603064
7909,2.2678313,-0.12192557,-0.21670477,0.6334351,0.7576659917831421,0.26718277,3.907988,2.71031
7910,2.4053366,-0.0032873868,-0.22948739,0.3716893,0.36247071623802185,0.25612113,2.125802,2.6035898
7911,2.273206,-0.038815938,-0.29577187,0.4805389,0.8406202793121338,0.2038285,3.7110488,1.6398604
7912,2.28479,-0.08762477,-0.29601982,0.4745809,0.8215476870536804,0.20021476,3.9902747,2.0926774
7913,2.3616462,-0.056914184,-0.2874397,0.4821611,0.6809463500976562,0.25681585,2.6594925,2.4092064
7914,2.2860203,0.033751976,-0.17888804,0.4142628,0.8488181233406067,0.12832907,2.2568412,1.8357087
7915,2.174731,-0.009871768,-0.10698353,0.5465732,0.7138254642486572,0.2752489,3.8565865,2.669831
7916,2.2482607,0.003638726,-0.20496814,0.456112,0.7098463773727417,0.24098435,3.6914444,2.4575813
7917,2.2577975,-0.035366844,-0.29950753,0.5577921,0.8158237934112549,0.22296244,3.8748088,2.089143
7918,2.3344958,-0.12379551,-0.36838603,0.45410946,0.7976248264312744,0.23678282,4.139163,2.3967898
7919,2.2831702,-0.020418357,-0.16364792,0.2616151,0.8161059617996216,0.2090474,2.9773176,1.8363101
7920,2.158568,-0.095462166,-0.12514244,0.5685811,0.7406609058380127,0.25861716,5.1771164,2.6563425
7921,2.200292,0.0834306,-0.2590586,0.4453694,0.7902323007583618,0.2270444,3.8353002,2.8909526
7922,2.406835,0.062083706,-0.36332574,0.43702424,0.7500434517860413,0.20032074,2.2250853,2.1623983
7923,2.2622275,0.009383766,-0.3281805,0.43657854,0.7621769905090332,0.24973147,3.902003,2.4176648
7924,2.27457,0.020964747,-0.36671963,0.49625772,0.8160623908042908,0.21458647,3.4951162,2.545823
7925,2.3597672,-0.12162045,-0.2643379,0.5168162,0.7754276990890503,0.17204073,2.7498076,1.2877234
7926,2.3348854,-0.08823826,-0.20124602,0.3861148,0.5631332993507385,0.29808047,2.8013644,2.8188515
7927,2.174593,-0.02051282,-0.235845,0.4261086,0.6873752474784851,0.29228908,6.381325,2.8128626
7928,2.2049425,0.025174392,-0.24041356,0.5397066,0.7362308502197266,0.26684043,3.9133034,2.6425755
7929,2.1799946,0.031603176,-0.16907002,0.5198523,0.85,0.19747211,3.7528117,2.3433812
7930,2.2101862,-0.051543247,-0.25560203,0.46280771,0.85,0.16091594,4.5408087,1.7424222
7931,2.2639275,-0.028717475,-0.18105474,0.41205862,0.7376301884651184,0.25848746,3.1319344,2.5662808
7932,2.1435761,-0.013475708,-0.24168883,0.5993239,0.7097091674804688,0.29112378,7.0765233,2.5653207
7933,2.249958,-0.116667725,-0.14684622,0.41931152,0.7768832445144653,0.22725227,3.4937246,2.6901941
7934,2.4289854,-0.15141441,-0.28902414,0.44532913,0.6806268692016602,0.20319128,2.48265,1.5357623
7935,2.381003,-0.13080859,-0.30480546,0.5444348,0.7142213582992554,0.2516948,2.963571,2.4445949
7936,2.3158026,-0.072013184,-0.25176308,0.5638436,0.692943274974823,0.26380017,2.9080715,2.4809487
7937,2.2740057,-0.05958059,-0.16831376,0.5546841,0.7179133892059326,0.22190283,2.9857447,2.0542166
7938,2.1920242,0.013324176,-0.20434104,0.41594368,0.7675148248672485,0.25417915,4.234649,2.7314074
7939,2.2074952,-0.088020496,-0.18673293,0.5906554,0.7149946689605713,0.26600054,4.361202,2.29672
7940,2.2843738,0.072074644,-0.20105675,0.31523168,0.6007686853408813,0.26504704,2.575317,2.5176966
7941,2.2682447,0.049822446,-0.36203757,0.45061332,0.7640456557273865,0.23595108,3.8719337,2.547083
7942,2.383626,-0.103738375,-0.17418182,0.35524,0.41259753704071045,0.31980965,2.243482,2.527967
7943,2.2905128,-0.11865241,-0.36205742,0.5864483,0.7123768925666809,0.27686447,4.6594176,2.571565
7944,2.2877328,0.029251521,-0.19902723,0.3862125,0.6471545696258545,0.27282304,2.7897797,2.4388514
7945,2.185025,0.035849955,-0.16070394,0.41477534,0.80600506067276,0.20598163,3.5590987,1.8388945
7946,2.2231524,0.023575421,-0.24409434,0.4615083,0.7543999552726746,0.23971611,3.7411573,2.6914377
7947,2.1342132,0.018375773,-0.094816856,0.49767655,0.6791208386421204,0.26065215,4.234315,2.8674881
7948,2.34187,-0.032106563,-0.172849,0.4864008,0.5590489506721497,0.24789569,2.2858543,1.8308353
7949,2.2394865,-0.0015612697,-0.1780499,0.3257545,0.7789522409439087,0.22958814,3.768295,2.6495252
7950,2.1359725,0.017011357,-0.12413195,0.4347565,0.7860469222068787,0.2391659,4.3221955,1.7978157
7951,2.2139633,-0.055465404,-0.2606498,0.4551276,0.8442017436027527,0.19510283,5.0179043,1.8204951
7952,2.248122,0.031743996,-0.25713378,0.5120638,0.7613638043403625,0.23153928,3.4030097,1.9861212
7953,2.436143,-0.034302622,-0.3174532,0.46107417,0.6612088680267334,0.20324118,2.0704758,2.655221
7954,2.3036234,-0.09541994,-0.15580744,0.49280277,0.5695661306381226,0.2801719,2.8278584,2.576911
7955,2.1282308,0.09028472,-0.20509048,0.44117418,0.7780051827430725,0.2440693,5.3586273,2.41344
7956,2.2211664,0.06851564,-0.22818255,0.40109354,0.8288261890411377,0.2053131,3.6486514,1.8918616
7957,2.1426668,-0.010649833,-0.12056302,0.44768795,0.825710117816925,0.21340846,5.0087795,1.9714186
7958,2.4207752,-0.026716178,-0.28146696,0.44998392,0.27427154779434204,0.25309643,2.1080225,2.0588682
7959,2.3046255,-0.071642235,-0.45371145,0.56985605,0.8075153231620789,0.21514942,4.576324,2.5523434
7960,2.2878978,0.1364686,-0.26048946,0.40360615,0.6678609848022461,0.25233826,2.6975648,2.6523926
7961,2.1572733,0.0015766544,-0.15873043,0.37646833,0.7235481142997742,0.26593316,5.4079585,2.7500541
7962,2.1982806,-0.017823704,-0.21944642,0.578159,0.85,0.20758572,4.0646615,2.4267895
7963,2.3785872,0.0005696004,-0.2848483,0.4614301,0.4932149052619934,0.24429029,2.2937949,2.267645
7964,2.1674635,0.10155347,-0.20469989,0.39961088,0.85,0.18693824,3.822525,1.6751654
7965,2.1956997,-0.055065326,-0.27380994,0.5128042,0.7875752449035645,0.26264173,5.589708,2.7009373
7966,2.2279863,-0.07408697,-0.16319391,0.3976762,0.7684427499771118,0.25640696,3.9165292,2.8513546
7967,2.2392426,-0.23400638,-0.14935692,0.46467188,0.7953137159347534,0.25037006,5.3620563,2.915068
7968,2.246826,-0.068992004,-0.122142784,0.48486915,0.7536606192588806,0.2437564,3.084324,2.5167394
7969,2.3215423,-0.11135219,-0.13140914,0.46662983,0.6760002374649048,0.2378331,2.5562725,2.2659411
7970,2.29546,-0.080235295,-0.20878725,0.4961146,0.7804019451141357,0.21375254,2.7800899,2.6200294
7971,2.2582855,-0.14491226,-0.23718935,0.47597885,0.7198150157928467,0.25747067,4.43407,2.3918374
7972,2.322096,-0.026758991,-0.28793168,0.41136953,0.717204213142395,0.2507578,3.3939085,2.625666
7973,2.2748826,-0.017011197,-0.33356395,0.46970552,0.8173936009407043,0.20752974,3.6691325,2.5960178
7974,2.2217321,0.05481412,-0.29589123,0.313499,0.8097456097602844,0.21465485,4.166211,2.473299
7975,2.3448043,0.06353112,-0.2609702,0.47822055,0.5994668006896973,0.18974967,2.1394527,1.3133395
7976,2.3563015,-0.0494564,-0.2699971,0.50963986,0.5988324284553528,0.25049368,2.401118,2.3482406
7977,2.4427679,-0.04287487,-0.35857144,0.4662888,0.4361649751663208,0.28210744,2.224581,2.2593303
7978,2.2793057,-0.061813593,-0.16866013,0.5605734,0.8004110455513,0.20059988,2.5988603,2.2594485
7979,2.2182853,0.06024253,-0.29149762,0.40735385,0.8271754384040833,0.21023831,4.0140524,1.707177
7980,2.3481607,-0.08122424,-0.330758,0.5649135,0.7467096447944641,0.21022405,2.6023252,1.8133099
7981,2.3753037,-0.013453477,-0.3114801,0.43858856,0.7347850799560547,0.21902,2.5352423,2.3459811
7982,2.442463,-0.16693187,-0.3099956,0.50214237,0.7690224647521973,0.19815081,2.2347307,1.90481
7983,2.3077464,-0.041851,-0.18938181,0.49871027,0.7513800859451294,0.23059106,2.5657675,1.7920784
7984,2.3073735,-0.0146095855,-0.30747572,0.54732156,0.6785176396369934,0.2636283,3.1165438,2.5997992
7985,2.3690145,-0.04297871,-0.19566393,0.5102802,0.4559151530265808,0.22006741,2.116303,2.445983
7986,2.2779298,-0.0016200066,-0.28629178,0.5108259,0.7121915221214294,0.26843166,3.5518327,2.2077384
7987,2.2449393,-0.02976804,-0.24078183,0.38402838,0.7465632557868958,0.2636795,4.408223,2.7053864
7988,2.3328052,-0.08214791,-0.21180616,0.44479713,0.7281941771507263,0.20472845,2.5644567,1.8572
7989,2.3530202,-0.13298431,-0.20221542,0.3371552,0.702826201915741,0.25397474,2.948505,1.8174789
7990,2.2763965,-0.053927813,-0.14955677,0.4846323,0.6810371279716492,0.26628137,3.1251426,2.309311
7991,2.2858257,0.060333334,-0.2754785,0.42587793,0.591607928276062,0.30720437,3.0621276,2.7565985
7992,2.297177,-0.016420549,-0.2174069,0.30469847,0.6457228064537048,0.27058423,3.005691,2.4035609
7993,2.1742935,0.033714283,-0.21489203,0.51896614,0.7481274008750916,0.25833416,4.45854,2.7506673
7994,2.3912296,-0.13655902,-0.3531125,0.49826595,0.6465255618095398,0.27617854,3.1383479,2.8531642
7995,2.3866918,-0.02019673,-0.2451237,0.3657641,0.6984208226203918,0.20256244,2.2568924,1.7792114
7996,2.2476964,0.25026256,-0.2830806,0.341873,0.837622344493866,0.13405569,2.389674,1.7499858
7997,2.1418471,0.032631274,-0.16757944,0.4663707,0.8179801106452942,0.20973663,4.7590485,2.769119
7998,2.2734628,-0.007588564,-0.2519612,0.50971556,0.7421987056732178,0.25608474,3.3181942,2.438553
7999,2.1413376,-0.017663263,-0.14106935,0.49097446,0.7679016590118408,0.25626647,5.2399325,2.7814891
8000,2.0924852,-0.010702987,-0.1949129,0.52255833,0.6820462942123413,0.31405333,8.893064,2.1891778
8001,2.3229547,-0.043062113,-0.35514376,0.50219095,0.7193644642829895,0.25466323,3.4712903,2.579689
8002,2.2884848,0.016229916,-0.23005411,0.3588938,0.85,0.11396066,2.2047503,1.2962056
8003,2.289255,-0.023846986,-0.33413407,0.5007482,0.6361216306686401,0.28830588,3.7837267,2.7397785
8004,2.2477303,-0.064029485,-0.17892519,0.36611405,0.7817817330360413,0.23651385,4.0674553,2.556733
8005,2.258788,-0.04401363,-0.3262067,0.47018188,0.7636171579360962,0.24504927,4.8669024,2.8530037
8006,2.247458,-0.0594925,-0.14561823,0.48958996,0.767720103263855,0.24921855,3.1694248,2.1021
8007,2.1996787,0.05671733,-0.16367735,0.38211194,0.7418015003204346,0.23836845,3.2830129,1.7215552
8008,2.1302824,-0.02425165,-0.29185098,0.3672793,0.7595145106315613,0.32810268,14.447539,2.7232382
8009,2.2204537,-0.03208783,-0.22139236,0.5497253,0.85,0.14509477,3.8265216,2.2462442
8010,2.2394226,-0.031569522,-0.2702926,0.55949455,0.7681281566619873,0.26121452,3.8840928,2.7983797
8011,2.218096,0.0774327,-0.22167517,0.40755227,0.8361032009124756,0.2097825,3.242922,2.7921119
8012,2.2297537,-0.0036995779,-0.25875992,0.41452774,0.7078061103820801,0.27609256,4.4104176,2.6656082
8013,2.1654177,0.07741637,-0.26040483,0.56168,0.7872235178947449,0.24497102,4.273202,2.2578661
8014,2.3386877,-0.03517469,-0.3322087,0.5473611,0.7549095153808594,0.2237296,3.1956084,1.7728041
8015,2.2387996,-0.0270951,-0.21942858,0.623778,0.7727394700050354,0.23439504,3.3309498,2.3609147
8016,2.3987267,-0.09552442,-0.28649536,0.4554035,0.6257143020629883,0.23693217,2.6839945,1.7600139
8017,2.421754,-0.01976046,-0.2711858,0.40797445,0.4680165648460388,0.27853045,2.085836,2.256145
8018,2.2602825,0.06398217,-0.19537981,0.44865295,0.7548325061798096,0.23622131,2.72325,2.792495
8019,2.2533214,-0.15461293,-0.39232975,0.57814336,0.747177004814148,0.29012778,9.271876,2.8123183
8020,2.289233,-0.026241174,-0.28710055,0.42702934,0.6556412577629089,0.27525255,3.8063846,2.205927
8021,2.3628109,-0.11166154,-0.32709906,0.44546482,0.8173631429672241,0.21214901,3.0684881,2.2506301
8022,2.3501496,-0.08598022,-0.30712724,0.45327094,0.7004629373550415,0.27413127,3.2610028,2.748904
8023,2.3424027,-0.028870478,-0.32111254,0.467403,0.8104041218757629,0.21753955,2.8843012,2.3225532
8024,2.1833644,0.10141557,-0.24415106,0.51288515,0.6427160501480103,0.2971258,4.387742,2.561952
8025,2.1820793,0.013614372,-0.28518113,0.51034945,0.7540658712387085,0.25482813,6.077709,2.8656662
8026,2.32095,-0.14344753,-0.19007945,0.44828042,0.7306941151618958,0.24180737,3.0946226,2.5318613
8027,2.2531967,-0.056464896,-0.2790228,0.4834462,0.6870089173316956,0.27732006,4.1966105,2.8676274
8028,2.2321215,0.06567694,-0.14067604,0.41274488,0.5703828930854797,0.29281235,2.9111943,2.7192066
8029,2.4828885,-0.090663455,-0.32847866,0.5360317,0.3255051076412201,0.3124845,2.0849576,2.4737809
8030,2.3436425,-0.06886016,-0.29368618,0.5566951,0.6769019365310669,0.26247567,2.9379308,2.6197128
8031,2.3706899,-0.08346644,-0.27519614,0.3892454,0.7587698101997375,0.21470326,2.9191618,2.1489532
8032,2.2769525,0.018210644,-0.23756924,0.5823891,0.737970232963562,0.2526018,2.8861778,2.2575192
8033,2.1482198,0.07768975,-0.22096159,0.5123335,0.8268967270851135,0.21613178,4.0243616,2.08661
8034,2.2785234,-0.07735934,-0.33646432,0.45832315,0.7020097970962524,0.26690403,5.0939207,2.814793
8035,2.3029616,0.0011888708,-0.2463774,0.40686974,0.6425910592079163,0.26255366,2.9642913,2.431332
8036,2.43061,-0.19347702,-0.27205595,0.47542065,0.6739268898963928,0.24853483,2.776983,2.0483465
8037,2.1394875,0.085593976,-0.2290589,0.54311335,0.7177743315696716,0.25605,4.9483595,2.290999
8038,2.1922336,0.0027046152,-0.2739243,0.4171046,0.8254699110984802,0.2224998,4.9631214,2.3205848
8039,2.2927158,-0.0035431136,-0.17649423,0.35993445,0.551792323589325,0.29845133,2.9796243,2.400639
8040,2.376987,0.006005074,-0.30308735,0.41247377,0.4953043460845947,0.22079872,2.466601,1.8316803
8041,2.3696315,-0.19184649,-0.24331523,0.50405544,0.7245495319366455,0.2792168,3.068267,2.2952323
8042,2.3165114,-0.015483284,-0.30259454,0.5330634,0.6416958570480347,0.25808808,2.470076,2.09835
8043,2.2549224,-0.058330953,-0.18776716,0.48105702,0.7432429194450378,0.24752009,3.563936,2.8634315
8044,2.164267,0.09349921,-0.19412793,0.44578338,0.7656587362289429,0.24725193,3.8663335,2.676112
8045,2.4260118,-0.025378626,-0.29381266,0.39176154,0.6114333868026733,0.15153031,2.1844902,1.2067505
8046,2.3631938,0.012627441,-0.3124388,0.58275455,0.6620776057243347,0.19642116,2.3497834,1.6440603
8047,2.1994374,-0.05905378,-0.2090017,0.43450868,0.85,0.1605218,4.4235754,2.4181023
8048,2.2689624,-0.079925,-0.23640612,0.4226268,0.6735295653343201,0.25038224,3.939109,2.680107
8049,2.2036695,0.10660764,-0.2613617,0.519495,0.6826229095458984,0.28095624,3.7636864,2.8405879
8050,2.212031,-0.07460618,-0.2509469,0.553956,0.7960487604141235,0.21530287,3.897727,2.619721
8051,2.2364864,0.018544951,-0.23553659,0.4407133,0.7381624579429626,0.26777294,3.634829,2.6892397
8052,2.2289617,-0.034328964,-0.17767224,0.48403352,0.8117010593414307,0.19444191,3.7097101,1.7821872
8053,2.4348936,-0.12327466,-0.37194628,0.60498124,0.6035470366477966,0.24488804,2.3850622,1.7030174
8054,2.284814,-0.090274416,-0.10365937,0.5323373,0.726873517036438,0.25192067,2.8205152,2.2738147
8055,2.3122013,-0.05960689,-0.23513746,0.33541656,0.6972967982292175,0.23308611,3.0461423,2.2026207
8056,2.3047318,-0.13536969,-0.19519389,0.51236844,0.6850411295890808,0.2742797,3.248151,2.7698421
8057,2.2249837,-0.03514341,-0.16296194,0.41483662,0.7368080019950867,0.25935528,3.8589444,2.6305034
8058,2.2575612,0.023430511,-0.18840657,0.4401025,0.7443137168884277,0.23679657,3.219051,1.8713199
8059,2.23289,0.16579603,-0.22450037,0.38139138,0.7489256262779236,0.22286929,2.9497237,2.522844
8060,2.4569848,-0.099031426,-0.29668683,0.42308226,0.7276329398155212,0.1116339,2.098364,1.2448319
8061,2.3029747,-0.025457652,-0.2500745,0.49787897,0.685699999332428,0.2449666,2.8036587,2.4857507
8062,2.2113423,-0.031349882,-0.1253237,0.45085156,0.7440541982650757,0.22966698,3.7748773,2.5130582
8063,2.1978483,0.02989534,-0.07638693,0.4415842,0.6309047341346741,0.26950982,3.0678196,2.3014107
8064,2.1790533,-0.027215825,-0.15937033,0.45689723,0.8318694233894348,0.2129305,4.5862074,2.379642
8065,2.355698,0.068939805,-0.31994477,0.49684975,0.5766522884368896,0.2276079,2.3707755,1.7787483
8066,2.2459764,-0.12865773,-0.23758455,0.523179,0.7851053476333618,0.25081527,4.499256,2.738857
8067,2.3740685,-0.09894634,-0.31572178,0.50361305,0.7085145711898804,0.24818027,2.9070177,2.1470737
8068,2.2804163,-0.017975591,-0.38353646,0.44735175,0.85,0.16106716,4.294527,2.1011727
8069,2.0521035,0.106936924,-0.12571439,0.42512983,0.7258076071739197,0.2974221,7.384458,2.904592
8070,2.429013,-0.1771252,-0.2887668,0.45403752,0.4935567080974579,0.3032469,2.6417289,2.5204465
8071,2.2029777,0.13945918,-0.14895526,0.33994317,0.8308619856834412,0.1936329,3.1052773,2.5261266
8072,2.2323868,-0.036486313,-0.1807814,0.43788618,0.7171609997749329,0.24820447,3.4663014,2.493822
8073,2.236584,-0.046796385,-0.21023294,0.562299,0.8476158976554871,0.19187127,3.2937806,2.076294
8074,2.3339105,-0.0597595,-0.27300164,0.5062958,0.7968295216560364,0.22754239,2.4865983,2.145924
8075,2.1595886,0.044158474,-0.21924938,0.47338274,0.7462115287780762,0.25523004,4.809487,2.4233525
8076,2.2098444,-0.15488946,-0.16011642,0.5383899,0.85,0.14779848,5.037128,2.207991
8077,2.3459313,-0.082783796,-0.20308909,0.5233085,0.5528404116630554,0.21984744,2.4727514,1.713149
8078,2.231143,0.025822314,-0.15400398,0.5803153,0.7204914689064026,0.26530704,3.0229144,2.1556292
8079,2.348105,-0.12077714,-0.2214572,0.5040069,0.7545922994613647,0.22151627,2.6227808,1.9984152
8080,2.2309277,0.0147298565,-0.22926164,0.54107386,0.8122738599777222,0.23073527,3.5070844,2.2407503
8081,2.386635,-0.1064344,-0.30050457,0.40950176,0.6733680963516235,0.26562887,2.7381668,2.9131541
8082,2.1660285,0.04693718,-0.18726304,0.49366617,0.7671734690666199,0.22960521,3.7251575,2.767002
8083,2.23416,0.043371197,-0.22635537,0.41182274,0.769972026348114,0.24363427,3.4890842,2.4396656
8084,2.4024248,-0.054188702,-0.25801143,0.45024124,0.46089956164360046,0.24688685,2.058682,1.8542964
8085,2.2556453,0.029580247,-0.3158927,0.5129828,0.8045718669891357,0.23933533,3.6056473,2.501398
8086,2.3058727,-0.16174224,-0.2792283,0.42537454,0.8092385530471802,0.20997825,3.9126396,1.863363
8087,2.22989,-0.07269678,-0.1672124,0.46284053,0.8411980867385864,0.20503241,3.7298102,2.096264
8088,2.332067,-0.06256316,-0.38377228,0.5500269,0.709557056427002,0.2854105,3.4040194,2.7828422
8089,2.2559824,0.006882053,-0.28186822,0.43348643,0.721011757850647,0.26639614,3.2700906,2.1737013
8090,2.2304323,0.054189883,-0.2888624,0.45254156,0.7340339422225952,0.25595558,3.8562796,2.6046765
8091,2.187473,0.03888069,-0.23531902,0.442805,0.73606938123703,0.2847761,4.44455,2.7545905
8092,2.2751586,-0.06933056,-0.2961668,0.35501128,0.85,0.17898189,4.2097588,2.4372776
8093,2.0980763,0.15802605,-0.21861517,0.3533031,0.7732239365577698,0.26378316,6.3421617,2.4667258
8094,2.3202279,-0.067166105,-0.3345811,0.62812555,0.79808509349823,0.19492845,3.0976195,2.2115421
8095,2.2811155,0.006680737,-0.29993695,0.46860746,0.7448288798332214,0.24608734,3.319089,2.4696593
8096,2.31235,-0.03954997,-0.20276375,0.40383202,0.6511932611465454,0.2607402,2.778481,2.2982771
8097,2.3139353,0.067304604,-0.24693039,0.44082412,0.47458890080451965,0.22607492,2.4606998,1.3349856
8098,2.4341786,-0.09926614,-0.31876436,0.5611913,0.4878275692462921,0.2523849,2.2552164,2.510259
8099,2.3305056,0.01412316,-0.30823672,0.41251284,0.6957390904426575,0.26907778,3.164965,2.7494025
8100,2.3882406,-0.0616794,-0.31470042,0.4987281,0.6152510046958923,0.28372127,2.4342666,2.64468
8101,2.3168979,-0.09530692,-0.17662108,0.4605857,0.8271002769470215,0.12886421,2.2660306,2.1850615
8102,2.3397841,-0.06757241,-0.26014003,0.4654195,0.5586383938789368,0.3178041,2.901622,2.7500057
8103,2.338153,-0.08513484,-0.28546637,0.45740053,0.85,0.1397343,2.844673,1.3623154
8104,2.351786,-0.02671675,-0.2948107,0.42416528,0.6442988514900208,0.27345484,2.7465584,2.259318
8105,2.4417927,-0.067912765,-0.23785213,0.5258189,0.2809717059135437,0.28309798,2.1495297,2.2561977
8106,2.1938846,0.0043875133,-0.22687326,0.5806656,0.7429443001747131,0.24435854,4.0157013,2.5667686
8107,2.1864789,-0.06384664,-0.14716063,0.47947297,0.7767048478126526,0.24813338,4.134136,2.8137515
8108,2.364019,0.0033311003,-0.16248548,0.47559434,0.49553996324539185,0.24862245,2.181656,2.2327254
8109,2.2304263,0.11719391,-0.14389145,0.4472345,0.8070253133773804,0.16823806,2.4680142,1.6855959
8110,2.1111202,-0.005890957,-0.11548201,0.50791115,0.7819186449050903,0.2648929,6.091324,2.7926927
8111,2.2059164,-0.075162396,-0.08559723,0.6056575,0.7489480376243591,0.25931928,3.4851074,2.7523005
8112,2.3222287,-0.032200042,-0.2825742,0.4051376,0.6843141913414001,0.2747098,3.420737,2.2359934
8113,2.2905095,-0.050621506,-0.26183778,0.43590584,0.85,0.1544702,3.0061555,1.548675
8114,2.371643,-0.0943151,-0.34349546,0.41273117,0.8309375643730164,0.20936519,3.340045,2.5527332
8115,2.3330088,-0.039217155,-0.2644742,0.46691838,0.6342395544052124,0.28233,2.773009,2.5686123
8116,2.2602525,-0.10093123,-0.21059626,0.44614494,0.7322571277618408,0.2471605,3.7805467,2.7793844
8117,2.1030376,0.06612364,-0.19191186,0.53982556,0.85,0.20855395,5.383684,1.8395643
8118,2.3731503,-0.111447275,-0.29169515,0.3881453,0.7929172515869141,0.20594439,2.9898002,2.2949393
8119,2.3994706,-0.1470586,-0.21930404,0.5586306,0.5744237899780273,0.25348893,2.4581106,2.0640411
8120,2.2330875,0.054615706,-0.23056722,0.54059166,0.7407701015472412,0.2300638,3.2874312,2.5691786
8121,2.236832,0.0039703124,-0.21623261,0.4938192,0.6326466798782349,0.31291315,3.581986,2.7332985
8122,2.2853928,-0.058452398,-0.28308967,0.48631364,0.8030160665512085,0.2268679,3.8298395,2.4347684
8123,2.2497807,0.012734588,-0.21862158,0.48487315,0.6953940987586975,0.24942943,3.4668422,2.3464115
8124,2.4384253,-0.13287546,-0.32074463,0.54190075,0.5368923544883728,0.22367613,2.422288,1.897385
8125,2.1658452,0.09109982,-0.17554113,0.41266507,0.8113941550254822,0.19401187,3.8654087,1.8369405
8126,2.5264149,-0.16804035,-0.23993458,0.57572025,0.32362329959869385,0.27511603,2.0657907,2.3266778
8127,2.3582325,-0.030986194,-0.29955107,0.46246675,0.7780430316925049,0.18174969,2.4663613,1.6591328
8128,2.217755,-0.072677374,-0.21524626,0.41647145,0.7168927788734436,0.27110192,4.9673705,2.7893722
8129,2.2776008,-0.015584487,-0.23600718,0.5060773,0.6505017876625061,0.282818,3.110766,2.5522346
8130,2.101841,0.06939565,-0.20605715,0.41065565,0.7542752623558044,0.2868129,7.259118,2.3170798
8131,2.26227,0.04459994,-0.27648357,0.51591897,0.7867893576622009,0.21055557,3.110706,2.0755332
8132,2.3822715,-0.03226284,-0.2542635,0.5698595,0.3498954176902771,0.23179677,2.0931637,1.8496563
8133,2.3385246,-0.064860456,-0.3312557,0.38937682,0.6832749843597412,0.28192094,3.7895133,2.7831857
8134,2.2874162,0.07435132,-0.34137326,0.5842386,0.85,0.15399015,2.6938174,2.3915384
8135,2.2452698,-0.025798777,-0.27230805,0.46933666,0.85,0.20467317,4.2587423,2.3185618
8136,2.216563,-0.048338067,-0.31985486,0.52066654,0.8407310247421265,0.19891216,5.4938684,1.8063321
8137,2.4568539,-0.041604783,-0.3459065,0.48865494,0.5537700653076172,0.23497035,2.1462514,2.6117651
8138,2.3906355,-0.02595585,-0.20549195,0.41016853,0.33961811661720276,0.31000477,2.0883648,2.5614567
8139,2.294011,-0.06473927,-0.24955985,0.5254423,0.68487948179245,0.29876974,3.1367972,2.603225
8140,2.4422305,-0.081906244,-0.2653132,0.44713926,0.32006025314331055,0.23766825,2.1240826,2.073502
8141,2.4175339,-0.023987541,-0.24157083,0.30364156,0.634847104549408,0.19637425,2.061547,1.6112862
8142,2.18099,0.059162963,-0.17215835,0.46344253,0.7081331610679626,0.2726882,3.8555958,2.78512
8143,2.311929,-0.13929397,-0.2588178,0.5628483,0.6941678524017334,0.28922278,3.62995,2.6245565
8144,2.247181,0.01784565,-0.2457219,0.46387774,0.7439345717430115,0.23616959,3.5313282,2.0139658
8145,2.1415243,0.010851588,-0.27588403,0.46902508,0.6991415023803711,0.29924795,8.180738,2.453948
8146,2.238452,0.0013364876,-0.17361863,0.46788207,0.7148721218109131,0.25672328,3.2653952,2.7206786
8147,2.4230607,-0.15982504,-0.35406888,0.50178933,0.8272560238838196,0.12881193,2.3659756,1.4175228
8148,2.3293953,0.050816074,-0.37756187,0.36370397,0.7792567610740662,0.2136529,3.1904826,2.0055172
8149,2.332722,-0.01247284,-0.24923114,0.4379619,0.4357084333896637,0.2865864,2.532805,1.7923964
8150,2.3503757,-0.123816095,-0.27252507,0.47550407,0.518028199672699,0.32535788,3.0318363,2.8632555
8151,2.2588484,-0.044940893,-0.23742111,0.50346506,0.793667733669281,0.20857702,3.486493,2.5433793
8152,2.1997614,0.062561475,-0.18407986,0.4870816,0.85,0.13305517,3.2644517,1.6423656
8153,2.1927588,-0.049561087,-0.11258378,0.51230335,0.5836284756660461,0.3283624,4.109796,2.448517
8154,2.1357222,-0.01809619,-0.15596466,0.39365932,0.8178226351737976,0.25446925,6.6997943,2.6853216
8155,2.1563778,0.07003732,-0.08745074,0.4702391,0.7282813191413879,0.27208832,3.3539622,2.5431929
8156,2.2068896,-0.04813207,-0.23014918,0.49483365,0.85,0.20151606,4.711783,1.9921428
8157,2.1033666,-0.060119014,-0.23626614,0.49787492,0.7288290858268738,0.33592805,11.839101,1.647095
8158,2.2657692,-0.057608463,-0.1800185,0.49767914,0.7253079414367676,0.26309898,3.3231628,2.2317622
8159,2.2899773,-0.21312147,-0.3013206,0.4936026,0.8418983817100525,0.2283582,5.3872304,1.9886343
8160,2.3242016,0.0016067554,-0.17573999,0.4258833,0.34571269154548645,0.30031356,2.4025617,2.7496567
8161,2.1237118,-0.0035866953,-0.20110664,0.4236856,0.7703527808189392,0.26185188,7.885217,2.2636917
8162,2.2017467,0.12237906,-0.15941976,0.40621573,0.7637395262718201,0.25781304,3.2311566,2.508877
8163,2.367886,0.039817076,-0.26814803,0.32136765,0.451323002576828,0.25703135,2.3244593,2.0353465
8164,2.37016,-0.0579265,-0.18048589,0.38186318,0.6317682862281799,0.20506075,2.1199155,2.2161896
8165,2.409734,-0.033218313,-0.30260244,0.43528345,0.2939436435699463,0.28645036,2.2682588,1.888907
8166,2.19691,-0.0027087955,-0.17411521,0.5268597,0.7325899004936218,0.26198882,4.22548,2.751074
8167,2.1995835,0.016809192,-0.26487017,0.45038718,0.7595924139022827,0.24452637,4.3823576,2.6888845
8168,2.2289526,-0.025992816,-0.22104149,0.44789937,0.7849417328834534,0.24722517,4.0888467,2.8463888
8169,2.2160685,0.028375268,-0.19939595,0.47276217,0.7792362570762634,0.23742445,3.537856,2.305645
8170,2.1087153,0.056155216,-0.24757889,0.46172768,0.7415888905525208,0.293796,8.081804,2.7637575
8171,2.1721797,-0.08318099,-0.17602347,0.38989446,0.810397744178772,0.2333764,6.355902,2.4291723
8172,2.390988,-0.1655005,-0.21182966,0.44029304,0.7382217645645142,0.21544142,2.5991154,1.4449853
8173,2.4001803,-0.14654785,-0.36520952,0.4764886,0.6595541834831238,0.27074292,3.401372,2.650334
8174,2.4096713,-0.014798063,-0.2692268,0.49038225,0.600893497467041,0.14088807,2.0745883,1.5535008
8175,2.2945814,-0.1422392,-0.28313813,0.43685928,0.7803294062614441,0.2567936,4.5553355,2.8065004
8176,2.3160427,-0.05257173,-0.21684001,0.47269326,0.7145376205444336,0.23231617,2.4419665,1.4776698
8177,2.2970564,-0.0433158,-0.20525531,0.41594222,0.7414152026176453,0.23079656,3.0979862,2.7409532
8178,2.4486518,-0.06952265,-0.2538715,0.5419093,0.41595837473869324,0.25197396,2.0929527,2.1719875
8179,2.4061682,-0.07440277,-0.25315538,0.58988684,0.2348937839269638,0.30324608,2.1905916,2.803368
8180,2.2658532,-0.04250578,-0.35384378,0.6410064,0.7614762187004089,0.26537192,4.5006695,2.6775296
8181,2.2161708,-0.012453554,-0.14365458,0.47260556,0.7865496277809143,0.22295672,3.430501,2.6528401
8182,2.2482631,-0.07420287,-0.22483823,0.41842598,0.8219972848892212,0.20018078,3.7260184,2.558695
8183,2.3753557,-0.12938486,-0.3854259,0.5413419,0.7585330009460449,0.24604669,3.4867618,1.8066992
8184,2.246023,0.034878794,-0.16276933,0.23926221,0.718951404094696,0.2643018,3.392767,2.3468323
8185,2.1464388,-0.032783173,-0.2351963,0.41949362,0.7372682690620422,0.28451264,8.392299,2.372078
8186,2.0500765,-0.017648764,-0.3496919,0.4756076,0.4638548493385315,0.49699426,7.9882407,0.26185855
8187,2.1813688,0.11120145,-0.16642167,0.38900802,0.7360948920249939,0.24561928,3.6053102,2.522319
8188,2.08059,-0.022465594,-0.21431376,0.5328647,0.7848780751228333,0.31017467,10.814931,2.2641544
8189,2.1867998,0.057094127,-0.17634606,0.38232237,0.8187023401260376,0.2346336,4.110431,2.6217003
8190,2.3311524,-0.04566293,-0.24198247,0.48387092,0.7369336485862732,0.23886827,2.6749685,2.5955606
8191,2.2548177,-0.02304503,-0.20855369,0.38316068,0.7238142490386963,0.24374878,3.5182014,2.2234616
8192,2.373026,-0.07800471,-0.34910354,0.5479372,0.7540797591209412,0.22310343,2.7935634,1.8655461
8193,2.3377988,-0.055587433,-0.25166696,0.5065602,0.6975976824760437,0.25282648,2.7551177,2.7640073
8194,2.3245206,-0.017975911,-0.2679405,0.4276134,0.6712750792503357,0.2434325,2.8691733,1.8378332
8195,2.1471505,0.0019334856,-0.17117374,0.4196979,0.7853146195411682,0.23065637,5.6522565,2.4848897
8196,2.2926834,-0.027564159,-0.3438606,0.43785232,0.7882226705551147,0.20890845,3.890123,2.6164396
8197,2.2327,0.037793186,-0.18620163,0.43526426,0.6478416919708252,0.26422825,3.14237,2.4586122
8198,2.274036,-0.034520604,-0.46511647,0.637258,0.7789349555969238,0.2364088,4.8253884,2.3415668
8199,2.3322022,0.06304006,-0.39709467,0.45959777,0.85,0.16042726,2.973184,2.151937
8200,2.4915986,-0.06293431,-0.2659527,0.34177896,0.3286130726337433,0.30141997,2.068555,2.1539395
8201,2.4221435,-0.0006758761,-0.29744345,0.5862545,0.3547883927822113,0.24989107,2.1565757,2.4506264
8202,2.260472,-0.025273705,-0.325018,0.5133174,0.8287577629089355,0.20780553,3.7587168,2.7051697
8203,2.3981454,-0.15524074,-0.3212051,0.47357738,0.7285176515579224,0.2555768,2.9794774,2.8497593
8204,2.3068182,0.03248105,-0.28739,0.6114623,0.7995089292526245,0.20606518,2.6911986,2.3483794
8205,2.3129044,0.0100584375,-0.3566199,0.42519334,0.7994356751441956,0.18832469,3.0974734,2.155379
8206,2.2974021,-0.076734595,-0.17258365,0.48887017,0.7564979791641235,0.24119808,3.0489304,2.6350553
8207,2.4111803,0.017210105,-0.3035906,0.42397907,0.3884957730770111,0.27046642,2.2036517,2.520473
8208,2.3130147,-0.039726723,-0.22684407,0.48882514,0.6933584213256836,0.27062297,3.0636306,2.7309647
8209,2.3045092,-0.007802802,-0.27619576,0.48485494,0.5796040296554565,0.2778643,3.3301313,2.4583347
8210,2.246231,0.15218453,-0.23501846,0.43979135,0.8315589427947998,0.19409679,2.768404,2.279141
8211,2.1850102,0.10381182,-0.23854141,0.42976108,0.7671348452568054,0.25234878,3.9957268,2.7328413
8212,2.1665366,0.16769302,-0.16294499,0.37448707,0.7601772546768188,0.2743517,3.3555937,2.4745088
8213,2.2783947,-0.00989584,-0.27513054,0.43899867,0.750394344329834,0.24181841,3.5341802,2.5021746
8214,2.25933,0.108235024,-0.26466486,0.3795802,0.7327520251274109,0.25726387,3.11289,2.879163
8215,2.3674872,0.028986933,-0.21424608,0.501581,0.675549328327179,0.2171369,2.0630927,2.1168041
8216,2.2433681,0.01987427,-0.19318998,0.47008768,0.7031189203262329,0.2662907,3.1889117,2.3496397
8217,2.1161797,0.052743845,-0.21603929,0.50810105,0.6704393029212952,0.2934206,5.4057336,2.0769355
8218,2.2785764,-0.10605411,-0.18159315,0.44313914,0.7386925220489502,0.24064879,3.5867004,2.5955865
8219,2.3784904,-0.12491204,-0.32123998,0.4082728,0.6644986271858215,0.27659038,3.4086907,2.6335318
8220,2.4017394,-0.016835656,-0.3642755,0.5999914,0.7064971327781677,0.22795004,2.135465,2.4440286
8221,2.180319,0.069311455,-0.16710544,0.35510325,0.7977707982063293,0.24371745,4.088272,2.8736057
8222,2.2235444,-0.068858206,-0.2317529,0.43054566,0.85,0.20219672,4.9532347,1.9152628
8223,2.238772,-0.027463716,-0.18482673,0.41006723,0.8029357194900513,0.22392093,3.6651707,2.534217
8224,2.2393837,-0.11101073,-0.4208692,0.521603,0.8372234106063843,0.22185275,8.404594,1.1158053
8225,2.3042898,0.029402431,-0.14463066,0.28453454,0.7871353030204773,0.16242024,2.2353263,1.5160725
8226,2.3258588,-0.0002611313,-0.30923203,0.37777212,0.7876461744308472,0.19910425,2.5225663,1.5553894
8227,2.321172,0.0754766,-0.2512161,0.51840454,0.4804772138595581,0.25253907,2.3898506,2.2654903
8228,2.1366587,0.085992515,-0.19554467,0.47120857,0.8069416880607605,0.22094984,4.644537,1.7678864
8229,2.291697,-0.061706122,-0.2962966,0.5329408,0.7955939173698425,0.21647927,3.7780263,2.24343
8230,2.196447,0.079885915,-0.14891383,0.5397462,0.6649417877197266,0.2747757,3.2535703,2.7690232
8231,2.0914648,0.13825712,-0.18364942,0.4362605,0.6943700313568115,0.27911544,5.4416113,2.7047231
8232,2.2974496,-0.10743407,-0.27293077,0.60699505,0.7475790977478027,0.2692441,3.735828,2.258921
8233,2.3609812,-0.10453006,-0.30999196,0.60449785,0.7249786853790283,0.26797917,2.964574,2.3534837
8234,2.3473735,0.117655516,-0.35407108,0.39179555,0.726803183555603,0.18358704,2.2331364,1.5561775
8235,2.3730822,-0.0702663,-0.2756591,0.44513446,0.7334016561508179,0.19046424,2.4923115,1.4045436
8236,2.3897,-0.06316004,-0.24889395,0.5292391,0.4414784610271454,0.28564513,2.2198927,2.554841
8237,2.2424486,-0.05685851,-0.2916948,0.53277284,0.81651771068573,0.22317654,4.4995837,1.8407742
8238,2.2068899,0.110207014,-0.25623363,0.46533346,0.7518740892410278,0.24526438,3.289928,2.466989
8239,2.226686,-0.05088982,-0.23659188,0.5372586,0.7861873507499695,0.2180404,4.251339,2.0704749
8240,2.3863487,0.032139383,-0.28953412,0.36321646,0.5035026669502258,0.22632836,2.437906,1.9175332
8241,2.4088085,-0.117388956,-0.31607777,0.51580274,0.5722286105155945,0.27046642,2.6457438,2.2957757
8242,2.3139684,-0.07322814,-0.21481434,0.4847958,0.6635528802871704,0.2532642,3.0236175,2.5072312
8243,2.1776094,0.010473546,-0.24538875,0.5486691,0.8222394585609436,0.20927528,4.594429,2.5053844
8244,2.1669052,-0.051164646,-0.10045473,0.4692463,0.85,0.16990641,3.4627142,2.0034153
8245,2.298488,-0.16485305,-0.21467042,0.5316217,0.7531547546386719,0.2367873,3.669448,2.5049617
8246,2.2100184,0.037297472,-0.23106691,0.4618633,0.5533824563026428,0.32935095,4.31206,2.907118
8247,2.2096598,0.043318447,-0.24869159,0.4739769,0.676784873008728,0.29830736,4.3092217,2.682063
8248,2.3102884,0.043876525,-0.3231623,0.40815967,0.826617419719696,0.20897403,3.1251755,2.3021333
8249,2.3292084,-0.01861345,-0.26894912,0.50743455,0.6720717549324036,0.25578567,2.5839326,2.025407
8250,2.218907,0.093648575,-0.26929182,0.48078114,0.7820999622344971,0.23383187,3.770385,2.854964
8251,2.274065,-0.009438658,-0.19025096,0.57845485,0.6248689889907837,0.30748838,2.736536,2.4167757
8252,2.3236594,-0.037843514,-0.3036242,0.31996772,0.7980892062187195,0.21637487,3.3921597,2.5278466
8253,2.2386353,-0.067065135,-0.30388638,0.576197,0.8254069685935974,0.20429915,4.568311,2.6388516
8254,2.2800684,0.042933203,-0.3172181,0.4691139,0.6953957080841064,0.28794962,3.411805,2.4881504
8255,2.4705446,-0.105643585,-0.3579293,0.49863023,0.561561644077301,0.23648024,2.1921403,2.1783516
8256,2.2495763,0.05072463,-0.29541048,0.4707626,0.7702845335006714,0.23788545,3.7800052,2.6444209
8257,2.200155,-0.05132044,-0.11824494,0.5089463,0.8168300986289978,0.20800947,3.7514646,2.0843031
8258,2.3649762,-0.081347525,-0.28928596,0.58744484,0.6660226583480835,0.23041187,2.512446,1.9958274
8259,2.2970078,-0.14987418,-0.13735597,0.56750923,0.730429470539093,0.255486,3.1479776,2.4005992
8260,2.3637822,-0.0029669225,-0.34074453,0.5441549,0.6227118968963623,0.27302465,2.4590058,2.5266325
8261,2.2654035,0.037487194,-0.2476455,0.5442135,0.7743257284164429,0.30563346,3.025584,2.7355845
8262,2.238071,0.09935005,-0.24271712,0.32544908,0.6934605836868286,0.2722388,3.5019891,2.6191263
8263,2.3322918,-0.017539928,-0.36848226,0.38383844,0.7970046401023865,0.20268443,3.3064563,2.291999
8264,2.530031,-0.16205548,-0.3526262,0.51380366,0.5780901312828064,0.19810325,2.0533376,1.7180676
8265,2.3358223,-0.06132652,-0.2516141,0.5206915,0.5003864169120789,0.27172998,2.8098934,2.0844314
8266,2.1340392,0.05422128,-0.23563431,0.49206758,0.7637162208557129,0.26556516,5.86576,2.858054
8267,2.1508663,-0.041511405,-0.14905289,0.4472166,0.6988087296485901,0.27815932,5.0940447,2.8190846
8268,2.2714632,-0.041785985,-0.21768254,0.56320095,0.7661765217781067,0.2626204,3.2182498,2.589366
8269,2.1647964,-0.09563344,-0.1563218,0.5069787,0.7485504746437073,0.25986296,6.4355917,2.2884903
8270,2.2904484,0.039463844,-0.19768849,0.49813673,0.4445723593235016,0.29999575,2.5477004,2.4129155
8271,2.215114,-0.035387713,-0.29142094,0.50647736,0.7848323583602905,0.2403308,4.7847366,2.316756
8272,2.162762,0.046841975,-0.20455456,0.52988344,0.7854637503623962,0.23618965,4.001546,2.4341927
8273,2.2609808,-0.006572844,-0.23844913,0.40420857,0.6937325596809387,0.26769733,3.547464,2.634483
8274,2.3085124,-0.013081365,-0.23714475,0.4429645,0.7483928203582764,0.21061581,2.6578033,1.5595396
8275,2.347924,-0.03773281,-0.26513854,0.4586187,0.3861694037914276,0.3348314,2.9375513,2.8132238
8276,2.1280093,-0.030603608,-0.19472395,0.45833316,0.7813682556152344,0.2649026,8.017943,2.889707
8277,2.3551903,-0.1088581,-0.28640708,0.56111795,0.7251501083374023,0.24267285,3.0209029,2.2787523
8278,2.062754,0.12582472,-0.10283946,0.6235589,0.770287275314331,0.26449242,5.009086,2.4128718
8279,2.2928221,-0.059388556,-0.25927547,0.46420574,0.7308568954467773,0.24918343,3.3951123,2.138684
8280,2.3624663,-0.041307032,-0.2577727,0.4494198,0.6138641834259033,0.1885119,2.4705307,1.7579248
8281,2.3388996,-0.11409995,-0.20519567,0.5305036,0.5684983134269714,0.28166363,2.7472332,2.4540877
8282,2.2768939,-0.1279,-0.20686588,0.554717,0.7562063932418823,0.2606068,3.306276,2.7174957
8283,2.1409836,-0.020186389,-0.12380775,0.43668497,0.7466889023780823,0.23873833,4.7228365,2.2740595
8284,2.2845392,-0.00021124189,-0.25964156,0.4910986,0.6819345355033875,0.2647525,3.2827094,2.288412
8285,2.1854415,0.107765324,-0.2654572,0.3560678,0.7781457304954529,0.23497581,4.774238,1.8623801
8286,2.3570735,0.012421897,-0.38547376,0.5345312,0.8200111985206604,0.20362191,2.6424563,2.2630758
8287,2.2112625,-0.044389546,-0.20851843,0.5809097,0.8467063307762146,0.21412858,4.043007,2.668699
8288,2.3488555,-0.123128735,-0.30212566,0.68129987,0.734846830368042,0.23999386,2.9045632,2.5194488
8289,2.113559,0.08632121,-0.14150667,0.4871501,0.7605882287025452,0.2546404,4.5571556,2.8679256
8290,2.3250203,-0.18629676,-0.2107774,0.723418,0.8298860192298889,0.21158955,3.2983584,2.6162903
8291,2.3137817,-0.19377604,-0.2734707,0.5615504,0.7492464184761047,0.27366936,3.3685043,2.7385635
8292,2.2634826,0.0056369114,-0.21122894,0.39422083,0.7016687989234924,0.2526274,3.0311966,2.1803832
8293,2.372652,-0.010780843,-0.26391816,0.507809,0.8060670495033264,0.12595533,2.2065907,1.4832141
8294,2.437465,-0.1826464,-0.31396607,0.5375849,0.5901322960853577,0.30687407,2.408961,2.861499
8295,2.169915,-0.071598485,-0.19131957,0.54477304,0.7262841463088989,0.25874195,6.2068567,2.8793156
8296,2.2727065,-0.010972502,-0.25995302,0.50323564,0.7422441244125366,0.25272673,3.4955065,2.862662
8297,2.288134,0.007138324,-0.18172175,0.3081619,0.7232616543769836,0.23632184,2.726442,1.5134808
8298,2.2567832,0.06460395,-0.21395846,0.48392966,0.7855260372161865,0.21593541,2.990632,1.911556
8299,2.3647096,0.013541792,-0.2302637,0.40448958,0.3567061424255371,0.21737432,2.2199614,1.9448513
8300,2.4120476,-0.1066089,-0.33817092,0.49727586,0.7859328985214233,0.20399614,2.542278,1.7599164
8301,2.314394,0.07760369,-0.27770874,0.46824744,0.6318570375442505,0.26629952,2.457541,2.37706
8302,2.2547722,-0.069246635,-0.23037529,0.4490342,0.7442934513092041,0.23335971,4.0613422,1.7727854
8303,2.2583456,-0.08266148,-0.23400757,0.524745,0.6485838890075684,0.27774933,3.675043,2.7439094
8304,2.424217,-0.1930295,-0.31650868,0.54440236,0.7447881102561951,0.20924848,2.4014008,2.0302207
8305,2.3245854,-0.055074327,-0.2624032,0.42607123,0.7857664227485657,0.20042394,2.9776309,2.0489032
8306,2.344268,-0.013844847,-0.24730505,0.51361156,0.41747817397117615,0.16517715,2.2316275,1.5872828
8307,2.1686058,-0.052499708,-0.22222885,0.5006062,0.79209965467453,0.26127952,6.2207055,2.684761
8308,2.373845,-0.09082766,-0.32091638,0.4853202,0.7421419620513916,0.25549197,2.941075,2.7682188
8309,2.2870078,-0.04518878,-0.19943237,0.33583885,0.6664827466011047,0.2656351,3.4542818,2.768231
8310,2.2102926,0.06944585,-0.23040864,0.31799084,0.85,0.20384073,4.2693853,2.5532892
8311,2.308626,-0.025807625,-0.15716605,0.41366044,0.5671711564064026,0.27637395,2.5681264,2.3766785
8312,2.32291,-0.04874748,-0.22571631,0.51723325,0.8008397221565247,0.18505128,2.623095,1.8160473
8313,2.2142026,0.12120969,-0.17706245,0.42517608,0.532853901386261,0.33412603,3.1352375,2.5001633
8314,2.2544086,0.029088177,-0.2194138,0.4093709,0.7803211808204651,0.22047988,3.1359508,2.210402
8315,2.2540174,-0.107622534,-0.1680977,0.46667278,0.839293897151947,0.16553965,3.1993752,1.9200115
8316,2.0821912,0.110927515,-0.1964038,0.4326784,0.6984750032424927,0.30895105,6.385367,2.8704226
8317,2.2225614,0.03178508,-0.19586307,0.5056358,0.778296709060669,0.21822888,3.029364,2.5737395
8318,2.1151388,0.029378736,-0.12674104,0.5356757,0.8491965532302856,0.20163648,4.96467,2.6926417
8319,2.3188314,0.004109277,-0.26180086,0.5807579,0.5417402386665344,0.30602223,2.6439548,2.404117
8320,2.20677,-0.06656684,-0.17828718,0.43085298,0.8116798996925354,0.23848541,4.9267797,2.4297462
8321,2.2535284,0.031902328,-0.26134518,0.437111,0.6152649521827698,0.28690553,3.9048119,2.5485783
8322,2.2313924,0.0044856872,-0.3231431,0.414024,0.8003605604171753,0.22056444,5.4118376,2.6906452
8323,2.3272197,0.0078048883,-0.28288987,0.52795446,0.7985809445381165,0.1589566,2.4331825,1.9580919
8324,2.3351529,0.032483544,-0.39201042,0.3482302,0.7579270601272583,0.2324691,3.1896758,2.5400999
8325,2.2633135,-0.08337133,-0.17641722,0.48644635,0.7854468822479248,0.21999176,3.4414186,1.6778961
8326,2.3750796,-0.16042237,-0.37805337,0.4707255,0.6255035996437073,0.30938533,3.8388495,2.7507267
8327,2.2007837,-0.018236496,-0.21756522,0.4064351,0.8240795135498047,0.20859459,4.5597982,2.6011105
8328,2.2901626,0.03310361,-0.24719676,0.4218138,0.6587874889373779,0.2703108,3.1027353,2.0940268
8329,2.4410942,-0.1376089,-0.35943386,0.5444314,0.5271154642105103,0.28393394,2.543871,2.4404135
8330,2.183845,-0.0037869925,-0.25557178,0.52765316,0.7915078401565552,0.2501651,4.807946,2.3678684
8331,2.2695873,-0.10548633,-0.19441473,0.53437346,0.7019683122634888,0.2527521,3.1471236,2.7278008
8332,2.1831427,0.13776366,-0.19188376,0.5401573,0.7997871041297913,0.21154785,3.3574624,2.3701363
8333,2.2173269,0.09699484,-0.16603519,0.41023552,0.597017228603363,0.3049389,3.2873964,2.8943505
8334,2.2136307,-0.1137444,-0.15200333,0.5485219,0.8078547716140747,0.23558916,3.9490747,2.7834399
8335,2.2625692,-0.021394577,-0.12446046,0.41280383,0.6743313074111938,0.27598086,2.9640794,2.3946826
8336,2.2217364,-0.046149436,-0.2826654,0.4079145,0.8485783338546753,0.21555637,5.56206,2.8424273
8337,2.4166071,-0.03716156,-0.3461346,0.5497222,0.3443740904331207,0.26383677,2.2754006,1.9983902
8338,2.2700813,0.036150184,-0.12151073,0.5038513,0.4635598957538605,0.316647,2.5515153,2.6833198
8339,2.2508624,0.03560728,-0.2289164,0.3620819,0.7839802503585815,0.23005374,3.7428544,2.7616954
8340,2.2809446,-0.019897973,-0.24758154,0.46190643,0.7345240712165833,0.26520738,3.3403108,2.8770063
8341,2.1765635,-0.12259733,-0.23691629,0.4956146,0.8457324504852295,0.21839696,7.3234367,1.6799928
8342,2.3978739,-0.036271498,-0.2672229,0.48491672,0.2852652370929718,0.31622526,2.0719843,2.3328326
8343,2.2698417,0.08248083,-0.20827374,0.39152133,0.8215615153312683,0.1820657,2.5908155,2.5458508
8344,2.3558536,-0.11564353,-0.19646576,0.45119813,0.756360650062561,0.19792667,2.658657,1.8750032
8345,2.2438536,0.0074921134,-0.1596256,0.28953716,0.7573664784431458,0.22944126,3.4073648,1.8207887
8346,2.2690217,0.020099128,-0.17222634,0.3529068,0.7901061773300171,0.23816292,2.734352,2.8693352
8347,2.1720624,0.018468644,-0.20911908,0.44941264,0.7801047563552856,0.23235346,4.7074814,2.3149905
8348,2.155048,0.023893764,-0.2545646,0.44548416,0.7594542503356934,0.2547805,6.0084305,1.9653555
8349,2.3423345,-0.13687204,-0.2470561,0.4551977,0.6650320291519165,0.27368477,3.228938,2.3419461
8350,2.176061,0.01737938,-0.26120025,0.46927583,0.8417523503303528,0.21014906,4.6271043,2.6599255
8351,2.4247072,-0.14299916,-0.37674555,0.51873094,0.7771395444869995,0.14154692,2.4359457,1.308894
8352,2.148238,0.091256626,-0.321186,0.3479156,0.7864692211151123,0.27338913,8.242991,2.8865585
8353,2.2626097,0.037705254,-0.26026595,0.46549374,0.7082033753395081,0.2667282,3.3281267,2.6399992
8354,2.400571,0.018353377,-0.32570234,0.44171724,0.5338719487190247,0.23131128,2.0916421,2.336327
8355,2.0923438,0.034437884,-0.2025025,0.41559854,0.7593600153923035,0.29414973,9.176969,2.8700526
8356,2.3225965,-0.041386846,-0.3161681,0.3840165,0.6115192174911499,0.3070602,3.5143948,2.6566758
8357,2.1882067,0.015243585,-0.19675086,0.49329486,0.7400197982788086,0.24617574,4.2208176,2.6749806
8358,2.2117887,0.14837939,-0.24755956,0.39809847,0.77198326587677,0.22204445,3.4094572,2.7173493
8359,2.227717,0.07748774,-0.2898815,0.3937641,0.8244760632514954,0.22795685,4.241797,2.2555494
8360,2.336978,0.025558967,-0.16833861,0.33481672,0.511400580406189,0.25500864,2.261113,2.4259005
8361,2.2591038,0.018484373,-0.15110582,0.41262066,0.8213122487068176,0.11296338,2.283541,1.1710925
8362,2.1828494,0.05338424,-0.21320486,0.24437936,0.7855139970779419,0.24212907,4.838199,2.7243867
8363,2.303857,0.086642906,-0.28771448,0.48734808,0.7971025109291077,0.15136114,2.3321831,1.9726012
8364,2.2371273,-0.009640127,-0.24482822,0.3913225,0.7382887601852417,0.2517074,4.0652094,2.887693
8365,2.280999,-0.03902338,-0.34620667,0.51394355,0.8004109263420105,0.2294285,3.9523945,1.809087
8366,2.3575919,-0.13776977,-0.34110782,0.54564947,0.6393638849258423,0.2915978,3.4770486,2.5938482
8367,2.272994,-0.13106845,-0.2192488,0.44699344,0.85,0.18403134,3.639602,1.7508106
8368,2.2036967,0.05764901,-0.23026866,0.3988837,0.85,0.17304382,3.9585729,1.9429134
8369,2.3647537,-0.12474773,-0.35228807,0.5643479,0.7918074727058411,0.20437145,2.841237,1.5198734
8370,2.248815,0.022807654,-0.2449041,0.42584342,0.7194436192512512,0.2710259,3.4747622,2.6515276
8371,2.311474,0.12949929,-0.24123204,0.4602582,0.6592764258384705,0.24448286,2.1367137,2.0805042
8372,2.3538013,-0.02560892,-0.23220116,0.4541307,0.7335774302482605,0.1360757,2.2381086,1.695241
8373,2.4444346,0.003607634,-0.33626246,0.39966545,0.3919304311275482,0.15855244,2.0643017,2.3221483
8374,2.556887,-0.09065918,-0.34929466,0.4973972,0.3954066038131714,0.27523267,2.0676126,2.3754117
8375,2.3004832,-0.06846077,-0.17889513,0.43119496,0.746502161026001,0.24794939,2.7884347,2.713834
8376,2.3653197,-0.13979208,-0.33289388,0.41711286,0.8066220879554749,0.1845849,2.969167,1.6125878
8377,2.1876922,-0.0738753,-0.09967838,0.59976333,0.8123934864997864,0.18720439,3.5012853,1.7420485
8378,2.4657514,-0.12228291,-0.37778813,0.5677451,0.7853788137435913,0.18597998,2.2588656,1.8692664
8379,2.2493775,-0.076095715,-0.32759282,0.60996675,0.6708705425262451,0.30175447,4.813883,2.811203
8380,2.2349927,-0.08777827,-0.17962563,0.3994501,0.7915748953819275,0.21594504,3.972373,2.516287
8381,2.2436717,0.06815955,-0.24337514,0.5287317,0.7106539011001587,0.2768131,3.2688446,2.3859265
8382,2.2139506,-0.10818562,-0.15745318,0.5236382,0.8406100869178772,0.19507225,4.1411834,2.2207484
8383,2.3390055,-0.048465114,-0.33945957,0.5848042,0.797209620475769,0.19701011,2.9742339,1.9624531
8384,2.1569722,0.041466802,-0.24041468,0.34427655,0.7458318471908569,0.27495655,6.9320893,2.690252
8385,2.209166,-0.075760484,-0.28909132,0.45835498,0.789045512676239,0.2275041,5.8449407,1.9803406
8386,2.1981204,-0.08635267,-0.26013634,0.50928146,0.7830445170402527,0.23685327,6.059818,2.0135431
8387,2.2310944,-0.021347318,-0.21348502,0.50000644,0.8032298684120178,0.219135,3.9268491,2.233773
8388,2.2469358,-0.04192123,-0.09881389,0.5458528,0.6878448128700256,0.28909606,2.6165469,2.5818057
8389,2.1562018,-0.065480076,-0.25153178,0.5257829,0.7572404742240906,0.29597557,8.546268,2.7282927
8390,2.2127082,-0.1070425,-0.20113094,0.44676316,0.7639314532279968,0.25295123,5.229875,2.8856194
8391,2.2193449,0.10812933,-0.1400207,0.46181148,0.8087558746337891,0.18352953,2.682309,1.7491884
8392,2.2848792,-0.042599816,-0.18655106,0.5408224,0.7186519503593445,0.26854193,3.0354772,2.734756
8393,2.2809076,-0.11678664,-0.29532516,0.56963605,0.7579927444458008,0.2528995,4.1343374,2.5339167
8394,2.176704,0.010885192,-0.2133488,0.4648423,0.85,0.16153963,4.237115,1.5815907
8395,2.2133389,-0.14999352,-0.2681401,0.5141384,0.7342225313186646,0.29696548,7.7623014,2.8958426
8396,2.2085907,0.038694765,-0.28208414,0.5294895,0.7791754007339478,0.24575874,3.505661,2.7579014
8397,2.1899402,-0.08701877,-0.18501921,0.48505154,0.8037045001983643,0.21959792,5.1464944,2.7871368
8398,2.2700632,-0.07454393,-0.21970539,0.4874098,0.8353837132453918,0.19395892,3.1880658,2.1948695
8399,2.2661204,-0.19841179,-0.18602417,0.59314454,0.85,0.18571346,3.784547,1.7426448
8400,2.304263,0.009807149,-0.12736481,0.40667778,0.038832053542137146,0.27092874,2.2654626,1.9928658
8401,2.3188062,-0.07126985,-0.21053267,0.49307722,0.8198809027671814,0.17819613,2.4418797,1.7265613
8402,2.2976358,-0.08804385,-0.19559495,0.50903064,0.7682698965072632,0.2432623,2.8721123,2.9116898
8403,2.227168,-0.04487949,-0.1919514,0.41409966,0.7941253185272217,0.19850272,4.106962,2.1065319
8404,2.1751955,0.0629553,-0.20484515,0.40797874,0.7913631796836853,0.20770901,4.129864,1.8485324
8405,2.32867,-0.060937982,-0.25968346,0.4075373,0.6617396473884583,0.29221198,3.5360465,2.6161537
8406,2.329912,0.052313525,-0.25771475,0.2859124,0.5651785135269165,0.26609686,2.5907292,1.9045575
8407,2.374218,-0.0044601574,-0.38149062,0.5029631,0.7660484910011292,0.18362558,2.977105,2.1905062
8408,2.5067022,-0.11006464,-0.41928688,0.34240192,0.7519126534461975,0.17741056,2.3289719,1.8974835
8409,2.204207,0.062253624,-0.15497874,0.4680636,0.7112823128700256,0.2578658,3.5751119,2.504
8410,2.2521317,-0.049730998,-0.19607499,0.44083995,0.7688542604446411,0.22743668,3.6380742,2.3102517
8411,2.3346689,-0.017028028,-0.24020752,0.42612806,0.6819033026695251,0.23165601,2.766846,2.447137
8412,2.1869254,-0.018547107,-0.25866273,0.53323597,0.7287116646766663,0.27964893,5.403016,2.9064422
8413,2.1872048,0.010796145,-0.18459149,0.4299775,0.7303887009620667,0.2580356,4.6420774,2.4336793
8414,2.3044116,-0.040384028,-0.25758705,0.39632183,0.7754701972007751,0.22787094,3.1532743,2.1134484
8415,2.363465,-0.042671755,-0.27577224,0.39488083,0.686686098575592,0.23761953,2.6784604,1.9300245
8416,2.3063533,0.0067805992,-0.29009795,0.5130706,0.755793571472168,0.22917423,2.8007023,1.7258301
8417,2.3146176,-0.04262268,-0.27441838,0.49566665,0.6591148376464844,0.25637904,3.218025,2.3641818
8418,2.2401533,0.013051243,-0.3226803,0.45803735,0.85,0.23750994,3.9675148,2.6502154
8419,2.2871366,-0.10623159,-0.31551564,0.5971913,0.7260688543319702,0.27620202,4.2510667,2.663999
8420,2.3048522,-0.026048742,-0.21930893,0.5109225,0.7952401638031006,0.20285353,2.752282,2.3875494
8421,2.113787,0.024453977,-0.17478892,0.52385217,0.7323076725006104,0.26836947,6.307777,2.699329
8422,2.3141415,0.02673192,-0.22366354,0.44631255,0.5537945032119751,0.24621077,2.6813867,1.6712523
8423,2.2499719,-0.0006267124,-0.27140346,0.56519854,0.7959839105606079,0.2007813,3.514941,2.1557388
8424,2.224123,0.01558127,-0.28343883,0.415153,0.8040036559104919,0.23839414,4.3100257,2.6443052
8425,2.2620146,0.021660632,-0.2466945,0.4480766,0.7612729668617249,0.25544173,3.3184261,2.5021708
8426,2.3246655,-0.033271205,-0.27710438,0.56889147,0.8212159276008606,0.18813983,2.6462872,2.2399645
8427,2.3060338,-0.14644594,-0.2703008,0.49715075,0.679617166519165,0.27416912,4.0269475,2.7043326
8428,2.076467,0.02705869,-0.21070755,0.46920672,0.7426989078521729,0.30443475,9.231605,1.7458961
8429,2.3870037,-0.036114614,-0.29681945,0.53683835,0.48312002420425415,0.24623093,2.2030933,2.058419
8430,2.4778028,-0.1691023,-0.29857716,0.46454248,0.6665731072425842,0.16088903,2.1327329,1.595838
8431,2.400373,-0.09479817,-0.3512288,0.42497304,0.49160850048065186,0.3311552,3.0940092,2.8175206
8432,2.283507,-0.017089779,-0.1677957,0.4305924,0.7003598809242249,0.2416106,2.9782774,2.1490548
8433,2.2302935,-0.037852336,-0.23741342,0.49208012,0.791987419128418,0.21916562,3.9966252,2.5382478
8434,2.1434321,0.04207149,-0.17483167,0.47432765,0.7145946621894836,0.2736282,4.7616425,2.8728886
8435,2.3688152,-0.015123146,-0.18956341,0.42176992,0.5675766468048096,0.20791048,2.2086294,2.02893
8436,2.4053473,-0.10611555,-0.31278998,0.5562455,0.6155205965042114,0.26362935,2.4322727,2.4254723
8437,2.2929075,0.03705284,-0.2099339,0.48551247,0.45684167742729187,0.28796837,2.636145,2.5342793
8438,2.2130234,-0.10931571,-0.3090565,0.59481406,0.7537134885787964,0.26826915,7.048803,2.7815895
8439,2.3316352,-0.026806349,-0.21160455,0.48902574,0.7517755627632141,0.1697017,2.146566,1.4159931
8440,2.2565567,-0.06391307,-0.23212567,0.46978444,0.7689462900161743,0.24377596,3.973288,2.6936884
8441,2.1747942,-0.031770635,-0.26334855,0.37748605,0.7253009676933289,0.28389424,8.251214,2.3009148
8442,2.2158978,0.004343513,-0.20155191,0.4222769,0.795768141746521,0.2217778,3.7809865,2.844839
8443,2.4189098,-0.026245173,-0.29614964,0.45479834,0.3425203561782837,0.26903427,2.1040442,2.5103054
8444,2.3040583,-0.048009418,-0.27296278,0.5317976,0.8453477621078491,0.19648962,2.712216,1.8804573
8445,2.3382103,-0.061947197,-0.2509814,0.58396524,0.6431947946548462,0.2822082,2.3859756,2.4736779
8446,2.2890055,-0.12450532,-0.24659587,0.4504499,0.6931406855583191,0.27930236,3.6800125,2.807155
8447,2.2858367,-0.001191237,-0.24939997,0.55359775,0.7223901152610779,0.26219293,2.9321148,2.8717873
8448,2.2252057,-0.06157486,-0.26441243,0.5148748,0.7638920545578003,0.25380868,4.608922,2.6223223
8449,2.24715,0.051322367,-0.25994605,0.4168635,0.80720454454422,0.2193125,2.9924445,1.9295934
8450,2.3727152,0.019330664,-0.23901823,0.37084526,0.38897690176963806,0.23817131,2.2511098,1.8052775
8451,2.245522,-0.06695538,-0.25018042,0.52581686,0.6314339637756348,0.29307237,4.3244853,2.6966639
8452,2.2807426,-0.032685447,-0.27723697,0.5025768,0.8473947048187256,0.19339857,3.3764362,1.7220099
8453,2.3470674,-0.058464058,-0.16928618,0.35851207,0.4725019335746765,0.3083624,2.6294625,2.4873068
8454,2.253904,0.039875396,-0.21392845,0.44370005,0.8440431952476501,0.20982467,3.0716662,2.317475
8455,2.3404615,-0.12060338,-0.30065307,0.41470656,0.8355854749679565,0.18439023,3.0939252,2.417624
8456,2.2796516,0.006101671,-0.27835906,0.51621133,0.8219953775405884,0.19194435,3.0131125,2.175845
8457,2.4229066,-0.022530396,-0.3232585,0.5097335,0.6969543695449829,0.18476965,2.0753632,2.1558824
8458,2.1050663,0.1285652,-0.1896876,0.48865035,0.753665030002594,0.22781344,4.838019,2.6310291
8459,2.3107498,-0.13411666,-0.12952004,0.39449582,0.8032532930374146,0.20248915,2.6688716,1.9809549
8460,2.2830513,-0.12063967,-0.38679445,0.48119265,0.85,0.21384653,5.6496687,2.1071565
8461,2.1817663,0.043286167,-0.16080993,0.4832241,0.7907965779304504,0.2243066,3.5441997,2.2843447
8462,2.4159007,-0.17245342,-0.30846706,0.48038462,0.7427515387535095,0.23541753,2.9085262,2.2554154
8463,2.263583,-0.11692382,-0.2595961,0.4416528,0.85,0.19816102,4.2013807,2.7156231
8464,2.2076666,-0.0006267263,-0.15563238,0.41359955,0.7206947207450867,0.26892918,3.815774,2.585525
8465,2.4037206,-0.068937995,-0.30456036,0.60180426,0.619874119758606,0.2297306,2.1072085,2.5289543
8466,2.2690325,0.011184626,-0.21098456,0.51323646,0.6641172766685486,0.2781049,3.0246913,2.8031373
8467,2.3792388,0.04877449,-0.44052717,0.31940946,0.8160656094551086,0.18944995,2.8121557,2.4177766
8468,2.3930814,-0.0935879,-0.25368866,0.42754617,0.4027833044528961,0.3367617,2.4710073,2.7303915
8469,2.1752744,0.10224408,-0.24584511,0.5828684,0.7852868437767029,0.22722572,4.1051755,2.577453
8470,2.2174282,-0.0008933939,-0.24961199,0.36526904,0.8259937763214111,0.1985196,4.449525,2.2536936
8471,2.3691916,-0.026082156,-0.22140466,0.5212334,0.4613015949726105,0.28990123,2.1161418,2.8713818
8472,2.3610485,-0.041955635,-0.20310803,0.4925043,0.6983848214149475,0.14327699,2.160054,1.6120663
8473,2.4189756,-0.0076960456,-0.3511819,0.2820431,0.7295273542404175,0.24014364,2.6543417,2.4822478
8474,2.2722483,-0.07298294,-0.2579799,0.5051647,0.7946411967277527,0.227278,3.8789196,2.4693208
8475,2.2359464,-0.08290398,-0.22897786,0.46913806,0.8402824401855469,0.19972295,4.456243,2.1547325
8476,2.3296833,-0.01703682,-0.21429256,0.508877,0.5805880427360535,0.2673905,2.650675,2.6202953
8477,2.3687446,-0.1162963,-0.25210637,0.43014255,0.795343816280365,0.2579537,2.6809266,2.1057794
8478,2.3903105,-0.18182379,-0.3497906,0.6578189,0.7961648106575012,0.2249565,3.046516,2.1576974
8479,2.3623712,-0.059671793,-0.33687043,0.5555187,0.5793801546096802,0.26072267,2.4310863,2.213509
8480,2.2637274,-0.025864877,-0.20231915,0.47903016,0.6979873776435852,0.26595604,3.4449124,2.610736
8481,2.3646414,0.0010214378,-0.25095576,0.50998724,0.4309852719306946,0.2078581,2.1352081,1.8087369
8482,2.3852074,-0.07848843,-0.3474322,0.41608763,0.6551659107208252,0.26875478,3.0494058,2.447282
8483,2.328234,-0.023235021,-0.37429696,0.5263474,0.7822674512863159,0.23008884,3.3942575,2.484222
8484,2.2748852,0.0051922887,-0.20739622,0.4666347,0.8032705783843994,0.16137384,2.722073,1.3333439
8485,2.2865007,-0.03813412,-0.2560253,0.45358926,0.7457979917526245,0.26320964,3.4362583,2.5214932
8486,2.1977565,0.05885873,-0.27614182,0.36345434,0.8365504145622253,0.19442566,4.6265597,2.693134
8487,2.2588327,0.073864624,-0.2902488,0.3874416,0.6504891514778137,0.2963376,3.5540528,2.861882
8488,2.204106,0.018240744,-0.18991388,0.3961853,0.8121766448020935,0.21571743,4.0840006,2.6404352
8489,2.2276933,0.0754995,-0.22340883,0.48693496,0.6662437319755554,0.2786826,3.2966156,2.695657
8490,2.2321954,0.0069166054,-0.24399306,0.49121255,0.7366061210632324,0.25208533,3.7826605,2.4337227
8491,2.4099019,0.02841694,-0.36486834,0.51979136,0.4649237394332886,0.23703426,2.2677608,2.012241
8492,2.3361423,-0.0258247,-0.28858343,0.47870812,0.750357985496521,0.23714422,2.8982675,2.8378792
8493,2.3641672,0.013479748,-0.25258508,0.41324726,0.552363932132721,0.23905624,2.1787186,1.7128581
8494,2.2497625,-0.048283752,-0.19478174,0.53333175,0.8471733331680298,0.19125247,3.3237371,2.1031015
8495,2.2592037,0.05447073,-0.28699654,0.4437523,0.6156767010688782,0.31058648,3.513466,2.7993538
8496,2.3844008,-0.051611494,-0.2098023,0.47977138,0.31945472955703735,0.2572004,2.366505,1.7319524
8497,2.2516756,0.01019951,-0.15925404,0.51536775,0.8286837339401245,0.17198521,2.5290353,2.142466
8498,2.4687903,-0.19116503,-0.37494022,0.59729254,0.5747565031051636,0.27985415,2.564673,2.433843
8499,2.348714,-0.04307687,-0.23952757,0.50276446,0.5197291970252991,0.28287706,2.242313,2.827921
8500,2.3950784,-0.007949093,-0.3733312,0.4058773,0.5822152495384216,0.2711945,2.7638323,2.763836
8501,2.3459423,-0.06753106,-0.1989286,0.48560575,0.7702951431274414,0.17359425,2.3257954,1.7109063
8502,2.2574856,0.013303495,-0.29411095,0.5228619,0.7684528827667236,0.25516823,3.6965907,2.4279022
8503,2.3301177,-0.039652202,-0.15608644,0.4235248,0.6110939383506775,0.26065123,2.217088,2.2440953
8504,2.3390274,-0.10456675,-0.31652525,0.4704612,0.7008094191551208,0.27156016,3.563032,2.4110322
8505,2.2176785,0.006631685,-0.2284846,0.35503528,0.84276282787323,0.18380359,3.9321015,2.8835506
8506,2.2905908,-0.034362555,-0.3095585,0.5347213,0.5809962153434753,0.3048318,3.7009604,2.741619
8507,2.2406805,0.029657532,-0.25977913,0.36277294,0.6918270587921143,0.2842156,4.042348,2.902433
8508,2.2505898,-0.017561711,-0.26022154,0.4251851,0.8021403551101685,0.22643988,3.7458856,2.5795033
8509,2.3932142,-0.17844087,-0.19292426,0.41302902,0.7190596461296082,0.22559845,2.5535145,2.765696
8510,2.4723177,-0.17079675,-0.38451424,0.47380418,0.6810855269432068,0.23356515,2.4411156,1.9217168
8511,2.189183,0.099561274,-0.27751002,0.393612,0.85,0.17983095,4.34903,1.6760969
8512,2.2120187,-0.0041085454,-0.21044669,0.3792092,0.6813031435012817,0.26739427,4.1643043,2.466469
8513,2.2497878,-0.0032852239,-0.2580961,0.34986144,0.8329309821128845,0.21407387,4.2228527,2.4177961
8514,2.3704886,-0.030182688,-0.1945778,0.4480082,0.3542885184288025,0.26153332,2.0909257,2.132822
8515,2.1517355,-0.023449238,-0.16707575,0.44948292,0.76204913854599,0.25755173,5.8193994,2.783729
8516,2.2518485,0.0021186136,-0.26398444,0.49986386,0.7053219079971313,0.2730854,3.8657653,2.1968644
8517,2.269895,0.10253415,-0.25477818,0.38061085,0.6995372176170349,0.23953582,3.0021615,2.142928
8518,2.2768817,0.031872313,-0.24687698,0.5064854,0.6778568625450134,0.24423745,2.8187373,2.2483613
8519,2.2619343,-0.042724002,-0.288539,0.67397183,0.7337034940719604,0.26683068,3.9706898,2.6139576
8520,2.1853561,-0.045314476,-0.19310045,0.53600883,0.800879955291748,0.20513068,4.205297,2.2664363
8521,2.3791754,-0.11821513,-0.23710003,0.5680362,0.7616717219352722,0.16689177,2.2706563,1.6636376
8522,2.2570508,0.08524409,-0.30563372,0.41429543,0.7192729115486145,0.24892817,3.2230487,2.7947776
8523,2.2997777,-0.15560025,-0.22941233,0.459362,0.7683433294296265,0.22764874,3.7767856,2.4551327
8524,2.325419,-0.04849309,-0.22530484,0.51640993,0.8120105266571045,0.1637256,2.5565004,1.9100419
8525,2.2388263,-0.10130402,-0.2674221,0.4492591,0.7639802694320679,0.266458,5.8779063,2.7558174
8526,2.2521837,0.024255786,-0.23546252,0.47565898,0.7241172194480896,0.24274693,3.472896,1.8670005
8527,2.2837594,-0.0603495,-0.13020036,0.59465927,0.5846092700958252,0.2596687,2.300888,2.5270658
8528,2.3765602,-0.02524511,-0.4075037,0.51239586,0.8074114918708801,0.22578137,3.0440822,2.1914864
8529,2.2063391,-0.08302579,-0.23550637,0.5429115,0.807120680809021,0.21880446,4.7735767,2.0989132
8530,2.322337,-0.047336377,-0.2611556,0.40004164,0.7518015503883362,0.22365825,3.0602248,2.5209095
8531,2.184792,-0.09034202,-0.15377705,0.46837464,0.8336370587348938,0.19031386,5.011481,2.7733588
8532,2.2733307,-0.068807244,-0.22714855,0.4726592,0.7152435183525085,0.29010296,3.7431216,2.4560418
8533,2.253248,0.04405618,-0.21463336,0.34217352,0.6756489276885986,0.29799184,3.655548,2.6327894
8534,2.2576823,-0.05662422,-0.19274111,0.42029303,0.7204862833023071,0.24588351,3.668668,2.3748314
8535,2.3559067,-0.09757873,-0.36762804,0.48588824,0.7205320596694946,0.2498714,3.4560587,2.5452037
8536,2.0709991,-0.035473816,-0.17706297,0.47381353,0.7364743947982788,0.32113227,11.976869,1.4400866
8537,2.0986152,0.16938981,-0.13604555,0.35563368,0.8222861289978027,0.2319837,4.1761255,2.7616906
8538,2.2384336,-0.038883187,-0.15820001,0.47291577,0.7404114603996277,0.25534827,3.0970106,2.514508
8539,2.2827268,-0.056689363,-0.29272425,0.37641168,0.7662546634674072,0.24055575,4.076824,2.8381991
8540,2.2092278,0.012627929,-0.23661377,0.5009895,0.8005124926567078,0.23400463,3.5017345,2.8057628
8541,2.1932492,0.04946842,-0.20520331,0.39629525,0.8352994918823242,0.19872123,3.8458376,1.9283519
8542,2.2449756,-0.0008652046,-0.17651874,0.46210197,0.7125614881515503,0.26487005,3.2354221,2.7707803
8543,2.2426229,-0.017352149,-0.20744696,0.41118783,0.6950331330299377,0.27047184,3.7229738,2.7970877
8544,2.22088,0.026315946,-0.3157759,0.39519504,0.7358972430229187,0.25095573,5.7382708,2.713287
8545,2.4418507,-0.05756202,-0.32897407,0.38847882,0.5964909791946411,0.18670054,2.460484,1.666781
8546,2.3489583,0.03211319,-0.18981336,0.51479787,0.4130532443523407,0.19161375,1.8227174,1.7664711
8547,2.361844,-0.06992731,-0.26616424,0.4233833,0.49010169506073,0.3271379,2.739254,2.7110875
8548,2.3028097,0.075231105,-0.28500453,0.37857956,0.6523464918136597,0.2463515,2.784374,2.2233348
8549,2.336375,0.0015124052,-0.27938893,0.40155062,0.6895408630371094,0.2276046,2.7314548,1.8171433
8550,2.2128127,0.076166846,-0.24181594,0.38198164,0.731495201587677,0.2649454,4.0522556,2.8784688
8551,2.443554,-0.0868779,-0.35920295,0.50887185,0.31281721591949463,0.30338073,2.2668478,2.0300207
8552,2.1705685,0.025018012,-0.19702305,0.60750073,0.8422006368637085,0.21289921,3.925773,1.9291556
8553,2.3049932,0.062447306,-0.24794514,0.42224264,0.49196383357048035,0.2865958,2.8135748,2.713009
8554,2.1561007,0.17050907,-0.24957919,0.47277677,0.8021870851516724,0.23660046,4.2069774,2.811882
8555,2.193717,0.064245895,-0.234707,0.4932197,0.7961872220039368,0.20766048,3.8113723,2.463812
8556,2.2793484,-0.0914937,-0.29219988,0.49279365,0.7985442280769348,0.18232895,3.7681723,2.651785
8557,2.428664,-0.2544054,-0.35895762,0.5529044,0.8255142569541931,0.2029012,3.3891563,2.281657
8558,2.2469187,0.00048653976,-0.25016105,0.3961385,0.8376158475875854,0.17846645,3.5797942,2.0688787
8559,2.3744342,-0.022879677,-0.31662118,0.50090665,0.6460086107254028,0.25007206,2.4304612,1.9939308
8560,2.0565364,0.11849525,-0.12565312,0.39976197,0.8261200189590454,0.24538578,7.0796556,1.8606482
8561,2.254844,0.05817767,-0.3925125,0.42774996,0.7796110510826111,0.24118084,4.206162,2.4962678
8562,2.3800907,0.015946139,-0.2905289,0.47973782,0.6809372305870056,0.18775597,2.1362913,2.137714
8563,2.3480499,0.01391897,-0.28916147,0.5744365,0.5624046921730042,0.24624085,2.303301,2.1696782
8564,2.3804803,-0.13960606,-0.37115487,0.4182465,0.8189602494239807,0.19550617,2.9302363,2.2074764
8565,2.171852,0.022139737,-0.2821814,0.42958057,0.8286981582641602,0.21973246,5.4175243,1.6359926
8566,2.1996584,-0.048920453,-0.21548937,0.41379127,0.8142874836921692,0.20781171,5.3967514,1.9600418
8567,2.3121936,-0.09457669,-0.20401357,0.31294444,0.7060758471488953,0.25782716,3.202476,2.9104788
8568,2.2262256,-0.022830164,-0.29598394,0.61917603,0.7938330173492432,0.24520455,4.5292025,2.3817606
8569,2.2548013,0.047604468,-0.26210827,0.43019065,0.811301052570343,0.1895462,2.9659271,2.8261635
8570,2.2499084,0.038008835,-0.13046439,0.34134257,0.7827633023262024,0.20570287,2.733117,2.1203299
8571,2.0853662,0.036822177,-0.13549922,0.49766156,0.754817545413971,0.26144302,6.948784,2.6237016
8572,2.1413102,0.04751615,-0.2220727,0.40526944,0.8034120798110962,0.22940162,6.1251893,1.8160994
8573,2.2848568,-0.019636057,-0.28832346,0.43394142,0.7232614755630493,0.2825233,3.3156905,2.8280754
8574,2.34134,-0.14551741,-0.28234833,0.6487013,0.7572000622749329,0.26108322,3.4160545,2.4744334
8575,2.231992,0.0039569717,-0.3143994,0.3716681,0.8188571929931641,0.22327651,5.057527,2.7925856
8576,2.3034267,-0.031395845,-0.2764668,0.49817568,0.734531044960022,0.21791828,2.995051,2.4001818
8577,2.240866,-0.0017114542,-0.12690033,0.4915617,0.8185202479362488,0.18264341,2.916785,1.6416762
8578,2.2137604,0.060105283,-0.21837768,0.5398293,0.7632287740707397,0.23085338,3.3798969,1.8859706
8579,2.2138517,0.015188574,-0.22290719,0.2513031,0.7745925784111023,0.21205853,4.3077726,2.163347
8580,2.2140546,-0.11558339,-0.2527424,0.50171345,0.73822420835495,0.28099057,6.6866474,2.884801
8581,2.1678042,0.011643594,-0.23656495,0.5748322,0.6754537224769592,0.27979952,5.227821,2.633386
8582,2.3254733,-0.04147768,-0.19660248,0.48728603,0.6680071949958801,0.25281507,2.4317787,2.6568918
8583,2.2856393,-0.058339577,-0.29567155,0.4674039,0.74319988489151,0.23721601,3.7664633,2.3531284
8584,2.287893,0.049497977,-0.26493415,0.42214027,0.8019281625747681,0.17017338,3.0427525,1.9353693
8585,2.3997412,-0.107426286,-0.30383807,0.5082673,0.7343589663505554,0.20826957,2.5483768,1.7879875
8586,2.2405984,-0.076802425,-0.21163626,0.4511534,0.8075368404388428,0.22974452,3.8918424,2.840284
8587,2.2332356,0.06517964,-0.19166462,0.4509974,0.7738929986953735,0.26075098,3.3794196,2.5967896
8588,2.2033215,0.030435288,-0.27333573,0.36386237,0.8447383642196655,0.188435,5.0084095,2.388755
8589,2.3082113,-0.21274824,-0.18549693,0.6053527,0.8167228698730469,0.22437178,3.7328405,2.2285554
8590,2.195838,0.062462907,-0.19867116,0.53632456,0.7801498770713806,0.26696283,3.2035854,2.6244123
8591,2.4039803,-0.15245932,-0.37404168,0.5541762,0.8193041086196899,0.19145648,2.8854496,2.0126555
8592,2.2278388,-0.0777792,-0.15380861,0.5366215,0.8124279975891113,0.19996233,3.569872,1.865741
8593,2.1428957,-0.14312732,-0.22084635,0.6005529,0.7506242990493774,0.29284647,9.331554,2.2036715
8594,2.285929,0.0056097684,-0.25643575,0.3904105,0.7656251192092896,0.2178445,2.9249995,2.134769
8595,2.2063065,-0.023035409,-0.3435216,0.4941579,0.7695675492286682,0.24250251,7.161882,2.4940453
8596,2.2128026,-0.10157099,-0.1438255,0.7120325,0.6975614428520203,0.2932627,3.8496435,2.8977082
8597,2.1737235,0.11647706,-0.15448083,0.45437437,0.6713426113128662,0.28405508,3.4577196,2.8640313
8598,2.2460594,0.035464168,-0.10010425,0.4393926,0.5900084972381592,0.27042124,2.8015504,2.562322
8599,2.224436,-0.025338659,-0.29196513,0.5340527,0.834483802318573,0.19576971,4.239711,2.3158455
8600,2.0640574,0.11677698,-0.3144401,0.52938926,0.7692700028419495,0.31425133,11.642841,1.6783491
8601,2.219472,-0.11604322,-0.22593787,0.56642365,0.7974864840507507,0.22019936,4.6141906,2.682266
8602,2.3150327,0.049143225,-0.14102153,0.407813,0.5798267722129822,0.13853626,2.0735822,2.0165613
8603,2.1938674,0.0013850791,-0.22944245,0.45905706,0.7876332402229309,0.23189668,4.302307,2.7970283
8604,2.1417568,0.1983731,-0.23657687,0.4079682,0.8199185729026794,0.21810669,4.330942,2.5601766
8605,2.2478845,-0.020981165,-0.30324295,0.5215171,0.8074869513511658,0.23246634,3.960585,2.5080402
8606,2.2766438,0.034422003,-0.26525924,0.46834594,0.6810168027877808,0.26335213,3.2159398,2.696537
8607,2.4265907,-0.07805002,-0.24420764,0.43833962,0.19690807163715363,0.18291274,2.0927503,1.9863015
8608,2.2478778,0.071373835,-0.24454156,0.40834334,0.7880696654319763,0.22391841,3.073375,2.046515
8609,2.1578438,-0.059607938,-0.1735835,0.5717001,0.7649235725402832,0.25272208,5.3711023,2.694701
8610,2.3073518,-0.14472903,-0.24632162,0.5506439,0.6000168919563293,0.3046623,3.8194795,2.8853064
8611,2.2680643,-0.076903865,-0.18003958,0.4317611,0.709187388420105,0.24389876,3.1557574,2.1845305
8612,2.321889,-0.008049821,-0.23067059,0.4845175,0.627090573310852,0.23290917,2.577136,2.2436004
8613,2.2863264,-0.057055995,-0.20154378,0.46776953,0.7981009483337402,0.22904928,2.9501843,2.3173935
8614,2.261957,-0.05291736,-0.32313108,0.43560967,0.8476665616035461,0.16888143,4.8391113,2.275701
8615,2.2478418,-0.023957245,-0.1994333,0.4332874,0.7084042429924011,0.2767068,3.7250743,2.8661737
8616,2.1601448,0.12228796,-0.26209116,0.47301835,0.6573371887207031,0.2927716,4.7460523,2.5705268
8617,2.1794693,0.001945808,-0.14590049,0.47930187,0.7698580622673035,0.2258618,3.9454863,2.62543
8618,2.3750637,-0.052040048,-0.20951878,0.40303656,0.4399290382862091,0.18096806,2.1919117,1.311794
8619,2.3668258,-0.12022812,-0.35713103,0.57686126,0.6762958765029907,0.29752785,3.50353,2.5111914
8620,2.3083937,-0.05511851,-0.19624236,0.46914524,0.7080324292182922,0.22808796,2.8325815,1.7778307
8621,2.3011253,-0.0728785,-0.17685042,0.4703279,0.6865790486335754,0.2803171,3.1792593,2.8393228
8622,2.3698575,0.008744051,-0.302638,0.4058451,0.612342119216919,0.28402805,2.6207328,2.3335824
8623,2.2675128,-0.017267287,-0.17343257,0.30501866,0.8030703663825989,0.19745459,3.1782324,1.7744952
8624,2.3349097,-0.07748873,-0.3052614,0.4666145,0.7919928431510925,0.18559146,3.0025563,2.022467
8625,2.1659083,-0.030431403,-0.1956701,0.49257565,0.6943498253822327,0.2851117,5.3488426,2.795276
8626,2.3402643,0.026280472,-0.2642428,0.5483614,0.4862624406814575,0.18800955,2.0726626,1.55237
8627,2.2383144,-0.06833229,-0.21425104,0.46745807,0.7597888708114624,0.24579027,4.0027957,2.7236178
8628,2.3651986,0.02255158,-0.3268243,0.56054956,0.5035437345504761,0.2627736,2.4328096,1.8691494
8629,2.3153706,-0.05474787,-0.21999,0.47576144,0.7259981036186218,0.24758081,2.8793287,2.4836037
8630,2.3128746,-0.034891788,-0.15880468,0.4059948,0.6448937058448792,0.24520268,2.4199102,1.69832
8631,2.177889,-0.06935983,-0.20841838,0.48989296,0.824629545211792,0.2373184,6.607467,2.4516745
8632,2.2082236,-0.06642118,-0.15816578,0.55611783,0.8105698823928833,0.2142709,3.6260145,1.871033
8633,2.2692487,-0.04469065,-0.2593822,0.44004494,0.7533906698226929,0.2413031,3.9014754,2.4510736
8634,2.2274861,0.0015468603,-0.18859528,0.3100231,0.6947557330131531,0.28380772,4.044388,2.9146137
8635,2.1076226,0.021762237,-0.1701472,0.36655304,0.8031958341598511,0.2576157,7.2230864,2.282295
8636,2.2769966,-0.027886095,-0.18013161,0.34707078,0.6138899922370911,0.20240064,2.563111,1.3389007
8637,2.3655205,0.025478251,-0.27038783,0.38213527,0.4987342357635498,0.25647184,2.3163903,1.9737211
8638,2.3548906,-0.11030133,-0.2996067,0.48681718,0.7632367610931396,0.23864028,3.1732197,1.8325008
8639,2.3209803,0.00036201862,-0.29155162,0.4204491,0.844102144241333,0.19004036,2.5748556,2.1322243
8640,2.2090693,0.05025553,-0.2764641,0.38787758,0.759192705154419,0.23453847,4.4410048,2.521696
8641,2.221422,0.016498718,-0.07664309,0.41425386,0.7787984013557434,0.2187131,2.8476193,2.0232916
8642,2.370664,-0.061806634,-0.33449152,0.46365392,0.7777852416038513,0.23768099,2.7654374,2.003083
8643,2.2459388,0.075216115,-0.24407502,0.4831564,0.7589545249938965,0.20799842,2.6083732,2.5782223
8644,2.3924966,0.0098092975,-0.28284138,0.4467355,0.3982837498188019,0.2790224,2.1395578,2.4924135
8645,2.337838,-0.02950958,-0.29311725,0.4860064,0.6338387727737427,0.2622001,3.000105,2.5974395
8646,2.3661132,-0.05109413,-0.27675983,0.52869797,0.4070284068584442,0.30057022,2.4155462,1.927668
8647,2.2701983,-0.07159296,-0.12903194,0.598866,0.7483407258987427,0.24541976,2.9208386,2.2908924
8648,2.181432,-0.12427328,-0.19121756,0.59586334,0.7925829887390137,0.23691487,5.777555,2.2256143
8649,2.2605734,-0.16874759,-0.18533294,0.5043031,0.804165244102478,0.21777493,4.108204,2.3436341
8650,2.3120215,-0.07311298,-0.3171296,0.5695558,0.7774943709373474,0.24253409,3.2970526,2.7978208
8651,2.1892126,-0.06956807,-0.17753391,0.44208997,0.8259347081184387,0.22398098,5.0029798,2.8680432
8652,2.271068,-0.0059698173,-0.19245775,0.39057127,0.6457879543304443,0.2774098,2.9741175,2.8101048
8653,2.237315,0.12561163,-0.37800753,0.5774022,0.7741758823394775,0.2513845,3.751356,2.738488
8654,2.165096,-0.021991806,-0.21620192,0.5005279,0.7076378464698792,0.2613706,5.062918,2.6085892
8655,2.4154608,0.03166304,-0.3833931,0.5608355,0.5561769008636475,0.20194602,2.1590936,1.9303468
8656,2.2616003,0.009947732,-0.27770573,0.4275768,0.6762062907218933,0.26020533,3.870324,2.8911114
8657,2.3038177,-0.118853435,-0.2767956,0.44179243,0.7861787676811218,0.21970125,3.5614362,2.6803548
8658,2.3035958,0.08632557,-0.27748495,0.4961865,0.8356320261955261,0.16540247,2.344822,1.6425284
8659,2.2614634,0.049736775,-0.21930625,0.55324566,0.8303893208503723,0.18842855,2.6629171,2.1271677
8660,2.1968164,-0.026583849,-0.11220181,0.542876,0.7746732831001282,0.23543088,3.4891467,2.658262
8661,2.3819664,-0.06552632,-0.30914077,0.45250803,0.7611788511276245,0.20963402,2.33082,1.8763692
8662,2.2957299,-0.039533567,-0.27234602,0.42192453,0.800146222114563,0.23890299,3.226393,2.7718358
8663,2.3489642,-0.05079681,-0.24106497,0.33781934,0.7488805055618286,0.21368119,2.7499251,2.4747484
8664,2.347282,-0.094796844,-0.31402093,0.37946963,0.7730057835578918,0.21546063,3.2200346,2.2530472
8665,2.3166552,-0.025693988,-0.23273353,0.3735826,0.8275567293167114,0.19316325,2.9861913,2.0342991
8666,2.2473023,0.020716906,-0.14838597,0.4704298,0.7126917243003845,0.24604493,2.9455373,2.6594248
8667,2.1810746,0.09424076,-0.23542677,0.4892354,0.7544316649436951,0.25932953,4.07061,2.909574
8668,2.4284492,-0.0040883385,-0.4158368,0.616893,0.28689849376678467,0.29739234,2.2740767,2.496645
8669,2.359432,-0.074138924,-0.26938802,0.5404833,0.7719935178756714,0.2155923,2.3907194,2.2558749
8670,2.2562437,-0.056830447,-0.22121026,0.45124248,0.7331004738807678,0.26968718,3.680177,2.741537
8671,2.2991493,0.06958444,-0.33167252,0.37107626,0.7826287746429443,0.2423695,3.2704024,2.5206816
8672,2.136139,0.02163148,-0.22149508,0.56476575,0.8271559476852417,0.21226983,5.312786,2.3310099
8673,2.4325252,0.07910668,-0.36812383,0.49825385,0.43928518891334534,0.23694605,2.0410407,2.7433028
8674,2.3191702,-0.11253388,-0.27169275,0.48569417,0.7277012467384338,0.2681095,3.255018,2.8185897
8675,2.4287002,-0.10027746,-0.29451123,0.34607658,0.7362585067749023,0.22518949,2.6367242,2.2184567
8676,2.2918577,0.08692662,-0.25085515,0.46113932,0.4606834053993225,0.28051916,2.78952,2.4979234
8677,2.2249484,-0.0029867666,-0.10105988,0.5580309,0.740822970867157,0.24541213,2.9238904,2.4486966
8678,2.2902758,0.015000837,-0.33792925,0.4167357,0.7528855800628662,0.26391485,3.7623959,2.633859
8679,2.2617378,0.015922988,-0.22611521,0.52223647,0.5712626576423645,0.32124335,3.3502088,2.6108594
8680,2.3195636,-0.08541214,-0.30189624,0.49054435,0.7014581561088562,0.25277907,3.4379957,2.8580716
8681,2.1532407,-0.03391869,-0.12678537,0.40430057,0.7788446545600891,0.24142793,5.4520173,2.4189887
8682,2.1612012,0.09361129,-0.20039795,0.46359333,0.7352228164672852,0.2363846,4.227179,2.0028625
8683,2.3576965,-0.059323203,-0.27301055,0.66383207,0.7718023657798767,0.2273898,2.2712722,2.023009
8684,2.216066,-0.07296836,-0.24702886,0.50062436,0.7289621233940125,0.25848103,5.2243347,2.7541184
8685,2.4404786,-0.10078854,-0.25281134,0.57560384,0.4305773973464966,0.22371504,2.087608,1.9923614
8686,2.3471797,-0.042966876,-0.29745296,0.4433274,0.8078798055648804,0.1795234,2.7230875,1.8378783
8687,2.3336966,-0.016653027,-0.22415443,0.5175585,0.46216654777526855,0.2806061,2.4968991,2.4609857
8688,2.3666935,-0.016948735,-0.31761944,0.60964566,0.6014745235443115,0.2705163,2.4420547,2.2591858
8689,2.2158172,-0.077218756,-0.16018912,0.49856907,0.743448793888092,0.25458017,4.2086325,2.7134573
8690,2.260682,0.026320621,-0.23200239,0.44163108,0.7219580411911011,0.23759168,3.1541967,2.846683
8691,2.399064,-0.12577951,-0.34809995,0.5716755,0.7779819369316101,0.21605153,2.7728674,2.6703982
8692,2.2492363,0.12091836,-0.17738785,0.43696207,0.6682475805282593,0.24523568,2.559099,2.2878857
8693,2.3968842,-0.12913024,-0.32081118,0.5249667,0.7139325141906738,0.21230449,2.4579194,1.5324197
8694,2.1874633,0.043110333,-0.10895592,0.494933,0.6923815011978149,0.26372036,3.5121753,1.9850744
8695,2.3135493,0.0917521,-0.24600008,0.44274592,0.4440760314464569,0.28336337,2.38755,2.0548487
8696,2.2775135,0.044637926,-0.22410204,0.2566052,0.85,0.20999552,2.9857614,1.7495812
8697,2.347657,-0.06700113,-0.29578388,0.56371874,0.6472728252410889,0.267989,3.0461364,2.2779799
8698,2.344228,-0.008202168,-0.20685153,0.26287353,0.6678612232208252,0.236811,2.421538,2.1158693
8699,2.3493702,-0.055603195,-0.26694134,0.48596677,0.778115451335907,0.19910459,2.6446483,1.9134207
8700,2.1310675,0.046349265,-0.087653525,0.355379,0.8407538533210754,0.1934949,4.5163946,2.5406222
8701,2.25726,-0.06463021,-0.32227394,0.45559952,0.8461583852767944,0.19072351,5.1664557,2.7495313
8702,2.2266142,-0.0024087476,-0.25304148,0.51283836,0.85,0.17122522,3.88627,2.313343
8703,2.123686,0.017388968,-0.20494388,0.4275888,0.8162764310836792,0.24155839,7.3332334,2.583367
8704,2.3459516,-0.03439199,-0.28569016,0.46993434,0.5981682538986206,0.28097677,2.6983957,2.0779688
8705,2.2993317,0.0047061215,-0.2715277,0.51724523,0.7785641551017761,0.20381644,2.5543485,1.8170235
8706,2.2675927,-0.10980173,-0.168037,0.55614346,0.7809686660766602,0.22455762,3.3967073,2.2996933
8707,2.2584956,-0.03103327,-0.27251402,0.53960603,0.7502011656761169,0.25183752,3.7662537,2.728357
8708,2.1781242,0.06602317,-0.26250044,0.36801252,0.7782583236694336,0.22213809,4.507245,2.5290194
8709,2.0844538,0.1545669,-0.1760614,0.3230827,0.8357803821563721,0.21351801,5.9063487,1.6365081
8710,2.257749,-0.042535387,-0.21405962,0.4773782,0.85,0.17054203,2.7959814,1.7501678
8711,2.3142207,0.00011554409,-0.07369724,0.4595867,0.690051257610321,0.17135985,2.1595001,1.5558428
8712,2.2824683,0.045648582,-0.23968741,0.4887175,0.8297200202941895,0.1768115,2.6349075,2.3242993
8713,2.2006576,0.12599169,-0.2870805,0.47630265,0.7554717659950256,0.2518872,3.8078594,2.3637345
8714,2.1271427,0.0747483,-0.12138156,0.38036177,0.6638535261154175,0.27199414,4.5623546,2.331995
8715,2.429316,-0.06769374,-0.322212,0.45268685,0.41148415207862854,0.23723216,2.5025613,1.7843744
8716,2.3415134,-0.06746528,-0.29916754,0.5524278,0.7165989875793457,0.2191776,2.9046447,2.0132253
8717,2.233755,0.0150318025,-0.271388,0.49423966,0.7506991028785706,0.24043101,3.5521896,2.7490745
8718,2.3238666,-0.052877825,-0.28815457,0.5025926,0.6906247138977051,0.26190162,3.248126,2.3403249
8719,2.408728,-0.10270535,-0.31214762,0.56532764,0.7451380491256714,0.25130227,2.4305212,2.4192653
8720,2.1722505,-0.006041951,-0.19944753,0.49505094,0.795690655708313,0.24557266,4.9551253,2.8005087
8721,2.253244,0.037073605,-0.28758043,0.518899,0.6683018207550049,0.27359542,3.5826101,2.8674498
8722,2.1557791,-0.13206731,-0.23244701,0.41283813,0.7481661438941956,0.31185493,12.522124,2.8883326
8723,2.2346368,-0.16772448,-0.3055098,0.5446644,0.8153087496757507,0.23755601,7.1497164,2.8013856
8724,2.3698099,0.028703688,-0.28822827,0.44286,0.40749049186706543,0.23685102,2.3458788,1.5914156
8725,2.3664687,-0.0539883,-0.30349743,0.50759655,0.6014910936355591,0.29463258,2.7922716,2.599648
8726,2.1848955,0.032096893,-0.20222068,0.43431944,0.784700334072113,0.21294522,4.269638,2.159878
8727,2.288784,0.04999814,-0.20507942,0.49100345,0.7259018421173096,0.1906015,2.3291454,1.60979
8728,2.2153823,-0.05584002,-0.096553706,0.48184857,0.7072762846946716,0.27680728,3.4715798,2.6396163
8729,2.2625902,0.016875058,-0.1506195,0.4515754,0.6883638501167297,0.2669773,2.933088,2.7971709
8730,2.2354777,-0.048523605,-0.16675599,0.5167184,0.8183518052101135,0.22776873,3.3621309,2.715368
8731,2.2033165,-0.10744,-0.21774015,0.38948354,0.8427190184593201,0.20633587,6.798036,2.003596
8732,2.2243552,-0.10897788,-0.26643252,0.5492937,0.7758268117904663,0.24185236,5.450027,2.8930924
8733,2.1508198,0.07872731,-0.208614,0.4425798,0.8226747512817383,0.20604573,4.498487,2.7627513
8734,2.3124633,-0.017454188,-0.34994137,0.44746187,0.6387217044830322,0.29135522,3.4656782,2.6507385
8735,2.3299365,-0.016431559,-0.24006534,0.3552102,0.7168787121772766,0.24053496,2.9113798,2.5502288
8736,2.216968,0.07735487,-0.35752493,0.47040614,0.7836315035820007,0.23260944,4.7499723,2.2682643
8737,2.2238314,0.0026904927,-0.26451373,0.65350753,0.7440189719200134,0.26172808,4.077656,2.2106144
8738,2.277045,0.033936743,-0.27167693,0.37230834,0.7219187617301941,0.25233865,3.4400494,2.3907664
8739,2.2165155,-0.025773477,-0.34563562,0.44532225,0.7063630819320679,0.28281513,6.545548,2.923906
8740,2.2510085,0.0904636,-0.27453554,0.5009891,0.8080268502235413,0.19427966,2.375777,1.5581071
8741,2.3554127,-0.048855696,-0.09482286,0.48613742,0.517624020576477,0.22294734,2.0962942,2.0698476
8742,2.275711,-0.07020186,-0.30159724,0.5792354,0.824679434299469,0.22216886,4.056302,2.3976603
8743,2.235427,-0.13772182,-0.26875883,0.6843174,0.7363359332084656,0.28881675,5.1171956,2.6932092
8744,2.3274405,-0.09149793,-0.2743633,0.3961169,0.7978812456130981,0.21270911,3.3943186,2.174173
8745,2.2966638,-0.013335613,-0.21752831,0.4219983,0.7871997356414795,0.21609452,2.710909,2.503451
8746,2.2494545,0.16281289,-0.22095141,0.48516002,0.5658000111579895,0.28584087,2.5251007,2.2961295
8747,2.264671,-0.08108478,-0.25951427,0.45323694,0.7405951619148254,0.26276296,3.7863154,2.7461977
8748,2.148678,-0.03598871,-0.15260826,0.39609972,0.8163851499557495,0.22765312,5.8622746,2.7616656
8749,2.2487512,0.08038456,-0.24085958,0.46689487,0.7971874475479126,0.22648816,3.1965592,2.032859
8750,2.122959,-0.025591671,-0.22401132,0.44655794,0.8056799173355103,0.27476954,9.668054,1.9128349
8751,2.4010792,-0.060163654,-0.28864148,0.5566656,0.31563901901245117,0.31965008,2.342972,2.758716
8752,2.4828265,-0.0393689,-0.37383336,0.51042205,0.6357550621032715,0.18121572,2.0975668,1.7729005
8753,2.2703044,0.021565443,-0.2647211,0.5301309,0.6098795533180237,0.28634694,3.2939527,2.2580864
8754,2.2219348,-0.020346357,-0.20169452,0.4493886,0.8180508017539978,0.1937185,3.8686287,1.8662521
8755,2.1718502,0.06342071,-0.2791997,0.3544891,0.7220287919044495,0.26907006,6.480514,2.5371153
8756,2.341582,-0.19928439,-0.16377567,0.48706907,0.7460847496986389,0.23482615,3.0034916,2.4360266
8757,2.3815694,0.038865883,-0.37258866,0.47757614,0.3536025583744049,0.28505775,2.402599,2.1520824
8758,2.2104955,0.0394373,-0.25041234,0.5174313,0.8173759579658508,0.19117215,3.8348906,2.6339583
8759,2.3937697,0.004801114,-0.18184267,0.586712,0.32964497804641724,0.22384532,2.049361,2.1125467
8760,2.2274663,-0.038817517,-0.20704854,0.49752507,0.6847719550132751,0.28062683,4.0747867,2.8840816
8761,2.1391697,0.091828965,-0.21129645,0.41064346,0.7038919925689697,0.27727687,5.2560797,2.8708804
8762,2.2424495,-0.08169924,-0.22419699,0.5355456,0.7962384223937988,0.2292852,3.8867252,2.713849
8763,2.2851453,-0.08592254,-0.23036583,0.42597398,0.6375624537467957,0.28319764,3.7486856,2.775219
8764,2.2535636,0.004370781,-0.29699996,0.3881486,0.7950693964958191,0.23485781,3.8612282,2.4295359
8765,2.1719377,-0.0041019307,-0.23110133,0.43600973,0.8270525336265564,0.20876145,5.292212,2.24139
8766,2.1532035,-0.03489087,-0.20091647,0.43777224,0.8431351184844971,0.1858367,5.8728423,2.2602384
8767,2.2234163,0.062249996,-0.22324897,0.39151856,0.6876887679100037,0.2792767,3.952072,2.7477014
8768,2.2426233,-0.03211881,-0.17359672,0.6024059,0.7816191911697388,0.23870602,2.9766703,2.2310984
8769,2.2538047,-0.062094167,-0.21190183,0.35203788,0.7346481084823608,0.25697795,4.004289,2.497041
8770,2.3446336,-0.04090009,-0.29865527,0.5293617,0.6062292456626892,0.2767773,2.6605039,2.1828623
8771,2.2026646,-0.09978087,-0.26277348,0.7137128,0.7676334381103516,0.2610852,4.9151454,2.7540693
8772,2.2181065,-0.0381305,-0.2493003,0.5569561,0.7958784699440002,0.24771196,4.482116,2.7174098
8773,2.3219905,-0.016146053,-0.27236068,0.4531436,0.564802885055542,0.2967795,2.8132184,2.4001706
8774,2.3633974,-0.12995085,-0.2647199,0.52774066,0.6547990441322327,0.26315218,2.73689,2.4828331
8775,2.2827475,-0.07963106,-0.23226649,0.474176,0.6781397461891174,0.2730495,3.4844737,2.6641808
8776,2.193406,0.007097575,-0.12803239,0.39451703,0.8472709059715271,0.16481553,3.0965753,2.768459
8777,2.3780432,-0.049723003,-0.1944056,0.40728298,0.33666759729385376,0.16299786,2.1558225,1.3423113
8778,2.18985,0.034023236,-0.29551095,0.46414268,0.8259075284004211,0.20439912,5.1391997,2.6022997
8779,2.1921678,-0.0018186711,-0.27074713,0.5447901,0.8045867085456848,0.23448238,4.982971,1.9812341
8780,2.340715,0.007474795,-0.43978834,0.41314018,0.85,0.15607025,3.4930675,2.551125
8781,2.2708275,-0.057784513,-0.23721974,0.45373106,0.7617937922477722,0.23476845,3.8399332,2.1902137
8782,2.2217813,-0.069985375,-0.26738265,0.40365255,0.7638537883758545,0.27095863,6.2046523,2.8951852
8783,2.2272825,-0.0008854255,-0.15806442,0.3438799,0.7649974822998047,0.23342717,3.35198,2.390281
8784,2.1549861,0.04178805,-0.21812324,0.42959824,0.7788941860198975,0.23401041,5.5777884,2.1239574
8785,2.2761524,0.007714934,-0.25830764,0.4227274,0.7906801700592041,0.22209848,2.9935598,2.6532955
8786,2.4055114,-0.112367354,-0.30180928,0.44043395,0.6683828830718994,0.22405322,2.3688545,1.4592034
8787,2.3386757,-0.051251404,-0.23373774,0.44782653,0.7260222434997559,0.21089463,2.8956058,1.7257566
8788,2.163598,0.06824451,-0.14118376,0.45082828,0.792734682559967,0.22262897,3.7220867,2.7685733
8789,2.1826086,0.0365644,-0.25538495,0.54312336,0.7689154744148254,0.25060308,4.5795913,2.5790648
8790,2.2071545,0.054802928,-0.23078221,0.46642172,0.6286354064941406,0.2723668,4.2043014,2.682552
8791,2.211807,-0.10836264,-0.22033088,0.44617358,0.7909016013145447,0.25299156,6.0333176,2.6515226
8792,2.152052,0.04311554,-0.169117,0.3830718,0.6905918121337891,0.282438,5.248075,2.8113225
8793,2.252443,-0.026924353,-0.33362204,0.55950725,0.85,0.17744981,3.2686956,1.8321834
8794,2.245724,-0.16637115,-0.29469907,0.5783031,0.7536852359771729,0.25987083,6.289937,2.802119
8795,2.3719537,0.035158496,-0.4079333,0.3718461,0.6033020615577698,0.27968156,2.8164706,2.2632065
8796,2.1585753,0.0902327,-0.20299253,0.52302915,0.7121100425720215,0.27096426,4.237489,2.5843456
8797,2.3046942,-0.04699721,-0.15254241,0.46973693,0.6539088487625122,0.27360007,2.4036696,2.697985
8798,2.3552134,-0.028300287,-0.2532516,0.44168904,0.6120439767837524,0.21378025,2.2218318,1.6389204
8799,2.3531055,0.07905619,-0.30719513,0.37899613,0.7322496771812439,0.18016742,2.4359782,1.5901312
8800,2.2113776,-0.044849053,-0.09868257,0.3868096,0.7759667038917542,0.23044054,3.5271153,2.7150612
8801,2.2576284,0.054162264,-0.21909901,0.40393436,0.6558058261871338,0.24733134,2.8814385,2.3731165
8802,2.1978812,0.036107205,-0.20801923,0.5404352,0.8348690867424011,0.18529536,3.542428,1.8578036
8803,2.05375,0.088719465,-0.16035864,0.5225355,0.7339178919792175,0.28864783,7.605615,2.691717
8804,2.3078408,-0.13950564,-0.2704363,0.5693119,0.7279984354972839,0.23947582,3.624458,2.2776713
8805,2.0853012,0.12865393,-0.12804225,0.40632188,0.7373642325401306,0.2686422,5.0662203,2.1414347
8806,2.2077513,-0.1788833,-0.22098331,0.55642664,0.7327904105186462,0.27250618,6.655396,2.906803
8807,2.1471858,-0.031658884,-0.19743283,0.5631551,0.8079244494438171,0.23466526,5.570198,2.5551858
8808,2.404145,-0.24031046,-0.29194608,0.63595355,0.7275452017784119,0.26016656,2.758048,2.3705685
8809,2.3191273,-0.039320108,-0.21321118,0.59059554,0.673130452632904,0.20707262,2.2310092,1.4087491
8810,2.4368665,-0.24051058,-0.34050882,0.45844638,0.7160443067550659,0.250514,3.0647292,2.1210558
8811,2.2748146,-0.07901198,-0.2067846,0.43287247,0.7610528469085693,0.24007532,3.3485003,1.9391334
8812,2.3295903,-0.018814592,-0.19775395,0.3422138,0.6710178852081299,0.24979758,2.7593603,2.5798929
8813,2.2376435,-0.028147662,-0.22974533,0.497317,0.701725959777832,0.26776746,3.6867547,2.5927708
8814,2.2704656,-0.0122484565,-0.24791975,0.42517713,0.8256129622459412,0.21146707,3.6472394,2.249563
8815,2.328144,-0.14763889,-0.2724303,0.4606013,0.7756848335266113,0.23451559,3.7083533,2.4140162
8816,2.2293956,-0.056829344,-0.26638746,0.42940685,0.7444127202033997,0.26192713,4.9272413,2.1700814
8817,2.328189,-0.065547116,-0.27489027,0.5364111,0.6248765587806702,0.29263946,3.0732555,2.5898523
8818,2.2160702,-0.023955083,-0.21561441,0.49278736,0.71075838804245,0.278172,3.8976521,2.885227
8819,2.2805908,-0.17395502,-0.20369647,0.5466623,0.7544757127761841,0.2454994,3.9222398,2.6166914
8820,2.3582945,-0.032320395,-0.25766826,0.4684401,0.6497240662574768,0.2543673,2.334915,2.1417205
8821,2.327941,-0.033243544,-0.2609516,0.57180554,0.5944229364395142,0.27153707,2.5373173,2.1789975
8822,2.2568488,0.0767446,-0.2931642,0.4712925,0.7873551249504089,0.21103783,3.056224,2.144492
8823,2.41761,-0.07505915,-0.26973853,0.40134677,0.7623552680015564,0.17039207,2.1801498,1.8003361
8824,2.2082813,0.057938676,-0.23631932,0.44123128,0.8201146721839905,0.21265255,4.0310764,2.5387895
8825,2.222432,0.004550146,-0.23723619,0.46263656,0.7528561353683472,0.25705045,3.9521818,2.7772613
8826,2.307017,0.07959037,-0.26285577,0.5267606,0.4853374660015106,0.27310225,2.373961,2.4029465
8827,2.3373742,-0.10115607,-0.31843174,0.44923487,0.7764374613761902,0.2206015,3.4175584,2.856283
8828,2.249274,0.15477164,-0.13905317,0.4198204,0.37722721695899963,0.3011348,2.3127697,2.5888474
8829,2.1899478,0.008233072,-0.17385834,0.42151362,0.663333535194397,0.28892994,4.6144295,2.6374028
8830,2.3727934,-0.1943024,-0.30126637,0.64664805,0.8366293907165527,0.18614586,3.0506008,1.7964289
8831,2.259604,-0.15183623,-0.30397338,0.58865625,0.7680029273033142,0.23070726,4.8425856,2.2950988
8832,2.3132918,-0.07171569,-0.25084305,0.4361355,0.7513253688812256,0.24776027,2.920182,2.291859
8833,2.212115,0.012282723,-0.24953367,0.4302834,0.7833525538444519,0.22524382,4.19258,2.6085556
8834,2.3085074,-0.034909423,-0.23205867,0.47440633,0.769161581993103,0.2235794,2.9084668,1.9966191
8835,2.1697428,0.06701943,-0.19782084,0.40196937,0.809590220451355,0.24675648,4.794054,2.2881844
8836,2.3004417,-0.04005418,-0.19783531,0.48941392,0.6613231301307678,0.28662816,2.8385606,2.8858297
8837,2.3104298,-0.1099603,-0.4368817,0.6467668,0.8372491598129272,0.19704024,4.2696342,1.8086376
8838,2.225134,0.14091611,-0.20444594,0.48200113,0.7285078763961792,0.24260995,2.7038615,2.3855517
8839,2.2365243,-0.01550504,-0.22493614,0.49500215,0.7441911697387695,0.2560827,4.103028,2.2133758
8840,2.3077781,-0.039348543,-0.24753487,0.4369973,0.7731509804725647,0.22470681,3.3238108,2.5166013
8841,2.2732852,-0.09381167,-0.14193375,0.41287532,0.6581766605377197,0.29415667,3.50954,2.5745647
8842,2.3248432,-0.024686182,-0.25296444,0.44088462,0.85,0.15812843,2.8439808,1.7734693
8843,2.267452,0.014961358,-0.21553269,0.42069,0.725388765335083,0.26509666,3.1563027,2.6179214
8844,2.248807,0.08866133,-0.22520569,0.49372917,0.6258002519607544,0.26813826,2.8996515,2.4739614
8845,2.2335708,0.087185994,-0.25810912,0.3950534,0.6778436303138733,0.25479072,3.4284592,2.556858
8846,2.3014848,-0.08337885,-0.19531581,0.41053647,0.6587300300598145,0.26859403,3.326441,2.24663
8847,2.317584,-0.019164717,-0.27364182,0.46974143,0.6189700365066528,0.28861856,3.1077108,2.5445914
8848,2.3038635,-0.050136764,-0.21739054,0.44865534,0.7072793841362,0.26180726,3.1256247,2.440244
8849,2.2015908,0.07851098,-0.23658757,0.3924271,0.6882678270339966,0.2731164,3.9889767,2.741186
8850,2.3170223,-0.06828468,-0.33570448,0.53597385,0.669985830783844,0.28010812,3.6422741,2.6712022
8851,2.2478893,-0.028277792,-0.19840756,0.46300802,0.6677436232566833,0.30383778,3.734021,2.798013
8852,2.3672051,0.010779161,-0.27014422,0.31058234,0.7035748362541199,0.2354559,2.5668833,2.2300434
8853,2.2118974,-0.056733053,-0.14454125,0.5604785,0.85,0.16908957,3.1707144,1.8364449
8854,2.2341397,-0.10332708,-0.13363543,0.59998834,0.7553008198738098,0.25033262,3.4939337,2.5802116
8855,2.3839352,-0.037238944,-0.22353564,0.45244673,0.5517361760139465,0.2307328,2.1568677,1.8451663
8856,2.3254642,-0.01931068,-0.29016024,0.39456853,0.7187232971191406,0.24904096,3.0414789,2.8634074
8857,2.1550913,0.09224951,-0.13889866,0.4989941,0.7202336192131042,0.25957263,3.5773463,2.2783759
8858,2.2513552,-0.048054505,-0.14290898,0.51442856,0.8145166635513306,0.2056718,3.1455584,2.2773864
8859,2.2090087,0.046507195,-0.21067111,0.47720087,0.7805702090263367,0.19354473,3.0634773,1.9836348
8860,2.2425728,0.020499373,-0.28409174,0.20970981,0.85,0.1875942,4.53257,2.356582
8861,2.280354,-0.07414281,-0.23439947,0.39690349,0.8011491298675537,0.22573577,3.5587404,2.5786529
8862,2.2841067,-0.08559209,-0.325657,0.5161326,0.7830941677093506,0.23992117,4.354589,2.077202
8863,2.2196991,-0.03708438,-0.15450895,0.4594626,0.7988278865814209,0.22121103,3.3456035,1.9611882
8864,2.2916915,0.03941965,-0.23202942,0.5209863,0.7727753520011902,0.21665016,2.532422,1.6757925
8865,2.233498,-0.092289075,-0.13293059,0.49258637,0.7459017634391785,0.24883364,3.5019593,2.6310937
8866,2.1905742,-0.050460547,-0.12994702,0.50290054,0.8070443272590637,0.23317915,4.1191516,2.6625783
8867,2.401564,0.0027903272,-0.33762363,0.5230359,0.3723991811275482,0.3166138,2.1361763,2.620459
8868,2.2675786,-0.11909551,-0.19688112,0.5267053,0.746109127998352,0.266681,3.7184417,2.5573149
8869,2.239714,-0.09696613,-0.20132591,0.51575595,0.7786383032798767,0.2359895,4.0903726,2.4359457
8870,2.1532378,-0.09896112,-0.2650514,0.54230386,0.7958306670188904,0.25595555,8.22493,1.316634
8871,2.3413215,-0.14515527,-0.3090886,0.54465365,0.828056812286377,0.18212123,3.5246706,1.8116324
8872,2.3461566,0.034722917,-0.3228619,0.4653276,0.8172897696495056,0.15032253,2.2049212,1.4943938
8873,2.3464842,-0.14244346,-0.21122444,0.42118156,0.7220088243484497,0.2643177,2.9907327,2.5495737
8874,2.2344902,-0.07984357,-0.19817322,0.5153188,0.7604110836982727,0.24651463,4.2604322,2.4218268
8875,2.2880068,-0.01731239,-0.28329262,0.4092307,0.7237164974212646,0.26451644,3.3089855,2.892244
8876,2.40477,-0.12395048,-0.2901501,0.59313625,0.6300790309906006,0.23613992,2.3837516,2.0860739
8877,2.181878,0.09714392,-0.18344101,0.44729057,0.8334446549415588,0.20239675,3.7249165,2.3162186
8878,2.391037,-0.036041316,-0.31959507,0.37615114,0.5871363282203674,0.284205,2.7315576,2.6993783
8879,2.1612234,0.021059489,-0.16633293,0.5170667,0.8022263646125793,0.20697854,4.131316,1.893781
8880,2.3635323,-0.009517839,-0.31910297,0.53927386,0.7585749626159668,0.18381564,2.3202145,2.2622025
8881,2.197284,-0.087571114,-0.1988528,0.45401874,0.806587278842926,0.22505775,5.4210405,2.701186
8882,2.2112637,-0.038136914,-0.20595552,0.577039,0.7428673505783081,0.25344247,4.017297,2.9126432
8883,2.343609,-0.039905474,-0.37625587,0.47262332,0.7456094622612,0.25308728,3.1611528,2.6864245
8884,2.283604,0.03733426,-0.30134064,0.35497695,0.7736007571220398,0.23367207,3.5030255,2.7127032
8885,2.3277588,0.0075665917,-0.2834766,0.39683476,0.8487958908081055,0.14177406,2.9560814,1.4570267
8886,2.1444447,0.114985764,-0.2097436,0.45295322,0.7148705720901489,0.27317736,4.808032,2.4144642
8887,2.3589308,0.047539465,-0.24847361,0.5721139,0.33449655771255493,0.204503,2.0625799,1.5718861
8888,2.250888,0.040313877,-0.22276197,0.54944646,0.7821359634399414,0.2561128,3.013103,2.288181
8889,2.2834442,-0.03170093,-0.3789339,0.5453485,0.719829797744751,0.26934883,4.2242236,2.864049
8890,2.3583908,0.04061627,-0.35006744,0.5518416,0.7399672269821167,0.18422927,2.3974721,1.3204614
8891,2.341656,-0.018012628,-0.33360654,0.33995184,0.7097770571708679,0.24165456,3.3657675,2.744876
8892,2.2935038,-0.074751236,-0.25706252,0.58414984,0.7062007188796997,0.25363904,3.25627,2.5699778
8893,2.3099887,-0.05901959,-0.1705857,0.50934786,0.6289932131767273,0.24218756,2.694204,2.2942123
8894,2.3125467,0.07477142,-0.25179273,0.44496706,0.7186836004257202,0.17076768,2.3490887,1.6653831
8895,2.2198265,-0.08201687,-0.3012249,0.58605474,0.6788872480392456,0.297979,5.7773423,2.888019
8896,2.1587667,0.100904144,-0.19455315,0.46586308,0.692857027053833,0.27590564,4.249453,2.5407336
8897,2.3963654,-0.011369691,-0.27551293,0.5034318,0.21898508071899414,0.23693906,2.1880195,2.0455964
8898,2.2226093,-0.039127927,-0.14785314,0.41885775,0.8266081213951111,0.20503707,3.6953738,2.297108
8899,2.2541113,0.02522639,-0.13071036,0.40754282,0.7325513362884521,0.21740167,2.7786348,2.3346868
8900,2.2367945,-0.058248095,-0.1637009,0.47847766,0.6933075189590454,0.2784509,3.6648254,2.565833
8901,2.251818,-0.009910074,-0.20400372,0.46777713,0.7757448554039001,0.22778337,3.278391,2.0096366
8902,2.387274,-0.13618334,-0.2306042,0.4499393,0.7143738865852356,0.21458924,2.454924,2.0626292
8903,2.179434,-0.14258032,-0.2743499,0.55030847,0.741653323173523,0.30448022,8.784831,2.8554323
8904,2.2277439,-0.018084705,-0.11710954,0.47360528,0.8432079553604126,0.16841584,2.928281,1.4638101
8905,2.312474,-0.085761376,-0.2631162,0.5291306,0.6945387721061707,0.24945879,2.9534998,1.7619809
8906,2.2537193,-0.030400436,-0.2551317,0.52818877,0.85,0.15269989,3.2353477,2.2090557
8907,2.1898754,0.09339719,-0.12562469,0.47724542,0.85,0.19564255,2.8981376,1.810535
8908,2.2204378,-0.041832343,-0.16286634,0.41311452,0.8366497755050659,0.20563051,3.871622,2.444518
8909,2.2228155,-0.12656504,-0.25001866,0.52351874,0.7882905602455139,0.23906371,5.605544,2.885417
8910,2.3560603,0.062428437,-0.3043441,0.36224136,0.5492995977401733,0.26929453,2.6128502,2.5179162
8911,2.3412933,-0.13502583,-0.29973724,0.6440284,0.85,0.16395791,2.799464,2.2401068
8912,2.3163073,-0.04285698,-0.20360577,0.50479555,0.5412673354148865,0.2746291,2.6336389,1.9368366
8913,2.1730428,-0.018152555,-0.13709566,0.56031024,0.8037914633750916,0.2413326,4.1825023,2.4904017
8914,2.177931,0.021925764,-0.34053686,0.5341348,0.6764557361602783,0.3060269,6.982836,2.7926466
8915,2.3296752,-0.09217323,-0.33203414,0.43157142,0.7958750128746033,0.23212199,3.5432534,2.7780752
8916,2.25761,0.048342872,-0.19134435,0.49506566,0.713580310344696,0.2392536,2.8667197,1.9411409
8917,2.3598995,-0.09286789,-0.2974685,0.40493435,0.7214798927307129,0.2564062,3.2508204,2.7580013
8918,2.1820185,0.034280695,-0.22026171,0.43854585,0.832483172416687,0.21664542,4.348889,2.5329733
8919,2.148524,0.042556696,-0.23388992,0.38090062,0.8339380621910095,0.20915961,5.467067,1.739839
8920,2.165483,-0.07270871,-0.16037883,0.5424358,0.7828831076622009,0.22941878,5.4002113,2.0509956
8921,2.1956563,0.00561316,-0.17945987,0.48813125,0.6982702612876892,0.26800427,3.9835844,2.5040553
8922,2.1354077,0.09360639,-0.25514746,0.520589,0.7158815264701843,0.27147922,5.7179813,2.4702823
8923,2.3537672,0.0812028,-0.28905192,0.2713146,0.6651732325553894,0.26545122,2.693947,2.390031
8924,2.3541734,0.049853705,-0.26440015,0.5214688,0.5722221732139587,0.17986265,2.1447444,1.4186318
8925,2.2978969,-0.054890998,-0.21607104,0.5421683,0.7306331396102905,0.24090718,3.167067,2.2818253
8926,2.1705325,0.07548415,-0.1813377,0.43514365,0.753730833530426,0.22918746,3.744823,2.3793738
8927,2.5421503,-0.11268738,-0.2888456,0.5144149,0.48479899764060974,0.22583391,2.1164072,2.070769
8928,2.2868986,-0.008590566,-0.2017854,0.36552122,0.6360786557197571,0.27440864,3.1752229,2.6175094
8929,2.1937284,0.026976537,-0.24340957,0.45846817,0.7633213996887207,0.25272393,4.0544887,2.81127
8930,2.4092574,-0.028429763,-0.29944602,0.56144,0.46531084179878235,0.24472894,2.198439,2.2692268
8931,2.2957988,0.08990468,-0.24449372,0.58055955,0.46371376514434814,0.31439564,2.4458673,2.2548392
8932,2.2445705,-0.001945746,-0.30059665,0.46496528,0.7793363332748413,0.23843805,4.001102,2.6352763
8933,2.4469051,-0.045438662,-0.33574453,0.4605767,0.37024232745170593,0.28117844,2.3636112,2.4179628
8934,2.2228992,0.029918337,-0.19232123,0.3559247,0.8314332962036133,0.19112417,3.6117792,2.457679
8935,2.228823,-0.09267749,-0.24829152,0.47543144,0.745694100856781,0.26245624,4.3432045,2.7310276
8936,2.2636244,-0.12060961,-0.12520377,0.46522483,0.8422971963882446,0.16908431,3.1230693,1.9270964
8937,2.210579,-0.0075227935,-0.21954228,0.40751708,0.8086501955986023,0.21381357,4.5813346,2.5202107
8938,2.1893167,-0.032869995,-0.27829126,0.54049206,0.8172628879547119,0.2400939,5.827436,2.5579705
8939,2.415659,0.056574706,-0.2216724,0.45930836,0.4733608663082123,0.1536279,2.074188,1.63071
8940,2.2798538,-0.01406471,-0.13484831,0.39577886,0.7458358407020569,0.20447849,2.6624613,1.7478747
8941,2.041307,0.10754796,-0.26472482,0.40136126,0.7312341928482056,0.34565148,12.940497,1.7548411
8942,2.3531568,-0.12424769,-0.23554558,0.5283627,0.6594198346138,0.25954705,2.677198,1.9834665
8943,2.1592026,0.026640067,-0.23150232,0.51304805,0.7589873671531677,0.23683089,5.180087,1.977611
8944,2.3779955,-0.04006955,-0.22140934,0.48797798,0.6896095275878906,0.16272534,2.1723676,1.4168011
8945,2.1948295,0.09445747,-0.17841643,0.38103628,0.8195648193359375,0.21452254,3.5756998,1.9651917
8946,2.215652,0.04387623,-0.1302988,0.42400575,0.7490487694740295,0.25558624,2.8218606,2.828745
8947,2.3459291,0.06950397,-0.30574712,0.51663804,0.41941168904304504,0.24487801,2.231568,1.9451582
8948,2.303676,-0.03222428,-0.25792575,0.57296383,0.689551591873169,0.2295107,2.6257906,2.228968
8949,2.493188,-0.17429143,-0.30311584,0.46834835,0.21379363536834717,0.25651154,2.3130288,2.3128438
8950,2.2778726,-0.07212058,-0.13278626,0.40704048,0.7026757001876831,0.26544753,3.4313734,2.664531
8951,2.3129733,-0.06485456,-0.23421483,0.4747877,0.85,0.1492794,2.7749405,1.6510233
8952,2.3119483,-0.043001134,-0.24944751,0.39871445,0.6854338049888611,0.25229278,3.089788,2.0730288
8953,2.2404716,0.063468285,-0.31346956,0.48767194,0.8031986355781555,0.23164588,3.7484553,2.7957375
8954,2.2556167,0.030622343,-0.2540034,0.32157263,0.8385416865348816,0.19051282,3.481592,2.6498425
8955,2.178154,0.0052159983,-0.14470145,0.4520515,0.7569188475608826,0.23988858,4.267753,2.5843923
8956,2.4113605,-0.08739147,-0.3091527,0.34038395,0.6367734670639038,0.2904689,2.6849425,2.6945808
8957,2.1610916,-0.06894962,-0.18888262,0.48720998,0.746601939201355,0.26055485,6.198462,2.7998152
8958,2.2015476,0.055981603,-0.23879138,0.45573094,0.8070637583732605,0.2152985,3.8594625,2.5533211
8959,2.32605,-0.07420402,-0.33069295,0.43603936,0.8195949196815491,0.17597042,3.388027,1.7889793
8960,2.2325099,-0.10538178,-0.15472275,0.44636747,0.8212536573410034,0.18095471,3.553341,1.6119188
8961,2.2222152,0.027760925,-0.2741755,0.5334648,0.6433825492858887,0.29595804,3.872458,2.824933
8962,2.246409,0.0067231604,-0.24996257,0.4081495,0.8049995303153992,0.21491697,3.210962,2.5146232
8963,2.232768,-0.07371119,-0.1948874,0.45299205,0.8387338519096375,0.20363471,4.1683517,2.68321
8964,2.2612836,0.021975849,-0.24049947,0.35387552,0.743369996547699,0.24766688,3.3850713,2.586191
8965,2.4424043,0.02868521,-0.33527178,0.2750861,0.5836841464042664,0.17896569,2.2123377,1.6782843
8966,2.2590735,0.008958275,-0.17173235,0.4787655,0.6306993961334229,0.29940778,3.0838988,2.7459438
8967,2.2643895,-0.06916386,-0.27269027,0.5748053,0.7732820510864258,0.23864728,4.0375786,2.663606
8968,2.1035836,0.06643024,-0.18341874,0.5456915,0.7842400074005127,0.25312462,5.625326,2.6467383
8969,2.2149737,0.008955652,-0.26661703,0.39634308,0.8253927230834961,0.22711241,4.545188,2.66796
8970,2.1120205,-0.040606674,-0.14731926,0.34358805,0.7443569898605347,0.30205974,10.193901,2.8116753
8971,2.3701208,-0.09703466,-0.35365015,0.5597847,0.6872459650039673,0.27147776,3.1854188,2.6464665
8972,2.3024242,-0.09772159,-0.25056237,0.4939018,0.7452965974807739,0.24976103,3.3848693,2.6602612
8973,2.2940328,-0.038715973,-0.2540083,0.47194692,0.7074099183082581,0.2635792,3.307499,2.1515198
8974,2.2847323,0.054545317,-0.26877508,0.38756368,0.698380172252655,0.27524474,3.0122848,2.7843294
8975,2.3660471,-0.09112926,-0.29066676,0.5644101,0.7188016176223755,0.24234557,2.793469,2.161249
8976,2.3812711,0.0699902,-0.26212692,0.3664821,0.32460957765579224,0.29320276,2.1691515,2.2259731
8977,2.3796408,-0.080158085,-0.24679224,0.43010652,0.6802918314933777,0.24383718,2.4719808,2.3280015
8978,2.276329,0.026068745,-0.23467633,0.3963354,0.818230152130127,0.20482448,3.054427,2.580929
8979,2.1719317,-0.0027833018,-0.08008579,0.48925787,0.7778381705284119,0.21803091,3.430922,1.8424504
8980,2.204322,0.15083641,-0.15141152,0.4457581,0.7875866889953613,0.22927846,2.7909684,2.3685274
8981,2.3491085,-0.10772333,-0.2731142,0.6394289,0.8339573740959167,0.17656192,2.4535043,1.6273948
8982,2.402402,-0.09855189,-0.29369223,0.4800309,0.548392653465271,0.26083714,2.5749326,2.6346889
8983,2.2596333,0.023296515,-0.25086784,0.4506811,0.7837172150611877,0.2206663,3.2841945,1.9040806
8984,2.2450411,-0.007142532,-0.261087,0.4278684,0.7751048803329468,0.24175279,3.8112946,2.6470141
8985,2.3089588,-0.0075078616,-0.21304058,0.47212213,0.6401926279067993,0.18979312,2.5016434,1.322844
8986,2.3850372,-0.07661269,-0.3011528,0.57089597,0.562922477722168,0.25420457,2.4966342,1.9135058
8987,2.2967875,-0.039206836,-0.27026358,0.50832653,0.6732645630836487,0.27453816,3.4326713,2.6472223
8988,2.1973917,0.12981102,-0.20509163,0.40078974,0.785861611366272,0.22606298,3.0735874,2.3728096
8989,2.2674325,0.005173812,-0.23958062,0.47300693,0.6426640152931213,0.2844479,3.1493995,2.445804
8990,2.1152537,0.02962048,-0.28688854,0.47836798,0.8123735189437866,0.25098723,10.383799,2.2970765
8991,2.3516085,-0.03951928,-0.33689147,0.42873618,0.7785454988479614,0.22627988,3.141944,2.1230574
8992,2.4006732,-0.05040514,-0.2835173,0.5851768,0.5721716284751892,0.24496451,2.0549068,2.587763
8993,2.2843952,-0.0040109856,-0.25890514,0.4197432,0.8437848091125488,0.19924791,3.3471804,2.1423292
8994,2.2996402,-0.042988513,-0.27353314,0.5025622,0.6660812497138977,0.29840457,3.3365798,2.7912018
8995,2.2409751,-0.061786484,-0.27144787,0.5100459,0.7730027437210083,0.23562007,4.5193477,2.4726057
8996,2.2633476,-0.035691265,-0.14183676,0.44640276,0.7852408289909363,0.24164836,2.9709356,2.5311446
8997,2.3270805,0.0098716905,-0.096689574,0.6123166,0.500361442565918,0.20383674,2.080661,1.9330771
8998,2.410401,-0.035162095,-0.34591776,0.4350024,0.43026548624038696,0.2772176,2.4324827,1.9787571
8999,2.3176858,-0.14134523,-0.21178845,0.47686765,0.609664797782898,0.31366992,3.3485427,2.6085072
9000,2.487541,-0.1662947,-0.36569965,0.6533179,0.6188908815383911,0.16829976,2.1327262,1.472388
9001,2.237344,-0.052254964,-0.15988049,0.40928888,0.8248483538627625,0.20073195,3.7205162,1.4820343
9002,2.2205105,0.07251119,-0.3729805,0.4214968,0.7171599268913269,0.28178275,5.345684,2.4643831
9003,2.2679234,-0.08601225,-0.18198274,0.36050007,0.7046168446540833,0.2450051,4.1357975,2.4160295
9004,2.3150017,-0.012226058,-0.35167807,0.4552927,0.7077175974845886,0.26815158,3.8226264,2.5809329
9005,2.2847571,-0.1373543,-0.2852652,0.5820052,0.7151047587394714,0.25995657,4.364029,2.656447
9006,2.4054441,-0.14366786,-0.2558057,0.5678609,0.37011584639549255,0.26558945,2.465145,1.8713557
9007,2.3909194,-0.13253246,-0.2615466,0.4496423,0.704442024230957,0.2308584,2.6608922,2.342905
9008,2.2061,-0.07381661,-0.16248865,0.5306598,0.78691166639328,0.21716256,3.7699876,2.736399
9009,2.2747793,-0.03193834,-0.26652288,0.42856365,0.7403090596199036,0.25145987,3.642639,2.2309372
9010,2.3408756,-0.10750442,-0.24793275,0.5223468,0.85,0.17003533,2.8434684,2.3799653
9011,2.291857,-0.019255439,-0.3492485,0.49766752,0.85,0.19157197,3.851397,2.4669945
9012,2.5131426,-0.11263205,-0.19294092,0.4269581,0.5634567737579346,0.13765444,2.0570908,1.3124743
9013,2.2426999,-0.045262855,-0.22757939,0.3949559,0.7464656829833984,0.23589286,4.258294,2.38613
9014,2.243544,-0.04354782,-0.22264786,0.4086966,0.7102307677268982,0.27194408,4.227313,2.7063076
9015,2.23518,-0.122207634,-0.29547206,0.51935333,0.7977549433708191,0.2443758,6.576489,2.2891755
9016,2.1443455,-0.12236231,-0.17823277,0.5334005,0.7963757514953613,0.2721649,7.9508114,2.4775357
9017,2.3346379,-0.04112122,-0.3288953,0.37824744,0.7102590799331665,0.26965967,3.7578568,2.541374
9018,2.3499515,0.011378978,-0.35192847,0.41360307,0.7486180663108826,0.24978589,3.1742902,2.4020135
9019,2.1410413,0.12418332,-0.1330468,0.20267887,0.7143037915229797,0.28390232,4.8478184,2.8193855
9020,2.2072058,0.00799518,-0.27382526,0.48076528,0.85,0.17836857,4.0346537,2.873678
9021,2.2203307,-0.014751369,-0.1689072,0.50824183,0.7913854718208313,0.21600193,3.1912735,2.411976
9022,2.2184021,0.005238787,-0.20243095,0.41086322,0.85,0.14463083,3.2734387,1.1013488
9023,2.35105,-0.084931485,-0.2639474,0.5450089,0.7740793228149414,0.18372259,2.3011417,1.3463645
9024,2.210614,-0.0020665692,-0.2166741,0.3759388,0.7582497000694275,0.24674802,4.72261,2.4325216
9025,2.170789,0.04527178,-0.19923772,0.42494982,0.8458908200263977,0.18594775,4.161191,2.5584083
9026,2.349606,-0.09424322,-0.38180286,0.64868087,0.6458287835121155,0.28344762,3.40498,2.2464387
9027,2.2690794,-0.057595577,-0.30081707,0.41724265,0.6901854276657104,0.26263413,3.8678567,2.7741795
9028,2.350123,-0.04505155,-0.29239625,0.5477707,0.6783707141876221,0.24314754,2.6227467,1.8590573
9029,2.2346227,-0.017782202,-0.2872385,0.51976585,0.8238059282302856,0.18918893,4.1349044,2.0721807
9030,2.2751873,0.101507895,-0.25442845,0.46784583,0.6845794916152954,0.24412094,2.6986291,2.2729087
9031,2.2532806,-0.016336568,-0.18258291,0.25287253,0.7650086283683777,0.25845742,3.8091226,2.691705
9032,2.2543836,0.010165514,-0.27863383,0.47050467,0.7577896118164062,0.24582769,3.7835782,2.7947395
9033,2.4191492,-0.13748492,-0.31892657,0.42691755,0.7068040370941162,0.25412628,2.9065363,2.3917716
9034,2.2629485,0.04633404,-0.18851474,0.57611334,0.7423962950706482,0.16388251,2.5465312,1.5465417
9035,2.3602452,0.039967053,-0.26863983,0.5229728,0.5851584672927856,0.21718061,2.1184337,1.7428236
9036,2.3485584,0.059364937,-0.19602546,0.35712233,0.47700950503349304,0.23784468,2.1579394,2.6794631
9037,2.1262763,0.025511324,-0.26252946,0.5938676,0.8208023905754089,0.23264919,6.7458797,2.5829113
9038,2.3065608,-0.022052685,-0.25713944,0.4436704,0.6945422291755676,0.2568608,3.0379121,2.620549
9039,2.151558,0.13915864,-0.16640447,0.4539395,0.8241868019104004,0.24061117,3.237334,2.4032097
9040,2.2279975,0.0054140347,-0.21324234,0.4182097,0.6791976690292358,0.27522874,3.7407768,2.625464
9041,2.305308,-0.005603734,-0.2654756,0.5296991,0.5355410575866699,0.2833444,2.8771372,2.3923478
9042,2.1939719,-0.05938672,-0.26797155,0.44948247,0.7227529287338257,0.28051963,7.294768,2.8961678
9043,2.253515,-0.05613056,-0.2922702,0.502986,0.8325711488723755,0.19338183,4.1937485,2.4252412
9044,2.2719908,-0.21952125,-0.2615182,0.50029385,0.750292956829071,0.2621215,6.4608164,2.343462
9045,2.3810132,-0.25345564,-0.31317413,0.4768766,0.7024447321891785,0.26652214,3.827035,2.4191291
9046,2.201081,0.09186129,-0.21141502,0.3859528,0.8076133728027344,0.20467323,3.5223248,1.8657862
9047,2.2743683,0.06444959,-0.27744323,0.3131633,0.8012068271636963,0.21649902,3.096218,2.3914142
9048,2.385303,-0.12257705,-0.16396293,0.47121716,0.6019108891487122,0.20933998,2.2040772,1.9989023
9049,2.1765542,0.079559244,-0.20211513,0.45413825,0.7461029887199402,0.24952815,4.13632,2.8415134
9050,2.1966972,-0.0035331498,-0.12263701,0.34987357,0.7720193862915039,0.24437775,3.9854584,2.7476435
9051,2.2016823,0.07627628,-0.132946,0.4626808,0.8327751755714417,0.18511012,2.8272278,1.8135192
9052,2.1229303,0.11550891,-0.33377263,0.39434025,0.7885907888412476,0.27564695,7.6443334,1.3415884
9053,2.3097901,-0.14539772,-0.17717913,0.49581194,0.6683491468429565,0.27426457,3.4042597,2.6615427
9054,2.2908196,-0.029568238,-0.27532622,0.58011067,0.7658882737159729,0.26463795,3.0325298,2.6509311
9055,2.3345122,-0.011986059,-0.2576403,0.55250764,0.7237347960472107,0.24134353,2.5283372,2.6115596
9056,2.3515415,-0.116954975,-0.21909884,0.66789395,0.6163627505302429,0.26605633,2.573158,2.6289399
9057,2.2011058,0.012016027,-0.14679101,0.38394013,0.6836904287338257,0.26526353,3.9063416,2.7221103
9058,2.4391263,-0.08680653,-0.25065756,0.5585685,0.28705528378486633,0.28243193,2.098955,2.3938396
9059,2.2079082,-0.05157401,-0.15768161,0.50649434,0.6874200701713562,0.28160244,4.0993404,2.794759
9060,2.200404,-0.046292957,-0.21215025,0.3457254,0.8383169174194336,0.20396999,5.0814266,1.8772261
9061,2.3874378,-0.024523312,-0.28219086,0.30422366,0.5874022841453552,0.27860042,2.5944812,2.152757
9062,2.1836393,-0.086611584,-0.16399692,0.48611185,0.8178446888923645,0.22006412,5.4944816,2.3467536
9063,2.4440665,-0.0672937,-0.29674324,0.5038094,0.3015890121459961,0.20821804,2.0400295,2.0239997
9064,2.472698,-0.11421012,-0.38407764,0.4331332,0.6458290219306946,0.25113565,2.5657818,2.5110536
9065,2.1685069,0.061826624,-0.21369763,0.3777586,0.7938019633293152,0.21925958,4.5113096,2.5947168
9066,2.4471188,0.036093764,-0.2696,0.48860633,0.6316826939582825,0.19728075,2.1259189,1.610589
9067,2.350318,0.0142023135,-0.21418697,0.46279648,0.35316213965415955,0.25406897,2.1730437,1.9369094
9068,2.2011466,0.039305273,-0.23386967,0.5222557,0.7905634641647339,0.23057148,3.697432,1.666224
9069,2.2126205,-0.0009781709,-0.20859037,0.3930918,0.8214547634124756,0.16421616,3.7965596,1.8011289
9070,2.1641076,0.036038753,-0.22711487,0.44091776,0.7304996252059937,0.2655838,5.210035,2.680983
9071,2.3100476,0.011499578,-0.26376605,0.4488175,0.7141198515892029,0.25596878,2.6872723,1.7930106
9072,2.243836,0.039844915,-0.24308458,0.5915954,0.6915028095245361,0.29173782,3.2328045,2.826918
9073,2.30178,-0.0023971926,-0.21321079,0.40386215,0.7212091684341431,0.23035157,2.9084966,2.235379
9074,2.316448,-0.17893453,-0.31302944,0.59791183,0.7295259833335876,0.267256,4.1479077,2.7406156
9075,2.0825906,0.10740615,-0.13573466,0.3964238,0.7007355093955994,0.27882096,5.8517404,2.8203125
9076,2.398607,-0.1395023,-0.19774203,0.50101185,0.3587132394313812,0.26803905,2.24718,2.108579
9077,2.316069,0.015863959,-0.17417973,0.50838286,0.452520489692688,0.30092633,2.2156637,2.537266
9078,2.3242936,-0.10886413,-0.34183836,0.49708363,0.7913262248039246,0.23885857,3.9347196,2.7538218
9079,2.1946921,-0.0071960776,-0.25705734,0.48847407,0.8140496015548706,0.23307864,5.356993,2.3125975
9080,2.2840126,-0.04591402,-0.27353096,0.5681328,0.8051402568817139,0.22770457,3.2571301,2.8070161
9081,2.22229,-0.010136621,-0.13262402,0.31950676,0.7448444366455078,0.2561064,3.6925986,2.6292145
9082,2.3081179,-0.015751962,-0.30772093,0.36513597,0.7806110382080078,0.23084512,3.4662287,2.024233
9083,2.296964,-0.061406564,-0.19044194,0.2632059,0.7517439723014832,0.23877636,3.3250968,2.688785
9084,2.3040025,-0.046437718,-0.19484131,0.31409383,0.8043838143348694,0.22211865,3.0611696,2.69744
9085,2.217038,-0.030509802,-0.2549802,0.47548315,0.7849541306495667,0.21343233,4.7571926,2.312736
9086,2.2155688,-0.11143973,-0.27561072,0.44891602,0.8171840310096741,0.24321769,6.7902737,2.5399315
9087,2.138541,0.1062014,-0.1931792,0.5393763,0.8010213375091553,0.21840623,3.996276,2.0001945
9088,2.400456,-0.109958574,-0.29077876,0.45376936,0.6113824248313904,0.2519335,2.6857316,1.850388
9089,2.0727937,0.036743637,-0.2566013,0.49014214,0.8009588122367859,0.2997625,12.819458,2.7188828
9090,2.3013253,0.027165098,-0.23474409,0.37853009,0.5533041954040527,0.26448813,2.5237334,2.3487532
9091,2.3369808,-0.10920939,-0.22839084,0.5292312,0.6090099215507507,0.29187033,2.9486344,2.6113253
9092,2.1885722,-0.03722146,-0.19195311,0.46274015,0.8494253754615784,0.19350384,4.4087367,1.8322539
9093,2.340202,-0.06497038,-0.2868761,0.4016912,0.8155418038368225,0.20336917,3.1008756,1.9514929
9094,2.2768464,-0.02945092,-0.19185722,0.45162275,0.6234211325645447,0.28372607,2.9612904,2.8467593
9095,2.293318,0.10851415,-0.2710599,0.3661684,0.6517053842544556,0.28105187,2.6654549,2.7118516
9096,2.2968004,-0.085266784,-0.25299898,0.44426283,0.6727169156074524,0.28043514,3.8932147,2.8515718
9097,2.3300457,0.019937236,-0.2660218,0.49140668,0.573881983757019,0.2745658,2.4526265,2.495828
9098,2.302402,0.012858914,-0.21381438,0.38526884,0.5878587961196899,0.27351958,2.9237924,2.5079608
9099,2.2500381,-0.0547972,-0.21856858,0.47481042,0.7446480989456177,0.26010635,3.690054,2.8084738
9100,2.3526301,-0.07911586,-0.23248112,0.5509781,0.790108859539032,0.18657036,2.5567262,1.687688
9101,2.3405569,-0.13106936,-0.30276743,0.50779474,0.7907263040542603,0.22983325,3.2817328,2.7151544
9102,2.1763995,0.06776551,-0.20897368,0.386113,0.8409508466720581,0.1569257,3.5264747,2.4073062
9103,2.3616793,-0.10188458,-0.3144864,0.56266546,0.7642775774002075,0.20566735,2.6121657,1.78185
9104,2.2941265,-0.098846115,-0.2106844,0.46036273,0.7843303680419922,0.23270188,3.0286105,2.7334526
9105,2.1934516,-0.04462776,-0.17072807,0.39902857,0.8371544480323792,0.21162154,4.331882,2.2992737
9106,2.2989836,-0.049412817,-0.22412647,0.55558354,0.7128456830978394,0.23659128,2.978206,2.3330295
9107,2.2601604,-0.11920581,-0.3288335,0.44379497,0.7350969910621643,0.27099058,6.1270967,2.6153898
9108,2.1501367,0.037553117,-0.25485003,0.3275284,0.8457543849945068,0.20917472,7.081319,2.4192507
9109,2.3236535,0.0083135925,-0.31930822,0.4484767,0.6089301109313965,0.2903136,3.3081522,2.536497
9110,2.132998,0.06816219,-0.13787541,0.50730073,0.797340989112854,0.23221782,3.9996088,2.5217028
9111,2.2630334,-0.09516003,-0.292536,0.42040634,0.8219632506370544,0.23914117,5.3085785,2.6281018
9112,2.2871397,0.02897422,-0.2565217,0.50737315,0.7052854299545288,0.24252453,2.8643136,2.35528
9113,2.1983762,0.025063772,-0.2532351,0.4455604,0.7523308992385864,0.24018776,4.3135824,2.5592089
9114,2.1940143,0.009101496,-0.3275756,0.52372074,0.6464452743530273,0.28610653,5.6479273,2.615911
9115,2.2388773,0.06732573,-0.23525356,0.40976036,0.696155309677124,0.2582768,3.5671895,2.2608373
9116,2.369779,0.03876062,-0.27897865,0.40969563,0.47126784920692444,0.22549039,2.2665424,2.105261
9117,2.2789884,-0.047664642,-0.20655158,0.5243715,0.793893039226532,0.19454537,3.0849168,2.1378531
9118,2.1636248,0.02779263,-0.20409375,0.53667307,0.8356408476829529,0.18790986,4.0314636,2.1811135
9119,2.172482,0.010266592,-0.16091377,0.42249864,0.8446263074874878,0.18396512,4.0570173,2.2968643
9120,2.3392823,-0.03142856,-0.24110954,0.5120571,0.6948825120925903,0.21697767,2.286023,1.8208398
9121,2.3171463,-0.06291674,-0.20331179,0.46831933,0.6427739858627319,0.25955036,2.8305945,2.2180655
9122,2.2814798,-0.09780387,-0.26871288,0.5224446,0.7163226008415222,0.25785318,3.413504,2.5828488
9123,2.2421753,-0.12900388,-0.2518781,0.5531996,0.85,0.20328555,4.1153216,2.5282676
9124,2.335888,0.050246246,-0.33735922,0.41433808,0.6937960386276245,0.25462362,2.7089453,2.3791833
9125,2.1540275,-0.11027218,-0.10140447,0.6157266,0.7895483374595642,0.2377613,4.629717,2.6178582
9126,2.2095234,0.09261914,-0.27246267,0.39028937,0.8387829065322876,0.18860786,3.7516868,2.3765066
9127,2.38717,-0.023834093,-0.45088008,0.5826613,0.7471655011177063,0.23610559,3.0018544,2.0616293
9128,2.1969786,0.0061309766,-0.26095766,0.38469994,0.7501810193061829,0.24820201,5.680531,2.5060074
9129,2.3691452,-0.069305375,-0.28194156,0.4713715,0.7768429517745972,0.18103652,2.383,1.8258874
9130,2.3295622,-0.072576426,-0.23970972,0.5163042,0.7504028677940369,0.212695,2.8980794,2.5534813
9131,2.2226164,-0.028195933,-0.19690232,0.41604087,0.7940053939819336,0.20692332,4.0810366,2.3437097
9132,2.3093412,0.025911584,-0.1800016,0.36042458,0.6104086637496948,0.26408505,2.6728613,2.0253808
9133,2.1249819,0.045453295,-0.224485,0.6005738,0.7487459182739258,0.24920835,5.150763,2.6806998
9134,2.1651244,0.089995936,-0.111737914,0.39892885,0.834176242351532,0.19315621,3.4694886,2.2204256
9135,2.2006314,0.05674476,-0.23885474,0.317993,0.85,0.18060184,4.391894,2.7611587
9136,2.1345565,0.13400207,-0.09636905,0.39479953,0.735529899597168,0.26935264,3.710103,2.4864612
9137,2.4206424,-0.06794407,-0.44017804,0.4933259,0.6354454755783081,0.27679306,3.061596,2.8211591
9138,2.265151,-0.012368401,-0.27056062,0.47549945,0.7285245656967163,0.26202908,3.7010927,2.8205354
9139,2.3069558,-0.04873753,-0.19589691,0.44525036,0.5174157023429871,0.29883757,2.8834321,2.5682812
9140,2.2034314,0.063697845,-0.26151797,0.43041897,0.8395532965660095,0.18731576,3.8592803,1.927354
9141,2.248413,-0.021870933,-0.28919667,0.43380225,0.8336470127105713,0.18860148,4.1297946,2.7421286
9142,2.3088388,-0.045312535,-0.23887351,0.47046432,0.7705786824226379,0.15810972,2.42211,1.3352735
9143,2.307663,0.006415158,-0.18003117,0.31875297,0.5692306756973267,0.28679103,2.914431,2.6935585
9144,2.318818,-0.13625087,-0.27098516,0.32447353,0.8009185194969177,0.21852106,3.9007652,2.6306956
9145,2.3542736,-0.11211021,-0.22317456,0.50912714,0.6042894124984741,0.28869456,2.9187367,2.7630491
9146,2.3304045,0.07615094,-0.2539248,0.32354498,0.8113580942153931,0.15436472,2.5005484,2.1785846
9147,2.3873532,-0.20343423,-0.32038862,0.62479323,0.8274085521697998,0.17979755,2.6968062,2.130051
9148,2.2514207,-0.020790456,-0.21315305,0.41728556,0.7399449348449707,0.2349876,3.4570808,2.5807703
9149,2.2018793,0.01449396,-0.2124935,0.41791186,0.6583262085914612,0.2834979,4.2838964,2.8886588
9150,2.084911,0.15471245,-0.23573676,0.3440271,0.85,0.21494469,6.6051373,1.4999965
9151,2.1806955,0.13510925,-0.15723544,0.39026532,0.6868608593940735,0.2738686,3.5155628,2.5581536
9152,2.217651,-0.040155005,-0.25865644,0.4917988,0.7396703362464905,0.253781,4.263412,2.8629947
9153,2.209913,-0.025996681,-0.12144732,0.5323824,0.6571979522705078,0.29990143,3.354995,2.9019077
9154,2.399012,-0.08434148,-0.2871656,0.5430764,0.6753197312355042,0.20677103,2.5249014,2.1290004
9155,2.3676667,-0.17659739,-0.20752357,0.6189587,0.6796371936798096,0.2430034,2.4677544,2.4609663
9156,2.2864015,0.042615835,-0.28191182,0.5047918,0.6577786803245544,0.2626415,3.136676,2.6082811
9157,2.1407938,0.008728771,-0.14355323,0.33167914,0.7985522150993347,0.24965574,6.539701,2.897911
9158,2.1347914,0.023237595,-0.12470657,0.4476128,0.7381075620651245,0.2581434,4.8514667,2.9010153
9159,2.190333,-0.041171577,-0.29294428,0.49662492,0.7573282718658447,0.2668048,6.065047,2.3164897
9160,2.3133998,0.07695542,-0.3034196,0.42871758,0.7267194986343384,0.2447267,2.7525084,2.3241851
9161,2.3780277,-0.11041266,-0.32547045,0.4754148,0.5747103095054626,0.2991519,2.9269762,2.4526072
9162,2.2871172,0.05026887,-0.20453694,0.3762016,0.635385274887085,0.2773377,2.7565176,2.6025774
9163,2.3849814,-0.06355683,-0.29275924,0.49024028,0.5208128690719604,0.3280558,2.6151323,2.5994937
9164,2.243916,-0.089981444,-0.21791355,0.39699078,0.7899249792098999,0.22051659,4.1429334,2.4037352
9165,2.2597866,-0.03801346,-0.29645076,0.49362868,0.804955780506134,0.22407883,4.3013687,2.6510723
9166,2.131748,0.0895755,-0.19125125,0.39602605,0.7712627053260803,0.23833294,5.5280113,2.3102543
9167,2.3134487,-0.046859253,-0.17956515,0.48762327,0.7395288944244385,0.21439509,2.3173025,1.8771536
9168,2.2950613,-0.051730726,-0.19644839,0.4573164,0.6462550163269043,0.2781119,3.1585674,2.6173983
9169,2.3053946,-0.08160359,-0.1326266,0.48595858,0.7116040587425232,0.21619439,2.606913,1.6827458
9170,2.3164814,-0.11874661,-0.2612701,0.57878673,0.8381694555282593,0.18335573,3.0000875,1.7442808
9171,2.0840049,0.023595236,-0.22138454,0.52035505,0.6683034300804138,0.3256439,9.540821,2.3361454
9172,2.1730103,0.060603086,-0.11416217,0.33083963,0.7924383878707886,0.24862115,3.87449,2.5061367
9173,2.4347236,-0.0021715392,-0.34841695,0.46175298,0.4115336537361145,0.19905706,2.0663345,1.7839329
9174,2.2622132,-0.038565416,-0.124560304,0.39334422,0.840700626373291,0.1461945,2.9128704,1.7834377
9175,2.2648783,-0.01697109,-0.16459514,0.44830847,0.8369802832603455,0.17063345,2.5319135,1.4865731
9176,2.194672,-0.1086464,-0.24420206,0.57282454,0.7615535855293274,0.2527466,6.177575,2.2309642
9177,2.2013254,0.017456008,-0.24505332,0.484687,0.7648698687553406,0.22651546,4.199351,2.4493468
9178,2.1539524,0.055528663,-0.199308,0.52928025,0.7142699360847473,0.25674972,4.464145,2.6195874
9179,2.2091498,-0.119637035,-0.14605573,0.54638106,0.8458062410354614,0.17119062,3.329735,1.5998921
9180,2.2721033,-0.022066856,-0.16973768,0.47218716,0.549029529094696,0.3256317,3.2193997,2.6186173
9181,2.2750835,0.049975812,-0.2100768,0.38437098,0.7712888717651367,0.19686325,3.0429764,1.9352511
9182,2.2032743,-0.0069342107,-0.20307875,0.5817379,0.7069876194000244,0.2805806,3.8789756,2.719415
9183,2.28968,-0.15223803,-0.25315955,0.55247575,0.750640869140625,0.23441924,4.1103077,2.0902133
9184,2.3141549,-0.052106194,-0.24543346,0.3967102,0.676767885684967,0.3001959,3.4290876,2.8604138
9185,2.2961328,-0.07605744,-0.22387391,0.3675934,0.6680114269256592,0.27714872,3.5411372,2.664724
9186,2.310704,-0.1497166,-0.21536303,0.4788837,0.7299035787582397,0.27007687,3.5589538,2.814199
9187,2.2154372,-0.01597742,-0.25750694,0.43983847,0.8182815313339233,0.19959018,4.558056,2.5997236
9188,2.2577727,-0.019603116,-0.17170186,0.43564332,0.6332170367240906,0.2657866,3.2321577,2.440957
9189,2.2691276,-0.035756867,-0.20086545,0.4219697,0.6540218591690063,0.2934558,3.4015975,2.7555895
9190,2.3272927,0.04900031,-0.22995958,0.37816304,0.5363664627075195,0.2342029,2.347669,1.9339136
9191,2.2820036,-0.123767346,-0.26059327,0.5658309,0.7358007431030273,0.22301777,3.3432672,2.0251153
9192,2.22171,0.06908092,-0.28322986,0.40709263,0.8485493659973145,0.19233248,4.1597805,1.7499604
9193,2.328716,-0.08247468,-0.25225005,0.4295084,0.7266958951950073,0.26390126,2.694262,2.4965308
9194,2.137711,0.18551266,-0.17645296,0.41963342,0.7413885593414307,0.2454941,3.627969,2.0870743
9195,2.29058,-0.10394162,-0.33575797,0.39992577,0.7875139713287354,0.2221838,4.1502733,2.632342
9196,2.3043144,-0.072780356,-0.20453274,0.3911536,0.7928488254547119,0.23062903,3.2997353,2.694687
9197,2.2139952,-0.019013751,-0.2566798,0.45804158,0.7888856530189514,0.21941587,4.640401,2.4964309
9198,2.33525,-0.035757456,-0.29835734,0.53593194,0.6694390773773193,0.28027976,2.5944517,2.400843
9199,2.320593,-0.055703364,-0.35711408,0.50229853,0.740786612033844,0.24853207,3.73492,1.9397999
9200,2.2611482,0.0514029,-0.23752315,0.3600414,0.6727039813995361,0.27589157,3.4803755,2.4633005
9201,2.1956933,0.028130915,-0.16911496,0.35541275,0.7787848711013794,0.2364715,3.774537,2.565834
9202,2.284069,-0.13370736,-0.22707821,0.56570435,0.8148102164268494,0.21256773,3.659596,1.6497954
9203,2.249046,-0.05608378,-0.3135875,0.5422303,0.7802541851997375,0.24820589,4.5862017,2.7521255
9204,2.1950583,-0.05513303,-0.24343379,0.34513643,0.7566546201705933,0.2536342,5.7823286,1.8339934
9205,2.2528014,0.07651533,-0.20006804,0.47788972,0.806641697883606,0.23125891,2.7951632,2.388644
9206,2.2586005,0.079355955,-0.20931204,0.34619436,0.7906216382980347,0.20289372,3.0314667,1.7460239
9207,2.2190526,0.1659147,-0.21363331,0.4372675,0.79515540599823,0.20233203,2.3768656,2.2093272
9208,2.3454874,-0.121913865,-0.2920241,0.5078109,0.85,0.13879958,2.3155074,1.1884173
9209,2.1676135,0.070632264,-0.11725856,0.38997492,0.6798385381698608,0.28247795,3.8205438,2.710404
9210,2.2987723,0.04583869,-0.2957942,0.41389552,0.7551442384719849,0.20580152,3.0749414,1.8612909
9211,2.2682285,-0.034806717,-0.20744133,0.48880935,0.7449198365211487,0.21300651,3.0238526,2.0238101
9212,2.399414,-0.036489323,-0.28598034,0.47320947,0.8131772875785828,0.11449522,2.1075866,1.9782487
9213,2.2810087,-0.08938805,-0.26543114,0.5520123,0.6843791604042053,0.25966883,3.4477005,2.3907146
9214,2.1358573,0.03393815,-0.22907326,0.474385,0.8265840411186218,0.22039692,6.3409977,2.2559261
9215,2.1582606,0.036114864,-0.1649848,0.40484053,0.8160527348518372,0.20561016,4.9772024,2.7782216
9216,2.1207252,0.14666903,-0.25033638,0.51336753,0.7394731044769287,0.25987953,5.045506,1.9510176
9217,2.3534675,0.02734297,-0.20628399,0.390186,0.5989055633544922,0.2087838,2.2439973,1.681923
9218,2.116412,0.0076357387,-0.17015481,0.47720933,0.7923088669776917,0.24220243,6.492561,2.2663085
9219,2.3732755,-0.097186424,-0.3617967,0.49079853,0.7372809648513794,0.23744376,2.9186914,2.707086
9220,2.2277148,-0.111643046,-0.18807185,0.4078384,0.8262379765510559,0.20046431,4.7082157,2.688718
9221,2.2207909,-0.08179505,-0.14456813,0.47605804,0.690799355506897,0.2805943,4.172073,2.6569154
9222,2.365677,-0.06598777,-0.33181962,0.5843305,0.5730193853378296,0.2974834,2.6217093,2.9112737
9223,2.138421,-0.0067102457,-0.23834677,0.4414301,0.7076462507247925,0.31818727,8.071025,2.916574
9224,2.2610836,-0.01995994,-0.19650997,0.35843512,0.7013313174247742,0.2627016,3.3757384,2.3985913
9225,2.3139825,-0.18416132,-0.3320394,0.5660906,0.8052219748497009,0.22591949,4.262407,2.5888567
9226,2.3593237,0.018741466,-0.29987594,0.3798022,0.7845097780227661,0.18879586,2.4968395,2.0053892
9227,2.2914865,0.076427795,-0.2323148,0.4728902,0.7556746602058411,0.18363947,2.4626026,1.602399
9228,2.2158659,0.055355452,-0.25811684,0.4349848,0.7971320152282715,0.21750942,3.8155923,2.4169173
9229,2.3144605,-0.09037813,-0.21279708,0.46017322,0.7214771509170532,0.2510334,2.987817,2.2576244
9230,2.2708876,-0.00031370006,-0.13418908,0.43098715,0.7183138132095337,0.2527827,2.6232963,2.358388
9231,2.3958638,-0.005330354,-0.20418847,0.434669,0.37834081053733826,0.27068955,2.1919906,2.1222885
9232,2.3760643,0.04542728,-0.231338,0.3672939,0.47741588950157166,0.20193864,2.2038865,1.525935
9233,2.3046126,-0.07965305,-0.19206099,0.45009288,0.7100188732147217,0.2668383,3.0701756,2.3001173
9234,2.188382,0.017631453,-0.1880805,0.55479926,0.7854587435722351,0.22047012,3.801962,2.2643323
9235,2.2023673,0.032277107,-0.13538459,0.286429,0.7808610796928406,0.2192336,3.612866,2.3472695
9236,2.369057,-0.12255182,-0.3032082,0.4447366,0.6818140745162964,0.28195968,3.3419373,2.4149613
9237,2.2252793,0.008958164,-0.2542904,0.42802078,0.7854484915733337,0.24464026,4.427768,2.375835
9238,2.226612,0.014712232,-0.2461214,0.5439955,0.8244556188583374,0.18816315,3.6674278,2.3320115
9239,2.3593903,0.001401281,-0.3635525,0.6014638,0.7619045972824097,0.22851022,2.6513643,2.5269186
9240,2.2735388,-0.06958882,-0.27120578,0.44706145,0.7182695269584656,0.2620736,4.0262933,2.6085687
9241,2.222625,0.0017944233,-0.24252248,0.4486242,0.7289113402366638,0.2659592,4.081413,2.8647437
9242,2.275665,-0.122581474,-0.29051232,0.51893103,0.7064694762229919,0.2731336,4.1747227,2.8646116
9243,2.346218,-0.10469078,-0.3978045,0.50250536,0.7639779448509216,0.2509294,4.0282516,2.688835
9244,2.243058,-0.028041143,-0.12004049,0.39542747,0.8444885015487671,0.1767824,3.4012792,2.6371553
9245,2.4311457,-0.09652849,-0.30354282,0.44369423,0.7091296911239624,0.1815391,2.4489777,1.6155641
9246,2.3677802,-0.07618368,-0.25803983,0.45456812,0.8070175647735596,0.15082918,2.4663384,1.7707573
9247,2.2579343,-0.044650402,-0.10690405,0.49877253,0.7955335974693298,0.23398098,2.7975075,2.439248
9248,2.1933718,0.064741224,-0.17069541,0.47180235,0.8048782348632812,0.19903204,3.3998435,1.9382863
9249,2.2705026,-0.02503074,-0.31066427,0.47747087,0.85,0.18219836,3.8136735,2.2731478
9250,2.336681,-0.052432396,-0.1619983,0.44173592,0.45843392610549927,0.3093162,2.364146,2.7310505
9251,2.2812803,0.0010372768,-0.22882025,0.28694054,0.7838699817657471,0.23269318,3.2900906,2.3742728
9252,2.2765138,-0.15781182,-0.2571117,0.4837318,0.6835365295410156,0.27622932,5.0069985,2.863301
9253,2.2739575,-0.056983717,-0.26907378,0.5328561,0.68039870262146,0.2760674,3.614251,2.3671815
9254,2.2723184,0.0061217803,-0.2567083,0.422133,0.7865397334098816,0.2109529,3.3568242,2.4240134
9255,2.2733443,0.04300098,-0.24858463,0.40846726,0.7634238004684448,0.2386077,3.2019398,2.7610977
9256,2.1478179,0.0986377,-0.24976644,0.48889282,0.8448944091796875,0.21871968,4.7915444,1.798817
9257,2.2529674,-0.11097066,-0.27790204,0.45438087,0.8482297658920288,0.18975602,4.103014,2.5564709
9258,2.2888527,0.09031287,-0.29860803,0.47621128,0.4991501271724701,0.29062244,2.780198,2.2411175
9259,2.2243302,-0.094132625,-0.20426643,0.49548078,0.8035152554512024,0.22488435,4.093912,1.9332246
9260,2.2708375,0.049768552,-0.23390691,0.418672,0.8344606161117554,0.19636437,2.833255,2.171128
9261,2.1671488,-0.012753728,-0.15264574,0.45440757,0.806544840335846,0.22346053,4.8452463,2.7040083
9262,2.3630686,-0.07989542,-0.32043827,0.6555179,0.7191187739372253,0.25306225,2.7351964,2.81518
9263,2.29883,-0.059621137,-0.2517654,0.5326253,0.8213492631912231,0.18555632,2.982007,2.3043873
9264,2.3066404,0.05534655,-0.32592672,0.47248265,0.6673322916030884,0.28606158,3.1278982,2.1438193
9265,2.339501,-0.019127939,-0.3130252,0.5761578,0.6306696534156799,0.29767638,2.6001384,2.394279
9266,2.3676715,0.058551285,-0.37258545,0.4898525,0.4354272186756134,0.2766516,2.547366,2.1953294
9267,2.427164,-0.038375843,-0.297188,0.5059802,0.3683800995349884,0.22496834,2.1332145,1.6535101
9268,2.1836305,0.030026266,-0.20181312,0.54467934,0.7957209944725037,0.22084776,3.9046934,2.4246645
9269,2.3726418,0.041446555,-0.2519621,0.3638321,0.5492003560066223,0.21377654,2.1684883,1.8047452
9270,2.3213644,-0.050467834,-0.21171263,0.4983284,0.5697791576385498,0.2643618,2.698578,2.2802258
9271,2.2588563,-0.072882265,-0.21323752,0.61731297,0.8027608394622803,0.22230755,3.4714024,2.6986215
9272,2.3570766,-0.15426894,-0.20338792,0.56051606,0.686161458492279,0.25246918,2.7389781,2.4039366
9273,2.1994772,0.0886088,-0.23953411,0.34553614,0.7349295020103455,0.24549548,3.8711014,2.4689937
9274,2.3971343,0.07522284,-0.32669473,0.30588847,0.5550561547279358,0.2336981,2.2299016,2.2817793
9275,2.2116482,0.016733611,-0.2148679,0.5098201,0.7554202079772949,0.24619532,3.7678993,2.4721541
9276,2.1859038,0.04326271,-0.23204532,0.30101103,0.8218032717704773,0.20750767,4.8023844,2.3423939
9277,2.23445,-0.020152757,-0.24787256,0.5289858,0.7953738570213318,0.23452437,3.8483264,2.1722114
9278,2.1063116,0.054465286,-0.22811154,0.5200772,0.8322200179100037,0.2063512,6.2133493,1.3095062
9279,2.2273188,0.013453623,-0.23499802,0.42923144,0.8135343194007874,0.21782318,4.183865,2.4577057
9280,2.178745,0.012567309,-0.18648234,0.43332437,0.7405839562416077,0.25706005,4.3204117,2.6348286
9281,2.2931783,-0.006558038,-0.35249722,0.5235398,0.7763969302177429,0.23973495,3.6845176,2.3346257
9282,2.4466088,-0.035860103,-0.29604742,0.40998188,0.3232649564743042,0.24168363,2.079474,2.0038793
9283,2.3192852,-0.070489556,-0.30496448,0.4500798,0.6944026350975037,0.28410447,3.788626,2.5947413
9284,2.1342106,0.027457666,-0.14268608,0.42442504,0.7584418058395386,0.2516107,4.9366994,2.4669068
9285,2.24593,0.032865424,-0.20908093,0.30530888,0.7984012365341187,0.19532211,3.1866276,2.7052765
9286,2.2537758,-0.18357618,-0.29119897,0.55523884,0.85,0.22517705,6.3664966,2.2873125
9287,2.189913,-0.023552924,-0.11294579,0.37382707,0.85,0.18600662,3.4248178,2.2829895
9288,2.3881083,-0.069876835,-0.31474844,0.57978725,0.7388021945953369,0.19251053,2.4707067,1.5858394
9289,2.4763663,-0.10804692,-0.39078936,0.55801797,0.5649682879447937,0.18832327,2.1431184,1.3520491
9290,2.4747677,-0.17080797,-0.3325467,0.5351599,0.5570968389511108,0.26544666,2.36834,2.1085284
9291,2.2647269,0.035716824,-0.18043809,0.51304436,0.7054058313369751,0.24747823,2.6895266,2.3171437
9292,2.4052463,-0.19042431,-0.12009037,0.53932893,0.5462602972984314,0.22165585,2.1593375,1.5794585
9293,2.1580637,0.035674248,-0.21239357,0.53085846,0.7616531848907471,0.2488108,4.3437696,2.3963902
9294,2.3894148,-0.118997194,-0.36911938,0.44733116,0.596237063407898,0.2982048,3.0227797,2.6006706
9295,2.3446321,0.03303442,-0.27295142,0.36639345,0.6685619354248047,0.24611548,2.7538016,2.482717
9296,2.2628438,-0.123975836,-0.35163862,0.4246697,0.7773973941802979,0.24557675,7.2994714,2.8694491
9297,2.1983004,0.018890396,-0.19274952,0.2740764,0.8044673204421997,0.24073158,4.634209,2.4144993
9298,2.4225276,-0.014053197,-0.33810169,0.46900883,0.47822579741477966,0.24102071,2.1376612,2.3230982
9299,2.130478,0.0028476547,-0.19285855,0.35908207,0.8436419367790222,0.20732486,6.940701,2.227596
9300,2.2859638,-0.082902506,-0.3002842,0.48636618,0.7216086983680725,0.26152113,4.1586843,2.642697
9301,2.3295197,-0.14204669,-0.30835453,0.4691538,0.775758683681488,0.2219028,3.7247534,2.5706844
9302,2.2080905,-0.012123559,-0.30658972,0.5402567,0.7008333206176758,0.28138578,5.2451034,2.6292984
9303,2.3338664,-0.03129157,-0.37953845,0.44956112,0.8160917162895203,0.22955005,3.496085,2.7119737
9304,2.2225094,-0.082880355,-0.2303573,0.51604354,0.8033095002174377,0.21226074,4.4095535,2.3423402
9305,2.184397,-0.06292592,-0.21675968,0.3860285,0.7772166728973389,0.25968188,5.9787374,2.1409085
9306,2.2739563,-0.05576467,-0.26697814,0.70578855,0.8143793940544128,0.24451758,3.2441552,2.3768032
9307,2.2762952,-0.08118254,-0.20482837,0.5150334,0.7489822506904602,0.2623311,3.399837,2.8657346
9308,2.4556785,-0.062621735,-0.29201323,0.5343919,0.44429346919059753,0.23970717,2.0669668,2.2285395
9309,2.3041728,-0.15285258,-0.21764374,0.56282157,0.7928845286369324,0.21230239,3.3761547,1.9929556
9310,2.3035295,-0.022690725,-0.23787981,0.5216555,0.7217060327529907,0.22551493,2.8542578,2.2162006
9311,2.2215867,-0.017133974,-0.17351505,0.40169606,0.8104562759399414,0.21056692,3.9301188,2.4413922
9312,2.162392,0.0054212916,-0.13412708,0.42623857,0.7832285761833191,0.2227976,4.5715585,2.543244
9313,2.1818957,0.025045114,-0.1809324,0.49246052,0.8077667951583862,0.23334885,3.7119596,2.5326037
9314,2.3706393,-0.020394048,-0.39140263,0.5931857,0.6367655992507935,0.30858567,2.6441307,2.7710783
9315,2.2477286,-0.05708378,-0.155403,0.42399094,0.85,0.1958435,3.0414932,2.109164
9316,2.2835166,-0.018632457,-0.2620133,0.36814272,0.6538514494895935,0.26203373,3.7981544,2.169261
9317,2.341775,-0.036890905,-0.23584601,0.4797828,0.7633209824562073,0.19114189,2.3789842,1.8562404
9318,2.375934,-0.08323404,-0.3029192,0.49664983,0.6316098570823669,0.30781224,2.5654845,2.7224855
9319,2.2037096,0.10880344,-0.25814602,0.3358018,0.7660846710205078,0.22830753,3.8197658,2.5975544
9320,2.2832224,-0.08088516,-0.26843384,0.57662386,0.7445164322853088,0.2337057,3.437581,1.9394137
9321,2.3655343,-0.031504855,-0.39014426,0.4146612,0.7342482805252075,0.25150222,3.2843945,2.865281
9322,2.408654,-0.118326835,-0.22564389,0.37889624,0.3537672758102417,0.31704637,2.4157634,2.83064
9323,2.273582,-0.031137787,-0.20836276,0.41846392,0.7817606925964355,0.18774444,3.1479523,2.0893114
9324,2.1843824,0.056915294,-0.13284475,0.4256145,0.8425440788269043,0.16553497,3.2587037,2.5231962
9325,2.2195566,0.039724413,-0.08460104,0.42233416,0.7328508496284485,0.22120167,2.9856355,1.7458345
9326,2.461251,-0.07361574,-0.37209955,0.5217184,0.4495326578617096,0.28332534,2.3149111,2.839758
9327,2.1344404,0.061037354,-0.10010597,0.46259272,0.7539647221565247,0.2628663,4.132994,2.6879935
9328,2.289563,-0.060708065,-0.2717216,0.52308154,0.8182075619697571,0.22053055,3.3742738,2.546326
9329,2.0724425,0.088382155,-0.14700235,0.4457586,0.85,0.21572585,6.0793576,2.3463497
9330,2.167213,-0.04610758,-0.14919536,0.61756164,0.8046430349349976,0.22208108,4.29219,2.6197305
9331,2.1908796,0.037332796,-0.14782993,0.43818924,0.7052879333496094,0.26037672,3.733625,2.733807
9332,2.2030082,-0.0048485133,-0.17163265,0.46196696,0.8070691227912903,0.19604184,3.891851,2.5630784
9333,2.2700198,0.01843024,-0.19597802,0.42149764,0.6965442299842834,0.2533275,3.123052,2.509215
9334,2.130183,0.10929474,-0.15183848,0.49180654,0.7843170166015625,0.25035888,3.8748574,2.3563728
9335,2.2054563,0.0007908302,-0.2420846,0.46580693,0.85,0.17763199,3.9102452,2.0099864
9336,2.4331954,-0.033661857,-0.26310617,0.43197295,0.4353061616420746,0.18992554,2.124482,1.6553773
9337,2.4820845,-0.11164092,-0.38199133,0.4716509,0.4362931549549103,0.25454706,2.2819614,2.7459447
9338,2.2810566,-0.021148982,-0.23186451,0.5640679,0.7455432415008545,0.23174675,2.8308198,1.9242914
9339,2.498507,0.0070005734,-0.42427823,0.46788788,0.5705614686012268,0.23543108,2.2010982,2.459452
9340,2.2489939,-0.10255367,-0.12029208,0.502452,0.6884399652481079,0.29056594,3.5449731,2.607907
9341,2.2385495,-0.013658142,-0.15209976,0.5573544,0.7324656844139099,0.27114955,3.3560371,2.8623204
9342,2.1643205,0.14001006,-0.14582947,0.346715,0.6878156661987305,0.27833185,3.8566756,2.8531895
9343,2.2553885,0.032450557,-0.3269417,0.4318837,0.7350473403930664,0.24211846,4.107214,2.4162264
9344,2.3024542,-0.14507402,-0.25445062,0.483024,0.8476383686065674,0.18512389,3.749276,1.8185289
9345,2.3283756,-0.07896962,-0.2659736,0.44437537,0.6382148861885071,0.27486566,3.1630878,2.755899
9346,2.1702688,0.043072544,-0.18881643,0.42102465,0.8481007814407349,0.18898693,4.241448,2.2621074
9347,2.1159134,0.05826687,-0.2810044,0.50800174,0.7886450290679932,0.28681675,8.222093,2.8625307
9348,2.293957,-0.08343247,-0.19548722,0.56934106,0.7820088863372803,0.21446736,2.8627062,2.8498206
9349,2.2990992,0.04479633,-0.13051613,0.5633663,0.5425772070884705,0.21545638,2.088655,1.8456901
9350,2.3239923,-0.18056582,-0.27884033,0.52983135,0.6892614364624023,0.31482643,3.9128866,2.8307302
9351,2.2835956,-0.110106476,-0.17396033,0.53130704,0.8059856295585632,0.24139287,3.3697171,2.8143501
9352,2.2188346,-0.034285367,-0.21893506,0.44132566,0.7080797553062439,0.26754257,4.070497,2.7141638
9353,2.2166123,0.06644644,-0.23884,0.41215086,0.7256924510002136,0.26632643,3.8058877,2.5771794
9354,2.3257403,-0.04282242,-0.3494408,0.47274214,0.7985779643058777,0.22942391,3.142521,2.4325814
9355,2.3143423,0.054493837,-0.23256892,0.5557844,0.5720388889312744,0.2374318,2.2864106,2.2610042
9356,2.3953145,0.02600518,-0.3479075,0.35073015,0.712550699710846,0.2069101,2.3449154,2.4691737
9357,2.3161578,0.030977262,-0.11236212,0.35853085,0.5650550127029419,0.22447893,2.2147224,1.8290975
9358,2.2397394,-0.13848849,-0.25148788,0.4143051,0.8182389140129089,0.22874683,6.2299304,2.0972705
9359,2.3238747,-0.04145259,-0.22516026,0.5402165,0.5431607961654663,0.2799376,2.432157,1.9999626
9360,2.1590765,-0.019500196,-0.1287287,0.48265666,0.7840134501457214,0.23525909,4.0691586,2.558837
9361,2.375703,-0.11153953,-0.2961827,0.4613531,0.8225193023681641,0.12623619,2.3530014,1.3720039
9362,2.3038416,-0.046008468,-0.29205582,0.33361027,0.8157073855400085,0.20998926,3.7964344,2.2799215
9363,2.3059213,0.0025991427,-0.30633327,0.53006685,0.7336973547935486,0.24466105,3.3253994,1.8965186
9364,2.2919765,0.017653165,-0.27506846,0.30511722,0.7079295516014099,0.23810376,3.4580677,1.8890971
9365,2.2852402,-0.07416699,-0.13359034,0.47553688,0.629548966884613,0.2817904,2.9996872,2.5103188
9366,2.3440666,-0.053845618,-0.32152453,0.47374573,0.8028701543807983,0.20255898,2.5221493,2.2009702
9367,2.2319124,-0.0506576,-0.2289511,0.44657257,0.7850350141525269,0.23242591,3.90842,2.3563044
9368,2.3709924,-0.062255047,-0.3219071,0.6196937,0.5886895656585693,0.2757339,2.524363,2.6241965
9369,2.1388702,-0.029382637,-0.14222224,0.5236926,0.7813088893890381,0.23738703,5.2779155,1.7200631
9370,2.1704223,0.037754208,-0.26310855,0.44617027,0.8440093398094177,0.19922705,5.2262917,1.8222531
9371,2.4190512,-0.023161318,-0.2983611,0.4341888,-0.02669582888484001,0.17462131,1.9558984,1.33525
9372,2.0844321,0.2019788,-0.25686562,0.33959526,0.7951342463493347,0.24485728,6.963414,2.6164799
9373,2.247116,-0.051048197,-0.23219909,0.5626958,0.7940223813056946,0.18587898,2.9955916,2.1787539
9374,2.2592533,-0.056104,-0.22390336,0.65679175,0.7162305116653442,0.27892834,3.088259,2.6027262
9375,2.2009048,0.05734902,-0.20683457,0.28544325,0.768555760383606,0.25262326,3.9234068,2.6274972
9376,2.280641,-0.13310942,-0.2613638,0.5108165,0.7728438377380371,0.22889513,4.004402,2.4051912
9377,2.2054832,-0.008235926,-0.20414646,0.47598532,0.7974449396133423,0.23214863,4.454879,2.6693025
9378,2.2078674,0.03431114,-0.25015238,0.39628425,0.6980160474777222,0.2673067,4.5142245,2.7825644
9379,2.2055528,-0.00938415,-0.26394153,0.47407383,0.8007681965827942,0.22101897,4.0202107,2.321172
9380,2.2056038,0.017485859,-0.20641506,0.5588447,0.8004677295684814,0.23076138,3.795522,2.4268215
9381,2.3106868,-0.10639958,-0.2464134,0.57117647,0.8480820655822754,0.19219986,3.0229576,1.9134625
9382,2.247289,0.08822505,-0.4112383,0.4671313,0.7738277316093445,0.23713411,4.3003106,2.902604
9383,2.429722,-0.018077895,-0.28817123,0.5211995,0.4943399429321289,0.23216695,2.161246,2.0527823
9384,2.3504922,-0.030597677,-0.32991242,0.50784427,0.7774372696876526,0.21150175,2.8462923,1.9194844
9385,2.1117225,0.1647682,-0.20473607,0.45516622,0.85,0.17955466,4.6567698,1.595873
9386,2.2322974,0.005668352,-0.17375663,0.3484239,0.7864443063735962,0.24050385,3.5279634,2.8634608
9387,2.0893285,0.06720201,-0.17079668,0.5280267,0.7985049486160278,0.23374164,5.998736,1.7050892
9388,2.2061746,0.038916986,-0.213583,0.5132475,0.7234610319137573,0.24246249,3.5838037,2.2990499
9389,2.0651293,0.050732832,-0.21604618,0.6801142,0.8076740503311157,0.23440936,6.847574,1.3417208
9390,2.3309066,-0.08646614,-0.14659664,0.58860666,0.7184833288192749,0.19752316,2.338816,1.92659
9391,2.1877553,0.022569079,-0.26169917,0.47021556,0.7039628624916077,0.2715851,5.2982416,2.6412425
9392,2.2636945,-0.007342885,-0.2348322,0.362918,0.700103223323822,0.26940483,3.473154,2.6908166
9393,2.1812167,-0.06872953,-0.18873675,0.42543936,0.8019530773162842,0.21760343,5.838127,2.517743
9394,2.1863897,-0.023307288,-0.29669377,0.4234132,0.7639665603637695,0.2675908,7.3234773,1.9797972
9395,2.176287,-0.035736974,-0.18545826,0.5145278,0.8286672234535217,0.23492903,4.5420046,2.8245654
9396,2.4344018,-0.036638513,-0.29606542,0.44502,0.357124924659729,0.27495393,2.1907616,2.468918
9397,2.258772,-0.0071778526,-0.1967336,0.40549654,0.7334660887718201,0.27205068,3.4695463,2.392798
9398,2.295709,0.031084185,-0.34860653,0.39606333,0.8160420060157776,0.20321533,3.4562883,2.6761725
9399,2.3874643,-0.1282009,-0.29678917,0.53113633,0.7304588556289673,0.2296916,2.3884149,2.1866453
9400,2.2297742,0.011456331,-0.14837496,0.45266426,0.7695990800857544,0.23786105,3.1848943,2.0739121
9401,2.254936,-0.09653115,-0.05769109,0.50824076,0.6610090136528015,0.314067,2.8949754,2.396921
9402,2.4011621,-0.14040561,-0.28325245,0.51372415,0.6505898237228394,0.25688714,2.7940516,2.3809054
9403,2.5378852,-0.17227286,-0.41888627,0.45136422,0.6611011028289795,0.22096348,2.1488252,2.3135812
9404,2.2382615,-0.029438589,-0.17714353,0.45035258,0.7161835432052612,0.26044765,3.1288524,2.8689415
9405,2.4150205,0.0028206934,-0.42452645,0.4248068,0.7325968742370605,0.22519076,2.409626,2.1811404
9406,2.2623162,0.09520874,-0.26977575,0.3292868,0.8078143000602722,0.20183031,2.9296613,2.5752366
9407,2.2836015,-0.02121804,-0.2302197,0.41534743,0.7730746269226074,0.23581107,3.0348299,2.1379519
9408,2.1809223,-0.034606334,-0.21371526,0.48950008,0.8052524924278259,0.22924444,5.199716,2.3934698
9409,2.2196264,0.011546356,-0.12817377,0.42205343,0.7777476906776428,0.24854742,3.2891998,2.770375
9410,2.276578,0.06880803,-0.27677503,0.4163372,0.7957952618598938,0.1813939,2.8934505,2.3430848
9411,2.3583038,-0.025146225,-0.23110856,0.4044901,0.6935715079307556,0.2167266,2.4060888,1.7851483
9412,2.1703424,0.01687986,-0.23662277,0.4299122,0.7692534327507019,0.23854794,5.40838,2.787365
9413,2.2843595,0.0038632771,-0.20454676,0.4379688,0.7343708872795105,0.22304712,2.772424,2.7984347
9414,2.2543633,0.007232116,-0.18833703,0.39460495,0.8160843253135681,0.17159523,2.934843,2.2423887
9415,2.473831,-0.074797936,-0.4534426,0.46816492,0.6377832293510437,0.25659183,2.476784,2.2787724
9416,2.2290723,0.05336895,-0.22474001,0.41619998,0.8029493093490601,0.21512829,3.4904952,2.6660383
9417,2.2479296,-0.21168347,-0.13917124,0.54830885,0.8119224905967712,0.22529279,4.491053,2.0423057
9418,2.484957,-0.10082333,-0.4094279,0.41991594,0.5727300047874451,0.19433005,2.0941958,1.8976219
9419,2.1960142,0.009588919,-0.18926753,0.46359193,0.7371103763580322,0.25856236,3.976026,2.3855448
9420,2.1761642,0.015979003,-0.17752297,0.51314396,0.6991381645202637,0.28248093,4.3947434,2.6312754
9421,2.2527573,-0.022152074,-0.28231215,0.47122818,0.8086187839508057,0.22124113,3.878961,2.1682622
9422,2.2313645,-0.05342246,-0.14420924,0.42873007,0.809810221195221,0.21588935,3.4629848,2.5346136
9423,2.3325102,-0.1437153,-0.30994546,0.5184481,0.7177940011024475,0.26138037,3.907035,2.6878052
9424,2.2325146,0.057400595,-0.24142125,0.35646167,0.7537555694580078,0.2578563,3.6911738,2.488275
9425,2.370443,0.007472967,-0.30607256,0.42678973,0.7459351420402527,0.14382525,2.2409937,1.3007581
9426,2.4002528,-0.084196135,-0.28829062,0.5654659,0.6169906258583069,0.22368161,2.25449,1.8704133
9427,2.3321443,-0.1183912,-0.289517,0.57689273,0.6416318416595459,0.2736137,3.2218761,2.039688
9428,2.346169,-0.0018682256,-0.31123462,0.50119656,0.5205936431884766,0.29943183,2.5970538,2.3460553
9429,2.2219644,0.08042363,-0.31334567,0.4466516,0.8285183310508728,0.21050005,3.8295186,2.2265372
9430,2.2295568,-0.13515176,-0.20000333,0.62214243,0.6356885433197021,0.31840175,4.6574893,2.818167
9431,2.297697,-0.009461028,-0.25279638,0.49321365,0.6991608738899231,0.27039433,2.9766264,2.6166048
9432,2.371402,-0.12516338,-0.2815444,0.39630544,0.5841543674468994,0.30674788,2.8845239,2.0445068
9433,2.4038072,-0.20221715,-0.3117257,0.6594289,0.7073482871055603,0.25967658,2.9920087,2.508963
9434,2.4162047,-0.12474507,-0.3429208,0.5304523,0.7934105396270752,0.21465471,2.645474,2.0530837
9435,2.1256573,0.05732242,-0.14987414,0.45967555,0.7742242217063904,0.23427102,4.4773617,2.625118
9436,2.2283053,0.062469926,-0.21597002,0.48209247,0.7796472311019897,0.22261082,3.4621806,2.1007025
9437,2.1938014,-0.03405769,-0.16443093,0.44723862,0.833755612373352,0.18528688,3.7439885,1.6270905
9438,2.1660542,0.031432852,-0.2294421,0.3888968,0.8221091628074646,0.20768571,4.9145203,2.450675
9439,2.338286,0.024779925,-0.21353051,0.36008075,0.4905611574649811,0.2446545,2.3588848,2.0019279
9440,2.146122,0.028454032,-0.15005583,0.5399981,0.7677685618400574,0.22617185,4.4405613,2.523193
9441,2.331685,-0.14157784,-0.25827494,0.49775293,0.7785007357597351,0.22177395,3.2780387,2.6945868
9442,2.2019145,0.037441544,-0.11570045,0.3534314,0.7160610556602478,0.26571256,3.6055381,2.894393
9443,2.3047528,-0.10084561,-0.37758726,0.5784487,0.6852490305900574,0.2781966,4.5336885,2.8667028
9444,2.1424842,0.16769995,-0.245014,0.37965554,0.7968006134033203,0.24780516,4.679483,2.783637
9445,2.378738,0.034357153,-0.3640492,0.5431989,0.5430877804756165,0.22958001,2.5837893,1.8943462
9446,2.1948745,0.002364558,-0.1548935,0.38212278,0.85,0.17059575,3.842643,2.1546776
9447,2.262093,0.040805627,-0.27171525,0.4097423,0.7326605916023254,0.24578586,3.0552983,2.546065
9448,2.20588,-0.016417744,-0.33631343,0.46626085,0.6911433339118958,0.2748476,7.170063,2.8977184
9449,2.2389257,-0.11043248,-0.21542047,0.4930077,0.8196307420730591,0.1989185,4.2974553,2.297558
9450,2.241244,-0.09877576,-0.24968848,0.40655932,0.7895227074623108,0.23340413,5.405821,2.749499
9451,2.3036437,-0.028732477,-0.22763747,0.49453828,0.6935277581214905,0.23170386,2.6552587,2.1098576
9452,2.1860504,0.03503424,-0.17971544,0.40155566,0.8208603858947754,0.21697582,3.9060874,2.031537
9453,2.3794775,-0.018374037,-0.2108181,0.52014357,0.3589198589324951,0.29485825,2.2057717,2.8367865
9454,2.2304873,-0.14399993,-0.23130912,0.43385762,0.8026200532913208,0.24455293,6.467157,2.8261983
9455,2.2714243,-0.12614699,-0.2958649,0.5357042,0.7250125408172607,0.27970293,4.548802,2.7116053
9456,2.2923012,-0.062360212,-0.27429563,0.45548597,0.7898267507553101,0.23606677,3.4959779,2.6442747
9457,2.2361243,-0.03741358,-0.25729328,0.5077384,0.7394714951515198,0.25082055,3.9829276,2.6189525
9458,2.267242,-0.024933292,-0.10445446,0.4874931,0.6358551383018494,0.25880978,2.7397292,2.2660449
9459,2.3498676,-0.03834702,-0.29679197,0.41789037,0.8095257878303528,0.21054186,2.9985929,1.7287397
9460,2.249348,-0.06703124,-0.18534511,0.51350784,0.7973101139068604,0.22358736,3.626501,2.640258
9461,2.168097,0.0364891,-0.30115658,0.523681,0.7861639261245728,0.23489012,5.7679634,2.15358
9462,2.2809243,-0.10728194,-0.30128938,0.51128924,0.8070128560066223,0.21190183,4.335296,2.2848785
9463,2.2732697,-0.09873649,-0.12911911,0.4957594,0.5857190489768982,0.2822107,3.2389975,2.6318736
9464,2.3591065,-0.09581179,-0.3231044,0.53512555,0.6575892567634583,0.25558826,2.97481,1.9612571
9465,2.3248959,-0.11342825,-0.31714267,0.5525632,0.6986191868782043,0.22663592,3.5640845,2.213429
9466,2.369431,-0.023965277,-0.27202636,0.5903097,0.6059706211090088,0.2250885,2.238269,1.7516352
9467,2.412402,0.014614393,-0.28479582,0.4056584,0.6224955320358276,0.22992352,2.1030602,2.2559078
9468,2.2917047,-0.024549883,-0.23576091,0.4616679,0.5884262323379517,0.29352996,3.1916854,2.58006
9469,2.1719184,-0.0756352,-0.19698882,0.40611696,0.7856073975563049,0.24877183,6.7021713,1.67824
9470,2.1637392,-0.003525279,-0.19847767,0.41103598,0.7270806431770325,0.27004856,5.6852794,2.4198115
9471,2.29424,-0.06920522,-0.22400005,0.5056854,0.7613270878791809,0.1991136,2.66426,1.6265041
9472,2.418174,-0.07057472,-0.32916027,0.5969378,0.4693794250488281,0.2622213,2.2742438,2.1938303
9473,2.3085735,-0.05106093,-0.30913857,0.5367164,0.6985557675361633,0.26916474,3.422415,2.619522
9474,2.1997893,0.05115213,-0.18288024,0.56820273,0.6835149526596069,0.29207852,3.4897468,2.8959684
9475,2.2195232,-0.04196023,-0.2928709,0.422843,0.8181303143501282,0.23497266,5.358929,2.4863565
9476,2.3369968,-0.022454208,-0.2520179,0.4193586,0.5369789600372314,0.29268312,2.79959,2.1234803
9477,2.2956717,-0.07748062,-0.24982615,0.43952027,0.6892237663269043,0.26426825,3.6732955,2.658414
9478,2.3533063,-0.12678032,-0.2685605,0.5504662,0.74109947681427,0.24805458,2.8228655,2.7475886
9479,2.1870944,-0.12516454,-0.14825198,0.41197887,0.7056300044059753,0.26934606,4.680558,2.663653
9480,2.161793,-0.13409407,-0.16060819,0.51118004,0.807991623878479,0.24467811,7.4701424,2.8110201
9481,2.305401,-0.035090793,-0.24846439,0.43083692,0.7645092010498047,0.22512443,2.9051383,1.9127525
9482,2.1703303,-0.0077250167,-0.1240179,0.5615048,0.85,0.19576202,3.6894681,2.2704916
9483,2.139521,0.08523144,-0.11366089,0.47381076,0.7210105657577515,0.24717903,3.878853,2.1617224
9484,2.3212094,-0.12221327,-0.28589365,0.47178704,0.7412051558494568,0.2527335,3.7363634,2.394673
9485,2.1788359,0.05817065,-0.24853975,0.5890699,0.757004976272583,0.2512073,4.4805365,2.4654248
9486,2.4439104,0.009211434,-0.31377956,0.46111512,0.329926073551178,0.276688,2.0737107,2.600197
9487,2.2712119,0.02745888,-0.21124665,0.34588385,0.7833009958267212,0.20857312,3.1422582,2.0162044
9488,2.2937918,-0.044419203,-0.246391,0.5696668,0.7837912440299988,0.23629768,3.1602874,2.0077472
9489,2.217432,-0.014518598,-0.21437582,0.46421862,0.8433474898338318,0.18332191,3.6546257,2.4017084
9490,2.2255702,0.036645785,-0.15014927,0.43026027,0.7065744400024414,0.24975583,3.113653,2.087477
9491,2.3379135,-0.16296348,-0.36252522,0.49795052,0.773645281791687,0.2722905,4.6100726,2.8621793
9492,2.3188212,0.040150058,-0.24072108,0.51627964,0.751895546913147,0.14787267,2.19137,1.5917244
9493,2.2185369,-0.086652234,-0.14186889,0.28531605,0.837687075138092,0.1870279,4.2501225,2.640939
9494,2.088329,0.030034736,-0.24837285,0.6212548,0.843418538570404,0.24582985,7.700497,2.2890267
9495,2.3691561,0.109956436,-0.27858815,0.3103352,0.7527165412902832,0.17052412,2.18207,2.3304853
9496,2.1705563,0.032809842,-0.21342611,0.575807,0.7789064049720764,0.21867578,3.9671237,2.4642596
9497,2.2729023,-0.016779963,-0.27604026,0.41190383,0.7504602670669556,0.25580952,3.7076426,2.6423578
9498,2.1698499,-0.009022671,-0.1040346,0.50920653,0.808233380317688,0.2323943,3.818511,2.5670335
9499,2.2969549,-0.11236371,-0.27118194,0.49599344,0.8048893213272095,0.22445841,3.6381366,2.4117236
9500,2.2862802,-0.023353389,-0.36798307,0.48567164,0.78631991147995,0.23283881,3.886511,2.570332
9501,2.3072875,-0.12677361,-0.18072107,0.42562607,0.814264714717865,0.18934183,3.0482829,2.0509002
9502,2.2286243,-0.047219574,-0.19322595,0.42573816,0.7813910841941833,0.22343901,3.6366692,2.526379
9503,2.3992486,-0.022467157,-0.22874632,0.43635783,0.48893001675605774,0.2201754,2.0753558,2.077814
9504,2.3458395,-0.12915705,-0.2861571,0.40848055,0.73372483253479,0.24762611,3.3497539,2.0904567
9505,2.258326,0.032859314,-0.23177971,0.56196064,0.6865783929824829,0.26610303,3.203521,2.5820303
9506,2.2597547,0.013086201,-0.25313064,0.49730992,0.6914833784103394,0.28176764,3.5390596,2.590702
9507,2.2827742,0.03776745,-0.25172177,0.49720892,0.7191498279571533,0.2754586,3.013644,2.4516008
9508,2.2658963,-0.020387433,-0.32136035,0.4315021,0.7514128684997559,0.23115315,3.8625495,2.5158677
9509,2.2573056,-0.0017189761,-0.24754585,0.30632323,0.8438181281089783,0.17602542,4.0987763,2.494513
9510,2.2696013,-0.092051186,-0.16018379,0.4740324,0.6717868447303772,0.2667503,3.532081,2.5382996
9511,2.2123926,-0.063605316,-0.22804658,0.45882007,0.8234909176826477,0.21839826,4.205625,2.618536
9512,2.1811233,0.08227607,-0.1907427,0.33258992,0.6977199912071228,0.23971757,4.1646714,2.4036603
9513,2.406971,-0.15227287,-0.307987,0.5316778,0.8223933577537537,0.1407569,2.3059673,1.3423357
9514,2.2030606,-0.048956476,-0.27673498,0.45286486,0.7538112998008728,0.2626723,6.289779,2.461002
9515,2.2275016,0.016217398,-0.23651387,0.45632845,0.7396135926246643,0.24224226,3.8050873,2.4568744
9516,2.1931586,-0.029540755,-0.13511582,0.42797327,0.85,0.1727703,3.7783725,1.9257994
9517,2.3648207,-0.089416526,-0.33488658,0.56907135,0.613844096660614,0.30486712,3.1562204,2.6719227
9518,2.1408124,0.019409202,-0.20336504,0.40999675,0.7538952231407166,0.2587255,6.238947,2.5945039
9519,2.164493,0.019720875,-0.18019438,0.57245684,0.7409303784370422,0.26257157,4.1830873,2.3494184
9520,2.2377195,-0.023843748,-0.22467409,0.44341668,0.85,0.17555027,3.9013634,2.014058
9521,2.2189054,-0.010241088,-0.12554483,0.43197513,0.85,0.19636375,3.2966132,1.6359638
9522,2.1506445,0.07237185,-0.24950399,0.42278814,0.7287244200706482,0.26453197,5.686498,2.7275968
9523,2.2121632,-0.03556953,-0.20259905,0.46511912,0.7799271941184998,0.24364023,4.0774083,2.774066
9524,2.1623907,0.04624375,-0.17589302,0.41749552,0.85,0.16181105,3.834791,2.453892
9525,2.3353658,-0.088160016,-0.21516635,0.43083385,0.7615795731544495,0.25330815,3.0603735,2.308721
9526,2.249254,0.011666188,-0.33307546,0.37813887,0.7496609687805176,0.24612261,4.8589454,2.400262
9527,2.2317524,-0.06689948,-0.27926344,0.46750477,0.85,0.20553751,4.9918838,2.6142712
9528,2.331393,-0.0446153,-0.2511788,0.5479067,0.8250101804733276,0.18084472,2.478672,2.3571947
9529,2.2245586,-0.0034661235,-0.25644043,0.6309229,0.7841216325759888,0.22224583,3.5265892,2.2356777
9530,2.3222284,0.14028548,-0.2648577,0.48460022,0.7243666648864746,0.12205555,2.1006925,1.3567427
9531,2.2653909,-0.17957218,-0.1953783,0.5072031,0.7921897768974304,0.21736366,4.60812,2.886825
9532,2.1467497,-0.12914443,-0.27892035,0.5499393,0.7839459776878357,0.30399856,12.507011,2.0176177
9533,2.1852477,-0.027484775,-0.11180015,0.55009913,0.7040714621543884,0.2873806,3.883035,2.7739625
9534,2.2028086,0.073431306,-0.2875466,0.45695287,0.7542616724967957,0.24616668,3.7940514,2.4173462
9535,2.3063984,0.015433751,-0.28169554,0.55611277,0.8354644179344177,0.18843998,2.6838856,2.56432
9536,2.0720685,0.06754856,-0.21223618,0.42346075,0.7256512641906738,0.30982456,10.638654,2.2844825
9537,2.1936047,0.09749402,-0.18988255,0.42574525,0.8227149844169617,0.15868238,2.956328,1.7748736
9538,2.1581178,-0.0069162925,-0.12663017,0.4128262,0.6867196559906006,0.283227,4.3341064,2.8538713
9539,2.1479442,-0.026315799,-0.12199427,0.4395558,0.7557150721549988,0.2603406,5.258613,2.8254685
9540,2.3334346,-0.019543458,-0.2672675,0.4223444,0.7014731168746948,0.20652057,2.6881838,2.0440886
9541,2.4013839,0.0066618696,-0.28273275,0.35522532,0.7092522978782654,0.22043708,2.1651163,2.15681
9542,2.3253844,-0.029220136,-0.33690277,0.48625067,0.8136101961135864,0.22526501,2.8137176,2.6187224
9543,2.391884,-0.071780264,-0.22441061,0.40758467,0.6859643459320068,0.17564404,2.215956,1.740976
9544,2.2355182,0.043221306,-0.20121336,0.51449895,0.8309434056282043,0.19020103,3.0115867,1.7178084
9545,2.2706585,-0.017762817,-0.20170516,0.37512323,0.8256694078445435,0.17628136,3.0464988,1.7474952
9546,2.1793342,0.041119236,-0.12033626,0.4128603,0.8381526470184326,0.18434843,3.4051394,2.2643065
9547,2.3867314,-0.032949638,-0.30419698,0.45759615,0.7713392376899719,0.13558242,2.1370409,1.7813
9548,2.3699412,-0.069597594,-0.28272665,0.492882,0.7889813184738159,0.18410094,2.471599,1.628192
9549,2.2265723,-0.017538505,-0.09394313,0.3826339,0.6805213689804077,0.26802367,3.256169,2.5059335
9550,2.0896008,0.033037353,-0.20097877,0.44123468,0.7719604969024658,0.27830583,8.914668,1.9206002
9551,2.2766752,-0.051322304,-0.15011239,0.54869217,0.6629610657691956,0.29347494,3.0128767,2.617087
9552,2.346998,-0.03589623,-0.3172128,0.5862934,0.7275251150131226,0.25062048,2.5626097,2.113221
9553,2.3061972,0.098743565,-0.25531426,0.4566238,0.6579457521438599,0.25671533,2.5027452,2.8221896
9554,2.2290792,-0.03444175,-0.31492537,0.45415547,0.7936713099479675,0.22977433,6.1032705,1.8840377
9555,2.2183928,0.07888758,-0.2707464,0.31467712,0.7606882452964783,0.27371427,4.4782763,2.7262132
9556,2.3629928,-0.034055144,-0.2915976,0.44379804,0.6878323554992676,0.24203221,2.5761738,1.9505965
9557,2.2938251,-0.014811892,-0.2045704,0.45028847,0.85,0.15181026,2.3630605,2.2555757
9558,2.3932183,-0.12115171,-0.26996896,0.48244077,0.7035956978797913,0.23051064,2.722572,2.611375
9559,2.3136096,-0.03276229,-0.25734988,0.5469546,0.6565552949905396,0.2518844,2.9773102,2.246538
9560,2.3873792,0.01766634,-0.34328488,0.41117066,0.42461687326431274,0.27423552,2.4362726,2.2662604
9561,2.2647746,-0.09909008,-0.1788246,0.53288007,0.7364513278007507,0.2468396,3.3284426,2.8741841
9562,2.2173111,0.038053114,-0.18478808,0.48324135,0.7250199317932129,0.26556265,3.5657065,2.266735
9563,2.2212968,-0.076356746,-0.1846414,0.45184353,0.85,0.18207149,3.8412163,1.8174993
9564,2.1698241,-0.14732462,-0.17956136,0.5716358,0.7943665385246277,0.25146383,6.8351755,2.6379485
9565,2.245718,-0.16314694,-0.17257558,0.48915687,0.7996991276741028,0.21537936,4.1156855,2.42417
9566,2.3466225,-0.010724032,-0.29937473,0.52783823,0.6409289836883545,0.25572568,2.8380136,2.0974805
9567,2.446624,-0.0485965,-0.2997478,0.38580793,0.025318637490272522,0.24094972,2.1728892,1.4817082
9568,2.346786,-0.022802806,-0.366528,0.5010026,0.7735854983329773,0.22212255,2.9584577,1.5881854
9569,2.1656737,0.06746107,-0.2634879,0.4006706,0.8312058448791504,0.21131457,4.858275,2.352347
9570,2.2258544,0.0018966163,-0.2584654,0.5214953,0.8163537383079529,0.21175906,3.7832735,2.5540748
9571,2.2535915,0.008320835,-0.2335283,0.41767257,0.7946532964706421,0.2242786,3.387503,2.6112247
9572,2.1572704,-0.0060709636,-0.14342028,0.395691,0.7132195234298706,0.2585191,4.8725452,2.5178604
9573,2.129171,0.008936492,-0.22596052,0.38029033,0.7623035907745361,0.26015106,7.598886,2.567713
9574,2.2354708,0.12304844,-0.26074457,0.4067476,0.7343844771385193,0.25284874,3.5039082,2.1094294
9575,2.3313727,0.043637346,-0.20905057,0.35594705,0.6799240112304688,0.11259863,2.1356835,1.3925325
9576,2.2148662,-0.11392279,-0.24120156,0.51324147,0.7447262406349182,0.2547168,5.14869,2.8547144
9577,2.2808838,0.026678862,-0.3072721,0.5317633,0.7694413661956787,0.2339758,3.3674512,2.8759298
9578,2.2537935,0.015035417,-0.26600698,0.53945553,0.6744869351387024,0.27659205,3.4060311,2.870036
9579,2.387803,0.061496966,-0.35178,0.3347851,0.5536280274391174,0.26903248,2.7019958,2.1102366
9580,2.2216725,0.062078975,-0.24639413,0.44304132,0.8420690298080444,0.20085369,3.7418838,2.5923064
9581,2.2335122,-0.13027012,-0.16972698,0.46489817,0.759498655796051,0.24902365,4.2588196,2.4631932
9582,2.179081,0.08388727,-0.073942356,0.444562,0.8065943121910095,0.19125277,3.0422719,2.049615
9583,2.2036917,-0.07707822,-0.27750286,0.43895343,0.7395163178443909,0.27823377,6.3874135,2.661752
9584,2.298652,0.012838526,-0.31349525,0.39701235,0.8360884785652161,0.18696931,2.9612954,2.1802726
9585,2.323836,0.05664384,-0.20455827,0.43935394,0.4021749496459961,0.29273587,2.2667763,2.4941266
9586,2.254445,-0.04315896,-0.25653636,0.5508539,0.7851369976997375,0.2486453,3.589948,2.5929499
9587,2.3639448,-0.062335134,-0.30097488,0.3782994,0.8147166967391968,0.19852372,2.933773,1.7517183
9588,2.2224126,-0.109098144,-0.22461422,0.5504001,0.7858994007110596,0.23472527,4.3501544,2.7630546
9589,2.3202448,-0.11560135,-0.40243813,0.59014416,0.7048637866973877,0.27674693,4.5860567,2.805167
9590,2.1569452,0.047560845,-0.18719073,0.42029324,0.816098153591156,0.23166391,4.530333,2.7456563
9591,2.3535373,-0.052150495,-0.34237468,0.50233346,0.8068638443946838,0.20581321,2.969439,2.4640589
9592,2.1623294,-0.02595788,-0.19094738,0.4509188,0.696274995803833,0.27452222,5.233405,2.9193957
9593,2.297719,0.03605349,-0.2093154,0.5593709,0.41974955797195435,0.28112558,2.381702,1.8773353
9594,2.2250671,-0.017512325,-0.1806008,0.5190379,0.8074366450309753,0.24237378,3.3765302,2.6616037
9595,2.403954,0.030943895,-0.34715155,0.41881165,0.6104704737663269,0.17861079,2.159927,1.6814239
9596,2.2978373,-0.11392318,-0.22165765,0.43107188,0.7360992431640625,0.25684062,3.4836774,2.5012972
9597,2.2252715,0.07900745,-0.3419456,0.5650227,0.769116222858429,0.25083017,4.173556,2.626614
9598,2.2714221,-0.08448714,-0.099867165,0.4981148,0.8096268773078918,0.21791732,2.8150973,2.3811567
9599,2.3623,0.055590957,-0.21710841,0.28374964,0.57872074842453,0.26053053,2.399478,1.7499298
9600,2.2899232,-0.07290235,-0.1928576,0.45260066,0.7321993112564087,0.23921451,3.25056,2.5165086
9601,2.2548592,0.1054128,-0.24801522,0.40651783,0.7238805890083313,0.2536433,3.2815661,2.4510775
9602,2.2501862,0.052610267,-0.20378193,0.5144487,0.7334662675857544,0.22839195,2.7413337,2.421477
9603,2.1971173,0.053135436,-0.21406356,0.4352167,0.7842857241630554,0.25023887,4.1353035,2.8705714
9604,2.3373258,0.009465459,-0.30454785,0.6230324,0.744547963142395,0.18398744,2.3553817,1.6185385
9605,2.2367702,0.12713663,-0.23298842,0.36090335,0.806110143661499,0.21322721,2.558929,2.327984
9606,2.2611098,0.014709231,-0.24057026,0.37896895,0.7817535400390625,0.23779038,3.4189343,2.3944576
9607,2.2224987,0.047073044,-0.21828331,0.4792249,0.7510479092597961,0.25521937,3.5422933,2.4782486
9608,2.2878509,0.005278782,-0.2963912,0.455642,0.7085413336753845,0.2691609,3.4400034,2.8593597
9609,2.238217,-0.10196693,-0.22947638,0.46893325,0.7672256827354431,0.23065394,4.200265,2.241462
9610,2.1455133,-0.035618998,-0.09738113,0.5554355,0.8104946613311768,0.20773819,4.410757,2.4494536
9611,2.2240415,0.008207073,-0.25010058,0.40979898,0.7548108696937561,0.2797288,4.1575027,2.7832804
9612,2.2231805,0.0035640942,-0.20488451,0.41065556,0.8416961431503296,0.20061329,3.7537477,2.809258
9613,2.2667978,-0.15807687,-0.22555543,0.5150987,0.8264104127883911,0.21233514,3.9545405,2.5734038
9614,2.3441238,-0.12821068,-0.2137729,0.4006404,0.8104979395866394,0.18869162,3.0203216,1.656224
9615,2.3452358,0.037762176,-0.33364502,0.5495101,0.6436026096343994,0.25989637,2.6013951,2.55563
9616,2.2698207,0.07127318,-0.18869098,0.47411,0.8427858352661133,0.12970783,2.2553396,1.2967583
9617,2.3074162,0.012957088,-0.29829237,0.3999548,0.7377477288246155,0.23267828,3.4516108,2.2378218
9618,2.248447,0.029734619,-0.23129915,0.45921782,0.7637631893157959,0.2147432,2.9682019,1.619704
9619,2.2575257,-0.03373164,-0.22461279,0.32540396,0.7750565409660339,0.22122869,3.7586155,2.7266068
9620,2.2508576,-0.0052566575,-0.26493514,0.47000808,0.85,0.1965,3.6100936,2.0479467
9621,2.189739,-0.062107373,-0.18265396,0.4635655,0.85,0.17652643,4.6309953,1.8119484
9622,2.2513149,-0.026936758,-0.27254185,0.38029325,0.8039974570274353,0.2035752,4.2214203,2.295683
9623,2.2832322,0.09221835,-0.29770494,0.3961221,0.7061389088630676,0.2620021,3.040305,2.7982893
9624,2.2850277,-0.10103282,-0.14817137,0.43095627,0.795700192451477,0.2352997,3.2551556,2.264189
9625,2.1826372,-0.045854285,-0.1089574,0.5576089,0.7780629992485046,0.2308905,3.2429428,2.6786277
9626,2.3082142,-0.12764573,-0.3354806,0.51721966,0.85,0.1823796,3.8858037,2.5856311
9627,2.3175733,-0.10355273,-0.2736162,0.53530866,0.8254410028457642,0.19188929,3.0691469,2.4286044
9628,2.2416158,-0.066435024,-0.3154887,0.4147468,0.7669090032577515,0.25856498,5.8885007,2.7073824
9629,2.3955696,0.023619728,-0.22864851,0.5248165,0.6038646101951599,0.2126162,2.053476,2.37743
9630,2.4246166,0.049740557,-0.45170617,0.52735263,0.37514936923980713,0.2677003,2.4502153,2.018094
9631,2.2764564,-0.06271392,-0.119509764,0.57948065,0.7485024929046631,0.25074318,2.604651,2.1019416
9632,2.2831624,-0.021694116,-0.26099533,0.432089,0.5209386348724365,0.33168712,3.4156213,2.6756256
9633,2.249852,0.039712176,-0.15276016,0.44007754,0.6906506419181824,0.25078285,2.8507464,2.5826166
9634,2.3560498,-0.14858305,-0.23586687,0.46829957,0.7544196248054504,0.24927254,3.1486232,2.6487935
9635,2.269506,-0.06402576,-0.29810774,0.48817763,0.7324497699737549,0.2605748,4.174996,2.7211704
9636,2.275899,-0.011636736,-0.25136933,0.48556322,0.766655445098877,0.24627605,3.3273907,2.2760687
9637,2.4643734,-0.03207832,-0.39778545,0.39400557,0.5884838104248047,0.2653781,2.3520257,1.891971
9638,2.3097284,-0.059202522,-0.23590963,0.42401588,0.6694077849388123,0.28454268,3.2284653,2.8961232
9639,2.201938,-0.0669542,-0.17044388,0.5149739,0.7853215932846069,0.2187427,4.157004,2.5655167
9640,2.4071794,-0.095204294,-0.32891965,0.6108081,0.7586988210678101,0.18419802,2.5491598,1.5918486
9641,2.3375866,-0.06886014,-0.3003352,0.43134442,0.766411304473877,0.24144576,3.1589947,2.1733088
9642,2.1840365,0.054966133,-0.16913483,0.35930225,0.6783610582351685,0.29203087,4.2749147,2.542275
9643,2.2526815,0.0178784,-0.21283707,0.32932818,0.7245248556137085,0.25466073,3.6857312,2.5545664
9644,2.2627034,0.09783895,-0.1861564,0.37410387,0.6967220306396484,0.19865486,2.7422965,1.9151275
9645,2.2183535,-0.00337402,-0.18216598,0.42955682,0.7593430280685425,0.24658115,4.0357175,2.1983223
9646,2.2311237,0.078439526,-0.25077835,0.30197138,0.7836819887161255,0.22123326,3.4976013,2.5267923
9647,2.2387493,0.021970196,-0.3122536,0.46838078,0.8058087229728699,0.22669469,3.9851038,2.7737718
9648,2.2800124,-0.0310013,-0.14847547,0.38679036,0.6515190601348877,0.27675402,2.9852672,2.51054
9649,2.2920492,0.08803042,-0.1816799,0.41253155,0.5483949184417725,0.2594889,2.2151654,2.062874
9650,2.1793406,0.06487409,-0.17209765,0.54307973,0.8031482696533203,0.21875967,3.3954563,2.8047993
9651,2.2562327,-0.02055723,-0.3490408,0.44681925,0.7432342171669006,0.28236315,4.8251653,2.1390817
9652,2.359099,0.0004457072,-0.23674643,0.521377,0.635434091091156,0.20563087,2.2258217,2.2358441
9653,2.2024765,0.017512904,-0.13981949,0.44997776,0.7820828557014465,0.24639332,3.5547497,2.4431114
9654,2.2814126,0.018434929,-0.19371295,0.5372485,0.686160683631897,0.23272544,2.5000284,2.1517022
9655,2.349849,-0.009554974,-0.23664267,0.3670888,0.38999325037002563,0.35434216,2.4885767,2.7372935
9656,2.2887669,-0.005614019,-0.07846432,0.46826583,0.7567639946937561,0.121362545,2.179181,1.2570068
9657,2.4278264,-0.09694743,-0.32363644,0.47247443,0.503624677658081,0.27310872,2.5310442,2.6129386
9658,2.2795799,-0.03766403,-0.23926133,0.5149024,0.7392624616622925,0.27240884,3.347786,2.467511
9659,2.321319,0.034190558,-0.16070352,0.42058164,0.4386921226978302,0.20995212,2.2978704,1.8026497
9660,2.3064742,-0.10825739,-0.1214635,0.43521515,0.7243631482124329,0.23094885,2.9283252,2.4812582
9661,2.268078,-0.058369156,-0.24071616,0.41623816,0.7464929819107056,0.25474757,4.0823064,2.3208504
9662,2.1412742,0.034395643,-0.14964087,0.54722875,0.6834514737129211,0.26557636,4.4229035,2.245817
9663,2.2623794,0.044002455,-0.26018575,0.39985812,0.7558775544166565,0.22180036,3.2333214,2.4318738
9664,2.233174,0.0028808399,-0.24155374,0.5325221,0.691051185131073,0.2851655,3.8270807,2.865617
9665,2.284646,0.04429533,-0.19192414,0.4444839,0.6181747317314148,0.23431548,2.7376246,2.2455776
9666,2.2945547,-0.059207357,-0.21129929,0.4547867,0.6241912245750427,0.28515705,3.215008,2.4812171
9667,2.3260221,-0.13258752,-0.18632561,0.47831118,0.714811384677887,0.2147651,3.0208282,1.6296787
9668,2.3736277,0.022033622,-0.3387102,0.47805047,0.6161340475082397,0.24562016,2.3702645,2.1084266
9669,2.2661867,-0.13108975,-0.18849637,0.56668365,0.7426296472549438,0.28497064,3.710057,2.8662899
9670,2.1750262,0.09151623,-0.21455583,0.39171606,0.782817542552948,0.22184451,4.1551795,2.4727075
9671,2.2304397,-0.033988696,-0.24485417,0.48412347,0.7989344596862793,0.2365669,4.1502533,2.5415924
9672,2.2223399,-0.045931526,-0.22131178,0.44684562,0.839122474193573,0.21510163,4.183033,2.8094523
9673,2.2517705,0.11736765,-0.16534448,0.50096095,0.5244871377944946,0.22758922,2.142915,1.4865075
9674,2.2187603,0.04730636,-0.14348257,0.597209,0.7997437119483948,0.20699103,2.945805,2.5660822
9675,2.3201132,0.12391572,-0.20679905,0.4361017,0.4864630699157715,0.28922412,2.1200132,2.3855152
9676,2.2091565,0.074706085,-0.20827931,0.38086078,0.7866173386573792,0.23530743,3.6870391,2.3719985
9677,2.3241007,-0.06974772,-0.22502506,0.40377554,0.6583501696586609,0.27985787,3.2322893,2.375194
9678,2.2882411,-0.02971003,-0.29805347,0.45591068,0.7501318454742432,0.27189255,3.7084644,2.7091594
9679,2.2051547,0.05036343,-0.116575085,0.4088215,0.7577388286590576,0.23712945,3.3807788,2.1370666
9680,2.4258285,0.005977387,-0.33837998,0.5916059,0.6280831694602966,0.19103457,2.0592582,2.2052546
9681,2.3368752,-0.026541691,-0.21831867,0.37033156,0.66731196641922,0.24695744,2.6606855,2.332196
9682,2.3493218,-0.087774366,-0.22854252,0.49059737,0.5837690234184265,0.24776073,2.6451342,1.628736
9683,2.3002646,0.0096547175,-0.29630956,0.474138,0.7077158093452454,0.25208005,3.2288404,2.28649
9684,2.35776,-0.15202658,-0.15006089,0.36380672,0.6872276067733765,0.25291058,2.6461873,2.128527
9685,2.1418283,-0.008840934,-0.14160927,0.5120392,0.7327505946159363,0.27086815,5.688577,2.68373
9686,2.2091835,-0.055768523,-0.103430465,0.44000188,0.8010233044624329,0.19441763,3.7386472,2.2385993
9687,2.3034298,-0.14758359,-0.3626158,0.543304,0.7199597358703613,0.26748878,4.3532743,2.8786314
9688,2.2011957,-0.051433496,-0.13650472,0.35661596,0.7165734171867371,0.27225664,4.346133,2.4888408
9689,2.3445022,0.087559015,-0.35173246,0.49184978,0.8286003470420837,0.14364004,2.4365823,1.8348677
9690,2.2466645,0.09237308,-0.33756408,0.45098457,0.7833466529846191,0.22457537,3.924004,2.6038177
9691,2.1892002,-0.0055992263,-0.20959267,0.3955936,0.765424907207489,0.23253125,4.8011537,2.216965
9692,2.2213256,-0.16075599,-0.21599057,0.52030605,0.710791826248169,0.26394945,5.7476015,2.7293959
9693,2.2252681,-0.0380824,-0.2763559,0.43849945,0.7819205522537231,0.22143988,4.4830613,2.2486117
9694,2.3093312,-0.13167304,-0.2162738,0.4667891,0.8048876523971558,0.22216651,3.0624545,2.5858114
9695,2.3887393,0.022173801,-0.24797352,0.52419007,0.29452070593833923,0.24682601,2.1562707,1.9103829
9696,2.3340151,-0.044538725,-0.24264978,0.3794745,0.8037429451942444,0.16740198,2.8598602,1.4889553
9697,2.2058475,-0.022237115,-0.1524851,0.46998623,0.710709273815155,0.25118956,3.7182765,2.1840515
9698,2.1646528,-0.04169548,-0.11128196,0.41429073,0.8080723881721497,0.21383308,4.5927157,2.2741277
9699,2.1779797,0.008768723,-0.07730418,0.47493312,0.7878494262695312,0.20982192,3.3604376,1.487514
9700,2.2010477,-0.037420668,-0.18837158,0.44974396,0.8011943101882935,0.2083703,3.9287224,2.2729561
9701,2.3277707,-0.010673863,-0.25901607,0.4509896,0.756537914276123,0.20560323,2.7591078,1.802106
9702,2.2658277,-0.012980163,-0.20827883,0.5402121,0.610221803188324,0.31215265,3.1084952,2.8370135
9703,2.2105885,0.034774788,-0.17921177,0.41377565,0.7444124221801758,0.22932048,3.7656593,2.7960837
9704,2.0882852,-0.03325856,-0.26093996,0.6309533,0.7874318361282349,0.29549313,11.312389,1.5462382
9705,2.0996296,-0.08098706,-0.11942815,0.6842268,0.7119615077972412,0.28943685,7.0395393,2.2111197
9706,2.221128,-0.06250224,-0.24614254,0.34519312,0.7834430932998657,0.24624074,5.5533996,2.8757818
9707,2.26684,0.032801595,-0.28621694,0.49089578,0.502677857875824,0.3439065,3.4749694,2.576552
9708,2.3623972,0.05682725,-0.33265302,0.49809846,0.7187560200691223,0.18130298,2.3167937,1.663647
9709,2.2516356,-0.046460632,-0.1916536,0.49373057,0.6811100244522095,0.2657676,3.3467016,2.6564689
9710,2.225647,-0.08503452,-0.21605062,0.45266646,0.7481910586357117,0.26181185,4.453836,2.4314682
9711,2.29286,-0.052179612,-0.2506934,0.42060786,0.7073603868484497,0.25164768,3.4131873,2.8283587
9712,2.2119122,-0.022061428,-0.3342449,0.4771715,0.8413416743278503,0.20601046,5.5285926,1.4526912
9713,2.184549,-0.049063835,-0.23082422,0.4499394,0.7608830332756042,0.2575912,6.1708455,1.9956932
9714,2.2173572,0.058046103,-0.079523824,0.46130717,0.8196871876716614,0.17640352,2.579306,1.3831091
9715,2.3663504,-0.12488497,-0.176333,0.5218466,0.6866955757141113,0.18429218,2.1899242,1.35179
9716,2.2089393,-0.013981174,-0.23760065,0.4906475,0.634339451789856,0.3114117,4.337215,2.8059978
9717,2.267255,-0.020233355,-0.32381177,0.3997331,0.8375604748725891,0.18902706,3.974417,2.3481257
9718,2.2447865,0.08716999,-0.29927212,0.37065542,0.6824881434440613,0.27226081,3.4163043,2.8755705
9719,2.4469154,-0.12728608,-0.32929742,0.4299308,0.3796994686126709,0.31802467,2.4669962,2.7580483
9720,2.236851,0.03700259,-0.24787946,0.42128348,0.677615761756897,0.2689231,3.6858523,2.5579689
9721,2.3322012,-0.081861034,-0.2224266,0.5561057,0.6486983895301819,0.26945013,2.5862446,2.4037023
9722,2.2149284,-0.038496453,-0.19010781,0.6014289,0.701547384262085,0.27584106,3.3807492,2.6508834
9723,2.3055737,-0.03306266,-0.35569802,0.5138203,0.7285866737365723,0.24555555,3.5330179,2.6008103
9724,2.3450484,0.07185215,-0.25990114,0.41639245,0.5003834962844849,0.24561082,2.2850995,2.6998348
9725,2.2081456,-0.011614729,-0.1961578,0.5234522,0.7233420610427856,0.25823826,4.1042414,2.184733
9726,2.337223,0.056777224,-0.24423076,0.47567338,0.4508790373802185,0.2468457,2.188458,1.7467813
9727,2.1523507,0.058469653,-0.16528937,0.41489467,0.7984709739685059,0.21696387,3.94301,2.6803288
9728,2.209873,0.014481903,-0.16871049,0.43674982,0.6635295748710632,0.27947658,3.9202626,2.8801463
9729,2.1091337,0.032049485,-0.13032973,0.41524377,0.8007040023803711,0.23509473,5.800291,2.702468
9730,2.2594974,0.0015448647,-0.32171744,0.46025133,0.8352565169334412,0.17937312,3.7856443,2.7216089
9731,2.2505832,-0.1258163,-0.25087208,0.47102088,0.8409771919250488,0.18531136,4.397362,2.0595214
9732,2.1854458,-0.040131617,-0.25748718,0.6460258,0.8292073607444763,0.19712673,4.4603744,1.4721491
9733,2.2182236,0.04539972,-0.18322197,0.4230406,0.7633504867553711,0.24969582,3.5694144,2.3437135
9734,2.3101127,-0.10084192,-0.27279684,0.582018,0.7161783576011658,0.29102778,3.4362166,2.7395175
9735,2.1216812,0.030735295,-0.06263271,0.49975246,0.7079237699508667,0.28122196,4.100905,2.871022
9736,2.2239218,-0.10032732,-0.15980488,0.49384552,0.7848062515258789,0.2396058,3.801712,2.6026683
9737,2.2173831,-0.084025726,-0.20447338,0.49301556,0.8300524353981018,0.22003873,4.729311,2.256557
9738,2.3166583,-0.004093767,-0.2705669,0.40835103,0.7941343188285828,0.1777534,2.745123,1.978275
9739,2.2729871,0.010889239,-0.2600009,0.5060172,0.7009499669075012,0.28962904,3.4023283,2.2948508
9740,2.4287195,-0.04648068,-0.18238057,0.5319007,0.30173206329345703,0.2639597,2.0902402,2.237043
9741,2.215515,-0.05946704,-0.1885691,0.41990742,0.6649979948997498,0.28586146,4.8269386,2.8631034
9742,2.308697,-0.081372365,-0.25938597,0.48031497,0.8475592136383057,0.1668445,3.1353264,1.3288511
9743,2.2817116,0.046947297,-0.2519614,0.38373727,0.6977469325065613,0.2709213,2.956884,2.3607314
9744,2.3022308,-0.10407885,-0.28462487,0.48584026,0.7825694680213928,0.22990024,3.6834998,2.5463772
9745,2.2345915,-0.04345859,-0.21427381,0.3706535,0.793343186378479,0.21843341,4.000892,2.4877396
9746,2.2548404,-0.056108635,-0.23169757,0.6490931,0.7876391410827637,0.21548633,3.1549299,2.2735496
9747,2.4210942,-0.04831322,-0.18956742,0.4728093,0.3295097053050995,0.28021562,2.1689384,2.350026
9748,2.342685,-0.0860275,-0.27084732,0.54193527,0.8060004711151123,0.18124104,2.7094774,1.5416332
9749,2.3482504,-0.0112596415,-0.3677835,0.46054524,0.7452384829521179,0.23587815,2.8869631,2.5865202
9750,2.2779322,-0.04443806,-0.12810823,0.35983962,0.7368059754371643,0.24401896,2.912203,2.502439
9751,2.3966753,-0.040594526,-0.26406676,0.38619038,0.6057053208351135,0.2038438,2.2340221,1.9368547
9752,2.340882,-0.058913965,-0.2038562,0.45936686,0.548862636089325,0.2811428,2.436029,2.297833
9753,2.2469115,-0.002375618,-0.22231716,0.48531765,0.6767352223396301,0.28852063,3.6951103,2.1136305
9754,2.1751904,0.07860533,-0.25505406,0.42890918,0.7159445881843567,0.25700834,5.2797832,2.8756568
9755,2.2146409,-0.041702155,-0.27258998,0.47933668,0.808593213558197,0.21120383,4.3377857,2.7823167
9756,2.3904316,-0.11101934,-0.32689032,0.49315777,0.7677797079086304,0.20618679,2.8544414,2.0672822
9757,2.1943965,0.08349785,-0.06728942,0.3683672,0.7735752463340759,0.22815746,3.0105867,2.2176907
9758,2.369546,-0.106819265,-0.34296682,0.5075172,0.8123618960380554,0.2133467,3.0569148,2.4068716
9759,2.2708113,0.08175591,-0.23852435,0.31795934,0.7557476162910461,0.23967826,3.122899,2.3394399
9760,2.240542,-0.035974123,-0.20344798,0.68245983,0.7917187213897705,0.25470817,3.1297724,2.4928672
9761,2.2819452,-0.049704295,-0.21260177,0.5895137,0.749782383441925,0.2353495,3.0311594,1.9130378
9762,2.2593555,0.0601317,-0.26499838,0.52475286,0.7749723792076111,0.23475528,3.274702,2.7293916
9763,2.2297423,0.0045800656,-0.06730528,0.42580637,0.7404873371124268,0.24495067,2.9022665,2.258872
9764,2.1759472,0.019712167,-0.18713157,0.48657966,0.8056038022041321,0.21399395,3.8879046,2.5825222
9765,2.4038153,-0.04268886,-0.3336938,0.5261133,0.5694488883018494,0.23860863,2.268147,1.929548
9766,2.392509,0.02350686,-0.18636702,0.55399805,0.3704169690608978,0.28268155,2.1049647,2.1351707
9767,2.296959,-0.020621076,-0.24765731,0.3361784,0.5942217707633972,0.28923392,3.6285913,2.4841008
9768,2.359803,-0.023640772,-0.22012834,0.45797727,0.6234429478645325,0.22106437,2.3116755,1.9070109
9769,2.3039293,-0.05160275,-0.17642078,0.36046037,0.5772437453269958,0.3256791,3.2761824,2.667346
9770,2.3113015,0.04011683,-0.2777943,0.42084083,0.6303209066390991,0.2737597,2.8771276,2.6142914
9771,2.340082,-0.03775042,-0.24534169,0.48984745,0.6912029385566711,0.22836296,2.4299436,2.278415
9772,2.4696994,-0.06521843,-0.34673306,0.6188473,0.31898462772369385,0.30770484,2.0862997,2.0080895
9773,2.3147743,-0.04807702,-0.2241742,0.6004263,0.649285078048706,0.28672785,2.669515,2.7430131
9774,2.180028,0.047770213,-0.17863758,0.49859887,0.7526070475578308,0.23287451,3.7078621,2.340281
9775,2.2034457,-0.073697045,-0.2690583,0.4606779,0.6806638240814209,0.28980306,6.193547,2.7804952
9776,2.198142,0.0562097,-0.15328501,0.47753748,0.7405226230621338,0.2419579,3.2035975,2.6698732
9777,2.2449193,-0.073335424,-0.35682017,0.38763654,0.8376535177230835,0.21132305,6.687637,2.4915462
9778,2.1321163,0.005362722,-0.20661756,0.4637178,0.7287889719009399,0.2782945,6.450955,2.4973333
9779,2.2482212,0.037936114,-0.19844142,0.5533202,0.8328856229782104,0.14849532,2.620496,1.395938
9780,2.4037457,0.079369456,-0.22966842,0.43452898,0.38165876269340515,0.24812165,2.0446439,2.3531616
9781,2.3835366,-0.11940736,-0.31027463,0.44594818,0.8010719418525696,0.22020593,2.88005,2.2760437
9782,2.1296191,0.0432041,-0.15917169,0.4194848,0.8189416527748108,0.22336455,5.663845,2.5737946
9783,2.245587,0.030773044,-0.22033054,0.4127433,0.6229355931282043,0.31004697,3.6187162,2.8046217
9784,2.1325536,-0.08412498,-0.18561375,0.4335192,0.7331408858299255,0.30486703,10.196177,2.757806
9785,2.1980984,-0.059089925,-0.23279275,0.4568502,0.8092979788780212,0.2302088,5.659995,2.7476082
9786,2.1761184,-0.09418254,-0.1546982,0.49700797,0.6871422529220581,0.29678616,5.3998113,2.7362485
9787,2.2669797,0.0705806,-0.25877523,0.39754203,0.8115542531013489,0.21197999,3.0510204,2.6509068
9788,2.2867467,-0.09597944,-0.27507085,0.58778256,0.6804380416870117,0.2776498,3.6689534,2.735065
9789,2.2673883,-0.14874226,-0.24489982,0.5623368,0.734952449798584,0.2740105,3.8132792,2.333123
9790,2.209274,-0.065093555,-0.19971448,0.43681514,0.85,0.17942756,4.2330613,2.443971
9791,2.2623644,0.046657924,-0.24556065,0.35251686,0.7967408895492554,0.22905622,3.4739604,2.6439607
9792,2.207562,0.010176791,-0.12719114,0.40932375,0.798324704170227,0.22547783,3.7553842,2.417029
9793,2.2165766,-0.034031715,-0.17505564,0.48428494,0.85,0.16359532,3.505173,1.5051781
9794,2.3787947,-0.0842747,-0.38140243,0.50415945,0.7786545753479004,0.24297436,3.0284295,2.4178147
9795,2.2342832,0.062668785,-0.26944712,0.41041362,0.7333703637123108,0.24907862,3.7149053,2.8824258
9796,2.2483957,-0.054466877,-0.28938267,0.4987033,0.8132846355438232,0.2294394,4.352237,1.9800159
9797,2.3110564,-0.021494677,-0.26957828,0.49038652,0.6706278920173645,0.26130086,2.5052419,1.7441106
9798,2.2931743,0.07242444,-0.29402784,0.37483218,0.7202078104019165,0.2637187,3.2429633,2.7981827
9799,2.2770133,-0.026459103,-0.22820921,0.47729844,0.8128103613853455,0.20810986,3.0743854,2.5250332
9800,2.231024,-0.053826135,-0.20457269,0.26355237,0.7522863149642944,0.25661293,4.896644,2.775757
9801,2.3244445,-0.06045867,-0.2921029,0.5804097,0.6556757688522339,0.28734908,2.9537075,2.7176592
9802,2.2417789,-0.070635326,-0.2727535,0.6146004,0.8017861843109131,0.21594608,3.855716,2.1593533
9803,2.1272185,-0.016374595,-0.0810503,0.42639995,0.835308313369751,0.21819462,5.108033,2.1494668
9804,2.2110634,-0.18238267,-0.274203,0.54449683,0.8048247694969177,0.24342026,8.133751,2.6499863
9805,2.2149563,-0.031951614,-0.20081007,0.4294934,0.7900058031082153,0.23343185,4.378816,2.855928
9806,2.412131,-0.029458476,-0.2750945,0.5091778,0.49251604080200195,0.24336289,2.088106,2.188091
9807,2.3696651,0.04578118,-0.28533664,0.5992695,0.44147711992263794,0.28237104,2.114505,2.3118768
9808,2.1681025,0.11546197,-0.25518888,0.34587345,0.8443341255187988,0.20063403,5.079267,2.0586233
9809,2.2283628,-0.025560334,-0.24039446,0.4413481,0.85,0.209052,3.8152816,2.180972
9810,2.3493197,-0.19627053,-0.2879675,0.64304245,0.7859929203987122,0.22774035,3.3901358,2.4251473
9811,2.301861,0.045227807,-0.24933758,0.43972352,0.723294198513031,0.25347137,2.8005586,2.1128075
9812,2.4028616,-0.07277964,-0.3594096,0.5186897,0.5646595358848572,0.24562198,2.499686,2.0399594
9813,2.292858,-0.05067878,-0.2444161,0.48278585,0.7487956881523132,0.23773235,3.204442,2.6416051
9814,2.2565737,-0.05821364,-0.15575612,0.5035586,0.7365689873695374,0.23266211,3.3199437,2.690502
9815,2.3081815,0.036086313,-0.367094,0.45003635,0.85,0.16432936,3.336647,2.450423
9816,2.2702403,-0.13873884,-0.26603433,0.33638808,0.85,0.21275397,5.1564465,2.573523
9817,2.4384432,-0.13693188,-0.31085357,0.5176791,0.4253555238246918,0.23511271,2.3490818,1.6936796
9818,2.3508315,-0.206098,-0.21683548,0.65781295,0.8060384392738342,0.2092307,2.9865656,2.1839497
9819,2.3490105,-0.020761764,-0.2687869,0.34118685,0.6083080172538757,0.3003493,2.844004,2.6030223
9820,2.2774966,0.05852246,-0.32683468,0.46460313,0.85,0.18300329,3.4368443,2.6267035
9821,2.19886,-0.02337691,-0.08087334,0.51476383,0.7489531636238098,0.26103264,3.4634964,2.2720714
9822,2.3182185,-0.16589466,-0.34098724,0.5224258,0.8200535774230957,0.22036989,4.5217013,2.7513647
9823,2.3846993,-0.22457269,-0.29999048,0.44416276,0.7461846470832825,0.25765604,3.6864147,2.5256228
9824,2.3975008,-0.07474187,-0.25303036,0.33941275,0.5462859869003296,0.31444758,2.626479,2.5660546
9825,2.434367,-0.0386461,-0.3688918,0.5243227,0.4055451452732086,0.23227069,2.3112936,1.7020591
9826,2.3070047,-0.07303702,-0.26668948,0.45295075,0.7998479008674622,0.19957644,2.7390525,2.75717
9827,2.2954605,-0.03807244,-0.18999004,0.5384742,0.6357468366622925,0.27345225,2.5666945,2.6294339
9828,2.379136,-0.09609587,-0.15227988,0.50902814,0.48932546377182007,0.25099555,2.2790668,2.23297
9829,2.3683052,-0.051761936,-0.30647245,0.48269013,0.7185087203979492,0.22600454,2.708135,2.3106747
9830,2.2700284,0.077068746,-0.25276986,0.51484525,0.6383861303329468,0.2854961,2.8219073,2.5847464
9831,2.3129036,-0.08464539,-0.23246314,0.45317563,0.8211288452148438,0.20311764,3.1122932,2.1626396
9832,2.3252215,-0.018124714,-0.27281994,0.4409768,0.7186995148658752,0.20907357,2.6670947,2.0445013
9833,2.26639,-0.13878779,-0.20218603,0.61198044,0.7423396110534668,0.2576513,3.7266176,2.7532172
9834,2.3813896,-0.12344119,-0.283997,0.62975645,0.5962687134742737,0.31038097,2.7340312,2.6524663
9835,2.3176804,-0.04122658,-0.34448597,0.46505865,0.8040562868118286,0.23007807,3.5994527,2.6110544
9836,2.1767147,0.05902016,-0.18500574,0.4489913,0.7362224459648132,0.24355066,3.6724145,2.8230462
9837,2.2019367,-0.026088458,-0.23170252,0.40170753,0.7913848161697388,0.23147796,5.2657075,2.7280517
9838,2.2340982,-0.06451624,-0.29251286,0.4600621,0.7776463627815247,0.24181214,5.338906,2.504834
9839,2.3562806,-0.09245469,-0.31207177,0.39372727,0.768182098865509,0.20058401,3.2947683,1.8540683
9840,2.1862369,0.028405175,-0.18057549,0.2677018,0.7731687426567078,0.25136656,4.8882465,2.5357726
9841,2.258359,0.094468966,-0.2015865,0.39041635,0.8425192832946777,0.15602992,2.5535865,1.7063189
9842,2.2375083,0.058407314,-0.24101749,0.44594294,0.7482396960258484,0.2502487,3.5059078,2.1353056
9843,2.1806033,0.03157747,-0.12153916,0.49025336,0.7870023846626282,0.20420785,3.7758896,2.6197422
9844,2.4192386,-0.07342599,-0.3354905,0.55281734,0.85,0.028834123,1.9773382,1.1406927
9845,2.1946673,0.03667474,-0.19590975,0.44712663,0.7341560125350952,0.25050262,4.0508084,2.4391499
9846,2.2185626,0.09243396,-0.2927633,0.48532984,0.6970694661140442,0.2895064,3.987254,2.642287
9847,2.3499422,-0.037259348,-0.40626088,0.5568865,0.7157001495361328,0.25510842,3.0594153,2.3851018
9848,2.2576115,-0.013758856,-0.19805169,0.45277923,0.7421396374702454,0.23561168,3.4720998,2.6185896
9849,2.2820265,-0.19585185,-0.25915614,0.5229846,0.8151336908340454,0.21479465,4.5147095,2.475154
9850,2.448813,-0.07752838,-0.26126823,0.35594034,0.5473599433898926,0.21906577,2.0753136,2.1380453
9851,2.4062471,0.004004656,-0.2212056,0.32786924,0.4369451403617859,0.22901359,2.131564,2.3966296
9852,2.357037,0.0039618416,-0.31318572,0.4356874,0.6354870200157166,0.23593085,2.698217,1.7855641
9853,2.1206148,0.06708655,-0.15930386,0.3737615,0.85,0.16418849,4.9248185,1.7755674
9854,2.314277,-0.084873125,-0.2463251,0.50789213,0.7381103038787842,0.20469154,2.869547,1.7692149
9855,2.2331517,-0.007579186,-0.19152386,0.482183,0.6861158013343811,0.2998339,3.5365415,2.7548146
9856,2.2468078,0.039566305,-0.19768824,0.40437564,0.7685281038284302,0.23518379,3.0997694,2.564921
9857,2.3313086,-0.033106353,-0.29818332,0.44551265,0.7756500840187073,0.23538736,3.067392,1.8459903
9858,2.0817962,0.018005908,-0.22932573,0.5413805,0.7683016061782837,0.29022855,10.090264,2.3072271
9859,2.3106122,0.0228461,-0.22477192,0.40012124,0.763532280921936,0.23855796,2.505074,2.2312853
9860,2.4624164,-0.054644965,-0.3441016,0.5657839,0.8032299280166626,0.1421778,2.0770175,1.5488437
9861,2.3084185,-0.051036503,-0.298966,0.47936496,0.7070130109786987,0.25320506,3.3844368,2.4339502
9862,2.1645908,0.025267739,-0.22177313,0.42273802,0.810589075088501,0.226536,4.903104,2.554963
9863,2.2028732,0.055463646,-0.2111211,0.47027728,0.7843078374862671,0.2339472,3.7815642,2.5797687
9864,2.2595425,-0.057480663,-0.28419876,0.5280991,0.8201205134391785,0.2143094,4.0543075,2.536034
9865,2.3539727,0.04788082,-0.22704192,0.3483053,0.5566821694374084,0.1982356,2.1356661,1.6316154
9866,2.2750757,0.10686469,-0.23905627,0.4650856,0.7245571613311768,0.23270392,2.620636,1.8306835
9867,2.3501372,0.012872618,-0.30387834,0.4250897,0.4836355745792389,0.28567407,2.7789369,2.600493
9868,2.2862294,-0.0317433,-0.2765956,0.48750547,0.7659605145454407,0.25159228,3.5721316,2.66173
9869,2.4086745,0.061338395,-0.33836597,0.4256716,0.6133192181587219,0.16204292,2.063506,1.5381951
9870,2.4735088,-0.095485546,-0.3071271,0.49054268,0.4270522892475128,0.23376602,2.135862,2.103245
9871,2.3683853,0.0052069416,-0.29274312,0.33955115,0.7007864713668823,0.18837935,2.4708478,1.4641578
9872,2.237138,0.04114599,-0.27515596,0.33265164,0.85,0.17616999,4.0328207,2.513288
9873,2.256746,-0.059199337,-0.12583874,0.42878976,0.7346910238265991,0.25111726,3.1679354,2.3142729
9874,2.2946098,-0.02824857,-0.2964322,0.42485672,0.8304579257965088,0.18365094,3.1440382,1.9808226
9875,2.226314,-0.011898728,-0.30233258,0.4958791,0.836991012096405,0.20819531,4.459113,2.6473715
9876,2.2901325,-0.03084464,-0.23600408,0.41050878,0.7585768103599548,0.17437261,2.756621,1.405439
9877,2.2306812,-0.043711707,-0.3001619,0.5832063,0.7977163195610046,0.22132489,4.385545,2.459191
9878,2.3048656,-0.0109572355,-0.2267582,0.4390895,0.7608222365379333,0.18884605,2.8052526,1.7173395
9879,2.1947486,-0.058143955,-0.13425352,0.40209487,0.7407473921775818,0.24712835,4.4550633,1.958071
9880,2.4087315,-0.10538814,-0.2772515,0.56235355,0.7159237861633301,0.19233729,2.1237338,1.6445891
9881,2.2567444,-0.052564297,-0.33329034,0.41202715,0.7874138355255127,0.22353747,4.9610457,2.4237435
9882,2.270593,-0.03736628,-0.24151418,0.37524045,0.7186950445175171,0.25190166,3.7803519,2.3638775
9883,2.2575836,-0.055046666,-0.2351305,0.37889498,0.8182204365730286,0.19304544,4.0962806,2.3448093
9884,2.3223248,-0.083133705,-0.29332396,0.47624797,0.6709145307540894,0.27395833,3.2277648,2.69763
9885,2.2148263,-0.002042608,-0.18229192,0.46089196,0.8002453446388245,0.252339,3.8085032,2.325972
9886,2.2294466,-0.10777364,-0.24704374,0.4093402,0.7855134606361389,0.23784938,5.652461,2.0895407
9887,2.2442884,-0.08011288,-0.25503916,0.55030197,0.8141740560531616,0.21124165,4.4865785,2.5393558
9888,2.2358556,-0.14117986,-0.14789478,0.4114477,0.744644284248352,0.23802565,4.609857,2.528081
9889,2.385767,0.011826755,-0.3662302,0.40158126,0.5473065376281738,0.30205944,2.7216587,2.3454297
9890,2.1587672,0.07333735,-0.30388725,0.43947864,0.678881049156189,0.28760442,6.6247163,2.7453911
9891,2.205905,0.064443395,-0.2135306,0.30514348,0.7432474493980408,0.2216484,4.3111954,2.4660058
9892,2.34453,0.06834108,-0.32382837,0.32171792,0.7016037702560425,0.2406443,2.7297096,2.2565446
9893,2.2458274,-0.0037333772,-0.19180307,0.33789557,0.8201687335968018,0.189769,3.4648817,2.6131792
9894,2.3040977,-0.047626782,-0.24748264,0.47524834,0.7662380933761597,0.24945538,3.1560397,2.3384116
9895,2.2360294,-0.038328517,-0.1839385,0.45486823,0.7203193306922913,0.26477385,3.583697,2.8434334
9896,2.2679245,-0.12840876,-0.2516024,0.50441134,0.7735922336578369,0.22904438,3.917056,2.584373
9897,2.2469075,-0.060277242,-0.18161035,0.5433714,0.7085709571838379,0.26546255,3.3327456,2.7551832
9898,2.2586942,-0.02858666,-0.24905023,0.45042488,0.7294162511825562,0.250999,3.7744327,2.7384703
9899,2.2998707,-0.1560517,-0.28604144,0.50985205,0.7447038292884827,0.24400339,4.0980372,2.7695007
9900,2.2112324,0.005092147,-0.3093237,0.42145196,0.8069548606872559,0.21087554,4.9302664,2.8557084
9901,2.2904797,0.024553532,-0.23514262,0.47798586,0.8077352046966553,0.17416753,2.5710566,1.5092663
9902,2.3454366,-0.065177806,-0.32529327,0.47725335,0.841601550579071,0.1809192,3.0684354,2.0379167
9903,2.2163243,-0.035114355,-0.26706806,0.53344446,0.8344125151634216,0.19544666,4.3595095,2.2311697
9904,2.2590742,-0.11754717,-0.2110677,0.5374521,0.6490384340286255,0.2967845,3.823488,2.8850672
9905,2.357357,-0.06298452,-0.3876403,0.64232343,0.7499368190765381,0.2596681,3.0005827,2.5646327
9906,2.145953,0.07873077,-0.20212382,0.42945856,0.7867975831031799,0.2117018,4.2033973,2.5506272
9907,2.3486364,0.10108913,-0.28730258,0.50196177,0.34664401412010193,0.23370646,2.2025633,2.037226
9908,2.2676506,-0.035404928,-0.2002348,0.4254869,0.85,0.19039989,2.9269757,2.1937318
9909,2.3709283,0.0565406,-0.33352268,0.45236596,0.5848824977874756,0.2861472,2.415961,2.7142177
9910,2.2675145,0.04231163,-0.2953153,0.4793601,0.7677826881408691,0.26362854,3.3326504,2.8213513
9911,2.2013178,-0.07212769,-0.17698917,0.5167596,0.7927818298339844,0.2342914,4.2425566,2.7869155
9912,2.4817283,-0.043730706,-0.42659572,0.63433343,0.3013298511505127,0.21028772,2.0911064,2.0555453
9913,2.130787,-0.085626684,-0.20975304,0.5339805,0.8013061881065369,0.25835636,9.156793,2.010979
9914,2.1786194,0.05602556,-0.13998331,0.46046206,0.7988311648368835,0.22098032,3.647562,1.7905835
9915,2.244026,0.01524064,-0.21318905,0.42794928,0.7081652283668518,0.25901055,3.620931,2.6556592
9916,2.1745322,-0.02010037,-0.19052929,0.5116398,0.7192208170890808,0.26149705,4.6586328,2.2686703
9917,2.1717246,0.09285216,-0.1928111,0.46454474,0.7318162322044373,0.2661989,4.214287,2.5303257
9918,2.2886903,-0.11726674,-0.24519074,0.5354188,0.8286088705062866,0.19906174,3.3490467,2.3111098
9919,2.100089,-0.013305805,-0.121685825,0.48333904,0.6791175007820129,0.29868495,7.2229567,2.809338
9920,2.3465524,-0.122714035,-0.25801778,0.49222687,0.6513009071350098,0.2886348,3.2137115,2.865528
9921,2.2433615,-0.012774353,-0.1612188,0.53760415,0.7607061266899109,0.22393295,2.8189085,2.2737403
9922,2.3134747,-0.005974911,-0.19035214,0.52847284,0.4714382588863373,0.24167833,2.398897,1.6731857
9923,2.3002396,-0.07076737,-0.25123698,0.5231283,0.85,0.12742245,2.906057,1.3888806
9924,2.2827058,-0.025704442,-0.2627179,0.5897923,0.85,0.12599565,2.956498,1.4322252
9925,2.3322906,-0.0056518232,-0.3425489,0.5137607,0.6939740777015686,0.27815247,2.9754305,2.802199
9926,2.2509701,0.048964724,-0.25737423,0.35512528,0.7924880385398865,0.21672502,3.5294268,2.2520993
9927,2.2599976,-0.14476177,-0.25335935,0.5266473,0.7742587327957153,0.2417822,4.3057055,2.3716347
9928,2.4053435,-0.22440279,-0.42359695,0.6396875,0.7871906161308289,0.22484061,3.4940453,2.8883426
9929,2.2413976,-0.21208902,-0.29040787,0.56873703,0.838599681854248,0.20063214,6.502446,1.6648825
9930,2.1372094,0.10451873,-0.17298631,0.42034522,0.7096248269081116,0.26090142,4.24548,2.764482
9931,2.267314,0.013113595,-0.1470784,0.4013018,0.8061707615852356,0.18677187,2.5157335,1.9872652
9932,2.3574076,-0.034666285,-0.25197998,0.47913888,0.5584696531295776,0.24779229,2.3802242,2.6171613
9933,2.2301927,-0.0989839,-0.17727153,0.5425066,0.7642775774002075,0.24185488,3.7380395,2.514056
9934,2.3701487,-0.014796918,-0.22981142,0.43392816,0.627098560333252,0.22258364,2.228991,1.9784626
9935,2.2371972,-0.11057427,-0.28779292,0.43310028,0.8155765533447266,0.21214567,5.931833,1.8903726
9936,2.3134632,-0.13912824,-0.36669186,0.5462362,0.781116247177124,0.24493963,5.0574574,2.7458928
9937,2.3419852,0.039589636,-0.15240234,0.3517208,0.3612518310546875,0.19821942,2.0853438,2.330435
9938,2.3529105,-0.018310485,-0.2519023,0.52860016,0.7250173091888428,0.17793415,2.2421525,1.5680875
9939,2.3700562,0.0064549996,-0.30641896,0.38998404,0.8074097037315369,0.16635829,2.240626,1.6344913
9940,2.163493,0.15780407,-0.23895268,0.5219597,0.7162395715713501,0.2793184,3.8790443,2.5981147
9941,2.4213552,-0.11816328,-0.4205631,0.58166707,0.8030579686164856,0.19145468,2.8861237,1.7308804
9942,2.3798795,-0.009138401,-0.23095733,0.48149252,0.25386950373649597,0.2851596,2.2121117,2.3064747
9943,2.3865643,0.04949012,-0.2516652,0.43838573,0.4563804864883423,0.2561378,1.9956627,2.6798673
9944,2.2592392,0.039082635,-0.32524988,0.36785248,0.7665422558784485,0.24575958,4.3857236,2.3459072
9945,2.2305615,0.08716467,-0.20173357,0.40986216,0.7248786687850952,0.24604376,3.2550702,2.3367496
9946,2.2994804,-0.053612664,-0.24077101,0.4336922,0.7284196019172668,0.24486694,3.2590866,2.060479
9947,2.2321403,0.11841967,-0.20465156,0.405905,0.7688131332397461,0.21065803,2.9498768,1.7872307
9948,2.4778798,-0.05253887,-0.36380267,0.54218346,0.5258718729019165,0.21819171,2.0698857,1.8391954
9949,2.265654,-0.0011911951,-0.2738027,0.49562708,0.8090512752532959,0.20982598,3.4309046,2.0502727
9950,2.2178555,-0.004970411,-0.25252065,0.47780076,0.779488205909729,0.25269392,3.9441688,2.2557492
9951,2.3399396,-0.033669714,-0.16442211,0.41349727,0.4168446958065033,0.25264147,2.4029293,1.6543325
9952,2.2486715,0.04819259,-0.21502928,0.4864373,0.7210468053817749,0.22086899,2.470757,1.7831215
9953,2.3264627,-0.009003943,-0.20343557,0.41757357,0.795941948890686,0.17296407,2.0941923,1.9311204
9954,2.2524102,-0.0129388,-0.29503155,0.50269365,0.85,0.18433818,3.8790271,2.20723
9955,2.220564,-0.04503483,-0.23672317,0.5407576,0.779096782207489,0.23685835,4.2364836,2.2233543
9956,2.1787179,-0.044129614,-0.23094337,0.481047,0.773280143737793,0.24764068,5.7482057,2.5984507
9957,2.3097482,0.011336123,-0.20304759,0.48747864,0.740902841091156,0.15074766,2.275532,1.2148627
9958,2.2971501,-0.099198565,-0.16648822,0.44967556,0.7366946339607239,0.26226962,3.1597557,2.634321
9959,2.1670175,-0.034933317,-0.25972128,0.38140893,0.8040636777877808,0.23954067,7.8072805,2.6686337
9960,2.322496,-0.061004743,-0.26428002,0.58445805,0.7272170782089233,0.26626554,2.9000332,2.5007596
9961,2.2159216,-0.10939536,-0.23153193,0.44177493,0.7420042157173157,0.26930228,6.2567854,2.8393574
9962,2.245543,0.08639239,-0.19849029,0.3302742,0.655304491519928,0.27676165,3.3123505,2.8110917
9963,2.321698,-0.06152493,-0.22928263,0.501847,0.6461756825447083,0.26496994,2.5794845,2.250029
9964,2.3797443,0.061975233,-0.27387226,0.48472443,0.40374788641929626,0.23721941,2.1455019,1.9184624
9965,2.3077188,-0.010991509,-0.29078025,0.527714,0.7795513272285461,0.23696421,3.1304455,2.658813
9966,2.2109437,-0.032076314,-0.20004115,0.44848776,0.8148543834686279,0.2043234,4.1177273,2.2175252
9967,2.3030314,-0.08417219,-0.18577817,0.49525324,0.85,0.15116568,2.6304488,1.6689419
9968,2.3007138,-0.100617,-0.27274898,0.51665336,0.7132587432861328,0.27272928,3.7481222,2.435512
9969,2.1785681,-0.07682975,-0.1811632,0.58064485,0.7468503713607788,0.23862404,4.965838,1.6614677
9970,2.374225,-0.14858362,-0.31338197,0.48854485,0.764279842376709,0.24279378,2.9707158,2.293645
9971,2.1563253,0.13679275,-0.15790983,0.43721935,0.7108378410339355,0.25594527,3.742776,2.3920763
9972,2.2772179,-0.062911324,-0.28119242,0.470219,0.812946081161499,0.2093809,3.647254,2.7273722
9973,2.2104554,-0.13703628,-0.15415527,0.70026594,0.85,0.21179666,4.168485,2.2932124
9974,2.422887,0.049582057,-0.30059132,0.46930563,0.6189638376235962,0.19920439,2.090221,2.12553
9975,2.2842143,-0.08658719,-0.14674021,0.42752907,0.7175354957580566,0.2548208,3.0910563,2.163811
9976,2.3595386,-0.0047395797,-0.25381353,0.42087847,0.4294804632663727,0.3146474,2.3595939,2.6946208
9977,2.301429,-0.051534664,-0.22113556,0.53238845,0.6549365520477295,0.28311333,3.1191964,2.528182
9978,2.292342,-0.04807264,-0.18297726,0.45809358,0.7406076788902283,0.25173402,2.9743617,2.55357
9979,2.38381,0.036287658,-0.28016317,0.4939549,0.2717674672603607,0.28001976,2.0148802,1.9167266
9980,2.2701828,-0.072580576,-0.22926348,0.5739112,0.7598558664321899,0.25042373,3.2717998,2.3916461
9981,2.2462773,-0.040623978,-0.14476694,0.4353181,0.7418456673622131,0.25581205,3.438991,2.0556383
9982,2.2794456,-0.14797409,-0.29149863,0.4162632,0.85,0.16609669,4.579821,2.3125122
9983,2.3039765,-0.005441004,-0.203468,0.4118237,0.8267517685890198,0.17504722,2.5569537,1.8564575
9984,2.249661,-0.01852136,-0.25388718,0.40942147,0.8087153434753418,0.22484483,3.8756607,2.7181108
9985,2.260667,0.038643118,-0.25830898,0.43338898,0.7446106672286987,0.24075848,3.3261693,2.479883
9986,2.3380754,0.04851677,-0.2720381,0.55676836,0.7140743732452393,0.17147936,2.2418723,1.5849363
9987,2.3970182,-0.0121246325,-0.2925404,0.47832748,0.6615838408470154,0.16573861,2.1978524,1.2533178
9988,2.172524,-0.0267825,-0.1906609,0.5577538,0.7953835725784302,0.21613678,4.911934,2.01156
9989,2.3541536,-0.1368893,-0.28950858,0.5404651,0.744891881942749,0.24425039,3.3111382,2.4907365
9990,2.3134837,-0.06599626,-0.24586591,0.4968778,0.738165020942688,0.24048471,3.1679513,2.1180725
9991,2.2895741,-0.07725072,-0.27026296,0.45986167,0.8475937247276306,0.18132587,3.2670279,2.7336016
9992,2.3937488,-0.14570895,-0.28612357,0.6271849,0.5786660313606262,0.2803213,2.5083745,2.4138608
9993,2.2417548,-1.1865738e-05,-0.184321,0.4787379,0.7934096455574036,0.21847817,3.2692018,2.0512562
9994,2.3271632,0.00025000123,-0.32318234,0.47791335,0.6926270127296448,0.26178378,2.9810886,2.7562242
9995,2.1653955,0.033322483,-0.26366615,0.5272204,0.7405120134353638,0.24601322,5.0796757,2.3070638
9996,2.1801507,0.03820105,-0.21144527,0.46527615,0.7970651984214783,0.248601,4.3363137,2.8165507
9997,2.2854373,-0.08320502,-0.27638504,0.61212176,0.8215230703353882,0.22163922,3.6817827,2.73153
9998,2.4600673,-0.03460319,-0.46730393,0.43118462,0.6439527869224548,0.24484001,2.5850384,1.8106405
9999,2.3793643,-0.040448453,-0.35670906,0.47127748,0.71425461769104,0.2433993,2.8040779,2.317086
