Run 'mamba init' to be able to run mamba activate/deactivate
and start a new shell session. Or use conda to activate/deactivate.

2026-07-16 19:55:53.363307: I tensorflow/core/util/port.cc:113] oneDNN custom operations are on. You may see slightly different numerical results due to floating-point round-off errors from different computation orders. To turn them off, set the environment variable `TF_ENABLE_ONEDNN_OPTS=0`.
2026-07-16 19:55:53.407397: E external/local_xla/xla/stream_executor/cuda/cuda_dnn.cc:9261] Unable to register cuDNN factory: Attempting to register factory for plugin cuDNN when one has already been registered
2026-07-16 19:55:53.407427: E external/local_xla/xla/stream_executor/cuda/cuda_fft.cc:607] Unable to register cuFFT factory: Attempting to register factory for plugin cuFFT when one has already been registered
2026-07-16 19:55:53.408696: E external/local_xla/xla/stream_executor/cuda/cuda_blas.cc:1515] Unable to register cuBLAS factory: Attempting to register factory for plugin cuBLAS when one has already been registered
2026-07-16 19:55:53.415321: I tensorflow/core/platform/cpu_feature_guard.cc:182] This TensorFlow binary is optimized to use available CPU instructions in performance-critical operations.
To enable the following instructions: AVX2 AVX512F AVX512_VNNI FMA, in other operations, rebuild TensorFlow with the appropriate compiler flags.
2026-07-16 19:55:54.313353: W tensorflow/compiler/tf2tensorrt/utils/py_utils.cc:38] TF-TRT Warning: Could not find TensorRT
INFO:root:Performing 2 pilot runs with the simulador_proceso model...
INFO:root:Shape of parameter batch after 2 pilot simulations: (batch_size = 2, 4)
INFO:root:Shape of simulation batch after 2 pilot simulations: (batch_size = 2, 1, 1, 200, 104)
INFO:root:No optional prior non-batchable context provided.
INFO:root:No optional prior batchable context provided.
INFO:root:No optional simulation non-batchable context provided.
INFO:root:No optional simulation batchable context provided.
2026-07-16 19:55:57.591079: I tensorflow/core/common_runtime/gpu/gpu_device.cc:1929] Created device /job:localhost/replica:0/task:0/device:GPU:0 with 79193 MB memory:  -> device: 0, name: NVIDIA A100-SXM4-80GB, pci bus id: 0000:31:00.0, compute capability: 8.0
INFO:root:Loaded loss history from covariables_D4_simulacion_extremo_V32_15/history_38.pkl.
INFO:root:Networks loaded from covariables_D4_simulacion_extremo_V32_15/ckpt-38
INFO:root:Performing a consistency check with provided components...
2026-07-16 19:56:00.643142: I external/local_xla/xla/stream_executor/cuda/cuda_dnn.cc:454] Loaded cuDNN version 8904
INFO:root:Done.
INFO:root:Performing 2 pilot runs with the simulador_proceso model...
INFO:root:Shape of parameter batch after 2 pilot simulations: (batch_size = 2, 4)
INFO:root:Shape of simulation batch after 2 pilot simulations: (batch_size = 2, 200, 13, 13, 1)
INFO:root:No optional prior non-batchable context provided.
INFO:root:No optional prior batchable context provided.
INFO:root:No optional simulation non-batchable context provided.
INFO:root:No optional simulation batchable context provided.
INFO:root:Loaded loss history from parametros_D4_simulacion_extremo_V132_15_pad_13x13/history_31.pkl.
INFO:root:Networks loaded from parametros_D4_simulacion_extremo_V132_15_pad_13x13/ckpt-31
INFO:root:Performing a consistency check with provided components...
INFO:root:Done.
100 locaciones
200 en tiempo
Inicia funciones de previa
Inicia simulacion
Termina simulacion
[0, 0.6183977, 0.93784106, 2.8454113, 0.61223394] 2.953164 1.0390642 1.0541929 1.1579688
[1, 0.3967956, 1.0740638, 3.8425071, 0.64877856] 2.7282743 1.1164076 1.0061345 1.1269505
[2, 0.50987554, 0.9802187, 5.348214, 0.53009087] 2.7742467 0.9973597 0.9296613 1.0155288
[3, 0.5875306, 0.89111954, 5.3528457, 0.5037757] 2.1886945 1.0772294 1.0608046 1.4903091
[4, 0.38447776, 1.076972, 5.331634, 0.45476395] 2.6494007 1.0431851 0.9991102 0.96511006
[5, 0.4742799, 1.0020896, 4.3438554, 0.4929112] 2.5130432 1.2486037 0.9732523 1.2799289
[6, 0.35909054, 1.0911276, 5.0476894, 0.5255356] 2.7117474 1.1096252 0.9682927 0.98741055
[7, 0.45403463, 0.8985297, 5.963223, 0.4322769] 2.2761397 0.97202486 1.0011833 1.1752342
[8, 0.4382082, 1.0433179, 5.4222574, 0.5792927] 2.4809225 1.0249516 0.994696 1.3960321
[9, 0.51777816, 0.7886494, 6.214323, 0.46029386] 2.085825 1.0324533 1.1054704 1.2761221
[10, 0.5014285, 1.0091697, 3.5473669, 0.7289235] 2.8022478 1.1619227 1.0292974 1.0314994
[11, 0.40907785, 1.0530578, 3.6687472, 0.625156] 2.698391 0.99918246 1.0425855 1.2071731
[12, 0.43986318, 1.0522293, 3.3651195, 0.8214629] 2.7492266 1.0956248 1.0761096 1.1117814
[13, 0.40623832, 1.0507374, 3.9444962, 0.5669833] 2.6657116 1.1360884 0.89505666 1.201379
[14, 0.40233248, 1.0583758, 4.262857, 0.4485897] 2.5089614 1.1912197 0.877225 1.3344433
[15, 0.57287526, 0.97326684, 3.5954626, 0.8073412] 2.8855045 0.99703896 0.81512594 1.2593561
[16, 0.49293944, 0.9729176, 5.1637826, 0.5887626] 2.2805078 1.2215294 1.0868809 1.1519793
[17, 0.454889, 1.0395936, 4.27015, 0.47879398] 2.4941182 1.1779056 0.9661292 1.3668339
[18, 0.4526342, 1.0030507, 4.9983153, 0.52249956] 2.3899488 1.1738403 1.1636125 1.2554687
[19, 0.36290902, 1.1016959, 4.5783157, 0.5185654] 2.5226846 1.073174 0.94758666 1.2328169
[20, 0.4948201, 1.0116988, 4.2142744, 0.70926416] 2.625703 0.99388456 1.0896349 1.2599748
[21, 0.39439896, 1.0446063, 4.605362, 0.525427] 2.63772 1.1191477 0.93825424 1.1158688
[22, 0.4622891, 1.0056915, 5.255598, 0.4313391] 2.7881994 0.99650073 0.9671174 0.8238478
[23, 0.40538988, 1.0501834, 4.5678377, 0.49304107] 2.612106 1.097667 0.8763565 1.2114711
[24, 0.41597235, 1.062262, 5.211442, 0.44889465] 2.485046 1.253854 1.0176966 1.0052415
[25, 0.5038274, 0.9999028, 5.416168, 0.49420866] 2.6740777 1.1520638 0.84428287 1.0978929
[26, 0.5004949, 0.98087424, 5.2894897, 0.5117745] 2.4370794 1.009019 0.84786034 1.3746196
[27, 0.43015113, 1.0298957, 4.4820185, 0.6179168] 2.6283286 1.03477 1.0570847 1.1955255
[28, 0.41604966, 1.038712, 4.9394403, 0.55120456] 2.7032628 1.1343745 0.83443975 1.1462059
[29, 0.5438265, 0.8686462, 5.1605086, 0.38565466] 2.2792344 1.0334179 0.9744312 1.3132129
[30, 0.5606154, 0.9838622, 3.326552, 0.70683527] 2.8601964 1.035958 0.8708725 1.3400347
[31, 0.46337447, 1.0328321, 3.3981814, 0.83507913] 2.8327274 1.0368478 0.9362098 1.2095522
[32, 0.4161574, 1.0310988, 4.832914, 0.4582467] 2.4340622 1.1908427 0.9372873 1.1168683
[33, 0.37242666, 1.0669941, 5.9976506, 0.67281955] 2.533489 1.155731 0.9349599 1.0338273
[34, 0.51339585, 1.0097656, 3.8385103, 0.56858426] 2.8432813 1.0355867 0.8544495 1.1611931
[35, 0.5499195, 0.9163312, 5.3457966, 0.4891394] 2.307682 1.1553926 0.9572677 1.1977295
[36, 0.3646961, 1.0863012, 6.1019797, 0.6934834] 2.4606688 1.2425008 1.0849322 1.0668187
[37, 0.425825, 1.0587906, 3.6475492, 0.5288972] 2.8795855 1.206031 0.74065 1.0349077
[38, 0.5442393, 1.0150677, 2.9355726, 0.7821705] 2.924478 0.98114276 1.0175176 1.1370425
[39, 0.39792937, 1.0703386, 3.3382497, 0.66737294] 2.8828938 1.020463 1.0026175 1.0467255
[40, 0.41659993, 0.76891905, 5.6771107, 0.7906211] 1.8830605 1.0282807 0.94195473 1.5843647
[41, 0.40093216, 1.0761341, 3.6397078, 0.5278585] 2.6538606 1.0495532 1.1047757 1.2479795
[42, 0.4651864, 1.0114826, 4.724105, 0.4734209] 2.720887 0.9754272 0.88369304 1.1379654
[43, 0.5002749, 1.0054713, 3.6207087, 0.70595133] 2.6532784 1.2269257 1.1188693 1.1337931
[44, 0.46867993, 1.0281477, 3.86446, 0.6431393] 2.8439717 1.225893 0.94270974 0.88151306
[45, 0.3723057, 1.0928015, 5.7633524, 0.5871357] 2.4931476 0.9825311 1.0101912 1.2595005
[46, 0.3793942, 1.0527487, 4.684018, 0.4219408] 2.8155234 1.1118939 0.8498754 0.93545383
[47, 0.4109734, 1.0606103, 4.2751374, 0.49829358] 2.5851872 1.224858 1.0861485 1.1053811
[48, 0.3555657, 1.0751345, 4.612228, 0.56688166] 2.662312 1.1426331 0.92661077 1.1594208
[49, 0.4896044, 0.97491497, 5.284872, 0.42264348] 2.3425817 1.2519492 0.9251343 1.234723
[50, 0.3689833, 1.1038383, 5.292471, 0.7715193] 2.5814946 1.1087321 1.0000048 1.0682964
[51, 0.4517722, 1.010513, 5.8345776, 0.6553374] 2.529119 1.0184683 0.9702941 1.0473529
[52, 0.59157366, 0.8445938, 5.688402, 0.49017102] 2.2198262 0.9839385 0.94914484 1.451886
[53, 0.37592676, 1.0678359, 5.5429435, 0.5322977] 2.681528 1.1053333 0.88887775 1.0004643
[54, 0.38983268, 1.072723, 5.4447665, 0.6288416] 2.3935928 1.1265489 1.0553013 1.3360347
[55, 0.4552714, 0.998417, 4.416675, 0.51660335] 2.6832132 0.9413206 1.1693792 1.0920221
[56, 0.60318124, 0.8414804, 5.502204, 0.38862294] 2.2751389 1.0662075 0.9994496 1.2832352
[57, 0.42968065, 1.0369468, 5.871931, 0.4078888] 2.497717 1.2059513 0.9444067 1.0171043
[58, 0.48165902, 1.0116099, 3.4131894, 0.700889] 2.6271365 1.2495455 1.0537432 1.2403426
[59, 0.43767852, 1.0332022, 5.4022293, 0.4600506] 2.566811 1.0714107 0.8701617 1.1376461
[60, 0.4331208, 1.0220032, 5.683266, 0.59457964] 2.4416196 1.0477166 1.0341523 1.1426146
[61, 0.47018886, 1.0112505, 4.819182, 0.6072911] 2.4539084 1.2209771 0.8738394 1.0893605
[62, 0.4161679, 1.0551183, 5.3041, 0.62695324] 2.6772664 1.0507692 0.9064117 1.0405531
[63, 0.50292075, 0.99845576, 3.6601367, 0.5218327] 2.677989 1.1579193 0.91570187 1.3359557
[64, 0.53093255, 0.96056545, 5.119665, 0.41814584] 2.6145453 0.8921337 0.9515106 1.3247216
[65, 0.42682582, 1.0470953, 5.3232384, 0.7394335] 2.4977317 1.046555 1.0445242 1.1741214
[66, 0.5425013, 1.0231452, 2.8659046, 0.8004164] 2.8102448 1.1723106 1.0786277 1.1916581
[67, 0.58801246, 0.99616104, 3.439689, 0.92351675] 2.9612064 0.96499705 1.031297 1.227817
[68, 0.46319658, 1.0022357, 5.26145, 0.4110269] 2.70526 1.1101953 0.7886979 1.0520808
[69, 0.54767364, 1.0129186, 2.9864717, 0.8286985] 3.001952 0.9850352 0.9382179 1.1437819
[70, 0.4136765, 1.0534803, 5.922815, 0.58525074] 2.587738 1.1193035 0.9358528 1.0488576
[71, 0.53647053, 0.9396449, 5.7270803, 0.45382562] 2.133956 1.0808138 1.1299901 1.4557132
[72, 0.36708564, 1.1112489, 5.6735663, 0.67818886] 2.5734403 0.97135985 1.0747474 1.0816456
[73, 0.39800104, 1.0642034, 5.051717, 0.45986542] 2.6084795 1.0382384 0.9373357 1.1395915
[74, 0.4321607, 1.0401436, 5.0725946, 0.54577965] 2.5945766 1.0105523 0.9339371 1.2237045
[75, 0.45029902, 1.0386173, 5.5767803, 0.6255707] 2.498265 1.0181801 0.96416783 1.2371795
[76, 0.604784, 0.81802446, 5.847794, 0.36804062] 2.2090278 1.1509473 1.1005257 1.1422697
[77, 0.387975, 1.0589786, 5.3294635, 0.7568221] 2.6797585 0.9295939 0.87943 1.1965603
[78, 0.5237422, 0.9379508, 5.489085, 0.5498235] 2.2438014 1.1507118 1.0582029 1.2850105
[79, 0.45543116, 1.0294214, 5.113194, 0.47166866] 2.4073174 1.172922 1.0723536 1.3093507
[80, 0.5927223, 0.8590433, 5.013536, 0.44399837] 2.4204254 1.0598927 1.0021046 1.0812112
[81, 0.36996403, 1.0805916, 4.3487163, 0.5785583] 2.7867703 1.1542711 0.89790547 0.99993587
[82, 0.5430438, 1.041664, 2.785414, 0.65826917] 2.9058867 1.1437997 1.0151609 1.1990601
[83, 0.44086117, 1.031232, 5.270957, 0.43048117] 2.3556411 1.2526338 1.0036185 1.2089239
[84, 0.47276303, 1.0302637, 3.7125747, 0.5501172] 2.8149981 1.172442 0.93877095 0.9474931
[85, 0.3891137, 1.0564425, 5.9181085, 0.53700197] 2.586789 1.0168712 0.9533179 1.0798062
[86, 0.43742555, 1.0441146, 5.6163063, 0.47984263] 2.7487156 1.0670898 0.6687007 1.0705194
[87, 0.29467815, 1.1242477, 4.966784, 0.5891113] 2.608253 1.0641593 1.0823022 1.1075251
[88, 0.46666652, 1.020358, 4.4172177, 0.41438866] 2.4558172 1.3177671 1.0075015 1.2809073
[89, 0.42457244, 1.0296113, 4.9267497, 0.5239293] 2.6563227 0.8459741 0.9857083 1.3336205
[90, 0.4497839, 1.0315263, 5.089253, 0.6068237] 2.4823506 1.1935292 1.0459287 1.3262459
[91, 0.39330378, 1.0678203, 4.0507383, 0.5130785] 2.631478 1.0697126 0.9677763 1.2937791
[92, 0.56641275, 0.79052603, 5.5838766, 0.4182743] 2.0530343 1.0559531 0.94230276 1.5101291
[93, 0.37097147, 1.0587102, 4.0384135, 0.46535826] 2.627531 1.1715351 1.1679691 0.9895593
[94, 0.46342766, 0.97618866, 5.4870944, 0.5007298] 2.352167 0.9304254 1.0536102 1.4079666
[95, 0.50805897, 0.75198543, 5.2576413, 0.6370668] 1.9643873 1.0457404 1.1495082 1.258266
[96, 0.39714396, 1.0736907, 5.01362, 0.5561101] 2.7440941 0.9920934 0.938591 1.0542153
[97, 0.5479358, 0.76509637, 6.489962, 0.51611525] 2.0638742 1.0917722 1.0556599 1.2875842
[98, 0.5280356, 0.9997135, 3.2938406, 0.6236666] 2.903688 1.2292838 0.8811709 0.94558203
[99, 0.5254465, 1.0284208, 2.8084226, 0.71386415] 2.851511 1.0857941 1.0455208 1.1905787
[100, 0.55874574, 1.0803679, 2.268475, 0.85661185] 3.4084537 0.9904468 0.75205636 0.9776738
[101, 0.51440084, 0.9887379, 3.5789034, 0.6779019] 2.7673702 1.2688165 0.9440849 1.0086592
[102, 0.38342053, 1.0785991, 5.3715596, 0.54042584] 2.423296 1.1877844 0.95287573 1.1809912
[103, 0.49114585, 1.0647168, 3.1042526, 0.7651995] 3.0136082 1.0228602 0.9393013 1.1122202
[104, 0.45592543, 1.0045742, 4.285975, 0.4281524] 2.6950784 1.1475612 0.76868135 1.2170383
[105, 0.43586528, 1.0435731, 3.7868295, 0.5589975] 2.6636045 1.0294085 1.1612269 1.2004168
[106, 0.5509512, 0.81198245, 6.0121555, 0.5028295] 1.9135312 1.3368345 1.0356166 1.4345099
[107, 0.41159052, 1.0382371, 4.3847227, 0.56777817] 2.7296226 1.0851077 0.84795666 1.1671238
[108, 0.52984756, 0.91162145, 4.5041556, 0.4032309] 2.3623428 1.1136328 1.002059 1.1481663
[109, 0.40561688, 1.0623412, 3.9152284, 0.8156211] 2.8666062 0.99797064 0.9063599 1.0875509
[110, 0.3770684, 1.0752354, 5.571554, 0.5881223] 2.5144901 1.1009094 1.0634704 1.1577746
[111, 0.33579457, 1.0966563, 5.609264, 0.6340694] 2.526501 1.0420754 1.148395 1.2360376
[112, 0.5917042, 0.9757034, 2.8099797, 0.82911295] 3.001117 1.0226089 0.972276 1.0983928
[113, 0.3893433, 1.0554866, 4.3514094, 0.51107234] 2.6078618 1.0412288 0.89313555 1.2977185
[114, 0.53138304, 0.88993716, 5.0588603, 0.39262003] 2.3546548 1.1680415 0.8468932 1.1734909
[115, 0.5366648, 0.8658879, 5.487463, 0.41744027] 2.345874 1.039352 0.8606157 1.2080915
[116, 0.5777259, 1.0076971, 3.014276, 0.6280938] 2.9886158 1.131522 0.98093116 1.0603464
[117, 0.40924692, 1.0598567, 5.444716, 0.62844366] 2.707187 0.99027765 1.0992671 0.9476482
[118, 0.3766426, 1.0771087, 5.5044923, 0.56450635] 2.6397417 1.012959 0.8979259 1.2149712
[119, 0.43290597, 1.0466664, 3.8581903, 0.45588386] 2.981278 0.9782639 0.8313026 0.9644335
[120, 0.44169447, 1.0283972, 3.859547, 0.74768555] 2.881082 1.0437003 0.9036031 1.003063
[121, 0.43570483, 1.0364444, 5.829246, 0.55778164] 2.4991217 0.9814704 1.0412197 1.1823921
[122, 0.403699, 1.074318, 5.6450443, 0.6573276] 2.494292 1.0575315 0.99855214 1.2111373
[123, 0.45677808, 1.0243661, 3.9874883, 0.56415695] 2.7145734 1.2110345 0.8687536 1.1301075
[124, 0.6231353, 0.9343519, 2.8918355, 0.8084468] 3.2017944 1.0135874 0.7048428 0.9252651
[125, 0.4787659, 0.972857, 4.7684526, 0.4564119] 2.5778944 0.99633944 0.7131285 1.1055988
[126, 0.37123886, 1.0617541, 5.103253, 0.46515638] 2.579905 0.9966967 0.97197676 1.2673849
[127, 0.39152592, 1.0635478, 5.81019, 0.48598272] 2.4828603 1.0009233 0.9722489 1.3288763
[128, 0.43228018, 1.0416722, 4.8896995, 0.4760211] 2.6114516 1.0769746 1.0919505 1.0818143
[129, 0.503619, 0.9974833, 3.8436155, 0.61036915] 2.7687492 1.1325185 1.036991 1.0824239
[130, 0.39289838, 1.0614772, 4.6520586, 0.6699101] 2.6906395 1.1239338 1.0974545 1.0688522
[131, 0.3927584, 1.0552217, 4.7105, 0.53739977] 2.8176782 1.0638546 0.86643505 1.0142212
[132, 0.39478722, 1.0512092, 3.8163872, 0.62837946] 2.7127576 1.1936522 0.98612446 1.1070639
[133, 0.5343749, 0.9597547, 3.7584777, 0.7241426] 2.9348593 1.0108907 0.8469618 0.9622027
[134, 0.48776716, 1.0037053, 5.0859675, 0.4509115] 2.6148257 1.2134877 0.7910944 1.1995918
[135, 0.4885426, 0.96338665, 5.615251, 0.5681913] 2.3207648 1.2625659 0.8816393 1.258839
[136, 0.4597971, 1.0303719, 3.3903081, 0.6832572] 2.9527724 1.0814906 0.86446345 0.9225598
[137, 0.5625905, 0.9815586, 3.2130487, 0.5306656] 2.9368117 1.1891347 0.8158977 1.1500648
[138, 0.45077047, 0.9999021, 5.509143, 0.533583] 2.3097928 1.040979 1.1467186 1.2802953
[139, 0.43266597, 1.0825205, 3.4001768, 0.6063173] 2.7722921 1.2222795 0.9631898 1.0698142
[140, 0.47000796, 0.96285343, 4.9178996, 0.51104814] 2.4866302 1.2049819 0.83740515 1.0418471
[141, 0.52723783, 0.93707097, 5.850041, 0.5674376] 2.418754 1.0880593 0.94358104 1.1822397
[142, 0.553628, 0.9334745, 5.3358417, 0.6357412] 2.3829837 0.99434805 1.0410866 1.4172065
[143, 0.4011253, 1.0492405, 4.792641, 0.50796] 2.6366246 1.1080397 0.95407146 1.1803968
[144, 0.38705087, 1.0505735, 4.8281417, 0.41469026] 2.6420457 1.0372266 0.886877 1.2243022
[145, 0.40505746, 1.0506588, 4.680102, 0.44370216] 2.7665613 1.1093221 0.94950914 0.91817486
[146, 0.5420479, 0.95970625, 3.7591767, 0.8501893] 2.7951865 1.1855072 0.92511576 1.1003114
[147, 0.36457682, 1.0510625, 4.543083, 0.5225761] 2.8005874 0.9237053 0.88135135 1.0738254
[148, 0.63760245, 0.9633899, 2.7612956, 0.8320879] 3.0047429 1.3347164 1.0052458 0.9101984
[149, 0.4218161, 1.0311936, 5.239713, 0.45141193] 2.70638 0.89831084 1.109023 0.9958873
[150, 0.41077098, 1.0593954, 3.790965, 0.8687812] 2.6597178 1.2416592 1.0009258 1.1686853
[151, 0.44663316, 1.0000051, 5.14194, 0.5851204] 2.3645623 1.1708157 1.0347245 1.146629
[152, 0.4974352, 1.013424, 4.0264544, 0.6739654] 2.785084 1.1186137 1.0336207 1.0194367
[153, 0.34417513, 1.1009712, 4.976729, 0.5519096] 2.5636961 1.1315341 1.0839666 0.94237787
[154, 0.4115278, 1.038468, 4.0292177, 0.64693075] 2.640602 1.0826305 1.0418067 1.1924748
[155, 0.43392092, 1.0339769, 5.1180525, 0.5206263] 2.6060002 1.1276158 0.8796249 1.1349941
[156, 0.6303761, 0.78400296, 5.6616836, 0.4077254] 2.3059056 0.996191 0.9315206 1.1876465
[157, 0.43660173, 1.0415801, 4.8195705, 0.7114593] 2.6661885 1.0112197 0.9835182 1.2664967
[158, 0.4779339, 0.9827099, 5.746636, 0.6873349] 2.48455 1.0274093 0.8974129 1.1802737
[159, 0.61536354, 0.94932014, 2.6230922, 0.67987096] 3.022528 0.9682099 0.9492434 1.1736552
[160, 0.48560536, 0.99892676, 5.9814897, 0.5127871] 2.5011547 0.9670724 0.9339746 1.1838896
[161, 0.48507345, 1.0104293, 4.729281, 0.46918017] 2.614896 1.1009786 0.9475015 1.2643166
[162, 0.49960843, 0.95230794, 5.0935664, 0.5417725] 2.28036 1.2033955 0.9798631 1.2297364
[163, 0.51624304, 0.97750694, 5.8957386, 0.49388665] 2.329469 1.0892735 1.1510203 1.2888733
[164, 0.40493646, 1.0691987, 5.8015723, 0.49098483] 2.5070114 1.2005359 0.8346662 1.1520605
[165, 0.40512183, 1.0540614, 4.6113515, 0.5167864] 2.7896914 1.0830826 0.87512845 0.9994805
[166, 0.40442827, 1.0515417, 5.1421776, 0.5359521] 2.6746278 1.1186754 0.92139 0.97114205
[167, 0.4483796, 0.99042195, 5.4804816, 0.5824504] 2.4704967 0.9789162 0.9670114 1.196939
[168, 0.44224846, 1.020595, 5.559672, 0.5336691] 2.4480937 0.9356956 0.95460343 1.3599204
[169, 0.3960417, 1.0919944, 4.554732, 0.42242435] 2.4691405 1.1558132 0.892191 1.331821
[170, 0.48362175, 1.0093528, 3.0392644, 0.861633] 2.892575 1.0194294 1.027936 1.0747695
[171, 0.36076963, 1.0709914, 5.6662817, 0.5019127] 2.620546 1.0393132 0.9558293 1.0772884
[172, 0.5319818, 0.99320626, 3.5453954, 0.7636465] 2.6678183 1.1835467 0.9259381 1.3457005
[173, 0.5058233, 1.0127108, 3.255266, 0.7535532] 2.7888575 1.0317523 0.9194042 1.3074313
[174, 0.35742745, 1.0709665, 5.070589, 0.524281] 2.7201436 0.99187875 0.89995366 1.0428064
[175, 0.4372483, 1.047432, 5.327509, 0.46296135] 2.5139117 1.1309167 0.83731544 1.2130775
[176, 0.5162552, 0.96965545, 4.3830705, 0.47969106] 2.6288035 0.9583938 0.9645711 1.322039
[177, 0.60236984, 0.8307543, 4.8569183, 0.39585435] 2.409882 1.0152609 0.882483 1.1829307
[178, 0.48338872, 1.0167277, 3.9305394, 0.71648777] 2.6915092 1.1421435 0.9471001 1.2820884
[179, 0.54715633, 0.981163, 3.2639854, 0.6939034] 2.9148178 1.1600759 0.81813496 1.1039699
[180, 0.50022835, 0.9862712, 4.9069047, 0.51487815] 2.305643 1.2382604 1.0411322 1.2261744
[181, 0.47254553, 1.0115992, 5.4056168, 0.65316814] 2.460497 1.1391165 0.98014385 1.1289741
[182, 0.46139625, 1.0041585, 4.4597273, 0.43376905] 2.6944711 0.9645635 0.99122936 1.1537644
[183, 0.48351395, 1.0141644, 5.474727, 0.4187766] 2.4020689 1.035709 1.0019586 1.3899107
[184, 0.4652526, 1.0036469, 5.305442, 0.58929336] 2.447614 0.8808814 1.1297219 1.2166276
[185, 0.55518675, 0.8730164, 5.127164, 0.40013468] 2.2183766 1.0238148 0.96628606 1.3942254
[186, 0.40213138, 1.023, 5.123522, 0.36884436] 2.7047777 0.9153904 0.9080334 1.021266
[187, 0.43993706, 0.98358196, 5.083743, 0.55759895] 2.3327153 1.0992966 1.0626969 1.1115304
[188, 0.44161108, 1.0310386, 4.588132, 0.5019429] 2.6286752 1.1848586 0.9959368 1.0864964
[189, 0.41595942, 1.0661815, 5.347773, 0.5244278] 2.4912813 1.2056702 0.9351373 1.2701304
[190, 0.5973955, 0.9670822, 2.716371, 0.5418506] 2.929887 1.236224 0.9128799 1.0329001
[191, 0.42968464, 1.0479782, 4.7543674, 0.63048375] 2.7536821 1.0417616 0.8483525 1.1565833
[192, 0.44478953, 1.0405585, 4.061395, 0.59199166] 2.5457325 1.2057978 1.1209079 1.1727719
[193, 0.65132034, 0.78952533, 5.2483487, 0.38958645] 2.4532678 1.0872114 0.76146764 1.1266248
[194, 0.5355539, 0.98354286, 3.14101, 0.6218564] 2.8472412 1.1963818 0.82197976 1.1793606
[195, 0.4570865, 1.0191957, 4.944136, 0.43948752] 2.5301242 1.0868065 0.9379587 1.2929726
[196, 0.3371574, 1.086066, 4.7970605, 0.509823] 2.6425152 1.1672441 0.8583597 1.1825718
[197, 0.5427595, 0.9670575, 3.3831964, 0.55069697] 2.863171 1.1340929 0.8495265 1.1143985
[198, 0.44963503, 1.0184668, 4.2661858, 0.46060696] 2.7264748 1.1800705 0.88384604 1.0994672
[199, 0.34085244, 1.100703, 5.769309, 0.5668484] 2.6768308 1.0241965 0.87032884 1.115068
[200, 0.44675377, 1.0340819, 3.6849046, 0.57412964] 2.7480268 1.1008407 1.0694995 1.0028263
[201, 0.45436376, 1.0402783, 5.070969, 0.5895507] 2.7366285 1.0784857 1.1433206 0.88649964
[202, 0.5113131, 0.9663489, 5.2530904, 0.4519838] 2.4298153 1.1287341 0.99694824 1.1166843
[203, 0.4960262, 0.9839797, 4.460904, 0.53211546] 2.5291846 0.99496245 1.17357 1.2791044
[204, 0.44751436, 1.0063138, 4.6005545, 0.47592092] 2.4401634 1.1160427 0.8718422 1.3008276
[205, 0.46660686, 1.0141878, 3.9094183, 0.6442691] 2.7882943 1.0533799 1.0354062 1.0017383
[206, 0.39006844, 1.0598736, 5.0080996, 0.5272539] 2.6600592 1.0611047 1.0423586 1.0365531
[207, 0.3617883, 1.0581623, 5.0284486, 0.47960132] 2.7197444 0.9276293 1.042975 1.0386531
[208, 0.51252526, 0.9653447, 5.9820366, 0.5792801] 2.50625 1.1198274 0.99224734 0.92990756
[209, 0.42966706, 1.0340474, 4.7280097, 0.5712588] 2.7016003 1.094829 0.9991388 1.0372216
[210, 0.46262714, 0.97205126, 5.4118166, 0.4425693] 2.3334508 1.1682949 1.0837665 1.1677401
[211, 0.39456588, 1.049896, 5.126883, 0.42546424] 2.677905 1.0454082 0.83948123 1.0780408
[212, 0.62094903, 0.991447, 2.7411494, 0.75502837] 3.1418343 1.1469496 0.96680444 0.97952056
[213, 0.4797739, 1.0110259, 3.6335132, 0.52265304] 2.5979226 1.186708 0.9251368 1.2956758
[214, 0.37602383, 1.0868388, 4.1805367, 0.684267] 2.7622902 1.04534 0.81350553 1.204935
[215, 0.5125114, 1.0228695, 3.168834, 0.7605107] 2.8471472 1.1909746 1.0593233 0.9548168
[216, 0.5129107, 1.0145087, 3.6318374, 0.8397792] 2.8872163 1.1393874 0.95522445 1.0050693
[217, 0.53405994, 0.99281514, 3.1124036, 0.96980673] 2.8482687 1.181079 0.9464157 1.1012225
[218, 0.55467826, 0.91105103, 5.014808, 0.48695222] 2.4818673 1.0829015 0.8877368 1.0354425
[219, 0.52221066, 0.9859534, 3.4115608, 0.7390531] 2.753862 1.0551358 1.0217183 1.2309728
[220, 0.39984593, 1.0518298, 4.2660694, 0.7656597] 2.9555264 0.91045076 0.8436124 0.9095901
[221, 0.41849902, 1.050322, 5.572236, 0.55526346] 2.5088282 1.0894097 1.1041303 1.0970715
[222, 0.36383328, 1.0772883, 5.656989, 0.71591306] 2.4707503 1.1653353 1.0591158 1.1742322
[223, 0.36124864, 1.0782707, 5.234919, 0.46578243] 2.5622847 1.1658008 0.8710537 1.1949651
[224, 0.56456786, 0.96265227, 3.7295012, 0.55351037] 2.6609402 1.068538 1.0101451 1.252319
[225, 0.52978194, 1.0226841, 3.4051511, 0.8403299] 2.9310846 1.1651012 0.9906339 0.8840214
[226, 0.42051762, 1.0456451, 5.0583215, 0.46042576] 2.698366 1.1051114 0.95884615 0.97337973
[227, 0.48285592, 0.9776183, 4.904566, 0.4816674] 2.658372 1.0572705 0.9602796 1.1484588
[228, 0.3131294, 1.0968069, 4.806344, 0.4686398] 2.718044 1.2117199 0.9315542 0.94855195
[229, 0.44997403, 0.9924531, 5.221612, 0.72633123] 2.4374404 0.9407159 1.0729636 1.142634
[230, 0.5657359, 0.7860562, 5.7074842, 0.40982297] 2.1782165 1.17586 1.0694582 1.031075
[231, 0.5579564, 0.9712574, 3.4626467, 0.56044626] 2.6148338 1.2844152 1.0907944 1.1778717
[232, 0.3615367, 1.0824621, 5.5595675, 0.5737986] 2.6054926 1.0679288 1.0230434 1.100442
[233, 0.4149772, 1.0423203, 4.421473, 0.41463327] 2.6204705 1.2886971 0.7251525 1.1341463
[234, 0.44266877, 1.0296551, 4.305516, 0.5216057] 2.5871367 1.184801 1.0816373 1.1372656
[235, 0.43391925, 1.0122412, 4.41675, 0.56176627] 2.6886935 1.0011032 0.91316974 1.2745075
[236, 0.3823846, 1.0495231, 4.0542064, 0.46613762] 2.6745381 1.2163796 1.0451238 1.0165427
[237, 0.4888286, 1.0172081, 3.916015, 0.76219887] 2.9239802 1.0208976 0.9280317 0.9727956
[238, 0.5669867, 0.90159017, 5.0133815, 0.46646583] 2.3791785 1.2665993 0.85925007 1.0387712
[239, 0.5117236, 0.94013536, 5.4249945, 0.5690894] 2.4568071 0.8834984 1.0172529 1.1869389
[240, 0.45883518, 1.0263486, 4.042834, 0.45480815] 2.6126106 1.2710547 0.882354 1.2729988
[241, 0.4785037, 0.99800676, 4.2694263, 0.50185645] 2.803023 1.1102107 0.8809749 1.0350738
[242, 0.5277065, 0.9615198, 4.9740005, 0.42257464] 2.419314 1.2649753 0.88766086 1.1883367
[243, 0.5156182, 0.97994417, 4.013309, 0.55723697] 2.4879415 1.1790301 1.1176525 1.3266169
[244, 0.41856253, 1.042675, 5.5042195, 0.7052475] 2.6348946 0.9021292 1.0304996 1.000852
[245, 0.4156483, 1.0062917, 4.635972, 0.52891916] 2.721707 1.1190056 0.98202085 1.0672932
[246, 0.34502566, 1.0894299, 5.8664722, 0.52659893] 2.523209 1.1271895 0.9970492 1.1437542
[247, 0.34091777, 1.0974655, 5.515218, 0.68975264] 2.6118593 0.9988208 0.8781797 1.1247982
[248, 0.4241974, 1.0521343, 4.319479, 0.5988744] 2.8434443 0.9742782 1.0258917 0.95336336
[249, 0.5119794, 0.801745, 5.6177273, 0.52243483] 2.1292748 1.1056898 0.9574441 1.2702221
[250, 0.41977295, 1.0606722, 5.169162, 0.6594167] 2.695026 1.216991 0.9011682 0.9422218
[251, 0.51409125, 0.99959624, 3.754951, 0.6035738] 2.8502986 1.0458806 0.94990647 1.0659198
[252, 0.4842049, 0.9631775, 5.198165, 0.43874094] 2.4001353 1.1416523 0.9112484 1.1338162
[253, 0.3973368, 1.064726, 3.8822007, 0.62132925] 2.8774867 1.0363324 0.9890275 0.9475272
[254, 0.41795895, 1.0580049, 5.5783253, 0.6142343] 2.4454749 1.1496592 1.029078 1.194792
[255, 0.30056968, 1.1124741, 5.073937, 0.45134878] 2.5995705 1.1912358 0.87869996 1.0986217
[256, 0.37492868, 1.0802312, 5.5204844, 0.528073] 2.614929 1.0876571 0.98461103 1.0118898
[257, 0.5316258, 0.9454419, 5.0023875, 0.43107796] 2.349719 1.2295618 0.95320475 1.2852466
[258, 0.35720912, 1.064067, 4.144112, 0.79025507] 2.7491376 0.9914987 1.0870087 1.0869563
[259, 0.42600128, 1.0556713, 3.9081695, 0.668598] 2.745972 1.3021495 0.9802005 0.93104935
[260, 0.35853314, 1.0829269, 5.340411, 0.5058991] 2.4913492 1.3238633 0.9841572 1.0879545
[261, 0.43476596, 1.0341849, 3.7266273, 0.49324074] 2.6172755 1.1861944 0.9997223 1.2383554
[262, 0.43587226, 1.049816, 5.5680504, 0.57458854] 2.5321963 1.2303232 0.90702856 1.144799
[263, 0.3897685, 1.0543422, 5.123355, 0.47245133] 2.5424933 1.1312039 0.86506087 1.1713989
[264, 0.40634036, 1.0464574, 4.7029963, 0.4776318] 2.801841 1.1170523 0.8268286 0.9590039
[265, 0.57813627, 0.9117067, 4.8669734, 0.3678541] 2.4375203 1.0576015 0.89949244 1.2012185
[266, 0.43753475, 1.0313797, 4.323177, 0.8346581] 2.8003092 0.9353986 0.9929525 1.1477333
[267, 0.53833234, 0.9432751, 5.513691, 0.48166668] 2.3004441 1.1832347 0.9712275 1.3066201
[268, 0.4439755, 1.0231878, 4.4072967, 0.6284666] 2.7193751 1.1298884 0.9929248 1.044189
[269, 0.5759276, 0.8937079, 5.280961, 0.49363708] 2.2449107 1.2154642 1.0455412 1.1780972
[270, 0.5919245, 1.0121467, 2.7198317, 0.7409776] 2.9939735 1.1127551 1.0003068 1.1576713
[271, 0.4800973, 1.0035146, 5.391908, 0.60681546] 2.5682461 0.975984 0.9617218 1.2481072
[272, 0.5218366, 0.9305882, 4.633233, 0.4829624] 2.3771698 1.0530797 0.9587935 1.2719798
[273, 0.4391705, 1.0444889, 3.7807634, 0.7244845] 2.602716 1.36508 0.87754446 1.2474041
[274, 0.5515079, 0.9272048, 5.4718275, 0.46527857] 2.2916808 1.0536982 0.9187879 1.4108802
[275, 0.38068202, 1.0460302, 3.9706173, 0.5188513] 2.716772 1.111117 0.83653605 1.1728206
[276, 0.5236437, 0.99720705, 3.905392, 0.8349342] 2.7252018 1.119344 0.90145683 1.2819206
[277, 0.4724573, 1.0077404, 5.441916, 0.6738326] 2.3539925 1.1942072 1.0192049 1.0903857
[278, 0.5911336, 0.84648466, 5.3711343, 0.37262455] 2.3233957 1.0502028 0.94539034 1.280588
[279, 0.5795772, 0.8462046, 4.6078825, 0.3721834] 2.4573004 0.9688488 0.8208244 1.2338656
[280, 0.3714239, 1.0938939, 5.024385, 0.6232524] 2.625026 1.2625079 0.9087964 1.0303792
[281, 0.53197867, 1.0162102, 3.157033, 0.72669166] 2.9349916 1.0353464 0.92869246 1.1266241
[282, 0.52559525, 0.94166404, 5.2444825, 0.51051813] 2.4551368 1.0625113 0.95879287 1.0864615
[283, 0.39625737, 1.0761225, 5.12402, 0.54409194] 2.5246036 1.1923308 0.91854984 1.1602763
[284, 0.4986503, 0.9416903, 4.7365236, 0.5434771] 2.4819906 1.0548826 0.85430926 1.0830338
[285, 0.4217826, 1.0477579, 4.963345, 0.60581714] 2.638834 1.2354572 1.0087574 0.9116335
[286, 0.5236554, 0.97538507, 5.3481126, 0.530548] 2.581927 0.9092766 0.9619961 1.2716368
[287, 0.4368216, 1.0217049, 5.3716383, 0.5540327] 2.4659278 1.1120996 0.9040887 1.2535915
[288, 0.48805526, 0.99891335, 4.2417197, 0.7094432] 2.8597255 1.162207 0.9132965 0.87573814
[289, 0.44186565, 1.0340816, 6.0534916, 0.58216465] 2.4045134 1.1129844 1.0078949 1.2471662
[290, 0.57648844, 1.0265589, 2.8155763, 0.8263556] 2.9874434 1.1277758 0.9091052 1.16748
[291, 0.6221125, 0.8681558, 5.4071474, 0.62593395] 2.227515 1.2235852 1.0139126 1.2972205
[292, 0.5709021, 0.84836245, 6.3198867, 0.5357224] 2.3949747 1.0607871 0.9530889 0.9839979
[293, 0.5942331, 0.95788676, 3.0807133, 0.8023982] 2.8937654 1.0621213 1.0156876 1.2329909
[294, 0.4355124, 1.0655844, 3.7096124, 0.63278466] 2.885007 1.1340222 0.89850277 0.98576385
[295, 0.52075, 1.0266626, 3.0439758, 0.78776085] 2.7615604 1.1309795 0.94583493 1.3399823
[296, 0.35366544, 1.0927042, 5.075232, 0.45263413] 2.6805296 1.0687299 0.99571484 1.0732193
[297, 0.6160586, 0.8570211, 4.7424426, 0.44521517] 2.2862172 1.3010848 1.0602369 1.0264306
[298, 0.37798086, 1.0755122, 5.372902, 0.55019915] 2.6131535 1.0235834 0.8970167 1.0458721
[299, 0.38577843, 1.0725509, 5.21259, 0.5682209] 2.7264717 0.91826665 0.93003863 1.0279644
[300, 0.45730263, 1.089355, 2.757371, 0.7762421] 2.9950335 1.1703302 0.9712032 0.9805901
[301, 0.4142971, 1.0603584, 4.5774055, 0.72248864] 2.738286 1.0577884 0.97105414 1.047091
[302, 0.43803516, 1.0565588, 4.196981, 0.73742646] 2.7028148 1.2070873 1.0514579 1.0352172
[303, 0.382335, 1.0727499, 5.322095, 0.5139964] 2.6414135 1.0112059 0.9778399 1.0789187
[304, 0.5596511, 0.93314946, 5.128942, 0.43662876] 2.4422474 1.211577 0.88549685 1.130635
[305, 0.47277558, 1.0132434, 3.5953052, 0.6125089] 2.5989823 1.1324192 1.087169 1.298748
[306, 0.4625904, 1.0074823, 5.0578628, 0.47773623] 2.555459 1.2684623 0.7684171 1.1713398
[307, 0.369638, 1.0586479, 4.961811, 0.4740856] 2.6915777 1.1220032 0.9178717 1.0116003
[308, 0.4686316, 1.0060813, 4.952036, 0.41079193] 2.553399 1.0290824 0.9033562 1.2525171
[309, 0.4225148, 1.0513728, 5.4529824, 0.48328796] 2.6780627 0.93825984 1.0923175 1.0052456
[310, 0.39300406, 1.0601857, 3.8965847, 0.6908159] 2.8067088 0.94160235 1.106025 1.0333254
[311, 0.511018, 1.0114664, 3.741762, 0.72877246] 2.9805777 1.0000627 0.8797811 1.0087453
[312, 0.50477034, 0.9611859, 5.701274, 0.5816211] 2.4076886 1.0938804 0.9703095 1.2711855
[313, 0.53224343, 0.9682627, 5.1392317, 0.51462257] 2.2019463 1.2639153 1.029633 1.4019722
[314, 0.5844462, 0.8747906, 4.595271, 0.4088416] 2.3199313 1.1321659 1.012451 1.2216831
[315, 0.5584008, 1.0214841, 2.8707008, 0.642157] 2.797796 1.3427536 0.97612566 1.1330463
[316, 0.3866946, 1.058615, 4.3306236, 0.6918059] 2.7300553 1.1265622 1.0108566 1.0234997
[317, 0.46507326, 1.0035281, 3.675294, 0.58174014] 2.7577734 1.0657105 0.9439275 1.1953074
[318, 0.5874057, 0.88080233, 4.4660673, 0.5451495] 2.4580033 1.1123174 0.8591406 1.1063812
[319, 0.41317254, 1.0443177, 4.6968694, 0.35817915] 2.8360124 0.9287413 0.7733726 1.0627341
[320, 0.40541324, 1.0682166, 4.9071207, 0.5103421] 2.5275652 1.1191429 1.0810276 1.175152
[321, 0.41789567, 1.0151693, 4.799238, 0.5968949] 2.525337 1.1360992 0.9612731 1.2894323
[322, 0.3614914, 1.0828022, 4.4745054, 0.5687971] 2.8048255 1.0359759 0.8964323 1.0428243
[323, 0.5149184, 0.9767886, 5.604492, 0.48292154] 2.30263 1.2352839 1.0064366 1.2522736
[324, 0.44481844, 1.0290574, 4.8002295, 0.55361766] 2.6488426 1.0059661 0.8739703 1.2267112
[325, 0.3726484, 1.1061554, 4.924558, 0.5473667] 2.5515578 1.118796 0.8894946 1.2166603
[326, 0.51525605, 0.84370327, 6.642618, 0.49104932] 2.1205707 1.112401 1.0607736 1.2999836
[327, 0.54656434, 0.92941093, 5.31711, 0.4901612] 2.409005 1.1838572 0.8753836 1.2180485
[328, 0.44495052, 1.0252336, 4.242777, 0.36207497] 2.5191364 1.1918998 0.96964854 1.3903527
[329, 0.52032566, 0.99716944, 4.0227523, 0.5581378] 2.7467902 1.1092573 0.95677257 1.1978797
[330, 0.48301038, 0.9802858, 5.5563884, 0.50635266] 2.3442132 1.0642121 1.0343307 1.176338
[331, 0.45096472, 1.005772, 5.9542704, 0.4452724] 2.464295 1.1337239 0.9244988 1.2033523
[332, 0.4650073, 1.0086472, 5.2175303, 0.61930704] 2.4496047 1.1077877 1.0598335 1.0510398
[333, 0.42996937, 1.0379177, 4.6419263, 0.66186976] 2.8301961 1.1135164 0.96155155 0.8719428
[334, 0.5954603, 0.99201864, 3.0475354, 0.60591376] 3.05764 1.1523966 0.918183 0.9813616
[335, 0.37881935, 1.0630726, 4.8928256, 0.44313395] 2.60292 1.0926863 1.0075053 1.0649421
[336, 0.34114113, 1.0819356, 4.5928726, 0.5583866] 2.65819 1.1361942 0.95958817 1.1295782
[337, 0.4208216, 1.0591019, 4.8201694, 0.4133173] 2.566658 0.99729043 1.0263697 1.2617389
[338, 0.46605638, 1.0151943, 4.047612, 0.56763816] 2.8415468 1.0620508 0.8001141 1.15605
[339, 0.405749, 1.0495473, 4.9321756, 0.5600738] 2.6817245 0.966907 0.9900626 1.0444468
[340, 0.3683384, 1.0539032, 4.8512735, 0.49550384] 2.7569008 1.0653511 0.7590591 1.161461
[341, 0.44766828, 1.0238461, 3.9414651, 0.7112164] 2.6467395 1.1534201 0.9898925 1.1720346
[342, 0.36103177, 1.0271215, 3.8929985, 0.57460344] 2.8327808 0.9315334 0.8568758 1.1020806
[343, 0.5315154, 0.76486677, 6.0913954, 0.4468376] 1.977117 1.2116472 0.98100686 1.376384
[344, 0.5485338, 1.0294403, 2.6348398, 0.57873845] 3.0326717 1.0814707 1.0142593 1.0855998
[345, 0.5670027, 0.9633244, 3.6836233, 0.5972667] 2.5542364 1.2451516 0.97641414 1.4215223
[346, 0.48949894, 1.0234025, 4.0363994, 0.79000777] 2.6344342 1.0938846 1.0323337 1.3269721
[347, 0.5772784, 0.869573, 5.2507844, 0.46997845] 2.329736 0.97368866 0.9534894 1.2816225
[348, 0.45623142, 1.0488967, 3.557999, 0.7093084] 2.8978078 1.1524525 0.957839 0.9302641
[349, 0.5995334, 1.0167923, 2.8819573, 0.68838793] 3.1171174 1.1691743 0.95951545 0.87418884
[350, 0.3922441, 1.0644606, 4.3039184, 0.49028593] 2.7419698 1.1253929 0.883618 1.1493511
[351, 0.43108672, 1.0564488, 5.741978, 0.54480183] 2.525493 1.1164254 0.9246643 1.1872686
[352, 0.50589633, 1.0246984, 3.1613476, 0.7924258] 2.9317744 1.0434301 1.0415415 1.0975064
[353, 0.5062391, 1.0228125, 3.2299352, 0.84042376] 2.7214558 1.0452425 1.0114136 1.3442043
[354, 0.45470685, 1.019333, 3.7649891, 0.72968787] 2.7420335 1.144939 0.9742762 1.0396093
[355, 0.38098168, 1.0546126, 5.3407664, 0.6727252] 2.4836197 1.003847 1.046015 1.2243531
[356, 0.46067962, 1.0076507, 3.5725827, 0.7433069] 2.8487782 0.9142691 0.94147414 1.2225149
[357, 0.39276952, 1.0624914, 4.048516, 0.6356691] 2.767447 1.1372869 0.9078432 1.135385
[358, 0.5114386, 1.0352179, 3.1977496, 0.68764144] 2.9146993 1.0446066 0.8559713 1.2089205
[359, 0.59547937, 0.84123755, 5.5201545, 0.43618777] 2.137533 1.2264117 1.0111966 1.3648022
[360, 0.48082697, 1.0085311, 4.1574087, 0.46718848] 2.8723917 1.0133791 0.9176314 0.97702616
[361, 0.51374644, 1.008578, 3.5795622, 0.643431] 2.7975976 0.91029173 0.9595946 1.3134248
[362, 0.536586, 0.9733362, 3.48154, 0.59686095] 2.8409514 1.115234 1.0324696 1.0225981
[363, 0.4369337, 0.9975894, 4.9372926, 0.4262707] 2.443823 1.1300277 0.9674875 1.059875
[364, 0.5538775, 0.9643914, 3.8988857, 0.60718083] 2.668392 0.9638004 0.9953274 1.3949516
[365, 0.44048896, 1.0307236, 5.0134783, 0.59266794] 2.6994336 0.95152354 0.99685866 1.1387948
[366, 0.4828988, 0.9602247, 5.322655, 0.63796777] 2.4283392 1.001967 0.9764719 1.1954521
[367, 0.43047577, 1.0286366, 4.898418, 0.55752456] 2.5544229 1.1362567 1.0329692 1.1108685
[368, 0.43147388, 1.0342798, 4.7144027, 0.5490248] 2.5564542 1.227715 0.94169444 1.2134736
[369, 0.42665228, 1.0385315, 4.500705, 0.5062212] 2.6415927 1.0272337 0.9049549 1.2343042
[370, 0.45418087, 1.023294, 5.8178124, 0.62092435] 2.5183702 1.0616094 0.9687209 1.1064206
[371, 0.60721606, 0.85028803, 5.118137, 0.4440672] 2.2205176 1.1474348 0.8915204 1.4581889
[372, 0.44184616, 1.0407306, 4.67521, 0.44777802] 2.5653205 0.89425147 1.0001514 1.3834995
[373, 0.44787282, 1.0537006, 4.3363667, 0.6189561] 2.65214 1.0953199 0.96957254 1.2444938
[374, 0.58005583, 0.8152606, 5.5197906, 0.38075873] 2.2801507 1.0313205 0.8797722 1.2736351
[375, 0.5000151, 0.9427665, 5.1187477, 0.48156714] 2.3403354 1.1285399 1.0339803 1.1664006
[376, 0.3818488, 1.0518202, 4.6463976, 0.3428034] 2.6394703 1.1372035 0.92647135 1.0174166
[377, 0.40540725, 1.0326724, 4.6114697, 0.45959917] 2.6342766 1.1881616 0.8397281 1.1186002
[378, 0.4401727, 1.0376648, 5.1246943, 0.5005735] 2.5425587 1.1760142 0.93167204 1.2121346
[379, 0.4071321, 1.053683, 5.5671225, 0.64999044] 2.4482062 0.9985409 1.0734063 1.2306037
[380, 0.5523915, 1.0562162, 2.5852888, 0.723941] 3.211851 1.0022863 0.9430847 0.95595455
[381, 0.44669944, 1.020952, 5.339572, 0.7671944] 2.4314094 1.1247573 0.9641908 1.0857433
[382, 0.4548849, 1.0254174, 3.897592, 0.6991489] 2.6701877 1.2611549 1.0268545 1.068081
[383, 0.39293253, 1.0585748, 4.64022, 0.47651368] 2.6689782 1.1599061 0.9137727 1.0434457
[384, 0.57380795, 0.8557093, 4.353466, 0.4152095] 2.4796605 1.1060324 0.8424238 1.0018861
[385, 0.44719535, 0.96939415, 5.2487416, 0.50496644] 2.3680892 1.0644959 1.0367248 1.1632422
[386, 0.4596272, 1.0272197, 4.6387, 0.5278599] 2.5654807 1.1181967 0.95330083 1.2490505
[387, 0.48710254, 1.0028673, 4.36481, 0.4578379] 2.6713836 1.2162704 0.8537851 1.1075612
[388, 0.46488515, 1.051796, 3.6575172, 0.69349116] 2.876522 1.1366351 1.0062518 0.99870753
[389, 0.49999034, 0.9199769, 5.8272977, 0.4424161] 2.2237918 1.0612861 1.0457364 1.2901964
[390, 0.5392997, 0.92448235, 5.135422, 0.5076301] 2.2434723 1.2478272 1.0241156 1.1565996
[391, 0.46383432, 1.0330001, 5.5293045, 0.5257077] 2.3701212 1.2002804 0.9497865 1.3900595
[392, 0.51723546, 0.9651733, 3.8875263, 0.4428323] 2.6409519 1.204236 0.9289127 1.2449841
[393, 0.44456312, 1.0320604, 4.667779, 0.45165485] 2.6323922 1.2141665 1.0658572 1.0012754
[394, 0.35076144, 1.0910897, 6.190648, 0.48627433] 2.6707435 1.0256448 0.93519336 1.0193101
[395, 0.44735596, 1.0370511, 4.9209924, 0.5162886] 2.5945313 1.07868 0.87538207 1.2871212
[396, 0.58390665, 0.97347504, 2.9656801, 0.9146373] 3.121556 1.0296819 0.8680579 0.8860774
[397, 0.43105495, 1.0356915, 5.642001, 0.6721569] 2.5068893 0.967628 0.9877264 1.1662543
[398, 0.46237865, 1.032268, 3.5956097, 0.61937326] 2.6750317 1.1197155 1.0372086 1.2342799
[399, 0.4369476, 1.0172024, 4.1988897, 0.5473535] 2.7341406 0.98186666 1.00246 1.1270974
[400, 0.45606685, 1.029466, 4.7666316, 0.4386987] 2.569957 1.1237688 1.0062213 1.2543933
[401, 0.5721534, 0.9978358, 2.9650197, 0.7434028] 2.9512076 0.9738209 0.96072626 1.2357486
[402, 0.5483876, 0.9183964, 5.44009, 0.43301445] 2.1696672 1.2100401 1.0912381 1.3635837
[403, 0.380284, 1.0725255, 5.014233, 0.45097116] 2.551086 1.1403681 0.9404285 1.2098886
[404, 0.57975256, 0.88890475, 4.6071796, 0.61483186] 2.3611543 1.1004264 0.8812188 1.318808
[405, 0.33308855, 1.0646366, 5.11052, 0.6761925] 2.6197035 1.0669869 0.94493055 1.2023443
[406, 0.5040374, 0.9483876, 5.54072, 0.5941555] 2.3527656 1.0467056 0.97725946 1.2749482
[407, 0.5785857, 0.98249716, 2.749952, 0.7631966] 2.9159744 1.1495175 0.94198084 1.1542164
[408, 0.4117855, 1.0486507, 4.9697742, 0.43792284] 2.6484153 1.0458323 0.9454709 1.0651777
[409, 0.58023095, 0.7279544, 5.5858016, 0.35928798] 2.1950257 1.0584706 0.9518714 1.1300057
[410, 0.46933466, 1.019098, 5.413871, 0.5609085] 2.5800984 1.0875915 0.91235894 0.9832225
[411, 0.45969957, 1.030369, 4.7807946, 0.47139323] 2.5244079 1.0482543 0.9326153 1.3540422
[412, 0.47505066, 1.0233582, 5.3154936, 0.55167085] 2.505513 1.1689726 0.95731354 1.3674194
[413, 0.48422217, 0.9383337, 5.252503, 0.47279066] 2.4808857 0.824328 0.92922163 1.2402505
[414, 0.49169427, 1.021978, 3.788276, 0.52430946] 2.8005645 1.1074361 0.9889127 1.0030488
[415, 0.428472, 1.0494422, 3.6561773, 0.68576586] 2.9803715 0.94920206 0.9006984 0.9949315
[416, 0.44900444, 1.0185751, 4.7864456, 0.525382] 2.7147202 0.8483619 1.0724365 1.1598321
[417, 0.41883495, 1.0609566, 5.745881, 0.4842107] 2.3907933 1.2800064 1.0252174 1.155953
[418, 0.54168487, 1.0005201, 2.97394, 0.6798192] 2.8727055 1.1793768 0.9724664 1.1683401
[419, 0.47908777, 1.0058982, 4.8307767, 0.50942886] 2.5687637 1.0967762 1.0201027 1.2631028
[420, 0.39225304, 1.0667602, 5.2713995, 0.51137894] 2.5384934 1.1821136 0.9083075 1.2123606
[421, 0.538348, 0.98165923, 3.7379096, 0.561424] 2.902225 1.1392914 0.99447954 0.8434763
[422, 0.5927712, 0.9538051, 3.06266, 0.51422197] 2.9975393 1.106362 0.923669 0.9835926
[423, 0.46349615, 1.0358069, 4.423549, 0.88900876] 2.584571 1.0214329 1.0703704 1.3346369
[424, 0.5049658, 0.9321389, 5.6495185, 0.5425983] 2.3261979 1.2582082 0.8640374 1.0259274
[425, 0.46238464, 1.0058545, 3.8635821, 0.50132763] 2.7014284 1.1012691 0.88753325 1.1723821
[426, 0.47766098, 0.9990553, 5.5614753, 0.5350131] 2.5100172 0.98639804 1.0562361 1.0964303
[427, 0.56582874, 0.9394605, 3.5197983, 0.55534756] 2.773833 0.9743001 1.0817033 1.2546641
[428, 0.44891343, 0.9980448, 4.5555563, 0.48041496] 2.671475 0.9692535 0.9475012 1.199912
[429, 0.49216565, 0.99421155, 4.8766766, 0.40382046] 2.7026815 1.0077336 0.87480253 1.1009233
[430, 0.66556346, 0.93385506, 2.6908588, 0.68181753] 2.8972208 1.0644646 0.96304286 1.3475473
[431, 0.43164006, 1.0432138, 4.704685, 0.48554203] 2.628238 1.1668818 0.96015406 1.0285578
[432, 0.54419065, 0.89146054, 5.8355913, 0.4554727] 2.2911499 0.89038676 1.034851 1.3587707
[433, 0.56873083, 0.9839848, 2.8447235, 0.5873079] 3.0180182 1.0318953 0.97807235 1.0311464
[434, 0.40470582, 1.0550236, 5.4795403, 0.57137346] 2.443706 1.1954068 0.98771566 1.185698
[435, 0.41287422, 1.0450754, 3.8482275, 0.5938049] 2.7563388 1.0139598 0.79394853 1.307691
[436, 0.41044885, 1.0246279, 4.165362, 0.56533575] 2.7424455 0.96357775 0.99424064 1.2003946
[437, 0.5710774, 0.97087157, 3.104724, 0.73325896] 2.9713972 1.1695501 0.9475243 1.0239091
[438, 0.48928252, 1.0105201, 5.7870317, 0.4327541] 2.4125383 1.1272932 0.9306305 1.2826091
[439, 0.5460276, 0.9799269, 3.4031863, 0.541945] 3.0354607 1.1846286 0.7955812 0.87047875
[440, 0.47584137, 0.96994823, 5.23959, 0.39771867] 2.4116945 1.0597641 0.98138094 1.1812638
[441, 0.40966222, 1.0501418, 5.2410364, 0.8067329] 2.6283538 1.0920497 0.970649 1.134862
[442, 0.41791612, 1.046971, 5.3079643, 0.6321562] 2.6813717 1.0090369 0.9350768 1.1089544
[443, 0.47401604, 0.90112317, 5.3935585, 0.3224447] 2.3750043 0.9709826 0.8701817 1.2142313
[444, 0.38340297, 1.090911, 4.838403, 0.5289158] 2.4992695 1.3077213 0.9969191 1.2127986
[445, 0.40948963, 1.037369, 4.466396, 0.53702664] 2.6842551 1.205668 1.036907 1.0000813
[446, 0.59806925, 0.9802649, 2.8884363, 0.70362574] 2.9369016 1.0830541 1.0611542 1.0690036
[447, 0.55790216, 0.9734904, 3.2529433, 0.81835616] 3.0412104 1.036028 0.86386544 0.93883955
[448, 0.57823426, 0.9683812, 3.0724661, 0.74009746] 2.7126968 1.2308869 1.1230906 1.1197398
[449, 0.52223545, 1.0033002, 3.7143579, 0.5761849] 3.0646024 0.98294 0.91395766 0.77212024
[450, 0.34077415, 1.095067, 5.036057, 0.47263914] 2.6489642 1.0963525 1.0340198 1.0043899
[451, 0.5392111, 0.9380788, 5.1194816, 0.51602304] 2.2629979 1.1748505 0.865751 1.3550513
[452, 0.4554147, 1.0084947, 4.6229067, 0.53134173] 2.505899 1.2217486 0.9352909 1.3026481
[453, 0.45821777, 1.0084988, 4.387031, 0.50154704] 2.6808553 1.0448364 0.844539 1.2294242
[454, 0.42345646, 1.0412569, 5.0879993, 0.5806417] 2.7588391 1.0132132 0.90320283 1.0342356
[455, 0.42091554, 1.014105, 4.7283616, 0.49692777] 2.6052766 1.1505071 0.89836365 1.2069011
[456, 0.45778283, 1.046258, 3.9653769, 0.7002929] 2.9107742 1.0438479 0.9870051 0.9266727
[457, 0.6345357, 0.9975276, 2.725597, 0.88000876] 3.3251076 1.0723138 0.92767 0.70716554
[458, 0.44816506, 1.0161346, 5.5562, 0.5320852] 2.507279 1.0388451 1.0328333 1.2327782
[459, 0.47748023, 0.9910556, 4.790625, 0.582194] 2.3921828 1.166833 0.942994 1.1385062
[460, 0.6534691, 0.97393465, 2.6978223, 0.74717563] 3.1920412 1.1963247 0.9746639 0.8023236
[461, 0.43466154, 1.0373541, 5.49917, 0.47420856] 2.593296 0.9212785 0.9263913 1.235773
[462, 0.34652343, 1.076378, 5.330141, 0.57947344] 2.7407372 0.89506835 1.0244945 0.95014566
[463, 0.42735273, 1.0508888, 4.3265023, 0.5888715] 2.708861 1.04222 0.9491893 1.1878626
[464, 0.55644256, 0.8462893, 6.36131, 0.42616287] 2.178442 1.1421957 1.0426165 1.2436347
[465, 0.5544118, 0.69970995, 4.798208, 0.67078567] 2.0365884 1.1963053 0.9673307 1.0590099
[466, 0.54342777, 0.9272324, 5.105385, 0.5135759] 2.3417063 1.0684781 0.9105329 1.3354459
[467, 0.38490596, 1.0646296, 4.852371, 0.4312763] 2.643929 1.1552057 0.8174103 1.1066136
[468, 0.41182178, 1.049128, 5.1990733, 0.45277146] 2.6252425 1.1506366 0.9348184 1.091344
[469, 0.39378932, 1.0833032, 5.8106804, 0.48625943] 2.4451516 1.1997681 0.94463885 1.2362376
[470, 0.551823, 0.964859, 3.556682, 0.66778696] 2.7580752 0.8816282 0.9913234 1.3631414
[471, 0.36289728, 1.0787466, 5.736126, 0.484555] 2.5531933 1.3313692 0.86920077 1.0250111
[472, 0.621098, 0.9404575, 2.63721, 0.7198667] 2.9998927 1.0352417 0.889957 1.1593539
[473, 0.50647444, 0.95037824, 4.7251945, 0.39707205] 2.4557288 1.0113039 0.95806825 1.1213527
[474, 0.41349426, 1.0399688, 5.1519036, 0.55694723] 2.647289 1.0809078 0.83797884 1.0076245
[475, 0.5121612, 0.9763554, 5.2393575, 0.5334112] 2.4666913 1.0557207 0.98874235 1.1142364
[476, 0.41645166, 1.0617809, 5.5482507, 0.4006744] 2.4996204 1.1930349 0.81088996 1.2867056
[477, 0.4582817, 1.0179824, 4.1175795, 0.48725796] 2.689551 1.1467568 0.916369 1.2008474
[478, 0.42521042, 1.0502837, 5.0630403, 0.58199936] 2.5830846 1.1306337 0.9592379 1.1039168
[479, 0.43758094, 1.0459298, 4.141383, 0.5892723] 2.5427332 1.2119505 0.87181604 1.344105
[480, 0.3870448, 1.0532056, 4.9331403, 0.43366843] 2.754605 1.0898743 0.97971064 0.92654955
[481, 0.5712022, 0.969899, 3.441502, 0.84236574] 2.9069653 1.0447822 1.040648 0.99896103
[482, 0.45901594, 1.0086905, 5.4242797, 0.526571] 2.472885 1.1072437 0.9351566 1.0745748
[483, 0.38741937, 1.0462376, 4.6190295, 0.39105555] 2.6165137 1.1222047 0.9929348 1.128853
[484, 0.60246694, 0.875023, 5.083365, 0.46033236] 2.1974308 1.0742116 1.1858916 1.3195299
[485, 0.4122661, 1.0133064, 5.1111455, 0.55270624] 2.4400096 1.081915 0.9314946 1.1775717
[486, 0.6179487, 0.80464524, 6.0922275, 0.47455108] 2.2901843 1.0682443 0.97233754 1.1363956
[487, 0.46538353, 1.0201446, 4.5018167, 0.6055176] 2.610032 0.9198788 1.0619488 1.2965543
[488, 0.40577108, 1.0633556, 5.234197, 0.45264763] 2.712755 1.0737923 0.76959974 1.1011256
[489, 0.3543156, 1.1024873, 5.6068277, 0.6534295] 2.5487897 1.1220049 0.9837757 1.118107
[490, 0.36414042, 1.0753573, 5.117786, 0.60348815] 2.530328 1.2145232 0.94234544 1.0911514
[491, 0.40166005, 1.0520017, 5.585629, 0.5775664] 2.5116243 1.1421857 1.0214036 1.086376
[492, 0.44118425, 1.035547, 3.8145013, 0.5597165] 2.7951875 1.199723 0.84867483 1.1242548
[493, 0.39473042, 1.046634, 5.5370665, 0.59107935] 2.5252135 1.155176 0.99879944 0.97048634
[494, 0.5788947, 0.9855895, 3.0202303, 0.61274815] 3.0852485 1.1520512 0.9238567 0.80506754
[495, 0.42704082, 1.0302355, 5.5761433, 0.59128326] 2.6686964 1.110434 0.97018635 0.94149995
[496, 0.59581304, 0.92841125, 3.35713, 0.65546805] 2.8872304 1.232366 0.85539603 0.95887923
[497, 0.58815515, 1.0147461, 2.638256, 0.6475973] 3.0607066 1.1496775 1.0087968 0.9725564
[498, 0.47108015, 1.0203506, 3.9066398, 0.59008896] 2.9444401 1.1356537 0.8582918 0.82903033
[499, 0.49089247, 1.0285556, 4.4998183, 0.74834853] 2.7567446 1.1133579 0.91159993 1.1634228
[500, 0.43318385, 1.0548681, 3.701256, 0.68458813] 2.9754207 0.99896586 0.8155904 1.015583
[501, 0.42362761, 1.0423579, 4.2579126, 0.64119405] 2.6811495 1.1467044 0.9521029 1.1029223
[502, 0.4310275, 1.0407705, 4.8330703, 0.51805055] 2.4375632 1.1519954 0.94030213 1.3702161
[503, 0.43651268, 1.042495, 5.383934, 0.6040998] 2.5152183 1.1785084 0.8987079 1.1367997
[504, 0.39629483, 1.0467328, 4.89761, 0.48595753] 2.6478982 1.2106698 0.94590217 0.9790817
[505, 0.5444116, 0.74792993, 5.0187383, 0.64129746] 2.0053544 0.95184606 1.1796972 1.2656798
[506, 0.45876294, 1.0258135, 5.171913, 0.5114895] 2.4726355 1.1132355 0.9868509 1.2498765
[507, 0.54814434, 0.7857899, 6.0027475, 0.46201122] 2.2626638 1.0146185 0.7757896 1.2717674
[508, 0.45295405, 1.0072263, 4.7537465, 0.6021238] 2.3431559 1.0105776 1.0606548 1.3229427
[509, 0.41539806, 1.0440571, 4.0603905, 0.495656] 2.7815466 0.98705965 1.09639 0.9572419
[510, 0.42916793, 1.0370055, 5.646085, 0.55056465] 2.6535094 0.96181804 0.9852664 0.9545459
[511, 0.44351065, 1.0473096, 3.9662533, 0.62007844] 2.7138612 1.1048043 1.128398 1.0379905
[512, 0.37686855, 1.0667136, 5.3175836, 0.49425605] 2.756045 1.085399 0.84568864 0.93776363
[513, 0.42901775, 1.0296677, 4.8865137, 0.5538798] 2.5519154 1.2081835 1.1471763 0.93935287
[514, 0.38432452, 1.085193, 5.0974116, 0.44658917] 2.5050142 1.2878057 1.0551181 1.1022198
[515, 0.4767129, 1.020124, 5.3806114, 0.63359445] 2.4902728 0.9922052 1.0333998 1.296529
[516, 0.5640607, 0.8855752, 4.8350368, 0.47610006] 2.3962152 1.1860534 0.93186885 1.0106683
[517, 0.43509194, 1.0009716, 5.707527, 0.5251567] 2.5091794 1.0432932 0.9990262 1.0386825
[518, 0.5332674, 1.0000737, 3.107177, 0.89587903] 2.792912 1.1305715 0.9341249 1.2110817
[519, 0.42990908, 1.0467902, 4.885736, 0.5163486] 2.698243 1.1335101 0.9206908 1.0661864
[520, 0.48464414, 1.0380229, 3.848558, 0.5533142] 2.7298217 0.98440784 1.1675186 1.151899
[521, 0.5457694, 1.0327663, 3.0214384, 0.6862578] 3.0903127 1.1483027 0.8107583 0.9549794
[522, 0.37107226, 1.0572959, 4.2505436, 0.4421088] 2.612109 1.1383121 1.0570176 1.163997
[523, 0.46560004, 1.0102153, 3.3406665, 0.553388] 2.819842 0.9990028 1.020852 1.113861
[524, 0.3842016, 1.0657372, 4.8003173, 0.465726] 2.7088904 1.032098 0.9596491 1.0607344
[525, 0.3976941, 1.0644858, 5.484713, 0.5873894] 2.5409925 1.0805019 1.0074561 1.0340741
[526, 0.4634467, 1.0246278, 4.9469514, 0.750901] 2.7594714 1.1357174 0.9603176 0.9298489
[527, 0.44693074, 1.0249183, 4.878034, 0.39239207] 2.7100465 1.1895747 0.73654544 1.0818378
[528, 0.5491604, 0.86460453, 5.4489155, 0.3619774] 2.32701 1.0926999 0.83300483 1.2305485
[529, 0.36672598, 1.0721319, 5.3235373, 0.4910175] 2.5857058 1.2231835 0.8349133 1.0444423
[530, 0.56327623, 0.944221, 3.7260048, 0.6746519] 2.7319977 1.2031235 0.929568 1.1651182
[531, 0.40541542, 1.0464526, 5.54895, 0.5510742] 2.7262716 0.91419667 0.89490426 1.0471716
[532, 0.39044636, 1.0677251, 5.434703, 0.4930519] 2.5609965 1.1089405 0.92632395 1.1686574
[533, 0.44990817, 1.0249064, 3.9164782, 0.62047905] 2.7991328 1.0772527 1.1044809 0.91131526
[534, 0.45426226, 1.0129644, 4.7567897, 0.5288681] 2.677729 1.0317575 0.9135347 1.1551838
[535, 0.4416461, 1.019494, 4.591764, 0.4417028] 2.6844854 1.1444137 0.95945954 1.055632
[536, 0.4192499, 1.028666, 4.262562, 0.54748225] 2.6972487 1.0401495 0.9126501 1.1478795
[537, 0.45518336, 1.0319827, 3.420343, 0.79343265] 2.8585505 1.0586627 0.9769069 1.0600975
[538, 0.38434374, 1.0712984, 4.9076853, 0.5293118] 2.744791 1.1392382 0.9507268 0.9894988
[539, 0.5317799, 0.9489812, 4.846456, 0.5064768] 2.3876295 1.1981376 0.8414005 1.226005
[540, 0.41053087, 1.0569317, 5.258285, 0.53661186] 2.484548 1.0938752 0.95871663 1.3013262
[541, 0.46143776, 1.0152388, 4.2924304, 0.6601395] 2.6395538 1.0824554 0.90233654 1.2666042
[542, 0.5183505, 1.0482364, 3.1070907, 0.76844907] 2.9781556 1.1161355 0.939098 1.0114986
[543, 0.6218791, 0.87279713, 5.0093117, 0.49575147] 2.2001488 1.135297 0.9963909 1.4516499
[544, 0.4162634, 1.0243767, 5.0301514, 0.62100244] 2.5872855 1.0158784 0.99517155 1.2199081
[545, 0.43805304, 1.0255183, 4.52123, 0.59040534] 2.6024005 1.2043736 1.0198756 1.1368822
[546, 0.38620573, 1.0841955, 5.5609446, 0.48605976] 2.5003202 1.0728588 1.137534 1.0909436
[547, 0.3847732, 1.0377263, 4.5270057, 0.7000416] 2.587448 1.0857409 0.9930823 1.2480083
[548, 0.62701505, 0.9378505, 2.5319667, 0.60402626] 3.0362437 1.1846114 1.0404066 0.87679553
[549, 0.5418284, 0.8987418, 5.640121, 0.42583662] 2.3055694 1.1237398 0.9122925 1.1983497
[550, 0.5519989, 0.9213893, 5.100779, 0.45496368] 2.4569213 1.1591951 0.88889796 1.1219245
[551, 0.5618103, 0.90483534, 4.904739, 0.5473396] 2.5220845 1.0113374 0.7184732 1.2697254
[552, 0.5217752, 1.0409714, 2.7039897, 0.8233405] 3.0744119 1.1107097 0.87518793 1.0519496
[553, 0.49097624, 0.95077384, 4.8995605, 0.5089202] 2.4227152 1.252499 0.86607367 1.0378032
[554, 0.5967286, 0.8548614, 5.391279, 0.407057] 2.2890759 1.2004144 0.9047211 1.2011007
[555, 0.4738323, 0.9466031, 5.7251587, 0.6041154] 2.175822 1.1762192 1.0475619 1.2975796
[556, 0.41408452, 1.0439057, 4.742633, 0.5081192] 2.6734664 0.9357255 0.8894246 1.1749823
[557, 0.4457676, 1.0027472, 5.2759776, 0.49349433] 2.5252233 0.8816081 1.0432388 1.1691031
[558, 0.3645576, 1.0692496, 4.4316845, 0.8018352] 2.7357078 1.031264 1.0006443 1.0867732
[559, 0.53680265, 1.013235, 3.0469522, 0.64093566] 2.884494 1.2105536 1.0668577 0.9249047
[560, 0.35843885, 1.0733097, 4.77961, 0.63323087] 2.551959 1.1285082 1.0123686 1.3048565
[561, 0.58339596, 0.9004841, 4.9249377, 0.49858078] 2.3305874 1.125773 0.9678802 1.2511084
[562, 0.53399265, 1.0315325, 3.137841, 0.7162802] 3.0526896 1.0251322 1.0473067 0.885932
[563, 0.5489209, 0.9984375, 3.2339025, 0.80328655] 2.7406766 1.0815216 0.96848106 1.3486445
[564, 0.4957516, 1.0176622, 3.5332897, 0.62473] 2.7560177 1.0671786 0.96684116 1.2671027
[565, 0.51969826, 0.98800576, 4.151386, 0.50145847] 2.6740947 1.1882459 0.9435531 1.1867535
[566, 0.38373378, 1.0548413, 4.9034743, 0.3904382] 2.6401038 1.1943296 0.96028125 1.0604304
[567, 0.3958583, 1.050776, 4.904971, 0.55180216] 2.6767058 1.082012 1.0022455 1.0396073
[568, 0.48740056, 0.95379424, 5.1960435, 0.5327568] 2.4614644 1.0696079 1.0567733 1.0210564
[569, 0.46138078, 1.004238, 3.74679, 0.44783908] 2.8042443 0.9345253 0.88461304 1.1844379
[570, 0.5289029, 1.0896043, 2.43566, 0.76622766] 3.0647933 1.2075783 0.98738545 1.0599136
[571, 0.4756665, 1.0010465, 4.038497, 0.49809915] 2.7167528 1.1637859 1.0293893 0.9827728
[572, 0.5797871, 0.8613338, 5.857862, 0.4231015] 2.3496935 0.9896881 0.9470719 1.1810037
[573, 0.3950582, 1.0626161, 5.5441685, 0.68945575] 2.5509875 1.0291423 0.93757087 1.1959066
[574, 0.4933227, 0.9980609, 5.810632, 0.5751408] 2.4332385 1.2141423 0.95898825 1.2514132
[575, 0.49867716, 1.0294889, 3.6197, 0.6694528] 2.815734 1.116052 1.0501683 1.0979825
[576, 0.5770822, 0.8650168, 6.2223983, 0.47849447] 2.2532597 1.126952 1.0066216 1.1890986
[577, 0.5290847, 0.9820456, 5.6739383, 0.38921294] 2.2580175 0.99905705 1.0802119 1.5444399
[578, 0.3978663, 1.0766281, 4.558735, 0.5751902] 2.629868 1.0264549 0.99509776 1.2286104
[579, 0.3556465, 1.067369, 5.850658, 0.5953416] 2.6551642 1.0684347 0.91413736 0.9962088
[580, 0.41922495, 1.0322518, 5.187125, 0.37340215] 2.4298844 0.99927 1.0399798 1.2669706
[581, 0.40213355, 1.0542281, 4.044242, 0.65737516] 2.5779128 1.2819444 1.0839853 1.0933446
[582, 0.6524092, 0.6752492, 5.353507, 0.41425246] 2.2148874 1.0233264 0.99290985 1.1215522
[583, 0.42076623, 1.0289624, 5.5867977, 0.62008184] 2.5721838 0.9934009 1.0333681 1.013552
[584, 0.4121872, 1.0448608, 4.5868726, 0.5567407] 2.4482033 1.1181215 1.042399 1.2548039
[585, 0.38965198, 1.0565025, 4.2722025, 0.63356906] 2.8719819 0.9728525 0.8862019 1.0692359
[586, 0.5035029, 0.999252, 3.5172257, 0.7865852] 2.852489 1.0821366 0.94976157 1.137562
[587, 0.37781206, 1.0676037, 5.0697837, 0.607405] 2.521862 1.2658579 0.9469947 1.092572
[588, 0.419808, 1.0476127, 5.08035, 0.5450655] 2.629772 1.0579534 0.9162536 1.1493903
[589, 0.42697784, 1.0373021, 5.7004147, 0.4712126] 2.5122044 1.1602931 0.9874693 1.1272869
[590, 0.47181976, 1.0055658, 5.013639, 0.38769504] 2.5906866 0.8605683 0.90217614 1.2297605
[591, 0.3974682, 1.0566692, 5.353002, 0.52675515] 2.5039644 0.9775453 1.0605236 1.3054191
[592, 0.4862437, 1.0070952, 5.2711616, 0.44139487] 2.542615 1.0158796 0.79856306 1.19618
[593, 0.5456466, 1.0336655, 3.0249326, 0.6711867] 2.9755938 1.0563071 0.8664968 1.2329521
[594, 0.49184054, 0.95211864, 5.10379, 0.73202074] 2.4318626 1.0897366 0.97173786 1.0368655
[595, 0.5179086, 0.95162153, 5.3008857, 0.52485305] 2.4034219 1.2200153 0.9168572 1.1163346
[596, 0.4712775, 1.0007887, 4.0329, 0.59153616] 2.724907 1.1691808 0.90228206 1.1092858
[597, 0.48648208, 1.0023581, 4.720186, 0.41314974] 2.6330884 1.1461422 0.8096032 1.1952672
[598, 0.55961126, 1.016397, 2.865053, 0.752844] 2.8333342 1.2383139 1.0452036 1.1448789
[599, 0.543729, 1.0480396, 3.227779, 0.8408605] 2.8478746 1.0580839 0.99944526 1.339346
[600, 0.4284814, 1.0402489, 4.7559314, 0.5811482] 2.5620618 1.0528995 1.0340623 1.2611088
[601, 0.39003062, 1.048878, 5.435274, 0.5186316] 2.4350178 1.2152585 1.0577492 1.2341206
[602, 0.36492383, 1.092578, 5.208791, 0.5533526] 2.7350512 1.0584358 0.9545416 0.9578378
[603, 0.4715093, 1.0062548, 4.355925, 0.5280089] 2.8920012 0.9666926 0.8859891 0.9800171
[604, 0.4451336, 1.0466046, 5.4340954, 0.4717529] 2.461016 1.1536491 0.8894236 1.3227783
[605, 0.48477045, 0.97819686, 5.146901, 0.5994817] 2.482902 1.0203135 1.0097276 1.1323838
[606, 0.5776924, 0.99028796, 2.9878008, 0.67777216] 2.9187913 1.0619478 0.97418696 1.2141739
[607, 0.55037284, 0.8646873, 5.0147624, 0.5089985] 2.4382546 1.027679 0.79632246 1.1904887
[608, 0.42103922, 1.039394, 4.8617334, 0.52491575] 2.8333075 1.0149367 0.7971135 1.0223696
[609, 0.44658446, 0.996622, 5.164723, 0.48203397] 2.4801338 0.9772971 0.9000529 1.3237637
[610, 0.48882058, 1.012804, 3.5611744, 0.7053694] 2.737614 1.2245965 0.863183 1.1935498
[611, 0.3822795, 1.0646796, 5.4314194, 0.5979088] 2.563359 1.2343988 0.87089825 1.1334981
[612, 0.51865953, 0.9885853, 3.9037209, 0.6327892] 2.760707 1.1176602 0.8902147 1.1231234
[613, 0.50648123, 1.0110056, 3.3604617, 0.8549521] 2.7321286 1.1611556 1.0407509 1.1932666
[614, 0.44440544, 1.0277009, 3.9743903, 0.51651204] 2.7179499 1.02512 0.99936557 1.1411085
[615, 0.39055517, 1.0541759, 4.723876, 0.51631504] 2.6821923 1.1536543 0.9758415 1.0218493
[616, 0.41926622, 1.0996338, 3.092653, 0.74127674] 2.8490982 1.1593368 0.96563715 1.0596987
[617, 0.40233606, 1.0712827, 5.4261284, 0.6355315] 2.487793 1.1296052 0.9794251 1.2960064
[618, 0.4829625, 0.98182064, 4.909558, 0.4495588] 2.5003417 1.1558474 0.8507199 1.05886
[619, 0.4768792, 0.972462, 5.4879904, 0.43264428] 2.4651606 1.1975297 0.8965864 1.0032787
[620, 0.48564637, 1.0703293, 3.1074355, 0.8397463] 3.1013927 1.0245607 0.81965643 0.97186786
[621, 0.5118114, 0.9629683, 5.8969827, 0.51743895] 2.4756455 0.89644015 1.17787 1.2073958
[622, 0.63225, 1.0168039, 2.3305104, 0.84002537] 3.1007707 1.2431202 1.0770214 1.0337845
[623, 0.44760224, 1.0474198, 4.8791847, 0.5328907] 2.4470115 1.2115002 1.1321552 1.1827799
[624, 0.42618296, 1.0535222, 3.6161277, 0.5790808] 2.6582136 1.1849811 1.0113434 1.2612514
[625, 0.409381, 1.0636466, 4.720666, 0.39282277] 2.6044137 1.041493 0.9930647 1.165461
[626, 0.5709554, 0.8945852, 5.17442, 0.33601058] 2.5305834 1.0551298 0.7984696 1.1246637
[627, 0.47883517, 1.0597895, 3.6681802, 0.67220736] 2.7406306 1.213978 0.9797931 1.1768024
[628, 0.5893076, 0.8262093, 5.603568, 0.43694538] 2.3573232 1.0379438 0.9793896 1.0928086
[629, 0.4222066, 1.0549396, 5.1610723, 0.4579526] 2.3686306 1.1366329 1.0385344 1.2524552
[630, 0.51047575, 0.98030204, 3.9896364, 0.63865364] 2.7412853 1.202548 0.9038981 1.0902209
[631, 0.46689948, 1.0067946, 5.4526906, 0.5602551] 2.4568021 1.0920889 0.9500348 1.3623313
[632, 0.4527981, 1.0493478, 3.7315564, 0.6723648] 2.8505795 1.150213 0.8901078 1.0211481
[633, 0.5512664, 0.9370727, 3.9032085, 0.5942008] 2.8067944 1.1160502 0.9251387 1.0959613
[634, 0.552233, 0.83378357, 5.57642, 0.3576094] 2.1404107 1.213663 0.87568295 1.3558286
[635, 0.5343122, 0.96499413, 5.088741, 0.45452657] 2.2939978 1.2074598 1.0150638 1.2129986
[636, 0.45229974, 1.0406443, 4.5949125, 0.658162] 2.7496095 1.0461075 0.8970956 1.1999036
[637, 0.4086508, 1.1121155, 3.0264814, 0.7712363] 2.7372174 1.1343867 1.0884286 1.313731
[638, 0.43671808, 1.0330836, 5.063504, 0.51946] 2.5499966 1.3211817 0.9634239 1.0894254
[639, 0.40539643, 1.0439292, 5.193757, 0.647818] 2.6411138 0.89242804 1.0725335 1.2517337
[640, 0.48442906, 1.0089768, 5.256365, 0.4364241] 2.3369868 1.2916365 0.93490356 1.3078218
[641, 0.56321585, 0.9718732, 3.2752411, 0.6501368] 2.9343228 1.1194197 0.97976327 0.9163033
[642, 0.48595926, 1.0918692, 2.863102, 0.7949562] 2.824787 1.234669 1.0383844 1.1300236
[643, 0.5731957, 0.99443483, 2.7554681, 0.6410274] 3.13355 0.9702021 0.9443737 1.0476562
[644, 0.5445176, 0.87299305, 6.094431, 0.4104743] 2.339446 1.0663682 1.0846323 0.95492923
[645, 0.38095376, 1.0630356, 5.235362, 0.4808976] 2.5694134 1.0783875 0.93455 1.1406772
[646, 0.5563672, 0.9897088, 2.8356693, 0.6550843] 3.0700393 1.1219842 0.9074147 0.8952395
[647, 0.35607937, 1.0940205, 5.4164405, 0.6012551] 2.5983708 0.90384436 1.015899 1.1206073
[648, 0.4787451, 0.9446305, 5.113489, 0.40741816] 2.4227035 1.038354 0.9391186 1.0593991
[649, 0.42788926, 1.0863241, 3.4321787, 0.87549114] 2.8364964 1.1661724 0.9392622 1.1504426
[650, 0.5817456, 0.8027153, 5.775584, 0.45993358] 2.0716312 1.1259162 1.1061398 1.311204
[651, 0.42264372, 1.0578506, 5.0585237, 0.46840265] 2.491361 1.1773269 0.9834263 1.210242
[652, 0.45644012, 1.0185356, 3.4613605, 0.56113625] 2.791468 1.0486823 0.9261191 1.1479225
[653, 0.4632606, 1.0069789, 4.728335, 0.43038908] 2.529009 1.014437 1.1452534 1.2465304
[654, 0.5911666, 1.000811, 2.865866, 0.822248] 3.1289697 1.1096003 0.9196702 0.79250735
[655, 0.4977743, 1.0137732, 5.2292395, 0.49051932] 2.4265382 1.1033609 0.8943002 1.302747
[656, 0.558038, 0.9148413, 4.9201326, 0.49816853] 2.369414 1.1086289 0.9181466 1.2636586
[657, 0.5334508, 0.95714486, 6.150802, 0.45523462] 2.6562104 1.0093479 0.86645454 1.0626581
[658, 0.5521156, 0.8657748, 5.521532, 0.4486787] 2.3607447 0.9730429 1.0551829 1.0996608
[659, 0.40881976, 1.0378716, 3.6199899, 0.7954649] 2.7968714 0.9968251 1.0248195 1.1274344
[660, 0.37156835, 1.0443606, 5.283047, 0.43009147] 2.739946 1.0162432 0.7793527 1.1750687
[661, 0.45118198, 1.0209218, 6.341865, 0.7708551] 2.4331214 1.2191823 0.9195026 1.1477331
[662, 0.382389, 1.0884593, 5.0522494, 0.5506546] 2.4342198 1.2573223 1.0597551 1.2210728
[663, 0.35780013, 1.0969296, 4.746497, 0.5895611] 2.7070568 1.1207995 0.9607329 1.0860659
[664, 0.45032844, 1.0197933, 5.5880904, 0.64166903] 2.4905336 1.0248154 0.9523865 1.2965112
[665, 0.48218367, 1.0167332, 4.2489195, 0.5779674] 2.6129913 1.1379426 0.954045 1.3152013
[666, 0.5186277, 0.99320424, 3.3333037, 0.67639583] 2.754833 1.1232779 1.0130851 1.1268742
[667, 0.38134694, 1.0620896, 4.9778686, 0.5768149] 2.7105455 1.1400231 0.8517938 1.0699654
[668, 0.43625414, 1.0177025, 5.332442, 0.43389973] 2.3794255 1.0964822 0.93207836 1.3033718
[669, 0.5906072, 0.72378576, 5.7146053, 0.4892876] 2.40103 1.0217599 0.7770437 0.9372255
[670, 0.50029975, 0.9903518, 4.843894, 0.5077421] 2.4797697 1.0439942 1.0454133 1.0654631
[671, 0.33255553, 1.0726057, 5.251776, 0.44254932] 2.5171032 1.0612563 1.0969101 1.1972395
[672, 0.50937307, 1.0207021, 3.421004, 0.8024885] 2.9361818 1.2081898 0.8480148 0.9421931
[673, 0.36700574, 1.068048, 5.2984548, 0.628784] 2.527039 0.98484945 1.0897384 1.0762012
[674, 0.4917577, 1.0320543, 3.5702093, 0.70955205] 2.8587642 1.1239555 0.97753966 1.0988002
[675, 0.37456238, 1.092004, 5.0170703, 0.42256922] 2.5408204 1.2351836 1.024007 1.1270678
[676, 0.4175062, 1.0556988, 5.3171234, 0.41093066] 2.5430968 1.2790728 0.9491203 1.072521
[677, 0.4149428, 1.0569148, 5.4028435, 0.5412158] 2.4970284 0.937041 1.0798553 1.2912602
[678, 0.51163095, 0.9455977, 5.5114336, 0.6354983] 2.506954 0.9391646 0.9910292 1.0596943
[679, 0.38053584, 1.0550299, 5.750869, 0.4399684] 2.545697 1.0897202 0.98285186 1.0771004
[680, 0.43371785, 1.0212337, 4.2463913, 0.50723636] 2.936345 0.97252643 0.8711553 0.9358851
[681, 0.47836554, 1.0159225, 5.6816034, 0.5356949] 2.4105737 1.0032965 1.0108182 1.2803444
[682, 0.56956714, 0.8855472, 5.0278907, 0.44021434] 2.3538375 1.1454719 0.81336534 1.3043677
[683, 0.38993987, 1.0683961, 5.5326195, 0.5699021] 2.507639 1.0868388 1.0138881 1.2297078
[684, 0.48552924, 0.99551934, 4.5495563, 0.5749326] 2.6921628 1.0795565 0.8540593 1.2445323
[685, 0.51905525, 0.9852439, 5.622373, 0.53891957] 2.2923398 1.0813336 0.94976944 1.4435813
[686, 0.4383065, 1.0362245, 4.906068, 0.5556839] 2.690517 1.0232835 0.86059976 1.2405468
[687, 0.44868883, 1.0395391, 3.5831697, 0.6185727] 2.6856174 1.141159 1.0915778 1.1265545
[688, 0.33925897, 1.1002789, 5.3057666, 0.4626659] 2.7454083 1.0144408 0.84489954 1.0171214
[689, 0.4624625, 1.0201191, 3.439364, 0.7813724] 2.709982 1.0802819 1.041805 1.192827
[690, 0.47727686, 1.0413665, 6.0391536, 0.53207463] 2.4142084 1.0995607 1.012903 1.2919092
[691, 0.5060759, 0.9783897, 5.3104057, 0.56616443] 2.5174975 1.0887067 0.9998894 0.99532974
[692, 0.41837946, 1.0625651, 4.5664835, 0.43752566] 2.641481 1.1155404 0.91742563 1.1394656
[693, 0.44519106, 1.0307229, 5.1334925, 0.46100512] 2.4874394 1.1155719 0.98859125 1.2567017
[694, 0.5808548, 1.0116414, 2.7702646, 0.8095231] 3.1524105 1.0714554 0.8448571 0.9697197
[695, 0.36191565, 1.0982933, 5.0507083, 0.5884185] 2.6053264 0.9636188 1.0048635 1.0973859
[696, 0.559697, 0.878225, 5.343424, 0.39323664] 2.4263928 1.1757041 0.9233074 0.9532688
[697, 0.52529645, 0.90324485, 5.9616647, 0.6170502] 2.3800223 0.9572313 0.9480427 1.2270997
[698, 0.41241446, 1.0515422, 6.013348, 0.49012798] 2.6080825 0.9677532 0.97384876 1.0512185
[699, 0.39889905, 1.0765647, 5.833025, 0.7065174] 2.7063506 0.9449683 0.95174843 0.99189776
[700, 0.49871278, 1.0027193, 5.3218155, 0.5557217] 2.326109 1.0863225 1.0340637 1.3221868
[701, 0.5432326, 0.89130205, 5.4713507, 0.38417077] 2.324319 0.8806503 1.0109421 1.3157603
[702, 0.6164063, 1.025916, 2.5312767, 0.611818] 2.8097377 1.3878113 0.9233369 1.3825018
[703, 0.5103316, 0.97571105, 5.300374, 0.5733245] 2.5079262 1.0875605 0.8974429 1.034714
[704, 0.4410458, 1.0320292, 5.394101, 0.5793896] 2.5426764 1.1206609 1.1527998 1.0171825
[705, 0.4676757, 0.994316, 3.7474556, 0.6429331] 2.7678978 1.0944643 1.0268028 1.0394765
[706, 0.3712027, 1.0688387, 5.2320886, 0.4275718] 2.6420133 1.0201725 1.0012816 1.0647148
[707, 0.46684417, 1.0015053, 5.2244334, 0.4911162] 2.452777 1.0076638 0.9973264 1.1808532
[708, 0.4619758, 1.0209585, 5.6095266, 0.5533648] 2.445945 1.0683218 0.9689758 1.3169469
[709, 0.43413633, 1.0399861, 5.531312, 0.58360505] 2.5258207 1.1577133 1.0326012 1.0441471
[710, 0.3284856, 1.0860035, 5.483288, 0.5864663] 2.5096753 1.1705246 0.9360825 1.1040323
[711, 0.46676496, 1.0470127, 3.7048392, 0.67946607] 2.6884274 1.0856676 0.9898298 1.334572
[712, 0.38702884, 1.0551894, 5.9596324, 0.57187617] 2.4843278 1.1666926 1.0826066 1.060962
[713, 0.5280742, 1.0088159, 3.5041785, 0.7050605] 2.8143358 1.1675096 0.8993122 1.2275227
[714, 0.45606807, 1.0271504, 5.4552326, 0.5762577] 2.432226 1.0265561 1.0606942 1.2375573
[715, 0.5234186, 0.9417247, 4.2298903, 0.54473615] 2.7352257 1.101791 0.805572 1.217931
[716, 0.5756031, 0.97283053, 3.3114386, 0.74763227] 2.866539 1.1582016 0.81528395 1.2052393
[717, 0.5358279, 0.92831594, 5.4264297, 0.5481226] 2.252104 1.1361351 1.0641986 1.2196096
[718, 0.48003173, 0.99507886, 5.178932, 0.57029694] 2.4083698 1.2051594 0.9239396 1.0679339
[719, 0.5887494, 0.84702086, 5.6739736, 0.41926545] 2.2715502 1.196779 0.88783306 1.1770521
[720, 0.51447684, 0.92682403, 5.340131, 0.45453167] 2.4328227 1.1964142 0.80408126 1.1434883
[721, 0.4687013, 1.0359763, 3.5252852, 0.40245032] 2.695572 1.1513963 0.88802975 1.3354948
[722, 0.4143134, 1.0427274, 3.8206656, 0.570438] 2.5937486 1.1245334 1.0157795 1.2745262
[723, 0.45518386, 1.0161653, 5.632681, 0.54419214] 2.5833442 0.9577961 0.91091585 1.0752093
[724, 0.4399913, 1.030953, 6.072234, 0.43208787] 2.6103895 0.9879958 0.9085106 1.0358243
[725, 0.4458413, 1.042814, 4.889008, 0.43861288] 2.4887707 1.2364839 0.82705224 1.2657877
[726, 0.51799333, 1.0537401, 3.0478554, 0.650755] 3.0887296 1.0019834 0.89063007 1.0283611
[727, 0.43907484, 0.997626, 4.591826, 0.48486272] 2.6495082 1.0967263 0.88455725 1.2211792
[728, 0.5019051, 1.0236301, 3.3520482, 0.8182925] 2.873257 0.9248345 1.056813 1.1781377
[729, 0.40419918, 1.0490551, 4.6434507, 0.4829689] 2.6289864 1.0728823 0.94022053 1.2212596
[730, 0.528684, 1.0124475, 4.3864026, 0.83712435] 2.4704134 1.1966099 0.9804023 1.3747611
[731, 0.5508871, 0.99170727, 2.8645377, 0.6778005] 3.0681093 1.1001465 0.9128791 0.883075
[732, 0.42738634, 1.0487951, 4.503047, 0.4171007] 2.682713 1.1180844 0.85235834 1.1252329
[733, 0.422108, 1.0382304, 4.5080814, 0.45349026] 2.550166 1.085447 1.0332671 1.2434858
[734, 0.3423626, 1.0955325, 5.4190273, 0.6503493] 2.5169394 1.1308931 1.0497569 1.1546272
[735, 0.45748198, 1.0085106, 5.2157564, 0.5585408] 2.5836349 1.0450728 0.96110284 1.0386195
[736, 0.49732217, 0.9740835, 5.025676, 0.4855638] 2.4057899 1.1043478 0.98378456 1.1226227
[737, 0.41329667, 1.0422343, 4.7974205, 0.47765028] 2.6046114 1.1496235 0.8908274 1.2505388
[738, 0.47559053, 1.0029668, 3.8622499, 0.59242177] 2.8118577 1.0110942 0.91249764 1.1321421
[739, 0.40045616, 1.025104, 4.952554, 0.5111685] 2.5522766 1.0668932 0.93423355 1.2921636
[740, 0.39652154, 1.0533812, 5.813795, 0.48841286] 2.542807 0.94511676 1.0732417 1.2151333
[741, 0.47269884, 0.81143683, 6.01863, 0.4480189] 2.2918034 0.9647898 0.944227 1.1304392
[742, 0.40240893, 1.054287, 4.6252527, 0.45647588] 2.5760915 1.1481162 0.9994135 1.1947862
[743, 0.41291842, 1.0570927, 4.907213, 0.5904747] 2.7274616 1.1040088 0.8845963 1.0562162
[744, 0.46424603, 0.9985581, 5.311401, 0.5958978] 2.3933978 1.0854391 0.99932504 1.2965783
[745, 0.4017349, 1.0593501, 5.891057, 0.72353506] 2.4502382 1.1405668 0.95345294 1.2718494
[746, 0.51803637, 0.9651644, 4.5459676, 0.5479427] 2.3431122 1.0105913 1.0652683 1.2720487
[747, 0.467963, 1.0079397, 3.6239045, 0.6964558] 2.8661618 0.9873748 0.8902882 1.1354897
[748, 0.601603, 0.878677, 4.8490725, 0.4405645] 2.2996075 1.2368553 0.8845036 1.2286267
[749, 0.54718095, 0.90241957, 4.2754617, 0.42348716] 2.393238 1.0382254 0.9801135 1.1520107
[750, 0.42925212, 1.0490962, 5.0930114, 0.53905636] 2.445153 1.2526358 1.0431838 1.2096074
[751, 0.44819802, 1.0211116, 3.920965, 0.4264852] 2.6627917 1.0854609 1.0564312 1.101718
[752, 0.50176877, 1.015, 4.0392714, 0.59704375] 2.8059642 1.1469486 0.8585773 1.0770373
[753, 0.49042627, 1.0269705, 3.897053, 0.65419865] 2.7751126 1.2013645 1.0292455 0.9525008
[754, 0.4989484, 0.9936195, 5.2827196, 0.49216372] 2.403027 1.1157396 0.96477705 1.2432258
[755, 0.42204204, 1.0440948, 4.383596, 0.5706451] 2.7354035 1.173265 0.8585974 1.0779057
[756, 0.51454693, 1.0059327, 3.1839418, 0.8687178] 2.700886 1.2153999 1.074577 1.1534865
[757, 0.4897358, 1.0240021, 3.8169482, 0.7369801] 2.8976388 0.87752295 1.0934023 0.99339026
[758, 0.56614506, 0.903901, 5.397822, 0.52929395] 2.3118386 1.0114655 1.0371759 1.3193846
[759, 0.44305885, 1.0069581, 4.1686554, 0.51691556] 2.732524 1.0387806 0.9267616 1.2284495
[760, 0.48120344, 1.0020171, 4.2288847, 0.5290628] 2.7269557 1.070357 0.9847786 1.1177064
[761, 0.5878078, 0.8544043, 5.470255, 0.51490945] 2.4136298 1.0626943 1.0326091 0.98839
[762, 0.4977269, 1.0108031, 3.8896875, 0.3963497] 2.715324 1.0827495 1.081126 1.1056355
[763, 0.39537358, 1.054033, 4.14425, 0.48220783] 2.85335 1.0599512 0.771251 1.0662671
[764, 0.5478207, 1.0572872, 2.7221808, 0.75915855] 3.1129663 1.1760769 0.8486931 1.0266454
[765, 0.39252397, 1.0578042, 5.3640842, 0.43638715] 2.6845794 1.0300568 0.9005667 1.0587771
[766, 0.53506684, 0.99180657, 3.3052528, 0.6896222] 2.8143413 1.0365497 0.9498365 1.2511533
[767, 0.45166078, 1.0438695, 5.028049, 0.56029266] 2.478257 1.1118432 1.0238845 1.3558455
[768, 0.59087497, 0.84071404, 5.726119, 0.43867093] 2.2279322 1.1618193 0.96208775 1.2472329
[769, 0.5991137, 0.9785485, 3.089868, 0.6517538] 3.027635 1.0492294 0.9110445 1.1444557
[770, 0.42223814, 1.0622312, 5.0553927, 0.45862564] 2.5089972 1.1602271 1.0188315 1.2362907
[771, 0.39508516, 1.064764, 5.0874934, 0.46100175] 2.5265706 1.1432737 0.9226865 1.2761815
[772, 0.41771543, 1.0336151, 3.824988, 0.6122562] 2.717925 1.1063892 0.9849807 1.128676
[773, 0.59191096, 0.9514505, 3.171729, 0.68669426] 2.8477361 1.125751 0.9187213 1.261242
[774, 0.48701176, 0.9977226, 3.8625913, 0.78255635] 2.814218 0.9486173 0.9936371 1.1086631
[775, 0.5378814, 0.9963581, 3.28217, 0.6647749] 2.8189492 1.0068125 1.0657865 1.179266
[776, 0.5313841, 1.0007263, 3.4305897, 0.7328227] 2.8831909 1.0834502 0.9735337 1.0228252
[777, 0.524196, 1.0135449, 3.4651852, 0.85728675] 2.8671699 0.96981555 0.9495266 1.2199957
[778, 0.4219217, 1.0428381, 4.2800217, 0.6979835] 2.6312184 1.1041392 0.8919878 1.3039709
[779, 0.5006647, 0.9453841, 4.961455, 0.43184242] 2.4207256 1.0703542 0.9470618 1.1275772
[780, 0.607741, 0.74899924, 5.132164, 0.3684603] 2.2587056 1.0109972 0.9662876 1.1508162
[781, 0.4661897, 1.0063062, 3.8025339, 0.61897045] 2.8338242 0.858144 0.9137374 1.2492448
[782, 0.47002584, 0.9953704, 5.681299, 0.512483] 2.3995118 1.360159 0.9134676 1.0975279
[783, 0.5538135, 1.0033083, 2.8635628, 0.53611046] 3.0165877 1.2267916 0.913752 0.96055573
[784, 0.54534936, 1.0452629, 2.7478347, 0.7190817] 2.9663544 1.0633208 1.0133424 1.1806132
[785, 0.42425147, 1.0310804, 4.163792, 0.44319037] 2.7309732 1.1699731 0.8508226 1.1040422
[786, 0.6173853, 0.96412253, 2.821886, 0.6893269] 3.0074742 1.0300646 0.9551229 1.2705526
[787, 0.41352308, 1.0640869, 4.841702, 0.5166587] 2.4888756 1.1752881 1.021721 1.2182294
[788, 0.49789527, 0.9875799, 4.9951277, 0.3782766] 2.7666743 1.0252645 1.067196 0.84944856
[789, 0.520995, 0.80889374, 5.63924, 0.37212628] 2.3234653 0.8757039 0.9284435 1.2319899
[790, 0.43610072, 1.0143279, 5.4643035, 0.45521846] 2.5281193 1.1195765 1.017488 0.98616606
[791, 0.46084794, 1.0379676, 3.5459929, 0.69961846] 2.723765 1.118067 0.97577065 1.2346739
[792, 0.49138713, 0.98117, 5.810845, 0.4679854] 2.605007 0.90752745 0.8653069 1.1890035
[793, 0.39666426, 1.0670096, 3.5214403, 0.613853] 2.9811826 0.80159754 0.9743409 1.0351878
[794, 0.36224294, 1.0665361, 4.4686036, 0.4774488] 2.7985675 1.1269298 0.846799 1.0449575
[795, 0.4973946, 1.0491682, 2.9490764, 0.7536485] 3.0414288 1.0072386 0.86719847 1.127201
[796, 0.4318687, 1.0520694, 5.6916203, 0.520632] 2.6232643 0.8840274 1.1369362 1.0576639
[797, 0.51697165, 1.0300211, 3.3244765, 0.8113007] 2.9040937 1.0250009 0.87227356 1.2028804
[798, 0.68700844, 0.6922079, 6.103642, 0.38166955] 2.1730945 1.0736926 1.0393409 1.2755667
[799, 0.39415243, 1.0544851, 5.4110136, 0.52656955] 2.5355873 1.0575397 1.0015138 1.266559
[800, 0.4617136, 1.0065931, 5.1334047, 0.39600372] 2.6824818 0.9183989 0.9315198 1.144151
[801, 0.55216277, 0.92381436, 4.892509, 0.47247127] 2.385265 1.1633312 0.7769598 1.3241655
[802, 0.48769325, 1.033018, 3.492065, 0.72007227] 2.830152 1.115955 0.9067753 1.1631583
[803, 0.49914405, 0.984178, 4.0470047, 0.5372643] 2.8303466 0.95842606 0.9863306 1.056602
[804, 0.33290833, 1.0930332, 5.437742, 0.6567142] 2.6622443 1.0288503 1.0122852 1.0259429
[805, 0.48755124, 1.0012937, 5.4450793, 0.59679985] 2.4509256 1.114589 1.0154576 1.1970127
[806, 0.42661667, 1.0324728, 5.1426096, 0.5936892] 2.5203543 1.0205644 0.9215729 1.2659494
[807, 0.48223737, 0.9321341, 5.57644, 0.46985877] 2.3413818 1.0586685 0.91973895 1.2012563
[808, 0.48609948, 0.9975135, 5.033274, 0.5244158] 2.688029 1.1163566 0.9798408 1.0614985
[809, 0.42508924, 1.052527, 4.6273384, 0.53328973] 2.6240573 1.2584641 0.86494493 1.1352806
[810, 0.42137012, 1.0089672, 4.15009, 0.43964612] 2.693379 1.0288396 0.8109232 1.2801186
[811, 0.5164496, 1.0280137, 3.283971, 0.8410867] 2.6796458 1.186184 0.9099109 1.3899142
[812, 0.49464998, 0.971988, 4.8810353, 0.6190502] 2.2095754 1.2076806 1.0500687 1.2789316
[813, 0.45528433, 1.0260922, 5.669269, 0.5598692] 2.546072 0.9946294 0.9763842 1.170251
[814, 0.48049417, 1.0023836, 4.7507925, 0.60669625] 2.6713257 1.1481072 0.95755 1.1118565
[815, 0.5297629, 1.0416028, 3.134363, 0.901374] 2.8797226 1.0242788 0.9641148 1.27169
[816, 0.38142794, 1.0591342, 5.3806725, 0.5302044] 2.694274 1.0308747 0.84874284 1.1158586
[817, 0.43483937, 1.0132456, 5.321415, 0.5595483] 2.5390546 0.96666557 0.94920206 1.110597
[818, 0.45849237, 1.0018836, 5.6586003, 0.584463] 2.4486368 1.0293984 1.0864114 1.1375959
[819, 0.5146026, 0.9802523, 5.5637155, 0.44629002] 2.5891144 1.0352877 0.7840669 1.1616647
[820, 0.574718, 1.0036287, 2.835325, 0.6526964] 3.0715864 1.0947802 0.9291334 0.9654022
[821, 0.31752452, 1.0948426, 4.730655, 0.5254354] 2.6391704 1.0485268 0.8968507 1.2086377
[822, 0.46659657, 1.0195069, 5.3311877, 0.40065974] 2.5673938 1.1066151 0.80915606 1.2608404
[823, 0.45002657, 1.0368139, 3.5932472, 0.8403703] 2.7966197 0.9196278 1.0912051 1.1453218
[824, 0.40799642, 1.0573388, 4.5163956, 0.505258] 2.6700563 1.1897359 0.90529597 1.1036587
[825, 0.3886094, 1.063517, 5.2779436, 0.48989505] 2.4913533 1.1622602 0.9083615 1.0921972
[826, 0.44422927, 1.0300888, 3.911498, 0.72476363] 2.6708543 0.9915751 1.0811347 1.2336564
[827, 0.39644396, 1.0750346, 4.9653373, 0.4759219] 2.636198 1.1082096 0.92894644 1.0211012
[828, 0.54745847, 0.82296836, 5.8026357, 0.41059718] 2.2315197 1.0847496 0.9314492 1.2286594
[829, 0.55939394, 1.0087779, 2.9685225, 0.72572184] 2.9506693 1.2073758 0.9968164 1.0350773
[830, 0.3735916, 1.0537926, 5.319937, 0.6021833] 2.5505135 1.0061791 0.9513395 1.2333062
[831, 0.49612525, 0.971836, 3.716415, 0.60208917] 2.8239214 0.9923143 0.9424194 1.0981675
[832, 0.50235075, 0.9907242, 4.931605, 0.5138068] 2.5057306 1.2078791 1.0470715 1.1476822
[833, 0.3484956, 1.0698472, 4.560691, 0.6775828] 2.6784685 0.90725803 1.0597072 1.2179046
[834, 0.40677822, 1.0637035, 4.2812524, 0.5895513] 2.778903 1.0751303 0.8745953 1.0331279
[835, 0.40455177, 1.0535032, 4.04691, 0.5690946] 2.8665826 0.9899064 0.9074474 1.0139376
[836, 0.57089293, 0.99255735, 3.0550954, 0.69449246] 3.046156 1.1585011 0.85872275 0.91757685
[837, 0.4879855, 1.0094771, 3.5791998, 0.8837689] 2.7126284 0.9892249 0.9573045 1.3755463
[838, 0.3978158, 1.0622509, 4.89622, 0.4297276] 2.7361023 1.001652 0.8689128 1.0739263
[839, 0.4677715, 1.0097804, 4.2013946, 0.70225847] 2.7886543 1.0476671 1.0926514 0.98558164
[840, 0.53900146, 0.9942804, 3.2569182, 0.8522966] 2.9642262 1.1070157 0.92882764 0.9542071
[841, 0.32557184, 1.1039599, 4.813068, 0.48713934] 2.8855479 0.93806154 0.8831163 0.9431262
[842, 0.52939254, 1.0284142, 3.3440464, 0.64492744] 2.9191005 1.1807532 0.888078 1.0846723
[843, 0.47857797, 0.9705108, 5.4470706, 0.5950468] 2.3944275 1.0684992 1.0546484 1.0609335
[844, 0.37717378, 1.0513303, 5.9067464, 0.4909317] 2.5852542 0.9902564 0.9089089 1.0887415
[845, 0.33578485, 1.0950744, 4.274798, 0.57303387] 2.7723475 1.0331163 0.953809 1.0347795
[846, 0.48979574, 0.9809783, 5.4580913, 0.4974002] 2.435107 1.0577691 0.9569584 1.2371075
[847, 0.51647866, 0.90092266, 5.5062566, 0.38644847] 2.3473032 1.0843695 0.97670627 1.1215453
[848, 0.5697637, 0.9702474, 2.652498, 0.8599645] 2.8510962 1.0373694 1.0263214 1.214154
[849, 0.40016842, 1.0264837, 5.6473365, 0.59821653] 2.4464157 1.063638 0.9794521 1.140584
[850, 0.43472597, 1.0682229, 4.0301595, 0.5554185] 2.6392217 1.0992877 1.0926465 1.2707027
[851, 0.39476758, 1.0683719, 5.137163, 0.5569996] 2.5412807 1.081579 0.97370017 1.1890731
[852, 0.66295296, 0.93549776, 2.4266624, 0.80244887] 3.091878 1.0096246 0.92949814 1.1619732
[853, 0.4932706, 1.0100735, 3.4740312, 0.86741644] 2.9095147 0.9986304 0.9398697 1.0730915
[854, 0.58274895, 1.0010422, 2.8880384, 0.64765483] 2.8904078 1.2154504 0.98561484 1.1048515
[855, 0.39424708, 1.0651602, 5.1913567, 0.5187731] 2.4849916 1.1739113 1.0386347 1.1602035
[856, 0.52618307, 0.7667912, 5.673742, 0.53502053] 2.0790536 1.1196946 0.9356692 1.236922
[857, 0.37566695, 1.0668074, 4.614205, 0.46221927] 2.8729637 0.9806996 0.8268828 0.97651494
[858, 0.35058108, 1.0826412, 4.8267465, 0.695667] 2.6174138 1.1696265 0.9530612 1.1272829
[859, 0.65473366, 0.7683076, 5.7154713, 0.47405088] 2.2530081 1.3460909 0.8232693 1.1017243
[860, 0.392116, 1.0617672, 5.5214057, 0.6169197] 2.544016 1.1659958 0.9847625 1.0075972
[861, 0.6073439, 0.898092, 5.098373, 0.47898787] 2.234384 1.2299358 0.9978559 1.4196271
[862, 0.48969895, 0.9932122, 4.035824, 0.49531835] 2.8399746 1.1547393 0.8178401 0.97035223
[863, 0.37850127, 1.0657728, 4.971705, 0.6422466] 2.5785306 1.0727923 1.0370092 1.2260052
[864, 0.45329794, 1.0140573, 5.420813, 0.62081176] 2.657418 0.9385608 0.91764927 1.0807664
[865, 0.519365, 1.0571615, 2.5354567, 0.80382955] 3.144677 0.9828404 0.9785107 1.0661408
[866, 0.4555111, 1.0215563, 4.226398, 0.56140375] 2.64344 1.060028 1.0862373 1.1742809
[867, 0.43295392, 1.0205454, 4.980548, 0.5044537] 2.6780396 1.0484457 0.88416094 1.191726
[868, 0.42069227, 1.0573311, 5.492106, 0.59023654] 2.4789639 1.2228734 1.044108 1.07861
[869, 0.5746023, 0.8209989, 5.855369, 0.40728253] 2.1207762 1.2409625 1.1403434 1.2186776
[870, 0.58499426, 0.9468976, 3.0833342, 0.63175964] 2.8523014 1.0104355 1.0822358 1.1188431
[871, 0.48744345, 0.98787814, 4.4805984, 0.53435993] 2.5691113 1.1400828 0.9261275 1.3318157
[872, 0.5095232, 0.94284135, 4.5730495, 0.68690383] 2.473168 1.0575339 0.96755475 1.0487512
[873, 0.44077125, 1.029471, 5.5725694, 0.74553466] 2.3801699 1.1907415 0.9752096 1.1966149
[874, 0.47995853, 1.0379735, 5.0925336, 0.4002678] 2.5006142 1.1512077 1.0059891 1.2292995
[875, 0.47214964, 1.0051248, 5.043423, 0.53822935] 2.5642457 1.0832316 1.0060686 1.2614322
[876, 0.38147557, 1.0542328, 4.9615054, 0.51836336] 2.7387295 0.974644 0.96415925 1.0695237
[877, 0.6806024, 0.9374691, 2.2321646, 0.73665607] 3.3839817 1.0563848 0.85266054 0.9183087
[878, 0.44741562, 1.0456681, 3.2202985, 0.7275963] 2.8246727 1.1046191 0.8329922 1.2757769
[879, 0.4084804, 1.0503478, 4.3151217, 0.56953186] 2.8120105 1.0477363 0.94167507 0.9992712
[880, 0.58620286, 0.8504282, 5.067451, 0.39512974] 2.3784935 1.0675036 0.89113945 1.1529801
[881, 0.45062593, 1.0245337, 4.1428785, 0.6180657] 2.7905653 1.0003335 1.0388916 1.0486314
[882, 0.41736442, 1.0385336, 5.213134, 0.65856194] 2.5930288 1.0585253 0.9896358 1.1753782
[883, 0.58246243, 1.0103352, 2.9722438, 0.7855656] 2.803533 1.1363221 1.0743729 1.3539096
[884, 0.3859381, 1.0707675, 5.372752, 0.578477] 2.4644861 1.1566349 0.9982681 1.1646658
[885, 0.50281, 0.7382074, 5.7749147, 0.56162596] 2.0485005 0.885488 1.1512438 1.2977166
[886, 0.56071323, 0.9913915, 2.8975205, 0.77581227] 2.8956475 1.2025983 0.9034375 1.0492373
[887, 0.48100346, 1.0086849, 5.2219625, 0.41377622] 2.2695487 1.1701392 1.142714 1.3891149
[888, 0.50900286, 0.98160547, 4.1452203, 0.65682906] 2.894448 1.0247195 0.7961117 1.0198789
[889, 0.47738436, 1.0183862, 3.6497457, 0.58920693] 2.7819543 1.010971 1.0211657 1.196921
[890, 0.49580044, 0.9350412, 5.5365515, 0.49655506] 2.3984673 1.1027814 0.9197969 1.0945771
[891, 0.61666137, 0.94684166, 2.7407768, 0.8294067] 3.098651 1.0858183 0.8062389 1.0104531
[892, 0.40106902, 1.0627148, 5.673623, 0.624598] 2.3909998 1.1087463 1.0322604 1.3169836
[893, 0.33117592, 1.0929145, 5.292013, 0.5167543] 2.5772378 1.0909884 0.9119017 1.1057699
[894, 0.43228593, 1.0567197, 5.1723323, 0.48846367] 2.493383 1.0591623 0.98450303 1.4110957
[895, 0.4497379, 0.98260766, 5.4115405, 0.5998658] 2.5248206 0.95930266 0.96418947 1.0669814
[896, 0.61992234, 0.9029318, 3.3274293, 0.66466695] 2.8138115 1.1193796 0.88500154 1.2655634
[897, 0.51044714, 0.9891516, 5.9260406, 0.61551815] 2.43034 1.0752 0.9177494 1.3470953
[898, 0.4100353, 1.0511954, 3.8170338, 0.6418528] 2.7472422 1.0746795 0.99852276 1.1571817
[899, 0.45237732, 1.0271219, 5.100982, 0.63845426] 2.629774 1.1124984 0.88759965 1.2224382
[900, 0.39478916, 1.0573267, 5.1326723, 0.47323048] 2.6603324 1.0464746 0.9323478 1.1033878
[901, 0.38333663, 1.0567553, 6.181553, 0.5886946] 2.4966505 1.0146184 1.048971 1.0902042
[902, 0.4713746, 1.0592532, 3.7483, 0.5198089] 2.7678168 1.3242496 1.0109167 1.0242026
[903, 0.4478921, 1.0553807, 3.5494401, 0.85071766] 2.822384 0.9246722 0.993839 1.2814208
[904, 0.45104015, 1.0102004, 5.162387, 0.5962678] 2.416215 1.0866634 1.0420609 1.2161558
[905, 0.35373265, 1.0907238, 5.3574915, 0.50146115] 2.5473878 1.1119182 1.0491596 1.0311292
[906, 0.45151687, 1.0101964, 3.574676, 0.6984707] 2.898658 1.0038313 0.83556455 1.0721968
[907, 0.39630544, 1.06214, 4.380316, 0.6665676] 2.7232308 1.0871682 0.9794348 1.1391479
[908, 0.387314, 1.0869869, 4.788099, 0.60383177] 2.630612 1.1137762 1.0816827 1.0401242
[909, 0.37927485, 1.0742044, 4.9303994, 0.47108498] 2.5521033 1.1693995 0.82460076 1.1227839
[910, 0.3566863, 1.0934728, 4.930972, 0.64913946] 2.6014588 1.0813551 0.94872737 1.2273635
[911, 0.55487835, 0.9174029, 4.951487, 0.53716075] 2.249741 1.2946689 0.9985229 1.2249492
[912, 0.32957125, 1.0991905, 5.16271, 0.490206] 2.4567754 1.2259265 0.96528727 1.0484496
[913, 0.4685624, 1.0034461, 5.446968, 0.5474514] 2.4249947 1.1855575 0.95240223 1.1972982
[914, 0.5121146, 0.9965655, 3.7024813, 0.54800034] 2.5313423 1.1122018 1.0801378 1.4375927
[915, 0.41351038, 1.0437526, 4.9568186, 0.47828826] 2.443713 1.0214691 1.0264169 1.2062616
[916, 0.5341667, 0.9550649, 5.8988857, 0.56996477] 2.3994083 0.9637306 1.079259 1.3431163
[917, 0.45410192, 0.9798483, 4.6032577, 0.41541538] 2.4457717 1.1048234 0.8530077 1.1737868
[918, 0.5018318, 0.9839748, 5.0382247, 0.44640422] 2.541086 1.0993036 1.0487314 1.2324338
[919, 0.57282346, 0.80562824, 5.4650545, 0.42669737] 2.179385 1.0614476 1.0234765 1.2247132
[920, 0.4934568, 0.9989306, 5.73118, 0.6568871] 2.3947687 1.1562408 0.8845137 1.258409
[921, 0.4097908, 1.0644503, 3.7330217, 0.61458516] 2.747451 1.0602908 1.0245141 1.1941438
[922, 0.40128347, 1.0499746, 4.524224, 0.95924] 2.674063 1.1290506 1.0377387 1.1071384
[923, 0.35642508, 1.0833081, 5.684083, 0.5855677] 2.472207 1.1469959 1.0275217 1.1148864
[924, 0.43726307, 1.0521127, 3.5352712, 0.61567205] 2.8594177 1.0742297 0.9756181 1.0746465
[925, 0.48971474, 0.88520503, 6.738184, 0.5164513] 2.132914 1.2147548 1.0205768 1.220579
[926, 0.36576104, 1.066869, 4.9313293, 0.4925453] 2.6635673 1.0144876 1.0654545 1.1188377
[927, 0.4035645, 1.0599962, 4.9125066, 0.45404604] 2.4579382 1.2009848 0.8966946 1.2826946
[928, 0.5075512, 0.9970436, 3.359843, 0.51231986] 2.668 1.2934047 0.95524925 1.136032
[929, 0.513404, 0.9831505, 4.275281, 0.4685138] 2.6663556 1.2114737 0.97903395 1.1151254
[930, 0.38745254, 1.0589266, 5.9304466, 0.58495885] 2.5261338 1.0045146 1.0382336 1.1603037
[931, 0.37265524, 1.0686629, 5.0405416, 0.41625333] 2.6362274 1.1360279 0.94922894 1.0349914
[932, 0.34552625, 1.080533, 4.278898, 0.5084504] 2.8451998 1.020891 0.98157465 0.9925139
[933, 0.62298745, 0.84264535, 4.885155, 0.36894086] 2.323004 0.94351304 0.91980314 1.4813461
[934, 0.63083464, 0.91423017, 3.21227, 0.5830713] 2.9834845 0.93746823 0.98918694 1.1952327
[935, 0.53198075, 1.0692947, 2.8007224, 0.74832386] 3.1514084 1.1725289 0.9503175 0.8484945
[936, 0.44434342, 0.98773104, 5.514928, 0.75749594] 2.4507537 0.96057796 1.033075 1.1832899
[937, 0.60610133, 0.84206724, 4.8416214, 0.45814118] 2.4207225 1.0473691 0.94398946 1.069354
[938, 0.40681642, 1.0474916, 4.7085147, 0.6646123] 2.6664572 1.1055827 1.0607417 1.0958427
[939, 0.582326, 0.75930065, 5.6286225, 0.46834818] 2.1724725 1.0658927 1.0891787 1.0899667
[940, 0.35888165, 1.0914091, 4.4747, 0.45771185] 2.7947757 1.1848756 0.855851 0.98673606
[941, 0.47100767, 0.98679525, 5.4503055, 0.46833444] 2.5054939 1.035605 0.9202209 1.0770285
[942, 0.57502043, 0.8685748, 5.385692, 0.49400908] 2.3462818 1.0840424 0.87542623 1.2056323
[943, 0.4564598, 0.96730685, 5.1522784, 0.47886944] 2.3914793 1.158306 0.87431556 1.2261888
[944, 0.39084083, 1.0319637, 4.9664316, 0.49344128] 2.7305846 1.0157652 0.9448915 1.0116687
[945, 0.40260333, 1.0632225, 4.4977264, 0.53324926] 2.8381886 1.0747517 0.87875104 0.9598581
[946, 0.37851122, 1.046066, 4.032283, 0.54557383] 2.6145701 1.1712887 0.9545612 1.2993481
[947, 0.52271754, 0.9649032, 4.627087, 0.5624] 2.673505 0.8401426 1.0222515 1.3081836
[948, 0.37445402, 1.0470997, 4.930039, 0.60625046] 2.6032777 1.0933479 0.8898419 1.225861
[949, 0.4160699, 1.0326629, 4.410063, 0.46548954] 2.680584 1.0824246 1.0245148 1.023773
[950, 0.41355354, 1.0507979, 4.898831, 0.55981886] 2.6170063 1.0811908 0.84060407 1.1791289
[951, 0.43971458, 1.0358816, 4.288234, 0.5675995] 2.6415715 1.231503 0.9686499 1.1520821
[952, 0.5553037, 0.8726623, 5.5572314, 0.42804232] 2.230133 1.1140659 0.9507187 1.3123859
[953, 0.39478356, 1.0800042, 4.874759, 0.51641506] 2.6439424 1.0462544 1.019147 1.1626024
[954, 0.37158236, 1.0789617, 5.361107, 0.47282788] 2.6980011 1.0842158 0.83614355 0.98310655
[955, 0.37465852, 1.0518444, 4.780324, 0.5003505] 2.798721 0.93699944 0.8662336 1.0429225
[956, 0.5042797, 0.9900543, 3.8651946, 0.6346777] 2.8918593 1.0318742 0.85758376 1.0990294
[957, 0.46714446, 1.0054667, 4.0459366, 0.49908608] 2.7786305 1.0196689 0.8142055 1.2487773
[958, 0.4476728, 1.0275643, 5.4818244, 0.5554387] 2.5033128 1.1249481 0.9113757 1.1077906
[959, 0.51650524, 0.98309785, 4.9904575, 0.4635137] 2.5522738 1.1815354 0.829309 1.2938235
[960, 0.48811674, 1.0161307, 3.8159554, 0.85444856] 2.8396893 1.2132123 0.93482506 0.93964326
[961, 0.50773144, 0.9952563, 4.375884, 0.44892472] 2.720441 0.99917895 0.9243345 1.2029961
[962, 0.33149618, 1.0898256, 5.1848273, 0.5030361] 2.6525104 1.1098341 0.92073077 1.0740352
[963, 0.570145, 0.79221225, 5.29951, 0.37555462] 2.204014 0.99202424 0.8953122 1.3852929
[964, 0.36266005, 1.070618, 4.8350353, 0.53964597] 2.6338627 0.9706984 0.9545089 1.1598586
[965, 0.4709103, 1.0304686, 6.1311893, 0.7240798] 2.472712 1.109884 0.94689566 1.1557745
[966, 0.49840227, 1.0177618, 3.5272145, 0.88634616] 2.7262123 1.1031398 0.9724116 1.2753402
[967, 0.44512948, 1.0129913, 5.471764, 0.52734876] 2.6494966 0.97241735 0.8688387 1.2826698
[968, 0.4360296, 1.0377529, 5.197299, 0.49667227] 2.4556134 1.0098796 1.0079148 1.3217844
[969, 0.3872057, 1.0375315, 5.2900887, 0.50486845] 2.6008558 0.9775846 1.0244062 1.098199
[970, 0.44767457, 0.97832704, 4.7640834, 0.5410416] 2.4274528 1.0673422 1.0707417 1.0271083
[971, 0.49805334, 0.99617803, 5.613003, 0.542319] 2.5650756 1.0842155 1.0001597 0.8634849
[972, 0.47752845, 1.0279944, 3.5025325, 0.52009004] 2.5557156 1.2224872 1.093559 1.3641757
[973, 0.57043844, 0.9979461, 3.064057, 0.80494285] 2.8661437 1.1211643 1.1021888 1.2083027
[974, 0.4751928, 1.0409738, 3.6139631, 0.7008221] 2.7820902 1.1235386 1.0305182 1.1364864
[975, 0.54750776, 0.9237676, 4.882095, 0.47112885] 2.3962605 1.0427817 0.9670025 1.1665491
[976, 0.43004405, 1.0129097, 5.126214, 0.6416031] 2.5041282 1.0478917 1.0270336 1.0092573
[977, 0.46600968, 0.9315186, 5.7108994, 0.42163047] 2.491324 0.9454422 0.8839645 1.1033112
[978, 0.4638995, 1.0395273, 3.4965012, 0.7133932] 2.918631 1.0272372 0.86266917 1.0544357
[979, 0.31822562, 1.0889838, 4.265236, 0.5660509] 2.7299914 1.1762413 0.9920334 1.0000992
[980, 0.5921752, 0.8067267, 6.4709673, 0.37971383] 2.143512 1.0805104 1.0399392 1.3168018
[981, 0.37023857, 1.054912, 4.9859614, 0.38360506] 2.7193346 1.1721257 0.8685521 0.97298336
[982, 0.39787337, 1.0658213, 4.3256435, 0.56197095] 2.9172378 0.9481786 0.8889654 0.9910252
[983, 0.4081451, 1.0836576, 3.4782667, 0.69716525] 2.8505418 1.1609538 0.87669176 1.1009289
[984, 0.6040733, 1.0504068, 2.3416824, 0.70811224] 3.1429482 1.1257805 0.9571346 1.1479434
[985, 0.4429718, 1.0431869, 5.1652884, 0.4957684] 2.574757 1.0823399 0.89003956 1.3203142
[986, 0.3931516, 1.0625287, 5.131288, 0.4896916] 2.6150897 1.2013522 0.87647545 1.1078635
[987, 0.4553933, 1.0042628, 4.62578, 0.51063377] 2.654013 1.1212986 0.921272 1.1647382
[988, 0.28057095, 1.1206374, 5.511753, 0.5062283] 2.5646749 1.0606477 0.98656803 1.1095691
[989, 0.4624028, 1.0095687, 4.321417, 0.39544588] 2.5195906 1.2696588 0.8961433 1.2444109
[990, 0.44691375, 1.0256004, 4.7006955, 0.44099286] 2.7443175 1.1612738 0.93652034 0.9814856
[991, 0.3612336, 1.0575718, 4.823637, 0.5556367] 2.6101348 1.1384765 0.9690332 1.1475291
[992, 0.54453826, 0.9230666, 5.2208214, 0.65134764] 2.3708704 1.0120603 0.93440616 1.3238722
[993, 0.4755775, 1.0102949, 5.3740087, 0.5446858] 2.3317301 1.0422152 1.0883421 1.351525
[994, 0.39662558, 1.0540907, 5.4443703, 0.5185623] 2.5829718 1.0890331 0.9118722 1.141877
[995, 0.47179773, 0.98248684, 4.963456, 0.47917953] 2.5309796 1.0420877 0.8788075 1.0665185
[996, 0.40325022, 1.0458552, 4.2607775, 0.47133383] 2.6177964 1.0309594 1.0503575 1.1922737
[997, 0.42378846, 1.0204166, 5.391473, 0.52555597] 2.4052095 1.0422574 1.0611099 1.1802969
[998, 0.4633302, 1.0385346, 3.590892, 0.616019] 2.8744345 1.1244593 0.87987876 1.0182428
[999, 0.55085826, 0.9811391, 3.8140755, 0.5818796] 2.7653224 0.98540646 0.98534226 1.2213683
[1000, 0.3726107, 1.0700772, 5.592726, 0.68203187] 2.5258076 1.0076421 1.0130038 1.1817526
[1001, 0.5004471, 0.9805498, 3.9986622, 0.50338954] 2.7919145 1.1383811 0.79451233 1.0717734
[1002, 0.44570345, 1.0487319, 4.633613, 0.5030505] 2.588181 1.1832842 0.9868555 1.1307045
[1003, 0.5198785, 0.97611195, 4.650677, 0.43378103] 2.5339322 1.1372322 0.97122633 1.3165733
[1004, 0.38532597, 1.0813062, 5.543744, 0.4756275] 2.4762561 1.2051114 0.94598234 1.1126302
[1005, 0.51945066, 0.9892838, 3.2906308, 0.63527864] 2.85466 1.140801 0.9327412 1.1227757
[1006, 0.5719371, 0.8436426, 5.528433, 0.44920322] 2.2338088 1.0721813 0.9689023 1.2988684
[1007, 0.3789837, 1.0636114, 5.2726526, 0.52144957] 2.506092 1.1854544 0.96344024 1.1105397
[1008, 0.58374274, 0.9955681, 2.9990594, 0.67219514] 2.9750485 1.0474269 0.95295084 1.0549545
[1009, 0.32828346, 1.1068388, 5.4240427, 0.4576823] 2.5815973 1.1848454 0.8992508 1.1194319
[1010, 0.65754133, 0.7462823, 6.482739, 0.43898353] 2.1213226 1.0667945 1.0469126 1.3524041
[1011, 0.4184083, 1.0291646, 3.9562242, 0.72505146] 2.8015277 1.124391 0.8761871 1.06057
[1012, 0.42453536, 1.0103937, 5.096832, 0.3980784] 2.7555604 0.9952208 0.857102 1.111891
[1013, 0.37132508, 1.0887253, 6.2755356, 0.6412588] 2.5154316 1.1977456 0.96814495 1.0265832
[1014, 0.38130364, 1.0587885, 5.1498365, 0.37382528] 2.479255 1.2311708 0.9059466 1.2538896
[1015, 0.5156001, 1.0216779, 3.1652915, 0.74390477] 2.902608 1.0280668 0.9377316 1.2109859
[1016, 0.5771494, 0.6697395, 5.1792254, 0.7285679] 1.8547463 1.0918635 1.0080369 1.4513779
[1017, 0.5652591, 0.9790581, 2.958453, 0.5183892] 2.9157538 1.0359966 1.0393084 1.1509923
[1018, 0.4697603, 1.015683, 4.568618, 0.5213352] 2.765003 1.2019442 0.8919319 0.9292932
[1019, 0.48773178, 1.025051, 3.455303, 0.6116651] 2.9671578 1.0956787 0.8482819 1.0121582
[1020, 0.45365095, 1.0182455, 4.7864795, 0.4701878] 2.5732856 1.2210914 0.94010615 1.1601803
[1021, 0.39155477, 1.0547801, 5.5452414, 0.48684615] 2.6877894 0.96305126 0.9163233 1.0683271
[1022, 0.43633193, 1.0281351, 4.9767156, 0.4236438] 2.3860466 1.2292011 0.86259615 1.2225748
[1023, 0.53321624, 1.0043634, 3.1743271, 0.59959084] 2.775444 1.1689135 1.0394044 1.1398902
[1024, 0.4084569, 1.0606523, 5.1315484, 0.6117709] 2.6228237 1.1434189 1.0396726 1.0655285
[1025, 0.4429756, 1.0389216, 5.1181006, 0.4457808] 2.4180925 1.2367297 1.0705854 1.1656094
[1026, 0.39969143, 1.0462627, 5.0026765, 0.46750215] 2.6244159 1.1562265 0.94734424 1.0489932
[1027, 0.5557772, 0.95367587, 3.249258, 0.731431] 2.8790863 0.9829088 0.9472925 1.186915
[1028, 0.51344955, 0.9911683, 4.3890824, 0.41155192] 2.421034 1.3131301 1.0817236 1.3263468
[1029, 0.54245895, 0.9952527, 3.0559762, 0.8722525] 2.925269 1.1213974 1.0350606 0.96545655
[1030, 0.50967467, 0.9542875, 5.173934, 0.5369056] 2.4604456 1.0481182 1.0488614 1.0614736
[1031, 0.52072513, 0.96708816, 5.1506104, 0.5311179] 2.3974016 1.1448946 0.96254677 1.1916656
[1032, 0.48894185, 0.97196245, 4.2008853, 0.4325368] 2.6759834 1.108019 0.9490573 1.1778089
[1033, 0.3720994, 1.0717378, 4.9004254, 0.46379638] 2.6480005 1.009815 0.9153062 1.2320801
[1034, 0.5608388, 0.8483476, 5.8935213, 0.47528785] 2.3265405 1.1410893 0.9889598 1.0328902
[1035, 0.66473174, 0.9577699, 2.659834, 0.6820417] 3.1888475 0.9898039 1.0297612 0.9338972
[1036, 0.43490186, 1.0681651, 3.4196258, 0.80155236] 2.8420916 1.0830655 1.0050496 0.9987465
[1037, 0.4716485, 0.9261335, 4.9701777, 0.47830245] 2.3607535 1.0245954 0.9137394 1.2469391
[1038, 0.50697434, 0.99988925, 3.8958516, 0.4539455] 3.0896149 1.0147884 0.80326974 0.77228826
[1039, 0.48367813, 1.0242453, 4.1166277, 0.761539] 2.8803155 1.1140924 0.92364734 0.97725016
[1040, 0.46387067, 1.0203991, 4.46778, 0.814157] 2.7684517 1.038094 0.9459344 1.1969697
[1041, 0.42084566, 1.0345938, 4.4245634, 0.5062678] 2.7298207 1.0182948 0.8577041 1.1742376
[1042, 0.42422757, 1.0466838, 5.0228167, 0.48617777] 2.415819 1.22349 0.91542083 1.1607677
[1043, 0.603712, 0.81907606, 5.9022694, 0.40674636] 2.2136445 1.3037184 1.088262 0.9790213
[1044, 0.37924385, 1.0642885, 4.7001686, 0.60614556] 2.7831078 0.9914983 0.8325855 1.1306816
[1045, 0.39989468, 1.0713212, 5.785921, 0.49483895] 2.579667 1.0293356 0.9058376 1.2107964
[1046, 0.3527398, 1.0933628, 5.405576, 0.47173533] 2.5910685 1.0674049 0.94912374 1.0815982
[1047, 0.40019786, 1.0720615, 5.611781, 0.6593748] 2.4995065 1.1248078 1.0855811 1.0603255
[1048, 0.5205751, 0.9872364, 4.256959, 0.4909585] 2.7036734 0.9548 0.9660624 1.2167596
[1049, 0.51936924, 1.0248576, 3.0542903, 0.70876056] 2.941721 1.0914515 1.0227472 0.9705481
[1050, 0.5869195, 0.95623505, 2.8069544, 0.6843958] 2.9815469 1.0326374 0.9767195 1.0569029
[1051, 0.37434357, 1.0784118, 5.4496326, 0.51219654] 2.645949 1.0321274 0.85154307 1.1342387
[1052, 0.42578158, 1.0329877, 5.023156, 0.45724577] 2.577982 1.0641638 0.96845967 1.1901741
[1053, 0.4592747, 1.037064, 6.288256, 0.55733293] 2.552222 0.96783036 0.9900079 1.1619632
[1054, 0.49323595, 0.9807278, 4.4858165, 0.4538077] 2.6993427 1.04688 0.9947648 1.1014727
[1055, 0.55969495, 0.9288771, 4.9501443, 0.45864457] 2.4014022 1.1179101 0.9609141 1.1707171
[1056, 0.5532777, 0.97418696, 5.596408, 0.46509594] 2.2889988 1.1825888 0.94721454 1.4467905
[1057, 0.4784206, 1.0126228, 4.879601, 0.5778007] 2.5658154 1.1986847 0.96555555 1.136631
[1058, 0.4439472, 1.0419627, 5.4295645, 0.5411836] 2.3320956 1.1574779 1.0096377 1.3397784
[1059, 0.44651115, 1.0357602, 5.1533403, 0.45785606] 2.7616694 1.1227924 0.87007713 1.0162373
[1060, 0.48185915, 1.003795, 5.784924, 0.5567294] 2.316866 0.9509034 1.1795264 1.4238933
[1061, 0.573162, 0.9847117, 3.045609, 0.7377976] 2.9353554 1.026218 1.0650767 1.2261693
[1062, 0.50549436, 1.0313715, 3.588328, 0.6144328] 2.6198297 1.1706966 0.94214946 1.388906
[1063, 0.50716835, 1.0031935, 4.007781, 0.56899023] 2.681546 1.1682876 0.9779792 1.2091206
[1064, 0.3797558, 1.0881383, 5.130498, 0.56079316] 2.4714522 1.065973 1.0184138 1.2560667
[1065, 0.5060423, 1.0007985, 5.152205, 0.59918153] 2.3576674 1.3031002 0.9543772 1.2435789
[1066, 0.4400508, 1.0358132, 4.2707105, 0.70510453] 2.7578669 1.0994462 0.9667657 1.0525928
[1067, 0.52156854, 0.7715692, 5.4226494, 0.5350148] 2.1877809 0.9215751 1.0246234 1.247578
[1068, 0.6516108, 0.7011054, 5.3678217, 0.46404856] 2.229314 0.94119626 0.99560964 1.2236664
[1069, 0.48246244, 0.99637294, 3.3612218, 0.6584798] 2.9148304 1.0588356 0.86562777 1.0596266
[1070, 0.44320047, 1.0466794, 3.5561776, 0.7471722] 2.7955854 1.1877984 0.9834562 0.9999607
[1071, 0.4233383, 1.0477351, 4.747357, 0.47967654] 2.6698608 0.9953687 1.0344278 1.0335721
[1072, 0.39526418, 1.0553329, 5.861017, 0.79658574] 2.6632397 0.98296374 1.0358157 0.98200446
[1073, 0.42668158, 1.0453748, 3.6287005, 0.45359957] 2.569761 1.1805731 0.89330095 1.2976989
[1074, 0.39648995, 1.0797986, 4.7990413, 0.46218815] 2.5728843 1.2163488 0.8785982 1.220592
[1075, 0.42571247, 1.0493268, 5.1225157, 0.4613234] 2.45512 1.1219542 0.9932104 1.1951183
[1076, 0.5357158, 0.97750694, 5.4447427, 0.49084598] 2.3336692 1.0616271 0.98797774 1.4527514
[1077, 0.4452586, 1.0513113, 4.6131473, 0.58646774] 2.573595 1.1084863 1.0252146 1.3009877
[1078, 0.47596207, 1.0070171, 4.7181625, 0.4083802] 2.4799783 1.076727 0.88811064 1.2796985
[1079, 0.41903302, 1.0352982, 5.389121, 0.73249483] 2.4747846 1.0957631 0.9758654 1.1937499
[1080, 0.6556736, 1.0340677, 2.190022, 0.8371897] 3.3256705 1.1434417 1.0299193 0.90887976
[1081, 0.5911306, 0.7414847, 6.0670247, 0.47682828] 2.1642413 0.9518403 1.0692625 1.2340295
[1082, 0.44151562, 1.060538, 3.5501041, 0.7056799] 2.8833947 1.152378 0.8016174 1.0924205
[1083, 0.52100575, 1.0307187, 2.9560406, 0.67917377] 2.9971247 1.0862327 1.033457 0.9325934
[1084, 0.4620147, 1.034355, 5.1202545, 0.54128313] 2.4659557 1.1163923 1.0304512 1.3428901
[1085, 0.4530925, 1.0256037, 4.604411, 0.4949287] 2.5781767 1.0689473 1.1114614 1.1943275
[1086, 0.52229214, 0.9838051, 3.1584294, 0.5911938] 2.8159401 1.0094714 1.1526263 1.1239637
[1087, 0.42726013, 1.0483551, 5.429756, 0.5357288] 2.7006273 1.0806621 0.8815365 0.8880833
[1088, 0.40596002, 1.025257, 4.6590014, 0.5005851] 2.5848768 1.0780293 1.0414696 1.1716744
[1089, 0.5148392, 0.8769382, 6.490677, 0.40560105] 2.3498282 0.99475133 1.0533719 1.0929649
[1090, 0.5503082, 0.91466343, 5.5805326, 0.5533419] 2.3521986 1.0550541 1.0485907 1.2133884
[1091, 0.515607, 1.0183803, 3.218126, 0.76989734] 2.8182073 1.2061421 0.93746066 1.1271502
[1092, 0.53332037, 0.9719608, 3.9810243, 0.6263024] 2.8018825 1.044635 0.92718923 1.1318433
[1093, 0.42973357, 1.0097518, 4.7760615, 0.50083613] 2.5709586 1.0827165 0.9669283 1.263128
[1094, 0.51565593, 0.9726728, 5.3742456, 0.43291774] 2.4632304 0.93340355 1.0163665 1.2141155
[1095, 0.52708906, 0.9829463, 4.042112, 0.5498552] 2.7093217 1.0797106 0.9092176 1.2473115
[1096, 0.3864526, 1.0532082, 4.8758454, 0.4823985] 2.5969157 1.0980194 0.900228 1.1478597
[1097, 0.5819737, 0.9140431, 5.5337734, 0.47980565] 2.3787568 1.3613821 0.8888859 1.1483375
[1098, 0.4160879, 1.0596418, 5.129742, 0.57401204] 2.498647 1.1241285 1.0165184 1.2299638
[1099, 0.591916, 1.0238657, 2.5355499, 0.7383865] 3.0255857 1.1167413 1.0458105 1.126024
[1100, 0.54758066, 0.94145966, 5.680505, 0.5484246] 2.3086927 1.2540247 1.0374444 1.2066387
[1101, 0.3253648, 1.1108613, 5.3685412, 0.5791952] 2.6206288 1.1713742 0.97476405 1.0870109
[1102, 0.4505546, 1.0251213, 3.8561792, 0.46838412] 2.9262662 1.0811542 0.85755634 0.98622096
[1103, 0.46347675, 1.0150067, 4.2065496, 0.71146] 2.7646437 0.9942268 0.9583343 1.1380069
[1104, 0.5041439, 1.0054792, 4.390525, 0.46969786] 2.4253452 1.1863463 1.1024046 1.4159057
[1105, 0.46206495, 1.0345443, 4.066309, 0.6207654] 2.608384 1.099847 0.98015726 1.2823337
[1106, 0.43865132, 1.0477211, 4.6245184, 0.4420861] 2.774534 1.2333616 0.89446187 0.93630236
[1107, 0.51623446, 0.9649497, 5.501319, 0.50786823] 2.352739 1.0928105 0.97696024 1.2684904
[1108, 0.5686994, 0.9639037, 3.2260857, 0.72766066] 2.8083813 1.1488895 0.96099836 1.1887242
[1109, 0.4846632, 1.0251108, 3.6325479, 0.79995084] 2.8289208 1.1509144 0.9752461 1.0082473
[1110, 0.49228978, 1.0059227, 3.800147, 0.7733272] 2.648668 1.0905871 1.0205332 1.294045
[1111, 0.40542167, 1.0702274, 5.4874916, 0.4053572] 2.7788403 0.9643924 0.7745244 0.95132023
[1112, 0.5049113, 1.0250399, 2.9182708, 0.61252224] 2.8366585 1.1317604 0.954756 1.1815035
[1113, 0.4271532, 1.0416172, 5.8269954, 0.51831526] 2.435272 1.2084942 1.0582647 1.0242172
[1114, 0.6209235, 0.8116334, 5.3762016, 0.3454406] 2.1915612 1.1406972 0.98570466 1.3292774
[1115, 0.30367535, 1.1049843, 5.3095, 0.5836413] 2.5614903 1.2057703 0.96110976 0.99104744
[1116, 0.44466254, 1.0419667, 5.6304526, 0.49195746] 2.516546 0.93442893 0.95678806 1.2826555
[1117, 0.5812751, 0.9796264, 3.4297676, 0.62925607] 3.0664861 1.0519701 0.9256812 0.87643623
[1118, 0.60452104, 0.9588072, 2.9734266, 0.6661715] 3.0578105 0.97765803 1.0735582 0.96776253
[1119, 0.48267037, 1.0216185, 4.6652102, 0.47235888] 2.6896477 1.130586 0.91629094 0.97199106
[1120, 0.5660549, 0.8816493, 4.511956, 0.42044988] 2.3593848 1.0527878 0.98312014 1.1463882
[1121, 0.4354181, 1.0210738, 5.1699834, 0.42631477] 2.4927387 1.1327636 0.90900296 1.0976458
[1122, 0.41211686, 1.0351206, 4.7720323, 0.47863695] 2.779834 0.9644898 0.9895986 1.0374066
[1123, 0.45679483, 1.0271155, 5.083055, 0.47128215] 2.4269505 1.2080547 1.0423198 1.105716
[1124, 0.38702413, 1.0525054, 3.2416177, 0.85891974] 2.7768052 1.0654482 0.96615124 1.1408094
[1125, 0.62563604, 0.7630082, 6.301145, 0.4126364] 2.2463582 0.91405845 1.0757687 1.2760285
[1126, 0.5077845, 0.9329686, 5.674883, 0.5341628] 2.3227665 1.0442815 1.0296881 1.2627127
[1127, 0.36131898, 1.078238, 5.5985546, 0.47797838] 2.455118 1.2084558 1.049108 1.0405354
[1128, 0.56587493, 0.9857772, 3.07244, 0.7257499] 3.0355315 1.0494214 0.7744207 1.0758026
[1129, 0.49623948, 0.9776227, 5.131719, 0.45073798] 2.2093258 1.2038574 1.0992495 1.2940413
[1130, 0.34769914, 1.1047226, 5.5602856, 0.43266812] 2.6054633 1.1622114 0.87050736 1.0482324
[1131, 0.39227915, 1.0365877, 6.1096816, 0.49951538] 2.5316143 0.8869007 1.0419505 1.1660498
[1132, 0.4248002, 1.0474, 4.27239, 0.6854898] 2.802189 0.89028156 1.0632217 1.1182014
[1133, 0.41726148, 1.050548, 5.2553167, 0.48109233] 2.495931 1.1803811 0.9617779 1.2664495
[1134, 0.51504594, 1.0093566, 3.1179078, 0.5307344] 2.8325732 1.0648749 0.9974989 1.1401907
[1135, 0.43506512, 1.0451705, 4.628096, 0.59042823] 2.720804 1.1404577 0.8058672 1.2188885
[1136, 0.41925332, 1.0494162, 5.1388063, 0.46570545] 2.6374822 1.0148497 0.9171427 1.1500854
[1137, 0.49534577, 1.0162096, 3.6656573, 0.65786666] 2.8437612 1.0328315 0.8214872 1.2766004
[1138, 0.55695105, 0.9734392, 3.1919827, 0.59003145] 3.072816 0.93055403 0.8345167 1.0728135
[1139, 0.5203663, 0.9931654, 3.7589028, 0.62598234] 2.9114988 1.2277635 0.81776977 0.9781298
[1140, 0.5511565, 0.84475905, 5.704658, 0.5653038] 2.2057245 1.1742113 0.9676268 1.2162417
[1141, 0.49289694, 1.0187972, 3.7006798, 0.6167614] 2.6026855 1.2353718 1.1445087 1.2024255
[1142, 0.38101292, 1.0846106, 5.1475024, 0.5026795] 2.4770107 1.134075 1.139381 1.2539233
[1143, 0.5294663, 0.97704977, 3.452748, 0.5339863] 2.77962 1.0715104 1.032802 1.1298627
[1144, 0.3850015, 1.0722588, 5.4220586, 0.66490847] 2.5422547 1.0677012 1.0298172 1.1405928
[1145, 0.49004468, 1.0077974, 4.2445183, 0.584783] 2.6500607 1.1596155 0.90169805 1.2925497
[1146, 0.48856774, 1.0354017, 5.616448, 0.47427517] 2.2885642 1.2175921 0.92718387 1.4096501
[1147, 0.3926907, 1.0662206, 5.086336, 0.476419] 2.4308004 1.2009541 0.95979977 1.3497938
[1148, 0.52533394, 0.983397, 3.826775, 0.6435959] 2.8084524 0.9686527 0.9763909 1.2041754
[1149, 0.5560506, 0.87436855, 5.3488054, 0.4719533] 2.2448678 1.1161808 0.91098773 1.3460981
[1150, 0.4264097, 1.009843, 4.834241, 0.46534568] 2.7656693 1.1707301 0.930944 0.8907242
[1151, 0.45934516, 1.0243018, 5.0185995, 0.51380605] 2.5108488 1.1028312 0.98994464 1.2588644
[1152, 0.55519056, 0.93581545, 3.3952522, 0.5148407] 2.5863209 1.2702725 0.92015684 1.2816187
[1153, 0.51577467, 0.9955387, 4.718703, 0.39620006] 2.4318764 1.016855 0.9648366 1.4425379
[1154, 0.4117008, 1.0375679, 5.1303177, 0.4765478] 2.4987094 1.1804262 0.9620201 1.0945756
[1155, 0.55275124, 0.99801606, 3.0728812, 0.6139022] 2.9255393 1.0249814 0.97037905 1.1126102
[1156, 0.4215839, 1.0525814, 5.0262, 0.6272163] 2.5389445 1.0248986 1.0418746 1.2733544
[1157, 0.43454584, 1.0444528, 5.7226295, 0.8254768] 2.4959018 1.0447916 1.0864991 1.1175686
[1158, 0.37564728, 1.0677367, 4.3781347, 0.5173663] 2.7000082 1.0358348 0.943507 1.2121578
[1159, 0.43074906, 1.050076, 5.25443, 0.50499994] 2.5061777 1.150303 1.0238906 1.3142648
[1160, 0.5304966, 1.0101012, 3.5006912, 0.67908865] 2.657493 1.1079533 1.0194631 1.3401992
[1161, 0.49285954, 0.9936216, 5.543352, 0.51622665] 2.35991 1.0122049 1.03356 1.300676
[1162, 0.3653706, 1.0326221, 5.3123226, 0.47577542] 2.6968756 0.89660186 0.8655808 1.1248571
[1163, 0.3270157, 1.0965513, 5.1434245, 0.399417] 2.601391 1.0914644 0.87493235 1.1767713
[1164, 0.5224024, 0.940941, 5.0941086, 0.4837392] 2.4227023 1.1040722 1.0281647 1.1035452
[1165, 0.5602692, 0.95993245, 3.6328099, 0.58163244] 2.9690812 1.0424092 0.951913 0.97767437
[1166, 0.5668721, 0.9979552, 3.5701644, 0.77071965] 2.7892985 1.220027 0.870174 1.237901
[1167, 0.42182046, 1.0639234, 4.6318946, 0.63178414] 2.7272813 1.0636218 0.9400629 1.1218088
[1168, 0.47943473, 0.9817274, 5.6005573, 0.5682725] 2.4525208 0.95518327 0.88182276 1.2967919
[1169, 0.44216356, 1.0220765, 4.379772, 0.54852134] 2.6489186 1.0796207 1.0653754 1.1346176
[1170, 0.54974484, 0.9761067, 3.3012242, 0.735432] 2.8052766 1.0454953 1.0578754 1.1779673
[1171, 0.5565793, 0.9355173, 4.163916, 0.47263408] 2.5516064 1.1585052 0.8269207 0.9592971
[1172, 0.51934695, 0.99429965, 3.7650821, 0.62357235] 2.7979624 1.1366551 0.95310545 1.0833056
[1173, 0.54391384, 0.9860924, 3.4684222, 0.87819934] 2.7980583 1.1248341 0.9147858 1.2494513
[1174, 0.46088377, 1.0220243, 4.269421, 0.514563] 2.6285987 1.0507743 0.85259414 1.4115472
[1175, 0.4376467, 1.0184729, 4.681466, 0.45231357] 2.699737 1.0186534 0.9366379 1.093111
[1176, 0.4771683, 1.0121024, 5.1523294, 0.51925504] 2.4106445 1.0754251 1.007702 1.2619463
[1177, 0.44938177, 1.018962, 4.406671, 0.4816398] 2.5196438 1.270848 1.058675 1.1800964
[1178, 0.43264645, 1.057687, 3.7709258, 0.94478214] 2.7968102 1.1029223 0.9065088 1.1439015
[1179, 0.40994635, 1.0675279, 5.0468483, 0.45166105] 2.4427395 1.1563663 0.9247402 1.3480803
[1180, 0.4320615, 1.0664014, 3.6470182, 0.65116054] 2.894304 1.0796076 1.000102 0.9594093
[1181, 0.5017263, 0.9412715, 4.7520404, 0.5274324] 2.5523884 0.98686415 0.8768064 1.0761923
[1182, 0.5194668, 0.8473098, 6.2528834, 0.4085525] 2.2995098 0.94133264 1.0007917 1.2087585
[1183, 0.40543252, 1.0635699, 4.8428106, 0.511802] 2.553105 1.1196238 0.919735 1.286586
[1184, 0.49769622, 0.98237324, 5.7141433, 0.48419717] 2.710173 0.98274606 0.7314329 1.0983584
[1185, 0.43518674, 0.99840605, 5.353384, 0.4931687] 2.4867682 1.0644556 0.9779827 1.1401
[1186, 0.55020094, 1.0048355, 2.9718108, 0.734078] 2.9053433 1.1767416 0.9640475 1.0922563
[1187, 0.39345825, 1.052255, 5.1811767, 0.5250717] 2.651054 1.2095693 0.907555 0.9788226
[1188, 0.4718011, 0.98891616, 5.401138, 0.52390766] 2.4401445 1.0921437 0.9213698 1.209718
[1189, 0.38686746, 1.0709375, 5.624109, 0.48047918] 2.4690988 1.1268282 1.1429282 1.0403254
[1190, 0.50048006, 0.9671219, 5.1664133, 0.57281715] 2.4591966 0.94280607 1.0936671 1.0647513
[1191, 0.42866465, 1.0333941, 5.6533875, 0.5008982] 2.3948793 1.0195239 1.073173 1.2083153
[1192, 0.4388289, 1.0245879, 5.026159, 0.5205953] 2.7966046 0.9484821 0.94028425 1.0473032
[1193, 0.31228533, 1.087689, 6.0676713, 0.7249862] 2.6997867 1.074822 0.9515405 0.89769995
[1194, 0.4441254, 1.0327936, 3.8086581, 0.5261246] 2.6268337 1.2492396 1.0383942 1.1116285
[1195, 0.40619734, 1.080366, 5.5381093, 0.6164273] 2.5540886 1.1254447 0.8923001 1.2176024
[1196, 0.527124, 1.0266058, 3.5973582, 0.62794465] 2.9781647 1.081321 0.92271864 0.895069
[1197, 0.44068775, 1.0404747, 5.2993464, 0.5273372] 2.396921 1.2475764 0.9422274 1.319558
[1198, 0.41320425, 1.0323411, 4.2673016, 0.7010007] 2.7820864 0.8854595 1.087223 1.1084123
[1199, 0.40960076, 1.0696526, 5.39506, 0.52057236] 2.473746 1.1328505 1.0046197 1.2546668
[1200, 0.5561668, 0.89313424, 5.567263, 0.49109963] 2.3097143 1.0903517 1.1542802 1.1023315
[1201, 0.45033607, 1.0047022, 5.174512, 0.42252284] 2.5324664 1.0769172 0.85148066 1.1074395
[1202, 0.37580293, 1.0771677, 4.4841633, 0.6044728] 2.677177 0.88293445 1.0776258 1.2365438
[1203, 0.3956856, 1.044202, 4.674406, 0.46179187] 2.5660112 1.1007881 0.9376654 1.2596747
[1204, 0.3585784, 1.0731776, 4.988636, 0.5533835] 2.6184192 1.1413734 0.98831254 1.1281632
[1205, 0.36507893, 1.0976382, 5.255086, 0.5007132] 2.5277944 1.0630392 0.9981683 1.1152338
[1206, 0.50696844, 1.0114594, 3.4398317, 0.8802014] 2.8356607 1.0228046 0.90471697 1.2108132
[1207, 0.41895747, 1.0626717, 4.6091046, 0.49016058] 2.7028208 1.150396 0.79251164 1.072824
[1208, 0.5310479, 0.9116648, 5.274635, 0.5240408] 2.45739 1.0314525 0.9348315 1.0429355
[1209, 0.5486383, 0.9210146, 5.0779057, 0.59790283] 2.216623 1.1022636 1.1128019 1.3790356
[1210, 0.4680815, 0.9890985, 5.8175983, 0.6117492] 2.5079186 1.0952091 0.89454186 1.0812542
[1211, 0.57519025, 0.77725816, 5.2854056, 0.33579487] 2.4027717 1.0300138 0.89150953 0.9063237
[1212, 0.53836447, 0.90633136, 4.827983, 0.38796863] 2.4055593 0.96928847 0.9296915 1.2190104
[1213, 0.52315676, 0.98926693, 3.5013855, 0.77751356] 2.8845239 1.1333177 0.99220866 0.96465266
[1214, 0.41758046, 1.0647963, 5.953418, 0.561029] 2.444865 1.117421 1.0493851 1.1715028
[1215, 0.6474938, 0.7449282, 5.6272283, 0.34930444] 2.2166975 0.92411125 0.9590698 1.4301665
[1216, 0.3363929, 1.0870725, 4.047269, 0.5526205] 2.6971083 1.0157744 0.9806162 1.1773087
[1217, 0.3969538, 1.0835456, 4.543597, 0.4756123] 2.5918574 1.0974684 1.0243334 1.1879299
[1218, 0.5966757, 0.8211325, 5.4146733, 0.3177848] 2.21433 1.0357991 0.9158703 1.4665793
[1219, 0.5197742, 1.0255986, 3.4918408, 0.8781347] 2.8899267 1.1386418 0.9682273 1.0581583
[1220, 0.53747076, 0.92202085, 5.0074625, 0.5512611] 2.4491327 0.90071124 0.93827957 1.1949441
[1221, 0.473246, 1.0448372, 3.5818632, 0.6471304] 2.8467789 0.9726578 0.89052254 1.2997186
[1222, 0.44755387, 1.0508889, 5.4737883, 0.7059748] 2.5400786 0.9597581 1.0324506 1.2381287
[1223, 0.3764311, 1.0562202, 5.582242, 0.47166565] 2.6011517 1.1364771 0.83365965 1.1136208
[1224, 0.5282018, 1.0039523, 3.377023, 0.8086182] 2.6830564 1.1899315 1.1366149 1.16057
[1225, 0.50809187, 0.9963319, 3.470769, 0.6676181] 2.6554973 1.2301242 0.9676574 1.2652436
[1226, 0.5031019, 0.9692941, 4.3014174, 0.46669307] 2.7480536 0.97750235 0.8811806 1.1743201
[1227, 0.56399345, 0.89259446, 4.6419206, 0.6700949] 2.4325514 0.99107474 1.0091478 1.1205758
[1228, 0.5592493, 0.87751275, 4.757676, 0.46750927] 2.3274593 1.2087824 0.94856125 1.1596745
[1229, 0.44022733, 1.0332958, 4.1744347, 0.5586499] 2.7745738 1.0874895 0.98008597 1.0182804
[1230, 0.5422932, 0.9540712, 4.331279, 0.54927194] 2.7351863 1.1689379 0.93671405 1.0823536
[1231, 0.5671441, 0.96771693, 3.1003184, 0.7282405] 2.9922566 0.9715087 0.79166204 1.2403393
[1232, 0.54173654, 0.79659635, 5.616121, 0.62189627] 2.239185 1.0125111 0.9896618 1.1098313
[1233, 0.51988345, 0.98923355, 3.2950432, 0.62546754] 2.8144903 1.2016654 0.90633863 1.0988328
[1234, 0.4923151, 1.0071119, 4.000998, 0.5618459] 2.792211 1.0443175 0.9256682 1.147752
[1235, 0.5457332, 0.9761889, 3.8817244, 0.826562] 2.8175209 1.0565943 0.8793609 1.1778023
[1236, 0.44502828, 1.0299436, 5.050445, 0.44635203] 2.4267893 1.0578191 1.0658369 1.32872
[1237, 0.385335, 1.055951, 5.584706, 0.427562] 2.636722 1.0592289 1.0041126 0.9737326
[1238, 0.5275127, 0.97306603, 5.3826933, 0.4612825] 2.367593 1.1295968 0.8000709 1.4249685
[1239, 0.5514498, 0.97098273, 4.516712, 0.5805487] 2.637008 1.05797 0.8520282 1.2595733
[1240, 0.517836, 0.97521234, 4.5042396, 0.47309378] 2.4768429 1.0883936 1.1047711 1.3683571
[1241, 0.6100687, 0.9517175, 3.0341825, 0.6705724] 3.025511 0.95531607 0.96442765 1.0336772
[1242, 0.45035955, 1.0037919, 5.116087, 0.5077951] 2.4313645 1.0734332 1.0496832 1.11922
[1243, 0.4934633, 1.0406001, 3.3368835, 0.59045905] 2.7576127 1.2264371 0.9582588 1.2538791
[1244, 0.47805604, 0.98504096, 4.5948052, 0.47082102] 2.6570373 0.98694813 0.9020225 1.2631102
[1245, 0.33724478, 1.0849055, 5.615833, 0.50384295] 2.6341841 1.0863441 0.91866547 1.084562
[1246, 0.48297715, 1.0450319, 3.1073036, 0.74307626] 2.9616592 1.1438618 0.99456483 1.0021273
[1247, 0.620086, 0.8065394, 5.869917, 0.47096768] 2.2965157 1.1435331 0.86670077 1.1567482
[1248, 0.5772753, 1.0446404, 2.823006, 0.67092437] 3.1647353 1.0822084 1.0082719 0.9257297
[1249, 0.6093795, 0.81999576, 5.457789, 0.4018625] 2.274315 0.97091085 1.0536966 1.2021898
[1250, 0.3558106, 1.0913177, 5.039206, 0.54535735] 2.688902 1.0610517 1.0043113 1.0121524
[1251, 0.53369385, 1.0431281, 2.9776318, 0.8007999] 3.0937264 0.99837 0.9012134 1.0194942
[1252, 0.5075025, 0.9843638, 3.337932, 0.54424345] 2.633716 1.2851721 0.9003732 1.2567973
[1253, 0.3584521, 1.0636454, 4.508159, 0.59374386] 2.6977599 1.0324973 0.9643647 1.1625211
[1254, 0.37437722, 1.0878781, 5.6008563, 0.5223759] 2.7474833 1.0030782 0.88136566 1.0491405
[1255, 0.45411178, 0.96775407, 5.2959313, 0.5142812] 2.319747 1.1029814 1.0702767 1.136382
[1256, 0.42738312, 1.036537, 5.7291136, 0.6110924] 2.5856347 1.1434181 0.92509806 0.96830356
[1257, 0.43543363, 1.0554515, 5.9169984, 0.6031984] 2.4777174 1.1358232 0.98941636 1.1372464
[1258, 0.3802805, 1.0571992, 5.5501328, 0.54061794] 2.5937586 1.0730329 0.82955563 1.0833751
[1259, 0.42921218, 1.0520312, 4.5433555, 0.57745904] 2.7333925 1.1649424 0.8666087 1.0323324
[1260, 0.5697819, 1.0123539, 3.043968, 0.760882] 2.7791295 1.1413169 0.9183885 1.3547417
[1261, 0.3616672, 1.0619361, 4.954676, 0.48188433] 2.7054946 1.0298448 0.90942097 0.99159855
[1262, 0.56021124, 1.050274, 2.8847508, 0.770844] 2.9315567 1.227113 0.98459345 1.1943831
[1263, 0.34567633, 1.1055367, 5.589518, 0.7074762] 2.5908363 0.9998844 0.97449815 1.1617713
[1264, 0.40656748, 1.0569352, 5.4467072, 0.52355564] 2.5213912 1.2747697 0.8757007 1.1567981
[1265, 0.5007259, 0.9083876, 5.5047326, 0.41548726] 2.2770429 1.1018982 0.91334563 1.249245
[1266, 0.41168723, 1.0588123, 5.152538, 0.5755471] 2.678721 0.9752513 1.0079967 1.0559134
[1267, 0.45471236, 1.0129496, 5.782642, 0.54341835] 2.4405382 1.1433879 0.93722916 1.1349633
[1268, 0.66230255, 0.9823793, 2.0718906, 0.70737636] 3.2578127 1.074113 0.9881457 1.0818877
[1269, 0.5109685, 1.0633626, 2.8177483, 0.72750026] 2.94007 1.1001221 0.929505 1.1215932
[1270, 0.46646428, 1.0778494, 2.9488752, 0.7896545] 3.0333114 1.1446072 0.9134507 1.0355451
[1271, 0.3663613, 1.0681407, 4.344848, 0.49937034] 2.7365377 0.97248256 0.86145043 1.2276567
[1272, 0.31811333, 1.1013862, 4.773141, 0.64295405] 2.7286432 1.1228874 1.0606321 0.9642922
[1273, 0.43051913, 1.105646, 3.2645197, 0.7020184] 2.9276893 1.059554 0.9132616 1.1547828
[1274, 0.4854384, 1.0550011, 3.1334355, 0.93113637] 3.0341644 1.1040219 0.9255776 0.9068932
[1275, 0.49185947, 1.0009248, 3.941028, 0.5445734] 2.633716 1.1019682 0.93912125 1.2745382
[1276, 0.36558902, 1.0722656, 4.853343, 0.506862] 2.7472541 1.0471636 1.01504 1.0031346
[1277, 0.41094252, 1.0551399, 5.2746744, 0.5401099] 2.6576571 1.143584 0.9564228 1.0066111
[1278, 0.43979368, 1.0156109, 5.6711555, 0.58811855] 2.5068665 1.08943 0.9205796 1.0471464
[1279, 0.40175396, 1.0709625, 4.8843985, 0.5565599] 2.66483 1.0394809 0.86588055 1.19922
[1280, 0.46918824, 1.015189, 3.689507, 0.7245492] 2.7730715 1.2301167 0.83258027 1.1567287
[1281, 0.43612003, 1.0268902, 5.5206842, 0.62507564] 2.4651709 1.0851018 1.0392175 1.1811223
[1282, 0.5538756, 0.8649614, 5.3779435, 0.4665453] 2.303168 1.0966561 1.0487062 1.0786065
[1283, 0.4167028, 1.0388126, 4.869872, 0.5212402] 2.6327982 0.9819642 1.0181122 1.1605384
[1284, 0.41178378, 1.0423303, 4.0659847, 0.7048442] 2.7866724 1.096096 0.9282607 1.092902
[1285, 0.50405174, 0.94192535, 5.2235975, 0.5542155] 2.4166584 1.0571342 0.89875394 1.1800103
[1286, 0.40322474, 1.0619471, 4.086114, 0.6405445] 2.813724 1.0591942 0.9590748 1.1114452
[1287, 0.41345754, 1.0362637, 4.4455256, 0.610484] 2.7050405 1.079803 0.9912107 1.1078048
[1288, 0.47038242, 1.0033981, 4.50167, 0.69068027] 2.8373222 1.0443912 0.84925413 1.0069441
[1289, 0.45601416, 1.031753, 4.3504143, 0.58976465] 2.7040715 1.0990382 1.0165912 1.1629844
[1290, 0.39493844, 1.0697845, 4.25121, 0.5069505] 2.6671991 1.2013215 0.91018516 1.0410163
[1291, 0.5421597, 0.94011575, 5.335273, 0.5535578] 2.217152 1.2915084 0.9668785 1.3127811
[1292, 0.4660591, 1.0550663, 3.2174628, 0.5433833] 2.9137368 0.93900317 1.0206641 1.0995829
[1293, 0.3820413, 1.0830256, 5.1234536, 0.5244907] 2.4541688 1.1591929 0.98040485 1.2086325
[1294, 0.49871305, 1.0260707, 3.169031, 0.7605619] 2.9380624 1.0795383 0.87283725 1.074487
[1295, 0.5309235, 1.0332192, 3.3287275, 0.7914725] 3.002049 1.0100516 0.95127106 1.0873936
[1296, 0.5024508, 1.0312904, 3.8205457, 0.78989714] 2.8243082 0.9785424 1.1036117 1.0623597
[1297, 0.3654578, 1.0639443, 5.30861, 0.45425093] 2.6029444 1.1671404 0.77488476 1.0917097
[1298, 0.4668364, 1.0014281, 3.4637434, 0.789907] 2.8352332 1.0391437 0.94091475 1.1285058
[1299, 0.53580976, 0.91074115, 5.1968484, 0.47902182] 2.2294846 1.0218235 0.99513805 1.3749864
[1300, 0.45492932, 1.0071402, 4.0197463, 0.5867385] 2.767095 1.1658479 1.0560368 0.96053743
[1301, 0.39832425, 1.048354, 4.8754897, 0.49037218] 2.5084136 1.1009367 1.1559954 1.2219537
[1302, 0.50732774, 0.9076413, 5.851546, 0.39394507] 2.2393196 1.1186566 0.9785902 1.2543213
[1303, 0.5195521, 0.9908773, 3.7618225, 0.7490549] 2.8023732 1.0039591 0.9624518 1.1849262
[1304, 0.5376006, 0.96121264, 5.7414036, 0.65496105] 2.2427104 1.0471733 1.0973309 1.4683387
[1305, 0.38697657, 1.0712627, 4.933357, 0.52020717] 2.7155607 1.0580251 0.82590014 1.1717951
[1306, 0.4060843, 1.0694965, 4.0648212, 0.6249053] 3.000509 0.91164047 0.8615116 0.94903976
[1307, 0.5231255, 0.9971088, 3.8779252, 0.6899519] 2.5765288 1.0282336 1.0892085 1.4432049
[1308, 0.5506808, 0.9619315, 3.7972698, 0.6256162] 2.9201536 1.0890459 0.80102867 0.9969046
[1309, 0.5297898, 1.0413386, 2.6802619, 0.90129125] 2.9125218 1.1095351 1.1125098 1.1139232
[1310, 0.5310685, 0.99426126, 5.1205583, 0.6467895] 2.4177864 1.0655892 0.9513456 1.4859939
[1311, 0.4620416, 0.99949265, 5.284904, 0.50645673] 2.525075 1.0402144 0.8886233 1.1339196
[1312, 0.49845105, 0.9961599, 5.293121, 0.58007234] 2.5047915 1.1610856 0.9502957 1.3480252
[1313, 0.4071805, 1.080476, 5.374806, 0.47573212] 2.5806262 1.234543 0.9075656 1.1297247
[1314, 0.5554088, 0.7389578, 5.325349, 0.66741085] 2.0209055 1.054667 1.0595825 1.2756144
[1315, 0.44961712, 1.0162137, 3.9328465, 0.49768457] 2.805843 1.1180412 0.91758233 0.9982624
[1316, 0.5005142, 0.9976694, 3.1573353, 0.76147497] 2.8912907 0.97179973 0.99080086 1.1551667
[1317, 0.43815205, 1.0384512, 4.71871, 0.4884325] 2.5895452 1.1140637 0.9688074 1.2940426
[1318, 0.32334796, 1.077992, 5.423345, 0.5899908] 2.7501395 0.9528335 0.9384772 1.0738788
[1319, 0.4020814, 1.0499783, 4.1078153, 0.58892107] 2.7054634 1.1236136 1.0200154 1.056669
[1320, 0.37709713, 1.0751817, 4.0640607, 0.6433065] 2.7625031 1.1109641 0.9644915 1.0950944
[1321, 0.5476682, 0.99915063, 2.9526927, 0.9440607] 2.9378264 1.0326146 0.92574203 1.103943
[1322, 0.46125755, 1.0227785, 3.738917, 0.54559165] 2.8674877 1.0894128 0.88301075 1.0899811
[1323, 0.3716515, 1.0805987, 3.7394857, 0.86117196] 2.819159 1.0447083 1.0110996 1.0975673
[1324, 0.5093583, 0.98654974, 4.792568, 0.5340356] 2.642606 0.9884848 0.85473466 1.3360488
[1325, 0.4036246, 1.0732434, 5.4018874, 0.48394763] 2.4095516 1.0926663 1.0151975 1.3771557
[1326, 0.5042551, 0.9981446, 4.2311897, 0.620108] 2.6426551 1.1863524 0.9305783 1.1870668
[1327, 0.52585727, 0.902815, 4.4713454, 0.51352495] 2.441503 1.1162736 0.89871645 1.0493293
[1328, 0.6256271, 0.7248433, 6.0281277, 0.46434623] 2.0734594 1.1465431 0.9974098 1.2992193
[1329, 0.4172803, 1.060946, 5.4190817, 0.5030469] 2.5755904 1.0656675 0.93958294 1.148081
[1330, 0.5702175, 0.93033123, 3.1189926, 0.55947447] 2.9253745 1.0140394 0.9654921 1.0266815
[1331, 0.47896886, 1.0078299, 3.880674, 0.7137863] 2.7817595 1.0716156 0.96561944 1.1258647
[1332, 0.585681, 0.97675073, 3.268811, 0.72737753] 2.7767081 1.1247536 0.99361426 1.2748227
[1333, 0.4456946, 1.1310962, 2.9700983, 0.79934096] 2.8292408 1.2211907 0.96847314 1.1923639
[1334, 0.32218185, 1.0983001, 5.613237, 0.78833795] 2.5496168 1.0839761 1.0631768 1.1170754
[1335, 0.38545895, 1.0869434, 4.118046, 0.5159384] 2.67853 1.1795425 0.87777126 1.1631262
[1336, 0.33365023, 1.1006062, 5.499972, 0.7866316] 2.642511 1.0416785 1.0624878 1.0163412
[1337, 0.40633747, 1.0740839, 4.799697, 0.587264] 2.5695295 1.2613133 1.0459207 1.0456595
[1338, 0.4859671, 0.968825, 5.5692606, 0.51890343] 2.3825688 1.1489409 1.0152936 1.0410761
[1339, 0.50865895, 1.0015045, 4.6236844, 0.49627045] 2.368066 1.2510408 1.1119561 1.4542292
[1340, 0.4107957, 1.050708, 5.0790515, 0.5731079] 2.6213825 1.0957559 1.1259354 1.0028015
[1341, 0.4822296, 0.97152996, 5.3774724, 0.4920147] 2.33369 1.1246588 1.0092382 1.2463017
[1342, 0.37586844, 1.0563219, 5.3697486, 0.42482919] 2.7311313 1.0363194 0.7888784 1.0155231
[1343, 0.5072581, 0.88035953, 5.5677505, 0.3958818] 2.1913693 1.1867803 0.9290253 1.254917
[1344, 0.37753156, 1.079407, 5.57669, 0.4263916] 2.5828364 0.94423735 1.0875657 1.1526414
[1345, 0.6064863, 0.7122431, 5.6615686, 0.5603637] 2.1272852 1.0818219 0.9878033 1.1690304
[1346, 0.4729571, 1.0028294, 4.3469357, 0.36074758] 2.7761538 1.0561503 0.85448 1.0782206
[1347, 0.6146223, 0.8825792, 5.666175, 0.55508673] 2.4052432 0.8464252 1.0958124 1.2893798
[1348, 0.6332816, 0.9168531, 2.8182752, 0.680201] 2.8203764 1.1765654 0.9357466 1.3614669
[1349, 0.40172338, 1.0369239, 4.7625656, 0.42984515] 2.521379 1.2017261 0.8438155 1.2225754
[1350, 0.5718124, 0.9486374, 3.7608597, 0.5246038] 2.5955086 1.1460997 0.99072117 1.3607004
[1351, 0.43856612, 1.0298243, 4.4552245, 0.49045554] 2.6708739 1.2086407 0.8249359 1.1330124
[1352, 0.5917292, 0.8617913, 4.843867, 0.464326] 2.2468703 1.2050606 1.071101 1.2028487
[1353, 0.589572, 1.0319813, 2.5701451, 0.89587337] 3.1914265 0.97001415 1.038806 0.97423095
[1354, 0.46657628, 1.0257798, 5.5011697, 0.49957883] 2.371935 1.2998893 0.9400697 1.2802802
[1355, 0.544237, 0.9709334, 5.029844, 0.47995585] 2.3079965 1.2623888 0.8635278 1.403084
[1356, 0.36869264, 1.0935031, 5.4058166, 0.46903715] 2.63748 1.1879417 0.8845888 0.9308962
[1357, 0.52301383, 0.85082275, 5.5823326, 0.42090455] 2.2287316 1.1775212 0.93127066 1.1202279
[1358, 0.57332534, 1.0162611, 3.0476704, 0.6898152] 2.9352045 1.188759 0.9433406 1.1291913
[1359, 0.5342464, 0.9377519, 5.50455, 0.47938102] 2.365132 1.1514064 0.9824071 1.2126739
[1360, 0.52842104, 0.9788973, 4.023231, 0.499313] 2.6062732 1.1615791 0.99653155 1.2846578
[1361, 0.4302651, 1.0015413, 5.5331035, 0.46746838] 2.4786239 1.070234 0.9625911 1.0479143
[1362, 0.55785465, 0.9126911, 4.9972305, 0.5471225] 2.4253833 1.0512521 0.9709881 1.094397
[1363, 0.58222103, 0.98022103, 2.9416347, 0.8720041] 2.9480538 1.0452782 0.91172403 1.1552742
[1364, 0.524973, 0.9837459, 3.449151, 0.63648117] 2.8841233 0.9838512 0.8792765 1.2277118
[1365, 0.45865068, 1.0300915, 4.5222063, 0.49910998] 2.5445507 1.2376947 1.1244483 1.1647737
[1366, 0.43183705, 1.0415316, 5.1264396, 0.4839062] 2.5416443 1.0608308 0.89685416 1.3322498
[1367, 0.3512725, 1.0831048, 5.874577, 0.5604469] 2.604943 1.0056441 1.0414401 0.98008806
[1368, 0.4280867, 1.0187751, 3.9464312, 0.43230674] 2.803965 1.2353622 0.8341176 0.9590852
[1369, 0.43007746, 1.0408281, 5.5444713, 0.68378824] 2.4072268 1.1511896 1.064782 1.0467033
[1370, 0.45557213, 0.95707524, 5.154069, 0.42849165] 2.3460217 1.0637306 0.9951739 1.2196269
[1371, 0.40230906, 1.0716773, 5.2560987, 0.46238264] 2.445579 1.2800845 0.9982965 1.1440641
[1372, 0.5805009, 0.8989382, 5.3225536, 0.5154209] 2.5956428 1.0707952 0.8638852 0.89430666
[1373, 0.48361474, 1.0151356, 4.284433, 0.46307492] 2.6252742 1.2253137 1.0639045 1.0808803
[1374, 0.4804897, 0.9981516, 5.435281, 0.52932864] 2.390145 0.9234603 1.0069681 1.4001714
[1375, 0.5992137, 0.67903954, 4.7712717, 0.46162683] 2.0998743 0.96740824 0.9078516 1.3587372
[1376, 0.38159263, 1.0726532, 4.941877, 0.56267685] 2.5375204 0.9007457 1.0132974 1.3206123
[1377, 0.475758, 0.99885815, 4.0926104, 0.5585281] 2.7030406 1.1425344 0.98399454 1.1237578
[1378, 0.543226, 0.9883165, 3.3653765, 0.6348266] 2.8461556 1.0453045 0.8714577 1.2123729
[1379, 0.2722036, 0.8294571, 5.202941, 0.7161693] 1.8096552 1.267999 1.0198545 1.3211888
[1380, 0.548546, 0.89456725, 4.5456743, 0.30739304] 2.304638 1.0646442 0.9493607 1.3406676
[1381, 0.35596576, 1.0949051, 5.425162, 0.57444406] 2.551483 0.97198147 1.0780826 1.0936164
[1382, 0.46871692, 1.0226402, 4.4186106, 0.43286178] 2.5622404 1.229801 1.1060303 1.1099672
[1383, 0.42794168, 1.0585992, 3.666267, 0.67986184] 2.8617268 1.0058321 0.88871586 1.1911758
[1384, 0.4252837, 1.0524191, 4.089323, 0.40219986] 2.5639746 1.0486327 1.0438427 1.3179313
[1385, 0.32133108, 1.126024, 5.2509475, 0.5334689] 2.6368759 1.0650624 0.832291 1.0795492
[1386, 0.49320248, 0.9969269, 4.2703047, 0.5209181] 2.6593828 1.1772847 0.945309 1.1737255
[1387, 0.47326103, 1.028287, 3.822223, 0.87118256] 2.9411108 0.99768704 0.9045131 1.0776198
[1388, 0.50716126, 0.9936796, 3.7576988, 0.50818807] 2.8196297 1.1325041 0.7686829 1.1886057
[1389, 0.4025833, 1.0947663, 6.0760136, 0.6639561] 2.2945447 1.1863971 1.0060819 1.4498333
[1390, 0.50882494, 0.9390399, 5.2233806, 0.4901115] 2.4944491 0.9893848 0.93677 1.0470504
[1391, 0.39288607, 1.0585794, 5.441356, 0.41782558] 2.6018426 1.2329214 0.8531091 1.0557706
[1392, 0.56433964, 1.0177222, 2.9880917, 0.6876158] 3.053946 1.1262695 0.8311103 0.98667055
[1393, 0.5857002, 1.0396019, 2.1987474, 0.80832696] 3.1658962 0.9489763 1.0843394 1.1329774
[1394, 0.46252957, 1.0232857, 3.9180741, 0.49155658] 2.6514494 1.3540497 0.94586253 1.0457762
[1395, 0.4242437, 1.0551791, 5.913589, 0.5743366] 2.374304 1.0913829 1.0649456 1.2922095
[1396, 0.32888576, 1.1031014, 4.0662365, 0.6766376] 2.667956 1.1844006 1.0223837 1.0987096
[1397, 0.58522683, 0.94026643, 3.6141856, 0.6958011] 2.8468971 1.0922154 0.95719147 1.1187898
[1398, 0.45049793, 1.026513, 5.743674, 0.48329273] 2.5285769 0.97233903 1.0375346 1.2293231
[1399, 0.5843416, 0.7790402, 5.961867, 0.3054734] 2.0550518 1.0872278 1.0139958 1.4287854
[1400, 0.39469337, 1.0623151, 5.3366585, 0.70770717] 2.7136781 0.992103 0.9463375 1.047489
[1401, 0.41190723, 1.0337137, 4.7657304, 0.38887376] 2.5898664 1.0565736 1.073433 1.1362666
[1402, 0.585166, 0.8495608, 5.5137606, 0.45530504] 2.185169 1.0942037 1.0400312 1.3118398
[1403, 0.5123292, 1.004498, 3.3299642, 0.76321197] 2.807396 1.0859919 1.0199449 1.1096339
[1404, 0.538649, 0.9300147, 4.633932, 0.54426146] 2.4475932 1.1111903 0.8866829 1.137842
[1405, 0.27779716, 1.1067265, 5.0662155, 0.46744037] 2.6789677 1.1251748 0.83108723 1.0517998
[1406, 0.3644867, 1.0705851, 5.493534, 0.5395885] 2.56442 1.161651 0.91219735 1.0623989
[1407, 0.40647244, 1.0321974, 4.5217257, 0.37481853] 2.7213864 0.95780635 1.0896113 1.0503076
[1408, 0.35571465, 1.103328, 5.2037106, 0.55917794] 2.5401545 1.0883465 0.97341657 1.2251726
[1409, 0.44046462, 1.0323861, 5.271768, 0.49222735] 2.4601307 1.1216608 0.93036044 1.2531493
[1410, 0.57565904, 0.9726694, 2.9589732, 0.8324439] 2.8250186 1.109851 1.0316834 1.3159965
[1411, 0.5474154, 1.0075958, 3.2362387, 0.6054268] 2.9783351 1.1255556 0.86464965 0.9524188
[1412, 0.48665428, 0.96655184, 5.864453, 0.4544738] 2.4844716 0.88004225 1.014417 1.1481706
[1413, 0.400287, 1.0662575, 5.179151, 0.4187503] 2.5739655 1.0415963 0.8721073 1.3145605
[1414, 0.40060988, 1.0652578, 4.108303, 0.49523607] 2.6415846 1.2217934 1.121867 0.9736675
[1415, 0.4655635, 1.001574, 5.768227, 0.6113798] 2.4326782 1.164228 0.93331486 1.0938153
[1416, 0.5982359, 1.0182317, 2.8067858, 0.76928973] 2.9660282 1.3127179 1.0142791 1.0253923
[1417, 0.38988298, 1.0503609, 5.6302304, 0.5441713] 2.4071991 1.2637534 0.97278666 1.1756189
[1418, 0.41596428, 1.022032, 4.200026, 0.38007045] 2.748008 1.0227001 0.7493228 1.2787861
[1419, 0.47907138, 1.0220917, 4.1380568, 0.5524605] 2.6675386 1.1157908 1.0172583 1.1891944
[1420, 0.50688607, 1.0223843, 2.8723917, 0.6436338] 2.7964146 1.1365876 1.0300138 1.1816351
[1421, 0.30547532, 1.1030711, 4.938958, 0.55525726] 2.5185342 1.0858629 1.0080938 1.0790209
[1422, 0.42954877, 1.0467455, 4.2909408, 0.5553744] 2.6147666 1.2173766 0.9448592 1.1548629
[1423, 0.42043915, 1.0497639, 4.453123, 0.5814899] 2.852928 0.933296 0.9761083 0.95925295
[1424, 0.5056801, 0.9954696, 4.2509923, 0.85146874] 2.765645 1.2283027 0.9011778 1.0346646
[1425, 0.52952737, 0.8273533, 6.0323687, 0.41277027] 2.12452 1.007294 1.0689332 1.3614384
[1426, 0.4126124, 1.0380788, 5.34191, 0.5367447] 2.6950598 0.95546347 0.86348194 1.0765268
[1427, 0.37484255, 1.0344998, 5.844076, 0.62032074] 2.4789567 1.0131843 0.95881873 1.1819146
[1428, 0.5156561, 0.96041816, 5.630398, 0.52291805] 2.377387 1.2279447 0.93142045 1.0993024
[1429, 0.6299829, 0.91062105, 3.1396518, 0.56851006] 2.9257593 0.8337431 0.852448 1.3115025
[1430, 0.4251766, 1.0896533, 3.327836, 0.72260445] 2.950365 1.0699387 0.95114577 0.98168707
[1431, 0.38457984, 1.0396906, 5.0034747, 0.51072836] 2.542987 1.1700578 0.97706836 1.1782112
[1432, 0.40425375, 1.0360761, 4.3245134, 0.42335376] 2.7984776 1.1087134 0.85629 1.0174354
[1433, 0.4266912, 1.0440131, 3.7212417, 0.7257088] 2.7458978 1.1419443 1.0605897 1.0588982
[1434, 0.5594142, 0.97623163, 3.2161741, 0.6885707] 2.7926426 1.1762455 0.80876577 1.2626705
[1435, 0.4039748, 1.0315865, 5.4056444, 0.5828716] 2.442046 0.99742824 1.0466645 1.2118517
[1436, 0.37261477, 1.0840493, 5.6125407, 0.5847966] 2.5933738 1.019477 0.941146 1.1676121
[1437, 0.3955047, 1.0605929, 5.953062, 0.74395585] 2.4465973 1.1685061 1.0518512 1.1269337
[1438, 0.42003167, 1.0581036, 5.6109548, 0.6232561] 2.6374545 1.1875262 1.0045949 0.9422392
[1439, 0.41833887, 1.0241952, 5.2051105, 0.44844675] 2.693949 1.0652951 0.6664748 1.1075956
[1440, 0.5771301, 0.9966444, 3.1488242, 0.8529528] 2.9944067 1.0709869 0.9907012 1.0759859
[1441, 0.41512552, 1.0273998, 3.2656217, 0.5682691] 2.747432 1.0143445 1.0134573 1.2167662
[1442, 0.49016383, 1.0011057, 3.8315988, 0.605226] 2.7396693 1.195888 0.9072882 1.0773906
[1443, 0.40358716, 1.0485847, 5.0693345, 0.5936313] 2.5191061 1.0797471 1.000094 1.2183568
[1444, 0.43309528, 1.0194958, 4.1587563, 0.64099485] 2.7759082 0.96728736 1.0517594 1.0345482
[1445, 0.41998675, 1.0545276, 5.271191, 0.59856755] 2.4091263 1.1373245 1.029539 1.3451604
[1446, 0.43211898, 1.0254592, 4.629772, 0.4946512] 2.6841042 1.0864854 0.8715056 1.2047266
[1447, 0.5224377, 0.9593025, 5.338841, 0.47269183] 2.3905597 1.1076626 0.97693294 1.198311
[1448, 0.34132144, 1.0808266, 4.433848, 0.63449633] 2.7046845 1.107864 0.95718807 1.0812877
[1449, 0.55131006, 1.0261159, 2.9388027, 0.6685226] 2.851981 1.1798383 0.9288678 1.3098212
[1450, 0.38696674, 1.0743011, 5.2424593, 0.7302056] 2.6100173 1.1534156 0.91997457 1.0474552
[1451, 0.52128434, 0.9774976, 3.77274, 0.60653704] 2.8567915 0.9256253 0.9001784 1.1975067
[1452, 0.5663486, 0.9744075, 3.0154562, 0.6541664] 2.8297362 1.0868169 1.0882317 1.1638587
[1453, 0.34633648, 1.0879139, 5.9587064, 0.6863195] 2.5668833 1.0488452 0.95502704 1.129922
[1454, 0.48343828, 0.9975423, 5.2505236, 0.5117923] 2.729412 1.0842624 0.99997884 0.9083886
[1455, 0.5569255, 1.0090991, 3.0049422, 0.7177681] 2.923493 1.1871505 0.9046611 1.0848497
[1456, 0.4436975, 1.0756361, 3.5631425, 0.880531] 2.7779598 1.0808088 1.0062209 1.1946931
[1457, 0.40768814, 1.0515141, 4.3717923, 0.50517136] 2.818806 1.2206233 0.8464501 0.8895359
[1458, 0.49306455, 0.98699784, 4.7902384, 0.42666847] 2.5647013 1.2055819 0.8932982 1.2080183
[1459, 0.33577207, 1.0792902, 4.699884, 0.7050017] 2.704328 1.0023032 0.97962636 1.1166842
[1460, 0.50815004, 1.0332123, 3.054653, 0.57656527] 2.8139157 1.2118318 1.0625179 1.0725318
[1461, 0.44081515, 1.0550779, 4.6428676, 0.5893632] 2.5072112 1.007107 1.1192755 1.234007
[1462, 0.48613647, 1.0149084, 5.199066, 0.46369255] 2.4388485 1.0681093 0.93813795 1.2492074
[1463, 0.48357227, 1.0037521, 4.959631, 0.46627006] 2.3861616 1.2035087 0.93533313 1.3098975
[1464, 0.4924164, 0.95389146, 5.237888, 0.5387363] 2.4820023 0.97183806 0.97410065 1.1339489
[1465, 0.36470303, 1.089753, 5.5344453, 0.59284747] 2.6082566 1.1275867 0.927515 0.9857429
[1466, 0.44486338, 1.0480596, 3.468941, 0.8228323] 2.7335846 1.1494051 1.0191467 1.1531155
[1467, 0.5342724, 0.9622991, 3.9353993, 0.57008076] 2.591113 1.0651776 1.0210075 1.3927274
[1468, 0.4374208, 1.028989, 4.175532, 0.43133783] 2.7230983 1.236913 1.0488433 0.9102971
[1469, 0.5710867, 0.989337, 3.4563277, 0.5858211] 2.6479077 1.237582 1.0066445 1.2431784
[1470, 0.46072918, 1.0301136, 4.0399837, 0.79955274] 2.8520896 1.1101762 0.9268173 0.99096406
[1471, 0.52659345, 0.99886215, 3.403381, 0.8099751] 2.8691878 1.0419234 0.9264981 1.1506641
[1472, 0.44844103, 1.075174, 3.5171692, 0.62079626] 3.027244 0.8877854 0.92295 1.0072228
[1473, 0.46212253, 1.0228467, 3.9640763, 0.6626088] 2.7493756 1.1686971 0.96186864 1.0736339
[1474, 0.4568098, 1.0262048, 4.0647964, 0.79241484] 2.787085 1.070632 0.8790903 1.1336645
[1475, 0.49230033, 1.0039667, 4.617927, 0.58870465] 2.5873475 1.0016203 1.0359484 1.2475364
[1476, 0.39655897, 1.063581, 4.980597, 0.35902297] 2.6763272 1.081983 0.82831395 1.0852275
[1477, 0.538195, 0.93398106, 5.294021, 0.52767414] 2.5110738 1.1202185 0.93715435 0.99044335
[1478, 0.5064377, 1.0149242, 3.6725874, 0.6630165] 2.8531132 1.0094379 0.9638074 1.0778142
[1479, 0.5436528, 0.93124694, 4.950336, 0.5071143] 2.31264 1.1718166 0.9185602 1.3312349
[1480, 0.5348758, 1.0224314, 3.3257022, 0.6495163] 2.7882564 1.1168239 0.8821781 1.3385128
[1481, 0.49616653, 1.0521462, 3.2194295, 0.7857] 2.7711723 1.0706064 0.97393155 1.2915595
[1482, 0.40244815, 1.0687798, 5.120526, 0.47744158] 2.5121608 1.1997892 0.88035125 1.2019933
[1483, 0.43629506, 1.0247711, 5.3961496, 0.49032986] 2.4186954 1.1078655 0.9399421 1.2632935
[1484, 0.45658928, 1.0209671, 4.499843, 0.6900835] 2.585762 1.1009996 0.9576298 1.2869409
[1485, 0.5587081, 0.9953487, 3.3634696, 0.7107308] 2.8651993 1.145632 0.9577628 1.113794
[1486, 0.42395318, 1.0430417, 5.9050765, 0.47328737] 2.4273777 1.1700994 1.0389562 1.2459115
[1487, 0.41203523, 1.0450332, 4.2704988, 0.6984942] 2.6074324 1.1097958 0.97418934 1.2752998
[1488, 0.50695527, 1.0426152, 5.148288, 0.52067685] 2.3404787 1.1139568 0.9917009 1.50349
[1489, 0.4966436, 0.87939227, 6.194029, 0.35650715] 2.2020397 1.1577675 0.8426342 1.2873206
[1490, 0.42306894, 1.0369103, 4.8339972, 0.5226527] 2.5984285 1.1680834 0.8874752 1.2503605
[1491, 0.4400954, 1.0457463, 5.090593, 0.5216664] 2.6184475 1.094586 0.83661926 1.260699
[1492, 0.37650603, 1.033951, 4.6766233, 0.6039301] 2.728977 1.044734 0.9814326 1.0161614
[1493, 0.6857007, 0.73889154, 6.022094, 0.45202544] 2.245597 1.229197 1.0177443 1.0009966
[1494, 0.4912218, 1.0041698, 3.7176757, 0.45545727] 2.8482924 1.2203264 0.71592605 1.0748425
[1495, 0.41537985, 1.0506111, 4.1450167, 0.53783894] 2.855048 0.94112957 1.052824 0.9811192
[1496, 0.34359086, 1.0729839, 4.815413, 0.5407753] 2.7239373 1.0091 1.0245672 1.071318
[1497, 0.514866, 0.9847032, 5.4935546, 0.60266465] 2.2977643 1.1694832 1.0445935 1.4139819
[1498, 0.5017844, 1.0074731, 3.4147573, 0.64507973] 2.7952263 1.1674895 0.79442894 1.152516
[1499, 0.588328, 0.9977926, 2.7102082, 0.6698813] 3.1668131 1.0926902 0.90573245 0.9518078
[1500, 0.5436616, 0.9629848, 3.4382105, 0.4935598] 2.746667 1.0962192 1.0516391 1.1222124
[1501, 0.54783404, 0.856852, 5.2714944, 0.34265214] 2.2878754 1.0678356 0.973341 1.1935437
[1502, 0.46255577, 1.0192317, 4.8778024, 0.4925824] 2.4565108 1.1027166 1.1624641 1.2171549
[1503, 0.42431498, 1.0345426, 4.4425755, 0.49872914] 2.6218321 1.1523985 0.9155764 1.2200888
[1504, 0.47200653, 1.0064875, 5.046309, 0.4606227] 2.5937877 0.89147985 0.9509254 1.3619734
[1505, 0.47162026, 1.0260643, 4.605178, 0.75864553] 2.863023 1.1144793 0.95338565 0.84836113
[1506, 0.40315518, 1.0627913, 5.315526, 0.39373398] 2.4561017 1.1963432 0.9330664 1.2860498
[1507, 0.35069045, 1.0845115, 6.005456, 0.52116215] 2.6942704 0.9198542 0.92646885 1.129643
[1508, 0.5881534, 0.8671955, 5.1315026, 0.44054273] 2.2465549 1.2316391 0.8197936 1.3508823
[1509, 0.40283394, 1.0690905, 5.4350357, 0.47947842] 2.6570315 0.98282224 0.82165194 1.2455361
[1510, 0.43163952, 1.0345057, 4.446756, 0.5320077] 2.8594785 1.0853348 0.93837917 0.8578626
[1511, 0.53620964, 0.96154016, 3.7795622, 0.54276764] 2.8737872 1.0460238 0.93919724 0.9519632
[1512, 0.41912282, 1.0319763, 5.906237, 0.48347265] 2.5806844 1.0923187 0.89523613 1.0461751
[1513, 0.53667796, 0.86314857, 5.868495, 0.44766992] 2.1757185 1.0991625 0.92365795 1.3717227
[1514, 0.59082043, 0.99187905, 2.936436, 0.64380854] 3.1427746 1.0667995 0.890231 0.85528487
[1515, 0.43676797, 1.031629, 4.914424, 0.5108324] 2.4713924 1.2717768 0.9052119 1.2647754
[1516, 0.33438596, 1.094231, 5.071375, 0.5461952] 2.6638274 1.1974294 0.94183475 0.98919743
[1517, 0.4882883, 0.9741613, 5.3801365, 0.57504463] 2.429037 1.0053258 0.99587893 1.2160033
[1518, 0.42633563, 1.0158297, 5.8633437, 0.5290653] 2.5815253 0.9614219 1.0011988 1.0862968
[1519, 0.44427454, 1.0429038, 5.4165087, 0.45833498] 2.3161068 1.071966 1.0649756 1.4322479
[1520, 0.38294837, 1.0682557, 4.6857, 0.41424167] 2.588724 1.1868589 0.8645797 1.1800234
[1521, 0.37304002, 1.0620962, 5.094906, 0.6207576] 2.7852998 0.8965255 0.9257776 1.0005518
[1522, 0.6101345, 0.7796585, 5.995171, 0.40523434] 2.3027787 0.9108693 1.016888 1.2214304
[1523, 0.45806, 0.9993591, 4.119014, 0.50116515] 2.7159364 1.1180066 0.86066574 1.1965722
[1524, 0.45423174, 1.0355182, 3.704409, 0.9537566] 2.825855 1.0280156 0.9921844 1.1013533
[1525, 0.47851595, 1.0311145, 4.419769, 0.4685883] 2.543241 1.1232651 0.9231708 1.2649919
[1526, 0.5637073, 0.94547933, 5.7346606, 0.57021564] 2.3065023 1.1741718 1.1148249 1.159301
[1527, 0.48749876, 0.99215347, 5.4341125, 0.4403972] 2.444093 1.1220554 1.0366879 1.1683973
[1528, 0.4764433, 1.0152944, 4.9996057, 0.48524696] 2.4280813 1.1185343 0.86662495 1.3280718
[1529, 0.50800043, 1.0480949, 3.1687095, 0.6242384] 3.0208433 1.0718315 0.96415335 0.9388543
[1530, 0.5630913, 0.90149707, 5.431065, 0.3971309] 2.3017757 1.0656419 0.9774129 1.2694572
[1531, 0.40235445, 1.0539187, 5.4213095, 0.71510524] 2.7745857 1.1068753 0.87006074 0.9960504
[1532, 0.47598377, 1.0339718, 3.1060913, 0.83807224] 2.8499432 1.0264325 1.0490061 1.1254829
[1533, 0.40265632, 1.0504149, 5.1151457, 0.4364598] 2.731545 0.92311144 0.90363216 1.0766716
[1534, 0.4356488, 1.0947067, 3.06263, 0.7168846] 2.805176 1.1543717 1.0439911 1.2520779
[1535, 0.58121806, 0.8247137, 5.88281, 0.38675597] 2.323072 1.1588048 0.8444003 1.1612983
[1536, 0.48366076, 1.0195162, 5.725232, 0.6309457] 2.4795573 1.0713394 1.0159514 1.1189191
[1537, 0.5599968, 0.86184645, 4.9665403, 0.44673184] 2.3870208 0.93185925 1.0108073 1.1406739
[1538, 0.424708, 1.0572342, 5.0182376, 0.5776045] 2.6222436 1.1751529 0.9749898 1.0728406
[1539, 0.38629866, 1.0844841, 5.5088434, 0.53722113] 2.4138806 1.2277232 0.9029571 1.3384277
[1540, 0.43270406, 1.0296739, 5.8875904, 0.8452221] 2.5572588 0.9968197 1.02179 1.086229
[1541, 0.49069163, 1.0171773, 5.1113772, 0.40985543] 2.4449344 1.2446232 0.974621 1.2394116
[1542, 0.50388414, 0.9827032, 3.4555519, 0.71959823] 2.6889534 1.2285773 0.85020024 1.2483957
[1543, 0.4047074, 1.0677962, 4.7873774, 0.52702785] 2.610906 1.1228436 1.026914 1.1252688
[1544, 0.45559964, 1.0429559, 4.001459, 0.717862] 2.809741 1.1734084 0.97133476 1.005121
[1545, 0.44825518, 1.0431482, 3.3657565, 0.57661587] 2.8782752 1.1754394 0.88873917 0.99619824
[1546, 0.46809277, 1.0106266, 5.612072, 0.6711376] 2.3729415 1.156446 0.9976571 1.2868223
[1547, 0.42696345, 1.0436599, 4.239075, 0.50178236] 2.844305 1.0008304 0.8738062 1.0636384
[1548, 0.644059, 0.94715315, 2.8133407, 0.61099637] 2.991205 1.1749355 1.0173945 1.1202847
[1549, 0.54907405, 0.9309177, 4.400674, 0.4855277] 2.5728145 1.1419138 0.9572667 1.353411
[1550, 0.55595094, 1.000778, 3.0681415, 0.7459462] 2.9979897 1.0962672 0.9774992 0.928806
[1551, 0.4760946, 1.0522184, 3.4466417, 0.6678839] 2.7447343 1.1595063 1.0940979 1.0932169
[1552, 0.3689824, 1.0855058, 5.2582774, 0.5041533] 2.6287522 1.108377 0.96887505 1.0059184
[1553, 0.54227877, 1.0026519, 3.220729, 0.6903774] 2.795156 1.0953585 1.0304157 1.1695105
[1554, 0.4047908, 1.0436938, 4.4690495, 0.47075906] 2.7002652 0.97630626 0.80757475 1.2117294
[1555, 0.57133055, 1.0223794, 2.7435637, 0.93125474] 2.966299 1.0755765 0.95179003 1.2622291
[1556, 0.4709092, 0.83323485, 5.6775246, 0.4446379] 2.0768054 1.1732099 0.9775316 1.3371835
[1557, 0.5217498, 1.0038439, 3.70545, 0.5584622] 2.8411777 1.180743 0.96337 1.0163429
[1558, 0.4673458, 1.010982, 3.3640606, 0.6529713] 2.813797 1.1217757 1.0468309 0.9729956
[1559, 0.3873146, 1.0861013, 4.4321485, 0.5027517] 2.6035483 1.1562862 1.0717797 1.1448926
[1560, 0.34485582, 1.0939003, 5.2346754, 0.44246823] 2.5965285 1.0739372 0.96522814 1.0731137
[1561, 0.4076614, 1.0475776, 5.765614, 0.67777455] 2.5250494 0.9947082 0.9762048 1.1573383
[1562, 0.58750314, 0.74666023, 5.7231793, 0.38351613] 2.2504387 1.1506301 0.9627795 1.0049125
[1563, 0.41648686, 1.0595297, 3.959824, 0.8166272] 2.631352 1.1981697 1.0001566 1.2187972
[1564, 0.46767578, 0.9722042, 5.0408506, 0.4655968] 2.5128853 0.9441386 0.8574242 1.1446238
[1565, 0.41932994, 1.0241597, 4.5849023, 0.4963676] 2.5964828 1.1747187 1.0577872 1.1342459
[1566, 0.59745985, 0.8403991, 6.7261133, 0.4583298] 2.252302 1.2058535 1.0582147 1.0176342
[1567, 0.43823907, 1.0277013, 4.5875716, 0.5498424] 2.711559 1.066974 1.0606995 0.964818
[1568, 0.5331676, 0.97732705, 3.8937294, 0.5463277] 2.6877968 1.220167 1.0302634 1.0789856
[1569, 0.51886237, 1.0380856, 2.8689716, 0.7637243] 3.0313642 1.1198553 0.95231354 0.9241925
[1570, 0.50832, 1.000226, 4.857638, 0.7277032] 2.4746568 1.1590524 1.0144855 1.2195026
[1571, 0.6065898, 0.7853901, 6.164231, 0.36867756] 2.1608887 1.0456775 0.94261837 1.394008
[1572, 0.45297077, 1.035686, 5.3315916, 0.90106094] 2.5066388 1.1097753 1.0090946 1.3407408
[1573, 0.5458983, 0.9770536, 4.000831, 0.49809253] 2.7343032 1.166216 0.8916201 1.1103234
[1574, 0.5322618, 1.0144514, 3.3671014, 0.5769921] 2.8144758 1.0378071 1.1077855 1.2569178
[1575, 0.50420964, 0.97771114, 4.4502892, 0.5014855] 2.8562841 1.0500947 0.93935525 0.8647682
[1576, 0.48048058, 1.0062225, 3.5946002, 0.6263958] 2.9390807 0.98396444 0.90128255 1.0079435
[1577, 0.5252714, 0.98001266, 4.519833, 0.3624879] 2.4784453 1.1005416 1.0834312 1.3852295
[1578, 0.52670074, 0.8451259, 5.838131, 0.44002488] 2.1545966 1.2304723 1.0027622 1.220888
[1579, 0.3732423, 1.0894434, 4.8658924, 0.5354538] 2.5790489 1.1948551 0.9193592 1.1612551
[1580, 0.5207359, 0.9248581, 5.2216544, 0.5128507] 2.383825 1.0798022 1.0169635 1.1642768
[1581, 0.32906553, 1.0993139, 5.486623, 0.55379385] 2.666486 1.0479777 0.83158714 1.1109332
[1582, 0.46628144, 1.0216403, 5.0075426, 0.44421142] 2.4539764 1.0646255 1.1177983 1.2507657
[1583, 0.48309076, 0.9735117, 4.935218, 0.47455353] 2.51401 1.2799796 0.85178906 0.90163195
[1584, 0.52267843, 1.0049403, 3.5271897, 0.6353433] 2.6918883 1.105016 0.9950097 1.3042061
[1585, 0.45120466, 1.0352844, 3.732614, 0.79766285] 2.758788 1.0156659 0.92047745 1.2499743
[1586, 0.50905025, 1.0374383, 3.2477033, 0.88584036] 2.9000685 1.1679608 0.9741682 0.97825307
[1587, 0.6544214, 0.99852246, 2.2802753, 0.92217535] 3.1502502 1.2427496 0.90386486 1.146772
[1588, 0.46004504, 1.0529308, 4.223791, 0.55051315] 2.7122266 1.1509309 0.8696989 1.2332965
[1589, 0.40488592, 1.0504466, 5.2738147, 0.60345495] 2.4850948 1.074316 1.0238212 1.1413904
[1590, 0.5188974, 0.9685357, 4.712138, 0.53806657] 2.5720105 0.9732179 1.0824404 1.2241151
[1591, 0.46843043, 1.0277988, 3.4994051, 0.68286395] 2.7696671 1.0689021 1.066479 1.0779599
[1592, 0.46503335, 1.014429, 3.6351614, 0.47492933] 2.6498485 1.3157943 0.95094836 1.1133777
[1593, 0.4382714, 1.0329713, 5.55967, 0.51771903] 2.5299578 1.0466568 1.0676548 1.0599734
[1594, 0.38265634, 1.061524, 4.6442485, 0.68522274] 2.7146134 1.1029774 0.8961142 1.1271074
[1595, 0.5695949, 1.0087961, 2.6772864, 0.6620871] 3.0380065 1.1623352 0.92672217 1.0398151
[1596, 0.5552732, 0.9490754, 3.2204542, 0.66328627] 2.832339 1.1124625 0.99988526 1.0954189
[1597, 0.4693734, 1.0244763, 4.1334715, 0.48920187] 2.6454046 1.2736676 0.9805234 1.1160456
[1598, 0.6264816, 1.0273024, 2.3082237, 0.75467545] 3.0960908 1.2432168 0.83911735 1.2426654
[1599, 0.4483109, 1.0588006, 3.94142, 0.62320894] 2.6766071 1.2034448 0.93935233 1.2758642
[1600, 0.47907656, 0.9782332, 5.8284783, 0.5506198] 2.5099697 1.0335425 0.99762243 1.1118907
[1601, 0.50585043, 0.9986666, 4.105467, 0.6119817] 2.660214 1.2233648 0.9650459 1.1455656
[1602, 0.51237595, 1.0341833, 3.0380726, 0.91039777] 2.9206536 1.204122 0.9804221 1.0261831
[1603, 0.47590822, 1.0031228, 4.8660727, 0.5712772] 2.5022972 1.0517321 0.9635558 1.1087425
[1604, 0.45055977, 1.0221438, 4.7774115, 0.44234997] 2.7128675 0.99769276 0.9232688 1.1295991
[1605, 0.49628833, 1.0220853, 3.368248, 0.7619987] 2.801197 1.086562 1.0440314 1.1403253
[1606, 0.5235435, 1.0403206, 2.9341056, 0.8398907] 2.7463727 1.2769647 1.0822588 1.1602173
[1607, 0.42154807, 1.0470285, 3.915235, 0.78287387] 2.7758408 0.94867885 1.0048219 1.1407788
[1608, 0.46939263, 1.0041299, 5.705918, 0.43125087] 2.4183846 1.0949857 0.8420588 1.3790541
[1609, 0.42760321, 1.0334274, 4.734811, 0.5731763] 2.5198166 1.0665885 1.0593095 1.3220574
[1610, 0.37183854, 1.0750699, 5.741886, 0.6246268] 2.6400917 1.0691557 0.8865422 1.1686956
[1611, 0.4975813, 0.9633387, 4.9223814, 0.35404518] 2.5098817 1.0501692 0.83818233 1.1046779
[1612, 0.5738907, 0.97861695, 2.8037026, 0.6629504] 2.8953805 1.2575182 0.922166 1.1278759
[1613, 0.4945395, 1.0018772, 4.3564086, 0.50497514] 2.6903014 1.1068755 0.998649 1.1552622
[1614, 0.53844637, 0.9384166, 5.04601, 0.44854626] 2.340621 1.1072139 0.93260527 1.2499763
[1615, 0.5798622, 0.90973496, 4.4940314, 0.36902165] 2.3838933 1.3022767 0.81648856 1.1647414
[1616, 0.4770443, 1.0334257, 3.6147938, 0.82225114] 2.8037028 1.1040787 1.0041153 1.1551237
[1617, 0.53742355, 0.9815299, 3.350157, 0.68150866] 2.8928158 1.0622795 1.0629828 1.0233804
[1618, 0.49208343, 1.0239737, 3.8668623, 0.5509082] 2.8040714 1.0999554 1.0489804 1.0195707
[1619, 0.40052277, 1.0408139, 4.5632563, 0.45763204] 2.740478 1.0217613 0.96702856 1.1076158
[1620, 0.41652516, 1.064028, 3.9855092, 0.6444437] 2.9504313 0.98468477 0.89491564 1.0112503
[1621, 0.5599958, 0.950287, 3.1804245, 0.5661729] 2.8538108 0.960381 0.93350995 1.2176954
[1622, 0.4975894, 1.007738, 3.8406456, 0.5391988] 2.5592818 1.2326198 0.9680243 1.3030149
[1623, 0.45980552, 1.0413556, 5.202752, 0.54134] 2.3959997 1.014812 1.0601145 1.4388216
[1624, 0.4288315, 1.0376929, 4.4974356, 0.5664159] 2.6937222 1.044671 0.9387632 1.1843178
[1625, 0.44830552, 1.0597934, 5.3772507, 0.49837106] 2.4140902 1.1529148 1.0185571 1.2992215
[1626, 0.51848876, 0.970409, 3.4471107, 0.5843146] 2.8703413 1.0589083 0.9502021 1.0708559
[1627, 0.47679552, 1.0019861, 3.9902308, 0.572393] 2.8023245 1.1701337 0.89381033 1.0037813
[1628, 0.51292366, 1.0529485, 3.3295102, 0.52880174] 2.8041203 1.0780739 0.9983709 1.2806224
[1629, 0.5236019, 0.75885475, 4.9667745, 0.4915081] 2.2310412 0.9276683 0.97927594 1.1195168
[1630, 0.3783953, 1.0925425, 4.119997, 0.63993084] 2.8393042 1.0542552 0.9804198 0.9600886
[1631, 0.39417318, 1.0730346, 4.125802, 0.5344891] 2.6769264 1.3005518 0.8593197 1.1431072
[1632, 0.3976785, 1.0534521, 4.5199533, 0.42923284] 2.6177256 1.1492027 1.0932262 1.0673314
[1633, 0.4880769, 1.0073453, 4.6437507, 0.48152405] 2.6326258 1.2191429 0.90458065 1.0702308
[1634, 0.479777, 1.0030241, 4.855009, 0.50551134] 2.634195 1.0290017 1.0184361 1.1418866
[1635, 0.6312038, 0.8507819, 5.394364, 0.4867249] 2.3978798 1.1547081 0.8507805 1.088284
[1636, 0.37644863, 1.059484, 4.8996935, 0.92083853] 2.5316129 1.0495305 0.93326145 1.2453178
[1637, 0.39768937, 1.0543549, 5.2746673, 0.61187327] 2.6084585 1.0328156 0.8632702 1.2187268
[1638, 0.5212943, 0.95737755, 5.613806, 0.54824036] 2.3359957 1.113624 1.1225331 1.0820775
[1639, 0.5188079, 1.0135237, 3.2194228, 0.8588923] 2.876254 1.1599131 0.8641456 1.1413293
[1640, 0.5498578, 0.9718392, 3.4557574, 0.7282562] 2.7269557 1.2258096 1.0627171 1.1173955
[1641, 0.37930444, 1.0881062, 5.723998, 0.6172739] 2.6137881 1.1141804 0.820709 1.1308216
[1642, 0.55186105, 1.0059514, 2.8471582, 0.7799195] 2.9579082 0.9764476 1.004465 1.1366134
[1643, 0.6015504, 0.84548604, 5.3088937, 0.37105864] 2.3070602 1.1629944 0.97049844 1.063518
[1644, 0.47497207, 1.0325198, 3.7523348, 0.6738922] 2.6851878 1.1772343 1.0147396 1.1956158
[1645, 0.4236571, 1.0268847, 5.1207285, 0.5449453] 2.4439836 0.98406756 0.93349314 1.3547068
[1646, 0.40851465, 1.038801, 4.9255476, 0.4957621] 2.6261132 1.1035565 0.91552025 1.1856527
[1647, 0.59523207, 0.9761328, 2.6728358, 0.7478464] 3.12609 0.9788528 0.8951302 1.0955033
[1648, 0.5692697, 0.9924027, 2.9984457, 0.62461585] 2.9632497 1.0071416 0.98449063 1.1931981
[1649, 0.43266246, 1.0305022, 3.7037659, 0.7008662] 2.8361528 1.0212388 0.98790425 1.0318155
[1650, 0.59123814, 0.9881056, 2.5080166, 0.6915099] 3.031569 1.2836223 0.9479914 0.9424251
[1651, 0.42592674, 1.0205398, 4.563737, 0.52593696] 2.7522743 1.0935789 0.81933546 1.1196125
[1652, 0.40758422, 1.052153, 5.221385, 0.53681135] 2.7215905 1.0257263 0.87757605 1.081249
[1653, 0.41354772, 1.0421065, 5.20282, 0.4899019] 2.6122649 1.0539963 0.83754134 1.2572896
[1654, 0.5658634, 0.94246656, 4.4736557, 0.4593254] 2.529994 1.084743 0.94706297 1.4092745
[1655, 0.65235984, 0.9149263, 2.9999704, 0.8489101] 2.7291427 1.1585093 1.1345749 1.2402952
[1656, 0.483902, 1.0066031, 4.511164, 0.41905212] 2.5925322 1.2372023 0.8072175 1.2852947
[1657, 0.4369246, 1.0573996, 5.611463, 0.5318071] 2.517527 1.1092023 0.87507933 1.2945241
[1658, 0.58292687, 0.9512382, 3.4836903, 0.80030096] 2.8408477 1.1244068 1.0427046 1.0941523
[1659, 0.5758487, 0.84647214, 5.654007, 0.38656923] 2.01145 1.1551174 1.0472732 1.5292755
[1660, 0.4109709, 1.0532827, 4.895185, 0.50015205] 2.5676243 1.2354767 0.93423146 1.0708065
[1661, 0.5590127, 0.9068658, 4.95767, 0.43278435] 2.4726543 0.968989 0.8887473 1.1058624
[1662, 0.6638723, 0.98878396, 2.4524643, 0.5608597] 3.2986336 1.1352082 1.0015686 0.80112493
[1663, 0.435054, 1.0617782, 5.2739363, 0.48685646] 2.4385056 1.1737463 1.0112044 1.2200817
[1664, 0.41517276, 1.0741516, 5.595773, 0.5004487] 2.6365092 1.2185249 0.9315516 0.94035316
[1665, 0.5233966, 0.93588924, 5.193349, 0.4412711] 2.5115585 1.0117505 0.9211349 1.0843767
[1666, 0.41921455, 1.0604365, 5.2219796, 0.53356546] 2.481001 1.1776323 0.92228794 1.2401432
[1667, 0.43223068, 1.0159911, 5.3589735, 0.52235746] 2.5126896 0.9888509 0.950004 1.2136292
[1668, 0.3885538, 1.0894177, 5.9275155, 0.68010414] 2.6467488 1.2709659 0.8052674 0.9162951
[1669, 0.48011822, 1.0374348, 3.4075775, 0.8034366] 2.74162 1.1544844 1.0366296 1.2012693
[1670, 0.41044575, 1.0701886, 5.811901, 0.6463021] 2.7314131 0.9985344 1.0011041 0.8310508
[1671, 0.4820691, 1.0143269, 4.897413, 0.55151737] 2.588118 0.95503044 0.9162341 1.4065572
[1672, 0.57583714, 0.9819174, 3.1609395, 0.5929026] 2.8782651 1.1165264 0.8433283 1.2554911
[1673, 0.44287476, 1.0227196, 4.6692104, 0.34079054] 2.4857898 0.95844746 1.0082355 1.4216527
[1674, 0.4229001, 1.0317644, 5.003218, 0.47131857] 2.7830162 0.97911394 0.86388785 1.0018297
[1675, 0.45675507, 1.0329719, 5.6920056, 0.7008513] 2.3187685 1.1677657 1.1241308 1.2534267
[1676, 0.5740388, 1.0345178, 2.500497, 0.7828444] 3.0639231 1.0437101 1.1807135 1.0981491
[1677, 0.45251855, 1.0201459, 4.1057262, 0.5386671] 2.7420876 1.0926062 0.90611744 1.1317714
[1678, 0.5699581, 0.9051829, 5.0563235, 0.4050771] 2.2577448 1.1577444 0.9645718 1.293253
[1679, 0.41484356, 1.0259928, 5.105524, 0.5586783] 2.6643684 1.0872953 0.95747143 1.1079422
[1680, 0.5490653, 0.9184389, 5.809479, 0.48606047] 2.2048445 1.2382189 1.1305698 1.1712104
[1681, 0.3826662, 1.0602512, 4.7245603, 0.5672958] 2.539646 1.0946697 1.1233935 1.119517
[1682, 0.41767094, 1.059559, 5.1972723, 0.561097] 2.489587 1.1333575 0.8992716 1.3455267
[1683, 0.4596671, 1.0118756, 4.796457, 0.51181877] 2.656841 1.1164205 0.9053161 1.191891
[1684, 0.52083415, 0.97953445, 5.527899, 0.46232614] 2.4292424 1.250511 0.87848896 1.3415607
[1685, 0.4819325, 0.98755825, 5.2867184, 0.49450117] 2.5344515 1.0150591 0.9585901 1.1872346
[1686, 0.42024687, 1.0148506, 5.0078044, 0.51973563] 2.4188514 1.1951692 0.925476 1.1304504
[1687, 0.53782785, 0.90424675, 6.1643724, 0.45794335] 2.3106143 1.0773233 1.0838305 1.0987649
[1688, 0.62299496, 0.9800185, 2.751556, 0.77163655] 3.0685496 1.0022656 1.0475004 1.0777107
[1689, 0.50925416, 0.97300506, 4.1721387, 0.5836463] 2.7318437 0.9890684 0.9993483 1.1545961
[1690, 0.38206255, 1.0850679, 5.659483, 0.48808008] 2.5409973 1.1495152 1.0135857 1.1192406
[1691, 0.61817104, 0.91831154, 3.2164853, 0.71758914] 2.8507493 1.1067562 0.83224535 1.2406545
[1692, 0.45841408, 1.0479662, 3.580512, 0.7253256] 2.8016546 1.177302 1.1165202 0.947842
[1693, 0.5015487, 0.9967902, 3.332191, 0.54596305] 2.908569 1.042765 1.0001619 0.9711402
[1694, 0.41851482, 1.0435628, 4.1536016, 0.5408757] 2.768021 1.1663624 0.94249135 0.97399193
[1695, 0.55622125, 0.90271944, 4.744438, 0.44918805] 2.382949 1.0914824 0.88466376 1.2668122
[1696, 0.44676292, 1.132462, 2.7222118, 0.732336] 3.0445814 1.1578909 0.96909094 0.9151687
[1697, 0.39760038, 1.047888, 4.21472, 0.58439356] 2.599434 0.9642627 1.1294876 1.2402593
[1698, 0.37214345, 1.091573, 4.6251373, 0.45390695] 2.654213 0.94866437 0.84286153 1.3396108
[1699, 0.4567896, 1.0155455, 4.6597238, 0.52429783] 2.7058487 1.1003745 0.9639883 1.0280839
[1700, 0.4381309, 1.0145067, 5.2738833, 0.56042534] 2.4533453 1.1543138 0.9539817 1.0916619
[1701, 0.4934238, 0.9635891, 4.7608576, 0.53447264] 2.3402555 1.0917943 1.0250276 1.3012253
[1702, 0.4656936, 0.79573524, 5.55377, 0.6586947] 2.1640863 0.9705133 1.0144881 1.2183931
[1703, 0.5164345, 0.9573363, 4.821899, 0.4743333] 2.553852 1.0613708 0.8514752 1.081611
[1704, 0.525763, 1.0027485, 3.078642, 0.872958] 2.8135722 1.0683504 0.98778504 1.286155
[1705, 0.42924207, 1.0217056, 4.01071, 0.88969755] 2.7839925 1.0586025 1.0428257 1.0545415
[1706, 0.37951982, 1.0441029, 5.5486493, 0.4698237] 2.505051 1.0989356 0.93238384 1.1916395
[1707, 0.42741922, 1.0183123, 4.7432733, 0.40426403] 2.7020128 1.1266721 0.81490225 1.1626523
[1708, 0.34769267, 1.0745596, 4.7842755, 0.60933554] 2.729842 1.1550052 0.87146264 1.0496248
[1709, 0.48523742, 0.9802993, 4.8849874, 0.51121134] 2.5728087 1.1159859 1.108016 1.210826
[1710, 0.41790104, 1.0576725, 5.210328, 0.48043692] 2.489412 1.1582961 0.89372736 1.1864349
[1711, 0.38575837, 1.0593258, 4.7937317, 0.53087705] 2.7550967 1.0920804 0.866217 0.9154524
[1712, 0.42570812, 1.0540916, 5.1414447, 0.43385723] 2.6574078 1.024399 0.82074404 1.1822758
[1713, 0.5684538, 0.90199906, 5.4260836, 0.49242777] 2.3013124 1.0273949 1.1145316 1.2792765
[1714, 0.47510573, 1.0281368, 3.8585591, 0.53333294] 2.9163256 1.1930596 0.68207693 1.0224187
[1715, 0.44970033, 1.0491515, 5.4313183, 0.57389367] 2.3383646 1.1629628 1.0977544 1.3541086
[1716, 0.5531781, 0.9866738, 2.8317819, 0.7764621] 2.8451903 1.2539958 0.9468012 1.14091
[1717, 0.42810974, 1.0408301, 5.515922, 0.48698136] 2.4376574 1.1138589 0.933488 1.2957884
[1718, 0.3956864, 1.0791577, 4.237624, 0.77266854] 2.7554343 1.0392712 0.94173175 1.1146052
[1719, 0.48327717, 0.99718815, 4.2684765, 0.36073086] 2.4304962 1.1622465 1.0390834 1.4267778
[1720, 0.44861764, 1.0491215, 3.7367132, 0.72149456] 2.5863175 1.2115492 1.0999205 1.2721962
[1721, 0.42451218, 1.0551453, 5.1375394, 0.49195257] 2.3537357 1.2429795 1.0009682 1.4077821
[1722, 0.38894176, 1.0600008, 4.482115, 0.49224657] 2.7879457 1.1208267 0.96932685 0.98510784
[1723, 0.39108026, 1.0769598, 4.3924575, 0.7284458] 2.697207 1.0975711 0.92920244 1.209403
[1724, 0.36759695, 1.0576825, 4.3304443, 0.508244] 2.7729607 1.2900792 0.7797763 0.9944162
[1725, 0.42422417, 1.0314378, 4.79249, 0.78666] 2.7076776 1.0822215 0.9512855 1.1623131
[1726, 0.5373285, 0.78554446, 5.5522017, 0.4031246] 2.0986416 1.1148548 0.9251769 1.3666902
[1727, 0.42722133, 1.035164, 4.687713, 0.5700895] 2.613742 1.159137 0.94359 1.1596991
[1728, 0.45364913, 1.0286663, 3.6172636, 0.71751267] 2.7468133 1.1042203 0.9832978 1.1634748
[1729, 0.36940175, 1.070613, 5.3486514, 0.46809283] 2.533539 1.1792535 0.94373643 1.0637766
[1730, 0.5123706, 0.81289744, 7.141069, 0.5462762] 2.0047667 1.3498602 0.96600294 1.2854799
[1731, 0.5066334, 0.9542482, 5.50156, 0.56174266] 2.3471813 0.99164444 1.0545346 1.2083374
[1732, 0.3917983, 1.0462794, 5.069185, 0.47688496] 2.6038556 1.0808841 1.015305 1.1564678
[1733, 0.4318665, 1.0420067, 5.8465815, 0.55360895] 2.539082 1.0178297 0.95209646 1.2084904
[1734, 0.4142845, 1.0473614, 4.180107, 0.46553087] 2.7177644 1.1621027 0.94150245 1.0417799
[1735, 0.38587594, 1.0780104, 5.5260296, 0.47282854] 2.4944396 1.2141088 0.95289046 1.2120476
[1736, 0.39901337, 1.0532644, 5.3765345, 0.5700363] 2.5336187 1.2231905 0.9575785 1.1795255
[1737, 0.41085824, 1.0553778, 4.403874, 0.60026205] 2.6358805 1.150557 1.021345 1.1383448
[1738, 0.5242873, 0.96061695, 5.313455, 0.49305478] 2.490056 0.9340776 1.0227584 1.2638414
[1739, 0.53470147, 0.8295085, 5.1949177, 0.39211434] 2.3576355 1.0582845 0.8984558 1.0202948
[1740, 0.45237008, 1.0445954, 5.3194838, 0.48906133] 2.3855019 1.2552923 0.9455053 1.3904794
[1741, 0.46251157, 1.0174474, 3.6576166, 0.5796203] 2.7331612 0.98056036 0.97101164 1.2688099
[1742, 0.5611288, 0.93550116, 5.04191, 0.5048118] 2.2446322 1.3068454 0.93748283 1.285709
[1743, 0.40754026, 1.0792695, 5.2294836, 0.5662473] 2.4088833 1.2386533 0.9701894 1.2510372
[1744, 0.4443517, 1.0190204, 4.9516926, 0.60450214] 2.658133 0.9406131 0.97754896 1.1268398
[1745, 0.5218931, 0.98055685, 3.6135628, 0.6430485] 2.7252002 1.0749434 0.97540385 1.2762823
[1746, 0.47875094, 1.0106583, 4.9647527, 0.523187] 2.6278126 1.0533652 0.9121121 1.1994745
[1747, 0.492739, 0.98917246, 3.3156114, 0.62923974] 2.8189945 1.122801 0.899598 1.0870527
[1748, 0.4630033, 1.0124109, 5.067441, 0.49355987] 2.5480454 0.9836298 0.99232966 1.215936
[1749, 0.38831457, 1.058631, 5.790944, 0.56411] 2.391518 1.137251 1.107578 1.1589317
[1750, 0.593702, 0.95624965, 3.1241484, 0.7281899] 3.1063845 0.9544563 0.9426176 0.89476633
[1751, 0.37299544, 1.0801575, 3.842033, 0.7812038] 2.71815 1.1482749 1.0118111 1.1499813
[1752, 0.5507008, 0.96541876, 4.0100403, 0.7498815] 2.616271 1.2624285 1.001223 1.2542408
[1753, 0.5305965, 0.98265964, 3.6120532, 0.6500857] 2.918437 0.9837183 0.88552815 1.0787207
[1754, 0.3239018, 1.0924207, 5.1715646, 0.51760703] 2.6776495 1.0224775 1.0373366 1.0544819
[1755, 0.44870108, 1.0452869, 5.414339, 0.44928417] 2.3794172 1.2257867 0.9876698 1.2718643
[1756, 0.43026823, 1.0373085, 5.1489606, 0.4794314] 2.5329232 1.1272566 0.92406917 1.1047951
[1757, 0.47464064, 1.0024643, 3.713212, 0.46953237] 2.672253 1.2020036 0.93800634 1.1412845
[1758, 0.41593912, 1.0181439, 3.9308546, 0.5204458] 2.6671355 1.0880182 0.9536367 1.2448064
[1759, 0.5323958, 0.8986976, 5.631406, 0.34910607] 2.4107969 1.0601528 0.9726524 1.022311
[1760, 0.54908335, 0.84981346, 5.4618287, 0.5044134] 2.2270038 1.1070789 1.1270187 1.1223098
[1761, 0.4195984, 1.0366806, 4.3547864, 0.6301445] 2.6425946 0.9876291 1.0926344 1.1936023
[1762, 0.46360257, 1.0158095, 4.9841766, 0.5742334] 2.6742847 1.1410487 0.850106 1.1600673
[1763, 0.6009142, 0.8116989, 5.0214663, 0.29104877] 2.2322202 1.1748036 0.9436136 1.1721408
[1764, 0.49784383, 1.0290204, 3.4652812, 0.68417585] 2.8681638 1.1233205 1.1159391 0.90873605
[1765, 0.5681667, 1.0535716, 2.3978605, 0.62102455] 3.22872 1.0172222 1.0452515 0.94483215
[1766, 0.49990955, 0.95341355, 5.345846, 0.5731188] 2.499801 1.0845883 0.88378584 1.0736877
[1767, 0.5313135, 1.0066535, 3.4758282, 0.64027303] 2.9886255 1.203668 0.8314881 0.86517805
[1768, 0.443406, 1.0387022, 5.1052713, 0.4893546] 2.3597772 1.1791168 1.0162243 1.3106359
[1769, 0.38101253, 1.0662695, 5.0970445, 0.47688618] 2.5922663 1.1229463 0.9099496 1.1680273
[1770, 0.38335967, 1.0817037, 5.9111013, 0.57629895] 2.6239803 1.0870059 0.98422307 0.9786925
[1771, 0.51318884, 0.9273295, 5.330679, 0.46175608] 2.4270399 1.1159323 0.8090109 1.0876768
[1772, 0.33895683, 1.1092545, 5.4280214, 0.4039046] 2.5507872 0.9484704 0.9708699 1.2689947
[1773, 0.5349276, 0.9216072, 4.8168225, 0.4860037] 2.4524553 0.8817223 1.1432203 1.0549668
[1774, 0.43176472, 1.0435048, 5.417969, 0.4501778] 2.4706466 1.1047803 0.8642707 1.2609186
[1775, 0.4950931, 1.0096967, 3.5551271, 0.804698] 2.6288643 1.0707079 1.1264054 1.3166014
[1776, 0.46608022, 1.0263228, 4.0657535, 0.5090139] 2.724934 1.0496663 0.8761129 1.2630686
[1777, 0.43252918, 1.0312058, 4.2010837, 0.53992087] 2.5586855 1.1039548 1.1202729 1.3002676
[1778, 0.52713925, 0.982988, 3.5116243, 0.38289994] 2.646297 1.2634332 0.82232344 1.2743979
[1779, 0.45177764, 1.05295, 3.6106908, 0.680694] 2.7581635 1.0929195 1.0532908 1.1340102
[1780, 0.5039567, 0.99417907, 3.959603, 0.5213957] 2.7096634 1.0800197 0.82695884 1.2651316
[1781, 0.5189757, 1.0231422, 3.296314, 0.66337806] 2.917091 1.0411355 1.0510284 1.024148
[1782, 0.4375886, 1.0469776, 5.109962, 0.5187634] 2.5594628 1.1775223 0.86399233 1.1672819
[1783, 0.59457564, 0.9458351, 3.1170514, 0.64017075] 2.7687273 1.2005891 0.90855175 1.2982059
[1784, 0.45710385, 1.023087, 5.1978197, 0.5657014] 2.5517259 1.2737089 0.9314839 1.1560097
[1785, 0.50866723, 1.0179389, 3.9355478, 0.719233] 2.7061553 1.1050848 1.0361003 1.2250808
[1786, 0.43123087, 1.0588315, 4.2128534, 0.6208748] 2.5687928 1.1652256 0.9884268 1.3138521
[1787, 0.42091054, 1.0374947, 5.2336226, 0.53875625] 2.4421463 1.0749952 1.0337366 1.1438595
[1788, 0.53660035, 1.0494357, 2.7502427, 0.771062] 2.93425 1.087224 1.0557927 1.118695
[1789, 0.44872558, 1.0260246, 3.8941166, 0.87215346] 2.783444 1.1257375 0.9581486 1.0445585
[1790, 0.3475776, 1.0901779, 4.781924, 0.5837347] 2.6346781 1.154896 0.9686676 1.0539625
[1791, 0.4765851, 0.9660686, 5.142603, 0.50624233] 2.351938 1.116705 1.0142134 1.2588602
[1792, 0.4869343, 1.0531191, 3.4229922, 0.5873911] 2.940777 1.2317352 0.8377118 0.9596974
[1793, 0.41743213, 1.0274918, 5.0330434, 0.5112007] 2.6095805 1.0681057 0.99487257 1.1220044
[1794, 0.50582224, 0.9919595, 3.4887733, 0.6605795] 2.9493482 0.9959375 0.89969784 1.0367709
[1795, 0.33414653, 1.078261, 4.922909, 0.6093246] 2.6655965 1.0816042 0.9316195 1.1544492
[1796, 0.38829336, 1.0424454, 4.9875755, 0.4434725] 2.7356503 0.9914137 0.8578198 1.1522038
[1797, 0.514009, 1.023781, 2.9601552, 0.7107815] 2.9963102 1.081755 0.887383 1.003286
[1798, 0.44289654, 1.0265304, 4.7018847, 0.51202506] 2.7181842 1.0663294 0.96188635 1.0334822
[1799, 0.3972517, 1.0611465, 3.7985003, 0.6399286] 2.6998632 1.0921849 1.098439 1.1366869
[1800, 0.5033341, 0.9686089, 5.243009, 0.5863394] 2.598423 0.9403103 0.8808862 1.0585959
[1801, 0.4245018, 1.0565363, 3.673559, 0.6855295] 2.8221288 1.0688227 0.9209011 1.0999887
[1802, 0.49666518, 0.9625514, 5.5996537, 0.4582324] 2.3526587 1.065207 0.9737387 1.3081778
[1803, 0.4613475, 1.0128438, 5.5967493, 0.46311265] 2.4484713 0.9357645 1.0165665 1.2569934
[1804, 0.3543529, 1.0834694, 5.9956546, 0.45077237] 2.3669784 1.2286638 1.1245751 1.2273793
[1805, 0.38272703, 1.0746915, 5.6227703, 0.5232583] 2.5842812 1.1320308 0.8932269 1.2128958
[1806, 0.40023598, 1.0472473, 4.8898873, 0.4125381] 2.6921918 1.1138877 0.8403995 1.0513151
[1807, 0.41402885, 1.0596449, 4.891669, 0.48381996] 2.5488057 1.2020197 0.92183053 1.1706296
[1808, 0.5145287, 0.98845047, 5.859887, 0.54881537] 2.4808202 1.1190149 0.88833463 1.216569
[1809, 0.48603833, 0.97165215, 4.57563, 0.5386054] 2.4255602 1.189656 0.925893 1.069298
[1810, 0.4349974, 1.0308467, 5.3814607, 0.50113523] 2.4738746 1.1623383 1.0209951 1.1810977
[1811, 0.60194314, 0.8939542, 5.1140666, 0.50747746] 2.346978 1.247914 1.0499951 1.0272915
[1812, 0.45868593, 1.0318693, 5.2114816, 0.49257082] 2.3950698 1.0940218 0.91129637 1.400052
[1813, 0.5644509, 0.8880272, 4.779587, 0.49304742] 2.38491 1.0490792 0.86156315 1.3248798
[1814, 0.5773693, 0.9774571, 3.3671992, 0.868503] 2.8701673 1.1276362 0.9129803 1.092093
[1815, 0.6280408, 0.745238, 5.770668, 0.5048607] 2.140063 1.0881094 1.1371938 1.1388698
[1816, 0.5992004, 0.9238478, 3.2268565, 0.54415196] 3.0861754 1.0899762 0.7994081 0.87266725
[1817, 0.5033432, 0.9467467, 5.769395, 0.61924565] 2.3977752 0.88361394 1.0766642 1.2305545
[1818, 0.5877243, 0.9772098, 3.2606063, 0.6798527] 2.9092896 1.135389 0.9092909 1.1043286
[1819, 0.5921165, 0.87732023, 5.031681, 0.45019972] 2.308044 1.1213704 0.9434658 1.211698
[1820, 0.41947696, 1.0399072, 4.9431977, 0.53651994] 2.5509338 1.0930033 1.0303997 1.172816
[1821, 0.4959484, 0.9853435, 4.1076937, 0.6483874] 2.8310196 1.0057253 1.0012207 0.9990552
[1822, 0.51075655, 0.9580233, 5.426774, 0.64882624] 2.3600912 0.9998736 1.0456413 1.241994
[1823, 0.55986106, 0.860862, 5.941223, 0.46188533] 2.2842772 1.194907 1.0343854 1.0050777
[1824, 0.45056185, 1.0092391, 4.5214806, 0.47243708] 2.775025 0.98010373 0.8996137 1.034759
[1825, 0.46984562, 1.0107452, 4.164816, 0.58463097] 2.6391025 1.0943525 1.0181814 1.1560853
[1826, 0.4320791, 1.0262284, 4.1051846, 0.54352653] 2.6311266 1.1750991 1.0549344 1.1286165
[1827, 0.506396, 1.0386229, 3.198969, 0.5712843] 2.9435804 1.0439159 0.9717124 1.1796439
[1828, 0.45500752, 1.0052589, 4.94732, 0.4750146] 2.4881527 0.9840638 1.0949996 1.0555435
[1829, 0.47701618, 1.0132923, 4.3021526, 0.5971883] 2.7978885 1.1482176 1.0018831 0.895291
[1830, 0.61734647, 0.7723283, 6.5658555, 0.42809898] 2.1515882 1.3217939 1.0008303 1.036477
[1831, 0.59267354, 0.9910798, 2.9581635, 0.72276115] 3.064027 0.95805424 0.9237194 1.1869454
[1832, 0.68017125, 0.78670514, 5.3192916, 0.5056095] 2.1883156 0.98638994 1.0550104 1.5394204
[1833, 0.42290783, 1.0449424, 3.9746265, 0.6857324] 2.7940538 1.111589 1.0320619 1.0250928
[1834, 0.48687288, 0.97683054, 4.0769844, 0.5303349] 2.9044185 0.9832909 0.8593211 0.961006
[1835, 0.41690227, 1.0408499, 4.791041, 0.5111584] 2.5084894 1.1116698 1.0620809 1.2639688
[1836, 0.42568308, 1.0422978, 5.05371, 0.45291165] 2.4717085 1.1794497 0.96718633 1.2566246
[1837, 0.53354955, 0.943261, 4.699059, 0.5077298] 2.3635583 1.1899837 0.9764732 1.1960585
[1838, 0.38052553, 1.0498703, 4.4966354, 0.41716138] 2.7566383 1.0548729 0.8229858 1.1603208
[1839, 0.4537715, 1.0504992, 5.4293804, 0.46596962] 2.4100816 1.0700295 0.8939374 1.4552375
[1840, 0.45789233, 1.0364212, 6.012078, 0.51707566] 2.2771716 1.2332741 1.0052207 1.3971475
[1841, 0.51866144, 0.92547995, 5.4400496, 0.5023947] 2.3648639 1.055435 0.95489794 1.23267
[1842, 0.42376277, 1.0509261, 5.587524, 0.48266828] 2.3800356 1.1272696 0.97323745 1.3241798
[1843, 0.45159066, 1.0398035, 4.617123, 0.90236014] 2.613733 1.20471 1.0517455 1.1296124
[1844, 0.32833317, 1.0936757, 4.49795, 0.5880786] 2.705531 1.0686842 0.91572744 1.1441183
[1845, 0.45443562, 0.9813576, 5.5409575, 0.556719] 2.4300828 1.0005397 0.9866118 1.1802258
[1846, 0.47605795, 1.0718187, 3.3408835, 0.77159107] 2.977412 1.034343 0.9348365 1.1260612
[1847, 0.58318573, 0.96396846, 5.5109816, 0.5029991] 2.2320962 1.3238555 0.941897 1.5200558
[1848, 0.4290486, 1.0437474, 4.9080114, 0.537757] 2.6913934 1.0632046 0.85377324 1.1366154
[1849, 0.5984493, 0.86004317, 4.941666, 0.40584186] 2.301445 1.0986954 0.95887184 1.2323322
[1850, 0.38073316, 1.0830562, 5.468056, 0.64656895] 2.8046427 1.0981184 0.9288876 0.8929966
[1851, 0.47174, 0.99344057, 5.424297, 0.5358507] 2.4335465 1.1803129 0.9401429 1.1987545
[1852, 0.396715, 1.0419581, 5.0368967, 0.4374641] 2.751119 0.91833466 0.88150984 1.1347367
[1853, 0.59416205, 0.84891117, 5.514172, 0.38783935] 2.2419333 1.1673847 1.0220017 1.2309529
[1854, 0.43209064, 1.0118887, 5.280462, 0.6379493] 2.6433637 1.0987694 0.9588026 1.1935894
[1855, 0.37469885, 1.0575738, 5.093603, 0.46448895] 2.6291432 1.0278505 1.0213159 1.0477494
[1856, 0.38771057, 1.0932106, 5.9305797, 0.60703343] 2.4415548 1.2742399 0.9407813 1.0996157
[1857, 0.46707475, 1.011705, 3.8365378, 0.58115566] 2.8861847 1.1158131 0.9537467 0.9144948
[1858, 0.46326822, 1.0315535, 5.2672668, 0.7257485] 2.4672346 1.0958083 0.8787622 1.4292904
[1859, 0.6111879, 0.9802259, 2.5889447, 0.8593916] 3.0271623 1.0139377 0.93503493 1.233612
[1860, 0.5329025, 1.0271888, 2.779968, 0.5815648] 3.0237782 1.0763801 0.93031317 1.0451063
[1861, 0.64844567, 0.7445278, 6.5939546, 0.50899667] 2.1522412 0.9480014 1.1352016 1.2907239
[1862, 0.4814536, 0.98285294, 5.8065166, 0.643339] 2.380183 1.1522839 0.9892093 1.2472706
[1863, 0.38134533, 1.0670925, 5.049278, 0.41792274] 2.4714615 1.2566884 1.032093 1.1013771
[1864, 0.48091912, 1.0115802, 3.7145064, 0.6317835] 2.7592506 1.1527654 0.9578813 1.1073426
[1865, 0.4720573, 0.93975544, 4.8042836, 0.5264687] 2.4918408 1.0152773 0.94372135 1.040592
[1866, 0.42921278, 1.0461634, 3.9405363, 0.670772] 2.8143547 1.1179911 0.94191337 1.0017148
[1867, 0.44878832, 1.0303495, 4.345584, 0.50586796] 2.6293314 1.1251624 0.8063266 1.2970909
[1868, 0.5275526, 0.9841724, 3.9076602, 0.6411213] 2.870914 1.1985328 0.8820477 0.93894595
[1869, 0.3297422, 1.0791457, 4.937726, 0.7936386] 2.5689688 0.9869362 1.0263945 1.2338578
[1870, 0.47061035, 0.993617, 4.627378, 0.46869782] 2.6801372 1.0495039 0.86540437 1.1747903
[1871, 0.43023473, 1.0570782, 5.3576674, 0.47656888] 2.5790696 0.9411847 0.8720306 1.330385
[1872, 0.48497546, 1.0117111, 5.496311, 0.64365464] 2.4034412 1.2396584 0.9524104 1.2748249
[1873, 0.41711938, 1.0238497, 4.558673, 0.36610216] 2.6956346 1.1345474 0.8891162 1.1545681
[1874, 0.57346416, 0.96493524, 3.2587194, 0.5643087] 2.9477973 1.1441958 0.92554086 1.0161597
[1875, 0.52299327, 1.0186292, 3.5279279, 0.672384] 2.8903701 0.98299 1.069584 1.078348
[1876, 0.4469259, 1.032241, 4.410665, 0.57044375] 2.7138677 1.0112522 0.9981583 1.1902288
[1877, 0.37644717, 1.0779048, 5.802571, 0.4798642] 2.355464 1.1815997 0.9460813 1.3946418
[1878, 0.43319136, 1.0547029, 3.8637168, 0.7620105] 2.7066712 1.1255693 1.0970398 1.1607316
[1879, 0.38441378, 1.0612664, 5.958712, 0.6589784] 2.5756843 1.0104114 0.944332 1.1569562
[1880, 0.50188833, 1.0228014, 3.9460526, 0.6320062] 2.6814568 1.177245 0.96242374 1.3043336
[1881, 0.44898716, 1.0232748, 5.175513, 0.56292254] 2.484923 1.0779867 0.92302763 1.2740264
[1882, 0.41830242, 1.0333328, 5.7101674, 0.60999334] 2.6780264 1.0431676 0.8165107 1.0375369
[1883, 0.5100768, 0.7795987, 5.87434, 0.5138028] 2.1884992 1.1821239 1.0087224 0.9979291
[1884, 0.4159839, 1.0284337, 4.3092403, 0.65418786] 2.6629024 1.2264581 0.9077994 1.0932013
[1885, 0.48210338, 1.0197365, 3.3100715, 0.57073385] 2.8974698 1.161196 0.89299333 0.952203
[1886, 0.3753354, 1.0763979, 4.7098145, 0.47901344] 2.66425 1.0164272 0.9212913 1.1774843
[1887, 0.4600607, 1.009053, 4.513603, 0.45964697] 2.73125 1.1736015 0.8992152 1.049996
[1888, 0.4144802, 1.0452157, 4.984524, 0.5350843] 2.5549629 1.0146198 0.921722 1.1672075
[1889, 0.38399675, 1.0838696, 5.6108975, 0.45594606] 2.565586 1.0408326 0.9453353 1.2426941
[1890, 0.5679804, 0.8464639, 5.3632865, 0.42310998] 2.363201 1.0019639 0.9096681 1.232422
[1891, 0.5230007, 0.9087173, 4.9815984, 0.47653598] 2.3609235 1.1058087 0.92367643 1.20924
[1892, 0.38132635, 1.0699493, 4.2193584, 0.50264496] 2.7434433 1.0900306 0.8691757 1.0381311
[1893, 0.5336265, 0.9305893, 5.107348, 0.53003085] 2.3890467 1.0096588 0.9944991 1.2013825
[1894, 0.42814535, 1.0551558, 4.028194, 0.484524] 2.7001314 1.1459707 1.0100733 1.0869473
[1895, 0.50994897, 1.0104276, 3.4028685, 0.8595505] 2.7319305 0.9884662 1.1324457 1.3231459
[1896, 0.51472455, 0.99300796, 3.259762, 0.66088486] 2.9451964 1.0435152 0.92570674 0.9857103
[1897, 0.49545616, 1.0148373, 4.696435, 0.54866976] 2.6048753 1.2009647 0.9260364 1.2600888
[1898, 0.5974646, 0.92613053, 3.2499187, 0.5800328] 2.9583254 1.1465471 0.9477143 0.9172869
[1899, 0.4637549, 1.0302137, 3.5326307, 0.71409726] 2.8469408 1.0763171 1.0041872 1.0859945
[1900, 0.58211327, 0.8447863, 5.854271, 0.57695967] 2.1903422 1.0890529 1.0510973 1.2556545
[1901, 0.4317813, 1.0470469, 5.062164, 0.60153866] 2.6950507 1.1589394 0.95330954 0.912338
[1902, 0.45800146, 1.0122491, 3.7466257, 0.6214494] 2.8339205 1.0461111 0.8933747 1.1099596
[1903, 0.5498207, 0.9500525, 3.9297452, 0.52804196] 2.636 1.1476458 0.98329127 1.2110132
[1904, 0.42441612, 1.038258, 5.455089, 0.5406545] 2.3987176 1.1475732 0.9899133 1.2887626
[1905, 0.450184, 1.0318582, 6.0598125, 0.64143276] 2.6859546 1.0201789 0.9430987 0.8168915
[1906, 0.4413686, 1.0376178, 5.5866833, 0.68327725] 2.5161178 1.138314 0.93625045 1.1253619
[1907, 0.40786344, 1.0144281, 5.2377663, 0.42631203] 2.6308544 1.0539613 0.8108884 0.99324274
[1908, 0.49773556, 0.9148366, 5.4122834, 0.41874415] 2.3269398 1.1283189 0.94765 1.1149495
[1909, 0.47438297, 1.0307204, 3.979347, 0.6217204] 2.5978134 1.1606976 1.0220866 1.2816061
[1910, 0.44256267, 1.0352726, 3.586838, 0.6619248] 2.8473394 1.0994018 0.88572645 1.1069714
[1911, 0.6142348, 1.0419587, 2.429364, 0.6996733] 3.1331882 1.2061422 1.0586205 1.0022359
[1912, 0.62447417, 0.9359016, 3.1199024, 0.69680226] 2.9965043 1.1860976 0.8764589 0.90764445
[1913, 0.43881518, 1.0181283, 5.376699, 0.6264701] 2.4837654 0.98792726 1.0576808 1.2039832
[1914, 0.49080145, 1.0134978, 4.559052, 0.5210376] 2.5686116 0.99303377 1.0678416 1.2966939
[1915, 0.5597596, 0.98693633, 3.5650973, 0.73938423] 3.0887406 0.97338164 0.8645077 0.8748711
[1916, 0.54641885, 0.7885993, 5.6167893, 0.39513814] 2.0861826 1.086286 1.0426784 1.298654
[1917, 0.5080399, 1.0161238, 3.2045858, 0.62942475] 2.7968926 1.1107087 0.8959325 1.2457087
[1918, 0.4605888, 1.0171034, 4.4511185, 0.49213582] 2.8780336 1.0358828 0.72146803 0.99362546
[1919, 0.5361022, 0.9598986, 3.611751, 0.66127455] 2.891882 0.9982631 1.0454829 0.9904463
[1920, 0.54234767, 0.8950141, 6.087229, 0.43763763] 2.134671 1.0654887 1.0832417 1.4730551
[1921, 0.5854224, 0.8467515, 5.7219005, 0.54190004] 2.1496084 1.1695797 0.9693004 1.3906333
[1922, 0.3919838, 1.0621918, 5.090675, 0.48569998] 2.5354717 1.0739477 0.89447445 1.2452703
[1923, 0.4157986, 1.0473557, 5.3421903, 0.6475134] 2.5179152 1.1643926 0.92612964 1.1240242
[1924, 0.49284706, 0.999647, 4.1752033, 0.55828613] 2.750847 1.0831294 0.9496015 1.0929451
[1925, 0.41224676, 1.0510765, 3.9821222, 0.59088737] 2.7193773 1.0159541 0.98366123 1.2048701
[1926, 0.51207167, 0.93426806, 4.3406787, 0.4724059] 2.4924707 1.0338099 0.89738995 1.0995475
[1927, 0.58071274, 0.83827513, 5.21072, 0.476298] 2.3046079 1.0135963 0.94995105 1.2408022
[1928, 0.45248958, 1.0126268, 5.7366886, 0.49466953] 2.5165887 1.0491389 0.88540864 1.2224936
[1929, 0.4253932, 1.0189632, 4.6526437, 0.43587163] 2.410745 1.1201618 0.86506313 1.3160303
[1930, 0.40310088, 1.0300486, 4.352808, 0.8577697] 2.5659997 1.2621922 1.0159576 1.0981126
[1931, 0.58354074, 0.8777383, 4.973578, 0.507585] 2.4508526 1.0273813 0.9573381 1.0684233
[1932, 0.49154, 0.8597905, 5.558712, 0.38973454] 2.3925958 1.0699004 0.83016396 1.1038535
[1933, 0.47056785, 1.0214663, 4.201755, 0.66344154] 2.7739277 0.9925734 0.9943799 1.1127394
[1934, 0.4882333, 1.009083, 4.943603, 0.52418846] 2.488502 1.211804 1.0514616 0.9736708
[1935, 0.5020251, 0.97430164, 5.4570923, 0.45510873] 2.5860336 1.2060483 0.87224215 0.93896824
[1936, 0.40529612, 1.0440432, 5.5431933, 0.44507813] 2.5857322 0.9318479 0.97978663 1.198344
[1937, 0.36293012, 1.0885389, 4.4306364, 0.53352576] 2.5910451 1.1840631 1.0444998 1.1812167
[1938, 0.5418417, 0.9103732, 4.298036, 0.4759257] 2.5980995 0.9550512 0.9185211 0.9364983
[1939, 0.41632977, 1.0384037, 5.5229535, 0.52420175] 2.799528 0.9468374 0.9319208 0.89881164
[1940, 0.639846, 0.8117694, 5.11826, 0.4284029] 2.207654 1.1603566 0.99427605 1.2974101
[1941, 0.5257158, 0.995485, 4.1648693, 0.50777215] 2.5221865 1.1137127 1.0611874 1.3959755
[1942, 0.5327473, 1.0422196, 2.9386833, 0.6901637] 3.0411255 1.1042213 0.9688056 0.94707435
[1943, 0.451164, 1.0457418, 3.8165927, 0.8225137] 2.819593 0.9825812 0.9537434 1.1959012
[1944, 0.5794546, 0.8771414, 4.931502, 0.43381593] 2.349429 1.0759509 0.9946877 1.1307644
[1945, 0.5614865, 1.0721606, 2.8213115, 0.8153479] 3.123322 1.1568666 0.9782091 0.92081034
[1946, 0.466501, 1.0214549, 4.728449, 0.52614236] 2.4623134 1.2335457 1.13649 1.2098337
[1947, 0.4512432, 1.0395745, 3.7793221, 0.6704036] 2.7803516 1.0412073 1.0123382 1.1514137
[1948, 0.56738394, 0.9683657, 3.1517718, 0.67946565] 2.8631713 0.9272146 1.0151341 1.24848
[1949, 0.4613372, 1.025168, 4.950204, 0.535915] 2.5432653 1.2543355 1.0134045 1.0759077
[1950, 0.48621622, 1.0027211, 5.1948676, 0.47709948] 2.677505 1.1290917 0.82696706 0.99506617
[1951, 0.4579433, 1.0162653, 3.8850043, 0.5079021] 2.8657625 1.0456856 0.8300807 1.0694388
[1952, 0.37755498, 1.0612358, 5.3420625, 0.5106858] 2.6707604 1.0302492 0.9854593 1.074855
[1953, 0.632875, 0.8178381, 5.10073, 0.49101615] 2.3404095 1.1516 0.9395298 1.1632881
[1954, 0.34055093, 1.0844461, 5.463924, 0.50148827] 2.6170173 1.082413 0.83959895 1.1080703
[1955, 0.46426338, 1.0204879, 3.9619048, 0.5839768] 2.5993736 1.0728837 1.034884 1.3438076
[1956, 0.4359083, 1.0917504, 3.2054298, 0.6316877] 2.7835395 1.2226142 0.96590924 1.149996
[1957, 0.41957185, 1.0027039, 4.076507, 0.5730384] 2.735975 1.0793949 0.9582222 1.0850618
[1958, 0.5276655, 0.998021, 3.1410856, 0.6813225] 2.8670805 1.0513705 0.93451196 1.139135
[1959, 0.42606965, 1.0180761, 4.513954, 0.6495621] 2.6745613 0.9938597 0.9444699 1.2622088
[1960, 0.5505392, 0.97452706, 5.001615, 0.5513823] 2.3923292 1.1357492 1.0216162 1.5337869
[1961, 0.41343936, 1.0205203, 5.6024694, 0.5132654] 2.6456761 0.92121774 0.9239006 1.1515384
[1962, 0.46579194, 1.0265665, 3.920438, 0.6463419] 2.7333295 1.0199716 0.99687964 1.1956376
[1963, 0.39657047, 1.0423568, 4.9184957, 0.41719192] 2.7558544 1.1131237 0.8709096 1.0710266
[1964, 0.47662508, 1.0160376, 5.1832294, 0.43723312] 2.5331855 1.0624785 0.83959204 1.2323624
[1965, 0.3610857, 1.0669786, 4.7745132, 0.55549383] 2.7110677 1.0885895 0.9715123 1.0411983
[1966, 0.45349813, 0.993204, 5.4302125, 0.5040204] 2.4447625 0.92366785 1.0959831 1.1794467
[1967, 0.49403003, 0.98602617, 5.7146387, 0.5233224] 2.586493 1.0769118 0.9074594 0.96054447
[1968, 0.356005, 1.0615191, 5.6055536, 0.63745874] 2.4902384 1.0753211 0.9824353 1.1524795
[1969, 0.5120731, 1.0141639, 3.436313, 0.71233296] 2.8823717 1.0426651 1.024418 1.0144155
[1970, 0.39347452, 1.0403868, 4.472425, 0.6570819] 2.5917459 1.1765323 1.0193682 1.2150939
[1971, 0.4946061, 1.0115685, 4.2100053, 0.6300681] 2.6284106 1.1492096 0.9276981 1.3602467
[1972, 0.6671293, 0.93357766, 2.5514567, 0.6379338] 3.1395073 1.1985211 0.9048717 0.90667623
[1973, 0.4411081, 1.0683413, 3.3727922, 0.68173134] 2.7557867 1.1306262 0.95173174 1.2161186
[1974, 0.4543693, 1.0080454, 5.494839, 0.560879] 2.3334777 1.0819029 1.0362697 1.3319209
[1975, 0.36790428, 1.0638872, 5.5014343, 0.5354278] 2.4705114 1.2624191 0.9584044 1.1783228
[1976, 0.45532694, 1.0173293, 3.664575, 0.675528] 2.7314978 1.1730509 1.0055856 1.0923718
[1977, 0.5826416, 0.92984563, 3.5791247, 0.5112831] 2.8811955 1.1783928 1.0154781 0.8154799
[1978, 0.58446795, 0.8888876, 5.4877996, 0.48619568] 2.2809768 1.0989147 1.1053056 1.2250684
[1979, 0.40640518, 1.037915, 4.1937056, 0.6244071] 2.6500483 1.0736371 1.0821588 1.1590363
[1980, 0.4460134, 1.0512617, 3.9087658, 0.6702387] 2.69687 1.1036192 0.98688424 1.210242
[1981, 0.37088704, 1.0927211, 3.5615509, 0.7066445] 2.883936 1.0378196 0.8573997 1.0685518
[1982, 0.37354845, 1.0546414, 4.981386, 0.4727859] 2.7819803 1.0897961 0.9232883 0.96466845
[1983, 0.3714884, 1.0670725, 5.925398, 0.6856583] 2.6076345 1.0379128 0.8647907 1.1249756
[1984, 0.41130826, 1.0545777, 4.6669436, 0.8230865] 2.6496503 1.281294 0.95531476 1.0419011
[1985, 0.39116526, 1.0545841, 3.7113621, 0.6476582] 2.6373022 1.2366686 0.96909904 1.2062385
[1986, 0.43538636, 1.049455, 4.576094, 0.62758815] 2.662751 1.0389725 1.0546793 1.1056187
[1987, 0.5379341, 1.0274496, 2.9056532, 0.68499106] 2.9332836 1.0011675 1.0822748 1.1385643
[1988, 0.4585146, 1.0129819, 5.145991, 0.477626] 2.2852933 1.1539564 1.0249029 1.4008857
[1989, 0.42198974, 1.0767268, 3.2155435, 0.7950328] 2.778965 1.0654795 1.178269 1.0777744
[1990, 0.42456403, 1.0173835, 4.672167, 0.41196242] 2.5656118 1.2036119 1.07841 1.0748062
[1991, 0.46565285, 0.98260087, 5.2976456, 0.56321925] 2.3669472 1.0646867 1.0583465 1.19163
[1992, 0.42419177, 1.0670127, 5.6727924, 0.5063141] 2.360875 1.2131912 0.9975319 1.2315325
[1993, 0.47795025, 1.022307, 3.7003846, 0.5239404] 2.752 1.2082375 0.76442677 1.2510967
[1994, 0.60734683, 0.77297497, 5.533539, 0.36407918] 2.276987 1.081715 0.8391758 1.2248496
[1995, 0.39983568, 1.0395858, 4.6666117, 0.5207779] 2.8739064 0.99460995 0.7849107 1.0363747
[1996, 0.46714172, 1.0107147, 4.4480023, 0.41348177] 2.5615602 1.1246318 0.91262484 1.2632029
[1997, 0.5317967, 0.9123089, 4.675775, 0.4583141] 2.289535 1.1605537 0.94787145 1.2376966
[1998, 0.50574696, 0.9897774, 3.9282186, 0.5829135] 2.6713567 1.259353 0.9511757 1.1622654
[1999, 0.526013, 0.98694456, 3.567546, 0.6162128] 2.5513399 1.2855499 1.0164626 1.3162173
[2000, 0.43235478, 1.0490322, 4.3145337, 0.5075797] 2.8668463 1.0417392 0.90881246 0.90228385
[2001, 0.5587668, 0.9133045, 5.1853485, 0.5208061] 2.4298456 0.9840543 0.96402335 1.2105787
[2002, 0.44637597, 1.036429, 5.178378, 0.60202676] 2.3524227 1.161924 0.9778281 1.3197961
[2003, 0.5878135, 0.9212864, 3.8144367, 0.6761674] 3.1295822 0.93922424 0.8489763 0.7213533
[2004, 0.4189515, 1.0189916, 4.613933, 0.44989717] 2.5872836 0.9865302 1.0569422 1.1875007
[2005, 0.36786354, 1.0565592, 4.7672005, 0.5645041] 2.8119588 0.91332114 1.0137001 0.98050195
[2006, 0.4068353, 1.0412259, 4.7160435, 0.3900915] 2.6363306 1.0305164 0.85992396 1.1639211
[2007, 0.45218307, 1.0609595, 3.3557165, 0.6906553] 2.7312515 1.2402235 1.100498 1.0648944
[2008, 0.33540612, 1.0694696, 6.0608125, 0.5439122] 2.5626981 1.0053087 0.9001981 1.12184
[2009, 0.40745652, 1.0473497, 4.545923, 0.61403537] 2.840773 1.1007793 0.9643764 0.8262707
[2010, 0.5682248, 1.0012691, 2.9585938, 0.77239466] 2.9017854 1.203799 0.8809922 1.1437501
[2011, 0.39804956, 1.0442821, 4.573292, 0.5507925] 2.6281874 1.1615243 0.82351613 1.1563649
[2012, 0.4317741, 1.0190896, 5.346592, 0.50275236] 2.643202 1.0295165 0.7682015 1.1190547
[2013, 0.54627985, 0.909294, 5.106662, 0.5318963] 2.4840775 1.0879794 0.9065192 1.0068939
[2014, 0.39733493, 1.0465759, 5.564259, 0.5578522] 2.4883244 1.012433 0.94842213 1.302786
[2015, 0.5189888, 0.9994017, 3.450219, 0.5814503] 2.6857471 1.3112794 1.0570731 1.0390135
[2016, 0.5959997, 0.8215189, 5.7087884, 0.47955552] 2.278097 1.051058 1.0197086 1.1350261
[2017, 0.4714447, 1.0024239, 3.7632005, 0.6442888] 2.7612782 1.2859418 0.86357737 1.0210142
[2018, 0.56258994, 1.0168903, 2.7258396, 0.6622986] 2.9556935 1.2103137 0.96489066 1.0908245
[2019, 0.41700694, 1.044571, 5.550496, 0.6016192] 2.536865 1.0434731 0.9599269 1.1247379
[2020, 0.4595035, 0.9970201, 5.4190483, 0.53155506] 2.4882185 1.1078889 0.94556594 1.089009
[2021, 0.5762274, 0.96777755, 3.121969, 0.6313936] 2.9809966 1.0554286 0.786013 1.0613692
[2022, 0.5977641, 0.9532127, 3.031416, 0.60223705] 2.8827586 1.1081054 0.87589186 1.2071301
[2023, 0.39785284, 1.0555884, 4.857314, 0.49880257] 2.5683908 1.0952733 0.8876265 1.304606
[2024, 0.5037625, 1.024162, 3.5901484, 0.4791294] 2.5182962 1.2164022 1.0052884 1.4452125
[2025, 0.61451805, 0.973385, 2.5867052, 0.69117993] 3.0759544 1.141178 0.84360963 1.1068879
[2026, 0.5709418, 0.75741106, 5.438551, 0.41920805] 2.270009 0.9137566 0.9828047 1.1734571
[2027, 0.3942548, 1.0746378, 5.641552, 0.62227565] 2.3912864 1.0954782 1.0642004 1.2706164
[2028, 0.39056316, 1.0593692, 3.9660017, 0.5309201] 2.7865746 1.1334615 0.98300236 1.0899357
[2029, 0.4884646, 1.0063038, 4.490358, 0.5965678] 2.789436 0.9353023 0.9997878 1.068626
[2030, 0.50173736, 0.9721177, 5.566625, 0.67789036] 2.4948058 1.0748917 1.0436506 0.99913573
[2031, 0.3683612, 1.0764898, 4.92595, 0.5756279] 2.565044 1.0540528 0.99679816 1.1804485
[2032, 0.48031804, 1.0030843, 5.035011, 0.50594556] 2.4699602 1.1566405 0.96225524 1.344937
[2033, 0.51839477, 1.0550689, 3.0678573, 0.8233697] 2.9897573 1.1458755 0.89947677 1.0308572
[2034, 0.4475939, 1.0263872, 5.533832, 0.5181838] 2.3855672 1.1218977 1.1084512 1.2593006
[2035, 0.3519192, 1.0654553, 5.56449, 0.53083044] 2.4991856 1.1724148 0.9619551 1.1124597
[2036, 0.48237574, 1.0352672, 3.4397194, 0.675574] 2.814959 1.0517548 1.046084 1.1782187
[2037, 0.4039579, 1.0543422, 5.0416064, 0.4952109] 2.4785001 1.233899 0.9699862 1.1622012
[2038, 0.4932609, 0.99873304, 5.021438, 0.49208215] 2.4248087 1.2962134 0.9647785 1.0770452
[2039, 0.48808968, 0.90014714, 6.109563, 0.42997223] 2.2243547 1.1173066 0.9384224 1.2801349
[2040, 0.4402644, 1.0301967, 5.8161535, 0.55453944] 2.4333336 1.1992017 0.9899618 1.1455851
[2041, 0.57568437, 0.9495161, 3.3777435, 0.5899371] 2.6893399 1.1099976 1.0123545 1.2919979
[2042, 0.5339555, 0.9299198, 4.8122454, 0.56333613] 2.327361 1.1302061 1.0875881 1.0934839
[2043, 0.453706, 1.0283152, 5.251169, 0.4986566] 2.6126716 1.0601363 1.0245414 1.1941202
[2044, 0.56109625, 0.8980505, 5.08293, 0.43754548] 2.2433136 1.1669855 0.98820335 1.2646561
[2045, 0.40715414, 1.0436834, 4.472223, 0.42272785] 2.5560248 1.3414395 0.9548667 1.1148924
[2046, 0.35528174, 1.109462, 5.976576, 0.72052085] 2.4659667 1.2266955 0.98127353 1.1023636
[2047, 0.5040477, 1.0385656, 3.4011161, 0.6684453] 2.8397632 1.1540987 0.98960626 1.0624379
[2048, 0.45778823, 1.0195915, 4.0138993, 0.4651628] 2.6925354 1.1407 0.8287068 1.2810031
[2049, 0.3899128, 1.074, 4.656675, 0.5439115] 2.7194612 1.0945445 0.9282822 1.1489034
[2050, 0.44664657, 1.0106332, 4.5791483, 0.53589815] 2.6073105 1.162805 0.9798906 1.2217927
[2051, 0.42329594, 1.07348, 5.1228557, 0.60046417] 2.543503 1.2399293 1.0508453 1.1442475
[2052, 0.372424, 1.0746084, 5.2407417, 0.5509467] 2.4515646 1.1154252 1.057773 1.1719216
[2053, 0.54284436, 0.97972596, 3.6272554, 0.7996296] 2.6869893 1.072217 0.9503978 1.367043
[2054, 0.5834394, 0.8563879, 5.703007, 0.52397555] 2.3340666 1.0603335 1.0477908 1.0422502
[2055, 0.58936894, 0.84258085, 6.04883, 0.45980123] 1.9921421 1.2883874 0.98219013 1.4624112
[2056, 0.4632574, 1.0045859, 4.4290514, 0.6137325] 2.7233496 0.9982919 0.9814997 1.1201636
[2057, 0.40505445, 1.0526117, 4.1845293, 0.6145246] 2.6421134 1.1175368 1.0372629 1.1728107
[2058, 0.4290827, 1.0304164, 4.4340544, 0.68108094] 2.7006862 1.163934 1.0577196 1.016985
[2059, 0.45056054, 1.0134746, 5.215356, 0.53868926] 2.4351318 1.201477 0.88862354 1.1605659
[2060, 0.4508628, 1.0390565, 5.7230315, 0.56072235] 2.3247278 1.1785284 1.088839 1.3020945
[2061, 0.43859148, 1.0267386, 4.804831, 0.47355732] 2.7426977 1.2353106 0.82041913 0.9888026
[2062, 0.42163563, 1.0450166, 4.9409466, 0.47572136] 2.672534 1.0665623 0.89519817 1.1223061
[2063, 0.4991609, 1.0032629, 4.214478, 0.57520753] 2.5683584 1.1956675 1.0230368 1.2326962
[2064, 0.61064285, 0.967969, 2.8691506, 0.7018553] 2.986395 1.0505433 0.9974996 1.0817871
[2065, 0.48385102, 1.0187746, 5.424713, 0.51451254] 2.392554 1.1020784 0.99266523 1.3216707
[2066, 0.42777124, 1.0388463, 4.6496344, 0.43660003] 2.4695709 1.1241133 0.99606884 1.2891836
[2067, 0.44792348, 1.0297014, 3.6849847, 0.4238167] 2.7693386 1.0980648 0.9118116 1.1238794
[2068, 0.45611465, 1.0084463, 5.0085945, 0.5812952] 2.4360352 1.1171695 0.9475293 1.2195886
[2069, 0.5491604, 0.8872387, 5.678888, 0.46282923] 2.3735864 1.0354416 0.887188 1.1747018
[2070, 0.5281244, 0.88438547, 5.8995056, 0.46683085] 2.2169406 1.2193718 0.99046934 1.1822187
[2071, 0.5561222, 0.90482676, 5.4355173, 0.49778172] 2.2976234 1.0157579 1.1125153 1.2726544
[2072, 0.38129732, 1.066465, 4.0110574, 0.68162477] 2.7000556 1.0874913 1.0011704 1.1765262
[2073, 0.4606364, 1.0192871, 5.45201, 0.5342999] 2.6198344 0.8470787 0.94434017 1.2924662
[2074, 0.59019816, 0.852378, 6.2722073, 0.42298403] 2.2044685 1.0920359 1.0055946 1.3100072
[2075, 0.41288835, 1.0434684, 4.226084, 0.6578293] 2.8598762 0.9403612 0.9313972 1.0868474
[2076, 0.56131727, 1.013939, 2.751561, 0.590352] 3.00915 1.0780476 1.0564173 0.94268167
[2077, 0.34681976, 1.0860643, 4.480882, 0.5027281] 2.900847 0.8605837 0.9368365 0.9877767
[2078, 0.4325104, 1.0455812, 5.231686, 0.49210748] 2.6158159 1.1431962 0.89840305 1.0104917
[2079, 0.4296243, 1.0380293, 5.5456696, 0.5246431] 2.6159444 0.9132984 0.9959178 1.1141443
[2080, 0.582642, 1.0023484, 2.7468019, 0.7007974] 3.1345944 1.2695642 0.8378315 0.7983401
[2081, 0.5416995, 0.95186347, 4.1225677, 0.52413446] 2.5774536 1.1917088 1.006869 1.2945224
[2082, 0.5571567, 0.84874564, 5.9438524, 0.4160668] 2.1307766 1.052458 1.1080191 1.3591796
[2083, 0.39534363, 1.0759511, 4.8940787, 0.49980825] 2.5708044 1.1928802 0.9456082 1.2162902
[2084, 0.40632263, 1.0485398, 5.065495, 0.5011536] 2.6076713 1.1182805 0.9281259 1.1767884
[2085, 0.63693506, 0.80100286, 4.9361587, 0.3802086] 2.4092064 1.1843864 0.9743682 0.9081442
[2086, 0.46526206, 1.0455508, 4.0298867, 0.6375031] 2.9141245 1.203532 0.76660264 0.92138654
[2087, 0.45016024, 1.0197085, 4.3358974, 0.6110909] 2.676884 1.042285 0.89456934 1.2738422
[2088, 0.54866064, 0.9824038, 3.176374, 0.6185372] 2.9105377 0.94631475 1.0550067 1.0607387
[2089, 0.44691497, 1.0357264, 4.0258446, 0.63518566] 2.9246044 1.0256317 0.9767846 0.889335
[2090, 0.47646824, 1.019154, 3.7977664, 0.6453834] 2.7788675 1.1689389 0.8937918 1.0387739
[2091, 0.36982268, 1.0552375, 4.7290654, 0.47930437] 2.5595694 1.1764852 0.9321723 1.11026
[2092, 0.4443504, 1.0239608, 3.9927225, 0.7118184] 2.722649 1.029907 0.94881254 1.1695907
[2093, 0.4610666, 1.0067078, 4.8957343, 0.4847261] 2.7223287 0.90525246 0.9723358 1.1635982
[2094, 0.42859647, 1.0263636, 5.2354913, 0.44361183] 2.4633336 1.1739416 1.0222423 1.183662
[2095, 0.4880021, 0.9956041, 4.931778, 0.49618465] 2.4616432 1.0846175 0.8633049 1.2920712
[2096, 0.43911284, 1.0032821, 4.1089425, 0.4738888] 2.6608362 1.1368997 0.93420416 1.1880355
[2097, 0.42867035, 1.0314585, 4.213899, 0.73909354] 2.7172194 1.1527303 0.8617169 1.1716859
[2098, 0.51088035, 0.9900485, 3.6891491, 0.59839493] 2.7904544 1.2149835 0.7968951 1.1476152
[2099, 0.38048452, 1.0667129, 4.5942326, 0.589685] 2.70182 1.1407893 0.9280769 1.120213
[2100, 0.57401466, 0.833062, 5.852473, 0.41308266] 2.3174949 1.1333934 0.9250394 1.0904166
[2101, 0.5992861, 0.80640274, 5.8874383, 0.43362582] 2.1659684 1.0010369 1.004383 1.3738904
[2102, 0.49396247, 0.97770566, 4.268568, 0.38613474] 2.66888 1.0562885 0.99515647 1.1023974
[2103, 0.4649144, 1.0246917, 4.718604, 0.5815524] 2.790396 1.2261872 0.95279557 0.8842422
[2104, 0.3912932, 1.0499257, 5.6110435, 0.52720505] 2.5522249 0.96501017 1.1469584 1.1025709
[2105, 0.40841365, 1.0592746, 4.845095, 0.6140194] 2.5245378 1.084927 0.9892708 1.2987006
[2106, 0.45970446, 1.0222181, 4.1630425, 0.5498097] 2.8052363 1.1329696 0.9005095 1.0195172
[2107, 0.40882248, 1.0479622, 5.432618, 0.5305121] 2.8561637 1.0790478 0.8475868 0.8224695
[2108, 0.35376495, 1.0651538, 4.345303, 0.71464425] 2.7809904 1.0303589 0.9517829 1.0915127
[2109, 0.52650267, 0.90949106, 5.5715847, 0.5597724] 2.4303467 0.9708081 0.95075715 1.1696359
[2110, 0.3576373, 1.0734274, 4.554558, 0.5595331] 2.6652596 1.1889188 1.000562 1.0798296
[2111, 0.52381223, 1.0179284, 3.364389, 0.6091795] 2.9915736 1.0626383 0.95734656 0.9155637
[2112, 0.44219145, 1.0277812, 5.5737824, 0.61032045] 2.7197306 0.9127027 0.90047395 1.0066897
[2113, 0.46465203, 0.85567105, 5.414621, 0.42167324] 2.214363 1.009327 0.8749642 1.2961602
[2114, 0.4327795, 1.0439467, 4.2295117, 0.5894909] 2.8209016 1.1257263 1.0619504 0.9125417
[2115, 0.40550566, 1.0608242, 4.551417, 0.5893117] 2.8150976 0.9920841 0.9620248 1.0295193
[2116, 0.36571047, 1.0613406, 4.8726645, 0.46227926] 2.7602265 0.9649299 0.9578507 1.0603352
[2117, 0.43475702, 1.0328074, 5.041843, 0.467234] 2.365261 1.0811361 1.0507118 1.2672538
[2118, 0.377485, 1.060935, 5.6756954, 0.50804096] 2.4362235 1.0239829 1.107527 1.2079899
[2119, 0.46369287, 1.020971, 5.204792, 0.38981357] 2.4909847 1.3130612 0.905807 0.940599
[2120, 0.4714561, 0.98969626, 5.392994, 0.60939115] 2.4867532 1.0008894 0.979981 1.1584567
[2121, 0.4943201, 0.98383147, 4.234395, 0.42513195] 2.5142636 0.9136894 1.0674067 1.3455151
[2122, 0.45305985, 1.0320631, 4.244709, 0.64389235] 2.8130908 0.9769076 0.9351202 1.1580886
[2123, 0.39936376, 1.0521338, 4.8543596, 0.749638] 2.6251059 1.1616962 0.9850542 1.1294023
[2124, 0.43474662, 1.0493773, 5.0960345, 0.7075539] 2.4913473 0.99006885 1.0641159 1.2172861
[2125, 0.4254073, 1.0483338, 5.255846, 0.5387274] 2.6453538 1.0984162 0.88594663 1.1314569
[2126, 0.4459679, 1.0324135, 3.244753, 0.6824929] 2.8203738 1.0368774 1.0455157 1.0893471
[2127, 0.43457243, 1.0415664, 5.042341, 0.4793088] 2.7620063 1.1104829 0.8947498 0.95647365
[2128, 0.54531634, 0.89589137, 5.4309053, 0.38092008] 2.3113558 1.1080998 1.0330516 1.2186686
[2129, 0.4117205, 1.0536232, 5.6057906, 0.5814553] 2.8194323 0.8974761 0.8656773 0.8552029
[2130, 0.4439322, 1.019605, 4.49048, 0.52576756] 2.7504296 0.8850189 0.92731625 1.2233133
[2131, 0.45355663, 1.0300205, 3.4146018, 0.48525366] 2.7194488 1.1830066 1.00493 1.0629591
[2132, 0.45270136, 1.0214723, 4.419298, 0.57530797] 2.630027 1.1242133 1.0267915 1.0880835
[2133, 0.47356778, 0.9978296, 3.753541, 0.54854125] 2.5061877 1.2400776 0.9773348 1.3821582
[2134, 0.41582665, 1.0538214, 4.301893, 0.71540815] 2.7654555 1.0644294 1.0459883 1.075168
[2135, 0.44989306, 1.0299913, 3.7793047, 0.4607941] 2.7934434 1.0325571 0.88613814 1.1368405
[2136, 0.55697197, 0.8833939, 5.4887714, 0.41840187] 2.2584052 1.0697315 1.0963446 1.1333466
[2137, 0.5594414, 0.8562276, 5.6679235, 0.4136307] 2.3643267 0.9130969 0.9462884 1.2201233
[2138, 0.44358912, 1.0271429, 4.9599133, 0.5771058] 2.5546968 1.1969604 1.073962 1.0413231
[2139, 0.44274855, 1.0387259, 5.2923145, 0.5697623] 2.534312 1.2136086 0.9467451 1.1513058
[2140, 0.43135622, 1.0431892, 4.880203, 0.42392495] 2.6496103 1.1049658 0.8632439 1.1501273
[2141, 0.45221484, 1.0125304, 5.5459137, 0.74470687] 2.473888 1.0074091 0.8942098 1.2448052
[2142, 0.50891286, 0.8815826, 6.0405006, 0.50413567] 2.2470503 1.0416768 0.9597513 1.3234171
[2143, 0.54079735, 0.91182846, 5.189724, 0.5202553] 2.433372 1.033959 0.86299217 1.2364016
[2144, 0.4514435, 1.0460758, 3.2059355, 0.65480024] 2.8960636 1.0621856 0.8958371 1.0585666
[2145, 0.6284345, 0.8290157, 5.0963917, 0.4584254] 2.3054252 1.0901879 1.0721604 1.1884395
[2146, 0.26091498, 1.1300589, 5.380507, 0.74628687] 2.6511877 1.1249707 0.96804464 1.0025239
[2147, 0.49482313, 1.0202565, 3.5938296, 0.65587753] 2.8833756 1.0583805 0.93755645 1.0871542
[2148, 0.5658044, 0.9759972, 3.0203798, 0.7019772] 2.9095318 1.158946 0.8128716 1.2390236
[2149, 0.4525259, 1.041107, 4.167808, 0.6150205] 2.7260609 1.0697505 0.8962412 1.2197245
[2150, 0.5321045, 0.89011055, 5.663866, 0.49024224] 2.52768 0.9033783 0.8998575 1.0609658
[2151, 0.49360925, 0.9677463, 4.1722956, 0.35919008] 2.4045649 1.143947 0.9907357 1.1646017
[2152, 0.49540496, 0.9968459, 5.4083757, 0.447061] 2.3301194 1.1289846 1.0185741 1.3247374
[2153, 0.6338388, 0.9277704, 2.9083498, 0.71817625] 2.9717796 1.2327965 0.9559845 0.9877185
[2154, 0.5548683, 0.8631577, 6.152103, 0.4481403] 2.2687194 0.9528969 1.0060294 1.2993593
[2155, 0.40396708, 1.0439808, 4.1537204, 0.42611155] 2.667245 1.1774447 0.9217924 1.1466018
[2156, 0.5813585, 0.86864996, 4.8834333, 0.48168173] 2.3194778 1.1139935 0.9267119 1.2400739
[2157, 0.55022246, 0.9316621, 4.926142, 0.45007873] 2.3452337 1.0965015 1.0545295 1.235794
[2158, 0.41075274, 1.0222188, 4.390765, 0.50887334] 2.620242 1.2093724 0.9061977 1.1992884
[2159, 0.5368208, 1.0006028, 3.4000845, 0.6808786] 2.8311024 1.2981088 0.89023024 1.0082475
[2160, 0.44779256, 1.0267922, 4.751853, 0.44144145] 2.6286304 1.2381752 1.0038732 0.9999025
[2161, 0.40053782, 1.0640377, 3.7343948, 0.6886513] 2.8851068 1.1105198 0.942582 0.9320938
[2162, 0.42342138, 1.036243, 5.1393323, 0.44707483] 2.5544822 1.0157448 0.94612265 1.2199843
[2163, 0.52431166, 0.94378716, 4.1402817, 0.5041529] 2.7885106 0.94897044 0.88780314 1.1893129
[2164, 0.5947096, 0.9369644, 3.3162951, 0.85202926] 2.7691922 1.0850474 0.9286669 1.3423324
[2165, 0.43034828, 1.0391728, 5.148663, 0.43365437] 2.5059512 1.1158726 0.87654006 1.2324365
[2166, 0.34138697, 1.0740451, 5.131272, 0.5068648] 2.5987496 1.0727441 0.94274646 1.2653927
[2167, 0.4481177, 1.0221394, 4.856544, 0.544072] 2.5609004 1.0735297 1.0629482 1.2452343
[2168, 0.57672423, 0.85705096, 5.6902637, 0.48174262] 2.2249072 1.2298747 0.97976863 1.2160194
[2169, 0.4764753, 1.0359614, 3.677159, 0.6790323] 2.5831096 1.1010253 1.101026 1.357282
[2170, 0.6130112, 1.0005785, 2.3709054, 0.64881736] 3.008205 1.2668927 0.93263835 1.2089144
[2171, 0.4688509, 1.0475825, 3.806626, 0.8671527] 2.847105 1.1602731 0.8824505 0.9955373
[2172, 0.37476832, 1.0755306, 4.2721806, 0.6459308] 2.7142417 1.0662988 1.0556694 1.0244583
[2173, 0.5390108, 0.92800003, 5.49122, 0.52015483] 2.4021118 1.1763585 0.9440424 1.1247761
[2174, 0.44908366, 1.0428478, 5.407735, 0.43219307] 2.3902178 1.1820221 1.0169014 1.3005413
[2175, 0.4443927, 1.0181938, 5.1824627, 0.5243515] 2.6006758 0.9959369 0.9143847 1.1565688
[2176, 0.40175724, 1.0515319, 4.0637455, 0.72940874] 2.7250803 1.0367904 0.98305476 1.2365477
[2177, 0.43855262, 1.0472368, 3.5131614, 0.62800074] 2.723899 1.1518713 1.0458677 1.1784086
[2178, 0.5346649, 0.9954301, 3.5988235, 0.5470296] 3.0361915 1.0015669 0.90594614 0.92796344
[2179, 0.413953, 1.0415583, 5.6868997, 0.5780987] 2.501381 1.0420597 0.9859885 1.2201731
[2180, 0.5209271, 1.0032122, 3.2174802, 0.66878444] 2.9023008 1.0510341 1.1155529 0.9634669
[2181, 0.5206595, 0.9945707, 3.8180482, 0.74571943] 2.901499 1.1276861 0.9382386 0.91792375
[2182, 0.32831952, 1.0691416, 4.870038, 0.3921998] 2.7168703 0.8650589 0.9433465 1.0652804
[2183, 0.3746523, 1.0805051, 5.840013, 0.490948] 2.5042822 1.3338773 0.93345517 1.0321535
[2184, 0.43035147, 1.060822, 4.477057, 0.46329412] 2.5739493 1.1857098 0.8688451 1.19938
[2185, 0.52596945, 1.014625, 3.1311917, 0.6325155] 2.8864126 1.1454061 1.0982946 0.99336755
[2186, 0.43454865, 1.031135, 5.3753858, 0.49692035] 2.3898861 1.1479994 0.9154845 1.2468885
[2187, 0.5460652, 0.97360575, 3.4594765, 0.72219163] 2.742003 1.1893357 0.90806645 1.2411482
[2188, 0.45529407, 1.0452763, 3.5573287, 0.7110124] 2.780512 1.1661872 1.0084466 1.0360935
[2189, 0.5542982, 1.0157708, 2.899057, 0.44230404] 3.1739898 1.0592593 0.78792727 0.9451016
[2190, 0.5041958, 0.925817, 5.415181, 0.51978534] 2.3379939 1.1112483 0.9570649 1.1684648
[2191, 0.4739171, 0.99033284, 5.6769676, 0.4534141] 2.433964 1.1705185 0.87571865 1.157124
[2192, 0.36411372, 1.0845737, 5.0605273, 0.51369905] 2.605037 1.0576965 0.94353855 1.1328938
[2193, 0.42646694, 1.0319712, 5.4727435, 0.6322786] 2.481847 0.98367786 0.9426819 1.2068672
[2194, 0.43682992, 1.0257376, 4.9495893, 0.3761331] 2.499462 1.1394637 0.8776191 1.2302935
[2195, 0.57257336, 0.9348469, 5.623153, 0.5506351] 2.2619264 1.1723801 1.0975426 1.3363591
[2196, 0.37247834, 1.0518187, 4.4053717, 0.56447583] 2.7930198 0.8922055 1.0026617 1.0849539
[2197, 0.47173288, 1.0043329, 4.848018, 0.506761] 2.659951 1.0302564 0.8570788 1.2382551
[2198, 0.45933422, 1.0066371, 5.1218295, 0.49315158] 2.4321983 1.1172353 1.068268 1.1934901
[2199, 0.44107023, 1.0407099, 4.292711, 0.59312654] 2.7598634 1.1951947 0.9269432 0.9488632
[2200, 0.48856294, 0.821554, 6.752855, 0.45380467] 1.9996731 1.3126434 1.0499749 1.2449132
[2201, 0.49518827, 0.9781465, 3.9585676, 0.4981072] 2.7058027 1.2008692 0.85747683 1.1709146
[2202, 0.49328792, 0.9649325, 4.9418883, 0.44907415] 2.3460262 1.0511868 1.0025144 1.3376778
[2203, 0.52931756, 0.9211704, 5.405164, 0.42074654] 2.5218194 0.99780536 0.8791141 1.0420997
[2204, 0.5077416, 1.017938, 3.4090264, 0.7185635] 2.7756977 1.0946634 1.0885229 1.0973665
[2205, 0.37962463, 1.0629973, 5.22697, 0.47250664] 2.5344944 1.071541 1.0671076 1.0166581
[2206, 0.434612, 1.0348159, 5.138065, 0.44607782] 2.6182873 1.0659276 0.84149 1.0995415
[2207, 0.3859004, 1.0533228, 5.3662114, 0.63509417] 2.5283632 0.923832 1.0448714 1.1641761
[2208, 0.41259584, 1.0259403, 5.1250563, 0.435316] 2.5209196 1.0602219 1.006667 0.95644087
[2209, 0.41340622, 1.0485529, 4.723141, 0.45849264] 2.5048268 1.1888529 0.84181947 1.2234569
[2210, 0.37199444, 1.0989505, 3.0446856, 0.70852435] 2.8734403 1.0293343 0.959166 1.0860533
[2211, 0.45847788, 1.011923, 4.1226044, 0.5194083] 2.6709635 1.1512057 0.97536814 1.1459173
[2212, 0.45795354, 1.0046198, 5.121214, 0.46485722] 2.6208556 1.0162174 0.8414892 1.0812854
[2213, 0.56004506, 0.9408334, 3.298925, 0.5158796] 2.5902483 1.3185067 0.97179496 1.2311432
[2214, 0.33087415, 1.1037112, 5.945621, 0.5905866] 2.3709636 1.0844162 1.0265446 1.2658194
[2215, 0.476983, 1.0136702, 3.4843516, 0.5837154] 2.7768326 1.161534 0.8560916 1.1132491
[2216, 0.3889867, 1.0847137, 5.5392137, 0.60098946] 2.4664934 1.0799071 0.9655063 1.354878
[2217, 0.48117036, 0.74854773, 5.57945, 0.90289825] 2.0548384 0.99625736 0.9178156 1.3148823
[2218, 0.4203814, 1.0466311, 4.337567, 0.539904] 2.52175 1.1806731 1.0668492 1.2756255
[2219, 0.47229034, 1.009594, 5.171314, 0.6461026] 2.4383388 0.958832 0.99748254 1.336751
[2220, 0.4931408, 0.9813258, 4.291873, 0.4962914] 2.5934277 1.0710183 0.95219254 1.2731849
[2221, 0.421193, 1.0226004, 4.043544, 0.6642176] 2.765656 0.9388876 0.8563802 1.2806932
[2222, 0.5220711, 0.98082083, 4.040517, 0.5028906] 2.8416672 1.1767834 0.8394451 0.90994483
[2223, 0.5233699, 0.99965924, 3.2437768, 0.68960685] 2.8262002 1.0953945 0.87044203 1.1674323
[2224, 0.59237385, 0.7853601, 6.783724, 0.46499515] 2.0801697 1.2494223 0.9465258 1.3247674
[2225, 0.36102062, 1.0516499, 4.173836, 0.48343322] 2.721498 1.0814264 0.91536564 1.1300701
[2226, 0.5174725, 0.96156776, 5.1515493, 0.45279655] 2.466549 1.1566672 0.8744081 1.1282196
[2227, 0.3826988, 1.058958, 4.771768, 0.44340205] 2.587856 1.13942 0.9096662 1.1923536
[2228, 0.49131954, 1.0356568, 2.6446033, 0.5953288] 3.125823 0.81025636 0.9955223 1.1041665
[2229, 0.45842245, 1.0359048, 3.7125, 0.84991556] 2.728498 1.134207 0.91933125 1.250191
[2230, 0.4430032, 1.0195013, 4.0637474, 0.3685629] 2.568914 0.993601 1.0538182 1.3534317
[2231, 0.59877515, 0.8523248, 5.149992, 0.43648487] 2.3853087 1.0958991 0.8632986 1.2151635
[2232, 0.5650032, 0.9491811, 3.8245904, 0.7078665] 2.6626625 1.0780678 0.9504454 1.3876135
[2233, 0.5631918, 0.9112323, 4.930513, 0.5161397] 2.316535 1.0390555 1.0486056 1.2580547
[2234, 0.5010335, 1.0379202, 2.8153584, 0.84092987] 2.9082773 1.1311702 1.0475386 1.0539529
[2235, 0.5782096, 0.80303687, 5.7533464, 0.4537478] 2.3812165 0.9985541 0.8827875 1.1213914
[2236, 0.5337234, 1.0273453, 2.6922643, 0.7645555] 3.0476248 1.1307521 0.98406965 1.0210369
[2237, 0.40795526, 1.0444049, 4.3954806, 0.7644902] 2.623849 1.1729931 1.0318986 1.1300547
[2238, 0.41923395, 1.0506016, 4.2267284, 0.55481607] 2.7389193 1.0672374 1.034749 1.0737234
[2239, 0.42431733, 1.0365168, 4.2394886, 0.5446303] 2.7898545 0.99726033 0.8940088 1.1924098
[2240, 0.5424922, 1.0499662, 2.7100892, 0.80994326] 3.0106559 1.1638614 1.1270385 0.97837704
[2241, 0.4156882, 1.0642, 4.673522, 0.44284928] 2.524126 1.2113243 0.9754945 1.1566808
[2242, 0.587713, 0.8760291, 5.039055, 0.52436537] 2.3261268 1.2025789 1.0691357 1.0544138
[2243, 0.5775597, 0.95302486, 3.2465603, 0.61034954] 2.9607785 1.0588418 0.91388047 1.0065435
[2244, 0.41798377, 1.0611603, 5.463168, 0.5416595] 2.4832652 1.097925 0.9854973 1.2883042
[2245, 0.38584128, 1.0702437, 4.9894876, 0.48186725] 2.6833692 1.1384218 0.9358217 1.0335215
[2246, 0.42277884, 1.0341522, 5.359121, 0.5057285] 2.61637 1.1808178 0.91281414 0.95505404
[2247, 0.3699041, 1.0740179, 5.5286226, 0.5445298] 2.6359181 1.1882138 1.0095953 1.0472921
[2248, 0.49138096, 0.97142625, 4.793375, 0.6242797] 2.4788513 1.0609664 0.998431 1.1165292
[2249, 0.29421857, 1.1209381, 5.5808363, 0.59319544] 2.6318312 1.0220869 0.9132334 1.0402772
[2250, 0.46337718, 0.96427786, 5.7736278, 0.45470765] 2.3133996 1.1433176 0.98799753 1.1369247
[2251, 0.5074782, 0.79045826, 5.6038446, 0.4827445] 2.1782424 1.0808765 0.93249965 1.1821128
[2252, 0.5754706, 0.9255196, 4.605782, 0.4362819] 2.2945328 1.268627 0.90947396 1.2767532
[2253, 0.4630315, 1.0074273, 4.8604984, 0.4453567] 2.6404746 1.3084241 0.93077147 1.0045371
[2254, 0.43910527, 1.0334787, 5.1538315, 0.45379654] 2.7004685 1.0592301 0.81247365 1.1529479
[2255, 0.45004097, 1.0093733, 3.2870355, 0.5946914] 2.8221252 1.010043 0.9401406 1.1410702
[2256, 0.41206908, 1.0349679, 5.4766107, 0.53999746] 2.4464204 1.0972886 0.9721587 1.1298995
[2257, 0.5029574, 0.98331803, 5.1602125, 0.46519473] 2.6344821 0.99390906 0.8331073 0.93956786
[2258, 0.440683, 1.039265, 4.9612813, 0.46869448] 2.872157 0.9655712 0.9277831 0.89939076
[2259, 0.4621448, 1.052836, 3.2507038, 0.7576818] 2.7356458 1.2594464 1.108487 1.0301833
[2260, 0.49673042, 1.0012487, 4.0502667, 0.5276554] 2.5397723 1.1862378 1.0863702 1.1963539
[2261, 0.59523135, 0.95362103, 3.0500774, 0.7655427] 2.93468 1.1593897 0.8124625 1.1369144
[2262, 0.42757222, 1.0220581, 4.5438085, 0.57305545] 2.7443469 1.0663002 1.020727 1.0546175
[2263, 0.5447478, 0.799002, 5.9180474, 0.4009263] 1.99085 1.1166068 1.0519572 1.5073013
[2264, 0.52173024, 0.94241875, 5.1836987, 0.36129844] 2.4076183 1.0886077 1.1758306 1.0454066
[2265, 0.501176, 0.94910127, 5.0567636, 0.5172524] 2.4356644 0.9459459 0.9945446 1.1882513
[2266, 0.43630698, 1.028542, 5.3595877, 0.64343977] 2.4324567 1.0803925 1.0015148 1.1970913
[2267, 0.4871102, 1.0063479, 4.501538, 0.6803877] 2.4899979 1.0736059 1.0591391 1.4079978
[2268, 0.56393826, 0.9562735, 3.4544811, 0.6830166] 2.852056 1.0133909 0.9889706 1.1564093
[2269, 0.5152718, 0.9384838, 4.4534955, 0.56628484] 2.2536886 1.1845448 1.0373542 1.2654017
[2270, 0.3852441, 1.0759821, 4.729361, 0.54272926] 2.7180994 1.139311 0.9427617 1.0477103
[2271, 0.49537504, 1.0364738, 3.4797335, 0.7689481] 2.890226 1.0771562 1.0494244 0.9781889
[2272, 0.5992151, 0.95857173, 2.7878866, 0.88228875] 2.9592183 1.1587465 0.9716223 1.0441741
[2273, 0.5384748, 0.923247, 6.0029783, 0.53803617] 2.5384586 0.86357623 0.9652761 1.1254805
[2274, 0.36854145, 1.0845792, 5.474789, 0.53395015] 2.5447202 1.1496263 0.9875034 1.1183627
[2275, 0.5567258, 0.8297852, 6.669604, 0.5444476] 2.106484 1.0370239 1.1000932 1.3429279
[2276, 0.47374478, 1.0047078, 4.0887485, 0.5794374] 2.7354298 1.0524316 0.947158 1.1625721
[2277, 0.4304148, 1.0427488, 4.62339, 0.53965634] 2.6304326 1.1731578 1.0338535 1.0412883
[2278, 0.48786744, 0.9961916, 4.060665, 0.60332096] 2.7284055 0.96570295 0.9757829 1.2950768
[2279, 0.40504196, 1.046653, 4.439165, 0.4614353] 2.7210443 0.97035396 1.0154737 1.1834606
[2280, 0.45376235, 1.0170927, 4.908488, 0.6440417] 2.6919067 1.1359935 0.9035056 1.0364238
[2281, 0.46658173, 0.8972086, 6.1875563, 0.3697889] 2.1720371 1.1074069 0.9630385 1.3644673
[2282, 0.5373577, 0.9308141, 5.057445, 0.4792772] 2.2802541 1.1504465 1.0631628 1.2086426
[2283, 0.39008364, 1.0700642, 5.081836, 0.4025751] 2.5301127 1.0588174 0.9247314 1.1499788
[2284, 0.43026868, 1.0485752, 4.039771, 0.4891503] 2.7362323 1.0576389 1.0259322 1.0996283
[2285, 0.4388782, 1.031863, 5.444758, 0.48984146] 2.5731308 1.1011032 0.95263743 1.0400054
[2286, 0.42734513, 1.0558349, 3.9526944, 0.6473174] 2.6938958 1.2016779 0.9386574 1.1968689
[2287, 0.44342119, 1.0199649, 5.73542, 0.53526056] 2.4348133 0.9388851 1.1959913 1.227543
[2288, 0.6018377, 0.8410335, 4.6267924, 0.35214326] 2.3117094 1.1590619 1.0057225 1.1673313
[2289, 0.34906787, 1.093132, 5.355606, 0.5555109] 2.6629179 0.98828846 1.0000734 1.1100979
[2290, 0.34651348, 1.0776476, 4.5221, 0.6271531] 2.6627939 1.1432623 0.89705163 1.1057316
[2291, 0.52944386, 0.9956107, 4.2465696, 0.69234407] 2.568461 1.0948371 1.025572 1.3633165
[2292, 0.3581081, 1.089599, 5.1244164, 0.47944698] 2.6284869 1.0843045 0.96755815 1.0567753
[2293, 0.3776252, 1.0710939, 4.24397, 0.79710937] 2.7580998 1.0952269 0.94983035 1.1319615
[2294, 0.51053387, 1.0048552, 3.637217, 0.8022957] 2.8949249 1.0582699 0.93738115 1.0255939
[2295, 0.5093519, 0.98462933, 3.575643, 0.47071975] 2.8428905 1.1125717 0.9467819 0.94300765
[2296, 0.4960711, 0.975458, 5.5099773, 0.51468676] 2.5538273 1.0187606 0.7686787 1.1920996
[2297, 0.5118115, 1.0107753, 3.599144, 0.5507221] 2.7558484 1.2298249 1.039709 1.0135815
[2298, 0.52390754, 0.9106023, 4.908593, 0.43743935] 2.3789353 1.1542939 0.9010555 1.1176225
[2299, 0.5391658, 0.95515543, 5.9475927, 0.5451151] 2.3680882 1.0063114 0.9843627 1.332816
[2300, 0.36725175, 1.074248, 4.989684, 0.6739921] 2.6749225 1.231813 0.94831735 1.0317136
[2301, 0.6250474, 0.97379106, 2.5208127, 0.7453527] 2.9021432 1.1606742 1.0360934 1.2405089
[2302, 0.63657516, 0.9614367, 2.934417, 0.8411441] 3.1226583 1.0753925 0.8505913 0.9102935
[2303, 0.49278358, 0.9985409, 4.193897, 0.54787964] 2.7218122 1.1332364 0.8904631 1.1298175
[2304, 0.4824466, 1.0414882, 3.1337602, 0.77221555] 2.8727286 1.0234698 0.9381519 1.2309078
[2305, 0.45725164, 1.0167613, 5.087663, 0.58110476] 2.5897543 0.83707213 0.88101614 1.3123256
[2306, 0.5219635, 0.9779304, 3.8730767, 0.5864702] 2.8235934 1.0881929 0.9073687 1.0962299
[2307, 0.48694503, 0.99527717, 4.058572, 0.6289409] 2.7056901 1.1136243 1.0384582 1.0942593
[2308, 0.3974138, 1.0481158, 5.044289, 0.9572351] 2.666723 0.9844892 1.0997677 1.033008
[2309, 0.250487, 1.1254885, 4.586385, 0.50471395] 2.6617787 0.9443407 0.9713006 1.190739
[2310, 0.45509493, 1.0367551, 5.105571, 0.6086888] 2.390402 1.1765726 0.9480071 1.2910451
[2311, 0.43006936, 1.0430707, 5.0409956, 0.40609854] 2.6782556 1.133323 0.840635 1.1714785
[2312, 0.46004432, 1.0071186, 4.606758, 0.5737476] 2.6581597 1.0388876 0.98477954 1.2104298
[2313, 0.5726651, 0.9712097, 3.2091691, 0.59560746] 2.9484055 0.8828376 1.0083863 1.1183581
[2314, 0.56396526, 0.867649, 5.68942, 0.41960117] 2.3228512 1.059788 0.9760741 1.1670591
[2315, 0.3617681, 1.0919068, 5.7934546, 0.60741115] 2.4868224 1.1929009 0.97315556 1.1906507
[2316, 0.385247, 1.0349056, 4.355772, 0.5380564] 2.6943293 1.0775038 0.9161271 1.1750374
[2317, 0.35592976, 1.0871753, 5.4937267, 0.4137938] 2.4727104 1.1280885 1.0014216 1.2157525
[2318, 0.45279983, 1.0120509, 3.8141863, 0.654695] 2.6491942 1.2215862 0.94584876 1.2343227
[2319, 0.41141254, 1.0477939, 5.162998, 0.41473728] 2.6883647 1.1342119 0.8433558 0.92403495
[2320, 0.50595796, 0.9901056, 4.928365, 0.4582019] 2.3007236 1.1257663 1.0002187 1.4926212
[2321, 0.43887725, 1.033769, 3.8152542, 0.5278009] 2.8114371 1.1219532 0.8079965 1.0766022
[2322, 0.37481466, 1.0475209, 5.6713657, 0.51331174] 2.4670355 1.1030107 0.9065657 1.2007143
[2323, 0.55721563, 0.8921807, 5.2897663, 0.50162256] 2.4058008 1.1350497 0.93467164 1.0509588
[2324, 0.48526308, 0.98863727, 5.1184053, 0.48919636] 2.3999507 0.9717306 1.1690154 1.3467017
[2325, 0.6134557, 0.96660143, 2.6933942, 0.763222] 3.0659122 0.9804886 0.9844869 1.0829691
[2326, 0.41543624, 1.052213, 4.591554, 0.49422276] 2.685321 1.0321851 0.9373911 1.088109
[2327, 0.5819993, 0.8533749, 5.637128, 0.38814667] 2.2360117 1.0644336 1.1156957 1.213027
[2328, 0.4287397, 1.0285387, 3.8091054, 0.575812] 2.7420173 0.97779834 0.89365524 1.2860956
[2329, 0.5962165, 0.9605792, 2.6908674, 0.7159533] 2.8883083 1.1812187 0.9975193 1.251779
[2330, 0.45615336, 1.0360806, 5.5953197, 0.48981607] 2.36821 1.0439272 0.9910621 1.4391152
[2331, 0.5556159, 0.9306975, 5.5249143, 0.5628625] 2.4704893 1.0244526 0.86754173 1.2142547
[2332, 0.40768385, 1.0408207, 4.049842, 0.44740516] 2.6967127 1.2707196 0.9044733 1.0436981
[2333, 0.48845097, 1.0527139, 3.1395888, 0.6184119] 3.0260663 1.128839 0.9454368 0.9396895
[2334, 0.51187307, 0.9851478, 3.8356326, 0.60378337] 2.6553433 1.1747428 1.1045312 1.1417618
[2335, 0.361432, 1.0658092, 4.781722, 0.45176607] 2.7924688 1.1211923 0.9297671 0.9155432
[2336, 0.60719025, 0.740089, 6.369148, 0.40093058] 2.2114506 1.076939 1.0901427 1.0584863
[2337, 0.43115756, 1.0394646, 4.923118, 0.40652117] 2.668007 0.92206067 1.067505 1.0777745
[2338, 0.41790846, 1.0611365, 3.6517293, 0.8066133] 2.93923 1.0264871 0.94758135 0.9991711
[2339, 0.49757484, 1.0176708, 3.0707796, 0.80282944] 2.8810134 1.1461494 0.94109493 1.1163647
[2340, 0.44272515, 1.0255989, 4.89279, 0.44282565] 2.5310438 1.1935822 0.9762565 1.1304529
[2341, 0.48355684, 0.97399163, 5.4477787, 0.45441177] 2.4584239 1.0831085 0.85937095 1.3297468
[2342, 0.4196721, 1.0518408, 4.7882676, 0.46871457] 2.6875432 1.3322177 0.92779636 0.87774104
[2343, 0.41434577, 1.0383791, 4.220205, 0.5826711] 2.7011805 1.0806215 0.9979412 1.0661931
[2344, 0.44475847, 1.0715972, 3.7613688, 0.6021712] 2.6513004 1.1327436 1.1131374 1.2413363
[2345, 0.5462876, 0.8736408, 5.2084966, 0.42946422] 2.4155693 0.94522625 0.83992696 1.3503443
[2346, 0.60906625, 0.9764403, 3.1692674, 0.7186582] 2.838068 1.2702832 1.0288634 1.1476763
[2347, 0.41709334, 1.0446941, 4.7201133, 0.6185863] 2.732341 1.1410184 1.0257468 0.9380955
[2348, 0.45116857, 1.0204273, 4.2909007, 0.6283217] 2.702825 1.2017545 0.94003546 1.0525781
[2349, 0.43440002, 1.0395085, 5.0796647, 0.45650184] 2.52275 1.1385398 0.84946406 1.1627159
[2350, 0.52204484, 0.92206067, 5.0657406, 0.38726008] 2.3345802 1.0283842 1.0316334 1.3214979
[2351, 0.33492196, 1.08963, 5.246744, 0.5199904] 2.574169 1.2972066 0.86937994 1.0609093
[2352, 0.57882166, 0.9544688, 3.2133365, 0.69791937] 2.8896918 0.8768974 0.91936666 1.2658869
[2353, 0.40730906, 1.0651122, 4.482001, 0.554491] 2.616042 1.1885736 0.9568477 1.1175209
[2354, 0.55705947, 1.0160259, 3.1358638, 0.7984247] 2.8336258 1.1682069 1.0744772 1.1565953
[2355, 0.46771464, 0.95430744, 5.1095796, 0.4747713] 2.4095955 1.1686637 0.9363383 1.0600581
[2356, 0.34984067, 1.0750177, 4.4232244, 0.6632503] 2.6216009 1.0889375 0.98420626 1.2342701
[2357, 0.37093025, 1.0506318, 4.778333, 0.54669094] 2.6800392 1.1046705 0.99472594 1.1220295
[2358, 0.5071102, 0.99993587, 5.601471, 0.48040453] 2.3302155 0.9940758 0.91586894 1.5555575
[2359, 0.5945583, 0.96074754, 3.101267, 0.642346] 2.7571788 1.1648949 1.0854498 1.2042906
[2360, 0.45575467, 1.0271279, 5.43216, 0.54734385] 2.4308798 1.1318733 0.8644855 1.2512
[2361, 0.4428693, 1.0441597, 4.141169, 0.632093] 2.7805226 1.1226918 1.0022321 1.0111611
[2362, 0.5782392, 1.0190411, 2.6121404, 0.70683855] 3.2104204 1.0551978 0.8278432 0.97505516
[2363, 0.43364128, 1.0334746, 4.6292114, 0.52611035] 2.654101 1.0426489 1.0162308 1.1699324
[2364, 0.51142275, 0.9136897, 5.158178, 0.4745917] 2.300356 1.0796751 1.0164385 1.2495208
[2365, 0.35950896, 1.0824691, 5.3299565, 0.5571682] 2.618795 1.1415313 0.8456676 1.0607446
[2366, 0.3642379, 1.0730453, 4.627368, 0.47378927] 2.696763 0.99480134 0.8834478 1.1430823
[2367, 0.38260305, 1.0865079, 5.7789145, 0.5543715] 2.528816 1.0707529 0.8672099 1.2902608
[2368, 0.4575945, 1.0093392, 3.8884764, 0.46899652] 2.8085945 0.95090914 0.9671349 1.1026678
[2369, 0.43979615, 1.0372931, 4.040009, 0.4843698] 2.723483 1.011219 0.95124245 1.240349
[2370, 0.44830686, 1.0527935, 4.140558, 0.5703795] 2.876639 1.1318909 0.79321355 1.0459273
[2371, 0.49970582, 1.0008392, 3.7043595, 0.57238585] 2.8872564 1.1104519 0.9058292 1.0046233
[2372, 0.51027113, 1.0245048, 3.014348, 0.798286] 2.7562087 1.1203122 1.08115 1.3249252
[2373, 0.44589823, 1.026, 3.9599068, 0.58156836] 2.7197998 1.0644557 0.9301771 1.237326
[2374, 0.317772, 1.1065998, 5.2309666, 0.5214587] 2.7055583 1.058498 0.8616606 0.9375538
[2375, 0.46966627, 1.0419619, 3.9557989, 0.7150358] 2.7409313 1.1289569 0.9008067 1.1666887
[2376, 0.414668, 1.0457036, 4.434752, 0.5060121] 2.7327964 1.1215734 0.8886462 1.150966
[2377, 0.40137196, 1.0713665, 4.876262, 0.5242416] 2.5820076 1.075421 0.94334835 1.2684505
[2378, 0.47613615, 0.99715096, 4.374661, 0.66715527] 2.6737547 1.0919266 0.92689234 1.2254802
[2379, 0.5458551, 0.99107224, 3.766165, 0.86462605] 2.6928406 1.2657753 0.94760555 1.1856854
[2380, 0.48185027, 0.9995252, 5.219567, 0.4565283] 2.489433 1.1827761 0.91604275 1.1476152
[2381, 0.42047605, 1.0372183, 3.687542, 0.49596095] 2.8056328 1.0470829 0.93536687 1.0331305
[2382, 0.38950923, 0.71896905, 5.4739747, 0.7982456] 1.8754482 1.1185426 0.9930374 1.2484041
[2383, 0.58627486, 0.8773192, 4.8031454, 0.47642434] 2.405408 1.0875822 0.95566463 1.1192993
[2384, 0.48574153, 1.0041399, 5.057463, 0.41841504] 2.4250827 1.3092355 0.99366385 1.2621764
[2385, 0.4634999, 1.0210168, 4.454096, 0.4585342] 2.5531805 1.250486 0.85325557 1.2430944
[2386, 0.41670483, 1.0613143, 3.9198182, 0.7127337] 2.7094421 1.1134888 1.0490388 1.1709901
[2387, 0.40630865, 1.0479553, 4.0043306, 0.7366837] 2.7673328 1.1008117 0.8964724 1.1419237
[2388, 0.47739536, 1.0026382, 5.728274, 0.6681306] 2.5232873 1.003682 1.0076778 1.0065994
[2389, 0.37784967, 1.072063, 4.817334, 0.49073207] 2.5019245 1.2204319 0.9804835 1.1267413
[2390, 0.34631282, 1.1035365, 5.9045205, 0.6342162] 2.475111 1.1312655 0.9197696 1.226485
[2391, 0.37146646, 1.0768398, 5.4150157, 0.50397295] 2.5728128 1.1285802 0.86696273 1.1145899
[2392, 0.32533604, 1.1227809, 5.433892, 0.65264255] 2.5491354 1.1152903 1.024886 1.0590816
[2393, 0.39607543, 1.0343714, 4.9753027, 0.46239668] 2.683101 1.1686348 0.9586734 0.9550221
[2394, 0.59524304, 0.9397725, 3.5781384, 0.5563193] 2.8255615 1.1361315 0.8593064 1.1056474
[2395, 0.56562495, 0.9063367, 5.0476766, 0.5367212] 2.4531918 1.1658654 0.82902884 1.0438901
[2396, 0.47197032, 1.0099248, 5.6836505, 0.5857192] 2.583783 1.0852989 0.95798445 0.9675629
[2397, 0.41723248, 1.0281861, 5.509953, 0.48120165] 2.5666642 1.0050989 0.94723415 1.0530506
[2398, 0.43519115, 1.048617, 5.7135453, 0.65160674] 2.5884626 1.0523138 0.9758314 1.1384302
[2399, 0.44628626, 1.0165513, 4.022144, 0.52315915] 2.565145 1.1469219 1.1200522 1.2071227
[2400, 0.52341163, 0.95346266, 5.0290713, 0.49962863] 2.2335987 1.2109848 0.9612283 1.4079993
[2401, 0.34424877, 1.0753391, 5.4580364, 0.5346883] 2.5243325 1.1172236 0.94306904 1.1173066
[2402, 0.5775929, 0.9198989, 4.71366, 0.57326055] 2.2673655 1.2125351 1.0137547 1.2717412
[2403, 0.39375138, 1.0389899, 5.077057, 0.5209084] 2.5929134 1.0682031 0.9032323 1.2157772
[2404, 0.45979396, 1.0185791, 3.8287055, 0.52037835] 2.8902555 1.1985029 1.0120485 0.7932417
[2405, 0.5191235, 1.0371059, 3.2230306, 0.82060593] 2.994921 1.0688407 0.9008276 1.0221035
[2406, 0.56873506, 1.0339692, 2.5933516, 0.66293997] 3.1820028 1.0167879 0.96741354 0.9610149
[2407, 0.55732816, 1.0123707, 3.153054, 0.8609886] 2.9351556 1.0189722 1.046134 1.1039536
[2408, 0.53838897, 0.9538638, 5.667435, 0.5921515] 2.459179 0.85232735 1.0597975 1.3282137
[2409, 0.50708294, 0.9337649, 5.344077, 0.4543346] 2.233924 1.234221 1.0504975 1.1315589
[2410, 0.36021337, 1.0796932, 5.2588573, 0.60913527] 2.5809436 0.977257 1.0408477 1.1250728
[2411, 0.4562422, 1.0226513, 3.25932, 0.60032314] 2.921722 1.0829018 0.7659511 1.1079867
[2412, 0.38282195, 1.0542123, 5.552339, 0.49856448] 2.6399665 1.1682895 0.9314938 1.0320492
[2413, 0.4637324, 1.0083863, 5.1131735, 0.6093318] 2.352401 0.99220467 1.068068 1.3755068
[2414, 0.39766124, 1.0737492, 4.512627, 0.551874] 2.6722698 1.1867253 0.9116501 1.1137918
[2415, 0.5585796, 0.99074906, 3.1173487, 0.62911874] 2.8042624 1.103071 1.1447254 1.1126509
[2416, 0.5067547, 0.98545384, 4.172949, 0.58163244] 2.6367326 1.2644403 0.8795743 1.2328273
[2417, 0.48685512, 0.9835452, 5.7794757, 0.51527315] 2.4120512 1.0398312 1.0076606 1.2137061
[2418, 0.37402982, 1.0591872, 5.179937, 0.4559508] 2.6277933 0.9774483 0.9844841 1.0895596
[2419, 0.43738845, 1.0487183, 4.389375, 0.49301755] 2.589335 1.1307251 0.888818 1.3038635
[2420, 0.56746054, 0.889194, 5.340067, 0.4458726] 2.2155595 1.1950378 1.0005999 1.3339862
[2421, 0.3486844, 1.0609183, 5.352461, 0.62488985] 2.6377199 1.0658025 0.9623265 0.97501343
[2422, 0.50356877, 1.0352011, 3.2096794, 0.71102333] 2.8340325 1.1267309 1.0016915 1.1561093
[2423, 0.35587284, 1.0846096, 5.700293, 0.40709877] 2.6327798 1.0398229 0.82627684 1.1393994
[2424, 0.45997995, 1.0219595, 5.481678, 0.5166545] 2.5441515 1.0900519 0.9146883 1.1987902
[2425, 0.5126668, 0.9297256, 4.7547474, 0.34361184] 2.4164078 1.1443807 0.8813161 1.1515542
[2426, 0.6149007, 0.59721744, 5.4525805, 0.6877548] 1.9584547 1.0797024 0.98975354 1.2260114
[2427, 0.5364553, 0.79249376, 5.9198937, 0.5641616] 2.2544992 1.072949 0.99042434 0.99188524
[2428, 0.62663823, 1.0247037, 2.4339912, 0.96898764] 3.1894493 1.1166102 0.8723787 1.2105805
[2429, 0.37404507, 1.0724784, 4.5991206, 0.629547] 2.8153374 1.0730219 0.9131701 1.006688
[2430, 0.44385827, 1.0134282, 3.3809745, 0.53263915] 2.6203334 1.2121589 1.0679425 1.1422328
[2431, 0.49227053, 1.0092617, 4.9922657, 0.39863756] 2.6628551 1.1691086 1.0029368 0.95129037
[2432, 0.54672194, 0.9726761, 4.4731965, 0.52718735] 2.9569347 1.162067 0.9307406 0.64600396
[2433, 0.48018956, 0.9978066, 5.306803, 0.4278252] 2.4216416 1.3143245 0.9376666 1.0583248
[2434, 0.4079565, 1.0631589, 4.6715803, 0.7383026] 2.7126577 1.1087832 0.9737173 1.1248653
[2435, 0.42709216, 1.0664611, 5.5088143, 0.48643944] 2.4901457 1.1984637 0.7722516 1.3312861
[2436, 0.4791138, 1.0010934, 4.3247614, 0.4133859] 2.6074362 1.209507 1.0289544 1.1972189
[2437, 0.43581605, 1.0216494, 4.0203424, 0.70989907] 2.827342 1.07522 0.9171428 1.0886893
[2438, 0.5404553, 0.89185274, 5.7738495, 0.48986286] 2.2860832 1.0526927 1.0113392 1.250027
[2439, 0.43412316, 1.0147485, 5.5625086, 0.5567421] 2.4814837 1.0110228 0.9732096 1.1149031
[2440, 0.5651304, 0.9571966, 3.3802376, 0.6554803] 2.7822433 1.1167634 0.87609226 1.2272247
[2441, 0.53371435, 0.95773154, 5.4264364, 0.46389744] 2.2435124 1.2803456 1.1202009 1.1749567
[2442, 0.41372293, 1.046831, 5.7114577, 0.47510162] 2.6112525 1.040514 1.0495112 1.0445216
[2443, 0.5210705, 1.0298573, 3.3658342, 0.67712784] 2.9313385 1.0921881 0.86440563 1.0899781
[2444, 0.5122254, 0.96508473, 5.5000014, 0.5311853] 2.2604177 1.1391473 1.0077058 1.3832173
[2445, 0.41593927, 1.0794168, 5.3833575, 0.629099] 2.4496565 1.0854326 1.012779 1.2870145
[2446, 0.4662506, 1.0281867, 4.6453176, 0.5679844] 2.709731 1.004544 0.9228776 1.1983447
[2447, 0.6208253, 0.8095034, 5.5144873, 0.4070104] 2.277894 1.0757905 1.0018221 1.1681807
[2448, 0.49594963, 1.0519581, 3.476497, 0.77939945] 2.8104615 1.1262509 0.9748938 1.1891841
[2449, 0.46872675, 1.0263273, 4.0308466, 0.817623] 2.9008775 0.9978754 0.990158 0.93975174
[2450, 0.47130063, 1.0223141, 4.319761, 0.5291968] 2.7198174 0.9960656 0.9101227 1.1902521
[2451, 0.41586524, 1.0521135, 5.4073734, 0.55817175] 2.556468 1.1191037 0.98289883 1.011254
[2452, 0.44524565, 1.008808, 5.023731, 0.6315372] 2.4057274 1.0032332 1.0333 1.2356639
[2453, 0.5079552, 1.0058974, 3.331402, 0.7384483] 2.8082454 1.0770844 0.9973671 1.1139408
[2454, 0.60435486, 0.8461384, 4.5555058, 0.4627649] 2.332445 1.0483279 1.0116564 1.1518661
[2455, 0.45912948, 1.0303689, 5.3777924, 0.54604644] 2.3867404 1.2935119 0.9063708 1.1457912
[2456, 0.5697982, 0.954517, 5.1707454, 0.3659304] 2.5218208 1.1521499 1.0517515 1.1873273
[2457, 0.5070566, 1.0097966, 3.5187304, 0.51662946] 2.7160623 0.9581516 1.0206975 1.3990457
[2458, 0.5398279, 0.8748229, 6.568336, 0.5130919] 2.1266522 1.1570269 1.1101563 1.2707335
[2459, 0.49143654, 0.9803569, 6.04334, 0.4498226] 2.2988667 1.1618576 1.0587653 1.2003714
[2460, 0.4864562, 0.98082423, 4.3947315, 0.53464484] 2.7968192 1.0922592 0.86673725 1.0672892
[2461, 0.55138767, 1.0456473, 3.0150628, 0.8606919] 3.098567 1.0482277 0.89155287 1.1835192
[2462, 0.44866934, 1.0115936, 4.9628353, 0.6228412] 2.491905 1.1340501 0.88679284 1.047325
[2463, 0.5047215, 0.99441636, 5.694676, 0.5419866] 2.2981372 1.0464035 1.0922185 1.3812014
[2464, 0.5244323, 0.98697644, 3.4595015, 0.7828673] 2.765603 1.0376954 1.0411055 1.2391373
[2465, 0.44373685, 1.0373996, 5.683515, 0.52026814] 2.5083714 1.2156272 0.9635772 1.0594115
[2466, 0.5268925, 0.9399704, 5.141672, 0.45052996] 2.4151328 1.1232427 0.93583167 1.1202945
[2467, 0.5726725, 0.83116364, 4.822226, 0.44734058] 2.2924678 1.0906047 0.9912371 1.1779914
[2468, 0.49201995, 1.0015132, 4.0512547, 0.44443354] 2.6295469 1.2508157 1.0218301 0.9636691
[2469, 0.40461695, 1.0576521, 5.9091005, 0.6583034] 2.690613 0.9078255 0.92003614 1.0283998
[2470, 0.3565146, 1.0534362, 4.1018095, 0.5732897] 2.717554 1.1483625 0.95711416 1.0586798
[2471, 0.42792976, 0.9970851, 5.9002275, 0.7002776] 2.4431303 1.0853662 0.9829692 1.1565644
[2472, 0.54586846, 0.9148775, 5.2829103, 0.53321755] 2.4427683 0.9334656 0.90636086 1.2180268
[2473, 0.40523502, 1.0501887, 4.9438777, 0.44721597] 2.6765594 1.0020639 0.8801736 1.1100255
[2474, 0.48273173, 1.0157118, 3.6887915, 0.69072795] 2.918863 1.2000769 0.82551754 0.9145487
[2475, 0.42814514, 1.0319757, 5.086653, 0.5263857] 2.5325952 1.0963055 1.0484099 1.2620353
[2476, 0.5739827, 0.96170634, 3.1908631, 0.7363441] 2.9401724 0.99313456 0.89807767 1.0795546
[2477, 0.43565828, 1.0183383, 4.6172714, 0.532621] 2.784404 1.2190245 0.86919963 0.9387022
[2478, 0.59782237, 0.78250504, 5.616886, 0.4703153] 2.3231053 1.0046085 0.86512107 1.133404
[2479, 0.5848964, 0.9576942, 3.1712549, 0.89466596] 2.8906255 0.9783476 1.0984837 1.0792458
[2480, 0.4553013, 1.0113877, 4.78354, 0.5153122] 2.4469748 1.1656765 0.91635495 1.0895506
[2481, 0.44729587, 1.0868294, 2.9999132, 0.9878484] 2.9860604 1.0090916 0.94008833 1.0707009
[2482, 0.3898902, 1.0442992, 4.433221, 0.5058958] 2.6809144 0.94984704 1.0754106 1.1164159
[2483, 0.4143527, 1.054881, 5.064809, 0.52241683] 2.6234653 1.1680869 0.837243 1.1599429
[2484, 0.37319964, 1.0862445, 5.4727144, 0.5119359] 2.543261 1.1309756 1.0256302 1.0608097
[2485, 0.5975307, 0.7666056, 6.1278048, 0.4376015] 2.2323816 1.0180609 0.88130486 1.3343996
[2486, 0.40376976, 1.0487233, 5.699318, 0.5724465] 2.545731 1.1121981 0.90690106 1.0425919
[2487, 0.56410384, 0.9748775, 3.8168144, 0.60367036] 3.0390892 1.1047338 0.875994 0.7463868
[2488, 0.6013677, 0.942407, 3.3721952, 0.66931427] 3.0139568 1.1391023 0.86722827 0.8794689
[2489, 0.45037875, 1.0410099, 4.333094, 0.4521937] 2.6234987 1.1812209 1.0256016 1.181902
[2490, 0.53194517, 0.99139214, 5.7993183, 0.4980135] 2.2898865 1.2613332 1.012612 1.3302976
[2491, 0.44280252, 1.0024257, 4.514927, 0.94553584] 2.6934566 1.0637988 0.9550234 1.165265
[2492, 0.418629, 1.0513439, 5.747681, 0.8561574] 2.511394 1.1516486 0.9832486 1.082732
[2493, 0.3749786, 1.0420244, 4.9530478, 0.54152894] 2.700259 0.93274426 1.0070567 1.1410087
[2494, 0.55220133, 0.7425909, 5.0664062, 0.44418734] 2.1026807 1.0517156 0.8911135 1.3807724
[2495, 0.61526346, 0.79453295, 6.0490246, 0.50082576] 2.231736 1.1586536 1.0087364 1.0971854
[2496, 0.39008626, 1.0681149, 4.8003025, 0.49575728] 2.526492 1.0983486 1.0206139 1.1757274
[2497, 0.42693898, 1.0513003, 4.151236, 0.4686247] 2.577946 1.1032034 0.9114753 1.2572173
[2498, 0.5801957, 0.7897979, 5.668296, 0.3708093] 2.215047 0.9711735 1.160592 1.196558
[2499, 0.5330936, 0.9903587, 3.5336196, 0.71630454] 2.747464 1.081443 0.969006 1.2592593
[2500, 0.42761755, 1.0282751, 4.0410013, 0.48883924] 2.725994 1.1847892 0.98220265 1.0171436
[2501, 0.48273322, 0.9990323, 4.144081, 0.54284996] 2.7009566 1.0114683 0.9986931 1.2340114
[2502, 0.31069216, 1.1205794, 5.344293, 0.53120583] 2.5950236 1.1363543 1.0100396 1.018724
[2503, 0.39561963, 1.0323428, 4.18936, 0.57533294] 2.5983987 1.1067343 1.1204127 1.1428771
[2504, 0.34061652, 1.0956295, 5.458989, 0.4598978] 2.608836 1.1829057 0.87721527 1.0907433
[2505, 0.35340944, 1.0639712, 4.3166165, 0.4424029] 2.67198 1.174384 0.94756377 1.0124203
[2506, 0.38738412, 1.0666993, 4.880822, 0.51515025] 2.6151977 1.1120381 0.9884884 1.0796663
[2507, 0.5124823, 0.9482784, 5.3955035, 0.45195705] 2.4211977 1.1527013 0.87834185 1.1416546
[2508, 0.43866622, 1.0343101, 4.768073, 0.4114921] 2.6989713 0.9778656 0.90337837 1.132673
[2509, 0.48266068, 0.9986162, 4.6017365, 0.59368545] 2.6869926 1.0297804 0.9609304 1.1823373
[2510, 0.54551226, 0.8971772, 5.138821, 0.5115713] 2.2822323 0.97540534 1.0921121 1.2460502
[2511, 0.53286445, 0.96266454, 5.622312, 0.56961286] 2.552574 1.132506 0.97083324 1.0056181
[2512, 0.39873618, 1.0579801, 4.6478105, 0.51465666] 2.7635 1.1748077 0.90817165 0.9614253
[2513, 0.36234486, 1.0852368, 5.7622137, 0.55645] 2.6304007 1.1133578 0.9266107 1.0295341
[2514, 0.42000422, 1.0689131, 4.995745, 0.42837155] 2.577391 1.0913994 0.9651133 1.1118034
[2515, 0.41364178, 1.0550411, 4.330995, 0.48248976] 2.67978 1.2532657 0.88325363 0.98836774
[2516, 0.3947171, 1.0607344, 5.2175713, 0.5423734] 2.7411327 0.9695188 0.8776668 1.0218004
[2517, 0.5147922, 1.0085309, 3.5644407, 0.73495126] 2.7260494 0.9245627 1.0696929 1.3365549
[2518, 0.4803985, 0.9822919, 5.578125, 0.49757048] 2.4971895 0.9170831 1.0231804 1.2046154
[2519, 0.62052155, 0.7231285, 5.9129634, 0.4343435] 2.3066368 1.0310723 0.90975666 1.0805721
[2520, 0.45264417, 1.0241942, 4.2295504, 0.6429136] 2.6586845 1.1925975 0.9881553 1.1008406
[2521, 0.5554598, 0.9045614, 5.103692, 0.4754407] 2.1774347 1.147986 1.0243897 1.41598
[2522, 0.42672038, 1.0440738, 4.415716, 0.59927505] 2.6579757 1.143369 0.9639779 1.1464221
[2523, 0.51293004, 0.94307613, 5.2636075, 0.47719026] 2.34282 1.0274922 1.0561702 1.2701812
[2524, 0.40958318, 1.0715463, 6.2265387, 0.75524634] 2.50469 1.0631857 0.94419396 1.1975396
[2525, 0.3450552, 1.0903579, 5.5592, 0.6634532] 2.5381596 1.1489205 0.8516022 1.1452082
[2526, 0.5847119, 0.7589294, 6.176708, 0.47821334] 2.1463768 1.0679923 1.0458976 1.2003894
[2527, 0.4303229, 1.038038, 5.259359, 0.49942398] 2.495983 1.2681984 0.92468125 1.2717941
[2528, 0.5519533, 0.9886367, 2.9832618, 0.7202038] 2.9292297 0.9730318 0.9825499 1.1792953
[2529, 0.42656457, 1.0416317, 4.94091, 0.61901873] 2.4510367 1.1335014 1.0855429 1.1725714
[2530, 0.3787824, 1.0966575, 5.6989727, 0.6850301] 2.5782218 1.0301231 1.0530478 1.0301076
[2531, 0.45250317, 1.061632, 3.8412209, 0.88933665] 2.9536347 1.0019675 0.9170169 1.0450678
[2532, 0.6248064, 0.8227314, 4.947362, 0.43236458] 2.5458014 0.9674463 0.7834518 1.0288984
[2533, 0.54056746, 1.0003875, 3.5199764, 0.7412182] 2.631987 0.9571055 1.1095903 1.4083433
[2534, 0.53145045, 0.99804574, 3.3089516, 0.63475406] 2.8259254 1.149398 0.9277465 1.1347873
[2535, 0.52812105, 0.9268864, 5.2658567, 0.4565104] 2.2391 1.1403133 1.0753697 1.2969121
[2536, 0.5600011, 0.89497674, 4.465953, 0.42255935] 2.4502032 1.0153959 0.96402 1.0668138
[2537, 0.40030637, 1.0762212, 5.4430656, 0.65479434] 2.429178 1.1698053 0.98398733 1.2941165
[2538, 0.4008225, 1.0655755, 5.5046515, 0.51308453] 2.5683098 0.99020463 1.0056103 1.1567528
[2539, 0.41381386, 1.018157, 4.4915214, 0.40411982] 2.8533294 0.8628308 0.97891927 1.0149765
[2540, 0.4438883, 1.0242163, 6.0362945, 0.80960584] 2.5132372 0.89136904 1.0198896 1.1993548
[2541, 0.55981046, 0.90435296, 5.37148, 0.8722523] 2.3688903 1.05257 0.9693035 1.2350572
[2542, 0.46533343, 1.0472625, 5.087699, 0.49112773] 2.3789384 1.3341432 1.0344181 1.2581978
[2543, 0.39247182, 1.0606412, 4.1716247, 0.61616147] 2.7749279 1.0941433 1.0082763 0.99858785
[2544, 0.42006, 1.0418555, 4.0433083, 0.58278507] 2.7301025 1.1031204 0.8359678 1.1719322
[2545, 0.37584326, 1.0726261, 5.340575, 0.43978816] 2.588751 1.0981154 0.86684334 1.0590922
[2546, 0.42284825, 1.0239524, 5.110507, 0.4565531] 2.5224817 1.2173265 0.8662585 1.2011898
[2547, 0.28754884, 1.1152172, 5.5447335, 0.75153583] 2.6249163 1.0336578 1.003748 1.0590413
[2548, 0.46021727, 1.0394711, 3.4310975, 0.6563389] 2.9664147 0.9246166 0.9771315 1.022322
[2549, 0.4338673, 1.0265262, 4.1945944, 0.50872755] 2.76861 1.0656921 0.9561008 1.0791641
[2550, 0.37694937, 1.0670694, 4.8491344, 0.4882783] 2.838534 1.0870308 0.87916523 0.8599959
[2551, 0.5738135, 1.0052528, 2.9575818, 0.6307992] 3.0792446 1.1987302 0.83800316 0.8877184
[2552, 0.43471712, 1.0529009, 4.108895, 0.6813539] 2.8037207 1.0804026 0.9528268 1.0674844
[2553, 0.4069133, 1.0446901, 4.1039963, 0.6872999] 2.9105465 1.0273994 0.8967443 0.96818525
[2554, 0.5017678, 1.0151063, 4.8142357, 0.5454287] 2.5724983 1.2562131 0.8438137 1.1236538
[2555, 0.3863492, 1.0569568, 5.1407356, 0.4952395] 2.6672404 1.0857441 0.8829025 1.0817344
[2556, 0.47608548, 1.0098077, 5.3707194, 0.49221903] 2.3243933 1.2631148 0.94728386 1.286122
[2557, 0.4527008, 1.0264843, 5.365294, 0.3994277] 2.4922662 1.0627497 0.9610599 1.2301586
[2558, 0.43972558, 1.0363066, 3.9825976, 0.7786099] 2.7526298 1.1483963 0.93183583 1.0693889
[2559, 0.48163763, 1.0277039, 3.242334, 0.7491396] 2.9614897 1.0287921 0.89701873 1.0285335
[2560, 0.4858897, 1.0346334, 3.926886, 0.68373466] 2.6128654 1.186944 1.1099049 1.2497973
[2561, 0.46070242, 1.017696, 3.7077634, 0.554706] 2.7055607 1.3103489 1.0380703 0.9739906
[2562, 0.54879344, 0.94071895, 5.655632, 0.4746374] 2.3828857 1.1308856 0.976545 1.3193815
[2563, 0.5633847, 0.8449921, 6.1558156, 0.45051917] 2.0867488 1.0774074 0.9957692 1.4923409
[2564, 0.50506073, 1.0111741, 3.7866733, 0.49725878] 2.5816917 1.2572001 0.9632927 1.2499142
[2565, 0.47662488, 1.010745, 5.190358, 0.5457409] 2.512605 1.1886026 0.87699294 1.1312997
[2566, 0.40287665, 1.0694118, 5.500781, 0.5340079] 2.70219 1.0172964 0.9367308 1.0759339
[2567, 0.33377647, 1.0730062, 5.4643955, 0.54138607] 2.5699244 0.97898453 0.896967 1.1197547
[2568, 0.6359338, 0.99245113, 2.3340375, 0.99535334] 3.3294077 1.0590073 0.95186496 0.8306008
[2569, 0.4341035, 1.0758878, 3.5994592, 0.83281064] 2.9183195 1.0767106 0.9754567 1.0351536
[2570, 0.5390434, 0.9576653, 5.685075, 0.4855003] 2.409139 1.0873319 0.9020708 1.3580238
[2571, 0.4279383, 1.0315515, 4.645979, 0.56700504] 2.6643646 1.0869737 0.975897 1.1371931
[2572, 0.4809883, 0.99585587, 5.4642496, 0.55549926] 2.5206163 0.9852818 0.83052933 1.2692932
[2573, 0.36102578, 1.063936, 4.5063043, 0.37989867] 2.7526317 0.9958376 0.79733247 1.033499
[2574, 0.5514869, 1.0235828, 2.7519403, 0.6866174] 3.058262 1.0805333 0.8787076 1.176698
[2575, 0.44096068, 0.91596735, 5.210713, 0.36632037] 2.3112216 1.0938727 0.9475617 1.1279535
[2576, 0.382639, 1.0884159, 5.4214664, 0.40064886] 2.5505927 1.2385541 0.84087944 1.1097747
[2577, 0.39813793, 1.0856713, 3.8201957, 0.7145513] 2.8945117 1.0626668 0.8782331 1.0472232
[2578, 0.51447207, 1.0180542, 2.962952, 0.6423021] 3.123218 0.9787665 0.8470836 0.94380826
[2579, 0.43542305, 1.0595402, 3.7842267, 0.6949076] 2.829443 1.1521901 0.86777127 1.0191121
[2580, 0.44977188, 1.025932, 3.9003167, 0.620099] 2.789249 0.98874795 1.0393229 1.0849293
[2581, 0.48526853, 0.9783491, 5.0564184, 0.52647305] 2.6366415 0.9588828 0.8711395 1.0038309
[2582, 0.47527242, 0.9813161, 5.259628, 0.67116123] 2.4836519 1.0350211 0.9824781 1.0451963
[2583, 0.4159129, 1.0389771, 5.5424542, 0.5950058] 2.4576325 1.0847645 1.0704253 1.1843888
[2584, 0.44282174, 1.0403653, 4.3613396, 0.9180511] 2.84058 1.07759 0.8960369 1.0580287
[2585, 0.34346685, 1.0913765, 5.6578064, 0.5681414] 2.6644008 1.0180407 0.947642 1.033474
[2586, 0.58141655, 0.84738153, 5.1466556, 0.4088573] 2.2991989 1.0522326 1.0349562 1.2257502
[2587, 0.38274252, 1.0575091, 4.1797037, 0.55266744] 2.711329 1.1545465 0.91271484 1.1741959
[2588, 0.4504771, 1.0372885, 5.1745973, 0.4852291] 2.3919415 1.1674731 1.0322531 1.2822429
[2589, 0.42016274, 1.0472252, 5.661965, 0.5261132] 2.5843532 1.0840993 0.9172614 1.1566879
[2590, 0.44884205, 1.0287209, 5.230296, 0.5501011] 2.5462263 1.0995101 0.9479477 1.349141
[2591, 0.3618167, 1.1043955, 5.983237, 0.4894339] 2.5411074 1.1288439 1.0091736 1.1123437
[2592, 0.37019303, 1.0738306, 5.1667595, 0.55299515] 2.7343786 1.1401918 0.86820024 0.9829463
[2593, 0.5381237, 0.9379824, 5.3219724, 0.56536305] 2.4042091 1.1573793 0.9214029 1.1856172
[2594, 0.38194224, 1.0605724, 4.8022776, 0.7612587] 2.6946814 1.098848 0.96615267 1.0546895
[2595, 0.44502822, 1.025274, 3.9244394, 0.6954857] 2.6672008 1.0717796 1.0450841 1.2611824
[2596, 0.5436451, 1.0325168, 2.9897132, 0.7220561] 2.795856 1.2113367 1.0830077 1.1922541
[2597, 0.5673163, 0.97536916, 2.8083675, 0.595253] 2.9204538 1.0767016 0.96227694 1.1589328
[2598, 0.38972807, 1.094913, 4.4674916, 0.61854154] 2.530173 1.2041212 1.0257794 1.2457899
[2599, 0.5283111, 0.99630195, 3.509799, 0.79200643] 2.8769147 1.0975251 0.95823157 1.1314834
[2600, 0.4488799, 1.0191995, 5.2183137, 0.4750041] 2.5053062 1.1618422 0.9556082 1.0705392
[2601, 0.5264285, 1.0021912, 3.4820223, 0.69080603] 2.9415994 1.0751984 0.9901614 0.87298775
[2602, 0.40355128, 1.0688596, 5.2546897, 0.53640276] 2.5123842 1.0760142 1.0449517 1.2768795
[2603, 0.5388643, 1.030645, 2.9753854, 0.9033054] 2.8064787 1.2427663 0.9567803 1.1868337
[2604, 0.36927533, 1.0762924, 4.358134, 0.69010705] 2.7387252 1.1116159 0.8980956 1.1540124
[2605, 0.5239242, 1.0147926, 3.2074142, 0.8580234] 2.8913224 1.0195497 0.97790045 1.1537488
[2606, 0.50800526, 0.9775422, 5.135218, 0.41734493] 2.793889 0.90808994 0.7470228 1.1350747
[2607, 0.42635617, 1.0089052, 3.7465868, 0.45254794] 2.832738 1.0216966 0.9663979 1.0245321
[2608, 0.48509943, 0.9560648, 4.9205065, 0.5545351] 2.3982997 1.0708916 0.94918644 1.1236287
[2609, 0.5817489, 0.94956756, 3.4486952, 0.62173504] 2.879626 1.2002236 0.8929241 0.98416126
[2610, 0.38330454, 1.0852039, 5.7245965, 0.8775912] 2.5989175 1.0999537 1.0246613 0.89246
[2611, 0.40288088, 1.05833, 4.9556336, 0.70042187] 2.5440323 1.0404859 0.95271266 1.2856221
[2612, 0.45028085, 1.0216446, 5.2798877, 0.46035412] 2.523815 1.0381653 0.9708629 1.2126893
[2613, 0.38729212, 1.0617242, 4.896435, 0.5616168] 2.6654627 0.9486173 1.0523543 1.1400603
[2614, 0.4814769, 1.039043, 3.505017, 0.61700475] 2.835452 1.1039368 1.0068843 1.1217475
[2615, 0.5380984, 0.8378311, 5.6550093, 0.5134876] 2.2812326 1.174733 0.8551662 1.1373941
[2616, 0.59028524, 0.995447, 3.0354984, 0.7068548] 2.807484 1.178812 1.0765072 1.224131
[2617, 0.5312288, 1.0169237, 3.2546718, 0.6450848] 2.859779 1.1006371 0.82992494 1.3363111
[2618, 0.52943575, 0.88624036, 5.620991, 0.4878213] 2.2551415 1.1623967 1.097992 1.1233828
[2619, 0.48106074, 0.99495995, 3.767821, 0.46789378] 2.8201897 1.0528302 0.8887748 1.1498315
[2620, 0.42015332, 1.0528666, 3.896141, 0.666029] 2.7121263 1.0917741 0.9387856 1.1912092
[2621, 0.53802955, 1.020775, 3.248419, 0.69861287] 2.9850807 1.047256 0.8741505 1.0304292
[2622, 0.56659377, 1.0446297, 2.3586743, 0.85987526] 3.0435393 1.2389373 0.8644732 1.1442331
[2623, 0.4916677, 0.9613687, 5.056675, 0.48092481] 2.404004 1.0907315 0.8911076 1.2891525
[2624, 0.41954938, 1.0407261, 5.7168417, 0.53338885] 2.5417006 1.1011068 0.8391223 1.2636777
[2625, 0.56590146, 0.91594315, 4.7783957, 0.5082422] 2.3580422 1.0682132 0.92000043 1.3144399
[2626, 0.35873118, 1.0606527, 4.704271, 0.4912246] 2.6233203 1.0720086 0.9617745 1.16037
[2627, 0.36993927, 1.067582, 4.866987, 0.4058796] 2.6882665 1.0706292 0.9369811 1.0234183
[2628, 0.4293691, 1.0700604, 5.2168813, 0.51943046] 2.6608055 1.054188 0.8632098 1.0621912
[2629, 0.4964687, 0.9996744, 5.152981, 0.5587217] 2.5155816 1.142124 0.89185834 0.99578816
[2630, 0.4272461, 1.0334514, 4.6460114, 0.54893637] 2.5632355 1.1077498 0.9956369 1.3023616
[2631, 0.34376135, 1.085308, 5.410923, 0.61873794] 2.5793018 1.0528469 1.0842351 1.0911366
[2632, 0.5759601, 0.79043144, 6.207054, 0.4864172] 2.129303 1.2887782 0.8990432 1.268116
[2633, 0.41760626, 1.0448202, 5.306339, 0.534314] 2.4386702 1.0312908 1.0817314 1.1502504
[2634, 0.4030352, 1.0544657, 4.938545, 0.44195968] 2.6919081 1.034224 0.8700788 1.0373477
[2635, 0.47657365, 0.99266165, 4.1910615, 0.55243695] 2.7564936 1.0832634 0.9227478 1.0768678
[2636, 0.4149197, 1.0542299, 5.7226954, 0.5997998] 2.5549686 1.0842341 0.9888213 1.0800222
[2637, 0.42073417, 1.0449977, 4.2090273, 0.6289168] 2.834172 1.0487692 0.94070584 0.9633769
[2638, 0.52771163, 0.877161, 5.415666, 0.43762958] 2.2726185 1.122097 0.9638859 1.2168533
[2639, 0.55687416, 0.9013294, 5.4361343, 0.48972306] 2.3068762 1.1781627 1.0735267 1.0811228
[2640, 0.44106737, 1.0160493, 4.356339, 0.69000965] 2.666665 1.0674043 0.94399196 1.2537533
[2641, 0.47732794, 0.99840266, 4.618334, 0.42812756] 2.5260649 1.0488874 0.9627652 1.3446338
[2642, 0.51571983, 1.0317228, 3.3245034, 0.8465758] 2.8585744 1.1879175 0.978879 1.0551263
[2643, 0.346829, 1.0845144, 5.669957, 0.62580574] 2.5548897 1.0853773 1.04473 1.0785749
[2644, 0.4217936, 1.0447265, 4.388131, 0.63540447] 2.6446018 1.180632 0.90386254 1.1006569
[2645, 0.49355924, 1.004266, 3.3403828, 0.78947073] 2.7600155 0.985161 1.0235718 1.2521628
[2646, 0.41851544, 1.0748174, 3.4394794, 0.7476383] 2.8422453 1.0779246 1.0177376 1.0942599
[2647, 0.5498607, 0.8995441, 4.7505975, 0.42715737] 2.4162467 1.0761257 0.9919047 1.0087746
[2648, 0.35270923, 1.0929786, 4.67818, 0.49972397] 2.7081683 1.0722545 1.0133673 1.0048733
[2649, 0.47457144, 1.004255, 5.3892326, 0.488229] 2.4222744 1.0645642 0.9637887 1.3322861
[2650, 0.5952161, 0.93443507, 3.6693149, 0.6303214] 2.712753 1.1461284 0.9528009 1.2431318
[2651, 0.48495388, 1.0053989, 4.5173097, 0.47222894] 2.6233616 1.1712602 0.9961427 1.183574
[2652, 0.57178193, 0.83860004, 5.329966, 0.4337435] 2.2181249 1.0811229 0.99974054 1.350515
[2653, 0.3562168, 1.0580349, 4.338873, 0.50425225] 2.73458 1.0566949 0.9075651 1.0693341
[2654, 0.46887028, 1.022576, 5.7355776, 0.53385335] 2.4102864 1.1074507 1.0777916 1.1925327
[2655, 0.48270506, 0.9627696, 5.464412, 0.45910028] 2.6305685 0.80734444 0.7793956 1.168256
[2656, 0.5461338, 1.0167444, 3.4460516, 0.59582293] 2.7266414 1.2236305 0.87056553 1.3438298
[2657, 0.42170364, 1.0499219, 4.5639544, 0.4671198] 2.7750554 1.0731419 0.87435466 0.99033725
[2658, 0.45953643, 1.0179231, 5.4442973, 0.48730484] 2.3844185 1.1081978 1.0521244 1.2354058
[2659, 0.5553432, 0.9820736, 3.7873929, 0.7618513] 2.7268553 1.0235132 0.97366303 1.3033097
[2660, 0.5949183, 0.9608546, 3.0957623, 0.73760414] 2.9538028 1.1068699 0.86722 1.172146
[2661, 0.37959707, 1.0718945, 5.648389, 0.5654908] 2.4875429 0.9580565 1.0556792 1.2679672
[2662, 0.52445877, 1.016873, 2.975818, 0.702982] 2.921051 1.0529857 1.1239262 0.9507508
[2663, 0.4687343, 1.0450779, 3.931166, 0.7458327] 2.710854 1.2306043 0.9946459 1.0859059
[2664, 0.41464785, 1.027617, 4.9698663, 0.53688097] 2.647901 1.0453595 0.92668253 1.2417594
[2665, 0.48638117, 1.0255724, 5.30538, 0.49704602] 2.3759687 1.08559 1.0383903 1.4973156
[2666, 0.48777166, 0.99813426, 5.150873, 0.5358304] 2.3055146 1.1719147 1.0181301 1.3415465
[2667, 0.5949223, 0.84806424, 4.6559925, 0.35406327] 2.5206738 0.96024346 0.79704547 1.1048118
[2668, 0.5254256, 0.89184135, 5.420931, 0.41867802] 2.3056405 1.0351285 0.8481847 1.3035327
[2669, 0.4628948, 1.0210483, 3.6841831, 0.76440424] 2.779686 1.2036378 0.9410708 1.0336643
[2670, 0.44715166, 1.0258843, 4.268923, 0.5800973] 2.76059 1.103855 0.856905 1.1611015
[2671, 0.50403506, 1.0314716, 2.9387417, 0.70271444] 2.9377398 0.9609286 1.0046613 1.169291
[2672, 0.44187203, 1.0288371, 4.026866, 0.6290318] 2.8286786 1.0047768 1.0185196 1.005746
[2673, 0.47251126, 0.9586109, 5.6083927, 0.4761969] 2.4452858 1.017902 0.999569 1.1415303
[2674, 0.4420592, 1.0129374, 5.467602, 0.64507616] 2.4165978 1.0070488 1.0691657 1.251844
[2675, 0.5590201, 0.9187091, 5.281034, 0.42868856] 2.2943501 1.0895807 0.9079052 1.3644973
[2676, 0.5699961, 0.9073408, 4.968635, 0.5115857] 2.4376333 1.1130389 0.94254845 1.0609593
[2677, 0.5452977, 0.9478332, 4.5563254, 0.5793493] 2.3665824 1.2833705 1.0591419 0.9819304
[2678, 0.4294168, 1.0350955, 5.0742035, 0.59795445] 2.625783 0.9689315 0.9490923 1.2599298
[2679, 0.5597151, 0.85563064, 5.322079, 0.43989173] 2.148427 1.1673259 1.08756 1.2842284
[2680, 0.5672928, 0.9830821, 2.928426, 0.7813287] 2.8360107 1.125833 0.9895607 1.2169646
[2681, 0.424614, 1.0519161, 4.8243985, 0.49754694] 2.637923 1.2546041 0.92814153 1.0606872
[2682, 0.5012815, 1.0343517, 3.325874, 0.6996077] 2.8721926 1.0847266 0.9298114 1.1691499
[2683, 0.36434644, 1.0595052, 4.823483, 0.53856915] 2.5255961 1.002212 1.0582705 1.2273355
[2684, 0.44495928, 1.0518632, 4.996918, 0.38821933] 2.4878852 1.165792 0.95549756 1.2809733
[2685, 0.5169109, 0.9932775, 3.4509504, 0.6716601] 2.7266183 1.1645278 0.8260464 1.3016899
[2686, 0.44259635, 1.0157377, 4.83536, 0.3986084] 2.5654144 1.0419334 1.0479444 1.2484999
[2687, 0.3718349, 1.0714877, 5.048289, 0.5192673] 2.6794937 0.90346885 1.1082807 1.0768226
[2688, 0.5482944, 0.8583685, 5.5158634, 0.33706793] 2.2566803 1.0434496 0.9978906 1.2586968
[2689, 0.5161771, 0.99791545, 4.005712, 0.6062322] 2.7038715 1.2172394 0.9194929 1.1173246
[2690, 0.45233136, 1.0457722, 4.4186897, 0.61972356] 2.771166 1.0435643 0.92703897 1.1466385
[2691, 0.5094227, 0.9662452, 5.2071033, 0.60372305] 2.2849379 1.1821856 1.0266035 1.331208
[2692, 0.44192192, 1.0349786, 5.791488, 0.52455586] 2.4271035 1.1067089 1.0428189 1.2400527
[2693, 0.50502473, 0.9890888, 4.0138555, 0.66218275] 2.8539891 1.192931 0.78446263 1.0015768
[2694, 0.43191049, 1.0211018, 4.5882616, 0.49640766] 2.72049 1.0284827 1.0242301 1.0377984
[2695, 0.5272374, 0.8795049, 5.846208, 0.43312398] 2.3261921 1.0996554 0.9236822 1.1185902
[2696, 0.487132, 1.0132287, 5.346771, 0.5379664] 2.4410303 1.3035403 0.90934175 1.294682
[2697, 0.48098668, 1.0085204, 4.361687, 0.40073416] 2.5279038 1.2072484 0.95581406 1.2982051
[2698, 0.48750848, 1.0084401, 3.912843, 0.58128625] 2.6256843 1.1764549 0.9968232 1.2302576
[2699, 0.41385442, 1.0416073, 4.4681277, 0.49782982] 2.7981675 0.96906686 0.894017 1.1538156
[2700, 0.57848877, 0.9049435, 4.7272773, 0.47897437] 2.4838493 1.1163456 0.9009667 0.9560768
[2701, 0.45340198, 1.0267524, 5.954175, 0.5533541] 2.4461415 1.0268947 0.9659225 1.2695847
[2702, 0.38186646, 1.0545083, 6.3893986, 0.6660276] 2.616051 0.90875715 0.965727 1.0734758
[2703, 0.41971675, 1.0393416, 4.923811, 0.59724873] 2.6975842 1.0273771 0.84774405 1.0958962
[2704, 0.43021828, 1.02479, 4.4814677, 0.69434243] 2.7984438 1.2075634 0.8860306 0.87021494
[2705, 0.428875, 1.0361487, 3.9791028, 0.6235036] 2.7860472 1.040209 1.0367728 1.0038509
[2706, 0.3913249, 1.0611376, 4.8256383, 0.465646] 2.6408858 1.060979 0.8544355 1.2585248
[2707, 0.39158407, 1.068779, 5.8313484, 0.8049864] 2.5263796 0.9778632 0.97391975 1.1452199
[2708, 0.5441661, 1.0421017, 3.0531669, 0.89405847] 2.9399936 1.142069 0.93493843 1.1842072
[2709, 0.3575602, 1.0619459, 5.108736, 0.71952933] 2.5698829 0.8993299 1.0480058 1.297797
[2710, 0.42359978, 1.0614977, 3.2150419, 0.57332605] 2.8571784 1.1808697 0.8587919 1.140245
[2711, 0.40304488, 1.0463579, 5.4966884, 0.52342224] 2.5409822 0.99757254 0.9936498 1.0894339
[2712, 0.5309809, 0.9867239, 3.8605235, 0.5359247] 2.6826828 1.0981531 0.9693459 1.2386063
[2713, 0.5478092, 0.9591303, 3.3959692, 0.63274854] 2.7570686 1.2230006 0.9055901 1.1219667
[2714, 0.55786407, 0.9993627, 2.8940253, 0.666118] 2.7390282 1.124686 1.1714684 1.2071013
[2715, 0.52707964, 0.9798016, 3.6546156, 0.47378471] 2.589302 1.3582826 1.0835087 1.0703197
[2716, 0.5067166, 0.91011995, 4.6725774, 0.5072365] 2.370873 1.100425 0.9115216 1.144586
[2717, 0.43697304, 1.0237325, 4.132767, 0.6274167] 2.6847966 1.0123657 1.0094304 1.2038181
[2718, 0.47331285, 1.0161717, 3.8567019, 0.6123955] 2.7973843 1.107689 0.86397326 1.1331557
[2719, 0.5019022, 0.9665074, 5.3791375, 0.52285427] 2.4229088 1.0417508 0.9896591 1.2101784
[2720, 0.51028913, 0.9443501, 5.2006855, 0.5915284] 2.4459977 1.0044452 0.85434777 1.2727476
[2721, 0.56853825, 0.8121257, 6.254612, 0.43495417] 2.3062341 0.90791684 1.0865734 1.1249548
[2722, 0.4693909, 1.033461, 3.7693348, 0.81849265] 2.8791752 1.0772159 1.0020845 0.9707153
[2723, 0.5315548, 1.0052879, 3.31872, 0.67879874] 2.9581208 0.914369 0.8593113 1.098055
[2724, 0.44975728, 1.0181946, 5.502375, 0.5537311] 2.629204 0.93513507 0.9481402 1.2347438
[2725, 0.54522604, 0.98764133, 3.4255042, 0.72586465] 2.8479211 1.065528 0.9564912 1.1882282
[2726, 0.43253747, 1.0251404, 4.535091, 0.41836426] 2.6952515 1.1102297 0.80231136 1.1234385
[2727, 0.46706223, 1.0018435, 3.7214742, 0.7955752] 2.803585 1.1009521 1.0536375 1.0300114
[2728, 0.48656392, 0.9532918, 5.2664847, 0.38769808] 2.3834858 1.1917744 0.9172018 1.1599886
[2729, 0.46485338, 1.0100465, 4.492993, 0.6791471] 2.737128 1.1790701 0.92159396 1.0864848
[2730, 0.37458667, 1.0843903, 5.184429, 0.5580485] 2.6259556 1.0664012 0.9863783 0.925392
[2731, 0.4643105, 1.0171195, 4.3830137, 0.65385735] 2.6207566 1.0600529 0.9227885 1.3393068
[2732, 0.51737744, 0.8021939, 5.5609, 0.6078167] 2.2319112 1.176121 0.93398345 0.98027986
[2733, 0.4574219, 1.0366951, 4.022833, 0.6424646] 2.6996076 1.1233342 0.9498236 1.1472368
[2734, 0.44446743, 0.99852777, 5.2816525, 0.43743896] 2.3526366 1.1058269 0.96215993 1.2849966
[2735, 0.40754792, 1.0216618, 4.469842, 0.49795434] 2.6766653 1.0399076 0.92767274 1.1799037
[2736, 0.49903792, 0.98562217, 5.362641, 0.3742481] 2.520399 0.91531473 0.89342606 1.4144894
[2737, 0.48937994, 1.0089161, 3.9196827, 0.6459182] 2.7481058 1.1348872 0.9237404 1.1456642
[2738, 0.4861495, 0.9786748, 5.507188, 0.6295851] 2.4416533 1.0931333 0.9379716 1.1632744
[2739, 0.41682944, 1.0486872, 5.241736, 0.46683267] 2.6689568 1.0769081 0.88073236 1.0836188
[2740, 0.44231144, 0.9954088, 5.1806436, 0.42521986] 2.6330423 1.0020891 0.7333283 1.1093757
[2741, 0.34613767, 1.0883638, 4.6359158, 0.6361083] 2.7674196 1.0176549 1.0551223 0.9932794
[2742, 0.44769794, 1.0248686, 3.5538945, 0.6612235] 2.7178514 1.168336 1.0365207 1.0872011
[2743, 0.43186483, 1.0657151, 3.298204, 0.6527944] 2.841521 1.2351856 0.94036037 0.99264467
[2744, 0.42216063, 1.0408286, 4.0412593, 0.652964] 2.745216 1.1157966 0.9756285 1.0438135
[2745, 0.4636465, 0.9789862, 5.1839714, 0.46289518] 2.4327102 1.2068406 0.8939476 1.1232032
[2746, 0.38885012, 1.0772698, 4.9830394, 0.477124] 2.5306666 1.2149199 0.84574175 1.2419544
[2747, 0.528479, 0.93727565, 5.0146713, 0.43007767] 2.4472432 1.1188821 0.907523 1.0797993
[2748, 0.4340499, 1.0495847, 5.3395996, 0.5765259] 2.705129 1.0469701 1.0292709 0.94094014
[2749, 0.42526117, 1.020295, 4.1105604, 0.52858436] 2.8187897 1.0434129 0.83595 1.1522437
[2750, 0.37517974, 1.0757954, 5.7508645, 0.58077955] 2.5655282 1.0894167 0.9553297 1.1059787
[2751, 0.39020318, 1.0640575, 5.3676786, 0.53884816] 2.5469944 1.0347747 1.0472217 1.1583754
[2752, 0.51284844, 0.85821456, 5.432004, 0.41499716] 2.2738988 0.84601384 1.0178653 1.3660254
[2753, 0.5204033, 1.0491475, 2.9452946, 0.5274173] 2.8442423 1.129619 1.1578137 1.1183993
[2754, 0.42912164, 1.0026842, 5.124067, 0.5008688] 2.4583356 0.96710855 0.9975416 1.1722618
[2755, 0.6121722, 0.8460972, 5.00776, 0.44645113] 2.2764554 1.0307587 0.893263 1.4439749
[2756, 0.47295868, 0.9962245, 4.8157897, 0.61327446] 2.6623952 1.0687121 0.94363576 1.229553
[2757, 0.49723366, 1.0055354, 4.8966775, 0.56999487] 2.3671985 1.1623878 0.966614 1.252953
[2758, 0.4937598, 1.0203018, 3.923075, 0.7773015] 2.8010645 1.1037863 0.8697622 1.2012799
[2759, 0.4166655, 1.0428786, 5.432234, 0.5691984] 2.6385975 0.90378827 0.8743665 1.2559532
[2760, 0.46843427, 1.0311996, 3.360924, 0.6490181] 2.8761294 0.9984652 0.9822097 1.1060885
[2761, 0.5073525, 1.0009816, 3.917966, 0.6131505] 2.5486724 1.1687728 0.8884167 1.4239779
[2762, 0.42884472, 1.0423101, 4.755086, 0.56039506] 2.6812708 1.1114393 0.96378 1.0582347
[2763, 0.5412094, 0.8788366, 5.8560524, 0.44604066] 2.284629 1.1057671 1.0262226 1.1227697
[2764, 0.41884428, 1.0316892, 5.821433, 0.5646013] 2.6918788 0.9694363 0.87214667 0.9967622
[2765, 0.41182306, 1.0603911, 5.292202, 0.52808195] 2.468706 1.1675005 0.9482281 1.1572868
[2766, 0.59149534, 0.9866928, 2.7289188, 0.7279641] 3.2435439 1.1522353 0.7998327 0.85147446
[2767, 0.4187538, 1.0348334, 3.981126, 0.4775384] 2.700291 1.0871074 0.9480201 1.187568
[2768, 0.43906873, 1.0353804, 4.260338, 0.59091896] 2.833677 1.0751975 0.9343618 0.9933875
[2769, 0.3957662, 1.061123, 4.367773, 0.44907913] 2.6116633 1.0673968 1.0213543 1.1990801
[2770, 0.45471278, 1.0314816, 4.0560827, 0.7146002] 2.878113 0.914651 0.9867175 1.1304864
[2771, 0.4391492, 1.0006272, 4.3355136, 0.4562975] 2.7031987 1.0665324 0.99452686 1.1032196
[2772, 0.45943686, 1.0317903, 3.5059233, 0.6957146] 2.6548665 1.1904658 1.0360283 1.2246214
[2773, 0.48186743, 1.0054137, 4.3263216, 0.62349194] 2.6557698 0.98352605 1.01088 1.2682016
[2774, 0.5687927, 0.97428465, 3.3852887, 0.70767766] 3.0069659 1.0846763 0.9117014 0.8922765
[2775, 0.41963157, 1.0346066, 5.615247, 0.61805946] 2.6129315 1.0556715 0.8951851 0.9702627
[2776, 0.4735403, 1.0029193, 4.2974377, 0.5185036] 2.7235491 1.2361465 0.9642181 0.92529064
[2777, 0.39467624, 1.0876504, 5.530218, 0.5391551] 2.4243922 1.1348945 1.1904197 1.123876
[2778, 0.43801823, 1.0289564, 5.8267646, 0.45928308] 2.391242 1.1717008 1.0405161 1.1534723
[2779, 0.45276886, 1.0323715, 4.6421614, 0.45479798] 2.7789106 1.1359627 0.95426244 0.9118006
[2780, 0.5618879, 0.860365, 6.604667, 0.46811634] 2.2681406 1.1503093 1.0562897 1.0515853
[2781, 0.54068106, 0.9407033, 5.282183, 0.46048528] 2.3621504 1.0641288 0.98558193 1.3039118
[2782, 0.37621897, 1.0751443, 5.2873335, 0.51398087] 2.5760715 1.2223752 1.0012904 1.0029551
[2783, 0.35999355, 1.0756094, 5.4007616, 0.4941775] 2.619867 0.8734427 1.0729883 1.1360613
[2784, 0.69487953, 0.9700809, 2.2960334, 0.8185519] 3.2353919 1.0542098 1.0110692 1.0240849
[2785, 0.49165505, 1.0036602, 3.29461, 0.68130225] 2.8114562 1.002007 1.0080342 1.2237978
[2786, 0.4136711, 1.0646391, 3.6389573, 0.93756336] 2.7240684 1.1920499 0.9873932 1.1376411
[2787, 0.46359414, 1.0070688, 4.3983746, 0.47106394] 2.593699 1.0669656 0.9842874 1.1729003
[2788, 0.42828363, 1.0316702, 5.7143774, 0.63756394] 2.570638 1.0077835 1.1159987 1.0809563
[2789, 0.5140923, 0.97552675, 3.3749352, 0.6122037] 2.7057333 1.2379712 1.0272696 1.1590596
[2790, 0.34197715, 1.0984136, 5.8714776, 0.49987975] 2.516511 1.093647 0.95330846 1.1878865
[2791, 0.43576294, 1.0516806, 4.694876, 0.59424216] 2.5773141 1.0513787 1.0779624 1.2846704
[2792, 0.4673793, 1.018602, 4.0388308, 0.76118904] 2.866573 1.0251279 0.91646034 1.010938
[2793, 0.40788153, 1.0288372, 5.426351, 0.51519424] 2.5664072 0.9190535 0.959516 1.1477298
[2794, 0.38370165, 1.0775594, 5.1553736, 0.4694105] 2.5423872 1.132884 1.0201011 1.1093903
[2795, 0.38991722, 1.0641267, 5.521268, 0.47987992] 2.6194146 1.1182822 0.9503401 1.1701796
[2796, 0.35488603, 1.0682759, 5.2121363, 0.50836056] 2.7383816 1.0134491 0.88946545 0.9834165
[2797, 0.34186986, 1.0961049, 4.729901, 0.5437536] 2.6290667 1.1225022 0.9011395 1.1809721
[2798, 0.5237963, 1.0323935, 3.287072, 0.7409869] 2.8433166 1.0655003 1.0847392 1.1340458
[2799, 0.43269148, 1.0422474, 5.1410084, 0.53073686] 2.5982246 1.1499566 0.9255116 1.1388041
[2800, 0.4173913, 1.0676837, 3.9359524, 0.5942134] 2.944004 1.0413222 0.81243587 1.0080379
[2801, 0.39208737, 1.0550444, 4.715694, 0.44183555] 2.68791 1.1201258 0.8912168 1.0473772
[2802, 0.47587818, 0.99404085, 3.803363, 0.5735042] 2.8048 0.97071004 0.9892715 1.1262785
[2803, 0.4099878, 1.0572144, 5.067013, 0.44024855] 2.4900928 1.3089333 0.8723751 1.3223808
[2804, 0.3878671, 1.0486362, 4.87761, 0.5464544] 2.6758504 1.1434436 0.9435809 1.0085526
[2805, 0.40872324, 1.0433787, 4.7949057, 0.45190746] 2.6452754 1.1446118 1.0149667 1.0849222
[2806, 0.37146682, 1.0880797, 5.4198403, 0.53038263] 2.6371274 0.9626001 1.0121864 0.96255356
[2807, 0.60712934, 0.9508053, 2.6653702, 0.6660597] 3.109865 1.0483265 1.0985777 0.8915655
[2808, 0.4067108, 1.0540739, 3.912062, 0.41251737] 2.717962 1.1673634 0.7158667 1.2178419
[2809, 0.60435104, 0.9801416, 2.5032094, 0.85755473] 3.0837862 1.1054801 1.0702893 0.876188
[2810, 0.46648636, 1.0030241, 4.931227, 0.44762516] 2.5756326 1.2949029 0.8267742 1.0885926
[2811, 0.44159153, 1.0262444, 4.2691493, 0.5481382] 2.6150074 1.0823216 0.9600955 1.2785624
[2812, 0.3861201, 1.0355748, 4.487406, 0.54884344] 2.7765055 0.9806934 0.91093737 1.0920357
[2813, 0.5008718, 1.0142058, 3.5324473, 0.73780066] 2.7206957 1.1202948 1.0699275 1.1522669
[2814, 0.48019966, 1.0076463, 4.9357133, 0.47982863] 2.558342 1.1208977 1.1063449 1.093567
[2815, 0.43689412, 1.0341426, 5.269577, 0.60218966] 2.7029867 1.0923461 1.0963976 0.9059609
[2816, 0.5139678, 0.90080553, 5.428403, 0.48845896] 2.5254135 1.0662798 0.7279561 1.0917557
[2817, 0.36167538, 1.0919764, 4.488773, 0.3441472] 2.411825 1.2760733 1.0950997 1.2284603
[2818, 0.45374334, 0.972436, 5.2475905, 0.5652421] 2.435071 1.0228457 0.99401873 1.0706702
[2819, 0.50185263, 1.0111626, 3.2469933, 0.55818] 2.965375 1.1386937 0.92300546 0.9130013
[2820, 0.42684504, 1.0471272, 4.3806314, 0.5855916] 2.6855445 1.2198105 0.91988033 1.0689492
[2821, 0.41648418, 1.0502018, 4.0881844, 0.57138634] 2.77528 1.1168672 0.96082014 0.9869199
[2822, 0.4418726, 1.030922, 4.6029754, 0.544553] 2.6201742 1.058912 0.957307 1.1682177
[2823, 0.6191005, 0.8115639, 4.7488136, 0.384689] 2.486946 1.0606322 0.95315593 0.9907022
[2824, 0.47089022, 1.0201591, 3.758878, 0.66444063] 2.6877785 1.1123589 0.9082678 1.2886156
[2825, 0.52333546, 0.9107215, 5.3118587, 0.31782216] 2.2683985 1.0947083 0.9998084 1.2467712
[2826, 0.4406218, 1.0168614, 4.3328786, 0.43273962] 2.8290107 0.8828704 0.9137211 1.1595649
[2827, 0.4566084, 1.0077864, 3.7020593, 0.6442365] 2.8728712 0.98770374 0.933548 1.0907342
[2828, 0.40172467, 1.0349183, 5.825911, 0.55438757] 2.6437192 1.0457011 0.8843205 1.0427327
[2829, 0.4263938, 1.04113, 4.126744, 0.70817614] 2.8882532 1.0812296 0.8739113 0.97454965
[2830, 0.54288286, 0.8967553, 5.281123, 0.57093215] 2.4094572 0.9800036 0.8663949 1.2020894
[2831, 0.3793687, 1.0565532, 4.333723, 0.39447424] 2.6898646 1.1437552 0.9334573 1.1180276
[2832, 0.34702998, 1.095661, 5.200475, 0.59225774] 2.5717263 1.0513963 0.9116867 1.2377194
[2833, 0.45059404, 1.0174803, 5.4029016, 0.47363764] 2.5413764 1.115727 0.93019885 1.1539229
[2834, 0.34906998, 1.0700341, 5.638061, 0.508645] 2.6648417 1.0076802 0.97025555 1.0709885
[2835, 0.61541325, 0.7619695, 5.115755, 0.36529395] 2.2855597 1.0204058 0.85687155 1.2521881
[2836, 0.51162815, 1.0303711, 3.2052197, 0.7704063] 2.8708205 1.1404397 1.0389264 1.0164826
[2837, 0.36772823, 1.0596611, 5.093617, 0.6159675] 2.6996744 1.0583328 1.0069213 1.0550466
[2838, 0.54337347, 1.0315412, 2.8847747, 0.7262015] 2.9302886 1.2284803 0.9294159 1.0970777
[2839, 0.54980564, 0.8384076, 5.489446, 0.46216607] 2.3156219 1.0873021 0.94392425 1.0756499
[2840, 0.5368545, 1.014357, 3.1517024, 0.8798192] 2.9973202 1.0243369 0.86992633 1.0419599
[2841, 0.40993902, 1.046064, 4.4545527, 0.46349913] 2.6705868 0.9179774 0.9896984 1.2369716
[2842, 0.45976925, 1.028228, 3.8499682, 0.58259845] 2.7423997 1.018133 1.0139464 1.2245895
[2843, 0.4195492, 1.0343503, 4.183539, 0.47132018] 2.5823174 1.2089618 1.0206537 1.1899284
[2844, 0.41787136, 1.037882, 5.169992, 0.46876448] 2.5218873 0.9997519 0.9026069 1.3240721
[2845, 0.6183339, 0.8477734, 5.3437777, 0.46435654] 2.307547 1.0063655 0.9034774 1.4320567
[2846, 0.4174092, 1.0524887, 5.440878, 0.58350486] 2.6508157 0.9830512 0.9900673 1.1129941
[2847, 0.61445993, 0.95619667, 3.1348462, 0.9514207] 2.752972 0.9846214 0.94872844 1.5056932
[2848, 0.5138813, 0.95149064, 5.2451143, 0.4864172] 2.458412 1.1671696 0.9213329 1.0977633
[2849, 0.41056865, 1.048279, 4.843715, 0.55267334] 2.6633573 0.95590365 0.9759516 1.2060705
[2850, 0.40851793, 1.0411669, 5.422588, 0.6462302] 2.530496 0.9553776 1.0671403 1.0726862
[2851, 0.41629252, 1.0171329, 5.1726213, 0.43425512] 2.3861349 0.974801 1.0359896 1.311267
[2852, 0.3592875, 1.0784001, 5.19336, 0.5266572] 2.5204322 1.1811603 0.96200615 1.2147399
[2853, 0.47030914, 1.007078, 4.010298, 0.61459476] 2.6882017 1.0851039 0.9737245 1.1937698
[2854, 0.5130244, 0.8741059, 5.3137755, 0.4165753] 2.3066995 1.0891979 0.837511 1.21054
[2855, 0.51947576, 0.9723587, 5.226098, 0.3910702] 2.488786 0.9229397 0.93180263 1.3085941
[2856, 0.56530327, 1.0354767, 3.0673568, 0.7470116] 2.9245782 1.1508367 0.9665795 1.0992306
[2857, 0.40204057, 1.051529, 6.1802626, 0.6202105] 2.5880475 1.0945238 0.96267664 0.9385707
[2858, 0.42883408, 1.0351921, 3.9577336, 0.5039338] 2.8112724 0.9888912 0.9793035 1.0666702
[2859, 0.5492675, 0.9098003, 5.1587195, 0.51417756] 2.381196 1.2180649 0.9962145 0.9941002
[2860, 0.47185537, 1.0519092, 3.4374285, 0.68615294] 2.8817668 1.0286193 1.0261773 1.0779128
[2861, 0.4309459, 1.0228608, 4.250106, 0.52271175] 2.6128087 1.1702344 0.9651352 1.2002796
[2862, 0.5328957, 1.0402149, 2.496654, 0.9421575] 3.0174284 1.0904745 0.9079328 1.2194276
[2863, 0.4541616, 1.0307448, 4.720482, 0.5002126] 2.5993342 1.1958395 0.9237631 1.1318487
[2864, 0.56292367, 0.9663789, 3.3983417, 0.8492081] 2.5749037 1.1818715 0.9925252 1.4701072
[2865, 0.5857553, 0.8656736, 5.724076, 0.45737424] 2.2827487 1.2056199 1.0629889 1.1029241
[2866, 0.3868536, 1.0907847, 4.293784, 0.594027] 2.5699959 1.1099497 0.9890749 1.350088
[2867, 0.4798243, 1.0077081, 5.082532, 0.4603685] 2.3848464 1.1786841 0.80324924 1.3920187
[2868, 0.5179474, 0.9196656, 5.696395, 0.5667483] 2.2275245 1.1307356 1.0654258 1.1662862
[2869, 0.4132134, 1.0648876, 5.474597, 0.57848454] 2.6196382 1.0727949 0.9113909 1.0382142
[2870, 0.48618758, 1.0143372, 4.076389, 0.66186583] 2.697522 1.1098449 0.9405676 1.2452396
[2871, 0.5677024, 0.97119796, 3.854586, 0.6676321] 2.7158358 1.1013838 0.9638076 1.2318841
[2872, 0.3675139, 1.0755287, 5.0758705, 0.8112221] 2.6807384 0.9171376 1.0260667 1.111623
[2873, 0.4628553, 1.0562159, 3.7529619, 0.7658791] 2.9135463 1.0038872 0.99521565 1.0237799
[2874, 0.5601858, 0.97792006, 3.3392365, 0.6733202] 2.7159886 1.1756688 0.97697896 1.270893
[2875, 0.41027853, 1.069415, 5.280724, 0.48605278] 2.6370022 1.2243608 0.88211524 1.0752509
[2876, 0.56430227, 0.761448, 5.3789687, 0.5091218] 2.0673382 1.0983387 0.94081867 1.3634639
[2877, 0.5694603, 1.0266224, 2.5269966, 0.6980556] 3.059676 1.0784978 1.0064056 1.1538324
[2878, 0.44537053, 1.0599127, 4.0495257, 0.7135983] 2.6174006 1.1645691 1.0365213 1.2198108
[2879, 0.510749, 0.98405004, 3.961595, 0.59345716] 2.6361914 1.1498989 1.0858306 1.12414
[2880, 0.41615143, 1.045769, 5.6792746, 0.5300963] 2.6500876 1.0833122 1.0089513 1.0258212
[2881, 0.40373376, 1.0530452, 4.709756, 0.56742215] 2.5939474 1.1228637 1.0597401 1.1306274
[2882, 0.43954304, 1.0298365, 5.2130466, 0.5631272] 2.3906698 1.019388 0.96426135 1.4412545
[2883, 0.49610752, 1.0279334, 3.5291865, 0.8228148] 2.9067578 1.1124454 0.9126736 0.9981432
[2884, 0.536387, 0.9431364, 5.144025, 0.5089094] 2.22852 0.98728114 1.1334332 1.4184687
[2885, 0.37195742, 1.0610117, 5.0824857, 0.51778966] 2.6103094 1.0637062 0.9500904 1.1495124
[2886, 0.39883003, 1.0426342, 5.517798, 0.53196603] 2.418342 1.1472923 0.99383223 1.3019652
[2887, 0.54636717, 0.904451, 5.3076563, 0.43483922] 2.493295 0.8445957 1.0314074 1.1061025
[2888, 0.58898985, 0.8939141, 4.668753, 0.579967] 2.4775786 1.2343379 0.8705818 0.9457519
[2889, 0.40144333, 1.0388839, 4.660303, 0.554859] 2.7216375 1.0787332 1.0320212 1.0422446
[2890, 0.59835625, 0.934068, 3.5676687, 0.61318076] 2.8851805 1.0195976 0.90887743 1.097495
[2891, 0.44231611, 1.0428089, 3.7884026, 0.7721907] 2.6551142 1.0281724 1.0564188 1.2183888
[2892, 0.38666573, 1.0690569, 4.6657605, 0.4778425] 2.6954381 1.0478975 0.89707977 1.0854398
[2893, 0.3667814, 1.0930194, 4.6810513, 0.54742604] 2.5398638 1.2057256 1.0062726 1.1689236
[2894, 0.37927246, 1.061756, 5.1574626, 0.5164802] 2.4655495 1.1283458 1.0595255 1.1748987
[2895, 0.3792451, 1.0847784, 5.862982, 0.560758] 2.5161567 1.1888202 1.0210267 1.1198608
[2896, 0.5020407, 0.9889402, 4.2294455, 0.46174765] 2.6910155 1.136593 1.026505 1.0580615
[2897, 0.4617393, 0.997902, 4.9272084, 0.45695657] 2.4892836 1.0837221 1.0060123 1.1101786
[2898, 0.585199, 0.9942258, 2.7699053, 0.9406561] 3.0389585 1.1602676 0.93992966 1.1595806
[2899, 0.37904847, 1.0810299, 5.3140516, 0.71701354] 2.632819 1.0172939 0.9944215 1.1219687
[2900, 0.5373237, 0.962699, 5.496635, 0.39569426] 2.5986624 0.9313495 0.8256801 1.1544392
[2901, 0.33968234, 1.1059986, 5.075993, 0.49639213] 2.6649263 1.0985163 1.0743585 0.9493518
[2902, 0.41261712, 1.035169, 5.563215, 0.5857902] 2.4787872 1.0968523 0.96122646 1.1795071
[2903, 0.3753005, 1.0672312, 5.0359564, 0.61387086] 2.549734 1.0272588 1.0026101 1.2523713
[2904, 0.36541677, 1.0785257, 5.2563033, 0.4952004] 2.5934463 1.0889051 0.9891489 1.1469743
[2905, 0.5057313, 1.0342304, 3.4969122, 0.7549867] 2.6356041 1.2500652 0.98742586 1.3031957
[2906, 0.50328636, 1.0261041, 3.623103, 0.5457046] 2.782445 1.0767483 0.900508 1.2116547
[2907, 0.45156816, 1.0745486, 3.264054, 0.6906362] 2.7708192 1.1451031 1.0631746 1.165904
[2908, 0.4125972, 1.0463955, 4.6532917, 0.38637725] 2.6018484 1.1904091 0.90602636 1.1642592
[2909, 0.52591157, 0.9637404, 4.6959624, 0.3862439] 2.4999979 1.0222054 0.97434014 1.3515502
[2910, 0.4060677, 1.053766, 5.6097703, 0.51865816] 2.6558118 1.0829918 0.8371848 1.0859522
[2911, 0.4656602, 1.0298332, 3.4496443, 0.52252996] 2.721757 1.3328044 0.8960936 1.1205876
[2912, 0.45837113, 1.0005337, 3.948758, 0.4739698] 2.9274378 0.91456574 0.7944779 1.0667825
[2913, 0.38724408, 1.097533, 5.552149, 0.5006575] 2.722042 0.9190316 0.9827538 1.0173602
[2914, 0.48586586, 0.9852299, 5.0199594, 0.5261745] 2.4084544 1.2042253 0.92072606 1.1911166
[2915, 0.56382096, 0.89405483, 5.5727663, 0.71587974] 2.3600442 1.0158445 0.91466284 1.2442912
[2916, 0.56483597, 0.8885023, 5.3017817, 0.43556458] 2.3591049 1.0869527 0.9529755 1.1393949
[2917, 0.5727757, 0.9651601, 3.257719, 0.5602823] 3.093683 0.8043004 0.9826788 1.0605206
[2918, 0.44784254, 1.0098891, 4.697246, 0.640643] 2.6934626 0.9935747 1.0077287 1.1608267
[2919, 0.40417576, 1.0521777, 4.6027446, 0.67178506] 2.5829465 1.0067297 0.87865615 1.2288826
[2920, 0.5721702, 1.040576, 2.4161, 0.9676314] 3.0925741 1.1766297 0.88610446 1.1252021
[2921, 0.44324392, 1.0028925, 5.031413, 0.47650704] 2.5666263 1.1665819 0.9716365 1.0336959
[2922, 0.39232337, 1.0499798, 3.731562, 0.6860795] 2.8329575 1.0921866 0.9134663 0.99229896
[2923, 0.44665933, 1.0266867, 5.9209046, 0.46407178] 2.545559 1.2006748 0.78995335 1.2035928
[2924, 0.5950445, 0.9332524, 3.4928963, 0.74300396] 2.7713416 0.9995513 0.99863416 1.2412009
[2925, 0.67118895, 0.72768664, 6.479494, 0.42446837] 2.0019214 1.1918397 1.1673257 1.3322123
[2926, 0.47424433, 1.0148333, 4.3959064, 0.4418989] 2.4107883 1.261177 1.0449084 1.416949
[2927, 0.48380983, 1.0218039, 3.982555, 0.68129826] 2.6886835 1.2523443 0.8783974 1.2316616
[2928, 0.35752565, 1.0732874, 4.8469524, 0.49149683] 2.763033 1.0093868 0.92205304 1.0594947
[2929, 0.42865548, 1.0462049, 4.710635, 0.4597124] 2.6991148 1.3153726 0.879215 0.99266094
[2930, 0.51418483, 1.0014932, 4.726869, 0.42569116] 2.455212 1.1347879 0.856435 1.3246447
[2931, 0.4219996, 1.0614569, 5.057318, 0.4599193] 2.5443165 1.2473712 1.0118244 1.098842
[2932, 0.4227346, 1.0328422, 4.427283, 0.5192734] 2.667808 1.2728506 0.86154044 1.0296863
[2933, 0.39789027, 1.0660816, 5.6818504, 0.637257] 2.5712495 1.0442904 0.90045 1.1550233
[2934, 0.43682808, 1.0307403, 4.279782, 0.46721885] 2.6332746 0.9634224 0.9144127 1.3409582
[2935, 0.34585437, 1.0750296, 5.4243436, 0.64262146] 2.6750643 1.0463607 0.98611224 0.9126498
[2936, 0.44591117, 1.0166056, 4.414307, 0.57304025] 2.942901 1.0124036 0.84009165 0.9124612
[2937, 0.6057126, 0.8653367, 4.9916997, 0.36982873] 2.2555509 1.1385887 0.876799 1.3152463
[2938, 0.5335962, 1.0076059, 3.429819, 0.86772126] 2.8907893 1.1578715 0.9001135 1.0537964
[2939, 0.48315725, 1.0244005, 4.2577868, 0.55036956] 2.587388 1.1371607 1.0086454 1.2344284
[2940, 0.4835251, 1.021135, 5.8850904, 0.5238261] 2.3199537 1.3196834 0.94622225 1.2839566
[2941, 0.36676764, 1.075966, 4.4437633, 0.5795188] 2.6857193 0.9568825 0.99508166 1.2535522
[2942, 0.3853028, 1.0649108, 5.8849416, 0.54013324] 2.5047042 1.0880723 1.0310043 1.1167692
[2943, 0.39249092, 1.0622036, 5.2652435, 0.43092424] 2.6455526 1.0404383 0.8563483 1.0735754
[2944, 0.43692592, 1.0669247, 4.5950623, 0.8004362] 2.6542804 1.1255257 1.1193882 1.1772959
[2945, 0.5550701, 0.8817529, 5.144979, 0.33581904] 2.3623774 1.0781946 0.90408427 1.2642937
[2946, 0.42614758, 1.050147, 5.72906, 0.6248816] 2.436028 1.10512 1.0251588 1.338729
[2947, 0.53363353, 0.95881706, 5.1293716, 0.5384158] 2.4811337 0.94851637 1.0263784 1.1193413
[2948, 0.44013852, 1.0206748, 5.615599, 0.4651759] 2.5539634 0.93847555 1.0596199 1.1839602
[2949, 0.49804243, 0.9996245, 3.592198, 0.5746778] 2.7747574 1.0475204 0.8850662 1.2237277
[2950, 0.451831, 1.0339966, 4.523751, 0.5378589] 2.7180598 1.0694598 0.9707651 1.1573536
[2951, 0.35636783, 1.0928985, 5.0117583, 0.6113961] 2.638954 1.1368508 0.9106159 1.0962616
[2952, 0.5356146, 1.0685977, 2.6509566, 0.72447485] 3.1637936 1.026923 0.8827286 0.98499525
[2953, 0.37681493, 1.0783448, 4.7856927, 0.45354173] 2.7623975 0.98986757 1.0133326 0.9452143
[2954, 0.5687259, 0.9594511, 3.4579782, 0.80539024] 2.8309696 1.0435171 0.98494476 1.1563281
[2955, 0.4045123, 1.0470285, 4.151968, 0.5150049] 2.6514952 1.2265434 0.8869014 1.1760402
[2956, 0.5335153, 0.97140086, 5.905035, 0.53879654] 2.2757595 1.0685248 1.0074505 1.5017347
[2957, 0.5027026, 1.0592915, 3.0876102, 0.6694917] 2.8602455 1.087676 0.9340715 1.2845787
[2958, 0.5040918, 0.9799876, 4.9664454, 0.6476597] 2.7409601 1.0501695 0.93674076 1.0676342
[2959, 0.57124436, 0.9775893, 2.7855508, 0.60333925] 2.7966213 1.2039413 0.8810798 1.3123714
[2960, 0.41274217, 1.0629246, 3.983313, 0.62425065] 2.7180834 1.0616432 1.1051749 1.052535
[2961, 0.34663323, 1.0687954, 4.7031875, 0.5141043] 2.5433598 1.1014959 0.96138173 1.2389402
[2962, 0.43896008, 1.0164253, 3.6220295, 0.5584677] 2.8957925 0.9616629 0.885062 1.0929985
[2963, 0.5142418, 0.9890129, 4.5084367, 0.47845918] 2.5575674 1.1314443 0.96089995 1.2884898
[2964, 0.56722116, 1.0038781, 2.7672052, 0.82136774] 2.9912097 1.2571186 0.9195024 0.97459877
[2965, 0.52857876, 0.93755364, 5.181881, 0.5038788] 2.309045 1.0474061 1.0238446 1.3492103
[2966, 0.45170072, 1.02341, 5.3008323, 0.49462053] 2.3688188 1.1747017 0.91790724 1.4154137
[2967, 0.35289466, 1.0673795, 4.8874536, 0.4003005] 2.7473788 1.0721606 0.8568893 0.99891734
[2968, 0.5017252, 0.924998, 5.52886, 0.5571689] 2.3129172 1.0991201 0.8952113 1.1910065
[2969, 0.4666002, 1.0084738, 4.5445147, 0.5073242] 2.5715983 1.1013784 1.0111738 1.2441101
[2970, 0.35712808, 1.1010333, 5.85113, 0.54215044] 2.7224262 1.1561862 0.8558727 0.872464
[2971, 0.49188608, 0.9845335, 4.1296864, 0.4975242] 2.6603568 0.94256455 0.9865215 1.2992731
[2972, 0.5377367, 0.948944, 5.1856456, 0.5305652] 2.4923253 1.0535425 0.99807537 1.0198609
[2973, 0.4616793, 1.0084337, 3.9170423, 0.52051103] 2.7894504 1.025725 0.97951037 1.0607663
[2974, 0.49464595, 0.99935234, 4.9572887, 0.552659] 2.5426748 1.092421 0.94044673 1.2988579
[2975, 0.36864743, 1.0822645, 4.865125, 0.48429522] 2.596853 1.2047648 0.863571 1.1825564
[2976, 0.58420855, 0.9968319, 3.165498, 0.72232383] 2.7396216 1.1467348 0.98430794 1.3935548
[2977, 0.48159948, 1.0122161, 5.854139, 0.57175595] 2.3873448 1.257811 0.85395443 1.262034
[2978, 0.5794033, 0.7897947, 5.9390817, 0.41887337] 2.170144 1.2698407 0.86012614 1.254727
[2979, 0.43494666, 1.0589902, 5.3257346, 0.56469166] 2.4365575 1.2382492 0.95147634 1.1665374
[2980, 0.43934843, 1.0359867, 3.6647186, 0.67812866] 2.908086 0.9489028 0.8813112 1.1265976
[2981, 0.3967095, 1.0671052, 4.9346156, 0.6532419] 2.6989996 1.0715795 0.99360454 1.0463792
[2982, 0.5021172, 0.9149922, 5.3473196, 0.37531623] 2.366291 1.0849528 0.94787997 1.1720904
[2983, 0.4659276, 1.0505544, 3.1572318, 0.82576776] 2.921871 1.2686919 0.87116176 0.9702383
[2984, 0.435635, 1.035048, 4.4766626, 0.49296588] 2.664854 1.0519975 0.95862776 1.2115668
[2985, 0.4744855, 1.0046955, 5.737694, 0.56424636] 2.284476 1.0574157 1.1063119 1.3953738
[2986, 0.47344753, 1.0145096, 4.106187, 0.5657224] 2.875063 1.0482785 0.94511104 0.97536707
[2987, 0.5313857, 1.0050983, 3.3836381, 0.7523068] 2.87598 1.0374694 0.951361 1.1283331
[2988, 0.48337957, 0.96563715, 5.0695724, 0.46277234] 2.4215462 1.1258898 1.0039625 1.0887786
[2989, 0.55592716, 1.0321316, 2.967744, 0.5994315] 2.9359474 1.1414787 0.96349204 1.1746178
[2990, 0.34351736, 1.0685034, 3.5452237, 0.6131204] 2.7197304 1.1780397 0.91590923 1.1405187
[2991, 0.46467566, 1.0085547, 5.179159, 0.5238413] 2.7388034 1.1344349 0.8418466 0.94887733
[2992, 0.41726267, 1.0604124, 3.5450373, 0.7025463] 2.915662 0.9993677 0.9596432 0.9819819
[2993, 0.41670758, 1.0563672, 4.134123, 0.7445332] 2.7709627 1.092007 0.8342637 1.2249839
[2994, 0.4522754, 1.0389932, 4.7099094, 0.53103834] 2.4424343 1.2015897 1.0040958 1.3452408
[2995, 0.5945296, 0.8413686, 4.5964766, 0.41410348] 2.2779853 1.1042292 0.96784544 1.2972332
[2996, 0.54097104, 0.9078683, 5.2710485, 0.40524793] 2.2597802 1.0491266 1.0601001 1.29996
[2997, 0.39764187, 1.0456436, 4.7258406, 0.36509195] 2.5184126 1.1168956 0.90627676 1.218029
[2998, 0.70570064, 0.98860365, 2.0658946, 0.77395344] 3.636704 1.0300729 0.96841264 0.6530784
[2999, 0.38921744, 1.0581491, 4.004857, 0.46325204] 2.857529 1.0231197 0.75650537 1.0786813
[3000, 0.52636874, 1.0225416, 3.3139367, 0.81857413] 2.8268707 1.1330179 0.96443766 1.2127051
[3001, 0.5281214, 0.98331743, 3.807816, 0.6660843] 2.9653587 1.1091847 0.8056634 0.96190304
[3002, 0.4270002, 1.0467598, 4.0497594, 0.4663675] 2.8137076 1.0853342 1.0386193 0.9559595
[3003, 0.5318901, 0.99618363, 3.6337032, 0.90766495] 2.9775681 0.97361404 0.8640687 1.0742881
[3004, 0.4811516, 1.0134844, 4.163117, 0.544422] 2.7086213 1.1344692 0.9641248 1.0657525
[3005, 0.51107275, 0.98562175, 4.0900116, 0.56878084] 2.6058404 1.141699 1.0161097 1.2856681
[3006, 0.34804392, 1.0959009, 5.1359525, 0.6065052] 2.6419485 1.1479738 0.934505 0.9999957
[3007, 0.37618634, 1.0832996, 4.738953, 0.5810146] 2.6535811 1.0791233 1.0372382 1.0889499
[3008, 0.42533916, 1.0370202, 4.368459, 0.5503049] 2.7003973 1.0508449 0.95389944 1.2803036
[3009, 0.5845177, 0.86376685, 5.5149407, 0.37060606] 2.2632093 1.0240053 0.8813038 1.4702876
[3010, 0.4442272, 1.0336679, 4.137271, 0.5583657] 2.747736 1.1988266 1.042639 0.8838201
[3011, 0.4852511, 0.9809948, 3.7523148, 0.56755996] 2.7535095 1.0255312 1.0295914 1.0920268
[3012, 0.49527487, 1.049677, 3.1445081, 0.69790894] 2.8701086 1.2780215 0.9145822 1.0887146
[3013, 0.36847228, 1.0883782, 5.889185, 0.45925525] 2.5171301 1.1787635 1.0201707 1.0979574
[3014, 0.540328, 0.6942311, 4.6871533, 0.6003134] 2.2112436 1.110325 0.8197284 1.0562506
[3015, 0.4137807, 1.0586799, 3.6295207, 0.54220176] 2.6194277 1.092851 1.0340117 1.2752305
[3016, 0.36228433, 1.0893348, 5.3499293, 0.53424907] 2.5687397 1.0567526 0.9031618 1.2299541
[3017, 0.5338586, 1.0417659, 2.9643059, 0.77382666] 3.1384733 1.0704582 0.9277856 0.85185724
[3018, 0.5016356, 0.9762388, 5.3028517, 0.5176869] 2.5330837 1.0890651 0.91699255 1.0316534
[3019, 0.53002536, 0.9288027, 5.2829766, 0.45227197] 2.228612 1.1663884 1.053475 1.1839497
[3020, 0.45964396, 1.0078616, 4.427776, 0.41382676] 2.6981668 1.0159233 0.79395604 1.2375467
[3021, 0.41160786, 1.0640318, 3.9007688, 0.6367622] 2.8053966 1.0333825 0.9457111 1.1451311
[3022, 0.4802973, 1.0110351, 3.8796268, 0.6088039] 2.5850482 0.995367 1.054277 1.4277797
[3023, 0.37870756, 1.0661393, 5.1282268, 0.5185408] 2.5432534 1.1157273 0.88499427 1.2126036
[3024, 0.57082164, 0.96819407, 3.0197597, 0.7049479] 3.0547593 0.8928287 1.0119013 1.0550495
[3025, 0.4609776, 1.0140586, 4.2732887, 0.45948747] 2.6333675 1.2410882 0.87384164 1.0906508
[3026, 0.44611382, 1.0025746, 5.5172486, 0.7461327] 2.5529845 1.099673 0.9217115 1.0249937
[3027, 0.5183238, 0.9449728, 5.442997, 0.46593663] 2.4191651 1.1609203 0.8873181 1.1885546
[3028, 0.41248024, 1.0671273, 5.3111634, 0.4965498] 2.714554 0.91334844 0.8943268 0.99882996
[3029, 0.62176085, 0.9432358, 2.8061204, 0.77161217] 3.0586166 1.0092413 0.96430314 0.9505778
[3030, 0.42075986, 1.0339928, 5.449723, 0.6023531] 2.6647255 0.98042256 0.85664296 1.2215942
[3031, 0.42354038, 1.0439357, 4.4884057, 0.54122347] 2.7581334 0.92304033 0.9386217 1.1512079
[3032, 0.4961905, 0.9783082, 4.156597, 0.6549111] 2.6826477 1.047627 1.0826353 1.1734936
[3033, 0.38365957, 1.0574206, 5.7508616, 0.5924009] 2.5393398 1.1419158 0.91146934 1.0482334
[3034, 0.3411866, 1.0971082, 3.9415169, 0.72794074] 2.7735784 1.122425 0.97501487 1.1214826
[3035, 0.44395053, 1.0374502, 5.097934, 0.5177377] 2.397658 1.1272277 1.0034245 1.4358386
[3036, 0.5939997, 0.7737398, 5.739803, 0.26991224] 2.2253807 1.1320127 0.78358465 1.281478
[3037, 0.3174067, 1.101038, 4.8113017, 0.56817496] 2.5599005 1.139129 0.97068506 1.246717
[3038, 0.42048076, 1.0336512, 5.4138103, 0.43473303] 2.5707383 0.9811888 0.913269 1.100507
[3039, 0.4142052, 1.0276102, 6.0172234, 0.532391] 2.7173553 0.94059426 0.8646269 0.9598675
[3040, 0.30415368, 1.0895561, 4.6586356, 0.6877695] 2.6586273 1.0325099 0.9553268 1.1913098
[3041, 0.37660038, 1.0715286, 4.7952743, 0.37810135] 2.7080376 1.0805433 0.7595136 1.0620488
[3042, 0.4747837, 1.0206503, 4.2189417, 0.6469595] 2.5591652 1.1829662 0.95694304 1.3218019
[3043, 0.43780297, 1.0301973, 5.3048835, 0.5467562] 2.553468 1.1606345 0.9627197 1.1592172
[3044, 0.48171097, 1.0518553, 3.0080576, 0.61813176] 2.938397 1.1481856 1.010423 1.02377
[3045, 0.5647475, 0.7959394, 6.55703, 0.56011575] 2.1328354 1.1053841 1.042825 1.3061901
[3046, 0.43519163, 1.0511758, 4.2667465, 0.4911967] 2.7092237 1.0525572 0.9604961 1.1925746
[3047, 0.5720179, 0.82782686, 5.6108165, 0.42883953] 2.4448211 1.0468351 0.8794803 0.8994665
[3048, 0.44268224, 1.0410379, 4.291502, 0.73317903] 2.6898427 1.1284393 1.039946 1.065617
[3049, 0.44801715, 1.0142574, 5.4084992, 0.5683983] 2.5720623 1.046943 0.9776575 1.109807
[3050, 0.42405283, 1.0587331, 5.1897135, 0.5136049] 2.4481714 1.0942796 0.935896 1.3414304
[3051, 0.42873213, 1.0357608, 5.1409545, 0.59137535] 2.724785 0.9583794 1.0008758 1.0814518
[3052, 0.5856039, 0.91701066, 3.2162452, 0.60000527] 2.862418 1.0202003 0.87984294 1.2025884
[3053, 0.36992642, 1.0827191, 5.427987, 0.46657982] 2.547527 1.0677431 0.9567702 1.1942452
[3054, 0.4455932, 1.0267546, 5.296583, 0.510335] 2.424369 1.1627088 1.1233572 1.1421185
[3055, 0.396805, 1.0631353, 5.8669176, 0.59236073] 2.5307276 0.97584265 1.1155442 1.0996562
[3056, 0.4797257, 1.015872, 4.745309, 0.49963483] 2.3886912 1.1683866 1.1246883 1.401956
[3057, 0.5550311, 0.7608459, 5.4764905, 0.49741817] 2.087517 1.0547879 0.9937512 1.3380194
[3058, 0.43278947, 1.0162548, 4.3205905, 0.45052767] 2.8085938 1.0977484 0.91740143 0.97009706
[3059, 0.624764, 0.778556, 5.7781696, 0.43037844] 2.3200624 1.1471133 0.8736345 1.0302206
[3060, 0.62478375, 0.6826641, 5.5491347, 0.54026914] 2.3114915 0.9565411 0.95318794 1.0041045
[3061, 0.5616976, 0.99283, 2.8308465, 0.6989186] 2.8830621 1.2240682 1.0388039 1.1030519
[3062, 0.42876232, 1.01983, 5.4086804, 0.37626606] 2.4402142 1.0781798 0.9176247 1.177156
[3063, 0.48613465, 0.9877759, 5.7747383, 0.61175686] 2.4193723 1.116493 1.1771301 1.1377716
[3064, 0.69113624, 0.7544004, 4.693256, 0.3352098] 2.3619344 1.1362422 0.85161656 1.1408664
[3065, 0.39069682, 1.0453484, 4.840376, 0.48618904] 2.5810077 1.0683308 0.9217174 1.2751243
[3066, 0.53893375, 0.9859096, 3.8789997, 0.7160061] 2.7570653 0.98033637 0.86193997 1.352077
[3067, 0.6177158, 0.96778893, 2.7569354, 0.6519332] 2.9129295 1.12236 1.0405316 1.1951014
[3068, 0.44832382, 1.0403777, 5.6103344, 0.5614995] 2.449231 1.1135184 0.9443008 1.2752208
[3069, 0.48181245, 1.0473413, 3.3607895, 0.64041454] 3.0112417 1.0505792 0.8821208 0.9770555
[3070, 0.36883613, 1.0770234, 5.6236663, 0.5028193] 2.6154747 1.0834519 1.0419769 0.9596255
[3071, 0.4272671, 1.023147, 4.0587134, 0.570496] 2.672146 0.9923679 1.0467014 1.2203784
[3072, 0.634543, 1.0077816, 2.6606264, 0.61714303] 3.1399794 1.2112464 0.9684805 0.94069505
[3073, 0.4591459, 1.0425128, 3.9518404, 0.6732545] 2.8262928 1.0288067 0.89828867 1.1767664
[3074, 0.4034491, 1.0571208, 5.272228, 0.39748335] 2.5922608 1.1838804 0.9485865 1.0661178
[3075, 0.4480107, 1.0264868, 4.7343655, 0.42937487] 2.7128856 0.9276707 0.9387631 1.1563885
[3076, 0.4044903, 1.0440657, 5.3958592, 0.5606127] 2.6576357 1.1116196 0.988948 0.9740626
[3077, 0.6139634, 0.8413246, 5.0680084, 0.36384112] 2.3919568 1.0100051 0.9393581 1.2155077
[3078, 0.40527245, 1.0622417, 5.783863, 0.5657317] 2.5542827 1.0315912 0.8798539 1.1234779
[3079, 0.60468537, 0.9858537, 2.810398, 0.48055285] 2.8947892 1.0745766 1.0582515 1.2313435
[3080, 0.5450164, 1.0270388, 3.0170739, 0.7743679] 2.877191 1.1866959 0.9841026 1.1372811
[3081, 0.3969828, 1.040982, 4.2384567, 0.5319156] 2.785831 1.0410725 0.89475626 1.1558197
[3082, 0.43874443, 1.0370748, 4.470925, 0.59059614] 2.6726015 1.1852092 1.0404509 0.9686796
[3083, 0.42975664, 1.035359, 5.5783024, 0.5656392] 2.6996207 1.0672281 1.0111865 0.8583798
[3084, 0.4236413, 1.0279205, 5.4450603, 0.52072674] 2.6308422 1.0059022 0.96859074 1.0079156
[3085, 0.5887738, 0.861603, 5.6383963, 0.3827326] 2.1498775 1.1951292 1.0171733 1.2868354
[3086, 0.6063177, 1.0053054, 2.5355017, 0.65194285] 3.0317338 1.0866061 1.0609246 1.164359
[3087, 0.66802937, 0.8938967, 3.1135962, 0.64170545] 2.609928 1.1989217 0.9909213 1.5516442
[3088, 0.42539588, 1.045219, 5.2283425, 0.57588816] 2.443952 1.0988767 1.0883734 1.2616963
[3089, 0.49916303, 1.0101014, 3.316653, 0.78391343] 2.8429189 1.0573179 1.0846956 1.1129396
[3090, 0.4591931, 1.0160435, 4.149437, 0.49764568] 2.7491426 1.1823705 0.87225884 1.04878
[3091, 0.42617613, 1.037455, 4.7367506, 0.50802493] 2.5382254 1.0056795 0.991708 1.345424
[3092, 0.34582, 1.0730768, 5.552679, 0.7343792] 2.5912557 1.1003537 1.0428656 1.0162331
[3093, 0.52240855, 1.0462581, 2.8549912, 0.68965137] 2.8809502 1.1545033 1.027495 1.2135268
[3094, 0.532491, 0.940014, 4.929933, 0.44968206] 2.3893487 1.1803056 0.93400943 1.1162342
[3095, 0.56675184, 0.83858794, 6.039672, 0.43702784] 2.185686 1.0862529 1.0053387 1.3140794
[3096, 0.40630952, 1.0034283, 5.372269, 0.60222375] 2.3787777 1.1602026 0.97387123 1.1735799
[3097, 0.4316664, 1.0517653, 4.701099, 0.51812196] 2.6260698 1.084094 1.0243121 1.0887699
[3098, 0.4565762, 1.0181344, 4.6813707, 0.62354594] 2.6851606 1.106353 0.95497453 1.1575431
[3099, 0.41977948, 1.0544554, 5.132434, 0.47280967] 2.4655876 1.1424888 1.0377928 1.0431848
[3100, 0.5250279, 1.0040048, 3.4286306, 0.8420308] 2.6698287 1.0619845 1.0018092 1.3961234
[3101, 0.39145482, 1.0453756, 5.2829404, 0.4934078] 2.5312462 1.1731825 1.0127267 1.0864352
[3102, 0.45740065, 1.0341243, 5.731704, 0.45949557] 2.4978514 1.1233854 0.9144446 1.1703051
[3103, 0.45036775, 1.041648, 4.2199273, 0.4541258] 2.5308945 1.1725912 1.1329813 1.2259612
[3104, 0.4146135, 1.0334957, 4.4788165, 0.61316127] 2.723398 1.0872191 0.93179566 1.1112995
[3105, 0.40886155, 1.0599985, 4.880025, 0.59740496] 2.680075 1.0647758 0.9567739 1.1100924
[3106, 0.55073744, 1.0078121, 2.9662373, 0.8190641] 3.00152 1.0618712 0.8767256 1.1336399
[3107, 0.5250058, 1.0227033, 3.3254807, 0.5940793] 3.0095155 1.0811338 0.80115765 1.0176781
[3108, 0.42483944, 1.0258149, 5.663765, 0.49505547] 2.517584 1.2304692 0.8772902 1.1708207
[3109, 0.5852766, 1.0345408, 2.3622015, 0.8182829] 3.217814 1.0609816 0.9291488 1.098431
[3110, 0.5019648, 0.980411, 3.6060615, 0.5056952] 2.759801 1.1182971 1.0667558 0.966717
[3111, 0.571084, 1.0183598, 2.7772315, 0.8012452] 3.1201227 1.1678662 0.9718219 0.85244507
[3112, 0.42081615, 1.0304464, 5.18867, 0.3979827] 2.4887264 1.0086222 1.1019154 1.1034166
[3113, 0.49858826, 1.0161803, 4.7725725, 0.5390586] 2.4421346 1.1904624 1.0042547 1.4054539
[3114, 0.36316282, 1.0799719, 3.632673, 0.8008508] 2.915652 0.9835042 0.7968475 1.1186762
[3115, 0.55259204, 0.79815924, 6.3036914, 0.39142] 2.383842 0.9868486 0.94183385 0.998555
[3116, 0.6032704, 0.8665779, 4.012229, 0.39925602] 2.240108 0.9854417 1.0096128 1.440868
[3117, 0.5928568, 0.9720869, 2.843467, 0.9864552] 2.867931 1.1328529 0.9191962 1.1435101
[3118, 0.5508069, 0.90357196, 5.657834, 0.471211] 2.3021138 1.0281835 1.1182516 1.3026003
[3119, 0.469371, 0.9932401, 5.2751975, 0.47460672] 2.4801998 1.0175265 0.9388797 1.2967682
[3120, 0.3745805, 1.0651836, 4.715294, 0.6392367] 2.8316545 1.1469591 0.96978766 0.8621648
[3121, 0.33966875, 1.0954249, 5.380958, 0.5105413] 2.5903494 1.224059 0.8697721 1.1207687
[3122, 0.6504463, 0.928521, 3.312147, 0.6196344] 2.770695 1.1861358 0.9640141 1.322096
[3123, 0.5679417, 0.8555632, 5.545742, 0.42190263] 2.460008 1.0239075 0.9197125 0.979225
[3124, 0.3384204, 1.0676391, 5.119051, 0.39703616] 2.5930684 1.0835071 0.90403616 1.1527812
[3125, 0.37457147, 1.0785333, 4.071613, 0.5609023] 2.6206944 1.1857395 0.9821383 1.2497437
[3126, 0.546718, 0.9337111, 5.0420823, 0.51711506] 2.3037052 1.210604 0.8411798 1.3733768
[3127, 0.5307038, 1.026915, 3.2111378, 0.72252536] 2.8306057 0.97898346 1.0544306 1.2019212
[3128, 0.45144492, 1.029393, 5.267862, 0.52937114] 2.7863362 1.0811288 0.85003424 0.8219048
[3129, 0.5315523, 0.9227324, 4.871366, 0.4652124] 2.3528388 1.1388139 0.9202907 1.2633884
[3130, 0.49059513, 1.0163829, 3.288487, 0.5645879] 2.937219 1.153511 0.8411127 0.94080883
[3131, 0.42501014, 1.0435756, 5.4953394, 0.5290979] 2.6647925 0.95676047 0.84528023 1.0471364
[3132, 0.51151544, 0.9851769, 4.7346177, 0.57197547] 2.7047737 1.1620842 1.1194026 0.82241744
[3133, 0.41704547, 1.0316706, 4.6557775, 0.55534] 2.6412303 1.1198432 0.92358357 1.2320017
[3134, 0.38706616, 1.0576645, 5.252395, 0.6298797] 2.5131903 1.1703907 1.0159179 1.0919803
[3135, 0.53273326, 0.9642261, 5.68011, 0.61303246] 2.407555 1.1927682 0.89419216 1.2541356
[3136, 0.54510146, 0.89767295, 5.5452785, 0.5495771] 2.3110542 0.9301869 1.0886503 1.2950175
[3137, 0.5039546, 1.0538077, 2.9879208, 0.9638228] 3.0464158 1.0752568 0.90736383 1.0071743
[3138, 0.36012065, 1.0756215, 5.926774, 0.7578306] 2.5110621 1.0703988 0.89551955 1.1351757
[3139, 0.48121783, 0.99420357, 3.3916843, 0.7406771] 2.9087062 0.98304546 0.94140524 1.0715799
[3140, 0.40294522, 1.0448895, 5.4566255, 0.58336353] 2.5176196 1.2157267 0.86311746 1.0851545
[3141, 0.38435772, 1.0753169, 5.2236295, 0.77527237] 2.4653108 1.160419 1.0263009 1.2798333
[3142, 0.39989227, 1.058368, 5.355273, 0.66879886] 2.4809449 1.0800606 1.0137938 1.2190646
[3143, 0.41667354, 1.0588179, 4.7740655, 0.39555526] 2.6034286 1.1821111 0.8490591 1.0506306
[3144, 0.6346075, 0.9282458, 2.8451867, 0.7744802] 2.9142256 1.0749382 0.9411791 1.2459466
[3145, 0.46596107, 1.0164857, 3.8120723, 0.70848954] 2.8983686 1.0828512 0.9769666 0.9344849
[3146, 0.5303719, 0.97378594, 4.1391582, 0.73365813] 2.7320013 1.106954 0.80850583 1.271962
[3147, 0.46211597, 1.0086796, 4.6944737, 0.45282054] 2.7098613 0.9533705 0.91925955 1.1981012
[3148, 0.40976542, 1.0354099, 5.2844105, 0.5235578] 2.5904799 1.0996192 0.8777184 1.1908154
[3149, 0.5329592, 0.93697464, 5.193424, 0.4376086] 2.6515667 1.0729924 0.6838509 1.0162567
[3150, 0.46113825, 1.025819, 5.217674, 0.39939818] 2.5030267 0.9823268 1.0061458 1.3073704
[3151, 0.47279984, 1.010025, 5.001954, 0.33983546] 2.5862875 1.1877456 0.89695525 1.1675143
[3152, 0.49654946, 1.0203729, 3.4924579, 0.72699636] 2.772158 1.0781082 0.86168873 1.2641329
[3153, 0.55148524, 0.8504017, 5.9689293, 0.40312672] 2.1836586 1.1704893 1.0175304 1.236679
[3154, 0.48334116, 1.0033038, 4.1204243, 0.6092725] 2.912114 0.9794014 0.9622438 0.94368047
[3155, 0.55948704, 0.9358424, 4.3503194, 0.46071628] 2.5967994 1.1440442 1.0090882 1.2089833
[3156, 0.6451662, 0.7267552, 6.2325478, 0.4233669] 2.3575563 0.957203 1.0773147 0.97416794
[3157, 0.42459968, 1.0632685, 3.913443, 0.73194355] 2.7529986 1.1252207 1.0003419 1.096742
[3158, 0.4186661, 1.0437204, 4.5984735, 0.42752206] 2.4332938 1.1924148 1.1242877 1.2601612
[3159, 0.4550119, 1.0083002, 5.400478, 0.5437846] 2.4053066 1.0986336 1.0013831 1.3015308
[3160, 0.3637714, 1.0948155, 5.4290586, 0.55602854] 2.5201385 1.1832885 1.0637339 1.0594028
[3161, 0.5361823, 1.0037564, 3.3235257, 0.5645203] 2.9875581 0.9752723 1.0315193 0.93881446
[3162, 0.38900435, 1.0376455, 4.9844503, 0.48055622] 2.6844435 1.1497256 0.9195692 1.03679
[3163, 0.41553724, 1.058469, 3.8385644, 0.62789226] 2.567282 1.1396246 1.0747647 1.2334164
[3164, 0.41598088, 1.0636725, 3.5377321, 0.7606945] 2.688171 0.9823541 1.0537702 1.2734346
[3165, 0.49618706, 1.030461, 3.9099665, 0.7987479] 2.7988334 1.2567055 0.9456165 0.995467
[3166, 0.367872, 1.0510454, 5.436692, 0.47374266] 2.5723276 1.1621113 0.8818036 1.0793037
[3167, 0.5790546, 0.8674281, 5.322079, 0.38458845] 2.2803934 1.0213407 0.9248206 1.4160966
[3168, 0.36090752, 1.0911075, 4.4235644, 0.5953457] 2.5891132 1.1498207 0.9561125 1.1354771
[3169, 0.50540656, 1.004486, 4.2693167, 0.59208626] 2.908898 0.97388077 0.84339815 0.9987339
[3170, 0.5220797, 0.9842561, 3.5364547, 0.5234167] 2.6658294 1.0591781 1.1113766 1.3083231
[3171, 0.38744956, 1.0538254, 5.273834, 0.509137] 2.5783095 1.2207731 0.9307678 0.9238794
[3172, 0.42325446, 1.0630469, 4.275449, 0.5037038] 2.651661 1.242957 1.0017841 1.0674027
[3173, 0.3968635, 1.0482076, 5.7008934, 0.52098244] 2.4119928 1.0530883 1.0720055 1.3542942
[3174, 0.5085126, 0.9422492, 5.5267587, 0.47006673] 2.371866 1.1958587 0.82106245 1.0993559
[3175, 0.43701002, 1.0533705, 5.3537946, 0.6112065] 2.3539565 1.2239599 1.0977981 1.2798305
[3176, 0.42483023, 1.0462, 4.9421167, 0.43953118] 2.5486577 0.9930521 1.0381143 1.2110032
[3177, 0.47992608, 1.0595514, 3.5989306, 0.7236052] 2.89702 1.1549011 0.88004994 1.097039
[3178, 0.47575104, 1.0056454, 4.1993575, 0.553083] 2.7252488 1.1549832 0.88054806 1.2171925
[3179, 0.5563957, 0.89500606, 5.3487597, 0.5260261] 2.299935 1.2433594 1.0247039 1.1558033
[3180, 0.583178, 1.0332372, 2.3068223, 0.64661485] 3.2535563 1.0661769 0.81529766 0.9610812
[3181, 0.5023844, 0.99659, 5.0610194, 0.6545641] 2.5205522 0.89800346 0.97194904 1.4367197
[3182, 0.35141277, 1.1031029, 4.954138, 0.5021525] 2.600205 1.1653305 0.9600883 1.0432068
[3183, 0.49789816, 0.99183935, 5.48472, 0.5249303] 2.3037443 1.1285412 1.1170963 1.3324097
[3184, 0.5101994, 1.0231661, 3.4251652, 0.7150843] 2.9000955 1.1883119 0.8836599 1.0046041
[3185, 0.38820863, 1.0572196, 4.890622, 0.64171684] 2.7183592 0.96704435 0.9967358 1.0938047
[3186, 0.44976562, 1.0123544, 4.573692, 0.53028214] 2.5355039 1.2071722 0.9651908 1.2299801
[3187, 0.54067755, 0.99292135, 2.974199, 0.74562854] 2.9078155 1.0149904 1.0333347 1.1111815
[3188, 0.47270122, 0.98559105, 5.4671307, 0.47616476] 2.413546 1.140909 0.91293114 1.1329503
[3189, 0.44263494, 1.0234733, 5.310605, 0.4274212] 2.6002057 0.8910187 0.91946536 1.3488514
[3190, 0.31785154, 1.1013925, 5.792589, 0.6062664] 2.6152303 1.2235667 0.9466038 0.86397517
[3191, 0.38027346, 1.0748241, 5.8918324, 0.4937261] 2.5128272 1.0319959 1.0419209 1.1556184
[3192, 0.6247326, 0.94927496, 2.9570582, 0.74377865] 2.9714627 1.0160359 0.8281767 1.2468455
[3193, 0.47714952, 0.9954962, 5.2535944, 0.38183275] 2.6761541 1.1616179 0.8203693 0.9469436
[3194, 0.5169579, 1.0151055, 3.7464497, 0.65132296] 2.646812 0.9656716 1.0366033 1.4087257
[3195, 0.6130959, 0.9639036, 3.1246247, 0.68246543] 3.106678 1.1559595 0.92824715 0.82389
[3196, 0.51129544, 1.0043164, 5.3699555, 0.51215553] 2.3720043 1.2697847 0.87596357 1.3765681
[3197, 0.6173264, 0.87943614, 4.757141, 0.50715935] 2.4730446 1.1973184 0.8577196 0.99159616
[3198, 0.48940954, 0.999286, 5.1669483, 0.45864263] 2.4337885 1.1069793 1.0068042 1.3303909
[3199, 0.31656462, 1.1039559, 5.6815915, 0.7306763] 2.6991334 1.0408896 0.85685927 0.98841363
[3200, 0.54513955, 0.8677605, 5.448958, 0.41729894] 2.2499619 1.1171242 1.0357486 1.1738644
[3201, 0.5201381, 1.0090177, 3.284351, 0.70414114] 2.681484 1.1445273 0.98301935 1.3995166
[3202, 0.3890703, 1.0616884, 5.322678, 0.5006694] 2.608389 1.2027937 0.9383195 1.0913165
[3203, 0.36590457, 1.0453413, 5.1902966, 0.4994638] 2.6935382 1.1040106 0.86544675 1.0666237
[3204, 0.52225965, 0.9379827, 4.6716957, 0.40292397] 2.4542253 1.0602206 0.9905096 1.0583452
[3205, 0.50452775, 0.99184734, 5.0633264, 0.56679064] 2.3034515 1.1109843 0.9720874 1.4663731
[3206, 0.49936634, 0.9329448, 5.008518, 0.46511796] 2.3251193 1.1339225 0.9666615 1.1538363
[3207, 0.27137172, 1.1438987, 5.1334867, 0.44587848] 2.7257144 1.145803 0.83027434 1.0329162
[3208, 0.5021991, 1.0077466, 3.9340694, 0.73897314] 2.7592285 1.0118872 0.9829272 1.2706536
[3209, 0.43213025, 1.024764, 5.0854354, 0.6561422] 2.7095149 1.107597 0.9180042 0.9953429
[3210, 0.5975549, 0.8020838, 5.3979764, 0.376168] 2.2211778 1.1015996 0.87470907 1.3382956
[3211, 0.5662816, 0.8569349, 5.9705114, 0.5296261] 2.1466725 1.0592093 1.0511919 1.3603269
[3212, 0.35651657, 1.0860021, 5.1604466, 0.60632306] 2.7466063 1.1077358 0.8974587 0.97792494
[3213, 0.38715908, 1.0396817, 4.4156895, 0.52302825] 2.6053927 1.2457172 0.91817224 1.1976074
[3214, 0.6165201, 1.0812981, 2.2953646, 0.7618762] 3.3495479 1.043627 1.0201287 0.98480827
[3215, 0.5655108, 0.8303159, 5.7767086, 0.43294606] 2.17633 1.145836 1.0209476 1.2413883
[3216, 0.5634794, 0.9910912, 3.5495372, 0.599165] 3.0463095 1.2004905 0.8165444 0.9035155
[3217, 0.4089575, 1.0417134, 5.307521, 0.49935776] 2.4026825 1.0980855 0.99783 1.3365422
[3218, 0.38413924, 1.0511357, 4.6105647, 0.56576145] 2.6610782 1.1017709 0.99239606 1.1257092
[3219, 0.58881384, 0.8459476, 5.9282813, 0.5528171] 2.1975172 0.97496814 1.1407733 1.3523449
[3220, 0.6019983, 0.8913412, 5.231437, 0.43897974] 2.2634244 1.1740124 0.94146574 1.2761384
[3221, 0.4285336, 1.0499357, 3.745332, 0.699864] 2.7070284 1.1707305 0.8798725 1.2628845
[3222, 0.39712685, 1.0390577, 4.1556745, 0.5048398] 2.7725222 1.2101074 0.916706 0.9777924
[3223, 0.3554859, 1.0980077, 5.840322, 0.65381634] 2.663294 1.1441174 0.9473589 0.91462266
[3224, 0.5809511, 0.98964584, 3.0616539, 0.6448055] 3.0297804 1.1063079 0.91640484 1.0112009
[3225, 0.51749146, 1.0402405, 3.1287878, 0.80492574] 2.9135923 1.0087963 1.0424995 1.0197855
[3226, 0.3738838, 1.0623516, 5.3278346, 0.5164532] 2.7151442 1.0173329 0.9015854 0.9839884
[3227, 0.45342797, 1.0266899, 5.496883, 0.6617362] 2.631197 1.1977715 0.9599992 0.85967976
[3228, 0.48067966, 1.0019532, 5.149016, 0.5601109] 2.4824712 1.1317326 1.0706878 1.0281302
[3229, 0.5256327, 0.9363434, 4.9584684, 0.43087277] 2.443933 1.18887 0.959761 1.0003711
[3230, 0.4971495, 1.0099577, 3.5249095, 0.8108695] 2.9141445 1.1781383 0.9409553 0.95513815
[3231, 0.43061623, 1.0119776, 4.360478, 0.6309598] 2.810222 0.998143 0.91355884 1.0883297
[3232, 0.53899807, 0.9189579, 5.1222854, 0.45854437] 2.3775716 1.0571806 0.9034754 1.2937057
[3233, 0.55307156, 0.86606765, 5.8315153, 0.4552389] 2.2013254 1.1010613 0.9311053 1.396938
[3234, 0.5316136, 0.97867984, 3.7275567, 0.5993466] 2.8703458 1.1928511 0.9374836 0.9540274
[3235, 0.5023489, 1.0130838, 3.315247, 0.6881108] 2.7460327 1.1647905 0.90073866 1.261682
[3236, 0.400319, 1.0620701, 5.4713635, 0.926283] 2.6676836 0.93837535 0.97136056 1.0713683
[3237, 0.42959675, 1.0447975, 4.5440397, 0.48619252] 2.638906 1.0857238 0.82283974 1.2216675
[3238, 0.3745216, 1.0862286, 4.0128617, 0.7724799] 2.7429996 1.0914975 0.96640784 1.1393478
[3239, 0.48353508, 0.9854543, 6.01909, 0.56154495] 2.606977 0.9101027 0.92280465 1.0705199
[3240, 0.54350245, 0.9161847, 4.62668, 0.48798874] 2.4073231 1.1616485 0.79111946 1.213751
[3241, 0.61247075, 0.9536915, 3.5529816, 0.6162707] 2.590666 1.2601129 0.9712935 1.3625633
[3242, 0.43165508, 1.0316731, 3.7672095, 0.7813322] 2.7584782 1.1288741 0.8882291 1.1162707
[3243, 0.49389425, 1.0065523, 3.7011616, 0.6086415] 2.6792283 1.2165501 1.1072129 1.1156064
[3244, 0.36996397, 1.0863849, 3.8457403, 0.67431235] 2.9698381 0.9600905 0.8967572 0.93925846
[3245, 0.47648707, 1.0071906, 4.7042093, 0.40181872] 2.5227463 1.0857501 1.0801936 1.2803767
[3246, 0.45838824, 1.0192491, 5.150716, 0.5409866] 2.6524687 0.9860289 0.9130815 1.2113607
[3247, 0.5564582, 1.0036228, 2.8817873, 0.8906824] 2.8825977 1.0724325 1.0754857 1.075421
[3248, 0.4960994, 1.0008436, 4.444664, 0.7063601] 2.6902173 1.1132941 0.88259894 1.2450603
[3249, 0.4669398, 1.0144389, 4.3089304, 0.6611018] 2.7719657 0.9416027 1.0049608 1.1644744
[3250, 0.5822867, 0.94506365, 3.3987203, 0.7179598] 2.904378 1.0974805 0.90957785 0.99715704
[3251, 0.43358898, 0.9818609, 5.419621, 0.46401823] 2.3445482 1.094502 0.90016437 1.2308842
[3252, 0.36144364, 1.0839136, 5.411285, 0.49680853] 2.787766 1.0435476 0.99786246 0.8211624
[3253, 0.38364628, 1.0702814, 5.504599, 0.61056626] 2.5987678 1.0053245 1.0279658 1.0057427
[3254, 0.4380931, 1.0333314, 5.6813364, 0.5729634] 2.5380957 0.9581452 0.92586243 1.1915206
[3255, 0.44057098, 1.0318986, 4.2717113, 0.5718594] 2.6934536 1.185354 1.0235766 1.0398937
[3256, 0.38405114, 1.0572535, 5.7396007, 0.6579655] 2.531382 0.89951015 1.0060161 1.2369318
[3257, 0.48854706, 0.9769614, 5.2290654, 0.49343824] 2.7410784 0.9987098 1.0452677 0.9770885
[3258, 0.40368804, 1.0420338, 5.2485275, 0.40363443] 2.577259 1.038928 0.99432164 1.0816216
[3259, 0.54145527, 0.9098128, 5.124198, 0.47580716] 2.322878 1.2111925 0.92937726 1.1512231
[3260, 0.51024806, 0.99009514, 5.526219, 0.6098855] 2.3508456 1.2607933 1.0621705 1.1748408
[3261, 0.539119, 0.9170152, 5.4880576, 0.6277449] 2.3164566 1.1308323 0.9828655 1.2105582
[3262, 0.27116263, 1.1186969, 5.0507126, 0.5960233] 2.7360115 0.96892625 0.92863643 1.1219823
[3263, 0.49943584, 1.0044441, 4.5543704, 0.546064] 2.5262375 1.1280723 1.0623422 1.2241046
[3264, 0.47004476, 0.99552083, 5.1853204, 0.6121768] 2.5493314 1.092449 0.98080736 1.0280706
[3265, 0.48650962, 0.96906036, 4.0220385, 0.45714563] 2.4856315 1.1442895 0.90629923 1.1337943
[3266, 0.4466816, 1.0152943, 5.1133413, 0.5221301] 2.7562027 0.982111 0.97681546 0.9331137
[3267, 0.4463239, 1.0085816, 3.663406, 0.7401168] 2.8276339 0.9505201 1.084124 1.0270848
[3268, 0.46231475, 1.0287669, 3.4602518, 0.50786626] 2.8252783 1.1461352 0.8835754 1.0856344
[3269, 0.4512961, 1.0461061, 5.323509, 0.39209917] 2.6456656 1.0223417 0.8725174 1.155717
[3270, 0.43113428, 1.0256656, 4.492184, 0.7301398] 2.5272272 1.1030377 1.0241987 1.3735975
[3271, 0.45373616, 1.0095967, 5.577432, 0.5206402] 2.4652064 1.161046 0.93091685 1.0456989
[3272, 0.49204955, 1.0118793, 3.798609, 0.5958742] 2.621465 1.2071214 1.1831098 1.0905577
[3273, 0.42518035, 1.0219983, 4.665501, 0.5190015] 2.5430505 1.0473195 0.80667454 1.2958878
[3274, 0.38316867, 1.0682324, 4.8311996, 0.6593091] 2.5366774 1.1862104 0.99280345 1.2335198
[3275, 0.5136516, 0.944319, 5.239283, 0.5624716] 2.3120282 1.0892764 0.9529076 1.2982613
[3276, 0.51477605, 0.934807, 4.8672647, 0.51972866] 2.349915 1.1258837 0.9288845 1.2570225
[3277, 0.40522048, 1.0738497, 4.357652, 0.577489] 2.6284869 1.204054 0.9284183 1.1493138
[3278, 0.47243708, 1.0288696, 3.6080117, 0.6979903] 2.7518942 1.217063 0.9282481 1.1453767
[3279, 0.45260453, 1.0234863, 5.1232553, 0.5472177] 2.5977871 1.0405409 0.78877795 1.1218153
[3280, 0.48345986, 1.0326465, 3.7462828, 0.5627236] 2.8202887 1.2348555 0.9989649 0.964604
[3281, 0.41284266, 1.0533441, 5.4374733, 0.5270801] 2.4956102 1.1926341 1.1230335 1.058318
[3282, 0.43318284, 1.0315241, 5.112329, 0.61274934] 2.5279965 0.9302163 0.9590223 1.1960272
[3283, 0.48849386, 0.9818049, 5.6456957, 0.56384885] 2.5544133 0.8556651 0.9885758 1.2317257
[3284, 0.56906986, 0.95357203, 3.3794107, 0.65812755] 2.9798083 0.9074776 0.9205936 1.106453
[3285, 0.5681919, 0.88686085, 5.286799, 0.4715077] 2.4179695 1.0364144 0.8811159 1.1570723
[3286, 0.38886574, 1.0767745, 6.1045423, 0.6677904] 2.713933 1.0284684 0.90127623 0.8656374
[3287, 0.5565586, 0.8511533, 5.7679553, 0.47852737] 2.3082182 1.1450042 1.0284792 1.0577006
[3288, 0.39302945, 1.0792303, 5.730882, 0.5469471] 2.4210105 1.0686545 0.99667215 1.3155609
[3289, 0.39539635, 1.0492225, 4.1644797, 0.5727049] 2.7414472 1.0767845 0.98903024 1.1008632
[3290, 0.4438021, 1.0424334, 5.537048, 0.63114357] 2.3315072 1.2304679 0.9979176 1.2877578
[3291, 0.44998968, 1.0269449, 4.9600573, 0.53171206] 2.559271 1.1488214 1.0170346 1.148317
[3292, 0.4620532, 1.0074852, 4.6681914, 0.37274775] 2.6787343 0.9711234 0.9126491 1.2051166
[3293, 0.4959925, 0.98073167, 4.7483916, 0.5310595] 2.6981096 1.220042 0.9704524 1.0035754
[3294, 0.45441034, 0.9893158, 5.533488, 0.6308175] 2.520008 1.007707 0.89869636 1.1108911
[3295, 0.34213173, 1.0941504, 5.430323, 0.63439304] 2.5638165 1.0446233 0.91936326 1.1727546
[3296, 0.5881594, 0.9793136, 3.1398556, 0.67748517] 2.8565454 0.95521 0.91613567 1.3326114
[3297, 0.39173484, 1.0679653, 5.1036005, 0.6794947] 2.6793954 1.1261822 0.9893494 1.1266952
[3298, 0.39032453, 1.0531976, 5.6641436, 0.5353414] 2.5049324 1.0540458 1.0045208 1.2124246
[3299, 0.5380364, 1.0212634, 3.4109366, 0.91081357] 3.0859478 1.0891331 0.9348694 0.831519
[3300, 0.6007687, 0.90361196, 5.211522, 0.54207414] 2.415633 1.1703542 1.0020729 1.0108006
[3301, 0.5870728, 0.88641816, 5.2750344, 0.54122037] 2.3224096 1.0907878 0.8496069 1.3535838
[3302, 0.41632447, 1.0382904, 5.340405, 0.47422493] 2.6349583 1.1432574 0.75405455 1.1002672
[3303, 0.41083583, 1.0206492, 5.9354043, 0.5113389] 2.4136465 0.9981077 1.07371 1.2824994
[3304, 0.4923933, 1.0023434, 5.7338777, 0.50858474] 2.3313763 1.2777919 0.93209267 1.2962314
[3305, 0.58961165, 0.8661464, 5.6412582, 0.4073862] 2.2540877 1.0659546 1.018628 1.2829205
[3306, 0.43133116, 1.0049547, 5.6973643, 0.5500789] 2.4442186 1.0533922 1.0240079 1.1789976
[3307, 0.59125733, 0.8508495, 4.763877, 0.4459531] 2.2668061 1.0808226 1.013181 1.317392
[3308, 0.48514536, 0.99682045, 4.5863576, 0.49766898] 2.5880983 1.1540728 0.9948658 1.1672157
[3309, 0.39506295, 1.056108, 5.1719775, 0.3851274] 2.4210534 1.070563 1.0200658 1.3535415
[3310, 0.5474119, 1.0096123, 2.8851466, 0.77415675] 2.840717 1.0811344 0.87015384 1.306991
[3311, 0.516191, 0.97736204, 5.105389, 0.4530403] 2.3014812 1.1748657 0.948515 1.400379
[3312, 0.43987173, 1.0102673, 5.2444787, 0.4894864] 2.4284937 1.0868698 0.960822 1.1627147
[3313, 0.42522383, 1.0352409, 4.3870945, 0.55545765] 2.7132874 1.066907 0.9098349 1.1659842
[3314, 0.58810645, 0.98840696, 2.9697623, 0.69813436] 2.8352394 1.2971003 0.96479595 1.192439
[3315, 0.48235455, 1.0139285, 4.960443, 0.4585573] 2.6115131 1.1421764 0.99947137 1.0997171
[3316, 0.5308585, 0.97858524, 4.0609784, 0.5283766] 2.8452163 1.1198729 0.8945741 0.9247835
[3317, 0.47930607, 1.0073221, 3.477535, 0.5306702] 2.7846596 1.1259701 0.93257 1.1314626
[3318, 0.43695182, 1.0070713, 5.019499, 0.70928174] 2.4907637 1.0943785 0.9074407 1.0873523
[3319, 0.54296076, 0.83311737, 6.670981, 0.4021867] 2.1025205 1.0825107 1.0473114 1.3453997
[3320, 0.52255106, 0.9690119, 4.2923803, 0.64965504] 2.6352115 1.1947845 1.0434874 1.0555959
[3321, 0.5728895, 0.99787706, 2.7960775, 0.66043365] 2.9891913 1.1281257 1.0082374 1.0173285
[3322, 0.53002155, 0.9203289, 4.898492, 0.4969996] 2.4002647 1.1171538 0.8498169 1.1505387
[3323, 0.58661383, 0.95557684, 2.7500818, 0.4983283] 2.8056338 1.0123115 1.0324023 1.3760504
[3324, 0.38389, 1.0457268, 4.296173, 0.5641782] 2.7966785 0.9955699 0.9389484 1.0729796
[3325, 0.3476645, 1.0779122, 5.569235, 0.61361516] 2.495011 1.1378647 0.9389694 1.1583438
[3326, 0.44530442, 1.018992, 4.7570295, 0.5288075] 2.5454822 1.1797569 0.9651074 1.2244271
[3327, 0.54284775, 1.0070207, 2.9450676, 0.79288006] 2.9019732 1.1166122 0.9741833 1.097654
[3328, 0.56183046, 1.0150063, 3.097046, 0.69891393] 3.0823233 1.058411 0.937791 0.9302723
[3329, 0.57558364, 0.9875547, 3.2616994, 0.7192125] 2.6479077 1.2363429 1.1080006 1.2309697
[3330, 0.407195, 1.0629619, 6.072655, 0.93671644] 2.7688358 0.90890807 0.90378165 0.84862536
[3331, 0.5328097, 0.91899115, 5.3294315, 0.48264417] 2.469254 1.0802206 0.96114564 0.98561776
[3332, 0.42840406, 1.0230678, 4.808738, 0.5181217] 2.7169285 0.8595466 1.0084437 1.2108241
[3333, 0.45431525, 1.011877, 4.0483975, 0.44046095] 2.655669 1.1010615 0.9032857 1.1094882
[3334, 0.43815625, 1.0300041, 5.4498935, 0.41504598] 2.714921 1.075569 0.8682064 0.9816352
[3335, 0.49362376, 0.7298152, 5.0117283, 0.45685503] 2.2714386 0.9996839 0.85770315 1.072379
[3336, 0.5272052, 1.0012157, 2.9972906, 0.6898376] 2.6718254 1.2978764 1.060049 1.1654063
[3337, 0.5522448, 0.8068936, 5.1895685, 0.34092388] 2.234934 1.078318 0.7807819 1.3440018
[3338, 0.3648451, 1.0626215, 5.259001, 0.4993832] 2.5429685 1.1557738 0.99293363 1.1555367
[3339, 0.57608455, 0.8589541, 5.071431, 0.402608] 2.20009 1.072728 1.169682 1.2745519
[3340, 0.4346362, 1.032178, 5.0857563, 0.5249177] 2.6285744 1.0595974 0.9708827 1.0739869
[3341, 0.42270368, 1.0236222, 3.797006, 0.5679581] 2.787239 1.0273873 0.9549894 1.103757
[3342, 0.59399796, 0.97145474, 2.5824614, 0.79612786] 3.0596523 1.0546345 0.99695545 1.0128088
[3343, 0.39444026, 1.0640868, 4.504173, 0.6075552] 2.660594 1.0766336 0.87124354 1.1857295
[3344, 0.47014338, 0.99093366, 5.3424983, 0.45940974] 2.5269628 1.0364614 0.9166026 1.0116124
[3345, 0.41050604, 1.0302471, 4.5804954, 0.56516135] 2.5843904 0.99459946 1.043093 1.2202654
[3346, 0.43927965, 1.058656, 5.093026, 0.5974693] 2.6010969 1.2889382 0.73058885 1.0954235
[3347, 0.38860184, 1.0431933, 5.2485733, 0.55247986] 2.5342674 1.2345167 0.87783366 1.2338626
[3348, 0.4380075, 1.0319508, 5.2748413, 0.6036449] 2.469251 1.183948 1.0778269 1.2110904
[3349, 0.48449466, 0.9971607, 4.9519677, 0.48635536] 2.4256234 1.1546645 0.9190938 1.168758
[3350, 0.44385058, 1.0333539, 3.846216, 0.702159] 2.738446 1.0621177 0.9549113 1.1357331
[3351, 0.43340954, 1.0230676, 5.5769033, 0.5259693] 2.5061727 1.1589293 1.0684977 1.1914445
[3352, 0.460666, 1.020206, 4.0334644, 0.5404256] 2.7971532 1.0314599 0.9415529 1.1061223
[3353, 0.5520244, 0.95380986, 5.3679686, 0.513191] 2.3933318 1.001577 0.9478772 1.4399596
[3354, 0.4123897, 1.0827144, 5.0770273, 0.49811357] 2.5361814 1.059501 0.9613863 1.2569872
[3355, 0.42971453, 1.0280693, 4.8652472, 0.48165327] 2.61992 1.2110596 0.88398534 1.1985689
[3356, 0.5110829, 0.9709374, 4.7429132, 0.7367854] 2.688944 1.1274798 0.9844837 1.0542642
[3357, 0.60368526, 0.9706987, 3.0382662, 0.5980066] 2.9159176 1.1864852 1.0026999 1.0487958
[3358, 0.5325324, 0.9726105, 3.4123442, 0.60132927] 2.7963166 1.2629517 0.82773304 1.1598573
[3359, 0.40316153, 1.0597447, 5.219719, 0.4670869] 2.676486 1.0605804 0.9246693 1.0846847
[3360, 0.5370667, 1.0181277, 3.5113063, 0.814129] 2.862309 1.1716185 0.9671215 1.1350927
[3361, 0.4731513, 1.0295305, 5.9618335, 0.58908206] 2.515886 0.947492 0.9237174 1.3178134
[3362, 0.54409957, 0.97614706, 4.02677, 0.5575873] 2.527753 1.164363 1.0822449 1.361512
[3363, 0.40215266, 1.071463, 5.100351, 0.5759062] 2.5175607 1.0660875 0.9891878 1.1700755
[3364, 0.5830446, 0.85371655, 5.567978, 0.3875877] 2.1968794 1.2928344 0.96114784 1.1488087
[3365, 0.45136338, 0.9850431, 4.81615, 0.5625194] 2.2959588 1.1550469 1.0810078 1.1468568
[3366, 0.4399746, 1.0179884, 5.3995886, 0.55156195] 2.5180914 1.0939548 0.98736286 1.1327239
[3367, 0.44629538, 0.9832639, 5.1924157, 0.60321796] 2.3422227 0.99214643 1.0856596 1.2866548
[3368, 0.51810086, 0.99977344, 3.3073606, 0.72605956] 2.863932 1.1516708 0.89500386 1.1285828
[3369, 0.5026353, 1.0007099, 3.436592, 0.8019268] 2.8589945 1.1065221 1.0177095 0.9793108
[3370, 0.39349574, 1.0674846, 5.5884223, 0.56791395] 2.505518 1.1567817 0.9483115 1.1500889
[3371, 0.419287, 1.0270096, 4.1974034, 0.5986495] 2.6750855 1.0060698 1.0346601 1.2329006
[3372, 0.55499995, 0.95433116, 5.274439, 0.53044826] 2.2389333 1.2166613 1.0653195 1.3200853
[3373, 0.53380203, 0.9153267, 5.083338, 0.41672042] 2.486995 1.009085 0.9559667 1.0286586
[3374, 0.42355117, 1.0402642, 5.4032063, 0.6235295] 2.5511372 1.0774866 0.9582048 1.2606181
[3375, 0.519655, 0.93784887, 4.8693547, 0.44774714] 2.2669547 1.3695778 1.0444697 1.0418599
[3376, 0.43201783, 1.0518563, 6.018787, 0.6575172] 2.2965548 1.124685 1.1160002 1.3450859
[3377, 0.444863, 1.0078492, 5.1909757, 0.5556338] 2.3657427 1.0985892 1.0266168 1.1896932
[3378, 0.582775, 0.871399, 5.4447246, 0.45077953] 2.1178179 1.1249053 1.0903398 1.4836527
[3379, 0.434205, 1.0489609, 5.2402377, 0.4809038] 2.528881 1.0347179 0.88799226 1.2270267
[3380, 0.61933887, 0.83714604, 4.551127, 0.49658766] 2.3016272 1.1614181 0.97358245 1.1325841
[3381, 0.4011348, 1.0522867, 5.3851824, 0.60503834] 2.560028 1.0811739 0.98868066 1.0426023
[3382, 0.44753668, 1.0317264, 3.7973313, 0.7465783] 2.7130814 1.0047903 1.0023278 1.2824436
[3383, 0.53592765, 0.8789013, 5.1211534, 0.3875993] 2.3461013 1.0882906 0.92026037 1.2077571
[3384, 0.501228, 0.99869347, 4.6114326, 0.5399197] 2.5601752 1.1071608 0.9731722 1.3535433
[3385, 0.59600234, 0.99312526, 2.659273, 0.62402207] 3.03648 0.9766965 0.97468174 1.2348443
[3386, 0.59666973, 0.9825522, 2.9805124, 0.73336124] 2.7485497 1.1264273 1.0535419 1.2751385
[3387, 0.47016346, 1.0266091, 3.972152, 0.6861461] 2.8058457 1.1828512 0.88679075 1.0499665
[3388, 0.40841496, 1.0285249, 4.0523252, 0.57788974] 2.8338578 1.1402748 0.8685239 0.92435545
[3389, 0.51978564, 0.84389037, 5.672824, 0.40199345] 2.2014396 0.9847703 1.0910482 1.2138051
[3390, 0.46268377, 1.0366145, 3.357625, 0.6866266] 2.9145234 1.066755 0.92173517 1.0034977
[3391, 0.4138403, 1.0538373, 4.505326, 0.47386414] 2.4804354 1.313237 1.0412762 1.2239418
[3392, 0.5688218, 0.92427224, 5.306877, 0.5703037] 2.236139 1.1695662 1.1000458 1.2638996
[3393, 0.44463724, 1.0272958, 5.316055, 0.715223] 2.7980332 1.018344 0.87773615 1.0060397
[3394, 0.42500994, 1.0503949, 5.6041408, 0.64284873] 2.4937751 0.9524865 0.98579043 1.3197076
[3395, 0.4427645, 1.0517573, 4.7141137, 0.8242649] 2.6319425 1.1440187 0.9385293 1.1983064
[3396, 0.4127233, 1.0505456, 4.8821263, 0.4794352] 2.7221518 1.0080073 0.9308653 1.0077153
[3397, 0.5291868, 1.0315925, 3.045475, 0.8984638] 2.9307656 1.2362577 0.89822036 1.0106713
[3398, 0.40202916, 1.0470374, 5.3860316, 0.47777882] 2.4579105 1.0753698 0.9830839 1.1501768
[3399, 0.4259169, 1.0298831, 5.6531506, 0.5590711] 2.3780224 1.1211562 1.0774304 1.1856658
[3400, 0.37936178, 1.0532721, 5.7933855, 0.62640303] 2.5798626 1.025547 0.89787275 1.0347066
[3401, 0.54903865, 0.86043197, 6.1049438, 0.45204324] 2.4080153 1.0902703 0.9011632 0.99927515
[3402, 0.54093236, 1.0184542, 3.0965204, 0.65662897] 2.8501859 1.0804609 1.0517884 1.1156842
[3403, 0.55823725, 0.8825728, 5.5558167, 0.4396286] 2.3059757 1.0105224 0.97411627 1.1737815
[3404, 0.45203358, 1.0309763, 4.5189857, 0.46113035] 2.5011618 1.2629744 0.9481213 1.3211125
[3405, 0.4257678, 1.0235842, 4.23745, 0.61404943] 2.8208578 0.99121577 0.9906217 1.0746126
[3406, 0.56551754, 0.7665728, 5.909015, 0.37342548] 2.002888 1.0723195 0.9586129 1.5224794
[3407, 0.38542792, 1.0646582, 4.8338127, 0.5728184] 2.5643988 1.0945109 1.0343093 1.2659729
[3408, 0.4859333, 1.0040013, 4.302605, 0.4153666] 2.7150047 1.0952291 1.0745814 0.99918205
[3409, 0.45599216, 1.0179745, 4.804561, 0.49096307] 2.7165415 1.1122789 0.9595752 0.9514708
[3410, 0.40506142, 1.0269424, 4.4103785, 0.41306782] 2.5290384 1.1219593 1.0667033 1.234753
[3411, 0.3389472, 1.0950487, 5.4731646, 0.5461636] 2.4893491 1.0756077 1.0131854 1.2490897
[3412, 0.4919823, 1.0233631, 3.350777, 0.7734563] 2.726726 1.0953634 1.0555018 1.2688608
[3413, 0.6211516, 0.7494987, 6.4812098, 0.47356313] 2.11599 1.2090753 1.0989975 1.1176119
[3414, 0.6546513, 0.9279632, 2.833021, 0.655039] 3.2191758 1.1026298 0.80556256 0.84425825
[3415, 0.5853484, 0.96485794, 3.2339199, 0.602139] 3.0703232 1.077504 0.91446865 0.70926785
[3416, 0.4632158, 1.0041962, 4.399548, 0.4695865] 2.745261 1.0872415 0.9836869 1.0495977
[3417, 0.43769795, 1.0070728, 5.51142, 0.474937] 2.6566026 1.023159 0.75558764 1.1470739
[3418, 0.417347, 1.0332503, 5.2558694, 0.52521104] 2.5293636 1.0818301 1.0383929 1.1563414
[3419, 0.50132567, 1.0495069, 3.284365, 0.90916604] 2.904063 1.1826907 0.89566356 1.1250848
[3420, 0.44463718, 1.0330147, 4.7557535, 0.53631324] 2.6543124 1.1969897 0.9588648 1.0657328
[3421, 0.5852401, 0.8995331, 5.0374227, 0.5669731] 2.229757 1.159911 1.0116808 1.3727152
[3422, 0.61619514, 0.7174124, 5.940465, 0.546726] 2.0393028 1.1460336 1.1150471 1.198394
[3423, 0.4289744, 1.0410889, 5.4645934, 0.55040336] 2.4626658 1.0903373 1.0081294 1.1569932
[3424, 0.3994785, 1.0601072, 4.709346, 0.6216772] 2.6454875 1.0516778 0.917471 1.2610061
[3425, 0.5004033, 0.99233216, 5.398771, 0.7773381] 2.5383894 1.0303768 1.0885805 0.93793315
[3426, 0.49881133, 0.96150714, 5.6830173, 0.44925353] 2.2399037 0.968847 1.133153 1.4183037
[3427, 0.484127, 1.0150268, 5.1776857, 0.53593194] 2.452451 1.0069288 0.9273681 1.3571914
[3428, 0.65811443, 0.79971784, 4.648588, 0.44176012] 2.4476092 1.0772141 0.8459816 1.1019008
[3429, 0.5840534, 0.9034078, 5.100386, 0.5565594] 2.231103 1.2323458 1.1065236 1.2063224
[3430, 0.49115643, 1.0069822, 3.8794978, 0.53328025] 2.700068 1.1496159 0.87729675 1.2191396
[3431, 0.4382669, 1.037481, 4.18676, 0.80010986] 2.8435678 1.0142674 0.8686444 1.1043041
[3432, 0.42057043, 1.0493696, 5.260176, 0.44161007] 2.5098393 1.1061014 0.9311182 1.1854671
[3433, 0.3904299, 1.0738487, 3.9515, 0.62221867] 2.7221584 1.0393785 1.0640075 1.1245673
[3434, 0.5912357, 0.8122142, 5.9250426, 0.46669772] 2.3806956 0.9370528 0.97473913 1.0666018
[3435, 0.59647846, 0.83660513, 4.887463, 0.40947232] 2.449077 0.9785556 0.8822587 1.1257329
[3436, 0.4838733, 0.75350004, 5.0286565, 0.5239173] 2.0982018 1.057071 0.78751695 1.3460666
[3437, 0.41487953, 1.0692792, 4.450461, 0.7179153] 2.6882372 1.0805069 0.9236753 1.2430311
[3438, 0.4163837, 1.0558026, 5.2907367, 0.45224842] 2.6199784 1.1213809 0.896808 0.977437
[3439, 0.3474862, 1.0697539, 4.6756945, 0.44912037] 2.7409728 1.0148962 0.8423359 1.1002623
[3440, 0.4217562, 1.0403316, 5.351694, 0.59573776] 2.711571 0.91015387 0.857716 1.091785
[3441, 0.5300392, 0.9817443, 3.848764, 0.5343336] 2.7712862 1.0832832 1.0886099 0.9825958
[3442, 0.4311432, 1.0436147, 5.1456666, 0.63061357] 2.5553374 1.0351335 0.960708 1.2506516
[3443, 0.53373563, 0.99526435, 2.8805223, 0.58784646] 2.8585584 1.1435112 1.015987 1.0361708
[3444, 0.5713704, 0.8951823, 4.3575573, 0.69363326] 2.2624838 1.1995354 1.0814314 1.1449382
[3445, 0.5474171, 0.958988, 3.9399188, 0.53489107] 2.5644178 1.2432777 0.9996879 1.2681614
[3446, 0.43546358, 1.0496994, 5.4850335, 0.673444] 2.4352038 1.2849196 0.9364292 1.2213439
[3447, 0.43703145, 1.0374734, 5.16716, 0.4857123] 2.813721 0.9676081 0.9038847 0.8997937
[3448, 0.45735312, 1.0415571, 3.8225672, 0.6225338] 2.6436415 1.0997994 1.0538594 1.2724283
[3449, 0.3857621, 1.0530207, 5.0324616, 0.54320115] 2.5269227 1.1215794 0.8768426 1.1501397
[3450, 0.43713215, 1.0293593, 4.9268036, 0.43002254] 2.527878 1.2335043 0.89589864 1.1361752
[3451, 0.36834455, 1.0673465, 5.329658, 0.60114676] 2.6661377 1.1095268 0.9541564 1.0649054
[3452, 0.34707654, 1.0763162, 5.78719, 0.73023033] 2.5442297 1.0040115 1.0709543 1.1148828
[3453, 0.58277303, 0.77897197, 6.051833, 0.47281578] 2.2821145 1.0648217 0.9255926 1.1041971
[3454, 0.46515113, 1.0073513, 5.6137924, 0.59022146] 2.3444946 1.106306 1.1327578 1.2443224
[3455, 0.38712195, 1.053332, 4.1330023, 0.6712253] 2.8910325 1.0554305 0.96808636 0.8748803
[3456, 0.45955342, 1.0436394, 4.050249, 0.7011468] 2.7893589 1.0176954 1.0109575 1.1349388
[3457, 0.5048852, 1.0420952, 3.3262718, 0.7669256] 2.9137917 1.0892268 0.94625324 1.1167113
[3458, 0.4880633, 0.9899166, 4.1580386, 0.5751777] 2.7988124 1.0871032 0.9140158 0.98121
[3459, 0.5413004, 0.9766905, 3.7491107, 0.532964] 2.7110126 1.302021 0.9129715 1.0859537
[3460, 0.42143625, 1.0528746, 5.288746, 0.44514263] 2.5567882 1.0832392 0.9005347 1.063528
[3461, 0.4033022, 1.0262301, 5.0875983, 0.5357597] 2.409106 1.1360259 0.97035223 1.1940634
[3462, 0.5325896, 0.98320454, 4.2871056, 0.5748881] 2.5912046 1.0017022 0.96683 1.4521915
[3463, 0.5087953, 0.94634783, 4.997357, 0.36266226] 2.3423378 1.075025 1.0032645 1.2600019
[3464, 0.5823959, 0.8852921, 5.216277, 0.55399424] 2.417217 1.065499 0.9775109 1.056571
[3465, 0.39181548, 1.0739387, 4.5547156, 0.5022627] 2.6981802 1.1250749 0.92550844 1.0673151
[3466, 0.44578317, 1.0339863, 4.9980273, 0.43746686] 2.5093753 1.19929 0.8775114 1.2807051
[3467, 0.5258491, 0.99131715, 3.5705326, 0.80101365] 2.753562 1.1631794 0.97158355 1.1088543
[3468, 0.41063845, 1.047751, 4.758673, 0.4907067] 2.691542 1.0534555 0.96399444 1.1152922
[3469, 0.5646752, 0.9172385, 5.0848355, 0.42439356] 2.263878 0.95560133 1.1318102 1.3901823
[3470, 0.42032892, 1.0326735, 5.2485304, 0.4352254] 2.53746 1.2249379 0.95237863 1.2140894
[3471, 0.46724164, 1.0072345, 5.2681475, 0.5751304] 2.4355924 0.9765476 1.1075367 1.2031488
[3472, 0.5149572, 0.9919474, 4.7251925, 0.8551479] 2.5169313 1.0904287 0.9733688 1.376997
[3473, 0.4635744, 1.0119116, 4.3929076, 0.5427473] 2.6690907 1.1812394 0.93925786 1.1261274
[3474, 0.50954926, 1.0156721, 3.322982, 0.64394885] 2.904107 1.1670328 0.8620617 1.055418
[3475, 0.36350682, 1.0743461, 5.5414705, 0.5364258] 2.4893074 1.1532063 1.0746216 1.1606057
[3476, 0.4559032, 1.0265687, 5.226216, 0.46813232] 2.4040039 1.115149 0.9100727 1.2463037
[3477, 0.51170665, 0.8775106, 4.629375, 0.37278908] 2.4342217 1.0563709 0.8269482 1.0489647
[3478, 0.37931958, 1.0597314, 5.390116, 0.64924353] 2.626645 1.1135436 0.95350975 0.9971474
[3479, 0.508689, 0.92581904, 5.0875993, 0.41915235] 2.2681127 1.002985 1.0763632 1.2538712
[3480, 0.4930723, 0.9762244, 5.2943687, 0.5485169] 2.4234822 1.0467377 1.0462086 1.188224
[3481, 0.5326038, 0.93497705, 5.493749, 0.44731563] 2.3860352 1.1103593 0.93774253 1.2021546
[3482, 0.4301964, 1.0304748, 4.462393, 0.49421704] 2.827315 1.1986498 0.88122576 0.8028783
[3483, 0.42301494, 1.0339947, 4.899459, 0.47828925] 2.5875611 1.0838109 0.91932476 1.2882385
[3484, 0.6320369, 0.93590105, 3.5697212, 0.613871] 3.0259135 1.3044115 1.1088384 0.5434315
[3485, 0.40344328, 1.0375712, 4.938317, 0.48263323] 2.7436788 1.0291954 0.9878121 0.94863164
[3486, 0.4142602, 1.0461307, 4.7968817, 0.59865963] 2.622971 1.0985653 1.020862 1.1548133
[3487, 0.37018457, 1.0861728, 5.2687364, 0.589819] 2.5460238 1.062897 0.8904928 1.2131006
[3488, 0.46284947, 0.9984536, 4.140227, 0.5182736] 2.7045774 1.1569432 0.9323559 1.1159638
[3489, 0.34262, 1.0659499, 4.650959, 0.54456586] 2.6909947 0.9996873 0.9226105 1.1527554
[3490, 0.54052556, 1.0038244, 2.9352107, 0.74775225] 2.764897 1.1795871 1.0843349 1.1850462
[3491, 0.44947848, 1.0314403, 5.285436, 0.4885013] 2.5187187 0.9949728 1.051612 1.3138099
[3492, 0.48017517, 1.0014379, 4.5092, 0.47788703] 2.6901395 0.97192174 0.91374844 1.2264146
[3493, 0.42618588, 1.0225391, 4.6202903, 0.41554806] 2.8132007 1.1377827 0.7552948 0.95554537
[3494, 0.5675441, 1.0029562, 3.1741352, 0.5878621] 3.0445921 1.1166872 1.0524107 0.81287974
[3495, 0.4626615, 1.0304193, 5.7342772, 0.5836341] 2.3173547 1.1767801 1.0720255 1.2665519
[3496, 0.4165109, 1.0439913, 4.2110868, 0.49927494] 2.7957432 1.0210123 0.9361611 1.1205425
[3497, 0.44442934, 1.0397376, 5.2126937, 0.6008477] 2.4203496 1.0001912 1.1103044 1.4633708
[3498, 0.56709754, 0.9742549, 3.4004116, 0.75312215] 2.8110838 0.9369652 1.0383732 1.3196559
[3499, 0.5419367, 0.92473847, 5.162407, 0.5201694] 2.5010288 0.9832908 0.951871 1.0853944
[3500, 0.55126226, 1.0362766, 2.7800324, 0.6755168] 3.0223944 1.2056895 0.9952776 0.9311093
[3501, 0.55788803, 0.908884, 5.2479877, 0.4395073] 2.338227 1.1923724 1.0121381 1.081181
[3502, 0.47162953, 1.009587, 5.3959455, 0.61893797] 2.4300814 1.0449213 1.0886202 1.1838932
[3503, 0.44879305, 1.0335294, 5.287971, 0.5646217] 2.4851224 1.1693974 1.0193069 1.0918313
[3504, 0.4677675, 1.0387722, 3.349579, 0.9753251] 2.937893 1.0183548 0.962363 1.0155485
[3505, 0.40756983, 1.0775911, 5.326953, 0.5262819] 2.5872428 1.245941 0.917655 1.0736747
[3506, 0.5021267, 1.0013832, 4.4392867, 0.41240913] 2.5602784 1.1108924 0.88253886 1.4692414
[3507, 0.39862, 1.038859, 5.3745933, 0.59147614] 2.4588475 1.1864657 1.0081905 1.0279745
[3508, 0.5341051, 0.9984952, 4.3901114, 0.48033392] 2.4843042 1.0873873 1.1083428 1.412898
[3509, 0.4673747, 1.0154253, 3.864996, 0.72665614] 2.672927 1.1460531 0.99656993 1.1856341
[3510, 0.5792722, 0.8495869, 5.88318, 0.5089763] 2.2218144 1.0555722 1.0848593 1.243676
[3511, 0.5472068, 0.98876286, 3.1492326, 0.63239354] 2.7657003 1.1797624 0.94517165 1.2455076
[3512, 0.48477584, 1.0558925, 3.1185648, 0.70351887] 2.9852848 1.1312561 0.925991 0.9751484
[3513, 0.4506373, 1.0009718, 5.427587, 0.5518045] 2.5858655 1.0601593 0.9508973 0.9680356
[3514, 0.5233159, 0.999166, 4.3609886, 0.5352649] 2.718937 1.2246238 1.0528939 0.9682982
[3515, 0.5695542, 0.85109085, 5.760915, 0.5012226] 2.206085 1.0465603 1.1105585 1.2492032
[3516, 0.56408775, 0.9428221, 4.6036654, 0.4669347] 2.493358 1.013764 1.0344226 1.4091619
[3517, 0.6013854, 0.83372396, 5.856435, 0.3310834] 2.2880037 0.9778816 1.0100526 1.260605
[3518, 0.5476678, 1.0156579, 2.7783983, 0.6555505] 2.8727264 1.1848056 1.0829154 1.1558996
[3519, 0.625016, 0.9195513, 3.2940505, 0.6655541] 2.7679405 1.2291576 0.91501874 1.2449586
[3520, 0.38184977, 1.0748838, 5.029867, 0.53467864] 2.5872717 1.099418 1.0505002 1.1222253
[3521, 0.53610027, 1.0050105, 3.1319127, 0.698847] 2.9596758 1.0429746 0.98109996 1.0812864
[3522, 0.56133175, 0.9854131, 3.297601, 0.6204801] 2.8519542 1.1788327 0.9654271 1.163368
[3523, 0.40394706, 1.0778812, 4.738391, 0.564239] 2.4614723 1.1860905 0.989448 1.2225224
[3524, 0.40352234, 1.0462734, 4.058642, 0.6511744] 2.6988153 1.0467991 0.94235986 1.2404186
[3525, 0.5353798, 0.88040745, 5.455143, 0.35473683] 2.210061 1.1368444 0.9644185 1.3157178
[3526, 0.47937825, 1.0149059, 5.238523, 0.43499678] 2.4478996 1.1056331 1.0697572 1.08835
[3527, 0.3980583, 1.0621828, 4.898246, 0.50145525] 2.7094312 1.1004356 0.8584946 1.0612712
[3528, 0.45576635, 1.0297548, 4.131959, 0.5869449] 2.7062879 1.1542474 1.0092713 1.081287
[3529, 0.40729582, 1.0586904, 6.1479664, 0.7795619] 2.418741 1.1345334 1.0009829 1.151191
[3530, 0.4382398, 1.0370419, 4.2514415, 0.5812006] 2.6465552 1.1998872 0.9353731 1.2067714
[3531, 0.42595884, 1.0360017, 4.527015, 0.65332526] 2.7482128 1.0719919 1.0358318 1.039199
[3532, 0.41330647, 1.0707638, 5.5524907, 0.54087424] 2.4121444 1.1905202 0.9805364 1.2716546
[3533, 0.38840097, 1.0435274, 4.209461, 0.6468392] 2.652931 1.0287902 1.0658858 1.1837275
[3534, 0.40331477, 1.0438745, 3.9326801, 0.65190715] 2.7710145 1.0150343 1.0242885 1.0885502
[3535, 0.5617596, 1.0016261, 2.931364, 0.5972725] 2.9419863 1.069601 0.9121441 1.2435619
[3536, 0.56582266, 0.90403306, 4.7294044, 0.47867844] 2.3129272 1.0549083 0.98828626 1.2961807
[3537, 0.48619393, 1.0028082, 4.3408165, 0.6264158] 2.699023 1.1100436 0.8721989 1.2437887
[3538, 0.38968748, 1.0591515, 4.7109904, 0.526188] 2.4906993 1.1275359 1.1307431 1.301056
[3539, 0.49880904, 0.9660603, 5.148405, 0.58397454] 2.368806 1.2329173 0.95312077 1.0783063
[3540, 0.41251072, 1.037897, 5.647916, 0.48412374] 2.4138217 1.0519671 0.980535 1.3285968
[3541, 0.42759845, 1.0306664, 6.132442, 0.5468814] 2.4911501 1.0280657 1.0188607 1.1071172
[3542, 0.508175, 1.022538, 3.177735, 0.67969155] 2.9717827 1.0878536 0.865172 0.998948
[3543, 0.48354718, 0.92171955, 5.29916, 0.5163759] 2.326551 1.1084014 0.9612732 1.1770254
[3544, 0.5417301, 0.8651225, 5.8065114, 0.39942116] 2.141434 1.0435871 1.0907195 1.3470861
[3545, 0.432309, 1.0398232, 5.3595304, 0.46768695] 2.446825 1.3023419 1.014548 1.1880995
[3546, 0.6034604, 0.80806464, 6.201179, 0.39257994] 2.3081841 0.9648981 0.9335246 1.2551154
[3547, 0.5538004, 1.0340118, 2.7019184, 0.7297287] 3.0887017 1.1812901 0.94864655 0.92365575
[3548, 0.3869674, 1.0658269, 5.2748055, 0.46758613] 2.5490515 1.1375895 1.10269 1.0244975
[3549, 0.54465544, 0.93470156, 5.122108, 0.47845715] 2.3808339 0.9867082 0.89981693 1.4316169
[3550, 0.5172027, 0.9946469, 3.4451413, 0.6483756] 2.7977674 1.1236485 0.9655642 1.1715689
[3551, 0.5182522, 0.90443337, 5.4007206, 0.4111882] 2.225373 1.1493711 1.0114326 1.2065754
[3552, 0.45195296, 1.0405494, 4.554848, 0.5186816] 2.447659 1.0993736 0.9631679 1.3940526
[3553, 0.45443285, 1.0329784, 4.722852, 0.4767246] 2.7224653 1.1519533 0.84120333 1.0864518
[3554, 0.45004192, 1.034293, 3.46491, 0.7710976] 2.959887 1.0082736 0.97449195 0.9252086
[3555, 0.51855737, 0.97534245, 4.722403, 0.4058176] 2.4968693 1.2431234 0.7914882 1.0097374
[3556, 0.5539956, 1.0428665, 2.9402668, 0.73450893] 3.0625024 1.1001917 0.8055005 1.0516405
[3557, 0.4787589, 1.0052756, 5.523638, 0.447097] 2.4729445 0.9701538 0.9873453 1.2024515
[3558, 0.5108402, 0.9931608, 4.4364176, 0.53122044] 2.5393631 1.1276298 1.017042 1.2660208
[3559, 0.449099, 1.0281317, 5.086557, 0.5340734] 2.4666233 1.0888504 0.9904071 1.2124369
[3560, 0.52223384, 0.95445514, 4.891475, 0.5157758] 2.433537 0.9310012 1.0098479 1.3570331
[3561, 0.5107368, 0.8454822, 5.3805165, 0.41458568] 2.2058623 1.1452236 1.0722995 1.0244625
[3562, 0.35761794, 1.0873326, 4.8177524, 0.7538643] 2.758729 1.0877513 0.8847154 0.952533
[3563, 0.378293, 1.0692047, 4.9388328, 0.5654816] 2.5540333 1.0878818 1.0318404 1.1691303
[3564, 0.56967026, 0.960806, 3.3324702, 0.64417213] 2.8242738 1.1627418 0.9788944 1.041627
[3565, 0.3888527, 1.073503, 5.0526557, 0.45328656] 2.4276567 1.1262839 1.0515723 1.191816
[3566, 0.5981399, 0.85706645, 4.795548, 0.42112043] 2.3746145 1.0638264 0.8548871 1.2388594
[3567, 0.46330464, 1.0016046, 4.175843, 0.47523883] 2.5233645 1.2101151 0.9791518 1.3253317
[3568, 0.4623877, 1.0315989, 5.240071, 0.47915852] 2.393701 1.2169703 1.1365207 1.2553653
[3569, 0.33583507, 1.088771, 5.3764715, 0.5325557] 2.70987 1.145826 0.89371705 1.0263844
[3570, 0.50013256, 0.99673235, 5.123464, 0.51755947] 2.4114206 1.1055503 0.944872 1.3344778
[3571, 0.41504058, 1.0635995, 5.7998652, 0.6538876] 2.5775285 1.0871093 0.9436568 1.1558262
[3572, 0.56723523, 0.7412673, 6.108906, 0.4780471] 2.1850445 1.0792717 0.92526996 1.1883405
[3573, 0.40455684, 1.0492246, 5.839554, 0.73466444] 2.360284 1.0301886 1.1229519 1.262722
[3574, 0.48297662, 1.00553, 5.513625, 0.45375335] 2.5082784 1.0331867 0.85770184 1.2903262
[3575, 0.3660129, 1.0688672, 5.1971006, 0.535733] 2.5012712 1.0878049 0.93516904 1.0480754
[3576, 0.35486478, 1.0748664, 6.0064244, 0.8445908] 2.5555944 1.0524409 1.0549543 1.1261574
[3577, 0.40519673, 1.0506095, 4.0413327, 0.5256269] 2.6351357 1.1008579 0.9934553 1.2618685
[3578, 0.48899278, 0.980812, 4.9863224, 0.4744781] 2.700495 1.0089328 0.93465394 1.1289892
[3579, 0.4154752, 1.0561293, 4.7826324, 0.4973529] 2.6970558 1.1065669 0.9814419 1.0582935
[3580, 0.4839679, 1.0052508, 3.9833655, 0.662879] 2.8002057 1.0382656 0.9521622 1.1373417
[3581, 0.497776, 0.9186672, 5.4670935, 0.48915273] 2.376494 0.9601942 0.9059783 1.2353275
[3582, 0.45372874, 1.0067334, 5.398056, 0.546828] 2.4958558 1.0706095 0.9521181 1.1469454
[3583, 0.544117, 1.0017278, 3.4358842, 0.7391841] 2.9832218 1.0971777 1.0297422 0.9687219
[3584, 0.5242812, 0.9799324, 3.9786515, 0.43924797] 2.7102857 0.951348 0.950649 1.2830354
[3585, 0.6497341, 0.80892986, 4.749325, 0.45001078] 2.2200592 1.0728847 0.90707093 1.520204
[3586, 0.45075697, 1.0270565, 4.241089, 0.6470675] 2.6337876 1.1449755 1.0092683 1.2384921
[3587, 0.65322447, 0.94493717, 2.5038903, 0.70361865] 3.0618637 1.0363921 0.95199174 1.2128565
[3588, 0.48089454, 0.94540113, 5.208374, 0.42287233] 2.54542 1.04364 0.8368885 1.0968486
[3589, 0.40993074, 1.0388718, 4.3567877, 0.6138119] 2.7024498 1.2014225 0.88309306 1.1293123
[3590, 0.45721492, 1.0437273, 3.191204, 0.86122733] 2.8280354 1.079078 1.0164938 1.1195649
[3591, 0.4650737, 0.9911373, 5.4492097, 0.6281517] 2.355347 1.1261172 0.8927424 1.3108269
[3592, 0.50106543, 0.97267455, 4.837919, 0.48912433] 2.5714 1.0745116 0.7705613 1.0489461
[3593, 0.5255312, 0.8794228, 5.791961, 0.40714034] 2.1093824 1.0476415 1.1252226 1.3842031
[3594, 0.34294182, 1.1017385, 5.860023, 0.73806983] 2.4570475 1.0670462 1.0790721 1.1864206
[3595, 0.48866808, 1.0114516, 5.122025, 0.51227254] 2.4979978 1.1443065 0.83774245 1.3270545
[3596, 0.540407, 0.94138384, 3.4246824, 0.582943] 2.7984571 1.0149815 1.0495025 1.1289746
[3597, 0.3600662, 1.0658233, 4.606494, 0.45327756] 2.7896316 0.9399081 0.9979487 0.9761575
[3598, 0.4577259, 1.0137122, 5.2898865, 0.5383897] 2.456038 1.1157862 0.9995547 1.1039798
[3599, 0.48197046, 1.0212502, 3.7852514, 0.7091154] 2.8632038 1.055246 1.0497936 0.9898035
[3600, 0.538292, 0.9829205, 3.3335416, 0.59298795] 2.992539 1.1600978 0.8841819 0.91383606
[3601, 0.3956504, 1.0806224, 4.9868846, 0.47935385] 2.5388017 1.0605053 0.8588574 1.305233
[3602, 0.51182824, 0.8977013, 5.6815696, 0.35297334] 2.3276553 1.0097077 0.944968 1.2158842
[3603, 0.5913885, 0.8824799, 5.2253532, 0.4418546] 2.2214935 1.2148799 0.9588349 1.2640971
[3604, 0.36035368, 1.0846143, 4.8912644, 0.5225679] 2.7023597 1.1150564 0.9665876 0.98650676
[3605, 0.6062102, 0.8790794, 5.3481603, 0.4278402] 2.3816638 1.101621 0.9202884 1.1535857
[3606, 0.46114892, 1.0196453, 4.3992133, 0.36554223] 2.6968489 1.0606304 0.91722023 1.1266073
[3607, 0.6726734, 0.7660476, 4.733353, 0.36607984] 2.2762973 1.0695528 0.9349738 1.282679
[3608, 0.3597206, 1.1069611, 5.294964, 0.45833722] 2.5981245 1.0752156 0.8488821 1.1944208
[3609, 0.4599215, 1.026961, 3.6675959, 0.7182976] 2.807186 1.1899246 0.9130682 1.0444291
[3610, 0.37108096, 1.0560619, 4.724501, 0.46761873] 2.7689466 1.0488164 0.8817282 1.0368347
[3611, 0.49761778, 1.0347464, 2.657226, 0.90203035] 2.9664013 1.0547554 0.92455 1.083478
[3612, 0.37032545, 1.0711628, 5.242787, 0.4496192] 2.4713151 1.1588869 0.95712453 1.2217956
[3613, 0.57603526, 0.83488446, 5.450602, 0.3763462] 2.3899784 1.0426967 0.8062718 1.2138005
[3614, 0.41127145, 1.0103341, 3.7277608, 0.6511678] 2.7604377 1.0305891 1.0401385 1.1142689
[3615, 0.4947485, 1.0080327, 4.959338, 0.46179357] 2.4777513 1.1297114 1.0538914 1.2165077
[3616, 0.4343218, 1.0407906, 3.6252923, 0.6794505] 2.7128108 1.024458 0.938703 1.2920964
[3617, 0.4406578, 1.0429208, 5.903979, 0.5339046] 2.5575473 0.9567576 0.9981941 1.0935382
[3618, 0.4602242, 1.0162477, 4.0997977, 0.5884525] 2.691281 1.1550198 0.8264212 1.2376649
[3619, 0.5673367, 0.831073, 5.7069054, 0.38479686] 2.464392 0.96641475 0.8469384 1.0819466
[3620, 0.52595675, 0.9340513, 5.2091, 0.43598905] 2.377741 1.0024678 0.9769719 1.2516853
[3621, 0.35588482, 1.0760608, 4.243125, 0.4513253] 2.7595627 1.1506835 0.99612576 1.0109605
[3622, 0.42578807, 1.0398897, 4.257121, 0.71102065] 2.7114153 1.0489491 1.0325652 1.1868472
[3623, 0.3900458, 1.0672696, 5.485218, 0.5648601] 2.5799832 1.0707762 0.8775848 1.1494244
[3624, 0.56233585, 1.0312905, 2.9233496, 0.66980135] 2.9616547 1.1248162 1.013662 1.0856841
[3625, 0.44307578, 1.0202581, 5.725667, 0.4823903] 2.5054214 1.0575181 0.9242567 1.1826773
[3626, 0.48378658, 0.9927849, 4.289293, 0.45663476] 2.615379 1.0390193 1.0303752 1.2851111
[3627, 0.49315402, 1.0272893, 3.6760445, 0.68271047] 2.8095233 1.0452527 1.005265 1.1709783
[3628, 0.41944897, 1.0299989, 5.0225654, 0.48198193] 2.6874695 1.057346 0.9999016 0.9638798
[3629, 0.38020045, 1.0877899, 5.1675425, 0.5918561] 2.4648426 1.1867356 0.88123304 1.2074101
[3630, 0.4581086, 1.0288827, 3.4655015, 0.4893921] 2.9770346 0.91684186 0.9313248 1.0179746
[3631, 0.57061034, 0.8862696, 5.242671, 0.50601697] 2.3060925 1.1268725 0.9417498 1.29238
[3632, 0.46586266, 0.9946762, 5.5933313, 0.519876] 2.6207712 0.9758354 0.9057369 1.0733206
[3633, 0.5408346, 0.9130445, 5.2943974, 0.40700454] 2.248751 1.1320318 1.0191697 1.189639
[3634, 0.46802613, 1.0071068, 4.3607035, 0.5893846] 2.6479504 1.0836561 0.91264355 1.261453
[3635, 0.5264683, 0.7047258, 5.312949, 0.7857896] 1.949615 1.1498451 1.1397676 1.194192
[3636, 0.35662684, 1.1000464, 5.70355, 0.6852403] 2.564182 1.184829 1.0170776 1.0425534
[3637, 0.48697218, 1.0043069, 5.222799, 0.57089835] 2.3808413 1.2599678 1.0089253 1.1693827
[3638, 0.6164913, 0.85112417, 4.6562853, 0.48755714] 2.3398337 1.0418488 1.0012107 1.2189373
[3639, 0.45489308, 1.0221422, 6.053799, 0.5357929] 2.3291 1.0671101 1.0272412 1.3891672
[3640, 0.47023237, 1.014252, 5.13387, 0.47459486] 2.5045924 1.0335896 0.96065134 1.2773547
[3641, 0.5063342, 0.98751867, 4.964653, 0.4150532] 2.518813 1.0506274 1.1006045 1.2824881
[3642, 0.5175241, 0.7035755, 4.598731, 0.6826846] 1.9648863 1.1401516 0.96723264 1.1885732
[3643, 0.52515286, 0.9415764, 5.130002, 0.9781327] 2.3281562 1.1396914 1.0616301 1.1526221
[3644, 0.594894, 0.89199084, 5.4149623, 0.4673331] 2.190916 1.0900736 1.1073124 1.3600605
[3645, 0.46458143, 1.018489, 5.087286, 0.4520418] 2.707935 1.0507174 0.98856413 0.91273785
[3646, 0.48879766, 0.96756625, 5.692973, 0.50925565] 2.4459627 0.9060025 1.0287278 1.2195768
[3647, 0.45207337, 1.0057734, 5.5989757, 0.53292274] 2.4410858 1.1511062 1.0918778 0.97841316
[3648, 0.605643, 1.1066163, 2.196185, 0.88719195] 3.2126858 1.176431 0.9373505 1.204233
[3649, 0.3468197, 1.0674553, 4.9663525, 0.5895401] 2.4663239 1.0681158 1.0897171 1.1456324
[3650, 0.37183288, 1.0787235, 5.500891, 0.49409327] 2.5627327 1.1096331 0.8963591 0.99634224
[3651, 0.44944417, 1.0327535, 4.8234644, 0.49439463] 2.663834 1.1062607 0.8748936 1.1922172
[3652, 0.6558972, 0.9805026, 2.7948327, 0.7888429] 3.221985 1.2432197 1.028145 0.6350286
[3653, 0.48851848, 0.99857736, 4.8160834, 0.641221] 2.5120082 0.98338383 0.89663494 1.2508492
[3654, 0.43983394, 0.9955435, 4.8718376, 0.4942983] 2.5052047 1.0519553 0.9387241 1.0131776
[3655, 0.48950684, 1.0305998, 3.5806725, 0.73349696] 2.789431 1.1254268 1.0732617 1.018773
[3656, 0.39943194, 1.0428197, 5.0985775, 0.49124488] 2.5117629 1.0949149 1.0506103 1.194899
[3657, 0.39998284, 1.0464544, 4.664437, 0.43157154] 2.8763626 0.8728353 0.8753017 1.0939561
[3658, 0.431812, 1.0448987, 5.649475, 0.5409329] 2.4929597 1.2048688 0.89540356 1.1331205
[3659, 0.51715094, 1.0227022, 3.0276146, 0.9017446] 2.9389744 1.1362292 0.8398592 1.1604773
[3660, 0.3647686, 1.0942782, 4.2512693, 0.6423136] 2.9086802 1.0207957 0.7843579 1.0413307
[3661, 0.44026446, 1.0383877, 5.3973556, 0.5284708] 2.486327 1.0694933 1.1342335 1.2784111
[3662, 0.5940698, 0.85765564, 5.3742976, 0.52898264] 2.2618465 1.0060836 1.0173787 1.333913
[3663, 0.5468289, 0.9024395, 5.0568857, 0.5129483] 2.3831003 1.0732179 0.9967402 1.1057675
[3664, 0.5116058, 0.96622646, 5.55209, 0.501528] 2.3613594 1.1469202 0.8390542 1.3984724
[3665, 0.55518323, 0.9622949, 4.7488465, 0.4779951] 2.5652454 1.1662328 1.0535522 1.1358697
[3666, 0.35966083, 1.0779461, 5.609654, 0.5721458] 2.6704328 1.0376927 0.95615745 1.047684
[3667, 0.38423532, 1.0531253, 5.8621182, 0.65720403] 2.5126576 0.8768786 1.0355104 1.2017369
[3668, 0.4744482, 1.0121074, 4.7620964, 0.3956154] 2.5866082 1.2737569 0.894533 1.1408223
[3669, 0.38659096, 1.0557418, 4.915967, 0.4032074] 2.7335923 0.97852594 0.924075 1.0634159
[3670, 0.6409256, 0.83478755, 5.049841, 0.4155964] 2.2861018 1.134313 1.0785031 1.1477642
[3671, 0.54814243, 0.9443592, 5.684799, 0.8368973] 2.4591227 1.2542502 1.0247214 0.8487712
[3672, 0.36822888, 1.0774932, 5.223946, 0.613964] 2.7045562 1.0734173 0.85047215 1.0636517
[3673, 0.45855892, 1.0190034, 5.0392437, 0.48121712] 2.6492515 0.96647775 0.8673861 1.1787819
[3674, 0.4643743, 0.99688864, 5.7096887, 0.45510048] 2.6532536 1.0099214 0.89084274 0.85087925
[3675, 0.5641193, 0.98695797, 3.17383, 0.7149908] 2.7987874 1.105255 0.9701592 1.2568594
[3676, 0.54694766, 1.0000584, 3.4663591, 0.5957325] 2.7862058 1.0452982 0.9571123 1.2552521
[3677, 0.54719687, 1.0003017, 3.5306237, 0.7019961] 2.9273918 1.1624738 0.906677 0.96687406
[3678, 0.5620493, 0.867929, 5.688611, 0.48363534] 2.3835344 0.9731261 0.93256855 1.2779872
[3679, 0.39557776, 1.0631068, 4.179712, 0.55723935] 2.5965228 1.1226019 0.9957563 1.2976918
[3680, 0.4121422, 1.0662268, 5.5528703, 0.46237683] 2.5034952 1.0686212 0.9216614 1.2648509
[3681, 0.39008668, 1.0591486, 5.9626966, 0.69924057] 2.4239671 1.2370057 0.9926614 1.1667453
[3682, 0.60598457, 1.0045835, 2.495615, 0.6850769] 3.2159607 1.1461517 0.9105753 0.89583474
[3683, 0.41408995, 1.0456934, 4.209511, 0.55819273] 2.7636158 1.0778219 0.8730668 1.1763132
[3684, 0.4680727, 1.0379333, 3.4536662, 0.60401195] 3.0229335 0.86227864 0.89393806 1.0170628
[3685, 0.41372648, 1.0504386, 4.9211764, 0.4807297] 2.734585 1.1384125 0.8428731 1.0371739
[3686, 0.55641747, 0.9217411, 4.5060325, 0.37356904] 2.5377874 1.188668 0.7026362 1.0304135
[3687, 0.5677299, 0.88214314, 5.0944986, 0.4988466] 2.4355702 1.1264791 0.84892213 1.0117368
[3688, 0.49945322, 0.9859083, 5.2664275, 0.61554617] 2.3427718 1.1449723 1.0494229 1.2203714
[3689, 0.348695, 1.0889344, 5.7557387, 0.6515467] 2.5034084 1.1217844 1.0036082 1.175734
[3690, 0.37688687, 1.0800345, 5.2822523, 0.65178704] 2.6329737 1.0627159 0.9771363 0.95018375
[3691, 0.5411351, 0.9279048, 5.2748103, 0.34334955] 2.4150724 1.1067622 0.97648996 1.0690367
[3692, 0.47610906, 1.0077015, 5.3659143, 0.42881843] 2.3243241 1.2376416 1.1096555 1.179739
[3693, 0.4724021, 1.068738, 2.8573318, 0.7175295] 2.7778287 1.1376227 1.1564777 1.1987013
[3694, 0.41322502, 1.043231, 5.037031, 0.6021362] 2.5137124 1.1218212 1.0492992 1.1122011
[3695, 0.55750406, 0.99539816, 2.9690607, 0.5492525] 2.9424438 1.1703156 0.92287356 1.0303385
[3696, 0.4297026, 1.0388367, 5.0901637, 0.4106272] 2.5349855 1.1471616 0.9651916 1.1654557
[3697, 0.5172065, 0.9718501, 5.5187926, 0.497261] 2.5193677 1.1283382 0.8481498 1.171126
[3698, 0.29613835, 1.10728, 5.694431, 0.64528066] 2.5740638 0.971373 0.99060714 1.1198012
[3699, 0.35695365, 1.0674139, 5.7671657, 0.60383815] 2.551755 1.06156 1.0301094 1.0913674
[3700, 0.50545084, 1.0163016, 4.3021135, 0.81383306] 2.5561152 1.2275691 0.9322522 1.33591
[3701, 0.5199204, 0.9051515, 5.715409, 0.52123326] 2.3465981 0.9783919 0.970765 1.2543496
[3702, 0.45658582, 1.019394, 4.328817, 0.59403706] 2.6523733 1.0981846 1.0583605 1.0986694
[3703, 0.38743296, 1.0716801, 5.508434, 0.5646847] 2.633701 1.0895847 0.87507254 1.0495157
[3704, 0.4036964, 1.0534599, 4.27584, 0.48704594] 2.6666007 1.1909764 0.9322504 1.0111034
[3705, 0.46190047, 1.023027, 4.2453127, 0.53918433] 2.5818987 1.0744374 1.0992583 1.2563193
[3706, 0.52312994, 0.92742896, 4.876436, 0.44018897] 2.3403187 1.1441408 0.9629175 1.1637468
[3707, 0.40564087, 1.081052, 5.0144014, 0.6314771] 2.5386338 1.1145384 1.017191 1.1257058
[3708, 0.49514395, 0.95470816, 5.3417335, 0.59538114] 2.410456 0.92095673 0.9747684 1.2636564
[3709, 0.5723423, 0.91153634, 5.312234, 0.32171568] 2.153307 1.1029888 1.1255692 1.4848163
[3710, 0.4754053, 1.007366, 5.482887, 0.4579877] 2.471355 1.0357376 0.92706287 1.3592013
[3711, 0.3836169, 1.0587918, 4.5736403, 0.48705465] 2.740928 1.0754389 0.9806357 0.9963865
[3712, 0.46897554, 1.0384068, 3.0983295, 0.696628] 2.7354546 1.1461506 1.0232517 1.2287881
[3713, 0.43697718, 1.0263963, 5.2996197, 0.5855729] 2.5980787 0.9730153 1.0569706 1.1773865
[3714, 0.4338241, 1.0404414, 5.5083055, 0.55685997] 2.429055 1.0172051 1.0366379 1.310444
[3715, 0.46828526, 1.0623819, 3.0610173, 0.6988292] 2.8187969 1.1733073 0.9571338 1.1288759
[3716, 0.4701829, 0.9994208, 5.3950214, 0.38664958] 2.4467506 1.265576 1.0042136 1.0976818
[3717, 0.5378304, 0.9783949, 3.2337146, 0.6063381] 2.9858065 1.0161942 1.0139335 0.902513
[3718, 0.53170854, 0.9438494, 5.3393154, 0.74505657] 2.2430615 1.1430545 1.1401479 1.2712857
[3719, 0.5981588, 0.9783622, 2.9109097, 0.67036813] 2.9231563 1.1147244 0.95575017 1.1612537
[3720, 0.6361261, 0.6653177, 5.6079397, 0.5689306] 2.1038506 0.9550014 1.0378989 1.1941192
[3721, 0.4280479, 1.0442513, 3.9488752, 0.51752007] 2.910453 1.0040234 0.8784802 0.97813636
[3722, 0.49811158, 0.98490065, 5.099919, 0.37951308] 2.625322 1.1911981 0.933578 0.8505146
[3723, 0.2654016, 1.1108444, 5.6568313, 0.53398615] 2.5391386 1.1068141 0.9266921 1.1002678
[3724, 0.4557719, 1.0267905, 4.6906247, 0.5878763] 2.7302847 1.0745133 1.046044 0.98382175
[3725, 0.46135312, 1.0381906, 4.8917594, 0.4787145] 2.3458402 1.2764621 0.9505679 1.3211877
[3726, 0.34853283, 1.0976357, 4.685532, 0.49641296] 2.4997747 1.2097914 0.94216734 1.2537485
[3727, 0.4658563, 1.0142069, 4.791786, 0.3724084] 2.4440694 1.127294 0.96703637 1.2256337
[3728, 0.46062943, 1.0270197, 4.3685784, 0.64870036] 2.7175488 1.0740097 0.8583151 1.1881081
[3729, 0.42484704, 1.0132968, 5.0293465, 0.40100753] 2.6833842 0.933111 0.72927547 1.3763697
[3730, 0.4221743, 1.0377307, 5.473742, 0.47870943] 2.8113759 1.0170012 0.9593308 0.791151
[3731, 0.4433454, 1.0465255, 4.1891427, 0.78033733] 2.737779 0.92833817 1.1344068 1.1337669
[3732, 0.63945526, 1.0142505, 2.475847, 0.77985555] 3.250029 1.056378 1.058067 0.9357012
[3733, 0.45116454, 1.0500307, 3.388934, 0.64327055] 2.7542129 1.2276958 0.9298626 1.1724241
[3734, 0.42596942, 1.0425874, 5.5259476, 0.54440844] 2.400764 1.1086179 1.0195653 1.2743591
[3735, 0.58123046, 0.8402203, 5.4320064, 0.42614204] 2.2445338 1.1692768 1.0359826 1.1454263
[3736, 0.38728815, 1.0590559, 4.0807505, 0.72815645] 2.764061 1.0584855 0.93548065 1.1470479
[3737, 0.56812274, 1.0626442, 2.7098284, 0.7585772] 3.2246017 1.0280367 0.86354434 0.99899703
[3738, 0.49938384, 0.9956582, 4.5600266, 0.4520423] 2.5970132 1.1032214 0.9809075 1.2768738
[3739, 0.59425855, 0.84716123, 5.767422, 0.32965678] 2.1346219 1.0461417 0.95570767 1.5226063
[3740, 0.41921338, 1.0511098, 4.7545524, 0.5311063] 2.765717 1.0907601 0.8432219 1.0485506
[3741, 0.50131494, 1.0464163, 3.2143095, 0.5953717] 3.0017107 1.0516112 0.8815145 1.0423001
[3742, 0.37866345, 1.0586824, 4.5679903, 0.52113664] 2.5306396 1.1628225 1.0974759 1.221038
[3743, 0.50353664, 0.9673177, 4.066882, 0.5557094] 2.7172613 1.0726775 0.89442444 1.1922566
[3744, 0.43339166, 1.0389234, 3.5514033, 0.7467414] 2.868133 1.2067208 0.88709646 0.98704374
[3745, 0.5615947, 0.9830076, 3.4674926, 0.5925231] 2.8991807 1.1955638 0.8572412 1.1123978
[3746, 0.43245643, 1.0208989, 5.018043, 0.51861876] 2.5830445 0.99226755 1.083378 1.2434443
[3747, 0.58416414, 0.9570007, 3.429968, 0.6426189] 2.8258917 1.1212828 0.9554805 1.1343061
[3748, 0.518666, 0.91714424, 4.796179, 0.4055751] 2.5752673 1.0979508 0.7266993 1.0668205
[3749, 0.3731459, 1.0667487, 4.809724, 0.58173573] 2.922182 0.978042 0.8187044 0.9227447
[3750, 0.53361225, 1.0275314, 3.0624554, 0.77471614] 2.818645 1.0887717 0.9899978 1.2838272
[3751, 0.48750034, 1.0205383, 5.8231406, 0.534368] 2.518365 1.249447 0.971982 1.0225351
[3752, 0.5041909, 0.85709536, 6.178601, 0.40711945] 2.158398 1.06856 0.98342645 1.366244
[3753, 0.43908203, 1.0257641, 5.490019, 0.46770686] 2.4937747 1.0550536 1.023457 1.1261753
[3754, 0.48651895, 1.0454355, 3.4374313, 0.71934456] 2.760992 1.1703545 0.96167976 1.1764004
[3755, 0.4551846, 1.0209489, 5.5128484, 0.82967025] 2.724337 1.073743 0.9202293 0.9332093
[3756, 0.58824545, 0.9823171, 3.0881715, 0.6526157] 2.9533887 1.0700107 0.98363864 1.0541421
[3757, 0.39578545, 1.0674225, 5.898768, 0.5514026] 2.6070774 1.1240664 0.9761141 0.8896104
[3758, 0.47190624, 0.99732274, 4.439454, 0.49099585] 2.6096406 1.0116165 1.06335 1.1924266
[3759, 0.4802103, 1.0190586, 5.092782, 0.5665437] 2.5647755 1.0690587 1.0837282 1.200154
[3760, 0.5335961, 0.8565751, 6.3275266, 0.34725952] 2.1653435 1.0792506 0.986814 1.328096
[3761, 0.40762445, 1.053948, 4.637862, 0.3772703] 2.7063081 1.1432104 0.90976596 1.0345771
[3762, 0.5051569, 1.046214, 3.1686459, 0.68578875] 2.9481726 0.98511314 1.0097656 1.0211686
[3763, 0.5209354, 0.852889, 5.450789, 0.40903023] 2.2116244 1.2500277 0.9160586 1.1202794
[3764, 0.56463194, 0.9144768, 5.0473394, 0.4722042] 2.4157975 1.008958 0.8689351 1.3159543
[3765, 0.34239033, 1.0871868, 4.7796993, 0.53737926] 2.6592267 1.0207955 1.0536581 1.1211046
[3766, 0.38788006, 1.0595386, 5.2983117, 0.5587518] 2.5708873 1.0530044 1.0554204 1.1548326
[3767, 0.5569465, 0.9039521, 5.038028, 0.4194459] 2.4937909 1.0412854 0.7989633 1.1120995
[3768, 0.48588893, 1.034766, 3.47389, 0.7088318] 2.81321 1.085411 0.9011439 1.177942
[3769, 0.45331302, 1.0303996, 4.5591836, 0.43645692] 2.46467 1.2432523 1.0340294 1.3154956
[3770, 0.45948753, 1.01798, 4.4144397, 0.5098726] 2.5813434 1.1121972 0.9990395 1.2310656
[3771, 0.42004636, 1.0474371, 5.296899, 0.4591939] 2.4805007 0.98541343 0.95604426 1.2317473
[3772, 0.50093126, 1.0496275, 3.3231106, 0.69962823] 2.9381242 1.1475354 0.8374634 1.0939941
[3773, 0.39344493, 1.065988, 5.216393, 0.5504951] 2.59088 1.0476197 1.0505242 1.194428
[3774, 0.5969169, 0.94596833, 3.4965067, 0.72327346] 2.9369824 1.0546858 0.92086357 1.0453724
[3775, 0.5076483, 1.0368662, 3.242329, 0.7385482] 2.9591198 1.0974582 1.041554 0.92370105
[3776, 0.46263766, 1.0222111, 4.5220785, 0.5688884] 2.4900653 1.2495306 1.1234609 1.2246717
[3777, 0.55122465, 1.000886, 2.9804308, 0.69197994] 3.0456164 1.2368975 0.91705275 0.8329274
[3778, 0.49722472, 0.9752039, 5.414093, 0.43278274] 2.6176012 1.0485849 0.8008784 1.0355173
[3779, 0.46628463, 1.0154839, 3.87825, 0.55472493] 2.9804592 1.0432308 0.85772437 0.859279
[3780, 0.48021734, 1.0228951, 3.7503023, 0.65821576] 2.7670507 1.2548887 0.9233177 1.0044985
[3781, 0.44029555, 1.0260547, 4.9122643, 0.49252984] 2.5208619 1.0826646 0.9688221 1.1075407
[3782, 0.5212611, 0.99252784, 3.908363, 0.50783765] 2.7162628 1.3128436 0.9346786 1.0573045
[3783, 0.6213501, 0.9331367, 2.9111123, 0.6318479] 2.9586177 1.0966997 0.8550323 1.1168919
[3784, 0.5580074, 0.89016914, 5.1836786, 0.5106618] 2.2637007 1.2269746 0.94898224 1.2586999
[3785, 0.42453757, 1.0174108, 4.2686887, 0.5094942] 2.7267098 0.9589486 1.0364187 1.1248337
[3786, 0.43594298, 1.0404681, 3.910827, 0.9137302] 2.8125265 0.9930182 0.9380571 1.1856208
[3787, 0.544587, 0.8383903, 6.8628397, 0.41545376] 2.1719213 1.088211 1.0065975 1.1949363
[3788, 0.5442603, 0.91634804, 4.7929873, 0.55880797] 2.396209 1.0729371 0.97122747 1.1073132
[3789, 0.39441007, 1.0717417, 4.661875, 0.58190113] 2.589633 1.0953726 0.8491798 1.3000761
[3790, 0.41500533, 1.0289823, 5.5208025, 0.427689] 2.5728798 1.0284395 0.8373163 1.1181998
[3791, 0.50005156, 1.022973, 3.6445546, 0.9526263] 2.8378906 1.1315781 0.92995274 1.0692153
[3792, 0.5214843, 0.93561906, 5.425648, 0.5690001] 2.4597256 1.0498506 0.9825118 1.0939187
[3793, 0.5550878, 1.002952, 3.2678297, 0.7686481] 2.9049752 1.1405218 0.8415991 1.0861341
[3794, 0.5068888, 0.97316426, 3.8553345, 0.49689987] 2.5840814 1.1523776 1.1487893 1.1970861
[3795, 0.43194205, 0.80690604, 5.65201, 0.4833148] 2.0944657 1.1373268 1.0630578 1.0596871
[3796, 0.5133552, 0.9749061, 4.4077015, 0.54353267] 2.678155 1.0426383 0.905541 1.2510996
[3797, 0.38515565, 1.0700613, 5.193598, 0.49217594] 2.5127857 1.130663 0.88720965 1.1946725
[3798, 0.54205066, 1.026082, 2.7107854, 0.73459476] 3.161199 1.0160432 0.93714565 0.90506214
[3799, 0.44548965, 1.0309471, 4.8940916, 0.519111] 2.6807632 1.1052829 0.9313913 1.0315313
[3800, 0.541995, 0.9047418, 5.629257, 0.603594] 2.423293 1.0518017 0.9974017 1.0992703
[3801, 0.5728678, 1.0044059, 2.719625, 0.8526517] 3.0083091 1.0032506 0.9193612 1.1741573
[3802, 0.5935457, 0.9663718, 3.131622, 0.5753898] 2.9500544 1.1798209 0.9734669 0.9851731
[3803, 0.5807315, 1.0350808, 2.6319244, 0.6439891] 3.0584357 1.0377846 0.8799596 1.2146478
[3804, 0.49635985, 1.0081257, 3.2826493, 0.71623117] 2.9557393 1.0100102 1.0096815 0.9331261
[3805, 0.4321581, 1.02673, 4.590719, 0.56013435] 2.6764622 1.1191956 0.89570034 1.1375316
[3806, 0.46802384, 1.021213, 5.3677588, 0.4405668] 2.5782652 1.0906014 0.99804556 1.0383153
[3807, 0.58739686, 0.8691622, 5.5947084, 0.38920966] 2.3173625 1.0784773 1.01361 1.1645532
[3808, 0.51049024, 1.0144968, 3.7286093, 0.59577584] 2.939544 1.0776613 0.99147856 0.91900057
[3809, 0.3411699, 1.0616026, 5.3692446, 0.4942596] 2.6182947 0.94803596 0.9640014 1.0586274
[3810, 0.42826724, 1.0512812, 4.954319, 0.49108216] 2.4601178 1.0521373 1.0097691 1.349475
[3811, 0.48180723, 1.0308646, 3.6213539, 0.75122905] 2.637699 1.1790067 1.0129519 1.2938879
[3812, 0.4724314, 1.0256251, 3.9048767, 0.55894166] 2.6793525 1.1674409 1.0521846 1.0476115
[3813, 0.54053724, 0.94108015, 4.715461, 0.45601675] 2.5276005 1.1488633 0.8019362 1.0021148
[3814, 0.576632, 0.9856855, 2.3504362, 0.6736191] 3.005897 1.0990262 0.9223026 1.2479503
[3815, 0.47996113, 0.99815625, 5.710293, 0.47301334] 2.4313793 1.0760983 0.95675063 1.3525982
[3816, 0.55801, 0.9839823, 3.1992757, 0.70839775] 2.9414053 0.987912 0.94177413 1.143902
[3817, 0.47323227, 1.0153359, 5.788869, 0.44063127] 2.4596543 0.95042634 0.9586141 1.3787909
[3818, 0.43321922, 1.024113, 4.7279167, 0.37994748] 2.6788428 1.083502 0.92250735 1.075211
[3819, 0.6321865, 0.8384962, 5.034988, 0.52246183] 2.1707492 1.2042726 1.0065702 1.3687536
[3820, 0.37613618, 1.0834371, 4.6837926, 0.4812217] 2.6974742 1.1008929 1.111334 0.94114816
[3821, 0.4610471, 0.99394673, 5.5846243, 0.5134446] 2.6167002 1.006147 0.84601605 1.0087801
[3822, 0.3846341, 1.065449, 6.336894, 0.60113835] 2.5122294 1.0629232 1.0396881 1.0730885
[3823, 0.4304599, 1.0177976, 5.5987177, 0.59040236] 2.4665852 1.1094579 0.9881591 1.2626673
[3824, 0.44215864, 1.0134978, 4.1909084, 0.4904018] 2.6410415 1.0780653 1.085028 1.1117995
[3825, 0.3592518, 1.0682639, 4.625457, 0.5391792] 2.6493862 1.03094 1.0006167 1.1547768
[3826, 0.5526148, 0.69956475, 5.269663, 0.5009516] 2.081546 0.97670966 1.0009187 1.3100967
[3827, 0.3819505, 1.0630504, 4.2393613, 0.64865] 2.754133 1.0289973 0.9190015 1.1671965
[3828, 0.42802534, 1.0283085, 4.7807865, 0.5754851] 2.5991387 1.1585525 0.92417663 1.177679
[3829, 0.3660429, 1.0780796, 4.889712, 0.57655036] 2.7276082 1.0831598 0.85898876 1.0185025
[3830, 0.6092166, 0.8937379, 3.642883, 0.60028076] 2.7306392 1.1681314 0.8491518 1.248971
[3831, 0.46503937, 1.0187055, 5.7238297, 0.7206445] 2.520311 1.0247585 1.0159252 1.1817614
[3832, 0.45512438, 1.0149932, 4.0833316, 0.58919793] 2.7002904 0.92606616 1.0595007 1.1898892
[3833, 0.44970185, 1.0117512, 5.5064964, 0.5542623] 2.5328057 1.1361413 0.90887344 0.99832064
[3834, 0.4311649, 1.0543823, 3.7236474, 0.62852013] 2.8876753 1.0365793 1.0496224 0.97119355
[3835, 0.48849562, 0.9565202, 5.6868744, 0.5160765] 2.5417635 1.0418813 0.9172337 1.0024698
[3836, 0.41070884, 1.0536355, 5.368547, 0.45709354] 2.481483 1.1332191 0.9834751 1.108482
[3837, 0.5603611, 0.9911067, 3.356986, 0.747931] 2.9111726 1.1163884 0.9206414 1.0345682
[3838, 0.417062, 1.0417063, 5.4013996, 0.5885661] 2.3611028 1.1443894 1.0702477 1.2132006
[3839, 0.4534924, 1.0086025, 5.1156025, 0.4497924] 2.5716193 1.1112233 0.82514805 1.1988132
[3840, 0.449185, 1.0405262, 4.0048156, 0.7372635] 2.8397858 1.1472198 0.9670018 0.94842345
[3841, 0.37851614, 1.0507939, 4.900432, 0.3977174] 2.6397188 1.0788935 0.9278885 1.1779481
[3842, 0.6076834, 0.81120586, 5.388313, 0.31356078] 2.1448753 1.1546196 1.0243351 1.3421901
[3843, 0.5338781, 0.9255917, 5.1076293, 0.52754277] 2.3576183 1.0114478 0.9207384 1.2732936
[3844, 0.4519824, 1.0118171, 4.474459, 0.41776252] 2.6931722 1.1662055 0.8086592 1.1929973
[3845, 0.47444272, 1.0270443, 3.7396553, 0.5882623] 2.798172 1.1674354 0.99609876 1.0275887
[3846, 0.4360625, 1.0540336, 4.900513, 0.43930855] 2.6105733 1.0794362 0.88266605 1.2557147
[3847, 0.59618074, 0.8859632, 4.8701773, 0.41080177] 2.4678764 1.051432 0.86230135 1.2148794
[3848, 0.42200258, 1.056533, 3.608832, 0.6446748] 2.7378435 1.0982271 0.878848 1.2683462
[3849, 0.49818924, 0.9974847, 3.9329488, 0.44635308] 2.7340403 1.1546016 0.7578049 1.3085874
[3850, 0.5777196, 0.8004073, 5.716533, 0.43693197] 2.3114703 1.0016016 0.94937336 1.1457593
[3851, 0.50895935, 1.003238, 3.4939177, 0.6688194] 2.875299 1.0221225 0.9744996 1.0413193
[3852, 0.5344513, 1.0010198, 2.9233916, 0.7501178] 2.8746822 0.93158686 1.0305732 1.2198551
[3853, 0.56271267, 0.9906155, 3.2055154, 0.6775483] 2.842055 1.1778519 0.94100463 1.1360636
[3854, 0.53202087, 1.0689125, 2.7469065, 0.81745094] 3.1530776 1.1389353 0.89808863 0.8374822
[3855, 0.5439389, 1.010486, 3.1071777, 0.6871194] 2.9975834 1.063276 0.9459708 1.0589502
[3856, 0.51309025, 1.0177996, 3.0187163, 0.68487805] 2.8797023 1.0929863 0.8919718 1.2250803
[3857, 0.4684342, 1.0147808, 3.6897497, 0.51158583] 2.7207026 1.0381261 1.044562 1.1287023
[3858, 0.5795568, 0.95177203, 3.6196518, 0.65429556] 2.5348647 1.2096916 1.002452 1.4493772
[3859, 0.40145323, 1.0547359, 5.243999, 0.46162608] 2.6308103 1.0323186 0.95570546 1.0628254
[3860, 0.2899215, 1.1132325, 5.1186113, 0.46090236] 2.598208 1.0952064 0.9398373 1.2111254
[3861, 0.3656183, 1.0541344, 4.2322655, 0.494321] 2.838663 0.88698775 0.9855243 1.0640289
[3862, 0.4225482, 1.0370106, 4.0163136, 0.4808513] 2.8333635 0.93752104 0.9675966 1.0495026
[3863, 0.4696731, 1.0043029, 3.90871, 0.58713245] 2.8110175 1.0465298 0.9172168 1.0954409
[3864, 0.33546197, 1.0734978, 5.579889, 0.4993396] 2.4713926 1.0935247 0.99490416 1.20129
[3865, 0.49532127, 0.99145883, 3.8200843, 0.5113737] 2.8492777 0.82311743 0.77248347 1.3490874
[3866, 0.4584632, 1.0129223, 4.502685, 0.62760186] 2.650485 1.0880594 0.9903462 1.2075893
[3867, 0.47161847, 1.0349892, 3.6543522, 0.60926163] 2.8204699 1.0158864 0.9746501 1.1208068
[3868, 0.41868377, 1.031878, 4.414716, 0.5130873] 2.6964667 1.1260414 0.8996691 1.1568338
[3869, 0.458112, 1.018615, 4.315193, 0.54318076] 2.797457 1.134499 0.9397622 0.96828055
[3870, 0.40066394, 1.0612856, 4.743139, 0.450902] 2.8355994 0.9004467 0.85210866 1.1091261
[3871, 0.44056734, 1.0215154, 4.6255064, 0.5042396] 2.5719917 1.2587069 0.9270913 1.1777793
[3872, 0.4432953, 1.0322512, 5.468028, 0.44176286] 2.411425 1.2423528 0.98442847 1.1651558
[3873, 0.621977, 0.7914341, 6.0226703, 0.31171262] 2.2169435 1.3149693 0.9889712 1.085753
[3874, 0.4517006, 1.0230544, 4.6645083, 0.5467871] 2.8087194 0.98086244 0.88161564 1.1254381
[3875, 0.5368173, 0.974803, 3.9761891, 0.6239357] 2.8886669 1.1464328 0.8551023 0.97922385
[3876, 0.47506726, 1.0023113, 5.268664, 0.44695956] 2.4931617 1.0330769 1.0321448 1.0655895
[3877, 0.552407, 0.972499, 3.117488, 0.9082572] 2.8181245 1.0581205 1.0024925 1.2313884
[3878, 0.386238, 1.0580608, 5.005046, 0.5990025] 2.7806175 1.1002584 0.98220617 0.869076
[3879, 0.500589, 1.0124935, 4.866982, 0.64073765] 2.3811858 1.1292474 0.9742181 1.3430784
[3880, 0.46745983, 1.0127224, 5.3663774, 0.60136396] 2.4393282 1.1304464 1.0100045 1.1723887
[3881, 0.49359915, 1.0239093, 4.4686637, 0.6606312] 2.65825 1.2618282 1.0059075 1.0851971
[3882, 0.40236425, 1.0374, 4.7339635, 0.6743004] 2.5873444 1.1175525 0.9295703 1.2527187
[3883, 0.42743278, 1.0428394, 5.2661777, 0.42453337] 2.4436276 1.3068681 0.87690806 1.2918786
[3884, 0.4807208, 1.008537, 4.248049, 0.57444876] 2.649899 1.1751852 0.9837698 1.1715889
[3885, 0.5943053, 0.79659027, 5.9012084, 0.44790602] 2.2411273 1.1136105 0.9807667 1.1560985
[3886, 0.5887328, 0.96514297, 3.1808212, 0.5977503] 2.9269931 1.130188 1.0116013 0.9274566
[3887, 0.5143696, 1.0368567, 3.2766101, 0.7547843] 2.8686624 1.1800535 0.96352446 1.0659931
[3888, 0.48381132, 0.99743533, 4.0104213, 0.64594775] 2.7415745 1.170982 0.9191453 1.1383765
[3889, 0.40003246, 1.0503527, 4.78407, 0.49062997] 2.4822178 1.2125597 1.1647177 1.0953823
[3890, 0.53892875, 1.0105535, 3.1696484, 0.7623079] 2.9176483 1.2189778 0.92258877 1.0085417
[3891, 0.45464292, 1.0605997, 3.3665059, 0.77331287] 2.745913 1.1280645 1.1131448 1.1278554
[3892, 0.61761326, 0.9492986, 3.0001786, 0.62597686] 2.769151 1.1384903 0.977121 1.3731526
[3893, 0.5706992, 0.9346554, 5.551281, 0.5033574] 2.2608593 1.1802627 0.9380264 1.4307699
[3894, 0.5800871, 0.86800456, 5.14714, 0.44527915] 2.200722 1.3052295 0.9029901 1.284773
[3895, 0.44249964, 0.9890014, 5.376411, 0.42881984] 2.4797924 1.0991988 0.8695934 1.081024
[3896, 0.5895908, 0.95926464, 2.9038854, 0.7086091] 2.9338129 1.054288 0.7738475 1.3244302
[3897, 0.50002986, 1.0057997, 5.356079, 0.51961166] 2.3515532 1.1711596 1.0755316 1.4213159
[3898, 0.5240966, 0.9252038, 5.609234, 0.38527578] 2.4952435 0.89677876 1.0014929 1.1272247
[3899, 0.45077634, 1.0492085, 3.5055044, 0.6622372] 2.9168892 0.9748852 0.82430387 1.2299013
[3900, 0.4176746, 1.0383176, 4.1448855, 0.41508058] 2.830087 1.0828776 0.86493266 0.9267428
[3901, 0.4019031, 1.0150337, 5.205314, 0.5352984] 2.4393733 1.0500041 0.95721126 1.1378639
[3902, 0.400184, 1.0558615, 5.46306, 0.8740854] 2.5421803 1.1577346 0.90417105 1.1099712
[3903, 0.44583914, 1.0192896, 4.4265637, 0.49201104] 2.8182328 1.1391286 0.8340404 0.9900292
[3904, 0.34840876, 1.0992143, 5.8025637, 0.4624021] 2.6183782 1.1322027 0.9124105 1.0103451
[3905, 0.41484332, 1.0428525, 5.2274694, 0.458723] 2.5672407 0.9753977 0.8946163 1.206885
[3906, 0.5850106, 0.9209423, 5.9101233, 0.55015326] 2.2264576 1.0975443 1.2123021 1.3650725
[3907, 0.5051486, 0.9592854, 5.2395897, 0.46232796] 2.4117694 1.0742692 0.90353596 1.1524457
[3908, 0.55060923, 0.8181051, 5.743842, 0.4247542] 2.1715682 1.1722722 0.9211131 1.2725577
[3909, 0.40328068, 1.0732982, 4.602339, 0.56185555] 2.711271 1.2132849 1.0041294 0.96614134
[3910, 0.49816185, 0.94428426, 5.8481326, 0.6488521] 2.324216 1.0447685 1.0252644 1.2705545
[3911, 0.38467634, 1.0507029, 4.050772, 0.734765] 2.7076705 1.1534901 0.93434405 1.190402
[3912, 0.5268904, 0.97164965, 4.0749793, 0.58896154] 2.4742086 1.1432768 0.9670605 1.4133769
[3913, 0.4897388, 1.0101894, 5.562894, 0.46396893] 2.5644443 1.1311696 0.87446785 1.1482614
[3914, 0.42973244, 1.0484585, 5.0440054, 0.5386578] 2.5139294 1.1102618 1.0158994 1.2015046
[3915, 0.46778467, 0.9920747, 5.54627, 0.42924616] 2.4924593 1.0163491 0.9587422 1.1141087
[3916, 0.46937105, 1.0282793, 3.3042133, 0.49572846] 2.8515341 1.0503826 1.0005685 1.068617
[3917, 0.5106321, 0.9829808, 5.2571306, 0.52260464] 2.4954522 1.154048 0.9795687 1.0851096
[3918, 0.50000954, 0.9894006, 5.3294606, 0.41808936] 2.4317987 1.1430956 0.88344795 1.2300467
[3919, 0.46063474, 1.0099652, 5.5874047, 0.44760996] 2.4925973 1.115213 0.95178723 1.0867437
[3920, 0.54913956, 1.0212404, 2.8555174, 0.63107806] 3.0463595 1.1073948 0.8968179 0.9932618
[3921, 0.5532527, 1.0038203, 3.0125008, 0.7191362] 2.8466847 1.2632997 0.887088 1.1883957
[3922, 0.41124216, 1.0676794, 5.037228, 0.47119445] 2.5699992 1.3181612 0.893309 1.0475799
[3923, 0.6162185, 0.8460346, 5.1494308, 0.33543244] 2.2109938 1.0995717 0.88679856 1.5104592
[3924, 0.49798888, 1.028769, 3.8779576, 0.85660267] 2.8080308 1.0103123 0.9754176 1.2285656
[3925, 0.36223733, 1.0839227, 5.703942, 0.48153192] 2.505873 1.1211693 0.9714834 1.2028365
[3926, 0.4324203, 1.0394678, 5.2387347, 0.48331654] 2.4864821 1.1167074 0.912482 1.3154309
[3927, 0.51965714, 0.8698029, 6.157951, 0.45791274] 2.2959158 1.1624143 0.7488544 1.2529503
[3928, 0.5082493, 0.97344494, 5.344133, 0.45068565] 2.4449794 1.184775 0.8570472 1.207781
[3929, 0.43492034, 1.0440018, 4.384275, 0.5525083] 2.6247635 1.0607536 1.0206922 1.2191542
[3930, 0.4379357, 1.0310152, 6.3189006, 0.61832577] 2.6511314 0.9197252 0.9875844 1.013716
[3931, 0.5264785, 0.96362317, 5.2732506, 0.59911084] 2.5448947 1.0686891 0.9999353 0.91499484
[3932, 0.45910874, 1.0182976, 5.4874673, 0.47039112] 2.7619114 0.9660027 0.8157618 0.8791626
[3933, 0.38135493, 1.0539675, 4.4601517, 0.59870374] 2.7117014 1.0943193 0.9166798 1.1120713
[3934, 0.3916184, 1.0841204, 5.3827114, 0.49243787] 2.7141845 1.0967218 0.87280065 0.9614443
[3935, 0.51520646, 0.87432784, 6.0978723, 0.43386486] 2.2551892 1.0647869 0.9211715 1.2651337
[3936, 0.5756402, 1.0141947, 2.8728998, 0.76240623] 3.0542958 1.1229596 0.7871147 1.1179074
[3937, 0.39150706, 1.0551146, 5.6445684, 0.4933753] 2.616132 0.9385982 0.78700006 1.1964691
[3938, 0.4911448, 0.81223065, 5.918793, 0.41122782] 2.2124622 0.9862366 1.0207477 1.2184021
[3939, 0.4945332, 1.0267727, 3.6798446, 0.727845] 2.8615456 1.1679889 0.96054006 1.0078759
[3940, 0.41157997, 1.0452579, 4.991765, 0.5022348] 2.496947 1.2566868 1.0251766 1.1287404
[3941, 0.39783958, 1.0526288, 4.0483217, 0.50971675] 2.7738945 1.1455971 0.8883638 1.061981
[3942, 0.4891992, 0.9859232, 5.1145945, 0.44824424] 2.3648365 1.1224165 0.93924737 1.338862
[3943, 0.41784754, 1.0324266, 4.686875, 0.5141474] 2.7068782 1.1207247 0.9973143 0.9489223
[3944, 0.50301594, 1.013016, 5.503574, 0.4479962] 2.4931114 1.1547129 0.8150652 1.3716949
[3945, 0.3902485, 1.0566454, 5.5940375, 0.56931734] 2.7012312 0.98368114 0.9941018 0.93612367
[3946, 0.31717527, 1.1171633, 5.68282, 0.42407915] 2.5842223 1.2546105 0.9921141 0.88002837
[3947, 0.5201243, 0.9739506, 4.439294, 0.5113013] 2.5384483 1.1000905 1.1178083 1.3008249
[3948, 0.4161312, 1.0411202, 4.3989487, 0.4876888] 2.5940948 1.0927206 1.1321648 1.2076392
[3949, 0.38987875, 1.0611318, 5.0573463, 0.6243994] 2.796111 1.0823915 0.9095385 0.9445478
[3950, 0.44253057, 1.0463378, 4.7536807, 0.49631226] 2.6766171 0.9555308 0.89486325 1.1912158
[3951, 0.39514467, 1.0604668, 4.8996677, 0.5804255] 2.598299 0.965829 0.92860115 1.2429568
[3952, 0.4943455, 0.97479236, 5.0661535, 0.5270357] 2.6603453 1.0088131 0.93608934 1.1672516
[3953, 0.45729968, 1.0273681, 5.541182, 0.66217315] 2.3656828 1.2063121 0.9675562 1.3233218
[3954, 0.38810742, 1.0899972, 5.7920136, 0.84193385] 2.5867655 0.99626744 0.9158275 1.2170684
[3955, 0.4962976, 0.97096664, 4.669624, 0.4280337] 2.4659078 1.1609168 0.83854085 1.1520468
[3956, 0.44968304, 1.0299314, 4.497726, 0.50346035] 2.7231789 1.0118991 0.8757351 1.1807423
[3957, 0.47060794, 1.0008006, 3.4400394, 0.46620423] 2.6387653 1.3203039 1.0247518 1.0073408
[3958, 0.5129079, 0.9932655, 5.483435, 0.6623749] 2.364913 1.1779325 1.0197836 1.3731583
[3959, 0.5488988, 1.0323559, 2.7817037, 0.83527094] 3.037643 1.0745853 0.9675878 1.0670325
[3960, 0.4248035, 1.0575639, 5.5126667, 0.55425876] 2.425016 1.1565663 0.9205742 1.3807437
[3961, 0.524436, 1.013767, 3.3574016, 0.66334504] 2.8751016 1.1570562 1.0164999 0.97869575
[3962, 0.60536754, 0.86545867, 5.1898084, 0.48389018] 2.263699 1.0544767 0.9808451 1.3697776
[3963, 0.5202925, 0.9615064, 5.883889, 0.5468774] 2.3594027 1.2390352 0.94723386 1.0785979
[3964, 0.5174991, 0.9908947, 4.3581643, 0.4829361] 2.494606 1.254033 0.9930322 1.2586696
[3965, 0.58114165, 0.79836977, 6.3595786, 0.48136973] 1.9878751 1.3588476 0.9327692 1.3344069
[3966, 0.41806066, 1.0364616, 5.6277056, 0.5367053] 2.437281 1.1647707 0.9870971 1.1515151
[3967, 0.41273403, 1.0440555, 6.096618, 0.7214783] 2.5406318 1.1120814 0.9292925 1.064919
[3968, 0.4137546, 1.0528415, 5.639076, 0.6542099] 2.473418 0.94858235 1.0536743 1.3510462
[3969, 0.48080534, 1.0035386, 5.754552, 0.49959484] 2.4091017 1.0297295 0.9882306 1.2672769
[3970, 0.5178713, 1.025201, 3.4404073, 0.90059364] 2.8793144 1.130111 0.8576179 1.1738678
[3971, 0.58938944, 0.90310454, 4.70937, 0.4735623] 2.324112 1.1285481 0.9291782 1.2785776
[3972, 0.48709333, 1.015474, 4.1608596, 0.53539675] 2.6843736 1.1211773 1.0830735 1.0958014
[3973, 0.5278706, 0.9919278, 3.6585214, 0.7027165] 2.8115501 0.955272 1.0320927 1.1813115
[3974, 0.3681009, 1.0646474, 5.106144, 0.54910666] 2.5491107 1.17572 1.016285 1.1351285
[3975, 0.5905734, 0.8460627, 5.4843593, 0.41923934] 2.341863 1.1739426 0.9315169 1.0519797
[3976, 0.37437776, 1.0677161, 5.622894, 0.53384405] 2.5285099 1.1248553 0.881627 1.1317745
[3977, 0.37131777, 1.0711217, 4.3160143, 0.5981018] 2.6536777 1.2522038 1.0030526 1.0349553
[3978, 0.49977654, 0.9803059, 5.7008405, 0.4884669] 2.4038365 1.1350123 0.9212912 1.3286017
[3979, 0.40555912, 1.0601417, 5.9657583, 0.59520745] 2.4538121 1.1804094 1.031197 1.0782682
[3980, 0.5870162, 0.9867263, 3.002353, 0.63529336] 3.0721364 1.1270224 0.9350222 0.9300076
[3981, 0.54406786, 1.0134993, 3.003775, 0.5994147] 2.9579504 1.1129056 0.92316675 1.0764335
[3982, 0.5780612, 0.9931174, 3.0633905, 0.60928196] 2.8659022 1.0518073 1.0290103 1.2462612
[3983, 0.5665857, 0.7038015, 6.2352133, 0.6726395] 1.994179 1.1514 1.058313 1.2394779
[3984, 0.5467153, 0.99234277, 2.9694705, 0.55121976] 2.8974316 1.0737661 0.86585116 1.2106818
[3985, 0.49739265, 0.93187237, 5.0166736, 0.5959983] 2.4591064 0.94052094 0.98853326 1.1848335
[3986, 0.46146792, 0.996251, 5.783521, 0.70761484] 2.4515612 1.0000294 1.1072568 1.1670381
[3987, 0.5125118, 0.973986, 5.036514, 0.59402776] 2.3777688 0.94601876 1.0524735 1.3647393
[3988, 0.3682425, 1.0878699, 4.822872, 0.4595808] 2.6473114 1.2060242 0.88250774 1.1191362
[3989, 0.5148537, 1.0109047, 3.4516337, 0.7512886] 2.7865689 1.1904609 0.8274783 1.281184
[3990, 0.38558173, 1.0689249, 5.0803657, 0.5618854] 2.64691 1.1630586 0.9698522 1.1309348
[3991, 0.37118378, 1.0894712, 4.674663, 0.54630923] 2.586654 1.0403774 0.99053675 1.1087183
[3992, 0.5527349, 0.97607607, 3.9137409, 0.63059676] 2.7869003 1.087217 0.8928958 1.1777903
[3993, 0.42263064, 1.033268, 4.9496284, 0.45663208] 2.6001444 1.0845019 0.8741678 1.2960511
[3994, 0.44155708, 1.0110004, 4.4708247, 0.5463029] 2.6973593 1.0184397 1.0315895 1.1261615
[3995, 0.43162215, 1.0562176, 6.1242127, 0.6841896] 2.6275625 1.0446342 0.93965995 1.0009003
[3996, 0.5727912, 1.0250236, 2.7669277, 0.6396141] 2.9201128 1.1484579 1.0137771 1.1120989
[3997, 0.43486497, 1.0416976, 3.5931904, 0.58572406] 2.8226805 1.0150585 0.86376655 1.1797099
[3998, 0.3495858, 1.0737252, 5.0690126, 0.55013335] 2.585183 0.9935541 0.9474715 1.1775842
[3999, 0.63968694, 0.9692516, 2.5947897, 0.5279168] 3.0887334 1.0236384 1.0116302 1.0373356
[4000, 0.4174669, 1.049937, 5.085426, 0.49273276] 2.6489127 1.0332638 0.98407584 1.0591561
[4001, 0.41552606, 1.0375602, 4.556855, 0.4926891] 2.5741057 1.2867113 0.9054018 1.1820673
[4002, 0.5653387, 0.91651255, 5.258067, 0.4117886] 2.231105 1.0670851 0.9446514 1.5013522
[4003, 0.3934759, 1.0796843, 5.316034, 0.59876215] 2.5042021 1.0445687 1.0221312 1.1944184
[4004, 0.5121535, 0.95892525, 5.5209303, 0.52924776] 2.515752 1.0315046 1.083264 0.94264805
[4005, 0.4967553, 1.0015688, 3.141783, 0.88207865] 2.8684843 1.036149 1.0149486 1.0485958
[4006, 0.4415858, 1.0490357, 5.3726783, 0.4972061] 2.411907 1.3020558 0.8893979 1.2593474
[4007, 0.40073162, 1.0519211, 4.5411487, 0.5522214] 2.7034872 0.98600453 1.0766808 1.0780742
[4008, 0.41670284, 1.017795, 5.3520956, 0.522723] 2.4526782 1.0851009 0.994298 1.0778435
[4009, 0.47812277, 1.0276186, 4.917447, 0.43037736] 2.7008271 1.098175 0.99889326 0.94911593
[4010, 0.41619375, 1.0478595, 4.1562586, 0.75166374] 2.7874057 1.154802 1.0054053 1.00749
[4011, 0.48805696, 1.0104339, 5.3874145, 0.5958725] 2.4463468 1.1807007 0.9660287 1.1589565
[4012, 0.5754684, 0.7654131, 5.1108885, 0.4162283] 2.2022467 1.0562912 0.8436322 1.2900842
[4013, 0.5095682, 0.96348435, 5.55722, 0.44349915] 2.4669425 0.9989506 1.0527241 1.1069654
[4014, 0.3237965, 1.1095848, 6.2966847, 0.96631813] 2.5897686 0.9372124 1.0673382 1.1074675
[4015, 0.36727577, 1.0699036, 5.0782347, 0.5952594] 2.4527807 1.1864111 1.0323752 1.2515854
[4016, 0.5101782, 0.95182836, 5.2607203, 0.50529426] 2.4186718 1.2074585 0.8745079 1.1179006
[4017, 0.46160507, 1.0183337, 5.426879, 0.41163048] 2.4906015 1.0124992 1.063928 1.1799526
[4018, 0.5525146, 0.81750494, 5.4529686, 0.43302923] 2.22234 1.0288916 1.086914 1.1869248
[4019, 0.42667478, 1.0252259, 5.3944774, 0.5735584] 2.522818 1.1624025 0.983023 1.2073392
[4020, 0.47817928, 0.99917763, 4.1865587, 0.48343366] 2.7073593 1.1984711 0.77105236 1.1860137
[4021, 0.39902535, 1.080279, 4.280661, 0.69133216] 2.7463593 1.2332896 1.0496042 0.9673138
[4022, 0.4073517, 1.0272659, 4.028853, 0.696638] 2.7075815 1.0845817 0.99057406 1.1606244
[4023, 0.44903052, 1.037127, 3.915286, 0.5462328] 2.7093105 0.9810951 0.9778654 1.2337602
[4024, 0.40218338, 1.0488234, 5.345146, 0.3599467] 2.4731817 1.2401857 1.0189708 1.1020098
[4025, 0.5275368, 1.0037987, 3.9015985, 0.64079195] 2.88731 1.0465041 0.8902061 1.0833268
[4026, 0.5340573, 0.9922011, 3.3451784, 0.79184747] 2.8505907 1.0684104 0.9434785 1.1419773
[4027, 0.48484302, 1.0362619, 2.9696846, 0.55061936] 2.921513 1.0552167 0.99152005 1.0734501
[4028, 0.4157827, 1.063859, 3.6510828, 0.7364988] 2.8401856 1.0605122 0.9392467 1.0697387
[4029, 0.4576189, 1.0039368, 4.09244, 0.479469] 2.6450982 1.176871 1.0049275 1.1615037
[4030, 0.5250394, 1.0222051, 2.8934834, 0.80605847] 3.045171 1.1140621 0.856422 0.9811774
[4031, 0.41110086, 1.0489163, 4.861128, 0.43452743] 2.5887089 1.0293643 0.8519051 1.2854848
[4032, 0.45379674, 1.0580947, 4.861405, 0.5125505] 2.4967628 1.1244944 0.9111526 1.3417327
[4033, 0.49196553, 0.99928313, 5.1710763, 0.5862813] 2.3734257 1.1967151 0.92631936 1.252225
[4034, 0.5561648, 0.84336716, 5.7597976, 0.40983826] 2.369864 0.8650264 0.9684772 1.2908933
[4035, 0.4320547, 1.0388411, 4.7264667, 0.48143554] 2.6243675 1.0512037 1.0102186 1.1777853
[4036, 0.5529126, 0.872945, 5.9025955, 0.40168813] 2.3953364 1.0143739 0.94990027 1.0558844
[4037, 0.44778302, 1.0288805, 4.581622, 0.57224345] 2.7418497 1.1629739 0.93394613 1.0377666
[4038, 0.39416775, 1.0472513, 4.85259, 0.56572163] 2.6954548 1.2154859 0.92475027 0.96941876
[4039, 0.41912657, 1.0474414, 4.8328576, 0.6284001] 2.4926913 1.1354686 1.0553608 1.26044
[4040, 0.4283326, 1.037583, 4.034531, 0.5985738] 2.805386 0.9720295 0.97587764 1.1234424
[4041, 0.38141897, 1.0567368, 4.855812, 0.5233457] 2.5814981 1.0247288 0.9755642 1.077273
[4042, 0.51378196, 0.99048465, 3.8256505, 0.5444885] 2.9264166 1.0547549 0.8282351 0.9358876
[4043, 0.5242008, 0.9742352, 4.614591, 0.5229842] 2.5240793 1.120721 1.0804281 1.2958456
[4044, 0.40461242, 1.0553013, 5.016697, 0.5097359] 2.722071 1.0161163 0.85138756 1.0125127
[4045, 0.64152956, 0.8317602, 5.263351, 0.5520919] 2.4264696 1.0307654 0.9640026 1.1355621
[4046, 0.5252841, 0.98414725, 3.5218956, 0.48115617] 2.7196374 1.2343105 0.9394622 1.1853727
[4047, 0.42221236, 1.0326232, 3.892677, 0.6621695] 2.9559858 1.0409296 0.80430686 0.94856554
[4048, 0.49338728, 0.9401886, 4.2773895, 0.52768826] 2.4487975 1.0425054 0.93376845 1.1385058
[4049, 0.49232748, 0.9993039, 3.7940094, 0.5972478] 2.816922 1.0463634 0.9416573 1.0834206
[4050, 0.40318918, 1.0424868, 4.9042077, 0.51249707] 2.6602154 1.1699991 1.0112054 0.9744196
[4051, 0.59761447, 1.0281653, 2.380093, 0.8353966] 3.0819526 1.1691537 0.98973125 1.1475666
[4052, 0.48385102, 0.99662274, 5.6133423, 0.6952683] 2.510412 1.0787529 0.98621845 1.0337809
[4053, 0.3878062, 1.0630271, 4.8901463, 0.5082496] 2.6786146 1.0047876 0.86107564 1.1884809
[4054, 0.36954793, 1.0739721, 5.27184, 0.6469697] 2.6091452 1.0828514 0.9258903 1.1875644
[4055, 0.41212246, 1.0490543, 4.733764, 0.4173749] 2.677705 1.0651902 0.87738234 1.1938142
[4056, 0.33923608, 1.0532962, 4.332753, 0.5260037] 2.6999211 1.0527341 0.921674 1.1218556
[4057, 0.40888536, 1.0533091, 4.134813, 0.60983574] 2.8083184 1.0061423 0.91734886 1.1074762
[4058, 0.49435967, 0.99744785, 4.0088587, 0.6171417] 2.7500367 0.89708525 0.89475703 1.3722322
[4059, 0.47363207, 1.0278412, 3.657789, 0.88520426] 2.581191 1.2105553 1.0702736 1.2901524
[4060, 0.43237668, 1.0664697, 3.3049524, 0.691874] 2.678528 1.2213569 0.93380165 1.1740965
[4061, 0.45708925, 1.0244292, 4.5281343, 0.53872657] 2.6149948 1.0885584 0.9949009 1.158441
[4062, 0.46422917, 1.0121181, 5.246282, 0.48855594] 2.5671594 0.88053 0.89354014 1.2725626
[4063, 0.57531625, 0.9056403, 4.671246, 0.4452693] 2.4078186 1.2172129 0.85609025 1.0615482
[4064, 0.40997636, 1.0152215, 4.022609, 0.55970484] 2.7728927 0.9351491 0.9554217 1.1421049
[4065, 0.5557259, 0.98029155, 3.8145523, 0.8457505] 2.784992 1.2017628 0.8186441 1.2140969
[4066, 0.47214276, 0.99769723, 3.8796446, 0.65701455] 2.705428 1.151479 1.023726 1.0594968
[4067, 0.48402393, 0.9733827, 5.6960316, 0.43639457] 2.4526567 1.0259513 0.9185791 1.207275
[4068, 0.45205957, 0.99742824, 5.687547, 0.4915061] 2.6840963 1.0101134 0.8975698 0.875417
[4069, 0.48156533, 1.018267, 3.3813384, 0.63807654] 2.9939213 1.0437338 0.8828334 0.93891466
[4070, 0.41446915, 1.0430888, 5.17479, 0.51874125] 2.6131632 1.1849769 0.99241626 1.1008002
[4071, 0.50549334, 0.7865201, 6.830947, 0.4671924] 2.1177752 1.1621937 0.8761622 1.2248644
[4072, 0.38372093, 1.0655808, 4.657673, 0.5362239] 2.635486 1.0872211 1.0230616 1.0741832
[4073, 0.47063658, 1.0325098, 3.6653183, 0.7038319] 2.6098568 1.0374426 0.96283746 1.4246726
[4074, 0.40951514, 1.0625416, 5.2501044, 0.49974653] 2.4605243 1.1205221 1.0011069 1.1420536
[4075, 0.5819007, 0.8595762, 4.9086103, 0.38547817] 2.4476929 1.1474749 0.8813329 0.9622507
[4076, 0.4513946, 0.99227333, 4.69737, 0.61974555] 2.6153643 1.1025598 0.983412 1.2066407
[4077, 0.451544, 1.0236093, 5.726904, 0.59332705] 2.6238527 0.9667798 0.93341607 1.2090424
[4078, 0.39755327, 1.0446206, 5.6948953, 0.39134642] 2.5829794 1.0370541 0.999545 0.9952384
[4079, 0.44559896, 0.80948114, 5.246941, 0.6318146] 1.8011235 1.2238517 1.034449 1.5286384
[4080, 0.54704666, 0.89357436, 4.6401553, 0.3594213] 2.3275797 1.0848775 0.98673564 1.1973605
[4081, 0.5610606, 0.9784943, 3.3779917, 0.8036314] 2.8658469 1.1571633 0.8622822 1.1416554
[4082, 0.33857444, 1.0778676, 5.047839, 0.514235] 2.6279986 1.0870658 0.98774093 1.1223115
[4083, 0.3699605, 1.0748525, 5.5436335, 0.46861622] 2.57286 1.0562222 0.93797183 1.2067592
[4084, 0.58501714, 0.97262734, 3.2246883, 0.9662756] 2.9003496 1.0747775 0.87281936 1.1766877
[4085, 0.34243023, 1.1103384, 5.765729, 0.6353866] 2.6054573 1.158692 0.9414451 1.1040668
[4086, 0.43100595, 1.0393823, 4.371505, 0.47838625] 2.7885635 1.0312343 0.9518842 0.9606625
[4087, 0.46862414, 1.0145068, 5.5605288, 0.6617599] 2.3332062 1.0963335 1.1103743 1.2922984
[4088, 0.5572099, 0.8356847, 5.8568854, 0.3353778] 2.2508347 1.0497849 1.0167744 1.2257464
[4089, 0.5868458, 0.81643045, 5.834301, 0.36027038] 2.1615725 1.1168551 1.0152875 1.3164163
[4090, 0.45857435, 1.0235696, 3.9199502, 0.69112] 2.8081284 1.1136129 0.98536277 1.0134996
[4091, 0.46153623, 1.0306425, 4.2135596, 0.46637705] 2.5140264 1.1974064 0.9119916 1.3250324
[4092, 0.39837438, 1.064095, 5.429381, 0.42751184] 2.5941281 0.9982656 1.0643984 1.1261888
[4093, 0.4900977, 1.0368671, 3.3515584, 0.74557656] 2.7632651 1.1628475 0.97086173 1.2240161
[4094, 0.45329463, 1.010628, 4.1536875, 0.55316395] 2.6944568 1.1427271 1.0067321 1.0560591
[4095, 0.3939189, 1.0629957, 5.4097543, 0.49495593] 2.517755 1.1095805 0.90455663 1.2115418
[4096, 0.4184063, 1.0429432, 5.4884186, 0.50371325] 2.6357188 0.9815442 0.9875719 1.0758796
[4097, 0.3918735, 1.0665482, 4.737225, 0.56203806] 2.6013806 1.1709672 0.9515923 1.1736836
[4098, 0.56545913, 0.8579998, 4.9187846, 0.44153306] 2.362946 1.121184 0.9411398 1.0964895
[4099, 0.5071263, 1.0193825, 3.8790677, 0.63642687] 2.7584667 1.2603625 0.85071236 1.1898293
[4100, 0.48458764, 0.9831107, 5.076371, 0.44069493] 2.4048884 1.105529 1.0032897 1.1335307
[4101, 0.41201887, 1.040843, 4.3601494, 0.6803521] 2.7725625 1.0767239 0.9519447 1.0780363
[4102, 0.38335335, 1.0507406, 5.5819225, 0.48961362] 2.5272563 1.2367585 0.91009396 1.1101034
[4103, 0.5205361, 0.8895988, 5.550049, 0.48269597] 2.384342 1.0273895 0.94029427 1.115365
[4104, 0.48612216, 1.0270963, 3.3934135, 0.60151505] 2.7306738 1.247385 0.8774665 1.212539
[4105, 0.4147959, 1.008288, 5.0824046, 0.37962142] 2.3827674 1.0928818 0.9902917 1.2174276
[4106, 0.4366073, 1.0210364, 5.1601357, 0.49609938] 2.7064445 1.0105101 0.8756515 1.1845433
[4107, 0.5649906, 0.98365504, 3.5489209, 0.73591816] 2.8354027 1.1490903 0.9146187 1.2531853
[4108, 0.5001843, 1.0733874, 2.8208916, 0.58599573] 2.9251142 1.1962621 0.95124257 1.0620365
[4109, 0.4595509, 1.0094808, 4.4198136, 0.4696466] 2.5354204 1.1581365 0.9645147 1.3215784
[4110, 0.44899547, 1.0301799, 4.9368, 0.5277184] 2.6067748 1.0203159 0.90894866 1.1466256
[4111, 0.55897665, 0.9878322, 3.3965156, 0.7081139] 2.7856703 1.2031484 1.0584162 1.0758781
[4112, 0.46503946, 1.0382392, 3.747731, 0.768012] 2.7090242 1.0330238 1.043449 1.2840648
[4113, 0.4469493, 1.0343236, 4.6733828, 0.5284645] 2.6142867 1.0190386 1.1306245 1.206073
[4114, 0.5750858, 0.9883121, 2.8450282, 0.5016211] 3.2441175 0.95494324 0.92513674 0.7229983
[4115, 0.5147593, 0.997686, 3.3404167, 0.6316348] 2.6578207 1.1399378 1.0684665 1.2687683
[4116, 0.43182394, 1.0546855, 3.7154222, 0.5948235] 2.6311424 1.2359922 1.0132828 1.1684316
[4117, 0.555028, 1.0096086, 3.5689514, 0.7948714] 2.9445226 1.1148204 0.8669374 1.0099298
[4118, 0.5530295, 0.9156344, 5.3592634, 0.4974429] 2.4408784 1.0565733 0.97971666 1.0984697
[4119, 0.3708699, 1.070508, 4.9109144, 0.45813358] 2.6538525 1.2258347 0.8881683 0.96715647
[4120, 0.39517215, 1.0468413, 5.312537, 0.56721556] 2.621409 1.090208 0.9234997 1.0064375
[4121, 0.551796, 0.9054337, 5.208982, 0.4513313] 2.275339 1.1424668 1.026003 1.2142518
[4122, 0.45331594, 1.0133406, 3.7641754, 0.48868528] 2.8252957 1.0412678 0.93751067 1.0588583
[4123, 0.45088926, 1.0081688, 4.5967255, 0.64780325] 2.766015 1.0289079 0.9456183 1.0523947
[4124, 0.5536714, 0.9929919, 3.6274998, 0.76514465] 2.6896532 1.1326953 1.0545529 1.2650353
[4125, 0.5431651, 0.9777826, 4.8126135, 0.45567587] 2.4302409 1.0990008 1.0622233 1.3250537
[4126, 0.52192444, 1.0040265, 4.063945, 0.5710071] 2.7411268 1.1849663 0.98590755 1.0721016
[4127, 0.64944947, 0.72217536, 5.105059, 0.25496218] 2.4573808 0.9034484 0.76208836 1.135985
[4128, 0.5179995, 1.0202397, 2.7888167, 0.8977203] 2.8662653 1.1357961 1.0322319 1.1310965
[4129, 0.52512527, 0.8995312, 5.15733, 0.48289192] 2.364627 1.0008675 0.9826742 1.203258
[4130, 0.6231657, 0.94472337, 2.9554775, 0.8906581] 2.8084106 1.1815438 0.82030606 1.3621452
[4131, 0.50241476, 1.0145552, 3.6872315, 0.8164145] 2.828216 1.0813645 0.9845631 1.0924101
[4132, 0.3803412, 1.0757227, 5.031851, 0.45080054] 2.419841 1.219779 1.0351382 1.281217
[4133, 0.4109204, 1.061074, 4.968921, 0.92525905] 2.7278705 0.98427457 0.9745107 0.98137987
[4134, 0.4379579, 1.0145707, 5.8053527, 0.6359944] 2.4813187 1.1274403 0.9602273 1.1653048
[4135, 0.44439554, 1.0285786, 4.7728853, 0.60506177] 2.6076396 1.1216677 0.89886826 1.2563064
[4136, 0.48590836, 1.1043197, 2.8333614, 0.79606664] 2.8657274 1.2092996 1.0191756 1.2381995
[4137, 0.60739374, 0.94815683, 2.980525, 0.60876817] 2.8605835 1.1832474 1.0040357 1.1161652
[4138, 0.4087729, 1.0538633, 5.005947, 0.5960101] 2.5312703 1.1135945 1.0387083 1.3383394
[4139, 0.5221803, 1.0172082, 3.125481, 0.55774945] 3.10552 1.0663568 0.78750217 0.9399283
[4140, 0.4518784, 1.0185035, 4.6201925, 0.40451875] 2.5448678 1.1252943 1.0042527 1.2558184
[4141, 0.43057433, 1.0251198, 5.8627305, 0.7092707] 2.5587142 0.97504234 1.041917 1.1423495
[4142, 0.49869633, 1.0208753, 3.5848808, 0.78202486] 2.7953322 1.1725851 1.0162458 1.0405183
[4143, 0.42037743, 1.0442649, 4.610423, 0.59413147] 2.6353002 1.1880122 0.9143462 1.1155273
[4144, 0.4522489, 1.0067239, 5.543904, 0.35042873] 2.5108318 1.0544769 0.8143444 1.2469258
[4145, 0.45089152, 1.0711682, 3.563589, 0.6881702] 2.8663545 0.979465 0.9278456 1.1814191
[4146, 0.46566334, 0.9978561, 5.1547775, 0.46134937] 2.416634 1.2225617 0.9251638 1.1106545
[4147, 0.33866936, 1.0882796, 4.627212, 0.64974254] 2.6566875 1.0465466 0.95964384 1.2254593
[4148, 0.5759085, 1.0130519, 2.724203, 0.807123] 3.0436008 1.038088 0.8787652 1.1953592
[4149, 0.46568155, 1.0182238, 4.11303, 0.56216115] 2.8123736 0.98621786 0.80386806 1.2328429
[4150, 0.41739368, 1.064408, 5.3084793, 0.8097688] 2.4597943 1.2513734 1.0468498 1.1956924
[4151, 0.4697312, 1.0052752, 3.9117746, 0.56723523] 2.818031 1.0838572 0.8648629 1.0506572
[4152, 0.4984436, 1.0419657, 3.4913032, 0.712326] 2.897095 1.1188923 0.925844 1.0249
[4153, 0.62388873, 0.982668, 2.7127314, 0.71419966] 2.995225 1.2581277 0.7923452 1.1886532
[4154, 0.6024964, 0.9046729, 5.1538005, 0.4593736] 2.1718087 1.1215417 1.0104908 1.5549728
[4155, 0.44656396, 1.0333393, 3.588213, 0.6047589] 2.9244304 1.0564625 0.8369515 1.0270445
[4156, 0.38618547, 1.0823067, 4.6885858, 0.6860272] 2.746738 1.0293972 0.9165027 1.1328864
[4157, 0.341883, 1.0893553, 5.8131404, 0.56856596] 2.647851 1.0494128 0.89006656 1.0426383
[4158, 0.51871586, 1.0123035, 3.49252, 0.63527626] 2.8518817 1.0653025 0.92083657 1.2208143
[4159, 0.3949619, 1.0679535, 4.3824863, 0.6014598] 2.599863 1.0919784 1.08628 1.1693413
[4160, 0.47278643, 1.0134476, 4.038571, 0.6077924] 2.8330693 1.1424328 0.90028083 0.99225074
[4161, 0.51794285, 0.9590963, 5.5972953, 0.7150223] 2.307157 1.0262913 1.0562384 1.3717773
[4162, 0.40622315, 1.0502211, 5.078919, 0.6626285] 2.677466 1.1066177 0.96174145 1.0809643
[4163, 0.44608828, 1.0440326, 3.7235456, 0.5731981] 2.6963584 1.0923398 1.0838972 1.2300302
[4164, 0.4017342, 1.046927, 5.96128, 0.5141919] 2.4783049 0.9778754 1.1353846 1.2493219
[4165, 0.48010144, 0.99051166, 5.300072, 0.51377964] 2.505272 1.1194247 0.96355844 0.9672219
[4166, 0.49285346, 0.9996825, 5.1570854, 0.64135796] 2.4342651 1.2627739 0.99872077 1.0222268
[4167, 0.44157243, 1.0188907, 4.572818, 0.7972386] 2.751458 1.000222 0.9943824 1.0300554
[4168, 0.40484977, 1.0715779, 5.2511477, 0.585406] 2.5512595 1.0429381 0.9049792 1.1786761
[4169, 0.39924574, 1.052018, 4.1097517, 0.6232911] 2.780412 1.1284043 0.928057 1.0428355
[4170, 0.38188452, 1.0615338, 4.8109374, 0.478541] 2.69437 1.0910082 1.053897 1.0016774
[4171, 0.58307606, 0.80742615, 5.7475586, 0.34736422] 2.3069973 1.0565274 1.003588 1.0740668
[4172, 0.50528574, 0.99286896, 4.585739, 0.44379798] 2.5757346 1.0502423 1.0298185 1.2958388
[4173, 0.5626686, 0.881433, 5.2216535, 0.48057237] 2.2485862 1.2095954 1.0046647 1.2216283
[4174, 0.43983832, 1.0339656, 3.5618432, 0.68902856] 2.820685 1.0856456 0.9077571 1.1139463
[4175, 0.4817406, 0.98221564, 3.6276598, 0.5791577] 2.836415 1.1165999 0.77417946 1.1117326
[4176, 0.5971783, 0.95071536, 3.0591722, 0.70581156] 2.8953254 0.9866122 1.09796 1.1747851
[4177, 0.38764066, 1.0519352, 5.257315, 0.53928494] 2.6429386 1.0438946 1.0863395 1.0224977
[4178, 0.51245606, 0.9946124, 3.4794621, 0.60001355] 2.9362915 1.0551871 0.9231893 0.9431803
[4179, 0.4313909, 1.0284276, 5.6728153, 0.45622018] 2.5303006 0.9922634 0.8692452 1.1859343
[4180, 0.4463934, 1.0482119, 4.9752192, 0.7507423] 2.5172982 1.1576766 1.0711424 1.2134304
[4181, 0.552616, 0.8559136, 5.7989683, 0.39467078] 2.310332 1.008076 0.99291474 1.1855538
[4182, 0.5664229, 0.9021669, 4.627195, 0.5927964] 2.5088928 1.0896544 0.9002613 0.9942872
[4183, 0.35350642, 1.1046666, 5.7091613, 0.6098122] 2.6113212 1.0564387 0.92791975 1.1899754
[4184, 0.58150476, 0.97301483, 3.368256, 0.5981477] 2.7347493 1.1370091 0.9313779 1.3117977
[4185, 0.399268, 1.0548236, 5.7659283, 0.54391557] 2.617691 1.1460844 0.9262416 1.1408135
[4186, 0.37381285, 1.0657848, 5.4851627, 0.61222905] 2.6701698 1.1682637 0.87539333 1.0579869
[4187, 0.3822728, 1.070855, 4.1778865, 0.5326674] 2.7289066 1.1117833 0.875365 1.1710029
[4188, 0.43559203, 1.05762, 3.2202845, 0.91852415] 2.7161267 1.0869888 1.0820132 1.2439886
[4189, 0.39141163, 1.0753706, 5.281964, 0.5403223] 2.657021 1.0017397 0.9285539 1.0878116
[4190, 0.43938965, 1.0532228, 3.5774639, 0.72617733] 2.8927333 0.925345 0.8895971 1.1834772
[4191, 0.48138407, 1.0233381, 3.6831868, 0.6406597] 2.890751 1.0466356 0.9773525 1.024819
[4192, 0.4407348, 1.0249825, 5.874379, 0.6052932] 2.3940873 1.1018403 1.0192996 1.1744678
[4193, 0.4367254, 1.0301762, 4.8286567, 0.37482417] 2.6736794 0.94079703 0.81919456 1.2636231
[4194, 0.44731215, 1.0154669, 4.5910068, 0.54109156] 2.7566462 0.97143394 1.1049955 0.9235363
[4195, 0.46874154, 0.98576295, 5.066589, 0.40058303] 2.4623458 1.0980189 0.9150637 1.1911063
[4196, 0.41061413, 1.0312512, 5.248942, 0.5983882] 2.5496366 1.0369998 0.8548348 1.170466
[4197, 0.46681222, 1.0226388, 5.1590896, 0.58571774] 2.5949383 1.0992103 0.8767043 1.2204854
[4198, 0.48214173, 0.99398375, 4.151842, 0.4896508] 2.7025905 1.2008014 0.9106938 1.1008816
[4199, 0.40182298, 1.0696491, 5.076152, 0.48594806] 2.5616865 1.0301855 0.8901137 1.3160613
[4200, 0.48732668, 1.054156, 3.1059465, 0.80119157] 2.7851336 1.2592471 0.95654184 1.1546438
[4201, 0.59389496, 1.1044387, 2.0651298, 0.68277055] 3.3305402 1.0918549 0.9777975 1.0253733
[4202, 0.4066326, 1.0548532, 5.1436667, 0.3856546] 2.4422014 1.0688641 1.0227522 1.2352935
[4203, 0.41071966, 1.0558926, 3.494769, 0.5641151] 2.7963648 1.1288714 0.99136686 1.0573611
[4204, 0.37598965, 1.0770581, 4.854875, 0.5335115] 2.506076 1.222854 0.88675874 1.2251233
[4205, 0.51269263, 0.9543857, 5.6039577, 0.490647] 2.5294862 1.1620926 0.95630574 0.9234998
[4206, 0.46943837, 1.0111177, 4.0347767, 0.49910113] 2.6771467 1.1130958 0.8523943 1.3119234
[4207, 0.45661753, 1.0085522, 4.7191286, 0.42910525] 2.6631334 1.0110974 1.062962 1.0525924
[4208, 0.40032664, 1.0631303, 4.8878536, 0.72099304] 2.6914294 1.1639206 0.9896174 0.97827023
[4209, 0.5681992, 0.99364835, 2.9042637, 0.747675] 2.948173 1.0300045 1.0011597 1.1268597
[4210, 0.61049336, 0.8431111, 4.7654934, 0.4828645] 2.4405067 0.9691424 0.93688476 1.1860329
[4211, 0.40943807, 1.0337436, 5.222613, 0.4939215] 2.7388532 1.0232224 1.0117435 0.9688406
[4212, 0.47953892, 1.0319499, 3.593636, 0.6598736] 2.9047732 1.0435122 0.8405417 1.1411164
[4213, 0.44628856, 1.0893718, 3.2851434, 0.64234537] 2.991101 1.1043152 0.91533 1.0331334
[4214, 0.5251437, 0.9613013, 4.8733587, 0.48795712] 2.4613066 1.1048058 0.8847944 1.2242957
[4215, 0.4279107, 1.0359204, 4.265993, 0.55124724] 2.7773678 1.027074 0.87593806 1.1191756
[4216, 0.55527467, 0.93414956, 4.5246105, 0.49964127] 2.3400183 1.281186 1.0204878 1.0687463
[4217, 0.4204045, 1.0223163, 5.454587, 0.42701927] 2.6234102 1.0020639 1.0646199 1.1082048
[4218, 0.4207643, 1.0373671, 4.5150213, 0.48924878] 2.5941765 1.1153963 0.99652106 1.1609578
[4219, 0.43200338, 1.0172287, 4.642643, 0.36978063] 2.5295827 1.2767863 0.8163211 1.241706
[4220, 0.50654185, 0.99434936, 4.0614285, 0.43498337] 2.6545985 1.0227494 0.85304964 1.3046143
[4221, 0.5081532, 1.0123001, 3.4323647, 0.6419463] 2.7251818 1.2398945 0.7960939 1.2899095
[4222, 0.43031797, 1.0384594, 4.896043, 0.53206474] 2.5724595 1.1678599 0.9064722 1.0857732
[4223, 0.4955074, 0.9833978, 5.369607, 0.530521] 2.4175735 1.0139364 1.0582304 1.1977363
[4224, 0.566745, 0.9762134, 2.9630685, 0.74848765] 2.906493 1.0982367 0.97006875 1.1555598
[4225, 0.53667325, 1.0385412, 3.1985683, 0.7548716] 2.7690964 1.0646248 0.99295425 1.3761853
[4226, 0.44748014, 1.0182345, 4.711853, 0.599748] 2.7748508 0.9801491 0.87628615 1.1543305
[4227, 0.51685035, 0.9818354, 5.0409317, 0.43011373] 2.424897 1.0379684 0.86325216 1.4437623
[4228, 0.42197353, 1.0528903, 5.20538, 0.5878185] 2.4951823 1.1718838 0.97180694 1.1770847
[4229, 0.6259756, 0.8109339, 5.339381, 0.4226688] 2.2555249 1.1215643 0.92994505 1.2882292
[4230, 0.5571703, 0.9067696, 5.4830375, 0.6269865] 2.225739 1.1264777 1.063807 1.2961203
[4231, 0.34023756, 1.1219723, 4.513181, 0.6300571] 2.655511 1.2035763 1.0095313 1.058791
[4232, 0.47430995, 1.0070269, 5.0771503, 0.5412806] 2.4707282 1.0432192 1.0792123 1.3635551
[4233, 0.46037456, 1.0247506, 4.455818, 0.50699884] 2.582209 1.1989259 0.8895692 1.2248969
[4234, 0.48561215, 1.011885, 3.2377553, 0.7712952] 2.8152595 1.1033244 1.0128446 1.1580993
[4235, 0.4835911, 1.013991, 4.0448017, 0.6971983] 2.6626384 1.0814588 1.0720484 1.2486279
[4236, 0.38620386, 1.0552205, 4.2210875, 0.5674067] 2.6374507 1.178744 0.98896664 1.147595
[4237, 0.51989496, 0.78563607, 6.263176, 0.46994367] 2.308792 1.0174181 0.9323614 1.0442823
[4238, 0.6184592, 0.9609517, 2.635739, 0.75469357] 3.004761 1.0927851 1.0973871 1.0416338
[4239, 0.48789707, 0.9867989, 5.0295005, 0.4136366] 2.477097 1.1220655 0.7988203 1.2648674
[4240, 0.39414656, 1.0567464, 4.9160633, 0.42548883] 2.764182 1.0503119 0.8565692 1.001923
[4241, 0.46374834, 1.0488136, 3.8951004, 0.5804258] 2.7286685 1.2500291 0.86031365 1.1715833
[4242, 0.4739937, 1.0081743, 4.935103, 0.45069936] 2.4698396 1.0945275 1.0923277 1.1805954
[4243, 0.42547438, 1.03118, 5.3897386, 0.56467915] 2.6216385 0.97485167 0.9355768 1.1192117
[4244, 0.57323545, 0.8507824, 5.1330833, 0.4307425] 2.3604958 1.0347608 0.90050346 1.2188656
[4245, 0.47924876, 0.98602813, 4.9539227, 0.47052082] 2.508287 1.1572582 0.95331734 1.2987154
[4246, 0.5737855, 0.9649849, 3.047979, 0.9729266] 2.9340808 1.009912 1.0010725 1.1211735
[4247, 0.4513383, 1.0298704, 4.8881593, 0.6127506] 2.6275716 1.0242989 0.9993434 1.1478976
[4248, 0.5612087, 0.90794665, 5.036867, 0.6159907] 2.1915514 1.248528 1.04994 1.3155832
[4249, 0.4546709, 0.99549526, 5.3694005, 0.57813865] 2.4408827 1.1184338 1.0232418 0.9942952
[4250, 0.4108203, 1.0466322, 4.7527156, 0.5039741] 2.6626005 1.1426055 0.98785883 1.1237471
[4251, 0.46084416, 1.0386139, 3.8428938, 0.7557503] 2.7511716 1.152251 1.0117661 1.1353847
[4252, 0.39876118, 1.0565697, 5.6813655, 0.4184227] 2.478222 1.1031352 0.9605419 1.2090781
[4253, 0.419194, 1.0516424, 4.1408234, 0.61590654] 2.7332067 1.0416744 0.9887229 1.1718382
[4254, 0.41713068, 1.030497, 4.601151, 0.4214473] 2.7024791 1.122421 0.94759244 1.0405177
[4255, 0.49118713, 0.9894879, 5.2681637, 0.50875527] 2.4384916 0.90944993 1.046312 1.3555629
[4256, 0.3968861, 1.057192, 5.2957134, 0.6969976] 2.6308093 1.1397278 0.93837214 1.0958451
[4257, 0.6053449, 1.0028944, 2.4981039, 0.7789164] 3.17503 1.0760627 0.9755478 1.0579834
[4258, 0.4713273, 1.027673, 5.143509, 0.43991902] 2.5058444 1.0357422 1.0034767 1.3736008
[4259, 0.45633623, 1.0185261, 4.41042, 0.46337005] 2.6159482 1.2170261 0.9691104 1.0347302
[4260, 0.52557135, 0.9918568, 3.9441552, 0.63645124] 2.6565764 1.1365749 0.9523701 1.2255288
[4261, 0.3142729, 1.0958138, 5.730202, 0.6715656] 2.4736457 1.1460259 1.0618023 1.0864629
[4262, 0.66631526, 0.7325385, 4.4797955, 0.35577953] 2.0718822 1.2034405 1.0784043 1.3340875
[4263, 0.4297703, 1.0392308, 5.07613, 0.5209861] 2.6631625 1.1029116 1.0177088 0.93904346
[4264, 0.4313879, 0.9915403, 5.288915, 0.4457474] 2.504507 1.0204891 0.9378352 1.0811685
[4265, 0.397339, 1.0582107, 5.1932435, 0.5819835] 2.6790495 0.9667838 0.9762316 1.1308492
[4266, 0.40631667, 1.0533627, 4.78889, 0.4677178] 2.8011203 0.9558596 0.77276146 1.0495971
[4267, 0.45788345, 1.0147043, 5.949798, 0.7679887] 2.3585465 1.0058633 1.0783701 1.4003412
[4268, 0.48655602, 1.051045, 3.6015892, 0.77408296] 2.76599 1.2275167 0.9143023 1.2007273
[4269, 0.51912665, 0.95683885, 6.101179, 0.5613646] 2.3175807 1.1242316 1.0798348 1.2212895
[4270, 0.542939, 0.96826416, 4.267459, 0.5130671] 2.6474867 1.1121123 1.0488819 1.1693943
[4271, 0.39150864, 1.067336, 5.3649206, 0.6690229] 2.5933518 1.0735141 0.8885361 1.1779737
[4272, 0.42660385, 1.0024451, 4.792576, 0.4296505] 2.5431345 1.0579982 0.88186806 1.2528621
[4273, 0.3817345, 1.0543776, 4.996983, 0.53439903] 2.6835392 1.112065 0.9378183 0.9824275
[4274, 0.5372126, 0.8934862, 6.1412253, 0.42144498] 2.3704896 1.14781 0.9553895 0.959294
[4275, 0.53752446, 1.0000772, 3.6344936, 0.5728622] 2.7310603 1.264152 0.98105323 1.1439117
[4276, 0.4014476, 1.0618078, 5.1408534, 0.517352] 2.581654 1.038014 0.9094983 1.2477618
[4277, 0.460368, 1.0119663, 5.1891847, 0.534674] 2.405615 1.18806 1.0402126 1.3307929
[4278, 0.41582587, 1.0515051, 4.774391, 0.65980226] 2.549732 1.0174044 0.9409902 1.3341526
[4279, 0.54937863, 0.99058163, 3.1477187, 0.7243515] 2.9778929 0.88123673 0.97407305 1.181226
[4280, 0.6122796, 0.8563737, 4.334546, 0.36105272] 2.2433853 1.2988852 0.9326222 1.259959
[4281, 0.46532303, 1.0273318, 3.9644737, 0.85793096] 2.7308497 1.1911982 0.96757597 1.1089
[4282, 0.5878336, 0.7350955, 5.9796085, 0.41309962] 2.1860719 1.1699156 0.82481253 1.1923413
[4283, 0.49904844, 1.0215333, 3.1598017, 0.6121422] 2.9348922 1.1016327 1.0515776 0.9123235
[4284, 0.50222814, 1.0224962, 3.217245, 0.6059657] 3.0058014 1.069536 0.92604965 0.9153656
[4285, 0.42958727, 1.0359616, 5.0745997, 0.47195873] 2.7373352 1.1028717 0.844839 1.0220997
[4286, 0.39466053, 1.0509846, 4.3216143, 0.54395175] 2.8208008 1.0350792 1.0290018 0.9551935
[4287, 0.57985365, 0.91122526, 5.26024, 0.44365895] 2.497004 0.95989877 0.94996774 1.2193984
[4288, 0.40569985, 1.0629463, 4.8559093, 0.5413052] 2.5392857 1.192742 0.9586511 0.9851669
[4289, 0.4816703, 0.9990007, 5.3285365, 0.63221806] 2.538424 1.0646847 0.8961294 1.1043533
[4290, 0.60922885, 0.81656635, 5.365597, 0.38994408] 2.2572784 1.2548239 0.8875803 1.1580846
[4291, 0.570557, 0.9878525, 3.2503343, 0.6817519] 2.8733292 1.4159179 0.9809032 0.9001859
[4292, 0.5887196, 0.9338255, 3.2021422, 0.8141511] 2.8838909 1.0499773 0.9514838 1.1316522
[4293, 0.3748253, 1.0684285, 4.5163336, 0.4249394] 2.6794624 1.081114 0.79047066 1.2104856
[4294, 0.43587726, 1.0192521, 4.994203, 0.49017495] 2.6045055 1.0296586 0.88670796 1.1754305
[4295, 0.4493584, 1.0563734, 3.698443, 0.6882308] 2.9080534 1.0737454 0.95521855 0.9824757
[4296, 0.5284109, 0.8549065, 5.353126, 0.4171425] 2.1310432 0.9794851 1.0988287 1.4092503
[4297, 0.52384067, 0.9985306, 3.2706792, 0.6547955] 2.9450557 1.0566353 0.9671748 1.031853
[4298, 0.36744648, 1.073175, 5.6356306, 0.627034] 2.6011422 1.0528187 0.99772733 1.1490235
[4299, 0.54209095, 0.9378227, 5.181366, 0.46383834] 2.5224872 0.78363264 1.0548806 1.0990136
[4300, 0.5462227, 0.996225, 5.4517217, 0.64280415] 2.2770853 0.9506467 1.149318 1.6360875
[4301, 0.43401447, 1.0494425, 5.743912, 0.5719469] 2.4884412 0.9336486 1.0074028 1.3336611
[4302, 0.32055244, 1.0968117, 5.342641, 0.4675376] 2.5735102 1.1271077 0.8836236 1.1426173
[4303, 0.58233315, 1.0458267, 2.458119, 0.6895679] 3.186331 1.0942882 0.9348021 1.0208551
[4304, 0.5141288, 0.966436, 5.1201134, 0.5276006] 2.3325748 1.2444125 1.0418911 1.072066
[4305, 0.40784693, 1.0626935, 5.7402663, 0.5057687] 2.522693 1.0622205 0.9902311 1.0472543
[4306, 0.56319827, 0.81568915, 5.4587092, 0.45831686] 2.2312388 1.0814095 1.0243928 1.1835557
[4307, 0.43409058, 1.049131, 4.5486803, 0.5332352] 2.759725 1.0979029 1.0458134 0.97785753
[4308, 0.4451609, 1.0535417, 3.6587005, 0.720559] 2.8293457 1.11019 1.0123452 0.9763213
[4309, 0.49044636, 1.0089356, 5.036192, 0.5118588] 2.4876974 1.1410927 1.0663157 1.210293
[4310, 0.40493044, 1.0473686, 4.382791, 0.6337819] 2.6474612 1.0496014 1.0790105 1.1115321
[4311, 0.4669742, 1.0025887, 5.295635, 0.49667975] 2.489101 1.0393702 0.97797644 1.2074672
[4312, 0.39689732, 1.0685292, 4.8379226, 0.48944014] 2.6576161 1.2000371 1.0379181 0.98702395
[4313, 0.39661682, 1.0579294, 4.953387, 0.47988495] 2.6652322 1.0733527 0.9419685 1.1527908
[4314, 0.40146297, 1.0378709, 5.46535, 0.5447527] 2.5951746 1.1269789 0.9870296 1.1031461
[4315, 0.51733595, 0.9916242, 4.277249, 0.52931625] 2.5520616 1.1343169 1.1312299 1.2754917
[4316, 0.44375226, 1.0409766, 5.1224084, 0.4839113] 2.5213118 1.2884955 0.8692577 1.2727123
[4317, 0.56541055, 0.95830756, 3.1736548, 0.774738] 2.757124 1.2097013 1.0953889 1.1768686
[4318, 0.45956397, 1.0377296, 6.195573, 0.6868816] 2.4514518 1.1783574 0.9115528 1.28549
[4319, 0.5617659, 1.0097086, 3.348162, 0.6160749] 2.9130454 1.1388458 1.0175606 1.0180049
[4320, 0.49518743, 0.99424666, 5.5296144, 0.44260266] 2.637975 1.1084939 0.8303493 1.0080906
[4321, 0.5435802, 0.9885688, 3.0307372, 0.8168865] 2.895422 1.0370625 0.9620103 1.1372001
[4322, 0.5118833, 0.9066449, 5.282587, 0.35209328] 2.4018543 1.0581882 0.90412474 1.1424446
[4323, 0.42726547, 1.0333303, 6.135103, 0.51995534] 2.4682403 1.0190804 1.0245786 1.2603986
[4324, 0.5091955, 0.93328434, 4.769471, 0.6177892] 2.365736 1.0907686 0.9035401 1.2357458
[4325, 0.3991271, 1.0470263, 4.046118, 0.4175593] 2.860479 0.9805039 0.84611154 1.0364646
[4326, 0.4695605, 1.0061165, 4.6241717, 0.35895807] 2.6419098 1.0507717 0.84290993 1.2325181
[4327, 0.56056887, 0.88523257, 5.1233106, 0.41200742] 2.3356166 1.0277822 0.9608719 1.2417071
[4328, 0.56955355, 0.89828825, 4.6730895, 0.40581697] 2.4114678 1.2560828 0.7517453 1.1750929
[4329, 0.525694, 1.0151693, 3.0068455, 0.69307274] 2.8375971 1.1504858 1.0226283 1.0772551
[4330, 0.53885347, 0.98034817, 3.2370255, 0.5414385] 2.7906282 1.2019536 1.0834312 1.0067073
[4331, 0.47325262, 1.0284039, 3.4855077, 0.7113773] 2.9431818 0.9085903 0.89388555 1.1624227
[4332, 0.4126882, 1.0439205, 4.21685, 0.80277985] 2.8123941 1.0333974 0.97380924 1.0427802
[4333, 0.4396194, 1.031473, 5.264183, 0.51605713] 2.590587 1.1557103 1.0463663 1.1669925
[4334, 0.42103928, 1.0568873, 4.214511, 0.7505367] 2.7013435 1.1044406 1.0899218 1.1112505
[4335, 0.4419288, 1.0176483, 5.721305, 0.46546146] 2.5439618 1.002844 0.95029336 1.1088767
[4336, 0.3775818, 1.0626087, 5.9332795, 0.5892721] 2.6122012 1.11677 0.9494084 0.91024345
[4337, 0.5703085, 1.018767, 2.6103609, 0.5995885] 3.1408882 1.1443138 1.0366807 0.87286496
[4338, 0.39974475, 1.0469292, 5.052665, 0.53371286] 2.6018 1.0046214 0.939942 1.3024182
[4339, 0.5864938, 1.0235543, 2.8003538, 0.79566544] 3.2423131 0.94311315 0.8993583 1.0317134
[4340, 0.47288534, 0.9852949, 4.509796, 0.31748742] 2.4239874 1.1975249 0.93478817 1.1218597
[4341, 0.4183441, 1.0389177, 3.3109245, 0.6099852] 2.741742 1.1347005 0.9812772 1.0985422
[4342, 0.47195834, 0.93664515, 5.2868333, 0.5044335] 2.4454103 1.0502084 0.9803176 0.93282306
[4343, 0.46657446, 1.0180067, 3.830125, 0.82246166] 2.6809688 0.9786785 0.98563373 1.3332945
[4344, 0.5422319, 1.0196654, 2.8678126, 0.8551859] 3.1709516 1.072065 0.9345807 0.75667477
[4345, 0.58850265, 0.9993455, 2.6741471, 0.79835063] 3.17201 1.0173724 0.8313872 1.0472981
[4346, 0.49639735, 0.9828178, 4.9066863, 0.49602613] 2.4735336 1.1328316 0.93260485 1.0997531
[4347, 0.46533766, 1.0310841, 5.2719116, 0.48670706] 2.4013402 1.0703298 1.0636387 1.3049697
[4348, 0.4333853, 1.0176779, 4.935592, 0.4230849] 2.582688 0.99125993 1.0342057 1.2038068
[4349, 0.49498847, 0.994101, 5.465972, 0.6525997] 2.5974867 0.97904474 0.945557 1.1202574
[4350, 0.40216625, 1.0450513, 5.820106, 0.53321326] 2.5667713 1.1787752 0.88095224 1.1420888
[4351, 0.38152197, 1.0659326, 5.825522, 0.38907984] 2.6310744 1.2315133 0.8763975 0.98842853
[4352, 0.56435895, 0.97669846, 3.2220604, 0.6243099] 2.7930942 1.2141602 1.0252748 1.0710136
[4353, 0.39051682, 1.0439488, 4.1657624, 0.5367584] 2.678823 1.209096 0.98122734 1.0531566
[4354, 0.42478168, 1.0317576, 5.5663733, 0.44069865] 2.6456113 0.9168478 0.98120207 1.1835212
[4355, 0.4969231, 0.9854517, 5.032309, 0.44904712] 2.4534762 0.97013706 0.9317572 1.4280436
[4356, 0.5163774, 1.0282184, 3.267773, 0.8624841] 2.983267 1.1178707 0.937768 0.92059606
[4357, 0.54375994, 1.034373, 2.91545, 0.8374026] 2.983757 1.1435877 1.075722 1.0278212
[4358, 0.5470185, 0.87154675, 5.65151, 0.46722335] 2.3803747 1.1035355 0.7917303 1.1093116
[4359, 0.35187784, 1.0691675, 5.2913656, 0.51476413] 2.6754498 1.0421333 0.9716971 0.9062035
[4360, 0.4463988, 1.0356236, 5.2695246, 0.46907297] 2.6217995 1.2115365 0.89522964 0.88941884
[4361, 0.64818543, 0.962401, 2.723459, 0.73203796] 3.003438 1.1120658 1.0938177 1.0674407
[4362, 0.40743998, 1.0534492, 4.1922555, 0.45785204] 2.6249287 1.235967 1.1344134 1.0358744
[4363, 0.44927597, 1.0361875, 3.507566, 0.5423581] 2.805828 1.0331998 0.92483556 1.1960943
[4364, 0.41051155, 1.0396731, 4.302013, 0.36291498] 2.6920862 0.8712792 0.9451009 1.199331
[4365, 0.4855632, 1.0106505, 4.8643374, 0.5577052] 2.5703719 1.0775774 0.965097 1.2950268
[4366, 0.5440261, 0.9236163, 4.446574, 0.43010125] 2.2433176 1.2208656 0.90759885 1.3606771
[4367, 0.43146262, 1.042475, 5.074765, 0.51771307] 2.6167967 1.0973217 0.91664445 1.2187383
[4368, 0.41787767, 1.0756342, 5.317728, 0.54139245] 2.5818374 0.9645367 0.9671501 1.2838312
[4369, 0.4590937, 1.018957, 5.12309, 0.4995952] 2.5637014 1.2367238 0.99735445 1.0423329
[4370, 0.42838848, 0.9565162, 5.9855037, 0.5339245] 2.3696675 1.0931612 0.9556133 1.0192827
[4371, 0.3885087, 1.0611839, 5.8671994, 0.5962732] 2.4611135 1.1472121 1.0431529 1.1916219
[4372, 0.51941085, 0.9845519, 3.24425, 0.756695] 2.696505 1.2416157 1.0344363 1.1471369
[4373, 0.45337233, 1.006041, 4.7488565, 0.5100225] 2.3366406 1.1137087 0.95610374 1.3372706
[4374, 0.42568174, 1.0194814, 4.9049635, 0.49271384] 2.5469964 1.1881036 0.9095071 0.9761735
[4375, 0.502669, 0.9510764, 5.427641, 0.5217452] 2.4811065 0.99336016 0.8740195 1.1960484
[4376, 0.44162393, 1.0446805, 3.5829616, 0.7162581] 2.6534066 1.094231 1.0895164 1.2669444
[4377, 0.43267334, 1.0407156, 4.6980724, 0.5780601] 2.713874 1.1851351 0.97505933 1.0215456
[4378, 0.58351064, 0.9988634, 3.0961165, 0.6871165] 2.9683926 1.0827527 1.0346199 1.0654527
[4379, 0.41234484, 1.0413059, 5.333761, 0.5156853] 2.6813505 1.0028919 0.9367819 1.1455029
[4380, 0.4060241, 1.0696888, 5.9643283, 0.61623573] 2.330487 1.2499526 1.0764681 1.3261557
[4381, 0.42069027, 1.0317442, 5.194156, 0.38236853] 2.5282235 1.1198555 0.95762676 1.0178981
[4382, 0.41474816, 1.0345004, 5.8235483, 0.55988324] 2.5116053 1.1126055 0.92952967 1.2223876
[4383, 0.53567016, 0.9214845, 4.965976, 0.4889159] 2.4680686 0.91380364 0.97289884 1.1043996
[4384, 0.47732106, 1.0086924, 4.0074587, 0.7101024] 2.8759758 1.0969415 0.9011305 0.9735934
[4385, 0.4756884, 1.0013928, 4.016014, 0.51932126] 2.7651749 1.1074106 0.9327369 1.0748538
[4386, 0.4550417, 0.82504517, 6.0398593, 0.47021016] 2.132679 1.0891525 0.8806344 1.3122079
[4387, 0.33994845, 1.0795411, 5.5706964, 0.5359445] 2.6207871 1.036612 0.91857857 1.1619604
[4388, 0.5437458, 0.99225855, 3.266959, 0.7125632] 3.0462694 1.0087405 1.0447767 0.84846866
[4389, 0.55390155, 0.76747036, 5.837134, 0.6005138] 2.239462 1.1300943 1.0115376 0.92605877
[4390, 0.4834899, 1.0034748, 3.390741, 0.67062503] 2.9979305 1.0043883 1.0045366 0.80675495
[4391, 0.54976845, 0.8324411, 6.5446196, 0.38947704] 2.2705178 0.96759593 1.0391393 1.1798263
[4392, 0.46550938, 0.8956818, 6.0082135, 0.5176432] 2.24211 1.0968965 0.9075017 1.2158358
[4393, 0.39161643, 1.0552549, 5.758594, 0.563766] 2.5779393 0.9938304 1.0075651 1.1689854
[4394, 0.47795278, 1.025965, 3.07806, 0.83390194] 2.9094536 0.9950424 1.0673721 1.0273242
[4395, 0.5315086, 0.98732895, 3.4108176, 0.69061786] 2.7204378 1.0236478 1.0794231 1.2558763
[4396, 0.4217913, 1.0743761, 4.4507217, 0.6659946] 2.6121182 1.0799142 1.0177712 1.2854832
[4397, 0.59021115, 0.9000258, 4.848515, 0.50039995] 2.3922722 1.2203426 0.7340389 1.2348869
[4398, 0.45609686, 1.0372152, 3.5435693, 0.7501622] 2.83405 1.0077692 1.0899086 1.1189401
[4399, 0.45264435, 1.0170168, 5.220661, 0.46340325] 2.549773 1.0346832 0.79691774 1.2211871
[4400, 0.5317109, 1.0206816, 3.100395, 0.79314095] 3.0252624 1.1417398 0.958643 0.93681306
[4401, 0.45810634, 0.9964774, 5.453671, 0.5473698] 2.5197642 0.9670806 0.9247307 1.2058306
[4402, 0.5350458, 0.9556471, 4.513705, 0.5052583] 2.5927022 1.0849879 0.9029373 1.377224
[4403, 0.59231406, 0.88071567, 5.5990167, 0.48655066] 2.261467 1.0931522 1.0215764 1.2832326
[4404, 0.5350472, 0.99946415, 3.7632442, 0.6311798] 2.7159038 1.055851 0.93322855 1.3380187
[4405, 0.4958192, 0.9775076, 5.0874095, 0.54785645] 2.4483306 0.94622797 1.0823004 1.2227039
[4406, 0.48376375, 0.99110746, 4.6519294, 0.4863546] 2.6060507 1.0862895 0.85924786 1.331802
[4407, 0.47232968, 1.0134944, 5.1670833, 0.5473475] 2.4766922 0.9507582 0.92491394 1.3443954
[4408, 0.42558274, 1.0514058, 5.6378956, 0.67357045] 2.4357522 1.1191608 0.9765544 1.2710649
[4409, 0.6219577, 0.79864717, 5.414639, 0.4163843] 2.212947 1.1648285 0.80419284 1.380698
[4410, 0.45156592, 1.0074656, 4.063657, 0.597116] 2.846379 0.9557237 0.8413208 1.1657817
[4411, 0.4564913, 1.0466485, 5.6769586, 0.5604996] 2.3946898 1.1156169 1.0217196 1.4099364
[4412, 0.37881356, 1.0625492, 5.7221575, 0.64328176] 2.4266696 1.1181432 1.1406318 1.103253
[4413, 0.32950345, 1.095322, 4.9254932, 0.47741678] 2.635797 1.0489378 0.89701664 1.0868046
[4414, 0.40806028, 1.0734802, 5.2907925, 0.5302155] 2.4816601 1.2450172 1.059478 1.2199421
[4415, 0.44303682, 1.0085526, 5.1910944, 0.49519467] 2.5379002 1.0682713 0.9233972 1.0671337
[4416, 0.48654824, 0.9759471, 5.238209, 0.47373757] 2.4736648 1.0088378 1.019689 1.2172449
[4417, 0.4829182, 1.0284439, 5.1954727, 0.5324166] 2.617245 1.1774166 1.0362643 1.1027893
[4418, 0.41942465, 1.0456989, 4.070692, 0.64667636] 2.958781 0.97718173 0.9314295 0.9144052
[4419, 0.53012747, 0.86081636, 6.292872, 0.44958758] 2.204661 1.0926595 0.9603999 1.3271508
[4420, 0.5331863, 0.96572727, 4.3960104, 0.50650805] 2.532075 1.2612064 0.9604759 1.2569911
[4421, 0.4563054, 1.0018368, 4.448242, 0.55894226] 2.5964706 0.99336535 0.846528 1.0635068
[4422, 0.3760126, 1.0384316, 4.5797496, 0.6048901] 2.82332 1.0866541 0.8922558 0.9846544
[4423, 0.4343467, 1.0335656, 5.466727, 0.50154644] 2.5447707 0.94672656 0.9726358 1.291391
[4424, 0.4713216, 1.0088933, 4.548249, 0.5377737] 2.692495 1.0476369 0.8902554 1.2165544
[4425, 0.3936105, 1.0395631, 4.5871053, 0.6176924] 2.6367733 1.0305345 1.0081567 1.2248207
[4426, 0.567414, 0.95981723, 3.5209274, 0.6123667] 2.8611503 1.0825415 0.9019457 1.0990795
[4427, 0.4853335, 0.9988819, 5.4870596, 0.52145636] 2.499829 1.2348574 1.0036697 1.1288868
[4428, 0.45723483, 1.0023403, 5.3134665, 0.5950158] 2.5180843 1.0542738 1.0162151 1.0443319
[4429, 0.49183545, 0.9882793, 5.269217, 0.53956455] 2.322942 1.1334968 0.99543965 1.3078451
[4430, 0.41859514, 1.042718, 5.024049, 0.5202924] 2.6917076 1.1155722 0.88816845 1.0881722
[4431, 0.3494508, 1.0723315, 4.905074, 0.48289803] 2.8014379 0.9800742 0.8598649 1.0628718
[4432, 0.40609288, 1.0383301, 4.690034, 0.43547466] 2.572884 0.9658238 1.032152 1.2236229
[4433, 0.47607478, 1.0223783, 3.8723154, 0.56010413] 2.742944 1.0551373 0.9464098 1.2218235
[4434, 0.382561, 1.0646441, 5.365498, 0.5334618] 2.438671 1.0832262 0.9588219 1.2606783
[4435, 0.5343689, 1.0673238, 2.6926098, 0.74724555] 3.1207023 1.1152959 0.97625166 0.97997594
[4436, 0.57765263, 0.8900799, 5.6489334, 0.44378084] 2.3397007 1.0232306 1.0392548 1.2659428
[4437, 0.528053, 0.9126338, 4.615855, 0.36149573] 2.4104476 1.0437845 0.8377418 1.2868487
[4438, 0.50207096, 1.0010955, 3.9914074, 0.6796844] 2.8435028 1.0779473 0.8712436 1.0739626
[4439, 0.46759945, 1.0147369, 3.608524, 0.61690843] 2.7758489 1.0347277 0.97556067 1.1696092
[4440, 0.55672723, 0.9080808, 4.50683, 0.41048643] 2.4092374 1.0666182 0.97271943 1.1315787
[4441, 0.50571287, 0.95211, 5.583785, 0.5270301] 2.26879 1.136539 1.0807582 1.2746463
[4442, 0.55522025, 0.8951736, 5.783073, 0.41101003] 2.352412 1.0806565 1.001092 1.1242082
[4443, 0.39626515, 1.0818505, 5.2404833, 0.5955948] 2.579212 1.0672342 0.983092 1.2012115
[4444, 0.48847574, 1.0056909, 3.6103919, 0.5802503] 2.7963986 1.1884644 0.95212597 1.0854621
[4445, 0.51421887, 0.90440917, 5.095057, 0.38850546] 2.2695482 1.0245563 0.99083966 1.2718248
[4446, 0.3835921, 1.0537786, 5.456718, 0.525134] 2.5880954 1.0628731 1.0264779 0.9980831
[4447, 0.4067082, 1.043118, 4.544626, 0.6178716] 2.8306103 1.0559969 0.8801129 0.9413817
[4448, 0.45993736, 1.0207967, 5.121483, 0.5401082] 2.5868802 1.1397482 0.9593426 1.2185197
[4449, 0.4435167, 1.0105424, 4.7564483, 0.4614988] 2.724222 0.9243761 1.0045378 1.1095133
[4450, 0.49124175, 1.0327792, 3.3698733, 0.79532796] 2.7345603 1.2753348 1.1144985 1.1236664
[4451, 0.5357163, 0.99862695, 3.2028747, 0.7321413] 2.8726625 1.224644 0.98785186 0.92792225
[4452, 0.5196459, 0.90873915, 5.7490516, 0.68078405] 2.3757586 1.0247613 1.0064306 1.0579162
[4453, 0.5142394, 0.93484503, 5.140919, 0.47571945] 2.2665124 1.1599128 1.062576 1.1541382
[4454, 0.38691062, 1.0697213, 5.532922, 0.53176564] 2.5230024 1.0602775 1.0828915 1.1050804
[4455, 0.46837047, 1.0098617, 4.143879, 0.42196748] 2.6353648 1.1549793 1.0958894 1.1269574
[4456, 0.40120456, 1.068453, 5.974705, 0.7724534] 2.6592724 0.9641964 0.97711295 0.96443164
[4457, 0.5669846, 0.8720264, 5.09468, 0.46346778] 2.290036 1.1091851 0.91599244 1.2676883
[4458, 0.5269559, 0.9111972, 5.670229, 0.51387] 2.2876809 0.99708146 1.0669992 1.2689005
[4459, 0.4771446, 1.0146145, 3.9103467, 0.61973125] 2.7602634 1.0481421 1.025886 1.1544468
[4460, 0.39627054, 1.0626034, 5.0340757, 0.48583713] 2.6903336 1.086707 0.7932939 1.0797145
[4461, 0.33309203, 1.1025649, 5.131245, 0.7664442] 2.508365 1.1712179 1.0463551 1.1925383
[4462, 0.41722408, 1.0360026, 4.91064, 0.46805888] 2.441953 1.156797 1.0384762 1.3429469
[4463, 0.5049889, 1.0164052, 3.0985086, 0.6197536] 2.8256593 1.215079 1.1374766 1.0127139
[4464, 0.59634876, 0.972777, 2.8127203, 0.52720726] 2.7468948 1.218163 1.0335184 1.3074795
[4465, 0.43652195, 1.0174962, 5.2393103, 0.40325552] 2.509069 1.0540439 0.7945752 1.1644748
[4466, 0.6128509, 0.95581615, 2.8220127, 0.7108326] 2.9625788 1.1833184 0.9126944 1.1451154
[4467, 0.3751874, 1.0743911, 5.1138644, 0.7558063] 2.739221 1.1079903 0.90416485 0.9839438
[4468, 0.5906764, 0.8705322, 5.21875, 0.45565084] 2.2129972 1.1485178 1.0238031 1.3139057
[4469, 0.44178188, 1.0376141, 4.2550535, 0.4544329] 2.5702095 1.0604405 0.9873749 1.3329425
[4470, 0.5174142, 0.980782, 4.8089914, 0.53350514] 2.4879851 1.1874683 1.0502694 1.1587397
[4471, 0.45082435, 1.0308133, 4.411135, 0.52433807] 2.6546543 1.2583122 1.0264448 1.0637989
[4472, 0.5244379, 0.9948437, 3.531914, 0.6324463] 2.596438 1.0576725 0.9669857 1.4681026
[4473, 0.40661588, 1.0630243, 5.41807, 0.59650624] 2.4560027 0.99653935 0.95746183 1.3827376
[4474, 0.4857109, 0.97105396, 3.8237934, 0.511405] 2.605718 1.3184764 0.8903844 1.2183694
[4475, 0.36776137, 1.0539675, 4.8137054, 0.48104125] 2.5732913 1.0909965 1.0233605 1.172593
[4476, 0.50094956, 0.96227324, 6.0184417, 0.6969122] 2.376152 1.2181089 0.94353604 1.1231505
[4477, 0.38816446, 1.0904217, 5.4367433, 0.48418358] 2.6024406 1.0958507 1.002666 1.012626
[4478, 0.48262075, 1.019286, 3.8841774, 0.69832456] 2.8434825 1.017882 0.93507206 1.0758909
[4479, 0.5457588, 1.0505792, 2.4441657, 0.7564384] 3.082507 1.1795675 0.92864144 1.1288314
[4480, 0.40808353, 1.0612341, 5.760626, 0.44203413] 2.6810932 1.0008107 0.9077962 1.0234189
[4481, 0.4478178, 1.012059, 5.011805, 0.5302615] 2.6754625 1.2035303 0.86952466 1.0231211
[4482, 0.39206967, 1.0587127, 4.8676353, 0.6278394] 2.5553 1.092007 0.9983675 1.1785495
[4483, 0.3726357, 1.0714692, 5.6101894, 0.51804197] 2.5640233 1.1922106 0.8086696 1.1454877
[4484, 0.44145355, 1.039596, 5.5326786, 0.52013683] 2.4007082 1.042616 0.97487634 1.3253491
[4485, 0.44722483, 1.034536, 5.074832, 0.5102663] 2.8130424 1.2451721 0.9512358 0.7496834
[4486, 0.4536477, 1.0080568, 4.8184814, 0.46071926] 2.7732005 1.0095633 0.9161635 1.0462228
[4487, 0.43487883, 1.024457, 4.74472, 0.5425963] 2.6069236 1.199876 0.7617978 1.2315372
[4488, 0.37131202, 0.83439785, 5.871391, 0.6451743] 2.0342193 1.0941098 0.9494374 1.3191153
[4489, 0.43279493, 1.0642875, 3.8106036, 0.6333214] 2.8608553 1.0428132 0.934306 1.0812223
[4490, 0.57963264, 1.0160701, 2.6932845, 0.7866836] 3.1042142 1.1733305 0.9151403 0.95254123
[4491, 0.5720376, 0.9850045, 3.0861967, 0.7090276] 2.7841642 1.2497627 0.9117908 1.2054535
[4492, 0.576935, 0.8216563, 6.1172814, 0.39163065] 2.2515738 1.169764 0.9562198 1.1163943
[4493, 0.5485086, 0.9930782, 3.0347185, 0.6827859] 2.9668667 1.1728725 0.8708989 1.0703355
[4494, 0.39934927, 1.0563247, 4.123787, 0.6115167] 2.8107395 1.0414445 1.0542773 0.94847244
[4495, 0.44921163, 1.0691829, 3.2078176, 0.708154] 2.7608778 1.2087904 1.0065638 1.1702456
[4496, 0.42875493, 1.0274223, 4.872461, 0.43832284] 2.596127 1.0733914 0.9492206 1.2331558
[4497, 0.46658644, 1.0329983, 3.912171, 0.53103083] 2.953219 1.0137857 0.8818183 0.8897607
[4498, 0.4406885, 1.0263795, 5.508865, 0.4977823] 2.5292647 1.1245463 0.908083 1.1201152
[4499, 0.44891778, 1.0405974, 4.575784, 0.535337] 2.5201912 1.2327775 0.98640335 1.3186535
[4500, 0.3705908, 1.0544345, 5.3490305, 0.49130034] 2.589458 1.0015657 1.0433462 1.1578044
[4501, 0.64172924, 0.9993195, 2.4996986, 0.8544201] 3.022104 1.164473 1.1361865 1.1175699
[4502, 0.45651215, 1.0287282, 4.8881664, 0.4666167] 2.5132458 1.2457006 0.9095403 1.1898416
[4503, 0.41529915, 1.0300374, 4.31516, 0.7077587] 2.7077603 0.99491864 1.0390601 1.1673721
[4504, 0.34419855, 1.1143304, 3.6766474, 0.79853654] 2.8829207 1.0996046 0.9215846 1.0257425
[4505, 0.4676376, 1.0120173, 4.844618, 0.66837627] 2.7947967 1.0409073 0.92359066 1.0027955
[4506, 0.5965726, 0.9162667, 5.2263002, 0.44108808] 2.2920098 1.2794608 0.91335124 1.3333186
[4507, 0.5251367, 1.0426416, 2.9798524, 0.65183526] 2.7614233 1.2334044 1.0813838 1.2119634
[4508, 0.57242954, 0.9547746, 3.1650078, 0.5289108] 2.7175083 1.305864 0.90444547 1.2317499
[4509, 0.439213, 1.0263295, 5.3846974, 0.50685877] 2.4838016 1.0890832 0.9205641 1.1984742
[4510, 0.41135657, 1.0629095, 4.8935103, 0.5109319] 2.5970578 1.0158025 0.9620588 1.2492707
[4511, 0.38388193, 1.0899879, 4.1123724, 0.4865193] 2.616832 1.2258183 0.9210757 1.2482852
[4512, 0.38951707, 1.0512987, 4.5457306, 0.49201274] 2.6512854 0.9373446 0.89969426 1.3031498
[4513, 0.44163522, 1.0382811, 4.508819, 0.5667577] 2.5627887 1.1606809 1.0262713 1.1173688
[4514, 0.6194958, 0.8110209, 5.5821233, 0.4525811] 2.3978727 1.0465932 0.9162917 1.063871
[4515, 0.37810066, 1.0713164, 4.7046227, 0.48147136] 2.573877 1.0724133 1.0239828 1.2650471
[4516, 0.4470764, 1.0571511, 3.8061664, 0.7329934] 2.882135 1.1022555 0.9369646 0.9322356
[4517, 0.4332571, 1.025593, 5.0281425, 0.53883356] 2.7739005 1.0937401 0.8731788 1.020081
[4518, 0.4384507, 1.0384007, 4.5916643, 0.43335834] 2.6627877 0.9435838 1.0234692 1.1900748
[4519, 0.59387076, 0.9616687, 3.687902, 0.7335778] 2.8322663 1.1720623 0.88334817 1.2132533
[4520, 0.34869677, 1.0868615, 5.3042407, 0.544926] 2.6435444 0.91423047 1.0214057 1.1512858
[4521, 0.5813687, 0.9283024, 3.345425, 0.61073166] 2.7605004 1.219912 0.89116204 1.190465
[4522, 0.481051, 1.0205773, 3.8957322, 0.5545539] 2.809751 0.9280161 0.98847973 1.2280452
[4523, 0.5509984, 0.9717355, 3.0062609, 0.60314447] 2.8167624 1.1482091 0.8717982 1.2148805
[4524, 0.48039433, 0.99052113, 5.815055, 0.5111713] 2.4829977 1.1079271 0.9326617 1.06681
[4525, 0.41177863, 1.040037, 4.943696, 0.5052797] 2.4841435 1.1745471 0.9601902 1.2691523
[4526, 0.5824442, 0.8986757, 5.1650524, 0.39866388] 2.4038432 1.113881 0.9186967 1.0918545
[4527, 0.57268053, 0.99669075, 2.925205, 0.76084584] 2.897594 1.1312243 0.9857786 1.2224325
[4528, 0.38432243, 1.0564394, 5.933622, 0.59414864] 2.4612968 1.1212136 1.0381888 1.1872491
[4529, 0.45968655, 0.77504843, 6.1545825, 0.44626644] 2.0033314 1.0835191 1.1117696 1.3476807
[4530, 0.36784968, 1.0674205, 5.4462028, 0.42446816] 2.5027716 1.0833724 0.9815569 1.2206578
[4531, 0.46117377, 1.0122615, 4.8739195, 0.59604776] 2.6257408 1.1731466 0.8553379 1.139107
[4532, 0.45345435, 1.0350673, 4.1362014, 0.49256033] 2.5645714 1.121915 0.9217173 1.3818696
[4533, 0.32167536, 1.0889969, 5.662406, 0.68292004] 2.5782359 1.1090511 0.97382814 1.0107212
[4534, 0.40726957, 1.059713, 5.6039066, 0.66436416] 2.488291 0.99905115 1.0554215 1.1670238
[4535, 0.44665435, 1.007383, 4.507664, 0.33939922] 2.4800339 1.1952335 0.99449134 1.1571783
[4536, 0.36766744, 1.0846397, 4.2698817, 0.51454276] 2.5861208 1.1381239 1.0230983 1.1328343
[4537, 0.5209882, 0.99476177, 3.6361566, 0.5495874] 2.6653697 1.130769 0.92324835 1.3555607
[4538, 0.41873327, 1.0520911, 5.7399583, 0.4836046] 2.4318347 1.2891369 0.95862985 1.09074
[4539, 0.37767252, 1.0678009, 4.793929, 0.52028567] 2.719663 1.0776811 0.85810727 1.0951599
[4540, 0.5066234, 1.0293396, 4.3260593, 0.5493007] 2.4577465 1.2303951 0.96245843 1.4942514
[4541, 0.45221967, 1.0258734, 5.5451293, 0.6070799] 2.514891 0.97147447 1.0165849 1.2672131
[4542, 0.53086686, 1.0119346, 3.2145371, 0.7916021] 2.8482735 1.1639451 0.91448134 1.1374108
[4543, 0.55739796, 0.9437948, 5.702539, 0.73356915] 2.2115073 1.1795402 0.9698235 1.4983702
[4544, 0.36828414, 1.0623815, 4.6029835, 0.52074695] 2.7375271 1.1500168 0.8948661 1.0150816
[4545, 0.51846325, 0.99472624, 3.6182787, 0.71103305] 2.707894 1.1789972 0.9767149 1.2168247
[4546, 0.47197545, 1.0330681, 5.666621, 0.60404825] 2.4708526 1.1215363 0.97551423 1.1713727
[4547, 0.33915475, 1.0865026, 5.203851, 0.50280714] 2.5323718 1.2260987 1.036361 1.0477431
[4548, 0.45817542, 1.0234002, 4.94108, 0.46126914] 2.4455023 1.1684072 1.0714096 1.2867035
[4549, 0.3460437, 1.0984925, 5.426276, 0.64235675] 2.464714 1.191274 0.94139284 1.158584
[4550, 0.4512974, 1.0349975, 3.5702572, 0.6241084] 2.8690703 1.0465567 0.90115124 1.105782
[4551, 0.54938143, 0.95857024, 4.230543, 0.48059982] 2.5725331 1.1235399 0.924485 1.3679656
[4552, 0.579037, 0.86910313, 5.512936, 0.5189102] 2.3098829 0.9754157 1.0243273 1.2284265
[4553, 0.5773514, 0.80125594, 5.5686593, 0.36313772] 2.1870718 1.1906047 1.0149128 1.1598853
[4554, 0.541217, 0.88872904, 5.4590282, 0.41802695] 2.2204764 1.0320395 1.0244569 1.3597978
[4555, 0.5434509, 0.9907187, 3.704174, 0.5994714] 2.7930422 1.1845073 0.95794976 1.1485301
[4556, 0.56437284, 0.9821965, 2.8594036, 0.6943906] 2.923369 1.0117275 1.0638149 1.0776892
[4557, 0.47170347, 0.98402596, 5.6757874, 0.49791056] 2.6127272 1.0112839 0.8862602 1.011395
[4558, 0.5709537, 0.7947464, 5.477955, 0.30912578] 2.3177018 0.99841726 0.92432415 1.1823075
[4559, 0.37534666, 1.0635108, 5.454668, 0.7318214] 2.5729992 1.0944663 1.0237132 1.0784737
[4560, 0.59614694, 0.90680337, 5.1044483, 0.5008429] 2.3104274 1.1133355 1.0400826 1.2447366
[4561, 0.54151016, 0.7852739, 5.87218, 0.36573264] 2.273853 0.9368893 0.8337279 1.333011
[4562, 0.4411113, 1.0333712, 5.2995534, 0.49769276] 2.5625305 1.1283644 0.8410831 1.1300914
[4563, 0.520094, 0.95822626, 5.021226, 0.45819876] 2.6926696 1.0429342 0.7957107 0.9008106
[4564, 0.57022566, 0.79093874, 5.4334025, 0.45678604] 2.14954 1.1876034 0.94102764 1.2889934
[4565, 0.46385685, 1.0077075, 4.1463656, 0.6360163] 2.6533751 1.0114937 1.045922 1.2076362
[4566, 0.41990826, 1.0305214, 4.249016, 0.4470101] 2.888005 1.1095538 0.76518303 0.96159536
[4567, 0.6020157, 0.969246, 3.1306105, 0.7214577] 2.917191 1.279741 0.8909292 1.0881573
[4568, 0.39123297, 1.0660799, 5.1624956, 0.4793472] 2.5056171 1.1243757 0.98268676 1.1974889
[4569, 0.40468544, 1.0695959, 5.2613106, 0.4612582] 2.480643 1.1581405 0.8576122 1.3106179
[4570, 0.5540193, 0.9679585, 3.7595873, 0.55634516] 2.494134 1.2391503 1.0712204 1.3130037
[4571, 0.35392883, 1.0599293, 6.251057, 0.56069505] 2.5267403 1.0233719 0.95048577 1.1370994
[4572, 0.39513764, 1.0436282, 4.900967, 0.62100846] 2.7309527 0.9823124 1.0034347 1.1376635
[4573, 0.43642995, 1.0365095, 4.918634, 0.60071784] 2.6183896 1.0527171 0.9651787 1.1656252
[4574, 0.52563107, 0.92863256, 5.1437216, 0.6438804] 2.3361783 1.0690821 1.1515801 1.0785584
[4575, 0.51113164, 0.98993623, 4.6858387, 0.42303145] 2.4887235 1.1645212 1.0716337 1.212191
[4576, 0.47615027, 1.0073595, 3.7106407, 0.6651782] 2.798236 1.0047196 1.0615957 1.1004999
[4577, 0.41219047, 1.0427465, 5.229101, 0.458214] 2.639344 1.0171764 0.9635415 1.2046353
[4578, 0.3763592, 1.0653809, 4.947457, 0.67781866] 2.6155822 1.0236032 0.98806775 1.0697764
[4579, 0.59808385, 0.9511398, 3.0890985, 0.5570607] 3.0927615 0.9775843 0.80566436 1.078323
[4580, 0.5499164, 0.98979264, 4.1462855, 0.7041898] 2.5369146 1.2664665 1.0195264 1.3932436
[4581, 0.5110184, 0.99129725, 5.05919, 0.7050962] 2.5402892 0.9700319 0.93714684 1.3797064
[4582, 0.40094957, 1.0916233, 5.2329473, 0.5493901] 2.4324183 1.2214906 1.0354108 1.1902546
[4583, 0.59268504, 0.8632041, 5.7708173, 0.43570393] 2.2207947 1.1066891 1.0138502 1.3125998
[4584, 0.41842857, 1.0735323, 5.1893134, 0.44215125] 2.4776077 1.2564131 0.8757155 1.2757214
[4585, 0.43425995, 1.0234339, 4.750701, 0.4956183] 2.5940819 1.2024207 0.96354705 1.1526101
[4586, 0.5880289, 0.90902716, 5.4277797, 0.51654214] 2.2964776 1.0839283 1.1146907 1.2462316
[4587, 0.5441509, 0.9919599, 3.1861033, 0.6712408] 3.0043669 1.0412098 0.943456 1.0383908
[4588, 0.45601708, 1.0212845, 5.826687, 0.5198433] 2.5779073 1.1171743 1.009991 0.9760701
[4589, 0.5385581, 0.96437806, 3.786892, 0.9047942] 2.778309 1.1891024 0.9534619 1.0545938
[4590, 0.5378061, 0.7515661, 7.146549, 0.66197497] 2.115859 1.1096162 0.9254759 1.1989436
[4591, 0.40636134, 1.0508848, 5.3493605, 0.45055637] 2.5622144 1.0700351 1.0265708 1.1855472
[4592, 0.40909117, 1.057997, 5.726248, 0.52432126] 2.4509373 1.0716352 1.0487661 1.313857
[4593, 0.32104167, 1.080919, 5.440617, 0.6225811] 2.4516346 1.1709787 0.9834439 1.1403025
[4594, 0.46313328, 1.0101774, 4.3126264, 0.5809277] 2.6247325 1.0716527 1.0468833 1.2075404
[4595, 0.39119014, 1.06986, 5.293566, 0.6168829] 2.5447636 0.9560051 1.0215914 1.190723
[4596, 0.47844735, 1.0292394, 3.8100753, 0.69665754] 2.9006524 1.0441885 0.9554539 1.0506337
[4597, 0.54410124, 0.9801967, 3.3847268, 0.70582694] 2.9613748 1.0272962 0.91335535 1.046354
[4598, 0.590739, 1.0626622, 2.3232002, 0.8836564] 3.170018 1.1975261 0.9693526 1.0451198
[4599, 0.5372159, 0.89357114, 4.476318, 0.42204717] 2.3842804 1.0575686 0.82010067 1.2043554
[4600, 0.45034018, 0.9991754, 5.072612, 0.5285887] 2.6180956 1.0971209 0.8722256 0.87857723
[4601, 0.3696008, 1.0890676, 5.014682, 0.5243138] 2.6362224 1.249915 0.8367622 0.9511862
[4602, 0.41450122, 0.78598875, 5.7737236, 0.7643645] 2.1018558 1.1316757 0.86956006 1.1521358
[4603, 0.37640384, 1.0657278, 5.383961, 0.58448756] 2.5712419 0.88199866 0.94216156 1.255492
[4604, 0.587032, 0.97235477, 2.6479795, 0.67683107] 2.946494 1.034853 1.1126375 1.0932983
[4605, 0.4449602, 1.0359539, 3.8714476, 0.5918007] 2.823194 1.2479125 0.89356035 0.9348112
[4606, 0.5323101, 0.768393, 5.850875, 0.6458548] 2.0752296 1.0478303 1.0067673 1.3011955
[4607, 0.47271916, 1.0236483, 4.7179804, 0.43653968] 2.5274432 1.1393142 0.9714183 1.3097168
[4608, 0.47407603, 0.9903107, 5.698567, 0.4964305] 2.4007304 1.2463635 0.9710812 1.1079087
[4609, 0.3568124, 1.0666887, 5.0166483, 0.5196936] 2.6323428 0.99401903 0.95099354 1.1599715
[4610, 0.45000848, 1.0375702, 3.9130435, 0.8044201] 2.6495888 1.2111925 1.029881 1.2519587
[4611, 0.4666793, 1.0073766, 4.8900414, 0.588045] 2.6791663 1.0322146 0.9584884 1.1319869
[4612, 0.5069975, 0.9593581, 5.253684, 0.5448891] 2.3284936 0.995178 1.1064712 1.3062031
[4613, 0.4581384, 1.022568, 4.328822, 0.5720426] 2.703809 0.9922565 0.95749474 1.2498254
[4614, 0.40115792, 1.0176696, 4.643062, 0.5429002] 2.6798773 1.0050702 1.0236173 1.1260426
[4615, 0.4965962, 1.0422878, 3.271994, 0.6039495] 2.7811582 1.1935954 1.0933999 1.0813937
[4616, 0.47520894, 1.0180529, 3.5467706, 0.47342333] 2.6129925 1.2884588 0.9876934 1.192536
[4617, 0.580944, 0.85739696, 5.6185617, 0.38985223] 2.390358 1.0872324 0.92486864 1.0569154
[4618, 0.46946576, 1.0476576, 3.529564, 0.57550275] 2.8858864 0.9316866 1.0285505 1.101752
[4619, 0.5534697, 0.90224403, 5.000889, 0.4697387] 2.3422532 1.1097524 1.0085496 1.1388147
[4620, 0.45824456, 1.0171986, 4.064207, 0.51352364] 2.8763356 1.0031375 0.9494795 1.000715
[4621, 0.41840318, 1.0255461, 4.379522, 0.40059397] 2.7413237 1.1063968 0.7775858 1.157746
[4622, 0.5289201, 0.9800775, 3.7289908, 0.6952282] 2.74053 1.1775155 0.95550394 1.155272
[4623, 0.50425935, 0.99325013, 5.355226, 0.5549747] 2.3551693 1.1754459 0.8542129 1.3723346
[4624, 0.4931292, 1.0267371, 5.594774, 0.44988388] 2.3291693 1.1235857 1.0092075 1.443502
[4625, 0.4707011, 1.0416876, 3.7278702, 0.651251] 2.8697953 1.1449466 1.0121566 0.8967021
[4626, 0.40963644, 1.0473845, 4.7648377, 0.619978] 2.6555421 1.108866 1.0356857 1.0841376
[4627, 0.517128, 1.0264615, 3.2718103, 0.81282884] 2.7686284 1.2096735 0.97576386 1.1706036
[4628, 0.62848204, 0.67277473, 6.162632, 0.76194227] 1.9337558 1.1313373 1.0623187 1.3221585
[4629, 0.6906359, 0.6534678, 4.9501934, 0.59466636] 1.9875851 1.054118 1.0738622 1.3789997
[4630, 0.44507214, 1.0476879, 3.404254, 0.64123917] 2.8359816 0.91937506 1.0994436 1.1124419
[4631, 0.54045653, 0.9263116, 5.394066, 0.5924103] 2.4385118 1.0822415 0.9626966 1.1004164
[4632, 0.3869218, 1.0499063, 5.219518, 0.53383386] 2.482426 1.1194905 0.9512099 1.203398
[4633, 0.42646387, 1.0446506, 5.044977, 0.5237837] 2.7054715 1.034911 0.9852953 1.0046155
[4634, 0.52714884, 0.9219346, 5.407964, 0.52525574] 2.3236334 1.1915568 0.9403482 1.1387206
[4635, 0.6005478, 0.77553797, 5.839046, 0.4215731] 2.1523967 1.1234531 1.0187124 1.3482704
[4636, 0.47543842, 1.0054108, 3.8866303, 0.6765965] 2.7510645 1.1750029 1.005476 1.0326353
[4637, 0.46132785, 1.0193758, 3.765379, 0.5383686] 2.7229862 1.201406 0.77186024 1.1627656
[4638, 0.4903725, 1.0502932, 3.685208, 0.72016066] 2.8226092 1.1664085 0.9792967 1.1356193
[4639, 0.5527102, 1.153744, 2.1142066, 0.9192842] 3.2811768 1.075629 1.1132287 0.9774003
[4640, 0.5160259, 0.93774617, 4.9097524, 0.34397936] 2.3439763 1.1078216 1.0726868 1.1305557
[4641, 0.459496, 1.009707, 4.4836154, 0.56095165] 2.759224 1.1702374 1.0477183 0.86302143
[4642, 0.46226758, 1.0193244, 3.9778278, 0.47626516] 2.766089 1.1752107 0.9004869 1.1296121
[4643, 0.57793283, 0.88950855, 4.94765, 0.41026083] 2.327537 1.0753307 0.9179651 1.3296664
[4644, 0.39237562, 1.070248, 4.5984488, 0.5433945] 2.6422017 1.1279184 1.0374768 1.0763624
[4645, 0.6210189, 0.6980339, 6.3293667, 0.53497463] 1.8970218 1.1637605 1.1164674 1.3604892
[4646, 0.39420456, 1.063527, 5.950497, 0.64875007] 2.5719934 0.94478345 0.92386675 1.1118903
[4647, 0.42460743, 1.0448682, 4.7130933, 0.5028543] 2.7668138 1.0494703 1.0066965 0.9754909
[4648, 0.4116069, 1.0673463, 3.9026487, 0.65690637] 2.7142491 1.2499588 0.9350782 1.1374978
[4649, 0.52002835, 0.97293985, 3.6937594, 0.74692214] 2.8998914 1.1385027 0.94606847 0.87377924
[4650, 0.5444532, 0.8552169, 5.8117743, 0.39140382] 2.2854736 1.0272022 0.9153896 1.2438246
[4651, 0.4669462, 1.0220993, 5.8594713, 0.454694] 2.5283084 1.1650594 0.8613543 1.0158288
[4652, 0.40842575, 1.0493618, 5.6379495, 0.48462033] 2.6155956 1.0500804 0.9378374 1.0979372
[4653, 0.5809331, 0.9924624, 2.8688633, 0.76603097] 2.9820857 0.9942132 1.1103982 1.0100307
[4654, 0.41416568, 1.0572557, 4.739339, 0.48843902] 2.569401 1.1221728 0.9863998 1.0084696
[4655, 0.35418028, 1.086803, 5.7910213, 0.6057138] 2.7297664 1.0767713 0.945512 0.9002945
[4656, 0.36605856, 1.0706481, 4.6736236, 0.5430109] 2.6681662 1.0234967 0.95670205 1.1236798
[4657, 0.39940566, 1.0565423, 6.0033464, 0.5468043] 2.5343525 1.1214235 0.9034611 1.1823262
[4658, 0.40712553, 1.0694598, 5.144971, 0.47085214] 2.491691 1.2138772 0.9165537 1.2000877
[4659, 0.52250934, 0.9384604, 5.0900297, 0.57819724] 2.4626215 1.1905252 0.8354743 1.0956477
[4660, 0.4478147, 0.93972313, 6.0582, 0.51419556] 2.1143682 1.0824159 1.0190881 1.3988899
[4661, 0.37866443, 1.0711393, 5.0069556, 0.46402955] 2.5408578 1.2040712 1.004853 1.1675538
[4662, 0.5849262, 0.7490784, 5.406074, 0.42416966] 2.3744574 0.9400336 0.8821168 1.1354171
[4663, 0.5438585, 0.9166301, 4.780255, 0.5444446] 2.3226218 1.0765256 1.0274833 1.254674
[4664, 0.4813202, 0.9971423, 3.885106, 0.5970843] 2.638423 1.1854578 1.0644622 1.096378
[4665, 0.31070682, 1.1285791, 5.091684, 0.5341912] 2.6683073 1.1096412 0.8620879 1.124331
[4666, 0.39099005, 1.0424409, 5.2097626, 0.4384971] 2.489 1.1210939 0.9438845 1.1109774
[4667, 0.48529458, 0.9986804, 4.0662303, 0.48733756] 2.706858 1.242773 0.956572 1.0184567
[4668, 0.39814338, 1.055131, 5.444702, 0.5440497] 2.5265026 1.2666533 0.92358905 1.0792931
[4669, 0.4514216, 1.0383239, 5.1078234, 0.49246085] 2.5437987 1.1792493 1.0498333 1.1586547
[4670, 0.54831743, 0.91507393, 6.1525116, 0.5026718] 2.4483604 0.84789634 0.8928143 1.3341177
[4671, 0.49600533, 0.999655, 4.5612283, 0.64631605] 2.7526085 1.1248381 0.9960636 0.9809352
[4672, 0.43068764, 1.0269282, 4.5501323, 0.36035797] 2.7319088 1.0515386 0.8918732 1.0096979
[4673, 0.5490333, 1.0099792, 3.3079019, 0.76496685] 2.7779388 1.0506785 1.0140868 1.2828997
[4674, 0.5390191, 0.9636658, 3.9467733, 0.7349267] 2.6823654 1.1385721 1.0010104 1.1941693
[4675, 0.54652214, 0.92124367, 5.7255363, 0.6920615] 2.4114394 1.0263458 1.0040867 1.2051443
[4676, 0.45980212, 0.6783728, 6.2415814, 0.91878515] 1.6494735 1.1031913 1.2436452 1.3983204
[4677, 0.3741061, 1.0906134, 5.5990677, 0.4855677] 2.7655132 0.9226091 0.8266847 1.0414891
[4678, 0.44064748, 0.99212986, 4.439169, 0.6209357] 2.777387 0.9890403 0.88990045 1.1258367
[4679, 0.4726144, 1.0528538, 3.7227268, 0.79896027] 2.854663 0.9600273 1.0429834 1.1693738
[4680, 0.46594533, 0.97856927, 5.0807424, 0.6047415] 2.4111147 1.086229 0.98788613 1.1466007
[4681, 0.39863595, 1.0535873, 4.964409, 0.562006] 2.6694767 1.012485 0.8848615 1.2167629
[4682, 0.6128216, 0.79786843, 6.757956, 0.6271222] 2.0800335 1.2529919 1.0229865 1.2424233
[4683, 0.3939046, 1.0375445, 4.2104144, 0.33133966] 2.654427 1.1249266 0.92508346 1.2662178
[4684, 0.3075929, 1.1167021, 5.2317677, 0.6960209] 2.6466866 1.0440667 0.97587776 1.0473926
[4685, 0.45992333, 1.0450618, 5.872333, 0.6143795] 2.6589541 1.1965522 1.0195345 0.79826176
[4686, 0.5840229, 0.82540184, 5.706203, 0.42743087] 2.437667 0.87428147 0.96760464 1.0606833
[4687, 0.5336782, 0.9134195, 4.741531, 0.38972306] 2.367771 1.1530293 0.9020859 1.1423062
[4688, 0.3805771, 1.0693245, 4.3573833, 0.42509732] 2.792927 1.1777608 0.7919036 0.96987826
[4689, 0.37485456, 1.0798918, 5.2524576, 0.5605609] 2.6067026 1.114072 0.9361217 1.1454418
[4690, 0.43949616, 1.0590552, 5.6475363, 0.5338932] 2.376594 1.143768 1.0784131 1.3975339
[4691, 0.5159453, 0.991806, 3.8222077, 0.47132507] 2.605697 1.2645912 0.98336816 1.2614807
[4692, 0.48501095, 1.0031962, 3.6647553, 0.64354193] 2.9083478 0.88475215 0.83262444 1.177854
[4693, 0.47277093, 1.0454634, 3.871933, 0.641682] 2.6962924 1.0411147 0.89052254 1.3697135
[4694, 0.42650154, 1.0323248, 5.3307014, 0.50700104] 2.7371209 1.0720724 0.9794959 0.9157469
[4695, 0.49399102, 0.96370345, 5.651492, 0.52673805] 2.2617576 1.1666716 1.0357822 1.3360182
[4696, 0.48566112, 0.9805036, 5.279904, 0.6425475] 2.3998847 1.0347313 0.9371081 1.353806
[4697, 0.5710771, 0.9156303, 5.2862124, 0.48808292] 2.2441015 1.1451077 0.92797744 1.4347851
[4698, 0.39418802, 1.0644572, 4.313412, 0.58607274] 2.6582448 1.1015337 1.0794253 1.1223714
[4699, 0.42070684, 1.0472065, 5.4685125, 0.6830981] 2.4920652 1.1483344 0.86441153 1.1946665
[4700, 0.5710562, 0.86877686, 4.886773, 0.39614865] 2.4029346 1.0867841 0.9045207 1.0879393
[4701, 0.49908718, 1.0580266, 3.3368366, 0.6179864] 2.7826574 1.0746303 1.0559464 1.2741681
[4702, 0.44612923, 1.0269322, 5.47444, 0.38488227] 2.4705439 1.1013515 0.99785274 1.165622
[4703, 0.50662595, 0.996097, 3.838929, 0.53678936] 2.7483094 0.9371231 1.0325648 1.153605
[4704, 0.47792292, 1.0092579, 4.618493, 0.40137112] 2.5911548 1.3246382 0.9739786 1.0214963
[4705, 0.5543074, 0.8087035, 5.511699, 0.32156828] 2.212193 1.0786655 1.0228664 1.151017
[4706, 0.3568564, 1.0822428, 5.282318, 0.7899676] 2.5879304 1.0278519 0.91960174 1.0431443
[4707, 0.53271884, 1.0471076, 3.042549, 0.6488943] 2.9748507 1.0662874 0.9866796 1.0957259
[4708, 0.47085884, 0.904529, 5.9142036, 0.4432917] 2.143712 1.120855 1.0735078 1.2631667
[4709, 0.4186935, 1.0356591, 5.03408, 0.56159925] 2.5914419 1.0859752 0.8659841 1.2371445
[4710, 0.48388174, 0.9580655, 4.726556, 0.50247127] 2.4101648 1.0233583 0.90101606 1.2607715
[4711, 0.4462583, 1.0261494, 4.7627835, 0.49555424] 2.447189 1.0939155 1.1692797 1.3091009
[4712, 0.48477033, 0.9953797, 4.8319707, 0.49213892] 2.7078786 1.0658499 0.89228165 1.0675725
[4713, 0.41132465, 1.0508277, 5.342333, 0.5100623] 2.5080907 1.1557807 0.97233886 1.2871767
[4714, 0.5010234, 0.9771062, 5.420141, 0.5991966] 2.3567243 1.1205252 0.92580646 1.2772413
[4715, 0.43533617, 1.0229512, 4.972509, 0.5519085] 2.7769578 1.0956488 0.9210551 0.9429523
[4716, 0.4646412, 1.0366179, 4.0189614, 0.6286821] 2.782061 1.0682783 0.99902344 1.136247
[4717, 0.48563808, 1.0092105, 4.1223617, 0.58050597] 2.8866136 0.96289545 0.904692 1.0017673
[4718, 0.5105952, 1.0085967, 5.704594, 0.6580852] 2.3865168 1.1311545 1.06627 1.3081754
[4719, 0.52807945, 0.95246863, 5.600454, 0.4327918] 2.5012794 1.1152691 0.8519215 1.140092
[4720, 0.44442084, 1.0341448, 3.8444254, 0.54743636] 2.6729493 1.1307951 1.0864661 1.174073
[4721, 0.47414038, 0.984054, 5.824776, 0.65646034] 2.4839692 0.90579593 1.0378036 1.1381265
[4722, 0.52824366, 0.9254832, 5.129531, 0.44440103] 2.4024293 1.0344987 0.97035354 1.1563512
[4723, 0.48629797, 1.0404204, 3.2201264, 0.6554231] 2.8582907 1.1805434 1.03079 1.0143265
[4724, 0.3166791, 1.1031665, 6.2092004, 0.53186756] 2.5525165 1.0631967 1.0108383 1.0819365
[4725, 0.45850828, 1.0419815, 3.4913466, 0.7540613] 2.860118 1.1369787 0.99175036 0.99399537
[4726, 0.33990613, 1.0711095, 5.977675, 0.62090623] 2.4896517 1.1796768 1.0525033 1.0026728
[4727, 0.39645886, 1.0673304, 4.513841, 0.41589668] 2.8169854 0.97343373 0.9717312 1.0313125
[4728, 0.41811302, 1.0526413, 4.648176, 0.758785] 2.654364 1.1287862 0.9207023 1.2180471
[4729, 0.5139662, 1.0467899, 3.4545813, 0.7682488] 2.751469 1.0629656 1.030439 1.2974917
[4730, 0.48058558, 0.99092317, 4.216565, 0.48445547] 2.7046723 1.2306815 0.934782 1.0362426
[4731, 0.46420923, 1.008714, 4.1176267, 0.63863444] 2.6283383 1.0868194 0.9691126 1.2433451
[4732, 0.40453458, 1.0229633, 5.059752, 0.42070466] 2.450474 1.074007 0.9678817 1.1458611
[4733, 0.49693695, 1.022215, 3.1279936, 0.6786426] 2.8232276 1.1067992 1.0872259 1.0673347
[4734, 0.4686662, 1.0147355, 5.6199913, 0.5354678] 2.5235755 1.0745032 1.063216 1.1676968
[4735, 0.48361042, 0.9855164, 3.6147003, 0.47837317] 2.806546 1.1685513 0.79584295 1.1125194
[4736, 0.5885304, 0.9447134, 2.6635156, 0.9685232] 2.937853 1.1165937 0.93634444 1.087668
[4737, 0.4604274, 1.0214983, 4.6782804, 0.7057863] 2.5382335 1.0590796 0.9627536 1.2788786
[4738, 0.5088862, 1.0115656, 3.8930585, 0.5705327] 2.7290664 1.2092017 0.9829676 1.0760711
[4739, 0.4831104, 0.9904033, 3.8315108, 0.46837386] 2.827829 1.0758843 0.91042495 0.9425396
[4740, 0.47569782, 1.0066193, 4.6276903, 0.51082814] 2.547858 1.0935272 1.0234765 1.3011969
[4741, 0.62296015, 0.99026513, 2.7202547, 0.71410525] 3.0552413 1.2536871 0.9616476 0.889558
[4742, 0.44107357, 1.0082778, 5.508997, 0.5373326] 2.4518151 0.9644596 1.0969914 1.103971
[4743, 0.50420773, 1.0194516, 3.3914883, 0.690074] 2.738747 1.1972806 1.0227562 1.1658492
[4744, 0.41187707, 1.053598, 3.5333412, 0.46443295] 2.91491 1.0449631 0.9024857 0.9751185
[4745, 0.34632897, 1.0259533, 5.8169093, 0.5905068] 2.554747 1.0045137 0.99278176 1.0818057
[4746, 0.47343984, 1.0190845, 3.1829882, 0.69054955] 2.89357 1.1527421 0.8111922 1.1380069
[4747, 0.5019178, 1.0307766, 3.5152955, 0.76770777] 2.8881118 1.1101305 0.92580074 1.0318844
[4748, 0.38194215, 1.0611349, 5.4103975, 0.5709746] 2.6576176 0.9743856 1.0194814 1.0255064
[4749, 0.48576045, 0.9457149, 5.260509, 0.53247225] 2.334073 1.1133966 0.9834666 1.1495805
[4750, 0.43695876, 1.0232743, 5.3783917, 0.54780465] 2.5679655 1.0125332 0.9104073 1.1536139
[4751, 0.5050326, 0.9964257, 3.921768, 0.7272922] 2.6664608 1.1418606 0.9705479 1.2570622
[4752, 0.45530936, 1.0395721, 6.012573, 0.5187248] 2.466501 1.3046694 0.90490603 1.0653265
[4753, 0.3980057, 1.0299188, 5.622748, 0.44336286] 2.5896728 1.0461303 0.8270554 1.2361237
[4754, 0.44808733, 0.9925602, 5.6388135, 0.58799255] 2.4955037 1.0268364 1.0747074 0.9697539
[4755, 0.42449096, 1.0382457, 5.376114, 0.50467944] 2.4294598 1.2040296 0.9043384 1.3191931
[4756, 0.40550494, 1.0761662, 4.638982, 0.51215816] 2.7201848 1.0734447 0.96536607 1.0339344
[4757, 0.40922886, 1.035417, 4.230227, 0.4967675] 2.738984 1.151103 0.9446159 1.0130352
[4758, 0.46539563, 1.0233177, 4.037609, 0.7627605] 2.8498702 1.1261948 0.98266155 0.9624716
[4759, 0.4240077, 1.0568422, 5.121509, 0.3646344] 2.6085947 0.9192547 0.9569101 1.2913477
[4760, 0.51224744, 0.8263847, 6.1533866, 0.38654894] 2.2274806 1.0456885 0.88166887 1.2701179
[4761, 0.59942, 0.86342084, 5.530481, 0.40223315] 2.381791 0.97413105 0.85436726 1.4149675
[4762, 0.47026575, 1.0170338, 4.5417085, 0.53063333] 2.6094573 1.1520162 1.0593104 1.1401709
[4763, 0.4285287, 1.0461875, 4.228468, 0.52845097] 2.7164652 1.1334718 0.94532526 1.1140273
[4764, 0.40889445, 1.0303017, 4.614396, 0.44985515] 2.6409369 1.2491635 0.8835149 1.1152525
[4765, 0.3848269, 1.0738684, 5.5340476, 0.6043229] 2.5629609 1.1475072 0.9759717 1.0989512
[4766, 0.4302532, 1.0539521, 5.456122, 0.5204151] 2.4825315 1.1646655 1.0499431 1.0655097
[4767, 0.4293466, 1.0409296, 5.6243763, 0.6279786] 2.5527472 0.9374086 0.979717 1.2716875
[4768, 0.46396407, 0.9656058, 4.6779633, 0.6379261] 2.3786745 1.1310886 1.0613446 1.0912597
[4769, 0.51163787, 0.981215, 3.7720122, 0.54953814] 2.8807209 1.1542524 0.8687066 0.9086903
[4770, 0.38866603, 1.0479547, 4.3785954, 0.3681367] 2.7446332 1.2955587 0.8451427 0.8860182
[4771, 0.517383, 0.96830875, 4.0574155, 0.41010362] 2.6172354 1.101852 0.9861716 1.3095714
[4772, 0.47797078, 0.9785009, 5.0428143, 0.5160525] 2.569998 1.026455 0.83855945 1.0391704
[4773, 0.60632664, 0.8336276, 5.903843, 0.35218278] 2.1932206 1.2150862 0.9158036 1.2862496
[4774, 0.49459678, 1.0078046, 5.210646, 0.5074549] 2.4136508 1.0419255 0.9856881 1.3320608
[4775, 0.5500489, 0.91145754, 5.1435285, 0.5879985] 2.3534656 1.2268628 0.9889742 1.2059522
[4776, 0.5770332, 1.0095359, 3.0079567, 0.7256411] 2.877382 1.0439456 1.096143 1.1869146
[4777, 0.6162047, 0.8564409, 5.2942777, 0.5791535] 2.109521 1.155568 1.0281893 1.5580682
[4778, 0.38260928, 1.0542289, 4.3076825, 0.5897276] 2.8039846 1.0601252 0.9794702 0.97878325
[4779, 0.37264884, 1.0865014, 5.1022778, 0.53104347] 2.5288584 1.2108504 0.9661711 1.142548
[4780, 0.42023197, 1.0355755, 3.557672, 0.61362314] 2.8120208 1.0780227 0.9779781 1.1000457
[4781, 0.41616598, 1.0165291, 5.358834, 0.44186187] 2.5507455 0.994325 0.83779585 1.210287
[4782, 0.47349355, 1.0005845, 5.1865015, 0.4646718] 2.4250033 1.2351633 0.96969855 1.0293818
[4783, 0.5691044, 0.9447293, 3.3402348, 0.776259] 2.6587603 1.1072794 0.92289466 1.3981724
[4784, 0.48130426, 0.9670927, 5.317717, 0.5116702] 2.3244846 1.0529766 1.0129278 1.2912819
[4785, 0.5683434, 0.83766764, 5.568806, 0.49023464] 2.2391307 1.0595757 1.1387708 1.1591384
[4786, 0.34605867, 1.0801915, 4.8312593, 0.50025696] 2.6616354 1.1080143 0.9602809 1.0691624
[4787, 0.49531817, 0.98286396, 5.0015383, 0.49715185] 2.3587842 1.1166427 0.99928707 1.284164
[4788, 0.60020214, 0.54633963, 5.494074, 0.85506344] 1.8845598 0.9542088 0.9388237 1.2849537
[4789, 0.42011508, 1.055136, 4.579978, 0.5336621] 2.6712584 1.0459642 1.0092938 1.1829803
[4790, 0.45893016, 1.061125, 3.5740678, 0.60142916] 2.9595978 1.0818675 0.9073634 0.9945892
[4791, 0.36490604, 1.0937155, 5.3663154, 0.6291578] 2.5201664 1.0828849 0.9694997 1.1890072
[4792, 0.5915165, 0.8623393, 5.3039894, 0.5120853] 2.3454537 1.0202036 1.006497 1.2023457
[4793, 0.5707769, 1.0123847, 2.7086182, 0.6160358] 3.192342 1.0179198 0.9298575 1.0048584
[4794, 0.49565056, 0.9905799, 5.8140173, 0.65610236] 2.3983712 1.1930765 1.0435691 1.1367062
[4795, 0.48692328, 1.0067731, 5.6627655, 0.454213] 2.587733 1.1107516 0.8389333 1.1027746
[4796, 0.46199533, 1.009441, 5.24431, 0.5218456] 2.4434052 1.0838857 0.9863328 1.2271386
[4797, 0.45603624, 1.0109985, 3.6119359, 0.41938084] 2.5028858 1.2952862 1.032681 1.288861
[4798, 0.6320578, 0.7564664, 5.8737555, 0.39903426] 2.1312017 1.0627176 1.011244 1.3465242
[4799, 0.45070022, 1.014864, 4.513423, 0.5823089] 2.5473266 0.8846184 1.2040147 1.2516696
[4800, 0.42196134, 1.0395797, 4.543384, 0.46690804] 2.526203 1.2567868 0.96747875 1.2398387
[4801, 0.5713863, 0.76244473, 4.8586645, 0.42976782] 2.279318 1.046057 0.995255 1.0735519
[4802, 0.65700185, 0.917639, 2.4261396, 0.61214787] 3.177179 1.0330986 1.0076947 0.88654536
[4803, 0.45587987, 1.0087417, 5.590718, 0.45716426] 2.427439 1.0682595 0.9159026 1.2742953
[4804, 0.5673509, 0.98456734, 3.1337483, 0.5710881] 3.0693638 1.0312977 0.8815777 0.9260201
[4805, 0.5013696, 1.0046792, 3.4884908, 0.856361] 2.7600474 1.1626047 0.9744152 1.1546108
[4806, 0.60722315, 1.002011, 2.7892568, 0.8503243] 3.2275262 1.0908127 0.8249483 0.87816244
[4807, 0.48282003, 1.0320588, 3.1025138, 0.59221494] 2.8624763 1.2415746 0.9262926 1.1216531
[4808, 0.52318543, 0.9848192, 3.8395815, 0.6242035] 2.8816085 1.0583284 0.9422113 0.9667405
[4809, 0.45297024, 1.050914, 5.1928296, 0.5934282] 2.4298482 1.0406398 1.0147513 1.3734103
[4810, 0.38010272, 1.093593, 4.7001386, 0.5888244] 2.4413505 1.0919571 1.0144657 1.3135622
[4811, 0.5402487, 0.9159124, 5.1099725, 0.37778246] 2.4859211 1.14996 0.9553861 0.91856897
[4812, 0.3574065, 1.0916914, 4.76779, 0.5013782] 2.603492 1.0388472 0.936383 1.1627043
[4813, 0.5959414, 0.7228894, 4.472662, 0.35881233] 2.156861 0.98979163 1.0613916 1.202645
[4814, 0.47707033, 0.98131394, 5.1028476, 0.3943151] 2.664011 1.1255598 0.964742 1.1233667
[4815, 0.5015728, 0.9753188, 4.772142, 0.45688975] 2.4412332 1.0864589 0.9473991 1.1450777
[4816, 0.41421902, 1.0400698, 5.4938426, 0.63001746] 2.7483294 0.94801754 0.9107731 0.9765153
[4817, 0.40764737, 1.0245779, 5.6500635, 0.48702574] 2.49525 1.1215825 0.98886204 1.0610241
[4818, 0.52126586, 1.0166136, 3.1609385, 0.6045711] 2.9126034 1.1067264 0.9089321 1.1291758
[4819, 0.47082555, 0.984617, 3.8225887, 0.5709735] 2.8048904 1.0201875 0.8228201 1.2140504
[4820, 0.48067564, 1.0200428, 5.2458916, 0.5080056] 2.5741136 0.98626274 0.80886203 1.1849943
[4821, 0.5088191, 0.99488646, 3.5744808, 0.751779] 2.8087032 1.1086129 0.9672954 1.0393294
[4822, 0.35509825, 1.0661958, 5.4693155, 0.6098464] 2.6379993 1.1203325 1.019035 1.0851722
[4823, 0.4200749, 1.043378, 5.71256, 0.65244293] 2.3573534 1.1036856 0.9821544 1.2893512
[4824, 0.5004961, 0.98467237, 4.901621, 0.56691086] 2.389233 1.0424415 0.9260043 1.3358625
[4825, 0.5207532, 0.9860305, 4.659028, 0.4745074] 2.4755182 1.0435649 1.0238295 1.4198095
[4826, 0.50220966, 1.0269965, 3.5047, 0.76845455] 2.7755547 1.1755704 1.0179127 1.108972
[4827, 0.5359755, 0.9375284, 5.757971, 0.64933026] 2.4675102 0.86074644 1.0143778 1.3267081
[4828, 0.47425595, 1.0478207, 3.305335, 0.75066864] 3.0175312 0.9240808 1.0006995 0.92075306
[4829, 0.39863425, 1.0449065, 4.63907, 0.46291232] 2.653848 1.0384244 1.1288222 1.0510842
[4830, 0.50917256, 1.0084234, 3.8528233, 0.5841817] 2.8958428 1.0018126 0.9279953 1.0022708
[4831, 0.42228618, 1.0516651, 4.412874, 0.597948] 2.750358 1.0655843 0.90065485 1.1050433
[4832, 0.5619326, 0.99945533, 3.1934907, 0.7892994] 3.06986 1.1471893 0.87473965 0.82321584
[4833, 0.4546949, 1.0396987, 4.0702415, 0.67902315] 2.8275611 1.0933585 1.0169779 1.0125852
[4834, 0.45631024, 1.0188233, 4.538999, 0.411177] 2.7581449 1.0525153 0.7717673 1.1691437
[4835, 0.45197892, 1.0355726, 5.179914, 0.5925666] 2.4537444 1.1302617 0.9192173 1.2706416
[4836, 0.5440613, 0.9843653, 2.9526289, 0.72539353] 2.8365054 1.1267189 1.0932524 1.0946205
[4837, 0.47417355, 1.0057644, 5.78372, 0.397003] 2.3521192 1.1603096 1.013296 1.3822261
[4838, 0.5028447, 0.99522334, 4.786638, 0.45457688] 2.3899298 1.3103236 0.9005817 1.4079235
[4839, 0.44151348, 1.0344977, 3.5823524, 0.5535291] 2.823893 1.24568 0.74834573 1.11284
[4840, 0.4451026, 1.0394357, 5.24833, 0.53673947] 2.497628 1.1858119 0.9106838 1.211129
[4841, 0.5671053, 1.0272121, 2.694028, 0.66446364] 3.1611614 1.1981379 0.84533274 0.9241566
[4842, 0.42633188, 1.038328, 4.0663586, 0.5657942] 2.7959576 1.131822 0.905685 1.024731
[4843, 0.4679587, 1.0048996, 4.78384, 0.52101517] 2.569498 1.1225178 0.9679625 1.2469714
[4844, 0.51460266, 1.01047, 3.4881625, 0.5622416] 3.00198 0.99109405 0.9255973 0.9805024
[4845, 0.4453669, 1.0252517, 5.329047, 0.49163595] 2.5809817 1.0766188 0.9035427 1.2765964
[4846, 0.4835506, 1.0204724, 4.219264, 0.69506127] 2.6011193 1.1460173 0.88095796 1.3650938
[4847, 0.5562551, 0.82372737, 6.505033, 0.42741773] 2.1944292 1.0175004 1.043527 1.271913
[4848, 0.44352472, 1.0205593, 4.321214, 0.6487007] 2.683704 1.0430821 0.99581957 1.2174968
[4849, 0.44901106, 1.0066985, 6.353091, 0.45114753] 2.5212579 1.1248697 0.86792094 1.0927639
[4850, 0.3533049, 1.0819188, 5.592215, 0.5725669] 2.551495 0.90297323 1.074638 1.2020694
[4851, 0.4653411, 1.0731097, 3.3902476, 0.740984] 2.7037516 1.2112458 1.0010035 1.2833867
[4852, 0.5544242, 0.9511171, 5.639859, 0.5551102] 2.3925498 1.1354847 1.0152375 1.1957803
[4853, 0.4956128, 0.96918863, 5.409375, 0.52129674] 2.5256453 1.0545367 0.9563408 1.1226504
[4854, 0.56790566, 0.79124296, 6.320331, 0.37202516] 2.1588414 1.0161766 1.08698 1.2849252
[4855, 0.5574758, 0.9456393, 5.1967745, 0.5651224] 2.4173965 1.0495503 1.0905439 1.2661883
[4856, 0.44110638, 1.0361062, 5.673496, 0.57902026] 2.616259 1.0841091 0.91465276 0.99737114
[4857, 0.413724, 1.0656126, 5.615693, 0.5542878] 2.6356287 1.069558 1.0023258 0.9497545
[4858, 0.44226977, 1.0269532, 5.3861113, 0.48311022] 2.6095898 1.1188252 0.99432397 0.9253476
[4859, 0.47823933, 0.98850447, 5.453542, 0.50071347] 2.5430055 1.0881867 0.8544441 1.0568138
[4860, 0.49390307, 0.98234713, 3.9520593, 0.5032641] 2.6703253 1.0802041 1.0477715 1.0734982
[4861, 0.43887898, 1.0222391, 4.328926, 0.54813826] 2.6405735 1.1585222 1.1166564 1.0881529
[4862, 0.4237223, 1.0419103, 5.043752, 0.5251335] 2.6025453 1.1725864 0.90237284 1.195722
[4863, 0.47472802, 1.003761, 4.8607373, 0.5921481] 2.4057572 1.174721 0.83394635 1.2646868
[4864, 0.395908, 1.0474613, 4.6707926, 0.5278736] 2.711075 1.0714614 0.84469974 1.0020386
[4865, 0.44256255, 1.0364584, 4.5462065, 0.6833568] 2.7030764 1.1142814 0.9860393 1.0439578
[4866, 0.3952002, 1.0319645, 4.3928547, 0.695424] 2.6427453 1.1968181 0.9186383 1.1694149
[4867, 0.42944354, 1.0407912, 5.736531, 0.49364612] 2.4589765 1.1386263 0.9504952 1.099889
[4868, 0.6867302, 0.5723683, 5.213502, 0.89548045] 1.9259857 1.0389191 1.0570772 1.2333939
[4869, 0.4765762, 1.0534102, 3.511924, 0.6995594] 3.01329 1.1079599 0.9340698 0.7475729
[4870, 0.4933049, 0.7439621, 4.8263383, 0.67721033] 2.1372864 1.135627 0.9875429 0.9557722
[4871, 0.40117535, 1.0641214, 4.7977724, 0.61723554] 2.4896402 1.1044215 0.96033543 1.4085373
[4872, 0.51531804, 0.98557913, 3.427879, 0.69830304] 2.7793229 1.0760134 0.9010018 1.2597635
[4873, 0.3348202, 1.1023817, 5.4147134, 0.6024185] 2.5779884 1.0027157 0.95338494 1.2178946
[4874, 0.4423839, 1.0215479, 4.794335, 0.5084577] 2.686014 0.9633659 0.9371098 1.1910318
[4875, 0.37148285, 1.0723815, 4.912536, 0.6024936] 2.5675485 1.0583056 0.9510625 1.2506415
[4876, 0.48448002, 1.0019058, 4.6448717, 0.5839953] 2.6565888 1.2207437 1.0595167 0.9818634
[4877, 0.41606963, 1.0518512, 4.5487123, 0.71439224] 2.6956046 1.1932906 0.93611974 1.0890111
[4878, 0.6208652, 1.0605372, 2.4858766, 0.88906646] 3.1122494 1.2191943 0.9097681 1.2048984
[4879, 0.35653654, 1.0674849, 5.256236, 0.44555253] 2.743417 1.0393183 0.8936158 1.0376471
[4880, 0.5359964, 0.93917555, 5.3991895, 0.59669816] 2.3470948 0.9361149 1.059827 1.3025689
[4881, 0.49933952, 1.0235909, 3.681767, 0.731648] 3.0077357 1.1353486 0.9087941 0.8329469
[4882, 0.51272553, 1.0460948, 3.2117958, 0.70416725] 2.775711 1.2461156 0.89560795 1.3061711
[4883, 0.39614466, 1.0710762, 5.502758, 0.5221124] 2.6486824 0.98725563 0.9790594 1.0588241
[4884, 0.39373934, 1.0592583, 4.118439, 0.5474793] 2.6838558 1.0492554 0.9288182 1.2548788
[4885, 0.4065511, 1.0552299, 3.886201, 0.40787834] 2.695143 1.0425258 0.9703722 1.0111028
[4886, 0.45403612, 1.0165632, 3.9509676, 0.5786419] 2.7895868 1.0278422 0.9537212 1.1349185
[4887, 0.5180563, 1.0142058, 3.2545195, 0.68246984] 3.001674 0.94859177 0.78890026 1.1548084
[4888, 0.52486813, 0.8993716, 5.0955048, 0.3714787] 2.3967202 1.023416 0.9338946 1.1199458
[4889, 0.3877567, 1.0534732, 4.5728817, 0.43534926] 2.5911925 1.1737043 1.0217047 1.071063
[4890, 0.4429552, 1.0241461, 5.2788606, 0.5246616] 2.6905205 0.8912741 0.94493216 0.8964776
[4891, 0.44780567, 1.036017, 3.8885465, 0.63115704] 2.8523102 1.1253693 0.84069335 1.11467
[4892, 0.5259575, 0.7925947, 6.4851465, 0.4560391] 2.1300397 1.1816472 1.0909816 1.0778039
[4893, 0.5149208, 0.9859713, 4.0769634, 0.41946062] 2.5455465 1.0012057 1.0665921 1.4015476
[4894, 0.55447465, 0.9873881, 3.2298486, 0.55641294] 2.9569087 1.0822655 0.93803257 0.99697644
[4895, 0.3954795, 1.0629624, 5.3329062, 0.58055836] 2.5182621 0.999864 0.9830688 1.2509961
[4896, 0.4785659, 0.9925286, 4.845967, 0.5233263] 2.686795 1.0086501 0.9585333 1.228689
[4897, 0.41695064, 1.0352368, 5.5588737, 0.5948236] 2.7201855 0.92829746 0.99829096 1.0608273
[4898, 0.4043878, 1.050613, 4.967587, 0.48371992] 2.771971 1.0200967 0.8354372 1.03312
[4899, 0.51832706, 1.1030736, 2.694187, 0.7906715] 3.0123885 1.0913658 1.0106031 1.1536927
[4900, 0.5198257, 0.7853161, 5.760885, 0.60629636] 2.2886083 0.88721603 0.93843603 1.1766713
[4901, 0.47834474, 1.0041182, 4.1761765, 0.47957832] 2.5416226 1.1489612 0.91721785 1.3890032
[4902, 0.529054, 0.98434556, 3.955197, 0.7641277] 2.7552736 1.1549675 1.0155246 1.0537007
[4903, 0.3895513, 1.0577887, 4.8947544, 0.5279237] 2.6427836 1.1638016 0.87790376 1.142613
[4904, 0.51480883, 1.0251554, 3.3248575, 0.6223855] 2.9183514 0.9864951 0.9717874 1.1394597
[4905, 0.44715396, 1.0391816, 5.0997624, 0.5599072] 2.400669 1.1902697 1.0750059 1.3768562
[4906, 0.37418422, 1.0487373, 5.069004, 0.45178032] 2.6619465 1.1136653 0.9921449 1.0332009
[4907, 0.50676644, 0.9480996, 4.788104, 0.41914687] 2.421377 1.0787977 0.85953677 1.2288016
[4908, 0.37421006, 1.0655221, 4.502909, 0.42637607] 2.6267407 1.1378918 0.9552377 1.1437409
[4909, 0.38692424, 1.05496, 6.5352573, 0.60938793] 2.438171 0.9857091 1.0763386 1.273159
[4910, 0.45356676, 1.057442, 3.1191254, 0.6783409] 2.8982403 1.1014286 0.9555084 1.0761715
[4911, 0.53030026, 0.90604657, 4.887381, 0.3372181] 2.4026217 1.036122 0.9417282 1.1178677
[4912, 0.40110174, 1.0573881, 5.6980653, 0.642984] 2.5910962 0.96597147 0.9942639 1.128504
[4913, 0.5440044, 0.98510784, 3.1425765, 0.6969575] 2.9538453 1.013994 0.9407998 1.0209109
[4914, 0.5133497, 1.0827925, 2.8998039, 0.79892135] 2.8662617 1.2389901 0.95327014 1.1758858
[4915, 0.537564, 1.0285718, 3.2765515, 0.76488173] 2.8490167 1.2180285 0.95356506 1.0750248
[4916, 0.50688535, 0.9493999, 4.9874887, 0.5559706] 2.5093565 1.1159781 0.8252151 1.0514215
[4917, 0.541849, 0.9910993, 3.320612, 0.79296225] 2.8094966 1.0937065 0.9342098 1.2575551
[4918, 0.4852673, 1.0309, 3.3699598, 0.7958217] 2.7243526 1.1527866 0.99803936 1.2049179
[4919, 0.50721705, 0.9489734, 5.1765127, 0.47264308] 2.3367856 1.0520557 1.0663859 1.2075675
[4920, 0.4021025, 1.0494423, 4.5350575, 0.57060677] 2.5859652 1.1820437 1.0579314 1.1183906
[4921, 0.4953679, 0.9882194, 4.755565, 0.48927385] 2.297637 1.1498603 0.995265 1.3391593
[4922, 0.41509324, 1.0514938, 3.9841223, 0.84349984] 2.7904463 0.9828238 0.96954995 1.148336
[4923, 0.40754345, 1.0453422, 4.1414995, 0.50414264] 2.656038 1.2242659 1.0105045 1.0447162
[4924, 0.48802748, 0.97879654, 4.436844, 0.50341123] 2.7156518 1.0714755 0.9555572 1.1027098
[4925, 0.45949435, 1.0397316, 3.555405, 0.65878487] 2.8018148 1.16168 1.0810469 1.0219926
[4926, 0.5223099, 1.0173279, 3.2213635, 0.5075837] 2.929325 1.1906009 0.90029085 1.0548835
[4927, 0.5253398, 1.0873259, 2.5860791, 0.6473494] 2.965674 1.1449387 0.9994346 1.2376647
[4928, 0.50840753, 0.98683774, 5.2601724, 0.50134003] 2.5040743 1.1214129 0.77871454 1.1609493
[4929, 0.46414036, 1.0147258, 4.49578, 0.4442394] 2.5621428 1.1815511 0.89190704 1.1921531
[4930, 0.49237242, 1.0364835, 3.2271125, 0.65616566] 2.752478 1.2224559 1.0017741 1.1506035
[4931, 0.5868406, 0.72545516, 6.0332747, 0.44667193] 2.2385051 1.0223625 0.9821308 1.1110023
[4932, 0.52977115, 0.93137604, 4.617469, 0.5688234] 2.7605627 0.87861514 0.97708374 1.1962528
[4933, 0.46043575, 1.0579653, 3.7299497, 0.67680246] 2.854525 1.0800067 0.96267915 1.0362868
[4934, 0.47363523, 1.0257752, 4.496504, 0.61702055] 2.5072632 1.0843058 1.011572 1.3265857
[4935, 0.5893476, 0.87514806, 5.0041785, 0.46439824] 2.3930175 1.135205 0.9173655 1.0934988
[4936, 0.46434307, 1.0203474, 5.579549, 0.592533] 2.5385215 0.9483228 0.9174476 1.3758835
[4937, 0.53515077, 0.90857095, 5.156322, 0.54915833] 2.3587046 1.1099826 0.88868785 1.158296
[4938, 0.41980425, 1.0417448, 5.467345, 0.5933217] 2.4203055 1.2154423 0.9643984 1.2001764
[4939, 0.43929327, 1.0329481, 4.7771215, 0.6024361] 2.703973 1.1464455 0.91221976 0.97765255
[4940, 0.57357883, 0.960339, 4.05336, 0.63632274] 2.6429558 1.1108168 0.9186927 1.3548299
[4941, 0.42124546, 1.0339, 4.548865, 0.48136076] 2.5461586 1.2558832 0.9943376 1.1995057
[4942, 0.47512737, 1.0153288, 5.4520707, 0.47093144] 2.4037383 1.2182385 0.88918114 1.2853687
[4943, 0.45904627, 1.0000875, 5.9955764, 0.7041052] 2.4018538 1.1064388 1.070255 1.1549834
[4944, 0.4581619, 0.97270006, 4.7465563, 0.37339786] 2.5031865 1.0179193 0.947513 1.053898
[4945, 0.45148605, 1.0234337, 4.7790875, 0.46196473] 2.6249716 1.0690055 0.8209522 1.2782702
[4946, 0.40456146, 1.0661545, 5.601296, 0.6315353] 2.3924873 1.1187887 1.1420245 1.2748688
[4947, 0.42599785, 1.0442537, 3.455163, 0.58004606] 2.8957849 1.0130361 0.9668723 0.9951113
[4948, 0.55490977, 1.0851212, 2.2964575, 0.9580701] 3.144917 0.9647055 1.0424365 1.1488433
[4949, 0.39456317, 1.070187, 5.653648, 0.5965258] 2.8029437 0.8946602 1.0303948 0.9105437
[4950, 0.45215046, 1.0445276, 3.7700696, 0.5811127] 2.6323984 1.159036 1.0076602 1.2049502
[4951, 0.5065113, 0.9675105, 4.773761, 0.4977955] 2.423012 1.1050464 0.894104 1.1781048
[4952, 0.49656144, 1.0378585, 3.3404977, 0.7449628] 2.9205832 0.9464181 0.95442057 1.2368174
[4953, 0.40009364, 1.0446608, 5.1616964, 0.49633294] 2.5882142 0.98244154 1.0010008 1.2177452
[4954, 0.4713623, 1.031242, 5.054462, 0.45265645] 2.6670113 1.0190134 0.81862855 1.1038699
[4955, 0.550149, 0.8563008, 5.4772654, 0.35941085] 2.1481793 1.2167158 0.9234259 1.3651488
[4956, 0.4832749, 1.0075963, 4.2329493, 0.6792424] 2.5153606 1.0552233 1.0775762 1.4403864
[4957, 0.42543417, 1.050924, 5.4136033, 0.4879107] 2.6598313 0.9164614 0.9735596 1.1184454
[4958, 0.53082734, 1.0440495, 2.8518815, 0.7779083] 3.0194418 1.1697088 0.9273685 1.0280398
[4959, 0.51677257, 1.0117191, 3.3875027, 0.5713531] 2.7338834 1.2437534 0.92628694 1.1884155
[4960, 0.6127829, 0.89519453, 5.0966563, 0.5031451] 2.2740614 1.0797362 1.0245223 1.3812219
[4961, 0.4282553, 1.0553536, 5.830442, 0.59143054] 2.3899384 0.9385223 1.1538212 1.3803748
[4962, 0.6277028, 0.9626689, 2.6202016, 0.6348911] 3.2543147 1.0380853 0.9298819 0.76279795
[4963, 0.49688512, 1.0122318, 3.4976735, 0.72328734] 2.7407248 1.2504032 1.026167 1.0446657
[4964, 0.3913352, 1.0841376, 5.6343217, 0.44687533] 2.3987632 1.2736708 1.0168855 1.1270369
[4965, 0.4845923, 1.0178683, 3.7143939, 0.71915096] 2.7300956 0.99320257 1.1243682 1.1846957
[4966, 0.51427495, 0.940449, 5.3598213, 0.45824638] 2.4568002 1.0085692 1.0037547 1.1115234
[4967, 0.41085643, 1.0404884, 5.4978747, 0.52624446] 2.5770745 1.0186977 0.96338314 1.1676904
[4968, 0.37672064, 1.048557, 5.767339, 0.8076346] 2.495228 0.93779814 1.1212243 1.1824243
[4969, 0.5068875, 0.9079027, 6.0381565, 0.4573815] 2.2177 1.211885 0.93544793 1.2503585
[4970, 0.40463755, 1.054165, 4.402554, 0.6469181] 2.7439709 0.9153093 1.0382967 1.1266878
[4971, 0.5841408, 0.8223605, 5.7672887, 0.38723025] 2.316869 1.1367763 0.97996736 1.036174
[4972, 0.49861994, 0.99608916, 4.801222, 0.43005958] 2.358229 1.0372429 1.0558771 1.3635368
[4973, 0.37360555, 1.055002, 4.4572954, 0.54998475] 2.7041528 1.1247398 0.81193143 1.1919554
[4974, 0.39571106, 1.0597941, 5.7420692, 0.6109437] 2.5609775 0.9527991 0.9910327 1.1723562
[4975, 0.38337827, 1.0794365, 4.500221, 0.56939536] 2.741159 1.0868881 0.8567197 1.066993
[4976, 0.42851564, 0.79796106, 5.7451816, 0.39203763] 2.1130009 0.91760665 1.0801072 1.2531905
[4977, 0.5933298, 1.0009279, 2.5608165, 0.88147247] 3.1053574 1.0376569 0.95176876 1.1614792
[4978, 0.3684021, 1.0579565, 4.1008534, 0.83866] 2.7675664 1.0905197 0.90753424 1.0939401
[4979, 0.50346184, 0.92332083, 5.1343637, 0.38817734] 2.40127 0.99221194 1.011557 1.1054794
[4980, 0.4200848, 1.0420225, 4.610737, 0.6907297] 2.6072414 1.1266682 0.9676281 1.2609367
[4981, 0.4534898, 1.0202875, 5.4998136, 0.4831213] 2.5499377 0.93580854 0.98472476 1.1724174
[4982, 0.45208547, 1.0177847, 5.079052, 0.4920844] 2.5851748 1.099262 0.8521594 1.2408466
[4983, 0.54786515, 0.9148657, 5.077869, 0.44926903] 2.3792505 1.159891 0.8338251 1.2451788
[4984, 0.40091774, 1.032336, 4.5637836, 0.48330456] 2.6858344 1.0987935 0.9471639 1.2079799
[4985, 0.53113806, 0.9690984, 3.5491583, 0.91798216] 3.0654814 0.9274986 1.0691509 0.8159393
[4986, 0.648482, 0.9314535, 2.9843376, 0.6259824] 2.917168 1.1987685 0.9079594 1.1996465
[4987, 0.4195371, 1.0513095, 5.2757273, 0.64236194] 2.5274634 1.0199379 1.0262251 1.075519
[4988, 0.48058534, 1.042201, 3.5482287, 0.75749373] 2.7471092 1.0824436 1.0561633 1.2024821
[4989, 0.43541974, 1.049502, 4.3271623, 0.63038963] 2.6373534 1.1845231 0.964782 1.1495053
[4990, 0.4643121, 1.0222629, 3.6597958, 0.56766635] 2.9735885 1.0092736 0.8529135 0.9110405
[4991, 0.3811156, 1.0909204, 5.245076, 0.6067151] 2.385366 1.2173539 1.0224854 1.2190028
[4992, 0.37539998, 1.0669864, 5.149286, 0.48263618] 2.5815718 1.1876493 1.0050098 1.011628
[4993, 0.37687883, 1.062073, 5.0550866, 0.5007048] 2.718957 1.0327544 0.9344728 1.0152055
[4994, 0.48346907, 1.0367203, 3.5458822, 0.6377399] 2.708726 1.0305321 0.9796768 1.3666329
[4995, 0.48889464, 0.9971636, 3.4091816, 0.50742924] 2.6317277 1.2598871 1.0450246 1.2142456
[4996, 0.530458, 0.97595376, 3.4341905, 0.67807394] 2.843321 1.0959575 0.8873347 1.1656177
[4997, 0.49334136, 0.98989683, 5.352158, 0.42199874] 2.4820683 1.0435048 0.8991783 1.2946995
[4998, 0.5369374, 0.96424484, 3.8040774, 0.6087398] 2.8041039 1.086325 1.0151403 1.0441573
[4999, 0.38587248, 0.8797073, 6.2927322, 0.48740023] 2.163841 0.9462975 1.0254633 1.3039743
[5000, 0.5217869, 1.0468259, 2.8405542, 0.5792682] 2.7719324 1.1878697 1.0614007 1.2787771
[5001, 0.46759465, 1.0334682, 5.331064, 0.37667117] 2.6177766 1.0313879 1.0560089 0.99320793
[5002, 0.6170538, 0.7662392, 5.7124367, 0.39826858] 2.2369206 1.0815417 0.8333078 1.3591018
[5003, 0.59159625, 0.8299759, 5.8270307, 0.41619015] 2.1081333 1.2018927 1.0405887 1.3351724
[5004, 0.51309717, 0.9857064, 5.243534, 0.47893578] 2.4442673 1.1601957 0.8368983 1.1877381
[5005, 0.4728742, 1.0338835, 3.414121, 0.7609093] 2.8942556 1.1841023 0.9174563 0.9779447
[5006, 0.51804477, 1.0079827, 2.9489026, 0.6854191] 2.7684653 1.2140006 1.0624362 1.1887113
[5007, 0.5478039, 0.81943154, 5.8739924, 0.41404542] 2.2095442 1.1198865 0.89572126 1.263423
[5008, 0.46059006, 1.0520074, 5.2872415, 0.5590072] 2.389094 1.1536059 1.1068565 1.2444177
[5009, 0.5169094, 0.96235, 5.279454, 0.48355347] 2.3309968 1.1117833 0.90427256 1.3962066
[5010, 0.3478048, 1.0778872, 4.492814, 0.7128541] 2.7202988 1.0222981 0.9800129 1.1159682
[5011, 0.41184804, 1.0230438, 4.693035, 0.46831164] 2.5874434 1.051119 1.0042601 1.1858952
[5012, 0.53427625, 0.91700464, 5.078343, 0.53365636] 2.3499873 1.0538402 0.9724757 1.2949868
[5013, 0.50359684, 1.0032499, 3.4306893, 0.58004665] 2.9420557 1.0038897 0.9205352 0.9835367
[5014, 0.45455948, 1.0275719, 4.8840523, 0.61213976] 2.54403 1.0542368 0.97455144 1.245401
[5015, 0.5903154, 0.7556843, 6.14723, 0.38952792] 2.178511 0.9448275 0.90417564 1.443198
[5016, 0.38517815, 1.0640366, 5.7107453, 0.5149564] 2.6959867 1.0080129 0.92313683 0.98978215
[5017, 0.43069664, 1.0165668, 4.5229945, 0.5672875] 2.7027304 1.0939872 0.88372576 1.230934
[5018, 0.3763293, 1.0761316, 5.1537833, 0.4046987] 2.5764248 1.1961755 0.9439353 1.0712559
[5019, 0.392025, 1.0488415, 5.095596, 0.55428594] 2.6289806 1.1076186 0.9546039 1.0966929
[5020, 0.40063122, 1.0343128, 5.104047, 0.5466665] 2.7385437 1.2738642 0.8532583 0.8984936
[5021, 0.4856663, 1.0078095, 3.6957018, 0.5550397] 2.8440363 1.0833594 0.9181957 1.00886
[5022, 0.3772453, 1.0590609, 5.6420417, 0.61030096] 2.6176834 0.99563295 0.98394823 1.120667
[5023, 0.48392114, 1.007917, 3.7657914, 0.6166615] 2.7265286 1.1428968 0.93877476 1.1965333
[5024, 0.5338946, 0.96468157, 4.02312, 0.50870574] 2.6745098 1.2053245 0.8572501 1.1942569
[5025, 0.47923917, 1.0059011, 5.420198, 0.5112835] 2.4916997 1.0912522 1.1905003 1.1559263
[5026, 0.47275525, 1.0187576, 5.63689, 0.50426424] 2.4569483 1.0168033 1.0246919 1.2546883
[5027, 0.52791893, 1.007828, 3.5298765, 0.9275156] 2.814228 1.2187428 0.97264767 0.97844326
[5028, 0.5878578, 0.9816465, 3.211837, 0.7394364] 2.8827727 1.0440276 0.9996215 1.1262295
[5029, 0.5667258, 1.0129873, 3.031555, 0.8829004] 3.0243592 1.1844246 0.84164983 1.0289961
[5030, 0.49142805, 1.0096719, 3.6232162, 0.6492465] 2.7534573 1.2139283 0.95001537 1.0903636
[5031, 0.49298045, 1.0032889, 5.7991486, 0.7965616] 2.5611014 1.2746682 0.92569125 0.8208931
[5032, 0.37841758, 1.0512291, 4.949645, 0.4898083] 2.6283672 1.0792594 0.9634503 1.1910039
[5033, 0.444121, 1.0278502, 4.046662, 0.6568621] 2.6552036 1.1248792 0.9524578 1.1782871
[5034, 0.4691664, 1.0247709, 3.214917, 0.88695323] 2.813539 1.0984905 0.9587791 1.1524138
[5035, 0.42456475, 1.022971, 5.291023, 0.41841304] 2.4217408 1.1615924 0.9251996 1.2182943
[5036, 0.5032717, 0.97147757, 5.5778713, 0.41855976] 2.6439292 1.1046624 0.79966664 0.9530601
[5037, 0.46089634, 1.0282323, 5.250078, 0.47285256] 2.6687067 1.0875022 0.88976973 1.1089144
[5038, 0.42839247, 1.0395898, 5.1554766, 0.5280369] 2.457708 1.1497343 0.97960943 1.1111907
[5039, 0.482069, 0.98272926, 5.2827926, 0.5047098] 2.3193653 1.1680847 0.9874526 1.2884616
[5040, 0.3945181, 1.0523326, 4.9196196, 0.5091285] 2.6088374 1.1708752 1.0080506 1.1229885
[5041, 0.4737302, 1.0199047, 4.9088335, 0.49321678] 2.5194407 1.0169849 1.2578586 1.2034917
[5042, 0.55311686, 0.9028624, 5.6432858, 0.5074704] 2.3472276 0.9858186 0.99134326 1.2233492
[5043, 0.5163024, 0.95537835, 5.350556, 0.47658852] 2.4955606 1.0345612 0.76439047 1.3199906
[5044, 0.46437794, 1.0224754, 3.612704, 0.56786] 2.6563473 1.2080884 1.0669899 1.1512095
[5045, 0.47320446, 1.0038546, 5.951887, 0.50260884] 2.5991344 1.1854286 0.8957171 0.9199457
[5046, 0.5255367, 0.9327818, 4.8506064, 0.5971353] 2.3606944 1.1186926 1.000997 1.1651301
[5047, 0.4599473, 1.0072536, 3.6784263, 0.6832506] 2.914353 0.96013147 0.8684643 1.0369066
[5048, 0.43747824, 1.0264326, 3.9562395, 0.53710365] 2.7762036 1.2205331 0.8753425 1.0113422
[5049, 0.5437826, 0.90498245, 5.2198386, 0.63627654] 2.2770514 1.0879855 0.94903356 1.2979352
[5050, 0.5096672, 1.0457166, 3.6905818, 0.72565854] 2.8464835 1.0749313 1.0976983 1.0454023
[5051, 0.54768324, 0.94178146, 4.3749194, 0.4586915] 2.5863245 0.9983455 0.88764185 1.436064
[5052, 0.49913764, 1.0244241, 3.313966, 0.5791433] 2.8705637 1.104888 1.0674578 0.98703384
[5053, 0.45108247, 1.02724, 5.226327, 0.43245226] 2.5496795 1.1491117 0.8632128 1.1093853
[5054, 0.4981621, 1.0153022, 3.1836617, 0.68675596] 2.866258 1.1111261 0.98355573 1.0951868
[5055, 0.512606, 0.98127645, 5.386046, 0.4612795] 2.4301975 1.2092729 1.0261738 1.1313004
[5056, 0.52377284, 0.7924828, 5.492204, 0.5399987] 2.1876464 1.0538328 1.0067493 1.1569211
[5057, 0.48642048, 0.98344463, 4.5088377, 0.6237814] 2.5641484 1.2124747 1.0459284 1.2232982
[5058, 0.45474222, 1.0210223, 4.892089, 0.53007895] 2.4905756 1.1005284 0.8152423 1.2430089
[5059, 0.40531337, 1.0781194, 5.099685, 0.59445626] 2.5703456 1.0955125 0.9256314 1.0437127
[5060, 0.36545867, 1.0689981, 5.2800913, 0.48013422] 2.481623 1.2420243 1.036318 1.1213113
[5061, 0.40286344, 1.0608214, 5.425417, 0.6109152] 2.442897 1.1541451 1.0233548 1.1295696
[5062, 0.41051245, 1.0279337, 4.964559, 0.5503099] 2.439845 1.0278955 0.9429154 1.2460517
[5063, 0.54849136, 0.9299297, 5.2887015, 0.4783642] 2.2272713 1.0941831 1.1159945 1.4448316
[5064, 0.42492953, 1.0723846, 3.38986, 0.7679028] 2.6807728 1.1469301 0.99062026 1.3142821
[5065, 0.39926746, 1.0743414, 5.2671685, 0.6037527] 2.6547801 0.91459984 0.8510644 1.2209727
[5066, 0.585786, 0.95132565, 2.9025466, 0.54227537] 2.663405 1.2200516 1.0153677 1.4019512
[5067, 0.43092015, 1.0341233, 4.057846, 0.92962164] 2.8027146 1.0124043 0.9467581 1.1794412
[5068, 0.3723716, 1.0826356, 5.292001, 0.5055881] 2.4418263 1.016462 0.96828073 1.2815688
[5069, 0.637376, 0.6849083, 5.7249746, 0.48763844] 2.2109401 0.94619715 1.0696298 1.1609719
[5070, 0.5496864, 0.91944337, 5.3796325, 0.52448034] 2.4923387 1.1502814 0.9950235 0.91810787
[5071, 0.359, 1.0960662, 5.0951357, 0.4376511] 2.6143582 1.1300321 0.78508645 1.1833425
[5072, 0.37850195, 1.0611708, 4.8659754, 0.43184513] 2.7433724 1.060627 1.003292 0.9602426
[5073, 0.4433547, 1.0467656, 3.9685755, 0.5981036] 2.7456014 0.99607015 0.87299347 1.2465253
[5074, 0.37855092, 1.0773803, 5.225454, 0.44858867] 2.6804838 1.1043109 0.80952394 1.0428398
[5075, 0.5546229, 0.87952375, 5.6695004, 0.432791] 2.3606894 1.0297034 0.8648613 1.2190548
[5076, 0.50741464, 1.0237775, 3.417454, 0.69168127] 2.7522058 1.1200857 1.08391 1.1765451
[5077, 0.5630049, 0.9493357, 3.2991927, 0.6605218] 2.9515939 1.1011655 0.7984505 0.954587
[5078, 0.43032196, 1.0312346, 4.6014695, 0.51582557] 2.8160818 1.013442 1.0439818 0.899798
[5079, 0.51140845, 1.0433125, 3.100859, 0.7576162] 3.0225441 1.1914178 0.87865865 0.9156618
[5080, 0.49910772, 1.0043167, 4.4814615, 0.49716708] 2.5956004 1.0628026 0.96386284 1.2932999
[5081, 0.3943854, 1.0576257, 4.4142966, 0.57758427] 2.7326403 1.1136736 0.9877847 1.0168891
[5082, 0.41646513, 1.0539104, 4.0871778, 0.737006] 2.697824 1.0703949 0.9282896 1.3481061
[5083, 0.4411116, 1.0349798, 4.525908, 0.5290666] 2.701389 1.2982854 0.9501852 0.9884785
[5084, 0.531516, 0.8637513, 5.3508387, 0.3971434] 2.3927634 1.0111798 0.78182536 1.2329509
[5085, 0.44642314, 1.0179571, 5.2496457, 0.45230404] 2.8204627 0.83700943 0.88174224 1.0527788
[5086, 0.531483, 0.99388325, 3.8005896, 0.58715487] 2.9789226 1.0529436 0.869586 0.9278766
[5087, 0.50681096, 0.91159475, 5.328449, 0.4313573] 2.3173454 0.99220794 0.8974673 1.2935554
[5088, 0.46932545, 1.0637656, 3.2394097, 0.74811566] 2.8722205 1.204987 1.0166465 0.95546854
[5089, 0.53820944, 0.84096503, 6.0136194, 0.32273895] 2.3334975 0.97169715 0.9575265 1.1596781
[5090, 0.6111346, 0.77389, 6.489048, 0.3994514] 2.189688 1.013689 1.0265048 1.2890419
[5091, 0.40455848, 1.0500443, 4.6619415, 0.4872274] 2.5839107 1.0327872 0.9930629 1.2792689
[5092, 0.39701983, 1.0815045, 5.160348, 0.48272967] 2.6747897 1.009863 0.87978315 1.1009252
[5093, 0.5767392, 0.9370965, 5.060436, 0.45091256] 2.3697028 1.0312678 0.91163415 1.423348
[5094, 0.4317968, 1.0471643, 5.125135, 0.699829] 2.3991559 1.2226777 0.9657474 1.1699501
[5095, 0.35644355, 1.0840297, 5.0228314, 0.4844462] 2.5555868 1.0361935 0.9752991 1.2768371
[5096, 0.43988487, 1.0194983, 5.7699614, 0.60772943] 2.5970736 0.8308454 0.9248564 1.250663
[5097, 0.49936557, 0.96935755, 4.7616997, 0.4911909] 2.6375582 1.0120051 0.8950803 1.3441957
[5098, 0.5649871, 0.911404, 4.9928966, 0.8217687] 2.362108 1.1630336 1.0165558 1.1752042
[5099, 0.5420288, 0.9069448, 4.609304, 0.43790358] 2.263472 1.0820512 1.035203 1.3002081
[5100, 0.6048973, 0.8062638, 6.133833, 0.48509982] 2.3234036 1.0824337 1.0167838 1.0178876
[5101, 0.5959675, 0.8684083, 4.946507, 0.461079] 2.5790849 0.91667014 0.7726293 1.1474558
[5102, 0.39940655, 1.0591637, 4.339816, 0.46014753] 2.534278 1.11241 1.0363327 1.0571824
[5103, 0.50597936, 1.0226549, 3.586534, 0.77691066] 2.8071373 1.0797497 0.9009561 1.1948435
[5104, 0.4199789, 1.0438358, 5.24546, 0.439644] 2.4983623 1.0814496 0.97423655 1.253624
[5105, 0.4108755, 1.0310264, 4.8677, 0.46163824] 2.612555 1.0249059 0.8814975 1.0849725
[5106, 0.45584947, 1.0255893, 3.6098542, 0.64782387] 2.675343 1.317292 0.9723892 1.1293521
[5107, 0.44180372, 1.0332601, 4.9976177, 0.40436026] 2.6081326 1.2158041 0.8233007 1.1671139
[5108, 0.5416714, 0.9727709, 2.8797753, 0.7150401] 2.9629993 0.99645025 0.8623692 1.2067488
[5109, 0.43317357, 1.0094007, 4.5235, 0.47874755] 2.7461123 0.91126454 0.8262564 1.2538182
[5110, 0.4403627, 1.0119634, 4.556082, 0.48769772] 2.700438 1.2107933 0.93144435 1.0250045
[5111, 0.48161417, 1.048557, 3.5932345, 0.66835314] 2.9007833 1.2072917 0.83981663 0.9847863
[5112, 0.6064803, 0.85029244, 5.289106, 0.5468181] 2.2596905 1.0755775 1.085167 1.2603486
[5113, 0.49971396, 1.0014501, 4.5170646, 0.49288025] 2.547741 1.0773696 0.8816833 1.4490639
[5114, 0.34992844, 1.0769632, 4.5617723, 0.6104036] 2.8212411 1.0621641 0.96426976 0.96705896
[5115, 0.45016608, 1.0208709, 4.0627494, 0.7317837] 2.6814036 1.0540382 0.98976076 1.2271888
[5116, 0.33082822, 1.103032, 5.8308105, 0.83874106] 2.4755886 1.1104366 1.00772 1.1770706
[5117, 0.43315545, 1.0447781, 5.6220126, 0.59408766] 2.719173 0.8892041 0.8360393 0.98746794
[5118, 0.44229633, 1.0213523, 4.9191403, 0.6345365] 2.6890268 1.0759598 0.9634376 1.1206739
[5119, 0.38062307, 1.0648745, 6.0573206, 0.53925884] 2.5338905 1.1747497 1.0180407 1.0204927
[5120, 0.51462847, 1.0339975, 3.2839649, 0.55363494] 3.1086333 1.087084 0.9238139 0.7757723
[5121, 0.41875708, 1.0454191, 5.271652, 0.45335278] 2.5567226 1.0118355 0.9874784 1.2584946
[5122, 0.28950447, 1.139784, 5.5167837, 0.495898] 2.5619724 1.1899537 0.87158847 1.0776051
[5123, 0.49357855, 1.0063344, 3.3548312, 0.66040933] 2.8257706 1.1086477 1.0251464 1.0461549
[5124, 0.3973182, 1.0539297, 4.4737196, 0.6580773] 2.8093278 1.0648139 0.95937675 0.9942593
[5125, 0.39559948, 1.072879, 5.423971, 0.6464546] 2.5206537 1.1310154 1.0128095 1.1145453
[5126, 0.64315486, 0.8148645, 4.779975, 0.5151856] 2.3328793 1.1101007 1.1071744 1.090166
[5127, 0.46028513, 1.0300885, 4.3383164, 0.484988] 2.6426373 1.205153 0.9319398 1.1771694
[5128, 0.5879257, 0.8754982, 5.3278184, 0.4869145] 2.3467083 1.1788938 0.99681455 1.1163913
[5129, 0.43832165, 1.0714722, 4.3808484, 0.5545253] 2.434494 1.125923 1.1101338 1.3556094
[5130, 0.4917571, 1.0494938, 2.972293, 0.7135496] 2.9819791 1.0063468 0.93377686 1.1635498
[5131, 0.5069335, 0.9287585, 5.1113677, 0.46607566] 2.3243694 1.1663798 0.9866686 1.1423146
[5132, 0.42509463, 1.0215273, 4.1602077, 0.6267111] 2.7482197 0.95884705 1.0280443 1.1241517
[5133, 0.42578256, 1.0537919, 4.715206, 0.44623017] 2.60506 1.1820508 0.96583194 1.1397915
[5134, 0.5486478, 0.962819, 3.1963723, 0.56477] 2.8639767 0.9628119 1.1516527 1.06242
[5135, 0.62877333, 0.7379777, 5.6195874, 0.4205821] 2.1544998 1.1032273 1.0649141 1.1757928
[5136, 0.4713487, 1.0371765, 3.1775124, 0.8776188] 3.0241144 0.9135137 1.0224298 0.9629467
[5137, 0.5196982, 1.0530343, 2.8499157, 0.6214766] 3.057723 1.1646162 1.074618 0.8853604
[5138, 0.40325528, 1.044225, 4.748085, 0.4883153] 2.7111862 1.0502104 0.91359127 1.1169615
[5139, 0.4563521, 1.0173013, 4.5952115, 0.40280968] 2.6158803 1.0535955 0.9383259 1.2645953
[5140, 0.41211265, 1.0552022, 4.1770167, 0.45629543] 2.6164358 1.0610843 1.1445547 1.1138287
[5141, 0.47346738, 1.0200875, 3.4321594, 0.6634332] 2.8376977 1.0023526 1.0117819 1.0808461
[5142, 0.500787, 0.96642417, 4.947202, 0.44107628] 2.4063263 1.0180597 0.9661225 1.2252065
[5143, 0.6068744, 0.86302155, 5.1571617, 0.5327872] 2.41784 1.1464324 0.9935452 0.94660497
[5144, 0.50114733, 0.99171513, 5.311602, 0.519756] 2.2931192 1.0471187 1.0027232 1.4911454
[5145, 0.48424473, 1.0071812, 5.3077016, 0.7453453] 2.3570242 1.1132154 1.0301005 1.3239193
[5146, 0.37791198, 1.0794618, 4.3693223, 0.6396751] 2.8254504 0.9375465 0.8657343 1.1803759
[5147, 0.4764184, 1.0302109, 5.308439, 0.51238394] 2.4968662 1.148452 0.81478226 1.2317884
[5148, 0.52184135, 1.0101621, 3.39597, 0.8775233] 2.9904497 1.0265486 0.82237273 1.0259923
[5149, 0.5938859, 0.8706138, 4.967559, 0.4210166] 2.338816 0.93124604 1.0970684 1.274887
[5150, 0.5699666, 0.98802847, 2.6417363, 0.6427147] 3.050061 1.291173 0.94140065 0.9598632
[5151, 0.4745897, 1.0006864, 4.7043633, 0.47153744] 2.776555 1.1711749 0.8541265 0.931647
[5152, 0.46278787, 0.99448335, 4.1063323, 0.43924108] 2.6676316 1.1930047 0.8269217 1.1824701
[5153, 0.6217967, 0.98619443, 2.5773346, 0.7105424] 2.9388769 1.0693152 1.0595138 1.274245
[5154, 0.54650164, 0.88549316, 5.193866, 0.38505918] 2.3903084 0.9897499 0.94790125 1.1833243
[5155, 0.41914812, 1.0384235, 6.2011504, 0.61032164] 2.6087332 1.0502799 0.90899575 1.018078
[5156, 0.43371972, 1.0399758, 4.7163606, 0.42822248] 2.73581 1.1347244 0.85339636 0.9711092
[5157, 0.5309828, 0.8109267, 6.458869, 0.5991237] 2.0503836 1.0578667 1.1382506 1.3934457
[5158, 0.3840509, 1.064138, 5.7799206, 0.5481525] 2.457284 1.1371714 1.0131879 1.1743999
[5159, 0.3998987, 1.0497696, 4.18732, 0.4230401] 2.7537978 1.1080079 0.74942166 1.2032933
[5160, 0.51006615, 0.9658797, 5.0033517, 0.5041328] 2.3560762 1.1297946 0.9718882 1.2261347
[5161, 0.41903314, 1.0444125, 4.7737184, 0.52070224] 2.654977 1.0936115 1.0084236 1.107714
[5162, 0.5647021, 0.8750861, 4.9019146, 0.41091484] 2.4581223 0.9542658 1.0135536 1.121034
[5163, 0.505645, 1.0064251, 3.5225415, 0.7136818] 2.9012764 0.99724233 0.9549033 1.0845675
[5164, 0.56707513, 0.8266217, 5.8617687, 0.4857613] 2.237216 1.0227414 1.058379 1.1963193
[5165, 0.5559462, 0.9339739, 5.113817, 0.5019201] 2.296631 1.1586831 0.93549377 1.2895714
[5166, 0.49068257, 1.0041062, 4.4724965, 0.46092317] 2.480082 1.1829649 1.0239153 1.3535125
[5167, 0.5537313, 0.9828005, 3.0695343, 0.7544897] 3.03237 1.0265303 0.9496672 0.9638558
[5168, 0.4007255, 1.0690058, 5.2761583, 0.50608873] 2.7273672 1.1328795 0.9709588 0.862955
[5169, 0.4212647, 1.0410643, 5.098158, 0.45700604] 2.5961254 1.1071296 1.0073617 1.093
[5170, 0.65038437, 0.73149127, 5.66775, 0.32338148] 2.241441 1.0053314 0.93065834 1.3111467
[5171, 0.41755608, 1.0460302, 5.0292897, 0.4734455] 2.6349173 1.0523673 0.84742063 1.2561865
[5172, 0.4332556, 1.044999, 4.971131, 0.48343998] 2.8070703 0.92454976 0.8144438 0.9947694
[5173, 0.5005877, 0.98923796, 4.4669237, 0.62743] 2.6485486 1.025995 1.0670854 1.1861087
[5174, 0.5113762, 0.99086803, 3.6455743, 0.8414739] 2.9028373 1.0935534 0.90081125 1.0452764
[5175, 0.3814426, 1.0667866, 4.8313036, 0.6898985] 2.623273 1.1098855 0.9539585 1.0932256
[5176, 0.523619, 1.0220833, 2.939135, 0.8559309] 2.9255643 0.99548817 1.0316135 1.0865885
[5177, 0.53586346, 0.9406622, 5.632075, 0.48573086] 2.487837 1.1055255 0.9330511 1.1075764
[5178, 0.5841421, 0.8390731, 5.256099, 0.42508233] 2.3514123 1.13547 0.85735923 1.1041365
[5179, 0.43353966, 1.0399078, 4.155023, 0.60917896] 2.6146877 1.0753862 1.08411 1.2417936
[5180, 0.48235467, 1.0241177, 3.9464526, 0.65350807] 2.9183412 1.0083634 0.81301266 1.1076235
[5181, 0.5089315, 0.952867, 5.120566, 0.42131853] 2.3637767 1.0931872 0.97102785 1.2101885
[5182, 0.6013, 0.99377096, 2.6938853, 0.7454141] 3.096944 1.0905421 0.93537027 1.014522
[5183, 0.5933044, 0.85872006, 5.2455792, 0.4650646] 2.198113 1.1585293 1.05829 1.2615191
[5184, 0.5107513, 0.9968773, 5.6182823, 0.57171124] 2.3811796 1.1052386 0.9591543 1.3832072
[5185, 0.5006535, 1.0162675, 4.2414236, 0.5186346] 2.557243 1.079704 1.0487431 1.3756046
[5186, 0.4520852, 1.0185779, 5.194082, 0.45119378] 2.7294881 1.1374758 0.9853747 0.82271737
[5187, 0.60574055, 0.81022364, 5.795606, 0.4274102] 2.2739599 0.98493 1.1026517 1.1416174
[5188, 0.37220803, 1.0376669, 3.7676277, 0.71018165] 2.8285196 1.0214108 0.92397493 1.1060808
[5189, 0.48043504, 1.0354509, 3.0224311, 0.8035131] 2.842858 0.9793353 1.0521057 1.1895833
[5190, 0.44151333, 1.0423728, 4.445942, 0.5580189] 2.7138119 1.0498023 0.85958755 1.1990099
[5191, 0.4344842, 1.0453144, 4.6649427, 0.48805392] 2.5818603 1.081474 1.0907038 1.2178553
[5192, 0.42658687, 1.0360229, 5.275472, 0.5888135] 2.5614834 1.2185245 1.0464575 0.99700725
[5193, 0.61568904, 0.82826596, 5.4782133, 0.279849] 2.5280879 0.88217485 0.9485238 1.0513124
[5194, 0.39737314, 1.0606422, 4.412082, 0.6361468] 2.626804 1.1324933 0.9711039 1.2994839
[5195, 0.58543354, 0.80174094, 5.848631, 0.32983723] 2.2709427 1.076623 0.9110508 1.1620543
[5196, 0.61453754, 0.9456572, 3.118938, 0.6636819] 2.9973786 1.22421 0.85864013 0.8936587
[5197, 0.39709944, 1.069702, 5.292838, 0.54832524] 2.641701 1.0807762 0.84630847 1.0895416
[5198, 0.49031374, 1.0188932, 3.7319043, 0.76538634] 2.722381 1.1335288 0.95985943 1.1806319
[5199, 0.34850955, 1.0872684, 4.3762674, 0.4648649] 2.5096328 1.0566489 0.972076 1.2358775
[5200, 0.5577046, 1.0080363, 3.0568497, 0.7306327] 3.049063 1.2934257 0.8308232 0.9056022
[5201, 0.47008073, 1.0121311, 4.1060386, 0.64878434] 2.7361271 1.1373923 1.1064278 0.97721004
[5202, 0.3625091, 1.0776938, 4.9880795, 0.52187616] 2.590056 1.0131835 0.9902013 1.2258207
[5203, 0.46360788, 1.005002, 5.727006, 0.59937173] 2.514095 0.9953889 1.0278733 1.1913129
[5204, 0.49880186, 0.9964968, 3.8227262, 0.6417391] 2.9474843 0.97010624 0.9844228 0.8855045
[5205, 0.47472227, 1.0362973, 4.082381, 0.6140158] 2.9002118 0.93272537 0.92405444 1.0772396
[5206, 0.43028277, 1.0487491, 5.18704, 0.47722334] 2.4811435 1.2051462 1.0362123 1.1178857
[5207, 0.552773, 0.8281419, 5.8883705, 0.4534386] 2.1674328 1.1864697 1.0655049 1.0772446
[5208, 0.42728207, 1.0447321, 3.7912102, 0.73706055] 2.7257664 1.032438 0.9933869 1.2331002
[5209, 0.44464698, 1.0098823, 5.333218, 0.39443493] 2.536248 1.0262759 0.8438092 1.2209806
[5210, 0.42360848, 1.0813926, 3.0398443, 0.75666386] 2.7699919 1.0177296 1.1005391 1.275745
[5211, 0.48381191, 1.0134832, 4.5715094, 0.48495543] 2.7897236 1.2375095 0.85560656 0.9169791
[5212, 0.48712963, 0.9731975, 5.2885685, 0.56149143] 2.3060114 1.1268423 1.002827 1.2766061
[5213, 0.66701853, 0.890238, 2.782386, 0.5914921] 3.1012788 0.9806638 0.9636108 1.0184252
[5214, 0.4531661, 1.0167354, 4.8792706, 0.58210003] 2.6511767 1.0196099 0.9415032 1.167955
[5215, 0.49567533, 1.0208366, 3.2975597, 0.58431447] 2.7815514 1.2102613 0.9541418 1.1709723
[5216, 0.6152816, 1.010982, 2.636908, 0.74338204] 3.1528873 1.0250282 0.9309852 1.0740694
[5217, 0.434467, 1.0206171, 4.143323, 0.68337905] 2.6968367 1.1022079 0.9612123 1.1742995
[5218, 0.62321734, 0.7489989, 5.3926153, 0.377505] 2.2923608 1.0490509 0.7516696 1.3126535
[5219, 0.33929467, 1.0772165, 4.7060547, 0.46809193] 2.6970067 1.0527717 0.772171 1.1646552
[5220, 0.42199743, 1.0421152, 5.6543765, 0.4856286] 2.479308 1.0838809 0.98299766 1.1751353
[5221, 0.39276958, 1.0579268, 5.057522, 0.48266497] 2.5750842 1.1487505 0.9362678 1.1999409
[5222, 0.40712583, 1.0552753, 5.250556, 0.5121465] 2.495964 1.0777092 0.8858963 1.2495195
[5223, 0.32001504, 1.0887208, 4.4488807, 0.59072274] 2.7424848 0.99440235 0.8871276 1.1796219
[5224, 0.45069873, 1.012397, 5.130443, 0.6127628] 2.3850672 1.210953 0.9216122 1.1936975
[5225, 0.53619623, 0.77998567, 5.9688582, 0.48138654] 2.148402 1.0167782 0.98917514 1.3581566
[5226, 0.48865026, 0.99793404, 5.2490153, 0.5623212] 2.5261862 1.1741108 1.0121357 1.1664587
[5227, 0.52577966, 0.95581144, 4.9028087, 0.49679655] 2.5403547 1.0024508 0.8990517 1.0711472
[5228, 0.31260008, 1.0922313, 4.8304443, 0.42638266] 2.541148 1.1116986 0.86579704 1.23938
[5229, 0.5904903, 0.8328074, 5.75571, 0.42468023] 2.2423682 1.0112685 1.1253285 1.2348644
[5230, 0.53640515, 0.9446626, 5.011716, 0.4902501] 2.2927005 1.2419983 0.9782507 1.2324322
[5231, 0.53386056, 1.040824, 2.6488242, 0.70164466] 2.939222 1.2496012 1.0960014 0.9730192
[5232, 0.39438897, 1.0371684, 5.4817924, 0.6138317] 2.4905412 1.0670345 0.93399745 1.101932
[5233, 0.38841888, 1.0575969, 5.4063263, 0.5411378] 2.701507 1.0535579 0.8388547 1.0751952
[5234, 0.58024406, 0.889558, 5.158882, 0.49016508] 2.1884184 1.2371843 1.0411419 1.3027521
[5235, 0.3879581, 1.0727819, 5.4947023, 0.5093688] 2.5113688 1.1240841 0.9413712 1.0184109
[5236, 0.44229373, 1.0274425, 5.0701323, 0.48928738] 2.7260628 0.96778893 0.9380553 1.0999475
[5237, 0.43865165, 1.0397387, 5.4516826, 0.5119229] 2.6911654 1.1221187 0.7845863 1.0828929
[5238, 0.40591133, 1.0341736, 4.3200145, 0.4784663] 2.5702853 1.1654024 1.0925417 1.1628973
[5239, 0.41648018, 1.0647582, 4.945254, 0.48357692] 2.5981753 1.0829546 0.9214826 1.2492758
[5240, 0.5776023, 0.97667265, 3.2935603, 0.67058235] 2.8181963 1.0583537 0.94212925 1.3008275
[5241, 0.45863095, 1.015554, 5.759922, 0.47996107] 2.6223779 0.9613136 1.0721312 1.1088653
[5242, 0.34592164, 1.0918202, 5.407452, 0.46902743] 2.4916604 1.0527747 1.04003 1.2569355
[5243, 0.54662627, 0.9356045, 5.0866084, 0.43763366] 2.2497723 1.1162188 1.1252981 1.2298392
[5244, 0.5538226, 0.8011273, 6.674025, 0.3645317] 2.270267 1.0398747 1.0401973 1.0532131
[5245, 0.44367465, 1.0297759, 5.3337765, 0.57014364] 2.6139677 0.9994587 0.99392486 1.2801535
[5246, 0.5128693, 0.9728445, 4.979715, 0.57695484] 2.5303497 1.0059327 1.0041944 1.2402458
[5247, 0.38829497, 1.0582706, 4.7923794, 0.3806513] 2.4790921 1.4035184 0.983979 1.1148933
[5248, 0.546931, 0.781416, 6.2172213, 0.39720768] 2.0986524 1.0606754 0.92548704 1.4723756
[5249, 0.4801496, 0.99427766, 3.7852798, 0.4437866] 2.703301 1.0355949 0.89700955 1.2535316
[5250, 0.44109932, 1.0240983, 4.9152074, 0.5277201] 2.5695713 1.1224222 1.0059845 1.2502146
[5251, 0.58326334, 0.9623564, 3.0019052, 0.7822946] 2.954824 0.97614187 1.0042876 1.1072806
[5252, 0.43073425, 1.0350502, 4.6105237, 0.41850638] 2.814425 0.8791295 0.8603645 1.1774101
[5253, 0.46393958, 1.0171932, 4.0634947, 0.7025395] 2.7526686 1.099577 0.9420614 1.1199077
[5254, 0.46658018, 1.018328, 3.6970565, 0.5856114] 2.8606105 0.9659732 0.95163393 1.0872202
[5255, 0.5205987, 1.0052273, 3.118536, 0.72531843] 2.8750863 1.0453827 0.9650507 1.1106567
[5256, 0.5089986, 0.92750067, 5.6787767, 0.46093643] 2.287582 1.1165383 0.9580357 1.1551484
[5257, 0.48108795, 1.0396843, 2.9936953, 0.550456] 2.9231305 1.1072035 1.0436994 0.94933826
[5258, 0.4108637, 1.0413023, 4.368475, 0.5049198] 2.7699263 1.0276105 0.9480444 1.0519546
[5259, 0.39142323, 1.0533469, 4.596428, 0.4459246] 2.6105928 1.199109 0.9438211 1.0845662
[5260, 0.49018413, 0.9753246, 5.320192, 0.53417253] 2.292664 1.2388911 0.9726268 1.2520458
[5261, 0.47024617, 0.99023014, 4.515479, 0.51407796] 2.8150017 0.9668812 0.9125074 0.9920691
[5262, 0.37277323, 1.0468925, 4.7787657, 0.43279234] 2.7960606 1.051995 0.79469395 1.068557
[5263, 0.5982724, 0.70906514, 6.140063, 0.5273337] 2.0304427 1.1258017 0.9221795 1.3298686
[5264, 0.56382126, 0.8902196, 4.861291, 0.5536904] 2.5849638 1.022055 0.8204087 0.92286855
[5265, 0.54743713, 0.8820805, 5.759616, 0.5430505] 2.3401654 1.1541846 0.9292215 1.0716013
[5266, 0.51920116, 0.94148517, 4.6421795, 0.52921045] 2.494599 0.99080116 0.8181191 1.1966379
[5267, 0.49665946, 1.0258486, 3.587558, 0.8382681] 2.7018437 1.1536267 1.0263736 1.1781757
[5268, 0.42894524, 1.0401287, 5.033382, 0.41417506] 2.5568604 1.281335 0.98722017 1.1174338
[5269, 0.470268, 1.0234727, 4.8732824, 0.41817206] 2.4815536 1.0698119 1.113172 1.2967656
[5270, 0.5740089, 0.97815675, 3.1948762, 0.63800657] 3.0031662 1.0450613 0.92334086 1.025258
[5271, 0.5612729, 0.8932871, 5.0741343, 0.42986327] 2.3968954 1.0231357 0.8788214 1.2264054
[5272, 0.48947278, 0.99478185, 4.557505, 0.6967324] 2.605989 1.0578326 1.0182931 1.1997865
[5273, 0.5252473, 0.8719683, 5.497136, 0.4137392] 2.211002 1.0935858 0.98528886 1.2980527
[5274, 0.5676877, 1.0105051, 2.9122298, 0.5648746] 3.0673895 1.0202292 0.91956997 1.0037754
[5275, 0.4607178, 1.0274588, 3.6108027, 0.6605147] 2.6250157 1.2427644 0.9925205 1.2147762
[5276, 0.5061385, 1.0407622, 3.5217779, 0.8606014] 2.7793815 1.1520271 1.09398 1.1466005
[5277, 0.45063454, 1.0085708, 5.3952117, 0.5430882] 2.4216871 1.0733557 0.9694051 1.175625
[5278, 0.46541256, 0.99902594, 5.7461934, 0.4845565] 2.442883 1.0409544 0.9652309 1.1919059
[5279, 0.39539707, 1.0755291, 3.8100362, 0.5842382] 2.7428706 1.10583 0.90940964 1.1764882
[5280, 0.5222112, 1.0246114, 3.1776884, 0.69514436] 2.9534566 1.0634245 1.0484927 0.9473069
[5281, 0.5473251, 0.8987503, 5.230567, 0.45541233] 2.1707232 1.2070909 1.1352663 1.2985431
[5282, 0.38258883, 1.0186254, 5.652152, 0.48224932] 2.4057896 1.0005673 1.0869625 1.2549523
[5283, 0.56994843, 0.9819932, 3.0665457, 0.78443706] 2.9933727 1.0492064 0.92511094 1.0276842
[5284, 0.4517858, 1.0400424, 3.600974, 0.5986541] 2.822152 1.1418389 1.0310882 1.0121557
[5285, 0.48938772, 0.9853187, 5.6328554, 0.44875583] 2.4807239 1.2345985 0.7780209 1.1219422
[5286, 0.39036727, 1.0699612, 4.987321, 0.5791299] 2.487428 1.0471339 1.0246967 1.3113799
[5287, 0.6314287, 0.96535665, 3.0042253, 0.80358976] 2.8552194 1.097981 0.936427 1.3336711
[5288, 0.3875094, 1.0603095, 4.8336363, 0.44517028] 2.7762632 0.93949705 0.76512504 1.1113288
[5289, 0.3809008, 1.0649207, 5.799905, 0.5213903] 2.5546052 1.0706522 0.96752006 1.0593488
[5290, 0.47544318, 1.0210209, 3.9849274, 0.5522221] 2.6528742 1.0068337 1.1332278 1.287722
[5291, 0.3549805, 1.0919864, 5.138922, 0.5428207] 2.548652 1.2960161 1.0302353 1.0721533
[5292, 0.48697498, 0.999264, 4.5118318, 0.6869862] 2.7319937 1.1841402 0.9161927 1.0907278
[5293, 0.4768252, 1.0393546, 3.3458893, 0.6824462] 2.8408976 1.0629654 0.9837594 1.1871995
[5294, 0.42331257, 1.0361261, 3.8932745, 0.68405217] 2.8600008 1.0686399 0.92362356 0.99942744
[5295, 0.5399453, 0.92953223, 5.1693377, 0.4463945] 2.4935443 1.0594242 0.9359804 1.0605366
[5296, 0.5732332, 0.966888, 3.3959603, 0.63538635] 2.6799843 1.1191547 0.99401677 1.3152752
[5297, 0.45122635, 0.981202, 5.8339524, 0.5657133] 2.443525 1.0356795 1.0064982 1.1255231
[5298, 0.46745557, 1.0495983, 3.3103092, 0.64449465] 2.8690078 1.1360154 1.0200691 1.0025941
[5299, 0.4915227, 1.0642322, 3.400987, 0.7270221] 2.9823442 1.139055 0.971734 0.9488343
[5300, 0.38898686, 1.0755953, 5.508599, 0.5083079] 2.4784336 1.1712695 1.0016985 1.2421004
[5301, 0.41833806, 1.0479704, 5.3301578, 0.5162664] 2.4127932 1.0698999 1.0395042 1.249771
[5302, 0.3942411, 1.0578818, 5.6747427, 0.5027082] 2.4979482 1.0928149 1.0307262 1.060112
[5303, 0.39651924, 1.0768888, 3.658294, 0.6636584] 2.6703258 1.2708063 1.0280002 1.1332802
[5304, 0.5253557, 1.034562, 2.9292564, 0.83721954] 2.8210857 1.2506828 0.9394761 1.167923
[5305, 0.34293905, 1.0900613, 5.154488, 0.4749788] 2.6500888 1.0072396 0.8612074 1.1769917
[5306, 0.40946472, 1.079816, 5.0543685, 0.6256573] 2.6228073 1.0208213 0.9500255 1.2553872
[5307, 0.4690893, 1.0457625, 5.127877, 0.49098593] 2.4078023 1.1224221 1.0520146 1.327029
[5308, 0.3234289, 1.0823365, 4.7836084, 0.6108548] 2.7355874 0.9684844 0.98346937 1.0617485
[5309, 0.4302758, 1.0352454, 5.424009, 0.53037727] 2.6774359 1.0571663 0.8426902 1.0544726
[5310, 0.48354, 0.99471676, 4.966559, 0.5468854] 2.62814 1.100405 0.9365501 1.1916833
[5311, 0.5758709, 0.8685977, 5.229066, 0.37692755] 2.4588737 1.0770766 0.8111372 1.1174467
[5312, 0.43844834, 1.0229688, 4.9536285, 0.50878763] 2.7488918 1.0602102 0.9349289 1.0348314
[5313, 0.39001116, 1.0635583, 4.7895, 0.5478629] 2.703811 1.148859 0.8110949 1.1118362
[5314, 0.43565795, 1.0370932, 3.8504496, 0.62463737] 2.7121756 1.030675 0.9854569 1.2704879
[5315, 0.49561462, 0.98926306, 3.8123522, 0.5214947] 2.6561704 1.1769178 0.93298006 1.2319053
[5316, 0.36886898, 1.0650524, 5.768762, 0.49309254] 2.526469 1.0822982 1.00966 1.0524448
[5317, 0.41480687, 1.03961, 5.1630673, 0.56712306] 2.4897826 1.0948884 1.0722184 1.258308
[5318, 0.5792646, 0.9707827, 2.7071133, 0.9286334] 3.0847862 0.9555382 0.8871433 1.1432384
[5319, 0.42975506, 1.0161664, 5.5435762, 0.4677579] 2.48114 1.2247044 0.89496624 1.0611022
[5320, 0.48774624, 1.0400946, 3.4366903, 0.69040155] 2.868165 0.96540046 0.9932843 1.1701864
[5321, 0.41604805, 1.0446024, 3.9045486, 0.48907664] 2.7972598 0.88546723 1.0113819 1.1389325
[5322, 0.51348466, 1.0206238, 3.4338331, 0.6819245] 2.8809109 1.0944507 1.0794944 0.992393
[5323, 0.3661937, 1.0709908, 4.800714, 0.4007428] 2.6183746 1.166483 1.0441753 0.99287087
[5324, 0.41789767, 1.026342, 4.650755, 0.44296807] 2.7979846 1.0976248 0.88752115 0.95915073
[5325, 0.41467097, 1.0201361, 5.4712806, 0.5540153] 2.5332859 1.1647992 1.031559 1.1065899
[5326, 0.4813555, 0.9978415, 5.4992256, 0.4559528] 2.3677719 1.1001163 0.9413228 1.3277861
[5327, 0.4162878, 1.053492, 5.786425, 0.58345383] 2.495606 1.195338 0.9450096 1.0865585
[5328, 0.44272608, 1.023616, 4.536302, 0.64186454] 2.7722247 1.0612777 0.9532494 1.0226303
[5329, 0.46323863, 1.0548666, 4.0052266, 0.6357749] 2.777872 1.1067997 0.9585841 1.1429219
[5330, 0.44190162, 1.0297818, 5.125567, 0.66790324] 2.7368934 1.0293671 1.038957 1.010233
[5331, 0.5097122, 0.99419457, 3.4392729, 0.61152774] 2.8213677 0.93526447 1.0387523 1.1756619
[5332, 0.4232768, 1.0308925, 4.354229, 0.45599294] 2.7191503 0.938257 0.9387681 1.1324267
[5333, 0.5717528, 0.8699602, 5.102392, 0.33773452] 2.1914608 1.0490786 1.0105618 1.3887905
[5334, 0.5396923, 1.0144207, 2.9837537, 0.7812345] 3.1031451 1.0530007 0.7806288 1.0056427
[5335, 0.49697214, 0.90246844, 5.1368585, 0.42831898] 2.362299 1.0771675 0.9528499 1.1113255
[5336, 0.42706272, 1.0437742, 5.311646, 0.534422] 2.4215996 1.0011889 1.0246768 1.3192631
[5337, 0.40424824, 1.0504231, 4.0200386, 0.9925653] 2.833099 0.9975084 0.8760481 1.1054639
[5338, 0.49749514, 0.989049, 4.4493046, 0.44626534] 2.7828968 1.1440299 0.91881293 0.97630787
[5339, 0.41770425, 1.0330412, 5.6113787, 0.39145315] 2.4821446 1.118607 0.9468424 1.1639689
[5340, 0.35221374, 1.0603112, 5.6773095, 0.5767867] 2.6348982 0.9898832 0.8866692 1.0144206
[5341, 0.52607936, 0.9565486, 5.0014224, 0.38861805] 2.3351946 1.130361 0.93332785 1.4143915
[5342, 0.5515362, 0.9525508, 5.913464, 0.49674314] 2.2215812 1.2142185 1.1019282 1.3241733
[5343, 0.44197583, 1.0346318, 4.4720426, 0.46022052] 2.5583143 1.0868647 1.0404538 1.2477406
[5344, 0.37520963, 1.057486, 5.8549705, 0.52928036] 2.5067968 1.0587463 0.92939764 1.2492107
[5345, 0.41349092, 1.0268251, 4.5222635, 0.62890464] 2.748593 1.1065518 1.0149884 1.0091199
[5346, 0.468097, 1.0150342, 4.0292583, 0.5777216] 2.7181835 1.0431609 1.0402169 1.1460435
[5347, 0.4304713, 1.0372672, 4.724967, 0.5499622] 2.6981835 1.054106 0.8340232 1.2706729
[5348, 0.44400486, 1.0459934, 3.7155, 0.65520674] 2.723554 1.0454336 1.0406648 1.1829166
[5349, 0.55770606, 0.9530297, 3.7425194, 0.7021556] 2.8099408 1.0950227 0.8414217 1.1764579
[5350, 0.3253756, 1.108235, 5.1212044, 0.641879] 2.7287574 1.0600199 0.87576616 0.99170834
[5351, 0.3881152, 1.0497042, 5.432968, 0.572767] 2.4323108 1.0401284 1.0813819 1.3803153
[5352, 0.39076832, 1.0513498, 5.2936335, 0.4036519] 2.6796956 1.0912493 0.87246585 0.9766993
[5353, 0.3771024, 1.0419449, 4.6645956, 0.54214317] 2.780965 0.9196787 0.99215144 1.0577246
[5354, 0.5205327, 1.0152373, 3.1621547, 0.5979963] 3.0424266 0.9878338 0.9024545 1.0515345
[5355, 0.6372469, 0.9601572, 2.3113158, 0.75189227] 3.0357366 1.1025835 1.0963578 1.0751761
[5356, 0.43612698, 1.0431192, 3.9324346, 0.52529365] 2.760759 1.2150193 0.9527088 1.0722805
[5357, 0.38529986, 1.0675253, 5.279738, 0.5525851] 2.5268037 1.1322383 1.0037601 1.1691415
[5358, 0.4508096, 1.0225024, 5.4186764, 0.59444696] 2.540331 0.90373737 0.89251035 1.3164123
[5359, 0.6441983, 0.8096763, 4.8060927, 0.413226] 2.2396328 1.2178153 0.91672754 1.2410132
[5360, 0.4066362, 1.042697, 6.10062, 0.51558733] 2.4265664 0.96899104 1.0448363 1.278403
[5361, 0.59940684, 0.9879416, 2.836099, 0.7414611] 3.0367882 1.0151701 0.82930285 1.2152134
[5362, 0.43866134, 1.051249, 5.0008473, 0.50696206] 2.5309844 1.1640359 0.96341515 1.1992301
[5363, 0.46501982, 0.9947725, 5.375961, 0.43179193] 2.439105 1.2506201 0.9209446 1.0576546
[5364, 0.40478376, 1.0800618, 5.0831213, 0.49386287] 2.7367449 1.0644007 0.92753035 0.95839
[5365, 0.49129194, 1.0554113, 3.2560387, 0.81863016] 2.9965594 1.1136943 0.9299302 1.0101702
[5366, 0.532976, 1.014162, 2.7023106, 0.63539976] 2.854965 1.3088193 0.8980421 1.1262394
[5367, 0.4386, 1.0399978, 5.180978, 0.5249562] 2.510434 1.2082999 0.9646027 1.1927842
[5368, 0.4534796, 1.0439496, 4.299432, 0.6709489] 2.6407192 1.2432946 1.0053362 1.1201204
[5369, 0.4427915, 1.004055, 5.27762, 0.56503224] 2.3191807 1.1844027 1.0675335 1.2068708
[5370, 0.5285211, 1.0013973, 4.101239, 0.6584198] 2.6331983 1.175659 1.0607252 1.2433491
[5371, 0.545143, 0.9251898, 5.218063, 0.6273657] 2.493279 1.1489233 0.95889443 0.96187645
[5372, 0.44136304, 1.0322864, 5.451356, 0.5249486] 2.4228482 0.97468317 1.0694747 1.3680214
[5373, 0.46890312, 1.0271528, 3.7293775, 0.5833363] 2.7576475 1.1651962 1.0476468 1.0474803
[5374, 0.5572306, 0.92583334, 4.901375, 0.5361414] 2.4912295 0.9948865 1.0112482 1.0043194
[5375, 0.4448507, 1.0086752, 3.9017305, 0.61621815] 2.88136 0.9956549 0.97730577 0.9696414
[5376, 0.46832782, 1.0091503, 4.1983347, 0.5012331] 2.5716207 1.1333907 1.0487803 1.1645962
[5377, 0.538786, 0.8481651, 5.4985824, 0.41330522] 2.2060838 1.107017 0.9604195 1.2855492
[5378, 0.41892782, 1.0500776, 4.862097, 0.42731285] 2.552122 1.0139568 0.9214221 1.2439064
[5379, 0.40176728, 1.0743984, 5.6435103, 0.51107997] 2.5055 1.1702876 0.982494 1.1757438
[5380, 0.45575666, 1.0238045, 5.36439, 0.47974387] 2.4191408 1.1526428 0.99365413 1.1303104
[5381, 0.45655754, 1.0182222, 4.127077, 0.47366038] 2.6921687 1.0592604 1.0174313 1.1166071
[5382, 0.4491939, 1.0865601, 3.0030148, 0.9825028] 2.8813014 1.056881 1.0480485 1.1431307
[5383, 0.567748, 0.93334436, 4.999037, 0.537134] 2.4139602 1.0176414 1.0913037 1.4792488
[5384, 0.4734916, 1.035349, 3.120022, 0.7174] 3.0318274 0.8968241 0.918843 1.1163204
[5385, 0.4831705, 1.0203102, 3.6174366, 0.67860615] 2.7551742 1.0566863 1.0210801 1.1945876
[5386, 0.53364855, 0.85988927, 6.2368946, 0.43720955] 2.2105799 1.2604204 0.86450005 1.1934034
[5387, 0.44197163, 1.0129402, 5.048926, 0.535144] 2.8332984 1.0514063 0.9114606 0.8745975
[5388, 0.41653168, 1.0456934, 4.085421, 0.6648346] 2.6650703 1.0752015 0.98395956 1.2192183
[5389, 0.48436192, 0.95231205, 5.1007247, 0.5520393] 2.3992717 1.0735033 0.9398732 1.1321759
[5390, 0.481865, 1.0268757, 4.2021065, 0.7618128] 2.8562226 1.0165457 0.98505986 1.0382206
[5391, 0.4281407, 1.0413599, 3.8462136, 0.54579604] 2.7143424 1.0369925 1.0172094 1.2242534
[5392, 0.48424926, 1.0108916, 3.9240391, 0.5879374] 2.7387898 1.0766429 0.8994576 1.2411232
[5393, 0.39739966, 1.0580314, 6.177354, 0.48375225] 2.462877 1.0377194 1.050469 1.1913402
[5394, 0.41398844, 1.0499672, 5.9788394, 0.4677777] 2.6960306 1.0580336 0.78301024 1.0060499
[5395, 0.4686449, 1.0365347, 3.8969338, 0.6865621] 2.6986623 1.1565086 0.85442346 1.2675583
[5396, 0.5776441, 0.93289286, 3.8041348, 0.55752283] 2.921299 0.8666526 0.8921534 1.095599
[5397, 0.43828902, 1.0215013, 4.8210535, 0.38797396] 2.5066688 1.0362344 1.110197 0.99097705
[5398, 0.4073806, 1.0648298, 5.620164, 0.56121844] 2.3986576 1.1306936 1.0617082 1.2982756
[5399, 0.42239168, 1.0398495, 4.903256, 0.4390317] 2.5990486 1.0239456 0.95149225 1.2668734
[5400, 0.4471481, 1.0467092, 5.3129945, 0.55849] 2.4809256 1.1749767 1.0163689 1.1691508
[5401, 0.33881712, 1.0909972, 4.9588876, 0.6474473] 2.5678585 1.0693935 1.0540483 1.1579565
[5402, 0.46790704, 1.0192083, 3.8021734, 0.7444924] 2.8267224 1.0567541 0.9849487 1.1403452
[5403, 0.38924104, 1.0707293, 3.3350277, 0.74972457] 3.0113215 0.9124106 0.9010397 0.9802691
[5404, 0.5537668, 0.7752036, 5.782001, 0.39229167] 2.2813742 1.0121614 0.95776093 1.0799628
[5405, 0.41961393, 1.0302584, 5.5813613, 0.7466561] 2.4476197 0.9601027 1.0156026 1.2455175
[5406, 0.496657, 1.0424283, 2.9480863, 0.7487677] 2.849192 1.1992242 0.9814443 1.2232275
[5407, 0.35605267, 1.0815581, 5.182599, 0.57282615] 2.7770677 0.97480476 0.8788454 1.0359395
[5408, 0.38108903, 1.052878, 4.5294952, 0.46090132] 2.753683 1.0016217 0.86552125 1.1494174
[5409, 0.50560856, 1.0414423, 3.4707878, 0.6393226] 2.7634006 1.1114928 0.933454 1.2893395
[5410, 0.5914371, 0.92241246, 4.641241, 0.4450756] 2.6498356 1.2162462 1.0222558 1.024417
[5411, 0.5114796, 1.0118978, 3.3645542, 0.62419593] 2.811015 1.1825411 0.90113246 1.147937
[5412, 0.6310233, 0.7669134, 5.217508, 0.38749757] 2.171709 1.0383649 0.9859238 1.3359329
[5413, 0.5987078, 0.878343, 5.3848844, 0.47856307] 2.3710897 1.043118 1.0764104 1.1100123
[5414, 0.5330667, 1.0402173, 3.1202996, 0.8332166] 2.87385 1.1767918 1.0367265 1.0746665
[5415, 0.47346804, 0.9617266, 4.831772, 0.39251137] 2.513538 1.0874958 0.84566534 1.0557597
[5416, 0.4683324, 1.0374515, 4.5439296, 0.60801834] 2.7342808 1.042449 0.972071 1.1773719
[5417, 0.47470975, 1.0161667, 5.793441, 0.6758469] 2.4676266 0.9768742 1.0873172 1.2255764
[5418, 0.44594437, 1.0191805, 5.714022, 0.77391845] 2.4385715 1.0412269 0.99578404 1.2737328
[5419, 0.41021085, 1.0430315, 5.250218, 0.5572655] 2.518497 1.0501753 0.96435183 1.1254756
[5420, 0.5093667, 1.0352635, 3.1012893, 0.69232893] 2.9425375 1.0974492 1.1316487 0.93548304
[5421, 0.5213664, 0.9015303, 5.6637545, 0.4666269] 2.4219177 0.9635536 0.9884556 1.1131217
[5422, 0.45700946, 1.0071868, 4.329538, 0.61661875] 2.7683969 0.98748255 1.000318 1.0830854
[5423, 0.4103704, 1.057884, 5.469984, 0.7170257] 2.7366266 0.8781435 0.92627907 1.0644187
[5424, 0.44897893, 1.0266538, 4.7410617, 0.49329832] 2.478132 1.1384771 0.98133814 1.3382589
[5425, 0.4362264, 1.0531954, 3.6534436, 0.810248] 2.908048 1.0161989 0.94557273 1.0355046
[5426, 0.5703634, 0.96754867, 3.2185023, 0.67762417] 2.740415 1.1008909 1.0720786 1.2185084
[5427, 0.4325477, 1.0228506, 4.589408, 0.49605492] 2.5503173 1.1972876 1.0335073 1.2403766
[5428, 0.6843942, 0.963413, 2.505479, 0.8623082] 3.0323427 1.1385158 0.90259606 1.3601896
[5429, 0.56383246, 0.9369564, 5.9020457, 0.5556669] 2.335115 0.9674033 1.0082047 1.4670467
[5430, 0.5971594, 0.75149083, 5.9141226, 0.53053445] 2.1011581 1.0796646 1.07032 1.2898268
[5431, 0.55459917, 0.8815271, 5.2482123, 0.43639445] 2.4154525 0.9884796 0.9078314 1.1765524
[5432, 0.3813416, 1.0472646, 5.2649426, 0.6238358] 2.8258154 0.8734361 0.8492098 0.8676085
[5433, 0.36931917, 1.0765162, 5.4345956, 0.48752257] 2.7755508 0.9304596 0.8243158 1.0846617
[5434, 0.6256309, 0.9756698, 2.5809433, 0.74670887] 3.1116703 1.236188 1.0311152 0.81125736
[5435, 0.5301346, 1.0266122, 3.1472971, 0.7984137] 2.8262038 1.0207057 0.9800826 1.3045257
[5436, 0.37596452, 1.0911717, 5.823447, 0.59319395] 2.4908757 1.1494671 0.9595468 1.1991627
[5437, 0.39386448, 1.0553318, 5.109543, 0.4733602] 2.5835352 1.0039327 0.8850201 1.2501979
[5438, 0.5693879, 0.9300407, 3.991943, 0.49088946] 2.539589 1.169369 0.9856445 1.3744147
[5439, 0.5230047, 0.9963907, 4.5833826, 0.53030235] 2.6869218 1.1727736 1.0660728 0.9046777
[5440, 0.3807431, 1.0716412, 4.3360868, 0.5292666] 2.5761793 1.1236813 1.0730686 1.1734495
[5441, 0.45250845, 1.0347708, 4.187649, 0.54440796] 2.5730567 1.1290418 0.9350769 1.3745704
[5442, 0.6186795, 0.74354595, 5.8711367, 0.36497957] 2.359085 1.0687323 0.8054962 1.066752
[5443, 0.37026435, 1.0673056, 4.4670925, 0.62448233] 2.770034 0.9698564 0.8268438 1.241381
[5444, 0.4830643, 1.0121088, 3.4477737, 0.5984341] 2.7720468 1.1059158 0.8859592 1.207667
[5445, 0.38994196, 1.0505611, 4.067727, 0.7253553] 2.755725 1.1273034 0.96570516 1.0173501
[5446, 0.43071258, 1.0213596, 5.078007, 0.60269713] 2.534046 1.0838857 1.0820205 1.1977166
[5447, 0.6291358, 0.89771354, 3.6691334, 0.73843414] 2.8211868 1.0091857 0.9060186 1.2332834
[5448, 0.5422942, 0.8642674, 4.7773147, 0.4474858] 2.212812 0.958418 1.116857 1.3634472
[5449, 0.42416346, 1.0480907, 4.9362774, 0.49787217] 2.6503053 1.1360432 0.872663 1.048108
[5450, 0.4378337, 1.0240793, 5.135252, 0.55516917] 2.5291288 1.1985642 0.94176507 0.9075933
[5451, 0.55858296, 0.973022, 3.2304075, 0.8620533] 3.098632 0.92852664 0.8897796 0.88572896
[5452, 0.7263889, 0.6051454, 5.922884, 0.44777274] 2.093379 0.96933603 1.0333676 1.3286617
[5453, 0.5422371, 0.94700986, 5.450021, 0.633862] 2.364968 1.2202057 0.86101073 1.2649387
[5454, 0.37107518, 1.0857322, 4.8280983, 0.5186911] 2.6381 1.0008868 1.0115355 1.1526415
[5455, 0.6354634, 0.9805406, 2.6216087, 0.8282522] 3.1394477 1.119542 0.99363416 0.8095855
[5456, 0.50926924, 0.9437879, 5.439198, 0.44416624] 2.2913728 0.981613 1.1156754 1.3237221
[5457, 0.4340742, 1.0382621, 4.60684, 0.516363] 2.7474236 1.0695105 0.9471462 0.99553674
[5458, 0.36446473, 1.0643499, 4.4028635, 0.53175145] 2.6636248 1.0826863 1.0258479 1.0480623
[5459, 0.3529976, 1.075353, 4.3967767, 0.48276156] 2.6868773 1.1695082 0.9449827 1.0392095
[5460, 0.424405, 1.044911, 5.7326417, 0.48841724] 2.7157104 0.9676598 0.815373 1.0174288
[5461, 0.5330761, 0.9944575, 2.7999268, 0.6823701] 2.9769778 1.0240626 1.0003791 1.097754
[5462, 0.44156632, 1.0170368, 4.4058423, 0.46351796] 2.696384 1.0417926 0.8178889 1.1905582
[5463, 0.5516214, 1.0505757, 2.4978096, 0.7456911] 3.084954 1.015013 1.0879284 1.0568962
[5464, 0.5391614, 0.8815199, 5.4812646, 0.36405578] 2.34165 1.196144 0.8396667 1.146199
[5465, 0.61136985, 0.8665181, 5.776641, 0.41528696] 2.279286 1.0416598 1.191213 1.2517159
[5466, 0.5047965, 1.0254157, 3.4216695, 0.70939505] 2.9524333 1.0475773 0.9352126 0.96724045
[5467, 0.5403172, 0.9154219, 4.9015007, 0.56535506] 2.2185 1.1217908 1.1658564 1.2076585
[5468, 0.41880363, 1.0535018, 4.3606915, 0.64080715] 2.7360613 1.1097115 1.0056235 1.0447998
[5469, 0.42268172, 1.0320001, 4.474642, 0.56567436] 2.6704488 1.1341183 1.006275 1.0626944
[5470, 0.37703297, 1.0896844, 6.108932, 0.6631399] 2.3874044 1.0887719 1.077727 1.3118937
[5471, 0.50551075, 0.9877929, 4.2409267, 0.68760353] 2.7994058 0.9963103 0.91673106 1.127222
[5472, 0.43158466, 1.0351065, 4.212381, 0.4754491] 2.778209 0.9912697 0.8879669 1.157285
[5473, 0.53558916, 0.82544833, 6.4089713, 0.4367349] 2.241812 0.9638499 1.0485599 1.1885005
[5474, 0.4698537, 1.0099174, 4.1698866, 0.50721335] 2.6034532 1.216938 0.90245426 1.239942
[5475, 0.44627428, 1.0378157, 5.9844584, 0.62573373] 2.3361049 1.2144729 1.022778 1.3225048
[5476, 0.43296558, 1.0410037, 3.9539552, 0.6694182] 2.6640744 1.0161865 1.0550765 1.2678131
[5477, 0.53919655, 1.0319586, 3.0409825, 0.68334097] 2.8286395 1.209321 1.0748249 1.0894011
[5478, 0.5101961, 0.9911287, 3.0928717, 0.5427511] 2.8653927 1.2385062 0.98155457 0.9581052
[5479, 0.38562408, 1.0788422, 4.821837, 0.89995074] 2.627445 1.2367418 0.9844761 1.1103185
[5480, 0.5075982, 0.99097335, 5.362713, 0.53786886] 2.5076833 0.9740522 0.93650925 1.3187724
[5481, 0.5742769, 0.92485744, 4.878743, 0.4913754] 2.305908 1.204527 1.0189643 1.2193198
[5482, 0.40494403, 1.0417649, 4.9278364, 0.46331128] 2.5125706 1.1035486 0.94191885 1.0422269
[5483, 0.49721092, 1.0033243, 5.399328, 0.49898782] 2.474973 0.96898407 0.9323877 1.3743792
[5484, 0.4595921, 1.0361345, 5.1647735, 0.5583657] 2.3932211 1.0523598 1.0135145 1.4120973
[5485, 0.43144655, 1.0415133, 6.1421566, 0.53147763] 2.466019 0.9103804 1.0902169 1.2588986
[5486, 0.41665494, 1.0190487, 5.0062747, 0.5395252] 2.6522484 0.94003284 1.0546222 1.1562928
[5487, 0.3754969, 1.0723569, 5.221131, 0.6325375] 2.5614724 1.0820066 1.0014583 1.1616651
[5488, 0.45552438, 1.0228435, 5.435958, 0.4034512] 2.3598955 1.2113956 0.90275806 1.3010052
[5489, 0.39166728, 1.0390599, 4.7499437, 0.6050367] 2.736004 1.0811003 0.8866325 1.0502809
[5490, 0.5829622, 1.0012943, 2.8512504, 0.80428356] 2.9701567 1.1117731 1.0194479 1.1932871
[5491, 0.46073297, 1.0143337, 5.2979436, 0.51656294] 2.4481566 1.2466309 1.0217539 1.2754973
[5492, 0.43714994, 1.0211262, 5.3251734, 0.5362754] 2.3193994 1.1613919 1.082341 1.2316827
[5493, 0.51644504, 0.7108416, 5.4140024, 0.62950724] 2.0280395 1.0776278 0.9304212 1.2758043
[5494, 0.4219724, 1.0503129, 5.0676064, 0.4262979] 2.669014 1.1766245 0.8867477 0.97960013
[5495, 0.54918915, 0.98669857, 3.5119865, 0.67209953] 2.937703 1.1061326 1.0517344 0.8778187
[5496, 0.45660818, 1.0466923, 3.8736815, 0.5232823] 2.7952397 1.0520483 0.81661713 1.3159894
[5497, 0.523829, 0.97625136, 3.502221, 0.7973944] 2.8034391 1.0499419 0.84271777 1.2492946
[5498, 0.6092391, 0.7885933, 6.3838525, 0.35431328] 2.290699 1.0527332 0.96772677 1.1143351
[5499, 0.4544904, 1.017895, 5.389595, 0.5803721] 2.436806 1.0746298 0.96351755 1.2112213
[5500, 0.51969075, 1.0020949, 4.059279, 0.73078644] 2.59267 1.1350527 1.0265936 1.3413877
[5501, 0.5818927, 0.99206537, 2.7597103, 0.61371565] 3.0836623 0.91336507 1.0751839 1.0435205
[5502, 0.4768914, 1.0202612, 3.7521415, 0.6009105] 2.6353042 1.2572436 1.0304945 1.1704837
[5503, 0.48368984, 1.0000495, 4.0647836, 0.45559666] 2.7775507 1.0992357 0.8124188 1.007141
[5504, 0.52438694, 0.94941694, 5.4630966, 0.45590332] 2.3253872 1.1087371 0.9324755 1.325755
[5505, 0.39726517, 1.0185292, 4.3889875, 0.54836553] 2.6573646 1.0372694 0.9534123 1.211964
[5506, 0.66773224, 0.918963, 2.6999145, 0.61623174] 3.214832 0.975266 1.0523134 0.7370561
[5507, 0.44736856, 1.0491736, 4.2150364, 0.6622037] 2.810764 1.0756968 0.8639871 1.1174985
[5508, 0.5565383, 0.8250082, 6.027462, 0.42088485] 2.2468965 1.1583613 0.8870674 1.1746719
[5509, 0.52483827, 0.9817005, 3.6672769, 0.51984423] 2.855486 1.1119758 0.88578594 1.0085046
[5510, 0.43845993, 1.0345676, 5.228684, 0.5160799] 2.4738467 1.0716189 0.92974174 1.2488724
[5511, 0.597915, 0.9784444, 3.1472297, 0.86015505] 2.8249693 1.0838354 0.9309011 1.3627797
[5512, 0.4684644, 1.0231924, 3.8295116, 0.61514926] 2.6488323 1.1467961 0.95704293 1.2939185
[5513, 0.4522982, 1.0197508, 5.4455905, 0.5849054] 2.462667 1.1141146 0.903027 1.1994419
[5514, 0.41569746, 1.0697821, 5.0817795, 0.47128978] 2.5503454 1.0774976 0.8916436 1.3235403
[5515, 0.6023142, 0.56408376, 5.102074, 0.80156314] 1.9947742 1.1086408 0.9332902 1.0310552
[5516, 0.45916066, 1.0357691, 4.64288, 0.42095292] 2.6355379 1.2809477 0.89471984 1.0976747
[5517, 0.5732243, 0.9724509, 3.3581233, 0.7153093] 2.7900128 1.0338006 0.95077705 1.2530506
[5518, 0.6720272, 0.72667617, 6.2046494, 0.48149094] 2.2789013 1.0038606 1.1096452 1.071852
[5519, 0.42120752, 1.0519984, 5.010654, 0.718385] 2.5680175 1.031519 0.9855422 1.2164408
[5520, 0.4919693, 0.99923116, 4.283019, 0.56144416] 2.751315 1.0920289 0.7937553 1.2061956
[5521, 0.45316935, 1.0116633, 3.494075, 0.5843549] 2.746359 1.0638556 1.0509238 1.1399293
[5522, 0.33013, 1.0681534, 5.027922, 0.7496934] 2.6244068 1.0692614 1.0307261 1.1708508
[5523, 0.4331234, 1.0468723, 4.5329423, 0.68457633] 2.8611336 1.0330281 0.95342094 0.9505542
[5524, 0.44374624, 1.0352316, 4.535594, 0.38663083] 2.6265688 1.0831726 0.9830089 1.2088565
[5525, 0.44422066, 1.0413136, 4.5823336, 0.44592258] 2.4784522 1.2119514 0.9419509 1.324725
[5526, 0.42110124, 1.035079, 5.9253798, 0.65364075] 2.33985 1.1883137 1.0352591 1.2630652
[5527, 0.4041577, 1.0665845, 5.156069, 0.5063805] 2.5444942 1.1135234 0.85257274 1.1402011
[5528, 0.63427347, 0.8372169, 4.7904253, 0.4849438] 2.3406386 1.077078 0.8992301 1.3246497
[5529, 0.5717971, 0.99934644, 2.7181258, 0.6328393] 3.0549765 1.1722833 0.8320628 1.0866832
[5530, 0.4750127, 1.0275428, 3.3851125, 0.6836027] 2.7330258 1.1750083 0.94490814 1.1730156
[5531, 0.52015203, 1.0182483, 2.9844995, 0.8011245] 2.967973 1.0365826 0.92056066 1.0602758
[5532, 0.31477526, 1.101806, 4.874073, 0.57949024] 2.572129 1.0811096 1.0110949 1.0909898
[5533, 0.63161755, 0.7837515, 5.574945, 0.45056224] 2.236695 1.2213554 1.0089499 1.0676534
[5534, 0.45836613, 1.0325176, 4.728404, 0.63305354] 2.4537687 1.1523341 1.0565597 1.3956246
[5535, 0.4984728, 0.9367095, 4.619719, 0.3264047] 2.3233287 1.1880324 0.96545553 1.159224
[5536, 0.27074012, 1.1099685, 5.246596, 0.6142798] 2.5430894 1.1287748 0.9203823 1.0561899
[5537, 0.3613717, 1.0687876, 5.5126724, 0.5260967] 2.4598172 1.1114117 1.0562885 1.2862881
[5538, 0.42826432, 1.0346627, 4.615471, 0.4802215] 2.6621845 1.0323994 0.848246 1.2253938
[5539, 0.43456084, 1.0141522, 5.4042835, 0.37016428] 2.485597 0.981539 0.9039207 1.2171806
[5540, 0.5039359, 0.9902867, 4.4509697, 0.61014485] 2.9057577 0.9531775 1.048195 0.7816843
[5541, 0.4130596, 1.0390075, 3.0712426, 0.5459772] 2.9857867 0.9214706 0.8637874 1.1033313
[5542, 0.4777942, 1.0069083, 4.3600383, 0.51728505] 2.6155388 1.1262704 0.9742338 1.216037
[5543, 0.53190583, 0.9105206, 5.2191772, 0.56540537] 2.3819692 0.99836534 0.9741508 1.1796861
[5544, 0.5309093, 0.95245093, 4.1417513, 0.5035869] 2.6299129 1.1300143 0.8202621 1.3714443
[5545, 0.6031676, 0.7594618, 5.769405, 0.47686088] 2.3603454 0.8404123 0.98595226 1.173835
[5546, 0.46004587, 1.0189329, 5.679463, 0.57642066] 2.3716085 1.1019316 1.0078399 1.2904385
[5547, 0.36043677, 1.0706854, 5.6835604, 0.46943414] 2.7434711 0.8615068 0.8556111 1.1722326
[5548, 0.4835129, 1.0468785, 3.3079562, 0.8640745] 3.0437195 1.0289093 0.9162782 0.9633208
[5549, 0.5945273, 0.87398857, 5.018626, 0.5345343] 2.4555507 0.96640676 0.94631463 1.1623604
[5550, 0.5453712, 0.95942634, 3.4324803, 0.49831071] 2.939082 1.0695875 0.9567006 0.8935844
[5551, 0.42040032, 1.0184677, 4.942086, 0.6430923] 2.6010978 0.9166333 0.95806617 1.0761611
[5552, 0.5794967, 0.9332343, 3.1024988, 0.7956687] 2.977918 0.98555565 0.86760795 1.0213809
[5553, 0.49803844, 1.0322467, 3.4216778, 0.6591895] 2.8514016 1.1815683 0.9372688 1.0631229
[5554, 0.5425656, 0.9050976, 5.1447825, 0.4654266] 2.4604118 1.0235814 0.9849047 1.0176086
[5555, 0.62144136, 0.9809548, 2.7331738, 0.5621713] 3.244324 0.9543427 0.95492667 0.823513
[5556, 0.46285588, 1.0146946, 4.6644483, 0.47886467] 2.4982007 1.1747591 0.9662329 1.2659912
[5557, 0.4146001, 1.0223511, 5.27036, 0.5075555] 2.6345565 0.98508155 1.0044622 1.0563613
[5558, 0.4106718, 1.0198956, 5.535246, 0.59938484] 2.5190544 1.1349531 0.9548723 1.1349665
[5559, 0.5307924, 0.97878516, 5.0883503, 0.53626364] 2.4772565 1.0353802 0.93428516 1.4593557
[5560, 0.47566217, 0.98995847, 5.1565204, 0.5937611] 2.3935018 1.1746489 0.9540565 1.2400453
[5561, 0.4521748, 1.014582, 5.4878864, 0.4860524] 2.501094 1.0894736 1.0199761 1.1274765
[5562, 0.35182, 1.0689669, 4.151002, 0.5420184] 2.6908464 1.0772717 0.99730027 1.1533943
[5563, 0.58926255, 0.9767414, 3.1917953, 0.7506492] 3.1710114 0.9642794 0.8608167 0.82134473
[5564, 0.37763134, 1.0412744, 5.6986113, 0.45741782] 2.624661 0.9333209 1.0709918 1.1495914
[5565, 0.4382526, 1.0346627, 5.4725385, 0.5060071] 2.476584 0.9466186 1.0062639 1.3383087
[5566, 0.5273821, 0.90781903, 5.534654, 0.43414718] 2.3928692 0.9787907 0.9601891 1.1629446
[5567, 0.48664197, 1.0151668, 4.7603674, 0.5635982] 2.5611076 1.1502595 0.94744056 1.2881354
[5568, 0.49217102, 1.020748, 3.3417888, 0.6435735] 2.7843504 1.0873268 0.8923046 1.2491596
[5569, 0.49640876, 0.9851156, 5.43772, 0.49185002] 2.4991195 1.0043361 0.80945635 1.3079679
[5570, 0.48661217, 1.0342478, 3.0361772, 0.6437116] 3.0181868 0.92619526 1.063624 0.8776859
[5571, 0.3439474, 1.0970675, 5.0962014, 0.592411] 2.4823017 1.1951675 0.990986 1.206766
[5572, 0.40656972, 1.0711776, 3.0380704, 0.6873304] 2.7827032 1.059789 0.9854957 1.1530627
[5573, 0.6290068, 0.96831566, 2.63477, 0.5110483] 3.0446177 1.153807 1.056458 0.9421086
[5574, 0.6258156, 0.7797048, 6.9777646, 0.52837414] 2.0213077 1.2519864 1.0558481 1.3673308
[5575, 0.33047247, 1.0785857, 4.6740284, 0.48832485] 2.8166096 0.94230795 0.8772553 0.9761176
[5576, 0.4850861, 1.0092566, 6.402783, 0.6592937] 2.3588297 1.0786159 1.0412784 1.279486
[5577, 0.3773304, 1.0769453, 4.266575, 0.617981] 2.7637348 1.0470736 1.0107392 1.0115149
[5578, 0.613977, 0.9267103, 3.5881326, 0.7083148] 2.693253 1.1081041 1.0593618 1.2730186
[5579, 0.4356425, 1.0324409, 5.7744894, 0.51888126] 2.628497 1.0763065 0.94332397 0.9130048
[5580, 0.43930766, 1.0348548, 4.551356, 0.4939901] 2.6484694 1.0753211 0.94700474 1.2343279
[5581, 0.2975823, 1.1142781, 5.013221, 0.59257925] 2.5643291 1.2255707 1.0763122 1.0114046
[5582, 0.5198879, 1.0053755, 4.290438, 0.4419046] 2.5189896 1.180861 1.0587817 1.3281316
[5583, 0.38427395, 1.0672045, 3.9311457, 0.5650326] 2.772335 0.9653821 0.9219681 1.2472584
[5584, 0.39414585, 1.0657685, 5.6650033, 0.63898164] 2.5539827 1.0533231 0.9387628 1.1396664
[5585, 0.3632918, 1.0829146, 4.4695096, 0.5781919] 2.6906116 1.1425841 0.8688184 1.1461859
[5586, 0.5067062, 0.998026, 3.7213612, 0.5178367] 2.9084716 1.0446196 0.86535203 1.0145837
[5587, 0.49927545, 1.001082, 5.483563, 0.447956] 2.473956 1.2823501 0.9536233 1.0609756
[5588, 0.50963527, 1.0302818, 3.4091163, 0.69104856] 3.045563 1.1073942 0.8363325 0.95532775
[5589, 0.45430952, 1.0026563, 5.696454, 0.47347912] 2.4964454 1.1077989 0.89486736 1.0948089
[5590, 0.3837839, 1.0584865, 5.2177978, 0.47013706] 2.6342754 1.0400927 0.915277 1.202023
[5591, 0.45610848, 1.0088391, 3.8691006, 0.6955483] 2.7857025 1.0691009 0.8503632 1.220152
[5592, 0.5234975, 0.91006166, 5.3437095, 0.6460194] 2.3144927 1.0167812 1.1314846 1.1331478
[5593, 0.5282498, 1.0495493, 3.0198624, 0.8621879] 2.923618 1.1743597 0.9302908 1.1143742
[5594, 0.45667985, 0.9979983, 5.390706, 0.44655243] 2.4406888 1.0539875 1.0275105 1.1510509
[5595, 0.48211542, 1.0376041, 3.0232148, 0.6005713] 2.8088577 1.1631742 1.1652151 1.0106117
[5596, 0.59241074, 1.0108255, 2.8186507, 0.6831116] 2.9410675 1.0220473 0.96960366 1.3264908
[5597, 0.46591315, 1.0316976, 5.3303075, 0.51579714] 2.4304266 1.1081747 0.8823003 1.4400132
[5598, 0.46715853, 1.0145231, 3.1315846, 0.66181356] 2.805016 1.2065804 1.0162162 1.062354
[5599, 0.39850512, 1.0632029, 4.735693, 0.5801478] 2.7479515 1.2157916 0.95179737 0.90787286
[5600, 0.5652603, 0.903257, 5.140732, 0.46597818] 2.3246627 1.1642158 1.0315335 1.1299331
[5601, 0.47242758, 1.0343379, 3.7378478, 0.6307559] 2.8227177 1.0460764 1.0601584 1.0646946
[5602, 0.47183135, 1.0152392, 3.5533283, 0.80424255] 2.770236 1.0218964 1.0281656 1.1707649
[5603, 0.52605206, 0.9802642, 5.6162806, 0.45859045] 2.524633 1.1257516 0.9988258 1.043552
[5604, 0.39153478, 1.065322, 4.642747, 0.7541457] 2.5544991 1.076555 1.090963 1.2109073
[5605, 0.41347703, 1.0496897, 5.2558136, 0.53317165] 2.5716987 1.1275483 0.9973777 1.0893042
[5606, 0.39781725, 1.054067, 5.1080074, 0.45211786] 2.642352 1.1656623 0.8908043 1.0667135
[5607, 0.70509917, 0.63891846, 5.8558826, 0.44010186] 2.1777062 0.92575085 1.016673 1.2380116
[5608, 0.35106024, 1.0708983, 5.614707, 0.6639083] 2.533642 1.034566 1.0222918 1.140456
[5609, 0.32168356, 1.1205523, 5.413358, 0.65409434] 2.5616646 1.0894165 0.9157261 1.1855121
[5610, 0.49152422, 0.94748956, 5.325082, 0.7502029] 2.352688 1.030135 0.92912304 1.3479714
[5611, 0.3734324, 1.0635215, 4.6384854, 0.48964402] 2.6537545 1.1702405 0.9356457 1.1040425
[5612, 0.48513034, 0.9919944, 4.994896, 0.52685255] 2.422511 1.0767498 0.9662472 1.2289555
[5613, 0.36896655, 1.1178025, 5.048255, 0.42640364] 2.6500616 1.0672686 0.9805058 1.1357859
[5614, 0.41312566, 1.0497754, 5.1689324, 0.5688926] 2.4912841 1.1728436 1.0300264 1.1997789
[5615, 0.39575452, 1.0682782, 3.9015555, 0.5396123] 2.7262428 1.0282979 0.9887918 1.1488369
[5616, 0.47685298, 0.90106016, 6.0394793, 0.43232182] 2.2137787 1.0933654 0.96255064 1.2853787
[5617, 0.41697454, 1.0674647, 5.336744, 0.55135506] 2.521422 1.0816177 1.070331 1.1547341
[5618, 0.44409823, 1.0502473, 5.3939033, 0.4714749] 2.656377 0.931982 0.8287369 1.2509093
[5619, 0.57679045, 0.99434936, 2.9408793, 0.65464187] 2.8530262 1.0531875 1.0033798 1.3642166
[5620, 0.40340284, 1.0611665, 5.3114066, 0.54141283] 2.5978458 0.9622368 1.0407712 1.1862531
[5621, 0.55254495, 1.0027729, 3.1343796, 0.7383093] 2.8856237 1.2139254 0.867999 1.0944642
[5622, 0.5191586, 1.0101888, 3.4552822, 0.7157176] 2.951049 0.9852094 1.0669479 1.0217849
[5623, 0.45722738, 1.0270671, 5.5152674, 0.46909848] 2.3732297 1.1322273 0.9575827 1.2729669
[5624, 0.49119514, 0.9956071, 5.6174946, 0.4671238] 2.3317916 1.2537055 0.92732245 1.3899332
[5625, 0.45119035, 1.0295802, 4.0762124, 0.5703513] 2.5930324 1.0853845 0.990185 1.3516053
[5626, 0.363879, 1.0953919, 5.6663046, 0.62296873] 2.7161498 0.9671144 0.9981079 0.9908567
[5627, 0.40275946, 1.070933, 5.1466537, 0.45006794] 2.6080348 1.1039531 0.9199605 1.0615598
[5628, 0.41586244, 1.046417, 5.140963, 0.59124094] 2.4162583 1.1873316 0.9846539 1.1752498
[5629, 0.56620723, 0.96466035, 3.3099875, 0.62131894] 2.939545 1.0001843 0.90019226 1.1085218
[5630, 0.4966452, 0.9920626, 4.023642, 0.5387748] 2.7022676 1.1415409 0.81534135 1.2931949
[5631, 0.43824267, 1.0280527, 4.609106, 0.512884] 2.6296551 1.2216967 0.91546106 1.1608268
[5632, 0.6165878, 1.0134541, 2.9167848, 0.69913006] 2.864826 1.1121513 1.0496672 1.34005
[5633, 0.48184425, 0.998062, 4.2557693, 0.4103829] 2.6793008 1.1573498 0.9121687 1.1962259
[5634, 0.44117615, 1.0330571, 5.5854115, 0.4701556] 2.6171865 1.0839354 0.8487987 1.0982057
[5635, 0.43502018, 0.99043345, 5.820508, 0.6211668] 2.4604461 1.0725614 0.95914286 1.0755711
[5636, 0.58532596, 1.0511258, 2.52766, 0.5751568] 3.1684942 1.1114464 0.9304191 1.0751055
[5637, 0.41299716, 1.0644872, 4.979555, 0.4864624] 2.6629722 1.0185544 0.92838234 1.1341574
[5638, 0.4662029, 0.9915066, 4.5022326, 0.5914285] 2.7225494 0.9208745 1.0115389 1.2322541
[5639, 0.5238847, 0.9575991, 5.1458592, 0.43161714] 2.5016193 1.1448104 0.8067719 1.2159046
[5640, 0.43516797, 1.0699825, 4.142818, 0.8237485] 2.5899682 1.1326263 1.0613685 1.3072896
[5641, 0.48139313, 0.98260576, 5.5239816, 0.47853234] 2.5316334 1.1664741 0.9536968 0.94324136
[5642, 0.33228895, 1.1314206, 5.632037, 0.51564294] 2.4652808 1.1616033 0.9732332 1.2089477
[5643, 0.63065624, 0.68923485, 5.1458616, 0.32038608] 2.2731657 1.0577149 0.9181356 1.060006
[5644, 0.62008667, 0.82519096, 4.79557, 0.41680688] 2.1994243 1.2427126 0.8015442 1.4191879
[5645, 0.5388915, 0.8655084, 5.802144, 0.46975726] 2.249111 1.0267297 0.9761187 1.3111212
[5646, 0.5151271, 0.85190594, 6.187077, 0.47485796] 2.3922572 0.95376354 0.8714808 1.1029862
[5647, 0.5324647, 0.9517088, 5.185235, 0.4946975] 2.5461612 1.0920489 0.7609803 1.103221
[5648, 0.46767452, 1.0262897, 4.7037234, 0.4942216] 2.506632 1.12477 1.0052023 1.344183
[5649, 0.41337183, 1.0565474, 5.468916, 0.4712235] 2.539308 1.054968 0.911216 1.1990118
[5650, 0.42320195, 1.0603999, 4.0121646, 0.6582937] 2.887575 1.1472098 0.8570485 0.9827886
[5651, 0.49393585, 0.99648756, 3.699092, 0.55972224] 2.720918 0.994546 1.0583667 1.2510775
[5652, 0.37021604, 1.0803114, 5.0834517, 0.534018] 2.5468428 1.0914661 1.0484972 1.1003307
[5653, 0.39633042, 1.0662448, 5.274322, 0.43051332] 2.56958 1.1486334 0.851436 1.1438038
[5654, 0.464177, 1.0215383, 4.559742, 0.3667653] 2.4599674 1.1229254 1.0735043 1.208481
[5655, 0.3962453, 1.062438, 4.6639867, 0.5760804] 2.6867936 1.0464602 1.1120594 0.99955016
[5656, 0.46121824, 1.0077622, 5.345232, 0.5918414] 2.4115987 1.0886261 1.0690688 1.1548439
[5657, 0.548152, 1.0005015, 3.169783, 0.6427567] 2.8821568 1.1047357 0.945625 1.0882701
[5658, 0.49531853, 0.99606454, 5.1529493, 0.42417127] 2.494827 1.0191609 0.93175876 1.4414358
[5659, 0.4478281, 1.0339636, 4.2284007, 0.5592434] 2.771586 1.0711253 0.863901 1.2102897
[5660, 0.472867, 1.036512, 4.2427163, 0.9424466] 2.7604144 1.0587407 0.9710915 1.1580906
[5661, 0.3797085, 1.0514861, 4.5072727, 0.42172557] 2.6131592 1.1041877 0.86458564 1.236367
[5662, 0.44349438, 1.0388228, 5.364023, 0.44385114] 2.4973168 1.1042244 0.8856113 1.337349
[5663, 0.5719156, 0.9893997, 3.1030936, 0.58837956] 2.8917964 1.2365171 0.92239505 0.98233724
[5664, 0.5561272, 1.0007913, 2.721608, 0.7368492] 3.0384417 0.96699744 0.837241 1.074083
[5665, 0.42932138, 1.0389237, 5.148899, 0.5235106] 2.6417868 1.0799706 0.9204154 1.0315483
[5666, 0.45649222, 1.0211318, 5.1309447, 0.50058883] 2.5255208 1.0903392 1.0050851 1.2966206
[5667, 0.5074683, 0.9997667, 3.71361, 0.54720736] 2.7479644 1.2210621 0.90666056 1.1293278
[5668, 0.37466165, 1.0924366, 4.962806, 0.64361334] 2.6495328 1.1023517 0.9410129 1.1497539
[5669, 0.5372668, 1.0239869, 2.8613124, 0.647843] 3.2150798 0.85980827 0.8967766 0.94316834
[5670, 0.51934534, 0.94950527, 5.579318, 0.47123057] 2.4011605 1.2022434 0.9696659 1.0717683
[5671, 0.49888134, 1.0074569, 5.721301, 0.5017017] 2.5110435 1.1213639 0.9946043 1.0827622
[5672, 0.49589553, 1.0341187, 3.482459, 0.56819457] 3.0175276 0.997099 0.9363273 0.97068596
[5673, 0.54523134, 0.9710094, 3.699401, 0.655967] 2.7584271 1.0727159 1.0611452 1.1185919
[5674, 0.56149346, 0.85881686, 6.4092965, 0.7295276] 2.0713224 1.1378962 1.0943943 1.3541294
[5675, 0.43270585, 1.0074676, 5.207359, 0.9063208] 2.3480034 1.0577899 1.0662956 1.2964911
[5676, 0.47523803, 1.0303487, 4.69501, 0.48168895] 2.3570461 1.1080403 1.1562467 1.5167103
[5677, 0.47791496, 0.9882948, 5.315029, 0.5700778] 2.4414382 1.1354278 0.9381519 1.1063812
[5678, 0.44572464, 1.032893, 4.3287234, 0.46413776] 2.7263558 1.119657 1.0271786 0.9787734
[5679, 0.41486007, 1.0544888, 4.568204, 0.52516264] 2.6702309 1.1171998 0.9678281 1.0722519
[5680, 0.4995837, 0.98200184, 4.779041, 0.5134729] 2.3016639 1.3449844 1.0003347 1.2027322
[5681, 0.48463416, 1.0209825, 3.800959, 0.7315773] 2.7254195 1.1423705 1.0291696 1.1466614
[5682, 0.508759, 0.9325537, 5.2671785, 0.45840827] 2.440669 0.9755197 0.91365135 1.1941028
[5683, 0.44699216, 1.0258914, 4.731474, 0.48913044] 2.6937463 1.0412024 0.9519546 1.0684538
[5684, 0.48193857, 0.7672643, 5.2104387, 0.31773093] 2.277802 0.99346536 0.86258364 1.0379889
[5685, 0.4927259, 0.971756, 3.4835925, 0.53012294] 2.6970031 1.1329447 0.8456063 1.2352287
[5686, 0.60282767, 0.9439295, 3.9086063, 0.5939785] 2.5394292 1.211902 0.94136554 1.4638748
[5687, 0.41444647, 1.0314015, 4.745618, 0.48377642] 2.8538024 0.9574347 0.9442706 0.93518084
[5688, 0.4956537, 1.0511137, 2.9110281, 0.55848044] 2.9176247 1.2795923 0.8719798 1.0468631
[5689, 0.50582874, 0.98677063, 5.655225, 0.4623537] 2.32441 0.9674849 1.0587909 1.4896544
[5690, 0.5406876, 0.9101947, 4.820072, 0.53082937] 2.2581892 1.0225846 1.2335007 1.2012869
[5691, 0.50908136, 1.0528457, 3.0108085, 0.6359354] 2.9292703 1.2458565 0.932447 1.0631933
[5692, 0.48957884, 1.0449295, 3.4077997, 0.838671] 2.8783026 0.99293584 0.96263057 1.1946414
[5693, 0.49486038, 1.0319004, 5.8532662, 0.63016146] 2.3621356 1.1388122 0.8958184 1.5090034
[5694, 0.39755252, 1.0650176, 5.8876467, 0.6429893] 2.492327 1.1649754 0.95711064 1.1574112
[5695, 0.4377891, 1.0252635, 4.1215096, 0.41031566] 2.692511 1.3206772 0.8972605 0.9514367
[5696, 0.5517385, 0.96743596, 4.0217156, 0.6839893] 2.700222 1.1053879 1.0275542 1.211835
[5697, 0.436999, 1.0377086, 6.181263, 0.5964041] 2.7040174 0.93210864 1.0216435 0.94626427
[5698, 0.41355333, 1.0447943, 5.729806, 0.5892907] 2.423691 1.1035775 1.0151232 1.1517992
[5699, 0.39362627, 1.0727862, 5.143652, 0.548964] 2.6786537 1.0302273 0.9446395 1.0530932
[5700, 0.45648402, 1.0102214, 5.925358, 0.5420753] 2.5120218 0.9676897 1.0029037 1.1733012
[5701, 0.3581888, 1.1122818, 4.564772, 0.749839] 2.7581234 1.1201102 0.91664535 1.058913
[5702, 0.39548016, 1.0609206, 5.3224797, 0.5901194] 2.7073004 0.9477814 0.98135793 1.1725047
[5703, 0.560281, 0.8486307, 5.34157, 0.40794837] 2.3706853 0.9654658 0.9497392 1.1529245
[5704, 0.37650323, 1.0706198, 5.5955443, 0.6884492] 2.4424672 1.081885 0.9499931 1.3066529
[5705, 0.52675956, 0.9673372, 5.1407037, 0.4107098] 2.332531 0.9907473 1.0248345 1.3652127
[5706, 0.5632955, 0.96519744, 3.6248922, 0.7461477] 2.8144083 0.9794996 1.02199 1.2209247
[5707, 0.50106907, 1.0040408, 3.710079, 0.64761925] 2.8704855 1.1717434 0.9325082 0.90672314
[5708, 0.4668064, 0.8625272, 5.771277, 0.40453753] 2.2948275 1.0315099 0.9607624 1.0688224
[5709, 0.46282303, 1.0065172, 3.6319616, 0.61060125] 2.7739255 1.1823887 1.0825881 0.94147956
[5710, 0.53999114, 0.93389857, 4.8925266, 0.4288454] 2.3476572 1.1214639 1.0334513 1.1922505
[5711, 0.4100721, 1.0727439, 4.9086447, 0.64388996] 2.7291615 1.0409892 0.9490976 1.0122497
[5712, 0.43230328, 1.0549659, 5.040138, 0.6124434] 2.7102637 1.1241255 1.0649225 0.99062294
[5713, 0.46029496, 1.0127292, 3.7730057, 0.795057] 2.8136444 0.88518715 0.9282091 1.2458339
[5714, 0.3490237, 1.0836203, 5.6992364, 0.6746313] 2.504159 1.1863313 1.0785553 1.0101502
[5715, 0.5147319, 1.0173098, 3.567495, 0.83573246] 2.8281703 1.1015989 0.997224 1.1602689
[5716, 0.39243072, 1.0831009, 5.3957834, 0.69134295] 2.5653083 1.1329718 0.9173672 1.1076565
[5717, 0.5221644, 0.9150147, 5.1878686, 0.5419788] 2.450667 1.0019177 0.9376744 1.18677
[5718, 0.40782258, 1.0707096, 5.134051, 0.5928139] 2.7008793 0.97078425 0.9608791 1.0315756
[5719, 0.30295098, 1.0959013, 4.7173004, 0.49529064] 2.642969 1.1421883 0.9798941 1.0503908
[5720, 0.44995221, 0.9960046, 4.41931, 0.49821627] 2.6127865 1.0510293 0.90328366 1.3292458
[5721, 0.42613974, 1.0328265, 4.923991, 0.47394606] 2.433738 1.1212826 0.97946584 1.2620327
[5722, 0.5409675, 0.97978085, 3.5903606, 0.6300028] 2.9605186 1.0720333 0.86177737 1.0487106
[5723, 0.48840368, 0.9895251, 5.214333, 0.56592387] 2.3597238 1.0684218 1.0061063 1.3278291
[5724, 0.44799593, 1.0440629, 6.0522842, 0.6054785] 2.740083 1.0107441 1.0106719 0.797947
[5725, 0.40770584, 1.0612222, 4.18724, 0.52109045] 2.8250363 1.1325166 0.81090856 1.0432923
[5726, 0.5141068, 0.9904384, 3.8846555, 0.58065015] 2.6011395 1.2067882 0.96235037 1.214218
[5727, 0.5263455, 0.9309115, 5.3669143, 0.40864822] 2.3856094 1.1457242 0.97097594 1.1758229
[5728, 0.67164695, 0.93173605, 2.2945635, 0.67781055] 3.1769466 1.098507 1.047755 0.9284832
[5729, 0.42743036, 1.0227714, 4.52645, 0.47123587] 2.7424383 0.93509555 0.9976175 1.0897281
[5730, 0.4792319, 0.9800911, 5.8027177, 0.47783065] 2.4547963 1.0289084 0.9058247 1.2015017
[5731, 0.4454539, 1.052887, 5.6172647, 0.48795462] 2.5587952 1.2420964 0.8996363 1.0156991
[5732, 0.5681488, 0.8811581, 5.3614206, 0.46036714] 2.0798335 1.0510879 1.2836388 1.3728226
[5733, 0.48786423, 0.98945165, 4.7686496, 0.4581285] 2.7359266 1.0341554 1.0270907 1.0059042
[5734, 0.518419, 0.94113535, 5.040148, 0.51712584] 2.4945574 1.0106448 0.9544638 1.1027492
[5735, 0.50654155, 1.0198668, 3.5721495, 0.6256629] 2.7006202 1.2734983 1.032015 1.1638073
[5736, 0.39412346, 1.0688453, 4.041334, 0.5709317] 2.7733953 1.0620129 0.8947021 1.1432954
[5737, 0.5178133, 0.9969766, 2.8800752, 0.84280705] 2.893087 1.078208 1.0678864 1.0594317
[5738, 0.51770467, 0.99143535, 3.2564728, 0.91506004] 2.9462597 1.094034 0.92916286 0.9465008
[5739, 0.49945885, 1.0510366, 2.794816, 0.68011385] 3.0009465 1.0636326 0.90769696 1.1311429
[5740, 0.4926536, 0.98423976, 4.0715365, 0.48420048] 2.661931 1.0684751 0.9419937 1.2758507
[5741, 0.5151506, 0.9909871, 4.2932377, 0.7805174] 2.805129 1.0582582 0.88581306 1.1803688
[5742, 0.43020794, 1.0415711, 4.514036, 0.59047204] 2.431202 1.0821334 0.86392695 1.2896597
[5743, 0.43252233, 1.0127645, 4.6016273, 0.43617457] 2.7144423 1.0858117 0.790153 1.159752
[5744, 0.5879184, 0.86935973, 4.9045887, 0.45625135] 2.410292 1.1082963 0.8802296 1.0915773
[5745, 0.50038046, 0.85713357, 5.7961636, 0.3716847] 2.1350267 1.0592086 0.93632925 1.4674896
[5746, 0.5652289, 1.0161452, 2.6040497, 0.64218605] 3.122862 1.0374801 0.9387975 1.0352601
[5747, 0.44658548, 1.0303692, 4.4140606, 0.516051] 2.6539485 1.2125678 1.0911248 0.93089026
[5748, 0.42453906, 1.0438087, 4.6432414, 0.4707233] 2.6317663 0.9734686 1.0076351 1.2898827
[5749, 0.5619638, 0.96819896, 3.5570986, 0.8611664] 2.706228 1.1280674 1.0108601 1.2190369
[5750, 0.3802335, 1.0599436, 3.798074, 0.6285765] 2.6863928 1.1108507 1.003213 1.22671
[5751, 0.44888622, 1.0244881, 5.0755997, 0.5070029] 2.56204 1.025668 1.0310547 1.1664245
[5752, 0.59339195, 0.9593787, 2.8670285, 0.7876116] 2.7220154 1.137096 1.0811188 1.4492421
[5753, 0.45308834, 1.0311291, 5.086381, 0.42914712] 2.352519 1.1209046 1.1084564 1.3438488
[5754, 0.4584425, 1.0341278, 3.7647164, 0.5748801] 2.6719556 1.2012061 0.9981932 1.1185727
[5755, 0.36218286, 1.080293, 5.185102, 0.54410213] 2.667918 1.0395204 0.967897 1.0405569
[5756, 0.44655454, 1.0320978, 4.483668, 0.5515387] 2.6657531 1.0055681 0.94292444 1.2987268
[5757, 0.55769926, 0.99727404, 2.9130676, 0.7998505] 2.9377856 1.138279 0.97843444 1.1391085
[5758, 0.57332224, 0.94040334, 3.3612504, 0.5520183] 2.6533563 1.1959666 1.0195184 1.3116897
[5759, 0.5642339, 0.8598659, 4.767002, 0.45572546] 2.4931936 1.0798781 0.75089365 1.053288
[5760, 0.5833066, 0.76046187, 5.6311564, 0.39371037] 2.3893511 1.0826443 0.8662495 0.9562868
[5761, 0.44976893, 1.0284675, 5.555454, 0.5393665] 2.4658906 1.0970048 0.9410769 1.1635373
[5762, 0.47532406, 1.0109935, 5.4600515, 0.5645901] 2.5033972 1.0800024 0.99677753 1.0793607
[5763, 0.38884786, 1.052242, 5.0776296, 0.4696618] 2.5417187 1.1807737 0.9894518 1.1278936
[5764, 0.4322496, 1.0293034, 4.515816, 0.558417] 2.6612563 0.99797153 1.0212305 1.1965802
[5765, 0.4205303, 1.0527762, 5.176248, 0.9026667] 2.3745668 1.0789148 1.1292875 1.2482499
[5766, 0.5423874, 0.920035, 5.2189493, 0.5762566] 2.4389703 1.0878575 0.79319024 1.1766913
[5767, 0.5816585, 1.0413996, 2.4483786, 0.74705553] 3.1432424 1.0791947 0.9296101 1.075653
[5768, 0.3986927, 1.0627925, 5.279573, 0.5590177] 2.5411303 1.1659802 1.1305839 1.1324754
[5769, 0.4312145, 1.0444094, 4.096473, 0.60766435] 2.7598546 1.0189217 1.0362147 1.1052785
[5770, 0.40590897, 1.0803279, 3.9852738, 0.6634642] 2.9213216 0.99668974 0.9520055 1.0280272
[5771, 0.5009184, 0.8118041, 5.944662, 0.43132126] 2.116193 1.0458657 0.985794 1.324175
[5772, 0.41416726, 1.0432785, 4.4496913, 0.5168238] 2.7509003 1.2082359 0.90269417 0.9834015
[5773, 0.462205, 0.9823882, 5.1523795, 0.4065616] 2.6462252 0.9170304 0.82381344 1.0946554
[5774, 0.4972914, 0.9748827, 4.3835416, 0.41795018] 2.6369908 1.1609131 0.8072592 1.2618139
[5775, 0.41850743, 1.030775, 5.8311977, 0.4249862] 2.6995068 1.2193444 0.79205596 0.84431046
[5776, 0.571823, 0.9849941, 3.0046668, 0.61442226] 2.9760358 1.1400734 0.98903143 0.96849185
[5777, 0.43361148, 1.0235076, 4.6773343, 0.53118587] 2.470763 1.1421344 1.0710824 1.2967807
[5778, 0.5070881, 0.98404, 5.8644624, 0.5079025] 2.3404884 1.3135313 0.93850136 1.1941816
[5779, 0.36797136, 1.0855511, 6.1100445, 0.5886708] 2.6450908 1.0494137 0.91487586 0.98757565
[5780, 0.4620165, 1.0373837, 3.6041117, 0.9291785] 2.671312 1.181175 1.0454346 1.2208148
[5781, 0.3816555, 1.0667486, 4.5991063, 0.58209044] 2.6532698 1.0565573 1.0486523 1.1346794
[5782, 0.3904606, 1.0649738, 5.424055, 0.57508343] 2.6019208 1.1037908 0.9969522 1.0835758
[5783, 0.52789044, 0.98538035, 3.9603581, 0.6378766] 2.816229 1.08453 0.8818511 1.1537415
[5784, 0.56310827, 0.88462085, 5.452641, 0.45765465] 2.1879735 1.2566073 0.9860148 1.2419835
[5785, 0.3678005, 1.0681869, 5.212303, 0.59684175] 2.5858362 1.2040682 0.95365036 1.0748148
[5786, 0.4190837, 1.0595938, 5.1232066, 0.43141007] 2.576308 1.2052369 0.9338253 1.0548499
[5787, 0.4758603, 1.0499015, 3.7429085, 0.7496884] 2.9986734 0.9936516 0.86967355 0.9734633
[5788, 0.33695948, 1.0794603, 5.420608, 0.56321144] 2.5176284 1.243512 0.97334915 1.0647765
[5789, 0.43618158, 1.0518488, 3.6825302, 0.518618] 2.7696512 1.1306831 0.90018183 1.1074313
[5790, 0.5058478, 0.99519646, 3.6673913, 0.7826081] 2.7442985 0.997412 1.1198186 1.1410893
[5791, 0.4569988, 0.9941704, 4.3749456, 0.46709645] 2.667755 0.85334104 1.1140677 1.2489706
[5792, 0.5398033, 0.98631376, 3.765924, 0.63398015] 2.7001164 1.1333097 0.8974032 1.279902
[5793, 0.53129876, 0.929698, 4.716967, 0.44765812] 2.2965271 1.0414726 1.0212371 1.3928462
[5794, 0.5079207, 0.9538388, 5.09395, 0.48190114] 2.381553 1.0842751 0.91219884 1.231754
[5795, 0.48100793, 0.9978936, 5.087113, 0.5547015] 2.4156709 0.93918616 1.17278 1.3422731
[5796, 0.46005782, 1.023143, 5.2557607, 0.48291957] 2.4594326 1.1065996 1.0060897 1.2502047
[5797, 0.5667738, 1.0010235, 2.8481622, 0.62115276] 2.968328 1.2764003 0.8780299 0.9544223
[5798, 0.5093376, 0.9903495, 4.3891187, 0.45086932] 2.5102527 1.203618 0.93544936 1.1946135
[5799, 0.36372215, 1.0883003, 5.309973, 0.5453378] 2.5100462 1.0289347 0.9831931 1.3025774
[5800, 0.46698105, 1.0242752, 4.4424553, 0.60539377] 2.7128038 1.0577382 0.85809517 1.2389268
[5801, 0.38916418, 1.0382524, 5.4860787, 0.54086107] 2.5815647 0.94347954 0.81718427 1.1777445
[5802, 0.58770394, 0.86295676, 4.654591, 0.4065234] 2.370979 0.9890389 0.9513128 1.2940369
[5803, 0.48497453, 1.0064226, 5.0639787, 0.49724403] 2.7209961 0.9121348 0.9177621 1.1370822
[5804, 0.5134467, 1.0130507, 2.977409, 0.6485029] 2.74079 1.2059566 0.99439996 1.2506963
[5805, 0.38946548, 1.0270356, 5.625883, 0.5622427] 2.4972212 0.95970243 0.9858997 1.2562153
[5806, 0.40833473, 1.0257697, 4.652063, 0.5259421] 2.775116 0.9616424 1.0361191 1.0087266
[5807, 0.4308372, 1.029098, 4.676859, 0.46948993] 2.5670357 1.0548447 0.9487661 1.2276056
[5808, 0.53014845, 0.9746182, 4.412098, 0.5251874] 2.6009119 0.9593848 0.99383104 1.3311106
[5809, 0.5327143, 1.0247717, 2.9099264, 0.6465648] 2.8481326 1.1543573 0.90802056 1.236783
[5810, 0.48117843, 1.0200379, 3.850363, 0.81817245] 2.7617733 1.1353077 1.0111228 1.0049466
[5811, 0.4814536, 1.0095682, 3.5184274, 0.7112902] 2.8377917 1.200691 0.8869393 0.9877891
[5812, 0.4508285, 1.0317748, 4.924761, 0.5433063] 2.6356483 0.92712903 0.8770156 1.2823288
[5813, 0.3933171, 1.0178014, 4.8754625, 0.5139759] 2.378457 1.0613823 1.0043768 1.2524465
[5814, 0.5843739, 1.0006646, 2.8686218, 0.7792992] 2.7709923 1.2270255 0.9673269 1.3545185
[5815, 0.5696471, 0.88352555, 6.036548, 0.5157704] 2.1495457 0.9984201 1.1136495 1.4465009
[5816, 0.48057023, 0.96628994, 5.2999325, 0.4760928] 2.612435 1.06692 0.82884276 0.89221007
[5817, 0.5320342, 0.9813176, 3.1855505, 0.8400927] 2.7524285 1.1756169 0.98741007 1.1722751
[5818, 0.4677384, 1.012692, 4.493467, 0.60490555] 2.570341 1.0301088 1.0194421 1.2821753
[5819, 0.3936415, 1.0464133, 5.6487513, 0.532699] 2.5451553 0.97753614 1.0269599 1.1950605
[5820, 0.5142467, 0.93597513, 5.6251607, 0.40972802] 2.5318172 1.0975791 0.82505435 1.0382581
[5821, 0.43778056, 1.0377519, 5.4563327, 0.53917104] 2.4272535 1.10942 1.1817762 1.1759459
[5822, 0.33413532, 1.0807488, 3.7502732, 0.70269066] 2.6949897 1.1130157 0.88764846 1.1946181
[5823, 0.3884267, 1.0942593, 6.0005097, 0.6046926] 2.315881 1.279814 0.97048575 1.346462
[5824, 0.39422843, 1.0286175, 4.4598913, 0.5364486] 2.8440168 1.1099064 0.8625485 0.94426566
[5825, 0.554407, 1.022325, 2.6359282, 0.63792] 2.9436855 1.0466453 1.1367866 1.0191324
[5826, 0.5760161, 0.84061915, 5.722186, 0.3391003] 2.241657 1.2378827 0.9729437 1.1712149
[5827, 0.40551448, 1.0209222, 4.090899, 0.5468813] 2.72317 1.1499147 0.94169563 1.005167
[5828, 0.5900956, 0.9614254, 3.2063367, 0.7174362] 2.6797915 1.0799257 1.087192 1.3886952
[5829, 0.51522803, 0.9496632, 5.541053, 0.5589312] 2.4377093 0.9978622 1.0536753 0.99369717
[5830, 0.43871215, 1.0445828, 5.7919564, 0.6985608] 2.4401517 1.2024096 0.93685114 1.2247567
[5831, 0.40495384, 1.0578306, 5.2035217, 0.58927804] 2.5840359 1.1007644 0.80851126 1.2811476
[5832, 0.58742595, 0.8147662, 6.083368, 0.3474553] 2.3030593 1.0750061 1.0588247 1.0696574
[5833, 0.36306608, 1.0700779, 4.4347095, 0.60582745] 2.7201333 1.1685679 1.0088117 0.96254873
[5834, 0.37239328, 1.0621423, 4.493, 0.6075231] 2.6322796 1.0391824 1.0494597 1.2229145
[5835, 0.4418271, 1.0482638, 3.5211992, 0.5215828] 2.6809936 1.3091158 1.0265169 1.0440944
[5836, 0.50099844, 0.98215544, 4.996548, 0.3787349] 2.5217829 1.279465 0.9224201 1.0850525
[5837, 0.42120847, 1.0477501, 4.4280114, 0.62503004] 2.7573702 1.095644 0.9854743 0.9996632
[5838, 0.40880033, 1.0481645, 4.28199, 0.74049276] 2.6117592 1.1164795 0.9500423 1.2333218
[5839, 0.49299222, 0.99622387, 3.4907763, 0.7113758] 2.8129747 1.0230004 1.0682135 1.075815
[5840, 0.46401826, 1.0302571, 4.872331, 0.5602271] 2.6112125 1.0977199 1.0310981 1.1779408
[5841, 0.4844437, 1.0415586, 3.7001715, 0.45066172] 2.745845 1.2635534 0.935533 1.0751213
[5842, 0.35303062, 1.1214554, 5.5294714, 0.46362945] 2.5922492 0.9823396 1.0353755 1.0320735
[5843, 0.42967948, 1.0265828, 5.460619, 0.55986404] 2.51509 1.1412174 0.95679116 1.1047832
[5844, 0.5487988, 0.99057585, 3.5170593, 0.90913314] 2.8370464 1.0736091 0.9138857 1.1275837
[5845, 0.38857663, 1.0678841, 4.110995, 0.5304303] 2.6760032 1.1072683 1.0274717 1.1284851
[5846, 0.44116226, 1.0185316, 4.8364816, 0.48814803] 2.6737747 1.2150382 0.8135795 1.1118101
[5847, 0.59340477, 0.9851569, 2.967338, 0.68140006] 3.1976237 1.1457647 0.8567567 0.79337585
[5848, 0.5593736, 0.9450919, 5.375253, 0.4905577] 2.3845913 1.1385804 0.9443439 1.2382132
[5849, 0.39973867, 1.0760121, 5.2235913, 0.55168724] 2.49249 1.0832125 1.0837731 1.0246098
[5850, 0.55987424, 0.8697243, 5.8553886, 0.53418] 2.2467656 0.9413685 1.0504314 1.3359269
[5851, 0.48100865, 1.0081226, 5.0546103, 0.5109351] 2.6855395 1.1682118 0.8363835 0.9896803
[5852, 0.38468698, 1.048957, 6.181495, 0.5866753] 2.5738308 1.0425845 0.85705775 1.0736648
[5853, 0.47116807, 1.0146234, 3.2644079, 0.7372492] 2.9244769 1.0796838 0.85861075 1.0378385
[5854, 0.5392093, 0.85268515, 5.662245, 0.3735217] 2.4127233 0.98967737 0.92412597 1.0590395
[5855, 0.42356828, 1.0420531, 5.514486, 0.59452933] 2.4748046 1.0128988 1.0280232 1.2330478
[5856, 0.5033819, 0.9504267, 4.661692, 0.50554454] 2.3198586 1.2154107 0.9662922 1.1895082
[5857, 0.5289292, 0.93609506, 5.437774, 0.61632293] 2.3139684 1.0841712 1.0079018 1.3244152
[5858, 0.5201454, 1.0326953, 3.1530035, 0.61504567] 2.8644476 1.1039501 0.9377174 1.2350903
[5859, 0.5472217, 0.9776563, 2.9216943, 0.73829997] 3.0941765 0.9823954 0.8348611 0.9850487
[5860, 0.34412065, 1.092887, 5.136494, 0.68456084] 2.654371 1.0218238 0.90412855 1.0625129
[5861, 0.56109, 0.9277842, 5.0837107, 0.38881674] 2.4097552 1.0238096 1.0047936 1.2233244
[5862, 0.56911093, 0.890249, 5.4234242, 0.41652432] 2.2500308 1.169626 1.0691149 1.1995953
[5863, 0.41313958, 1.0425375, 4.1799245, 0.46030676] 2.6579325 1.1183182 0.95396364 1.1570528
[5864, 0.55310327, 1.0352246, 2.7326877, 0.66009265] 2.9975362 1.0424823 1.0464654 1.171864
[5865, 0.3860105, 1.0649211, 5.6620035, 0.47749314] 2.6140082 0.94693035 0.8819029 1.2371904
[5866, 0.4021795, 1.0720917, 5.5923066, 0.740349] 2.5496626 1.1251493 0.8825635 1.1548539
[5867, 0.5601156, 0.89603096, 4.5272026, 0.5404763] 2.6213229 1.0342674 0.74087965 0.9747888
[5868, 0.4173578, 1.0068183, 5.890236, 0.40222707] 2.4183297 1.1789458 0.9415126 1.1546896
[5869, 0.4335507, 1.0403476, 5.000327, 0.48767793] 2.572551 1.1085458 0.94460994 1.2433354
[5870, 0.37500504, 1.0587287, 5.249744, 0.57419777] 2.645754 1.1158987 1.0134921 0.9960006
[5871, 0.5710584, 0.78081906, 6.123733, 0.39333668] 2.1506836 1.1267066 0.9086462 1.3618158
[5872, 0.57823145, 0.8741924, 4.70988, 0.4815098] 2.3446636 1.1415806 0.8739267 1.173521
[5873, 0.44548902, 1.0169331, 5.0311084, 0.47236437] 2.3072453 1.0852578 1.0576596 1.3795826
[5874, 0.42863524, 1.042563, 5.014005, 0.5108763] 2.6311939 0.99871975 0.9817351 1.2118005
[5875, 0.56376296, 0.9312043, 5.142311, 0.546702] 2.314819 1.0512581 1.0149524 1.4026572
[5876, 0.4318488, 1.0454156, 4.893667, 0.5823538] 2.4576545 1.0230136 1.0597696 1.3522978
[5877, 0.4501116, 1.1116451, 3.0250106, 0.76029485] 3.0947802 1.0213202 0.97566485 0.8676293
[5878, 0.4724395, 1.0032685, 4.783752, 0.5229537] 2.5013335 1.1166714 1.0137192 1.3338641
[5879, 0.41960934, 1.0465871, 4.514589, 0.51722825] 2.6177156 1.0920479 0.9749676 1.1358402
[5880, 0.34622434, 1.0967367, 5.5437994, 0.97341734] 2.5453186 1.2029556 0.87506413 1.0802495
[5881, 0.42729273, 1.049706, 4.5318127, 0.87679696] 2.6673372 0.9663802 1.1158589 1.2315733
[5882, 0.46230865, 1.0430316, 5.1339655, 0.59024733] 2.595563 1.0001388 1.0777276 1.2280515
[5883, 0.49960572, 1.0426145, 3.1334195, 0.77614576] 2.764806 1.1439217 1.0623188 1.1499133
[5884, 0.46626896, 1.0244879, 4.1119776, 0.6094444] 2.925446 0.99900913 0.9941414 0.8430478
[5885, 0.52599144, 1.0014603, 3.4456465, 0.80651397] 2.8553693 1.1779072 0.88475484 1.1182815
[5886, 0.43224117, 1.0509042, 4.3678994, 0.59130603] 2.5423894 1.2104201 1.0593933 1.2374735
[5887, 0.49976426, 0.9278157, 5.1368413, 0.40677893] 2.4247618 0.97338504 0.943862 1.1174089
[5888, 0.43472937, 1.0063815, 4.6135035, 0.4739855] 2.6651943 1.2796775 0.88139963 1.0385016
[5889, 0.37952885, 1.0831178, 4.1975274, 0.52764636] 2.7336166 1.0174154 0.9966284 1.1745356
[5890, 0.5716534, 0.9710798, 3.405669, 0.70158213] 2.766539 1.0943074 0.98856276 1.2175169
[5891, 0.5180788, 0.97902274, 4.864974, 0.5314854] 2.3276727 1.0956491 1.1575674 1.4198669
[5892, 0.43577194, 1.0284226, 4.99055, 0.48317057] 2.8173661 1.0988501 0.84093326 0.89766157
[5893, 0.5105874, 1.0462894, 2.970312, 0.72622484] 2.9428477 1.1074576 1.0067667 1.0792812
[5894, 0.47639632, 1.0181601, 4.178728, 0.56865966] 2.8329375 1.0331044 0.9143993 1.0908298
[5895, 0.49453983, 1.0080898, 4.205713, 0.49027285] 2.5901644 1.1339914 1.0546207 1.3145041
[5896, 0.44543085, 1.0261269, 4.065365, 0.74302506] 2.6632679 0.9302654 1.11767 1.2280709
[5897, 0.5059134, 0.9722776, 5.8549657, 0.5192932] 2.3030286 1.0662231 1.0731171 1.2924324
[5898, 0.42979246, 1.0177709, 4.969036, 0.536938] 2.2665968 1.3156382 1.0638195 1.1727817
[5899, 0.5756391, 0.8701318, 5.499897, 0.41517717] 2.472158 1.048911 0.7883879 1.0927205
[5900, 0.5483541, 1.0050614, 2.7499301, 0.817362] 2.8955016 1.2332261 0.9964459 1.0336708
[5901, 0.5906386, 0.9889182, 3.0093465, 0.6678577] 2.9996777 1.2243552 0.87472165 0.9837658
[5902, 0.48890072, 1.019909, 5.7807817, 0.5058156] 2.6926427 0.87284946 0.871269 1.2357019
[5903, 0.53971684, 0.9439147, 4.539526, 0.5528388] 2.3759644 1.1238312 0.9470222 1.1916721
[5904, 0.53033173, 1.0039166, 3.4783196, 0.74302906] 2.8052392 1.1214708 0.95514894 1.1668972
[5905, 0.43697643, 1.0414274, 4.328311, 0.59904313] 2.678926 1.0412176 0.88645065 1.2402955
[5906, 0.4530488, 1.0316676, 5.3675284, 0.4989794] 2.304602 1.1304257 1.0264517 1.3200231
[5907, 0.37078863, 1.07768, 5.7008123, 0.5117399] 2.5456889 1.0218847 1.002231 1.1705838
[5908, 0.4974406, 1.0153763, 3.5190885, 0.50126797] 2.6365824 1.3403767 0.9769926 1.1743659
[5909, 0.46122485, 0.9903796, 5.728874, 0.47651434] 2.5337248 1.0255588 0.80271626 1.1762068
[5910, 0.54371166, 0.98336315, 3.73595, 0.71170545] 2.6813068 1.0806218 0.9146264 1.3688157
[5911, 0.59743106, 0.8886296, 5.234404, 0.43666887] 2.3872685 0.97267085 0.8856372 1.3916692
[5912, 0.6243254, 1.0003201, 2.5702949, 0.7381171] 3.10223 1.1199495 1.0709025 1.0241379
[5913, 0.66724014, 0.88224226, 3.069323, 0.6161413] 2.7395384 1.1489393 0.9858839 1.3538663
[5914, 0.40420905, 1.037095, 4.980963, 0.46073794] 2.5526683 1.2217253 0.9706798 1.1690648
[5915, 0.4033896, 1.0587319, 5.302149, 0.6324151] 2.60863 1.1213354 0.81644 1.1310973
[5916, 0.49714434, 0.96057296, 4.9819903, 0.5813429] 2.4441164 1.006889 1.0022051 1.091168
[5917, 0.5126866, 1.0125471, 4.068435, 0.598366] 2.75332 1.1039398 1.0408567 1.0330232
[5918, 0.46560106, 0.9914202, 5.418591, 0.4888864] 2.421419 1.0503948 0.972572 1.2122234
[5919, 0.59853846, 0.81677806, 4.83156, 0.40700465] 2.2765424 1.0545415 0.91550744 1.3421558
[5920, 0.4382572, 1.0523171, 3.8275833, 0.54204774] 2.7609532 1.1034293 1.0120239 1.1288687
[5921, 0.59984535, 0.95274854, 2.8349917, 0.60277504] 2.9336116 1.0535495 0.9508787 1.1834661
[5922, 0.5379724, 0.8874846, 5.219503, 0.4304991] 2.4337358 0.9631952 0.95930564 1.1258363
[5923, 0.55990815, 0.8593694, 5.3215075, 0.43773568] 2.259391 1.1344033 0.95665085 1.2044652
[5924, 0.5044974, 0.94579524, 5.096742, 0.42010412] 2.3534036 1.0046577 1.0700499 1.1938962
[5925, 0.42606634, 1.020416, 4.4701276, 0.6192422] 2.5932424 1.1685357 0.933167 1.2877088
[5926, 0.4871734, 1.0615782, 3.0635822, 0.7103483] 2.8617811 1.1527122 1.0089499 1.1882613
[5927, 0.6006435, 0.92327374, 3.5914307, 0.5487267] 2.6304753 1.1657436 1.0338229 1.353175
[5928, 0.59714174, 0.85805047, 5.055353, 0.45708865] 2.29447 1.1285264 0.98184365 1.1935523
[5929, 0.5292077, 1.0143046, 3.341678, 0.7446637] 2.9398887 1.1804719 1.0832965 0.807917
[5930, 0.540827, 0.9139695, 5.1723323, 0.5420462] 2.3257575 1.1044029 1.0496258 1.1787127
[5931, 0.38900435, 1.0689534, 5.2472553, 0.4449696] 2.6503122 1.1707063 0.9110657 0.94722223
[5932, 0.43055755, 1.0375254, 5.04793, 0.3593327] 2.5622618 1.0254248 0.96661437 1.0892152
[5933, 0.32984498, 1.0966412, 5.3613033, 0.6014656] 2.5187368 1.06426 1.1149708 1.1919804
[5934, 0.60127705, 0.88685155, 4.8590927, 0.4414301] 2.337307 1.0801705 0.928259 1.3670776
[5935, 0.55436283, 1.0128318, 3.1843903, 0.7417906] 2.8926466 0.94706196 0.90861064 1.3117627
[5936, 0.36094514, 1.0705287, 5.5052695, 0.50125414] 2.5185552 1.1542177 0.94481933 1.0796875
[5937, 0.4927677, 0.9950996, 5.131684, 0.41585654] 2.5067163 1.205782 0.9744987 1.1153421
[5938, 0.4655065, 0.9691365, 5.3644123, 0.4541716] 2.3014798 1.0357659 1.1120627 1.2362051
[5939, 0.4638879, 1.0084244, 4.107917, 0.4832252] 2.6108768 1.1694744 1.0290895 1.2181067
[5940, 0.58187836, 0.87173444, 5.9020658, 0.44008014] 2.28685 1.1251229 0.9482884 1.1813014
[5941, 0.45478117, 1.0221059, 4.008468, 0.481945] 2.7251897 1.1318178 0.9306616 1.0894964
[5942, 0.54856, 0.92513424, 4.9223385, 0.4811342] 2.34454 1.1251676 0.9524912 1.2322398
[5943, 0.48669457, 1.0163741, 5.4353676, 0.5147888] 2.4528263 1.0070007 1.0201929 1.3355415
[5944, 0.48323065, 1.0232407, 3.5295432, 0.71752554] 2.813744 1.0623035 0.91782653 1.1426436
[5945, 0.6242343, 1.0174023, 2.345204, 0.7293552] 3.3706994 1.0194584 0.943725 0.88585097
[5946, 0.5032252, 1.0252033, 3.3235712, 0.4836602] 2.800264 1.2116768 0.8910282 1.1197385
[5947, 0.5403282, 0.8585161, 6.111336, 0.42002288] 2.1037517 1.0775983 0.90039057 1.590567
[5948, 0.3384583, 1.1054066, 5.701655, 0.60392123] 2.6852963 1.0153587 0.90116435 0.9733281
[5949, 0.5252521, 0.92796725, 5.1889205, 0.55471456] 2.3742645 0.9735703 1.1179672 1.218704
[5950, 0.43278804, 1.0427401, 5.073828, 0.47163612] 2.5215955 1.1302608 0.9651964 1.232681
[5951, 0.549018, 0.95617366, 3.952773, 0.5841164] 2.8694685 1.0702411 0.7684151 1.1499218
[5952, 0.423549, 1.045966, 5.240537, 0.48723418] 2.557078 1.1665415 0.95700353 1.0915692
[5953, 0.48815453, 0.95012546, 5.121576, 0.4073102] 2.4581757 0.91971844 0.9591866 1.2370566
[5954, 0.42709777, 1.0419092, 5.3819866, 0.66295433] 2.6086912 0.9732977 1.1024557 1.087963
[5955, 0.5422566, 1.025861, 2.9799933, 0.8695127] 2.94043 1.1466483 0.9353835 1.1159945
[5956, 0.5705006, 0.96267265, 2.7658708, 0.6318804] 2.7755358 1.2821583 0.98921496 1.0538749
[5957, 0.45871574, 1.0189363, 5.4853954, 0.56587136] 2.399532 0.97237647 1.1166564 1.301993
[5958, 0.621251, 0.94962984, 2.9215853, 0.7103316] 2.8637826 1.1198938 0.84547096 1.3951135
[5959, 0.5358447, 0.9329315, 5.355747, 0.5216615] 2.4456215 0.9685151 0.99906975 1.1806183
[5960, 0.61444867, 0.8630849, 5.4987025, 0.48243836] 2.2422314 1.0086287 0.9504357 1.4671683
[5961, 0.36399254, 1.0949576, 5.282174, 0.668877] 2.579318 0.98790425 0.93559897 1.2381212
[5962, 0.42704096, 1.0471649, 4.9506702, 0.46832517] 2.7715702 1.0564805 0.87049115 1.0213249
[5963, 0.53008467, 1.0032018, 3.138579, 0.5740685] 2.9346092 1.0803295 0.945855 1.0733896
[5964, 0.54006815, 0.8983253, 5.3759627, 0.46889782] 2.3624654 1.148634 0.8599408 1.1586232
[5965, 0.50701797, 1.0256348, 3.2233915, 0.6218391] 2.777162 1.1378491 1.0667017 1.1862843
[5966, 0.47106016, 1.0201395, 4.7013326, 0.4268017] 2.4394062 1.2270931 1.1011368 1.2331784
[5967, 0.5218113, 1.0393006, 2.9018576, 0.68640864] 2.8505607 1.1235611 1.1161351 1.111252
[5968, 0.57238066, 0.9846111, 2.9454403, 0.77104044] 2.877622 1.1543545 1.0663677 1.1195577
[5969, 0.44254223, 1.0321873, 5.5705166, 0.43899876] 2.4930494 1.1702907 0.8462985 1.2664969
[5970, 0.507411, 0.96143967, 5.5295963, 0.61319065] 2.3517835 1.0364392 0.96761733 1.3681493
[5971, 0.5376548, 0.9415868, 5.23012, 0.47789514] 2.4926636 0.9661978 1.0620896 1.3049685
[5972, 0.38903964, 1.0950359, 5.0262756, 0.5721808] 2.872674 1.0279082 0.9445739 0.86695355
[5973, 0.34062436, 1.0965518, 5.9412327, 0.5473878] 2.5763185 1.0872703 1.034215 0.9929307
[5974, 0.352651, 1.0864121, 5.485051, 0.5192193] 2.5446403 1.2231131 0.9739719 1.1013476
[5975, 0.59529096, 0.7289615, 5.4663596, 0.4611601] 2.256026 0.88554317 1.0609076 1.1695459
[5976, 0.49785367, 1.0307654, 3.2053063, 0.8758794] 2.8133276 1.044586 0.9814862 1.216509
[5977, 0.639712, 0.8378452, 4.9336724, 0.45753187] 2.2328215 1.2817007 1.0397677 1.1459459
[5978, 0.46273628, 1.0114096, 4.887481, 0.4247689] 2.7263014 1.0335943 0.9202538 1.0179334
[5979, 0.6234553, 0.95206517, 3.1605957, 0.61697626] 2.7173896 1.2359456 0.84171855 1.4668717
[5980, 0.40773675, 1.0694125, 4.6185718, 0.7674386] 2.7425802 1.1689475 1.0041224 0.957021
[5981, 0.54733527, 1.0218052, 3.259707, 0.71601963] 2.930547 0.9420666 1.0591375 1.1628374
[5982, 0.5104316, 0.9823216, 3.9053195, 0.43248963] 2.805552 1.102063 0.82688123 1.0825539
[5983, 0.36663628, 1.0712942, 5.1640773, 0.49270886] 2.6400955 1.0761786 1.0141776 1.1308576
[5984, 0.5884738, 0.9121659, 3.2767897, 0.52376515] 2.6337497 1.2977724 0.87702775 1.2947676
[5985, 0.5012974, 0.8042453, 5.523579, 0.36244372] 2.2788053 1.045506 0.8330492 1.199876
[5986, 0.5088285, 1.019523, 3.7549238, 0.74207157] 2.8982952 1.0310663 1.0044509 1.0912733
[5987, 0.44018835, 1.0294932, 5.394657, 0.52740794] 2.5557394 1.0740465 1.0867125 0.9883183
[5988, 0.385339, 1.0574074, 5.315318, 0.41334066] 2.6068938 0.9526816 0.9143911 1.1286349
[5989, 0.36332753, 1.0610406, 5.214188, 0.38049063] 2.6485555 1.0704656 0.8231878 1.1684674
[5990, 0.6217749, 0.99628127, 2.6650414, 0.74093676] 2.8905792 1.2106848 1.0632958 1.1813554
[5991, 0.37045598, 1.0595956, 5.1433153, 0.47950733] 2.661835 1.0679101 0.9800748 1.0054215
[5992, 0.34130675, 1.084558, 4.505982, 0.53411376] 2.676826 1.0423175 0.92104536 1.2011783
[5993, 0.44485873, 1.0195258, 5.418786, 0.6339151] 2.6979833 1.082781 1.0081116 0.96178323
[5994, 0.5323284, 1.0006354, 3.7065327, 0.72342676] 2.8312066 1.2086024 0.9387988 1.0821457
[5995, 0.43249634, 1.0448765, 5.126746, 0.65962213] 2.7047603 1.1298242 0.8996331 0.9581469
[5996, 0.44728586, 1.0198364, 4.8074965, 0.4329752] 2.4722357 1.092311 1.0194777 1.1283643
[5997, 0.36589935, 1.0854173, 5.8344297, 0.4685651] 2.6801882 1.0081271 0.9065665 1.0602813
[5998, 0.36354294, 1.0917776, 4.281864, 0.5729564] 2.6941507 1.0933574 0.959253 1.0970099
[5999, 0.5566409, 0.8832381, 5.5729175, 0.49330547] 2.3801248 1.0723866 0.9915052 1.0828056
[6000, 0.43083316, 1.0312405, 5.1275506, 0.480797] 2.4606783 0.96654975 1.2376204 1.1919585
[6001, 0.30358973, 1.1065972, 5.23705, 0.50572526] 2.5840213 1.1932387 0.9629422 1.0722584
[6002, 0.4601764, 1.0262557, 5.185988, 0.5711745] 2.6276946 1.0853788 0.8576301 1.0983348
[6003, 0.3648934, 1.078121, 4.60102, 0.54376006] 2.619394 1.183547 0.952426 1.1442
[6004, 0.5849741, 0.8953323, 5.195614, 0.44061115] 2.4044695 1.2375665 0.8763968 1.1315777
[6005, 0.3282616, 1.080496, 5.3221636, 0.54280627] 2.7394416 0.96426105 0.8639279 1.0210195
[6006, 0.4353886, 1.0217391, 5.49253, 0.59798056] 2.4404957 1.0822904 0.99623245 1.2427535
[6007, 0.3984425, 1.0339478, 4.3015056, 0.58927715] 2.5609877 1.2239051 0.9088269 1.3265969
[6008, 0.54362464, 0.8505515, 6.0494766, 0.47043368] 2.3315992 1.0025569 1.0199863 1.1566551
[6009, 0.3776488, 1.0718924, 5.939197, 0.58499455] 2.6355147 1.0117629 0.9268161 1.0583111
[6010, 0.37989396, 1.05877, 5.213793, 0.47190538] 2.5940082 1.0012206 0.820005 1.1505373
[6011, 0.56582236, 1.0181813, 2.8866045, 0.6455122] 2.9203322 1.1948835 0.9213989 1.1603098
[6012, 0.58543086, 1.0039552, 2.793324, 0.876162] 3.2210271 0.9984273 0.7807593 1.0003182
[6013, 0.5269327, 0.93329114, 4.788738, 0.4582272] 2.5041106 0.95157236 0.8855919 1.2199539
[6014, 0.51871693, 0.81495357, 5.6844974, 0.6709685] 2.1632562 0.9035252 1.0507488 1.3485652
[6015, 0.5997947, 0.8324574, 5.110674, 0.44239235] 2.3107383 1.06223 0.9928248 1.1595135
[6016, 0.53663087, 0.96760225, 3.824709, 0.63201225] 2.7639809 1.0292518 0.9080758 1.2401427
[6017, 0.46032527, 1.0110676, 4.473129, 0.47302383] 2.464022 1.2246778 0.9994208 1.2768987
[6018, 0.39861414, 1.058286, 4.4965477, 0.65109366] 2.723903 1.1424946 0.976379 0.9963117
[6019, 0.3846104, 1.0649881, 5.198031, 0.5266963] 2.516522 1.0302075 0.94417846 1.2518954
[6020, 0.40896586, 1.0507206, 4.9392676, 0.49195603] 2.6759145 1.0060182 0.9782474 1.1181843
[6021, 0.51391745, 0.984945, 5.359638, 0.55827445] 2.5626726 0.99189675 0.98912054 1.0150167
[6022, 0.46862012, 0.98490226, 5.5038514, 0.49415725] 2.4865057 1.080318 0.8751407 1.1492965
[6023, 0.43036488, 1.0526416, 5.23804, 0.48015806] 2.5862432 1.061109 0.9597513 1.1141527
[6024, 0.34094045, 1.0830086, 4.8449903, 0.55991995] 2.700944 1.0512136 0.9044897 1.0667663
[6025, 0.551524, 0.90172225, 5.3198667, 0.44924653] 2.4682317 1.0202539 1.0745137 1.0196145
[6026, 0.53330994, 1.0164853, 3.2297573, 0.913729] 2.776591 1.2608037 1.0218107 1.1854838
[6027, 0.41071275, 1.0514842, 4.5611978, 0.7602997] 2.5806928 1.0565649 0.9840039 1.3244244
[6028, 0.5704101, 1.0046055, 2.9606962, 0.7843653] 3.0537915 1.1722906 0.85264325 0.93130916
[6029, 0.53541625, 0.9902997, 3.6608336, 0.9966432] 2.8716972 1.196608 0.955757 0.9996868
[6030, 0.48324925, 0.9975308, 5.0337353, 0.5546134] 2.5338154 1.1669548 0.9070978 1.1911454
[6031, 0.5342473, 0.7853684, 6.233456, 0.34404284] 2.205166 1.0709966 0.9029185 1.2418818
[6032, 0.5343634, 0.9018133, 5.350206, 0.4411688] 2.4366133 0.99611485 0.81452286 1.185046
[6033, 0.5756188, 0.84825236, 4.5622287, 0.41913426] 2.43241 1.0830572 0.9476475 0.994237
[6034, 0.55776644, 0.9828703, 3.2425766, 0.70266974] 3.001476 1.0708988 0.9154322 0.9542652
[6035, 0.58886814, 0.8655111, 5.2736683, 0.45344883] 2.3266273 1.0315063 0.9058238 1.3206644
[6036, 0.4353195, 1.0494014, 4.327318, 0.9857541] 2.7218661 1.1845075 0.942783 1.089969
[6037, 0.5547023, 0.9038718, 5.2208495, 0.41146576] 2.2851963 1.0813026 0.9000239 1.3707775
[6038, 0.48736072, 1.0417355, 3.4897363, 0.59834534] 2.8956904 1.1706761 0.8407859 1.0668117
[6039, 0.555496, 0.894152, 5.6516876, 0.43338364] 2.2593439 1.0777296 1.101772 1.2054534
[6040, 0.48561513, 1.0155643, 3.1676965, 0.8836674] 3.0532577 1.1189492 0.8160309 0.9305898
[6041, 0.5925559, 0.882169, 5.697611, 0.6387269] 2.151919 1.0836368 1.2539579 1.2509838
[6042, 0.57277024, 0.83915716, 6.079889, 0.44717276] 2.2805984 1.002517 1.0802276 1.1667991
[6043, 0.41352886, 1.0503032, 4.7363772, 0.5871086] 2.5683389 1.1104748 0.9870817 1.228214
[6044, 0.45672333, 0.9258887, 6.6280622, 0.47219384] 2.1795292 1.1107831 1.0409302 1.2376288
[6045, 0.42336264, 1.0372244, 3.8831532, 0.5991135] 2.7534008 1.1518241 0.8837642 1.0881058
[6046, 0.5344413, 0.9946169, 3.1120741, 0.832355] 2.8990896 1.0297326 0.9484345 1.0911072
[6047, 0.40102974, 1.0630679, 4.99256, 0.5725072] 2.5660946 1.0429053 1.0414248 1.2625412
[6048, 0.4688151, 1.0240375, 3.787457, 0.68277395] 2.8844154 1.0120302 0.91255736 1.103847
[6049, 0.4119933, 1.0517478, 5.836874, 0.6953026] 2.6387198 1.0398965 0.9183359 0.991886
[6050, 0.37228808, 1.082687, 5.515033, 0.47794563] 2.462753 1.2250513 1.0672851 1.067624
[6051, 0.5522992, 1.0082306, 3.2708654, 0.92332935] 2.9687777 1.121985 1.0547634 0.7990167
[6052, 0.48566392, 0.9997438, 3.2582152, 0.6761433] 2.7147982 1.2185166 0.9080255 1.2769098
[6053, 0.5710248, 0.8464974, 5.7321653, 0.5827195] 2.2457664 1.0174841 1.0881425 1.1963537
[6054, 0.49181426, 0.99056304, 4.1131682, 0.5103265] 2.6663446 1.2619619 0.8597376 1.1851866
[6055, 0.5293118, 0.86857736, 5.1593814, 0.42130122] 2.236686 1.0425833 1.0106674 1.2520341
[6056, 0.58939046, 0.9519853, 3.3076806, 0.71874684] 3.0426455 1.0226902 0.7975401 1.0650227
[6057, 0.46151307, 1.0236125, 3.8908708, 0.7965848] 2.8241293 1.1110649 0.87448794 1.0747907
[6058, 0.6222063, 0.7987328, 5.6837583, 0.3522196] 2.0535853 1.0663092 1.2436534 1.3983707
[6059, 0.45148078, 1.0443718, 4.9255757, 0.56003594] 2.471599 1.1350408 0.9564342 1.363934
[6060, 0.5200473, 0.98244643, 4.27343, 0.48383367] 2.9484582 1.1007488 0.79327625 0.8215387
[6061, 0.5180957, 0.913896, 4.505191, 0.38370064] 2.3256686 1.0439762 0.94892216 1.2790263
[6062, 0.57741225, 1.0147959, 2.7933033, 0.6629388] 3.0650792 1.1027862 0.9068305 1.1342095
[6063, 0.5052542, 0.9994332, 5.1109776, 0.3647558] 2.5392063 0.9947295 0.78437454 1.3976038
[6064, 0.3731981, 1.0424185, 4.133374, 0.5639658] 2.7349606 1.0291384 1.019942 1.0908655
[6065, 0.52714604, 0.76505625, 5.740522, 0.46105006] 2.101852 1.1914755 0.9592593 1.2303275
[6066, 0.58322847, 1.0035248, 2.8548946, 0.8473704] 2.858775 1.1888564 1.0844084 1.1636143
[6067, 0.44288188, 1.0314935, 3.3775828, 0.48790583] 2.8424006 1.1662807 0.8860094 1.0091056
[6068, 0.5646968, 0.8600185, 5.343285, 0.3058193] 2.4244266 0.82374704 0.94577026 1.240887
[6069, 0.55589515, 0.9926346, 3.0302851, 0.7739517] 2.8460028 1.2086997 0.93220633 1.1214439
[6070, 0.5927816, 0.9887916, 2.9060578, 0.8737287] 2.936074 1.1184671 1.0090039 1.1128777
[6071, 0.48166162, 1.0257045, 2.9527822, 0.7605601] 2.8999834 0.99649364 0.9175116 1.1126914
[6072, 0.46476287, 1.0462224, 3.7021904, 0.65920615] 2.7638857 1.1802546 1.0075872 1.0206795
[6073, 0.4697731, 0.98779845, 4.286499, 0.44418684] 2.585682 1.0047505 0.8524679 1.149869
[6074, 0.6299541, 0.9826161, 2.865824, 0.7478297] 3.0944107 1.2003514 0.80354786 1.1116544
[6075, 0.33618492, 1.0931628, 4.7382927, 0.64477456] 2.6679244 1.1219009 0.92275673 1.0362138
[6076, 0.43498623, 1.0322942, 5.6197324, 0.5301228] 2.5085354 1.1055499 1.010224 1.065322
[6077, 0.41205043, 1.0485138, 5.6273794, 0.45870095] 2.475255 1.0731736 1.031869 1.174407
[6078, 0.35447627, 1.09135, 5.7544866, 0.6593666] 2.5487835 1.1602858 0.995673 1.0020169
[6079, 0.49585846, 0.98125696, 3.8091104, 0.6056996] 2.774621 1.1415374 0.8143533 1.1330918
[6080, 0.49305215, 1.0035145, 4.98866, 0.5345561] 2.532273 1.0054121 0.8906891 1.4485108
[6081, 0.53579354, 0.8074003, 6.1698704, 0.40280876] 2.0992894 1.0794668 1.0513506 1.2856205
[6082, 0.45115197, 1.0374825, 5.447805, 0.49808094] 2.4845889 1.0429585 0.9207953 1.2628255
[6083, 0.42066768, 1.0473393, 5.376994, 0.45498276] 2.4042017 1.2405744 0.9037805 1.2794889
[6084, 0.6498489, 0.9405081, 2.9153502, 0.91668856] 3.0941122 1.0689473 0.9873605 0.9561015
[6085, 0.3935034, 1.0880164, 5.106204, 0.35425806] 2.5485117 1.1271044 0.85845524 1.1824065
[6086, 0.5528726, 0.89908844, 5.1357174, 0.41202614] 2.288221 1.1115619 0.93188673 1.3033907
[6087, 0.52372664, 0.9712112, 4.17998, 0.54293674] 2.6591494 1.0783905 0.88542765 1.3400142
[6088, 0.45584112, 1.01173, 5.7469096, 0.57133573] 2.3265653 1.1216527 1.1062338 1.3381764
[6089, 0.5381182, 0.7129696, 4.9071593, 0.3697341] 2.1979141 0.90002465 0.94048846 1.1524051
[6090, 0.5009231, 1.0416255, 3.4414752, 0.988551] 2.9320748 1.0233967 0.91687757 1.0724301
[6091, 0.37974495, 1.0803117, 3.842241, 0.6663761] 2.8023021 1.1026313 0.9270336 1.044629
[6092, 0.61536, 0.8250814, 5.690657, 0.47707617] 2.4034612 0.92890954 0.9874711 1.1013782
[6093, 0.4382444, 1.0238191, 4.633997, 0.51333857] 2.5722492 1.1075253 1.0140353 1.1941291
[6094, 0.5393364, 0.9279492, 5.023764, 0.3889318] 2.5181112 1.0874996 0.9632296 0.94843256
[6095, 0.48693216, 1.0202085, 4.0394797, 0.5588047] 2.6341238 1.319625 0.9051657 1.2425463
[6096, 0.4901525, 1.0225506, 3.7236218, 0.6091389] 2.87599 0.9872839 1.0145565 1.0482589
[6097, 0.4481924, 1.0130547, 4.1098046, 0.68309844] 2.7425878 1.1057327 1.0597119 0.9879574
[6098, 0.586259, 0.8834224, 4.807779, 0.44144842] 2.221712 1.14725 1.114586 1.2198104
[6099, 0.4423685, 1.0465572, 4.1074767, 0.5637677] 2.6599174 1.1495582 0.90233564 1.2296408
[6100, 0.38811505, 1.0676799, 5.467549, 0.5131062] 2.3988903 1.1765453 0.9698492 1.3104657
[6101, 0.27973893, 1.119308, 5.6321282, 0.56365705] 2.5576699 1.1300198 0.93157715 1.1115109
[6102, 0.53831863, 1.0310664, 2.8553803, 0.84008116] 2.964934 1.0619568 1.1066574 0.94758797
[6103, 0.5261621, 0.92143106, 5.0653834, 0.4596263] 2.4518473 1.1919007 0.9195843 0.99459493
[6104, 0.39871785, 1.0687842, 4.1181436, 0.6551693] 2.7488337 0.97896457 0.9562283 1.2445545
[6105, 0.43902215, 1.0263333, 4.9610767, 0.49236256] 2.492828 1.0502318 1.0544747 1.3019297
[6106, 0.5162485, 1.0162337, 3.5211885, 0.8203233] 2.859864 1.1678675 0.8881182 1.0756592
[6107, 0.4272583, 1.0585485, 5.312795, 0.7354828] 2.4577034 1.005786 1.0997877 1.3248681
[6108, 0.54118264, 0.99228734, 3.3644261, 0.78201634] 2.6899612 1.1524088 1.0173227 1.2579186
[6109, 0.40011102, 1.0530429, 5.470497, 0.6042786] 2.5165389 1.0303967 1.1037632 1.1808071
[6110, 0.5301719, 0.92543006, 5.5316143, 0.5323127] 2.3816595 0.94210535 1.0422802 1.2158505
[6111, 0.44566268, 1.0359397, 4.3084254, 0.49554902] 2.6086912 1.0007905 1.0887127 1.2265031
[6112, 0.42167196, 1.0632378, 3.6287467, 0.6824496] 2.734988 1.2021245 0.984879 1.069994
[6113, 0.4312993, 1.0107902, 5.1204667, 0.42673603] 2.4402459 1.1458787 0.90662056 1.2317066
[6114, 0.52046007, 0.94838566, 5.689547, 0.5675662] 2.4279501 1.1857055 0.8878559 1.102584
[6115, 0.5138697, 0.9427535, 4.9035854, 0.6075829] 2.3678377 1.1396973 1.0628623 1.03516
[6116, 0.56861496, 0.93621325, 4.83099, 0.6204125] 2.4366264 1.0616255 0.8674982 1.4615754
[6117, 0.5288515, 0.975151, 3.1994889, 0.61426926] 2.7775958 1.0865855 0.994169 1.181982
[6118, 0.44931263, 1.02535, 4.717699, 0.46336952] 2.5437043 1.230415 0.9609027 0.9961491
[6119, 0.40581718, 1.0586499, 4.655222, 0.4827831] 2.6994503 1.2158577 0.8919583 0.9828579
[6120, 0.5567304, 0.89651823, 4.8354115, 0.4588964] 2.3956144 1.1531394 0.8106399 1.1556667
[6121, 0.3930224, 1.036448, 4.664463, 0.5744948] 2.7608142 1.0169617 0.85094714 1.1492177
[6122, 0.5548774, 0.9924605, 3.5505385, 0.7173128] 2.793745 1.207736 0.9254306 1.0977969
[6123, 0.467601, 1.013967, 5.907188, 0.5883534] 2.4335642 1.0862925 1.0170758 1.2289187
[6124, 0.47347185, 1.0186065, 5.0713525, 0.5785493] 2.5540376 1.1471051 0.89883244 1.216849
[6125, 0.5275334, 0.9475398, 5.4052663, 0.5201707] 2.4070628 1.2130487 1.0587887 1.0148818
[6126, 0.37726426, 1.0554998, 5.0970564, 0.47681025] 2.6095912 1.039464 0.91874933 1.1451758
[6127, 0.43416187, 1.0352691, 4.234778, 0.51241636] 2.6854212 1.0747606 0.97610384 1.1732067
[6128, 0.40735248, 1.0245969, 4.209507, 0.4793946] 2.645305 1.1932714 0.8168191 1.1981214
[6129, 0.53602684, 1.0046065, 3.2815316, 0.73771495] 2.8851533 1.1160294 1.0600889 0.91514
[6130, 0.57748187, 0.8703934, 5.6948223, 0.44844413] 2.4487107 0.84721226 0.88359076 1.2209675
[6131, 0.5428521, 0.89830625, 4.8986993, 0.44533962] 2.2683187 1.1431515 0.95976865 1.2677784
[6132, 0.45692608, 1.0312177, 3.9067774, 0.89821506] 2.741248 0.99845797 1.0278485 1.1532316
[6133, 0.44598332, 1.0434396, 3.8580558, 0.79311585] 2.8541186 1.100856 0.8795531 1.0453517
[6134, 0.45250943, 1.0362984, 5.206706, 0.587868] 2.3349493 1.0645571 1.1365219 1.251993
[6135, 0.59668034, 0.8142104, 5.7064004, 0.38645893] 2.237934 0.9348904 1.0798062 1.3013775
[6136, 0.5925853, 0.96932304, 2.8621194, 0.67364377] 2.8355117 1.1479269 0.9011508 1.2972407
[6137, 0.48576072, 0.94351614, 5.042822, 0.46617854] 2.380661 0.95012206 0.9431388 1.2417918
[6138, 0.5920955, 0.9987369, 3.09167, 0.813069] 3.0174973 1.1019745 1.0321578 1.0105929
[6139, 0.5617392, 0.9818954, 3.2369938, 0.72388184] 2.9181714 1.0387096 1.0341517 1.0567998
[6140, 0.35304803, 1.0853728, 4.6145196, 0.5204724] 2.7639272 1.0862125 0.8895437 1.0833871
[6141, 0.52421826, 1.0322627, 3.1318927, 0.68630254] 2.8277063 1.1131252 0.90230596 1.2413219
[6142, 0.417658, 1.0476023, 5.262239, 0.6318869] 2.5023358 1.0688419 1.0015801 1.2375836
[6143, 0.5285823, 0.737508, 5.4173255, 0.6229365] 1.9896891 1.1207498 1.0078033 1.3041592
[6144, 0.3995602, 1.0560055, 5.459208, 0.5552735] 2.7557316 0.96842486 0.8937562 1.0822579
[6145, 0.49725187, 0.9898515, 3.6720347, 0.68331635] 2.846399 0.9573749 1.0165222 1.0824147
[6146, 0.4657792, 1.0388911, 5.1298637, 0.48595688] 2.515813 1.1286935 0.90889454 1.1875435
[6147, 0.5304173, 0.8827023, 5.6265516, 0.44768706] 2.2405324 1.0724733 1.0297652 1.2717307
[6148, 0.4673725, 1.015542, 5.3306, 0.528813] 2.481988 1.231178 0.8950163 1.0688945
[6149, 0.5105769, 0.9710527, 5.2415667, 0.6220517] 2.35687 1.0452901 0.9704063 1.3030311
[6150, 0.54716635, 1.005971, 3.7134366, 0.7343825] 2.937661 1.2140397 0.881962 0.8983646
[6151, 0.50789404, 0.98899806, 3.779645, 0.7953295] 2.8889809 1.1684914 0.92936313 0.95546556
[6152, 0.31615087, 1.1034155, 5.064675, 0.45589545] 2.6680899 0.99303156 0.9208905 1.1902276
[6153, 0.34539998, 1.0766289, 4.5187984, 0.54113173] 2.6860301 1.0735202 0.90834486 1.1841409
[6154, 0.5613795, 0.8891123, 5.019076, 0.4708928] 2.3900466 1.0680118 0.9090863 1.2357838
[6155, 0.50362504, 1.1042838, 2.7261157, 0.8471673] 2.9782715 1.1743015 0.98034686 1.0878559
[6156, 0.56156033, 0.91218275, 5.471783, 0.47960177] 2.308856 1.0568191 1.0712018 1.2651488
[6157, 0.4082068, 1.0555203, 5.2221875, 0.7060658] 2.597117 1.1694192 0.9106892 1.1228818
[6158, 0.51478124, 0.93437076, 4.5409427, 0.37568745] 2.494761 1.1900172 0.8987793 0.96609896
[6159, 0.486591, 0.9690004, 5.388981, 0.5874449] 2.4176214 1.0795426 0.99532205 1.1614404
[6160, 0.5011654, 0.9901831, 3.9858747, 0.5414069] 2.5916831 1.204976 0.87099105 1.2851275
[6161, 0.30645683, 1.0935626, 4.8264213, 0.49129862] 2.500741 1.3024644 1.0007449 1.1248381
[6162, 0.48441368, 0.976002, 4.779648, 0.53281623] 2.3207915 1.2227048 1.0197309 1.1068147
[6163, 0.586417, 0.7378139, 6.5886683, 0.4062505] 2.050395 1.1235381 1.0321068 1.3454312
[6164, 0.42030814, 1.0349177, 4.683109, 0.39439794] 2.7341032 1.1194136 0.8327387 1.0581139
[6165, 0.46383676, 1.0488735, 3.0873194, 0.72145987] 2.864487 1.1364766 0.90801114 1.1631647
[6166, 0.55266523, 0.90247077, 5.027065, 0.46465117] 2.2149646 1.1405327 0.9491788 1.383195
[6167, 0.5251381, 0.9750689, 3.7652488, 0.55437016] 2.7908394 1.1854975 0.92515105 0.9568922
[6168, 0.42366207, 1.0525377, 5.348022, 0.41705427] 2.4332092 1.2960366 1.0838984 1.1243862
[6169, 0.41491476, 1.0534564, 5.4647026, 0.57271326] 2.565749 1.034252 0.9845618 1.2649124
[6170, 0.52352154, 0.9775042, 5.6162877, 0.5180423] 2.3804939 1.0730758 0.9923338 1.398496
[6171, 0.55834633, 0.9584853, 3.4989755, 0.84821004] 2.730609 1.0240427 1.0485104 1.2794895
[6172, 0.34491274, 1.0891112, 5.0550027, 0.63229513] 2.6747649 1.1880077 0.93568194 1.0285941
[6173, 0.43881512, 1.0123531, 5.6070366, 0.45058468] 2.5635455 1.0304264 0.84000766 1.1458151
[6174, 0.45997918, 1.0347867, 5.2366467, 0.49075937] 2.6121118 1.0455488 0.9204928 1.1251959
[6175, 0.4686205, 0.9889305, 5.402896, 0.5060744] 2.4230468 0.9289051 0.96294993 1.2671419
[6176, 0.52344, 1.0080755, 2.862411, 0.7867565] 3.0543256 1.0159657 0.7534121 1.1342566
[6177, 0.5266097, 1.0043346, 3.2189002, 0.8898957] 2.8300865 1.1305797 0.9722824 1.1384063
[6178, 0.52337545, 0.95113087, 5.027279, 0.56998014] 2.292347 1.283428 0.9569594 1.2142057
[6179, 0.5868713, 0.8413826, 5.4437513, 0.47455454] 2.3628645 1.0581455 0.9831264 1.06459
[6180, 0.37437016, 1.0564448, 4.269911, 0.44077796] 2.5821106 1.292752 0.967033 1.1479633
[6181, 0.47045124, 0.99879616, 3.5720806, 0.51868856] 2.7712855 1.076218 0.9201376 1.1707236
[6182, 0.5211104, 0.973022, 4.5032754, 0.42922997] 2.5657132 1.14319 0.9179268 1.315456
[6183, 0.4949459, 0.967695, 5.53035, 0.53573346] 2.40911 1.1384661 0.9725373 1.1094962
[6184, 0.48044366, 0.9917471, 4.5372257, 0.40820375] 2.5405633 1.18694 0.93272996 1.3514638
[6185, 0.5349389, 0.93395066, 5.4576993, 0.4788427] 2.229621 1.1646705 1.0613528 1.2341441
[6186, 0.48523855, 1.0231552, 4.8358088, 0.4503811] 2.3574228 1.2737036 1.0173724 1.3868064
[6187, 0.5063525, 0.98149025, 5.251845, 0.42657122] 2.502892 1.083198 0.8891567 1.2127837
[6188, 0.47989357, 0.8977337, 5.808866, 0.41261408] 2.1968775 1.0074162 0.9230982 1.4602075
[6189, 0.54302615, 1.0338943, 3.2438056, 0.59275544] 3.007239 1.061902 1.0780561 0.9922231
[6190, 0.5525205, 0.95854825, 5.4159956, 0.53155047] 2.3017378 1.1058862 0.99514 1.4466141
[6191, 0.42763034, 1.0456673, 5.5693617, 0.47223553] 2.4568362 1.125531 0.9270892 1.3046565
[6192, 0.54342556, 0.84213746, 5.9082813, 0.33475497] 2.0837193 1.1380436 1.184963 1.2550467
[6193, 0.56379306, 0.9752647, 3.0238287, 0.8488306] 2.9714756 1.0479369 0.9254557 1.1242888
[6194, 0.3915783, 1.0484453, 4.7717433, 0.5167867] 2.718418 1.090259 1.0507282 1.0142553
[6195, 0.43489647, 1.0183377, 4.941999, 0.51937777] 2.4646697 1.2001219 0.99437726 1.0397061
[6196, 0.40636924, 1.0580693, 5.8385453, 0.65722686] 2.6906848 1.0929037 0.8303723 1.0591837
[6197, 0.3815315, 1.077854, 5.0383673, 0.6851159] 2.5801213 1.0380474 1.0674553 1.1802244
[6198, 0.5122966, 1.0373789, 2.8181581, 0.70434254] 2.8914998 1.119678 1.0490972 1.1497303
[6199, 0.5209709, 0.9540173, 5.390091, 0.6041924] 2.3981576 1.0339823 1.017168 1.1608683
[6200, 0.59524125, 0.7445434, 5.514387, 0.32170314] 2.1640446 0.9301873 1.055506 1.3121943
[6201, 0.5066793, 1.0342429, 3.2775517, 0.75698537] 2.7987876 1.0337152 1.0396681 1.2652594
[6202, 0.45342612, 1.0320501, 5.568666, 0.49951664] 2.3462005 1.1662303 1.0185454 1.4126198
[6203, 0.39777902, 1.0684252, 4.368725, 0.43332115] 2.6208386 1.2458206 1.0119282 1.1135879
[6204, 0.42350054, 1.0398979, 4.9628687, 0.50539804] 2.6569088 1.032432 0.965076 1.1937228
[6205, 0.49386814, 0.9571331, 5.427719, 0.5005494] 2.4179642 1.0183878 1.0688668 1.0640023
[6206, 0.41516268, 1.0493892, 5.6610107, 0.43124557] 2.5238907 1.0042937 0.9801999 1.3002818
[6207, 0.47243503, 1.0007215, 4.680289, 0.46663523] 2.8116457 1.0498238 0.9911785 0.8957987
[6208, 0.49854693, 0.90628177, 6.303434, 0.5316726] 2.1790583 1.0659053 0.9985634 1.3774718
[6209, 0.7089174, 0.918562, 2.8539042, 0.7110263] 3.5483372 1.1447814 0.7672254 0.50691855
[6210, 0.44452807, 1.0287977, 3.8814807, 0.57465327] 2.6654284 1.083877 1.0906603 1.1342468
[6211, 0.505287, 0.94774884, 5.4676895, 0.5190307] 2.3775935 1.1436914 1.0220647 1.1250423
[6212, 0.41902342, 1.0556017, 3.9704332, 0.5072761] 2.6775088 1.2588819 0.9901945 1.0423821
[6213, 0.60111254, 0.87731236, 4.516504, 0.44221562] 2.1958935 1.266423 1.0784522 1.3090101
[6214, 0.5781937, 0.8101072, 6.2636533, 0.4416496] 2.0094578 1.2370483 0.9436993 1.3937291
[6215, 0.30376792, 1.0868205, 5.4813685, 0.62232673] 2.545286 1.0552955 1.0616695 1.1161132
[6216, 0.555146, 0.89309436, 5.715485, 0.43158922] 2.144028 1.281256 1.0704657 1.2384084
[6217, 0.40723592, 1.0304806, 4.985913, 0.6203123] 2.6715975 1.0666835 0.94452727 1.1069242
[6218, 0.35102865, 1.0858471, 5.5120435, 0.6108123] 2.5900838 1.1218709 0.97854704 1.0562465
[6219, 0.41408283, 1.0575242, 5.1430964, 0.40826988] 2.6174772 1.0577369 0.9843527 1.1668314
[6220, 0.57715136, 0.83017176, 5.4316397, 0.40701374] 2.1703267 1.1657077 1.0251899 1.2242719
[6221, 0.38442558, 1.0544703, 5.670531, 0.4726692] 2.5374472 0.9930837 0.9221556 1.3005013
[6222, 0.4320263, 1.0210724, 5.080499, 0.52296466] 2.505693 1.0501102 0.9519306 1.1979918
[6223, 0.49150276, 1.0291836, 3.2371874, 0.5031435] 2.788388 1.1433042 0.97571963 1.2062398
[6224, 0.5069956, 0.95689607, 5.3824143, 0.64247906] 2.3992004 0.97259223 1.0678347 1.2148268
[6225, 0.5904157, 1.01201, 2.8063302, 0.6734919] 2.9198902 1.2176011 1.0364358 1.1574279
[6226, 0.38917, 1.0479851, 5.2669306, 0.44910842] 2.6766336 0.9651905 1.0086731 1.0546464
[6227, 0.50239104, 0.99659777, 4.7212105, 0.54971707] 2.4748507 1.18819 1.0950276 1.0803645
[6228, 0.5131195, 0.9626033, 4.766386, 0.41982287] 2.329848 1.2192258 0.9725117 1.2144878
[6229, 0.3283217, 1.1168413, 5.414258, 0.5556676] 2.5547144 1.1558843 0.98413146 1.1066704
[6230, 0.5475344, 0.9089436, 5.2888937, 0.48381925] 2.2094862 1.2149165 0.98049855 1.2963207
[6231, 0.548151, 1.0180595, 3.2524228, 0.6593138] 2.6715837 1.2153553 1.055291 1.3348956
[6232, 0.48825797, 0.9959011, 3.953212, 0.47707364] 2.8070977 0.9527307 0.8362998 1.1540037
[6233, 0.39938942, 1.0665601, 4.991967, 0.5085821] 2.7584493 0.9780853 0.9133981 1.0662168
[6234, 0.49343356, 0.995844, 6.315063, 0.6361644] 2.381138 1.1578387 1.0808312 1.1195856
[6235, 0.53208834, 1.009475, 2.8345594, 0.74194294] 3.022155 1.1167647 1.0370812 0.8665848
[6236, 0.5170233, 0.9797311, 3.5335338, 0.5455781] 2.859886 1.0014526 1.0818542 1.0041621
[6237, 0.62826365, 0.94749194, 2.8843012, 0.65371895] 3.0048387 1.2141545 0.9247504 0.91918844
[6238, 0.4776895, 1.0039653, 5.147164, 0.49509108] 2.5361438 1.1373454 0.9318487 1.0291224
[6239, 0.50973564, 0.85440177, 6.9054437, 0.46776268] 2.28754 0.9939186 1.0285087 1.1152595
[6240, 0.352946, 1.0956577, 4.4118404, 0.69194174] 2.6799524 1.1738397 0.9755952 1.1486591
[6241, 0.4828979, 1.0302805, 5.265139, 0.75862664] 2.668279 1.2580782 0.91333586 0.86411285
[6242, 0.39364615, 1.0954596, 5.181945, 0.53147477] 2.464291 1.1310241 0.9719523 1.3572723
[6243, 0.4769105, 0.9952133, 4.72871, 0.564068] 2.581989 1.0621122 1.1530018 1.0954133
[6244, 0.45528704, 1.015489, 5.594287, 0.6242394] 2.6409187 1.0186492 1.0445057 0.9076826
[6245, 0.55860937, 0.97724795, 2.9979403, 0.72766274] 2.8389971 1.1932454 0.9401471 1.1860522
[6246, 0.4986758, 0.9587364, 5.5292125, 0.5707186] 2.4477813 1.1205037 0.9211934 1.1583321
[6247, 0.5473268, 1.0458843, 2.575334, 0.64592135] 3.021384 1.1678065 0.93387526 1.0495555
[6248, 0.49771956, 0.9936825, 4.530967, 0.59855044] 2.5671551 1.0652026 1.0052394 1.2167059
[6249, 0.5744253, 0.84692705, 5.6360416, 0.53515667] 2.2634132 1.109854 0.9711425 1.2754152
[6250, 0.48337013, 1.0030835, 5.60938, 0.48867807] 2.3770196 1.0959728 0.95432764 1.3369718
[6251, 0.45558807, 1.0050355, 5.009642, 0.44833377] 2.735506 0.918803 0.98841095 1.0641714
[6252, 0.43411642, 1.0439506, 5.2639794, 0.5179067] 2.5257962 1.0580015 0.9068981 1.26629
[6253, 0.47061476, 1.0152506, 3.489587, 0.7114378] 2.6522596 1.0957353 1.0930499 1.2680477
[6254, 0.46774003, 1.0141128, 5.428949, 0.5416239] 2.5844562 1.1046233 0.943317 1.1395386
[6255, 0.4367104, 1.0541917, 4.3661036, 0.6172785] 2.81526 1.1512338 0.8193892 1.0214018
[6256, 0.3879868, 1.0619221, 4.5218534, 0.7613938] 2.6809611 1.1784694 0.86155784 1.1682627
[6257, 0.5226289, 0.95072913, 5.614019, 0.5774105] 2.507315 1.1086636 0.93510425 1.0080287
[6258, 0.4879735, 1.004846, 4.6276226, 0.5073447] 2.6870022 1.0183575 0.8540307 1.1955527
[6259, 0.4814221, 1.0138326, 3.7724974, 0.51953536] 2.7149553 1.178494 1.0818424 1.0831228
[6260, 0.5053043, 0.9844848, 4.335953, 0.58544594] 2.8038375 1.0300801 1.034825 1.0318991
[6261, 0.63082546, 0.9235386, 3.1873798, 0.65633607] 2.9283304 1.0843879 0.87268037 1.1471567
[6262, 0.40396845, 1.0484259, 5.1149187, 0.44838995] 2.554738 1.1844422 0.8920555 1.1821883
[6263, 0.49507403, 0.99045503, 3.931837, 0.60090345] 2.6395853 1.1238433 1.0748318 1.2045918
[6264, 0.39329278, 1.0587748, 4.4651318, 0.53346926] 2.741945 1.0309126 1.0349902 1.0013981
[6265, 0.4277627, 1.0460006, 5.6106925, 0.48302773] 2.490985 1.2355069 1.1003139 1.0490589
[6266, 0.44408563, 1.0250164, 4.375771, 0.44672862] 2.6304996 1.2780915 0.8588151 1.1385615
[6267, 0.61356413, 0.8280953, 4.9571967, 0.46696696] 2.4017863 0.9396721 0.8843903 1.2502964
[6268, 0.49458155, 1.0269406, 3.3016665, 0.5640307] 2.7982583 1.2936907 0.9096194 1.0729848
[6269, 0.53733534, 0.99944216, 3.0697129, 0.6537285] 2.9902337 0.9471026 0.8777477 1.2022374
[6270, 0.46810773, 1.0126705, 5.529711, 0.5674632] 2.3909235 1.1812441 0.8993363 1.2397983
[6271, 0.3914303, 1.0525514, 5.2666445, 0.5458733] 2.44064 1.0760839 1.0752189 1.2391427
[6272, 0.4622779, 1.0086218, 3.9878764, 0.49919415] 2.7088187 1.0993016 0.97103304 1.1588651
[6273, 0.6325378, 0.7726388, 6.148871, 0.46276745] 2.3077674 1.1482142 0.9774308 0.9778826
[6274, 0.48034266, 1.0237539, 3.834718, 0.737153] 2.6530905 1.0450723 1.0620174 1.2975559
[6275, 0.43743175, 1.053369, 3.9838386, 0.68247455] 2.7335906 1.1689321 0.97856593 1.1047467
[6276, 0.4150315, 1.0586535, 5.263597, 0.70442325] 2.4643521 1.1609206 0.87010086 1.344059
[6277, 0.45062733, 1.0064739, 5.953951, 0.53597075] 2.6083407 1.1008523 0.79086024 1.0714722
[6278, 0.36364287, 1.0636581, 4.112578, 0.5218414] 2.8215616 1.0337116 0.84794176 1.1202765
[6279, 0.42471215, 1.0378342, 5.2125516, 0.6469371] 2.4951048 1.1311985 1.0263033 0.95580393
[6280, 0.47415677, 1.0588396, 2.9099898, 0.92512816] 3.0132394 1.1120195 0.8972821 1.0112395
[6281, 0.5321027, 0.9958326, 3.4388645, 0.67550355] 2.79351 1.1571008 0.87712264 1.2327863
[6282, 0.50949, 1.0181031, 3.1720407, 0.6739806] 2.7897246 1.161979 1.0908923 1.0617726
[6283, 0.5268841, 0.945472, 5.137988, 0.5448341] 2.2704947 1.218586 1.045122 1.3010067
[6284, 0.61755097, 0.85989624, 5.7296314, 0.517831] 2.2147036 1.2325065 1.0847934 1.1688682
[6285, 0.42123803, 1.0339214, 4.6062746, 0.80587864] 2.833575 1.0583792 0.8748354 1.0167773
[6286, 0.4499981, 1.0350585, 4.099677, 0.60774875] 2.570404 1.1713885 1.1272051 1.2330347
[6287, 0.6004388, 0.76970565, 6.1569047, 0.3701046] 2.1697183 1.0033997 1.0474606 1.3468001
[6288, 0.55908644, 0.98268276, 2.850115, 0.6505133] 2.9803293 1.1762246 0.7037098 1.1149318
[6289, 0.48111254, 1.0113567, 4.9097757, 0.3860254] 2.6557057 0.9860745 0.8296565 1.28661
[6290, 0.4103494, 1.0661591, 5.591184, 0.58820605] 2.5338264 1.1322858 0.9223516 1.1946346
[6291, 0.48115662, 0.98177433, 3.6601367, 0.6819469] 2.8800294 1.0603731 0.90591276 1.1058891
[6292, 0.42824298, 1.037668, 5.111955, 0.531035] 2.7784736 0.98293835 0.9929251 1.0008931
[6293, 0.657387, 0.7663729, 5.804251, 0.34611204] 2.1344736 1.1529073 1.0409384 1.2801905
[6294, 0.4746412, 1.0488914, 3.5268672, 0.60637677] 2.988023 1.094572 0.86165744 0.87307763
[6295, 0.4692705, 1.0409384, 3.3767745, 0.7304847] 2.9813142 1.0663774 0.95595676 0.9186273
[6296, 0.45652694, 1.0183244, 5.620874, 0.55414593] 2.886221 0.92865187 0.76558614 0.79286087
[6297, 0.45859393, 1.0076315, 5.4621444, 0.48712093] 2.4810178 1.0281231 0.9097024 1.3509701
[6298, 0.5357372, 0.99972844, 3.33778, 0.6144751] 2.9682572 1.1489892 0.86315167 1.0251898
[6299, 0.5183522, 0.9155487, 5.052813, 0.43209752] 2.275418 1.1131496 1.0632979 1.1924156
[6300, 0.41531277, 1.0481148, 5.6273327, 0.6545173] 2.5859106 1.0760955 0.91834694 1.0292858
[6301, 0.50116706, 0.96974826, 5.405931, 0.48288038] 2.2998512 1.1245415 1.0041344 1.3445286
[6302, 0.55756164, 0.9107401, 5.2423944, 0.4458713] 2.2850912 1.2479967 0.96250844 1.1684004
[6303, 0.3957128, 1.0536722, 5.0923376, 0.5119208] 2.5581176 1.1301451 0.9853286 1.1995089
[6304, 0.52674925, 0.8847785, 5.3732014, 0.379108] 2.3641534 0.9491644 0.95698965 1.2029363
[6305, 0.4448316, 1.0244066, 5.325582, 0.47920182] 2.4135034 1.1629035 1.0303928 1.2975407
[6306, 0.63028175, 0.68117815, 4.9709573, 0.46183828] 2.0997262 1.0030513 1.0304426 1.2335513
[6307, 0.3436039, 1.0879979, 4.831217, 0.42758828] 2.7750623 1.0625943 1.0611128 0.88627374
[6308, 0.5078045, 1.0056806, 3.6586425, 0.792175] 2.8123405 1.0723933 0.98195297 1.1486458
[6309, 0.43414083, 1.0386131, 4.2000294, 0.49094483] 2.6165128 1.1324456 0.9423668 1.2597723
[6310, 0.46480188, 1.007472, 4.4215097, 0.67621124] 2.6449625 1.0881615 1.0608946 1.0875627
[6311, 0.42807528, 1.0469962, 5.8867545, 0.67275774] 2.397432 1.1474957 1.1397473 1.1760627
[6312, 0.60679317, 0.9856051, 2.5074346, 0.7385848] 3.1032856 1.1814433 0.936604 0.9555314
[6313, 0.4270466, 1.0432782, 5.052136, 0.3755725] 2.5476382 1.0700048 0.916769 1.2243273
[6314, 0.48281434, 1.0108922, 3.5790205, 0.74509954] 2.9426396 1.0414498 0.8905436 1.036714
[6315, 0.4653854, 1.0280569, 5.0443506, 0.61398745] 2.4694397 1.1478033 1.0276012 1.2674434
[6316, 0.34986237, 1.0883398, 4.847415, 0.34108517] 2.5354 1.1195788 0.9521915 1.072382
[6317, 0.52601665, 0.9105782, 5.610008, 0.44649252] 2.2504945 1.0696611 0.97741365 1.2821699
[6318, 0.47027, 1.0108814, 5.476821, 0.58478826] 2.3732054 1.2579428 0.98002994 1.108393
[6319, 0.41912562, 1.0431526, 5.22205, 0.48776406] 2.7103386 1.003743 0.9172285 1.0441629
[6320, 0.48415312, 1.0166374, 4.385373, 0.5278653] 2.7641852 1.0120806 1.0932652 1.022852
[6321, 0.527507, 0.9671499, 4.274119, 0.39231798] 2.7701707 1.2550378 0.82536405 0.9534917
[6322, 0.36526817, 1.0769311, 5.227699, 0.5192801] 2.6481245 1.1127361 0.92821044 1.1438986
[6323, 0.36564746, 1.0905862, 5.1617594, 0.65342236] 2.6879926 1.0796152 0.8816658 1.0803457
[6324, 0.457951, 1.0251204, 5.7750225, 0.4888967] 2.5613248 1.073552 0.91720366 1.0543345
[6325, 0.46129674, 1.0277677, 4.0924573, 0.47982156] 2.692204 1.3079847 0.8827207 1.0761626
[6326, 0.48354623, 1.0016407, 5.1602855, 0.4822486] 2.3920581 1.1170347 0.9639678 1.2607064
[6327, 0.4778115, 1.0639288, 3.034673, 0.80097777] 2.9799633 1.0846761 0.8247492 1.2129456
[6328, 0.42544755, 1.0647882, 5.515481, 0.43874484] 2.6670837 1.0733588 0.8470911 1.008602
[6329, 0.40064383, 1.0674491, 5.3110623, 0.5678566] 2.468075 0.9816749 1.0044682 1.2437431
[6330, 0.49281383, 1.0065475, 3.465347, 0.8612559] 2.827049 1.1007051 0.98822904 1.1144385
[6331, 0.5218616, 1.0127982, 3.2615862, 0.68930036] 2.9262002 1.1313653 0.94126844 0.99121344
[6332, 0.44947204, 1.0311693, 5.6943007, 0.5555624] 2.4657454 1.1052212 0.9806633 1.1547223
[6333, 0.426801, 0.7586284, 5.4848986, 0.5158099] 1.979876 0.9653883 0.96011263 1.4751799
[6334, 0.46955913, 1.003887, 5.0998173, 0.61252266] 2.3413432 1.1092905 1.0146946 1.2129854
[6335, 0.48555443, 1.011465, 4.480738, 0.68967384] 2.6850326 1.0959864 1.1167945 1.0879551
[6336, 0.3504071, 1.0838107, 6.0296874, 0.64262587] 2.5864737 1.1130068 1.0099075 0.98041415
[6337, 0.6864223, 0.7080663, 5.945825, 0.39165345] 2.1401584 1.0809888 1.0056548 1.2651536
[6338, 0.6624417, 0.9845069, 2.1250646, 0.8425618] 3.1668403 1.113203 0.98604465 1.1352059
[6339, 0.40912926, 1.033778, 4.2974973, 0.61375827] 2.6700132 1.0891964 0.97216165 1.095574
[6340, 0.47254962, 1.0147899, 4.592732, 0.54757106] 2.5820565 1.1562666 1.0138037 1.1643022
[6341, 0.45292553, 1.0362821, 5.2665105, 0.4687368] 2.65532 1.0878114 0.91632044 0.87260777
[6342, 0.50725746, 0.9553227, 4.7801037, 0.47316116] 2.5153306 1.1164912 1.0725623 1.2660289
[6343, 0.42469865, 1.0428569, 5.14285, 0.5121979] 2.5692139 1.0407784 1.0091338 1.1515293
[6344, 0.5125437, 1.0121193, 3.4089055, 0.7341923] 2.9813335 1.0200381 0.8401233 1.0643451
[6345, 0.49040976, 0.991616, 3.8736434, 0.7332324] 2.7642004 1.071676 0.9641594 1.1686628
[6346, 0.5077902, 0.99028796, 5.5145626, 0.603037] 2.5430095 1.2735468 0.9038883 0.95158076
[6347, 0.4071241, 1.0523906, 4.920617, 0.51666915] 2.7446783 1.1375871 0.94988114 0.944097
[6348, 0.45656705, 1.0084008, 4.612828, 0.513397] 2.7978067 0.95792437 0.95428276 1.0895554
[6349, 0.3600905, 1.0759466, 4.6274114, 0.5065761] 2.9161923 1.0902772 0.90665954 0.7669612
[6350, 0.509139, 0.98169196, 5.5051465, 0.52043086] 2.4825144 1.0529406 0.90880215 1.1108644
[6351, 0.5051294, 1.0424516, 3.1169238, 0.77251285] 2.9945438 1.0224239 0.7871907 1.1549566
[6352, 0.4113214, 1.0578756, 4.605918, 0.4672945] 2.6250327 1.0455426 0.8785572 1.2017494
[6353, 0.5671564, 0.90589446, 5.431791, 0.5216222] 2.2300217 1.1060003 1.0854748 1.30047
[6354, 0.547361, 0.84856576, 6.00082, 0.41601652] 2.206178 1.241944 0.9414733 1.1057012
[6355, 0.37707394, 1.0764122, 4.7324247, 0.54810333] 2.62611 1.0176799 1.0742117 1.1397842
[6356, 0.45193037, 1.0386797, 3.849354, 0.5796171] 3.0314972 0.9364866 0.8628679 0.9008881
[6357, 0.47379935, 0.9865087, 5.440242, 0.4997496] 2.530068 0.8896598 1.0859408 1.0918279
[6358, 0.54074585, 0.99317586, 3.3745763, 0.7512943] 3.0139015 1.130787 0.9630796 0.8739309
[6359, 0.577294, 0.8589045, 5.354958, 0.40994072] 2.2123122 1.0822592 1.0813925 1.2872297
[6360, 0.43047056, 1.0583936, 4.915747, 0.48239437] 2.6035705 1.1775006 0.9258045 1.1033542
[6361, 0.4142482, 1.0388117, 5.6975536, 0.596409] 2.498425 1.0656416 1.0173116 1.1775914
[6362, 0.5712173, 0.8522672, 5.5961456, 0.3637464] 2.3914273 1.1036342 0.90245396 0.98622864
[6363, 0.54344577, 0.90516174, 5.5069766, 0.4437376] 2.4711099 0.9928408 1.0050933 0.9704009
[6364, 0.35135362, 1.0512393, 4.698568, 0.60277724] 2.6334429 1.1148375 1.0403442 1.0671517
[6365, 0.43022856, 1.0295824, 4.524219, 0.45797044] 2.5113158 1.1847948 1.0159614 1.1621773
[6366, 0.39313403, 1.051631, 3.9344215, 0.54681474] 2.666659 1.1393287 0.9859692 1.2009242
[6367, 0.6527831, 1.0256671, 2.3548455, 0.86063033] 3.5000265 1.0213305 0.86582124 0.7906893
[6368, 0.61875427, 1.0206857, 2.5190156, 0.8236599] 3.007517 1.0784036 0.9829373 1.3087488
[6369, 0.47844717, 0.9964929, 4.9494805, 0.65932614] 2.3548236 1.1187419 1.0211227 1.2257158
[6370, 0.38400993, 1.0861088, 6.100757, 0.54207194] 2.677406 0.8333929 0.96681386 1.1925905
[6371, 0.50909686, 1.0310286, 3.2690375, 0.64444155] 2.822813 1.3305013 0.9603318 0.9925608
[6372, 0.47359622, 1.0130676, 3.6823275, 0.62275743] 2.6139133 1.1283888 1.1398785 1.2389531
[6373, 0.5824501, 1.0257353, 2.5085936, 0.90428257] 3.0059812 1.1445452 0.9947873 1.1087993
[6374, 0.43584773, 1.0325406, 5.031711, 0.53820574] 2.633781 1.0431094 0.9437112 1.1733032
[6375, 0.57721627, 0.96553105, 3.0690558, 0.6257874] 2.9515207 1.2472006 0.95078206 0.83795965
[6376, 0.45821592, 1.0580026, 3.5440848, 0.744706] 2.744329 1.1258523 1.020414 1.1846569
[6377, 0.5787701, 0.85280913, 5.469013, 0.43304318] 2.2184286 1.2083259 1.0309963 1.1744564
[6378, 0.5488999, 0.96695423, 4.1076536, 0.42196292] 2.4434152 1.2556243 1.083985 1.3679465
[6379, 0.43544963, 1.044784, 3.8783023, 0.7481307] 2.8350127 0.9939487 1.0000731 1.037663
[6380, 0.44978434, 1.0342572, 3.6396096, 0.6857163] 2.7623012 1.0141248 0.9477959 1.2716496
[6381, 0.4191076, 1.0492144, 5.797808, 0.57275903] 2.661447 0.93260455 0.87797797 1.0557644
[6382, 0.3757723, 1.0627036, 5.370256, 0.5925935] 2.7165618 0.82104987 0.9333654 1.112401
[6383, 0.49151605, 1.0162513, 3.3243008, 0.6853687] 2.8602052 1.0134054 1.0043036 1.0881865
[6384, 0.31431228, 1.0921305, 5.281917, 0.6315492] 2.5504317 0.9501266 0.9877974 1.1328005
[6385, 0.40401456, 1.0651526, 4.9156165, 0.59630847] 2.8290694 1.1669601 0.879765 0.7963533
[6386, 0.40757218, 1.0393333, 6.3693867, 0.52728194] 2.4036162 1.1177256 1.0697784 1.1650853
[6387, 0.45676658, 1.0276184, 4.3396244, 0.69983494] 2.7227693 1.1082126 0.9112297 1.187325
[6388, 0.413853, 1.0445246, 5.0341725, 0.6605022] 2.722578 1.0569717 0.94612527 1.1153512
[6389, 0.47209302, 1.0485651, 3.2696447, 0.8536815] 2.8545444 1.154979 0.90987474 1.1387155
[6390, 0.33668506, 1.0855086, 4.29828, 0.6255431] 2.7256656 1.0794454 0.9160397 1.1491209
[6391, 0.549784, 0.958835, 3.680361, 0.7141194] 2.9535701 0.9295605 0.95423174 1.0284029
[6392, 0.44844228, 1.0522125, 5.6250024, 0.6866908] 2.5520709 1.039135 1.0699555 1.1254283
[6393, 0.5723087, 0.87207156, 4.9243174, 0.4612932] 2.2215638 1.196607 0.98363197 1.3074671
[6394, 0.41782534, 1.0625316, 4.7265854, 0.44506946] 2.490294 1.2053261 0.9072704 1.2886871
[6395, 0.3158836, 1.1179817, 5.045712, 0.4676588] 2.5605206 1.2589239 1.0186753 1.0681655
[6396, 0.44200075, 1.042873, 5.5393972, 0.57678735] 2.342836 1.0710696 1.1072631 1.3821006
[6397, 0.48213953, 1.0155264, 3.5337858, 0.8794394] 2.811362 1.0236521 0.8908687 1.2773824
[6398, 0.5154805, 0.9726848, 5.41459, 0.51743376] 2.433697 1.214871 0.9978005 1.1194601
[6399, 0.46891302, 1.0095854, 3.629147, 0.60898286] 2.8148184 0.9081226 0.9572282 1.2603716
[6400, 0.5604732, 0.8725134, 4.8361263, 0.47042504] 2.4360402 1.0690396 0.80460453 1.169748
[6401, 0.4318535, 1.0393293, 3.9268851, 0.71778023] 2.7299266 1.0584828 0.97958225 1.1919367
[6402, 0.45818552, 1.0949924, 3.017236, 0.9220341] 2.8152196 1.316672 0.9496177 1.0667665
[6403, 0.53503025, 0.8808911, 6.1271386, 0.4317972] 2.236183 1.1268325 0.92118436 1.2874482
[6404, 0.45081815, 1.0367086, 4.2052464, 0.6812869] 2.8098347 0.9248504 0.9796898 1.1889554
[6405, 0.46133682, 1.0305828, 3.6258016, 0.49188653] 2.9310782 1.0493581 0.8780154 1.047553
[6406, 0.45195574, 1.0088323, 5.047285, 0.4621694] 2.5431638 1.0260408 0.87393814 1.1150907
[6407, 0.48048103, 0.98933315, 3.4759026, 0.5232526] 2.7973094 1.0389296 0.9000096 1.1627628
[6408, 0.54123265, 0.78673315, 6.147869, 0.5152147] 2.1672482 1.1110065 0.98334706 1.1871502
[6409, 0.4409317, 1.0310931, 4.7217536, 0.5125845] 2.5046878 1.1902753 1.0430464 1.2879993
[6410, 0.3803129, 1.0477144, 5.0272255, 0.6522796] 2.676777 1.2027378 0.98839456 0.9986734
[6411, 0.5710059, 0.97192156, 2.668267, 0.68786997] 3.0701907 1.2321645 0.84086734 0.8808257
[6412, 0.55227566, 0.99457765, 3.217312, 0.6800968] 2.9549675 1.1075759 0.84954226 1.0607867
[6413, 0.49524346, 1.0468451, 3.1071455, 0.8732042] 2.8012986 1.2007046 1.0628067 1.168671
[6414, 0.49052042, 1.0086929, 5.1867924, 0.5664553] 2.637247 1.0326838 1.0571724 1.1047875
[6415, 0.44585764, 1.0382423, 3.418302, 0.6764756] 2.8317294 1.176963 0.81978804 1.1280149
[6416, 0.4580812, 0.8017098, 5.210512, 0.6995506] 2.0202444 0.9887736 1.1105616 1.2626357
[6417, 0.502149, 0.9699202, 3.9417284, 0.66733384] 2.6702273 1.2102404 0.9190106 1.1671635
[6418, 0.40239698, 1.0555862, 4.435451, 0.48317328] 2.6034071 0.93140835 0.9882944 1.2596296
[6419, 0.47519922, 1.0164541, 5.321541, 0.49720752] 2.4559395 1.0387208 0.8897395 1.3667046
[6420, 0.5340527, 1.0492512, 2.6493318, 0.87121505] 3.0835705 1.0429581 0.902259 0.99824727
[6421, 0.49514487, 1.0171462, 3.8085048, 0.79040325] 2.7660701 1.0157081 1.0438952 1.1693473
[6422, 0.43605772, 1.0350511, 4.7289486, 0.4794408] 2.5762727 0.94687355 1.0434256 1.2597907
[6423, 0.4508388, 1.0259414, 5.1555853, 0.49915776] 2.5858595 1.1640989 0.9394908 1.1665735
[6424, 0.37891793, 1.0905914, 5.2441525, 0.47618446] 2.497798 1.1035846 0.9629852 1.1561732
[6425, 0.37763244, 1.0722255, 4.6598587, 0.559712] 2.5739744 1.1066341 0.95407754 1.1995902
[6426, 0.3849759, 1.0620395, 5.6354866, 0.61399126] 2.5729878 1.1147937 0.94778234 1.0504109
[6427, 0.45462027, 1.028288, 4.5440707, 0.53793585] 2.5392106 1.1042893 0.91739964 1.3587174
[6428, 0.40277278, 1.0736378, 5.0803657, 0.52223253] 2.5237496 1.2432868 1.0521487 1.1212852
[6429, 0.5260611, 0.9293707, 5.659768, 0.59118885] 2.3480663 0.99348456 1.015043 1.2722632
[6430, 0.6386796, 0.8136858, 5.5278277, 0.464092] 2.4362373 1.0031723 0.91667384 1.0948762
[6431, 0.5079683, 0.9787008, 5.773765, 0.53189397] 2.405331 1.1646832 1.0688871 1.0580441
[6432, 0.41078788, 1.0451359, 3.717035, 0.47714335] 2.8498118 1.0103959 0.9048806 1.1488217
[6433, 0.53377247, 0.9930637, 3.0202131, 0.79601586] 2.9487104 1.0110551 0.9343888 1.1196858
[6434, 0.55353945, 0.8849463, 4.943961, 0.4805767] 2.3112838 1.0328295 1.0137862 1.3273956
[6435, 0.3900613, 1.0633177, 5.4603496, 0.5423849] 2.5442927 1.1854646 0.99423987 0.9772754
[6436, 0.59327364, 0.88678646, 5.1672826, 0.46575227] 2.3368814 1.121726 0.89574045 1.2806863
[6437, 0.56508917, 0.99744374, 3.0796905, 0.62364423] 2.9941895 1.1382403 0.888231 0.9657577
[6438, 0.4698552, 1.0338153, 4.395215, 0.3868116] 2.6660845 1.2617968 0.88230383 1.1112703
[6439, 0.5918365, 0.89509183, 5.146812, 0.50117576] 2.2921302 1.1251373 1.0917697 1.2029556
[6440, 0.44973996, 1.0405362, 4.2406564, 0.52757245] 2.7474005 1.3138477 0.84877 0.98474675
[6441, 0.42948622, 1.0419071, 4.803486, 0.48275658] 2.477714 1.2404777 1.0132555 1.2845685
[6442, 0.43797797, 1.034902, 3.934248, 0.5987355] 2.7441628 0.9886644 1.0751294 1.1753116
[6443, 0.54351133, 0.9384538, 5.2840967, 0.5411996] 2.3243513 1.1726267 0.9987682 1.2481703
[6444, 0.46134067, 1.021413, 4.25978, 0.5734329] 2.7906497 0.8977861 0.99557495 1.0812163
[6445, 0.53025055, 0.8811725, 5.987989, 0.554881] 2.3043373 1.0166662 1.0550827 1.1417364
[6446, 0.40402466, 1.0452821, 4.617889, 0.50413287] 2.623704 1.0844997 1.1030213 1.1043098
[6447, 0.53228146, 0.93480664, 5.280798, 0.43576938] 2.552949 1.0104123 0.94862056 0.996808
[6448, 0.56100374, 0.98804325, 3.1993215, 0.67479086] 2.8760793 0.9556767 1.145191 1.1421161
[6449, 0.38431263, 1.0669222, 5.0491724, 0.63320595] 2.5715046 1.148025 0.9455107 1.206443
[6450, 0.42280817, 1.0627061, 3.9917552, 0.67364216] 2.900598 0.97775334 0.9098836 1.088457
[6451, 0.46740502, 1.0297002, 3.0645914, 0.7609171] 2.692682 1.0752139 1.13059 1.2887145
[6452, 0.431341, 1.0180824, 4.175354, 0.40357202] 2.5921102 1.1864898 1.0196093 1.2136583
[6453, 0.45869815, 1.0362313, 4.356926, 0.7107153] 2.7177618 1.0429245 1.0305337 1.2161571
[6454, 0.49045128, 1.0098991, 3.1940093, 0.8315353] 2.8293962 1.2135044 0.90166163 1.080854
[6455, 0.44122133, 1.043093, 5.050349, 0.43860328] 2.5260653 1.2685804 0.80354935 1.1332164
[6456, 0.468113, 0.9677168, 5.2989683, 0.43743604] 2.294243 1.0831379 0.9288446 1.3061373
[6457, 0.51088005, 0.9079771, 5.2920637, 0.4278684] 2.4991171 0.85671866 0.8981299 1.2036512
[6458, 0.5433852, 0.8949175, 5.858344, 0.48414785] 2.1820254 1.2330878 1.1286025 1.223246
[6459, 0.58580124, 1.0053865, 2.8636298, 0.7643798] 3.0169132 1.1172053 0.9847686 1.0773339
[6460, 0.42491698, 1.0315562, 5.078374, 0.52607775] 2.4406765 1.3567419 1.0048153 1.1957202
[6461, 0.5856887, 0.97975487, 2.95596, 0.742598] 3.001648 1.1598136 1.027598 0.92903334
[6462, 0.55495745, 0.89214003, 5.595519, 0.4707132] 2.3143086 0.93051076 0.997011 1.3341004
[6463, 0.46128437, 1.0106515, 5.3359747, 0.74382156] 2.4079764 1.0783052 1.0970945 1.177485
[6464, 0.5954634, 0.8703594, 4.8162293, 0.5171715] 2.3438673 1.129107 1.0307039 1.0947721
[6465, 0.40590912, 1.0540996, 5.370186, 0.4935042] 2.4417164 1.151917 0.9562372 1.2558912
[6466, 0.35712814, 1.0815094, 4.57489, 0.48634368] 2.6112013 1.1610034 0.8626704 1.2212932
[6467, 0.5011838, 1.0174341, 3.4291782, 0.8456402] 2.8711765 1.0514839 0.9324677 1.0937502
[6468, 0.42342836, 1.0489377, 5.341092, 0.5085358] 2.525981 1.0532148 0.9644849 1.3053434
[6469, 0.42308262, 1.0360067, 4.8074465, 0.5378717] 2.6048455 1.0623161 0.9177315 1.2040675
[6470, 0.3766737, 1.0528575, 4.905811, 0.4786508] 2.7963398 1.017619 0.9413438 0.9660187
[6471, 0.36983296, 1.0716883, 5.1935983, 0.45865524] 2.534448 1.2191511 0.8766901 1.1948895
[6472, 0.58310133, 0.94460195, 4.338636, 0.5254914] 2.6507406 0.94170547 0.9018078 1.4792402
[6473, 0.5185205, 0.9860921, 3.626338, 0.62177956] 2.8552468 1.1197677 0.85272896 1.1254941
[6474, 0.49114755, 0.9839998, 4.7913756, 0.37702212] 2.4968626 1.1161654 0.962936 1.1257138
[6475, 0.41690856, 1.0533293, 4.6812196, 0.5813968] 2.7888255 1.126236 0.9314976 0.9072344
[6476, 0.50878537, 1.0434037, 3.2069156, 0.8413262] 2.8553727 1.1732354 0.9977793 1.12886
[6477, 0.4404894, 1.0330261, 5.188658, 0.41918176] 2.6055532 1.0164956 1.0553033 1.1435689
[6478, 0.49753985, 0.98026806, 3.8505907, 0.5657305] 2.9227004 1.0540214 0.83926183 0.94696796
[6479, 0.5337369, 1.021042, 3.3087184, 0.75955343] 2.8577645 1.1693178 0.97683674 1.0773444
[6480, 0.34400424, 1.075085, 4.743775, 0.3221202] 2.67158 1.0342743 0.8311311 1.1262097
[6481, 0.38259584, 1.0708628, 4.7617164, 0.47828132] 2.616868 1.1493164 0.9575823 1.0705657
[6482, 0.44449818, 1.0345848, 3.8522544, 0.56123435] 2.6384785 1.1446368 1.0146365 1.2496006
[6483, 0.43887734, 1.0211184, 4.64908, 0.60462296] 2.663507 1.2172701 0.9412237 0.9847809
[6484, 0.44760793, 1.0263269, 3.734688, 0.6591671] 2.8531075 1.0150056 0.9839052 1.0420382
[6485, 0.5956326, 0.80909395, 5.805458, 0.3425807] 2.2734518 1.141304 0.94780946 1.1196283
[6486, 0.3635533, 1.0725557, 4.709079, 0.55000836] 2.5829484 1.1233716 0.9649819 1.2634733
[6487, 0.537829, 0.77973235, 5.1041565, 0.48309755] 2.227402 1.1765292 0.8836861 1.0637133
[6488, 0.5492619, 1.0456448, 2.8321838, 0.7576958] 2.9935372 1.1926827 0.90496176 1.0410382
[6489, 0.41119584, 1.0300834, 3.802094, 0.6750458] 2.9016042 1.0831413 0.86505204 0.98587716
[6490, 0.51887023, 1.0182478, 3.1563349, 0.74343073] 2.8936505 1.1262585 0.92114127 1.0936786
[6491, 0.53475696, 0.92336446, 5.1569138, 0.53179497] 2.1584542 1.1152266 1.1088749 1.4088508
[6492, 0.5062523, 0.9856027, 4.5822043, 0.5390294] 2.4997902 1.1944307 0.91180867 1.3835671
[6493, 0.5156993, 1.0030584, 3.282933, 0.7154361] 2.7927465 1.1049299 0.9376558 1.2359148
[6494, 0.58655405, 0.88097614, 4.576301, 0.4667683] 2.1533904 1.2758714 1.0710075 1.3558038
[6495, 0.46758667, 1.0411255, 3.661787, 0.7732272] 2.7912376 1.1558712 0.8836313 1.1615211
[6496, 0.32940826, 1.0894446, 5.9326797, 0.56180644] 2.6381795 1.0160488 0.91492283 1.0842723
[6497, 0.5761094, 1.03298, 2.6918845, 0.9530096] 3.1529615 1.2397652 0.9396192 0.8422858
[6498, 0.40714177, 1.0422211, 5.2615294, 0.4857785] 2.5345616 1.0812044 0.9195025 1.098441
[6499, 0.4757957, 1.0142517, 3.5942638, 0.49130577] 2.8019755 1.2383351 0.9365161 0.99548686
[6500, 0.3718885, 1.0973326, 6.1585865, 0.99147654] 2.6533148 1.0905756 1.028696 0.89425904
[6501, 0.35543025, 1.096266, 4.9045596, 0.39259386] 2.4859908 1.2543364 0.98826367 1.1225822
[6502, 0.53580165, 0.88137954, 5.6328764, 0.41507968] 2.243697 1.127395 1.0170506 1.229656
[6503, 0.52743846, 1.0203539, 4.2150803, 0.7541376] 2.6298208 1.0978043 1.0648289 1.2968516
[6504, 0.4590008, 1.0358821, 3.4792523, 0.706273] 2.8203657 1.1706692 0.9182726 1.0752445
[6505, 0.45959666, 1.0355293, 3.7136214, 0.51157016] 2.782064 1.1174972 0.96549964 1.0858366
[6506, 0.44471, 1.0170466, 5.3393593, 0.46434468] 2.571415 1.0447536 0.9835162 1.0745995
[6507, 0.4536879, 1.0578563, 3.6820567, 0.9491957] 2.781166 1.23461 1.0188695 0.96571195
[6508, 0.43582255, 1.030575, 5.394162, 0.5334693] 2.39512 1.1086842 0.87777823 1.2982894
[6509, 0.4463638, 1.0927484, 3.265299, 0.6149626] 2.9164762 1.2139177 0.86203927 1.0435613
[6510, 0.5066276, 0.705824, 6.0079503, 0.5449464] 1.8892944 1.1334506 1.0680932 1.3225924
[6511, 0.6205416, 0.936861, 2.979883, 0.6678256] 2.951817 1.209385 0.94131213 0.9485841
[6512, 0.5773923, 0.868591, 5.3931465, 0.40012485] 2.1341405 1.1125329 1.1185149 1.4079158
[6513, 0.5868151, 0.9823254, 2.6866255, 0.68011767] 3.0611107 1.0503745 1.0315238 0.9702791
[6514, 0.46745178, 1.0402923, 3.3130753, 0.69308585] 2.873165 1.0777427 0.8986521 1.1551826
[6515, 0.6071228, 0.96925694, 2.6631055, 0.90461034] 3.156649 1.0449612 1.038291 0.7883092
[6516, 0.42020443, 1.0227917, 4.7178173, 0.5811299] 2.6788352 1.1027969 0.97737926 1.1531694
[6517, 0.3938666, 1.0642905, 6.331147, 0.5393639] 2.5283787 0.93978584 1.0626167 1.1322066
[6518, 0.43315804, 1.0457627, 4.374815, 0.63906884] 2.6881726 1.169403 1.0274074 1.0514331
[6519, 0.54756385, 0.9536753, 4.102202, 0.34772837] 2.4353683 1.3598791 0.96228135 1.3945819
[6520, 0.5134325, 0.95427316, 5.423297, 0.39946947] 2.3689988 1.1648473 0.9329474 1.0485387
[6521, 0.44480115, 1.0135443, 5.1150956, 0.5388798] 2.45676 1.0227406 1.0541049 1.1192772
[6522, 0.5350544, 0.90183717, 5.2479634, 0.40246502] 2.4450033 1.0390409 0.96266377 0.9833302
[6523, 0.51403654, 1.0355895, 3.7416868, 0.6646406] 2.8638606 1.2789576 0.9635485 0.885571
[6524, 0.37322, 1.0633334, 5.2614756, 0.5153266] 2.5194392 1.155664 0.9576017 1.1010906
[6525, 0.47980404, 1.0015602, 3.7884114, 0.62695664] 2.7857752 1.2322062 1.017781 0.9441073
[6526, 0.46374997, 0.9863675, 4.9112473, 0.47642666] 2.3993385 1.0495293 0.93414724 1.2884746
[6527, 0.5103138, 0.97806, 4.5133724, 0.5044987] 2.761929 1.1029074 0.93207115 1.0204284
[6528, 0.3755079, 1.0493637, 4.622405, 0.51252615] 2.7774484 1.0854051 0.7883791 1.0525662
[6529, 0.35154492, 1.0903541, 4.8654637, 0.49858865] 2.6090431 1.0179378 0.9344066 1.2600698
[6530, 0.43195772, 1.0621228, 5.58144, 0.5831445] 2.2972393 1.2377006 0.9902037 1.3765303
[6531, 0.3816793, 1.0486461, 5.212248, 0.5967628] 2.5825708 0.9661167 1.0285771 1.1707255
[6532, 0.49991223, 0.9560508, 5.0866804, 0.5812616] 2.2953253 1.2321842 0.9709754 1.1903287
[6533, 0.4854796, 0.99658227, 4.3401423, 0.50696796] 2.739711 1.0517656 1.0211139 1.0747306
[6534, 0.40591472, 1.0438868, 5.727218, 0.5144596] 2.6884575 1.0605675 1.016858 1.0188841
[6535, 0.45879886, 1.0002149, 6.1251426, 0.48124102] 2.5429385 1.0147686 0.90962976 1.0682076
[6536, 0.5046873, 0.97062886, 5.012919, 0.4478666] 2.3241832 1.2722831 1.042985 1.1911504
[6537, 0.4053314, 1.0505295, 5.06109, 0.9171523] 2.5862012 1.2593651 1.0476903 0.96930224
[6538, 0.5709763, 1.0311397, 2.9146504, 0.7115487] 3.1606364 1.0567015 1.0515127 0.89165413
[6539, 0.5278353, 0.971957, 3.6666965, 0.58775] 2.7598457 1.1155719 0.93479 1.1138593
[6540, 0.5206704, 0.80711716, 6.2992287, 0.4463669] 2.0875096 1.1401557 1.0288341 1.2550077
[6541, 0.4510958, 0.9858263, 4.4148073, 0.51211566] 2.4036796 1.1153078 0.9310955 1.1331201
[6542, 0.49855903, 0.97961575, 5.2632213, 0.42162317] 2.4213023 1.0770139 0.93694276 1.3146497
[6543, 0.40436333, 1.0383512, 4.7261486, 0.4367621] 2.598022 1.0243696 1.0294336 1.1595234
[6544, 0.59957504, 0.95420897, 3.1061404, 0.683927] 2.9310927 1.0641421 1.0473024 1.0591385
[6545, 0.5420225, 0.9822339, 3.7448258, 0.71033746] 2.8228214 1.0973295 0.8804512 1.2651
[6546, 0.60616845, 0.79039496, 6.566316, 0.5566706] 2.2217915 0.9472236 1.1166885 1.2492012
[6547, 0.41010043, 1.0518392, 5.238506, 0.50241244] 2.5141833 1.0998447 0.96783924 1.2968419
[6548, 0.40974808, 1.051027, 4.0368633, 0.6364102] 2.7618763 1.0294647 0.90108764 1.1260972
[6549, 0.5112222, 1.0159155, 3.7463233, 0.75925726] 2.7644107 1.061006 1.0059296 1.2655258
[6550, 0.50426924, 0.97820324, 5.0686817, 0.48940957] 2.3485026 1.0663414 0.9668723 1.3951917
[6551, 0.34125653, 1.0777726, 5.6138377, 0.47740126] 2.4549522 1.1227816 1.0997745 1.1706046
[6552, 0.42474708, 1.046385, 3.986912, 0.63856083] 2.7053015 1.0395286 0.99187136 1.2768073
[6553, 0.40299928, 1.0656524, 5.4934936, 0.60006905] 2.5516775 1.1556616 0.9828369 1.0750453
[6554, 0.46262518, 1.0103972, 4.702653, 0.46489066] 2.6717873 1.0660323 0.88585824 1.1717179
[6555, 0.5498238, 0.9491549, 5.3802342, 0.48120874] 2.3594153 1.1617491 0.9837794 1.2602504
[6556, 0.4378882, 1.0230825, 5.9534783, 0.66462445] 2.490245 1.0337702 1.0142454 1.1704215
[6557, 0.3571352, 1.078721, 5.2222037, 0.43273696] 2.5954072 1.2126335 0.8701732 1.0506854
[6558, 0.33142117, 1.0652013, 4.837765, 0.49124587] 2.7337177 1.0745968 0.8954206 1.0268753
[6559, 0.38539815, 1.0576619, 5.041092, 0.5434665] 2.6395197 0.97763133 0.9441191 1.1508743
[6560, 0.52109283, 0.98318243, 3.939672, 0.6842793] 2.7251062 1.0545439 1.0235769 1.1746019
[6561, 0.52342296, 0.93883365, 5.2244024, 0.54790056] 2.4567673 1.0150784 0.8299483 1.2332168
[6562, 0.5836171, 0.8736043, 5.056524, 0.50720364] 2.3595388 1.0635693 1.0137727 1.1651098
[6563, 0.46978194, 1.018039, 4.198849, 0.5522759] 2.5163927 1.2033764 1.0819553 1.3152301
[6564, 0.44005615, 1.0466983, 5.210366, 0.6460899] 2.5216444 1.0315801 0.9568938 1.2311094
[6565, 0.43619978, 1.0464951, 4.9922943, 0.55896354] 2.4736707 1.119268 0.9599424 1.2481248
[6566, 0.48503193, 1.0072949, 5.2505927, 0.49316087] 2.405935 1.190565 0.967229 1.4597964
[6567, 0.6478989, 0.9489217, 2.7761326, 0.5963665] 3.2043366 1.0581833 0.9906868 0.7432918
[6568, 0.5263551, 0.94983774, 5.1713033, 0.6325818] 2.492505 1.276472 0.8214601 1.0020868
[6569, 0.39720154, 1.0489286, 4.1412005, 0.69848734] 2.8791327 1.0988255 0.9468772 0.9639785
[6570, 0.39525852, 1.0712168, 4.8959217, 0.72532547] 2.5720682 1.1331528 1.0253723 1.2557795
[6571, 0.41584882, 1.034037, 3.8471813, 0.46916652] 2.794064 1.0597913 0.78218424 1.156787
[6572, 0.41858044, 1.0486101, 5.2427235, 0.6899542] 2.4582782 1.0619338 1.026274 1.3078612
[6573, 0.5120606, 0.9918127, 3.373004, 0.6480169] 3.0016665 0.94186 0.81016076 1.0755599
[6574, 0.44276685, 1.0279951, 3.9119105, 0.6418966] 2.7377288 1.0046452 0.9062572 1.280989
[6575, 0.5101174, 0.97071207, 4.3704395, 0.5544544] 2.7894375 1.1574409 0.87126136 1.0326803
[6576, 0.4846955, 0.8073746, 5.7844744, 0.43923777] 2.1775327 1.0784777 0.9349087 1.2359567
[6577, 0.5114586, 1.0269263, 3.2782767, 0.65850574] 2.811985 1.1246036 1.0081171 1.1034482
[6578, 0.45306093, 1.0229172, 5.258422, 0.47392663] 2.5381773 1.177286 0.975983 1.1071482
[6579, 0.641696, 0.7635174, 6.0412664, 0.3253859] 2.056676 1.3067205 0.9025177 1.403387
[6580, 0.4432011, 1.0119286, 5.2748566, 0.5852745] 2.480456 1.0793763 0.99453133 1.0977417
[6581, 0.60368574, 0.8373375, 4.6098366, 0.4013239] 2.2460098 1.1524738 1.0475436 1.2196761
[6582, 0.6030822, 1.0019548, 2.60843, 0.7665241] 3.0172315 1.1451237 1.0211858 1.0962884
[6583, 0.43713573, 1.0401683, 5.1786585, 0.4546897] 2.6730192 1.1190346 0.8146097 1.1329681
[6584, 0.5253668, 1.0493944, 2.897956, 0.67532796] 2.8962047 1.219717 0.9987574 1.044035
[6585, 0.60512567, 0.9712918, 2.5281353, 0.5661083] 3.1025248 1.026847 0.9925887 1.0027109
[6586, 0.5104634, 1.0273352, 3.774227, 0.75027615] 2.822756 1.2109096 0.93505734 0.9752566
[6587, 0.4636018, 0.98679775, 5.5077963, 0.5200516] 2.5605528 0.88703156 1.0178349 1.1281303
[6588, 0.5705667, 1.0327277, 2.6580758, 0.7307495] 3.0505612 1.093769 1.0394135 1.180116
[6589, 0.48920637, 1.0044582, 3.77986, 0.6152138] 2.8887641 0.9334801 0.9653199 0.93678725
[6590, 0.51068103, 0.97739285, 4.473119, 0.46495086] 2.746064 1.128824 0.9449966 1.0076356
[6591, 0.503109, 0.9963607, 3.9329002, 0.74982417] 2.6513872 1.1541697 0.9002093 1.2935692
[6592, 0.53199065, 0.9672886, 4.8940973, 0.43133375] 2.5842278 1.054567 0.9880744 1.2918063
[6593, 0.40980524, 1.0136784, 5.194728, 0.47955292] 2.449698 1.0422102 0.9365098 1.0972078
[6594, 0.5565643, 1.0224235, 2.5282998, 0.72372496] 3.0267043 1.2280439 0.94223607 1.0702859
[6595, 0.39733756, 1.0742735, 4.9743414, 0.55716] 2.6494591 1.1878821 0.90366286 1.0488988
[6596, 0.5449511, 0.9026735, 4.7514167, 0.545744] 2.2134361 1.1952302 1.0842259 1.2298733
[6597, 0.4813504, 1.0043002, 3.4798305, 0.68093073] 2.7643368 1.045711 1.0077693 1.1739836
[6598, 0.44679666, 1.0227948, 4.8449297, 0.4411281] 2.6487918 1.108272 0.8996311 1.0401474
[6599, 0.5789437, 0.96661043, 2.9672334, 0.8562421] 2.9917574 1.0308872 0.98379236 1.0835168
[6600, 0.4115311, 1.0317928, 5.004231, 0.5597358] 2.7520225 0.98241514 0.9065439 1.079019
[6601, 0.45088747, 1.0211219, 5.2628136, 0.40518942] 2.4593298 1.1610951 0.92227626 1.2817409
[6602, 0.48435467, 1.0339813, 3.4695694, 0.6246326] 2.8828008 1.0894591 0.79078525 1.1438928
[6603, 0.5024502, 0.9999055, 4.10914, 0.68123454] 2.7287307 1.1070285 0.9771317 1.1823254
[6604, 0.3984652, 1.0783877, 5.6113234, 0.66963977] 2.5399442 1.0817837 0.98621106 1.1996442
[6605, 0.51237285, 1.0199605, 3.2131755, 0.7567606] 2.8227632 0.99771464 1.1519423 1.0643847
[6606, 0.5166176, 0.9059059, 5.6113634, 0.35764983] 2.297642 1.1538008 0.983606 1.122355
[6607, 0.56406665, 0.83561736, 5.995402, 0.49634075] 2.109196 1.1309735 1.0405625 1.3564159
[6608, 0.57606286, 0.89046437, 5.933816, 0.37905017] 2.056292 1.1502681 1.1145796 1.5114858
[6609, 0.45302325, 1.034964, 3.9185493, 0.673742] 2.7942157 1.1367612 1.0037955 1.0007733
[6610, 0.52532375, 0.94463104, 4.86971, 0.43118173] 2.443237 1.0847536 0.8497233 1.2269992
[6611, 0.47582996, 1.035648, 3.6670654, 0.6430067] 2.9235635 1.1552966 0.9237998 0.99906284
[6612, 0.47661904, 0.9862943, 4.682991, 0.5398246] 2.7657175 1.0693502 0.94340086 1.0442821
[6613, 0.48958465, 0.9937737, 4.763055, 0.4709716] 2.5473037 1.196875 0.9734532 1.2296573
[6614, 0.41629618, 1.0457324, 5.6529717, 0.5464499] 2.6631699 0.98722327 1.0233158 1.0405124
[6615, 0.53739756, 0.8745406, 5.583623, 0.44021896] 2.2312887 1.0405911 0.94758666 1.3220478
[6616, 0.45763984, 1.005024, 5.0462093, 0.5052279] 2.3587976 1.2525537 1.0712917 1.0984145
[6617, 0.42813346, 1.0551753, 4.472141, 0.4473286] 2.4935832 1.1425061 0.96564037 1.3112421
[6618, 0.50527287, 0.9919653, 3.641474, 0.70551246] 2.7769582 1.0419949 1.0487056 1.0984484
[6619, 0.469467, 1.0036905, 5.148386, 0.43871304] 2.802382 1.049411 0.8234036 0.97152984
[6620, 0.3935758, 1.0515678, 5.0627203, 0.6326695] 2.6952837 0.98003507 1.1113007 1.0911586
[6621, 0.43276793, 1.0522361, 4.7952147, 0.45254347] 2.42119 1.3172272 0.97673565 1.238341
[6622, 0.4145643, 1.0534042, 4.573323, 0.58038664] 2.7748625 1.1054207 0.98447686 0.9286415
[6623, 0.48523608, 0.9967848, 4.1477056, 0.57390463] 2.6367373 1.1723272 0.91878355 1.2274084
[6624, -0.35690868, 0.65913016, 4.555382, 0.4630246] 2.211297 0.95684946 0.9369919 1.1912515
[6625, 0.4947867, 1.0882055, 3.3586164, 0.81518006] 3.0220926 1.0561724 0.9704992 1.0171043
[6626, 0.62694824, 1.0040338, 2.7936358, 0.75704706] 3.1876416 1.1256945 0.93268585 0.8159576
[6627, 0.47699675, 1.0257573, 3.3531327, 0.75727934] 2.7165058 1.167459 0.977572 1.2632272
[6628, 0.5903424, 1.0024098, 2.4860656, 0.6791433] 2.9613492 1.166771 1.0593213 1.1339083
[6629, 0.43894038, 1.0498226, 3.4513197, 0.7622155] 2.8345392 1.106068 1.0211569 1.0687954
[6630, 0.4913625, 0.97986734, 4.4484525, 0.4956893] 2.733929 0.89429486 0.94430184 1.2600182
[6631, 0.47094613, 1.0159024, 6.251603, 0.63513505] 2.5143378 1.1580611 1.1021745 0.87686986
[6632, 0.542174, 0.93462294, 5.3575506, 0.42440742] 2.2343452 1.1401772 1.0806775 1.271646
[6633, 0.46241125, 1.0219371, 5.39153, 0.5608742] 2.6154075 1.2011533 0.88966 1.1383088
[6634, 0.5016365, 1.006286, 3.2476537, 0.81576496] 2.940486 1.0859121 0.9829263 0.9195603
[6635, 0.46617916, 1.0317127, 5.45903, 0.6511271] 2.3770783 1.131069 0.9305373 1.397284
[6636, 0.43657947, 1.0293889, 3.914307, 0.57534564] 2.5833404 1.1376213 1.0679078 1.202039
[6637, 0.47432247, 1.0100967, 5.346946, 0.55354404] 2.4724874 1.0472026 0.9751442 1.166791
[6638, 0.4382816, 1.0284992, 5.1750526, 0.5934394] 2.6948645 1.0516493 0.9716438 0.9976309
[6639, 0.42865163, 1.0256788, 3.5998273, 0.6580548] 2.7546499 1.0108534 1.0633024 1.1480063
[6640, 0.5170904, 0.88853097, 5.974442, 0.448064] 2.2124014 1.2305709 0.9466505 1.145522
[6641, 0.48217794, 1.0065761, 5.1864324, 0.5757866] 2.3730826 1.1353555 0.9345231 1.2654293
[6642, 0.52285606, 0.85857123, 5.1997905, 0.3918913] 2.412072 1.0962411 0.7815482 1.1210232
[6643, 0.3305311, 1.1048709, 5.6005807, 0.6179061] 2.54362 1.1343502 1.0318463 1.0195199
[6644, 0.45872965, 1.0187367, 5.3338485, 0.53389716] 2.455408 1.1293161 1.0031921 1.2294056
[6645, 0.50704277, 1.0115036, 3.4988852, 0.7057356] 2.7658849 1.1696986 0.9875495 1.1256784
[6646, 0.5434232, 0.9844537, 3.5930521, 0.77244395] 2.9119515 1.0431132 0.91039836 0.9731497
[6647, 0.4189475, 1.0341601, 5.4923344, 0.5108477] 2.6840675 1.029734 0.724914 1.1996493
[6648, 0.50714475, 0.99025077, 4.0761094, 0.7030969] 2.8756156 1.0204939 0.8275431 1.1967813
[6649, 0.6403708, 0.8321307, 5.02946, 0.46181005] 2.1988926 1.2905152 1.0867107 1.1348597
[6650, 0.40980726, 1.0574046, 3.8923476, 0.70897615] 2.731128 1.0834969 1.0243442 1.167375
[6651, 0.5279268, 0.9334231, 5.744549, 0.7635024] 2.3178291 1.02545 1.0893929 1.1972604
[6652, 0.44082367, 1.0285311, 5.349064, 0.5083792] 2.4519572 1.0285053 1.0138222 1.2083092
[6653, 0.5443685, 1.0077742, 2.892531, 0.72029555] 3.010435 1.1427104 0.84891886 0.92573386
[6654, 0.61178035, 0.9521779, 2.8502858, 0.6556162] 2.914288 1.1484478 1.0110664 1.0982144
[6655, 0.46719584, 0.99474514, 5.739772, 0.57992214] 2.5149105 1.0272107 1.06661 1.0669448
[6656, 0.44949555, 1.0397431, 3.544986, 0.734617] 2.8028123 1.1900676 0.9142188 1.0641795
[6657, 0.37519845, 1.0788798, 5.2329144, 0.49978343] 2.601473 0.9463874 0.969287 1.1685033
[6658, 0.48816976, 1.0229106, 4.06416, 0.61473274] 2.7419937 1.0837634 0.9829318 1.1619185
[6659, 0.39208803, 1.0690976, 6.0563283, 0.6968103] 2.5794985 1.0542153 1.0361404 1.1472756
[6660, 0.33224955, 1.102566, 5.061536, 0.5616245] 2.6528742 1.1194922 0.90594393 1.1117465
[6661, 0.37097314, 1.0781343, 4.8780985, 0.7163745] 2.5897906 1.1837369 1.0163075 1.1331975
[6662, 0.33204892, 1.1010499, 5.4377317, 0.54750466] 2.522915 1.0557564 0.9932262 1.1918925
[6663, 0.4739346, 1.0448108, 5.361428, 0.4905242] 2.3619797 1.2157627 0.98781186 1.3632278
[6664, 0.432193, 1.0291909, 5.6309147, 0.4956587] 2.488652 1.0282823 0.99913883 1.164079
[6665, 0.55343586, 0.98433554, 3.6045563, 0.5607529] 2.7897584 1.1702466 0.85178345 1.1789728
[6666, 0.511455, 0.96385926, 4.941796, 0.49557188] 2.21338 1.1355442 1.0529908 1.4709313
[6667, 0.5598885, 0.99153334, 3.415833, 0.91403824] 2.9423625 1.10623 0.9973266 0.9676779
[6668, 0.4498038, 1.0423307, 3.685979, 0.660257] 2.7196772 1.118684 1.0346951 1.1251959
[6669, 0.5435991, 1.0133963, 3.0071046, 0.65226096] 2.7948985 1.310571 0.9889506 1.159228
[6670, 0.45627508, 1.0269799, 4.3232694, 0.5423429] 2.5411608 1.0770044 1.033041 1.3663121
[6671, 0.5076405, 0.9977756, 3.4077206, 0.6005662] 2.7482424 1.1129879 0.9609194 1.2561988
[6672, 0.44408226, 1.03225, 3.593764, 0.51719046] 2.6434164 1.1272014 1.15224 1.2093198
[6673, 0.43738067, 1.0231655, 5.3387876, 0.44371068] 2.5168562 1.0642956 1.0017401 1.2039789
[6674, 0.5012529, 0.9629673, 3.56723, 0.5382335] 2.7721112 1.0888443 0.8778758 1.2041956
[6675, 0.4680097, 0.9980344, 5.5749497, 0.663428] 2.5230038 1.0112977 0.94589216 1.1318824
[6676, 0.5192276, 1.0039533, 3.3300045, 0.59375906] 3.0062594 1.018925 0.90612733 0.99634635
[6677, 0.40684453, 1.0570571, 4.0881605, 0.6519752] 2.7512298 1.1254838 0.8220843 1.1454396
[6678, 0.36058587, 1.0771885, 5.3875775, 0.52473354] 2.585856 1.0250204 1.0917217 1.0238416
[6679, 0.362127, 1.0696696, 4.5576634, 0.55007523] 2.766623 1.0843872 0.8792073 0.9864214
[6680, 0.48614928, 1.0312661, 3.2446766, 0.5554253] 2.7847872 1.2471007 1.0368794 1.0663102
[6681, 0.42045724, 1.0530845, 5.090244, 0.4993362] 2.5382302 1.1128179 0.90705657 1.1346368
[6682, 0.49641052, 0.93651634, 5.6384625, 0.3492316] 2.2587078 1.0920618 0.9372055 1.2738943
[6683, 0.49106675, 0.9702815, 5.249755, 0.5693321] 2.462871 1.1122868 0.8641355 1.1784891
[6684, 0.4669688, 0.9960243, 5.5571036, 0.6741048] 2.2797575 1.1486179 1.0663284 1.3128176
[6685, 0.46244323, 1.0279346, 3.8283277, 0.63600886] 2.9179928 1.0803099 0.8825143 0.9661326
[6686, 0.6221034, 0.79570943, 6.3078423, 0.3533604] 2.420773 1.0828419 0.8499819 1.0076483
[6687, 0.42065883, 1.0365802, 5.9373865, 0.53536445] 2.4875734 1.0953118 1.0119694 1.0804008
[6688, 0.4576956, 1.0520864, 4.1902533, 0.5117024] 2.5189977 1.0343237 1.132534 1.3140347
[6689, 0.39610112, 1.0416477, 4.1971874, 0.53263] 2.642607 1.1284597 0.87794393 1.2562413
[6690, 0.34428707, 1.0797697, 5.3448873, 0.53295064] 2.4539216 1.0375636 1.0078102 1.2684938
[6691, 0.44301504, 1.0175835, 4.2663717, 0.6266515] 2.7237208 1.0404658 0.9209366 1.2062489
[6692, 0.52419966, 0.9779217, 3.3428612, 0.64131904] 2.918952 0.8965405 0.9136941 1.132982
[6693, 0.52433866, 0.90586025, 4.931691, 0.48080337] 2.3877916 0.99847686 0.95112157 1.1970987
[6694, 0.41678134, 1.0593296, 4.830575, 0.6153863] 2.562983 0.92467266 1.0586088 1.2892057
[6695, 0.3786256, 1.086993, 4.4117618, 0.46914834] 2.6349785 1.096601 0.981854 1.271085
[6696, 0.6113436, 0.98361194, 2.469509, 0.77185935] 3.032634 1.2398776 0.9880667 1.0065659
[6697, 0.35879532, 1.0802165, 5.4845324, 0.5452848] 2.723302 1.0638726 0.8845698 0.95897806
[6698, 0.5427798, 1.0426356, 2.6914623, 0.77657586] 3.053427 1.2006131 1.0163801 0.93515515
[6699, 0.49580377, 1.0094222, 3.7490602, 0.6360181] 2.804147 1.0599926 0.8493779 1.2065796
[6700, 0.559898, 0.975115, 3.6701937, 0.64791155] 2.7396488 0.944527 1.0414662 1.3211694
[6701, 0.56993645, 0.8794935, 5.1947184, 0.41857266] 2.21612 1.0949116 0.9908449 1.4097748
[6702, 0.52498215, 0.8324412, 6.0846586, 0.49415958] 2.2376184 1.0417697 0.96886307 1.1750865
[6703, 0.3962173, 1.074127, 4.994991, 0.4490927] 2.6328664 1.0861566 0.8568648 1.2297691
[6704, 0.42888218, 1.0404112, 4.0017314, 0.77829826] 2.7586665 0.9663088 1.0247425 1.1542169
[6705, 0.50877887, 0.9477732, 4.94068, 0.43235207] 2.4131927 1.122959 0.96476114 1.1364114
[6706, 0.5352565, 0.7997935, 6.291195, 0.47096384] 2.1587684 1.1217291 1.0597191 1.084981
[6707, 0.3999968, 1.0608779, 4.820476, 0.43238354] 2.4823203 1.2604046 1.1559458 1.0444158
[6708, 0.4632578, 1.0209596, 4.7094207, 0.40302312] 2.502737 1.1608756 1.0040939 1.2263024
[6709, 0.47856292, 1.0075659, 4.585416, 0.56016904] 2.6754012 1.0762314 0.9086753 1.2114053
[6710, 0.5013809, 0.9548804, 4.924321, 0.4899638] 2.4804916 0.9534352 0.977561 1.0645021
[6711, 0.57149553, 0.87371457, 5.7566295, 0.5067593] 2.3015037 1.0435518 1.0730716 1.1310339
[6712, 0.4292039, 1.0276688, 4.5126767, 0.4628979] 2.6676464 1.1620389 0.94570243 1.0001174
[6713, 0.5794666, 0.87612504, 5.58117, 0.3766325] 2.2931683 1.1575699 1.0403532 1.1005679
[6714, 0.4258918, 1.0444775, 5.4460216, 0.62411255] 2.4021037 1.1865047 1.037391 1.2458404
[6715, 0.5023721, 0.95689183, 4.6616464, 0.54626983] 2.3449113 1.0412093 0.98597187 1.3310463
[6716, 0.66898453, 0.93634695, 2.451127, 0.88573617] 3.0273933 1.2648339 1.0237981 1.0668044
[6717, 0.59346634, 1.004975, 2.6283925, 0.8240369] 2.990946 1.1773335 0.9267949 1.1018027
[6718, 0.4464761, 1.0191877, 5.5208735, 0.6329235] 2.3721938 1.150512 1.0240737 1.1765691
[6719, 0.29455945, 1.0951813, 4.021552, 0.47029436] 2.808422 1.0956306 0.9052522 1.0170519
[6720, 0.49942884, 1.0105256, 5.3962703, 0.50042075] 2.496893 1.2002788 0.87173045 1.3118638
[6721, 0.53694457, 0.8845526, 6.7161884, 0.49675205] 2.144555 1.1246306 1.0567527 1.3437767
[6722, 0.5627116, 0.89515907, 5.389399, 0.58301246] 2.2244 1.1059954 1.0814227 1.3043476
[6723, 0.382397, 1.0845736, 4.0931907, 0.63037825] 2.784961 1.1852994 0.88611615 1.0514404
[6724, 0.49938667, 1.0042863, 2.5916784, 0.7227045] 2.9876525 1.0032233 1.024563 1.0512867
[6725, 0.45647117, 1.0141308, 5.390628, 0.54065317] 2.4721975 1.0431741 0.85629135 1.2923373
[6726, 0.58117414, 1.0460057, 2.3053613, 0.7610703] 3.121886 1.3175437 0.95885307 0.93734664
[6727, 0.56621146, 1.0283556, 2.3187637, 0.74732375] 3.2115283 0.970238 0.9056359 0.9806416
[6728, 0.5490372, 0.86243606, 5.7799206, 0.392992] 2.2626724 1.1032947 1.1006434 1.0962572
[6729, 0.5983552, 0.85348, 5.204395, 0.41614538] 2.292041 1.0950627 0.9996391 1.1489064
[6730, 0.44732156, 1.0295466, 4.9857163, 0.5242215] 2.3742476 1.2472428 0.94934654 1.267886
[6731, 0.4143874, 1.0486677, 4.301827, 0.62518656] 2.7234159 0.98949087 0.9195575 1.1484686
[6732, 0.54499114, 0.93276584, 5.131004, 0.5363432] 2.3313932 1.1037475 1.0145155 1.3486936
[6733, 0.4796413, 0.98183405, 5.3425684, 0.48205882] 2.4402606 1.0420154 1.0110984 1.1645054
[6734, 0.4883047, 0.95520836, 5.7758627, 0.6004208] 2.4341824 1.1236066 0.9604872 1.047343
[6735, 0.4880011, 1.0028074, 6.0479608, 0.4984104] 2.3718677 0.9858365 0.97652763 1.5142132
[6736, 0.39104316, 1.0656968, 3.6426902, 0.852273] 2.8233287 0.9087293 1.0722264 1.1059517
[6737, 0.5111956, 0.96922, 5.181626, 0.4500282] 2.6391332 0.9845024 0.9952865 0.95684874
[6738, 0.37397242, 1.0876951, 5.3920717, 0.58539593] 2.5823216 1.1571127 0.9516064 1.0250518
[6739, 0.6312744, 1.065227, 2.034816, 0.9800615] 3.3642113 1.1663091 0.92383516 1.05584
[6740, 0.40152118, 1.0671623, 5.1445637, 0.53976] 2.6189165 1.1413827 0.9005564 1.099707
[6741, 0.5219089, 0.94581676, 5.3619676, 0.518399] 2.5291297 0.9885373 0.96387345 0.9732111
[6742, 0.41535756, 1.0504949, 3.6511323, 0.76495934] 2.7940092 1.0756799 1.0196157 1.0788767
[6743, 0.45630276, 1.044003, 3.49318, 0.7457011] 2.8197033 1.0710934 0.95196927 1.1189464
[6744, 0.33582264, 1.0986111, 5.4390125, 0.43248186] 2.5219812 1.0914758 0.9891543 1.2060554
[6745, 0.53925455, 0.9909004, 4.736461, 0.48615736] 2.3679454 1.2678622 1.0968672 1.4343152
[6746, 0.43008542, 1.043078, 4.414599, 0.7537422] 2.6010077 1.0896567 1.0102102 1.261585
[6747, 0.48308015, 0.9865738, 4.1533847, 0.49883375] 2.6507494 1.1030331 0.92821765 1.2589632
[6748, 0.5303327, 0.82738835, 5.711307, 0.44882393] 2.1762626 1.1167582 0.8465044 1.2762293
[6749, 0.57599753, 0.96711403, 3.385176, 0.72537065] 2.9618838 1.2015265 0.88353777 0.9405345
[6750, 0.4980125, 0.982957, 4.2626905, 0.4994019] 2.8412948 0.852471 0.9852668 1.1052488
[6751, 0.38288838, 1.0727497, 5.565866, 0.6422657] 2.4250896 1.0518188 0.9963604 1.3141755
[6752, 0.61701727, 0.9921421, 2.7564986, 0.6385399] 2.9972122 1.2316575 0.98804635 0.94284767
[6753, 0.40459618, 1.0525485, 4.9758263, 0.59221864] 2.6297517 1.1626664 0.89872706 1.074162
[6754, 0.4024301, 1.0375352, 3.8042562, 0.40964454] 2.7491508 1.0471684 0.8936683 1.0823201
[6755, 0.4620748, 1.0265123, 5.2898197, 0.5438684] 2.458219 1.2157325 0.80642575 1.3058207
[6756, 0.58181363, 0.8780891, 4.9044876, 0.49111265] 2.2958856 1.1057966 1.026541 1.2256933
[6757, 0.3846222, 1.0829933, 5.30689, 0.53789425] 2.535988 1.0858319 0.9956233 1.1031184
[6758, 0.548538, 0.9466868, 5.133493, 0.46845174] 2.3813963 1.0520215 1.0051496 1.2048833
[6759, 0.51160955, 0.97729766, 5.368293, 0.4137275] 2.5308018 1.2979734 0.787215 1.1072406
[6760, 0.55178225, 0.81742567, 5.6131687, 0.41861987] 2.1471093 1.0644382 0.9800054 1.335653
[6761, 0.3977178, 1.0644984, 4.5711775, 0.46009502] 2.8269207 1.0991207 0.87480044 0.8149023
[6762, 0.46786642, 1.0081172, 5.562273, 0.49624592] 2.4652574 1.0722158 0.9559112 1.1293842
[6763, 0.48445788, 1.0184854, 3.672418, 0.5270089] 2.6328485 1.2093766 1.0166082 1.2289425
[6764, 0.58250606, 0.81768274, 5.5313144, 0.38844287] 2.2516494 1.130931 0.86943483 1.2055368
[6765, 0.35598847, 1.084101, 5.4438, 0.82484764] 2.6425598 1.0553333 0.9206154 1.095712
[6766, 0.43453947, 1.036053, 5.555937, 0.71972126] 2.5800402 1.0413197 0.9845168 1.1806405
[6767, 0.55501485, 0.9710617, 3.2525523, 0.9708143] 2.869486 0.98996377 0.9839867 1.2111297
[6768, 0.4238502, 1.0228282, 5.629228, 0.5342623] 2.4936752 1.143158 0.9644358 1.065744
[6769, 0.4137606, 1.0425792, 4.9336576, 0.44037265] 2.621535 1.3140758 0.9754422 0.99658906
[6770, 0.49588764, 0.99643105, 3.7728705, 0.56711656] 2.8343184 1.0516459 0.8798338 1.1289775
[6771, 0.36651322, 1.0951451, 4.9216037, 0.523936] 2.5353785 1.0435002 1.0454587 1.0707958
[6772, 0.3966034, 1.0567738, 4.9994583, 0.7622731] 2.6108193 1.1403986 0.99805003 1.0686466
[6773, 0.44062853, 1.0253136, 5.3234277, 0.6362948] 2.4203937 1.0947585 0.9075374 1.3012859
[6774, 0.3097226, 1.0991721, 5.47077, 0.56888866] 2.615887 1.0858564 0.84757304 1.158514
[6775, 0.38696942, 1.0552049, 4.43239, 0.46701974] 2.6519172 1.1023749 1.0134113 1.0936002
[6776, 0.39321408, 1.0654047, 5.0465384, 0.4608702] 2.6216407 1.1043575 0.8238294 1.2596477
[6777, 0.49843836, 1.0498627, 3.0562282, 0.74355483] 2.9715977 1.1217798 0.9575588 1.0393503
[6778, 0.68416417, 0.75859165, 4.928938, 0.34628937] 2.2407477 1.2047048 0.82478094 1.3715191
[6779, 0.39262617, 1.0316739, 4.838018, 0.6002424] 2.5255435 1.0494472 1.0353223 1.175789
[6780, 0.39839828, 1.0458459, 5.089989, 0.44310033] 2.420714 1.1850053 0.9742749 1.2018718
[6781, 0.42115724, 1.0340513, 5.021268, 0.46598148] 2.4502544 1.1004207 1.0416478 1.1457114
[6782, 0.5470775, 1.0008065, 3.0249703, 0.61606055] 3.1126604 0.99036896 0.86864376 0.9393675
[6783, 0.484322, 0.9888995, 4.0999007, 0.5646392] 2.7484047 1.0074246 1.0897229 1.0400367
[6784, 0.40322518, 1.0465065, 4.10974, 0.54402846] 2.7805696 1.0462245 0.9404957 1.0500797
[6785, 0.5061738, 1.0180794, 3.114352, 0.6986683] 2.9165797 0.98461807 1.0611893 1.0649185
[6786, 0.48238495, 1.0274466, 4.264305, 0.53749776] 2.8465638 0.90655124 0.9134591 1.0876192
[6787, 0.5588106, 0.90742725, 5.432685, 0.5251635] 2.328489 1.060503 1.0247731 1.2546009
[6788, 0.44483918, 1.0453205, 4.9566684, 0.5953433] 2.4134946 1.1757716 0.9789922 1.2838752
[6789, 0.5211137, 1.0032079, 3.910014, 0.5894118] 2.7167535 1.0119207 1.0409465 1.1901915
[6790, 0.5299033, 0.9586109, 4.374321, 0.46788162] 2.556305 1.0638831 0.95810765 1.36785
[6791, 0.49584, 0.962202, 4.6489897, 0.4979394] 2.4682472 1.0075678 0.87705094 1.2017922
[6792, 0.3910333, 1.0955868, 3.8270047, 0.6404995] 2.6471887 1.0049683 1.1267141 1.2635128
[6793, 0.36304793, 1.0624589, 4.4090433, 0.585385] 2.6951423 0.958225 1.0489194 1.1955372
[6794, 0.44106433, 1.0303098, 5.2677703, 0.51973605] 2.7979486 0.93256646 0.8755017 1.0805
[6795, 0.43170616, 1.0399476, 3.757183, 0.6922812] 2.8091567 1.0259564 1.0027306 1.0693045
[6796, 0.50179315, 1.0191547, 3.288385, 0.5504621] 2.8297026 1.1536679 0.969706 1.1258917
[6797, 0.376982, 1.0763865, 4.1117015, 0.43903068] 2.6198812 1.1777225 0.96849924 1.202874
[6798, 0.3965278, 1.0593058, 5.172825, 0.5012934] 2.5864718 1.0175687 0.97476363 1.224872
[6799, 0.53225386, 1.0244386, 3.1185248, 0.7215801] 2.7788122 1.0960293 1.1385795 1.2347162
[6800, 0.53246737, 0.91899, 5.367146, 0.39965457] 2.2415535 1.0809385 1.0844886 1.2674559
[6801, 0.4586364, 1.00096, 5.3204384, 0.46236542] 2.5167432 1.0118132 1.0862117 1.2174289
[6802, 0.59189665, 0.743449, 5.706041, 0.44821325] 2.044697 1.0508891 1.02528 1.3961502
[6803, 0.5197531, 1.0004134, 3.5422006, 0.5871458] 2.6470423 1.2779304 1.0177433 1.1258126
[6804, 0.42994046, 1.0321081, 4.621077, 0.55123794] 2.7009392 1.1962173 0.9734821 1.0604712
[6805, 0.4547258, 1.028247, 4.1365013, 0.5584384] 2.6681912 1.1624823 0.9511457 1.2337453
[6806, 0.39146048, 1.0529025, 4.483403, 0.5815435] 2.8381605 1.0527642 0.87263286 1.0422001
[6807, 0.36367184, 1.0695035, 4.826115, 0.51464236] 2.5373206 1.0603566 1.028631 1.2485409
[6808, 0.4561959, 1.0406711, 5.6558747, 0.5331744] 2.3816636 1.155541 1.0392188 1.3246547
[6809, 0.5742314, 0.7919089, 6.1399293, 0.4006681] 2.1895518 1.1047521 0.9908424 1.217961
[6810, 0.5036129, 1.0163999, 5.258561, 0.5618648] 2.2631266 1.2104306 1.0306237 1.4576201
[6811, 0.3529947, 1.0787938, 4.1337533, 0.6435779] 2.7320185 1.1023296 1.0353415 1.0366851
[6812, 0.4586747, 1.0209991, 5.773418, 0.650549] 2.4599886 1.1220053 0.96678853 1.1398
[6813, 0.41005272, 1.0489244, 5.296522, 0.53042847] 2.717266 0.9748554 0.9193705 1.0995129
[6814, 0.5602605, 0.8295369, 5.5047164, 0.32295802] 2.404462 1.1632177 0.884833 0.9639806
[6815, 0.48265088, 1.0506471, 3.7483616, 0.7577211] 2.7233238 1.0385664 1.1358188 1.2388216
[6816, 0.58796334, 0.8674689, 5.2588882, 0.48974833] 2.354669 1.2446574 0.9327105 0.9958033
[6817, 0.43658492, 1.0374085, 5.5286245, 0.56619495] 2.5644598 0.92457473 0.9024364 1.2261002
[6818, 0.6659093, 0.94595796, 2.256426, 0.7204005] 3.0810816 1.1047676 0.92152303 1.2549112
[6819, 0.5000127, 1.0158832, 4.4106317, 0.5929648] 2.4786916 1.262495 1.0242661 1.3397409
[6820, 0.4064194, 1.0471901, 4.759144, 0.43707007] 2.6192715 1.1640424 0.9103824 1.185702
[6821, 0.5982356, 1.0160195, 2.451834, 0.95535713] 3.1226737 1.005874 0.92884696 1.165502
[6822, 0.46395308, 0.98396385, 5.7549005, 0.56048036] 2.3783116 0.96980846 1.0957856 1.2566648
[6823, 0.6081484, 0.95425045, 2.6282835, 0.7518599] 2.9428709 0.98068357 1.0118718 1.281597
[6824, 0.34857354, 1.0890847, 5.3149204, 0.4427472] 2.4911535 1.1884285 0.9932813 1.1578045
[6825, 0.3610443, 1.0821153, 4.876739, 0.55978936] 2.5848815 1.0721949 1.1313466 1.1364833
[6826, 0.47425547, 1.030049, 3.5413294, 0.607817] 2.879894 0.9453524 1.0136064 1.1483271
[6827, 0.46997803, 1.025412, 5.5729012, 0.6506328] 2.4483669 1.1621954 0.99367434 1.2196013
[6828, 0.37112948, 1.0643876, 5.6337476, 0.4603846] 2.580896 0.9988537 0.9062773 1.1328471
[6829, 0.3495411, 1.0655689, 5.7850432, 0.5210962] 2.6274376 0.9876796 0.925045 1.0550029
[6830, 0.44720647, 1.0167532, 4.0616484, 0.42254996] 2.6859658 1.1353599 0.9277478 1.1532341
[6831, 0.4628592, 0.9493713, 5.157806, 0.39844856] 2.437572 0.9823224 0.83863264 1.2166466
[6832, 0.54536164, 1.039551, 3.2223966, 0.92015874] 3.0328598 1.1312482 0.95213413 0.96649814
[6833, 0.46453443, 1.0302696, 5.395679, 0.6079725] 2.5099707 1.0134907 1.0824564 1.1790028
[6834, 0.35309362, 1.0633621, 4.4387383, 0.68689245] 2.6165144 1.0547211 1.004683 1.129808
[6835, 0.5240131, 0.94033706, 4.8995214, 0.43731982] 2.4214442 1.2264789 0.87241966 1.0662031
[6836, 0.5147897, 1.0164931, 3.4422336, 0.86098236] 2.9123359 1.1346645 0.8563707 1.0934415
[6837, 0.47694594, 1.0071616, 3.923236, 0.6795105] 2.8293614 1.2007555 0.9310207 1.0101148
[6838, 0.51273644, 0.99495405, 3.841147, 0.5826806] 2.7670298 1.0187576 0.88394564 1.2540262
[6839, 0.53142565, 1.0303792, 3.2880023, 0.685317] 2.8835742 1.0790721 1.0885319 1.0806621
[6840, 0.5159962, 1.0264792, 3.1478124, 0.72581095] 2.9849625 1.0755565 0.8586152 1.1123667
[6841, 0.51589614, 0.9860335, 3.8839302, 0.54534495] 2.6698842 1.2189552 0.98708177 1.1744787
[6842, 0.48164555, 1.0333563, 3.692771, 0.9694754] 2.7284365 1.2282335 0.94727296 1.1506287
[6843, 0.6934995, 0.7220366, 5.6101093, 0.3050148] 2.1310754 1.2383541 0.89146686 1.3991716
[6844, 0.43180352, 1.0392394, 4.243443, 0.6173691] 2.6141496 1.1301708 0.98863983 1.2494566
[6845, 0.5098895, 0.98023057, 3.9217436, 0.51666903] 2.931711 1.1438862 0.8173847 0.8857714
[6846, 0.5184561, 1.0018594, 3.1876113, 0.689281] 2.740711 1.0336102 1.0585546 1.2880251
[6847, 0.46856874, 1.0250483, 3.8945289, 0.5463918] 2.595972 1.0838608 1.1042166 1.2926353
[6848, 0.42099828, 1.0423441, 4.6798277, 0.79081786] 2.6255229 1.3224821 0.8226614 1.1584592
[6849, 0.36688942, 1.0810546, 4.970704, 0.45015076] 2.4840944 1.1983869 1.0102125 1.1674272
[6850, 0.37417743, 1.0591666, 4.911164, 0.60635346] 2.6565938 1.1171323 0.9162343 1.1463234
[6851, 0.61792296, 1.0182092, 2.532568, 0.7494558] 3.2504728 1.2276827 0.8058377 0.8710383
[6852, 0.51525134, 0.99901545, 3.4828455, 0.53951997] 2.6107297 1.1040362 1.123401 1.2832232
[6853, 0.56869787, 0.99952215, 3.192537, 0.77338684] 2.8829277 1.1270158 1.0047418 1.1389376
[6854, 0.4489334, 1.0231031, 4.578575, 0.6468627] 2.5467005 1.0583869 1.0508062 1.2427787
[6855, 0.42580968, 1.0503731, 5.2374916, 0.5072209] 2.6750958 1.1023874 0.9728011 1.0234226
[6856, 0.47086895, 1.0214685, 4.246372, 0.6285554] 2.7501538 0.98741597 0.9538536 1.2063338
[6857, 0.47738495, 1.0220599, 3.5848136, 0.6515686] 2.7367423 1.1286608 1.1075187 1.0474821
[6858, 0.4395545, 1.0459571, 5.32329, 0.46669766] 2.5231612 1.201365 0.9596239 1.0830249
[6859, 0.50379497, 0.970121, 5.114109, 0.46638253] 2.3277416 1.2071854 0.88559496 1.3465099
[6860, 0.46754217, 1.0229639, 4.3736534, 0.68952423] 2.754356 1.1100569 0.9796177 1.1419681
[6861, 0.59652853, 0.9647708, 3.2047732, 0.68744123] 3.1327245 0.94935894 0.8818909 1.0072906
[6862, 0.48362136, 0.9722712, 4.184892, 0.5152294] 2.667622 1.0453742 1.1427976 1.0636445
[6863, 0.60489243, 0.9265143, 3.2539594, 0.58243495] 2.8032734 1.1572781 0.94947624 1.2210424
[6864, 0.44071767, 1.0275868, 5.291216, 0.6427672] 2.3998697 1.161572 1.0372506 1.2178769
[6865, 0.4940639, 0.9848664, 4.923511, 0.4865886] 2.8084908 1.0340593 0.8471329 1.0171185
[6866, 0.46609566, 1.0129851, 5.0502486, 0.5167493] 2.502875 1.0980328 0.7883153 1.2808859
[6867, 0.45235044, 1.0436343, 5.885267, 0.5186672] 2.4047399 1.1672151 0.98161757 1.231876
[6868, 0.45245916, 1.0158665, 5.2560043, 0.45035368] 2.477917 1.2462077 1.0216938 1.1835526
[6869, 0.67004716, 0.897309, 2.8468242, 0.64167774] 3.0016587 1.1625606 0.94261825 0.96702766
[6870, 0.6064733, 0.87445533, 4.6719346, 0.5337316] 2.3008032 1.3182579 1.0027316 1.0764362
[6871, 0.3545036, 1.063342, 5.63432, 0.68463403] 2.5321877 0.94198126 0.995447 1.0816976
[6872, 0.35059294, 1.0927631, 4.364368, 0.61526674] 2.9164128 1.0218714 0.78292185 0.9853794
[6873, 0.4537318, 1.0225246, 3.5179033, 0.50879073] 2.7318387 0.9749985 1.0229887 1.2296474
[6874, 0.4643866, 1.0140704, 5.935563, 0.52935183] 2.3594143 1.1938077 0.9150351 1.2866689
[6875, 0.54636306, 0.9172437, 5.428195, 0.47392997] 2.4360282 1.1067679 0.95588434 1.1120927
[6876, 0.37711814, 1.0743582, 4.662271, 0.5562697] 2.7315962 1.175758 0.83879155 1.1079104
[6877, 0.55640006, 0.8569945, 5.4859242, 0.32989073] 2.2627614 1.0758433 0.90877753 1.2783469
[6878, 0.4370131, 1.0276241, 5.1772356, 0.48434907] 2.611354 1.2064372 0.9479406 0.9610028
[6879, 0.34219795, 1.1083479, 5.16864, 0.64460456] 2.5523252 1.1733198 0.96356803 1.0543934
[6880, 0.49815425, 0.8174114, 6.627144, 0.5032873] 2.3145065 0.89898264 1.0549686 1.0815383
[6881, 0.36218226, 1.0972675, 5.707099, 0.63066244] 2.5011873 1.1760876 0.9242765 1.1823708
[6882, 0.36721426, 1.0721111, 5.0932145, 0.4711722] 2.5885222 1.0788252 1.0902829 1.1151036
[6883, 0.45168054, 1.0226786, 5.4589763, 0.49039543] 2.641096 1.0487505 0.86515635 1.100443
[6884, 0.4346377, 1.0557467, 4.97552, 0.48033103] 2.4755864 1.0131422 1.1181927 1.230481
[6885, 0.53803784, 0.9797842, 3.2419372, 0.7396344] 2.8233793 1.2084655 0.9414884 1.0877854
[6886, 0.37717852, 1.0627087, 5.4208784, 0.84408516] 2.7384686 0.9503528 1.0049771 1.0086925
[6887, 0.4827745, 0.9919197, 5.6640472, 0.6157081] 2.5176666 0.8680024 1.0441046 1.1648014
[6888, 0.473382, 1.0048032, 4.2127256, 0.5703436] 2.5741103 1.1823767 0.9037725 1.3186073
[6889, 0.4139328, 1.0546136, 4.763821, 0.555382] 2.7944114 1.105872 0.8933205 0.95826507
[6890, 0.48116025, 1.0069852, 3.6826546, 0.78345484] 2.8262599 1.1029062 0.916213 1.0986952
[6891, 0.45530608, 0.8181124, 6.3781667, 0.55550855] 2.0559165 1.2639503 1.036382 1.224025
[6892, 0.44028738, 1.0635408, 3.3237135, 0.7948451] 2.8474638 1.0293602 0.88021785 1.2344784
[6893, 0.3429546, 1.0693539, 5.5176435, 0.68290573] 2.5048616 1.1540465 1.0089107 1.1361495
[6894, 0.42562887, 1.0265201, 4.7539763, 0.23890434] 2.5297241 1.0861413 0.9966645 1.3058163
[6895, 0.6406124, 0.80154216, 5.010216, 0.43344885] 2.2592895 1.0355413 0.94506985 1.3801244
[6896, 0.4213387, 1.0538188, 4.290582, 0.6383166] 2.8809812 1.1043042 0.7893183 0.9817368
[6897, 0.42792282, 1.0358995, 5.3043857, 0.5093862] 2.5589898 1.0582633 0.9389241 1.2782257
[6898, 0.35363615, 1.0887915, 5.299886, 0.6257743] 2.717849 1.1037616 0.9087655 0.8869414
[6899, 0.4291758, 1.0375475, 6.3356085, 0.54440236] 2.3932738 1.1257442 0.88831013 1.3898431
[6900, 0.48824477, 0.9175931, 5.6097827, 0.40755022] 2.3692884 0.84558547 1.0175018 1.2507985
[6901, 0.35869133, 1.0557767, 6.1404366, 0.60307854] 2.6004171 0.9638526 0.99190414 1.0203183
[6902, 0.5056676, 0.999648, 5.482651, 0.39117247] 2.3668733 0.94529957 1.1352706 1.3967259
[6903, 0.5292372, 0.96293294, 5.34626, 0.5894257] 2.3678565 1.2616926 0.94102144 1.2340746
[6904, 0.41942087, 1.0313914, 4.0892396, 0.4481247] 2.840881 1.1293846 0.86192983 0.92830426
[6905, 0.5776106, 0.8257539, 5.516379, 0.48494408] 2.2483404 1.1145778 0.9051703 1.3419514
[6906, 0.4594133, 0.9978416, 3.6225185, 0.58438593] 2.7930498 0.99686074 0.90361524 1.2437726
[6907, 0.48689094, 1.0368247, 3.239146, 0.7073589] 2.9249005 1.0077022 0.99818873 1.027632
[6908, 0.4215411, 1.0589904, 4.4097443, 0.4669324] 2.627636 1.0212855 0.87330306 1.3111176
[6909, 0.5490897, 0.9224089, 5.4700904, 0.4240657] 2.3388119 1.1830552 1.0027171 1.1736114
[6910, 0.5666228, 0.9951946, 2.9991388, 0.633504] 2.78585 1.191621 1.0685034 1.1917868
[6911, 0.5049101, 1.0343724, 3.1482563, 0.6755451] 2.8652775 1.1704432 0.97566223 1.1263032
[6912, 0.40531576, 1.0712008, 5.09478, 0.59313834] 2.5678122 0.9958195 0.9536411 1.2661691
[6913, 0.5245715, 0.91728723, 5.1655655, 0.6127848] 2.420705 1.0051044 0.86857957 1.2195345
[6914, 0.46106932, 0.71051127, 4.881848, 0.6247827] 1.9888927 1.0339047 0.99503505 1.2446326
[6915, 0.3975748, 1.0579584, 4.800067, 0.5632205] 2.6647165 1.0993557 0.930147 1.1260276
[6916, 0.55842793, 0.98773444, 3.2279673, 0.7101458] 2.9698021 1.22179 0.8689324 0.83378935
[6917, 0.4440144, 1.0293137, 4.484899, 0.5015601] 2.7427986 1.113787 0.81411093 1.0875888
[6918, 0.51351124, 0.9010723, 6.0568595, 0.4757492] 2.3190925 1.0995585 0.93728244 1.1481822
[6919, 0.4783963, 1.0663295, 2.955311, 0.57391876] 2.6708167 1.3752778 0.9321093 1.2633076
[6920, 0.48747844, 1.0025043, 5.2690215, 0.42138523] 2.5713682 1.273362 0.97950184 0.9287304
[6921, 0.47255868, 1.02051, 3.7234054, 0.43002543] 2.6498826 1.3209776 0.86779004 1.1686553
[6922, 0.43295652, 1.0444722, 5.770708, 0.47474888] 2.336549 1.2522608 0.9442152 1.3914093
[6923, 0.5183291, 0.97865796, 5.190675, 0.8725339] 2.3663244 1.1452851 0.9179401 1.3890034
[6924, 0.35109875, 1.0783398, 3.7762563, 0.5358266] 2.778461 1.0318668 0.93787986 1.1818461
[6925, 0.5129935, 1.0492681, 3.1567037, 0.9747329] 2.9532335 1.1234697 0.95930916 0.99935454
[6926, 0.5301147, 1.0253041, 2.9180372, 0.7929215] 2.9292037 1.0071088 0.95862 1.1706135
[6927, 0.39321485, 1.0706595, 5.1211567, 0.4605155] 2.41349 1.0063597 1.0203917 1.1974227
[6928, 0.35879532, 1.0742363, 5.0679727, 0.6420009] 2.6946137 1.0714629 0.87864625 1.1623861
[6929, 0.4388997, 1.012764, 3.8706803, 0.646157] 2.7438214 0.99465483 0.92576027 1.2186042
[6930, 0.6010889, 0.863049, 4.975942, 0.44770604] 2.2160711 1.1624072 0.9762279 1.3678089
[6931, 0.5084956, 0.83227175, 5.190733, 0.28805473] 2.261078 1.0633168 0.96149814 1.192259
[6932, 0.33401966, 1.0579761, 5.658226, 0.5245049] 2.5644794 1.1012623 0.9840311 1.0693972
[6933, 0.44698602, 1.0369157, 3.668077, 0.6371302] 2.7520483 1.0961663 1.0195545 1.1183985
[6934, 0.57838774, 0.74722517, 5.777591, 0.38085502] 2.178917 1.0383807 0.8726892 1.3554044
[6935, 0.41892982, 1.0421708, 5.712488, 0.538917] 2.5082161 1.1731409 1.0376315 0.9946639
[6936, 0.41236657, 1.0571067, 4.9287853, 0.6295632] 2.4978178 1.1180696 0.9765799 1.2583036
[6937, 0.43648157, 1.0358005, 4.3693895, 0.48579377] 2.7076688 1.2009503 0.99310714 1.0410136
[6938, 0.5592487, 1.0035017, 2.7289894, 0.65322405] 3.0201597 1.133388 1.0311055 0.962413
[6939, 0.34667236, 1.1008399, 4.9847603, 0.5280162] 2.6236496 1.1601709 0.8404378 1.2187712
[6940, 0.3596741, 1.0899631, 4.7186174, 0.47181192] 2.5483673 1.1655942 0.9078024 1.2072675
[6941, 0.4184567, 1.0224419, 5.9892015, 0.77559346] 2.5145397 1.0213058 0.96060646 1.0705926
[6942, 0.41260394, 1.0794549, 5.953029, 0.82949144] 2.5743368 1.1331437 0.9118489 1.1358923
[6943, 0.3875485, 1.0530858, 5.5083237, 0.6304977] 2.6074018 1.1287794 0.9667847 0.93370384
[6944, 0.51083004, 1.0041988, 3.4235442, 0.644956] 2.8267384 1.2122277 0.73853266 1.1561537
[6945, 0.4481488, 1.0078279, 4.0226264, 0.5626845] 2.745561 1.1057675 1.0206 1.068459
[6946, 0.39062372, 1.0465626, 4.956417, 0.47018692] 2.6002464 1.0685059 0.98470694 1.2375777
[6947, 0.4063525, 1.0862389, 6.1311727, 0.52998] 2.4438982 0.9325021 1.0488178 1.3581717
[6948, 0.35057092, 1.0834477, 5.463813, 0.50747806] 2.5814433 1.1106156 0.9842581 1.0352956
[6949, 0.5407775, 1.0058365, 2.974906, 0.64212364] 2.8581278 1.1438752 1.1237957 1.0679747
[6950, 0.5392744, 0.88176805, 4.9901366, 0.46226177] 2.332371 0.9364565 0.98859364 1.3029108
[6951, 0.5361803, 0.84515476, 5.2355638, 0.318887] 2.0754914 1.2303497 0.89089733 1.4413037
[6952, 0.55906487, 0.98457986, 3.0056994, 0.68726075] 2.9819362 1.1181424 1.0375985 0.93245745
[6953, 0.39608386, 1.0469599, 4.8795934, 0.44009167] 2.6655579 1.1303543 0.84851736 1.1460925
[6954, 0.53458554, 1.0202036, 3.0699713, 0.75895417] 2.7492216 1.013894 1.1167964 1.3040582
[6955, 0.40196067, 1.0671117, 5.612717, 0.5935648] 2.6328459 1.1715255 0.95726603 0.86244017
[6956, 0.42101243, 1.0704991, 5.993092, 0.6091352] 2.4619946 1.061642 1.1386452 1.0955328
[6957, 0.36121944, 1.0846066, 5.2431383, 0.59050006] 2.762585 1.1009392 0.8335126 0.94588673
[6958, 0.54788136, 0.94188166, 4.832837, 0.58014905] 2.4711835 1.0885303 0.9745758 0.95049447
[6959, 0.4196487, 1.0400465, 4.2006087, 0.53280115] 2.6788714 1.1088471 1.0791521 1.096213
[6960, 0.42434996, 1.0181463, 5.2073, 0.61480904] 2.583919 0.9066399 1.0819781 1.0388097
[6961, 0.48007062, 0.71326894, 6.125297, 0.77923775] 2.0369515 1.0356293 0.9055644 1.2231182
[6962, 0.39601997, 1.0817996, 4.854777, 0.4796223] 2.515302 1.1402774 0.9944451 1.2672904
[6963, 0.5293269, 0.95952094, 5.1342406, 0.5412484] 2.3564334 0.96210253 0.9686998 1.484956
[6964, 0.34111482, 1.098454, 5.145086, 0.47342566] 2.541474 1.1638805 0.9342115 1.1948258
[6965, 0.55905324, 1.053262, 2.30829, 0.90364283] 3.0958107 1.1720456 0.9952837 1.0404662
[6966, 0.4154353, 1.0510608, 4.7518044, 0.55558944] 2.8700414 0.9248828 0.82577837 0.9461677
[6967, 0.5215267, 1.0198506, 3.0944302, 0.6469686] 2.8347247 1.233871 0.9160893 1.131126
[6968, 0.36231235, 1.0943583, 6.27144, 0.6210461] 2.4263446 1.1473312 1.0090067 1.1785134
[6969, 0.39545685, 1.0585984, 5.373128, 0.47546506] 2.549921 1.0492917 0.88721466 1.3868572
[6970, 0.3810015, 1.051456, 5.103953, 0.47615916] 2.4209828 1.1800067 1.0996807 1.2778922
[6971, 0.47722685, 1.0237888, 3.825154, 0.72470844] 2.8146372 1.0172256 1.0324641 1.0399663
[6972, 0.4871314, 1.0100216, 3.2510126, 0.608163] 2.9523137 1.0981735 0.92617303 0.9686926
[6973, 0.5274145, 0.89540523, 5.694946, 0.54196674] 2.3284874 0.8988359 1.0038211 1.2468423
[6974, 0.32901576, 1.1125548, 5.2234015, 0.5234691] 2.5789647 1.1879617 0.9733995 1.0898092
[6975, 0.34886914, 1.1038913, 5.5463667, 0.6070649] 2.6916497 1.0828488 0.8411568 1.0564376
[6976, 0.45356664, 1.0148554, 4.3213873, 0.44572547] 2.5373554 1.1857922 1.155048 1.0836773
[6977, 0.5434571, 0.9148882, 5.316335, 0.5382631] 2.3261383 1.0412996 0.9936004 1.2754455
[6978, 0.5993274, 0.72736883, 6.1952085, 0.35703605] 2.2987552 1.1918362 0.91755354 0.93392694
[6979, 0.47696084, 1.0243728, 3.2744513, 0.62783206] 2.9408464 1.1205099 0.89426476 0.891077
[6980, 0.45970118, 1.0154221, 4.549973, 0.84029174] 2.777533 1.099317 0.9079322 0.9933102
[6981, 0.44303733, 1.0389088, 4.1260734, 0.572671] 2.7160807 1.1744632 0.9753133 1.1641794
[6982, 0.43251804, 1.0402155, 5.1163144, 0.42222837] 2.513996 1.2587347 0.83293825 1.1319841
[6983, 0.4961945, 0.9992525, 3.847652, 0.621508] 2.742884 1.0445735 1.020117 1.1654279
[6984, 0.41332176, 1.1010647, 3.0277236, 0.67567664] 2.9907475 1.1473489 0.78781116 1.0280914
[6985, 0.43169641, 1.0586486, 3.6659482, 0.75364465] 2.8169234 1.0829196 0.9375974 1.0835544
[6986, 0.4826979, 1.0204751, 4.0892897, 0.64892805] 2.6932278 1.1256526 1.0613965 1.1590971
[6987, 0.4805951, 1.0485369, 3.1533017, 0.7897431] 2.698801 1.1972896 1.1152806 1.1822532
[6988, 0.44130105, 1.020605, 3.9223313, 0.46479708] 2.713316 1.1031936 1.0059803 1.109862
[6989, 0.47167224, 0.9928405, 5.0436387, 0.4448603] 2.336805 1.0467119 1.0286493 1.3303354
[6990, 0.49657428, 1.0141147, 3.8548136, 0.66245544] 2.7366886 1.1190091 0.8886683 1.2041675
[6991, 0.4526937, 1.0066494, 4.769733, 0.5163775] 2.6889462 1.2241408 0.8059611 1.1539142
[6992, 0.37998697, 1.041141, 4.6345224, 0.37166825] 2.7488406 1.1260993 0.8804534 1.0329716
[6993, 0.44969928, 1.0362514, 5.1371193, 0.4561306] 2.4881496 1.2736751 0.9556986 1.0770606
[6994, 0.36200216, 1.0800914, 4.916036, 0.490775] 2.5728178 1.083405 1.1269461 1.0804513
[6995, 0.48878178, 0.9970011, 4.8869414, 0.5376549] 2.4141207 1.1908655 0.8964636 1.1082853
[6996, 0.5585462, 1.0219566, 2.8615882, 0.85820496] 3.0126736 1.1883626 0.7888436 1.14767
[6997, 0.3101802, 1.1220891, 5.3943796, 0.6080516] 2.5269287 1.135158 0.93861 1.1936634
[6998, 0.4700515, 1.0242493, 4.166038, 0.55306727] 2.7031243 1.1145674 0.98753136 1.158306
[6999, 0.4717755, 0.91614664, 5.760065, 0.83292216] 2.2843773 0.9766634 1.0535226 1.2313205
[7000, 0.5587878, 0.9666046, 3.8151414, 0.68544] 2.7181358 1.04721 1.0306276 1.2421514
[7001, 0.44231546, 1.0544189, 3.7000744, 0.67772985] 2.7222219 1.0717714 1.0425391 1.2055026
[7002, 0.5176157, 1.000903, 2.9869063, 0.6232803] 3.038059 1.0233608 0.9356449 0.9739748
[7003, 0.46106884, 1.0309446, 4.1103954, 0.682397] 2.666606 1.1320297 1.0174614 1.1779563
[7004, 0.5115255, 0.99014354, 3.8766499, 0.6498969] 2.8553684 1.1732504 0.8691519 1.0041828
[7005, 0.39876568, 1.0399455, 4.027907, 0.51986146] 2.7461371 1.0273639 1.0554519 0.9914136
[7006, 0.56156427, 0.9873556, 2.9877646, 0.7528358] 2.955838 0.9935953 1.0045396 1.1750013
[7007, 0.44712707, 1.0385782, 5.3061438, 0.43834016] 2.4787667 1.2415904 0.8544503 1.119244
[7008, 0.5821609, 0.96870524, 3.2054985, 0.6143178] 2.8506358 1.118409 0.92841303 1.1982546
[7009, 0.49676043, 0.9945818, 3.8835049, 0.51095355] 2.6595345 1.2124292 0.922407 1.1661323
[7010, 0.41738507, 1.0523736, 4.645574, 0.530967] 2.8350253 1.1368464 0.7237953 0.99952066
[7011, 0.3591164, 1.0720853, 5.159843, 0.552948] 2.6478052 1.0133461 0.9201401 1.0852854
[7012, 0.4230487, 1.0349658, 4.037033, 0.50214237] 2.576653 1.1426947 0.88279355 1.3430605
[7013, 0.39351875, 1.0385314, 5.4264946, 0.63194525] 2.7042177 1.1189351 0.8128755 1.0041691
[7014, 0.48557732, 1.0392816, 3.7228625, 0.90424997] 2.769859 1.0551409 0.94130534 1.2248977
[7015, 0.43585292, 1.0470899, 4.453118, 0.55317116] 2.6958122 1.0663056 0.9158392 1.1931194
[7016, 0.47725186, 1.0160658, 4.7492175, 0.50406265] 2.6359048 1.0814294 1.0531332 1.1551014
[7017, 0.5485876, 0.7634525, 6.006576, 0.5254488] 1.9328634 1.2086374 0.9980283 1.457173
[7018, 0.53760505, 1.0065755, 2.8795109, 0.6707326] 2.9613636 1.0153219 1.0590832 1.088649
[7019, 0.49694324, 0.9925773, 3.8989346, 0.5245537] 2.7936807 1.2220527 0.83170646 1.1005089
[7020, 0.39425585, 1.0580859, 4.569832, 0.39500493] 2.5675495 1.276979 0.90260077 1.1210735
[7021, 0.54708475, 0.8402404, 6.289168, 0.38142982] 2.2160237 1.1422671 0.9739076 1.148014
[7022, 0.47075838, 1.0170434, 5.843969, 0.5366329] 2.4097779 1.2342163 0.988956 1.1329057
[7023, 0.61283314, 0.8526375, 4.01279, 0.45310417] 2.3085365 1.1120915 1.0996304 1.1275829
[7024, 0.43484384, 1.0287446, 5.372997, 0.53536665] 2.5653045 0.92508864 1.0215415 1.2066407
[7025, 0.4105634, 1.0434493, 5.375485, 0.6080322] 2.4658072 1.0553112 1.0557504 1.1862357
[7026, 0.46114212, 0.98587394, 5.0145845, 0.44621733] 2.3370616 1.1688757 0.9649142 1.143875
[7027, 0.45558205, 0.9655552, 5.676821, 0.49467528] 2.2941365 1.0935 1.078899 1.1926254
[7028, 0.51386166, 0.9593371, 5.410452, 0.70813406] 2.3727617 0.978548 1.0290828 1.3165855
[7029, 0.50816524, 0.97678757, 5.6946173, 0.6255408] 2.4461386 0.90076935 0.98065597 1.3512818
[7030, 0.45294395, 1.0093919, 4.500814, 0.6941017] 2.7066326 1.1936306 1.0141325 1.045035
[7031, 0.35613495, 1.0755148, 5.1824536, 0.54595035] 2.7055302 1.0597649 0.894575 1.0154448
[7032, 0.44392738, 1.059015, 4.0189013, 0.7363211] 2.7598732 1.099648 1.0143131 1.0876952
[7033, 0.5635177, 0.89502406, 5.08299, 0.36621824] 2.2593763 1.0397441 1.0400562 1.3709192
[7034, 0.3397911, 1.0902399, 4.9838986, 0.5616355] 2.6630163 1.1220248 0.8900825 1.0682455
[7035, 0.46572825, 1.0180788, 4.317113, 0.4519744] 2.6502664 1.2160763 0.8854933 1.1077954
[7036, 0.33247828, 1.0978881, 5.1738496, 0.6806461] 2.515156 0.9560645 1.0424633 1.2165915
[7037, 0.5722183, 0.8780105, 4.7822213, 0.46324825] 2.3005433 1.1579909 0.9525072 1.2231629
[7038, 0.5596029, 0.97029835, 3.8939126, 0.530443] 3.049631 1.1507485 0.843667 0.6704665
[7039, 0.48462203, 0.96262693, 5.542613, 0.46725196] 2.308837 1.0171311 0.9918053 1.2439455
[7040, 0.41333386, 1.0422581, 4.123312, 0.47323984] 2.746705 1.1619301 0.91174054 0.99701923
[7041, 0.46752104, 1.0047361, 5.917498, 0.6034267] 2.5263023 0.94939756 1.0044831 1.0917581
[7042, 0.45361033, 1.0046159, 4.3359156, 0.51471215] 2.905538 0.93159866 0.9326674 0.97365123
[7043, 0.3928143, 1.0633132, 4.7517223, 0.5004248] 2.844181 0.9442972 0.88747114 1.0214573
[7044, 0.4990853, 0.9937149, 4.5711193, 0.68296915] 2.539107 0.97422665 1.1011527 1.3656071
[7045, 0.6277856, 0.956752, 2.8690727, 0.689855] 3.1434705 1.0540203 0.8734583 1.0260916
[7046, 0.4269307, 1.0052662, 5.298376, 0.5400905] 2.7292805 0.8529576 1.0435525 1.102992
[7047, 0.60767525, 1.0084033, 2.262091, 0.5941411] 3.098653 0.9216141 1.0829551 1.1739738
[7048, 0.55291665, 0.94312614, 4.642969, 0.6003919] 2.3737555 1.1807946 0.9682536 1.0754676
[7049, 0.51140094, 0.9914896, 3.5426073, 0.69415295] 2.8253496 1.2067848 0.88587844 1.0489709
[7050, 0.5522831, 0.9994592, 3.98702, 0.7841426] 2.7120762 1.0578984 0.97233254 1.318841
[7051, 0.5357131, 0.96291155, 4.793136, 0.4632735] 2.3110158 1.1286563 0.9547198 1.3808004
[7052, 0.5429599, 0.96783507, 5.050044, 0.6059721] 2.4104395 0.96790665 1.1318824 1.4063077
[7053, 0.48255402, 1.0095857, 3.965779, 0.5405636] 2.9395697 0.88193804 0.9269185 1.0143069
[7054, 0.39921573, 1.0600272, 5.709847, 0.54893696] 2.6927369 1.0446768 0.8300835 1.0183948
[7055, 0.34869272, 1.0952035, 5.4310703, 0.52768135] 2.5441978 1.0866903 1.011587 1.0238876
[7056, 0.3766838, 1.0682755, 5.31147, 0.48108655] 2.6665907 1.0155165 0.98901755 1.0507253
[7057, 0.58929825, 0.82199657, 5.6899185, 0.4279931] 2.218279 1.1434637 1.0215714 1.2120442
[7058, 0.49525285, 0.9991685, 4.0127654, 0.6250281] 2.759248 1.1146992 0.91028786 1.0936626
[7059, 0.4180486, 1.0454549, 5.477307, 0.5230515] 2.6003284 1.0684046 0.86329097 1.0446217
[7060, 0.5006824, 1.0182511, 3.3399193, 0.722495] 2.6625953 1.2195551 1.0433332 1.2305629
[7061, 0.4955219, 0.9788418, 3.7311006, 0.5100811] 2.8472946 0.9806788 0.8584843 1.1181364
[7062, 0.51189953, 0.96677405, 5.063578, 0.6490772] 2.5462964 1.0687618 0.8782312 1.0375354
[7063, 0.5823773, 1.0602014, 2.4535515, 0.8544115] 3.1797423 1.1848845 0.9016903 0.96969444
[7064, 0.60294193, 0.9164634, 3.1788182, 0.725271] 2.9341364 1.2051337 0.9623353 0.8340039
[7065, 0.5334743, 0.9928058, 3.4596999, 0.57110345] 2.8305995 1.1561444 0.96858144 1.0816393
[7066, 0.41764417, 1.0498544, 5.4750977, 0.5593261] 2.401208 1.208048 1.1464608 1.0169904
[7067, 0.48464823, 1.0492197, 3.104405, 0.7881905] 2.861006 1.1112736 1.0509324 1.0885899
[7068, 0.44568405, 1.0214236, 4.466398, 0.43913293] 2.5617197 1.2900723 1.006468 1.1071469
[7069, 0.44038138, 1.0245898, 4.8302283, 0.42999038] 2.6566868 1.1480194 0.916091 1.0736765
[7070, 0.39616773, 1.0510418, 4.2974176, 0.5138306] 2.5793934 1.3322695 1.0146897 1.0632178
[7071, 0.45315748, 1.0193177, 4.71432, 0.49590948] 2.504126 1.0957279 0.96592516 1.3411081
[7072, 0.55289584, 0.9153747, 4.7938385, 0.40778637] 2.349861 0.98331153 0.85210705 1.4406369
[7073, 0.3514225, 1.0726652, 4.713376, 0.5081489] 2.5655248 1.0665022 0.9009449 1.2985711
[7074, 0.49624097, 0.9927136, 4.0415945, 0.53904754] 2.6335325 1.1397473 1.0292654 1.1385989
[7075, 0.5069375, 0.8779112, 5.080868, 0.48336363] 2.2859237 1.0512445 0.8272977 1.2787669
[7076, 0.44459045, 1.028919, 6.098972, 0.6463986] 2.5127363 1.0562398 0.9525408 1.1830004
[7077, 0.42451346, 1.047658, 5.530446, 0.5412008] 2.6299639 1.0696949 0.96737295 1.1070778
[7078, 0.48660934, 0.9851698, 4.96239, 0.53000855] 2.544072 1.0626292 0.88414156 1.0586597
[7079, 0.3456011, 1.0847753, 5.5541396, 0.5595641] 2.55238 0.99798024 0.9621467 1.21934
[7080, 0.5119536, 1.0301383, 3.5309474, 0.9119008] 2.739898 1.2520354 0.88495964 1.2457763
[7081, 0.437106, 1.051966, 5.308421, 0.6537664] 2.4423738 1.1456772 0.9497029 1.3283399
[7082, 0.44307047, 1.0295956, 4.8736086, 0.503153] 2.5091262 1.2426026 0.93921506 1.1692384
[7083, 0.48326907, 0.971854, 5.4167423, 0.5600197] 2.4820275 1.0065542 0.8817666 1.1760036
[7084, 0.40903744, 0.9922298, 4.897962, 0.6185207] 2.5237453 1.0429475 0.87208647 1.0238227
[7085, 0.49083716, 0.96648484, 5.14642, 0.44797987] 2.3871565 1.0964315 0.9898112 1.0605811
[7086, 0.54829353, 0.9799582, 3.706501, 0.73421407] 2.8731744 1.0678774 0.86344784 1.1297436
[7087, 0.4500234, 1.0400139, 3.8781025, 0.66456985] 2.6888652 1.1806787 1.0592883 1.1273865
[7088, 0.49980137, 0.99982053, 3.1024692, 0.65819514] 2.9577024 0.87390053 1.0542637 1.0136462
[7089, 0.5439138, 0.9836434, 3.3629518, 0.5255999] 2.7113822 1.0409749 1.0030572 1.3921667
[7090, 0.34103584, 1.0930897, 5.343554, 0.65632373] 2.6142797 0.9844805 1.0307581 1.100237
[7091, 0.5419965, 0.85289305, 5.9920483, 0.4841819] 2.2536275 1.0992389 1.0469571 1.1036454
[7092, 0.43939045, 1.0349855, 4.647741, 0.41863564] 2.529534 1.1295637 0.9404346 1.1972163
[7093, 0.45742655, 1.0013095, 5.349709, 0.45167604] 2.4246345 1.0772943 1.0035383 1.1610874
[7094, 0.5340333, 0.82018584, 6.2990637, 0.5206618] 2.2594693 1.1683034 0.93908066 1.0153936
[7095, 0.60564077, 0.8502071, 4.869943, 0.40208477] 2.4435222 1.0653598 0.76172704 1.2183268
[7096, 0.42381388, 1.0593467, 4.022732, 0.6669068] 2.784016 0.9539744 1.1081846 1.1097529
[7097, 0.37050408, 1.0799644, 5.531537, 0.5346513] 2.5729868 1.1039773 0.97487074 1.0878679
[7098, 0.5091063, 0.9373661, 5.1160827, 0.4487108] 2.366548 1.1216583 0.96769214 1.1610155
[7099, 0.35879183, 1.0770677, 5.2769356, 0.5052134] 2.768511 1.0873852 0.93144745 0.91244256
[7100, 0.5501516, 1.0101556, 3.3011386, 0.66918844] 2.9916134 1.1691862 0.88430816 0.9816832
[7101, 0.62918794, 0.80463684, 4.9878716, 0.37369028] 2.2072213 1.2166824 0.9584649 1.2743952
[7102, 0.43133307, 1.0297967, 4.349722, 0.5746734] 2.771191 0.94771224 0.994498 1.0702668
[7103, 0.60150826, 0.8138936, 5.5683184, 0.35716864] 2.1240907 1.1727618 0.8901142 1.4349897
[7104, 0.4509553, 1.0274123, 4.9106584, 0.5642031] 2.6353335 1.1409962 0.82114726 1.1883203
[7105, 0.4705571, 1.0451155, 5.790747, 0.45566872] 2.4696152 1.0479732 0.9314101 1.339343
[7106, 0.43908805, 1.0236855, 5.4316826, 0.44222847] 2.6634078 1.0293261 1.0873772 0.95118684
[7107, 0.3851137, 1.0739993, 5.349402, 0.5353417] 2.5566845 0.98259944 1.0397414 1.0627218
[7108, 0.55040294, 0.94010776, 5.382004, 0.5976964] 2.332145 1.2571074 1.053838 1.1442369
[7109, 0.4440519, 1.0250942, 5.432404, 0.4740796] 2.4451191 1.1283939 0.88832295 1.2856594
[7110, 0.48222426, 1.0090668, 4.3029394, 0.688904] 2.7678068 1.1668614 0.97783023 1.066004
[7111, 0.50614804, 0.8752508, 6.4381294, 0.44390708] 2.329514 1.1810147 0.84944224 1.0017602
[7112, 0.41187146, 1.0449284, 4.835308, 0.52529883] 2.5192015 1.1426486 1.0115436 1.2507657
[7113, 0.57380724, 0.97717273, 3.2111669, 0.7464104] 2.8010712 1.0714903 0.9447198 1.3517368
[7114, 0.3916805, 1.0621012, 4.1476326, 0.5238708] 2.509878 1.1134269 1.1595567 1.3109059
[7115, 0.5211758, 1.0121701, 3.097786, 0.59585106] 2.7654824 1.1342949 1.1604259 1.1116362
[7116, 0.3734854, 1.0600914, 6.249225, 0.5298974] 2.5115852 1.1435689 0.9198013 1.1031303
[7117, 0.58164626, 0.80228347, 5.661633, 0.3850702] 2.4833777 1.0054544 0.83441234 0.91987425
[7118, 0.44838545, 0.75005794, 4.9176435, 0.534313] 2.1514332 0.8933372 0.8818352 1.2922851
[7119, 0.5407612, 0.87949634, 5.221416, 0.36103597] 2.4189875 1.0073346 0.80441785 1.2063199
[7120, 0.40217608, 1.0521513, 4.2198453, 0.7270437] 2.6925514 1.091946 1.014911 1.1193408
[7121, 0.50566864, 0.98229724, 5.273733, 0.5493545] 2.5823698 1.0950404 1.0098191 1.0101936
[7122, 0.5158391, 1.0110602, 3.0538137, 0.65976596] 3.003412 1.1814991 0.8277091 0.99541736
[7123, 0.47208127, 1.0359584, 4.2288394, 0.6288646] 2.7546678 1.2519146 0.7817115 1.1698152
[7124, 0.58939934, 0.9570886, 3.3981333, 0.6136078] 2.926268 1.112445 0.8671058 1.0609189
[7125, 0.42719966, 1.0389721, 6.3978324, 0.7507446] 2.5683448 1.0360594 0.92312104 1.0606917
[7126, 0.44793805, 1.008613, 5.7263, 0.58094215] 2.4610314 1.1419781 1.0143036 0.9225386
[7127, 0.5273369, 1.0018387, 3.2448573, 0.72441983] 2.916453 1.1712729 0.8709186 1.1030868
[7128, 0.44507888, 1.0028608, 5.9337487, 0.6263795] 2.4614117 0.92614895 1.0810604 1.1957766
[7129, 0.6216292, 0.7921479, 4.9488626, 0.45823416] 2.2315128 1.2494287 0.8129017 1.2292993
[7130, 0.4784751, 0.986173, 4.5665755, 0.48167562] 2.8362014 0.9847866 0.89925987 1.0271804
[7131, 0.3845329, 1.0598941, 4.093494, 0.4649074] 2.8229566 1.0713902 0.9609682 0.9916808
[7132, 0.5031184, 0.97467804, 4.2824006, 0.50540733] 2.7728884 0.9783095 0.90412045 1.1597443
[7133, 0.37923798, 1.0840082, 5.258899, 0.6045014] 2.4484 1.1142714 1.0009354 1.1989093
[7134, 0.46590355, 1.0262814, 3.2899597, 0.7070492] 2.8154898 1.0313566 0.9871345 1.2048081
[7135, 0.56350106, 0.7148802, 5.790681, 0.38906685] 2.259437 1.0657164 0.9254843 1.0234733
[7136, 0.4898824, 1.0194927, 4.7942944, 0.53740025] 2.6041937 1.1420776 0.8443841 1.2390575
[7137, 0.4032034, 1.0486288, 5.293582, 0.6330267] 2.457652 1.0532391 1.0374881 1.2134004
[7138, 0.22708765, 1.1572418, 4.2497888, 0.56887466] 2.752098 1.0274992 1.0202628 1.0776776
[7139, 0.54972315, 0.92297524, 5.4169602, 0.53198135] 2.5232663 0.99419534 0.9417382 1.0206062
[7140, 0.5441116, 0.8695308, 6.0820727, 0.6133204] 2.1592798 1.027485 1.0693889 1.2775664
[7141, 0.43952549, 1.0375441, 4.342875, 0.58161825] 2.632656 1.054284 1.001516 1.1906834
[7142, 0.49486682, 0.786491, 5.371264, 0.42633808] 2.2470326 0.99353147 0.8695103 1.23467
[7143, 0.45901173, 1.0363479, 3.7775092, 0.6230262] 2.8302867 1.0409069 0.9987733 1.0817311
[7144, 0.447426, 1.0207477, 5.1505017, 0.5583494] 2.4652085 1.1761411 0.90106016 1.226375
[7145, 0.37512615, 1.0687966, 5.881429, 0.5938437] 2.5074785 1.2061154 0.9151994 1.0723732
[7146, 0.47759625, 0.9957879, 3.9076836, 0.64190143] 2.752596 1.0846006 0.91759056 1.1519364
[7147, 0.54907095, 0.9271123, 5.1860642, 0.48620483] 2.3413312 1.1050447 1.1039329 1.1401095
[7148, 0.44861522, 1.0239179, 3.6250765, 0.70969146] 2.785925 0.9768967 1.110191 1.1423347
[7149, 0.47316444, 1.0105634, 4.1643486, 0.47577542] 2.6240819 1.1773388 0.97995985 1.1901692
[7150, 0.50046337, 1.0499922, 3.045782, 0.6366466] 3.0127702 1.0952164 0.90802777 0.9914843
[7151, 0.4060875, 1.0615939, 5.2247677, 0.36922875] 2.492524 1.309599 0.8900756 1.1774212
[7152, 0.5503862, 0.95995516, 3.6213489, 0.65504396] 2.7670279 1.2540588 0.93148446 1.0797838
[7153, 0.38239938, 1.059394, 5.7839065, 0.58658826] 2.5205386 1.0624667 1.0384012 1.028679
[7154, 0.4489399, 1.0853686, 3.50286, 0.7454714] 2.9046102 1.1462007 0.880459 1.0978116
[7155, 0.47347522, 0.989049, 4.3228025, 0.42569458] 2.7493315 1.050673 1.1659739 0.9291208
[7156, 0.5219998, 0.81436336, 6.376086, 0.42273337] 2.1586938 1.0272427 1.0011207 1.2906768
[7157, 0.38814262, 1.0699853, 3.7787461, 0.6718603] 2.8433661 1.0601194 0.97904116 1.0379571
[7158, 0.4951392, 0.99951756, 3.7093666, 0.76950794] 2.7033093 0.863275 1.0894824 1.3476195
[7159, 0.46374083, 1.0165656, 5.6858926, 0.41072333] 2.614199 1.019868 0.7809708 1.146835
[7160, 0.5819032, 0.95513153, 3.364481, 0.6619321] 2.9957037 1.0178627 0.9525012 0.88375086
[7161, 0.5376838, 1.0148978, 3.0580864, 0.73406684] 3.0604455 1.0508523 0.90872717 0.918986
[7162, 0.44421762, 1.0534962, 4.060764, 0.54585254] 2.676534 1.0906389 0.86689955 1.3275821
[7163, 0.44091162, 1.0018541, 5.3434825, 0.60770667] 2.5572617 0.8032454 1.1051183 1.0860425
[7164, 0.3529397, 1.0878212, 5.7752757, 0.6011431] 2.4466724 1.1562303 0.9927953 1.1621529
[7165, 0.6118281, 0.97945696, 2.7197623, 0.7077079] 2.839183 1.1612874 1.0931864 1.2769024
[7166, 0.35026282, 1.079498, 5.666838, 0.40806898] 2.6433587 1.1230004 0.8110734 1.1302029
[7167, 0.48649588, 1.0239197, 3.3330383, 0.6450437] 2.8896167 1.0550653 1.0197278 1.054844
[7168, 0.4900312, 0.9869042, 5.554475, 0.7288062] 2.5123906 1.0425119 0.9209602 1.1279128
[7169, 0.37495384, 1.0555594, 4.7287893, 0.49054527] 2.6346507 1.0485713 0.9013529 1.1644096
[7170, 0.45449442, 0.9583307, 5.6305876, 0.43325788] 2.513778 1.0250367 0.82688004 0.9451767
[7171, 0.5587602, 1.0165669, 2.638898, 0.5964935] 2.9731297 1.2214085 0.97460604 0.9675997
[7172, 0.49084118, 1.0044901, 5.1862116, 0.6582724] 2.6208925 0.87484616 1.0129803 1.3015041
[7173, 0.6248175, 0.9228216, 2.6747267, 0.6234089] 3.0225935 1.0334797 0.9928289 1.0586215
[7174, 0.58557385, 0.8708075, 4.3466864, 0.51919955] 2.3056142 1.1806216 0.9842007 1.1446792
[7175, 0.49445477, 0.9978647, 5.0125065, 0.5466897] 2.4765475 1.0509555 1.0592797 1.3586051
[7176, 0.59905803, 0.85733575, 5.4392886, 0.40481138] 2.3194003 1.0415635 0.9530604 1.1900867
[7177, 0.44099778, 1.0057073, 5.043654, 0.48635644] 2.5155075 1.0254726 1.0065159 1.159835
[7178, 0.44309142, 1.0298634, 5.4441576, 0.6393215] 2.4881084 1.1899965 0.9838443 1.1127986
[7179, 0.38807935, 1.0684206, 5.1052494, 0.48630413] 2.6131322 1.023397 0.82214415 1.2059733
[7180, 0.6014003, 0.8095508, 5.5145445, 0.40504092] 2.3202724 1.0356815 0.9502614 1.1897781
[7181, 0.3483154, 1.1022601, 5.4073243, 0.6802874] 2.5921474 0.9852581 0.8736456 1.2396737
[7182, 0.44846904, 1.0582572, 3.6732316, 0.61980915] 2.8606498 1.0756941 0.97504884 1.0598745
[7183, 0.51136506, 0.9555684, 4.2976274, 0.52263993] 2.6287704 1.1190786 1.0365374 1.224683
[7184, 0.45769268, 1.0297022, 4.0074654, 0.6199407] 2.6212323 1.1031604 1.221729 1.2129294
[7185, 0.46378118, 1.0373546, 5.835309, 0.5274097] 2.4090292 1.2572054 0.98971653 1.1967459
[7186, 0.38515648, 1.051125, 4.8660736, 0.5474572] 2.722333 1.0682782 0.99233216 1.036347
[7187, 0.46975937, 1.020297, 3.8694127, 0.5312409] 2.7839332 1.2021108 0.7636765 1.1527324
[7188, 0.46172222, 1.0473839, 4.5597444, 0.48081395] 2.5678217 1.1199622 0.94548833 1.1531568
[7189, 0.4532785, 1.0246706, 5.2711635, 0.5479223] 2.686062 1.1999799 0.835621 0.98395145
[7190, 0.506919, 0.983781, 5.093181, 0.49597287] 2.6854904 0.9140744 1.0663506 1.069138
[7191, 0.5695814, 0.9179113, 4.5922985, 0.46243578] 2.2817156 0.96690196 1.0687507 1.4659257
[7192, 0.4519919, 1.0438145, 3.5184371, 0.61351377] 2.8010027 1.186477 1.02829 1.09652
[7193, 0.44713464, 1.0112513, 4.0903826, 0.4970564] 2.8856337 1.069081 0.6842311 1.1115718
[7194, 0.4172464, 1.0572801, 5.8341374, 0.64141047] 2.651319 1.074178 0.8325749 0.95213807
[7195, 0.4761075, 1.012913, 5.1738524, 0.48703095] 2.5110924 1.0355805 0.97991073 1.2950778
[7196, 0.43846065, 1.075526, 3.5838995, 0.8323143] 2.8187819 1.0451909 0.9918699 1.1802367
[7197, 0.43971747, 1.0231504, 3.8638358, 0.5068945] 2.817855 1.0559125 0.8473628 1.1051995
[7198, 0.56115556, 0.9800659, 2.605147, 0.6732789] 2.914624 0.9876564 1.0502875 1.282489
[7199, 0.40021053, 1.0568491, 4.2761784, 0.54336] 2.6313705 1.2606193 1.0215732 1.0374802
[7200, 0.580208, 0.96455425, 3.313257, 0.62336665] 2.7692528 1.1861136 1.0065707 1.0910597
[7201, 0.4960262, 1.0084083, 3.5962777, 0.6117726] 2.7541816 1.0445108 0.86865354 1.3810387
[7202, 0.4394478, 1.033292, 4.4708676, 0.3316682] 2.6257927 1.1723284 0.9100432 1.1756675
[7203, 0.51547414, 1.0240767, 3.2883244, 0.80215085] 2.9446673 1.0591624 0.9825399 0.9978058
[7204, 0.519423, 0.8163873, 5.2034526, 0.43917742] 2.205009 0.90916926 0.892252 1.4455372
[7205, 0.35295033, 1.0657934, 5.53591, 0.5160342] 2.6586242 1.0071051 0.915574 1.102944
[7206, 0.485577, 1.0266682, 3.5999875, 0.5282078] 2.6237996 1.3844007 1.0468019 1.1281735
[7207, 0.561144, 0.9029028, 4.7133884, 0.4553788] 2.4344208 1.2003266 0.85590523 1.033593
[7208, 0.5136492, 0.9248081, 4.97659, 0.41100928] 2.4091759 1.1335337 0.94709724 1.0148008
[7209, 0.38384664, 1.0769154, 5.103184, 0.51363033] 2.6173117 1.1481011 0.87924117 1.1215036
[7210, 0.5188695, 0.9582647, 5.299519, 0.47820035] 2.5069876 1.0886344 0.9228361 1.0106934
[7211, 0.47367078, 1.0024596, 5.4367127, 0.7977862] 2.4110692 0.97894424 1.0259191 1.3438833
[7212, 0.5631184, 0.8444804, 5.1646714, 0.39327842] 2.2059703 1.0652744 1.0102547 1.3192023
[7213, 0.6439858, 0.69082093, 5.9234366, 0.44031787] 2.282696 0.9361206 0.9297236 1.1582252
[7214, 0.4301314, 1.0228975, 5.874465, 0.5835372] 2.5155365 1.3174595 0.8607446 1.0419103
[7215, 0.5023547, 0.9567316, 5.216956, 0.47503456] 2.3698416 1.014586 0.9944053 1.2867707
[7216, 0.44421962, 1.0149221, 4.634139, 0.5959499] 2.6632264 0.9913648 0.94884837 1.177731
[7217, 0.47836787, 1.0198407, 5.4259744, 0.9102793] 2.47214 1.2045921 1.0590428 1.1156329
[7218, 0.4025339, 1.038506, 4.603191, 0.42916197] 2.824605 1.0761408 0.89577305 0.99556804
[7219, 0.5795179, 0.9941081, 2.6735141, 0.6828378] 3.1097643 0.99977005 0.8585036 1.1213567
[7220, 0.5576586, 0.95711225, 4.6397157, 0.51334465] 2.2691755 1.2082719 1.041765 1.6249163
[7221, 0.48927602, 0.9955518, 3.9841645, 0.509334] 2.7336369 1.0450517 0.9398226 1.1789024
[7222, 0.54259074, 0.9060839, 5.237476, 0.3387052] 2.2906587 0.9792669 0.937746 1.3179755
[7223, 0.5412647, 0.9950377, 3.390644, 0.67315793] 2.7438304 1.1550287 1.000938 1.2705553
[7224, 0.44204187, 1.0422704, 4.80926, 0.58322] 2.3855422 1.2491333 0.97233737 1.3603623
[7225, 0.48480442, 1.017792, 3.2079835, 0.5339499] 2.7877464 1.1235864 1.011707 1.2131443
[7226, 0.49171475, 1.0272067, 3.5805275, 0.687626] 2.8064737 1.1192919 0.8918148 1.169428
[7227, 0.41725165, 1.0519704, 4.5583177, 0.44813913] 2.508844 1.0858946 0.9466232 1.3286539
[7228, 0.64428556, 0.9433747, 2.739441, 0.6558173] 3.0383377 1.0841607 0.95577645 1.1240093
[7229, 0.4632738, 0.9998754, 5.526729, 0.52814007] 2.4629447 1.0902194 0.9860902 1.1383559
[7230, 0.5123951, 0.94694847, 5.468307, 0.40921834] 2.3552372 1.0016253 0.9035945 1.3478622
[7231, 0.48377362, 0.9979494, 4.8253, 0.57968915] 2.6311128 1.2529526 1.0823581 0.89953464
[7232, 0.55646396, 0.9327236, 4.320997, 0.4102914] 2.4205084 1.283351 0.9606615 1.3745489
[7233, 0.58365285, 0.8915086, 5.0583954, 0.47254968] 2.4795034 1.0106069 0.8848108 1.1303374
[7234, 0.5615807, 0.8503998, 6.3286014, 0.49326754] 2.0905838 1.1565602 1.0543443 1.3661387
[7235, 0.48142263, 0.9865321, 5.3280087, 0.5415394] 2.398505 0.9931462 0.88528854 1.4114352
[7236, 0.6063329, 0.8854551, 5.1809125, 0.45054632] 2.1663668 1.1609126 1.0879662 1.3985257
[7237, 0.6237177, 1.0001729, 2.3791308, 0.67821884] 3.2626057 1.1266636 0.86755985 0.9216721
[7238, 0.326993, 1.097459, 4.7526875, 0.6509919] 2.6336107 1.1528839 0.9873903 1.1511276
[7239, 0.4302328, 1.0456618, 3.5086374, 0.6439525] 2.7833977 1.1295236 0.9487577 1.1158239
[7240, 0.4361657, 1.0383914, 4.716802, 0.63453406] 2.6761553 1.2158554 1.0131463 0.9789754
[7241, 0.4403791, 1.0150986, 5.4087954, 0.44070336] 2.5145843 1.0973338 0.92809963 1.2224778
[7242, 0.4405263, 1.0337007, 5.454941, 0.46129975] 2.5012655 0.99152607 0.9951827 1.2029117
[7243, 0.44623768, 1.009554, 4.5818005, 0.39451092] 2.6883438 1.0730685 0.8281168 1.1631693
[7244, 0.56079066, 0.9016332, 4.790144, 0.53687507] 2.4385111 1.0038294 0.8935528 1.2604231
[7245, 0.41692364, 1.0745034, 4.9103427, 0.5566469] 2.597392 1.2027197 0.9667418 1.0374657
[7246, 0.37010396, 1.0625305, 5.588485, 0.6559475] 2.4824066 1.1129476 1.0497856 1.1650572
[7247, 0.49823636, 1.0061017, 3.7332907, 0.7939172] 2.704029 1.1175387 0.9404916 1.2149354
[7248, 0.48743048, 1.0029587, 4.1466923, 0.60626453] 2.751062 1.1032953 0.9866748 1.0794449
[7249, 0.61260724, 0.8511294, 4.931645, 0.4493466] 2.5237482 1.0053303 0.9330192 1.0441936
[7250, 0.4538343, 0.77567583, 5.527369, 0.48833033] 2.0616953 1.119734 0.8967996 1.2879782
[7251, 0.4520158, 1.0182745, 5.960045, 0.6408474] 2.3712559 1.009662 0.9682464 1.357705
[7252, 0.3720172, 1.0665174, 4.0938053, 0.5196347] 2.6031246 1.1698353 0.9459877 1.1141608
[7253, 0.41523552, 1.0532627, 4.023771, 0.5522612] 2.6399014 1.1945139 0.9293449 1.183419
[7254, 0.48176786, 0.98507535, 5.216516, 0.5877957] 2.3815694 1.1219765 1.0013368 1.1398702
[7255, 0.44566628, 1.0372669, 3.806679, 0.69069535] 2.8660033 1.1099964 0.922628 0.95497084
[7256, 0.4040208, 1.0531105, 5.247491, 0.47691733] 2.6163566 1.135216 0.84631884 1.1758282
[7257, 0.4709397, 1.0390698, 5.181165, 0.5245213] 2.3941667 1.0851104 1.0657064 1.3578117
[7258, 0.47049776, 1.0675089, 3.061145, 0.71566576] 2.9193313 1.2318444 0.93799806 0.9649519
[7259, 0.54664284, 0.99871445, 2.574653, 0.6773315] 2.8737674 0.94434977 1.232432 1.1480424
[7260, 0.3527868, 1.0660732, 4.783911, 0.5618267] 2.7317712 0.98678875 0.8769091 1.1286657
[7261, 0.42208752, 1.0214453, 5.6485586, 0.52517074] 2.4276898 1.1641858 1.059538 1.069655
[7262, 0.45664507, 1.0293589, 5.526947, 0.4734582] 2.4943128 1.1920309 0.8423833 1.1706854
[7263, 0.41450635, 1.0392272, 5.3159194, 0.5791695] 2.4789224 1.1435729 1.0557483 1.2088267
[7264, 0.526139, 0.932862, 4.9166493, 0.41382042] 2.395919 1.0813731 1.0223417 1.087334
[7265, 0.41807047, 1.0338031, 4.742165, 0.4793432] 2.5296984 1.0111572 0.9841317 1.3448696
[7266, 0.37621164, 1.0745933, 5.9798274, 0.5600385] 2.6606786 0.9531573 0.8826757 1.0383838
[7267, 0.39857414, 1.0580463, 5.648952, 0.37612155] 2.6044507 1.1159061 0.95694935 1.0683931
[7268, 0.48422703, 1.0180776, 3.4423761, 0.7055514] 2.9247408 1.1198266 1.0004302 0.8876058
[7269, 0.35128298, 1.0685003, 4.40482, 0.7606075] 2.7079594 1.1194507 0.91692954 1.0862753
[7270, 0.62561125, 1.0158064, 2.6709669, 0.7239688] 3.4002233 0.96748465 0.99211216 0.66772735
[7271, 0.46170846, 1.016652, 5.4909, 0.55726916] 2.3949406 1.1305469 0.95704657 1.2745513
[7272, 0.34781376, 1.0666502, 4.478639, 0.48054454] 2.7777977 0.97169054 0.917613 1.138549
[7273, 0.45745412, 1.0182126, 5.6152415, 0.47205818] 2.434427 1.067799 0.95665497 1.2924721
[7274, 0.47177616, 0.8095821, 5.883234, 0.54962474] 1.974481 0.9624426 1.0967047 1.5329773
[7275, 0.4257063, 1.0256809, 4.45494, 0.48693702] 2.9324558 0.94720936 0.87882537 0.9518445
[7276, 0.49896562, 0.95735943, 5.258459, 0.47812027] 2.3260567 1.1680295 1.0014584 1.2258403
[7277, 0.5423344, 0.78143454, 6.565823, 0.51450723] 2.0536077 1.2160918 0.984056 1.2401263
[7278, 0.39676535, 1.0530638, 4.921836, 0.75538975] 2.6079593 1.1146587 0.8923471 1.1873454
[7279, 0.4428241, 1.0152112, 5.514556, 0.6171387] 2.4296594 1.0387927 1.0837685 1.1857885
[7280, 0.3873334, 1.0560926, 4.866371, 0.41451156] 2.7107246 1.0555383 0.86435777 1.0278524
[7281, 0.53078115, 0.9565372, 4.2651644, 0.60019195] 2.6570542 1.1306816 0.9644025 1.2345196
[7282, 0.4504448, 1.0295849, 4.332572, 0.4306716] 2.7528038 1.0245892 0.9307596 0.9757541
[7283, 0.5531064, 0.84259325, 6.1542745, 0.45681196] 2.2784674 0.91072667 1.0349004 1.2633932
[7284, 0.44336942, 1.0312368, 4.786789, 0.48453826] 2.679824 1.059991 0.84491104 1.2300487
[7285, 0.5470614, 0.8334721, 5.6663823, 0.42925617] 2.1824968 1.0119709 0.97609127 1.372854
[7286, 0.3314798, 1.1062427, 4.1083503, 0.63593215] 2.8269174 1.0103083 0.9676172 1.033626
[7287, 0.5465338, 0.99373084, 3.2568142, 0.6256807] 2.8751357 1.2276055 0.9459406 1.0624096
[7288, 0.63203895, 1.0058745, 2.3355331, 0.70623845] 2.9655263 1.4363539 0.9719266 1.0376554
[7289, 0.4459251, 1.0298051, 4.0465384, 0.50408226] 2.665741 1.0754155 1.0230811 1.1882771
[7290, 0.5531009, 0.9296756, 5.8659196, 0.5047458] 2.4720924 1.0204196 1.0709542 1.0332785
[7291, 0.38585985, 1.0623376, 4.926066, 0.46190178] 2.6123948 1.2133378 0.8973607 1.0161449
[7292, 0.414161, 1.0541033, 4.838872, 0.48219886] 2.4650798 1.235734 1.0159442 1.1531782
[7293, 0.47901544, 1.0254632, 3.2831264, 0.67899615] 2.7322984 1.2164804 1.0456853 1.132612
[7294, 0.3939378, 1.0483401, 4.466099, 0.45452598] 2.6229248 1.1901469 0.98380464 1.0756358
[7295, 0.4503831, 1.0135679, 5.3889832, 0.48391974] 2.3295593 1.0760255 1.1003859 1.3396585
[7296, 0.6126839, 1.0015135, 2.4002702, 0.766813] 3.177522 1.162673 0.88711506 1.0084901
[7297, 0.43718842, 1.047756, 3.5416672, 0.83213824] 2.8596277 0.9709243 0.95772415 1.109382
[7298, 0.37246472, 1.0747005, 5.1087713, 0.5132325] 2.5681748 1.1422694 0.9481494 1.1427991
[7299, 0.5301265, 0.83842415, 6.178175, 0.5879707] 2.1593359 0.96000594 0.98863196 1.3957033
[7300, 0.4734695, 1.0043967, 4.390086, 0.66332996] 2.8683732 1.079809 0.9599362 0.9426857
[7301, 0.5339536, 0.7458229, 5.952622, 0.51967645] 1.9909078 1.0986358 1.0762403 1.30207
[7302, 0.44925627, 1.0351661, 5.1866727, 0.5197621] 2.5556672 1.1585075 1.0324924 1.1357613
[7303, 0.44743523, 0.9903637, 5.167158, 0.53072256] 2.4393442 1.0093826 0.9010701 1.2175385
[7304, 0.64598155, 0.9322186, 2.9715264, 0.53657] 3.185324 1.0885845 1.0139695 0.64040595
[7305, 0.31187797, 1.0798978, 4.7072825, 0.55218065] 2.6546905 0.979109 0.9764063 1.2315794
[7306, 0.5353536, 0.95123976, 5.7447095, 0.5841199] 2.4289486 1.1600076 0.86509675 1.3111229
[7307, 0.31471142, 1.1085073, 5.8471837, 0.5388539] 2.616467 1.0751457 0.9982598 1.0186257
[7308, 0.463117, 1.0106435, 4.455755, 0.55154] 2.6411078 1.154345 1.0605046 1.0726647
[7309, 0.4898646, 1.015897, 4.102689, 0.5738514] 2.9280636 0.9796962 0.8740023 1.0131253
[7310, 0.49717635, 1.019178, 3.19901, 0.7700154] 2.922973 1.1640897 0.9054324 0.941839
[7311, 0.4211545, 1.0355632, 5.276251, 0.506736] 2.4392765 1.2258462 1.0468348 1.1243051
[7312, 0.47413182, 1.020295, 5.567801, 0.42420918] 2.7104056 1.0153259 0.8106373 1.0424159
[7313, 0.24057768, 1.1396301, 5.1159167, 0.5963172] 2.5536754 1.1142862 0.96249884 1.1332849
[7314, 0.4970809, 1.0259187, 3.090984, 0.6783016] 2.9429393 1.0407697 1.0579977 0.9822308
[7315, 0.33456084, 1.0838603, 5.125394, 0.5390867] 2.643211 1.1149348 1.0747975 0.92439693
[7316, 0.44334465, 1.0117022, 5.015257, 0.47638783] 2.4306204 1.0627136 1.0900676 1.0644704
[7317, 0.42371115, 1.0361999, 4.219484, 0.45020255] 2.6801186 1.0290388 1.1032704 0.9977544
[7318, 0.4642424, 1.0365679, 3.3970432, 0.70658135] 2.9572623 1.0173131 0.8163423 1.1614311
[7319, 0.44697186, 1.0319808, 3.9212115, 0.5638992] 2.7355514 1.0714179 1.0091795 1.145508
[7320, 0.42077073, 1.0173048, 5.5911045, 0.5070925] 2.6020994 1.0926431 0.8639617 1.0273367
[7321, 0.4618347, 1.060799, 3.0846593, 0.8707624] 2.9096615 1.0485808 0.93168604 1.1234283
[7322, 0.34519964, 1.0987859, 5.1385555, 0.5561837] 2.502386 1.0740217 1.0180714 1.3265611
[7323, 0.51228154, 0.96474355, 5.082988, 0.53842413] 2.4248543 1.0739819 0.8882803 1.2924169
[7324, 0.47912365, 1.0032734, 4.8321548, 0.50796825] 2.6459992 1.0989354 0.96377146 1.1228726
[7325, 0.50885254, 0.74999017, 5.492354, 0.5993976] 2.0625598 1.2265419 1.0026661 1.0510089
[7326, 0.4694174, 0.9963085, 4.3001986, 0.44932532] 2.7012174 0.95407414 0.9877886 1.1463927
[7327, 0.40169668, 1.0363657, 4.4319663, 0.5016552] 2.705309 1.0912558 0.9089579 1.203629
[7328, 0.51218385, 0.96851546, 4.8920813, 0.5094703] 2.3000543 1.2297997 1.0663449 1.1900953
[7329, 0.41193283, 1.0311352, 4.7807856, 0.56871504] 2.6816504 1.1315961 0.90539414 1.1031128
[7330, 0.41661438, 1.0478846, 4.6428494, 0.4995074] 2.6888096 1.0605295 1.0513084 1.0100696
[7331, 0.3855384, 1.0559303, 4.736528, 0.47888032] 2.6218555 1.1493866 1.0012475 1.0075645
[7332, 0.5482525, 1.0039319, 3.1601975, 0.783328] 2.852132 0.9054134 0.9947042 1.3217248
[7333, 0.20884037, 1.1568758, 5.476219, 0.43847364] 2.6762276 1.0887991 0.8853902 1.0318274
[7334, 0.52316993, 0.9334926, 5.219714, 0.48740527] 2.3823154 1.1557264 0.94308007 1.1123269
[7335, 0.5205704, 0.9784929, 3.5429394, 0.7651926] 2.6895795 1.1521713 0.9578981 1.2658403
[7336, 0.39148715, 1.0542041, 4.770365, 0.46137497] 2.4669049 1.0600189 0.965186 1.1650467
[7337, 0.44902152, 1.0208367, 4.850907, 0.516733] 2.778255 0.996387 0.87067044 1.0346794
[7338, 0.41774786, 1.041181, 5.2711496, 0.5923136] 2.488076 1.0815638 1.0769942 1.2207732
[7339, 0.50640935, 0.9879805, 5.247338, 0.59802] 2.529994 1.0919079 0.80361646 1.1193516
[7340, 0.5355869, 0.94084775, 4.93831, 0.46277282] 2.5342085 0.8340373 1.0303015 1.2098353
[7341, 0.5442822, 1.0401065, 2.5431738, 0.7249419] 3.086166 0.99252 0.9906104 1.0972629
[7342, 0.49435124, 1.0224689, 3.6941433, 0.6462964] 2.741608 1.1503643 1.0039556 1.1922128
[7343, 0.5723992, 0.88173574, 5.735984, 0.55364805] 2.4847634 1.0572038 0.9877385 0.9756539
[7344, 0.4467136, 1.0081711, 4.2509284, 0.4491975] 2.6930842 1.0681822 0.8863218 1.1989275
[7345, 0.56889564, 0.9023006, 4.853375, 0.4759458] 2.2480702 1.0666889 0.9816543 1.4182668
[7346, 0.6204311, 0.82619405, 5.354267, 0.46116903] 2.1290815 1.250596 0.8469389 1.5623591
[7347, 0.35918117, 1.096495, 5.793255, 0.6083572] 2.5313444 1.1836867 0.90217763 1.0842592
[7348, 0.57184875, 1.0441698, 2.5750673, 0.7003325] 3.1159368 1.1901109 0.87718934 1.0435495
[7349, 0.50207245, 1.0284841, 3.0720394, 0.72737825] 2.786313 1.1543639 1.0019563 1.2268133
[7350, 0.46361014, 1.0099957, 4.5383077, 0.5277417] 2.7912152 1.0574418 0.96005136 0.961783
[7351, 0.3497853, 1.0657616, 3.656154, 0.6016284] 2.833395 1.1041759 0.88506943 1.0765747
[7352, 0.6280303, 0.7434856, 6.3432946, 0.34634864] 2.0748668 1.1261959 1.0862572 1.3102236
[7353, 0.55872625, 0.97407895, 3.4374347, 0.6512924] 2.8712564 1.1543996 0.9879428 0.9930795
[7354, 0.39281765, 1.0609906, 5.1843367, 0.40613815] 2.7851028 1.1293778 0.7825172 0.92802405
[7355, 0.42756963, 1.0356672, 4.1320906, 0.5116201] 2.6137824 1.073012 1.0192455 1.23407
[7356, 0.40043005, 1.0598309, 5.1824555, 0.5969757] 2.5982504 1.0597765 0.923136 1.0393436
[7357, 0.5341715, 0.9213032, 4.8901668, 0.49013275] 2.4267282 1.0446897 1.0044876 1.0699499
[7358, 0.53795624, 1.0471733, 2.7109828, 0.8879033] 3.0846503 1.0442806 0.9109643 1.1028705
[7359, 0.47017187, 1.0027143, 4.5543003, 0.39665928] 2.6885583 1.1123818 1.0638865 1.0304974
[7360, 0.32118225, 1.099676, 5.190768, 0.6064925] 2.6436846 1.0242287 0.9024026 1.0632359
[7361, 0.46748957, 1.0149292, 3.7853506, 0.5489104] 2.9903684 1.0077823 0.80998915 0.92866015
[7362, 0.58525884, 1.0018865, 2.6263971, 0.6032726] 2.8790545 1.2109174 1.022487 1.1829189
[7363, 0.5160939, 1.0122012, 3.605574, 0.85533357] 2.7034879 1.0622557 1.0038912 1.3214989
[7364, 0.5355882, 1.0025094, 3.0670698, 0.65935445] 2.7539167 1.0676409 1.1572157 1.2382096
[7365, 0.5165562, 0.71826094, 5.11353, 0.7564123] 1.9297595 1.0060128 1.119995 1.4117041
[7366, 0.36545354, 1.0708352, 5.035982, 0.5172447] 2.6265926 1.0167347 1.031386 1.1002516
[7367, 0.5023865, 0.9772489, 3.7371523, 0.6203476] 2.9633822 0.9675568 0.85593086 1.0026878
[7368, 0.57606304, 0.8830325, 4.6729565, 0.46079364] 2.362988 1.0506567 0.899683 1.3091193
[7369, 0.50540936, 1.0005552, 3.7822905, 0.60404176] 2.6502876 1.2867422 0.9559065 1.1964982
[7370, 0.5192413, 0.95680773, 5.463596, 0.465508] 2.6245599 1.018748 0.7784806 1.0526241
[7371, 0.5322016, 1.0215331, 2.9920547, 0.8794973] 3.091848 0.88133353 0.93232024 1.0864604
[7372, 0.57353085, 0.99176097, 3.2170088, 0.66991514] 3.0067627 1.2134867 0.8826317 0.85440516
[7373, 0.5248666, 0.9990712, 3.2199173, 0.7673851] 2.8697333 1.0124484 0.9769537 1.1259575
[7374, 0.4644746, 1.0315857, 3.4630926, 0.6768024] 2.7283907 0.9887354 1.0400648 1.2280577
[7375, 0.5901215, 1.0150334, 2.5501153, 0.72141695] 3.1548443 1.0447918 1.0727265 0.894346
[7376, 0.5037448, 1.0133649, 3.4365234, 0.5729668] 2.9604933 1.0351713 0.94006354 1.0576353
[7377, 0.46251884, 0.99723965, 5.014675, 0.47552955] 2.7674885 1.1013278 0.88807654 0.93219143
[7378, 0.48327315, 0.9736941, 5.3394294, 0.48949942] 2.400717 0.94877946 1.0681727 1.2822572
[7379, 0.5662596, 0.972151, 3.5018957, 0.688699] 2.6868186 1.1884593 0.98903155 1.3168834
[7380, 0.5576159, 0.99261683, 3.2566295, 0.6926996] 2.9961717 1.0688101 0.9442005 0.95047057
[7381, 0.50369364, 0.9554026, 4.9102483, 0.6405171] 2.381967 1.0254984 1.0101498 1.2637271
[7382, 0.3985959, 1.0665306, 3.7593598, 0.7216027] 2.8462713 1.0629616 0.96074194 1.0505197
[7383, 0.3967749, 1.0652744, 6.4732933, 0.57407165] 2.5848935 1.1871235 0.842011 1.0546491
[7384, 0.38191086, 1.0777164, 5.3304925, 0.48953632] 2.4590204 1.2589909 0.96885794 1.1268245
[7385, 0.36725575, 1.086951, 5.5057197, 0.62964505] 2.566445 1.0894405 1.0115129 1.1308063
[7386, 0.65251184, 0.75785035, 5.7525926, 0.395114] 2.2983608 1.098953 0.9041551 1.2076516
[7387, 0.32071784, 1.1006769, 5.0963254, 0.57033676] 2.6074235 1.2007982 0.88139266 1.0645323
[7388, 0.45607218, 1.0299008, 4.710907, 0.4633358] 2.639331 1.0982494 0.921077 1.1698906
[7389, 0.5964443, 0.8006139, 5.953197, 0.40007973] 2.3251584 0.9497659 1.0695311 1.1065552
[7390, 0.5932289, 0.88303596, 5.3269253, 0.4814135] 2.3580375 1.0415202 1.0093981 1.183623
[7391, 0.4857563, 1.0032542, 5.7707295, 0.5467822] 2.4653063 1.112512 0.8387774 1.1755323
[7392, 0.47778887, 1.0121846, 3.8113408, 0.5760311] 2.7097282 1.2936432 1.0043705 0.9489182
[7393, 0.3877957, 1.0480138, 4.52456, 0.60797364] 2.7207904 1.1041493 0.9341836 1.110591
[7394, 0.43434507, 1.026385, 4.6469827, 0.7816772] 2.619579 1.0503068 0.90907514 1.2784356
[7395, 0.4138344, 1.0490694, 5.1435165, 0.59818774] 2.6664903 1.1290854 1.024937 1.0247527
[7396, 0.45433018, 0.99886835, 5.5790534, 0.49256566] 2.5703151 1.0123683 0.92032653 1.0809431
[7397, 0.37315875, 1.0886573, 4.8696556, 0.61614585] 2.5626986 1.1709125 0.96700823 1.1472548
[7398, 0.43071967, 1.052811, 3.8180864, 0.5598311] 2.7293246 0.9803817 1.0234871 1.2795107
[7399, 0.52481914, 0.9343153, 5.063813, 0.5107464] 2.27887 1.2007482 0.98829544 1.2183526
[7400, 0.53282046, 1.068886, 2.8378818, 0.6639884] 3.10743 1.1031419 0.8895534 1.1029818
[7401, 0.46110728, 0.99106544, 4.772383, 0.4371918] 2.5633326 1.0775492 0.8882691 0.9516328
[7402, 0.35854778, 1.0652393, 5.1905665, 0.4795532] 2.6375096 1.0084168 0.9113082 1.1406009
[7403, 0.43178746, 1.0194985, 5.6612644, 0.4017853] 2.5760202 1.0734625 0.89385283 1.0021772
[7404, 0.37156358, 1.0716511, 5.7841325, 0.7687277] 2.6461675 1.0408474 0.9539103 0.9926034
[7405, 0.44743308, 1.0116338, 5.046133, 0.44074222] 2.5098505 0.97106045 1.0361011 1.2440876
[7406, 0.34866345, 1.0497676, 5.589776, 0.42890042] 2.6496837 1.0023267 0.96183765 1.0552902
[7407, 0.46718675, 1.0536773, 3.5672452, 0.63505787] 2.7061307 1.1577667 1.03208 1.2868564
[7408, 0.5791621, 0.87117606, 5.241604, 0.49577808] 2.2913623 1.1011418 1.0156269 1.1983178
[7409, 0.4794448, 1.0215083, 3.7776208, 0.6653228] 2.8125944 1.0667404 0.8745466 1.1391064
[7410, 0.44104463, 1.0678581, 5.3927703, 0.6066583] 2.4748669 1.194945 0.96595377 1.2557697
[7411, 0.49979708, 1.031295, 3.0808597, 0.7303956] 2.9083993 1.1187246 0.9627045 1.0605056
[7412, 0.62803227, 0.9926728, 2.7956512, 0.8644896] 2.9733496 1.1009779 1.0128103 1.1772368
[7413, 0.486106, 1.0244079, 3.9644926, 0.79646146] 2.8966658 1.1320465 0.91415095 0.9622597
[7414, 0.55988365, 0.9115413, 5.325758, 0.46927014] 2.2416713 1.1573266 0.94516474 1.3799808
[7415, 0.48245212, 0.9968532, 5.16458, 0.44963774] 2.4187322 1.0712733 0.8329814 1.3466595
[7416, 0.41257888, 1.0469255, 5.049966, 0.47549966] 2.4891064 1.227162 1.0158545 1.1997452
[7417, 0.47299412, 0.99233127, 4.6633124, 0.5658572] 2.76009 1.0159808 0.943157 1.0786945
[7418, 0.5559217, 0.85115325, 5.177795, 0.35140666] 2.0338867 1.198242 1.192856 1.3319621
[7419, 0.49337712, 0.98948175, 5.0947328, 0.5350986] 2.5571022 0.9197674 0.7726925 1.3193053
[7420, 0.53973186, 0.9196025, 5.1686463, 0.6311293] 2.3342998 1.0323871 1.021999 1.278632
[7421, 0.46853817, 0.99788356, 5.65916, 0.56793207] 2.437645 1.1210157 0.97204673 1.2020038
[7422, 0.4343772, 1.0510727, 4.7034135, 0.4866909] 2.6823983 1.0225666 0.91079295 1.1786555
[7423, 0.47162437, 1.0296975, 5.8630567, 0.75189203] 2.4299014 1.0008793 1.0216247 1.293759
[7424, 0.57834476, 0.8310137, 5.966248, 0.31955802] 2.134905 1.1653261 0.8679426 1.4198256
[7425, 0.4211055, 1.0272772, 4.662946, 0.8994357] 2.549368 1.2079906 0.890779 1.2479854
[7426, 0.442185, 1.039384, 5.1210384, 0.53279537] 2.586756 0.924911 1.0506959 1.3264425
[7427, 0.44819003, 1.0280615, 3.3521605, 0.72138107] 3.03103 1.0052241 0.9232871 0.88022786
[7428, 0.5257899, 0.82492375, 5.85561, 0.3818412] 2.0867622 1.1546614 0.9306276 1.3870106
[7429, 0.40316918, 1.0201156, 4.2612567, 0.52428526] 2.6008332 1.1789287 0.9766001 1.1901498
[7430, 0.5046394, 0.9739432, 6.1492743, 0.5787684] 2.4993134 0.9349835 1.0256064 1.203572
[7431, 0.510136, 0.9716297, 3.7015665, 0.6197844] 2.749204 1.063885 1.0050812 1.0809178
[7432, 0.49379194, 1.0092034, 4.011658, 0.68870574] 2.8827584 1.0491931 1.0038888 0.9388265
[7433, 0.36821708, 1.0863361, 5.1880507, 0.42549434] 2.661679 1.166181 0.9218615 0.9696475
[7434, 0.48889145, 0.9935142, 4.0981693, 0.56929946] 2.6993113 1.0917922 0.90954655 1.2279472
[7435, 0.38461348, 1.0608277, 4.9460163, 0.44674322] 2.5993693 1.1586001 0.8127543 1.060726
[7436, 0.5504431, 0.8908494, 5.798596, 0.41081047] 2.2988422 1.0210035 0.98480326 1.2677336
[7437, 0.48994356, 1.0006595, 4.067091, 0.47373542] 2.551422 1.3972428 1.0482438 1.0654447
[7438, 0.5564002, 0.83097714, 5.620436, 0.44102865] 2.1844409 1.190535 0.9190017 1.2181493
[7439, 0.44898573, 1.0093392, 5.8092327, 0.35080045] 2.5428457 1.0434597 1.0010546 1.0395747
[7440, 0.63984036, 0.7105949, 5.5537143, 0.34163138] 2.0858314 1.0679717 0.96240395 1.3935477
[7441, 0.4344726, 1.0089526, 4.8211474, 0.567201] 2.696497 0.86747783 0.96296054 1.259314
[7442, 0.5761837, 0.86406016, 5.3071747, 0.5209086] 2.3644435 0.9735782 0.9813518 1.2366118
[7443, 0.34390005, 1.1041844, 5.1893525, 0.5302652] 2.6200294 1.0900668 1.0045972 1.0301036
[7444, 0.5213529, 1.0049794, 3.7613797, 0.75291455] 2.749581 1.2083222 0.89965236 1.1936356
[7445, 0.5612354, 0.77635163, 6.3804436, 0.5248436] 2.2674258 0.9561205 1.0869317 1.0694723
[7446, 0.4402135, 1.0536572, 3.3236685, 0.6323073] 2.7961564 1.0974032 0.9391347 1.1651095
[7447, 0.44756842, 1.0160648, 3.938464, 0.5436716] 2.793672 1.1330467 0.8486947 1.1168182
[7448, 0.4206286, 1.048482, 4.050011, 0.63782936] 2.81232 1.1120106 0.9933617 0.9316831
[7449, 0.41875872, 1.0472125, 4.7727194, 0.45177025] 2.4956899 1.1060332 0.9480381 1.3041764
[7450, 0.5551606, 0.945631, 4.9464726, 0.45191586] 2.4686735 1.0318621 1.0020331 1.2859927
[7451, 0.45892316, 1.0179096, 4.831933, 0.47053868] 2.8185487 0.96911734 0.94203675 0.9528895
[7452, 0.28790414, 1.1261888, 4.2090783, 0.48462024] 2.6757116 1.1271312 0.90922403 1.109452
[7453, 0.4876002, 0.99816924, 4.8028193, 0.48051113] 2.630739 1.1842529 0.9405264 1.1804266
[7454, 0.43863803, 1.0678872, 4.041915, 0.7094366] 2.7750146 1.1198798 0.9209293 1.1094283
[7455, 0.41876823, 1.0551205, 5.6234264, 0.654839] 2.6314325 1.1043366 1.0050488 0.9346734
[7456, 0.49914294, 0.99281013, 3.7768815, 0.6416205] 2.8583145 0.9356194 0.94672805 1.1057736
[7457, 0.61599654, 0.77535886, 5.545811, 0.44129837] 2.2939963 1.141962 0.992182 1.0095243
[7458, 0.5947989, 0.77793026, 5.7602234, 0.39754927] 2.181801 1.1292976 0.9970858 1.1942588
[7459, 0.46275693, 0.97432953, 4.6413, 0.52690506] 2.5381482 1.0348227 0.91077065 1.0627294
[7460, 0.526947, 0.9218147, 4.9423513, 0.46745303] 2.4107647 0.9111697 0.95663655 1.2517344
[7461, 0.47583818, 1.0100653, 4.1838264, 0.39498618] 2.5294533 0.99763227 1.0300632 1.3750802
[7462, 0.48243263, 0.9923856, 4.095825, 0.673967] 2.643882 1.2491575 0.8988768 1.1463073
[7463, 0.46133426, 1.008577, 5.6542454, 0.43322182] 2.4860854 1.3134289 0.81395227 1.0942192
[7464, 0.522125, 0.9684685, 5.0547576, 0.62180215] 2.3165686 1.1856639 1.0287713 1.2338384
[7465, 0.4649314, 1.0150408, 4.005984, 0.62569445] 2.7060258 1.1899103 0.9658777 1.1204506
[7466, 0.6225255, 0.950599, 2.7930086, 0.6991088] 2.7209282 1.1636826 1.0860246 1.4422969
[7467, 0.5142248, 1.0310186, 3.1144247, 0.78334165] 3.1092877 0.97518 0.8981871 0.9707488
[7468, 0.26274785, 1.1237488, 4.8103113, 0.6029115] 2.59197 0.9991329 0.97365725 1.2409829
[7469, 0.41428056, 1.0481572, 5.0227437, 0.56357956] 2.7770622 0.9116845 0.93746364 1.0420337
[7470, 0.59029007, 0.87489307, 5.479788, 0.45970047] 2.3263946 1.1483965 0.9957936 1.1845082
[7471, 0.5075299, 1.0234816, 3.10691, 0.89726204] 2.957342 1.0736089 0.91642034 1.0552088
[7472, 0.36720902, 1.0736752, 4.840538, 0.58695614] 2.8060026 1.0771605 0.97145295 0.9384537
[7473, 0.50249374, 1.0044534, 4.013201, 0.4883045] 2.7659202 1.042835 0.8215296 1.2386167
[7474, 0.49188784, 0.89527655, 5.8878975, 0.50491613] 2.2000446 1.1514934 0.93654436 1.2018638
[7475, 0.48374072, 1.0199934, 3.432499, 0.7172321] 2.8402956 1.0827504 1.05635 1.0239636
[7476, 0.5233737, 0.9729436, 3.2969568, 0.53551555] 2.9735394 0.99620163 0.9241438 0.935466
[7477, 0.47330248, 1.0052723, 3.7404244, 0.7693647] 2.724834 1.0958782 0.9826865 1.2319833
[7478, 0.49634022, 1.0146352, 4.0161333, 0.59746397] 2.918553 1.0627826 0.951279 0.87947106
[7479, 0.5591729, 1.0276489, 3.391049, 0.85190165] 3.0146189 1.128213 0.9242022 0.91318524
[7480, 0.5369222, 0.92461455, 4.8484707, 0.43947402] 2.5489008 1.0295514 0.870341 1.0315409
[7481, 0.50293326, 1.0361288, 3.014875, 0.6879062] 2.8802571 1.1538581 1.0185992 1.169098
[7482, 0.4643587, 1.0412507, 3.2854538, 0.7235109] 2.7131736 1.0803771 1.068086 1.2110581
[7483, 0.43260413, 1.0526135, 5.3990088, 0.42084146] 2.498722 1.124696 0.91589886 1.1854753
[7484, 0.49429467, 0.95765233, 5.1073217, 0.47012892] 2.4872186 1.0532488 0.90047616 1.049925
[7485, 0.43098265, 1.0429391, 4.6342764, 0.64653134] 2.7046456 1.0707865 0.9399155 1.0999184
[7486, 0.5380022, 0.88301015, 5.102371, 0.39670727] 2.2028913 1.1257961 1.1439539 1.2500805
[7487, 0.5748887, 0.96449554, 2.5962162, 0.6624461] 3.0887551 0.93446875 0.854145 1.2002997
[7488, 0.4210872, 1.0185425, 5.393019, 0.4919925] 2.5664978 0.93983644 1.1053354 1.0252424
[7489, 0.3871027, 1.0537559, 4.1141133, 0.5582305] 2.6773036 1.1775955 0.8785749 1.222314
[7490, 0.47280908, 1.0096282, 4.446582, 0.5337708] 2.6314952 1.2301981 0.9820642 1.0799161
[7491, 0.45326373, 1.0111529, 5.590863, 0.4375247] 2.2938578 1.189991 1.1165771 1.3287519
[7492, 0.3340446, 1.0909768, 5.453293, 0.50336283] 2.5477216 1.0991166 0.9280699 1.142917
[7493, 0.4277664, 1.0341947, 4.3720827, 0.5370095] 2.5751197 1.1415238 0.95377225 1.2425113
[7494, 0.37588468, 1.0633879, 5.207357, 0.64695823] 2.536158 1.0976335 0.9887927 1.0862494
[7495, 0.46658716, 1.0118794, 3.5844316, 0.66454977] 2.8822942 1.1848389 0.8089466 1.0061492
[7496, 0.46175078, 1.0535764, 3.2444112, 0.63916457] 2.8391225 0.9913347 0.9697243 1.1834232
[7497, 0.41933325, 1.0484443, 3.864698, 0.6918988] 2.6773965 1.1350218 0.99941534 1.1510684
[7498, 0.4315836, 1.0369394, 5.359245, 0.5934674] 2.49039 0.9761366 0.945162 1.3452057
[7499, 0.4293584, 1.0529076, 4.2083583, 0.6532655] 2.7523763 0.9972319 0.9966072 1.1738588
[7500, 0.4413112, 1.0421875, 4.4146047, 0.5336514] 2.5942712 1.1910471 0.924209 1.2588565
[7501, 0.5444301, 0.95823586, 4.695242, 0.49518797] 2.5869534 1.1827583 0.93941706 1.1877481
[7502, 0.5953752, 0.76257396, 6.4327207, 0.45798573] 2.17967 1.1119839 1.0692286 1.0830624
[7503, 0.34276995, 1.0793805, 5.2956195, 0.38594115] 2.62165 1.104675 0.9544745 1.1096773
[7504, 0.56429815, 0.8760837, 5.209967, 0.4628514] 2.3348334 1.0207818 1.0421193 1.1504662
[7505, 0.5135152, 0.9949939, 3.8582742, 0.722191] 2.895306 1.0699438 1.0061895 0.9301963
[7506, 0.56388825, 0.8812888, 4.3559833, 0.5080028] 2.4072142 1.0557799 0.88096994 1.149035
[7507, 0.5897261, 0.9952638, 2.9515662, 0.7280546] 2.763613 1.2370739 0.95574385 1.3484426
[7508, 0.4219041, 1.0593151, 5.547642, 0.5010395] 2.76962 1.0313028 0.89181197 0.9273509
[7509, 0.44909495, 1.041027, 5.574382, 0.45392624] 2.5108316 1.1634402 0.81817144 1.2059096
[7510, 0.56187576, 0.9591698, 4.295702, 0.47007194] 2.577191 1.2037805 0.96515656 1.2680088
[7511, 0.4341781, 1.0239104, 5.4339676, 0.74226314] 2.64802 1.0342481 0.96704316 0.99947804
[7512, 0.41247454, 1.0514063, 3.7921941, 0.49872148] 2.640629 1.2193571 1.0647298 1.1473192
[7513, 0.51207256, 1.0124174, 3.4882376, 0.5667286] 2.778494 1.2141246 0.8580083 1.1320367
[7514, 0.5217492, 0.95443714, 4.7967896, 0.70359147] 2.4479277 1.1009707 1.0196553 1.0384254
[7515, 0.46161318, 1.0138044, 5.183985, 0.48764575] 2.6861022 0.96063924 0.90831476 1.1609191
[7516, 0.45317525, 1.0209984, 4.3836823, 0.37166315] 2.7146823 1.0966632 0.8392092 1.1402438
[7517, 0.38060713, 1.0803714, 5.4923244, 0.5438797] 2.4869134 1.1037282 0.9368201 1.2118169
[7518, 0.49333754, 1.0043205, 3.921315, 0.6093092] 2.7667475 0.9617779 1.0362366 1.156206
[7519, 0.45349762, 1.0199566, 4.271345, 0.49203283] 2.6798353 1.1375233 1.1048476 1.0852681
[7520, 0.5516044, 0.77314377, 6.176788, 0.42112282] 2.0272548 1.0740312 1.0424793 1.3702983
[7521, 0.36222848, 1.0766165, 5.498659, 0.664277] 2.5969884 1.0049678 1.0643532 1.0506502
[7522, 0.5666085, 0.93258196, 5.571046, 0.560348] 2.3622081 1.1597544 0.8887996 1.2363814
[7523, 0.5042919, 0.9863257, 4.0935216, 0.53395814] 2.8860369 1.051053 0.857269 0.9214336
[7524, 0.57327646, 0.85240906, 5.5477386, 0.4056236] 2.243618 1.0869743 1.0816053 1.2127987
[7525, 0.4401254, 1.0281118, 3.8839061, 0.59520817] 2.706088 1.0358193 0.9807023 1.1973609
[7526, 0.57363707, 0.92422074, 4.8049245, 0.533232] 2.2466555 1.1264536 1.0111963 1.4069103
[7527, 0.3672367, 1.0770419, 5.24273, 0.45516068] 2.479509 1.2012684 0.978556 1.1345066
[7528, 0.48097995, 0.99633783, 5.5215635, 0.796546] 2.4115589 1.0767424 0.9600298 1.1988779
[7529, 0.45712546, 1.0277715, 3.830203, 0.664049] 2.7827027 1.1396073 0.9336036 1.0933424
[7530, 0.66761184, 0.98617595, 2.5213482, 0.8028148] 2.9681516 1.138723 1.0217807 1.2666754
[7531, 0.53207487, 0.8120674, 5.8254676, 0.43134317] 2.2100825 1.0549558 0.9186557 1.2401798
[7532, 0.47588757, 1.0040118, 4.814161, 0.49656716] 2.542138 1.3084959 0.93708986 1.1441361
[7533, 0.49977753, 0.98498523, 5.3444605, 0.7033899] 2.4173524 0.96359026 1.0339472 1.2519475
[7534, 0.4642051, 1.0159931, 5.426216, 0.5309497] 2.4336822 1.182073 0.879995 1.1467423
[7535, 0.48792753, 1.0076456, 3.9599092, 0.65768546] 2.8140707 1.0344445 0.82090473 1.202983
[7536, 0.4493137, 1.0326358, 4.6777816, 0.6429743] 2.6434612 1.0758153 0.9549483 1.238919
[7537, 0.52665025, 0.9543861, 5.157327, 0.6442256] 2.3695636 1.0169992 0.9717756 1.2381793
[7538, 0.45097306, 1.0007694, 6.1229544, 0.49419543] 2.5392087 1.1727649 0.8360381 1.0883237
[7539, 0.47179216, 0.99353117, 5.263608, 0.45938596] 2.630301 1.0946122 0.94093275 1.1367352
[7540, 0.44946113, 1.0330411, 5.456858, 0.45155844] 2.4580941 1.2536355 0.9287069 1.1742085
[7541, 0.39681482, 1.0303501, 5.525715, 0.5373932] 2.473803 1.0126547 1.0169849 1.1930208
[7542, 0.47773835, 0.9809552, 5.241438, 0.59504694] 2.6911335 0.83061975 0.9868351 0.89674336
[7543, 0.52794707, 0.86356544, 5.8046355, 0.49192944] 2.3365564 1.1421906 0.8761499 1.0806985
[7544, 0.4408289, 1.0403844, 5.1286855, 0.6558536] 2.4691713 1.1884068 1.0109682 1.1017498
[7545, 0.60743326, 0.8246479, 5.3087163, 0.4579911] 2.2107894 1.1605681 1.0200185 1.338528
[7546, 0.44952554, 1.0289526, 4.0852056, 0.66446686] 2.793443 1.0180151 0.9338745 1.0655406
[7547, 0.59679306, 0.88159287, 5.6048374, 0.40481776] 2.2912805 0.99979717 1.0894288 1.2313983
[7548, 0.4386981, 1.0596915, 4.7125754, 0.5455481] 2.5135686 1.1671932 1.0123955 1.3544922
[7549, 0.5040309, 0.98889005, 5.235181, 0.56023616] 2.419697 1.3155843 0.86218673 1.2734919
[7550, 0.43178907, 1.0260094, 6.492974, 0.69644797] 2.5370824 0.9180185 1.0704249 1.122637
[7551, 0.46279135, 0.97766054, 4.49951, 0.46809283] 2.3249292 1.0213907 1.0549632 1.285752
[7552, 0.5972148, 0.87911785, 5.2224793, 0.491831] 2.1543925 1.2049863 1.0202528 1.3874478
[7553, 0.38744247, 1.0893453, 5.192431, 0.9756201] 2.5840337 1.1310261 1.0583842 0.9953807
[7554, 0.34213462, 1.0839784, 5.9306364, 0.5660938] 2.5983653 1.0488461 0.9874655 1.0030961
[7555, 0.41843373, 1.0664047, 4.1237774, 0.6645714] 2.658197 1.2046174 0.96173143 1.1298876
[7556, 0.38416955, 1.0285877, 4.1176257, 0.50699615] 2.6711373 1.1000303 0.9468606 1.1679206
[7557, 0.45289806, 1.0167797, 3.845152, 0.5711738] 2.7052805 1.1360444 0.9369365 1.1606661
[7558, 0.4736787, 1.0074145, 4.559452, 0.47715294] 2.7481399 1.0614262 0.79800475 1.2654682
[7559, 0.4389949, 1.029686, 4.6527734, 0.51801974] 2.6219833 1.1951491 0.88306147 1.2164574
[7560, 0.45743805, 1.0382557, 5.638469, 0.64976484] 2.572913 1.0213621 0.9260019 1.1506262
[7561, 0.42805085, 1.0566899, 3.6527772, 0.7335295] 2.8776562 1.1823212 0.7925905 1.0060529
[7562, 0.43634763, 1.033653, 4.4832582, 0.44220102] 2.625577 1.0850224 0.893045 1.2439635
[7563, 0.42299056, 1.0389544, 4.414889, 0.49259] 2.650073 1.1375903 0.9148878 1.193139
[7564, 0.43312344, 1.024028, 5.1452575, 0.654771] 2.4286323 1.1262815 0.9744477 1.1854324
[7565, 0.5240989, 0.98322517, 3.8480763, 0.79916966] 2.7222204 1.1564364 0.8282501 1.2735717
[7566, 0.4499755, 1.0113548, 4.0880947, 0.57178146] 2.943386 1.0597047 0.76859015 1.0010006
[7567, 0.49723586, 0.96437234, 5.2808256, 0.4392064] 2.3877804 1.0580755 1.0085149 1.2447325
[7568, 0.3832907, 1.0566211, 5.383384, 0.55885726] 2.6136525 1.068149 0.91726 1.1115717
[7569, 0.5569269, 0.8077984, 6.0033054, 0.40718526] 2.3657343 1.0759788 0.9882701 0.91117036
[7570, 0.37637165, 1.0554848, 4.6922755, 0.57726866] 2.588597 1.0535156 1.0065416 1.300631
[7571, 0.46867684, 0.9923865, 5.5530515, 0.44288385] 2.5300767 1.0074209 0.94934076 1.1050549
[7572, 0.5113894, 1.0244875, 3.4434323, 0.70998573] 2.8583155 1.1476386 0.8687434 1.1799217
[7573, 0.47961918, 1.0348411, 3.4499009, 0.84958744] 2.764198 1.1007727 1.0718395 1.1546888
[7574, 0.62047744, 0.81289464, 4.9755087, 0.36659348] 2.1695523 1.0928019 0.95231205 1.4619316
[7575, 0.4168094, 1.0401226, 5.1894116, 0.56745815] 2.6299863 1.05626 1.049878 1.0874602
[7576, 0.48429644, 0.9993756, 4.132816, 0.5014601] 2.739396 1.0401797 0.9332251 1.1434379
[7577, 0.3942268, 1.059181, 4.5159907, 0.42982537] 2.56239 1.2117891 1.0114706 1.2290208
[7578, 0.37504455, 1.0755459, 4.2832646, 0.9708594] 2.8135326 1.1947366 0.93054116 0.9186598
[7579, 0.34232822, 1.0960714, 5.604985, 0.5815342] 2.6510568 1.0633668 1.0166668 0.8774547
[7580, 0.37608358, 1.0659353, 4.2944, 0.48764294] 2.6508796 1.2787436 0.95812666 1.0880535
[7581, 0.4671657, 1.0170821, 4.236218, 0.5796856] 2.742559 1.0364071 1.0174661 1.0778955
[7582, 0.5201907, 1.0001612, 3.1962178, 0.75587493] 2.8553712 1.1293975 0.9374222 1.1752985
[7583, 0.4847829, 1.031087, 4.3259573, 0.5969065] 2.6748044 1.2485639 1.094316 1.0176924
[7584, 0.3871853, 1.066803, 5.512384, 0.51882887] 2.6772885 0.9306499 0.8450965 1.1367774
[7585, 0.4353966, 1.0333871, 4.5019717, 0.6085216] 2.7709885 0.93885946 0.93950486 1.1357939
[7586, 0.47874853, 1.0396559, 3.743029, 0.78374404] 2.9026654 1.0548222 0.9023265 1.0885688
[7587, 0.46836337, 1.0677876, 3.5263567, 0.83935344] 2.7190664 1.1117227 0.986549 1.2631402
[7588, 0.4618838, 1.0237563, 5.0465627, 0.5447826] 2.6890078 1.06734 0.9097294 1.0820185
[7589, 0.5292094, 1.0261645, 2.9418607, 0.8470939] 2.9040303 0.9426918 1.0387336 1.2361412
[7590, 0.5279438, 0.991399, 3.35696, 0.8451463] 2.8195612 1.1122189 0.9345886 1.157957
[7591, 0.53068894, 0.84439254, 6.4353156, 0.34260508] 2.2441144 1.0963435 0.9298883 1.1875631
[7592, 0.37446725, 1.0846319, 5.3107834, 0.5293402] 2.6020997 1.0573928 0.9779327 1.1410298
[7593, 0.4366067, 1.0345784, 4.0415854, 0.51337993] 2.7517827 1.026581 0.9359822 1.1767685
[7594, 0.3918585, 1.0612384, 4.163907, 0.4799205] 2.688497 1.1738669 0.86738265 1.1763141
[7595, 0.6238534, 1.0153323, 2.2845883, 0.8618218] 3.2583556 1.0998539 0.945544 0.9142937
[7596, 0.63727343, 0.80544555, 4.6251802, 0.5041865] 2.3403883 1.2142397 0.94806254 1.051045
[7597, 0.46126062, 1.0102794, 3.9013808, 0.5221234] 2.693403 1.0722798 0.9704281 1.1009027
[7598, 0.5002359, 0.9291215, 4.973491, 0.32963082] 2.2556715 1.2058045 0.89257485 1.2736428
[7599, 0.4901135, 1.0067428, 4.0143814, 0.5503179] 2.5963187 1.138696 1.0583211 1.2678846
[7600, 0.42026648, 1.0436517, 4.963045, 0.43958002] 2.6220284 1.2103937 0.9004192 1.1867499
[7601, 0.4165035, 1.0364863, 4.5350966, 0.658076] 2.6054342 1.122893 1.0590737 1.1999086
[7602, 0.37934995, 1.0874276, 5.8124, 0.62200874] 2.613562 0.97650343 0.9083856 1.1217343
[7603, 0.40869272, 1.0580801, 5.600391, 0.89168507] 2.501815 1.0192122 0.97032034 1.1948185
[7604, 0.4681866, 1.0054516, 3.984706, 0.48748142] 2.7979321 1.1553332 0.82566446 1.1178899
[7605, 0.5819983, 0.9691955, 3.1967363, 0.61974245] 3.005824 1.1401104 0.8978659 0.9272958
[7606, 0.62716156, 0.94310623, 3.318527, 0.7111328] 3.023711 1.1275619 0.91163987 0.81952214
[7607, 0.51487553, 0.9796481, 3.3920815, 0.56951225] 2.9127162 0.95421994 0.8474862 1.1499064
[7608, 0.48940864, 0.9914733, 5.05753, 0.4671229] 2.3552392 1.2515279 0.89024854 1.192261
[7609, 0.5529304, 1.0038143, 3.315984, 0.7006831] 2.896845 1.0407168 0.9188089 1.1901848
[7610, 0.39168933, 1.0461626, 5.297568, 0.55596817] 2.6201093 1.0352229 0.858329 1.0336764
[7611, 0.52683103, 0.8657676, 5.301584, 0.3797094] 2.3321126 0.9475192 1.0048921 1.16473
[7612, 0.58862805, 1.0477344, 2.2929833, 0.9085006] 3.1596632 1.2786343 1.0171487 0.99997455
[7613, 0.4969577, 1.0058323, 3.251089, 0.68421096] 2.784578 0.9970258 1.0488588 1.2691627
[7614, 0.41410205, 1.038787, 4.864662, 0.41237566] 2.6718516 1.172318 1.006862 0.9290081
[7615, 0.5345947, 0.94338304, 5.1368747, 0.54847515] 2.1856778 0.97291714 1.0807203 1.5742929
[7616, 0.6087995, 1.0014498, 2.7589033, 0.766332] 2.968389 1.0870583 1.0927867 1.1860331
[7617, 0.48436418, 0.9943807, 5.7103257, 0.58012265] 2.6105676 0.848254 0.9954419 1.0500654
[7618, 0.45038882, 1.0112425, 4.299627, 0.47951782] 2.753978 1.1567792 0.9097676 1.0424794
[7619, 0.5364909, 0.8491541, 6.060859, 0.452524] 2.1780753 1.0731865 0.95616585 1.316485
[7620, 0.40311626, 1.0559367, 5.4333076, 0.46303546] 2.5061977 1.0758475 0.83160925 1.3184814
[7621, 0.45857045, 1.0413913, 5.7276907, 0.5637452] 2.3180468 1.2710649 1.0174363 1.4554515
[7622, 0.5115581, 1.01513, 3.4395623, 0.9102444] 2.8026636 1.1182332 0.9147288 1.2461587
[7623, 0.4567985, 1.0097647, 5.4011197, 0.61471975] 2.4639475 1.0684924 0.9547848 1.1495041
[7624, 0.48796314, 1.036595, 3.1574476, 0.85456085] 2.8667898 1.1770588 1.0084955 1.0104276
[7625, 0.54892766, 1.00615, 2.901237, 0.6855036] 3.0027921 1.1038704 0.8917773 1.0951961
[7626, 0.5444875, 0.9770355, 4.229448, 0.58917755] 2.94056 1.0377462 0.8480461 0.9351554
[7627, 0.4680043, 1.0014498, 3.8000162, 0.64760816] 2.7542295 1.0361114 0.94564766 1.2170167
[7628, 0.47031188, 1.0064083, 4.9637313, 0.40413752] 2.4960454 1.1251053 0.91659015 1.0349822
[7629, 0.4052646, 1.0734712, 4.7888536, 0.39270857] 2.4964523 1.262885 1.0092407 1.1303462
[7630, 0.5880619, 0.99590236, 2.7989926, 0.7009581] 2.9405878 1.162016 1.0165278 1.0026761
[7631, 0.38153005, 1.0623231, 4.3015876, 0.55963117] 2.7064657 1.0594174 0.9717244 1.0814426
[7632, 0.33893505, 1.0873575, 4.0992727, 0.4797011] 2.6274116 1.2358727 0.9672702 1.1194524
[7633, 0.4040199, 1.040421, 5.5453067, 0.5173395] 2.307597 1.2425942 1.0604901 1.2620888
[7634, 0.43307546, 1.0222874, 3.9887946, 0.59464544] 2.7131364 1.1169977 0.96378237 1.07843
[7635, 0.5036409, 0.9469263, 5.5919476, 0.65308714] 2.452052 0.88758856 0.9237773 1.3350769
[7636, 0.35799402, 1.0600963, 5.809761, 0.5580555] 2.611987 1.0468179 0.82376194 1.0969923
[7637, 0.512341, 1.0587275, 3.1825557, 0.70888287] 2.8893416 1.0554427 0.9887737 1.1923285
[7638, 0.37454897, 1.0632094, 5.2789364, 0.7182086] 2.7197516 1.0461941 0.99500567 0.9053259
[7639, 0.46375638, 1.0311735, 4.0044427, 0.66338] 2.8522265 1.0851368 0.878366 1.0682809
[7640, 0.4081398, 1.0449156, 4.327629, 0.5908932] 2.641803 1.1083937 0.98353434 1.2093202
[7641, 0.47404012, 1.00996, 4.8940277, 0.6483126] 2.584312 1.1073396 1.0190071 1.1955957
[7642, 0.5772343, 0.98440117, 3.0602772, 0.8114377] 3.028817 1.0400178 1.0206003 0.96456647
[7643, 0.4743401, 1.0343319, 3.6378393, 0.59828347] 2.8183663 1.1039274 0.9851339 1.0231432
[7644, 0.41770846, 1.0404736, 6.0776587, 0.6127789] 2.4410722 1.1943705 0.95150167 1.1631726
[7645, 0.4833949, 0.99902284, 5.0229607, 0.6079168] 2.3054848 1.1635474 1.0195367 1.3017459
[7646, 0.29733258, 1.1022372, 5.3429193, 0.52364576] 2.609349 1.0249512 0.92512536 1.1983079
[7647, 0.40821782, 1.0428599, 4.625885, 0.58669215] 2.7429545 1.0636477 0.92157894 1.1110797
[7648, 0.44906256, 1.0355806, 4.8297176, 0.5353155] 2.5267246 1.0748461 0.9074871 1.3094963
[7649, 0.58204466, 1.0199084, 2.3602834, 0.80887187] 3.2323809 0.9893149 1.0007169 0.98903537
[7650, 0.4211913, 1.0383385, 4.47064, 0.46385744] 2.7498307 0.96836656 0.8461347 1.0464823
[7651, 0.52773553, 0.79562676, 5.8124976, 0.4056645] 2.1101656 1.0399077 0.9291526 1.4329251
[7652, 0.4594047, 1.0238669, 3.9288647, 0.6138642] 2.6653483 1.3301712 0.9511103 1.1014209
[7653, 0.62055653, 0.8364157, 5.25803, 0.3771836] 2.3358421 1.153098 0.9427151 1.0666049
[7654, 0.5544182, 0.83872867, 6.192139, 0.40112653] 2.1044457 1.118604 1.1205233 1.2929434
[7655, 0.5002109, 0.96091235, 5.587068, 0.507849] 2.5149138 1.1722944 0.86095095 0.9774239
[7656, 0.45821422, 1.020956, 4.4088783, 0.5362751] 2.6816149 1.0530591 0.9350121 1.2104068
[7657, 0.3704345, 1.0850282, 5.015552, 0.66930175] 2.4853308 1.317244 1.0137793 1.1229317
[7658, 0.44024765, 1.0077055, 5.593223, 0.4974733] 2.4981637 1.108235 1.0090888 0.98148733
[7659, 0.57607025, 0.8737467, 5.0421524, 0.4715833] 2.4072456 0.9971557 0.89890283 1.2385862
[7660, 0.42109197, 1.0526845, 5.0052276, 0.5144703] 2.502095 0.9878265 1.0289315 1.3143638
[7661, 0.4671585, 1.0329969, 4.957895, 0.58420205] 2.465777 1.1208022 1.0871476 1.319826
[7662, 0.5183378, 0.90702695, 5.396752, 0.4047218] 2.431758 1.0159132 0.73811567 1.2478348
[7663, 0.5635674, 0.8415767, 6.3983164, 0.5533914] 2.2831733 1.1022656 1.0254478 1.0730364
[7664, 0.42894712, 1.0295993, 5.0769005, 0.6331144] 2.7331495 0.9898249 0.98720956 1.1119157
[7665, 0.597402, 0.91589826, 3.7902124, 0.6728066] 2.9757628 1.0314354 0.8559757 0.9582519
[7666, 0.53948927, 0.9879675, 3.2799773, 0.6178561] 2.9439924 0.957672 0.8979999 1.170637
[7667, 0.37226248, 1.0567224, 5.583113, 0.56674165] 2.5975673 1.0593418 0.92260385 1.1351292
[7668, 0.4794882, 0.7216124, 5.7884097, 0.50120705] 2.0224445 1.0688508 0.84650075 1.3165486
[7669, 0.44613785, 1.0423506, 3.632355, 0.50814503] 2.7217605 1.3179982 0.9129524 1.0209887
[7670, 0.4283534, 1.0534269, 5.0209856, 0.4142066] 2.5865996 1.1427897 0.8529235 1.203268
[7671, 0.5320113, 0.9943115, 3.214741, 0.8996197] 2.8532844 1.1261867 0.800257 1.2105988
[7672, 0.35931987, 1.0584741, 4.5842886, 0.5302795] 2.7211518 1.1802305 0.9963079 0.87008333
[7673, 0.57033217, 0.86452436, 5.04166, 0.5221246] 2.355053 0.96569335 1.0084566 1.2455077
[7674, 0.6101583, 0.90403247, 3.4836893, 0.66801447] 2.7630057 1.1782023 0.77059436 1.3251185
[7675, 0.46502843, 1.0352138, 4.6387877, 0.57279676] 2.5321686 1.0819355 0.99430025 1.3754116
[7676, 0.3778808, 1.061281, 5.374923, 0.5251506] 2.687139 1.1381208 0.9185992 1.0803635
[7677, 0.48168066, 0.8232543, 5.6491547, 0.40522063] 2.2730675 1.0097677 0.9316753 1.1121122
[7678, 0.38616505, 1.0655764, 4.709627, 0.7712551] 2.7950585 0.8882781 0.99180746 1.0263325
[7679, 0.37735888, 1.0797092, 4.953441, 0.71579045] 2.701182 1.0114863 0.9305133 1.1174837
[7680, 0.36145025, 1.0722212, 5.103816, 0.6007511] 2.5000148 1.1639402 1.0327791 1.2416574
[7681, 0.41114494, 1.0377727, 4.8852367, 0.5175004] 2.525258 1.0261326 0.86392576 1.3151485
[7682, 0.38518023, 1.0721511, 4.557776, 0.44401678] 2.5551586 1.1542135 0.9364189 1.1740181
[7683, 0.45949927, 1.0082656, 4.4576335, 0.4373428] 2.6250043 1.0040654 0.8598343 1.1952151
[7684, 0.3829516, 1.0905006, 5.420835, 0.4886642] 2.5564768 1.1161683 0.8868326 1.0533689
[7685, 0.5485557, 0.97573304, 4.006677, 0.5741009] 2.6575408 1.0643425 1.0121475 1.2877479
[7686, 0.41104516, 1.0504669, 4.9710503, 0.5656807] 2.5843427 1.1147039 1.151768 1.1207305
[7687, 0.5093656, 0.97510517, 4.548231, 0.51640433] 2.5010216 1.2024219 0.80298245 1.2086118
[7688, 0.54323655, 0.9995453, 3.4591768, 0.76499605] 3.029818 1.0555927 0.8274327 0.95443517
[7689, 0.5003316, 1.020673, 3.9784276, 0.64862347] 2.7112026 1.1076277 0.9671429 1.2685411
[7690, 0.40917173, 1.0526463, 5.344855, 0.58061993] 2.505198 1.0345764 1.0082138 1.2201693
[7691, 0.4894965, 0.9583037, 5.536357, 0.4473606] 2.3253665 0.9975464 1.0202479 1.3212528
[7692, 0.47582483, 1.0128785, 3.6862721, 0.57676136] 2.7468522 1.1929885 0.8657646 1.1879536
[7693, 0.5677366, 0.9626038, 3.1970024, 0.52623796] 2.972079 1.1738946 0.66270876 1.1017684
[7694, 0.40019608, 1.0481735, 5.3778567, 0.5935752] 2.4753146 1.1993535 0.993978 1.1656927
[7695, 0.3348527, 1.0993167, 5.1456494, 0.5956178] 2.797517 1.1575286 0.8505284 0.93461853
[7696, 0.45894065, 1.0369017, 3.8620794, 0.43223846] 2.55382 1.1121441 1.1132549 1.3161104
[7697, 0.33438948, 1.102658, 4.845939, 0.7232917] 2.640678 1.1643206 0.9569299 1.0984147
[7698, 0.52787673, 0.82858974, 5.8979993, 0.3785875] 2.2526584 1.0291011 0.8493168 1.2772894
[7699, 0.39246622, 1.0600355, 5.5983744, 0.56719106] 2.7215335 1.0403452 1.0252334 0.89084196
[7700, 0.41217524, 1.0538417, 4.710804, 0.47557765] 2.556133 1.3132668 0.7741431 1.2360771
[7701, 0.38083646, 1.069143, 4.6553597, 0.47384128] 2.4994454 1.1798432 1.0013715 1.249758
[7702, 0.5116998, 1.033177, 3.064356, 0.5880029] 2.9126942 1.2422844 0.92677766 0.9971265
[7703, 0.5379584, 1.0481864, 3.057355, 0.7420456] 2.9084918 1.2859674 0.850029 1.0531662
[7704, 0.43494305, 1.0132629, 4.7782326, 0.42506453] 2.4209523 1.0704256 0.98570466 1.1702857
[7705, 0.43575394, 1.0412319, 4.652685, 0.50726825] 2.439264 1.2091693 0.96422243 1.3961779
[7706, 0.47481018, 1.0159421, 5.2978563, 0.5032405] 2.5054307 1.0515436 0.9994585 1.3710061
[7707, 0.5845004, 1.0050044, 2.7691288, 0.7156045] 3.1230974 1.0376285 0.9365317 1.0108868
[7708, 0.4660262, 1.0127668, 3.9721637, 0.55418277] 2.736045 1.0874863 1.0674212 1.0539876
[7709, 0.3873765, 1.0607741, 5.798649, 0.5362144] 2.6630428 0.8741364 0.97012496 1.0828613
[7710, 0.4869547, 1.0203351, 3.2788773, 0.91660595] 2.852523 1.0769876 0.9158787 1.1833414
[7711, 0.42122525, 1.0362848, 4.966991, 0.5502951] 2.613084 1.0650721 1.1242304 1.0935652
[7712, 0.34093866, 1.0663207, 5.577644, 0.41279683] 2.7789853 0.9999934 0.9121946 0.969195
[7713, 0.45676908, 1.0272673, 4.821008, 0.5727906] 2.7481575 0.9911092 0.9442013 1.0358196
[7714, 0.4904616, 1.0757385, 2.927924, 0.8639376] 2.9361722 1.0795534 1.0176466 1.1242555
[7715, 0.5256531, 0.9739956, 5.454919, 0.49638873] 2.367893 1.2696111 0.9101768 1.3969889
[7716, 0.45836884, 1.0270567, 5.994206, 0.66917944] 2.5220518 1.1012386 1.0491759 1.0813732
[7717, 0.35050714, 1.0849572, 6.2502174, 0.9183528] 2.58235 1.0005096 1.0402513 1.0535551
[7718, 0.293706, 1.134466, 5.558893, 0.6013404] 2.6433094 1.0284693 0.9807449 1.0078135
[7719, 0.26960027, 1.1287539, 5.882889, 0.54520017] 2.4924912 1.10766 1.0385362 1.1287075
[7720, 0.5375673, 0.96811455, 3.7403438, 0.56847197] 2.8640783 1.0204839 0.93649405 1.0526811
[7721, 0.4180696, 1.0465169, 4.1964836, 0.43215057] 2.5539443 1.2729708 1.0477182 1.1846977
[7722, 0.45384884, 1.0120596, 5.3703885, 0.5694903] 2.5177143 0.9348773 1.1332189 1.1007712
[7723, 0.4123963, 1.048625, 5.7930493, 0.56759524] 2.5582628 1.1348096 0.89949554 1.046588
[7724, 0.4559694, 1.0036277, 5.244535, 0.44804332] 2.3484497 1.1205714 1.0030222 1.3081493
[7725, 0.53268516, 0.91611445, 5.2011275, 0.4457942] 2.4054193 1.0739914 0.9375638 1.0775328
[7726, 0.462326, 1.0076925, 5.186577, 0.7481463] 2.4161468 1.0200546 1.0236527 1.2268679
[7727, 0.3436674, 1.0759652, 5.0012436, 0.57856727] 2.736438 0.97426254 0.9547513 1.0506312
[7728, 0.40219548, 1.0717193, 5.0634346, 0.5212326] 2.4708626 1.089499 0.95896006 1.2995875
[7729, 0.37738997, 1.0456996, 5.2500567, 0.6711842] 2.4995294 1.0529656 0.9545328 1.1226864
[7730, 0.42140067, 1.0420963, 5.8370557, 0.61633897] 2.5851107 1.1073403 0.9526582 1.007678
[7731, 0.55021334, 1.0317568, 2.9520419, 0.6854605] 3.1418035 1.09225 0.83003956 0.8930811
[7732, 0.5334876, 1.0260342, 3.1012936, 0.60641825] 2.9422708 1.1462435 0.9678673 1.006751
[7733, 0.41309163, 1.0310024, 3.881453, 0.694313] 2.7505982 1.1271667 0.9032999 1.094496
[7734, 0.3540779, 1.0937152, 5.1626515, 0.4762653] 2.632136 1.0120002 1.0056908 0.96985793
[7735, 0.47029567, 1.0055695, 4.306425, 0.5692002] 2.819408 1.0106714 0.83293253 1.1281968
[7736, 0.51712614, 1.0342677, 2.7739065, 0.6471216] 3.0093846 1.0454843 0.9543615 1.0579269
[7737, 0.41195032, 1.0452216, 4.9824586, 0.5824785] 2.561687 1.1546391 0.97991467 1.2350591
[7738, 0.43492907, 1.0507408, 4.7444735, 0.49356997] 2.6165676 1.0815697 0.89335865 1.2280416
[7739, 0.58113146, 0.9601833, 2.967455, 0.6327858] 2.9115603 0.94179523 0.9249 1.2386472
[7740, 0.43375045, 1.0225972, 5.581444, 0.5521569] 2.6245086 1.017561 0.9806582 0.89701116
[7741, 0.68742055, 1.0096364, 2.079761, 0.8191004] 3.3739347 1.286772 0.88069016 0.8226316
[7742, 0.5156769, 0.97508776, 3.7877488, 0.5000821] 2.7688625 1.1184459 1.0492347 0.9145268
[7743, 0.35192093, 1.0628557, 5.7400455, 0.56575745] 2.5689602 1.0117933 1.0081891 1.1172351
[7744, 0.38666272, 1.0355911, 5.465498, 0.48751935] 2.37016 1.1509593 1.001558 1.1937623
[7745, 0.38485265, 1.0824558, 5.3348246, 0.57686126] 2.6678019 1.0829006 0.9865854 0.89211094
[7746, 0.5785612, 0.76219594, 6.058552, 0.44202963] 2.2372398 1.0540984 0.8835228 1.1682576
[7747, 0.543744, 1.0077751, 3.1322799, 0.6695814] 3.0510874 0.9953402 0.8785045 0.9581995
[7748, 0.46405464, 1.0512666, 3.3789852, 0.945588] 2.7949433 1.0368671 0.9442253 1.2380271
[7749, 0.38018906, 1.0665683, 5.420444, 0.5225062] 2.4532526 1.1340225 1.0081565 1.1134303
[7750, 0.41114768, 1.0489473, 5.4537125, 0.6510792] 2.614798 0.9772689 0.9244039 1.0831137
[7751, 0.54171914, 0.9824102, 3.6675239, 0.59241045] 2.8845353 0.97504574 0.9481605 1.1253716
[7752, 0.5634505, 1.0721805, 2.5146978, 0.7595085] 3.094285 1.150273 0.97782063 1.0966539
[7753, 0.39682856, 1.0638956, 5.1940055, 0.6848484] 2.5539422 1.0721035 1.0340103 1.2109559
[7754, 0.52731514, 0.91666204, 4.839416, 0.3222403] 2.6136198 0.97513926 0.81705505 1.0211782
[7755, 0.4435789, 1.035306, 5.226649, 0.6047444] 2.573231 1.127463 0.9776813 1.0675311
[7756, 0.44082543, 1.0251464, 5.6565495, 0.42800608] 2.6294973 0.954757 0.9152023 1.190144
[7757, 0.47964472, 1.0068784, 4.291743, 0.45785904] 2.709788 1.0757393 0.84277624 1.163875
[7758, 0.61901784, 0.8092128, 5.8312683, 0.38716507] 2.2783003 1.0985848 0.9786216 1.1795565
[7759, 0.5803717, 0.9630042, 3.4306672, 0.81469727] 2.8557174 1.066081 0.90346706 1.1938529
[7760, 0.52897555, 1.0198163, 3.225131, 0.74939966] 3.0130994 1.0431806 0.92208505 0.98876274
[7761, 0.3618618, 1.0740155, 5.781929, 0.7147208] 2.6256373 1.0989805 1.0568559 0.9540564
[7762, 0.43104905, 1.0491409, 5.4303126, 0.60418546] 2.4834664 1.0338826 0.9675127 1.317503
[7763, 0.47113568, 1.0402093, 5.052852, 0.46070936] 2.4413638 1.1757329 0.8831944 1.4035523
[7764, 0.48309433, 1.0615429, 3.4851913, 0.771142] 2.7606902 1.2694534 1.0680851 1.059004
[7765, 0.5898962, 0.8519964, 4.601832, 0.40543285] 2.4177601 1.077564 0.74927145 1.2723173
[7766, 0.4308855, 1.0428469, 4.33853, 0.56072956] 2.67445 1.0574434 0.9371417 1.2186787
[7767, 0.4264908, 1.0462973, 3.3722727, 0.73858184] 2.7135358 1.1286262 1.0038085 1.1585357
[7768, 0.46926752, 1.0492265, 3.302926, 0.5989244] 2.9590697 1.0851831 0.9569232 0.9704025
[7769, 0.39426655, 1.0667323, 5.2117414, 0.6009642] 2.5252612 1.2136302 0.8461513 1.2116728
[7770, 0.5025293, 0.92374617, 4.794648, 0.35349125] 2.3824534 1.0076798 0.99599326 1.0835407
[7771, 0.5759146, 0.83125854, 6.0254893, 0.4110037] 2.1157084 1.0965879 1.0822357 1.3691069
[7772, 0.37384006, 1.0740851, 5.09696, 0.60062057] 2.4547694 1.0491989 1.0485817 1.2757202
[7773, 0.5229, 0.92622995, 5.053377, 0.49997017] 2.4079142 1.0822603 0.91759557 1.208128
[7774, 0.5177586, 0.9306249, 5.204128, 0.56280565] 2.4222224 1.0879618 0.9861142 1.0407032
[7775, 0.54815644, 0.9761765, 3.9674363, 0.56562513] 2.7615895 1.0143569 0.88081396 1.3115872
[7776, 0.6228275, 1.0216702, 2.229529, 0.96146816] 3.0522933 1.0583856 0.9997214 1.2825454
[7777, 0.4295266, 1.0239795, 4.2925143, 0.5784804] 2.797021 1.1688639 0.8648713 1.0002857
[7778, 0.41048515, 1.0582548, 5.823825, 0.6670051] 2.5356343 1.0236987 1.0747553 1.0770624
[7779, 0.49507502, 1.0222502, 3.2573311, 0.74662644] 2.8463087 1.079194 0.9752307 1.2303623
[7780, 0.5107668, 0.96247274, 5.070109, 0.4576978] 2.569722 1.0232209 0.8646945 1.0897752
[7781, 0.41414526, 1.0500292, 4.0415215, 0.53247625] 2.6474888 1.1371104 1.191416 1.0573847
[7782, 0.3988925, 1.0255656, 4.75638, 0.54373455] 2.7505236 1.0058131 0.8338514 1.1800386
[7783, 0.3712135, 1.0779221, 5.3288307, 0.4278786] 2.6361153 1.0706154 0.93553126 1.0391666
[7784, 0.36892882, 1.0623897, 5.2025933, 0.4636263] 2.5413692 1.2885348 0.9821079 1.0536731
[7785, 0.4750881, 0.9775273, 5.254326, 0.5362135] 2.4185834 1.0316962 0.9236584 1.1996267
[7786, 0.4171669, 1.0390556, 3.7052002, 0.75435233] 2.781197 1.0842046 0.9691262 1.1257408
[7787, 0.37248394, 1.054568, 4.768535, 0.50556535] 2.610895 1.0069425 0.9214151 1.2147267
[7788, 0.5346364, 0.9670006, 4.0581083, 0.47003657] 2.7885582 1.1517493 0.8845028 1.0276562
[7789, 0.56157434, 0.9351541, 4.939184, 0.48573852] 2.3520916 1.2706321 0.99030095 1.2407396
[7790, 0.43151227, 1.0325403, 4.315672, 0.5536933] 2.724829 1.2542083 0.81467247 1.08454
[7791, 0.49727175, 1.0039012, 4.334805, 0.4921132] 2.808496 0.8740072 0.9509831 1.1590781
[7792, 0.4822941, 0.99981105, 4.467113, 0.4241094] 2.634857 1.1778294 0.9731764 1.1319945
[7793, 0.49215668, 1.0394493, 3.9455183, 0.76137173] 2.8096807 1.0353131 0.99089503 1.2062671
[7794, 0.5965763, 0.9824732, 3.0902348, 0.7576033] 2.7152677 1.0927651 1.0137883 1.5070977
[7795, 0.3998621, 1.0597589, 5.27884, 0.5096209] 2.5867796 1.1708132 0.95891756 1.0601087
[7796, 0.41419736, 1.0420586, 5.988199, 0.61371374] 2.4709158 1.1094339 0.9835633 1.1512606
[7797, 0.48343712, 1.0030866, 5.3164797, 0.59861416] 2.5141506 1.0962019 0.93407583 1.0900563
[7798, 0.56787753, 1.0531061, 2.6873488, 0.7944429] 3.1724887 1.1593181 0.88103384 0.9669147
[7799, 0.50569195, 0.97436535, 5.279995, 0.586794] 2.5565224 0.92284447 1.0148237 1.018862
[7800, 0.6101353, 0.8700947, 5.215657, 0.4718013] 2.3606567 1.1045054 0.9747147 1.1194507
[7801, 0.4575575, 1.0020118, 5.4649396, 0.5801184] 2.4507182 0.9984766 1.0214441 1.1947747
[7802, 0.46870428, 1.0229864, 3.5573914, 0.6924262] 2.667775 1.2932354 1.0155195 1.1267741
[7803, 0.49410027, 1.0182317, 4.0921073, 0.6047556] 2.7237918 1.2327523 0.86402917 1.1554081
[7804, 0.4865463, 1.020561, 3.6770275, 0.5758478] 2.8638856 1.1146574 0.94596976 1.075205
[7805, 0.48287535, 0.8305046, 6.5666857, 0.534316] 2.0824177 1.1985642 1.0133064 1.232021
[7806, 0.4270309, 1.0406626, 4.685652, 0.42194775] 2.6607428 1.0607139 0.78946245 1.1686879
[7807, 0.54582614, 0.84245676, 6.032571, 0.4635469] 2.2005453 1.1562734 0.9591292 1.2111788
[7808, 0.5517429, 0.8713679, 5.3348637, 0.4013344] 2.253127 1.0466713 0.8451227 1.4157352
[7809, 0.40494987, 1.0445114, 4.6986604, 0.5404689] 2.6380906 1.1744969 0.9383065 1.1633613
[7810, 0.40646288, 1.0355815, 5.376923, 0.50586486] 2.4330056 0.9405514 1.0139881 1.353665
[7811, 0.41611838, 1.0531139, 4.9670897, 0.57008344] 2.46741 1.1124053 1.0191644 1.2822446
[7812, 0.48343116, 1.0235503, 5.4455376, 0.55683976] 2.4055812 1.0870367 0.996566 1.4121462
[7813, 0.37319273, 1.0796493, 4.813756, 0.55525684] 2.670491 1.1030536 0.87694806 1.1116035
[7814, 0.38895127, 1.0321989, 4.307258, 0.6741905] 2.900741 1.0773451 0.8408559 0.9518657
[7815, 0.46256742, 0.9966371, 5.7706084, 0.5106821] 2.4701185 1.205761 0.8981187 1.1730741
[7816, 0.56538105, 0.7730753, 5.7783027, 0.45155868] 2.2132113 1.0896511 1.0209424 1.1577455
[7817, 0.5027558, 0.98691434, 3.5518053, 0.50663054] 2.828614 1.0462427 0.85607195 1.0863692
[7818, 0.6263082, 0.84507155, 5.0006137, 0.42114118] 2.2572765 1.2659758 0.87275374 1.279281
[7819, 0.4174883, 1.0380292, 3.6856098, 0.6097524] 2.7718055 1.0138012 1.0027454 1.15426
[7820, 0.34093857, 1.0875514, 5.364291, 0.5314052] 2.5661116 1.1600895 0.96636015 1.099424
[7821, 0.43626618, 1.0376809, 5.0131702, 0.70051414] 2.3840432 1.1257601 1.1505994 1.2597971
[7822, 0.50377196, 0.9513837, 5.3190026, 0.56952375] 2.4622014 0.96275103 0.9938048 1.1891837
[7823, 0.3677269, 1.0714524, 5.375398, 0.5239363] 2.6600575 1.0846493 0.94162923 1.1300716
[7824, 0.39617318, 1.0503058, 4.280865, 0.63748485] 2.6852136 1.0285168 1.003571 1.1041625
[7825, 0.3847484, 1.0683721, 5.4913545, 0.61870253] 2.4709322 1.0634611 1.1158683 1.2074723
[7826, 0.6028194, 0.85085773, 5.304631, 0.48160908] 2.2593727 1.2369967 1.0158484 1.1594169
[7827, 0.46073648, 1.0314974, 4.7091346, 0.34076256] 2.4341922 1.1151707 0.9180129 1.4654614
[7828, 0.47779107, 1.0086267, 4.4017973, 0.5359115] 2.805988 0.9831991 0.8839192 1.148701
[7829, 0.57233113, 0.9806877, 2.8972316, 0.58824646] 2.9522574 1.0017847 0.9159197 1.1788977
[7830, 0.3758508, 1.0794413, 4.821089, 0.43227813] 2.5993867 1.0416521 0.9142253 1.2165022
[7831, 0.5813395, 0.9656858, 3.3888516, 0.5263946] 2.8531594 1.0810553 1.0990051 0.9935409
[7832, 0.46192032, 1.0223554, 5.2214303, 0.628288] 2.5937428 1.0196584 0.9162841 1.0924847
[7833, 0.42486352, 1.0347596, 5.9242096, 0.54038715] 2.6491358 1.1670921 0.9902324 0.9418096
[7834, 0.4370111, 1.0045756, 5.35105, 0.5564784] 2.4470375 1.0726316 0.93064326 1.1441797
[7835, 0.53732985, 0.9955777, 3.5723224, 0.7472275] 2.811049 1.1483887 0.861111 1.1960887
[7836, 0.4330343, 1.0485522, 4.895095, 0.4346186] 2.5443401 1.1162351 0.93233114 1.2022538
[7837, 0.40780392, 1.0521733, 4.6004715, 0.52833575] 2.5161064 1.1128291 0.9801161 1.3728166
[7838, 0.4027409, 1.0640757, 5.878532, 0.5226865] 2.5027626 1.1116778 0.98272586 1.1637017
[7839, 0.48961258, 0.8731154, 5.8549204, 0.43850356] 2.255079 0.9904714 0.9716719 1.244071
[7840, 0.4692663, 1.008407, 4.800901, 0.48374864] 2.5254822 1.0839173 0.91639155 1.4535334
[7841, 0.4979772, 1.0144761, 4.0216517, 0.74302113] 2.8331625 1.140022 0.9645757 0.9660412
[7842, 0.3863499, 1.0439594, 4.351031, 0.6022366] 2.837959 1.0184349 0.83522975 1.1164018
[7843, 0.4331414, 1.0138173, 5.1724186, 0.50540096] 2.4017591 1.1649023 1.0545304 1.0978767
[7844, 0.44986802, 1.0188572, 4.3737187, 0.56009895] 2.7073138 1.0265697 0.86349756 1.1505159
[7845, 0.53752947, 0.9209002, 5.0498595, 0.4381018] 2.2953875 1.1566702 0.9685069 1.2114834
[7846, 0.48987976, 1.0051157, 4.433236, 0.56526107] 2.6642308 0.98522174 0.9772457 1.2946932
[7847, 0.4257492, 1.0455575, 5.4434075, 0.61428213] 2.514474 0.8913197 1.1233547 1.1717935
[7848, 0.42127734, 1.0369526, 5.0597334, 0.51482344] 2.6765776 1.0602134 0.88493264 1.2095877
[7849, 0.5183064, 1.0097711, 3.4755683, 0.73708844] 2.9589086 1.0557243 0.97179496 1.0340291
[7850, 0.47332647, 0.984031, 5.0575275, 0.37319994] 2.2799628 1.2278625 0.9468 1.302439
[7851, 0.51627153, 0.9795594, 3.4099731, 0.5402487] 2.8352747 1.1909306 0.8535263 1.112125
[7852, 0.4344676, 1.045951, 4.117444, 0.7968036] 2.6746557 1.1632895 0.9295976 1.2075772
[7853, 0.5462842, 0.84115475, 5.8507466, 0.4326383] 2.234702 1.1479335 1.0028257 1.1080896
[7854, 0.4684567, 0.7748599, 5.418599, 0.64253277] 1.9784672 0.9656355 1.0575545 1.3846667
[7855, 0.43672293, 1.0187804, 4.2893853, 0.48886648] 2.5912845 1.1459627 0.9231948 1.325061
[7856, 0.52671623, 0.945407, 5.0408826, 0.4749552] 2.4646428 1.067632 0.83594894 1.2412599
[7857, 0.44493392, 1.0412922, 5.5143876, 0.6610826] 2.5501063 1.0505102 0.86850876 1.3156906
[7858, 0.54270077, 0.9471878, 5.17539, 0.55384743] 2.2454462 1.1988579 1.0667222 1.2855912
[7859, 0.3838311, 1.07043, 5.4541125, 0.59358376] 2.5642989 1.2130857 0.88115436 1.0284046
[7860, 0.33728114, 1.0893319, 4.485896, 0.43268374] 2.6458242 1.1260756 0.83123684 1.1943971
[7861, 0.51111364, 0.97583526, 3.333012, 0.6322138] 2.7760856 1.0228541 0.9716081 1.188079
[7862, 0.4079668, 1.0660579, 5.9450088, 0.62895745] 2.6061983 1.0440542 1.009388 0.97420835
[7863, 0.53928494, 0.909215, 4.982092, 0.29647532] 2.4346995 1.095795 0.9064053 1.1554798
[7864, 0.43637738, 1.0197567, 4.739289, 0.50699604] 2.54486 1.1520177 1.0513608 1.2273879
[7865, 0.46571296, 1.0210375, 5.610785, 0.5109288] 2.7258108 1.1145792 0.93069637 0.78163403
[7866, 0.4711807, 1.012212, 5.5701714, 0.56215] 2.4351015 0.9838902 0.97040105 1.3636068
[7867, 0.38705727, 1.0528111, 4.8141685, 0.59868604] 2.587742 1.150901 0.96067435 1.1709805
[7868, 0.5565992, 0.822561, 5.5936713, 0.4090129] 2.376945 0.85198814 0.9075413 1.2502978
[7869, 0.41889212, 1.0280179, 4.059226, 0.5093421] 2.81855 0.90203565 1.0367469 1.0687348
[7870, 0.5716758, 1.0018018, 2.7727003, 0.70190775] 2.8465142 1.1699646 0.85400796 1.4033138
[7871, 0.4940165, 0.9648434, 5.1907253, 0.5866917] 2.322967 1.1457634 0.93325806 1.3500805
[7872, 0.42528602, 1.0270854, 4.100121, 0.79139256] 2.8066254 1.1570299 0.9192483 1.0098771
[7873, 0.51145947, 0.98316836, 3.4936433, 0.6483593] 2.866768 1.0292333 0.81447846 1.1149523
[7874, 0.5584356, 0.9489048, 5.8939543, 0.65881485] 2.1124437 1.2944982 1.0808263 1.5111514
[7875, 0.42777756, 1.0323447, 5.6769786, 0.4768778] 2.4621584 1.217168 0.9495833 1.0064706
[7876, 0.47010133, 1.002195, 5.62013, 0.6036488] 2.5109875 1.0239787 0.952118 1.2305145
[7877, 0.37558395, 1.072576, 5.082952, 0.53940815] 2.5995555 1.0787852 0.826183 1.1323723
[7878, 0.41225302, 1.0704042, 4.480058, 0.526835] 2.5017025 1.0735208 1.0303459 1.3421147
[7879, 0.44058737, 1.0424122, 5.0856028, 0.5066563] 2.4204717 1.1414114 0.99754184 1.372591
[7880, 0.5283829, 0.9614533, 5.173559, 0.5313295] 2.2570732 1.1309493 0.9581832 1.411388
[7881, 0.43910366, 1.0024949, 5.2748237, 0.54068214] 2.5045083 0.92787296 0.9530209 1.2183439
[7882, 0.47400174, 1.0182704, 3.8853183, 0.51550466] 2.5611827 1.140882 0.9191875 1.3765272
[7883, 0.49007028, 1.0375165, 3.5442188, 0.8188741] 2.9826357 0.98495555 1.013642 0.8952627
[7884, 0.5812216, 0.741716, 6.1794877, 0.35622698] 1.9795449 1.1558199 1.0564061 1.4107616
[7885, 0.5519484, 1.0206187, 2.8764956, 0.7618814] 2.8831785 1.2569425 1.0060071 1.1386368
[7886, 0.5516819, 0.8919259, 5.231495, 0.4375294] 2.2816355 1.1265115 0.9385223 1.2735591
[7887, 0.52484566, 0.99101734, 3.8866413, 0.7707963] 2.6958783 1.0776557 0.90411055 1.3168293
[7888, 0.38659555, 1.0531164, 4.6584187, 0.44787893] 2.5997148 1.0357846 1.0265608 1.1902134
[7889, 0.38265413, 1.0802916, 5.2538004, 0.48043492] 2.5077066 1.1817762 0.91789806 1.1966028
[7890, 0.5689861, 0.978903, 2.9648912, 0.7241039] 2.8832965 1.2595203 0.9791761 1.0188586
[7891, 0.45253688, 1.0367199, 4.2102923, 0.6877664] 2.8730464 1.0683614 0.9319307 0.9842871
[7892, 0.46421358, 0.9604045, 4.889578, 0.75919765] 2.3871229 1.0004176 0.9678962 1.2081366
[7893, 0.46089974, 1.0068842, 5.4909964, 0.45668572] 2.4997346 1.0155708 0.92186 1.1892906
[7894, 0.5358861, 0.9595788, 5.202997, 0.50255996] 2.5159953 0.95684284 0.8924673 1.257139
[7895, 0.43644336, 1.0276471, 5.3304877, 0.7116681] 2.6056094 0.9586385 0.94001836 1.1032512
[7896, 0.49761873, 0.9982839, 5.658591, 0.44734746] 2.3679993 1.2035306 0.9958108 1.2660692
[7897, 0.57069933, 0.9384502, 5.354157, 0.6021485] 2.2897243 1.2075989 0.971868 1.3492185
[7898, 0.43271378, 1.0493107, 3.2962332, 0.5746829] 2.7874734 1.1736379 0.9503986 1.1285505
[7899, 0.45432788, 1.0711893, 3.003564, 0.73643893] 2.9404974 1.0881262 0.89444834 1.0907483
[7900, 0.5057089, 1.0150502, 3.8940911, 0.61555326] 2.7549453 1.0197732 0.9094073 1.2451947
[7901, 0.46618104, 0.98570013, 4.516604, 0.53605294] 2.7207599 1.0590677 0.87668383 1.1651118
[7902, 0.49992466, 0.97516626, 4.770278, 0.5047908] 2.5318732 1.0304137 0.9817754 1.304374
[7903, 0.5151648, 0.9703382, 4.25095, 0.3232074] 2.6964855 1.094573 0.99104255 1.0864618
[7904, 0.4879542, 0.99401635, 4.9907594, 0.46491402] 2.3783185 1.1604648 0.9358431 1.3277208
[7905, 0.502901, 1.0201004, 3.1110733, 0.8120531] 2.8279254 1.1591167 0.99818313 1.0936743
[7906, 0.41999063, 1.0424331, 4.5059943, 0.619527] 2.676587 1.1456933 0.9254924 1.1976732
[7907, 0.44577694, 1.0292919, 4.1293635, 0.65701014] 2.6634502 1.1418971 0.9765128 1.1526144
[7908, 0.5019991, 0.9446576, 5.3863153, 0.6251505] 2.5210855 0.990487 0.96329087 1.0259426
[7909, 0.38740683, 1.0556656, 4.133737, 0.6896007] 2.91637 1.054312 0.9473782 0.8549331
[7910, 0.3706903, 1.0559798, 5.24157, 0.57452404] 2.8201504 0.9800355 0.9051597 1.0166495
[7911, 0.5863239, 0.98571014, 2.8643296, 0.7157257] 3.0258403 1.283152 0.97005725 0.7928755
[7912, 0.54663736, 0.92229307, 4.995704, 0.45838153] 2.3852646 1.2268722 0.95104444 1.0386308
[7913, 0.37234983, 1.0730212, 5.2105427, 0.46930313] 2.5241442 1.266739 1.0608666 1.0382377
[7914, 0.53537256, 0.98755175, 3.343558, 0.72934836] 2.7483854 1.0550513 0.91839534 1.3818762
[7915, 0.34052444, 1.0576295, 3.4961553, 0.5331223] 2.7388148 1.0340006 0.9646043 1.1680652
[7916, 0.42958856, 1.0414125, 4.0900106, 0.51001334] 2.6245308 1.0991619 0.9108715 1.2917093
[7917, 0.41633263, 1.0491922, 5.7469783, 0.43889678] 2.45029 1.1980009 0.96780133 1.2174352
[7918, 0.6028916, 0.8932129, 5.0944376, 0.4388004] 2.3039353 1.1529078 0.95852536 1.3469627
[7919, 0.5837277, 0.8580336, 5.1447883, 0.4045848] 2.372525 1.1146691 0.90658426 1.153914
[7920, 0.54119766, 1.0068382, 3.2040527, 0.70953554] 2.867254 1.0194702 0.9867889 1.2385712
[7921, 0.55919313, 0.9050411, 5.2647986, 0.40741435] 2.1301758 1.2161846 1.0803457 1.5151663
[7922, 0.49844074, 1.0183375, 3.5483844, 0.6439991] 2.78583 1.1537333 0.95067525 1.1013505
[7923, 0.40824962, 1.0387163, 4.493391, 0.40407085] 2.599019 1.0594795 1.061499 1.1547364
[7924, 0.5237249, 1.0014373, 3.2170174, 0.86897343] 2.7769926 1.051956 1.0922424 1.1528714
[7925, 0.5514815, 0.9913, 3.1090577, 0.71937674] 3.0304463 0.98156834 0.8775689 1.0962356
[7926, 0.5385351, 0.9518781, 4.170933, 0.50102055] 2.7941606 1.0500267 0.90064263 1.063125
[7927, 0.41621068, 1.046963, 4.6269913, 0.6046724] 2.640481 1.0537193 0.9368888 1.2564049
[7928, 0.5523028, 1.0041813, 2.986239, 0.914315] 2.8798645 1.2042197 1.024509 1.0300446
[7929, 0.52049273, 0.9500477, 5.36405, 0.47649366] 2.5207021 0.9921907 1.0155481 1.1088586
[7930, 0.43452707, 1.0568246, 4.7924843, 0.647705] 2.4279854 1.20285 0.9226919 1.3432206
[7931, 0.4510817, 1.0132353, 4.9451575, 0.44636235] 2.4908655 1.1548041 0.94888437 1.2587944
[7932, 0.40010327, 1.0320463, 4.9416037, 0.37119135] 2.5832415 1.1182836 0.87210405 1.215405
[7933, 0.45102054, 1.0046169, 5.3522673, 0.8189505] 2.5417774 1.0439646 1.0024514 1.012103
[7934, 0.47681385, 0.97957903, 4.3405666, 0.5136581] 2.740493 1.1967074 0.8318657 1.0604788
[7935, 0.48539454, 1.0226498, 4.947224, 0.3947555] 2.446952 1.1781017 0.9892754 1.3066489
[7936, 0.36203715, 1.0766921, 5.651827, 0.5882773] 2.5578701 1.0669531 0.9423289 1.1283257
[7937, 0.66548544, 0.68745184, 5.863516, 0.37921146] 2.2476923 1.0404739 0.9478777 1.1714194
[7938, 0.56270933, 0.74836344, 5.258145, 0.4523012] 2.2894871 0.9598571 0.9478138 1.1198974
[7939, 0.44952112, 1.0119586, 5.276179, 0.5067151] 2.4896538 1.1551852 0.9137891 1.0818383
[7940, 0.3835804, 1.0521646, 4.839749, 0.479343] 2.4682922 1.2338839 1.0324134 1.1409405
[7941, 0.55874735, 0.85913914, 5.5171986, 0.37405416] 2.2784035 1.0221337 1.031167 1.2748212
[7942, 0.51867545, 1.0013167, 3.8311708, 0.6052513] 2.8090627 1.0781915 1.0034434 1.0967574
[7943, 0.41991323, 1.0458943, 5.590744, 0.54435635] 2.4820511 1.2602856 0.94788414 1.0376884
[7944, 0.4096224, 1.0495255, 4.986278, 0.4866757] 2.717488 1.0585397 0.8138121 1.1352601
[7945, 0.51469433, 0.96937376, 5.216915, 0.39484093] 2.6643012 0.9362242 0.87637097 1.2095623
[7946, 0.50612396, 1.0087829, 3.2188256, 0.6969122] 3.0404065 1.0172657 0.84032834 0.9790462
[7947, 0.5702485, 0.8577666, 5.4605117, 0.422158] 2.3829618 1.0316466 0.8977257 1.179121
[7948, 0.61366194, 0.8828641, 4.7294774, 0.4208139] 2.5445337 0.94472605 0.8828991 1.176403
[7949, 0.45159414, 1.025158, 5.8180094, 0.5486094] 2.4698935 1.0830722 1.0810338 1.1556871
[7950, 0.44196206, 1.0298445, 3.7340004, 0.6570973] 2.7060914 1.1640998 0.99555606 1.1419177
[7951, 0.43325952, 1.0303781, 4.955613, 0.5902609] 2.6770146 1.0220771 1.0246079 1.0496676
[7952, 0.33586368, 1.073853, 4.441824, 0.5382723] 2.7262928 1.0145693 1.0497646 0.9435527
[7953, 0.40535483, 1.0678471, 5.0558395, 0.48165005] 2.5583177 1.2155777 1.0055608 1.0729687
[7954, 0.43145123, 1.0494558, 5.787266, 0.59402937] 2.3806 1.2280645 1.0443901 1.1554123
[7955, 0.55444723, 0.8773575, 5.828583, 0.53413045] 2.340218 0.9065967 1.0571922 1.2119906
[7956, 0.3554237, 1.0852492, 5.8411727, 0.594738] 2.6191669 1.1306986 0.8560048 1.03218
[7957, 0.42693606, 1.035753, 5.315826, 0.49334908] 2.571573 1.0173142 1.0017476 1.2146773
[7958, 0.5290058, 0.9494468, 5.8548965, 0.63468033] 2.4528568 1.0847919 1.0101571 1.063807
[7959, 0.5724048, 0.8693827, 5.204294, 0.40943262] 2.2578607 1.168529 1.0229896 1.2236638
[7960, 0.4198732, 1.0319562, 4.7218094, 0.5150767] 2.712826 0.98566604 0.9928954 1.0986029
[7961, 0.49582538, 1.0094936, 3.941807, 0.44730368] 2.778225 1.0502918 0.84353536 1.2249213
[7962, 0.43702424, 1.0276886, 5.1871996, 0.53217965] 2.5277655 1.1217871 1.0734842 1.1037375
[7963, 0.37977803, 1.0808469, 5.2923565, 0.43623933] 2.6723228 1.0726651 1.0665909 0.8591043
[7964, 0.45556676, 1.0184234, 4.431947, 0.5194062] 2.551396 1.0574352 1.0311924 1.2496514
[7965, 0.41213635, 1.0484529, 4.282642, 0.64452773] 2.752763 1.0691754 0.8912209 1.1428492
[7966, 0.45506826, 1.0210296, 6.1601033, 0.49923366] 2.6337984 1.0966957 0.8069583 1.0565987
[7967, 0.6469159, 0.9448635, 2.6850176, 0.63367957] 3.1193373 1.1594859 1.049442 0.81975615
[7968, 0.5396734, 0.9739815, 3.909909, 0.4919009] 2.6008165 1.2643526 0.92673016 1.2465218
[7969, 0.47488382, 1.0047581, 5.210434, 0.4395968] 2.6252913 1.0985619 0.97210747 1.130516
[7970, 0.43807197, 1.0360183, 4.98464, 0.5461857] 2.5279005 1.1518825 0.85852796 1.2649603
[7971, 0.36775455, 1.0793666, 5.6737957, 0.5092873] 2.5331028 1.1172763 0.97403896 0.99216783
[7972, 0.44481504, 1.0476491, 4.4285007, 0.6014178] 2.5978746 1.1344495 0.9030322 1.2965871
[7973, 0.562748, 1.0398568, 2.5361197, 0.6817501] 3.103747 1.1977531 0.9028834 1.0466834
[7974, 0.46352962, 1.0066221, 3.9114008, 0.5451188] 2.8141503 1.0673409 0.8791378 1.129947
[7975, 0.44433174, 0.99957, 4.9673142, 0.5166199] 2.4048727 1.0686917 0.9601214 1.2476534
[7976, 0.49080905, 1.0081259, 3.1071317, 0.5828231] 2.7714763 1.0878798 0.8913299 1.210213
[7977, 0.37364864, 1.0666385, 5.4902143, 0.60665905] 2.6100233 1.0218612 0.9667564 1.0831718
[7978, 0.4889565, 1.026501, 3.4360502, 0.64111906] 2.8790798 1.0161943 0.89687574 1.179385
[7979, 0.56904215, 0.9843828, 3.3477786, 0.57837373] 2.996175 1.275936 0.842913 0.73091567
[7980, 0.4565356, 0.99349976, 5.340644, 0.49489576] 2.4710898 0.9715931 0.9957701 1.1238405
[7981, 0.38979608, 1.0611786, 5.0013614, 0.50142443] 2.5599232 0.97008604 1.105269 1.2528858
[7982, 0.3351174, 1.072062, 4.64301, 0.44760126] 2.63507 1.0227904 1.0703045 1.1021453
[7983, 0.39860386, 1.0501914, 4.8021736, 0.540999] 2.5845523 1.1059226 0.936847 1.165961
[7984, 0.3784295, 1.0896331, 5.2012587, 0.46765956] 2.6219375 1.075573 0.861839 1.1270933
[7985, 0.4225169, 1.0645685, 4.51559, 0.66124064] 2.734395 1.1121482 0.8350228 1.1106968
[7986, 0.41346347, 1.0492587, 4.223605, 0.47893977] 2.5800712 1.2885783 0.90020734 1.1613507
[7987, 0.41738164, 1.042224, 4.8882465, 0.61493224] 2.8275375 1.0369658 0.9581368 0.8517869
[7988, 0.32452643, 1.0974098, 4.5243883, 0.44058794] 2.7829554 1.0760541 0.83371544 1.0727094
[7989, 0.46146205, 0.9839387, 4.514787, 0.3807345] 2.5957935 1.0106871 0.79510236 1.0172019
[7990, 0.56154, 0.9211656, 4.8681216, 0.5153332] 2.3101745 1.1639931 0.95726013 1.2568269
[7991, 0.5159906, 1.0040867, 3.6884286, 0.60038215] 2.7760677 1.0573242 0.935702 1.1823151
[7992, 0.3951936, 1.0477953, 4.899992, 0.40120563] 2.7976341 1.1300802 0.84688985 0.9251283
[7993, 0.4855393, 0.9766955, 6.1344647, 0.9950919] 2.3082697 1.2098204 0.89070654 1.3916043
[7994, 0.7198375, 0.6400611, 5.8853326, 0.4081981] 1.9213126 1.1865058 1.0294638 1.5310328
[7995, 0.596769, 0.98924756, 2.7961535, 0.7120934] 3.044229 1.0605215 0.9569344 1.0767486
[7996, 0.5356976, 0.96240985, 5.41446, 0.48067138] 2.3219628 1.250293 0.9080665 1.2470585
[7997, 0.42480463, 1.0459137, 5.270715, 0.43475398] 2.6000004 0.933512 0.8837699 1.2829683
[7998, 0.545177, 1.0091686, 3.1529276, 0.78497773] 2.808903 1.1579138 1.0405529 1.1544292
[7999, 0.5006058, 1.0022376, 3.6886318, 0.5873404] 2.8527462 1.0133407 0.83529484 1.1977717
[8000, 0.600695, 0.8533188, 4.8927083, 0.42249805] 2.3568752 1.1323153 0.91987586 1.1552784
[8001, 0.38094342, 1.0844417, 5.066828, 0.5128587] 2.5710077 1.1599251 0.95120084 1.1146685
[8002, 0.39201936, 1.0701979, 5.521791, 0.79728276] 2.6087165 1.0935191 0.92767996 1.0856487
[8003, 0.40929085, 1.0473242, 3.9906874, 0.5850111] 2.7843635 0.9310528 0.9589915 1.1282347
[8004, 0.5198084, 0.9498448, 5.196629, 0.6279898] 2.425971 1.079422 0.9495521 1.1747733
[8005, 0.3836753, 1.0840654, 5.214027, 0.52237546] 2.5204394 1.1519206 0.92822397 1.3064344
[8006, 0.41855574, 1.0338142, 5.004146, 0.4586402] 2.5837493 1.1421186 0.9071597 1.0795211
[8007, 0.31613722, 1.0908146, 5.147467, 0.5336193] 2.70757 1.0481254 0.92602843 1.0602056
[8008, 0.5241751, 0.8984385, 5.9452214, 0.37578776] 2.0425189 1.1605278 1.116646 1.4090106
[8009, 0.35508525, 1.0929091, 5.3817515, 0.5822851] 2.5326777 1.0743564 0.93784267 1.1027182
[8010, 0.44117412, 1.0255206, 4.1065087, 0.5984454] 2.7142684 1.1209638 0.814947 1.2303078
[8011, 0.52984005, 0.9762094, 3.8868058, 0.58301] 2.5818653 1.0922347 0.98614365 1.4481263
[8012, 0.41874442, 1.0326185, 4.604542, 0.841057] 2.7537434 1.0045863 0.9349293 1.1041563
[8013, 0.5595167, 0.85312825, 6.0688896, 0.40811646] 2.2422957 1.0745289 1.0073556 1.2873747
[8014, 0.51444966, 1.0419999, 2.7832127, 0.7608383] 3.01446 1.1118493 0.97270226 0.9793051
[8015, 0.4421936, 1.0070752, 5.2208314, 0.47813517] 2.6393871 1.1272475 0.9584158 1.0204793
[8016, 0.3949143, 1.0622234, 5.2866664, 0.5287329] 2.5109677 1.0388483 1.0214814 1.2107728
[8017, 0.4727371, 1.0056652, 4.123001, 0.5710309] 2.7670188 1.0206804 0.90200853 1.2259253
[8018, 0.4590498, 1.0358496, 4.7430577, 0.5509712] 2.8312483 1.2075323 0.9232549 0.76017207
[8019, 0.55760145, 0.9485843, 4.1349, 0.5362476] 2.6588025 0.96515876 0.93629867 1.3579408
[8020, 0.42991778, 1.0357647, 3.943288, 0.5445955] 2.7052186 1.2233717 0.9815943 1.0746353
[8021, 0.41500926, 1.0255438, 5.5124063, 0.39197803] 2.5240836 1.1919062 0.781029 1.2113092
[8022, 0.5037678, 1.0102082, 3.6205142, 0.7016692] 2.8286107 1.1331719 0.866624 1.1633261
[8023, 0.4929231, 0.99329, 5.316488, 0.5452286] 2.420582 1.0920166 0.94195473 1.2626274
[8024, 0.5307487, 0.9951746, 3.7759595, 0.5999215] 2.8327367 1.0725013 1.0803174 1.0267023
[8025, 0.5510754, 0.9545691, 5.4085493, 0.5514877] 2.3567195 0.99717134 0.9644185 1.4369209
[8026, 0.4436579, 1.0322267, 4.026012, 0.5536209] 2.6713219 1.245035 0.9518593 1.1559489
[8027, 0.3529864, 1.0658857, 4.394373, 0.53573096] 2.7424436 1.056649 0.94862425 1.0738069
[8028, 0.4937475, 0.9644797, 5.028736, 0.7091597] 2.3807135 1.0565622 0.9585024 1.2677032
[8029, 0.5037678, 1.0290651, 3.3813148, 0.93149245] 2.8349016 1.073331 0.96261656 1.1927121
[8030, 0.41786742, 1.0425166, 4.10658, 0.7700545] 2.788416 0.9735512 0.9757216 1.08817
[8031, 0.3846422, 1.0584644, 5.487803, 0.54255635] 2.4189053 1.2096683 0.96913344 1.1540767
[8032, 0.38138613, 1.0515498, 4.0282764, 0.57392263] 2.7500947 1.1885905 1.0052532 0.9582443
[8033, 0.36064205, 1.0773786, 5.548544, 0.50592476] 2.5525486 1.1011328 1.082138 1.0062581
[8034, 0.470783, 1.02239, 3.5950413, 0.5970632] 2.688379 1.2771567 1.022376 1.1131531
[8035, 0.3662839, 1.0776966, 5.0184855, 0.45231378] 2.568421 1.1966004 0.9194559 1.0214479
[8036, 0.4444742, 1.0138031, 4.525749, 0.63861614] 2.7241554 1.0112071 0.9456843 1.1712153
[8037, 0.45920882, 1.0427792, 3.356892, 0.501246] 2.7003243 1.1872019 1.1656322 1.101449
[8038, 0.43405008, 1.0459937, 3.9897034, 0.7019539] 2.7197502 1.0638318 0.95976025 1.2286726
[8039, 0.6231257, 1.008644, 2.6126845, 0.7968754] 3.1286612 1.3531523 1.0399933 0.8695229
[8040, 0.55174357, 0.9903877, 3.822491, 0.5385555] 2.7373896 1.1869946 0.9827743 1.1437349
[8041, 0.38014114, 1.0709313, 4.833044, 0.5164763] 2.442852 1.2468511 0.9463325 1.2485915
[8042, 0.50773156, 1.0283182, 3.4334166, 0.7414037] 2.8614383 1.1824713 0.9558419 1.0407059
[8043, 0.4443675, 1.0139959, 5.641408, 0.4876324] 2.4490874 1.1452585 0.9684191 1.2104937
[8044, 0.4166282, 1.0627205, 4.9593797, 0.52788293] 2.7516403 1.0653385 0.9538038 1.0043557
[8045, 0.33402133, 1.0811197, 5.9722285, 0.6309249] 2.536599 1.0796769 0.97844714 1.1030836
[8046, 0.47072884, 1.0050263, 6.1851377, 0.41920617] 2.505092 1.034195 1.0105276 1.1214731
[8047, 0.44669136, 1.0226518, 4.536642, 0.40355355] 2.701957 0.9860096 0.90819716 1.0465144
[8048, 0.4676967, 1.0014497, 3.8928103, 0.39517382] 2.9202251 1.0077931 0.8907027 0.8797886
[8049, 0.52505577, 0.95588875, 5.3761787, 0.5967713] 2.4593132 0.9627049 0.9336393 1.3694264
[8050, 0.50286764, 0.9716709, 5.7569113, 0.56328684] 2.366745 0.94178075 1.1989294 1.2925291
[8051, 0.54678947, 0.7581217, 6.229245, 0.45697245] 2.2713678 0.9550205 0.94764334 1.1304578
[8052, 0.4406246, 1.024952, 4.363307, 0.5227295] 2.7855525 1.1466666 0.9125674 0.99061924
[8053, 0.410408, 1.0586448, 5.685715, 0.48410204] 2.6051147 1.1969179 0.9553323 0.94343835
[8054, 0.46014905, 1.0067217, 4.232024, 0.7261741] 2.6660688 1.0644382 1.0277913 1.2169498
[8055, 0.42455575, 1.0254426, 4.002457, 0.40496564] 2.7734425 1.0505124 0.7844628 1.2001412
[8056, 0.4178707, 1.0517226, 5.880824, 0.60012704] 2.532527 1.0524364 0.9907643 1.1008198
[8057, 0.4989469, 1.0297331, 2.6719115, 0.59230846] 2.9236195 1.2557815 0.83593184 1.0726236
[8058, 0.5621129, 0.9102548, 5.3266573, 0.47396412] 2.3424172 1.2003363 1.0021777 1.1348437
[8059, 0.5453302, 0.919474, 4.990764, 0.48408714] 2.2745898 1.1858295 1.0135515 1.2515273
[8060, 0.42356437, 1.0341729, 3.7754316, 0.5080648] 2.8112087 1.0685147 0.9254581 1.0587354
[8061, 0.42142376, 1.0470804, 4.1876936, 0.6911941] 2.746132 0.9597383 1.0106248 1.1894773
[8062, 0.35594457, 1.0678276, 5.313891, 0.5371094] 2.5175269 1.1031941 1.0059438 1.2213793
[8063, 0.48649776, 0.9555517, 4.8709016, 0.532629] 2.2690237 1.0961092 1.0737035 1.3136272
[8064, 0.4665883, 0.98419565, 5.064383, 0.42557615] 2.7543766 0.8924032 0.96878487 1.0941787
[8065, 0.42100653, 1.0413581, 5.2801886, 0.45637384] 2.7422633 0.8994838 0.84625363 1.1768589
[8066, 0.5318615, 0.91750747, 5.0867615, 0.6014783] 2.289883 1.1205168 1.0073946 1.3255893
[8067, 0.4793798, 1.0256162, 3.2615113, 0.7769599] 2.8942666 1.1794814 0.89246446 1.0487505
[8068, 0.43387324, 1.0257351, 4.2077365, 0.48762918] 2.731635 0.96765965 0.8592235 1.2928864
[8069, 0.41922012, 1.0447164, 5.254021, 0.50089735] 2.4841616 1.1859657 1.0368321 1.2298491
[8070, 0.42489564, 1.0281515, 4.1081357, 0.7425349] 2.756463 1.1485294 0.96372354 1.0266501
[8071, 0.40937558, 1.0430938, 4.296137, 0.5558133] 2.6406183 1.1542747 1.0949384 1.05781
[8072, 0.4532576, 1.0159425, 4.76571, 0.526147] 2.6513171 1.0974377 0.9753536 1.195924
[8073, 0.4159252, 1.0831745, 3.6213803, 0.7073587] 2.8593295 1.1314825 0.94270515 1.0213617
[8074, 0.5559878, 0.97093064, 3.3687212, 0.60549855] 3.0357463 0.9441336 0.9465778 0.9190794
[8075, 0.5159345, 1.0560488, 3.3418603, 0.70208496] 3.0047238 1.2068142 0.95063955 0.88926274
[8076, 0.4035548, 1.0515487, 5.230109, 0.54369587] 2.6606665 0.97358644 0.84597474 1.181417
[8077, 0.38157535, 1.0502408, 6.0041122, 0.66161895] 2.4034882 1.0580878 1.1126194 1.0966997
[8078, 0.3998556, 1.0786906, 4.2485447, 0.8486539] 2.5308151 1.1733567 1.052322 1.2550954
[8079, 0.39822593, 1.0519158, 5.5961413, 0.5352902] 2.5539393 1.1936634 0.9620077 0.9788218
[8080, 0.62882537, 0.81475264, 5.360903, 0.42133835] 2.2184062 1.1395096 0.9312156 1.3185042
[8081, 0.3906259, 1.061239, 4.871889, 0.4717104] 2.5720873 1.0974022 1.0978689 1.1100051
[8082, 0.47479257, 1.0045289, 5.1527095, 0.58858687] 2.519333 1.1120203 0.97284085 1.1193275
[8083, 0.57743883, 0.85394263, 5.0549197, 0.37235814] 2.160369 1.2059278 0.96317077 1.3752501
[8084, 0.5250267, 0.9304209, 5.050274, 0.3981774] 2.3903353 1.0510393 0.8743278 1.2506448
[8085, 0.42337197, 1.0369014, 4.9329505, 0.55476326] 2.6640656 0.98133874 0.9474361 1.2228771
[8086, 0.6228707, 1.0091659, 2.27279, 0.7200818] 3.0987551 1.1156778 0.9841774 1.2803571
[8087, 0.35442805, 1.1073459, 5.3002186, 0.6712762] 2.4718251 1.1864702 1.0683483 1.212925
[8088, 0.40712225, 1.0811414, 3.6781113, 0.78089356] 2.9079409 1.0561478 0.8943373 1.0406082
[8089, 0.37536374, 1.0586394, 4.3653264, 0.5038886] 2.6941342 1.1048862 0.9193433 1.1716315
[8090, 0.43310615, 1.0445293, 4.0398474, 0.5611036] 2.576417 1.2115229 0.97256315 1.247967
[8091, 0.47140777, 1.0328026, 5.7226157, 0.51978475] 2.3034818 1.1936132 1.1061766 1.3070936
[8092, 0.4327884, 1.0506345, 4.136555, 0.6847152] 2.7902708 1.1634338 0.8823646 1.0331233
[8093, 0.59009874, 0.89649045, 5.080008, 0.5147253] 2.3570936 1.2737116 0.9437232 1.0663239
[8094, 0.43900278, 1.0173365, 3.9016583, 0.58282465] 2.7394414 1.1093179 0.9165678 1.1449058
[8095, 0.41360098, 1.0505815, 4.951106, 0.4938842] 2.558007 1.2269726 1.1304455 1.0429156
[8096, 0.35688335, 1.0602269, 4.534347, 0.51633525] 2.7333739 1.0894892 1.0902193 0.957993
[8097, 0.5546344, 0.9704948, 3.0558157, 0.6896474] 2.79244 1.2416443 0.92128474 1.0978874
[8098, 0.48624018, 0.99587077, 3.6320848, 0.5877133] 2.708463 1.2160703 1.0623015 1.1123335
[8099, 0.40367234, 1.0589092, 4.561782, 0.6819486] 2.736116 1.2270252 0.90621024 0.9946226
[8100, 0.5097382, 1.0215489, 3.8336835, 0.7455051] 2.9585512 1.094577 0.8415217 0.9517312
[8101, 0.53873897, 0.9828119, 5.3191924, 0.47592893] 2.253454 1.051284 1.0935885 1.5718595
[8102, 0.45360404, 1.0257803, 4.477289, 0.53377086] 2.542559 1.2867942 1.0546644 1.1173896
[8103, 0.51795036, 1.0147111, 3.0619464, 0.6937778] 2.7785933 1.1113557 1.0089575 1.2464814
[8104, 0.47984996, 0.98096734, 3.9841986, 0.45500737] 2.8046918 0.9204945 0.98180336 1.0989561
[8105, 0.4878128, 0.97831196, 5.4659915, 0.5451807] 2.2730803 1.2864088 1.0055654 1.3339757
[8106, 0.4695359, 0.9856926, 5.8592706, 0.6919591] 2.4695706 1.0269142 0.90268344 1.1835088
[8107, 0.5254102, 0.9367975, 5.1866856, 0.4835851] 2.3982744 1.0934209 0.989937 1.1326027
[8108, 0.43939158, 1.0520308, 3.563344, 0.751854] 2.7907972 1.0251501 0.9583386 1.2334939
[8109, 0.47326136, 1.0350642, 3.780242, 0.7253364] 2.7690387 1.1964887 0.93860364 1.1520097
[8110, 0.5358885, 1.0297374, 3.2875488, 0.6202017] 2.9271214 1.0336521 0.9880071 1.1436766
[8111, 0.4574642, 1.0106606, 5.5616817, 0.6768629] 2.441573 1.0549527 0.93194354 1.2350848
[8112, 0.49947065, 0.9797572, 4.2445607, 0.480003] 2.9749873 0.86975616 0.88029647 0.96222067
[8113, 0.56993544, 0.89629483, 4.878749, 0.45115918] 2.257081 1.3534257 1.0296903 1.1779796
[8114, 0.4187974, 1.0470787, 4.9085097, 0.57712525] 2.72423 1.1010667 0.8403687 1.114599
[8115, 0.43727034, 1.043604, 5.3108616, 0.53659314] 2.5208945 1.0511595 1.0586052 1.2959791
[8116, 0.5138229, 0.98544806, 4.981661, 0.4772311] 2.6437936 1.0704591 0.94452363 1.1859688
[8117, 0.44980976, 1.0294486, 5.0751667, 0.5755977] 2.5912626 0.9966945 1.0730091 1.1788174
[8118, 0.3754709, 1.0771879, 5.293525, 0.5085317] 2.5914512 1.1254358 0.98559666 1.0453789
[8119, 0.6074818, 0.86462367, 5.323769, 0.4643738] 2.4763803 1.0268537 0.80392337 1.2131032
[8120, 0.49366754, 1.0109903, 5.1734242, 0.51286495] 2.3524451 1.1214396 0.96844006 1.4074557
[8121, 0.44197237, 1.0491138, 5.725571, 0.5175701] 2.5300362 1.0784256 0.8586997 1.2764798
[8122, 0.37748978, 1.059724, 5.5734606, 0.5465498] 2.6166422 1.0379816 0.84138465 1.0606681
[8123, 0.56767774, 0.93385744, 3.6045706, 0.5843621] 2.59446 1.2021097 1.0827776 1.2321091
[8124, 0.5374671, 1.0260448, 3.1889358, 0.7177065] 2.851372 1.0849434 1.0123559 1.2015419
[8125, 0.38579148, 1.0602151, 5.269507, 0.4876219] 2.6255293 1.0178148 1.0486462 0.9668615
[8126, 0.45344225, 1.015918, 4.082, 0.6487158] 2.6958919 1.1580226 1.0360794 1.0909284
[8127, 0.50726765, 0.9608949, 5.4515295, 0.47747734] 2.4779289 1.0647032 0.7787382 1.2348263
[8128, 0.57497066, 1.0441606, 2.7210422, 0.6016563] 2.9113495 1.2621744 1.0312103 1.1317883
[8129, 0.36247355, 1.0810164, 5.132634, 0.45293123] 2.4888425 1.1064888 0.90888655 1.3029029
[8130, 0.5615451, 0.9871104, 2.871203, 0.66611195] 3.0203354 1.1883037 0.8772347 0.99321306
[8131, 0.45683324, 1.0681291, 4.0009065, 0.76512456] 2.8272223 1.114559 0.9136517 1.1751592
[8132, 0.4779823, 1.0107965, 5.486402, 0.54116774] 2.519199 1.0675714 0.9666018 1.2037166
[8133, 0.52369845, 0.9434269, 5.6220093, 0.56604797] 2.6618083 0.8216745 0.91094834 0.964715
[8134, 0.35891122, 1.0965544, 3.9246404, 0.61084706] 2.7698712 0.9546246 1.0529511 1.1567711
[8135, 0.6308169, 0.9510417, 3.0070577, 0.6502612] 2.9473348 1.156296 0.99931175 1.0274365
[8136, 0.32857168, 1.0827794, 5.6663585, 0.4910675] 2.6512554 0.97622854 0.9228503 1.1087723
[8137, 0.39647406, 1.0472403, 5.0395885, 0.5372045] 2.5721457 1.0134338 1.0160227 1.2371148
[8138, 0.5183305, 0.9630925, 3.5535712, 0.53927714] 2.9202332 0.9863925 0.874811 1.0722936
[8139, 0.4147576, 1.0492206, 4.886202, 0.4194388] 2.457931 1.2677579 0.95921534 1.2064902
[8140, 0.5184373, 0.9650167, 4.5228434, 0.46078435] 2.5281758 1.0729997 1.073263 1.3544105
[8141, 0.41296187, 1.0439522, 5.2140865, 0.631726] 2.704615 0.9784208 0.89761937 1.0067471
[8142, 0.3579729, 1.0967637, 5.227392, 0.53585196] 2.618083 1.0191303 0.9582986 1.0733507
[8143, 0.42659897, 1.0211276, 4.7615833, 0.6096673] 2.6977165 1.1083708 0.881882 1.0704035
[8144, 0.51744276, 0.98829836, 5.080905, 0.56069416] 2.2792394 1.1591995 0.97593206 1.4664274
[8145, 0.54591256, 1.0589372, 2.65391, 0.68145347] 3.125796 1.1315721 1.0758843 0.7842233
[8146, 0.70173645, 0.67181885, 6.053603, 0.49380362] 2.153487 1.0872906 0.97433275 1.2563057
[8147, 0.5046753, 0.97636837, 4.9894876, 0.6587978] 2.4529314 1.3046097 0.8630823 1.0146276
[8148, 0.52053154, 0.9523388, 5.091956, 0.57447547] 2.3610523 1.2037768 0.9604208 1.2139802
[8149, 0.41230327, 1.0481082, 3.7318146, 0.5124418] 2.6770742 1.047441 1.1210004 1.1927297
[8150, 0.57315683, 0.9134915, 4.7363243, 0.535601] 2.1420257 1.1930436 1.0902331 1.4184612
[8151, 0.4672299, 0.99556535, 5.792212, 0.54275143] 2.445587 1.1086237 0.9506132 1.1944346
[8152, 0.50255775, 0.98615897, 4.0254984, 0.5045421] 2.9492078 0.988676 0.8328505 0.9710156
[8153, 0.43175584, 1.0310456, 5.005074, 0.71681774] 2.727352 1.0391679 1.0176286 1.0150717
[8154, 0.3305264, 1.0680109, 4.02096, 0.44107947] 2.60171 1.1470963 1.0313276 1.1394792
[8155, 0.308798, 1.0821027, 5.119113, 0.52805454] 2.7214468 1.0356739 1.0330801 0.94081616
[8156, 0.5504089, 0.9578217, 3.087592, 0.7114364] 2.8232565 1.018683 1.0491414 1.129362
[8157, 0.5293387, 0.97904885, 4.4383535, 0.50244725] 2.7907937 0.9985601 0.9296706 1.0525718
[8158, 0.63061893, 0.68053114, 5.9563546, 0.63550586] 1.9006771 1.1370169 1.0913079 1.3362256
[8159, 0.50686157, 1.082542, 2.7478232, 0.7811548] 2.8097498 1.2607075 1.1144077 1.157805
[8160, 0.40489185, 1.0507174, 5.583763, 0.7661706] 2.6343265 1.1084118 0.96813536 0.99598926
[8161, 0.45101815, 1.0604639, 3.4423053, 0.9052756] 2.8996587 1.2510526 0.9281886 0.88252085
[8162, 0.40862837, 1.0394093, 5.7100596, 0.6133181] 2.5235164 1.1789838 1.0680006 0.8654352
[8163, 0.4053389, 1.0353241, 5.4620323, 0.49250343] 2.614889 0.8651312 1.0436729 1.170657
[8164, 0.52611, 1.0229888, 3.0779107, 0.717808] 3.0007875 1.0951174 0.9546978 0.98776925
[8165, 0.5256266, 0.9248639, 5.1868954, 0.6055559] 2.307846 1.0051178 0.93682426 1.3568567
[8166, 0.45163274, 1.1147623, 2.702062, 0.7008895] 3.015342 1.138985 1.0082616 1.0315359
[8167, 0.5732394, 0.8617598, 5.366736, 0.39294222] 2.36705 1.0446895 0.9903079 1.1190476
[8168, 0.4469591, 1.0257121, 4.583703, 0.50957304] 2.6901054 1.0757205 0.93874335 1.0640309
[8169, 0.5840747, 0.80085534, 5.319767, 0.3933106] 2.2272513 1.0934144 0.9218101 1.3254765
[8170, 0.42424697, 1.0442483, 4.9930024, 0.4668319] 2.4271111 1.153418 1.0618535 1.3300251
[8171, 0.4645064, 1.043684, 3.467545, 0.6394844] 2.7263703 1.0543611 1.0263338 1.2420578
[8172, 0.4500806, 1.0175791, 5.4820514, 0.5382845] 2.6127174 0.9939049 1.0234947 1.0896032
[8173, 0.47995627, 0.98866963, 4.17603, 0.3770565] 2.629495 1.0732721 0.8474908 1.3504655
[8174, 0.46977285, 1.0121416, 4.1165695, 0.6259692] 2.6212866 1.0521995 1.0468313 1.3072251
[8175, 0.55196005, 0.8754492, 5.162548, 0.44117522] 2.435161 1.0306733 0.916295 1.0476865
[8176, 0.40473133, 1.055819, 4.615802, 0.3812269] 2.5870266 1.0687475 0.8767025 1.2430965
[8177, 0.57499564, 1.0155632, 3.077061, 0.57473534] 3.0687516 1.0332602 0.9753034 1.0376722
[8178, 0.4112977, 1.0516324, 4.7337704, 0.3996752] 2.652724 1.0175378 1.0251806 1.1287766
[8179, 0.510773, 0.90280926, 5.6555567, 0.43751037] 2.2031927 1.1611055 0.9687535 1.1718849
[8180, 0.33879328, 1.1072663, 5.935332, 0.7480289] 2.6124313 0.95038193 1.0331379 1.0856516
[8181, 0.5536179, 0.8721806, 5.412378, 0.3833871] 2.2277982 1.0540724 1.0767511 1.2693995
[8182, 0.5276284, 1.0088981, 3.2548575, 0.65313584] 2.8148503 1.1228584 1.0691948 1.0887768
[8183, 0.5471182, 1.0060557, 3.4046135, 0.6652056] 2.8690557 0.84685457 0.9833415 1.2829016
[8184, 0.3842455, 1.0527296, 5.8332434, 0.65280265] 2.589885 1.0215007 1.0309055 0.99820685
[8185, 0.38075978, 1.0407734, 6.1932044, 0.7898819] 2.3899195 0.9115577 1.0902789 1.2369735
[8186, 0.42661062, 1.0399082, 3.7599657, 0.711637] 2.8852513 1.1110123 0.95084995 0.95926315
[8187, 0.46883652, 1.0172908, 3.3050263, 0.64007473] 2.7214105 1.1894704 0.98352313 1.2315739
[8188, 0.5113659, 0.9754177, 5.8972297, 0.4938992] 2.3541508 1.0503528 0.9864115 1.3842804
[8189, 0.3878831, 1.059022, 5.536856, 0.5781422] 2.5200057 0.96934855 0.9938783 1.3308609
[8190, 0.5554439, 1.0288897, 2.9664414, 0.8452481] 2.9560962 1.2565259 0.88581574 1.0278131
[8191, 0.5502417, 0.7868296, 5.770229, 0.5319526] 2.0800486 1.2139952 0.93652123 1.1949306
[8192, 0.52554166, 0.9263644, 5.712621, 0.56833184] 2.4370673 0.9621413 0.947576 1.2975167
[8193, 0.52313334, 0.924108, 5.0310016, 0.45315713] 2.368494 1.0302706 1.0289463 1.1958156
[8194, 0.49037075, 0.84490687, 5.7274313, 0.42917538] 2.2042055 1.0131061 0.97478646 1.2941223
[8195, 0.40899682, 1.0732868, 5.132755, 0.51737434] 2.4602304 1.0841467 1.0409868 1.3083932
[8196, 0.59530693, 0.8842617, 5.1441255, 0.506768] 2.3362396 1.2265021 0.9441757 1.1633141
[8197, 0.56591254, 0.64472526, 5.5397816, 0.68906164] 2.0593038 0.9987858 1.0224502 1.0867356
[8198, 0.39647517, 1.0487945, 5.076746, 0.5096914] 2.5213192 1.2604731 1.0358976 1.0005499
[8199, 0.46586585, 1.0229809, 6.046768, 0.6075758] 2.5042098 1.0748448 0.96919316 1.1715456
[8200, 0.5740289, 1.0390096, 2.8492017, 0.67450446] 2.875847 1.3049828 0.9336817 1.1902412
[8201, 0.53664094, 1.0216553, 2.748916, 0.70025146] 2.961895 1.1210295 0.98711747 1.0284896
[8202, 0.54683024, 0.9750333, 2.9058578, 0.8567848] 2.7606874 1.1581413 0.94029987 1.2624416
[8203, 0.5811155, 0.88419116, 5.1045837, 0.34762332] 2.4961908 1.0304412 0.95818335 1.0699153
[8204, 0.45197687, 1.0318842, 5.5452895, 0.629994] 2.3881269 1.0162193 1.0606426 1.3220282
[8205, 0.42080888, 1.061244, 5.371304, 0.6119047] 2.4493876 1.0503968 1.0372152 1.3062853
[8206, 0.4135525, 1.0622262, 5.3629613, 0.534608] 2.5815616 1.236146 0.901403 1.0679204
[8207, 0.45560184, 1.0171663, 3.9061031, 0.6430172] 2.7192822 1.0940679 0.9911292 1.1171017
[8208, 0.3028422, 1.098607, 4.6951327, 0.61487454] 2.6937704 1.11001 1.007922 1.0086697
[8209, 0.38989544, 1.0569663, 5.934716, 0.530504] 2.5753307 0.94458085 0.9273155 1.1216965
[8210, 0.4416047, 1.0289402, 4.932295, 0.53852654] 2.443787 1.1536715 1.0077317 1.2760105
[8211, 0.43326497, 1.0398539, 5.554414, 0.52565646] 2.4926274 1.3165312 0.992074 1.0777754
[8212, 0.38834545, 1.0338222, 4.595655, 0.42342278] 2.7522454 1.0136672 0.9276214 1.045055
[8213, 0.592501, 0.82513833, 5.2455225, 0.34922343] 2.150543 1.3334241 0.7737635 1.3325261
[8214, 0.4702865, 1.0166929, 4.2408195, 0.62061197] 2.6286647 1.1224526 0.97332525 1.2220752
[8215, 0.4775601, 1.0052446, 5.045311, 0.56110096] 2.5248811 1.1874441 0.9532386 1.2709347
[8216, 0.41514504, 1.0494674, 5.351586, 0.47431138] 2.4972425 1.1405325 0.9962414 1.1556615
[8217, 0.49552196, 1.0365313, 3.396254, 0.6497911] 2.9449282 1.0974184 0.9832961 0.96467835
[8218, 0.48500705, 1.0629182, 3.558593, 0.6988537] 2.8317676 1.1678822 0.9845902 1.0409812
[8219, 0.5570664, 0.9065123, 5.366113, 0.50654715] 2.4829314 0.98145306 0.8557853 1.1973699
[8220, 0.48505512, 1.0108559, 5.500143, 0.6455997] 2.3833787 1.0582483 1.0452577 1.2876248
[8221, 0.36668777, 1.0392864, 4.8711534, 0.3977329] 2.7322946 0.92793137 0.93934643 1.0905657
[8222, 0.44934964, 1.0252696, 5.561777, 0.59786165] 2.512621 1.111295 1.0441953 0.9948797
[8223, 0.42811844, 1.0505809, 4.0289016, 0.5244783] 2.8220851 1.0085813 0.92194134 1.1050273
[8224, 0.4932238, 0.8244975, 6.096002, 0.5150409] 1.9439484 1.1345612 1.1867255 1.3787643
[8225, 0.60645354, 0.75066626, 5.4913144, 0.38674706] 2.2541814 1.0951818 1.0188978 1.0216742
[8226, 0.44365495, 0.66661125, 5.277992, 0.835694] 1.5892817 1.1010182 1.0638638 1.6156807
[8227, 0.47714308, 1.028737, 6.541273, 0.6196805] 2.3770776 1.1777557 1.0317731 1.2368037
[8228, 0.5641958, 0.835538, 6.478403, 0.43563774] 2.1977813 1.1958394 1.028419 1.0683048
[8229, 0.51064664, 0.9530727, 5.5313683, 0.5751851] 2.4446583 1.1051708 1.0064763 0.99898213
[8230, 0.41622707, 1.0124347, 3.8436763, 0.58862144] 2.7295275 1.1069002 0.9554265 1.1160908
[8231, 0.5823988, 0.9756787, 3.4713447, 0.7302091] 3.0385382 1.0569087 0.9437682 0.90209544
[8232, 0.3249771, 1.097202, 5.0105624, 0.64265007] 2.659491 1.0160402 1.0070872 1.1408386
[8233, 0.4651814, 1.0124923, 5.713678, 0.6001569] 2.2987819 1.1281223 1.1067871 1.3526065
[8234, 0.56509304, 0.7682154, 5.6427526, 0.39815065] 2.2665498 0.9183413 1.0598336 1.1960882
[8235, 0.45531264, 1.0204202, 4.3645864, 0.4391245] 2.674369 1.2094423 0.8423977 1.1521438
[8236, 0.44056904, 1.0323741, 4.214273, 0.5649096] 2.8176718 1.187068 0.84454745 1.023457
[8237, 0.546132, 0.9344486, 3.522548, 0.55747426] 2.860476 0.9789626 0.9436055 1.0806468
[8238, 0.5347374, 1.0298463, 2.946924, 0.60077286] 2.9941387 1.1950821 0.9436138 0.9448259
[8239, 0.48468882, 1.0019103, 5.279725, 0.5582681] 2.5668626 1.1905717 0.9861358 0.89096683
[8240, 0.3547094, 1.0621408, 4.783344, 0.5548143] 2.67087 1.1231016 0.9277222 1.1246637
[8241, 0.42269295, 1.0286874, 5.0976715, 0.5202168] 2.453402 1.0722924 0.9235898 1.1581819
[8242, 0.56541926, 0.95208603, 3.5437808, 0.6899741] 2.8945277 1.0380331 0.93091726 1.1091151
[8243, 0.4326907, 1.0368971, 4.8836856, 0.4766782] 2.5503027 1.1351266 1.0499228 1.1736339
[8244, 0.3789895, 1.0719423, 5.391306, 0.61117524] 2.4496832 1.1466681 0.9770912 1.2018577
[8245, 0.46084294, 1.044881, 3.7339587, 0.56138057] 2.8955748 1.0028712 0.8972599 1.0392953
[8246, 0.4188502, 1.0250573, 4.568332, 0.61004746] 2.533263 0.9656676 1.0059569 1.3766594
[8247, 0.4481915, 1.0254667, 3.9551134, 0.69884515] 2.5566823 1.2678962 0.9609389 1.2578927
[8248, 0.51288795, 0.9560053, 5.481212, 0.5584392] 2.3434095 1.1412569 1.0685171 1.1246171
[8249, 0.505251, 1.0074993, 2.9561412, 0.68433064] 2.9539328 1.0766001 0.9253343 1.0706466
[8250, 0.5447433, 0.9868846, 3.143618, 0.8293032] 2.988026 1.0526154 0.9006014 0.99170154
[8251, 0.46898183, 1.0348073, 3.5965483, 0.65335846] 2.9516149 1.1284074 0.8990999 0.9449363
[8252, 0.47235, 0.99600947, 3.8363545, 0.55939394] 2.84585 1.0198132 0.83534694 1.0548375
[8253, 0.33919212, 1.0726346, 3.9654448, 0.7131645] 2.6516325 1.0937959 1.0481017 1.1635728
[8254, 0.57931095, 0.8421699, 6.111552, 0.4594188] 2.1827974 1.0839834 1.0247145 1.2926476
[8255, 0.40088898, 1.0414125, 5.348652, 0.49942908] 2.470497 1.1101146 0.95228714 1.2200674
[8256, 0.37350917, 1.0676237, 5.4294653, 0.5180442] 2.4952717 1.129011 0.99503744 1.176578
[8257, 0.4568142, 1.0118157, 5.4850845, 0.55769247] 2.4591875 1.0921887 0.8551432 1.2908257
[8258, 0.47518384, 0.92717695, 5.191362, 0.43268132] 2.4094884 1.0143195 0.9018311 1.1667131
[8259, 0.510748, 1.0261048, 3.4233263, 0.77552545] 2.7365716 1.0411266 1.1017346 1.2917768
[8260, 0.4105567, 1.0612601, 4.9282484, 0.43263283] 2.5793471 1.1665993 0.7929078 1.2396861
[8261, 0.39596105, 1.0531151, 4.492434, 0.51049256] 2.5801222 1.0618771 0.9855828 1.2942256
[8262, 0.43526414, 1.0652918, 3.458192, 0.79000145] 2.8471115 1.0613774 0.9775139 1.0429521
[8263, 0.54358524, 0.9834339, 3.926181, 0.6681072] 2.9495971 0.9467747 0.91797996 1.0188855
[8264, 0.38139144, 1.0454876, 4.780439, 0.539174] 2.749962 1.0697622 0.9669581 1.0034657
[8265, 0.32323107, 1.1066966, 5.5291996, 0.5018517] 2.6470015 1.0911117 0.8865761 1.0345016
[8266, 0.5442326, 0.9650998, 3.6923041, 0.6750802] 2.6472552 1.0761651 1.0609801 1.2696263
[8267, 0.38960078, 1.056414, 5.352765, 0.9349404] 2.5244675 1.1017414 0.8668148 1.156143
[8268, 0.3297925, 1.0851438, 4.9517064, 0.53989726] 2.6269696 1.1677492 0.96023864 1.0761007
[8269, 0.5291067, 0.98581046, 3.8621147, 0.7227292] 2.835029 1.0907394 0.891111 1.079001
[8270, 0.38955468, 1.039207, 5.5649347, 0.72575974] 2.5607057 0.96118474 1.0167911 1.1355478
[8271, 0.41624215, 1.0351046, 4.636106, 0.58282727] 2.795376 1.1019627 0.96404284 1.0097754
[8272, 0.48189518, 1.0023446, 5.3879557, 0.5902417] 2.4458642 1.110093 1.0039197 1.1368035
[8273, 0.44142872, 1.0307266, 5.524691, 0.7062892] 2.714427 0.96541566 0.98724276 0.9211329
[8274, 0.31713435, 1.1146903, 5.7638702, 0.5992787] 2.6279733 0.9068939 0.9861267 1.1336335
[8275, 0.36701268, 1.063942, 3.9726732, 0.53711057] 2.8015537 1.2045386 0.8411809 0.9841583
[8276, 0.39608678, 1.0743313, 5.1829076, 0.5917102] 2.6436338 1.11622 0.8411832 1.1284937
[8277, 0.41664672, 1.0510494, 5.2075353, 0.49253544] 2.4448192 1.1191963 0.9227727 1.1797869
[8278, 0.58932036, 0.87398905, 4.940519, 0.39749974] 2.2775168 1.1369106 1.002364 1.2900689
[8279, 0.4846318, 0.97948116, 5.481037, 0.525019] 2.4944465 1.044498 0.8694378 1.1186529
[8280, 0.5098794, 0.9622137, 5.3238664, 0.6578947] 2.4655254 1.0853821 0.9111126 1.1787748
[8281, 0.4533541, 1.059154, 3.1971693, 0.86316335] 3.1164439 1.068974 0.8675539 0.814612
[8282, 0.41180426, 1.0367885, 4.776713, 0.5289213] 2.6007438 1.1206381 1.0292201 1.1060092
[8283, 0.53461576, 1.0185872, 2.906451, 0.68151265] 3.037731 0.9595797 0.88076943 1.1378522
[8284, 0.44003803, 1.0110184, 5.1096845, 0.40140682] 2.616209 1.0366694 0.973472 1.1760031
[8285, 0.46389675, 1.0063376, 4.257044, 0.46703383] 2.7556915 1.1939255 0.87951547 1.0353719
[8286, 0.39862677, 1.059345, 5.356754, 0.44629374] 2.7215621 0.97469854 0.8469273 1.0431905
[8287, 0.3937668, 1.0798501, 3.9004514, 0.66612464] 2.622101 1.1800693 0.9927977 1.315746
[8288, 0.5289745, 0.9918085, 3.4748266, 0.63867265] 3.0187092 1.0136753 0.83489436 1.0108395
[8289, 0.3899909, 1.0792778, 5.272082, 0.57740265] 2.4833045 1.1331247 0.9268246 1.2937813
[8290, 0.39814758, 1.0300429, 3.8352296, 0.49511665] 2.592803 1.1330645 1.0828419 1.2792914
[8291, 0.41182393, 1.0590522, 5.9447713, 0.51668936] 2.4424858 1.1345977 0.9064609 1.2929887
[8292, 0.44471133, 1.038972, 5.654741, 0.47720203] 2.4666321 1.2688801 0.86003214 1.1429869
[8293, 0.53299993, 0.8510663, 6.0222964, 0.42644015] 2.375863 1.0348222 0.96929735 1.0484561
[8294, 0.45742124, 1.01125, 4.2372866, 0.5025184] 2.6733532 1.055418 0.91372395 1.2143878
[8295, 0.40498325, 1.0439669, 4.588645, 0.4396641] 2.5429142 1.1888478 1.0843661 1.1330467
[8296, 0.47477874, 0.9886063, 4.4533486, 0.43288094] 2.68315 1.0278695 0.8666937 1.28306
[8297, 0.48332602, 1.0341549, 3.8824563, 0.6623175] 2.7529213 1.093736 0.90072125 1.2385483
[8298, 0.44820565, 1.0044878, 4.5511994, 0.55896765] 2.7159302 1.0240399 0.9479331 1.1784575
[8299, 0.5912365, 0.8379467, 5.195489, 0.42564586] 2.2764673 1.1681157 0.87965643 1.2241973
[8300, 0.47250286, 1.0107352, 4.7929235, 0.4282995] 2.4728897 1.1646419 1.036919 1.2493393
[8301, 0.5705339, 0.9434796, 2.8081434, 0.5482897] 2.7237403 1.2562318 1.0361359 1.0544171
[8302, 0.5888278, 0.9631128, 3.3907938, 0.7363428] 2.9886603 0.86269623 1.0930096 1.0442938
[8303, 0.4510173, 1.0161597, 5.3173065, 0.5616395] 2.461484 1.1582016 1.0487344 1.2177157
[8304, 0.47550142, 1.0169184, 3.5168505, 0.60553354] 2.9403408 0.97880405 1.0010786 0.9592728
[8305, 0.5563674, 1.0751255, 2.800584, 0.7832112] 3.1004727 1.1855017 0.8288858 1.0746559
[8306, 0.47926477, 1.0459925, 3.1924226, 0.8059735] 2.9215686 1.0636778 0.9592783 1.101155
[8307, 0.387362, 1.0635209, 5.333975, 0.5263125] 2.7414074 0.91758984 0.94853866 1.0081146
[8308, 0.39402565, 1.036228, 4.8205276, 0.49891648] 2.5426898 1.1393383 0.9774677 1.2296284
[8309, 0.5199856, 1.011057, 3.4150703, 0.65036076] 2.672856 1.1357764 1.1277834 1.290699
[8310, 0.45211872, 1.021199, 5.200646, 0.53140336] 2.3644733 1.174437 0.9387738 1.2234071
[8311, 0.51578486, 0.95085853, 5.088786, 0.43678167] 2.4440439 1.0168079 0.8515568 1.3389663
[8312, 0.5322953, 0.7371055, 5.421936, 0.6045488] 2.008402 1.1372098 0.99116343 1.2672062
[8313, 0.434535, 1.0806932, 3.1308215, 0.93923974] 2.8098197 1.0615596 1.0215491 1.202477
[8314, 0.44444177, 1.014338, 5.7785835, 0.43676347] 2.6347961 0.83844703 0.8767545 1.1531733
[8315, 0.5074757, 0.99450994, 3.757167, 0.64777106] 2.8543677 1.1796932 0.8219363 1.0769615
[8316, 0.400602, 1.0588553, 5.2000785, 0.49089658] 2.679716 0.9738292 0.9023587 1.1911522
[8317, 0.40547198, 1.025181, 5.925448, 0.40535587] 2.4241261 0.994426 1.0777503 1.1980168
[8318, 0.37761632, 1.0879818, 4.745479, 0.6092912] 2.5720284 1.1315762 1.0818784 1.203222
[8319, 0.36235306, 1.1005943, 6.176484, 0.7185578] 2.5460548 1.0401024 1.0072742 1.0895861
[8320, 0.3771992, 1.0778103, 5.551197, 0.52962005] 2.6754284 1.0536624 0.9838119 0.9364609
[8321, 0.46489763, 1.0016112, 4.177322, 0.35992843] 2.8297057 1.0702319 0.8919168 0.9817602
[8322, 0.42437863, 1.0366932, 5.2204447, 0.5282942] 2.744169 1.0423298 1.087905 0.8535349
[8323, 0.54204935, 1.0004399, 3.021935, 0.74740106] 2.7544107 1.0565932 1.0242736 1.402597
[8324, 0.4599837, 1.0165616, 5.8333097, 0.54057056] 2.4485905 0.9468554 1.0184327 1.3644466
[8325, 0.6015919, 0.9551343, 3.2657757, 0.4354955] 2.7552829 1.246458 1.0094675 1.2254802
[8326, 0.44682986, 1.0518647, 3.7567208, 0.56969005] 2.6328075 1.1683898 1.0112524 1.2846775
[8327, 0.32847986, 1.0990174, 5.8678164, 0.61066455] 2.6550663 1.0500432 0.9760708 0.956664
[8328, 0.5571003, 0.89530265, 5.7927723, 0.44890523] 2.2398899 1.0347096 1.1782235 1.1873575
[8329, 0.3550436, 1.0926646, 5.3106213, 0.54101217] 2.630239 1.1517802 0.974164 0.98315024
[8330, 0.51719683, 1.0168682, 3.2707558, 0.7077429] 2.9102952 1.1590041 0.9163967 1.038332
[8331, 0.38810173, 1.0784106, 3.8423865, 0.5820748] 2.6131322 1.1667814 1.1365254 1.2063147
[8332, 0.5296402, 0.9956716, 3.152009, 0.45530108] 2.8698833 0.9830009 0.92408186 1.2000971
[8333, 0.5500171, 0.8560033, 5.792368, 0.41285333] 2.3089845 0.9788503 0.98251903 1.2210814
[8334, 0.42958677, 1.0084872, 4.5538154, 0.48578823] 2.808247 0.91870826 0.8682142 1.1185822
[8335, 0.4214617, 1.0619929, 3.379074, 0.6870663] 2.8171766 0.9834101 0.99258834 1.165099
[8336, 0.59717035, 0.99567294, 2.7907567, 0.77375877] 2.8807666 1.2357237 1.0120156 1.1963161
[8337, 0.61383474, 0.75533867, 6.3486786, 0.5077494] 1.9559145 1.2369418 1.1643343 1.3033003
[8338, 0.36041495, 1.0820814, 5.6352277, 0.5374729] 2.6035097 1.1272259 0.87686783 1.1400328
[8339, 0.50652987, 0.9938252, 5.5260954, 0.44129825] 2.4062595 1.1284324 1.0344353 1.3167752
[8340, 0.4595886, 1.0552479, 3.8942196, 0.6895098] 2.630928 1.1703012 1.1464132 1.1636173
[8341, 0.41574386, 1.04759, 5.342879, 0.48327687] 2.7143898 0.89138204 1.0307958 0.97754735
[8342, 0.44923574, 1.0106194, 4.922106, 0.49179417] 2.4033892 1.0877357 0.9226293 1.2422365
[8343, 0.41240966, 1.0560797, 4.99702, 0.4340754] 2.534949 1.0991471 1.0380043 1.1190064
[8344, 0.6313194, 0.8401567, 4.3094087, 0.48510647] 2.3237667 1.018244 0.9284749 1.3641886
[8345, 0.46636406, 1.0105633, 4.8866043, 0.46934325] 2.6158328 1.2843207 0.94193256 1.0299817
[8346, 0.41676694, 1.0524328, 4.9492188, 0.5689722] 2.724857 1.0586833 0.97096264 1.0465467
[8347, 0.39984596, 1.0595598, 4.4853683, 0.7131003] 2.8729355 0.91992533 1.0076662 0.9680742
[8348, 0.4507306, 1.0149704, 4.8723855, 0.39635143] 2.4639318 1.3165439 1.1073892 1.1347339
[8349, 0.55713576, 0.9445161, 4.240765, 0.46591783] 2.5614839 1.1262945 1.0823741 1.2645185
[8350, 0.5132934, 0.987535, 3.2546012, 0.44371617] 2.6625097 1.1646243 1.0691935 1.1935005
[8351, 0.44079104, 1.0270436, 4.723106, 0.49710098] 2.7077441 0.9290694 0.99877095 1.1405778
[8352, 0.5877939, 0.8410899, 4.973636, 0.37048438] 2.3278084 1.0137982 1.0307988 1.2314247
[8353, 0.57429117, 0.97557473, 3.1305776, 0.84690607] 2.891408 1.086172 0.8951607 1.1896149
[8354, 0.52369577, 1.0129118, 3.277138, 0.7270905] 3.0497112 1.0073683 0.9648831 0.9153647
[8355, 0.55658555, 0.9295103, 4.979506, 0.4189898] 2.4701722 1.0708557 0.80999273 1.2582277
[8356, 0.43163913, 1.0273197, 5.2904825, 0.57732105] 2.5520523 1.0106307 0.93206984 1.1315128
[8357, 0.5307726, 0.9889268, 3.9491851, 0.75299716] 2.7542083 1.1313947 0.8712873 1.2633401
[8358, 0.5789974, 0.9936642, 2.8794026, 0.8462752] 2.9995008 1.191568 0.9632354 0.96385735
[8359, 0.37037438, 1.0742435, 5.653809, 0.57883954] 2.4457695 1.0922012 1.1097448 1.1880492
[8360, 0.37471163, 1.0466576, 4.478285, 0.5306127] 2.631585 1.1893867 0.93217176 1.2016274
[8361, 0.50723934, 1.0083691, 3.3935106, 0.8977045] 2.821669 1.1396763 0.9610154 1.1483599
[8362, 0.378775, 1.0906466, 5.4941025, 0.5522395] 2.6394374 1.1390905 0.90630907 1.0131071
[8363, 0.42300808, 1.0401347, 4.5391245, 0.54742384] 2.5663948 1.2751243 0.99532324 1.1416211
[8364, 0.4716717, 1.0220814, 5.257156, 0.73343295] 2.6244893 1.0170742 0.8963933 1.34895
[8365, 0.46223205, 1.021521, 5.1834073, 0.49044478] 2.8045316 0.98715174 0.90850186 0.9495638
[8366, 0.5200761, 0.99020624, 3.8645399, 0.5295614] 2.6288192 1.1227725 1.0557011 1.1926082
[8367, 0.4968763, 0.9884006, 4.632327, 0.5415038] 2.6611526 1.1593217 0.8603764 1.2117522
[8368, 0.4304451, 1.0912409, 3.0620086, 0.7368786] 2.962814 1.0324878 0.9088976 1.1175228
[8369, 0.4682622, 1.0075525, 4.191626, 0.59049594] 2.673495 1.0793716 0.9274275 1.2444569
[8370, 0.4166145, 1.0238451, 5.461192, 0.5751647] 2.51587 1.0436682 0.9177386 1.1624978
[8371, 0.43108287, 1.0365363, 4.2677507, 0.4855472] 2.6482117 0.9666062 0.92085636 1.3222753
[8372, 0.32301912, 1.0891737, 5.199686, 0.54569596] 2.5857356 1.1006632 0.9999988 1.1329868
[8373, 0.42082524, 1.042204, 5.5411816, 0.5334726] 2.5178506 0.9931594 0.99291724 1.2820742
[8374, 0.42958686, 1.0403824, 5.254764, 0.42233098] 2.44649 1.1943054 0.87817746 1.1829809
[8375, 0.45669395, 1.0154047, 4.5954924, 0.5356234] 2.605694 1.1390803 0.96551275 1.1890419
[8376, 0.4292394, 1.0384326, 4.3427444, 0.34762812] 2.642237 1.1369654 0.93307173 1.062943
[8377, 0.58845484, 0.9956904, 2.6690314, 0.73363996] 3.1073234 1.0294913 0.9335232 1.0451342
[8378, 0.64941496, 0.7079646, 5.299439, 0.46858108] 2.108647 1.0613347 0.99361 1.3175073
[8379, 0.45720157, 1.025447, 3.9322877, 0.6069381] 2.8172066 1.0796942 0.9298079 1.0697414
[8380, 0.45575038, 1.0566406, 5.328974, 0.5822134] 2.6023443 1.1479616 1.0128188 1.10351
[8381, 0.41949788, 1.0311099, 5.79728, 0.61555004] 2.519873 1.1757519 0.9670734 0.9952254
[8382, 0.56436056, 0.9840742, 2.9864435, 0.46839783] 3.0204973 1.1013286 1.0398859 0.81371814
[8383, 0.40232515, 1.073713, 5.8852005, 0.60462934] 2.3861306 1.0769784 1.0888442 1.2763314
[8384, 0.49622062, 1.004435, 4.0408487, 0.5081234] 2.8950043 1.0947202 0.761168 1.0619866
[8385, 0.39471826, 1.0685786, 4.8452206, 0.481507] 2.6083007 1.1981262 0.9007384 1.1100616
[8386, 0.39234743, 1.0363489, 5.5382795, 0.4787654] 2.5003319 0.9377228 0.94013757 1.210759
[8387, 0.43182066, 1.0282182, 5.199462, 0.5769926] 2.4906402 1.0985125 0.89754915 1.1812875
[8388, 0.49708718, 0.9896324, 5.294524, 0.570599] 2.4918048 1.1067379 0.7850881 1.3280699
[8389, 0.45134905, 1.0189552, 5.4045334, 0.49313045] 2.5598307 1.0946362 0.9294125 1.1713783
[8390, 0.5467763, 1.0216173, 2.7962394, 0.5950544] 2.9169796 1.1683747 1.0582781 1.013171
[8391, 0.30782995, 1.1043216, 4.8704085, 0.652593] 2.6237204 1.1168493 0.9723571 1.1778073
[8392, 0.46038434, 1.0088148, 5.3654265, 0.63517684] 2.5169113 0.9784967 0.98131335 1.2022903
[8393, 0.5392272, 0.9320854, 4.865093, 0.44508606] 2.3375916 1.1650292 1.023524 1.1075233
[8394, 0.41499338, 1.0360696, 5.234642, 0.58395237] 2.5590386 1.1573623 0.9123027 0.9595938
[8395, 0.41106322, 1.0362246, 4.494306, 0.60003656] 2.8046923 1.0844144 0.8209344 1.0667359
[8396, 0.48061422, 1.0093493, 4.646835, 0.42088494] 2.5695813 1.0077516 0.7034245 1.3630831
[8397, 0.46570635, 1.002026, 4.1166053, 0.55723846] 2.612534 1.0922928 1.0725731 1.1495837
[8398, 0.43715852, 1.0324172, 4.3654866, 0.5201161] 2.5837455 1.1009634 1.0097591 1.3054897
[8399, 0.4121859, 1.0239737, 4.5540285, 0.4788291] 2.655261 1.319683 0.90425324 1.0013863
[8400, 0.5366511, 0.89384496, 5.0918016, 0.44800007] 2.2613761 1.1874902 0.947136 1.2319622
[8401, 0.41077948, 1.0352648, 4.1193533, 0.5408292] 2.7011926 1.0670348 0.87552416 1.2472303
[8402, 0.3917614, 1.0619712, 5.834973, 0.515636] 2.402696 1.18908 1.0013683 1.1564305
[8403, 0.4820897, 1.0386313, 3.1318712, 0.5346035] 2.892043 1.2170918 0.95922506 0.9903276
[8404, 0.51084703, 0.9867594, 3.9180272, 0.72059643] 2.7152538 1.1362739 0.8741456 1.2729852
[8405, 0.49167153, 1.0477476, 3.1879444, 0.7748754] 2.9560788 1.1119269 0.97482884 0.9761237
[8406, 0.511905, 1.040081, 2.960767, 0.66911656] 2.9831316 1.1097201 0.9941072 1.0404483
[8407, 0.5615062, 0.8896565, 4.5258813, 0.5079005] 2.3477027 1.1233582 0.9423078 1.1439183
[8408, 0.45242962, 1.0166839, 5.1531935, 0.5525371] 2.4402707 1.0674785 1.0330677 1.1243197
[8409, 0.44874492, 1.0139838, 4.3913603, 0.44696677] 2.7640648 0.9171257 0.861839 1.1399294
[8410, 0.525675, 0.99685156, 5.8984923, 0.6129532] 2.381957 1.1621752 0.91786844 1.3824971
[8411, 0.35746792, 1.0722396, 4.9558406, 0.49522263] 2.7561707 0.9436768 0.88955027 1.1219971
[8412, 0.54963934, 0.98804134, 3.6909618, 0.65247184] 2.763613 1.0975783 1.0320874 1.1947836
[8413, 0.475393, 1.0003467, 5.9410796, 0.5253347] 2.2315454 1.2766747 1.0517831 1.3840864
[8414, 0.6422734, 0.6822738, 5.6656165, 0.35588074] 2.032904 1.1069465 1.0556847 1.3372761
[8415, 0.5367809, 0.97151935, 4.541479, 0.32575905] 2.7167945 0.9950555 0.7514228 1.3039576
[8416, 0.42564955, 1.0452623, 4.821639, 0.39898247] 2.669477 1.2708044 0.8140684 1.0521331
[8417, 0.33940873, 1.1026396, 5.508942, 0.72250164] 2.591697 1.0211967 1.0092905 1.1546104
[8418, 0.46055058, 1.0141196, 5.7965994, 0.450885] 2.5300746 1.1577125 0.82579076 1.2480863
[8419, 0.517354, 0.98035777, 3.4223049, 0.6345449] 2.6825674 1.092501 0.9975214 1.2586446
[8420, 0.44866702, 1.0293663, 3.7011545, 0.6075127] 2.805143 1.2113163 0.96514857 0.94328487
[8421, 0.5131392, 0.92797613, 5.5533123, 0.44907036] 2.3937848 1.1962258 0.8259592 1.0960699
[8422, 0.4333612, 1.0287716, 4.3026433, 0.44635758] 2.6865819 1.398656 0.92449135 0.9469745
[8423, 0.39747387, 1.0689509, 5.64984, 0.46375656] 2.5117307 1.1002233 1.0030285 1.1274238
[8424, 0.5852239, 0.88429916, 4.9130034, 0.46927962] 2.2557924 1.2034235 1.0078206 1.300289
[8425, 0.42814323, 1.0369616, 4.354778, 0.5357233] 2.8125093 1.0471838 0.9703294 0.93126017
[8426, 0.49572507, 1.0065624, 5.245817, 0.4462902] 2.4938092 1.1380665 0.91111976 1.1045939
[8427, 0.48914197, 1.0025945, 4.7268577, 0.5019959] 2.51754 1.0534164 0.9061149 1.22072
[8428, 0.54169416, 1.0015366, 3.474138, 0.7761903] 2.6968572 1.193127 1.0475988 1.1868187
[8429, 0.5121406, 0.81150585, 4.6803174, 0.5539684] 2.3436294 0.94119626 0.7197803 1.308841
[8430, 0.4191339, 1.0514474, 5.9326153, 0.58403087] 2.495674 1.0893042 1.1180431 1.0331568
[8431, 0.5706364, 0.8379403, 6.075613, 0.3838306] 2.2024322 1.1328236 1.1054609 1.1225739
[8432, 0.49876034, 0.9851017, 4.367188, 0.51818174] 2.6295788 1.1478422 0.9054839 1.2098688
[8433, 0.4760972, 1.0516403, 3.8286226, 0.61179256] 2.8519871 1.1925087 0.9039001 1.0548271
[8434, 0.5932755, 0.8295363, 6.1482854, 0.33378133] 2.2715988 1.0364105 1.0254941 1.2248049
[8435, 0.39798924, 1.046753, 4.0013757, 0.54101354] 2.8311625 0.98417777 0.9013183 1.1580056
[8436, 0.41580248, 1.0526315, 4.5818453, 0.5283488] 2.6745827 1.0991492 0.97834665 1.096382
[8437, 0.34912398, 1.0913359, 5.6911407, 0.7139775] 2.583135 1.1757536 0.9771497 1.1270798
[8438, 0.42065915, 1.043602, 4.800319, 0.49062237] 2.6770098 1.0942523 1.0469157 0.9810991
[8439, 0.43451712, 1.0542887, 5.3590274, 0.48042262] 2.6144445 1.1166812 0.9288913 1.0716516
[8440, 0.6519671, 0.92770815, 2.836221, 0.60502225] 3.1960871 0.9380193 0.8046648 1.0730118
[8441, 0.6334294, 0.9217653, 2.8296497, 0.5517635] 3.046306 1.0761874 1.1048796 0.85366625
[8442, 0.44333652, 1.029509, 4.6393323, 0.47568324] 2.6448786 1.1522498 0.8506173 1.2240328
[8443, 0.5131752, 1.01144, 3.6768148, 0.55999583] 2.9395318 1.0874356 0.951578 0.8958663
[8444, 0.466894, 1.0057577, 5.1674533, 0.5913968] 2.3752306 1.0550581 1.0065101 1.2909019
[8445, 0.43768135, 1.0241355, 5.3340373, 0.41172272] 2.4979026 1.1636701 0.8468167 1.180155
[8446, 0.40630138, 1.0501019, 4.6929197, 0.5019308] 2.515421 1.1720408 0.9653251 1.2627721
[8447, 0.42503422, 1.0348682, 4.917632, 0.6379056] 2.8118863 1.0167639 0.99616134 1.0080781
[8448, 0.4757252, 1.007117, 3.7419934, 0.6582919] 2.814063 1.1406611 1.0464739 0.97450805
[8449, 0.42248142, 1.0697292, 5.2254496, 0.570328] 2.432599 1.2318429 0.9818777 1.3047756
[8450, 0.45263198, 1.0401431, 3.2331014, 0.67369735] 2.7514603 1.1686215 0.992176 1.1654452
[8451, 0.5791038, 1.0124538, 2.8253794, 0.87684864] 3.0842416 1.1281376 0.92881423 1.0038321
[8452, 0.5176823, 1.0299932, 3.2282183, 0.77830243] 2.8912063 1.21379 0.95538586 1.1727129
[8453, 0.4143128, 1.0453048, 5.195755, 0.4534046] 2.6008983 0.9532236 1.0248079 1.2349467
[8454, 0.43951565, 1.028159, 3.9763155, 0.52503246] 2.8266249 1.126979 0.8614447 1.0542159
[8455, 0.55761665, 0.94944054, 3.6631684, 0.6626493] 2.7002933 1.1679552 0.920107 1.2663696
[8456, 0.4260933, 1.0412899, 5.4598575, 0.6365673] 2.5309415 0.9681353 1.0652024 1.1895716
[8457, 0.5732725, 0.981197, 3.2326777, 0.8229442] 2.7417529 1.2229974 0.96553 1.2449386
[8458, 0.6569544, 0.7699372, 5.531633, 0.46663877] 2.3133354 0.9519396 1.0101854 1.2410357
[8459, 0.5327762, 0.98003185, 3.697242, 0.5823934] 2.6093729 1.039553 1.151907 1.2937084
[8460, 0.5584421, 0.9942894, 3.3195677, 0.8103445] 2.8016212 1.1373357 1.0272312 1.1816555
[8461, 0.43382087, 1.0452774, 4.049137, 0.7125404] 2.7721777 1.0777059 1.0371541 1.1261194
[8462, 0.41031098, 1.048505, 5.469584, 0.5218619] 2.533695 1.0055325 0.9379078 1.2398379
[8463, 0.589387, 1.0227334, 2.6770885, 0.94677013] 3.2107768 1.0580422 0.90929395 0.8845872
[8464, 0.38132745, 1.0538919, 5.7289, 0.670082] 2.4944983 1.1070719 0.94408315 1.2080092
[8465, 0.46877334, 1.0222336, 4.3308287, 0.57099277] 2.7595115 1.1446227 0.9984711 0.9583159
[8466, 0.44296283, 1.007833, 5.2560973, 0.46510148] 2.4635499 1.0515088 0.9059591 1.2012992
[8467, 0.45703763, 1.014288, 4.01436, 0.53807205] 2.707079 1.0211926 0.95227045 1.0837083
[8468, 0.45351642, 0.99547213, 5.66072, 0.5859136] 2.3372734 1.020896 1.072791 1.3277065
[8469, 0.47050175, 1.0190263, 4.8859186, 0.50699675] 2.580841 1.1269163 1.0563725 1.0902773
[8470, 0.47685713, 1.021282, 3.692608, 0.5420312] 2.729494 1.0924889 0.9449253 1.2272696
[8471, 0.38645312, 1.068761, 4.9410477, 0.51606274] 2.7237844 1.0366299 0.98452216 1.0268735
[8472, 0.5413545, 1.028407, 2.8075547, 0.68158853] 3.052749 1.0788707 0.8775415 1.0463008
[8473, 0.44189215, 1.0403153, 3.5623133, 0.5391766] 2.8061364 1.1304375 0.81050026 1.1817443
[8474, 0.586042, 0.9596939, 2.992736, 0.71488893] 2.9612381 1.1162282 1.0981032 0.90343684
[8475, 0.4245454, 1.0430523, 5.0643997, 0.5802144] 2.5463684 1.1678395 1.1198821 1.0257652
[8476, 0.42165512, 1.0204378, 4.528828, 0.45984325] 2.74053 1.1918916 0.8212874 0.9815431
[8477, 0.41895205, 1.0316197, 4.691283, 0.5341947] 2.56235 1.1047351 1.0648923 1.2360632
[8478, 0.50313735, 0.9845715, 4.5214195, 0.585517] 2.6748505 1.1365597 0.98271996 1.1620145
[8479, 0.39997825, 1.0488285, 4.968063, 0.6236738] 2.6230986 1.0710269 0.9788502 1.1427951
[8480, 0.6010667, 0.74824536, 6.1018744, 0.44994122] 2.0308957 1.0998505 1.0953959 1.3466421
[8481, 0.47672272, 1.0140404, 3.808732, 0.6799563] 2.798805 1.1848605 0.87466955 1.1168754
[8482, 0.40649176, 1.0667815, 5.1623683, 0.58011013] 2.665486 1.1975014 1.0434598 0.9092825
[8483, 0.64703035, 0.95108676, 2.7118707, 0.7739919] 2.9068809 1.0835701 0.9756501 1.2712795
[8484, 0.45828062, 1.0234271, 4.0628133, 0.5492269] 2.7494707 1.1185946 0.9542094 1.126522
[8485, 0.3919937, 1.05276, 4.602579, 0.6607758] 2.6831017 0.98113734 0.9486225 1.1583555
[8486, 0.4197801, 1.014403, 5.8507457, 0.5445253] 2.4589052 0.92556894 0.97405165 1.2993432
[8487, 0.46858892, 1.0076467, 3.657317, 0.5482403] 2.7555354 1.3009366 0.8143157 1.155508
[8488, 0.4609771, 1.0275599, 4.329199, 0.5198859] 2.7053995 1.2112813 0.96168643 0.9453584
[8489, 0.5376981, 0.87323976, 6.044754, 0.3874343] 2.3456461 0.9765014 1.0287393 1.1042434
[8490, 0.37898412, 1.0391772, 5.684691, 0.70641434] 2.474263 1.0270975 0.9657067 1.0981358
[8491, 0.51411724, 1.0043622, 3.251148, 0.59426194] 2.8218534 1.0727625 1.0337504 1.1286718
[8492, 0.6157569, 0.82902664, 5.8883276, 0.4285915] 2.5340095 0.8764688 1.012258 0.9973348
[8493, 0.43343917, 1.0244036, 5.6640964, 0.477183] 2.4786592 1.0618621 0.93010163 1.1721479
[8494, 0.5497175, 0.89174396, 5.0638623, 0.4802331] 2.5236993 0.8948757 1.0299497 0.9359015
[8495, 0.4919545, 1.0076869, 5.6732836, 0.792971] 2.4185872 1.1936777 0.99713147 1.2009517
[8496, 0.41501263, 1.04814, 5.292951, 0.6546415] 2.6582534 1.0994015 0.91964054 0.93867964
[8497, 0.39926744, 1.0575953, 5.5732045, 0.49290243] 2.511148 1.2599171 1.0036119 0.9372357
[8498, 0.42081892, 1.0209713, 4.873437, 0.43213356] 2.5384138 1.1993296 1.1273429 1.0756005
[8499, 0.5793741, 0.9950489, 2.653851, 0.7581592] 2.913292 1.2095926 1.0839155 1.0875577
[8500, 0.5066946, 0.9910256, 5.9295726, 0.5268607] 2.3491135 1.1748997 1.050993 1.1780608
[8501, 0.3653823, 1.0652573, 5.4335775, 0.4588682] 2.709738 1.1307336 0.9247839 0.9901287
[8502, 0.5309344, 1.0439882, 2.9493642, 0.8267466] 3.0437777 1.1184727 0.98348993 0.941876
[8503, 0.6282671, 0.97013444, 2.6335716, 0.82710445] 3.0983934 1.2478043 0.93645364 0.9588385
[8504, 0.52320707, 1.012006, 3.0128064, 0.61516315] 2.9075403 1.1293752 0.99047774 1.061077
[8505, 0.52042645, 0.9504106, 5.3429246, 0.5990845] 2.379197 1.0579627 1.0970592 1.1025932
[8506, 0.38589582, 1.0475303, 3.8560483, 0.54902744] 2.6666179 1.0866174 0.9673119 1.2611799
[8507, 0.4170373, 1.0532906, 5.9567256, 0.5688864] 2.434766 1.1332896 0.9895626 1.2180227
[8508, 0.43680337, 1.0406958, 4.063567, 0.64485466] 2.7212136 1.1581471 0.94471574 1.0822701
[8509, 0.48478174, 0.9985647, 4.6124296, 0.5175576] 2.5481079 1.0925243 0.9628011 1.3320295
[8510, 0.47706354, 1.0000618, 3.46032, 0.5132695] 2.6508467 1.2489096 1.113015 1.1004848
[8511, 0.5058069, 1.0477074, 3.273047, 0.8242418] 3.0054088 1.1662306 0.88015735 0.89172035
[8512, 0.38023448, 1.0851822, 5.5864396, 0.5989881] 2.526911 1.1038098 0.95210344 1.1601834
[8513, 0.5058721, 0.9797469, 4.457971, 0.7801014] 2.676867 0.99143493 0.91131705 1.3413432
[8514, 0.47818628, 1.0219039, 5.1013527, 0.45925426] 2.4602585 1.2168815 1.0949863 1.234271
[8515, 0.61387455, 0.931722, 3.0782998, 0.7137901] 3.0171137 0.9475916 1.0100442 1.1421155
[8516, 0.43410736, 1.0418326, 4.2611628, 0.6267444] 2.7235472 1.0979421 0.94547117 1.1679164
[8517, 0.6293688, 0.69666404, 5.511382, 0.3251825] 2.3366117 0.95904124 0.8211475 1.0883703
[8518, 0.39555934, 1.0343155, 5.666221, 0.47861665] 2.580457 1.1328948 0.828399 1.0620314
[8519, 0.50352293, 0.9676867, 5.1564503, 0.5679012] 2.346071 1.0663174 0.95035976 1.3338634
[8520, 0.4586852, 1.030183, 4.9841995, 0.6397478] 2.609569 0.9804171 0.8777211 1.1825283
[8521, 0.35916975, 1.0964415, 3.5029123, 0.79770285] 2.7066588 1.2184801 1.0497388 1.1109957
[8522, 0.38763875, 1.070057, 4.914643, 0.63456285] 2.5377786 1.0942992 0.9139127 1.2015322
[8523, 0.45239863, 1.0204935, 4.651212, 0.38933626] 2.7085018 0.87356174 0.94032115 1.273419
[8524, 0.383494, 1.0490746, 4.3260756, 0.51217234] 2.833554 0.94880927 0.88142645 1.0188289
[8525, 0.4519703, 1.019533, 5.4064417, 0.43608522] 2.5516422 1.1253265 0.91490376 1.1140934
[8526, 0.51476747, 0.72869617, 5.5075665, 0.9425404] 1.7676618 1.0719657 1.2726651 1.343501
[8527, 0.47885886, 1.0164773, 5.854472, 0.5101174] 2.515953 1.1238514 0.8787863 1.1267192
[8528, 0.44607112, 1.0356472, 5.53338, 0.6028549] 2.4189222 1.1114391 1.0675546 1.2659163
[8529, 0.48184982, 1.0125071, 4.747869, 0.58260626] 2.5686154 1.0573806 0.9509376 1.2584214
[8530, 0.47644523, 1.0342659, 3.6518247, 0.56133956] 2.7764404 1.1502508 0.9716346 1.1374676
[8531, 0.46244037, 1.0417175, 3.691289, 0.6646862] 2.7132792 0.9313196 0.9628948 1.4311528
[8532, 0.3602502, 1.0917833, 5.153982, 0.65878224] 2.6092858 1.0989473 1.0080878 1.0594714
[8533, 0.39884335, 1.0698984, 3.8056014, 0.7399632] 2.7668443 1.1978314 0.95066977 1.0317781
[8534, 0.56551045, 0.84471375, 5.408109, 0.44132453] 2.1259973 1.0408036 1.0499759 1.3678894
[8535, 0.47490683, 1.0145887, 4.875658, 0.5519014] 2.6545572 1.1531163 0.8794953 1.0963594
[8536, 0.5856159, 0.8206104, 5.802057, 0.37052366] 2.2966816 1.0578116 0.97961694 1.1313466
[8537, 0.47430497, 0.99511063, 3.9347138, 0.5573661] 2.6852582 1.1383181 0.93003386 1.2386645
[8538, 0.47731516, 0.9890685, 5.9054055, 0.5740283] 2.441121 0.9722768 1.0908197 1.1729145
[8539, 0.49549034, 0.95152766, 5.046683, 0.50213367] 2.3304029 1.1252719 0.9262131 1.2806545
[8540, 0.48879078, 0.9970557, 5.154493, 0.42773202] 2.6243296 1.1426529 0.99789715 1.0221411
[8541, 0.40554994, 1.0556442, 4.7664237, 0.47501898] 2.5036156 1.209621 0.9301511 1.2372442
[8542, 0.49024242, 1.0012612, 4.9113035, 0.37344238] 2.3953867 1.1645747 1.0156543 1.1365571
[8543, 0.4081789, 1.0500048, 4.884128, 0.4498445] 2.4719758 1.171234 0.97581893 1.0539486
[8544, 0.41702604, 1.041672, 4.9319644, 0.49507034] 2.5189745 1.1703801 0.9178775 1.2103964
[8545, 0.5591156, 0.98234314, 3.7727478, 0.6739381] 2.8427422 1.3246711 0.8127802 1.044065
[8546, 0.49552605, 0.7234438, 5.531223, 0.41825503] 2.1630235 0.9968157 0.94334745 1.2130181
[8547, 0.31286916, 1.1110922, 5.2388515, 0.5245251] 2.7717166 1.1778262 0.8090311 0.8859817
[8548, 0.45860195, 1.0294507, 4.4986043, 0.54934484] 2.6822414 1.0524126 0.8950678 1.1834252
[8549, 0.49464464, 1.016065, 3.5129259, 0.61960924] 2.717727 1.1660522 1.0235354 1.1674879
[8550, 0.36600855, 1.0739528, 5.1953735, 0.5006119] 2.6609986 1.0420934 0.9456671 1.040804
[8551, 0.44228998, 1.0426861, 5.2015667, 0.5184118] 2.6418746 1.1130524 0.8523797 1.2050124
[8552, 0.40604675, 1.0547256, 4.655551, 0.53494465] 2.6451368 1.1032841 0.98468304 1.1025089
[8553, 0.43675742, 1.0222465, 5.4313407, 0.64802265] 2.4260418 0.9975691 1.040925 1.326498
[8554, 0.54100823, 0.8877404, 4.5249815, 0.45772043] 2.2956762 1.0406531 0.95853114 1.2915618
[8555, 0.38874435, 1.0763187, 3.7054355, 0.66016394] 2.8703637 1.0735309 0.7875306 1.1459833
[8556, 0.47955608, 1.0163791, 4.8787675, 0.5284643] 2.547167 1.1654739 0.9088177 1.16812
[8557, 0.43125927, 1.0551629, 5.8397074, 0.52922505] 2.5250585 1.0050749 1.0372866 1.1277496
[8558, 0.5903145, 0.94929665, 2.9593287, 0.76835215] 2.9167447 1.1202145 0.9118726 1.0888554
[8559, 0.3629011, 1.0708977, 3.965562, 0.5328063] 2.7235284 1.1456684 0.8977164 1.133965
[8560, 0.5624263, 0.8779975, 4.400584, 0.40091515] 2.3871994 1.0297338 0.94635427 1.1357354
[8561, 0.5774914, 0.8606437, 4.750196, 0.41803414] 2.412836 1.0918255 0.8403205 1.1236563
[8562, 0.43337506, 1.0511682, 3.8454452, 0.5931988] 2.7381792 1.0748286 0.98752284 1.1777066
[8563, 0.44103166, 1.0399274, 3.4266946, 0.77025175] 2.7318702 1.0653106 1.0448911 1.2444628
[8564, 0.42575043, 1.0609607, 4.645037, 0.5122068] 2.405997 1.1470238 1.0042866 1.2655306
[8565, 0.53205335, 1.0134151, 3.268439, 0.6716083] 2.8427572 1.0761387 1.0551089 1.1466423
[8566, 0.48524413, 1.0165837, 4.1598787, 0.5858586] 2.920138 1.0562073 0.8963992 0.9138614
[8567, 0.55689675, 0.9853946, 3.688334, 0.66514266] 2.6364186 1.1683613 1.0108682 1.3362958
[8568, 0.45740163, 0.98623157, 5.3671784, 0.5000052] 2.4147675 1.1161623 0.9059283 1.2611858
[8569, 0.5173971, 0.9647839, 5.287847, 0.67418605] 2.437349 1.0142261 0.96981245 1.2295483
[8570, 0.51572037, 0.97108907, 4.302332, 0.65227395] 2.6616752 1.1040841 0.9289009 1.279652
[8571, 0.49568057, 0.92921114, 5.1799426, 0.39525217] 2.6168263 0.83473915 0.8310455 1.0651464
[8572, 0.37255594, 1.0864482, 3.708512, 0.6529236] 2.8568943 0.9965352 0.95891255 1.127294
[8573, 0.4210621, 1.0688121, 4.40558, 0.54912376] 2.6559777 0.9533703 1.0614177 1.2622274
[8574, 0.538323, 0.84342587, 7.6199102, 0.5099504] 2.20646 1.141443 1.035712 1.0956192
[8575, 0.3907618, 1.0673926, 5.286914, 0.703891] 2.4122484 1.0734715 1.0782404 1.0891733
[8576, 0.46775118, 0.99166965, 5.039367, 0.4732243] 2.4507017 1.0324367 1.1302395 1.2885321
[8577, 0.5398795, 0.92455757, 5.4481583, 0.6529098] 2.3090725 1.1579853 1.1022059 1.1050884
[8578, 0.471382, 1.0084071, 3.514279, 0.54479957] 2.8486824 1.0345118 0.8991683 1.0939614
[8579, 0.38971284, 1.0560651, 4.7719154, 0.49267814] 2.8574767 0.9636928 0.9616187 0.94318867
[8580, 0.47979507, 1.0137789, 4.154046, 0.6186124] 2.6522028 1.0286789 1.0015692 1.3050355
[8581, 0.51396394, 1.0073814, 3.2168312, 0.86417717] 2.6759653 1.1219287 1.18657 1.2181022
[8582, 0.36199877, 1.06553, 4.587362, 0.5412555] 2.809956 0.9874962 1.0717763 0.91069674
[8583, 0.42808613, 1.038854, 5.035988, 0.59384644] 2.688073 0.91365445 0.94695735 1.1675801
[8584, 0.45814544, 1.0580815, 3.7112074, 0.9946222] 2.8120012 1.0963118 0.9511077 1.1752636
[8585, 0.44862276, 1.015863, 4.738623, 0.54654926] 2.6403234 1.1543038 1.0203809 1.1092275
[8586, 0.42241302, 1.036536, 3.714436, 0.8315046] 2.7604473 1.0510541 0.92708737 1.2735908
[8587, 0.46168154, 1.0107558, 3.8265367, 0.42268032] 2.8074088 1.1663606 0.8899068 0.98221976
[8588, 0.54625434, 0.9630265, 4.2568183, 0.48050815] 2.3715112 1.1989428 1.1463636 1.4529644
[8589, 0.4493379, 1.0325183, 3.9861536, 0.5338931] 2.537275 1.150514 1.111126 1.2471845
[8590, 0.45770943, 1.0178332, 5.107126, 0.39765778] 2.611678 1.3186827 0.8893897 0.9080974
[8591, 0.5212546, 0.9457298, 5.6110845, 0.40965912] 2.3894334 1.0100073 1.0486823 1.188505
[8592, 0.4035709, 1.0510255, 5.3251247, 0.517035] 2.5873597 0.92530215 1.0035872 1.2049177
[8593, 0.5081043, 0.96778756, 5.895255, 0.7729496] 2.3661883 1.1414114 0.97674876 1.1385995
[8594, 0.40784103, 1.0786421, 5.14139, 0.52150846] 2.4932501 1.1806618 1.0162528 1.2061929
[8595, 0.54631835, 0.9802612, 3.5391932, 0.7431182] 2.7971957 1.0808382 0.91393137 1.2015753
[8596, 0.34149495, 1.1002474, 5.0021763, 0.39789632] 2.600991 1.2507505 0.8891464 1.08889
[8597, 0.43940285, 1.034382, 4.451037, 0.46696264] 2.582019 1.0837408 1.0131423 1.2234219
[8598, 0.50237894, 0.98617494, 3.7427921, 0.63723546] 2.6789672 1.1845894 1.0524763 1.0961543
[8599, 0.4945077, 1.0574682, 3.024896, 0.6730879] 2.9768732 0.9884281 1.0029767 1.076696
[8600, 0.5753395, 0.8116399, 5.947083, 0.38288027] 2.2269146 0.9011497 1.137547 1.2920021
[8601, 0.47883886, 0.9935143, 4.081966, 0.4813761] 2.6789663 1.001621 1.1127512 1.1219654
[8602, 0.43089098, 1.0467824, 5.77962, 0.50511247] 2.449819 1.0112821 1.1517111 1.2034888
[8603, 0.39366168, 1.0548556, 4.404457, 0.5406102] 2.8865225 0.962654 1.0215807 0.8869989
[8604, 0.49600276, 0.94436693, 4.7747793, 0.4242529] 2.4467583 0.9340469 0.87917507 1.2471863
[8605, 0.6229113, 0.9442605, 2.6553483, 0.6145054] 3.0086558 1.0233233 1.0052836 1.1558222
[8606, 0.57740074, 0.9095663, 5.315943, 0.4745958] 2.4311259 1.0411344 0.96930784 1.1399362
[8607, 0.5104978, 0.96884644, 5.3788486, 0.48819295] 2.3047118 1.2164364 0.95692337 1.2996949
[8608, 0.54150826, 1.0029852, 3.0286045, 0.67414105] 2.8860223 1.0988605 0.9753806 1.2070634
[8609, 0.37708464, 1.0490967, 3.6681087, 0.64868426] 2.784826 1.069738 0.9312893 1.1019012
[8610, 0.44526866, 1.0739062, 3.6787348, 0.7594761] 2.7327964 1.1997638 0.918509 1.2537138
[8611, 0.45841363, 1.0393062, 3.4607418, 0.6970922] 2.8550065 1.051407 0.9468889 1.1233313
[8612, 0.57638043, 0.933406, 2.8557742, 0.52874005] 3.1013873 0.9838333 0.90866286 1.0527601
[8613, 0.5778096, 0.99253523, 3.2234635, 0.82167643] 2.851707 0.99727356 0.94900715 1.3232692
[8614, 0.3631635, 0.8220889, 5.3759084, 0.83327943] 1.9494168 1.2185074 0.93581057 1.288372
[8615, 0.49621558, 1.039131, 2.8707345, 0.6545904] 2.9006739 1.2176065 0.99104285 1.0455297
[8616, 0.5008814, 0.984434, 3.926895, 0.6547007] 2.7715404 1.191301 0.92503744 1.0563256
[8617, 0.55675924, 0.9705694, 4.065718, 0.5948272] 2.539957 1.1872021 0.9541173 1.4157534
[8618, 0.45937088, 1.0075607, 4.532873, 0.39994153] 2.6509182 1.1758807 0.9531628 1.1386238
[8619, 0.42047977, 1.0224837, 3.7864063, 0.5546334] 2.7404897 1.0390106 0.8611462 1.1791064
[8620, 0.51543194, 1.0644102, 2.9978669, 0.6727467] 2.9420185 0.94397426 1.0225194 1.2632632
[8621, 0.46165082, 1.0384417, 3.821992, 0.5952464] 2.6982527 1.169011 1.1108948 1.0664493
[8622, 0.44841725, 1.0145186, 5.6878843, 0.7563294] 2.3911302 1.0008106 1.0497966 1.2382846
[8623, 0.64338815, 0.91096056, 2.9504223, 0.53704894] 3.097258 1.114157 0.7785535 0.9821557
[8624, 0.3829219, 1.0687394, 4.8247366, 0.63717926] 2.6627023 1.038656 0.90149516 1.2663206
[8625, 0.51087314, 0.98215944, 3.978029, 0.7007501] 2.915482 0.9908154 0.96741956 0.8907975
[8626, 0.41120166, 1.0231196, 5.597109, 0.5669935] 2.5639298 0.95491683 0.94423 1.1633928
[8627, 0.39337116, 1.0550792, 3.65197, 0.69832015] 2.756 1.0539538 1.0675932 1.1572552
[8628, 0.50749207, 0.98285156, 4.09235, 0.5334767] 2.757006 1.1137547 1.0195872 1.0282916
[8629, 0.4760172, 1.0014634, 4.9934835, 0.51721126] 2.5337586 1.0025706 0.9241396 1.290276
[8630, 0.50142133, 0.9815332, 4.2562137, 0.4734158] 2.613586 0.97941315 0.87205553 1.4128867
[8631, 0.5078759, 1.0204751, 3.3222914, 0.6161696] 2.9077353 1.0248646 1.0164177 1.0465771
[8632, 0.51516056, 1.0149802, 3.0482655, 0.7726514] 2.8178766 1.2001662 1.016279 1.0731841
[8633, 0.557192, 0.8998904, 4.9275327, 0.4993593] 2.384878 1.1990845 0.87307703 1.0799317
[8634, 0.49506128, 0.94118243, 4.821489, 0.46234146] 2.574746 0.9602281 0.87132204 1.1330556
[8635, 0.48324925, 1.0405658, 3.6771407, 0.76054454] 2.696883 1.1293173 0.92916596 1.3029511
[8636, 0.43703446, 1.0389572, 4.311948, 0.58907294] 2.7760015 1.1260849 0.9001982 1.1082343
[8637, 0.40058944, 1.0833057, 4.5891404, 0.57019037] 2.59815 1.240526 0.8728418 1.176909
[8638, 0.5956375, 0.8176635, 5.7550793, 0.37966225] 2.167706 1.1855433 0.96636415 1.281377
[8639, 0.52030253, 1.0588309, 2.729591, 0.6238747] 3.1963441 0.95069784 1.0354066 0.905447
[8640, 0.34342805, 1.1032599, 4.6360826, 0.47071493] 2.5353637 1.1775033 0.99604076 1.1675999
[8641, 0.5400897, 0.82337767, 6.6585064, 0.416221] 2.2277842 1.0345842 1.0767533 1.1244031
[8642, 0.53993875, 1.026004, 3.467624, 0.58418983] 2.7360303 1.0682861 0.9871669 1.3933539
[8643, 0.42449757, 1.0396595, 5.2990775, 0.51782584] 2.7790415 0.8144497 0.96835244 1.1051507
[8644, 0.38038078, 1.0582507, 5.0612206, 0.5417002] 2.6763089 1.054948 0.91453457 1.0903809
[8645, 0.49157313, 1.0074177, 4.3571553, 0.58308125] 2.8804266 0.97037494 1.0084375 0.9731801
[8646, 0.47457385, 1.0213752, 3.9739099, 0.67847043] 2.7385879 1.3332019 0.87378025 1.060025
[8647, 0.43642065, 1.0520802, 5.778159, 0.6940071] 2.6669018 1.0964677 0.95839125 0.8604039
[8648, 0.5241866, 0.78694993, 6.450657, 0.5413464] 2.1340141 0.9954397 1.1078018 1.2793039
[8649, 0.4566205, 0.9839872, 5.547439, 0.49644825] 2.4489944 1.0615104 1.0205718 1.0592214
[8650, 0.57649887, 0.9592643, 3.209759, 0.81492877] 2.9442167 1.0479317 0.9374789 1.0476167
[8651, 0.58111423, 0.75742155, 5.972711, 0.5903452] 2.0528038 1.2073079 0.9655726 1.2589364
[8652, 0.37712604, 1.0363606, 5.1374564, 0.45792103] 2.565291 1.0500643 0.97541445 1.09374
[8653, 0.4213674, 1.0334879, 4.124837, 0.63723344] 2.6628036 1.0552093 0.97003704 1.1812892
[8654, 0.4897628, 1.0010556, 3.9949186, 0.66478944] 2.777871 1.0034662 0.97401226 1.1946949
[8655, 0.33567122, 1.1098566, 5.220871, 0.5028324] 2.5182807 1.1471049 0.991124 1.2164257
[8656, 0.47591794, 0.95117646, 5.743865, 0.49218336] 2.4164016 1.0722215 0.9468012 1.1526989
[8657, 0.40002096, 1.055579, 4.8757443, 0.56870836] 2.6405401 0.94649 0.91593766 1.1240454
[8658, 0.6383587, 0.84403616, 5.3628564, 0.47144142] 2.3029666 1.0525696 0.8986945 1.3620348
[8659, 0.5772738, 1.0033708, 3.0515094, 0.9963083] 3.030324 1.1023029 0.9169012 1.0665716
[8660, 0.49771443, 0.98443794, 4.0964746, 0.62962717] 2.7660568 1.10306 0.973048 0.9971933
[8661, 0.43729898, 1.0266553, 5.8916616, 0.42117003] 2.321118 1.0989704 1.0389154 1.2744094
[8662, 0.52494854, 0.72163904, 5.1253843, 0.508994] 1.9512804 1.1630304 0.9172227 1.3776569
[8663, 0.38652682, 1.0629812, 4.9470167, 0.83813107] 2.6652076 1.0764544 0.96436334 1.1021643
[8664, 0.6370212, 0.9491466, 2.5352685, 0.58326375] 3.0636084 1.0393653 0.9626688 1.1842889
[8665, 0.4042604, 1.0482701, 4.28521, 0.66347456] 2.7317548 0.9603757 0.99582684 1.188869
[8666, 0.42365423, 1.0513178, 3.6926184, 0.6841824] 2.9277277 0.9946105 0.92723334 0.99151546
[8667, 0.6295181, 0.98152685, 2.7399724, 0.70413095] 3.1162336 1.2066821 1.009114 0.9157196
[8668, 0.53726655, 0.9225625, 5.983699, 0.43502244] 2.341199 1.0629959 0.9103164 1.2180248
[8669, 0.45118263, 1.0246731, 5.0948286, 0.58980286] 2.5983129 1.1062081 0.9440706 1.2062304
[8670, 0.41250628, 1.022009, 4.3675857, 0.47590798] 2.9224749 1.0830903 0.73757356 0.9511068
[8671, 0.50440186, 1.0052685, 3.4843147, 0.70989627] 2.8754914 1.0304329 0.96306735 1.0416356
[8672, 0.39990965, 1.0778767, 4.585084, 0.6254591] 2.6488261 1.1284469 0.82962555 1.2962781
[8673, 0.48724863, 1.0138875, 3.7995803, 0.8064984] 3.057475 1.1172779 0.8100587 0.7385751
[8674, 0.46103704, 1.0335456, 5.5721498, 0.51073945] 2.4798203 1.0473309 0.9840926 1.1818337
[8675, 0.40505332, 1.0607754, 5.3398223, 0.46956524] 2.4579735 1.1580049 1.1442844 1.081192
[8676, 0.5386808, 0.99600506, 3.915924, 0.5651455] 2.6993434 1.1327057 1.0145111 1.1880977
[8677, 0.5154505, 1.0232091, 2.8419483, 0.9228389] 2.8898544 1.1550568 0.883755 1.1273627
[8678, 0.5328069, 0.96994185, 4.294834, 0.7371621] 2.7080631 0.8623242 0.86212635 1.384294
[8679, 0.39755875, 1.0420258, 5.7532206, 0.45044905] 2.4399586 1.099911 1.0400264 1.1487918
[8680, 0.47803304, 1.0031224, 4.400072, 0.5138971] 2.5528893 1.1773291 1.0435413 1.2239307
[8681, 0.3711424, 1.0726053, 4.99809, 0.4071022] 2.5222154 1.1282051 0.97367 1.1490124
[8682, 0.46833852, 1.0236412, 5.296264, 0.65156317] 2.4950354 1.0898149 1.0377566 1.3245726
[8683, 0.5048573, 1.0362066, 2.7708933, 0.7335653] 2.9023077 1.0988843 1.0671021 0.9919117
[8684, 0.58413756, 0.76248056, 5.974041, 0.4194638] 2.1806116 1.1221925 1.0526239 1.120461
[8685, 0.4124701, 1.0266653, 5.428449, 0.62858397] 2.5162656 1.1104716 0.94086814 1.1361082
[8686, 0.4865286, 1.014315, 3.4733138, 0.7376419] 2.715995 1.0782393 1.0271205 1.2574884
[8687, 0.4861506, 0.9970787, 5.0305552, 0.49541926] 2.4425662 1.1888059 0.7974984 1.238822
[8688, 0.38826096, 1.0615408, 5.3659115, 0.64536804] 2.7856817 1.0661315 0.8959259 0.9766317
[8689, 0.58524585, 0.88598675, 5.031056, 0.47511902] 2.5468276 1.0362341 0.83235466 1.0112569
[8690, 0.40995234, 1.0401073, 4.243793, 0.56616443] 2.695248 1.0771908 0.9252588 1.1829325
[8691, 0.381328, 1.0693696, 6.3015323, 0.69239765] 2.6088576 0.95409983 0.9320869 1.0458068
[8692, 0.6016682, 0.8515582, 4.807578, 0.5273734] 2.3295324 1.0764301 1.0427052 1.1598085
[8693, 0.43043828, 1.0606787, 5.995567, 0.61227626] 2.4347723 0.99241906 1.0777895 1.3168231
[8694, 0.52727693, 1.0028703, 3.3314395, 0.7137993] 2.8669975 0.985815 0.87646765 1.2523515
[8695, 0.43308556, 1.0401415, 4.734038, 0.48545432] 2.6122115 0.9151966 1.0970337 1.2470552
[8696, 0.5676321, 0.98602366, 3.3726118, 0.6764415] 2.895991 1.2650803 0.8139635 1.0749787
[8697, 0.50066674, 0.9882793, 3.980159, 0.49699566] 2.7382584 1.2013117 0.94600254 1.1122677
[8698, 0.5780798, 0.9939054, 3.0540287, 0.6415721] 3.0050516 1.2024535 0.94813454 0.9150665
[8699, 0.42451167, 1.0575956, 4.22999, 0.64119244] 2.7667494 1.1188862 0.9744831 1.0412438
[8700, 0.45370737, 1.0343704, 4.512511, 0.57600325] 2.6894703 1.1827539 0.8969128 1.0599656
[8701, 0.40174142, 1.0490364, 4.6917195, 0.6574421] 2.6507766 1.0621207 1.0929797 1.0729092
[8702, 0.36907557, 1.0895785, 4.16567, 0.5537861] 2.650395 1.2007254 0.9412128 1.1264215
[8703, 0.44938278, 1.0515565, 3.9943752, 0.6397309] 2.7301774 1.0476983 1.047072 1.1787803
[8704, 0.4566079, 1.0292972, 5.8050427, 0.5312754] 2.4534469 1.2821852 0.9605331 1.1372077
[8705, 0.53893733, 1.0476125, 2.7630007, 0.72464013] 2.9730756 1.2037685 1.0064844 1.010354
[8706, 0.32355648, 1.1135792, 5.2680464, 0.5105498] 2.559894 1.1234143 0.87383157 1.2429826
[8707, 0.42861864, 1.0347483, 6.19591, 0.6366117] 2.4175513 0.99832284 1.043177 1.2952518
[8708, 0.43075097, 1.0355949, 5.764452, 0.44135883] 2.4002595 1.2442755 0.93269897 1.1707953
[8709, 0.4517459, 1.0142413, 4.587755, 0.51281697] 2.7007732 1.0706098 1.0432842 0.98501587
[8710, 0.34637454, 1.0962322, 5.924952, 0.61790437] 2.516744 1.1000642 1.050554 1.1883231
[8711, 0.36823618, 1.087533, 5.3403616, 0.84444594] 2.5901663 1.1248552 1.0681182 1.0016009
[8712, 0.38401568, 1.0616636, 5.1541853, 0.5628125] 2.5146143 1.1083848 1.0444314 1.2362404
[8713, 0.5443638, 0.9854181, 4.0035443, 0.6984556] 2.7079654 1.0266153 0.9027144 1.377537
[8714, 0.45028117, 1.0396624, 4.524851, 0.6514761] 2.8087544 1.0029671 1.0628324 0.90523523
[8715, 0.40515268, 1.0729604, 3.5432353, 0.76821357] 3.0828633 0.9204809 0.8647696 0.9375369
[8716, 0.47964013, 0.9934179, 3.72884, 0.6147905] 2.7369168 1.0883712 0.97190404 1.1266735
[8717, 0.3163842, 1.1134657, 4.8832827, 0.3436982] 2.617796 1.1416166 0.91550523 1.0746185
[8718, 0.47259524, 1.0158162, 4.4701233, 0.5393754] 2.5654805 1.1438487 1.0069075 1.337878
[8719, 0.51852214, 0.97036195, 4.9739013, 0.47384173] 2.2622635 1.1306762 0.99399877 1.4259632
[8720, 0.63249123, 0.91073763, 3.2749236, 0.79049885] 2.7114003 1.0894669 0.8601867 1.4068726
[8721, 0.49140143, 0.9933773, 4.0984287, 0.45112297] 2.7172966 1.2956369 0.7870529 1.104922
[8722, 0.37864512, 1.0734245, 4.821629, 0.48554268] 2.679665 1.1513389 1.0162191 1.046754
[8723, 0.6244322, 0.8491222, 5.298762, 0.4104718] 2.2457469 1.0636344 0.9220499 1.4451867
[8724, 0.5002785, 0.9753802, 4.1936216, 0.46305868] 2.6578357 1.3439437 0.88915235 1.0397966
[8725, 0.64813817, 0.896403, 3.5068998, 0.7463738] 2.5988061 1.2544042 1.0752381 1.3325474
[8726, 0.52410847, 1.0064337, 3.5148757, 0.6185326] 2.9802809 1.2019739 0.8775936 0.89145076
[8727, 0.38354805, 1.071694, 5.1197042, 0.41159427] 2.4754343 1.2825137 0.85782444 1.2077105
[8728, 0.47451082, 1.0001297, 3.6967108, 0.5386948] 2.7653623 1.0538664 0.9330091 1.1829431
[8729, 0.4220019, 1.0460238, 4.1118813, 0.6408762] 2.758477 1.0464834 0.9253868 1.0544999
[8730, 0.4759576, 1.0775738, 2.9403183, 0.78669286] 3.0191064 1.0576526 0.99336594 0.9859663
[8731, 0.5131077, 0.9930883, 3.543483, 0.5444893] 2.6632705 1.3836062 1.0333563 1.0711565
[8732, 0.48007444, 0.97719747, 5.267527, 0.6054704] 2.3971028 0.96629804 1.016991 1.2460141
[8733, 0.36332634, 1.0732754, 5.224781, 0.42469957] 2.5707831 1.3204194 0.9538171 0.99820304
[8734, 0.5015832, 1.0166605, 3.792484, 0.57110536] 2.706069 1.1160046 1.1017041 1.1415246
[8735, 0.47207525, 1.0184007, 5.0543957, 0.42697763] 2.3967524 1.280975 1.0044346 1.2493318
[8736, 0.36854398, 1.0867983, 5.4781876, 0.53348476] 2.4770412 1.0762397 1.0654904 1.1298237
[8737, 0.38162446, 1.0537204, 3.5338647, 0.5968634] 2.794406 1.0979192 0.93260974 1.0691003
[8738, 0.37988052, 1.0748312, 5.1043115, 0.40422454] 2.7164917 1.1065937 0.91961616 1.0523297
[8739, 0.4749229, 1.008189, 5.099644, 0.49967283] 2.3738623 1.17816 0.9107344 1.3723809
[8740, 0.41606152, 1.0032653, 5.3489876, 0.8204067] 2.4153059 1.0026883 1.0374024 1.168877
[8741, 0.46044964, 1.0440373, 3.420322, 0.57944334] 2.5896323 1.2915428 1.0461694 1.2091058
[8742, 0.58186877, 0.84839135, 5.029006, 0.43654972] 2.3098328 0.9763594 0.9052951 1.3519032
[8743, 0.56832176, 0.7862122, 5.602488, 0.45121387] 2.1755102 1.1766716 0.9314485 1.1498965
[8744, 0.4096834, 1.0563182, 5.1855845, 0.4713498] 2.483034 1.209408 0.9565973 1.2159474
[8745, 0.41815925, 1.0502075, 4.918517, 0.5183026] 2.658111 0.9786612 1.0251431 1.1926953
[8746, 0.44687092, 1.0044811, 5.475711, 0.5823955] 2.446036 1.1465104 0.95883405 1.148605
[8747, 0.60338557, 1.0042307, 2.7766473, 0.6860881] 3.1754382 1.1644027 0.9705931 0.7854775
[8748, 0.39774263, 1.0314506, 5.064041, 0.56238633] 2.384646 1.1930454 0.95084953 1.1354312
[8749, 0.6054615, 0.8507825, 4.2633567, 0.43125737] 2.2885034 1.166302 0.8841166 1.3207618
[8750, 0.3637031, 1.0744836, 4.760257, 0.5849336] 2.6208768 1.0605518 0.9435867 1.0896636
[8751, 0.6054626, 0.9899946, 3.0170271, 0.6795002] 3.182153 0.99280536 0.9150219 0.7999207
[8752, 0.36469743, 1.0836047, 5.6135697, 0.4543544] 2.568492 1.0864615 0.8894011 1.2003596
[8753, 0.36587062, 1.0732698, 4.736545, 0.56078887] 2.6819522 1.153939 0.9419581 1.0729384
[8754, 0.40210417, 1.0563209, 4.5586004, 0.6080788] 2.6875792 1.1665503 0.9217378 1.1123585
[8755, 0.40451005, 1.0510758, 3.808194, 0.7534018] 2.8266945 0.9970023 0.96346015 1.0949413
[8756, 0.47182527, 1.0168922, 5.3028836, 0.47174847] 2.4176579 1.1672565 0.9792745 1.2046478
[8757, 0.5879436, 0.9324069, 3.379193, 0.61085266] 2.746447 0.96432257 0.95609117 1.326663
[8758, 0.3664784, 1.0902982, 5.806825, 0.53670645] 2.7566707 0.95386523 0.92560214 0.9485409
[8759, 0.56252164, 0.9944837, 3.1038427, 0.58526504] 3.1038597 1.0331436 0.8378997 0.93472993
[8760, 0.35988134, 1.0840814, 4.118692, 0.61509824] 2.7548308 1.1637198 0.9467101 1.0518202
[8761, 0.56905967, 0.87804914, 5.3798113, 0.4277605] 2.4557843 1.0095564 1.0164249 1.0158521
[8762, 0.38059506, 1.0731422, 5.0528316, 0.46044797] 2.8550646 0.95595706 0.88600737 0.91003615
[8763, 0.47158602, 1.0261825, 3.904628, 0.60422873] 2.7388802 1.014707 0.9659817 1.240421
[8764, 0.55994904, 0.9905332, 3.3698213, 0.58902615] 2.8459444 1.1936066 0.8826128 1.1615044
[8765, 0.49022052, 1.0045323, 3.6458871, 0.7716924] 2.8352132 1.0587339 0.90787977 1.1756306
[8766, 0.47873583, 0.9994974, 4.2156878, 0.46609595] 2.847281 0.95301145 0.91187775 1.0669093
[8767, 0.47295174, 1.0219929, 5.791399, 0.53413415] 2.5210745 1.0543541 0.88615423 1.2334747
[8768, 0.46290326, 0.8291494, 5.7134957, 0.40959972] 2.0943265 1.1063893 1.0570859 1.2023289
[8769, 0.5175131, 0.9930776, 3.3427522, 0.68806773] 2.901114 1.0343914 0.87435657 1.1740847
[8770, 0.3906818, 1.0586581, 6.0600815, 0.61614597] 2.5886805 1.0383062 0.9584444 1.0106096
[8771, 0.40194288, 1.0281241, 6.0955696, 0.5143446] 2.5045476 1.1433805 0.907182 1.1724908
[8772, 0.4525641, 1.0183634, 5.2269964, 0.51410955] 2.4441962 1.1310241 1.0436832 1.2118087
[8773, 0.4925322, 0.96118814, 5.140647, 0.46366927] 2.3731198 1.1224225 1.0253159 1.1299136
[8774, 0.4375643, 1.0163277, 4.6869297, 0.5140123] 2.7220721 1.1781641 0.83064955 1.107733
[8775, 0.456619, 1.0454667, 3.757312, 0.6870168] 2.7643814 1.0906688 0.9195084 1.2416983
[8776, 0.3646604, 1.0695133, 5.5566006, 0.5312199] 2.524833 0.9682217 1.0951525 1.2956154
[8777, 0.6266722, 0.8011943, 4.801016, 0.43804425] 2.3606644 1.0897311 0.8787022 1.1525941
[8778, 0.405225, 1.0591217, 4.7675896, 0.5444944] 2.599959 1.2581865 0.9034322 1.0578312
[8779, 0.54618853, 0.8829803, 4.9185386, 0.41889745] 2.3836045 1.2259526 0.8933462 1.046551
[8780, 0.45688805, 1.0232303, 3.7584894, 0.53996336] 2.6498373 1.167876 1.0147072 1.1658676
[8781, 0.331463, 1.1074215, 5.1218143, 0.409969] 2.613806 1.1233779 1.0256929 1.0509994
[8782, 0.5183424, 0.75797355, 5.894098, 0.48650718] 2.305334 0.9963331 0.9315253 1.0235947
[8783, 0.50287366, 1.021796, 3.818866, 0.80282634] 2.725797 1.0706084 0.9820484 1.3048289
[8784, 0.37535462, 1.0737245, 3.941605, 0.52264565] 2.6692905 1.0714878 1.0164623 1.2278422
[8785, 0.40230045, 1.0652491, 4.0345187, 0.61079115] 2.7426589 1.0882545 1.0077893 1.0760549
[8786, 0.41891155, 1.0499479, 5.664308, 0.5194162] 2.6707377 1.0089608 0.8948387 1.0703663
[8787, 0.37210482, 1.0658847, 4.8797274, 0.40715873] 2.5468733 1.0137781 1.0014945 1.2929738
[8788, 0.46910602, 1.0267842, 5.37418, 0.46628875] 2.475081 1.177272 1.0115384 1.282832
[8789, 0.42685992, 1.034345, 5.067843, 0.4730367] 2.5550728 1.068955 0.930455 1.1572654
[8790, 0.6559889, 1.0150304, 2.2429523, 0.98088044] 3.1780162 1.1473045 1.0831988 1.0386807
[8791, 0.47882232, 0.9489439, 5.2901964, 0.49216673] 2.5296042 0.889937 0.7590406 1.272587
[8792, 0.4441125, 1.0248244, 5.49352, 0.460377] 2.4728062 1.2052505 0.9079442 1.1784147
[8793, 0.36609033, 1.0809115, 5.425604, 0.4644337] 2.6089206 1.1864318 0.9160283 1.0649534
[8794, 0.43990853, 1.0305585, 3.918611, 0.54031616] 2.6481702 1.0151577 1.0901074 1.2374144
[8795, 0.46512464, 1.0118024, 5.158203, 0.41833898] 2.395333 1.1955554 0.9441893 1.2027556
[8796, 0.53138214, 1.0253104, 2.902223, 0.7171825] 3.022735 1.2271358 0.93481946 0.8978719
[8797, 0.5113359, 0.96520215, 5.2939944, 0.60571367] 2.5092235 1.0069945 0.9789183 1.1410236
[8798, 0.37063378, 1.0680566, 3.8538885, 0.72012955] 2.8182807 1.0724831 0.9151349 1.0501766
[8799, 0.51288384, 1.009933, 3.7090356, 0.6892683] 2.6957893 1.1938026 1.0386683 1.2376704
[8800, 0.5835673, 1.027956, 3.048916, 0.91831833] 3.012892 1.1019466 0.9376331 1.0672216
[8801, 0.46073237, 1.0257055, 4.428517, 0.6528004] 2.768902 1.135862 0.9240172 1.0400027
[8802, 0.68538415, 0.70353943, 6.251717, 0.5009003] 2.1749194 1.2029102 1.0676934 1.0311576
[8803, 0.4982915, 1.0249307, 3.4361932, 0.83066726] 2.9318905 1.0922253 0.8313096 1.0603621
[8804, 0.49559724, 1.0012277, 4.428882, 0.4598157] 2.6661336 1.0763829 0.900518 1.2486663
[8805, 0.46033508, 0.9545763, 5.6022816, 0.49499872] 2.3079853 1.0500718 0.98019147 1.3593113
[8806, 0.31504774, 1.1123737, 5.3431764, 0.71626127] 2.5844147 1.0444082 0.93102306 1.130843
[8807, 0.5085739, 0.9689102, 5.4288406, 0.5919025] 2.3355076 1.0257012 0.99089336 1.310093
[8808, 0.38779116, 1.0625362, 5.3339977, 0.5437228] 2.6216407 1.012056 0.96043235 1.1098002
[8809, 0.38257465, 1.0377573, 5.9829164, 0.502076] 2.5275652 1.0209625 0.92816347 1.1684879
[8810, 0.49902382, 0.99441075, 4.192931, 0.45917422] 2.6331997 1.0911798 0.95493567 1.3478323
[8811, 0.4692371, 0.99205416, 5.280767, 0.47373873] 2.5166883 1.1356546 1.1003243 1.056504
[8812, 0.42144716, 1.0183413, 4.4153614, 0.5225689] 2.736653 1.1224548 0.9424065 1.044158
[8813, 0.3997871, 1.0517203, 4.143795, 0.6895979] 2.8543649 1.0184785 0.9605929 1.0737671
[8814, 0.41972664, 1.0412425, 5.125464, 0.8733398] 2.5888903 1.0519247 0.9260197 1.3366698
[8815, 0.5403618, 0.9050955, 5.234126, 0.45776507] 2.5895932 1.0179242 0.81341225 0.9377196
[8816, 0.5255434, 0.929238, 5.352521, 0.52737594] 2.2460935 1.1178657 1.0335541 1.3186227
[8817, 0.46390083, 1.0238258, 4.327978, 0.52425855] 2.6096196 1.043132 1.1276548 1.19955
[8818, 0.5022862, 0.9753787, 4.583726, 0.4054266] 2.5285788 1.2163146 1.0870311 1.1257018
[8819, 0.5227629, 1.0752358, 2.7756956, 0.64687824] 2.9361398 1.2482789 0.98834324 1.1650708
[8820, 0.5989527, 0.84044546, 5.985975, 0.54203576] 2.32831 1.0598221 0.89841723 1.1952477
[8821, 0.3690825, 1.0676988, 5.1459637, 0.3978765] 2.5023572 1.1397916 0.9472142 1.2160027
[8822, 0.5453606, 0.95525074, 3.606167, 0.6425115] 2.8517559 1.0789505 0.89602107 1.0628177
[8823, 0.5296065, 0.8583799, 5.4562793, 0.41819578] 2.4668686 0.96856153 0.759784 1.1400084
[8824, 0.4229888, 1.0418681, 5.476214, 0.4841159] 2.6549475 0.9409315 1.0130463 1.0532573
[8825, 0.4043076, 1.062926, 5.274178, 0.6288244] 2.5005414 1.0697246 0.94816947 1.2011497
[8826, 0.5439659, 0.97485673, 3.4765534, 0.569078] 2.767291 1.1122812 0.9003042 1.2612032
[8827, 0.4024, 1.0533087, 5.712227, 0.5858323] 2.5616653 1.0409617 1.0308589 0.90887576
[8828, 0.52865154, 1.0034944, 3.2170033, 0.81453806] 2.8020372 1.0613674 0.9109243 1.3217015
[8829, 0.36612633, 1.0503129, 4.6766753, 0.6278459] 2.6759224 1.0890414 0.8459862 1.2246258
[8830, 0.39904818, 1.0650668, 5.346744, 0.69100165] 2.5183232 1.1130351 0.99365807 1.2138361
[8831, 0.5154595, 0.9891155, 5.63192, 0.52949524] 2.3285291 1.1827613 0.9731313 1.3494403
[8832, 0.42965314, 1.0386316, 5.021529, 0.5456208] 2.4450176 1.2788568 0.9369211 1.1524456
[8833, 0.4534586, 1.0245043, 6.0794206, 0.5935197] 2.3992436 1.0840303 1.045173 1.2154846
[8834, 0.52100486, 0.9663193, 4.9830756, 0.51706237] 2.5027246 1.0636687 0.94898564 1.0901135
[8835, 0.50646424, 0.91323483, 5.8389, 0.47048587] 2.2130535 1.1030365 0.9596811 1.2969328
[8836, 0.49115682, 1.0120487, 4.5749764, 0.5478163] 2.7248738 1.0179307 1.0468962 1.0977094
[8837, 0.4031127, 1.0672548, 5.9020452, 0.46474114] 2.5332234 1.0426004 0.89232844 1.2290556
[8838, 0.4956538, 0.9472025, 5.0260797, 0.44090784] 2.381938 1.0129619 0.9227943 1.2102624
[8839, 0.385912, 1.0603375, 4.6767807, 0.6900272] 2.6538873 1.0650468 0.93958503 1.1820977
[8840, 0.4371193, 1.0413613, 5.5371523, 0.5357744] 2.4523752 1.018745 1.0399978 1.3147663
[8841, 0.45101613, 1.008398, 5.358465, 0.536637] 2.475826 0.95609885 1.0339836 1.1591083
[8842, 0.43313575, 1.0520359, 3.7949264, 0.5804958] 2.767461 0.94660413 1.1340382 1.1193187
[8843, 0.55781245, 0.90393555, 5.153925, 0.39395478] 2.2876909 1.0111523 0.95557356 1.3758612
[8844, 0.3892986, 1.0660448, 4.1765924, 0.63982457] 2.7198992 1.2276531 0.9638418 1.0556973
[8845, 0.46783215, 0.99517363, 4.964186, 0.44135192] 2.3894491 1.3020848 0.89973867 1.1502182
[8846, 0.5286554, 0.79695493, 5.7788353, 0.31736502] 2.2628045 1.1147312 0.87637717 1.0911863
[8847, 0.35943487, 1.0799898, 5.643709, 0.56092757] 2.5337152 1.1671501 0.94713175 1.0680357
[8848, 0.5982574, 0.99145687, 2.7095861, 0.7317128] 3.0867589 1.2546132 0.9931923 0.9181576
[8849, 0.5247115, 0.92043555, 5.042301, 0.3517107] 2.3748643 1.0512136 1.0518308 1.1587069
[8850, 0.32819322, 1.0836145, 5.688872, 0.5244464] 2.5610077 1.0406499 0.91260105 1.2042027
[8851, 0.42507923, 1.0495127, 6.081328, 0.7267847] 2.5533254 1.11575 0.90123594 1.1025335
[8852, 0.4885641, 0.98778015, 4.1225476, 0.60950917] 2.7340577 1.0310673 1.0103397 1.0640633
[8853, 0.45617214, 1.0286312, 5.222797, 0.8102018] 2.4687777 1.1352141 1.066214 1.3982865
[8854, 0.45078057, 1.0138897, 4.9281306, 0.3624115] 2.8019586 1.135574 0.7161671 0.92939085
[8855, 0.45624635, 1.0352132, 3.9559805, 0.52202433] 2.7893074 0.98948514 0.9662684 1.1945655
[8856, 0.5416651, 0.9881178, 3.3446298, 0.72959715] 2.916731 1.0044445 0.9821761 1.2070204
[8857, 0.37865826, 1.0780487, 3.8694346, 0.6805667] 2.859082 1.0184634 1.0693161 1.0208105
[8858, 0.3881769, 1.0711923, 3.956045, 0.62802356] 2.7345138 1.1107968 0.8820155 1.0951442
[8859, 0.5240656, 0.970919, 4.071404, 0.39927176] 2.7433584 1.1534095 0.9120127 1.1766871
[8860, 0.38204607, 1.0785834, 5.1322575, 0.49639472] 2.552941 1.1740323 0.91202354 1.1801182
[8861, 0.40319082, 1.0685003, 4.5910473, 0.56979656] 2.705546 1.0734314 0.94775057 1.2086691
[8862, 0.43631604, 1.0289819, 4.7534614, 0.51376545] 2.6105466 1.1430895 0.97516394 1.1194605
[8863, 0.55617994, 0.93402344, 4.516378, 0.4387534] 2.6828725 1.0474287 0.9064182 1.2558253
[8864, 0.53043234, 1.0218867, 3.0023062, 0.8702991] 2.9595876 1.0782291 0.95298296 1.0880328
[8865, 0.48351076, 1.016679, 5.2618427, 0.5154939] 2.4009945 1.0210545 0.9535826 1.4420931
[8866, 0.5440836, 0.8540147, 5.8091693, 0.4331895] 2.2314365 1.0617114 0.92929524 1.255525
[8867, 0.43151674, 1.0230105, 4.7525287, 0.6274898] 2.5408597 0.94468254 1.0942827 1.2638876
[8868, 0.56433654, 1.0289998, 3.0778325, 0.76306397] 2.988278 1.2609283 1.0169818 0.8608751
[8869, 0.5178758, 0.9830725, 4.6856675, 0.4626115] 2.3899195 1.075103 1.1071317 1.3289402
[8870, 0.46333656, 1.0129844, 3.6176627, 0.54760337] 2.828047 1.1070342 0.9476379 1.0118431
[8871, 0.35634503, 1.0939043, 4.9250298, 0.5988415] 2.582561 1.010753 0.97446454 1.2322276
[8872, 0.5385949, 1.0326169, 2.8507266, 0.7666607] 3.0684996 1.0800639 0.90402687 0.96247953
[8873, 0.52509165, 1.021492, 2.7191536, 0.83108] 3.0432646 1.0196899 0.967502 1.0392002
[8874, 0.64267755, 0.996508, 2.8991556, 0.93095803] 3.2153885 1.1021175 0.9811906 0.8116987
[8875, 0.5204471, 0.97179836, 5.3727508, 0.5375468] 2.5255058 1.1523845 1.0100695 1.0660517
[8876, 0.48591328, 1.0046045, 4.9975376, 0.9146986] 2.6318731 0.93696356 1.0137058 1.2378432
[8877, 0.3850021, 1.0574137, 5.6224217, 0.60507536] 2.5285265 1.0589693 0.9257004 1.2090212
[8878, 0.38049746, 1.0745224, 5.030078, 0.6164891] 2.6897452 1.0400107 1.0535399 0.99073154
[8879, 0.6164645, 0.92887586, 2.7870374, 0.7729375] 2.9065785 1.1878909 1.0288422 1.0616076
[8880, 0.40422928, 1.0414789, 5.319838, 0.469938] 2.4128153 1.2638465 0.98519343 1.073983
[8881, 0.54689735, 0.9243601, 5.5044203, 0.78891855] 2.3199117 1.0421543 1.1459563 1.1949868
[8882, 0.5759327, 0.88809204, 5.1424394, 0.40042755] 2.1087542 1.2385195 1.1649176 1.3519313
[8883, 0.48296613, 0.82544416, 5.7212434, 0.4469996] 2.2940667 1.0601226 0.9542016 1.0498077
[8884, 0.56658506, 0.8910287, 4.772592, 0.5032159] 2.2777264 1.0492535 0.9571861 1.360994
[8885, 0.51453876, 0.95309734, 4.6881895, 0.50946707] 2.2590687 1.1709763 0.98839766 1.3207202
[8886, 0.46810815, 0.99107444, 5.4254274, 0.48660943] 2.4972765 1.2055986 0.86476886 0.99887913
[8887, 0.52325743, 1.0018885, 3.4011219, 0.6733141] 2.9800143 0.9606293 0.975395 0.9265839
[8888, 0.49458733, 0.98980826, 5.284412, 0.53897345] 2.4564734 1.2113069 0.9515825 0.98161185
[8889, 0.46887273, 0.99894875, 3.7833126, 0.56531686] 2.8885558 1.098036 0.88315415 0.9812947
[8890, 0.4701205, 1.0059326, 3.4360077, 0.644551] 2.798263 0.9533968 0.9853096 1.2256955
[8891, 0.39939263, 1.0515208, 4.373549, 0.65882874] 2.6707177 0.98282456 1.0527545 1.236582
[8892, 0.52767015, 0.9889839, 3.4682984, 0.70151246] 2.7917318 1.1755252 1.1126721 0.98276174
[8893, 0.4565444, 1.0143121, 5.1016464, 0.59380585] 2.6396108 1.0091944 1.1328403 1.1477214
[8894, 0.43643048, 1.0272069, 3.7721684, 0.62706524] 2.823416 1.1040839 0.87683374 1.0689927
[8895, 0.58250487, 0.8096844, 6.1375113, 0.4327402] 2.2179544 1.0800874 1.07437 1.1610566
[8896, 0.4929091, 1.0310842, 3.3263347, 0.6950423] 2.908576 1.0182283 0.94886494 1.1063108
[8897, 0.4956746, 0.9944337, 3.7994294, 0.514066] 2.6705403 1.1408798 0.9434749 1.242691
[8898, 0.57425344, 0.97484213, 3.258266, 0.67344356] 2.885859 1.1188467 1.0557714 1.0756419
[8899, 0.58378273, 0.7454607, 5.964933, 0.45977387] 2.24385 1.014948 0.9870345 1.1331751
[8900, 0.48568502, 1.0053301, 4.6043863, 0.61792415] 2.7192805 0.9435774 0.9588597 1.1438082
[8901, 0.42369223, 1.0610465, 5.5293136, 0.51424384] 2.71699 1.1259129 0.96681637 0.91792136
[8902, 0.4458241, 1.0209165, 5.335579, 0.545589] 2.4775143 1.1413878 1.0661808 0.99344957
[8903, 0.51678514, 0.99280113, 3.562985, 0.7481444] 2.8340945 1.1093167 0.90095115 1.1337354
[8904, 0.44081244, 1.0359409, 4.6937222, 0.563355] 2.8054457 1.0370737 0.97908735 0.95764804
[8905, 0.46642974, 0.99999136, 5.4020786, 0.6112623] 2.497933 0.98266083 1.0701458 1.0808136
[8906, 0.46549684, 1.0103317, 3.6743603, 0.5818294] 2.8154485 1.0744227 1.0312911 0.9883902
[8907, 0.45556438, 1.0003643, 5.064418, 0.6619141] 2.339722 1.0292006 1.0270365 1.3459073
[8908, 0.39244914, 1.0528344, 4.8357067, 0.41991052] 2.7201524 1.043746 0.86139107 1.1190886
[8909, 0.47212988, 1.0455972, 3.2567227, 0.71533793] 2.8313909 1.2080605 0.92991877 0.99611783
[8910, 0.5814184, 0.8113814, 5.8854785, 0.3199388] 2.356022 1.098616 0.87237966 1.061893
[8911, 0.58700454, 0.8736789, 5.578753, 0.4317675] 2.1782603 1.0652771 0.9742913 1.5356973
[8912, 0.4846239, 1.002119, 5.1559944, 0.5905323] 2.4591794 1.0563138 0.9463986 1.304395
[8913, 0.39227945, 1.0677545, 3.74641, 0.6589783] 2.6422126 1.0567768 1.0774813 1.2372849
[8914, 0.53621477, 0.8820619, 5.326333, 0.40650883] 2.3580453 1.1985728 0.83608806 1.0852438
[8915, 0.6386625, 0.844745, 5.314319, 0.5599752] 2.3616219 1.3280559 0.982074 0.95440894
[8916, 0.61117595, 0.9495014, 3.077451, 0.77204025] 2.950949 1.0325465 1.0312737 1.0686749
[8917, 0.4427972, 1.0085291, 5.314037, 0.48054218] 2.4229815 1.0542493 0.9087384 1.2905296
[8918, 0.47678834, 1.0219729, 4.7816644, 0.5925599] 2.5413756 1.0606616 1.0054168 1.2759058
[8919, 0.44971374, 1.0334879, 5.799797, 0.69946325] 2.380548 1.0072247 1.0693091 1.3874555
[8920, 0.5431185, 0.96786004, 3.4963665, 0.7942651] 2.9195054 0.9631199 1.0025105 0.9853942
[8921, 0.5913438, 1.0262979, 2.4801335, 0.81405044] 3.1844094 0.96328926 0.79206246 1.2884995
[8922, 0.49534905, 1.0167973, 3.8317337, 0.6132678] 2.9247124 1.1853671 0.808484 0.9485471
[8923, 0.3963732, 1.049449, 4.9624815, 0.5894101] 2.6079268 1.1259853 0.96566856 1.1274375
[8924, 0.3951111, 1.067601, 5.5083723, 0.5216463] 2.7113228 1.1384754 0.8998593 0.86727893
[8925, 0.34344435, 1.1003958, 5.321908, 0.48352358] 2.5392053 1.0602785 1.0671397 1.1373085
[8926, 0.43209076, 1.0480952, 5.7231708, 0.5983052] 2.473197 1.159394 0.9858041 1.0984378
[8927, 0.37658876, 1.0709159, 5.2280664, 0.50580996] 2.5291297 1.1320388 1.0410717 1.0629668
[8928, 0.5477944, 0.977698, 3.1294343, 0.7564512] 3.0844047 0.9351057 0.89695156 0.9213126
[8929, 0.646592, 0.7559968, 5.638684, 0.30764297] 2.1618118 0.96456337 1.0500457 1.4103465
[8930, 0.44034386, 1.0466787, 4.9422445, 0.41869444] 2.5215225 1.1959393 0.84406406 1.2400773
[8931, 0.57625854, 0.937717, 3.4244192, 0.49537826] 3.087219 0.93738854 0.84090394 0.8740068
[8932, 0.53031236, 1.0072092, 3.3263016, 0.7004011] 2.7611196 1.3473412 0.8426447 1.1445351
[8933, 0.46459976, 1.0015237, 5.3851013, 0.51577777] 2.5350502 0.9273992 0.94629127 1.306896
[8934, 0.4288984, 1.0461214, 5.71572, 0.51577514] 2.6928751 0.99490416 1.0018027 0.82446545
[8935, 0.36767748, 1.0667802, 4.959267, 0.55610824] 2.549638 1.1189791 0.9417585 1.2194476
[8936, 0.39282998, 1.047972, 5.1976976, 0.50325614] 2.4836047 1.0968728 0.9831197 1.2141299
[8937, 0.4164136, 1.033913, 3.9337826, 0.52980053] 2.9168522 1.0190729 0.8423872 0.9993325
[8938, 0.4032256, 1.057942, 4.191643, 0.64230084] 2.699814 0.9560419 1.1178696 1.1757283
[8939, 0.55906993, 0.8761324, 5.217383, 0.4401052] 2.3813095 1.0934931 0.7459952 1.2526598
[8940, 0.49431568, 0.9978892, 5.2219505, 0.481649] 2.5638545 1.224891 1.0188366 0.9473035
[8941, 0.42183, 1.0617925, 6.0703673, 0.5442534] 2.577463 1.0496356 0.99659127 0.98173285
[8942, 0.5327027, 1.0287218, 2.6460984, 0.7196782] 2.9715877 1.1506873 1.0386652 0.97823036
[8943, 0.3743294, 1.1062796, 4.761459, 0.5415166] 2.4366782 1.2933519 1.0295202 1.2567878
[8944, 0.39514595, 1.0536287, 4.943307, 0.51356184] 2.6588264 1.007088 0.9841416 1.0518416
[8945, 0.39542386, 1.0677345, 4.2944007, 0.7472038] 2.6792896 0.9896504 1.0510757 1.2461257
[8946, 0.44674858, 1.0279958, 5.489791, 0.69924104] 2.635018 1.0111104 0.9087564 1.0219321
[8947, 0.6242027, 1.0025988, 2.5120409, 0.6573396] 3.087752 1.0725276 0.9007185 1.2252332
[8948, 0.47822702, 1.0002824, 5.1918936, 0.5001316] 2.4776278 1.0651946 0.9128362 1.2182112
[8949, 0.4483101, 1.0696285, 3.5019193, 0.6911793] 2.7884254 1.1593536 0.9023216 1.1774483
[8950, 0.38282648, 1.0821946, 5.4438214, 0.61236346] 2.4934335 1.2356331 1.014001 1.1603063
[8951, 0.3858233, 1.0802313, 5.285417, 0.46738598] 2.6243002 1.2094463 1.0205995 0.9236194
[8952, 0.44933572, 1.0160494, 5.158545, 0.5084663] 2.5261953 0.96376103 1.0378261 1.197991
[8953, 0.5885704, 0.81396407, 5.573296, 0.37089613] 2.2165165 1.0472012 0.9566459 1.3490502
[8954, 0.48962477, 1.0575973, 3.2880044, 0.9406708] 2.9125342 0.92206013 1.0606453 1.1002345
[8955, 0.510503, 1.0422115, 3.0959692, 0.8135599] 2.7883499 1.1748711 0.989525 1.220342
[8956, 0.56263894, 0.85076964, 5.0659633, 0.3616584] 2.3441346 1.0718942 0.906267 1.1816947
[8957, 0.5589974, 1.0310037, 2.9578211, 0.7471924] 2.8968616 1.1785035 1.0529982 1.071371
[8958, 0.5896383, 0.88218945, 4.491342, 0.4418142] 2.4149098 1.045627 0.81200767 1.3010159
[8959, 0.35696092, 1.0825778, 5.615748, 0.7540338] 2.5915036 1.0537678 0.9467568 1.1769743
[8960, 0.50062704, 0.84404385, 5.438033, 0.34511623] 2.31703 1.1581644 0.85609925 1.0036625
[8961, 0.42624956, 1.0414985, 4.100428, 0.6739069] 2.817261 1.0990468 1.0239109 0.9731674
[8962, 0.4604083, 1.0329485, 5.1157713, 0.49918494] 2.4669845 1.1264546 0.99076974 1.3153481
[8963, 0.52827954, 0.9283124, 4.616231, 0.48371598] 2.4041812 1.0492843 1.1083311 1.041563
[8964, 0.58994246, 0.9948827, 2.9218922, 0.8042386] 3.009973 1.0987295 0.9267117 1.200575
[8965, 0.36387068, 1.081572, 4.4804373, 0.5650685] 2.6460702 1.07501 0.88548666 1.2894067
[8966, 0.5281819, 1.0183611, 2.8537397, 0.8861586] 3.0014243 1.143153 0.9409969 0.94116586
[8967, 0.48075676, 1.022271, 4.0507784, 0.8453538] 2.6637998 1.2600777 0.9312169 1.2265624
[8968, 0.40766785, 1.0644468, 5.2427855, 0.44892135] 2.5306046 1.1486766 0.9043004 1.1577426
[8969, 0.45212582, 1.0280282, 5.598791, 0.9177437] 2.434837 1.2514588 1.0692186 1.1235032
[8970, 0.4711732, 0.98682964, 5.971008, 0.54126555] 2.6945164 0.8678399 0.94310385 0.98848146
[8971, 0.38769355, 1.0603433, 5.515992, 0.51452595] 2.529222 1.0479465 0.9336244 1.1823959
[8972, 0.36976823, 1.0554521, 5.443329, 0.57181615] 2.3816395 1.1010189 0.9894812 1.2226737
[8973, 0.40335667, 1.0515229, 5.4198465, 0.608444] 2.5284953 1.0728402 1.0414973 1.2798408
[8974, 0.36003503, 1.0654734, 5.107847, 0.63845444] 2.7328506 1.0258251 0.8854139 1.0297714
[8975, 0.47599697, 1.0498222, 3.565758, 0.7569932] 2.7495387 1.2076689 0.9613561 1.1634979
[8976, 0.39328355, 1.0920776, 5.710316, 0.5987068] 2.312096 1.2984483 0.9926542 1.3051013
[8977, 0.5541965, 0.9573924, 5.2078176, 0.4212049] 2.5288353 1.0888113 0.738979 1.3625981
[8978, 0.5911238, 0.81727034, 5.9422603, 0.37410918] 2.046389 1.2362943 1.038967 1.3921632
[8979, 0.42250034, 1.031476, 4.430626, 0.5433157] 2.619566 0.99166584 0.97800136 1.2779741
[8980, 0.4878473, 1.0266379, 3.9027088, 0.5860693] 2.9090142 1.0751787 0.84936196 1.0120708
[8981, 0.509837, 0.9263165, 5.2906857, 0.41982025] 2.3418038 1.1027191 0.9335852 1.13008
[8982, 0.4180868, 1.0345713, 5.0643587, 0.4334665] 2.6428807 1.0687499 0.85312957 1.1712598
[8983, 0.47872704, 0.99063873, 4.9898324, 0.5079606] 2.495928 0.9930391 0.88282055 1.2138777
[8984, 0.57313687, 1.0344627, 2.5963264, 0.8342766] 3.0505319 1.1982317 0.9621614 0.9918959
[8985, 0.47076705, 0.9679785, 5.7122536, 0.5287777] 2.3740873 1.082946 0.97920024 1.2731868
[8986, 0.4584948, 1.0078026, 5.431003, 0.8748128] 2.468542 0.9730843 0.9788375 1.275049
[8987, 0.44933406, 1.0378355, 5.2094893, 0.5014445] 2.5354779 1.2923913 0.9701551 1.0949707
[8988, 0.4860234, 0.9370783, 5.2280006, 0.50556666] 2.573226 0.8514433 0.8609093 1.0647845
[8989, 0.40434697, 1.0228115, 4.9076757, 0.4542061] 2.744487 1.0190884 0.9894165 0.93871135
[8990, 0.43750992, 1.0477437, 5.3560834, 0.6439311] 2.4006338 1.1753271 1.0240476 1.3184466
[8991, 0.34737685, 1.0766877, 5.2976975, 0.4108079] 2.6199899 1.0613756 0.83273333 1.187992
[8992, 0.37941882, 1.0632082, 5.1518636, 0.49855176] 2.672457 1.0561311 0.9125863 1.1082767
[8993, 0.5664913, 0.86489624, 5.572035, 0.5707323] 2.4266863 1.0384514 1.0185492 0.9701899
[8994, 0.46460947, 0.9992655, 5.0496845, 0.50522316] 2.7026691 1.0739793 0.86073893 1.1429086
[8995, 0.5546525, 0.989185, 3.4206991, 0.6687827] 2.8176293 1.2492808 0.8148515 1.1936716
[8996, 0.4450079, 1.0303574, 4.3393555, 0.4934687] 2.8573654 1.0178435 0.8930809 1.0232818
[8997, 0.38125315, 1.0443358, 4.3767095, 0.49533135] 2.8418136 0.93786395 0.76801443 1.1234509
[8998, 0.4257676, 1.0357956, 5.5862603, 0.57252365] 2.4851801 1.1084272 1.0280771 1.1160572
[8999, 0.3846161, 1.1106924, 5.2949553, 0.54741657] 2.6421478 1.217721 0.8708869 1.0661234
[9000, 0.5635957, 1.0450295, 2.5163214, 0.71333814] 3.0812695 1.0637374 1.0551732 1.1065042
[9001, 0.5389157, 0.9685993, 3.447806, 0.80092597] 2.8580341 1.091601 0.973241 1.0368719
[9002, 0.41928384, 1.0271342, 5.1778555, 0.55931395] 2.4044356 1.1754533 0.93082273 1.1249282
[9003, 0.5022353, 0.99765927, 3.0549672, 0.6578465] 2.9601898 1.082092 0.84268755 0.96134716
[9004, 0.4921501, 1.0150001, 3.3855646, 0.5667009] 2.9278767 1.1205083 0.9333842 0.9539303
[9005, 0.49727467, 1.0050808, 5.763485, 0.424224] 2.369947 1.1955446 0.97540474 1.3365773
[9006, 0.5319642, 1.0153865, 2.9272993, 0.97687984] 2.851445 1.1226512 1.0522888 1.0938743
[9007, 0.4144352, 1.0424298, 4.8066735, 0.5315486] 2.4939983 1.020323 1.0279316 1.2862297
[9008, 0.45284376, 1.0109421, 4.4171734, 0.55160123] 2.6903143 0.951769 1.0305784 1.1897095
[9009, 0.4782991, 0.9883255, 5.845531, 0.5141729] 2.3143923 1.2034212 1.0447124 1.2497995
[9010, 0.4450072, 1.0475752, 5.379202, 0.48897102] 2.4233124 1.1673167 1.0569572 1.3325016
[9011, 0.4567859, 1.0173047, 4.0832524, 0.56555504] 2.7844622 1.1995043 0.9961837 0.9205729
[9012, 0.55084205, 0.9972638, 3.0337167, 0.67495376] 3.032097 1.1595545 0.8093473 0.9532653
[9013, 0.42190373, 1.0612776, 5.6163473, 0.55126536] 2.6680946 1.0293335 0.83977467 1.1421398
[9014, 0.4455694, 1.0244766, 4.9057536, 0.46897584] 2.785873 0.9401895 0.87477696 1.1225649
[9015, 0.4274173, 1.0322721, 5.6405644, 0.58152276] 2.4755962 1.09194 0.90763974 1.1517032
[9016, 0.49804065, 0.9866418, 5.371239, 0.53379077] 2.4604745 1.1533449 0.94503194 1.0672088
[9017, 0.49055707, 0.9758176, 5.3831186, 0.59904826] 2.4323423 0.9963074 0.97478795 1.2861046
[9018, 0.45736983, 1.0377104, 4.7004795, 0.47876585] 2.6974635 1.083514 0.8171514 1.1151421
[9019, 0.42756346, 1.0360935, 4.572078, 0.60693735] 2.676718 1.010272 1.0905833 1.0912358
[9020, 0.5792828, 0.8789943, 4.633482, 0.53491443] 2.4241467 1.1120034 0.98607737 0.972887
[9021, 0.58639556, 0.82526636, 5.4723067, 0.4208579] 2.211352 1.079266 0.9757773 1.2866962
[9022, 0.46657875, 1.0255251, 3.746677, 0.68061405] 2.7675316 1.104054 0.91367817 1.1850708
[9023, 0.4510628, 1.0355278, 5.403567, 0.49965623] 2.3623464 1.2905246 0.92433053 1.218442
[9024, 0.37169495, 1.0508748, 4.636985, 0.42307928] 2.6411183 1.0246972 0.89639044 1.2535195
[9025, 0.51108676, 1.0310562, 2.6974072, 0.5999375] 2.9681332 1.1341254 0.92951125 1.1198087
[9026, 0.40213156, 1.0552275, 4.797825, 0.4768183] 2.4846783 1.1564155 1.0568721 1.2234977
[9027, 0.47017026, 1.026652, 5.6453223, 0.56180954] 2.4097698 1.1633636 0.95657134 1.2731446
[9028, 0.5332457, 0.9862809, 3.3088474, 0.63707817] 2.8633063 1.0510288 1.0025933 1.1105736
[9029, 0.42322624, 1.0464593, 5.066268, 0.4817338] 2.4822283 1.1658891 1.0138899 1.1684275
[9030, 0.38059413, 1.081351, 5.504305, 0.58138615] 2.4724042 1.204001 1.0273293 1.1780007
[9031, 0.44091332, 1.0690123, 3.4617639, 0.87128466] 2.9616268 0.9812407 0.9020164 1.05305
[9032, 0.43673646, 1.0686812, 3.7774382, 0.6866065] 2.9171526 1.2112659 0.8549325 0.9885838
[9033, 0.46405855, 1.025633, 3.6061978, 0.96157146] 2.946394 1.1861544 0.8600722 0.9613305
[9034, 0.47760364, 0.98513395, 5.139631, 0.40369892] 2.500841 1.1329658 0.7649093 1.1591647
[9035, 0.4734274, 1.0487137, 3.2822146, 0.94761854] 2.9615085 0.99750143 1.0116442 0.9706292
[9036, 0.43302748, 1.0352858, 5.068738, 0.47476172] 2.63016 1.1528963 0.985153 0.9624846
[9037, 0.4957977, 1.0039792, 4.794554, 0.34712166] 2.545291 0.96490437 0.8648637 1.4879512
[9038, 0.43864405, 1.0528276, 4.3659344, 0.4553727] 2.5540874 1.0806085 1.0458658 1.2892616
[9039, 0.5779862, 0.9903977, 2.9714305, 0.7021543] 2.9451597 1.1515832 0.9169357 1.1502374
[9040, 0.45870942, 1.0371933, 4.9692025, 0.48400843] 2.4363616 1.0775554 1.0981696 1.4119673
[9041, 0.62219924, 0.70629203, 5.853546, 0.48431164] 2.1703842 0.99880564 0.9725516 1.1672661
[9042, 0.4710663, 0.98175883, 5.771423, 0.46533236] 2.5791516 1.0599976 0.8823787 0.9830523
[9043, 0.39326474, 1.0388337, 4.698073, 0.38943636] 2.7089224 1.0474292 0.86216193 1.1085458
[9044, 0.49184263, 1.0181189, 4.3285995, 0.40419683] 2.5163178 1.2086245 1.0760394 1.149126
[9045, 0.407984, 1.0530763, 4.198059, 0.57067585] 2.8236954 1.0945413 0.8054643 1.1395649
[9046, 0.60522807, 0.6707816, 5.1862383, 0.5697248] 2.3109744 0.8063369 0.9498957 1.169086
[9047, 0.3712295, 1.0884079, 5.091693, 0.59566] 2.6634238 1.0223655 0.93871427 1.1630243
[9048, 0.38854975, 1.0940077, 5.0989695, 0.48602843] 2.730799 1.0341036 0.8231819 0.978953
[9049, 0.41176265, 1.0188966, 6.2993903, 0.6678146] 2.506339 0.99721205 0.97820383 1.0904057
[9050, 0.4706923, 1.0085555, 4.186449, 0.5876315] 2.8330393 1.2208183 0.82889795 0.93687946
[9051, 0.424292, 1.0375457, 5.7053914, 0.5324777] 2.4852073 0.9997517 0.78206253 1.3529011
[9052, 0.55882424, 0.9151646, 4.8901186, 0.6202042] 2.2853453 1.2198911 0.9823835 1.2237016
[9053, 0.6051864, 0.9557838, 2.8587618, 0.81552434] 3.0137546 0.94186676 0.9371238 1.1897271
[9054, 0.44218737, 1.0566546, 3.6897569, 0.64617914] 2.8007379 1.2543423 0.8553599 1.0833418
[9055, 0.53557813, 1.0236727, 2.8755422, 0.9147741] 3.2022803 0.90274936 0.89353245 0.9287412
[9056, 0.34982726, 1.0850803, 5.102817, 0.54479] 2.6578085 0.9527447 1.0069256 1.1150776
[9057, 0.60639596, 0.9794688, 2.906401, 0.7736194] 3.002776 1.0480682 0.9334099 1.184598
[9058, 0.48000517, 1.016674, 3.8683965, 0.609881] 2.6315742 1.2499142 0.9883057 1.1959665
[9059, 0.46499208, 1.0134951, 3.5811024, 0.49072346] 2.647929 1.1815103 1.0103419 1.2130512
[9060, 0.4023627, 1.0435159, 6.081956, 0.5381716] 2.567149 0.9344479 0.94933045 1.1732156
[9061, 0.48057348, 1.0462192, 3.2623296, 0.8301879] 2.9876544 0.98873264 1.0019474 0.8702817
[9062, 0.4144715, 1.0538007, 5.755895, 0.733495] 2.562383 0.9551706 0.9282389 1.1577158
[9063, 0.38160625, 1.0673659, 5.29664, 0.5609099] 2.600311 1.0839936 0.9925446 1.0803963
[9064, 0.39016283, 1.0526615, 5.0765386, 0.51542693] 2.5265102 1.2596943 1.0409548 1.1751616
[9065, 0.46984684, 1.0058004, 5.083368, 0.6833645] 2.4682543 1.2133721 1.0890104 1.0629538
[9066, 0.45898166, 1.0141858, 5.0922594, 0.45818636] 2.8645356 1.0865622 0.7963947 0.84982926
[9067, 0.4097895, 1.0480045, 4.433595, 0.49612856] 2.5679784 1.2200273 1.0383824 1.1321092
[9068, 0.45696434, 1.0306491, 5.2728167, 0.5049461] 2.668855 0.95954907 1.0811567 1.0042539
[9069, 0.41044006, 1.0176662, 4.020495, 0.42694747] 2.7426283 0.9815981 0.83299315 1.2227327
[9070, 0.48824295, 1.0281193, 3.3108287, 0.6935865] 2.7625048 1.1230938 0.83584315 1.3385688
[9071, 0.40203673, 1.0526748, 5.27829, 0.580142] 2.623015 1.2799127 0.88560754 1.0599947
[9072, 0.38625404, 1.0850716, 5.134656, 0.75077057] 2.5224917 1.1533729 1.0185863 1.0381347
[9073, 0.40447834, 1.0523866, 4.7888126, 0.5684865] 2.6401875 1.2287816 0.9335364 1.0961113
[9074, 0.33911195, 1.0563879, 4.8511963, 0.44451368] 2.7074418 0.9939044 0.965497 1.0887041
[9075, 0.5153737, 1.0246608, 3.1509764, 0.68312806] 2.985473 0.9678955 1.0843638 0.9134473
[9076, 0.62797594, 0.92954737, 3.232454, 0.6887045] 2.7847588 1.3144026 0.89348274 1.2021317
[9077, 0.5221739, 0.9390841, 5.747321, 0.7157538] 2.590915 0.9562095 0.9283276 1.0192674
[9078, 0.3728862, 1.0691501, 5.0765915, 0.45061633] 2.5391824 1.0187818 1.1544746 1.2217513
[9079, 0.4646578, 0.9919279, 4.3471513, 0.5110712] 2.8044972 0.90429986 0.89662445 1.1630763
[9080, 0.4937578, 1.0040157, 4.77115, 0.64356273] 2.6061168 1.1178812 1.0166886 1.2648177
[9081, 0.45852554, 1.0485703, 3.409909, 0.8485637] 2.932316 1.0816941 0.9608707 0.9979159
[9082, 0.43052918, 1.0554999, 4.353712, 0.64661086] 3.0080833 0.9091392 0.96598613 0.80005705
[9083, 0.38323656, 1.0725572, 5.7342167, 0.57095265] 2.4389064 1.1026695 1.0960686 1.0718575
[9084, 0.5219003, 0.9498318, 5.490392, 0.5052349] 2.3657477 1.0540394 0.9717704 1.3315839
[9085, 0.4089365, 0.94261503, 5.7622366, 0.42290747] 2.2127104 1.0649674 0.9577319 1.3171183
[9086, 0.48443863, 0.9727433, 5.225838, 0.54525334] 2.4793358 1.0908052 0.8360314 1.2068101
[9087, 0.46538657, 1.0217671, 4.5475216, 0.44307947] 2.635043 1.0036455 0.90608966 1.3459151
[9088, 0.37405896, 1.0676287, 5.6894684, 0.7374139] 2.5778644 1.0289708 1.0406718 1.1153147
[9089, 0.4943563, 1.0042506, 3.5984569, 0.65899307] 2.9124157 0.90263575 0.9953713 1.0336779
[9090, 0.3761675, 1.0618473, 4.316357, 0.6363546] 2.7044663 1.1095241 0.95506954 1.0112456
[9091, 0.57267654, 0.94275737, 5.3592424, 0.5413145] 2.337309 1.1162345 0.9655201 1.3823624
[9092, 0.53023213, 0.9361688, 4.672116, 0.48845223] 2.3981748 1.1360272 1.0051523 1.0697597
[9093, 0.36570334, 1.0646168, 5.1972394, 0.5684686] 2.6835527 1.0202825 1.0371783 0.99219716
[9094, 0.44376665, 1.0247238, 4.6154704, 0.46946043] 2.9104133 0.97131604 0.87711126 0.9221147
[9095, 0.55174005, 0.9995105, 3.2458522, 0.8924953] 2.7900443 1.1883585 1.0097756 1.1826638
[9096, 0.37604842, 1.0884936, 4.976377, 0.6873394] 2.70073 1.0549134 0.83540994 1.0966047
[9097, 0.44179887, 1.0457611, 4.6422267, 0.47319514] 2.643522 1.3170111 0.99325264 0.8345221
[9098, 0.36817753, 1.0658239, 5.5926595, 0.4755497] 2.6252034 1.0799713 0.9170569 1.1760052
[9099, 0.48294857, 1.0355155, 3.5244408, 0.6912524] 2.8084078 1.1495603 0.85080063 1.2115813
[9100, 0.4370136, 1.0350381, 3.637173, 0.7516548] 2.7128313 1.1589875 1.0878798 1.0770084
[9101, 0.37066507, 1.059062, 3.9922779, 0.58054525] 2.7806387 0.9551826 0.9786644 1.1744099
[9102, 0.43550548, 1.0397344, 3.7413995, 0.62546223] 2.8040645 1.0875428 0.87288433 1.1373208
[9103, 0.55271715, 0.9833315, 3.271884, 0.73895997] 2.7829456 1.0282463 0.9574327 1.3016189
[9104, 0.46618855, 1.0043503, 4.185897, 0.42547593] 2.78282 1.0441556 0.9144437 1.0791013
[9105, 0.599896, 0.95100224, 3.190409, 0.7719938] 2.7300785 1.1137881 1.0576378 1.3021382
[9106, 0.4402413, 1.0252675, 4.562973, 0.51427066] 2.4938283 1.2487452 1.0549067 1.2153262
[9107, 0.4298503, 1.0235181, 4.9807816, 0.5012768] 2.5004926 1.1598169 0.9651576 1.1424991
[9108, 0.48125646, 1.007873, 5.1801114, 0.50173336] 2.4455495 1.2431555 1.1367264 1.1767372
[9109, 0.43125162, 1.0494145, 5.146281, 0.4483278] 2.4873033 1.074304 0.9523541 1.23842
[9110, 0.3670853, 1.0791097, 5.9248996, 0.76473284] 2.518955 1.1139693 1.0475832 0.9976584
[9111, 0.40015098, 1.0614312, 5.126485, 0.42951584] 2.545604 0.99856377 1.171006 1.1372734
[9112, 0.40097973, 1.052774, 3.736539, 0.5969703] 2.8043795 0.98962206 1.0515932 1.0679736
[9113, 0.38412258, 1.0574266, 5.1902204, 0.50174415] 2.5756729 1.0406868 0.8466543 1.126813
[9114, 0.44420022, 1.0394579, 5.1324816, 0.54394156] 2.5848706 1.144942 0.80854183 1.2398528
[9115, 0.4640036, 1.0502827, 3.86058, 0.62804466] 2.849713 1.1410036 1.0315032 0.8872195
[9116, 0.41001484, 1.0402802, 5.5269427, 0.5578475] 2.41392 1.1022942 1.041354 1.1682333
[9117, 0.5299191, 0.94342047, 4.8356924, 0.4381361] 2.358202 1.2579129 0.96798676 1.0699093
[9118, 0.48694316, 0.98689634, 5.6472692, 0.5739252] 2.4258213 1.1898054 0.92868304 1.1957221
[9119, 0.4343712, 1.0230273, 4.4837914, 0.58199984] 2.5325916 1.174696 1.0604708 1.2693712
[9120, 0.47017694, 0.9396608, 5.045673, 0.49032208] 2.368409 0.99616575 1.0419693 1.1167676
[9121, 0.39350608, 1.0603175, 5.41208, 0.44238257] 2.577731 1.0966144 0.94190997 1.0941578
[9122, 0.4440931, 1.0229073, 4.3817854, 0.5840668] 2.627585 1.1591493 0.89770085 1.221973
[9123, 0.6072362, 0.9508845, 3.1908314, 0.66116357] 2.903575 1.2802811 0.83357894 1.0292321
[9124, 0.4114504, 1.0544674, 4.644866, 0.5464242] 2.6522434 1.1144141 0.9701683 1.1269983
[9125, 0.57324594, 1.0785738, 2.4965298, 0.730622] 3.1387305 1.1625484 0.9916047 1.1205094
[9126, 0.4094939, 1.021728, 4.2938566, 0.5222106] 2.6777928 1.153242 1.0562878 1.0416774
[9127, 0.53957003, 0.9755173, 5.729745, 0.5233222] 2.2328806 0.96639043 1.1200376 1.587159
[9128, 0.47856656, 1.0334088, 3.37726, 0.7653202] 2.7468958 1.098854 0.95954734 1.2770388
[9129, 0.4682281, 1.0227494, 4.7549777, 0.54062164] 2.4502432 1.0702355 1.0690842 1.430895
[9130, 0.44195485, 1.0444409, 5.7833824, 0.52221423] 2.3892148 1.1881287 1.1380584 1.0898864
[9131, 0.50979644, 0.9855013, 3.2064734, 0.54912275] 2.7609522 1.0501161 1.0834991 1.1542872
[9132, 0.6062724, 0.9538922, 3.011755, 0.68162864] 2.6683562 1.2156305 1.0894611 1.324599
[9133, 0.43010727, 1.0186067, 5.54041, 0.73585886] 2.435822 1.0305083 0.97945195 1.1957645
[9134, 0.42753348, 1.0414599, 4.9194694, 0.57376957] 2.768889 1.0158887 1.0196142 0.9529071
[9135, 0.5106515, 1.0224824, 3.4164941, 0.9880747] 2.909173 1.0908604 1.0032406 1.0099645
[9136, 0.4338865, 1.0347037, 4.395125, 0.44703567] 2.652882 1.0897579 0.86324614 1.2094433
[9137, 0.35920444, 1.084689, 5.3895507, 0.612501] 2.6330853 1.101763 1.0512083 1.0108916
[9138, 0.5405757, 1.0049895, 3.2235448, 0.66391283] 3.0228343 1.030684 0.88758326 1.0223933
[9139, 0.5416942, 1.0365902, 3.4591525, 0.6518457] 3.0008798 1.1349436 1.0146742 0.8007916
[9140, 0.5092581, 1.0016601, 3.2688236, 0.71715415] 3.0023153 1.0179954 0.9481048 0.9107933
[9141, 0.35863718, 1.0962877, 5.4961886, 0.5551718] 2.479347 1.2129693 1.0335822 1.028411
[9142, 0.43968436, 1.059556, 3.8250751, 0.7105] 2.812459 1.0311576 0.95661056 1.1823201
[9143, 0.47412825, 1.0049436, 5.828004, 0.55720705] 2.4399621 1.227019 1.0369691 1.0567132
[9144, 0.5514566, 0.9537112, 4.2829285, 0.48063254] 2.4860187 1.1187266 1.1882346 1.322794
[9145, 0.35758817, 1.0282062, 4.783269, 0.5307765] 2.656664 1.0590184 0.8921507 1.1093372
[9146, 0.37446365, 1.0589379, 5.3374276, 0.5294222] 2.6660132 0.9140025 0.9452717 1.1912355
[9147, 0.5521292, 0.8436285, 6.0877604, 0.47903517] 2.3246753 0.97184277 0.95497996 1.1038884
[9148, 0.52408373, 0.9499715, 5.5979505, 0.57967466] 2.3936098 1.017663 1.0494645 1.2483705
[9149, 0.43416172, 1.0451766, 3.6727436, 0.70817775] 2.7460015 1.0648549 0.93457377 1.2339365
[9150, 0.5166863, 0.9607995, 4.173435, 0.5827571] 2.7180545 1.1800399 0.95478034 1.0130283
[9151, 0.53733504, 0.92534363, 5.148851, 0.7257837] 2.473761 1.0304627 0.87708324 1.1765056
[9152, 0.49503264, 0.86724246, 6.044731, 0.40462953] 2.0385826 1.1219933 1.2397084 1.2617177
[9153, 0.5251026, 0.95620775, 5.176248, 0.47292438] 2.28005 1.1978678 0.91199774 1.3722656
[9154, 0.52893674, 0.9383576, 5.2676735, 0.39720318] 2.3637495 1.2181818 0.95431733 1.3284042
[9155, 0.41222748, 1.0569602, 5.022043, 0.6030705] 2.6814346 1.1338389 0.7024292 1.1037881
[9156, 0.55300546, 0.80194104, 5.703069, 0.44010842] 2.0564198 1.2828771 0.85301965 1.3493292
[9157, 0.4459781, 1.0337483, 5.2637334, 0.5203282] 2.5952258 1.085472 0.86686677 1.265305
[9158, 0.42491585, 1.0425034, 5.0368257, 0.58208835] 2.4049952 1.2188424 1.0168735 1.2399286
[9159, 0.400363, 1.0378939, 3.3309622, 0.4846828] 2.8029554 1.0288005 0.9404773 1.0821183
[9160, 0.58732826, 1.0140369, 2.79808, 0.8159848] 3.0669618 1.1725122 0.906441 1.0143768
[9161, 0.54898673, 0.82090163, 5.817822, 0.44367453] 2.2669864 1.1279141 0.99502337 1.0243944
[9162, 0.47282878, 0.990208, 5.3660045, 0.45241848] 2.5276425 1.0425256 0.79387903 1.1744673
[9163, 0.41703492, 1.0580002, 4.006745, 0.7502499] 2.6321292 1.2119997 1.0223179 1.1648223
[9164, 0.45274892, 1.0300287, 4.613437, 0.6317367] 2.5729725 1.0973511 1.0248724 1.2513102
[9165, 0.40122133, 1.0662051, 5.1586237, 0.42741203] 2.5685246 1.0656832 0.97282755 1.1990739
[9166, 0.48028582, 1.0172168, 5.0348744, 0.41140175] 2.537376 1.0603276 0.9082647 1.3584187
[9167, 0.520931, 1.0522645, 2.9264028, 0.8134274] 2.9494298 1.1194699 0.88616365 1.1601442
[9168, 0.42364863, 1.039431, 4.813378, 0.50453997] 2.7711158 1.1660094 0.8543849 0.98957497
[9169, 0.51725894, 0.9438555, 5.4536285, 0.45198295] 2.387441 1.143056 1.1116151 1.0016376
[9170, 0.4693886, 1.0304118, 3.5933397, 0.5944636] 2.7382648 1.1845847 0.9213803 1.1618658
[9171, 0.3628225, 1.0631739, 5.7429934, 0.91955227] 2.5757878 0.95160824 0.9803633 1.160327
[9172, 0.5713582, 0.9519527, 3.3652668, 0.6218564] 2.8796663 1.0138425 0.8211455 1.2699473
[9173, 0.41119602, 1.0430986, 5.8178554, 0.51183194] 2.7534034 0.92879283 0.91252065 0.98242134
[9174, 0.53609586, 0.91546524, 5.1835403, 0.5553024] 2.257778 1.0721663 1.0615581 1.2676783
[9175, 0.44910255, 1.0286965, 5.306573, 0.525746] 2.5456486 1.0411972 0.9352823 1.1358202
[9176, 0.5155406, 0.9838146, 5.7217164, 0.54813707] 2.248312 1.144001 1.0313157 1.4340895
[9177, 0.3480282, 1.0963284, 5.121796, 0.5608385] 2.5616763 1.0358301 0.9358182 1.077062
[9178, 0.40086538, 1.0659221, 4.7095623, 0.32501298] 2.6452467 1.2216274 0.84576625 1.0502051
[9179, 0.46698463, 1.0102363, 3.9735713, 0.46268302] 2.62916 1.3505194 0.8904766 1.0749002
[9180, 0.34997296, 1.0674207, 5.2609572, 0.6495119] 2.682371 0.878884 1.0871363 1.0863698
[9181, 0.46735287, 1.0128243, 4.5279565, 0.55169964] 2.7056491 1.1532481 1.0044264 0.98406404
[9182, 0.49549237, 0.99148494, 4.356255, 0.6520247] 2.7158504 1.0908605 1.0135643 1.087435
[9183, 0.34291208, 1.0864229, 5.289199, 0.5549771] 2.6849082 0.95450306 1.0330433 1.0440319
[9184, 0.5004236, 1.0181227, 3.0698526, 0.52827626] 3.016946 1.0665375 0.94945705 0.94185865
[9185, 0.5440372, 1.0424387, 3.398691, 0.71918494] 3.071131 1.197309 0.9064731 0.789718
[9186, 0.42331392, 1.0132542, 4.381918, 0.4643349] 2.7385123 1.0940993 1.017248 1.0384712
[9187, 0.41010416, 1.0569358, 5.8728566, 0.5920751] 2.5668988 1.1895323 0.96234196 0.88612986
[9188, 0.5663812, 0.8777467, 5.3190193, 0.36938027] 2.3955824 0.956145 0.90423644 1.2337108
[9189, 0.45728853, 1.0473664, 5.820301, 0.47494903] 2.3694775 1.3255879 1.0873272 1.1328527
[9190, 0.47272903, 0.9941418, 4.861626, 0.43926504] 2.4442422 1.0722365 0.95522547 1.1712065
[9191, 0.47521457, 1.0108925, 4.5983343, 0.46636996] 2.4320467 1.1009403 0.9486805 1.312141
[9192, 0.42188507, 1.0485477, 5.3075533, 0.3680697] 2.4670029 1.1196073 1.0851449 1.0716213
[9193, 0.47267154, 0.99449486, 4.2678285, 0.50341934] 2.8439457 1.0793281 0.90180045 0.97601795
[9194, 0.4522747, 1.0588905, 3.2593572, 0.6041223] 2.8065908 0.98297036 1.1091924 1.187708
[9195, 0.48393363, 0.9795324, 5.294581, 0.6079133] 2.3456025 1.1299715 1.0470333 1.2058425
[9196, 0.48539862, 1.0961181, 3.1929693, 0.71921337] 2.9750915 1.2522082 0.92820334 0.8802445
[9197, 0.63060755, 0.9571331, 2.539149, 0.5920299] 3.067518 0.9969518 1.0348135 1.0929599
[9198, 0.53847694, 0.94395405, 6.1070943, 0.56540906] 2.3560138 1.0258862 1.1121339 1.1763295
[9199, 0.57147545, 0.87114507, 5.632572, 0.413676] 2.1078231 1.2997508 0.9885456 1.3235115
[9200, 0.52995646, 0.99737835, 3.4155548, 0.6819325] 2.9222894 1.1021794 1.0153114 0.94757354
[9201, 0.45369226, 1.0382807, 4.208571, 0.59917915] 2.9345737 1.1095182 0.8116271 0.9064748
[9202, 0.51730144, 1.0158122, 3.6186275, 0.61566854] 2.9988701 1.2159821 0.8331998 0.76862884
[9203, 0.50398564, 0.96269715, 5.165958, 0.5462771] 2.4022942 1.0483738 0.99009013 1.2078705
[9204, 0.34454808, 1.0631729, 5.577491, 0.61811966] 2.4591882 1.0550153 0.9287598 1.2855318
[9205, 0.58150077, 0.86731035, 4.4694347, 0.50482017] 2.2721226 1.229395 1.0669258 1.1675588
[9206, 0.39861974, 1.0667814, 3.4180825, 0.603866] 2.6911147 1.321273 0.96558523 1.098475
[9207, 0.47540155, 0.99207664, 4.9640656, 0.56903714] 2.6727908 1.0383909 1.0461998 1.11942
[9208, 0.387408, 1.0620114, 5.5713882, 0.58761483] 2.4934037 0.91119266 1.1186562 1.3563912
[9209, 0.46624944, 1.020944, 3.6754472, 0.63759094] 2.7513137 1.1862866 0.9217554 1.1242349
[9210, 0.48772475, 1.0177149, 3.2569685, 0.69077647] 2.7022295 1.1791178 1.1350805 1.1478794
[9211, 0.42329854, 1.0477458, 4.3320513, 0.5770483] 2.7684367 1.0813818 0.9271856 1.0656446
[9212, 0.37050292, 1.0603528, 5.4091, 0.5439427] 2.5904222 0.9604458 1.0583512 1.1676297
[9213, 0.62731355, 0.9250215, 3.1006942, 0.63554984] 2.8101585 1.1509868 1.0968305 1.0522279
[9214, 0.47413912, 0.99651515, 5.2762575, 0.53174806] 2.4355755 1.2496924 0.95539206 1.0578313
[9215, 0.49732327, 0.9829859, 3.6408653, 0.57411486] 2.6071942 1.238725 1.0545207 1.2090952
[9216, 0.55021006, 1.0544366, 2.370274, 0.5893374] 3.1661336 1.1944106 0.8590075 1.0287429
[9217, 0.6179916, 0.80384004, 5.50787, 0.38070345] 2.4106128 1.0205412 0.8828911 1.070163
[9218, 0.44959754, 1.0151815, 4.216016, 0.444992] 2.7064655 1.179198 0.98465455 1.0204949
[9219, 0.46204814, 1.0416908, 3.466984, 0.93645865] 2.9219398 1.0502228 0.92095727 0.995069
[9220, 0.5085761, 0.9265783, 5.7260036, 0.43168956] 2.2127388 1.1348342 0.9753495 1.334935
[9221, 0.45000306, 1.0359929, 3.8539402, 0.6406204] 2.8280003 1.1112092 1.0748233 0.9367205
[9222, 0.54313815, 0.97863173, 3.5816402, 0.59838694] 2.747673 1.2726831 1.0555143 0.92545235
[9223, 0.48887184, 0.9968148, 5.0487547, 0.5619618] 2.5548835 1.0522459 0.92786515 1.2910378
[9224, 0.34016228, 1.1081003, 6.2315726, 0.5019533] 2.4940617 1.0681276 0.9713704 1.2183805
[9225, 0.43989274, 1.0246172, 4.521356, 0.5281643] 2.6527421 1.140014 0.9011617 1.1563784
[9226, 0.35208035, 1.0906091, 5.1648097, 0.59878886] 2.6108582 1.018692 0.88112795 1.1218202
[9227, 0.41404653, 1.0747942, 5.793645, 0.6084709] 2.413022 1.0722494 1.0135887 1.3828197
[9228, 0.46096006, 1.0310924, 3.5892627, 0.51453185] 2.908412 1.0261965 0.79693705 1.1010383
[9229, 0.5092273, 0.8733676, 6.1613703, 0.43383056] 2.1675472 1.0170714 1.0128992 1.3907528
[9230, 0.48790613, 1.0131992, 5.072622, 0.6033308] 2.5932133 1.0953277 0.9745959 1.1616061
[9231, 0.4826834, 1.0074831, 3.8346658, 0.72301775] 2.7453709 1.0583292 0.90814865 1.2791654
[9232, 0.5472298, 0.9997741, 3.1895907, 0.76276565] 2.9065566 1.1265717 0.9730207 1.0286208
[9233, 0.36247215, 1.0563056, 4.7971067, 0.4886438] 2.5295415 0.9930933 0.9490019 1.297438
[9234, 0.4707219, 1.0159501, 5.298477, 0.5709594] 2.4175467 1.2209313 1.020182 1.3039193
[9235, 0.3797926, 1.075664, 5.6227937, 0.48815984] 2.38934 1.2343647 0.9572647 1.2689475
[9236, 0.33037314, 1.0722595, 5.2526774, 0.68432647] 2.660946 1.0718299 1.112096 0.9523769
[9237, 0.51657873, 1.0248965, 3.2230248, 0.6767848] 2.91 0.9515466 1.0646406 1.0968231
[9238, 0.48899814, 0.9889337, 5.21455, 0.5261716] 2.349927 1.1770405 0.8521841 1.3297681
[9239, 0.65268296, 0.7334892, 5.777744, 0.48294345] 2.398919 0.9881741 0.8697364 1.0502986
[9240, 0.52939326, 0.8934806, 6.150125, 0.5049144] 2.2741082 1.0678066 1.0657127 1.1434577
[9241, 0.5010682, 1.0099759, 3.7604883, 0.42677718] 2.7160873 1.2156409 1.0197657 1.0886178
[9242, 0.49488494, 0.98311675, 5.2253118, 0.6175859] 2.3056717 1.1819122 1.0268551 1.2416055
[9243, 0.59232855, 0.8676415, 4.745536, 0.37092987] 2.4670887 1.1276555 0.9098195 0.9115453
[9244, 0.35644293, 1.0629617, 4.8117204, 0.524356] 2.675417 1.0404947 0.9861741 1.1407577
[9245, 0.5356835, 1.0153811, 3.1913695, 0.64727926] 2.706532 1.1012512 1.1950388 1.1968241
[9246, 0.3761617, 1.0698643, 5.5235863, 0.53089494] 2.6245384 1.0012225 0.9769585 1.0176427
[9247, 0.57271045, 0.9776145, 2.956861, 0.66005117] 2.802804 1.3004432 0.9634141 1.1627145
[9248, 0.5877455, 1.0162292, 2.4723988, 0.76204693] 2.9740446 1.2010729 1.0316807 1.1711981
[9249, 0.5794999, 0.8618304, 4.8756027, 0.40640873] 2.4076855 1.0338665 0.82669485 1.2068233
[9250, 0.5455435, 0.870078, 5.674023, 0.41403425] 2.413584 1.001489 0.844155 1.1697817
[9251, 0.5104969, 0.98732257, 5.264768, 0.49080673] 2.356769 1.0503635 1.074382 1.4171045
[9252, 0.622259, 0.97560495, 2.9545975, 0.7267929] 2.8427985 1.2085344 0.9004426 1.3579651
[9253, 0.43945888, 1.0360405, 4.1867476, 0.5877652] 2.743152 1.2663443 0.8722331 1.0383178
[9254, 0.39026597, 1.0832603, 5.8105507, 0.6865686] 2.4922976 1.2484888 1.0229505 0.97825944
[9255, 0.55618864, 0.86084497, 5.319581, 0.39127907] 2.2978368 1.0773352 0.9033359 1.2444873
[9256, 0.3775145, 1.0609294, 5.245385, 0.51108336] 2.489306 1.2730403 0.7524194 1.1939344
[9257, 0.46923545, 1.0096699, 5.695073, 0.49582535] 2.5910556 1.2142323 0.89248633 0.95899427
[9258, 0.45583147, 1.0111175, 4.3763013, 0.5748447] 2.7116306 1.0985068 0.93351334 1.2096235
[9259, 0.39120394, 1.0518206, 4.7699924, 0.58832484] 2.4676473 1.1522937 0.966869 1.2517716
[9260, 0.3543406, 1.076605, 4.4085875, 0.6413985] 2.8734114 1.0331868 0.83657676 1.0147474
[9261, 0.32615468, 1.0757685, 5.0784593, 0.52355534] 2.594375 1.1661876 0.93246025 1.1462573
[9262, 0.59479266, 1.0136799, 2.6879082, 0.76464534] 3.0331588 1.1129094 1.0799202 1.19075
[9263, 0.55367064, 1.0229307, 2.99815, 0.78133726] 3.0068138 0.95565444 0.95068127 1.1885674
[9264, 0.56690437, 0.85962826, 4.9913936, 0.4420934] 2.499778 0.9546777 0.9238103 1.0717874
[9265, 0.4575071, 1.0023676, 5.6760793, 0.54820675] 2.4761267 0.94230485 1.0823886 1.1147178
[9266, 0.4399183, 1.0247786, 4.8718777, 0.33870843] 2.4956055 1.107161 0.9594043 1.110846
[9267, 0.42685625, 1.0608225, 4.8907785, 0.55015135] 2.7665212 1.1829524 0.9763708 0.88366765
[9268, 0.37808722, 1.0528442, 5.3149037, 0.48064667] 2.7186487 1.0519186 0.87091404 1.018656
[9269, 0.40864685, 1.046713, 5.869886, 0.52662474] 2.4807527 1.1325341 0.9172205 1.1422602
[9270, 0.3800287, 1.0569977, 3.8871706, 0.5803067] 2.7603366 1.2030371 0.9171752 1.0226403
[9271, 0.40313393, 1.0598811, 5.878201, 0.47153533] 2.4602854 1.2548708 0.9518047 1.1844614
[9272, 0.48553059, 0.9981425, 4.1324086, 0.5781648] 2.8087072 1.0634447 1.0041085 1.0372692
[9273, 0.40149578, 1.0716908, 5.0251846, 0.5800747] 2.4506788 1.1360888 1.0346516 1.1826323
[9274, 0.4297222, 1.0332237, 4.6142573, 0.47486168] 2.7388878 0.98680913 1.1049956 0.9381177
[9275, 0.57814384, 0.9902345, 2.9614415, 0.57316613] 2.9105036 1.3692734 0.7401926 1.0620595
[9276, 0.48429865, 1.0227442, 3.3882077, 0.7552678] 2.796371 1.1819606 1.0191702 1.0352833
[9277, 0.5181799, 0.98505384, 4.146643, 0.6333474] 2.6814263 1.1767529 0.89083046 1.2155545
[9278, 0.39672843, 1.0713307, 4.9944944, 0.54183185] 2.6174762 1.0316792 0.93889403 1.2520207
[9279, 0.48648545, 1.0375439, 3.42466, 0.9445596] 2.7699142 1.1162735 0.94686955 1.25162
[9280, 0.6341047, 0.7836373, 5.275905, 0.31506613] 2.1912317 1.2227087 0.9778473 1.1752144
[9281, 0.6735151, 0.9764277, 2.5692592, 0.79275423] 3.20934 0.98438644 0.9985673 0.99769557
[9282, 0.5888137, 0.97797334, 3.0952003, 0.6120193] 2.9465141 1.3141342 0.8983907 0.9870961
[9283, 0.45018655, 1.034926, 5.714921, 0.52002776] 2.4412935 1.0785357 0.9238924 1.231041
[9284, 0.43039173, 1.0384276, 3.8837113, 0.64344686] 2.703243 1.0193294 0.9656116 1.2437384
[9285, 0.47151732, 1.0791038, 2.8366153, 0.90139675] 2.9572396 1.1879218 0.9950101 1.0335588
[9286, 0.3887943, 1.0830394, 5.6702785, 0.5573314] 2.5888672 1.2847482 0.8978344 1.0215058
[9287, 0.41935456, 1.0365789, 5.036032, 0.46289802] 2.5786443 1.0662532 0.9241369 1.2602057
[9288, 0.42373145, 1.0549334, 5.779843, 0.5152222] 2.687262 1.0327358 0.7564505 1.1290398
[9289, 0.42602903, 1.0182618, 4.150022, 0.45298344] 2.5553317 1.0208385 1.087121 1.2840477
[9290, 0.3942095, 1.0736839, 5.00161, 0.62778926] 2.811451 0.9824487 0.8776116 0.98288095
[9291, 0.49991152, 1.0228978, 3.7649207, 0.73489493] 2.820488 0.8622493 0.994895 1.2736787
[9292, 0.53652877, 0.98229027, 3.066732, 0.6100855] 2.795938 1.0398593 1.0604256 1.3194336
[9293, 0.4752573, 1.0288638, 3.6858807, 0.95250344] 2.8722744 1.1978067 0.9015054 0.9189653
[9294, 0.4842592, 0.9794644, 5.0199127, 0.46424583] 2.3288565 1.1745623 1.1406916 1.2014897
[9295, 0.4152321, 1.0476933, 4.8125925, 0.51578975] 2.5969827 1.1062908 1.033258 1.1617562
[9296, 0.3472296, 1.0870672, 5.082169, 0.57969546] 2.6822352 0.98058045 0.98288375 1.0512857
[9297, 0.42540032, 1.0386708, 4.484993, 0.67388713] 2.7860785 1.0496714 0.9521635 1.0827588
[9298, 0.45815447, 0.9683804, 4.9212003, 0.48755684] 2.572586 1.0445457 0.8160928 1.0634675
[9299, 0.32052082, 1.1029607, 5.5276775, 0.6700715] 2.4568572 1.129298 1.0341088 1.1733321
[9300, 0.5113667, 1.0074311, 3.582504, 0.8244513] 2.9200938 1.0898806 0.9026282 0.9408048
[9301, 0.3685483, 1.0808738, 4.257277, 0.5263516] 2.6573915 1.2004608 0.93405795 1.1050417
[9302, 0.46899083, 1.0075371, 4.8254704, 0.50915927] 2.6459064 1.0429626 0.97946256 1.0667372
[9303, 0.51762426, 0.9341515, 4.705209, 0.5651629] 2.4418945 1.0355041 0.99991256 1.1208929
[9304, 0.5165782, 0.79401064, 5.580503, 0.282164] 2.0537875 1.084718 1.0379602 1.4175864
[9305, 0.4300774, 1.0209094, 4.228082, 0.82069546] 2.6660385 1.1075053 1.0421516 1.2068819
[9306, 0.3811969, 1.0608741, 4.671489, 0.6410913] 2.7432785 1.1402092 0.9633036 0.94758475
[9307, 0.5258975, 0.9014443, 5.2294846, 0.53565085] 2.266207 1.0436398 1.0888699 1.3134915
[9308, 0.4832815, 0.98011184, 5.259011, 0.5008237] 2.277121 1.3149881 0.8914584 1.2646858
[9309, 0.37073553, 1.0854673, 5.2286415, 0.6211203] 2.4334767 1.206907 1.0506307 1.2150034
[9310, 0.48747724, 0.8131217, 6.7590594, 0.50658417] 2.0529194 1.0962754 1.035129 1.3441964
[9311, 0.4322883, 1.0306087, 5.4552455, 0.4900389] 2.6713562 1.0504291 0.9589165 1.069388
[9312, 0.49043944, 1.0006362, 5.5358953, 0.51880765] 2.3326259 0.99359554 1.0679597 1.4367106
[9313, 0.53901184, 0.8262955, 6.082846, 0.4624298] 2.3458939 0.98436356 0.82583135 1.1673445
[9314, 0.49730596, 0.9668981, 5.8767467, 0.539243] 2.3546855 0.9983015 1.0045187 1.2842163
[9315, 0.4348736, 1.034367, 4.14192, 0.6601319] 2.6910222 1.2255766 0.8824487 1.126715
[9316, 0.5394622, 0.9983564, 4.886795, 0.51780427] 2.92118 0.99419415 0.9188795 0.7594039
[9317, 0.40021157, 1.0716784, 5.147197, 0.51704776] 2.4673617 1.138899 0.89218944 1.2489954
[9318, 0.46672213, 1.0197934, 5.5940495, 0.54971164] 2.4247713 1.1158501 0.9400916 1.2867928
[9319, 0.56383747, 0.9606026, 3.5997832, 0.58649796] 2.6881032 1.1228069 0.9042308 1.378311
[9320, 0.48891452, 0.9806338, 4.537347, 0.65081346] 2.673715 0.9706919 1.019373 1.1562489
[9321, 0.4159355, 1.0803175, 3.7454457, 0.774842] 2.8290803 1.0791823 0.9501726 1.069987
[9322, 0.64082545, 0.7521529, 6.136505, 0.38158512] 2.3227317 0.9761055 1.0315552 1.0500782
[9323, 0.5073562, 1.033679, 3.1031554, 0.65693545] 3.0389616 0.96352035 0.8689773 1.1374282
[9324, 0.4085807, 1.0542624, 4.926925, 0.42254195] 2.7112558 1.0185593 0.88793355 1.0144881
[9325, 0.39589047, 1.0321853, 5.463044, 0.42688635] 2.5463858 1.0884452 0.88695616 1.1421438
[9326, 0.38750753, 1.0654768, 4.743754, 0.52289426] 2.6316752 1.1557338 0.931866 1.1365168
[9327, 0.35673252, 1.0801002, 4.6209245, 0.603277] 2.6687238 1.1336566 1.073488 1.0326931
[9328, 0.46318102, 0.8157501, 5.725576, 0.4769672] 1.9063135 1.1366372 1.0012556 1.5148159
[9329, 0.5190235, 0.9077172, 5.0176935, 0.4138764] 2.4465141 0.9306297 0.8998584 1.2130553
[9330, 0.6298909, 0.9450287, 2.9287896, 0.7607607] 3.2047312 0.98927957 0.8908591 0.8277533
[9331, 0.41153997, 1.0548947, 3.9588675, 0.58040506] 2.8738058 1.0355564 0.8830643 1.040462
[9332, 0.40142384, 1.1063801, 3.1519527, 0.82828015] 2.8877585 1.1666805 0.94126046 1.0878956
[9333, 0.39982712, 1.0452838, 4.1150737, 0.48010704] 2.7600791 1.144798 0.9190862 0.9100074
[9334, 0.5446903, 0.91064006, 5.7383304, 0.6269635] 2.336176 1.142433 1.0608895 1.1031889
[9335, 0.52664363, 0.98759013, 4.0591955, 0.5572666] 2.598338 1.1476153 1.1141006 1.2064708
[9336, 0.5359556, 0.93990993, 5.240994, 0.525288] 2.335115 1.1265668 0.98641425 1.2621379
[9337, 0.45802674, 0.98900366, 5.800036, 0.534031] 2.5550504 0.928404 1.0072312 1.0185679
[9338, 0.48495796, 1.0048213, 3.890107, 0.5758111] 2.7235358 0.922738 1.0808626 1.2760036
[9339, 0.45407835, 1.0290691, 5.28515, 0.44525537] 2.5607066 1.0620021 0.84773767 1.1454273
[9340, 0.56529343, 0.99225646, 3.1767647, 0.7143692] 3.0121365 1.1421402 0.9193378 1.0045457
[9341, 0.5220135, 0.8448143, 6.1729865, 0.44155717] 2.3237667 1.0393478 0.91738874 1.1226375
[9342, 0.40039766, 1.0535395, 4.739815, 0.43915147] 2.6281455 1.1882849 0.94786394 1.0569766
[9343, 0.5424351, 0.87913996, 5.960732, 0.43418175] 2.186558 1.1418651 1.0068923 1.2744926
[9344, 0.4166342, 1.0570052, 5.463416, 0.40569803] 2.4866426 1.1893609 0.9771542 1.050858
[9345, 0.53681207, 0.7939272, 5.8610544, 0.38857523] 2.0915184 1.1613817 1.0438563 1.2359632
[9346, 0.4796047, 0.9909164, 5.6700897, 0.5232345] 2.4411523 1.1458774 0.9359792 1.1167016
[9347, 0.45847026, 0.98311096, 4.917313, 0.41640013] 2.7373283 1.0286922 0.8234743 1.0434877
[9348, 0.47213906, 1.0165193, 5.2304344, 0.419227] 2.6429486 1.0609734 0.91291356 1.122623
[9349, 0.4732403, 1.0068536, 3.8352706, 0.5020829] 2.937466 0.89114237 0.8163984 1.0961454
[9350, 0.4425083, 1.0352249, 4.839456, 0.48635504] 2.9031866 1.0465888 0.8501343 0.83705
[9351, 0.43126532, 1.0453293, 4.5074778, 0.70178246] 2.7524712 1.166528 0.8795362 1.0757309
[9352, 0.43840274, 1.0310284, 4.3354344, 0.5937606] 2.650326 1.1394972 1.0051824 1.1505877
[9353, 0.58726335, 0.85960567, 5.059144, 0.42162353] 2.324281 1.0277036 0.84433454 1.3789947
[9354, 0.53416187, 1.0043437, 3.1954892, 0.65875417] 2.7764122 1.0883248 1.0763876 1.205905
[9355, 0.4496845, 1.0292419, 4.08119, 0.72875804] 2.6698222 1.2521266 1.0562798 1.0457785
[9356, 0.6230625, 0.8709677, 4.418525, 0.4289608] 2.2972057 1.2050997 1.0697469 1.0981146
[9357, 0.40865552, 1.0474278, 4.6941996, 0.5170534] 2.6481478 1.1848606 0.9238354 1.1187068
[9358, 0.37503278, 1.0708898, 4.9443192, 0.5154301] 2.647136 1.0023504 0.96548045 1.1325529
[9359, 0.38016096, 1.0664138, 5.419135, 0.48325863] 2.6594732 1.0313139 0.9196377 1.018656
[9360, 0.56447977, 0.76724446, 6.5498147, 0.410853] 2.151885 1.0393009 1.0728115 1.2218364
[9361, 0.4053229, 1.0664942, 4.822189, 0.6774146] 2.812539 1.0042349 0.9357575 1.0428437
[9362, 0.6028784, 0.8929478, 4.9771886, 0.50616] 2.2559874 0.98909146 0.8323963 1.6172609
[9363, 0.36294183, 1.0752255, 4.4319463, 0.62803584] 2.7656426 0.9752052 0.9378815 1.066253
[9364, 0.54614866, 0.9772612, 3.2216187, 0.77535737] 2.7449946 1.1134174 0.9702609 1.2876582
[9365, 0.37089792, 1.0681206, 5.844369, 0.41353884] 2.4246807 1.2923666 0.94415826 1.2650112
[9366, 0.5328864, 0.9560652, 4.5360527, 0.5111685] 2.3687723 1.0665594 0.8636515 1.4113946
[9367, 0.4277474, 0.77648693, 5.682613, 0.73257184] 1.9248466 1.163411 1.0395192 1.215792
[9368, 0.507095, 0.7683866, 5.8167906, 0.4229658] 2.1444411 1.0704702 0.935481 1.2073857
[9369, 0.65293986, 0.65011895, 5.1447535, 0.4573495] 2.2018697 1.0622184 0.8524678 1.1137893
[9370, 0.5253258, 1.043349, 2.918585, 0.8025735] 2.926597 1.1409539 1.1028509 0.9185639
[9371, 0.43355036, 0.96510255, 5.120651, 0.40136525] 2.4942524 1.070813 0.8974682 1.0490521
[9372, 0.56328964, 0.9636784, 3.1431103, 0.65906554] 2.8157592 1.3518203 0.942649 0.9505178
[9373, 0.4674117, 0.9790663, 4.9126816, 0.49414122] 2.478362 1.0032988 0.8890318 1.2501861
[9374, 0.5109755, 0.9678262, 5.5270357, 0.42181775] 2.4064791 1.2662463 0.9387598 1.0510994
[9375, 0.40976915, 1.0489967, 4.274991, 0.49406132] 2.6977696 1.1820489 0.8702201 1.1053371
[9376, 0.45866978, 1.0152359, 4.4012213, 0.4962887] 2.6141946 1.1488361 0.87486684 1.2062538
[9377, 0.3947332, 1.0692481, 5.104884, 0.58594584] 2.5307326 1.0326018 1.0902905 1.2259097
[9378, 0.5932321, 0.82434356, 5.115313, 0.4602738] 2.3825853 1.13372 0.8878911 1.0571228
[9379, 0.42834774, 1.023721, 4.1075435, 0.6077256] 2.6881502 1.1799717 0.9057194 1.1888686
[9380, 0.49267972, 0.97675633, 4.5260158, 0.44540545] 2.6257958 1.2350653 0.83601075 1.1472968
[9381, 0.38444945, 1.0669242, 4.4781327, 0.7176426] 2.661224 1.2127414 1.0453659 1.0094317
[9382, 0.46020475, 1.0205156, 4.1203218, 0.575617] 2.604729 1.0256206 1.0160885 1.3387072
[9383, 0.3761731, 1.0557851, 4.598229, 0.45125917] 2.6651182 0.9720001 0.8747373 1.2027172
[9384, 0.51046044, 1.0243227, 3.0357597, 0.75290215] 2.9498093 1.0908297 0.97376466 0.97325236
[9385, 0.4723927, 0.7830558, 4.919319, 0.42395198] 2.0810795 0.9631567 0.91767603 1.4123313
[9386, 0.42899126, 1.0394639, 4.9612246, 0.6827843] 2.614653 1.1653285 0.89176124 1.1901813
[9387, 0.5879966, 0.7942891, 6.117309, 0.4419361] 2.3061118 1.029971 1.0074826 1.0908535
[9388, 0.5240005, 1.0171922, 3.2072203, 0.85743445] 2.8136687 1.2185936 0.9976185 1.1250656
[9389, 0.44214392, 1.0181966, 5.5254645, 0.4694312] 2.4991024 1.1344019 0.8237434 1.2334665
[9390, 0.44126385, 1.0288056, 5.301823, 0.52451175] 2.5734603 0.9353926 0.8145455 1.3006269
[9391, 0.43731916, 1.0454358, 4.7207417, 0.5368565] 2.6122744 0.98671645 1.0829531 1.1863362
[9392, 0.56667715, 1.020766, 2.9676282, 0.89058834] 2.9420087 1.1787603 1.0151377 1.085392
[9393, 0.5991905, 0.9597195, 2.9942875, 0.54313236] 2.988062 1.2783023 0.73189294 0.9433395
[9394, 0.5360364, 0.9862497, 2.9504, 0.75043124] 2.8230293 1.1867464 0.9494127 1.1503724
[9395, 0.48491818, 1.0522057, 2.9704492, 0.58439803] 2.901178 1.196506 0.9913971 1.0359322
[9396, 0.4231149, 1.0544611, 5.9389176, 0.6313071] 2.4708207 1.059379 0.9405003 1.2358407
[9397, 0.5302557, 0.9752948, 3.8785813, 0.69577193] 2.8265321 0.9207511 0.9248433 1.2294364
[9398, 0.44643945, 1.0179483, 5.4751105, 0.48843837] 2.3706048 1.2468071 0.9429029 1.2435489
[9399, 0.46028733, 0.9959827, 5.3138175, 0.56112754] 2.3821628 1.1157131 0.912988 1.2661474
[9400, 0.36982098, 1.0791303, 5.2857924, 0.4659638] 2.623125 1.0922188 1.0120522 1.0585203
[9401, 0.37947583, 1.047212, 4.5896187, 0.66892576] 2.6543138 1.0138731 1.057719 1.1405994
[9402, 0.4013886, 1.0635281, 5.245733, 0.4260892] 2.4226146 1.2848344 1.0101705 1.1694821
[9403, 0.5609125, 0.87902915, 5.0855336, 0.48556432] 2.347031 1.0959407 0.85408884 1.2513565
[9404, 0.45017493, 1.0550759, 3.0456202, 0.72236043] 2.8537707 1.0852405 1.0446866 1.1043365
[9405, 0.59167755, 0.7036987, 5.8387213, 0.5045725] 1.9837129 1.0732403 1.1292409 1.2735057
[9406, 0.4062932, 1.0603238, 5.5320463, 0.682833] 2.6080673 0.85348225 1.0441216 1.1828085
[9407, 0.5606908, 0.9529905, 5.4830527, 0.48832545] 2.2470243 1.0825943 1.0938425 1.4723469
[9408, 0.384996, 1.07005, 5.1583548, 0.54310584] 2.443263 1.2128832 1.0006065 1.1506878
[9409, 0.5099759, 0.993268, 3.9654937, 0.56912416] 2.441337 1.2155778 1.0372931 1.4213372
[9410, 0.53106093, 0.9533051, 5.851403, 0.51867276] 2.4070785 1.1442868 0.9523588 1.2416605
[9411, 0.53312904, 0.98018956, 5.7219343, 0.51760066] 2.299683 1.0285637 1.1005923 1.4415286
[9412, 0.514487, 0.92251927, 5.0256453, 0.4036516] 2.3855526 1.0413381 0.89653975 1.2334907
[9413, 0.47895625, 1.0276926, 3.831491, 0.7698284] 2.6853817 1.0357455 1.022159 1.3319777
[9414, 0.5257059, 0.8936042, 5.902784, 0.47546855] 2.202983 1.0531367 0.97189975 1.350532
[9415, 0.5747123, 1.0452734, 2.492397, 0.98404545] 2.9770248 1.1471115 0.8946989 1.2987741
[9416, 0.5969147, 0.9562868, 3.0637631, 0.5626761] 2.798065 1.1345205 1.0870578 1.113173
[9417, 0.38770536, 1.0482248, 4.462051, 0.47542402] 2.7048326 1.065049 0.82055295 1.2207209
[9418, 0.4128461, 1.0289747, 5.1152143, 0.4472961] 2.5184166 1.102992 0.81140006 1.2618098
[9419, 0.56815404, 0.8767028, 4.328243, 0.43425316] 2.3593678 1.0545757 0.8505925 1.3038191
[9420, 0.6050971, 1.0037899, 2.9606473, 0.7027261] 3.073449 1.199115 0.92654 0.9489451
[9421, 0.514348, 0.734828, 5.332265, 0.5068949] 2.0812259 1.0129321 0.95054346 1.2329528
[9422, 0.5248882, 0.9809658, 5.2720423, 0.79507965] 2.440368 1.0391023 0.93085414 1.3413649
[9423, 0.52400404, 1.0166923, 3.0260444, 0.74220645] 2.9081092 1.2278515 1.0445036 1.0432426
[9424, 0.5141656, 0.9952606, 3.5270238, 0.7716676] 2.7858088 0.9842267 1.071586 1.2242002
[9425, 0.44306108, 1.0333886, 5.384821, 0.58395886] 2.4793987 1.1496423 0.9515102 1.2458855
[9426, 0.42343628, 1.048186, 4.252306, 0.6574135] 2.6023817 1.0902749 1.091156 1.2455752
[9427, 0.59043133, 1.0321792, 2.4504018, 0.7520661] 3.1147792 1.0952672 1.0330706 1.037792
[9428, 0.5476161, 1.0115017, 3.0466805, 0.74604404] 2.946168 1.2130827 0.9052987 1.094264
[9429, 0.47191882, 1.0198191, 4.67248, 0.48695686] 2.540227 1.1922208 1.0570261 1.1955267
[9430, 0.48363963, 0.9996876, 4.040416, 0.42602023] 2.6565285 1.2099831 0.99419415 1.0622594
[9431, 0.5005417, 1.0351292, 3.3431385, 0.5779672] 2.9522402 1.0582031 0.993286 1.023801
[9432, 0.5772618, 0.94910175, 3.0972104, 0.6758427] 3.0276108 1.0306914 0.9143577 1.0527998
[9433, 0.53913736, 0.9274469, 5.3517327, 0.5156326] 2.3459132 1.1822926 0.9169716 1.097235
[9434, 0.40188175, 1.0476158, 3.6141303, 0.58196] 2.8885007 1.0928009 0.9499433 0.88274956
[9435, 0.46446118, 1.0035769, 5.4020233, 0.4809397] 2.4308906 1.1321045 0.93207043 1.2091271
[9436, 0.4652504, 1.0110872, 5.5758786, 0.48607233] 2.439074 1.1048195 0.923735 1.2882984
[9437, 0.51049614, 0.99443173, 4.177655, 0.65246004] 2.8160954 1.1689901 0.9411103 0.9945287
[9438, 0.39058688, 1.0534097, 4.8766065, 0.4419279] 2.624892 1.0005722 0.9747669 1.1929072
[9439, 0.59267235, 1.0190327, 3.0301287, 0.6866171] 2.9825654 1.2351197 0.9621315 0.8824262
[9440, 0.5438198, 0.98960596, 3.2416842, 0.5936323] 2.8788686 1.1089305 0.9107215 1.061157
[9441, 0.43371752, 1.0517992, 5.1966043, 0.42620298] 2.5875685 1.0238179 0.93696916 1.2022762
[9442, 0.4226242, 1.052243, 5.4160185, 0.5263317] 2.4841442 1.1756185 1.0572398 1.1420494
[9443, 0.4875401, 1.0263181, 3.1700444, 0.5935607] 2.7463095 1.1870239 1.0401554 1.1498077
[9444, 0.48257288, 1.0212721, 3.5692253, 0.68580145] 2.704755 1.282441 1.0545713 1.0568353
[9445, 0.50388306, 1.012959, 3.3630352, 0.6253485] 2.7522671 1.1222614 0.9299189 1.2857815
[9446, 0.39200994, 1.0801381, 5.3840585, 0.5592343] 2.5106218 1.2309539 0.8961553 1.0890166
[9447, 0.5310723, 0.91020864, 5.238324, 0.50023043] 2.4002829 0.93294716 1.0977145 1.2572862
[9448, 0.37742537, 1.0712966, 4.355376, 0.41969812] 2.6904516 1.0908237 0.88365304 1.1428423
[9449, 0.3316469, 1.0899912, 5.6979604, 0.5743382] 2.6126301 1.0365646 0.95820636 1.0990572
[9450, 0.39615297, 1.0463289, 5.248022, 0.51976585] 2.5643907 1.0801619 0.9294547 1.2541176
[9451, 0.4374717, 1.0251831, 4.8717804, 0.41970113] 2.7622354 0.96497387 0.7782799 1.1263832
[9452, 0.4939709, 1.006517, 3.9177935, 0.57289857] 2.9288175 1.0909926 0.8244018 0.98167783
[9453, 0.3324574, 1.0892224, 5.0453005, 0.6908637] 2.5648003 1.1767886 0.97133434 1.0277162
[9454, 0.5437962, 0.9952448, 3.8805747, 0.60164815] 2.920131 1.225719 0.93682885 0.73577815
[9455, 0.3968108, 1.0760806, 5.1429873, 0.4598685] 2.5263445 1.2472643 1.0890859 1.0798088
[9456, 0.37157056, 1.0742258, 5.0552506, 0.58220136] 2.5773427 1.0745119 1.113585 1.0334003
[9457, 0.5105718, 0.93938625, 5.0174823, 0.42086446] 2.4062016 1.0110253 0.949527 1.1795712
[9458, 0.35186708, 1.0746839, 5.3706555, 0.70437235] 2.5533953 1.0166544 0.9206628 1.178843
[9459, 0.61840624, 0.98034155, 3.0451016, 0.61674005] 2.9929295 1.0828477 0.87800896 1.1744646
[9460, 0.44651735, 1.0276977, 5.1291904, 0.47659692] 2.5327616 1.1012605 0.95954907 1.0880494
[9461, 0.4690777, 1.0454386, 3.1648645, 0.6423179] 2.7824376 1.0927856 1.0030563 1.2679797
[9462, 0.44468102, 1.0105793, 5.0996623, 0.49190766] 2.5378067 1.1167673 0.9962057 1.1458985
[9463, 0.36412656, 1.0842388, 5.8114567, 0.7410434] 2.6234941 0.951418 1.030704 1.0769118
[9464, 0.4657427, 0.8849067, 5.220431, 0.40083203] 2.1968 1.0780784 0.9789859 1.2939744
[9465, 0.4610692, 0.9858981, 4.9075637, 0.5329837] 2.4405055 0.97040313 1.0136521 1.2006167
[9466, 0.4202265, 1.0380903, 5.245129, 0.5454746] 2.4258401 1.0978965 1.1073297 1.2678978
[9467, 0.42209765, 1.0265043, 3.8059042, 0.6908317] 2.549499 1.2724559 1.0645128 1.2288262
[9468, 0.40505445, 1.0704664, 6.2877855, 0.6334944] 2.4807577 1.0923657 0.96546286 1.1649506
[9469, 0.45188516, 1.0309095, 3.6018617, 0.61370236] 2.9029825 0.9079201 0.91267776 1.1108892
[9470, 0.38300082, 1.0649682, 4.30424, 0.5395707] 2.7618387 1.0418805 0.9715773 1.0834409
[9471, 0.5305922, 0.93741167, 5.287719, 0.48364887] 2.600714 1.001277 0.8016774 0.9958517
[9472, 0.4189461, 1.0320582, 5.072751, 0.49169123] 2.4204478 1.2382903 1.125199 1.1532279
[9473, 0.27786604, 1.133887, 5.6863656, 0.5109449] 2.5694432 1.1890128 0.8650666 1.0754175
[9474, 0.42132, 1.0400491, 4.1587105, 0.7091624] 2.8725088 1.0114964 0.9670817 0.92375475
[9475, 0.467952, 0.99282074, 5.339923, 0.5581671] 2.529604 1.0285424 1.094256 1.2032543
[9476, 0.4150733, 1.0547812, 4.681303, 0.4692085] 2.55567 1.1273836 0.9022098 1.2605811
[9477, 0.43678087, 1.0263364, 5.6006436, 0.46280724] 2.453194 1.1751378 0.86832947 1.2363486
[9478, 0.4776365, 1.0181869, 5.3161445, 0.56344366] 2.543684 1.2120736 0.97201794 1.137704
[9479, 0.42289254, 1.0356516, 3.6531541, 0.671235] 2.7815232 1.2036929 0.9465649 1.0769111
[9480, 0.45998317, 1.0335339, 5.399837, 0.45786035] 2.6206625 1.2223427 0.8818924 1.00209
[9481, 0.45873314, 1.0020206, 5.2360716, 0.57723606] 2.6326897 1.0802066 0.8357199 1.0554748
[9482, 0.3731317, 1.0868247, 5.346692, 0.5350062] 2.476026 1.1549994 0.99991614 1.136948
[9483, 0.46914664, 1.000938, 4.730191, 0.45381692] 2.6879568 1.0978208 0.8364864 1.147431
[9484, 0.38158542, 1.0884514, 5.083718, 0.5232627] 2.615771 1.1603987 0.95917386 1.0666063
[9485, 0.4406335, 1.0173951, 5.523986, 0.60773885] 2.5270526 1.0533198 0.98500365 1.1208409
[9486, 0.4480685, 1.0277774, 3.8634362, 0.5705037] 2.5593362 1.2366015 1.0161469 1.2605119
[9487, 0.3627705, 1.0721741, 5.4752755, 0.4638196] 2.5238607 1.0824696 1.0754263 1.1171274
[9488, 0.44145498, 1.0219641, 5.532247, 0.580722] 2.4320168 1.1250739 0.95524913 1.1246109
[9489, 0.49159002, 1.0103093, 3.4813886, 0.7683483] 2.7559316 1.1317332 1.0339442 1.1975281
[9490, 0.49499896, 1.0087225, 3.477131, 0.5269052] 2.5661292 1.1692294 0.96387565 1.3649424
[9491, 0.4772877, 1.0084616, 4.0339966, 0.58220047] 2.6294627 1.1584711 0.9354033 1.2675345
[9492, 0.50352794, 0.99739975, 4.73824, 0.50381845] 2.5933306 1.0903116 0.9657508 1.2335325
[9493, 0.42612097, 1.0232221, 5.0827494, 0.48210683] 2.5643096 1.0200788 1.0129362 1.2598366
[9494, 0.4423003, 1.0447757, 4.547003, 0.5165129] 2.558414 1.1804254 1.0024847 1.0461799
[9495, 0.43129924, 1.0029227, 5.7460003, 0.48999393] 2.6070113 1.0633571 0.8919506 1.0084059
[9496, 0.58487326, 0.8215892, 6.367937, 0.45985043] 2.225428 1.0505669 1.0828694 1.1605535
[9497, 0.55531013, 0.9945888, 3.0771382, 0.68582463] 3.0032847 1.0870318 0.9893294 0.92583996
[9498, 0.5318817, 1.0494275, 2.7920604, 0.7493879] 3.00791 1.0733384 1.0096766 1.018339
[9499, 0.48782405, 0.95779663, 5.4078016, 0.4493983] 2.543093 0.94052714 0.9490766 0.980377
[9500, 0.5565306, 0.90198344, 5.197117, 0.62639517] 2.3705192 0.89210004 1.064612 1.2366762
[9501, 0.43411598, 1.0282063, 4.9916406, 0.64124227] 2.555356 1.0161765 0.9853864 1.1952317
[9502, 0.57590663, 0.9493083, 3.6111257, 0.6297259] 2.6564474 1.1197646 0.92785335 1.4230566
[9503, 0.49284706, 1.0039558, 5.334263, 0.5793678] 2.4879909 1.0478722 0.97887176 1.3147477
[9504, 0.5004198, 0.91472715, 5.644358, 0.5364448] 2.165932 1.1231487 1.1089602 1.3237948
[9505, 0.4640645, 1.0342574, 4.7079306, 0.51815164] 2.7762587 1.1312978 0.89571244 0.99104565
[9506, 0.40002504, 1.0815963, 4.4861684, 0.3757859] 2.4962754 1.2535536 0.9686865 1.1191301
[9507, 0.41692278, 1.0578808, 4.266448, 0.5942058] 2.7557702 1.1505812 0.9592585 1.0070636
[9508, 0.4441057, 1.0200803, 5.5560465, 0.44145015] 2.621726 1.1039641 0.88405323 0.9576457
[9509, 0.5469355, 0.9322003, 4.8505316, 0.5294021] 2.4244678 1.2001171 0.9430289 1.0634595
[9510, 0.5933516, 0.88219905, 5.2845984, 0.42699856] 2.22681 1.1119971 1.1013504 1.2962013
[9511, 0.53939795, 1.0418693, 2.7601438, 0.6152835] 3.1383872 0.9954256 0.91365814 0.8984629
[9512, 0.6390149, 1.0452602, 2.44101, 0.81876427] 3.3654468 1.1806604 0.88610566 0.9322022
[9513, 0.58171016, 0.90645945, 5.649705, 0.5922681] 2.3366249 1.1092048 1.0388343 1.2031759
[9514, 0.42680383, 1.0386705, 4.837283, 0.4428802] 2.8725529 1.0429271 0.829197 0.8744303
[9515, 0.41233826, 1.031457, 4.8127494, 0.55616367] 2.6949606 0.94548637 0.98624694 1.2065403
[9516, 0.41084042, 0.9851523, 5.0371094, 0.5663836] 2.4064515 1.0508953 0.96841395 1.179521
[9517, 0.53373605, 1.024503, 3.1904323, 0.75076765] 2.8914437 1.06106 1.0125723 1.1892602
[9518, 0.5145278, 0.9297697, 5.8833566, 0.6430702] 2.5164025 1.0058202 0.86661875 1.020812
[9519, 0.40553132, 1.0396597, 6.23009, 0.50287914] 2.4863017 0.91240114 1.0446854 1.2057766
[9520, 0.53042483, 1.0122414, 3.307387, 0.52975994] 2.9202003 1.1772709 0.87340236 1.0397255
[9521, 0.40881687, 1.0413957, 3.913243, 0.6337243] 2.7659671 1.0510228 1.0145184 1.0523945
[9522, 0.56154704, 0.7437313, 5.48122, 0.48894668] 2.2346473 1.0961714 0.8792963 1.0783489
[9523, 0.50064594, 1.0020384, 5.685636, 0.7439757] 2.3473237 1.1367893 1.0434213 1.3379806
[9524, 0.55708784, 0.90214765, 5.067374, 0.46174732] 2.4345825 1.0677799 0.96051973 1.1099291
[9525, 0.47516787, 1.0061918, 5.2207837, 0.6127561] 2.451148 1.1686584 0.9644628 1.1122754
[9526, 0.50747395, 0.9813584, 4.686761, 0.53272957] 2.4713397 1.1119115 0.9648656 1.0838714
[9527, 0.3884798, 1.0614458, 5.1766496, 0.4914018] 2.606818 1.1293474 0.84665656 1.0788245
[9528, 0.4199104, 1.0313523, 4.7130527, 0.7009127] 2.7049541 0.9576827 1.0047324 1.1494287
[9529, 0.4563513, 1.0221229, 5.1056685, 0.5616758] 2.5302663 1.0935099 0.87228024 1.3347389
[9530, 0.44898966, 1.0258827, 4.6972666, 0.41559064] 2.4938567 1.1090788 0.93027586 1.2267176
[9531, 0.3805866, 1.0570041, 5.5156913, 0.63626164] 2.587445 1.1427841 0.8801781 1.1100483
[9532, 0.55287087, 1.0114017, 2.6025257, 0.975407] 3.036938 1.0719904 0.9666871 1.1532624
[9533, 0.36706465, 1.0761226, 4.9571013, 0.5066727] 2.8678272 1.0493068 0.6923113 0.93933725
[9534, 0.5062028, 1.0498123, 3.0485382, 0.7351062] 3.0083203 1.1371648 0.956818 0.89648086
[9535, 0.45937756, 1.0104125, 4.316153, 0.63828266] 2.7366052 1.0331131 0.90828645 1.164006
[9536, 0.5894869, 0.9667817, 2.9170957, 0.6533536] 3.1019151 1.081394 0.90484154 0.8561132
[9537, 0.5129108, 1.0427928, 3.146565, 0.7646042] 2.8937407 1.1122246 1.0016026 1.0954856
[9538, 0.44729576, 1.0439214, 5.7803893, 0.57744056] 2.4195125 1.109044 1.0205743 1.2412788
[9539, 0.59996283, 0.73617333, 5.9609675, 0.46476182] 2.1956656 0.93938124 1.1175481 1.1977271
[9540, 0.42664257, 1.0588285, 4.8528233, 0.5873051] 2.5072634 1.0898428 1.0540463 1.1993098
[9541, 0.51022226, 0.9947424, 3.7491226, 0.65703857] 2.7394173 1.1612616 1.0377662 1.0810694
[9542, 0.47472912, 0.9753918, 6.162819, 0.5374792] 2.3760524 1.1228266 1.0262488 1.1217893
[9543, 0.65503097, 0.77369004, 6.2488227, 0.4485885] 2.086902 1.1127774 1.1450002 1.3148532
[9544, 0.45437428, 1.0259811, 4.7585964, 0.47964925] 2.610877 1.1909988 0.94149643 1.0402068
[9545, 0.46816546, 1.0004977, 5.4469028, 0.6430909] 2.6116986 1.1032958 0.9583112 0.92458206
[9546, 0.39967236, 1.0240626, 4.401294, 0.57700676] 2.8316903 1.0560156 0.87864983 0.9371095
[9547, 0.33280477, 1.0613976, 5.855134, 0.5176053] 2.7102263 0.98166406 0.81477296 1.1420583
[9548, 0.51153505, 1.0037502, 3.5044413, 0.6009755] 2.8163583 1.1351395 0.9807878 1.0615991
[9549, 0.42651075, 1.0601369, 5.1809397, 0.5027367] 2.5531428 1.0334554 1.0357758 1.2494968
[9550, 0.44405928, 1.0445652, 5.2806387, 0.63421607] 2.4488022 1.1395341 1.0508555 1.280961
[9551, 0.56736064, 0.99657017, 3.3451908, 0.6800189] 3.0449646 1.2441086 0.8718644 0.7441806
[9552, 0.43269473, 1.0592964, 4.7784925, 0.6703004] 2.5954974 1.1780018 1.0287013 1.1543367
[9553, 0.5606727, 0.99948066, 2.9535263, 0.76745534] 2.7727606 1.1910217 1.0391811 1.2699927
[9554, 0.577627, 1.0124207, 3.1937613, 0.7862329] 3.0413265 1.1423839 0.85875195 0.94906706
[9555, 0.46862546, 1.0221499, 3.5433385, 0.69154763] 2.861352 1.2191757 0.9378386 0.8912745
[9556, 0.55872065, 0.7944576, 6.20051, 0.5017424] 2.2605214 0.93988657 0.97727954 1.1959964
[9557, 0.41882804, 1.0359449, 5.182568, 0.49968824] 2.596731 1.1627734 0.98537755 1.0589784
[9558, 0.49442282, 1.0269051, 3.5544941, 0.91132104] 2.7136178 1.0871077 1.0414201 1.2848418
[9559, 0.62794626, 0.94366777, 3.1203349, 0.7716176] 2.7458806 1.1684626 1.00037 1.334058
[9560, 0.5414823, 0.9274161, 5.091948, 0.49896458] 2.4454198 1.089452 0.94761944 1.0261168
[9561, 0.47168097, 0.98790586, 5.7589555, 0.5392784] 2.4791524 1.0145653 1.0210549 1.148749
[9562, 0.56199574, 0.91993415, 5.306161, 0.51040536] 2.2277322 1.0695292 1.0980791 1.4072691
[9563, 0.35311866, 1.0571827, 4.3287396, 0.5538069] 2.8685734 0.963299 0.9525051 1.0319316
[9564, 0.49773616, 0.98020834, 4.6826715, 0.4073753] 2.6701555 1.1509755 0.91138166 1.0996991
[9565, 0.38090104, 1.070937, 5.1751175, 0.5072165] 2.6386588 1.0955224 1.0306597 1.0368078
[9566, 0.3432675, 1.1086556, 5.8118, 0.62641275] 2.565769 1.1773152 0.97650534 1.0041745
[9567, 0.4361033, 1.0494348, 5.650555, 0.4525141] 2.5405855 1.2340548 0.7909158 1.2145286
[9568, 0.40045744, 1.0715774, 4.8704815, 0.5709606] 2.7017603 1.0622269 1.0597241 0.9925585
[9569, 0.47198445, 1.0272952, 3.8547537, 0.73466533] 2.6088738 1.1548437 1.0601244 1.3182328
[9570, 0.46015704, 0.870177, 6.7365, 0.49186882] 2.1716583 0.9587068 1.0015482 1.4052317
[9571, 0.72320527, 0.66949636, 5.8605175, 0.443728] 2.145107 1.2184635 0.9523284 1.1833992
[9572, 0.44193172, 1.0378758, 4.719613, 0.4315887] 2.8316119 1.1147934 0.86831176 0.82347304
[9573, 0.43858406, 1.0610175, 3.9861844, 0.7300928] 2.7797372 1.1887374 0.794098 1.1677244
[9574, 0.47914886, 1.0124735, 5.776652, 0.80491394] 2.2898047 1.159337 1.1146166 1.2765495
[9575, 0.4945289, 0.9810588, 5.0710187, 0.48394236] 2.4110575 1.1699946 0.97767925 1.0536758
[9576, 0.44351888, 1.0402886, 4.881813, 0.514632] 2.9106555 1.0629613 0.7842419 0.7751159
[9577, 0.42896914, 1.0483007, 5.895385, 0.8003766] 2.4977703 1.0760692 1.0305063 1.1380523
[9578, 0.39580587, 1.0640384, 5.1682053, 0.5276949] 2.57771 1.0960829 0.93076766 1.239139
[9579, 0.5806602, 0.87870824, 4.62174, 0.46873087] 2.2024107 1.337295 0.9119398 1.3372658
[9580, 0.536602, 0.9274619, 4.6924977, 0.41498685] 2.3818047 1.2665215 0.8223386 1.0720106
[9581, 0.43132678, 1.0584757, 4.352903, 0.6089672] 2.5698097 1.1524823 0.94239897 1.3568218
[9582, 0.3856775, 1.069392, 3.9615047, 0.53426516] 2.7154198 1.0082488 0.9984985 1.2008694
[9583, 0.4292127, 1.0192145, 4.470745, 0.47708562] 2.8410752 1.0164417 0.881436 0.9523176
[9584, 0.47229236, 0.9708063, 5.746707, 0.4520447] 2.309743 1.0953268 1.0587347 1.2883136
[9585, 0.41387427, 1.0459143, 5.5238175, 0.5850653] 2.5560453 1.095088 0.9163456 1.0436525
[9586, 0.50734127, 1.0434271, 3.4025328, 0.66998595] 2.8699815 1.131752 0.9309833 1.1512101
[9587, 0.4286642, 1.0237308, 5.4071198, 0.6860017] 2.5239336 1.1192379 0.9861292 0.9673458
[9588, 0.41716322, 1.0391134, 5.351551, 0.49827373] 2.5287929 1.1928796 0.817803 1.1089641
[9589, 0.43081164, 1.04952, 4.7400227, 0.42138973] 2.6464837 1.1586074 0.8796631 1.1781311
[9590, 0.38824314, 1.0525128, 5.039812, 0.4238283] 2.8489535 1.091904 0.9052655 0.82520723
[9591, 0.50650895, 0.92419106, 5.2558546, 0.44276124] 2.4848127 0.98903525 0.85616434 1.173424
[9592, 0.4034578, 1.0587177, 3.7064126, 0.6148028] 2.868165 1.1008419 0.84132713 1.0167681
[9593, 0.34346783, 1.0857776, 5.4439754, 0.53719133] 2.6310325 0.91178167 0.95263386 1.1907908
[9594, 0.45837358, 0.9085034, 6.1259956, 0.44288036] 2.3320026 0.99439144 0.9332111 1.1786135
[9595, 0.37718052, 1.0685123, 4.2454004, 0.532172] 2.604366 1.130106 0.93636954 1.193981
[9596, 0.34507304, 1.0687268, 5.6703424, 0.5712741] 2.547527 1.0341676 1.0100774 1.0670764
[9597, 0.47736478, 0.975407, 5.636632, 0.64749354] 2.2809818 1.1644856 1.1316031 1.1720468
[9598, 0.5856479, 0.834364, 5.811701, 0.51299846] 2.360052 1.1381056 0.89666647 1.0737723
[9599, 0.49642047, 0.99351954, 4.3793917, 0.44694865] 2.6376877 1.1410718 0.93027824 1.0827131
[9600, 0.53017914, 0.9706164, 5.1102624, 0.58034503] 2.307514 1.2627304 1.0192989 1.1766951
[9601, 0.5749658, 0.86728275, 5.5612473, 0.4792793] 2.1874683 1.1470512 1.0855571 1.3148314
[9602, 0.3230666, 1.0945039, 5.2257257, 0.610987] 2.6266432 0.86892617 0.94560045 1.2548649
[9603, 0.45960242, 1.0345627, 5.920632, 0.42635033] 2.3685255 1.1605189 1.0336957 1.3145872
[9604, 0.50259405, 0.99409235, 4.251958, 0.5371283] 2.656092 1.2219193 1.0421934 1.0382899
[9605, 0.46107408, 1.0162368, 4.1407375, 0.604706] 2.6850948 1.2625352 0.9754852 1.078031
[9606, 0.53047156, 0.94302344, 4.6902714, 0.55175334] 2.458068 1.0682517 0.8888254 1.1430731
[9607, 0.4261538, 0.7873962, 5.496047, 0.54382896] 1.9066955 1.0489366 1.0438865 1.4437796
[9608, 0.38430244, 1.0729059, 5.7914557, 0.539212] 2.3471353 1.1523495 0.9856772 1.3629717
[9609, 0.639584, 0.72179186, 6.0250177, 0.38542387] 2.0917022 1.0710194 1.0841315 1.3076316
[9610, 0.49681708, 0.976406, 4.866342, 0.39471194] 2.3768144 1.174082 0.8921646 1.2692778
[9611, 0.42010924, 1.0551361, 5.383611, 0.52994084] 2.5153637 1.10095 0.967327 1.2780353
[9612, 0.47950464, 1.0113862, 3.8821814, 0.5209401] 2.8182638 1.078564 0.7926638 1.249149
[9613, 0.46648163, 1.0108731, 4.789506, 0.5291387] 2.6988516 1.0749786 0.93871886 1.1660452
[9614, 0.6151649, 0.8340331, 5.066972, 0.4577201] 2.3129563 1.0712966 1.00272 1.1911002
[9615, 0.44863135, 1.0111084, 4.146751, 0.57729775] 2.745831 1.1309645 1.0490677 0.95597047
[9616, 0.53515697, 0.96781456, 3.2467513, 0.6686372] 2.8143396 1.1789043 0.7832263 1.1890996
[9617, 0.4712998, 1.0454209, 3.2469904, 0.7511985] 2.8183303 1.2600704 0.9678485 1.0195221
[9618, 0.427919, 1.0373117, 5.1383305, 0.5422385] 2.4649348 1.1729007 0.9847565 1.2498614
[9619, 0.40078565, 1.0652726, 5.186087, 0.5843652] 2.568225 1.1130761 0.9706749 1.1914282
[9620, 0.35699782, 1.0833807, 4.97484, 0.44957379] 2.539004 1.0671299 0.9115301 1.2472588
[9621, 0.42247722, 1.0480503, 4.289875, 0.58113265] 2.7657647 1.1445975 0.95522743 1.0266871
[9622, 0.49514997, 0.8990621, 5.9424877, 0.4394119] 2.1236324 1.0734168 1.10769 1.3712026
[9623, 0.41567504, 1.0339919, 4.6361933, 0.72191334] 2.7157235 0.99842936 0.8504698 1.1904854
[9624, 0.4214674, 1.0576401, 3.6356053, 0.5554114] 2.8120644 1.2126429 0.9018624 0.99280375
[9625, 0.38185123, 1.0722028, 4.957196, 0.50769025] 2.596492 1.1783426 0.9800755 1.083596
[9626, 0.50717515, 1.0421911, 2.9035528, 0.8106239] 2.9298174 1.1516685 1.0220501 1.0292825
[9627, 0.51965684, 0.9935451, 3.9888246, 0.5895147] 2.7756617 1.1572818 0.95245224 1.0447838
[9628, 0.45411462, 1.037954, 5.552115, 0.57664084] 2.5938535 1.0026182 0.98440367 1.2536144
[9629, 0.33961213, 1.0704674, 4.9873247, 0.6753315] 2.5627313 0.9981463 1.0285215 1.1691018
[9630, 0.47887385, 1.0135504, 4.4784555, 0.6075268] 2.634963 1.0981634 0.90980595 1.2717972
[9631, 0.5707252, 0.97179496, 3.2145233, 0.5833732] 2.8419025 1.0631906 1.0198166 1.1626858
[9632, 0.44021118, 1.0264518, 5.728705, 0.59215325] 2.595672 0.865004 0.90815973 1.2685995
[9633, 0.5692941, 0.8015387, 5.9038057, 0.34245604] 2.0720596 1.1673623 0.9813576 1.435199
[9634, 0.46818674, 1.0225108, 5.564726, 0.6830362] 2.535116 0.99638647 1.0174522 1.2234051
[9635, 0.51373154, 0.9637265, 5.3681264, 0.57863605] 2.3335652 1.1287433 0.9921058 1.2668107
[9636, 0.5946701, 0.7646172, 5.791391, 0.4052244] 2.1487296 1.2447102 0.9149792 1.1798384
[9637, 0.50596476, 0.97954893, 5.1038265, 0.5140478] 2.3241339 1.1361909 0.959032 1.3438344
[9638, 0.4780968, 1.0494261, 3.2322466, 0.78184664] 3.0458992 1.0852509 0.8922533 0.9407108
[9639, 0.60881627, 1.0005184, 2.5762393, 0.7736419] 3.241574 0.97286415 0.94803065 0.8828728
[9640, 0.6031014, 0.84944654, 5.3492875, 0.50908] 2.2683218 1.1213177 1.0676289 1.1173656
[9641, 0.6201565, 0.83560115, 4.8101482, 0.3782929] 2.3020198 1.0400791 0.9078111 1.3312719
[9642, 0.47314292, 0.9921311, 4.9290543, 0.40150934] 2.7276275 0.97938377 0.95217335 1.0889472
[9643, 0.4234563, 1.0109457, 4.969708, 0.4619938] 2.6533582 1.0720165 0.8333732 1.236711
[9644, 0.66384435, 0.9185594, 2.7435353, 0.77106905] 2.8835306 1.220233 0.9603056 1.2959235
[9645, 0.61300445, 0.81899333, 5.2027617, 0.35566664] 2.2116344 1.0445714 0.9074808 1.428254
[9646, 0.5153181, 0.9673647, 5.5582156, 0.5512278] 2.5013633 1.1324167 0.79063714 1.2534661
[9647, 0.42262328, 1.052128, 5.146498, 0.45540807] 2.6212983 1.1488048 0.90627456 1.0077869
[9648, 0.44670323, 1.0125102, 5.409643, 0.5976217] 2.4323437 1.1426361 0.8122967 1.2734424
[9649, 0.40597823, 1.0624838, 4.2026625, 0.7935133] 2.8506048 1.0548061 1.0413665 0.9157263
[9650, 0.39019457, 1.083328, 4.6634917, 0.5358561] 2.5118616 1.0858834 1.0815936 1.2931011
[9651, 0.4562481, 0.99945146, 5.040326, 0.50778204] 2.3747778 1.1121044 0.9755746 1.2554854
[9652, 0.5024758, 0.97632146, 5.0981336, 0.41885316] 2.4375186 1.2065814 0.85151386 1.1743753
[9653, 0.3782722, 1.0303425, 4.7085743, 0.46581522] 2.6656737 0.9624896 0.92287546 1.2079104
[9654, 0.39300987, 1.0413747, 5.575125, 0.63534826] 2.4946258 1.0511856 1.0124189 1.1413051
[9655, 0.28269765, 1.102037, 5.3993363, 0.55414045] 2.6045232 1.0488479 1.0409144 1.0660876
[9656, 0.43294016, 1.0382581, 5.3885093, 0.5650721] 2.5463603 1.0259069 0.8510907 1.251498
[9657, 0.5381476, 0.88694215, 5.307718, 0.438802] 2.2873075 1.1212053 1.0681767 1.0870165
[9658, 0.4449888, 1.0128446, 4.2585015, 0.47106212] 2.6188164 1.182506 0.8071673 1.27023
[9659, 0.59738094, 0.9530145, 2.9043953, 0.89567345] 3.024979 1.0245849 1.0398877 0.98621786
[9660, 0.5075754, 0.8614111, 5.6787643, 0.41009024] 2.1849318 0.9924801 0.9839653 1.3735977
[9661, 0.620594, 0.7534514, 6.023508, 0.4622878] 2.1574998 0.98785424 1.196404 1.2267315
[9662, 0.5194538, 1.0257261, 3.3944058, 0.7866576] 2.7844234 1.1307625 1.0054401 1.248033
[9663, 0.38408044, 1.0368326, 5.0851893, 0.41824487] 2.6652317 0.9718145 0.95630217 1.1042317
[9664, 0.5280395, 1.0317461, 3.360721, 0.6639627] 2.8091009 1.0387939 1.0208703 1.2674633
[9665, 0.42865086, 1.0087235, 4.4968114, 0.4875422] 2.6670241 1.2409012 0.8763964 1.0579908
[9666, 0.4170283, 1.0559638, 5.028696, 0.55500305] 2.6560774 0.93059003 1.0176824 1.2017204
[9667, 0.4366036, 1.0443606, 4.076107, 0.6115607] 2.718032 1.1015748 0.9044674 1.3131739
[9668, 0.5783285, 0.86822563, 4.778997, 0.46845955] 2.2920523 1.2571039 1.0227137 1.0895059
[9669, 0.5065969, 0.99084765, 3.6941407, 0.68272436] 2.8782597 1.0472106 0.9249386 1.0604602
[9670, 0.59985536, 0.9731023, 2.5820596, 0.52609533] 3.1309097 0.93751746 0.98540634 1.0988069
[9671, 0.3985839, 1.0693121, 5.3769255, 0.5119364] 2.4685404 1.117138 1.0056856 1.2740742
[9672, 0.5455045, 0.9812132, 2.9039369, 0.8946383] 2.8486855 1.1447331 0.9904365 1.0706668
[9673, 0.5081095, 1.0267168, 3.6151607, 0.5847997] 2.9089222 1.0108196 0.9117061 1.1649517
[9674, 0.5124008, 0.99435776, 4.736438, 0.5217317] 2.597239 1.1248667 0.8574816 1.330299
[9675, 0.6114101, 0.8586123, 4.989125, 0.681619] 2.2982006 1.0839996 0.9775933 1.3184142
[9676, 0.5614061, 1.0711837, 2.585017, 0.789366] 2.886529 1.1966773 1.007197 1.2540425
[9677, 0.37693715, 1.0557785, 5.235741, 0.53011304] 2.6591516 1.0729253 0.9469076 1.0650312
[9678, 0.58540916, 0.96977013, 3.203859, 0.78038305] 3.0070643 1.1179613 0.9546254 0.90176785
[9679, 0.4417709, 1.040979, 3.6378634, 0.52580106] 2.7615552 1.1397552 0.9642159 1.0895249
[9680, 0.6091697, 0.9554564, 3.201059, 0.82248753] 2.8618126 1.1398184 1.084674 0.9815831
[9681, 0.565403, 1.014566, 2.8581424, 0.6667879] 2.8346665 1.1408352 1.053062 1.2583134
[9682, 0.50791115, 0.95742524, 4.7585564, 0.43411237] 2.5361357 1.0791379 0.78846085 1.1111504
[9683, 0.40119517, 1.0597299, 4.468725, 0.69130355] 2.7463832 1.1268203 0.92754436 1.0705454
[9684, 0.43885124, 1.0496395, 5.08592, 0.44065133] 2.4817176 1.2474321 0.96795934 1.1614761
[9685, 0.31138027, 1.1040585, 5.4056563, 0.6004677] 2.6114707 1.0469109 0.8904426 1.1514351
[9686, 0.3821996, 1.0579712, 4.7120433, 0.49595958] 2.626808 1.1901885 0.94908196 1.0959038
[9687, 0.6842603, 0.89384615, 3.2907703, 0.610417] 3.0851965 1.2087436 1.0578666 0.72309566
[9688, 0.399602, 1.0534819, 5.3119864, 0.58108795] 2.6253998 1.0902368 0.95448345 1.1811674
[9689, 0.37116006, 1.0818746, 5.8386374, 0.72579193] 2.5388296 1.0398543 0.9965725 1.1026087
[9690, 0.49254426, 0.9356504, 5.466795, 0.39925745] 2.336145 1.0231936 1.0097786 1.2759337
[9691, 0.40109634, 1.0556818, 5.0210094, 0.55985063] 2.5333812 1.2519188 1.0255421 1.0479903
[9692, 0.4772238, 0.97643197, 5.167568, 0.5240392] 2.3190167 1.1698595 0.973538 1.2312461
[9693, 0.429065, 1.031157, 4.5553727, 0.48793676] 2.6242447 1.0006585 0.901362 1.2738693
[9694, 0.45313007, 1.0122701, 5.4182057, 0.47315627] 2.510071 1.1605518 0.95635176 0.9968599
[9695, 0.49194497, 0.97621864, 5.205292, 0.5661196] 2.4614205 1.0711126 0.9409022 1.1914877
[9696, 0.44627777, 1.0308723, 5.155886, 0.47022912] 2.4212124 1.0748174 1.0438284 1.418079
[9697, 0.4582435, 1.0173671, 4.711789, 0.48434386] 2.6506085 1.0398722 0.8107401 1.264075
[9698, 0.4240147, 1.0248361, 4.004448, 0.5426104] 2.7060442 1.0810025 0.9935335 1.135348
[9699, 0.40097663, 1.0277456, 4.610544, 0.38698804] 2.6968212 1.0761791 0.99583274 1.0262753
[9700, 0.4810361, 0.9899907, 4.2519526, 0.6177279] 2.808811 0.98272055 0.9089561 1.1159741
[9701, 0.41389158, 1.0481448, 3.8720515, 0.59401083] 2.7307286 1.1269293 1.0676107 1.0508215
[9702, 0.41595137, 1.0634022, 5.64261, 0.54023856] 2.3446589 1.1547983 1.092365 1.3005545
[9703, 0.46087292, 1.0470963, 4.703293, 0.62171394] 2.727373 1.0083333 0.8867895 1.1625999
[9704, 0.4793936, 1.0183511, 4.9243703, 0.48388857] 2.5973399 1.0575819 0.8293164 1.3201591
[9705, 0.50693357, 0.9949514, 4.1115427, 0.45121524] 2.8631482 1.2830888 0.77268004 0.8043132
[9706, 0.5468765, 0.98990375, 3.1875215, 0.69968456] 2.8263133 1.1009208 0.9607053 1.2523937
[9707, 0.45251906, 1.0255389, 5.64176, 0.6438635] 2.4330795 1.150474 1.0950226 1.194774
[9708, 0.40089872, 1.0480576, 5.486673, 0.48897657] 2.383528 1.1587073 1.0622708 1.1901103
[9709, 0.4947974, 1.030572, 3.0089395, 0.70237374] 3.001317 0.9421675 0.904793 1.0993851
[9710, 0.44578928, 1.0350559, 4.236924, 0.77724046] 2.7016516 1.1111246 0.96618956 1.2250038
[9711, 0.36303902, 1.0648322, 5.8397427, 0.5595899] 2.6591902 1.1277452 0.8170875 1.0468117
[9712, 0.3618295, 1.0931453, 5.1746984, 0.49287945] 2.58284 1.1405052 1.0338329 1.0767392
[9713, 0.4262395, 1.0554508, 5.7111444, 0.53152686] 2.5265014 1.2491782 0.9642067 1.0148488
[9714, 0.5321356, 0.95056343, 5.3315687, 0.5546441] 2.3306515 1.1543707 0.978967 1.2006729
[9715, 0.5238548, 0.9818858, 5.257327, 0.45763174] 2.3305027 1.1054355 1.0026288 1.4049913
[9716, 0.5060252, 1.0093559, 3.1641102, 0.6630691] 2.8522413 1.0854291 0.9879024 1.1314706
[9717, 0.3538934, 1.0931797, 5.2379565, 0.56862396] 2.5926726 1.128431 0.91852355 1.027576
[9718, 0.4416264, 1.0276757, 5.1991553, 0.48075074] 2.542262 1.1394185 0.9098384 1.2225198
[9719, 0.57461363, 1.0186418, 2.6925786, 0.661804] 2.9504762 1.2840583 1.0638949 1.0029111
[9720, 0.48441103, 1.0078826, 5.5819864, 0.522636] 2.616356 1.0335745 0.93572855 1.1338274
[9721, 0.44930133, 1.0343683, 4.110612, 0.76837695] 2.840883 1.0448773 0.9085395 1.0844766
[9722, 0.44201422, 1.0361147, 4.8829193, 0.4224041] 2.4554946 1.1202275 0.9051095 1.3221445
[9723, 0.47273937, 1.0328116, 3.5168827, 0.49452853] 2.8715546 1.1135364 0.9329451 1.0044144
[9724, 0.44987315, 1.0250976, 5.4460745, 0.5397811] 2.4400635 1.0764004 1.0316923 1.1541741
[9725, 0.44098333, 1.0419291, 5.288256, 0.59971243] 2.3476365 1.1904216 1.0588689 1.2592986
[9726, 0.5122699, 0.9732171, 4.733811, 0.5402199] 2.3955808 0.96075636 1.1765233 1.0836443
[9727, 0.44898006, 1.0156635, 5.6052175, 0.5487296] 2.5030534 1.1188015 0.8359804 1.1945393
[9728, 0.4690177, 1.0172573, 4.0597277, 0.4887316] 2.5744894 1.2396357 1.0056694 1.2644856
[9729, 0.62468797, 1.0043148, 2.393875, 0.6981954] 3.2589955 1.1363926 1.0414094 0.7954997
[9730, 0.557316, 0.9567856, 3.5536783, 0.6207995] 3.006421 0.9790533 0.99335164 0.9337028
[9731, 0.39538234, 1.0839078, 3.8414574, 0.5201186] 2.7283862 1.1852773 0.9010293 1.1494912
[9732, 0.32030013, 1.1230218, 5.239271, 0.4671686] 2.7050886 0.9811139 0.92765504 1.0243571
[9733, 0.3655687, 1.087746, 6.3265033, 0.72402143] 2.4611688 1.1956186 0.9548155 1.1297301
[9734, 0.4562135, 1.0013883, 5.319488, 0.48932964] 2.4960806 0.97290367 1.0395641 1.157412
[9735, 0.5543946, 0.9912432, 3.2137065, 0.5803513] 2.9880679 1.0686737 0.8876124 0.97162896
[9736, 0.48596603, 0.9472708, 5.5761614, 0.48237085] 2.4940655 1.029953 0.92700917 1.0188574
[9737, 0.50690615, 1.0300301, 3.320206, 0.6274998] 2.8476896 0.96932656 1.0238565 1.2563798
[9738, 0.55629396, 0.97571146, 3.445714, 0.8392771] 2.6126738 1.0784374 1.0224949 1.50022
[9739, 0.4260592, 1.0386997, 4.8288064, 0.60772735] 2.596472 1.1701012 0.90465724 1.1620876
[9740, 0.4942956, 0.9548345, 4.9074135, 0.4501836] 2.3709023 1.0199908 0.999798 1.2396319
[9741, 0.36638924, 1.0894467, 4.8409915, 0.53320324] 2.618081 1.141627 0.8668912 1.1887908
[9742, 0.51074696, 1.0087172, 3.776895, 0.70269775] 2.7098227 1.1684473 1.0302708 1.1642648
[9743, 0.5512698, 0.9730657, 2.9065762, 0.7391128] 2.9689212 1.0720559 0.88440686 1.0302591
[9744, 0.43156233, 1.0485927, 5.7529106, 0.50599027] 2.3129642 1.0988909 0.949666 1.4258647
[9745, 0.5962021, 1.0070227, 2.8257868, 0.6937943] 3.044016 1.2110733 0.95212924 0.9371693
[9746, 0.40573907, 1.0699816, 4.6532383, 0.5374987] 2.7133543 0.8777196 0.9827713 1.2792362
[9747, 0.465733, 1.024828, 3.4396052, 0.85199785] 2.8158932 0.91935563 1.0185916 1.2600385
[9748, 0.48644704, 0.99897623, 5.453869, 0.39654785] 2.5660334 1.1966842 0.79598176 1.1164243
[9749, 0.3983881, 1.0799537, 4.6637807, 0.5897002] 2.8098567 0.9900766 0.9318699 0.996197
[9750, 0.58902353, 0.84172183, 5.7706366, 0.5796178] 2.2156126 1.1556093 1.0229418 1.2069373
[9751, 0.39851722, 1.0447813, 4.0081286, 0.513589] 2.863923 1.0501667 0.87344533 1.0445527
[9752, 0.4252252, 1.0364972, 3.199264, 0.5259028] 2.9267864 0.96331465 0.9547823 1.0977068
[9753, 0.49735597, 0.91377187, 5.707289, 0.4839035] 2.2545621 0.9887091 0.9588252 1.408048
[9754, 0.5612082, 0.9344098, 4.2349515, 0.51910627] 2.6358898 0.9207483 1.0188396 1.3169382
[9755, 0.39051574, 1.0608853, 4.3956676, 0.6465183] 2.7448153 1.090336 1.0253693 1.0960035
[9756, 0.48697025, 0.99696153, 4.1246223, 0.5688761] 2.794962 1.2041296 0.78421396 1.0608778
[9757, 0.5763073, 0.87757236, 5.0686107, 0.44785956] 2.3053205 1.0965469 1.0056108 1.2349923
[9758, 0.4550094, 1.0371442, 5.4802513, 0.5125381] 2.5031917 1.0555342 1.2418634 1.0406958
[9759, 0.5292333, 0.9989978, 3.8866887, 0.7425034] 2.6790214 1.0963047 1.1596018 1.1262242
[9760, 0.37339294, 1.0791504, 4.546255, 0.6786684] 2.5951028 1.1765099 1.0745258 1.1768097
[9761, 0.3309903, 1.0904568, 4.386457, 0.5890442] 2.7448754 1.0652022 0.9919441 1.0112355
[9762, 0.5744512, 0.94774735, 3.9904168, 0.7503619] 2.6405244 1.034376 1.0033302 1.2933283
[9763, 0.5103643, 0.9980366, 3.677046, 0.9237592] 2.9180803 1.0127623 1.0046117 0.9111242
[9764, 0.5699308, 1.0113373, 2.9454918, 0.66088957] 2.8584108 1.0505533 1.1467155 1.1935829
[9765, 0.52554077, 0.9601645, 3.7958736, 0.5772569] 2.6342866 1.0784227 1.0711504 1.2620548
[9766, 0.52430975, 1.0214388, 3.1154583, 0.71102595] 2.9773617 1.0265683 1.0364776 0.95298654
[9767, 0.38560566, 1.0730591, 5.705077, 0.6033996] 2.6100218 0.96103823 1.037002 1.0639918
[9768, 0.43238214, 1.0377197, 4.1722984, 0.45810732] 2.6574225 1.1419475 0.8101255 1.3020397
[9769, 0.37152517, 1.0727736, 5.4097743, 0.54170656] 2.4907198 1.187454 0.9103765 1.0496643
[9770, 0.46289784, 0.9821583, 5.6836534, 0.5351751] 2.4149013 1.1853726 0.9564644 1.112575
[9771, 0.39455125, 1.0441147, 4.45736, 0.4939795] 2.6148784 1.0296625 1.1282508 1.1829722
[9772, 0.5094521, 1.0299598, 2.9839196, 0.7419957] 2.9223166 1.0438024 1.0653242 1.017466
[9773, 0.45127335, 0.9961042, 4.84139, 0.5038456] 2.659389 1.0440328 1.0182949 1.0948378
[9774, 0.42900556, 1.0238874, 5.6909814, 0.5640762] 2.6324663 1.0651237 0.93974084 1.0289979
[9775, 0.4361181, 1.0685952, 4.7026157, 0.52516186] 2.4343069 1.0717348 0.95267797 1.398644
[9776, 0.44885948, 1.0332352, 5.301106, 0.40948626] 2.502168 1.1772677 0.8547365 1.18999
[9777, 0.6337479, 0.94868964, 2.7619965, 0.7058994] 3.1405003 1.0058591 0.8714361 1.0450438
[9778, 0.47641388, 1.0177741, 3.8951116, 0.44088885] 2.542698 1.3089143 0.98863643 1.2464515
[9779, 0.60370183, 0.7964775, 5.832948, 0.42613] 2.1667602 1.1525725 1.0498976 1.1718742
[9780, 0.4294343, 1.0485151, 3.9109137, 0.5896505] 2.8091838 0.9592708 1.0685104 1.0578612
[9781, 0.48537135, 1.0293776, 3.8543527, 0.7099913] 2.7410598 1.1211289 0.9213619 1.2599105
[9782, 0.47582588, 0.99361646, 4.523033, 0.52062076] 2.6748924 1.0687234 1.1396242 0.99043655
[9783, 0.33942652, 1.0935522, 4.39825, 0.5405575] 2.695429 0.99457645 1.016509 1.1844956
[9784, 0.34808868, 1.1176114, 5.916927, 0.5306079] 2.5712347 1.169944 1.0302851 0.9586439
[9785, 0.5185554, 0.91943514, 5.84335, 0.49963468] 2.4271417 0.9257998 1.0230435 1.1400846
[9786, 0.53460634, 1.006927, 2.9662478, 0.86246145] 3.078429 1.0778012 0.88157904 0.96414924
[9787, 0.3462121, 1.1019733, 5.3101463, 0.58633554] 2.527319 1.1991746 0.96221703 1.0773466
[9788, 0.46074596, 1.009302, 4.179125, 0.6168313] 2.925931 1.0094098 0.8603174 0.9380337
[9789, 0.41258907, 1.0365603, 5.563097, 0.5128583] 2.66294 1.1071752 0.90673494 0.9291688
[9790, 0.4104787, 1.0567161, 4.5553355, 0.49166706] 2.566469 1.133203 0.88317305 1.1351063
[9791, 0.48178333, 0.99291474, 5.3566904, 0.5865847] 2.420593 1.1020256 0.9881994 1.2124765
[9792, 0.5030666, 1.0423144, 2.8513763, 0.6881323] 2.9478319 0.9655781 1.052901 1.1563914
[9793, 0.48299664, 1.0043317, 4.336942, 0.5575619] 2.5272167 1.1158732 1.1182252 1.2862403
[9794, 0.42117333, 1.0370638, 5.354123, 0.57543874] 2.550164 1.0228359 0.9452671 1.1430982
[9795, 0.36578122, 1.0922837, 5.545456, 0.49573892] 2.616435 1.1933315 0.942 0.912163
[9796, 0.4845397, 1.0002106, 4.4014516, 0.5461773] 2.665488 1.1981767 0.91754055 1.190858
[9797, 0.47994313, 1.0183209, 4.338635, 0.64225554] 2.8582795 1.1396053 0.94738555 0.9154423
[9798, 0.4531808, 1.015737, 4.925468, 0.2982917] 2.8642955 1.16193 0.67347777 0.83382475
[9799, 0.4408022, 1.0479895, 5.133574, 0.3750828] 2.4350312 1.1894609 0.93925196 1.2753443
[9800, 0.35534638, 1.0611969, 5.1361156, 0.5160665] 2.5253322 1.0354168 1.0436984 1.1981919
[9801, 0.6024339, 1.0035067, 2.4921541, 0.74132645] 3.1781962 0.9056969 1.0983274 0.9085183
[9802, 0.40015194, 1.0496148, 5.428619, 0.6966668] 2.6498933 1.0021386 0.913947 1.0714101
[9803, 0.45001012, 1.0192327, 5.7488317, 0.5751776] 2.4205337 1.1889508 0.95801616 1.2793622
[9804, 0.48113957, 0.9972289, 4.3452525, 0.61511344] 2.7325416 1.0567776 1.0212113 1.1252753
[9805, 0.44760638, 0.99723154, 4.677476, 0.3850023] 2.6395514 0.90726304 1.0405335 1.2373164
[9806, 0.41945678, 1.0575243, 3.8769634, 0.85719144] 2.7171378 1.0686095 1.0059608 1.1958851
[9807, 0.4582058, 1.0274756, 5.0226574, 0.36090234] 2.640094 1.1075381 0.7975616 1.1409537
[9808, 0.4853363, 1.0117438, 4.522579, 0.5273378] 2.843494 1.2822509 0.82913387 0.8527357
[9809, 0.5675478, 0.98188573, 3.076232, 0.59805113] 2.6382997 1.2869365 1.0040185 1.4010352
[9810, 0.52434564, 0.9329121, 4.9938383, 0.38849762] 2.3867118 1.1430576 1.0350595 1.1534947
[9811, 0.5182457, 0.9319648, 5.1360865, 0.44759837] 2.4998143 0.9984043 0.9174121 1.0605334
[9812, 0.576764, 1.0182574, 2.633355, 0.6910838] 3.1887279 0.97616965 0.8681145 1.1281637
[9813, 0.39273402, 1.0429856, 5.4169984, 0.519059] 2.4720325 1.1812501 1.1148099 1.081999
[9814, 0.6935777, 0.7105975, 5.420035, 0.29016355] 1.9525099 1.2478085 1.2053986 1.4248694
[9815, 0.4876398, 1.0012063, 4.6128, 0.5837401] 2.6568022 1.1101227 0.9110132 1.1764382
[9816, 0.435068, 1.0334715, 5.736715, 0.58612436] 2.560795 0.9748755 1.0189179 1.1450728
[9817, 0.40420604, 1.0638928, 4.2281656, 0.694535] 2.6445417 1.0216178 1.0595945 1.2188236
[9818, 0.40838242, 1.0536463, 5.0066934, 0.4920095] 2.5462031 1.1520969 1.0025961 1.1454817
[9819, 0.41065297, 1.0561968, 4.6517467, 0.4674214] 2.610541 1.1716601 0.8987053 1.0801612
[9820, 0.43667698, 1.045156, 5.5523396, 0.58768517] 2.4720604 1.0304732 0.996098 1.1914423
[9821, 0.43326497, 1.0286177, 5.346613, 0.48751354] 2.4511254 1.1246504 0.9346663 1.2909379
[9822, 0.51749, 1.0482688, 3.044187, 0.69008607] 3.1351728 0.9829469 0.93924654 0.8422629
[9823, 0.4147979, 1.039401, 4.8293743, 0.3335375] 2.535031 1.1435719 1.0120097 1.0896181
[9824, 0.44453338, 0.9843296, 5.272566, 0.45091936] 2.4831576 0.99284226 0.9715356 1.0802065
[9825, 0.3763739, 1.0721793, 4.109983, 0.48168328] 2.5985007 1.1836274 0.96064794 1.1597842
[9826, 0.43930876, 1.0260627, 5.605956, 0.6679317] 2.616247 1.093147 0.951825 0.89793766
[9827, 0.40738738, 1.075713, 3.7758584, 0.73264664] 2.7691257 1.1110717 1.0459777 1.0991544
[9828, 0.55000794, 0.993106, 3.0389395, 0.60839844] 2.9577746 1.0875541 0.9235682 1.0797133
[9829, 0.37913892, 1.0581378, 4.967014, 0.6283995] 2.5966709 0.9982322 0.98168343 1.2091064
[9830, 0.5270854, 0.96129847, 4.9836645, 0.55566853] 2.3781466 1.0402106 0.96439356 1.2920438
[9831, 0.5593938, 1.0050946, 2.772024, 0.77539617] 2.994558 0.99906653 1.0408524 1.1081716
[9832, 0.4801948, 1.0056229, 3.5780368, 0.6266509] 2.727006 1.2481724 0.8651848 1.1677495
[9833, 0.5525745, 0.87632143, 4.7780538, 0.34037295] 2.3008747 0.9990519 0.8920636 1.3210964
[9834, 0.40482026, 1.0508972, 5.4271727, 0.57119834] 2.6495712 0.8725089 0.93115926 1.0874939
[9835, 0.51428396, 0.9562605, 4.8763, 0.39492348] 2.4412246 1.1730608 0.79551923 1.1617043
[9836, 0.52188, 1.0161184, 3.9961922, 0.6386756] 2.5115802 1.0654126 1.1154158 1.5114181
[9837, 0.5846292, 0.9541726, 3.1614606, 0.6742067] 2.8584902 1.0587856 0.8818802 1.2748615
[9838, 0.4045398, 1.0523103, 5.2248106, 0.5982619] 2.6237795 1.1344314 0.8175022 1.1626441
[9839, 0.4570613, 1.0269486, 5.628781, 0.47542372] 2.740685 0.8991702 0.8423409 1.0143901
[9840, 0.44790506, 1.0428, 3.9117992, 0.8475271] 2.757546 1.1563015 0.8673348 1.1857697
[9841, 0.43329462, 1.0367004, 3.9391148, 0.9481123] 2.6541672 1.1856483 1.020946 1.1325959
[9842, 0.5676279, 0.92385495, 5.0967293, 0.5261752] 2.292661 1.1385323 0.9464098 1.4007623
[9843, 0.52033097, 1.0069926, 3.0910509, 0.6802055] 2.8383172 1.1598213 0.9619959 1.0708264
[9844, 0.476371, 1.0027312, 3.968369, 0.5792224] 2.6885042 1.0723238 0.97456783 1.2484195
[9845, 0.42721796, 1.0321239, 4.4379215, 0.5476075] 2.8513486 1.0064243 0.93851185 1.017257
[9846, 0.3965212, 1.0653374, 5.118442, 0.42560402] 2.54213 1.1990461 0.91607463 1.1784613
[9847, 0.46270478, 1.0024744, 5.249989, 0.46510634] 2.4973674 1.1856457 0.93406504 0.9897591
[9848, 0.44655535, 1.0171757, 5.3748975, 0.55052227] 2.4835951 1.0216144 1.0450088 1.1768699
[9849, 0.33079398, 1.0857997, 4.764613, 0.46125588] 2.706615 1.0346678 0.85571474 1.1364962
[9850, 0.3781019, 1.0806211, 5.248089, 0.52669406] 2.5815024 1.0422742 1.0516562 1.1200308
[9851, 0.4046498, 1.0754104, 5.355681, 0.6227449] 2.4883528 1.0723567 1.0338581 1.2183459
[9852, 0.45344117, 1.0286161, 4.2960677, 0.53661555] 2.5399013 1.1221495 1.1352937 1.2975109
[9853, 0.489029, 1.0115373, 3.5162523, 0.53731763] 2.730527 1.1678936 1.0218806 1.1364146
[9854, 0.3903349, 1.0537874, 4.9283957, 0.5494771] 2.6128047 1.2508029 0.8252041 1.0897287
[9855, 0.4512037, 1.0444399, 3.5575848, 0.6770314] 2.9115667 1.1025349 0.94752467 0.9664414
[9856, 0.5938355, 0.97502553, 2.6190953, 0.69243336] 2.7851646 1.3631046 1.0545061 1.0959679
[9857, 0.5910382, 0.95100576, 3.2792602, 0.6578424] 2.849195 1.1665435 0.9091986 1.0588845
[9858, 0.50190014, 1.0917262, 2.6695833, 0.7237805] 2.9638715 1.1226013 1.0347832 1.1639423
[9859, 0.33256057, 1.1008581, 5.4922247, 0.54142135] 2.609251 1.0170658 0.9830941 1.0882475
[9860, 0.54188514, 0.9846701, 3.5180087, 0.76330906] 2.825857 0.9871929 1.0354911 1.1691327
[9861, 0.438532, 1.0200453, 4.693401, 0.57435673] 2.5217338 1.1559685 1.0524021 1.0563622
[9862, 0.48384398, 1.0052902, 3.9038012, 0.62927294] 2.632343 1.2805415 0.98893476 1.1829177
[9863, 0.3203173, 1.0935175, 5.180304, 0.63895327] 2.5664105 1.0504668 0.9633935 1.1497357
[9864, 0.6138804, 0.77462226, 5.944371, 0.339376] 2.1617162 1.234885 0.9792014 1.2372262
[9865, 0.504626, 1.0109866, 3.3937547, 0.6965201] 2.8721673 1.1055175 0.91072154 1.1125653
[9866, 0.45960808, 1.0056571, 4.1199055, 0.6576368] 2.7320375 1.0598093 0.8171698 1.2702384
[9867, 0.55477685, 0.8974094, 4.9381166, 0.42187864] 2.42361 1.1830596 0.8927845 1.0720147
[9868, 0.39839846, 1.0674443, 3.7313073, 0.70283294] 2.7894046 1.1890781 0.89945805 1.1126386
[9869, 0.4978507, 0.7555122, 6.1427474, 0.6708389] 2.0055676 1.0278152 0.97562027 1.4083135
[9870, 0.53053766, 0.92892456, 5.410397, 0.6337849] 2.3111386 1.110037 1.0541946 1.2341148
[9871, 0.5802785, 0.8788467, 4.940531, 0.49890435] 2.2596152 1.1010665 0.925755 1.3593472
[9872, 0.5088478, 0.97244716, 3.8559988, 0.4963264] 2.6991057 1.290755 0.9113323 0.9869906
[9873, 0.53043526, 0.88458717, 5.554777, 0.53365207] 2.420462 1.0160998 0.9008014 1.059487
[9874, 0.4408557, 0.98952687, 4.9475904, 0.4638839] 2.4127512 1.0542028 0.9949024 1.2053392
[9875, 0.5269178, 0.94972426, 5.787524, 0.5874531] 2.3575518 1.1691507 0.9953167 1.174547
[9876, 0.55011725, 1.036511, 2.770303, 0.7537744] 3.007025 1.1985626 0.9777953 1.1234044
[9877, 0.44379342, 1.0560116, 5.8149533, 0.5290081] 2.365789 1.1773199 1.0032233 1.4444261
[9878, 0.40773305, 1.063832, 3.1118217, 0.87673765] 2.8441055 0.9934866 1.0959404 1.1226233
[9879, 0.48642644, 1.0411569, 3.653915, 0.5720602] 2.7728086 1.1768771 1.0375227 1.022158
[9880, 0.5899386, 0.87813497, 4.925955, 0.4344465] 2.4773705 0.96021813 0.9262677 1.0895674
[9881, 0.36500862, 1.0923619, 5.151658, 0.5174773] 2.6420186 0.9871792 0.8588678 1.1676189
[9882, 0.36737168, 1.0688822, 5.451088, 0.5225017] 2.6236827 1.0170975 0.84315205 1.0857502
[9883, 0.5012618, 1.03106, 3.5891192, 0.7050443] 2.7945924 1.053727 0.98484826 1.2414092
[9884, 0.36616865, 1.067109, 5.5526195, 0.5700154] 2.6497529 1.0051652 0.9587965 1.0907067
[9885, 0.49648702, 1.001872, 3.8684924, 0.56751806] 2.5597334 1.1423348 0.92467046 1.4175466
[9886, 0.45596743, 1.0456333, 3.8785667, 0.48382878] 2.7973297 0.97723013 0.7487073 1.3578908
[9887, 0.45296323, 1.020596, 5.3266997, 0.4125995] 2.6372304 1.1391276 0.9929832 0.94808793
[9888, 0.48578396, 1.0147258, 4.2149997, 0.5308712] 2.654712 1.063697 0.9419602 1.2195554
[9889, 0.43364453, 1.0277513, 5.779106, 0.6189388] 2.3847265 1.2171756 0.9230712 1.2585056
[9890, 0.3852313, 1.0584521, 4.1567597, 0.6765093] 2.7310138 1.0684214 0.97650284 1.0879499
[9891, 0.64868504, 0.7131882, 5.0448275, 0.37426063] 2.2332187 1.1534988 0.74773514 1.2333379
[9892, 0.49467492, 0.9914321, 4.2194157, 0.54418737] 2.7045968 1.1427397 0.8925347 1.1684225
[9893, 0.5471607, 0.8924395, 4.669462, 0.53390193] 2.5074708 1.0058546 0.90814215 1.0076292
[9894, 0.6069432, 0.91651183, 3.140323, 0.605318] 2.8252802 0.9821461 1.0323439 1.229757
[9895, 0.52391917, 0.9657345, 3.9958272, 0.25725326] 2.8804867 1.0265853 0.8157677 0.8953364
[9896, 0.462535, 1.0186425, 5.683053, 0.5833148] 2.4446135 1.040428 0.97558403 1.2906097
[9897, 0.4138971, 1.0747758, 6.362718, 0.7249684] 2.4334695 1.1360025 1.0087734 1.2311959
[9898, 0.4179423, 1.0407329, 5.8456483, 0.4545365] 2.6857483 1.0021764 0.9140524 0.9211954
[9899, 0.5672729, 1.0495883, 2.4927394, 0.630678] 3.1825354 1.1403431 0.91828376 1.0087498
[9900, 0.40294924, 1.055923, 5.2554994, 0.53676337] 2.5042593 1.1121778 1.0319633 1.2394171
[9901, 0.42639148, 1.0418922, 5.2319307, 0.4698074] 2.4831712 1.2800074 1.0183157 1.0962636
[9902, 0.44321024, 1.037334, 3.8115637, 0.7345261] 2.879162 1.1197944 0.95022196 0.8872587
[9903, 0.34389108, 1.0849184, 4.87292, 0.5219981] 2.5268006 1.1577045 1.1043736 1.0985326
[9904, 0.47932512, 1.0238069, 3.8086317, 0.4716965] 2.6813102 1.0940827 1.0033044 1.2285966
[9905, 0.5580542, 0.8009057, 5.9081397, 0.46619856] 2.1620433 1.104541 1.0053062 1.2192653
[9906, 0.48852453, 1.0129819, 3.9624906, 0.627389] 2.7570343 1.0909442 1.0398164 1.0505701
[9907, 0.3877902, 1.0676366, 5.4399147, 0.51219755] 2.6873198 1.0594263 0.86905193 1.1406235
[9908, 0.41526395, 1.0357285, 4.9657316, 0.44311485] 2.5620453 1.0587817 0.9778416 1.1805943
[9909, 0.57573533, 0.9116446, 4.961107, 0.4515026] 2.5089686 0.9491725 0.8531328 1.272434
[9910, 0.38437536, 1.072194, 5.042004, 0.6499476] 2.7149184 1.0500602 0.98023295 0.9820464
[9911, 0.40496644, 1.0441564, 4.0591273, 0.6046703] 2.7916527 1.0443367 0.88411504 1.1102831
[9912, 0.512978, 0.9968839, 3.1286337, 0.8336715] 2.8403268 1.041135 0.9890871 1.2146511
[9913, 0.41739634, 1.046209, 3.8982694, 0.77641433] 2.7574341 1.0427431 1.0311717 1.1121415
[9914, 0.4003689, 1.0188013, 5.0561423, 0.49374563] 2.4455397 1.1183965 0.98020077 1.120553
[9915, 0.43764132, 1.0116916, 4.920723, 0.45022097] 2.565974 1.060405 0.8307794 1.1848544
[9916, 0.58954674, 0.87441313, 5.447246, 0.48078114] 2.35032 0.9852268 0.9990361 1.2418102
[9917, 0.51927453, 1.002258, 3.8203456, 0.79234177] 2.5967796 1.1747239 1.031741 1.3364067
[9918, 0.58662695, 0.95898646, 3.1977715, 0.7667424] 2.8629627 1.1719279 0.9221223 1.1247042
[9919, 0.5062572, 0.8803744, 6.0838647, 0.48115572] 2.3360815 1.0491145 0.92535883 1.1159998
[9920, 0.3114835, 1.0886103, 5.0892, 0.5297399] 2.6488779 1.0264394 0.8835325 1.2312372
[9921, 0.3480529, 1.0729637, 4.9423656, 0.6257803] 2.7990496 1.0287286 0.9277208 0.9699203
[9922, 0.54859746, 0.92377955, 5.3135743, 0.45614314] 2.3316128 1.0875689 0.88429314 1.4257351
[9923, 0.42216015, 1.0490615, 6.018568, 0.7091019] 2.4774108 1.054778 1.0394232 1.0575471
[9924, 0.44975784, 1.0339614, 5.1869726, 0.5650338] 2.5677414 1.0012738 1.111198 1.24529
[9925, 0.3590368, 1.0648252, 5.0335126, 0.43652505] 2.4802608 1.2877983 0.91783243 1.2046642
[9926, 0.4790901, 1.0592686, 3.4696972, 0.6636089] 2.8606608 1.2298 0.84296316 1.1604615
[9927, 0.56207776, 1.0135423, 3.1746526, 0.60294557] 2.9343731 1.1922193 0.90147185 0.99586743
[9928, 0.40677842, 1.0568265, 5.1364822, 0.548818] 2.5401165 1.1306705 0.9410102 1.2078072
[9929, 0.38065648, 1.061293, 5.195568, 0.4208589] 2.585503 1.2250228 0.8998942 1.0898721
[9930, 0.39387527, 1.0524274, 5.0851493, 0.57429165] 2.6900682 0.87207764 0.99257165 1.1449459
[9931, 0.37334305, 1.0652728, 4.949042, 0.4054829] 2.532416 1.2250978 1.0883635 1.0747663
[9932, 0.428287, 1.0294186, 4.996005, 0.40904734] 2.7764747 0.87633705 0.9763581 1.0600729
[9933, 0.45700538, 1.0404845, 5.601296, 0.52942115] 2.5945172 1.2445761 1.0563812 0.95816
[9934, 0.44767785, 1.0420012, 5.749471, 0.5036558] 2.4102304 1.1406041 1.0240766 1.2379624
[9935, 0.49342975, 0.98372453, 5.8596287, 0.5657817] 2.5375397 0.9974906 0.96477306 1.0856764
[9936, 0.5538774, 1.0233178, 3.4811723, 0.7023925] 3.1416745 1.133724 0.7909349 0.8186629
[9937, 0.55021065, 0.8029832, 6.358162, 0.4341138] 2.19694 1.0044026 1.0612174 1.2286731
[9938, 0.3854021, 1.0612608, 5.249254, 0.49425787] 2.543094 1.0029091 1.0255803 1.1421958
[9939, 0.5137817, 0.95332676, 5.5391393, 0.6267054] 2.278938 1.1032696 1.0184832 1.4645631
[9940, 0.5433383, 1.0037009, 3.3561149, 0.66791046] 2.8010564 1.1891125 0.9335886 1.1438543
[9941, 0.45421353, 1.0214717, 3.6533668, 0.7086106] 2.7368958 1.061923 0.95973057 1.2365086
[9942, 0.51219815, 1.0294038, 3.5266957, 0.5427855] 2.9686577 1.0345808 1.0032947 0.9539183
[9943, 0.3381636, 1.0870198, 4.7812877, 0.46558088] 2.549174 1.2665823 0.97167677 1.0636779
[9944, 0.43244243, 1.0595347, 3.1171682, 0.809935] 2.83184 1.0802559 1.0004141 1.222272
[9945, 0.48024493, 0.8516493, 5.3968678, 0.39080337] 2.2973368 0.83792746 0.97117895 1.2814691
[9946, 0.38041574, 1.0734615, 4.155302, 0.50648373] 2.7975595 1.0042684 0.9363675 1.0778012
[9947, 0.55297554, 1.0322279, 2.8955193, 0.7021696] 3.1411343 1.0349102 0.8379481 1.0289547
[9948, 0.5476047, 0.9705949, 3.31309, 0.6290399] 2.8530917 0.94697356 0.88458645 1.3039593
[9949, 0.45386887, 1.029436, 3.450824, 0.65548146] 2.983862 1.055009 0.94162047 0.8780328
[9950, 0.51153135, 1.0272247, 2.862131, 0.8869303] 2.6085687 1.330062 1.0225455 1.310679
[9951, 0.4428417, 1.0281847, 5.587152, 0.551447] 2.4713972 1.1002691 0.9999348 1.1308411
[9952, 0.45334405, 1.008504, 4.429226, 0.461384] 2.6189368 1.230635 0.8671805 1.1899685
[9953, 0.41160318, 1.0521138, 5.7947917, 0.45981708] 2.549911 1.218955 0.87183356 1.1591746
[9954, 0.4603723, 1.0102459, 4.662162, 0.44612518] 2.7367456 1.1333213 0.813117 1.0455905
[9955, 0.46870217, 1.0189776, 3.9857252, 0.5716533] 2.7691588 0.9564168 0.99255615 1.1482198
[9956, 0.42669848, 1.0445974, 4.5337873, 0.4948303] 2.716771 1.0831336 0.97011 0.9811793
[9957, 0.38765115, 1.0642287, 5.204777, 0.6887776] 2.6836715 0.9972202 0.9865321 1.1683866
[9958, 0.41463122, 1.0556542, 5.0212946, 0.45990896] 2.5652993 1.2230057 0.9668168 1.0459403
[9959, 0.4738783, 1.0066252, 4.9175644, 0.4806493] 2.7736812 1.1031926 0.9838364 0.85816914
[9960, 0.5170667, 1.0085282, 3.315193, 0.5976841] 2.9096751 0.82784307 1.057486 1.1698251
[9961, 0.49845922, 0.9803183, 5.299313, 0.5851951] 2.680627 0.9385279 0.9070407 0.9005684
[9962, 0.43194053, 0.9919507, 5.340274, 0.58229214] 2.472741 0.9880012 0.9664788 1.1256164
[9963, 0.46400386, 1.0047144, 5.249238, 0.5146779] 2.399172 1.0418621 1.0661325 1.2640969
[9964, 0.37340117, 1.0629103, 5.4081984, 0.5413183] 2.589345 0.9658089 0.9516337 1.2649693
[9965, 0.39255795, 1.0548941, 5.171638, 0.6412433] 2.6829627 1.1370727 0.9695445 0.9323425
[9966, 0.57739246, 0.8538775, 5.3742337, 0.46482095] 2.3134127 1.0789225 0.9543334 1.2190707
[9967, 0.38557395, 1.0708963, 4.8665876, 0.52318895] 2.6091833 1.1580108 0.9470349 1.1600404
[9968, 0.5214177, 0.9303651, 5.2088265, 0.54658467] 2.3782191 1.1353436 1.0211748 1.1096007
[9969, 0.4723149, 1.0601825, 4.038253, 0.7239026] 2.796887 1.1901811 0.8816677 1.109698
[9970, 0.57370734, 0.9891246, 3.072079, 0.8043607] 2.8722343 1.0557663 0.9484793 1.2498894
[9971, 0.47890383, 0.95098454, 5.325487, 0.4562819] 2.4316964 0.95994157 0.9678608 1.2683108
[9972, 0.3975473, 1.0782225, 5.442568, 0.5431907] 2.5681157 1.1362348 0.9391396 1.0628928
[9973, 0.4906686, 0.999694, 3.7428384, 0.53957] 2.6646266 1.1708708 1.0242698 1.1457839
[9974, 0.42981064, 1.0487546, 3.570396, 0.75083613] 2.7674925 1.0871308 1.0808923 1.1104263
[9975, 0.61257714, 0.8588278, 5.224381, 0.46112075] 2.2361732 1.129192 1.0319747 1.3363905
[9976, 0.3579116, 1.077027, 4.768217, 0.51464623] 2.5813963 1.109206 1.0933244 1.1151925
[9977, 0.38017544, 1.0396302, 4.236342, 0.5776935] 2.7646537 1.1247536 0.9880105 0.9868758
[9978, 0.5740035, 1.0053821, 2.8054712, 0.6513465] 2.8783042 1.1632683 1.0046548 1.1599591
[9979, 0.49218947, 0.88840103, 5.1693997, 0.40501913] 2.3744497 1.0147414 0.92971706 1.132852
[9980, 0.31976548, 1.1319389, 5.5292935, 0.56151205] 2.5769172 1.0254277 1.0024233 1.199096
[9981, 0.41936857, 1.0415785, 6.3578334, 0.7492274] 2.4952588 1.0298572 1.050458 1.1721627
[9982, 0.37523398, 1.069958, 4.8408723, 0.47091275] 2.596506 0.9857807 0.9364808 1.1116967
[9983, 0.39763597, 1.0444826, 4.760557, 0.42049554] 2.713718 1.0448816 0.79882246 1.2018348
[9984, 0.42098814, 1.0332114, 4.5799513, 0.5874036] 2.7628992 0.9606956 0.9138164 1.1326894
[9985, 0.39786726, 1.059537, 5.449113, 0.61490643] 2.5892868 1.0425034 0.99752116 0.9968237
[9986, 0.5794962, 0.9645419, 3.1308455, 0.76071763] 2.8355138 1.0338792 0.8794908 1.3201079
[9987, 0.5115101, 0.96369106, 4.060616, 0.5727731] 2.6599805 1.0610131 1.0587896 1.1971436
[9988, 0.42160937, 1.0603663, 4.693656, 0.73457265] 2.7294354 1.0036734 0.88842607 1.1940714
[9989, 0.52116954, 0.9426021, 4.9695983, 0.4730235] 2.3408015 1.1127448 0.95010996 1.2587504
[9990, 0.44412857, 1.029191, 5.2019124, 0.50509757] 2.5385482 1.0828111 0.83914024 1.2136289
[9991, 0.51313895, 0.9034418, 5.3258696, 0.5691726] 2.2643576 1.0581468 1.0165982 1.2554233
[9992, 0.4222008, 1.0376924, 4.527983, 0.6533532] 2.7316468 1.145788 0.9483005 1.0486215
[9993, 0.42957887, 1.0134094, 4.2536564, 0.48527035] 2.7772734 1.0449423 0.87140644 1.0739933
[9994, 0.53306335, 0.9182966, 4.950226, 0.5223296] 2.4190218 0.9776672 0.9964872 1.1997375
[9995, 0.45937777, 1.0467571, 2.8282773, 0.7056355] 2.9942307 0.9872063 0.9355893 1.0738071
[9996, 0.5046087, 1.0069066, 3.2310014, 0.69023687] 2.9868555 0.96272665 0.99724424 0.9549234
[9997, 0.46903482, 1.019025, 4.8593044, 0.48114884] 2.5346773 1.1570712 0.93715197 1.2910169
[9998, 0.4248203, 1.0422055, 5.165945, 0.53529793] 2.6225054 0.92012405 1.0746504 1.1801953
[9999, 0.44935277, 1.0230817, 4.0541687, 0.55880046] 2.7055986 1.2513876 1.01979 0.9819708
                 Absolute Bias  Standard Error  95% CI Length
posterior_phi         0.027923        0.000738       0.275340
posterior_sigma       0.001968        0.000739       0.298971
posterior_beta3       0.377468        0.009375       3.309320
posterior_rho         0.070506        0.001231       0.478922
posterior_g1          0.102897        0.002296       0.898444
posterior_g2          0.094673        0.000921       0.362334
posterior_g3          0.037660        0.000811       0.314677
posterior_g4          0.147784        0.001310       0.510949
