Run 'mamba init' to be able to run mamba activate/deactivate
and start a new shell session. Or use conda to activate/deactivate.

2026-07-16 18:23:16.441303: I tensorflow/core/util/port.cc:113] oneDNN custom operations are on. You may see slightly different numerical results due to floating-point round-off errors from different computation orders. To turn them off, set the environment variable `TF_ENABLE_ONEDNN_OPTS=0`.
2026-07-16 18:23:16.783472: E external/local_xla/xla/stream_executor/cuda/cuda_dnn.cc:9261] Unable to register cuDNN factory: Attempting to register factory for plugin cuDNN when one has already been registered
2026-07-16 18:23:16.783532: E external/local_xla/xla/stream_executor/cuda/cuda_fft.cc:607] Unable to register cuFFT factory: Attempting to register factory for plugin cuFFT when one has already been registered
2026-07-16 18:23:16.797525: E external/local_xla/xla/stream_executor/cuda/cuda_blas.cc:1515] Unable to register cuBLAS factory: Attempting to register factory for plugin cuBLAS when one has already been registered
2026-07-16 18:23:16.833314: I tensorflow/core/platform/cpu_feature_guard.cc:182] This TensorFlow binary is optimized to use available CPU instructions in performance-critical operations.
To enable the following instructions: AVX2 AVX512F AVX512_VNNI FMA, in other operations, rebuild TensorFlow with the appropriate compiler flags.
2026-07-16 18:23:21.098694: W tensorflow/compiler/tf2tensorrt/utils/py_utils.cc:38] TF-TRT Warning: Could not find TensorRT
INFO:root:Performing 2 pilot runs with the simulador_proceso model...
INFO:root:Shape of parameter batch after 2 pilot simulations: (batch_size = 2, 4)
INFO:root:Shape of simulation batch after 2 pilot simulations: (batch_size = 2, 1, 1, 200, 104)
INFO:root:No optional prior non-batchable context provided.
INFO:root:No optional prior batchable context provided.
INFO:root:No optional simulation non-batchable context provided.
INFO:root:No optional simulation batchable context provided.
2026-07-16 18:23:41.585542: I tensorflow/core/common_runtime/gpu/gpu_device.cc:1929] Created device /job:localhost/replica:0/task:0/device:GPU:0 with 79193 MB memory:  -> device: 0, name: NVIDIA A100-SXM4-80GB, pci bus id: 0000:31:00.0, compute capability: 8.0
INFO:root:Loaded loss history from covariables_D4_simulacion_extremo_V62_15/history_40.pkl.
INFO:root:Networks loaded from covariables_D4_simulacion_extremo_V62_15/ckpt-40
INFO:root:Performing a consistency check with provided components...
2026-07-16 18:23:44.694120: I external/local_xla/xla/stream_executor/cuda/cuda_dnn.cc:454] Loaded cuDNN version 8904
INFO:root:Done.
INFO:root:Performing 2 pilot runs with the simulador_proceso model...
INFO:root:Shape of parameter batch after 2 pilot simulations: (batch_size = 2, 4)
INFO:root:Shape of simulation batch after 2 pilot simulations: (batch_size = 2, 200, 13, 13, 1)
INFO:root:No optional prior non-batchable context provided.
INFO:root:No optional prior batchable context provided.
INFO:root:No optional simulation non-batchable context provided.
INFO:root:No optional simulation batchable context provided.
INFO:root:Loaded loss history from parametros_D4_simulacion_extremo_V162_15_pad_13x13/history_28.pkl.
INFO:root:Networks loaded from parametros_D4_simulacion_extremo_V162_15_pad_13x13/ckpt-28
INFO:root:Performing a consistency check with provided components...
INFO:root:Done.
100 locaciones
200 en tiempo
Inicia funciones de previa
Inicia simulacion
Termina simulacion
[0, 0.516327, 1.0053741, 4.747509, 0.6559931] 2.7317305 0.9536172 0.9017457 0.9652941
[1, 0.5420464, 0.9049493, 8.791808, 0.77927524] 2.3780587 1.1638327 0.81105596 1.105208
[2, 0.4266158, 1.0689067, 5.965013, 0.6658515] 2.564122 1.0183332 0.8681939 1.1397638
[3, 0.43145978, 1.0461369, 5.2922845, 0.5447408] 2.7194898 0.7943597 0.8834493 1.0866288
[4, 0.43463063, 1.0386384, 6.8417077, 0.7837021] 2.4802077 0.99213827 0.9601436 1.1071426
[5, 0.42561617, 1.0596162, 3.6460001, 0.7105564] 2.8568623 0.94323426 0.96101016 1.081625
[6, 0.4739876, 1.0293242, 4.8938723, 0.9140409] 2.683213 0.9427927 0.73126054 1.0443463
[7, 0.48504165, 1.0020438, 7.716386, 0.75067276] 2.5041409 0.96470815 0.86797374 1.1273896
[8, 0.53880847, 0.9721455, 5.3597083, 0.7661101] 2.5460796 0.8192294 0.89316446 1.2328279
[9, 0.61772764, 0.9162757, 2.712218, 0.64981544] 3.1178372 0.8915672 0.7803266 1.1544675
[10, 0.51010966, 0.98331136, 4.3802958, 0.5247571] 2.7790236 0.9630082 0.93653506 1.0633649
[11, 0.54213184, 0.86163354, 7.566574, 0.47486725] 2.444089 0.92385805 0.85988337 1.1195331
[12, 0.5462403, 0.6313043, 4.203131, 0.78922755] 2.1946683 0.95492435 0.89954615 1.0709922
[13, 0.4800599, 0.91549003, 7.760529, 0.9312761] 2.5596356 0.8623327 0.7676272 1.0662119
[14, 0.4352066, 1.0299377, 5.12516, 0.81228834] 2.5573068 0.9686706 0.90141684 1.0723369
[15, 0.53471196, 0.9626457, 6.8067884, 0.7572595] 2.4653141 0.88988215 0.8374727 1.2829016
[16, 0.5906711, 0.987856, 4.040074, 0.6025219] 2.7952788 1.0644544 0.7908161 1.1429489
[17, 0.500152, 0.9945472, 5.6872797, 0.6920805] 2.6809247 1.0357829 0.78718114 0.9851874
[18, 0.5684796, 0.93859273, 5.037954, 0.5619486] 2.6586738 1.0676922 0.8286254 0.8846421
[19, 0.58220047, 0.61113894, 4.045349, 0.47048298] 2.233696 1.040521 0.88131607 0.9784764
[20, 0.44764185, 1.0526419, 5.435774, 0.6145155] 2.876224 0.81322974 0.875467 0.8609835
[21, 0.653399, 0.5240416, 3.6476917, 0.54291135] 2.1034837 0.9885685 0.972511 1.078047
[22, 0.6053269, 0.8885018, 6.837371, 0.6239672] 2.3473063 1.0016953 0.8943533 1.3720057
[23, 0.49847183, 1.0109254, 5.279133, 0.697622] 2.570304 1.0809078 0.82148784 1.0863417
[24, 0.5463707, 0.9816889, 4.8189034, 0.4789766] 2.7677004 0.97419596 0.68038994 1.1964954
[25, 0.51645535, 0.69890916, 4.738507, 0.5935966] 2.2879272 0.88126016 0.92301506 1.0560188
[26, 0.50157285, 1.0288334, 4.7865653, 0.45565423] 2.8404331 0.8471463 0.85441834 1.0421573
[27, 0.51632476, 1.0400186, 3.8990817, 0.5036759] 2.8643415 0.84912294 0.7885474 1.290976
[28, 0.4378528, 1.0601681, 4.0591135, 0.59303564] 2.8241804 1.0504671 0.86858886 1.0035915
[29, 0.5216003, 0.97690356, 5.671247, 0.5364238] 2.6805446 0.9377088 0.76453286 1.0399746
[30, 0.50220937, 0.9997332, 4.1107826, 0.3326174] 2.7743967 0.99926895 0.74125993 1.0481142
[31, 0.26184598, 1.1232113, 4.332174, 0.44306546] 2.6817014 1.0299294 0.81142235 1.0636606
[32, 0.49784687, 1.0182596, 4.973649, 0.6462577] 2.6273775 0.9022067 0.9525272 1.0976405
[33, 0.45558873, 1.0533205, 4.0418363, 0.53236693] 2.67569 0.98628557 0.8465513 1.2552546
[34, 0.5552615, 0.85809064, 7.6449227, 0.8842336] 2.4487927 1.1361647 0.74736834 1.0006213
[35, 0.6143225, 0.9113803, 2.7613325, 0.55368775] 2.8592393 1.1281892 0.7777581 1.2077099
[36, 0.49597472, 1.0010492, 6.1746244, 0.70529044] 2.59667 0.88313967 0.8845007 1.1029801
[37, 0.62203497, 0.9203274, 5.063542, 0.73602384] 2.6781483 0.9802963 0.6281788 1.1576169
[38, 0.42741233, 1.066098, 5.341438, 0.5133547] 2.7012892 0.937621 0.9115173 1.1054988
[39, 0.49440467, 1.0152438, 4.580578, 0.4663853] 2.6378865 1.0426846 0.8069557 1.1685344
[40, 0.55572814, 0.95873564, 5.289512, 0.7324823] 2.6450136 0.95583284 0.7610502 1.0533768
[41, 0.49433523, 0.8601041, 6.750964, 0.5511419] 2.2455618 1.0700545 0.9458027 1.1978734
[42, 0.43573737, 1.0538248, 5.5349708, 0.6810926] 2.4466095 1.0367364 1.0320677 1.222058
[43, 0.50595015, 0.8243081, 8.132763, 0.8294952] 2.3764682 1.0064265 0.85446 1.0896659
[44, 0.6267162, 0.64738506, 5.3502717, 0.5232922] 2.2957127 1.0537037 0.85826397 0.9485492
[45, 0.51902896, 1.0037327, 5.374133, 0.68645084] 2.6531289 1.0087237 0.8288627 1.00473
[46, 0.50023764, 1.0146025, 5.876102, 0.5407238] 2.5708961 0.99118125 0.8331402 1.0689322
[47, 0.5620151, 0.73815817, 4.637132, 0.8740108] 2.307293 0.93486726 0.8321685 1.1575716
[48, 0.62400234, 0.8099879, 7.604883, 0.5418254] 2.4344542 0.99643725 0.8071163 1.1483502
[49, 0.43626642, 0.9362275, 7.5367627, 0.88037866] 2.5090287 0.9288683 0.8881321 0.94454324
[50, 0.46464846, 1.0269088, 7.5176363, 0.9350979] 2.6035063 0.985519 0.7500714 1.0026505
[51, 0.43939403, 1.0780282, 5.5362263, 0.9057794] 2.4582667 0.9530276 0.9197636 1.232211
[52, 0.42674962, 1.0673944, 5.3331523, 0.67208576] 2.523898 1.1031911 0.931958 1.100474
[53, 0.51878875, 1.0308806, 3.4579942, 0.78232276] 3.002622 1.0848057 0.7817204 0.9594002
[54, 0.5112495, 0.90566206, 7.385845, 0.5891858] 2.6013033 1.0061522 0.77206445 0.85469884
[55, 0.5098125, 0.8628502, 8.145892, 0.3490658] 2.4810767 0.8602325 0.7584167 1.1991781
[56, 0.5961805, 0.8615374, 6.727639, 0.5449404] 2.4966445 1.0506105 0.7151934 1.1487789
[57, 0.5814369, 0.80829346, 7.7487583, 0.4715514] 2.3013387 1.1098549 0.9224372 1.0756923
[58, 0.37541756, 0.80233586, 5.16685, 0.68022585] 2.3336527 0.90929526 0.9022776 1.0150701
[59, 0.554865, 0.79725343, 7.617692, 0.67920357] 2.2960374 0.98879915 0.911832 1.1649607
[60, 0.40350598, 1.0008761, 6.769658, 0.7993185] 2.4232872 0.97418517 0.9519461 1.1241509
[61, 0.53916097, 0.97602814, 6.73803, 0.79720074] 2.6386943 0.8784799 0.79277366 1.0327493
[62, 0.45297226, 1.0326859, 5.4182835, 0.5913819] 2.660614 0.99348414 0.84926295 1.0107287
[63, 0.53086203, 0.9764784, 4.7160144, 0.5851563] 2.537518 0.96740514 0.83623827 1.2402878
[64, 0.4658103, 0.66375655, 4.892007, 0.5827612] 2.307814 0.9372194 0.82370734 0.91583455
[65, 0.5941293, 0.9392004, 5.2151146, 0.49295068] 2.6200948 0.9933028 0.8105023 1.1548591
[66, 0.44551215, 1.0327132, 5.3520374, 0.842279] 2.6747377 0.9901388 0.8346505 1.0018816
[67, 0.53329974, 1.0062472, 4.7442613, 0.6229524] 2.6160564 0.9917257 0.8186843 1.090725
[68, 0.50700134, 0.94113344, 6.68891, 0.56213415] 2.4218042 0.93363714 0.8140131 1.249724
[69, 0.53536224, 0.94655544, 8.001767, 0.53151125] 2.544903 0.9182454 0.7377472 1.1688561
[70, 0.48083314, 1.0585792, 4.62839, 0.54558176] 2.8064277 0.8981444 0.8171073 1.0924842
[71, 0.4491844, 0.93659025, 6.958785, 0.31292528] 2.4806273 1.0556194 0.85868454 0.92935777
[72, 0.6493973, 0.6980637, 6.1981745, 0.4866335] 2.2848482 1.1402594 0.8289716 1.0018346
[73, 0.5311923, 0.9741741, 5.2064595, 0.5426529] 2.564554 1.0385203 0.84539604 1.1573334
[74, 0.5106995, 0.96299464, 3.095906, 0.496798] 2.8399222 0.9743077 0.84676695 1.0122228
[75, 0.5380274, 0.9436879, 6.9928107, 0.7227062] 2.387193 1.0352331 0.9347678 1.1664025
[76, 0.5309804, 0.8562283, 7.681525, 0.96099836] 2.4146147 1.0057616 0.8595687 0.9947205
[77, 0.5549273, 0.94588655, 6.326162, 0.695746] 2.4049354 1.0529493 0.87744457 1.22545
[78, 0.50229454, 0.8831488, 9.217493, 0.7033384] 2.255999 0.99842197 1.0190324 1.2375611
[79, 0.54265124, 0.96557045, 5.443949, 0.4410476] 2.6222188 1.0037929 0.7847902 1.11348
[80, 0.5524758, 0.96373314, 4.862091, 0.39070505] 2.6620114 1.0115122 0.9771469 1.1100879
[81, 0.4215414, 1.0294584, 6.8171744, 0.6172241] 2.4809167 0.9955702 1.119994 0.9252385
[82, 0.5171673, 1.01458, 5.6988616, 0.77720225] 2.692967 0.86081696 0.8152538 1.0640368
[83, 0.571429, 0.9970476, 3.7291863, 0.92123544] 2.7782068 1.1064833 0.819359 1.2105588
[84, 0.5623148, 0.87545675, 7.047661, 0.8392687] 2.3140278 1.2188199 0.8518285 1.1649638
[85, 0.4426698, 0.9457687, 8.400191, 0.6267226] 2.409129 0.9234496 0.87289786 1.2634847
[86, 0.5603612, 0.8991236, 6.9149904, 0.91550153] 2.5088825 0.9146267 0.90194064 1.0333047
[87, 0.47923365, 0.97391325, 6.1746793, 0.43941385] 2.5880768 1.1863102 0.8137901 0.7821878
[88, 0.45663357, 1.044534, 3.937411, 0.935384] 2.7917476 1.0137568 0.8541018 1.1998491
[89, 0.50102395, 1.0341394, 3.9950051, 0.46775594] 2.7835212 1.0125633 0.72541314 1.2051058
[90, 0.5326292, 1.0026044, 4.7141995, 0.6178984] 2.8346038 0.97327316 0.7641292 0.9601903
[91, 0.4958657, 1.032232, 3.5321152, 0.77575564] 2.9298596 0.9786463 0.81917083 1.1401262
[92, 0.58713007, 0.9394532, 2.7960958, 0.46586886] 2.830052 0.9650178 0.87385255 1.27861
[93, 0.45588502, 0.99972725, 6.961783, 0.89855254] 2.379492 1.1435418 0.9092342 1.1203858
[94, 0.70210177, 0.5850899, 5.505786, 0.40102148] 1.9798721 1.0551474 1.0052698 1.4048672
[95, 0.5568711, 0.99762875, 4.95252, 0.6665821] 2.6728482 1.0542142 0.85755473 1.1440191
[96, 0.49927858, 0.98273927, 7.550643, 0.7978441] 2.5902464 0.8853782 0.7933761 1.1015556
[97, 0.54141706, 0.9777152, 3.1617966, 0.5584796] 3.0312464 0.9957773 0.8119133 0.9996558
[98, 0.5312971, 0.9967182, 4.4766736, 0.6440313] 2.7641826 0.9070829 0.78398913 1.0928807
[99, 0.60084665, 0.6954141, 6.1101832, 0.6557229] 2.2812088 1.0859815 0.8054662 1.0950211
[100, 0.47172695, 1.0223824, 4.739582, 0.4575616] 2.7231696 0.9357799 0.84734976 1.1628122
[101, 0.55426747, 0.9703036, 5.6859255, 0.7469747] 2.6376734 0.83676887 0.9098412 1.0749098
[102, 0.4477474, 1.0551908, 5.667915, 0.5053394] 2.7246099 0.92390937 0.76700747 1.0918835
[103, 0.46370906, 1.0522066, 5.327711, 0.5764196] 2.705047 0.92025936 0.9159006 0.93125385
[104, 0.5014028, 1.0351694, 5.7363553, 0.90372646] 2.6116757 0.84548116 0.97537965 1.2018157
[105, 0.5042261, 0.98661536, 6.470081, 0.90336543] 2.5395675 0.8377761 0.82837117 1.2805535
[106, 0.46832526, 1.0311095, 4.828825, 0.40650213] 2.5969691 0.9693898 0.88052595 1.2517802
[107, 0.5164191, 0.89471585, 7.912344, 0.83972555] 2.396099 1.0031509 0.8569052 1.1092896
[108, 0.62934315, 0.83849335, 7.830986, 0.4915261] 2.4455009 1.0154808 0.74625164 1.1641482
[109, 0.5647945, 0.5874789, 4.224828, 0.3491691] 2.1298726 0.9963581 0.9687268 1.0262299
[110, 0.48991105, 1.0274384, 4.825013, 0.74650687] 2.5025957 0.91661304 0.8447096 1.2668431
[111, 0.44820505, 0.76098114, 6.331396, 0.5532482] 2.3218055 1.0074742 0.94395506 1.0004449
[112, 0.53422165, 0.92635614, 7.7593727, 0.6547813] 2.5894728 0.9258636 0.81758183 0.9633793
[113, 0.5833025, 0.93915534, 6.0708904, 0.66022354] 2.6657715 0.9877931 0.74342823 0.9618907
[114, 0.45469457, 1.0394115, 6.7925396, 0.9488239] 2.4547555 1.0994925 0.85665077 1.0927101
[115, 0.53644204, 0.8812876, 8.158644, 0.6125774] 2.4837658 0.9415547 0.80581224 1.0487518
[116, 0.5844763, 0.90407753, 6.860687, 0.890408] 2.4787443 1.0213006 0.85964483 1.0450966
[117, 0.52413034, 0.99563605, 5.063068, 0.46022677] 2.7714608 0.8525386 0.85715854 1.0089344
[118, 0.39856237, 1.044678, 6.133881, 0.7150626] 2.4888802 1.053408 0.89500237 1.0900594
[119, 0.5780739, 0.98258734, 3.4616785, 0.5259096] 2.862128 0.8885582 0.99045867 1.0503905
[120, 0.38472065, 1.0718691, 5.117669, 0.6651534] 2.6319692 0.8642543 0.95032895 1.1133227
[121, 0.5059533, 0.9336778, 6.4169583, 0.7947519] 2.3554869 1.0775609 0.9350858 1.1183361
[122, 0.60873854, 0.9509312, 3.3063667, 0.5294204] 2.733445 1.1636494 0.9267407 1.1109685
[123, 0.41193238, 1.0471932, 6.464788, 0.81179774] 2.4951267 0.87761784 0.9037733 1.2800152
[124, 0.4429982, 0.9950739, 5.6471252, 0.500808] 2.4661021 1.1256086 0.89000154 0.987166
[125, 0.4146027, 1.0479835, 5.249109, 0.49006698] 2.5864189 1.0784502 0.84112716 1.1292183
[126, 0.48864287, 0.8964666, 6.3017397, 0.5480554] 2.423417 0.8187514 0.9404534 1.164582
[127, 0.6495992, 0.6282728, 5.42219, 0.47209984] 2.1105444 0.98253113 1.0494468 1.2313025
[128, 0.5043822, 1.0249354, 4.3302016, 0.55565006] 2.7358239 0.94056386 0.8814587 1.1052984
[129, 0.48549455, 1.0054755, 4.460841, 0.540787] 2.7503874 1.1267595 0.8118677 1.07762
[130, 0.4444965, 1.0461434, 5.124107, 0.689244] 2.5691075 0.9795576 0.89980423 1.0526594
[131, 0.6053592, 0.74165815, 6.26515, 0.5142323] 2.2260976 0.99627554 0.8015731 1.3208007
[132, 0.4283849, 1.0574071, 5.7577796, 0.4906167] 2.6254947 0.9796237 0.9145904 1.0826862
[133, 0.52123135, 1.0209036, 5.350788, 0.6145168] 2.9521127 0.83390975 0.8281106 0.8822836
[134, 0.54994065, 0.9948166, 3.6801193, 0.7567256] 2.954761 0.9640943 0.8583187 1.0442837
[135, 0.5859283, 0.95533013, 2.8844, 0.70338047] 2.8795795 1.0677161 0.95900494 1.0035872
[136, 0.5436395, 0.87954134, 7.07277, 0.52995396] 2.3995771 1.0430919 0.79295206 1.1813673
[137, 0.49650303, 0.9742951, 6.2330494, 0.8239111] 2.5457265 1.0761993 0.77816945 1.0435387
[138, 0.46605194, 1.0299283, 3.8489614, 0.4453075] 2.907064 0.7430588 0.8564197 1.1635413
[139, 0.524962, 1.0050502, 4.5604367, 0.64428866] 2.7587476 0.86855 0.88878673 1.1762125
[140, 0.6312646, 0.62860256, 5.267619, 0.6956736] 2.275504 0.88060325 0.9304205 1.0326744
[141, 0.4819442, 1.0243505, 5.407242, 0.520745] 2.6933315 0.95446026 0.8145968 1.0432491
[142, 0.4241824, 1.061751, 4.4581375, 0.39269462] 2.6268778 0.9413698 0.9879078 1.1082543
[143, 0.55712306, 0.9811007, 5.5904794, 0.4154828] 2.6123924 1.1579332 0.80340767 0.99886084
[144, 0.38389564, 1.0717914, 5.2402816, 0.5872829] 2.6147144 1.0053847 0.94675136 0.99284583
[145, 0.4365971, 1.0307627, 5.6446342, 0.7760349] 2.57558 0.9383029 0.74984884 1.230233
[146, 0.62212074, 0.7472601, 6.9528217, 0.61193746] 2.1887288 1.0708438 0.84277815 1.3410978
[147, 0.603078, 0.61546624, 4.5092893, 0.52068496] 2.154067 0.94623065 0.95082027 1.168641
[148, 0.58658797, 0.8745381, 8.521521, 0.64005274] 2.4645364 0.9170064 0.92165816 1.0912373
[149, 0.5601767, 0.7024368, 5.376716, 0.695052] 2.1857555 1.0398263 0.8280854 1.2398062
[150, 0.5823748, 0.6889826, 4.768101, 0.4928859] 2.225471 1.0463086 0.80389667 1.1636875
[151, 0.47351417, 0.9764383, 6.2855806, 0.87226367] 2.5274003 0.9724168 0.9008616 1.0592479
[152, 0.5252528, 0.97920066, 6.0055065, 0.8968291] 2.67211 0.85853785 0.84128016 0.99504495
[153, 0.5341353, 0.88706285, 8.571819, 0.5527104] 2.2220733 1.0083665 1.033346 1.3280231
[154, 0.48518583, 1.0325943, 4.1410146, 0.709455] 2.8957732 0.81405854 0.73259616 1.1874361
[155, 0.5385512, 1.0118594, 5.483817, 0.6503271] 2.503364 0.9139342 0.9563055 1.2948725
[156, 0.5028314, 0.95636076, 6.9656262, 0.8012356] 2.3776562 0.95394486 0.9908622 1.199241
[157, 0.5864134, 0.7823094, 5.1806216, 0.751514] 2.4226687 0.80164945 0.8850331 1.1480148
[158, 0.51543427, 1.0127656, 5.775654, 0.62862873] 2.4637249 1.0887325 0.83198124 1.2391963
[159, 0.5749283, 0.94839126, 6.571968, 0.7745701] 2.4327755 0.92106473 0.8840754 1.3043413
[160, 0.54186016, 0.9672299, 5.4521894, 0.5979665] 2.640567 0.9259908 0.8959062 1.0373524
[161, 0.5460397, 0.5713436, 3.8378508, 0.53108907] 1.9372201 1.0468425 1.0357473 1.1011217
[162, 0.5045292, 1.0460719, 5.513835, 0.60846186] 2.7832127 0.8842635 0.82328254 1.0425107
[163, 0.4954626, 0.99985516, 5.9366245, 0.82634574] 2.6559134 0.83795756 0.8399914 1.1077261
[164, 0.61642885, 0.94900763, 3.8540323, 0.42872295] 2.8271372 0.93480796 0.7182186 1.398081
[165, 0.5346113, 0.9971686, 4.1010046, 0.57423997] 2.850348 0.96215343 0.8677079 1.1046834
[166, 0.58146787, 0.9578027, 4.9369664, 0.5189902] 2.682136 1.0280284 0.7665628 0.9094323
[167, 0.5707046, 0.9682655, 3.729998, 0.942086] 2.9140306 0.89146566 0.80895287 1.0876195
[168, 0.56238973, 0.96132994, 6.359197, 0.8847386] 2.6691065 0.9064893 0.83080584 0.937237
[169, 0.55994, 0.9674133, 3.7461643, 0.6500568] 2.8899386 1.0827397 0.787643 1.0067705
[170, 0.57784677, 0.95328766, 4.0858583, 0.72949576] 2.9453213 1.0144846 0.7996942 0.9341966
[171, 0.4892086, 0.77474755, 5.355863, 0.56046057] 2.3620827 0.7865705 0.9300624 1.1273713
[172, 0.41052037, 1.0860796, 5.8731294, 0.8637899] 2.5825572 1.0370408 0.97303617 0.9855915
[173, 0.51188034, 0.95061725, 7.9281926, 0.6844745] 2.374726 0.9459603 0.93084145 1.260347
[174, 0.52052706, 0.82094765, 7.0803523, 0.60410327] 2.4624622 1.0294467 0.69118565 1.0027708
[175, 0.50103545, 0.9541181, 7.0087333, 0.967588] 2.454533 1.0007875 0.9125662 1.0751828
[176, 0.45100328, 1.0493789, 4.391508, 0.6250297] 2.7455928 1.0200484 0.76387256 1.1877823
[177, 0.589611, 0.93530685, 3.6156523, 0.4458034] 2.8955843 1.0316993 0.8181104 1.1310612
[178, 0.6063554, 0.94745284, 4.5796537, 0.6800221] 2.6473615 1.0429785 1.0391032 1.0792569
[179, 0.50499517, 0.9820851, 6.1889677, 0.6906537] 2.5188904 1.033552 1.0288393 0.8723916
[180, 0.51801485, 0.90813863, 8.204177, 0.95552295] 2.3811364 1.0485271 0.9902501 1.0160376
[181, 0.54237074, 0.7442154, 6.5338593, 0.5167354] 2.1684537 1.1720608 0.86456347 1.1729456
[182, 0.6035038, 0.8177712, 7.4403577, 0.79925793] 2.4489024 0.9447902 0.8186555 1.0879818
[183, 0.56135666, 0.9124846, 7.3051558, 0.6057643] 2.3157966 1.1621585 0.9014317 1.178612
[184, 0.49785486, 1.0131679, 5.5437675, 0.6490576] 2.5723467 1.0744156 0.79067343 1.0550648
[185, 0.5392761, 1.0018876, 3.63391, 0.70345914] 2.979914 0.89192265 0.8580229 0.8903425
[186, 0.44992244, 0.9996625, 5.8599577, 0.74668556] 2.588263 1.0500803 0.92026323 0.9055195
[187, 0.4771347, 0.8340591, 6.88875, 0.92127436] 2.3763173 0.999183 0.8335192 1.1026887
[188, 0.55742115, 0.9045515, 7.6479025, 0.58814096] 2.4462173 0.85651463 0.77530795 1.3158098
[189, 0.4705713, 1.0444692, 4.157009, 0.62809044] 2.8287694 0.85157984 0.9135194 1.1902369
[190, 0.5632852, 0.9760005, 4.306553, 0.45336303] 2.6644216 0.8729159 0.83300394 1.3928779
[191, 0.4762351, 1.0439688, 4.7513475, 0.59090894] 2.6329038 1.0716101 0.92571115 1.1350284
[192, 0.50138676, 1.0093406, 5.3725114, 0.9123566] 2.626752 0.880213 0.8551476 1.1665592
[193, 0.44854045, 1.0336132, 6.035632, 0.52342033] 2.3818212 1.089284 1.0132536 1.2838684
[194, 0.5318143, 1.0042243, 4.0307655, 0.53465545] 2.6942687 1.0620908 0.9191168 1.2510326
[195, 0.46112144, 0.90349215, 7.191359, 0.7027157] 2.3566756 0.88224465 0.8969411 1.3057448
[196, 0.5233311, 1.0074325, 5.391609, 0.75550306] 2.7080224 0.8858302 0.80095017 1.0604626
[197, 0.5362557, 0.8510124, 6.5341654, 0.50538933] 2.4399776 1.01952 1.0226527 0.86443794
[198, 0.5235268, 0.7214796, 5.219563, 0.5071204] 2.2186792 0.88585174 0.99849606 1.1599544
[199, 0.429643, 1.0571606, 6.122427, 0.66644347] 2.761933 0.86798066 0.94759274 0.8594893
[200, 0.40134463, 1.0967917, 5.0428786, 0.7645426] 2.6683183 0.9561556 0.8710548 1.0766438
[201, 0.49767554, 1.0108501, 4.7356234, 0.35761428] 2.7308264 0.78351223 0.96051836 1.203011
[202, 0.49313506, 1.052959, 4.8727326, 0.67753565] 2.5801055 1.0957764 1.0317991 1.1378063
[203, 0.49169454, 1.0257367, 4.731918, 0.43163532] 2.57945 0.9322418 0.9728558 1.2277488
[204, 0.5574854, 0.9721809, 3.5586731, 0.5302901] 2.9867287 0.9575441 0.7751286 1.0884098
[205, 0.54532063, 0.9993658, 5.0027137, 0.621581] 2.865863 0.9443817 0.7518427 0.8130316
[206, 0.5228495, 0.828872, 6.8982444, 0.7798282] 2.3757093 1.0051675 0.8527603 1.1015861
[207, 0.4534776, 1.0460904, 5.089799, 0.54439294] 2.756664 0.9472635 0.84655726 0.9609469
[208, 0.5235842, 1.0171396, 3.9623055, 0.5966878] 2.7730165 1.0434705 0.8548871 1.1631727
[209, 0.52341324, 0.8087231, 5.761752, 0.47665712] 2.369204 0.9503268 0.9105144 1.0156535
[210, 0.49462533, 0.9052335, 7.54664, 0.82967097] 2.4529564 0.94517326 0.81873345 1.1270003
[211, 0.7233623, 0.54523206, 5.4794607, 0.45594642] 2.1117136 1.0731481 0.90386784 1.1700771
[212, 0.42706493, 0.97186095, 7.421372, 0.72153187] 2.4461958 1.0009807 0.93204135 1.0062017
[213, 0.52162236, 0.9545323, 6.8865004, 0.7042612] 2.400631 0.95332277 0.8661 1.3103926
[214, 0.46852562, 1.0361646, 4.7514024, 0.529658] 2.7775264 0.7432221 0.8990009 1.0878576
[215, 0.5137848, 0.8935519, 9.522865, 0.83889765] 2.409205 1.0172389 0.94263697 1.022141
[216, 0.48230955, 1.0249202, 5.503223, 0.6815786] 2.4935381 0.98053765 0.9548045 1.1952796
[217, 0.5300014, 0.9386925, 7.741318, 0.79081964] 2.4538906 1.0528818 0.83760196 1.0965892
[218, 0.35149112, 1.0969986, 4.9696665, 0.5513715] 2.6462386 0.88064355 0.91343 1.1643485
[219, 0.5068479, 1.0358737, 3.8820815, 0.5433455] 2.7293835 1.0024297 0.8370843 1.1848791
[220, 0.58810055, 0.9127863, 3.7827497, 0.5607642] 2.8416862 0.8109304 0.8631046 1.3742628
[221, 0.40869012, 0.82731116, 6.1375356, 0.61555904] 2.3972723 0.98621655 0.84376943 0.9601949
[222, 0.62103003, 0.8334873, 6.834083, 0.54796064] 2.580502 0.9697772 0.65748703 1.0899545
[223, 0.69168437, 0.84190637, 6.109113, 0.37694335] 2.6149132 0.94121706 0.7840121 1.1794521
[224, 0.52270097, 0.92084473, 7.3896594, 0.45971856] 2.3780878 1.0847601 0.90469515 1.0887778
[225, 0.4246327, 1.0081414, 7.2987256, 0.98798937] 2.6238048 0.8670128 0.91306007 0.8647121
[226, 0.57683665, 0.68135536, 5.8339667, 0.48132545] 2.1664927 0.9975989 0.84360087 1.2719412
[227, 0.49958643, 1.0191973, 4.5178995, 0.49553925] 2.6450982 0.9916489 0.899729 1.025068
[228, 0.47379872, 1.0469794, 4.283449, 0.6048288] 2.7143373 1.0198977 0.9437286 1.1220722
[229, 0.547875, 0.9853874, 3.9129584, 0.8817306] 2.8950934 0.88738126 0.7690896 1.1646714
[230, 0.59057134, 0.9596918, 6.3786983, 0.5174031] 2.6459835 0.98284113 0.8819776 1.0376784
[231, 0.49959594, 1.0033547, 5.443502, 0.6690798] 2.5654755 0.98004216 0.8527972 1.0494845
[232, 0.3764146, 1.0601104, 5.9594016, 0.92061764] 2.5668066 0.95228064 0.82648456 1.0888238
[233, 0.5981716, 0.8492569, 6.9688854, 0.59499925] 2.2917879 1.1603283 0.93266404 1.2103177
[234, 0.38369587, 1.0773436, 5.439795, 0.7716834] 2.681844 1.0499929 0.88693446 0.81132525
[235, 0.49528897, 1.0363364, 5.023897, 0.67273605] 2.4872622 1.0646279 0.95294446 1.200338
[236, 0.5041949, 1.0244057, 4.7999196, 0.44446933] 2.742449 1.0086337 0.8601754 1.0072342
[237, 0.5276776, 0.9910126, 3.9916372, 0.667212] 2.8874416 0.94273245 0.71903825 1.1097631
[238, 0.46536112, 1.0214182, 5.9762936, 0.6095857] 2.4593377 1.0405636 0.99910027 1.0858358
[239, 0.5927186, 0.827356, 7.474568, 0.7347657] 2.3547537 1.13558 0.83085865 1.1159202
[240, 0.42357546, 0.78310627, 4.582624, 0.71570164] 2.1936095 0.8652777 0.96688634 1.2331253
[241, 0.54377323, 0.9735158, 5.4777837, 0.5604709] 2.6883972 0.93545526 0.76515317 1.1435523
[242, 0.46607333, 0.89815354, 7.9047155, 0.56873876] 2.4888287 0.98028034 0.7660318 1.054122
[243, 0.5593771, 0.779262, 7.365346, 0.638449] 2.3976083 0.9617623 0.9403624 0.9215029
[244, 0.5362474, 0.99739426, 3.9452899, 0.4419192] 2.751998 1.039702 0.7872302 1.1112201
[245, 0.444444, 1.051864, 4.540251, 0.5173199] 2.7645602 0.85830677 0.8658423 1.1425498
[246, 0.5570392, 0.9493829, 4.976631, 0.55482346] 2.5494995 1.143768 0.8805772 0.9992793
[247, 0.49644968, 1.0062884, 4.5328984, 0.5845284] 2.7500803 1.0189939 0.8686237 1.076083
[248, 0.6313834, 0.7549137, 7.494259, 0.4147459] 2.384474 1.009521 0.8594325 1.1428145
[249, 0.63009834, 0.8612848, 7.0577016, 0.88845855] 2.585356 0.7765073 0.8717936 1.1057973
[250, 0.5451989, 0.92043906, 8.192046, 0.6416093] 2.453198 1.1563846 0.7938515 1.0220237
[251, 0.41743943, 1.0953534, 5.625206, 0.9943341] 2.6707516 0.9923259 0.8029895 1.016354
[252, 0.5816467, 0.7676241, 7.01997, 0.7564317] 2.3504324 0.9635246 0.8516387 1.1215982
[253, 0.50975126, 0.99599725, 5.9775105, 0.49123937] 2.4175165 1.0238935 1.0305407 1.1579491
[254, 0.52447426, 0.95035136, 7.0047016, 0.82449096] 2.4796398 0.74968565 0.9434851 1.2905496
[255, 0.50573605, 1.0304762, 4.966221, 0.5747707] 2.5977128 1.0567954 0.8974747 1.055794
[256, 0.57542574, 0.95428354, 5.6784253, 0.73965263] 2.5172966 0.8276009 0.91546726 1.3725529
[257, 0.48390728, 0.9878833, 6.747451, 0.8805006] 2.5013063 0.90117204 0.87288374 1.1831433
[258, 0.52790713, 0.9308601, 7.2100086, 0.8675023] 2.6533647 0.87155026 0.75353795 0.9739905
[259, 0.5959231, 0.9513885, 3.9240637, 0.7261746] 2.8504336 0.9173296 0.9375674 1.2297674
[260, 0.5746972, 0.660087, 4.280637, 0.53864413] 2.2255106 1.0227469 0.8426852 1.0648565
[261, 0.43214715, 0.92947334, 8.342826, 0.98060364] 2.403801 0.948521 0.7860169 1.1724199
[262, 0.5201652, 1.0105202, 5.368229, 0.38270515] 2.5916076 0.82213324 0.8167636 1.2823776
[263, 0.34759834, 1.10318, 4.5271506, 0.49492154] 2.6277924 1.0395838 0.8720725 1.097974
[264, 0.3813379, 0.9372769, 7.5274663, 0.75622237] 2.327101 0.9887397 1.0310117 1.0868161
[265, 0.5360155, 0.90441024, 7.8957534, 0.74973476] 2.5056539 0.86858106 0.8206901 1.1288267
[266, 0.5623431, 0.7171036, 4.8538995, 0.4711924] 2.302368 1.0140182 0.79323214 1.0735964
[267, 0.4714664, 1.0327168, 4.944123, 0.615329] 2.5917275 0.93209004 0.88543624 1.2348549
[268, 0.4971535, 0.6858741, 4.745683, 0.3869717] 2.22549 1.1139847 0.87088966 0.93745476
[269, 0.49937725, 0.81134653, 4.9964914, 0.6135747] 2.337218 0.8468413 0.9496243 1.1516405
[270, 0.48741022, 1.0180001, 4.948271, 0.631758] 2.6150875 1.0605279 0.96104234 1.1640306
[271, 0.4571536, 1.013108, 5.113326, 0.62400544] 2.5842302 0.9065879 0.9216535 1.0458875
[272, 0.4744471, 1.0355606, 5.6027293, 0.5614324] 2.5639257 0.95175076 0.9338772 1.1815106
[273, 0.5530793, 0.66444343, 4.808473, 0.5536813] 2.3317358 0.8530044 0.9076807 0.9711854
[274, 0.47777483, 1.0126884, 6.702625, 0.4705428] 2.552099 0.9198797 0.85591096 1.0838531
[275, 0.52425325, 1.0245332, 5.855023, 0.810027] 2.554981 0.98027474 0.9380441 1.0937101
[276, 0.4650115, 1.0038857, 6.9010425, 0.7071486] 2.458868 0.8382811 0.91878635 1.286774
[277, 0.44538578, 1.0447056, 3.963907, 0.72143275] 2.8563597 0.99416953 0.91214234 1.0000333
[278, 0.49201456, 0.929473, 7.4822755, 0.7261949] 2.5000074 0.9782866 0.8357422 1.0363449
[279, 0.56809175, 0.9773498, 5.6248875, 0.5483238] 2.5622673 1.0782824 0.86534965 1.109231
[280, 0.6330298, 0.7370694, 5.8829756, 0.5824882] 2.2656703 0.8260839 0.9299553 1.3276609
[281, 0.5361483, 1.0078382, 4.1103764, 0.4907869] 2.8805904 0.83211726 0.7683271 1.0772029
[282, 0.5233095, 0.8482512, 7.158832, 0.62161666] 2.297703 1.1285375 0.9868854 1.0135863
[283, 0.44024807, 1.038679, 6.968472, 0.8127106] 2.5426607 0.9506749 0.88982725 1.0477343
[284, 0.63410354, 0.7474048, 6.459857, 0.35246873] 2.2326124 1.1630378 0.97307867 1.0721558
[285, 0.41567847, 0.70269406, 4.7041087, 0.44347844] 2.2657957 0.87759876 0.87133735 1.1124364
[286, 0.51970416, 0.9911985, 4.047751, 0.40623143] 2.8167696 0.9528379 0.83196664 1.0542591
[287, 0.5851228, 0.7764826, 6.67022, 0.48626375] 2.229715 1.008001 0.9423475 1.2563921
[288, 0.5695834, 0.82126135, 6.302338, 0.69725305] 2.236857 1.1798369 1.0440205 1.0466472
[289, 0.51268876, 1.0054443, 4.6561084, 0.57019144] 2.6434627 0.9532394 0.9409359 1.2564728
[290, 0.45945933, 0.79777, 6.2758718, 0.72983396] 2.440653 0.9084718 0.893668 0.88809514
[291, 0.4775691, 0.89909816, 7.6655474, 0.6452399] 2.581483 0.91479105 0.6825775 0.9868404
[292, 0.47788614, 0.9423856, 6.4157233, 0.66006494] 2.5171394 1.0044988 0.93701255 0.8854385
[293, 0.48168504, 1.0472711, 5.191877, 0.94870824] 2.7367806 0.8230247 0.88614976 1.0582529
[294, 0.42497134, 1.0270213, 4.828605, 0.50020784] 2.4670012 1.0848575 0.94790804 1.1902888
[295, 0.4135295, 1.0515454, 6.016856, 0.61291] 2.531285 1.0774175 0.8538644 1.1142193
[296, 0.48512593, 1.0277393, 5.298856, 0.5627499] 2.6757972 1.0177794 0.8093757 1.0295
[297, 0.41509435, 1.0458025, 4.505862, 0.4194731] 2.703703 0.99441475 0.87720484 1.1510607
[298, 0.526746, 1.0039393, 4.5819974, 0.40451527] 2.8535004 1.0194294 0.7773002 0.9369714
[299, 0.51624674, 1.0004218, 3.3456306, 0.7324977] 3.0514784 1.0369195 0.74193364 0.9492182
[300, 0.48202437, 1.0151224, 4.0965033, 0.52225125] 2.7248168 0.94606584 0.9019788 1.1345512
[301, 0.44868186, 1.0293247, 6.2429934, 0.74344015] 2.6465952 0.9551188 0.8420771 0.97956264
[302, 0.38669834, 1.0548499, 5.4829164, 0.6414561] 2.4816139 1.0479666 0.9142759 1.1317996
[303, 0.5598964, 1.0020653, 4.862836, 0.5474002] 2.5795574 1.0103589 0.9607065 1.267803
[304, 0.54068476, 0.98633796, 4.5521994, 0.60915965] 2.8432589 0.9018611 0.8662481 1.0331405
[305, 0.51873213, 0.82453585, 6.429822, 0.5573849] 2.4711876 0.8571811 0.8061589 1.1151603
[306, 0.4920178, 1.0134116, 5.3812995, 0.63711375] 2.690114 1.0157447 0.8260306 1.0569361
[307, 0.57438153, 0.8374902, 8.921645, 0.6798541] 2.3063006 1.0176938 0.9282766 1.185614
[308, 0.5868243, 0.816004, 8.522887, 0.6093409] 2.409989 0.91070724 0.9179037 1.098507
[309, 0.5306417, 0.97196794, 5.442624, 0.99962056] 2.6002722 0.976415 0.88480484 0.95027715
[310, 0.5261419, 1.0232544, 4.553698, 0.4439413] 2.5142093 1.0440022 0.7870541 1.3129743
[311, 0.53712595, 0.97019607, 6.1125593, 0.96351236] 2.5103168 1.0914357 0.86955595 1.0798624
[312, 0.6616057, 0.67154557, 6.7240825, 0.77180946] 2.2374868 1.0075929 0.7505367 1.3066196
[313, 0.3969797, 0.8138896, 5.2762685, 0.48938665] 2.2413375 0.9109724 1.0011996 1.1370243
[314, 0.49401465, 0.99886644, 4.904961, 0.57986844] 2.4407213 1.01928 0.98568934 1.2861907
[315, 0.45155498, 0.7804241, 5.8692327, 0.44147512] 2.22376 1.0125926 0.9840757 1.1309478
[316, 0.54653114, 0.94795364, 5.184112, 0.6735673] 2.5388885 1.0894452 0.9223445 1.0158231
[317, 0.54063797, 0.9143598, 7.2090416, 0.71795356] 2.4691505 0.94594526 0.82354075 1.147036
[318, 0.5077294, 1.0343262, 5.68759, 0.62838125] 2.5850258 1.0312401 0.76142335 1.1546805
[319, 0.48087752, 1.0163363, 5.713877, 0.7929205] 2.4008787 1.0087872 1.0578663 1.1746782
[320, 0.48770493, 1.036914, 5.0178895, 0.603634] 2.6913831 0.8246584 0.83966017 1.1977162
[321, 0.5313718, 1.013139, 6.3456426, 0.5757956] 2.550543 0.91485655 0.959128 1.1485004
[322, 0.35204494, 1.1067766, 6.0348935, 0.73350495] 2.7021976 0.8852966 0.7887302 1.1175373
[323, 0.5181985, 1.0057704, 4.361545, 0.4499177] 2.7867472 0.9901168 0.72314703 0.9492942
[324, 0.58941245, 0.9604639, 4.211683, 0.33821875] 2.8592644 0.9944964 0.70106924 0.94700503
[325, 0.4510234, 1.0266625, 4.17289, 0.6778902] 2.7662745 1.0427551 0.9659897 1.0702324
[326, 0.39488167, 1.052229, 6.006976, 0.6600336] 2.5662181 0.99538434 0.92842424 1.0398227
[327, 0.5903903, 0.7477179, 6.5122976, 0.99556255] 2.235593 1.0308566 0.9237522 1.1916136
[328, 0.594198, 0.9771102, 3.6749218, 0.52525055] 2.9632368 1.0219789 0.6293554 1.1669021
[329, 0.43377337, 0.9849899, 6.769342, 0.6670904] 2.573421 0.9127377 0.75133973 1.0409156
[330, 0.57640964, 0.93815404, 5.359201, 0.5194875] 2.5647497 1.033233 0.8782616 1.1156775
[331, 0.5035008, 0.7362987, 5.113307, 0.5480786] 2.2069964 0.91132 1.0163063 1.1438279
[332, 0.40604678, 1.0407624, 6.782042, 0.68011135] 2.4340138 1.0639353 0.92790645 1.1104261
[333, 0.52251685, 1.0131456, 4.110568, 0.52158874] 2.8862395 0.7182899 0.95185506 1.1691557
[334, 0.5849982, 0.8597023, 6.7256064, 0.7384864] 2.563589 0.9559686 0.835067 0.9281964
[335, 0.5113587, 0.98533493, 6.428572, 0.78243] 2.6312091 0.9965764 0.8739387 0.9144563
[336, 0.52536297, 0.9495871, 6.4324517, 0.84536546] 2.5985472 1.0814087 0.83977413 0.8683528
[337, 0.44779968, 0.91070086, 7.7598643, 0.5580875] 2.4587135 0.95700574 0.880864 1.0183846
[338, 0.40771946, 1.0561371, 6.1860723, 0.69163686] 2.5251112 0.8692254 0.8628713 1.2722877
[339, 0.57973087, 0.9431605, 4.474511, 0.46544945] 2.7328603 0.8038293 0.8519747 1.1730889
[340, 0.41563514, 1.089593, 5.549155, 0.86880636] 2.6540427 0.94858587 0.85489476 1.0105551
[341, 0.5535981, 0.89990735, 6.742577, 0.835433] 2.5459235 0.9431627 0.8996034 0.95855516
[342, 0.5052916, 1.0157675, 5.238579, 0.5624127] 2.610324 0.87689066 0.8964528 1.2092061
[343, 0.58446753, 0.95023024, 5.653318, 0.86777365] 2.78578 0.8216129 0.78297377 0.941425
[344, 0.5473369, 0.8273762, 6.58483, 0.4675314] 2.2535958 1.1280669 1.0257546 1.1115724
[345, 0.44487002, 1.0482967, 5.237054, 0.5632434] 2.683096 0.9302517 0.9935829 1.0779318
[346, 0.4294142, 0.74755824, 5.0431094, 0.39540124] 2.2674687 0.82617426 0.89395595 1.2334853
[347, 0.5625132, 0.65265733, 4.6490445, 0.42583364] 2.2096055 0.9352594 0.9220638 1.1684011
[348, 0.5264733, 0.800853, 6.3234425, 0.6756233] 2.2699966 1.0763588 0.8719869 1.157185
[349, 0.46782407, 1.0445184, 5.724139, 0.79097474] 2.532288 0.9418953 0.9739728 1.1450926
[350, 0.47417653, 1.0093837, 6.092847, 0.90622807] 2.6800244 0.8536652 0.76928645 1.0397567
[351, 0.49071223, 1.0217096, 3.8539147, 0.6300187] 2.9419806 0.91421837 0.8867303 1.018287
[352, 0.4937476, 0.95752144, 7.994173, 0.89127356] 2.3856728 1.0531557 0.93932176 1.1286346
[353, 0.4753231, 1.0068074, 4.450515, 0.4501204] 2.6310155 0.9208462 0.78875005 1.3152629
[354, 0.45488313, 1.0624949, 5.538909, 0.49230614] 2.6428442 0.92588353 0.8258766 1.2305198
[355, 0.4229463, 1.0599048, 6.5301285, 0.95249134] 2.5875964 0.9213681 0.85034424 1.1230617
[356, 0.56016815, 0.9660363, 4.2082205, 0.30425432] 2.7302258 1.0038122 0.77234054 1.1201348
[357, 0.47951984, 0.9944375, 7.5224767, 0.8206278] 2.4053695 1.1186259 0.9952269 1.0587939
[358, 0.4952749, 1.0330555, 5.0703254, 0.5310294] 2.6575322 1.1343837 0.9346949 0.7813207
[359, 0.5216, 0.99165154, 5.067798, 0.49964976] 2.6617332 0.946994 0.82532454 1.0539393
[360, 0.49881703, 1.0171052, 4.4160533, 0.47282156] 2.7767181 1.0208994 0.7158023 1.1144875
[361, 0.56159866, 0.758184, 6.347794, 0.50453454] 2.404581 0.953948 0.8287231 1.0436754
[362, 0.5075834, 0.99865353, 3.4659777, 0.6089635] 2.8464682 0.91768956 0.8062409 1.2939203
[363, 0.5172354, 1.0093178, 3.955945, 0.6291279] 2.8820086 0.93763244 0.9276547 0.9858893
[364, 0.48549283, 1.0402209, 5.055134, 0.7514694] 2.6060915 1.1271025 0.77708125 0.99928623
[365, 0.4409586, 1.0622551, 4.0887575, 0.80141497] 2.7231252 0.96644175 0.84002966 1.1594857
[366, 0.5112899, 0.93885565, 6.8071656, 0.5506963] 2.6561022 0.8701378 0.7186525 1.0340863
[367, 0.56482726, 0.9653385, 3.9092383, 0.4161974] 2.8847399 0.9686304 0.7544171 1.0510547
[368, 0.4222725, 1.093535, 5.0016356, 0.6040713] 2.6098044 1.0789227 0.9108554 1.0177492
[369, 0.55738115, 0.94726634, 4.977081, 0.36874717] 2.4938614 0.99443656 0.7792331 1.3403734
[370, 0.50481194, 1.0039307, 6.112273, 0.57500184] 2.7579112 0.80550015 0.72649527 0.9712407
[371, 0.56336606, 0.99505806, 4.8590918, 0.52978826] 2.7819664 0.9778268 0.7995144 1.1133395
[372, 0.42187732, 1.0586143, 5.022676, 0.5379286] 2.5505593 1.1211807 0.9396447 1.0218415
[373, 0.5079001, 0.983215, 6.124313, 0.846182] 2.650748 0.8953757 0.89501107 0.9364371
[374, 0.5290524, 0.85360134, 7.9177365, 0.98887897] 2.4711914 0.9444305 0.87676984 0.9865295
[375, 0.5173124, 0.7986562, 6.454036, 0.3776554] 2.178805 0.9793343 1.0925498 1.235817
[376, 0.44557923, 1.0278823, 5.0861816, 0.5282916] 2.6719067 1.0245105 0.7568902 1.0540813
[377, 0.5506034, 0.88282, 7.8537946, 0.5035582] 2.4435008 1.1368052 0.9110603 0.8573187
[378, 0.60041946, 0.9153078, 6.884823, 0.695359] 2.5292523 0.86693674 0.90735656 1.1633505
[379, 0.47741696, 1.0001482, 3.0620651, 0.54945177] 2.932685 0.940983 0.8743224 1.086238
[380, 0.43778035, 1.0561588, 5.443683, 0.98768705] 2.521258 0.9422354 0.8632251 1.1651304
[381, 0.5340868, 0.66936976, 5.2799625, 0.50191253] 2.103303 0.9854714 0.9698682 1.2290422
[382, 0.50804543, 0.73490894, 5.533896, 0.44452375] 2.2049718 1.0062305 0.95108813 1.1208912
[383, 0.4954523, 1.0264816, 4.8758507, 0.39751154] 2.7451487 1.0495034 0.9621216 0.84291047
[384, 0.5334766, 0.99532694, 3.7303684, 0.61282676] 2.8554282 0.94818735 0.78509885 1.0413072
[385, 0.336295, 1.0802361, 6.072619, 0.6700981] 2.5795472 0.9885647 0.7912035 1.1115226
[386, 0.46482262, 0.8635716, 8.014642, 0.56540155] 2.2699814 1.0398027 0.96470016 1.1516852
[387, 0.53416973, 0.81554604, 7.306863, 0.773094] 2.3094068 0.93925 0.9587087 1.1781605
[388, 0.44861054, 1.0707351, 6.196389, 0.6350592] 2.5647998 1.0413765 0.78325564 1.1136258
[389, 0.4378864, 1.0261285, 6.3131742, 0.660541] 2.6581542 0.9675755 0.8466918 0.8673628
[390, 0.59931374, 0.6978995, 5.530313, 0.4790207] 2.3010857 0.9559966 0.8886455 1.0635369
[391, 0.47755158, 0.90750587, 6.8114805, 0.889748] 2.3805761 1.0777643 0.89989704 1.0975915
[392, 0.55609924, 1.0054197, 3.152218, 0.5342627] 2.9656076 0.9360432 0.851186 1.1192999
[393, 0.46430457, 0.97477514, 7.255739, 0.8070358] 2.528769 0.9358556 0.82461715 1.0964018
[394, 0.53813857, 0.982973, 4.89547, 0.46538886] 2.6188478 1.0855323 0.7080687 1.0935497
[395, 0.45784166, 0.9953053, 6.9117284, 0.8611296] 2.4846237 0.9462238 0.8490035 1.1943198
[396, 0.5278547, 0.9690251, 5.969633, 0.67141616] 2.544257 1.0793766 0.9672027 0.8915892
[397, 0.4954192, 0.681618, 4.182541, 0.6592926] 2.1530485 1.0174509 0.9824107 1.0683303
[398, 0.4142523, 1.0121328, 6.815658, 0.6019271] 2.3785214 1.0433892 0.9518236 1.1814579
[399, 0.42129758, 1.0387293, 6.0282683, 0.7247136] 2.3965952 0.88262075 1.0389472 1.3474648
[400, 0.44948557, 1.0453421, 4.5557184, 0.52498955] 2.814633 0.797673 0.8955607 1.1416534
[401, 0.5085497, 0.9627478, 6.625176, 0.57101417] 2.5265956 0.98318815 0.82488984 1.123638
[402, 0.5871902, 0.9674182, 5.090361, 0.45957115] 2.5654652 1.0473192 0.8696821 1.1465826
[403, 0.56877, 0.9481269, 5.988783, 0.6381506] 2.6336439 1.0441952 0.9051445 0.89555925
[404, 0.51983917, 0.8999354, 7.7152987, 0.6942033] 2.499755 0.97826934 0.75514394 1.0751104
[405, 0.69506973, 0.66587526, 6.1064095, 0.4532811] 2.2992203 1.0853097 0.8016242 1.0998122
[406, 0.43323937, 1.0263361, 5.804432, 0.56125396] 2.5698583 1.0405146 0.94394493 0.8760651
[407, 0.5157597, 1.0178355, 3.6847417, 0.6876728] 2.8916225 1.0010872 0.86526257 1.0598961
[408, 0.51656145, 0.9327028, 7.124329, 0.75746745] 2.4664938 0.90711194 0.89086324 1.1886945
[409, 0.429039, 0.8694767, 5.424773, 0.8803884] 2.4175227 0.88073164 0.8811002 1.041907
[410, 0.5609115, 0.7180911, 4.4769864, 0.552079] 2.434253 0.77945834 0.7474057 1.0691504
[411, 0.5805197, 0.8045758, 7.65083, 0.7608565] 2.3728142 0.87210625 1.0066721 1.1165128
[412, 0.5345987, 0.9906437, 4.6746287, 0.48194546] 2.721016 1.0175537 0.81058675 1.1573112
[413, 0.5068083, 1.0265605, 5.092668, 0.5454916] 2.708292 0.9311315 0.8057128 1.0768381
[414, 0.49419913, 0.99955547, 4.5200176, 0.6750023] 2.7797482 0.971879 0.80963284 1.0606139
[415, 0.50564873, 0.9829357, 5.4992666, 0.54806036] 2.4464533 1.0272889 0.88554066 1.1917863
[416, 0.52613723, 1.0213747, 4.698262, 0.52753824] 2.685429 1.0607129 0.97607154 1.0653235
[417, 0.5518745, 0.81179655, 7.3774014, 0.5106697] 2.2561967 1.0430878 0.93355983 1.1781065
[418, 0.5762638, 0.81250423, 7.5933595, 0.54997] 2.3836625 1.0553977 0.8899757 1.0510448
[419, 0.46575862, 0.94100744, 7.8216543, 0.93422043] 2.4622905 0.8724801 0.9275297 1.073602
[420, 0.517579, 0.7354151, 4.923136, 0.5008488] 2.2916555 1.017986 0.9192587 0.9810631
[421, 0.6054437, 0.89442176, 5.2526226, 0.91768044] 2.5235062 1.0236902 0.76338494 1.1938418
[422, 0.56125546, 0.9800302, 5.660518, 0.39598045] 2.543549 1.1299788 0.8550699 1.1224903
[423, 0.54533076, 1.0176979, 4.394917, 0.5752613] 2.8383617 1.0993295 0.7308639 1.0412388
[424, 0.38564909, 1.0764817, 6.2361584, 0.57425106] 2.7062347 0.8464832 0.8356619 1.1331644
[425, 0.46377015, 0.9434995, 6.9347663, 0.49477258] 2.4197948 1.0499811 0.97392964 0.9850542
[426, 0.5225249, 0.876858, 7.361933, 0.63684094] 2.2699435 1.1437521 0.9497236 1.1546347
[427, 0.4411225, 0.9339035, 8.19467, 0.6572796] 2.3186972 1.007663 0.9307896 1.1922599
[428, 0.47015765, 0.9651727, 7.5247884, 0.75810295] 2.4485729 1.0142381 0.85512334 1.1050786
[429, 0.37032488, 1.0903593, 4.825338, 0.5012362] 2.6080422 1.0663886 0.81763434 1.1868347
[430, 0.51790607, 0.9950101, 3.619109, 0.4748363] 2.7251277 0.9745035 0.9021149 1.2490106
[431, 0.54231334, 1.0008823, 5.177897, 0.3712148] 2.6763282 1.0694019 0.861425 1.0832868
[432, 0.5930115, 0.664299, 5.050155, 0.502952] 2.1685793 1.0234555 0.9279087 1.1205057
[433, 0.3966345, 1.0837386, 4.819322, 0.4214981] 2.746534 0.8525427 0.8814011 1.0896472
[434, 0.49165037, 0.88070595, 7.4999933, 0.77820134] 2.4367957 0.87333846 0.8382801 1.1298226
[435, 0.5469639, 0.9829084, 5.5977674, 0.5883654] 2.3981729 1.0133398 0.85096806 1.3832346
[436, 0.5394171, 0.999041, 6.1462865, 0.8493218] 2.5728254 0.9870693 0.73884624 1.1781411
[437, 0.4672793, 1.0293462, 4.4826593, 0.65727043] 2.628595 1.1094332 0.8058991 1.1471306
[438, 0.48780438, 0.9497775, 7.238205, 0.89418983] 2.433345 1.0417553 0.93818706 1.0372262
[439, 0.4986952, 1.0042077, 5.4923677, 0.54312694] 2.6104143 1.0667058 0.8266709 1.1317372
[440, 0.574142, 0.8017198, 5.7739334, 0.6513197] 2.320851 1.1033912 0.850973 1.0926486
[441, 0.55807596, 0.752842, 6.2699614, 0.466419] 2.337275 0.99920326 0.88519645 1.0657889
[442, 0.41387954, 1.0468482, 5.7880454, 0.89502996] 2.4827592 0.9529913 1.0294532 1.1982262
[443, 0.6340646, 0.86402327, 7.3720055, 0.52795786] 2.5414062 1.0093427 0.6961095 1.0921533
[444, 0.49278852, 0.92710155, 8.096916, 0.7659957] 2.493691 0.92192334 0.9306676 0.97622466
[445, 0.4769138, 0.9530504, 7.7726912, 0.6805377] 2.578964 0.95513105 0.82589793 0.9301581
[446, 0.5076892, 0.8180663, 6.231271, 0.59332407] 2.364404 1.0512983 0.864875 0.9808061
[447, 0.54598045, 0.9776046, 4.6610637, 0.4768372] 2.712948 0.7845864 0.9260429 1.1889632
[448, 0.56182873, 0.98842084, 5.116265, 0.61833674] 2.6177666 1.0094384 0.9373567 1.014376
[449, 0.57332355, 0.90002173, 7.332718, 0.76506627] 2.570331 1.0743352 0.8229166 0.87842166
[450, 0.45377395, 1.0473678, 5.8159842, 0.65589184] 2.6836593 0.8959641 0.91211915 1.0463979
[451, 0.58995515, 0.864572, 9.088545, 0.6605855] 2.5458727 1.058225 0.6262982 1.0446169
[452, 0.6188121, 0.94215655, 3.2880712, 0.71464074] 2.9022918 0.98659426 0.82436794 1.1588295
[453, 0.5610016, 0.8595209, 8.516425, 0.87623763] 2.3764055 0.87652826 0.89721024 1.2363517
[454, 0.41340184, 1.0405897, 4.423584, 0.62869936] 2.836103 0.96410614 0.71728843 0.99956214
[455, 0.525864, 0.93252057, 6.4435463, 0.5664106] 2.3973405 0.94392335 0.9542577 1.2053083
[456, 0.4500731, 1.0131925, 5.1431675, 0.57493913] 2.536047 1.0467676 0.85821515 1.2056813
[457, 0.5382265, 0.9887838, 6.006632, 0.6280435] 2.5211046 0.9239491 0.8294783 1.3025737
[458, 0.5970588, 0.9312895, 3.4149392, 0.9924093] 2.9475744 1.0615286 0.8129553 0.9892905
[459, 0.58899295, 0.9520016, 4.389833, 0.5315901] 2.7071922 0.9660161 0.8653972 1.1503841
[460, 0.5340599, 0.9925138, 5.577745, 0.7006307] 2.5582867 1.0282998 0.79400235 1.162592
[461, 0.39773968, 1.0880889, 4.4585056, 0.41594657] 2.8068469 1.0567888 0.7711525 1.1215154
[462, 0.4980415, 0.9920084, 4.009601, 0.58548695] 2.8221238 0.9488638 0.796009 1.111317
[463, 0.56055206, 0.7417456, 6.064902, 0.40808663] 2.2054007 0.99859273 0.9154226 1.2069209
[464, 0.44027895, 0.93511575, 8.417325, 0.8849313] 2.3685126 0.9422034 1.0110506 1.1362975
[465, 0.42256105, 0.72462344, 5.053179, 0.7470122] 2.2523 0.9184125 0.8347287 1.131303
[466, 0.47569948, 0.9835933, 6.1066556, 0.689588] 2.7333176 0.8514317 0.8164404 0.8047261
[467, 0.43008107, 1.079027, 3.790055, 0.73788023] 2.8884299 1.0647556 0.83245 0.98326725
[468, 0.5220459, 1.0114828, 4.4749064, 0.4566467] 2.6892285 1.0371114 0.84908265 1.1974308
[469, 0.5383626, 0.9810293, 5.5027475, 0.736456] 2.731632 0.9727731 0.6160193 1.0682665
[470, 0.55909514, 0.90676004, 6.335626, 0.572072] 2.354848 1.1654438 0.80818504 1.2474402
[471, 0.43366098, 1.0376736, 5.812671, 0.54957086] 2.6577756 1.0691384 0.8193441 0.97089726
[472, 0.54140496, 0.8312001, 6.90328, 0.6442228] 2.4382253 0.9712727 0.8833881 0.97109103
[473, 0.4816523, 1.0403981, 4.553884, 0.70669407] 2.6613245 1.0028919 0.9313745 1.118814
[474, 0.52849305, 1.0334134, 5.5631604, 0.5911286] 2.6978657 0.8835949 0.92794055 0.9681279
[475, 0.54491293, 0.95988625, 6.3016353, 0.79067117] 2.6035268 1.0197579 0.9049393 0.83406126
[476, 0.4156261, 1.0815209, 5.708712, 0.4904059] 2.544085 0.9513904 0.7009826 1.2973686
[477, 0.49973017, 0.99860895, 4.9545236, 0.4523736] 2.656628 1.0478473 0.8761799 0.9412582
[478, 0.46597192, 1.056794, 5.259466, 0.84635514] 2.5305839 0.96129787 0.89736813 1.1519248
[479, 0.53796643, 0.6787183, 4.581433, 0.78869015] 2.315391 0.83289075 0.7617519 1.2015179
[480, 0.53980416, 0.9831756, 4.218596, 0.6486412] 2.8184824 0.94467616 0.9731066 1.0854123
[481, 0.50668806, 1.0114132, 4.359785, 0.8573417] 2.6039069 1.0894463 0.8603488 1.1999675
[482, 0.5084194, 1.022397, 5.2265525, 0.58469176] 2.7254848 0.7646314 0.81723404 1.0821222
[483, 0.5061412, 0.9140389, 8.925365, 0.8928171] 2.5265687 0.95543826 0.7781389 1.0179994
[484, 0.5632419, 0.9775309, 5.732061, 0.4996785] 2.5240493 1.0437617 0.85756624 1.1845608
[485, 0.3856957, 0.9956429, 8.028555, 0.811556] 2.422395 1.0121182 0.95300496 1.087422
[486, 0.42865422, 0.8804599, 7.2630224, 0.63692194] 2.3251624 0.95425814 1.073997 1.0751871
[487, 0.53082246, 0.9015444, 8.237252, 0.9642165] 2.5357432 0.99923843 0.72830176 1.0242025
[488, 0.5139867, 0.6136573, 3.9299314, 0.7947924] 2.067141 0.98166806 0.89478517 1.2014121
[489, 0.4900492, 0.9090181, 6.451145, 0.78417826] 2.4119976 0.85363936 0.9567011 1.1406826
[490, 0.5562056, 1.0012462, 5.0206842, 0.6940716] 2.7399962 0.968949 0.99325603 0.9009284
[491, 0.54095095, 0.9855456, 5.5547037, 0.580677] 2.5725346 0.8403467 0.9232011 1.1601543
[492, 0.5696837, 0.9704002, 3.3294158, 0.56931794] 2.9839203 0.987819 0.8338686 1.0384867
[493, 0.36871788, 1.0905857, 3.7668104, 0.63143736] 2.9004223 0.9238219 0.74284303 1.1194247
[494, 0.44507512, 0.98586506, 6.908945, 0.93179595] 2.6105597 0.8886903 0.88385326 1.0031763
[495, 0.56204844, 0.68933237, 5.122412, 0.508577] 2.282358 0.89689326 0.84362257 1.172715
[496, 0.5717849, 0.93483704, 6.809091, 0.67484415] 2.5512905 0.8922625 0.7721781 1.1986417
[497, 0.52460384, 0.93424284, 6.738068, 0.6458785] 2.4799643 0.8671091 0.8936852 1.1784229
[498, 0.54842085, 0.94255275, 7.295114, 0.7080843] 2.4249465 1.0443885 0.86547136 1.1248616
[499, 0.5168637, 0.981108, 2.675895, 0.58116454] 3.0716531 0.8951139 0.7970138 1.06549
[500, 0.49587604, 0.76207143, 5.852494, 0.50678194] 2.1600578 1.001577 0.9210591 1.2433934
[501, 0.4771233, 1.0091101, 5.9097686, 0.6849021] 2.4351575 0.9567447 0.9102579 1.3169161
[502, 0.55141765, 0.9623657, 5.1256166, 0.54669297] 2.4847414 0.99520826 0.88878417 1.1841934
[503, 0.38406113, 1.0825031, 4.656238, 0.63949674] 2.7581918 0.9251944 0.795936 1.0201242
[504, 0.5454782, 0.8373318, 7.834061, 0.5020848] 2.427662 1.0409839 0.74312216 1.139157
[505, 0.589167, 0.9336523, 6.9892187, 0.526108] 2.4571164 1.0384244 0.82844245 1.1969788
[506, 0.52271765, 1.0087891, 5.1657176, 0.57069856] 2.7357643 0.9198871 0.86124516 0.9636133
[507, 0.55327237, 0.98210657, 4.0215816, 0.5928858] 2.6913009 1.074561 0.8856014 1.2113723
[508, 0.5586997, 0.9519627, 5.9066463, 0.70163614] 2.7281728 0.99560636 0.6642139 0.86418325
[509, 0.48500183, 0.9126113, 7.750412, 0.7940015] 2.4355392 0.9574999 0.88389397 1.0923198
[510, 0.5284264, 0.8539464, 8.165403, 0.59371984] 2.3761778 0.97072774 0.8261392 1.2121397
[511, 0.44286925, 0.9951241, 7.031974, 0.8788894] 2.476644 0.97666943 0.9655562 1.0253844
[512, 0.5304105, 0.8704383, 8.988034, 0.6701074] 2.5138712 1.0646223 0.7601567 0.92318404
[513, 0.4899895, 1.025043, 5.7975097, 0.5444186] 2.5424082 1.079641 1.0260627 0.9488225
[514, 0.5270997, 1.0045136, 5.069419, 0.42308807] 2.7377026 1.0675038 0.83259386 0.971371
[515, 0.51777256, 1.0110725, 3.3945935, 0.55979145] 2.65443 1.0276687 0.8387038 1.2538737
[516, 0.47824514, 1.0351729, 4.968187, 0.56116474] 2.7944965 0.9686133 0.81469345 0.92677444
[517, 0.46192315, 1.046803, 5.8196616, 0.7123939] 2.6509554 0.9235032 0.85296154 1.0478419
[518, 0.38011178, 1.027764, 7.6978035, 0.8786263] 2.4223247 1.062116 0.95172375 1.0739661
[519, 0.55183643, 0.9647076, 5.8203955, 0.9640076] 2.6241891 0.932939 0.77968925 1.0497248
[520, 0.45829302, 1.0134078, 6.8148003, 0.88213766] 2.5454671 0.9879509 0.8885594 1.0197307
[521, 0.5724598, 0.9724266, 3.257913, 0.6467085] 3.0177968 0.9265649 0.74579763 1.1016586
[522, 0.5484234, 0.9673531, 5.1351447, 0.5846934] 2.580041 1.0328566 0.747747 1.2047476
[523, 0.6055014, 0.89519536, 6.278185, 0.6355831] 2.4179177 0.9769259 0.87672997 1.3064772
[524, 0.5353621, 0.9564984, 6.431907, 0.6186525] 2.4679394 1.0065312 0.88579535 1.1184949
[525, 0.5759976, 0.88997823, 7.1340685, 0.68353975] 2.467358 1.1203157 0.89457595 0.9124923
[526, 0.43585083, 0.80962837, 5.735953, 0.7103646] 2.379086 0.820208 0.8233335 1.1721385
[527, 0.527893, 0.9781986, 4.730215, 0.43825796] 2.5872881 0.8853097 0.9475368 1.2738228
[528, 0.5313371, 0.9981723, 5.1358204, 0.95772195] 2.6968796 0.81627697 0.82751304 1.1157275
[529, 0.67631805, 0.6618483, 5.7540913, 0.6496163] 2.4473782 1.0145408 0.6684761 0.9417046
[530, 0.416497, 1.0494162, 4.874131, 0.6589521] 2.6508498 1.0913942 0.7544765 1.0581652
[531, 0.54701686, 0.99000305, 3.9997685, 0.506672] 2.8090866 0.85945904 0.9123477 1.0698317
[532, 0.58826697, 0.9448596, 4.8656607, 0.4675307] 2.6267023 0.897123 0.80768573 1.3048795
[533, 0.6021212, 0.8955918, 5.979461, 0.58658314] 2.4707856 0.9470389 0.7521968 1.3030653
[534, 0.4940451, 1.0133307, 4.085914, 0.48531774] 2.7335165 1.0843447 0.8584375 1.1541036
[535, 0.49671334, 1.0042611, 4.896676, 0.605273] 2.61152 0.9735152 0.91227853 1.1085851
[536, 0.5781448, 0.9662796, 3.4749382, 0.59441483] 3.0285885 0.9355398 0.8159196 1.0650078
[537, 0.5017802, 1.018846, 4.893826, 0.58129764] 2.6803827 0.78802115 0.9231952 1.1117842
[538, 0.5206542, 0.78949225, 6.302866, 0.45972276] 2.2824798 0.9544834 0.8910681 1.2246501
[539, 0.48321068, 1.014321, 4.971604, 0.6001616] 2.6974766 0.92630935 0.8427993 1.0896937
[540, 0.538033, 1.0319214, 4.37956, 0.5516827] 2.831823 0.89257234 0.82982874 1.1762937
[541, 0.6142503, 0.9353432, 5.9691854, 0.883042] 2.4327302 1.0616747 0.9644352 1.1813425
[542, 0.373444, 1.0882986, 4.946314, 0.5412219] 2.5715415 1.0680013 0.87657005 1.1651144
[543, 0.55152136, 0.94717973, 4.4116187, 0.3889818] 2.7080739 0.9940101 0.7500037 1.1642836
[544, 0.6229819, 0.7554962, 5.6843157, 0.7891642] 2.4126937 0.9055371 0.8014868 1.1192099
[545, 0.6266268, 0.7238567, 6.0362997, 0.5379795] 2.227371 1.003864 0.9608716 1.1462499
[546, 0.45810008, 0.92122465, 7.603001, 0.8028313] 2.455988 1.0793462 0.82757014 1.0273702
[547, 0.50595474, 0.8402936, 6.2493014, 0.37251484] 2.1877735 1.1036832 1.0186576 1.2123511
[548, 0.5156881, 1.027767, 5.514835, 0.7330782] 2.6153944 1.0544672 0.8783057 1.0628301
[549, 0.5335034, 0.8604857, 8.7823305, 0.61444336] 2.4445484 0.9842076 0.85599536 1.0225841
[550, 0.5209228, 0.9876555, 4.222374, 0.48717573] 2.8993814 0.86678153 0.87788576 0.9552253
[551, 0.56236464, 0.88938874, 6.911878, 0.8318834] 2.3427832 0.9654095 0.8777027 1.3328754
[552, 0.4346763, 1.053958, 5.780948, 0.838763] 2.5811346 1.0724626 0.92979324 0.88052607
[553, 0.560889, 0.99532753, 5.422273, 0.5160723] 2.5700815 0.9565971 0.87232566 1.1975949
[554, 0.57535255, 1.0017476, 3.6125157, 0.7419666] 2.9902246 0.98802835 0.7793632 0.9917905
[555, 0.5544603, 0.98284703, 5.0579987, 0.51279795] 2.8508546 0.8674173 0.71115446 0.97663873
[556, 0.50954443, 0.9484342, 6.529975, 0.5945735] 2.5998294 0.77556545 0.83306503 1.1152095
[557, 0.56891614, 0.7559256, 5.809609, 0.6805528] 2.3054273 0.8550973 0.895909 1.1889927
[558, 0.4825997, 0.6917892, 4.682858, 0.5700642] 2.1681654 0.8039812 0.9495844 1.2396137
[559, 0.4760115, 1.0198141, 4.72559, 0.55702186] 2.6654973 0.9396497 0.83523375 1.1619623
[560, 0.4755137, 0.8144981, 7.945277, 0.92828393] 2.3450491 0.8394159 0.96020573 1.1201699
[561, 0.54043293, 1.011728, 3.550472, 0.52878344] 2.9961097 0.9292264 0.7771711 1.03095
[562, 0.58034295, 0.9728519, 4.6404676, 0.65021354] 2.731928 0.9612483 0.8986624 0.95406926
[563, 0.37567648, 1.007499, 8.255423, 0.74383056] 2.4368725 0.8874223 0.9577825 1.1520623
[564, 0.4655932, 1.0263829, 4.0502076, 0.4935054] 2.7798672 0.9413423 0.93257713 1.0545115
[565, 0.4646666, 1.0082979, 6.168154, 0.9560689] 2.4625778 1.0011363 1.044813 1.0573915
[566, 0.54852456, 1.0117505, 2.807817, 0.5291643] 3.0208807 0.8636164 0.8028709 1.184635
[567, 0.5424879, 0.9992457, 4.616308, 0.5807054] 2.6008759 0.997064 0.918664 1.2468389
[568, 0.5861031, 0.9517131, 3.9774466, 0.5074612] 2.8298578 0.86176795 0.7357588 1.2765925
[569, 0.44333065, 0.9555416, 8.063626, 0.71883917] 2.5207627 0.9964578 0.833621 0.97472197
[570, 0.6043542, 0.74893653, 6.853842, 0.7239472] 2.4451096 0.92628556 0.8732256 0.9225349
[571, 0.5508715, 0.96264017, 4.9060593, 0.5247588] 2.756708 1.0718231 0.910583 0.97472304
[572, 0.49618408, 0.74078864, 5.0819125, 0.68309605] 2.2088108 0.9661217 0.86160994 1.2019577
[573, 0.5190833, 0.99563867, 4.9370112, 0.46316668] 2.7274168 1.0400616 0.7822351 0.9912166
[574, 0.4463292, 0.9676513, 7.962749, 0.6177131] 2.5184674 0.89951664 0.82438785 1.0980185
[575, 0.6024422, 0.7423103, 7.040134, 0.6463586] 2.373915 0.9258069 0.88117117 1.0408884
[576, 0.45641628, 1.056243, 5.0754547, 0.6329769] 2.6474714 0.89749163 0.89077526 1.156862
[577, 0.64262134, 0.67051744, 6.6080403, 0.55673903] 2.3482482 0.91632205 0.8633105 1.064636
[578, 0.4734382, 0.89296764, 7.2553334, 0.63195276] 2.378736 1.0430989 0.83275986 1.0757971
[579, 0.5904109, 0.9575911, 4.974519, 0.4832577] 2.575002 1.0324131 0.8509576 1.1701505
[580, 0.4843267, 0.9663118, 7.197201, 0.5228371] 2.4135299 0.99111974 0.96630245 1.0978409
[581, 0.49121013, 0.9948242, 6.3809605, 0.7281207] 2.456179 1.0610591 0.84135497 1.1233335
[582, 0.48577493, 0.9982069, 5.901158, 0.8696118] 2.5273027 1.0288483 0.97217035 0.9907185
[583, 0.51282465, 0.77442884, 6.8649287, 0.93896395] 2.4382906 0.9255569 0.8646648 0.8585914
[584, 0.55374455, 0.55412024, 3.5647206, 0.7965735] 2.092185 1.1408027 0.85242933 0.96102166
[585, 0.46732897, 1.0417434, 5.5770197, 0.6474393] 2.588959 0.9844205 0.81715935 1.187001
[586, 0.49013838, 1.017658, 5.5068727, 0.4670364] 2.576759 1.0236899 0.8575665 1.0688707
[587, 0.42101583, 1.0376564, 6.8624306, 0.9056636] 2.5005276 1.0781627 0.8199467 1.0632755
[588, 0.4759424, 0.9749977, 7.2783127, 0.8349589] 2.451984 0.9470904 0.9043356 1.1476102
[589, 0.45437375, 1.0115699, 6.9418664, 0.8371562] 2.4812634 0.8608609 0.944309 1.1538622
[590, 0.46251425, 1.0531083, 5.659684, 0.5327214] 2.6326132 0.9876924 0.8596631 1.0773507
[591, 0.53189456, 0.93566936, 6.833838, 0.55374366] 2.4824474 1.026516 0.8516529 1.0323756
[592, 0.56243086, 0.8316288, 7.5000525, 0.80204976] 2.3336248 1.0798792 0.8199027 1.1762512
[593, 0.52283585, 0.99394345, 7.55003, 0.6147138] 2.4148278 0.9578127 0.8954714 1.2772385
[594, 0.5026747, 0.9510316, 5.934941, 0.6845337] 2.5316677 0.96895504 0.81798077 1.1390884
[595, 0.46894598, 1.0570967, 4.161723, 0.7798333] 2.8135796 0.93856823 0.9374915 1.1028237
[596, 0.51695454, 0.92502797, 8.319837, 0.8339795] 2.516802 0.98632383 0.8353731 1.0379268
[597, 0.5372706, 0.9816408, 5.1936088, 0.6100554] 2.6592436 1.0602583 0.7924138 1.1078284
[598, 0.5386098, 0.9763867, 5.738707, 0.7278372] 2.3689854 1.0792114 0.97156 1.2786255
[599, 0.5312258, 0.87311316, 6.8451953, 0.4808633] 2.3021789 1.0304145 0.88011503 1.2654804
[600, 0.46687585, 0.8356689, 6.409849, 0.87481534] 2.3879724 0.8983851 0.9507068 1.035027
[601, 0.7122758, 0.82665044, 2.7986336, 0.57132846] 2.98992 0.92556673 0.63046575 1.4057611
[602, 0.57869405, 1.0059859, 3.9165964, 0.548099] 2.8115902 1.0696517 0.82991546 1.1601827
[603, 0.5629426, 0.9696303, 4.2139344, 0.64236265] 2.7487206 0.86667085 0.92996246 1.1837162
[604, 0.50944895, 1.0368216, 4.000938, 0.62920773] 2.8366117 1.0278528 0.8288045 1.0806575
[605, 0.5230881, 0.9332333, 8.425671, 0.84165996] 2.508608 0.9192532 0.873462 1.0912482
[606, 0.5597024, 0.9602514, 4.603453, 0.38948387] 2.7636437 1.0498534 0.8438322 0.9444762
[607, 0.6134661, 0.8046889, 7.1819596, 0.56850076] 2.3952172 1.0388256 0.8363305 1.083512
[608, 0.4869641, 1.017337, 4.052829, 0.5156459] 2.6392343 1.0022459 0.89276874 1.1697464
[609, 0.5058097, 0.9519109, 6.2675676, 0.7242636] 2.6002762 0.89727163 0.8467913 0.9592234
[610, 0.51753724, 0.9845153, 5.2486887, 0.5687666] 2.5145066 1.0018913 0.8746581 1.1509137
[611, 0.45827198, 1.0383849, 6.180724, 0.99239224] 2.5734391 0.8633441 0.85788393 1.1208405
[612, 0.47054854, 1.0111561, 5.36391, 0.81352055] 2.6535256 0.92946297 0.79568976 1.0426804
[613, 0.49862584, 0.98761004, 5.8906994, 0.6472283] 2.4316528 1.139523 0.8162033 1.1590664
[614, 0.4610597, 1.0275581, 5.7542796, 0.384886] 2.6042564 0.95549494 0.8244157 1.1191483
[615, 0.52781165, 0.68269444, 4.436198, 0.52388674] 2.113425 0.99133134 0.93817735 1.22975
[616, 0.5592717, 0.7650575, 6.3586135, 0.5140814] 2.0944233 1.1569927 0.90217084 1.343632
[617, 0.54757404, 0.9886717, 5.540223, 0.58452195] 2.3736095 1.1883135 0.9391047 1.1905338
[618, 0.5064951, 0.9408464, 7.6792164, 0.7234919] 2.5333674 0.9795592 0.90426254 0.8785383
[619, 0.56175107, 0.9637176, 4.177139, 0.40454975] 2.746021 0.96643394 0.7205311 1.2776372
[620, 0.56846076, 0.953438, 4.6189613, 0.66814876] 2.590439 1.0027086 0.8713021 1.3734012
[621, 0.5025057, 0.70021033, 5.055507, 0.5370121] 2.3487508 0.8478814 0.9073932 0.9815639
[622, 0.4911939, 0.86728317, 7.185589, 0.499052] 2.3341663 0.9120937 0.91671574 1.2309048
[623, 0.5004996, 0.6455215, 4.453622, 0.46327007] 2.168296 0.9216257 0.9013502 1.2006586
[624, 0.52310234, 0.8666825, 7.0558314, 0.94110024] 2.4032476 0.8486737 0.83108944 1.264373
[625, 0.55079705, 0.71528727, 4.798806, 0.39853305] 2.2868836 0.94027805 0.79102576 1.195777
[626, 0.44613564, 1.0238683, 7.0674696, 0.85109574] 2.5264192 1.0478326 0.88670903 0.9626158
[627, 0.53761053, 0.81991845, 6.9895563, 0.534132] 2.2754714 1.054991 0.9337918 1.1117593
[628, 0.4206079, 0.81382734, 6.5460997, 0.59573364] 2.2946706 0.96936834 0.96727484 1.0744877
[629, 0.61584294, 0.9223855, 5.357413, 0.4957909] 2.591487 1.1124175 0.80298936 1.0619577
[630, 0.5565407, 0.9765297, 5.5797863, 0.5464248] 2.6300402 0.97141284 0.73830813 1.2065301
[631, 0.39329255, 1.0786129, 6.1886787, 0.6839674] 2.4833698 0.9936357 0.9433606 1.1512135
[632, 0.4472835, 1.0289719, 5.9792285, 0.7951382] 2.3951662 0.9782861 0.9797285 1.2409854
[633, 0.4718476, 1.0479363, 3.7312217, 0.551445] 2.8795218 0.9556583 0.9475921 1.0220264
[634, 0.5175927, 0.9963444, 4.696685, 0.4769665] 2.6449165 1.0916173 1.0046148 0.8902658
[635, 0.511609, 1.0099412, 4.5494766, 0.5620901] 2.650076 0.9505823 0.8606906 1.3336766
[636, 0.62082595, 0.8571169, 5.77705, 0.6689543] 2.4201179 1.0668753 0.81691355 1.1794976
[637, 0.57753175, 0.9067741, 7.2278185, 0.7474809] 2.5314252 1.0208508 0.82116246 1.0370971
[638, 0.63881344, 0.66820407, 6.0420427, 0.40818518] 2.2578554 1.0255007 0.88350344 1.1244553
[639, 0.5428021, 0.8438453, 6.8325744, 0.77550125] 2.3938415 0.82780796 0.884495 1.221944
[640, 0.51118344, 0.992291, 4.7227073, 0.5109544] 2.6060503 0.8763211 0.9223073 1.1778691
[641, 0.52900445, 0.8920955, 8.284929, 0.7930732] 2.4425383 1.0359353 0.77449316 1.1322855
[642, 0.47145802, 1.0242698, 4.886072, 0.6323699] 2.6761131 0.8972843 0.8734764 1.1232629
[643, 0.61623424, 0.7286016, 6.0003624, 0.47563404] 2.4297955 1.0673898 0.8578454 0.82978684
[644, 0.54014874, 0.9830422, 5.2134647, 0.5901353] 2.530962 0.92507166 0.9501112 1.2095801
[645, 0.6485164, 0.8844318, 2.597406, 0.5707186] 3.0763745 0.78939533 0.7118957 1.2383862
[646, 0.5834532, 0.9709629, 3.875579, 0.63405246] 2.9428334 0.99400043 0.7490164 1.033949
[647, 0.49040616, 1.0187961, 5.4558926, 0.52790356] 2.6010756 1.0851114 0.7485521 1.0400422
[648, 0.5663052, 0.8649533, 7.6692553, 0.6333308] 2.3767974 1.0223725 0.8599955 1.1604954
[649, 0.47729176, 1.0326809, 6.010862, 0.7399915] 2.6732779 0.9602002 0.9206082 0.849194
[650, 0.54695714, 0.98253757, 4.616197, 0.9717219] 2.6608655 0.9326948 0.96271455 1.1751223
[651, 0.56474537, 0.8456743, 6.5102496, 0.8385114] 2.5269861 0.954432 0.7400177 1.0621759
[652, 0.5304705, 0.9850531, 4.822516, 0.6212038] 2.7096772 0.88936085 0.8821846 1.2052065
[653, 0.5225314, 0.9575725, 5.0089283, 0.59889174] 2.5552313 1.0723836 0.7529194 1.1101649
[654, 0.49065635, 1.0362619, 5.764164, 0.55868214] 2.6497056 0.9860049 0.85881186 1.0537549
[655, 0.481253, 1.0157567, 5.776765, 0.64128345] 2.5615122 1.0397651 0.8475563 1.0270933
[656, 0.54664886, 0.9706891, 4.61176, 0.5826505] 2.6520865 0.93683994 0.7346698 1.1772883
[657, 0.46536842, 0.8115152, 6.4579706, 0.5730131] 2.3088462 0.9950016 0.9762546 0.9575451
[658, 0.5434904, 0.9780345, 3.964072, 0.44121426] 2.7488885 1.0133913 0.94240594 0.973042
[659, 0.5183025, 1.0122844, 3.8038597, 0.57309526] 2.939626 1.0527893 0.7468996 0.94571614
[660, 0.5274263, 0.90351474, 8.901307, 0.9588173] 2.4000623 0.84774154 0.88771033 1.3264163
[661, 0.54097724, 0.97535205, 5.316397, 0.6900567] 2.5786142 0.93532413 0.7694573 1.2127751
[662, 0.47328952, 0.94798416, 7.100701, 0.876071] 2.4519858 0.8913495 0.88126373 1.1769474
[663, 0.58655876, 0.8159113, 8.995572, 0.8216325] 2.3820093 1.0480676 0.89774406 1.0356599
[664, 0.5167975, 0.89427215, 8.932489, 0.93434036] 2.4354808 0.9105204 0.87170506 1.1519287
[665, 0.46125007, 1.0467846, 5.5072265, 0.86831355] 2.625593 0.95104754 0.9044966 1.0182636
[666, 0.58357006, 0.93606544, 4.2768116, 0.57840514] 2.589988 0.91536415 1.078996 1.3355693
[667, 0.37364134, 0.8257924, 4.5301456, 0.63357854] 2.45087 0.87966514 0.77284867 0.94967234
[668, 0.51727676, 1.012403, 5.325425, 0.79406506] 2.7299836 0.9109667 0.8672266 0.9558544
[669, 0.5442426, 0.6517302, 4.4241323, 0.49455103] 2.2185225 1.0789372 0.80653054 0.9612302
[670, 0.54709345, 0.9558079, 8.263992, 0.9729067] 2.561587 0.9747388 0.84273434 0.96603835
[671, 0.393477, 1.0784397, 4.767483, 0.54306513] 2.6880403 0.8969035 0.948222 1.1760415
[672, 0.5507292, 0.9961956, 3.8079355, 0.70527226] 2.8460753 0.9529637 0.8411811 1.1628782
[673, 0.49238557, 1.00922, 5.779758, 0.4220724] 2.482097 1.005585 0.92704827 1.2169485
[674, 0.49031416, 1.0490872, 4.729801, 0.5096641] 2.726986 1.0403447 0.7857024 1.1382633
[675, 0.4854816, 1.0179019, 5.9051857, 0.63728] 2.526072 1.010993 0.8480577 1.1715044
[676, 0.5489102, 0.7612391, 6.2098007, 0.4867557] 2.2733166 0.84309524 1.005939 1.1852039
[677, 0.46400183, 1.0261492, 5.6227303, 0.75043225] 2.5268183 0.9277737 0.9473493 1.1444687
[678, 0.4204631, 0.6557209, 4.21306, 0.6152014] 2.259568 0.80524176 0.8757551 1.048496
[679, 0.4587266, 1.0700562, 5.0138316, 0.38868785] 2.6458957 0.9012564 0.8374212 1.1776885
[680, 0.651931, 0.63722175, 6.400948, 0.36421713] 2.1988344 1.0006064 0.8999165 1.2621928
[681, 0.5456434, 0.98568743, 3.8603997, 0.6147677] 2.8638856 1.0268142 0.8110406 1.0738075
[682, 0.6002101, 0.68778175, 5.24084, 0.48200986] 2.2418942 1.1050831 0.8818143 1.0171013
[683, 0.58209044, 0.9273634, 5.0759153, 0.5751892] 2.5512724 0.9846613 0.9195375 1.1291634
[684, 0.5273509, 1.0102694, 3.7658021, 0.57234913] 2.8848228 1.0050454 0.798157 1.0057428
[685, 0.52107954, 1.0341946, 5.116254, 0.6807019] 2.6794558 0.9822845 0.70261854 1.1347393
[686, 0.4827056, 1.0064493, 5.3826666, 0.47239226] 2.511492 0.9857972 0.9747212 1.2155184
[687, 0.4806507, 0.80565214, 5.712012, 0.69453573] 2.315825 0.98018825 0.9280238 1.0423712
[688, 0.5793229, 0.8927767, 6.9510655, 0.6556388] 2.4283266 1.1017109 0.81271625 1.1087178
[689, 0.5509201, 0.91243047, 6.2089725, 0.826393] 2.3404217 1.0282456 0.93563634 1.2707316
[690, 0.5279652, 0.6860009, 5.1012797, 0.5884421] 2.300174 0.96745175 0.86984783 1.0435406
[691, 0.5346021, 0.8771811, 8.045092, 0.56481594] 2.4721425 1.1488285 0.73139596 0.92463523
[692, 0.57766503, 0.88357276, 6.827732, 0.835524] 2.608096 0.83248514 0.7645918 1.0736756
[693, 0.6144695, 0.9368072, 5.0643415, 0.5304921] 2.5855381 0.8852848 0.93331236 1.3565252
[694, 0.43163326, 1.0708822, 4.3607225, 0.84949774] 2.7399943 0.8656517 0.9737996 1.0743587
[695, 0.42517486, 0.91559535, 7.748092, 0.70216435] 2.2913826 0.93784326 1.009059 1.1453843
[696, 0.5343532, 0.9853285, 4.4570646, 0.45544294] 2.7661095 0.89293766 0.7965801 1.1618233
[697, 0.5894218, 0.945198, 4.436728, 0.52857876] 2.8697221 0.75153106 0.74118173 1.1138238
[698, 0.52916116, 0.9992585, 5.458614, 0.4664588] 2.6969733 1.0192742 0.8327753 0.94895124
[699, 0.69804364, 0.60625035, 5.166335, 0.6483673] 2.2133653 0.9229873 1.0313244 1.0998883
[700, 0.40548795, 1.040943, 6.9440637, 0.53223133] 2.4976385 0.9665258 0.8742981 1.1441807
[701, 0.45089346, 0.97305244, 7.5452843, 0.83482695] 2.422761 0.946603 0.886154 1.1804718
[702, 0.54956627, 0.98318636, 5.2348456, 0.44762307] 2.6133485 1.0016243 0.8095583 1.3219509
[703, 0.6160793, 0.75829333, 6.77185, 0.6901859] 2.3920643 0.8804833 0.8384263 1.1804482
[704, 0.5328214, 0.8551972, 7.260287, 0.54543775] 2.5387082 0.9370941 0.76321983 0.9636427
[705, 0.56456393, 0.87193453, 7.43016, 0.9634294] 2.3402684 0.9058308 0.9508114 1.2628324
[706, 0.5361466, 0.8876975, 8.959387, 0.7493363] 2.418443 0.8657887 0.881932 1.2052804
[707, 0.5501387, 0.8041795, 6.195473, 0.6992085] 2.3019745 0.9417965 0.86927253 1.2150825
[708, 0.45660892, 1.0302154, 5.5353775, 0.6706037] 2.4382603 1.0657793 0.89469284 1.2520282
[709, 0.45739657, 0.8251313, 6.008817, 0.47385335] 2.420193 1.0316235 0.90434724 0.8170448
[710, 0.48492208, 1.0165775, 4.3772492, 0.52470577] 2.8332403 0.9209011 0.8413687 0.99101067
[711, 0.58587027, 0.96131265, 3.9207582, 0.7995931] 2.7277274 1.0704535 1.0411994 1.0926814
[712, 0.53654444, 0.9111226, 6.676576, 0.69685733] 2.439437 1.0021459 0.9136779 1.0819939
[713, 0.5051946, 0.6677026, 4.7760944, 0.5519875] 2.1737373 1.016502 0.99078435 1.0123984
[714, 0.55899215, 1.0000726, 4.6021295, 0.8709112] 2.6692672 0.96393764 0.9389992 1.1835299
[715, 0.51712066, 1.0134963, 6.1226707, 0.8351994] 2.7044842 0.92343605 0.88651776 0.8864818
[716, 0.514441, 0.9851042, 5.431088, 0.82734555] 2.536824 0.90249276 0.9671673 1.2061977
[717, 0.4676115, 0.85977644, 7.9869676, 0.5919261] 2.2588983 1.0632017 1.071736 1.0524706
[718, 0.4027418, 0.7870664, 4.9268713, 0.4812832] 2.2415943 0.9802908 0.9044194 1.1413037
[719, 0.5165234, 1.0050826, 4.701298, 0.5082475] 2.6152525 1.0473361 0.8121272 1.1704912
[720, 0.45569512, 1.0118908, 6.725345, 0.6825477] 2.5263972 0.9371703 0.8870449 1.1181298
[721, 0.531014, 1.009312, 3.625251, 0.5991027] 2.97066 0.8955088 0.8581059 1.1070843
[722, 0.47658998, 1.0026102, 5.874749, 0.8677702] 2.524897 1.1440663 0.96756065 0.956492
[723, 0.6087477, 0.7281247, 6.18696, 0.5924052] 2.3720098 1.0478028 0.8257231 0.9325559
[724, 0.56430525, 0.97360164, 5.4837804, 0.7910626] 2.578574 0.9521478 0.74756324 1.2728255
[725, 0.45712316, 1.055906, 4.561081, 0.65003306] 2.6962078 1.07832 0.91153747 0.9813304
[726, 0.5502712, 0.89146185, 8.924205, 0.69728506] 2.5344987 0.9442764 0.85503 0.969135
[727, 0.41197598, 0.69158906, 4.3487263, 0.67571354] 2.2925081 0.9781712 0.82610697 0.88050914
[728, 0.5601886, 0.93747807, 5.7064033, 0.7776285] 2.5252037 1.012281 0.8335043 1.0690967
[729, 0.43578508, 1.0605011, 5.554836, 0.73601294] 2.635999 0.7836003 0.8901062 1.1516953
[730, 0.586308, 0.92769486, 6.4844604, 0.9522314] 2.5574794 0.93224645 0.874185 1.0326968
[731, 0.54949766, 0.9826856, 5.053012, 0.79532385] 2.808272 0.9191852 0.804646 1.0171851
[732, 0.42884055, 0.80987936, 5.9750338, 0.8263715] 2.2517438 1.0828618 0.98645514 0.947815
[733, 0.54102707, 0.99095047, 5.538437, 0.8370479] 2.6256633 0.833879 0.8536406 1.1337632
[734, 0.569472, 0.9820825, 2.7373645, 0.74690205] 2.9377356 0.958957 0.94560224 1.2377905
[735, 0.5332187, 0.8771938, 7.7474236, 0.99912375] 2.4444811 1.003676 0.86922383 1.0783209
[736, 0.26381007, 1.1297542, 6.0649533, 0.6921115] 2.597759 0.9572137 0.9155463 0.98664373
[737, 0.59835124, 0.7387951, 6.6552505, 0.44729862] 2.3527422 1.0454634 0.88498384 0.97323996
[738, 0.4558147, 1.0470033, 5.8386106, 0.7785905] 2.685226 0.99565864 0.8617321 0.89907646
[739, 0.480634, 0.87304497, 7.48763, 0.47548485] 2.421312 0.9483295 0.9473626 1.0243937
[740, 0.4548438, 1.0407685, 4.2624016, 0.6659655] 2.915897 0.8982593 0.78101796 1.0870074
[741, 0.3962193, 1.0949013, 5.121359, 0.6169239] 2.6525483 1.0555816 0.9466338 0.89971256
[742, 0.48729512, 0.9981826, 5.6837587, 0.5147271] 2.6822398 0.98545265 0.82481164 1.0252197
[743, 0.56729025, 0.9588864, 4.5300827, 0.41201523] 2.7230773 0.98589396 0.893893 1.1688267
[744, 0.5824242, 0.74836606, 5.548107, 0.6563755] 2.2589633 1.064963 0.8818579 1.1337291
[745, 0.5204915, 0.998312, 5.9022665, 0.83633167] 2.6103358 0.98257506 0.9760622 0.9216361
[746, 0.58160305, 0.7696573, 6.4924197, 0.65822] 2.472656 0.9973404 0.8126116 0.8586197
[747, 0.45020387, 1.0472375, 4.4204106, 0.49537295] 2.8197036 0.89099675 0.9063794 0.9244265
[748, 0.40725926, 1.0689796, 5.8556633, 0.5387112] 2.6213913 0.99290633 0.88849914 1.0173273
[749, 0.51495755, 0.9841176, 6.077661, 0.87322825] 2.6306179 0.86102915 0.86512107 1.0504875
[750, 0.501909, 1.0027087, 5.709431, 0.55199367] 2.585554 0.92678297 0.88017017 1.1759748
[751, 0.5135484, 0.9907577, 5.525018, 0.6739918] 2.659968 0.8503961 0.78776985 1.1883363
[752, 0.47877133, 1.03223, 4.430842, 0.5830598] 2.8764386 1.0214624 0.8038026 0.97560745
[753, 0.5606021, 0.8207715, 6.4508476, 0.71579057] 2.4123976 1.0580903 0.88408196 0.925345
[754, 0.48098788, 1.0151752, 4.382227, 0.4061292] 2.7534225 0.9614444 0.8325018 1.0789248
[755, 0.55867976, 0.86672765, 8.097463, 0.94139516] 2.3988516 0.985966 0.91419166 1.1293823
[756, 0.5583594, 0.9823485, 5.1394997, 0.52778673] 2.5906014 0.97853625 0.8078252 1.3599155
[757, 0.56349677, 0.97290987, 5.355873, 0.4566092] 2.6913664 0.9755484 0.7593624 0.9948815
[758, 0.5909888, 0.9384283, 3.3284311, 0.67631465] 3.0008872 0.83594555 0.7713773 1.1137842
[759, 0.66456336, 0.9333102, 3.3014867, 0.75133395] 2.8827245 1.0228839 0.9116343 1.215279
[760, 0.55008775, 0.7115312, 5.4267163, 0.44963604] 2.2423623 0.8976886 1.0619624 1.1217465
[761, 0.5220386, 0.9120455, 8.1769, 0.64200485] 2.3738437 1.0324156 0.94550765 1.1225393
[762, 0.5023692, 0.97450286, 5.428679, 0.7163373] 2.58048 0.88662815 0.82243055 1.2099917
[763, 0.5326706, 1.0159501, 5.5818887, 0.69030654] 2.6180375 0.78848237 0.8933589 1.3094203
[764, 0.54116315, 0.8532581, 7.530326, 0.7169929] 2.418941 1.0776638 0.91211516 0.9905369
[765, 0.45592618, 0.9288851, 8.011638, 0.5505393] 2.385656 1.0815574 0.85923094 1.0627384
[766, 0.4452009, 1.0111048, 7.1258264, 0.9569389] 2.4329202 0.9547135 0.9741283 1.1774998
[767, 0.42435986, 0.9434541, 7.7860413, 0.7329148] 2.4942632 0.96071035 0.8469296 1.0128144
[768, 0.5404643, 0.9821196, 3.4814103, 0.69136596] 2.8134985 1.0122657 0.97142714 1.1415148
[769, 0.54055023, 0.993586, 5.6040263, 0.47832167] 2.6286607 1.025837 0.8199672 1.1785749
[770, 0.5340977, 0.97229904, 5.9445057, 0.7157878] 2.4496937 0.9928382 0.9279251 1.2302343
[771, 0.4769044, 1.0276718, 5.976038, 0.63748085] 2.5874193 0.94316643 0.8448069 1.0810319
[772, 0.38253233, 0.9047498, 7.421601, 0.77610266] 2.433591 0.8293516 0.887126 1.0926697
[773, 0.47140032, 0.95354563, 6.350582, 0.806282] 2.4918354 0.93058676 0.8334314 1.1660776
[774, 0.42845953, 1.0685333, 4.7210603, 0.6308451] 2.529173 1.0676891 0.8306252 1.2365503
[775, 0.48830146, 0.9425684, 7.4879107, 0.77282596] 2.5532267 0.9841661 0.83771574 0.9952404
[776, 0.6674209, 0.7612275, 8.077122, 0.69398886] 2.5110898 1.0045257 0.8068534 0.8779347
[777, 0.35529682, 0.63183266, 3.798422, 0.6539449] 2.0525954 0.88139796 0.9006368 1.1857811
[778, 0.53708446, 0.9690356, 5.3805513, 0.6423973] 2.669849 0.9033543 0.79662186 1.1600451
[779, 0.44882095, 1.0506506, 6.0399156, 0.7302504] 2.5148613 1.0453111 0.9027107 1.2160953
[780, 0.5080038, 1.0297841, 5.539576, 0.7778796] 2.6874783 0.99150974 0.8161671 1.0621796
[781, 0.47486454, 1.0086696, 5.976442, 0.5958313] 2.6114068 0.9387916 0.8079414 1.021896
[782, 0.48098665, 1.001453, 6.09776, 0.76438046] 2.508877 1.0156 0.8373122 1.1083412
[783, 0.5011871, 0.63395256, 3.6550598, 0.52225316] 2.2409291 0.96144414 0.89000577 0.9795147
[784, 0.41686296, 1.0695837, 5.775826, 0.9567797] 2.637325 0.81499815 0.7905924 1.1738667
[785, 0.49964887, 1.0239744, 4.6382847, 0.6672498] 2.8661551 0.9965463 0.942976 0.84738
[786, 0.51761764, 0.8782197, 8.8510065, 0.7492899] 2.3187563 1.0305012 0.8970785 1.2129881
[787, 0.57232726, 0.9817633, 3.8760524, 0.50294685] 2.9387743 0.9254303 0.79085535 1.0990859
[788, 0.46744755, 0.87637645, 7.5059695, 0.46900126] 2.358154 1.025369 0.92314416 1.1186557
[789, 0.4430221, 1.0071976, 6.182963, 0.9282707] 2.3348005 1.1846222 0.95926887 1.1897225
[790, 0.5088174, 0.94605434, 7.888987, 0.725544] 2.5064018 1.0065924 0.8663825 1.0271633
[791, 0.5647101, 0.8125281, 6.579003, 0.92130035] 2.4033344 0.86918366 0.9453143 1.0778852
[792, 0.4986601, 1.0190988, 5.037522, 0.71717054] 2.6933992 1.0115633 0.8021107 0.89773816
[793, 0.49872038, 0.8982855, 8.054648, 0.81309456] 2.5053437 0.9113605 0.84753007 1.0142268
[794, 0.52069765, 1.0028608, 5.4022784, 0.58834946] 2.736998 0.92605 0.8825206 1.0384214
[795, 0.60030943, 0.97617185, 4.0128794, 0.68205476] 2.844455 1.0346012 0.869785 1.11347
[796, 0.5308178, 0.7391556, 5.077397, 0.72726136] 2.305705 0.8669524 0.9319286 1.1643862
[797, 0.56073, 0.8347696, 6.86024, 0.6319734] 2.452696 0.9343147 0.7996807 1.1322563
[798, 0.5328237, 0.9950849, 4.1533923, 0.6520533] 2.6929393 0.9875642 0.94045633 1.1782373
[799, 0.5100459, 0.9963439, 3.6922457, 0.6211979] 2.8528018 0.9850959 0.7714986 1.1160637
[800, 0.5476806, 0.986473, 4.0830173, 0.7182094] 2.8469217 0.914594 0.8034219 1.1755455
[801, 0.6033869, 0.8186814, 6.9605713, 0.46453747] 2.379274 1.070603 0.80016387 1.1483115
[802, 0.48086482, 0.99819064, 8.289896, 0.835668] 2.5907555 0.9079642 0.85816544 0.97846603
[803, 0.61851025, 0.91762066, 3.9910984, 0.82067424] 2.7055619 1.0015762 0.8734271 1.2924153
[804, 0.4654836, 1.0074629, 6.3898745, 0.9576217] 2.4667618 1.0225693 0.91165644 1.1432607
[805, 0.42814007, 1.0603468, 6.722956, 0.95432144] 2.6394868 0.97297585 0.9861199 0.8860778
[806, 0.48158732, 1.0211465, 3.0943377, 0.7809931] 3.0069993 0.9530867 0.9256538 1.0137138
[807, 0.5662874, 0.8887011, 7.6088285, 0.71197957] 2.2952666 0.9492319 0.96354824 1.3298051
[808, 0.53241765, 0.8536651, 8.244039, 0.7714813] 2.310077 0.9914777 0.9344196 1.1653662
[809, 0.4612239, 0.9688199, 6.159846, 0.8720106] 2.4095874 0.97859365 0.9785396 1.1622584
[810, 0.5178813, 0.81836367, 7.16657, 0.7381686] 2.4118376 0.94799644 0.8402269 1.0579478
[811, 0.551858, 0.78760165, 6.4046984, 0.45919275] 2.1921103 1.1238303 0.96528554 1.202772
[812, 0.65390164, 0.9111791, 4.803046, 0.57534933] 2.5906718 0.92829305 0.84670407 1.229886
[813, 0.5760281, 0.93488854, 2.8837018, 0.7324758] 3.0518053 1.0641687 0.8282307 1.0149596
[814, 0.50903225, 1.0506868, 3.2349927, 0.6039564] 3.0320926 0.9685985 0.89795613 1.0294675
[815, 0.38933846, 1.0826288, 5.527918, 0.7918969] 2.530548 1.0498958 0.9006938 1.076817
[816, 0.51176065, 1.032325, 5.611428, 0.7986789] 2.7378445 0.7730327 0.74712324 1.1305599
[817, 0.44957373, 1.0526959, 5.535701, 0.38692588] 2.6614513 0.959915 0.851934 1.1207252
[818, 0.591476, 0.91481847, 4.511268, 0.41919258] 2.7433593 1.0379555 0.81646085 0.9797073
[819, 0.5142591, 0.9688937, 6.146186, 0.60117745] 2.577544 0.865489 0.8037021 1.1205862
[820, 0.55913794, 0.97451985, 3.2286515, 0.6335411] 2.9693096 0.92639375 0.7306519 1.1448482
[821, 0.45559603, 0.9112675, 8.438017, 0.63269526] 2.4685433 1.0482583 0.8110005 0.936485
[822, 0.48863927, 0.9395809, 8.138201, 0.69402057] 2.4428945 0.8063171 1.0278732 1.1389115
[823, 0.42686483, 0.81128305, 5.144207, 0.6976683] 2.2594771 0.95242983 0.9222116 1.1589532
[824, 0.40037456, 1.0410324, 7.4181023, 0.93055] 2.5625775 0.95539486 0.89858395 1.0176724
[825, 0.58766705, 0.8684984, 6.4482417, 0.7521756] 2.4203203 0.9683837 0.93013 1.1277571
[826, 0.46478912, 1.0482392, 5.473419, 0.5738432] 2.6786876 1.0215558 0.7953835 1.0504957
[827, 0.4455986, 0.96989113, 6.8661346, 0.8309255] 2.519639 0.93108135 0.7870249 1.1424131
[828, 0.48925933, 1.0134155, 5.893803, 0.49453357] 2.6167562 1.0229498 0.7632745 1.1115776
[829, 0.4387053, 1.0449921, 6.19277, 0.62552947] 2.6090362 0.9787698 0.8801732 1.0157386
[830, 0.49576047, 0.91305107, 7.87604, 0.8473825] 2.4437397 0.9797077 0.90801996 1.0539804
[831, 0.5423766, 0.7560423, 6.071314, 0.38165638] 2.1689453 1.0436221 1.0379686 1.1461939
[832, 0.49907032, 1.0427963, 5.4623866, 0.41157243] 2.6726267 1.1030374 0.77352273 1.0749239
[833, 0.55449975, 0.59352046, 4.0751123, 0.6138442] 1.9994969 0.9939572 0.87782204 1.2458475
[834, 0.49999276, 1.0140816, 5.4182286, 0.62599874] 2.672156 0.8871919 0.8618947 1.1067576
[835, 0.5920685, 0.9075352, 4.951106, 0.70944965] 2.6229901 0.95198864 0.73610425 1.1403481
[836, 0.5040989, 1.0171335, 3.5982728, 0.8011978] 3.0232358 0.8857623 0.8210761 1.0616907
[837, 0.50394744, 1.0059575, 4.685684, 0.68691003] 2.7071712 0.9310496 0.8846408 1.0158379
[838, 0.52399397, 0.9883796, 5.564001, 0.9266458] 2.5189316 0.9592425 0.8989745 1.1076533
[839, 0.5580251, 0.61748976, 4.3745875, 0.43473503] 2.0712657 0.97433615 0.9611501 1.2018569
[840, 0.58642083, 0.7642852, 7.4103312, 0.53179693] 2.3665047 0.9640754 0.8334678 1.1392069
[841, 0.53987867, 0.9590104, 7.8308535, 0.6669694] 2.5884168 1.046267 0.7140661 1.0240042
[842, 0.50206196, 0.89755344, 6.5153823, 0.5245773] 2.3675141 1.0050336 0.9681174 1.120548
[843, 0.53966516, 0.9991815, 5.0119357, 0.5832777] 2.5059326 1.0789359 0.7998461 1.1956899
[844, 0.47007746, 1.0434692, 6.64457, 0.8945894] 2.476212 1.0243847 0.9605337 1.0844326
[845, 0.4586901, 0.98474985, 6.712376, 0.76894253] 2.537551 0.8163713 0.83033305 1.183234
[846, 0.3605851, 0.7099045, 4.384151, 0.5999059] 2.132946 1.0013 1.0015626 1.0149248
[847, 0.5930333, 0.68134755, 5.37842, 0.42147478] 2.3315647 0.85054487 0.85528624 1.1399297
[848, 0.59023523, 0.9161007, 5.7712193, 0.701914] 2.5492356 1.0374998 0.8087956 1.0434376
[849, 0.5618434, 0.7879411, 7.0097284, 0.630088] 2.3608942 0.91033995 0.91789573 1.1448371
[850, 0.5050097, 0.9867101, 4.2844105, 0.4516452] 2.6194718 1.0787624 0.87303406 1.0241076
[851, 0.58924735, 0.8236146, 8.31476, 0.46160844] 2.3713348 1.000875 0.81414884 1.1685542
[852, 0.52869105, 0.9984626, 5.8366613, 0.9245489] 2.5339415 1.0250564 0.788054 1.295607
[853, 0.6694776, 0.85139257, 4.448415, 0.57962525] 2.6078475 1.0148406 1.0447758 1.1492244
[854, 0.41575685, 1.0592661, 5.5210996, 0.7376671] 2.647026 0.8699241 0.9656307 1.0514721
[855, 0.46705365, 0.9399349, 6.4460607, 0.52665627] 2.3727458 1.1596862 0.9979136 0.9545915
[856, 0.4976383, 0.9729257, 6.753398, 0.6676363] 2.3594596 1.1541529 0.9829354 1.0833932
[857, 0.5768349, 0.6288561, 4.4046073, 0.70933276] 2.1258783 0.93522674 0.85505724 1.2471799
[858, 0.4557671, 1.0501944, 5.037808, 0.45324165] 2.6075943 1.0194644 0.9094903 1.0894482
[859, 0.55282474, 0.95967674, 4.2789507, 0.42615673] 2.6371784 1.0370995 0.9276058 1.0808306
[860, 0.65035135, 0.88694227, 5.428448, 0.5907682] 2.5547411 0.83973676 0.7296038 1.4402438
[861, 0.61426026, 0.9432846, 2.8313186, 0.6179527] 2.907848 0.9737568 0.76491326 1.3338705
[862, 0.5282595, 0.80327106, 5.889568, 0.73734087] 2.4400053 0.844631 1.0547751 0.92639095
[863, 0.6302579, 0.9153062, 5.227983, 0.53880084] 2.6795323 0.83997214 0.88746446 1.2192732
[864, 0.63477516, 0.80927503, 6.63437, 0.592641] 2.4781601 1.099886 0.82495713 0.9527043
[865, 0.5922881, 0.61149275, 3.0432856, 0.49365106] 2.1949794 1.0447042 0.8151446 1.1020304
[866, 0.42960712, 1.0644275, 5.835108, 0.88572586] 2.642101 0.8702263 0.7833081 1.1403438
[867, 0.45566624, 1.0097711, 6.034768, 0.76338834] 2.598525 0.955244 0.90238374 0.9410335
[868, 0.5055312, 0.8965349, 8.754305, 0.8279709] 2.5246675 0.87915653 0.9250195 0.94330436
[869, 0.41885582, 1.0693619, 4.4502378, 0.6981107] 2.7810266 1.0380374 0.8263541 1.092876
[870, 0.47159985, 1.0315248, 5.601108, 0.6292374] 2.6769567 0.8602454 0.84117603 1.1911346
[871, 0.5755275, 0.7518506, 5.4078665, 0.4941116] 2.3101115 1.0186162 0.93293244 1.012259
[872, 0.51428455, 0.99612135, 4.373247, 0.64980876] 2.6545098 0.9710736 0.88187486 1.1160039
[873, 0.48057318, 1.0182244, 5.2474866, 0.49719244] 2.646901 1.0513345 0.88659096 1.1295013
[874, 0.46673566, 0.91174114, 8.250727, 0.71250653] 2.3835237 0.97024477 0.8814286 1.13844
[875, 0.5933584, 0.93836796, 4.2747827, 0.7287095] 2.8110535 0.9421185 0.8436264 1.1359725
[876, 0.52266175, 0.9680068, 5.534645, 0.51151675] 2.5561619 1.0354695 0.91212004 1.1800866
[877, 0.534298, 1.0042759, 4.294567, 0.51892865] 2.9229074 0.96232027 0.8395639 0.8528091
[878, 0.4686599, 0.74283284, 5.1547613, 0.83142084] 2.1025908 1.0535572 0.89658594 1.3062924
[879, 0.51225334, 0.9970256, 5.857481, 0.7904544] 2.5487037 0.9962293 0.8973238 1.0580987
[880, 0.54376364, 0.90292376, 8.26275, 0.4562521] 2.3338485 0.9763585 0.88152707 1.2707978
[881, 0.519124, 0.9638721, 5.9508586, 0.7710903] 2.5646374 0.91339093 0.9732099 1.1237447
[882, 0.46585852, 0.8757096, 8.149389, 0.68648267] 2.4033241 0.8832913 0.8843796 1.177372
[883, 0.5369572, 1.0093524, 4.9088626, 0.44580454] 2.6725621 0.95809406 0.9142851 1.113316
[884, 0.651865, 0.7370947, 7.3628116, 0.6949449] 2.4202783 0.9358276 0.82629716 1.063455
[885, 0.43011844, 1.0497236, 5.1655273, 0.91542554] 2.372858 0.89739054 1.0028126 1.4106795
[886, 0.5436434, 0.799255, 6.2166276, 0.4846562] 2.209631 1.0269289 0.863995 1.3190328
[887, 0.5260519, 0.9764118, 4.6174846, 0.5595808] 2.7580633 0.9966908 0.81535983 1.1849817
[888, 0.4911759, 0.70065695, 4.683451, 0.47338367] 2.2355058 1.0131248 1.0074946 0.92046314
[889, 0.4745194, 1.0172473, 4.657348, 0.6139042] 2.8166318 1.0187935 0.71894 0.95772606
[890, 0.49621195, 0.8773887, 8.1066265, 0.97936845] 2.5616846 0.86726046 0.86628395 0.9264846
[891, 0.5413267, 0.8638219, 7.583354, 0.60632] 2.5268312 0.9594388 0.9846365 0.80918634
[892, 0.48424387, 1.0218747, 5.2679777, 0.5279651] 2.658863 1.1958016 0.76699036 0.9642945
[893, 0.51132315, 0.9985897, 5.8607383, 0.70130867] 2.4635954 1.0744627 0.8383105 1.2395052
[894, 0.51505643, 0.9282007, 6.9996767, 0.6214203] 2.564266 0.99137014 0.8147657 0.9217926
[895, 0.49341124, 0.9995134, 4.883011, 0.39537048] 2.6737857 0.9703665 0.760635 1.1939616
[896, 0.49611363, 0.97846836, 5.6449695, 0.5720336] 2.38793 1.0745218 1.0369556 1.0939636
[897, 0.6151427, 0.7213875, 5.9667134, 0.5087315] 2.4568002 0.94490016 0.83906555 0.909513
[898, 0.53040135, 0.9766422, 5.174798, 0.4029365] 2.6275876 1.0231235 0.74464977 1.0745761
[899, 0.49220353, 0.9955368, 3.6363113, 0.6404884] 2.8808334 0.98447824 0.885885 1.1102555
[900, 0.47511598, 0.9858279, 6.1575985, 0.6768405] 2.450814 1.0148803 0.83663213 1.1723353
[901, 0.52380466, 1.0259835, 4.084083, 0.7498406] 2.73034 1.1526723 0.8414114 1.1239637
[902, 0.5230934, 0.8160983, 7.123049, 0.6793256] 2.4268305 0.9377054 0.91540676 1.0066189
[903, 0.5522276, 0.972517, 5.118152, 0.62755525] 2.6822217 0.9604298 0.8468539 1.0665425
[904, 0.6087927, 0.8697885, 7.8620543, 0.5987589] 2.5207489 0.98929316 0.8941049 0.9975484
[905, 0.4767993, 0.9664755, 7.4316792, 0.8983323] 2.5348053 0.8577456 0.87965757 1.0798684
[906, 0.53255934, 0.7818649, 8.182975, 0.47759724] 2.3062117 0.96936035 0.94231355 1.1406381
[907, 0.5711037, 0.9586424, 6.4057846, 0.8363651] 2.5073407 1.0599096 0.86629003 1.0754334
[908, 0.57245165, 0.95432603, 5.201823, 0.5048651] 2.7274468 0.90824926 0.90913814 1.082227
[909, 0.48874104, 1.0397333, 3.868515, 0.53565675] 2.8691242 0.94606435 0.9003265 0.9060447
[910, 0.46321985, 1.0088191, 5.6582527, 0.9136755] 2.5741453 0.9699403 0.72537404 1.1568905
[911, 0.6088454, 0.8108032, 7.4341893, 0.63283926] 2.486434 0.9717951 0.7427994 1.0995321
[912, 0.49726278, 0.8984448, 7.687532, 0.56572413] 2.4854467 0.9785775 0.9041271 0.9781481
[913, 0.51668864, 1.014002, 4.264944, 0.57500786] 2.7805698 1.0711149 0.8614206 0.8564398
[914, 0.5037264, 1.014192, 3.634739, 0.4269966] 2.982834 0.8709108 0.76086056 0.94917953
[915, 0.54031956, 0.8625396, 7.133462, 0.9160101] 2.4241295 0.9298905 0.89248157 1.0790465
[916, 0.4768961, 0.9087417, 7.247256, 0.84520406] 2.4258792 0.85977894 0.942298 1.1242821
[917, 0.4668085, 1.0422078, 5.144881, 0.56595725] 2.7519512 0.9247079 0.7085141 1.1242685
[918, 0.54620564, 0.7798309, 7.0713353, 0.52803946] 2.3456442 1.0194336 0.8674065 1.0734047
[919, 0.5091535, 1.0072541, 5.025263, 0.48675397] 2.624523 0.8949237 0.92169774 1.1372582
[920, 0.4570655, 1.048951, 4.547893, 0.46972612] 2.7352536 1.0427738 0.9217648 1.032053
[921, 0.5048627, 1.0318992, 3.7672298, 0.72012293] 2.7592034 1.0356928 0.80393696 1.1426136
[922, 0.4322605, 1.0636023, 4.60622, 0.5435012] 2.749352 0.80177385 0.9703536 1.0969471
[923, 0.60047907, 0.9325021, 4.4192314, 0.4086356] 2.8251915 0.90813744 0.6889584 1.2124676
[924, 0.48637095, 0.9819406, 8.034441, 0.8688958] 2.3945975 0.85834575 0.9585297 1.3356107
[925, 0.5106789, 0.9970689, 4.3373213, 0.39587763] 2.7097 1.0621954 0.7181477 1.0482244
[926, 0.490998, 0.9637171, 7.4863963, 0.60561395] 2.4953616 0.94686955 0.8021736 1.1069962
[927, 0.44016746, 0.82508373, 5.8136353, 0.5483507] 2.3591604 0.9024189 0.88538057 1.0768234
[928, 0.49732947, 1.0128889, 5.126057, 0.5921979] 2.673229 0.9235617 0.8473605 1.0061017
[929, 0.46720845, 1.0490128, 4.899871, 0.6365437] 2.7987857 0.9811544 0.8383043 0.9193171
[930, 0.6001828, 0.92789567, 6.1734133, 0.51509726] 2.6592941 0.9559396 0.8104025 1.0161272
[931, 0.46748152, 0.9064621, 8.348744, 0.5155489] 2.5153303 1.0142542 0.7651523 0.9636055
[932, 0.56225663, 0.8427184, 7.6536937, 0.93022335] 2.3285568 0.94243675 0.89392364 1.2670523
[933, 0.54334, 0.9863957, 5.0091987, 0.7203614] 2.708452 0.9121975 0.7903858 1.0235206
[934, 0.51281816, 0.76279324, 5.0273037, 0.65578395] 2.3618624 0.8144137 0.89998317 1.1090595
[935, 0.5775235, 0.8951176, 7.958896, 0.6409966] 2.437134 1.0356064 0.85088944 1.09707
[936, 0.6007544, 0.94598377, 4.7881436, 0.44233462] 2.7293422 0.9135418 0.6853333 1.3067375
[937, 0.505484, 0.7643598, 4.903824, 0.6748643] 2.3002074 0.9309686 0.9135727 1.0726874
[938, 0.5394733, 0.9998077, 3.9055185, 0.6323367] 2.7466023 0.99210286 0.92360294 1.1516913
[939, 0.59912235, 0.9282938, 3.912564, 0.6716566] 2.9073093 0.9505946 0.92710805 1.0914065
[940, 0.48213637, 1.0213201, 4.68998, 0.47715077] 2.5743628 0.9674924 0.8137835 1.1635287
[941, 0.48076743, 0.9700198, 7.004325, 0.8576672] 2.5988832 0.933343 0.7779749 0.9850475
[942, 0.4546654, 1.0292883, 5.863791, 0.7062495] 2.5639644 1.0483809 0.9655967 1.0020591
[943, 0.52006906, 0.8566245, 7.850642, 0.6335674] 2.3503423 1.0488788 0.83849597 1.174774
[944, 0.4783749, 1.0319691, 5.8729777, 0.87577075] 2.5334918 0.9507843 0.80138695 1.2713357
[945, 0.53323025, 0.92765015, 7.414778, 0.84928495] 2.4618104 1.0010197 0.94484854 1.0604635
[946, 0.5304803, 0.9796104, 6.3486137, 0.60250294] 2.609417 1.0309608 0.76360416 1.0170982
[947, 0.40932003, 1.0614905, 5.0631995, 0.89754474] 2.5742924 1.0063773 0.8755509 1.1308781
[948, 0.52897, 0.95765406, 6.2230806, 0.9248355] 2.425547 1.0896391 0.8433504 1.16942
[949, 0.5868102, 0.92264646, 5.7926536, 0.9445864] 2.5737596 1.0543346 0.7637296 1.090203
[950, 0.60997576, 0.8620896, 7.642191, 0.59820455] 2.4677398 1.0041453 0.7867507 1.1645389
[951, 0.53626233, 0.9703335, 4.4927874, 0.46949545] 2.741552 0.998421 0.78679025 1.1252342
[952, 0.5027486, 1.0134798, 5.2019396, 0.8052275] 2.4997919 0.90899825 0.9400339 1.2171916
[953, 0.5653624, 0.98136413, 4.228351, 0.6967588] 2.798037 1.015518 0.9245691 1.1248633
[954, 0.52579945, 0.82677335, 7.644367, 0.695746] 2.411247 0.9841276 0.89278483 0.9808212
[955, 0.39623085, 1.0886071, 5.54827, 0.8171807] 2.6450732 0.9560228 0.8311186 1.0241265
[956, 0.59297454, 0.76411307, 7.147325, 0.68408006] 2.361282 0.92364657 0.84138364 1.1758126
[957, 0.5234037, 0.7683933, 6.0473833, 0.80024195] 2.449652 0.910073 0.8368191 0.93492275
[958, 0.51154834, 0.9562568, 6.6400404, 0.6750151] 2.5506232 0.93118024 0.94387525 1.0066762
[959, 0.5898041, 0.93412477, 3.2207549, 0.76084214] 2.9300766 0.93531656 0.8624394 1.1581432
[960, 0.46491295, 0.95076483, 7.507282, 0.8067705] 2.4744415 0.8172865 0.9156538 1.1708593
[961, 0.5876494, 0.8362842, 7.759344, 0.47251996] 2.4303453 1.0350631 0.90559155 1.0040194
[962, 0.5941977, 0.6894942, 4.922463, 0.4066748] 2.2531471 0.8768166 0.9864908 1.1288806
[963, 0.59010607, 0.7098132, 6.351725, 0.6654215] 2.3721898 1.105469 0.81131124 0.85701716
[964, 0.44092947, 1.0615854, 5.188866, 0.46841475] 2.638493 1.0063968 0.9863427 1.1298412
[965, 0.6585594, 0.69737387, 7.317658, 0.6607735] 2.2664495 1.1105683 0.8784156 1.0945057
[966, 0.58099484, 0.97035754, 2.7580884, 0.6065672] 3.0994792 1.0293652 0.8235145 1.01588
[967, 0.47669545, 1.0402504, 6.1390543, 0.96227264] 2.5639238 0.87486714 0.9731971 1.1574148
[968, 0.5353073, 0.7245987, 5.427565, 0.58563656] 2.3176253 0.9274013 0.92268217 1.0647973
[969, 0.5468862, 0.96147203, 6.49778, 0.7736896] 2.443236 0.94780064 0.93900985 1.1546609
[970, 0.5744639, 0.8368211, 7.544596, 0.5272666] 2.4197476 1.1840596 0.8490018 0.881914
[971, 0.53195214, 0.8750885, 6.636348, 0.74038315] 2.4055736 1.0250198 0.914682 1.0405697
[972, 0.56064725, 0.8985789, 8.040331, 0.75402635] 2.5457776 0.95391905 0.88981265 0.894675
[973, 0.4816872, 1.0012883, 5.4431567, 0.76740617] 2.486387 0.98750705 0.902527 1.2165188
[974, 0.5132528, 1.008575, 4.218878, 0.3906756] 2.5827658 1.0672798 0.91337883 1.1916463
[975, 0.5515452, 0.87699926, 8.549593, 0.43197495] 2.380266 1.0430173 0.8593638 1.1676663
[976, 0.5957343, 0.93903726, 4.9051065, 0.54174095] 2.8529856 1.0678428 0.7977403 0.64082754
[977, 0.5835304, 0.9816884, 3.3231535, 0.5590398] 2.980172 1.0792228 0.7915123 1.1488932
[978, 0.46164086, 1.0393391, 5.5862856, 0.7367778] 2.7409058 0.9252015 0.8484747 0.9896964
[979, 0.46035862, 1.0302634, 4.6393185, 0.49253547] 2.7181878 1.0938636 0.80780953 1.1027057
[980, 0.5460198, 0.98332894, 5.9184017, 0.65805376] 2.700115 0.98443633 0.6878194 1.0005251
[981, 0.58428276, 0.9518196, 3.380408, 0.6339711] 3.0265749 0.90387195 0.76139313 0.91874456
[982, 0.4959342, 1.0066904, 5.0648255, 0.7968493] 2.7405963 0.9715792 0.8094631 0.93864906
[983, 0.5706412, 0.81873196, 7.8798456, 0.84748095] 2.4243073 0.89934355 0.8939735 1.0951877
[984, 0.45983297, 0.69540226, 4.6683536, 0.6190071] 2.2909043 0.9825162 0.78573644 1.062394
[985, 0.41912866, 1.0681137, 4.7880416, 0.4225891] 2.6994476 1.029135 0.85592175 1.0670311
[986, 0.45881742, 1.0209584, 5.7067575, 0.76653266] 2.5906882 1.0460794 0.83320326 1.0661192
[987, 0.45659176, 0.95798904, 8.794381, 0.98599654] 2.4605098 0.89294887 0.8746087 1.1016525
[988, 0.46870103, 0.9420702, 7.283292, 0.6832797] 2.5920634 0.85752475 0.8773795 0.9501427
[989, 0.41670206, 1.0381843, 7.07951, 0.6533164] 2.4505224 1.1256678 0.877204 1.0607034
[990, 0.58930004, 0.6218463, 4.0825157, 0.41331458] 2.055479 1.0099157 1.0920659 1.12515
[991, 0.5236859, 0.9983802, 4.453321, 0.38834387] 2.7659142 1.0761518 0.740942 1.1151412
[992, 0.57734966, 0.7658839, 7.115331, 0.6370717] 2.2692614 1.1435863 0.93771243 1.0132005
[993, 0.44929385, 1.046806, 6.8405247, 0.46480802] 2.5293615 0.9299164 0.951782 1.0577358
[994, 0.4946896, 1.0096947, 3.4813375, 0.5357112] 2.8566844 0.91478413 0.9675095 0.96727276
[995, 0.4870761, 1.0241132, 4.936234, 0.5986197] 2.7081013 1.0348358 0.85999733 1.0520735
[996, 0.5116289, 0.99949175, 5.1660566, 0.42823246] 2.6267831 0.8943118 0.78062356 1.1805366
[997, 0.58117867, 0.70700943, 5.3434215, 0.6891777] 2.2269375 0.92114353 0.95480645 1.1937337
[998, 0.6108487, 0.8033868, 8.919174, 0.7504083] 2.362538 0.8996575 0.9319335 1.2141211
[999, 0.6141928, 0.8994113, 4.379347, 0.33959612] 2.68886 1.0391086 0.84351677 1.1665709
[1000, 0.5647247, 0.9729475, 5.1548095, 0.61101604] 2.5833755 0.9274574 0.89778197 1.3118507
[1001, 0.57337636, 0.8053148, 8.227675, 0.37432525] 2.335902 0.97585535 0.8488418 1.1993548
[1002, 0.5083337, 1.0065243, 4.976654, 0.39530027] 2.5225391 1.0627725 0.8923438 1.2721345
[1003, 0.5710158, 0.9530193, 4.5234656, 0.5506111] 2.69175 0.9244703 0.87919456 1.3275318
[1004, 0.63479173, 0.6563364, 5.070101, 0.4833664] 2.2695725 0.9100847 0.90484875 1.1589853
[1005, 0.4285471, 0.6751861, 4.4617734, 0.5392669] 2.3198745 0.811888 0.8667776 0.9905667
[1006, 0.51129514, 0.74043, 4.9615617, 0.71414447] 2.2113934 0.9497411 1.0835333 1.0746015
[1007, 0.51912487, 0.77056396, 5.225337, 0.6541121] 2.275313 0.88067645 0.78135633 1.271644
[1008, 0.69230765, 0.76705384, 7.472273, 0.5422391] 2.5198767 1.0842227 0.7536863 0.98214346
[1009, 0.5360176, 0.8328101, 7.9129987, 0.47298616] 2.4376037 1.0709724 0.7700349 0.9516451
[1010, 0.5869734, 0.71725863, 6.604873, 0.6401217] 2.289281 0.912483 0.8640299 1.2207532
[1011, 0.53786373, 0.8905372, 7.197282, 0.51472634] 2.3925724 0.9144567 0.94020516 1.1636945
[1012, 0.46877116, 1.0300982, 3.1663759, 0.45778793] 3.0316968 0.89078665 0.75548583 0.97323704
[1013, 0.4386003, 0.99535894, 5.925489, 0.9197594] 2.4328551 0.9381744 0.9860902 1.1514732
[1014, 0.549403, 0.9499039, 6.463452, 0.6536374] 2.507804 1.0292883 0.8361121 1.1380745
[1015, 0.5690007, 0.84089005, 7.301252, 0.4937645] 2.3060734 0.9144539 1.0567443 1.2114046
[1016, 0.501916, 0.95592576, 5.6890945, 0.69924146] 2.4551175 0.99729985 0.84341073 1.1693754
[1017, 0.50965184, 0.99281186, 4.758964, 0.45180747] 2.7744317 0.9553797 0.70079124 1.0459336
[1018, 0.49657714, 1.044213, 5.4832864, 0.51828676] 2.7163167 0.9383237 0.9262595 0.99501383
[1019, 0.513134, 1.0129259, 5.4796567, 0.82798856] 2.6707788 0.9311362 0.8168077 1.078793
[1020, 0.5438835, 0.8480407, 7.5874133, 0.49003628] 2.3832982 1.0069629 0.99336916 0.9986589
[1021, 0.5560639, 0.96636754, 5.0709558, 0.9449497] 2.6138613 1.0469168 0.80776167 0.96435785
[1022, 0.47639766, 1.0223593, 5.702721, 0.9045433] 2.6439784 0.9531686 0.942444 0.9754507
[1023, 0.44666827, 1.031668, 4.368557, 0.5772964] 2.685285 1.0279163 0.9159494 1.0795413
[1024, 0.39049146, 0.671978, 4.741933, 0.69113547] 2.233258 0.96196127 0.87782663 1.0365306
[1025, 0.5412912, 0.97525376, 5.5264297, 0.6672687] 2.5314295 1.004072 0.8832916 1.1112692
[1026, 0.43474248, 1.0420033, 4.4750967, 0.8808669] 2.6381671 1.0458041 0.94270027 1.2134792
[1027, 0.55907154, 0.9617183, 5.544236, 0.49709037] 2.3957899 0.98538303 0.921056 1.3473558
[1028, 0.45866886, 1.0185982, 6.282434, 0.71896154] 2.4923975 0.93363404 0.91599286 1.2212589
[1029, 0.53802437, 0.9266274, 6.4130163, 0.8815255] 2.3670347 1.0100478 1.0646381 1.1273538
[1030, 0.60018593, 0.7771256, 8.111599, 0.53881353] 2.387647 0.92165 0.90082914 1.0647442
[1031, 0.55527765, 0.99038, 2.9226422, 0.6064555] 3.1453283 0.8666255 0.83553046 1.0830915
[1032, 0.46534136, 1.0423675, 4.842493, 0.60470605] 2.7276895 0.96931314 0.8557878 0.9877058
[1033, 0.48548523, 1.0110801, 5.6076193, 0.5049475] 2.5218232 1.0526673 0.89479834 1.1226374
[1034, 0.3748095, 1.0514555, 7.005737, 0.79744023] 2.4937727 0.95332 0.89175975 1.0979995
[1035, 0.58306706, 0.7090844, 6.1847095, 0.519776] 2.3803825 0.9983865 0.82601017 0.97976446
[1036, 0.4807249, 1.0389773, 4.294473, 0.7515114] 2.772254 0.93593293 0.8794523 1.1898196
[1037, 0.48111123, 1.036318, 4.151805, 0.4679735] 2.7710557 1.0122308 0.8340829 1.0871843
[1038, 0.6158603, 0.9366978, 5.278089, 0.46378553] 2.7846918 0.7982184 0.76820564 1.0935885
[1039, 0.4576455, 1.0524138, 4.1054535, 0.8673311] 2.8720574 1.0187885 0.9297158 0.90652955
[1040, 0.533688, 1.0002494, 4.4674044, 0.62108636] 2.7669642 0.9960418 0.8852444 1.1072946
[1041, 0.43678916, 1.0439905, 6.8809257, 0.88724375] 2.439971 0.8109281 0.98018175 1.3265712
[1042, 0.59350264, 0.69073313, 6.5706844, 0.51960677] 2.30901 0.86833984 0.8968166 1.163684
[1043, 0.56898415, 0.9004582, 6.851425, 0.58014834] 2.500376 1.0836232 0.9053336 0.935125
[1044, 0.5098775, 0.9867466, 6.6334133, 0.7315077] 2.5713632 0.86054665 0.80557984 1.1605396
[1045, 0.6393395, 0.7731126, 9.783512, 0.54898244] 2.3665526 1.0295526 0.9344926 1.038404
[1046, 0.43213806, 0.9408772, 7.7610435, 0.63113946] 2.3639429 0.9453568 0.94680333 1.1825024
[1047, 0.49861345, 1.0201681, 4.7028937, 0.38231277] 2.8105035 0.78682667 0.84707826 1.0468512
[1048, 0.59509194, 0.92766464, 4.689681, 0.42947185] 2.7192988 1.0499351 0.8167305 1.0802603
[1049, 0.49239343, 0.9241759, 7.98678, 0.6073512] 2.3630626 0.9169137 0.9752348 1.2363654
[1050, 0.55764145, 0.89756733, 6.8576593, 0.6439096] 2.6558404 0.8142096 0.675564 1.0712991
[1051, 0.6151459, 0.86913127, 5.7554846, 0.5061137] 2.3540492 1.0966678 0.86902905 1.2414037
[1052, 0.5954096, 0.81198496, 6.318584, 0.61223745] 2.4237764 1.03329 0.8109671 1.0496411
[1053, 0.48356643, 1.0287877, 4.7838635, 0.48701796] 2.6073585 1.0201795 0.8940926 1.2266715
[1054, 0.5609537, 0.9551433, 4.3502135, 0.456532] 2.7601967 1.0380303 0.8538637 1.0234245
[1055, 0.5159007, 0.99703604, 4.008466, 0.47774142] 2.9140265 1.0297123 0.6404562 0.9843567
[1056, 0.45376724, 1.0185996, 5.738651, 0.5939959] 2.4995143 0.977324 0.8895727 1.111118
[1057, 0.49337038, 1.0149873, 4.6361384, 0.52483827] 2.6511514 1.073302 0.86096513 1.2253828
[1058, 0.57650787, 0.7781741, 7.876791, 0.7477846] 2.3168046 0.9591738 0.928071 1.1381497
[1059, 0.46082717, 0.78679216, 6.1446652, 0.35096765] 2.1739469 1.044255 1.082973 1.0752983
[1060, 0.49918884, 0.92721665, 7.274223, 0.9787898] 2.4311273 0.892576 0.9064388 1.1844108
[1061, 0.38570756, 1.0916128, 4.857786, 0.4961158] 2.5381231 1.1714644 0.8879679 1.1769401
[1062, 0.5395791, 0.7218853, 4.8214307, 0.5549212] 2.196262 0.9934398 0.87621915 1.1883062
[1063, 0.55236447, 0.9970783, 4.9738703, 0.52428716] 2.7468488 0.9382612 0.8904824 0.95332664
[1064, 0.6164171, 0.7354842, 6.266793, 0.43442598] 2.161298 0.94873023 1.0231892 1.3480518
[1065, 0.52521, 0.99773145, 3.693477, 0.71441233] 2.905965 0.94586545 0.84109795 1.0340483
[1066, 0.54444945, 0.90575117, 6.781437, 0.97879475] 2.555034 0.95742786 0.83424956 0.9736103
[1067, 0.5586321, 0.9735356, 5.6420493, 0.81130254] 2.547055 0.92235893 1.0013257 1.129777
[1068, 0.5161337, 0.8890628, 7.705955, 0.51404417] 2.409507 1.0655096 0.87770975 1.0321152
[1069, 0.7072708, 0.61437, 5.578669, 0.5382111] 2.1306472 0.9218788 1.0221046 1.3633239
[1070, 0.5848762, 0.9237619, 7.533402, 0.61081123] 2.5007417 1.0057616 0.70551664 1.2178754
[1071, 0.5190955, 1.0077131, 3.5153875, 0.6220368] 2.9376795 0.9713174 0.8126072 1.1014891
[1072, 0.50021285, 1.0250114, 4.2027164, 0.63931465] 2.6359677 0.97485286 0.9033825 1.3152391
[1073, 0.46792102, 1.0349551, 5.055307, 0.6663106] 2.4843464 1.0857453 0.8634611 1.1862948
[1074, 0.5341316, 0.99024373, 3.3190336, 0.60907656] 3.0538535 0.83971965 0.9422831 0.9448042
[1075, 0.45566958, 1.0409174, 4.4190025, 0.5214779] 2.4714792 1.1038934 0.9936587 1.1607562
[1076, 0.36261335, 1.0949336, 5.779198, 0.8614593] 2.673724 0.84150887 0.8768407 1.0833955
[1077, 0.52309734, 0.97199684, 5.022425, 0.75635964] 2.6237667 1.0127863 0.7808942 1.0069005
[1078, 0.54398376, 0.87099385, 7.1850786, 0.65848136] 2.5062046 0.93140656 0.82187057 1.0213265
[1079, 0.49177343, 1.0095016, 5.046136, 0.4608655] 2.6966925 0.8657002 0.79167527 1.1460962
[1080, 0.49160475, 0.94340533, 8.129662, 0.8119137] 2.3994348 1.0745645 0.9901166 1.0361618
[1081, 0.5755691, 0.84346855, 7.4550986, 0.82936573] 2.537643 0.8239696 0.8426721 1.0058478
[1082, 0.49215114, 1.0105809, 4.871171, 0.37119937] 2.7735548 0.93858325 0.85246736 1.0018582
[1083, 0.47565177, 0.92126113, 7.189322, 0.78283244] 2.4701731 1.0877792 0.8185964 0.9828366
[1084, 0.44602847, 0.9959827, 5.888073, 0.96941483] 2.4440594 0.9574529 0.9957272 1.1438892
[1085, 0.6276837, 0.82611114, 6.268557, 0.5449996] 2.3423464 1.0341766 0.77780044 1.3283621
[1086, 0.49719945, 0.8855501, 7.30981, 0.62020254] 2.363544 0.93896663 0.87973243 1.2214099
[1087, 0.46577737, 1.0461973, 4.128198, 0.72015285] 2.773132 0.8979828 0.9473994 1.1662725
[1088, 0.52735275, 0.82737875, 5.7315702, 0.97167385] 2.299533 0.92977774 0.89214295 1.1859658
[1089, 0.51351833, 1.0208321, 5.4735923, 0.6386662] 2.6804545 0.9037549 0.93304074 0.9719221
[1090, 0.43049243, 1.0499082, 4.940565, 0.6144885] 2.6525557 0.95635915 0.8185522 1.1429365
[1091, 0.49214283, 1.0058483, 5.1854277, 0.6215083] 2.596209 0.9610364 0.8557208 1.1972967
[1092, 0.5452403, 0.83911085, 7.5987225, 0.5326462] 2.375797 0.97093093 0.8479446 1.1393288
[1093, 0.5522027, 0.9556937, 5.4521585, 0.598046] 2.6107137 0.9018169 0.95829237 1.156998
[1094, 0.5120535, 0.821515, 5.9110055, 0.6424051] 2.4326487 0.84806055 0.8586297 1.1269147
[1095, 0.3913081, 1.0855442, 5.214645, 0.6380773] 2.5956116 1.1694978 0.8948238 0.95825005
[1096, 0.6008662, 0.7801435, 7.7297387, 0.7670576] 2.4378011 1.0686064 0.8401393 0.9086503
[1097, 0.43185085, 0.9962249, 6.8356686, 0.6103733] 2.4303517 1.000991 1.0344481 1.0328702
[1098, 0.45515215, 1.0062034, 6.5023036, 0.8161731] 2.497019 1.0202172 0.8439901 1.0706841
[1099, 0.64433694, 0.8046623, 6.4476137, 0.8088351] 2.458454 0.9904567 0.82666874 1.098352
[1100, 0.4660263, 1.0458074, 5.1852937, 0.5415078] 2.560195 1.0728232 0.8287319 1.1401597
[1101, 0.57813865, 0.9559804, 2.6275234, 0.6733605] 3.029178 0.891033 0.8580095 1.282702
[1102, 0.570718, 0.9679014, 6.217494, 0.8113073] 2.660192 1.0347586 0.81398356 0.904008
[1103, 0.53263164, 0.97404814, 5.2934127, 0.6594837] 2.7868855 0.88166326 0.757736 0.8799017
[1104, 0.39367935, 1.0837697, 6.0656414, 0.81453645] 2.5346398 0.9355008 0.8306478 1.2287571
[1105, 0.35802364, 1.1061716, 6.003361, 0.86321807] 2.5750315 0.73296404 0.9855074 1.1612896
[1106, 0.596998, 0.7269956, 5.974514, 0.73865515] 2.307054 0.99690455 0.73610026 1.2224185
[1107, 0.42246908, 1.0768994, 6.5225067, 0.9075643] 2.5964162 0.9642893 0.8389577 1.0931371
[1108, 0.5536532, 0.94434744, 6.8214827, 0.73333365] 2.5726483 0.8908104 0.8308343 1.0986152
[1109, 0.40399924, 1.0791714, 5.3595524, 0.6434907] 2.5008059 0.94020617 0.95694405 1.2202137
[1110, 0.47810882, 0.9814785, 6.917677, 0.68710893] 2.565054 0.8594591 0.95606935 1.0047847
[1111, 0.54912233, 0.89005184, 8.222196, 0.8223634] 2.3403115 0.98091173 0.8364551 1.2768005
[1112, 0.5216453, 0.9295628, 6.928508, 0.74133253] 2.4741662 0.9427112 0.81669414 1.2039281
[1113, 0.5669233, 0.8225081, 7.418192, 0.53021234] 2.346601 0.99056196 0.91193616 1.1130853
[1114, 0.50017744, 1.0151174, 3.9646125, 0.53413814] 2.6996784 1.0402629 0.84273946 1.1373031
[1115, 0.6093102, 0.93712556, 4.624969, 0.6397132] 2.5586438 0.87185425 0.7689271 1.3667663
[1116, 0.43590584, 1.0609473, 6.4568872, 0.625323] 2.4618816 0.950492 1.0429851 1.1572816
[1117, 0.52828735, 0.9562301, 5.829031, 0.84930617] 2.519996 1.0065631 0.8487198 1.1000178
[1118, 0.5484605, 0.9500367, 4.8660226, 0.76812714] 2.756829 0.8476193 0.81010556 0.9521448
[1119, 0.45001248, 0.6700002, 4.5090733, 0.7442726] 2.085705 0.922875 0.9828591 1.1876459
[1120, 0.44652298, 1.0007895, 6.111598, 0.76387656] 2.4905605 0.97574455 0.85677725 1.1681535
[1121, 0.53323656, 0.75632244, 5.8443203, 0.675124] 2.300529 1.015762 0.8522833 1.1066852
[1122, 0.50848514, 0.969428, 6.761486, 0.7989462] 2.5141034 0.8732532 0.98888355 1.0647308
[1123, 0.57680875, 0.7963814, 6.2911015, 0.6603479] 2.368465 1.0331082 0.79848766 1.094872
[1124, 0.4584765, 0.9797525, 7.09644, 0.67345244] 2.7501388 0.89105767 0.68470514 0.8232425
[1125, 0.6209747, 0.8588755, 7.5824494, 0.860582] 2.3991263 0.8957626 0.9276041 1.2837886
[1126, 0.4037859, 1.0766938, 4.6336446, 0.5292881] 2.7889757 0.99829626 0.8367908 1.0018593
[1127, 0.38934147, 0.9873823, 7.416462, 0.9531005] 2.4738476 1.0380379 0.93819964 0.948459
[1128, 0.49227107, 1.0207939, 5.448283, 0.4897141] 2.6625133 0.91323584 0.8373406 1.1891254
[1129, 0.45409992, 0.99077547, 6.8226585, 0.6929856] 2.4932332 1.1069225 0.8061809 1.0240701
[1130, 0.39168176, 1.0436448, 5.6145544, 0.8452395] 2.490734 0.9792656 0.8641011 1.1720392
[1131, 0.5966102, 0.8142209, 7.955097, 0.78506887] 2.4993162 0.9056091 0.8239309 1.0072589
[1132, 0.52615273, 1.0121248, 4.207299, 0.4690033] 2.6911485 1.0192899 0.7630891 1.1658994
[1133, 0.48453993, 0.9869045, 6.4093866, 0.79497755] 2.6913056 0.9172715 0.85615486 0.84567064
[1134, 0.4974067, 0.95431614, 6.8071303, 0.6140897] 2.563282 0.98841 0.8325664 0.97085583
[1135, 0.47305357, 1.0011375, 7.127289, 0.88875526] 2.690408 0.728559 0.8413513 1.013818
[1136, 0.5387384, 0.9583356, 4.9668536, 0.48043963] 2.480572 1.1202018 0.8539866 1.1251019
[1137, 0.48829383, 1.033673, 5.7457542, 0.607851] 2.5443707 1.0125914 0.92246443 1.101082
[1138, 0.43400016, 0.7816709, 5.55103, 0.46944726] 2.3632522 1.0410755 0.89783496 0.8926231
[1139, 0.5281696, 0.98480064, 4.907438, 0.48165268] 2.7066956 0.9346115 0.6547979 1.1556262
[1140, 0.512527, 0.9412594, 8.318158, 0.77671754] 2.5320299 0.9524318 0.79951245 1.0858288
[1141, 0.61078006, 0.74838877, 6.16352, 0.67178583] 2.4088488 0.87855846 0.85837114 1.0962367
[1142, 0.44231203, 1.0456471, 6.1619606, 0.74336165] 2.5414038 1.008389 0.887284 1.059178
[1143, 0.4426002, 1.0053942, 6.8439655, 0.8493877] 2.4763978 1.0098351 0.93766296 1.0592288
[1144, 0.4700884, 1.0420243, 5.338426, 0.53352106] 2.6510623 0.9437872 0.8605539 1.1634938
[1145, 0.5551002, 0.8823075, 8.313446, 0.75851274] 2.4922066 0.8127156 0.91748357 1.106134
[1146, 0.48256528, 1.0292099, 5.1719046, 0.7194136] 2.6695604 0.93630415 0.9018966 1.0406183
[1147, 0.5712166, 0.7638561, 6.7958274, 0.58601546] 2.300682 0.94808495 0.8993373 1.196184
[1148, 0.52263665, 0.8130922, 6.4067388, 0.39728644] 2.3129327 0.93388325 0.98956823 1.0985836
[1149, 0.37433317, 1.0758771, 4.4822993, 0.499582] 2.689761 0.993849 0.89066714 1.1491694
[1150, 0.48847154, 1.0519273, 3.7221143, 0.70227075] 2.872977 0.987275 0.92653 1.1484121
[1151, 0.5654373, 0.9570704, 4.82809, 0.4797564] 2.6074245 1.0561558 0.90460396 1.0859991
[1152, 0.43444142, 1.0193207, 5.9548464, 0.6810665] 2.5321395 0.8570075 0.8703711 1.2100939
[1153, 0.40235308, 1.093573, 4.9858165, 0.560137] 2.6831827 0.9939986 0.89886475 1.0854815
[1154, 0.4333426, 1.0533456, 5.0292625, 0.4285534] 2.6588328 1.0916847 0.8724909 0.9763147
[1155, 0.51486945, 1.0157418, 4.483884, 0.60817564] 2.7978458 1.1146857 0.90130883 0.88120353
[1156, 0.50233316, 0.9753208, 7.4070477, 0.91972154] 2.4854894 0.9135908 0.852142 1.1555004
[1157, 0.4695179, 0.803661, 5.7956247, 0.6154827] 2.5063956 0.9635155 0.7411172 0.9091453
[1158, 0.5174277, 0.9897236, 3.9330528, 0.45212644] 2.9453254 1.0760888 0.6980732 0.87721705
[1159, 0.5149404, 0.9976103, 4.985817, 0.77267796] 2.6366973 1.0101165 0.9435169 1.2431843
[1160, 0.5629914, 0.7395936, 5.851986, 0.6442789] 2.3838034 0.8619482 0.9104441 1.0279592
[1161, 0.56846267, 0.9326051, 6.249274, 0.7579804] 2.4806643 1.0435263 0.84780157 1.1627871
[1162, 0.355249, 0.7045526, 4.2502637, 0.45321754] 2.1551993 0.97876364 0.9380242 1.0524663
[1163, 0.47249386, 1.0596201, 3.9655876, 0.6322201] 2.7621732 1.0687473 0.83678466 1.1426436
[1164, 0.5491197, 0.8990888, 8.004688, 0.56316835] 2.5652218 0.9967513 0.91277385 0.8315999
[1165, 0.59629804, 0.9134224, 2.300471, 0.55488944] 3.0560968 0.93039364 0.8557149 1.1719316
[1166, 0.5470086, 1.0056897, 5.6162314, 0.6676226] 2.6007266 0.9226593 0.8029827 1.2384048
[1167, 0.4602765, 1.0612454, 5.336677, 0.612716] 2.6594844 1.0112321 0.8296986 1.0175385
[1168, 0.44076803, 1.052956, 4.616248, 0.5839352] 2.632069 1.0584327 0.9553055 1.320213
[1169, 0.62111187, 0.90979934, 5.438152, 0.8759637] 2.5387144 1.0654885 0.9936322 0.966992
[1170, 0.502016, 0.9371198, 7.053865, 0.6205867] 2.479225 1.0806687 0.83248925 1.062151
[1171, 0.49292147, 0.989835, 6.6135945, 0.82026654] 2.4861307 1.0410682 0.8107374 1.1568122
[1172, 0.5402044, 0.991631, 4.509164, 0.40289953] 2.644325 1.0999578 0.86004883 1.0013596
[1173, 0.5041334, 0.8956809, 6.905434, 0.89944977] 2.3633158 0.9636036 0.99786454 1.1056129
[1174, 0.65224713, 0.5927435, 4.70641, 0.5108501] 2.2576005 0.99632496 0.7599538 1.0518674
[1175, 0.52112967, 0.8223199, 6.704246, 0.5437256] 2.2596245 0.9802535 1.0489976 1.1489719
[1176, 0.41259673, 1.028513, 5.038725, 0.48641115] 2.5691772 1.0666738 0.84614784 1.0583677
[1177, 0.54008955, 0.9824602, 5.639884, 0.5824022] 2.611589 0.897405 0.9640117 1.1093842
[1178, 0.5136671, 0.9950575, 4.3742867, 0.6420272] 2.6515992 0.918726 1.0230108 1.2844976
[1179, 0.48403364, 1.0065005, 4.9754753, 0.47210625] 2.664327 1.0280806 0.9073682 1.0119458
[1180, 0.5924614, 0.9371991, 3.7283964, 0.3937411] 2.8806267 0.8510691 0.8965355 1.0519166
[1181, 0.51806617, 1.0132402, 4.7953143, 0.42852864] 2.7009473 0.87500376 0.85487413 1.2018752
[1182, 0.48169938, 0.90881616, 9.3087635, 0.66471016] 2.4376795 1.0252634 0.9390209 0.9698586
[1183, 0.6191287, 0.79708016, 6.926098, 0.6634135] 2.4360096 0.89868885 0.9341383 1.0956312
[1184, 0.40425545, 1.070283, 5.3286166, 0.5709149] 2.6421957 0.99559176 0.84518933 0.99625653
[1185, 0.4735496, 1.0508112, 5.98098, 0.51064074] 2.7045581 0.9759929 0.7637093 1.0300597
[1186, 0.64837486, 0.64913476, 5.848861, 0.4615397] 2.154162 1.0954471 0.86381215 1.1574696
[1187, 0.5887312, 0.9614773, 4.8561463, 0.5946363] 2.5272746 0.89218885 0.9614032 1.2596573
[1188, 0.5614956, 0.9463897, 3.949298, 0.42041814] 2.808029 0.99177456 0.7317965 1.1554923
[1189, 0.52189744, 1.0133913, 5.189648, 0.5125101] 2.7448726 0.9605925 0.85047245 0.92628014
[1190, 0.5420992, 0.862964, 7.1484885, 0.86155033] 2.40948 0.9059396 0.9899869 1.0313274
[1191, 0.55094486, 0.98341805, 6.251483, 0.6771616] 2.5883267 1.0016291 0.92576146 0.97055554
[1192, 0.44622865, 1.0245714, 6.8258758, 0.7472301] 2.5277536 0.88847893 0.8118812 1.2228364
[1193, 0.4270379, 1.0194625, 4.571469, 0.4338027] 2.567481 1.1072656 0.87997425 1.0344747
[1194, 0.53309685, 0.9654143, 6.3398557, 0.72809404] 2.4125173 0.9112866 0.9712919 1.3085233
[1195, 0.4214705, 1.0492864, 4.542628, 0.56139225] 2.6871963 0.8903032 0.876736 1.1740476
[1196, 0.4899332, 0.85864526, 6.303121, 0.56158525] 2.3452935 0.79217833 0.83271337 1.3291514
[1197, 0.5458941, 0.98000497, 4.3595567, 0.68660665] 2.7802024 0.8692782 0.9749668 1.1216683
[1198, 0.46141365, 1.0188628, 4.808484, 0.3932207] 2.686302 0.9311956 0.7734446 1.2931952
[1199, 0.45875117, 1.0575005, 4.7965145, 0.42751318] 2.7349 0.883288 0.8398604 1.0744587
[1200, 0.5803179, 0.9584801, 4.107926, 0.5757562] 2.84538 1.0372751 0.8747527 0.98771715
[1201, 0.4282435, 0.81688786, 7.1308765, 0.4687418] 2.414831 1.0209267 0.77599424 0.95417994
[1202, 0.41523707, 0.83149236, 5.5054183, 0.6008576] 2.4217534 0.8669526 0.89033055 0.99147797
[1203, 0.62307847, 0.6671988, 4.9739027, 0.47072408] 2.2350771 0.9193118 0.98902255 1.0885946
[1204, 0.48355085, 0.8539745, 7.2229958, 0.5701751] 2.35867 1.0592616 0.90478456 1.0078655
[1205, 0.39669088, 1.0586073, 5.409304, 0.5896649] 2.6644998 0.9740691 0.9134702 0.92176044
[1206, 0.4507996, 0.9767611, 7.1396637, 0.8445982] 2.413943 1.0677603 0.898395 1.077194
[1207, 0.48488063, 1.040844, 6.081113, 0.6616135] 2.4789212 1.0182703 0.91447794 1.2284286
[1208, 0.5302706, 0.93467945, 7.812954, 0.7936422] 2.4570904 0.8517337 0.90668505 1.1688676
[1209, 0.57848924, 0.6255549, 4.5711875, 0.52857566] 2.2334714 0.83265275 0.8918207 1.125781
[1210, 0.59093213, 0.93436563, 4.5305643, 0.62840855] 2.680953 0.96856105 0.81031704 1.1258373
[1211, 0.5386433, 0.9545266, 6.899078, 0.67071617] 2.580085 0.9690994 0.8557589 0.9583923
[1212, 0.36933786, 1.059897, 7.279795, 0.9323353] 2.5945547 0.93938184 0.8773744 0.9464113
[1213, 0.5180125, 1.0118674, 4.3335204, 0.6696052] 2.746743 0.9979091 0.9565488 1.1108423
[1214, 0.40083283, 1.0512962, 5.8568654, 0.64755076] 2.5649521 0.9395651 1.0075027 1.0034376
[1215, 0.578982, 0.66070926, 4.962541, 0.38879478] 2.1067638 0.9980806 1.0006993 1.2157989
[1216, 0.5126696, 0.94817877, 8.764895, 0.6728074] 2.2789502 0.90584147 0.97254694 1.4408749
[1217, 0.48957458, 0.9006384, 8.830825, 0.68934995] 2.3434122 0.98168564 0.9170412 1.1968378
[1218, 0.50678235, 0.7334638, 4.6402254, 0.48219132] 2.2316759 0.99197876 0.9111907 1.0735971
[1219, 0.48620054, 0.85493994, 7.786771, 0.4891802] 2.3702571 1.0176355 0.9352098 1.0479578
[1220, 0.54403234, 0.95613545, 5.8422174, 0.73224026] 2.4923027 1.1014572 0.8076985 1.1608224
[1221, 0.48762813, 0.90448475, 6.5490823, 0.8617694] 2.4548423 0.87204206 0.8330969 1.2179483
[1222, 0.48677707, 0.87734187, 4.9972596, 0.8254513] 2.5218177 0.8761629 0.8618578 0.95147824
[1223, 0.5791346, 0.94791484, 4.809985, 0.41691047] 2.6436718 1.1208051 0.80513865 1.0550817
[1224, 0.5492826, 0.992445, 5.5736647, 0.66043085] 2.702182 0.90428555 0.8304939 1.1319214
[1225, 0.4617035, 1.0005966, 5.6612754, 0.9906639] 2.5636728 0.86859053 0.9203276 1.1449928
[1226, 0.41307664, 1.0514815, 5.0724654, 0.6635876] 2.7172093 0.9376812 0.96996975 1.080452
[1227, 0.43188897, 1.049153, 4.6716623, 0.6778929] 2.6618488 1.0144944 0.8263398 1.0025893
[1228, 0.40602386, 0.9732954, 7.26839, 0.5715856] 2.4585981 0.83606184 0.9571843 1.15175
[1229, 0.5033656, 0.86784536, 7.685414, 0.9232884] 2.4336872 0.88203293 0.891472 1.1636022
[1230, 0.5421228, 0.9608276, 3.7474868, 0.40156767] 2.8732672 0.9660676 0.78887844 0.985279
[1231, 0.57071173, 0.9227585, 6.226885, 0.79454815] 2.4931166 1.0605755 0.8420038 1.0745003
[1232, 0.54420334, 0.92781854, 8.910422, 0.91222006] 2.4231908 1.0805779 0.8589055 1.0797178
[1233, 0.5228699, 1.009344, 4.887998, 0.47047305] 2.8546438 0.90918475 0.8514405 0.95417136
[1234, 0.37838736, 1.015043, 7.006251, 0.79762864] 2.4203675 1.0131984 1.051644 1.0496569
[1235, 0.48650217, 1.0163872, 4.702007, 0.75400746] 2.852427 0.89206815 0.8439185 1.0070627
[1236, 0.5176201, 1.0002999, 4.3761973, 0.71652555] 2.6252563 1.0223011 0.981668 1.1791514
[1237, 0.5659619, 0.96598303, 5.3076253, 0.46240392] 2.7318997 1.0361929 0.79327154 0.90315866
[1238, 0.48791403, 1.0194482, 4.227628, 0.67570645] 2.7822418 0.85532147 0.7988468 1.1107229
[1239, 0.45244977, 1.0478588, 5.0459356, 0.43029433] 2.7416089 0.9971455 0.84529406 1.0898652
[1240, 0.51790744, 0.8046453, 7.3437476, 0.71754193] 2.471899 0.880009 0.8876549 0.903993
[1241, 0.37741393, 1.0661745, 6.1307654, 0.65113723] 2.5756116 0.84500486 0.9252395 1.1384848
[1242, 0.57429665, 0.9577221, 3.72142, 0.47209632] 2.7015674 1.0289736 0.8892909 1.2046565
[1243, 0.55505663, 0.9414073, 5.919925, 0.58336395] 2.6119251 0.88959974 0.95130825 0.8467903
[1244, 0.5283757, 0.8808939, 9.537421, 0.8593747] 2.5050595 0.94941247 0.7846444 1.0520551
[1245, 0.48081285, 0.969705, 5.838285, 0.6027514] 2.4940572 0.95876294 0.8979111 1.0886908
[1246, 0.564777, 0.7420833, 5.491144, 0.5907815] 2.2958827 0.9293557 0.86294377 1.1573125
[1247, 0.53689545, 0.9734588, 4.4792914, 0.36106285] 2.5968053 1.0995746 0.83910656 1.0792489
[1248, 0.45002443, 0.95218104, 6.670674, 0.6033272] 2.48228 0.9694314 0.9449957 1.011173
[1249, 0.4886971, 0.8617359, 7.5400915, 0.5171678] 2.413142 1.0301027 0.9541676 0.93109185
[1250, 0.46148682, 1.0617878, 4.946885, 0.64615625] 2.6507866 0.9654892 0.9373499 1.0813364
[1251, 0.47227514, 1.0269803, 5.9625554, 0.8464753] 2.6249914 0.9277798 0.90091884 1.0013738
[1252, 0.5325899, 0.9897445, 4.0156727, 0.46725574] 2.9168873 0.8191571 0.789274 1.1150428
[1253, 0.5086627, 1.0101079, 4.602547, 0.56941086] 2.6561751 1.0470803 0.8585504 1.2383966
[1254, 0.50597036, 1.0280257, 5.5040374, 0.5089881] 2.7524295 0.9662838 0.8405875 0.9390367
[1255, 0.48735306, 1.0127033, 4.735952, 0.5676037] 2.7522602 1.0453951 0.85417086 1.097035
[1256, 0.44664803, 1.0594987, 6.001578, 0.8426599] 2.5620503 1.0064176 0.81284624 1.1335783
[1257, 0.61554265, 0.91705465, 4.2376423, 0.45542115] 2.6695766 0.9182432 0.87752414 1.1719533
[1258, 0.4103192, 1.0627488, 4.9415703, 0.49715057] 2.617297 1.0929458 0.86515576 1.1272159
[1259, 0.54995877, 0.69152135, 5.5000677, 0.37833333] 2.3095515 0.9339246 0.9001445 1.0043811
[1260, 0.5247391, 0.79051393, 6.9356837, 0.5353943] 2.3495076 0.8169181 0.9393528 1.2173785
[1261, 0.47167498, 1.0285474, 5.202494, 0.45370838] 2.5902956 1.0568624 0.8419242 1.1032909
[1262, 0.43291342, 1.036179, 4.8203254, 0.55577695] 2.567658 1.1001189 0.85089177 1.1426564
[1263, 0.5608061, 0.7554332, 6.3305426, 0.5600275] 2.2625275 0.8672308 0.91708165 1.3090489
[1264, 0.5318662, 1.0132185, 4.1620502, 0.6603745] 2.842872 1.069415 0.95151764 1.0505694
[1265, 0.45719227, 1.0274274, 4.802735, 0.6838454] 2.6396556 1.1355678 0.9253417 1.1400083
[1266, 0.46670285, 1.0496285, 4.9423604, 0.7517259] 2.6428761 0.9781706 0.78107166 1.0745139
[1267, 0.49851027, 0.9811778, 6.3723807, 0.75407994] 2.4414964 1.0045111 0.90333813 1.1880777
[1268, 0.4983082, 1.0227702, 5.354543, 0.7622057] 2.6425626 0.84666204 0.8719851 1.1647847
[1269, 0.49242294, 1.0568509, 5.404413, 0.52549666] 2.4756715 0.8773839 1.0017068 1.3427039
[1270, 0.5328631, 0.98803407, 4.9775376, 0.52859735] 2.7247987 1.1489371 0.85272306 0.85068196
[1271, 0.5088099, 0.9860544, 4.1624303, 0.7264101] 2.7975535 0.8902479 0.7519748 1.1761459
[1272, 0.4718768, 1.0306053, 6.512469, 0.8959461] 2.5612574 0.9398324 0.9626037 1.0477087
[1273, 0.5656142, 0.7669816, 5.959396, 0.52709377] 2.2843943 0.8344611 0.9522588 1.2504405
[1274, 0.38814583, 1.0546592, 5.3127947, 0.60125256] 2.5492756 1.0075513 0.86893964 1.1488619
[1275, 0.5287258, 0.7711589, 6.1641355, 0.5887053] 2.257503 0.9626791 0.9258957 1.1144128
[1276, 0.39449462, 0.9845419, 8.9096985, 0.5783711] 2.5575786 0.8837323 0.82626736 0.99330443
[1277, 0.63829905, 0.76380336, 8.752662, 0.89079016] 2.445959 1.0527363 0.6898593 1.0610093
[1278, 0.59388447, 0.7646104, 6.7888365, 0.6390374] 2.4577641 0.82295984 0.8925562 1.0787011
[1279, 0.510805, 0.9235157, 6.5209913, 0.61853385] 2.321963 0.9968092 0.91655374 1.2691422
[1280, 0.5685806, 0.9636049, 3.8844116, 0.7329068] 2.8093712 0.8910319 0.83830297 1.1762763
[1281, 0.5243503, 1.0083337, 4.470872, 0.42191708] 2.8590417 1.0482727 0.7294912 0.9396749
[1282, 0.49364078, 0.99686265, 3.9034245, 0.4112075] 2.6121929 0.98132426 0.83006114 1.3300045
[1283, 0.47677565, 1.0170677, 4.380568, 0.5367766] 2.8295493 0.9021777 0.94700587 0.8933694
[1284, 0.6639723, 0.68296117, 6.0659623, 0.560383] 2.509755 1.0090818 0.8045619 0.82758474
[1285, 0.5028328, 0.7766589, 6.817909, 0.4587255] 2.2524638 1.0314357 0.98255855 1.0806504
[1286, 0.51011765, 0.98098356, 5.425983, 0.59393036] 2.4415925 1.0029463 0.93922627 1.3150817
[1287, 0.49692702, 0.8102152, 6.107936, 0.7083612] 2.3887727 0.9655037 0.94396955 0.96252024
[1288, 0.5617642, 0.9317181, 7.817646, 0.55742323] 2.5497768 1.0251642 0.66540545 1.1218753
[1289, 0.44880155, 1.0280155, 6.6771646, 0.5401078] 2.595087 0.9088578 0.85693866 1.0797373
[1290, 0.5453214, 0.9966006, 3.542152, 0.52761954] 2.9851933 0.9205934 0.7897886 1.0815307
[1291, 0.5226088, 1.0006928, 5.3653255, 0.41252622] 2.631622 0.9108833 0.9409335 1.1751146
[1292, 0.46566984, 0.8000626, 6.6604056, 0.41464615] 2.4643047 0.8317688 0.7921673 1.0988233
[1293, 0.54979265, 0.96854407, 5.9225607, 0.74924517] 2.466081 0.9447326 0.9133888 1.2477607
[1294, 0.49713892, 0.9778096, 5.7360363, 0.81714875] 2.6085684 0.91922885 0.8438482 1.0091197
[1295, 0.45487645, 0.9476098, 7.420592, 0.75210345] 2.4993935 0.9458984 0.7775139 1.0708933
[1296, 0.50923103, 1.0024052, 5.8581333, 0.50311244] 2.6403968 0.9964004 0.83090496 1.1071956
[1297, 0.4090376, 1.0848247, 4.4038997, 0.9643931] 2.7885108 0.91040534 1.049021 0.9245316
[1298, 0.55095464, 1.001136, 5.3755784, 0.4872776] 2.6530008 0.9445679 0.819646 1.103243
[1299, 0.6352543, 0.7813102, 6.3299556, 0.77096564] 2.3046625 0.93488216 1.0938365 1.1388088
[1300, 0.5823912, 0.81471616, 7.522294, 0.44012403] 2.3694444 0.93849313 1.024125 1.0748595
[1301, 0.52726406, 0.95429176, 7.049577, 0.57337075] 2.588868 0.994891 0.7274029 1.0367491
[1302, 0.52211034, 0.99803424, 3.9498935, 0.61453676] 2.8982224 0.9666838 0.7994643 0.9667629
[1303, 0.5110871, 0.91341347, 7.798557, 0.53800076] 2.3498476 0.986123 0.9536626 1.2058994
[1304, 0.5774438, 0.7599531, 6.9403176, 0.6236499] 2.368473 0.9540481 0.8133195 1.1450762
[1305, 0.55244, 1.0066352, 5.2685843, 0.5971995] 2.654279 0.9050155 0.7618054 1.2284997
[1306, 0.5546065, 0.97150946, 3.7958987, 0.6879034] 2.9484684 1.0190623 0.72971773 1.0294894
[1307, 0.43148673, 1.0433437, 5.3442464, 0.42496008] 2.4698582 1.224738 0.8943274 1.099473
[1308, 0.5740653, 0.7627879, 6.76434, 0.49011108] 2.3600338 0.9948884 0.90852594 1.023527
[1309, 0.5429018, 0.5555601, 3.761776, 0.8221761] 2.0861921 0.8466076 0.902835 1.1826597
[1310, 0.45757353, 1.0330533, 5.459605, 0.6012886] 2.560702 1.0399958 0.94518584 1.161291
[1311, 0.43924838, 0.9616202, 7.1407504, 0.91478485] 2.371134 1.1040589 1.0970966 0.9596623
[1312, 0.5250315, 0.78617215, 7.7098274, 0.48537484] 2.4646025 0.90941286 0.82332176 0.99755454
[1313, 0.46017334, 0.7812105, 6.1959686, 0.6848885] 2.4188051 0.8751941 0.9737417 0.8499772
[1314, 0.4005104, 1.0770651, 5.2108626, 0.53382885] 2.5655885 1.0360534 0.96483177 1.1366528
[1315, 0.46768618, 1.0396615, 3.9214914, 0.48872575] 2.8975112 0.91258353 0.7014507 1.1233982
[1316, 0.54255307, 0.991449, 4.3112826, 0.53428465] 2.76964 0.98989695 0.98000234 1.0282271
[1317, 0.49195105, 1.0281407, 5.572477, 0.5146744] 2.6233678 1.0537037 0.92482525 0.9887957
[1318, 0.58165383, 0.7579018, 7.1175323, 0.5070229] 2.4383857 0.8928277 0.7557707 1.1108062
[1319, 0.5608124, 0.994013, 5.7549753, 0.65577394] 2.7750304 0.8940957 0.7723681 1.0209357
[1320, 0.4768112, 1.0568432, 3.8118653, 0.43885222] 2.979546 0.85087985 0.7785297 1.0520582
[1321, 0.5252181, 0.98392016, 4.425013, 0.6429872] 2.831459 0.9143613 0.8824042 1.0216588
[1322, 0.54627293, 0.80369246, 6.6874437, 0.7399886] 2.4349089 0.8906464 0.86264634 1.0503376
[1323, 0.51410085, 0.9927304, 4.9843955, 0.5975705] 2.7279208 0.9175358 0.77031773 0.98073834
[1324, 0.56321216, 0.99902934, 2.5902674, 0.51337004] 3.076489 0.94151586 0.99340993 1.0974953
[1325, 0.54980934, 0.97357196, 6.7249055, 0.9960203] 2.5334718 0.83893377 0.9269067 1.1422669
[1326, 0.5614746, 0.94877213, 4.5726724, 0.3838129] 2.609651 0.9078501 0.8312236 1.3160329
[1327, 0.48416615, 1.0234528, 4.724588, 0.38612965] 2.7808654 1.0639414 0.9211707 0.8687148
[1328, 0.42343774, 0.7163935, 4.1927457, 0.5651764] 2.1847434 0.86141694 0.896223 1.1869525
[1329, 0.53074056, 0.98690534, 4.74435, 0.61330175] 2.6843717 0.98782164 0.9130246 1.0227793
[1330, 0.49914837, 1.0182445, 4.4815, 0.50440973] 2.6181421 1.0713285 0.8454365 1.1882416
[1331, 0.46365303, 1.0549389, 4.8385744, 0.44004187] 2.756806 0.9614219 0.82975227 1.0649415
[1332, 0.4385557, 0.6222492, 3.7451792, 0.49891734] 2.0647378 0.94239837 0.9819669 1.108495
[1333, 0.44650084, 1.0196222, 7.1763797, 0.7867579] 2.4390454 0.9770463 0.9109375 1.1980089
[1334, 0.53368825, 1.00249, 4.4803863, 0.44205746] 2.627101 0.94619554 0.8767765 1.2856281
[1335, 0.5183694, 0.79893816, 6.991656, 0.59419274] 2.3789518 0.95976835 0.8679184 1.0560238
[1336, 0.525418, 0.99391365, 4.176402, 0.46461487] 2.7733967 0.89652854 0.8140595 1.0125034
[1337, 0.4706426, 1.0296099, 5.0655446, 0.73965794] 2.5652633 1.0963418 0.8142917 1.0478604
[1338, 0.55418336, 0.9682437, 3.4684293, 0.64739364] 3.0580428 0.96912956 0.85716033 0.8963636
[1339, 0.53389305, 0.96100146, 7.055366, 0.856364] 2.6600223 0.9579061 0.7457043 0.99308604
[1340, 0.46379298, 1.0328802, 5.0064383, 0.45890343] 2.6807027 0.99712497 0.8328328 1.1898184
[1341, 0.5434403, 1.02384, 3.1996863, 0.8235914] 2.973506 1.2016561 0.7957231 0.99897957
[1342, 0.4756402, 1.0178375, 4.9203467, 0.5028025] 2.604836 1.0525671 0.85808367 1.1151344
[1343, 0.4809573, 1.0453974, 3.4410558, 0.771351] 2.8134956 0.98902863 0.9958744 1.1684395
[1344, 0.4201893, 1.0678955, 5.3404527, 0.6864474] 2.6356955 0.89685756 1.018991 1.118139
[1345, 0.57180774, 0.65021056, 5.319563, 0.45749086] 2.1829011 0.9502669 0.9101593 1.183989
[1346, 0.61956584, 0.7644098, 5.4389634, 0.64960545] 2.2373483 1.0103619 0.9652153 1.2134361
[1347, 0.5055273, 0.9967149, 5.239244, 0.74894744] 2.5633032 0.9330533 1.015952 1.1173844
[1348, 0.4720157, 1.0154845, 5.032688, 0.6955263] 2.650143 0.9863234 0.7068483 1.0336059
[1349, 0.44615078, 1.0606271, 5.059285, 0.67302275] 2.69918 0.9510985 0.9552903 1.1329565
[1350, 0.5317339, 0.7335257, 4.784365, 0.55218065] 2.3410478 0.9649225 0.9514004 0.88507885
[1351, 0.37683684, 1.0904634, 4.693375, 0.50275] 2.646645 1.1242915 0.95126647 1.0575618
[1352, 0.5731813, 0.747556, 5.605785, 0.71486247] 2.4474964 0.9209853 0.73284286 1.0287148
[1353, 0.4960321, 1.0217454, 4.2777934, 0.46234867] 2.6647952 0.9483058 0.9814602 1.1293541
[1354, 0.540568, 0.95931816, 4.561082, 0.49858958] 2.6460886 0.9054242 1.0183331 1.3071645
[1355, 0.49491382, 0.74368006, 5.2476907, 0.5886502] 2.33482 1.0171416 0.8899787 0.92812556
[1356, 0.52198005, 0.9183653, 7.1142025, 0.9761828] 2.4308228 1.0220938 0.97383875 1.0134922
[1357, 0.45329767, 0.89970356, 6.8278894, 0.5475174] 2.3911111 0.88104695 0.86498845 1.2561961
[1358, 0.5716525, 0.78891075, 7.004594, 0.46926096] 2.4605548 0.90411705 0.8899165 0.942554
[1359, 0.69437647, 0.5984784, 4.6911974, 0.6027873] 2.248494 0.93784624 0.9799644 1.0110734
[1360, 0.49100503, 0.9654908, 6.8786573, 0.48805037] 2.4936316 1.1229945 0.8636095 0.93355733
[1361, 0.555022, 0.8726208, 7.424377, 0.48661813] 2.345947 1.0576292 0.96032137 1.1440574
[1362, 0.5551981, 0.6902973, 5.59572, 0.5242885] 2.3641424 0.9851675 0.8618374 0.9080194
[1363, 0.5438549, 0.97158974, 5.771492, 0.53109556] 2.5708768 0.82033336 0.9173815 1.3262986
[1364, 0.46473765, 1.0973935, 2.6739967, 0.67336315] 3.126299 0.98821324 0.8122303 1.0409278
[1365, 0.51326054, 1.0393887, 3.5150018, 0.64574057] 2.993752 0.78401476 0.81805867 1.1054755
[1366, 0.4902005, 1.0200009, 6.5388265, 0.7876307] 2.490458 1.0909616 0.91461694 1.0477057
[1367, 0.45993102, 1.0496765, 5.4804063, 0.6420642] 2.5846605 1.0557339 0.83082783 1.0854923
[1368, 0.450481, 1.0450124, 5.1012206, 0.48101476] 2.5157938 1.0224632 0.9286451 1.2446326
[1369, 0.49002516, 1.0060397, 5.5932226, 0.96093786] 2.6866288 0.8524716 0.9700013 1.0975817
[1370, 0.539701, 1.0121297, 4.2034545, 0.739053] 2.9328227 1.0140548 0.79930496 0.8649787
[1371, 0.5350791, 1.0229075, 3.6962268, 0.8908453] 2.8133013 1.1167568 0.83398235 1.242893
[1372, 0.4935265, 0.9980804, 5.7860885, 0.92921424] 2.5794756 0.8603518 0.84030527 1.2208008
[1373, 0.4151671, 1.0741291, 5.851563, 0.6707801] 2.704699 0.9363344 0.8090607 1.037253
[1374, 0.42781556, 1.1014506, 4.649044, 0.40658635] 2.7491975 1.0769886 0.91613805 0.9412132
[1375, 0.5039299, 0.99899274, 5.156151, 0.7550271] 2.6283314 0.9443429 0.8953571 1.0098305
[1376, 0.54010475, 0.9950779, 4.628138, 0.45634046] 2.5708947 0.99881154 0.96282184 1.2092268
[1377, 0.47314492, 1.0107709, 5.6146684, 0.6231952] 2.5211453 1.0671773 0.816784 1.0941193
[1378, 0.5490235, 0.99101394, 4.8365097, 0.64549935] 2.886501 0.8596245 0.8033355 0.97733957
[1379, 0.4825441, 0.92346346, 7.586434, 0.9146315] 2.5469851 0.99516165 0.79912764 0.88800913
[1380, 0.60833997, 0.78817403, 6.0098023, 0.43749213] 2.4869637 0.92288375 0.68241256 1.1777214
[1381, 0.48861673, 0.97412765, 6.4692454, 0.7527058] 2.4598927 1.0316086 0.9886815 1.0054152
[1382, 0.47576287, 1.0074342, 5.088534, 0.42085227] 2.677133 1.0507126 0.77894247 1.0608376
[1383, 0.56933695, 0.8996685, 7.221032, 0.9376544] 2.4573443 0.97887594 0.9198352 1.1419836
[1384, 0.54230565, 0.57652336, 4.1753817, 0.6087269] 2.0230722 0.9057584 0.8816704 1.233786
[1385, 0.4407409, 0.96560955, 7.114653, 0.8871233] 2.4417763 1.0299644 0.81036633 1.141551
[1386, 0.5612947, 0.9906432, 4.485996, 0.52692866] 2.7337446 0.89422154 0.768742 1.0865781
[1387, 0.5117481, 0.99465746, 4.19415, 0.4134337] 2.778384 0.9186513 0.80046844 1.1137829
[1388, 0.5311965, 0.99111205, 3.7674294, 0.4639529] 2.9564018 0.9550174 0.83153147 1.0206573
[1389, 0.6251106, 0.71441346, 5.077739, 0.53584725] 2.3788528 0.75331515 0.843185 1.2631483
[1390, 0.42292306, 1.0560216, 4.371816, 0.57734346] 2.8090436 1.027269 0.8337764 0.9471015
[1391, 0.52174646, 1.0083216, 4.861935, 0.5483248] 2.7295125 1.0210565 0.80374306 1.1135201
[1392, 0.516175, 0.7792716, 6.046568, 0.45990774] 2.141099 0.9410075 1.0731646 1.2710443
[1393, 0.5313382, 0.9784875, 4.2650237, 0.43769628] 2.6798892 1.0329373 0.72645706 1.1923635
[1394, 0.5403981, 0.829635, 6.9921684, 0.68789303] 2.2832685 1.0152037 0.9640192 1.1692508
[1395, 0.51758415, 0.7527872, 5.432983, 0.5694006] 2.2869895 0.8952818 0.93066424 1.1403989
[1396, 0.58374816, 0.7224219, 5.328625, 0.3732774] 2.21709 1.0930451 0.89540136 1.1468412
[1397, 0.54034126, 0.9695408, 5.9976807, 0.8535217] 2.6177099 0.83944064 0.8812005 1.0588689
[1398, 0.47043678, 0.9471564, 6.925956, 0.7520934] 2.4357994 0.99682415 0.8374038 1.1418657
[1399, 0.43174917, 1.0566695, 3.6251926, 0.5337478] 2.8165941 0.93012863 0.8399466 1.0851408
[1400, 0.54091555, 0.8937588, 7.5043797, 0.7184306] 2.4167662 0.9035449 0.8460079 1.2202467
[1401, 0.5569871, 0.9635522, 4.6908154, 0.6131835] 2.7149246 0.85631347 0.81764257 1.1416298
[1402, 0.4046454, 0.92386645, 7.9543056, 0.6346035] 2.317591 1.0121068 0.9958382 1.1329808
[1403, 0.5731515, 0.7534185, 5.040134, 0.60006213] 2.4850028 0.86014044 0.84893733 0.9365245
[1404, 0.568335, 0.9860346, 4.1894536, 0.65878546] 2.958007 0.89183885 0.72796553 0.9272125
[1405, 0.50913066, 0.8157387, 5.8359265, 0.4670945] 2.5067995 0.96108073 0.82331747 0.89555097
[1406, 0.48962796, 1.0244366, 4.8272443, 0.4741165] 2.633732 1.0487642 0.8132449 1.1776944
[1407, 0.6181064, 0.81886286, 8.060432, 0.96426064] 2.3836372 0.97332466 0.8325579 1.191115
[1408, 0.45744345, 1.0541911, 5.883362, 0.8420056] 2.5439038 0.980602 0.8844712 1.0666016
[1409, 0.5361339, 0.97365, 3.677463, 0.67764676] 2.8873868 0.99232566 0.8732933 1.1801896
[1410, 0.5738792, 0.9519011, 4.147219, 0.58878726] 2.7010322 0.9126748 0.81906223 1.3132235
[1411, 0.42138824, 1.0343678, 5.9901986, 0.7512115] 2.6200724 1.0436428 0.82984227 0.9045419
[1412, 0.5384702, 0.9927962, 4.883224, 0.51307] 2.5215642 0.9945772 0.87875587 1.1705239
[1413, 0.5553399, 0.97409153, 5.0605803, 0.77206635] 2.6442323 1.0101367 0.8096757 1.003513
[1414, 0.4920522, 1.0146974, 5.2176676, 0.80005085] 2.4838998 1.0054282 0.93896854 1.216531
[1415, 0.61452156, 0.9415294, 4.0365314, 0.61810267] 2.6603463 0.95782965 0.83658826 1.494299
[1416, 0.4796917, 0.80362403, 5.772217, 0.47073576] 2.3801637 1.1179857 0.885296 0.8249721
[1417, 0.47215468, 0.95157844, 7.8632674, 0.56758654] 2.4519744 0.9112913 0.9521649 1.0924182
[1418, 0.5956815, 0.96137035, 5.1737924, 0.6060564] 2.7577162 1.051501 0.8553543 0.9147374
[1419, 0.5018776, 0.7992245, 7.440436, 0.49072114] 2.4351983 1.0069793 0.7698884 0.9944114
[1420, 0.56348455, 0.9882328, 3.5986156, 0.5043571] 2.8752255 0.90641755 0.7830108 1.2973666
[1421, 0.43277094, 1.0643439, 3.934399, 0.48602697] 2.8654716 1.099332 0.7989293 0.93808883
[1422, 0.6508291, 0.9091973, 3.3778188, 0.5766873] 2.9374678 0.8809 0.9671653 1.0631199
[1423, 0.58560383, 0.7713281, 5.9434724, 0.83704185] 2.2888002 0.86889535 0.89287215 1.2822717
[1424, 0.49499407, 1.0223027, 4.8101788, 0.6412596] 2.436101 0.9911838 0.9078523 1.2976022
[1425, 0.500677, 0.97266644, 7.055938, 0.6693945] 2.4835303 1.0619874 0.7805637 1.1467687
[1426, 0.48543578, 1.010791, 5.0615335, 0.62300307] 2.622015 1.0497819 0.8104835 1.0831751
[1427, 0.53661144, 0.9695518, 4.992935, 0.539335] 2.6680868 0.79448557 0.975468 1.2234284
[1428, 0.4238118, 1.0666219, 5.8650947, 0.82513463] 2.6434898 0.87858874 0.86242616 1.1121844
[1429, 0.538913, 0.8559123, 7.3570786, 0.86874264] 2.356194 0.90929216 0.87953955 1.2156668
[1430, 0.3686595, 0.6987279, 4.1859694, 0.6239565] 2.2041984 0.9216422 0.92544436 0.95930433
[1431, 0.4463741, 0.9678993, 7.4927826, 0.67279035] 2.3095531 0.9407102 0.97892576 1.3134388
[1432, 0.43723822, 0.9477579, 7.351516, 0.83625484] 2.3145351 0.9424967 1.0916848 1.1581933
[1433, 0.49128497, 1.0281842, 6.3187957, 0.5349731] 2.570484 1.0320985 0.9449209 0.95011574
[1434, 0.5851088, 0.8733042, 8.668942, 0.9419803] 2.3168168 0.86955315 0.96748775 1.3478556
[1435, 0.42083701, 1.0518718, 5.805026, 0.8136469] 2.6402824 0.905863 0.9147836 1.1148098
[1436, 0.43704152, 1.025839, 5.959828, 0.6650347] 2.562438 0.94332105 0.87643707 1.1176937
[1437, 0.53186923, 0.9855087, 4.7626023, 0.7883094] 2.6352572 0.9187986 0.95727164 1.2064085
[1438, 0.44055122, 1.0587443, 5.481805, 0.63507473] 2.663622 0.9013042 0.944386 1.0566777
[1439, 0.52190644, 0.99560416, 4.98833, 0.69355327] 2.6921122 0.88736504 0.7666517 0.98419935
[1440, 0.5344124, 0.9757996, 6.1869054, 0.88404214] 2.5868714 0.9648533 0.8957054 1.070792
[1441, 0.4797577, 1.0214849, 3.8683205, 0.7759377] 2.6896281 0.9651205 0.91979086 1.2599026
[1442, 0.5429962, 0.7812153, 6.896308, 0.4321609] 2.2343583 0.94802237 0.91277385 1.2599694
[1443, 0.46335116, 1.0413325, 5.437172, 0.6356804] 2.6731951 0.80579 0.826018 1.145449
[1444, 0.54797626, 0.9765487, 5.893317, 0.45194906] 2.7454789 0.83595145 0.96051633 0.91251
[1445, 0.53999555, 0.96434134, 4.2807655, 0.47837514] 2.6494231 0.9889715 0.85342085 1.2499887
[1446, 0.5392974, 0.7871978, 7.1927047, 0.43043014] 2.3376348 0.9646532 0.9540157 1.0316731
[1447, 0.5502639, 0.88779896, 7.239347, 0.55299073] 2.2717903 1.0530041 0.9254928 1.2546602
[1448, 0.54916185, 0.9811706, 4.7134266, 0.39468855] 2.7092052 0.9185992 0.8313941 1.1958002
[1449, 0.54260683, 0.91648275, 7.595924, 0.63736033] 2.4534178 1.012454 0.8559266 1.0640025
[1450, 0.4181163, 1.0714332, 5.27989, 0.59968036] 2.7239347 0.9938552 0.900632 0.8876281
[1451, 0.4633027, 1.0402657, 4.005456, 0.45105907] 2.8334987 1.0589398 0.89608055 0.92042
[1452, 0.46701297, 0.6558817, 3.9610763, 0.583756] 2.0486038 0.99707216 0.986523 1.1343864
[1453, 0.60908693, 0.9348229, 3.5405254, 0.94031775] 2.9181643 0.95807934 0.8348895 1.2361212
[1454, 0.52366793, 0.89965874, 8.194391, 0.5832374] 2.5597024 0.88936156 0.81791735 1.0048461
[1455, 0.4954701, 1.0099804, 4.249291, 0.55072147] 2.918559 0.91224086 0.76634043 1.0269474
[1456, 0.4478281, 0.8443395, 7.6186, 0.55273706] 2.2288609 1.0303327 0.95825124 1.1852603
[1457, 0.50127596, 0.7411743, 5.467615, 0.70265096] 2.3094149 0.9142429 0.8752016 1.0948974
[1458, 0.43112695, 0.8299435, 6.9195914, 0.57911956] 2.34328 0.97100824 0.83983266 1.1122837
[1459, 0.48393673, 1.0122361, 4.346035, 0.5791213] 2.7354355 0.94133055 0.7450962 1.3226755
[1460, 0.5095749, 0.7241873, 5.225031, 0.53657925] 2.300422 1.0417078 0.8974959 0.9220162
[1461, 0.40330657, 1.0950104, 3.91411, 0.63361865] 2.910929 1.0316912 0.79737127 1.0134246
[1462, 0.46786624, 1.0174111, 3.991988, 0.5715341] 2.8691518 0.9847906 0.8145289 0.98509103
[1463, 0.3845876, 1.09224, 4.33904, 0.4420192] 2.8339922 0.8924894 0.8092897 1.1077844
[1464, 0.3580765, 1.1005772, 4.3323817, 0.5130222] 2.7326274 0.990355 0.81635106 1.0487741
[1465, 0.52609926, 0.9716121, 5.279397, 0.39789596] 2.8159847 0.9558178 0.84566075 0.8920101
[1466, 0.44541633, 1.0408748, 5.3285913, 0.73273253] 2.6109922 1.0745071 0.8578477 1.0107372
[1467, 0.5567313, 0.78987527, 6.918907, 0.47847322] 2.2782671 1.095011 0.81011474 1.1635903
[1468, 0.6177485, 0.72894293, 6.869418, 0.6171616] 2.3275137 0.85747266 0.883556 1.2298222
[1469, 0.6199254, 0.92984986, 4.9840603, 0.40984392] 2.627328 0.9793749 0.8773462 1.1303027
[1470, 0.67169887, 0.7496177, 6.412319, 0.6406817] 2.3158882 0.97845006 0.88957715 1.2524605
[1471, 0.520952, 0.9848011, 4.9133263, 0.52502495] 2.6069536 1.1475816 0.81442356 1.1112243
[1472, 0.4391472, 1.0473641, 4.9756246, 0.40991777] 2.8271978 0.9285442 0.8316768 0.9802092
[1473, 0.5846578, 0.78490984, 7.7940073, 0.5682274] 2.3487678 0.9054008 0.83380616 1.2641613
[1474, 0.51294893, 0.9977926, 4.827944, 0.8949879] 2.612062 1.030451 0.87699443 1.0255127
[1475, 0.446445, 1.0559796, 5.46406, 0.7205042] 2.5534866 0.998206 0.965138 1.051275
[1476, 0.5846653, 0.85058546, 7.669606, 0.64887697] 2.4881573 0.8448334 0.80682 1.1630297
[1477, 0.40884024, 1.0627441, 4.6494303, 0.46031165] 2.651728 0.9818787 0.8541525 1.1350175
[1478, 0.55685467, 0.95477146, 7.414335, 0.93460655] 2.4502041 0.9545196 0.8532488 1.215475
[1479, 0.5730943, 0.98989224, 2.903032, 0.60243034] 3.0428243 1.0792528 0.8905139 0.8547862
[1480, 0.51441455, 1.0309515, 3.4102128, 0.62827146] 2.8664627 0.96771514 0.77034414 1.2921073
[1481, 0.49976918, 0.95727855, 8.74569, 0.816938] 2.5066643 0.9032801 0.8791313 1.120591
[1482, 0.38546142, 1.0060762, 6.8847566, 0.8969749] 2.4466083 1.0736107 0.9167909 1.019583
[1483, 0.3688726, 1.0960419, 5.289317, 0.5874923] 2.643629 0.98903763 0.90613407 1.1556313
[1484, 0.49888146, 1.0222723, 3.9697812, 0.55494547] 2.7793367 1.0274085 0.75713193 1.2258288
[1485, 0.42870408, 1.005508, 6.525742, 0.96733236] 2.624807 0.94856805 0.75698954 0.9677038
[1486, 0.45612174, 1.0637865, 4.816557, 0.6253912] 2.69553 0.9298765 0.9020422 1.1639389
[1487, 0.5528032, 0.9921762, 2.5376084, 0.67664826] 3.0630777 0.9795807 0.9114568 1.1219496
[1488, 0.46043167, 1.0314763, 5.450221, 0.79820126] 2.5700853 0.93752176 0.89096785 1.1537318
[1489, 0.50258166, 0.9996352, 5.0559955, 0.50797415] 2.5720975 0.9862221 0.8401698 1.1694906
[1490, 0.5116796, 1.0538319, 4.0734396, 0.96754223] 2.8512437 1.01535 0.8100886 1.0441957
[1491, 0.49208182, 1.0406715, 3.8858945, 0.5806337] 3.0003657 0.94960463 0.72383565 0.9926323
[1492, 0.5567677, 0.9825757, 4.3062124, 0.38293442] 2.6706483 0.93811744 0.93956167 1.2036973
[1493, 0.41144654, 0.99521565, 8.152222, 0.70728326] 2.4246988 0.9014769 0.94861966 1.1648731
[1494, 0.48325142, 0.64113015, 4.4314475, 0.4705842] 2.3157923 0.9560863 0.80751276 0.89329153
[1495, 0.504809, 0.9176839, 8.988004, 0.7442561] 2.3518586 1.0308949 1.0304387 1.0989836
[1496, 0.53459805, 0.9926388, 3.5793679, 0.5718495] 2.9762022 1.017351 0.78286296 0.95948315
[1497, 0.5658586, 0.9718787, 4.0043135, 0.6873236] 2.8221762 1.0746683 0.94969934 0.915914
[1498, 0.54781336, 0.7626746, 6.9729905, 0.7047428] 2.3243096 1.0353574 0.8859257 1.0084069
[1499, 0.59598917, 0.92685634, 3.009417, 0.74060893] 2.8496456 1.1037338 0.9191608 1.223254
[1500, 0.43417743, 1.030462, 6.0119085, 0.7694681] 2.5004318 0.9745542 1.0028082 1.1385458
[1501, 0.6191418, 0.6685521, 5.735902, 0.4884774] 2.1404054 1.1331964 0.92741764 1.1546595
[1502, 0.49873513, 1.0426444, 5.4217043, 0.7805907] 2.697298 0.9929796 0.94759053 0.96242976
[1503, 0.5103666, 0.87460244, 7.187296, 0.71319634] 2.4899 0.8817291 0.8995919 0.99121404
[1504, 0.3810442, 0.6519867, 3.691886, 0.603509] 2.1665328 1.0264202 0.8897615 0.91991574
[1505, 0.46025798, 1.0048616, 6.1838193, 0.7575739] 2.5624235 0.8685485 0.8158534 1.199849
[1506, 0.5054879, 1.0370471, 5.316249, 0.5696766] 2.5918334 1.1476417 0.8666916 1.0944192
[1507, 0.4464103, 1.0615174, 5.420656, 0.48700875] 2.6693327 1.0055598 0.82964927 1.0487301
[1508, 0.46051395, 1.0470216, 4.7064567, 0.59087896] 2.7410738 1.0373596 0.91231513 0.9321687
[1509, 0.4938758, 1.0203967, 5.0373483, 0.5137698] 2.7295208 0.8686064 0.80919266 1.1380235
[1510, 0.5468957, 0.86255354, 7.9782896, 0.8504565] 2.3463807 1.0394056 0.8706017 1.1719525
[1511, 0.43402842, 1.0570502, 5.86704, 0.7650859] 2.5611207 0.98194873 0.8775215 1.1059347
[1512, 0.52110785, 0.9498257, 6.4091067, 0.64127815] 2.5230346 0.8345594 0.85640395 1.2085437
[1513, 0.6599192, 0.7043613, 7.33661, 0.4274438] 2.2301846 1.0501453 0.872165 1.2496045
[1514, 0.42617887, 0.8317604, 5.9883666, 0.5810473] 2.487703 0.91734964 0.7711239 0.964251
[1515, 0.49818283, 0.941906, 8.6815195, 0.5861044] 2.2497897 1.0767894 1.0079484 1.2760268
[1516, 0.44259351, 0.6436973, 4.253795, 0.40501586] 1.9425285 0.9770121 0.9913049 1.354538
[1517, 0.46682426, 0.9907135, 6.636055, 0.7205082] 2.622623 0.89641154 0.80696476 1.0117543
[1518, 0.58245087, 0.96586555, 4.533497, 0.48494956] 2.736613 0.83290046 0.8353089 1.346264
[1519, 0.38918293, 1.0736877, 5.187326, 0.73920864] 2.725474 0.9593567 0.7669401 0.96705914
[1520, 0.5438687, 0.79378414, 7.1604476, 0.6199447] 2.1998816 1.1041625 0.87284803 1.2372733
[1521, 0.47200826, 1.0228128, 6.0337644, 0.67952424] 2.5441794 1.0039403 0.8907038 1.1273634
[1522, 0.40596122, 1.0099978, 6.326296, 0.6970832] 2.4287825 1.0552105 0.9867453 1.0670037
[1523, 0.5782784, 0.69320786, 5.5287642, 0.57914656] 2.3553324 0.9671089 0.87214506 0.9209132
[1524, 0.4751224, 1.0367833, 4.85315, 0.44624737] 2.7335796 0.93910825 0.89876807 1.1039542
[1525, 0.43194756, 1.0720515, 3.610728, 0.6783172] 3.1357067 0.9782057 0.7739183 0.8262604
[1526, 0.5321017, 1.006433, 4.578891, 0.8448633] 2.8033147 0.90120125 0.93930537 1.083619
[1527, 0.5372547, 0.99556094, 3.5657988, 0.40406144] 3.0012746 0.8947875 0.77358204 1.0591656
[1528, 0.44923922, 1.0475731, 5.5650525, 0.66744834] 2.5443735 0.97453004 0.9335522 1.1012113
[1529, 0.48300198, 1.0696214, 3.9699352, 0.61197764] 2.9568527 1.06785 0.8167219 0.9501164
[1530, 0.3913322, 1.089776, 3.5016398, 0.8227329] 2.8077347 1.0835172 0.918384 1.1564859
[1531, 0.526392, 1.0387157, 4.071229, 0.85199076] 2.9045362 0.9921012 0.8323912 0.82439226
[1532, 0.4872626, 1.0323535, 3.557129, 0.5636368] 2.8754768 1.0940834 0.9013372 0.99948
[1533, 0.33512163, 1.0187325, 7.6612144, 0.658033] 2.281802 1.0188872 1.0210922 1.2311271
[1534, 0.391254, 1.1002133, 5.0872097, 0.9588521] 2.6143062 0.9710142 0.8257654 1.0722778
[1535, 0.54361206, 0.9895476, 3.4082868, 0.6241029] 2.8346403 1.0721568 0.9214814 1.1662338
[1536, 0.42239127, 1.0688856, 4.7959642, 0.5515554] 2.624904 0.8964214 0.8488023 1.2610456
[1537, 0.53495234, 1.0074716, 5.8105, 0.534552] 2.619348 0.9516617 0.82284725 1.14674
[1538, 0.4961646, 1.016755, 4.1298714, 0.45555398] 2.8169653 0.87155336 0.806619 1.1664729
[1539, 0.4910324, 1.0319184, 5.447511, 0.64270586] 2.5530307 0.9557385 0.8467306 1.2186083
[1540, 0.4924843, 1.0112503, 4.092536, 0.50710654] 2.7931945 0.9786442 0.88370806 1.1140554
[1541, 0.5120727, 1.0133789, 4.143399, 0.5297565] 3.008487 0.8967527 0.72305256 0.9150342
[1542, 0.5039888, 0.9897884, 5.4210534, 0.6797661] 2.7271137 1.0330029 0.82645494 1.0637902
[1543, 0.5919144, 0.77021486, 7.200165, 0.5958263] 2.458467 1.0486325 0.8555586 0.88030195
[1544, 0.6076897, 0.74806535, 7.021509, 0.5438591] 2.228752 1.0456396 1.0102261 1.1309667
[1545, 0.50642365, 0.8733874, 7.4522467, 0.627606] 2.4502428 1.0291609 0.8130629 1.0453782
[1546, 0.44167572, 1.0504458, 4.01507, 0.45666593] 2.8119988 0.8826118 0.7965713 1.1436412
[1547, 0.55774826, 0.94211435, 7.00673, 0.61450666] 2.4493127 1.0057801 1.0264903 1.0697976
[1548, 0.51394725, 1.0118363, 5.971128, 0.6995388] 2.5532825 0.96916145 0.88819623 1.0994252
[1549, 0.4851083, 0.9204783, 7.6258955, 0.6731073] 2.4111273 0.9379904 0.8560108 1.2059748
[1550, 0.47415558, 0.8942864, 8.764483, 0.544806] 2.4496658 1.057035 0.8355705 0.966551
[1551, 0.41679105, 1.0515845, 4.3367224, 0.45553282] 2.8075473 0.9665576 0.75431645 1.0168552
[1552, 0.4900449, 1.0154774, 5.438664, 0.5880105] 2.7146873 0.9348493 0.7838022 1.006185
[1553, 0.6096644, 0.96109366, 3.3079522, 0.98185] 2.8473918 1.0324098 0.8970524 1.2532688
[1554, 0.46817788, 0.99775094, 6.4365897, 0.7121721] 2.6886802 0.95623064 0.71723145 0.986187
[1555, 0.4705804, 0.9332977, 7.202512, 0.72600144] 2.4664812 1.0418075 0.87969726 0.97875386
[1556, 0.5735687, 0.9671376, 3.5400739, 0.64791214] 3.0526454 0.94100994 0.73370343 0.997706
[1557, 0.56361514, 0.9690496, 5.647327, 0.82321966] 2.5844295 1.0183439 0.82197094 1.1284841
[1558, 0.41674, 1.016392, 6.7085924, 0.79162157] 2.5130832 0.95497835 0.91413134 1.039324
[1559, 0.54325956, 0.97304004, 5.1771283, 0.7026807] 2.604721 0.9635782 0.7710034 1.2093029
[1560, 0.4600703, 1.0420458, 4.6163936, 0.54648703] 2.6118884 1.106559 0.8149641 1.0030189
[1561, 0.5255952, 0.77306056, 6.0437956, 0.94749516] 2.3805401 0.872047 0.920271 0.99420696
[1562, 0.4954008, 1.0306159, 5.1475897, 0.5062856] 2.673277 1.048054 0.83253217 0.98346263
[1563, 0.54669505, 0.8590485, 5.5604296, 0.5818315] 2.4353554 1.0296355 0.91120374 1.0042099
[1564, 0.32738492, 1.0604024, 6.494424, 0.76068854] 2.4799626 0.87229097 0.9873917 1.0980664
[1565, 0.55413574, 0.83347225, 6.734272, 0.8511243] 2.323033 0.97432125 0.9209001 1.1748608
[1566, 0.48877588, 1.0153217, 6.855488, 0.87293684] 2.6329515 0.9838381 0.82993126 1.0040299
[1567, 0.47602493, 1.0322762, 5.543401, 0.71719587] 2.6173534 1.035707 0.7774991 1.0338725
[1568, 0.51637155, 0.98858976, 5.9673615, 0.5201266] 2.5272906 1.0462835 0.93097365 1.0294085
[1569, 0.59306294, 0.96690184, 2.7859802, 0.7046536] 3.2062101 0.90616214 0.881996 0.87083805
[1570, 0.6516067, 0.68529403, 5.7936835, 0.45152676] 2.14262 0.9295769 1.0217829 1.3112817
[1571, 0.5801856, 0.9343485, 6.0165434, 0.8903429] 2.5044084 1.0192186 0.80605197 1.1730729
[1572, 0.4132244, 1.0129864, 7.820566, 0.6757338] 2.5777688 0.7671558 0.8189399 1.1921743
[1573, 0.620425, 0.86950564, 5.6442676, 0.8109313] 2.6032639 0.9656626 0.7989013 0.97024965
[1574, 0.5659666, 0.84845203, 7.254933, 0.69281834] 2.4633858 0.9405087 0.74982303 1.1350825
[1575, 0.42262644, 1.0109967, 6.654449, 0.91329414] 2.4273658 0.8556302 1.0438333 1.1964055
[1576, 0.4525894, 1.0631149, 5.8798428, 0.6857748] 2.4985878 0.9399163 0.98030645 1.2208856
[1577, 0.43308645, 1.0524536, 5.0856996, 0.59150445] 2.7053256 1.008291 0.7985836 1.0962054
[1578, 0.5922691, 0.95095307, 4.32268, 0.82390237] 2.8413544 1.0354376 1.0167572 0.9125003
[1579, 0.5075905, 0.961575, 6.936169, 0.736638] 2.6459703 0.816881 0.77598554 1.0835929
[1580, 0.49972692, 0.8279538, 7.6101947, 0.7149896] 2.3841283 0.94585425 0.9933104 1.0101264
[1581, 0.61099213, 0.80604815, 8.4168, 0.78669685] 2.3513188 0.89941967 0.9600366 1.1717194
[1582, 0.5347836, 0.8671052, 7.486045, 0.5226324] 2.4601576 0.88470376 0.83961284 1.1384306
[1583, 0.49704465, 0.9301498, 7.7081237, 0.6437161] 2.4394648 0.96900386 0.94761086 1.0209576
[1584, 0.50678325, 0.99108183, 5.3300967, 0.6050123] 2.631646 0.95856744 0.81489927 1.0432657
[1585, 0.63604224, 0.7218371, 6.229386, 0.6140078] 2.412879 0.97633725 0.7752554 1.0177907
[1586, 0.56750816, 0.9594171, 3.7051616, 0.5335872] 2.6467905 1.1337637 0.7551338 1.3439488
[1587, 0.46130037, 1.0171484, 7.0939455, 0.8720254] 2.6136234 0.8487068 0.75971895 1.1326834
[1588, 0.59831816, 0.73051757, 5.909674, 0.6337441] 2.313592 0.952392 0.85339636 1.1542498
[1589, 0.46120664, 1.032328, 4.711456, 0.49117103] 2.779477 0.9729029 0.8542351 1.0521166
[1590, 0.5760841, 0.9484402, 5.555999, 0.6456943] 2.4755955 0.9139774 0.92051363 1.2451726
[1591, 0.5214379, 0.9489144, 6.196367, 0.5639094] 2.3735483 1.1703049 0.9485442 1.0998964
[1592, 0.545336, 0.95395845, 3.6624908, 0.45060945] 2.8919845 1.0510757 0.73335 1.1239421
[1593, 0.5032739, 0.9548842, 6.739784, 0.64511] 2.5254679 1.0274469 0.88544196 0.9200442
[1594, 0.5657076, 0.98185766, 3.4516716, 0.58309215] 2.9862316 0.8779631 0.8224954 1.0139761
[1595, 0.55259734, 0.9609356, 6.771978, 0.855478] 2.6031342 0.8303546 0.8330237 1.1307391
[1596, 0.51546246, 1.0074918, 5.6468315, 0.7358408] 2.6750062 0.90688884 0.855619 1.05774
[1597, 0.5240663, 0.7689007, 5.6150713, 0.48460588] 2.4493992 1.0271145 0.7501671 0.88686454
[1598, 0.49992925, 1.0347095, 4.4519525, 0.6599403] 2.7226918 1.1898104 0.8886667 0.8438648
[1599, 0.5364965, 0.9005475, 7.130072, 0.7039722] 2.4097798 0.9875657 0.8044937 1.2693329
[1600, 0.64474255, 0.8130143, 6.5554023, 0.39990956] 2.4493861 0.9702934 0.6706328 1.2974561
[1601, 0.4915114, 1.02358, 3.7804892, 0.6025546] 2.979002 0.8928639 0.8574703 0.94321084
[1602, 0.55472124, 1.0052116, 4.4336834, 0.7885272] 2.7701216 0.891268 0.84368384 1.0843195
[1603, 0.58252496, 0.80490625, 7.637934, 0.48350286] 2.3764677 0.966031 1.0152601 1.0545048
[1604, 0.44553673, 1.0589513, 5.1239667, 0.862669] 2.5235112 1.0734053 0.9898225 1.1751583
[1605, 0.45354748, 0.9631348, 8.592199, 0.83470356] 2.4550376 0.96898437 0.879037 1.0821443
[1606, 0.6082963, 0.9029851, 5.309181, 0.7516337] 2.7301295 0.87777454 0.670822 0.97604126
[1607, 0.4853806, 1.0084267, 4.412427, 0.47693878] 2.789648 0.89548373 0.82636786 1.0118383
[1608, 0.5687573, 0.93774605, 6.2801104, 0.47990417] 2.5457184 0.94106907 0.7421492 1.2038339
[1609, 0.5585957, 0.94987255, 4.9133697, 0.6453872] 2.532551 1.0321735 0.7076399 1.1827024
[1610, 0.5645879, 0.99114484, 3.4926221, 0.7918958] 3.0351095 0.98083764 0.8696954 0.9812767
[1611, 0.44869316, 1.041431, 4.657997, 0.43354356] 2.734882 1.0945973 0.8525421 1.0188034
[1612, 0.4925029, 1.023467, 3.8231947, 0.62738544] 2.8923151 0.9028089 0.79685366 1.1109544
[1613, 0.4600948, 1.0355785, 5.4432974, 0.8443549] 2.603301 0.9116556 0.8911584 1.0140452
[1614, 0.51147133, 0.99904627, 4.43232, 0.49471518] 2.7248008 1.0758921 0.82657737 1.0291917
[1615, 0.5181497, 1.0042807, 5.9263964, 0.58499837] 2.690441 0.9005406 0.81731766 1.102971
[1616, 0.43869257, 1.0450119, 5.0251427, 0.457325] 2.7232852 0.9241421 0.9576029 1.003744
[1617, 0.4805246, 0.72898436, 4.494735, 0.62772626] 2.2159433 0.93078744 0.90553784 1.1875151
[1618, 0.506891, 0.6432153, 3.8128216, 0.79022115] 2.0467968 0.98194236 1.092755 1.0887598
[1619, 0.632602, 0.7233282, 6.293119, 0.7575014] 2.2873838 1.0816995 0.81909645 1.1254729
[1620, 0.57932633, 0.69217205, 4.908273, 0.515905] 2.1556294 0.93050617 1.0725298 1.1882138
[1621, 0.5327322, 1.0032429, 4.968692, 0.4594687] 2.745583 0.95601916 0.78525573 1.0994709
[1622, 0.5475233, 0.87328553, 7.466419, 0.61030483] 2.6354463 1.0480587 0.7146442 0.80475533
[1623, 0.4864144, 1.0614439, 4.6307616, 0.9897903] 2.7627025 1.0242127 0.91209716 1.045024
[1624, 0.41551164, 1.0682211, 5.9926896, 0.65655804] 2.6449142 1.0040159 0.80312866 1.0316203
[1625, 0.5656592, 0.9320057, 6.574552, 0.509198] 2.5595345 0.8703927 0.8662881 1.1121153
[1626, 0.5063026, 1.0379525, 3.5523577, 0.6767195] 2.8940835 1.1371068 0.77090615 0.9877702
[1627, 0.5185141, 0.8490392, 7.826413, 0.69074506] 2.3582287 0.99066097 1.0258232 1.027805
[1628, 0.48922855, 0.67484534, 4.5444136, 0.53637743] 2.2266722 1.0818384 0.75926983 1.0649608
[1629, 0.51084006, 0.9935679, 7.249326, 0.64875513] 2.6254187 0.91852564 0.84846914 0.91892534
[1630, 0.48189992, 1.0064822, 4.8880525, 0.37459645] 2.595787 0.8902684 0.96888804 1.2930669
[1631, 0.5412412, 0.8716225, 7.735387, 0.6553697] 2.336838 0.9954896 0.89390266 1.1940372
[1632, 0.48306492, 1.0333954, 4.6965594, 0.69245785] 2.8816235 0.8621155 0.84905654 0.95164025
[1633, 0.5195448, 0.9931493, 5.009306, 0.4478272] 2.5774086 1.2477002 0.7599004 1.0736586
[1634, 0.53351456, 0.8107449, 8.662719, 0.6750214] 2.4336712 0.9045811 0.87586445 1.0459692
[1635, 0.5080417, 1.007096, 5.3318267, 0.51822704] 2.6806967 1.0390328 0.85916007 0.9975393
[1636, 0.5885857, 0.97133017, 4.8047676, 0.5747867] 2.8237026 1.0157297 0.9750658 0.9429497
[1637, 0.5436904, 0.8369272, 7.5885468, 0.5932863] 2.5108523 0.85754544 0.82804966 1.108678
[1638, 0.45717868, 0.55723286, 3.964292, 0.8106724] 1.9453968 0.959631 0.96478605 1.1631478
[1639, 0.51011246, 0.9843805, 5.374419, 0.77912945] 2.7222965 0.9925748 0.7834148 0.8585844
[1640, 0.46085885, 0.96014017, 8.096062, 0.74255013] 2.3688552 1.004155 0.9062235 1.2367858
[1641, 0.5783005, 0.9323965, 4.5333886, 0.43123427] 2.743014 1.014555 0.81387544 1.0302833
[1642, 0.46353698, 0.84385175, 6.31608, 0.6292536] 2.3770611 0.8847077 0.8952201 1.1130775
[1643, 0.542703, 0.979215, 4.07531, 0.7836783] 2.7297986 1.0064249 0.83457774 1.2345897
[1644, 0.5891374, 0.936985, 4.0710087, 0.5647918] 2.680261 1.0554638 0.9586273 1.1719046
[1645, 0.5438272, 0.9412155, 7.1344256, 0.87412125] 2.5199115 0.9110428 0.9454934 1.0780022
[1646, 0.47529486, 0.9831704, 4.323516, 0.5643974] 2.815654 1.0086548 0.89748746 1.0211325
[1647, 0.6061973, 0.8346888, 9.282259, 0.69191116] 2.441457 0.9507259 0.92310417 1.0710132
[1648, 0.504512, 0.92058104, 8.572348, 0.58165944] 2.458277 1.1126715 0.8431327 0.9441136
[1649, 0.505693, 0.8901856, 6.9506755, 0.678845] 2.4105444 1.0409597 0.76686645 1.1488423
[1650, 0.6584326, 0.6462027, 5.047318, 0.44859156] 2.1737378 0.9682344 0.88503283 1.2691157
[1651, 0.5334118, 0.9620729, 7.349893, 0.42258266] 2.4184952 0.9276497 0.88760096 1.2729288
[1652, 0.54717726, 0.9564859, 5.23886, 0.54244244] 2.55073 1.0632458 1.0093023 1.0553935
[1653, 0.5425527, 0.9639218, 6.7385063, 0.7752394] 2.4096725 1.0238897 0.9046556 1.2090044
[1654, 0.42973387, 1.0710195, 4.5712037, 0.54575366] 2.6766338 0.9278074 0.9590731 1.0972525
[1655, 0.5606639, 0.9791906, 5.021007, 0.8623628] 2.7189627 1.0112593 0.76145416 0.8765044
[1656, 0.53319824, 0.99559546, 6.058837, 0.991294] 2.5134368 0.9310644 0.8703745 1.2846392
[1657, 0.5471232, 1.0001823, 3.0450346, 0.87514377] 3.030065 0.9010765 0.8259007 1.1362298
[1658, 0.49596795, 0.9985522, 5.94953, 0.88953704] 2.5700116 0.91812664 0.88146514 1.0966389
[1659, 0.508634, 0.95638555, 6.024144, 0.92606914] 2.3982954 0.9895352 0.86686844 1.2958417
[1660, 0.6528553, 0.7180747, 7.812431, 0.52134347] 2.4849463 0.8967761 0.83186054 0.96997935
[1661, 0.51408523, 0.7679231, 5.444722, 0.509538] 2.330135 0.9457226 0.91862005 1.0148159
[1662, 0.48709306, 0.9318727, 7.221398, 0.70103616] 2.576621 0.91898656 0.7772608 1.032464
[1663, 0.4696532, 1.0463398, 5.8400455, 0.73443574] 2.6990154 0.92413414 0.8586981 1.0526377
[1664, 0.4487592, 1.0428807, 5.0634375, 0.57560235] 2.7059195 1.004877 0.7875368 0.95825267
[1665, 0.47292903, 1.0314058, 4.2066917, 0.5631036] 2.682173 1.1068369 0.7741739 1.2086265
[1666, 0.4593111, 1.0543395, 4.778013, 0.55625623] 2.8230593 0.8933261 0.83507335 1.049755
[1667, 0.45581946, 0.8727012, 6.6070757, 0.894153] 2.41618 0.95122427 0.85281074 1.0123425
[1668, 0.49213895, 1.0165265, 4.8265605, 0.42845908] 2.8105266 0.97683036 0.7271884 1.0132937
[1669, 0.54722345, 0.87318146, 8.515632, 0.95820206] 2.5458882 0.86762154 0.74452114 1.1270257
[1670, 0.568272, 0.7944151, 6.635537, 0.45088878] 2.3671167 1.0234104 0.8963971 1.022155
[1671, 0.53947735, 0.95532817, 6.6201344, 0.7280547] 2.4719434 0.9988375 0.9223385 1.0972198
[1672, 0.57065076, 0.5769542, 4.0199103, 0.60620767] 1.9728072 1.0960723 0.99440515 1.1165087
[1673, 0.56801957, 0.8330823, 8.644914, 0.8944787] 2.4173994 0.9254853 0.8622776 1.110709
[1674, 0.44793597, 1.0332192, 4.918627, 0.5559763] 2.6167417 1.06872 0.7809872 1.1030889
[1675, 0.4734615, 1.0448374, 5.5022764, 0.74737173] 2.6705306 1.0030773 0.8271891 0.9979237
[1676, 0.48389465, 1.039256, 5.195938, 0.7490128] 2.6173801 1.0669118 0.83220536 0.9597964
[1677, 0.45573834, 1.0382966, 5.587252, 0.5414021] 2.4773932 0.93746126 1.0457304 1.1783055
[1678, 0.5403011, 0.99834424, 4.417027, 0.54014224] 2.7096896 0.9373048 0.94287896 1.2388262
[1679, 0.5851605, 0.9446322, 4.5614605, 0.4116042] 2.7317638 0.97861284 0.79277295 1.0640507
[1680, 0.59127927, 0.7429821, 6.6929502, 0.7934849] 2.2540848 1.0171608 0.95000356 1.115737
[1681, 0.5032673, 0.9890344, 4.609815, 0.5681048] 2.7325406 1.0736033 0.7254852 1.196909
[1682, 0.53293794, 0.98790604, 5.971377, 0.88725394] 2.6055183 0.95347595 0.7512133 1.2007262
[1683, 0.543585, 0.9240599, 8.0741625, 0.63967586] 2.5251663 0.97483647 0.8242798 1.0468341
[1684, 0.45479894, 0.9202218, 7.59985, 0.4592254] 2.4212973 0.9548231 0.95688397 1.0275656
[1685, 0.45091495, 1.0414982, 5.3726325, 0.70066965] 2.6440153 0.9261269 0.8531968 1.1016757
[1686, 0.5786028, 0.9788359, 4.58213, 0.5133202] 2.7053277 0.98685867 0.8069323 1.118259
[1687, 0.47811604, 1.0018817, 4.8460965, 0.9282815] 2.6176789 1.0127906 0.82647955 0.99534076
[1688, 0.43922818, 0.94669926, 6.811786, 0.42433554] 2.3896406 0.9494818 1.0299411 1.1265126
[1689, 0.49009815, 1.0024525, 5.345894, 0.79677135] 2.4609082 1.0074297 0.92646974 1.1802523
[1690, 0.4957872, 0.89491224, 8.439909, 0.7590628] 2.3393414 0.99579024 0.94505274 1.141678
[1691, 0.4884117, 1.0246708, 5.7048707, 0.6528461] 2.632091 0.9778888 0.80569214 1.1142237
[1692, 0.50195503, 0.9935064, 5.0210924, 0.46498308] 2.737514 0.92598146 0.78294975 1.0139805
[1693, 0.43576646, 1.0141387, 7.4591174, 0.84168905] 2.6023242 0.93092144 0.92279065 0.91813654
[1694, 0.4762983, 1.014947, 4.208923, 0.5075469] 2.7213583 1.056465 0.9051785 1.1856205
[1695, 0.5288948, 0.99294585, 5.4052052, 0.55515164] 2.5753736 0.83913994 0.96974635 1.2270981
[1696, 0.5232975, 0.98398834, 5.8879814, 0.687475] 2.6339095 1.0750811 0.8118645 0.995148
[1697, 0.57497096, 0.73749167, 6.5828295, 0.48174247] 2.3443449 0.9821628 0.86847657 1.058437
[1698, 0.40017056, 1.0487282, 8.146859, 0.6706067] 2.5218449 0.80820554 0.93282515 1.1097689
[1699, 0.572963, 0.96169126, 5.1761074, 0.5791048] 2.4700265 1.2791667 0.86682963 0.9555873
[1700, 0.60084844, 0.75043416, 7.6337724, 0.614399] 2.4905126 0.9319115 0.8553179 0.91410744
[1701, 0.46805623, 0.7037871, 4.461026, 0.6314781] 2.1917748 0.99003077 0.92707074 1.0661552
[1702, 0.63914055, 0.7407336, 6.383957, 0.86671394] 2.461562 0.97138107 0.8292987 0.97258615
[1703, 0.48015654, 1.0129936, 5.830718, 0.5689133] 2.580626 1.0970061 0.85638857 1.0462474
[1704, 0.579354, 0.9517887, 5.3955107, 0.50998175] 2.6921341 0.84508556 0.8743795 1.1802665
[1705, 0.541854, 0.99184555, 6.3109083, 0.87749666] 2.5346243 0.927217 0.9020859 1.1424148
[1706, 0.49841374, 0.9620565, 7.1388216, 0.82212913] 2.3942275 0.9838515 0.9359898 1.161176
[1707, 0.58746475, 0.85194755, 6.278264, 0.88082385] 2.4885604 1.0446049 0.76886076 1.0531567
[1708, 0.4647333, 0.9415173, 6.9957347, 0.71655124] 2.4044971 0.9063394 1.0208993 1.107264
[1709, 0.49779868, 1.0120875, 4.831101, 0.60593534] 2.6578362 0.9451153 0.97144437 1.2344499
[1710, 0.5928917, 0.91640675, 4.217597, 0.45030195] 2.9188251 0.95257396 0.77224964 0.90745866
[1711, 0.4801754, 0.88585925, 7.528553, 0.76416856] 2.4738576 1.0900557 0.8618161 0.85503435
[1712, 0.46093053, 0.83356667, 7.623937, 0.5702313] 2.2137692 1.1796452 0.87689644 1.1728979
[1713, 0.49029335, 1.0192735, 5.1749377, 0.5524164] 2.6294138 0.9588858 0.85616595 1.0832227
[1714, 0.480516, 1.0212319, 5.0445566, 0.5125771] 2.7096379 1.0071518 0.83968604 1.0640221
[1715, 0.48654318, 0.9996704, 6.4676824, 0.9748012] 2.617003 0.95542145 0.8435442 1.0202783
[1716, 0.43869993, 0.96737546, 8.590808, 0.6996564] 2.4367042 1.0159359 0.9136904 1.0276582
[1717, 0.53186256, 1.0029618, 5.0939097, 0.4817786] 2.8700602 0.85356146 0.7484813 0.95146316
[1718, 0.48896867, 1.0380447, 4.535749, 0.4513534] 2.9197283 0.84730643 0.7272523 1.0213472
[1719, 0.5683301, 0.93443793, 5.5438924, 0.89291626] 2.625559 0.8738262 0.8652231 1.0567541
[1720, 0.54957896, 0.9680496, 4.993773, 0.49962038] 2.675682 0.8963334 0.79829377 1.3041297
[1721, 0.48410287, 0.9922835, 4.490224, 0.64700097] 2.6856127 1.100776 0.97278106 0.9332054
[1722, 0.36682284, 1.0867301, 5.4750924, 0.54530525] 2.6878154 0.83784574 0.9366693 1.0685861
[1723, 0.40146068, 1.0879346, 5.8402915, 0.62696284] 2.5672143 1.0416101 0.9179942 1.0544611
[1724, 0.43659875, 0.9932149, 6.722866, 0.7105505] 2.3603501 0.9755027 0.9303843 1.3131412
[1725, 0.51996714, 0.95832396, 7.039063, 0.8534901] 2.5337996 0.8998941 0.89298755 1.0105277
[1726, 0.5469053, 0.7400994, 4.738813, 0.5564409] 2.4105575 0.8394083 0.90231436 1.0082083
[1727, 0.53582245, 0.92317, 6.7452574, 0.87803453] 2.3453288 1.039882 0.9072279 1.2115012
[1728, 0.4265683, 1.051449, 4.2436748, 0.68231905] 2.778852 0.92640483 0.8995484 1.0155993
[1729, 0.5540743, 0.95613855, 6.4050245, 0.8008402] 2.4661126 0.9653999 0.88214034 1.272973
[1730, 0.50092214, 1.0185848, 4.9105268, 0.5694147] 2.8000786 1.0298766 0.91190326 0.89769936
[1731, 0.5409705, 0.9286359, 8.051292, 0.8582903] 2.6353636 0.82006735 0.8279519 0.97890526
[1732, 0.4588958, 0.9992467, 6.1309614, 0.8257745] 2.5127091 0.8650943 0.9293916 1.188693
[1733, 0.47709054, 1.0375212, 4.6320376, 0.49274534] 2.7934966 0.95412827 0.87891644 1.0730377
[1734, 0.5290949, 0.9795252, 4.497799, 0.59143317] 2.7917054 1.0420531 0.845751 0.97297186
[1735, 0.4598929, 1.0058235, 6.4901633, 0.7101463] 2.4771712 1.0320718 0.8404301 1.1552966
[1736, 0.47039902, 0.9758663, 7.369323, 0.65023685] 2.4240327 1.0742276 0.8582002 1.0881716
[1737, 0.48207816, 0.9128968, 8.994994, 0.67300373] 2.4935493 1.0230285 0.8707377 0.91483927
[1738, 0.57881004, 0.9295978, 6.007713, 0.37456918] 2.6370344 0.9391194 0.7906508 0.98863065
[1739, 0.5329664, 0.95084894, 6.7238855, 0.4822544] 2.6128302 0.94988865 0.83142316 0.95887464
[1740, 0.516361, 0.938311, 5.502334, 0.64567477] 2.4880764 0.9865314 0.80250317 1.2125623
[1741, 0.5084058, 0.9939566, 7.1727233, 0.79128504] 2.4079669 0.9837471 0.9227316 1.2216291
[1742, 0.40270954, 1.0266871, 6.290935, 0.90592486] 2.5220778 0.90722156 0.9184973 1.0642244
[1743, 0.6169192, 0.716343, 6.215725, 0.47727588] 2.3530874 0.9529363 0.91352284 1.0254681
[1744, 0.5481501, 0.87359756, 7.944948, 0.72582895] 2.4514468 1.0465887 0.99496067 0.91101027
[1745, 0.37983164, 1.0757773, 5.0093727, 0.728784] 2.5380647 0.90417993 0.96576196 1.1905664
[1746, 0.48574343, 1.0321759, 5.7350903, 0.6649132] 2.5701993 0.9880935 0.88510317 1.0763172
[1747, 0.5942716, 0.93083656, 3.96052, 0.4857224] 2.7735827 0.82836807 0.9229099 1.2478156
[1748, 0.43280077, 1.0431142, 4.3580947, 0.49048877] 2.5649378 0.959618 0.852027 1.1840298
[1749, 0.50357383, 1.0123444, 3.6645987, 0.59015954] 2.8244061 1.083438 0.7302313 1.0683872
[1750, 0.4819883, 1.0193354, 4.5142803, 0.46307594] 2.885643 0.87539977 0.72920686 0.95858157
[1751, 0.6235618, 0.77790666, 7.3253527, 0.6332962] 2.324281 0.95844203 1.005316 1.1296755
[1752, 0.5487198, 0.9513492, 6.1265993, 0.7495653] 2.3845763 1.11727 0.9015548 1.2373924
[1753, 0.5114765, 0.98007524, 5.236943, 0.769681] 2.5268874 1.1075121 0.8446424 1.020339
[1754, 0.56948674, 0.79150176, 6.863052, 0.5774311] 2.3510275 1.0022874 0.9192094 1.078194
[1755, 0.5378325, 0.96633214, 5.8961406, 0.60303444] 2.576103 0.9984463 0.75588685 1.130523
[1756, 0.5537617, 0.93896616, 6.3095827, 0.6489598] 2.5558193 1.018858 0.75652105 1.0820618
[1757, 0.4813814, 0.9902113, 6.4015703, 0.83876896] 2.5177286 0.86683935 0.9783381 1.1025484
[1758, 0.60613936, 0.7322816, 6.1449904, 0.39294684] 2.2910113 0.90990067 0.7695363 1.2955859
[1759, 0.54731405, 0.9849, 5.1411467, 0.5348663] 2.6489606 0.9432477 0.8166159 1.1450851
[1760, 0.6771077, 0.60639924, 4.190791, 0.65949905] 2.2197948 1.0344807 0.8722848 1.1373057
[1761, 0.3491365, 1.0828475, 5.50421, 0.6704053] 2.6380413 0.9538564 0.86188483 1.0523964
[1762, 0.6046191, 0.9044818, 5.805142, 0.5856521] 2.5584795 1.0168976 0.7477694 1.1553693
[1763, 0.5272874, 0.97006315, 8.208289, 0.90916324] 2.5056975 0.95664537 0.86760503 1.0793608
[1764, 0.5363143, 1.0094268, 4.2738166, 0.76251537] 2.7935526 1.0310872 0.9368513 1.0171591
[1765, 0.51568025, 1.0280943, 3.099364, 0.8520626] 3.0750115 0.9122911 0.86482275 1.0168669
[1766, 0.7197996, 0.7679473, 3.8737493, 0.62147254] 2.7935312 0.85569793 0.92714953 1.042254
[1767, 0.48715118, 0.9981972, 5.089929, 0.628281] 2.5279055 1.0135967 0.9214976 1.1513226
[1768, 0.28066468, 1.0088291, 6.307502, 0.5426039] 2.440379 0.9471694 0.91940385 1.1017137
[1769, 0.51542383, 0.7883132, 5.9861, 0.48512292] 2.1766968 0.94977933 0.9358742 1.33146
[1770, 0.51134664, 0.87342817, 7.858624, 0.56750804] 2.4637363 1.0305908 0.7930671 0.9968121
[1771, 0.48828393, 0.8503476, 7.086785, 0.6745811] 2.2509549 0.94642013 1.0087006 1.2277763
[1772, 0.4209806, 1.0247109, 6.5193734, 0.81915945] 2.5232584 1.0363494 0.87389284 0.9867722
[1773, 0.44912148, 1.0571371, 4.9427586, 0.42828965] 2.7117636 1.0682102 0.75249153 1.1601247
[1774, 0.47076875, 1.0385598, 6.649887, 0.83456904] 2.4759314 1.0036536 0.90578383 1.1721267
[1775, 0.47166628, 0.92581993, 7.6678195, 0.8552201] 2.3638575 1.0057311 0.96875876 1.1375537
[1776, 0.5168976, 0.7823402, 5.4923916, 0.6491936] 2.2953727 0.95507646 0.9601964 1.062972
[1777, 0.5357231, 0.99325997, 4.902031, 0.38843188] 2.666367 0.97522336 0.8317061 1.0406451
[1778, 0.4318848, 1.0488801, 4.4718776, 0.4912794] 2.7976024 0.9196132 0.817597 1.1393207
[1779, 0.45236486, 1.0314949, 4.024467, 0.5899003] 2.9041352 0.97128606 0.8124719 1.0027531
[1780, 0.57153815, 0.96805, 7.2984986, 0.86829126] 2.4472337 0.937536 0.9838072 1.2262583
[1781, 0.49363306, 0.68239206, 5.043813, 0.5448891] 2.2096515 1.0252806 0.8850972 1.0151482
[1782, 0.49153692, 1.0223887, 5.3503003, 0.45743203] 2.517957 1.0734318 0.8491737 1.292265
[1783, 0.7269561, 0.6324679, 7.00835, 0.5526851] 2.3858595 0.8884764 0.8070023 1.1612928
[1784, 0.52145547, 0.956543, 6.6507454, 0.9649388] 2.5627658 0.85194415 0.84085035 1.134741
[1785, 0.6142752, 0.9033871, 3.7017217, 0.77113706] 2.841543 0.7256118 0.8967076 1.2350725
[1786, 0.45813656, 1.0162412, 4.798873, 0.40294307] 2.7832167 1.0136658 0.79162085 1.007692
[1787, 0.48489186, 0.967109, 7.100679, 0.6773433] 2.450282 0.9767618 0.92654294 1.1004194
[1788, 0.33727953, 1.0905179, 4.1737266, 0.50305253] 2.8863387 0.91749024 0.890066 0.9815334
[1789, 0.56141937, 0.96651584, 5.0809364, 0.49496204] 2.783417 0.9740764 0.7086573 0.98892415
[1790, 0.5032041, 1.0224017, 3.7677982, 0.815387] 2.905736 0.9994995 0.73615086 1.0247546
[1791, 0.5130384, 0.94839865, 6.2951193, 0.66330016] 2.7099812 0.8562848 0.78672343 0.9145817
[1792, 0.44128096, 1.0100273, 7.3871956, 0.9934464] 2.4067442 1.0245259 0.8866129 1.175944
[1793, 0.5505844, 0.8000542, 6.9696293, 0.3785349] 2.4289966 0.95502144 0.92503655 0.9505855
[1794, 0.5664522, 0.94437194, 5.898963, 0.72496974] 2.463238 1.0748736 0.8289817 1.1840636
[1795, 0.46987477, 1.0319494, 4.8913226, 0.6639128] 2.683084 1.0263628 0.8418168 1.0312828
[1796, 0.5129454, 1.0213717, 5.938823, 0.3840369] 2.494075 1.1483595 0.8920228 1.1896966
[1797, 0.5624486, 0.88893306, 6.457829, 0.5678604] 2.4743803 0.94266516 0.91801995 1.1085196
[1798, 0.505898, 0.95689714, 7.919164, 0.649114] 2.4208243 0.9972944 0.8633097 1.1591287
[1799, 0.36525923, 0.9746037, 8.113369, 0.87155664] 2.3459187 0.94969463 0.9226587 1.2532352
[1800, 0.59579116, 0.68169427, 5.324384, 0.5261938] 2.2222908 0.90784776 0.9791566 1.2121979
[1801, 0.4655855, 1.0591218, 4.5870185, 0.46611422] 2.6466196 0.96375036 0.7939205 1.2605402
[1802, 0.5371978, 0.9770695, 6.6171923, 0.6916627] 2.428923 1.0485706 0.94679976 1.1295339
[1803, 0.4262613, 1.0725254, 5.522547, 0.74918765] 2.6267035 0.9906222 0.9722249 1.0642214
[1804, 0.5216973, 0.9912243, 6.1003084, 0.88193536] 2.4768765 1.0309674 0.87281764 1.1656982
[1805, 0.4717936, 0.7836861, 4.4021373, 0.7175069] 2.20687 0.7814723 0.935295 1.3820056
[1806, 0.5667126, 0.97619236, 3.9155254, 0.60340077] 2.8084333 1.0462397 0.89726627 1.1042986
[1807, 0.5420348, 0.96544397, 3.5181837, 0.6496119] 2.9345074 0.8082812 0.8124273 1.1917269
[1808, 0.48880357, 1.0019332, 4.6614976, 0.6244719] 2.5303862 0.9510392 0.9695369 1.2511976
[1809, 0.50874645, 0.99666, 4.941946, 0.35153133] 2.5016088 1.1506834 0.97922003 1.02461
[1810, 0.5040475, 0.97952235, 5.6376414, 0.94736063] 2.6121752 1.0720178 0.8687312 0.8231568
[1811, 0.53541964, 1.0003371, 3.6866972, 0.5993101] 2.9306986 0.8291811 0.86058193 1.0603577
[1812, 0.56904227, 0.9714865, 6.04311, 0.7079251] 2.552069 0.9760624 0.9601199 1.0018572
[1813, 0.50524306, 0.97895855, 3.640065, 0.68832856] 2.7746665 1.0655214 0.82385993 1.2000854
[1814, 0.5243733, 0.98074585, 4.9637675, 0.5406646] 2.5834258 1.1303351 0.8639235 1.1226841
[1815, 0.4879132, 0.9591584, 6.926015, 0.8435717] 2.3546333 1.0058911 0.9989063 1.1839375
[1816, 0.57305026, 0.79769194, 6.44861, 0.44315013] 2.506155 0.8506875 0.8353219 0.96842635
[1817, 0.5585929, 0.763608, 5.960663, 0.646376] 2.3751192 0.86976373 0.8523185 1.1071831
[1818, 0.59644985, 0.6625277, 4.6798515, 0.86069566] 2.396659 0.9481256 0.8120333 0.91864824
[1819, 0.43604407, 1.0913581, 5.9330463, 0.67237246] 2.5221782 0.89263105 1.0531666 1.1941434
[1820, 0.5479107, 1.0362959, 2.1661773, 0.6240509] 3.181559 0.93719286 0.85595185 1.2190788
[1821, 0.528453, 0.8613742, 7.137038, 0.81936014] 2.489038 0.88516206 0.94011146 1.0359979
[1822, 0.485769, 1.0268537, 4.9941177, 0.65823036] 2.7087095 1.0382376 0.8513298 0.9506085
[1823, 0.5112606, 1.0214285, 4.38929, 0.5041636] 2.8149297 0.9323345 0.7829363 1.0664463
[1824, 0.52989, 0.97883105, 4.733042, 0.69875526] 2.7122915 0.8549026 0.8515215 1.2291801
[1825, 0.4801214, 1.0159593, 5.016441, 0.62082905] 2.7823927 0.88656914 0.87578225 1.0500216
[1826, 0.6554649, 0.7531318, 8.179649, 0.7313006] 2.232335 1.1160877 0.85413045 1.3030008
[1827, 0.550294, 0.97419584, 5.895648, 0.65619594] 2.5975006 0.88134384 0.9832128 1.1192753
[1828, 0.5492507, 0.9752087, 4.679046, 0.5320191] 2.6043415 0.89472914 0.795311 1.2312304
[1829, 0.4899447, 1.0059103, 5.9703307, 0.60497564] 2.6884255 0.8536114 0.71302164 1.1209325
[1830, 0.46495453, 1.0329173, 4.449916, 0.6370516] 2.6625335 1.0596108 0.7873782 1.10156
[1831, 0.5096332, 0.9698355, 4.9122424, 0.5854832] 2.603063 1.1722126 0.8089003 0.8668675
[1832, 0.47238883, 0.9139311, 6.706215, 0.66928786] 2.5012078 0.91063607 0.831344 1.0403425
[1833, 0.5666266, 0.7527527, 6.2681785, 0.60786235] 2.4551184 1.0064138 0.831912 0.8982963
[1834, 0.5994981, 0.77588564, 6.641481, 0.6585079] 2.4755118 0.7942386 0.89089376 1.0435793
[1835, 0.554588, 0.9683544, 3.9187372, 0.8137996] 2.9656925 1.1052382 0.66665196 0.96368206
[1836, 0.5451188, 0.9955803, 4.3131857, 0.4954455] 2.5446305 1.0766077 0.9110632 1.3227123
[1837, 0.49061412, 0.9176752, 8.448654, 0.6859215] 2.3194637 0.93432254 0.9979197 1.217732
[1838, 0.5733746, 0.9597865, 6.4984365, 0.8472956] 2.5436602 1.0112246 0.8939674 0.98769647
[1839, 0.5833967, 0.917534, 3.6122808, 0.45607898] 2.8183298 1.1283866 0.8350803 1.0346378
[1840, 0.5248168, 0.99593306, 5.1426296, 0.8167344] 2.638623 1.08158 0.8971769 0.9200861
[1841, 0.624996, 0.9028088, 4.1023808, 0.487689] 2.7969534 0.99993396 0.7994143 1.1901978
[1842, 0.3886969, 1.0535495, 5.900677, 0.5492183] 2.6594296 0.86616147 0.83703274 1.011233
[1843, 0.5744367, 0.9509614, 3.2185774, 0.7088776] 3.0421405 0.90053314 0.8608719 1.0100541
[1844, 0.5193245, 0.90472454, 6.9784184, 0.5379043] 2.5321276 0.97111785 0.77218175 1.0582126
[1845, 0.5908993, 0.7793653, 8.184719, 0.3566468] 2.2406993 1.0825782 0.83680993 1.2952173
[1846, 0.5456261, 0.79986364, 6.187404, 0.699299] 2.428935 0.81316555 0.80295795 1.1126366
[1847, 0.44288966, 1.056058, 5.5672956, 0.98713046] 2.53339 0.8871747 0.93467534 1.100445
[1848, 0.6053247, 0.92492795, 3.8286834, 0.47267595] 2.8464653 1.0077931 0.7623251 1.1324271
[1849, 0.45146123, 1.0619351, 5.1241026, 0.65882605] 2.6940591 0.8822206 0.89413446 1.1418409
[1850, 0.5036233, 1.002565, 4.120982, 0.46441442] 2.9318342 0.8296442 0.8032841 0.9875049
[1851, 0.46865615, 0.9810074, 7.1322026, 0.72779906] 2.4595573 1.1355112 0.90589124 1.0117404
[1852, 0.5582525, 0.9782531, 3.1667204, 0.71904594] 3.0065289 0.9725524 0.76828694 1.0816708
[1853, 0.5087489, 1.0095494, 3.9700089, 0.53656936] 2.9066417 0.8527669 0.90424615 1.1419924
[1854, 0.46387634, 1.0671629, 5.3378677, 0.6543259] 2.8468535 0.81865394 0.79664224 0.94475836
[1855, 0.32347792, 1.0949949, 4.4466105, 0.5662359] 2.782195 1.0512012 0.80778605 1.0623462
[1856, 0.55436075, 0.91759026, 6.8832526, 0.6934761] 2.5478933 0.98924214 0.85024387 1.0581826
[1857, 0.5781304, 0.9618297, 3.7839162, 0.57010126] 2.9225152 0.92080814 0.79543716 1.1834701
[1858, 0.5008642, 0.91420627, 8.552955, 0.92058253] 2.5479236 0.8116958 0.849774 1.0763085
[1859, 0.52149886, 1.0220925, 5.597248, 0.812819] 2.5478373 0.9605523 0.801565 1.2579473
[1860, 0.59982514, 0.9180834, 6.260579, 0.6299199] 2.5912566 0.9950977 0.75835073 1.0939697
[1861, 0.5303676, 1.0159256, 6.0405526, 0.6079774] 2.6798065 1.0070617 0.76101655 0.9791899
[1862, 0.535359, 0.97520757, 4.477515, 0.4261841] 2.7257953 0.84767395 0.810202 1.1772271
[1863, 0.5580649, 0.65607166, 4.699338, 0.4893576] 2.1487913 0.9840282 0.8533233 1.2319509
[1864, 0.5214286, 0.885646, 6.9597096, 0.48512983] 2.5515518 1.0621257 0.7111643 0.9801763
[1865, 0.45673683, 1.0242605, 4.353203, 0.5265165] 2.8676124 0.8764889 0.78744686 1.0473381
[1866, 0.49857125, 1.0549254, 4.24118, 0.3733139] 2.7527902 1.0400354 0.7666365 1.2412875
[1867, 0.41378963, 1.0399253, 6.3600025, 0.9435327] 2.5965679 1.0147007 0.74161077 1.0610919
[1868, 0.48469839, 1.0233098, 4.901939, 0.5355464] 2.6268551 1.0271096 1.010908 1.0162308
[1869, 0.5600904, 0.9522403, 5.3455524, 0.71044415] 2.51938 1.0239313 0.8832537 1.084081
[1870, 0.45021236, 0.89723384, 8.418864, 0.74241537] 2.365939 0.98680884 0.84905434 1.1702852
[1871, 0.49921095, 1.029773, 4.7129774, 0.40569678] 2.5645423 1.0636009 0.8202357 1.1509192
[1872, 0.34581354, 1.0974938, 5.842593, 0.7807016] 2.6662865 0.8749549 0.8632382 1.1006961
[1873, 0.5047971, 1.0041678, 5.3457656, 0.69601625] 2.657797 0.9279151 0.8970527 1.1249226
[1874, 0.5294999, 1.0171136, 5.6840644, 0.88624805] 2.6002934 0.9298187 0.7478498 1.1686242
[1875, 0.49438304, 1.0232637, 3.5519779, 0.60422903] 2.707201 1.0989499 1.0067319 1.0799474
[1876, 0.62238985, 0.8916227, 6.486515, 0.49031073] 2.5260606 0.8619328 0.76272 1.2800955
[1877, 0.3052208, 1.0848079, 5.413565, 0.52098316] 2.5698442 1.0653994 0.951324 1.0952796
[1878, 0.5194048, 0.83060884, 6.581417, 0.5952633] 2.3295734 1.0328344 0.85157204 1.1326092
[1879, 0.44901952, 1.0551281, 5.004291, 0.3951055] 2.7547197 0.9216572 0.7779946 1.0075816
[1880, 0.52029115, 0.9840531, 6.321324, 0.728813] 2.4821734 0.9712326 0.8875982 1.1775354
[1881, 0.6338213, 0.77782327, 7.8322206, 0.5211805] 2.4765613 1.0571975 0.7053488 0.9713254
[1882, 0.4956908, 0.8936568, 7.4153776, 0.85966307] 2.4336457 0.91907656 0.9831518 1.0028929
[1883, 0.6450331, 0.7634852, 7.403256, 0.70665866] 2.4560683 0.8599791 0.869747 1.1401019
[1884, 0.46205553, 0.9334812, 8.657931, 0.8354451] 2.398567 0.9231386 0.8889743 1.1934162
[1885, 0.510493, 0.7019768, 4.8709874, 0.4488273] 2.2761972 0.9483926 0.9249337 0.9893348
[1886, 0.55153716, 0.9878879, 5.1487045, 0.45570305] 2.676462 0.90273964 0.8715081 1.1613327
[1887, 0.54925144, 0.89864624, 6.6748075, 0.8046037] 2.4852207 0.9528637 0.87741864 1.0522336
[1888, 0.56359416, 0.965051, 5.4435015, 0.7274964] 2.4796336 1.0605356 1.0456169 1.0980804
[1889, 0.4807558, 1.0166732, 5.710543, 0.64914113] 2.6552465 0.90785545 0.82972306 0.99705493
[1890, 0.49845356, 1.0091076, 4.4556246, 0.41703522] 2.8533719 0.9342693 0.81046605 0.96311575
[1891, 0.53412426, 0.9054441, 8.804127, 0.76681954] 2.5262935 0.8847812 0.89302224 1.0087842
[1892, 0.6380584, 0.7655575, 6.1871367, 0.5030805] 2.4178638 1.0121393 0.9191124 0.94796705
[1893, 0.5180948, 0.99841994, 4.4692426, 0.48409387] 2.7878911 0.86129254 0.82156897 1.0972562
[1894, 0.4720593, 1.0132513, 5.393587, 0.56447136] 2.661994 0.9261808 0.8251649 1.0540426
[1895, 0.6077254, 0.77357036, 6.8953285, 0.89373] 2.3522336 0.9332404 0.86316764 1.2139726
[1896, 0.58253896, 0.81030804, 6.970846, 0.6899492] 2.441306 0.90588474 0.8788302 1.0760047
[1897, 0.5083508, 0.6182863, 4.1820097, 0.6214583] 2.15882 1.0239373 0.86528647 1.0399147
[1898, 0.48425993, 1.0277123, 4.155742, 0.9797667] 2.7943504 0.9382581 0.85860074 1.1628261
[1899, 0.6310028, 0.89503896, 4.5933757, 0.71334136] 2.6923246 0.95308167 0.87500596 1.3321657
[1900, 0.47233933, 0.94430596, 7.9619746, 0.62043715] 2.434532 0.93422675 0.8719305 1.1503828
[1901, 0.47369733, 1.0129484, 4.167585, 0.7161091] 2.8710425 0.9103811 0.8542429 1.0248564
[1902, 0.545656, 0.9701209, 4.8836503, 0.6401591] 2.6692688 0.8268056 0.96615237 1.2037635
[1903, 0.56041515, 0.9634965, 3.9777377, 0.80511373] 2.665294 1.0367702 0.89053243 1.2427707
[1904, 0.57452977, 0.9645558, 3.1362936, 0.55511206] 2.9675853 0.85545766 0.96748525 0.98991776
[1905, 0.5500935, 0.9611713, 4.9878, 0.55391556] 2.4257295 1.037254 0.9837657 1.250958
[1906, 0.42480576, 1.0549905, 4.9342785, 0.53868365] 2.7057128 0.91514695 0.8867723 1.0586985
[1907, 0.4726568, 1.0243262, 4.253549, 0.46065503] 2.7931988 1.0621477 0.85703796 1.0768268
[1908, 0.41204205, 0.6769885, 2.862192, 0.6056] 2.2306142 0.879429 0.98376215 1.0220585
[1909, 0.5000415, 0.9791131, 6.0579042, 0.57522666] 2.543205 0.99445033 0.8878818 1.043973
[1910, 0.35998157, 1.0697309, 4.9960475, 0.49935833] 2.6101856 0.9435159 0.7851945 1.2926916
[1911, 0.42861328, 1.023805, 4.547219, 0.4818161] 2.7628481 0.9312439 0.8205741 1.142691
[1912, 0.52984786, 1.001406, 3.6704867, 0.59886694] 3.0483751 0.8945352 0.7804515 0.9298006
[1913, 0.47375742, 1.0472816, 3.7444625, 0.46814921] 2.8674624 1.0673162 0.8694486 1.113212
[1914, 0.4460767, 1.082689, 4.0304594, 0.97046304] 2.7227392 1.0581491 0.9563064 1.1649915
[1915, 0.49555108, 1.0288916, 5.3964806, 0.6775288] 2.6621964 1.0011778 0.78989947 1.1040018
[1916, 0.40128502, 1.075586, 4.448969, 0.52240205] 2.5433242 1.15569 0.90712655 1.194864
[1917, 0.5555352, 0.71172756, 4.900772, 0.5527583] 2.2383168 0.90016973 1.0983082 1.0320382
[1918, 0.60166353, 0.94445074, 5.035958, 0.48808265] 2.7109332 0.8330988 0.9580958 1.0942057
[1919, 0.58769035, 0.74043536, 5.4150953, 0.49904466] 2.326013 0.98981994 0.8469698 1.0442564
[1920, 0.54044694, 0.95248234, 6.061417, 0.61048913] 2.465222 0.90327775 0.876535 1.2781342
[1921, 0.62231356, 0.68136483, 6.044551, 0.7371983] 2.3757489 1.0024018 0.83604276 0.9289118
[1922, 0.43755463, 0.8507167, 6.402977, 0.52525103] 2.2849238 1.0758504 1.007971 0.97277725
[1923, 0.5775512, 0.7606927, 5.6547036, 0.6784273] 2.4672005 0.8839745 0.83875144 0.908306
[1924, 0.49739936, 1.0182728, 6.2089076, 0.9463166] 2.645622 0.7769843 0.9060035 1.1097757
[1925, 0.44596913, 0.92695636, 7.4876313, 0.5427987] 2.4571185 1.0664732 0.91276133 0.92449546
[1926, 0.50204843, 0.9644012, 7.022596, 0.6911303] 2.609922 1.0096316 0.75710577 0.9699789
[1927, 0.55691415, 0.95089024, 4.2826643, 0.39896846] 2.8309863 0.92141825 0.8368996 1.0184126
[1928, 0.54625565, 0.89729214, 6.8453546, 0.64677745] 2.5913677 0.90469325 0.7818384 1.0391128
[1929, 0.5091473, 1.0028294, 4.916622, 0.6402219] 2.645733 0.99720067 0.82008636 1.0261784
[1930, 0.4532026, 0.9302658, 7.484764, 0.7927703] 2.463791 0.98786503 0.9438094 0.9226367
[1931, 0.608843, 0.7575068, 6.7209907, 0.696012] 2.451699 0.93926185 0.9264075 0.88410956
[1932, 0.48158687, 1.0223587, 5.9957085, 0.7119154] 2.642187 0.9607947 0.8581984 0.9199145
[1933, 0.5695063, 0.86395943, 7.09182, 0.73371685] 2.5790138 0.99162936 0.8779597 0.77376664
[1934, 0.62798244, 0.84546816, 7.0812807, 0.912506] 2.4809475 0.9803993 0.9050837 1.0425464
[1935, 0.51275724, 0.98506665, 5.568788, 0.9296306] 2.7225697 0.91045386 0.8286313 0.90630704
[1936, 0.51770663, 0.9610101, 5.4499846, 0.43797565] 2.507575 1.0858668 0.827832 1.1216509
[1937, 0.429352, 1.0668813, 5.5178037, 0.7096805] 2.6564054 0.8947314 0.9350434 1.0751005
[1938, 0.46795848, 1.0635616, 5.3626227, 0.5081911] 2.7407916 1.0264466 0.8053121 0.97917277
[1939, 0.5397745, 0.9055621, 7.851145, 0.6734314] 2.509518 0.98098856 0.79749805 1.0850245
[1940, 0.5435495, 0.92976457, 6.7233586, 0.77486277] 2.4681668 0.94174016 0.8739699 1.1603277
[1941, 0.57039803, 0.95508194, 6.0784435, 0.6848158] 2.5189981 0.9205057 0.8191216 1.3243679
[1942, 0.57781565, 0.97743845, 3.002514, 0.8365816] 3.0610898 1.1061112 0.78776586 0.88288736
[1943, 0.48046973, 1.0256519, 5.9943004, 0.73493123] 2.6388333 1.0237296 0.85296947 0.9167243
[1944, 0.4253893, 1.0244455, 6.859959, 0.95027214] 2.53591 0.8917312 0.8528409 1.1621443
[1945, 0.52737814, 0.9887163, 5.649492, 0.7369521] 2.4130938 1.0923029 0.87273085 1.2505258
[1946, 0.49204186, 1.0230687, 5.4118233, 0.7643472] 2.6444256 0.8917809 0.9384327 1.1754439
[1947, 0.46492246, 1.0209068, 4.001044, 0.51443017] 2.7581856 0.9987949 0.78904086 1.1084768
[1948, 0.49423516, 1.0368471, 5.7243075, 0.5745817] 2.4435232 1.0387496 0.8156528 1.294504
[1949, 0.56156135, 0.9490769, 5.45629, 0.8003973] 2.698742 0.8622303 0.82262295 1.0691173
[1950, 0.52302504, 0.85413605, 7.470739, 0.5661502] 2.4182734 1.0246675 0.9289592 0.932385
[1951, 0.5429101, 0.9924816, 4.3934965, 0.49127808] 2.8605926 0.9268156 0.7956477 1.0540336
[1952, 0.4182826, 1.0064707, 6.7128754, 0.624188] 2.4853542 0.88759404 0.9777848 1.028682
[1953, 0.6468526, 0.8496409, 7.5198493, 0.82755333] 2.5081336 1.033375 0.76800144 1.0956631
[1954, 0.48810142, 1.0225755, 5.1557302, 0.626175] 2.6403036 1.0558008 0.8688115 1.123036
[1955, 0.4370234, 1.0419093, 3.4598489, 0.64256454] 2.9213743 0.98187953 0.8749838 1.0210141
[1956, 0.70129776, 0.6281121, 5.1230373, 0.53314406] 2.273769 0.9602528 0.9693674 1.0730596
[1957, 0.49712235, 0.715029, 4.448417, 0.5890474] 2.3457959 0.83234286 0.9124385 1.0126272
[1958, 0.4531615, 1.0293031, 6.6276407, 0.6049626] 2.5248792 0.95794475 0.7654344 1.219836
[1959, 0.519689, 1.0045297, 5.4538174, 0.63343465] 2.621309 1.0927621 0.8563297 0.9432923
[1960, 0.54947686, 0.9977738, 4.5740814, 0.5148508] 2.8192544 1.0008116 0.8808966 0.9506112
[1961, 0.51029694, 0.9753431, 5.646919, 0.66239756] 2.4435718 1.1558158 0.8354419 1.1659464
[1962, 0.46607614, 0.9561124, 8.941926, 0.61564827] 2.440154 0.9806144 0.9408341 1.0450828
[1963, 0.4966827, 0.9698023, 6.4126997, 0.91172874] 2.507346 0.9610564 0.9128799 1.0184373
[1964, 0.45241097, 1.069379, 5.3207817, 0.6653517] 2.7347038 0.9615519 0.9320745 0.9397632
[1965, 0.40741497, 1.0210721, 6.3999157, 0.7338854] 2.4379478 0.8438186 1.027907 1.2334164
[1966, 0.65564865, 0.8809944, 5.319049, 0.51021767] 2.6553233 0.88637525 0.859273 1.1177233
[1967, 0.45875597, 0.98614126, 6.4764857, 0.7270235] 2.528951 0.86702627 0.8024773 1.207989
[1968, 0.5740092, 0.70549697, 5.925349, 0.43365094] 2.2601635 0.94758564 0.9140559 1.1427218
[1969, 0.5126991, 0.9865427, 5.9571114, 0.93353117] 2.4929824 1.0107257 0.8810762 1.1170303
[1970, 0.3900548, 1.0834018, 4.5828404, 0.582346] 2.7539432 1.109598 0.794654 1.0370507
[1971, 0.5047328, 0.9889806, 5.133006, 0.8804688] 2.6467347 0.76840997 0.8748077 1.2197083
[1972, 0.51661336, 0.9009869, 7.057408, 0.7651906] 2.3241842 0.857813 1.0677867 1.2339747
[1973, 0.5868851, 0.89837295, 5.97952, 0.7111881] 2.622532 0.9791946 0.7921842 0.90962124
[1974, 0.519328, 1.0136963, 3.6822052, 0.7343399] 2.9738877 0.9361732 0.9093412 1.0592859
[1975, 0.43276113, 1.0566868, 5.354353, 0.8228108] 2.6246862 1.0165156 0.76722795 1.0608522
[1976, 0.52485347, 0.8056648, 7.0087814, 0.64882374] 2.3234928 0.93022877 0.95503205 1.0905467
[1977, 0.5242952, 0.9001622, 9.217054, 0.6577948] 2.3353994 1.1278914 0.75990367 1.2405032
[1978, 0.5641928, 0.9642154, 3.4194736, 0.71906745] 2.9062543 0.86207676 0.8088287 1.152843
[1979, 0.6175241, 0.93106323, 4.2215595, 0.6193122] 2.768033 1.0846382 0.907942 1.0944523
[1980, 0.5640142, 0.87354726, 8.143309, 0.5874019] 2.6018467 0.95561486 0.7562601 0.91513807
[1981, 0.5644982, 0.6355777, 4.3062854, 0.46942466] 2.1673613 0.73075086 1.0659925 1.243778
[1982, 0.46179903, 1.0361212, 5.4956574, 0.5879279] 2.6482825 0.939617 0.90308094 1.0853058
[1983, 0.55182844, 0.98191607, 3.6249456, 0.78986865] 2.850625 0.89454335 0.7910392 1.2237238
[1984, 0.3446091, 1.0678682, 6.274357, 0.9189262] 2.693493 0.79086995 0.829619 1.0963999
[1985, 0.48200804, 0.9708515, 6.9554253, 0.53282046] 2.3893845 1.1107972 0.85119975 1.1377053
[1986, 0.5058089, 1.023675, 3.537194, 0.702926] 2.9393024 1.0111057 0.84199303 1.0546976
[1987, 0.5428155, 0.9685719, 3.863026, 0.53373396] 2.6747758 0.9182962 0.9783353 1.2606604
[1988, 0.5307855, 0.9619795, 3.2690146, 0.6114521] 3.0089808 0.9720106 0.7346294 1.0238409
[1989, 0.5434621, 0.9971374, 4.169735, 0.566242] 2.822591 0.95948863 0.86983377 1.027329
[1990, 0.58131635, 0.84107053, 8.505556, 0.770034] 2.34936 1.077365 0.89661396 1.0865874
[1991, 0.543981, 0.9448071, 6.2284155, 0.65843415] 2.6145737 1.0312272 0.78409547 1.0417333
[1992, 0.4691925, 0.87343884, 7.3409643, 0.8509132] 2.3666258 0.918037 0.9541423 1.1604177
[1993, 0.59074444, 0.80947906, 8.097718, 0.92841667] 2.535158 0.9925988 0.7619848 0.9690031
[1994, 0.4947794, 0.8145624, 7.134986, 0.5453552] 2.3511643 1.0629513 0.8318532 1.0296227
[1995, 0.4833585, 1.0373843, 5.382686, 0.66854787] 2.5145674 1.0479008 0.92688644 1.0994587
[1996, 0.51928866, 0.87658, 7.225939, 0.70692205] 2.3655875 0.88232917 0.8817121 1.2165699
[1997, 0.63904905, 0.9063123, 3.1360857, 0.7450075] 2.8416317 0.9854005 0.9646567 1.249903
[1998, 0.4124176, 1.0808818, 4.9874377, 0.5614676] 2.6617844 1.0469334 0.86425024 1.003756
[1999, 0.49308208, 1.0180794, 5.4724255, 0.71034] 2.5732496 0.91592115 0.9504953 1.1259655
[2000, 0.4400665, 1.0330735, 5.9506245, 0.634797] 2.4570708 1.0865247 0.9298656 1.0941855
[2001, 0.45906752, 1.0032288, 4.827966, 0.580758] 2.6182396 0.8123517 0.9845782 1.1751082
[2002, 0.4834809, 1.0168968, 4.8375335, 0.8836826] 2.7215312 0.96852183 0.7336505 0.99623996
[2003, 0.5554823, 0.92075443, 6.754691, 0.7792366] 2.5838547 0.93803674 0.799742 1.011709
[2004, 0.608044, 0.9275716, 4.3402324, 0.58878714] 2.772626 0.922509 0.8137488 1.1088135
[2005, 0.47453234, 1.0111022, 6.032817, 0.60952115] 2.5136268 1.0532938 0.861637 1.0791992
[2006, 0.53773713, 0.93718666, 6.0195837, 0.62621415] 2.6264584 0.9818463 0.7323615 0.9355958
[2007, 0.4478421, 0.8415098, 6.6653357, 0.77676296] 2.421863 0.8225329 0.91079307 1.0849776
[2008, 0.4649048, 1.0214131, 5.9231086, 0.638373] 2.618744 0.8624851 0.93755597 1.13674
[2009, 0.4725674, 1.0232801, 5.261714, 0.57634646] 2.6135263 0.96579194 0.73955315 1.24291
[2010, 0.5946853, 0.86196864, 8.240282, 0.7884893] 2.4212265 0.87486666 0.8100814 1.2817404
[2011, 0.48492962, 1.0227574, 5.148609, 0.67358834] 2.8037364 0.90660805 0.79130495 0.92174107
[2012, 0.5314396, 0.97323835, 4.465823, 0.4739274] 2.764031 0.98608285 0.75018954 1.122102
[2013, 0.53348726, 0.7506073, 5.6858263, 0.48395854] 2.2341592 0.9508594 0.90877455 1.2210811
[2014, 0.41725653, 1.0708216, 5.454215, 0.72171384] 2.6221602 0.93752897 0.87895954 1.0752712
[2015, 0.62948877, 0.7099047, 5.7443647, 0.64464855] 2.3971362 0.9409707 0.8838216 0.98557496
[2016, 0.609031, 0.9158351, 6.1428456, 0.7618472] 2.4949322 0.9189197 0.87595975 1.3068691
[2017, 0.4988642, 1.0298539, 5.265469, 0.4827955] 2.4948304 1.0982231 0.96242046 1.1974229
[2018, 0.46938893, 1.0715, 6.2868867, 0.8578171] 2.4404788 1.0512753 0.9260872 1.2335734
[2019, 0.5697414, 0.9585567, 5.1895227, 0.5623788] 2.670048 1.0197281 0.73892283 0.99349254
[2020, 0.48357412, 0.97442794, 6.2251344, 0.44080052] 2.4011047 0.85538816 0.9420805 1.3050627
[2021, 0.5494202, 1.00903, 5.4454947, 0.6430084] 2.746577 1.0253123 0.9679259 0.8646706
[2022, 0.510408, 0.8955334, 7.4281344, 0.63033175] 2.3904548 0.94828725 0.8456387 1.2043419
[2023, 0.44731656, 0.7551887, 4.6882977, 0.80697876] 2.3503332 0.7933969 0.8680327 1.0887862
[2024, 0.4543133, 1.0515803, 5.8496785, 0.7526033] 2.6764803 0.97945124 0.9043755 1.0333874
[2025, 0.3994457, 1.0576339, 4.706095, 0.49491984] 2.7516963 0.90119284 0.8493237 1.177593
[2026, 0.48174915, 1.0304823, 4.291536, 0.37804165] 2.768106 0.9649774 0.744093 1.2327554
[2027, 0.5219468, 1.0157484, 5.5745683, 0.5000569] 2.6885364 0.9793364 0.8560229 1.0594928
[2028, 0.47296798, 1.0523169, 5.0078964, 0.57732123] 2.5775833 1.0416434 0.7805302 1.2827079
[2029, 0.4661701, 1.0047697, 6.4678264, 0.8860086] 2.6165893 0.9404406 0.97689533 0.8806272
[2030, 0.5365506, 0.66151845, 4.654124, 0.60676694] 2.0572214 0.9324655 1.0132333 1.2762682
[2031, 0.4451434, 0.83578056, 6.8844695, 0.61568576] 2.414438 0.83467966 0.9320321 1.0300903
[2032, 0.51971924, 0.8621629, 8.049704, 0.902344] 2.3914301 0.9579637 0.9091536 1.1656758
[2033, 0.4732518, 0.74952286, 4.5436425, 0.7188683] 2.375455 0.8606507 0.85833514 1.0110269
[2034, 0.5395635, 0.83612794, 6.426611, 0.8018388] 2.2968192 0.8901819 0.9626118 1.2409568
[2035, 0.41796508, 1.0753275, 5.2101307, 0.99319816] 2.6323907 0.97246957 0.8237288 1.0438713
[2036, 0.42687756, 1.0602783, 5.576199, 0.6009277] 2.5086179 1.1587138 0.90713614 1.0528797
[2037, 0.6430351, 0.8890339, 3.5248122, 0.80902255] 2.9215536 0.82612485 0.9948378 1.0984187
[2038, 0.541119, 0.9131658, 8.190488, 0.6056787] 2.502027 0.94784445 0.8084046 1.1202991
[2039, 0.5199787, 0.8511243, 7.854723, 0.6469046] 2.4148505 0.92959094 0.9035265 1.0874139
[2040, 0.482178, 0.9186315, 8.154309, 0.8782581] 2.3246245 0.953793 0.97103286 1.2310678
[2041, 0.5704342, 0.965282, 4.3747396, 0.4479031] 2.8475678 0.9911254 0.7654058 1.1139566
[2042, 0.53403646, 0.9885344, 5.9167204, 0.49604166] 2.5899804 0.9880485 0.85400414 1.1477686
[2043, 0.51621234, 1.0039192, 4.207457, 0.43636498] 2.6917903 1.0803776 0.7227362 1.2452095
[2044, 0.5209968, 0.9651829, 7.2653656, 0.6995183] 2.6641867 0.88247204 0.85373324 0.91137516
[2045, 0.62294614, 0.9109619, 3.3519602, 0.49815655] 2.9320724 0.790642 0.83632874 1.2672553
[2046, 0.54513645, 0.98562545, 5.1398854, 0.630172] 2.5387359 1.0141474 0.85862505 1.2102112
[2047, 0.45877698, 1.0348282, 6.254641, 0.9737606] 2.547008 0.98765296 0.8766679 1.062505
[2048, 0.580639, 0.91514176, 7.164222, 0.7011583] 2.4205673 1.1298087 0.820878 1.1133955
[2049, 0.38917774, 1.0736263, 5.747031, 0.5818047] 2.6038387 1.0180576 0.86917806 1.1535501
[2050, 0.4695632, 1.0253365, 4.3028955, 0.5290078] 2.8470914 0.90399164 0.7187499 1.1014205
[2051, 0.60495365, 0.79828423, 6.985353, 0.8796702] 2.4804268 0.81624275 0.94760597 1.0146624
[2052, 0.46467856, 1.0296181, 6.3882427, 0.6368756] 2.444536 1.1014092 0.9799304 1.025444
[2053, 0.56682026, 0.7890152, 7.4115686, 0.5234339] 2.3543878 0.9420808 0.9407672 1.1593589
[2054, 0.58972347, 0.9477103, 4.829888, 0.62663466] 2.6888242 0.7814559 0.91430247 1.2195767
[2055, 0.44927934, 0.949009, 7.578502, 0.9543921] 2.5157096 0.8639817 0.9427079 0.9916263
[2056, 0.4054027, 1.0768452, 4.6065593, 0.39793384] 2.590064 0.9576525 0.85428697 1.2538596
[2057, 0.4624544, 1.0059829, 5.5126166, 0.86425585] 2.4676468 0.99671096 0.84446776 1.2319094
[2058, 0.47108483, 1.0165797, 6.422952, 0.6544325] 2.4404614 0.9970694 1.0652827 1.0750473
[2059, 0.51276696, 0.7795473, 5.2231975, 0.59671205] 2.211196 0.90971434 0.9781554 1.2416078
[2060, 0.522031, 0.9943728, 4.468763, 0.59542406] 2.783003 1.0289524 0.88244367 0.9680838
[2061, 0.6850242, 0.5445466, 5.084388, 0.43548515] 2.2064748 1.0462339 0.9059572 0.9658485
[2062, 0.52769846, 0.7487278, 5.1405363, 0.56771046] 2.4284873 0.8109171 0.8630511 1.0479268
[2063, 0.5608548, 0.89342034, 7.343154, 0.67493427] 2.4216986 1.1702542 0.8006599 1.0828928
[2064, 0.4879269, 1.0353032, 4.8964367, 0.52435416] 2.7163074 0.9326106 0.84148043 0.98429537
[2065, 0.5446866, 0.898681, 7.207114, 0.5042213] 2.4768407 0.9421512 0.7960715 1.1752273
[2066, 0.53880674, 0.9804543, 4.2331305, 0.42510778] 2.715551 1.073033 0.8702075 1.0120453
[2067, 0.5184477, 1.0121142, 4.1488624, 0.5664799] 2.749466 1.0506299 0.9097798 1.0492749
[2068, 0.43928742, 0.977633, 7.812506, 0.71960557] 2.4854338 0.8371423 0.88191956 1.146793
[2069, 0.5837288, 0.9735085, 2.824486, 0.91990817] 2.9973152 1.0459353 0.8255987 1.1903929
[2070, 0.5025999, 0.99572957, 6.0214972, 0.9326006] 2.5983121 0.928788 0.83475477 1.051437
[2071, 0.5905796, 0.93265593, 4.5120764, 0.3881723] 2.717731 0.8635931 0.7819485 1.1335397
[2072, 0.50559026, 0.62981886, 4.442879, 0.6003917] 2.1504161 0.88270015 0.9730111 1.1154482
[2073, 0.43678054, 1.036908, 5.1513996, 0.6267265] 2.526274 0.98115724 1.0302474 1.0577146
[2074, 0.41835272, 1.0617182, 5.2647166, 0.7321751] 2.5635653 0.94729793 0.8565342 1.1112348
[2075, 0.562272, 0.96345514, 4.447857, 0.60701656] 2.7741494 0.92116934 0.89413 1.1491184
[2076, 0.4363599, 1.0268812, 5.1104584, 0.6406858] 2.5863254 0.93659556 0.96553516 1.1384665
[2077, 0.5154783, 0.7640108, 5.126161, 0.4129798] 2.3141558 1.0330213 0.90194076 0.9756168
[2078, 0.4515991, 1.0245668, 4.80477, 0.44088316] 2.7373505 0.95273024 0.8942459 1.0001808
[2079, 0.43237084, 1.067382, 4.504466, 0.43654752] 2.6804123 1.0320544 0.85424316 1.1252903
[2080, 0.5083242, 0.7863968, 5.3771067, 0.5263729] 2.347201 0.9430681 0.8887094 1.0877043
[2081, 0.50101274, 1.0389638, 4.864259, 0.5988253] 2.7124279 0.97775435 0.8734242 1.0785344
[2082, 0.51367176, 0.8518487, 8.488092, 0.65646684] 2.4397 0.96468586 0.7855497 1.073887
[2083, 0.43846503, 1.0773121, 4.621525, 0.70106524] 2.5577807 1.0708387 1.0235008 1.2555163
[2084, 0.50230086, 0.99452245, 6.794354, 0.77564937] 2.5011463 0.9730233 0.90581554 1.1359646
[2085, 0.57080215, 0.9704096, 5.601461, 0.5610856] 2.6410267 0.90516984 0.9460464 0.99334
[2086, 0.57920754, 0.84876645, 7.3335433, 0.8108669] 2.4379444 0.9218859 0.92856115 1.1052095
[2087, 0.54752284, 0.9869371, 4.534403, 0.56407213] 2.6729991 1.0815856 0.84821045 1.0790535
[2088, 0.49838686, 0.835163, 6.8260593, 0.9025767] 2.295424 0.89929456 0.90168786 1.2600678
[2089, 0.56827855, 0.8475071, 8.907471, 0.7254472] 2.4990463 0.9476217 0.85977274 1.0019815
[2090, 0.45012018, 1.0443437, 6.203744, 0.8176228] 2.549164 1.0118326 0.964413 0.9422751
[2091, 0.49885872, 1.0341122, 4.5378475, 0.49003705] 2.7415292 1.0013895 0.82334375 1.0175378
[2092, 0.59384185, 0.9459567, 4.849108, 0.72842604] 2.559183 0.98612785 0.8207005 1.1854367
[2093, 0.43909216, 1.0757965, 4.2569575, 0.48351353] 2.7414906 1.0201722 0.82937413 1.2244983
[2094, 0.55717057, 0.9221657, 6.777264, 0.5874548] 2.5530524 0.90047735 0.7304413 1.1832129
[2095, 0.48955563, 1.0157133, 4.948804, 0.5131037] 2.6816132 1.0270805 0.9223117 0.9599453
[2096, 0.45014104, 1.0306325, 4.2380676, 0.53225255] 2.7864068 0.84896517 0.9993814 1.179026
[2097, 0.48493806, 0.9199385, 7.6336517, 0.726001] 2.4730046 0.8848854 0.90894806 1.0721532
[2098, 0.55610865, 0.88250774, 6.5184717, 0.7203124] 2.4770794 0.9202554 0.96773726 1.0214355
[2099, 0.58507264, 0.885974, 6.593577, 0.8326605] 2.5938287 0.9416302 0.8180127 0.97553945
[2100, 0.5107642, 0.6846477, 4.352003, 0.45205113] 2.1669326 0.9529184 0.9561595 1.171143
[2101, 0.6092225, 0.95496434, 4.140785, 0.55652696] 2.9984922 0.87245244 0.82593185 0.90804553
[2102, 0.5360496, 0.9321658, 7.3383784, 0.63436335] 2.365863 0.87253016 0.94672513 1.3271625
[2103, 0.5366292, 0.9980068, 4.684709, 0.50138694] 2.601804 1.0474696 0.8637875 1.1979088
[2104, 0.46409908, 0.97599006, 6.6429644, 0.8248352] 2.426492 1.0664383 0.88878554 1.1308368
[2105, 0.54920024, 0.7524347, 6.58458, 0.454661] 2.23897 1.0113386 0.978694 1.1311231
[2106, 0.4821518, 0.9981855, 5.130184, 0.6403031] 2.5963426 1.1184344 0.75342953 1.103826
[2107, 0.60343003, 0.9598784, 3.1758535, 0.48556352] 3.0250266 1.0552624 0.7947567 0.97505194
[2108, 0.47970262, 1.0431544, 3.7564254, 0.6625343] 2.793108 1.1150848 0.84277254 1.1581577
[2109, 0.5330437, 1.0044571, 5.1068, 0.5039522] 2.8237169 0.9037499 0.6709939 0.9752069
[2110, 0.496356, 1.0351228, 3.293629, 0.6195333] 3.025434 0.9556459 0.7613344 1.0466053
[2111, 0.6505431, 0.82306397, 7.802338, 0.6377768] 2.4772775 1.0476712 0.78492796 1.1476461
[2112, 0.44979054, 1.006404, 6.605014, 0.77907455] 2.4756992 0.99617475 0.96554166 1.0956401
[2113, 0.46246654, 1.0227052, 6.3410316, 0.6966752] 2.4543564 1.0042729 0.9479752 1.0817527
[2114, 0.54548216, 1.0035194, 5.96102, 0.62942487] 2.5096798 0.90633917 0.80231446 1.3770525
[2115, 0.6733297, 0.64467466, 5.9073744, 0.61211735] 2.2302573 0.9665455 0.889343 1.2524335
[2116, 0.5915625, 0.9429783, 4.7843804, 0.35544035] 2.5449066 0.96077436 0.8893736 1.4028125
[2117, 0.4525809, 0.9672428, 7.1439548, 0.9256355] 2.5366023 0.93976307 0.8302623 1.0583928
[2118, 0.52526295, 0.9894845, 5.0054607, 0.55997854] 2.7377198 0.7845422 0.8765256 1.1190246
[2119, 0.59382683, 0.9695697, 3.418171, 0.6567565] 2.828477 0.9130361 0.94014156 1.2902501
[2120, 0.35187832, 1.092547, 6.621791, 0.9013143] 2.4706724 1.0823162 0.9447221 1.1129321
[2121, 0.546881, 0.96393657, 5.946759, 0.5967661] 2.4674027 1.0817916 0.9267887 1.0495007
[2122, 0.45107782, 1.0229644, 3.9003358, 0.39182827] 2.8784034 1.0104277 0.8067663 0.9625937
[2123, 0.47641388, 0.897626, 7.4143534, 0.7296731] 2.4056163 0.92530704 0.9626106 1.135362
[2124, 0.5997319, 0.83378834, 9.392868, 0.7302283] 2.4323618 0.95571214 0.83877134 1.127774
[2125, 0.5593831, 0.9924842, 5.649257, 0.62746453] 2.7243657 0.9175799 0.81693363 1.0577728
[2126, 0.4414692, 1.0369496, 6.1082144, 0.66058964] 2.54023 0.8558018 0.92896354 1.2529373
[2127, 0.46949753, 1.0406015, 4.8437014, 0.49690145] 2.7103963 0.97547895 0.88702285 1.006924
[2128, 0.59709466, 0.6175884, 5.0200834, 0.6324944] 2.2121584 0.91509277 0.9154692 1.1034678
[2129, 0.49603528, 1.0381523, 4.3034835, 0.6114485] 2.8153574 1.0319262 0.70384157 1.0682749
[2130, 0.5470588, 0.9181084, 6.1135488, 0.58753294] 2.4030688 1.0650012 0.8630827 1.1498755
[2131, 0.596329, 0.9642483, 2.4157875, 0.65831864] 3.0782309 0.92645025 0.998937 1.0680392
[2132, 0.49827534, 1.0033548, 4.331147, 0.58707994] 2.721978 1.0856206 0.8368763 1.1016426
[2133, 0.40198734, 1.063475, 4.956445, 0.59516215] 2.6657097 0.97104853 0.86112803 1.0629474
[2134, 0.5019615, 0.90348077, 7.726835, 0.9215343] 2.4862201 0.95933443 0.85454667 1.0317627
[2135, 0.5128798, 1.0084946, 5.2665553, 0.63076967] 2.7808435 0.90822244 0.83934414 0.9810575
[2136, 0.5361793, 0.9499643, 5.1158, 0.57846236] 2.541689 0.9675552 0.8338632 1.0966707
[2137, 0.36817306, 1.0375838, 6.159004, 0.99144274] 2.6052175 0.8219279 0.8999908 1.022377
[2138, 0.4930624, 1.0195034, 4.6354837, 0.4216556] 2.6991842 1.0995147 0.8133412 1.0749207
[2139, 0.44222605, 1.0483321, 4.906855, 0.8823497] 2.647493 0.921801 0.8133088 1.1174185
[2140, 0.40846094, 1.0633961, 6.174338, 0.9352109] 2.6153688 0.9922505 0.84639794 0.9652462
[2141, 0.5595045, 0.9421956, 3.907826, 0.43316203] 2.8943508 1.0445561 0.743866 0.9537773
[2142, 0.51002795, 1.03923, 3.2468703, 0.5848059] 3.0141096 0.8775756 0.9049771 1.1040255
[2143, 0.42116398, 1.0662462, 4.430481, 0.596244] 2.8021195 0.952209 0.81086445 1.0437955
[2144, 0.47766992, 1.0332148, 4.4871097, 0.6313569] 2.6941001 1.0449401 0.8575283 1.0742368
[2145, 0.6330599, 0.72156173, 6.207812, 0.40431187] 2.406304 1.0840335 0.745648 0.98085874
[2146, 0.6118092, 0.72522336, 5.715029, 0.5228331] 2.3816364 0.96419156 0.81544703 1.0413514
[2147, 0.5458947, 0.7604428, 5.793367, 0.54936165] 2.240682 0.8818008 0.9718627 1.2437327
[2148, 0.55796313, 0.96694237, 5.6982293, 0.79986346] 2.6933634 0.9384115 0.93135196 0.9028443
[2149, 0.66227, 0.9006942, 3.5467205, 0.53740436] 2.7087831 0.9129345 0.8726143 1.4551662
[2150, 0.6075173, 0.80897385, 8.023275, 0.72690654] 2.4654717 0.9499488 0.8017223 1.0875242
[2151, 0.52513766, 0.96175325, 6.441752, 0.5653951] 2.7818499 0.84011334 0.7026723 0.85699433
[2152, 0.45012537, 0.63724923, 4.2253156, 0.60036135] 2.0558972 1.0006417 0.95394254 1.1407946
[2153, 0.55316585, 0.90769506, 7.3818064, 0.932129] 2.3671775 0.9828014 0.9458812 1.2501574
[2154, 0.53870595, 0.9721762, 5.592353, 0.81434745] 2.6100342 0.9088594 0.92598975 1.0828296
[2155, 0.47512272, 1.017345, 4.4040365, 0.68185335] 2.8008564 1.0253667 0.89778435 1.057755
[2156, 0.47513026, 0.9983989, 6.4811125, 0.7766453] 2.446332 0.9415745 0.9419987 1.1726533
[2157, 0.5641826, 0.9431465, 3.9899, 0.8046885] 2.8203218 0.9971668 0.83898675 1.1031462
[2158, 0.5778877, 0.9573105, 5.7533946, 0.5868636] 2.5250885 1.0163944 0.84603816 1.1852051
[2159, 0.54684573, 0.87787426, 8.67516, 0.56066555] 2.4242046 1.0897553 0.8055298 1.058287
[2160, 0.5516345, 0.89422107, 5.9714937, 0.5780718] 2.5433583 0.9962823 0.8288698 0.9378678
[2161, 0.47109145, 1.0311496, 4.8023415, 0.46839243] 2.7520525 0.9503496 0.7629314 0.9933074
[2162, 0.58853567, 0.7927925, 7.2169275, 0.39200434] 2.1529396 1.0326306 1.0951308 1.2940217
[2163, 0.4888301, 0.9883739, 4.247292, 0.7049759] 2.7427945 0.9354133 0.8743484 0.99253815
[2164, 0.4343969, 1.0557772, 4.766398, 0.60786855] 2.6295862 1.1212841 0.8513667 1.0182385
[2165, 0.5109764, 0.98081166, 6.9075294, 0.755552] 2.4017434 0.95352775 1.0268373 1.1544727
[2166, 0.55908495, 0.825077, 9.617734, 0.7463204] 2.2927597 1.0750306 0.7997396 1.2553924
[2167, 0.42495683, 1.0216703, 5.836314, 0.5388961] 2.585445 1.0137193 0.8502823 1.0073729
[2168, 0.39015543, 0.5914575, 3.8532548, 0.83373094] 1.9878854 0.98114115 0.9456944 1.0724562
[2169, 0.5243558, 0.974635, 5.8073826, 0.6656385] 2.5055747 0.86879474 0.8082636 1.2556267
[2170, 0.5320552, 0.71785164, 5.4644847, 0.36451614] 2.3648465 1.0706384 0.8751789 0.8521082
[2171, 0.5034847, 0.9802299, 6.9708605, 0.6019395] 2.4165378 1.0775708 0.9973839 0.999816
[2172, 0.5656852, 0.91027665, 5.944923, 0.7077981] 2.4627962 1.0459 0.85775703 1.0952301
[2173, 0.5408288, 0.8671079, 8.101321, 0.68002856] 2.4426703 1.0208169 1.0181707 0.8683175
[2174, 0.6672449, 0.64105725, 4.4151897, 0.6855159] 2.2531228 0.87248725 0.935804 1.1720372
[2175, 0.5263994, 0.9984336, 6.2552714, 0.84046465] 2.5358508 0.93319964 0.9012834 1.1729051
[2176, 0.50972044, 1.0099698, 5.165728, 0.64894265] 2.6119802 1.0648721 0.7651714 1.0440701
[2177, 0.4487224, 1.0454897, 5.626189, 0.9712174] 2.606569 0.9345295 0.9201821 0.9399792
[2178, 0.50185925, 0.9925014, 4.3989463, 0.532009] 2.8650012 0.9908948 0.82603306 0.9651371
[2179, 0.60189277, 0.582978, 4.249256, 0.58142674] 2.125197 0.76817304 0.9855289 1.1788703
[2180, 0.518557, 0.6883734, 5.4263372, 0.5321187] 2.1484923 0.8754238 0.9656539 1.2968371
[2181, 0.5134206, 1.0152435, 3.8874748, 0.7928487] 2.7866871 1.0556569 0.9508278 1.1602159
[2182, 0.5772574, 0.9166137, 8.019114, 0.86171126] 2.425727 1.025128 0.8251809 1.1447734
[2183, 0.516615, 1.0184574, 4.629407, 0.5956113] 2.6268418 0.95939434 0.91739285 1.2202828
[2184, 0.55936295, 0.8582962, 6.1675887, 0.77894986] 2.324576 0.9104924 0.9557999 1.2077662
[2185, 0.53044975, 0.96475244, 4.302364, 0.48130837] 2.7071974 1.0433742 0.90494835 1.1324672
[2186, 0.52118486, 0.98950833, 5.3474593, 0.52081656] 2.6635098 0.915527 0.8229858 1.1749681
[2187, 0.39701256, 0.6884203, 4.094352, 0.7876167] 2.289964 0.93760043 0.79848605 0.951382
[2188, 0.58499664, 0.87104774, 7.788991, 0.75852066] 2.5123813 1.0066868 0.9052693 0.9079422
[2189, 0.54008085, 0.9783093, 4.762334, 0.46382305] 2.7717242 0.8814114 0.819781 1.27666
[2190, 0.5041279, 1.0006816, 5.3574476, 0.5024102] 2.738003 0.97755545 0.77782565 1.0103408
[2191, 0.6838953, 0.73133117, 7.5707207, 0.48029432] 2.1844785 1.1123197 0.9365083 1.3536543
[2192, 0.55443627, 0.75341725, 6.530769, 0.5952319] 2.241164 1.1691405 0.9308537 0.989671
[2193, 0.43778628, 0.98894674, 8.004784, 0.75131106] 2.4370465 0.95321935 0.93378997 1.0943402
[2194, 0.53688973, 0.99325436, 5.3392596, 0.5291879] 2.6858513 0.9524594 0.8117977 1.194148
[2195, 0.535775, 0.9498648, 7.555498, 0.9774406] 2.4836564 0.95779264 0.8524248 1.1045722
[2196, 0.57751644, 0.66794264, 4.605083, 0.46815577] 2.2712514 0.7991035 0.8259344 1.2281952
[2197, 0.5715895, 0.68182135, 4.899643, 0.7047023] 2.3073702 0.89161736 0.8889575 1.0810808
[2198, 0.48924306, 0.9766529, 6.9403644, 0.77177364] 2.5591393 1.0666456 0.78366065 1.0391399
[2199, 0.55577546, 0.97126853, 3.5868948, 0.478118] 2.9173956 0.9985544 0.75920826 0.9959033
[2200, 0.52782404, 0.86445224, 8.001105, 0.6236677] 2.4078848 1.056281 0.689929 1.1671649
[2201, 0.3298753, 1.1351345, 5.6242647, 0.7947229] 2.7474656 0.9350159 0.87940985 0.827573
[2202, 0.58654064, 0.87441003, 6.4700837, 0.9430425] 2.4766576 0.9974896 0.8902495 1.0266024
[2203, 0.5905837, 0.86792827, 7.844043, 0.6184126] 2.529823 0.8928534 0.83773285 1.0743985
[2204, 0.49935862, 0.9794006, 6.3377523, 0.61999035] 2.5159597 1.0807664 0.85837734 1.0350946
[2205, 0.48716566, 0.84186566, 5.994097, 0.81043804] 2.3385851 0.94576216 1.0074291 1.0182656
[2206, 0.5265257, 0.9016413, 6.154762, 0.38575312] 2.3665924 0.9690752 0.8356262 1.3148448
[2207, 0.41444698, 1.0625687, 5.5507402, 0.67431676] 2.508696 1.0406293 1.0765598 1.0592743
[2208, 0.45253026, 1.0460348, 4.245275, 0.51067936] 2.824844 0.9792473 0.8833071 0.9953157
[2209, 0.4184468, 1.0618072, 5.8244815, 0.90454435] 2.705643 0.8856755 0.9454433 1.0606366
[2210, 0.46286625, 1.0411859, 3.573068, 0.71765125] 2.9382534 0.8898471 0.89973205 1.0130519
[2211, 0.33020732, 1.0803529, 6.13253, 0.84437656] 2.5115275 1.0040364 0.9103696 1.043826
[2212, 0.6267596, 0.737251, 7.0252004, 0.4786632] 2.3553798 1.0414629 0.8162933 1.0274091
[2213, 0.5078229, 1.0004511, 3.2564995, 0.52412295] 2.8531618 0.98568726 0.7542009 1.05009
[2214, 0.54145813, 1.0040168, 4.4277124, 0.3532416] 2.9157064 0.9242475 0.7950063 0.8834942
[2215, 0.5473048, 0.9355907, 6.388248, 0.5747591] 2.503094 0.9482498 0.9156746 1.0811591
[2216, 0.58782375, 0.9610158, 3.8831623, 0.55946714] 2.7338448 1.109488 0.8792497 1.1558539
[2217, 0.52939737, 0.9919059, 5.068912, 0.57185024] 2.754862 0.9701573 0.7519391 1.061053
[2218, 0.53127176, 1.0064527, 5.974103, 0.83321804] 2.6706173 0.9158884 0.89008665 0.9561894
[2219, 0.59088624, 0.8785046, 6.4374113, 0.56593174] 2.661288 0.95940214 0.7648792 0.8489938
[2220, 0.5372573, 0.7168883, 5.025775, 0.6573366] 2.1712656 1.039648 0.9791867 1.0501376
[2221, 0.4773209, 0.99956185, 6.188885, 0.92287016] 2.4373097 1.0058244 0.9772266 1.0823082
[2222, 0.5199615, 0.95487523, 5.678979, 0.60301805] 2.6233988 0.9271978 0.6976698 1.1848712
[2223, 0.58140814, 0.9542675, 4.5206375, 0.67343146] 2.6781309 0.9801431 0.88161254 1.3162295
[2224, 0.51535195, 1.0339756, 3.8702908, 0.8522081] 2.8279073 1.011426 0.92195785 1.1173413
[2225, 0.5645454, 0.8650441, 6.261135, 0.64755094] 2.3380983 0.8771531 0.9797657 1.2992612
[2226, 0.6294825, 0.59867954, 4.47722, 0.5085972] 2.098222 0.98587495 0.9617427 1.1907411
[2227, 0.37240416, 1.1100639, 5.970705, 0.7008684] 2.6368685 0.93114656 0.8873964 1.0025656
[2228, 0.54401433, 0.9888814, 4.401408, 0.6875775] 2.586982 0.75855196 0.90266836 1.4318087
[2229, 0.5458624, 0.8363606, 6.735249, 0.4318754] 2.2094839 1.084656 0.9065634 1.3164227
[2230, 0.5016608, 0.99303603, 6.092876, 0.86933136] 2.4429836 1.0492293 0.83997196 1.1637642
[2231, 0.45520368, 1.0545031, 5.4264393, 0.94333375] 2.5102727 0.9156889 0.9352853 1.2018528
[2232, 0.5407949, 0.98667383, 4.415235, 0.6150054] 2.83183 0.9489752 0.8589653 1.1978801
[2233, 0.5500037, 1.0067499, 3.9436092, 0.5292883] 2.872919 0.9409852 0.90662736 0.9902239
[2234, 0.4877, 1.0275123, 4.0280356, 0.76188284] 3.0121162 0.7880543 0.82893 0.9523097
[2235, 0.5256914, 0.8872596, 8.435632, 0.87092537] 2.4042468 1.1335502 0.82035685 0.9944701
[2236, 0.56292456, 0.9770013, 5.0737176, 0.6646918] 2.4983268 0.95534784 0.91073614 1.2837504
[2237, 0.500376, 1.0109726, 5.5851355, 0.70870405] 2.5353262 1.0024824 0.7840104 1.2010007
[2238, 0.5160049, 0.806462, 6.1940956, 0.6631203] 2.3697908 0.9508443 0.79360455 1.1469564
[2239, 0.50422865, 0.8984622, 7.37719, 0.6494596] 2.4056237 1.0071583 0.9541123 0.9974165
[2240, 0.5390675, 0.9121861, 8.080063, 0.5438887] 2.411965 0.9290156 0.888557 1.208596
[2241, 0.54501486, 0.9879207, 5.2694416, 0.5697924] 2.5419025 1.0711659 0.9086213 1.1200827
[2242, 0.5121521, 0.9992632, 3.6763086, 0.62152576] 2.8223898 1.103863 0.75419587 1.0598462
[2243, 0.47582394, 1.010092, 3.9686885, 0.56700313] 2.6637805 1.1267803 0.8319508 1.1871078
[2244, 0.48572943, 1.0442102, 4.5099897, 0.5103444] 2.7916322 1.0550277 0.8491248 1.044149
[2245, 0.5439225, 0.6480036, 4.286285, 0.56730413] 2.1593456 0.85868627 1.0489126 1.0802969
[2246, 0.55004776, 0.99752104, 5.582852, 0.8977078] 2.753694 0.9034439 0.8343898 0.8708813
[2247, 0.42110193, 1.0403744, 6.270523, 0.6478879] 2.544313 0.8935107 0.9454574 1.1281655
[2248, 0.49001208, 0.9249492, 8.679205, 0.49398434] 2.5361476 0.9717044 0.6700887 1.140781
[2249, 0.46110496, 1.0204034, 5.5966763, 0.91982096] 2.5895166 0.9771964 0.8981245 0.99366236
[2250, 0.43309796, 1.0744575, 5.845032, 0.7421468] 2.5736861 0.8836162 0.8691707 1.2130947
[2251, 0.5515874, 0.98226815, 5.364851, 0.5685022] 2.5720701 0.9614991 0.81938463 1.1815134
[2252, 0.5537059, 0.9078248, 7.0983615, 0.5932753] 2.5101259 0.8845721 0.800523 1.197014
[2253, 0.47868103, 1.0131944, 3.9608903, 0.7384902] 2.7832758 0.99714726 0.8817779 1.1209822
[2254, 0.5537912, 0.9863016, 3.842881, 0.6697852] 2.936187 1.0638509 0.7832571 0.9793999
[2255, 0.39773518, 1.0668838, 5.4425673, 0.4742712] 2.718123 0.8885495 0.77077997 1.1183133
[2256, 0.542667, 0.99422354, 4.521123, 0.5486478] 2.6703732 0.9733991 0.97322536 1.212871
[2257, 0.4713506, 0.6982506, 4.570882, 0.58333683] 2.1749942 0.85267824 0.9001813 1.2075509
[2258, 0.6071146, 0.6788293, 6.2322583, 0.85607296] 2.2495916 1.0950061 0.8114397 1.0796163
[2259, 0.54596543, 0.9479512, 5.722355, 0.62303936] 2.502625 1.0252631 0.8947187 1.0725465
[2260, 0.47492656, 1.0492805, 5.249891, 0.53908116] 2.5438397 1.0307834 0.83341247 1.3058511
[2261, 0.37244898, 0.7282079, 4.707865, 0.5643787] 2.187007 0.8016503 0.9949668 1.1837379
[2262, 0.4042726, 1.0648924, 6.0761666, 0.98131204] 2.5801861 1.0059665 0.88281333 1.06947
[2263, 0.60484123, 0.9448915, 3.7844071, 0.5325002] 2.834318 1.1035728 0.84713566 1.1758877
[2264, 0.5566379, 0.9258435, 7.172654, 0.56598383] 2.5013196 1.0221956 0.8859548 1.0189608
[2265, 0.50881356, 0.9787314, 5.7195044, 0.7700599] 2.6033566 0.9758069 0.8028708 1.012973
[2266, 0.5184728, 0.8325616, 8.025292, 0.53081864] 2.3721726 0.8892077 0.93338907 1.1716009
[2267, 0.4302599, 1.0201544, 5.302158, 0.554691] 2.714003 1.0018463 0.7733178 1.013271
[2268, 0.50552344, 1.0217555, 4.461702, 0.71723735] 2.5742202 0.89731973 0.88635933 1.3167467
[2269, 0.55509657, 0.78314763, 6.50103, 0.4682935] 2.34109 0.92942965 0.8191725 1.2274504
[2270, 0.5484904, 0.6980779, 4.963389, 0.54619926] 2.3142004 1.029106 0.88325524 0.9250585
[2271, 0.65220475, 0.8309339, 6.4126225, 0.6502281] 2.4037812 1.107391 0.8783871 1.082806
[2272, 0.49145398, 0.80884564, 7.4359503, 0.6397395] 2.442232 0.8961682 0.8912257 0.9700517
[2273, 0.50541514, 1.0036981, 4.933563, 0.59124935] 2.7467027 0.9052899 0.8224475 1.0454903
[2274, 0.5519569, 0.9601477, 5.105966, 0.49958724] 2.60576 0.9348648 0.75756013 1.2878779
[2275, 0.51767737, 0.9888616, 6.7222123, 0.95309854] 2.4994495 0.8632462 0.8462294 1.2662055
[2276, 0.43209732, 1.0288427, 5.906926, 0.72154516] 2.5911694 0.9524263 0.7805107 1.1254598
[2277, 0.46942878, 1.0245428, 4.0310183, 0.54673815] 2.8614228 1.096423 0.7894718 1.0487465
[2278, 0.5188796, 0.9978906, 5.8505836, 0.6988007] 2.6750665 1.0938363 0.8306311 0.8222456
[2279, 0.47320017, 1.0347314, 5.579041, 0.718977] 2.5803657 1.00828 0.9531281 1.1342862
[2280, 0.5336075, 0.990533, 5.195452, 0.51285785] 2.5783415 0.96802485 0.836 1.2211996
[2281, 0.5211968, 0.86267865, 8.0798025, 0.75085926] 2.2725353 1.0980796 0.9130598 1.2402436
[2282, 0.54037386, 0.9590406, 6.6069255, 0.72621524] 2.4590523 0.9397039 0.93256783 1.2088072
[2283, 0.45005688, 1.0661606, 5.466328, 0.8613928] 2.6548607 0.9952265 0.80118763 0.97066504
[2284, 0.51531583, 0.984511, 6.368593, 0.8834024] 2.5239441 0.993575 0.842199 1.1360004
[2285, 0.5064803, 0.8605761, 8.872269, 0.8690098] 2.296121 1.0866847 0.9751037 1.0492545
[2286, 0.6360222, 0.72664297, 7.5285063, 0.6282109] 2.2919765 1.066812 0.80676144 1.1931024
[2287, 0.53018165, 0.8534499, 8.911154, 0.73220724] 2.3522067 1.0899087 0.9130502 1.0280085
[2288, 0.5554137, 0.88624656, 7.3719354, 0.8670064] 2.6193962 0.736816 0.8281262 1.0530694
[2289, 0.5752593, 0.66610473, 4.608908, 0.5386849] 2.2750328 1.0872911 0.79333436 0.9952923
[2290, 0.53019536, 0.97513044, 5.105421, 0.5511782] 2.563448 1.0793947 0.74880636 1.2874968
[2291, 0.4447353, 1.0357287, 5.9245167, 0.68257993] 2.5697463 1.0312871 0.81933683 1.0893021
[2292, 0.46016628, 1.0420549, 4.7985888, 0.52818716] 2.7989793 0.9682181 0.79673433 0.98852074
[2293, 0.6036141, 0.93256694, 5.8374653, 0.8266001] 2.4011674 1.0572563 0.9609029 1.1869847
[2294, 0.5606421, 0.9516408, 5.897752, 0.6136394] 2.5740235 1.0298685 0.7609587 1.0557084
[2295, 0.5332663, 0.7885264, 6.7005234, 0.73218] 2.3320088 0.9562041 0.8187666 1.185586
[2296, 0.48662502, 1.0406215, 4.8085976, 0.42985892] 2.7328415 0.9384138 0.85266244 1.2169629
[2297, 0.5417682, 0.5544269, 4.191517, 0.9349787] 2.0136397 0.9701808 1.1505958 0.9262445
[2298, 0.5555685, 0.970416, 4.2138214, 0.5092412] 2.641688 0.93540305 0.9167368 1.1775569
[2299, 0.5443341, 1.0072409, 5.3422585, 0.7781286] 2.7004647 0.82838607 0.8934341 1.1162813
[2300, 0.37416634, 1.0340278, 6.2562523, 0.7263237] 2.6044812 0.82991076 0.8353502 1.0646099
[2301, 0.46651173, 1.018051, 6.3821645, 0.81024486] 2.7237527 0.8365649 0.71810836 1.0076299
[2302, 0.4726545, 1.0124465, 5.0374293, 0.4214116] 2.5746474 1.0240109 0.82818806 1.0666684
[2303, 0.501757, 0.9910809, 4.7747025, 0.5572053] 2.871003 0.92614377 0.8512149 0.9571776
[2304, 0.5602887, 0.9415862, 5.6472597, 0.53754765] 2.4476163 0.9558639 0.86247325 1.233475
[2305, 0.50576144, 0.95623213, 6.0473924, 0.8450343] 2.604284 0.9455868 0.7733836 1.020282
[2306, 0.5421599, 0.8554985, 6.924034, 0.6671329] 2.4240863 0.9865018 0.89902306 1.1134585
[2307, 0.5855063, 0.89681166, 8.471353, 0.7485774] 2.5341196 0.90129703 0.83338475 1.0691113
[2308, 0.546427, 0.9858661, 4.4345775, 0.49882942] 2.80714 0.92961097 0.79362017 1.1726189
[2309, 0.5778704, 0.97666186, 3.7880292, 0.5935148] 2.8592582 1.0485166 0.72328776 1.1558485
[2310, 0.56007916, 0.9914882, 3.756528, 0.83799064] 2.7949717 0.9109077 0.9268104 1.2603769
[2311, 0.5448416, 0.9718123, 5.616346, 0.7257903] 2.5487711 1.0080239 0.8175207 1.1267353
[2312, 0.4788887, 1.00673, 5.1802926, 0.6115869] 2.6683662 0.9351587 0.8652047 1.0830226
[2313, 0.5084027, 1.009869, 5.7710786, 0.60108995] 2.565435 1.0305322 0.92565674 1.0364482
[2314, 0.5416012, 1.0053915, 3.5704832, 0.67779475] 2.7641792 1.1370617 0.7854925 1.2663454
[2315, 0.49699968, 0.8233712, 6.7046943, 0.41535938] 2.27303 0.9376437 0.9575517 1.1913991
[2316, 0.46302998, 0.99527615, 6.839476, 0.5180798] 2.4974108 1.0732374 0.93525964 0.94317484
[2317, 0.6204722, 0.64345485, 4.719123, 0.45187938] 2.3127365 0.95861095 0.8719386 1.0424246
[2318, 0.4922115, 0.95935655, 7.3702884, 0.73251915] 2.5451863 0.94664526 0.91096205 0.965689
[2319, 0.46951875, 1.0133365, 7.9479322, 0.6250368] 2.5337982 0.9065692 0.9380558 1.0523169
[2320, 0.58104205, 0.7360291, 5.5937, 0.5865966] 2.355883 0.93353945 0.86449885 1.0299498
[2321, 0.50269824, 0.9932401, 4.1362815, 0.59064615] 2.8635476 1.0094715 0.7926304 1.0495845
[2322, 0.5323469, 0.9774012, 5.891233, 0.6758102] 2.5623102 1.0378779 0.8764789 1.0764295
[2323, 0.6007113, 0.9168732, 6.9352303, 0.7361178] 2.5366344 0.94145477 0.752762 1.2151691
[2324, 0.444826, 0.77056634, 4.461405, 0.696956] 2.2017994 0.9315886 0.9085101 1.2277465
[2325, 0.4732344, 1.030712, 4.9780083, 0.7523345] 2.7744195 0.8650883 0.8028749 1.049601
[2326, 0.46350312, 1.050739, 5.129533, 0.59803754] 2.6295779 1.1107463 0.8940866 1.1437699
[2327, 0.5056896, 1.0040835, 5.4262342, 0.6529382] 2.5079892 1.0740261 0.80423385 1.1432883
[2328, 0.22190017, 1.0420146, 8.31807, 0.49660882] 2.383631 0.88943666 1.0813164 1.1243461
[2329, 0.5053694, 1.0173545, 4.338366, 0.47723505] 2.7755132 0.9245122 0.84305596 1.0817078
[2330, 0.5430661, 0.9949335, 3.6332057, 0.5819019] 2.890685 0.9153826 0.92244494 1.0712807
[2331, 0.6390446, 0.81060725, 7.200469, 0.68041056] 2.4684362 1.0041869 0.88368636 1.0509082
[2332, 0.5707816, 0.72895885, 6.65694, 0.46040377] 2.1499083 1.1238112 0.9938132 1.1712302
[2333, 0.5269434, 0.97192776, 7.849005, 0.79768217] 2.4892426 0.98153573 0.8105671 1.1355095
[2334, 0.6019211, 0.7700582, 6.432491, 0.654297] 2.244678 0.9226969 1.0291734 1.2061247
[2335, 0.43305358, 1.0627898, 4.855105, 0.511813] 2.6795678 1.0171062 0.88503 0.98367035
[2336, 0.44872093, 1.0513859, 4.6080832, 0.43833235] 2.7532609 0.9939117 1.0063331 0.98510206
[2337, 0.6303958, 0.84665745, 5.9285836, 0.65160745] 2.6059327 1.0153222 0.67714435 1.0461377
[2338, 0.6004536, 0.7577487, 7.465482, 0.48086783] 2.3743336 1.0627382 0.79295856 1.0679173
[2339, 0.59951234, 0.82310694, 8.069353, 0.629635] 2.3215265 1.0722693 0.9252866 1.0972157
[2340, 0.6355119, 0.5585227, 4.634847, 0.5585985] 2.3385942 0.88242304 0.73910576 1.0009359
[2341, 0.5172006, 0.9997372, 5.140304, 0.4449411] 2.4499247 1.2121977 0.86422247 1.203776
[2342, 0.51644844, 0.99670124, 2.873982, 0.6895471] 2.96466 0.9091616 0.891214 1.1361063
[2343, 0.524773, 0.9460838, 7.0138307, 0.7865813] 2.4977145 0.80344176 0.8850467 1.2615488
[2344, 0.4355755, 1.0514785, 4.5584226, 0.52819556] 2.766968 0.871281 0.9885237 1.0739906
[2345, 0.40371534, 0.6225457, 4.168293, 0.49794418] 1.9778908 0.9290869 1.1096828 1.1706346
[2346, 0.5748175, 0.9043088, 6.9445586, 0.928784] 2.5142064 0.9919478 0.7802576 1.135576
[2347, 0.574532, 0.9737355, 3.6914015, 0.59204865] 2.9547176 0.93671626 0.82986265 1.0113736
[2348, 0.4392951, 1.0276059, 6.111681, 0.76933295] 2.520001 0.9741298 0.90557116 1.1006278
[2349, 0.5024796, 1.0301883, 4.7694464, 0.55656344] 2.7924256 0.8611548 0.8513222 1.0684801
[2350, 0.5460384, 0.7792151, 6.518999, 0.77933544] 2.1719463 1.1268644 1.0197153 1.1026682
[2351, 0.55003834, 0.9778538, 3.8933332, 0.4210455] 2.8380766 0.9599716 0.77699196 1.074525
[2352, 0.5566289, 0.974999, 5.518524, 0.6107789] 2.6272511 0.8402603 0.8304065 1.2270454
[2353, 0.6916133, 0.6867858, 5.641998, 0.5768449] 2.5188136 0.8320667 0.71629894 1.1215793
[2354, 0.59570765, 0.80987704, 6.9523964, 0.5264312] 2.330043 0.9639866 0.9195158 1.2101052
[2355, 0.4970493, 1.0076095, 5.8929334, 0.82688576] 2.7053895 0.8023664 0.8940506 0.9627082
[2356, 0.5180409, 0.9793087, 4.014123, 0.3903914] 2.7776134 0.89996284 0.76267517 1.1797428
[2357, 0.58255905, 0.8050548, 6.2770553, 0.5465311] 2.3624833 1.0260587 0.8726861 1.1017712
[2358, 0.45232674, 1.0404315, 4.916443, 0.70249206] 2.6659527 0.8939972 0.7854289 1.2182596
[2359, 0.54505676, 1.0173928, 3.5913785, 0.8769949] 3.0252213 1.0130419 0.81421196 0.9398714
[2360, 0.4381921, 1.0454398, 5.1106853, 0.7546182] 2.5437846 0.9603727 0.81458265 1.2050283
[2361, 0.5428383, 0.83956563, 8.342778, 0.6354764] 2.3517234 0.967772 0.9340294 1.1853849
[2362, 0.532031, 0.9977077, 5.688802, 0.71495396] 2.5735989 0.8919445 0.9327881 1.1902722
[2363, 0.5427713, 0.84895337, 8.137001, 0.77434057] 2.5020995 0.8813132 0.88641584 1.0135738
[2364, 0.49997982, 1.020398, 6.7158875, 0.8655848] 2.475722 1.0350128 0.809461 1.2134355
[2365, 0.5117911, 1.0198599, 4.819848, 0.48346567] 2.6320784 0.8736719 0.95244455 1.2697098
[2366, 0.19614092, 0.83578604, 5.3517756, 0.45411876] 2.2926905 0.9926904 0.8675668 1.0997037
[2367, 0.45185295, 1.0574843, 4.8274555, 0.4509998] 2.8049288 0.92782414 0.79718834 1.0757576
[2368, 0.559353, 0.9717652, 2.3548641, 0.6667153] 3.142873 1.0672753 0.81724864 0.93584925
[2369, 0.56585324, 0.9340838, 2.9891713, 0.62480474] 2.8828115 0.90789276 0.8621958 1.2617453
[2370, 0.5444925, 1.011872, 5.3834357, 0.56904495] 2.6086652 0.8336297 0.9181873 1.2381264
[2371, 0.40429115, 1.0531238, 4.220931, 0.434965] 2.8661172 0.88419694 0.73341537 1.1221948
[2372, 0.50625104, 0.729999, 5.7911386, 0.6955215] 2.384551 0.84319514 0.8595833 1.0355014
[2373, 0.4314014, 0.8836555, 7.608383, 0.6320867] 2.2922077 1.0534012 0.94427913 1.1755185
[2374, 0.50371706, 1.0206181, 5.097122, 0.5183115] 2.7469785 0.98298436 0.7667418 1.046245
[2375, 0.6166649, 0.944728, 1.9861968, 0.68336815] 3.2180476 0.89445937 0.83206314 1.0846815
[2376, 0.474472, 1.038617, 5.1103215, 0.7696391] 2.7196548 0.9145697 0.84435356 1.0497283
[2377, 0.588369, 0.7640328, 7.247227, 0.48351222] 2.3200755 1.1113806 0.8566498 1.0344592
[2378, 0.5672112, 0.8356433, 6.989197, 0.56621695] 2.367703 0.9740942 0.73225003 1.2766097
[2379, 0.5892768, 0.71109533, 6.0897455, 0.58503574] 2.2804313 1.0117005 0.9168313 1.0684768
[2380, 0.49390852, 1.0026639, 6.527205, 0.54621685] 2.6449692 0.96471345 0.77163917 0.9595394
[2381, 0.48829776, 1.0081491, 4.1774507, 0.41177267] 2.8434355 0.81581753 0.7484351 1.1606103
[2382, 0.477196, 1.0480074, 4.5814013, 0.5075316] 2.6741192 1.1001866 0.8630463 1.1319518
[2383, 0.5700573, 0.95744455, 2.8156657, 0.547643] 3.043824 0.9159514 0.82769924 1.1095462
[2384, 0.5615373, 0.9810007, 4.5146713, 0.5197901] 2.8308666 0.92393726 0.76011175 1.0657349
[2385, 0.5449637, 0.63358015, 4.743037, 0.39417487] 2.1408412 1.0431441 0.93838096 1.0337777
[2386, 0.4469412, 0.997995, 5.9008822, 0.6208975] 2.450022 1.0577172 0.879411 1.1048352
[2387, 0.59103286, 0.9547908, 4.1760154, 0.51574785] 2.848268 0.96425223 0.862996 0.96205944
[2388, 0.52868867, 0.9993241, 5.211237, 0.7413828] 2.69101 0.7864781 0.8196753 1.238744
[2389, 0.5031427, 1.0057665, 4.7200804, 0.5720374] 2.6400201 1.0019062 0.80661106 1.1662209
[2390, 0.57792175, 0.7812296, 7.2554307, 0.6204926] 2.3412323 1.0695025 1.0182409 0.960359
[2391, 0.51574713, 0.88509524, 8.30327, 0.830082] 2.3997993 0.9568074 0.77631676 1.2410063
[2392, 0.5802339, 0.8496219, 7.174474, 0.69166666] 2.3103945 0.9272794 1.0037183 1.2176256
[2393, 0.54342496, 0.99265575, 4.907652, 0.65163] 2.6472645 1.0815164 0.70831627 1.1855291
[2394, 0.5402574, 0.85851455, 8.035194, 0.53671485] 2.317773 0.9991944 0.89673656 1.2339377
[2395, 0.45181012, 0.9152765, 8.008778, 0.5828711] 2.3432307 1.0532287 0.8376319 1.1725358
[2396, 0.5393737, 0.83564186, 6.5872216, 0.51567394] 2.3189535 1.0757767 0.9175089 1.053759
[2397, 0.47563103, 1.0263839, 5.0385995, 0.66754884] 2.6651204 0.9366422 0.7625573 1.1423142
[2398, 0.47726613, 1.006125, 4.03047, 0.46564525] 2.670423 1.0213042 0.95051324 1.0425696
[2399, 0.50222594, 1.0073555, 5.339204, 0.50906295] 2.62231 1.0733502 0.7796215 1.083316
[2400, 0.44310784, 1.0572278, 3.860937, 0.6631192] 2.721925 1.0118165 0.8803611 1.2723174
[2401, 0.52014834, 0.9929431, 4.838733, 0.53199947] 2.6725454 0.98760146 0.85511005 1.1336945
[2402, 0.5919316, 0.6896702, 5.5176897, 0.45643973] 2.252278 1.0409524 0.9052912 1.0501702
[2403, 0.44177294, 1.0619411, 5.512598, 0.53064483] 2.5704675 1.0486817 0.9411398 1.1286963
[2404, 0.5179846, 1.0028118, 4.5275874, 0.45241937] 2.7552156 1.1394922 0.7443898 0.8720762
[2405, 0.4570687, 1.0416676, 4.328368, 0.45907852] 2.7219744 1.1045003 0.7964207 1.0685207
[2406, 0.5673877, 0.91948825, 6.818988, 0.6953597] 2.5660093 1.0810409 0.73849773 1.0048735
[2407, 0.68415743, 0.6804242, 6.951113, 0.66387486] 2.3058674 0.9130342 0.9845477 1.0991935
[2408, 0.53943604, 0.8457552, 9.080319, 0.49192548] 2.3807952 1.000245 0.8388114 1.1605754
[2409, 0.5018357, 1.0185691, 5.1614833, 0.5966412] 2.6717072 0.8450079 0.84902126 1.1247408
[2410, 0.6337426, 0.57911515, 4.2984147, 0.5002931] 2.0047398 1.0356947 0.9039397 1.355249
[2411, 0.4281838, 1.0233053, 7.131934, 0.96656907] 2.449706 0.97797084 0.8974783 1.1267858
[2412, 0.6659365, 0.6716347, 6.5047717, 0.5982683] 2.4212527 0.87007105 0.823537 1.0896147
[2413, 0.46474555, 0.8648471, 7.0817904, 0.5147086] 2.2935312 1.0631244 0.8985533 1.1049432
[2414, 0.61554414, 0.76000005, 6.1713085, 0.81468517] 2.5301375 0.7392358 0.8579198 1.0580556
[2415, 0.5001301, 0.9928845, 7.6103253, 0.5751124] 2.5683858 1.019038 0.78744614 0.9720098
[2416, 0.5328388, 0.92962915, 6.426903, 0.58885413] 2.447078 0.9610691 0.8026901 1.2297711
[2417, 0.6089886, 0.64274275, 5.1605763, 0.39007673] 2.244471 1.0496926 0.8278118 1.0450189
[2418, 0.5744646, 0.9621475, 3.6752808, 0.6798106] 2.924354 0.78422904 0.85416317 1.0726221
[2419, 0.47457233, 1.021116, 4.743711, 0.5717433] 2.728978 1.0447453 0.7974605 1.1671873
[2420, 0.55570525, 0.9611653, 4.298081, 0.6109106] 2.836759 0.9753154 0.8010143 0.9289743
[2421, 0.5353233, 0.7122327, 5.1670423, 0.8468126] 2.2726672 0.9550531 0.87669563 1.083527
[2422, 0.5944579, 0.95560086, 5.686995, 0.6842064] 2.5999882 1.0166396 0.871472 1.0551672
[2423, 0.6129895, 0.7205755, 7.0363216, 0.9867771] 2.2574606 1.0326271 0.9698451 1.1192635
[2424, 0.6409673, 0.7712001, 7.0012703, 0.9494026] 2.57007 0.9663608 0.7910091 0.830807
[2425, 0.5464762, 0.9501791, 6.803513, 0.58148855] 2.6947858 0.99212617 0.7702228 0.8802964
[2426, 0.5348265, 0.7239197, 5.377371, 0.4240709] 2.2575147 0.9485687 0.9150808 1.1729568
[2427, 0.43795797, 0.7741302, 6.349016, 0.37633285] 2.2959065 1.0238601 0.972647 0.9592384
[2428, 0.48559856, 0.763465, 4.70672, 0.4784881] 2.2764087 0.9218624 0.9978543 1.0426477
[2429, 0.5024824, 0.94997364, 6.1501155, 0.6453675] 2.415484 0.9840416 0.9515929 1.2016398
[2430, 0.556994, 0.968087, 4.149424, 0.45328596] 2.739165 0.99298227 0.84229213 1.1312135
[2431, 0.637506, 0.60469973, 5.0547557, 0.4006592] 2.106546 0.94456035 0.94215035 1.2688065
[2432, 0.5155459, 1.0188365, 5.0261397, 0.67199606] 2.7597723 0.81863606 0.8898372 1.0271841
[2433, 0.39201248, 0.9664683, 7.9823585, 0.59033984] 2.5364473 0.8602427 0.7895461 1.1198087
[2434, 0.5289268, 0.9988141, 5.353857, 0.68459916] 2.4765737 1.0191283 0.8793426 1.23421
[2435, 0.525059, 0.992515, 4.4282107, 0.56318647] 2.7233288 0.8545015 0.9180626 1.1982043
[2436, 0.5434082, 0.87710106, 8.757451, 0.6051904] 2.5456061 0.85526663 0.828907 1.0254983
[2437, 0.3965927, 0.8778628, 6.6300945, 0.89004046] 2.2723002 0.83200455 0.98990846 1.2866069
[2438, 0.45699766, 1.0210036, 7.5740685, 0.83843726] 2.5819364 0.85959566 0.87033397 1.0955764
[2439, 0.59825295, 0.7743798, 7.744634, 0.54331] 2.4097106 1.0976548 0.7702638 0.9595126
[2440, 0.44699013, 1.0457444, 5.2756553, 0.5643011] 2.5637727 0.94960004 0.99010444 1.1210451
[2441, 0.46870768, 1.0277492, 5.880249, 0.51996976] 2.692251 0.956246 0.90173304 0.9763336
[2442, 0.5399622, 0.87754446, 8.354929, 0.5660864] 2.413284 0.9613406 0.7949465 1.2378986
[2443, 0.53359413, 0.9684216, 7.2650294, 0.8232164] 2.4284043 0.89800566 0.9098444 1.304763
[2444, 0.4628346, 0.9663256, 6.651527, 0.88033545] 2.4766917 0.83737713 0.8374135 1.1989822
[2445, 0.6043388, 0.8624372, 7.0990987, 0.66511065] 2.5355754 1.0538163 0.7515819 0.9669253
[2446, 0.45747545, 1.0097245, 6.8806453, 0.74670506] 2.4788144 1.0425181 0.8764642 1.1130534
[2447, 0.4630954, 1.0647557, 5.6412897, 0.70847034] 2.7110496 0.86265486 0.80210924 1.0596594
[2448, 0.57161516, 0.8089598, 8.331271, 0.5545158] 2.4321108 1.0058765 0.8763746 0.97632974
[2449, 0.5133875, 0.99300116, 5.58008, 0.7329303] 2.5326688 1.0389214 0.84395146 1.1708754
[2450, 0.5759816, 0.933533, 3.8537865, 0.58618414] 2.8700092 0.897277 0.8559034 1.0493692
[2451, 0.5506051, 0.88309884, 7.424965, 0.594461] 2.2880027 1.1321692 1.0045674 1.1419576
[2452, 0.44647896, 1.0334508, 7.7451797, 0.79857045] 2.5262327 0.91977537 0.83439445 1.1532416
[2453, 0.3344192, 0.66946447, 4.1418457, 0.38196608] 1.9296489 0.9973006 1.1612496 1.1983577
[2454, 0.5369448, 0.9744614, 5.7501426, 0.7011279] 2.6641803 0.99365777 0.8275778 0.94478583
[2455, 0.52266574, 0.9277296, 7.517795, 0.9913326] 2.376851 0.9336769 0.89935803 1.2684176
[2456, 0.62433004, 0.89168006, 4.9041643, 0.56047773] 2.7655675 0.92912966 0.6550955 0.9330389
[2457, 0.5068927, 0.7431957, 5.092756, 0.6638032] 2.3763916 0.90855974 0.92841214 0.95972145
[2458, 0.43278196, 1.0573677, 6.4837003, 0.4852682] 2.5854874 0.9312356 0.9181532 0.9864925
[2459, 0.6595192, 0.8741802, 4.0376472, 0.51843345] 2.8565302 0.997054 0.74924815 1.0959276
[2460, 0.3884318, 0.6118376, 4.1216054, 0.5488097] 2.0266912 0.95777434 0.9577783 1.1472261
[2461, 0.5566531, 0.9888522, 4.0403776, 0.6006331] 3.0837944 1.0209193 0.79713196 0.79704183
[2462, 0.5178663, 1.0192875, 5.138515, 0.84886855] 2.6755624 0.8856896 0.7437376 1.1773164
[2463, 0.48020864, 1.0302, 5.0810704, 0.5684075] 2.716951 0.9479633 0.7080585 1.0881107
[2464, 0.43411103, 0.99844575, 8.058216, 0.77792114] 2.359892 1.0253057 1.0084254 1.1198435
[2465, 0.46834424, 0.9924753, 7.1381755, 0.8046057] 2.5737119 0.8623919 0.9092161 1.0513713
[2466, 0.5172981, 0.8862143, 8.079007, 0.74698967] 2.436111 0.96003115 0.9013591 1.0812883
[2467, 0.46008036, 1.054424, 4.5544477, 0.48407796] 2.7436433 0.9778596 0.7596351 1.0881532
[2468, 0.49135235, 1.0083628, 6.2175446, 0.6829742] 2.5571375 1.0826985 0.7594059 1.0607071
[2469, 0.528326, 1.0108137, 5.2589216, 0.7531273] 2.7035346 1.0246465 0.7583515 0.89894664
[2470, 0.40331826, 1.0676997, 5.865834, 0.7389491] 2.5716033 0.96277815 0.925618 1.0156091
[2471, 0.4327463, 1.0644374, 4.5001717, 0.7787982] 2.6318657 1.0132363 0.88483083 1.1893348
[2472, 0.48993155, 1.0035224, 5.4023376, 0.725442] 2.5689573 1.0196472 0.9049211 1.0968314
[2473, 0.3459704, 1.0702907, 6.1447663, 0.43301302] 2.6864555 0.8644628 0.8125192 0.9652226
[2474, 0.5811916, 0.9322682, 5.0728736, 0.9649804] 2.6369042 0.7565519 0.80689967 1.2052217
[2475, 0.45925936, 0.8794564, 6.754904, 0.6896466] 2.3428907 0.9250448 1.0164472 1.0422419
[2476, 0.51048344, 0.8153307, 6.6045475, 0.83647] 2.4633203 0.8841982 0.81474644 1.017405
[2477, 0.49343386, 1.0178856, 4.0988007, 0.5495832] 2.9268982 0.8471427 0.88094556 0.9657593
[2478, 0.53315705, 0.9845486, 3.738245, 0.5460222] 2.8649757 1.1133456 0.79650015 0.9102953
[2479, 0.53382945, 0.662259, 4.058108, 0.7278065] 2.1849816 1.0487047 0.94678456 0.9884511
[2480, 0.542561, 0.92870766, 7.1073527, 0.63222843] 2.570531 0.8687085 0.8559401 1.1035628
[2481, 0.5904701, 0.9734884, 4.987579, 0.7333444] 2.59706 1.0006717 0.8707031 1.1962081
[2482, 0.52455634, 0.8301203, 7.584926, 0.61705947] 2.4016204 0.94174474 0.84402514 1.1188536
[2483, 0.48691782, 1.0020633, 4.6072617, 0.5468677] 2.6782146 0.92002887 0.74685276 1.1038682
[2484, 0.5668986, 0.7644585, 6.6811404, 0.6153647] 2.4570625 0.87222844 0.80507433 1.0546206
[2485, 0.567673, 0.95570785, 4.9070005, 0.46976444] 2.811744 0.9735341 0.76718724 0.88207704
[2486, 0.50956064, 0.9775121, 6.168645, 0.6827641] 2.6925142 0.96927726 0.75469404 0.9046388
[2487, 0.4821377, 0.94787467, 6.7512712, 0.86693585] 2.5379918 0.99914277 0.9125413 0.88459486
[2488, 0.4929266, 0.83249336, 7.6357126, 0.6334809] 2.358036 0.9636356 0.89433724 1.1142237
[2489, 0.49764112, 0.94782573, 6.538816, 0.825456] 2.427928 0.89285886 0.9133989 1.19392
[2490, 0.49031866, 1.0164483, 5.2308493, 0.45060217] 2.619084 1.0007316 0.8345358 1.2093188
[2491, 0.41385457, 1.0079739, 8.101378, 0.6525347] 2.550541 0.8804524 0.86114436 1.1005723
[2492, 0.5808156, 0.9202, 5.966396, 0.58824027] 2.5226731 1.1333865 0.76661104 1.0245179
[2493, 0.46334365, 0.95248026, 8.446765, 0.6973692] 2.4781885 1.0291808 0.9403524 0.9591031
[2494, 0.49403185, 0.98642963, 5.173252, 0.4982991] 2.5965974 0.82712483 0.77795553 1.2769932
[2495, 0.5527579, 0.97904813, 2.9458597, 0.8098656] 3.0548844 0.91680706 0.910459 1.009389
[2496, 0.6233822, 0.8493365, 6.3650846, 0.5694021] 2.3638973 1.0862329 0.7579709 1.2916877
[2497, 0.4969729, 1.009054, 4.968871, 0.62454516] 2.8504353 0.82451653 0.90656275 0.96811837
[2498, 0.4787504, 1.0264385, 5.9356985, 0.5809029] 2.595267 0.9744499 0.8429276 1.0270096
[2499, 0.5229997, 0.910088, 7.91867, 0.7394821] 2.5383692 0.93221456 0.8606079 0.97200674
[2500, 0.46703875, 0.863779, 6.981447, 0.5181642] 2.3679364 0.8739016 0.9097238 1.1958762
[2501, 0.5168329, 1.0220389, 6.4229965, 0.9243917] 2.5651422 0.97146255 0.9504746 1.0607526
[2502, 0.43306026, 1.0590799, 6.015077, 0.7727152] 2.5288417 1.0230219 0.9570989 1.060928
[2503, 0.4624406, 1.0400453, 4.3560443, 0.55867267] 2.7732346 1.0828557 0.8539203 1.0260661
[2504, 0.5198555, 1.0182266, 4.3611236, 0.58266497] 2.8042586 1.0490235 0.9149149 1.0113697
[2505, 0.44429874, 1.0568608, 6.2582245, 0.6964934] 2.5527606 0.9016104 0.8057561 1.1931224
[2506, 0.44439244, 1.0496906, 5.3343024, 0.5610266] 2.4530945 1.0212103 0.9137906 1.2701583
[2507, 0.6177986, 0.6632019, 4.773309, 0.6543804] 2.1959267 1.0379522 0.94226587 1.0907756
[2508, 0.6330019, 0.8981209, 4.3605475, 0.3381287] 2.8629608 1.1025575 0.7260746 0.7319248
[2509, 0.5422036, 0.97702515, 4.1233134, 0.70878273] 2.714254 1.0987762 0.86547357 1.1746497
[2510, 0.41228446, 1.0842408, 3.7311115, 0.96606326] 2.8920705 1.0988592 0.8740157 1.0017047
[2511, 0.56602573, 0.9373007, 5.437923, 0.60477424] 2.631785 1.0150601 0.8897872 1.0669181
[2512, 0.5366057, 0.97754776, 5.1416483, 0.4734171] 2.6491768 1.0653176 0.7425801 0.9991267
[2513, 0.3960777, 1.0927382, 4.165166, 0.49184847] 2.7580526 1.0057648 0.96835583 1.0296221
[2514, 0.5331968, 0.7815815, 5.9710183, 0.6300404] 2.3229246 1.0200355 0.9705684 0.9200303
[2515, 0.60021573, 0.7384423, 5.614068, 0.8000877] 2.5275304 0.8451391 0.83254206 0.8192536
[2516, 0.5449472, 0.96798986, 5.692142, 0.6784935] 2.5503602 0.9403467 0.79199445 1.2265377
[2517, 0.4671922, 1.0582594, 4.614488, 0.48120305] 2.5715132 0.9146574 0.9678669 1.2884463
[2518, 0.5531981, 0.8253079, 6.535271, 0.5674571] 2.3138433 0.9096266 1.0284352 1.2135131
[2519, 0.37846422, 1.0947669, 3.9007208, 0.84421015] 2.8445237 0.9495588 0.89970803 1.1307169
[2520, 0.58149236, 0.9384561, 3.0611305, 0.5453596] 2.839973 0.9127694 0.96740407 1.0404667
[2521, 0.5102425, 1.0153978, 5.5842533, 0.5187512] 2.6568162 1.0145249 0.69081885 1.1982429
[2522, 0.55240625, 0.8882709, 7.801014, 0.70621634] 2.4303994 0.9663315 0.9582448 1.0928124
[2523, 0.5111583, 1.0077056, 4.7759175, 0.6759397] 2.6235263 0.965162 0.9145075 1.1530528
[2524, 0.6204656, 0.9094367, 6.784463, 0.88212126] 2.4727566 1.0013552 0.85810757 1.1913619
[2525, 0.6095241, 0.7154344, 6.370563, 0.62116265] 2.348166 1.0485905 0.8751587 0.9572712
[2526, 0.5407377, 0.74765885, 5.7864256, 0.41172358] 2.3386483 0.99248767 0.836867 1.0365378
[2527, 0.4840497, 1.0187722, 5.9852967, 0.66936964] 2.5520556 1.1001247 0.89935416 1.0424044
[2528, 0.48448566, 0.929281, 7.0523443, 0.9910407] 2.3909295 1.0652655 0.88508135 1.1046417
[2529, 0.45857608, 1.0492338, 6.260656, 0.56983215] 2.489597 0.96516234 0.9859648 1.2446194
[2530, 0.44474256, 0.9286776, 7.272671, 0.78611636] 2.4681544 0.81006455 0.9254146 1.1366581
[2531, 0.4212728, 1.0502794, 5.2868967, 0.7517526] 2.666669 1.0116551 0.7885882 1.0890518
[2532, 0.5479079, 0.97862583, 4.4855795, 0.54794675] 2.7774017 0.9385681 0.84430224 0.9696016
[2533, 0.4806396, 1.0078968, 4.2028985, 0.6798444] 2.8486302 0.9018727 0.8542727 1.1613048
[2534, 0.5102092, 1.0249745, 4.2230253, 0.51686966] 2.515123 1.150807 0.8402448 1.3487176
[2535, 0.4632374, 1.0350289, 2.9508197, 0.8362003] 2.8535004 0.9281248 0.9856872 1.1873227
[2536, 0.5956518, 0.9270996, 4.4479628, 0.43923408] 2.808692 0.8125002 0.8177263 1.1903896
[2537, 0.53270787, 0.99663776, 3.6918945, 0.79213107] 2.8172674 0.866757 0.94592756 1.2189947
[2538, 0.4725841, 1.0227603, 4.899977, 0.40691605] 2.6887538 0.89509803 0.90529627 1.2092336
[2539, 0.46635708, 1.0248535, 6.4362774, 0.7823538] 2.6638706 0.965629 0.81411767 0.9057034
[2540, 0.48521468, 0.9808214, 4.821176, 0.4227927] 2.736005 1.0475702 0.7424043 1.0294625
[2541, 0.49010098, 0.9963169, 5.3118544, 0.6250604] 2.6498911 0.977078 0.84123546 1.042111
[2542, 0.5733398, 0.9687373, 5.0555954, 0.71383935] 2.8243012 0.993111 0.8401235 0.9570987
[2543, 0.43722185, 1.0031431, 6.267642, 0.74703574] 2.494672 0.9202861 0.858158 1.1479632
[2544, 0.51790386, 0.9249679, 8.602847, 0.5344456] 2.5513914 1.0221542 0.8052891 0.9130025
[2545, 0.5162446, 1.01811, 5.57147, 0.4859763] 2.6077828 1.0057439 0.7873984 1.0762721
[2546, 0.5291891, 1.0042065, 4.636529, 0.7149309] 2.685117 1.0458688 0.8703634 1.0844849
[2547, 0.54321986, 0.93575686, 6.7980185, 0.7889593] 2.4848053 1.0177169 0.82648844 1.124982
[2548, 0.5719375, 0.66351813, 4.4248366, 0.70323753] 2.179248 0.8506917 1.0196558 1.1139365
[2549, 0.46177456, 0.8842164, 7.2102466, 0.51084036] 2.4106002 1.0854728 0.8317121 1.00864
[2550, 0.5422102, 0.9965367, 4.0661516, 0.51185215] 2.6811595 0.8015707 0.7876623 1.3794212
[2551, 0.42095488, 1.0563755, 5.2937818, 0.65620005] 2.6399667 0.8863629 0.9751997 1.1233568
[2552, 0.4978949, 0.9687884, 6.091833, 0.8263507] 2.6263497 0.9675878 0.7688155 0.92212856
[2553, 0.5961983, 0.9476652, 4.5056834, 0.62604725] 2.7954037 1.1179341 0.89098537 0.86864996
[2554, 0.59775376, 0.783142, 8.376885, 0.8404488] 2.5042224 1.0126177 0.7813033 0.9086496
[2555, 0.40539804, 0.9758468, 7.1559634, 0.5860544] 2.4223657 1.0370413 0.9290387 1.0475304
[2556, 0.47633016, 1.0373956, 3.6798694, 0.55273217] 2.8973825 0.79631454 0.85639274 1.145554
[2557, 0.572693, 0.90895987, 7.6493106, 0.6719438] 2.4753017 0.9437587 0.8468826 1.1610615
[2558, 0.48640686, 0.8292924, 6.334494, 0.69774795] 2.3631532 0.9040802 0.9223526 1.0590897
[2559, 0.56680954, 0.75715786, 6.2836075, 0.67965364] 2.2932518 0.907591 0.8982018 1.1941047
[2560, 0.5075401, 1.0005913, 6.024, 0.5173795] 2.5301898 0.9706991 0.7703496 1.2490225
[2561, 0.5183037, 0.98975194, 3.843102, 0.474622] 2.953595 1.0148392 0.8429996 0.99763197
[2562, 0.4984943, 0.9980207, 5.034455, 0.39849797] 2.7165155 1.072379 0.7124203 1.1823931
[2563, 0.5569296, 0.94225633, 6.8885746, 0.67634505] 2.5714602 0.96575356 0.78187597 1.0457299
[2564, 0.5401165, 0.9355602, 5.8474584, 0.7347828] 2.5689788 1.0374157 0.8936606 0.85363114
[2565, 0.46242157, 0.81370974, 6.2799478, 0.55446833] 2.2054272 1.0244473 0.9722791 1.1638521
[2566, 0.48882633, 0.99263835, 6.468081, 0.9362135] 2.5360334 0.93351585 0.86285937 1.0938096
[2567, 0.59013623, 0.91113853, 4.2426105, 0.44229248] 2.6407635 0.9661583 0.83927006 1.0210515
[2568, 0.52346414, 0.86480886, 8.254017, 0.5284017] 2.3320441 1.0073295 0.88285255 1.1928144
[2569, 0.5737314, 0.81926006, 6.73851, 0.4675979] 2.455894 0.868168 0.8526165 1.0556586
[2570, 0.54674834, 0.8617324, 7.653552, 0.52960014] 2.3621118 0.8983081 0.9131965 1.2236339
[2571, 0.52613044, 0.9837961, 5.335995, 0.70413166] 2.691754 0.7847952 0.84746855 1.1107177
[2572, 0.4864362, 1.014893, 5.561982, 0.60714656] 2.635352 1.0430741 0.7238723 1.0894331
[2573, 0.5193868, 1.0060959, 5.732593, 0.5270387] 2.597947 0.98518425 0.8200844 1.0793982
[2574, 0.51955646, 0.9859735, 5.2465396, 0.6174609] 2.7054229 0.9264535 0.91455054 0.8036775
[2575, 0.50018364, 1.0256295, 4.500177, 0.52456653] 2.7420464 1.0852484 0.7685373 1.1039952
[2576, 0.4809908, 1.0250256, 5.6529584, 0.80924493] 2.6649935 0.90086246 0.950125 1.0951319
[2577, 0.4626692, 1.0124086, 3.948913, 0.4723006] 2.893791 0.97583807 0.73469967 1.0758929
[2578, 0.5744943, 0.9529909, 3.6401646, 0.46377248] 2.7415907 0.97968405 0.7831828 1.3053089
[2579, 0.5048441, 0.8499327, 7.917241, 0.78272426] 2.2939217 0.9355537 0.9571817 1.2253128
[2580, 0.57118297, 0.83541584, 7.393016, 0.57373166] 2.2252831 1.0847803 0.9034849 1.2525601
[2581, 0.47878474, 1.0197994, 3.9315755, 0.75384486] 2.8593447 0.9971283 0.86629206 1.1167152
[2582, 0.5623197, 0.8907668, 5.812058, 0.38719314] 2.6120489 1.0182798 0.84457076 0.8268068
[2583, 0.48132727, 1.0217654, 5.6194754, 0.5153026] 2.6220932 0.8742081 0.9429219 1.0848196
[2584, 0.6235862, 0.6918935, 5.1671643, 0.51475275] 2.2826185 0.894706 0.7182538 1.2764065
[2585, 0.63126385, 0.8225092, 8.446102, 0.6811783] 2.3984873 0.95053124 0.803474 1.1952741
[2586, 0.57308495, 0.70770955, 5.041336, 0.4315085] 2.2565348 1.0592995 0.8886381 1.0632117
[2587, 0.5830262, 0.8301076, 7.4123416, 0.51750344] 2.5725832 0.9335164 0.7006646 1.0148262
[2588, 0.39819857, 1.0692136, 5.8360114, 0.7879458] 2.521507 1.089598 0.9248063 1.0141032
[2589, 0.64068973, 0.8857151, 2.84316, 0.63524604] 2.9797199 0.9898689 0.82603306 1.1668893
[2590, 0.4574446, 1.0588329, 4.416957, 0.48900172] 2.6080422 0.929293 0.8705872 1.3683194
[2591, 0.46168816, 1.0227739, 4.9412665, 0.49477056] 2.6768215 0.9588978 0.91873246 1.1066021
[2592, 0.48459506, 1.0095981, 4.467544, 0.5243279] 2.7290556 1.0586104 0.8569766 0.99090505
[2593, 0.47257486, 1.0145023, 4.555138, 0.68205094] 2.6194706 1.0102865 0.90194494 1.0977253
[2594, 0.46236512, 0.92679167, 6.9654193, 0.87703294] 2.3564327 0.9610738 1.0731225 1.0038843
[2595, 0.60791826, 0.7561536, 7.9161863, 0.5039441] 2.4500382 1.0805379 0.7785325 0.91456664
[2596, 0.4668403, 1.01413, 5.513847, 0.4494721] 2.5484147 1.0748149 0.84847504 1.099105
[2597, 0.44653803, 1.0475672, 4.930964, 0.6101929] 2.555193 1.0227717 0.85409397 1.2706485
[2598, 0.56442237, 0.98000795, 5.2960606, 0.6236906] 2.573165 0.97529984 0.950448 1.0920166
[2599, 0.49776238, 0.9998369, 6.627253, 0.60058373] 2.714397 0.8695108 0.7826316 0.95355386
[2600, 0.5117715, 0.8171265, 7.462108, 0.84375846] 2.4336479 0.8881043 0.8723338 1.0321349
[2601, 0.4647892, 0.99473846, 5.7992115, 0.5624367] 2.5485258 0.9253501 0.887149 1.0544797
[2602, 0.54879904, 1.0234396, 3.8260467, 0.731025] 2.9790583 0.88409877 0.8132018 0.98017657
[2603, 0.42234123, 0.99338937, 7.540951, 0.79512393] 2.4898262 0.84853226 0.96996504 1.1222856
[2604, 0.46559566, 1.0285834, 4.0327086, 0.48862025] 2.9137614 0.88968766 0.8113592 1.0382355
[2605, 0.6923446, 0.6938667, 8.4632635, 0.64145905] 2.424492 1.0059928 0.85752857 1.0205932
[2606, 0.57530755, 0.9034994, 5.334635, 0.49898127] 2.511381 1.095236 0.77158004 1.0731616
[2607, 0.49474308, 0.7965925, 6.8095922, 0.62634236] 2.3299608 1.007903 0.882278 1.1216282
[2608, 0.5815078, 0.91771835, 6.4805975, 0.6334566] 2.4804997 0.9624235 0.81400687 1.1793686
[2609, 0.44766533, 1.0504262, 4.5640664, 0.35805315] 2.9027996 0.8241274 0.71400195 0.9842557
[2610, 0.5543153, 0.9583681, 5.0543485, 0.6592606] 2.6136754 0.9770557 0.8411764 1.1832504
[2611, 0.65753484, 0.9026626, 3.104271, 0.729315] 2.9633448 1.0474025 0.8918688 1.0926181
[2612, 0.46458396, 0.99619424, 7.188758, 0.8969308] 2.4628804 1.0064908 0.9960699 1.0114368
[2613, 0.46754593, 1.0240871, 5.3209753, 0.7448618] 2.5714154 0.9498414 0.84980285 1.2335538
[2614, 0.51367456, 1.0241859, 4.324812, 0.47780916] 2.6918945 0.88271296 0.9312074 1.2959602
[2615, 0.48993397, 1.0251073, 3.5125434, 0.48803273] 2.9246435 0.97709006 0.6895632 1.0402911
[2616, 0.44877648, 0.77747566, 5.8605556, 0.5119413] 2.450582 0.9694995 0.8692033 0.7855853
[2617, 0.48400414, 1.034489, 5.7321835, 0.8729505] 2.5464036 1.0012329 0.95754653 1.0894946
[2618, 0.54973567, 0.9954648, 4.07996, 0.61670125] 2.9705417 0.88755983 0.6842699 1.1717886
[2619, 0.5497229, 0.97230613, 4.0496616, 0.48921013] 2.8201983 1.0510855 0.8491417 1.0018728
[2620, 0.54170924, 0.95400035, 5.587991, 0.5611189] 2.5242276 0.95006716 0.8715681 1.1236264
[2621, 0.5048147, 1.0062963, 4.9258084, 0.42705622] 2.7052524 0.99665 0.80950636 1.0886178
[2622, 0.42307034, 1.0552113, 3.6269972, 0.5963902] 2.881551 1.0066358 0.8386453 1.0959405
[2623, 0.44298702, 1.0287406, 4.5391417, 0.44100294] 2.6124692 0.9929335 0.73200905 1.2623941
[2624, 0.5884399, 0.93185824, 4.323592, 0.6499589] 2.7460456 0.90182334 0.88197213 1.1601745
[2625, 0.38446346, 0.6314351, 4.0207777, 0.6417659] 2.1822746 0.901137 0.7950976 1.0881723
[2626, 0.4612166, 1.0709573, 4.4659095, 0.9567495] 2.5891168 1.0431491 0.9369718 1.2751259
[2627, 0.44721693, 0.760799, 5.1434836, 0.60347486] 2.2288668 0.8559153 1.0308594 1.1569797
[2628, 0.53327125, 1.0075607, 5.1680183, 0.90253884] 2.7296865 0.99312156 0.9515664 0.8698458
[2629, 0.4815981, 0.8224055, 6.6641817, 0.539007] 2.3840747 0.91159534 0.8677381 1.0618107
[2630, 0.53135484, 0.9611039, 5.8466787, 0.87411976] 2.4813447 1.1222701 0.79722047 1.1136518
[2631, 0.35291576, 1.0239595, 8.192346, 0.7459224] 2.5691986 0.90601295 0.85295516 0.9901675
[2632, 0.48260242, 1.024832, 4.2475405, 0.7020239] 2.738243 0.8656658 0.99841166 1.1709338
[2633, 0.49878678, 1.0501136, 5.128703, 0.73028433] 2.545183 1.012416 0.9590962 1.2428908
[2634, 0.43080857, 0.87358636, 7.0328703, 0.4729548] 2.3560786 0.9988025 0.902352 1.05285
[2635, 0.5089239, 0.6426197, 4.8281107, 0.47090113] 2.2072473 0.8596545 0.96385473 1.0253943
[2636, 0.52173626, 0.9879104, 6.5393143, 0.6128422] 2.4988813 0.946647 0.94574875 1.093751
[2637, 0.4110487, 1.0802257, 3.4757738, 0.6921644] 3.0285578 0.9184194 0.8306881 1.0426884
[2638, 0.4088323, 1.0674286, 4.832206, 0.4540716] 2.6487312 1.0392058 0.9478001 0.9543884
[2639, 0.520368, 0.87341124, 7.4861746, 0.49449852] 2.3439293 1.104833 0.96887463 1.0227933
[2640, 0.5120695, 1.0442059, 3.783268, 0.7397715] 2.8444102 0.9275167 0.86115044 1.2408426
[2641, 0.5940445, 0.68721426, 4.653555, 0.61040866] 2.24062 1.0197858 0.9802166 1.00663
[2642, 0.5840774, 0.93937063, 3.1140232, 0.70405227] 2.911774 0.9466815 0.91120666 1.1782403
[2643, 0.42686513, 1.0453433, 5.0377436, 0.73589617] 2.697426 0.90424746 0.8113872 1.0740578
[2644, 0.54002213, 0.9557029, 6.123664, 0.9008405] 2.6287012 0.8894332 0.94297683 1.0475099
[2645, 0.48943242, 0.8730307, 8.428541, 0.73085874] 2.4018486 0.9540678 0.9094002 1.1223124
[2646, 0.54092497, 0.8499099, 7.5450916, 0.894901] 2.3592699 1.0090393 0.9031071 1.1247983
[2647, 0.48211905, 1.0316439, 3.7113144, 0.42007163] 2.9299712 0.93934953 0.7558336 1.0257465
[2648, 0.52983457, 0.98619664, 4.8443346, 0.40912023] 2.6415417 1.023509 0.9507878 1.184266
[2649, 0.61288416, 0.9216493, 5.7648716, 0.6918849] 2.5644424 0.9477974 1.0003095 1.158856
[2650, 0.6116467, 0.6574805, 4.9249597, 0.44084135] 2.2529476 0.8847894 0.8910498 1.1862131
[2651, 0.50782776, 1.0028071, 4.63231, 0.44779295] 2.774883 0.8766954 0.75609607 1.2116228
[2652, 0.5305681, 1.0102227, 5.4761477, 0.45546618] 2.6579332 1.0253216 0.84625936 1.0369996
[2653, 0.5068616, 1.0145576, 4.27978, 0.5869923] 2.830749 0.8990512 0.8935135 1.0683256
[2654, 0.5133241, 1.0354756, 5.123063, 0.47360298] 2.7357533 0.8797516 0.8494278 1.0945042
[2655, 0.5356293, 0.9482158, 6.005064, 0.89909333] 2.5317378 0.96040267 0.89855117 1.0131296
[2656, 0.4953039, 1.0193386, 5.429374, 0.58269674] 2.6413722 0.76227933 0.93476194 1.2077539
[2657, 0.513207, 1.0096791, 5.3782177, 0.8175453] 2.6038866 0.9703853 0.8127257 1.1276346
[2658, 0.5967732, 0.6607503, 5.2817354, 0.49706712] 2.2874753 0.9078677 0.904072 1.1208795
[2659, 0.56665874, 0.91111803, 7.947241, 0.8247558] 2.4664586 0.87154573 0.93781984 1.1286197
[2660, 0.6003608, 0.6949163, 4.769233, 0.82062346] 2.3483934 0.7961007 0.7470068 1.2182689
[2661, 0.4350303, 0.70926344, 3.8429976, 0.69771725] 2.243636 0.97557163 0.8743479 1.0077682
[2662, 0.5789902, 0.7550565, 6.1397486, 0.7611772] 2.136776 0.8986644 1.1796843 1.2800348
[2663, 0.47768083, 1.03641, 4.7701135, 0.5656692] 2.6578002 0.9980305 0.86241746 1.1187499
[2664, 0.5460711, 0.93955916, 6.890202, 0.6903047] 2.5046175 0.9648326 0.81573343 1.151951
[2665, 0.49215153, 1.0195007, 4.562415, 0.4549747] 2.5915434 1.0720519 0.9860751 1.1684391
[2666, 0.55562335, 1.0002769, 2.8794312, 0.7970889] 2.9574027 1.0536243 0.8553194 1.2160616
[2667, 0.59425145, 0.9485801, 3.5012553, 0.8809673] 2.880491 0.85896474 0.9116655 1.2236679
[2668, 0.49739516, 0.98819613, 6.0028014, 0.85327095] 2.5892444 0.93381596 0.7937083 1.1124189
[2669, 0.4650937, 0.6707251, 3.9673939, 0.8913174] 2.3369448 1.0079837 0.74830943 0.8322209
[2670, 0.53130805, 0.89728856, 8.608717, 0.717576] 2.4359107 0.9769143 0.8100467 1.1521419
[2671, 0.5216532, 0.9995572, 3.8057399, 0.39630923] 2.815069 0.87912965 0.85568076 1.1212981
[2672, 0.4442527, 1.0453134, 5.788706, 0.43078607] 2.5307357 1.0283048 0.9547111 1.0944207
[2673, 0.43187454, 1.0598756, 4.6912565, 0.47781855] 2.6816604 0.98387337 0.9504778 1.0945632
[2674, 0.48847255, 0.92437243, 8.094545, 0.7507746] 2.469716 0.9699425 0.91813976 1.015514
[2675, 0.46609053, 0.77463263, 5.1897492, 0.9244053] 2.1381278 1.101373 0.79528767 1.311676
[2676, 0.535131, 0.7069735, 4.903482, 0.44594792] 2.1636977 0.9688566 0.9617898 1.1909088
[2677, 0.5390757, 0.85608566, 6.7191687, 0.61317044] 2.5111716 0.8451708 0.7233097 1.1968914
[2678, 0.4725842, 1.0152946, 5.020347, 0.38628757] 2.4975145 1.1343344 0.89116 1.1159302
[2679, 0.4591408, 0.87267166, 7.450159, 0.9567044] 2.3727283 0.9822891 0.9655386 1.0005724
[2680, 0.5098534, 1.0049627, 6.4085674, 0.8493034] 2.6725671 0.8891384 0.7943971 0.99899966
[2681, 0.61098695, 0.8728788, 6.210445, 0.6583269] 2.2752564 0.9221589 0.92858046 1.416594
[2682, 0.46120262, 1.0564737, 5.843822, 0.68092775] 2.5686488 1.0981994 0.8982732 1.0088351
[2683, 0.535041, 0.74080676, 5.019916, 0.620038] 2.3504417 0.92009735 0.9517109 0.933418
[2684, 0.5438709, 0.9718955, 5.950004, 0.60352504] 2.5423522 0.98538357 0.83185744 1.1333693
[2685, 0.49739712, 0.8617162, 7.947331, 0.7725748] 2.3979032 1.0466743 0.9118089 0.95045644
[2686, 0.40280148, 1.0769687, 4.8058605, 0.511984] 2.572582 1.117485 0.96556777 1.0109309
[2687, 0.4959248, 0.87558705, 7.807842, 0.71275675] 2.359745 1.0380591 0.8794922 1.102732
[2688, 0.5479823, 0.93208885, 5.7599926, 0.6942482] 2.5937688 0.9311743 0.7201952 1.0985034
[2689, 0.5117603, 0.9037062, 8.079943, 0.76025045] 2.3641667 0.94015956 0.9394392 1.2162132
[2690, 0.6441433, 0.7580982, 8.562557, 0.7435359] 2.4588158 0.8722907 0.8731602 1.0644119
[2691, 0.58289576, 0.93746173, 5.7308493, 0.6988349] 2.431582 1.1678625 0.9140066 1.1196723
[2692, 0.49935082, 0.99863863, 5.3092837, 0.5601339] 2.6824317 0.96456456 0.9829113 0.97975826
[2693, 0.6142996, 0.7382797, 7.223318, 0.8616116] 2.3565595 1.0653213 0.8768005 1.0098678
[2694, 0.5722731, 0.9525839, 4.7459016, 0.549313] 2.6609938 0.9369142 0.7676268 1.0498205
[2695, 0.5129013, 0.98354, 6.095119, 0.73407817] 2.4305031 1.0899377 0.8774141 1.1585565
[2696, 0.48188895, 1.0317587, 6.1584225, 0.76243573] 2.4985905 0.9519759 0.7860712 1.328307
[2697, 0.5059078, 0.88028806, 7.0679684, 0.75248265] 2.5974596 0.7051727 0.94939613 0.93796587
[2698, 0.42234874, 1.0223932, 5.8198967, 0.49370956] 2.4364467 1.1323396 0.9343223 1.1279486
[2699, 0.49247143, 1.0048305, 4.0391426, 0.66109157] 2.8271372 0.8932908 0.84776914 1.141349
[2700, 0.44889134, 1.0504365, 4.720791, 0.59084827] 2.6853647 1.0852069 0.8066605 1.0621941
[2701, 0.45752433, 1.0748366, 5.427328, 0.70384395] 2.6714911 1.1219966 0.8788964 0.93096966
[2702, 0.5303314, 0.6718676, 4.6642137, 0.46486747] 2.2552092 0.8799958 0.952782 1.019089
[2703, 0.52526456, 0.9644875, 8.467251, 0.8522389] 2.396715 1.0013958 0.8578856 1.2220802
[2704, 0.4277896, 1.0633664, 4.505255, 0.4354827] 2.663964 1.0262467 0.88615596 1.1323367
[2705, 0.48987284, 1.0425869, 3.9670918, 0.6548071] 2.8308818 1.0882465 0.878467 1.0743668
[2706, 0.5108616, 0.83600754, 6.7549973, 0.60370433] 2.4153478 0.9634885 0.8392659 1.0631123
[2707, 0.49059236, 0.997837, 4.8337765, 0.4164483] 2.650889 1.0367752 0.973661 1.0351751
[2708, 0.54590255, 0.9413462, 5.9356885, 0.7321593] 2.4017708 1.0688949 0.8461771 1.2635524
[2709, 0.63401556, 0.7053249, 6.802672, 0.42131555] 2.369794 0.883692 0.90704393 1.1000134
[2710, 0.5608935, 0.880679, 7.460946, 0.6353466] 2.5563927 0.9253495 0.7780184 0.9995271
[2711, 0.5210255, 0.9966581, 5.7321067, 0.5611823] 2.6558235 1.0726446 0.85288906 0.89513534
[2712, 0.65603125, 0.67301124, 5.6521745, 0.554913] 2.362018 0.91667545 1.0033432 0.95880795
[2713, 0.36092466, 0.8295506, 6.210586, 0.5815901] 2.3582404 0.9237161 0.96683705 0.9717062
[2714, 0.3968057, 1.0046431, 7.3951316, 0.66019267] 2.485758 0.96830076 0.8175948 1.1460148
[2715, 0.5137258, 0.982194, 5.05573, 0.60940117] 2.529495 1.0818002 0.8896524 1.0672456
[2716, 0.4961707, 0.9935419, 6.1019616, 0.76551044] 2.5522819 0.9663234 0.85296315 1.1091411
[2717, -0.63484776, 0.51487684, 3.73416, 0.5467257] 2.0027785 0.8995583 1.0446484 1.1550088
[2718, 0.6247, 0.8383618, 7.8118258, 0.51617736] 2.4884298 0.9619408 0.6754235 1.2098123
[2719, 0.5433275, 0.9930959, 3.83173, 0.5727838] 2.7327747 0.86955625 0.8528449 1.3368309
[2720, 0.45132276, 1.0302408, 5.876884, 0.6981443] 2.4492986 0.99814415 1.0232075 1.1397804
[2721, 0.49931076, 1.0352876, 5.005931, 0.45324907] 2.8155093 1.012901 0.6654168 0.9588344
[2722, 0.62662417, 0.7145416, 5.247239, 0.4874359] 2.3301618 0.83507025 0.8041656 1.2878889
[2723, 0.43296993, 1.0738916, 5.096949, 0.4645446] 2.609555 1.0632979 0.95043516 1.0893466
[2724, 0.41403493, 1.0687251, 6.059286, 0.9083215] 2.4285119 0.8700686 1.010372 1.3127196
[2725, 0.5509579, 0.9621899, 5.244319, 0.54329604] 2.5614333 1.0475639 0.79007334 1.196453
[2726, 0.5238517, 1.0018748, 4.2757835, 0.41259173] 2.7067513 0.96488506 0.8238723 1.1915193
[2727, 0.5133215, 0.98054534, 6.0995264, 0.81606245] 2.4624317 1.0557084 0.9889503 1.0858672
[2728, 0.60145694, 0.8993146, 6.157865, 0.50958455] 2.5134273 1.1159518 0.7833368 1.0175849
[2729, 0.56011176, 0.9550858, 5.431413, 0.685168] 2.6369247 0.89901614 0.87821203 1.1280049
[2730, 0.5596625, 0.84995264, 7.9345174, 0.568816] 2.4839113 0.93955755 0.75507575 1.110716
[2731, 0.48700717, 1.0054656, 5.1202435, 0.5050063] 2.7780352 0.8232741 0.75977165 1.0439423
[2732, 0.50799996, 1.0072725, 5.772235, 0.6081028] 2.6257887 0.97017276 0.8327102 1.0347321
[2733, 0.58751965, 0.8123159, 6.346823, 0.7751643] 2.5562954 0.82283956 0.84934634 0.9587857
[2734, 0.53777635, 0.94235444, 7.7554555, 0.6976642] 2.528288 1.060055 0.7871778 0.9877372
[2735, 0.52074337, 0.99669933, 5.2644324, 0.65427417] 2.7609065 0.89784616 0.725998 1.0303084
[2736, 0.40348276, 0.7337688, 5.321162, 0.43067753] 2.254728 0.92450935 0.8591881 1.1719128
[2737, 0.5475823, 1.0055711, 5.340756, 0.5998859] 2.6423974 1.0459977 0.93658715 1.0372556
[2738, 0.5940073, 0.93653214, 3.6240067, 0.8745909] 2.8431692 1.0264548 0.8390452 1.1743968
[2739, 0.5529136, 0.94224375, 5.9432626, 0.6969135] 2.6129708 0.8597649 0.89315283 0.99268395
[2740, 0.42165032, 1.0285668, 6.101468, 0.75212663] 2.5741 0.9753107 0.89471614 1.0210985
[2741, 0.5942232, 0.67530483, 5.239664, 0.4943192] 2.247482 0.97657025 0.90792185 1.0478278
[2742, 0.5219013, 0.98552966, 5.6741133, 0.48213425] 2.4811692 0.97800314 0.92191154 1.208967
[2743, 0.51831514, 1.0164529, 5.4166884, 0.61891884] 2.559659 1.0425903 0.94048125 1.0915985
[2744, 0.41430414, 1.0577322, 5.810852, 0.8356497] 2.617539 0.93459225 0.9518144 0.9015098
[2745, 0.46883097, 1.027769, 3.7376099, 0.49282423] 2.8491297 1.0596005 0.78733534 1.0693147
[2746, 0.3995736, 1.074955, 6.514746, 0.74343455] 2.6815944 0.8594732 0.8884685 1.0964385
[2747, 0.44189614, 1.0480616, 4.6943383, 0.5510136] 2.7246149 0.9956164 0.8278326 1.0360328
[2748, 0.41290447, 1.0379896, 4.5619226, 0.47383475] 2.4631538 0.9885827 0.98328215 1.1193982
[2749, 0.57330614, 0.9599096, 5.357254, 0.6590958] 2.5337 1.0055842 0.8497652 1.1456883
[2750, 0.5298891, 0.75736076, 5.341713, 0.72915] 2.3783514 0.92917407 0.8655276 0.98069936
[2751, 0.5736845, 0.9795453, 3.7380593, 0.70941013] 2.9337723 0.9345651 0.8034901 1.0720782
[2752, 0.65323496, 0.7720703, 6.9902663, 0.4451166] 2.4943483 1.0539371 0.7731928 0.97755414
[2753, 0.5883764, 0.8192411, 10.235187, 0.8877477] 2.4083388 1.0283365 0.8359962 1.0047741
[2754, 0.691398, 0.5982641, 5.06518, 0.44957444] 2.1052442 1.1232077 0.93270403 1.1300126
[2755, 0.5355486, 0.9410759, 7.0645847, 0.7618216] 2.577099 0.77359474 0.86178803 1.1814171
[2756, 0.4630202, 0.9409452, 8.513631, 0.5740553] 2.368371 0.850152 1.0404142 1.1944524
[2757, 0.46348906, 1.0217918, 6.189391, 0.84927565] 2.60336 0.84581226 0.92937666 1.0194081
[2758, 0.33050817, 1.0876256, 4.8342443, 0.51679635] 2.6671734 1.1231652 0.8886528 1.0517529
[2759, 0.5565933, 0.99036235, 2.9928396, 0.69020486] 3.1004908 0.9549735 0.85536516 0.8921378
[2760, 0.3851409, 0.99084586, 8.2994585, 0.67046964] 2.3670392 0.89740986 0.9570548 1.2215949
[2761, 0.54521304, 0.9844124, 4.304925, 0.5993347] 2.8335214 0.97797745 0.8128589 1.0870028
[2762, 0.51934373, 0.9958173, 5.607507, 0.5663699] 2.5436416 0.9489545 0.91973394 1.1245452
[2763, 0.4332848, 1.0520723, 4.2757344, 0.9844823] 2.784589 0.94488245 0.8151735 1.1392488
[2764, 0.4201153, 1.0163231, 5.2427735, 0.4235724] 2.4902117 1.0151271 0.8113638 1.2054585
[2765, 0.55224806, 0.9541361, 5.220491, 0.9496426] 2.467045 1.0554651 0.90090764 1.1898786
[2766, 0.5323588, 0.90155774, 6.8750625, 0.5941773] 2.489388 1.0064049 0.85882187 1.0275667
[2767, 0.23191069, 0.7905188, 4.4525943, 0.95056206] 2.1509929 0.82209074 0.9819117 1.2218281
[2768, 0.43037313, 1.0451394, 5.727529, 0.8626861] 2.4861395 0.9249853 0.92021245 1.1915418
[2769, 0.48057595, 1.0275296, 6.3034515, 0.9577844] 2.5147204 0.8732467 0.9750268 1.1788082
[2770, 0.54238576, 1.0011148, 5.6518683, 0.50763035] 2.6458957 0.8463581 0.8337131 1.1439503
[2771, 0.49471492, 1.0179844, 3.8725255, 0.5837739] 2.8116064 0.90050405 0.8749239 1.1285089
[2772, 0.5557756, 0.89097965, 7.147346, 0.9630827] 2.4107628 0.8791028 1.0774559 1.0603682
[2773, 0.42537552, 1.0440615, 6.459496, 0.6588561] 2.5042732 0.9667224 0.8647983 1.1518295
[2774, 0.45905256, 1.0282341, 5.8536205, 0.92269915] 2.5789204 0.8386503 0.90181154 1.1415204
[2775, 0.5073483, 1.0108511, 3.6962795, 0.57975584] 2.7360997 1.1775516 0.8158343 1.156776
[2776, 0.553882, 0.90344894, 8.468255, 0.7720213] 2.4176033 0.8905371 0.89806134 1.226526
[2777, 0.5491517, 0.7945722, 6.391363, 0.71521] 2.2994924 0.9078469 0.85437655 1.2650521
[2778, 0.5663369, 0.9764907, 4.3489876, 0.36409694] 2.8906755 0.9515185 0.6973597 0.9106265
[2779, 0.46499768, 1.0317997, 4.3891816, 0.5857795] 2.6270666 0.94426125 1.0104129 1.1894183
[2780, 0.58012813, 0.87249553, 6.5102625, 0.45511895] 2.5418675 1.0101302 0.8118302 0.92717516
[2781, 0.562357, 0.9649483, 4.683943, 0.4615234] 2.6705492 0.9582991 0.73044956 1.2948546
[2782, 0.5439191, 0.8854432, 6.876508, 0.4871684] 2.4425063 0.96143854 0.8445624 1.0857344
[2783, 0.4830787, 1.0462067, 4.935446, 0.38644814] 2.8613095 0.7749413 0.83215505 1.0889629
[2784, 0.46476954, 1.0039854, 4.629306, 0.64132303] 2.84147 0.9672808 0.8311915 0.8944129
[2785, 0.5493349, 0.717704, 5.4904284, 0.50349903] 2.176755 0.9917808 1.0135792 1.0939798
[2786, 0.49665967, 0.99496263, 4.188507, 0.4524241] 2.7254572 1.0614209 0.77655584 1.1448265
[2787, 0.53531647, 0.99119425, 3.714401, 0.44996056] 3.0031276 0.9477812 0.7146131 1.018308
[2788, 0.47512728, 1.0355766, 4.954015, 0.38422117] 2.6776052 0.98531294 0.8730951 1.0172585
[2789, 0.41817307, 1.0313954, 4.6971517, 0.7745761] 2.847275 1.018409 0.86598074 0.86989456
[2790, 0.5351456, 0.96314555, 4.584845, 0.5270507] 2.8219204 0.8858071 0.7704168 1.0967754
[2791, 0.5019698, 1.0404837, 5.599658, 0.70809966] 2.5279386 1.0793303 0.9090522 1.1008468
[2792, 0.4212867, 1.0339658, 6.2947073, 0.8374318] 2.5044267 0.9581483 0.9453795 1.0916865
[2793, 0.5205924, 0.927674, 6.5819817, 0.81489974] 2.5591142 0.92028666 0.8459617 1.0073439
[2794, 0.5922271, 0.9434053, 5.4038897, 0.52074397] 2.4985006 0.9119621 0.8878489 1.3274415
[2795, 0.45891047, 1.0312872, 4.3961253, 0.4488373] 2.8331442 0.93955564 0.7868876 1.0564632
[2796, 0.5865348, 0.94552207, 4.23661, 0.4353839] 2.6272721 1.2433667 0.90534395 1.0474242
[2797, 0.4590658, 1.02215, 4.0957994, 0.41546395] 2.8850105 0.8137278 0.8665421 1.0865963
[2798, 0.57033354, 0.83689773, 6.56199, 0.65009195] 2.5236893 0.92944086 0.778596 1.0441072
[2799, 0.4890313, 1.0165646, 6.5056586, 0.7422401] 2.4767287 0.99433434 0.9132678 1.1758382
[2800, 0.44628015, 1.0612028, 4.157127, 0.6768512] 2.7776132 1.0323783 0.89830196 0.9859262
[2801, 0.51159257, 0.9213112, 6.5133476, 0.5985883] 2.4698756 0.95165646 0.8721368 1.1124965
[2802, 0.4787053, 0.98349094, 6.381595, 0.6801909] 2.417221 1.1336951 0.91073173 1.0888716
[2803, 0.5216245, 0.97526544, 5.1248937, 0.5252055] 2.6966732 0.9604495 0.8084986 1.113543
[2804, 0.5717156, 0.911998, 7.3516264, 0.9163953] 2.4920318 0.9603728 0.8589816 1.1282465
[2805, 0.5385432, 0.89708614, 7.809562, 0.74901974] 2.5116491 0.99606496 0.8135844 0.9976994
[2806, 0.51344943, 1.0446031, 5.0296035, 0.8521407] 2.603498 0.7931292 0.8949596 1.2161292
[2807, 0.46897173, 0.91637874, 9.655903, 0.6173035] 2.4153776 1.0512619 0.87709546 1.0270123
[2808, 0.47957933, 0.9644713, 5.2466435, 0.59705883] 2.477155 0.9927231 0.9388022 1.0790637
[2809, 0.4741367, 0.92079675, 9.098853, 0.97878075] 2.3177042 0.9252523 0.93139684 1.2996615
[2810, 0.5475312, 0.98594826, 4.5710063, 0.4450613] 2.5780983 1.0435145 0.70123965 1.2556007
[2811, 0.52376723, 0.77821404, 5.8702545, 0.5377741] 2.3727398 0.9662307 0.8728666 1.0357559
[2812, 0.54584175, 1.0140767, 4.256239, 0.4405067] 2.797911 0.87784314 0.69602 1.2374249
[2813, 0.49015918, 1.0337608, 3.8742058, 0.7041436] 2.9008102 0.97881705 0.8151272 0.9814217
[2814, 0.5229432, 0.7114454, 4.3470283, 0.51570606] 2.2225316 1.0127237 0.97308546 1.001089
[2815, 0.49018806, 0.99387574, 5.294668, 0.5439004] 2.6122391 0.9402401 0.9045935 1.2311529
[2816, 0.54026794, 0.9731133, 3.5451863, 0.65477717] 2.805193 0.85039055 0.849167 1.2902387
[2817, 0.5243588, 0.8990571, 8.042748, 0.8784432] 2.38052 0.98637086 0.8717334 1.2338086
[2818, 0.55917627, 0.8162953, 7.7972383, 0.57654405] 2.393549 1.0071417 0.8871729 1.0182853
[2819, 0.5053752, 1.0151315, 4.8477273, 0.54154783] 2.790756 0.9355105 0.7869656 1.0544767
[2820, 0.5696473, 0.9882989, 3.5224087, 0.53349555] 2.905374 0.92171323 0.79948425 1.1623315
[2821, 0.42362726, 1.073007, 4.4705696, 0.6001279] 2.7406933 1.0349182 1.0148326 1.096144
[2822, 0.5279173, 0.97598696, 6.466577, 0.6776509] 2.6477041 0.9243994 0.7532576 1.0761815
[2823, 0.4962947, 0.9715034, 6.9517674, 0.5648315] 2.6136243 0.96772784 0.773848 1.0145844
[2824, 0.442796, 1.0706844, 5.146846, 0.63579094] 2.7249231 1.008814 0.7774055 0.9638939
[2825, 0.4741961, 1.0536344, 4.797111, 0.55104536] 2.662001 1.0155344 0.8578673 1.0509517
[2826, 0.4553979, 0.98953545, 7.0365906, 0.6422781] 2.3959742 0.983555 0.9006899 1.2352225
[2827, 0.43050346, 0.9320774, 6.7262993, 0.8666254] 2.4592988 0.94632703 0.8972363 1.03659
[2828, 0.68161064, 0.66604435, 6.854499, 0.63351876] 2.1702948 1.0449493 0.88144505 1.3598441
[2829, 0.47105432, 1.0646933, 6.04904, 0.863683] 2.5481627 0.992475 0.8335945 1.2248452
[2830, 0.55503696, 0.9594709, 4.730622, 0.41732463] 2.9142232 0.97404313 0.7314013 0.92998415
[2831, 0.37689677, 1.0649079, 4.8514557, 0.52387244] 2.6174033 0.9942443 0.8723483 1.2208885
[2832, 0.43054953, 1.0705948, 5.443339, 0.6206801] 2.536874 1.0860163 0.9503764 1.2610371
[2833, 0.48489472, 1.0414255, 3.9563305, 0.71392477] 2.892939 0.960316 0.85672045 1.1160598
[2834, 0.510021, 1.0118494, 4.9496007, 0.56800467] 2.6110673 1.1297075 0.8562057 1.076918
[2835, 0.6170897, 0.9202832, 6.9715986, 0.722777] 2.4735343 0.9201175 0.8307479 1.2918918
[2836, 0.6739999, 0.73158824, 7.63824, 0.57842195] 2.2914028 1.1568102 0.8899656 1.059635
[2837, 0.49284032, 0.95944375, 7.575129, 0.5269488] 2.480828 1.0213119 0.85772 1.0647429
[2838, 0.48156682, 0.95382816, 8.37805, 0.9345235] 2.449634 1.0296321 0.91760486 1.0467806
[2839, 0.47878322, 0.8730824, 8.380343, 0.70388895] 2.3542192 1.0165244 0.86123 1.1313331
[2840, 0.5720807, 0.8333592, 6.671646, 0.4730555] 2.3130214 0.9505954 0.8511017 1.3255327
[2841, 0.39448714, 0.6398507, 4.2348895, 0.48584953] 1.9275129 1.0229636 1.0705321 1.1622939
[2842, 0.56985176, 0.9489673, 6.507158, 0.6624736] 2.3513882 1.1552664 1.0224742 1.1145178
[2843, 0.48775905, 1.0082023, 5.41421, 0.5253694] 2.765999 1.038192 0.7171093 0.94969594
[2844, 0.54994917, 0.97825795, 5.68578, 0.68765074] 2.484203 1.0418417 0.85161793 1.2488568
[2845, 0.510858, 0.8527117, 8.636371, 0.6583533] 2.3259642 0.9460154 0.85013175 1.2171671
[2846, 0.51853824, 0.99356216, 4.563176, 0.4800061] 2.6461868 1.0828178 0.8304052 1.1455
[2847, 0.50125, 0.9312432, 7.0596666, 0.9208915] 2.363719 0.99014205 0.962532 1.2058312
[2848, 0.5047022, 0.99858594, 4.9615355, 0.64477736] 2.671664 0.83204246 0.9329453 1.0917783
[2849, 0.5281833, 1.001211, 4.3429036, 0.5594774] 2.661808 0.99045366 0.8224089 1.1417822
[2850, 0.41213107, 0.98112166, 9.472268, 0.6908483] 2.4055238 0.987992 0.9980491 1.0469707
[2851, 0.49474266, 0.9478569, 8.47372, 0.940697] 2.3320494 1.0397849 1.0136786 1.1693181
[2852, 0.5500629, 0.9924108, 3.0184453, 0.6848415] 3.0859048 0.9986299 0.85753673 0.9179825
[2853, 0.54362726, 0.97932893, 4.7218614, 0.66344845] 2.6832602 0.9868014 1.0052173 1.1194152
[2854, 0.55016243, 0.989562, 3.7466245, 0.5196777] 3.0068958 0.90409154 0.8429982 1.0285386
[2855, 0.62140006, 0.88943446, 4.1099916, 0.44321987] 2.9873009 0.93363863 0.8944037 0.8328628
[2856, 0.4952012, 1.0164198, 6.2164683, 0.8166585] 2.388709 0.98119843 0.9716444 1.3279757
[2857, 0.5895173, 0.68487006, 5.13557, 0.52200145] 2.2378483 1.0092621 0.87531483 1.0874969
[2858, 0.52520263, 0.9837834, 5.2735343, 0.4298962] 2.686681 0.99287385 0.8055058 0.98573744
[2859, 0.4371162, 0.98898494, 6.461973, 0.6405777] 2.439043 1.0043285 1.011245 1.0640894
[2860, 0.5420366, 0.9227545, 6.968911, 0.6301879] 2.5583704 0.95852554 0.80455697 1.0022646
[2861, 0.42582965, 1.039951, 7.696636, 0.68037754] 2.5132484 0.93740475 0.8621547 1.0972031
[2862, 0.5218772, 0.9927669, 5.247431, 0.8330171] 2.6241086 0.9325641 0.8200115 1.0473274
[2863, 0.4111333, 1.0614929, 4.114994, 0.57155913] 2.8599813 0.9571533 0.8247236 0.9767626
[2864, 0.60298634, 0.9405053, 5.0946593, 0.4796339] 2.7431257 0.85436994 0.8063005 1.1964236
[2865, 0.506054, 1.0040668, 5.3600664, 0.55142814] 2.691775 0.89943266 0.9149062 1.0627364
[2866, 0.59262604, 0.76931304, 7.3957386, 0.6452694] 2.3985398 0.94356865 0.8966921 1.0128274
[2867, 0.566267, 0.64670134, 4.6385894, 0.43365848] 2.052601 1.0848259 0.96703374 1.1936816
[2868, 0.44199988, 1.0553235, 4.2457714, 0.8255163] 2.7101784 0.96856856 0.7338171 1.0707269
[2869, 0.44489208, 1.035871, 5.4957995, 0.8564894] 2.476942 0.97129786 0.8350068 1.2764021
[2870, 0.5704197, 0.9523807, 6.0220137, 0.6911595] 2.502489 0.95907056 0.99812466 1.1831595
[2871, 0.40109593, 1.0785716, 4.337379, 0.5944713] 2.9373221 0.8403149 0.83337843 0.96198434
[2872, 0.57093203, 0.7839907, 8.758325, 0.7564454] 2.359686 0.9734717 0.77523166 1.2296469
[2873, 0.61307883, 0.70090544, 4.9653707, 0.46686742] 2.297359 1.0466361 0.87067664 1.0238367
[2874, 0.49874985, 0.8618374, 6.4850006, 0.5752822] 2.516921 0.8154289 0.8727503 1.0185812
[2875, 0.4071182, 0.664643, 4.580778, 0.5660744] 2.207113 0.92112744 0.9559068 0.9753485
[2876, 0.46260983, 1.059268, 4.8151317, 0.43299803] 2.760307 0.94413316 0.89110523 1.0606484
[2877, 0.530395, 0.97069746, 8.017563, 0.9106313] 2.6396358 0.8606995 0.8110272 1.0155847
[2878, 0.5637077, 1.0027069, 5.0411267, 0.7375249] 2.611139 1.043225 0.9011212 1.1538775
[2879, 0.45822138, 1.0610667, 5.403008, 0.4783352] 2.5858638 1.0816656 0.8715654 1.1663363
[2880, 0.599861, 0.7045111, 5.2184854, 0.42080572] 2.1396036 1.0419888 1.0856255 1.0811269
[2881, 0.6035007, 0.8618178, 7.435443, 0.77930593] 2.3717692 1.0882361 0.8857279 1.1353358
[2882, 0.4719058, 1.0243739, 5.813568, 0.48132688] 2.575844 0.9865768 0.9388385 1.1345055
[2883, 0.52271086, 1.006995, 3.4859517, 0.83868796] 2.8645327 1.0403111 0.910776 1.067096
[2884, 0.5098697, 1.0379674, 5.0524554, 0.8317833] 2.565199 0.96119964 0.98688227 1.2353096
[2885, 0.51325965, 1.0361984, 4.1707206, 0.40483037] 2.7899466 0.98582494 0.7696226 1.1958896
[2886, 0.44180566, 1.0557832, 4.9888186, 0.57419664] 2.6433926 1.0548385 0.83460015 1.009064
[2887, 0.59276164, 0.94848424, 5.358537, 0.6129152] 2.7068264 0.90006423 0.8246164 1.0247086
[2888, 0.5024102, 1.0057975, 5.18151, 0.5174396] 2.765537 0.8577926 0.73914003 1.0840213
[2889, 0.47127032, 1.0272175, 6.6412735, 0.7765247] 2.4962027 1.0238217 0.8404491 1.1651433
[2890, 0.44108015, 0.9018828, 8.102517, 0.38801873] 2.4079623 0.9289368 0.9255648 1.0958753
[2891, 0.43388233, 1.0427574, 5.771283, 0.7155419] 2.5973146 0.9832803 0.92211384 1.0774237
[2892, 0.43324497, 1.0437856, 6.177194, 0.763526] 2.6379523 0.9303261 0.7996031 1.0725428
[2893, 0.51005983, 1.0007656, 4.785481, 0.49730393] 2.7769918 1.0661054 0.7600231 0.9631774
[2894, 0.47738576, 0.9953606, 5.50876, 0.5679913] 2.441316 0.94158286 0.9240926 1.2522465
[2895, 0.60549575, 0.76689583, 6.7761736, 0.75375116] 2.311858 0.89602816 0.89916927 1.2396133
[2896, 0.5290254, 1.016205, 4.3554587, 0.4364376] 2.7831936 1.054893 0.84010625 1.0324197
[2897, 0.43419367, 1.0762846, 4.555339, 0.7605147] 2.7924209 0.95060813 0.95866966 0.99185914
[2898, 0.52065116, 0.9840158, 5.112484, 0.6261758] 2.5814955 1.09247 0.8770157 0.9731089
[2899, 0.5551838, 0.962118, 6.643323, 0.927973] 2.4500275 0.964981 0.93131334 1.1791114
[2900, 0.361462, 1.0888203, 4.1330223, 0.64783627] 2.8399231 1.1279722 0.8373376 1.0216105
[2901, 0.5086273, 0.99361134, 5.926133, 0.7751513] 2.48926 0.9622949 0.93555963 1.1568174
[2902, 0.5473083, 0.98339903, 3.6322563, 0.6196467] 2.7348163 0.9570464 0.9149957 1.2152405
[2903, 0.55713284, 0.93894327, 5.8142385, 0.67895645] 2.709569 0.93589145 0.6668161 0.97529817
[2904, 0.6315912, 0.7398638, 6.2175016, 0.5186908] 2.2664416 0.9967609 0.9930407 1.195537
[2905, 0.5758961, 0.98379487, 5.339852, 0.80017006] 2.5460963 1.0349038 0.79880583 1.1725453
[2906, 0.5753708, 0.6929459, 5.0855813, 0.65529895] 2.2021947 1.0056436 1.0609477 1.0218507
[2907, 0.62270635, 0.953278, 3.9692717, 0.61351043] 2.6651542 0.9566606 0.87475044 1.4166969
[2908, 0.4364375, 1.0402027, 3.8256197, 0.4302275] 2.8806932 0.967082 0.88752127 1.0371319
[2909, 0.6192796, 0.9338702, 4.0202484, 0.6737549] 2.7544131 0.96716094 0.83077854 1.3445623
[2910, 0.39717442, 1.0785459, 2.871618, 0.6072908] 3.0965567 1.093379 0.7393271 1.0184606
[2911, 0.5509487, 0.97040755, 4.2398067, 0.55778426] 2.8287845 1.0623221 0.94216204 0.9361288
[2912, 0.45228037, 1.0148095, 5.704016, 0.89403737] 2.5617821 0.99702036 0.89295393 1.0609941
[2913, 0.49860597, 0.9931832, 5.0300565, 0.3586245] 2.6139836 1.0310214 0.8452637 1.1599686
[2914, 0.4445504, 1.048491, 5.6340337, 0.53960013] 2.5971403 1.0145726 0.88028014 1.1025668
[2915, 0.3950489, 1.0688231, 6.5887794, 0.71512043] 2.6039677 1.0164607 0.84157693 1.0060178
[2916, 0.4883017, 1.0463685, 3.9069293, 0.3910527] 2.7852566 1.0335178 0.7947829 1.0536447
[2917, 0.4991733, 1.0399729, 2.6416497, 0.74468905] 3.1661446 0.97112894 0.7523703 1.0322223
[2918, 0.4680481, 0.95843816, 6.9999437, 0.7371667] 2.5812535 1.0058122 0.77680457 0.9540475
[2919, 0.4975894, 1.0099636, 5.502904, 0.96267325] 2.607503 0.9364029 0.83886194 1.0482818
[2920, 0.6025347, 0.7023167, 6.5602746, 0.5886208] 2.3125772 0.8437767 0.84903467 1.2484715
[2921, 0.48380962, 1.0146531, 6.454834, 0.6897724] 2.5645108 0.96252877 0.85864526 1.0555034
[2922, 0.5210606, 0.782342, 6.5007186, 0.5512437] 2.3864722 0.9567951 0.79526436 1.0687448
[2923, 0.44097912, 1.0365165, 4.2031913, 0.59622526] 2.9405165 0.8062169 0.9103189 0.96554536
[2924, 0.6132775, 0.92487377, 3.2693312, 0.5750497] 2.9847517 0.8935645 0.77328205 1.1613379
[2925, 0.5222243, 0.9864303, 5.5924673, 0.390403] 2.5677285 1.0232817 0.8645023 1.1385974
[2926, 0.5272703, 0.77774256, 6.8998265, 0.76624435] 2.4169176 0.968754 0.76880336 1.011381
[2927, 0.5811299, 0.94245464, 6.660394, 0.9041604] 2.3930666 1.0538695 0.84847426 1.2415011
[2928, 0.4930772, 0.98319346, 6.606759, 0.5926116] 2.3732414 1.062576 0.8927071 1.2661635
[2929, 0.58637077, 0.7854939, 6.752036, 0.79440165] 2.3628733 0.9998237 0.8633767 1.0784199
[2930, 0.47817957, 1.0527312, 5.1338596, 0.524777] 2.7296493 0.9930466 0.7955395 1.0085633
[2931, 0.54057264, 1.0168915, 4.706653, 0.57344717] 2.8211098 0.94449264 0.90887624 0.96913266
[2932, 0.47826868, 0.91782886, 9.142533, 0.6842256] 2.4985857 0.96106184 0.8702144 0.97445387
[2933, 0.48518276, 0.99431556, 5.6363363, 0.79943764] 2.4804034 1.2002935 0.9298461 0.94625217
[2934, 0.51368564, 1.0133095, 3.9969375, 0.76709646] 2.8170168 0.94019794 0.8578866 1.1352416
[2935, 0.4967639, 0.7097758, 4.952851, 0.55700755] 2.3444176 0.77933735 1.0301843 0.98031884
[2936, 0.5400136, 0.8990782, 6.5247784, 0.6098669] 2.4004781 1.129164 0.9029083 1.0208893
[2937, 0.5838518, 0.940862, 4.570226, 0.44733274] 2.9024196 0.959665 0.7416675 0.8038259
[2938, 0.51626205, 0.73643064, 5.213883, 0.43793246] 2.2864373 0.9897818 1.0146782 0.9357483
[2939, 0.43423578, 1.0498134, 5.353523, 0.8818971] 2.5685608 0.97276145 0.8783895 1.1489704
[2940, 0.41507033, 1.0837122, 2.9407578, 0.7246507] 3.0911133 1.0716083 0.8606993 0.95555186
[2941, 0.5535016, 0.9794821, 3.645798, 0.66263855] 2.9181676 1.0480173 0.73614335 0.901633
[2942, 0.51721805, 0.79549485, 6.2599125, 0.68572557] 2.2569458 0.9587716 0.9516686 1.2340573
[2943, 0.5726487, 0.6595139, 4.137823, 0.46989533] 2.327487 1.0151036 0.8599491 0.92028534
[2944, 0.54304916, 0.99427617, 5.3728747, 0.5171571] 2.5266342 1.0693896 0.9240431 1.1554917
[2945, 0.56728834, 1.0463973, 2.3873522, 0.8003864] 3.245026 0.93067783 0.7902743 1.118146
[2946, 0.49310666, 1.0190834, 5.0026784, 0.62822217] 2.6022205 1.0446643 0.89893085 1.0387151
[2947, 0.57213426, 0.87721187, 7.5285006, 0.6250667] 2.5644345 1.0844177 0.86746234 0.77581155
[2948, 0.4644471, 1.0308576, 4.8176236, 0.4294819] 2.7398834 1.0255547 0.8649845 0.9523199
[2949, 0.52744925, 0.9840667, 3.9779053, 0.7538804] 2.7541559 1.039905 0.8479841 1.10032
[2950, 0.5574493, 0.95905834, 3.3075223, 0.70365435] 2.8884153 1.0007234 0.9606631 1.1084784
[2951, 0.697925, 0.6838067, 6.6082373, 0.59120804] 2.2990632 0.932314 0.8576596 1.2574743
[2952, 0.5700703, 0.99428564, 2.8729606, 0.58750635] 3.0456293 1.0671463 0.82754016 1.0763863
[2953, 0.4281428, 1.0761443, 5.4085007, 0.8859417] 2.5674946 1.1333576 0.90606105 0.9677237
[2954, 0.54539794, 0.8810889, 7.022591, 0.88054156] 2.3670409 1.0054365 0.92083144 1.1565789
[2955, 0.5360821, 0.9903197, 5.079515, 0.5069158] 2.8048937 0.908378 0.8035149 0.95806956
[2956, 0.5428346, 0.90392864, 7.8054266, 0.602271] 2.2740507 1.0941699 0.9751971 1.2027447
[2957, 0.37182945, 1.0960635, 4.1608377, 0.6083159] 2.9503992 0.89398795 0.82585585 0.9384048
[2958, 0.5081074, 0.97637904, 4.186547, 0.47326738] 2.6996896 1.1307124 0.85227567 0.92600626
[2959, 0.4603041, 0.895687, 8.776499, 0.8049187] 2.3744586 0.97402626 0.912569 1.0791016
[2960, 0.4752813, 0.9476464, 7.60906, 0.6689633] 2.4556696 0.9252973 0.821219 1.227237
[2961, 0.5709971, 0.96553004, 3.6815696, 0.48924562] 2.806283 1.0254656 0.80701095 1.2213575
[2962, 0.5003797, 1.014955, 5.7653403, 0.6013242] 2.6254222 1.0562377 0.8698597 0.8871003
[2963, 0.48975056, 1.0228164, 4.8368382, 0.45946854] 2.7588518 1.0689301 0.7546575 1.0235972
[2964, 0.47807366, 0.92038333, 7.398256, 0.77092683] 2.492549 0.9344649 0.8436514 1.0066797
[2965, 0.5805892, 0.92430484, 5.701627, 0.60310113] 2.468798 0.99735445 0.8359649 1.299399
[2966, 0.52617335, 1.0126731, 5.121495, 0.91098565] 2.6610694 0.9520139 0.8375833 1.0223781
[2967, 0.51055026, 0.6886022, 5.0175233, 0.4594739] 2.087834 1.0968279 0.8862817 1.2135632
[2968, 0.44445896, 1.0398227, 5.435962, 0.60496366] 2.549441 1.0113688 0.741665 1.2581403
[2969, 0.4243278, 1.063735, 3.3773613, 0.64426434] 2.8791294 1.1288476 0.797405 1.1771878
[2970, 0.3699246, 0.5910751, 4.130384, 0.5308945] 2.0466175 0.9834116 1.0003265 1.1216234
[2971, 0.46033776, 1.047791, 5.093578, 0.50795597] 2.6742275 0.94485843 0.95921063 1.083055
[2972, 0.649565, 0.8702831, 7.0138454, 0.517514] 2.3939052 0.97539485 0.8115771 1.3599834
[2973, 0.5245382, 0.8768674, 7.7128224, 0.69902146] 2.4494421 0.9848462 0.89730376 1.058359
[2974, 0.43478373, 1.0077107, 5.4554834, 0.9257493] 2.5056455 0.9576014 0.86658823 1.1430813
[2975, 0.44178438, 1.0642862, 3.9428885, 0.5685532] 2.8813734 0.9883104 0.8655996 0.9519734
[2976, 0.49795565, 0.9616017, 6.8412814, 0.74879336] 2.5432684 0.9572679 0.9191279 0.98159987
[2977, 0.50758433, 1.0394179, 5.609886, 0.769668] 2.5378554 1.0513724 0.8533204 1.2061965
[2978, 0.42679873, 1.0752683, 5.8291984, 0.49945992] 2.5611362 1.0280453 0.9161801 1.0584341
[2979, 0.5954792, 0.6774743, 5.2020307, 0.49023715] 2.3301182 1.0325115 0.7825283 1.0306938
[2980, 0.5537898, 0.67047316, 5.2862735, 0.36185503] 2.1079319 0.9242521 0.9925941 1.2609395
[2981, 0.4579697, 0.88938546, 5.6051855, 0.7275023] 2.3355346 0.9611285 0.96361405 1.1350362
[2982, 0.66376126, 0.76669073, 7.5801926, 0.7033842] 2.2926767 1.0073476 0.9776706 1.1960415
[2983, 0.5757883, 0.9793837, 5.5992455, 0.67191494] 2.6491668 0.8713256 0.8813463 1.0981343
[2984, 0.47996116, 1.0358117, 5.5660973, 0.4659323] 2.7123337 1.0512638 0.85390484 0.79979265
[2985, 0.37549338, 1.0599295, 5.0733705, 0.57586724] 2.619295 1.1306051 0.8440954 1.1583432
[2986, 0.5864175, 0.77282983, 7.387239, 0.7597403] 2.3736463 0.90056014 0.87295634 1.1742084
[2987, 0.455265, 1.0326238, 5.180204, 0.43711033] 2.7040303 0.91010135 0.81128883 1.1783735
[2988, 0.53966177, 0.9646655, 4.169689, 0.5527157] 2.818865 0.9865637 0.65021354 1.1428701
[2989, 0.5294247, 0.85465276, 7.213841, 0.58484286] 2.4267495 1.0434551 0.8752101 0.9880926
[2990, 0.52631235, 0.87792575, 7.7484684, 0.7343299] 2.3000891 0.87341857 1.0017086 1.2867187
[2991, 0.52325594, 0.98552024, 3.9263241, 0.70297766] 2.8741047 1.0778205 0.9053887 0.9955986
[2992, 0.5482976, 0.78123707, 8.163386, 0.46132576] 2.2604368 0.9763748 0.9605079 1.1621292
[2993, 0.42979673, 1.0661452, 3.9318032, 0.48057312] 2.8484619 0.986738 0.7917674 0.99516594
[2994, 0.6107986, 0.93724364, 3.6460662, 0.8612914] 2.9046445 1.0960319 0.9025671 0.95893115
[2995, 0.5546195, 0.98347914, 4.292361, 0.3411549] 2.8418448 0.8926521 0.65940255 1.1591749
[2996, 0.35539132, 1.0477962, 6.224264, 0.8865006] 2.5114286 0.9181662 0.8648314 1.1069895
[2997, 0.5808092, 0.9325899, 6.1086674, 0.9071099] 2.3832662 0.9260238 0.89887714 1.3626775
[2998, 0.49232173, 0.99936694, 5.8970823, 0.72583705] 2.4956253 0.94226974 0.92864746 1.2313504
[2999, 0.5279799, 0.9941275, 3.920288, 0.7434071] 2.7452211 1.0986915 0.90353274 1.0311421
[3000, 0.43128073, 0.8349128, 6.068214, 0.5487221] 2.202365 0.8918766 1.0443845 1.2114569
[3001, 0.5850633, 0.9244252, 6.9587064, 0.6147373] 2.4308274 0.9553024 0.77002627 1.3178303
[3002, 0.5320001, 0.7401862, 5.4735966, 0.5479533] 2.2377584 1.0006866 0.8959266 1.1490377
[3003, 0.5223734, 1.0089532, 3.9890413, 0.6176935] 2.8598998 0.9886116 0.92274266 1.0778857
[3004, 0.56286055, 0.95294094, 4.4646316, 0.3859448] 2.5448005 0.96224296 0.7929691 1.4440247
[3005, 0.43114153, 1.0771936, 3.9978166, 0.7028314] 2.817284 1.0623167 0.878942 1.0876861
[3006, 0.49570504, 1.0070447, 4.942655, 0.5172957] 2.6661892 1.0526799 0.8671029 1.1727347
[3007, 0.5337397, 0.9739428, 5.675618, 0.82886046] 2.7083857 0.77441496 0.83932245 0.9840429
[3008, 0.57192916, 0.9849243, 5.9629335, 0.58073074] 2.5844355 1.0421942 0.87261057 1.1299325
[3009, 0.6278513, 0.77577025, 7.937847, 0.74578553] 2.5077896 0.9096885 0.8528365 1.010196
[3010, 0.4120438, 1.0388329, 5.635361, 0.8556306] 2.7549975 0.9335807 0.832722 0.84034187
[3011, 0.47692263, 1.0005993, 5.097988, 0.57208294] 2.6061063 1.038395 0.984724 0.9296437
[3012, 0.49295878, 1.0067805, 6.3764944, 0.9078486] 2.5461926 0.9740395 0.9488278 1.0205603
[3013, 0.58982545, 0.930657, 3.387198, 0.64014703] 2.8935158 0.8985786 0.7671263 1.0912533
[3014, 0.48557076, 1.0218449, 5.143476, 0.57973355] 2.6269903 1.0514375 0.8574272 1.0189403
[3015, 0.47374487, 0.9032993, 6.6136575, 0.6849911] 2.4100075 0.9775248 0.86500186 1.0531983
[3016, 0.5461309, 0.84679323, 8.624437, 0.9969514] 2.261149 0.9799308 0.87962514 1.3492106
[3017, 0.52131057, 1.0181434, 4.666671, 0.57031363] 2.6522052 0.8567695 0.8647572 1.2410018
[3018, 0.54612064, 0.9675036, 4.384953, 0.4516115] 2.5991812 1.1032642 0.8326735 1.1157109
[3019, 0.6311508, 0.93311006, 4.08668, 0.8056034] 2.7263243 0.9592474 0.9352468 1.4407665
[3020, 0.61532557, 0.94984746, 6.1357017, 0.6139924] 2.7863438 0.72879225 0.8911516 1.0497184
[3021, 0.40914217, 1.0743785, 6.125345, 0.653523] 2.636478 0.9859444 1.0608188 0.95639956
[3022, 0.5115417, 1.0241294, 5.9272995, 0.6230118] 2.6402547 0.9571698 0.7794908 1.1754192
[3023, 0.64117295, 0.84715104, 6.639737, 0.86231065] 2.4417279 1.0726396 0.8563367 1.1207978
[3024, 0.53390014, 0.98308456, 6.9163666, 0.78266686] 2.5083382 1.0456314 0.8012641 1.1443565
[3025, 0.5856595, 0.83123136, 7.7017703, 0.59458613] 2.4558456 1.0389506 0.9187549 0.9132171
[3026, 0.61484873, 0.745646, 5.2690034, 0.6303938] 2.2411346 0.9135385 0.79963183 1.4165727
[3027, 0.49060714, 0.996739, 2.9180923, 0.59881145] 2.971253 1.1116343 0.7982507 1.0154095
[3028, 0.4455347, 0.9416731, 8.807985, 0.4955105] 2.5136154 0.9098559 0.99099797 0.921701
[3029, 0.6159324, 0.7203375, 5.929935, 0.7781118] 2.2508624 1.0439693 0.9781942 1.0934498
[3030, 0.5238964, 0.74713165, 5.570036, 0.5081968] 2.2779465 0.99232686 0.90173036 1.0712796
[3031, 0.41750577, 1.0619651, 4.8540163, 0.886376] 2.5970912 1.0228113 0.8296716 1.1235313
[3032, 0.4415915, 0.7711444, 5.214247, 0.52545494] 2.2978768 0.9389669 0.9383806 1.0217556
[3033, 0.50151443, 1.0320469, 3.9085443, 0.7763341] 2.9151745 0.9950253 0.7869136 1.0949974
[3034, 0.44157532, 1.0135798, 5.0475535, 0.5179389] 2.6428676 0.9524805 0.80607593 1.1712146
[3035, 0.5617885, 0.967154, 4.5936756, 0.59703714] 2.699958 0.8973307 0.833747 1.0614705
[3036, 0.48215267, 1.0352509, 3.67857, 0.69106895] 2.9608767 0.9211317 0.92025363 1.0220196
[3037, 0.41861203, 0.9373095, 8.705196, 0.63923734] 2.3396642 1.0116262 0.883598 1.185397
[3038, 0.5809388, 0.9416997, 5.904756, 0.7134385] 2.454394 1.0179638 0.7678999 1.3225039
[3039, 0.514084, 0.98750347, 4.585594, 0.37875956] 2.7531686 0.90110147 0.8125659 1.0627867
[3040, 0.57286686, 0.8927546, 7.8544927, 0.89100325] 2.3782802 0.9728666 0.9410207 1.1709614
[3041, 0.4202999, 1.0374752, 5.950872, 0.742345] 2.5372386 0.9871926 0.91032463 1.0588615
[3042, 0.5411295, 0.9264222, 7.4717755, 0.9842335] 2.410199 1.0646347 0.78397506 1.2229146
[3043, 0.45323154, 1.0298166, 4.672874, 0.5088207] 2.6165292 0.9543791 0.8780245 1.0479692
[3044, 0.55279684, 0.92008644, 5.8891325, 0.60243386] 2.5848656 0.8723914 0.8824035 1.078841
[3045, 0.31239423, 1.1291183, 4.6860404, 0.7117164] 2.6105149 1.0588362 0.9923131 1.0844413
[3046, 0.48745567, 1.0051519, 5.371435, 0.782676] 2.6309752 0.9142428 0.919233 0.91310704
[3047, 0.5672955, 0.88254946, 6.8792953, 0.82404315] 2.3667 0.8648018 0.9198321 1.327917
[3048, 0.55648845, 0.99227357, 4.2316804, 0.8949128] 2.6521661 0.947619 0.89312255 1.2790928
[3049, 0.42253253, 1.0621232, 5.4261465, 0.71787953] 2.5520983 0.90950704 0.9584772 1.1330255
[3050, 0.5787247, 0.9355427, 7.7030783, 0.91092753] 2.669293 0.94361144 0.75015914 0.9348965
[3051, 0.48779985, 1.0315009, 4.2981663, 0.5804985] 2.8802984 0.97146636 0.77768433 1.0174779
[3052, 0.4153888, 1.0514097, 4.6080766, 0.5297271] 2.7133808 1.0422258 0.84401196 1.1245819
[3053, 0.43829498, 1.0309833, 4.9120264, 0.6102876] 2.7853093 0.9127425 0.86881685 1.1108491
[3054, 0.5365301, 0.9967319, 4.7850432, 0.503402] 2.6462796 0.92346454 0.8438594 1.2504923
[3055, 0.57447666, 0.9824301, 3.0929506, 0.82013136] 3.065927 1.0508387 0.82378644 0.9153705
[3056, 0.6199048, 0.8478912, 5.445417, 0.8019051] 2.568808 0.76226455 0.8226362 1.2181371
[3057, 0.45784277, 1.0559912, 5.074096, 0.4989422] 2.7124815 0.96051115 0.8122824 1.0589057
[3058, 0.590152, 0.8726894, 7.0241165, 0.6732991] 2.4290388 1.0834782 0.85020393 1.0299312
[3059, 0.56916195, 0.95512533, 5.414614, 0.54286706] 2.4684007 0.9840235 0.8556561 1.3935299
[3060, 0.500244, 1.0226839, 4.827042, 0.5020405] 2.7091048 0.93753356 0.8541278 1.21163
[3061, 0.52127445, 0.81168836, 7.71895, 0.4466945] 2.35227 0.9508362 0.90756845 1.065512
[3062, 0.5977218, 0.95679, 3.5259678, 0.92631304] 2.9121 0.90647876 0.9560611 1.0919851
[3063, 0.5365046, 0.9687065, 5.5085726, 0.46557572] 2.5612633 1.1735051 0.95425785 0.9347279
[3064, 0.54815894, 0.9684752, 5.321074, 0.4800148] 2.668588 1.0534213 0.85839903 0.9507668
[3065, 0.5861213, 0.9654974, 4.92952, 0.6012881] 2.8168309 0.9714469 0.79668915 0.89724815
[3066, 0.5127018, 1.0122023, 4.281195, 0.38791016] 2.964149 0.87014043 0.83507365 0.9319559
[3067, 0.58347857, 0.9085944, 6.896543, 0.46439645] 2.560963 0.97261715 0.7860958 1.0733645
[3068, 0.5179766, 0.9910056, 4.1174335, 0.54708475] 2.7827675 0.8365935 0.88578254 1.2106308
[3069, 0.45722762, 1.021662, 5.3917522, 0.535033] 2.5626006 1.0904564 0.7938708 1.1731517
[3070, 0.39228395, 1.0192859, 6.895533, 0.8356578] 2.4531374 0.8766141 0.91487914 1.2080592
[3071, 0.4635905, 0.7221508, 5.0585485, 0.5445494] 2.2733963 0.90401316 0.8395509 1.1486064
[3072, 0.54693836, 0.9387841, 6.935234, 0.62664765] 2.5695186 0.84502614 0.9049951 1.0344857
[3073, 0.5130235, 0.97897494, 4.403697, 0.43783382] 2.601888 1.0173131 0.79024535 1.1912189
[3074, 0.459322, 1.0740389, 5.8024406, 0.7488163] 2.6145728 0.9669542 0.8138258 1.1023521
[3075, 0.54629135, 1.0052807, 3.194946, 0.8607076] 3.019727 0.9659358 0.78074485 1.0287532
[3076, 0.5110616, 1.0012486, 6.78182, 0.82280654] 2.6820507 0.77050155 0.7847027 1.0320534
[3077, 0.58208704, 0.91953784, 6.214261, 0.5734283] 2.4758098 1.1474028 0.7171142 1.1179419
[3078, 0.56511843, 0.8768658, 8.569576, 0.75183034] 2.3544009 1.0330285 0.97028285 1.1303216
[3079, 0.49749207, 0.7697441, 7.335955, 0.46036437] 2.325355 0.99024343 0.9393102 1.0262105
[3080, 0.49951655, 0.9570674, 4.203874, 0.5437502] 2.6939006 1.0953532 0.6770786 0.9928213
[3081, 0.5693956, 0.9420247, 6.1257896, 0.99538416] 2.5782933 0.87674475 0.87202626 1.0557383
[3082, 0.5387113, 0.9985646, 4.178018, 0.47016594] 2.806839 0.8922936 0.7564511 1.1575716
[3083, 0.51675993, 1.0164285, 4.5508213, 0.52355367] 2.8362827 1.0441037 0.9231099 0.79097307
[3084, 0.5190461, 0.9513677, 6.9866695, 0.73497766] 2.5604382 1.0789208 0.9145501 0.8394748
[3085, 0.4287421, 1.031617, 5.2993894, 0.620566] 2.5586967 0.99896556 0.8644227 1.1032785
[3086, 0.48161328, 0.82624817, 6.000177, 0.96532947] 2.3344245 0.94727147 0.97402036 1.0127295
[3087, 0.48256162, 0.98250276, 7.1731606, 0.73714113] 2.5526571 0.9050199 0.9389168 0.9899186
[3088, 0.5562454, 0.98426914, 5.219921, 0.4119099] 2.7262132 0.9584947 0.798103 1.15089
[3089, 0.46007332, 0.9510473, 7.9123077, 0.43863326] 2.3639393 1.0491748 0.96620584 1.1115607
[3090, 0.5150841, 1.0277296, 5.8277235, 0.9166489] 2.602307 0.99572283 0.9786054 1.0577223
[3091, 0.43901122, 1.0403247, 3.8278825, 0.75761676] 2.9107876 1.0991257 0.7375402 1.0278127
[3092, 0.4281392, 1.0560176, 4.8782234, 0.59484583] 2.641482 0.918934 0.83571476 1.2101527
[3093, 0.48490304, 0.8360293, 7.180042, 0.64345706] 2.2890368 0.9475867 0.9774806 1.1520995
[3094, 0.5089614, 0.8731624, 9.198501, 0.7098575] 2.446497 0.99072975 0.7875293 1.085752
[3095, 0.5431864, 0.9399216, 6.9731374, 0.6678772] 2.6193552 0.9694621 0.8595087 0.89867705
[3096, 0.42166072, 1.0493852, 5.429508, 0.6282375] 2.569914 0.95364815 0.90412587 1.071264
[3097, 0.4783314, 0.9332508, 7.8592463, 0.7900362] 2.4579654 0.9500839 0.9500628 1.0433861
[3098, 0.5084379, 0.9234804, 7.3784313, 0.895485] 2.4493656 1.0446826 0.90624493 1.0000039
[3099, 0.49704918, 0.6684725, 4.594257, 0.44584438] 2.1355586 1.0845605 0.9183952 1.0534246
[3100, 0.5152177, 1.0226887, 4.144363, 0.4036186] 2.7519338 0.9803684 0.80190945 1.0848862
[3101, 0.5414089, 0.99400914, 3.224244, 0.7407223] 2.905613 0.9627109 0.85926443 1.170296
[3102, 0.59778494, 0.89181155, 5.7754045, 0.5048222] 2.4260979 1.1227896 0.85565394 1.1547157
[3103, 0.34754848, 0.6028938, 3.5451741, 0.94495714] 2.1250374 0.9170647 0.76859033 1.0297192
[3104, 0.52873504, 1.0215318, 3.7904286, 0.86477256] 2.8476288 0.97567135 0.88216066 1.0958583
[3105, 0.5666844, 0.87803584, 7.116373, 0.5126763] 2.5766885 0.9680365 0.7846843 0.9579426
[3106, 0.55437404, 0.8579025, 7.4790306, 0.9788569] 2.358777 0.9859876 0.9791454 1.049857
[3107, 0.4668666, 1.014189, 6.266613, 0.7166437] 2.5213883 1.013157 0.83038044 1.1359577
[3108, 0.41970938, 1.0521035, 4.3770523, 0.55400056] 2.5705318 1.095075 0.9037287 1.2300056
[3109, 0.47350276, 0.95438784, 8.482613, 0.8490342] 2.3913124 0.9677827 0.8923837 1.2060245
[3110, 0.6009364, 0.9345042, 4.9082384, 0.5756426] 2.6567166 0.97090125 0.83582425 1.2239558
[3111, 0.4847683, 1.0129929, 5.2511926, 0.46902907] 2.6513233 0.96038294 0.9795744 1.1234782
[3112, 0.5567576, 0.78300565, 6.609305, 0.61937386] 2.4437077 1.0309807 0.8663701 0.90433913
[3113, 0.5524772, 0.79836565, 6.257702, 0.7125106] 2.3432987 0.9529944 0.8942269 1.1247246
[3114, 0.55175894, 0.9532818, 7.4083962, 0.8938623] 2.4588168 1.0301933 0.9518606 1.0369697
[3115, 0.52433795, 0.96903354, 4.5519753, 0.34445536] 2.74749 1.030472 0.7062206 1.1025869
[3116, 0.6084577, 0.9117686, 4.0583386, 0.5549542] 2.8313212 0.99689865 0.78119695 1.028072
[3117, 0.71609974, 0.7834664, 2.8772385, 0.58750623] 2.9176893 1.1053361 0.8718419 1.0043368
[3118, 0.59270245, 0.82055306, 7.662155, 0.3814471] 2.2096848 1.0887703 0.9924337 1.1953306
[3119, 0.575683, 0.6178621, 4.559458, 0.4457179] 2.0844493 1.1281674 0.9884081 1.1009331
[3120, 0.57241243, 0.9618538, 3.345777, 0.9292888] 2.9153624 0.7771656 0.9216759 1.1741489
[3121, 0.45083225, 1.0309554, 4.239908, 0.34188694] 2.7943735 1.0140632 0.76531714 1.0535616
[3122, 0.4162769, 0.66922444, 3.8169866, 0.9153459] 2.22641 0.9839793 0.78774667 1.0112245
[3123, 0.42141426, 1.051994, 5.204033, 0.86187965] 2.5879068 0.9023941 0.88653475 1.1356233
[3124, 0.52922857, 0.7438901, 5.4667196, 0.65982705] 2.286175 0.90335834 0.9318887 1.1327779
[3125, 0.49027437, 0.93840504, 7.481971, 0.87265795] 2.4584844 0.9572461 0.98474276 0.9683545
[3126, 0.54380375, 0.8400564, 6.940505, 0.7202319] 2.3009455 1.0671387 0.8992009 1.0917754
[3127, 0.55060005, 0.76002, 7.058391, 0.5204039] 2.348534 1.0440314 0.8116802 1.0659657
[3128, 0.43155155, 1.0629841, 4.858865, 0.45290056] 2.723344 1.1151867 0.749138 0.9084049
[3129, 0.54538155, 0.9990793, 4.6471334, 0.62202656] 2.5800369 0.9555094 0.91576415 1.226229
[3130, 0.5015342, 0.7496123, 5.2467256, 0.54921997] 2.084905 0.9132499 1.040139 1.3309596
[3131, 0.5050429, 0.860683, 8.058521, 0.599514] 2.550297 0.89452654 0.81178796 0.9100788
[3132, 0.52492267, 0.97589517, 5.6234465, 0.6575513] 2.5520864 1.1558404 0.8071203 0.98846537
[3133, 0.43544695, 0.90746933, 7.42001, 0.5655896] 2.320309 0.9905026 1.1127925 1.0263615
[3134, 0.56612325, 0.9156013, 7.9931836, 0.54587567] 2.332529 0.9388917 1.0067643 1.2479475
[3135, 0.655057, 0.89927953, 2.7957208, 0.56455916] 3.2320378 0.9298999 0.8287218 0.94786274
[3136, 0.638769, 0.6935493, 6.0767994, 0.47183466] 2.3125267 0.972467 0.8491026 1.1690413
[3137, 0.50105554, 0.6933986, 4.4140425, 0.4940143] 2.1762154 0.97332454 1.0326265 1.006144
[3138, 0.55082256, 0.99442065, 4.529777, 0.39922595] 2.715543 0.93863285 0.8985914 1.1443572
[3139, 0.4962219, 0.86377823, 6.9037814, 0.59143776] 2.403294 0.8976574 0.9354886 1.0672306
[3140, 0.5604198, 0.72426486, 5.429257, 0.555072] 2.287333 1.0085081 0.93890625 1.082401
[3141, 0.4727064, 1.0350678, 5.7953386, 0.5799561] 2.5411444 1.1257364 0.83459806 1.062596
[3142, 0.5358638, 0.98024714, 5.2071867, 0.60421103] 2.6107433 0.947169 0.7339862 1.2321433
[3143, 0.4383716, 0.77976507, 4.7796593, 0.6547317] 2.2379103 0.98663825 0.99567616 1.0539789
[3144, 0.5379322, 0.9650315, 6.1373205, 0.8063245] 2.4315217 1.0644517 0.89624476 1.2187274
[3145, 0.47590923, 0.9957613, 5.835777, 0.5205862] 2.5239513 1.1711497 0.81594336 0.98494226
[3146, 0.5437319, 0.988784, 5.5848923, 0.66036445] 2.5679722 1.0470862 0.8644623 1.1828184
[3147, 0.5224287, 0.80017334, 6.579437, 0.7008733] 2.3815665 0.8532463 0.93844944 1.0637552
[3148, 0.5398574, 0.74418545, 5.2618556, 0.48072323] 2.4349282 0.9248542 0.8602872 0.8970778
[3149, 0.5125726, 1.0047098, 4.7425175, 0.6066852] 2.8059638 0.97475654 0.88136 0.99261093
[3150, 0.46126825, 0.90475565, 7.971817, 0.6871768] 2.3213158 1.0082698 0.84432554 1.2456056
[3151, 0.5975413, 0.59561634, 4.5145645, 0.40096578] 2.1782367 1.0307972 0.89997685 1.0847476
[3152, 0.44462785, 1.0598556, 4.9021893, 0.6002188] 2.5443168 1.0654993 0.9169132 1.0761938
[3153, 0.56921595, 0.96160805, 5.087957, 0.46984798] 2.6464627 1.0263608 0.8456531 1.099506
[3154, 0.46490192, 0.9047939, 6.8225937, 0.95301545] 2.5612502 0.7957947 0.89407444 1.0072237
[3155, 0.42406833, 1.0668234, 5.132176, 0.55558157] 2.7332757 0.84217733 0.82612675 1.1519231
[3156, 0.54379046, 0.95520467, 5.7324815, 0.6301248] 2.4408622 1.1004869 0.9666714 1.2118174
[3157, 0.48660535, 1.024386, 6.2630844, 0.7169119] 2.5791576 1.0153992 0.9868016 0.99908936
[3158, 0.5301885, 1.0055577, 5.390446, 0.39622104] 2.5872774 0.9847893 0.7973188 1.434663
[3159, 0.5538081, 0.8876541, 8.218258, 0.88206965] 2.3880608 0.88773054 0.95784557 1.1792156
[3160, 0.6195169, 0.5817839, 4.261258, 0.4190599] 1.9708005 1.0667775 1.104963 1.1663537
[3161, 0.48955715, 0.74716294, 5.5577602, 0.39762107] 2.1678002 1.0111748 1.0013465 1.1674954
[3162, 0.5676869, 0.9755217, 3.7000868, 0.6291577] 2.8430312 0.9307271 0.8883278 1.2652134
[3163, 0.46508417, 0.98207664, 6.263232, 0.66209984] 2.5350752 1.011288 0.9591739 0.9008617
[3164, 0.4762773, 1.016791, 5.042087, 0.4395748] 2.6792164 1.1537188 0.78889304 1.0264832
[3165, 0.55028754, 0.97478867, 5.43553, 0.5275909] 2.6190305 0.86699086 0.82837147 1.2827739
[3166, 0.5335558, 0.8219881, 6.654326, 0.5763581] 2.399616 0.9283286 0.8000244 1.1528877
[3167, 0.5665881, 0.75971603, 5.915379, 0.4945058] 2.375198 1.0203189 0.8864132 0.95240873
[3168, 0.4766724, 1.0332807, 5.368591, 0.7208921] 2.7365346 0.77219194 0.81717116 1.0154477
[3169, 0.5297188, 0.9320654, 7.3314505, 0.7169136] 2.323374 0.99780804 0.92888254 1.3402325
[3170, 0.33620146, 1.09977, 4.1010637, 0.5697938] 2.8030317 0.8640075 0.9280194 1.0937033
[3171, 0.5642558, 0.9605078, 3.8097532, 0.5578593] 2.909086 1.145091 0.7566027 1.0044467
[3172, 0.5410151, 0.9753053, 4.9089613, 0.7698253] 2.6771748 0.83328414 0.78153354 1.1047282
[3173, 0.5756893, 0.727696, 6.0294356, 0.511503] 2.2871037 0.92635673 0.9008699 1.1294456
[3174, 0.50342494, 0.957204, 6.499847, 0.76030695] 2.539249 0.8107717 0.8039442 1.2270226
[3175, 0.41547805, 0.98474425, 7.370709, 0.6316215] 2.4042816 0.9476567 0.9607894 1.146625
[3176, 0.4553477, 0.9930117, 6.4473696, 0.82907736] 2.4881282 1.0325564 0.8282085 1.1412784
[3177, 0.50360525, 1.0056813, 5.681546, 0.43434614] 2.7272985 0.96866804 0.7741626 1.0281982
[3178, 0.6151086, 0.9414824, 4.793658, 0.51755995] 2.826834 0.81245005 0.67317426 1.0831554
[3179, 0.44274062, 1.0349407, 4.5787168, 0.43043673] 2.7379196 1.0122046 0.806083 1.0425858
[3180, 0.48280752, 0.87081575, 6.939297, 0.682509] 2.4407258 0.8437541 0.8951499 1.0930008
[3181, 0.45414266, 1.0343348, 5.1675253, 0.47873494] 2.5939803 0.92157876 0.83521837 1.163843
[3182, 0.6321364, 0.6813472, 5.911868, 0.4742874] 2.3612003 1.0091558 0.8864272 0.92504567
[3183, 0.61850494, 0.830458, 6.267376, 0.6711057] 2.585977 0.8845187 0.78384423 1.0064638
[3184, 0.5648336, 0.77584696, 6.9262705, 0.4763926] 2.2940445 1.0090649 0.9047464 1.1793216
[3185, 0.6103384, 0.9298877, 6.4093785, 0.56391823] 2.4801521 0.9950321 0.8960034 1.178953
[3186, 0.51509273, 0.97654796, 6.1744633, 0.8700957] 2.6021848 0.95189214 0.7759632 1.0488684
[3187, 0.6067671, 0.93739283, 5.5594854, 0.45296738] 2.6808164 0.9601478 0.77225864 1.0514425
[3188, 0.43454298, 1.0248486, 6.067291, 0.51680726] 2.5005116 1.0231484 0.9128609 1.2306166
[3189, 0.43742767, 1.0296286, 6.2368307, 0.6717942] 2.5087202 1.045423 0.9057908 1.0714777
[3190, 0.51114017, 1.0262504, 3.9940383, 0.81402874] 2.7257447 1.1233176 0.92963904 1.1210905
[3191, 0.38367942, 1.099242, 4.65256, 0.5902668] 2.7079163 1.0765754 0.88268244 1.0393815
[3192, 0.4948127, 0.98683566, 5.5700393, 0.665281] 2.6480358 1.0431436 0.9478142 0.9311953
[3193, 0.4885246, 1.0103562, 4.0702195, 0.4347412] 2.7696466 1.0494924 0.75046545 1.1014398
[3194, 0.46457905, 1.0241694, 5.8464684, 0.73236156] 2.5307903 0.9595908 0.878372 1.1174295
[3195, 0.5542834, 0.6724122, 5.820824, 0.5801583] 2.094372 0.91268986 0.9896491 1.306322
[3196, 0.5417211, 0.9064436, 7.45669, 0.58110446] 2.4719002 1.11291 0.8011861 0.99441993
[3197, 0.5986272, 0.9070155, 6.913496, 0.62636745] 2.4999924 0.99005413 0.77864677 1.1781697
[3198, 0.54990244, 0.94568735, 3.694014, 0.6911546] 2.917646 0.8457262 0.9511866 1.1189086
[3199, 0.5138843, 1.0206829, 4.3320947, 0.6161022] 2.778119 1.0473994 0.86935323 1.0044004
[3200, 0.43724746, 1.0690286, 5.2959423, 0.467814] 2.654994 0.9363274 0.89076376 1.1820065
[3201, 0.507222, 1.013034, 3.8136103, 0.67765313] 2.82418 0.9829122 0.79268223 1.2477417
[3202, 0.47033903, 1.0098289, 4.037998, 0.5293904] 2.6939514 0.9888509 0.7686753 1.0510452
[3203, 0.48291877, 1.0474533, 5.209399, 0.6408268] 2.7555807 0.8341815 0.9102535 1.073187
[3204, 0.5544618, 0.984236, 5.566314, 0.87921697] 2.6273978 0.9032497 0.80425143 1.1176928
[3205, 0.4870134, 1.0128545, 5.131155, 0.7089817] 2.641466 1.0898349 0.7674882 0.94169617
[3206, 0.51770365, 0.98403764, 4.8097053, 0.65606403] 2.6863153 0.90216726 0.8696755 1.1825931
[3207, 0.5991564, 0.77658933, 8.022947, 0.52622944] 2.3726327 0.97922486 0.87768775 1.0923109
[3208, 0.43978405, 1.0561513, 4.652326, 0.64905226] 2.6974456 0.83954555 0.90130496 0.9775084
[3209, 0.58588594, 0.9132776, 5.279087, 0.88121665] 2.6565373 0.8844595 0.7183636 1.1546961
[3210, 0.5912657, 0.7383363, 6.4134655, 0.4960037] 2.2308164 1.0165489 0.84562993 1.2288673
[3211, 0.4976309, 1.0140678, 5.2356257, 0.637034] 2.5152178 1.0202959 0.9727448 1.1275598
[3212, 0.6115597, 0.7386606, 6.4551263, 0.364843] 2.2352402 1.0859573 1.0170972 1.0345144
[3213, 0.5032365, 0.94273305, 7.316492, 0.8886935] 2.4601083 0.9895944 0.9203432 1.0468171
[3214, 0.46489227, 1.0206488, 4.362504, 0.42580062] 2.7743099 0.9927459 0.7706525 0.96240985
[3215, 0.5407132, 0.9826038, 5.8477106, 0.715107] 2.5689042 1.0325335 0.8482227 1.1189208
[3216, 0.52896214, 0.9981957, 3.5958755, 0.8275056] 2.6886635 1.040383 0.8585969 1.3080709
[3217, 0.5486165, 0.8588226, 8.683985, 0.71421283] 2.381208 1.0447674 0.9058362 1.058509
[3218, 0.52969444, 0.99773943, 5.847253, 0.562743] 2.497764 0.9804751 0.8586332 1.2432675
[3219, 0.5170413, 1.0103023, 5.923766, 0.57776725] 2.4483857 1.1486015 0.8865785 1.0864676
[3220, 0.4409834, 1.0461727, 3.9521132, 0.7300981] 2.8886507 0.98981965 0.8773956 1.1482725
[3221, 0.4931071, 1.0257272, 5.452115, 0.70178723] 2.6092942 1.0043958 0.8849961 0.9493066
[3222, 0.50318563, 1.0270958, 5.729827, 0.4889417] 2.622213 1.066352 0.90617085 0.9665553
[3223, 0.5070425, 1.0295835, 5.3857565, 0.70879114] 2.5928354 1.0270313 0.85028774 1.1403335
[3224, 0.4560761, 0.9982916, 7.854044, 0.78512126] 2.510024 0.9311832 0.8833515 1.0166154
[3225, 0.45912263, 0.9867542, 6.419191, 0.65978676] 2.6639957 0.9614511 0.8313796 0.7811865
[3226, 0.5856553, 0.73941404, 5.801755, 0.75312054] 2.2162845 0.8490198 0.96920776 1.321451
[3227, 0.55320555, 0.70523834, 5.303598, 0.56062484] 2.3028858 0.91947263 0.84333193 1.0596188
[3228, 0.5747012, 0.97211164, 4.4111037, 0.4300635] 2.8965566 0.8652049 0.76833534 0.9764544
[3229, 0.47084326, 0.9263612, 7.130947, 0.828481] 2.4501982 0.91962564 0.98264796 1.0179665
[3230, 0.5026693, 0.97637844, 7.42427, 0.79021466] 2.5616338 1.0683087 0.840923 0.92458326
[3231, 0.5318151, 0.96536696, 5.665754, 0.7945053] 2.513034 1.0755686 0.92968893 0.93868566
[3232, 0.50609815, 1.0102682, 5.7369943, 0.47663602] 2.563571 1.0668299 0.8988869 1.2741529
[3233, 0.40446046, 0.8174596, 6.3444066, 0.523585] 2.374971 0.9068598 0.9370885 0.999054
[3234, 0.55593115, 0.8801011, 7.6271167, 0.5949844] 2.455526 1.0186474 0.88092744 0.94893277
[3235, 0.5341699, 0.99765086, 5.980864, 0.7901385] 2.5463107 1.0214369 0.935707 1.1159787
[3236, 0.47452042, 1.0402498, 4.5180397, 0.48320884] 2.7019224 0.9589426 0.8394807 0.98051804
[3237, 0.5915461, 0.9481111, 4.3340993, 0.57344705] 2.8552973 1.0936209 0.8767738 0.8883939
[3238, 0.54301643, 1.01478, 3.949033, 0.92217064] 2.7285094 1.1670082 0.87512577 1.1219233
[3239, 0.5600103, 0.95136344, 4.9837575, 0.5031638] 2.6898465 0.8223704 0.82036453 1.1735733
[3240, 0.5062139, 0.7733457, 5.993684, 0.53825164] 2.406297 0.922032 0.7174116 1.103004
[3241, 0.49435562, 1.0191617, 5.646695, 0.74707276] 2.6786501 1.0271736 0.81571484 0.965549
[3242, 0.5305776, 0.9944185, 4.8263645, 0.72818935] 2.4071245 1.0653607 0.9182085 1.2632173
[3243, 0.48542723, 0.97200656, 6.5860567, 0.6916967] 2.6165152 0.904195 0.9323754 0.8863732
[3244, 0.47560266, 0.90876484, 8.064824, 0.48954976] 2.317182 1.0608903 0.9106299 1.198854
[3245, 0.47006992, 1.035175, 5.304637, 0.6293602] 2.5877752 1.1118737 0.80248123 1.0511918
[3246, 0.39288554, 1.0573612, 4.705178, 0.44659114] 2.6366282 0.9584665 0.86876523 1.0703856
[3247, 0.4411893, 1.0699292, 5.584478, 0.9645541] 2.5468814 0.98669314 0.887056 1.1688026
[3248, 0.49259162, 1.0107087, 5.4554954, 0.48513934] 2.792095 0.8920403 0.8860934 0.91214365
[3249, 0.5456224, 0.7926764, 8.497553, 0.6806563] 2.3143642 0.9715539 0.90875274 1.1365769
[3250, 0.45042396, 0.84132254, 6.1100917, 0.73232627] 2.259629 1.0133497 0.9505611 1.1404072
[3251, 0.5117184, 1.0095905, 5.5012383, 0.6572584] 2.6167083 0.94207555 0.8564937 1.0287143
[3252, 0.48430073, 0.97744566, 6.720658, 0.8594823] 2.357258 0.96148247 0.9509113 1.3106786
[3253, 0.5978384, 0.8485343, 6.5055385, 0.5952999] 2.2190313 0.969799 1.0687675 1.3229288
[3254, 0.47291702, 1.0221663, 6.382179, 0.7306518] 2.5417838 0.96575195 0.9955866 1.0157019
[3255, 0.58813727, 0.93246925, 3.7863333, 0.4924129] 2.7266614 0.88289726 0.8314469 1.3128972
[3256, 0.4056177, 1.0009307, 6.909888, 0.754046] 2.4886386 0.94485873 0.8364506 1.1389421
[3257, 0.5406542, 0.65260696, 4.226276, 0.46239826] 2.314779 0.8849992 0.76830715 1.0834372
[3258, 0.48414654, 0.83422095, 6.2742834, 0.579786] 2.5126905 0.8496065 0.85436803 0.9011811
[3259, 0.58125633, 0.9688786, 3.4329278, 0.6716475] 2.8934774 0.8416433 0.9215652 1.0446922
[3260, 0.54565644, 0.8956937, 7.597466, 0.9046014] 2.4740062 0.90239614 0.904047 1.1135873
[3261, -0.719793, 0.4767373, 4.669179, 0.5834529] 2.0618813 0.9855579 1.0785903 0.88332146
[3262, 0.51789165, 1.0156844, 3.7456155, 0.6220693] 2.7272873 1.0400188 0.8786184 1.2731557
[3263, 0.5558038, 1.0095308, 3.1743555, 0.7151524] 2.9587765 1.0541463 0.84518725 1.1318456
[3264, 0.4466403, 1.052114, 4.216021, 0.53353006] 2.7720647 0.90178555 0.90067345 1.0844374
[3265, 0.6045748, 0.86296856, 6.3028255, 0.98142534] 2.5293868 0.90672183 0.8375073 1.121725
[3266, 0.4338269, 1.0506605, 6.2512693, 0.6147901] 2.6650422 0.98299134 0.78932583 0.99062854
[3267, 0.46148914, 1.0405415, 4.778834, 0.457841] 2.6712399 1.0805328 0.8559403 1.1253701
[3268, 0.524483, 0.9342504, 6.1198397, 0.8464652] 2.5057206 1.0515913 0.8698856 1.0347738
[3269, 0.4398167, 1.0062497, 6.727259, 0.58151835] 2.4643805 1.0114166 0.8329803 1.2017316
[3270, 0.6424278, 0.8209478, 7.9080667, 0.90335506] 2.510924 0.9303051 0.79678905 1.0545676
[3271, 0.5004181, 0.7955039, 5.8593473, 0.6173052] 2.3508663 0.9792273 0.78037244 1.1305585
[3272, 0.43558484, 0.9680706, 7.28351, 0.62377876] 2.455363 1.0154805 0.89765817 1.0539317
[3273, 0.5068725, 0.92779446, 6.894852, 0.7942255] 2.3219962 1.1459768 0.87970215 1.1941445
[3274, 0.5032403, 0.76696295, 6.6374884, 0.605343] 2.296472 0.867948 1.0132563 1.1115291
[3275, 0.46293548, 1.0398062, 3.7998912, 0.54325706] 2.8270934 1.085179 0.8067496 1.1445262
[3276, 0.6007701, 0.93473357, 4.4482703, 0.7896436] 2.8251746 0.9971494 0.8804181 1.1080875
[3277, 0.5634495, 0.9396406, 5.3481464, 0.61759037] 2.5750616 0.94147396 0.863764 1.1772267
[3278, 0.45528802, 1.0247648, 5.103916, 0.3811443] 2.636384 0.9563601 0.95527047 1.1353179
[3279, 0.5533533, 0.91527975, 6.37985, 0.72400504] 2.3769016 1.0716882 0.89159214 1.1922253
[3280, 0.54298544, 0.82742125, 8.841065, 0.80857474] 2.4449587 1.0866058 0.8926822 0.8279283
[3281, 0.616374, 0.89687735, 6.815631, 0.82139623] 2.5008938 0.89705753 0.8660842 1.1659614
[3282, 0.52250355, 0.9020167, 8.078677, 0.99397296] 2.5378437 0.88117844 0.91462225 0.96961236
[3283, 0.58034265, 0.8248049, 7.5104785, 0.64397854] 2.2389607 1.0754211 0.91341734 1.28237
[3284, 0.5111603, 1.0261197, 5.707892, 0.6715929] 2.4928586 0.8548258 0.8599559 1.3686033
[3285, 0.4854983, 1.0524538, 3.9247854, 0.7000903] 2.9237359 1.0032339 0.8931434 0.95190513
[3286, 0.5251868, 1.0243647, 5.06085, 0.5108821] 2.7216513 1.0008636 0.8616175 0.8718245
[3287, 0.64077973, 0.9379719, 2.727019, 0.62433726] 3.1600373 1.0298529 0.6650544 0.8606068
[3288, 0.43029994, 1.0238377, 5.236723, 0.59811133] 2.6155946 1.0091095 0.8528204 0.9389135
[3289, 0.5294431, 0.96534735, 5.0755243, 0.78915524] 2.719643 0.86341053 0.86451393 0.90027547
[3290, 0.51455873, 0.9972558, 6.284022, 0.82904744] 2.5185633 1.0046612 0.9667759 1.0764868
[3291, 0.6296858, 0.9446912, 3.1167636, 0.87353235] 2.7464182 0.9560901 0.97190505 1.3735466
[3292, 0.44866288, 1.003735, 4.4528465, 0.57188606] 2.4398243 1.1649624 1.0248623 0.9474414
[3293, 0.4848755, 0.899941, 8.442981, 0.88053524] 2.4355557 1.0305676 0.9062524 0.9663018
[3294, 0.43567374, 1.0409741, 4.357611, 0.5788349] 2.7690387 0.9893036 0.8610243 1.0905999
[3295, 0.43925875, 1.0401825, 5.9170303, 0.782087] 2.5511956 0.812009 0.9244047 1.2395917
[3296, 0.4615878, 1.0397911, 4.44977, 0.57734734] 2.8107293 1.0194288 0.78354734 0.96850026
[3297, 0.65112835, 0.7628727, 7.98039, 0.42984214] 2.4467533 0.9565809 0.85258144 1.0655051
[3298, 0.5424102, 0.9884025, 3.6443214, 0.6007814] 2.8400805 0.8422888 1.027228 1.1874909
[3299, 0.2899277, 1.1011459, 4.541873, 0.60109633] 2.8534732 0.9487856 0.8135094 1.1266079
[3300, 0.5688514, 0.8095777, 7.3031254, 0.55013573] 2.172007 0.9549774 1.104738 1.2756301
[3301, 0.41275355, 0.8326888, 6.17843, 0.47024852] 2.352088 0.8532915 1.0005463 0.99597955
[3302, 0.47461802, 1.0043353, 4.8588457, 0.37541857] 2.6146624 0.95980954 0.9738066 1.0411669
[3303, 0.45728043, 1.0296707, 6.3633175, 0.6849164] 2.6206708 0.8339658 0.828536 1.1128652
[3304, 0.48413405, 0.9875876, 4.0130696, 0.4296183] 2.780059 1.034745 0.8699038 1.0335103
[3305, 0.58168596, 0.75696194, 6.074587, 0.5946417] 2.2691987 0.98473334 1.0661765 1.0237151
[3306, 0.46240908, 0.94190234, 6.9453726, 0.5796032] 2.449515 0.8714049 0.81096035 1.25773
[3307, 0.53472495, 0.9441859, 6.29374, 0.57045114] 2.450842 1.0454742 0.87938446 1.1043875
[3308, 0.4815686, 0.99998784, 4.3438554, 0.52758557] 2.6614861 0.9930227 0.8677386 1.1919179
[3309, 0.5035063, 0.7653609, 5.547631, 0.39812478] 2.2218583 1.0585228 1.100687 0.94332457
[3310, 0.43132296, 1.0191643, 7.335931, 0.9595372] 2.2877471 1.0072047 0.96392244 1.3456864
[3311, 0.4556936, 0.9390807, 7.2992535, 0.7559943] 2.4399533 0.9402995 0.80253714 1.225248
[3312, 0.54016215, 0.6119462, 4.252392, 0.45875344] 2.0463529 0.9946242 1.0688 1.1456329
[3313, 0.48248723, 1.0598431, 2.4854727, 0.6153969] 3.1485944 0.95950174 0.8110862 1.1878409
[3314, 0.540941, 0.99241245, 5.066614, 0.65994304] 2.7125702 0.9785866 0.807233 1.1281273
[3315, 0.5076497, 1.0210121, 3.7390575, 0.57220715] 2.9541826 0.8105531 0.78736013 1.1042897
[3316, 0.5886098, 0.80475897, 6.5390263, 0.49804333] 2.3777516 0.9597273 0.887801 1.1490371
[3317, 0.57439286, 0.8416088, 7.7870436, 0.6741107] 2.3249474 1.117049 0.8041731 1.2185702
[3318, 0.6231313, 0.75109166, 7.245016, 0.7497646] 2.4920068 0.87004 0.70838016 1.151231
[3319, 0.45575592, 1.0579237, 4.6531143, 0.7065809] 2.8004408 0.91163236 0.76950943 0.9800958
[3320, 0.4722239, 1.0348663, 4.2967014, 0.6084308] 2.7188482 1.1180518 0.8563264 1.0398276
[3321, 0.41136116, 1.0520377, 5.2139277, 0.51008254] 2.7027261 0.93100846 0.93664926 1.0473634
[3322, 0.5168067, 1.0901887, 2.1433544, 0.63886297] 3.293538 0.9787961 0.8486234 0.9727861
[3323, 0.58962655, 0.9522815, 5.6947966, 0.4778629] 2.6694758 0.8775072 0.83914715 1.1795031
[3324, 0.595238, 0.6466845, 5.789817, 0.44888398] 2.2995234 1.0338306 0.83608305 0.9797611
[3325, 0.46372378, 1.065829, 5.8969135, 0.5272056] 2.6463652 0.8970419 0.8224499 1.2325236
[3326, 0.457696, 1.0480436, 5.702333, 0.7891696] 2.5996687 0.9509315 0.8990255 1.0799056
[3327, 0.44280636, 1.0278499, 6.7705297, 0.70127535] 2.5226707 0.95445716 0.94364566 1.1245426
[3328, 0.44869012, 1.0956424, 3.9625285, 0.71006274] 2.7278411 0.9609683 0.92481774 1.216555
[3329, 0.4299839, 0.97886854, 7.997527, 0.81195235] 2.4161518 0.99536836 0.97085017 1.0413159
[3330, 0.6163751, 0.6456628, 4.46006, 0.67292756] 2.3580902 0.7512028 0.83034575 1.1150389
[3331, 0.5388915, 1.000105, 5.8400345, 0.77448994] 2.709089 0.85417163 0.79888594 1.0683779
[3332, 0.42232805, 0.988125, 8.036917, 0.7199033] 2.32129 1.0997711 0.9770815 1.150746
[3333, 0.4752641, 0.8945031, 7.570267, 0.67259145] 2.4164586 0.97533226 0.950224 0.9998852
[3334, 0.52096236, 0.8763891, 8.396757, 0.6501288] 2.4504771 1.037458 0.76990145 1.0895306
[3335, 0.5077693, 0.97100794, 6.395497, 0.61200887] 2.5760396 0.8956592 0.8206681 1.0828563
[3336, 0.43804374, 1.0511398, 6.372864, 0.7813409] 2.49749 0.9023702 0.9600739 1.1261934
[3337, 0.45861277, 1.0345365, 4.414284, 0.5507587] 2.6972811 0.9272163 0.86417806 1.1123532
[3338, 0.57861423, 0.97263944, 3.0669365, 0.50199956] 3.0172918 1.044241 0.7588713 1.1103183
[3339, 0.41969505, 1.0579306, 4.6314263, 0.6361137] 2.519137 1.1041621 0.9566809 1.1570978
[3340, 0.5564256, 0.8055149, 7.0310235, 0.4872354] 2.2570384 1.1236212 0.9446263 1.1331302
[3341, 0.49271896, 0.97235245, 5.9688787, 0.5876129] 2.4968128 1.0700921 0.90199095 0.98000216
[3342, 0.55954117, 0.99824315, 2.8284237, 0.59116673] 2.9675996 0.8645002 0.89438593 1.2712383
[3343, 0.47215778, 1.0432392, 4.501386, 0.45198125] 2.638822 0.8727325 0.8435663 1.3431461
[3344, 0.54182917, 0.86226594, 7.4122267, 0.72373986] 2.5073133 0.92073786 0.9027039 1.0028205
[3345, 0.5088579, 0.73142403, 5.564361, 0.50342274] 2.3113768 0.99152017 0.8474801 1.0348387
[3346, 0.62118983, 0.9004631, 5.9703183, 0.54511845] 2.4210572 1.0562662 0.96246135 1.1868358
[3347, 0.4316875, 1.064471, 4.878413, 0.5128861] 2.7546256 0.8954741 0.79568076 1.1515878
[3348, 0.5016879, 0.9492975, 8.9450245, 0.8559052] 2.398653 1.0484185 0.83434606 1.1828468
[3349, 0.5319529, 0.967233, 6.4812646, 0.9519175] 2.5725732 0.99984336 0.7734313 1.096339
[3350, 0.50343794, 0.9378475, 7.353905, 0.7817272] 2.3656394 1.0316788 0.87367505 1.2321286
[3351, 0.5342926, 0.8293858, 6.6037626, 0.5713431] 2.515748 0.949219 0.7981278 0.9601533
[3352, 0.44069502, 0.8699222, 7.422283, 0.70418715] 2.3805559 0.9241974 0.89380085 1.0896891
[3353, 0.5137726, 0.98395556, 5.3807416, 0.45011124] 2.698441 0.9905417 0.7944799 0.9694054
[3354, 0.55087626, 0.95550436, 5.427771, 0.4971859] 2.5545871 1.0521944 0.93927914 1.0880486
[3355, 0.40891728, 1.0962573, 4.779925, 0.5167194] 2.65772 1.088733 0.89084005 1.0426127
[3356, 0.44672826, 0.97711927, 6.3896217, 0.8074192] 2.5227897 1.0164316 0.8491653 0.98698115
[3357, 0.54408944, 0.9854311, 4.592372, 0.4693666] 2.5907507 1.0961865 0.881635 1.2582635
[3358, 0.57155246, 0.8498742, 7.722823, 0.62199074] 2.2854204 1.1141958 0.91061246 1.1847461
[3359, 0.50996786, 0.8068235, 6.287965, 0.7138909] 2.3214903 0.86162895 0.8996246 1.193713
[3360, 0.5439328, 0.9504048, 3.5345244, 0.4952043] 2.6795301 1.0584253 0.9091481 1.098735
[3361, 0.4273969, 1.0336521, 5.7462263, 0.9530194] 2.6304386 0.9504068 0.8663339 1.0062355
[3362, 0.60738474, 0.64685917, 4.338705, 0.90362597] 2.269633 0.96684486 0.855337 1.0365292
[3363, 0.5956707, 0.7527314, 5.605831, 0.49901122] 2.3924677 1.099129 0.8473255 0.93387794
[3364, 0.557611, 0.8792971, 9.760783, 0.50506777] 2.5030181 0.95328015 0.9228554 0.9093416
[3365, 0.5614599, 0.7221438, 5.6662445, 0.72383785] 2.1442683 1.0443135 0.9717311 1.169506
[3366, 0.49152067, 1.0331221, 4.5961995, 0.5684984] 2.7449489 0.7691546 0.9860834 1.1960685
[3367, 0.47706586, 0.95281446, 6.6359186, 0.6480856] 2.406691 0.97232956 0.98068863 1.1159182
[3368, 0.4091709, 1.0527267, 6.0066323, 0.746479] 2.6704755 0.8320189 0.83253556 1.0100511
[3369, 0.42644688, 1.0007901, 6.761379, 0.9500911] 2.5515227 0.8449701 0.9269139 0.9915734
[3370, 0.46665868, 0.99207246, 6.0160956, 0.6562424] 2.5048137 1.0106306 0.80719644 1.1314944
[3371, 0.5570679, 0.9801197, 5.213246, 0.767188] 2.6245131 0.8702324 0.80344313 1.226734
[3372, 0.4771575, 1.030973, 6.2737374, 0.683468] 2.6089737 1.0962433 0.9844977 0.8823883
[3373, 0.45710382, 0.67098093, 3.7434356, 0.7006913] 2.125708 0.91252905 1.0523336 1.0764585
[3374, 0.53280354, 0.6628227, 4.385296, 0.46365014] 2.2635505 0.81912756 1.0063934 1.0646865
[3375, 0.580302, 0.90739816, 7.84552, 0.62674135] 2.444864 0.9285071 0.8905752 1.2240783
[3376, 0.577745, 0.75383544, 5.5817623, 0.6854103] 2.358011 0.8785248 0.9595266 1.050535
[3377, 0.5399189, 0.9768481, 3.1961966, 0.75882185] 2.8792803 1.0480977 0.8004376 1.1876993
[3378, 0.55354446, 0.9487215, 4.3131657, 0.41221184] 2.8181422 1.0114226 0.8058288 0.985787
[3379, 0.5586355, 0.8347077, 8.101014, 0.50875854] 2.3599854 1.1034585 0.93691564 0.9841423
[3380, 0.39983293, 1.074246, 5.012677, 0.53390586] 2.5454197 1.071536 0.7565233 1.2348926
[3381, 0.5423644, 1.0068767, 5.1580653, 0.39407852] 2.6192486 0.9787561 0.93204236 1.1990381
[3382, 0.5807461, 0.96019614, 3.8034992, 0.52735704] 2.893921 1.0450078 0.7111612 1.0922393
[3383, 0.47089845, 1.021063, 4.5366364, 0.43964642] 2.7186105 1.0252634 0.84303343 1.0952575
[3384, 0.5691931, 0.81174505, 7.197805, 0.6016592] 2.3684459 0.9777524 0.92530453 1.0305965
[3385, 0.4821281, 1.0361017, 4.6640925, 0.6620065] 2.678918 0.86242306 0.8622868 1.1339886
[3386, 0.3880278, 0.96831363, 8.348694, 0.6836266] 2.3794017 0.98320395 0.9101401 1.1499608
[3387, 0.4866817, 0.9546205, 7.137806, 0.74994856] 2.3085232 1.0326451 0.9807477 1.2132485
[3388, 0.47348684, 0.8360244, 6.517906, 0.64950186] 2.3416212 0.9791427 0.9614979 0.9835766
[3389, 0.45985293, 1.02902, 4.3196945, 0.6400987] 2.8271658 0.9482461 0.82611316 1.0992944
[3390, 0.4351633, 1.0569295, 3.957242, 0.7216632] 2.8177052 1.0452105 0.8895931 1.0033847
[3391, 0.5419563, 0.94079304, 6.942652, 0.5858535] 2.418827 1.1423382 0.8036469 1.1340631
[3392, 0.43154597, 1.0852011, 4.6573615, 0.70238036] 2.8171954 0.9493892 0.8291559 0.9971491
[3393, 0.35558173, 1.043092, 7.5444226, 0.77790904] 2.4691677 0.950175 0.9514362 1.0670124
[3394, 0.5668726, 0.788018, 7.816701, 0.61108875] 2.5336082 0.9316944 0.73539805 0.95822096
[3395, 0.5300631, 0.9743009, 4.090739, 0.437361] 2.615349 1.19433 0.92381525 1.1563778
[3396, 0.533177, 0.98767155, 4.5227227, 0.6127087] 2.8016677 0.876749 0.9121603 1.0524228
[3397, 0.5450483, 0.99761236, 4.145496, 0.760991] 2.7708766 1.0098097 0.94462925 0.9389884
[3398, 0.55395377, 0.9714132, 3.744539, 0.6040127] 2.9879024 0.94335467 0.776783 0.9488681
[3399, 0.62424576, 0.9135211, 3.6754422, 0.7168952] 2.7872899 0.92918813 0.8499422 1.2611152
[3400, 0.60120267, 0.78447425, 8.761934, 0.8024989] 2.3424282 0.803854 0.940451 1.3072739
[3401, 0.57596225, 0.5962684, 4.143376, 0.6773344] 2.0454617 1.0547212 0.90626717 1.1259296
[3402, 0.6148186, 0.9261412, 4.283205, 0.60163486] 2.880686 1.0805051 0.7121193 0.9289824
[3403, 0.3620024, 1.0954746, 5.2739205, 0.6735296] 2.559189 0.9837704 0.87983626 1.1374149
[3404, 0.29389215, 1.0274968, 8.094648, 0.544914] 2.483549 0.9202314 0.96732986 1.0001134
[3405, 0.5048896, 1.0215044, 3.1436377, 0.5523294] 2.8392606 0.7807196 0.84459096 1.2746725
[3406, 0.539575, 0.9793194, 4.163218, 0.74026424] 2.9018102 0.8986621 0.90586424 0.98249555
[3407, 0.40539575, 1.0445673, 5.527023, 0.4067141] 2.5781069 1.0759519 0.8546958 1.2047858
[3408, 0.30569717, 1.0973008, 3.9533112, 0.36794364] 2.64815 1.0429567 0.8249575 1.0955348
[3409, 0.4524549, 1.0419073, 4.3825827, 0.55230474] 2.7452126 0.97652346 0.83034176 1.0556331
[3410, 0.6112305, 0.7947905, 6.3590918, 0.51284033] 2.3301764 1.0598524 0.9019499 1.1158288
[3411, 0.47311088, 1.0194939, 5.0959826, 0.40275297] 2.8013446 0.9671519 0.69753826 0.90167063
[3412, 0.45120013, 1.0387725, 5.508514, 0.73933554] 2.615419 0.9909875 0.8864075 0.9954829
[3413, 0.43094915, 1.038393, 5.066596, 0.6216619] 2.602608 0.846545 0.96466565 1.1964169
[3414, 0.47628275, 0.794268, 5.5827594, 0.47087216] 2.3903894 0.96540207 0.84054756 0.99583286
[3415, 0.469308, 1.0413978, 4.3919363, 0.5694309] 2.7667818 0.97567594 0.90494007 1.0657238
[3416, 0.39386645, 1.073207, 5.749757, 0.7493964] 2.6595929 0.8465585 0.840479 1.0794286
[3417, 0.5011914, 1.0108448, 4.5872383, 0.64624196] 2.5872388 1.15031 0.9846021 0.9707813
[3418, 0.54444593, 1.0014772, 5.709434, 0.68873715] 2.7013242 0.89869356 0.71756166 1.1411219
[3419, 0.6241418, 0.71920395, 6.643336, 0.54331774] 2.3675513 1.0032239 0.8974652 0.99139357
[3420, 0.4992349, 1.0157807, 5.137996, 0.6933392] 2.8111591 0.8094026 0.7881204 0.9450768
[3421, 0.49864838, 1.0105802, 6.442282, 0.61734366] 2.4944515 1.0957457 0.97007525 1.0011185
[3422, 0.37453786, 0.6598548, 4.1396556, 0.48937115] 2.0660892 0.94892454 1.112952 1.0728124
[3423, 0.5432196, 1.0047036, 3.976401, 0.4783991] 2.8651648 0.85299957 0.8877771 1.1374573
[3424, 0.30986935, 1.1027213, 5.859837, 0.49992865] 2.680985 0.9596458 0.8794857 0.986205
[3425, 0.49308836, 0.972231, 7.0828753, 0.83313787] 2.549893 0.947012 0.9166782 0.94829136
[3426, 0.43229252, 1.0001026, 8.460373, 0.8589859] 2.401428 0.9321234 0.90954626 1.2054305
[3427, 0.43850702, 0.8191098, 6.2515383, 0.3756236] 2.306403 1.0601754 0.9986717 0.9372912
[3428, 0.5517122, 0.8819271, 7.0346227, 0.5386231] 2.4568172 1.191731 0.80488276 0.9485205
[3429, 0.5057131, 0.9555401, 6.6080484, 0.685499] 2.4657357 0.9266385 0.8847706 1.203465
[3430, 0.49143055, 1.0424179, 4.785678, 0.47703397] 2.563233 0.9701987 0.9531193 1.28579
[3431, 0.42993206, 1.0263848, 5.730079, 0.5618991] 2.4177175 1.110808 1.0037291 1.0299157
[3432, 0.49425742, 0.99932283, 5.1299663, 0.56536585] 2.7161567 0.9107551 0.76537627 1.1309519
[3433, 0.55602, 0.9599295, 6.051742, 0.80615735] 2.50927 1.0115328 0.80641204 1.1660208
[3434, 0.43535417, 0.92089677, 7.5921755, 0.5271982] 2.3422012 0.9375153 1.1711098 1.0266958
[3435, 0.6057208, 0.9495334, 2.853076, 0.6616758] 3.088096 1.1719741 0.6831942 1.0182037
[3436, 0.43322647, 0.95328, 6.631552, 0.5416875] 2.4570177 0.91050416 0.85625714 1.1552224
[3437, 0.4255919, 1.0594342, 5.4536843, 0.6529061] 2.5413036 1.0055561 0.99505794 1.1539102
[3438, 0.50667423, 0.9636975, 8.024178, 0.8488455] 2.6048708 0.81903356 0.9153981 1.0200998
[3439, 0.5263241, 0.9444231, 6.609945, 0.72576857] 2.4899423 0.99671257 0.8309483 1.1344999
[3440, 0.4947205, 0.88805485, 8.060043, 0.56014246] 2.4805355 1.0688614 0.8512083 0.88766336
[3441, 0.5429297, 0.98074245, 5.307504, 0.47429076] 2.7310581 0.99363774 0.8547009 1.0107732
[3442, 0.56043565, 0.9881207, 5.4324646, 0.853714] 2.638105 0.9231606 0.8598725 1.1046447
[3443, 0.42788023, 1.0412321, 4.7145066, 0.6495931] 2.7366915 0.9105859 0.90021515 1.1934322
[3444, 0.58634746, 0.7211658, 6.0205717, 0.50596887] 2.3498197 0.8615072 0.9700674 1.0417331
[3445, 0.4576365, 1.0590775, 5.08852, 0.50656575] 2.5631275 1.1326493 0.78919244 1.1977663
[3446, 0.48624852, 1.0291332, 4.939463, 0.6063826] 2.6232495 0.9378131 1.0306201 1.0384513
[3447, 0.49100676, 1.0301976, 4.8987694, 0.49619502] 2.642611 0.93629616 0.84530705 1.2073214
[3448, 0.4917625, 1.0035708, 3.8878374, 0.4580093] 2.6268003 1.0001773 0.94226974 1.1473088
[3449, 0.49275845, 0.9885915, 5.651093, 0.9482521] 2.4954953 1.034972 0.8373736 1.1449524
[3450, 0.5348859, 1.0212274, 6.396696, 0.9765037] 2.5645442 0.8930438 0.8135693 1.2138697
[3451, 0.550916, 0.95127565, 6.164443, 0.69981194] 2.392387 0.97876406 0.8652979 1.325584
[3452, 0.3862899, 1.0737911, 5.377783, 0.55806184] 2.63378 1.035245 0.848328 1.1236944
[3453, 0.63340616, 0.80239433, 7.3384476, 0.656313] 2.345274 1.1097109 0.7634487 1.1948435
[3454, 0.49648032, 1.0008, 6.4217143, 0.86453944] 2.5621624 0.94753414 0.8843484 1.0306396
[3455, 0.49091977, 0.9812154, 6.5948973, 0.72426426] 2.6170998 0.87531495 0.94014835 0.955777
[3456, 0.55039114, 0.96744615, 5.077204, 0.47471103] 2.6894157 1.048932 0.7134763 0.9786036
[3457, 0.54739606, 0.97659427, 4.305672, 0.6024947] 2.82432 0.94964087 0.81819975 0.99012345
[3458, 0.5121106, 0.9071115, 7.1627774, 0.5514938] 2.3787582 0.9589108 0.96893656 1.1367453
[3459, 0.5613768, 0.8348401, 7.67602, 0.4815731] 2.4047868 0.9524433 0.9666645 1.0548432
[3460, 0.48292455, 0.951703, 7.619226, 0.7187644] 2.4224646 0.9546631 0.9230017 1.1871772
[3461, 0.54549885, 0.9325989, 6.067608, 0.66242987] 2.5208216 1.0052059 0.8069042 1.0415032
[3462, 0.51708424, 0.69605035, 5.437659, 0.47448185] 2.2670965 1.0054547 0.96128696 0.9521422
[3463, 0.37519085, 1.1098428, 5.09598, 0.57492095] 2.6024857 0.9741576 0.8325191 1.140284
[3464, 0.4381039, 1.0441508, 4.9249015, 0.6937996] 2.667206 0.9233872 0.95142025 1.1751301
[3465, 0.5266903, 0.8357557, 7.0990176, 0.83805174] 2.447534 0.8327034 0.8528643 1.1437315
[3466, 0.48009968, 0.9505803, 7.506696, 0.8474013] 2.5118656 0.8454338 0.9491867 1.0258497
[3467, 0.48929283, 1.0192868, 3.35288, 0.7620433] 2.9206097 1.012876 0.83035415 1.2089949
[3468, 0.48069322, 1.0346729, 5.814206, 0.59472746] 2.609798 1.1651456 0.7710137 0.95623374
[3469, 0.5205062, 0.9096303, 8.022802, 0.55209726] 2.3099585 1.0536418 0.9541691 1.1874676
[3470, 0.5631154, 0.69530684, 4.5672736, 0.7215793] 2.3782692 0.9034163 0.94678336 0.84963167
[3471, 0.42840344, 1.0834529, 4.067444, 0.657862] 2.7315652 1.0367825 0.9545679 0.9777778
[3472, 0.4845483, 1.0395104, 3.3997786, 0.8114379] 2.9157197 1.0779487 0.8948116 1.0601966
[3473, 0.5003538, 0.9788957, 6.7779126, 0.8165468] 2.5259762 1.0278734 0.812574 1.0615208
[3474, 0.53586864, 0.994647, 4.0028462, 0.66693926] 2.7784512 1.0613493 0.95418334 1.0021938
[3475, 0.50003, 0.6629909, 3.583698, 0.59348947] 2.1019824 1.0438455 0.96422267 1.1183274
[3476, 0.593521, 0.95444, 3.6204536, 0.7285793] 2.8670495 1.0608743 0.8733934 1.1439795
[3477, 0.33124018, 1.0669298, 6.8305583, 0.9375679] 2.3993149 1.0504543 0.9296913 1.1849743
[3478, 0.565117, 0.92884743, 6.043126, 0.8038342] 2.5595422 0.90734226 0.7059162 1.2443961
[3479, 0.48840007, 1.0100302, 4.400466, 0.5641313] 2.7906735 0.899641 0.87059236 1.1260325
[3480, 0.5755241, 0.9431551, 3.7239435, 0.3438551] 3.0369656 0.77853703 0.65229404 1.0046672
[3481, 0.40562028, 1.0550213, 5.673829, 0.68880725] 2.5621948 1.0646629 0.8124649 1.1350598
[3482, 0.45610228, 1.022006, 5.214006, 0.44061515] 2.7138255 1.0084852 0.9175461 0.9089659
[3483, 0.5206812, 0.9163496, 7.066638, 0.9841748] 2.4566796 0.88699377 0.9351396 1.1570015
[3484, 0.6441298, 0.75228214, 7.622922, 0.8261792] 2.4451694 0.916978 0.7552253 1.1290151
[3485, 0.5515506, 0.9671121, 4.2236986, 0.84248704] 2.7818048 0.9146764 0.9383431 1.0815961
[3486, 0.6586168, 0.8434983, 6.407597, 0.5151157] 2.5206692 0.959417 0.77547807 1.149286
[3487, 0.42450655, 1.0765868, 5.6832542, 0.5755896] 2.6220675 0.91253763 0.8653194 1.1216422
[3488, 0.45643607, 1.0517251, 4.451882, 0.62472373] 2.7571216 0.98869926 0.85287166 1.1138229
[3489, 0.4026774, 0.69969577, 4.1193953, 0.94117934] 2.182639 0.8875833 0.92228967 1.1165155
[3490, 0.46294007, 0.92214084, 8.728596, 0.6017235] 2.2758179 1.042486 0.91354835 1.2089417
[3491, 0.49193043, 1.021784, 4.5299263, 0.5064643] 2.75532 0.9212153 0.73367983 1.1064162
[3492, 0.4612516, 1.0370473, 5.660622, 0.49859118] 2.6739683 0.99673223 0.8621558 0.94568795
[3493, 0.44960108, 1.0402749, 5.223685, 0.5655043] 2.5694463 1.038388 0.8691676 1.2105887
[3494, 0.5266724, 1.0119058, 3.8822217, 0.65793014] 2.7178164 0.951487 0.9445731 1.1870619
[3495, 0.51045865, 1.0272464, 3.731198, 0.7372096] 2.7334886 0.94762254 0.88956684 1.2812833
[3496, 0.502775, 1.0033398, 5.0664945, 0.50068665] 2.681997 1.0157826 0.7477912 1.0495385
[3497, 0.5973745, 0.8054948, 7.388905, 0.7147201] 2.536578 0.8956544 0.7037282 1.0935309
[3498, 0.5337037, 0.8174421, 6.1992726, 0.5825889] 2.3661108 0.9485395 0.7924261 1.1488223
[3499, 0.57036906, 1.0112791, 4.1939178, 0.54949397] 2.9248233 0.94765455 0.90540564 0.95376545
[3500, 0.65470177, 0.8203085, 6.9932265, 0.9448484] 2.46785 1.0256222 0.88051075 1.0467658
[3501, 0.43353724, 1.0407159, 6.463015, 0.77764225] 2.494699 0.919117 1.1184475 1.0962461
[3502, 0.5242444, 1.0153782, 4.8695765, 0.429857] 2.6962276 1.0852323 1.0067319 0.868012
[3503, 0.55415064, 0.94031364, 6.762219, 0.8843448] 2.3816803 1.017859 0.9860782 1.2275138
[3504, 0.62051564, 0.83364344, 6.667362, 0.38377556] 2.2072878 1.1614977 0.9371974 1.3368762
[3505, 0.53168446, 0.9311565, 8.310432, 0.5753066] 2.5023174 0.96303123 0.8695017 1.0894066
[3506, 0.45389122, 1.0382228, 4.278447, 0.29216382] 2.771912 0.9261753 0.8381613 1.0882483
[3507, 0.57540137, 0.76071876, 6.47265, 0.6543205] 2.2518637 1.0738089 0.84421515 1.2428019
[3508, 0.60543305, 0.78293806, 8.0022335, 0.82229507] 2.3352795 1.0440865 0.8296688 1.102323
[3509, 0.5267009, 0.90529233, 7.8458405, 0.804081] 2.5068114 0.88984644 0.9331603 0.99795383
[3510, 0.38211605, 1.0850809, 5.015675, 0.41981697] 2.736446 0.99674606 0.7823165 0.95619464
[3511, 0.40096685, 1.0449793, 5.2490788, 0.8312521] 2.5533695 1.0331852 0.8989043 1.0774982
[3512, 0.45214576, 1.0292051, 4.382411, 0.637135] 2.7792614 1.0462818 0.8260226 0.97308266
[3513, 0.5766395, 0.9508339, 4.6579733, 0.5394397] 2.601216 0.89645463 0.9253731 1.3204545
[3514, 0.4078479, 1.0815202, 5.4180784, 0.48900312] 2.7106082 0.9876369 0.80851066 1.0990163
[3515, 0.4860214, 1.0059993, 4.9465575, 0.47107357] 2.5978055 1.0929915 0.9006771 0.95075536
[3516, 0.4238401, 1.0622678, 4.67383, 0.52102125] 2.5808864 1.101747 0.8102638 1.2221494
[3517, 0.5239609, 1.0186664, 4.1943097, 0.8346191] 2.8961802 0.88010454 0.8342686 1.1875832
[3518, 0.5754834, 0.9721582, 6.026548, 0.63676167] 2.5004978 0.9756044 0.931028 1.1462606
[3519, 0.58719695, 0.8494672, 7.402545, 0.42344776] 2.3655124 0.96148574 0.7112652 1.3991574
[3520, 0.49955013, 1.0235839, 6.1780705, 0.7133766] 2.7177184 0.8754651 0.9221731 0.9860526
[3521, 0.5146912, 0.97966987, 6.4321623, 0.6465011] 2.4063966 1.0425588 0.8675326 1.2400643
[3522, 0.44493634, 1.035273, 5.7792845, 0.69274545] 2.5722408 1.0751219 0.79926497 1.0962713
[3523, 0.4268196, 0.97567445, 7.992578, 0.70932233] 2.5286424 0.99718064 0.93986267 0.87791324
[3524, 0.49740073, 1.0045154, 4.3436637, 0.3942684] 2.6686087 0.99991363 0.92165446 1.0254548
[3525, 0.5274371, 1.0119694, 4.0242963, 0.5864232] 2.7427096 1.07583 0.78404343 1.2119374
[3526, 0.5432064, 0.8435249, 6.956837, 0.84778506] 2.3616676 0.86208326 0.90136886 1.2813911
[3527, 0.47922775, 1.032368, 5.6085873, 0.852771] 2.6812541 0.9643229 0.80640125 1.0410632
[3528, 0.58640724, 0.9636453, 4.548659, 0.5385872] 2.8861253 0.9215751 0.76161647 0.8092035
[3529, 0.44265878, 1.0114688, 5.5072694, 0.61540216] 2.652083 0.9159894 0.7628724 1.0406893
[3530, 0.54465514, 0.92502344, 6.8757343, 0.57438] 2.3536339 1.0838646 0.9514914 1.1508272
[3531, 0.4244489, 1.0249445, 5.8548465, 0.7599883] 2.5206926 0.9497672 0.9719977 1.0410602
[3532, 0.55617934, 0.902529, 7.487147, 0.7954489] 2.4346273 0.9575761 0.9205516 1.113616
[3533, 0.56510246, 0.9106077, 6.3057847, 0.48194507] 2.5623875 1.0888151 0.8710228 0.82752216
[3534, 0.5770625, 0.67589116, 5.252294, 0.37982136] 2.1878824 0.9261013 0.8962424 1.237286
[3535, 0.5836597, 0.5795557, 4.4259057, 0.6153358] 2.1955287 0.9654027 0.89526826 1.0186553
[3536, 0.5396935, 0.645675, 5.146389, 0.3895657] 2.1235461 1.0181477 1.0111098 1.0678675
[3537, 0.52554417, 0.9860933, 5.772251, 0.7315107] 2.517456 0.9997538 0.9599764 1.1750075
[3538, 0.49028742, 1.0037353, 4.5297203, 0.515834] 2.7433102 1.0319169 0.8661594 0.94425845
[3539, 0.53144443, 0.9979769, 5.227271, 0.68841195] 2.6043594 1.1041274 0.8294639 1.168821
[3540, 0.49130934, 1.0312818, 4.992798, 0.56236124] 2.7794504 0.9363798 0.780388 1.1054966
[3541, 0.47432995, 1.0473111, 5.4531217, 0.77536696] 2.7243118 0.9573452 0.7396741 0.97497994
[3542, 0.57997733, 0.6892627, 4.9335995, 0.62783474] 2.3547163 0.7601569 0.73618734 1.2499201
[3543, 0.53985447, 1.0002681, 5.3006244, 0.5051044] 2.588302 1.1191943 0.89085865 1.047012
[3544, 0.43756083, 0.8580689, 7.178739, 0.71120155] 2.403297 0.8259516 0.98213613 1.034065
[3545, 0.4200723, 1.0289028, 5.960504, 0.645656] 2.569458 0.95649034 0.85398555 1.0356997
[3546, 0.49498546, 0.6601989, 4.4115744, 0.507978] 2.2305725 1.0098325 0.8982556 0.9978924
[3547, 0.46651596, 1.0249776, 5.4694304, 0.66203785] 2.514623 0.9769232 0.95787513 1.1743962
[3548, 0.56940264, 0.9684289, 2.4309106, 0.7707857] 3.010315 0.95313495 0.9455829 1.0669526
[3549, 0.41636553, 1.0624909, 4.2904377, 0.602788] 2.8642755 0.9478555 0.8775822 1.0063491
[3550, 0.56815785, 0.97262865, 4.6362987, 0.60598654] 2.628811 0.9210949 0.92888165 1.2592354
[3551, 0.525273, 0.992623, 6.1720695, 0.6476799] 2.6011136 1.017635 0.84880394 0.92666346
[3552, 0.5113589, 1.0029905, 4.8501015, 0.5817456] 2.6008446 1.0835507 0.89718497 1.0341927
[3553, 0.5936773, 0.785426, 8.635619, 0.37738875] 2.3370001 1.1255567 0.7975116 1.1262887
[3554, 0.4602953, 1.0267696, 6.3192415, 0.63799816] 2.5120082 1.0216771 0.9149695 1.0852214
[3555, 0.4546229, 1.0527066, 5.99875, 0.46779346] 2.6484675 0.923507 0.7873396 1.1342547
[3556, 0.5426665, 0.92121696, 8.990094, 0.98510313] 2.419178 1.0676849 0.83253855 1.0767258
[3557, 0.47119844, 1.0511585, 5.7786107, 0.83583444] 2.5945776 0.98516816 0.8901749 1.0533155
[3558, 0.5543879, 0.7720579, 7.241037, 0.46929222] 2.388795 1.0870067 0.92846864 0.85491806
[3559, 0.41480187, 1.0032066, 6.938639, 0.8342107] 2.505973 0.81347096 0.97524357 1.1013051
[3560, 0.5103837, 0.7855017, 5.7942867, 0.63317305] 2.424047 0.87413263 0.8016446 1.076416
[3561, 0.60996646, 0.91996026, 3.1464705, 0.5338506] 2.8825321 0.94652337 0.7339683 1.2754494
[3562, 0.41757992, 1.0581113, 4.685897, 0.46657684] 2.7786727 0.98586327 0.95250386 0.9966034
[3563, 0.5320938, 0.99462694, 4.997812, 0.5453735] 2.642126 0.9295442 0.9871849 1.0909837
[3564, 0.5065016, 1.0367433, 5.783774, 0.64326835] 2.6315417 0.935684 0.94675696 1.0707551
[3565, 0.45280573, 1.0441682, 5.140039, 0.5621392] 2.6942475 1.0949441 0.89003074 0.85422575
[3566, 0.46725184, 0.9923815, 5.5557413, 0.7837105] 2.5504246 1.1243892 0.883682 0.8963002
[3567, 0.5547287, 0.9843913, 5.648366, 0.74212533] 2.6297607 0.8976689 0.8740462 1.0409287
[3568, 0.4732201, 1.003209, 7.027324, 0.9503395] 2.4763253 1.0017943 0.96398467 1.1068554
[3569, 0.55429125, 0.9559308, 5.321962, 0.881377] 2.5475428 1.0287948 0.76107216 1.171874
[3570, 0.47218463, 0.76117736, 5.7713227, 0.43082568] 2.3350353 0.99850965 0.9234565 0.96636415
[3571, 0.42270368, 1.0600454, 5.419426, 0.57162744] 2.6142669 1.0773813 0.7736192 1.0464878
[3572, 0.5327087, 1.0024061, 5.3017564, 0.7468576] 2.6580327 1.0846599 0.8231181 1.0196197
[3573, 0.38579023, 1.0937263, 5.1552873, 0.55257976] 2.5063431 0.98279786 0.92923325 1.1245048
[3574, 0.49911398, 0.9925102, 3.946989, 0.6141031] 2.8615975 0.8376253 0.845515 1.0924919
[3575, 0.41301027, 1.0556372, 4.8079925, 0.53032166] 2.6795242 0.9744538 0.832115 1.0438564
[3576, 0.597267, 0.95108974, 2.9558263, 0.53318703] 3.118379 0.9128541 0.6854413 1.049932
[3577, 0.5479602, 0.9139744, 6.5093727, 0.66336244] 2.2893794 1.0889477 0.9729455 1.3204694
[3578, 0.4599561, 1.0437295, 5.620661, 0.40023634] 2.6931646 0.93567306 0.83460414 1.0949827
[3579, 0.343854, 1.0305967, 6.228114, 0.7811516] 2.491036 1.039494 0.9568693 0.911293
[3580, 0.46167004, 1.0589341, 3.9150286, 0.83090717] 2.8085597 0.97921085 0.8750624 1.0566821
[3581, 0.55556166, 0.7388289, 5.7108417, 0.56403327] 2.4550853 0.9790429 0.7313133 0.97264427
[3582, 0.49675822, 1.030774, 3.8404572, 0.6996413] 2.950661 0.86638874 0.8497954 1.0574263
[3583, 0.5676732, 0.963254, 4.247447, 0.627399] 2.8612945 1.0782968 0.9234612 1.0300226
[3584, 0.6569667, 0.8943688, 2.5797355, 0.7000275] 3.120339 0.74874073 0.8682083 1.1567925
[3585, 0.46288547, 0.98122066, 6.391386, 0.8483809] 2.4852173 1.0219514 0.868094 1.1145468
[3586, 0.47600797, 1.0560439, 4.023511, 0.6150942] 2.7650068 0.9677716 0.84453166 1.2640269
[3587, 0.45404175, 1.0377079, 4.501915, 0.5690663] 2.8012767 1.0374185 0.8756993 0.99438155
[3588, 0.4274477, 1.0224394, 6.4394684, 0.6469457] 2.4769745 0.9723412 0.90613115 1.1502548
[3589, 0.5003686, 0.731904, 4.9036746, 0.6105528] 2.3691254 0.8866535 0.7697472 1.0852615
[3590, 0.5039484, 0.8652078, 7.735772, 0.576653] 2.416713 1.0710431 0.80823433 1.0379121
[3591, 0.45489353, 0.96636903, 6.0471396, 0.73649037] 2.6114154 0.9396779 0.96997064 0.81649387
[3592, 0.43271875, 1.0299358, 6.9248514, 0.8942996] 2.4960043 0.89221334 1.0193102 1.0387706
[3593, 0.5335018, 0.9836005, 4.9194946, 0.57770824] 2.750505 1.0481824 0.8428795 1.0011209
[3594, 0.566339, 0.9069067, 6.680044, 0.9444686] 2.353616 1.0432243 0.9539625 1.2142726
[3595, 0.5557382, 0.948307, 6.240211, 0.4550189] 2.446987 1.0887213 0.86274374 1.1290709
[3596, 0.5983556, 0.83595353, 6.122513, 0.5763625] 2.320096 1.108016 0.8240618 1.2225775
[3597, 0.58410025, 0.70138615, 4.5936227, 0.82748073] 2.20878 0.98607695 0.9507955 1.1596335
[3598, 0.40110677, 1.0086994, 6.934784, 0.9575516] 2.5084002 0.8637813 0.9480878 1.112494
[3599, 0.5136929, 1.0404265, 2.3816955, 0.6032689] 3.156148 1.0084487 0.78259325 1.041951
[3600, 0.5031882, 0.9403627, 6.7637973, 0.48045567] 2.4373474 1.085255 0.9295271 1.0422262
[3601, 0.40489084, 1.0965084, 5.8270392, 0.43367505] 2.6566987 1.0418818 0.85323334 1.0847955
[3602, 0.46780336, 1.0275384, 5.5228386, 0.5264151] 2.6692696 0.8094727 0.86250633 1.192612
[3603, 0.46943173, 1.0094552, 5.761372, 0.853606] 2.485369 1.006226 0.87964773 1.1542345
[3604, 0.5415616, 0.8616676, 8.727455, 0.8962469] 2.3847542 0.8706706 0.91960824 1.199259
[3605, 0.58080655, 0.9221847, 5.521905, 0.5610235] 2.6609135 0.88649654 0.6711254 1.137984
[3606, 0.38498402, 0.9461391, 9.489592, 0.7485312] 2.4440696 0.91776663 0.9254454 1.0606756
[3607, 0.5478129, 0.8380237, 7.5475564, 0.4749804] 2.3929636 0.9236121 0.80811113 1.1757287
[3608, 0.5249558, 1.0160567, 4.4934616, 0.53240216] 2.7646065 0.95935726 0.7789804 1.1593864
[3609, 0.45521295, 0.61401564, 3.4838233, 0.72052896] 2.1365955 0.8433215 0.9505117 1.1709039
[3610, 0.47275907, 1.0122913, 7.245037, 0.9566118] 2.5664754 1.0322025 0.8780758 0.9420409
[3611, 0.5572276, 0.954983, 7.3374376, 0.7858223] 2.5340283 0.85876775 0.89148074 1.1778158
[3612, 0.36091816, 1.0930393, 5.117653, 0.5733032] 2.6134877 1.0506984 0.84494793 1.0803015
[3613, 0.53428483, 0.99652594, 4.530707, 0.46163282] 2.5780022 0.94381803 0.82329327 1.2114298
[3614, 0.48743388, 0.9937366, 4.043188, 0.48085597] 2.849118 1.0174327 0.7551799 1.0067836
[3615, 0.5913596, 0.94122964, 5.307636, 0.55103016] 2.8989775 0.9518697 0.7709165 0.8208625
[3616, 0.46199378, 0.9615868, 7.664869, 0.6076873] 2.357632 1.0064232 0.8910005 1.2344873
[3617, 0.5513961, 0.9887049, 6.221739, 0.9231041] 2.5973897 0.83738804 0.8873167 1.1733726
[3618, 0.5457801, 0.8788929, 7.6644187, 0.8187833] 2.459408 0.8964248 1.0169371 1.0041202
[3619, 0.60688746, 0.7390293, 6.0962944, 0.6349362] 2.3354096 1.0670034 0.8070639 1.0979668
[3620, 0.38834643, 0.7067433, 4.212393, 0.8025196] 2.155682 0.86142826 0.9072405 1.0817271
[3621, 0.49872592, 0.9167695, 7.243193, 0.6768334] 2.4761257 0.93462986 0.81044275 1.1547697
[3622, 0.53593403, 0.91440684, 7.246437, 0.9844765] 2.5560865 0.9712173 0.76687336 1.0014383
[3623, 0.4681395, 0.99949324, 7.387181, 0.7925835] 2.5251393 0.96256477 0.896278 1.0574626
[3624, 0.64261174, 0.8989212, 5.741345, 0.60451007] 2.5522015 0.88367873 0.8029522 1.2326825
[3625, 0.49865618, 1.020225, 5.220823, 0.642241] 2.7058752 0.924519 0.9720803 1.0055182
[3626, 0.4035323, 1.0859817, 5.1235924, 0.5100091] 2.6336496 1.083943 0.8220151 1.0940005
[3627, 0.55378175, 0.9565256, 5.143229, 0.7456311] 2.716342 1.0318873 0.7578744 0.903657
[3628, 0.53700423, 0.87022, 7.151494, 0.6530671] 2.5480533 0.9127807 0.7914367 1.0069336
[3629, 0.5230009, 0.6833579, 5.1709876, 0.4434986] 2.3333757 0.97810817 0.9046967 0.87931806
[3630, 0.4629559, 1.0329479, 5.2692046, 0.7795532] 2.6954825 0.9201382 0.813616 1.0811337
[3631, 0.5915262, 0.96109366, 5.749036, 0.75943434] 2.60911 0.7780275 0.8556535 1.1592462
[3632, 0.4201568, 1.0525296, 5.068258, 0.44844675] 2.633876 0.9505592 0.92525154 1.060774
[3633, 0.6022006, 0.95777375, 3.4799964, 0.5545286] 2.9100502 0.7501656 0.9154722 1.2270968
[3634, 0.47437674, 1.0569915, 4.077387, 0.7088352] 2.8122797 1.1330041 0.9032675 1.0109026
[3635, 0.5436195, 1.0002801, 5.29981, 0.41689226] 2.6705096 0.9167553 0.9291436 1.1186748
[3636, 0.5659967, 0.7657441, 5.834406, 0.64106625] 2.189625 0.90794235 0.98263174 1.3365494
[3637, 0.4917741, 1.0137674, 4.8952045, 0.56789523] 2.5601592 1.0004144 0.91170746 1.1418289
[3638, 0.42328978, 0.9695903, 8.153286, 0.9958728] 2.4522913 0.88526404 0.90981865 1.129564
[3639, 0.42253378, 1.0759165, 4.3984075, 0.4002173] 2.6928418 1.0900491 0.8312984 1.0683497
[3640, 0.48219526, 0.8643899, 7.673904, 0.6568428] 2.4372668 0.9047849 0.906177 1.0369191
[3641, 0.46833244, 1.0418755, 3.5871353, 0.49362874] 2.9678047 0.9930297 0.83689743 0.99538875
[3642, 0.5406989, 1.0108588, 4.6868644, 0.5657371] 2.7064166 1.1262567 0.772873 1.1485293
[3643, 0.4652838, 1.0295988, 6.9347515, 0.72343767] 2.3913243 1.0361305 1.0349487 1.1858609
[3644, 0.37935212, 1.0105127, 6.638778, 0.9935008] 2.6122632 0.8736553 0.86019975 0.9666007
[3645, 0.4806052, 0.99797267, 4.84953, 0.5120341] 2.5617704 0.9879046 0.8725206 1.0980072
[3646, 0.45931336, 0.9265148, 7.808274, 0.8984649] 2.4734955 0.9888097 0.9618888 0.9026804
[3647, 0.49170077, 1.0212911, 5.564228, 0.66663855] 2.7148652 0.8891845 0.8591932 1.0972044
[3648, 0.40555426, 1.065765, 5.9111047, 0.9209838] 2.4354126 0.9138836 1.0430598 1.2237794
[3649, 0.53571415, 1.0142002, 4.6172643, 0.6963072] 2.6617844 0.9810609 0.898016 1.2177213
[3650, 0.5258824, 0.823355, 6.134913, 0.53275114] 2.370388 0.91801715 1.0172161 1.0334291
[3651, 0.5429547, 0.95355684, 4.0180836, 0.3749669] 2.8385324 0.8141872 0.77149427 1.1189154
[3652, 0.48195222, 1.0110064, 4.7754183, 0.46432325] 2.706776 0.9988303 0.81323975 1.1914355
[3653, 0.49428618, 0.9547056, 6.583007, 0.95558167] 2.4569137 0.97418123 0.777334 1.2156553
[3654, 0.5313644, 0.93546647, 8.110575, 0.9908146] 2.4251065 1.0369645 0.9138196 1.09867
[3655, 0.47307998, 0.99925506, 5.1923876, 0.6206064] 2.558759 1.0144508 0.91851383 1.1123608
[3656, 0.55921483, 0.96316326, 4.164933, 0.7817544] 2.811706 0.9411888 0.88348925 1.1015307
[3657, 0.51175314, 1.0318396, 4.045344, 0.5370836] 2.8381557 1.167805 0.865994 0.86992115
[3658, 0.46353906, 1.0257572, 5.8094726, 0.3683724] 2.5256999 0.98658544 0.8614183 1.1554998
[3659, 0.46967247, 1.0302311, 5.6246376, 0.5670413] 2.7088993 0.9682293 0.779586 1.0747297
[3660, 0.38552862, 0.97369105, 7.710994, 0.7238351] 2.4809308 0.93855745 0.8309099 1.0809015
[3661, 0.5535128, 0.965733, 5.0829396, 0.76228875] 2.5953803 0.9725453 0.90995795 1.0367206
[3662, 0.48750338, 0.8671625, 7.079203, 0.74450606] 2.5169911 0.9710049 0.77186155 0.99494964
[3663, 0.4367434, 0.83579165, 5.806797, 0.6678355] 2.4022517 0.90276444 0.8899599 1.002096
[3664, 0.41896322, 1.0720366, 7.120901, 0.7898816] 2.590945 0.90528876 0.865306 1.0914881
[3665, 0.55900717, 0.5963827, 4.6800866, 0.45799008] 1.9924008 1.1287639 1.0485322 1.1294928
[3666, 0.51314473, 1.0216187, 5.2989483, 0.565218] 2.5611567 1.0399293 0.94982296 1.2548652
[3667, 0.4527974, 1.0692995, 4.527305, 0.66418463] 2.8847628 0.99027735 0.9740762 0.9112227
[3668, 0.5966487, 0.94455695, 5.0214887, 0.69606036] 2.544688 0.98706865 0.72679967 1.2728734
[3669, 0.5582812, 0.83262855, 7.820009, 0.5930716] 2.347226 0.94840425 0.901882 1.1646606
[3670, 0.5285664, 0.9249788, 7.3767643, 0.8797468] 2.4427338 0.89065087 0.8875714 1.2099891
[3671, 0.53364116, 0.99824715, 4.243685, 0.4872321] 2.7768211 1.0012115 0.71692145 1.2066187
[3672, 0.47186092, 0.9656618, 8.2603, 0.86048585] 2.4795825 1.0277135 0.89585096 1.0099679
[3673, 0.5181466, 1.0010078, 3.8204525, 0.49647817] 2.8853524 0.9008501 0.77973956 1.0678246
[3674, 0.5143178, 1.0070932, 5.0420074, 0.44106758] 2.637104 0.9808292 0.8946102 1.0709751
[3675, 0.47304186, 0.95349956, 7.503219, 0.84780204] 2.5640233 0.83156025 0.7837796 1.1192439
[3676, 0.5868966, 0.8463334, 8.662054, 0.7188157] 2.6691957 0.9359067 0.7935799 0.76079243
[3677, 0.45914248, 1.050679, 6.0785365, 0.890001] 2.6254394 1.0435265 0.8893487 0.87360203
[3678, 0.5859192, 0.9398129, 4.4005594, 0.35557714] 2.5814579 1.1253389 0.8211292 1.1040705
[3679, 0.4960077, 0.8981647, 7.025455, 0.60053885] 2.4738345 0.9606439 0.9393379 0.9104374
[3680, 0.5494557, 0.946807, 4.474792, 0.39368835] 2.756755 0.9950241 0.8153106 1.0796322
[3681, 0.5932504, 0.8066155, 6.279057, 0.48204368] 2.5196846 0.8835168 0.7606174 1.0718865
[3682, 0.703935, 0.664108, 6.4480767, 0.50560975] 2.2815983 1.1323452 0.8400716 1.1105638
[3683, 0.46360484, 1.0522467, 5.4467607, 0.59469074] 2.6463506 0.90399355 0.95767766 1.2720774
[3684, 0.4794209, 0.68660283, 4.6209364, 0.5046343] 2.3507314 0.9783664 0.80982214 0.90686005
[3685, 0.45637906, 0.9811879, 7.0282555, 0.98650616] 2.5237625 0.8091804 1.0120184 1.0337782
[3686, 0.54955196, 0.97938037, 3.5315325, 0.51950824] 2.9415417 0.9932543 0.88507277 0.9535027
[3687, 0.625152, 0.773483, 8.316192, 0.6759541] 2.4169223 1.0037041 0.9429508 0.97036594
[3688, 0.5037859, 1.0040729, 5.5495105, 0.5800499] 2.5476446 0.8422091 0.8408715 1.304477
[3689, 0.40702775, 1.0992289, 5.6689434, 0.94786614] 2.5997841 0.91516066 0.9123494 1.0451247
[3690, 0.55368644, 0.7974364, 8.030358, 0.57424057] 2.3066576 0.83572006 0.8767119 1.3046169
[3691, 0.48416582, 1.0284642, 5.6571093, 0.58571035] 2.685528 0.96143883 0.7390637 1.0110492
[3692, 0.462741, 1.0237525, 5.0949287, 0.47842202] 2.842462 0.9273899 0.70523864 0.9140019
[3693, 0.50139326, 0.9989303, 5.189902, 0.97809273] 2.5268762 0.9919062 0.80307686 1.2185596
[3694, 0.4648473, 0.7712017, 6.056766, 0.46640947] 2.3322966 0.8497233 0.88279665 1.1312743
[3695, 0.5165542, 1.0377517, 5.1081085, 0.6495881] 2.6550617 1.0777708 0.9296579 1.0891119
[3696, 0.5899865, 0.95267606, 5.628266, 0.73755115] 2.795884 1.00997 0.77601033 0.79972416
[3697, 0.43966657, 1.0232806, 7.308016, 0.7300478] 2.6177807 0.8695909 0.8254802 1.0516405
[3698, 0.57325023, 0.839203, 8.625176, 0.58900774] 2.482295 1.0119588 0.90805835 0.8767551
[3699, 0.48673838, 1.0003262, 5.3142085, 0.46256086] 2.613471 1.0217369 0.88911474 1.1305097
[3700, 0.48590267, 1.0194879, 5.8911695, 0.8122332] 2.4594014 1.0212426 0.92962664 1.1342821
[3701, 0.4436628, 0.9963532, 6.640712, 0.57798827] 2.413442 1.0240887 0.8534115 1.2018316
[3702, 0.5140587, 0.6105617, 3.8578987, 0.5473361] 2.1242514 0.95579094 0.88926405 1.081712
[3703, 0.50812936, 0.9834758, 5.7923923, 0.71060574] 2.4320152 0.9941674 0.9874619 1.2391316
[3704, 0.5928822, 0.95280206, 4.353483, 0.5451853] 2.7806046 0.90570295 0.8639868 1.1557246
[3705, 0.44144502, 1.0526311, 4.586143, 0.39975134] 2.6698513 0.9011873 0.93556625 1.1796464
[3706, 0.5026777, 0.999396, 5.3632364, 0.5913823] 2.6029284 0.9094073 0.88605106 1.2232672
[3707, 0.48765042, 1.0197155, 4.492664, 0.36727968] 2.853882 0.8452768 0.76761657 1.1137329
[3708, 0.50947535, 0.9974992, 5.3611474, 0.5849192] 2.4321659 1.081951 0.94171447 1.2907597
[3709, 0.5297142, 0.97153234, 6.566122, 0.8168555] 2.6636052 0.9991233 0.7450059 0.9140323
[3710, 0.50673854, 1.0018665, 3.4710767, 0.61313283] 2.9012384 0.90249026 0.8292076 1.1118815
[3711, 0.42096683, 1.0293151, 6.4045897, 0.8794189] 2.4664922 0.9707478 0.9526984 1.1437613
[3712, 0.5931258, 0.7980501, 7.6354485, 0.8512164] 2.3965223 0.9514288 0.8871874 1.042555
[3713, 0.5834007, 0.88382506, 8.267039, 0.7414535] 2.5876029 0.89023364 0.92839617 0.8978123
[3714, 0.55523884, 0.97154987, 5.9059787, 0.7381858] 2.7221732 0.89413154 0.9054496 0.9152198
[3715, 0.57882243, 0.9298824, 4.4623365, 0.48920193] 2.633987 1.1247754 0.8164132 1.121865
[3716, 0.4729445, 1.0265447, 4.3625503, 0.7863625] 2.7246056 1.0555925 0.86784494 0.99132156
[3717, 0.6559445, 0.69205517, 5.3112874, 0.42881653] 2.3589847 1.0449637 0.73261994 1.1395149
[3718, 0.53220725, 0.91050535, 9.941866, 0.9497792] 2.4395654 0.973296 0.88949335 1.0596924
[3719, 0.53529763, 0.9897766, 3.9606187, 0.5443623] 2.9425576 0.8775001 0.75309783 1.0815431
[3720, 0.5175401, 1.0197308, 3.5310314, 0.6998312] 2.922721 1.0834045 0.772813 1.1165408
[3721, 0.45198387, 1.0431876, 5.337763, 0.5086494] 2.6081684 0.93829787 0.9562731 1.108454
[3722, 0.42161685, 1.0704732, 6.139463, 0.5668555] 2.6226168 1.0172756 0.9815604 0.9304328
[3723, 0.4573216, 1.0798297, 5.504665, 0.51968896] 2.66964 0.9948549 0.9458675 1.006081
[3724, 0.47358418, 1.0261909, 4.746177, 0.5515339] 2.6047013 1.0316073 1.0246744 1.1957732
[3725, 0.43292877, 0.9234634, 8.3796, 0.76738846] 2.4429128 1.1551446 0.8272977 0.9535502
[3726, 0.35060596, 1.0833876, 5.0113597, 0.46385285] 2.6456504 0.9586788 0.87911713 1.0469217
[3727, 0.42147467, 0.84397244, 7.065674, 0.6355214] 2.342407 0.9030721 0.9407967 1.1189314
[3728, 0.46698576, 0.9745392, 8.127743, 0.73337334] 2.4605517 0.97266614 0.92321396 1.0649467
[3729, 0.55341, 0.7241757, 5.7454543, 0.6029326] 2.287082 1.0148109 0.8783053 1.0647688
[3730, 0.4339161, 0.9945756, 6.8894033, 0.5931105] 2.4520912 1.1164827 0.9261257 1.033076
[3731, 0.4238953, 0.99260056, 6.964717, 0.64277875] 2.5845795 0.9609347 0.842919 0.93872887
[3732, 0.54766816, 0.76485133, 7.011217, 0.5870263] 2.3686373 0.9713931 0.9286939 0.9988864
[3733, 0.4581235, 0.96816003, 6.759815, 0.80447805] 2.3304734 0.98519385 0.97544533 1.2657653
[3734, 0.15752043, 1.1257924, 6.0487094, 0.6666887] 2.5607038 0.82930183 0.9361602 1.0476888
[3735, 0.3105651, 1.0981866, 5.7396317, 0.74992204] 2.549 0.96043444 0.91147697 1.0833541
[3736, 0.5133152, 0.98496914, 6.016989, 0.6309904] 2.4901118 1.0222607 0.86427623 1.197912
[3737, 0.5110368, 1.0032676, 6.4242277, 0.62913495] 2.5296056 1.0694051 0.91848034 0.98356515
[3738, 0.44366896, 1.0454593, 5.530954, 0.77464604] 2.52403 0.98063344 0.8950063 1.2389543
[3739, 0.62052387, 0.56531817, 4.438484, 0.39607593] 2.1912196 1.0227625 0.8800416 1.0490916
[3740, 0.5526329, 0.8642967, 7.6607723, 0.5776693] 2.4396267 0.8720114 0.8372579 1.1793153
[3741, 0.44993258, 1.0005162, 6.268911, 0.7171991] 2.6174922 0.9277805 0.8336543 0.9594836
[3742, 0.51372266, 1.0214014, 4.6188836, 0.49977133] 2.772909 0.865378 0.86621946 1.1386662
[3743, 0.44727153, 0.81263024, 5.559595, 0.37945512] 2.1429484 1.0214372 0.99937516 1.2651126
[3744, 0.60950416, 0.91407835, 5.7965574, 0.48362547] 2.6003742 1.0043803 0.8988491 1.1268015
[3745, 0.4813261, 1.0239929, 5.962603, 0.7004909] 2.6894238 1.0558727 0.8339679 0.7671726
[3746, 0.6340515, 0.9015594, 5.096563, 0.40288797] 2.6457045 0.94639635 0.7505255 1.2185259
[3747, 0.41443753, 1.0678314, 5.6454334, 0.7655978] 2.5690224 1.1050134 0.963373 0.9040929
[3748, 0.48378423, 1.047957, 5.5271225, 0.7233881] 2.6465118 0.91721123 0.7768717 1.1045729
[3749, 0.54620796, 1.0030861, 4.236486, 0.4769963] 2.8303473 0.8671538 0.89537495 1.1030588
[3750, 0.37391657, 0.72931474, 3.7527137, 0.77239937] 2.1747754 0.8479069 0.91074485 1.2348163
[3751, 0.5384303, 1.0271535, 2.7437723, 0.69913644] 3.062969 0.97510815 0.9506437 1.1187248
[3752, 0.5537986, 0.9332855, 4.6486278, 0.46186334] 2.579814 0.884338 0.8440931 1.2458731
[3753, 0.5702234, 0.7509046, 5.1496477, 0.6670052] 2.1541011 1.0966127 0.94710594 1.21987
[3754, 0.49157226, 0.9955674, 6.6068916, 0.8106952] 2.4957051 0.9044795 0.90567404 1.1979841
[3755, 0.45565617, 1.0022675, 7.9280415, 0.6075043] 2.3852878 1.0161183 0.9323991 1.1789665
[3756, 0.4968709, 0.9539962, 6.6357718, 0.6867147] 2.472972 1.0508627 0.9004731 1.0272769
[3757, 0.4601211, 1.0074184, 3.8841987, 0.83716136] 2.850526 1.0953567 0.7678522 0.9916825
[3758, 0.52021784, 0.99507964, 3.5704644, 0.55047107] 2.898814 1.0022043 0.83439815 1.1308242
[3759, 0.4989246, 0.96533734, 6.1493106, 0.7890218] 2.5899572 0.870554 0.753736 1.1071712
[3760, 0.5272657, 0.82342905, 7.6415143, 0.65352666] 2.3574016 0.88189894 0.9372744 1.1913066
[3761, 0.48155186, 0.97290987, 6.4942245, 0.8616797] 2.452976 0.8491495 0.95807225 1.2302601
[3762, 0.5915929, 0.94392604, 4.186932, 0.4751157] 2.8063805 0.97197497 0.89263093 0.9288836
[3763, 0.50657284, 0.81253755, 7.508395, 0.78766567] 2.3133543 1.008723 0.94969946 1.0806093
[3764, 0.5154986, 1.0218449, 3.4753723, 0.9388306] 2.9504015 1.0122526 0.82520366 1.0815693
[3765, 0.6116359, 0.93495405, 5.079907, 0.6162039] 2.6757529 1.1072904 1.0045397 0.9743833
[3766, 0.55617106, 0.9685715, 4.99159, 0.5256302] 2.6495006 0.9050422 0.9199053 1.1188835
[3767, 0.46786693, 1.0739996, 6.49536, 0.57352775] 2.7382686 1.005937 0.8650327 0.7939595
[3768, 0.51673335, 1.0000906, 5.776052, 0.5264566] 2.5096383 0.90273917 0.97554326 1.1357799
[3769, 0.56694984, 0.7380026, 5.462268, 0.44885606] 2.2902026 0.9348646 0.9800843 1.0838602
[3770, 0.58382916, 0.9367577, 6.407158, 0.64856684] 2.424427 1.0691898 0.7830595 1.2491512
[3771, 0.45027396, 1.0340836, 4.3932176, 0.52296686] 2.789907 0.88259214 0.8449878 1.0804275
[3772, 0.42890832, 0.8611057, 7.2681975, 0.44769016] 2.3615296 1.0294042 0.9051281 0.97768784
[3773, 0.46479633, 1.0361835, 5.8448634, 0.4258799] 2.6276734 1.0276561 0.7608128 1.1349354
[3774, 0.49376202, 0.9686556, 8.0009575, 0.803101] 2.5638318 1.0039842 0.8685525 0.87052906
[3775, 0.5677165, 0.8054537, 7.730678, 0.70759106] 2.3067915 1.0039672 0.93946916 1.1545159
[3776, 0.5126262, 1.015755, 5.9653387, 0.764529] 2.4379878 1.0129917 0.9358397 1.2297437
[3777, 0.5633716, 0.9400853, 7.0220265, 0.9137433] 2.5800986 0.8742265 0.83553916 1.08821
[3778, 0.46693766, 0.99815065, 5.298891, 0.5638565] 2.5860226 0.96156627 0.86380297 1.1985754
[3779, 0.5424579, 0.9880627, 6.4367447, 0.99228483] 2.5591407 0.9880562 0.8427085 1.0718867
[3780, 0.5132462, 1.0239984, 5.66434, 0.7408768] 2.8314052 0.86945736 0.7565288 0.9239692
[3781, 0.4318381, 1.0760292, 4.5727763, 0.6968627] 2.8392088 0.82272214 0.8298046 1.143031
[3782, 0.55188924, 0.9674665, 3.7382655, 0.6970902] 2.8959575 0.96445215 0.7825292 1.2092422
[3783, 0.4807535, 1.0479996, 4.1219454, 0.6852502] 2.6908302 1.0959964 0.8943124 1.0932592
[3784, 0.5144612, 0.9823248, 4.457328, 0.5742199] 2.636162 0.95853233 0.8992947 1.3079417
[3785, 0.5179129, 0.99309415, 3.7589216, 0.74365276] 2.754264 0.9845975 0.8620836 1.2904677
[3786, 0.6083761, 0.8728799, 6.799279, 0.51091695] 2.4736385 1.0515075 0.8683587 1.0143775
[3787, 0.54850364, 0.9976072, 4.5333056, 0.55313206] 2.831928 0.9129602 0.879559 1.1453049
[3788, 0.51272655, 0.8464941, 7.683947, 0.37424013] 2.3436282 1.1196771 0.98353 0.9527013
[3789, 0.5256827, 1.024518, 5.066337, 0.42911118] 2.7133372 0.9340401 0.8547264 1.0497231
[3790, 0.5130901, 0.7150621, 5.538081, 0.51833695] 2.2549176 0.84618413 0.9982182 1.1241518
[3791, 0.59878504, 0.78115356, 7.9005504, 0.581841] 2.3226342 1.0625108 0.8838295 1.135582
[3792, 0.49033377, 0.95895135, 7.405137, 0.6793316] 2.4798286 0.8984699 0.8749714 1.1527545
[3793, 0.61243206, 0.727096, 6.124904, 0.59242696] 2.218708 0.9893975 1.0700635 1.1263198
[3794, 0.42751467, 1.0106019, 7.963324, 0.6931739] 2.5428345 0.9476298 0.94269323 0.91883117
[3795, 0.5260439, 0.926575, 8.377587, 0.7833781] 2.5352554 0.778612 0.896785 1.0776396
[3796, 0.42261887, 1.0832794, 4.538281, 0.4176694] 2.93718 0.7617561 0.8088096 1.065521
[3797, 0.49654287, 1.0185202, 4.9371257, 0.63037694] 2.597565 0.9586117 0.8666236 1.1232855
[3798, 0.45233333, 1.0597726, 5.3660154, 0.66038] 2.7100449 0.9911319 0.87847275 1.0116705
[3799, 0.3549238, 1.0935376, 5.7549796, 0.5581601] 2.6559534 1.0111784 0.8980072 0.8882718
[3800, 0.48426116, 1.0366719, 5.3821373, 0.66288847] 2.6737854 0.9219921 0.81822383 1.1046611
[3801, 0.52190346, 0.99860173, 4.792852, 0.5175417] 2.5963533 1.0655283 0.7785535 1.1026249
[3802, 0.5001653, 0.9195351, 7.260879, 0.7438366] 2.4662073 1.1059257 0.87958694 0.88407874
[3803, 0.46951988, 1.0357944, 4.6857977, 0.5433878] 2.4792125 1.03641 0.95899016 1.2027783
[3804, 0.4876145, 1.0202827, 4.9670568, 0.70049894] 2.6932034 0.978253 0.80920714 1.0540038
[3805, 0.56886625, 0.61931425, 4.9506187, 0.42254934] 2.1370955 0.95554566 0.963083 1.1066662
[3806, 0.5585353, 0.9928896, 4.037915, 0.47371003] 2.846915 0.7361795 0.8121394 1.2415273
[3807, 0.5170709, 0.9772545, 5.5354385, 0.9222467] 2.5974097 0.96347445 0.7608708 1.074369
[3808, 0.41430828, 1.0566123, 5.1623955, 0.8941591] 2.5876353 0.87610304 0.9089781 1.0824237
[3809, 0.5672847, 0.792554, 6.6689043, 0.8698666] 2.3999503 0.9681989 0.822673 1.076866
[3810, 0.4737609, 1.0377207, 4.5759444, 0.42311022] 2.759622 0.8353453 0.8513199 1.0960867
[3811, 0.55427843, 0.9555541, 5.213962, 0.6964344] 2.6096697 0.9537514 0.80873793 1.1622323
[3812, 0.43471888, 1.0458149, 5.038822, 0.6792909] 2.6647823 1.1293808 0.8807234 0.9751801
[3813, 0.5614451, 0.74820906, 5.386868, 0.5139581] 2.3456535 0.87819064 0.92851126 1.0833604
[3814, 0.5695596, 0.75462234, 6.437862, 0.60208505] 2.2010334 1.1019894 0.9237036 1.1620014
[3815, 0.5012995, 0.90416825, 7.9237437, 0.5491175] 2.5329802 1.0869532 0.792362 0.85077584
[3816, 0.5478574, 0.8856861, 7.6769743, 0.8323667] 2.4051306 1.1126882 0.8721178 1.0279437
[3817, 0.5677453, 0.8287287, 7.9348674, 0.52244145] 2.4323967 0.92020357 0.8306772 1.1250992
[3818, 0.4500492, 0.9619214, 7.881349, 0.8174244] 2.459707 0.96455157 0.84891015 1.1080929
[3819, 0.4411422, 1.0669762, 5.1202354, 0.5305699] 2.785154 0.90966624 0.7199733 1.0358782
[3820, 0.56156963, 0.8074833, 6.4146132, 0.7472333] 2.4683661 0.9411106 0.78205186 1.0613738
[3821, 0.55932057, 0.7475897, 6.1256227, 0.627545] 2.2459219 0.9076716 1.0454512 1.1509011
[3822, 0.3567232, 1.1021391, 5.81797, 0.5603411] 2.69829 0.88644403 0.872758 0.9595449
[3823, 0.54104763, 0.79206663, 7.2214684, 0.46369722] 2.2139719 1.0649995 0.93491715 1.1946175
[3824, 0.31179765, 1.0784142, 6.140099, 0.8301675] 2.450373 1.0661256 1.0014918 1.1029909
[3825, 0.53159523, 0.9630901, 4.46865, 0.4172889] 2.561688 1.1200212 0.85789406 1.0211463
[3826, 0.5769482, 0.942208, 6.4502993, 0.9190695] 2.4556262 0.93750244 0.8548689 1.2258933
[3827, 0.46738803, 1.0579009, 6.093053, 0.8389624] 2.4493968 0.83882 0.97145206 1.3810579
[3828, 0.4557094, 0.99049735, 7.8575273, 0.7299481] 2.4361467 0.99968797 0.87103885 1.1837478
[3829, 0.618681, 0.9260828, 5.909137, 0.70930904] 2.5844128 0.94983745 0.84730494 1.1242125
[3830, 0.48709285, 0.8295363, 5.3093257, 0.92970186] 2.3786106 0.7918469 0.9108125 1.1429822
[3831, 0.49589032, 1.0278543, 5.3970857, 0.62715477] 2.5315995 1.0222327 1.0106454 1.0750935
[3832, 0.52181244, 1.0176796, 4.5826025, 0.5814074] 2.642986 1.0975184 0.95473 0.9252472
[3833, 0.5076813, 0.9924153, 6.1485662, 0.9481783] 2.5759988 0.8208814 0.83865833 1.251778
[3834, 0.5733546, 0.99011344, 3.263676, 0.4120183] 3.0288088 0.9942365 0.6887411 1.0741599
[3835, 0.46133482, 1.044305, 3.5527053, 0.66251284] 2.9138055 1.0058665 0.8902492 0.99471
[3836, 0.4348871, 1.0232091, 6.141736, 0.9164923] 2.3650298 0.961414 1.0544562 1.235785
[3837, 0.5852732, 0.7994885, 7.8045387, 0.70068026] 2.3326657 1.0077437 0.8915719 1.143864
[3838, 0.5602195, 0.80096966, 6.8038187, 0.61389565] 2.377217 0.98791754 0.8891311 1.0788109
[3839, 0.45791757, 0.8387719, 6.882376, 0.48994607] 2.3043025 0.99687684 0.8952459 1.0848478
[3840, 0.5309551, 0.9625656, 6.188431, 0.49467397] 2.5585637 1.0802706 0.85227954 0.9765509
[3841, 0.5532078, 0.94377154, 4.535152, 0.511608] 2.9263434 0.97038543 0.6963686 1.0473169
[3842, 0.54798263, 0.99629796, 3.7370398, 0.7626328] 2.9445405 1.0436392 0.8057617 1.0955675
[3843, 0.40444806, 0.9230781, 7.7636747, 0.7430215] 2.4299343 0.92696065 0.9240443 1.0051329
[3844, 0.5837062, 0.93048155, 5.77433, 0.8204228] 2.4991114 0.9163408 0.81550556 1.2199779
[3845, 0.5964917, 0.9282261, 4.9052353, 0.4431332] 2.711699 0.9489426 0.7239096 1.269783
[3846, 0.43530348, 1.0180006, 5.7458906, 0.6398979] 2.6370752 0.8847324 0.81734246 1.0271835
[3847, 0.4381411, 0.6450481, 4.179071, 0.60039574] 2.1724117 0.8204753 0.955138 1.1782662
[3848, 0.50630325, 0.91643333, 7.9302626, 0.9233877] 2.454864 0.95922405 0.8279199 1.1170989
[3849, 0.5440416, 0.8207115, 6.591053, 0.5139013] 2.4236 1.0805453 0.7386445 1.0084375
[3850, 0.58143425, 0.94134885, 3.9906065, 0.4105509] 2.5372596 1.0549672 0.92290205 1.2094381
[3851, 0.36781996, 1.075739, 5.8417883, 0.5916868] 2.5267835 1.0586778 1.0048902 0.9696502
[3852, 0.5772546, 0.94185525, 4.867409, 0.43543386] 2.692056 0.84809995 0.8111852 1.3794817
[3853, 0.5413606, 0.9876844, 4.0045886, 0.94040823] 2.8251033 0.96355623 0.91071457 1.1225973
[3854, 0.5761372, 0.8759712, 6.39213, 0.6621729] 2.4935124 0.94722825 0.7248987 1.2356658
[3855, 0.45594102, 0.6135031, 4.054173, 0.5138092] 2.1449172 0.93262166 0.8665472 1.1374836
[3856, 0.5824581, 0.96668154, 4.675261, 0.49482113] 2.825405 0.8889938 0.60894775 1.2531888
[3857, 0.46277845, 0.86860967, 7.679492, 0.7793703] 2.4042127 0.9819975 0.93487656 0.9379524
[3858, 0.532469, 0.92897433, 6.823558, 0.53167266] 2.3797958 0.9661585 0.9296164 1.2073343
[3859, 0.5275134, 0.99690926, 5.660273, 0.76834154] 2.4496849 1.0113236 0.92390937 1.3458732
[3860, 0.4879025, 1.0152391, 4.96522, 0.5270982] 2.6987734 0.94473076 0.9214335 1.1127379
[3861, 0.5307366, 0.9738025, 4.404861, 0.50539577] 2.5478077 1.0061347 0.9337859 1.2860245
[3862, 0.61090344, 0.8949547, 5.5540667, 0.64792144] 2.4656007 1.0362624 0.88258666 1.1601558
[3863, 0.5102274, 1.0097045, 4.985141, 0.62365466] 2.7366111 0.9974855 0.838259 1.0326715
[3864, 0.492472, 1.0153626, 4.764551, 0.624107] 2.537023 0.9600608 0.9631277 1.2007738
[3865, 0.5398477, 0.9661161, 4.11575, 0.5198469] 2.66551 1.0469788 0.8911762 1.1239173
[3866, 0.59417635, 0.7461783, 6.744543, 0.5967494] 2.2555163 1.0249578 0.9320173 1.0979669
[3867, 0.5075987, 1.0445728, 5.8043494, 0.70855904] 2.7485235 0.93421537 0.82505465 0.96202946
[3868, 0.52687037, 0.8019965, 6.8621955, 0.4827142] 2.3484719 0.90547514 0.8665624 1.179989
[3869, 0.5841493, 0.7621414, 6.707543, 0.4994905] 2.2881465 1.173319 0.8857944 1.005516
[3870, 0.46091408, 0.9839552, 8.855396, 0.6814906] 2.4746811 0.9954272 0.98074543 0.97806007
[3871, 0.5593454, 0.9657689, 6.1990223, 0.5701958] 2.6073298 0.8400583 0.87144566 1.0947866
[3872, 0.62235534, 0.6172719, 4.8404307, 0.31797296] 2.1452456 1.1171843 1.0429952 0.95992374
[3873, 0.51873136, 1.0113714, 5.066802, 0.46743545] 2.6588216 1.0977522 0.7788148 0.9646494
[3874, 0.4512695, 1.0368149, 5.2220197, 0.4233634] 2.7569082 0.9310046 0.7563542 0.98542583
[3875, 0.556663, 0.9781359, 5.099819, 0.53875834] 2.6053843 0.94362134 0.81222135 1.0957053
[3876, 0.4659305, 1.0254076, 5.420044, 0.5030104] 2.7434568 0.84786326 0.82762825 1.1755562
[3877, 0.45233747, 0.9837927, 6.974576, 0.85087186] 2.3951082 1.0207909 0.95045316 1.1347004
[3878, 0.4506434, 1.0070848, 5.682725, 0.7307157] 2.6037858 0.93835175 0.93755865 1.0362803
[3879, 0.44326383, 1.0420576, 5.701383, 0.7180994] 2.5647802 1.1315662 0.89499485 0.9810745
[3880, 0.5203424, 0.9954064, 5.232755, 0.5586813] 2.4539254 1.0606352 0.9154993 1.3647326
[3881, 0.5694608, 0.9623169, 3.6266956, 0.37077773] 2.9135888 0.86815643 0.7474689 1.1412591
[3882, 0.5372387, 0.98081374, 4.853638, 0.4332177] 2.775082 0.9289133 0.7950305 1.0361685
[3883, 0.5402523, 0.9787096, 5.434371, 0.85747474] 2.7386792 0.8551585 0.83114177 0.9565953
[3884, 0.4371025, 1.0542467, 5.10033, 0.72491294] 2.6791027 0.96840155 0.8658385 1.1178949
[3885, 0.46105456, 0.7857883, 5.270958, 0.738209] 2.246191 0.90705144 0.81651425 1.3091136
[3886, 0.55845726, 0.96266735, 4.396623, 0.44111753] 2.8546772 1.0424187 0.9373001 0.82773125
[3887, 0.47504345, 1.0384966, 5.5906453, 0.48817056] 2.6026566 0.93167025 0.9288093 1.1613026
[3888, 0.5291624, 0.9620979, 5.6822925, 0.65301824] 2.5682244 1.1037298 0.7902552 1.0245029
[3889, 0.70677817, 0.5420304, 4.9192557, 0.5592311] 2.1168258 1.0909836 0.8803803 1.1855804
[3890, 0.50591284, 0.9526939, 7.2123523, 0.58953965] 2.6308737 0.9297357 0.8058449 0.9407159
[3891, 0.534189, 0.9213267, 7.648634, 0.80829895] 2.5321252 0.9923567 0.8573175 0.9355142
[3892, 0.5241644, 0.9510867, 6.9011955, 0.5516183] 2.5254476 0.9572817 0.8419525 1.0611882
[3893, 0.41493824, 1.0655466, 4.684467, 0.4834212] 2.7812946 0.9519476 0.68954456 1.0788136
[3894, 0.50082266, 1.0319802, 4.6070833, 0.56672055] 2.6348484 1.0979502 0.8792756 1.2195902
[3895, 0.5134084, 0.8372236, 7.8950925, 0.5920503] 2.4037018 0.81044686 0.86418635 1.2341404
[3896, 0.5935657, 0.8552864, 9.19409, 0.8094941] 2.5610282 0.8420354 0.86956453 1.0280192
[3897, 0.53206384, 0.9551983, 7.1271524, 0.9898615] 2.5900178 0.9769051 0.78262395 1.0127312
[3898, 0.56572, 0.68748236, 4.921577, 0.5837595] 2.2541811 1.0690362 0.877157 1.0029926
[3899, 0.4851115, 1.0428318, 2.8348145, 0.7045044] 2.9201505 1.106205 0.87752473 1.1164144
[3900, 0.45924187, 0.69822735, 3.991483, 0.79374236] 2.0719051 0.9102753 1.1130356 1.1276404
[3901, 0.49170068, 1.0269794, 4.7540007, 0.58459806] 2.7182958 1.0065567 0.8867674 1.0857099
[3902, 0.561461, 0.85077035, 8.749779, 0.7876632] 2.3472846 0.93451875 0.8906729 1.2132374
[3903, 0.5115491, 0.9458097, 7.314501, 0.7866306] 2.4230723 1.0273584 0.8790831 1.1270533
[3904, 0.6456766, 0.87887365, 3.8152814, 0.71206707] 2.9248714 0.9921801 0.7872567 1.0149788
[3905, 0.48518124, 1.0167075, 6.041201, 0.86222905] 2.546633 0.8770444 0.8639038 1.2493299
[3906, 0.5427316, 0.885983, 9.105188, 0.56828463] 2.4076352 0.99980974 0.92036384 1.120953
[3907, 0.572804, 0.9180159, 6.3783827, 0.78121907] 2.5727248 1.0196997 0.7418824 0.9918262
[3908, 0.5160932, 1.0076665, 5.536391, 0.62910235] 2.6643047 0.8700006 0.8096278 1.1332214
[3909, 0.46477184, 0.64724576, 4.4328146, 0.6611336] 2.1275928 1.0045216 0.9225317 1.0404176
[3910, 0.5198624, 0.98175573, 4.814605, 0.37465444] 2.6573265 1.0015885 0.861378 1.1108637
[3911, 0.5192299, 0.99261993, 6.169943, 0.7323871] 2.5920494 0.92733175 0.8424937 1.0047715
[3912, 0.5910309, 0.69541824, 5.1999683, 0.60748154] 2.1448014 1.014911 0.873838 1.2637613
[3913, 0.58602506, 0.9162665, 7.0434456, 0.47755048] 2.6029837 1.0190257 0.75848913 0.95052457
[3914, 0.4528518, 0.94930506, 8.235538, 0.7012874] 2.487155 0.8630603 0.9144594 1.0853199
[3915, 0.52723265, 0.9345349, 7.2043138, 0.73458624] 2.4742217 0.92285365 0.89520043 1.0902263
[3916, 0.48350844, 0.9879725, 6.400758, 0.57247406] 2.477658 1.1096712 0.8957934 0.9883307
[3917, 0.43226522, 1.0481595, 6.381911, 0.90957034] 2.688277 0.83948666 0.9270624 0.989611
[3918, 0.52599245, 0.85404396, 8.189599, 0.6141541] 2.539627 0.93725115 0.716113 1.0130271
[3919, 0.505523, 0.9718779, 5.8663597, 0.6475925] 2.5769124 1.1017897 0.83897954 0.900214
[3920, 0.46908534, 1.0292157, 5.337134, 0.48256615] 2.6446948 0.89748985 0.8783576 1.2227682
[3921, 0.42905766, 1.0431943, 4.5692763, 0.45544708] 2.726473 0.974813 0.7795893 0.9930562
[3922, 0.58451736, 0.96124977, 5.5772624, 0.770894] 2.776459 0.891193 0.7207975 0.9126488
[3923, 0.462795, 1.0265145, 5.0263853, 0.6030944] 2.5369506 0.9233033 0.9422994 1.1570904
[3924, 0.47303805, 1.0341612, 4.5306344, 0.4707823] 2.780656 0.96940154 0.8944949 1.0319053
[3925, 0.4866584, 1.0391816, 5.371676, 0.44268802] 2.696801 0.99463046 0.8703667 1.0627167
[3926, 0.48267275, 1.0354068, 5.042315, 0.5573518] 2.591054 1.0303373 0.91400236 1.221139
[3927, 0.45453724, 0.9969439, 7.076131, 0.8908666] 2.5200894 0.9286722 0.9489428 1.0313452
[3928, 0.4434513, 1.0300304, 5.928232, 0.90533555] 2.5823672 0.7787362 0.87163234 1.1872606
[3929, 0.47053516, 1.0042989, 4.1319947, 0.6160127] 2.9915366 1.0655369 0.6640025 0.92827415
[3930, 0.50716096, 0.88189507, 7.5569525, 0.7508407] 2.5090094 1.0172198 0.8064953 0.9091153
[3931, 0.48650274, 0.91654295, 7.0234337, 0.5337656] 2.5259492 0.8624592 0.80908334 1.1469405
[3932, 0.5621357, 0.93053305, 7.18175, 0.47875327] 2.5543118 0.9944704 0.7735066 1.0726378
[3933, 0.69641286, 0.621307, 5.413628, 0.96428204] 2.4120023 0.9827219 0.8578318 0.8799043
[3934, 0.5046389, 0.67387795, 4.6715646, 0.5217253] 2.3038096 0.9602805 0.93191683 0.9143973
[3935, 0.4446722, 1.030838, 3.8571153, 0.4858117] 2.8102121 0.9951957 0.8155062 1.1239924
[3936, 0.5195198, 0.7208382, 6.046501, 0.3571329] 2.21778 1.0432239 0.9055516 1.0735124
[3937, 0.46768588, 1.0435878, 4.5853148, 0.82479554] 2.7271414 1.0080113 0.98013335 1.0811284
[3938, 0.44119254, 1.0421976, 4.1038985, 0.59390813] 2.675477 1.0058088 0.8815529 1.2378113
[3939, 0.45276818, 1.0297588, 5.627316, 0.571565] 2.668866 0.9567499 0.7895384 0.9734052
[3940, 0.6295338, 0.85579246, 7.4812746, 0.8311292] 2.4079185 0.91298217 0.78932637 1.33403
[3941, 0.47130024, 1.0164752, 4.5015917, 0.4325607] 2.8320105 0.9443411 0.80609775 1.0383736
[3942, 0.5470075, 0.9678639, 4.23073, 0.6441434] 2.8036234 1.115146 0.8775946 0.88953584
[3943, 0.6080519, 0.6928066, 5.3757205, 0.61357117] 2.2885158 1.0479698 0.96769416 0.92887276
[3944, 0.4926562, 1.0003734, 4.687932, 0.5199795] 2.7559428 1.0022383 0.78614396 1.1425447
[3945, 0.6124714, 0.8625236, 5.8346505, 0.6757685] 2.3545291 1.1070819 0.863445 1.2049866
[3946, 0.39926952, 1.0759195, 4.5008383, 0.77104497] 2.8493052 0.85786045 0.9466312 1.1129992
[3947, 0.4956528, 0.92944705, 8.231595, 0.45251557] 2.4139285 0.93936116 0.8197083 1.2263031
[3948, 0.5264989, 0.9476828, 9.426839, 0.5119285] 2.4390323 0.9404905 0.90852565 1.0953085
[3949, 0.45748857, 0.9982977, 6.7383866, 0.6151212] 2.5484877 0.9230067 0.80651313 1.1323432
[3950, 0.5342455, 0.86775786, 9.224519, 0.8066829] 2.347961 0.9184732 0.94296175 1.2272062
[3951, 0.39911568, 1.0943494, 5.144239, 0.5328809] 2.6894753 0.9339356 0.91448444 1.0925394
[3952, 0.48930845, 1.0303167, 3.5145526, 0.7009838] 2.9818382 0.9396402 0.80251014 1.0719174
[3953, 0.4265204, 1.0453259, 5.562729, 0.787818] 2.6615806 0.83875465 0.8604654 1.0827383
[3954, 0.5858375, 0.96559614, 5.363278, 0.58752465] 2.5450072 0.8158419 0.91911644 1.4546908
[3955, 0.5055916, 1.0374662, 3.60308, 0.79461706] 2.8784323 1.0413678 0.7743639 1.0804269
[3956, 0.4603436, 1.0369762, 4.318744, 0.5755352] 2.8822138 0.97181934 0.845441 0.79493004
[3957, 0.5469627, 1.0131105, 3.8601322, 0.54394215] 2.9743595 0.81033856 0.74329644 1.0918189
[3958, 0.47605568, 1.0077418, 6.4613304, 0.9917074] 2.6081686 0.84248006 0.758601 1.1361364
[3959, 0.5014079, 1.0079174, 3.9186144, 0.5523117] 3.0088003 0.9638597 0.6472984 0.97513837
[3960, 0.48022902, 0.7794246, 5.2702346, 0.47457302] 2.171559 1.0298196 0.95609105 1.1611468
[3961, 0.6054983, 0.709144, 5.9642844, 0.447336] 2.2002258 1.0703114 0.920623 1.139385
[3962, 0.5274843, 0.958703, 6.236675, 0.9102774] 2.394234 1.1133696 1.0485735 1.0356737
[3963, 0.5622261, 0.72375625, 4.7099504, 0.42924044] 2.295966 0.8628811 0.88526917 1.1345181
[3964, 0.5135072, 1.0100487, 4.963159, 0.46751085] 2.6826415 0.95994294 0.8312875 1.1031705
[3965, 0.5784975, 0.9520461, 4.290043, 0.44334394] 2.8309581 0.99208784 0.7626112 1.0301646
[3966, 0.49259776, 0.82771426, 8.329029, 0.60753727] 2.452888 1.0125545 0.7880463 1.007439
[3967, 0.45880225, 0.75942475, 5.502541, 0.36059153] 2.1474986 1.0570892 1.0044994 1.1456656
[3968, 0.55635715, 0.95212, 5.9346423, 0.92025566] 2.5588162 0.98375267 1.0334978 0.8871075
[3969, 0.56016344, 0.8620989, 7.3432603, 0.7569721] 2.453373 0.90256256 0.937071 1.0888013
[3970, 0.47485927, 0.583552, 3.8823402, 0.9190417] 2.0755017 0.96720296 0.9454705 0.9622455
[3971, 0.44529942, 0.97633696, 6.8092103, 0.63913685] 2.3996599 1.0944028 0.8959281 1.0984546
[3972, 0.5170685, 1.0251402, 4.072874, 0.98350304] 2.7628253 0.94823927 0.9127009 1.1192912
[3973, 0.6544611, 0.6426285, 5.369777, 0.4910335] 2.2798917 1.1468853 0.79182845 0.99495584
[3974, 0.5623878, 0.96677107, 3.3542244, 0.7781858] 2.9662144 0.95188075 0.8815405 1.0095506
[3975, 0.46396786, 1.0165585, 6.543721, 0.872459] 2.6185312 0.945558 0.9741162 0.90883553
[3976, 0.47218868, 0.8136795, 5.1153274, 0.9342551] 2.4823241 0.86718476 0.77209604 0.9074723
[3977, 0.51122326, 0.9033121, 7.94294, 0.93350846] 2.3684978 0.9871103 0.914642 1.147831
[3978, 0.5163125, 1.0293013, 5.0092745, 0.46000725] 2.8660805 1.0056565 0.862496 0.83259875
[3979, 0.53176236, 1.0094744, 3.9497356, 0.683844] 2.8798425 0.89995235 0.7759905 1.1284511
[3980, 0.45523438, 1.0152333, 7.3527365, 0.7067643] 2.5420156 0.95700765 0.8601198 1.0714216
[3981, 0.3998888, 1.0593008, 5.0424414, 0.55523515] 2.6458423 0.9181607 0.922857 1.0569408
[3982, 0.48915562, 1.0364996, 5.7333174, 0.7203721] 2.6143954 1.0564781 0.8678863 0.9784004
[3983, 0.503482, 0.9900439, 4.5141063, 0.5158967] 2.7314043 0.9725293 0.8496796 1.0842093
[3984, 0.44050395, 1.0383481, 6.269674, 0.79403377] 2.5695965 0.89124215 0.80503196 1.1925452
[3985, 0.6366427, 0.67340827, 6.7909193, 0.4639496] 2.1646302 1.0306605 0.98336595 1.2387774
[3986, 0.54127306, 0.92863715, 7.310353, 0.5659297] 2.4565237 0.9935685 0.90867394 1.0705439
[3987, 0.50713986, 1.0180539, 5.38162, 0.41147217] 2.701376 0.98485065 0.8146605 1.0815743
[3988, 0.54075617, 0.9280022, 6.0713634, 0.49654588] 2.4755752 1.1066946 0.9184582 0.98504585
[3989, 0.49744993, 0.5838913, 3.9210274, 0.59698606] 2.0131588 1.0023581 0.84846914 1.1908886
[3990, 0.53646946, 0.9882564, 3.6644702, 0.62125593] 2.9636338 0.88202274 0.81153256 1.0364348
[3991, 0.6719591, 0.6825433, 5.6300597, 0.22747684] 2.2437782 1.034058 1.0477042 1.081375
[3992, 0.35448882, 1.0693572, 6.1005673, 0.6325697] 2.3905401 1.1318384 1.1222812 1.0575927
[3993, 0.4436644, 1.0582448, 5.737687, 0.49237648] 2.562571 1.083147 0.7848685 1.1938018
[3994, 0.55933714, 0.94848716, 4.604837, 0.47035423] 2.5393624 0.93393815 0.9834409 1.2048978
[3995, 0.39952543, 0.9720185, 8.333467, 0.94257504] 2.4368505 0.9185521 0.9392302 1.1092415
[3996, 0.549659, 1.0118564, 5.252819, 0.43754908] 2.5928981 0.9880824 0.7475832 1.2677277
[3997, 0.5617405, 0.98340374, 3.8284583, 0.7091488] 2.7801309 0.8954245 0.90904015 1.2787155
[3998, 0.5801694, 0.93934464, 4.1720476, 0.35481834] 2.800288 1.0183487 0.71983993 1.1303068
[3999, 0.52238137, 0.9809233, 4.3457046, 0.42488542] 2.7535832 1.0788326 0.78406787 1.0680747
[4000, 0.5572635, 0.9736322, 2.6170692, 0.85142297] 3.0495243 0.90346265 0.82579935 1.1354995
[4001, 0.5058322, 1.0133837, 4.4660783, 0.3783859] 2.8241816 0.98558265 0.8331858 0.96922463
[4002, 0.43622392, 1.0573808, 4.935856, 0.46230966] 2.6828125 0.87979704 0.86795676 1.1261646
[4003, 0.5665762, 1.0165912, 2.3877184, 0.4862187] 3.1989558 1.0772197 0.8488341 1.0121475
[4004, 0.5577383, 0.8574483, 6.9044094, 0.6958129] 2.478376 1.1214993 0.84175855 0.81314415
[4005, 0.51513374, 0.7879378, 6.197047, 0.56367505] 2.3412342 1.0239486 0.7982205 1.0967505
[4006, 0.5126111, 1.0161138, 5.5555344, 0.532513] 2.6138937 0.8735302 0.81563044 1.2373091
[4007, 0.64228016, 0.9110321, 3.5274525, 0.49994943] 2.7892454 1.0673698 0.77741504 1.196017
[4008, 0.5297881, 1.0038853, 5.7949505, 0.620983] 2.6719284 0.8995744 0.8296397 1.057226
[4009, 0.6398858, 0.6712356, 5.736471, 0.69937587] 2.436593 0.9208236 0.87003744 0.81264657
[4010, 0.60368156, 0.6151065, 4.425618, 0.43927577] 2.1586633 0.95910376 0.91460437 1.1081582
[4011, 0.5085062, 0.94438, 8.084735, 0.82705265] 2.4466298 1.0589665 0.93551713 1.0283912
[4012, 0.56254303, 0.9623578, 5.9597306, 0.71577364] 2.7158768 0.90024734 0.8245227 0.933814
[4013, 0.5533588, 0.9998563, 3.8690407, 0.50381386] 2.8035178 0.9746173 0.7481998 1.2601497
[4014, 0.5034382, 0.9946274, 4.609624, 0.40712106] 2.8386164 1.0054138 0.7387519 1.0260626
[4015, 0.5874146, 0.7921747, 6.8988605, 0.32564524] 2.3166437 1.1393949 0.9759979 0.96921414
[4016, 0.6403785, 0.58689594, 4.266581, 0.41735852] 2.1614375 0.9830379 0.9924753 1.0403905
[4017, 0.44523352, 0.9586218, 9.099317, 0.7423469] 2.443734 0.98938984 1.0522513 0.93925714
[4018, 0.38564798, 0.9816, 6.7700734, 0.6531393] 2.54059 0.9070152 0.9738932 0.9495099
[4019, 0.51383317, 1.0154709, 5.475042, 0.4239983] 2.5783815 0.9828168 0.96762127 1.1901115
[4020, 0.53547657, 1.0244874, 3.269335, 0.61716694] 3.1590562 0.91706055 0.791731 0.86780465
[4021, 0.5054929, 1.0006932, 5.4509, 0.70779854] 2.6637456 0.94605863 0.7277769 1.0636095
[4022, 0.45726228, 1.0400771, 5.090353, 0.56944865] 2.642166 1.088253 0.76234215 1.1196768
[4023, 0.47322285, 1.0280439, 5.0106735, 0.6492716] 2.688367 0.8209857 0.9591206 1.1392876
[4024, 0.4299701, 1.0547609, 5.4475756, 0.55911046] 2.7005382 0.9585104 0.8144527 1.1162367
[4025, 0.647144, 0.70731896, 7.967634, 0.64924145] 2.3207638 1.0352849 0.8975937 1.0807132
[4026, 0.48519707, 1.0092256, 5.7053733, 0.4496455] 2.4809968 1.1310098 0.8530371 1.0638537
[4027, 0.4800972, 1.0333782, 5.286555, 0.63977075] 2.5635085 1.0790645 0.89231193 1.1357484
[4028, 0.5830659, 0.9715059, 4.12425, 0.68705493] 2.7190275 0.8987994 0.9738162 1.1429737
[4029, 0.5326934, 0.80301577, 6.1422944, 0.72198784] 2.2577755 0.827311 1.0023553 1.305577
[4030, 0.4193117, 1.0771223, 6.0864778, 0.9396144] 2.6267302 1.0185914 0.9725904 0.94683963
[4031, 0.49949035, 0.9856462, 7.512311, 0.8896835] 2.5466278 0.9975601 0.88128895 0.96733135
[4032, 0.4887736, 0.9694467, 6.802211, 0.7914316] 2.5221066 0.95898646 0.7614579 1.1406127
[4033, 0.54178387, 0.9899263, 5.5129657, 0.560281] 2.5662584 0.9990061 0.81437093 1.2200599
[4034, 0.42382088, 0.68503034, 4.064385, 0.74709326] 2.2048306 0.7922579 0.84474444 1.2579746
[4035, 0.50264037, 0.7593514, 5.3719387, 0.5817222] 2.4090555 0.9709823 0.84668726 0.9365107
[4036, 0.4237969, 1.0347039, 4.794213, 0.58404505] 2.7779856 0.9468947 0.7273847 0.9859464
[4037, 0.5769463, 0.77291095, 7.1364207, 0.6322661] 2.5020735 0.86924964 0.94138634 0.9415543
[4038, 0.47286955, 1.0246625, 5.7631984, 0.59768236] 2.476818 1.0447665 0.8984658 1.1436144
[4039, 0.53457224, 0.7770767, 5.796741, 0.55577296] 2.366759 0.98227304 0.88205695 0.99767816
[4040, 0.56174195, 0.9697774, 3.8420222, 0.6857653] 2.8935173 1.0798479 0.7813623 0.9826413
[4041, 0.5033173, 1.0024923, 5.226926, 0.516502] 2.6335747 1.0991149 0.8544935 0.97207564
[4042, 0.511065, 0.9244608, 7.988244, 0.9718951] 2.493519 0.9843876 0.867049 0.9841603
[4043, 0.47819698, 0.83851516, 5.5790787, 0.56604713] 2.2191927 0.8897393 1.095944 1.1929151
[4044, 0.5131378, 0.8443521, 7.5769153, 0.6304901] 2.422231 0.953925 0.7842768 1.1041855
[4045, 0.52733207, 0.9651135, 4.307787, 0.5757474] 2.7005308 0.9895879 0.8290859 1.1949959
[4046, 0.4609677, 0.8893195, 8.150888, 0.85745746] 2.3718297 0.8997457 0.8973188 1.2298303
[4047, 0.4247324, 1.0001602, 5.2721715, 0.66349804] 2.554485 1.076596 0.8108761 0.9608957
[4048, 0.4691173, 0.92638, 7.658062, 0.8152305] 2.4187925 1.1324514 0.8543908 1.0363531
[4049, 0.4870824, 1.0182282, 4.428801, 0.49118322] 2.7819138 0.90503836 0.7996076 1.19394
[4050, 0.44870937, 1.0404321, 5.9429703, 0.51111317] 2.5747523 1.0554615 0.9525994 1.020142
[4051, 0.55754536, 0.9772611, 3.1423626, 0.49990746] 3.020053 0.8875684 0.82699984 1.0493665
[4052, 0.5761562, 0.9561606, 5.5490627, 0.9834036] 2.680117 0.83852744 0.8553757 1.0390885
[4053, 0.4577257, 1.0441136, 4.31279, 0.46877882] 2.807841 1.0512546 0.8810795 1.0337092
[4054, 0.4410466, 0.9726542, 6.410259, 0.8973863] 2.5101295 0.93604726 0.84420633 1.0597783
[4055, 0.40576825, 0.9956405, 7.4081626, 0.6119844] 2.496163 0.88790077 0.85897475 1.136472
[4056, 0.5292347, 0.9582658, 5.698567, 0.59487474] 2.5174825 0.9160611 0.7564683 1.2995381
[4057, 0.43920663, 1.0434088, 3.652415, 0.4659553] 2.908679 0.9670382 0.8028899 1.161904
[4058, 0.5047444, 1.000605, 4.742431, 0.44976267] 2.7696168 1.0540922 0.7767359 0.951035
[4059, 0.44279128, 1.0378399, 3.566172, 0.52194726] 2.8638668 1.0720735 0.7367491 1.1619815
[4060, 0.5301981, 0.9335851, 7.0385523, 0.7960845] 2.568645 1.036747 0.826882 0.9080962
[4061, 0.54454887, 0.98297304, 4.693281, 0.5667768] 2.6772058 0.9637097 0.83975327 1.263478
[4062, 0.557699, 0.86433023, 8.320344, 0.85702634] 2.394801 1.1002394 0.85972995 1.0396299
[4063, 0.43853, 1.0121361, 7.2244887, 0.9555801] 2.5952806 0.9278471 0.866414 1.0026715
[4064, 0.48361266, 0.94443256, 7.1541624, 0.6709614] 2.5034645 0.8766278 0.95457435 1.0192919
[4065, 0.535148, 0.8231418, 7.1280437, 0.8127321] 2.4876015 0.7493393 0.9542502 1.0196394
[4066, 0.45775348, 1.0105515, 4.8410277, 0.57453877] 2.6957192 0.9972856 0.84055847 1.0627584
[4067, 0.48618582, 1.0229642, 5.5922213, 0.70726293] 2.5933726 1.0009087 0.8059751 1.1129626
[4068, 0.57691526, 0.93372464, 4.0767264, 0.76475596] 2.8097386 0.89601475 0.9076611 1.1855121
[4069, 0.55984795, 0.85716176, 8.754335, 0.55081916] 2.2141418 1.0072912 1.010269 1.3389686
[4070, 0.5083816, 0.6127622, 4.014307, 0.6368094] 2.1543674 1.0794942 0.9934418 0.7463249
[4071, 0.5050247, 0.96325, 7.3659754, 0.9877708] 2.5705118 1.0007491 0.93151844 0.8396305
[4072, 0.52139026, 0.7495515, 6.1058455, 0.4324597] 2.3587162 0.99498993 0.8586051 1.0005985
[4073, 0.4753969, 1.0455678, 5.021336, 0.68479055] 2.6526694 1.0028336 0.8680705 1.005939
[4074, 0.47756192, 1.050153, 4.267571, 0.7893045] 2.8002298 0.97719127 0.88496846 1.0660067
[4075, 0.3961822, 1.0905578, 4.344402, 0.9558393] 2.5999303 0.99050015 0.90390635 1.108945
[4076, 0.26075584, 1.1289325, 6.0315375, 0.7776291] 2.522225 1.0076433 0.9459602 1.1698532
[4077, 0.5787668, 0.8752673, 6.6679444, 0.9776346] 2.4750187 0.99245495 0.9483791 1.028965
[4078, 0.4984194, 1.0097249, 5.7989182, 0.70663536] 2.6506572 0.9212642 0.80377907 0.9965283
[4079, 0.53207684, 0.9880327, 5.3008137, 0.41442165] 2.6036785 1.1338942 0.83010787 0.9425475
[4080, 0.47823873, 1.010443, 5.605258, 0.8975998] 2.6354373 0.8570298 0.87076247 1.0619707
[4081, 0.5640635, 0.87182444, 7.3676596, 0.8326935] 2.5792458 0.87210876 0.69428766 1.1185001
[4082, 0.5405672, 1.0090525, 4.3616414, 0.7559387] 2.8128495 0.94038993 0.88697195 0.9931301
[4083, 0.5393963, 0.916134, 6.8457265, 0.63904446] 2.5330124 1.0029426 0.79096687 0.9617585
[4084, 0.5107236, 0.8500631, 8.385782, 0.8982634] 2.3683012 1.018344 0.80725217 1.1451483
[4085, 0.58217674, 0.66095895, 4.7049203, 0.70289487] 2.30501 0.97417897 0.8422945 0.98850554
[4086, 0.49352765, 0.9878447, 5.9337482, 0.62556845] 2.5017154 1.0131376 0.89394736 1.0868105
[4087, 0.5643989, 0.99211586, 3.8613663, 0.5519917] 2.8017876 0.97279173 0.73490155 1.3624803
[4088, 0.526086, 0.97024477, 6.0013685, 0.61647063] 2.7487626 0.82619834 0.78056955 0.91842645
[4089, 0.4333782, 1.0389636, 7.5984187, 0.7364491] 2.5567071 0.96623474 0.9142996 1.0008501
[4090, 0.54320776, 1.0298274, 4.3308644, 0.6068753] 2.940736 0.97606725 0.8597004 0.900544
[4091, 0.46982053, 1.0664716, 4.6711535, 0.6584787] 2.7005177 0.96066576 0.9821147 1.1521142
[4092, 0.6049072, 0.94944584, 4.5209794, 0.7354669] 2.7729576 0.95755017 0.7820106 0.8581149
[4093, 0.46427956, 0.8733645, 7.5379224, 0.5259139] 2.3336313 0.9514294 0.8902218 1.2000476
[4094, 0.4593291, 1.0472519, 6.106322, 0.60605574] 2.548101 1.1021355 0.82361007 1.0826601
[4095, 0.52704006, 0.9469449, 6.537357, 0.7239816] 2.5405462 0.927321 0.8263424 1.1000019
[4096, 0.4224669, 1.0103983, 7.400402, 0.76394033] 2.513416 1.0313952 0.92986894 0.98106676
[4097, 0.48623297, 1.0162311, 7.0727572, 0.7006254] 2.6629534 0.91515577 0.799851 0.96856886
[4098, 0.5597997, 0.967954, 5.051774, 0.3906733] 2.505677 1.0453345 0.97686255 1.2385991
[4099, 0.5912595, 0.7802711, 7.4099355, 0.54788476] 2.3051271 0.89155245 0.91009796 1.3069195
[4100, 0.49145433, 1.0184728, 5.414885, 0.5871607] 2.7186835 0.99912435 0.85201746 0.96966827
[4101, 0.5958096, 0.803609, 8.598322, 0.70275724] 2.4340916 1.0008228 0.84920496 1.0529658
[4102, 0.5323791, 0.99329436, 4.880924, 0.47655123] 2.8537276 0.87100947 0.7872745 0.96692103
[4103, 0.5192731, 1.0096667, 5.689501, 0.6701311] 2.4979844 0.8460309 0.95029366 1.323565
[4104, 0.55194366, 0.8294829, 7.0270166, 0.72809315] 2.4244566 0.99497527 0.828976 1.1137763
[4105, 0.5379158, 0.9828986, 4.284131, 0.5332413] 2.8128211 0.88114226 0.89348763 1.1081285
[4106, 0.3882416, 0.68395364, 4.468627, 0.6031194] 2.3531876 0.8014638 0.8311154 0.95865244
[4107, 0.5245799, 1.0255623, 4.857736, 0.6295803] 2.619833 0.96752447 0.918945 1.2712742
[4108, 0.40266195, 1.0559334, 5.3656507, 0.47140697] 2.7474422 1.0584093 0.7740927 1.0188799
[4109, 0.5504505, 0.9750241, 5.087196, 0.4087433] 2.703281 1.0583513 0.82539976 1.1031736
[4110, 0.60622513, 0.94111925, 4.8549747, 0.5565175] 2.711571 0.96930236 0.91393733 1.0127114
[4111, 0.58126724, 0.9393022, 5.349887, 0.56390786] 2.720033 0.6902478 0.89990115 1.1558031
[4112, 0.45450443, 1.0619578, 5.7020636, 0.42364872] 2.567634 0.9210003 0.8863349 1.2572728
[4113, 0.47477525, 1.0629104, 4.3975697, 0.56299645] 2.6993887 1.1008605 0.9350638 1.1414778
[4114, 0.5205668, 1.0291785, 5.077288, 0.54456425] 2.6779175 0.9795711 0.86016023 1.0501488
[4115, 0.48506162, 1.0328037, 4.4381843, 0.5827095] 2.6477768 1.0259798 0.88228625 1.1521958
[4116, 0.535813, 0.9896364, 6.332798, 0.6592049] 2.6456432 0.9492558 0.9250291 0.9380792
[4117, 0.5966612, 0.88834834, 6.7938495, 0.5192458] 2.4907286 1.069271 0.89779896 0.932527
[4118, 0.49612558, 1.0299284, 4.3013644, 0.5139543] 2.8459737 0.992498 0.78611416 0.98239166
[4119, 0.509097, 0.8204227, 6.6818323, 0.3837952] 2.373682 0.88405865 0.876745 1.1663319
[4120, 0.42266482, 0.99918956, 9.230373, 0.49414873] 2.4690223 0.95098794 0.90259004 1.0447876
[4121, 0.47768375, 1.0408925, 5.4014306, 0.5061622] 2.4622772 1.1180162 0.9539052 1.134009
[4122, 0.51842666, 0.9779986, 5.9729195, 0.587946] 2.5435457 0.90724117 0.9613968 1.0630612
[4123, 0.52633345, 1.0118474, 6.4164, 0.981108] 2.511689 0.88168424 0.87197965 1.2298703
[4124, 0.46395338, 1.0766497, 4.659009, 0.47776797] 2.6302443 1.0105882 1.025439 1.095256
[4125, 0.5298476, 0.9945205, 3.7695239, 0.58483624] 2.855799 1.0269262 0.7957227 1.0065883
[4126, 0.49621403, 1.0023565, 4.218883, 0.36875534] 2.791863 0.99635094 0.73801994 0.9964316
[4127, 0.45459613, 1.0403334, 5.403573, 0.7765817] 2.6127076 0.9904529 0.9525288 0.96107054
[4128, 0.44792652, 0.9740269, 6.967179, 0.69357896] 2.5425851 0.86366165 0.7953371 1.1243992
[4129, 0.53487355, 0.92518616, 9.489321, 0.90000343] 2.4889753 0.97792476 0.8336184 1.0428572
[4130, 0.38387454, 1.0961747, 4.8707895, 0.8021357] 2.6201415 1.0053753 0.83589745 1.0935735
[4131, 0.51613075, 0.9250526, 8.815165, 0.6547094] 2.5140657 0.9110493 0.8460333 1.0900791
[4132, 0.54536295, 0.85364896, 8.0108595, 0.83693755] 2.4645782 0.9357139 0.8680133 1.0368844
[4133, 0.56644803, 0.73229533, 4.8356843, 0.5382792] 2.225602 0.87518656 0.9106737 1.27765
[4134, 0.6311989, 0.7736419, 6.2397313, 0.60150105] 2.2872317 1.1207532 0.9074596 1.111243
[4135, 0.4948964, 1.0321423, 5.4446855, 0.69820637] 2.4721003 1.0299621 0.9608322 1.1956102
[4136, 0.47174802, 1.0447668, 5.9776835, 0.7652633] 2.5749292 1.0549424 0.94283915 1.0131581
[4137, 0.4696667, 0.95687467, 6.8579006, 0.9142201] 2.5059643 0.9213426 0.7736389 1.1797277
[4138, 0.50051063, 1.029903, 4.005259, 0.7990899] 2.872162 0.9638429 0.86498004 1.1270987
[4139, 0.49577856, 1.0402973, 5.4575763, 0.8689527] 2.7134838 0.90329736 0.82005495 1.0649699
[4140, 0.6500815, 0.69549084, 5.534201, 0.76854587] 2.471536 0.7936727 0.8293254 1.047177
[4141, 0.6180409, 0.58340514, 4.721562, 0.74451864] 2.005302 0.9476993 1.0565106 1.196003
[4142, 0.44892338, 1.0561726, 5.0285354, 0.5019505] 2.5956655 0.8763792 0.8291582 1.2875932
[4143, 0.5569363, 0.9177065, 7.0179706, 0.8536081] 2.5187442 0.9728886 0.8349107 1.0266666
[4144, 0.46277875, 1.025703, 5.590388, 0.3775256] 2.7339623 1.0318546 0.7560473 1.053853
[4145, 0.53051645, 0.7502224, 6.350347, 0.4936938] 2.2592983 1.004595 0.97395855 1.0112168
[4146, 0.4217372, 1.0594203, 3.1976836, 0.74704635] 2.9447763 0.9824275 0.84206825 1.0960764
[4147, 0.50739104, 0.8127113, 5.8806357, 0.6878541] 2.4114895 0.94111395 0.8418231 1.014198
[4148, 0.47228318, 1.0168802, 5.3533425, 0.8441161] 2.6134415 0.88137054 0.7909777 1.1432723
[4149, 0.461895, 0.8717113, 7.3052025, 0.60182756] 2.4097824 0.8250208 0.99221915 1.0640082
[4150, 0.46746007, 1.0149174, 5.269801, 0.58615524] 2.490252 1.0207441 0.8633723 1.2305527
[4151, 0.42639735, 0.91908973, 6.7635202, 0.6181761] 2.4477603 0.9320091 0.884762 1.0020552
[4152, 0.62237513, 0.9318021, 3.4550385, 0.5566781] 3.130767 0.98423177 0.73364764 0.9127501
[4153, 0.4784784, 0.97155046, 7.654175, 0.8527442] 2.5555537 1.063901 0.79849195 0.9130606
[4154, 0.5130376, 1.011241, 5.5678043, 0.538036] 2.660554 0.9038399 0.87771255 1.1497904
[4155, 0.49921626, 1.0195255, 4.6649895, 0.75004256] 2.575313 1.055761 0.8279104 1.1182538
[4156, 0.537965, 1.0518478, 3.1979315, 0.7049997] 2.9638216 0.9656152 0.97934145 1.0417727
[4157, 0.54802877, 0.8148883, 7.438942, 0.6396038] 2.3071196 1.0192689 0.95434135 1.0945135
[4158, 0.5618318, 0.9231242, 4.91747, 0.38164195] 2.5307431 1.0594815 0.9052983 1.1630687
[4159, 0.49799702, 1.0183237, 4.3748765, 0.6119929] 2.717566 1.0579634 0.89992183 1.0604819
[4160, 0.5898287, 0.7656733, 8.737887, 0.7716143] 2.5160902 0.9406943 0.7661081 0.9891993
[4161, 0.55571425, 0.9708666, 3.914005, 0.4488678] 2.707911 0.893891 0.8661321 1.122695
[4162, 0.479385, 0.960958, 6.7089925, 0.45438352] 2.4227762 1.1014915 0.9896327 0.9935964
[4163, 0.5325201, 1.005668, 4.3552833, 0.44883612] 2.6544266 0.8957595 0.9031282 1.2424028
[4164, 0.51401794, 0.9510747, 5.8481636, 0.62904274] 2.5073793 0.8912326 0.8106345 1.1528006
[4165, 0.5906827, 0.7672031, 7.297214, 0.36039996] 2.4073641 0.9241641 0.7679971 1.179655
[4166, 0.61358994, 0.9344251, 4.413, 0.5849922] 2.635881 0.96669096 0.9532624 1.2852935
[4167, 0.35652223, 0.95048136, 8.094834, 0.69365245] 2.31399 1.0551664 0.9057519 1.15591
[4168, 0.48772764, 0.76699865, 5.5602956, 0.56877947] 2.2809403 0.93783134 0.9788276 1.0915872
[4169, 0.60123444, 0.8771769, 6.5290446, 0.66576385] 2.5381756 0.8731921 0.75098443 1.2075248
[4170, 0.4434718, 1.0337763, 5.74105, 0.7934251] 2.5294404 0.9951835 0.9405198 1.0606194
[4171, 0.56784046, 0.825104, 6.676969, 0.66358256] 2.4641166 0.960369 0.9071115 0.9746786
[4172, 0.52778, 0.9894276, 4.4685235, 0.68530446] 2.740695 1.0213203 0.9228009 1.0699445
[4173, 0.5484077, 1.0171344, 3.7507985, 0.67039126] 2.8583543 1.0954552 0.922738 1.100312
[4174, 0.5941631, 0.76554203, 7.2540426, 0.8633212] 2.1599805 1.0081009 1.0355982 1.2397394
[4175, 0.46736473, 1.0223999, 6.1166153, 0.82660514] 2.5640695 0.90909815 0.9086865 1.0639024
[4176, 0.503983, 0.9698185, 6.413999, 0.71453685] 2.5774016 1.1165401 0.94506884 0.85483575
[4177, 0.544413, 0.8679941, 8.315292, 0.6891424] 2.4410224 1.1144501 0.7475939 1.0435461
[4178, 0.5143564, 0.9989495, 3.9485033, 0.64975774] 2.7901168 0.95131403 0.9429787 1.0829433
[4179, 0.40541878, 1.0538937, 5.56991, 0.6775727] 2.5709178 0.93898225 0.8478786 1.1362655
[4180, 0.5161836, 0.9918579, 4.9093423, 0.52075845] 2.7709894 0.9980671 0.85004526 0.9800589
[4181, 0.54514956, 0.9804564, 5.9423504, 0.70237976] 2.4530482 1.085816 0.9814395 1.1637657
[4182, 0.37200958, 1.1129508, 3.4615324, 0.76086724] 2.9463012 1.0260131 0.9707389 1.0375118
[4183, 0.47931203, 1.0309579, 4.4152126, 0.44820738] 2.6068847 0.9508266 0.88804144 1.3437562
[4184, 0.4979387, 1.1181998, 2.202599, 0.7682435] 3.3743563 0.92926735 0.84007555 0.95825315
[4185, 0.48090854, 1.0210478, 6.0152144, 0.7245776] 2.4780195 1.0127481 0.9149261 1.1841195
[4186, 0.5413147, 1.0178301, 5.5198994, 0.44985738] 2.6892204 1.0097166 0.8107008 0.9457006
[4187, 0.49354535, 1.0105015, 3.9849503, 0.5810765] 2.7879803 1.0132035 0.8040466 1.2047442
[4188, 0.43574882, 0.9873109, 8.0524645, 0.875176] 2.5449967 0.7826565 0.869309 1.1497486
[4189, 0.55366105, 1.000337, 4.91626, 0.6565424] 2.6164365 1.0041802 0.9119789 1.2365069
[4190, 0.46388796, 1.0224607, 4.901481, 0.49379653] 2.7477887 0.9770213 0.8054488 0.9865486
[4191, 0.53346646, 1.0112485, 3.9887018, 0.5908643] 2.919799 0.9687045 0.79724795 1.0675026
[4192, 0.37224662, 1.0412679, 6.754891, 0.8905768] 2.463947 1.0050863 1.0224129 0.9971732
[4193, 0.5331967, 0.97595835, 6.5716205, 0.74269015] 2.5999808 1.0058572 0.7484993 1.0129887
[4194, 0.54313, 0.9685453, 5.280556, 0.47270152] 2.6435018 1.0909479 0.7361781 1.0293659
[4195, 0.61161244, 0.841033, 7.299086, 0.50459516] 2.5168695 0.98256546 0.7659799 1.059027
[4196, 0.6164401, 0.73908216, 6.9576707, 0.5840958] 2.346556 0.9350263 0.9707791 1.0777444
[4197, 0.4374432, 1.0479143, 6.8007894, 0.7584043] 2.5912857 0.8344775 0.9314075 1.1870131
[4198, 0.51741487, 0.9927018, 4.3912907, 0.5496228] 2.833298 0.9622738 0.88364786 0.89880204
[4199, 0.48815024, 1.0075741, 4.9709873, 0.6770442] 2.6231484 1.0979239 0.8000297 1.1310577
[4200, 0.6035256, 0.8149642, 8.399783, 0.6677186] 2.385346 1.0169276 0.90481627 1.0334855
[4201, 0.53626645, 0.8085129, 8.420629, 0.8056431] 2.2765946 1.0173494 0.93870026 1.1257174
[4202, 0.5127603, 0.98301905, 6.0285583, 0.9573893] 2.543231 1.0493793 0.8486139 1.0415156
[4203, 0.48553535, 1.048872, 4.66549, 0.6377332] 2.7652335 0.9142298 0.8275735 1.0651498
[4204, 0.49133402, 1.019842, 5.5055146, 0.4832326] 2.766134 0.9345615 0.8390018 0.8456133
[4205, 0.57659376, 0.95031136, 3.1019385, 0.8483829] 2.9488692 0.9452482 0.8914916 1.1274012
[4206, 0.5000698, 0.9956351, 3.4517035, 0.637245] 2.8401878 1.0007495 0.8522593 1.2175516
[4207, 0.503046, 1.0359211, 5.2247777, 0.7727118] 2.552779 0.91387564 0.916597 1.2314335
[4208, 0.5813594, 0.69608074, 5.231014, 0.49449947] 2.3239477 1.010937 0.8026744 1.0141677
[4209, 0.50991833, 0.9816977, 5.4737678, 0.59713155] 2.4932284 0.88177925 0.89926124 1.2684295
[4210, 0.52237505, 1.0134926, 4.805535, 0.7681284] 2.809035 0.8471576 0.933357 1.0924367
[4211, 0.59364456, 0.8502605, 6.0863533, 0.53142804] 2.5278673 0.9642311 0.77624136 1.0256122
[4212, 0.42839304, 0.7758009, 5.2921576, 0.43296084] 2.3787706 0.91274405 0.84917474 1.035449
[4213, 0.47781736, 1.0376998, 5.5639215, 0.6647355] 2.7560792 0.9028804 0.7983737 1.1030684
[4214, 0.44550407, 0.8509871, 7.2102485, 0.69716597] 2.5007727 0.9787364 0.7854203 0.8614598
[4215, 0.5129094, 1.0141829, 4.567212, 0.6026062] 2.7269282 1.0198189 0.85425615 1.0458974
[4216, 0.49893373, 1.0188856, 4.2889476, 0.48829114] 2.7122192 0.8868194 0.84707445 1.2048022
[4217, 0.42284566, 1.0681698, 6.12271, 0.714368] 2.664527 0.92575693 0.92820096 0.95109886
[4218, 0.62950015, 0.8065626, 7.909366, 0.6619673] 2.5311947 1.0695895 0.7116898 0.9399392
[4219, 0.56304306, 0.9526362, 5.448123, 0.6542339] 2.6599038 0.88310575 0.7096502 1.1304749
[4220, 0.45679337, 1.0268322, 6.1457953, 0.8377123] 2.538212 1.016081 1.0245023 0.9169475
[4221, 0.57651824, 0.96023965, 5.045248, 0.34579384] 2.4886916 1.0677441 0.86293584 1.2811162
[4222, 0.5409767, 0.85673153, 7.316291, 0.8145075] 2.3898015 0.9617234 0.8396522 1.1473373
[4223, 0.5812371, 0.9692334, 4.9249873, 0.5168856] 2.6983118 0.9081283 0.82436883 1.2349064
[4224, 0.48816666, 0.7561588, 5.180302, 0.4315782] 2.204851 0.86204 1.0633047 1.1525301
[4225, 0.5399102, 0.97659045, 3.4145546, 0.69228095] 2.9544637 1.0069364 0.7166844 1.0739064
[4226, 0.5414675, 1.0124617, 5.461357, 0.6636738] 2.6883566 0.85309803 0.8194584 1.2035476
[4227, 0.45756334, 1.0028999, 6.538863, 0.7259677] 2.6731305 0.8826585 0.7680971 0.93984514
[4228, 0.45732865, 1.0683465, 3.487477, 0.86657727] 2.9077446 0.90394384 0.9288275 1.0063361
[4229, 0.48176658, 0.7816893, 6.480631, 0.55108863] 2.2850842 0.9713308 0.85677946 1.1842399
[4230, 0.48808214, 1.0075997, 4.5087934, 0.5312968] 2.7351835 0.9146181 0.800809 1.193797
[4231, 0.42396212, 0.9859823, 7.809243, 0.7668445] 2.4599278 0.9666284 0.91508174 1.0632094
[4232, 0.58889675, 0.92574495, 3.9809492, 0.6240233] 2.8030887 0.97725075 0.8387749 1.1756021
[4233, 0.3749798, 1.089745, 4.6818957, 0.4250442] 2.6548645 1.100713 0.8643605 1.1175044
[4234, 0.56446606, 0.8801739, 7.3009534, 0.6931717] 2.34578 0.921875 0.90080506 1.3113939
[4235, 0.456821, 1.028416, 4.7204995, 0.46598768] 2.754681 0.90437424 0.75654304 1.1818106
[4236, 0.5679622, 0.9669738, 4.8134317, 0.57757634] 2.728619 0.9152401 0.85562027 1.1981481
[4237, 0.48144758, 0.8486814, 6.3864446, 0.46983403] 2.2808514 0.95109 0.93250066 1.1780031
[4238, 0.5733528, 0.92524076, 5.266326, 0.63385135] 2.4569147 1.1163759 0.953827 1.022173
[4239, 0.47035962, 1.0022348, 6.378548, 0.7320989] 2.4099114 0.928181 0.92328715 1.2701664
[4240, 0.49667463, 1.021677, 4.4267926, 0.69802064] 2.7389379 0.9855734 0.87320966 1.0738611
[4241, 0.3944403, 0.9698016, 6.876642, 0.9897393] 2.3592212 0.9939702 0.9646987 1.1426508
[4242, 0.47280094, 1.0154305, 5.2314777, 0.4799119] 2.7587838 0.85285014 0.8498437 1.0583755
[4243, 0.5919296, 0.77231765, 6.0617394, 0.9027456] 2.3761265 0.8686146 0.93938404 1.041885
[4244, 0.5297352, 0.685828, 4.510173, 0.6335588] 2.277769 0.8792376 0.8997083 1.069548
[4245, 0.50373757, 0.88144225, 8.249062, 0.95636976] 2.3888304 0.8601715 0.9690817 1.1458211
[4246, 0.499096, 1.0346985, 4.309528, 0.49728763] 2.8328898 1.0908375 0.75134736 0.95172626
[4247, 0.47442827, 0.8581902, 6.5691915, 0.49278817] 2.2594588 1.0824902 0.99741155 1.1108589
[4248, 0.4490652, 1.0050865, 5.677098, 0.56937087] 2.4225063 0.88769156 1.0892074 1.1069858
[4249, 0.5640638, 0.71890664, 5.1675243, 0.4014947] 2.2605577 0.86873204 0.96840405 1.1356869
[4250, 0.5192411, 0.84128726, 7.0737057, 0.89078677] 2.2952402 0.89113706 0.92573565 1.2775601
[4251, 0.6170715, 0.60378647, 4.401218, 0.6420338] 2.2413726 0.9754162 0.8867249 1.0166668
[4252, 0.52427185, 0.98486346, 4.3327665, 0.4521061] 2.7250702 0.97291654 0.7585452 1.214596
[4253, 0.50761443, 1.0005023, 5.5871396, 0.6234421] 2.6796007 0.99114543 0.7847672 1.0879614
[4254, 0.5707256, 0.86495143, 8.024251, 0.86615366] 2.4329727 0.9839566 0.9424896 1.0249531
[4255, 0.46109524, 1.0359794, 5.795724, 0.53826284] 2.684125 0.9455992 0.83406436 1.001229
[4256, 0.5399853, 0.98192513, 5.457345, 0.8569204] 2.6573944 0.8212651 0.7872177 1.1346904
[4257, 0.50456506, 0.9758354, 6.697813, 0.761085] 2.5712423 0.9274263 0.796051 1.0809836
[4258, 0.4743825, 1.0035727, 6.3010235, 0.812326] 2.544844 0.9389528 0.9033634 1.0114068
[4259, 0.5070807, 0.88168544, 8.07701, 0.9796135] 2.530546 0.9298704 0.89282405 0.9637499
[4260, 0.52540773, 0.8591248, 8.844751, 0.8089773] 2.3765485 1.0608033 0.84449315 1.0524225
[4261, 0.49868554, 1.0139085, 5.7984214, 0.6433201] 2.6509998 1.0945162 0.83850354 0.9909454
[4262, 0.41462958, 0.7719289, 5.033809, 0.72864175] 2.3868134 0.88512504 0.8679183 0.9749579
[4263, 0.5684134, 0.88661313, 6.3908124, 0.64883214] 2.5158226 1.0529284 0.8087829 0.9682826
[4264, 0.5191131, 1.0239302, 5.6301856, 0.77233243] 2.5807252 0.92576754 0.91672975 1.1710502
[4265, 0.44095287, 0.92911047, 7.558832, 0.72485775] 2.4249024 0.85254 0.91817546 1.130407
[4266, 0.47733098, 1.0315531, 4.961408, 0.52627045] 2.6560469 0.8724518 0.92413014 1.1016788
[4267, 0.56069666, 0.62784016, 4.397482, 0.46691805] 2.020168 0.9548265 1.0219563 1.3112355
[4268, 0.5529833, 0.9753823, 4.235165, 0.55647284] 2.810639 0.9171918 0.92777425 1.0644234
[4269, 0.4607277, 1.0449182, 4.9572487, 0.484598] 2.54095 0.9989545 0.95812845 1.2257191
[4270, 0.60928154, 0.77247024, 7.990997, 0.78165305] 2.3400035 0.8944026 0.9301205 1.1819078
[4271, 0.48949248, 0.63873345, 4.2861776, 0.5800252] 2.1180618 0.90040016 1.0169458 1.1177233
[4272, 0.549603, 0.95412177, 6.4916697, 0.6819985] 2.6691756 0.9162395 0.84111506 0.96912825
[4273, 0.50868815, 1.0191568, 4.421362, 0.38543248] 2.677078 1.1006799 0.93015623 0.99999726
[4274, 0.53981346, 0.8161014, 7.81838, 0.56882966] 2.17182 0.9623208 0.99438435 1.3676281
[4275, 0.5253335, 0.88948226, 8.372774, 0.75720185] 2.6201012 0.9398233 0.8172699 0.818641
[4276, 0.5353264, 0.650329, 3.9810321, 0.6027798] 2.2023354 0.9884758 0.96072835 0.94127864
[4277, 0.48144916, 0.8681005, 7.2398586, 0.67044276] 2.4590776 0.9192305 0.9481576 0.97960657
[4278, 0.5241392, 0.9938656, 5.119186, 0.40329275] 2.7111816 0.88504344 0.82214093 1.2046133
[4279, 0.4466743, 1.0374656, 6.102966, 0.8567906] 2.5244255 0.9730255 0.874935 1.1187464
[4280, 0.353755, 1.0732996, 7.107979, 0.80965084] 2.3684525 1.0351738 1.0253793 1.1397945
[4281, 0.47775292, 1.0191143, 5.3828783, 0.6652487] 2.619341 0.8622625 0.84675026 1.0769203
[4282, 0.43662006, 1.0648962, 5.330102, 0.884351] 2.5928214 0.96069735 0.9441837 1.0197861
[4283, 0.5519561, 0.8987027, 7.4926286, 0.43171987] 2.2528 1.1577196 0.97993255 1.2312751
[4284, 0.5351902, 1.0141137, 4.7868724, 0.5705726] 2.8400095 0.9372453 0.9197335 0.9312162
[4285, 0.48064137, 1.020925, 5.9934993, 0.5788135] 2.704869 0.9561192 0.7898271 0.9930986
[4286, 0.49450105, 0.85658246, 7.2864165, 0.5625429] 2.3261063 1.0278711 0.9506517 1.0683957
[4287, 0.54658914, 0.95869714, 5.529096, 0.7220751] 2.4730263 0.9873784 1.0076182 1.1078389
[4288, 0.5469956, 1.0081278, 4.753911, 0.7041971] 2.6841986 0.9632273 0.9643799 1.1019933
[4289, 0.5996761, 0.7291939, 5.9282527, 0.6519727] 2.358684 1.103858 0.66134024 1.0513926
[4290, 0.4687683, 1.0376945, 5.924489, 0.6719835] 2.522039 1.0220976 0.8951396 1.1720259
[4291, 0.5381083, 0.9337874, 7.164566, 0.61837465] 2.4287617 1.0121206 0.81368726 1.1948202
[4292, 0.5297926, 0.96548325, 6.180189, 0.59453106] 2.5156076 1.1082277 0.8789944 0.96117055
[4293, 0.5248389, 0.9018783, 6.1925287, 0.69197166] 2.520127 0.95268476 0.9127782 0.9944397
[4294, 0.47367144, 1.0248502, 5.536079, 0.80425376] 2.6424677 0.94190544 0.87851447 0.98796
[4295, 0.46015802, 1.0351101, 5.252151, 0.5195508] 2.743592 0.955575 0.9223041 1.0337493
[4296, 0.48205107, 1.0352577, 5.0945544, 0.5773857] 2.7083123 0.97066814 0.92688966 1.0886576
[4297, 0.5704791, 0.64373815, 4.679839, 0.51235396] 2.2260294 0.8866193 1.0570687 0.9540122
[4298, 0.67961, 0.82265073, 4.9081388, 0.597307] 2.6884394 1.0330791 0.7948446 1.0952638
[4299, 0.4738094, 1.0375698, 5.093906, 0.90427864] 2.6393414 1.0073062 0.86637944 0.98428744
[4300, 0.45269972, 1.0260878, 4.34883, 0.39906022] 2.6278815 1.0520127 0.92924637 1.0564138
[4301, 0.44382247, 1.0164472, 6.2267976, 0.5504011] 2.500046 0.8934042 0.8803205 1.2392172
[4302, 0.47177684, 1.0334876, 6.465847, 0.7297747] 2.6226366 0.8993087 0.8590645 1.0759296
[4303, 0.5884855, 0.6240937, 5.019919, 0.4848515] 2.1793187 0.87456584 0.84674054 1.2531053
[4304, 0.53894496, 0.8224952, 7.671348, 0.60489666] 2.2835417 1.0648257 0.912206 1.1260892
[4305, 0.43835655, 1.0341402, 6.0399837, 0.8708419] 2.6091902 0.9886704 0.87879217 1.0062884
[4306, 0.50839823, 1.0198416, 4.450681, 0.83940315] 2.69279 0.96685255 0.7813777 1.1136826
[4307, 0.46763322, 1.0325569, 3.150361, 0.8051044] 3.1280077 0.9061276 0.7875171 1.0132006
[4308, 0.49834305, 0.99509555, 6.3447385, 0.7617732] 2.5542884 1.0167044 0.7560737 1.0794727
[4309, 0.5278572, 0.9199475, 7.201239, 0.9412363] 2.5395794 0.95111036 0.8495409 1.0125909
[4310, 0.4514922, 1.0413173, 4.9803753, 0.5716601] 2.7181518 1.0184884 0.921068 0.91387624
[4311, 0.55169994, 0.978751, 4.3192725, 0.8291047] 2.6802733 0.9159341 0.9083391 1.2436929
[4312, 0.51739705, 1.0036894, 5.880739, 0.7032766] 2.595637 0.99071515 0.92933846 1.0278199
[4313, 0.47274765, 0.70354027, 5.0769606, 0.35286427] 2.242504 0.9458881 0.9338686 0.93898827
[4314, 0.6178935, 0.9252106, 4.388193, 0.7360199] 2.7236345 0.93395716 0.8782204 1.2382596
[4315, 0.5398463, 0.9465374, 6.960723, 0.67814916] 2.3600776 0.9546697 0.8785593 1.3446641
[4316, 0.592149, 0.82633513, 7.3168464, 0.9659472] 2.40078 0.88669753 0.8578231 1.2626243
[4317, 0.468182, 1.0441805, 5.254316, 0.6051353] 2.7531643 0.9372338 0.9069644 0.99428016
[4318, 0.53617483, 0.93786234, 7.1683254, 0.6490793] 2.4187658 0.88524306 0.90715736 1.2890954
[4319, 0.57508427, 0.7235893, 5.4873166, 0.4004852] 2.2673 1.0024494 0.90371865 1.1425054
[4320, 0.56764233, 0.67223907, 5.136979, 0.53681964] 2.1516485 0.99736506 0.8765873 1.2231117
[4321, 0.57955205, 0.95811856, 4.835896, 0.50955194] 2.614484 1.0192411 0.85258144 1.2256976
[4322, 0.5012212, 0.8905706, 8.023873, 0.72949564] 2.3456848 1.072491 0.8613314 1.1478591
[4323, 0.49001196, 1.0506158, 4.620513, 0.7386806] 2.5876598 1.1645175 0.8840637 1.1917202
[4324, 0.5111051, 1.0130394, 4.9771414, 0.5776286] 2.6411796 1.0507346 0.9586035 1.1412479
[4325, 0.50741583, 1.0142158, 4.7679353, 0.37457967] 2.7387629 0.87593096 0.6697399 1.2978151
[4326, 0.572857, 0.7900708, 6.6610727, 0.58785486] 2.2157738 1.0220166 0.8252096 1.3490388
[4327, 0.45294964, 1.0154444, 5.0974975, 0.4114457] 2.691442 0.9304128 0.8416026 1.1487113
[4328, 0.5342278, 1.0106834, 4.5776234, 0.468692] 2.7984068 0.83357996 0.9286182 0.9519303
[4329, 0.57032084, 0.95129913, 3.6777236, 0.7760299] 2.8763838 1.0110137 0.9720491 1.0103152
[4330, 0.44206664, 0.9277625, 6.8083925, 0.5276457] 2.502044 1.0240173 0.89983326 0.914482
[4331, 0.5151066, 0.9887121, 5.220595, 0.96358365] 2.683656 0.9732374 0.78016895 0.93583876
[4332, 0.520593, 1.0104356, 6.074959, 0.7484231] 2.6446333 0.9999608 0.85160154 1.0089412
[4333, 0.55924726, 0.9917801, 3.8705397, 0.7331624] 2.76873 0.82291716 0.9101341 1.3061877
[4334, 0.44940802, 0.9254516, 7.2408304, 0.7288449] 2.3950028 1.0081087 0.9900381 1.0262871
[4335, 0.57897216, 0.9906119, 3.5456977, 0.6567791] 2.9211314 0.9318832 0.955281 1.1382663
[4336, 0.685273, 0.72559035, 7.154722, 0.40629593] 2.2031872 0.99012977 1.0430877 1.2289535
[4337, 0.5164107, 0.9742701, 6.185397, 0.9355076] 2.444156 1.0215434 0.8931588 1.1289884
[4338, 0.5971716, 0.815271, 7.6857967, 0.7273745] 2.4072106 1.0366013 0.83170563 1.071607
[4339, 0.49010542, 0.7559372, 4.918667, 0.4180326] 2.144036 1.004132 1.0476651 1.1288645
[4340, 0.55443335, 0.8800409, 7.5526586, 0.75967973] 2.3506243 0.9338054 0.91276526 1.3238283
[4341, 0.6229956, 0.85068655, 6.7229247, 0.6798125] 2.3659208 1.0074744 0.7999472 1.30906
[4342, 0.45604208, 1.017199, 6.274902, 0.88341844] 2.5618205 0.8925706 0.9750747 1.1474017
[4343, 0.5674888, 0.6088524, 4.5659137, 0.38133496] 2.2035463 0.9695488 0.9547998 1.0508559
[4344, 0.4827194, 1.0113819, 5.314764, 0.73604697] 2.627117 0.9488356 0.8011101 1.162085
[4345, 0.61560977, 0.90804094, 3.8956485, 0.4795437] 2.8589945 0.83471555 0.7254543 1.2298112
[4346, 0.55386645, 0.817884, 6.587089, 0.8379357] 2.3834062 0.85004485 0.8854273 1.1910504
[4347, 0.4507014, 0.97674173, 5.3448954, 0.53697634] 2.533995 1.015928 0.79766387 1.0278478
[4348, 0.41891643, 1.0714471, 4.0984554, 0.56218845] 2.6601226 1.0718298 0.9807582 1.0915956
[4349, 0.44230697, 0.9862744, 7.705864, 0.7716825] 2.474034 0.98308 0.8447915 1.1346614
[4350, 0.62334484, 0.8000764, 7.575098, 0.5554229] 2.2715197 1.043789 0.81756663 1.3135633
[4351, 0.6104099, 0.8791238, 6.51282, 0.73062426] 2.437894 0.9948862 0.8517994 1.2303606
[4352, 0.5064587, 0.93416125, 8.012362, 0.70870775] 2.5494676 1.0241277 0.80824924 0.9217766
[4353, 0.5328637, 0.7148968, 5.119938, 0.49555075] 2.2809265 1.0822359 0.7333907 1.0813328
[4354, 0.5167679, 0.98642695, 3.812102, 0.51971895] 2.8566027 1.0170975 0.8309555 0.9271474
[4355, 0.4245525, 1.0473436, 5.7298727, 0.989694] 2.5959053 0.9500145 0.82419777 0.9898288
[4356, 0.40578052, 0.82251275, 6.3758516, 0.49282673] 2.4174519 1.0056239 0.8092326 0.9695462
[4357, 0.6227635, 0.6902772, 6.096497, 0.38982666] 2.3010967 0.89564556 0.8278475 1.2245725
[4358, 0.57874304, 0.89297783, 8.0407, 0.56285703] 2.511206 0.9377407 0.7807221 1.0957023
[4359, 0.4723304, 0.6178027, 4.154845, 0.70187235] 2.0359328 0.8911681 0.9626402 1.2082946
[4360, 0.49158552, 0.8648506, 7.6273875, 0.6684893] 2.29315 1.0868409 0.9214411 1.1190958
[4361, 0.6080685, 0.9670919, 2.8218396, 0.6752591] 2.9873326 1.1416407 0.8244134 1.1035331
[4362, 0.4668454, 0.922274, 7.6171346, 0.6532742] 2.3376734 0.9705576 0.9433599 1.2295151
[4363, 0.6782436, 0.635223, 4.42478, 0.46025595] 2.2791932 0.9642751 0.8624184 1.1036537
[4364, 0.54504687, 1.0056562, 4.6892557, 0.47612205] 2.8088226 0.9251654 0.85870934 0.9751993
[4365, 0.42649198, 1.0580109, 4.2787304, 0.41838217] 2.7205014 1.0521923 0.82322633 1.0455984
[4366, 0.40191948, 1.0777729, 5.665807, 0.44121748] 2.625436 1.0378287 0.8508195 1.0360303
[4367, 0.45177096, 1.0465549, 4.3259473, 0.39615762] 2.8349473 0.8745548 0.7607776 1.0780025
[4368, 0.4915299, 0.97790027, 5.984252, 0.6176262] 2.4822624 0.95022976 0.8429865 1.1769214
[4369, 0.55917764, 0.96194375, 3.930216, 0.57913387] 2.7743974 1.0884693 0.8755101 0.94951904
[4370, 0.57939076, 0.78194755, 8.991718, 0.9445936] 2.3953447 0.8758048 0.87090474 1.1561278
[4371, 0.4465175, 1.0236781, 5.4042206, 0.67323416] 2.2964308 1.0836508 0.9984943 1.2990625
[4372, 0.5280374, 0.9527989, 7.726685, 0.6822067] 2.4577904 0.94459563 0.91897607 1.1510018
[4373, 0.47165412, 1.0455554, 5.9524875, 0.6992399] 2.5577912 0.921388 0.90179265 1.2158121
[4374, 0.5228107, 0.9564781, 7.113828, 0.6791054] 2.5505269 0.85734844 0.76624155 1.2585936
[4375, 0.56333196, 0.96053976, 3.998933, 0.4819058] 2.986022 1.082906 0.7973628 0.8124924
[4376, 0.4937535, 0.9940818, 5.820189, 0.7471213] 2.567832 0.75362223 0.8742204 1.2378274
[4377, 0.4032101, 1.0620764, 5.593303, 0.75183266] 2.5376933 0.8143026 0.96511495 1.1861721
[4378, 0.4451274, 1.048231, 4.961278, 0.53519213] 2.7122748 0.9793253 0.73413914 1.176396
[4379, 0.5764418, 0.85937154, 6.6178985, 0.6299185] 2.379736 0.99045223 0.8061415 1.2643963
[4380, 0.52750975, 0.98622733, 6.1870894, 0.90839016] 2.633555 0.92463386 0.7271468 1.1172757
[4381, 0.4019313, 1.0499669, 6.760179, 0.6621331] 2.4627547 1.1003045 1.0240555 0.9447072
[4382, 0.61191916, 0.68078005, 4.4718633, 0.4490381] 2.3154767 0.90550876 0.9569478 1.0221186
[4383, 0.5212797, 1.0128914, 5.952013, 0.7460138] 2.648538 0.9056073 1.0015332 1.0520492
[4384, 0.45818317, 1.05505, 6.501932, 0.70159376] 2.723701 0.81439584 0.98474574 0.9170207
[4385, 0.3899221, 1.0577276, 4.026698, 0.54937446] 2.7000802 0.9694148 0.9343624 1.0666136
[4386, 0.50383943, 0.93347955, 6.583717, 0.8795085] 2.491165 0.8638126 0.97155553 1.0866228
[4387, 0.4906304, 1.0075085, 5.595029, 0.53862107] 2.620075 0.9689936 0.8933282 1.1023147
[4388, 0.3844761, 1.0675331, 4.6148605, 0.57651216] 2.6258905 0.8893133 0.9173342 1.151981
[4389, 0.4952148, 0.95641124, 6.253844, 0.816451] 2.380551 0.9752712 0.90048176 1.2677605
[4390, 0.49961072, 0.9425056, 7.9240656, 0.99951535] 2.479321 0.93971795 0.8405698 1.1077412
[4391, 0.46745473, 0.9721481, 7.369482, 0.64671993] 2.5314262 0.99780375 0.9246465 0.97327536
[4392, 0.5475617, 0.9833405, 3.8852808, 0.49765098] 2.9108093 0.9287383 0.8087539 0.99362415
[4393, 0.6873603, 0.7073326, 7.5240993, 0.3982532] 2.3819041 1.0922734 0.8859301 0.95868456
[4394, 0.5250981, 0.80796105, 5.1063643, 0.8878788] 2.3957667 1.0237609 0.894421 0.9750457
[4395, 0.4746527, 1.0748335, 5.3287716, 0.40611464] 2.6144383 1.0783246 0.7634703 1.1542505
[4396, 0.5491113, 0.91159046, 5.6075115, 0.6775051] 2.520017 0.9481032 0.826886 1.116368
[4397, 0.51094246, 0.99704784, 4.770676, 0.5836814] 2.8045335 0.9773187 0.7678281 1.1090338
[4398, 0.60955787, 0.93224496, 3.816357, 0.72209334] 2.9496427 0.9421127 0.9079339 0.84533715
[4399, 0.63496476, 0.7061321, 5.7297416, 0.39288846] 2.40781 1.0044576 0.915082 0.94712526
[4400, 0.4168474, 1.0251051, 6.6183763, 0.9027585] 2.447653 1.0219041 0.9431707 1.0722313
[4401, 0.54424304, 0.9723389, 5.035706, 0.49346784] 2.6737902 0.9068609 0.6783033 1.1438575
[4402, 0.48988575, 1.0458089, 5.0790453, 0.8156436] 2.5548716 1.0210918 0.88001406 1.2485505
[4403, 0.58026886, 0.6551773, 4.8632326, 0.5481568] 2.3206425 0.859677 0.83344966 1.077953
[4404, 0.48654824, 1.0327982, 5.45945, 0.61796063] 2.546175 1.0322175 0.8637173 1.0862036
[4405, 0.5193218, 1.0196904, 5.18603, 0.6949856] 2.5765262 0.83542323 0.9726526 1.3635173
[4406, 0.43787947, 1.0366971, 5.541069, 0.80386674] 2.5752897 1.006046 0.87934816 1.0489154
[4407, 0.5310161, 0.98794603, 5.89894, 0.6913108] 2.7248695 0.7779173 0.80144393 1.070645
[4408, 0.44839793, 0.6993046, 4.4946365, 0.4735809] 2.1850908 0.93968403 1.0350248 1.0559679
[4409, 0.5825193, 0.95630604, 5.380269, 0.53552496] 2.6163208 0.96886545 0.87712926 1.3745661
[4410, 0.54240865, 0.9923096, 3.2127054, 0.5690837] 2.9463801 0.92528003 0.9654983 1.0909837
[4411, 0.52554095, 0.8825576, 8.728997, 0.8894967] 2.3703256 1.0539716 0.8980935 1.0509139
[4412, 0.40266284, 1.0527518, 5.923339, 0.5603354] 2.7211857 0.8041298 0.8292851 0.9652469
[4413, 0.5557387, 0.8451218, 7.5145345, 0.5843197] 2.3713272 0.9620194 0.7998034 1.2288759
[4414, 0.48155445, 1.0451711, 4.207279, 0.6086217] 2.7215528 0.9822357 0.84810233 1.1906191
[4415, 0.5011734, 1.0334929, 3.8365164, 0.9450623] 2.839435 1.0603635 0.81771314 1.12199
[4416, 0.4324493, 1.0719441, 4.297681, 0.7859913] 2.834306 1.0284698 0.8743264 1.0605673
[4417, 0.5408825, 0.8026886, 7.8163548, 0.5258207] 2.27893 0.9436698 1.0136992 1.165264
[4418, 0.4252558, 1.0178076, 7.5542636, 0.6725175] 2.4937825 1.067229 0.8739552 1.0073576
[4419, 0.3824063, 1.0828111, 4.7711473, 0.45051527] 2.6017816 1.0986837 0.8607226 1.2088133
[4420, 0.3366145, 1.0708237, 5.7528143, 0.5791028] 2.5872607 1.0457788 0.8778895 1.0249614
[4421, 0.43168128, 1.0620818, 3.93741, 0.5905728] 2.8239625 0.96842307 0.8789522 1.0427098
[4422, 0.42887416, 1.0052567, 5.602857, 0.3917786] 2.6330585 1.0552958 0.7835418 0.9031653
[4423, 0.23905908, 1.1278328, 5.6059947, 0.541007] 2.5693426 0.9532295 0.8736364 1.1012068
[4424, 0.5166722, 1.010392, 6.1589594, 0.722031] 2.6004536 1.0330642 0.8743031 1.0261644
[4425, 0.5817266, 0.7674522, 6.8382845, 0.682305] 2.3100576 0.9406187 0.96604246 1.1033181
[4426, 0.64183354, 0.9116121, 3.8498874, 0.80508137] 2.745339 1.0284718 0.8650564 1.1340822
[4427, 0.5417725, 1.0073111, 3.618265, 0.6539061] 2.8764477 1.0025524 0.93095005 0.9876039
[4428, 0.5187399, 0.99882007, 4.4518785, 0.48453096] 2.6820076 0.96205324 0.8623148 1.1828133
[4429, 0.47980422, 1.0210991, 4.713736, 0.51417565] 2.8124785 0.7788665 0.7305596 1.1166779
[4430, 0.5552756, 0.97382444, 4.8658595, 0.5180597] 2.5548034 0.99024504 0.82642543 1.2014714
[4431, 0.37123778, 1.0852612, 5.409139, 0.9139741] 2.593775 0.9079882 0.94114447 1.0582949
[4432, 0.57740283, 0.82560533, 7.6854696, 0.6683964] 2.265087 1.0903684 0.96402997 1.1609694
[4433, 0.48149163, 1.0398338, 3.8838866, 0.5410485] 2.7829423 0.967822 0.8478136 1.2594415
[4434, 0.51598597, 0.983321, 6.611243, 0.8615086] 2.463091 0.90046406 1.0948236 1.1197312
[4435, 0.4383026, 1.0414187, 5.931855, 0.9539831] 2.557024 0.97845316 0.96135336 0.98529726
[4436, 0.5435207, 0.8052367, 7.5564833, 0.66453964] 2.3134124 0.96125424 1.0165737 1.0896982
[4437, 0.48406377, 0.7740532, 5.059992, 0.84159005] 2.464724 0.8474316 0.8587953 0.9262101
[4438, 0.57768947, 0.9383491, 4.114121, 0.46833315] 2.7359803 0.8779909 0.87508 1.2376347
[4439, 0.5221412, 0.9572766, 6.8669376, 0.7098304] 2.4959447 1.0246067 0.92533463 0.9680664
[4440, 0.3785064, 1.0856636, 5.285287, 0.8728069] 2.6023867 1.0250812 0.9719269 1.0539604
[4441, 0.6066873, 0.6456954, 5.5646653, 0.40514776] 2.0292714 0.97779083 1.1202923 1.2608682
[4442, 0.49204406, 1.0095575, 4.0424867, 0.6114368] 2.9162745 0.81498563 0.80810875 1.0502479
[4443, 0.5105228, 1.0222309, 3.9441948, 0.8128478] 2.808268 1.0267518 0.90299773 1.109686
[4444, 0.5589624, 0.96289104, 4.5495167, 0.45044732] 2.6321425 1.0510145 0.8961578 1.175942
[4445, 0.5233626, 0.80141884, 6.2965174, 0.6277369] 2.4598851 0.9750146 0.77892715 0.9381613
[4446, 0.5098076, 1.0082796, 5.7409596, 0.5459551] 2.547099 1.0403816 0.8673346 1.1040696
[4447, 0.43313414, 1.0671786, 4.3052363, 0.43744677] 2.7606874 0.91164225 0.7821526 1.19388
[4448, 0.51287335, 0.9805446, 4.596246, 0.48286724] 2.8972502 0.83633405 0.86350805 0.99258274
[4449, 0.45992035, 1.0308332, 5.1280913, 0.50702375] 2.7393486 0.9509826 0.93646795 0.9810384
[4450, 0.47676262, 1.0313904, 5.072313, 0.70358497] 2.6113803 0.96410036 0.89292186 1.0040299
[4451, 0.29521617, 1.1460749, 5.635309, 0.65903455] 2.6823337 0.9404971 0.93321705 1.0506049
[4452, 0.48462263, 0.97595984, 7.5089326, 0.69709647] 2.4913127 1.0343592 0.8897957 0.9764291
[4453, 0.49051875, 1.0164747, 4.8588576, 0.50727814] 2.6584728 1.0216167 0.8038588 1.172514
[4454, 0.47244534, 0.98377585, 7.2941823, 0.81245536] 2.4690232 0.90154874 0.81515145 1.2832408
[4455, 0.49747783, 0.9854439, 5.841674, 0.6845454] 2.562535 0.8818234 0.8816314 1.2296749
[4456, 0.4440158, 1.0515469, 4.4422607, 0.7532253] 2.7425125 1.0902175 0.9085678 0.9981386
[4457, 0.4961615, 1.0139946, 5.390853, 0.6331131] 2.450137 0.9042898 1.0479009 1.3510139
[4458, 0.3585199, 1.0675619, 4.9801393, 0.70823765] 2.6432567 1.1035675 0.8404726 1.0855049
[4459, 0.5703101, 0.96176726, 5.4528303, 0.9032372] 2.4522495 1.0694275 0.91238433 1.1319423
[4460, 0.49308196, 1.0320511, 4.6208935, 0.6165198] 2.7730792 0.8415069 0.9065004 1.1280184
[4461, 0.38408902, 1.0835967, 4.378829, 0.44858992] 2.8053145 1.0145472 0.8403188 1.0502514
[4462, 0.5329097, 0.8319155, 8.562631, 0.50166667] 2.253909 0.9946026 0.99291253 1.20318
[4463, 0.5424225, 0.9925554, 5.9568377, 0.7617464] 2.6757157 0.9112925 0.90151215 0.9510835
[4464, 0.45050094, 0.973997, 6.6076107, 0.7229667] 2.5305264 0.87807137 0.85248613 1.1177729
[4465, 0.4278408, 1.0085866, 6.56143, 0.7793492] 2.4364636 0.94323885 1.0054911 1.1144502
[4466, 0.46260813, 1.0384715, 4.4437513, 0.5950239] 2.6923618 1.0243979 0.8296572 1.1091924
[4467, 0.5032373, 0.9984492, 5.6667576, 0.77804154] 2.3853905 1.1094576 0.85715693 1.2856051
[4468, 0.47724685, 0.92973477, 7.796348, 0.51542264] 2.4609604 0.9616818 0.9711505 0.98042184
[4469, 0.5396345, 0.99385774, 2.52485, 0.8472966] 3.085229 1.0195624 0.8736566 1.0690598
[4470, 0.58598953, 0.9284762, 4.281901, 0.40577245] 3.0536213 0.811074 0.62179005 0.9599732
[4471, 0.5028873, 1.0117189, 5.0178437, 0.5276319] 2.8345163 0.89685094 0.8603104 0.95312417
[4472, 0.507481, 1.0174593, 4.457823, 0.49984398] 2.6917334 0.99020654 0.9361457 1.2249831
[4473, 0.6239829, 0.9331924, 4.127111, 0.427124] 2.766014 0.9120364 0.7955186 1.2346102
[4474, 0.52435124, 0.9930367, 4.4408965, 0.6101291] 2.7254052 1.0421673 0.7474035 1.0505028
[4475, 0.53422934, 0.9148697, 6.3353367, 0.8322217] 2.4448931 0.96736455 0.84211034 1.1199995
[4476, 0.535214, 0.7170962, 4.5920143, 0.43465206] 2.3790617 0.92750484 0.90376854 0.9405218
[4477, 0.6320228, 0.76359993, 7.105718, 0.6533075] 2.395419 0.8762293 0.8129254 1.2267404
[4478, 0.51862884, 0.9909014, 4.9035153, 0.6958392] 2.721493 0.9893198 0.8588359 1.2101221
[4479, 0.512712, 0.9712807, 7.141984, 0.6520431] 2.611118 1.0277634 0.7978018 0.9393491
[4480, 0.67585313, 0.5886062, 5.3309093, 0.40599614] 2.1664517 1.1303167 0.881853 1.0082729
[4481, 0.4906046, 1.0215561, 4.729669, 0.5373421] 2.6278045 0.9206278 0.84775007 1.1606562
[4482, 0.40049708, 1.0594888, 4.136817, 0.4357178] 2.8615837 1.036576 0.7932535 0.9398823
[4483, 0.6118631, 0.94388103, 4.8369236, 0.61276275] 2.6765592 0.92622256 1.0626485 1.1227399
[4484, 0.52345586, 0.8281921, 7.217021, 0.7504019] 2.2086735 1.0008656 0.98600966 1.223064
[4485, 0.6097609, 0.639093, 4.752406, 0.7229052] 2.2996264 0.947325 0.90936345 0.92685676
[4486, 0.43938458, 1.0437019, 5.6259866, 0.49644643] 2.6122625 1.0087242 0.8201808 1.1169637
[4487, 0.6498938, 0.6060235, 5.585437, 0.48519126] 2.2555616 1.0568495 0.85659206 0.9220527
[4488, 0.5105633, 0.9987653, 5.410378, 0.6451092] 2.4024289 0.99624324 0.93037987 1.30979
[4489, 0.42478058, 1.0666064, 4.200387, 0.59109807] 2.7175927 1.0000048 0.880823 1.1086379
[4490, 0.50733453, 0.896545, 7.7703085, 0.965622] 2.487864 1.0143688 0.8280428 1.0326457
[4491, 0.60207057, 0.62975556, 4.4991655, 0.4906298] 2.0973659 1.0181104 0.9246728 1.2228984
[4492, 0.46219796, 1.0233076, 6.99048, 0.72691756] 2.5804663 1.0173928 0.84745824 1.0058348
[4493, 0.47480825, 1.0370424, 5.951813, 0.69175375] 2.6456783 0.9791842 0.81873846 1.0997527
[4494, 0.48746404, 1.0344058, 4.9018846, 0.5747786] 2.6842544 0.78232425 0.8234438 1.259044
[4495, 0.47144482, 1.0203043, 6.2831216, 0.6594467] 2.544798 0.9632177 0.8723869 1.1901544
[4496, 0.527683, 0.9875957, 3.885741, 0.5440626] 2.7473228 0.97668844 0.9080687 1.0627465
[4497, 0.47054687, 1.0116844, 5.4077272, 0.6958967] 2.4850016 1.0378491 0.85288155 1.1691986
[4498, 0.5943385, 0.86631775, 6.9721437, 0.40800598] 2.340615 1.0300721 0.9181294 1.2043064
[4499, 0.5353079, 0.96505946, 5.806723, 0.97893524] 2.4841144 0.9006991 0.8096018 1.3106288
[4500, 0.5677509, 0.9559587, 5.070527, 0.4305755] 2.567448 0.95747733 0.793739 1.2566627
[4501, 0.40589392, 1.0619577, 4.8832235, 0.4314879] 2.7488756 0.9242641 0.6995705 1.1412001
[4502, 0.6061777, 0.79791117, 6.7699523, 0.70453876] 2.4503891 0.99753076 0.87294257 0.94435954
[4503, 0.55257326, 0.9075995, 6.528124, 0.8196625] 2.5294118 1.0340426 0.75761884 1.0603347
[4504, 0.44974834, 1.0542773, 5.4065294, 0.7956569] 2.6085887 0.9233155 0.98229027 1.1240817
[4505, 0.48303205, 1.008932, 4.56537, 0.6780979] 2.863741 1.0419836 0.81671023 0.7774725
[4506, 0.45969635, 0.8793897, 7.126838, 0.39546663] 2.4036574 0.9580194 0.7909664 1.1582563
[4507, 0.5152682, 1.0152446, 5.137892, 0.40764302] 2.7689865 1.0442693 0.7584491 1.075433
[4508, 0.36312744, 1.0799502, 6.335564, 0.97287565] 2.4752543 1.0380834 0.9288703 1.1381336
[4509, 0.4240489, 1.0505531, 5.131802, 0.57771224] 2.6516697 1.1036041 0.8010747 1.0871727
[4510, 0.54417723, 0.93192697, 6.378967, 0.7174908] 2.4581103 1.0663161 0.82258916 1.0914924
[4511, 0.37222192, 0.8409702, 5.027592, 0.58935535] 2.3576334 0.92621577 0.8880336 1.0042179
[4512, 0.4269015, 1.0573008, 4.475544, 0.6520065] 2.8317132 0.9001698 0.8573423 1.117262
[4513, 0.43653503, 1.025286, 6.0304523, 0.7712136] 2.5862162 0.87190175 0.92083585 1.0317346
[4514, 0.48584867, 1.0372614, 5.981495, 0.8042373] 2.6364427 1.0389606 0.76899034 1.0281786
[4515, 0.54087514, 0.9536568, 6.779245, 0.4906816] 2.4955637 1.0458214 0.8456711 1.0868955
[4516, 0.39165035, 0.9925405, 6.55162, 0.4961179] 2.403468 0.9216604 0.99386346 1.1901844
[4517, 0.38156715, 0.99727654, 7.757487, 0.8391316] 2.5299022 0.9134643 0.922821 0.957465
[4518, 0.57821834, 0.8480978, 7.5354905, 0.6199945] 2.433794 1.0210786 0.8150839 1.107079
[4519, 0.43334693, 1.046142, 6.195853, 0.725656] 2.5554242 1.1117029 0.94780624 0.99403256
[4520, 0.6113234, 0.77259356, 8.515592, 0.6926752] 2.3617742 1.0549759 0.8863035 1.0062782
[4521, 0.5225444, 0.99593765, 4.935151, 0.33539793] 2.5850601 0.8813391 0.7234221 1.2949862
[4522, 0.41028222, 1.0809896, 4.1394186, 0.44343626] 2.829291 0.91063267 0.83003616 1.0285984
[4523, 0.34778437, 0.9791106, 7.964428, 0.67442286] 2.3927367 0.9673979 0.99059856 1.0964211
[4524, 0.5703336, 0.94857144, 4.2660756, 0.36473215] 2.7392209 0.9538483 0.8522142 1.1447531
[4525, 0.5082578, 1.0480126, 5.4509983, 0.46556625] 2.6992164 1.0420359 0.90452504 0.9497552
[4526, 0.55412334, 0.87907857, 6.994024, 0.92794883] 2.5343738 0.94460726 0.7727826 1.0148488
[4527, 0.5172836, 0.9325772, 6.5851984, 0.7818459] 2.4920166 0.89959234 0.80546457 1.2216665
[4528, 0.53560895, 0.8350908, 7.6712956, 0.6929097] 2.31576 1.0256479 0.89577657 1.09955
[4529, 0.5548051, 0.9689826, 7.0524087, 0.8343766] 2.6371937 1.0245229 0.70009726 0.99659044
[4530, 0.4788555, 1.039268, 4.9852543, 0.42569512] 2.666239 0.9265531 0.80781996 1.189999
[4531, 0.5400959, 0.9830567, 4.387804, 0.5449625] 2.7737885 0.9882159 0.760752 1.0979342
[4532, 0.48725107, 1.0127751, 4.607251, 0.4779444] 2.7466476 0.95547146 0.831634 1.1414204
[4533, 0.4649898, 1.0149128, 6.2545176, 0.9538638] 2.5524106 1.066941 0.96616894 0.89539117
[4534, 0.4681506, 0.8423595, 6.3537307, 0.59360963] 2.5274827 0.95687777 0.720378 0.9064541
[4535, 0.5712805, 0.78607756, 6.136938, 0.72482955] 2.3656633 0.878713 0.9693034 1.1316619
[4536, 0.4599618, 1.0138159, 5.0719924, 0.7897434] 2.5412974 0.85923064 0.8916325 1.1655223
[4537, 0.48708397, 1.020231, 4.7823634, 0.65798765] 2.711187 0.8362023 1.0233549 1.0877463
[4538, 0.6031514, 0.9361329, 6.7416005, 0.72408396] 2.5312452 0.91365016 0.85746783 1.1880096
[4539, 0.42438874, 1.0669969, 5.348853, 0.6052465] 2.629001 1.0062735 0.96042615 0.9693212
[4540, 0.5423504, 0.91055584, 5.783094, 0.7046838] 2.5533977 0.88693064 0.8608267 1.087746
[4541, 0.5613066, 0.9780914, 5.838184, 0.8352437] 2.5570564 0.960896 0.86927336 1.1106619
[4542, 0.4362513, 0.9740411, 7.8165674, 0.9762641] 2.517719 0.77933025 0.8308282 1.184746
[4543, 0.43435365, 0.9504154, 9.040558, 0.66801745] 2.401092 0.877086 1.0182114 1.1176363
[4544, 0.5214888, 0.7310531, 4.689004, 0.5893312] 2.2466238 0.99410033 0.7801343 1.1475933
[4545, 0.55413824, 0.86122435, 6.1302633, 0.6740752] 2.3781023 0.96556723 0.8553584 1.2633921
[4546, 0.4888206, 0.9273054, 7.966524, 0.6410336] 2.463343 1.0265332 0.83346033 0.9815916
[4547, 0.5181539, 0.9974746, 5.208169, 0.47293222] 2.6944342 1.0312555 0.84534913 0.9893561
[4548, 0.40507784, 0.99786896, 7.9081645, 0.94487864] 2.2861588 1.0958607 1.0662414 1.1088494
[4549, 0.48293623, 1.0031178, 5.794499, 0.61621684] 2.4602304 1.0095572 0.9951938 1.070635
[4550, 0.57497483, 0.68838805, 5.3882427, 0.5902183] 2.3058248 1.0143028 0.8218449 1.0283965
[4551, 0.41848788, 0.796498, 5.8115487, 0.49536246] 2.3226702 0.8703687 0.91472363 1.1029831
[4552, 0.5145911, 0.9653399, 6.3819246, 0.69843674] 2.350033 1.0763488 1.0183078 1.1894695
[4553, 0.5141947, 1.0018482, 4.228953, 0.47903895] 2.8886433 1.0822155 0.81325394 0.79977894
[4554, 0.4393618, 1.0417477, 6.8924437, 0.6370089] 2.4340692 0.8136097 1.0405167 1.2394589
[4555, 0.5115524, 0.99747497, 4.342062, 0.770741] 2.8463016 0.9584898 0.8641857 1.1144259
[4556, 0.60131556, 0.9153295, 3.0207474, 0.60965836] 2.9775074 0.958835 0.8142093 1.1913204
[4557, 0.45831746, 1.0226431, 6.1995053, 0.7040064] 2.5641162 0.8737381 0.9497578 1.0457127
[4558, 0.40881333, 0.7066052, 4.668556, 0.79266125] 2.324183 0.81425637 0.7250613 1.0790392
[4559, 0.5508602, 0.9865121, 4.7809944, 0.36055708] 2.713394 0.94212013 0.87511826 1.0725114
[4560, 0.45823583, 0.6656054, 4.208379, 0.6238493] 2.2049603 0.8011924 0.82134235 1.2254652
[4561, 0.4701951, 1.0185571, 4.2808504, 0.45020375] 2.8013377 1.0069569 0.8418765 1.020076
[4562, 0.38444996, 0.71739084, 5.015221, 0.45091525] 2.2025466 0.8492022 0.9423927 1.1579486
[4563, 0.44034708, 1.027969, 6.5891438, 0.83360255] 2.5189495 0.96693945 0.9125301 1.0750587
[4564, 0.51833576, 0.9083492, 7.9979067, 0.701263] 2.3236425 0.96280056 0.9190062 1.2979661
[4565, 0.52521646, 0.7948386, 6.409868, 0.7150696] 2.333588 0.79046386 0.9287362 1.2291163
[4566, 0.43376073, 0.90545267, 7.5752993, 0.5727791] 2.4896154 0.9465808 0.91180986 0.9463049
[4567, 0.5299165, 0.79331326, 5.8180633, 0.69244576] 2.3051434 1.0269964 0.92004204 1.0596824
[4568, 0.5467158, 0.8269095, 6.853702, 0.68455136] 2.3193212 0.9477286 0.99539167 1.1046154
[4569, 0.50747615, 1.0308927, 3.7647693, 0.44438097] 2.8069608 1.108525 0.81018686 1.0442067
[4570, 0.58683217, 0.9376204, 6.6771197, 0.5206588] 2.599248 0.92043394 0.70329756 1.1609212
[4571, 0.640346, 0.57101446, 4.288131, 0.39112663] 2.161782 1.0368096 1.1548762 0.81902725
[4572, 0.63298076, 0.77084357, 6.723582, 0.5049332] 2.5035994 1.0003021 0.7704394 0.8965541
[4573, 0.6013325, 0.9115052, 5.214707, 0.5520358] 2.5506926 0.98407406 0.8929185 1.1449882
[4574, 0.53785616, 0.89164823, 7.7651443, 0.6645581] 2.5357995 0.8115476 0.8187203 1.1249856
[4575, 0.4953167, 0.9941353, 5.8832197, 0.71245426] 2.4195528 1.0157491 0.8792864 1.2535849
[4576, 0.5103441, 0.59556335, 4.061475, 0.63215464] 2.0801094 0.98623705 0.97625524 1.0600312
[4577, 0.51675713, 0.89803576, 7.1713395, 0.6738901] 2.2847846 1.0246665 0.9935419 1.2338239
[4578, 0.5280737, 0.7412752, 5.064434, 0.7696077] 2.183655 0.9514661 0.94088197 1.2166864
[4579, 0.5031815, 0.70800704, 5.0406456, 0.45012674] 2.2469194 1.056242 0.996297 0.94344705
[4580, 0.5711384, 0.70351684, 5.021147, 0.5363704] 2.3404021 1.0448285 0.905482 0.9168732
[4581, 0.48927182, 0.91705805, 7.9349246, 0.5934295] 2.4857206 0.9324765 0.97558767 0.9247136
[4582, 0.49949872, 0.9745197, 7.0928326, 0.62781996] 2.6277351 0.926837 0.73175013 1.085431
[4583, 0.4309997, 0.9266367, 8.458937, 0.672162] 2.5441458 0.8443398 0.83382815 1.0508066
[4584, 0.50587994, 0.9898165, 6.1714764, 0.69948506] 2.6208637 0.8999483 0.86841244 1.0822843
[4585, 0.56252533, 0.8150587, 7.042967, 0.58412355] 2.402507 0.956312 0.849993 1.1152042
[4586, 0.6122996, 0.74476933, 7.36222, 0.37853265] 2.4641843 1.0570533 0.78122324 0.9060609
[4587, 0.6105831, 0.7720531, 7.197706, 0.52898794] 2.367187 1.130763 0.93493956 0.9182218
[4588, 0.5423915, 0.9652433, 4.62339, 0.55589527] 2.7431448 1.0118107 0.8079651 1.1387367
[4589, 0.60741234, 0.7256775, 6.9634194, 0.615212] 2.4284546 0.78582203 0.90362877 1.1154742
[4590, 0.5323358, 0.9963711, 5.1208735, 0.6195686] 2.6143756 1.0230979 0.9548129 1.1466916
[4591, 0.50682795, 0.7323317, 5.426374, 0.4681692] 2.2171412 0.9931278 0.9547285 1.0981423
[4592, 0.52034634, 1.0247607, 3.7412333, 0.7070514] 2.783744 0.93940634 0.95786196 1.172776
[4593, 0.48254982, 0.8445955, 7.8262744, 0.6194659] 2.324172 0.9971992 1.0046505 1.0664072
[4594, 0.60749644, 0.9424575, 5.014962, 0.5519044] 2.6681125 0.9588304 0.8413238 1.1338087
[4595, 0.5512252, 0.97306657, 5.3830066, 0.64876765] 2.4686375 1.0022355 1.0374482 1.2193862
[4596, 0.53600574, 0.96290493, 5.0567145, 0.7963091] 2.5759954 0.9514343 0.8233184 1.0367376
[4597, 0.41479796, 1.0976515, 5.8171763, 0.9898236] 2.6261287 1.0066524 0.8485059 1.0948526
[4598, 0.49172252, 0.93136466, 6.7599177, 0.56133765] 2.3889613 1.1957055 0.9025816 0.96357775
[4599, 0.5218531, 0.92394084, 6.0389633, 0.774027] 2.5446577 0.92036575 0.8629372 1.0595728
[4600, 0.48049223, 0.65849084, 4.03208, 0.44806516] 2.1230311 0.94443035 1.0813559 1.0712734
[4601, 0.5271725, 0.8757135, 6.8061123, 0.5636789] 2.4167194 0.87831634 0.95453554 1.1095175
[4602, 0.6489802, 0.8369045, 6.9579077, 0.8846255] 2.4748225 1.0880876 0.77703583 1.1031748
[4603, 0.54464275, 1.0065095, 4.07077, 0.64641154] 2.789467 0.9381881 0.913091 1.1583802
[4604, 0.65786225, 0.7371568, 7.9704103, 0.70732063] 2.3289278 0.9571964 0.9500591 1.1095966
[4605, 0.48856455, 1.0235213, 4.0439367, 0.61662984] 2.7587545 0.943322 0.9196727 1.1935538
[4606, 0.5204955, 0.9790165, 5.89109, 0.84799284] 2.5930128 1.0417671 0.8034099 1.0092559
[4607, 0.39446706, 1.0927925, 4.1401944, 0.71723545] 2.8020172 0.78868175 0.9396284 1.1680776
[4608, 0.45366982, 1.0261222, 5.1108947, 0.36981514] 2.7374392 1.0685838 0.74961805 1.0098614
[4609, 0.6260135, 0.69504553, 6.3511963, 0.641372] 2.2416291 1.1607817 0.9120783 1.0486958
[4610, 0.47875592, 0.82152736, 5.7423577, 0.67304224] 2.3723574 0.7917435 0.8544281 1.2348366
[4611, 0.4371087, 0.9455322, 8.030224, 0.6109406] 2.5462177 0.771704 0.98942524 0.99761117
[4612, 0.53351665, 0.990053, 6.0481067, 0.6697886] 2.5327444 1.0180429 0.83259064 1.1080025
[4613, 0.48825118, 1.0127687, 6.3172774, 0.6696812] 2.63093 0.8090812 0.85129255 1.0723653
[4614, 0.43322173, 1.0012722, 7.7007585, 0.8324724] 2.5335438 0.9005892 0.8456774 1.080672
[4615, 0.56856084, 0.9755972, 2.9869072, 0.81924564] 3.078724 0.9124184 0.7997342 1.1005492
[4616, 0.47782412, 0.9560313, 7.014513, 0.78556144] 2.5220296 0.970245 0.7724198 1.1133903
[4617, 0.6217864, 0.8225736, 8.188605, 0.6628439] 2.4139059 1.0294263 0.7973217 1.1357521
[4618, 0.5355822, 1.011266, 4.5161757, 0.5570468] 2.8728662 0.88798517 0.86332834 0.9639178
[4619, 0.58655673, 0.7676365, 6.178607, 0.62013096] 2.2465703 0.93276393 0.9857089 1.2941598
[4620, 0.5052582, 1.0195538, 5.850362, 0.60504085] 2.6596315 0.96447647 0.9311547 0.9834179
[4621, 0.48598826, 1.0018806, 7.1616907, 0.95519596] 2.4434583 1.0324079 0.9611408 1.0955373
[4622, 0.47954524, 1.0250604, 5.9167457, 0.7580621] 2.6519842 0.93955845 0.79637253 1.0437906
[4623, 0.4923467, 0.9171331, 7.121672, 0.7528803] 2.5081165 1.0063261 0.8720134 0.94450724
[4624, 0.5449974, 0.93262684, 7.3265853, 0.77690727] 2.4123847 0.9008846 0.8702802 1.3409945
[4625, 0.55158615, 0.9400575, 6.0381045, 0.9428377] 2.3475664 1.0488721 0.96300805 1.2481716
[4626, 0.5196123, 0.9138614, 7.313664, 0.59796757] 2.5566072 0.947217 0.8810681 0.9316856
[4627, 0.5341277, 0.98576456, 6.316327, 0.5953285] 2.5806081 0.9498608 0.74850935 1.1129891
[4628, 0.48494035, 1.020812, 4.8898864, 0.64544433] 2.6332245 1.0179534 1.0125161 1.0145589
[4629, 0.5388902, 1.0058795, 5.1125765, 0.5201836] 2.7118266 1.0361255 0.7631179 1.0052742
[4630, 0.51696146, 1.0468318, 3.4559073, 0.7154289] 2.9432352 0.93933237 0.8569212 1.1538742
[4631, 0.40776023, 0.6820335, 4.216723, 0.656978] 2.250374 0.84367496 0.86752146 1.1045394
[4632, 0.47570577, 1.0527263, 4.2421737, 0.59461546] 2.699284 1.2026608 0.8474724 1.0621532
[4633, 0.3439344, 1.099592, 4.4046392, 0.6174652] 2.698854 0.9850625 0.9076035 1.1639289
[4634, 0.6504449, 0.6785302, 5.382143, 0.6321127] 2.3358347 0.94136924 0.8448905 1.125
[4635, 0.49578848, 1.0032014, 6.0824704, 0.8007092] 2.4650278 0.8310711 0.9877519 1.3122311
[4636, 0.510482, 0.9943333, 4.091958, 0.58594054] 2.8754344 1.034008 0.7752532 1.053624
[4637, 0.50681525, 0.9495569, 7.4681883, 0.5498172] 2.5740354 0.9449602 0.84345585 0.8760047
[4638, 0.48669472, 0.9090596, 9.037468, 0.92606574] 2.3983128 1.0123991 0.9315593 1.0457292
[4639, 0.5993527, 0.94547284, 4.381122, 0.43092215] 2.7254565 0.9334357 0.8915726 1.0517589
[4640, 0.48863932, 1.0208248, 5.264231, 0.7898734] 2.5160782 1.0073013 0.954864 1.1134925
[4641, 0.5167315, 0.8202462, 6.883115, 0.6173291] 2.542896 0.82859564 0.7963732 0.9578696
[4642, 0.51303524, 1.011688, 3.7700257, 0.5569042] 2.833744 1.0558507 0.8168928 1.134616
[4643, 0.5485489, 0.8452294, 6.152089, 0.66645247] 2.484893 1.034175 0.840365 0.9451408
[4644, 0.4470293, 1.0416118, 7.0396996, 0.6138314] 2.5250487 0.9976326 0.9488554 1.1129419
[4645, 0.5509451, 0.9828399, 5.1219363, 0.5477463] 2.6729906 0.9100374 0.71351683 1.2302841
[4646, 0.45305893, 1.0374318, 5.974798, 0.9132418] 2.50039 0.91538316 0.96872777 1.162779
[4647, 0.61115575, 0.8984456, 6.1574264, 0.48519692] 2.4233403 1.0272379 0.84196526 1.2733549
[4648, 0.5936745, 0.9284536, 4.2380595, 0.45757058] 2.7640834 0.9403844 0.77205974 1.0690501
[4649, 0.5149861, 0.9774672, 7.153291, 0.7903072] 2.6113634 0.91387475 0.856296 1.0168957
[4650, 0.5987436, 0.6801118, 5.3188877, 0.7340868] 2.3262389 0.8996949 0.8224315 1.1012347
[4651, 0.49862024, 1.0244542, 3.3936179, 0.5285634] 2.9995384 1.0079466 0.6171681 1.0674025
[4652, 0.43084612, 1.0768089, 4.8300524, 0.6001482] 2.8201683 0.9193929 0.89614826 0.9453479
[4653, 0.50487846, 1.0337403, 3.972283, 0.48532528] 2.77986 1.0228983 0.7374424 1.225365
[4654, 0.47301438, 1.0215493, 5.9721203, 0.6000195] 2.4550107 0.98823285 0.8447319 1.2553457
[4655, 0.4953067, 0.99915844, 4.2784166, 0.40934116] 2.7663772 1.1260968 0.7995614 0.97820735
[4656, 0.5465094, 0.9878023, 5.3124833, 0.50336105] 2.6210918 1.107035 0.68182516 1.0817994
[4657, 0.5417252, 0.7371433, 5.2688375, 0.7625752] 2.2789903 0.94617146 0.8148873 1.1792814
[4658, 0.46261975, 0.8264498, 6.366433, 0.710584] 2.3371758 0.9620399 0.92814523 1.1123779
[4659, 0.42977482, 1.0354998, 6.442705, 0.96343184] 2.576182 1.018067 0.894612 0.9510679
[4660, 0.5119929, 0.99033165, 6.786208, 0.8487678] 2.4286907 1.1181571 0.9228076 1.1519933
[4661, 0.67525786, 0.633349, 5.50074, 0.65857553] 2.4220045 0.8563275 0.8393782 1.0281384
[4662, 0.5998019, 0.95941895, 3.7903452, 0.64805984] 2.9346955 0.9227064 0.77014464 1.1663154
[4663, 0.47752935, 1.0322665, 5.1368356, 0.5074613] 2.6060972 0.96085197 0.77800685 1.1706098
[4664, 0.49190733, 1.036368, 3.3685982, 0.7957628] 2.989743 0.9695321 0.79664254 1.0627775
[4665, 0.5795259, 0.7052741, 5.860911, 0.55662006] 2.3218353 0.95228535 0.94834954 1.0244879
[4666, 0.53909725, 0.91835386, 7.2831535, 0.6069584] 2.469114 1.1178774 0.80445516 1.0669993
[4667, 0.5144941, 0.9960201, 5.3328896, 0.70856875] 2.4599817 1.0426497 0.9372028 1.112032
[4668, 0.57428217, 0.962352, 5.5487294, 0.8328479] 2.5690873 0.96888626 0.7958555 1.1010182
[4669, 0.53160995, 0.98402745, 4.14584, 0.53658265] 2.8003356 0.923704 0.8639392 1.1340941
[4670, 0.49267143, 1.0153059, 5.7580295, 0.5152497] 2.765464 0.88310874 0.82999367 0.9606618
[4671, 0.4891265, 0.99803925, 6.56397, 0.7680291] 2.3529303 1.0811105 1.0036091 1.1863993
[4672, 0.5568272, 0.75447875, 5.923606, 0.4935384] 2.2384262 1.0621277 0.87684274 1.1428068
[4673, 0.5029247, 0.85443664, 7.736095, 0.6922384] 2.3841338 0.9536357 0.8210111 1.1509335
[4674, 0.4234341, 1.0919538, 5.474956, 0.5483333] 2.6800406 0.93294317 0.860395 1.0270414
[4675, 0.50465363, 0.97334284, 6.860374, 0.77675784] 2.5985854 0.85137016 0.7379623 1.1225399
[4676, 0.44945645, 1.0644139, 4.9417725, 0.4918449] 2.787996 0.9086104 0.8041483 0.96357733
[4677, 0.517075, 0.9739884, 4.9393206, 0.51533383] 2.675984 1.1062133 0.7403878 1.0476549
[4678, 0.55572265, 0.7743118, 5.7077966, 0.7201405] 2.3404791 0.8678209 0.8842215 1.2052851
[4679, 0.40271798, 1.0962018, 5.8145165, 0.64912903] 2.4424896 0.9624426 0.9794003 1.2814039
[4680, 0.45144656, 0.8007861, 6.658636, 0.48934582] 2.4153242 0.9096652 0.8944131 0.9649748
[4681, 0.5746597, 0.9339717, 3.8713841, 0.48090315] 2.7499049 1.0139395 0.7844255 1.1721939
[4682, 0.56883895, 0.97686046, 4.029607, 0.59160435] 2.9180405 0.75968504 0.94615316 1.1673893
[4683, 0.5382605, 0.90334874, 7.3944297, 0.5630389] 2.4901917 0.9793682 0.8159162 1.0755931
[4684, 0.4927226, 0.87801546, 7.3634105, 0.72365195] 2.3110116 1.0168762 0.9431673 1.1667441
[4685, 0.3529073, 1.0770115, 4.042774, 0.63161546] 2.860595 0.967685 0.8656807 1.0242711
[4686, 0.52997386, 0.97641367, 4.4182425, 0.5252374] 2.7836413 0.8744102 0.88861924 1.0501245
[4687, 0.57429206, 0.96553737, 3.265335, 0.5258392] 3.0136027 0.90523255 0.7881445 1.0403922
[4688, 0.38967577, 1.0841129, 5.5428967, 0.59201926] 2.5824583 1.001743 0.9465508 1.0208389
[4689, 0.5762234, 0.8804286, 7.6382613, 0.57062685] 2.5828712 0.95654815 0.806795 0.93996966
[4690, 0.4256443, 1.0365716, 5.2037797, 0.7142961] 2.6163313 1.003493 0.82255775 1.0221922
[4691, 0.41789362, 1.0633523, 5.244208, 0.55217075] 2.744169 0.8637902 0.82699704 0.9590463
[4692, 0.503404, 1.0127412, 5.632158, 0.7657991] 2.5536547 1.0270462 0.8647347 1.0773586
[4693, 0.4813929, 1.0494123, 3.8252122, 0.700176] 2.76093 1.1120445 0.88962466 1.0511794
[4694, 0.51743215, 0.8908056, 8.673256, 0.4672356] 2.4405499 1.0005578 0.8370815 1.065234
[4695, 0.4321231, 0.8982889, 8.651383, 0.7299747] 2.3489997 0.983303 0.8444596 1.202974
[4696, 0.58254737, 0.87403387, 7.837894, 0.7440995] 2.343211 1.1228 0.84072065 1.178346
[4697, 0.5890129, 0.84642404, 7.810995, 0.78875107] 2.3975885 0.93414944 0.87491924 1.2348458
[4698, 0.5691859, 0.97739536, 3.8592043, 0.5644832] 2.749609 1.2077382 0.81026304 1.0359751
[4699, 0.48652992, 1.0337771, 5.6420445, 0.58768255] 2.565817 1.0532463 0.9409681 0.9497521
[4700, 0.5428036, 0.78581035, 5.1017723, 0.8358502] 2.3607726 0.9830965 0.713018 1.2326396
[4701, 0.5501291, 0.965195, 4.3645988, 0.43333626] 2.756347 1.1259838 0.7654037 1.0189618
[4702, 0.5259522, 0.6774619, 5.085385, 0.604346] 2.2244637 0.958684 0.9135626 1.0770683
[4703, 0.4484126, 0.9162178, 8.4012575, 0.61626226] 2.4049618 1.0746825 0.92381525 0.9167903
[4704, 0.41432056, 0.95380414, 7.118607, 0.8475699] 2.365109 1.0401742 1.0787698 0.962502
[4705, 0.4015075, 1.0505787, 4.8689537, 0.5487028] 2.6950345 0.95722884 0.8395196 1.0120989
[4706, 0.42530113, 1.0257734, 5.4323983, 0.5774117] 2.607847 0.97845113 0.76987773 1.126236
[4707, 0.32621685, 1.1098605, 3.9011521, 0.7527796] 2.7724624 1.0667394 0.82562286 0.973585
[4708, 0.5547709, 0.95723444, 5.420114, 0.50693154] 2.5124328 1.1720679 0.8600547 1.1352017
[4709, 0.54338795, 0.8780578, 7.755123, 0.88247865] 2.4099662 1.0199544 0.8608228 1.0847427
[4710, 0.44123352, 0.9279055, 7.147638, 0.7837497] 2.3879461 0.9102333 0.9193849 1.1304545
[4711, 0.5541997, 0.87200165, 7.670464, 0.5510843] 2.5215914 0.9555643 0.6842809 1.10707
[4712, 0.5496374, 0.9912472, 4.3038654, 0.8730094] 2.7407427 0.87143695 1.006216 1.1889194
[4713, 0.6205703, 0.8093669, 6.638278, 0.5219384] 2.3769276 0.8504205 0.9645214 1.258087
[4714, 0.44008684, 0.9917328, 5.836829, 0.5471056] 2.5873833 1.0079627 0.78288853 0.9822689
[4715, 0.51026034, 0.86565405, 9.0276, 0.8856506] 2.4087508 0.9842817 0.8947605 1.0771698
[4716, 0.5706449, 0.8487894, 7.2831516, 0.66130346] 2.3893623 1.0675445 0.80437005 1.1608369
[4717, 0.4795253, 1.0204817, 6.512285, 0.73887444] 2.4951603 1.0246874 0.8628618 1.1053298
[4718, 0.5587353, 0.95092434, 4.9645495, 0.46571422] 2.5430439 1.0104598 0.7852707 1.211305
[4719, 0.48906887, 1.0258, 4.9987674, 0.44791213] 2.6254246 0.92757684 0.8588255 1.1257991
[4720, 0.5368473, 0.9845634, 5.090009, 0.57017833] 2.550017 0.9579185 0.8346964 1.2492982
[4721, 0.5399033, 0.98812664, 4.3163676, 0.470547] 2.7258625 0.8936586 0.86524755 1.1959028
[4722, 0.54213727, 0.9588624, 5.7628736, 0.8254301] 2.5532737 0.9004741 0.8860831 1.1425949
[4723, 0.5055157, 1.012154, 6.6993766, 0.76906556] 2.6091561 1.1426853 0.7938394 0.94737726
[4724, 0.48353693, 1.0155396, 5.508765, 0.7865362] 2.5956368 1.0618516 0.8067696 1.0778741
[4725, 0.58185345, 0.6532808, 4.4827538, 0.3996037] 2.1440978 0.9605968 0.98543906 1.1997706
[4726, 0.44262603, 1.0320034, 4.7093177, 0.9373332] 2.6795447 0.8964733 0.83165014 1.1652089
[4727, 0.53143394, 0.98939383, 5.441269, 0.73581296] 2.7122781 0.9319164 0.81858534 1.0759082
[4728, 0.5664341, 0.64097786, 3.8094468, 0.9804134] 2.2782028 0.9922409 0.78537214 0.971436
[4729, 0.5865895, 0.71126723, 5.230503, 0.50791544] 2.4072843 0.99818873 0.6635279 1.039934
[4730, 0.4924984, 0.99740756, 4.8016906, 0.63428426] 2.7975616 0.9356723 0.84324217 0.93154395
[4731, 0.42108575, 1.063669, 6.4836454, 0.75637245] 2.582901 1.0069594 0.8614358 1.0614346
[4732, 0.47792032, 1.0423865, 5.233964, 0.5229005] 2.7794785 0.85125077 0.8176078 1.1580201
[4733, 0.45563668, 0.92401165, 8.186806, 0.8792264] 2.3725345 0.9449295 0.9445911 1.1573409
[4734, 0.42140314, 0.8317532, 5.735332, 0.59595263] 2.4401593 0.9417333 0.82757205 0.9776696
[4735, 0.5296775, 0.98129183, 5.456278, 0.6691934] 2.5328326 0.83457863 0.92450887 1.317178
[4736, 0.4742625, 0.98635525, 7.702853, 0.78439224] 2.6811757 0.9367508 0.82649153 0.84674466
[4737, 0.5145834, 1.0096619, 4.170875, 0.48061702] 2.708334 1.0570216 0.9764853 1.0595002
[4738, 0.5550725, 0.96293366, 4.7545857, 0.5456786] 2.8253663 0.9093885 0.87524897 0.957021
[4739, 0.6587778, 0.86840796, 2.6618173, 0.73066515] 2.8668795 1.100654 0.9648691 1.2483068
[4740, 0.5098145, 0.9899207, 4.2230473, 0.45699382] 2.7635593 1.1589838 0.7177862 1.0336664
[4741, 0.534405, 0.81858593, 7.623776, 0.39452246] 2.378646 1.0147636 0.9001973 1.0415955
[4742, 0.5842113, 0.67989576, 4.7256937, 0.57123613] 2.2164977 1.0441275 0.9006694 1.0589896
[4743, 0.4734641, 1.0121626, 6.533045, 0.9280113] 2.6108117 0.876785 0.9116217 1.0919657
[4744, 0.53966755, 0.96184564, 4.0600967, 0.31200874] 2.853641 0.88091815 0.75801253 1.1013924
[4745, 0.5306679, 0.9272279, 7.622045, 0.9817262] 2.4002802 0.8574441 0.9263129 1.2503337
[4746, 0.72261035, 0.61388135, 5.5507407, 0.55671537] 2.2852767 1.1092951 0.7601526 1.0722424
[4747, 0.4883748, 1.0154048, 4.920271, 0.8460335] 2.5638723 0.9757074 0.9342869 1.1929334
[4748, 0.50442266, 1.0017668, 4.8501925, 0.59400934] 2.8944669 0.7674691 0.66659623 0.90939367
[4749, 0.50397205, 0.97421485, 6.1220574, 0.45130938] 2.5239763 1.006735 0.8879641 1.0163351
[4750, 0.5566628, 0.9986581, 4.97163, 0.6727849] 2.687126 0.8121484 0.8980677 1.1839669
[4751, 0.5437003, 0.89580995, 7.482175, 0.9295207] 2.52848 0.85053205 0.8690268 1.0713702
[4752, 0.5109729, 0.6906923, 4.658079, 0.3848128] 2.1292863 0.9749256 1.008124 1.1674969
[4753, 0.5773076, 0.9457154, 3.984222, 0.70555234] 2.8934374 1.0722643 0.7906389 1.0241604
[4754, 0.54052866, 0.9915, 2.5097466, 0.5672263] 2.9808176 1.0693086 0.9900813 1.144804
[4755, 0.4803287, 0.9514811, 7.0851197, 0.88093185] 2.5613418 0.9293806 0.84127194 0.9786117
[4756, 0.5076205, 1.0262855, 4.5273685, 0.9632955] 2.6770115 1.019247 0.75045484 1.0334525
[4757, 0.5820032, 0.7212645, 5.0783343, 0.50613475] 2.1994183 1.0769708 0.95998037 1.1037943
[4758, 0.57670456, 0.9535301, 3.7708259, 0.69076777] 2.6923025 0.9223838 0.90665805 1.3204304
[4759, 0.5463116, 0.93700093, 6.0474114, 0.56892884] 2.5932784 1.1340696 0.6704656 1.012362
[4760, 0.5336728, 0.68096834, 4.109658, 0.71012187] 2.1510365 0.8953244 0.98794436 1.2144749
[4761, 0.47368032, 1.0384654, 5.1655173, 0.44763386] 2.7577422 1.0519791 0.79995817 0.8846871
[4762, 0.4361768, 1.0230049, 3.7886398, 0.6543436] 2.8653152 1.0030777 0.89385027 0.98995394
[4763, 0.5974228, 0.66360044, 5.2979665, 0.50083387] 2.1979928 1.0515034 0.969051 1.045015
[4764, 0.5254627, 1.0425377, 2.9233615, 0.6359802] 3.001796 0.9798853 0.825662 1.1620579
[4765, 0.5106799, 0.967422, 5.831772, 0.65104985] 2.4128482 1.0469396 0.9140167 1.1495147
[4766, 0.40321258, 1.0632223, 5.081758, 0.7274774] 2.8039954 0.9391658 0.863273 1.0104303
[4767, 0.52044344, 0.982577, 4.461158, 0.547447] 2.7577093 0.93777543 0.8152617 1.1956171
[4768, 0.6085285, 0.96132034, 3.358199, 0.6308655] 2.9816647 0.9993548 0.8778146 1.1248741
[4769, 0.60162354, 0.9307767, 3.2412715, 0.51131976] 2.9609075 1.0082388 0.91204673 0.9741571
[4770, 0.5609838, 0.97382444, 4.036708, 0.46631825] 2.9306874 1.0793142 0.7463662 0.90878403
[4771, 0.36577824, 0.8066559, 5.2918677, 0.5877686] 2.4422112 0.87328565 0.7769714 0.98795545
[4772, 0.54756474, 0.8735958, 7.5810804, 0.66903144] 2.5237722 0.94686675 0.74760777 1.0952064
[4773, 0.5377433, 0.95910317, 5.9315453, 0.8027306] 2.739053 0.87293196 0.69828534 1.0273756
[4774, 0.5699714, 0.7793959, 6.568674, 0.41217124] 2.229257 1.0222099 0.94491386 1.2040882
[4775, 0.37666032, 1.0704553, 6.1687655, 0.5362625] 2.5857089 1.0108827 0.9632246 1.0170013
[4776, 0.44324753, 1.0408794, 4.055154, 0.36197555] 2.6615427 1.1110696 0.8563966 1.0607128
[4777, 0.53890634, 0.9935988, 4.052539, 0.5762129] 2.6134708 1.1776448 0.8686965 1.2099576
[4778, 0.6191919, 0.627602, 4.359331, 0.44390666] 2.075543 1.0866195 0.96940666 1.1525773
[4779, 0.49662316, 1.0020268, 5.253497, 0.67061055] 2.6941445 0.7851904 0.8896551 1.1930981
[4780, 0.5478799, 0.9885387, 4.3288426, 0.71720356] 2.7074578 1.1459118 0.90720004 1.1751771
[4781, 0.5848369, 0.6389736, 4.5149636, 0.5127107] 2.0668132 0.97052366 1.0333918 1.201558
[4782, 0.5191405, 0.8179711, 6.7412496, 0.5615362] 2.4149325 0.983827 0.871207 1.0016495
[4783, 0.5064294, 0.8269542, 7.680306, 0.80024046] 2.350276 1.0792766 0.9081308 1.0312183
[4784, 0.4380959, 1.0174844, 6.570445, 0.7155625] 2.5273416 1.0277148 0.84531206 0.9679203
[4785, 0.5484314, 0.98091066, 5.1671157, 0.4320784] 2.8100715 0.9366091 0.83343023 0.9811152
[4786, 0.480116, 0.7681763, 5.9940405, 0.3851753] 2.2623937 1.1006874 0.9162119 1.0137663
[4787, 0.51658994, 1.0203019, 5.6991663, 0.70908415] 2.558238 0.9906602 0.81418467 1.2132064
[4788, 0.4783836, 0.96983933, 6.5564556, 0.43833238] 2.4069889 1.0834621 0.8700159 1.148776
[4789, 0.44013953, 1.0577904, 6.3735037, 0.8239685] 2.5069394 0.9557598 0.88351864 1.1805388
[4790, 0.4967189, 0.9046768, 6.944801, 0.8328843] 2.3783832 1.0424274 0.9415032 1.0701712
[4791, 0.5296179, 1.0037161, 4.273213, 0.6961967] 2.5855 0.8913724 0.99276775 1.3181765
[4792, 0.5067995, 1.0337118, 3.7253647, 0.80979073] 2.8164258 1.0632186 0.9155828 1.1018891
[4793, 0.53692865, 0.95448655, 6.973393, 0.776266] 2.6157832 0.8536854 0.879928 0.96058714
[4794, 0.5550581, 0.96987313, 3.6265836, 0.64754385] 2.9268768 0.93002796 0.7831981 1.2106898
[4795, 0.48490128, 0.90244234, 9.201063, 0.748723] 2.4924388 0.9784834 0.8713555 0.978547
[4796, 0.5018864, 0.9906341, 5.986705, 0.72587293] 2.5221093 1.1298759 0.8680431 0.93866867
[4797, 0.55515414, 0.9618998, 5.532874, 0.59629446] 2.542867 0.9938063 0.902714 1.3050045
[4798, 0.5789394, 0.9565674, 3.3620148, 0.82651216] 2.8930385 1.0143855 0.9484058 1.1114352
[4799, 0.57852775, 0.747851, 6.8155437, 0.7145291] 2.25811 0.9453968 0.8651495 1.2970983
[4800, 0.5406105, 0.9858166, 5.5483394, 0.622344] 2.5078406 0.9432339 0.93328834 1.2231183
[4801, 0.48103857, 1.028177, 4.2371354, 0.795108] 2.7389781 0.9002421 0.9263148 1.1610311
[4802, 0.5835816, 0.97167754, 5.023973, 0.61030275] 2.6095483 1.0678533 0.8915298 0.9846673
[4803, 0.54531497, 0.95635825, 4.020122, 0.4388608] 2.84302 1.008028 0.9254252 0.908984
[4804, 0.5379855, 1.0031581, 5.2747207, 0.47448015] 2.7027135 0.9412264 0.6263038 1.0851089
[4805, 0.42697862, 1.0445467, 6.45807, 0.8932105] 2.6259382 0.9652809 0.8560303 0.959658
[4806, 0.62623334, 0.68969184, 5.409581, 0.52826416] 2.3143034 1.0576719 0.8231592 1.0448679
[4807, 0.48362833, 0.9544964, 8.3264, 0.4083616] 2.4354286 1.0201751 0.9538963 1.0611908
[4808, 0.5381508, 0.99663514, 4.39583, 0.6645317] 2.761891 0.9651265 0.95188636 1.0657095
[4809, 0.48907655, 0.8097452, 7.299285, 0.5795132] 2.3763194 0.9541435 0.8196245 1.0971272
[4810, 0.33965307, 1.1085422, 5.1135883, 0.8313013] 2.590989 0.8994488 0.88388497 1.1571947
[4811, 0.43440238, 0.95888245, 7.925845, 0.64775693] 2.4266837 0.89877456 1.0200288 1.0965239
[4812, 0.4714132, 1.0323445, 5.338487, 0.5642072] 2.7076976 0.8878333 0.8137944 1.1378464
[4813, 0.46051818, 1.0417663, 5.8894453, 0.664276] 2.639737 0.90693146 0.8628991 0.98730737
[4814, 0.4652131, 1.0446097, 5.0834436, 0.6196168] 2.454031 1.0041953 1.0133448 1.2182467
[4815, 0.57267886, 0.7783504, 7.0912175, 0.6500597] 2.4428623 0.9675613 0.8969847 0.94695425
[4816, 0.53509176, 0.9921702, 5.124028, 0.60464245] 2.773737 0.99853396 0.7843923 0.89205575
[4817, 0.5441153, 0.97530246, 5.736761, 0.8823515] 2.5479484 1.0506053 0.81320214 1.0749665
[4818, 0.55940735, 0.96460575, 3.1135533, 0.44452432] 2.9078941 0.9623194 0.7446166 1.0862308
[4819, 0.48592436, 0.983283, 4.347444, 0.5758545] 2.7972682 1.0282097 0.7221047 1.1752827
[4820, 0.56235784, 0.8145735, 7.118434, 0.40418404] 2.3803113 1.0633914 0.75820386 1.1295488
[4821, 0.49465963, 0.9630705, 6.7533655, 0.9049268] 2.6471453 0.82243496 0.76194847 1.0613304
[4822, 0.4617938, 1.0203464, 5.8108454, 0.6517908] 2.5840724 0.89185125 0.87710035 1.1145799
[4823, 0.62895936, 0.6134261, 4.9248476, 0.44494984] 2.134472 1.13081 0.9929666 0.9616165
[4824, 0.5236021, 0.9106747, 7.0074363, 0.514713] 2.4524126 1.0100731 0.99237466 0.92620033
[4825, 0.53803444, 0.9667393, 3.2068808, 0.49714342] 2.9384286 0.9875623 0.91373104 1.0835371
[4826, 0.44976008, 0.9739022, 7.156519, 0.53632224] 2.3372662 0.99565774 0.979558 1.2161008
[4827, 0.51537484, 0.77463627, 5.29635, 0.44819918] 2.1297333 0.9433344 1.0422201 1.3269184
[4828, 0.52055764, 0.6545979, 4.8754587, 0.41180196] 2.0696988 0.910112 1.024018 1.3016496
[4829, 0.5533316, 0.8503954, 8.091713, 0.9609718] 2.4551518 0.92332995 0.8687445 1.0028049
[4830, 0.438238, 1.0526587, 6.2726884, 0.5998158] 2.5034564 1.0308515 0.79834837 1.1405151
[4831, 0.49820775, 0.901877, 8.294998, 0.76126647] 2.468851 1.0207348 0.8519461 1.0226312
[4832, 0.36807287, 1.0576097, 6.2293878, 0.9459458] 2.6435559 0.94455224 0.8317625 0.8727838
[4833, 0.47000742, 1.0231882, 5.693547, 0.48123878] 2.5564604 1.1010188 0.7975514 1.0189354
[4834, 0.56427383, 0.9383164, 3.8798816, 0.6327035] 2.8615475 0.9042098 0.84063995 1.1141452
[4835, 0.588599, 0.601273, 4.2667847, 0.3998228] 2.0531442 0.91389287 1.0239681 1.232023
[4836, 0.5331459, 1.0056559, 3.7399635, 0.6287382] 2.907995 1.0544869 0.84893006 1.050201
[4837, 0.48601726, 1.0138979, 5.9833007, 0.9997196] 2.5356743 0.95231277 0.8890682 1.1100427
[4838, 0.5075257, 1.0416173, 4.659297, 0.5289215] 2.5588715 1.1584251 0.9387281 0.95559037
[4839, 0.3586239, 1.0565454, 7.0404882, 0.7449639] 2.5250304 1.0355653 0.8754459 0.9809399
[4840, 0.55291426, 0.9073535, 6.548922, 0.7363865] 2.4017835 1.0536089 0.8195396 1.19128
[4841, 0.51511616, 0.77087605, 5.690437, 0.45349628] 2.3234015 1.0707153 0.94088346 0.89811426
[4842, 0.527046, 0.9134137, 6.2563605, 0.89907026] 2.4532812 0.9196711 0.9541819 1.1510665
[4843, 0.53466076, 0.8327239, 7.019836, 0.68374693] 2.3045325 0.9615395 0.9489337 1.1553526
[4844, 0.41067505, 1.06487, 4.4658537, 0.6247586] 2.7327588 1.0492057 0.8499612 1.16466
[4845, 0.52329373, 0.860127, 7.717434, 0.7086442] 2.3426685 1.0989408 0.83524865 1.1707455
[4846, 0.40964866, 0.96176267, 7.214661, 0.66450566] 2.3464293 0.85876644 0.9856956 1.2834789
[4847, 0.50342274, 1.0154383, 5.600567, 0.92210376] 2.5921056 0.8865827 0.8925295 1.0961976
[4848, 0.4644011, 1.0154246, 5.301288, 0.5303587] 2.6089978 1.0178086 0.91496927 0.88545644
[4849, 0.48364252, 1.0326526, 4.349547, 0.46961543] 2.9399457 0.86592466 0.8105064 0.96427995
[4850, 0.62256277, 0.9297941, 2.3246233, 0.740537] 3.1715527 0.9973813 0.7606942 1.0160867
[4851, 0.35189047, 1.0646814, 7.3410187, 0.69359374] 2.512951 0.7648859 1.0246859 1.1419832
[4852, 0.4881359, 0.94805557, 7.60416, 0.63427603] 2.5207615 0.98406744 0.86931455 1.0049661
[4853, 0.49781045, 0.94513613, 6.7923837, 0.80539745] 2.4344394 0.91788024 0.88977456 1.2509708
[4854, 0.59660465, 0.7801592, 7.428543, 0.65556234] 2.310919 0.93078846 0.93928957 1.193801
[4855, 0.44561857, 1.0246506, 4.5217333, 0.3976127] 2.8026788 1.0765662 0.83229256 0.85237235
[4856, 0.55958325, 0.86718446, 9.372786, 0.7410955] 2.278074 1.0698822 0.93537587 1.2269753
[4857, 0.57969403, 0.63557863, 4.713286, 0.6476351] 2.0989745 1.0165805 0.9350752 1.1990902
[4858, 0.51358646, 1.0270046, 5.6834507, 0.7325963] 2.6452994 0.8125086 0.871806 1.2066377
[4859, 0.56550086, 0.80215067, 9.142727, 0.71067864] 2.3024397 1.0089461 0.8332191 1.2577535
[4860, 0.53689206, 0.9980546, 5.117573, 0.7243858] 2.6489816 1.0363505 0.76505977 1.1264434
[4861, 0.5210293, 0.9719705, 7.4856186, 0.8189115] 2.4293 0.9886952 0.9087418 1.2050623
[4862, 0.5469652, 0.7756431, 6.1305075, 0.33605757] 2.3314238 1.0105716 1.0912519 0.87355435
[4863, 0.5429013, 0.9062964, 8.6185875, 0.83779466] 2.593267 0.88472503 0.7821843 0.98749304
[4864, 0.54697555, 0.9401816, 6.5662856, 0.6269252] 2.450488 1.0178303 0.8800272 1.2238585
[4865, 0.50909334, 1.022615, 4.530077, 0.52777654] 2.763311 1.1633364 0.82957673 0.9751301
[4866, 0.58355117, 0.8233391, 7.612024, 0.724151] 2.3343625 1.1478637 0.91446644 1.0939828
[4867, 0.52215266, 0.8477409, 7.5948906, 0.55568033] 2.420298 1.0661291 0.90586567 0.91942215
[4868, 0.56720674, 0.7133152, 4.8671265, 0.6787693] 2.2867777 0.87766486 0.86624175 1.2160975
[4869, 0.54017633, 0.96995586, 6.142539, 0.673184] 2.5723252 0.97638494 0.828197 1.0260347
[4870, 0.46158403, 1.0373455, 4.7055063, 0.88666046] 2.7040823 0.95581764 0.79034966 1.2014544
[4871, 0.49911055, 1.022297, 3.9901855, 0.45163843] 2.7669437 1.0419167 0.7813001 1.0070226
[4872, 0.36667553, 1.0526894, 4.908155, 0.55509484] 2.52993 0.9272475 0.9866488 1.0652089
[4873, 0.49132818, 1.0097121, 4.5771523, 0.5160925] 2.6682599 0.9049258 0.7717942 1.1087973
[4874, 0.42911565, 1.0200161, 5.1975794, 0.52630657] 2.5914621 1.0313773 0.75088936 1.1667854
[4875, 0.58675927, 0.7040309, 4.7510962, 0.5226031] 2.1659596 1.0635628 0.9801772 1.1583385
[4876, 0.5404271, 0.96989524, 5.703964, 0.94686246] 2.5715108 1.0798037 0.80743855 0.9653717
[4877, 0.5556997, 0.85015756, 6.554071, 0.66318035] 2.4386723 1.0347201 0.8383401 1.108406
[4878, 0.61421996, 0.6914343, 5.644333, 0.48947665] 2.3494735 0.9674413 0.71446943 1.1618665
[4879, 0.5167759, 0.8639561, 7.8296614, 0.7033385] 2.4216292 1.0710509 0.77501297 1.0613657
[4880, 0.691049, 0.65463734, 6.637206, 0.53022754] 2.3666167 1.0030338 1.0318286 0.8915128
[4881, 0.550557, 0.8559636, 8.365405, 0.762762] 2.4568484 0.8745577 0.7564961 1.224822
[4882, 0.5457554, 1.0170572, 3.461034, 0.66389877] 2.9204195 0.94042706 0.8659992 1.2137033
[4883, 0.54483396, 0.98255074, 4.2556887, 0.5886583] 2.8813984 0.97495335 0.8168869 0.98184806
[4884, 0.5146966, 1.0192707, 5.909309, 0.668201] 2.6723666 0.88259 0.8459034 1.0156211
[4885, 0.5040415, 1.0282772, 4.309415, 0.85876685] 2.8407774 1.035641 0.93254346 1.0058876
[4886, 0.55721086, 0.8739919, 8.525208, 0.65562165] 2.4811978 1.0800176 0.86110663 0.9069004
[4887, 0.45887735, 1.0056304, 6.068489, 0.89641213] 2.4334476 1.1001307 0.9985238 1.0122737
[4888, 0.54367137, 0.9569816, 3.5732572, 0.70481014] 2.8887112 1.037342 0.7394208 1.0762064
[4889, 0.43336397, 0.97334814, 7.9764214, 0.7618287] 2.4139237 1.0445338 0.98525184 0.9990087
[4890, 0.6474622, 0.68757224, 5.501187, 0.5623428] 2.2167046 1.0182536 0.9013199 1.2252882
[4891, 0.5109285, 1.0263834, 3.938725, 0.60518104] 2.9001274 1.1364113 0.7877705 1.036595
[4892, 0.5186148, 0.9639686, 6.2531223, 0.6877472] 2.5312812 0.962467 0.6997321 1.2070107
[4893, 0.48527023, 1.0450321, 5.719218, 0.7392348] 2.6564465 0.98814934 0.9277605 0.97857237
[4894, 0.49640942, 0.9115482, 6.9548345, 0.6003763] 2.3973334 0.94709986 0.88381 1.2308676
[4895, 0.5267039, 0.97586536, 4.410698, 0.5325371] 2.7297103 0.9996869 0.77903634 1.1641588
[4896, 0.58399147, 0.9589627, 5.7986627, 0.72885144] 2.5201554 1.0424651 0.84744173 1.2067794
[4897, 0.522114, 0.9012542, 8.254597, 0.63477314] 2.4028878 1.045242 0.75822383 1.2106571
[4898, 0.5010609, 0.78305477, 5.614176, 0.59061885] 2.3663254 1.0083679 0.81290483 1.0532856
[4899, 0.56188333, 0.9478935, 4.7508364, 0.5771627] 2.58327 0.9378804 0.9220746 1.2177293
[4900, 0.453893, 0.9305891, 7.5605583, 0.78122175] 2.4202483 0.9197406 0.9830716 1.0791324
[4901, 0.44581804, 0.6120711, 4.5063624, 0.526761] 2.1547923 0.87578577 0.849335 1.053343
[4902, 0.5837008, 0.7758414, 7.5830913, 0.44031772] 2.373777 0.9695165 0.7984557 1.1912035
[4903, 0.62463486, 0.789699, 7.39816, 0.69933504] 2.3794572 0.9198606 0.8783249 1.1653535
[4904, 0.5026873, 0.72804356, 5.8473716, 0.5747782] 2.2596273 0.9093958 0.8490942 1.1444452
[4905, 0.45843053, 1.0524466, 4.8881927, 0.52149343] 2.7261825 0.9363806 0.85861486 1.0264195
[4906, 0.5768854, 0.78771645, 7.757886, 0.78366965] 2.4615502 0.960656 0.8398344 1.0013275
[4907, 0.7046538, 0.6251133, 5.8036704, 0.42969263] 2.3661728 0.9539126 0.8996743 1.0049021
[4908, 0.46948507, 1.0530834, 4.5914974, 0.46683103] 2.7358906 1.0783178 0.9102476 0.9070904
[4909, 0.5119582, 0.99909025, 3.7195973, 0.5718257] 2.7999535 1.0707583 0.8257753 1.1190807
[4910, 0.52077615, 1.0165071, 4.6399484, 0.6362974] 2.8940568 0.84808064 0.7642298 1.057519
[4911, 0.6081506, 0.9351116, 3.184419, 0.68420994] 3.0081365 1.0348513 0.7901993 1.1095443
[4912, 0.40961468, 1.0815493, 3.2874982, 0.5948119] 3.0411832 0.97258574 0.8144736 0.9147132
[4913, 0.5961349, 0.79389817, 6.781617, 0.7092382] 2.4208765 0.9954289 0.74999744 1.1687732
[4914, 0.5800616, 0.7821786, 6.8896966, 0.40508795] 2.3619335 1.070955 0.82311517 1.0391167
[4915, 0.54477394, 0.71829426, 5.1960645, 0.353276] 2.3009753 1.0542573 0.8129211 1.036782
[4916, 0.4724172, 1.0364952, 5.4919815, 0.8093431] 2.5634995 0.9980498 0.8399924 1.145288
[4917, 0.37148088, 1.0747621, 5.87083, 0.8522498] 2.627559 0.9664938 0.8028341 0.97637606
[4918, 0.47550485, 1.0304925, 3.8770702, 0.54239666] 2.8196433 1.0066131 0.8313396 1.1633077
[4919, 0.54053426, 1.011685, 5.32966, 0.76663476] 2.5075243 0.89083165 0.91454786 1.320351
[4920, 0.45901087, 1.0021926, 6.1427217, 0.60964805] 2.5147917 1.028053 0.92670137 0.9800821
[4921, 0.6023818, 0.94759303, 4.5081964, 0.32479075] 2.6934812 1.0471743 0.6936862 1.1501861
[4922, 0.47034636, 1.0020399, 4.2287292, 0.5267434] 2.8345397 1.0030761 0.74154323 1.0194654
[4923, 0.5150836, 1.002157, 3.7417006, 0.7906702] 2.7125509 0.98309773 0.9027696 1.2768664
[4924, 0.4703142, 1.0382481, 4.4957023, 0.6755227] 2.668891 1.0324283 0.9298998 1.122678
[4925, 0.5713862, 0.958612, 4.595494, 0.55720234] 2.712273 1.0024234 0.7489016 1.0374541
[4926, 0.49961728, 0.7745888, 5.4655533, 0.83195245] 2.4716432 0.75357306 0.9920483 0.8545972
[4927, 0.52692425, 0.89028424, 7.414967, 0.62457] 2.401772 1.160171 0.8796322 0.94969374
[4928, 0.47039673, 0.74162626, 5.1951494, 0.5249853] 2.3625507 0.87189037 0.8795519 1.006136
[4929, 0.51975375, 0.9917852, 6.0176835, 0.6120346] 2.3417795 1.099926 0.9922529 1.329197
[4930, 0.4681772, 1.0169872, 4.8886313, 0.48358664] 2.5975256 1.0803803 0.7847617 1.0997124
[4931, 0.42641878, 1.0689001, 5.1390963, 0.60151666] 2.5037298 1.0538756 0.9297061 1.14752
[4932, 0.5215382, 1.0247312, 4.8063397, 0.53133124] 2.684733 1.0055854 0.9089434 1.0287199
[4933, 0.47615108, 0.8721649, 7.349815, 0.6081688] 2.4461951 1.0192317 0.8707104 0.89753044
[4934, 0.53106475, 1.0076734, 5.7450867, 0.9778893] 2.612957 1.0100592 0.81781983 1.0343659
[4935, 0.5474012, 0.97528434, 5.012817, 0.4826058] 2.7107165 0.90969026 0.9002825 1.194371
[4936, 0.47495505, 1.0325775, 4.7867465, 0.59427273] 2.7201025 0.9129407 0.7742045 0.968898
[4937, 0.37067288, 1.086706, 5.084385, 0.55648774] 2.5796094 1.1653255 0.9066351 1.0897471
[4938, 0.51338917, 1.0010188, 3.984674, 0.6130803] 2.8313935 0.8920952 0.7797633 1.1958277
[4939, 0.5051822, 0.60762787, 3.7349303, 0.69629276] 2.0036237 0.9415414 1.0703704 1.1411043
[4940, 0.6036743, 0.75578123, 7.1874375, 0.4251067] 2.3969064 1.0098238 0.9390686 0.940956
[4941, 0.6437761, 0.58524394, 4.5751166, 0.5761976] 2.2505965 0.8805272 0.78308225 1.0821056
[4942, 0.44872436, 0.7880383, 5.239311, 0.59799576] 2.3265252 0.9630372 0.84093153 1.0802824
[4943, 0.53661585, 0.9693111, 4.2137685, 0.57266235] 2.7006252 0.9781423 0.8740555 1.1262308
[4944, 0.5036324, 1.0239348, 6.1685076, 0.71456015] 2.7159483 0.8411131 0.7936376 1.0078248
[4945, 0.4695006, 0.71105134, 4.9651103, 0.50505465] 2.404198 0.8023527 0.82482773 0.97577786
[4946, 0.556996, 0.71877456, 5.181198, 0.57799435] 2.213793 0.98753136 0.9945582 1.1249812
[4947, 0.58557004, 0.69353276, 5.8929095, 0.60361016] 2.3241143 0.97334886 0.91083986 1.0220103
[4948, 0.3174203, 1.0907668, 5.594017, 0.5417946] 2.7203088 1.0040987 0.89206403 0.8562408
[4949, 0.5201292, 0.68720907, 4.8354607, 0.46854624] 2.130745 0.9583749 0.93140686 1.2327086
[4950, 0.46436328, 1.0612788, 4.911175, 0.48030996] 2.6201196 0.9296561 0.8574062 1.2573973
[4951, 0.50313115, 1.0057912, 4.9799614, 0.56860095] 2.5466244 1.0201602 0.97056246 1.1781734
[4952, 0.57088596, 0.8319083, 7.7101717, 0.79237866] 2.3194056 1.1058049 0.82869965 1.1973249
[4953, 0.48372886, 1.0240089, 5.448712, 0.6527141] 2.736033 0.88666296 0.78177494 1.1068529
[4954, 0.5233122, 0.9346152, 6.601331, 0.65520585] 2.516164 1.0227387 0.8513787 0.99788517
[4955, 0.5987342, 0.86655027, 7.4419446, 0.7364448] 2.4901326 0.85743725 0.8280813 1.1596328
[4956, 0.55393493, 0.92379224, 7.360818, 0.62192696] 2.4974396 1.0333345 0.72617364 1.1120334
[4957, 0.44700357, 1.0490084, 3.9158142, 0.51647097] 2.845869 1.029501 0.8961329 1.0289637
[4958, 0.48527873, 0.9477423, 7.0110326, 0.7271862] 2.3665032 0.9892508 1.0600466 1.1320076
[4959, 0.5037867, 0.9788854, 6.3797674, 0.7919204] 2.449098 0.9864759 0.93692994 1.1098773
[4960, 0.54117477, 0.8656055, 9.664365, 0.7739277] 2.452517 0.9973698 0.85539925 1.0096837
[4961, 0.4447766, 1.0235656, 5.236085, 0.6444982] 2.5526738 1.1272045 0.78240925 1.1073682
[4962, 0.61892337, 0.9374589, 3.8116891, 0.6941596] 2.7536578 1.026656 0.9657854 1.2070674
[4963, 0.4438219, 1.0666177, 2.9070265, 0.6392524] 3.0130029 1.0710123 0.7821515 0.99319226
[4964, 0.47956458, 1.0432043, 4.991215, 0.5895311] 2.7331586 0.9511355 0.85483015 1.0471224
[4965, 0.5532931, 0.7906351, 7.2461762, 0.8388921] 2.3739042 0.91397244 0.7953804 1.219461
[4966, 0.50481284, 0.84194976, 6.426863, 0.96533036] 2.4889014 0.78743607 0.8635015 1.0617349
[4967, 0.53336084, 0.72838545, 5.756803, 0.38881] 2.2532625 0.9946315 0.9177549 1.0709163
[4968, 0.46941033, 1.0294982, 6.2024055, 0.6172141] 2.6895742 0.95726305 0.7651486 1.0315385
[4969, 0.5692907, 0.6603323, 4.2463284, 0.5128357] 2.0514426 0.9635234 0.9051292 1.3872563
[4970, 0.47012633, 1.047217, 3.654123, 0.7569139] 2.8677175 1.0283556 0.7972874 1.0546374
[4971, 0.46781665, 1.0109361, 6.1295633, 0.68618053] 2.598393 1.0397546 0.8921434 0.96174496
[4972, 0.5824123, 0.9709152, 4.9034724, 0.5257578] 2.6319418 0.9565559 0.92332566 1.2296456
[4973, 0.5756228, 0.9447372, 4.385917, 0.49738178] 2.7830632 1.1047242 0.83224326 0.7952927
[4974, 0.49136963, 0.98817056, 6.7559423, 0.80084485] 2.554821 1.0695744 0.8430245 0.98544604
[4975, 0.5288818, 0.97488314, 6.8551936, 0.88116986] 2.4567835 1.0417391 0.8527641 1.1832148
[4976, 0.49581057, 0.680136, 5.018222, 0.44196662] 2.158578 1.050099 0.9356718 1.0624143
[4977, 0.43207368, 0.79498285, 5.402793, 0.43446597] 2.3655176 0.80922467 0.8760389 1.1346322
[4978, 0.4971335, 0.72104985, 4.604186, 0.5255655] 2.3763757 0.8172449 0.8830164 0.9591637
[4979, 0.42162815, 1.0866885, 5.8828697, 0.57188004] 2.5683086 0.8730174 1.0007178 1.1489927
[4980, 0.53293735, 1.003536, 4.9935894, 0.68442875] 2.609279 0.8840717 0.92350423 1.1398835
[4981, 0.45042175, 1.0464655, 6.6457744, 0.74027723] 2.5679345 0.9855834 0.9755097 0.96046436
[4982, 0.5334837, 0.9702358, 5.9305844, 0.67967516] 2.5392184 0.9223593 0.8572085 1.1992164
[4983, 0.46685117, 1.0337211, 4.7086806, 0.619209] 2.6758535 0.9663881 0.8026445 1.1748873
[4984, 0.59353286, 0.794951, 7.5940156, 0.65466887] 2.3687215 0.91034013 0.83848816 1.2218177
[4985, 0.529781, 0.7726098, 6.035701, 0.79032993] 2.3533165 0.7819587 0.94371426 1.166582
[4986, 0.5986955, 0.9643111, 5.489672, 0.7301634] 2.5399015 1.0292575 0.7298016 1.2983108
[4987, 0.43938705, 1.0548801, 4.0813336, 0.6399112] 2.6901364 1.1089573 0.8931153 1.1959947
[4988, 0.55545646, 0.9965171, 4.1043334, 0.528068] 2.6702182 1.1116472 0.86285645 1.1230452
[4989, 0.49866906, 1.0309854, 4.229478, 0.46904865] 2.7400403 1.026088 0.8662167 1.0464419
[4990, 0.56078863, 0.87213963, 6.4917474, 0.50439537] 2.5687802 1.0286789 0.77013844 0.9129862
[4991, 0.29193252, 1.0800669, 5.473108, 0.53570676] 2.5593035 1.0244075 0.9421162 1.03149
[4992, 0.47455224, 0.8834263, 7.814687, 0.91300476] 2.4450147 0.94293076 0.80796665 1.1071568
[4993, 0.513886, 1.0125779, 5.2583528, 0.54374313] 2.6908379 1.0734314 0.951642 0.88292086
[4994, 0.6603934, 0.826667, 7.0106063, 0.71907145] 2.3074753 1.1124448 0.8561161 1.308172
[4995, 0.38007274, 1.0804137, 5.8290424, 0.5520614] 2.6877983 0.89094853 0.8594725 0.9618492
[4996, 0.5474636, 0.98543704, 4.396434, 0.43320268] 2.7391443 0.93631166 0.81434983 1.1926163
[4997, 0.49405736, 1.0090791, 4.6797023, 0.57973784] 2.5752506 1.0433624 0.87544686 1.2213707
[4998, 0.5158328, 0.99306893, 6.0447817, 0.5867024] 2.525487 1.1537592 0.85438824 0.9835567
[4999, 0.49589542, 0.99013495, 5.894903, 0.7850092] 2.519987 0.9749174 0.8493692 1.1028651
[5000, 0.60634893, 0.76226276, 6.864837, 0.6116379] 2.3087993 0.9037995 0.93752223 1.2148979
[5001, 0.5220111, 0.9864336, 4.6275535, 0.50099665] 2.6095588 0.8957641 0.8755789 1.0848581
[5002, 0.50725496, 1.0125878, 4.894037, 0.57426083] 2.584334 0.98840946 0.9138276 1.1537869
[5003, 0.5303562, 0.97771895, 6.9738154, 0.69045484] 2.538521 1.0694247 0.7164818 1.1015791
[5004, 0.5265336, 1.0290918, 4.367613, 0.7329033] 2.7381196 1.0323246 0.87322336 1.1294813
[5005, 0.5838679, 0.74581486, 5.9238596, 0.43735465] 2.3249989 1.043824 0.93599886 0.9789018
[5006, 0.49715012, 0.996627, 6.4391465, 0.8878476] 2.4517236 0.998051 0.90920264 1.1805993
[5007, 0.5600556, 0.9886726, 4.6469035, 0.5867762] 2.719378 1.165837 0.82365763 0.95087314
[5008, 0.4648797, 0.7241653, 4.655765, 0.624009] 2.2315214 1.0173088 0.92137516 1.0032235
[5009, 0.42125022, 1.0441062, 6.4904404, 0.903304] 2.4214685 0.99064785 1.0624542 1.1164395
[5010, 0.5557884, 0.9239635, 7.263563, 0.93266904] 2.5177798 1.0818965 0.7770358 1.0127184
[5011, 0.5179847, 0.96875894, 3.8956304, 0.71410424] 2.8051434 0.92367923 0.88790745 1.1707655
[5012, 0.55989724, 0.95941865, 5.1605268, 0.37359172] 2.6143432 1.0230669 0.82077694 1.1235005
[5013, 0.4755673, 1.0413241, 5.072903, 0.44845694] 2.5870965 1.1761237 0.86269397 0.94603103
[5014, 0.61977607, 0.65663064, 5.1039925, 0.35768867] 2.1512985 1.0884588 1.0911807 1.0410928
[5015, 0.6043399, 0.907386, 6.130634, 0.8814329] 2.5568533 0.8575183 0.892804 1.1589978
[5016, 0.48526356, 1.0177135, 6.2698717, 0.84561443] 2.5856194 1.094305 0.9742211 0.9085489
[5017, 0.4936678, 0.84554464, 7.371674, 0.4442679] 2.3238351 1.1268284 0.91818696 0.99581826
[5018, 0.4446872, 0.9710492, 6.541981, 0.63814926] 2.4586267 0.97132635 0.93980324 1.0362655
[5019, 0.53033537, 0.9915856, 4.21666, 0.4249765] 2.935893 0.88742846 0.8405375 0.881103
[5020, 0.42562497, 1.0590744, 5.852743, 0.39596722] 2.6662552 0.9732756 0.87649417 1.0460137
[5021, 0.45471457, 1.0376343, 4.4813876, 0.5216097] 2.7077796 0.9046972 0.90949965 1.0789819
[5022, 0.38436192, 1.0484203, 6.9093676, 0.70992875] 2.5058737 1.0441757 0.97937644 0.9271644
[5023, 0.5706194, 0.97116816, 5.019444, 0.5473999] 2.734232 0.9902121 0.8403399 1.0444028
[5024, 0.47662258, 1.0015064, 6.070354, 0.6847255] 2.5204155 0.844956 0.8227795 1.237668
[5025, 0.3861485, 1.0818216, 5.536463, 0.6218924] 2.5611627 0.8953676 0.98271966 1.1645087
[5026, 0.6773685, 0.77454513, 7.216512, 0.7578989] 2.6736693 0.97361314 0.7890793 0.77965933
[5027, 0.530851, 0.98264414, 6.9826984, 0.72335637] 2.4630873 1.0612384 0.8841221 1.1459286
[5028, 0.55359113, 0.93195087, 6.901169, 0.8067771] 2.4399147 0.8564417 1.0307721 1.1514952
[5029, 0.5049172, 1.033741, 4.2843676, 0.4860587] 2.717278 0.9889267 0.8643964 1.1958008
[5030, 0.58636004, 0.84831095, 7.840642, 0.5924098] 2.3739834 1.0266334 0.7609841 1.2784829
[5031, 0.5093123, 0.7788501, 5.8977456, 0.54437757] 2.3329225 1.0503433 0.8529803 0.9506954
[5032, 0.5626857, 0.6398416, 4.4116626, 0.5280821] 2.2236814 0.88492256 0.95034695 1.052185
[5033, 0.47298366, 0.8978209, 8.300742, 0.727508] 2.4530783 0.9226436 0.8730829 1.0392098
[5034, 0.5554669, 0.8914941, 8.874645, 0.88068914] 2.403581 1.051195 0.87920773 1.109192
[5035, 0.5430005, 0.740237, 5.349273, 0.52891314] 2.374379 0.95515215 0.7294296 1.1248064
[5036, 0.5407733, 0.9723896, 4.1624184, 0.2508622] 2.7142208 1.0392917 0.69672275 1.2054262
[5037, 0.55933, 0.9762681, 5.6991367, 0.4378609] 2.5758102 1.1002058 0.7459443 1.1439713
[5038, 0.60549426, 0.7888908, 8.916219, 0.59524316] 2.5088563 0.9728872 0.71463335 0.99971825
[5039, 0.39223385, 1.0800136, 5.267106, 0.50668275] 2.5535395 1.0231137 0.91243017 1.1025949
[5040, 0.5576545, 0.9809649, 5.172263, 0.38232315] 2.745347 0.9008408 0.81961286 1.145217
[5041, 0.4283649, 0.8093352, 6.157362, 0.5979025] 2.2707746 1.0214581 0.8891882 1.0962409
[5042, 0.5248025, 0.9818761, 4.2526917, 0.4667589] 2.7302 1.1511117 0.7476243 1.0714586
[5043, 0.49561334, 1.02693, 5.2677217, 0.547677] 2.6423643 0.9797906 0.8824721 1.027704
[5044, 0.5123908, 1.0077928, 6.0459776, 0.85576487] 2.554745 0.8820938 0.9466064 1.2549603
[5045, 0.43883824, 1.0305465, 5.2342396, 0.63078976] 2.7640135 0.8494534 0.84390706 0.95079887
[5046, 0.47984794, 1.0430558, 3.6598372, 0.48589346] 2.8564882 1.0053641 0.8633345 1.187649
[5047, 0.5358515, 0.97461826, 5.536239, 0.47180226] 2.6155913 1.0522504 0.7571743 1.0721316
[5048, 0.55921954, 0.64576334, 3.6981738, 0.6586491] 2.2002308 0.98256654 0.9236319 1.0472614
[5049, 0.45847225, 0.9892588, 6.581539, 0.63841474] 2.5155942 1.0190898 0.956007 0.9802506
[5050, 0.46140945, 1.0304383, 5.0390353, 0.61739695] 2.6341934 0.9841431 1.0694982 1.0202203
[5051, 0.38348845, 1.089307, 5.3894963, 0.9993603] 2.5909896 0.90488553 0.91192067 1.0633342
[5052, 0.5115846, 1.005747, 6.669504, 0.94285357] 2.5369363 0.8937121 0.94865364 1.2234828
[5053, 0.5517677, 0.9323316, 7.4984903, 0.73028433] 2.5849192 0.90508515 0.7685692 1.1085249
[5054, 0.46093485, 0.98091835, 6.9667788, 0.76735914] 2.487384 0.97298914 0.82377946 1.1542604
[5055, 0.53187305, 0.9850011, 4.5885043, 0.5038887] 2.6216097 0.8887275 0.9453636 1.1871119
[5056, 0.5917288, 0.9551447, 4.7973285, 0.51324177] 2.7300878 0.8104482 0.8633074 1.1907258
[5057, 0.530994, 0.9343233, 6.41939, 0.5585274] 2.4512343 1.0918382 0.82859784 1.1092225
[5058, 0.6481424, 0.63268155, 4.575462, 0.5245472] 2.1543586 1.0396467 0.9662066 1.1037534
[5059, 0.5756514, 0.9480785, 4.2832775, 0.46224776] 2.7248602 0.90520024 0.9042394 1.3040715
[5060, 0.51474106, 0.8063336, 6.7609673, 0.76477885] 2.3695126 0.9719865 0.86622125 1.0756713
[5061, 0.57307404, 0.67214704, 4.56689, 0.46922663] 2.2292597 1.0646552 0.8292529 1.0724925
[5062, 0.49781063, 0.99870294, 4.573183, 0.7881013] 2.7150528 1.0078832 0.82094187 0.9927779
[5063, 0.49538028, 1.0093834, 6.9005723, 0.786703] 2.454 0.9919246 0.8964575 1.1628677
[5064, 0.47824457, 1.016692, 5.767593, 0.9814275] 2.7175503 0.7857936 0.87997276 1.1048352
[5065, 0.38232562, 1.0908706, 4.835961, 0.6223601] 2.8259087 0.9453295 0.8373777 0.9317791
[5066, 0.53132814, 0.9933529, 4.8896213, 0.3935316] 2.7766736 0.86688465 0.84063816 1.0288377
[5067, 0.494539, 0.734605, 5.159775, 0.5875719] 2.3475585 0.94166046 0.97592264 0.8674746
[5068, 0.46380568, 0.9859593, 5.995879, 0.6848785] 2.3863885 1.044246 0.9149378 1.2004158
[5069, 0.48838007, 1.0243729, 5.6597652, 0.7612901] 2.4892106 1.0511457 0.922837 1.1659588
[5070, 0.50938934, 0.9383635, 6.0779076, 0.46589652] 2.5305164 0.90934527 0.7785309 1.0692161
[5071, 0.45626128, 1.0440837, 4.2060914, 0.45379898] 2.8522668 0.96538776 0.802675 1.1146734
[5072, 0.4938108, 0.9464498, 6.8860455, 0.8285686] 2.5463119 0.94214 0.7486048 1.0863912
[5073, 0.45062035, 1.0301073, 5.378942, 0.5342488] 2.7163978 0.9936056 0.76200426 0.9921866
[5074, 0.3769687, 1.0899203, 5.1414027, 0.584079] 2.5269396 1.1034524 0.8776736 1.037352
[5075, 0.5094751, 1.0103806, 5.662518, 0.6285026] 2.5456305 1.0026473 0.83240145 1.2988437
[5076, 0.44913897, 1.0295393, 6.78649, 0.786182] 2.5055704 1.0433669 0.9778168 0.9629399
[5077, 0.5562081, 0.8808967, 6.8596334, 0.53978] 2.480936 1.1116283 0.80951345 0.96620727
[5078, 0.5089013, 0.98004943, 4.4533386, 0.48626965] 2.7566528 0.9869892 0.8167296 1.0285193
[5079, 0.512988, 0.8339879, 10.398333, 0.66746444] 2.324371 0.9937447 0.92414016 1.1093012
[5080, 0.5423168, 0.99438465, 4.389216, 0.50949675] 2.8099315 0.88980764 0.87676436 0.9354755
[5081, 0.5709831, 0.96685266, 4.3855467, 0.49023795] 2.743356 0.9952199 0.85504043 1.193183
[5082, 0.5646006, 0.9658869, 5.7022114, 0.87716526] 2.7635803 0.9080149 0.8329961 0.88310677
[5083, 0.4323948, 1.0674803, 5.812524, 0.6938009] 2.5457578 1.0052364 0.931879 1.06777
[5084, 0.5918988, 0.8954884, 6.487815, 0.68197834] 2.6028705 0.9811565 0.90393984 0.86213124
[5085, 0.5550205, 0.99873513, 4.1774893, 0.4449847] 2.8479466 0.98829556 0.74174464 1.0134547
[5086, 0.63370097, 0.6307752, 5.2537155, 0.59650505] 2.2080147 0.9756125 1.0099121 1.0410215
[5087, 0.3715757, 0.9954104, 8.313765, 0.77344954] 2.5588663 0.9284287 0.804323 0.9729161
[5088, 0.57225496, 0.6125251, 4.520672, 0.71325946] 2.2479625 0.9482351 0.915492 0.90371954
[5089, 0.5326884, 0.73151743, 5.3941116, 0.6496401] 2.3412282 0.9144367 0.90328366 0.9932356
[5090, 0.60708076, 0.6689525, 5.537456, 0.46600398] 2.0711656 1.0897584 0.87974215 1.3159432
[5091, 0.52159727, 1.0347703, 2.917844, 0.77040094] 3.0025675 1.024421 0.9218767 1.095753
[5092, 0.44721517, 1.047732, 5.5467205, 0.7257447] 2.6154826 0.90914416 0.88381743 1.0756477
[5093, 0.52039087, 0.9776157, 7.1094985, 0.5811333] 2.4525425 1.0757697 0.89610523 1.0663683
[5094, 0.42774466, 0.99809873, 5.7169337, 0.43828544] 2.4730265 0.93954766 1.0047671 1.0601206
[5095, 0.5216229, 0.8531659, 7.274061, 0.7542984] 2.466688 0.7445078 0.772648 1.2399565
[5096, 0.5258868, 1.0038999, 5.4691386, 0.6315586] 2.717084 0.8437876 0.80574304 1.1185894
[5097, 0.5078378, 1.0280976, 3.5845397, 0.5616543] 2.9620402 0.9644936 0.7096004 1.0419546
[5098, 0.49293962, 1.0166527, 5.4274564, 0.68880796] 2.5948489 1.0325577 0.7965097 1.1872848
[5099, 0.62511873, 0.7091468, 5.181216, 0.5553757] 2.2813258 1.0337604 0.78896254 1.200799
[5100, 0.35471067, 1.0305537, 6.7236333, 0.6371216] 2.4867857 0.90543145 0.9213846 1.1313405
[5101, 0.58525914, 0.9710087, 3.919662, 0.46399805] 2.782115 1.0159072 0.8898528 1.1112889
[5102, 0.6425703, 0.69337386, 6.844438, 0.4766072] 2.2934787 0.9532301 0.85926276 1.189726
[5103, 0.57070595, 0.838688, 6.9434314, 0.70669734] 2.3851783 0.8604196 0.9113033 1.2281322
[5104, 0.6670369, 0.6693857, 5.8951445, 0.4378722] 2.3449943 0.9986495 0.78281534 1.092359
[5105, 0.539064, 0.845667, 7.5420136, 0.71852714] 2.3529944 0.99039114 0.9107443 1.1411769
[5106, 0.34067053, 0.98705316, 8.958487, 0.9421535] 2.3951652 0.8882283 1.0433625 1.1058893
[5107, 0.6785145, 0.80666685, 3.6562974, 0.59495986] 2.6478982 0.96033186 0.90214515 1.4297748
[5108, 0.49034107, 1.0270773, 5.1375775, 0.5417855] 2.6603189 1.0147628 0.91768 0.9544553
[5109, 0.51674366, 0.6492428, 4.113514, 0.5829934] 2.1638904 0.9888237 0.8605202 1.1167165
[5110, 0.4380376, 1.0527151, 6.5526657, 0.92755055] 2.6994462 0.91202927 0.9136048 0.85180587
[5111, 0.5289396, 1.0328414, 5.3379397, 0.53528726] 2.7051752 0.86595935 0.8668256 1.2135742
[5112, 0.6093724, 0.9318748, 5.8257065, 0.55319995] 2.6226342 0.9479971 0.7161685 1.1888902
[5113, 0.5358662, 0.6907446, 5.371698, 0.31029755] 2.215117 1.0503638 0.90901977 1.0366621
[5114, 0.50412375, 0.8261248, 6.678175, 0.574197] 2.4066758 1.0299803 0.7783343 1.023639
[5115, 0.5435403, 0.83298975, 6.814324, 0.74374855] 2.315189 1.0377831 0.89487165 1.1592467
[5116, 0.48661387, 1.0056131, 4.950407, 0.5504406] 2.596021 1.0432619 0.8436612 1.1179907
[5117, 0.55886924, 0.7229353, 5.096134, 0.47934416] 2.213393 0.9342066 1.0095243 1.1384405
[5118, 0.47539032, 0.8038593, 6.2527566, 0.5456889] 2.2789683 0.9634254 1.0038246 1.0916921
[5119, 0.43536708, 1.0477839, 3.8383965, 0.56589013] 2.8781474 1.0430626 0.7917004 1.0500561
[5120, 0.46859288, 0.90519214, 8.413681, 0.845127] 2.4678686 0.96117276 0.8352427 1.0512394
[5121, 0.46534392, 1.0529302, 4.5622487, 0.50269514] 2.7623544 0.8759431 0.9012749 1.1866988
[5122, 0.5737883, 0.96043885, 4.273499, 0.5324734] 2.758291 0.855261 0.96758384 1.1640986
[5123, 0.45138854, 1.0362943, 5.17149, 0.45669875] 2.7073317 0.94527245 0.8970475 1.016384
[5124, 0.62249607, 0.7742357, 7.1694584, 0.4281674] 2.2915778 1.0377263 1.0109612 1.1508237
[5125, 0.543781, 0.9594239, 4.7288113, 0.4392217] 2.64532 0.9950961 0.8559683 1.1882253
[5126, 0.5023502, 0.9979672, 4.7759075, 0.5595016] 2.628631 1.0350783 0.92609704 1.0753386
[5127, 0.4718399, 1.0312214, 4.714703, 0.75387794] 2.5967062 0.98946166 0.9329969 1.2809913
[5128, 0.5407036, 1.0075904, 4.297074, 0.4910307] 2.810265 0.96035224 0.74733233 1.0971643
[5129, 0.5751415, 0.9728176, 3.1745577, 0.547516] 3.0397089 0.8914598 0.78404874 1.1049321
[5130, 0.60175794, 0.89010787, 7.9300046, 0.7620539] 2.4682496 0.85506326 0.8403102 1.2625579
[5131, 0.46134305, 1.0062665, 6.9119725, 0.8582884] 2.5228322 0.94569826 0.8966648 1.085074
[5132, 0.61443985, 0.732504, 5.758946, 0.39901733] 2.3209507 1.1382077 0.8122808 0.9745848
[5133, 0.4682264, 0.87013024, 7.3516774, 0.6867623] 2.5118666 0.955674 0.87371397 0.89219385
[5134, 0.46185517, 1.0805049, 5.683072, 0.8306521] 2.5308685 0.88055676 0.95125353 1.2351025
[5135, 0.34042096, 0.6736282, 4.727547, 0.53652596] 2.2187355 0.95353764 0.90368134 0.9929406
[5136, 0.62052137, 0.8601888, 5.493553, 0.7272832] 2.6015887 1.105563 0.78453 0.9066881
[5137, 0.520117, 1.0058022, 4.110368, 0.6746098] 2.7985706 1.0869708 0.93791217 0.95739484
[5138, 0.5758286, 0.6902677, 4.503307, 0.38251024] 2.130262 1.024262 1.013794 1.1557968
[5139, 0.48786357, 0.9252325, 7.4428105, 0.6891252] 2.555003 0.89473605 0.8425761 0.9852902
[5140, 0.46738827, 1.018058, 4.442701, 0.47257024] 2.6633074 0.9954235 0.90231234 1.0679427
[5141, 0.45989436, 0.7552174, 5.362452, 0.5085742] 2.260971 0.90501314 1.0033071 1.0892975
[5142, 0.491303, 1.0153159, 5.25263, 0.77892137] 2.751531 0.8387735 0.76148015 1.0982933
[5143, 0.6048118, 0.7519733, 6.3886404, 0.90676606] 2.3347974 0.90640724 0.90822786 1.1487468
[5144, 0.6678918, 0.9041703, 2.8116407, 0.9234097] 3.0428889 1.0457093 0.7533672 1.186157
[5145, 0.6339713, 0.68207127, 5.3166103, 0.5849343] 2.2444456 1.0386268 0.99064857 1.0639069
[5146, 0.5198774, 0.95680875, 7.4295516, 0.72625023] 2.4940681 1.0069557 0.898726 1.0230887
[5147, 0.5644208, 0.68246555, 4.7903757, 0.4348021] 2.4600883 0.9526348 0.73119414 0.89896405
[5148, 0.4746345, 0.994034, 6.4036703, 0.6630003] 2.6045702 1.0325552 0.84169877 0.9080117
[5149, 0.55487645, 0.91173905, 7.0989194, 0.890339] 2.5346365 0.8502238 0.8180402 1.1787117
[5150, 0.56182, 0.9384942, 6.2577047, 0.7541998] 2.4766293 0.8617475 0.886628 1.2518946
[5151, 0.49732134, 1.0192245, 4.3943763, 0.62699556] 2.7046344 1.0212276 0.8986785 1.16245
[5152, 0.566023, 0.7358972, 5.183738, 0.3987655] 2.1640825 1.0648491 1.0528018 1.1241997
[5153, 0.5750585, 0.89990026, 6.306254, 0.85491186] 2.4851716 0.9597774 0.72951704 1.2297153
[5154, 0.4806476, 1.0515943, 4.267504, 0.52432865] 2.836343 0.98873985 0.87345517 1.0531952
[5155, 0.4398308, 1.0622754, 4.985835, 0.57736367] 2.6280506 1.0049409 0.9017593 1.0329914
[5156, 0.50180554, 0.9885232, 6.9840317, 0.5271627] 2.6063035 0.8601395 0.8962236 1.0532491
[5157, 0.4773643, 0.9547711, 7.2486596, 0.5671169] 2.4481366 0.99091965 0.82226163 1.1082002
[5158, 0.37039548, 1.0817506, 5.4043827, 0.47855213] 2.6084232 1.0262079 0.94255865 1.0425587
[5159, 0.59022355, 0.9555728, 3.5683267, 0.48454413] 3.0235934 1.0347644 0.79049534 0.83470875
[5160, 0.49406394, 0.7604688, 4.847467, 0.6233849] 2.2263422 1.0085001 0.9132229 1.1290197
[5161, 0.4487877, 0.9307856, 7.626743, 0.75047714] 2.3939986 0.92905015 0.93326074 1.1759017
[5162, 0.5724541, 0.70806825, 5.306819, 0.45577946] 2.3085515 1.0035412 1.0176609 0.85610235
[5163, 0.61412877, 0.8239169, 7.368706, 0.63201976] 2.4917798 1.0257089 0.78532815 0.9762675
[5164, 0.4439137, 1.0590719, 5.6019073, 0.94327575] 2.562717 1.0458112 0.86765796 1.1315595
[5165, 0.4680776, 1.0261934, 4.1270614, 0.58569556] 2.779603 0.8910275 0.81338435 1.2563598
[5166, 0.51004046, 0.93390477, 7.9741983, 0.50168055] 2.447247 1.0382851 0.88604397 1.0352452
[5167, 0.4956919, 0.72726697, 5.065805, 0.60402966] 2.2537332 0.94047844 0.86049736 1.1496007
[5168, 0.59210134, 0.78486514, 6.7232814, 0.8790748] 2.3578103 0.9425431 0.90133905 1.1181749
[5169, 0.5469158, 0.97424513, 5.9180846, 0.8012723] 2.786892 0.7765716 0.68244237 1.029175
[5170, 0.46262273, 1.0314578, 5.2537575, 0.47596654] 2.594182 0.9481686 0.92077404 1.203813
[5171, 0.5242012, 0.9907222, 6.058995, 0.8413752] 2.5798683 1.0665679 0.7954522 1.0841141
[5172, 0.60010177, 0.6911303, 5.023941, 0.3424968] 2.2205253 1.0299298 0.7946849 1.2305074
[5173, 0.5005061, 1.0425676, 5.0986524, 0.8242733] 2.6404924 0.88805246 0.90504384 1.1266938
[5174, 0.49141365, 1.0137106, 5.172362, 0.70789164] 2.484968 1.0377402 0.9703247 1.1804862
[5175, 0.5860733, 0.80596864, 8.329991, 0.7195731] 2.378752 0.9988849 0.90684617 1.00358
[5176, 0.61160976, 0.6565656, 5.4797783, 0.5849558] 2.3089244 0.83564216 0.90754783 1.118879
[5177, 0.5579304, 0.95038885, 7.8925886, 0.70155233] 2.4624724 0.9436786 1.0457976 1.1004753
[5178, 0.4836134, 1.0179746, 4.269543, 0.6251842] 2.782703 0.94984776 0.8933545 1.157367
[5179, 0.55899984, 0.7140888, 4.695206, 0.5292693] 2.246833 0.9798293 0.8724706 1.1416287
[5180, 0.53535366, 1.0254083, 3.985994, 0.84561855] 2.954218 0.9335791 0.9124317 1.0198741
[5181, 0.5629473, 0.9068903, 6.3933597, 0.6419691] 2.3912792 0.952886 1.0356524 1.2332917
[5182, 0.5617487, 0.9626742, 4.5302052, 0.56079143] 2.4891653 1.0527391 0.9320269 1.3651544
[5183, 0.5836875, 0.7345915, 5.0757275, 0.511536] 2.3239763 0.9545423 0.8575737 1.114192
[5184, 0.5437262, 0.70860094, 5.565087, 0.629471] 2.2331896 1.0578076 0.9030219 1.0701874
[5185, 0.47200733, 1.0244204, 5.086701, 0.84191006] 2.615819 0.98961073 0.79776424 1.1071516
[5186, 0.52276987, 0.9369955, 5.8911676, 0.5224836] 2.3840244 0.95750636 0.8405063 1.3800169
[5187, 0.4789128, 0.894029, 7.6490045, 0.60353583] 2.2995942 1.0635632 0.94991815 1.1413105
[5188, 0.38129824, 1.090743, 5.724184, 0.92274916] 2.6201653 0.9991046 0.9367158 0.9787949
[5189, 0.596829, 0.73456204, 6.7836447, 0.46484482] 2.2772245 0.91801906 0.8717861 1.2874299
[5190, 0.53757966, 0.9110279, 7.174674, 0.6330616] 2.4050305 1.0738544 0.85038745 1.1125039
[5191, 0.49442217, 0.8314337, 6.720197, 0.5899003] 2.311131 1.0637616 0.83107257 1.1417913
[5192, 0.41961974, 1.0339172, 5.3662925, 0.35429367] 2.5600514 1.0231235 0.95806146 1.1368706
[5193, 0.5757947, 0.88334113, 8.16522, 0.89050174] 2.4198 0.8924656 0.89843893 1.2121022
[5194, 0.55456364, 0.8532556, 9.183245, 0.54697514] 2.39009 1.071741 0.82145476 1.0355476
[5195, 0.49926233, 0.92116404, 6.40261, 0.68919456] 2.5311093 0.81283903 0.8792232 1.0886827
[5196, 0.51209986, 1.032447, 4.815381, 0.6878669] 2.7101195 0.936061 0.82429504 1.1103438
[5197, 0.612112, 0.9367364, 5.103127, 0.9856705] 2.4738023 0.93066835 0.8377229 1.3142647
[5198, 0.5788232, 0.956548, 3.9651778, 0.3690959] 2.76292 0.94882995 0.81505525 1.1707754
[5199, 0.4998312, 0.9907824, 5.622602, 0.8801874] 2.5929165 0.9025313 0.83757275 1.0981263
[5200, 0.397271, 1.0727879, 5.434447, 0.9179776] 2.7089922 0.8955333 0.80057067 1.0057156
[5201, 0.45943436, 1.049843, 6.440354, 0.7713684] 2.574858 0.92663795 0.7794852 1.2012041
[5202, 0.49612227, 1.0077575, 4.5696282, 0.47386113] 2.6905773 0.9747126 0.82142943 1.0661585
[5203, 0.5738387, 1.0117292, 3.085408, 0.729838] 2.9698272 0.9561222 0.75050116 1.218611
[5204, 0.5307626, 0.873232, 8.29918, 0.7354952] 2.361893 1.035297 0.86380017 1.1274627
[5205, 0.5069667, 0.99309045, 4.717722, 0.47747815] 2.65603 0.9572144 0.8280702 1.244335
[5206, 0.49575174, 1.0150343, 5.0715494, 0.5919094] 2.698471 0.9511275 0.75455886 1.0139649
[5207, 0.6366674, 0.89016587, 4.9504166, 0.7032716] 2.7584157 0.9568203 0.7883171 1.113179
[5208, 0.6013783, 0.9035877, 5.736954, 0.77235365] 2.6224058 0.79597944 0.81725734 1.1299886
[5209, 0.56968254, 0.95968974, 6.8173084, 0.7685637] 2.5780213 1.0246867 0.9037354 0.8869851
[5210, 0.5012573, 1.0185101, 6.3202314, 0.9590003] 2.5462556 0.85299176 1.0746169 1.0732707
[5211, 0.53577536, 0.83261496, 7.09163, 0.64319026] 2.3111265 0.79423064 1.0909796 1.1633615
[5212, 0.53375214, 0.9963421, 4.947691, 0.5791865] 2.6238794 0.93734276 0.8980313 1.0692008
[5213, 0.530394, 0.9814432, 6.0996404, 0.7587097] 2.5530643 0.9016257 0.88622487 1.1675619
[5214, 0.5660565, 0.9798466, 5.903014, 0.8512237] 2.5495603 0.93400526 0.8625346 1.1799557
[5215, 0.56212, 0.9553915, 5.3533816, 0.6846463] 2.406685 1.0194049 0.99353665 1.2359583
[5216, 0.56287485, 0.7815696, 5.6722436, 0.44964403] 2.3608665 1.0089011 0.940089 1.0159231
[5217, 0.45711026, 1.0260066, 5.20005, 0.7198546] 2.5097907 0.8867388 0.9390254 1.2410523
[5218, 0.45379242, 1.0238894, 6.613422, 0.993166] 2.6078572 0.8148937 0.9253905 1.0867672
[5219, 0.5694612, 0.69579357, 5.603413, 0.47284013] 2.2533288 0.94776756 1.0331955 1.046073
[5220, 0.49371827, 1.0462437, 4.341946, 0.390282] 2.9741375 0.90711236 0.7874319 0.95102423
[5221, 0.51039743, 1.0121385, 4.740046, 0.48483905] 2.7301576 0.91998935 0.86502314 1.119865
[5222, 0.49081713, 1.0072929, 6.190442, 0.7433477] 2.6919544 0.8007332 0.7493665 1.044454
[5223, 0.46833777, 0.80076766, 6.472223, 0.49711162] 2.3134136 0.887094 0.98031485 1.1290678
[5224, 0.53746235, 0.6917403, 4.4606614, 0.38934016] 2.1950111 1.0532228 0.93500435 1.0844481
[5225, 0.44923794, 1.031571, 6.5372906, 0.6799542] 2.5892925 0.91506225 0.82284707 1.0935247
[5226, 0.48277402, 1.0057606, 5.186318, 0.93903786] 2.5432854 1.0080606 0.9111609 1.1008396
[5227, 0.5148614, 1.0130509, 5.0685077, 0.5661554] 2.5366304 0.94739026 0.92252105 1.2876774
[5228, 0.4742162, 1.027152, 3.9315796, 0.47976652] 2.7503052 1.0915145 0.8157688 1.1167451
[5229, 0.47533867, 1.0517741, 5.662634, 0.48219252] 2.7076547 0.97709143 0.9510202 0.8826828
[5230, 0.6003896, 0.7750646, 5.969556, 0.93336093] 2.5456204 0.8414106 0.8270635 0.9736498
[5231, 0.56712276, 0.90111834, 7.2787695, 0.7887185] 2.5997546 0.89668083 0.8157286 0.94196063
[5232, 0.65780205, 0.6884727, 6.950847, 0.5044429] 2.183897 1.1065102 0.96114933 1.1787937
[5233, 0.3881991, 1.0093621, 7.448564, 0.7737275] 2.405807 0.965043 1.0182185 1.0879251
[5234, 0.4926705, 0.82392204, 7.209071, 0.5668575] 2.2556894 1.0146317 0.9491651 1.1757249
[5235, 0.5876052, 0.96569747, 3.9378927, 0.56759393] 2.964735 0.7783218 0.8065064 1.0689112
[5236, 0.54982567, 0.98543817, 4.1086903, 0.60683256] 2.5385382 0.9633496 0.9769806 1.2767785
[5237, 0.39340466, 1.0423344, 5.8326383, 0.72123903] 2.51254 0.84036463 0.86559933 1.2405294
[5238, 0.54985994, 0.9425076, 5.9482427, 0.5643719] 2.4612646 0.9641237 0.7947585 1.2427676
[5239, 0.41658196, 1.0812014, 5.8637676, 0.7922453] 2.527782 1.083609 1.0268536 0.98248947
[5240, 0.47092566, 0.97051424, 6.426022, 0.4902145] 2.3880606 0.9754511 0.94467694 1.1623427
[5241, 0.53835464, 1.0002702, 3.7182102, 0.8602771] 2.9427156 0.85735077 0.86158514 1.0739636
[5242, 0.51998615, 0.9788046, 4.231903, 0.43182305] 2.7940602 0.9403417 0.7513374 1.0854671
[5243, 0.5344932, 0.8253979, 7.9711485, 0.54169416] 2.3636217 1.036493 0.88513535 1.0652298
[5244, 0.5861105, 0.9077853, 5.9679456, 0.44231656] 2.509876 1.0193524 0.8661649 1.0856621
[5245, 0.4371647, 1.0457774, 5.359809, 0.72085506] 2.6410797 1.0816815 0.83481246 0.97520995
[5246, 0.42901742, 1.0464431, 5.2945538, 0.51375663] 2.5712862 1.0120682 0.81407887 1.1678195
[5247, 0.557813, 0.8576242, 8.220809, 0.6822765] 2.4775934 0.9200209 0.7926914 1.101418
[5248, 0.45529574, 0.86992776, 7.0960393, 0.60498536] 2.3438747 0.9208233 0.9680925 1.0611839
[5249, 0.5086871, 1.028205, 5.217571, 0.50743884] 2.7294838 0.9762681 0.9365657 0.9665248
[5250, 0.3748213, 1.0374022, 8.043949, 0.58296907] 2.3956995 1.0036178 0.945672 1.1614602
[5251, 0.55314344, 0.7147661, 5.5028133, 0.44538626] 2.2398648 1.0841566 0.875077 1.0613781
[5252, 0.5886839, 0.90037847, 7.1576924, 0.8032344] 2.447631 0.86624914 0.92209566 1.3036329
[5253, 0.5250176, 1.0169085, 5.2176003, 0.69191843] 2.5274472 0.9156929 0.99338317 1.2509155
[5254, 0.47279486, 1.0236245, 4.9948425, 0.85627085] 2.6010315 0.9767523 0.8596864 1.0563308
[5255, 0.49583378, 1.0350193, 4.137073, 0.8862642] 2.8641202 0.99895763 0.89937013 1.0005064
[5256, 0.47377792, 1.0370187, 5.0595837, 0.5626601] 2.7278135 0.9037617 0.85873127 1.2042029
[5257, 0.5769029, 0.97224164, 4.6540504, 0.7060337] 2.8427534 0.9068502 0.83202016 1.0893289
[5258, 0.51839626, 0.99939847, 5.291876, 0.5248296] 2.672367 0.8423358 0.78842515 1.1580473
[5259, 0.46870667, 0.6776417, 4.5224047, 0.48302522] 2.2505934 0.8914925 0.9074496 1.0756525
[5260, 0.45487928, 1.0334105, 4.678851, 0.47520748] 2.7505379 0.9456003 0.8172546 1.0790927
[5261, 0.5576424, 0.9746913, 5.729223, 0.5663394] 2.6225886 0.8673185 0.940733 1.0178447
[5262, 0.50207984, 1.0258182, 4.8274336, 0.5504163] 2.7664375 1.0219686 0.8524879 0.9164449
[5263, 0.4708177, 1.0366498, 5.518027, 0.70567346] 2.627938 0.9758598 0.86369264 1.1170937
[5264, 0.53686064, 0.72385925, 4.875025, 0.61631024] 2.1938016 0.8492285 1.016631 1.2202742
[5265, 0.45146346, 1.0381294, 5.0597878, 0.44910145] 2.6511202 0.8994317 1.0338165 1.1144303
[5266, 0.56630766, 0.97901857, 4.9097958, 0.5306621] 2.6477454 0.99656874 0.87587553 1.188334
[5267, 0.50235945, 1.0203929, 4.967809, 0.6343575] 2.6716723 1.0268613 0.77853477 1.0946121
[5268, 0.4391824, 1.0540859, 5.1776423, 0.55525243] 2.616219 1.0445143 0.8419389 1.1001813
[5269, 0.5934966, 0.93365383, 3.3543794, 0.5163684] 2.8475568 0.9548143 0.80448306 1.2116573
[5270, 0.5630286, 0.98352176, 3.1782808, 0.8250389] 3.0269222 1.0021796 0.82444507 1.0592278
[5271, 0.5759046, 0.9495327, 4.4771047, 0.47471532] 2.7859502 0.80631095 0.8956908 1.1124679
[5272, 0.5681197, 0.94267476, 4.4639063, 0.55446124] 2.6817212 1.1358868 0.90674543 1.1912693
[5273, 0.49832675, 0.8099666, 6.4255056, 0.65976244] 2.3543499 1.0523499 0.8288271 1.0147476
[5274, 0.64572453, 0.60231507, 4.8814178, 0.42975038] 2.2601416 1.0469629 0.90093833 0.91685814
[5275, 0.45578668, 1.1111658, 4.106649, 0.7981413] 2.9881442 0.9426577 0.90592754 0.97737974
[5276, 0.458529, 1.017877, 5.1625075, 0.6878248] 2.5041687 0.9862542 0.7871835 1.2335931
[5277, 0.50044864, 0.9779441, 6.14004, 0.78071165] 2.471737 1.0567042 0.8615907 1.1401576
[5278, 0.6699135, 0.65574974, 6.8192806, 0.4569898] 2.2939103 0.9985119 0.94187266 1.023011
[5279, 0.55975413, 0.9906063, 3.0049245, 0.6061453] 2.9281352 1.0283433 0.6960376 1.2074648
[5280, 0.49181506, 1.0054709, 6.368935, 0.54087824] 2.4395468 1.0027325 1.0360094 1.1244051
[5281, 0.4781849, 1.00403, 5.0309205, 0.64567333] 2.6125245 1.0767502 0.80691504 1.0590456
[5282, 0.5128785, 1.0213269, 5.065039, 0.6413414] 2.4877102 1.1017717 0.8864118 1.2021493
[5283, 0.5391483, 0.981318, 3.7459471, 0.55120975] 2.8849044 1.2017403 0.7811628 0.892081
[5284, 0.46807945, 1.017949, 7.0565233, 0.72282237] 2.4050806 1.077186 0.86227095 1.2002378
[5285, 0.5341122, 0.98621505, 3.9391737, 0.74746966] 2.792034 1.0845886 0.9177275 1.0423427
[5286, 0.49305066, 1.0135012, 6.0211997, 0.90181255] 2.5954037 0.90291417 0.8604268 1.0876764
[5287, 0.53214455, 0.99082714, 3.658122, 0.57516974] 2.8500195 1.044478 0.82909125 0.95790756
[5288, 0.4891101, 1.0088817, 4.2860794, 0.41401878] 2.6511695 1.1105611 0.7646451 1.1620083
[5289, 0.5993784, 0.82877785, 6.847817, 0.9786705] 2.299281 0.8933656 1.0448824 1.2585359
[5290, 0.62009776, 0.8876068, 6.8604975, 0.7313198] 2.5067697 1.1421068 0.8932083 0.95326364
[5291, 0.6762643, 0.6388331, 4.7630935, 0.42242828] 2.2685695 0.9757392 0.9451578 1.0689533
[5292, 0.5815966, 0.6444869, 5.1111445, 0.43761545] 2.2557042 1.0397152 1.0046626 0.9036432
[5293, 0.5322823, 0.9849047, 7.2529507, 0.566266] 2.5901744 1.1135172 0.8081569 0.872119
[5294, 0.48900712, 1.0493375, 3.7889917, 0.5888057] 2.7574208 0.9353706 0.8171169 1.270096
[5295, 0.49570212, 1.022272, 4.721158, 0.49188933] 2.7814887 0.8877379 0.82452554 1.152558
[5296, 0.45158705, 1.0413512, 5.763586, 0.6811843] 2.672234 0.9103632 0.959158 0.99961287
[5297, 0.43747306, 1.0712475, 4.752325, 0.454707] 2.6803925 0.9072891 0.7819632 1.2106322
[5298, 0.48208556, 1.0398511, 6.348351, 0.67385095] 2.6435905 0.91265625 0.87665254 0.9893616
[5299, 0.65995365, 0.80768603, 7.082243, 0.8158542] 2.466853 0.9625323 0.9564438 0.98785627
[5300, 0.5238692, 1.0199444, 5.4925613, 0.48001227] 2.775549 0.8696535 0.8011672 1.0270166
[5301, 0.52709883, 0.9912121, 4.7021875, 0.52785796] 2.8289032 0.9796203 0.74731636 1.1072272
[5302, 0.5706344, 0.9395115, 6.0581326, 0.60678405] 2.4241316 1.0502675 0.96074796 1.2049094
[5303, 0.567384, 0.9633608, 3.8235235, 0.7702149] 2.8312733 0.9915184 0.98371947 1.1162108
[5304, 0.5312411, 0.94098186, 5.673413, 0.5617963] 2.488649 1.0858554 0.7664179 1.2008919
[5305, 0.603402, 0.7693858, 7.4332795, 0.852154] 2.519889 0.87249863 0.8602853 0.957215
[5306, 0.5069535, 0.99712956, 4.5937414, 0.64356023] 2.5555167 0.924466 0.8762934 1.156141
[5307, 0.5055362, 0.5817375, 3.8398855, 0.48565695] 1.9451239 0.98403215 0.9980307 1.2129356
[5308, 0.52385795, 1.0285215, 2.5456946, 0.6612076] 3.075755 1.0733155 0.8670493 1.0677732
[5309, 0.5104762, 0.92772585, 9.0726795, 0.63012457] 2.407063 0.9929163 0.98528326 1.0878489
[5310, 0.47807455, 1.0010896, 5.8156724, 0.60497564] 2.5688822 0.9842446 0.7940364 1.067267
[5311, 0.5843911, 0.9770427, 3.9998856, 0.66817415] 2.8383086 1.0468284 0.79035 1.0617865
[5312, 0.45344067, 1.0367367, 5.1810875, 0.4963902] 2.7082276 0.92803574 0.93991184 1.0495585
[5313, 0.48273772, 1.0261859, 3.838264, 0.45299387] 2.6684258 1.0729291 0.874591 1.0707217
[5314, 0.5581585, 0.95978683, 5.231282, 0.48031777] 2.600829 0.9594854 0.85179865 1.1823641
[5315, 0.4301068, 1.0399909, 4.823966, 0.64042103] 2.6949806 0.8749305 0.77844733 1.0468062
[5316, 0.48606196, 1.017698, 6.3275084, 0.91494876] 2.5499582 0.89515156 0.8512864 1.1508018
[5317, 0.527545, 0.98678166, 3.2353065, 0.7282513] 2.9961774 1.1335058 0.7393796 1.0800397
[5318, 0.52709746, 0.92483294, 7.280035, 0.7387981] 2.3878899 1.0836409 0.97832865 1.1016078
[5319, 0.4410085, 1.0614994, 5.6350465, 0.76717997] 2.5242174 1.0062115 0.8729769 1.1360365
[5320, 0.4487535, 1.0332798, 4.311128, 0.8318291] 2.7645278 1.0047172 0.9030449 1.0266104
[5321, 0.49712786, 1.0367287, 5.596737, 0.7245707] 2.5610719 1.0075341 0.8550277 1.1449844
[5322, 0.56841195, 0.86603767, 6.0605965, 0.6638465] 2.3621225 1.0168813 0.8497847 1.2410151
[5323, 0.4944861, 1.0338452, 4.026462, 0.85913527] 2.9103332 0.9291875 0.906266 1.0075145
[5324, 0.6176585, 0.70471555, 5.4821663, 0.70904523] 2.1855159 0.89852875 0.9845278 1.2801051
[5325, 0.5608265, 0.98204935, 3.0987482, 0.74603885] 2.9054527 1.0683416 0.9847665 1.031758
[5326, 0.43113092, 1.060391, 4.871636, 0.5171047] 2.778035 1.0340003 0.802287 1.0389384
[5327, 0.59515065, 0.9849837, 2.7502367, 0.6214162] 2.9170299 1.1250983 0.9379404 1.2492992
[5328, 0.53452307, 0.77285993, 6.8036594, 0.7161917] 2.313343 1.0059568 0.9045903 1.1009854
[5329, 0.510558, 0.99429196, 5.249128, 0.4934166] 2.620401 0.97180986 0.8193911 1.2177857
[5330, 0.49642605, 1.0130842, 5.627719, 0.7591625] 2.566339 1.0266284 0.86356676 1.0686325
[5331, 0.5761763, 0.97814196, 3.454213, 0.54802] 2.947597 0.89734745 0.8153051 1.0677243
[5332, 0.47782603, 0.75743604, 5.840912, 0.66271603] 2.40872 0.9264547 0.8410208 0.9598189
[5333, 0.49367842, 0.8992667, 6.613435, 0.84521097] 2.4486868 0.96083856 0.894858 1.0819743
[5334, 0.5371389, 0.7014801, 5.0152917, 0.5081353] 2.4021285 0.7762413 0.77525425 1.1030203
[5335, 0.54305077, 0.8041881, 7.645863, 0.49921218] 2.333793 0.9111166 0.9395338 1.1304765
[5336, 0.5933519, 0.78432524, 7.1431623, 0.6990902] 2.2298348 0.9565362 0.98058635 1.2920191
[5337, 0.4353721, 1.0230733, 7.3588357, 0.6828584] 2.4873064 1.0137855 0.9139959 1.0221558
[5338, 0.68036604, 0.5751167, 4.5725245, 0.644565] 2.3151836 0.9926585 0.9044762 0.8143525
[5339, 0.49222633, 0.9674558, 7.748448, 0.98963386] 2.4504738 0.91391325 0.8768088 1.1789182
[5340, 0.63645095, 0.8250738, 6.757058, 0.6142192] 2.3973358 0.91494614 0.93289655 1.2198049
[5341, 0.56219316, 0.7878387, 6.7258387, 0.43869215] 2.2733912 1.0893723 0.90331614 1.1002074
[5342, 0.47602493, 1.0307068, 5.1625395, 0.65550184] 2.6554787 1.0677015 0.8400915 0.97349507
[5343, 0.5012537, 0.89352053, 6.5754733, 0.72991633] 2.4256043 0.89970076 0.9286011 1.08246
[5344, 0.467763, 0.7782403, 5.8627987, 0.4953947] 2.2268262 0.9683963 0.852183 1.2647202
[5345, 0.3819569, 1.0019665, 7.7654266, 0.61391574] 2.4321992 0.8215524 0.9779686 1.20608
[5346, 0.38094556, 1.0852822, 6.149556, 0.7038174] 2.5862455 1.0471985 0.9438719 0.95291173
[5347, 0.6361476, 0.8900062, 3.2592287, 0.64053845] 2.8546453 0.8842455 0.8883103 1.3696356
[5348, 0.5507124, 0.95052123, 6.3023314, 0.80592525] 2.6595511 0.93388 0.9001315 0.8830771
[5349, 0.55368465, 0.97233033, 5.5484877, 0.62582827] 2.630882 0.77874756 0.9019156 1.1744897
[5350, 0.5489552, 0.9506505, 5.830071, 0.74075246] 2.5328426 1.0222164 0.802138 1.0694402
[5351, 0.53798586, 0.9246179, 6.1121273, 0.49900097] 2.37242 1.0424836 0.9105673 1.2162268
[5352, 0.56788045, 0.9807663, 3.9207847, 0.55084443] 2.899353 0.8269953 0.82007825 1.1278682
[5353, 0.539613, 0.99723095, 4.906299, 0.55419177] 2.6728363 0.8840312 0.87332857 1.2704331
[5354, 0.5009521, 0.9241769, 7.863877, 0.9405511] 2.4184654 0.9889704 0.9345085 1.0682814
[5355, 0.5640507, 0.9714699, 4.853858, 0.5596846] 2.5931575 0.95069283 0.940426 1.2375503
[5356, 0.49402753, 0.8961151, 8.313193, 0.69106054] 2.4498193 0.9338727 0.8546065 1.1151918
[5357, 0.45514795, 0.7862921, 6.1086655, 0.680166] 2.457432 0.9132446 0.7807456 0.95550776
[5358, 0.4397409, 1.0469143, 5.8276415, 0.8516413] 2.5549712 0.7741663 0.94173056 1.1957163
[5359, 0.47731462, 1.020407, 5.854144, 0.825494] 2.6710215 0.9720394 0.8653892 0.95987505
[5360, 0.5008078, 0.9219305, 7.554452, 0.62712806] 2.3731549 0.9130183 1.0225278 1.1415242
[5361, 0.52237475, 0.9860341, 5.9863195, 0.7018686] 2.585517 0.88347125 0.73016286 1.1763344
[5362, 0.50135845, 1.0047443, 3.5032983, 0.60819525] 2.8066356 1.0257521 0.8441853 1.2020525
[5363, 0.5577169, 0.87201625, 6.241601, 0.62771344] 2.289839 1.0292464 0.97804385 1.2442194
[5364, 0.51754, 0.89426327, 7.948914, 0.6789757] 2.5030046 1.0511245 0.79315567 0.966251
[5365, 0.5422914, 0.7759525, 6.034534, 0.58492213] 2.3382976 0.76889783 1.0240195 1.1072272
[5366, 0.46597576, 0.9703892, 7.9988594, 0.85766673] 2.5085258 0.9009306 0.84507316 1.1107881
[5367, 0.40155923, 1.039554, 6.5922227, 0.9584037] 2.4181578 0.99414533 0.90872514 1.197305
[5368, 0.4293115, 1.0655462, 5.940897, 0.527261] 2.6353924 0.8923639 0.85051227 1.0506346
[5369, 0.5438028, 0.9643535, 4.9964876, 0.90086436] 2.569595 1.0526079 0.8876853 1.1077269
[5370, 0.3729178, 1.0765815, 5.726413, 0.5935813] 2.6610596 0.9036573 0.98334634 0.943107
[5371, 0.51253164, 1.0056465, 5.6792345, 0.53484696] 2.676174 1.0570095 0.9021568 0.9380083
[5372, 0.52515197, 0.91264236, 6.8372493, 0.78991354] 2.4138463 1.0789629 0.832795 1.1157678
[5373, 0.5211895, 1.0210367, 5.109066, 0.5297876] 2.790632 1.1186364 0.7788634 0.85962385
[5374, 0.5030969, 0.96032405, 7.019505, 0.7400262] 2.4333177 0.95540136 0.89077735 1.161909
[5375, 0.5235548, 1.0112156, 5.392654, 0.8676364] 2.5901904 1.0705867 0.76123714 1.0912235
[5376, 0.45756564, 1.0154963, 5.1555104, 0.5519698] 2.5269582 1.168097 0.9405041 0.96419156
[5377, 0.55709296, 0.9809971, 3.5165641, 0.60304624] 2.8370285 1.0106479 0.75007474 1.1631758
[5378, 0.36227658, 1.0698782, 6.1103063, 0.84204733] 2.653302 0.8865095 0.88809085 0.9488314
[5379, 0.41171065, 0.7391386, 4.313263, 0.44793436] 2.1958714 1.0508006 0.8184743 1.1456993
[5380, 0.54185814, 0.99575865, 4.6094675, 0.5868464] 2.6848876 1.1174976 0.96156454 1.0063937
[5381, 0.49535245, 0.9314622, 8.89841, 0.8484359] 2.4524677 0.96789604 1.0285025 0.9496822
[5382, 0.5189257, 0.9916601, 5.9428334, 0.7887405] 2.6831229 0.83759683 0.8183901 1.0058355
[5383, 0.5009597, 1.0199999, 4.304293, 0.39507985] 2.6949139 1.0398794 0.84614754 1.0702497
[5384, 0.5669198, 0.96065354, 4.2008486, 0.5601104] 2.805721 0.9684329 0.8500386 1.1670637
[5385, 0.5042941, 0.8671114, 9.020786, 0.71832854] 2.3490078 1.0130681 0.88477355 1.1529069
[5386, 0.55168563, 0.82317674, 7.7938685, 0.73983645] 2.6090639 0.89165545 0.71297574 0.8886455
[5387, 0.51213986, 1.0159985, 5.0404296, 0.5260578] 2.5732684 0.97828865 0.85647744 1.2626834
[5388, 0.4821686, 1.0431799, 5.6140137, 0.4384804] 2.7761872 0.9277171 0.85786736 0.9715346
[5389, 0.504982, 0.99594635, 5.18238, 0.51844877] 2.6265588 1.1403626 0.8406603 1.0443753
[5390, 0.5104723, 1.0406485, 4.383252, 0.51712173] 2.8717499 0.8757502 0.9169986 1.046537
[5391, 0.4729408, 1.0072445, 4.7575336, 0.44604498] 2.780221 0.96519774 0.73952323 1.0240123
[5392, 0.4990324, 0.98207366, 7.6991343, 0.70580834] 2.4900534 1.0218899 0.8585413 1.1172608
[5393, 0.5282534, 1.0165349, 4.4315543, 0.4204237] 2.8017087 1.0770098 0.7282537 0.97692657
[5394, 0.52580416, 0.9889841, 6.2673874, 0.5005977] 2.6075256 0.9703289 0.88739556 1.0088689
[5395, 0.5242709, 0.957218, 7.293131, 0.7420778] 2.4654753 1.0999019 0.8882159 0.97962105
[5396, 0.5118701, 0.93428266, 6.1374965, 0.9244707] 2.4867592 1.008299 0.8723078 1.0781195
[5397, 0.5035704, 0.95894116, 7.0505652, 0.8818073] 2.6182404 1.0196271 0.9432896 0.7333763
[5398, 0.5270555, 1.017407, 4.222665, 0.6564233] 2.9390514 1.0151794 0.7599767 0.86806214
[5399, 0.49703953, 0.92378366, 7.2276464, 0.62660736] 2.588963 1.0185463 0.86722714 0.81028444
[5400, 0.50439477, 1.0159816, 4.4220877, 0.3641019] 2.6923945 1.1513687 0.7971876 0.96717083
[5401, 0.49499363, 1.0170987, 5.529215, 0.5834036] 2.5384097 1.0089818 0.8426175 1.1526705
[5402, 0.46124533, 1.0360758, 4.584989, 0.46719134] 2.6346035 0.9602944 0.87520176 1.256304
[5403, 0.53327805, 0.6173038, 4.552803, 0.64637995] 2.0666027 1.0325158 0.91848874 1.0760492
[5404, 0.5915285, 0.7397681, 6.050244, 0.6447204] 2.2630947 0.9469223 0.9620211 1.1407453
[5405, 0.47546774, 0.97331166, 6.952061, 0.8196351] 2.4007094 0.9072287 0.95590055 1.2692969
[5406, 0.61167425, 0.9278035, 4.7957377, 0.4633274] 2.6310112 0.8956775 0.9958499 1.1485611
[5407, 0.5013404, 0.8828489, 7.990594, 0.7948434] 2.3265817 1.0256917 0.81268895 1.2443507
[5408, 0.56669956, 0.965888, 5.279638, 0.3555343] 2.586843 1.1069407 0.8970749 1.1328965
[5409, 0.5450226, 0.97602355, 4.8268156, 0.5248347] 2.644135 1.0726724 0.9065128 1.1790471
[5410, 0.55019844, 0.7665186, 5.485622, 0.49059218] 2.3555114 0.9584503 1.0175048 0.90851897
[5411, 0.41005278, 0.79771686, 5.4697824, 0.44057292] 2.206064 0.9322009 0.99912727 1.2474488
[5412, 0.51502675, 1.0294921, 4.1762924, 0.68382883] 2.658937 1.0120554 0.826388 1.3075407
[5413, 0.4942167, 0.95107263, 7.4931297, 0.9210374] 2.430327 1.0258833 0.95834273 1.0841696
[5414, 0.46588185, 0.89235044, 8.286844, 0.82053995] 2.4785774 0.92949325 0.8662244 1.0236255
[5415, 0.4877286, 1.041783, 5.052533, 0.6578575] 2.7997165 0.8551956 0.93541247 0.9550539
[5416, 0.5584518, 0.9111924, 6.6641593, 0.6483047] 2.5878315 0.97337085 0.69566905 1.0396897
[5417, 0.57337594, 0.5879887, 4.076333, 0.26840863] 1.9358882 1.0506232 1.1739668 1.2075305
[5418, 0.49519894, 0.7626068, 4.932258, 0.70766795] 2.3795896 0.9184162 0.84632057 1.0041351
[5419, 0.43572456, 1.031096, 5.671639, 0.8702117] 2.5536783 0.9332225 0.89996225 1.1614231
[5420, 0.55581075, 0.9959999, 5.9897895, 0.6172868] 2.5931754 0.98231083 0.83214825 1.2023182
[5421, 0.49744287, 1.0469195, 4.571134, 0.43804583] 2.71645 0.81615585 0.9204566 1.3097231
[5422, 0.5003722, 0.881847, 7.6790338, 0.5068965] 2.3772159 1.0085392 1.0259432 0.9812757
[5423, 0.67058486, 0.7920154, 7.6612754, 0.46650627] 2.184917 1.1505058 0.8904253 1.406283
[5424, 0.524264, 1.0069052, 4.62868, 0.5703494] 2.872577 0.987313 0.9281064 0.7882915
[5425, 0.42952532, 1.0234084, 6.5506263, 0.80320466] 2.515738 0.97978455 0.9085366 1.0461876
[5426, 0.4881807, 1.0220138, 4.460658, 0.45773953] 2.6597595 0.92264473 0.8338708 1.2298051
[5427, 0.58950955, 0.90855587, 7.72724, 0.534112] 2.3740232 1.080011 0.82864875 1.2205588
[5428, 0.61063844, 0.9184753, 4.4924245, 0.49164823] 2.6414492 1.1157787 0.8515006 1.2496672
[5429, 0.47711593, 1.028406, 4.1059966, 0.45366892] 2.6531901 1.005157 0.73154914 1.1000918
[5430, 0.52631485, 0.8549848, 10.626292, 0.7056802] 2.3566902 0.9780429 0.82678425 1.2043799
[5431, 0.54909927, 0.75910026, 6.2758446, 0.4823666] 2.244754 1.0825361 1.0108107 1.011712
[5432, 0.5374873, 0.9388059, 7.2234554, 0.70374686] 2.369702 0.9818464 0.9968591 1.2260234
[5433, 0.55418074, 0.92177725, 6.460017, 0.5898608] 2.5254645 1.023813 0.72301894 1.1378753
[5434, 0.6068118, 0.705987, 5.633347, 0.50054467] 2.2290611 0.95497596 0.98632324 1.1367335
[5435, 0.46601066, 1.0287408, 5.000181, 0.46005675] 2.6956944 1.0324901 0.7931979 1.0316123
[5436, 0.46165952, 0.8217258, 6.90839, 0.79485184] 2.2549748 1.0064679 0.9597733 1.1235098
[5437, 0.5316545, 0.97861415, 4.3143783, 0.72084653] 2.9050262 1.1210947 0.79294956 0.92830056
[5438, 0.435292, 1.0801636, 4.88247, 0.7292509] 2.6015165 0.9748728 0.90365106 1.2235457
[5439, 0.42230192, 1.0559202, 6.698964, 0.720572] 2.394907 0.9686439 1.0265508 1.2297512
[5440, 0.6220704, 0.9227578, 4.4822955, 0.4195377] 2.9079094 1.0232983 0.7769619 0.87240213
[5441, 0.6425204, 0.8747517, 5.436871, 0.3607257] 2.6291633 0.90503716 0.7005367 1.1370151
[5442, 0.55604243, 0.97182995, 4.4618626, 0.46577767] 2.6295574 1.1793902 0.7445125 1.0458056
[5443, 0.46906105, 0.8564949, 6.873164, 0.5704295] 2.2751434 1.0615808 0.8893067 1.1522051
[5444, 0.55222154, 0.73240465, 5.782928, 0.4505638] 2.2554693 1.0399745 0.99939436 0.98994017
[5445, 0.64972985, 0.89796, 4.550812, 0.46310464] 2.661389 1.0493022 0.9897079 0.99704415
[5446, 0.44608837, 1.0523028, 4.3290644, 0.41610327] 2.668708 1.0531251 0.8037792 1.1817262
[5447, 0.58564407, 0.83425516, 8.293529, 0.5298901] 2.414086 0.9836143 0.9075403 0.9661335
[5448, 0.5248773, 0.97738755, 3.8615687, 0.4748511] 2.7920556 0.9283929 0.7883828 1.1562889
[5449, 0.45495728, 0.9510537, 7.3562737, 0.7774738] 2.4647322 0.8457771 0.8687553 1.1449411
[5450, 0.56339836, 0.954744, 4.7258487, 0.57557714] 2.7022939 1.0367767 0.8949996 1.0385939
[5451, 0.5474022, 0.9850817, 5.3086452, 0.5863925] 2.7351604 0.9029913 0.7108462 0.9638512
[5452, 0.5191586, 0.9870843, 6.5223475, 0.88325655] 2.5147245 0.8902896 0.95426595 1.143517
[5453, 0.42691857, 1.0443119, 6.8386273, 0.7216761] 2.5335014 1.0564411 0.93877286 0.97029024
[5454, 0.49952698, 1.0233195, 5.3834763, 0.64930004] 2.6612947 0.9043423 0.889821 1.1436903
[5455, 0.5516654, 0.96200323, 4.6745715, 0.5262788] 2.7361884 0.950452 0.8639309 1.092233
[5456, 0.49656928, 1.0176063, 4.8089304, 0.48455316] 2.6986134 1.1064059 0.90232736 1.038711
[5457, 0.5662234, 0.94832534, 4.4045863, 0.3860906] 2.6564157 1.0209695 0.76451164 1.2109008
[5458, 0.53920704, 0.992164, 5.411286, 0.6176706] 2.6045017 1.1030457 0.80605537 1.1136111
[5459, 0.509442, 1.0062953, 4.9930563, 0.6874777] 2.5879183 0.993746 0.9593645 1.2161837
[5460, 0.5403991, 0.9926838, 2.994128, 0.6347548] 2.9180589 0.9406837 0.9181833 1.1705694
[5461, 0.42151105, 1.0643775, 4.4114017, 0.54885685] 2.65266 1.0440669 0.86312217 1.141414
[5462, 0.571982, 0.9715036, 3.3197107, 0.5204474] 3.0354736 1.0673702 0.9080187 0.9031377
[5463, 0.40265292, 1.0451742, 6.4532785, 0.58719146] 2.429931 0.9847402 0.9656714 1.1908619
[5464, 0.39559877, 1.0519063, 6.7396574, 0.80647117] 2.544933 0.96367496 0.8990655 1.0363294
[5465, 0.56104815, 0.9330212, 4.6172333, 0.5395429] 2.689199 1.101515 0.72425425 0.96972686
[5466, 0.40407205, 0.7154303, 4.688894, 0.568518] 2.3007867 0.8928362 0.9417079 0.9348313
[5467, 0.43243158, 1.07223, 5.935343, 0.45642355] 2.5727575 0.952171 0.81468934 1.3089833
[5468, 0.46427876, 1.0502328, 5.8093166, 0.6359135] 2.6171546 0.99333674 0.92637354 1.064192
[5469, 0.49731183, 0.95306957, 5.699997, 0.64347595] 2.6604843 0.83163315 0.7986731 1.0503229
[5470, 0.36602065, 0.6275888, 3.775742, 0.90262437] 2.1408439 0.8934576 0.8920945 1.0470119
[5471, 0.45512053, 1.027505, 5.1425796, 0.5615082] 2.530559 1.0184013 0.96760315 1.0817211
[5472, 0.5096646, 1.0118222, 4.728012, 0.5748355] 2.5902052 0.9006038 0.9344112 1.105628
[5473, 0.6021949, 0.9318238, 5.8829713, 0.5092643] 2.5029473 1.0280123 0.70981276 1.3127732
[5474, 0.4928469, 1.0330725, 4.574934, 0.469308] 2.6717908 0.98366255 0.7859536 1.1563095
[5475, 0.5530858, 0.99286103, 4.010693, 0.59270054] 2.8123739 1.0178667 0.77364343 1.1112367
[5476, 0.49663338, 0.67140335, 4.454657, 0.40700257] 2.1490927 0.97521025 0.9416352 1.1378334
[5477, 0.4710539, 1.0373238, 5.095274, 0.6833402] 2.6680164 0.99358344 0.9106803 1.1101078
[5478, 0.42646912, 1.013821, 6.4800153, 0.9282341] 2.55971 0.8765096 0.9781104 0.9944153
[5479, 0.66271967, 0.68208355, 6.4646115, 0.37257177] 2.1635041 1.0645127 1.037025 1.168012
[5480, 0.55651873, 0.9717734, 5.722421, 0.48737344] 2.3916898 1.3162469 0.9228298 1.1870627
[5481, 0.581392, 0.978598, 2.3369086, 0.59744036] 3.1911216 0.977284 0.8199272 1.1372579
[5482, 0.527941, 0.9598937, 7.359074, 0.4280198] 2.5079482 0.9386331 0.8481509 1.1221257
[5483, 0.570098, 0.950478, 6.248558, 0.87266624] 2.4431467 0.9902651 0.9151072 1.2282445
[5484, 0.5586343, 1.0091629, 5.5105557, 0.5205916] 2.5314226 1.080066 0.870051 1.2655139
[5485, 0.489981, 1.0277979, 5.159259, 0.5138736] 2.6013708 0.9995704 0.9346239 1.1015124
[5486, 0.44405615, 1.066606, 4.412753, 0.65288717] 2.6764119 1.0857613 0.8758182 1.0288268
[5487, 0.49267793, 1.0458683, 4.625586, 0.6872063] 2.6646264 0.956486 0.91540796 1.0916134
[5488, 0.53698957, 0.96965206, 5.3650312, 0.50122726] 2.554471 1.0267776 0.8574804 1.1200536
[5489, 0.42382544, 1.0138588, 5.906778, 0.7967157] 2.544414 1.0435581 0.9192104 1.0003595
[5490, 0.5317656, 1.0151362, 5.231721, 0.45083466] 2.6870058 0.9054612 0.73016906 1.2052813
[5491, 0.44332838, 1.0701001, 5.1028166, 0.62434196] 2.7422402 0.8743819 0.9948198 1.0776696
[5492, 0.48843873, 0.9867371, 6.6566534, 0.9274581] 2.5282729 1.0277472 0.8225382 1.1214405
[5493, 0.4847852, 0.9932704, 6.1696696, 0.8437712] 2.398163 1.058283 0.9241008 1.2040936
[5494, 0.5530235, 0.68642426, 4.800418, 0.69848233] 2.2493048 0.91422576 0.9563025 1.0752957
[5495, 0.5755289, 0.9619696, 3.458504, 0.5697693] 2.8132598 0.90213835 0.85355616 1.3438026
[5496, 0.6029502, 0.9391688, 4.011857, 0.48485053] 2.8530035 0.87109303 0.8838197 1.1539583
[5497, 0.49026105, 1.001284, 5.8933144, 0.72689396] 2.5201373 1.0498998 0.91664726 0.9881843
[5498, 0.5179026, 0.71615404, 4.927202, 0.4455433] 2.2412677 0.8512994 1.0053204 1.150627
[5499, 0.51521087, 0.8431547, 7.469805, 0.6243527] 2.3234015 1.0568433 0.9596849 1.0366362
[5500, 0.44225827, 1.0473902, 4.7448754, 0.50757945] 2.8502727 1.0222062 0.763384 0.8920681
[5501, 0.53861886, 0.69634855, 4.388299, 0.67898726] 2.3702009 0.88004845 0.72708863 1.0675997
[5502, 0.57438236, 0.9305197, 5.198325, 0.6746155] 2.6205876 0.89105684 0.83065635 1.2470036
[5503, 0.57107896, 0.8572331, 8.259597, 0.37473956] 2.4815297 1.0393175 0.808272 0.9902583
[5504, 0.43192354, 1.0807997, 5.201545, 0.55472726] 2.6706746 0.966728 0.8674134 1.1901385
[5505, 0.5393123, 0.9622291, 4.267878, 0.4982791] 2.817323 0.99115986 0.78609985 1.0178946
[5506, 0.5431802, 0.97492325, 5.0729523, 0.51322895] 2.5932841 1.1191154 0.8044802 1.124667
[5507, 0.5701219, 0.9544582, 3.5216515, 0.58902436] 2.9565675 0.8909698 0.8024977 1.1061716
[5508, 0.5166882, 0.62415296, 4.257403, 0.542788] 2.2090151 0.8973327 0.90663874 1.0656796
[5509, 0.45789608, 1.0080004, 6.7783303, 0.82000804] 2.5179057 0.7633992 0.9292333 1.257878
[5510, 0.54338527, 0.82027763, 6.4935217, 0.6957434] 2.355982 0.9044372 0.9107098 1.1336575
[5511, 0.49445266, 1.0188872, 5.0439672, 0.80032533] 2.606475 0.9848636 0.93948567 1.1378889
[5512, 0.48534918, 1.0274016, 6.0719295, 0.7012376] 2.6913097 0.9653379 0.826661 0.856657
[5513, 0.5035872, 0.89522463, 8.519883, 0.62048215] 2.358096 1.0072619 1.0096375 1.0156294
[5514, 0.45561102, 0.8945313, 7.520933, 0.615288] 2.3191557 1.0579832 0.9892003 1.020917
[5515, 0.56481886, 0.94823545, 5.6574464, 0.49942207] 2.3903308 1.0338594 0.96251786 1.3112226
[5516, 0.45041075, 1.0447726, 5.211986, 0.62434834] 2.682792 0.8975835 0.83044285 1.0635574
[5517, 0.4704192, 1.0443108, 6.0240273, 0.65400195] 2.6488907 0.93281436 0.88727283 0.97882
[5518, 0.4226707, 0.85683, 7.147934, 0.7358644] 2.3153012 1.02071 0.9020047 1.0888202
[5519, 0.54141015, 0.95347315, 6.6938553, 0.5915617] 2.5909555 0.97634053 0.7756416 1.030483
[5520, 0.42293733, 1.0232296, 6.146443, 0.96947443] 2.5164015 1.0203757 1.0068468 0.94225866
[5521, 0.63344926, 0.90089977, 3.8716779, 0.4886543] 2.71909 0.94539934 0.9243837 1.2814436
[5522, 0.47038627, 1.053575, 5.123598, 0.57051414] 2.6216319 0.9736291 0.9793057 1.1122504
[5523, 0.5331698, 0.98599035, 4.615917, 0.4983971] 2.6802523 0.97806656 0.8453847 1.172814
[5524, 0.35877687, 1.0973341, 4.5073752, 0.43447202] 2.754039 1.1139008 0.69408166 1.0588049
[5525, 0.43202364, 1.0455756, 4.0387325, 0.44120884] 2.93575 0.90323085 0.8207088 0.95536095
[5526, 0.53732353, 0.94927627, 5.085169, 0.7225743] 2.655134 1.1030531 0.9044779 0.81221193
[5527, 0.48198083, 0.80273604, 6.3997784, 0.64663625] 2.2404068 0.8971765 0.9206411 1.3024957
[5528, 0.47548342, 1.0314659, 5.7565956, 0.7375434] 2.5905561 1.0321575 0.8637705 1.0233192
[5529, 0.48713398, 0.94724965, 6.4117227, 0.69303155] 2.5264206 0.98464185 0.83406603 1.0240772
[5530, 0.41867724, 1.0610266, 4.411351, 0.40981355] 2.6180308 0.9966159 0.85954493 1.1532027
[5531, 0.56719506, 0.9601694, 4.773677, 0.50065786] 2.7429414 1.016017 0.8326505 0.98238564
[5532, 0.5676552, 1.0030468, 2.3254, 0.48519614] 3.0787377 1.0114508 0.82911074 1.2741427
[5533, 0.50365114, 1.0035659, 5.7487674, 0.8230189] 2.5284097 1.0613424 0.808477 1.1008526
[5534, 0.47313398, 1.03944, 4.2359624, 0.5506507] 2.8316977 1.0689888 0.8614597 1.0563728
[5535, 0.52969164, 0.8466378, 7.8011675, 0.57393795] 2.4698672 1.0276709 0.80269635 0.9460551
[5536, 0.5145547, 1.0349488, 4.0195436, 0.5994217] 2.80779 1.0428476 0.8245387 1.1141657
[5537, 0.42025962, 1.0858579, 5.5065393, 0.70358616] 2.6663184 1.0374827 0.8624339 0.95609653
[5538, 0.5694795, 0.9120006, 6.269348, 0.5360146] 2.3887486 1.152006 0.95021546 1.094869
[5539, 0.5129687, 1.0133047, 5.5937767, 0.57891184] 2.7153292 0.95617914 0.85493493 0.9760165
[5540, 0.4271764, 1.0570666, 6.2067513, 0.38846624] 2.524987 1.1097465 0.88687646 1.0486244
[5541, 0.40063366, 0.99021703, 8.114346, 0.7909004] 2.3812356 0.9252137 0.91027975 1.2344836
[5542, 0.40959945, 1.0167205, 8.003765, 0.7561364] 2.3887818 0.8892731 0.95250285 1.3225636
[5543, 0.7356731, 0.5451375, 4.691782, 0.4443718] 2.2385757 1.015825 0.9377834 1.0132929
[5544, 0.5287674, 0.81432515, 6.3322945, 0.40590733] 2.3696914 1.0067848 0.7318171 1.1721272
[5545, 0.6094001, 0.63989884, 4.6897345, 0.46112314] 2.1738527 0.9010636 0.9951634 1.1286075
[5546, 0.5105998, 1.007599, 5.647282, 0.5169643] 2.5260322 1.0809265 0.79783624 1.2573665
[5547, 0.6732644, 0.57932514, 5.6582093, 0.6106658] 2.3925726 0.98400444 0.84443605 0.9162384
[5548, 0.37824804, 1.085589, 4.200714, 0.4805866] 2.6900666 0.9040553 0.9386948 1.0394338
[5549, 0.56270146, 0.9679853, 4.214883, 0.8321146] 2.8493888 1.0056357 0.86678463 1.0911379
[5550, 0.5597786, 0.9840004, 5.67296, 0.67357415] 2.6063058 0.91473794 0.9013008 1.1346974
[5551, 0.4398294, 1.0362161, 4.5350356, 0.49648967] 2.682921 0.99794734 0.86549443 1.0063999
[5552, 0.49732432, 1.0174142, 5.7725673, 0.38583186] 2.6458733 1.017267 0.8521057 1.0344561
[5553, 0.4454979, 0.99460447, 6.2131248, 0.53655016] 2.4531024 0.9707522 0.93153465 1.1269832
[5554, 0.45347542, 1.0412021, 4.3745837, 0.50040746] 2.857455 0.9264621 0.8348368 1.0989287
[5555, 0.5713261, 0.8853304, 6.5958066, 0.9606177] 2.534085 1.0071095 0.7984189 0.9995405
[5556, 0.6172445, 0.8891616, 5.900774, 0.4793874] 2.7362125 0.8881138 0.69673467 0.9543328
[5557, 0.44732755, 0.98664975, 6.852293, 0.4898243] 2.5427923 0.9907738 0.91243774 0.92086834
[5558, 0.579507, 0.944141, 4.720686, 0.49429166] 2.7189898 0.87984645 0.81308633 1.1326476
[5559, 0.5181957, 1.0216472, 4.1742, 0.4768084] 2.6427255 1.1015359 0.9190714 1.1928741
[5560, 0.6234348, 0.92369336, 3.9529982, 0.5964782] 2.9918363 0.9918119 1.0321409 0.7797403
[5561, 0.4019613, 0.6443814, 3.992523, 0.6871551] 2.1678207 0.95525473 0.8037387 1.1003149
[5562, 0.4654992, 1.040298, 5.0145564, 0.5420699] 2.6526403 1.1558735 0.8349187 1.0312738
[5563, 0.60694355, 0.9142069, 4.081716, 0.50233126] 2.7372222 0.9382594 0.91779876 1.195042
[5564, 0.54432464, 0.9669478, 3.670608, 0.43580174] 2.8593483 0.8896908 0.6812704 1.286112
[5565, 0.48791468, 1.0085937, 6.4819736, 0.68241763] 2.6232762 1.0312647 0.79955506 0.96335775
[5566, 0.41199586, 0.7248176, 4.249795, 0.6875764] 2.1102526 0.8984213 0.93172854 1.3075962
[5567, 0.55088353, 0.81263095, 6.964527, 0.7592787] 2.3778672 1.0143795 0.8836178 1.0725166
[5568, 0.45367044, 1.0360467, 4.760142, 0.7401474] 2.643947 0.9904768 0.8122986 1.1150415
[5569, 0.4812282, 1.0236692, 5.1229615, 0.578168] 2.6687284 1.093407 0.83651495 0.9400302
[5570, 0.41438067, 1.0497086, 4.54473, 0.40956724] 2.692476 1.0060208 0.81366014 0.9921629
[5571, 0.5063579, 0.95606184, 6.4634976, 0.6835008] 2.592977 0.8249815 0.92792493 1.0382946
[5572, 0.5801094, 0.9684499, 3.7774572, 0.7514872] 2.9366868 0.87671494 0.8932331 1.044581
[5573, 0.44436148, 1.0373657, 4.8652954, 0.5353186] 2.8127306 0.8564395 0.8536782 0.9764045
[5574, 0.5108678, 1.008448, 3.2266166, 0.75098324] 2.9138107 1.14357 0.7822346 1.1278476
[5575, 0.6075596, 0.7055263, 6.1778197, 0.51848924] 2.13448 1.0209111 1.0442196 1.2132326
[5576, 0.5254348, 0.9625792, 6.264319, 0.7565285] 2.521901 1.0049825 0.8101154 1.1185439
[5577, 0.5224852, 0.9264688, 6.6126246, 0.6492944] 2.5960166 0.9336899 0.8902227 0.87132746
[5578, 0.41346887, 1.0623652, 4.2517023, 0.75113547] 2.7573504 1.1054556 0.89378947 1.0637057
[5579, 0.536831, 0.95460325, 6.679199, 0.53388965] 2.6444213 0.9543627 0.70689195 0.9866038
[5580, 0.6483519, 0.88498074, 4.4606924, 0.57813877] 2.6145844 1.0286728 0.79028904 1.1354393
[5581, 0.54052925, 1.0126221, 3.8366504, 0.6418566] 2.7310205 1.0017158 0.9071479 1.2285324
[5582, 0.48691878, 1.0126395, 5.5137796, 0.4810075] 2.6901617 0.9497611 0.8241472 1.049426
[5583, 0.45566738, 1.0394487, 4.2372665, 0.29529184] 2.6751707 0.9870107 0.8105854 1.2568177
[5584, 0.54339707, 0.81771123, 7.857645, 0.45753086] 2.2392743 0.9991796 1.0050313 1.2384268
[5585, 0.5535208, 1.0016587, 4.2811365, 0.59449667] 2.7970953 0.98792475 0.75609267 1.2064401
[5586, 0.5083338, 1.004031, 3.5344374, 0.65676975] 2.8348858 1.125532 0.7959421 1.0789243
[5587, 0.55994505, 1.0011983, 3.4762855, 0.82499033] 2.9183228 1.1942163 0.8639179 0.87686056
[5588, 0.4724407, 0.9654287, 7.0929146, 0.9238532] 2.5608613 0.97247183 0.8631117 0.9237467
[5589, 0.52500165, 0.9678607, 7.5017543, 0.9332685] 2.582446 0.9549862 0.802211 1.0136975
[5590, 0.5335933, 0.9763404, 4.909809, 0.47550607] 2.583425 1.0109559 0.8441879 1.2206125
[5591, 0.5204464, 0.9948664, 3.7949114, 0.41221008] 2.7084122 0.89703244 0.90492684 1.2144684
[5592, 0.4015135, 1.0587783, 6.9848623, 0.5316231] 2.4660532 0.9667991 0.9985355 1.1322845
[5593, 0.5172906, 1.0054426, 5.1883507, 0.520048] 2.6144137 1.002193 0.79540026 1.1342351
[5594, 0.47376785, 1.0112355, 4.3212414, 0.6973718] 2.662201 0.8832971 0.83218485 1.2408122
[5595, 0.444163, 0.9343933, 7.378785, 0.92081803] 2.5041797 0.7848088 0.9055564 1.119045
[5596, 0.4520576, 1.0637931, 5.0070148, 0.48359087] 2.7800887 0.8949033 0.78637564 1.0978746
[5597, 0.48319623, 0.9215424, 7.817507, 0.60947794] 2.4240317 0.8698438 0.91909844 1.195048
[5598, 0.45822266, 0.960291, 6.622572, 0.60810816] 2.5201616 0.9401944 0.97242045 0.9026543
[5599, 0.58750033, 0.78900623, 7.781778, 0.7308688] 2.3008332 0.98553747 0.8772543 1.2159144
[5600, 0.50997514, 0.8502359, 7.487385, 0.51839095] 2.255562 0.95295656 1.0304698 1.266374
[5601, 0.53665155, 0.9628174, 6.5742493, 0.86851877] 2.6110532 0.8239324 0.7711353 1.1439304
[5602, 0.59052896, 0.9226851, 5.933063, 0.6917234] 2.3871827 0.9157817 0.882036 1.4224032
[5603, 0.7054183, 0.68691784, 6.0062714, 0.5100391] 2.3522713 1.124237 0.88857645 0.95397216
[5604, 0.5470271, 1.0077333, 4.1292253, 0.88903433] 2.866436 1.0728927 0.8808136 0.99943745
[5605, 0.6423258, 0.66585165, 5.7951083, 0.6728361] 2.2466018 1.2054853 0.90794134 0.9290571
[5606, 0.48871255, 1.0103211, 5.273653, 0.48922363] 2.6443653 0.97776 1.0054462 1.057569
[5607, 0.5418855, 0.81992686, 6.892902, 0.88785446] 2.505592 0.96576643 0.75422007 0.945979
[5608, 0.5630393, 0.9079318, 6.9686084, 0.59884214] 2.4898555 1.0654842 0.8548272 1.0075852
[5609, 0.4673123, 0.8838819, 8.069835, 0.78152496] 2.4417343 0.8978104 0.87594914 1.03324
[5610, 0.58630407, 0.93793714, 3.3130124, 0.6597373] 2.8985496 1.0054092 0.86150974 1.0757419
[5611, 0.46081266, 1.0656846, 5.2225037, 0.573566] 2.5488718 1.1014726 0.9391631 1.2209994
[5612, 0.49639356, 0.9355078, 6.140501, 0.6202059] 2.4394252 1.0133458 0.91054296 1.0543252
[5613, 0.55530125, 0.980937, 4.126895, 0.7169276] 2.8264048 0.9950611 0.9417528 1.1057024
[5614, 0.4830396, 1.0338352, 5.6575522, 0.49002966] 2.5551298 1.0408202 0.9304129 1.1591034
[5615, 0.53595954, 1.0189224, 3.919043, 0.6577947] 2.7407277 0.993531 0.97860223 1.1144534
[5616, 0.46416643, 0.95662177, 7.7183237, 0.68096036] 2.3229368 1.0485414 0.97023886 1.1740613
[5617, 0.52596354, 0.82374984, 6.273762, 0.70248127] 2.4212694 0.90521985 0.8414376 1.1064532
[5618, 0.4988143, 0.98395145, 5.250118, 0.63932407] 2.5965571 1.0885135 0.9477096 0.8981711
[5619, 0.5193537, 1.0143093, 4.841476, 0.8030092] 2.5080771 1.0082442 0.76085657 1.3673915
[5620, 0.43975732, 0.9922032, 7.066122, 0.7451795] 2.3634384 1.09891 1.0075389 1.0608383
[5621, 0.52513343, 0.838524, 7.260251, 0.89119416] 2.3603396 0.93340814 0.9506264 1.1202605
[5622, 0.5171158, 0.6853593, 4.3712506, 0.7319743] 2.263967 0.9476878 0.95725214 0.91889024
[5623, 0.4826636, 0.98987985, 5.502775, 0.71685976] 2.5518322 0.87062985 0.934688 1.1704026
[5624, 0.41236404, 1.1074128, 3.9435847, 0.5090507] 2.8376243 0.94697213 0.9193827 0.96036696
[5625, 0.51814395, 1.0000076, 2.486581, 0.56411177] 3.126631 1.0527322 0.9244606 0.9206385
[5626, 0.47498074, 1.0302963, 5.273176, 0.64149714] 2.5827997 0.8974423 0.9526974 1.1993729
[5627, 0.55222684, 0.8146018, 6.5409274, 0.6528031] 2.3708549 1.0553697 0.936581 0.99606425
[5628, 0.35646385, 0.9721873, 7.548587, 0.7249394] 2.3685467 1.0263188 0.96929157 1.0949239
[5629, 0.5356705, 0.953388, 6.4597487, 0.7430992] 2.6054533 0.98557574 0.7099957 1.0431509
[5630, 0.44251618, 1.0123514, 7.452666, 0.6111587] 2.5380676 0.895574 0.97834635 1.0055157
[5631, 0.59659606, 0.78624994, 5.459652, 0.7243029] 2.537712 0.7288931 0.74516225 1.1653438
[5632, 0.5483403, 0.7505667, 5.672387, 0.5749602] 2.3389044 0.95932955 0.8293567 1.1371224
[5633, 0.538411, 0.9863559, 5.302928, 0.9858709] 2.6903098 0.8766383 0.72303635 1.0964012
[5634, 0.40098223, 1.09092, 4.425346, 0.4864573] 2.8496008 0.9255378 0.8173033 0.9515723
[5635, 0.43353945, 1.0856991, 4.5906672, 0.60628104] 2.742948 1.1412923 0.8942466 0.92787737
[5636, 0.5328335, 0.8733401, 8.189442, 0.91657346] 2.517969 0.8714145 0.88025284 1.0315751
[5637, 0.38611603, 1.0711206, 4.4260845, 0.7092965] 2.8121178 1.0315764 0.90836054 0.8756704
[5638, 0.50503033, 1.0103887, 5.849051, 0.59658384] 2.5802598 0.9835461 0.83170843 1.2524422
[5639, 0.47445276, 1.039209, 5.61556, 0.6976869] 2.7863808 0.93803257 0.7741695 0.8959933
[5640, 0.5713548, 0.795839, 8.575204, 0.39016023] 2.3178055 1.0669993 0.79791766 1.2427756
[5641, 0.5383416, 0.8334234, 7.165328, 0.7242416] 2.466941 1.0099474 0.7902851 0.9938819
[5642, 0.46263382, 1.0521332, 4.293009, 0.73648274] 2.8104954 0.93323135 0.88271445 1.0913877
[5643, 0.5651921, 0.9613979, 5.82258, 0.8684282] 2.5571208 0.98284245 0.97096306 1.0603012
[5644, 0.5622338, 0.82091355, 6.5550685, 0.56483746] 2.398223 0.82659227 0.93761 1.2201116
[5645, 0.49796498, 1.0012851, 4.547072, 0.4472176] 2.6873667 1.1227305 0.91071033 1.02554
[5646, 0.51152116, 1.040208, 3.980708, 0.8728727] 2.826984 0.8758595 0.8954155 1.2593164
[5647, 0.41732815, 1.0633627, 5.1406183, 0.6020486] 2.6084135 0.9553927 0.89405227 1.1524659
[5648, 0.5565107, 0.94155055, 6.0225186, 0.86781603] 2.3913307 0.928211 1.0236526 1.281651
[5649, 0.60421014, 0.87114435, 7.5275483, 0.55718786] 2.4926836 0.9685539 0.8932124 1.0779856
[5650, 0.4707399, 1.0318987, 5.6770787, 0.6408956] 2.7071369 1.0114132 0.85317594 1.0526099
[5651, 0.51818323, 0.85844505, 7.3912864, 0.8075978] 2.3990583 0.8712275 0.84468603 1.1926057
[5652, 0.51015574, 0.9806047, 7.303584, 0.71915585] 2.4657412 0.9013511 0.97894853 1.1607728
[5653, 0.593941, 0.91858375, 4.536472, 0.6798296] 2.6706762 0.867784 0.9598311 0.92880785
[5654, 0.6505024, 0.7998864, 7.091886, 0.68947184] 2.4103537 1.0411665 0.7283781 1.2286812
[5655, 0.54165775, 0.9511166, 6.3747053, 0.57298243] 2.5364053 1.0119165 0.8333057 1.052891
[5656, 0.5727508, 0.8492163, 7.9984913, 0.5091659] 2.4142816 0.9161998 0.91154426 1.1530209
[5657, 0.57409495, 0.90329576, 6.6838574, 0.5310736] 2.4202003 0.98965883 0.9661187 1.1323433
[5658, 0.49499378, 1.0005643, 3.9237552, 0.5582417] 2.856331 0.9496584 0.8118406 1.0748217
[5659, 0.49659017, 0.9867763, 4.36415, 0.44683278] 2.641636 1.0208105 0.87832266 1.0800945
[5660, 0.41941753, 1.0070955, 7.873316, 0.741978] 2.4624643 1.0120227 0.9268565 1.0389789
[5661, 0.47757253, 0.91547406, 8.241322, 0.6081336] 2.3099868 1.1242378 0.9962762 1.0582575
[5662, 0.28205866, 1.1182508, 6.0372643, 0.65257573] 2.458723 1.1464068 0.9193311 1.16522
[5663, 0.553167, 0.9686422, 4.620009, 0.53273916] 2.646625 0.93300533 0.8875027 1.1177993
[5664, 0.53701234, 0.9710876, 4.2824626, 0.47972107] 2.750815 1.0257831 0.7880284 1.128621
[5665, 0.4878489, 1.0184083, 4.5050693, 0.66558856] 2.8022869 1.025724 0.77983177 1.0399697
[5666, 0.4878229, 1.0208977, 5.7855396, 0.6805994] 2.4681208 1.0287824 0.8908995 1.2746806
[5667, 0.46849275, 1.0446577, 4.4846516, 0.9857052] 2.5898468 1.0549662 0.9759886 1.0770131
[5668, 0.5007578, 1.0022402, 4.132534, 0.4953142] 2.8204854 0.8771809 0.8509143 1.21572
[5669, 0.49928448, 1.0051084, 5.3186316, 0.6430051] 2.717285 1.0915264 0.8105722 0.905987
[5670, 0.4969889, 1.0294148, 4.2411785, 0.4665868] 2.9887393 0.9040925 0.7584071 0.9456714
[5671, 0.5740392, 0.8977042, 6.08745, 0.80349016] 2.617656 1.0286843 0.75790465 0.8537187
[5672, 0.60803443, 0.942649, 4.887464, 0.5831566] 2.7428665 0.9603643 0.8626527 1.1473776
[5673, 0.41075528, 1.0758295, 5.791871, 0.8340286] 2.5376894 0.95811015 0.9565768 1.162109
[5674, 0.45233306, 0.9992388, 6.99093, 0.70008576] 2.4676526 1.0390165 0.9337639 1.0199416
[5675, 0.5842662, 0.82720244, 6.7122145, 0.83413726] 2.3259792 1.0889924 0.917172 1.089747
[5676, 0.53694147, 0.9903221, 4.903093, 0.50918204] 2.7266946 1.06802 0.83414006 1.0275913
[5677, 0.55515033, 0.8974383, 7.5526934, 0.8145885] 2.5183003 0.9767282 0.8734139 0.9992335
[5678, 0.50017107, 0.9850947, 6.259051, 0.5577767] 2.5356412 0.9784439 0.8194487 1.1660359
[5679, 0.40120015, 1.0470577, 4.7890916, 0.8381664] 2.4938319 0.98212963 0.99560577 1.1059532
[5680, 0.39176607, 1.0710655, 6.1584654, 0.72537196] 2.5034332 1.0216104 0.93317026 1.1838313
[5681, 0.5949575, 0.88153875, 7.9014497, 0.7175191] 2.389248 1.1601747 0.9707858 0.9121492
[5682, 0.6848028, 0.62938356, 5.4403954, 0.55180836] 2.3702824 0.79224217 0.9157511 1.1660542
[5683, 0.53486097, 0.96859175, 4.9778, 0.6857794] 2.6689303 0.9638632 0.8784581 1.1806325
[5684, 0.5365502, 1.014474, 5.4316616, 0.9413984] 2.681997 0.8911724 0.7551027 1.1277195
[5685, 0.47722006, 0.93240356, 6.7884097, 0.7674437] 2.3902404 1.0165125 1.0616096 1.0040323
[5686, 0.47668383, 0.943809, 6.0220213, 0.5344819] 2.5634637 0.9862049 0.7102352 1.0435154
[5687, 0.50906914, 0.8058545, 7.22519, 0.66740626] 2.2399397 0.9898363 0.93184716 1.2134404
[5688, 0.38831726, 0.92542803, 7.3508086, 0.9120409] 2.3644557 0.9795692 0.96228725 1.1310146
[5689, 0.5195416, 1.0219656, 4.7604647, 0.5304783] 2.7148983 1.0545322 0.7586367 1.0580245
[5690, 0.4617308, 1.0209931, 5.8541794, 0.9043253] 2.6653385 0.864036 0.9278162 0.9883398
[5691, 0.4580665, 1.0247554, 4.7931695, 0.5426087] 2.5836744 0.971603 0.8019181 1.2268839
[5692, 0.4892781, 1.0113688, 6.885443, 0.8538636] 2.6166983 0.8993061 0.8664794 1.0328019
[5693, 0.54174924, 0.9522757, 7.1091385, 0.84092164] 2.5198019 1.0049012 0.8323517 1.1112249
[5694, 0.57347685, 0.97637856, 3.7197196, 0.8885962] 2.9049175 0.89506817 1.0010916 1.1022596
[5695, 0.5452162, 0.93971705, 5.6987915, 0.5312525] 2.4430146 1.0433952 0.9838042 1.0438646
[5696, 0.46827778, 1.0387794, 4.719597, 0.65483814] 2.6163838 1.155762 0.82946587 1.074829
[5697, 0.5200716, 0.884595, 7.7895536, 0.72456044] 2.4245725 1.0622009 0.8875623 0.95350564
[5698, 0.43852794, 1.0757444, 5.5549245, 0.5620386] 2.7222571 0.8923455 0.8357455 0.99925154
[5699, 0.6362683, 0.80420816, 9.014683, 0.5282783] 2.5967472 0.94154745 0.78439015 0.8774871
[5700, 0.47460753, 0.9304259, 7.5948124, 0.63368255] 2.461145 0.8785055 0.86859673 1.1036533
[5701, 0.43069306, 0.64498836, 4.009192, 0.55413914] 2.1577997 0.9678087 1.0070003 0.8952402
[5702, 0.40893677, 0.9827055, 9.070234, 0.83923274] 2.4140594 0.94249487 0.9631624 1.0866547
[5703, 0.42605343, 1.0193939, 5.9347525, 0.8644041] 2.5421283 0.9907915 0.9358648 0.9516673
[5704, 0.49681768, 1.025284, 4.608819, 0.51632106] 2.7426531 1.0248163 0.79855967 1.0774406
[5705, 0.5467866, 0.98585004, 3.8929017, 0.62307745] 2.8237982 1.1375904 0.78095746 1.1308002
[5706, 0.45841402, 0.922744, 6.557743, 0.72086734] 2.4144287 1.0363591 0.8529854 1.0551159
[5707, 0.53704715, 0.9025232, 7.1927447, 0.9961556] 2.4065075 0.92393667 0.958712 1.1969295
[5708, 0.533408, 0.9800861, 3.618808, 0.61658376] 2.8129475 0.9642311 0.859322 1.1777791
[5709, 0.55195856, 0.8320811, 8.331857, 0.7667035] 2.496581 0.86202574 0.80857706 1.0689069
[5710, 0.48527136, 0.92414856, 10.196773, 0.7088623] 2.4815044 0.9357285 0.79616123 1.0829997
[5711, 0.37733307, 1.0078131, 6.6784143, 0.89576685] 2.4121413 0.95347136 0.9348878 1.194465
[5712, 0.5640344, 0.95949554, 3.0417387, 0.48798862] 2.8513658 1.0195072 0.7181056 1.3139184
[5713, 0.63844484, 0.90004224, 5.239297, 0.5108813] 2.425788 1.0140808 0.8482522 1.3803167
[5714, 0.44875413, 1.060047, 5.1428576, 0.6127394] 2.5172462 1.0523785 0.8160274 1.2458205
[5715, 0.48106238, 0.8503304, 6.3363404, 0.48770407] 2.3738952 0.97713375 0.9726402 1.0184002
[5716, 0.48500243, 0.96607554, 7.7748103, 0.98734903] 2.3995125 0.97417885 0.9880571 1.1053324
[5717, 0.5311089, 0.9269933, 7.828362, 0.8097023] 2.3403375 1.0624299 0.9470316 1.1559632
[5718, 0.5190869, 1.0100143, 5.357264, 0.5150729] 2.6632397 0.9595035 0.73790014 1.2429371
[5719, 0.498058, 0.9376351, 5.815919, 0.72637075] 2.5653195 0.92504895 0.8807756 0.98903257
[5720, 0.4710277, 0.90458286, 7.4607625, 0.904567] 2.5564196 0.77511525 0.843637 1.0070505
[5721, 0.49707264, 0.97123414, 7.655894, 0.986189] 2.570678 0.7434457 0.94494385 1.0747862
[5722, 0.47025517, 1.006384, 5.734324, 0.636929] 2.5426345 1.070178 0.8567433 1.135926
[5723, 0.47751522, 1.0176803, 5.027303, 0.7014019] 2.5951009 0.8856403 0.98596317 1.265307
[5724, 0.5331311, 0.98917323, 5.9316297, 0.79574823] 2.6693127 0.99332833 0.7984256 0.9445661
[5725, 0.5286827, 0.8911086, 8.510682, 0.89814204] 2.5017362 0.9598789 0.77984387 1.0662949
[5726, 0.48773807, 0.72197235, 4.735005, 0.533469] 2.1994715 1.0714428 0.9448371 1.0240023
[5727, 0.53901947, 0.71699107, 4.734774, 0.5076127] 2.237106 0.9116651 0.94670975 1.0854129
[5728, 0.5244822, 1.0033818, 4.2373953, 0.5001727] 2.936769 0.906502 0.6744413 1.0456606
[5729, 0.5148601, 0.9744451, 5.9354496, 0.9166665] 2.356304 0.94930816 0.97739035 1.3560141
[5730, 0.24950428, 1.1803566, 5.0739694, 0.70602185] 2.7018723 1.0569947 0.81146455 0.98160636
[5731, 0.44716057, 1.0130676, 5.8717856, 0.75420594] 2.5096073 0.9489136 0.8284566 1.1991453
[5732, 0.44971797, 1.0258155, 5.313059, 0.5616657] 2.710695 0.9759319 0.8247419 0.93136287
[5733, 0.61477286, 0.91224205, 4.903059, 0.500088] 2.4791198 1.0246339 0.810812 1.3226163
[5734, 0.44067815, 1.0453678, 6.094396, 0.8849695] 2.5138216 1.1101048 0.9275745 1.0237166
[5735, 0.6284296, 0.9065578, 3.0570076, 0.6234323] 3.0384195 0.92168444 0.82750845 1.1128408
[5736, 0.4837624, 0.9896213, 6.609588, 0.6147943] 2.4028845 1.0970217 0.81372225 1.2453817
[5737, 0.5025701, 1.0270028, 4.5168467, 0.5084118] 2.5684776 1.1726661 0.9144377 1.1883879
[5738, 0.51347363, 0.9984645, 4.725311, 0.68609625] 2.6421106 1.029828 0.95230067 1.2273041
[5739, 0.6806067, 0.8697457, 4.465826, 0.6671219] 2.6253772 0.9918398 0.84777313 1.3093051
[5740, 0.52713, 0.99476576, 5.600483, 0.67472774] 2.667144 0.9406729 0.6372918 1.1242676
[5741, 0.48897102, 1.0430816, 4.7524114, 0.53429353] 2.7890873 0.9775034 0.86094975 1.0313025
[5742, 0.5612972, 0.5576407, 3.8847008, 0.57403505] 2.1757035 0.8942615 0.95128965 0.93663627
[5743, 0.56468827, 0.96769154, 5.693024, 0.7900137] 2.5682127 0.97830516 0.81350857 1.1954215
[5744, 0.28193897, 0.5928047, 4.323067, 0.74040824] 2.1047688 0.9214323 0.8504593 1.032839
[5745, 0.5062022, 1.0100363, 3.4968917, 0.56714123] 2.8078003 1.088832 0.84516335 1.0584779
[5746, 0.55331296, 0.907178, 7.1300335, 0.7565558] 2.3432605 1.0532192 0.88644105 1.2289312
[5747, 0.55490047, 0.89831275, 7.369422, 0.6290109] 2.295613 1.0731453 0.92815375 1.2995995
[5748, 0.50770944, 1.0034572, 5.634242, 0.8804031] 2.5774217 0.99152976 0.9259935 0.9737155
[5749, 0.43675777, 1.0658041, 4.9307036, 0.63300484] 2.641603 0.97804224 0.8571141 1.0260137
[5750, 0.48010686, 1.0267282, 4.1834645, 0.3731647] 2.7637546 1.0422233 0.72323513 1.0422118
[5751, 0.4422302, 1.0625404, 4.6529274, 0.49780756] 2.7302175 1.0633041 0.8092594 1.0185795
[5752, 0.39404002, 1.0579764, 4.9227934, 0.80084306] 2.5540423 1.0342 0.88637894 1.0278902
[5753, 0.5288436, 0.9227281, 7.99072, 0.74429756] 2.4486582 0.9668784 0.8957868 1.1130061
[5754, 0.5420822, 0.9681927, 3.8211567, 0.43423632] 2.8400264 1.0576084 0.7678436 1.0350529
[5755, 0.47568864, 0.9102309, 7.6552706, 0.79259855] 2.4154887 0.954041 0.9545743 1.109982
[5756, 0.33843142, 1.0247229, 6.836544, 0.9319442] 2.49226 0.90989417 0.8599457 1.1156662
[5757, 0.48678005, 1.0077064, 5.362699, 0.7669149] 2.6607392 0.96873415 0.7403099 1.0457495
[5758, 0.48419046, 1.0310779, 4.059175, 0.6971606] 2.8691947 1.1526716 0.8273496 1.0025835
[5759, 0.6259247, 0.74600136, 6.470043, 0.8680477] 2.4584408 0.88468355 0.83398217 1.0622301
[5760, 0.48401022, 1.0099775, 4.515822, 0.6308694] 2.7172105 0.99234676 0.8190481 1.1884097
[5761, 0.5494665, 0.96977365, 4.8839, 0.35751626] 2.7592888 0.95123893 0.81590915 1.0956703
[5762, 0.5299642, 1.0034074, 5.58298, 0.49261153] 2.5064378 0.915151 0.9589218 1.2430515
[5763, 0.4659592, 1.058111, 5.6517453, 0.53223693] 2.803373 0.97729844 0.75128907 0.8813913
[5764, 0.45231092, 1.0682313, 4.1819053, 0.56479025] 2.8817258 0.9814987 0.83276284 1.0102137
[5765, 0.4898136, 1.0084634, 5.199934, 0.6440416] 2.634497 0.80785406 0.7605444 1.2057542
[5766, 0.44533256, 0.86574584, 7.443708, 0.5168468] 2.3514023 1.0387353 0.9811824 0.9441777
[5767, 0.41889194, 1.0602959, 4.747389, 0.5376539] 2.5189002 1.0778135 0.9228129 1.1222804
[5768, 0.5533246, 0.81277895, 8.731234, 0.6675581] 2.284044 1.0520774 0.81987 1.2261397
[5769, 0.5298546, 0.9922071, 4.9114666, 0.4496565] 2.6761086 0.96299136 0.8535853 1.1033703
[5770, 0.63498425, 0.6718198, 5.302641, 0.61226344] 2.25478 1.0279275 0.83048445 1.1374899
[5771, 0.5443029, 1.0007823, 5.337978, 0.7098501] 2.689116 0.94214255 0.9348104 0.8754019
[5772, 0.5599309, 0.9422282, 6.0384803, 0.63211054] 2.598978 0.7703452 0.86849624 1.2686111
[5773, 0.47644526, 1.0113161, 4.826694, 0.41393676] 2.7122543 0.99801046 0.80330414 1.123611
[5774, 0.5340787, 1.0091159, 4.687176, 0.7774668] 2.7849944 0.9953338 0.876029 1.0428394
[5775, 0.57410157, 0.64328563, 4.579754, 0.47746024] 2.1067634 1.0601747 0.94666904 1.1582621
[5776, 0.4797727, 1.0106703, 7.071089, 0.980191] 2.414434 0.9807147 0.89194256 1.2209128
[5777, 0.47307408, 1.0426909, 6.4623895, 0.8516371] 2.6666975 0.98005974 0.8284043 0.89665323
[5778, 0.42712942, 1.0481397, 5.2910485, 0.40011483] 2.784949 0.9904452 0.8236827 0.9257419
[5779, 0.4387241, 1.0454056, 5.075157, 0.5339704] 2.737655 0.954658 0.84963065 0.9397681
[5780, 0.5306473, 0.96735287, 7.6912823, 0.6561377] 2.4355168 0.96907294 0.9459477 1.1643783
[5781, 0.6234514, 0.67300403, 5.5283804, 0.57364553] 2.1317878 1.0499676 0.88497204 1.298389
[5782, 0.4825825, 1.051675, 4.015541, 0.6188477] 2.8417997 0.85933936 0.84254885 1.057375
[5783, 0.40632215, 1.0448817, 6.025198, 0.6128398] 2.5322783 0.90658915 0.8777624 1.1498889
[5784, 0.5883778, 0.9569125, 4.748205, 0.48804] 2.7169385 0.9875226 0.82408136 1.0721002
[5785, 0.5277565, 1.0134685, 5.5081673, 0.61402917] 2.656453 0.9125785 0.9384382 1.1086345
[5786, 0.52425903, 0.99957675, 5.367002, 0.50945735] 2.6400805 1.0412103 0.8009144 1.065207
[5787, 0.648678, 0.8833997, 4.696144, 0.57964396] 2.7451506 0.98676884 0.79638314 1.063254
[5788, 0.51632375, 0.8604411, 7.8637056, 0.5523568] 2.3950756 1.0322351 0.7626399 1.1604928
[5789, 0.5436808, 0.97481275, 5.444759, 0.7596469] 2.520859 1.0212018 0.82484865 1.1498076
[5790, 0.50903976, 1.1029193, 2.635166, 0.70236826] 3.2425337 0.96319324 0.8538493 1.0701375
[5791, 0.5100642, 1.0191301, 5.1461654, 0.4149602] 2.819799 0.9538461 0.7157713 1.109578
[5792, 0.5528366, 0.9585072, 4.6943965, 0.6199184] 2.7761738 0.96558785 0.9011407 1.0502735
[5793, 0.42883155, 1.0360698, 5.67586, 0.8135006] 2.588953 1.161757 0.882731 0.84031296
[5794, 0.5687478, 0.8926155, 5.775617, 0.8439601] 2.4265199 0.9199756 0.8301601 1.2534472
[5795, 0.5962005, 0.8466006, 8.467976, 0.9548937] 2.3656054 0.92379713 1.008194 1.1183879
[5796, 0.49832708, 1.0223079, 5.5628395, 0.60917795] 2.6234 0.92893285 0.8089075 1.140246
[5797, 0.4196746, 0.9852219, 6.83288, 0.6073082] 2.4491763 0.9468114 0.858118 1.1508636
[5798, 0.48777202, 1.0398276, 3.5647988, 0.6685337] 2.9221015 1.1072791 0.77716994 0.97628367
[5799, 0.43078735, 1.056569, 5.1926045, 0.48622215] 2.6876554 1.0318372 0.80953795 0.95275044
[5800, 0.4967412, 1.0097526, 5.9488044, 0.56813276] 2.6047697 0.9895583 0.7458715 1.0891151
[5801, 0.5865183, 0.5779559, 3.8749895, 0.70626307] 2.012009 0.93274826 0.9509861 1.2581942
[5802, 0.4589932, 0.97453874, 6.8080215, 0.8386799] 2.5950532 0.86826885 0.84177727 1.0488604
[5803, 0.60032237, 0.93028396, 4.1004877, 0.49978268] 2.7973952 1.0614702 0.79107386 1.0747544
[5804, 0.53583676, 0.92385864, 7.7158647, 0.7370601] 2.6100073 0.8697911 0.86214745 0.8967927
[5805, 0.5640323, 0.9079581, 5.947468, 0.61788416] 2.4424744 1.1157174 0.92119926 1.0597558
[5806, 0.4158742, 0.99915504, 6.56215, 0.98319197] 2.3972614 0.9235472 1.0005151 1.2357867
[5807, 0.60820454, 0.84721905, 7.726727, 0.874054] 2.3981504 0.97926056 0.8718982 1.2224283
[5808, 0.44762123, 1.004177, 7.31561, 0.72430694] 2.443401 0.93555266 0.92388004 1.1690118
[5809, 0.47485414, 1.0451021, 4.971082, 0.62077767] 2.7291276 0.99736506 0.9606687 1.0905387
[5810, 0.5410404, 1.0087179, 4.163299, 0.86639535] 2.7250223 0.97169685 0.9456543 1.1835058
[5811, 0.43704075, 1.0482299, 5.9484797, 0.63043964] 2.6007586 0.84843963 0.9101342 1.1389785
[5812, 0.57259625, 0.95186836, 3.3104217, 0.54215324] 2.900233 0.94020885 0.7721721 1.1266464
[5813, 0.47546905, 1.0004394, 7.119942, 0.956075] 2.546134 0.95436233 0.8659405 1.0745171
[5814, 0.49537948, 1.0149708, 4.895087, 0.5916428] 2.6528213 1.0840586 0.823218 0.9365821
[5815, 0.55446196, 0.85985345, 7.1735673, 0.54711276] 2.3776963 1.0942062 0.82264566 1.1274194
[5816, 0.43775883, 1.0321075, 6.6057687, 0.82085884] 2.537236 0.865898 0.8294931 1.1748245
[5817, 0.6049297, 0.8729972, 6.2929406, 0.96511286] 2.5313365 1.0131226 0.85908985 1.0170918
[5818, 0.41077638, 1.0169138, 7.860891, 0.9648424] 2.4376912 1.0191443 0.8812614 1.121304
[5819, 0.3781802, 1.0499542, 6.7162504, 0.85121095] 2.5513494 0.95254064 0.95406646 0.9836962
[5820, 0.53113407, 1.012542, 5.376152, 0.61266375] 2.6903045 0.9584977 0.7197374 1.0664214
[5821, 0.55501306, 0.82268625, 8.090053, 0.6363217] 2.4080136 1.212604 0.8266582 0.9279213
[5822, 0.54120743, 0.97282577, 4.030547, 0.9211789] 2.778251 0.99368197 0.9707194 1.0667835
[5823, 0.5193405, 0.98791236, 5.3684916, 0.5101814] 2.5378034 0.9819976 0.9663227 1.0533603
[5824, 0.46266103, 0.95890266, 7.628618, 0.62692595] 2.533466 0.8964976 0.8350092 1.0560243
[5825, 0.47904626, 1.0104336, 6.6994934, 0.9295524] 2.5400069 0.9481112 0.7667013 1.1799217
[5826, 0.45389044, 1.0433376, 4.9620266, 0.64131075] 2.6300125 0.9901845 0.97833115 1.1072987
[5827, 0.49659848, 1.0021429, 5.9424596, 0.7149428] 2.6672072 0.7978722 0.8123582 1.0744263
[5828, 0.4939832, 0.87069315, 6.5109334, 0.66777176] 2.378897 0.7992517 0.9781972 1.1871384
[5829, 0.5669521, 0.97492045, 5.058866, 0.65479964] 2.7738056 1.029397 0.8570023 0.669136
[5830, 0.537593, 0.6847122, 4.913985, 0.5020817] 2.298633 0.9251092 0.89121574 1.0210326
[5831, 0.4146069, 1.0021943, 7.0001016, 0.91737306] 2.4687173 0.9741664 0.7976507 1.1954671
[5832, 0.515698, 0.8345359, 6.238678, 0.73098165] 2.4180984 0.8929523 0.9830753 1.0512468
[5833, 0.49084944, 1.0159602, 4.8593, 0.37253967] 2.638254 1.0838529 0.8795019 1.0704207
[5834, 0.521582, 0.7214192, 5.198189, 0.4423495] 2.3346229 0.8984152 0.7817999 1.0828322
[5835, 0.47512764, 1.0349703, 4.799333, 0.54502565] 2.7331085 1.0041856 0.7986625 0.9744963
[5836, 0.5147403, 0.89629936, 7.748252, 0.63053423] 2.4554086 0.91574776 0.90595055 1.0663627
[5837, 0.5164023, 0.9936087, 5.6261754, 0.5128555] 2.5557969 0.9930217 0.93737435 1.0218785
[5838, 0.48340538, 0.9917394, 6.141065, 0.9384856] 2.5190048 1.0262979 0.88790977 1.0524836
[5839, 0.55982345, 0.8273894, 8.087936, 0.9539917] 2.4132547 0.9057489 0.8973834 1.0856649
[5840, 0.5300045, 1.0294151, 4.930483, 0.5356027] 2.6314614 1.0784206 0.9866472 1.066522
[5841, 0.47641394, 1.0007386, 5.031137, 0.67618775] 2.5519967 0.9531865 0.8921037 1.2052569
[5842, 0.32946756, 1.1116394, 4.5531945, 0.60230124] 2.828941 1.0451133 0.7981886 0.9716817
[5843, 0.46524486, 0.9213449, 7.3853636, 0.8293369] 2.4352052 0.95956063 0.8788243 1.1316874
[5844, 0.38579303, 1.0725545, 4.1774187, 0.5643486] 2.8580616 0.9511275 0.887637 0.8847733
[5845, 0.5923191, 0.93596995, 4.2272778, 0.4379359] 2.6196473 0.9997284 0.8375721 1.2916241
[5846, 0.56812304, 0.82305163, 7.549199, 0.6786999] 2.4851556 0.86303693 0.81067526 1.0972562
[5847, 0.63580835, 0.7165944, 7.898849, 0.38997674] 2.2759695 1.1068583 0.9734616 1.0072532
[5848, 0.36027837, 1.0925543, 5.7115884, 0.5805695] 2.5899715 1.0617597 1.0487078 1.0623252
[5849, 0.4930757, 1.022112, 5.5847616, 0.5158178] 2.5948548 0.9510839 0.8802842 1.1363323
[5850, 0.48394233, 1.0202347, 4.021703, 0.522142] 2.8193676 1.0850123 0.8518454 1.0296278
[5851, 0.46149677, 1.0278741, 3.8353677, 0.5093345] 2.8256004 0.906537 0.8186416 1.1154525
[5852, 0.5267599, 1.015889, 6.078022, 0.61058396] 2.5435472 1.0353659 0.8461813 1.2461287
[5853, 0.5730803, 0.81876326, 7.4959645, 0.70345336] 2.3712924 1.0058575 0.83549005 1.087647
[5854, 0.61502415, 0.929115, 2.7240496, 0.55378336] 2.9025736 1.0558918 0.79081166 1.3284795
[5855, 0.392243, 1.0794146, 5.6094594, 0.90040576] 2.4468424 1.061524 0.9334349 1.2403774
[5856, 0.7025838, 0.6729843, 8.490576, 0.7102134] 2.4087052 1.1016445 0.72786415 1.0511293
[5857, 0.57604903, 0.96388936, 4.9271955, 0.39558667] 2.701083 0.97805977 0.7148676 1.1067073
[5858, 0.6211509, 0.6378964, 4.862338, 0.64298105] 2.2409997 0.9098443 0.8314195 1.1911392
[5859, 0.4418864, 1.0881008, 3.630867, 0.6095094] 2.8491864 1.0693148 0.8247898 1.1277746
[5860, 0.6263956, 0.8813477, 5.307016, 0.55394363] 2.731123 0.88349676 0.7133081 0.9997865
[5861, 0.5730694, 0.9442539, 4.9439015, 0.6341087] 2.509546 0.9500184 0.9583361 1.2708931
[5862, 0.5298408, 0.8978394, 7.703523, 0.61906666] 2.3998096 0.9047872 0.9004021 1.2021371
[5863, 0.5654691, 0.9399744, 6.8973284, 0.5402461] 2.4606802 1.0063663 0.818303 1.1866779
[5864, 0.46945935, 0.6485695, 4.5730596, 0.5692253] 2.2117732 1.0089185 0.82817113 1.0289469
[5865, 0.5509754, 0.8498067, 7.8011203, 0.67303675] 2.583522 0.9250322 0.7618007 0.9280396
[5866, 0.5432468, 0.7761975, 5.4827523, 0.4671925] 2.2894552 0.92821234 0.99089324 1.1403434
[5867, 0.51527005, 0.9128336, 7.632969, 0.8112367] 2.5490303 0.88529336 0.8517771 1.0035455
[5868, 0.55042374, 0.66313505, 4.1981573, 0.6676827] 2.2031705 0.8888156 1.0353737 1.0552083
[5869, 0.4456147, 0.8697668, 6.9255433, 0.9847622] 2.4034538 0.85778004 0.879489 1.1354198
[5870, 0.4601325, 1.0489348, 5.2747693, 0.5572217] 2.5588593 1.034498 0.9562447 1.1570717
[5871, 0.53075224, 0.90173656, 7.8493323, 0.5229541] 2.598208 1.0070627 0.80589247 0.8396379
[5872, 0.6111962, 0.95405483, 4.497156, 0.58718675] 2.7680132 1.0180798 0.9059343 0.9883572
[5873, 0.48692653, 0.88002944, 7.817111, 0.56181794] 2.3179014 1.024196 0.94763476 1.185494
[5874, 0.33969092, 1.0037926, 7.834812, 0.89759177] 2.425673 0.89605504 0.9807998 1.0618778
[5875, 0.5766222, 0.9359794, 4.227359, 0.35006726] 2.6103904 1.0750024 0.76857203 1.202276
[5876, 0.45918158, 1.0465018, 4.172279, 0.4079614] 2.8070078 0.97426707 0.77364576 1.0170352
[5877, 0.39223877, 1.0677198, 4.574178, 0.43689224] 2.8261569 0.90938866 0.8180449 0.94504094
[5878, 0.4601197, 1.0172735, 4.4610014, 0.50920814] 2.713772 0.9238795 0.81528133 1.1088305
[5879, 0.38088107, 0.8287357, 5.3786793, 0.6413941] 2.2825217 0.9249034 0.8688154 1.1936334
[5880, 0.5972675, 0.9537381, 4.6295166, 0.42996347] 2.7159793 1.0515406 0.7197955 0.99251676
[5881, 0.43638244, 1.0597562, 6.2674365, 0.743346] 2.6679184 1.0561787 0.99362266 0.8976049
[5882, 0.5731694, 0.7640593, 6.0625486, 0.6731177] 2.3625891 0.9654352 0.91969526 0.99183387
[5883, 0.5675791, 0.87180173, 5.5600324, 0.5855177] 2.3998456 0.90261954 0.8670972 1.2617844
[5884, 0.58304083, 0.7982522, 7.547967, 0.49228257] 2.4465816 1.0744066 0.94744736 0.7867209
[5885, 0.52142185, 0.99470913, 6.840713, 0.72537583] 2.5626712 0.94152284 0.8966565 1.0661892
[5886, 0.42952457, 1.048187, 5.9611754, 0.9552512] 2.571879 1.0145366 0.8957069 1.0348141
[5887, 0.43174824, 1.057108, 4.9343243, 0.4725686] 2.6237931 1.0003152 0.847645 1.0600817
[5888, 0.45183057, 0.9836819, 6.7715693, 0.9281668] 2.4790635 0.9814925 0.88416314 1.0611333
[5889, 0.4684755, 1.0290397, 5.0017295, 0.6873195] 2.6120834 1.0068281 0.8368968 1.0664159
[5890, 0.4750781, 1.0250847, 5.173894, 0.4310462] 2.7784274 0.843818 0.6694942 1.1998489
[5891, 0.55504555, 1.027461, 3.9199438, 0.76320374] 2.7206159 0.9874184 1.0942676 1.1234031
[5892, 0.5140819, 0.9886515, 4.739711, 0.45394254] 2.646953 1.0101036 0.85571915 1.1939394
[5893, 0.55104196, 0.97498363, 5.661548, 0.4706603] 2.4962945 0.9845162 0.8560296 1.3501226
[5894, 0.57982796, 0.73488516, 5.5164156, 0.4725908] 2.315523 0.97732264 0.8060312 1.1184727
[5895, 0.5708789, 0.9417377, 3.2701507, 0.55051196] 2.930961 0.8659374 0.8396921 1.2549978
[5896, 0.544804, 0.7460875, 5.6459, 0.5361673] 2.2296007 1.0278183 0.9271791 1.1559916
[5897, 0.5389835, 0.9586068, 5.7720833, 0.8342099] 2.5623727 1.024707 0.8769596 1.0600586
[5898, 0.5658025, 0.92455417, 6.617441, 0.83363163] 2.4265616 0.9622565 0.9719384 1.1394892
[5899, 0.5094175, 1.0399427, 5.3120933, 0.7571042] 2.6389105 0.8222762 0.89158154 1.2066625
[5900, 0.47700834, 0.9693049, 6.82885, 0.644459] 2.46153 1.0276926 0.99874073 0.9650302
[5901, 0.5004252, 0.94007397, 9.705921, 0.85157675] 2.5480938 0.8303681 0.8751105 1.0445634
[5902, 0.50847113, 0.9728952, 7.4564834, 0.5344225] 2.4436898 1.00244 0.8773357 1.1598254
[5903, 0.5431164, 0.9501512, 7.283552, 0.50644064] 2.5593288 1.0135946 0.8827632 0.9244714
[5904, 0.5609213, 1.0014064, 5.417597, 0.61390966] 2.5775118 0.82760364 0.8724161 1.3796831
[5905, 0.44261718, 1.0057514, 6.62542, 0.94077843] 2.4987195 0.9435221 0.8174438 1.1126038
[5906, 0.43858954, 1.0583487, 2.8318276, 0.6915333] 3.0223413 1.0742782 0.85281 0.9641935
[5907, 0.4884247, 0.95515186, 6.312652, 0.6019555] 2.626514 1.0025072 0.77673846 0.9016285
[5908, 0.5375673, 0.99148226, 4.8356886, 0.56473804] 2.7986724 0.98694247 0.8333664 0.91920143
[5909, 0.460173, 1.0222284, 6.2193017, 0.5699706] 2.535089 0.9508782 0.84140646 1.1920878
[5910, 0.51489353, 0.99430686, 6.022017, 0.48050848] 2.6171439 1.0238031 0.8031799 0.98047245
[5911, 0.46901572, 1.0457053, 6.3492947, 0.7048068] 2.567117 1.0621642 0.8219481 1.0261909
[5912, 0.4240532, 0.9965422, 6.769995, 0.60370123] 2.5338159 0.8763847 0.84092706 1.1556406
[5913, 0.53009397, 0.9989303, 5.4402676, 0.8806659] 2.587744 0.8515125 0.97352785 1.1714689
[5914, 0.4889603, 1.0084563, 4.3153353, 0.6065747] 2.7733212 0.99176747 0.89549685 0.9691186
[5915, 0.40447587, 0.97857904, 8.203029, 0.5661236] 2.3813057 0.9628635 1.0718552 1.0475417
[5916, 0.50935644, 1.0159856, 4.806444, 0.57109654] 2.8210826 0.9476637 0.8725763 0.92611057
[5917, 0.43428805, 1.0477303, 4.3881903, 0.51191175] 2.7374525 0.96168953 0.8293002 1.1808413
[5918, 0.5147111, 0.8178599, 6.750584, 0.61475587] 2.3243504 0.979543 0.8183609 1.1993884
[5919, 0.49526602, 0.9318574, 7.6941013, 0.58025557] 2.5946312 0.93710804 0.76921564 0.95359224
[5920, 0.5067901, 0.83497506, 6.2299957, 0.7640242] 2.3891807 0.9886636 0.883529 0.9978252
[5921, 0.4727198, 1.0184271, 4.298508, 0.5504354] 2.6609697 1.0036079 0.9809224 1.1552622
[5922, 0.5370817, 0.8452535, 6.6820745, 0.65904665] 2.3476605 0.94153655 0.94817936 1.1494853
[5923, 0.60080147, 0.69343734, 4.751371, 0.4793913] 2.3924506 0.89717984 0.7431206 1.0980315
[5924, 0.4439619, 1.0056612, 7.2201214, 0.6652927] 2.4516344 0.8963677 0.92909294 1.1921577
[5925, 0.5371864, 0.8843504, 7.844287, 0.5073285] 2.2833152 1.0148767 0.96820056 1.2508076
[5926, 0.5457487, 0.7263198, 5.1936045, 0.536909] 2.2331438 0.9548909 1.0733544 1.0134143
[5927, 0.56908876, 0.93999016, 6.4735775, 0.7209219] 2.6016202 0.9002688 0.8260295 1.0985353
[5928, 0.5427083, 0.940326, 6.362189, 0.68114245] 2.4705486 1.0679262 0.81183434 1.1332809
[5929, 0.5801404, 0.87855387, 6.3426394, 0.49682754] 2.310736 1.138851 0.9478263 1.161414
[5930, 0.47081265, 1.048028, 6.5154967, 0.71367794] 2.6475117 0.97612524 0.9441925 0.897307
[5931, 0.52978927, 0.95737076, 6.774828, 0.70323515] 2.5300896 1.0023255 0.89223677 0.99122655
[5932, 0.57575786, 0.958964, 4.6422906, 0.40747964] 2.7314599 1.0577453 0.80519813 1.0119764
[5933, 0.5538399, 0.9867009, 3.9032981, 0.6129504] 2.8149545 0.8981874 0.85697496 1.1980342
[5934, 0.4829123, 0.9704968, 6.958403, 0.93357337] 2.5025804 0.8238046 0.9520512 1.1830301
[5935, 0.60546017, 0.9045411, 8.139342, 0.90667844] 2.4958138 0.8893963 0.7817203 1.1826822
[5936, 0.46551186, 1.0197713, 5.746862, 0.5776616] 2.5178328 1.0437475 0.9889206 1.0855197
[5937, 0.44107285, 1.0673074, 4.9764075, 0.6282417] 2.7197914 0.9039611 0.84517103 1.0507549
[5938, 0.49081397, 1.0339067, 5.8960075, 0.71655995] 2.6846883 0.9644574 0.805471 1.0060278
[5939, 0.4668185, 1.03112, 5.2596974, 0.66021055] 2.7041798 0.93288505 0.82308733 0.9088416
[5940, 0.44001722, 1.0417125, 5.50536, 0.5771226] 2.7019918 0.7557226 1.0030675 1.1222924
[5941, 0.46540263, 1.0170473, 5.0067663, 0.797844] 2.4979322 1.1181318 0.79211265 1.226936
[5942, 0.55057853, 0.9917411, 3.8497815, 0.6832819] 2.8916628 1.1633416 0.8811363 0.9139076
[5943, 0.5579375, 0.9263098, 6.549984, 0.43290877] 2.3596284 1.0078918 0.83986497 1.3292493
[5944, 0.57331884, 0.7405883, 4.855882, 0.61657786] 2.1736846 1.0694182 0.9880671 1.1715323
[5945, 0.535531, 0.9939585, 4.9003677, 0.56654966] 2.614931 0.9262762 0.9111122 1.2822173
[5946, 0.3634961, 0.99769175, 6.9950843, 0.89517486] 2.5476272 0.9060317 0.96698445 0.9145513
[5947, 0.4082238, 1.0691202, 4.767078, 0.5357109] 2.746461 0.88971525 1.0007694 1.0345801
[5948, 0.50790083, 1.0081604, 4.55154, 0.5823747] 2.7602625 0.97780347 0.8699575 1.0405823
[5949, 0.4908844, 0.997886, 5.404021, 0.86556923] 2.5562363 1.0342181 0.8452875 1.0618454
[5950, 0.459094, 1.049626, 4.2177005, 0.43377572] 2.6251633 0.973251 0.8669647 1.1871513
[5951, 0.58779037, 0.9143416, 6.5683, 0.8669829] 2.5790234 0.92633486 0.7894845 1.1097518
[5952, 0.48303452, 0.9455946, 7.0879273, 0.855354] 2.419644 1.0146852 0.929434 1.0522264
[5953, 0.5152049, 0.9284774, 7.0341735, 0.876659] 2.5525992 0.88748723 0.8308101 1.0501643
[5954, 0.46222007, 0.91207796, 7.5151386, 0.60466] 2.3565316 1.0352623 0.8278605 1.1407396
[5955, 0.46668178, 0.9431183, 6.7298574, 0.80770254] 2.44029 0.78246295 0.9061423 1.2889174
[5956, 0.51754177, 0.8508039, 7.345536, 0.4441881] 2.604585 0.8158588 0.66250527 1.0987287
[5957, 0.6548806, 0.6415039, 4.963738, 0.57532597] 2.2852793 0.6640149 1.1092386 1.1443923
[5958, 0.63290393, 0.73461217, 7.096498, 0.65652096] 2.340119 0.88912976 0.9297458 1.1485426
[5959, 0.5259195, 0.9619725, 6.3909936, 0.72409624] 2.4597793 0.86404777 1.0300922 1.1871002
[5960, 0.5559734, 0.94143486, 3.9174259, 0.3374254] 2.6768777 0.92626524 0.7761755 1.2296989
[5961, 0.5507299, 0.9517179, 5.9724917, 0.6334041] 2.5045676 1.0502881 0.84885144 1.0966432
[5962, 0.42873454, 1.0566447, 4.4154534, 0.36469918] 2.7507932 0.8600567 0.8557548 1.1604164
[5963, 0.5875223, 0.97071934, 4.0943427, 0.7745472] 2.6566198 0.97862303 0.85201055 1.3983237
[5964, 0.56172085, 0.9432402, 4.5154843, 0.40684623] 2.6673408 1.0408473 0.99076223 1.0547825
[5965, 0.51218694, 1.0037178, 5.5606112, 0.5760138] 2.5337768 1.1203458 0.78801185 1.2252119
[5966, 0.4133601, 1.0069373, 6.58345, 0.83123165] 2.5329533 0.85443795 1.0447329 1.013379
[5967, 0.45694083, 1.0267047, 5.938216, 0.50676966] 2.487224 1.0151182 0.94566333 1.1121233
[5968, 0.48796517, 0.99707186, 4.6977205, 0.5025698] 2.7005634 1.0098462 0.8371823 1.0901692
[5969, 0.5330203, 1.005919, 5.0439634, 0.4868706] 2.6671107 1.0812835 0.8722477 0.98359734
[5970, 0.4191914, 1.0563803, 4.7583747, 0.48632258] 2.7132823 0.96295273 0.7699054 1.1204082
[5971, 0.53459835, 0.98495996, 4.1570597, 0.695282] 2.787204 0.9744222 0.8364029 1.1053343
[5972, 0.56167114, 0.97086626, 5.222358, 0.46976098] 2.549836 0.97175145 0.8985706 1.1462787
[5973, 0.56408626, 0.95397973, 7.014823, 0.6994474] 2.419945 0.9950446 0.9035139 1.2469842
[5974, 0.5306219, 1.0044212, 3.8457098, 0.5657435] 2.7185268 1.2216719 0.9386903 1.0514647
[5975, 0.5889555, 0.9284373, 3.9858258, 0.8655334] 2.668326 0.9887328 0.95574516 1.2910054
[5976, 0.45264575, 0.9967957, 6.329682, 0.8039746] 2.468123 0.9636939 0.88640326 1.1767336
[5977, 0.5806599, 0.83596134, 7.0177584, 0.5836347] 2.500476 1.049123 0.81769645 0.9679899
[5978, 0.38678342, 1.074449, 4.944885, 0.45903882] 2.649138 1.059836 1.0370272 0.9201292
[5979, 0.44332772, 0.94219255, 6.6244893, 0.49996817] 2.3646953 1.0423144 0.97895026 1.0876096
[5980, 0.5966614, 0.94989926, 5.116378, 0.6258818] 2.7063797 0.8985947 0.82190406 1.1761659
[5981, 0.49540004, 0.8967893, 8.140048, 0.6548607] 2.4746764 0.89350903 0.81165826 1.0985773
[5982, 0.4930199, 1.0093687, 5.576692, 0.8811068] 2.667561 0.8644601 0.9435417 1.0705168
[5983, 0.44524547, 1.0319245, 5.632441, 0.55660397] 2.6760597 1.0283179 0.8563068 0.9876039
[5984, 0.5020516, 0.9958729, 4.9143734, 0.64764124] 2.680084 0.95165455 0.8179467 1.163289
[5985, 0.5530118, 0.9544703, 4.730285, 0.34011066] 2.7893047 1.0271758 0.8207679 1.004344
[5986, 0.49094418, 1.022981, 5.402494, 0.8211082] 2.6001828 1.1255758 0.82434404 0.9546153
[5987, 0.553192, 0.8490634, 8.366024, 0.527783] 2.3698697 1.1302848 0.9713842 0.94984186
[5988, 0.45181805, 0.93610746, 6.9922976, 0.9018066] 2.4722483 0.9263005 0.8878604 1.0928121
[5989, 0.48067412, 1.0213794, 4.974608, 0.3954596] 2.698081 1.0639038 0.7631466 1.0735999
[5990, 0.4960032, 1.0087433, 6.3892055, 0.7986025] 2.4506137 0.8667925 0.9140547 1.3310424
[5991, 0.4531135, 1.038924, 5.4253254, 0.735485] 2.4701824 0.8806231 0.908114 1.3423264
[5992, 0.50503314, 0.98781115, 4.693588, 0.30110806] 2.6796043 1.145252 0.7483738 1.0253458
[5993, 0.51685417, 0.91833645, 7.315675, 0.62234557] 2.483728 0.92769045 0.89727116 1.041222
[5994, 0.50477624, 0.91707397, 7.9165277, 0.7564853] 2.3953815 1.0412154 0.8178261 1.1845794
[5995, 0.52314454, 0.95606357, 5.861279, 0.52969635] 2.514221 1.0306264 0.8965111 0.9669427
[5996, 0.4405253, 1.0560035, 5.2475467, 0.83083737] 2.7433386 0.9090375 0.84779805 0.86794734
[5997, 0.5927743, 0.94835377, 3.8565657, 0.8168133] 2.7627661 1.0384567 0.87188053 1.1368525
[5998, 0.46596304, 0.88811284, 8.803322, 0.9829885] 2.3570507 0.913376 0.9848987 1.1270813
[5999, 0.5636842, 0.73647517, 5.8465557, 0.6740795] 2.2212207 1.0230042 0.8546677 1.2017268
[6000, 0.4679516, 1.0543836, 4.7734747, 0.6770526] 2.8644478 0.8779378 0.8810967 0.98365545
[6001, 0.44345298, 1.0485468, 5.8958893, 0.57995915] 2.4555657 1.0238146 0.97080296 1.2430973
[6002, 0.41329873, 0.9870038, 8.340607, 0.6488522] 2.4626079 0.9788426 0.9621618 0.9699585
[6003, 0.51595706, 0.89647204, 7.892406, 0.7949215] 2.5148304 0.96793795 0.87588745 0.983227
[6004, 0.48098114, 1.0126346, 5.4508505, 0.47730115] 2.6735332 0.9278155 0.812477 1.1740328
[6005, 0.4767195, 1.0250584, 4.727962, 0.59107774] 2.6849744 0.95636 1.0183187 1.058442
[6006, 0.4981966, 1.0144199, 4.3188825, 0.48148328] 2.7062106 1.0671628 0.894963 1.1305532
[6007, 0.5143835, 0.9301784, 7.846494, 0.80565226] 2.5035684 0.8745217 0.84449357 1.124785
[6008, 0.47610962, 1.0258429, 5.3961506, 0.85802996] 2.5471592 0.9233933 1.0484494 1.2069579
[6009, 0.520948, 0.92981416, 7.180257, 0.6368422] 2.5468562 0.9057747 0.834648 1.1022226
[6010, 0.52307004, 1.0088211, 5.5024524, 0.72920877] 2.4908884 0.95398504 0.9844078 1.2967612
[6011, 0.4601297, 1.0073462, 6.4631357, 0.5952407] 2.5537665 1.0169259 0.83477473 0.95976907
[6012, 0.5105961, 0.9489995, 5.77256, 0.47329935] 2.5358531 0.9996277 0.88054574 0.98721623
[6013, 0.5525715, 0.9599535, 6.722963, 0.80884385] 2.5201087 0.84628975 0.8632276 1.2075114
[6014, 0.49729642, 0.79451984, 5.2743263, 0.40811908] 2.273216 0.94739985 0.93582803 1.1343657
[6015, 0.5104888, 0.91253936, 7.3019967, 0.6227965] 2.4821167 1.0821452 0.882343 0.9263677
[6016, 0.495819, 0.87555224, 7.960554, 0.61131495] 2.3520963 0.9745983 0.930386 1.1431412
[6017, 0.42086914, 1.0261112, 5.4043317, 0.5601236] 2.4656055 1.065762 0.9733416 1.005497
[6018, 0.47325248, 0.9434961, 8.279253, 0.6316531] 2.4292371 0.90286493 0.8992684 1.1437854
[6019, 0.5932058, 0.548561, 4.1982446, 0.51236606] 2.17198 1.0814536 0.908166 0.8529751
[6020, 0.42520395, 1.039915, 6.2812138, 0.7755166] 2.5056577 0.8908717 0.98233825 1.1642737
[6021, 0.56985265, 0.73468125, 5.5148435, 0.6259004] 2.2416668 1.0561887 1.013115 0.97768
[6022, 0.4904009, 1.0074323, 4.000782, 0.56985563] 2.8366497 1.1098331 0.778775 0.8996824
[6023, 0.45339993, 1.0246658, 4.857829, 0.5995465] 2.7506237 0.84429395 0.81538165 1.113633
[6024, 0.48968038, 1.0710124, 4.2626925, 0.5920615] 2.686556 1.0903429 0.9362074 1.0699314
[6025, 0.58790284, 0.96077263, 4.4738803, 0.4320586] 2.6198938 1.0394465 0.8349511 1.2102677
[6026, 0.43805498, 1.0187052, 6.5460176, 0.74023587] 2.4401438 1.0577111 0.9247414 1.1450113
[6027, 0.48167548, 1.0263393, 5.185701, 0.48999518] 2.6596322 0.99053437 0.88181436 1.0769459
[6028, 0.5457939, 0.9941823, 5.403815, 0.7138889] 2.6093993 1.0112792 0.92837614 0.9391221
[6029, 0.52304703, 1.0201551, 4.1491227, 0.58212185] 2.9291782 0.9226843 0.8405711 0.97550553
[6030, 0.528176, 0.7811163, 6.046577, 0.6282966] 2.3832302 0.9593325 0.8446229 1.0588362
[6031, 0.47033644, 1.034126, 5.1984863, 0.6141757] 2.5651615 1.0051432 0.82964766 1.1923625
[6032, 0.41582507, 0.9999678, 5.781387, 0.84349734] 2.516479 0.98584855 0.833989 1.0411623
[6033, 0.5371639, 0.9909286, 4.2388415, 0.62379646] 2.641581 0.9488475 0.8160171 1.3751608
[6034, 0.584749, 0.8663641, 7.260275, 0.49665645] 2.4942904 1.1274698 0.71031934 1.0588595
[6035, 0.5187938, 0.8841934, 7.7806525, 0.74213195] 2.38124 0.9953566 0.9104751 1.0417947
[6036, 0.4997989, 0.9153477, 8.336285, 0.79041344] 2.4294832 0.97307146 0.96778363 1.0119416
[6037, 0.5114707, 0.9075586, 7.329684, 0.4573813] 2.4177623 1.2315533 0.9371289 0.8598074
[6038, 0.46308294, 1.0351759, 4.50885, 0.57550067] 2.601756 1.0433027 0.8187274 1.1012456
[6039, 0.59284425, 0.8554679, 6.855924, 0.66912013] 2.5067456 0.96806943 0.66264576 1.2277569
[6040, 0.57244104, 0.96590227, 5.277459, 0.54234916] 2.6150393 1.0854669 0.8037447 1.0145565
[6041, 0.50920933, 0.9972994, 5.317629, 0.67899907] 2.8107228 0.9291506 0.74114895 0.9248603
[6042, 0.63197005, 0.5792888, 4.7417974, 0.38988125] 1.9838903 1.0422109 1.0803803 1.163657
[6043, 0.49820033, 1.0538971, 3.6631048, 0.79131037] 2.8819492 1.0619028 1.0461661 0.91281027
[6044, 0.4412645, 1.0400392, 5.6879673, 0.7788065] 2.5086036 0.9935136 0.8900012 1.2202104
[6045, 0.5673861, 0.9018779, 7.4397926, 0.75144255] 2.5389004 0.9540276 0.91025347 0.97493863
[6046, 0.46494874, 1.0462257, 4.718936, 0.7335136] 2.75051 0.99919623 1.0283018 0.96954715
[6047, 0.5814123, 0.9443871, 4.160705, 0.71104145] 2.771425 1.0098097 0.86792827 1.1379744
[6048, 0.5333669, 0.9419841, 7.9248114, 0.99009097] 2.4546893 0.9453026 0.95041037 1.1047521
[6049, 0.53269213, 1.0107517, 6.158289, 0.53372395] 2.588341 1.0752827 0.8633224 0.98445904
[6050, 0.4817122, 0.938459, 7.3547683, 0.7474534] 2.3903077 0.9981574 0.88462746 1.2035298
[6051, 0.5584114, 0.94921106, 4.5937448, 0.40953955] 2.7882047 0.88371825 0.7469717 1.141845
[6052, 0.5136586, 0.8104465, 7.3061123, 0.6048904] 2.4087672 0.93869674 0.8813667 0.99584895
[6053, 0.52222806, 1.0277745, 4.3377824, 0.77080274] 2.7386413 1.0830803 0.9652441 1.103915
[6054, 0.5388777, 0.97586685, 4.9853153, 0.557871] 2.6116014 1.0209601 0.7638274 1.1130674
[6055, 0.60304946, 0.93109983, 4.4771576, 0.3975616] 2.7633243 1.0016577 0.7933015 1.061652
[6056, 0.36740223, 1.0727777, 5.6431136, 0.3669371] 2.5243442 1.0933157 1.0037496 0.9949564
[6057, 0.57171446, 0.97725886, 4.320387, 0.50541157] 2.7702866 0.8426568 0.88580143 1.1381172
[6058, 0.62520486, 0.88823056, 5.310647, 0.71029085] 2.4688196 1.1151352 0.80161124 1.2283839
[6059, 0.50873643, 1.0183083, 3.8227763, 0.7129339] 2.926624 1.0223738 0.8891381 0.93338484
[6060, 0.5276858, 0.7716558, 5.5627103, 0.34803066] 2.1742754 1.0853211 1.0108149 1.1963212
[6061, 0.39175025, 1.1171653, 5.534671, 0.51336133] 2.7792094 0.9143649 0.8749273 1.0106539
[6062, 0.518111, 0.9639983, 6.853277, 0.58592635] 2.4994376 1.004157 1.0417045 0.90864366
[6063, 0.49903092, 1.0021324, 5.6604147, 0.37673795] 2.5146348 1.0135875 0.9357666 1.1856105
[6064, 0.54452294, 1.0020931, 4.127895, 0.6369155] 2.8187912 0.8326158 1.0445874 1.1167346
[6065, 0.51675093, 1.0077177, 5.3229938, 0.7667118] 2.5402668 1.0354105 0.8248514 1.1701856
[6066, 0.3609984, 1.0724877, 5.4734287, 0.48219496] 2.712032 1.0918869 0.8961567 0.84548944
[6067, 0.59534365, 0.79339826, 7.7417283, 0.67449987] 2.3349528 1.0293107 0.86785716 1.1580744
[6068, 0.5753855, 0.96513325, 4.7828956, 0.45820844] 2.499624 1.1173663 0.7818597 1.2479153
[6069, 0.44665596, 1.0856671, 4.194267, 0.5113909] 2.776923 1.1177431 0.9007474 1.0142242
[6070, 0.46571872, 0.9317362, 8.007068, 0.3686784] 2.4232 1.0071604 0.9357647 1.0384915
[6071, 0.48115712, 1.025718, 5.0695376, 0.71682936] 2.5517435 0.9896518 0.8190279 1.1905137
[6072, 0.5794372, 0.94312114, 4.931648, 0.371474] 2.78676 0.9109651 0.7409285 1.1029007
[6073, 0.4941929, 0.9925514, 5.944474, 0.6173846] 2.5553916 0.9324392 0.8979459 1.0389165
[6074, 0.53148997, 0.96075153, 5.868246, 0.6368628] 2.5693693 1.006183 0.8178575 1.1808957
[6075, 0.55485624, 0.9897389, 4.4458423, 0.40298122] 2.7927005 0.9832665 0.87657803 0.9542437
[6076, 0.51811826, 1.0097013, 4.582043, 0.56321985] 2.595121 1.0163579 1.0011758 1.0879196
[6077, 0.53553206, 0.9904705, 4.9971647, 0.48694932] 2.752474 0.924216 0.7920523 1.0471351
[6078, 0.523633, 1.0098069, 4.3595, 0.40689164] 2.7867448 0.9627315 0.8204892 1.0737383
[6079, 0.43070388, 1.0801947, 4.579401, 0.5105557] 2.6592717 1.1748441 0.877563 1.0997884
[6080, 0.5109151, 0.8444666, 7.9805293, 0.88177836] 2.4853754 0.8947686 0.9082072 0.9556898
[6081, 0.5350068, 0.7534855, 6.122343, 0.50153136] 2.2411087 1.0622886 1.0420523 0.9756034
[6082, 0.44485265, 1.0498846, 4.4517865, 0.40694374] 2.705307 0.9841331 0.8744814 1.0088148
[6083, 0.36894816, 1.0792592, 4.7551994, 0.6990341] 2.743508 0.8907026 0.841684 1.2343917
[6084, 0.52294713, 1.0078274, 6.649033, 0.61980444] 2.5631752 0.9776517 0.85467553 1.0303855
[6085, 0.6410191, 0.9007522, 5.1892858, 0.46748656] 2.4917436 1.1193373 0.80039907 1.2086506
[6086, 0.4938273, 1.0141536, 3.7474601, 0.46860266] 2.722305 1.0514425 0.83765477 1.2380089
[6087, 0.471643, 0.6502438, 3.501184, 0.84738386] 2.2926917 0.96468925 0.7787164 0.883708
[6088, 0.38269404, 1.0426221, 6.385407, 0.7820838] 2.5069957 0.9748726 0.8919776 1.1178383
[6089, 0.6653168, 0.8575258, 2.7871675, 0.72473574] 3.0833974 0.9744668 0.71460044 1.1068869
[6090, 0.5491345, 0.85483116, 7.418148, 0.602077] 2.395327 0.96449566 0.81173414 1.1737249
[6091, 0.49474412, 0.909068, 8.886109, 0.67955196] 2.4188192 0.97980106 0.90753245 1.0754856
[6092, 0.5897738, 0.76138496, 6.4508696, 0.47958928] 2.396066 1.0528042 0.8500394 0.9444135
[6093, 0.5713719, 0.85478276, 8.350842, 0.6485282] 2.344335 1.1463306 0.8775322 1.0892029
[6094, 0.38169232, 1.103919, 5.4569693, 0.6566316] 2.7528558 0.9038357 0.9233524 1.0176698
[6095, 0.54299635, 0.97084486, 4.40523, 0.61870223] 2.7000751 1.0662425 0.8851035 1.0127546
[6096, 0.48258534, 0.9833742, 5.7898955, 0.8634107] 2.4005325 0.91405785 1.0448042 1.204963
[6097, 0.518978, 1.0251772, 4.7732816, 0.560623] 2.4608426 1.0836279 0.93842244 1.2769822
[6098, 0.63167757, 0.71629465, 5.3729496, 0.593207] 2.3469145 0.9201499 0.9777215 1.0238187
[6099, 0.4340341, 0.62810975, 4.0363836, 0.9203831] 2.2626905 0.7683473 0.8406693 1.0197335
[6100, 0.5879597, 0.67257506, 4.3359294, 0.76501536] 2.2912364 1.010795 0.83292633 0.99591964
[6101, 0.3912598, 1.0767312, 4.6727743, 0.48419172] 2.4343808 1.2802173 0.97320056 1.0218817
[6102, 0.5265469, 0.8852337, 9.54787, 0.851065] 2.3636587 0.9286956 0.87245667 1.2638814
[6103, 0.5764898, 0.98772144, 4.687535, 0.7994654] 2.759503 0.95871097 0.87032884 1.1573846
[6104, 0.4912715, 0.99862623, 4.979578, 0.4984092] 2.6209865 1.2566422 0.71523273 1.1058828
[6105, 0.5355444, 0.8800186, 7.761062, 0.93387026] 2.4634047 0.8990029 0.9171483 1.0784663
[6106, 0.43339744, 0.9873301, 7.360286, 0.737093] 2.4034338 1.0261245 1.0206714 1.0348544
[6107, 0.38632974, 1.0703839, 6.27018, 0.85017335] 2.4941535 0.96774054 0.98328775 1.1254827
[6108, 0.4488379, 1.0384164, 4.7199326, 0.63279814] 2.7577994 1.1374915 0.88131046 0.92560244
[6109, 0.56847006, 0.7168707, 5.593605, 0.46522895] 2.3309581 1.0508927 0.9484299 0.8554185
[6110, 0.52798665, 0.99424624, 4.979753, 0.7634927] 2.5516775 0.8776871 0.9084489 1.2907829
[6111, 0.5548561, 0.97394097, 4.848355, 0.5065898] 2.617775 0.9263189 0.7983635 1.3592758
[6112, 0.59545404, 0.8940006, 8.132774, 0.6349047] 2.4115608 1.1164669 0.9338574 1.0418768
[6113, 0.3858929, 1.1195363, 4.9935174, 0.61489874] 2.6165705 0.89664626 0.9848966 1.2042735
[6114, 0.4285855, 1.0305595, 4.8928046, 0.28831378] 2.684634 1.0656385 0.77563804 1.0386819
[6115, 0.4809168, 0.9629951, 6.5394077, 0.55554926] 2.4346695 1.0506711 0.9786085 0.9911857
[6116, 0.5926211, 0.9073858, 4.149277, 0.39206246] 2.614516 1.0712166 0.90178233 1.2659218
[6117, 0.47670788, 1.0263976, 4.712803, 0.4591711] 2.8342223 0.8165408 0.80631465 1.0952743
[6118, 0.52241486, 0.77890354, 7.7642975, 0.7810212] 2.2830856 1.0637394 0.9763062 0.9867339
[6119, 0.44253397, 0.9950347, 7.638113, 0.78149647] 2.5504508 0.95847285 0.9546316 0.9400009
[6120, 0.4405756, 1.0525681, 4.445266, 0.4428778] 2.9133246 0.9732641 0.80279684 0.9019805
[6121, 0.57073414, 0.9885432, 4.2006807, 0.83716035] 2.5983963 0.97547877 0.9780264 1.3449625
[6122, 0.4675009, 0.9441049, 8.459529, 0.7384432] 2.529161 0.99052477 0.87787694 0.9248393
[6123, 0.51009053, 0.993163, 6.085169, 0.49386844] 2.5051959 1.0503746 0.8515853 1.139299
[6124, 0.5187504, 0.9869232, 5.790845, 0.68792814] 2.4696574 0.9809606 0.9258273 1.2112505
[6125, 0.49432147, 1.0128781, 5.724064, 0.971852] 2.4764283 0.86825013 0.92033386 1.3265345
[6126, 0.49100852, 1.0278077, 4.1206656, 0.89738804] 2.8181489 0.89903843 0.8716596 1.0767568
[6127, 0.4004889, 0.93712145, 7.37088, 0.56457204] 2.3167305 1.0405294 0.9129256 1.2185531
[6128, 0.460145, 1.038209, 5.035911, 0.30215517] 2.6012645 0.9947367 0.83252627 1.212551
[6129, 0.5177739, 0.9961947, 4.823603, 0.5945553] 2.7126691 0.8482304 0.86517775 1.1745582
[6130, 0.39657342, 1.0767585, 3.9250565, 0.6151074] 2.9239326 0.95063984 0.7951951 1.0470303
[6131, 0.5000293, 1.0303056, 4.426738, 0.6276777] 2.7784731 1.0644364 0.78534377 1.1614642
[6132, 0.53000164, 0.9786483, 4.2497125, 0.67448497] 2.895737 1.0148133 0.84246707 0.94548607
[6133, 0.4821384, 0.8097803, 6.070746, 0.5051315] 2.304181 0.8399317 1.0004425 1.1743417
[6134, 0.52669543, 0.9784153, 6.3687606, 0.7127971] 2.5451717 0.93920743 0.77593994 1.2057216
[6135, 0.48722905, 0.982935, 5.7340965, 0.666249] 2.5267994 1.0523576 0.85643584 0.9623847
[6136, 0.6646891, 0.6977045, 6.7673416, 0.58559346] 2.1401834 1.0832485 0.932218 1.3191652
[6137, 0.591201, 0.99025196, 2.6977744, 0.72018987] 3.1911244 1.0216123 0.72643495 1.0887768
[6138, 0.46191293, 1.0640184, 3.9877577, 0.6528328] 2.8227623 1.1210783 0.8541847 1.0988888
[6139, 0.48932374, 0.87123597, 6.546499, 0.895178] 2.4768338 1.0048848 0.82400304 0.8991421
[6140, 0.37199405, 1.0916201, 5.739728, 0.753567] 2.606744 0.8010892 0.9863669 1.0959501
[6141, 0.497376, 0.99453586, 5.8023343, 0.7124701] 2.4930928 1.0041847 0.83795166 1.2397672
[6142, 0.53709304, 0.9855473, 4.5858, 0.8190564] 2.7677672 0.96195096 0.82355213 1.0847294
[6143, 0.45985997, 0.9869622, 4.848373, 0.52808684] 2.4498632 1.1242923 0.9340394 1.1377017
[6144, 0.51626694, 1.0220578, 4.7900314, 0.46969333] 2.7604833 0.91203815 0.80530065 1.1230743
[6145, 0.5801884, 0.7255233, 5.5013676, 0.49970335] 2.317892 0.9496937 0.9303088 1.0080365
[6146, 0.50537497, 1.0204806, 4.613457, 0.31430185] 2.6557276 1.0231762 0.7403779 1.2356222
[6147, 0.3777171, 0.58028007, 4.1468453, 0.70023423] 1.890472 0.9571048 1.016173 1.1847137
[6148, 0.5162465, 0.59094805, 4.1527514, 0.52891874] 2.0609293 0.95077854 0.96543425 1.052264
[6149, 0.51952475, 1.0246682, 3.6405494, 0.7358807] 2.744089 0.9610463 0.9018688 1.2398819
[6150, 0.516936, 0.8690969, 7.324213, 0.9289035] 2.5624106 0.73976874 0.9132694 1.0343851
[6151, 0.507158, 0.9492412, 6.8907104, 0.7486191] 2.5465446 0.96669376 0.83732915 1.0200939
[6152, 0.4980589, 1.0093265, 3.9821332, 0.5732302] 2.8513973 1.0129317 0.7245079 1.1343317
[6153, 0.5129784, 1.0248349, 5.4664316, 0.5886945] 2.7961845 0.7588653 0.8520414 1.0561053
[6154, 0.5503089, 0.9783516, 3.3615446, 0.5940375] 2.9337869 0.98106736 0.80571383 1.0977323
[6155, 0.39375043, 1.0812671, 5.674907, 0.9376892] 2.7111359 0.8705099 0.8655957 1.0754856
[6156, 0.4590316, 1.0354134, 6.7631025, 0.85881025] 2.4428415 0.8784543 1.0166644 1.263386
[6157, 0.6649407, 0.6378013, 4.851491, 0.563437] 2.290024 0.8903605 0.9974156 0.936826
[6158, 0.4932413, 0.99706924, 6.96789, 0.80507773] 2.4972973 0.94354594 0.9034184 1.1126368
[6159, 0.46314248, 1.0066559, 6.4661336, 0.5868575] 2.5218437 1.0237461 0.80303264 1.0716783
[6160, 0.4926666, 0.6944664, 4.358326, 0.6228581] 2.308509 0.98175275 0.8751232 0.9570407
[6161, 0.5299128, 0.9969085, 4.764735, 0.6823498] 2.6670668 0.98974127 0.98461246 1.104941
[6162, 0.4622091, 1.052407, 6.9922576, 0.8302745] 2.5012472 0.9109732 0.94720656 1.1655587
[6163, 0.5255255, 0.9982172, 4.6180024, 0.50639707] 2.7723887 0.988082 0.7636359 1.024253
[6164, 0.5318429, 0.9867829, 4.204196, 0.3629607] 2.7678988 1.0491449 0.76268834 0.9893427
[6165, 0.4927357, 0.93647194, 7.3394966, 0.61517894] 2.4162414 1.0410998 0.95060563 1.0218877
[6166, 0.3899636, 0.7164192, 4.4008684, 0.5721649] 2.2119002 0.86476105 0.84656054 1.2001815
[6167, 0.5302393, 0.6590588, 4.379345, 0.5509186] 2.191767 0.80915934 1.0373728 1.1059734
[6168, 0.4722766, 1.0121129, 5.2318063, 0.7892518] 2.65824 0.76075804 0.76333684 1.1797994
[6169, 0.45061997, 1.0391616, 4.465041, 0.6363925] 2.9254441 1.0062377 0.8652571 0.8579671
[6170, 0.4563849, 0.9522447, 8.181449, 0.7564067] 2.5764568 0.96713185 0.7904932 0.9438712
[6171, 0.55731297, 0.7889258, 6.207936, 0.81936777] 2.4071732 0.9313771 0.81146765 1.0583006
[6172, 0.536479, 0.90338933, 7.6293344, 0.9482417] 2.5882375 0.95618343 0.8962414 0.8128928
[6173, 0.5917961, 0.6874854, 5.179706, 0.7011272] 2.1660314 1.0602417 0.8651146 1.180558
[6174, 0.55581474, 0.84787863, 6.7137513, 0.7169442] 2.4257283 1.0040466 0.8667909 1.096683
[6175, 0.38301858, 1.0084516, 7.2686343, 0.54506785] 2.4119513 0.8666836 0.98387516 1.2370385
[6176, 0.4463659, 1.0152036, 7.7841616, 0.93651855] 2.499283 0.7995258 0.8660634 1.2765671
[6177, 0.53105503, 1.005702, 5.50284, 0.63336587] 2.596675 0.91856414 0.78722256 1.2224662
[6178, 0.5979892, 0.8715915, 6.0204806, 0.41529822] 2.4958649 0.95785487 0.8183443 1.1721659
[6179, 0.5030458, 1.0204769, 6.318913, 0.927804] 2.6890388 0.7807226 0.8424054 1.0510867
[6180, 0.531671, 0.8478237, 6.942061, 0.65871507] 2.5001144 0.9257154 0.7738559 1.0535033
[6181, 0.44681278, 0.8485609, 6.2007294, 0.53162026] 2.3964097 0.94150865 0.77614385 1.1381859
[6182, 0.40969113, 1.058452, 4.876183, 0.4643998] 2.6476207 0.92797923 0.91308564 1.1716876
[6183, 0.5170313, 0.982909, 4.1624417, 0.5600066] 2.7484908 0.85110015 0.785293 1.2481067
[6184, 0.46340787, 1.0244414, 3.3333683, 0.6165896] 2.8822973 0.9624543 0.97405636 1.0128772
[6185, 0.5164642, 0.9827446, 6.772804, 0.7551363] 2.6125731 1.1053363 0.82862365 0.9179155
[6186, 0.5199722, 1.0281438, 4.4838767, 0.5813022] 2.698466 0.90210474 0.96209145 1.1881477
[6187, 0.52424705, 0.99654967, 4.5425425, 0.54466325] 2.6672747 1.0274564 0.88214755 1.1238372
[6188, 0.4679459, 0.9438051, 8.176649, 0.60571605] 2.5501614 0.9187605 0.7996496 1.0217589
[6189, 0.44283774, 1.015149, 5.237533, 0.47455987] 2.5037162 0.9614829 0.93373704 1.2773949
[6190, 0.5388741, 0.8648195, 7.729483, 0.6546907] 2.362062 1.0083569 0.9642117 1.10284
[6191, 0.4853656, 1.0003717, 4.5278497, 0.46870375] 2.7045271 1.1071621 0.8603122 1.0195104
[6192, 0.59994924, 0.9735264, 4.218349, 0.59984255] 2.993795 0.92770046 0.8189126 0.90936315
[6193, 0.4239699, 1.0426196, 4.4664583, 0.46082598] 2.7661018 0.98720527 0.8634639 1.0776457
[6194, 0.56059396, 0.9625583, 4.3925858, 0.6534285] 2.825294 0.9279232 0.8769763 1.132943
[6195, 0.50725853, 1.0023029, 4.453382, 0.859026] 2.710134 0.85559106 0.92186916 1.2804648
[6196, 0.4305548, 0.9443783, 6.563697, 0.48943236] 2.4575768 0.8811292 0.7665457 1.2565346
[6197, 0.4477379, 0.83816457, 6.4756937, 0.73899716] 2.3631632 0.9368514 0.8634094 1.0648891
[6198, 0.4808096, 0.9785298, 8.108359, 0.8033919] 2.3473623 0.9728544 1.0146036 1.209175
[6199, 0.6465171, 0.6946992, 5.671626, 0.42561427] 2.323818 1.1338261 0.71241826 1.0738306
[6200, 0.481381, 1.0252326, 4.0585346, 0.50790685] 2.7967017 1.170464 0.7216325 1.0955967
[6201, 0.6262458, 0.90892386, 3.7428498, 0.62433213] 2.740861 0.9777533 1.0045959 1.2797495
[6202, 0.54697317, 0.9556807, 5.61856, 0.63107485] 2.629364 0.8069193 0.87590337 1.15633
[6203, 0.53124577, 1.0248588, 3.5307133, 0.64273244] 2.8474586 1.0030037 0.8791176 1.1992036
[6204, 0.5295506, 0.9816582, 3.6025832, 0.49565604] 2.8221786 0.9449887 0.8237485 1.1385499
[6205, 0.29868323, 0.6588097, 4.227129, 0.6094825] 1.9919803 1.0150052 1.0028257 1.1067799
[6206, 0.5346636, 0.96411306, 6.4010878, 0.6513682] 2.442606 1.0088584 0.8206542 1.2400017
[6207, 0.46584177, 1.0549437, 6.1016073, 0.8385242] 2.487144 1.015679 0.9071384 1.1451403
[6208, 0.5278907, 1.0238945, 4.120627, 0.71281034] 2.865166 0.85664546 0.8813998 1.2041726
[6209, 0.61921406, 0.6938879, 5.199338, 0.52381015] 2.351419 1.019297 0.9818148 0.8770111
[6210, 0.55773205, 0.6661993, 4.9775524, 0.3557312] 2.1659987 1.0636898 0.9328863 1.083848
[6211, 0.42856133, 1.0533767, 4.6787467, 0.49798197] 2.7533236 0.77987546 0.8587666 1.2793667
[6212, 0.4678465, 0.99710053, 6.2096095, 0.64767516] 2.5177405 0.8713087 0.98837 1.1505353
[6213, 0.58721113, 0.74515533, 6.6453485, 0.509301] 2.480277 1.0077637 0.78173363 0.8827749
[6214, 0.5293107, 0.9834953, 5.477296, 0.563971] 2.6088638 0.864873 0.81415904 1.1782947
[6215, 0.48102063, 1.0007395, 7.1420865, 0.77244663] 2.5489633 1.0262835 0.85603464 0.9987299
[6216, 0.43425754, 1.0242057, 4.5632806, 0.58240455] 2.6130865 0.8692866 0.83589 1.1552498
[6217, 0.52840424, 0.70910215, 5.113711, 0.3773284] 2.203453 0.9508192 1.0210464 1.1000886
[6218, 0.5719641, 0.9536258, 3.5325878, 0.7635665] 2.8675382 1.1016471 0.8128434 0.97169584
[6219, 0.58467376, 0.9367339, 4.079857, 0.42081365] 2.8909829 0.7744141 0.72126144 1.142547
[6220, 0.6332414, 0.8003734, 8.732003, 0.8865915] 2.551676 0.83403605 0.8859287 0.93915856
[6221, 0.5224352, 0.8136332, 7.0687647, 0.662378] 2.3076475 0.9357967 0.8115957 1.2512463
[6222, 0.488375, 0.96887815, 7.379488, 0.73329073] 2.629479 0.84745085 0.8060877 0.9806503
[6223, 0.5883896, 0.9339152, 4.188886, 0.4592841] 2.6681154 1.0971216 0.89859825 1.1143638
[6224, 0.4275223, 1.0551081, 4.8567286, 0.46223044] 2.5763798 1.0397261 0.9060977 1.2120332
[6225, 0.5581553, 0.8303734, 9.500065, 0.8369541] 2.448932 0.8710249 0.8355332 1.1827732
[6226, 0.49522433, 0.8330877, 6.1195273, 0.75743884] 2.4491613 0.8323365 0.8504208 1.0884676
[6227, 0.5098151, 0.9713901, 5.006262, 0.39070484] 2.659643 0.9974283 0.84629536 0.97348636
[6228, 0.45080382, 1.0185478, 5.3403163, 0.6756455] 2.456222 1.1627665 0.8795626 1.1096014
[6229, 0.49289343, 1.0004661, 5.839802, 0.4390578] 2.4962342 1.0238315 0.8755021 1.089821
[6230, 0.5460984, 1.0108731, 5.25181, 0.5565959] 2.6863818 1.1308539 0.87210894 0.8419698
[6231, 0.5086632, 0.9070599, 7.374141, 0.6402869] 2.4000843 0.96214193 1.0069816 1.058935
[6232, 0.6285935, 0.7432903, 6.812892, 0.54937553] 2.3978858 0.98185724 0.7729266 1.0684053
[6233, 0.4976301, 1.0251656, 5.0622697, 0.9545706] 2.5854356 1.0916235 0.76529795 1.1149894
[6234, 0.3888711, 1.0707934, 4.8645415, 0.46400225] 2.6635447 0.9599308 0.8854272 1.1502538
[6235, 0.5004127, 0.92159975, 7.743735, 0.77958304] 2.3970282 1.0479215 0.96498674 1.004503
[6236, 0.4961717, 0.86008924, 7.702693, 0.5847903] 2.3826518 0.990244 0.9577755 0.9990608
[6237, 0.57089734, 0.82664067, 7.610692, 0.91062325] 2.388959 0.9931563 0.7185248 1.2307147
[6238, 0.48737818, 0.95316786, 5.723934, 0.517806] 2.406432 1.0823842 0.96523213 1.0389957
[6239, 0.40527236, 1.060631, 7.471509, 0.8518567] 2.4594047 1.0113724 0.83186364 1.2165511
[6240, 0.457306, 1.0394965, 5.7974977, 0.7435728] 2.5117438 0.93294704 1.0293391 1.0482979
[6241, 0.55597174, 0.85230726, 6.757668, 0.5142135] 2.4994578 0.98358595 0.8401745 1.0152563
[6242, 0.5458111, 0.95269406, 6.4618893, 0.8711494] 2.6457362 0.8857227 0.8850087 0.9537287
[6243, 0.5904754, 0.84275943, 7.5559506, 0.6830591] 2.5005307 0.91417176 0.7791772 1.0917977
[6244, 0.4857909, 1.0157679, 5.0051823, 0.41318828] 2.5982735 0.95008963 0.9247326 1.2062409
[6245, 0.48667312, 1.0133739, 5.394677, 0.6348866] 2.6333773 0.98456943 0.8531266 1.230409
[6246, 0.5072026, 1.0181562, 4.914657, 0.4737892] 2.5580723 1.023323 0.8811774 1.1612244
[6247, 0.45143944, 1.0033604, 7.361222, 0.85125196] 2.445046 0.9245782 0.9191584 1.1723456
[6248, 0.5225913, 1.0086325, 5.0292835, 0.49371314] 2.7540514 1.0166143 0.91122025 1.1169448
[6249, 0.5614976, 0.7253077, 5.5477576, 0.36560827] 2.1641467 0.90800434 1.0369755 1.2759
[6250, 0.53335273, 0.85603493, 8.820946, 0.77685714] 2.4340665 1.0136029 0.8855836 0.9647918
[6251, 0.5204533, 1.0136399, 3.4683573, 0.5467882] 3.0351295 0.97874206 0.8167905 0.8516815
[6252, 0.48708087, 1.025655, 5.6424236, 0.6022842] 2.7131386 0.8990702 0.88861 0.9602383
[6253, 0.55170536, 0.85632825, 8.155579, 0.77317214] 2.3712857 1.1067532 0.8535434 1.0821835
[6254, 0.5035614, 1.0162345, 5.294051, 0.43941954] 2.608321 1.0303273 0.9141865 1.1531252
[6255, 0.5207209, 0.9838586, 5.7326355, 0.78112334] 2.555736 0.959756 0.89161503 1.0918571
[6256, 0.67912173, 0.59094954, 4.810854, 0.44693297] 2.2659664 0.9925638 0.83870965 1.0781624
[6257, 0.57190585, 0.8993539, 7.4023867, 0.50685203] 2.362069 1.1606715 0.953829 1.0599122
[6258, 0.51910007, 1.0039028, 5.4574685, 0.4250877] 2.5739841 1.0192312 0.8803228 1.1334339
[6259, 0.457897, 1.015435, 5.294001, 0.73441494] 2.51822 1.029136 0.9432168 1.1465492
[6260, 0.47960976, 0.9616226, 6.9368343, 0.55172455] 2.5478592 0.9578046 0.87231785 0.97586614
[6261, 0.49560058, 1.0226291, 5.243476, 0.6272493] 2.5325117 0.92002726 1.018318 1.2071453
[6262, 0.4779727, 1.0367196, 5.0012994, 0.7087748] 2.7189908 0.953208 0.7658497 1.0001348
[6263, 0.62499994, 0.8032552, 7.674988, 0.70745265] 2.3685586 1.142627 0.88936645 1.0073259
[6264, 0.50157255, 0.9852148, 5.831648, 0.6664944] 2.5115573 0.9717623 0.8341079 1.181079
[6265, 0.42830282, 0.797418, 6.3102984, 0.5342672] 2.291849 0.9344574 0.91633487 1.1117303
[6266, 0.51985186, 1.0068743, 4.6993527, 0.85153544] 2.7486293 0.93652314 0.8068285 1.0038581
[6267, 0.4966686, 0.742859, 4.995806, 0.5158046] 2.3389277 1.0067726 0.9395431 0.87363434
[6268, 0.49459556, 0.868167, 6.6554327, 0.74950683] 2.4799385 0.8660614 0.84753436 1.0850105
[6269, 0.5464337, 0.97016585, 3.606846, 0.4521107] 2.9705362 0.8481099 0.75211436 0.92098516
[6270, 0.563216, 0.86207616, 7.8174195, 0.89621925] 2.5906465 0.8934521 0.7548484 0.9586922
[6271, 0.563038, 0.7974281, 6.4215713, 0.7107771] 2.352228 0.8215708 0.86459655 1.2863624
[6272, 0.4634994, 1.0397756, 4.3481026, 0.5110981] 2.7062898 0.85933226 0.96288794 1.1946307
[6273, 0.64243835, 0.70585907, 6.2585483, 0.5970856] 2.3768182 0.982965 0.8660016 0.9809861
[6274, 0.58825034, 0.94113904, 3.8941236, 0.55036706] 2.8717246 1.1004437 0.8394507 0.969119
[6275, 0.49286956, 1.0243285, 4.4987, 0.5012247] 2.7967994 0.80095977 0.7774009 1.1853186
[6276, 0.3750745, 1.0764495, 3.5694706, 0.5352637] 2.7905185 1.0323073 0.9217828 1.2073838
[6277, 0.3934457, 1.0592133, 6.448014, 0.6416589] 2.4285853 1.0384356 0.9791193 1.1649206
[6278, 0.50869143, 0.83620954, 8.597125, 0.55750763] 2.3367333 0.9497677 1.018439 1.0586742
[6279, 0.50794137, 0.9806107, 4.176844, 0.40610433] 2.7172294 1.0890944 0.81054807 1.1110536
[6280, 0.48139498, 1.0118704, 5.1303306, 0.51026535] 2.5303495 1.0596749 0.85672903 1.0809702
[6281, 0.5717319, 0.87212455, 7.030327, 0.8366868] 2.3807101 0.94502074 0.8875176 1.2367578
[6282, 0.41467187, 0.710183, 4.0319214, 0.71057606] 2.2847445 0.9381518 0.7359775 1.080372
[6283, 0.69106466, 0.8625843, 4.2651734, 0.4470864] 2.9061768 0.9514389 0.7382177 0.93116504
[6284, 0.4382174, 1.0478508, 4.457486, 0.57721084] 2.8271337 0.86848235 0.8300535 1.1391135
[6285, 0.5792034, 0.97078997, 5.7671213, 0.5564244] 2.5938675 1.1626791 0.903348 0.9961134
[6286, 0.47069818, 1.0332185, 5.9221935, 0.64923716] 2.6995482 0.8426839 0.91978973 1.0907006
[6287, 0.56590945, 0.85393006, 7.454967, 0.3926673] 2.4528399 0.9272262 0.77238965 1.1640462
[6288, 0.50340056, 1.009048, 5.579951, 0.59885705] 2.5738566 1.0445485 0.776906 1.100791
[6289, 0.5225793, 0.9913125, 4.6497483, 0.49605018] 2.7848055 0.8335944 0.6888617 1.0299946
[6290, 0.51844645, 1.029272, 5.021348, 0.51428294] 2.6275518 1.0773873 0.7318582 1.0526829
[6291, 0.5118749, 1.0096719, 4.753495, 0.71213466] 2.5586684 1.0570557 0.8967822 1.2027844
[6292, 0.5766357, 0.854917, 8.987052, 0.7740868] 2.4022558 0.9209052 0.88108903 1.1843741
[6293, 0.5786015, 0.89213556, 7.6951294, 0.6490307] 2.6677725 0.87315786 0.8678774 0.8059113
[6294, 0.48733103, 0.95092857, 6.637921, 0.6282401] 2.4138436 0.8937101 0.90316033 1.2540083
[6295, 0.5052232, 0.9919247, 5.2816567, 0.71991616] 2.623125 0.9806686 0.89387447 1.0367526
[6296, 0.49565825, 1.0549736, 4.4435134, 0.72939104] 2.8186138 0.9009319 0.99785817 1.0409851
[6297, 0.5290141, 0.9684682, 7.575851, 0.92839694] 2.486319 0.85775167 0.90788734 1.1988375
[6298, 0.5611904, 0.8590049, 7.6619935, 0.7699066] 2.519038 0.9343851 0.84469116 1.0316657
[6299, 0.4816678, 1.00714, 6.0291715, 0.62993425] 2.4964802 1.007264 0.93007255 1.1562588
[6300, 0.4925963, 1.0220144, 5.1919994, 0.6593704] 2.6038651 1.0621817 0.80255085 1.1019456
[6301, 0.52875316, 0.9926772, 4.2338567, 0.4938972] 2.6731977 0.9840249 0.88788146 1.2238708
[6302, 0.55356884, 0.9757553, 3.6791763, 0.5744692] 2.9568558 1.0696584 0.7370954 0.9927845
[6303, 0.5406293, 0.89040995, 7.168499, 0.9820845] 2.530082 0.9729755 0.845215 1.0172637
[6304, 0.43774432, 0.97989404, 7.5623345, 0.7688833] 2.4966838 0.9181781 0.95134264 0.99175197
[6305, 0.5936095, 0.9454313, 4.4157205, 0.6624637] 2.7998247 1.0182905 0.84863544 1.0313455
[6306, 0.5186654, 0.94925815, 7.02985, 0.7771628] 2.382508 1.0089011 0.94339323 1.2275231
[6307, 0.61193013, 0.7888477, 8.191037, 0.54339856] 2.5800097 0.78027016 0.8492635 0.94321597
[6308, 0.58613276, 0.750792, 6.694677, 0.5616111] 2.2755163 1.0334439 0.8348864 1.1687928
[6309, 0.5263669, 0.9677062, 3.110999, 0.37608975] 2.8325667 0.9959166 0.75855976 1.0376571
[6310, 0.4690074, 1.0254697, 3.8260949, 0.46532777] 2.849507 1.0687306 0.8594198 0.94014305
[6311, 0.5389378, 0.97724533, 3.541277, 0.5773349] 2.8972845 0.97777545 0.69314975 1.2372552
[6312, 0.59233654, 0.9519471, 4.3705006, 0.6341123] 2.7674603 0.9678151 0.7166054 1.3901632
[6313, 0.5137767, 0.96132284, 6.2141294, 0.6126748] 2.650016 0.99435854 0.77900517 0.8886063
[6314, 0.5201988, 0.9655188, 4.162251, 0.46464252] 2.754184 1.0094116 0.79085004 1.1517574
[6315, 0.50987446, 0.9814209, 6.91066, 0.7897462] 2.658299 0.8173272 0.9033277 0.9549108
[6316, 0.5057848, 1.0259601, 5.3633776, 0.6231943] 2.5168252 0.96279067 0.9281391 1.2431139
[6317, 0.5934727, 0.9561809, 3.4172623, 0.83227676] 2.8248155 0.9611595 0.804789 1.2886984
[6318, 0.62818855, 0.7098707, 5.574058, 0.5127884] 2.0068946 1.1875459 0.9498429 1.3786929
[6319, 0.51618344, 0.946289, 7.3069005, 0.58450466] 2.468191 1.0304981 0.95620143 0.97116506
[6320, 0.5631269, 0.6622838, 4.5442085, 0.47717014] 2.3116121 1.0607078 0.730005 1.0231174
[6321, 0.57676953, 0.701462, 5.178158, 0.4481894] 2.1982803 0.9649537 0.9691987 1.1438882
[6322, 0.53601813, 1.0174528, 4.435512, 0.60736203] 2.7852628 1.0188717 0.9621582 1.0538422
[6323, 0.4113635, 1.0243076, 8.130309, 0.7296077] 2.5059865 0.97608525 0.86404425 1.0483245
[6324, 0.46820295, 1.0200233, 5.4040604, 0.7808881] 2.72658 0.8289295 0.86811525 1.0028839
[6325, 0.4848979, 1.020174, 5.589772, 0.68589884] 2.7394044 0.7434094 0.8178233 1.0395701
[6326, 0.5000664, 0.73432404, 5.3444734, 0.6945449] 2.405528 0.92769235 0.87867993 0.8790789
[6327, 0.54373366, 0.9586819, 5.943897, 0.7742269] 2.5480924 0.93578416 0.9111854 1.0982926
[6328, 0.6170252, 0.769654, 6.521659, 0.63857484] 2.4142952 0.9554454 0.8056879 1.0895425
[6329, 0.42211592, 1.0529864, 3.9359655, 0.5302869] 2.8040147 0.9715214 0.84629244 1.1243792
[6330, 0.5611364, 0.9653289, 4.28267, 0.44077927] 2.7959924 0.98149645 0.78577936 1.0937364
[6331, 0.5205064, 1.0070375, 4.0385203, 0.57100487] 2.9106698 0.9384297 0.7041773 1.0521064
[6332, 0.54290855, 0.9229253, 6.4580183, 0.8857421] 2.397669 1.1442448 0.7896982 1.1582897
[6333, 0.41449356, 1.0663043, 4.4764194, 0.4596477] 2.5828626 1.0628599 0.96407485 1.1317667
[6334, 0.48481363, 0.9921958, 5.9282017, 0.9983175] 2.5086815 1.0764723 0.7736464 1.1107273
[6335, 0.48332378, 0.94651335, 9.110003, 0.8517408] 2.4704537 0.86440676 0.9721286 1.0759598
[6336, 0.56067586, 0.8509315, 7.5003443, 0.78656167] 2.3721206 1.0961579 0.772965 1.1250142
[6337, 0.56515735, 0.9624519, 4.6274314, 0.5932991] 2.8012877 0.93828094 0.88516974 0.9154861
[6338, 0.47178242, 0.84595436, 6.610723, 0.9639092] 2.4002888 0.9590469 0.8930995 0.991642
[6339, 0.60064113, 0.78390914, 7.633495, 0.83943737] 2.4499452 1.0057098 0.78310597 1.0440917
[6340, 0.57868534, 0.9658657, 3.8561096, 0.5658329] 2.8351307 0.88000876 0.8515295 1.2721375
[6341, 0.56235576, 0.9707745, 3.970324, 0.80451506] 2.878012 0.8985016 0.88565886 1.0748501
[6342, 0.5115099, 1.0335287, 4.753782, 0.5115033] 2.714672 1.0114961 0.82895356 1.14087
[6343, 0.5822582, 0.9727115, 3.3621726, 0.5270202] 2.9295182 0.9078192 0.7534225 1.3397738
[6344, 0.5776927, 0.93825847, 3.9991713, 0.42270115] 2.7848096 0.93615735 0.8141722 1.0824423
[6345, 0.5514549, 0.9877509, 5.8468943, 0.79940486] 2.6300335 0.90738684 0.8082539 1.128192
[6346, 0.58377063, 0.96318316, 3.1662033, 0.60254073] 3.0211508 0.92615 0.7640197 1.0932231
[6347, 0.50018984, 0.9283298, 7.2866125, 0.9094342] 2.3928924 1.0110673 0.9051066 1.1089998
[6348, 0.59095937, 0.77429974, 5.920062, 0.760214] 2.227035 1.0240148 0.90248597 1.2253568
[6349, 0.50288314, 0.7506426, 6.1043997, 0.4566295] 2.262918 0.9785953 0.951713 1.1161679
[6350, 0.6027023, 0.8101344, 6.780786, 0.52922535] 2.4275367 1.0777007 0.7942533 1.0587218
[6351, 0.55551326, 0.96309125, 4.657024, 0.66176546] 2.6348753 1.0321687 0.88355535 1.1569848
[6352, 0.47935167, 0.9926848, 7.0523586, 0.8694944] 2.4305346 0.99670094 1.0204796 1.0971962
[6353, 0.65112716, 0.80761766, 5.6301312, 0.42881376] 2.3374772 1.1360594 0.9557982 1.0725039
[6354, 0.5528978, 0.8163697, 7.308821, 0.94800794] 2.3213243 0.9474754 0.9585558 1.1847115
[6355, 0.46784014, 0.91978866, 8.099425, 0.6710556] 2.464179 0.90209484 0.9149758 1.1000702
[6356, 0.4741217, 0.72205484, 4.857436, 0.4558496] 2.3269498 0.9848239 0.81016135 0.9981231
[6357, 0.65821826, 0.61871994, 4.3514524, 0.6112339] 2.3196747 0.94549006 0.8457609 0.9651146
[6358, 0.5091521, 1.0103431, 2.757459, 0.576488] 3.0613 0.88923377 0.81253856 1.1433223
[6359, 0.43116766, 1.0195205, 7.086591, 0.8503273] 2.3772795 1.0053205 1.0061754 1.1925373
[6360, 0.52587485, 0.99368054, 5.4934115, 0.96847415] 2.5904913 0.9213245 0.94332993 1.0392565
[6361, 0.5374285, 0.97650886, 5.1811767, 0.49530545] 2.760993 0.90788627 0.82134694 0.9020597
[6362, 0.49992803, 1.0587838, 4.279183, 0.5372893] 2.8421845 1.095802 0.7654062 1.0780252
[6363, 0.49485695, 1.0056227, 5.243721, 0.5967517] 2.6001124 0.9101601 0.92005056 1.2032951
[6364, 0.45390874, 0.7855285, 5.7984295, 0.66590065] 2.2768607 1.108766 0.8764689 1.0202917
[6365, 0.44896406, 0.9309705, 7.7571154, 0.87767315] 2.3896682 0.98929846 0.8486856 1.1589832
[6366, 0.53028905, 0.8752047, 7.6402116, 0.5973228] 2.338131 0.85618037 0.89003706 1.3019937
[6367, 0.55064625, 0.9460591, 3.224216, 0.6893173] 2.8296778 0.8961069 0.97165465 1.2008123
[6368, 0.42112026, 1.0729616, 5.799542, 0.8876495] 2.628589 0.79988694 1.0048999 1.0896322
[6369, 0.44744924, 0.9099373, 7.0742884, 0.9477921] 2.3230631 0.9861856 0.9556023 1.1308185
[6370, 0.50471234, 0.73850596, 4.983604, 0.5174333] 2.2391672 0.9622889 0.90700465 1.126962
[6371, 0.51643795, 0.86636084, 8.2113495, 0.9509028] 2.4217765 1.0206032 0.8711836 1.0645251
[6372, 0.5669295, 0.984904, 5.159993, 0.4728906] 2.6975217 1.0188555 0.7987606 0.939669
[6373, 0.4206411, 1.0032251, 7.539284, 0.46445954] 2.3883908 1.0109051 1.0494612 1.0357465
[6374, 0.56991786, 0.99137276, 4.6191897, 0.5870479] 2.8254263 1.0567317 0.89840436 0.8567884
[6375, 0.50420684, 0.95908386, 5.7302237, 0.6788524] 2.4503129 0.95052916 0.88103706 1.2698115
[6376, 0.51557714, 0.93212825, 8.356492, 0.59677804] 2.4720085 1.107645 0.83078116 0.9862976
[6377, 0.50684, 0.67506504, 4.9992003, 0.48371592] 2.193992 0.9692768 0.8747623 1.1733449
[6378, 0.472572, 1.0221053, 4.636911, 0.49671406] 2.7893882 0.90518403 0.9880178 0.98415905
[6379, 0.53234977, 0.9875839, 5.287661, 0.45639044] 2.6555693 0.99744505 0.78119254 1.1042805
[6380, 0.5962995, 0.8293515, 10.092222, 0.90983677] 2.5661137 0.85286385 0.83485574 0.96488494
[6381, 0.54407454, 0.8781338, 8.8230715, 0.5606965] 2.3572493 1.0199474 0.9219328 1.159568
[6382, 0.55576885, 1.0015979, 4.460913, 0.5125761] 2.787693 0.99047947 0.9309249 0.97776926
[6383, 0.56221056, 0.7836263, 7.004568, 0.4342939] 2.3487632 1.0067521 0.9922983 0.979722
[6384, 0.5326637, 0.8715505, 7.9336367, 0.674948] 2.4948726 0.8880664 0.8527165 1.0280836
[6385, 0.46280864, 0.7607356, 5.1231008, 0.49569196] 2.150295 0.8992822 1.0960754 1.1937317
[6386, 0.5066046, 1.0323187, 4.317526, 0.89523476] 2.7735877 0.8117067 0.81628865 1.3262572
[6387, 0.42191932, 1.0930203, 4.0785923, 0.67417145] 2.7656136 1.0749553 0.961619 1.1986462
[6388, 0.58057165, 0.85292274, 6.8532567, 0.633827] 2.3955684 1.1018747 1.0033448 0.92039216
[6389, 0.489834, 0.98663944, 4.95396, 0.50850624] 2.3781605 1.0775058 0.9095554 1.2744336
[6390, 0.47585794, 1.0360731, 4.6486607, 0.47783965] 2.7625747 0.8860483 0.7929074 1.1116378
[6391, 0.55098003, 1.01392, 3.9287426, 0.8596796] 2.9292364 0.90526706 0.79077584 0.99309623
[6392, 0.49779126, 0.96395457, 8.392941, 0.8076382] 2.463279 0.9729621 0.74855524 1.2145101
[6393, 0.52765745, 0.9755933, 4.8073816, 0.6483219] 2.786838 0.9778457 0.8758702 0.99822897
[6394, 0.5484803, 0.9961709, 5.100266, 0.5088356] 2.6023793 1.0094044 0.7692649 1.2061045
[6395, 0.45829844, 1.0299455, 4.494235, 0.45680383] 2.6364014 0.9212326 0.98749036 1.2512772
[6396, 0.561552, 0.9433191, 5.469453, 0.7811025] 2.5822709 1.025085 0.86774683 1.0492761
[6397, 0.591124, 0.9249612, 6.895285, 0.9036468] 2.5362175 0.9541834 0.7927761 1.1550915
[6398, 0.48009562, 0.9490076, 6.8007684, 0.72683525] 2.5764015 0.7870766 0.8637127 1.0984665
[6399, 0.5098688, 1.0193908, 4.762744, 0.43270552] 2.6656065 0.9738279 0.86626554 1.2609186
[6400, 0.6016712, 0.81320727, 7.694013, 0.40190607] 2.3623207 0.98730314 0.99353963 1.0205098
[6401, 0.4418083, 1.0112988, 7.1559973, 0.8064731] 2.3755374 0.98146003 0.98699164 1.192908
[6402, 0.5120542, 0.9422517, 7.12062, 0.5769345] 2.3858914 1.0448667 0.8334799 1.2167776
[6403, 0.5261807, 1.0041449, 3.9862945, 0.73616785] 2.7735002 1.0446812 0.9040544 1.1435728
[6404, 0.54707456, 0.900013, 7.457501, 0.67060715] 2.4605117 0.91490304 0.93469334 1.1240579
[6405, 0.52521014, 0.8269954, 7.420931, 0.52327895] 2.5466132 0.9287265 0.8303724 0.8771635
[6406, 0.4658812, 1.0468462, 3.7143369, 0.61734605] 3.002572 1.139803 0.766146 0.8895517
[6407, 0.3774527, 1.0975403, 6.4810033, 0.9329926] 2.5473008 0.906389 1.0452073 1.0517404
[6408, 0.5327178, 0.99692106, 5.74868, 0.64364445] 2.5265203 1.1514993 0.8614659 1.0961301
[6409, 0.46593714, 1.0224566, 5.9154315, 0.4875787] 2.6995578 0.98553157 0.8211175 1.008329
[6410, 0.5970535, 0.8201281, 7.3755307, 0.7049379] 2.4635475 1.0695524 0.89704645 0.9661619
[6411, 0.47535935, 0.8794162, 8.421543, 0.5202298] 2.402416 1.0035143 0.86060435 1.1199675
[6412, 0.69640493, 0.6920984, 6.470836, 0.5302817] 2.3952603 1.059751 0.76899344 1.1266834
[6413, 0.5010436, 1.0276401, 4.5202875, 0.4870449] 2.7408257 1.0237857 0.8227594 1.0902017
[6414, 0.4495864, 1.0366167, 4.53642, 0.4991464] 2.7515836 1.0349011 0.8128863 1.0878774
[6415, 0.5242024, 0.9992904, 4.6158013, 0.7625466] 2.7225983 0.9679832 0.7736482 1.0430354
[6416, 0.49526867, 1.0294299, 5.077325, 0.57191306] 2.6381989 0.9914466 0.8207776 1.0530806
[6417, 0.566669, 0.8261537, 6.554958, 0.63393134] 2.356485 1.0601383 0.9486558 1.0011966
[6418, 0.44015348, 0.95049536, 7.685538, 0.8033323] 2.5157804 0.9339191 0.93603295 0.946856
[6419, 0.46556607, 1.0310382, 4.8041873, 0.46883026] 2.737201 1.0286912 0.79570264 1.0544428
[6420, 0.48586422, 0.9550208, 7.2960386, 0.96719897] 2.4370754 0.95933473 0.85957086 1.1493595
[6421, 0.5424441, 0.9974751, 3.6156204, 0.53966826] 2.883834 0.80315614 0.9039784 1.1183463
[6422, 0.49432388, 1.037045, 4.895636, 0.7250723] 2.602648 0.9409284 0.8224149 1.2145905
[6423, 0.58988875, 0.95985025, 4.7907453, 0.5672923] 2.827467 0.91927224 0.6756444 1.0401579
[6424, 0.4813507, 1.0177759, 5.0016594, 0.5424895] 2.817169 0.88482773 0.79129964 0.9139246
[6425, 0.59742135, 0.68470466, 5.441487, 0.52580154] 2.4038613 0.9946821 0.87310314 0.83286494
[6426, 0.55118686, 0.98763293, 5.600987, 0.5534246] 2.5763266 0.98320687 0.87446916 1.1175506
[6427, 0.38177028, 0.998036, 6.52135, 0.87843174] 2.3104193 1.113583 0.96990347 1.096559
[6428, 0.5599628, 0.9599132, 4.187842, 0.5616251] 2.678193 0.9354397 0.942444 1.3177898
[6429, 0.48729694, 1.0155963, 5.4097915, 0.49968678] 2.6081185 0.961408 0.9004 1.1187156
[6430, 0.5160332, 0.9313512, 7.018977, 0.7343851] 2.3907652 1.1198853 0.8476857 1.1354321
[6431, 0.5622386, 0.82867026, 9.290286, 0.4291941] 2.3395495 1.0653632 0.81506276 1.1797429
[6432, 0.567197, 0.5963329, 4.4273453, 0.39989263] 2.0401366 1.0906386 0.9641138 1.1197143
[6433, 0.4896659, 1.0121974, 4.916737, 0.69321364] 2.5901554 0.9862241 0.8964867 1.0704639
[6434, 0.55532205, 0.97756875, 4.6500263, 0.37134832] 2.7111523 0.92767537 0.80497015 1.1692529
[6435, 0.62931424, 0.7470072, 6.945872, 0.65562785] 2.252577 1.0372471 0.90586984 1.2134464
[6436, 0.4868495, 1.0000083, 6.665568, 0.72012156] 2.5164144 0.9848174 0.9373321 1.0528177
[6437, 0.5795871, 0.74722856, 6.8595095, 0.79882354] 2.3874443 0.86868036 0.9318153 1.1145192
[6438, 0.5020882, 0.9775058, 4.334293, 0.47011444] 2.7223616 0.98697907 0.8563157 1.0869424
[6439, 0.4534411, 1.0428895, 4.652403, 0.4930458] 2.702379 0.96320164 0.8297995 1.2392936
[6440, 0.4937245, 1.0205196, 6.112133, 0.509003] 2.6588063 1.0267655 0.84940094 0.8515715
[6441, 0.63693357, 0.9246825, 2.4007013, 0.5308105] 3.1794875 0.8107084 0.82481325 1.0500548
[6442, 0.4569187, 1.0438356, 5.869953, 0.701396] 2.747313 0.8335448 0.760146 1.046391
[6443, 0.5426091, 0.8945838, 8.30299, 0.65977067] 2.4183645 1.0759562 0.9406583 0.9697253
[6444, 0.37893242, 1.086224, 5.4407897, 0.6609264] 2.531001 1.0309787 0.9410247 1.089948
[6445, 0.4487324, 1.0434136, 5.708641, 0.70652664] 2.502188 1.0224941 0.79911125 1.2361301
[6446, 0.51372415, 0.9545623, 7.6044903, 0.86923516] 2.4190247 1.0020896 0.93369156 1.1289936
[6447, 0.57060665, 0.9822639, 5.6762547, 0.562568] 2.5105991 0.96529496 0.91861564 1.2713023
[6448, 0.469422, 1.0236061, 6.444182, 0.75323695] 2.5136871 0.8586108 0.8779233 1.2399476
[6449, 0.5443745, 0.9776931, 5.205296, 0.544889] 2.7968853 0.8963026 0.8382332 0.94775337
[6450, 0.49015272, 0.9981071, 6.5518713, 0.7161684] 2.6307592 0.9846715 0.7456212 0.9917031
[6451, 0.5010842, 0.96138346, 6.94977, 0.96006453] 2.6070118 0.9689901 0.8989812 0.8991141
[6452, 0.45601502, 1.0748487, 4.9140043, 0.55505514] 2.7665 0.85393816 0.90487945 1.0667956
[6453, 0.5054255, 1.0230334, 4.445482, 0.53705955] 2.7117598 0.89406335 0.84634876 1.2212954
[6454, 0.4686165, 1.0189282, 4.1044455, 0.52249694] 2.8359632 0.99297297 0.76643425 1.029536
[6455, 0.41293746, 1.0873258, 4.722232, 0.49760202] 2.6423528 0.88053256 0.89382017 1.1744046
[6456, 0.4931178, 0.90035737, 7.008065, 0.77367496] 2.436702 1.0689199 0.821512 1.0127051
[6457, 0.53024405, 1.0104182, 4.8839326, 0.63243747] 2.672886 1.0524344 0.776749 0.9767331
[6458, 0.5065363, 0.9705797, 6.74912, 0.68007725] 2.421836 0.98589516 0.95987666 1.1559258
[6459, 0.41574225, 1.0520476, 5.0982943, 0.49987942] 2.6260738 0.8715509 1.0180775 1.1224269
[6460, 0.5508815, 0.90306556, 6.4052687, 0.6445] 2.491762 1.0355438 0.7909929 1.0701221
[6461, 0.6914232, 0.6719989, 6.7643905, 0.71572614] 2.4038754 0.977779 0.75219893 1.1315185
[6462, 0.45561504, 1.0343386, 5.611831, 0.5383187] 2.7284787 0.8368823 0.7947784 1.0874424
[6463, 0.5382991, 0.9502137, 6.1525707, 0.80476654] 2.5506897 0.9569988 0.80213326 1.1200763
[6464, 0.4838974, 1.024969, 4.020314, 0.5085937] 2.6460629 1.0509468 0.7698006 1.1480107
[6465, 0.5004518, 0.97287035, 5.687894, 0.49439293] 2.554675 1.0075506 0.81056774 1.0292578
[6466, 0.5141529, 1.0048265, 5.8238974, 0.53052795] 2.6037495 1.0104508 0.8892772 1.0182002
[6467, 0.5590978, 0.8211357, 7.3137636, 0.5099498] 2.3220484 1.1424546 0.930039 1.0079901
[6468, 0.5681642, 0.88215804, 8.180636, 0.92647064] 2.4164746 1.0341427 0.871915 1.079216
[6469, 0.3429044, 1.060274, 5.8026376, 0.9958769] 2.4674475 1.0919164 0.95915085 0.981109
[6470, 0.5290379, 0.99479806, 4.5406866, 0.45574492] 2.7867012 0.977801 0.7968988 1.0281686
[6471, 0.54613924, 0.9664801, 6.291615, 0.74293077] 2.6488667 1.0784851 0.78306174 0.8675846
[6472, 0.40997794, 1.0903485, 5.741094, 0.74769425] 2.6767058 0.8400609 0.9342979 1.1415019
[6473, 0.51669866, 1.0058972, 3.9729373, 0.5866957] 2.856726 0.99303687 0.8308179 1.1218847
[6474, 0.58851475, 0.89036494, 5.9636445, 0.5944589] 2.4553952 1.052903 0.7714619 1.1948936
[6475, 0.53848183, 0.9787505, 4.4500594, 0.38653955] 2.6728327 1.0848643 0.94034827 1.0658201
[6476, 0.6724646, 0.87701416, 2.5194836, 0.57632613] 3.1885254 0.91971236 0.70871484 1.1212733
[6477, 0.445688, 1.0882461, 3.8062866, 0.8355996] 2.9927304 1.0751257 0.7682438 0.96344155
[6478, 0.4405762, 1.0559849, 3.4126003, 0.6707706] 2.9726162 1.0742625 0.76641446 0.90704817
[6479, 0.47069633, 1.0664928, 5.1239743, 0.44660163] 2.6806548 0.9992846 0.9228471 0.98040265
[6480, 0.50808597, 1.0213261, 4.2101264, 0.46866158] 2.7783277 1.1325921 0.85297924 1.0029895
[6481, 0.44485208, 1.0524617, 4.621344, 0.5752245] 2.7996373 1.003712 0.84724706 1.0228587
[6482, 0.5297172, 0.9563089, 6.576554, 0.53161687] 2.5334437 1.0327164 0.8934166 1.0248587
[6483, 0.44344676, 1.0336207, 4.6450377, 0.5000134] 2.7771177 1.0822375 0.8471263 0.9242903
[6484, 0.42865157, 1.0433329, 5.844351, 0.51450336] 2.5203342 1.1224034 0.93711025 0.96989316
[6485, 0.47730777, 0.8739501, 7.2453766, 0.82055116] 2.3366334 0.94721717 1.0118368 1.1217674
[6486, 0.49843103, 0.89915323, 7.9867086, 0.60646456] 2.4170358 0.98951185 0.92178094 0.97891617
[6487, 0.59720343, 0.7866122, 6.8660836, 0.50648427] 2.3215926 1.0386242 0.99857306 0.98802656
[6488, 0.54092795, 0.87352574, 6.3211684, 0.66102314] 2.4653993 0.7527379 0.8802627 1.2446073
[6489, 0.52745664, 1.009593, 4.9485974, 0.57700974] 2.6980388 0.80341643 0.8024835 1.2796193
[6490, 0.364027, 0.7803972, 5.490024, 0.54457504] 2.2798197 0.974064 0.9120866 1.0580258
[6491, 0.6300146, 0.79396486, 6.0487337, 0.5722045] 2.419539 1.0171385 0.8061427 1.1683809
[6492, 0.49418762, 0.9980432, 6.126292, 0.9366293] 2.6066182 0.79692787 0.91826886 1.0601399
[6493, 0.6009889, 0.7079888, 5.512079, 0.34804133] 2.2945068 1.039034 0.87990475 1.0709561
[6494, 0.49785802, 1.0142261, 5.7029214, 0.8037279] 2.5938635 0.94428456 0.8011871 1.2049166
[6495, 0.54870296, 0.86967033, 8.352565, 0.7036954] 2.3388586 0.9199665 0.77390766 1.4191284
[6496, 0.5711409, 0.9719682, 5.28491, 0.7324721] 2.627298 0.8501786 0.8418253 1.2120951
[6497, 0.4946722, 0.99610656, 5.47656, 0.79936445] 2.572052 0.9394086 0.7711166 1.1495346
[6498, 0.5334278, 0.98253256, 5.834609, 0.77094394] 2.4719827 0.7756366 0.9149351 1.3518642
[6499, 0.44667554, 1.0523322, 5.249715, 0.5386684] 2.6604218 0.9109074 0.90915054 1.000496
[6500, 0.53215086, 1.0021263, 4.6846933, 0.48014072] 2.7546191 0.87998664 0.8316851 1.1100168
[6501, 0.4660089, 0.96956027, 7.6469755, 0.58853704] 2.4819577 0.98398393 0.84515065 1.1180025
[6502, 0.5853002, 0.9673294, 4.329247, 0.58717453] 2.678254 1.1325756 0.78893524 1.2081432
[6503, 0.50581706, 1.0224719, 4.1371155, 0.4548974] 2.8965502 1.028679 0.8018318 1.014619
[6504, 0.51630807, 0.9822803, 5.1882033, 0.76347834] 2.5263188 0.95380825 0.9088621 1.3191633
[6505, 0.45869127, 1.0149999, 4.8804693, 0.5621038] 2.6760385 0.97483987 0.7067906 1.1495612
[6506, 0.4553827, 1.0352222, 5.7099524, 0.89859957] 2.6544816 0.89114124 0.9479927 0.9249128
[6507, 0.49591932, 0.95794547, 7.299995, 0.4923446] 2.406434 0.9667736 0.9552979 1.1434131
[6508, 0.53353083, 0.9682829, 5.684144, 0.9318389] 2.6010492 0.9927769 0.7405411 1.065817
[6509, 0.4891196, 1.0375122, 4.876858, 0.42702654] 2.469683 1.1302252 0.9179698 1.2959508
[6510, 0.42332557, 1.0629016, 5.564252, 0.90874404] 2.7675438 0.8844293 0.8923189 0.9339282
[6511, 0.37792286, 0.83494824, 5.3968167, 0.45935372] 2.2980063 0.8458066 1.0141004 1.1351974
[6512, 0.5075711, 1.0122876, 5.219487, 0.5818258] 2.5717242 0.97040963 1.0110224 1.2548739
[6513, 0.44602084, 1.0408379, 8.192547, 0.91741574] 2.607173 0.8441264 0.9215717 1.0619717
[6514, 0.5319021, 0.67237586, 4.189953, 0.4955484] 2.0625415 0.9934639 0.9964245 1.2748687
[6515, 0.42482302, 0.99797666, 6.458869, 0.68263775] 2.6148918 0.9588604 0.9258765 0.86092883
[6516, 0.5341524, 1.0088634, 3.5763993, 0.6268413] 2.8798752 1.0446713 0.8546714 1.111039
[6517, 0.6193827, 0.6374839, 4.740356, 0.49199808] 2.1191025 1.0653913 0.9401104 1.1298555
[6518, 0.5393024, 0.9757809, 4.1883926, 0.51782376] 2.6869023 1.0028031 0.8176611 1.1497526
[6519, 0.57336086, 0.93727064, 4.2146683, 0.53785354] 2.764843 0.97564834 0.8185762 1.1558055
[6520, 0.55652654, 0.91998684, 7.0215354, 0.77165556] 2.4628477 1.031236 0.8619983 1.0848076
[6521, 0.5331649, 0.9919921, 2.785285, 0.75087655] 3.0629923 0.9848671 0.98432153 1.023133
[6522, 0.51921594, 0.9067934, 6.6893253, 0.7440637] 2.4827998 0.9520951 0.86969 1.0769302
[6523, 0.5265321, 0.8617005, 8.263871, 0.699817] 2.361458 0.8686432 0.94587386 1.202404
[6524, 0.54217994, 0.8358005, 6.480648, 0.48112932] 2.3877187 0.94257176 0.897744 1.1027552
[6525, 0.6066863, 0.76453936, 6.236087, 0.84012175] 2.3021286 1.0557075 0.89920884 1.0885231
[6526, 0.36361983, 0.785023, 5.2316346, 0.58218664] 2.1977656 0.89433485 0.97292995 1.1911672
[6527, 0.6152308, 0.89739823, 5.7845154, 0.49222317] 2.3945572 0.97618014 0.8127341 1.3862176
[6528, 0.42547864, 1.0507272, 5.8009295, 0.5765858] 2.3786569 1.0093492 0.9523321 1.2828863
[6529, 0.41190848, 1.0670012, 4.6216316, 0.513033] 2.7003467 1.0794611 0.8251024 1.0154623
[6530, 0.5315286, 1.0013703, 5.6473145, 0.92862666] 2.691839 0.90823436 0.87775093 1.0276576
[6531, 0.48956242, 0.8354696, 6.4313912, 0.6080317] 2.4853454 0.97540444 0.82100916 0.9327331
[6532, 0.54476446, 0.97825485, 4.704455, 0.4271281] 2.7972581 0.8824657 0.8079829 1.0676963
[6533, 0.4739794, 0.9086243, 9.258293, 0.8481246] 2.4132836 0.94772655 0.98879224 1.0360631
[6534, 0.4696741, 1.0362306, 4.707523, 0.56274784] 2.6796892 1.0968261 0.93826985 0.99880767
[6535, 0.5373531, 0.8877465, 6.6835523, 0.6569767] 2.4060252 0.954398 0.9356496 1.1396409
[6536, 0.53359544, 1.000694, 5.4641786, 0.8486978] 2.5953307 0.9546396 0.9085038 1.0478586
[6537, 0.57241756, 0.94428605, 6.3513665, 0.5771769] 2.442974 0.9406237 0.80384964 1.3354077
[6538, 0.6027852, 0.8512967, 6.787178, 0.70743173] 2.4802194 0.99705225 0.8297524 1.1163353
[6539, 0.47793502, 0.896235, 7.1963058, 0.77965826] 2.5522468 0.85469985 0.8028095 1.0300983
[6540, 0.63739204, 0.8130531, 7.159021, 0.8602311] 2.4373276 0.92964566 0.89869535 1.1580558
[6541, 0.45634383, 1.0803294, 6.299697, 0.90396047] 2.4642317 1.0206809 0.92472875 1.1957887
[6542, 0.44865015, 1.0643964, 4.25969, 0.49265704] 2.7100084 1.0791239 0.83204085 0.94633645
[6543, 0.5170135, 0.8047198, 7.032048, 0.59218985] 2.2650383 0.81336796 1.0279548 1.2215922
[6544, 0.5591812, 0.6470575, 4.473699, 0.50284284] 2.2196658 0.9950581 0.8979833 1.0575006
[6545, 0.37904847, 1.1028104, 5.9263296, 0.83254355] 2.500055 1.065994 0.87571704 1.1492181
[6546, 0.57452685, 0.96622026, 6.5661902, 0.69487673] 2.592733 0.85935336 0.87188905 1.1468012
[6547, 0.5026261, 1.0165961, 4.5112977, 0.5761867] 2.7389402 1.0453992 0.8263304 1.0554054
[6548, 0.614807, 0.77093804, 6.881217, 0.6497299] 2.1912282 0.93558985 1.0165368 1.3338774
[6549, 0.5518116, 0.986877, 5.5943265, 0.46302757] 2.6348982 0.9755663 0.8416144 1.2146213
[6550, 0.4037035, 1.0598625, 4.697481, 0.46940726] 2.8057175 0.8946079 0.78700995 0.93852335
[6551, 0.4901182, 1.0306346, 5.6338744, 0.6411869] 2.559367 0.7980287 0.973677 1.2759657
[6552, 0.45393592, 0.95708865, 7.3163357, 0.86306715] 2.445025 0.9540841 0.9176468 1.0909353
[6553, 0.5725147, 0.95557284, 5.8088436, 0.82517236] 2.5049458 1.1277101 0.7992521 1.1001135
[6554, 0.48746333, 1.0249189, 4.929714, 0.5423501] 2.4359577 0.9862721 0.96209675 1.306952
[6555, 0.47105876, 1.0318458, 5.7948723, 0.5717902] 2.6626585 0.94917804 0.90233016 1.0455781
[6556, 0.59401864, 0.7679517, 6.295201, 0.37440547] 2.3411496 0.95970094 0.87056535 1.1623611
[6557, 0.47425497, 1.0492213, 6.1434593, 0.5397443] 2.5720212 0.98945063 0.9718068 1.0951587
[6558, 0.57504696, 0.8566623, 8.254074, 0.68369144] 2.335196 1.1515288 0.966545 1.0052972
[6559, 0.5013499, 1.0379277, 5.619223, 0.71843153] 2.6723418 0.89075315 0.77714807 1.0685819
[6560, 0.5873624, 0.8314612, 6.5342336, 0.5728653] 2.5623527 0.89628166 0.8593007 0.8926856
[6561, 0.5120586, 1.0060151, 5.485062, 0.7258345] 2.660404 0.8732356 0.85650146 1.1019099
[6562, 0.48924714, 1.027531, 3.9943056, 0.4759239] 2.805727 1.0907346 0.814684 1.0060917
[6563, 0.3868616, 1.0479481, 5.3399034, 0.9261851] 2.5364583 1.0014514 0.85054797 1.0754857
[6564, 0.36818755, 1.1030544, 4.3232193, 0.62054336] 2.7654731 0.99318886 0.96255296 1.0804279
[6565, 0.52000755, 1.0265507, 5.5191607, 0.65461236] 2.6688805 1.0066283 0.8730733 1.0059985
[6566, 0.39379126, 0.65182346, 4.4125104, 0.8522047] 2.204468 0.9085257 0.89118314 0.94775146
[6567, 0.54058415, 0.88714147, 7.4706507, 0.5743561] 2.5625117 0.7598621 0.77088654 1.1688802
[6568, 0.5570404, 0.89752305, 7.5857763, 0.40147722] 2.538238 1.0194595 0.74959356 1.029385
[6569, 0.5197691, 0.9193805, 6.197316, 0.70915025] 2.470106 1.0585394 0.87340283 1.0201852
[6570, 0.50056076, 1.0633762, 4.3741727, 0.64553344] 2.8044817 1.0683756 0.8985883 0.893497
[6571, 0.5693881, 0.9594138, 6.1972027, 0.8704191] 2.4426959 1.0505496 0.92291373 1.1908865
[6572, 0.55146164, 0.97031754, 5.396112, 0.5811986] 2.6192915 0.8255926 0.93770987 1.2144846
[6573, 0.47802588, 1.0493631, 3.74146, 0.7456748] 2.8346243 1.1202245 0.8267835 1.1443907
[6574, 0.59462404, 1.0411583, 2.0856917, 0.55554354] 3.366412 0.88912356 0.8649584 1.0539459
[6575, 0.4888796, 1.0391853, 4.935835, 0.5617071] 2.6392777 0.9740971 0.81232804 1.124447
[6576, 0.54707915, 0.89635694, 7.2997065, 0.725179] 2.603031 0.8064309 0.8504478 1.0223123
[6577, 0.52051175, 1.0148169, 5.3071856, 0.54911464] 2.7532065 0.91350824 0.7992219 1.1302276
[6578, 0.50876385, 1.001979, 4.6075683, 0.47487724] 2.8003604 0.9617255 0.73460597 1.0816208
[6579, 0.59638476, 0.75139916, 6.3159037, 0.3639613] 2.18973 1.0882472 0.8619688 1.2865471
[6580, 0.5605401, 0.94619596, 5.143813, 0.59634745] 2.6137166 1.0634006 0.9497028 1.0141335
[6581, 0.35283944, 1.1021821, 5.0575924, 0.55164725] 2.7032971 0.97110975 0.9177101 0.9413485
[6582, 0.48629332, 1.0019405, 3.8898995, 0.5920114] 2.8701334 0.9516736 0.77031314 1.0698646
[6583, 0.6530467, 0.75059515, 6.6318593, 0.6752757] 2.5227914 0.80805147 0.8601357 1.0167522
[6584, 0.43916312, 0.78467876, 6.0426855, 0.68336594] 2.2462835 1.0512903 1.0032271 0.9781754
[6585, 0.48475558, 1.0310007, 5.4136715, 0.7666582] 2.5675316 0.9316105 0.9149529 1.2253146
[6586, 0.43311995, 1.0529833, 6.7379107, 0.8208478] 2.556395 0.97759426 0.8927708 1.0571755
[6587, 0.47586766, 1.0357239, 4.352176, 0.4189108] 2.7850113 1.0680939 0.76151353 1.0361853
[6588, 0.58087623, 0.8689685, 6.980313, 0.9421219] 2.5501087 0.7576576 0.86566323 1.1285939
[6589, 0.5816314, 0.748197, 5.7504034, 0.55981207] 2.3200078 1.0115136 0.8713249 1.0503283
[6590, 0.47591165, 1.0314682, 5.462523, 0.4912285] 2.5169876 1.0055723 0.9596559 1.1839957
[6591, 0.444705, 1.0172441, 6.516617, 0.98640835] 2.470185 1.071016 0.90993035 1.0626988
[6592, 0.54436, 1.0158753, 3.187583, 0.7194002] 3.0831506 0.9522217 0.7105428 1.0293909
[6593, 0.5702834, 0.9753756, 3.609754, 0.6342848] 2.8896563 0.82910067 0.8943992 1.1588011
[6594, 0.5770812, 0.96714866, 3.9305406, 0.53593725] 2.7951884 1.0271659 0.7687474 1.210626
[6595, 0.44094202, 1.1038055, 5.1291504, 0.9673436] 2.5083091 1.1114634 0.9067099 1.080803
[6596, 0.5214378, 0.9888717, 4.267522, 0.43116358] 2.9460902 0.87865496 0.9210083 0.83404195
[6597, 0.43705416, 1.0694286, 4.9563518, 0.9451294] 2.7006893 1.0171121 0.9358494 0.92025495
[6598, 0.45125768, 1.0092474, 6.863427, 0.6555836] 2.6788983 0.8473112 0.81261706 0.9978232
[6599, 0.42983913, 1.0396239, 6.7906036, 0.9117581] 2.512903 0.914452 0.9283179 1.1567672
[6600, 0.4802188, 1.0256525, 6.1379924, 0.76430726] 2.6226215 0.88573813 0.93254733 1.0927216
[6601, 0.412171, 1.0509983, 5.501803, 0.73634505] 2.59913 0.948679 0.852401 1.1034739
[6602, 0.45372865, 1.0350012, 5.146999, 0.4782615] 2.576964 1.0352484 0.9877835 1.0840814
[6603, 0.43845904, 1.0332919, 5.0866776, 0.47643885] 2.560682 0.9977966 0.9652781 1.0697291
[6604, 0.52293104, 1.0245233, 4.6453857, 0.6759345] 2.8439806 0.9791573 0.8479033 0.9813645
[6605, 0.5367171, 0.9574629, 5.7874227, 0.5229527] 2.4675047 1.0516986 0.92701334 1.0660851
[6606, 0.5099585, 0.86163485, 6.698736, 0.6039018] 2.4179265 1.0520924 0.8412769 1.0069585
[6607, 0.6071429, 0.92912257, 3.7745755, 0.64404136] 2.973538 0.9506683 0.86685956 0.9582021
[6608, 0.48170438, 0.9912926, 6.665468, 0.67757624] 2.4568195 1.0519581 0.9396129 1.0864236
[6609, 0.59915406, 0.6562929, 4.514701, 0.6349907] 2.137817 0.9960043 1.001597 1.1339705
[6610, 0.53197765, 0.9875153, 5.0709968, 0.5044185] 2.5916574 1.1435403 0.83086437 1.1357286
[6611, 0.40544912, 1.057979, 5.1115723, 0.6075952] 2.576423 1.0816854 0.8784866 1.0845964
[6612, 0.550527, 0.9667373, 4.4156194, 0.49116084] 2.7105503 0.87009263 0.8786089 1.1388329
[6613, 0.47313818, 1.0191944, 5.4388723, 0.58611196] 2.7056777 0.8545929 0.7914548 1.087615
[6614, 0.5824205, 0.94555724, 3.3197577, 0.77980816] 2.9099636 0.97941244 0.8280611 1.0620433
[6615, 0.44833165, 1.0724767, 5.547954, 0.54683924] 2.5493028 0.92249405 0.83505106 1.2069252
[6616, 0.535422, 0.9866776, 5.3035026, 0.48880512] 2.788548 0.79457986 0.85976994 0.9531279
[6617, 0.514604, 0.9260613, 5.8104935, 0.57564545] 2.4484284 1.0928982 0.9287833 0.9758121
[6618, 0.43411312, 1.0361646, 6.117646, 0.8080593] 2.5605767 0.8757976 0.9118613 1.1141012
[6619, 0.44086254, 1.0355805, 6.845172, 0.60853195] 2.4500554 0.94589865 0.9214612 1.2711849
[6620, 0.5445302, 0.77355963, 5.396691, 0.6817611] 2.3155334 0.960491 0.9876917 1.0736499
[6621, 0.5588882, 0.9439496, 4.1181884, 0.36995304] 2.8559232 1.0232006 0.7779967 1.1000626
[6622, 0.41161335, 1.0860082, 5.0342426, 0.48108464] 2.6185985 1.0989467 0.8584685 1.1345434
[6623, 0.5388095, 0.99405026, 4.642698, 0.66722816] 2.747886 1.023355 0.8437327 1.1944699
[6624, 0.48958012, 1.0141052, 5.021586, 0.5376068] 2.6445582 1.0721884 0.84358484 1.0295267
[6625, 0.48911354, 0.9186962, 8.297281, 0.86323494] 2.3427625 1.0624592 0.84528327 1.2150189
[6626, 0.44393456, 1.0565459, 5.469283, 0.57544404] 2.6180475 1.1312244 0.8342498 0.95980316
[6627, 0.68118393, 0.6941737, 6.540162, 0.34348705] 2.426442 0.9987661 0.90587926 0.8824972
[6628, 0.51806265, 0.783648, 4.9883275, 0.5641451] 2.5280995 0.7595047 0.8324199 0.99366915
[6629, 0.44152993, 1.075405, 5.9135695, 0.9276343] 2.6369798 0.967107 0.8543536 0.96994853
[6630, 0.45754504, 1.0631989, 6.2728696, 0.86564946] 2.6204982 0.9085745 0.8655264 1.1422944
[6631, 0.6310629, 0.8791284, 7.4923553, 0.6670976] 2.4621296 0.97214687 0.7635046 1.2624514
[6632, 0.5359176, 1.014797, 3.5881, 0.6243842] 3.0153182 0.9959972 0.7820661 0.956516
[6633, 0.5843464, 0.95065355, 5.6176314, 0.6977484] 2.8192196 0.9761201 0.83425796 0.689312
[6634, 0.5893013, 0.7467602, 6.7628727, 0.5409754] 2.3436198 0.98826796 0.83813584 1.1208596
[6635, 0.49866322, 1.0185529, 4.43893, 0.6123796] 2.558304 1.1216203 0.8950472 1.312667
[6636, 0.48619723, 1.0124136, 5.734053, 0.5481277] 2.4934843 1.1115673 0.92944413 1.1050363
[6637, 0.4616131, 1.0163878, 5.172489, 0.434192] 2.660528 0.9388177 0.8164412 1.1558211
[6638, 0.54353154, 0.95650953, 5.2175274, 0.6129685] 2.5600085 1.0657774 0.8821198 0.9649088
[6639, 0.34903497, 1.1006011, 5.2887654, 0.5582277] 2.6197379 0.9666031 0.949686 1.074806
[6640, 0.49824595, 1.0022305, 5.282972, 0.5247147] 2.6376765 0.9555205 0.9040185 1.0591853
[6641, 0.5363904, 0.9734854, 3.6890326, 0.64159095] 2.9125652 0.8739447 0.84873897 1.1182164
[6642, 0.497868, 1.0319531, 5.347648, 0.69344056] 2.5730474 0.90855366 0.81753933 1.2903954
[6643, 0.47851288, 1.0121691, 5.1633945, 0.55503607] 2.582995 0.87753916 0.9206315 1.2390908
[6644, 0.51544017, 1.0114667, 5.384685, 0.7260339] 2.4924595 0.9333815 1.0064979 1.1396606
[6645, 0.44493693, 1.0515808, 4.9436555, 0.8867058] 2.5935519 1.0492313 0.7393707 1.1163045
[6646, 0.521176, 0.7548794, 6.061614, 0.5668353] 2.4666088 0.9075351 0.74273616 0.99347204
[6647, 0.62369305, 0.9183124, 2.7659771, 0.60616356] 3.0090783 0.9558093 0.717593 1.3667713
[6648, 0.47189683, 0.9293396, 7.658072, 0.74683106] 2.526623 0.9058834 0.771879 1.0753597
[6649, 0.54217184, 0.907248, 8.459445, 0.8523183] 2.5093658 0.91178924 0.815493 1.0884521
[6650, 0.4969484, 0.76851785, 5.4511466, 0.47540322] 2.2576559 0.89078 0.89838743 1.2248964
[6651, 0.56202704, 0.942915, 4.1819053, 0.44591483] 2.86473 0.84749657 0.8329884 1.1349908
[6652, 0.41996267, 1.0861437, 4.4461393, 0.5186552] 2.6161683 1.0682381 0.9469223 1.1945976
[6653, 0.56288964, 0.9924009, 2.7604458, 0.6442269] 2.9904068 0.97916484 0.9014634 1.1684648
[6654, 0.4285543, 1.0602623, 5.2499266, 0.7558097] 2.5983891 1.0448464 0.8378036 1.0183402
[6655, 0.6041813, 0.592738, 4.7489314, 0.43253946] 2.1926157 1.0509503 0.89760655 1.0051446
[6656, 0.49025235, 0.97020465, 6.7214613, 0.80654067] 2.4617405 1.0006415 0.87392443 1.1679215
[6657, 0.59782463, 0.72046614, 6.31835, 0.56778544] 2.1982074 1.0879234 0.89742666 1.1876643
[6658, 0.43843153, 0.9833137, 7.468128, 0.65649945] 2.5059848 1.0082684 0.86519384 0.97049737
[6659, 0.4903563, 1.0254027, 4.39606, 0.4455015] 2.6589472 1.092438 0.8511173 1.1091676
[6660, 0.523328, 0.7398316, 5.4505095, 0.4942801] 2.2561936 1.1142085 0.9238879 0.9546447
[6661, 0.59832585, 0.9190947, 4.70659, 0.4341066] 2.862399 0.9318252 0.87217623 0.9533452
[6662, 0.4837732, 1.0220046, 6.36836, 0.7869104] 2.6368637 0.8454018 0.9608439 1.036885
[6663, 0.4829526, 1.0058031, 4.723096, 0.45502672] 2.4970303 1.1354889 0.8932259 1.1755743
[6664, 0.52065, 0.9434626, 6.9076943, 0.60848004] 2.5271986 0.9672793 0.94697434 0.92975074
[6665, 0.55633724, 0.9591563, 4.0641084, 0.48470962] 2.8966532 0.95104307 0.84171313 0.9893217
[6666, 0.53296024, 0.7149656, 5.901117, 0.5570951] 2.3071346 0.9140711 0.905534 1.0804604
[6667, 0.35862803, 1.069578, 4.2713795, 0.3263866] 2.5584843 1.0521585 0.8973975 1.2199798
[6668, 0.50022936, 0.88543546, 7.470109, 0.9369898] 2.548448 0.95775825 0.7535486 0.9583751
[6669, 0.55679727, 0.8940971, 7.2638164, 0.67968744] 2.427539 1.0130413 0.90201455 1.083181
[6670, 0.57539093, 0.7990692, 7.8689723, 0.6296029] 2.4136007 0.9636642 0.890558 1.0279082
[6671, 0.42778063, 1.0352429, 4.748069, 0.5405345] 2.8347583 0.81812406 0.7498598 0.9691185
[6672, 0.47022516, 1.0440787, 5.1095824, 0.66290045] 2.642106 0.939902 0.8182851 1.0614505
[6673, 0.55706394, 0.9765404, 4.430168, 0.6018224] 2.7959623 0.9308789 0.8345366 1.1667477
[6674, 0.44959646, 1.0362517, 5.033135, 0.39078236] 2.7727387 0.9568779 0.82031024 0.96722364
[6675, 0.5040414, 1.0181384, 4.777709, 0.5899917] 2.6416013 1.0494341 0.8580313 1.0911546
[6676, 0.63958514, 0.7780411, 7.919978, 0.81647414] 2.477843 1.0990368 0.7346134 0.9354497
[6677, 0.5255415, 0.96028745, 6.741869, 0.7958672] 2.5832026 0.95285827 0.8682733 0.95724267
[6678, 0.6955691, 0.66505295, 6.278076, 0.638026] 2.345055 0.99417084 0.96483856 0.99027896
[6679, 0.26363623, 0.68208134, 4.6731563, 0.47678724] 2.0360377 0.9126515 1.0169439 1.2335324
[6680, 0.5020216, 1.0104163, 6.0530686, 0.7890665] 2.478735 1.0101014 0.95473075 1.1613456
[6681, 0.4717133, 1.0321488, 3.9228468, 0.63819665] 2.7273962 0.8822499 0.95481604 1.2096565
[6682, 0.4702174, 1.0157615, 6.4341, 0.63643277] 2.398975 1.1077008 0.9279137 1.1169823
[6683, 0.5256202, 0.9669005, 6.359421, 0.7348591] 2.650296 0.95371234 0.85590535 0.9458783
[6684, 0.46647245, 1.0372756, 5.402658, 0.3871235] 2.563878 1.0439407 0.9186343 1.1061469
[6685, 0.45403445, 0.9237503, 7.9664674, 0.7300541] 2.451553 0.9232665 0.807428 1.1309539
[6686, 0.5298799, 0.9700055, 5.3728995, 0.5490445] 2.5707493 0.9859072 0.84022975 1.0805129
[6687, 0.5832215, 0.96687055, 5.8883986, 0.66889554] 2.4543788 0.78898174 1.0047457 1.3858857
[6688, 0.52250475, 0.8096324, 6.2898974, 0.6268589] 2.4382443 1.0410153 0.7603659 0.9236116
[6689, 0.4905887, 0.91475385, 8.252565, 0.6256423] 2.502758 0.9668358 0.9727693 0.9349112
[6690, 0.5448083, 0.83149976, 8.161927, 0.9179492] 2.3721967 0.9776963 0.83413327 1.1383269
[6691, 0.5388434, 0.78770393, 6.2260675, 0.5406058] 2.3861184 0.96870023 0.891503 1.0169438
[6692, 0.57382035, 0.85668594, 7.071288, 0.4833866] 2.3838687 0.997857 0.87026364 1.1976365
[6693, 0.6146933, 0.73037386, 6.871442, 0.682816] 2.292968 1.0224044 0.85817313 1.1288865
[6694, 0.43458995, 1.0558734, 5.1866436, 0.46662664] 2.6172657 0.9573837 0.89371955 1.1792864
[6695, 0.43247104, 0.93895525, 6.0615673, 0.66238666] 2.5301695 0.87126845 0.93078405 1.0160773
[6696, 0.506825, 0.934466, 6.909815, 0.8990964] 2.5282404 0.9200642 0.83985585 1.0441145
[6697, 0.46046352, 0.9664975, 8.1563, 0.56770664] 2.3252745 1.1637341 0.9806276 1.0319976
[6698, 0.50712675, 0.8972404, 7.7797203, 0.5757517] 2.3456044 0.9593239 0.9206461 1.1829262
[6699, 0.56976724, 0.94163346, 7.434035, 0.748846] 2.4699981 1.0034813 0.8861304 1.1772975
[6700, 0.6091024, 0.6768675, 5.509385, 0.5396761] 2.331843 1.1255352 0.8966951 0.8089675
[6701, 0.46920773, 1.0398743, 4.3888907, 0.5522264] 2.769469 0.9775752 0.8351827 1.1006761
[6702, 0.50635725, 1.0109288, 3.9285204, 0.42153025] 2.762229 0.9573868 0.80393445 1.144535
[6703, 0.50201815, 1.0153824, 5.470535, 0.8178878] 2.5004568 0.9738591 0.8994752 1.26846
[6704, 0.5495986, 0.8983642, 9.0238085, 0.55068856] 2.4236805 1.1474093 0.7803911 1.0632459
[6705, 0.49765503, 1.0031189, 4.953775, 0.5278992] 2.7861822 0.8478201 0.9654304 0.9809034
[6706, 0.5787861, 0.779448, 6.770269, 0.5527472] 2.2975283 1.0249528 0.8971924 1.2090203
[6707, 0.5412217, 0.9762664, 4.108611, 0.9832886] 2.7660942 0.96460235 0.92080986 1.1967641
[6708, 0.48813137, 1.0133073, 5.9055376, 0.59900916] 2.5808935 0.9582638 0.852652 1.0800312
[6709, 0.58538085, 0.93822986, 5.2543726, 0.5236595] 2.697759 0.7404551 0.7374434 1.2211778
[6710, 0.43280858, 1.0259912, 4.3029933, 0.39251515] 2.7809017 0.9460134 0.80265325 1.0821573
[6711, 0.49811715, 1.0196182, 4.678915, 0.46103665] 2.6451147 1.0217476 0.81667066 1.0746365
[6712, 0.49749845, 0.68459535, 4.9025865, 0.4585349] 2.1569436 1.0659751 0.92669207 1.0668777
[6713, 0.5495287, 0.9785948, 4.8829727, 0.44900456] 2.542168 1.0058441 0.8002687 1.2830858
[6714, 0.47282258, 0.8095558, 5.9493847, 0.43996474] 2.1840641 0.92209584 0.98913753 1.3002235
[6715, 0.5332078, 1.0073514, 4.086026, 0.7171448] 2.7528012 1.0897257 0.9647582 1.0954652
[6716, 0.546378, 0.9619295, 5.1965075, 0.53300744] 2.6886272 0.9132803 0.75571764 1.1997402
[6717, 0.4422252, 0.993238, 8.362961, 0.9077564] 2.5417953 0.83990145 0.91144615 1.0540233
[6718, 0.46516567, 1.0035292, 4.7182956, 0.52050745] 2.7259986 0.91594696 0.8884769 1.1414804
[6719, 0.45711824, 1.0144591, 5.560697, 0.78793555] 2.453429 1.0527081 0.9223851 1.1231655
[6720, 0.3917878, 1.0871223, 5.3009305, 0.6060128] 2.5708876 0.9529187 0.93295306 1.1133574
[6721, 0.40314868, 1.0697184, 4.9345784, 0.41334316] 2.7112694 0.95085406 0.8230533 1.0650128
[6722, 0.49557525, 1.0262567, 5.0270314, 0.88102424] 2.5563896 1.1193873 0.7923654 1.0517658
[6723, 0.5611519, 0.9877878, 3.0910237, 0.790986] 2.950224 0.8623861 0.8350683 1.2122508
[6724, 0.6255125, 0.9180529, 6.5326047, 0.7922726] 2.3710892 1.0268106 0.9558536 1.22643
[6725, 0.5834077, 0.94040185, 3.2536268, 0.737007] 2.9969108 1.0215222 0.8397242 0.9941922
[6726, 0.5420689, 0.9807147, 5.700892, 0.90043765] 2.7193131 0.7155486 0.7886302 1.150948
[6727, 0.600707, 0.9310688, 5.0038896, 0.9072713] 2.737989 0.96066076 0.8375877 0.9216531
[6728, 0.548305, 1.0199493, 3.7123792, 0.639045] 2.968252 0.9894102 0.86297435 1.0149952
[6729, 0.48815164, 0.88334125, 7.2095265, 0.5957372] 2.5955937 1.0105178 0.79955524 0.7256844
[6730, 0.54204303, 1.0104318, 3.9062042, 0.5997121] 2.9292128 0.9232309 0.8176672 1.1096994
[6731, 0.5618417, 0.84352547, 7.7708564, 0.84280866] 2.4979186 0.98766 0.7603336 1.0485542
[6732, 0.5606599, 0.7534354, 5.6501293, 0.521815] 2.3669665 0.9746589 0.9103217 0.9697772
[6733, 0.4680136, 0.87302935, 8.176751, 0.76349807] 2.4602757 1.0040171 0.8417343 0.9364553
[6734, 0.47104725, 1.0476054, 5.189668, 0.6192247] 2.6586423 0.9489299 0.89471334 1.0109129
[6735, 0.49798578, 1.0088346, 4.0725245, 0.6647467] 2.7787008 0.8383636 0.8836627 1.2383837
[6736, 0.5196212, 0.98958707, 3.6760585, 0.65497625] 3.0002847 1.0601149 0.8738967 0.8621596
[6737, 0.54022634, 0.97530705, 4.0475864, 0.46304718] 2.7879112 0.98881805 0.84836364 1.1963333
[6738, 0.60211015, 0.92573494, 4.2226577, 0.35564083] 2.6867764 0.94404155 0.7914702 1.2694174
[6739, 0.39712435, 1.0773281, 3.5353837, 0.63913566] 3.0178702 1.0068555 0.7208964 1.0520151
[6740, 0.5431105, 0.9567028, 3.7345793, 0.48535392] 2.7453218 1.0803276 0.8138917 1.1440065
[6741, 0.40672365, 1.0548527, 5.7924676, 0.8210146] 2.567898 1.0682449 0.8461566 1.0556364
[6742, 0.4015739, 1.0675133, 4.815621, 0.68939006] 2.5769124 0.9447455 0.9855086 1.1591643
[6743, 0.46148637, 0.8699526, 7.897581, 0.6957243] 2.2443213 1.0132335 1.023713 1.1587442
[6744, 0.4561434, 0.72041124, 4.950404, 0.46042794] 2.2229002 0.9148159 0.79453725 1.1873738
[6745, 0.27233225, 1.1121427, 6.641043, 0.85956717] 2.6263905 0.8276756 0.9171603 1.0742723
[6746, 0.5647374, 0.95110345, 4.8701935, 0.82044417] 2.771582 0.7940865 0.8077001 1.0937382
[6747, 0.5287647, 1.0153906, 4.6807303, 0.5286804] 2.8360386 0.98662263 0.8172 0.9732603
[6748, 0.4551967, 1.0312026, 6.2872705, 0.9817986] 2.58651 0.9647359 0.9247911 1.0162127
[6749, 0.51888996, 1.0111465, 6.0304947, 0.5691986] 2.6963553 0.8593668 0.8739961 1.089069
[6750, 0.51332486, 0.9582736, 7.6591163, 0.73808] 2.420943 1.0102736 0.96000075 1.114432
[6751, 0.51704526, 1.0214217, 5.1648207, 0.6398207] 2.559489 0.9918004 0.8671442 1.2190205
[6752, 0.4501799, 1.0524993, 4.377435, 0.6787342] 2.855764 0.95028085 0.8685669 0.99052423
[6753, 0.42241094, 1.072235, 5.348026, 0.9759834] 2.5924897 0.9664811 0.869215 1.0247965
[6754, 0.6161237, 0.676612, 5.7666225, 0.52326876] 2.2917337 1.0513204 0.945505 0.93165386
[6755, 0.4933874, 0.91644377, 8.837347, 0.74125594] 2.4725199 0.97888863 0.82622796 1.0733927
[6756, 0.35691983, 1.0461148, 6.7056694, 0.80437845] 2.5689251 0.91740906 0.9811531 0.9192875
[6757, 0.43043777, 0.9708096, 8.454674, 0.8348131] 2.445782 0.98824847 0.92954606 0.968808
[6758, 0.55271053, 0.717531, 5.664728, 0.7104605] 2.3264453 0.97001666 0.89740276 1.0156692
[6759, 0.54333633, 0.83550173, 7.8765144, 0.75003314] 2.3514123 0.85433656 0.9265162 1.2233325
[6760, 0.44377086, 1.0136815, 6.853821, 0.38717052] 2.643371 0.7210811 0.9200884 0.9970114
[6761, 0.5610724, 0.9505323, 6.2947073, 0.6746022] 2.5517137 0.99797356 0.84900784 1.0015184
[6762, 0.48903227, 1.0204194, 4.9351115, 0.42609948] 2.6363049 1.035234 0.81391656 1.2482606
[6763, 0.5830337, 0.67322296, 5.105577, 0.51344573] 2.254215 0.91224706 1.0040765 1.0405549
[6764, 0.52647656, 1.0242351, 4.209974, 0.54157513] 2.768485 1.106423 0.79232776 1.0238136
[6765, 0.43669274, 0.6981574, 4.7288647, 0.4210488] 2.1793592 0.9089434 1.0195392 1.0732174
[6766, 0.47129807, 1.0430881, 5.933367, 0.85392475] 2.622028 0.90800494 0.86219144 1.0055633
[6767, 0.41321942, 1.0462267, 5.9745755, 0.81391835] 2.6010466 0.99252945 0.8902439 1.0262673
[6768, 0.5442634, 0.87338185, 8.028345, 0.7238906] 2.391638 0.9048549 0.8226845 1.2510611
[6769, 0.45901248, 1.0185299, 5.0442433, 0.59553766] 2.6141963 1.0053147 0.7655012 1.1058468
[6770, 0.5369719, 1.0254267, 3.6522317, 0.6858445] 2.8307257 1.0901675 0.88105625 1.1364307
[6771, 0.5298237, 0.778374, 6.4361925, 0.5212863] 2.150679 1.0099401 1.070746 1.215068
[6772, 0.52267253, 0.97768354, 5.0633197, 0.74834484] 2.7453575 0.89536303 1.0030261 0.91547465
[6773, 0.56718224, 0.93465185, 7.2555447, 0.5717112] 2.4960794 0.9666593 0.9006167 1.1072527
[6774, 0.6845181, 0.6747335, 5.7698274, 0.6377008] 2.3364353 0.9973294 0.8746612 1.0673224
[6775, 0.53631175, 0.9796849, 4.6841507, 0.4996001] 2.6971965 0.99870056 0.9095086 1.0150217
[6776, 0.4424614, 1.0765007, 5.3946133, 0.46095452] 2.5734632 1.0659845 0.9581655 1.0749707
[6777, 0.5899612, 0.96308106, 3.132792, 0.6438062] 2.8783739 0.9247511 0.92814016 1.2400875
[6778, 0.5642049, 0.78087986, 6.2085066, 0.47367603] 2.3048878 1.0701213 0.84810287 1.1021352
[6779, 0.5963234, 0.78745717, 6.560842, 0.90264964] 2.4179952 0.91860175 0.93331164 1.0687654
[6780, 0.5822958, 0.9600452, 3.8746128, 0.6812266] 2.7967987 1.1275065 0.8346817 1.2068369
[6781, 0.4601802, 1.0217185, 5.3058143, 0.46563837] 2.6828985 0.9261008 0.74247056 1.0642941
[6782, 0.624755, 0.84365106, 6.03051, 0.5073899] 2.5094395 1.0146459 0.8595927 0.9609291
[6783, 0.495448, 1.0336299, 5.178283, 0.6195026] 2.6333153 0.80522907 0.73054945 1.2276809
[6784, 0.45322165, 0.9084879, 8.890971, 0.76186377] 2.436009 1.0214486 0.99418235 0.9149353
[6785, 0.55657285, 0.98494977, 4.184469, 0.65337676] 2.6451619 1.0904033 0.8665986 1.1945165
[6786, 0.5492248, 0.8250182, 7.876837, 0.75454223] 2.375622 1.0095917 0.82082456 1.0872792
[6787, 0.49656528, 1.006883, 4.28919, 0.5036072] 2.7911842 0.94625175 0.8982441 0.90273565
[6788, 0.47523814, 1.0463034, 4.211969, 0.72055763] 2.8969078 0.88179296 0.8267328 1.0253739
[6789, 0.41997495, 1.0396913, 5.107125, 0.64959365] 2.6506069 0.8460122 0.8484428 1.1376532
[6790, 0.48096922, 0.6943358, 4.363742, 0.5024394] 2.1852767 0.98320097 0.98789036 1.0928557
[6791, 0.56151235, 0.76653826, 5.8406987, 0.5624224] 2.4420094 0.9453941 0.77703 1.0459135
[6792, 0.56454676, 0.9885532, 3.8223488, 0.64905965] 2.846876 0.98553693 0.98492986 0.9274825
[6793, 0.5088313, 0.9655227, 6.994816, 0.6919716] 2.4138632 0.9840952 0.88271743 1.2366861
[6794, 0.31300384, 1.0917616, 6.8096137, 0.74296993] 2.6185238 0.96534556 0.91234595 0.9603816
[6795, 0.4271426, 0.92080474, 8.53032, 0.71210384] 2.3955438 0.972064 0.9457422 1.0517684
[6796, 0.594091, 0.9474844, 3.2094922, 0.6726435] 3.0454786 1.0584279 0.97044677 0.84679055
[6797, 0.671986, 0.50426435, 3.7893648, 0.62731373] 2.0821934 1.0809056 1.0154854 0.92203933
[6798, 0.5290893, 0.8675947, 6.5774255, 0.43675375] 2.2733572 1.0973799 0.9564347 1.1875812
[6799, 0.51214504, 1.0049043, 4.515693, 0.56906164] 2.6655986 1.0744655 0.92429924 1.1104192
[6800, 0.4911842, 1.0062507, 5.5729957, 0.55415225] 2.6279156 0.976472 0.7969519 0.9960095
[6801, 0.57359046, 0.965502, 5.290091, 0.42019254] 2.687261 1.0051379 0.6729668 1.099525
[6802, 0.53279173, 0.69586766, 4.658186, 0.48092434] 2.2832377 0.7889161 0.91928166 1.1282241
[6803, 0.58915806, 0.89913934, 5.2989593, 0.6974535] 2.5190794 0.98067904 0.87953526 1.13192
[6804, 0.5654596, 0.99549943, 3.3573782, 0.75676745] 2.8577974 1.0958426 0.89168286 1.2003862
[6805, 0.52184594, 0.9795588, 5.2604585, 0.6876924] 2.3315117 1.1128525 0.990601 1.3347156
[6806, 0.5467356, 0.98888487, 4.3920913, 0.54318786] 2.7650096 0.8762863 0.8581292 1.2063941
[6807, 0.562298, 0.9408269, 3.7374225, 0.44955775] 2.8144386 0.90114486 0.7483721 1.1417191
[6808, 0.53035873, 0.75541586, 5.464602, 0.39700875] 2.2153857 0.9626855 1.0025032 1.1544898
[6809, 0.44724187, 0.91310024, 7.3470397, 0.95126444] 2.5721693 0.8263651 0.89492977 0.9423512
[6810, 0.40670598, 1.0589122, 5.2761564, 0.8418462] 2.6740885 0.9310204 0.9132001 1.1056898
[6811, 0.521276, 0.9726456, 6.032076, 0.6592172] 2.6131754 0.95281035 0.85572517 0.92503625
[6812, 0.44058523, 0.73067516, 5.683513, 0.48691753] 2.482723 0.9029754 0.7116785 0.9189716
[6813, 0.32588163, 1.0530841, 7.205787, 0.5800297] 2.4310105 0.96930563 0.9279127 1.1754608
[6814, 0.43955654, 1.0248162, 5.2532144, 0.74726343] 2.5694275 1.0999882 0.84049034 1.0044057
[6815, 0.4335981, 1.0310042, 3.6622367, 0.8712474] 2.8555098 0.9505757 0.98128116 0.9927139
[6816, 0.48879847, 0.9978138, 5.68744, 0.675238] 2.6594067 0.884426 0.77295554 1.024194
[6817, 0.5639416, 0.7567919, 6.935018, 0.5837397] 2.3593488 0.88765 0.9543495 1.0921925
[6818, 0.47789615, 0.9743958, 6.6115894, 0.62310576] 2.4442592 1.0113429 1.0351138 1.01526
[6819, 0.573492, 0.9477708, 3.2531748, 0.94290197] 2.917474 1.014803 0.7674352 1.2399728
[6820, 0.4409795, 0.98762137, 6.774179, 0.90823334] 2.5481067 0.8308725 0.96137375 1.0533972
[6821, 0.52601516, 1.0207493, 5.526179, 0.7683052] 2.5907605 0.92840576 0.8803418 1.1404408
[6822, 0.5579455, 0.95877224, 4.3863535, 0.42826733] 2.778197 0.9872192 0.6403788 1.2099557
[6823, 0.50895625, 0.99009705, 4.8063226, 0.6756644] 2.654606 0.95430636 0.89993215 1.148985
[6824, 0.5035719, 0.9843622, 4.0824385, 0.2763581] 2.6092217 1.0598481 0.8901501 1.1288348
[6825, 0.46500403, 1.0492297, 5.6025643, 0.6425969] 2.712807 0.9475224 0.8560195 1.0114008
[6826, 0.6358785, 0.87138313, 5.7175083, 0.48482352] 2.602175 0.92065465 0.6654499 1.1750067
[6827, 0.5309804, 0.794205, 5.597946, 0.5056302] 2.3987477 0.8541753 0.962332 1.0156956
[6828, 0.5703302, 0.7709398, 6.967432, 0.6540481] 2.326596 1.0284456 0.8231145 1.0864092
[6829, 0.52005464, 1.0055315, 3.2805612, 0.4410504] 2.960289 1.1484321 0.6736797 0.9543462
[6830, 0.5496912, 0.93091846, 5.726641, 0.74848235] 2.5091646 1.0015339 0.86740327 1.0703752
[6831, 0.49973094, 0.9918662, 4.463609, 0.5637858] 2.6788235 1.0783775 0.79089254 1.043525
[6832, 0.5376599, 0.87712425, 7.8934674, 0.62498003] 2.329419 1.1007633 0.8142114 1.1891342
[6833, 0.42592573, 1.0583744, 4.9064803, 0.40579006] 2.7220805 1.035001 0.83958054 1.1020848
[6834, 0.31894833, 0.6713571, 4.606702, 0.5862551] 2.1941903 0.9721183 0.9074204 0.9844995
[6835, 0.49633962, 1.0028403, 5.347461, 0.8408976] 2.6563995 0.90411544 0.8322825 1.0563924
[6836, 0.536331, 0.90314984, 8.090394, 0.7260928] 2.4450188 0.9567975 0.84798825 1.1259714
[6837, 0.59092635, 0.7937543, 7.7425957, 0.72227377] 2.4036837 0.92887217 0.8587712 1.0982872
[6838, 0.4940312, 1.0322069, 4.5378294, 0.7538838] 2.8168526 0.85574794 0.9755947 1.0559007
[6839, 0.43597883, 1.0239614, 4.5870113, 0.52239215] 2.6479568 0.87941146 0.8008071 1.2343047
[6840, 0.553692, 0.72626126, 5.632647, 0.5302806] 2.4297073 0.9213372 0.76843405 0.97702724
[6841, 0.5942528, 0.9403657, 3.8991125, 0.55454445] 2.8701525 0.8908473 0.711265 1.2757868
[6842, 0.43657744, 1.069388, 6.527916, 0.53271484] 2.5744815 1.0207604 0.93536055 1.0372785
[6843, 0.6396453, 0.62819695, 4.528445, 0.48899943] 2.2667146 1.0205753 0.864163 1.0020837
[6844, 0.42281058, 1.0494813, 4.860032, 0.5576732] 2.566676 1.0592047 0.8599851 1.1297879
[6845, 0.481157, 1.0264922, 5.633011, 0.60342544] 2.5517733 1.0614408 0.923736 1.0448222
[6846, 0.51253766, 1.0140246, 3.8468225, 0.71163404] 2.7400198 0.9601082 0.85467523 1.2174951
[6847, 0.511852, 1.0045935, 5.417967, 0.5686832] 2.6294343 0.927329 0.82660085 1.1630522
[6848, 0.53918725, 0.9549693, 6.795131, 0.5073145] 2.377939 1.0244014 0.8616062 1.3152235
[6849, 0.50463164, 1.0279765, 5.531605, 0.5885893] 2.5324738 1.0522959 0.81261957 1.2165685
[6850, 0.593195, 0.9419681, 2.9232645, 0.5066202] 2.9584339 1.057461 0.7356464 1.2343546
[6851, 0.5602989, 0.73777354, 6.150238, 0.35127145] 2.1387434 1.1852033 0.9020946 1.2113154
[6852, 0.5763983, 0.94531465, 4.733737, 0.52001005] 2.7423627 1.0519267 0.85466844 0.9360044
[6853, 0.58765405, 0.94353753, 3.0287318, 0.752046] 3.0978894 0.98956794 0.83510906 0.9929103
[6854, 0.43806684, 1.0518644, 4.780652, 0.5455179] 2.743026 1.0391473 0.83254856 1.0910071
[6855, 0.40744826, 0.9063405, 7.2583, 0.5533464] 2.379948 0.9836369 1.0054537 0.9838876
[6856, 0.5777308, 0.79254735, 7.8870406, 0.520207] 2.3695729 1.0845723 1.0049311 0.8854193
[6857, 0.48535895, 1.0002599, 5.9604745, 0.64212] 2.3599284 0.99337536 0.9208847 1.306896
[6858, 0.5377849, 1.0069764, 4.933131, 0.46544874] 2.5988305 1.0491413 0.8120255 1.2377161
[6859, 0.5430829, 0.93049073, 7.085151, 0.8265214] 2.3127677 0.87253237 1.0545689 1.308548
[6860, 0.516218, 0.97195476, 7.852042, 0.7483112] 2.5912468 0.9678396 0.7917041 1.0392417
[6861, 0.5360156, 0.93465006, 9.284982, 0.6936725] 2.410948 1.0244436 0.91189206 1.130507
[6862, 0.54363513, 0.9677734, 6.19095, 0.94854504] 2.497789 0.92460006 0.86404264 1.1710058
[6863, 0.5541793, 0.9759513, 4.5564523, 0.6207806] 2.6852846 0.966945 0.9278299 1.0412742
[6864, 0.53814745, 0.9803065, 5.5190363, 0.5903587] 2.666997 0.78065014 0.81478316 1.1260314
[6865, 0.6062178, 0.7620352, 7.898776, 0.66288507] 2.2509067 1.0627159 0.96405584 1.16051
[6866, 0.5245273, 1.0143147, 3.6428401, 0.58292776] 2.874761 0.90295154 0.7435179 1.0450937
[6867, 0.4989312, 1.0611489, 3.217297, 0.8187463] 3.0049703 0.98856616 0.8010464 1.0901623
[6868, 0.5699933, 0.9348625, 4.840558, 0.51072294] 2.7741263 1.0378131 0.6429314 1.0338435
[6869, 0.5980387, 0.6875798, 5.2832637, 0.6556928] 2.2295513 0.9963211 0.84516674 1.1666566
[6870, 0.5231666, 0.93715787, 7.3233447, 0.9355602] 2.5110066 0.95279855 0.8125826 1.1190045
[6871, 0.46232048, 1.0507572, 5.1830664, 0.96176803] 2.5836291 0.9055949 0.82343763 1.2253731
[6872, 0.58177936, 0.95251346, 4.136396, 0.78894097] 2.8352556 0.99663514 0.85044837 1.1035749
[6873, 0.5390302, 0.99804956, 6.0443883, 0.8877085] 2.7342873 0.6954525 0.78476226 1.1495364
[6874, 0.5036597, 0.9292043, 7.9426003, 0.87112343] 2.5704794 0.995928 0.8095909 0.91176385
[6875, 0.33364207, 1.0304097, 6.730754, 0.63522834] 2.364254 1.0533197 0.9845365 1.0894302
[6876, 0.46628, 1.0238909, 4.1184697, 0.72489685] 2.8328915 0.91949576 0.8729024 1.1751783
[6877, 0.5009448, 0.6976457, 4.0374947, 0.41881666] 2.1944153 0.963475 0.9032027 1.1031245
[6878, 0.5452811, 0.84802806, 8.512779, 0.67978454] 2.446626 0.9748148 0.78166217 1.1079178
[6879, 0.607428, 0.79883283, 8.335954, 0.5890171] 2.3535712 1.0644372 0.88326937 1.0775081
[6880, 0.6239375, 0.69654125, 6.623766, 0.46863008] 2.146041 1.0314196 0.9823074 1.2544264
[6881, 0.55276394, 0.8796162, 6.94994, 0.8014448] 2.4219441 0.9345885 0.8692181 1.1585721
[6882, 0.55667037, 0.9811778, 3.5433242, 0.69829595] 2.8273818 1.1086283 0.8209327 1.1727298
[6883, 0.56500643, 0.9603649, 5.598099, 0.66697824] 2.6930015 1.0021731 0.8384885 0.9572595
[6884, 0.42944083, 1.0305932, 5.4052744, 0.60885674] 2.4258397 1.0144585 0.93812245 1.2403053
[6885, 0.6306062, 0.8778086, 2.343383, 0.73640764] 3.1713734 1.0335056 0.9408805 0.9107447
[6886, 0.47308487, 1.0201662, 4.407265, 0.36068648] 2.5145068 1.1615922 0.9265336 1.1437827
[6887, 0.45832342, 1.0000951, 6.171924, 0.7714554] 2.4377031 1.1000304 0.93712115 1.0535983
[6888, 0.4077422, 1.0705123, 4.5808816, 0.44723025] 2.7643666 0.9648604 0.837768 1.1274549
[6889, 0.4976964, 0.860392, 7.5901656, 0.50679296] 2.4911451 1.0043603 0.8212911 0.9548534
[6890, 0.6994068, 0.6878672, 8.080374, 0.69262147] 2.3515117 1.014946 0.88498574 1.1253912
[6891, 0.4505937, 1.0262651, 5.402997, 0.66694486] 2.7185977 0.7478146 0.82989365 1.0422096
[6892, 0.48255253, 1.0004464, 5.5611353, 0.6720373] 2.4427404 1.0704604 0.98827654 1.1146363
[6893, 0.5387002, 0.93437636, 7.5892735, 0.8385042] 2.4359944 1.0416406 0.86227787 1.178674
[6894, 0.4706571, 0.99780834, 7.5750504, 0.61782485] 2.5384824 0.9837503 0.82871425 1.021009
[6895, 0.5285165, 0.9595884, 6.3662395, 0.8767712] 2.3868115 0.9690332 1.0407113 1.2024074
[6896, 0.54313433, 0.63567585, 4.4170165, 0.79576445] 2.3110745 0.83405364 0.7826405 1.0044904
[6897, 0.3917577, 1.0682253, 5.456275, 0.6709276] 2.6401346 1.0200604 0.8621531 1.0164738
[6898, 0.49950716, 0.8900847, 7.937201, 0.62998754] 2.537254 0.989504 0.9536703 0.7927889
[6899, 0.53060037, 0.8621436, 9.284487, 0.64909935] 2.491718 0.9326945 0.83327794 1.0334961
[6900, 0.5042742, 0.92310196, 7.4931064, 0.85641384] 2.4118147 1.0758561 0.94155294 1.0413574
[6901, 0.5580666, 0.9906971, 3.325943, 0.72268826] 2.970213 0.9878165 0.9097206 0.9634485
[6902, 0.5460873, 0.9808483, 5.1406536, 0.73574406] 2.6292393 0.8758642 0.79301226 1.193594
[6903, 0.49156424, 0.86404544, 5.9489875, 0.9184274] 2.5145144 0.9342427 0.86743295 0.93060434
[6904, 0.51453537, 1.0085484, 4.0246506, 0.5189074] 2.797281 1.0894146 0.84781617 0.9622276
[6905, 0.45852718, 0.9299424, 7.2988915, 0.42891854] 2.2207434 1.0277835 1.004253 1.3075339
[6906, 0.47870445, 1.058598, 3.5158343, 0.5783619] 2.7346673 1.0698794 0.8628775 1.3279072
[6907, 0.44781536, 1.0511197, 4.599992, 0.51947343] 2.7806382 0.9138853 0.82735676 1.0321957
[6908, 0.48229992, 1.0318595, 5.0798554, 0.5853513] 2.615547 0.9223951 0.8386172 1.2693714
[6909, 0.50994533, 0.89746195, 7.6620026, 0.65803146] 2.3952882 0.90473896 0.8555474 1.227632
[6910, 0.4915949, 1.0078096, 6.205074, 0.6674165] 2.5918274 0.91151774 0.8806953 1.1081495
[6911, 0.54040945, 0.9904014, 3.3791423, 0.7123669] 2.8560762 0.9804451 0.93074936 1.1936744
[6912, 0.5065741, 0.8751363, 8.155215, 0.8223503] 2.319316 0.9022735 0.98701483 1.2338284
[6913, 0.46447927, 1.0689498, 5.6333265, 0.92075086] 2.676163 0.9764936 0.8053366 0.9516266
[6914, 0.58281136, 0.97466195, 4.7618446, 0.5581269] 2.8810005 0.8347834 0.67034477 0.8452735
[6915, 0.41144806, 1.0707324, 5.081358, 0.58616793] 2.7009177 0.9505393 0.8352838 1.1634308
[6916, 0.5639657, 0.966528, 4.0397, 0.54104096] 2.7698936 0.859685 0.9242217 1.0845021
[6917, 0.5253269, 0.986666, 4.4208727, 0.47975874] 2.729244 1.0072116 0.8061967 1.1979507
[6918, 0.63494843, 0.75254184, 7.085371, 0.7913825] 2.3213537 0.9394186 0.88082904 1.2136089
[6919, 0.58222663, 0.85199296, 7.347407, 0.54495966] 2.3848052 1.0389376 0.7815123 1.192431
[6920, 0.56142837, 0.65326285, 4.677798, 0.48882082] 2.0761619 1.0472002 0.9199614 1.1993675
[6921, 0.422963, 1.0294048, 5.617753, 0.5686685] 2.5357103 1.083143 0.9106093 1.0936899
[6922, 0.5580847, 0.9860066, 5.7136784, 0.6847763] 2.6541512 0.9116172 0.87100214 1.199495
[6923, 0.5127115, 0.9915683, 5.8603125, 0.73749423] 2.557269 0.9869908 0.9308576 1.0189322
[6924, 0.5358879, 0.9887533, 5.9871397, 0.67650056] 2.4155707 1.0165684 1.0408549 1.2326548
[6925, 0.5335149, 0.9824435, 6.013762, 0.9188521] 2.5421822 0.96958315 0.7916421 1.1486696
[6926, 0.5112132, 0.85575116, 7.2549906, 0.59087586] 2.3188684 1.0804627 0.92654157 1.0543851
[6927, 0.4757938, 0.99330926, 6.487343, 0.78016007] 2.5094037 0.9351486 0.8698107 1.1274446
[6928, 0.4532297, 1.0450684, 5.4770603, 0.5898218] 2.548814 1.0204395 1.0044123 1.0677757
[6929, 0.61869454, 0.90505254, 5.0829253, 0.7468839] 2.5663977 0.8418462 0.8535169 1.2977278
[6930, 0.5357211, 0.95020336, 6.26386, 0.60163486] 2.5866158 0.79533154 0.9150042 1.130746
[6931, 0.51746994, 0.9887933, 6.2799544, 0.8421498] 2.5329373 0.9750942 0.87477267 1.089997
[6932, 0.47194138, 1.0558797, 5.0347075, 0.5870368] 2.6927524 1.0004333 0.9482692 1.0485095
[6933, 0.53619486, 0.87625504, 6.797926, 0.76291263] 2.4991095 0.7383674 0.9102583 1.1635767
[6934, 0.4362874, 1.0337387, 4.6316686, 0.5172516] 2.7027879 0.93164593 0.8185579 1.215044
[6935, 0.45021787, 1.0382824, 5.5033197, 0.71953744] 2.5331576 1.0391482 0.89358956 1.2264957
[6936, 0.44652176, 1.0325222, 5.195494, 0.5547444] 2.6102788 0.9664879 0.8790159 1.1370298
[6937, 0.51964974, 0.9909368, 4.4721026, 0.41238746] 2.906728 0.8494045 0.7468343 1.0735673
[6938, 0.41847628, 0.94045705, 6.398128, 0.6981961] 2.4039454 1.08179 0.9196738 0.987805
[6939, 0.46084955, 1.0222042, 5.9489913, 0.73335826] 2.4924839 0.9862059 0.94045126 1.1580254
[6940, 0.4928165, 1.003878, 6.7716923, 0.8087543] 2.5674365 1.0155907 0.7466675 1.0982908
[6941, 0.5466855, 0.8370069, 7.4631495, 0.642058] 2.3076575 1.0470324 1.0091772 1.0708249
[6942, 0.5366889, 0.8225143, 6.7477226, 0.7023124] 2.4360216 0.8535982 0.8795413 1.1599811
[6943, 0.37310308, 1.0833915, 5.3098845, 0.8693454] 2.5909755 0.9510143 0.8773756 1.1824945
[6944, 0.46292382, 0.9685735, 6.656518, 0.84466356] 2.7009802 0.7725787 0.84658647 0.8959852
[6945, 0.55341226, 0.947548, 4.0871797, 0.6416081] 2.7726421 0.9804162 0.90264237 1.1111987
[6946, 0.5656987, 0.7437081, 7.165852, 0.6869552] 2.445776 0.9754557 0.81524485 0.95502615
[6947, 0.47873664, 0.93781626, 7.4218907, 0.7326595] 2.5042748 0.90860623 0.8647028 1.0420119
[6948, 0.49265927, 1.0305878, 5.902544, 0.8192343] 2.6511703 0.9832816 0.89946526 1.0223765
[6949, 0.5346796, 0.7414551, 6.1174016, 0.55875117] 2.2253304 0.993121 0.9964629 1.1123435
[6950, 0.43552634, 1.0640869, 5.3815627, 0.64515275] 2.6759083 0.8664202 0.83154994 1.1281826
[6951, 0.5330099, 1.0086795, 6.12333, 0.6323141] 2.5386703 1.0681887 0.8197771 1.162134
[6952, 0.5541693, 1.0045435, 3.9842694, 0.639967] 2.9655862 1.1055678 0.89265805 0.8945768
[6953, 0.4298322, 1.0463825, 5.215755, 0.88215697] 2.6207945 0.925226 0.7536892 1.1328777
[6954, 0.46110457, 0.92074394, 8.040969, 0.9602964] 2.3834755 0.8912706 0.85287106 1.2350893
[6955, 0.46308038, 0.9775396, 6.713093, 0.8250053] 2.4898252 0.9296739 0.91598123 1.0375592
[6956, 0.5186377, 0.9850668, 5.4923034, 0.7267292] 2.528883 1.0024171 0.864716 1.077262
[6957, 0.44121006, 1.0120897, 5.8518233, 0.6373916] 2.4940875 0.88828385 0.8860952 1.2541387
[6958, 0.5118775, 0.8666774, 8.036102, 0.9401424] 2.479583 0.80522805 0.878626 1.0961708
[6959, 0.55547017, 0.9524908, 5.007672, 0.5947716] 2.4405954 1.0396488 0.9002831 1.2582874
[6960, 0.53886837, 0.68142945, 5.1926904, 0.40028533] 2.2888792 0.9599438 0.8791571 1.0129579
[6961, 0.47835162, 1.006698, 4.2837954, 0.56378186] 2.8560514 0.88213974 0.7987197 1.1126566
[6962, 0.52476156, 1.0336238, 5.227512, 0.8151815] 2.6564605 1.0544248 0.8661078 0.9329038
[6963, 0.59224033, 0.9653696, 3.1542087, 0.75518006] 3.0510244 0.86864775 0.98944086 1.0135484
[6964, 0.5181533, 0.7366774, 5.2839313, 0.3824282] 2.2859542 1.1236438 0.9843927 0.83926046
[6965, 0.45850542, 1.0289434, 4.694665, 0.479238] 2.8129888 0.9379796 0.87006605 0.94267094
[6966, 0.53501916, 0.98226196, 5.2372527, 0.5667339] 2.5422654 1.0408508 0.90552336 1.1693878
[6967, 0.5198494, 0.8031818, 6.3273115, 0.73407143] 2.2800453 0.9533353 0.9409088 1.18128
[6968, 0.42860582, 1.0371389, 7.1894174, 0.92464757] 2.588517 0.8958803 0.9159245 1.0556942
[6969, 0.5326791, 0.88366735, 8.130988, 0.6437395] 2.2669284 0.94095707 1.0458319 1.3057086
[6970, 0.57219476, 0.98148596, 5.243303, 0.70160264] 2.5534422 1.0108255 0.8631008 1.2283685
[6971, 0.46231794, 1.032912, 5.0312543, 0.4875434] 2.6777513 0.95599794 0.8320366 1.1525114
[6972, 0.6257309, 0.67574435, 5.551209, 0.40442285] 2.430103 0.9618888 0.7981605 0.90021247
[6973, 0.54918736, 0.9913988, 5.6057253, 0.6246779] 2.4530876 1.051876 1.1037631 1.1785122
[6974, 0.4299594, 1.0555263, 5.0593414, 0.71654725] 2.5936031 1.0298417 0.8629801 1.0442342
[6975, 0.44313976, 1.0114263, 6.411677, 0.83961016] 2.4579852 1.0028771 0.86607355 1.2106222
[6976, 0.42730117, 1.0675207, 4.5347943, 0.7588115] 2.6973743 0.92045003 0.9033905 1.226154
[6977, 0.565337, 0.9670312, 4.72956, 0.5918454] 2.6396246 1.1022574 0.7957678 1.1331238
[6978, 0.41492787, 1.0497338, 5.8044615, 0.78549874] 2.429594 0.9906632 0.97133505 1.249064
[6979, 0.6205704, 0.81356114, 8.084601, 0.4663703] 2.4859657 1.1914058 0.877204 0.77304345
[6980, 0.5264263, 0.7183079, 5.1372337, 0.48814732] 2.2322383 0.9282549 0.91573685 1.1908715
[6981, 0.5480043, 0.7834741, 6.0587068, 0.60550123] 2.359694 0.82992715 0.9108228 1.1886907
[6982, 0.5546061, 0.9163968, 7.194569, 0.71117705] 2.5011501 0.8913371 0.8818654 1.0923829
[6983, 0.520313, 0.9563365, 5.791173, 0.7120929] 2.613095 1.1067095 0.76915306 0.9377025
[6984, 0.39710513, 1.069146, 6.3301663, 0.7640069] 2.6398504 0.8696569 0.78313524 1.130132
[6985, 0.47375864, 1.000573, 5.7828918, 0.72505975] 2.5812187 0.85362667 0.94849133 1.1567168
[6986, 0.2912292, 0.7356832, 4.436819, 0.47935048] 2.0891194 0.97982806 1.0842887 1.1078749
[6987, 0.45950574, 1.0371186, 6.215751, 0.74962676] 2.5358398 0.98366714 0.8705739 1.0896268
[6988, 0.5189679, 0.9610425, 7.380183, 0.72305614] 2.5499587 0.7741538 0.820259 1.2508396
[6989, 0.41800898, 1.0435909, 5.2608457, 0.80174494] 2.4936986 1.0107334 0.9815831 1.1199044
[6990, 0.4250291, 1.0455387, 5.024648, 0.49380034] 2.5136294 0.9662795 0.92292345 1.2204388
[6991, 0.3963071, 1.0650599, 4.511046, 0.586007] 2.734315 0.9176546 0.84000736 1.1253263
[6992, 0.4170504, 1.0562862, 5.7443557, 0.6343082] 2.6984727 0.8519074 0.94352317 1.0893207
[6993, 0.45893875, 1.044254, 6.204896, 0.83170193] 2.57596 0.9513025 0.8820321 1.0827637
[6994, 0.56737, 0.64513373, 4.986641, 0.540362] 2.336783 1.0155839 0.8604674 0.8404089
[6995, 0.53327525, 0.98745453, 5.2104993, 0.46367124] 2.6298132 1.0386599 0.8964949 1.0323323
[6996, 0.47256342, 0.9095774, 7.8971887, 0.737272] 2.397782 1.0043491 0.8277383 1.1748985
[6997, 0.48418665, 0.8432808, 6.9963055, 0.6212548] 2.4109101 1.0229833 0.8276695 0.91580474
[6998, 0.49410817, 0.9197433, 5.932348, 0.70190716] 2.4501379 0.9186088 0.95424277 1.1494671
[6999, 0.41654098, 1.0315406, 5.7016277, 0.9046436] 2.5655215 0.93908995 0.95562655 1.0402792
[7000, 0.4832562, 0.9736807, 6.5879927, 0.59081835] 2.5132775 0.977656 0.8432641 1.0834098
[7001, 0.48642334, 1.0344704, 4.060638, 0.70257854] 2.7977743 0.9269258 0.8740613 1.1534039
[7002, 0.5369699, 0.9954176, 4.877507, 0.76811075] 2.7666686 0.8768849 0.8464782 0.98418695
[7003, 0.51153475, 1.0004512, 4.9382863, 0.5498835] 2.6411986 0.9530857 0.9248309 1.118455
[7004, 0.42748442, 1.0446037, 3.92318, 0.82792455] 2.9674666 0.99742186 0.7823516 1.0048791
[7005, 0.4840297, 0.99951476, 4.1783977, 0.38653308] 2.7944677 0.9837912 0.7451549 1.1285018
[7006, 0.4318984, 0.9592211, 7.5225873, 0.6166017] 2.2707126 1.0051186 1.0211866 1.2105904
[7007, 0.6052302, 0.90636075, 7.179255, 0.76161355] 2.491071 0.92420423 0.81010526 1.207877
[7008, 0.51606655, 0.79684764, 7.1985974, 0.55396366] 2.2665572 0.94975424 0.82984734 1.3137586
[7009, 0.47696376, 0.95088184, 7.827488, 0.7617901] 2.376835 1.1622667 0.9327773 0.97052085
[7010, 0.48287973, 1.0077312, 7.057224, 0.95807403] 2.315181 1.0924243 1.0773244 1.1577598
[7011, 0.63239735, 0.67209095, 6.184998, 0.43653676] 2.5097084 0.9225215 0.7508748 0.9217135
[7012, 0.5061157, 1.0090033, 5.0642195, 0.5264602] 2.7272809 0.9206941 0.8115705 1.156842
[7013, 0.56043786, 0.9202398, 6.395227, 0.39031583] 2.5738733 1.1496114 0.77050155 0.8628044
[7014, 0.56193525, 0.9722711, 5.054144, 0.8722244] 2.618981 0.93244046 0.8333855 1.1603812
[7015, 0.53616154, 0.9766338, 4.4095345, 0.44060382] 2.669891 0.9607602 0.9017536 1.172481
[7016, 0.58007586, 0.97812515, 3.2217522, 0.67006516] 2.9503028 0.9038738 0.87139285 1.1375042
[7017, 0.4739551, 1.0336418, 4.902585, 0.43731725] 2.7515287 0.92457426 0.8960911 1.0534811
[7018, 0.55064577, 0.99390274, 3.5871534, 0.49880427] 2.911803 0.8900204 0.7861951 1.2548088
[7019, 0.6270682, 0.9418828, 4.1923904, 0.6202328] 2.8539135 1.0090611 0.8801982 0.988146
[7020, 0.4836148, 1.0284122, 4.4345856, 0.7280202] 2.7006319 0.93808556 0.99425215 1.0808252
[7021, 0.5454967, 0.96982384, 4.160876, 0.4588422] 2.9404993 0.92136216 0.8228427 0.94643295
[7022, 0.49164256, 0.9839386, 6.1015573, 0.64746577] 2.4531224 0.9659979 1.0123711 1.1778035
[7023, 0.44074577, 1.0660049, 4.561701, 0.534358] 2.796278 1.0386513 0.8083415 0.991738
[7024, 0.5116068, 1.031586, 5.2366095, 0.54517484] 2.6993887 0.9385388 0.9110648 1.1649096
[7025, 0.5161294, 1.023199, 4.6579547, 0.574744] 2.8278182 0.8806936 0.85838526 0.9575196
[7026, 0.49824178, 1.0068834, 5.078053, 0.56019086] 2.752001 0.9584401 0.7778185 0.99280983
[7027, 0.55972993, 0.9727437, 5.4050107, 0.63618743] 2.4967384 1.0803331 0.84242666 1.2757427
[7028, 0.559155, 0.96265024, 3.9736285, 0.5424077] 2.92774 0.9104504 0.8650664 1.0196503
[7029, 0.591113, 0.89709944, 4.945896, 0.5875312] 2.6201534 1.080829 0.76301414 0.87260884
[7030, 0.5284399, 0.99371296, 4.5082955, 0.45621145] 2.76702 0.89154464 0.8020712 1.182461
[7031, 0.59571964, 0.82597226, 8.41998, 0.85119456] 2.4046822 0.8736522 1.0185224 1.1161631
[7032, 0.45252606, 1.0209892, 4.17728, 0.4163714] 2.9565315 0.88642085 0.786987 0.9017488
[7033, 0.47177848, 0.8999732, 8.144897, 0.5511839] 2.5645168 0.87770015 0.8514298 0.9208737
[7034, 0.39691526, 1.0721744, 5.6928406, 0.99180454] 2.5925994 0.87776506 0.94520545 1.0499678
[7035, 0.51985854, 1.009312, 5.00299, 0.61403763] 2.5669591 0.9142328 0.9289195 1.1888386
[7036, 0.47770786, 1.0167851, 4.9777193, 0.50504845] 2.4442954 1.0665265 0.8792357 1.2881927
[7037, 0.48678887, 1.0198324, 4.6506834, 0.59287316] 2.7965953 1.0323242 0.92421544 1.0138267
[7038, 0.47224116, 1.0166605, 4.9002767, 0.49066055] 2.7469969 1.0895902 0.8218881 0.9065177
[7039, 0.46787566, 0.965751, 9.073155, 0.9050167] 2.4181283 0.9393 0.9403683 1.1691368
[7040, 0.44221565, 1.0385263, 5.7111793, 0.6410652] 2.5944743 1.0054985 0.84492844 1.0239168
[7041, 0.5340478, 1.0209552, 4.0123973, 0.6333945] 2.9141665 1.03964 0.784377 0.9807367
[7042, 0.4786468, 1.0356905, 4.3735538, 0.5258853] 2.7647476 0.8907631 0.8664816 1.1258427
[7043, 0.54871714, 0.98369175, 2.9381053, 0.7852842] 3.0233226 1.0003566 0.9025608 1.0374582
[7044, 0.54124814, 0.94164234, 7.0303946, 0.52059525] 2.5267146 1.0319643 0.7310964 1.0890397
[7045, 0.50684875, 0.96031356, 3.6260633, 0.36302486] 2.828041 0.96971184 0.7541022 1.0695902
[7046, 0.60065264, 0.96005744, 5.4466624, 0.6068946] 2.5936058 1.1253139 0.882504 0.99333215
[7047, 0.63417935, 0.924287, 2.8646574, 0.56364435] 3.025747 0.8342862 0.8640783 1.263607
[7048, 0.5606385, 0.7979143, 6.970009, 0.47535953] 2.34415 0.91194695 1.0292096 1.0074613
[7049, 0.5480212, 0.9775865, 6.3359737, 0.7634385] 2.6641824 0.9359055 0.79584295 1.0003916
[7050, 0.60468197, 0.95348376, 3.0255437, 0.68912137] 2.8942828 1.0534186 1.018925 1.0194409
[7051, 0.531017, 0.9055509, 8.260817, 0.6451986] 2.358402 0.9254138 1.0677656 1.0994443
[7052, 0.6160876, 0.5473297, 4.2223463, 0.59549046] 2.1007109 0.86369747 0.93929875 1.1551825
[7053, 0.49347305, 1.022206, 3.4086254, 0.6543746] 3.0053554 1.2025465 0.7159785 0.84496427
[7054, 0.38993043, 0.95415986, 7.230817, 0.8097901] 2.2959661 0.92755795 1.0110242 1.2288375
[7055, 0.50299644, 1.0416609, 5.8434663, 0.60342216] 2.4856315 1.1234678 0.8744931 1.1594448
[7056, 0.59473443, 0.7794529, 6.2403183, 0.70812535] 2.3078997 0.88242424 1.0205638 1.1497169
[7057, 0.5965141, 0.8031955, 8.536349, 0.530424] 2.3697977 1.2011138 0.84747016 0.94560814
[7058, 0.5447777, 0.9806299, 4.178638, 0.56750655] 2.7762716 0.844245 0.83182716 1.2994622
[7059, 0.5161207, 1.0024581, 4.9369435, 0.44561687] 2.663218 1.0709867 0.8180893 0.99688977
[7060, 0.43922806, 1.0538774, 5.287156, 0.68583935] 2.659964 0.8768149 0.95266354 1.0472679
[7061, 0.6859336, 0.5908934, 4.697946, 0.41846934] 2.201901 1.0872756 0.80115277 1.1228759
[7062, 0.52417815, 0.9933529, 4.0548406, 0.46677604] 2.702111 1.0063889 0.9329374 1.1094021
[7063, 0.5259666, 0.8581323, 8.549364, 0.9531652] 2.4567213 0.973587 0.864361 1.0424376
[7064, 0.5854928, 0.9628082, 3.5110767, 0.6055619] 2.8018177 0.99288523 0.7873495 1.2332535
[7065, 0.5376908, 0.72112584, 5.2427797, 0.6322549] 2.3573194 0.8596035 0.90451276 1.0340757
[7066, 0.4659324, 1.0548592, 4.771188, 0.4286692] 2.5038545 1.01281 0.9460528 1.2826922
[7067, 0.48676896, 0.91848934, 6.0189795, 0.44666383] 2.468206 1.0657121 0.9051056 0.95461917
[7068, 0.47006655, 1.038949, 5.2892065, 0.49380293] 2.7080052 0.9499346 0.8652497 0.99487406
[7069, 0.5035436, 1.001837, 5.462998, 0.7425991] 2.6343343 0.8258063 0.8611026 1.0709606
[7070, 0.4776316, 0.99968314, 5.696554, 0.71063733] 2.5030603 1.0589106 0.93030256 0.9706234
[7071, 0.27874064, 1.0918516, 6.5101395, 0.7541338] 2.511804 1.006234 0.97800094 1.0369529
[7072, 0.4699667, 0.9277304, 7.606737, 0.84071153] 2.5640054 0.9002419 0.81380665 0.9767115
[7073, 0.54238385, 0.98411316, 3.8495798, 0.8048762] 2.858999 1.0044658 0.89627635 1.0019033
[7074, 0.51826, 0.97229826, 3.9643292, 0.66824764] 2.8262663 0.9462159 0.8123228 1.2172861
[7075, 0.5052258, 0.80688214, 6.739798, 0.6958929] 2.4275367 0.8760414 0.7787092 1.1229057
[7076, 0.47027585, 1.0400612, 3.751199, 0.54883057] 2.836135 0.9282165 0.9073011 1.0767692
[7077, 0.5542061, 0.6225502, 4.2177086, 0.6720977] 2.2552187 0.96831226 0.8377582 0.9384401
[7078, 0.38960066, 1.0581714, 6.234814, 0.8088988] 2.673577 0.9162249 0.81265527 0.95602655
[7079, 0.50437516, 1.0143251, 5.683115, 0.975563] 2.5316424 0.9818674 0.76303375 1.2607731
[7080, 0.65414035, 0.69200605, 6.3049207, 0.5758135] 2.399377 0.96145356 0.7069006 1.0913316
[7081, 0.5553369, 0.7672495, 6.901137, 0.45214894] 2.4165583 1.0019972 0.8487464 0.94545054
[7082, 0.5988499, 0.8882174, 6.7235413, 0.903017] 2.3680673 1.0334992 0.84891754 1.3055041
[7083, 0.4890122, 1.0333967, 5.78433, 0.49536687] 2.6246622 1.0483813 0.9066155 0.94419676
[7084, 0.70277, 0.606056, 4.88137, 0.4324077] 2.3255973 1.0575001 0.7873063 0.99386626
[7085, 0.4429019, 1.0619714, 5.3005533, 0.68391013] 2.6941674 0.9357008 0.87178963 0.99195194
[7086, 0.59785175, 0.75746405, 7.1804843, 0.41747797] 2.4663048 1.0485073 0.7745036 0.9291074
[7087, 0.5616435, 1.0023077, 3.2399127, 0.5541642] 3.0555892 0.84349316 0.87113357 1.0373342
[7088, 0.58276916, 0.99622774, 4.2541947, 0.54600704] 2.8105009 0.9000972 0.8895582 1.1281509
[7089, 0.50385225, 1.0208945, 6.228124, 0.97591674] 2.567819 1.0533236 0.8716187 0.9740054
[7090, 0.5343988, 0.9086182, 7.870141, 0.81988794] 2.4025092 0.9037441 0.87962294 1.2406934
[7091, 0.45015338, 0.98409504, 6.82529, 0.9141948] 2.6144567 0.87114036 0.90520495 0.8976448
[7092, 0.54146457, 1.0069419, 4.495035, 0.5459019] 2.6847336 1.0024126 0.8121305 1.1054468
[7093, 0.5273731, 0.98430914, 4.557594, 0.5685115] 2.8252566 0.8185625 0.80804485 0.92860824
[7094, 0.5468297, 0.7945526, 6.3939295, 0.6076951] 2.5034673 0.9632616 0.8299858 0.852841
[7095, 0.50660074, 0.98138434, 6.646916, 0.64674234] 2.6624234 0.82271945 0.8175841 0.99607337
[7096, 0.56201243, 0.9512978, 5.8003826, 0.5561914] 2.470419 1.1448841 0.8600017 1.0638118
[7097, 0.47052085, 1.0359668, 5.380303, 0.5200415] 2.6647902 1.0135394 0.8434137 1.0187429
[7098, 0.5132053, 0.96486336, 6.4770455, 0.9739958] 2.4831572 0.87637097 0.89283645 1.2040874
[7099, 0.5472858, 0.8521789, 7.78882, 0.72941387] 2.215015 0.8985828 0.9013425 1.490328
[7100, 0.42525098, 1.065938, 4.701614, 0.8460337] 2.7334719 0.99332565 0.858009 1.148831
[7101, 0.5902618, 0.8669054, 8.01658, 0.6025668] 2.505422 0.96651286 0.8288567 1.014264
[7102, 0.4528891, 1.0345017, 4.425445, 0.49055687] 2.8092737 1.0443642 0.8836371 0.9068111
[7103, 0.42579055, 1.0550463, 4.8529897, 0.50440943] 2.6768603 0.9947563 0.9004308 1.0634921
[7104, 0.5896283, 0.78423816, 7.0372334, 0.45931885] 2.3969517 1.0861295 0.83856136 0.9599898
[7105, 0.58559054, 0.94275266, 4.4749093, 0.4642915] 2.5740626 1.0120572 0.94352746 1.167519
[7106, 0.5901117, 0.82556725, 7.0515614, 0.5018578] 2.368771 1.0921236 0.9163204 1.0698936
[7107, 0.27004653, 1.115673, 5.176491, 0.4797592] 2.7454112 0.90288645 0.77241886 1.0883073
[7108, 0.5099654, 0.9721747, 6.0727515, 0.8211662] 2.5430977 0.91199034 0.9367145 1.0363469
[7109, 0.46432716, 1.038058, 4.674595, 0.6006487] 2.6783729 0.89787793 0.8705271 1.0023586
[7110, 0.484607, 0.9976378, 5.1577334, 0.4019264] 2.519539 0.9756085 0.89409226 1.4459995
[7111, 0.51928097, 1.0102766, 5.9334455, 0.5395909] 2.520943 1.0903378 0.913323 1.069948
[7112, 0.5235362, 0.99499553, 5.4548583, 0.586529] 2.5486176 1.0341511 0.9423513 0.9686259
[7113, 0.50334007, 1.0210438, 5.447327, 0.78934085] 2.6000168 0.8405421 0.8545667 1.2182745
[7114, 0.6443728, 0.73277426, 6.499088, 0.6940717] 2.3262267 0.95589054 0.94066066 1.0714202
[7115, 0.48326215, 0.95654255, 6.557716, 0.81901544] 2.573352 0.83997303 0.8598035 1.0761478
[7116, 0.5821103, 0.8895026, 6.844355, 0.7443001] 2.482072 0.88905686 0.9045902 1.1331614
[7117, 0.620172, 0.866731, 6.1752186, 0.5794128] 2.5276134 1.0649867 0.79710346 0.9997037
[7118, 0.6447792, 0.7452216, 7.1044364, 0.90789443] 2.4928474 0.8829332 0.76258856 1.0798677
[7119, 0.5641613, 0.96104366, 5.627273, 0.52075344] 2.6820436 0.95852566 0.86785346 1.022757
[7120, 0.5168205, 0.9868944, 4.3165817, 0.5136664] 2.8400385 0.9749672 0.9068631 0.96467096
[7121, 0.42965403, 1.0793312, 5.428514, 0.74328667] 2.6100898 0.9103843 1.0043627 0.9846053
[7122, 0.47364193, 1.0137352, 5.958447, 0.9197945] 2.7098625 0.903656 0.70258415 0.9928797
[7123, 0.533637, 0.7716426, 6.164757, 0.473273] 2.3894098 0.9256772 0.84242743 1.0184612
[7124, 0.5256224, 0.8780374, 6.942448, 0.60458106] 2.3761272 1.01219 0.84799784 1.1371187
[7125, 0.4452804, 1.0339887, 4.8267975, 0.46556112] 2.7101707 0.90234655 0.9028392 1.168997
[7126, 0.54109216, 0.968519, 4.2581406, 0.44990134] 2.660346 0.9132273 0.8418433 1.1403872
[7127, 0.55477303, 0.83942735, 6.7148294, 0.7076709] 2.457088 1.1200006 0.7977143 0.9250591
[7128, 0.54176587, 0.78033817, 5.6004553, 0.60237855] 2.4583333 0.88041306 0.94623154 0.9454757
[7129, 0.55192876, 0.7378381, 5.5653367, 0.4479595] 2.395799 0.8466186 0.82576996 1.0614433
[7130, 0.40080276, 0.7799411, 5.7133317, 0.47756574] 2.31439 0.9439313 0.83750904 1.1174438
[7131, 0.39559466, 1.0583602, 5.9899354, 0.66995955] 2.5199454 1.0051888 1.0331908 1.0592921
[7132, 0.46317717, 1.0317159, 3.987234, 0.64940447] 2.760956 0.9312131 0.8986626 1.1103866
[7133, 0.37305263, 1.0718145, 6.960079, 0.7089074] 2.4040496 0.9143279 1.092148 1.2025013
[7134, 0.49623835, 0.99412817, 5.600978, 0.59791625] 2.7694418 0.9482041 0.73986423 0.8251561
[7135, 0.45793828, 0.94898593, 7.0467634, 0.5594527] 2.3599954 0.92200285 1.0183952 1.2017952
[7136, 0.5551109, 0.9786031, 4.807081, 0.47449398] 2.7125216 0.9283109 0.8960789 1.0794777
[7137, 0.5614548, 0.9884903, 3.9209073, 0.5812162] 2.8686712 0.831952 0.83926845 1.1721234
[7138, 0.47764987, 1.0278069, 4.967937, 0.43126038] 2.517315 1.1574725 0.91623574 1.045756
[7139, 0.53347397, 0.97082305, 5.103056, 0.7344163] 2.4670942 0.95160985 0.9810703 1.3104905
[7140, 0.449588, 1.0248941, 5.691401, 0.784005] 2.525298 1.0201724 0.9150821 1.0032669
[7141, 0.54065824, 0.92815506, 6.6361423, 0.8900188] 2.3842924 1.0385236 0.95621926 1.1630293
[7142, 0.55199635, 1.001994, 3.6746867, 0.60296947] 2.843797 0.94325846 0.9350546 1.1247954
[7143, 0.465041, 1.0175421, 6.4561334, 0.89635736] 2.5110016 0.94817984 1.0361209 1.0598891
[7144, 0.4992023, 0.9185548, 8.02171, 0.73426574] 2.5951324 1.0285387 0.88338923 0.7043395
[7145, 0.60382664, 0.9356667, 3.7955997, 0.6389016] 2.9568803 0.8524036 0.9639635 0.9408527
[7146, 0.5672782, 0.9559337, 4.346816, 0.56258434] 2.8868794 0.81094235 0.8655125 1.0120953
[7147, 0.4784876, 1.005525, 6.0316515, 0.86064416] 2.5043962 1.039243 0.8599748 1.1065863
[7148, 0.55444366, 0.7706725, 5.9046993, 0.6211099] 2.4925783 0.86682504 0.80214983 0.9741746
[7149, 0.51153576, 0.959791, 6.6366243, 0.5657782] 2.4936604 0.91925997 0.8593174 1.1628019
[7150, 0.4888578, 0.93616766, 7.2657433, 0.87789065] 2.513589 0.97395873 0.83167076 1.0148983
[7151, 0.480992, 0.9599849, 6.89603, 0.63946486] 2.4525607 1.1038812 0.83862996 1.0847843
[7152, 0.5459373, 0.8698326, 8.498546, 0.7131669] 2.48943 0.9172173 0.8528144 1.0679344
[7153, 0.49235412, 1.0266789, 4.270491, 0.3387163] 2.6090417 0.9126503 0.8705512 1.26277
[7154, 0.49955204, 1.0179502, 5.4202714, 0.7852918] 2.7431788 0.9210726 0.84023744 1.0205715
[7155, 0.56568974, 0.92275566, 5.126522, 0.6237402] 2.7125912 0.99385816 0.6786877 0.8472195
[7156, 0.5771568, 0.84244335, 7.94095, 0.7873876] 2.361195 0.9044439 0.8279252 1.2715741
[7157, 0.45865357, 0.99909234, 6.355417, 0.67759573] 2.5172164 1.017232 0.871407 1.0247155
[7158, 0.4044322, 1.0742204, 5.4154215, 0.5771833] 2.7021048 0.9167258 0.90729517 1.012098
[7159, 0.38978398, 0.74848235, 4.5665956, 0.5086009] 2.1572309 0.9581593 0.9392372 1.1749265
[7160, 0.5463906, 0.6824483, 5.152458, 0.63152575] 2.1510668 1.0279255 0.9977315 1.0969241
[7161, 0.6014479, 0.9366849, 3.9776573, 0.5551816] 2.9715095 0.8825599 0.78995717 1.1401062
[7162, 0.52201277, 0.9585438, 6.416103, 0.78377944] 2.5602632 0.9217027 0.8814092 1.0291145
[7163, 0.5016235, 0.8436181, 8.832527, 0.85827726] 2.3267257 1.0695497 0.8325739 1.1243626
[7164, 0.55723995, 0.9890687, 5.937914, 0.53764427] 2.5111337 1.0474421 0.85553694 1.233023
[7165, 0.5493821, 0.8790414, 6.312814, 0.499161] 2.397744 0.991878 0.8877282 1.1826932
[7166, 0.633631, 0.90405554, 5.1915154, 0.6847922] 2.5955088 0.94484085 0.78702265 1.162947
[7167, 0.51778376, 1.0023704, 5.635992, 0.62941957] 2.5116863 0.9616464 0.89363796 1.1913515
[7168, 0.5013235, 0.8485404, 6.9999433, 0.58701897] 2.2740467 1.1003537 0.9321086 1.1490465
[7169, 0.43969622, 1.0644522, 5.464068, 0.58007437] 2.5375419 0.96286976 0.9482961 1.1278812
[7170, 0.63573104, 0.6262237, 4.598669, 0.66603416] 2.2201898 0.9831866 0.789482 1.2012106
[7171, 0.5397754, 0.84153116, 7.5620494, 0.59402746] 2.4673133 0.983043 0.7418834 1.0363938
[7172, 0.41126028, 1.0411023, 6.3712783, 0.9468835] 2.6451867 0.82283825 0.82737684 1.0788928
[7173, 0.4530863, 1.0206836, 5.4090195, 0.8982346] 2.5680578 1.0502989 0.96498626 0.92070603
[7174, 0.5675794, 0.9356204, 6.7285786, 0.91455686] 2.5439794 0.98060495 0.88739604 1.0084001
[7175, 0.63309175, 0.73071074, 7.1549063, 0.34705985] 2.240454 1.1763539 1.0038271 1.002419
[7176, 0.5091862, 1.0322378, 4.781568, 0.53068215] 2.7318482 0.9910743 0.8577465 1.1318774
[7177, 0.61082536, 0.7238895, 6.240109, 0.48796546] 2.318485 0.9954751 0.85998416 1.0606115
[7178, 0.55241585, 0.9662929, 3.584307, 0.67477113] 2.8244114 0.8347155 0.6965205 1.2534053
[7179, 0.41232637, 1.0585439, 4.7235374, 0.6361184] 2.6391199 0.9916968 0.87235796 1.1065475
[7180, 0.63112247, 0.7376546, 5.899484, 0.69580996] 2.3775535 1.0002601 0.8746727 0.9927003
[7181, 0.4832058, 1.0022677, 5.4408593, 0.75824666] 2.7443385 0.9041821 0.8578139 0.9925655
[7182, 0.5484945, 1.0164835, 3.275992, 0.699604] 2.848682 0.9541896 0.89345014 1.2041392
[7183, 0.54910547, 0.89301646, 7.821165, 0.70553994] 2.4863508 0.8786756 0.78320545 1.2009846
[7184, 0.4364312, 1.0144967, 5.1579437, 0.5523937] 2.5350869 0.8769379 0.96853745 1.0620711
[7185, 0.49433315, 1.0092231, 5.4965243, 0.5731658] 2.6106071 1.0252038 0.8008982 1.0521588
[7186, 0.46958256, 1.0322117, 4.616314, 0.45948094] 2.6391928 0.9869584 0.87770426 1.0434992
[7187, 0.6041625, 0.9376897, 4.9942317, 0.62938935] 2.8333607 0.8847253 0.7402432 0.99529344
[7188, 0.5065897, 1.0010433, 5.423963, 0.57659054] 2.6048582 0.9938583 0.8151664 1.0585514
[7189, 0.5344919, 0.8207786, 7.5993185, 0.5863969] 2.396303 0.93149775 0.820479 1.1918494
[7190, 0.47158238, 1.0203538, 5.5107, 0.83192027] 2.6692128 0.82520026 0.7620759 1.1723683
[7191, 0.45986778, 1.0422804, 5.512713, 0.4691625] 2.786937 0.9365561 0.8413092 0.9842441
[7192, 0.49256364, 0.93903226, 8.561968, 0.91730434] 2.4135997 0.94701797 0.932962 1.1386706
[7193, 0.5306428, 1.0063444, 5.8838673, 0.7658445] 2.5884533 0.86199856 0.9798052 1.1771604
[7194, 0.39519852, 1.0942532, 3.4196296, 0.8015599] 2.8853207 0.96707255 0.832546 1.2530686
[7195, 0.47234398, 1.024923, 4.778096, 0.5243346] 2.7100313 0.9837307 0.8782534 1.140472
[7196, 0.54529345, 0.7818598, 5.8160763, 0.72468233] 2.2437956 1.065164 0.95343375 1.1688005
[7197, 0.45157176, 1.0343555, 5.38525, 0.31626177] 2.8117194 0.9226485 0.8290265 0.93723994
[7198, 0.48403803, 1.025703, 4.522363, 0.40650883] 2.7174776 0.9839827 0.83298445 1.1471751
[7199, 0.50953233, 0.9095874, 6.318695, 0.78490204] 2.433818 0.92229646 0.9235639 1.1499465
[7200, 0.6105676, 0.6415061, 5.1600285, 0.43921748] 2.2178836 0.95289344 0.9064973 1.1473668
[7201, 0.6066522, 0.9266425, 3.4806972, 0.54468614] 2.926039 0.9073041 0.9021669 1.0414102
[7202, 0.55999845, 0.9582824, 4.817781, 0.47065562] 2.7401676 0.9232248 0.7624684 1.1714647
[7203, 0.63306904, 0.7711704, 7.675148, 0.81213397] 2.2879913 0.97747886 0.87040615 1.330031
[7204, 0.4160649, 1.0473703, 5.0424542, 0.5097513] 2.5305812 1.0569289 0.77795064 1.2568305
[7205, 0.5862844, 0.938276, 5.3830624, 0.6481738] 2.4642565 1.0002989 0.8966223 1.2535133
[7206, 0.37534213, 1.0592977, 4.796846, 0.49814898] 2.5886497 1.0141735 0.83747894 1.1017462
[7207, 0.5084511, 1.030148, 4.692936, 0.53513587] 2.561208 0.95797706 0.8257442 1.2655498
[7208, 0.43931785, 0.9794605, 8.260628, 0.5440268] 2.5843396 0.8819446 0.9145997 0.96043813
[7209, 0.50760525, 0.86490834, 7.668249, 0.6979578] 2.3954766 0.8674963 0.98403025 1.060737
[7210, 0.4530341, 1.0204976, 4.510695, 0.5708084] 2.5789704 1.1142219 0.8561754 1.129376
[7211, 0.59883946, 0.94872737, 2.6030297, 0.59744596] 2.902776 0.98047525 0.92145073 1.34903
[7212, 0.49590567, 0.9442611, 7.001092, 0.7051711] 2.4729416 1.0117704 0.91897315 0.99612284
[7213, 0.49890202, 1.0033069, 4.1167717, 0.46633852] 2.6034007 1.0034865 0.8555143 1.2202293
[7214, 0.48507592, 1.0334389, 4.705918, 0.55437714] 2.7904427 0.96699446 0.95135504 0.9385456
[7215, 0.5144924, 1.0220056, 5.22809, 0.6906981] 2.5290518 1.0794096 0.881732 1.2277184
[7216, 0.5288785, 0.9401963, 5.2980504, 0.8020257] 2.473134 1.0418626 0.8110508 1.1782552
[7217, 0.6046078, 0.79993194, 6.5538344, 0.31699952] 2.4714463 1.0551441 0.7854666 0.9974204
[7218, 0.5133997, 0.9997695, 5.300877, 0.6151578] 2.6936402 0.8964623 0.9153609 1.0255772
[7219, 0.42383474, 1.0631857, 5.198242, 0.60097516] 2.5743868 0.87620574 0.9220337 1.2123711
[7220, 0.4082094, 0.93991005, 8.422193, 0.9596115] 2.3131695 0.94320536 0.9595227 1.2486851
[7221, 0.5153601, 1.0129826, 4.2873635, 0.66449237] 2.6575136 1.0240321 1.0757055 1.0866507
[7222, 0.476762, 1.0114275, 4.2943287, 0.4113339] 2.8507197 1.0665423 0.7457791 1.0822163
[7223, 0.5340262, 0.8439273, 7.5091724, 0.57980573] 2.360608 1.1090271 0.91899663 1.042519
[7224, 0.55766875, 0.79457223, 7.0825195, 0.5393747] 2.3359325 0.9877569 0.9114218 1.0798626
[7225, 0.4963872, 1.0190289, 6.542053, 0.8969135] 2.6625192 0.7980684 0.94346625 1.1196488
[7226, 0.5198503, 0.97882044, 5.051198, 0.5671002] 2.7090452 0.93404394 0.85313493 1.0812645
[7227, 0.56358546, 0.8784339, 7.3199725, 0.51400656] 2.4840662 1.000044 0.87513286 1.0069305
[7228, 0.66597235, 0.7180742, 5.7638006, 0.65403044] 2.458832 0.99588 0.7905367 0.96491444
[7229, 0.50659245, 0.9897909, 5.2193255, 0.45949426] 2.4989836 0.97341573 0.9242133 1.2488655
[7230, 0.5637093, 0.85924727, 10.128154, 0.8109081] 2.3151445 0.9928928 0.9525237 1.190205
[7231, 0.603248, 0.70882356, 5.385709, 0.34647727] 2.2221973 1.0169674 0.97463447 1.115183
[7232, 0.5878445, 0.96059346, 3.4145904, 0.65565413] 3.0593114 0.81074476 0.764748 1.1015648
[7233, 0.47865808, 1.0175658, 5.653609, 0.708342] 2.5849319 0.84956986 0.8190659 1.1817626
[7234, 0.57766956, 0.9426731, 5.8179617, 0.684927] 2.4335961 1.0456527 0.85856515 1.2599391
[7235, 0.54647106, 0.8006128, 5.8359094, 0.8463004] 2.331472 0.9575426 0.94038516 1.0460575
[7236, 0.5924528, 0.9578583, 3.4940345, 0.42583838] 2.9331932 1.0601074 0.7489543 0.9315508
[7237, 0.26895913, 1.1162548, 6.170537, 0.9139978] 2.5328975 0.86206424 1.014329 1.1085182
[7238, 0.55714947, 0.98105705, 3.7660632, 0.5034672] 2.9095569 0.8947545 0.7867509 1.2134044
[7239, 0.42556596, 0.8300517, 5.6378613, 0.38834265] 2.2355008 1.0785297 0.90385973 1.0787876
[7240, 0.4259983, 1.0635564, 4.7618756, 0.6363763] 2.8150125 0.8833004 0.9334356 1.0638697
[7241, 0.60326666, 0.950723, 4.3945203, 0.45611772] 2.684017 0.9284511 0.79559726 1.261955
[7242, 0.5446887, 0.916507, 6.634237, 0.5422808] 2.5353978 1.105069 0.7796128 0.94918233
[7243, 0.5889647, 0.9669591, 3.0484555, 0.62611836] 3.0444362 0.9217077 0.8371906 0.93484
[7244, 0.58569497, 0.97755396, 3.9070568, 0.51880455] 2.4780486 1.0275643 0.821631 1.5982718
[7245, 0.5600741, 0.7666258, 6.5727067, 0.42904925] 2.3601675 0.8945849 0.9154466 1.0754083
[7246, 0.37587985, 0.7760811, 4.757276, 0.440409] 2.1114972 1.0841478 0.9554257 1.1781873
[7247, 0.5242448, 1.0160252, 4.5861797, 0.4009403] 2.6960418 1.1407024 0.9242366 1.0596095
[7248, 0.5569998, 0.6593381, 5.272372, 0.5173276] 2.211598 1.0368843 0.88100743 1.0183438
[7249, 0.5513793, 0.99014276, 4.7137675, 0.5657048] 2.694767 0.96590555 0.9461566 1.1655363
[7250, 0.4474655, 1.0252318, 6.46412, 0.48038927] 2.5158803 0.9068952 0.8952248 1.2309247
[7251, 0.49692512, 1.0212382, 5.661365, 0.60751456] 2.6276453 0.985786 0.83510923 0.9997997
[7252, 0.5614885, 0.9179218, 6.0769186, 0.6917357] 2.4254787 1.074399 0.88584363 1.1599896
[7253, 0.54498416, 0.8650595, 7.553048, 0.55157214] 2.430493 0.78262216 0.8144793 1.3033206
[7254, 0.58692175, 0.88677377, 9.1398535, 0.68771106] 2.326868 0.92866313 0.9719346 1.266312
[7255, 0.52720517, 0.83843684, 6.752566, 0.5179313] 2.3597841 0.9513085 0.79914826 1.2597114
[7256, 0.5078293, 0.89751077, 6.837847, 0.7473305] 2.4488971 0.90518314 0.9337033 1.0886719
[7257, 0.6010095, 0.6740037, 4.9597764, 0.74394876] 2.2356374 1.0125768 0.7772676 1.1698205
[7258, 0.3425825, 0.6289775, 3.039404, 0.7218541] 2.0765405 1.1296076 0.92570525 0.9415158
[7259, 0.58640164, 0.96878326, 3.7660246, 0.5029743] 2.8121836 0.8533821 0.84114933 1.3692147
[7260, 0.5027573, 1.0056051, 5.320378, 0.7772512] 2.5309565 1.0668592 0.976193 1.001958
[7261, 0.37587193, 1.0455567, 6.0429006, 0.5699357] 2.438999 0.97110826 0.9627375 1.1764735
[7262, 0.37179658, 1.1153928, 4.325056, 0.6137515] 2.7217412 1.0042902 0.94345015 1.0062453
[7263, 0.54738003, 0.95640486, 6.113574, 0.66815203] 2.5326335 1.0151272 0.8412381 1.1417617
[7264, 0.4920682, 1.0075144, 4.143206, 0.42265162] 2.626003 1.0051687 0.91062367 1.2954159
[7265, 0.46751145, 0.5867827, 4.252965, 0.82185084] 2.1499338 1.1313949 0.8933919 0.71398145
[7266, 0.54038405, 0.9312742, 8.255123, 0.75877345] 2.5349274 0.92395604 0.82609165 1.043822
[7267, 0.506185, 1.0135772, 4.5508404, 0.70115423] 2.6308641 0.9644202 1.0112271 1.1021411
[7268, 0.4112621, 1.0318558, 6.741026, 0.867298] 2.6154819 0.937197 0.8243261 0.94061315
[7269, 0.4609558, 0.79007876, 4.829701, 0.47502556] 2.299682 0.9336246 0.85142654 1.1442558
[7270, 0.5007267, 0.9084217, 9.513631, 0.9154506] 2.5414603 0.94299555 0.8009798 0.9919841
[7271, 0.5555988, 0.96943384, 5.3554125, 0.46228674] 2.531429 1.0935068 0.82890934 1.2500648
[7272, 0.5837383, 0.9536449, 4.8228154, 0.5126748] 2.7250912 1.0517482 0.9229452 0.9606751
[7273, 0.4651121, 0.7794876, 4.773444, 0.56081307] 2.268605 0.8919688 0.9356991 1.1115662
[7274, 0.48307735, 0.98529345, 6.394496, 0.73674655] 2.4673352 0.8761211 0.88665545 1.2437387
[7275, 0.5149736, 0.9938671, 4.667774, 0.47056448] 2.6916862 0.800382 0.9155884 1.2280445
[7276, 0.51170844, 0.9808031, 4.952829, 0.588911] 2.7099054 0.8037438 0.9478663 1.2155113
[7277, 0.5662122, 0.9582259, 5.876007, 0.48554683] 2.567958 1.0780308 0.8611887 0.9664083
[7278, 0.6125659, 0.7687865, 7.9913144, 0.8743287] 2.3952966 0.88999885 0.89217377 1.1340976
[7279, 0.43223113, 1.0298773, 4.292295, 0.4137245] 2.8540735 0.8954729 0.82510054 0.9856598
[7280, 0.46188587, 0.9554892, 8.27365, 0.69634867] 2.518745 0.92563486 0.8535942 1.0463959
[7281, 0.52577454, 1.0017506, 4.0610514, 0.38217545] 2.783202 0.8919253 0.8408012 1.1704046
[7282, 0.67431915, 0.67611456, 5.6191688, 0.5581919] 2.3024154 1.0016332 0.77679074 1.1871202
[7283, 0.44715127, 1.0416057, 4.0742383, 0.6072846] 2.715728 1.0528122 0.9395455 1.1552927
[7284, 0.49060366, 1.0220523, 4.1852326, 0.5805767] 2.7060127 0.9786462 0.8573762 1.1822343
[7285, 0.4478709, 1.0601168, 5.2890425, 0.6918806] 2.5684905 0.93525386 0.9387088 1.1744673
[7286, 0.484483, 0.7557283, 5.5045433, 0.42708775] 2.24983 1.0195848 0.94780254 1.0620029
[7287, 0.65429294, 0.73788756, 6.3364134, 0.8337332] 2.3891242 0.8262982 0.9146841 1.0940522
[7288, 0.60475504, 0.9121426, 4.482116, 0.41178787] 2.6381507 0.94588935 0.8681521 1.2390661
[7289, 0.53127086, 0.9999456, 4.334147, 0.7143341] 2.663647 0.97385615 0.9505198 1.1416523
[7290, 0.40558833, 1.0661379, 5.947203, 0.99497277] 2.5396905 0.9024375 1.0245122 1.0854034
[7291, 0.571817, 0.9297877, 5.7206926, 0.8580291] 2.657828 0.88214034 0.76721615 1.0913113
[7292, 0.5712197, 0.8454178, 7.330726, 0.50101525] 2.3529842 1.0540766 0.83006376 1.1929464
[7293, 0.5562364, 0.6933966, 4.078049, 0.5693426] 2.1885512 0.82691526 1.0536715 1.2062411
[7294, 0.5608463, 0.9618383, 5.229527, 0.5086916] 2.7086947 0.95230836 0.8013054 1.0693362
[7295, 0.5703368, 0.8709208, 7.8519673, 0.6567736] 2.5271277 0.96164596 0.73129517 1.0970798
[7296, 0.54464537, 0.805372, 6.969677, 0.6513501] 2.406968 0.7464626 0.95754796 1.2109069
[7297, 0.5152236, 0.96564394, 6.063152, 0.77180624] 2.5029917 0.9654963 0.86359125 1.1352607
[7298, 0.4647554, 1.0145524, 4.819634, 0.61701995] 2.694897 1.0366658 0.91530895 1.0043137
[7299, 0.54644006, 0.88000286, 6.621287, 0.3883145] 2.5209613 1.0791959 0.7129176 0.92724574
[7300, 0.5427132, 0.97228515, 3.9062433, 0.5987571] 2.7649522 1.0556188 0.91839844 1.0744892
[7301, 0.50017023, 0.9865142, 4.9836097, 0.576864] 2.6315947 0.9713638 0.8118538 1.1456118
[7302, 0.53177005, 0.8732998, 7.2928004, 0.7350086] 2.4612074 0.9983333 0.8061713 1.116284
[7303, 0.55862284, 0.9746764, 4.20344, 0.5450744] 2.7195823 1.0088654 0.89425933 1.2244486
[7304, 0.5352203, 0.7633482, 5.214259, 0.54931426] 2.379641 0.8565426 0.89373165 1.0769411
[7305, 0.45249662, 1.0329536, 4.8075433, 0.41438207] 2.610923 1.0488795 0.8830723 1.0950849
[7306, 0.55675155, 0.96731126, 4.0325727, 0.5103169] 2.7962904 0.91686547 0.7961552 1.2163194
[7307, 0.4018908, 1.0611149, 4.465706, 0.93023443] 2.7834477 0.97462165 0.8484723 1.0267614
[7308, 0.438307, 1.0301632, 4.0555744, 0.40482774] 2.7427468 1.0219779 0.8963611 1.0081296
[7309, 0.6035285, 0.80259496, 6.465214, 0.4377021] 2.263294 0.8967557 0.96900654 1.3079795
[7310, 0.48161706, 1.0272284, 5.697267, 0.41785476] 2.6975112 0.9489741 0.92144793 0.99329513
[7311, 0.44792303, 0.6519271, 4.313509, 0.4548325] 2.179808 0.91670424 0.97118115 1.0131415
[7312, 0.5710076, 0.76801366, 6.8680863, 0.7662586] 2.508684 0.95013964 0.86626065 0.8363889
[7313, 0.53205675, 0.9990968, 4.2531953, 0.49002257] 2.8185914 0.88403827 0.78178275 1.1527163
[7314, 0.4401921, 1.0446479, 5.1392922, 0.4436769] 2.6281054 1.1444904 0.77095354 1.151738
[7315, 0.52479845, 0.75249887, 4.9342747, 0.67978215] 2.5113773 0.915426 0.63557214 0.95407814
[7316, 0.55886483, 1.0013845, 3.7662327, 0.5629829] 2.7911396 0.9368999 1.0547057 1.1260617
[7317, 0.44530436, 1.0306195, 5.5447764, 0.45789313] 2.7120082 0.9329964 0.72675073 0.9918634
[7318, 0.54615736, 0.9653562, 5.118606, 0.71157634] 2.5813718 0.98008204 0.85689193 1.1748443
[7319, 0.45945007, 0.5937747, 3.711359, 0.628041] 1.9914992 1.145148 1.1530778 0.78171897
[7320, 0.5949131, 0.8828101, 7.9578543, 0.6508549] 2.6387916 1.0038735 0.6852717 0.99374986
[7321, 0.48056403, 0.99427044, 7.676993, 0.74001575] 2.6296678 0.80373526 0.79999 1.1186811
[7322, 0.55818146, 0.9970531, 3.4287236, 0.5593533] 2.883372 0.9502089 0.77179176 1.2163252
[7323, 0.5695853, 0.92044157, 6.715474, 0.52322245] 2.565483 0.87667286 0.7868765 1.1754758
[7324, 0.27716663, 1.1451159, 5.944382, 0.76988757] 2.4951239 1.0521282 0.9104622 1.1598488
[7325, 0.4611951, 1.0296633, 4.523651, 0.7095576] 2.628177 0.917465 0.82188743 1.1967449
[7326, 0.505369, 0.9437957, 7.589024, 0.92165315] 2.4035125 1.0184786 0.87448335 1.1930654
[7327, 0.43807265, 1.0713919, 5.216915, 0.60185117] 2.6552992 1.0150739 0.942633 1.0966728
[7328, 0.53399765, 0.8739856, 8.517493, 0.5988115] 2.3959444 0.91356105 0.93709195 1.1885539
[7329, 0.28681344, 1.0783352, 6.1741962, 0.9532836] 2.4392684 0.94993424 0.900202 1.2402495
[7330, 0.57071775, 0.7674519, 6.3497267, 0.59249765] 2.393551 0.92586106 0.87222916 1.0514357
[7331, 0.5262906, 1.015787, 4.2738605, 0.7475594] 2.800026 1.0510364 0.9107583 1.0086555
[7332, 0.3962108, 1.0919143, 5.317017, 0.5137002] 2.772511 0.9482987 0.8441311 1.0272852
[7333, 0.52916825, 0.75586945, 6.4346356, 0.44400263] 2.1302946 1.0057886 0.9991783 1.3077877
[7334, 0.5961818, 0.60533625, 4.5412154, 0.7997463] 2.1905184 0.9858256 0.86445755 1.0512085
[7335, 0.51911116, 0.8051609, 6.376989, 0.57960165] 2.3475118 1.0096242 0.92779505 0.9667899
[7336, 0.6053555, 0.7686041, 7.2953205, 0.6149296] 2.3515968 1.0982729 0.8356189 1.0695432
[7337, 0.5353041, 0.99063396, 4.877123, 0.57084703] 2.7999668 0.8911657 0.91090876 0.9887202
[7338, 0.67954504, 0.48379123, 4.0501895, 0.8227026] 2.1571312 0.91113454 0.8899308 0.95511633
[7339, 0.6125782, 0.7539189, 8.202207, 0.80283964] 2.5020587 0.7792082 0.9825166 0.93756175
[7340, 0.60143, 0.9619573, 3.810513, 0.63398796] 2.7016523 0.8555119 0.8862202 1.3986999
[7341, 0.5233176, 1.000892, 6.3407373, 0.8268488] 2.625566 0.9153312 0.804163 1.0870819
[7342, 0.5843336, 0.9612003, 2.8894079, 0.60504436] 2.986994 1.0258057 0.8011353 1.2371247
[7343, 0.4560948, 1.0183265, 5.415088, 0.9333355] 2.6805382 0.97401845 0.8601183 0.90415376
[7344, 0.41368747, 0.9808847, 7.31444, 0.90458345] 2.3017986 1.0234998 0.9342365 1.3070118
[7345, 0.49491236, 1.0071527, 5.0528197, 0.45816123] 2.6397862 0.91827905 0.8642062 1.1641034
[7346, 0.6014752, 0.9645927, 2.70844, 0.8193371] 3.0613718 0.93834853 0.8197445 1.1561091
[7347, 0.45513967, 1.0559803, 4.618957, 0.5677952] 2.6190565 0.956939 0.88094735 1.1471478
[7348, 0.5139323, 0.90551335, 8.991887, 0.92515546] 2.4284694 0.93233126 0.85892475 1.1690842
[7349, 0.544219, 0.85505444, 8.455412, 0.6508645] 2.4361498 1.0935711 0.7851017 1.0609325
[7350, 0.36926723, 1.0776807, 4.436644, 0.38396746] 2.7031422 1.0207205 0.94769406 0.9348148
[7351, 0.46975845, 0.9959105, 5.9528084, 0.8208757] 2.470983 1.0544821 0.945327 1.0304661
[7352, 0.40599263, 1.0289646, 6.1142173, 0.6299511] 2.5827494 1.0088134 0.74162525 1.1085056
[7353, 0.53758013, 0.85346717, 8.326629, 0.7223911] 2.3609796 1.0272163 0.86960465 1.1096505
[7354, 0.51537687, 1.0035007, 3.8934858, 0.5371228] 2.7725582 0.98306435 0.90586996 1.1273452
[7355, 0.55868316, 0.7417828, 5.8150506, 0.5701433] 2.356456 1.0553708 0.82394737 0.96138245
[7356, 0.46923435, 1.031433, 5.736538, 0.5127328] 2.694078 0.89984447 0.8776132 0.9729498
[7357, 0.47615805, 1.0373333, 5.762603, 0.73639053] 2.6009395 1.0113466 0.9213216 1.0146086
[7358, 0.43233025, 1.0282149, 5.499748, 0.4364174] 2.6967685 0.9473891 0.91461414 0.90914655
[7359, 0.51642144, 0.9179071, 7.739098, 0.49089742] 2.4481754 1.1658937 0.8706051 0.9711655
[7360, 0.5859136, 0.79891413, 7.3633885, 0.5159433] 2.3050666 1.0523916 0.8857576 1.1304166
[7361, 0.49067986, 1.0447645, 4.2734637, 0.628355] 2.6754189 1.0121202 0.7936101 1.163174
[7362, 0.57639897, 0.89303046, 7.6672983, 0.704074] 2.4592204 0.9889881 0.8623841 1.1297189
[7363, 0.59334075, 0.88388395, 6.9806843, 0.8456809] 2.3503733 0.8920678 1.0370126 1.257699
[7364, 0.5337959, 0.6554462, 4.7400484, 0.54554284] 2.104389 0.9719592 0.9343498 1.2621984
[7365, 0.4424502, 1.0282077, 4.823732, 0.41361734] 2.612372 1.1795808 0.9132493 0.864812
[7366, 0.5779599, 0.9240578, 6.443325, 0.7138361] 2.395482 0.9525578 1.0517206 1.2101641
[7367, 0.4239834, 1.0747291, 5.853899, 0.7798445] 2.5637202 0.9256361 1.0534347 1.09367
[7368, 0.5437861, 0.9893064, 5.492522, 0.75284666] 2.4885082 0.9361889 0.88441664 1.3027784
[7369, 0.57447547, 0.78392255, 6.1863055, 0.6954824] 2.3521206 0.9866811 0.8875068 1.0953212
[7370, 0.53109664, 1.0208309, 3.752451, 0.62776077] 2.7565308 0.99494493 0.90284556 1.2188615
[7371, 0.45369494, 1.0351876, 4.925165, 0.5340727] 2.6747088 0.9520776 0.90109324 1.0544455
[7372, 0.5886295, 0.7990887, 7.4701133, 0.7349572] 2.363661 0.9842667 0.9082061 1.0994288
[7373, 0.5388356, 0.9771362, 5.969157, 0.6295099] 2.67361 0.9746285 0.7453717 0.98256266
[7374, 0.44261995, 1.0492007, 5.129921, 0.5092873] 2.6608417 0.9977014 0.873823 1.1623482
[7375, 0.4802197, 0.7944223, 6.5368047, 0.6455824] 2.4356916 0.93020475 0.8725108 0.98892725
[7376, 0.5115047, 1.0009192, 5.230001, 0.45035842] 2.561269 1.0203012 0.9514955 1.1475595
[7377, 0.50785816, 1.0232778, 3.912001, 0.54412204] 2.740924 1.0103153 0.8363979 1.1627331
[7378, 0.5304012, 1.0040671, 3.8604064, 0.64861494] 2.7933495 0.8992045 0.95174766 1.1371166
[7379, 0.5556886, 0.9678072, 6.528741, 0.91913813] 2.5728612 0.9072178 0.9532844 0.99376655
[7380, 0.513549, 0.9888372, 5.5650444, 0.5780027] 2.6686897 0.71879494 0.9599541 1.1959769
[7381, 0.4723478, 1.0341339, 5.692084, 0.8141869] 2.5740433 0.84969586 0.87815344 1.2147228
[7382, 0.5201033, 1.0040382, 4.633904, 0.4491582] 2.5531824 0.9278479 0.89143413 1.2245445
[7383, 0.575417, 0.93761045, 3.9166727, 0.45665228] 2.7830145 0.93765825 0.79288167 1.0190794
[7384, 0.5410683, 0.98569304, 4.660485, 0.60825604] 2.740868 0.88135886 0.93053 1.2107136
[7385, 0.5087887, 0.88693184, 7.3704867, 0.82832766] 2.5314434 0.9863183 0.84685344 0.8925878
[7386, 0.5009417, 1.0214956, 5.336948, 0.67246395] 2.7118948 0.9668778 0.81343585 0.9975188
[7387, 0.47904474, 1.0179322, 4.8622084, 0.5251127] 2.6089723 1.0121838 0.822347 1.1560494
[7388, 0.49157953, 1.0005928, 4.849293, 0.6311004] 2.5996282 0.9770548 0.91488594 1.195696
[7389, 0.55944914, 0.6732142, 4.3610477, 0.54206455] 2.1712005 0.98752475 0.85768855 1.1351819
[7390, 0.53371274, 0.99774414, 5.680806, 0.5602422] 2.7601397 0.9057745 0.88048637 0.90685314
[7391, 0.5675459, 0.98252875, 3.2379358, 0.57455516] 2.920444 1.1180637 0.8091672 1.1523699
[7392, 0.5217407, 0.99204266, 5.899618, 0.84101343] 2.5478008 0.93637395 0.8381387 1.1720572
[7393, 0.5603699, 0.9736964, 4.386837, 0.51755637] 2.913717 0.94478333 0.77027977 0.9610881
[7394, 0.4747627, 1.040366, 3.3587835, 0.6778295] 2.9409914 0.8903091 0.8820579 1.037227
[7395, 0.69717544, 0.5991982, 5.2484818, 0.5321245] 2.3117368 1.1519382 0.8322031 0.8674001
[7396, 0.55726767, 0.9707214, 4.207332, 0.52629316] 2.659576 0.9862372 0.6897396 1.286114
[7397, 0.41214925, 1.077558, 5.0973005, 0.40761453] 2.5941634 1.0201874 0.7812468 1.271745
[7398, 0.54529107, 0.96849066, 7.4019084, 0.7845922] 2.4933236 0.92750466 0.92687684 1.1095206
[7399, 0.5381737, 0.99211586, 5.817566, 0.48538268] 2.40241 1.0812242 0.8696704 1.2544389
[7400, 0.48941574, 1.0272727, 4.25585, 0.49741864] 2.854765 0.94407374 0.82851195 1.063818
[7401, 0.48208827, 1.0412865, 4.918283, 0.55693877] 2.7233763 1.0359123 0.9107075 1.1582433
[7402, 0.49367774, 0.91690594, 8.777202, 0.9029526] 2.4068685 1.0614611 0.9614873 0.97268057
[7403, 0.42904925, 0.9732357, 8.373252, 0.94788444] 2.3837755 0.8966062 1.0328436 1.1445619
[7404, 0.46262598, 0.9908978, 7.2167053, 0.73817295] 2.5152144 0.92386544 0.8525188 1.1473686
[7405, 0.45953003, 1.0502189, 3.799352, 0.8866654] 2.8941417 1.0854193 0.8566287 0.91056585
[7406, 0.3978782, 0.86000806, 6.826256, 0.49564585] 2.376836 0.9935685 0.85634845 0.9984706
[7407, 0.4883523, 1.0456004, 5.8427405, 0.86769575] 2.6079273 0.86041737 1.0218611 1.1514602
[7408, 0.55202824, 0.7406146, 6.055586, 0.5229243] 2.2411563 0.9915412 0.9036006 1.1778003
[7409, 0.5381894, 0.95088893, 7.595311, 0.43186575] 2.4306738 1.0316366 0.91075015 1.1444789
[7410, 0.50536275, 0.99995726, 4.7415657, 0.53831875] 2.6523812 0.9859898 0.86230046 1.1780276
[7411, 0.5071748, 0.8845493, 6.982523, 0.737948] 2.5521877 0.92218244 0.72946924 0.98716444
[7412, 0.51229703, 1.0033399, 6.076445, 0.77579325] 2.7122285 0.86829656 0.83463746 0.9195912
[7413, 0.54643124, 0.981669, 5.637966, 0.6709475] 2.654887 0.8709757 0.8395369 1.0508704
[7414, 0.47505754, 1.016599, 5.0429907, 0.45624483] 2.630997 0.99084055 0.85661286 1.155376
[7415, 0.5279412, 0.90744954, 7.6880245, 0.55679834] 2.4293602 1.001472 0.85004604 1.1288387
[7416, 0.57669896, 0.8413001, 8.19781, 0.5190552] 2.3871586 0.8900266 0.8574616 1.2520912
[7417, 0.5609299, 0.89957637, 7.8082275, 0.49364957] 2.339168 1.1064513 0.8805045 1.1478097
[7418, 0.5258926, 1.0138851, 5.089337, 0.6978172] 2.7392635 0.95205843 0.7559417 1.0144309
[7419, 0.5939267, 0.9257557, 3.2215908, 0.72664654] 2.8309338 0.9910708 0.9452144 1.1766725
[7420, 0.46301752, 1.0472467, 5.0775485, 0.4539842] 2.7197926 0.80858517 0.9482624 1.1886743
[7421, 0.5840651, 0.86611897, 7.167487, 0.8062472] 2.6291163 0.97981405 0.75238335 0.8892987
[7422, 0.64910275, 0.7151959, 6.9986076, 0.58621234] 2.3887324 0.9555105 0.98048866 0.937829
[7423, 0.4382401, 1.025502, 6.3563995, 0.6502238] 2.461891 1.0570674 0.87210184 1.1398194
[7424, 0.55216277, 0.9989821, 4.046098, 0.79017377] 2.8374987 0.8859054 0.80702287 1.1720526
[7425, 0.56247646, 0.98184735, 5.0405087, 0.79291207] 2.4122121 1.1290004 0.8108697 1.3369653
[7426, 0.4887857, 0.990361, 4.3716335, 0.835479] 2.535692 1.0130293 0.9472649 1.0434555
[7427, 0.6120715, 0.6579693, 5.1959195, 0.51471215] 2.2687154 0.9892558 0.79839736 1.171155
[7428, 0.44228342, 1.024578, 5.9176965, 0.6369452] 2.5331488 1.090298 0.8858291 0.97632396
[7429, 0.405937, 1.0357009, 5.7240634, 0.78406906] 2.5077624 0.95641047 0.9274623 1.1223617
[7430, 0.5349867, 0.98651624, 4.6643724, 0.44136897] 2.8929505 0.854166 0.82545626 0.9252038
[7431, 0.508866, 0.8131744, 6.2078667, 0.71344244] 2.377252 0.8836121 0.91594607 1.07502
[7432, 0.51243013, 0.92758113, 8.129751, 0.78150195] 2.4227152 0.9534952 0.85477775 1.2155945
[7433, 0.48583958, 1.0091841, 4.48391, 0.43124902] 2.646227 1.0043306 0.81285733 1.2187319
[7434, 0.5617145, 0.9480552, 3.8167276, 0.6161469] 2.690733 1.0856383 0.8894734 1.2239784
[7435, 0.61129665, 0.8038374, 7.925128, 0.58336484] 2.463369 1.1185471 0.7390096 1.0155077
[7436, 0.518204, 0.973507, 4.54363, 0.5427038] 2.6014361 0.9620466 0.92017704 1.1593333
[7437, 0.48083055, 1.0424193, 4.355916, 0.49749973] 2.727673 1.0609778 0.79123557 1.2067877
[7438, 0.5208869, 0.8752798, 7.027307, 0.6982448] 2.3139384 0.969669 0.9824262 1.1679671
[7439, 0.48413897, 1.0144806, 6.344136, 0.89452046] 2.6348848 0.87889117 0.9127125 0.97750944
[7440, 0.62502915, 0.76528853, 6.074686, 0.70113313] 2.4738932 0.91577333 0.76247627 1.0499642
[7441, 0.5518094, 0.7508764, 6.18498, 0.5571743] 2.3591044 1.0910997 0.9626176 0.8156706
[7442, 0.4894064, 1.0209774, 4.456581, 0.6406623] 2.6100035 1.0082365 0.85795176 1.227136
[7443, 0.51242256, 0.96235347, 6.5501685, 0.6175602] 2.5137484 0.9171291 0.76465344 1.1952194
[7444, 0.62563974, 0.74567837, 6.7263203, 0.46644926] 2.2798615 0.9640244 0.90098864 1.2329307
[7445, 0.644661, 0.6958584, 5.5788836, 0.50396496] 2.352013 0.902667 0.88103414 1.1043015
[7446, 0.48116073, 0.99209744, 5.657599, 0.5529469] 2.4971852 0.8611047 0.9192807 1.2281238
[7447, 0.5384857, 0.9424276, 6.7111306, 0.7462913] 2.556372 1.0381134 0.81135464 1.0092784
[7448, 0.4960062, 1.0029863, 4.11957, 0.68069077] 2.8123744 1.0378195 0.84660125 1.0427154
[7449, 0.42984468, 0.9601908, 6.573433, 0.44212523] 2.4101522 1.0131562 0.98111135 1.0830418
[7450, 0.5609733, 0.78945374, 6.7958283, 0.5677285] 2.2528787 0.8971378 1.0079285 1.2356472
[7451, 0.49693125, 1.0306772, 3.8550055, 0.65153396] 2.8972754 0.9772099 0.770719 1.071587
[7452, 0.485259, 1.0076005, 5.7188206, 0.6712783] 2.4947104 1.0861099 0.97211826 0.9987063
[7453, 0.44638607, 1.0438306, 5.006279, 0.60505223] 2.7364902 0.97480756 0.86726284 0.9456142
[7454, 0.53714454, 0.98472893, 5.0043087, 0.6431653] 2.5956995 1.0302495 0.92857325 1.1499721
[7455, 0.49364233, 1.022448, 4.647272, 0.58065253] 2.6890783 0.92268443 0.8853682 1.1003283
[7456, 0.6025623, 0.6741724, 4.6921377, 0.4892657] 2.2936304 0.9243115 0.8782082 1.0919592
[7457, 0.5751074, 0.7413419, 6.2179337, 0.5771816] 2.2955103 1.0623403 0.96519583 0.95969397
[7458, 0.4723872, 1.0117999, 5.0668707, 0.57962793] 2.6616733 0.9283556 0.8812213 1.0339589
[7459, 0.5087246, 0.9950636, 5.1185303, 0.37457675] 2.7302148 0.8371516 0.8789979 1.1665173
[7460, 0.53035736, 0.99733686, 4.2801814, 0.51490515] 2.8393056 1.0177394 0.7746414 0.98213464
[7461, 0.42366952, 1.0646682, 4.343779, 0.6689753] 2.788815 0.9122014 0.92717737 0.9819423
[7462, 0.4453277, 0.9879731, 7.1352806, 0.50452435] 2.4277794 1.1174986 0.9623192 0.98760325
[7463, 0.5484991, 0.96969116, 4.0053678, 0.6951351] 2.8997114 0.94426626 0.78786427 1.1075743
[7464, 0.5660384, 0.9699057, 3.6178517, 0.58454996] 2.8917909 1.006758 0.8293139 1.1031133
[7465, 0.40973616, 0.65091294, 4.0910873, 0.56604654] 2.1088407 1.1027026 0.9695774 0.92765623
[7466, 0.49076054, 1.0187426, 4.2672405, 0.45325378] 2.74643 1.051135 0.8286078 1.0902672
[7467, 0.5468788, 0.97930884, 5.1942, 0.6985168] 2.7858906 0.87400514 0.79181075 0.9998856
[7468, 0.4933574, 0.53593546, 3.7622936, 0.8067728] 2.0201223 0.9042725 0.98247564 1.0237799
[7469, 0.5873581, 0.9801843, 2.9605315, 0.7063444] 2.974016 0.9920919 0.785059 1.2157029
[7470, 0.45744482, 1.0002563, 7.163548, 0.59893084] 2.58063 0.9233886 0.7942463 1.0157765
[7471, 0.54499793, 0.83059835, 8.593593, 0.8363887] 2.3639567 0.96848154 0.8355859 1.2274486
[7472, 0.7060914, 0.63276917, 6.782932, 0.6911142] 2.4369032 0.94606626 0.92376184 0.88559246
[7473, 0.5195024, 0.87965685, 6.997887, 0.5209457] 2.406065 0.9103492 0.98873353 1.0626225
[7474, 0.46576387, 0.9649813, 8.509331, 0.8796741] 2.4908462 0.8924445 0.8328993 1.1646153
[7475, 0.5102022, 0.99630713, 5.3027043, 0.587077] 2.6873035 0.9382627 0.7447748 1.0866556
[7476, 0.43626973, 1.0617234, 4.818094, 0.80607545] 2.711126 0.8692407 0.8364846 1.0685681
[7477, 0.52788544, 1.0090277, 3.8281965, 0.7300954] 2.7780309 1.0753614 0.88592046 1.0638139
[7478, 0.4171168, 1.0438478, 5.9245653, 0.78359836] 2.673077 0.7863184 0.8081157 1.1259392
[7479, 0.5034954, 1.030713, 5.1733456, 0.50095373] 2.7222383 0.9840462 0.8164908 1.0265245
[7480, 0.51002747, 1.0179015, 4.7367177, 0.39529124] 2.7074506 1.0181247 0.8257121 1.01505
[7481, 0.5551732, 0.98211986, 6.0688386, 0.8286823] 2.5600371 1.1040908 0.9834283 0.8771335
[7482, 0.6201346, 0.94561106, 2.463305, 0.6094818] 3.0819936 0.9403201 0.8772985 1.1619858
[7483, 0.49783266, 1.014284, 4.9445257, 0.62026215] 2.8277943 0.9782677 0.82916987 0.87176573
[7484, 0.55150706, 0.98144335, 5.5666466, 0.69115007] 2.6033697 1.0470468 0.80649024 1.1673928
[7485, 0.49903902, 1.0305854, 3.9774578, 0.6951617] 2.8518517 0.98257744 0.87881994 0.9942383
[7486, 0.48385873, 1.0269787, 4.847677, 0.37228644] 2.8044353 0.90219575 0.76292926 1.1001948
[7487, 0.545023, 0.97032297, 6.059015, 0.77903944] 2.5790055 0.87930185 0.8410351 1.2077976
[7488, 0.53788614, 0.99887645, 5.573835, 0.8886605] 2.473243 0.9806104 0.97397745 1.2304449
[7489, 0.4211814, 1.0606791, 6.6192956, 0.8602314] 2.528564 0.9070779 0.9835551 1.1617843
[7490, 0.44287112, 0.71288556, 4.3497324, 0.5829614] 2.2584672 0.96481645 0.9581471 0.89054936
[7491, 0.266736, 0.6682349, 4.375015, 0.57262474] 2.0484526 0.9365902 1.0087425 1.1459683
[7492, 0.6028472, 0.9565289, 3.9248807, 0.66305995] 2.955231 0.9881515 0.75419986 0.96805996
[7493, 0.43054232, 1.025454, 5.4994683, 0.48751798] 2.5342367 0.9664641 0.83544177 1.0690114
[7494, 0.46330383, 0.98070705, 6.862601, 0.6485118] 2.4762952 0.9513997 0.9618405 1.0421585
[7495, 0.47494608, 1.0163109, 5.8519692, 0.7482207] 2.5412128 0.9197933 0.90828097 1.2172049
[7496, 0.5206447, 1.0123907, 5.4049416, 0.6505756] 2.483 0.93592775 0.9084466 1.3073579
[7497, 0.5114746, 0.9564697, 7.9556365, 0.97512823] 2.5608866 0.82749647 0.9741273 0.9461037
[7498, 0.49353737, 0.96989906, 6.8007917, 0.70256555] 2.491282 0.9994611 0.9400983 1.014351
[7499, 0.54440284, 0.86023104, 7.124516, 0.7852206] 2.4588335 0.9190889 0.86461043 1.0423993
[7500, 0.47818485, 1.0490742, 4.209743, 0.49731892] 2.773462 1.0859041 0.73618495 1.1847024
[7501, 0.4837885, 1.0184118, 6.1300254, 0.54824835] 2.6463456 0.9022401 0.8023054 1.1928532
[7502, 0.53127617, 0.9957727, 5.5574365, 0.48755434] 2.6979587 0.9200515 0.83630604 1.0432218
[7503, 0.46650055, 0.7391265, 5.38202, 0.5377057] 2.1969893 0.9794905 0.84013045 1.2274591
[7504, 0.4953386, 1.0137391, 4.8966446, 0.5591307] 2.508533 0.9757331 0.89924926 1.4550635
[7505, 0.5500204, 0.8490908, 7.722977, 0.71928805] 2.4689255 0.8974717 0.8320869 1.1095883
[7506, 0.6256106, 0.6176936, 5.366548, 0.53890306] 2.1370337 1.0676551 1.0867739 1.0109104
[7507, 0.60335755, 0.80527997, 8.011881, 0.9116759] 2.4788067 0.9018388 0.84074503 1.0728803
[7508, 0.47437108, 1.0184677, 4.2866893, 0.3632869] 2.6544576 0.9787919 0.8909904 1.0938845
[7509, 0.59681886, 0.7852043, 6.894881, 0.4840986] 2.2696981 1.0819607 0.84721833 1.1896679
[7510, 0.5448352, 0.97523105, 3.5883822, 0.4570359] 2.8441262 0.9201059 0.80282193 1.1516412
[7511, 0.47857818, 1.0257695, 5.722224, 0.7189621] 2.606722 0.9592345 0.8420461 1.070001
[7512, 0.5171267, 0.9529826, 8.230855, 0.82764715] 2.4781718 0.9975371 0.8389831 1.1120766
[7513, 0.53216475, 0.6684511, 4.1964154, 0.6801893] 2.2634184 0.98406243 0.86111766 0.9570244
[7514, 0.46448195, 1.036648, 4.0017953, 0.567051] 2.6569045 1.0785438 0.9527264 1.1578509
[7515, 0.41974908, 1.0743266, 5.1172786, 0.37381417] 2.6326318 1.0909234 0.9689038 1.0084485
[7516, 0.49220014, 1.0086681, 6.046757, 0.67493314] 2.6710618 0.8802535 0.90055186 0.9796805
[7517, 0.5983484, 0.8311642, 7.529733, 0.631568] 2.4112167 1.0756655 0.8284958 0.98015976
[7518, 0.54247576, 0.9855995, 4.535156, 0.59261966] 2.8656752 0.9971959 0.7887074 1.1172409
[7519, 0.5712269, 0.8209978, 6.569394, 0.73183906] 2.413055 1.0003587 0.8558224 1.0628563
[7520, 0.5863797, 0.9450183, 3.4923646, 0.67482036] 2.894432 0.9797938 0.80474114 1.0526642
[7521, 0.5774389, 0.9180116, 6.437724, 0.7101236] 2.4377706 0.98290545 0.9756673 1.1706523
[7522, 0.66281617, 0.6646578, 6.5759735, 0.5148048] 2.3850882 0.9609879 0.8280472 1.0744437
[7523, 0.43209657, 1.0382656, 5.6166115, 0.74883467] 2.4615312 1.0818856 0.9721469 1.1043408
[7524, 0.5604852, 1.0037017, 3.758479, 0.6434898] 2.8219438 0.9988554 0.971673 1.1041863
[7525, 0.48267242, 1.0007412, 5.433425, 0.7084439] 2.5920653 0.93683624 0.82989675 1.0975428
[7526, 0.35513315, 0.7886392, 5.4777727, 0.42231342] 2.191659 1.0569211 0.9962189 1.0211302
[7527, 0.47580647, 1.0174198, 5.608067, 0.72024995] 2.5796974 0.90822655 0.86882454 1.1667954
[7528, 0.45409748, 1.0290474, 4.725997, 0.7056044] 2.6333795 1.013078 0.94974446 1.1611352
[7529, 0.5627972, 0.9114247, 6.899749, 0.7945533] 2.4060342 1.0056527 0.8989969 1.160519
[7530, 0.4940704, 0.99644387, 4.101403, 0.63872564] 2.7481523 0.9884515 0.9177244 1.1220549
[7531, 0.54443264, 0.98444283, 3.664288, 0.37742788] 2.828275 1.0310673 0.8353395 1.0152065
[7532, 0.49980745, 1.0036842, 4.664188, 0.5312601] 2.5492506 1.0383497 0.9856512 1.1936151
[7533, 0.5414671, 0.96965724, 2.983968, 0.65753067] 3.1202521 1.1196306 0.72280437 0.92891484
[7534, 0.48456174, 1.011595, 3.7472157, 0.58042854] 2.8350613 0.9181257 0.8601849 1.1903168
[7535, 0.45984074, 1.0196995, 7.022968, 0.7283728] 2.4472415 0.96652275 0.85560423 1.2401527
[7536, 0.4330628, 1.0639681, 3.8884299, 0.88645333] 2.8075953 1.1541334 0.87679297 1.0240703
[7537, 0.5371263, 0.700815, 5.0573273, 0.5858872] 2.233397 0.8888727 1.0262907 1.0658255
[7538, 0.4972622, 1.0010633, 5.035551, 0.61895585] 2.857339 0.8183204 0.846084 0.900444
[7539, 0.46648082, 1.0678663, 5.20063, 0.7091928] 2.6570978 0.958832 0.85122997 1.1958387
[7540, 0.4474164, 0.97462296, 7.7400208, 0.9177766] 2.3299012 1.0100304 0.95811 1.222934
[7541, 0.49504942, 1.050662, 4.287484, 0.5263272] 2.6188636 0.9813668 0.87493634 1.2858506
[7542, 0.47740573, 0.8685981, 7.73406, 0.59152395] 2.4224782 0.8324433 0.9042016 1.1478518
[7543, 0.4282816, 0.8150665, 6.5503464, 0.58609426] 2.3842924 0.9747154 0.83070725 0.98754096
[7544, 0.5008781, 0.9929559, 3.9282837, 0.41597816] 3.0219183 0.91285086 0.68539166 0.89954597
[7545, 0.5754264, 0.81641906, 7.499929, 0.529203] 2.448096 0.9700864 0.94133025 0.96962327
[7546, 0.58558786, 0.8525123, 8.007984, 0.5669339] 2.5742738 1.0009205 0.8262265 0.8252087
[7547, 0.30942333, 1.0195199, 8.17334, 0.89630896] 2.3556876 0.9174639 0.98984075 1.2034417
[7548, 0.4751486, 0.7396577, 5.290614, 0.4516215] 2.0893986 0.9959872 1.1138091 1.2045859
[7549, 0.39671317, 1.0627655, 5.9991517, 0.50892144] 2.4596531 1.039458 0.8913762 1.2305462
[7550, 0.6160177, 0.7104278, 5.23232, 0.5903488] 2.2216816 1.0059259 0.94048023 1.1481953
[7551, 0.58619833, 0.9064894, 5.9189615, 0.42615587] 2.7877648 0.93825567 0.6178106 0.8116853
[7552, 0.545885, 0.6202365, 4.8581967, 0.5132025] 2.19787 1.0803592 0.88648194 0.9521465
[7553, 0.44793913, 1.0920784, 4.789879, 0.96419156] 2.54618 1.0606495 0.80816424 1.232932
[7554, 0.381148, 1.0802714, 5.110463, 0.8127677] 2.4984994 1.0267978 0.94612575 1.0803698
[7555, 0.45899594, 1.0645179, 5.60858, 0.9078321] 2.6008632 0.9373366 0.91957843 1.1202455
[7556, 0.44683945, 1.0299028, 4.451742, 0.48820886] 2.7183068 0.9380316 0.7761902 1.0138656
[7557, 0.5467127, 0.9835053, 4.408252, 0.43695495] 2.74051 0.873716 0.84627163 1.1716833
[7558, 0.57844573, 0.9981704, 3.1310704, 0.81370217] 3.0235772 1.1097704 0.8885149 0.9709627
[7559, 0.43153712, 0.86616546, 7.1829405, 0.8278866] 2.373926 0.9034802 0.87893504 1.1793524
[7560, 0.5623876, 0.99938804, 4.0297995, 0.7365421] 2.762471 1.0864989 0.9331254 1.0684626
[7561, 0.5073695, 1.0050886, 5.841858, 0.9990243] 2.7254 0.851944 0.83253646 0.9736237
[7562, 0.5250169, 0.99921346, 5.5121593, 0.538586] 2.779864 0.8843303 0.829298 1.0149812
[7563, 0.5708869, 0.92368144, 6.3921475, 0.99276596] 2.4595346 1.0969237 0.98034376 0.9501296
[7564, 0.47255942, 1.0128665, 5.7865887, 0.74864715] 2.6326232 0.8217041 0.7762888 1.1250451
[7565, 0.4840618, 0.9905586, 4.169774, 0.41116583] 2.7826083 1.0332514 0.7535847 1.0513318
[7566, 0.47425526, 0.846516, 7.854264, 0.75837886] 2.3449087 1.0065042 0.95250684 1.045271
[7567, 0.5093671, 1.0019249, 3.7865705, 0.40151033] 2.9517887 1.0033517 0.7452591 0.94565487
[7568, 0.5070472, 1.009035, 4.357695, 0.6322891] 2.7027154 0.9864326 0.82243323 1.1620957
[7569, 0.5978095, 0.89111304, 7.253284, 0.522917] 2.458144 1.1068711 0.7821339 1.0716896
[7570, 0.5404312, 0.77352524, 5.739365, 0.6413495] 2.3006327 1.0148541 0.9245154 1.0065287
[7571, 0.6197115, 0.9253357, 3.224122, 0.6859561] 2.9849784 0.93597734 0.91494024 1.103106
[7572, 0.5057379, 1.019267, 5.708998, 0.7841515] 2.541391 1.029851 1.0837686 0.95381516
[7573, 0.57613975, 0.9208402, 8.857688, 0.8156477] 2.3191316 0.985236 0.9570456 1.2709516
[7574, 0.55059534, 0.5532266, 3.7874002, 0.91083443] 2.1374958 0.89024794 0.8853948 0.9529218
[7575, 0.4422903, 0.96695364, 7.789515, 0.7497943] 2.4006255 0.9501389 0.9629799 1.1216688
[7576, 0.51185346, 1.0136946, 5.799876, 0.5964155] 2.6346934 1.0005199 0.9556749 1.0330527
[7577, 0.53624827, 0.7248529, 5.012434, 0.6429568] 2.2795804 0.9133616 0.83877283 1.1811671
[7578, 0.469945, 0.9763559, 6.266688, 0.56765634] 2.5504942 0.9718808 0.8586703 1.0025488
[7579, 0.48916954, 1.0274664, 4.555807, 0.50713205] 2.762788 0.958952 0.86283976 1.0664467
[7580, 0.61819714, 0.6153122, 4.5851016, 0.47937542] 2.1138463 0.9447676 0.9380899 1.2598635
[7581, 0.5584864, 0.9939816, 4.91781, 0.55427784] 2.5756907 1.0428616 0.8958066 1.3297921
[7582, 0.6170027, 0.81080216, 7.469738, 0.6397628] 2.4328856 0.9767679 0.819478 1.103791
[7583, 0.49251875, 0.7665862, 5.3086257, 0.6256978] 2.3759732 0.89555585 0.79778606 1.062694
[7584, 0.62463164, 0.89648616, 4.807191, 0.40066907] 2.6372802 0.9096716 0.8400269 1.2309581
[7585, 0.4946484, 1.010996, 4.058886, 0.5603951] 2.858925 0.89621043 0.8572237 1.1343492
[7586, 0.49172342, 0.88974446, 8.822714, 0.5005488] 2.2967079 1.0791034 0.93012625 1.1222266
[7587, 0.62436575, 0.7830638, 7.1257477, 0.58598673] 2.6093006 0.84450597 0.77917963 0.99103415
[7588, 0.50314724, 0.99499, 4.2115984, 0.8560678] 2.705503 1.0080818 0.7619601 1.0663769
[7589, 0.41527405, 1.0750601, 4.4566145, 0.56044614] 2.8446739 0.93286586 0.7928978 0.9579448
[7590, 0.5095475, 0.9139832, 8.017942, 0.54032946] 2.4175198 1.0240653 0.9604828 0.96367
[7591, 0.4654081, 0.8446577, 6.548285, 0.42992792] 2.423863 0.9244226 0.9222121 0.9890532
[7592, 0.53225654, 0.99711305, 5.619727, 0.93515646] 2.7323902 0.8631015 0.8334292 1.016298
[7593, 0.5216438, 0.99057686, 4.3154984, 0.40458128] 2.8484192 0.980389 0.67980564 1.0009565
[7594, 0.45808044, 1.0379206, 5.0469546, 0.6415044] 2.6565878 0.93246347 0.8621577 1.0434285
[7595, 0.5321117, 0.95455664, 8.105217, 0.88672906] 2.446774 0.86648035 0.90097845 1.2966998
[7596, 0.560457, 0.98404104, 5.376814, 0.35077286] 2.5197518 1.1001773 0.84110355 1.161499
[7597, 0.48418605, 0.9560097, 6.54654, 0.6353532] 2.503539 0.9839749 0.87720263 1.0759234
[7598, 0.48163638, 1.0595977, 4.862349, 0.45638293] 2.7393208 0.8360731 0.79905415 1.1591582
[7599, 0.5302431, 0.99539685, 5.552367, 0.8152365] 2.4743354 1.0894463 0.9226326 1.053059
[7600, 0.49991408, 0.7892369, 5.974868, 0.50303864] 2.3558917 1.0928007 0.851664 0.92308646
[7601, 0.5053854, 1.0204569, 5.760749, 0.7192359] 2.6000853 0.8854684 0.9332141 1.0724854
[7602, 0.56703055, 0.9659835, 4.118856, 0.55256647] 2.7193608 0.995803 0.94969493 1.1376113
[7603, 0.534341, 0.8954619, 6.645413, 0.7016871] 2.2723167 1.0368907 0.93130493 1.3261455
[7604, 0.50615984, 1.019592, 5.368611, 0.91326326] 2.6439595 0.9533379 0.7459155 1.0969802
[7605, 0.61023927, 0.93430597, 5.0970383, 0.53852844] 2.590508 0.87407964 0.8755351 1.3371657
[7606, 0.4755517, 1.0150912, 3.9109972, 0.45228764] 2.631233 1.1592587 0.8719441 1.1039276
[7607, 0.54523164, 0.9757143, 4.824095, 0.4653393] 2.6504533 1.0426841 0.9082394 1.1486431
[7608, 0.5008844, 0.9465736, 7.166286, 0.72721237] 2.3748941 0.9212875 0.8676255 1.3070517
[7609, 0.478377, 0.9612466, 6.6570115, 0.7673236] 2.5730324 1.0062189 0.81772316 0.90204215
[7610, 0.4368051, 1.055686, 5.1821685, 0.6131284] 2.600084 1.0233682 0.794962 1.0926034
[7611, 0.39739737, 0.97844464, 7.7764335, 0.6939323] 2.4797254 0.9461387 0.93649536 1.0627013
[7612, 0.49560755, 0.86187047, 7.6768103, 0.5488917] 2.46719 0.8532447 0.91015637 1.0881057
[7613, 0.49711585, 0.9979361, 4.997869, 0.5633754] 2.5824425 1.1007056 0.9414943 1.2478669
[7614, 0.488768, 0.9133911, 6.9656644, 0.92408234] 2.3574593 0.8519389 1.0139183 1.1849931
[7615, 0.5625941, 0.7641025, 6.0397487, 0.53312266] 2.3064857 1.0301272 0.9965241 0.9761433
[7616, 0.47321495, 1.054913, 4.3616123, 0.5621922] 2.8544335 1.0142215 0.7857602 1.1138446
[7617, 0.5351455, 0.9919112, 6.954227, 0.71711] 2.797558 0.85744447 0.81428 0.8686202
[7618, 0.5074864, 0.9334755, 7.1899905, 0.7715433] 2.486215 1.0031694 0.91602176 0.99943304
[7619, 0.5948277, 0.7477616, 5.6776934, 0.5608507] 2.169126 1.0750554 1.000528 1.1938008
[7620, 0.4468305, 1.0395936, 4.0080976, 0.45019954] 2.7451465 1.0267861 0.8038806 1.1715385
[7621, 0.51236165, 0.90976846, 7.450379, 0.93299425] 2.5706723 0.91934836 0.8502625 0.90277874
[7622, 0.5724564, 0.6914248, 5.2155104, 0.54089296] 2.1911175 0.9687622 1.021474 1.1667045
[7623, 0.4928918, 1.0263995, 3.8467226, 0.5313667] 2.832622 0.99030346 0.7973632 1.1801771
[7624, 0.46897727, 1.01076, 6.4284434, 0.9857153] 2.4909585 0.8431467 0.9796362 1.1813983
[7625, 0.4927783, 1.0190293, 4.48484, 0.47789964] 2.6900797 0.89870304 0.8666355 1.2700461
[7626, 0.56628996, 0.9036114, 7.190668, 0.91963613] 2.4200106 1.0018955 0.842753 1.1988136
[7627, 0.51715684, 1.012597, 5.5182285, 0.5061535] 2.6236525 0.9190954 0.79127836 1.2319511
[7628, 0.5575944, 0.96095693, 4.1441417, 0.6392695] 2.8293705 0.941983 0.88726884 1.0964947
[7629, 0.5301628, 1.006701, 4.7884583, 0.44004986] 2.77187 0.97553295 0.79914 1.0194446
[7630, 0.5249364, 0.94031775, 6.996109, 0.7615045] 2.485799 1.0690359 0.8495116 1.0375524
[7631, 0.53527045, 0.98131853, 4.7097483, 0.55894905] 2.6173205 0.9890568 0.93511826 1.0875239
[7632, 0.48334363, 0.9053219, 8.498252, 0.85004014] 2.3015227 0.95427126 1.0154969 1.2460738
[7633, 0.6033133, 0.7769913, 6.4286704, 0.662159] 2.4382327 0.9431852 0.7947645 1.06542
[7634, 0.55384195, 0.9689219, 4.500062, 0.392548] 2.7230434 0.8491804 0.81625867 1.2518029
[7635, 0.52838707, 0.98500335, 5.402866, 0.7983416] 2.5921621 0.9664348 0.8689783 1.0448568
[7636, 0.5717612, 0.9866753, 5.095538, 0.825862] 2.851832 0.93536025 0.7630685 0.85151577
[7637, 0.56582165, 0.96118736, 5.3430605, 0.4869496] 2.7740846 0.9390444 0.8009022 0.90880924
[7638, 0.57016605, 0.9810849, 3.3554018, 0.48737448] 2.9358206 1.1646482 0.968409 0.72204024
[7639, 0.48387644, 1.0473896, 3.854672, 0.8045749] 2.7413445 1.135043 0.9062116 1.1300993
[7640, 0.5694043, 0.72415596, 5.4453783, 0.37903678] 2.383978 0.9296857 0.86993796 1.0036246
[7641, 0.52672625, 0.72541285, 5.2729697, 0.6323791] 2.2623496 1.025673 0.9176619 1.0003419
[7642, 0.59089094, 0.86141, 7.2040706, 0.6379241] 2.468677 1.0100201 0.8205577 1.0678685
[7643, 0.5490738, 0.8879164, 7.4338846, 0.69584614] 2.5387495 0.9468065 0.8364912 1.0049704
[7644, 0.59570223, 0.9335386, 4.9970126, 0.55963314] 2.7983725 0.94914967 0.74451804 1.0698092
[7645, 0.5150941, 0.9122975, 9.581795, 0.87868214] 2.4853253 0.92377466 0.7705425 1.1182675
[7646, 0.57507616, 0.56721824, 4.5400863, 0.4410455] 2.0781503 1.0096797 0.95469415 1.0808994
[7647, 0.5058611, 0.98285043, 6.0428195, 0.62865007] 2.5981007 1.0530746 0.7663687 1.0403293
[7648, 0.56095594, 0.79315424, 6.7769895, 0.86684036] 2.3394694 1.0836238 0.81179583 1.0581182
[7649, 0.46464443, 0.9346681, 8.3852, 0.7462121] 2.4494505 1.1329739 0.8308889 0.96187603
[7650, 0.4376947, 1.0222337, 5.5482874, 0.7961134] 2.4277112 1.0738039 0.8361946 1.1806128
[7651, 0.56265795, 0.8049926, 7.017223, 0.75085557] 2.3916898 0.8011386 0.8175197 1.271505
[7652, 0.5568462, 0.9970578, 3.6738555, 0.66607577] 2.8550735 1.1506822 0.8701135 1.0573845
[7653, 0.48542246, 1.0325438, 3.6624484, 0.72159237] 2.961083 0.9287942 0.9044197 0.8441556
[7654, 0.5844954, 0.93924004, 4.070597, 0.64674526] 2.611837 0.89240944 0.95268446 1.3334684
[7655, 0.49824888, 0.9109599, 7.2315874, 0.4876695] 2.5170877 0.92780495 0.78434443 1.0567199
[7656, 0.45225757, 0.93566877, 7.7949476, 0.97756505] 2.5858753 0.8105213 0.76204425 1.072702
[7657, 0.6311443, 0.69947064, 5.742217, 0.79784656] 2.4767163 0.9757823 0.81806505 0.8575018
[7658, 0.47853795, 0.9989178, 4.2559824, 0.52240187] 2.8522413 0.96425575 0.83018297 1.0864521
[7659, 0.5440231, 0.81546175, 6.820799, 0.5979386] 2.4078758 0.92459965 0.9117248 1.0628681
[7660, 0.5985728, 0.78397286, 6.956103, 0.5550784] 2.2113316 1.1392385 0.9105543 1.1790849
[7661, 0.5206322, 1.0048361, 5.085288, 0.5893953] 2.7258694 0.93429834 0.89582825 1.0423402
[7662, 0.42488363, 1.0633148, 4.7696977, 0.45891204] 2.6721978 0.93821067 0.86510736 1.1663077
[7663, 0.47188562, 1.048301, 6.0935774, 0.8770713] 2.614567 0.9053493 0.8796611 1.0932602
[7664, 0.43912545, 1.045793, 5.653679, 0.89348537] 2.502749 0.9686677 0.9845309 1.1419353
[7665, 0.61700827, 0.7438436, 6.257065, 0.678337] 2.3713453 1.070873 0.9726057 0.89714676
[7666, 0.47034577, 0.9897734, 7.0425067, 0.71743834] 2.4678822 0.93361866 0.8378438 1.2272404
[7667, 0.59307593, 0.92889917, 3.524854, 0.5055709] 2.8797243 1.0340153 0.83407533 1.032097
[7668, 0.49037722, 1.0031493, 5.3053317, 0.6110538] 2.4927452 1.114806 0.97679335 1.115212
[7669, 0.552743, 0.86113846, 7.778735, 0.7156282] 2.5320935 0.9869776 0.80761397 0.87185365
[7670, 0.52232397, 1.026969, 3.4515243, 0.68278235] 2.8989947 1.0706794 0.8426011 1.0046297
[7671, 0.52494544, 0.96028244, 6.7474294, 0.6919642] 2.5082016 0.92508125 0.97150075 1.0213244
[7672, 0.53883153, 0.9709466, 5.47438, 0.68218344] 2.533706 1.00443 0.8891376 1.1319927
[7673, 0.56685126, 0.79907674, 6.8510056, 0.8711661] 2.2766893 0.9895636 1.0117803 1.1272833
[7674, 0.5023765, 1.0077642, 4.634792, 0.73495084] 2.7730694 0.8088065 0.92598486 1.009333
[7675, 0.35289368, 1.1022087, 5.0760517, 0.5471321] 2.6276023 1.0359846 0.8850612 1.0857255
[7676, 0.5389951, 1.0040444, 4.7004857, 0.44063202] 2.7744045 1.0202093 0.7621249 1.0742499
[7677, 0.48788768, 1.0324011, 5.395637, 0.7579221] 2.6518834 1.1613038 0.8599178 0.8479716
[7678, 0.455058, 1.0412121, 5.7816114, 0.7132036] 2.4647362 0.9200325 0.9578482 1.2935368
[7679, 0.49154788, 0.9546545, 5.83005, 0.89934504] 2.6170425 0.9329646 0.78361756 0.9826954
[7680, 0.49396595, 1.0475873, 5.2841406, 0.6306808] 2.7220955 0.8554578 0.89086896 1.0438735
[7681, 0.5278733, 1.0108769, 5.621303, 0.97045386] 2.5980182 0.9184914 0.93520623 1.1379718
[7682, 0.46277663, 1.0228397, 5.050854, 0.44897217] 2.6782668 0.9186194 0.88988805 1.1516091
[7683, 0.5897735, 0.7128826, 5.1853843, 0.48715144] 2.3827267 1.0372661 0.8060313 0.927484
[7684, 0.49682522, 1.0329139, 5.3166695, 0.67252624] 2.5504384 1.0741163 0.929918 1.0364432
[7685, 0.50191015, 1.0113765, 4.8839006, 0.5788212] 2.7121277 0.97729075 0.92338467 1.0955997
[7686, 0.40569863, 1.0693538, 4.326086, 0.6497389] 2.7822704 0.99753994 0.93461627 0.98220193
[7687, 0.5779174, 0.7811877, 8.063657, 0.5226846] 2.2279444 1.0472584 0.93385845 1.1786965
[7688, 0.46301234, 0.97788227, 6.154099, 0.75098693] 2.5180237 0.97726804 0.8413645 1.048042
[7689, 0.50234604, 1.0190486, 4.863901, 0.44016805] 2.5748267 1.0441236 0.8132903 1.29984
[7690, 0.5536417, 0.9522671, 6.7568154, 0.5170097] 2.499712 1.0495977 0.8688273 1.0532038
[7691, 0.4777087, 1.0369837, 5.5070977, 0.63001853] 2.6719537 0.9822229 0.8100101 0.9951326
[7692, 0.60079956, 0.9435487, 3.967257, 0.5914908] 2.8516035 0.95499456 0.88810134 1.1790411
[7693, 0.57134694, 0.7865665, 6.370723, 0.6794] 2.3764017 0.9892428 1.0221153 0.84654766
[7694, 0.49699917, 0.9288607, 6.871065, 0.6362514] 2.4236922 1.0392855 0.8868402 1.1011338
[7695, 0.5230239, 0.97093403, 5.82004, 0.5972127] 2.4064753 1.0177331 1.0061492 1.2132208
[7696, 0.5916511, 0.9372458, 3.0192952, 0.8403879] 2.967958 1.0019232 0.78495497 1.225529
[7697, 0.5377449, 0.96134496, 7.20442, 0.88554204] 2.6209254 0.9144981 0.9177013 0.9044599
[7698, 0.5210121, 0.97685707, 6.23062, 0.7272634] 2.4900148 0.963977 0.90345925 1.1527932
[7699, 0.5449216, 1.0158895, 3.6328208, 0.3675609] 3.0378938 0.8859889 0.8609379 0.8472862
[7700, 0.45076224, 1.0282921, 4.8272233, 0.63267386] 2.790964 0.8853648 0.87341744 0.99125874
[7701, 0.47779533, 1.0252066, 6.817472, 0.7076548] 2.6105492 0.91753435 0.8511846 0.98893595
[7702, 0.41461495, 1.049679, 4.9852576, 0.85914236] 2.6506522 0.9984656 0.9493426 1.0768813
[7703, 0.4473451, 1.0495459, 5.394526, 0.5147624] 2.5934873 0.98602384 0.96813864 1.1236293
[7704, 0.5522911, 0.70184875, 5.1547027, 0.64572] 2.3278513 1.0223773 0.8644963 0.9422489
[7705, 0.53449655, 0.99990016, 3.9635966, 0.5037654] 2.8309617 0.9171792 0.9639771 1.0474992
[7706, 0.4977857, 1.0187317, 5.609159, 0.41323304] 2.7695496 0.9055435 0.85271853 1.0223936
[7707, 0.5149353, 1.0321454, 3.2407427, 0.59480244] 2.8984077 0.9237674 0.86633015 1.2594119
[7708, 0.4908736, 0.99433404, 5.12731, 0.4765395] 2.4047008 1.1795424 0.89329064 1.178465
[7709, 0.44400635, 1.0282841, 5.5156994, 0.8081297] 2.5173535 0.9268358 0.82570076 1.2764367
[7710, 0.4387081, 1.0641993, 4.890212, 0.40925035] 2.5404906 0.99902964 0.9015141 1.2517767
[7711, 0.5924666, 0.9573805, 4.4233484, 0.45177078] 2.5956814 1.1435928 0.8411632 1.218594
[7712, 0.5244852, 1.0092812, 5.507817, 0.84032416] 2.5673509 0.7991942 0.8743248 1.3509773
[7713, 0.40919927, 0.96622026, 7.5391674, 0.7518473] 2.3801224 0.9882851 0.9868708 1.1139838
[7714, 0.41078153, 0.8359114, 5.4055085, 0.73029625] 2.2879965 0.923652 0.9853681 1.1329279
[7715, 0.49417588, 1.0116544, 4.88791, 0.7142102] 2.5976183 0.93259084 0.99360573 1.0446565
[7716, 0.51192987, 1.0183089, 5.675381, 0.5288353] 2.5556722 0.9496029 0.962506 1.0978453
[7717, 0.46935686, 1.0341792, 4.532678, 0.50417817] 2.661356 0.88065517 0.8485863 1.3362129
[7718, 0.48076323, 1.0176283, 6.164331, 0.7522277] 2.4891732 1.0367428 0.910282 1.0728645
[7719, 0.5360911, 1.0179338, 6.23134, 0.7665704] 2.4691744 0.88449574 1.007076 1.2892839
[7720, 0.5292994, 0.9849108, 5.169489, 0.57580733] 2.5091593 1.0230567 0.91432136 1.1741233
[7721, 0.60107887, 0.624588, 4.6646786, 0.75248444] 2.1756263 0.94178134 0.9852765 1.1286752
[7722, 0.43235728, 0.93188035, 8.016565, 0.80022913] 2.4417155 0.80387944 0.92676777 1.2193102
[7723, 0.55928314, 0.9886537, 5.2211204, 0.6686489] 2.568463 0.92458314 0.94679385 1.1989738
[7724, 0.6073794, 0.9554666, 3.6954815, 0.6825603] 2.904633 1.105663 0.91516757 1.033788
[7725, 0.49953046, 0.87320024, 7.6539483, 0.88438535] 2.348786 0.92084205 0.85751516 1.2604991
[7726, 0.4976255, 0.95712936, 6.5682654, 0.7514754] 2.4727814 1.0745354 0.8501416 1.0647742
[7727, 0.50328624, 0.69725907, 4.608354, 0.41892564] 2.193042 1.030798 0.99662507 1.0072794
[7728, 0.6933045, 0.6003168, 4.879771, 0.7710357] 2.2636442 0.88425374 1.0035806 1.0249375
[7729, 0.56137687, 0.9697465, 4.920856, 0.5578895] 2.5978844 0.93282855 0.8925613 1.139039
[7730, 0.5612454, 0.8946828, 7.4410095, 0.8083755] 2.4184496 0.90460354 0.96983564 1.1716573
[7731, 0.48357102, 0.83431506, 6.635609, 0.62323797] 2.346953 1.0299515 0.8730355 1.0551343
[7732, 0.37929112, 1.0937161, 4.1205115, 0.5572114] 2.8854265 1.0193917 0.870309 0.9242996
[7733, 0.44502807, 1.0496829, 5.9222937, 0.8181368] 2.5596714 0.91905415 0.7592797 1.2387911
[7734, 0.46432933, 1.0402706, 6.14242, 0.86385643] 2.6242583 0.88818157 0.8593548 1.1318194
[7735, 0.4410756, 1.0655712, 5.2686777, 0.4944299] 2.7275953 0.9254073 0.9095595 0.9610468
[7736, 0.52599394, 0.9955552, 5.332333, 0.7746804] 2.4969711 1.1362761 0.8020629 1.1481001
[7737, 0.5249899, 0.8684409, 6.893079, 0.7347686] 2.439954 1.0309774 0.861182 0.989049
[7738, 0.5594291, 0.83693177, 6.743555, 0.9080505] 2.4110365 0.94024605 0.9889771 1.0086304
[7739, 0.555799, 0.95812136, 3.4575415, 0.54067975] 2.7866347 1.1035489 0.93795705 1.1262064
[7740, 0.4926009, 1.0386485, 5.00744, 0.4505049] 2.5870035 0.9389009 0.87653464 1.241979
[7741, 0.5834825, 0.8565875, 6.9506607, 0.5289692] 2.4123776 1.0487893 0.77265537 1.1883813
[7742, 0.50282377, 1.0065348, 6.199816, 0.9218461] 2.5590732 0.88689035 1.0064117 1.1814269
[7743, 0.548485, 0.90305257, 6.303024, 0.40583098] 2.4791193 1.0004634 0.8023772 1.1632687
[7744, 0.43054625, 1.0613209, 3.8267837, 0.46420062] 2.93664 0.8642003 0.8340069 1.1005273
[7745, 0.57812256, 0.98680514, 3.2078798, 0.90663505] 2.901676 0.970163 0.85594165 1.1633371
[7746, 0.54180294, 1.0036438, 5.9838357, 0.7525012] 2.707103 0.90212077 0.82544625 0.9933768
[7747, 0.49426118, 0.969195, 7.4053946, 0.9746788] 2.397304 1.1287606 0.8859768 1.0973912
[7748, 0.54299283, 0.99619496, 4.968022, 0.48106652] 2.763367 0.8313754 0.6398536 1.1704915
[7749, 0.49095732, 1.0080562, 6.5199285, 0.7750539] 2.6977642 0.88845295 0.90433055 0.97664565
[7750, 0.463391, 0.66109353, 4.1878386, 0.60698485] 2.1506968 0.8851301 0.8929692 1.1611185
[7751, 0.56715286, 0.9798065, 4.913245, 0.5952528] 2.7828555 1.0450927 0.7901144 1.025956
[7752, 0.66836643, 0.90838605, 3.4814634, 0.7109193] 2.8724997 0.8992934 0.9666081 1.2587868
[7753, 0.60202426, 0.7652671, 6.5693855, 0.7225663] 2.2832847 0.9041548 0.97176754 1.2680429
[7754, 0.47151577, 1.016399, 6.1885185, 0.5384021] 2.5654163 0.99877393 0.95564467 1.1183165
[7755, 0.59148175, 0.695545, 5.662476, 0.5369879] 2.3033874 1.0389001 0.8438445 1.0021921
[7756, 0.48865646, 1.0222573, 5.031942, 0.68328875] 2.7763355 1.0470208 0.771108 0.88799626
[7757, 0.4618265, 1.0418451, 4.6412153, 0.74615514] 2.6361253 1.0816566 0.94797665 1.1507429
[7758, 0.47798842, 0.8301467, 7.815764, 0.536456] 2.3975036 0.9632699 0.9029858 0.9979442
[7759, 0.49847037, 0.98100156, 7.78373, 0.6724386] 2.4750218 1.0026422 0.8824704 1.0931864
[7760, 0.54288983, 1.0047777, 5.007209, 0.9410328] 2.6015406 0.9395382 0.9209481 1.0912324
[7761, 0.54141545, 0.96945584, 5.0690255, 0.49706215] 2.7976167 0.9300251 0.8201167 0.9132913
[7762, 0.4441426, 1.0443623, 5.2869916, 0.48574522] 2.7426505 0.9824953 0.84013003 1.0335823
[7763, 0.5469884, 1.0058066, 3.7141936, 0.65452075] 2.9230313 1.0811697 0.7535197 1.0427014
[7764, 0.433746, 1.01513, 7.023642, 0.5582008] 2.4137843 1.1378411 0.9637564 1.0383745
[7765, 0.5452361, 0.85398424, 7.0695195, 0.6213484] 2.5099003 0.8063039 0.8092909 1.1381041
[7766, 0.50296307, 0.7132811, 5.1692, 0.92754596] 2.2857003 0.81338173 0.9788286 1.1025392
[7767, 0.6218744, 0.6601235, 4.81491, 0.62529796] 2.185988 0.95558226 0.98516893 1.1626459
[7768, 0.501699, 0.67783636, 4.9418964, 0.500908] 2.210707 1.0711797 0.9180851 0.9734202
[7769, 0.5833982, 0.94735193, 4.6169724, 0.40390575] 2.7793229 1.1114655 0.7053765 1.0875541
[7770, 0.46857163, 1.065514, 5.5022244, 0.59039307] 2.6178958 0.89645153 0.9116628 1.1199291
[7771, 0.5709605, 0.93950826, 4.4530053, 0.5153934] 2.7059348 1.1212085 0.7252345 1.1939703
[7772, 0.4522952, 1.0493047, 5.818852, 0.5920292] 2.6023912 0.9367783 0.94960564 1.0115712
[7773, 0.48780057, 1.0386926, 5.492898, 0.6675622] 2.6127915 0.98248327 0.81278765 1.1252699
[7774, 0.52306134, 0.8631054, 6.5094094, 0.5910406] 2.3336935 1.0147425 1.1871368 0.9323739
[7775, 0.48916027, 0.81415486, 6.800518, 0.5342595] 2.2743804 0.929247 1.032664 1.1136174
[7776, 0.57273155, 0.72440284, 5.7611094, 0.668522] 2.4168835 0.93964523 0.7393735 1.03838
[7777, 0.4606188, 1.0141499, 4.4752617, 0.44139618] 2.766214 0.9721427 0.7149859 1.1388943
[7778, 0.47617266, 1.0569979, 4.598015, 0.4715872] 2.7649884 0.92923087 0.8413193 1.179827
[7779, 0.37153244, 1.0905824, 5.0829535, 0.59122694] 2.71513 0.9565654 0.8285616 1.0426273
[7780, 0.49924186, 1.0373336, 4.118349, 0.51400155] 2.7927802 0.957863 0.8622681 1.1308554
[7781, 0.5084479, 0.9882723, 5.7201185, 0.4716111] 2.473362 1.0210154 0.91403913 1.104961
[7782, 0.5439673, 0.81522655, 7.377076, 0.46974805] 2.2927084 1.0062052 0.9030335 1.1896932
[7783, 0.48728862, 1.0187633, 4.301462, 0.5737046] 2.7184675 1.0395759 0.87052274 1.1806767
[7784, 0.57760876, 0.9501571, 5.9504766, 0.770015] 2.5062919 1.1801242 0.9347046 0.94876546
[7785, 0.62196755, 0.6803173, 5.504927, 0.59591794] 2.3372283 0.9074178 0.88414913 1.083171
[7786, 0.5750575, 0.84568954, 6.669018, 0.88113004] 2.656545 0.8662949 0.87154883 0.75968695
[7787, 0.4790371, 1.058069, 4.415408, 0.82372034] 2.8122718 1.0202539 0.8329843 1.0624151
[7788, 0.52539814, 1.0234979, 3.8325403, 0.5940206] 2.818886 1.1526604 0.8517293 1.0898342
[7789, 0.4961493, 1.005931, 4.4778457, 0.4231994] 2.6855633 0.9386424 0.8602418 1.2799002
[7790, 0.6278497, 0.67507875, 5.0350266, 0.4703329] 2.2971904 0.86960334 0.92684716 1.1558055
[7791, 0.5685517, 0.97391886, 2.922017, 0.66413414] 3.156147 0.85531324 0.78667367 0.94362205
[7792, 0.46272358, 1.029132, 4.0277095, 0.55698234] 2.725351 1.009242 0.8966596 1.0610696
[7793, 0.37195024, 1.0760292, 6.497111, 0.9741042] 2.5556722 0.9469854 0.8503248 1.0931569
[7794, 0.59024227, 0.9527599, 3.7749476, 0.760509] 2.9864216 1.0229281 0.8773578 0.9366633
[7795, 0.5547274, 0.94910395, 3.1860523, 0.5092512] 2.8452172 0.9597116 0.87556005 1.1778624
[7796, 0.50097454, 1.0162109, 4.01408, 0.8188107] 2.8210206 0.9634672 0.9282948 1.1294771
[7797, 0.6053934, 0.99311525, 2.0895667, 0.5618959] 3.184239 0.95602566 0.9514179 1.1740209
[7798, 0.49300513, 1.0140338, 5.10288, 0.681398] 2.699341 0.9919131 0.8220151 0.9587611
[7799, 0.50299656, 1.0110766, 6.4835696, 0.5946103] 2.5535095 1.1169916 0.8351428 1.1463965
[7800, 0.49528688, 0.96611494, 7.3820314, 0.7404967] 2.5678985 0.7967824 0.7679618 1.1796144
[7801, 0.5354615, 0.9965447, 3.4986925, 0.5430366] 2.7984607 0.85507816 0.7540346 1.29242
[7802, 0.5402978, 0.9988042, 4.688933, 0.49034715] 2.8158278 0.84036374 0.6925538 1.1638631
[7803, 0.54330313, 0.66541916, 5.0067997, 0.57631445] 2.3077166 0.973818 0.7368311 1.1141592
[7804, 0.43994987, 0.72028774, 4.666063, 0.5498983] 2.2122328 1.046197 0.85911846 1.0662496
[7805, 0.4003141, 1.0093782, 6.5057583, 0.8796132] 2.4994748 0.9732156 0.83271956 1.0978211
[7806, 0.501144, 1.0292494, 5.0184116, 0.6532084] 2.7311416 0.8557849 0.91504365 1.1033124
[7807, 0.45733532, 1.0399628, 5.918299, 0.83089125] 2.6176853 1.020863 0.8926002 1.0219126
[7808, 0.4518512, 1.0062106, 6.140367, 0.86082256] 2.5315573 1.0560238 0.8175233 1.0353603
[7809, 0.59086883, 0.96252304, 3.7084608, 0.5115232] 2.7380774 0.8413328 1.0139171 1.2826114
[7810, 0.3843916, 1.052534, 6.8721237, 0.87100756] 2.4320364 0.94418347 0.9463175 1.2308326
[7811, 0.5398726, 0.8292772, 6.607108, 0.97978336] 2.2918532 1.1049541 0.9233114 1.0899678
[7812, 0.59621143, 0.9490235, 3.7557905, 0.58185804] 2.6900837 1.0296472 0.8562112 1.3212403
[7813, 0.47366184, 1.0352705, 4.9817443, 0.4631285] 2.542711 1.0772028 0.83418757 1.2893635
[7814, 0.47425094, 1.0127231, 6.6930127, 0.6704823] 2.5712872 1.1142956 0.8095657 0.96347475
[7815, 0.49553788, 0.9185064, 8.488531, 0.7052833] 2.3714855 0.89256 0.9476739 1.2459006
[7816, 0.60087085, 0.76644766, 7.618975, 0.38324824] 2.3064504 1.1241221 1.0416801 0.9450633
[7817, 0.5154222, 1.0186111, 5.153299, 0.69560474] 2.546829 1.127916 0.99160445 1.0934733
[7818, 0.511918, 0.9913612, 5.783095, 0.6429642] 2.650203 0.98680717 0.8195811 1.0195065
[7819, 0.44451958, 0.98201716, 6.755878, 0.66531104] 2.2508926 1.0249063 1.0237333 1.3909448
[7820, 0.53855693, 0.93715763, 6.7154613, 0.8558951] 2.479644 1.0160351 0.85269076 1.0848808
[7821, 0.47882104, 0.96601236, 6.9526196, 0.6868782] 2.4529195 0.9454768 0.84419453 1.1968703
[7822, 0.5753465, 0.6516144, 4.658119, 0.6029679] 2.2400353 0.9841755 0.8379955 1.087732
[7823, 0.5145068, 0.87776566, 7.8723254, 0.6475634] 2.43336 1.0712583 0.9537841 0.9114671
[7824, 0.56338894, 0.70619905, 4.896549, 0.4317307] 2.2511961 1.0620385 0.89424425 1.0016404
[7825, 0.4289259, 1.0351868, 5.3352137, 0.5015287] 2.5702093 0.9426977 0.93119043 1.1743876
[7826, 0.45837858, 1.0485749, 4.8139834, 0.48071253] 2.6799798 0.8784797 0.94035816 1.1181577
[7827, 0.43697774, 0.69874585, 5.1633797, 0.59842175] 2.1847172 0.93777215 0.94676006 1.1228842
[7828, 0.52569133, 0.87071395, 8.648439, 0.82260734] 2.3184493 1.1080034 0.9870933 1.0805585
[7829, 0.70075715, 0.5914309, 4.4499273, 0.5145438] 2.0435245 1.1414467 0.9858109 1.2286073
[7830, 0.48562193, 1.0387605, 5.5501995, 0.7601992] 2.6676989 0.883931 0.76000136 1.0882217
[7831, 0.5331453, 0.86670065, 8.196965, 0.794172] 2.37784 0.8630685 0.9694043 1.1187155
[7832, 0.46674874, 0.9924636, 6.5329046, 0.838617] 2.5178025 1.0842974 0.87704116 0.9862291
[7833, 0.5814799, 0.87507445, 6.973929, 0.5192999] 2.391733 1.0526521 0.8929907 1.1119514
[7834, 0.49153996, 1.0260293, 6.2543726, 0.9423015] 2.5050864 0.9486087 0.8993961 1.1873354
[7835, 0.5436572, 0.92941064, 7.8731847, 0.8896938] 2.4753315 1.0023903 0.8044871 1.1256927
[7836, 0.55596673, 0.9614325, 6.186147, 0.9083074] 2.5678627 0.98366594 0.8789176 1.0608064
[7837, 0.62090206, 0.8936144, 6.3747115, 0.67991203] 2.4328902 0.9093612 0.74557036 1.4166664
[7838, 0.5145228, 0.9918641, 5.690741, 0.6255816] 2.584448 0.97846097 0.89261585 1.0329293
[7839, 0.52855957, 0.6920496, 5.0858083, 0.60818946] 2.295813 0.85911536 0.9450233 1.1086103
[7840, 0.53876024, 0.8704499, 6.765719, 0.7002411] 2.4900641 0.85143673 0.8411567 1.1247647
[7841, 0.5590771, 0.9775442, 3.8790052, 0.87003326] 2.809233 1.0721493 0.90001124 1.0196037
[7842, 0.5072362, 0.998001, 6.642502, 0.79494655] 2.6458392 1.0146374 0.9581857 0.92369974
[7843, 0.48857504, 1.0063576, 6.1137433, 0.7058714] 2.6095102 1.0335324 0.837845 0.97261417
[7844, 0.6249885, 0.59813696, 4.6951075, 0.48528394] 2.1383543 1.1159445 0.9263886 0.9826367
[7845, 0.33472443, 0.6233996, 4.0168266, 0.4516164] 1.9968475 1.0055797 1.0299164 1.0841539
[7846, 0.51932067, 0.6859153, 4.69341, 0.49901366] 2.2095206 0.8262232 0.9618724 1.2098107
[7847, 0.53217876, 0.97865915, 5.282289, 0.8321635] 2.5072336 1.1110808 0.85984904 1.0955005
[7848, 0.5103858, 1.0115707, 4.865479, 0.45806032] 2.6883602 0.9937655 0.80599517 1.1978917
[7849, 0.41239226, 1.011689, 7.9778957, 0.8057575] 2.397776 1.0259099 0.98011446 1.0865326
[7850, 0.47266805, 1.0240519, 3.5502832, 0.6627257] 2.755433 1.0066082 0.93823385 1.2839663
[7851, 0.45073014, 1.066615, 5.458082, 0.54184556] 2.6453297 1.04029 0.8097441 1.0390023
[7852, 0.41956973, 1.0582702, 4.184667, 0.646865] 2.7439775 1.0393995 0.8098332 1.0803851
[7853, 0.47073138, 1.0291722, 4.959889, 0.62636554] 2.7777083 0.93668467 0.77930796 0.88621086
[7854, 0.43224263, 0.9737191, 6.9481683, 0.65068084] 2.3811798 0.94596463 1.0062467 1.2048008
[7855, 0.17931983, 0.6978493, 4.199504, 0.6262316] 2.074246 0.90314806 0.9904589 1.073751
[7856, 0.5809244, 0.7710267, 7.1784534, 0.70798475] 2.4780853 0.83866185 0.7904704 1.0650626
[7857, 0.53972024, 0.9906432, 3.6691253, 0.8236717] 2.6387138 1.0894872 0.99372816 1.1892481
[7858, 0.4632222, 1.0595492, 6.048132, 0.92066145] 2.6127813 0.8817375 0.96097714 1.053217
[7859, 0.6267352, 0.83096266, 7.292936, 0.94873786] 2.5998414 0.920419 0.80776197 0.9490221
[7860, 0.36711395, 1.058718, 7.306453, 0.62225306] 2.564268 0.88221884 0.95842564 1.0464408
[7861, 0.3617838, 1.0753818, 5.6079364, 0.6402678] 2.4006884 1.0167776 0.9452318 1.3029772
[7862, 0.47538644, 1.01675, 4.7853985, 0.41954598] 2.8171434 1.0418565 0.73333526 1.0090777
[7863, 0.4738208, 1.0278062, 5.2507915, 0.65090024] 2.5063224 0.99615633 0.8658131 1.1532261
[7864, 0.5227903, 1.0092155, 5.2082605, 0.43570015] 2.5423722 1.0218339 0.9959476 1.1064857
[7865, 0.4377582, 0.9404489, 8.319433, 0.9699013] 2.5195377 0.9726673 0.8952002 0.9060469
[7866, 0.3925213, 1.090789, 5.092613, 0.58495206] 2.7284844 0.8449527 0.87264705 1.1610079
[7867, 0.48394188, 1.0010191, 5.8172135, 0.49303645] 2.593086 0.97034043 0.9418906 1.0611948
[7868, 0.5545246, 0.8124052, 5.592912, 0.62208694] 2.3844812 0.74645275 0.8700686 1.2609364
[7869, 0.49258348, 1.0252591, 5.290902, 0.7973914] 2.591439 0.93905026 0.79613924 1.1490737
[7870, 0.586592, 0.95839584, 5.659702, 0.55239964] 2.3832145 1.1038324 0.8137028 1.3399218
[7871, 0.61320114, 0.7887544, 6.9029975, 0.84377366] 2.3686955 0.94922465 0.8509107 1.1631737
[7872, 0.4690836, 1.050657, 4.8205543, 0.65761036] 2.7800696 0.95950496 0.88815063 0.9298342
[7873, 0.5345103, 0.8257376, 8.103367, 0.72875655] 2.2933156 1.0646585 0.8938023 1.1644934
[7874, 0.48854932, 0.98419106, 6.886414, 0.79564947] 2.585285 0.8709741 0.87404627 1.062492
[7875, 0.5508754, 0.97002655, 3.7518718, 0.6804385] 3.0388222 0.8370426 0.8125993 1.0721939
[7876, 0.5394761, 0.989371, 6.0164466, 0.773622] 2.5626066 1.0214993 0.8444675 1.0123125
[7877, 0.6436122, 0.841913, 6.70711, 0.49464193] 2.6001544 0.8802509 0.7564229 1.1213815
[7878, 0.513796, 0.9974437, 4.097313, 0.60701525] 2.8309345 0.9810265 0.8986209 0.9984596
[7879, 0.4490972, 1.0161003, 6.228779, 0.7710683] 2.5135489 1.0578938 0.836975 1.0695724
[7880, 0.51079124, 1.000606, 3.6878166, 0.54475945] 2.8125494 1.0103118 0.7702071 1.1433425
[7881, 0.513408, 0.98354036, 5.984146, 0.83758485] 2.5445073 0.8925834 0.9325405 1.109899
[7882, 0.5477183, 0.96392536, 3.3985133, 0.32335705] 2.807526 1.0265825 0.70507854 0.94816136
[7883, 0.5737013, 0.9773416, 3.437036, 0.66045696] 2.9894795 1.0369271 0.86338294 0.9995786
[7884, 0.556392, 0.98571485, 5.1398373, 0.51703835] 2.7110496 0.8460095 0.79141104 1.1430435
[7885, 0.53432757, 0.886088, 7.426104, 0.7159901] 2.444033 0.96326536 0.85158134 1.1164819
[7886, 0.56363696, 0.8290403, 7.992545, 0.81041217] 2.3881953 1.075863 0.7879451 1.0975441
[7887, 0.2713179, 1.1324359, 4.872421, 0.46572018] 2.7839012 1.0026535 0.7452271 0.99929035
[7888, 0.6088222, 0.9393782, 3.8572724, 0.46863118] 2.9127421 0.9383184 0.7624066 0.9707146
[7889, 0.53617233, 0.90551543, 7.978319, 0.6778261] 2.4769835 0.97925895 0.8155633 1.075047
[7890, 0.49423426, 1.0658417, 4.3295646, 0.56073236] 2.7687948 1.0766234 0.891311 0.9688593
[7891, 0.58995444, 0.91283566, 6.943753, 0.68705565] 2.5167766 0.89790833 0.7919952 1.1743363
[7892, 0.5187442, 0.9734853, 4.661948, 0.31625044] 2.70698 0.916138 0.79666185 1.2321948
[7893, 0.6147449, 0.90156704, 5.9774446, 0.68371314] 2.6513216 0.8808751 0.7396255 1.0770086
[7894, 0.5628668, 0.9622377, 4.756205, 0.3786205] 2.5637646 1.2035512 0.9561157 0.94670314
[7895, 0.48589608, 1.0045669, 4.935938, 0.56187147] 2.7206345 0.92237806 0.921282 1.1381066
[7896, 0.53591114, 0.93164384, 5.6622653, 0.66366154] 2.5283923 0.9613161 0.82641053 1.1273339
[7897, 0.6007601, 0.92443645, 3.6048596, 0.57142407] 2.8743594 1.0617609 0.8511288 0.9942645
[7898, 0.25109, 0.5409882, 4.2480593, 0.55114186] 1.817518 0.99538296 0.9699273 1.2110499
[7899, 0.46658185, 1.0485708, 4.793994, 0.59364116] 2.7462673 1.1099123 0.9357959 1.1063476
[7900, 0.4796594, 1.017247, 8.0552845, 0.8570742] 2.540652 0.9468278 0.8397437 1.1309867
[7901, 0.5793376, 0.7201462, 6.5984793, 0.54500246] 2.3243058 0.9827666 0.8213833 1.1255943
[7902, 0.6112742, 0.6912902, 5.825225, 0.60441417] 2.2250924 1.0175323 0.9257282 1.1629534
[7903, 0.47223672, 1.0284879, 5.7475286, 0.78576475] 2.5724125 0.9516393 0.83183146 1.1075441
[7904, 0.5446839, 0.89406884, 9.552014, 0.80062485] 2.4318647 0.9581273 0.91098523 1.0596555
[7905, 0.4961354, 0.95916957, 7.183531, 0.671973] 2.4669447 0.95577943 0.87524503 1.1312398
[7906, 0.53262305, 0.9629196, 3.539844, 0.557348] 2.7832046 1.0949498 0.86741835 1.1511111
[7907, 0.49665952, 1.0088813, 6.0811086, 0.75502676] 2.554329 1.0242652 0.95764446 1.0516112
[7908, 0.60966486, 0.8921457, 6.7309227, 0.6780741] 2.385269 0.9432697 0.8814719 1.3307766
[7909, 0.44408885, 0.980513, 6.5086546, 0.53391176] 2.4331882 0.94783956 0.9071193 1.1730434
[7910, 0.6110428, 0.58866423, 4.6545453, 0.44857407] 2.0882952 0.99236876 1.0644888 1.0841868
[7911, 0.5284346, 0.9905858, 6.439652, 0.8598909] 2.6636307 0.8183153 0.8075511 1.1564186
[7912, 0.56657505, 0.8326756, 8.001382, 0.5717523] 2.2898998 1.031038 0.9576042 1.1424156
[7913, 0.4749672, 1.0173063, 5.562833, 0.7955994] 2.4344723 1.1097827 1.0492833 1.111817
[7914, 0.50782835, 1.0054873, 4.460133, 0.44012347] 2.6989608 1.0423557 0.9327769 0.8969658
[7915, 0.62207365, 0.7543061, 6.259269, 0.48177677] 2.3470445 1.1090873 0.87551093 1.0259118
[7916, 0.45935187, 0.95416516, 7.8152795, 0.9583611] 2.4242918 0.93105334 0.9991963 1.0570897
[7917, 0.44061852, 1.0184503, 6.4425735, 0.70247155] 2.4988878 0.9070518 0.9896403 1.1065663
[7918, 0.4425245, 1.0580662, 4.742918, 0.81419224] 2.7790582 0.8941569 0.8971714 1.0687068
[7919, 0.50075537, 1.0496517, 4.248359, 0.53570896] 2.780907 1.0632907 0.86636835 1.0253618
[7920, 0.46791655, 1.0268854, 4.612833, 0.48159197] 2.7489324 0.78118557 0.8525349 1.1908852
[7921, 0.52972907, 0.9822868, 5.2866745, 0.5368265] 2.5279937 0.9255438 1.0085802 1.1925896
[7922, 0.48436648, 1.0386667, 5.7071633, 0.68458855] 2.7051923 0.83131313 0.96330744 1.0689714
[7923, 0.4635262, 0.9532525, 6.610223, 0.5728786] 2.5790126 0.96842605 0.8950909 0.8708367
[7924, 0.5621175, 0.98125345, 4.4351687, 0.50099325] 2.8248513 1.0229411 0.83107984 1.0297028
[7925, 0.63885164, 0.75191456, 7.3982224, 0.49405974] 2.3420575 1.074034 0.7655352 1.1777351
[7926, 0.52327555, 0.7069701, 5.0422425, 0.59363294] 2.2292366 0.924308 0.9116278 1.1356568
[7927, 0.483682, 1.0259199, 5.969858, 0.53391826] 2.6067278 1.0062908 0.82334894 1.0678884
[7928, 0.38166067, 1.0658724, 5.563739, 0.5882325] 2.7684271 0.885639 0.86667126 0.8183272
[7929, 0.5631657, 0.832366, 7.2972355, 0.6358409] 2.4532082 1.0581721 0.87513584 0.9400791
[7930, 0.5874966, 0.9256635, 3.726934, 0.81364363] 2.8310285 0.8774848 0.84625894 1.1621189
[7931, 0.5462199, 0.98944265, 6.0012064, 0.74322855] 2.6838806 0.88671577 0.96755654 0.9543475
[7932, 0.578953, 0.8953081, 7.432461, 0.61926943] 2.3931077 1.0164622 0.8369223 1.224955
[7933, 0.53666705, 0.9122635, 7.4731345, 0.8599887] 2.5190017 1.0070443 0.77208394 1.0932121
[7934, 0.50627613, 0.70419294, 4.9676223, 0.7292204] 2.3162465 0.7780876 0.831975 1.1997864
[7935, 0.43753803, 1.0461435, 5.351479, 0.65063035] 2.7820003 0.9409849 0.8012635 0.96635884
[7936, 0.5440043, 0.9738792, 6.7619343, 0.60379493] 2.5032876 0.95480865 0.93934363 1.0798945
[7937, 0.42017618, 1.0635836, 4.8978186, 0.5574464] 2.6329298 1.0826594 0.7425708 1.0245318
[7938, 0.5912037, 0.92282706, 4.8657074, 0.52331376] 2.496685 0.9617106 0.85029507 1.4284644
[7939, 0.555615, 0.97154874, 4.824557, 0.69319093] 2.7916598 0.84383285 0.78391683 1.1109964
[7940, 0.52811885, 0.9969543, 4.858338, 0.48549736] 2.543532 1.1548302 0.79159606 1.0562481
[7941, 0.5155393, 0.84616923, 8.032632, 0.6645894] 2.4081872 0.90717846 0.9405715 1.0651178
[7942, 0.58354354, 0.7592842, 7.4163284, 0.5606943] 2.2235758 1.0630574 0.9393476 1.1672118
[7943, 0.61933106, 0.7461946, 6.2252903, 0.5568346] 2.2962954 1.0246812 0.8931168 1.1423753
[7944, 0.508502, 1.0010089, 5.518853, 0.76677537] 2.6051 1.0006576 0.88626945 1.1266067
[7945, 0.49796504, 0.9560792, 8.05745, 0.9819222] 2.4346175 0.8762869 0.8829215 1.2187071
[7946, 0.43985307, 0.8968978, 8.330594, 0.61598414] 2.3254461 0.9961955 0.9366483 1.157085
[7947, 0.51727474, 1.0094863, 4.5128145, 0.42179963] 2.7009146 0.9895463 0.6869303 1.3063558
[7948, 0.35710394, 1.0812659, 4.5030603, 0.5379655] 2.4058778 1.1796345 0.95062137 1.2866924
[7949, 0.540221, 0.74948555, 5.735024, 0.6970212] 2.398255 0.95213777 0.8284984 0.96273
[7950, 0.5032694, 0.9475517, 6.0634084, 0.88365895] 2.4987516 0.86842686 0.85448694 1.1612046
[7951, 0.58299786, 0.7281698, 6.5856524, 0.48154837] 2.2484236 0.9104093 0.9679555 1.1960528
[7952, 0.54895395, 1.0010171, 3.5360212, 0.5708602] 2.97793 0.9864164 0.9450751 0.9466664
[7953, 0.64626795, 0.92255783, 3.3618078, 0.5606675] 2.8286686 1.0684171 0.73338723 1.2626141
[7954, 0.46441132, 1.0625745, 5.817091, 0.608091] 2.6620564 1.1172262 0.9040222 0.8540814
[7955, 0.4937108, 1.032818, 5.7075477, 0.56525385] 2.6934516 0.9165125 0.9099146 1.0787733
[7956, 0.59603107, 0.6880563, 5.177809, 0.6162969] 2.2686706 0.94273067 1.0504297 0.94813526
[7957, 0.47816804, 1.0211866, 4.6136913, 0.59041035] 2.7660174 0.9721925 0.947506 1.066365
[7958, 0.6152719, 0.62911665, 4.7486277, 0.61845416] 2.331786 0.9722246 0.8473475 0.8901355
[7959, 0.5343884, 0.92601436, 7.639204, 0.7687894] 2.470663 0.99764687 0.7742722 1.1250569
[7960, 0.48063445, 0.96997, 6.068168, 0.6379238] 2.6382585 0.90818614 0.81942326 0.9262299
[7961, 0.45726725, 1.0517046, 5.110589, 0.53629166] 2.647452 0.9928367 0.8725842 1.10951
[7962, 0.5239935, 0.9957064, 5.2759814, 0.60331464] 2.5863783 0.8724305 0.86990434 1.230856
[7963, 0.49784002, 0.9963005, 7.567721, 0.71204454] 2.560084 0.872854 0.86949104 1.0670985
[7964, 0.45023662, 1.0373507, 3.963189, 0.9612652] 2.8080237 0.93937945 0.98985463 1.127913
[7965, 0.36107114, 0.5797344, 4.430856, 0.68204165] 2.0215814 0.92554516 1.0184038 1.07682
[7966, 0.55551213, 0.9846815, 3.3201106, 0.6060697] 3.0785105 0.9200324 0.84447986 0.9422106
[7967, 0.4208331, 1.085302, 5.176925, 0.60910434] 2.6303082 0.9981094 0.87765104 1.0571448
[7968, 0.5344262, 0.94782764, 5.7850347, 0.977207] 2.4312954 0.98114103 0.86129135 1.2041382
[7969, 0.4582695, 1.058567, 5.2791395, 0.48257077] 2.7414107 1.0343587 0.7373955 1.0175393
[7970, 0.4778883, 1.043866, 2.5203302, 0.7277529] 3.0261433 1.1421586 0.81695783 1.1986341
[7971, 0.6647125, 0.8347884, 5.9465113, 0.7048928] 2.4624975 0.94069165 0.81077695 1.2777264
[7972, 0.4577434, 1.0390418, 4.014762, 0.35327643] 2.8305173 0.9750761 0.8164178 1.067889
[7973, 0.39549226, 1.0757288, 4.865796, 0.37716833] 2.8211048 0.87751687 0.7866956 0.9640725
[7974, 0.45124477, 0.8825224, 7.717913, 0.7499689] 2.272958 1.1000112 0.95524985 1.08034
[7975, 0.4972471, 1.0143647, 5.3591, 0.5168402] 2.6120865 1.0414506 0.7713777 1.1017972
[7976, 0.48933128, 0.9374024, 8.416619, 0.63826746] 2.4179287 1.1571571 0.8762989 0.99195266
[7977, 0.6529898, 0.81542665, 7.587967, 0.64846987] 2.4394405 0.9900399 0.7556726 1.204264
[7978, 0.62550956, 0.89839375, 6.4950767, 0.7421745] 2.4129758 1.2240998 0.90105695 1.079696
[7979, 0.58795893, 0.92449236, 5.390823, 0.4650407] 2.612389 1.0829492 0.79767597 1.0384599
[7980, 0.48738515, 0.74839675, 4.6497946, 0.4451034] 2.1545131 0.9702248 1.037776 1.1983792
[7981, 0.38356432, 1.0877821, 5.620674, 0.49178562] 2.716618 1.0236962 0.82256556 0.93129146
[7982, 0.41784263, 1.0531325, 5.610022, 0.8870508] 2.6050162 1.057769 0.95349383 0.86904985
[7983, 0.47684166, 1.0331849, 4.4665246, 0.38797677] 2.7798328 1.0387865 0.7551399 0.965439
[7984, 0.27029845, 0.8105866, 4.693501, 0.5368177] 2.3073769 0.86305606 0.94569224 1.0281099
[7985, 0.5360966, 0.99528086, 4.733779, 0.6124127] 2.5983915 0.9744057 0.98063254 1.1414301
[7986, 0.50762314, 0.9511063, 6.1259475, 0.48401627] 2.4788027 1.0255749 0.7653803 1.1969963
[7987, 0.48039123, 1.0574524, 4.8589044, 0.5256614] 2.6123915 1.0454755 0.757828 1.1323261
[7988, 0.4248812, 1.0155817, 6.5610876, 0.8095972] 2.6014001 0.80202633 0.9273225 1.0516227
[7989, 0.5495421, 0.9485651, 6.355267, 0.7354723] 2.4801593 0.9907246 0.8745569 1.1269499
[7990, 0.5174248, 0.9879674, 5.659572, 0.6893093] 2.5516276 0.89846754 1.0366642 1.1643384
[7991, 0.47790658, 1.0100243, 5.487853, 0.61336774] 2.533662 0.8830271 0.8574227 1.2221792
[7992, 0.5441504, 0.7893642, 6.942948, 0.73663807] 2.3633828 0.9605105 0.8390536 1.0630101
[7993, 0.48873192, 1.0132041, 5.274403, 0.8034309] 2.6556728 0.91351825 0.76653594 1.163488
[7994, 0.455151, 1.0422015, 5.67199, 0.68017304] 2.6598697 0.91071236 0.8276456 1.0233482
[7995, 0.4148586, 1.0634481, 4.9244847, 0.7418275] 2.6884754 0.9948684 0.84234434 1.102202
[7996, 0.47852218, 1.0720966, 4.2984767, 0.54406434] 2.8059542 0.9270482 0.98106295 0.935771
[7997, 0.52104133, 0.8967632, 5.926964, 0.70819885] 2.386393 0.9616537 0.87364644 1.2108519
[7998, 0.50232196, 0.7722345, 5.7093887, 0.4697687] 2.3467572 0.8954533 0.949773 1.0292736
[7999, 0.44249913, 1.048717, 5.336306, 0.3845713] 2.7105153 1.1577419 0.8971627 0.863568
[8000, 0.4988319, 0.83314526, 7.905036, 0.9853961] 2.3635516 1.0275989 0.81035167 1.0941306
[8001, 0.5797683, 0.95149994, 5.8047185, 0.54205894] 2.6976433 0.9213057 0.7196922 1.0511024
[8002, 0.48213175, 1.0035132, 5.3299184, 0.58854026] 2.633952 1.0236003 0.8360043 0.86505246
[8003, 0.52267355, 1.0039265, 4.036788, 0.46655992] 2.8025997 0.94438463 0.7770872 1.2206143
[8004, 0.5522899, 0.91996336, 7.0671144, 0.63805234] 2.5811017 0.9960643 0.81346655 0.94203573
[8005, 0.4537922, 0.63232356, 3.85348, 0.4482095] 2.0900419 1.0574882 1.0202082 1.0000337
[8006, 0.48175347, 1.0240453, 5.80579, 0.5821236] 2.6270623 0.992257 0.9203116 1.0477865
[8007, 0.42389265, 0.9324437, 7.668519, 0.6198717] 2.3743002 0.9244075 0.9319755 1.1842057
[8008, 0.5716059, 0.8007964, 8.300161, 0.4838662] 2.273611 1.331998 0.86816037 1.0131834
[8009, 0.5197622, 0.9395045, 5.165066, 0.7931618] 2.5714486 0.89063376 0.8397302 1.1149001
[8010, 0.37347165, 1.0829974, 5.6856236, 0.4825093] 2.6234443 0.9665245 0.88344145 1.1469605
[8011, 0.550489, 0.9675174, 3.5796638, 0.71336794] 2.8382483 1.0963633 0.8341089 1.0991048
[8012, 0.45708504, 0.91002077, 7.617763, 0.9039999] 2.5281093 0.91692406 0.8240502 0.9744867
[8013, 0.49384978, 0.9713464, 5.848265, 0.91079426] 2.4764085 0.9172878 0.8876069 1.2393888
[8014, 0.5443921, 0.9963161, 5.0554805, 0.79166085] 2.5638125 1.0021458 0.7789133 1.2335982
[8015, 0.45858258, 0.92022187, 7.626482, 0.71169096] 2.433074 1.0373011 0.87764555 1.0014453
[8016, 0.53720534, 0.7445085, 5.3921227, 0.5568529] 2.1985993 1.0137031 1.0036063 1.1133268
[8017, 0.57959676, 0.95427257, 4.6506505, 0.65043634] 2.803955 0.921243 0.92728996 0.97587866
[8018, 0.4141367, 1.0647398, 5.2031245, 0.44140643] 2.6168313 0.90318924 0.86610603 1.2123219
[8019, 0.5408585, 0.9625068, 6.9609704, 0.7017029] 2.5452 0.9622307 0.8385088 1.0571748
[8020, 0.48825374, 1.0244055, 5.231633, 0.66490674] 2.7772915 0.814747 0.9185358 1.0467108
[8021, 0.43980935, 1.0074701, 6.891791, 0.7467762] 2.5509589 0.9923375 0.874192 0.9840618
[8022, 0.46809497, 0.9973945, 6.4980674, 0.6354093] 2.5179243 1.0599452 0.8529286 1.0030459
[8023, 0.44750014, 1.0400165, 6.1907153, 0.8214537] 2.4236064 1.0893806 0.89172465 1.152895
[8024, 0.3868349, 0.6916355, 4.0567465, 0.68325436] 2.2339854 0.87065154 0.83571225 1.0357572
[8025, 0.5255188, 1.010714, 5.241054, 0.5547903] 2.7676415 0.89650166 0.8312404 0.959223
[8026, 0.5073233, 0.99760216, 5.8068748, 0.569911] 2.574781 1.0024452 0.8854261 1.0858688
[8027, 0.55004805, 0.98127806, 5.440864, 0.45015705] 2.6416085 0.89323175 0.8827783 1.2369547
[8028, 0.3673554, 1.1097565, 5.3292446, 0.6281388] 2.6780019 1.0799628 0.8518613 1.0242213
[8029, 0.43812335, 0.9495454, 7.993598, 0.5623688] 2.3593032 0.98793685 1.0123894 1.1155332
[8030, 0.54759824, 0.9891921, 5.665065, 0.981321] 2.5928519 0.8686929 0.87396806 1.1539385
[8031, 0.50421035, 0.9760829, 6.887867, 0.7087858] 2.491424 0.8564361 0.8928568 1.198281
[8032, 0.5059787, 1.0475982, 2.8993504, 0.86352324] 3.1257837 0.9688586 0.8332002 1.027879
[8033, 0.4626153, 1.0275507, 5.841089, 0.7401365] 2.6023111 1.0366421 0.9807285 1.0218725
[8034, 0.60587126, 0.6150671, 4.319821, 0.46102437] 2.1041293 1.0800095 0.8767887 1.0905248
[8035, 0.53912914, 0.7765191, 7.04761, 0.5375838] 2.3105748 0.93341774 0.97284544 1.0572331
[8036, 0.4665645, 0.93269384, 7.7544537, 0.94272256] 2.5214064 0.83651346 0.8834566 1.0435648
[8037, 0.54506284, 0.8690088, 8.35652, 0.8105902] 2.4017878 0.99090546 0.85391283 1.1459868
[8038, 0.49612492, 1.0366471, 4.7843328, 0.44665176] 2.7070873 1.0455638 0.8729294 1.0552008
[8039, 0.5732843, 0.9736784, 3.3393104, 0.8537292] 3.0001183 0.9857368 0.8205078 0.9837793
[8040, 0.4210983, 1.0032848, 6.8602033, 0.5390071] 2.401478 0.94261473 1.0249968 1.2106928
[8041, 0.44718423, 1.0678507, 5.866488, 0.5818467] 2.6072779 1.0328864 0.81659716 1.1546075
[8042, 0.5027323, 0.9972138, 5.960804, 0.7654171] 2.4897492 0.9521852 0.93957216 1.1450192
[8043, 0.38215226, 1.099038, 5.2097263, 0.5744875] 2.5147989 0.98608583 0.9810386 1.1974726
[8044, 0.5409767, 1.0021627, 5.008921, 0.58601445] 2.692403 1.0251414 0.7814188 0.9187099
[8045, 0.45615163, 1.0321803, 4.745183, 0.48223644] 2.7101552 1.0189954 0.9246237 1.0447545
[8046, 0.46353316, 1.0479674, 5.504882, 0.56462234] 2.679832 0.9266727 0.82796013 1.0862122
[8047, 0.47324118, 1.0304947, 5.2714195, 0.5018536] 2.6851132 0.91948444 0.7951048 1.0798291
[8048, 0.56508714, 0.9569414, 4.592024, 0.5689725] 2.7062786 0.930788 0.78698426 1.2928907
[8049, 0.38650015, 1.0917016, 5.253593, 0.4915174] 2.77584 0.8908078 0.8222074 1.03989
[8050, 0.45145938, 1.0281198, 4.7769465, 0.84372574] 2.6595132 1.1891423 0.77815884 1.0322506
[8051, 0.43898246, 1.0526996, 3.5906978, 0.66816944] 2.8706155 1.0023122 0.82913136 1.235584
[8052, 0.52508473, 0.96707016, 5.2682524, 0.5816079] 2.5416718 0.9431871 0.8850806 1.2213458
[8053, 0.5557973, 0.965968, 3.9336452, 0.6205389] 2.7578382 0.9268117 0.92917156 1.07874
[8054, 0.6495484, 0.7722379, 6.278242, 0.5125875] 2.337462 0.9632092 0.95507765 1.0714606
[8055, 0.5383054, 0.8443617, 8.201169, 0.72447133] 2.485958 1.0315933 0.7605679 0.9893602
[8056, 0.51972353, 0.8978595, 7.092832, 0.40438855] 2.46935 0.884679 0.94149446 1.0860318
[8057, 0.49893767, 1.0237887, 4.7774854, 0.6201829] 2.6294138 1.0509864 0.910221 1.1463484
[8058, 0.47225785, 1.0373209, 3.7513204, 0.69575405] 3.0159285 0.9241384 0.7935098 0.96130973
[8059, 0.5014996, 1.0067443, 5.2859955, 0.4317424] 2.7877564 1.0187944 0.79090613 0.9125602
[8060, 0.580402, 0.7479789, 6.595717, 0.36435378] 2.191289 1.0752914 0.8996558 1.2490894
[8061, 0.4860599, 1.0069768, 5.3388944, 0.92129254] 2.5763988 0.88386416 0.95199853 1.0863905
[8062, 0.55615926, 0.89884555, 5.263355, 0.49521226] 2.5013354 1.0883808 0.7646925 1.0836728
[8063, 0.46183434, 1.0329968, 4.1244793, 0.5980239] 2.8697975 0.9915369 0.7841345 0.93977463
[8064, 0.46162578, 1.017824, 5.125341, 0.6412756] 2.61989 0.99979097 0.9485717 0.9971805
[8065, 0.48607692, 1.0480295, 5.00506, 0.912992] 2.6382096 0.887982 0.9525164 1.2670184
[8066, 0.4998679, 0.97615224, 6.9874516, 0.6925058] 2.5099616 0.9868671 0.8672918 1.057481
[8067, 0.4261008, 0.900892, 7.640567, 0.41403422] 2.2866411 1.0388498 1.0862603 1.0074782
[8068, 0.44517016, 1.113453, 3.31705, 0.7080436] 3.165019 0.95026 0.76806605 0.99554867
[8069, 0.4674565, 1.0026975, 5.90656, 0.67935836] 2.4669323 0.9371069 0.9600074 1.1682091
[8070, 0.4585346, 0.9686598, 8.379256, 0.7912098] 2.4389074 0.9208123 0.9325713 1.1598715
[8071, 0.45517424, 0.9012518, 6.1852717, 0.6054332] 2.2975676 1.0839005 0.9038412 1.1879191
[8072, 0.5628268, 0.8215489, 8.734224, 0.6916068] 2.295579 1.0748563 0.9011449 1.1213112
[8073, 0.47325513, 1.0249305, 6.184681, 0.71775746] 2.4854941 0.9207133 1.032718 1.139139
[8074, 0.5283002, 1.0002033, 4.9351244, 0.5625449] 2.7252207 0.95667213 0.8370018 0.97234195
[8075, 0.52500695, 0.987846, 5.9993744, 0.7260312] 2.6678135 0.7973707 0.75866926 1.0854129
[8076, 0.5177812, 0.97300696, 5.959315, 0.8014977] 2.604817 0.91213775 0.8502227 1.0210719
[8077, 0.51163733, 0.88020134, 6.8825803, 0.8512092] 2.4093742 0.897359 0.9288877 1.1683398
[8078, 0.4051705, 0.950588, 8.107419, 0.96633506] 2.3805678 0.9083475 0.9552379 1.1795635
[8079, 0.5436472, 0.9195032, 7.054698, 0.7520239] 2.439196 1.0536731 0.88551474 1.0652705
[8080, 0.47495332, 0.90231574, 6.962955, 0.6674501] 2.4357073 1.0072068 0.84628856 1.0304499
[8081, 0.51305526, 0.84646845, 7.060191, 0.5696019] 2.4047751 0.94591284 0.93317986 1.0261295
[8082, 0.5542106, 0.89780223, 7.308847, 0.6965248] 2.4938931 1.0108967 0.8427302 1.0150267
[8083, 0.6441891, 0.8062478, 6.6272798, 0.89411306] 2.3766487 0.74483925 0.86283004 1.4304621
[8084, 0.59972, 0.8225724, 7.266343, 0.30166236] 2.3918884 1.0340881 0.79832536 1.1839042
[8085, 0.43811515, 1.0393226, 6.0527143, 0.70429385] 2.5184958 0.91191334 0.8849534 1.139258
[8086, 0.5348024, 0.9818959, 4.2740026, 0.387188] 2.823016 0.9834097 0.7330886 1.0806397
[8087, 0.60307264, 0.63624394, 4.559669, 0.50959146] 2.2398748 0.9671423 0.8436823 1.0900179
[8088, 0.44187015, 0.9722476, 7.0594726, 0.7713171] 2.3769224 0.9681224 1.024677 1.103576
[8089, 0.41535467, 0.9589731, 6.8750153, 0.8647983] 2.3687835 0.9519424 0.9927686 1.1606104
[8090, 0.4684466, 1.0363734, 4.177705, 0.5549784] 2.889086 1.0039011 0.766657 0.9453579
[8091, 0.4891763, 0.9674018, 5.9633656, 0.8747094] 2.414746 0.99558204 0.9801286 1.0541301
[8092, 0.497443, 1.0040983, 5.736077, 0.82617426] 2.4537706 1.0105813 0.91217244 1.2609363
[8093, 0.37663737, 0.7993059, 5.2044883, 0.4993233] 2.3658645 0.80933994 0.8693202 1.0468206
[8094, 0.5911473, 0.93064135, 4.9276557, 0.64758456] 2.4807465 1.0360718 0.88237417 1.3049959
[8095, 0.4819734, 1.018644, 5.358749, 0.6762887] 2.6356149 0.93330383 0.9078966 1.0363795
[8096, 0.5676069, 0.99144626, 6.103256, 0.6187157] 2.4777038 1.1052654 0.9641019 1.1437063
[8097, 0.46966276, 0.95223004, 8.134889, 0.64087003] 2.3373764 1.0056492 1.0080607 1.1670847
[8098, 0.53986734, 0.9969786, 3.70388, 0.5835391] 2.8931842 0.97287464 0.9452597 1.0586362
[8099, 0.56649864, 0.80406463, 8.381282, 0.7915906] 2.3982666 0.9536842 0.8681705 1.0638818
[8100, 0.38520268, 0.50807875, 4.1952133, 0.8616842] 1.9575119 0.8893804 0.9868091 1.0535076
[8101, 0.5133809, 0.8318858, 6.5581746, 0.56112957] 2.3553655 1.0257376 0.8616686 1.0599751
[8102, 0.51234955, 0.9625625, 7.0645156, 0.72565883] 2.5941415 0.9919987 0.92669654 0.822582
[8103, 0.51908076, 0.99433136, 5.188085, 0.69163257] 2.5872872 0.96261436 0.8022392 1.2007377
[8104, 0.61169386, 0.50120574, 3.5938025, 0.618305] 1.769802 1.1350206 1.1146475 1.2181969
[8105, 0.57805115, 0.67756236, 4.9257464, 0.3923872] 2.1390688 1.0993971 0.95239544 1.0989941
[8106, 0.40396717, 1.0924132, 5.22118, 0.62837684] 2.7587698 0.8609123 0.83945435 1.0473596
[8107, 0.5306046, 0.91765094, 7.6432834, 0.8510045] 2.4908187 1.0248886 0.8462585 0.9723727
[8108, 0.5684628, 0.83004177, 6.167016, 0.53148425] 2.3649 0.8996325 0.840911 1.2608786
[8109, 0.5579354, 0.71340156, 5.569874, 0.4687057] 2.1842644 0.9707623 1.0043046 1.1513281
[8110, 0.5317116, 0.9956337, 7.163036, 0.77985436] 2.5085454 0.99221313 0.9423577 1.0964682
[8111, 0.44982764, 0.7624863, 5.509472, 0.702518] 2.4227428 0.80591744 0.85031897 0.9894616
[8112, 0.4663426, 1.0225908, 5.5511127, 0.8408131] 2.5644615 1.0318398 0.851795 1.030848
[8113, 0.46455726, 1.0347128, 4.335586, 0.40159088] 2.6973186 1.1663301 0.7788742 1.1519393
[8114, 0.40195772, 0.9244481, 7.8449707, 0.79903495] 2.4653018 0.9354029 0.7991232 1.0804423
[8115, 0.45775467, 0.98129207, 7.4310384, 0.7527476] 2.4367273 0.8907736 0.9661368 1.1841444
[8116, 0.53714186, 0.8316993, 6.640053, 0.74980706] 2.2572894 0.8595233 1.0374641 1.2479812
[8117, 0.45935422, 1.0212651, 4.523982, 0.3804894] 2.7521882 0.951941 0.70593786 1.2389362
[8118, 0.5351193, 0.9547192, 6.4195538, 0.81713223] 2.5500476 0.98918104 0.82424045 1.0641104
[8119, 0.44191003, 1.0547068, 5.021496, 0.68789446] 2.6939096 1.0155343 0.97459006 0.82493204
[8120, 0.5567568, 0.9846167, 3.850229, 0.7149491] 2.9050608 1.0518763 0.86799395 0.8850458
[8121, 0.46557662, 1.0199687, 5.296758, 0.6770896] 2.7368343 0.99263 0.8316212 0.86071956
[8122, 0.6196854, 0.7409441, 5.894979, 0.7190666] 2.4404135 0.93603116 0.89184165 0.9599448
[8123, 0.52919835, 1.04392, 3.9209337, 0.67078054] 2.9011922 0.918655 0.96281147 1.0243315
[8124, 0.53135407, 0.81781805, 6.063352, 0.6607667] 2.3435986 0.9409351 0.8100986 1.2446868
[8125, 0.51253694, 1.0220445, 5.387316, 0.77028745] 2.6320503 1.0412085 0.80134535 1.0682821
[8126, 0.5198862, 1.0019501, 4.905716, 0.56958777] 2.7318335 0.95900244 0.85385585 1.0899264
[8127, 0.5534208, 0.98178864, 4.821301, 0.4639474] 2.747923 1.1054051 0.7480967 0.8731682
[8128, 0.46720874, 0.6438715, 3.8852065, 0.80985266] 2.1979225 0.98395973 0.8534442 1.0323569
[8129, 0.57505596, 0.9634143, 4.2310524, 0.79248327] 2.840473 0.9952338 0.8647358 1.1208888
[8130, 0.5320413, 0.9804361, 6.120034, 0.4897911] 2.6341243 0.9184139 0.8404199 1.1524607
[8131, 0.56956565, 0.97634524, 6.060676, 0.6532671] 2.6671808 0.79947245 0.79038423 1.1940888
[8132, 0.5753625, 0.81648266, 7.588342, 0.5485729] 2.3802137 0.88122886 0.7973179 1.3443301
[8133, 0.53444964, 1.0055217, 5.416522, 0.89383906] 2.4787357 1.0026675 0.86258096 1.3478622
[8134, 0.5521435, 0.92933536, 6.2283587, 0.6308413] 2.4541097 1.0083456 0.82797253 1.2211715
[8135, 0.50226, 0.9220477, 6.93597, 0.70134926] 2.4652307 0.9335996 0.8457654 1.1100231
[8136, 0.5344878, 0.82129765, 6.3892903, 0.46433643] 2.2095535 1.0884702 1.0019046 1.1579998
[8137, 0.4903408, 0.98643696, 4.2584476, 0.5504122] 2.7545483 0.9796351 0.8706307 1.0742074
[8138, 0.5206613, 0.9843272, 4.9281898, 0.5197511] 2.5340352 0.99639 0.96740115 1.1656413
[8139, 0.47991577, 1.047343, 4.192444, 0.729432] 2.7158709 1.0461663 0.8822999 1.1637627
[8140, 0.4382536, 1.0619193, 4.9704947, 0.435048] 2.7365 0.9242468 0.8079749 0.9983208
[8141, 0.60694605, 0.7608511, 7.624125, 0.61697924] 2.367139 0.93772733 0.8666464 1.1570661
[8142, 0.35185516, 1.0963765, 5.35713, 0.529342] 2.6606627 0.959382 0.78107774 1.1549269
[8143, 0.6028467, 0.7362524, 7.0364547, 0.579931] 2.4511807 0.9455503 0.73361355 0.982699
[8144, 0.48796195, 1.0050304, 4.9138145, 0.4693831] 2.5829253 1.0306382 0.9687581 1.0937206
[8145, 0.48609614, 0.96692735, 4.3110204, 0.49857736] 2.6198363 1.0238422 0.9389952 1.1572343
[8146, 0.49241996, 1.0184536, 4.697899, 0.5554529] 2.8073072 0.9035355 0.78333783 1.0611348
[8147, 0.33336896, 0.6618779, 4.0394893, 0.4412171] 2.172862 0.98086566 1.0093786 0.9119003
[8148, 0.5743403, 0.9691086, 4.3326735, 0.71603423] 2.7495775 1.0596697 1.0052211 1.0753328
[8149, 0.5021373, 1.0498888, 4.4528117, 0.6896328] 2.755445 0.9427118 0.9278405 1.1825492
[8150, 0.50902593, 0.9078806, 6.7704215, 0.72513825] 2.4698439 1.0301236 0.9209368 0.9755225
[8151, 0.5473368, 0.975157, 5.3324885, 0.58206415] 2.6149952 0.93542373 0.9138033 1.148223
[8152, 0.56502616, 0.967895, 4.271068, 0.6548681] 2.8248901 0.878468 0.7611951 1.1769598
[8153, 0.4898483, 0.9560575, 7.810951, 0.84813046] 2.4253438 0.9511499 0.8495852 1.2341691
[8154, 0.5573997, 0.9812115, 4.486506, 0.72951543] 2.7924902 0.86757004 0.8330665 1.1363407
[8155, 0.54786587, 0.8717778, 7.9254117, 0.8975518] 2.3597505 0.9489017 0.83354354 1.2010938
[8156, 0.5267303, 0.70274436, 4.612874, 0.49757573] 2.3674643 0.8948776 0.86653084 0.9802437
[8157, 0.54716164, 0.86274934, 8.951314, 0.7377603] 2.4480662 0.88227695 0.88743305 1.1098981
[8158, 0.53496575, 1.0088688, 4.0449004, 0.59444153] 2.8936462 0.92444384 0.8008293 1.0141153
[8159, 0.6157562, 0.57938725, 4.3664536, 0.5667342] 2.2045324 0.95704746 0.9124329 1.0348867
[8160, 0.51110554, 1.0048667, 3.5633433, 0.5648632] 3.0114355 0.89330417 0.8041281 0.9952268
[8161, 0.42058918, 1.056901, 4.43592, 0.69981253] 2.9390366 1.0290484 0.8642961 0.86841077
[8162, 0.5711845, 0.58289516, 3.8250182, 0.53691113] 2.1754494 0.96173096 0.85829115 1.0684558
[8163, 0.42108276, 1.0544802, 4.8684087, 0.450972] 2.7401042 0.89913994 0.8326373 1.1086248
[8164, 0.5172057, 1.0167682, 6.1340065, 0.73310614] 2.6663895 0.9096981 0.8584899 1.1033773
[8165, 0.6044381, 0.9285431, 4.844399, 0.40466848] 2.7137601 0.97269714 0.7405975 1.1402769
[8166, 0.57327884, 0.75902647, 5.6180716, 0.6077946] 2.3539298 0.9841959 0.92126465 1.0427543
[8167, 0.5409111, 0.97818255, 4.7815213, 0.38970014] 2.6831105 1.0189888 0.94822305 1.0921023
[8168, 0.5088079, 0.78416187, 6.045101, 0.7663681] 2.309113 1.0031997 0.8704831 1.1130452
[8169, 0.46775192, 1.0308999, 3.9861052, 0.6376072] 2.6682324 1.1777544 0.9058261 1.1121591
[8170, 0.6103041, 0.7184073, 5.364245, 0.45165825] 2.270384 1.0074519 0.9611045 1.0426598
[8171, 0.4954146, 0.9475074, 6.1797137, 0.56374526] 2.56626 0.8764509 0.74759865 1.0773592
[8172, 0.54967797, 0.8164046, 6.8667583, 0.5402931] 2.4359329 0.9860985 0.94576913 0.86662936
[8173, 0.52859414, 0.97752875, 6.068172, 0.7423336] 2.5032225 0.9831337 0.9384391 1.118883
[8174, 0.59550583, 0.9402807, 5.1255193, 0.6352125] 2.8084173 0.9508269 0.7810506 1.0312868
[8175, 0.55685043, 0.61193466, 3.8282804, 0.6690635] 2.2088256 0.8324943 0.92293924 1.0497534
[8176, 0.45239615, 1.0222894, 6.518156, 0.7733559] 2.6565669 0.8657525 0.8609263 0.8710528
[8177, 0.45561352, 1.0257971, 5.1416345, 0.65082014] 2.560171 0.9471585 0.8821424 1.1313971
[8178, 0.49576074, 1.0264385, 5.709684, 0.4112619] 2.7556622 0.9144385 0.748021 1.1621466
[8179, 0.48745707, 0.9981817, 5.577909, 0.5972152] 2.6110513 1.017517 0.7703574 1.1343235
[8180, 0.50859845, 0.9221784, 7.362003, 0.51857424] 2.5229304 0.9622056 0.8873028 1.0159873
[8181, 0.5434976, 0.9352271, 6.567857, 0.92757666] 2.5780947 0.7901715 0.7388078 1.1831027
[8182, 0.4597167, 0.9969623, 7.7326217, 0.89077896] 2.3989275 0.93937796 1.0190225 1.1920259
[8183, 0.59652823, 0.8127214, 6.928031, 0.5131099] 2.243201 1.1454709 0.8650583 1.2235438
[8184, 0.44600204, 1.0345421, 5.812494, 0.589042] 2.4275746 1.1135324 1.0092968 1.1129997
[8185, 0.5751721, 0.9519585, 5.500363, 0.460858] 2.5125248 0.897295 0.8163037 1.2691485
[8186, 0.58103544, 0.9413095, 4.7557783, 0.41970104] 2.6266806 0.95126593 0.9501555 1.1570833
[8187, 0.48228943, 1.0614395, 2.4572444, 0.62834483] 3.2011614 1.1369557 0.7120967 0.95373875
[8188, 0.5396926, 0.81299186, 6.2514987, 0.31438085] 2.3296592 1.0897573 0.85604435 1.0800449
[8189, 0.5513137, 0.8721091, 7.1495686, 0.52621305] 2.5493116 1.0061022 0.79794693 0.9215216
[8190, 0.4727667, 1.0435791, 5.192732, 0.6168506] 2.5883176 1.0094732 0.88233423 1.0912104
[8191, 0.4801004, 0.74824244, 5.06222, 0.5378801] 2.2550473 0.80030537 0.9578841 1.2033422
[8192, 0.4532433, 1.0621684, 4.7876186, 0.55292594] 2.5821226 1.0287424 0.794634 1.15364
[8193, 0.5699138, 0.9772318, 2.8560653, 0.75691485] 2.9734557 1.0789822 0.78351015 1.2278515
[8194, 0.44008064, 1.0510731, 6.038238, 0.41717824] 2.5518358 0.9568787 0.88990486 1.1001449
[8195, 0.5951798, 0.68186015, 6.4356503, 0.51397806] 2.299764 1.028819 0.97146183 0.9539754
[8196, 0.44314808, 1.0366701, 6.459142, 0.97054124] 2.5379913 0.94023895 1.0472593 0.9331769
[8197, 0.4854061, 1.0166924, 4.4394474, 0.7408168] 2.7631433 1.0470743 0.9633565 1.0495725
[8198, 0.48747367, 0.9262587, 7.305878, 0.8517967] 2.5517538 0.8430903 0.97959715 0.95490307
[8199, 0.46392372, 1.0370822, 5.9723935, 0.68488795] 2.5932705 1.0380921 0.8277843 1.0193598
[8200, 0.58410466, 0.94271237, 4.764201, 0.528443] 2.904036 0.95398694 0.74775946 0.9940547
[8201, 0.46375564, 1.0366343, 5.9105334, 0.50172687] 2.6037867 0.99221367 0.8683529 0.98028433
[8202, 0.4643343, 0.86442596, 6.955987, 0.4151427] 2.3877704 0.95347923 0.9883902 0.9947441
[8203, 0.5070542, 1.0008619, 6.6707234, 0.7429268] 2.4252808 0.9614819 0.8671454 1.29229
[8204, 0.62961936, 0.74044293, 6.9694724, 0.61117214] 2.3683178 0.9831547 0.8909257 1.033123
[8205, 0.58935744, 0.7348168, 6.900153, 0.63334125] 2.3743427 0.9011892 0.9360378 1.0266001
[8206, 0.5396719, 0.9889534, 2.44644, 0.5890388] 3.1243827 1.0076185 0.990293 1.0055424
[8207, 0.45974946, 0.9068569, 7.5313168, 0.77569634] 2.375118 0.9963024 0.94322467 1.1285527
[8208, 0.44264176, 1.0344619, 6.1593246, 0.7729282] 2.549269 0.95231795 0.86276895 1.1219236
[8209, 0.5260776, 0.99013394, 5.078371, 0.62494504] 2.5254138 1.1467521 0.82049155 1.1282648
[8210, 0.41084448, 0.99764913, 7.4447894, 0.85016495] 2.4418292 0.88383013 0.9464814 1.2275461
[8211, 0.3870889, 1.0548496, 7.7333293, 0.68746656] 2.5910337 0.89938235 0.8769285 0.99668425
[8212, 0.39095157, 1.0839857, 5.7914233, 0.45700747] 2.7175784 0.9326518 0.9207952 1.0441833
[8213, 0.5981907, 0.76772803, 6.5330863, 0.49260995] 2.474106 0.8691988 0.7704925 1.076838
[8214, 0.61823297, 0.7534999, 6.726849, 0.55891603] 2.309497 0.9964304 0.87426364 1.186417
[8215, 0.5006867, 0.9986883, 6.4224434, 0.5749583] 2.564819 1.0486069 0.80647767 1.0399308
[8216, 0.5221856, 0.9810592, 5.9685993, 0.99779546] 2.62751 1.0167111 0.85763466 0.94951653
[8217, 0.47341073, 1.0465456, 5.5119576, 0.5739244] 2.7052593 0.923576 0.8034239 1.051546
[8218, 0.40752438, 1.057594, 4.4233265, 0.43086535] 2.698357 1.0196363 0.8378279 1.0376194
[8219, 0.4556263, 1.0261781, 4.508321, 0.49314502] 2.7039952 1.0058253 0.8734544 1.0884938
[8220, 0.48180303, 1.0418386, 4.186111, 0.864198] 2.8355172 0.96297514 0.8561063 1.0924667
[8221, 0.49912167, 0.9801977, 4.7277527, 0.56054705] 2.5743198 1.0353354 0.8159706 1.2800503
[8222, 0.49877053, 0.99825275, 6.479142, 0.58782595] 2.4447317 1.0487227 0.88356954 1.2109233
[8223, 0.4961399, 1.035099, 5.425121, 0.4574732] 2.5332127 0.8965919 0.8677177 1.3013092
[8224, 0.4183608, 1.0462569, 5.219152, 0.48780072] 2.649803 0.9348827 0.835693 1.09512
[8225, 0.529573, 0.8437661, 8.257009, 0.6820539] 2.4213326 0.97235805 0.9511033 0.97540843
[8226, 0.59501505, 0.65126354, 5.49625, 0.40912074] 2.0497437 1.1806958 0.9749936 1.1269989
[8227, 0.53686297, 0.86655486, 7.059853, 0.41538808] 2.307031 1.2169082 0.9121414 1.0237359
[8228, 0.41708043, 1.0658529, 4.409762, 0.81636566] 2.7621202 1.016997 0.9507575 0.96042
[8229, 0.3925134, 1.0920995, 5.3306575, 0.52313036] 2.565604 0.94571286 0.9521266 1.145935
[8230, 0.4687471, 1.0433756, 5.4746537, 0.4985259] 2.6516695 0.968954 0.9093104 0.95772165
[8231, 0.44217008, 1.053179, 4.2211227, 0.5331676] 2.8112965 0.85057366 0.9067275 1.1426698
[8232, 0.64988935, 0.82102144, 7.6137395, 0.6710791] 2.4879165 0.9830384 0.79661554 1.0744543
[8233, 0.55561846, 0.984275, 3.6217053, 0.60886365] 2.9741077 1.061016 0.72370714 0.9331676
[8234, 0.5650042, 0.9008551, 8.751719, 0.89697015] 2.4676738 1.0168948 0.80801463 1.1490496
[8235, 0.5388952, 0.918787, 6.5826993, 0.47856185] 2.5652933 0.8797677 0.89890563 0.99072933
[8236, 0.44534808, 1.0573714, 4.809065, 0.5548938] 2.6333666 1.0039514 0.80648917 1.1888008
[8237, 0.5532924, 0.98199743, 5.4826226, 0.70695096] 2.7321491 1.0404755 0.8757965 0.92254245
[8238, 0.55392754, 0.8794559, 6.7527375, 0.6625044] 2.3430328 0.93788016 0.90568644 1.2774383
[8239, 0.5275163, 1.0019414, 3.5100086, 0.6673956] 2.8469286 1.099592 0.9529009 0.94423944
[8240, 0.45697078, 0.97198135, 7.1083937, 0.88739467] 2.408005 0.9221682 1.0020001 1.1369029
[8241, 0.5477066, 0.78936183, 6.730605, 0.7176329] 2.2893515 1.006575 0.96117294 1.1308075
[8242, 0.49390757, 1.0065398, 5.1579223, 0.59471905] 2.5821118 1.0638995 0.8811521 1.2501476
[8243, 0.4420118, 1.0592166, 4.219913, 0.47793165] 2.8189259 0.97336626 0.80505544 1.050628
[8244, 0.5423024, 0.9528691, 5.826551, 0.7556072] 2.5196288 0.8516889 0.97936124 1.0815159
[8245, 0.44856468, 1.0388228, 5.708529, 0.866215] 2.410151 1.0516901 0.9037977 1.2256609
[8246, 0.47855526, 1.0300729, 4.641887, 0.5653074] 2.6528041 1.1017817 0.8784611 0.98893327
[8247, 0.4708067, 1.0236667, 5.373552, 0.7373892] 2.6033719 0.9750342 0.84376526 1.1953259
[8248, 0.6091977, 0.8668028, 6.40132, 0.8280206] 2.4621294 0.9267916 0.8676316 1.1864789
[8249, 0.39293286, 0.7794616, 5.081562, 0.53788257] 2.3447783 0.93083256 1.0339702 0.85732263
[8250, 0.47582126, 0.94526297, 8.322322, 0.9299386] 2.529665 0.98687816 0.88483536 0.9236709
[8251, 0.63570845, 0.70731026, 5.484482, 0.59544843] 2.4349372 0.90611285 0.79754746 1.0527059
[8252, 0.49980402, 0.9904334, 4.3683424, 0.42116824] 2.8675308 0.95394474 0.8312074 1.0256164
[8253, 0.4556241, 1.0107479, 6.43652, 0.8311634] 2.5243738 1.0352956 0.93686557 0.9934146
[8254, 0.518942, 0.9989474, 5.0889473, 0.48390538] 2.6735122 0.9989713 0.8927883 0.95019567
[8255, 0.44468537, 1.0497372, 5.8149962, 0.7818202] 2.534817 1.1032225 0.95763195 0.936516
[8256, 0.48522905, 1.0319376, 4.0416055, 0.88073474] 2.868482 1.0427815 0.9015804 0.86163235
[8257, 0.3917439, 1.0770781, 4.8840084, 0.40649104] 2.6570153 0.9792077 0.96130174 0.97987634
[8258, 0.5427123, 0.998932, 3.8375974, 0.5438502] 2.8315618 0.9948267 0.90415776 0.98957086
[8259, 0.5346315, 0.98822236, 3.571375, 0.6716634] 2.9562235 0.9581803 0.84971845 1.0085814
[8260, 0.5386439, 0.96605533, 4.9142485, 0.47806022] 2.7087297 1.0364995 0.80795985 1.0207576
[8261, 0.52198964, 1.0167531, 3.9751687, 0.7404901] 2.91973 0.9998814 0.8828503 0.8474513
[8262, 0.55955493, 0.9927295, 3.7425716, 0.75161654] 2.8164482 0.98214966 0.9249469 1.1774286
[8263, 0.5178771, 0.9794615, 6.0519557, 0.6618324] 2.2960544 1.0658939 1.0016649 1.3862206
[8264, 0.56351715, 0.968498, 5.035632, 0.9806577] 2.5128818 1.064977 0.9097443 1.2035006
[8265, 0.49827394, 1.0000905, 4.3484454, 0.43174213] 2.6497133 0.92499787 0.88462734 1.2965828
[8266, 0.5225097, 1.019392, 4.1879067, 0.55826545] 2.7859368 0.9802024 0.7929724 1.212864
[8267, 0.5909987, 0.9537983, 3.9068575, 0.6825661] 2.847735 0.9167737 0.88349354 1.0972923
[8268, 0.57587516, 0.9434398, 5.8830347, 0.60584843] 2.677047 0.9755786 0.71635145 0.9989806
[8269, 0.51934916, 1.0253704, 3.546987, 0.73895866] 2.8756452 0.92468774 0.9746773 1.083205
[8270, 0.56452656, 0.81501865, 5.782415, 0.620439] 2.3558118 0.7975027 0.94212955 1.2419537
[8271, 0.5686514, 0.91740555, 6.236341, 0.8032823] 2.5297625 0.9849874 0.80791676 1.0894552
[8272, 0.61545825, 0.80955225, 7.5416217, 0.8926626] 2.4333098 0.8470138 0.8512806 1.2047269
[8273, 0.3998947, 1.008873, 6.57795, 0.9696564] 2.368907 0.9150199 1.0398662 1.1945348
[8274, 0.41404167, 1.0680482, 6.6473017, 0.64873385] 2.5736513 0.96536994 0.9622478 1.0115219
[8275, 0.55791676, 0.8463775, 8.304293, 0.75142354] 2.3973565 0.9436395 0.8343562 1.1677026
[8276, 0.482988, 1.0364637, 4.3488817, 0.48190144] 2.611039 1.021128 0.82684064 1.144066
[8277, 0.53895384, 0.87287366, 7.832541, 0.8586477] 2.3116417 0.8288039 0.9673976 1.3334103
[8278, 0.35213953, 1.1092085, 5.752114, 0.67241937] 2.5837054 0.9581665 0.92725223 1.028388
[8279, 0.45675874, 1.0480803, 5.42851, 0.59632576] 2.600181 0.90565175 0.8234742 1.1941152
[8280, 0.5007357, 0.9540098, 8.955818, 0.9777577] 2.5222852 0.9140551 0.7778564 1.0989236
[8281, 0.57863057, 0.8437423, 7.218289, 0.6466189] 2.41843 1.0045629 0.8579449 1.0576401
[8282, 0.45897305, 1.0477849, 5.1383104, 0.5628998] 2.6012945 1.0268033 1.0389247 1.0062019
[8283, 0.5458767, 0.9704238, 5.5446434, 0.6108786] 2.5274673 1.0273184 0.8835316 1.0770384
[8284, 0.55279726, 0.9667434, 5.3654776, 0.63442475] 2.5526319 0.9874377 0.9226289 1.1418916
[8285, 0.53932756, 0.8044936, 6.1227303, 0.7166261] 2.3843045 0.89813364 0.90021634 1.0757124
[8286, 0.49750918, 0.73981565, 4.4731917, 0.75757116] 2.3953133 0.8177529 0.8662254 1.0102189
[8287, 0.46914348, 0.8930855, 7.5328264, 0.94724816] 2.3109496 0.9733314 0.9816694 1.210233
[8288, 0.53368074, 0.9766846, 5.0840487, 0.5049645] 2.8059397 0.86572146 0.67618644 1.1071881
[8289, 0.4771212, 1.0280128, 4.278313, 0.5071484] 2.9679837 0.9068629 0.7025262 0.87043667
[8290, 0.49747142, 1.0121113, 4.5794907, 0.537389] 2.734314 0.9656845 0.96313685 1.0194465
[8291, 0.42767653, 0.85941106, 6.3229136, 0.86423105] 2.3493676 1.0534068 0.878723 1.0071833
[8292, 0.49592364, 0.9954059, 4.4524016, 0.6621858] 2.659748 1.0377126 0.9374352 1.1691172
[8293, 0.45464787, 0.92405707, 8.936192, 0.8240245] 2.3660557 0.91073513 0.90341336 1.233944
[8294, 0.3795547, 0.640651, 3.7928872, 0.49092826] 2.070331 0.9330653 0.9049255 1.2110376
[8295, 0.45421794, 1.0251796, 6.360977, 0.8582169] 2.542604 0.8776776 0.8865062 1.1928653
[8296, 0.55146724, 0.98918504, 5.1487923, 0.6735306] 2.7354145 1.0244865 0.855521 0.77785444
[8297, 0.5079321, 0.89835876, 7.7673254, 0.6485998] 2.4904597 0.8842309 0.8870523 1.0821496
[8298, 0.53749174, 0.9876474, 4.695373, 0.9755264] 2.64113 0.90791005 0.8346064 1.1027365
[8299, 0.46851656, 1.0332425, 4.3748527, 0.48754367] 2.8076236 1.0187147 0.87026167 0.9997862
[8300, 0.48681453, 0.99659294, 6.123173, 0.57909554] 2.472291 1.1381192 0.8770268 1.0443059
[8301, 0.4471282, 0.98874354, 6.0387454, 0.8298669] 2.4841406 0.9668314 0.912887 1.0821892
[8302, 0.46917674, 0.71054465, 4.588844, 0.64267445] 2.269721 0.93835205 0.7918665 1.0610579
[8303, 0.4525748, 1.0306532, 5.4483852, 0.6932221] 2.5526376 0.9400295 0.9469969 1.0786161
[8304, 0.59057134, 0.8738195, 7.1878896, 0.77389306] 2.5908396 0.9687941 0.6503972 1.0333089
[8305, 0.56477284, 0.80393636, 7.4546885, 0.56143373] 2.4879353 0.8450009 0.8138606 1.0438036
[8306, 0.5665021, 0.989003, 3.3669221, 0.80165297] 2.9461043 0.9268166 0.84996897 1.1638303
[8307, 0.42593747, 1.045385, 4.8593264, 0.5762864] 2.7578466 0.939214 0.6385614 1.1285745
[8308, 0.47189936, 1.0326936, 5.1597457, 0.5615122] 2.610102 0.96711445 0.7675468 1.2452335
[8309, 0.52011514, 1.0061151, 5.6615057, 0.64036304] 2.6793587 0.9412229 0.6697513 1.1546037
[8310, 0.5961835, 0.76716757, 6.033883, 0.45647058] 2.2305713 1.0276315 0.8588733 1.3250299
[8311, 0.5733226, 0.75163573, 6.5850625, 0.60940826] 2.2902236 0.91835135 0.91456765 1.1819588
[8312, 0.6467973, 0.544527, 4.3387256, 0.73204446] 2.1360064 0.96329266 1.0887531 0.8754326
[8313, 0.52671015, 0.9971553, 5.3217287, 0.55548346] 2.7222524 0.7302429 0.9537489 1.154002
[8314, 0.5084742, 0.8802294, 7.353511, 0.7564522] 2.40569 1.0405805 0.8839025 1.0511999
[8315, 0.35938123, 1.0459229, 5.8156853, 0.95008576] 2.580091 0.8182373 0.9259398 1.0618237
[8316, 0.5147955, 0.9882394, 3.7077577, 0.51450676] 2.818933 0.9545065 0.87481296 1.2001619
[8317, 0.20940338, 0.79420644, 5.0025935, 0.4068306] 2.1363862 0.9801562 1.0743877 1.0933554
[8318, 0.5545146, 0.8742586, 7.2508044, 0.58752126] 2.4619417 1.0783126 0.83140105 1.048936
[8319, 0.44880545, 0.990784, 6.622972, 0.55896866] 2.6123729 0.9520695 0.7491048 0.9692314
[8320, 0.58431256, 0.61977386, 4.3226027, 0.4484122] 2.155071 0.8903973 1.0032276 1.1737672
[8321, 0.4966962, 1.0335314, 4.7762346, 0.41246685] 2.6435306 1.0660602 0.8532536 1.0291202
[8322, 0.47628897, 1.0167387, 4.676184, 0.55053043] 2.6089966 1.0877783 0.87593246 1.2034463
[8323, 0.554128, 0.8210286, 7.0240006, 0.41901395] 2.3433607 0.9043738 0.82396126 1.2810575
[8324, 0.46199277, 0.9602383, 6.5807137, 0.66362566] 2.4344184 0.7372729 1.0123 1.1806514
[8325, 0.5069111, 1.0084296, 4.1584253, 0.7108874] 2.7505946 0.8707646 0.8709562 1.2789589
[8326, 0.47938132, 1.029974, 3.6571438, 0.6714973] 2.7251916 1.1128705 0.9220126 1.1875774
[8327, 0.4627519, 0.7108441, 4.7830606, 0.5908705] 2.4008505 0.73652893 0.7710853 1.10749
[8328, 0.39180848, 1.0569427, 5.7533135, 0.6450114] 2.4314983 1.0023806 1.017389 1.2719535
[8329, 0.40925848, 0.9892828, 8.259627, 0.699501] 2.4456348 0.9812755 0.9314365 1.0493876
[8330, 0.4931958, 0.9835964, 7.5247393, 0.7366059] 2.4586143 0.8340341 0.8483381 1.3293856
[8331, 0.5416985, 0.93545735, 6.2882, 0.6197411] 2.6830502 0.994933 0.70198745 0.90731484
[8332, 0.52071106, 0.9517717, 7.2096477, 0.69238055] 2.6074533 0.82304573 0.78940594 1.0982388
[8333, 0.43555608, 0.7174547, 4.6720543, 0.49320468] 2.3749757 0.97597647 0.86497974 0.77545375
[8334, 0.50299186, 0.99471414, 4.981548, 0.49904427] 2.7433648 0.8418107 0.8255847 1.2009739
[8335, 0.48530063, 1.0068818, 5.4728985, 0.5542072] 2.634818 1.0832237 0.8148515 1.0678445
[8336, 0.5102304, 0.8555645, 6.084758, 0.6644283] 2.406487 0.92363846 0.90028816 1.1273922
[8337, 0.46448472, 1.0301607, 5.363093, 0.68050486] 2.5552075 1.108995 0.82737666 1.0409242
[8338, 0.51145893, 1.0106624, 3.8306708, 0.8929729] 2.8374045 0.9267847 0.9364618 1.0559336
[8339, 0.37494934, 1.0761352, 4.720151, 0.47740388] 2.7289288 0.976606 0.8886019 1.1544805
[8340, 0.6018553, 0.9457943, 2.78113, 0.7681453] 3.1168456 1.0316687 0.8188323 1.0193226
[8341, 0.51146924, 1.021936, 5.6168113, 0.5772807] 2.6664152 0.95772934 0.87897646 1.0413221
[8342, 0.47672486, 1.0367244, 6.6616755, 0.8355238] 2.6026552 0.901677 0.837602 1.0753881
[8343, 0.40818974, 1.0264313, 6.3110466, 0.77245206] 2.4996016 0.99822307 0.95066196 1.066201
[8344, 0.4976042, 1.00482, 5.977826, 0.71243244] 2.5276577 0.863887 0.9981008 1.1457797
[8345, 0.46441758, 0.974212, 6.5642743, 0.6161684] 2.3807113 1.0512574 1.0228877 1.0338821
[8346, 0.52029926, 1.0054207, 4.5343666, 0.53232306] 2.7048142 1.0549483 0.83337563 1.1522789
[8347, 0.5305456, 0.9998149, 5.3106894, 0.56656975] 2.6913488 0.9616758 0.8044892 0.98461825
[8348, 0.4951934, 0.9378743, 6.508905, 0.8419174] 2.5659006 0.9201445 0.8538748 1.000946
[8349, 0.5407773, 0.98844665, 5.675147, 0.6779307] 2.424205 0.9357845 1.01683 1.3682739
[8350, 0.47032255, 0.8942212, 7.654259, 0.65988964] 2.3736408 0.9638186 0.8779618 1.1646926
[8351, 0.59959096, 0.93812007, 6.317688, 0.65459013] 2.4892564 1.079538 0.8156749 1.1809018
[8352, 0.5275027, 1.0468574, 5.626152, 0.7132832] 2.6996555 0.8548009 0.8188749 1.1389283
[8353, 0.49682155, 1.0349607, 2.8855124, 0.77952164] 3.0337975 1.0963306 0.76040107 1.0315838
[8354, 0.476939, 1.032324, 5.6266985, 0.8494397] 2.5038524 1.0140548 0.9660042 1.1267468
[8355, 0.38981476, 0.82322127, 6.218103, 0.4651848] 2.264877 0.9696233 0.92123246 1.128506
[8356, 0.59110266, 0.7916169, 6.683331, 0.8521144] 2.263383 1.109044 0.8880014 1.1251727
[8357, 0.60467166, 0.71544766, 5.4656706, 0.65721273] 2.3408475 0.8794922 1.0130962 0.9845397
[8358, 0.44826552, 1.0597556, 5.5587077, 0.51466876] 2.623697 1.1460103 0.84636307 1.0037885
[8359, 0.40179682, 1.0486422, 5.4896655, 0.6821144] 2.5186577 1.0121876 0.95839256 1.097731
[8360, 0.43329012, 1.0624716, 5.045089, 0.5539679] 2.7291694 0.917515 0.8704343 1.001123
[8361, 0.64369863, 0.57283676, 4.8030195, 0.66683835] 2.1778634 0.9655056 0.9174525 1.0969559
[8362, 0.5016992, 0.94203395, 6.2316127, 0.7542471] 2.3993654 1.1545892 0.9365313 0.99742067
[8363, 0.46846953, 1.0136614, 5.426247, 0.70869166] 2.7690434 0.9473316 0.75647557 1.0427831
[8364, 0.5055841, 1.0080065, 4.9240036, 0.5977147] 2.8390675 0.9899533 0.7028997 0.8984693
[8365, 0.5649512, 0.92013925, 6.717372, 0.853155] 2.4635236 1.027206 0.8671708 1.1009585
[8366, 0.4868606, 0.8736325, 7.6525106, 0.8565122] 2.268975 1.0069995 0.9148661 1.2549081
[8367, 0.50836825, 0.9540288, 7.728104, 0.7477814] 2.5192773 0.8287275 0.773447 1.2301141
[8368, 0.6235032, 0.64463276, 4.3998847, 0.74188036] 2.368703 0.9849405 0.7209485 0.9696866
[8369, 0.47099212, 1.0451863, 4.7510734, 0.47059104] 2.920222 0.9474593 0.7640473 0.9857514
[8370, 0.53744864, 0.95094645, 6.183326, 0.66491395] 2.636306 0.9422727 0.86002785 0.92306024
[8371, 0.46479777, 1.0223662, 6.038246, 0.7798768] 2.6945252 0.90451175 0.92286927 0.93789726
[8372, 0.5868014, 0.68563944, 4.900572, 0.5786105] 2.239856 1.0483453 0.80908656 1.0625628
[8373, 0.54637444, 0.78106636, 6.068293, 0.67738634] 2.2060077 0.9391711 1.011732 1.203798
[8374, 0.54681253, 0.8602288, 7.9350896, 0.8358982] 2.4714522 0.9301782 0.8095085 1.1115766
[8375, 0.42212486, 1.0337644, 5.3733525, 0.40965194] 2.408277 1.1163418 0.9655871 1.1193966
[8376, 0.43562907, 0.96673566, 7.3962255, 0.72647345] 2.4407578 1.0521401 0.8978697 1.038646
[8377, 0.57480943, 0.7040821, 5.7879243, 0.58566135] 2.362644 0.9833249 0.82927877 0.9731052
[8378, 0.58895475, 0.7496226, 5.804427, 0.51127744] 2.2999318 0.99859995 0.9029556 1.0774494
[8379, 0.5616433, 0.6666094, 4.5893035, 0.526594] 2.3115005 0.85471606 0.7878604 1.1059959
[8380, 0.5560496, 0.9904632, 5.2499146, 0.9395364] 2.6898525 0.8105147 0.94639266 1.0969288
[8381, 0.49438253, 1.0226232, 5.3010674, 0.5956913] 2.8111508 0.81856954 0.90829515 0.96921384
[8382, 0.5048035, 1.021745, 5.466919, 0.5435837] 2.6041582 0.96413267 0.8751413 1.2183868
[8383, 0.52735, 1.0091966, 3.8847616, 0.6356722] 2.8537252 0.96868455 0.8986461 1.0982131
[8384, 0.48014346, 0.9020049, 7.6738396, 0.68568635] 2.4896693 0.83507794 0.8249888 1.0934447
[8385, 0.3054917, 1.051376, 8.12392, 0.89751554] 2.4512594 0.93194264 0.9524923 1.0883232
[8386, 0.45867524, 1.0190705, 5.794604, 0.70629513] 2.549171 1.0363698 0.835758 1.1312437
[8387, 0.54696393, 0.91595936, 6.212553, 0.56605166] 2.4682136 0.91968316 0.855777 1.1526965
[8388, 0.57230985, 0.9681706, 4.59381, 0.4310681] 2.7740223 0.9465934 0.8402198 1.1649941
[8389, 0.5395421, 0.86732024, 9.685721, 0.5699432] 2.3849375 0.9832175 0.927812 1.0557395
[8390, 0.47308487, 1.0289894, 4.231319, 0.4752391] 2.6312158 1.0729948 0.9085639 1.1410633
[8391, 0.4571667, 0.9241627, 6.6461687, 0.82197523] 2.5006106 0.7972819 0.9304488 1.0823308
[8392, 0.51151264, 0.98810124, 4.9580994, 0.38109595] 2.543583 1.0415667 0.9045718 1.0771859
[8393, 0.50243443, 0.7694364, 5.824653, 0.75384563] 2.2615583 0.95709264 0.9966756 1.0653508
[8394, 0.43163353, 0.99480367, 7.7402797, 0.8723456] 2.5108294 0.9605571 0.84846145 1.1023446
[8395, 0.5276948, 0.8868019, 8.876273, 0.7717937] 2.4409811 0.96548057 0.8251335 1.1277341
[8396, 0.5700372, 0.9707459, 4.72434, 0.4408272] 2.6508472 0.9570987 0.69904345 1.1141306
[8397, 0.587657, 0.9936209, 4.73559, 0.5907425] 2.8913274 1.0330703 0.8694627 0.82043993
[8398, 0.5391392, 1.0195211, 2.5798025, 0.62950176] 3.0789926 0.9177912 0.83314025 1.1111118
[8399, 0.51111645, 0.98873335, 3.3473516, 0.49264503] 2.936998 1.034122 0.7594142 1.0891672
[8400, 0.4538094, 1.0416794, 4.911357, 0.54169726] 2.586662 1.0027031 0.8927284 1.0929061
[8401, 0.4652596, 1.0635663, 4.454594, 0.54356295] 2.7628534 0.9365329 0.9419953 1.0489627
[8402, 0.5292868, 0.7134365, 5.138151, 0.5631255] 2.3623064 0.89089364 0.8732751 1.0096616
[8403, 0.48587957, 1.0214958, 5.9922476, 0.7723698] 2.5649412 0.92001235 0.9411082 1.2571547
[8404, 0.3520799, 0.98780334, 7.9943933, 0.47744912] 2.5086358 0.93349344 0.76573837 1.0848941
[8405, 0.49456027, 1.0200739, 5.5268917, 0.47866437] 2.5364342 1.0236012 0.8961834 1.1236546
[8406, 0.535399, 1.0040841, 5.9025397, 0.63645595] 2.615979 0.8802436 0.8755006 1.0636035
[8407, 0.4436669, 1.0364035, 5.495039, 0.6371261] 2.6287935 1.0286624 0.8187557 1.1119272
[8408, 0.5702368, 0.9596891, 4.3817534, 0.48025584] 2.7038507 0.8705982 0.90290993 1.2684602
[8409, 0.60169536, 0.95233494, 3.8525395, 0.6852134] 2.8157911 0.9353032 0.85516953 1.2687403
[8410, 0.62500644, 0.9165591, 3.7603517, 0.64982766] 2.9577336 0.8806058 0.7031999 1.1755881
[8411, 0.576834, 0.9310276, 7.6413007, 0.92529374] 2.6046753 0.9035551 0.8457827 0.97789425
[8412, 0.56966025, 0.82840747, 6.320226, 0.83329326] 2.2811284 1.0658214 0.8748938 1.1864442
[8413, 0.4404476, 1.0456401, 6.5355325, 0.7120162] 2.5494025 0.9689998 0.8599542 1.0810608
[8414, 0.4913302, 0.9006008, 7.3155193, 0.8557207] 2.4920273 0.9934709 0.83754927 0.97168297
[8415, 0.50702024, 0.9863863, 6.338332, 0.7817134] 2.5822904 0.9417313 0.8252793 1.1109781
[8416, 0.5322293, 0.9978208, 4.4630175, 0.6312164] 2.762455 0.9546264 0.8124908 1.33732
[8417, 0.56201136, 0.9937349, 4.7515306, 0.56984603] 2.5424933 0.93752706 0.9423887 1.2748088
[8418, 0.46899083, 1.0248841, 5.0973086, 0.41591895] 2.7008955 1.0021677 0.73392236 1.1235744
[8419, 0.46633318, 1.0345812, 5.3044305, 0.5665435] 2.5998347 1.0706648 0.8651637 0.98746955
[8420, 0.39344814, 1.0829675, 4.533719, 0.5375838] 2.6232257 1.0156935 0.9162631 1.1165313
[8421, 0.5434991, 0.9410447, 6.733789, 0.5370203] 2.4631906 0.99191 0.90213984 1.1411783
[8422, 0.3864631, 0.99390584, 7.0156183, 0.8421997] 2.4823909 0.97799313 0.8369424 1.0631571
[8423, 0.53921056, 0.99055696, 4.903605, 0.54670364] 2.7007413 1.0470433 0.7984168 1.0574652
[8424, 0.5912354, 0.9282006, 3.8653772, 0.5111884] 2.639823 1.207953 0.8029928 1.1968302
[8425, 0.5239425, 1.0143027, 6.2337375, 0.6443859] 2.605347 0.9561278 0.87537116 1.010873
[8426, 0.49189857, 1.0475274, 5.1495023, 0.7234538] 2.8550296 0.87571824 0.81978 0.8137569
[8427, 0.5173007, 0.8991506, 6.804903, 0.560293] 2.3741615 1.1975396 0.88683057 0.99133766
[8428, 0.6205328, 0.7141056, 6.4549236, 0.7268897] 2.26045 1.0166345 0.8529205 1.1738855
[8429, 0.5942179, 0.9447787, 4.613448, 0.63578373] 2.7775025 0.99711156 0.9012426 1.0947723
[8430, 0.52381116, 0.96815914, 6.225804, 0.8894218] 2.3936675 1.043865 0.97492045 1.1809392
[8431, 0.5906809, 0.8950947, 6.7955317, 0.6021173] 2.4650974 0.8989782 0.7599846 1.3439872
[8432, 0.5681432, 0.897017, 6.271135, 0.6071179] 2.5109675 1.0564421 0.77943516 1.0888895
[8433, 0.5760806, 0.7688228, 6.1851015, 0.4275228] 2.0896661 1.2284921 1.0353878 1.1429962
[8434, 0.53446144, 0.8643588, 7.701138, 0.48836893] 2.2704835 1.1885644 0.8624509 1.1579875
[8435, 0.42971948, 0.9218698, 8.075259, 0.73680645] 2.4277196 0.9663265 0.90012 1.058605
[8436, 0.380287, 1.0118763, 7.0808415, 0.86478955] 2.5890315 0.9791997 0.8632434 0.89145315
[8437, 0.5301104, 0.950048, 6.6911073, 0.8361785] 2.448883 1.0601877 0.86700535 1.1588105
[8438, 0.52201664, 0.9484436, 6.7309275, 0.7574621] 2.6321442 0.8961927 0.83157104 0.94767094
[8439, 0.47449827, 1.001778, 5.7886477, 0.58635783] 2.645242 0.9289872 0.816374 0.9744594
[8440, 0.47085053, 1.030484, 4.34517, 0.58951145] 2.8777387 0.90534836 0.73126733 1.1558906
[8441, 0.51141244, 0.85911286, 7.1058865, 0.56325847] 2.4233842 0.94766587 0.82763445 1.1093289
[8442, 0.6779654, 0.73942995, 6.974948, 0.63493234] 2.409936 0.94855374 0.67443013 1.3535419
[8443, 0.5897948, 0.82562864, 7.3334227, 0.5491183] 2.2429962 1.0632778 0.96225417 1.2121608
[8444, 0.58014137, 0.95789784, 4.4364653, 0.88909054] 2.8526928 0.94800484 0.8321245 1.1006124
[8445, 0.50846124, 0.9895933, 4.8078403, 0.55290115] 2.7182899 0.9921189 0.8843112 0.9981122
[8446, 0.48008254, 0.62063575, 3.7274587, 0.45133528] 1.9838226 1.0040071 1.1743376 1.0717833
[8447, 0.5322275, 1.0062393, 5.048032, 0.43085745] 2.6176732 1.0216014 0.91526455 1.1578382
[8448, 0.51485217, 1.006286, 4.889799, 0.46430892] 2.6588252 0.95731914 0.9027646 1.0921738
[8449, 0.5008289, 1.0215076, 4.6729302, 0.4966131] 2.7799785 0.95476186 0.74436545 1.180524
[8450, 0.58648515, 0.9293882, 4.4365673, 0.5135592] 2.665767 0.8168579 0.91842175 1.2253455
[8451, 0.5717732, 1.0057935, 5.8273087, 0.5704508] 2.6943152 0.76962084 0.8197005 1.2082747
[8452, 0.545218, 0.96870464, 6.459572, 0.90746695] 2.5647373 0.94957095 0.798792 1.156963
[8453, 0.52340835, 0.92271763, 6.9219294, 0.5824637] 2.5105717 1.0386304 0.87420547 0.9360839
[8454, 0.4905106, 0.87656075, 6.3363595, 0.8351062] 2.4851928 0.9275808 0.97923416 0.87090844
[8455, 0.5216907, 0.8853731, 8.415895, 0.60131824] 2.2814574 1.0705645 0.8311784 1.3439448
[8456, 0.508026, 1.0214406, 3.7267482, 0.7267268] 2.8402815 1.0947912 0.8864052 0.9862309
[8457, 0.47527227, 1.0041095, 5.198343, 0.5924729] 2.5227997 1.0653932 0.9016281 1.0841436
[8458, 0.5806371, 0.7359131, 5.8095374, 0.669829] 2.1777961 1.1199334 0.9206168 1.1710821
[8459, 0.58927405, 0.80389035, 6.47955, 0.69077617] 2.5208054 0.9361119 0.81483424 0.9067161
[8460, 0.42112264, 1.0043477, 6.7829227, 0.8096655] 2.5303931 0.83791745 0.8503886 1.1004858
[8461, 0.4988517, 0.72431207, 4.7481303, 0.43139684] 2.043615 0.9975294 0.97200954 1.3916963
[8462, 0.49412265, 0.8957408, 6.9848394, 0.62003165] 2.5461068 0.8092892 0.880307 1.0931749
[8463, 0.569421, 0.7114197, 5.387932, 0.50531036] 2.417731 0.916666 0.83247507 1.0023853
[8464, 0.46195152, 1.0232701, 4.876625, 0.46155065] 2.676109 0.9700872 0.7708076 1.0621322
[8465, 0.48064113, 1.0351635, 3.0469177, 0.6565591] 2.9765987 0.8952629 0.9801214 1.151232
[8466, 0.5560558, 0.99126726, 3.4893653, 0.5835175] 3.0221264 1.115352 0.72737175 0.86808187
[8467, 0.5600785, 0.7742411, 6.0566006, 0.5418626] 2.4714653 0.84578645 0.8399061 1.0220054
[8468, 0.39472687, 1.0673329, 5.7093735, 0.562388] 2.5420318 1.1286994 0.9244698 1.0248201
[8469, 0.44153443, 0.6186692, 4.2187505, 0.5844667] 2.0005279 1.063558 0.9571386 1.1727633
[8470, 0.42079678, 1.0865622, 5.609516, 0.7083235] 2.6393006 1.1160346 0.865919 0.97734725
[8471, 0.51685125, 0.9710261, 8.458686, 0.7358057] 2.6104949 0.94192284 0.71270984 1.0689318
[8472, 0.36431083, 0.6201749, 3.3182993, 0.99523324] 2.0315495 0.9439272 1.0188104 1.0847869
[8473, 0.58095616, 0.93119484, 6.18353, 0.7199049] 2.5087368 0.89591503 0.9092022 1.2957034
[8474, 0.5000576, 1.0349078, 5.2834306, 0.57856786] 2.6978738 0.9433623 0.8654862 1.0203066
[8475, 0.53916836, 0.99139035, 4.5383334, 0.6015097] 2.7865312 0.97115016 0.78127736 1.1063443
[8476, 0.4738499, 1.0288593, 4.6906295, 0.72883904] 2.772309 0.91417515 0.8918979 1.11799
[8477, 0.62416327, 0.6775438, 6.3206363, 0.47089574] 2.2204828 1.1700165 0.9224639 1.0033551
[8478, 0.5747907, 0.9681316, 3.9049695, 0.5064712] 2.795896 0.85896516 0.8158518 1.2812135
[8479, 0.53760666, 0.9675419, 4.9859242, 0.5899004] 2.6023037 1.0550864 0.8413753 1.043437
[8480, 0.5095467, 1.0383486, 4.647445, 0.41739908] 2.6650877 1.0471053 0.8733346 1.2042081
[8481, 0.3962427, 1.0242232, 6.9327145, 0.83898556] 2.4315135 0.89219654 0.9451221 1.231757
[8482, 0.5794873, 0.7490115, 5.7150035, 0.51015335] 2.346942 1.0454628 0.85867035 0.9928394
[8483, 0.553066, 0.79097694, 7.4931316, 0.605187] 2.2229455 0.97797096 1.0347232 1.190623
[8484, 0.6994105, 0.4878697, 3.5426164, 0.705067] 2.1317 0.8744084 1.0847876 0.9673964
[8485, 0.47666156, 1.0493346, 6.590853, 0.694585] 2.589839 1.0578192 0.9889595 1.0460418
[8486, 0.5410608, 0.9968084, 4.150933, 0.770611] 2.8266678 0.88115424 0.86260104 1.110769
[8487, 0.5572422, 0.9866241, 5.602067, 0.778632] 2.4988751 0.8616107 0.9778092 1.2931199
[8488, 0.4209729, 1.0809035, 4.548346, 0.52745473] 2.733549 1.0293357 0.89601415 0.99886125
[8489, 0.5788296, 0.87023604, 6.2445927, 0.7363018] 2.5248628 0.81630397 0.80667216 1.1905887
[8490, 0.5001036, 0.94791114, 7.3740673, 0.51041] 2.4557502 0.95503974 0.8406844 1.1870918
[8491, 0.46035412, 0.9519954, 7.1957874, 0.67787206] 2.4305055 0.90204513 0.90327764 1.1638744
[8492, 0.52142924, 1.0188477, 4.4920044, 0.4864255] 2.6958406 1.037947 0.68747824 1.1641666
[8493, 0.43093517, 1.0577531, 4.6201344, 0.73899174] 2.690934 1.0798573 0.82888496 1.0489378
[8494, 0.5650887, 0.9974048, 4.2128954, 0.5333861] 2.8772757 0.98567384 0.846503 0.94372207
[8495, 0.45747438, 1.0454065, 6.013311, 0.7626499] 2.584672 0.99289197 0.8534035 1.050148
[8496, 0.53748065, 0.96377933, 5.777391, 0.4575622] 2.6323497 1.1199734 0.76093125 0.8619243
[8497, 0.53683317, 0.9918791, 5.6855555, 0.8180969] 2.6096058 1.0613452 0.8059318 0.9610632
[8498, 0.5538417, 0.97566056, 4.9263797, 0.6567799] 2.6140761 0.92732114 0.81521755 1.2369043
[8499, 0.6208262, 0.6433338, 4.419148, 0.6388972] 2.3403873 0.93550223 0.8523045 0.97223824
[8500, 0.41908836, 1.0130959, 6.492802, 0.9822297] 2.4529107 0.9737974 0.9606203 1.1195173
[8501, 0.5215553, 1.0210224, 4.802259, 0.5284566] 2.8531966 0.9063798 0.8595118 0.9211907
[8502, 0.54729986, 1.020612, 2.4733713, 0.6389494] 3.173715 0.8961889 0.79279846 1.2053572
[8503, 0.45028794, 1.052265, 5.677552, 0.8407446] 2.582792 1.0670592 0.91846275 1.0258361
[8504, 0.4631782, 1.0349275, 4.993968, 0.70905197] 2.5556252 0.93853176 0.8800584 1.1843063
[8505, 0.64204276, 0.88955915, 4.1017175, 0.40411472] 3.0044756 0.8811784 0.6989021 0.7847501
[8506, 0.57976323, 0.7718169, 6.8109303, 0.49952173] 2.1529942 0.94845223 1.0581563 1.36586
[8507, 0.5109661, 1.014772, 5.7794952, 0.5785209] 2.4496255 1.0448511 0.95449954 1.2408713
[8508, 0.3845268, 1.008875, 7.3206825, 0.8206211] 2.565955 0.8714716 0.82805246 1.0482492
[8509, 0.506371, 0.982543, 6.0000324, 0.63161516] 2.486362 0.98941714 0.9497715 1.1113667
[8510, 0.5227213, 1.0008558, 5.5072293, 0.5224514] 2.649111 0.91981155 0.9771741 1.1096828
[8511, 0.4006589, 1.0618429, 5.6558313, 0.48098823] 2.6255112 1.0296042 0.93474543 1.042245
[8512, 0.56607103, 0.9540213, 5.9484673, 0.6822539] 2.4773114 1.2027637 0.81701416 1.0322299
[8513, 0.6518899, 0.8861551, 4.480446, 0.5761377] 2.6568925 0.89987856 0.7039643 1.4051147
[8514, 0.52464634, 0.98716056, 6.562413, 0.7961383] 2.4277346 1.0167388 0.88411736 1.2262744
[8515, 0.5256404, 1.0047467, 4.7235813, 0.7253055] 2.6345425 0.91982275 0.8064706 1.2277774
[8516, 0.5969489, 0.6789956, 5.2803183, 0.7968461] 2.2625039 1.0979621 0.8903076 0.9689129
[8517, 0.63943505, 0.8341344, 6.0742073, 0.64826196] 2.4582822 1.0590632 0.77942705 1.1415378
[8518, 0.47894433, 0.9938739, 5.994545, 0.4417492] 2.5483227 0.9118577 1.0165516 0.9141498
[8519, 0.5025171, 1.0260295, 5.8167815, 0.55504644] 2.6743488 1.076068 0.8488418 0.9762298
[8520, 0.5234943, 0.88066137, 6.980324, 0.7481082] 2.410783 1.1175783 0.85861695 1.006236
[8521, 0.5303526, 0.716934, 4.642059, 0.7430837] 2.233699 0.9408175 0.89395833 1.1294731
[8522, 0.5075987, 1.0073607, 4.474945, 0.5784999] 2.7588573 0.954692 0.7475733 1.1256726
[8523, 0.5044665, 0.9174598, 6.8964076, 0.6831622] 2.4106016 1.1026962 0.8745229 1.1156664
[8524, 0.56443495, 0.9553372, 4.14604, 0.60703593] 2.8288202 1.017569 0.8259571 1.0133783
[8525, 0.48435038, 1.0594466, 4.2076235, 0.57337403] 2.8720853 1.0148017 0.9095892 0.85646564
[8526, 0.5405618, 0.9742708, 3.8242605, 0.6931445] 2.835667 1.0329474 0.89926684 1.1353136
[8527, 0.5604071, 0.90141267, 6.0810304, 0.58993465] 2.4022074 1.0233954 0.88741064 1.2226642
[8528, 0.5647887, 0.91374165, 5.812893, 0.77583236] 2.569749 0.9981459 0.9107772 0.936008
[8529, 0.53932655, 0.9498701, 6.9078727, 0.97233105] 2.7393787 0.81951445 0.8388597 0.7971348
[8530, 0.5176477, 0.84160125, 7.212556, 0.8340129] 2.4093919 0.88842326 0.85620934 1.1018126
[8531, 0.5836229, 0.96662563, 4.759821, 0.4408518] 2.7818482 1.1205051 0.76060975 1.0459714
[8532, 0.5200369, 0.7795143, 5.5003138, 0.41449922] 2.195633 1.0000823 0.9208737 1.2576941
[8533, 0.41933414, 1.0052531, 6.3470116, 0.6604536] 2.485069 0.81217074 0.93841785 1.2130075
[8534, 0.4932221, 1.0425963, 6.1681, 0.618529] 2.5713222 1.0182415 0.9253989 1.1285704
[8535, 0.44705227, 1.0677197, 5.060891, 0.5710463] 2.6408803 0.94465995 0.8591637 1.2016132
[8536, 0.44952413, 1.0554715, 4.8085084, 0.51998025] 2.6890697 0.87408495 0.82285905 1.1353718
[8537, 0.4630128, 1.0512937, 4.609695, 0.5057373] 2.7902 0.9838484 0.7547051 0.9200795
[8538, 0.4190112, 1.0581137, 5.4917483, 0.86081094] 2.6019087 0.9162533 0.8266078 1.1853169
[8539, 0.42725697, 0.6246249, 4.212565, 0.8119432] 2.0064263 0.98206234 0.91570795 1.1465687
[8540, 0.5192809, 0.8142888, 7.545675, 0.79389334] 2.377137 0.93408126 0.7618593 1.2405499
[8541, 0.46039212, 1.0623788, 5.094464, 0.46590087] 2.6413772 1.0814847 0.9203453 0.99302524
[8542, 0.6280328, 0.91605157, 4.089313, 0.32055533] 2.8778312 0.99194336 0.70742977 0.9027684
[8543, 0.49010602, 0.8224797, 7.188565, 0.5895008] 2.3540642 0.96752393 0.9320141 1.0385015
[8544, 0.49505907, 1.008819, 4.859333, 0.5857204] 2.4628189 1.1280988 0.8882022 1.1877632
[8545, 0.5732452, 0.8328171, 6.2363296, 0.48360607] 2.5115163 1.0402795 0.6149001 1.1023985
[8546, 0.4503114, 1.0258216, 5.6620884, 0.5346084] 2.6015975 1.0074128 0.8777962 1.0826273
[8547, 0.50563276, 0.9863274, 6.1812124, 0.7074045] 2.5670764 0.9047211 0.88031995 1.1366787
[8548, 0.5382701, 0.9943315, 4.3254647, 0.4909335] 2.7905703 0.8628047 0.87239045 1.1349858
[8549, 0.54105794, 0.9950911, 5.0956774, 0.50412697] 2.5771716 0.9531163 0.8764422 1.1928749
[8550, 0.57355785, 0.9546848, 5.2739058, 0.68516546] 2.6650748 0.9655095 0.9336432 1.1111428
[8551, 0.47909278, 0.9920117, 5.1487284, 0.66181076] 2.5948505 1.0168561 0.78353244 1.1176476
[8552, 0.46772557, 0.9980606, 5.2514286, 0.5710579] 2.4998724 1.067802 0.851853 1.0353814
[8553, 0.58350927, 0.8304831, 7.1273785, 0.6708739] 2.4258497 0.92592996 0.93470395 1.1174853
[8554, 0.5242285, 0.91649204, 8.081422, 0.8887982] 2.5602415 0.8756789 0.9174374 0.89546806
[8555, 0.5231441, 1.0429788, 4.4618945, 0.54336494] 2.7667882 0.89974993 0.9917192 1.0821545
[8556, 0.5096596, 0.97570413, 6.2956834, 0.93328446] 2.366259 1.0739652 1.0216777 1.148578
[8557, 0.4508627, 1.0443223, 5.4843397, 0.7360755] 2.551356 1.0716412 0.8833063 1.0647779
[8558, 0.3306154, 1.0997868, 5.08401, 0.49964958] 2.66762 0.97122484 0.86049354 1.124706
[8559, 0.44007495, 0.8734825, 6.0810266, 0.8858307] 2.3589172 0.95159143 0.97166467 1.0613235
[8560, 0.5334747, 0.98081315, 6.0285854, 0.529833] 2.3850775 1.0583394 0.9095859 1.2651917
[8561, 0.53217125, 0.87128854, 8.113144, 0.92363906] 2.4060457 1.0011777 0.85352033 1.1112643
[8562, 0.44444788, 1.0155783, 6.1752114, 0.7434318] 2.5245085 0.99970526 0.9744777 1.0377959
[8563, 0.4682297, 1.020807, 4.878493, 0.65508616] 2.57755 0.97330993 0.8576585 1.0983698
[8564, 0.52069193, 0.85559916, 6.8429823, 0.714905] 2.4242623 0.9479208 0.93216336 1.0239015
[8565, 0.508481, 0.99649155, 6.2787995, 0.7702312] 2.5880568 0.99869233 0.78250146 1.07744
[8566, 0.49236193, 0.9927571, 4.3428426, 0.31175968] 2.568497 1.2192444 0.8368687 1.0626765
[8567, 0.5030038, 0.93783253, 5.048444, 0.59278876] 2.4770215 0.9554613 0.92537194 1.102131
[8568, 0.49149024, 0.86928266, 6.7629256, 0.6859709] 2.3882003 1.0433811 0.98993826 0.9437408
[8569, 0.48079205, 1.0194823, 6.1626644, 0.8859874] 2.573492 0.8739774 0.98563695 1.0837477
[8570, 0.603825, 0.8397918, 7.51065, 0.79808766] 2.4681363 0.88195705 0.8548736 1.198511
[8571, 0.45540658, 1.0211945, 3.89394, 0.5975098] 2.737029 0.95926285 0.9182011 1.1572398
[8572, 0.6039352, 0.9518898, 5.305639, 0.51396084] 2.498946 1.0811883 1.0156118 1.1556069
[8573, 0.54965085, 0.9515829, 5.4328218, 0.8366358] 2.6156354 0.8915465 0.8320527 1.1746616
[8574, 0.48863676, 1.0483676, 5.6721144, 0.5860121] 2.6594343 1.0324188 0.882783 0.97019464
[8575, 0.455536, 1.0373819, 6.629738, 0.82192504] 2.500972 0.9650286 0.9844115 1.0314399
[8576, 0.50144166, 0.98384655, 3.7322934, 0.6997731] 2.8065994 1.2021141 0.89751524 0.90846026
[8577, 0.5800338, 0.7763856, 6.242113, 0.9716322] 2.4166317 1.0360777 0.8656098 0.927741
[8578, 0.5410057, 0.98769826, 4.4500847, 0.56728655] 2.8214943 0.8716906 0.76931757 1.1514213
[8579, 0.53937846, 0.81702936, 7.984724, 0.5732731] 2.1987967 1.0702039 1.0028969 1.183078
[8580, 0.5230568, 0.820081, 6.2086296, 0.49859014] 2.4255157 0.94546384 0.83371836 1.0907522
[8581, 0.43413332, 1.0246919, 5.7998695, 0.9137904] 2.530322 1.0408516 0.93480015 0.9457801
[8582, 0.46497703, 0.97512275, 7.026891, 0.7467057] 2.5113971 0.9538112 0.8468819 1.0967807
[8583, 0.38697666, 1.1011629, 4.042641, 0.4739485] 2.7465515 0.9220784 0.8033482 1.2219397
[8584, 0.44758064, 0.98436, 6.831108, 0.67425644] 2.395652 0.972622 0.89226407 1.2286321
[8585, 0.46994022, 1.0260463, 5.8447022, 0.614755] 2.7669454 0.8090953 0.933354 1.0220346
[8586, 0.56921875, 0.9869835, 4.662112, 0.4464492] 2.688832 0.89430046 0.8881003 1.2277352
[8587, 0.5087128, 0.82692903, 6.585904, 0.48373345] 2.3440814 1.1662903 0.85137284 0.9808658
[8588, 0.49331498, 0.99481213, 4.7692356, 0.3457872] 2.7232673 0.952104 0.74948364 1.1868058
[8589, 0.53640693, 0.78942114, 6.107346, 0.89770585] 2.3227813 0.90329915 0.8263755 1.2562113
[8590, 0.50625247, 0.85135186, 8.037706, 0.6128888] 2.335776 0.8582502 0.9750186 1.1849228
[8591, 0.48205006, 1.0180802, 5.130418, 0.5382803] 2.5939229 1.0515763 0.91003907 1.0867758
[8592, 0.457257, 0.7257157, 4.826478, 0.5117502] 2.3543384 0.93336976 0.8436119 0.9479716
[8593, 0.5651425, 0.9832543, 5.0432315, 0.62777114] 2.6859152 0.9410715 0.8448595 0.9653183
[8594, 0.4505919, 0.9647403, 6.8079195, 0.6246359] 2.5210125 1.0223738 0.9133599 0.86910665
[8595, 0.55176604, 0.9383646, 6.590566, 0.8417994] 2.4977262 0.9558219 0.9251108 1.0717671
[8596, 0.4196504, 1.0639048, 5.7397785, 0.75974727] 2.4901266 1.0743827 0.9368128 1.0264688
[8597, 0.52202785, 1.0418215, 4.277356, 0.5775643] 2.694311 1.0920454 0.84329593 1.20693
[8598, 0.47665983, 1.0742064, 5.9141183, 0.58156884] 2.6778333 0.9469724 0.9836711 0.87154406
[8599, 0.5449564, 0.9539224, 6.814547, 0.796973] 2.4702678 1.0507245 0.8645624 1.0940276
[8600, 0.5386577, 0.9345524, 7.816082, 0.9778755] 2.3534982 0.9996262 0.91791815 1.2517931
[8601, 0.5474828, 0.94863594, 5.739564, 0.6015484] 2.4867773 1.1368396 0.8519475 1.0126902
[8602, 0.56709635, 0.94478655, 4.277508, 0.7027453] 2.6077666 0.94007117 1.0056428 1.2318902
[8603, 0.5214683, 0.9512734, 6.230275, 0.5877333] 2.548607 0.9801067 0.88121915 1.0096419
[8604, 0.5032116, 0.92979014, 7.2985754, 0.87750995] 2.467638 0.9532063 0.88989997 1.0745573
[8605, 0.46854725, 1.0353382, 4.4728637, 0.9320015] 2.7276134 0.94020766 1.0480716 1.0747813
[8606, 0.4424516, 1.0616281, 5.7026596, 0.945215] 2.688792 0.8660293 0.8404467 0.99436444
[8607, 0.50805813, 0.9778102, 6.7959995, 0.8209735] 2.5968595 0.9879312 0.9894618 0.82264006
[8608, 0.44917694, 0.9502109, 7.344184, 0.50658524] 2.420554 1.0155733 0.81341004 1.1784201
[8609, 0.5680509, 0.78125286, 6.8372297, 0.4712872] 2.2040176 1.056217 1.0252217 1.1842148
[8610, 0.50950724, 0.9875855, 5.596861, 0.573241] 2.60386 1.0547299 0.85864025 0.9152499
[8611, 0.5430712, 0.9769202, 3.8448904, 0.48817983] 2.814064 0.95868987 0.94710463 1.0352364
[8612, 0.49839076, 1.0107294, 7.1116085, 0.8771593] 2.6563783 0.83471555 0.86560243 0.9996608
[8613, 0.5254115, 0.97907233, 4.099443, 0.52801585] 2.8390167 1.0886692 0.784536 0.9033149
[8614, 0.50909984, 1.0071698, 5.037822, 0.55241483] 2.8305984 0.89943266 0.7488702 1.020436
[8615, 0.52666277, 1.0006391, 5.3221364, 0.50832355] 2.631129 0.98415554 1.0235409 1.0723182
[8616, 0.5408216, 0.9907458, 4.705194, 0.48874724] 2.6901946 1.0347812 0.7943832 1.0178245
[8617, 0.5416498, 0.82311535, 6.909939, 0.83841664] 2.2707844 0.94797266 0.87464905 1.3287023
[8618, 0.47765496, 0.86206335, 7.2194157, 0.8869522] 2.4339943 0.94233733 0.87535024 1.0092118
[8619, 0.56321204, 0.95369476, 6.848723, 0.7365118] 2.6452503 0.9009366 0.8736853 0.9639202
[8620, 0.5306169, 0.9825959, 5.065707, 0.6037895] 2.685824 0.89692044 0.8920727 1.1134137
[8621, 0.4241453, 1.061754, 5.1577616, 0.36123148] 2.85334 0.8947299 0.63278633 0.96801984
[8622, 0.29764768, 1.1026547, 6.360129, 0.81965846] 2.4997513 0.8836013 1.0956117 1.0646894
[8623, 0.41104186, 1.0034115, 6.8365107, 0.65853786] 2.498765 0.8673626 0.8844109 1.1266272
[8624, 0.51353055, 0.88635933, 5.8775215, 0.61044794] 2.4295464 1.021425 0.9119242 1.0496112
[8625, 0.57728255, 0.6450973, 5.3930764, 0.34943655] 2.1035542 0.9576499 0.9620581 1.2558863
[8626, 0.50008786, 0.75518787, 5.9074483, 0.5900666] 2.2511609 0.9784703 0.860835 1.1134815
[8627, 0.5255268, 0.99739486, 5.980775, 0.69030774] 2.5265143 0.9800201 0.8363187 1.1740373
[8628, 0.48113155, 0.9311147, 9.08284, 0.9758831] 2.4022367 0.944901 0.8317933 1.234449
[8629, 0.5576724, 0.9443617, 4.421377, 0.3811861] 2.7473924 0.85241663 0.7347544 1.1871802
[8630, 0.51672477, 1.0055256, 4.175269, 0.59030473] 2.7260954 1.0092642 0.8464913 1.1693665
[8631, 0.517051, 1.0058908, 5.909266, 0.6704453] 2.6272123 0.8852751 0.7847804 1.1920607
[8632, 0.48646665, 0.99087596, 5.410478, 0.9276548] 2.4278107 1.0662808 0.9595421 1.1381414
[8633, 0.47334594, 0.9613989, 6.744311, 0.59541756] 2.5602353 0.9574851 0.8220207 1.0380019
[8634, 0.47781506, 1.0432787, 5.4995656, 0.7204757] 2.589163 1.0232819 0.8499817 1.1925106
[8635, 0.64657456, 0.8525899, 5.4246335, 0.42054832] 2.4126308 1.1054372 0.8576199 1.2461014
[8636, 0.5132989, 1.0050231, 6.1706705, 0.7413439] 2.5985448 1.021672 0.85824615 0.9642501
[8637, 0.5410152, 0.9539901, 6.1232433, 0.75734794] 2.503468 0.974839 0.8575899 1.1644715
[8638, 0.36203352, 0.7736583, 5.5465627, 0.5112351] 2.184801 0.9959424 0.963857 1.1408726
[8639, 0.50535154, 1.0190055, 4.334769, 0.5981237] 2.787754 0.98125505 0.8462596 1.1566509
[8640, 0.6095988, 0.67206746, 5.4382954, 0.5859827] 2.158266 1.0282414 0.9282196 1.2274652
[8641, 0.569134, 0.95795256, 4.0424867, 0.5081114] 2.8264885 0.8365267 0.8021014 1.2393006
[8642, 0.46329704, 1.0214494, 5.0466924, 0.4501089] 2.479827 1.0069461 0.82617146 1.1860816
[8643, 0.49003625, 1.0033152, 4.804717, 0.4087397] 2.6224062 1.0157822 0.90596306 1.1803255
[8644, 0.5247667, 0.98557293, 5.232179, 0.618549] 2.5630524 1.0196986 0.79705334 1.1739327
[8645, 0.4108616, 1.0698425, 5.3375807, 0.5286801] 2.7392302 0.9025366 0.8463794 0.97637683
[8646, 0.4673188, 1.0088147, 3.734099, 0.6276164] 2.8763652 0.86311066 0.7713897 1.1442275
[8647, 0.5243032, 0.890397, 7.7979803, 0.9243904] 2.4777856 1.0690157 0.8588297 0.94676775
[8648, 0.52392316, 0.9936966, 3.9437702, 0.82004386] 2.8222404 0.95395756 0.93327194 1.094355
[8649, 0.43113217, 1.0683905, 4.8206925, 0.5291617] 2.8233545 0.95915353 0.8623742 0.9499758
[8650, 0.56820357, 0.7562337, 5.9865017, 0.39857367] 2.2785153 0.9913815 0.93733126 1.077684
[8651, 0.4550623, 1.0070575, 5.996346, 0.41308928] 2.4893491 1.0096122 0.88965535 1.0978352
[8652, 0.5576851, 0.8752557, 7.3685284, 0.6771545] 2.4218783 1.0075096 0.9748453 1.0321789
[8653, 0.52999145, 0.89531106, 7.116355, 0.8722488] 2.4454434 1.0192734 0.8444095 1.0939914
[8654, 0.4704201, 1.0164661, 4.4400573, 0.4176335] 2.6882699 0.9200975 0.8835502 1.1596576
[8655, 0.51971656, 0.99723315, 4.892706, 0.5671432] 2.6180477 1.0085605 0.8358825 1.1853672
[8656, 0.4946979, 0.8969371, 6.70572, 0.6571833] 2.631667 0.84409493 0.89022434 0.7990457
[8657, 0.49270102, 0.9782397, 6.8454256, 0.75866693] 2.5241845 0.93329364 0.85852456 1.1156844
[8658, 0.5165057, 0.9994733, 4.5124784, 0.4895962] 2.6691644 1.0187417 0.8401343 1.2591387
[8659, 0.48661527, 1.0177945, 5.777545, 0.83867836] 2.5551295 0.9954654 0.9040163 1.0898998
[8660, 0.59107715, 0.71984285, 5.8505087, 0.4142793] 2.3289146 0.83568084 0.8849607 1.1587201
[8661, 0.53125346, 0.99727476, 3.114307, 0.62226593] 3.1026795 0.92447275 0.77398854 1.0290898
[8662, 0.48292398, 1.0446339, 5.5856047, 0.85794896] 2.52629 1.0964546 0.8213927 1.0957245
[8663, 0.5517531, 0.9948818, 3.399517, 0.97265506] 2.8877048 0.97976243 0.8145023 1.225648
[8664, 0.47572067, 0.83606833, 5.739074, 0.6498044] 2.3865824 0.77713376 0.93164796 1.1701262
[8665, 0.5388183, 0.8800996, 6.9656596, 0.3845788] 2.3591444 1.1225919 0.8117192 1.1467512
[8666, 0.5362453, 0.97345227, 4.5087585, 0.41906834] 2.938003 1.0025021 0.6463032 0.9602264
[8667, 0.38920483, 1.0759312, 4.9620852, 0.5276761] 2.765748 1.0322891 0.75918925 1.0382286
[8668, 0.5200974, 1.0167509, 4.689536, 0.60329866] 2.6334207 1.0218271 0.81398517 1.245174
[8669, 0.5342037, 0.7604593, 7.808991, 0.43863502] 2.366606 1.0106221 0.8242947 1.0549024
[8670, 0.5865344, 0.8492311, 7.2701163, 0.7478798] 2.5350723 0.89414746 0.7782261 1.0449526
[8671, 0.57687664, 0.9658336, 4.9833674, 0.39095724] 2.7711625 1.0525368 0.8359888 0.95537853
[8672, 0.48540217, 0.55031383, 3.7415628, 0.733394] 2.0668707 0.96372825 0.84601086 1.0748557
[8673, 0.41357306, 1.0513544, 6.737716, 0.6870067] 2.5892115 0.940691 0.9030205 0.99932975
[8674, 0.52739453, 0.98573613, 4.6747336, 0.61156857] 2.8602746 0.91581374 0.80508155 0.8982956
[8675, 0.4073035, 1.0902728, 3.8083942, 0.6565982] 2.7708223 0.9471078 0.81028676 1.383226
[8676, 0.35603422, 0.6717382, 4.4871364, 0.61920816] 2.1944141 0.8398884 0.9316666 1.0443344
[8677, 0.5541828, 0.9654743, 5.3549037, 0.5063152] 2.5683527 0.9049511 0.8219775 1.1407102
[8678, 0.51274365, 1.0047452, 5.743193, 0.7553961] 2.5686972 1.100915 0.8572551 1.0156173
[8679, 0.68557334, 0.6732235, 6.9445024, 0.57699525] 2.3549268 0.91584045 0.9321205 1.0864893
[8680, 0.4089443, 0.64767724, 4.4555917, 0.8279412] 2.19455 0.9411129 0.8039735 1.0484216
[8681, 0.54124427, 0.99952304, 4.8635015, 0.49955505] 2.5722356 1.053104 0.97055525 1.2582334
[8682, 0.4466748, 0.9552601, 7.2005386, 0.690189] 2.381994 1.02651 0.9519103 1.0869442
[8683, 0.5161136, 0.77335995, 5.6974316, 0.8725076] 2.4259794 0.81663144 0.89489526 1.0405743
[8684, 0.5311504, 0.97463477, 6.498944, 0.55922747] 2.5226455 0.9057072 0.8647811 1.1679283
[8685, 0.508358, 0.92464644, 6.636745, 0.57611924] 2.6079874 0.7859115 0.8789889 1.0183333
[8686, 0.50468904, 0.91624343, 7.5923233, 0.9010317] 2.3224385 1.0665729 1.025753 1.1625112
[8687, 0.5578051, 0.8983691, 7.407378, 0.88999003] 2.4880197 0.9298974 0.8300359 1.1425194
[8688, 0.40205303, 1.0528951, 6.2926593, 0.65166247] 2.6231518 0.7508824 0.8744289 1.1570588
[8689, 0.43244046, 1.0325395, 7.283108, 0.9431344] 2.5491633 0.83128023 1.0297704 1.073928
[8690, 0.3688192, 1.0847518, 6.341478, 0.7423955] 2.4875903 1.0051492 0.9836341 1.132082
[8691, 0.5006225, 0.97388595, 5.8536487, 0.66347116] 2.4753478 0.8932059 0.8820456 1.2369124
[8692, 0.5777725, 0.9410791, 6.6018133, 0.6450491] 2.4779603 0.9893971 0.8749737 1.1677657
[8693, 0.53320885, 0.98953444, 4.567117, 0.4595951] 2.814723 1.0379622 0.8155906 0.90287995
[8694, 0.5180901, 1.0156257, 5.419378, 0.6756396] 2.7274835 0.90722024 0.8289017 0.9322201
[8695, 0.5170322, 0.8780015, 8.417565, 0.9142893] 2.483042 0.84702283 0.9777306 1.0291601
[8696, 0.3972032, 1.043503, 5.3366528, 0.9480686] 2.385607 0.9468082 0.9723593 1.2887925
[8697, 0.47540775, 1.017526, 5.7032094, 0.6226755] 2.5500307 1.0182561 0.81175214 1.1113428
[8698, 0.48989493, 0.9580724, 6.587867, 0.9192003] 2.563025 0.84349304 0.911298 1.0365291
[8699, 0.58190304, 0.82562184, 6.6866636, 0.50131327] 2.2991126 1.2142612 0.9291323 0.9659916
[8700, 0.49142376, 0.9939083, 7.397401, 0.6197992] 2.5852242 0.96095896 0.8790409 0.96204257
[8701, 0.55911326, 0.84367007, 7.525684, 0.7752117] 2.4617097 0.8584134 0.8330971 1.1185464
[8702, 0.47612143, 0.6281874, 3.7418435, 0.5990959] 2.1517515 1.0046 0.90493125 0.939468
[8703, 0.49144882, 0.9924677, 6.7286816, 0.69498086] 2.6111178 0.9563662 0.73924387 1.0029602
[8704, 0.49663967, 0.91792965, 6.7189813, 0.7666949] 2.5671897 0.9300346 0.80565685 0.9908284
[8705, 0.47832364, 1.0174893, 4.257612, 0.5838208] 2.7491193 1.0536623 0.87874454 1.1001765
[8706, 0.63617283, 0.6526637, 6.667401, 0.58825666] 2.2980216 1.1240784 0.7924539 0.95939106
[8707, 0.5017331, 0.99479187, 4.995313, 0.53558105] 2.6527224 0.9112749 0.91391677 1.0164936
[8708, 0.56381446, 0.83049005, 7.0895433, 0.9214673] 2.4618807 0.94370925 0.9729979 0.92194355
[8709, 0.52930844, 0.898885, 7.956927, 0.5963194] 2.3677979 0.9768825 0.8853258 1.2158915
[8710, 0.6242218, 0.902608, 5.4783154, 0.7982753] 2.398387 1.1211566 0.88082063 1.2415864
[8711, 0.6831458, 0.83449584, 6.522714, 0.7230155] 2.4611988 0.97295564 0.7887083 1.2282178
[8712, 0.52520084, 0.9940192, 5.806025, 0.7720766] 2.5581288 0.9137038 0.8234177 1.1459981
[8713, 0.5763446, 0.96685916, 4.6730204, 0.7307721] 2.8297765 0.9327702 0.8351254 0.8557211
[8714, 0.5874249, 0.9524232, 5.7374997, 0.5890975] 2.532921 1.0202919 0.8546782 1.1804304
[8715, 0.56220734, 0.7198101, 5.434032, 0.5604075] 2.406305 0.9202999 0.82760733 0.9701744
[8716, 0.5073676, 0.7679178, 5.865778, 0.40662608] 2.4458756 0.9716385 0.90950954 0.81093335
[8717, 0.55093896, 0.9998336, 3.090612, 0.7547498] 2.9174306 1.0194528 0.8204507 1.2659091
[8718, 0.5526758, 0.9614568, 5.51347, 0.56265384] 2.6832588 0.9616615 0.7640199 0.97580075
[8719, 0.47997436, 1.0219778, 4.890044, 0.728034] 2.669774 0.911996 0.89604825 1.1145473
[8720, 0.43321133, 0.9607076, 6.2374854, 0.8787487] 2.4279976 1.0768242 0.8410712 1.0620438
[8721, 0.46896836, 0.98011243, 7.8254743, 0.58082414] 2.3745787 1.1421102 0.8184318 1.1280476
[8722, 0.5061056, 1.0160418, 5.6533666, 0.72433513] 2.6144152 0.8324475 0.9784315 1.0681334
[8723, 0.5769952, 0.80368245, 6.9822226, 0.7876406] 2.3693461 0.95487136 0.9625902 1.0443443
[8724, 0.5565165, 0.86178344, 7.336441, 0.60918677] 2.4947686 1.0297791 0.7694606 1.0323544
[8725, 0.47454396, 1.043564, 4.0453925, 0.55829924] 2.8511605 0.9050546 0.86077905 1.2111478
[8726, 0.49210733, 1.0129076, 4.185318, 0.44461405] 2.810284 0.9637419 0.7554021 1.1017559
[8727, 0.51946765, 0.7691227, 5.032515, 0.64701533] 2.180014 1.0353308 0.892896 1.2705647
[8728, 0.6306417, 0.71277094, 5.3284745, 0.53812623] 2.336844 0.88720113 0.8765012 1.141401
[8729, 0.53079736, 1.0095809, 3.6053567, 0.7379795] 3.0002792 1.0062089 0.8217136 0.9322116
[8730, 0.41682094, 1.0613797, 4.761988, 0.5201496] 2.6466937 1.0467991 0.98796153 1.0750552
[8731, 0.5233156, 1.0099288, 4.912551, 0.7387653] 2.6437945 0.90324533 1.032109 1.117336
[8732, 0.50878966, 0.8477114, 7.1578298, 0.88335425] 2.4840329 1.0332726 0.7929639 0.94983494
[8733, 0.4695736, 1.009269, 5.208312, 0.43980053] 2.8043313 0.8575209 0.7700499 1.0686518
[8734, 0.64418566, 0.789582, 7.0104246, 0.44791585] 2.4729776 1.0160621 0.71519977 1.0626574
[8735, 0.51866215, 0.9220405, 7.3939924, 0.7475596] 2.456549 0.96213204 0.8849364 1.1334192
[8736, 0.5829972, 0.75366, 6.986438, 0.5938204] 2.3560548 0.94884735 0.86242366 1.0560765
[8737, 0.46124786, 1.0455176, 5.721913, 0.5115634] 2.566534 0.9054658 0.8617976 1.2330446
[8738, 0.49265584, 0.97875065, 6.479598, 0.7813964] 2.499567 1.0584537 0.81968045 1.0703542
[8739, 0.43713093, 1.0681708, 5.6498885, 0.59864825] 2.5696898 0.9875351 0.97822523 1.095609
[8740, 0.5848401, 0.89129204, 8.135418, 0.6503646] 2.3734777 0.96589625 1.0428004 1.1092876
[8741, 0.5344068, 0.81639606, 7.3457036, 0.65784216] 2.2950437 1.0977564 0.8568297 1.0928035
[8742, 0.5710182, 0.76671743, 6.964605, 0.43534195] 2.3643858 0.8981631 0.9249698 1.1240195
[8743, 0.48857954, 1.0149078, 5.5572176, 0.53885746] 2.5719333 1.0021266 0.8957534 1.1951634
[8744, 0.44923747, 1.0482523, 3.7627451, 0.73852426] 2.836288 0.9406463 0.94181144 1.1018018
[8745, 0.5244962, 0.6075438, 3.9471548, 0.7547584] 2.21638 0.8757203 0.92118007 0.9905803
[8746, 0.46646369, 1.0308582, 5.3519125, 0.58065224] 2.703812 1.0643673 0.63458794 1.0867479
[8747, 0.56351835, 0.8479454, 8.174678, 0.64157456] 2.4109187 0.803751 0.87873894 1.2147077
[8748, 0.5688894, 0.7010312, 5.225882, 0.3868865] 2.2654905 1.0001705 0.878224 1.1481293
[8749, 0.42417717, 1.0315431, 6.7940664, 0.49711224] 2.552748 0.9062348 1.0047487 0.95206994
[8750, 0.45209745, 1.0183887, 5.9228296, 0.57195777] 2.6505976 0.8466659 0.9123752 1.0549742
[8751, 0.6686156, 0.8671116, 4.6687703, 0.41955802] 2.83202 0.94968396 0.6026537 1.1274076
[8752, 0.5196547, 1.0228052, 6.465415, 0.73380256] 2.5635214 0.8947445 0.7800558 1.2662152
[8753, 0.4915951, 0.98770607, 5.5214725, 0.62175214] 2.5908854 0.99553204 0.8311868 1.1615624
[8754, 0.49002948, 1.0361832, 6.316988, 0.59126776] 2.5873697 0.93238914 0.9642275 1.0952644
[8755, 0.54167205, 0.91752565, 6.5526433, 0.38674524] 2.410865 1.048326 0.9520684 1.0534971
[8756, 0.4888377, 1.0343901, 5.961063, 0.6940284] 2.6530137 0.88405365 0.77555096 1.1776311
[8757, 0.5757448, 0.9383242, 5.7866464, 0.6071796] 2.5373933 0.9639736 0.8638378 1.071012
[8758, 0.48790583, 1.0005205, 5.513546, 0.50943166] 2.700673 0.9606585 0.79878134 1.1051155
[8759, 0.56529695, 0.87245154, 7.6667514, 0.7647032] 2.5006824 0.96834725 0.82242256 1.0476615
[8760, 0.54775137, 0.97641134, 5.008094, 0.6495203] 2.594249 0.9167768 0.8439355 1.2325929
[8761, 0.449322, 1.0274757, 5.2803497, 0.8292904] 2.5833175 0.9678704 0.8951475 0.98607266
[8762, 0.5270928, 0.93648356, 6.4989676, 0.5308029] 2.5788662 0.96848196 0.7409476 1.0689709
[8763, 0.44697326, 0.91964054, 7.5660996, 0.7405983] 2.407311 0.85784024 1.0386773 1.0797234
[8764, 0.59759545, 0.9508328, 3.0797443, 0.9569853] 3.0555303 0.8833232 0.7966721 1.1432402
[8765, 0.5780509, 0.79610133, 6.8683558, 0.40629536] 2.3850226 1.075816 0.9906247 0.8602636
[8766, 0.56808543, 0.6420122, 4.513946, 0.5413893] 2.1502771 0.95321476 0.97536886 1.086598
[8767, 0.50356126, 0.99373966, 5.579304, 0.53188974] 2.5059533 1.1592942 0.89490235 1.1966707
[8768, 0.5239151, 0.9841907, 4.2619104, 0.47907564] 2.9028785 0.9568764 0.8657718 0.908601
[8769, 0.49851206, 1.0210472, 4.967017, 0.93947065] 2.5564847 0.9687267 0.81382036 1.220402
[8770, 0.34586513, 1.099511, 4.472628, 0.5014159] 2.4502578 1.0281351 1.0033674 1.1940736
[8771, 0.5591123, 0.7511097, 6.380637, 0.5658723] 2.224355 1.1140192 0.89129966 1.0796473
[8772, 0.506502, 0.877987, 7.5769234, 0.544583] 2.2988954 1.09791 0.8629308 1.1311477
[8773, 0.49894765, 0.98273605, 7.3432035, 0.60334504] 2.5672197 1.0242536 0.93332976 0.88170063
[8774, 0.43294016, 1.0532746, 6.297216, 0.8609039] 2.5432432 0.9736334 0.9583866 1.0556039
[8775, 0.49370667, 0.9761377, 8.055495, 0.86081326] 2.5440419 0.93376595 0.8580489 1.0521287
[8776, 0.5281422, 0.77606124, 5.5791445, 0.54267204] 2.4033446 0.9765301 0.8172538 0.97669095
[8777, 0.52118057, 0.8415063, 6.891361, 0.8781747] 2.3070035 1.0315756 1.0024312 1.0745682
[8778, 0.4982638, 1.0129545, 5.277044, 0.59669924] 2.5682492 0.9799362 1.0189209 1.1744502
[8779, 0.46485865, 1.0268537, 6.414862, 0.60797244] 2.5714362 0.90729105 0.8558845 1.0441512
[8780, 0.41173458, 0.8632225, 6.782843, 0.8752772] 2.3261433 0.8396056 0.93480057 1.2037189
[8781, 0.48649672, 1.0055294, 5.3619256, 0.560296] 2.5994396 0.89517194 0.9047327 1.2508305
[8782, 0.61466616, 0.668854, 5.1341395, 0.46385467] 2.218492 1.092552 0.8361751 1.1212163
[8783, 0.6436825, 0.72533464, 5.424926, 0.43856394] 2.3376813 0.9697999 0.89354664 1.068276
[8784, 0.5983543, 0.8698685, 6.2484317, 0.7636756] 2.5778143 0.94701946 0.67563087 1.1347634
[8785, 0.54348916, 0.8327185, 7.793391, 0.70179844] 2.3132505 0.8904127 0.96017677 1.2392545
[8786, 0.4774445, 1.0069894, 4.5036516, 0.47452503] 2.7016063 1.1388161 0.7992626 0.916888
[8787, 0.5425598, 1.0125608, 3.8716578, 0.75631285] 2.9154577 0.9939937 0.84176934 1.0838351
[8788, 0.56937253, 0.90822715, 5.844475, 0.6531623] 2.5440054 0.9732484 0.9700947 0.9192119
[8789, 0.5005377, 1.0140353, 5.870113, 0.76893705] 2.5545385 0.9660992 0.85412806 1.1660962
[8790, 0.54839057, 0.9807666, 5.031001, 0.56450105] 2.804445 0.9885743 0.71832055 1.0489192
[8791, 0.5420655, 0.963986, 5.0579, 0.49129313] 2.6075358 0.8600562 0.91493356 1.2685983
[8792, 0.57376283, 0.92370874, 5.852608, 0.60846645] 2.6031663 1.0754757 0.7534368 0.9628572
[8793, 0.4432555, 0.7598086, 4.904774, 0.43296257] 2.2321415 0.9359286 0.9669762 1.1033447
[8794, 0.44997752, 1.0162656, 4.9711013, 0.7625451] 2.4860518 1.0159982 0.8782383 1.1352946
[8795, 0.49523816, 1.0082935, 6.655242, 0.6150009] 2.514081 0.8845138 0.92097175 1.2292625
[8796, 0.6058999, 0.6604491, 4.4557858, 0.66451234] 2.2547374 0.944797 0.95997465 1.037722
[8797, 0.46593308, 1.02724, 4.133906, 0.50608444] 2.7534752 0.9769309 0.7899494 1.2011148
[8798, 0.50269806, 0.98580307, 6.5381746, 0.8802203] 2.4019198 0.89248836 0.95205283 1.3286035
[8799, 0.5956276, 0.92942625, 5.440737, 0.7586656] 2.5650566 0.89714336 0.90947086 1.0740551
[8800, 0.5834253, 0.9087883, 6.2047534, 0.55891424] 2.5498233 1.0281242 0.75870866 1.0464277
[8801, 0.6196224, 0.93046105, 5.2962055, 0.70506454] 2.5736887 0.8955774 1.0303178 1.1664499
[8802, 0.45999292, 0.6834586, 4.4686093, 0.90032655] 2.1580756 0.8435497 1.0222272 1.115935
[8803, 0.5982509, 0.889662, 6.523385, 0.76611286] 2.4656758 0.91704303 0.8861313 1.1938314
[8804, 0.49204648, 0.7092621, 4.5004935, 0.5507489] 2.360264 0.73814857 0.8644303 1.0447373
[8805, 0.4197814, 0.98331654, 6.8817368, 0.93512857] 2.5277956 0.96950436 0.87159497 1.0072889
[8806, 0.4940504, 1.0098729, 4.178423, 0.5471255] 2.8447642 0.9519397 0.89231026 1.0421976
[8807, 0.6117999, 0.92645484, 5.7186017, 0.52963996] 2.4100003 0.99599904 0.90883243 1.3200283
[8808, 0.4634422, 0.84014446, 6.589776, 0.90286547] 2.4225414 0.99166083 0.83464867 0.97419643
[8809, 0.49728283, 1.0026248, 4.943405, 0.82561296] 2.562907 0.98484886 0.9327942 1.1401812
[8810, 0.521573, 1.012809, 4.93662, 0.68001854] 2.7981112 0.96820575 0.9967166 0.9357142
[8811, 0.5058134, 1.0140474, 3.9083405, 0.6455562] 2.8281004 1.0011023 0.8958456 0.98428404
[8812, 0.5816858, 0.9160297, 5.653, 0.47101104] 2.6739516 1.0547732 0.75858885 0.8415977
[8813, 0.47792768, 0.9739277, 5.7390523, 0.6234333] 2.4995658 1.0209342 0.8399639 1.1140908
[8814, 0.414015, 1.0688698, 5.343051, 0.58157897] 2.5947003 0.9780473 0.8673688 1.1663573
[8815, 0.53792024, 0.6313002, 4.1121407, 0.75590307] 2.2530417 0.90747035 0.875446 1.0030162
[8816, 0.49536672, 0.9597734, 6.7006354, 0.58929914] 2.537292 0.9842242 0.8462106 1.0187144
[8817, 0.5304352, 0.79345155, 7.1331344, 0.72620994] 2.3262782 1.0554839 0.8559929 1.0742557
[8818, 0.46976617, 1.0345007, 5.1535363, 0.6739187] 2.6639817 0.942645 0.87019837 1.0818417
[8819, 0.4646968, 1.0662911, 4.320368, 0.5164346] 2.744675 1.118441 0.7796741 1.0177565
[8820, 0.4571926, 1.0183754, 6.570577, 0.9111965] 2.5442786 0.8845207 0.88858485 1.0964638
[8821, 0.5746015, 0.9757732, 6.025525, 0.92283106] 2.6754658 0.79825455 0.80172926 1.1909561
[8822, 0.60411817, 0.66474515, 4.8388877, 0.40519905] 2.3158867 0.9598577 0.87525 0.9912088
[8823, 0.4438666, 1.0614735, 5.1050425, 0.67658424] 2.766063 0.93068725 0.83700144 0.8904691
[8824, 0.57743067, 0.9010701, 6.628527, 0.78522474] 2.4534547 0.94394076 0.8015106 1.2049055
[8825, 0.46230283, 0.78975934, 5.781977, 0.7071953] 2.3241575 0.84654915 0.886351 1.1474805
[8826, 0.46821573, 1.0419896, 5.9997807, 0.6311156] 2.6312563 0.9292787 0.7566094 1.1121477
[8827, 0.48739314, 1.0201678, 5.888496, 0.9306376] 2.6185257 0.9099895 0.8341166 1.1158351
[8828, 0.6387378, 0.57693225, 4.582297, 0.5121208] 2.16615 1.0188537 0.92947274 1.0424229
[8829, 0.47032756, 1.0393059, 5.875661, 0.91586185] 2.6044729 1.0513039 0.84403086 0.95914936
[8830, 0.52266407, 0.993108, 3.9475038, 0.5332861] 2.77236 0.9012288 0.84255207 1.2613611
[8831, 0.47679436, 1.0350446, 4.849301, 0.45032936] 2.6660633 1.0203713 0.8194535 1.0731074
[8832, 0.48697826, 1.0128467, 5.33273, 0.60130006] 2.6397233 0.9464854 0.7258443 1.2197078
[8833, 0.43918914, 1.0552492, 4.8230815, 0.607277] 2.6365526 1.0314761 0.8355051 1.0899005
[8834, 0.58939415, 0.83916366, 6.855613, 0.9635378] 2.326009 1.0036541 0.9494973 1.2499028
[8835, 0.4877597, 0.9887635, 4.7226076, 0.60484225] 2.637729 0.9385984 0.92572033 1.2189766
[8836, 0.5860271, 0.7526645, 6.5937085, 0.6723734] 2.2987688 1.0534009 0.85030997 1.0833753
[8837, 0.4334752, 1.0848116, 6.558373, 0.66932964] 2.6875708 0.7934387 0.85905933 0.9988271
[8838, 0.55551606, 0.96552783, 3.9779155, 0.62574244] 2.9248598 0.8871748 0.7852567 1.1413425
[8839, 0.42201653, 1.0787317, 2.910601, 0.5744336] 3.1476996 0.8716856 0.8240837 1.0309633
[8840, 0.5194203, 0.93871635, 6.9576635, 0.8117109] 2.3834205 0.9639569 0.9152666 1.2474502
[8841, 0.57925993, 0.78156203, 6.1118307, 0.7938605] 2.318658 1.0399606 0.9941843 1.0402172
[8842, 0.56433785, 1.0521615, 2.4169674, 0.7033501] 3.0525796 0.97943705 0.97155845 1.2244029
[8843, 0.49473414, 0.743268, 5.9019184, 0.452107] 2.184874 0.9537076 1.0590508 1.1788311
[8844, 0.4983671, 1.0050548, 6.079081, 0.49916294] 2.61702 1.1142457 0.8478752 0.86959726
[8845, 0.524399, 1.0177095, 4.0395384, 0.96182114] 2.82398 0.99964625 0.92487895 1.0680887
[8846, 0.53486747, 1.01708, 3.4293308, 0.8428286] 2.8871012 1.0379454 0.98612386 1.0635608
[8847, 0.45109278, 1.0581787, 5.095547, 0.6051129] 2.6414764 1.0277865 0.9568403 0.9882474
[8848, 0.44732064, 1.0452883, 5.087671, 0.7019856] 2.7754538 0.9826818 0.9474878 0.95451695
[8849, 0.4871885, 0.7617868, 5.2860346, 0.5745533] 2.3335953 0.8601535 0.95399255 1.0780627
[8850, 0.412554, 1.0216408, 6.7525253, 0.8390154] 2.5139542 0.86430365 0.9201777 1.1933775
[8851, 0.465283, 1.0254123, 5.8998456, 0.8119123] 2.4931571 0.97754747 0.9100917 1.1849265
[8852, 0.6528318, 0.74575746, 6.8287406, 0.89982635] 2.5440805 0.9183481 0.76657766 0.9500164
[8853, 0.49367368, 1.0259789, 5.1031165, 0.47242564] 2.7813709 0.8895909 0.79178435 1.0642476
[8854, 0.45441446, 1.0140609, 6.576387, 0.4788789] 2.3364277 1.040184 0.9938578 1.2435795
[8855, 0.44679767, 0.84816426, 6.0915294, 0.65681446] 2.4057512 0.7480844 0.95703787 1.0897154
[8856, 0.44378766, 0.8279077, 7.8686914, 0.5154285] 2.2846086 0.9674801 0.9332016 1.1295706
[8857, 0.57110363, 0.89986014, 7.3990364, 0.38282302] 2.5449376 1.1536422 0.8369311 0.74637496
[8858, 0.4238114, 1.0587232, 4.6963234, 0.53852576] 2.7045748 1.139614 0.8761351 0.8320295
[8859, 0.43220153, 1.0622288, 5.0435724, 0.84364337] 2.5896401 1.1310016 0.9007981 0.979495
[8860, 0.5526141, 0.94440275, 5.3429804, 0.9348773] 2.6671753 0.8090852 0.85612047 1.0968866
[8861, 0.5600726, 0.65233994, 4.2419753, 0.65969443] 2.0951533 0.91017663 0.92063075 1.2969999
[8862, 0.503988, 1.0057925, 4.4110346, 0.36701015] 2.7227457 0.9856687 0.7977266 1.1367611
[8863, 0.49734205, 1.0310563, 5.7592325, 0.62193656] 2.7103908 0.9599851 0.87377024 0.9421008
[8864, 0.44466218, 0.9113758, 7.2426753, 0.64780986] 2.4260666 0.97655493 0.93177414 1.040967
[8865, 0.63142526, 0.74578595, 6.318246, 0.8334219] 2.542163 1.0121441 0.6813081 0.8916863
[8866, 0.52415884, 0.6370013, 3.754791, 0.90888727] 2.1416416 0.7825986 0.9945125 1.2249358
[8867, 0.61927027, 0.88490933, 6.256033, 0.78550935] 2.4522817 1.0432818 0.82942754 1.1729088
[8868, 0.55651945, 0.8725816, 7.2356734, 0.68918204] 2.3664947 1.1012734 0.9223892 1.0420849
[8869, 0.6133793, 0.8925318, 6.484648, 0.50832397] 2.7184782 0.93279386 0.83182687 0.70796925
[8870, 0.52766716, 1.0078882, 4.1215386, 0.6034063] 2.798343 0.89675945 0.9819979 1.0649271
[8871, 0.46594006, 1.0405955, 5.145412, 0.78443795] 2.710754 0.9687786 0.82103264 0.83187336
[8872, 0.48875058, 1.0239861, 5.598116, 0.7499386] 2.5229418 0.79604995 0.90038955 1.3049359
[8873, 0.48180878, 0.88680464, 8.001373, 0.42513883] 2.3584154 1.029995 0.9243472 1.0994316
[8874, 0.59677505, 0.7200642, 6.3671136, 0.6411158] 2.318062 0.9832352 0.86530125 1.1540821
[8875, 0.5624811, 0.97852623, 3.9006023, 0.7624296] 2.9342577 0.912955 0.8588669 1.0602417
[8876, 0.51947534, 0.99892133, 5.0704618, 0.7377362] 2.7250476 0.90588486 0.91815454 1.1767902
[8877, 0.41099876, 0.7060598, 4.8800755, 0.6087729] 2.1418211 1.0090085 0.99323404 1.0776027
[8878, 0.3086405, 1.0123994, 5.7652254, 0.745736] 2.398267 1.0145895 0.9633733 1.0644928
[8879, 0.49201173, 0.99532557, 4.9893537, 0.59180677] 2.6697915 0.9271122 0.82106936 1.1638863
[8880, 0.51248056, 0.95057625, 5.208321, 0.8145746] 2.6061378 0.99509466 0.8299079 0.9553705
[8881, 0.55344146, 0.9984171, 3.904317, 0.49456552] 2.7970963 1.1591046 0.7758956 0.9879413
[8882, 0.5551684, 0.9615353, 4.6471996, 0.378084] 2.733855 0.96842283 0.81822234 1.0143542
[8883, 0.42026863, 1.0597086, 4.1234007, 0.5186134] 2.845887 0.8987313 0.8220565 1.1157701
[8884, 0.50348616, 1.0032502, 5.3650546, 0.58701396] 2.468627 1.1465434 0.8757862 1.132559
[8885, 0.5764392, 0.7754822, 5.7812696, 0.5821346] 2.3034494 1.0010715 0.98560154 1.027943
[8886, 0.4999368, 0.9250712, 7.791472, 0.8656839] 2.6076682 0.85498583 0.84033424 0.98475873
[8887, 0.5947598, 0.78334767, 6.3750143, 0.6838205] 2.4857144 0.99559003 0.810825 0.98064435
[8888, 0.47432342, 1.0287601, 4.5022774, 0.77840537] 2.7305086 0.9428738 0.7407818 1.1448338
[8889, 0.44152853, 1.0551838, 5.353455, 0.6937394] 2.7358356 0.9963916 0.85781837 0.9944607
[8890, 0.5625421, 0.73059684, 5.7243967, 0.4431264] 2.339508 1.0034376 0.95586836 0.9369897
[8891, 0.42666182, 1.0477151, 6.273898, 0.75576055] 2.621634 0.96253395 0.90218747 1.0155382
[8892, 0.5192777, 0.9791753, 4.1926327, 0.43650743] 2.6852922 1.0509256 0.7690229 1.1568245
[8893, 0.46715996, 0.968201, 7.53324, 0.7695802] 2.5103166 0.97272265 0.8758491 1.0158225
[8894, 0.5005554, 1.0169737, 5.386305, 0.5385442] 2.4832077 0.9778672 0.9880118 1.3145527
[8895, 0.5798692, 0.7815534, 6.9456525, 0.50271887] 2.5451703 1.0550957 0.6429032 0.93329346
[8896, 0.50796527, 0.7143012, 5.2684097, 0.514926] 2.310658 0.92051345 0.9489111 1.0033737
[8897, 0.39787018, 1.0521413, 5.708272, 0.59768796] 2.4822488 1.0087513 0.8520378 1.3030877
[8898, 0.39260972, 1.0756813, 5.840315, 0.72913504] 2.6019561 1.0405344 0.94437027 1.0919315
[8899, 0.54326314, 0.98814833, 5.1721787, 0.55561286] 2.5786567 0.87154967 0.84877896 1.3434546
[8900, 0.62663263, 0.90502644, 4.548883, 0.40202558] 2.8440695 0.9452315 0.77038103 0.9566475
[8901, 0.54667705, 1.0041375, 4.0730042, 0.59311354] 2.931012 0.97854733 0.8091591 1.0032923
[8902, 0.5734522, 0.9551407, 3.7672493, 0.7915267] 2.919538 0.92503434 0.97615504 1.0489846
[8903, 0.5098989, 1.0013859, 4.479519, 0.58371925] 2.7251337 1.0788914 0.88185334 1.2273484
[8904, 0.45502496, 0.9970972, 7.7203245, 0.932854] 2.490817 0.8889755 0.89026624 1.1408361
[8905, 0.51738375, 0.6377434, 3.885892, 0.73355484] 2.3120303 0.9721213 0.8555168 0.88939166
[8906, 0.49673867, 0.9488205, 7.898788, 0.7132596] 2.4037836 0.95819896 1.0875651 1.0746417
[8907, 0.5830155, 0.9583895, 5.23838, 0.69971114] 2.8190405 0.95009404 0.7590339 0.98394203
[8908, 0.4047187, 1.051849, 4.335485, 0.47487733] 2.7384734 1.0102612 0.84672034 0.9792443
[8909, 0.46503887, 1.0352721, 5.342948, 0.5440509] 2.7899237 0.879846 0.90637726 0.9975269
[8910, 0.5745971, 0.96351826, 3.978146, 0.7671273] 2.871316 0.81274486 0.8913269 1.1022848
[8911, 0.538524, 0.991544, 6.0272083, 0.72465503] 2.6270654 0.97568023 0.7886003 1.0681474
[8912, 0.4770375, 1.005363, 6.1692586, 0.93421686] 2.4947195 0.82283765 0.94226307 1.2676364
[8913, 0.63594514, 0.91114855, 5.181861, 0.57362294] 2.7677894 1.0701061 0.69879085 0.92107236
[8914, 0.50462097, 0.8183606, 6.356514, 0.64770794] 2.3382874 1.0555449 0.9176555 0.96575725
[8915, 0.54242176, 0.8992526, 6.6783524, 0.5944978] 2.4833214 0.9870153 0.73819774 1.2002345
[8916, 0.42990157, 1.0656526, 6.759914, 0.7334738] 2.5897875 0.9680846 0.88316435 0.96402276
[8917, 0.4778155, 0.9171031, 8.553388, 0.59695673] 2.4555655 1.0756904 0.86725503 0.948305
[8918, 0.49859342, 1.0197792, 5.6291084, 0.63944143] 2.4834704 0.9813332 1.0440596 1.1916767
[8919, 0.5118618, 1.0126722, 5.7228804, 0.51135474] 2.696664 0.9206807 0.8143804 1.1011701
[8920, 0.5246863, 0.8367729, 6.848652, 0.3777137] 2.3735943 1.0365174 1.0728793 0.9066432
[8921, 0.530917, 0.97183365, 5.5350122, 0.38138425] 2.6799622 1.0191845 0.7534545 0.85087216
[8922, 0.5141831, 0.92927945, 6.9309134, 0.49149364] 2.4202642 1.0839535 0.86626005 1.0718105
[8923, 0.6082455, 0.74012023, 7.345045, 0.60487515] 2.3526294 1.1015089 0.8902508 0.9570206
[8924, 0.5779547, 0.6235156, 4.623853, 0.39038152] 2.2137122 0.9963343 0.97153175 0.945716
[8925, 0.5543091, 0.99187475, 5.132349, 0.6808348] 2.6743805 0.98065954 0.82323277 1.1526388
[8926, 0.5568768, 1.0185373, 2.4615479, 0.57771164] 3.1976235 0.8713698 0.8324069 1.0954446
[8927, 0.4375435, 1.0424315, 4.301961, 0.54090774] 2.7500775 1.0794024 0.80958986 1.0816766
[8928, 0.562168, 0.97301006, 4.75764, 0.6993372] 2.6159248 0.93586457 0.8808172 1.330076
[8929, 0.5366643, 0.7545228, 6.7519927, 0.6493566] 2.322154 0.93569374 0.9548711 1.0385079
[8930, 0.42365387, 1.0528827, 4.594827, 0.5879715] 2.7268748 0.9588553 0.9472463 1.1536163
[8931, 0.52804834, 1.020277, 4.750662, 0.42963925] 2.553026 1.1956261 1.0108135 1.117503
[8932, 0.4769873, 1.06289, 4.160758, 0.5101768] 2.9093087 1.0421605 0.81515056 0.89066035
[8933, 0.35572022, 1.0804273, 5.3026347, 0.6063953] 2.589701 0.9562442 0.9009733 1.1186564
[8934, 0.55947703, 0.98123753, 4.8899713, 0.87864405] 2.541924 0.9774199 0.85785073 1.2349578
[8935, 0.5744162, 0.96703094, 3.758265, 0.7689643] 2.8714066 0.9200852 0.9059017 1.1661018
[8936, 0.42008838, 1.0636797, 6.404074, 0.8713873] 2.5337987 0.9178927 0.96543413 1.117608
[8937, 0.3492149, 1.094603, 6.370261, 0.90557057] 2.5326593 1.0608308 0.9691185 0.9773879
[8938, 0.5333416, 0.97614133, 3.893663, 0.58693314] 2.895278 1.0022264 0.82695055 0.9671764
[8939, 0.4026121, 1.0594963, 4.7163787, 0.6170792] 2.7859616 0.96108466 0.9126616 1.0115128
[8940, 0.52315485, 1.0149653, 3.2486286, 0.63052213] 2.9387748 1.0248286 0.801716 1.0841286
[8941, 0.43296993, 1.0535823, 5.3578844, 0.50669366] 2.628565 0.9260321 0.8921033 1.169724
[8942, 0.5059525, 0.9441463, 6.8523464, 0.6365224] 2.5694273 1.0369099 0.9162931 0.78175235
[8943, 0.56287795, 0.9597848, 5.1152916, 0.44301012] 2.7753372 1.0401517 0.73946154 1.0257256
[8944, 0.3598353, 1.0407629, 5.991972, 0.7869778] 2.4296122 0.91544807 1.000646 1.1567199
[8945, 0.4935939, 0.9650668, 6.2834153, 0.49255723] 2.3796034 1.2056826 0.95679003 0.9790211
[8946, 0.44645515, 1.0483755, 4.9665003, 0.5779966] 2.5909069 0.91153604 0.8755321 1.1872469
[8947, 0.43014193, 1.0080944, 5.832502, 0.6759102] 2.588189 0.74871427 1.0069193 1.1355637
[8948, 0.45106554, 1.0279405, 4.216991, 0.56340456] 2.764661 1.0594631 0.7719472 1.1184337
[8949, 0.42348284, 0.9657166, 6.937102, 0.64595735] 2.3534725 1.0688472 0.9465609 1.1209326
[8950, 0.49651858, 0.91666126, 7.944937, 0.81199527] 2.6049948 0.88680536 0.7653298 0.9603291
[8951, 0.6247154, 0.9107078, 4.158984, 0.3661716] 2.6725159 1.0139904 0.8045935 1.1002178
[8952, 0.36765075, 1.113647, 4.232036, 0.53279275] 2.689278 1.0234876 0.8795519 1.2205191
[8953, 0.5200795, 1.0251592, 5.0019283, 0.6234137] 2.6870973 0.9679805 0.7047926 1.1170481
[8954, 0.6180448, 0.7342312, 6.6400423, 0.46286672] 2.35723 0.9239294 0.80033404 1.1975024
[8955, 0.5418434, 0.9549633, 7.347324, 0.75692123] 2.652532 0.9780794 0.84356314 0.8548585
[8956, 0.4995929, 1.0233722, 5.4121766, 0.71462345] 2.6889691 0.91904765 0.81247944 1.0539206
[8957, 0.47916764, 1.0209233, 4.471608, 0.32566148] 2.6516988 1.027647 0.7829919 1.2501903
[8958, 0.5220872, 1.0131116, 4.127696, 0.5454843] 2.83554 0.95739853 0.7599462 1.1019171
[8959, 0.54443944, 0.978698, 4.4648676, 0.37179512] 2.7343938 1.0451348 0.7441762 1.1309862
[8960, 0.47192532, 1.046164, 6.005808, 0.76259923] 2.6280293 1.0276202 0.8514035 0.9851235
[8961, 0.55221945, 0.98818797, 4.3536534, 0.6043334] 2.9015887 1.0656433 0.81733286 0.93466645
[8962, 0.56728584, 0.8909172, 7.6854925, 0.5142827] 2.240112 1.12202 0.91085446 1.3461151
[8963, 0.47926944, 0.88208747, 7.5907288, 0.49365374] 2.33953 1.090412 0.9896711 0.93088686
[8964, 0.5489175, 0.9743242, 5.0012164, 0.38247484] 2.5388877 1.1083087 0.925362 1.1315191
[8965, 0.43399468, 1.0595435, 5.4460974, 0.5628623] 2.7335489 1.0697571 0.86955065 0.9446383
[8966, 0.50773317, 0.94368345, 7.248291, 0.72093624] 2.2586129 1.0500284 0.9405511 1.394793
[8967, 0.51136804, 1.0173358, 5.570257, 0.7354404] 2.7902777 0.7938794 0.7903875 0.98833925
[8968, 0.53867507, 1.0053065, 4.651139, 0.36183688] 2.712114 1.011484 0.8064493 1.0959544
[8969, 0.588381, 0.88445324, 8.348179, 0.5219709] 2.485359 0.99043244 0.8456502 1.0665077
[8970, 0.45451733, 1.0472413, 5.494123, 0.577642] 2.5480685 1.2092825 0.8604191 1.0311844
[8971, 0.5349396, 1.0061276, 4.8657417, 0.48155847] 2.8655264 0.88600624 0.7630172 0.82400167
[8972, 0.46711293, 1.0271785, 3.386075, 0.54064435] 2.9314423 1.1227374 0.7889011 1.0441128
[8973, 0.5173866, 1.0253521, 3.968606, 0.62367195] 2.8448102 1.0704195 0.8353636 1.0345627
[8974, 0.5337706, 0.97798634, 4.666974, 0.4098944] 2.7401092 1.0011666 0.76390535 1.0917553
[8975, 0.49142945, 1.0393454, 4.116406, 0.5987933] 2.9872952 0.86919916 0.9023198 0.8823781
[8976, 0.42419463, 1.0539382, 5.6705146, 0.7972355] 2.6334686 0.8091948 0.91653067 1.0569788
[8977, 0.45532557, 0.9738139, 7.5529637, 0.8111525] 2.558186 0.8620674 0.8070651 1.1039112
[8978, 0.56106764, 0.92748183, 6.880792, 0.720716] 2.4833198 0.9910051 0.7923256 1.1951962
[8979, 0.623601, 0.8812548, 8.227566, 0.83701384] 2.5370538 0.8747717 0.8181587 1.0802969
[8980, 0.4439832, 1.0644356, 5.7904987, 0.5430641] 2.6788368 0.95352966 0.98631966 1.0472152
[8981, 0.5482503, 0.95573896, 7.185085, 0.78674823] 2.533915 0.8283435 0.9547866 1.1516861
[8982, 0.50594217, 0.9027852, 6.5701947, 0.778532] 2.4046268 0.9218638 0.923361 1.1890874
[8983, 0.4562754, 1.0142823, 5.1668196, 0.7510936] 2.5462391 1.1102151 0.88477266 0.99033475
[8984, 0.5567754, 0.9508772, 5.394432, 0.8776591] 2.582387 0.86016405 0.84778243 1.1778482
[8985, 0.5274033, 1.0057791, 5.880557, 0.37573212] 2.4879575 1.1772046 0.88733864 1.0917743
[8986, 0.5278586, 0.6776414, 4.900743, 0.75067204] 2.204421 1.0321513 0.8259987 1.0936885
[8987, 0.47729856, 0.98944485, 6.1637597, 0.78883] 2.6338665 0.98487943 0.85067743 0.84073347
[8988, 0.5055829, 1.0124524, 4.1549907, 0.53518397] 2.8293014 0.96529317 0.88483036 0.98043364
[8989, 0.5032842, 1.0150602, 4.6524105, 0.50592077] 2.6539958 1.0825095 0.9592909 1.0139155
[8990, 0.58677274, 1.0064087, 2.3196146, 0.5634548] 3.0950367 0.9597332 0.9293949 1.2460154
[8991, 0.50066745, 1.0187913, 2.7752764, 0.5716161] 3.0648773 1.0089554 0.8054095 1.0621569
[8992, 0.57254344, 0.99447405, 4.1589923, 0.5866844] 2.9317334 0.92432195 0.8742925 0.93936557
[8993, 0.40939412, 1.0186075, 7.2197375, 0.6519063] 2.432843 1.02914 0.96966213 1.022008
[8994, 0.42608577, 1.0788302, 5.887441, 0.859861] 2.7193964 0.8016807 0.8905287 0.97983503
[8995, 0.616761, 0.8676449, 6.9487844, 0.48290756] 2.4350717 1.0132653 0.78496915 1.2346826
[8996, 0.44071057, 1.0171454, 6.2316036, 0.9024598] 2.491744 0.92016625 0.91508055 1.1634065
[8997, 0.6138151, 0.7625423, 7.672579, 0.48898476] 2.5147011 0.9490468 0.7401674 1.0777366
[8998, 0.49177068, 0.92218184, 7.87553, 0.82594] 2.455345 1.004874 0.84649354 1.0506483
[8999, 0.4900894, 1.0359664, 4.253711, 0.5486854] 2.8451877 1.030557 0.74175256 1.0231183
[9000, 0.5370478, 0.97946733, 4.3357444, 0.5965746] 2.6876159 1.0181521 0.76547086 1.2535868
[9001, 0.52504283, 1.0150884, 3.5710578, 0.99804527] 2.9069355 0.9531326 0.9150812 1.0065765
[9002, 0.4491565, 1.0301985, 6.220213, 0.66405034] 2.571216 1.0039313 0.87145 0.9988861
[9003, 0.4889144, 0.87132174, 8.668903, 0.7779566] 2.3904564 0.9377424 0.97013336 1.0356395
[9004, 0.4495611, 1.0219897, 4.4227386, 0.36470577] 2.690689 1.1258305 0.78881085 1.0498449
[9005, 0.49885434, 1.0326785, 4.017613, 0.80985343] 2.8235495 0.9689052 0.94653845 1.1239177
[9006, 0.5387839, 0.7647495, 5.7454586, 0.4290804] 2.3910007 0.96523327 0.8366829 1.0141289
[9007, 0.5151861, 0.9845814, 4.5095897, 0.4930353] 2.6435378 1.0126532 0.8371908 1.2859613
[9008, 0.5184425, 1.0077635, 5.1158643, 0.62142074] 2.7433183 1.0105927 0.8572274 0.8277659
[9009, 0.53316456, 0.9773605, 4.231862, 0.67492026] 2.6937938 1.0817479 0.8766985 1.0891242
[9010, 0.45445532, 1.0061183, 7.99055, 0.8200474] 2.459631 0.8628921 0.9627271 1.1744441
[9011, 0.40820304, 0.999908, 7.384319, 0.5572899] 2.4920554 0.86737365 0.8299951 1.1993643
[9012, 0.48590216, 1.0020858, 6.4164586, 0.9233568] 2.6252487 0.8928663 0.98432714 0.88976073
[9013, 0.45030668, 1.0139056, 5.331234, 0.5043405] 2.6260123 0.94021803 0.88903666 1.2084222
[9014, 0.5649329, 0.98152953, 4.9266515, 0.54577327] 2.7335918 0.96318513 0.8656585 1.095023
[9015, 0.52207774, 1.0099072, 3.8378334, 0.7118492] 2.7389524 1.012757 1.0235463 1.0918006
[9016, 0.52166283, 0.959795, 6.5275702, 0.8571564] 2.528971 1.1394005 0.8606276 0.9220031
[9017, 0.4755112, 1.0726749, 4.471359, 0.4936364] 2.7556376 0.9437938 0.7841103 1.1293516
[9018, 0.55290157, 0.9226428, 7.083287, 0.8784197] 2.3709202 0.9753127 0.892564 1.2877165
[9019, 0.44073278, 1.0721558, 4.7978997, 0.38645473] 2.5518184 1.0141015 1.0135951 1.1344578
[9020, 0.65573245, 0.6584165, 5.631162, 0.3751112] 2.3560817 0.9788157 0.84497344 0.9845524
[9021, 0.49487966, 1.023377, 5.448697, 0.3562861] 2.6648092 0.9524102 0.9664114 1.080589
[9022, 0.48399156, 1.038394, 2.7398193, 0.707941] 3.0653436 1.0659215 0.83159304 1.0241442
[9023, 0.5124951, 0.95177037, 7.242519, 0.91926223] 2.5668666 1.0593371 0.8378284 0.926152
[9024, 0.6117228, 0.6321012, 4.3895307, 0.42686903] 2.0060809 1.0265337 0.9747437 1.2642472
[9025, 0.45698157, 1.0435462, 4.8218455, 0.555968] 2.723223 0.98351854 0.88034403 0.998015
[9026, 0.5530089, 0.98640615, 6.17392, 0.8342464] 2.5544658 0.9440736 0.8216104 1.1718793
[9027, 0.5172326, 0.97260284, 6.0787096, 0.7752313] 2.4651158 1.0813612 0.8735903 1.1366128
[9028, 0.41708195, 1.0530787, 6.184794, 0.8331679] 2.5488632 0.98737013 0.8719503 1.0866861
[9029, 0.5651982, 0.9606745, 5.912432, 0.7378396] 2.517169 1.0320988 0.85246944 1.1332136
[9030, 0.5772105, 0.91170657, 5.6449065, 0.976522] 2.6053035 0.97842 0.73750234 1.0411296
[9031, 0.5748687, 0.75389576, 5.8796844, 0.44349036] 2.5183465 0.8978229 0.8228141 0.881761
[9032, 0.4150553, 1.0616434, 5.904322, 0.81288815] 2.578364 1.020791 0.9088154 1.0611343
[9033, 0.40747645, 1.030801, 6.527056, 0.65587825] 2.5467625 0.93009996 0.9040072 1.0364082
[9034, 0.57113403, 0.84445757, 7.888429, 0.5976324] 2.4432442 0.8985767 0.91872394 1.0246416
[9035, 0.5534841, 1.0034736, 4.3503323, 0.52261204] 2.8008416 0.9053684 0.83824414 1.0719562
[9036, 0.51894176, 0.967663, 6.098925, 0.98113555] 2.4317904 1.072752 0.9554742 1.0806327
[9037, 0.5979786, 0.9210296, 3.8721156, 0.5392796] 2.826294 0.9213987 0.8272558 1.0955586
[9038, 0.47233203, 1.0318996, 4.6752086, 0.5176682] 2.6729739 1.0925905 0.90688443 1.1071327
[9039, 0.53949845, 0.98822886, 6.507909, 0.7864529] 2.6552944 0.8622077 0.81587803 1.0777802
[9040, 0.46502566, 1.0469813, 5.298334, 0.51630723] 2.6876938 0.9509881 0.80546427 1.1155022
[9041, 0.59619486, 0.9379128, 5.7468243, 0.51313335] 2.4511726 1.1326429 0.949279 1.1508582
[9042, 0.49963048, 0.805144, 7.0121064, 0.5813166] 2.3115482 1.002276 0.8951497 1.1327952
[9043, 0.39715204, 1.0927632, 3.6980567, 0.7344055] 2.8288047 1.1756911 0.875309 1.0001915
[9044, 0.51424956, 0.9826076, 4.78573, 0.563484] 2.6907082 0.8465936 0.86712813 1.2469134
[9045, 0.58813334, 0.7149823, 6.1890435, 0.5034374] 2.2426522 1.0365133 0.8759058 1.1427743
[9046, 0.49378282, 1.0110462, 6.504338, 0.83895946] 2.5479507 0.93542385 0.86683244 1.1411351
[9047, 0.47895086, 0.9516263, 8.561581, 0.88110185] 2.3735514 0.9217958 0.8834384 1.2709941
[9048, 0.34658656, 0.7343707, 4.7509394, 0.58593273] 2.2317908 0.9424915 0.87840223 1.0884334
[9049, 0.46197724, 1.0659786, 4.343652, 0.9052372] 2.9513872 0.93095696 0.8181124 1.0177717
[9050, 0.6266748, 0.8770013, 6.1890545, 0.75820905] 2.6159065 0.95465446 0.8443836 1.0082848
[9051, 0.48663315, 1.041274, 5.1854863, 0.5661771] 2.5818713 1.0279998 0.804643 1.2034265
[9052, 0.5777968, 0.86684775, 8.115371, 0.5723872] 2.3570094 1.0472 0.9017187 1.13452
[9053, 0.6387882, 0.9107289, 4.2242002, 0.72191226] 2.8814094 0.93050265 0.89432436 0.9598883
[9054, 0.53768253, 0.99892825, 4.8825164, 0.5779369] 2.6128018 0.94460577 0.74933505 1.1762979
[9055, 0.5462562, 0.8508528, 7.820977, 0.616952] 2.4359183 1.1411984 0.80703104 0.8953721
[9056, 0.46620432, 1.0153239, 6.7797446, 0.72810733] 2.4403698 1.0596596 0.87328976 1.2202508
[9057, 0.49448946, 1.0620807, 3.6133556, 0.69538796] 2.961263 1.0253781 0.83047485 1.0546784
[9058, 0.51368487, 0.897308, 7.218842, 0.7142032] 2.5577488 0.90274674 0.7493281 1.0549488
[9059, 0.42226595, 1.0253509, 6.759248, 0.769117] 2.5164928 1.0472798 0.91845185 0.99458265
[9060, 0.565489, 0.96777385, 4.1849995, 0.570403] 2.6735377 1.1119252 0.91719484 1.132821
[9061, 0.5511531, 0.9157353, 6.3009877, 0.6329685] 2.4695094 1.0478189 0.7431613 1.1894121
[9062, 0.5511767, 0.94731915, 5.753625, 0.95577747] 2.713282 0.94463533 0.8420277 0.8330388
[9063, 0.6733295, 0.8913262, 3.6369128, 0.7026427] 2.8202934 1.0899369 0.87293 1.1807045
[9064, 0.5321603, 1.0009646, 6.2245703, 0.9353907] 2.5766447 0.98928714 0.9122044 1.0635613
[9065, 0.49434984, 1.0112851, 3.8877013, 0.5443279] 2.7161524 1.017803 0.8335074 0.9646328
[9066, 0.4725866, 1.0009867, 6.0264907, 0.6728092] 2.4768565 1.1410968 0.8133828 1.1154015
[9067, 0.52611077, 0.9833686, 4.9731865, 0.6261482] 2.5984616 0.96061575 1.0219495 1.1402743
[9068, 0.45896688, 0.97347796, 7.9522643, 0.89742655] 2.4982922 0.9140154 0.8041991 1.1628132
[9069, 0.46366525, 1.0536466, 5.1630206, 0.68552995] 2.6242921 0.9028513 0.85275984 1.2183638
[9070, 0.54482144, 0.9823398, 4.1469216, 0.4354154] 2.9080062 1.0921645 0.7533624 1.0176467
[9071, 0.46975675, 0.9975405, 5.133283, 0.48192495] 2.689943 0.89363813 0.9265616 1.1324819
[9072, 0.6478144, 0.7996819, 8.494442, 0.50252384] 2.5938377 1.0192152 0.6272723 0.9705314
[9073, 0.5570578, 0.9774044, 4.4009333, 0.55702114] 2.6193225 1.1768194 0.92610437 1.1500825
[9074, 0.48641562, 0.96068263, 6.9240704, 0.641206] 2.4308898 0.9084495 1.0136303 1.114295
[9075, 0.45092314, 1.0208421, 5.890218, 0.73216176] 2.4622228 0.9910227 0.8684202 1.2505304
[9076, 0.37844196, 0.80601895, 5.266961, 0.48137006] 2.2278779 0.9510674 1.0069329 1.1069238
[9077, 0.57359827, 0.9494296, 5.5627365, 0.48138824] 2.5226302 1.071325 0.90057075 1.2228746
[9078, 0.4509394, 1.056592, 4.526776, 0.5183726] 2.5741713 1.0330561 0.94483364 1.2554395
[9079, 0.5035141, 0.90758425, 8.892293, 0.8318541] 2.3745074 0.8784178 0.91369104 1.2642418
[9080, 0.52309793, 0.8822376, 7.317619, 0.94460243] 2.4939573 0.7823933 0.8986622 1.131674
[9081, 0.48928928, 0.9172915, 7.4558964, 0.54213333] 2.481616 1.0158235 0.85588425 1.0350186
[9082, 0.62081087, 0.7282274, 6.466936, 0.8063516] 2.2104769 1.2475415 1.0471042 0.95213276
[9083, 0.5217366, 0.7762028, 5.7239943, 0.8123692] 2.2982442 0.9738265 0.9409609 1.0628514
[9084, 0.5242759, 0.93003315, 8.213064, 0.8990157] 2.3623106 1.0855329 0.93396235 1.1395055
[9085, 0.51075023, 0.8318454, 6.2501707, 0.48971233] 2.3610277 1.1266779 0.9300032 0.86077595
[9086, 0.43910947, 1.0354898, 4.0393806, 0.5310267] 2.7970555 0.9068847 0.83799654 1.135325
[9087, 0.51271576, 1.0044396, 4.1711926, 0.62528783] 2.6592896 1.0311894 0.96219766 1.1290408
[9088, 0.5029339, 1.0044516, 5.4848137, 0.6318168] 2.6128547 1.0311561 0.75590247 1.111008
[9089, 0.5636597, 0.73060143, 5.783802, 0.64829946] 2.3602543 0.98405933 0.7869406 1.0677027
[9090, 0.4742515, 1.0335493, 4.612405, 0.6060142] 2.8476458 1.1253688 0.789769 0.9124365
[9091, 0.5598336, 0.9963152, 4.5278087, 0.3941861] 2.7184649 0.96680045 0.79027545 1.193741
[9092, 0.45286432, 0.9865982, 7.4594665, 0.99246275] 2.4338095 0.9413331 0.8685683 1.2319865
[9093, 0.4875008, 1.0303406, 4.287388, 0.6509149] 2.898464 0.9481217 0.69981503 1.0484012
[9094, 0.60998946, 0.907043, 5.6921797, 0.60555315] 2.628303 1.0042845 0.7279863 1.119814
[9095, 0.55190057, 0.9646729, 3.7670262, 0.3817756] 3.0098875 0.8524794 0.73418504 0.9259164
[9096, 0.5032719, 1.039513, 3.4401352, 0.76903117] 2.935496 0.9970605 0.79333 1.0860468
[9097, 0.44317263, 1.0489658, 5.325572, 0.54353184] 2.6802604 1.0221251 0.84263086 0.9484407
[9098, 0.55303335, 0.8599588, 7.615531, 0.674859] 2.4433184 1.0028517 0.8255609 1.0731031
[9099, 0.5112787, 0.98655474, 5.6634393, 0.58514196] 2.6398816 0.943736 0.8368517 1.122733
[9100, 0.5070038, 0.99924636, 4.188316, 0.6253139] 2.764057 1.0223061 0.77720386 1.1431905
[9101, 0.53093815, 0.9676025, 5.0124726, 0.5956186] 2.6527817 0.9289407 0.7521848 1.1655301
[9102, 0.48145774, 0.9952017, 6.3643293, 0.7289481] 2.5045736 1.0967655 0.82324857 1.0302147
[9103, 0.6139215, 0.941399, 3.9552026, 0.5937457] 2.9238055 0.8980413 0.7036686 1.1871332
[9104, 0.5119301, 1.0090212, 4.7493763, 0.39228582] 2.6826057 0.89556223 0.83350927 1.1806712
[9105, 0.45077354, 1.0483061, 4.661212, 0.701866] 2.6933584 0.91633236 0.9825492 1.0881872
[9106, 0.5231374, 0.98071605, 3.4132383, 0.61055946] 3.0930917 0.99918664 0.6200973 1.0300869
[9107, 0.43687528, 1.0417595, 3.7731836, 0.8005232] 2.8290489 0.9818495 0.8254118 1.0820295
[9108, 0.5231003, 0.9847039, 4.8672748, 0.56756777] 2.635674 0.9633418 0.9030745 1.165394
[9109, 0.35802853, 1.0959289, 4.8397126, 0.45875844] 2.7137392 0.9959297 0.8516165 1.119705
[9110, 0.5764899, 0.9600007, 4.6816382, 0.5612484] 2.7107558 0.8224076 0.80100965 1.2030716
[9111, 0.61602926, 0.9421641, 4.028315, 0.5675854] 2.751838 0.97026503 0.78447 1.2517993
[9112, 0.5717279, 0.66168624, 4.75707, 0.41105396] 2.1475704 1.017242 1.020964 1.023984
[9113, 0.5930031, 0.77984715, 8.554726, 0.5948177] 2.336891 1.1315281 0.7696483 1.1181726
[9114, 0.38051367, 1.0985173, 4.7489686, 0.44304922] 2.5650873 0.99144864 0.8671341 1.2721093
[9115, 0.46499196, 1.0634111, 5.1417007, 0.63882446] 2.6348255 0.8973562 0.8209425 1.3486651
[9116, 0.5516232, 0.95918924, 4.444967, 0.48671603] 2.9864402 1.0044092 0.6847234 0.78996825
[9117, 0.3195267, 1.0379027, 6.8948226, 0.75434375] 2.4606786 0.94407874 0.92227626 1.090969
[9118, 0.45695367, 1.0140609, 5.7603936, 0.6893773] 2.512764 0.9570441 0.92800754 1.130143
[9119, 0.42548046, 1.0371829, 5.895345, 0.5277238] 2.566651 1.0403273 0.88233846 0.93205494
[9120, 0.6173516, 0.9255016, 4.9832306, 0.6006193] 2.7777302 0.8314493 0.7730867 1.1066325
[9121, 0.22266078, 0.9190346, 6.1158395, 0.802355] 2.3184993 0.88683766 0.9679262 1.128834
[9122, 0.549803, 0.7648718, 5.7986875, 0.74125594] 2.3643427 0.82989806 0.9044282 1.1589534
[9123, 0.504407, 0.9769784, 5.1800513, 0.83119726] 2.6155899 0.92238593 0.87297165 1.1178124
[9124, 0.36277413, 1.1087002, 5.4442887, 0.56572354] 2.5893717 0.9505141 0.8932272 1.0759127
[9125, 0.50835073, 1.009544, 5.850553, 0.6704504] 2.5855925 0.89922357 0.8200597 1.1180708
[9126, 0.5727861, 0.9062477, 6.373794, 0.60090303] 2.4765856 0.91682655 0.8299582 1.2229055
[9127, 0.4700706, 1.0353023, 5.1240044, 0.41916573] 2.757647 0.87065315 0.8457819 1.0009757
[9128, 0.45967746, 1.0337648, 4.8468127, 0.47611758] 2.6849883 1.0000982 0.8706509 1.1179425
[9129, 0.5837555, 0.86883706, 7.065851, 0.59317183] 2.626496 1.0775241 0.5906772 0.9178164
[9130, 0.64233774, 0.8279044, 5.9608984, 0.6025646] 2.4147048 1.0362172 0.89234316 1.1135834
[9131, 0.5320836, 0.88438, 7.098914, 0.7833102] 2.2877226 0.96825576 0.99871737 1.2343775
[9132, 0.5387962, 0.9314959, 6.8399534, 0.45736507] 2.5093422 0.9926294 0.9000284 1.0021073
[9133, 0.61204433, 0.82998466, 5.54478, 0.8534602] 2.596579 0.9148582 0.6971258 1.0309435
[9134, 0.56403625, 0.952866, 5.6417403, 0.7033284] 2.4261394 1.0191077 0.92251533 1.2598827
[9135, 0.4594241, 1.0227928, 6.1276298, 0.73156965] 2.4300053 1.1048818 0.9123879 1.1585135
[9136, 0.45011675, 0.9764023, 8.017802, 0.7415281] 2.4659595 1.0021596 0.96109253 0.96792936
[9137, 0.4927971, 1.0339187, 5.9359794, 0.9675915] 2.5386193 1.0129312 0.910239 1.1590223
[9138, 0.62648576, 0.74765646, 6.1901956, 0.52608246] 2.4808178 0.9425943 0.70497423 1.0982566
[9139, 0.47971365, 0.9898975, 6.588976, 0.7885099] 2.56664 0.8856766 1.0578239 0.9702673
[9140, 0.43010032, 1.0484607, 5.477934, 0.6133604] 2.6422315 0.9833166 0.8437893 1.0827284
[9141, 0.47889662, 1.0315248, 4.6847973, 0.47984502] 2.764707 0.92704904 0.8451659 0.9206508
[9142, 0.58269507, 0.96566206, 4.380905, 0.5048992] 2.867819 0.93554157 0.880989 0.97106147
[9143, 0.51275295, 0.7505351, 5.589134, 0.73501235] 2.271802 1.046566 0.8566613 1.0574918
[9144, 0.5029145, 0.9799088, 4.035671, 0.61377984] 2.7706707 0.91722584 0.8771672 1.0688196
[9145, 0.59440345, 0.9551109, 3.9811563, 0.43626523] 2.9832072 0.9643759 0.7363715 0.957876
[9146, 0.37700453, 1.0684448, 5.7814837, 0.9504531] 2.4935372 0.9334975 1.0107179 1.0860027
[9147, 0.50547135, 0.97881216, 6.813259, 0.53641] 2.5934606 0.9015969 0.9121208 0.97545
[9148, 0.49123794, 1.0454222, 4.5996785, 0.5811687] 2.5279644 0.93859404 0.8793 1.2613096
[9149, 0.5494837, 0.67501116, 4.511214, 0.5899701] 2.2820182 0.88104343 0.84478277 1.1095115
[9150, 0.4611449, 1.0271357, 4.4287157, 0.5215521] 2.6871898 1.0809625 0.93883604 0.82905734
[9151, 0.4568708, 1.0248852, 5.5888762, 0.7583832] 2.6531947 0.89981574 0.8295108 1.0535069
[9152, 0.5229698, 0.966798, 7.0543633, 0.8901293] 2.56651 0.9153921 0.94900393 1.001254
[9153, 0.4512162, 1.0189943, 4.9083366, 0.5878003] 2.7111244 0.942577 0.8755214 0.94790477
[9154, 0.63544494, 0.7819362, 7.733077, 0.62779665] 2.620938 1.1120946 0.70329756 0.7673015
[9155, 0.48885655, 0.967305, 6.9916005, 0.9970572] 2.3978608 1.0246773 0.88964164 1.2260529
[9156, 0.5363783, 0.93360883, 6.825853, 0.5307739] 2.4589682 0.96724325 0.8936559 1.1175654
[9157, 0.38152778, 1.0964155, 7.150274, 0.6860921] 2.506827 0.8531031 0.9705831 1.1748374
[9158, 0.5764888, 0.7478752, 6.759508, 0.8191032] 2.3920002 0.99986255 0.8226863 1.0112685
[9159, 0.57372886, 0.95172143, 5.04997, 0.39502367] 2.6030223 0.9707088 0.7127854 1.3661509
[9160, 0.4989934, 0.9708932, 6.8236485, 0.87121683] 2.472068 1.0133626 0.8917643 1.1154754
[9161, 0.5475139, 0.7567285, 6.409858, 0.57270545] 2.1776044 0.9745853 0.9406449 1.282498
[9162, 0.49873728, 0.9692145, 5.517053, 0.44714227] 2.4088879 1.1493225 0.9249979 1.1644318
[9163, 0.5165712, 0.98983437, 4.461391, 0.39178103] 2.7872903 0.9411733 0.7365151 1.2132612
[9164, 0.38108996, 0.92565733, 8.511523, 0.5983415] 2.3268619 1.1401552 0.9310483 0.9938998
[9165, 0.47859377, 0.9089363, 8.036474, 0.9025421] 2.3818445 0.88850933 0.9067976 1.1650783
[9166, 0.4574382, 1.0338248, 5.5755467, 0.920092] 2.5512354 0.9841836 0.8354815 1.1074694
[9167, 0.41480914, 1.050027, 4.6164837, 0.7648106] 2.6502912 0.9642326 0.8449379 1.1837474
[9168, 0.4030686, 1.0658034, 4.286805, 0.6007334] 2.7459135 1.0645766 0.9759179 1.0251561
[9169, 0.48106268, 1.0246216, 3.515754, 0.8406449] 2.843531 0.9342674 0.89771134 1.1479189
[9170, 0.4432658, 0.97639966, 6.433507, 0.7252574] 2.575515 0.9571544 0.9284613 0.88624907
[9171, 0.5428665, 0.73079675, 5.811613, 0.40238065] 2.4686582 0.95741045 0.73967654 0.9497384
[9172, 0.5124733, 0.8265483, 7.167604, 0.50868475] 2.3425865 0.9432228 1.0373883 1.0461067
[9173, 0.5227458, 0.9487837, 6.601069, 0.777745] 2.424804 0.9131275 0.9555444 1.2711939
[9174, 0.49489668, 0.7462875, 5.3948007, 0.447866] 2.2213411 0.965786 0.8339163 1.2030916
[9175, 0.59961367, 0.9224976, 4.12243, 0.608109] 2.689453 0.90415233 0.9542961 1.2164714
[9176, 0.55177087, 0.8612558, 8.4509735, 0.90235585] 2.5757985 0.9112511 0.7436023 1.0363861
[9177, 0.36194116, 1.0198108, 6.481367, 0.49324903] 2.5605164 0.88759255 0.83880395 1.0328134
[9178, 0.5626272, 0.9652827, 5.0291877, 0.4681923] 2.583973 1.159292 0.8545283 0.99033904
[9179, 0.607446, 0.657296, 4.426078, 0.7688277] 2.0993645 1.1399387 0.9484968 1.1755185
[9180, 0.3455467, 1.0816418, 7.1085663, 0.6410677] 2.487965 0.96374834 0.9636102 1.0952568
[9181, 0.48714268, 1.0362709, 5.160872, 0.5634907] 2.60206 0.8688636 0.8266605 1.2564144
[9182, 0.5561255, 0.83997464, 7.534771, 0.90129334] 2.244991 1.0015546 0.96197355 1.2755629
[9183, 0.50877386, 0.98951095, 5.9156127, 0.7236396] 2.6362314 0.78342944 0.7590637 1.3765796
[9184, 0.45327565, 1.0473521, 5.8957458, 0.6325162] 2.5749629 0.94283617 0.99147624 1.1049602
[9185, 0.4228886, 1.0364583, 5.1701536, 0.76232964] 2.6382902 0.93252695 0.8459995 1.0901312
[9186, 0.5682629, 0.84183156, 7.5014157, 0.4513322] 2.4047637 1.0725795 0.9149225 0.9462083
[9187, 0.5517548, 0.9211837, 7.314075, 0.39023432] 2.513302 1.0194108 0.81055576 1.0368176
[9188, 0.5626932, 0.7610315, 6.389713, 0.72704804] 2.4342544 0.8613957 0.85079753 1.0892814
[9189, 0.4982737, 1.0232418, 5.3939753, 0.39591324] 2.5201712 1.1570873 0.70685524 1.2709461
[9190, 0.38442475, 1.0660449, 5.5549507, 0.8809952] 2.4863446 0.93928784 0.9737849 1.2278569
[9191, 0.5245797, 0.9971042, 6.13364, 0.38340697] 2.712443 0.9570387 0.70274794 0.9328096
[9192, 0.47414592, 0.9279076, 7.211238, 0.6740054] 2.5193293 0.9408533 0.84949267 1.0298045
[9193, 0.44380197, 0.8616243, 6.348241, 0.8078879] 2.389993 0.8338598 0.91838014 1.1121899
[9194, 0.5638996, 0.984042, 3.8190796, 0.5884408] 2.8338864 1.0167714 0.8231961 1.2783668
[9195, 0.44694752, 1.0539215, 6.3278675, 0.5128244] 2.6514878 0.9607479 0.8779809 1.074907
[9196, 0.42519355, 1.057425, 5.9813676, 0.73974425] 2.559468 1.0390444 0.93025595 1.0005635
[9197, 0.6227745, 0.94678783, 2.7197464, 0.4526148] 3.1044462 0.8814252 0.7632362 1.2278925
[9198, 0.48744652, 0.97802407, 6.0541363, 0.711019] 2.5332165 0.93617886 0.94239503 1.0239801
[9199, 0.5326798, 0.8532883, 7.4365892, 0.6351048] 2.365025 0.8416315 0.9625148 1.2308486
[9200, 0.5447618, 0.7889338, 7.1018558, 0.51780415] 2.157481 0.9207048 0.9798711 1.3937223
[9201, 0.50821894, 1.0162358, 3.9388046, 0.7160256] 2.7519999 1.0057173 0.9257591 1.1601604
[9202, 0.6039306, 0.80348086, 8.222303, 0.58016795] 2.5195296 1.0301311 0.81325805 0.9128837
[9203, 0.5231316, 0.9764071, 5.5224895, 0.7326737] 2.435113 1.0758227 0.93191445 1.119033
[9204, 0.6406752, 0.67948365, 5.9445095, 0.60421544] 2.1944604 1.0621486 0.91040874 1.1897886
[9205, 0.50092703, 0.99667835, 5.3506155, 0.5363458] 2.7718499 0.8591612 0.82622194 1.0435356
[9206, 0.53891784, 1.0012137, 4.7844806, 0.50712174] 2.7946825 1.0685041 0.81965923 1.0525423
[9207, 0.5049324, 0.97220105, 7.016182, 0.79644585] 2.4757643 0.9745019 0.890902 1.1173213
[9208, 0.41665688, 1.0314182, 6.731992, 0.7567399] 2.4825008 1.014163 0.92607987 1.070351
[9209, 0.5092276, 0.9693751, 4.3290358, 0.416514] 2.6855736 0.93376786 0.8677475 1.1248482
[9210, 0.4660336, 1.0279305, 4.5032945, 0.7071314] 2.6793926 1.0902345 0.925662 1.1059992
[9211, 0.4962006, 0.99436414, 4.470258, 0.56828463] 2.7019792 1.1325336 0.85224265 1.1003124
[9212, 0.5925841, 0.82841396, 6.936438, 0.8209788] 2.213754 0.9079787 1.0091039 1.3653854
[9213, 0.5223072, 0.86756384, 9.088442, 0.7479097] 2.3615117 1.1711277 0.9024574 0.9658942
[9214, 0.5434359, 0.6018068, 3.9527023, 0.6312402] 2.161177 0.8923123 0.97773296 1.0354153
[9215, 0.4637675, 1.0765947, 5.4884686, 0.95185804] 2.5792656 0.8587238 0.9277554 1.1937633
[9216, 0.41888285, 1.0684357, 5.177802, 0.9423267] 2.6695344 0.825034 0.87713933 1.1729243
[9217, 0.54721415, 0.9490377, 6.1945353, 0.8485999] 2.4374368 0.9980626 0.8609887 1.2575111
[9218, 0.29984984, 1.1419755, 4.7724724, 0.5110715] 2.8183463 0.87301177 0.73387045 1.1550099
[9219, 0.48778832, 1.0245354, 4.4374137, 0.89974415] 2.8270319 1.0054277 0.8389119 1.0821283
[9220, 0.6250005, 0.72060627, 5.810344, 0.58543706] 2.4706159 0.7469746 0.8392643 1.0861801
[9221, 0.5376316, 0.97194594, 5.395588, 0.56518656] 2.5656872 0.9431716 0.8532232 1.209075
[9222, 0.5125181, 0.9798609, 5.4537826, 0.7645212] 2.4685156 0.92071074 0.83312523 1.3727633
[9223, 0.5311147, 0.9763373, 5.720341, 0.59935665] 2.5454721 0.9557837 0.8785218 1.0888293
[9224, 0.48118123, 1.0162119, 4.5231595, 0.39614448] 2.787594 0.88484675 0.75868756 1.1177162
[9225, 0.5328778, 0.7359056, 5.598303, 0.5453726] 2.162441 0.906642 0.9736089 1.2962323
[9226, 0.5336637, 0.9744106, 4.929722, 0.51524407] 2.5817115 0.8493249 0.9813552 1.3460606
[9227, 0.541515, 0.66962934, 4.871877, 0.4644215] 2.1453362 1.030904 0.9538294 1.0872159
[9228, 0.3898823, 1.0675194, 5.470452, 0.69722855] 2.596175 0.9539995 0.81364745 1.1127857
[9229, 0.41087487, 1.0084213, 6.5675616, 0.8680512] 2.4445047 0.78848326 0.88317996 1.3620882
[9230, 0.5740066, 0.78004247, 6.2816486, 0.9573168] 2.2491963 0.9972452 0.96875787 1.2010548
[9231, 0.58735, 0.8285103, 8.132827, 0.5667674] 2.496036 1.0745134 0.8582102 0.84989643
[9232, 0.5531502, 0.88068265, 5.9059067, 0.59958255] 2.3901088 1.0302906 0.8903358 1.1458236
[9233, 0.4674753, 0.8301511, 6.687019, 0.5456251] 2.3642156 0.89404786 0.9138412 1.0993252
[9234, 0.5127522, 0.8583473, 7.5025787, 0.77234113] 2.3408322 0.90069014 0.9083006 1.2577138
[9235, 0.48347646, 1.0050906, 6.4234023, 0.54644996] 2.5289183 0.9048922 0.7966956 1.2100974
[9236, 0.46498415, 1.056931, 5.644624, 0.97735375] 2.6793914 0.8990979 0.9449577 0.98522955
[9237, 0.56358075, 0.75218254, 5.614064, 0.47131497] 2.427145 0.882536 0.94650924 0.8823517
[9238, 0.5315325, 0.9905452, 5.080605, 0.7207525] 2.769268 0.8661629 0.7567194 0.9945256
[9239, 0.47821862, 1.0221796, 3.4146733, 0.67877984] 3.0136664 0.8939273 0.80475867 1.0422643
[9240, 0.5806491, 0.97150636, 5.491929, 0.56283367] 2.544543 0.9144544 1.0279561 1.2674811
[9241, 0.6071643, 0.61874443, 4.3784013, 0.5880501] 2.125267 1.0573015 0.94444185 1.0894061
[9242, 0.46980244, 0.9498386, 6.302408, 0.7599027] 2.587067 0.86115074 0.9626911 0.91163635
[9243, 0.62287277, 0.66341, 5.9981728, 0.6130171] 2.370752 0.98551524 0.8976855 0.8698872
[9244, 0.49100918, 1.0074661, 5.9593863, 0.810653] 2.6296985 0.92478406 0.843554 1.0251374
[9245, 0.6063328, 0.8074021, 7.4153137, 0.6862407] 2.4657772 1.0787114 0.7597843 0.9879448
[9246, 0.5348498, 0.7192918, 5.4780383, 0.57405096] 2.186061 0.99036545 0.96455073 1.1596365
[9247, 0.43135273, 1.0334084, 5.7713933, 0.6976462] 2.4682455 0.9219118 0.9503948 1.2435708
[9248, 0.48702744, 0.9189709, 7.7456856, 0.7011627] 2.4369748 0.9546762 0.89556515 1.1295285
[9249, 0.5235009, 0.82630867, 7.4472065, 0.7121503] 2.449393 0.9192821 0.8275027 1.0695726
[9250, 0.46992758, 1.0091357, 6.3070626, 0.8118919] 2.6129107 0.94454885 0.8511576 1.0026596
[9251, 0.5358983, 0.9890344, 5.547141, 0.667726] 2.584807 0.9814987 0.8278013 1.1873102
[9252, 0.566604, 0.857454, 7.8646007, 0.86574566] 2.455424 0.851697 0.96281356 1.0159405
[9253, 0.36736208, 1.0786393, 5.841975, 0.9336812] 2.6277938 0.8489777 0.897543 1.0725139
[9254, 0.57265294, 0.9738595, 6.1308336, 0.81119156] 2.5427253 1.0320388 0.73677087 1.1503421
[9255, 0.49785823, 0.9001574, 6.7379723, 0.46734384] 2.3638651 1.0145454 1.0109481 1.0419044
[9256, 0.45563376, 0.96291995, 6.940923, 0.9755729] 2.276101 1.0131497 0.943906 1.3713332
[9257, 0.53638643, 0.976076, 3.6739478, 0.5920689] 2.8012245 0.84416544 0.88994235 1.3272692
[9258, 0.5560838, 0.97992563, 5.549214, 0.55048126] 2.7129984 0.8431588 0.7976864 1.2247655
[9259, 0.3851648, 1.0781703, 6.2374163, 0.618141] 2.5960789 0.9073878 0.92494184 1.0427725
[9260, 0.44536743, 1.0427395, 4.63904, 0.41317782] 2.6115766 1.0656492 0.91397196 0.98856455
[9261, 0.5571837, 0.77148414, 6.143658, 0.6964247] 2.2833807 1.1060072 0.70468223 1.2005205
[9262, 0.6022361, 0.9328363, 5.0528426, 0.42570323] 2.3920074 1.1023028 0.9861612 1.3332167
[9263, 0.60947686, 0.8746693, 6.5119643, 0.54267174] 2.437195 0.9262711 0.81245214 1.3048829
[9264, 0.45939103, 1.0380511, 4.542546, 0.34953326] 2.8646996 0.8799343 0.7656054 1.053141
[9265, 0.48778528, 0.9935275, 3.866007, 0.4957248] 2.841567 0.8117757 0.8282751 1.1436146
[9266, 0.4486041, 1.0324616, 4.797111, 0.6226716] 2.6728122 1.0046084 0.9190796 1.2116079
[9267, 0.4653382, 1.0288005, 6.674433, 0.6303585] 2.5366557 0.91731864 0.97363794 1.0871398
[9268, 0.49237114, 0.92852706, 7.6714125, 0.6912745] 2.514925 1.0393564 0.8277589 0.97330254
[9269, 0.53911114, 0.9816786, 4.258085, 0.4955673] 2.684052 0.9307172 0.8879899 1.2866827
[9270, 0.49622494, 0.96920544, 6.3866467, 0.7805609] 2.565592 1.0174075 0.9208645 0.923909
[9271, 0.47320664, 1.0023376, 3.9218218, 0.55467314] 2.8760555 0.9158674 0.7967034 1.1619294
[9272, 0.60106295, 0.9287344, 3.4136703, 0.51176804] 3.1209383 0.84898126 0.69545823 0.9612667
[9273, 0.5755796, 0.7307226, 6.238076, 0.61373365] 2.2878468 0.97907823 0.9108831 1.1474404
[9274, 0.49856454, 0.87022644, 8.826629, 0.8117028] 2.418748 1.0416076 0.8838598 0.98511285
[9275, 0.5687488, 0.9373178, 3.9491138, 0.5644061] 2.7446358 0.89678 0.9157019 1.243038
[9276, 0.5089211, 1.0417173, 3.8647032, 0.54136515] 2.9474738 0.8811901 0.87674874 1.0483603
[9277, 0.5098131, 1.0137132, 5.3472524, 0.42559904] 2.6161919 1.0236274 0.79926044 1.223756
[9278, 0.4750496, 1.0076412, 4.688745, 0.46678612] 2.702248 1.0621021 0.91374916 1.0325099
[9279, 0.42146012, 1.0325109, 5.8178477, 0.8865787] 2.4208393 1.0414534 0.8679514 1.2625062
[9280, 0.47325096, 1.0579715, 5.267006, 0.59971935] 2.672082 1.1164107 0.8670398 0.8944997
[9281, 0.49130052, 1.0226854, 6.11672, 0.73371494] 2.6534526 0.843202 0.8933905 0.99846536
[9282, 0.5575347, 0.9492855, 3.5057561, 0.60883546] 2.8865683 0.9163167 0.79125285 1.2470417
[9283, 0.55916727, 1.0024434, 3.6888688, 0.655462] 2.7137833 1.0558354 0.95639133 1.2223738
[9284, 0.6154374, 0.7898215, 6.8362803, 0.5157971] 2.4847324 0.7954334 0.8318869 1.1577649
[9285, 0.50915486, 1.0144904, 4.275243, 0.4344634] 2.773909 0.98323923 0.8835189 1.0870882
[9286, 0.4904488, 1.0090127, 4.9714084, 0.45033085] 2.6166975 1.0037475 0.9200571 1.1077855
[9287, 0.4768311, 1.0233423, 5.3553653, 0.593532] 2.5947573 1.0116063 0.8837573 1.0732737
[9288, 0.4107839, 1.0789267, 4.8731804, 0.53520393] 2.5792308 1.0276004 0.9034593 1.2097628
[9289, 0.46107778, 1.0523628, 5.025088, 0.5096878] 2.5425093 1.0329803 1.0651108 1.078658
[9290, 0.5378972, 0.98865855, 4.2566714, 0.538757] 2.7810087 0.8991682 0.78769994 1.1100447
[9291, 0.33763468, 1.11984, 5.8142724, 0.9552543] 2.6130302 1.0021751 0.97985417 0.9435303
[9292, 0.49406254, 1.0219585, 6.7102685, 0.92389935] 2.6207893 0.9124015 0.9746952 0.9485208
[9293, 0.5873704, 0.8295069, 7.5074415, 0.7917674] 2.5480056 0.92170227 0.77149713 0.9987155
[9294, 0.5275619, 1.0195444, 4.324959, 0.58495843] 2.9347012 0.8628105 0.7247118 0.95456475
[9295, 0.63864505, 0.6852709, 5.195921, 0.5703003] 2.2433977 0.93891823 0.8756968 1.2138517
[9296, 0.4947929, 0.67308587, 4.8645973, 0.45417127] 2.1868677 1.0905894 0.8449833 1.053701
[9297, 0.45696273, 0.8833058, 7.5288186, 0.76129645] 2.3853672 0.95593375 0.87049484 1.1739584
[9298, 0.49393144, 1.0123737, 5.303338, 0.72966594] 2.5744603 0.9591368 0.8978697 1.1227123
[9299, 0.41562265, 1.0616236, 5.578733, 0.9252005] 2.502113 1.003609 0.9539039 1.1158503
[9300, 0.5379286, 0.8370582, 6.8499265, 0.75895697] 2.420281 0.96354496 0.83082706 1.1302959
[9301, 0.48583037, 0.8730487, 7.4993925, 0.8141166] 2.5132544 0.8884771 0.8871344 0.90354514
[9302, 0.41147232, 1.0455201, 5.6499715, 0.7213652] 2.5479982 1.0628977 0.9885347 0.9044077
[9303, 0.51358074, 1.0170667, 5.7145953, 0.709005] 2.4224038 1.0328525 0.9842396 1.315169
[9304, 0.5008345, 1.0199662, 4.692679, 0.4967384] 2.7597399 0.9319565 0.7997352 0.9329548
[9305, 0.511402, 1.0279119, 4.661652, 0.6264734] 2.68685 0.96345365 0.8973559 1.2124718
[9306, 0.50910884, 0.7392804, 4.593814, 0.62962097] 2.2515883 0.849525 0.88764656 1.2393217
[9307, 0.47796515, 1.024706, 6.186785, 0.7317897] 2.539159 1.0178376 0.9502789 1.0720478
[9308, 0.4290107, 0.97907174, 8.352188, 0.6667646] 2.5212388 0.9459157 1.0088997 0.8842769
[9309, 0.48996016, 1.0429853, 4.6455607, 0.59847677] 2.738091 0.98027617 0.8991049 1.1575766
[9310, 0.50440925, 0.98629737, 4.431488, 0.38596374] 2.8231547 0.9228617 0.80109924 0.9565541
[9311, 0.5728226, 0.6657393, 4.89081, 0.47724465] 2.1005418 1.0541486 1.0111187 1.1860445
[9312, 0.38395926, 0.7381985, 4.164918, 0.4505602] 2.3453143 0.99633497 0.7645456 0.9633591
[9313, 0.58100516, 0.86092514, 7.5829954, 0.7780589] 2.499188 1.039385 0.75033337 1.0518008
[9314, 0.5307896, 1.0053972, 2.7557588, 0.64682263] 3.0549266 1.120256 0.8326458 1.0465767
[9315, 0.46949995, 1.0152817, 5.1158776, 0.4952065] 2.785366 0.88386077 0.8078005 1.0627271
[9316, 0.5131905, 0.8278526, 6.123697, 0.61924064] 2.2871578 1.064744 1.0508497 1.0142282
[9317, 0.53558874, 0.9654152, 4.7917995, 0.53629357] 2.5628586 1.0461619 0.85550773 1.0583261
[9318, 0.43451515, 0.9169452, 7.546609, 0.46598354] 2.4614737 0.9563807 0.91597193 0.9976888
[9319, 0.5295808, 0.72795993, 5.492172, 0.5629411] 2.2409973 0.8824151 0.9472227 1.1845531
[9320, 0.63846934, 0.74165446, 7.018144, 0.6084886] 2.3317769 1.0333513 0.8638972 1.0663128
[9321, 0.48915282, 1.0293825, 5.798604, 0.9099005] 2.5453076 0.9935552 0.92674935 1.072773
[9322, 0.49739847, 0.9943777, 6.4322248, 0.44388992] 2.5671744 0.925517 0.85842764 1.0662032
[9323, 0.541444, 0.9563197, 6.0423636, 0.7750407] 2.4577358 1.0328345 0.91133153 1.1347975
[9324, 0.57088894, 0.9867224, 4.159272, 0.9009139] 2.7122262 1.0644093 0.8984599 1.2854847
[9325, 0.41517106, 1.0759363, 5.2110214, 0.6192089] 2.6834073 0.87558025 0.9214623 1.1313179
[9326, 0.49206933, 0.990167, 4.8345532, 0.5449847] 2.734747 0.9661383 0.7799271 1.0182892
[9327, 0.4904143, 0.9957772, 5.092096, 0.6635328] 2.6280246 0.863496 0.94317603 1.2198573
[9328, 0.5141195, 0.85989857, 7.9460034, 0.69368386] 2.272298 1.0517657 0.95196736 1.1596848
[9329, 0.43694377, 1.0336684, 5.5679193, 0.568017] 2.665844 0.8545055 0.87730914 1.1181208
[9330, 0.41363946, 1.0535892, 4.693006, 0.54030913] 2.613789 1.112839 0.75958186 1.2179542
[9331, 0.5257938, 1.000847, 5.034743, 0.5843626] 2.5932245 0.9610772 0.8297639 1.1782953
[9332, 0.57666993, 0.9690622, 4.6574078, 0.64771885] 2.6302187 1.0262185 0.91661125 1.0277362
[9333, 0.51187235, 1.0318344, 4.2846375, 0.5477644] 2.7710803 1.0392386 0.9380113 1.0754704
[9334, 0.5851598, 0.9442221, 3.5413797, 0.421824] 2.6205409 0.94041234 0.9851656 1.4155562
[9335, 0.5162332, 0.783468, 6.48521, 0.60934544] 2.341799 1.0304164 0.81249374 1.0619887
[9336, 0.47656152, 1.0233468, 3.6826591, 0.5491465] 2.8776102 1.1199079 0.8484139 0.8510546
[9337, 0.3916496, 0.9252817, 6.783462, 0.600095] 2.5442123 0.9667031 0.78024113 0.9266691
[9338, 0.52751994, 0.84595644, 6.527354, 0.60162145] 2.524122 0.92052126 0.72867 1.0513272
[9339, 0.56727487, 0.8785901, 5.0179963, 0.51943326] 2.3578506 0.9730825 0.92593616 1.2899123
[9340, 0.46214855, 1.0219378, 5.7462497, 0.715249] 2.5200055 1.0709902 0.93467677 1.0015043
[9341, 0.6190973, 0.9316184, 4.9514637, 0.5295691] 2.7572458 0.9942041 0.77988416 1.1303123
[9342, 0.5019026, 1.0133498, 6.401169, 0.6700623] 2.6219044 1.1188974 0.7419403 0.9298279
[9343, 0.40141755, 0.67370033, 4.282558, 0.6375419] 2.311371 0.9442425 0.7372746 0.9638642
[9344, 0.4677744, 1.0164518, 7.3838444, 0.8508215] 2.50866 1.0751783 0.9622476 0.95745754
[9345, 0.47457173, 0.86798465, 7.225641, 0.90233076] 2.4173744 0.88332564 0.9192849 1.0497253
[9346, 0.62334746, 0.89286727, 3.3465674, 0.46821085] 2.8989348 1.1168936 0.9177566 0.8952943
[9347, 0.499848, 0.7340213, 5.3314047, 0.6821901] 2.3119512 0.89434654 0.8707511 1.1371542
[9348, 0.5601575, 0.7967338, 6.6906986, 0.566108] 2.138002 1.0799614 0.9850032 1.2527401
[9349, 0.5504099, 0.73261255, 5.271273, 0.5262588] 2.311717 0.98076457 0.88538736 1.0372972
[9350, 0.4938257, 1.0249301, 6.2479744, 0.695566] 2.5330195 0.91204005 0.92487144 1.1359943
[9351, 0.4203621, 1.0411015, 6.062696, 0.9310812] 2.5319486 1.0046331 0.8717601 1.0590383
[9352, 0.44049954, 1.0752255, 4.825568, 0.58684516] 2.6200244 0.8682284 0.81184024 1.2707253
[9353, 0.4705653, 1.0139469, 4.0988536, 0.4790831] 2.751612 0.9565814 0.7998312 1.0919036
[9354, 0.498773, 1.0209682, 4.0622168, 0.44047] 2.790698 0.9042203 0.86952865 0.94701684
[9355, 0.42374575, 1.0414051, 3.795633, 0.47168493] 2.8256533 0.89085793 0.85943896 1.0645877
[9356, 0.43551603, 1.0469631, 4.3179317, 0.42515045] 2.8391476 0.97763085 0.77979654 0.9506012
[9357, 0.54399836, 0.9151528, 7.5219374, 0.5482572] 2.570813 1.1187654 0.7911088 0.8727487
[9358, 0.47478238, 1.0098561, 4.7678895, 0.37436262] 2.6594718 0.9672073 0.7639166 1.1578416
[9359, 0.5304311, 0.9551509, 6.574333, 0.72634256] 2.6231935 0.971372 0.73948926 0.9952576
[9360, 0.55249786, 0.9368433, 7.009794, 0.7384239] 2.4886627 0.98392016 0.8436603 1.0980626
[9361, 0.4373656, 1.0064157, 6.007565, 0.8980392] 2.5858717 0.9282499 0.7547044 1.0904603
[9362, 0.5218857, 0.98547876, 5.184513, 0.6773571] 2.74473 0.8457343 0.8855122 1.062665
[9363, 0.613007, 0.68347627, 6.129314, 0.29305565] 2.209968 1.1465958 1.0033922 1.0377092
[9364, 0.58093077, 0.95575696, 3.4093237, 0.58742034] 2.9717567 1.0399938 0.71835715 1.0438681
[9365, 0.56852967, 0.91649544, 6.6006823, 0.5973181] 2.4306633 0.97738045 0.88520336 1.2098322
[9366, 0.5566914, 1.0237163, 2.5484383, 0.55791634] 3.1890895 0.9278102 0.90678316 1.0797781
[9367, 0.48212716, 0.99964774, 4.625071, 0.63785905] 2.5967243 1.1440165 0.748029 0.98198783
[9368, 0.4259191, 1.0577728, 4.0029335, 0.65447485] 2.9518206 0.86274445 0.84524393 0.9576339
[9369, 0.41314167, 1.0214994, 6.924116, 0.73094124] 2.4959583 0.9704946 0.98130673 1.1024241
[9370, 0.581698, 0.9559044, 6.040096, 0.8460044] 2.6503742 1.0155154 0.8835416 0.85783684
[9371, 0.4349222, 1.0587945, 3.6757169, 0.49417162] 3.0256493 0.87346023 0.63630486 1.1186733
[9372, 0.47602066, 1.0164198, 4.8226385, 0.4962486] 2.624697 0.91845864 0.96787196 1.1899054
[9373, 0.5560178, 0.99099916, 3.3902428, 0.44928485] 2.916017 0.7306945 0.89865625 1.3099209
[9374, 0.5996927, 0.9344482, 5.738184, 0.8863127] 2.6842382 0.8062223 0.7983222 1.0841852
[9375, 0.5820609, 0.8853382, 6.726906, 0.5490232] 2.561929 0.8569792 0.7517058 1.1584908
[9376, 0.5538742, 0.9417521, 6.910469, 0.8561753] 2.4639266 0.95602614 0.85930425 1.1787536
[9377, 0.41080025, 0.9083061, 8.889912, 0.63900054] 2.4620378 1.0524707 0.8571989 0.93602306
[9378, 0.6039508, 0.8115851, 5.9715524, 0.6048444] 2.4108896 0.9892067 0.85136825 1.1360282
[9379, 0.50666547, 1.0194389, 3.7057798, 0.75023454] 2.9787326 0.89591426 0.78263927 0.94003904
[9380, 0.59557164, 0.90970176, 6.0923767, 0.750446] 2.5034008 0.9595972 0.818328 1.1899348
[9381, 0.5162624, 0.93563247, 6.172371, 0.6732995] 2.455174 1.0340953 0.85414094 1.1267912
[9382, 0.5963524, 0.8417715, 6.6337905, 0.6357164] 2.596821 0.96316904 0.66873306 1.0017647
[9383, 0.5111704, 1.0004084, 4.8394413, 0.59328014] 2.6582265 1.0122516 0.75677687 1.0789549
[9384, 0.487996, 1.0241684, 5.898934, 0.6115763] 2.612549 0.9756074 0.9086484 1.0271118
[9385, 0.5133443, 0.9734917, 5.8444514, 0.6575911] 2.5938392 0.9813544 0.79179305 1.0853112
[9386, 0.56190115, 0.8007979, 8.258717, 0.6157611] 2.320375 0.97494066 0.94370544 1.1400136
[9387, 0.43622163, 0.7031982, 4.1353426, 0.6484029] 2.3161318 1.0414234 0.8014485 0.87723863
[9388, 0.43335947, 1.0564965, 6.647921, 0.82572347] 2.5617304 0.94376266 0.9961541 1.049558
[9389, 0.5378729, 0.8026047, 6.81698, 0.6123493] 2.3257532 0.9130061 0.91530627 1.1977993
[9390, 0.5156566, 1.0030202, 4.866553, 0.54651034] 2.8229666 0.93776244 0.9725432 0.85813963
[9391, 0.5481446, 0.93161577, 6.8159604, 0.8384331] 2.4975524 1.1123294 0.7949765 1.0059628
[9392, 0.5590627, 0.9812332, 5.6842036, 0.62728417] 2.7230678 0.95513 0.8339389 0.964349
[9393, 0.4746726, 1.0490881, 5.8819494, 0.96661305] 2.5309744 1.0008153 0.97282356 1.0557257
[9394, 0.5239889, 0.662592, 4.50332, 0.4668071] 2.26835 0.98925036 0.858543 0.9436799
[9395, 0.5679881, 0.70194423, 5.798219, 0.42159006] 2.2870996 0.94095325 0.90038526 1.0864719
[9396, 0.6418406, 0.6668398, 5.4865317, 0.37923726] 2.238703 0.92351764 0.957195 1.1987461
[9397, 0.5154856, 1.0091012, 4.7152286, 0.41579053] 2.7485259 1.0378667 0.8070005 0.90054893
[9398, 0.47206652, 1.0335549, 4.685732, 0.574756] 2.6627889 0.93591875 0.8734587 1.0132957
[9399, 0.5129782, 0.75957495, 5.6480293, 0.50327855] 2.3271527 0.90243053 0.89991564 1.0511101
[9400, 0.32727545, 1.0990841, 5.941946, 0.5752652] 2.5931141 0.9800382 0.9347363 1.0467196
[9401, 0.42892265, 1.0558392, 6.5141845, 0.78325295] 2.589413 1.0541458 0.97627723 0.97822994
[9402, 0.5799998, 0.9387561, 6.3771677, 0.7783953] 2.5379739 0.91019887 0.83716005 1.1674024
[9403, 0.55475104, 0.97422576, 4.762787, 0.49012482] 2.641773 0.9764954 1.0065413 1.1505615
[9404, 0.52650386, 1.0129999, 5.3675084, 0.7324233] 2.574813 0.93738425 0.90181243 1.1663151
[9405, 0.39515504, 0.9712816, 7.0977607, 0.62536806] 2.3606815 1.046646 0.99322206 1.0512321
[9406, 0.7114036, 0.53933257, 4.7904058, 0.5259718] 2.1670501 0.92457235 0.8656126 1.2552837
[9407, 0.49021134, 1.0409468, 3.9919906, 0.5556307] 2.9824262 0.9653147 0.76187766 0.9485706
[9408, 0.42898574, 1.0451758, 5.6113677, 0.77430505] 2.496579 0.998174 0.8672879 1.1341625
[9409, 0.6150635, 0.9263362, 5.2753534, 0.577733] 2.6325448 0.9857586 0.8714267 1.0858879
[9410, 0.4479722, 1.0582789, 5.269129, 0.6457242] 2.7072802 0.93144417 0.81130445 0.92007124
[9411, 0.51903147, 0.99029875, 6.2981668, 0.68814635] 2.6904297 0.8902913 0.8767561 0.88287324
[9412, 0.48967105, 0.9394909, 8.063325, 0.6490824] 2.6301193 0.9961128 0.72075886 0.90314746
[9413, 0.5716221, 0.95952225, 5.921111, 0.8168678] 2.6105905 1.00963 0.69411045 1.1033102
[9414, 0.47487837, 1.0283457, 7.0583606, 0.8045627] 2.4831328 1.0234729 0.98100555 1.0650017
[9415, 0.32614776, 1.1040084, 6.758663, 0.76560366] 2.403869 1.042255 0.9672035 1.1825352
[9416, 0.40703306, 1.0516341, 5.9227357, 0.7090066] 2.539993 0.91166246 0.94661355 1.1010333
[9417, 0.52819264, 0.97973186, 4.906454, 0.6982665] 2.6510127 0.89053047 0.87152195 1.2478201
[9418, 0.503183, 0.878313, 8.371761, 0.68474334] 2.2907417 1.0832623 0.8555681 1.1913747
[9419, 0.5942532, 0.70543236, 6.2355933, 0.5339828] 2.2274137 1.0767593 0.9125943 1.1017652
[9420, 0.5095068, 0.9760749, 5.2809167, 0.67522264] 2.492187 1.0305028 0.9146397 1.0485958
[9421, 0.5441563, 0.9687215, 6.179488, 0.4842473] 2.545995 1.1278034 0.9574788 0.8922008
[9422, 0.69704485, 0.60603464, 4.960734, 0.45709112] 2.3787115 0.9272374 0.942796 0.90239143
[9423, 0.49311155, 0.9211792, 8.512806, 0.6320873] 2.47174 0.97075164 0.7866341 1.1254251
[9424, 0.53134894, 0.83824253, 8.433166, 0.8327692] 2.5337038 0.91144127 0.85727483 0.86746645
[9425, 0.4701741, 0.97882766, 7.311047, 0.57100254] 2.4575617 0.9629146 0.9110109 1.1404388
[9426, 0.49297714, 0.99082863, 5.3182144, 0.73715216] 2.6283104 0.94311833 0.8188852 1.0282462
[9427, 0.5294678, 0.98268235, 4.7616916, 0.4612215] 2.612934 0.98052263 0.8813016 1.1704904
[9428, 0.46652213, 1.0633812, 4.0343194, 0.6438347] 2.8598518 1.0823517 0.804413 1.1357564
[9429, 0.577714, 0.9554449, 4.813444, 0.92143536] 2.6306198 1.0680927 0.87000644 0.9469029
[9430, 0.61888784, 0.90682536, 3.1102026, 0.6217986] 3.0209448 0.9263307 0.84587365 0.94481313
[9431, 0.5200775, 0.98677903, 3.5612013, 0.5960661] 2.9383266 1.0190426 0.778705 1.0069427
[9432, 0.51483804, 1.0184475, 5.42628, 0.6740589] 2.643077 1.0394732 0.85563725 0.9836454
[9433, 0.57993925, 0.6797413, 4.113028, 0.60517097] 2.2616878 0.9597419 0.89636546 0.9812913
[9434, 0.42008197, 1.0093299, 6.1567945, 0.8446962] 2.414847 0.9789206 0.9470149 1.1937895
[9435, 0.57018876, 0.98843896, 2.870082, 0.6233657] 3.0932844 0.9583192 0.8654229 1.0279305
[9436, 0.44026387, 0.932774, 7.530381, 0.96658957] 2.4018893 1.1207274 0.88464 0.99445
[9437, 0.47031304, 0.859909, 6.1943116, 0.5921884] 2.3726537 0.8434341 0.9143111 1.132418
[9438, 0.49505463, 0.8311363, 5.7952423, 0.6644681] 2.3449144 1.0045222 0.94657266 1.0263264
[9439, 0.5261912, 0.962007, 3.4614193, 0.68868434] 2.8260295 1.022 0.7993143 1.1569551
[9440, 0.45454034, 1.0558411, 5.2690053, 0.48443896] 2.6991901 0.9896647 0.74971956 0.995904
[9441, 0.5441022, 1.0221341, 3.8746617, 0.6932548] 2.8168604 0.9665399 0.98451144 1.1459671
[9442, 0.53083724, 1.0041662, 3.5769517, 0.54577065] 2.8905528 1.0305768 0.82520473 1.044207
[9443, 0.49573398, 0.9645865, 6.9716344, 0.7761339] 2.3682444 0.9893786 0.89107233 1.2881157
[9444, 0.5211029, 0.86511993, 7.123831, 0.54897106] 2.2566562 1.0964023 0.86809796 1.2976192
[9445, 0.5446547, 0.8726986, 8.835879, 0.45617884] 2.2601614 1.0846866 0.91864824 1.265877
[9446, 0.48756355, 0.9700963, 6.6402016, 0.54229945] 2.470027 1.0108287 0.926556 1.0648061
[9447, 0.430227, 1.0760334, 5.997965, 0.8361173] 2.5798235 1.0245878 0.88874364 1.0455701
[9448, 0.52712953, 1.0071841, 5.479447, 0.5463904] 2.6138055 1.0277324 0.6377768 1.3117274
[9449, 0.48440087, 0.78978604, 5.4770308, 0.62293905] 2.2255101 0.8864042 0.9503449 1.2724493
[9450, 0.5571916, 0.97775567, 4.6741605, 0.4446122] 2.8125167 0.8285232 0.8405028 1.1488212
[9451, 0.4562136, 1.0555297, 4.203624, 0.5320062] 2.7509038 1.0157914 0.88608587 1.0341206
[9452, 0.5888089, 0.5660573, 4.139165, 0.73364043] 2.111207 0.9347073 0.80844355 1.1318672
[9453, 0.4366472, 1.0405058, 6.2328024, 0.6899046] 2.5740469 0.94894576 0.9811357 0.9806295
[9454, 0.46907753, 1.044143, 4.920485, 0.56180197] 2.691447 1.0679909 0.7832769 0.9019394
[9455, 0.51453733, 1.0029491, 4.26911, 0.6175382] 2.7084274 1.0509361 0.90398496 1.2262664
[9456, 0.47047186, 0.8569302, 6.3937235, 0.66897047] 2.3632653 0.9927423 0.7614286 1.1517739
[9457, 0.49631035, 1.0268558, 3.4149382, 0.5125404] 2.991192 0.850574 0.7195887 1.1672021
[9458, 0.5117301, 1.0013211, 4.1397233, 0.4936218] 2.884768 0.8513496 0.77759856 1.0054061
[9459, 0.5212543, 0.97188956, 5.905492, 0.6122965] 2.5080714 0.95597684 1.0273674 1.020291
[9460, 0.43943158, 1.0711699, 4.7619147, 0.4574043] 2.6470575 0.92168623 0.83444464 1.23208
[9461, 0.5351028, 0.98399925, 5.1887846, 0.35185707] 2.490824 1.1367362 0.9006193 1.2032065
[9462, 0.47382692, 1.0274043, 4.4462256, 0.4868441] 2.7225735 0.9348198 0.77501416 1.1080959
[9463, 0.5269824, 0.9737293, 4.499902, 0.5638111] 2.8571248 0.84939593 0.86933553 0.9857145
[9464, 0.5553279, 0.9654011, 4.9008217, 0.5845413] 2.534177 1.0408459 0.89835334 1.0550283
[9465, 0.48369324, 1.0004247, 4.8603244, 0.7001179] 2.5913038 1.1082697 0.87294257 0.9500886
[9466, 0.48207375, 0.9815206, 6.0594606, 0.8406703] 2.5039206 0.92555434 0.8531513 1.1778864
[9467, 0.45397845, 1.0450178, 5.8854165, 0.7380103] 2.4328997 1.1600243 0.9294609 1.1427971
[9468, 0.5250723, 0.9955165, 4.671988, 0.31853816] 2.7048378 1.0340121 0.8560727 1.1070983
[9469, 0.40770048, 1.0189122, 6.751316, 0.72545516] 2.4104378 0.9314286 1.0263739 1.1585263
[9470, 0.43140256, 1.0425956, 4.3417625, 0.95799553] 2.5212595 1.0764557 0.85526216 1.1420152
[9471, 0.5183008, 1.0004401, 3.7032912, 0.7121764] 2.7875996 0.7275351 1.0147227 1.3121063
[9472, 0.5025714, 1.0374094, 3.5202138, 0.63324374] 2.9620514 0.93597186 0.8536939 1.1182076
[9473, 0.492696, 0.94231904, 7.767312, 0.62825906] 2.446551 0.94917476 0.8910186 1.1657628
[9474, 0.5466256, 1.0403973, 2.70799, 0.7262317] 3.1147554 0.9180427 0.87525743 1.1120775
[9475, 0.4820623, 0.7485682, 4.811041, 0.7133074] 2.3132815 0.86349475 0.8668723 1.141886
[9476, 0.53285056, 0.99490875, 3.9427028, 0.63568807] 2.8644755 1.1000967 0.8144274 1.0273926
[9477, 0.51993257, 0.9014548, 7.332411, 0.84088343] 2.4223857 0.8323049 0.85044247 1.2649279
[9478, 0.4528072, 1.0287352, 4.6336784, 0.5047542] 2.7365084 1.0777925 0.75503635 0.9157793
[9479, 0.39829466, 1.0695261, 6.144692, 0.9462424] 2.4385529 0.97216713 0.9633563 1.1758668
[9480, 0.43348184, 1.0753102, 4.7024345, 0.39921078] 2.7545333 0.99173605 0.8347799 1.0123537
[9481, 0.46743962, 1.0289981, 5.3320465, 0.5050097] 2.5545464 1.0902331 0.9133479 1.0858152
[9482, 0.43655846, 1.0408698, 5.4408674, 0.8955865] 2.5309613 0.9150363 1.0459856 1.0635726
[9483, 0.46444863, 0.9842565, 7.359913, 0.3461171] 2.6581366 0.9176584 0.7638161 0.9134438
[9484, 0.49320668, 0.9875375, 6.3063593, 0.7115191] 2.4416966 0.87450063 0.9377914 1.2360055
[9485, 0.51739466, 0.7416398, 5.282622, 0.6213375] 2.2653663 1.0376577 0.8674614 1.0714989
[9486, 0.5770574, 0.6608745, 4.6916018, 0.48203686] 2.1396422 1.0414555 0.90854657 1.1258737
[9487, 0.4763381, 0.9498305, 7.397272, 0.7927437] 2.3481576 1.0418702 0.9869692 1.0913717
[9488, 0.37307283, 1.1121279, 4.5463514, 0.6895258] 2.8278873 1.0004191 0.8515089 1.1107911
[9489, 0.4939161, 1.0182823, 4.8712234, 0.5930181] 2.6959424 0.9948941 0.83205456 1.0748255
[9490, 0.48178867, 0.99509555, 6.2401695, 0.98704255] 2.646809 0.8834436 0.8457469 0.96491474
[9491, 0.56737286, 0.9467181, 3.721611, 0.62510455] 2.8244174 0.8885391 0.8632944 1.2813448
[9492, 0.45439756, 1.0556798, 5.399368, 0.4871889] 2.797991 0.93604714 0.83195275 0.96991813
[9493, 0.41300422, 0.7710103, 5.732855, 0.47372258] 2.3540828 1.0039145 0.8287 0.9684055
[9494, 0.48226914, 0.9780582, 5.892379, 0.66463184] 2.5348861 0.9534987 0.91070443 1.0024875
[9495, 0.5457272, 0.97662735, 4.132145, 0.6657497] 2.8615189 0.9247149 0.8146307 1.1001443
[9496, 0.58611757, 0.9381788, 5.1383796, 0.63853955] 2.5222406 1.0597926 0.8230099 1.2035166
[9497, 0.5185794, 0.9926314, 5.115612, 0.55546784] 2.8256693 0.77781916 0.9275713 1.0132229
[9498, 0.4251848, 1.0554208, 5.070266, 0.6985878] 2.5345771 1.2168677 0.96492 1.0908704
[9499, 0.46139792, 0.8594485, 6.8901453, 0.74906063] 2.3026328 1.002762 0.82978433 1.21676
[9500, 0.47289842, 0.90180016, 8.287155, 0.513962] 2.4913893 0.895096 0.820753 1.085281
[9501, 0.48480728, 0.95002526, 6.8945403, 0.98066145] 2.4673817 0.8875188 0.90428597 1.1504745
[9502, 0.50067216, 0.73899496, 5.6752243, 0.43614388] 2.2675803 0.87203985 0.9822731 1.1532447
[9503, 0.5358132, 1.0038276, 5.14517, 0.7643789] 2.7288444 0.92811424 0.84984857 1.0526679
[9504, 0.6128049, 0.8218127, 6.580893, 0.67440826] 2.4742796 0.71443695 0.87633246 1.2374523
[9505, 0.50905913, 1.0253538, 3.486891, 0.6681584] 2.9570909 1.0589299 0.7798135 0.93937576
[9506, 0.544402, 0.9352771, 6.826851, 0.7124757] 2.6412392 0.9186121 0.81357896 0.9066583
[9507, 0.52100754, 0.98913723, 7.218928, 0.8437034] 2.4676442 0.9639682 0.88613 1.224056
[9508, 0.4273693, 1.0435126, 5.978922, 0.71257794] 2.5428257 0.9226006 0.89060825 1.1164372
[9509, 0.5056136, 1.033361, 4.381876, 0.6379567] 2.630601 1.0439516 0.9828288 1.1484444
[9510, 0.41423243, 1.0623842, 5.618877, 0.90101355] 2.4887147 0.9620854 1.0632713 1.1770626
[9511, 0.51456153, 1.0183514, 4.8023534, 0.47701234] 2.5100188 1.0333093 0.9020271 1.2872525
[9512, 0.49194476, 0.8567025, 7.1796308, 0.68849295] 2.3983781 0.94857293 0.9519848 1.0170791
[9513, 0.49097362, 1.0369381, 4.916752, 0.5521153] 2.7642317 0.8232519 0.96673393 1.0622054
[9514, 0.434642, 1.0501528, 5.8639793, 0.7290304] 2.5670118 1.0087483 0.79786795 1.0885655
[9515, 0.5707832, 0.81676173, 6.8818464, 0.50582033] 2.2284663 1.0601053 0.93811846 1.2286664
[9516, 0.51294863, 0.9951482, 5.70416, 0.64621496] 2.4289968 1.0772918 0.9236343 1.2164679
[9517, 0.5034592, 1.016406, 4.1247807, 0.65561974] 2.8419425 1.0417215 0.81198704 1.0921195
[9518, 0.52436006, 0.91627556, 8.590132, 0.5888735] 2.2907124 0.9542428 1.0131558 1.2432939
[9519, 0.48122457, 1.0283, 4.689553, 0.61611074] 2.6776714 0.9570913 0.93396574 1.1877458
[9520, 0.48996836, 1.0105194, 5.915561, 0.7387054] 2.5893176 0.8781946 0.82335746 1.1753588
[9521, 0.5435776, 0.9903127, 4.0862837, 0.40477103] 2.853473 1.1042211 0.7227854 0.9676442
[9522, 0.61640686, 0.77837425, 7.7955685, 0.64425725] 2.2973316 0.8315126 0.9663396 1.3320092
[9523, 0.5712657, 0.898441, 8.69888, 0.90318906] 2.3820283 1.0042586 0.9094121 1.1855497
[9524, 0.5727911, 0.8608163, 7.4278817, 0.79520434] 2.5075178 1.003144 0.77660435 0.9684736
[9525, 0.5283297, 0.8382497, 7.970572, 0.5575071] 2.2355757 1.028642 1.0095369 1.2007842
[9526, 0.5068292, 0.99147433, 4.712634, 0.6849913] 2.6659796 1.0155889 0.77792954 1.1806667
[9527, 0.46966296, 1.0371192, 4.8827934, 0.4619572] 2.6193032 1.1199653 0.9748062 1.139703
[9528, 0.49425584, 1.00973, 5.826196, 0.5555593] 2.5545795 0.91034484 0.8426054 1.125262
[9529, 0.46525615, 1.0265856, 4.6070385, 0.6159262] 2.7878988 0.9151304 0.8245458 0.98788404
[9530, 0.45643985, 1.0695195, 5.210927, 0.60188335] 2.605747 1.0169669 1.0106388 1.1042315
[9531, 0.4355686, 1.0632486, 5.30224, 0.6224234] 2.7386603 0.93648976 0.806099 1.0510882
[9532, 0.47350308, 0.9715595, 6.255091, 0.71007615] 2.5060925 0.9572006 0.7922407 1.1578355
[9533, 0.5142916, 0.9582484, 6.747675, 0.67490053] 2.4498878 0.8390173 1.0112784 1.1763356
[9534, 0.62263846, 0.7170523, 5.8052244, 0.5881163] 2.35041 0.98736477 0.8129582 1.0739098
[9535, 0.46851248, 1.0321529, 4.9264317, 0.5607594] 2.577589 0.992772 0.79527014 1.1115172
[9536, 0.6051156, 0.91153103, 5.0146976, 0.60267943] 2.5405107 0.9439847 0.8034611 1.2440892
[9537, 0.47261488, 1.0432553, 3.3421998, 0.6908456] 3.0271766 0.98525673 0.839039 1.0260772
[9538, 0.39533377, 1.073686, 4.6499696, 0.6860736] 2.774382 1.0737593 0.8773312 1.0117974
[9539, 0.6303218, 0.8057328, 7.680235, 0.54235536] 2.4149437 1.0607489 0.825536 1.0630326
[9540, 0.498786, 1.0109328, 6.3275337, 0.56822443] 2.6630275 0.95858794 0.73517853 1.1394665
[9541, 0.5705461, 0.9593223, 6.067206, 0.5025017] 2.623063 0.84541935 0.8674758 1.2665522
[9542, 0.5767697, 0.9207599, 7.0755086, 0.66564894] 2.510474 1.0179359 0.88273895 0.98190594
[9543, 0.45868206, 1.004697, 6.0381956, 0.5278676] 2.5610056 0.9022902 1.0143999 1.0670449
[9544, 0.47347888, 1.007865, 5.2928143, 0.49066606] 2.6479566 1.030376 0.7961417 1.2079731
[9545, 0.4414419, 1.0201701, 7.0268564, 0.7753004] 2.6347625 0.8967618 0.9196806 0.9160499
[9546, 0.5032997, 1.0407076, 3.7129264, 0.8041037] 2.9941306 1.0302639 0.77884203 1.0177455
[9547, 0.40223703, 0.9612756, 7.666386, 0.85818183] 2.4509232 0.9690667 1.0006067 0.96406853
[9548, 0.4892489, 0.99497956, 5.8069305, 0.67034316] 2.4784236 1.1388342 0.87222844 1.0635948
[9549, 0.5718987, 0.6611684, 3.6833262, 0.46179825] 2.079243 0.9645344 1.0471901 1.2122988
[9550, 0.60247695, 0.81130725, 7.5251393, 0.650517] 2.53034 1.0313473 0.7942517 0.8756746
[9551, 0.3937562, 1.0751213, 5.8653736, 0.813766] 2.6669025 0.89353454 0.8209446 1.0913823
[9552, 0.5799732, 0.6516224, 5.0791054, 0.4749956] 2.195811 1.1043987 0.84876335 1.1031804
[9553, 0.48792908, 0.9368982, 7.4983163, 0.8739559] 2.5054705 0.93681264 0.9046474 1.0641023
[9554, 0.54003644, 0.86335355, 7.0473847, 0.6031644] 2.4624937 0.90816003 0.8474956 1.1191443
[9555, 0.6317535, 0.7556929, 7.5522127, 0.533249] 2.4727378 1.0468976 0.73793924 0.9893732
[9556, 0.4638744, 1.0252988, 5.498381, 0.6322323] 2.6394517 0.97606725 0.88593984 1.1282204
[9557, 0.5417264, 0.78323984, 6.092194, 0.9320788] 2.2379327 1.0777313 0.904212 1.0900944
[9558, 0.50546855, 1.0110826, 6.75966, 0.94919497] 2.5921788 0.83048874 0.9018126 1.0693872
[9559, 0.52030396, 0.94791543, 6.784388, 0.6567931] 2.531749 1.0873514 0.90745854 0.8770831
[9560, 0.5408633, 0.9376982, 7.23165, 0.7892223] 2.4040575 0.91207534 0.90807647 1.2592353
[9561, 0.63211364, 0.831339, 7.430685, 0.59914964] 2.3629954 1.0243372 0.8370321 1.258666
[9562, 0.38840514, 0.95637894, 8.257279, 0.81906956] 2.4189262 0.97727454 0.8887763 1.0686167
[9563, 0.5013841, 1.0235437, 3.7463932, 0.7253285] 2.9213321 0.97249836 0.77359724 1.0417993
[9564, 0.5507393, 0.6369091, 3.758329, 0.54969007] 2.245893 0.8494978 0.9787399 1.0087541
[9565, 0.52927005, 0.88183534, 7.7973986, 0.6752629] 2.3371093 1.0260779 0.9934966 1.0749019
[9566, 0.52423555, 0.7749452, 5.4950285, 0.3871793] 2.2336848 1.0620352 0.99855626 1.0621052
[9567, 0.5319808, 1.0040776, 3.4442437, 0.60814023] 2.9723487 0.8811175 0.7162775 1.1568557
[9568, 0.5274574, 1.0101544, 4.8745637, 0.4360451] 2.5044382 1.0811316 0.9459737 1.307823
[9569, 0.53986883, 0.97057074, 4.200851, 0.45685944] 2.8973982 0.91769904 0.7319737 1.0628133
[9570, 0.391569, 1.0559744, 5.286536, 0.993592] 2.534115 0.9331037 0.9568841 1.1262535
[9571, 0.49417895, 1.0123765, 5.513876, 0.8523795] 2.6835048 0.8279204 0.7779395 1.1022296
[9572, 0.5196923, 1.001854, 5.5622997, 0.8529927] 2.5784326 0.9613414 0.8539448 1.0392319
[9573, 0.40993562, 0.7691876, 5.3316813, 0.6549924] 2.3291836 0.9261942 0.81826204 1.0817513
[9574, 0.5276631, 0.68102634, 4.304165, 0.44770455] 2.2424908 0.87943256 0.94703585 1.0813056
[9575, 0.6338981, 0.6515398, 6.6737056, 0.64712936] 2.216765 1.030374 0.93986374 1.1005766
[9576, 0.4976043, 1.026203, 5.4093313, 0.5631435] 2.5960665 0.9831173 0.90582955 1.0814943
[9577, 0.5720923, 0.968958, 2.6670966, 0.6516631] 2.987308 0.91150063 0.8862981 1.2728312
[9578, 0.47421712, 0.7834978, 5.4629216, 0.98971903] 2.3282669 0.80261874 0.93158567 1.1380665
[9579, 0.5137273, 0.8045515, 6.395511, 0.52408916] 2.3966758 0.9081456 0.8663735 1.0534699
[9580, 0.5458734, 0.9250342, 6.2990003, 0.65027255] 2.5669827 0.97163296 0.81393087 1.0185583
[9581, 0.4516605, 1.0225661, 6.210097, 0.77739286] 2.4427457 1.0928607 0.9736349 1.0757459
[9582, 0.41945234, 1.0690145, 5.3375216, 0.56617177] 2.72321 0.942789 0.7921847 1.0903032
[9583, 0.5372832, 0.90646404, 5.8733087, 0.46952483] 2.4566317 1.181823 0.85274994 0.9711699
[9584, 0.66719145, 0.8176276, 5.378389, 0.4568193] 2.5204842 1.1267779 0.7923432 1.0521355
[9585, 0.47694147, 0.98939556, 5.7176805, 0.7139875] 2.5638456 0.84593856 0.98363805 1.0614139
[9586, 0.4805728, 1.0140938, 6.7454615, 0.5239518] 2.5241766 1.0132778 0.8292846 1.1367847
[9587, 0.40801725, 1.0389209, 6.5114536, 0.8453127] 2.638582 0.8958198 0.88419217 0.95710313
[9588, 0.6243689, 0.82979256, 6.430544, 0.7159402] 2.5655913 1.0943761 0.8790357 0.77574986
[9589, 0.6454367, 0.925204, 2.3470166, 0.66760683] 3.3267553 1.1357709 0.79484314 0.84554255
[9590, 0.5755778, 0.9398634, 3.554782, 0.55103695] 2.7935364 1.1227504 0.85749316 1.1437767
[9591, 0.59524333, 0.8159783, 7.6671057, 0.48472977] 2.497951 0.97132313 0.77889174 1.0897698
[9592, 0.4538904, 0.8207612, 6.3025064, 0.42361775] 2.3110492 0.99349034 0.8495394 1.1350489
[9593, 0.5435782, 0.98849857, 4.513902, 0.52888006] 2.9266083 0.95603484 0.77878255 0.8079129
[9594, 0.5018142, 1.0365839, 6.429053, 0.9523156] 2.551403 0.93361 0.97509617 0.9951384
[9595, 0.4683103, 0.99648273, 6.197702, 0.6762699] 2.5133498 1.0292065 0.85952044 1.1721884
[9596, 0.57743776, 0.77379996, 6.8917975, 0.36512047] 2.1529634 1.0272086 0.97569615 1.3140986
[9597, 0.47812563, 1.0262657, 5.402115, 0.4693141] 2.695209 0.76647824 0.8948815 1.2021167
[9598, 0.5345944, 0.95999455, 4.694437, 0.5495221] 2.5065558 1.0833848 0.90138716 1.160895
[9599, 0.47478402, 0.99583775, 6.6715775, 0.9925326] 2.4108899 1.0109969 0.9016679 1.2233174
[9600, 0.5824385, 0.9067689, 5.3233843, 0.5008423] 2.3160906 1.2650031 0.9085269 1.1584207
[9601, 0.58559734, 0.70020634, 5.1598887, 0.4574948] 2.1830704 1.1264862 1.0467886 0.98875785
[9602, 0.5697386, 0.9589211, 3.693032, 0.7934487] 2.8825285 0.9567191 0.91448116 1.1098319
[9603, 0.48707458, 1.00297, 5.4317927, 0.63803995] 2.54108 0.9501054 0.9080231 1.1931144
[9604, 0.47791138, 1.0395569, 5.6545568, 0.7242952] 2.5100877 1.0704472 0.84790564 1.1477872
[9605, 0.44879177, 1.0314566, 5.7052264, 0.70919514] 2.4900937 1.0462762 0.8567193 1.2152926
[9606, 0.472644, 1.0393085, 5.929685, 0.8447614] 2.5087457 0.871554 1.0914795 1.0564727
[9607, 0.62060386, 0.89626163, 5.6135645, 0.7667187] 2.5895665 1.0604854 0.76759136 0.99944437
[9608, 0.4798268, 0.93788934, 6.7586527, 0.6068827] 2.4136674 1.0432609 0.83629227 1.1576532
[9609, 0.54605204, 1.0288168, 2.2553551, 0.7666397] 3.1172593 1.0953498 0.7907435 1.0967362
[9610, 0.5468247, 0.9990873, 3.5786488, 0.9262586] 2.95447 1.0400722 0.88219106 1.0843585
[9611, 0.5464993, 0.98421526, 6.1905346, 0.7055827] 2.6840353 0.6989929 0.83298737 1.1553385
[9612, 0.44975832, 1.0065323, 6.300151, 0.7543464] 2.6289659 1.0268325 0.9137309 0.7967594
[9613, 0.5065843, 0.97553855, 7.1389127, 0.73594016] 2.4451606 1.1284161 0.84307057 1.0849288
[9614, 0.5791528, 0.9429634, 4.1433, 0.43243694] 2.6992126 0.99071664 0.8028134 1.255782
[9615, 0.6458567, 0.86348623, 6.950311, 0.56557095] 2.52588 0.9356082 0.7782799 1.1726791
[9616, 0.55537236, 0.9698694, 4.3022485, 0.49436828] 2.6688445 0.9435424 0.90668374 1.2719978
[9617, 0.5244494, 0.9346572, 7.450832, 0.5677652] 2.6229618 0.87098294 0.729142 1.0783219
[9618, 0.45460156, 0.8557201, 6.6868405, 0.73763514] 2.3137293 1.1030953 0.9346713 1.0305309
[9619, 0.5990926, 0.8343331, 8.656725, 0.57400614] 2.398784 0.97671425 0.91040397 1.139526
[9620, 0.49877733, 0.70064694, 4.975669, 0.5697022] 2.0963247 0.9114555 1.037482 1.2745509
[9621, 0.47863314, 0.8671833, 7.357231, 0.5458755] 2.300467 1.0076424 0.9376331 1.1961406
[9622, 0.5322331, 0.95579153, 6.799778, 0.6654309] 2.3912258 1.1104836 0.8575348 1.2177825
[9623, 0.54138845, 0.9947453, 4.0830708, 0.55669886] 2.7254071 1.0705634 0.8554138 1.1917876
[9624, 0.47547594, 1.022617, 4.2124224, 0.6501312] 2.844693 1.0747932 0.8945735 1.0063089
[9625, 0.48077723, 0.969891, 6.9677277, 0.92816687] 2.4243524 0.9141181 0.8904004 1.24137
[9626, 0.42789203, 0.9168363, 7.8963375, 0.60255605] 2.5073907 0.91786474 0.92151093 0.9125322
[9627, 0.4681496, 1.0291497, 6.1764307, 0.7655542] 2.5861928 0.9960888 0.8632076 1.1336453
[9628, 0.47153118, 1.0456923, 5.1031322, 0.98286134] 2.5379257 0.9516635 0.8737949 1.2261231
[9629, 0.50965804, 0.9975522, 6.116219, 0.62407255] 2.5429616 0.923448 0.8006215 1.1681216
[9630, 0.5493811, 0.6804307, 4.61869, 0.578208] 2.2673097 1.0329454 0.72154325 1.0763566
[9631, 0.5091885, 0.89905965, 7.116208, 0.53854114] 2.5791948 0.9592634 0.8615448 0.8312265
[9632, 0.42094684, 0.7847036, 5.0265946, 0.34324184] 2.4332218 1.027356 0.7350345 0.9232688
[9633, 0.5098911, 1.0050677, 4.773776, 0.73188466] 2.6511233 0.9999727 0.9915115 1.0227096
[9634, 0.62518436, 0.77560353, 6.819689, 0.715106] 2.3597436 0.933213 0.8367316 1.2583238
[9635, 0.51771504, 1.0029252, 4.2494416, 0.5418258] 2.8385973 0.99770606 0.81861985 1.1413252
[9636, 0.64904135, 0.70106584, 7.1411576, 0.6422748] 2.2974734 0.9056528 0.9365385 1.1424068
[9637, 0.47408736, 0.9314917, 8.567524, 0.8709737] 2.435272 0.91623616 0.9470008 1.097781
[9638, 0.41213864, 0.6435684, 4.174677, 0.5534003] 2.0847867 0.92657334 0.99650514 1.0914791
[9639, 0.51550925, 1.050425, 2.798257, 0.74300784] 3.1796172 0.9578041 0.83671117 1.0103773
[9640, 0.61096954, 0.66046906, 5.7650776, 0.49450657] 2.2655714 1.0436485 0.9097242 1.017736
[9641, 0.570926, 0.9749962, 4.6332407, 0.45003244] 2.8952029 0.9106206 0.687357 0.94409174
[9642, 0.41927472, 1.0619338, 4.537635, 0.5641886] 2.7837534 0.99371046 0.8385204 1.0896143
[9643, 0.55144006, 0.836258, 7.253855, 0.8708533] 2.3115318 0.98565274 0.98256654 1.1417674
[9644, 0.45138702, 1.0386119, 6.7642627, 0.6661588] 2.5132976 0.93379474 0.8564409 1.1891409
[9645, 0.45781744, 1.0286587, 6.1671505, 0.6440993] 2.594726 1.045623 0.7989379 0.9665252
[9646, 0.4048103, 1.0559175, 4.4533334, 0.42501605] 2.9183009 0.98464376 0.68549955 0.9165761
[9647, 0.41179678, 0.9681692, 7.7245965, 0.8699258] 2.3513627 0.94311863 0.92208844 1.2134985
[9648, 0.4746156, 1.0708507, 3.3996425, 0.5383886] 2.9311883 0.9234064 0.7761521 1.0763316
[9649, 0.3958212, 1.0549583, 4.54338, 0.4581451] 2.8593087 0.8515798 0.7910425 1.0808983
[9650, 0.49301153, 1.0045811, 5.2026844, 0.44062942] 2.63524 0.9742118 0.7954722 1.2674606
[9651, 0.5460249, 0.99958515, 4.277988, 0.46138057] 2.8023062 1.0970204 0.71654797 1.0153669
[9652, 0.5690095, 0.9859548, 4.715554, 0.5235518] 2.7421741 1.0135683 0.8139445 1.0690006
[9653, 0.43213242, 0.7870128, 5.8715453, 0.5560616] 2.214872 1.0542663 0.88182014 1.2196573
[9654, 0.5942159, 0.8881246, 7.1056647, 0.787702] 2.538837 0.8877325 0.7103496 1.2075897
[9655, 0.5288097, 0.9758349, 3.7637668, 0.63449293] 2.875046 1.0014817 0.9049426 1.0307037
[9656, 0.5653323, 0.83342046, 7.091419, 0.45936728] 2.3628316 1.1791658 0.8895614 1.0324805
[9657, 0.523113, 0.83475894, 6.657882, 0.409601] 2.3175888 1.0127814 1.0038712 1.047433
[9658, 0.49590027, 1.0020521, 4.9167504, 0.54417974] 2.7524223 0.90470463 0.88068074 1.1576034
[9659, 0.56672865, 0.98208797, 3.6502879, 0.6022443] 2.7580478 1.059763 0.9171682 1.1693208
[9660, 0.47720164, 1.0005112, 5.7518744, 0.90448046] 2.5243144 0.99125826 0.88662076 1.1301438
[9661, 0.66247433, 0.543868, 4.4083314, 0.570411] 2.134575 0.9719317 0.9563243 1.1026722
[9662, 0.6604605, 0.7230317, 7.586075, 0.72577465] 2.355114 0.9421003 1.0057789 1.0634943
[9663, 0.51718014, 1.010633, 3.0027356, 0.59609526] 2.9679585 0.9463055 0.74690574 1.1824751
[9664, 0.5670668, 0.81658435, 8.063887, 0.81748056] 2.3743184 0.9390281 0.8471377 1.154702
[9665, 0.5404646, 0.8285648, 8.188338, 0.65323067] 2.3527932 0.9372056 0.78826946 1.279878
[9666, 0.5550622, 0.96340644, 6.7951846, 0.76796925] 2.5348096 0.7528097 0.9250857 1.3408633
[9667, 0.4923919, 0.9266569, 7.9355454, 0.80967605] 2.4876986 1.0422966 0.8043118 0.97949785
[9668, 0.5079267, 0.9112442, 9.633683, 0.71459186] 2.4970298 0.8749061 0.9147979 1.0780144
[9669, 0.52533406, 0.9622543, 5.8954244, 0.7113614] 2.4229825 0.9200567 0.9417382 1.2356822
[9670, 0.5051448, 0.8534081, 8.0497675, 0.9775163] 2.3786726 0.9335626 0.8184373 1.2345526
[9671, 0.4427709, 1.023324, 6.765955, 0.7840391] 2.5385349 1.0025916 0.8977335 1.093183
[9672, 0.5763165, 0.9163365, 6.49426, 0.7398483] 2.489774 1.0887483 0.838042 1.0146508
[9673, 0.49224466, 1.0265081, 3.9165673, 0.6288094] 2.8240404 1.0995429 0.8503284 0.9634755
[9674, 0.57866913, 0.7120042, 5.117069, 0.53218263] 2.2616258 0.9993183 0.92715937 1.0276082
[9675, 0.40380514, 1.0600159, 5.379933, 0.8319423] 2.4533408 0.98241884 1.023906 1.1922904
[9676, 0.49727136, 1.0114233, 5.429188, 0.9976711] 2.5060549 1.0557024 0.8317028 1.1197027
[9677, 0.43095416, 1.0412133, 5.3194704, 0.52157825] 2.5041504 1.0021133 0.8861934 1.2016156
[9678, 0.563217, 0.9690135, 5.7533135, 0.83832914] 2.5647383 1.0018845 0.9438962 1.0240785
[9679, 0.48595122, 0.88502514, 8.053582, 0.95410067] 2.2807393 0.94950664 1.0738305 1.1645032
[9680, 0.6092102, 0.9333389, 4.232139, 0.8425243] 2.7807064 1.1054416 0.880654 1.0720065
[9681, 0.49471334, 1.0185162, 3.9811778, 0.5103291] 2.7068737 1.0991285 0.85733014 1.1261443
[9682, 0.58149695, 0.96404785, 3.4085455, 0.91164935] 2.9116344 1.0531355 0.8566637 1.0270056
[9683, 0.6103079, 0.72652787, 6.5421596, 0.64209926] 2.334887 0.9080495 0.8082023 1.2200763
[9684, 0.4545576, 1.0617946, 5.1182566, 0.5364971] 2.470299 0.98532885 1.0076927 1.3406534
[9685, 0.5473718, 0.9833736, 5.267169, 0.6347102] 2.646703 1.0358828 0.8358332 0.9246526
[9686, 0.5466571, 0.98501015, 6.4643865, 0.6122012] 2.63208 1.015381 0.85436743 0.9173635
[9687, 0.5389786, 1.0071832, 4.119386, 0.76165164] 2.825703 0.8753123 0.8538123 1.1409842
[9688, 0.2877409, 0.5896235, 3.909042, 0.70010185] 2.1128345 0.9341181 0.89993995 0.91075313
[9689, 0.5252506, 0.9956608, 4.055122, 0.4525681] 2.7426643 1.0059325 0.77429307 1.1743788
[9690, 0.6203645, 0.9203239, 4.0646615, 0.577915] 2.8107128 0.8084834 0.89966416 1.1956943
[9691, 0.5634064, 0.9625279, 5.7144375, 0.49529195] 2.4981205 1.0260941 0.7985227 1.4393874
[9692, 0.51945555, 0.9777278, 5.0480604, 0.3638513] 2.7543173 0.9425123 0.86537224 0.9617987
[9693, 0.48523393, 0.9918313, 5.6800094, 0.86267704] 2.519613 0.8955853 1.0153129 1.1309268
[9694, 0.53699887, 0.97470516, 6.4821663, 0.8588737] 2.6234093 0.9024171 0.7641781 1.114672
[9695, 0.3800093, 1.1108015, 5.618541, 0.7605248] 2.5843806 1.1189902 0.8694288 1.1249214
[9696, 0.4775131, 0.9982916, 4.819761, 0.7734865] 2.5581613 1.0275158 0.79439735 1.1842726
[9697, 0.4635315, 1.0217294, 4.85118, 0.47404122] 2.5690365 0.9992461 0.831407 1.1970917
[9698, 0.41272208, 1.0449257, 4.1089034, 0.4243042] 2.71435 0.9715532 0.8919387 1.2295176
[9699, 0.38124496, 1.0743498, 6.4384246, 0.4399661] 2.5603206 0.9954188 0.903118 1.0051097
[9700, 0.55977714, 0.9830073, 3.2841265, 0.6738954] 2.8907359 0.9436432 0.84592515 1.2284223
[9701, 0.6255889, 0.8744613, 6.829259, 0.8399941] 2.4155793 1.1562583 0.85230607 1.0502974
[9702, 0.5506076, 0.98313695, 3.6587796, 0.6103761] 2.9204645 0.96409196 0.79071516 1.136704
[9703, 0.41262326, 1.036541, 7.070658, 0.6246236] 2.4981866 0.9947164 1.0466783 0.94753665
[9704, 0.5501338, 0.9771228, 3.9224253, 0.67972577] 2.7035778 1.0433251 0.87690103 1.1212736
[9705, 0.5365235, 1.0077355, 3.1832957, 0.6130844] 3.088813 1.0969869 0.8527728 0.8182459
[9706, 0.58282846, 0.7710005, 6.8314714, 0.67128074] 2.3966525 0.83689076 0.879212 1.1158568
[9707, 0.47441652, 0.9860393, 6.9281044, 0.8460932] 2.438845 0.9375375 1.0072699 1.1062353
[9708, 0.47870833, 1.0124236, 5.0945253, 0.7480822] 2.6094615 0.974245 0.71017003 1.230264
[9709, 0.5211391, 1.0245268, 5.197611, 0.6450854] 2.680115 0.95003086 0.8674728 1.037456
[9710, 0.48736104, 0.8910986, 8.75368, 0.6239596] 2.3670921 0.9975197 0.84827495 1.1728237
[9711, 0.42453626, 1.0399256, 6.5990324, 0.7569473] 2.563173 0.8515581 0.8646355 1.1857016
[9712, 0.64092827, 0.6936086, 6.045923, 0.57041913] 2.2772808 0.8399153 0.8987854 1.2748978
[9713, 0.49933892, 1.0114174, 3.3684423, 0.4979793] 2.9235733 0.8861502 0.7660399 1.0036265
[9714, 0.51659274, 0.99972194, 4.206363, 0.4385109] 2.8688507 0.9144352 0.7972299 1.0473195
[9715, 0.51643777, 0.9613057, 7.223491, 0.8642869] 2.366108 1.0579486 0.83384675 1.318748
[9716, 0.6730128, 0.694293, 9.015573, 0.8340925] 2.2031097 1.097191 0.8197562 1.2971898
[9717, 0.5876612, 0.79075444, 7.4273343, 0.53040326] 2.3448362 1.0630041 0.7767823 1.0958978
[9718, 0.5237361, 1.013646, 3.6795242, 0.6204433] 2.9642096 0.865632 0.8563174 1.0089928
[9719, 0.52204263, 1.0033426, 5.327561, 0.58357936] 2.7945907 0.85490274 0.81491476 1.0165385
[9720, 0.43549573, 0.75921315, 4.74008, 0.4812165] 2.3646924 0.83882016 0.84350204 1.0693216
[9721, 0.45186394, 1.0487471, 4.3463426, 0.5825052] 2.7918081 0.9708361 0.8665856 1.1134478
[9722, 0.6111188, 0.66402924, 4.5221953, 0.5268061] 2.2232478 0.889684 0.9675521 1.1525261
[9723, 0.5595989, 0.97990924, 5.6658688, 0.71099013] 2.57016 0.9824169 0.796947 1.1577175
[9724, 0.56279004, 0.88625157, 5.7781844, 0.58595663] 2.420252 1.0278442 0.95075446 1.0823398
[9725, 0.58534163, 0.9466584, 5.507943, 0.7338919] 2.4879498 1.0171537 0.8093764 1.2595576
[9726, 0.5127759, 1.0016912, 3.1988328, 0.82177687] 2.9935284 1.0312989 0.7795654 1.1195014
[9727, 0.54354477, 0.9055616, 6.812048, 0.8558529] 2.3240633 1.0603086 0.90838385 1.2468699
[9728, 0.5575406, 0.89699453, 7.8507233, 0.5845417] 2.5189123 1.0623612 0.8263456 0.9485752
[9729, 0.54115444, 0.94866, 6.0458093, 0.6223177] 2.5408468 0.9118718 0.8311603 1.2000622
[9730, 0.5399774, 0.7343823, 5.6162376, 0.67395437] 2.2676687 0.8396305 0.82896113 1.2741468
[9731, 0.4449636, 1.0264796, 5.8741484, 0.77031356] 2.6415844 0.8878112 0.8620633 1.0736011
[9732, 0.5643238, 0.9120626, 6.835095, 0.6862353] 2.539146 0.8978132 0.8179287 1.1281089
[9733, 0.5440754, 0.79413617, 6.76444, 0.7453112] 2.3010848 0.894767 0.85567564 1.2572826
[9734, 0.5833262, 0.6147429, 4.601301, 0.4604065] 2.2055578 1.0657268 0.82209605 1.0441141
[9735, 0.41528225, 1.051598, 5.5232034, 0.4487755] 2.4763083 0.94500494 1.1182026 1.1899413
[9736, 0.5682828, 0.7120469, 4.7216454, 0.7259625] 2.2509499 1.105465 0.8765839 1.0050277
[9737, 0.55654824, 0.95107234, 3.6412842, 0.60823804] 2.8874586 0.95255065 0.845332 1.242582
[9738, 0.62455845, 0.7029428, 7.167008, 0.6218455] 2.4248714 0.93289196 0.83618146 0.97244984
[9739, 0.4748474, 1.0585997, 6.6781206, 0.8027873] 2.651862 1.027905 0.8435198 0.871587
[9740, 0.39679906, 1.074944, 5.4923797, 0.4768367] 2.6289759 1.0968139 0.87468064 0.9969392
[9741, 0.4004529, 0.9831537, 7.847093, 0.64962924] 2.4714525 0.9484564 0.8856626 1.0534422
[9742, 0.5505329, 0.8982818, 9.338152, 0.68131816] 2.3659115 0.9095049 0.9050761 1.292386
[9743, 0.5300084, 0.8497369, 8.481786, 0.46940374] 2.255901 1.0423865 0.8980183 1.2432127
[9744, 0.4631678, 1.005301, 5.499557, 0.69436103] 2.767663 0.9562232 0.70423746 0.93129754
[9745, 0.48741168, 0.71223295, 5.5056915, 0.63239425] 2.2141635 0.88877463 0.89945483 1.221033
[9746, 0.38712224, 1.0839909, 4.9690137, 0.8618294] 2.6239665 0.8627109 0.86576706 1.0966508
[9747, 0.50167686, 1.0217886, 4.800597, 0.43403697] 2.7550912 0.9027587 0.8161818 1.1076303
[9748, 0.4003141, 1.0671968, 4.13996, 0.43215984] 2.8084438 0.9995443 0.8713936 1.0348967
[9749, 0.40616456, 0.84125125, 6.3929315, 0.76953876] 2.4269676 0.88734037 0.9430626 0.99680686
[9750, 0.565843, 0.9840667, 4.05643, 0.7701246] 2.756553 1.0669943 0.92052186 1.1726304
[9751, 0.48312846, 1.0179327, 3.9583633, 0.48804024] 2.7128446 0.9818733 0.78149796 1.2327528
[9752, 0.41972512, 1.0537897, 6.5474734, 0.7053149] 2.4016056 1.0478197 0.9260868 1.256388
[9753, 0.5108006, 1.018367, 4.6993623, 0.6437919] 2.6448212 0.96340793 0.941378 1.16153
[9754, 0.42624867, 1.0423567, 5.8648663, 0.5402393] 2.57556 0.92950755 1.0347025 1.1585774
[9755, 0.413715, 1.0498261, 4.632172, 0.68212813] 2.7653792 0.97970283 0.9003907 0.96790826
[9756, 0.50891894, 1.0321503, 5.025597, 0.8314023] 2.650024 1.0288793 0.8842044 1.0210788
[9757, 0.52050775, 0.9756424, 5.208587, 0.29174662] 2.6645448 1.0118796 0.88785195 0.9627669
[9758, 0.6170491, 0.92310584, 4.1380076, 0.8539153] 2.972542 0.8732657 0.87563217 1.0367637
[9759, 0.5292607, 0.9837119, 3.4856734, 0.5685583] 2.6964173 1.1289225 0.90526813 1.213674
[9760, 0.48135144, 1.0123315, 4.811298, 0.42056683] 2.6070147 1.1761147 0.79051423 1.1524677
[9761, 0.5433243, 1.0060065, 5.1575685, 0.74170804] 2.7979128 1.0221657 0.8727606 1.0152599
[9762, 0.45156896, 1.0170314, 6.0226793, 0.83711594] 2.5406635 0.99146354 0.87800187 1.0622044
[9763, 0.49038967, 0.8994974, 6.9038515, 0.7394947] 2.3376913 1.0293429 0.932673 1.1837144
[9764, 0.47881463, 0.9945772, 6.165274, 0.9292293] 2.5075011 0.9946036 0.82550037 1.1582814
[9765, 0.48747292, 1.0369179, 5.212364, 0.5170952] 2.6640055 0.97419596 0.8968334 1.1202157
[9766, 0.5544676, 0.81385946, 7.0719748, 0.4524503] 2.2285137 0.9731379 0.9593906 1.2852213
[9767, 0.50999683, 1.000955, 4.5672674, 0.41481885] 2.606567 1.1042446 0.7546789 1.2289165
[9768, 0.4770281, 1.021965, 4.9410615, 0.57985383] 2.640092 1.0200601 0.88106203 1.0180148
[9769, 0.51894486, 0.9580723, 6.4404964, 0.94308275] 2.4797072 1.0071361 0.8757336 1.1247139
[9770, 0.5030733, 1.004821, 6.2604537, 0.9262834] 2.534582 1.0064297 0.92825687 0.9811163
[9771, 0.49727115, 1.018448, 3.8949335, 0.3822546] 2.8619049 0.97779953 0.8874451 0.8851374
[9772, 0.40728322, 0.87084687, 7.1459584, 0.62552404] 2.4358482 1.0017669 0.79635453 1.0035226
[9773, 0.5456438, 0.97097456, 5.5994945, 0.84463733] 2.521689 1.1084408 0.8301627 1.0985003
[9774, 0.5488174, 0.669663, 5.0543623, 0.61215186] 2.3222797 1.0765501 0.8256257 0.8962385
[9775, 0.5092721, 1.0147679, 4.088307, 0.6045458] 2.9301832 0.9452381 0.82660836 0.9245344
[9776, 0.59569514, 0.93423545, 3.6993105, 0.7736566] 2.8231752 1.0396163 0.7999 1.1794027
[9777, 0.47166228, 1.0191263, 7.350777, 0.97335] 2.521095 0.9557128 0.9321546 1.0726172
[9778, 0.5448835, 0.8547945, 6.7304993, 0.8414678] 2.511745 0.78444356 0.89716727 1.0584399
[9779, 0.46790212, 1.0193794, 5.3823376, 0.6412762] 2.5801125 0.96273136 0.9034272 1.0908806
[9780, 0.5369024, 0.88828015, 7.2324753, 0.6876263] 2.5485933 0.8634561 0.87401235 1.0088325
[9781, 0.46236387, 0.95054156, 7.658908, 0.7188182] 2.6023555 0.8026349 0.81554455 1.0207624
[9782, 0.55158865, 0.79640955, 6.760233, 0.77559793] 2.3013492 1.0587393 0.8745169 1.1073326
[9783, 0.44405174, 0.9135362, 7.29775, 0.76779157] 2.433442 0.93101716 0.91808736 1.0759044
[9784, 0.55665535, 0.83668506, 7.9766994, 0.83740646] 2.4055831 0.85818833 0.95156056 1.0885321
[9785, 0.5972585, 0.8734305, 7.6482673, 0.561355] 2.3146856 1.1615698 0.7888435 1.2961433
[9786, 0.57244056, 0.88775474, 7.377883, 0.79993725] 2.3536818 0.94279975 0.9861103 1.2282002
[9787, 0.41686177, 0.93117017, 7.716974, 0.9243588] 2.447908 0.91173804 0.9648022 0.95768017
[9788, 0.50560784, 0.98289776, 5.9715166, 0.7634848] 2.5342124 0.9516463 0.87847805 1.129813
[9789, 0.5486126, 0.9862092, 5.204868, 0.49917543] 2.5927672 0.9538449 0.8225579 1.2672209
[9790, 0.5642903, 0.88747805, 6.3635306, 0.71322316] 2.4235265 0.9837824 0.90699947 1.1531042
[9791, 0.43764207, 1.0905342, 3.8135276, 0.57051355] 2.9498699 0.9421133 0.8481327 1.0890604
[9792, 0.42106658, 1.0685393, 5.2849755, 0.6121139] 2.4843867 1.138009 0.9308507 1.0767932
[9793, 0.578282, 0.728049, 6.4667315, 0.5678515] 2.391058 0.9550319 0.87348545 0.9371288
[9794, 0.53757584, 1.0131415, 3.1626358, 0.7393552] 2.879852 1.0876493 0.8804049 1.1498077
[9795, 0.5351818, 0.99270564, 4.32344, 0.6261209] 2.7328851 0.94026816 0.9183567 1.1051012
[9796, 0.5002286, 1.0061862, 5.129548, 0.5291411] 2.5248766 1.0866398 0.8593681 1.0967298
[9797, 0.58336264, 0.969508, 4.082262, 0.9241296] 2.7169824 0.81901157 0.8656666 1.3423499
[9798, 0.6048764, 0.65125996, 4.294235, 0.4849944] 2.0625706 1.1088362 1.0688109 1.0656822
[9799, 0.4415399, 1.023598, 6.0197706, 0.8768601] 2.4290192 1.043537 0.9846145 1.0911702
[9800, 0.5458747, 0.99550354, 5.6025243, 0.7092157] 2.5590982 0.8940064 0.91179967 1.2492214
[9801, 0.5423054, 0.97512835, 5.844898, 0.67653316] 2.4900892 0.9994069 0.8943672 1.2085985
[9802, 0.55786943, 0.9757872, 3.885304, 0.47990698] 2.8528674 0.83685 0.7809216 1.1410491
[9803, 0.5255338, 1.0081968, 5.565488, 0.6915036] 2.594548 1.0465481 0.8136765 1.1133473
[9804, 0.52104306, 0.989013, 5.8902464, 0.87133706] 2.4872453 1.0443451 0.90996647 1.1504968
[9805, 0.544528, 0.9014058, 8.236186, 0.6606121] 2.4511628 0.9261842 0.8252195 1.1771532
[9806, 0.41052637, 1.0857131, 4.8433714, 0.4954732] 2.7884731 1.0275207 0.86574423 0.9833783
[9807, 0.5669571, 0.9249316, 5.8936396, 0.89766276] 2.4360123 1.0190593 0.8751056 1.2331403
[9808, 0.5179958, 1.0146325, 5.244634, 0.9109561] 2.510879 0.88205504 0.891258 1.3136779
[9809, 0.52425915, 1.0021031, 4.113401, 0.6171071] 2.830171 0.9662203 0.9493358 1.0616885
[9810, 0.5868357, 0.96127397, 4.830932, 0.39568552] 2.8682725 0.8926857 0.78174996 0.98901826
[9811, 0.54086477, 0.98533654, 4.5124545, 0.61653155] 2.7595375 1.0560606 0.91632926 1.0147324
[9812, 0.5131784, 1.0012826, 5.71352, 0.7084373] 2.7219517 0.9092384 0.74339026 0.9411245
[9813, 0.53755474, 0.75089514, 5.967015, 0.63374716] 2.2083972 1.0553114 1.0165823 1.0735114
[9814, 0.59742934, 0.74840677, 7.4040318, 0.47388437] 2.325501 1.0355049 0.95606655 1.0274537
[9815, 0.5010482, 0.6412149, 4.5004807, 0.49259105] 2.1385732 1.0545125 0.94124216 1.0258994
[9816, 0.43330362, 1.0474507, 4.7518563, 0.479538] 2.6749442 0.9260867 0.94293666 1.2182806
[9817, 0.58916086, 0.67666674, 5.040613, 0.4667182] 2.377589 0.89395124 0.7329138 1.0818921
[9818, 0.61135364, 0.85383976, 7.4235697, 0.69830626] 2.5381465 0.90632606 0.7963495 1.108162
[9819, 0.55145586, 0.6592998, 5.0187626, 0.50531596] 2.2914402 0.91207886 0.9573938 1.005108
[9820, 0.63612586, 0.7187925, 6.1595235, 0.68373096] 2.256913 0.99595404 0.9022639 1.1434585
[9821, 0.524271, 0.9923821, 4.4812794, 0.4071757] 2.7754688 0.90585595 0.788158 1.1852722
[9822, 0.539677, 0.915862, 6.556959, 0.8091528] 2.4891605 0.98811185 0.98483557 0.97809947
[9823, 0.5124488, 1.0207733, 4.113026, 0.81858903] 2.818746 0.91486335 0.91320264 1.1226532
[9824, 0.55011004, 0.8404547, 6.929578, 0.93552387] 2.4902928 0.9470785 0.8258314 0.97942936
[9825, 0.5114222, 0.95615786, 5.2692776, 0.5258286] 2.5235775 0.9798369 0.9708997 0.9771362
[9826, 0.47366515, 1.0511615, 5.509608, 0.6180185] 2.5602436 1.0262723 0.9110148 1.1139337
[9827, 0.44587246, 1.0595547, 4.7282634, 0.41991857] 2.710248 1.0367306 0.9572931 0.95743793
[9828, 0.5132355, 0.8086671, 7.6882386, 0.4275915] 2.2752671 1.0391434 0.9571642 1.0958444
[9829, 0.5283676, 1.0031302, 5.6771593, 0.6305766] 2.7033834 0.84502774 0.80037606 1.10091
[9830, 0.6090027, 0.69553494, 5.405788, 0.40701443] 2.0750184 1.1123269 1.0177002 1.2523363
[9831, 0.4688928, 1.002425, 6.567227, 0.79462886] 2.420616 0.9720813 0.9969176 1.1430467
[9832, 0.65301746, 0.90995884, 5.435467, 0.59919804] 2.4929514 0.9117333 0.8282422 1.3601222
[9833, 0.4992046, 1.0270307, 5.231112, 0.606339] 2.6539092 0.97624284 0.79322606 1.1600966
[9834, 0.5206986, 0.7791978, 6.461417, 0.609629] 2.5130033 0.87315744 0.8421253 0.8801367
[9835, 0.45229602, 0.99496937, 6.1132536, 0.6907904] 2.576775 0.92919135 0.79678935 1.0868794
[9836, 0.40494713, 0.9404748, 7.9735646, 0.6902623] 2.3626473 1.0654554 0.95880127 1.0005383
[9837, 0.4738931, 1.0548528, 4.121643, 0.6899192] 2.916926 0.933648 0.7833834 1.0394722
[9838, 0.5633363, 0.7904051, 7.074491, 0.56091785] 2.271959 1.0019603 0.9118529 1.2221438
[9839, 0.52136815, 1.0014464, 4.8850417, 0.4516554] 2.6650355 1.0277683 0.85618275 1.0911565
[9840, 0.51327485, 1.0047973, 4.172182, 0.5145067] 2.6510541 0.9407864 0.9414367 1.3132488
[9841, 0.4277253, 1.011759, 6.0560646, 0.9086531] 2.488727 0.9889924 0.9273647 1.0420954
[9842, 0.518779, 0.98995996, 6.24224, 0.9611483] 2.4423923 1.0599499 0.86442894 1.2508535
[9843, 0.5594573, 0.9575161, 6.054729, 0.7846271] 2.5921702 0.9412988 0.76886636 1.1307396
[9844, 0.5469462, 0.882122, 6.7718744, 0.9788946] 2.355799 1.0360743 0.98068 1.1239341
[9845, 0.45888177, 1.0234202, 6.0729804, 0.7437744] 2.642476 0.80492485 0.8784528 1.0776001
[9846, 0.41063645, 1.0773613, 4.277089, 0.38770467] 2.6903434 1.1211982 0.81208366 1.1155189
[9847, 0.5933856, 0.94434935, 5.855722, 0.80759555] 2.6315746 1.0637372 0.7891314 0.9231908
[9848, 0.49126962, 1.0062551, 7.2045445, 0.70540106] 2.5101945 0.9052904 0.8474603 1.2252983
[9849, 0.47745118, 1.0205581, 5.200433, 0.60664576] 2.6778793 0.9441586 0.9293535 1.0342091
[9850, 0.5324301, 0.9703359, 5.5283895, 0.7283718] 2.4920726 0.96273977 0.93813884 1.1046879
[9851, 0.44994602, 1.0465785, 3.8050382, 0.565907] 2.6434057 1.1042072 0.7794191 1.1967173
[9852, 0.5735035, 0.89642274, 7.4044075, 0.7428165] 2.3828287 0.83650273 0.8590205 1.3552973
[9853, 0.56540006, 0.97294277, 4.6449876, 0.78291154] 2.57677 0.8805105 0.91544396 1.2390796
[9854, 0.6062536, 0.7276927, 5.206293, 0.5438667] 2.2537944 0.9556043 0.9245505 1.2296695
[9855, 0.5071242, 1.0163871, 3.4321122, 0.45629898] 3.01244 0.90965104 0.7107983 1.1035097
[9856, 0.55008024, 0.974167, 5.3833556, 0.45876336] 2.6971629 0.95548075 0.8466108 1.0902345
[9857, 0.5065431, 0.9751724, 5.4949, 0.62499577] 2.367509 1.1674078 0.9514946 1.1721789
[9858, 0.2758863, 0.6703566, 3.5792222, 0.8352071] 2.1544194 0.9691609 1.0102578 0.8848251
[9859, 0.59909135, 0.9617228, 5.622299, 0.46406907] 2.6266859 0.8943753 0.8750848 1.2572191
[9860, 0.5333168, 0.7549256, 5.6966333, 0.45644742] 2.2997656 0.8427311 1.0090817 1.0621717
[9861, 0.4890893, 1.0062596, 4.6948013, 0.46343318] 2.533971 1.0282371 0.89297295 1.3029212
[9862, 0.47545668, 1.067277, 4.6898966, 0.77971333] 2.6733866 0.94830966 1.0896347 1.1143476
[9863, 0.47248587, 0.6761993, 4.1990495, 0.58886176] 2.0153863 0.9980786 0.913386 1.3241793
[9864, 0.5683483, 0.9096776, 5.7016053, 0.7775494] 2.5136306 1.0218914 0.9076207 0.9642119
[9865, 0.5851404, 0.9401253, 2.741813, 0.62667555] 2.8991652 1.0254852 0.8628294 1.3366632
[9866, 0.5295143, 0.98673296, 3.80637, 0.5162606] 2.7488816 0.9750884 0.93215114 1.1319183
[9867, 0.47760686, 1.0223513, 5.14458, 0.59438235] 2.7011874 0.89642566 0.84357655 1.1114992
[9868, 0.46582857, 1.0455755, 5.5406365, 0.55753964] 2.512225 1.0748955 0.9290004 1.17044
[9869, 0.52780837, 0.84707904, 6.440774, 0.93782556] 2.5008783 0.88149744 0.74559724 1.0728785
[9870, 0.62747747, 0.7307366, 5.889259, 0.36761525] 2.2383354 0.89972156 1.0295343 1.2076125
[9871, 0.5000274, 0.96777105, 7.9033804, 0.91225016] 2.5342853 0.95643884 0.86436725 1.0303122
[9872, 0.4823341, 1.0227907, 5.352188, 0.8543099] 2.6445122 0.9493941 0.8966392 1.0399461
[9873, 0.5879852, 0.76616657, 7.379038, 0.38804993] 2.273464 0.9987464 0.95636547 1.1423502
[9874, 0.53444666, 0.9326211, 7.4531913, 0.6170993] 2.4215434 1.1134603 0.86800253 1.0789661
[9875, 0.45101103, 0.7946855, 5.754033, 0.40403754] 2.5175886 0.84000975 0.7920685 0.90254253
[9876, 0.49451166, 1.0321057, 5.2924542, 0.6100376] 2.6424766 1.0270433 0.73545974 1.0444118
[9877, 0.50733906, 0.88448626, 7.85171, 0.51712406] 2.3951101 1.0064619 0.8647871 1.1177262
[9878, 0.544116, 0.8309282, 6.744618, 0.6032126] 2.3569603 1.0117927 0.95006114 1.0378735
[9879, 0.5614409, 0.96074337, 6.6471906, 0.9286391] 2.4978862 0.9795335 0.81898427 1.1987283
[9880, 0.43435365, 1.0380048, 6.1210246, 0.8322739] 2.6566768 0.9361229 0.93451566 0.90606874
[9881, 0.5100693, 1.0207583, 4.313078, 0.8643025] 2.8895056 1.0754331 0.9020118 0.93003917
[9882, 0.56315875, 0.802254, 7.9844756, 0.7914143] 2.4118693 0.99780846 0.7898795 1.1049052
[9883, 0.54064405, 0.9376678, 6.013797, 0.9406171] 2.5554867 0.96477085 0.8168366 1.03986
[9884, 0.5202449, 1.0041814, 6.145551, 0.7375467] 2.3960686 0.96617925 0.9862838 1.3350818
[9885, 0.5912762, 0.74867314, 5.8788753, 0.63910806] 2.3743508 0.87087464 0.8420101 1.178993
[9886, 0.33911812, 0.64514744, 3.6555798, 0.68455017] 2.0700505 0.98019415 1.0451375 0.9564337
[9887, 0.41458732, 1.0798551, 4.057804, 0.7279147] 2.8942792 1.0501311 0.78821415 1.0262762
[9888, 0.46129295, 1.0143354, 7.180001, 0.76385546] 2.3023531 1.0111537 0.9613536 1.3364286
[9889, 0.43989918, 1.0587622, 4.92048, 0.5993767] 2.646137 1.1558377 0.8267372 1.082656
[9890, 0.4338758, 1.0201181, 6.0629992, 0.52773565] 2.4648182 1.0032207 0.9555035 1.171389
[9891, 0.5872684, 0.75454384, 5.357148, 0.6499995] 2.2357194 0.89991325 0.85460436 1.3966125
[9892, 0.53287387, 1.002776, 3.0566137, 0.66017306] 2.9823568 1.0412292 0.8228818 1.081283
[9893, 0.48798397, 1.0429016, 4.3684297, 0.41582614] 2.8516405 0.7913206 0.76375175 1.0526757
[9894, 0.5552753, 0.9973106, 3.6657197, 0.66440946] 2.9084105 1.0511153 0.70639163 1.0881208
[9895, 0.6196083, 0.6634274, 5.218301, 0.56190366] 2.3324382 1.0345013 0.9593839 0.868729
[9896, 0.52843595, 0.98810476, 4.2143683, 0.5539279] 2.8288279 0.990846 0.81514424 0.93805593
[9897, 0.5389422, 0.8650523, 8.185896, 0.910848] 2.4621847 0.8811467 0.8156374 1.1446189
[9898, 0.5576823, 0.7439284, 5.9562745, 0.5124061] 2.3451135 1.0106626 0.733896 1.1747956
[9899, 0.4710336, 1.0538085, 4.7222614, 0.90981543] 2.5987442 1.089486 0.91153455 1.2588507
[9900, 0.5259779, 0.88434494, 7.810991, 0.86913687] 2.537862 0.92301023 0.8765201 0.91981
[9901, 0.6079175, 0.7463933, 6.353312, 0.81451285] 2.418625 0.92295605 0.8424054 1.0648879
[9902, 0.5003812, 0.89981043, 8.291712, 0.9303648] 2.4475107 0.98082304 0.9275821 0.9349533
[9903, 0.48682773, 1.0243732, 5.862465, 0.5977449] 2.6750379 0.89720607 0.814228 1.1317419
[9904, 0.5010386, 0.9775463, 4.980536, 0.61736053] 2.6445491 0.9406188 0.7968194 1.0734758
[9905, 0.5704561, 0.93699354, 5.600571, 0.7712638] 2.5599425 0.88655025 0.87646884 1.1537364
[9906, 0.4428087, 1.0591254, 6.674244, 0.92315435] 2.4701595 0.9105243 0.92745656 1.2042636
[9907, 0.60422546, 0.66656077, 5.085645, 0.558841] 2.283878 1.0067579 0.8887244 1.0209191
[9908, 0.61927617, 0.7794431, 7.1062922, 0.8107055] 2.553326 0.8634336 0.8370546 0.92087775
[9909, 0.47223148, 1.0137738, 4.3447146, 0.41627187] 2.8197687 1.037385 0.7500161 1.0555692
[9910, 0.52269834, 0.8569685, 7.418658, 0.5593867] 2.4627128 0.8977396 0.7459282 1.1688985
[9911, 0.5242586, 0.9968967, 5.9225597, 0.598734] 2.66745 0.89600074 0.770079 1.0512592
[9912, 0.57483685, 0.9890658, 4.03245, 0.77251875] 2.8253067 1.0680759 0.8482408 1.1080354
[9913, 0.4761739, 1.0573677, 4.816385, 0.70412827] 2.6222048 1.1377515 0.90312326 1.0092542
[9914, 0.5682233, 0.72560495, 6.67403, 0.65284836] 2.2371056 1.0298507 1.001828 1.0646803
[9915, 0.44662744, 0.6876901, 4.263681, 0.6760379] 2.165793 1.0124319 0.8999386 1.0482329
[9916, 0.41537946, 1.0549033, 4.9273615, 0.42179585] 2.6612687 1.2116287 0.76781875 1.0102465
[9917, 0.3137119, 1.1138694, 4.861604, 0.6849327] 2.6587183 1.0842497 0.8228051 1.1336844
[9918, 0.5398847, 0.8993908, 6.0927777, 0.8071609] 2.4055843 1.0576204 0.8165459 1.1830593
[9919, 0.42589092, 1.0179825, 6.941998, 0.79658157] 2.5837421 0.8965892 0.86734337 1.0122365
[9920, 0.35841468, 0.6918127, 4.105717, 0.5992026] 2.248777 0.8400978 0.85373205 1.0896846
[9921, 0.44358417, 1.0698942, 5.239491, 0.53733116] 2.6614938 0.9484466 0.9455728 0.9744677
[9922, 0.55684537, 0.9829119, 4.312745, 0.4461559] 2.742074 1.118893 0.83701706 0.94758034
[9923, 0.52895355, 0.9112946, 6.7773204, 0.48864973] 2.220595 1.0767643 1.0343854 1.3063508
[9924, 0.5151715, 0.86251235, 8.182097, 0.49712244] 2.3761516 1.0918112 0.9717653 0.9520863
[9925, 0.5893648, 0.90766567, 5.1957455, 0.5976488] 2.596208 0.88999903 0.832399 1.2538635
[9926, 0.42203587, 1.0800163, 5.304031, 0.48862675] 2.430759 1.0257723 1.0258185 1.242707
[9927, 0.46063918, 1.0291727, 5.3333106, 0.5061794] 2.813448 0.915132 0.90003884 0.91289157
[9928, 0.6249168, 0.7385863, 6.712418, 0.4899886] 2.2287443 1.1377854 0.9204062 1.1346997
[9929, 0.59339005, 0.87568974, 6.5512905, 0.83509916] 2.3698456 1.1184611 0.82118684 1.231723
[9930, 0.55013996, 0.9586172, 4.303179, 0.4414532] 2.7023966 0.9278632 0.90182406 1.230663
[9931, 0.5327855, 1.0036615, 4.767842, 0.38504976] 2.546436 0.96571803 1.0200835 1.2754754
[9932, 0.5296549, 1.0084304, 5.609501, 0.7841637] 2.603123 1.0643668 0.7711283 1.0917495
[9933, 0.37649232, 1.0564238, 5.584572, 0.4462126] 2.4487739 1.0677224 0.99201024 1.0179843
[9934, 0.5769648, 0.9739263, 2.8630602, 0.85378313] 2.9715662 1.0342019 0.8996888 1.2314411
[9935, 0.4948845, 0.9896107, 7.0838923, 0.89834684] 2.5875413 0.9317859 0.8204617 1.0269619
[9936, 0.47738218, 0.68697727, 4.8742685, 0.48415217] 2.1716473 0.9715647 0.88029665 1.1791785
[9937, 0.40508565, 1.0071123, 7.332763, 0.9449953] 2.4901657 0.9563752 0.9586222 1.0116639
[9938, 0.5310812, 1.0335935, 2.9787774, 0.81497765] 2.9952943 0.9443445 0.9671433 1.1467651
[9939, 0.4742875, 1.0353273, 6.0928097, 0.9758829] 2.5978284 0.9055878 0.83395356 1.1307929
[9940, 0.42371118, 1.0726494, 5.349837, 0.78439826] 2.6983256 1.059623 0.8593699 0.9264035
[9941, 0.5752423, 0.9511664, 5.143225, 0.61985475] 2.772473 0.85162145 0.83796245 1.034174
[9942, 0.5235299, 0.9618891, 6.25706, 0.58880335] 2.5520284 0.9968683 0.8645404 1.0765246
[9943, 0.5478876, 0.80555475, 7.684225, 0.8867911] 2.3445032 1.0403153 0.78811735 1.1466
[9944, 0.47370216, 1.0342978, 5.774791, 0.73667] 2.5497546 0.92049193 0.8769211 1.2459097
[9945, 0.57541937, 0.6630343, 5.441193, 0.4330103] 2.1763906 0.98623127 0.9298788 1.2020091
[9946, 0.47040188, 1.0255159, 5.7162495, 0.86402524] 2.4725835 0.9830126 0.99352306 1.1506337
[9947, 0.5717438, 0.73223436, 5.164967, 0.73983717] 2.3948524 0.8913544 0.8880904 1.0078198
[9948, 0.40291026, 0.6445668, 4.928702, 0.70370567] 2.0993698 0.8310802 1.0285482 1.1550126
[9949, 0.5294237, 1.0177222, 4.432332, 0.42048338] 2.6892715 0.95160526 0.8450847 1.2101212
[9950, 0.4435113, 0.9149847, 7.0031266, 0.63754475] 2.5427647 0.93832177 0.7919876 0.97592646
[9951, 0.53791344, 0.8891282, 7.80944, 0.714862] 2.4877276 1.0036287 0.7697625 1.0599256
[9952, 0.6639596, 0.6438477, 5.3129783, 0.49353784] 2.1918902 0.88258815 0.87407225 1.345091
[9953, 0.51892143, 0.9778998, 6.896622, 0.65507656] 2.4745948 1.06754 0.99107283 0.9792287
[9954, 0.44157964, 1.0005805, 6.4686728, 0.5645601] 2.5598946 0.9743341 0.9022084 0.95522535
[9955, 0.46824682, 0.9320711, 9.240309, 0.69884956] 2.4692981 0.98291326 0.8914614 0.9933832
[9956, 0.45409593, 0.9748567, 6.682209, 0.88485974] 2.698563 0.7048573 0.8174828 1.0188192
[9957, 0.4962415, 1.0111891, 7.3491282, 0.9159299] 2.5199661 0.9984133 0.8476801 1.1223322
[9958, 0.38048235, 1.1045387, 5.6452, 0.6305702] 2.6996331 0.88945204 0.96294856 0.923259
[9959, 0.59451854, 0.7908905, 7.139512, 0.4569168] 2.3700786 0.9641446 0.9409016 1.0504111
[9960, 0.5447876, 0.96908194, 5.7755346, 0.7292629] 2.6519535 1.053813 0.7722987 0.9185951
[9961, 0.43068177, 1.0533191, 4.6721344, 0.56548536] 2.6708915 1.032827 0.8514427 1.0159739
[9962, 0.5896552, 0.9298307, 3.6500275, 0.3921247] 2.674853 1.077715 0.7264918 1.2292426
[9963, 0.512889, 1.0176662, 4.0934386, 0.6449616] 2.6669252 0.9617133 0.97987235 1.2489843
[9964, 0.4952233, 0.9898661, 4.6208544, 0.49525273] 2.5239816 1.0088123 0.86584336 1.2543484
[9965, 0.47289443, 0.9972517, 5.902536, 0.84733874] 2.4263604 1.0794939 0.8566609 1.174628
[9966, 0.58934164, 0.868773, 7.5099344, 0.74396646] 2.4035418 1.08239 0.74592257 1.1987935
[9967, 0.5947466, 0.9377629, 4.265527, 0.6221851] 2.7334495 1.0636984 0.86652464 0.9708326
[9968, 0.5430908, 0.7706356, 5.6289487, 0.5795499] 2.3752189 0.87246054 0.9302508 0.9835223
[9969, 0.59297675, 0.97455364, 2.9080324, 0.76990956] 2.840564 0.8938141 0.9762947 1.362119
[9970, 0.5897428, 0.9324799, 5.783213, 0.7144008] 2.385597 1.1421406 0.9148035 1.2591914
[9971, 0.4142022, 1.0470767, 4.1066604, 0.41027978] 2.8357193 0.9733188 0.6790509 1.0377165
[9972, 0.46432373, 0.88675207, 7.329266, 0.78629977] 2.3745284 0.9782807 0.88558745 1.1204174
[9973, 0.5487845, 0.9767987, 5.183506, 0.60382307] 2.5801504 1.1675615 0.8760487 1.0820156
[9974, 0.39891797, 0.987981, 8.425756, 0.72416943] 2.4125724 0.89636666 0.93756914 1.1992303
[9975, 0.5186484, 0.8753484, 8.957163, 0.74887013] 2.468154 0.87632006 0.98033416 0.9554683
[9976, 0.5265843, 0.9560718, 7.7988586, 0.8262464] 2.4946673 0.97478384 0.83578646 1.1384574
[9977, 0.5560233, 0.8653934, 8.250226, 0.74720275] 2.3474224 0.8503423 0.99032503 1.2113874
[9978, 0.45215452, 1.0586842, 3.7379203, 0.52845967] 2.9136796 1.037688 0.794528 0.98724043
[9979, 0.53055555, 0.9565149, 6.2957, 0.6193768] 2.5299857 0.9490232 0.8564192 1.1564367
[9980, 0.49822983, 0.9261491, 7.0349517, 0.57094556] 2.4017103 1.0178365 0.87445194 1.1339409
[9981, 0.3710551, 1.0246836, 7.4032125, 0.57767427] 2.3554225 1.00561 1.0960702 1.0508103
[9982, 0.57811886, 0.9570145, 4.5319443, 0.4500059] 2.7498548 0.9390855 0.8345853 0.92794406
[9983, 0.568063, 0.98330796, 5.6403537, 0.69407684] 2.666108 0.99366766 0.9710294 1.1034769
[9984, 0.5117315, 1.012446, 3.7521362, 0.68558943] 2.8006175 1.0125961 0.98259586 1.0585266
[9985, 0.43635398, 1.0489998, 4.670816, 0.35628042] 2.6990047 1.0845236 0.7865838 1.0694275
[9986, 0.5049913, 0.9177106, 7.3394895, 0.53185284] 2.328621 1.1109079 0.8617995 1.214738
[9987, 0.50582844, 0.9693258, 6.7916493, 0.91878027] 2.6231837 0.8664666 0.8242597 1.0003768
[9988, 0.3750094, 1.0632328, 3.6856103, 0.5960774] 2.80667 0.99682075 0.79592496 1.1439098
[9989, 0.39086974, 1.0834631, 6.6849437, 0.9106915] 2.5415664 1.008056 0.9776297 0.95498085
[9990, 0.5857639, 0.9478476, 6.071533, 0.70491487] 2.325582 1.1923568 0.92375195 1.3036578
[9991, 0.5859402, 0.9471666, 3.3497336, 0.6391823] 2.910629 0.93304205 0.85818064 1.1306351
[9992, 0.5691542, 0.9852571, 3.2533622, 0.7824388] 2.9170456 0.90701646 0.84250593 1.243222
[9993, 0.5161267, 0.9744365, 4.295398, 0.46402848] 2.701918 0.94818336 0.894315 1.278204
[9994, 0.52046484, 1.0034492, 4.4052625, 0.39696172] 2.7934031 0.9526617 0.9440334 0.9272249
[9995, 0.45335594, 1.0433671, 5.601848, 0.7929927] 2.506583 1.0629268 0.86565065 1.1292901
[9996, 0.60903007, 0.828159, 7.4970016, 0.9118883] 2.4749706 0.83647215 0.7770848 1.2090602
[9997, 0.4886749, 1.0482935, 5.5981636, 0.6694146] 2.4926307 0.936369 0.8748534 1.3203597
[9998, 0.54922915, 0.884149, 7.9546566, 0.6721436] 2.5590463 0.90651107 0.7771694 1.0077926
[9999, 0.48230922, 1.0297433, 6.1256747, 0.8043064] 2.644145 1.0006692 0.8375748 0.9493885
                 Absolute Bias  Standard Error  95% CI Length
posterior_phi         0.010980        0.000670       0.253907
posterior_sigma       0.060911        0.001145       0.425584
posterior_beta3       0.668366        0.013529       5.047263
posterior_rho         0.140690        0.001505       0.561716
posterior_g1          0.155509        0.002058       0.805616
posterior_g2          0.026048        0.000835       0.328157
posterior_g3          0.127515        0.000794       0.310406
posterior_g4          0.093601        0.001131       0.442001
