Run 'mamba init' to be able to run mamba activate/deactivate
and start a new shell session. Or use conda to activate/deactivate.

2026-07-23 23:10:09.379178: I tensorflow/core/util/port.cc:113] oneDNN custom operations are on. You may see slightly different numerical results due to floating-point round-off errors from different computation orders. To turn them off, set the environment variable `TF_ENABLE_ONEDNN_OPTS=0`.
2026-07-23 23:10:09.424260: E external/local_xla/xla/stream_executor/cuda/cuda_dnn.cc:9261] Unable to register cuDNN factory: Attempting to register factory for plugin cuDNN when one has already been registered
2026-07-23 23:10:09.424292: E external/local_xla/xla/stream_executor/cuda/cuda_fft.cc:607] Unable to register cuFFT factory: Attempting to register factory for plugin cuFFT when one has already been registered
2026-07-23 23:10:09.425642: E external/local_xla/xla/stream_executor/cuda/cuda_blas.cc:1515] Unable to register cuBLAS factory: Attempting to register factory for plugin cuBLAS when one has already been registered
2026-07-23 23:10:09.432585: I tensorflow/core/platform/cpu_feature_guard.cc:182] This TensorFlow binary is optimized to use available CPU instructions in performance-critical operations.
To enable the following instructions: AVX2 AVX512F AVX512_VNNI FMA, in other operations, rebuild TensorFlow with the appropriate compiler flags.
2026-07-23 23:10:10.342163: W tensorflow/compiler/tf2tensorrt/utils/py_utils.cc:38] TF-TRT Warning: Could not find TensorRT
INFO:root:Performing 2 pilot runs with the simulador_proceso model...
INFO:root:Shape of parameter batch after 2 pilot simulations: (batch_size = 2, 4)
INFO:root:Shape of simulation batch after 2 pilot simulations: (batch_size = 2, 1, 1, 200, 204)
INFO:root:No optional prior non-batchable context provided.
INFO:root:No optional prior batchable context provided.
INFO:root:No optional simulation non-batchable context provided.
INFO:root:No optional simulation batchable context provided.
2026-07-23 23:10:13.700851: I tensorflow/core/common_runtime/gpu/gpu_device.cc:1929] Created device /job:localhost/replica:0/task:0/device:GPU:0 with 79193 MB memory:  -> device: 0, name: NVIDIA A100-SXM4-80GB, pci bus id: 0000:17:00.0, compute capability: 8.0
INFO:root:Loaded loss history from covariables_D4_simulacion_extremo_V42_15_indicadora/history_37.pkl.
INFO:root:Networks loaded from covariables_D4_simulacion_extremo_V42_15_indicadora/ckpt-37
INFO:root:Performing a consistency check with provided components...
2026-07-23 23:10:16.821184: I external/local_xla/xla/stream_executor/cuda/cuda_dnn.cc:454] Loaded cuDNN version 8904
INFO:root:Done.
INFO:root:Performing 2 pilot runs with the simulador_proceso model...
INFO:root:Shape of parameter batch after 2 pilot simulations: (batch_size = 2, 4)
INFO:root:Shape of simulation batch after 2 pilot simulations: (batch_size = 2, 200, 10, 10, 2)
INFO:root:No optional prior non-batchable context provided.
INFO:root:No optional prior batchable context provided.
INFO:root:No optional simulation non-batchable context provided.
INFO:root:No optional simulation batchable context provided.
INFO:root:Loaded loss history from parametros_D4_simulacion_extremo_V142_15_indicadora/history_40.pkl.
INFO:root:Networks loaded from parametros_D4_simulacion_extremo_V142_15_indicadora/ckpt-40
INFO:root:Performing a consistency check with provided components...
INFO:root:Done.
100 locaciones
200 en tiempo
Inicia funciones de previa
Inicia simulacion
Termina simulacion
[0, 0.4850279, 1.0310881, 4.20519, 0.4406529] 2.7210925 1.157507 0.90778357 1.3162488
[1, 0.47404832, 1.0250925, 5.287542, 0.5125129] 2.7081895 0.8933791 0.9186762 1.3125881
[2, 0.5465689, 0.97614866, 5.724499, 0.5470121] 2.642591 0.9729643 0.8825937 1.4018229
[3, 0.4624231, 1.0413332, 7.0294337, 0.4971643] 2.6348011 0.91939133 0.9740569 1.1644444
[4, 0.5755331, 0.9765715, 5.267527, 0.6616398] 2.8699696 0.8296513 0.9540715 1.1404328
[5, 0.38629654, 1.0625745, 6.483184, 0.42765164] 2.780059 0.83486784 0.8561876 1.222161
[6, 0.48221058, 1.0358783, 6.984577, 0.5991349] 2.4871705 0.9850988 1.0423585 1.3555162
[7, 0.5244453, 1.0373418, 4.292574, 0.5497005] 3.001209 0.96802413 0.84460217 1.1865507
[8, 0.46380755, 1.0270379, 5.967965, 0.44902313] 2.624068 0.8811834 1.0481846 1.2401248
[9, 0.49966404, 1.0378472, 4.1153593, 0.495908] 3.0020628 0.7219296 0.9570337 1.3131173
[10, 0.4422209, 0.99745107, 7.5906982, 0.45210376] 2.4549203 0.9759796 1.0405194 1.1674465
[11, 0.4990171, 1.0381372, 4.1372123, 0.73616445] 2.7578392 1.0188831 0.90527 1.4960034
[12, 0.5427977, 0.9965901, 4.1906276, 0.51343375] 2.8114226 1.0215833 0.9145412 1.3447107
[13, 0.5038171, 0.95034957, 6.8802223, 0.33864188] 2.3436172 1.0074935 1.0261443 1.2367626
[14, 0.4814556, 1.0290323, 4.580885, 0.5693391] 2.848995 0.9262188 0.8358245 1.2371323
[15, 0.46469328, 1.0403806, 4.5205, 0.47701088] 2.8701959 0.9961645 0.78795034 1.2947195
[16, 0.48809758, 1.0612646, 3.220287, 0.575677] 2.9999056 0.9912884 0.88815564 1.4579184
[17, 0.53836125, 0.9762964, 4.7282634, 0.4565052] 2.805361 0.92040986 0.9421904 1.2981505
[18, 0.5086031, 1.0053751, 6.5269437, 0.45717713] 2.4480035 0.9441696 1.1718024 1.3279755
[19, 0.38633475, 1.0452414, 6.3615613, 0.41815343] 2.451901 1.0520436 1.0636746 1.2296252
[20, 0.52094513, 0.998216, 5.4510407, 0.54997027] 2.6212397 1.0477229 0.928759 1.2848295
[21, 0.47285447, 1.0189167, 5.946864, 0.8063822] 2.8303251 0.8959349 0.8433797 1.1575322
[22, 0.5755588, 0.96178603, 5.1421323, 0.5426752] 2.837769 0.9157189 0.80121607 1.3078438
[23, 0.58252496, 0.96493685, 3.7966268, 0.54174006] 3.010095 0.8323382 0.902433 1.2815582
[24, 0.4708657, 1.0077462, 5.81069, 0.546322] 2.6949735 0.9376575 0.909024 1.185307
[25, 0.35323256, 1.0728887, 8.04125, 0.51069593] 2.5572848 0.8862791 0.8027785 1.2808253
[26, 0.40308073, 1.0647464, 7.3972864, 0.63672787] 2.48048 0.90162295 0.8200805 1.6110972
[27, 0.5513657, 0.97188747, 4.6826253, 0.4561113] 2.7560506 0.9055324 0.9943343 1.360336
[28, 0.5736752, 0.9778236, 4.7669687, 0.5231473] 2.7042744 0.9549009 1.0299911 1.3294855
[29, 0.54441774, 1.0071715, 4.82259, 0.4988137] 2.7958686 0.9871062 0.9787925 1.2040126
[30, 0.50272375, 1.0161393, 4.0122957, 0.5791607] 2.9417365 0.9070682 0.903919 1.2373382
[31, 0.4871992, 1.0359286, 4.7972155, 0.6556978] 2.8352945 1.0059359 0.92500424 1.1945332
[32, 0.6653601, 0.8981754, 3.4822307, 0.587463] 2.9382613 0.9053648 0.98116887 1.2546349
[33, 0.49602938, 1.0111609, 4.995535, 0.5210369] 2.864459 0.8803228 0.9015829 1.1941496
[34, 0.42535335, 0.9682427, 6.6625023, 0.29856387] 2.180999 0.85649854 1.1312426 1.364005
[35, 0.45745468, 1.0320201, 5.8358536, 0.5091066] 2.5998302 0.93431836 1.0349183 1.3775297
[36, 0.40616947, 1.0666298, 6.343159, 0.5947051] 2.6075895 1.035749 0.8857479 1.299926
[37, 0.5502501, 0.98173845, 5.362047, 0.58596516] 2.7826958 1.0351479 0.91679555 1.2159903
[38, 0.54852486, 0.99696624, 5.4783096, 0.55900127] 2.7003958 0.94645786 0.88539034 1.4546031
[39, 0.48124975, 0.9703263, 7.875731, 0.4601432] 2.4021122 1.0458404 0.9849126 1.2518786
[40, 0.5237804, 1.0158921, 3.8981476, 0.4622144] 2.9750872 0.9501561 0.90878874 1.163694
[41, 0.49516076, 1.000034, 6.043164, 0.60491496] 2.4881172 1.1078408 0.8183584 1.4378641
[42, 0.53161514, 1.0017362, 4.55597, 0.62644196] 2.7901206 0.98994243 1.0339029 1.2080138
[43, 0.50260234, 1.0590827, 3.6388793, 0.49296793] 2.9657393 1.0181049 0.99794394 1.1540034
[44, 0.35435644, 1.0658484, 7.8319464, 0.45620388] 2.4051127 0.9177175 1.0189676 1.2827195
[45, 0.46302107, 1.0273681, 6.198191, 0.64940876] 2.72533 0.72642946 0.9766013 1.2642084
[46, 0.45778263, 1.0319203, 5.866065, 0.4598038] 2.5585241 1.0068141 1.0206144 1.3271172
[47, 0.48324284, 1.0149245, 5.713669, 0.53991157] 2.8516865 0.7473276 0.90851957 1.2723697
[48, 0.4196669, 1.0299823, 6.9882846, 0.53616613] 2.385893 1.0909383 0.99418026 1.3690197
[49, 0.40551054, 1.0656016, 6.6092296, 0.6292767] 2.6114933 1.0873787 0.8552862 1.2065356
[50, 0.48410287, 1.021522, 6.556053, 0.496353] 2.6978908 0.9414613 1.0273918 1.0608246
[51, 0.56241256, 0.95375746, 5.525919, 0.4982638] 2.784774 0.8901175 0.9130423 1.2158687
[52, 0.40725195, 1.0209097, 7.5477653, 0.3973883] 2.412857 1.0018816 0.978377 1.2246366
[53, 0.55154103, 1.0199529, 3.8841743, 0.48467115] 2.9326417 0.95523465 0.862203 1.3294108
[54, 0.57290876, 0.95118576, 6.6568503, 0.56265444] 2.5184295 0.86795634 0.8456485 1.5181434
[55, 0.48286206, 1.0575259, 3.9662812, 0.57159126] 2.9981306 0.8046483 0.927783 1.2899418
[56, 0.556266, 0.97464174, 4.8520494, 0.6302791] 2.6249979 0.878981 1.0562351 1.447531
[57, 0.58916867, 0.9706358, 4.120749, 0.5311944] 2.8485622 0.9491232 0.97598606 1.2813874
[58, 0.53621566, 0.9529137, 7.8648977, 0.43997827] 2.4834878 0.8683488 0.901418 1.1992904
[59, 0.45761058, 1.0224227, 7.002576, 0.5831743] 2.5420406 1.0707508 0.88968545 1.2225087
[60, 0.44339144, 1.0031677, 8.147841, 0.4625591] 2.1847253 1.0011086 1.0701605 1.4885846
[61, 0.5257012, 0.98309994, 5.8707724, 0.60273916] 2.5849771 1.092288 0.9673167 1.2939447
[62, 0.5085524, 1.0084541, 5.0748067, 0.71098423] 2.7595642 0.7979743 0.93292 1.3404323
[63, 0.43625683, 1.0519227, 5.6258, 0.5919391] 2.7404323 1.0452924 0.8075693 1.2099736
[64, 0.3896914, 1.0665202, 6.6412926, 0.44684067] 2.3846166 1.0354058 1.126595 1.350983
[65, 0.42658582, 1.049677, 6.1675, 0.41864356] 2.4907186 1.0596513 1.0379995 1.2215635
[66, 0.50648594, 1.014624, 4.8772154, 0.55974174] 2.78823 1.0415716 0.9114348 1.2271125
[67, 0.39542466, 1.014952, 8.088324, 0.45638764] 2.3737655 0.9851141 0.9277512 1.2287394
[68, 0.5286288, 1.0056516, 3.761695, 0.51373374] 3.0219803 0.9655461 0.91939634 1.1460215
[69, 0.5109973, 0.99334395, 6.212522, 0.4873962] 2.66343 0.86216277 0.95522696 1.3043494
[70, 0.5222663, 1.0049508, 5.7550416, 0.53519726] 2.8283072 0.89823353 0.9061503 1.0965338
[71, 0.5011616, 1.0238464, 5.0168295, 0.665619] 2.6816444 1.0327853 0.97601295 1.3741739
[72, 0.43339324, 1.0413215, 6.510214, 0.45459965] 2.5464256 0.8228695 1.016607 1.4013568
[73, 0.41581544, 1.0219865, 7.7383404, 0.57281625] 2.4716394 0.9991265 0.98543847 1.1665488
[74, 0.45070693, 1.0345303, 6.888613, 0.5510626] 2.5644147 1.0937481 1.040791 1.1057023
[75, 0.4252759, 1.1041588, 3.8726778, 0.51747245] 2.939082 0.86296135 0.9470173 1.3530245
[76, 0.5350825, 0.99427795, 5.6953154, 0.77238065] 2.7529907 0.9651435 0.9870187 1.1406991
[77, 0.45151967, 1.0302025, 6.218864, 0.6281525] 2.6602745 1.0573907 0.8345998 1.2974916
[78, 0.4864038, 1.0351012, 6.4976954, 0.5228515] 2.650376 1.0192618 0.95779306 1.166162
[79, 0.46856996, 1.0195187, 6.9481816, 0.46128592] 2.549183 0.9371132 0.92361563 1.3287859
[80, 0.35737413, 1.0964365, 6.1181765, 0.52076256] 2.6010504 0.94801915 0.98010755 1.3326778
[81, 0.44709465, 1.0340201, 7.4255023, 0.5551988] 2.6594384 0.93325377 0.90099245 1.1083254
[82, 0.43328753, 1.0212095, 7.8003798, 0.8481245] 2.571978 1.0241537 0.8478482 1.1729797
[83, 0.50380796, 1.0157298, 5.1956315, 0.524093] 2.811974 0.9563527 0.90371996 1.2279443
[84, 0.38812417, 1.0368785, 7.207235, 0.5204281] 2.3669114 1.047759 0.9118265 1.3739473
[85, 0.505093, 1.0126704, 4.1028686, 0.5653137] 2.9037147 1.022967 0.91635317 1.0958337
[86, 0.5257624, 1.0114027, 4.5483727, 0.50481844] 2.6319923 1.1638589 1.048864 1.322238
[87, 0.51101923, 0.9944543, 6.790987, 0.49650466] 2.4282713 0.84259146 1.1129183 1.4721712
[88, 0.49248698, 1.0278845, 5.161947, 0.5007403] 2.7537777 0.9443094 0.98648775 1.2836573
[89, 0.4730759, 1.0839509, 3.7978504, 0.4570407] 3.0699968 0.9070094 0.88405067 1.1844264
[90, 0.41722617, 1.0520157, 5.583491, 0.5382512] 2.6922133 0.939371 0.90769285 1.3068644
[91, 0.5091169, 0.9926608, 6.3050485, 0.49116474] 2.743878 0.9995756 0.90294623 1.0478578
[92, 0.51230663, 1.0328972, 4.2359147, 0.6034939] 2.8815413 0.98858565 0.85411507 1.2987801
[93, 0.4610211, 1.0427684, 6.617304, 0.5205649] 2.586836 0.8831043 0.9582508 1.3478326
[94, 0.4311417, 1.0299572, 7.1645865, 0.5339148] 2.5277827 1.0235527 1.0169945 1.2811468
[95, 0.52204627, 1.0253646, 4.0386896, 0.5453211] 2.8109174 0.9951949 1.0331551 1.3098383
[96, 0.47599494, 1.060136, 3.8224292, 0.5773144] 2.9752219 0.8652087 0.9679099 1.2514681
[97, 0.3617378, 1.0784546, 6.9795856, 0.64192754] 2.528005 0.8655821 1.0066135 1.3201424
[98, 0.5218603, 0.9984797, 4.9776006, 0.504722] 2.735019 0.90342337 1.0359323 1.2919189
[99, 0.5136408, 1.0045274, 4.9495535, 0.48488194] 2.7232661 0.9738408 0.9544648 1.3038183
[100, 0.45659447, 1.047751, 6.4551244, 0.5758208] 2.6633527 0.90505797 0.8984501 1.3656727
[101, 0.58931667, 0.9540861, 4.676204, 0.43522847] 2.9527829 0.8718882 0.95680535 1.114102
[102, 0.5008502, 1.0149088, 4.3728647, 0.5596691] 2.874841 0.9186695 0.848086 1.3121716
[103, 0.47059748, 1.0182965, 6.024088, 0.47544622] 2.629921 0.90942025 0.96478957 1.3379464
[104, 0.42497364, 1.0930951, 3.7024522, 0.58542424] 2.943933 0.8706771 1.0649469 1.2377954
[105, 0.40548667, 1.1318932, 2.9257863, 0.8345367] 3.2315812 0.90323055 0.88936985 1.1268386
[106, 0.50226486, 1.0102727, 6.315239, 0.42101535] 2.624399 0.9445057 1.0487093 1.2065655
[107, 0.41559124, 1.0187018, 8.417989, 0.45484427] 2.3894253 1.0831171 0.9410462 1.1497785
[108, 0.4625, 1.0040771, 6.4881644, 0.47480485] 2.467263 0.948097 0.8482633 1.5162913
[109, 0.5376861, 0.9780375, 4.107685, 0.47431445] 2.7767012 0.989143 1.0264101 1.2602041
[110, 0.5123331, 1.0122879, 5.454935, 0.5829168] 2.7705958 1.1330633 0.9108453 1.1060919
[111, 0.42574406, 1.0117366, 7.802201, 0.44452792] 2.3159173 0.9013578 1.0634106 1.3326961
[112, 0.5045609, 1.0416714, 4.152872, 0.63350123] 3.0497127 0.84453416 0.7181743 1.3550751
[113, 0.48882622, 1.019565, 5.741797, 0.607682] 2.7023585 1.0263934 0.9259595 1.1713172
[114, 0.53869027, 1.0038692, 4.2446966, 0.6149781] 2.8370154 0.94377375 0.947754 1.3683344
[115, 0.5148969, 1.0092411, 4.85698, 0.52745444] 2.8036642 0.8897563 0.88176745 1.320975
[116, 0.4679643, 1.0252246, 5.188853, 0.42286262] 2.6646423 0.94731814 0.9764507 1.3180579
[117, 0.54162616, 0.9817707, 4.977294, 0.5444668] 2.7736104 0.94312125 0.860785 1.3137965
[118, 0.4812118, 1.0433784, 3.8520935, 0.4401716] 2.809396 0.9255268 1.0240941 1.3912023
[119, 0.5638568, 0.98178494, 4.273257, 0.4928416] 2.698261 0.999966 0.98421216 1.51639
[120, 0.40817937, 1.0588448, 6.5533805, 0.49616507] 2.5484142 0.9779724 0.937899 1.3815793
[121, 0.51142794, 0.9668201, 6.9993353, 0.44982108] 2.3759453 0.9235634 1.0144355 1.4525354
[122, 0.5727778, 0.9657113, 7.4568586, 0.6080292] 2.8132303 0.8462388 0.89460456 0.9570937
[123, 0.5158975, 1.007896, 5.166724, 0.496933] 2.8181922 0.8139248 0.9769578 1.2109196
[124, 0.4250027, 1.0334173, 7.2121477, 0.6754846] 2.5637584 1.0177995 0.95999444 1.0452695
[125, 0.5168411, 1.0070508, 5.4675856, 0.6027996] 2.6061368 0.9889326 1.0424027 1.3655121
[126, 0.50398904, 0.99196976, 5.5239277, 0.5181655] 2.7125847 0.98687375 0.9884889 1.2296355
[127, 0.49808642, 1.0052116, 5.808178, 0.42697063] 2.7142463 0.9445727 0.9842305 1.1098018
[128, 0.45142716, 1.0089705, 7.7701473, 0.5197463] 2.4608543 1.0520573 0.91530836 1.2014319
[129, 0.39099276, 1.0189368, 8.257687, 0.39233205] 2.382802 0.98614156 0.85329986 1.2698046
[130, 0.44922173, 1.047756, 5.182624, 0.5184484] 2.789525 1.0424323 0.80017686 1.2160554
[131, 0.540054, 0.986396, 4.9845905, 0.6016816] 2.8136911 0.860046 0.960099 1.3280545
[132, 0.47151357, 1.0341253, 7.3797474, 0.5921906] 2.4315243 0.9423986 0.9691468 1.4786083
[133, 0.46987453, 1.0368961, 4.5505877, 0.54956955] 2.781207 0.90085065 0.9021177 1.418045
[134, 0.49344355, 1.0073125, 6.566221, 0.55211866] 2.5692644 1.0821414 0.9337225 1.2270845
[135, 0.4481012, 1.0237863, 5.8236938, 0.49640676] 2.72001 0.87204283 1.0182781 1.1566104
[136, 0.5639227, 0.9385763, 6.938212, 0.4697258] 2.4871562 0.9899271 0.85668224 1.37788
[137, 0.43989336, 0.99266404, 8.0705385, 0.46328315] 2.3515742 0.86934227 1.0091282 1.3852906
[138, 0.4086386, 1.0665034, 6.281376, 0.48947722] 2.6371014 0.86136067 0.89412344 1.4006182
[139, 0.44560957, 1.0286508, 6.399852, 0.44319808] 2.605439 0.9831002 0.9492666 1.3044461
[140, 0.54899526, 0.99080944, 5.5033803, 0.510955] 2.6762257 0.9985884 0.99413806 1.2471821
[141, 0.5410288, 0.9651701, 6.4556403, 0.41546988] 2.4955015 1.0409806 0.9824523 1.2622666
[142, 0.49137932, 0.9904016, 7.3345194, 0.5318561] 2.379666 1.0621774 1.0146544 1.3366686
[143, 0.5062989, 0.9816237, 5.956275, 0.44535425] 2.653457 0.87419116 0.9758264 1.3433574
[144, 0.42646122, 1.041081, 7.6797085, 0.6319743] 2.6162581 1.0601857 0.87749565 1.0797862
[145, 0.49937418, 1.0012848, 5.174131, 0.49826887] 2.6440456 0.98908764 0.9784047 1.2729691
[146, 0.50360143, 0.9766666, 7.2835407, 0.49465796] 2.2964838 0.95132506 0.96656555 1.568884
[147, 0.5747456, 0.9677119, 4.1584616, 0.4911434] 2.9555662 0.79154915 0.96737 1.175708
[148, 0.47628403, 1.03246, 4.7441792, 0.53470767] 2.9428904 0.87800014 0.8585105 1.1194887
[149, 0.48759663, 0.9715895, 8.03602, 0.41873345] 2.3102682 1.1432254 1.0460844 1.1322106
[150, 0.34172842, 1.0900264, 5.9656057, 0.4642629] 2.637977 0.90833604 0.96885294 1.1989994
[151, 0.4724255, 1.02713, 6.6194787, 0.5141726] 2.6971343 1.0235506 0.9225508 1.1104476
[152, 0.41674048, 0.97415316, 6.984372, 0.32096145] 2.1035373 1.1358284 0.98093426 1.5259039
[153, 0.49234638, 1.0193396, 5.805908, 0.48608643] 2.8472786 0.76732004 0.8325135 1.1997647
[154, 0.44445017, 1.0201296, 6.6102004, 0.5777947] 2.5320113 1.1044039 0.9094323 1.21746
[155, 0.6052316, 0.923909, 3.9764197, 0.4862129] 2.7468278 0.9206871 0.89471656 1.4536923
[156, 0.5593855, 0.97322404, 4.937005, 0.64962703] 2.9705317 0.86743647 0.92167974 1.07371
[157, 0.49099365, 0.9965116, 5.610537, 0.51485837] 2.7033975 0.91777974 0.94607097 1.3765348
[158, 0.58885515, 0.9747034, 4.754974, 0.49721795] 2.8590355 1.0516441 0.896869 1.0537738
[159, 0.5122523, 1.0047984, 6.000867, 0.5691786] 2.555642 1.0239207 1.0364743 1.349875
[160, 0.4848562, 1.0494235, 4.606072, 0.55881035] 2.7327678 1.0108647 0.9163635 1.4016385
[161, 0.53995806, 0.99835783, 5.1697297, 0.6603301] 2.8267639 0.91167593 0.84747237 1.2747477
[162, 0.5186413, 0.9979569, 6.1924677, 0.47364515] 2.7271247 1.0448083 1.0782287 0.85242873
[163, 0.560167, 0.9600976, 5.539239, 0.48237064] 2.7060616 0.99426776 0.95631945 1.2422202
[164, 0.4958288, 1.0014442, 6.002806, 0.5240496] 2.6005793 0.9626116 1.0142852 1.3101485
[165, 0.55896837, 0.9718715, 4.6372266, 0.50915635] 2.737037 1.0634779 0.95309496 1.2843521
[166, 0.4300466, 1.0221717, 7.1104035, 0.4454878] 2.4920847 1.0929873 0.8904435 1.2323499
[167, 0.41857308, 1.1475562, 2.5247838, 0.6781606] 3.2721171 0.8015028 0.9780561 1.2541475
[168, 0.50581944, 1.0293242, 4.1343746, 0.45942703] 2.7258985 1.042339 0.9865172 1.4341091
[169, 0.48395863, 1.04619, 3.9555283, 0.44928694] 2.9525337 0.91371906 0.88520515 1.2368262
[170, 0.35095155, 1.078027, 7.5712585, 0.44165903] 2.3228936 0.93540436 0.9737192 1.4142624
[171, 0.47059783, 1.019229, 5.88635, 0.5828158] 2.7598677 0.79668957 0.8091206 1.330632
[172, 0.44735232, 1.0212227, 6.381395, 0.4067603] 2.4916885 0.8295282 0.9725497 1.3867129
[173, 0.5023834, 1.0110701, 6.0723567, 0.5277427] 2.630602 1.0197399 0.92231005 1.3220006
[174, 0.5550957, 0.9826345, 4.6324034, 0.50773114] 2.6976101 1.0054086 1.0574765 1.290652
[175, 0.41375813, 1.0407182, 6.6061325, 0.72291994] 2.5909188 1.0759072 0.88222367 1.2235872
[176, 0.5201306, 0.9950229, 4.7078342, 0.54708505] 2.8441508 0.92330635 0.9917042 1.155124
[177, 0.55096257, 1.0037376, 4.2852774, 0.53009427] 2.8772175 1.0152175 0.934301 1.1911331
[178, 0.43828258, 1.037779, 6.5790396, 0.713154] 2.6713185 0.98707914 0.9235379 1.1299193
[179, 0.5180362, 1.0143902, 4.09651, 0.5067558] 2.788852 0.99878836 0.9495176 1.4126939
[180, 0.45432132, 0.9574517, 7.248155, 0.3130062] 2.427324 0.9788415 0.80474484 1.0814769
[181, 0.4756085, 1.0226127, 7.1949086, 0.38778478] 2.5131705 0.94579786 0.9867373 1.210728
[182, 0.55449927, 1.0217355, 3.9677138, 0.49518186] 3.0459547 0.8461826 0.9140633 1.1555084
[183, 0.4838981, 0.9869442, 6.561882, 0.44888708] 2.466469 1.0337019 0.8972648 1.3038003
[184, 0.53035164, 0.9778041, 6.0524335, 0.6416281] 2.6330793 0.9006276 0.91278493 1.5269399
[185, 0.5421413, 0.99066246, 4.8998203, 0.5822086] 2.991013 0.75492513 0.87500405 1.123078
[186, 0.34621894, 1.0322837, 7.285319, 0.42299503] 2.3044243 0.8804499 1.0933809 1.2130297
[187, 0.5396302, 0.9962672, 5.802455, 0.7742679] 2.6594603 0.8465611 1.0122429 1.4396703
[188, 0.52853173, 1.028165, 3.4441211, 0.78178614] 3.0814319 0.96249795 0.9890128 1.1263423
[189, 0.5726512, 0.97666276, 4.599062, 0.52159095] 2.7488945 0.9825329 0.9850942 1.2846775
[190, 0.49107873, 1.0484432, 4.358871, 0.48404583] 2.746537 1.01404 0.9879776 1.3778402
[191, 0.4990138, 1.0488095, 3.7546523, 0.62787515] 2.8686209 1.0113486 1.0326669 1.3525187
[192, 0.49869874, 1.0344267, 3.6918392, 0.53882605] 3.0800455 0.770593 0.8011363 1.3162946
[193, 0.40374398, 1.0595585, 7.0349793, 0.541297] 2.6062117 0.9264319 0.8312492 1.2942182
[194, 0.44380268, 1.0059403, 7.781484, 0.57401204] 2.584268 0.89758515 0.8401104 1.2060351
[195, 0.44101733, 0.99777365, 7.548395, 0.42811337] 2.4182467 0.90172946 0.9412131 1.3240143
[196, 0.42876914, 1.0504417, 6.2240276, 0.51519525] 2.5265338 0.9953977 0.9787601 1.3041806
[197, 0.46215436, 1.0422723, 4.990258, 0.59802514] 2.7227967 1.0087012 0.9481342 1.2588118
[198, 0.43564653, 0.9985914, 7.5863004, 0.3967573] 2.5010152 0.9184719 0.95753014 1.0617712
[199, 0.5451373, 0.94871956, 7.4477415, 0.4656867] 2.3408844 1.0680149 1.0304031 1.3683586
[200, 0.41528076, 1.0660855, 7.1981177, 0.51107985] 2.4354682 1.0459527 1.074154 1.2607024
[201, 0.5810192, 0.98732466, 3.926257, 0.65375644] 3.0180218 1.0071447 1.0326052 1.022001
[202, 0.55150664, 1.0082182, 3.8458362, 0.5853345] 2.9204156 0.8667798 0.89228684 1.4068364
[203, 0.4981806, 0.98917776, 4.9862576, 0.47907716] 2.7706068 0.8997979 0.9227368 1.2757508
[204, 0.580105, 0.9622256, 5.690628, 0.6628336] 2.63768 0.95720786 1.1909333 1.2387451
[205, 0.53143436, 1.0302676, 4.691645, 0.59419084] 2.9592218 0.95446956 0.75055885 1.2584633
[206, 0.46959955, 1.0218445, 4.7702036, 0.5231615] 2.8249912 0.85444033 0.9638828 1.3005359
[207, 0.57196295, 0.9509826, 6.2061224, 0.50764555] 2.5829754 0.85076076 0.88609934 1.4621379
[208, 0.38650393, 1.0520144, 7.3433166, 0.4850196] 2.485062 1.0376062 0.9526326 1.2197267
[209, 0.551524, 1.0042868, 4.2296014, 0.6066875] 2.8751352 1.0528792 0.88965553 1.1956475
[210, 0.54224575, 0.9975542, 4.5377088, 0.52854246] 3.0495558 0.91931653 0.85311204 1.0009209
[211, 0.4001084, 1.0187502, 7.4495907, 0.55950665] 2.5272121 0.8878886 0.90826875 1.2552572
[212, 0.5059557, 0.998763, 4.387754, 0.48347822] 2.8046112 1.0136522 0.9252027 1.1796765
[213, 0.4226153, 1.0504088, 7.349039, 0.7812977] 2.3554473 1.0418669 1.0705004 1.39409
[214, 0.49552315, 1.0026163, 5.3354826, 0.60050285] 2.7967398 0.88735926 0.97072023 1.1522564
[215, 0.46088395, 1.0051222, 7.5951996, 0.545679] 2.6238794 0.9531923 0.8800519 1.0399464
[216, 0.45201328, 0.93128985, 6.5062175, 0.27940917] 2.1566749 1.098497 1.0271002 1.1685191
[217, 0.5630502, 0.96508735, 5.4164257, 0.5239842] 2.7236357 0.9377994 0.9840369 1.1723655
[218, 0.5433873, 1.0140777, 3.8853335, 0.46126434] 2.928799 0.95843774 0.8774804 1.3656834
[219, 0.4016736, 1.0612711, 6.862188, 0.5939512] 2.4637654 0.94277656 0.96842265 1.3092434
[220, 0.47183713, 1.0130491, 6.998363, 0.45027226] 2.3896859 1.1612281 0.97837436 1.326169
[221, 0.5328569, 0.9864311, 5.0395856, 0.49428374] 2.837995 0.79153395 0.86887014 1.3172919
[222, 0.54796267, 0.99653745, 4.625913, 0.5030923] 2.8240483 1.010018 0.9109438 1.2772404
[223, 0.5703036, 0.97828656, 4.5299144, 0.5226909] 2.6246018 1.1845049 1.0708743 1.311718
[224, 0.5449374, 0.9774368, 5.103442, 0.53929347] 2.7764885 0.9740996 0.9105141 1.2466291
[225, 0.5023586, 0.9017226, 6.998032, 0.32578763] 2.1188123 1.0474334 0.8859023 1.4075215
[226, 0.5390477, 0.98539466, 5.1124425, 0.5082433] 2.7267778 0.8085764 1.0478748 1.2755548
[227, 0.4329995, 1.0410855, 6.2869277, 0.6267005] 2.5421188 1.012606 0.9255079 1.3442838
[228, 0.39935184, 1.0628392, 6.4039145, 0.5403727] 2.669267 0.94777566 0.8703183 1.1363566
[229, 0.4163081, 1.013366, 7.405669, 0.44031972] 2.213418 1.11825 1.0487295 1.2753985
[230, 0.46992108, 1.0943795, 3.1828463, 0.61423004] 3.1142821 0.949036 0.9945267 1.2092572
[231, 0.45846045, 1.0180186, 7.210625, 0.46130076] 2.5190403 0.9683379 1.0146965 1.1548342
[232, 0.48525593, 1.0179502, 4.1974773, 0.65220165] 2.79938 1.1076692 0.9104967 1.1769603
[233, 0.42049277, 1.0326341, 6.945556, 0.49877295] 2.47222 0.9444091 0.96835524 1.2218189
[234, 0.50414187, 0.9911866, 6.70191, 0.57053787] 2.6908174 1.0483952 0.89297676 1.0761211
[235, 0.59169567, 0.95991564, 4.82217, 0.48501503] 2.975143 0.7758829 1.021794 1.0351601
[236, 0.5041768, 0.9975634, 7.5740705, 0.5670256] 2.5358849 0.863649 0.95988667 1.2856759
[237, 0.44487914, 1.039203, 5.705371, 0.54662913] 2.6183624 0.9703515 1.0430326 1.2460928
[238, 0.48609936, 0.94867706, 7.314451, 0.3853928] 2.251479 1.066897 1.102964 1.2096399
[239, 0.4382027, 1.0806743, 3.4407096, 0.50647014] 3.0233426 0.9628441 0.9566098 1.2024451
[240, 0.48753867, 1.0188594, 5.6861353, 0.72405225] 2.6947865 1.0087451 1.0512472 1.1587725
[241, 0.4145761, 1.1224828, 2.7797713, 0.67094594] 3.2278767 0.8079607 0.7720117 1.3909009
[242, 0.51635784, 1.0206681, 4.186645, 0.49213573] 2.802595 0.95464665 1.0771445 1.2994089
[243, 0.45521367, 1.0222598, 6.679063, 0.71976125] 2.529189 0.9104403 1.1085668 1.3177471
[244, 0.44810122, 1.0115411, 8.018085, 0.43949524] 2.4651587 1.1554595 0.824253 1.0974091
[245, 0.46856338, 1.0377412, 6.4371805, 0.5943802] 2.678104 0.96168554 0.9452789 1.163964
[246, 0.56502795, 0.9692572, 4.5068235, 0.45014495] 2.898652 1.0315328 0.87851554 1.1306819
[247, 0.4887573, 0.97970337, 6.2401013, 0.56141675] 2.396087 1.1144472 0.9810108 1.398091
[248, 0.4722741, 0.9269366, 6.757965, 0.33332944] 2.2735865 0.97734153 0.9349407 1.1688426
[249, 0.4557843, 1.0472151, 6.2407084, 0.6637763] 2.7651188 1.0196995 0.8527733 1.138367
[250, 0.5248446, 0.98261833, 4.5906024, 0.48508024] 2.8086798 0.8578967 0.9169936 1.3051881
[251, 0.45914003, 0.9962502, 8.46505, 0.6104235] 2.364232 1.0696467 1.0098108 1.2434845
[252, 0.412798, 1.03405, 7.7088313, 0.5030761] 2.4660854 1.032421 0.9503512 1.2699661
[253, 0.5133925, 1.0075741, 5.5614824, 0.50459534] 2.5941076 1.0785507 1.0271658 1.2528863
[254, 0.48025206, 1.0566638, 3.1194305, 0.5356181] 3.2025847 0.81152433 0.8290293 1.2605331
[255, 0.45539895, 1.0161012, 6.3635077, 0.40055397] 2.7039883 0.9604629 0.8460979 1.0894473
[256, 0.42884922, 1.0438691, 6.950933, 0.5878698] 2.619921 0.93816656 0.9318474 1.2058058
[257, 0.4142152, 1.0156711, 8.157303, 0.5599949] 2.3391342 0.97535485 0.8339491 1.4245492
[258, 0.4742726, 1.0559636, 3.6602128, 0.58824784] 3.0716872 0.73966104 0.95774347 1.2648388
[259, 0.4168289, 1.0301383, 7.670811, 0.4607145] 2.3930037 1.0611637 0.98436254 1.2749038
[260, 0.45882168, 1.0549363, 5.3597603, 0.5176048] 2.6885304 0.90076333 0.9586646 1.3311361
[261, 0.41353273, 1.0572572, 7.1259637, 0.57351726] 2.7060392 0.8789567 0.8528003 1.2192687
[262, 0.3905937, 1.0427107, 7.976234, 0.40315193] 2.2573647 1.0759289 0.995422 1.4433309
[263, 0.48905838, 1.0203736, 7.8053284, 0.71133167] 2.6130328 0.756441 0.90787154 1.3659967
[264, 0.5438648, 0.99332374, 4.980283, 0.47062588] 2.9702313 0.8391384 0.87304395 1.1104635
[265, 0.43583068, 1.0374169, 6.8230925, 0.6193075] 2.5502932 1.0450637 1.0236315 1.2008368
[266, 0.46848452, 0.95956004, 6.918178, 0.40205306] 2.3253589 0.92242146 0.93823904 1.2606679
[267, 0.47256675, 1.0390294, 5.913207, 0.5173106] 2.7626734 0.9339602 0.9279975 1.2477334
[268, 0.45049182, 1.0214915, 7.930949, 0.49759996] 2.6252587 0.97276866 0.91836536 1.0183079
[269, 0.606756, 0.97653353, 4.492184, 0.5211262] 2.6660838 0.9830678 1.0378275 1.4718311
[270, 0.4268379, 1.0201151, 7.766456, 0.69890034] 2.4347992 1.024414 0.93219846 1.2328221
[271, 0.5745245, 0.9595575, 4.530067, 0.47003976] 2.7240453 0.97666186 0.8373742 1.4483976
[272, 0.536081, 0.9871199, 6.2929215, 0.56886536] 2.8687444 0.9100233 0.8792605 0.9681305
[273, 0.45997113, 1.06708, 4.5917516, 0.574422] 2.8451333 0.8725848 0.94505364 1.3004394
[274, 0.5398776, 1.0014488, 5.464533, 0.53775144] 2.6909635 0.98030055 0.9871089 1.2863607
[275, 0.45983097, 1.0405023, 5.984863, 0.53473175] 2.6742394 0.9852853 0.9648138 1.170681
[276, 0.5251221, 0.9743195, 7.0411487, 0.42254052] 2.568582 1.0497682 0.875411 1.1993481
[277, 0.40314198, 1.0187602, 8.058448, 0.4428008] 2.437701 0.8779281 0.9407523 1.2793162
[278, 0.4604906, 1.0233761, 6.8226542, 0.5500462] 2.6000767 0.8620117 1.0117776 1.2405382
[279, 0.5623794, 0.9931584, 5.1145053, 0.507398] 2.608339 1.022237 1.0302742 1.4116627
[280, 0.48908377, 1.0368296, 3.9094954, 0.5588066] 2.9709508 0.9533407 0.8872304 1.1827009
[281, 0.55413467, 0.99028236, 5.2719693, 0.53357065] 2.723651 1.0283426 0.92564267 1.2981124
[282, 0.5112096, 1.0139915, 4.836922, 0.4978633] 2.8308249 0.899201 0.7524489 1.387889
[283, 0.44508216, 0.992316, 6.855945, 0.4458264] 2.2318497 0.90965545 1.0469984 1.5250643
[284, 0.46307403, 0.9830012, 6.91442, 0.41993216] 2.636797 1.0646733 0.8730107 1.0373293
[285, 0.452116, 1.0253216, 7.867083, 0.48277268] 2.5988708 0.8525556 0.90667963 1.1829866
[286, 0.51980263, 1.0071772, 4.553986, 0.6816083] 2.8109252 1.0008248 0.93665254 1.3148028
[287, 0.5430246, 0.9942884, 3.9254463, 0.54492] 2.8093114 1.0131295 1.0501814 1.1381124
[288, 0.49417546, 1.0069199, 5.875814, 0.75826585] 2.756254 1.0095196 1.0630671 1.0255903
[289, 0.42117038, 1.0536567, 6.1562905, 0.4725512] 2.7049308 0.8161927 0.8471712 1.3901135
[290, 0.50163484, 1.0823609, 2.5836873, 0.7885327] 3.3405085 0.70039475 1.0321245 1.1294899
[291, 0.4286495, 1.0253414, 7.3617926, 0.5623248] 2.3531406 0.94793624 0.98223865 1.4149712
[292, 0.43774945, 1.0434208, 5.515946, 0.60817885] 2.6186178 0.9990389 1.0104703 1.3722042
[293, 0.45955822, 1.0135794, 7.3133416, 0.51157206] 2.4386048 1.0253215 1.0638503 1.2384229
[294, 0.4313388, 1.0251449, 6.8284197, 0.4809217] 2.6034012 0.9845884 0.899089 1.1911861
[295, 0.3994501, 1.0624883, 7.042515, 0.4799277] 2.5847957 1.012353 1.0335096 1.0591818
[296, 0.51480883, 1.0328898, 3.7208018, 0.4743646] 2.8598168 1.0858978 0.88097787 1.2537048
[297, 0.4533817, 1.0158292, 6.783031, 0.4296201] 2.6066656 0.78300256 1.0401173 1.2724954
[298, 0.5302476, 1.0021769, 4.6558676, 0.62270546] 2.9266267 1.0061569 0.8441589 1.0662544
[299, 0.5255834, 0.989983, 6.04612, 0.42870554] 2.7382748 0.91795224 0.8466229 1.0424187
[300, 0.55356026, 0.9775276, 4.9889145, 0.5497599] 2.686455 0.97671896 1.1148788 1.269753
[301, 0.5269948, 0.9968244, 4.517646, 0.4613653] 2.8495114 0.8961518 0.91137815 1.3752333
[302, 0.54262084, 0.984268, 6.6430683, 0.55286884] 2.7717304 0.94791645 0.90723395 1.0581849
[303, 0.5586268, 0.98428017, 5.1964498, 0.6300475] 2.6452808 0.9108746 0.9576901 1.5116248
[304, 0.49291623, 1.0240874, 6.181395, 0.4972671] 2.6452816 1.0041672 0.8113459 1.3001394
[305, 0.47008583, 0.98990107, 6.95048, 0.39514938] 2.2145896 1.057448 1.1097932 1.4245859
[306, 0.5409305, 0.97168237, 5.8386545, 0.4830941] 2.634711 1.1171584 0.91052526 1.2387546
[307, 0.48851955, 0.9687775, 7.212395, 0.41609818] 2.2812982 0.89642847 1.0893397 1.2714391
[308, 0.43889332, 0.943541, 6.1148024, 0.26108342] 2.123892 1.1028389 0.98493564 1.2787488
[309, 0.47776476, 0.9125131, 6.165198, 0.27979347] 2.2422564 0.97378886 1.0067917 1.1882287
[310, 0.53544676, 0.97952014, 5.5587487, 0.4484695] 2.702959 0.90712225 0.9704789 1.2512395
[311, 0.46246877, 1.0548486, 5.552586, 0.5773523] 2.7422905 1.2045918 0.8437316 1.1262311
[312, 0.48654783, 0.99254197, 7.352193, 0.5972737] 2.6951044 1.0291342 0.8538391 1.0189092
[313, 0.50035137, 0.9855442, 6.7179112, 0.3473535] 2.368742 1.0297195 1.0275475 1.3556858
[314, 0.34320036, 1.0691413, 8.070138, 0.60167146] 2.5077982 0.8581755 0.9745578 1.2894704
[315, 0.49859315, 1.0015596, 5.4859047, 0.5521751] 2.84186 0.9167696 0.9106757 1.1009101
[316, 0.59169227, 0.8248164, 6.715355, 0.2562517] 2.277729 0.87542945 0.89454734 1.2092015
[317, 0.48946148, 1.0043964, 6.395511, 0.5401036] 2.6942484 0.88258123 0.9852045 1.1792444
[318, 0.42854828, 1.1042672, 3.553526, 0.54277784] 3.0449436 0.94670844 0.88391685 1.1609659
[319, 0.44084334, 1.0605676, 4.378416, 0.6226967] 2.9821637 0.9572566 0.8654655 1.1234134
[320, 0.44225323, 1.0398583, 5.737358, 0.513359] 2.603769 1.0540351 0.9766577 1.3178684
[321, 0.4621253, 1.0207216, 6.9789343, 0.46685728] 2.3284352 0.9223082 1.0606147 1.5559236
[322, 0.47873217, 1.084956, 3.2193696, 0.60959184] 3.310126 0.89656425 0.767737 1.01273
[323, 0.54125845, 0.9770677, 5.0219593, 0.56166816] 2.658565 1.0207065 1.0298637 1.3174692
[324, 0.47590858, 0.95878214, 6.628857, 0.37113196] 2.0444615 0.9601038 1.1114199 1.5493239
[325, 0.5047849, 1.0081648, 4.138878, 0.52610314] 2.8497887 0.8908472 0.8452932 1.394508
[326, 0.5488793, 0.9686127, 6.904675, 0.61577266] 2.6840136 1.0021058 0.9723126 1.1026026
[327, 0.4179111, 1.0382782, 6.8954153, 0.49895224] 2.522258 0.8315295 0.92011297 1.4049233
[328, 0.4862286, 1.007944, 5.382241, 0.50674206] 2.745958 0.8129207 1.0462172 1.2301552
[329, 0.44625032, 1.0969428, 3.593807, 0.6277435] 3.0556297 0.9234689 0.78866774 1.3021777
[330, 0.46607903, 1.0190336, 7.595977, 0.46019986] 2.3757923 0.8373553 1.058967 1.433692
[331, 0.5465687, 1.0235262, 2.9974456, 0.6240651] 3.084392 0.90934944 1.1097618 1.2371008
[332, 0.4717327, 1.0310016, 5.2122903, 0.6621001] 2.746631 1.0232705 0.9875432 1.1610508
[333, 0.46714383, 1.0239145, 6.215758, 0.6443458] 2.588954 0.8903595 0.9491689 1.2808788
[334, 0.48271367, 1.0511532, 4.150451, 0.53410167] 3.0593908 0.8560132 0.80336595 1.1199816
[335, 0.559792, 0.9717569, 5.292551, 0.5988666] 2.622754 0.9180529 1.0051323 1.4818677
[336, 0.48135754, 0.9964905, 6.8519826, 0.55550236] 2.524921 1.0704019 0.8685308 1.2042018
[337, 0.5048587, 1.0087854, 5.551636, 0.58110046] 2.7479715 0.8090751 1.0316865 1.2840811
[338, 0.4601706, 1.0207802, 6.9537473, 0.35993874] 2.6728108 0.89828485 0.9619495 1.0004693
[339, 0.57779187, 0.9818847, 3.9839387, 0.55088234] 2.8281748 1.066345 0.9424634 1.2686957
[340, 0.48525113, 1.0217961, 5.6053305, 0.5734962] 2.716591 1.0056615 0.91884655 1.2108517
[341, 0.49269834, 1.0225205, 5.6175838, 0.43913695] 2.8793747 0.78402716 0.76898897 1.2924544
[342, 0.60433304, 0.805168, 5.942805, 0.2226246] 1.8903985 1.114307 0.9513619 1.5776141
[343, 0.5074102, 1.006615, 5.3286195, 0.52261215] 2.7658594 0.949577 0.86141944 1.2659701
[344, 0.58885366, 0.963849, 4.5376244, 0.4725941] 2.6501641 1.1056911 0.9817392 1.4825679
[345, 0.49269906, 1.00206, 6.0879273, 0.61697114] 2.6043596 1.0705307 0.8544686 1.3373946
[346, 0.42896342, 1.0626554, 6.6142564, 0.4420888] 2.4595242 0.94776654 0.83083326 1.6212372
[347, 0.54734737, 0.9711673, 5.390381, 0.48453215] 2.8623025 0.8624196 0.9144083 1.2069386
[348, 0.4175208, 1.016397, 7.602511, 0.37436128] 2.3885038 1.0176687 1.0186635 1.2640287
[349, 0.43271536, 1.0302706, 7.4898777, 0.60530555] 2.611199 1.0072553 0.877603 1.0384872
[350, 0.4801964, 1.0740546, 3.2856636, 0.59924424] 3.032492 0.9639322 0.91445315 1.3055732
[351, 0.39958814, 1.0300231, 8.0992155, 0.46289462] 2.4957716 0.9232247 0.9149516 1.1728473
[352, 0.42415717, 1.0957984, 3.7684042, 0.6216137] 3.0872648 0.8502263 1.0133518 1.1811435
[353, 0.40688106, 1.0532233, 7.810689, 0.46475905] 2.5230362 0.84557223 0.99686646 1.2111862
[354, 0.6089235, 0.9384245, 5.183102, 0.5011499] 2.792383 1.0248946 1.0310422 1.089678
[355, 0.45530593, 1.0375632, 5.495859, 0.62205166] 2.8691216 0.8355743 0.8288545 1.2107084
[356, 0.5247222, 1.0163577, 5.8822527, 0.7043459] 2.707063 0.96374375 0.9466196 1.2403677
[357, 0.5056581, 1.0178351, 6.5818067, 0.4903455] 2.4039576 1.0321345 1.0977666 1.4371461
[358, 0.5868892, 0.95248216, 5.0175686, 0.4596724] 2.6368186 0.9330858 0.9772034 1.4669142
[359, 0.43734407, 1.04345, 6.2712436, 0.5361483] 2.6143196 0.92014325 0.92667913 1.3353431
[360, 0.51077753, 1.0023772, 6.443427, 0.5381576] 2.6232972 0.81980145 0.876354 1.5108253
[361, 0.50405365, 1.0124849, 6.302782, 0.500967] 2.7162883 0.79852223 0.96936184 1.260359
[362, 0.54765576, 0.96974874, 6.139694, 0.5263172] 2.7019339 1.1181306 0.9433827 1.0021663
[363, 0.5488141, 0.9806352, 5.693839, 0.40311515] 2.7948785 0.9532983 1.0059278 1.0413593
[364, 0.40702492, 1.0842768, 4.406683, 0.5650369] 2.8659291 0.8992978 0.99924946 1.2840204
[365, 0.55730677, 1.0109936, 3.9715772, 0.5415758] 2.8952873 0.9377516 0.86097854 1.4044106
[366, 0.423097, 1.059603, 6.755389, 0.41825372] 2.616099 0.9508556 0.896587 1.2928942
[367, 0.49214694, 0.91245764, 6.6908493, 0.3603266] 2.2943246 0.91648996 0.929824 1.1684809
[368, 0.40206087, 1.0629736, 7.7412014, 0.70468366] 2.617444 1.0286809 0.87865734 1.1722665
[369, 0.48036754, 1.0143427, 5.307902, 0.5827216] 2.61813 1.0378518 0.87945455 1.3636333
[370, 0.4706995, 1.0787723, 2.7226152, 0.7650772] 3.226103 0.8014377 0.875737 1.3020298
[371, 0.5188254, 1.0293589, 3.5842385, 0.54254115] 2.9741147 0.98747045 0.9490241 1.2287616
[372, 0.4036561, 1.0408121, 7.6314774, 0.5157432] 2.4504087 0.8987048 0.8365681 1.4678371
[373, 0.5066059, 1.0200078, 4.242223, 0.4839746] 2.7319174 0.96039116 0.9518033 1.4771852
[374, 0.42175198, 1.0342395, 6.662282, 0.45398125] 2.4993784 1.0310923 1.0926104 1.1687621
[375, 0.45901635, 1.030786, 5.466282, 0.5615123] 2.7621655 1.0295829 0.8838561 1.219353
[376, 0.51590884, 0.98635525, 5.195393, 0.52032024] 2.744684 0.8324223 1.0056243 1.2993356
[377, 0.5849452, 0.9634528, 3.856186, 0.4616982] 2.8004036 1.051592 1.1242572 1.2049527
[378, 0.48426872, 1.0260755, 6.443776, 0.44448638] 2.2737703 0.98583734 1.1372688 1.5829223
[379, 0.40649733, 1.0388842, 8.630084, 0.56006396] 2.5014842 0.8880082 0.8695968 1.3399525
[380, 0.485791, 1.0004076, 6.0797687, 0.49446225] 2.678662 0.8476077 0.9423008 1.2998716
[381, 0.5341325, 0.9723607, 3.962705, 0.5121008] 2.8337588 0.9545407 0.91775835 1.2701225
[382, 0.50329155, 1.0621655, 3.327729, 0.5330281] 3.0915432 0.90281063 0.87863016 1.2468317
[383, 0.48774126, 1.0004393, 4.727077, 0.46910352] 3.0013795 0.85039055 0.71277237 1.1560556
[384, 0.5524557, 0.9851074, 3.908813, 0.5069605] 2.8951857 0.90427595 1.0008281 1.3249391
[385, 0.5470982, 0.9393542, 7.4507957, 0.5447759] 2.3960953 1.043346 1.0327095 1.2950162
[386, 0.4243641, 0.9974376, 7.313182, 0.45465213] 2.2702782 1.1013181 0.9397795 1.3897808
[387, 0.5265998, 1.0006995, 5.0081825, 0.4767156] 2.733794 0.7217925 0.98707753 1.4664537
[388, 0.5296647, 0.98553914, 4.9157934, 0.5268] 2.6024275 1.0820112 1.1195391 1.3196148
[389, 0.5274042, 1.0134048, 3.9632936, 0.4275879] 3.0051062 0.88615537 0.89413965 1.2152493
[390, 0.41235238, 0.9952686, 8.107981, 0.48885486] 2.365099 1.0043248 0.9085226 1.1838733
[391, 0.41881207, 1.0849693, 4.294627, 0.54616123] 2.7528179 0.91603875 0.9209054 1.4263625
[392, 0.4734065, 1.0051727, 6.689564, 0.5736131] 2.6370206 0.8025757 0.89766216 1.3046905
[393, 0.45556813, 1.0395355, 5.4433017, 0.43066475] 2.7106202 1.1316001 0.8759477 1.1091964
[394, 0.4351806, 1.0254503, 7.272259, 0.60433334] 2.4341772 0.89017045 1.0517963 1.360356
[395, 0.4750765, 1.0150219, 5.1613774, 0.48586887] 2.7311265 0.94060695 0.9510165 1.282776
[396, 0.48552844, 1.0284728, 5.094798, 0.51096946] 2.688973 0.9921171 0.9532212 1.2946768
[397, 0.57730997, 0.9632966, 4.10541, 0.46396878] 2.9698548 0.9371699 0.987231 1.0851139
[398, 0.4206915, 1.0678064, 5.4148393, 0.55012006] 2.7168505 0.88303566 0.9451505 1.3595468
[399, 0.49088576, 1.0123565, 6.9659085, 0.54895735] 2.6058173 1.059846 0.97661614 1.1376919
[400, 0.556643, 0.9961294, 4.207075, 0.44560948] 2.88581 0.886397 1.0287213 1.1998056
[401, 0.48248473, 1.0278379, 4.783569, 0.55254763] 2.9119747 0.95928746 0.8705445 1.1151178
[402, 0.50563604, 1.0126939, 4.60542, 0.5262878] 2.8202548 0.96488446 0.88644063 1.3272119
[403, 0.41558072, 1.0015359, 7.962718, 0.3678292] 2.3141544 0.97216564 0.988834 1.2732949
[404, 0.51165605, 0.9989144, 4.919498, 0.42058727] 2.8721511 0.8556738 0.9734425 1.1182215
[405, 0.49601904, 0.97659886, 6.6518583, 0.4880156] 2.5534282 0.9952721 0.9422369 1.1738198
[406, 0.40379772, 0.96217483, 7.0325794, 0.29894805] 2.272526 1.0398065 0.9596603 1.1064341
[407, 0.50180423, 1.011446, 6.520383, 0.6896528] 2.5584888 1.0963632 0.9388746 1.3258196
[408, 0.423997, 0.9942665, 7.0805025, 0.57641804] 2.142093 0.9677971 1.0727087 1.5458255
[409, 0.51830506, 1.0097688, 4.814412, 0.5208116] 2.7719274 1.1029414 0.89155155 1.2014852
[410, 0.39773667, 1.0410372, 6.432717, 0.5634356] 2.6029367 0.98341954 0.82425094 1.3019874
[411, 0.42881534, 1.0836902, 4.316933, 0.5748068] 2.9243264 0.9048539 0.90934974 1.2994466
[412, 0.48361844, 1.0246372, 6.418474, 0.52570075] 2.5362184 1.0375326 1.0140476 1.2998799
[413, 0.46356064, 1.0146258, 6.258394, 0.48679364] 2.4352458 0.8969693 1.0132967 1.4523206
[414, 0.45256984, 1.1265024, 3.330876, 0.5694128] 3.0891478 1.0817084 1.0163708 1.0423098
[415, 0.42170417, 1.0647471, 5.7233605, 0.53885657] 2.90875 0.7992393 0.9009892 1.0274947
[416, 0.5351664, 0.9949215, 5.281467, 0.58170015] 2.7188826 0.7934322 1.0945864 1.3093071
[417, 0.5287697, 1.0303684, 3.208576, 0.57699305] 3.0928612 0.8258629 1.0222095 1.2466155
[418, 0.43070614, 1.0608212, 4.4859605, 0.5393585] 2.7545073 0.9698216 0.8933202 1.3141446
[419, 0.50083137, 1.0104351, 6.620944, 0.50306123] 2.6451135 1.1072192 0.7866625 1.21549
[420, 0.42919, 1.0461646, 5.156404, 0.6421028] 2.706177 0.97137475 0.8778207 1.3354774
[421, 0.48093548, 1.080418, 3.821635, 0.5571246] 2.979814 0.8946446 0.9139403 1.3537354
[422, 0.52361155, 1.041355, 4.0167437, 0.53650314] 3.0403233 0.7801926 0.8467946 1.3135054
[423, 0.42958468, 1.0324581, 6.951003, 0.6163418] 2.519054 0.9744001 1.0501807 1.2871275
[424, 0.43553412, 1.0902493, 3.1804774, 0.705864] 2.9725976 1.0008839 1.0126197 1.3483878
[425, 0.49606237, 1.0009941, 6.7997537, 0.48803434] 2.610494 0.9679592 1.0033857 1.1996739
[426, 0.41454732, 1.0689043, 6.144474, 0.5255176] 2.5955918 0.93457663 0.9675281 1.3471376
[427, 0.4139476, 1.0627036, 6.153954, 0.6770665] 2.6530006 1.1478175 0.8632584 1.2161381
[428, 0.47006375, 1.0355421, 6.5038357, 0.5404253] 2.7223346 0.96476364 0.9684581 1.0642172
[429, 0.42472464, 1.0204388, 7.812305, 0.6390526] 2.6407673 0.9146702 0.90017873 1.1176462
[430, 0.47536564, 1.0068473, 6.639354, 0.38928455] 2.5311885 0.961314 0.9944676 1.358517
[431, 0.48175097, 1.020382, 5.6740685, 0.49946296] 2.7416391 0.9941504 0.9203041 1.1821376
[432, 0.4465399, 0.98071045, 7.589324, 0.30531743] 2.3537776 0.821663 0.96829367 1.2694579
[433, 0.4965272, 1.0105401, 4.291851, 0.4349396] 2.7568848 0.98609954 0.98614275 1.2336534
[434, 0.4163561, 0.9958923, 7.9026856, 0.5212563] 2.4417236 0.8891468 0.81881195 1.2271847
[435, 0.49928895, 1.0130011, 5.5970435, 0.5235551] 2.7909842 0.9776076 0.9546484 1.1104342
[436, 0.5100057, 1.0492761, 3.5463445, 0.63611436] 3.0540707 0.9301565 0.86623 1.1317676
[437, 0.4485274, 1.043339, 6.4541078, 0.5851586] 2.7503955 0.978335 0.84218 1.1019794
[438, 0.47676158, 1.0149801, 6.425765, 0.5300458] 2.5515094 1.0761868 0.943986 1.2171035
[439, 0.37532428, 1.0835534, 6.449959, 0.5253449] 2.5100536 0.8446795 0.98703796 1.3624748
[440, 0.59108543, 0.9809157, 4.097367, 0.4336374] 2.8464146 0.9171532 1.074129 1.1855812
[441, 0.41238815, 1.1009471, 3.623878, 0.74691397] 3.0256402 0.89893824 0.9097206 1.3082714
[442, 0.47149697, 1.0221623, 6.9222207, 0.6714567] 2.4980416 1.0001527 0.9167572 1.3626344
[443, 0.41342837, 0.988132, 8.392563, 0.4657382] 2.3919168 0.9175642 0.9012921 1.2013019
[444, 0.53191996, 0.9749887, 5.1611423, 0.51352423] 2.6112037 0.97031635 1.0162721 1.3628565
[445, 0.5023843, 1.0638971, 3.7588224, 0.5130728] 2.9459257 1.0362554 0.90457964 1.2278926
[446, 0.42895532, 1.0206459, 6.9939356, 0.3622466] 2.3470337 0.9312444 1.141082 1.2617346
[447, 0.3783764, 1.0370129, 7.6651473, 0.4771178] 2.3765688 1.0607572 0.94433826 1.247037
[448, 0.44388232, 1.0189965, 6.2231684, 0.48971975] 2.6928747 0.908404 0.8574737 1.160445
[449, 0.4488203, 0.9875716, 8.330606, 0.45956948] 2.3637612 0.92961 0.90440476 1.2984687
[450, 0.46326244, 1.013682, 6.4428363, 0.48995304] 2.6753554 0.8031897 0.83152026 1.365494
[451, 0.413117, 1.0362631, 6.5779295, 0.41858447] 2.4742584 0.90470123 1.0352391 1.3527946
[452, 0.580189, 0.94802195, 4.177521, 0.59314287] 2.9680262 1.0079626 0.9413693 0.9769147
[453, 0.46084994, 1.0337611, 5.8309703, 0.52147186] 2.6943974 0.9572674 0.81388485 1.4155552
[454, 0.4900429, 0.99684644, 7.888409, 0.5569715] 2.5507789 1.0688921 0.9249042 1.1737252
[455, 0.50980604, 1.0240172, 4.782051, 0.48362345] 2.6754258 0.98585755 1.0639088 1.2541668
[456, 0.45760545, 1.0280302, 6.7337775, 0.52050704] 2.6136923 1.085865 0.9270412 1.1221026
[457, 0.47561613, 1.0332967, 6.231319, 0.58671415] 2.7638144 0.89182025 0.8206157 1.3249727
[458, 0.41200393, 1.0569721, 7.0971417, 0.4544738] 2.4808917 0.9967905 1.1014422 1.1655991
[459, 0.40713894, 1.0687891, 6.4308133, 0.71829593] 2.6271417 1.0267358 0.8765967 1.296759
[460, 0.53968054, 0.9835409, 5.203952, 0.48017338] 2.562263 1.0285474 1.0653626 1.387952
[461, 0.4015704, 1.025108, 6.681473, 0.39342025] 2.324069 0.9121683 1.0589658 1.379794
[462, 0.5378553, 0.9967089, 4.9457126, 0.53838295] 2.7555308 0.89687437 0.93454266 1.3693064
[463, 0.50570726, 1.0134434, 4.5559545, 0.6406622] 2.9563644 0.91013724 0.82265836 1.1614468
[464, 0.5220667, 1.0195338, 4.4313736, 0.51546407] 2.7669969 1.0040426 0.9214762 1.2562646
[465, 0.4321888, 1.0909472, 3.082482, 0.8240213] 3.120038 0.83624214 0.9436328 1.314946
[466, 0.56215394, 0.9686332, 5.563881, 0.4349435] 2.7047093 0.8717041 0.91643184 1.4467915
[467, 0.39740747, 1.0030286, 7.244983, 0.47811908] 2.3358464 0.8401409 0.92885447 1.3672838
[468, 0.43142024, 1.0567702, 5.7056646, 0.52128696] 2.529902 1.111303 0.9735833 1.356572
[469, 0.42479697, 1.0441203, 6.656375, 0.4248654] 2.5103347 0.9789558 1.0147328 1.3041073
[470, 0.4611449, 1.0118893, 7.5649343, 0.60322636] 2.5926585 0.8596491 0.9917637 1.1501554
[471, 0.40158954, 1.026184, 8.131982, 0.44707027] 2.4135675 0.8565759 0.8916004 1.4201208
[472, 0.6084315, 0.9474837, 4.2385144, 0.5258254] 2.9618168 0.9628898 1.0062896 1.049442
[473, 0.5040848, 0.99233323, 6.827471, 0.73449373] 2.6490304 1.102488 0.74475354 1.1920801
[474, 0.44325262, 1.0164037, 7.619167, 0.48873135] 2.5326493 0.9418135 0.987264 1.1921945
[475, 0.4676556, 1.0312928, 5.4869227, 0.42942122] 2.789941 0.8876623 0.92132324 1.187992
[476, 0.5137124, 1.0007172, 6.02346, 0.5304033] 2.693963 0.9954928 0.97169775 1.175993
[477, 0.44454747, 1.0301853, 6.987191, 0.51429105] 2.6157286 1.0146528 0.8510619 1.3302292
[478, 0.4598196, 1.0510083, 5.699835, 0.5702175] 2.713818 1.1257942 0.90533197 1.1990873
[479, 0.49653155, 1.0169497, 6.0617127, 0.61048853] 2.5548964 0.9783554 0.9334867 1.4728642
[480, 0.4726419, 1.0145152, 6.640857, 0.465707] 2.4944317 0.9301721 0.90463954 1.415244
[481, 0.49036622, 1.0056442, 4.323557, 0.55682284] 2.84993 0.9533623 0.9566624 1.2246897
[482, 0.5403732, 1.0024956, 5.367204, 0.5980297] 2.6885064 0.92275083 0.96604514 1.3042939
[483, 0.50025403, 1.0220543, 4.994706, 0.41803575] 2.7595274 0.85342413 1.0003499 1.2047697
[484, 0.47919574, 0.99123114, 6.4457183, 0.4261703] 2.3599973 1.1356221 0.96972173 1.4121097
[485, 0.5306626, 0.9967849, 5.109225, 0.5001827] 2.755255 1.0661702 0.9559582 1.1424211
[486, 0.54269767, 0.9920828, 6.236323, 0.59586036] 2.7418568 0.9431662 0.9879148 1.1880057
[487, 0.43472207, 1.0385847, 6.5594378, 0.583685] 2.6848998 0.89617723 0.87218016 1.3067737
[488, 0.41426325, 1.0647775, 6.4834504, 0.48855618] 2.7345018 1.0032713 0.8306351 1.1532466
[489, 0.4659956, 1.0281968, 7.1449375, 0.59949595] 2.524654 0.9545724 1.0058569 1.325869
[490, 0.53195316, 0.9810242, 5.2106314, 0.49377784] 2.7386339 0.84514236 1.0036107 1.2889842
[491, 0.3808732, 1.0198921, 7.8205523, 0.53406477] 2.5190585 0.86493903 0.79703784 1.363548
[492, 0.36908057, 1.0732361, 7.082362, 0.5914398] 2.5308971 1.0145619 0.88636696 1.3092643
[493, 0.39661852, 1.0372427, 8.293674, 0.5236733] 2.5351124 0.92401236 0.9806428 1.1489348
[494, 0.4786629, 1.0091565, 6.5822306, 0.6205956] 2.5080168 1.0210029 1.0469915 1.3640697
[495, 0.41397375, 1.0165801, 7.765199, 0.4130809] 2.3465326 1.0146148 1.0026803 1.2895215
[496, 0.5052082, 1.0237511, 4.588235, 0.6658344] 2.8616107 0.7931658 0.97325194 1.3133637
[497, 0.43649945, 0.9886707, 7.8759828, 0.4962975] 2.4051049 1.0220137 0.95180154 1.1892371
[498, 0.5261122, 1.019022, 4.537135, 0.61836004] 2.7652104 1.1051501 0.9657922 1.2446675
[499, 0.48850876, 1.0013974, 6.686979, 0.47737637] 2.4995594 0.94416904 0.9829793 1.4169054
[500, 0.43329817, 1.0490364, 6.017907, 0.40113574] 2.6684983 0.9504453 0.97904366 1.2243822
[501, 0.47136724, 1.014082, 6.7106533, 0.55261856] 2.6580355 0.9300024 0.9424487 1.2136375
[502, 0.56656337, 0.9455616, 6.6988506, 0.42808336] 2.658139 0.92889214 0.9940195 1.0887461
[503, 0.42941782, 1.0397123, 6.5998077, 0.49903324] 2.6620724 0.9667371 0.8408105 1.2899045
[504, 0.4836365, 1.0089605, 7.1938615, 0.50600433] 2.5183039 0.89878446 1.0838262 1.2367183
[505, 0.44832402, 1.0467916, 7.105669, 0.6131075] 2.6337836 0.9153633 0.8943656 1.3033239
[506, 0.48759165, 0.99210423, 5.961022, 0.40616274] 2.6910815 1.0642776 0.93762 1.1109147
[507, 0.5120794, 0.9884996, 6.6537275, 0.48878002] 2.5432255 1.0146766 0.9884511 1.3013247
[508, 0.51921564, 1.0136809, 5.645584, 0.48977363] 2.6066635 1.111337 0.96492577 1.3296149
[509, 0.47735468, 1.029608, 5.717072, 0.50781083] 2.7317538 0.9445552 0.97672147 1.1350948
[510, 0.44999552, 1.05788, 4.0465174, 0.49084562] 2.8826272 0.98847055 0.92584944 1.2890995
[511, 0.508334, 1.0150915, 6.0013576, 0.69734985] 2.5791485 1.0869732 0.9370712 1.3115321
[512, 0.47270688, 1.0360802, 6.0764713, 0.48242974] 2.709588 0.86039144 0.9310738 1.3883162
[513, 0.51889277, 1.0027833, 5.4267483, 0.5746731] 2.767455 0.95761955 0.9462984 1.1824298
[514, 0.4763302, 1.02108, 5.589541, 0.6314795] 2.8444862 0.80554414 0.9424503 1.2293931
[515, 0.5654393, 0.9642345, 5.5031033, 0.52484256] 2.5927596 1.0058296 0.9617916 1.4934397
[516, 0.530416, 1.0061394, 4.703389, 0.4775564] 2.9202855 0.940413 0.844691 1.1016648
[517, 0.4276012, 1.062452, 5.33951, 0.57179046] 2.7262278 1.0264522 0.9643281 1.2052696
[518, 0.42502588, 1.048486, 7.005127, 0.52924526] 2.5804844 0.947977 0.9843918 1.1913203
[519, 0.5290766, 1.0245076, 3.9773948, 0.5270958] 2.8895898 0.9851548 0.8763369 1.406662
[520, 0.4656079, 0.91861725, 6.9292674, 0.32940114] 2.1564598 1.0143267 0.9775715 1.3155506
[521, 0.462229, 0.968908, 7.5009975, 0.396104] 2.418402 0.955959 0.9878144 1.1686577
[522, 0.41752857, 1.0201346, 8.046845, 0.4688525] 2.4600468 0.96394885 0.92806286 1.0663579
[523, 0.4224786, 1.1100367, 3.3931277, 0.5574584] 3.0171723 0.92940396 0.98636913 1.2427791
[524, 0.4314382, 1.036926, 7.0910797, 0.52451426] 2.5608854 0.92848295 1.0497735 1.1866151
[525, 0.32935426, 1.0445826, 7.962087, 0.43428424] 2.3989127 0.7843937 0.84658355 1.4103767
[526, 0.42739707, 1.0427977, 6.0398273, 0.4893594] 2.6709995 1.012841 0.8960999 1.2360225
[527, 0.5490241, 0.9977619, 5.233548, 0.61105233] 2.8336608 1.041713 0.90784144 1.1611226
[528, 0.4255715, 1.0557975, 6.5546803, 0.49895918] 2.6489015 0.8569613 0.932979 1.2210842
[529, 0.4381845, 1.0419141, 7.638881, 0.63250494] 2.5528967 0.93977106 0.847914 1.3180425
[530, 0.466769, 1.0273204, 5.445903, 0.7271733] 2.6036623 1.1111883 0.99553424 1.1813867
[531, 0.4156769, 1.0057389, 6.4245825, 0.32812485] 2.314054 0.93012017 1.0424819 1.2813915
[532, 0.35038596, 1.1772158, 2.9603484, 0.6177543] 3.1885278 0.79540944 0.9152252 1.3319539
[533, 0.57352775, 0.94731486, 5.003113, 0.5231865] 2.9163108 0.8435082 0.87198776 1.1505655
[534, 0.38833866, 1.1254009, 2.9317129, 0.65246975] 3.1580923 0.89171606 0.95204705 1.1892116
[535, 0.5195787, 1.0069219, 6.1727295, 0.591161] 2.599247 0.999631 0.96544695 1.3145401
[536, 0.57194513, 0.9705894, 4.5267344, 0.62935036] 2.874848 0.9572837 0.76495045 1.2948834
[537, 0.45071623, 1.0118208, 7.379144, 0.5529138] 2.3609464 1.023582 0.8758981 1.5085564
[538, 0.6713955, 0.876519, 4.012778, 0.53859925] 2.7264025 0.8164488 1.1525006 1.4267045
[539, 0.45547488, 1.0410188, 5.425808, 0.60552615] 2.6944506 0.89759666 1.0604815 1.3157704
[540, 0.4964965, 1.0432748, 4.051607, 0.76288885] 2.8592315 0.92718124 0.98908293 1.3854549
[541, 0.49970886, 1.0083442, 6.0205393, 0.69987917] 2.4520164 0.97011155 1.0907488 1.4948176
[542, 0.46476325, 0.9476514, 7.590122, 0.44701725] 2.261234 1.0531172 0.98194975 1.2544737
[543, 0.4714263, 0.9600985, 7.4007177, 0.390195] 2.186754 0.94499916 1.0239912 1.4120656
[544, 0.5838131, 0.95162445, 5.6578817, 0.7281639] 2.6676128 0.9320622 1.0662595 1.3238752
[545, 0.42227316, 1.0176092, 7.422876, 0.4690019] 2.4683688 0.817739 0.9036502 1.4267172
[546, 0.53028643, 1.013605, 4.0592537, 0.55294836] 2.9291825 0.96222913 0.958048 1.2640421
[547, 0.47501877, 1.0199641, 8.339405, 0.4760919] 2.3886893 1.039964 0.9501206 1.3692464
[548, 0.50720996, 0.9908908, 6.1885214, 0.5405012] 2.7386365 0.88858944 0.8856671 1.2637701
[549, 0.5001912, 1.0280212, 4.867991, 0.53899467] 2.800732 0.8665232 0.96966845 1.2451589
[550, 0.5789843, 0.97332716, 4.501729, 0.5654507] 2.7707326 1.0594505 0.94588417 1.3042341
[551, 0.55367696, 0.9880765, 4.5840645, 0.5366769] 2.7551017 1.0950623 0.90828526 1.2805858
[552, 0.47146913, 1.008799, 7.588535, 0.539849] 2.4207487 1.0451249 0.97749895 1.3182249
[553, 0.46729186, 1.0418184, 5.49226, 0.5729162] 2.6644003 1.0066588 1.0302104 1.3456194
[554, 0.36430362, 1.0423229, 8.508436, 0.4358336] 2.4042735 0.9045084 0.9161066 1.3331095
[555, 0.44549447, 1.0406531, 5.979638, 0.660702] 2.5858953 1.2678397 0.84499526 1.1895058
[556, 0.42701447, 1.0646224, 4.307166, 0.62064046] 2.8008866 1.073946 0.9697731 1.2317083
[557, 0.41208947, 1.04405, 6.490336, 0.43899986] 2.5229352 0.96236116 0.88926876 1.4210325
[558, 0.5056379, 1.055938, 3.4363027, 0.54984826] 2.996369 1.0092157 0.9366067 1.2683895
[559, 0.46011266, 1.0747818, 3.482827, 0.51652783] 3.0008368 0.9485782 0.9108766 1.305378
[560, 0.47447816, 1.0269805, 4.913713, 0.5674245] 2.7851033 0.9834992 0.88433456 1.2074028
[561, 0.47661746, 1.0177776, 6.028673, 0.54185563] 2.6175017 1.0933532 1.1267025 1.1134434
[562, 0.5366614, 0.99204826, 4.5933905, 0.49669242] 2.9097753 0.89196205 0.9364083 1.1473373
[563, 0.4264319, 1.0282209, 6.943483, 0.50739366] 2.5013237 1.0586542 0.9546019 1.1521446
[564, 0.49711326, 1.0349306, 3.945038, 0.73587835] 2.8777113 0.9544591 0.98329186 1.396273
[565, 0.51547635, 1.0369787, 4.2143664, 0.44527796] 2.8629866 0.92264974 0.9969114 1.3094205
[566, 0.41356474, 1.0678287, 7.196144, 0.5495607] 2.4133883 0.95230085 0.95798236 1.3746114
[567, 0.48344347, 0.99258757, 7.6757007, 0.41166896] 2.418308 0.9129858 1.0425786 1.2438215
[568, 0.42227432, 1.0167686, 7.3972807, 0.48188204] 2.4284759 1.0028768 0.95436263 1.2219299
[569, 0.4754955, 1.0298574, 5.9761257, 0.54068416] 2.618231 0.95987713 1.0013663 1.2968091
[570, 0.4620384, 1.0413384, 5.321758, 0.53184724] 2.8211482 0.9901009 0.8817722 1.0458194
[571, 0.4423358, 1.05859, 5.5189705, 0.56988984] 2.776696 0.9928465 0.7221233 1.3174117
[572, 0.4278712, 1.0407081, 7.228163, 0.49019474] 2.5601766 1.0267694 0.9565881 1.1793342
[573, 0.50269604, 1.0725693, 3.2032912, 0.6547804] 3.004039 1.10901 0.84648216 1.3379326
[574, 0.5270738, 1.005443, 5.777888, 0.49125928] 2.6354637 0.9198299 0.9977084 1.3753624
[575, 0.47604346, 1.0370708, 5.51409, 0.63563263] 2.6901329 0.9702265 0.9379555 1.3226739
[576, 0.51363564, 0.9967405, 6.009117, 0.54900134] 2.5440943 1.0836399 0.87507063 1.4022229
[577, 0.49025822, 0.9910124, 7.1528525, 0.48499486] 2.339669 0.9151267 0.910852 1.6233431
[578, 0.36881605, 1.0683079, 7.202196, 0.5420636] 2.4671342 1.0101217 1.0234938 1.2804024
[579, 0.48553398, 0.99841046, 6.775453, 0.47892642] 2.5730972 0.92442083 1.0638604 1.1571357
[580, 0.5129523, 1.0391793, 3.0216064, 0.6499389] 2.9192028 0.8854017 0.99023914 1.5892631
[581, 0.4405002, 0.9649709, 6.658709, 0.37150404] 2.1331005 1.0888388 0.9859153 1.4583192
[582, 0.50756377, 1.0369424, 3.6345093, 0.6088295] 3.1088653 0.7976782 0.8276746 1.2192186
[583, 0.45795792, 1.0165509, 6.7294364, 0.5704343] 2.48719 0.91655236 0.90071535 1.4605774
[584, 0.44849482, 1.0285708, 7.372705, 0.50143343] 2.6674101 0.9850417 0.9327454 1.024893
[585, 0.50067127, 1.0754963, 3.394682, 0.66620564] 3.0515447 0.9676159 0.7191377 1.4318854
[586, 0.49064913, 1.0131735, 5.8231025, 0.50615674] 2.5999877 1.0415845 1.0463803 1.2318792
[587, 0.3612065, 1.1644133, 2.8328316, 0.64338034] 3.187016 0.8403824 0.9466684 1.3188642
[588, 0.44529405, 1.010432, 8.2406645, 0.5143988] 2.3194973 0.9590744 1.0230126 1.309856
[589, 0.48309365, 1.0010973, 6.481689, 0.6507033] 2.4517958 0.9876135 0.90231985 1.4613141
[590, 0.49876338, 1.0030526, 5.1857176, 0.40861255] 2.6596615 0.96323663 1.0384692 1.3352307
[591, 0.5532061, 0.9359849, 5.756625, 0.41750577] 2.643528 0.96455216 0.82183325 1.1812195
[592, 0.39815503, 1.0408081, 6.6820226, 0.55607176] 2.593837 0.83805364 1.0627378 1.1998968
[593, 0.43215692, 1.0487096, 6.2992563, 0.5597137] 2.609587 0.98607826 0.9919492 1.2919146
[594, 0.52108353, 1.0184252, 4.6902657, 0.4914413] 2.7097988 0.999289 1.0385944 1.323007
[595, 0.4275865, 1.04098, 6.8926334, 0.57143] 2.5549755 0.9511087 0.9504511 1.3315796
[596, 0.46996677, 0.9642197, 7.130435, 0.3159025] 2.3412864 0.9741695 0.97488075 1.1616117
[597, 0.44306347, 1.003781, 6.8683686, 0.5003958] 2.388238 1.1247023 0.9962801 1.2347714
[598, 0.45629817, 1.0239718, 7.869857, 0.46369103] 2.44017 0.91884065 0.95873034 1.2869787
[599, 0.49156898, 1.0109019, 6.785651, 0.55860513] 2.7768345 0.9245488 0.8687301 1.025147
[600, 0.5740716, 0.96083903, 4.555308, 0.52359414] 2.8206055 1.044413 0.927557 1.2313471
[601, 0.43787855, 1.022152, 5.500688, 0.6088625] 2.6165223 0.99464804 0.99043655 1.3121064
[602, 0.5198723, 1.0186396, 4.357479, 0.5435592] 2.921977 0.9761431 0.91059375 0.9902471
[603, 0.5287774, 0.981453, 5.137719, 0.40500164] 2.645555 1.0204128 1.0786444 1.2760478
[604, 0.42770264, 1.1480213, 2.3492427, 0.776191] 3.4157333 0.813919 0.87732404 1.1729938
[605, 0.60211915, 0.9687449, 3.9841397, 0.5390213] 2.9426825 1.0059159 1.0218298 1.0547407
[606, 0.5089113, 1.0372303, 4.881786, 0.6612151] 2.7254426 0.92867285 0.93172747 1.4404986
[607, 0.5331182, 1.01389, 4.5226455, 0.5987543] 2.889629 0.90235114 0.824428 1.3642737
[608, 0.55819356, 0.97798395, 3.7875438, 0.5708185] 2.8836086 0.86751103 0.914592 1.4707938
[609, 0.4759561, 1.0287431, 5.9315486, 0.5796967] 2.6355345 1.0722992 0.925755 1.279501
[610, 0.5842381, 0.9767112, 4.173575, 0.58251184] 2.9345696 0.96159476 0.9620256 1.1628727
[611, 0.5209882, 1.0021865, 5.584337, 0.7006401] 2.8327775 0.95479304 0.7785509 1.1432731
[612, 0.51641643, 1.0390878, 3.6909337, 0.57440126] 3.0452695 0.9524552 0.8948436 1.2351578
[613, 0.4800914, 1.0318872, 3.8461926, 0.5581064] 2.8522727 1.0345341 0.9656056 1.2590978
[614, 0.5170464, 1.0177648, 3.9221866, 0.6977682] 2.870593 0.9797874 0.8721416 1.3869101
[615, 0.5140581, 1.0285249, 3.7454262, 0.5522613] 2.9013753 0.9680097 0.946681 1.2509079
[616, 0.49978277, 0.9826461, 7.1657605, 0.56001073] 2.4611783 0.84840006 0.9362556 1.455552
[617, 0.42146024, 1.004502, 7.833416, 0.3132135] 2.3532946 0.9131062 1.0342072 1.2717363
[618, 0.39983565, 1.0502084, 6.36857, 0.43476477] 2.5674412 1.0539429 0.8861847 1.3249832
[619, 0.5382332, 0.9855546, 4.4153304, 0.5734278] 3.0161576 0.8100796 0.87558305 1.1340437
[620, 0.45155132, 0.982785, 7.7433977, 0.42922163] 2.5235615 0.9343187 0.86631465 1.1409258
[621, 0.44791615, 1.0202451, 6.1297197, 0.54533833] 2.551674 0.988741 1.1166968 1.1589835
[622, 0.43166694, 1.0047089, 7.0893345, 0.53296816] 2.360311 1.0416323 1.1230886 1.1539276
[623, 0.6089497, 0.90848315, 5.777147, 0.4920494] 2.6201134 0.9991684 0.8786961 1.4133322
[624, 0.37843594, 1.0478133, 7.2710104, 0.5227756] 2.4629962 0.9723883 1.0522653 1.2443016
[625, 0.44536388, 0.9911234, 8.166601, 0.51071614] 2.522034 0.90415746 0.85686547 1.0691836
[626, 0.5216274, 1.0180095, 4.171959, 0.6411704] 2.6926825 1.1681328 1.1145494 1.1912426
[627, 0.512762, 1.01998, 5.6602087, 0.59505504] 2.818665 0.8996529 0.93218756 1.1420194
[628, 0.4801895, 1.0237198, 5.699426, 0.6012679] 2.6614475 0.9472616 1.0319754 1.2661572
[629, 0.5142328, 0.98576885, 6.340904, 0.673761] 2.7294257 1.0412866 0.7902953 1.1774856
[630, 0.42639926, 1.0405258, 6.7131915, 0.5208261] 2.489547 1.0388634 1.0227635 1.224597
[631, 0.51290363, 1.0132904, 6.1109433, 0.629267] 2.623971 1.057499 0.87936455 1.3917801
[632, 0.5323056, 1.0358286, 3.4957385, 0.6038928] 3.045396 0.8684374 0.9337562 1.2953928
[633, 0.53907096, 0.99759316, 4.14452, 0.5333642] 2.930302 0.99525374 0.8747483 1.1589038
[634, 0.5373859, 0.99684876, 4.036567, 0.7577677] 2.984611 0.9325602 0.86906296 1.122187
[635, 0.50363165, 0.9977235, 6.6928277, 0.6335339] 2.6031585 0.9363353 0.86228395 1.334905
[636, 0.48915252, 1.0578754, 3.96958, 0.6070926] 3.0219398 0.92352295 0.9026207 1.249215
[637, 0.4509836, 0.9922826, 7.154691, 0.4381279] 2.306315 1.0237249 1.1024168 1.1868862
[638, 0.47170684, 1.0819935, 3.3477778, 0.49593496] 3.0028083 0.89226544 0.9750039 1.3823662
[639, 0.531657, 1.0177943, 4.031789, 0.48484442] 2.8438265 1.1315855 0.916096 1.301507
[640, 0.42333084, 1.047553, 6.3956957, 0.70705605] 2.4814563 0.9148994 1.0511482 1.412995
[641, 0.5571009, 0.9896171, 5.172039, 0.6934394] 2.8505774 0.8489432 0.7933744 1.3883442
[642, 0.539976, 0.9803091, 6.3293643, 0.49033773] 2.639866 0.93082553 0.98102427 1.2701592
[643, 0.50948036, 0.99986887, 4.7361946, 0.46995518] 2.7585137 0.97260284 0.9046409 1.3266054
[644, 0.5195651, 0.97394973, 4.8755875, 0.56517833] 2.7655642 0.99728775 1.0079565 1.1543405
[645, 0.4698351, 1.01629, 6.2289085, 0.46631] 2.6991465 0.87375253 0.9422 1.1846384
[646, 0.5223609, 0.9921595, 4.9790936, 0.52983433] 2.7465522 0.9512195 0.9426241 1.3731444
[647, 0.5234233, 0.89379424, 6.295257, 0.34906802] 2.0062735 1.0190326 1.1707449 1.3819382
[648, 0.44659746, 1.0799022, 3.8133757, 0.5578452] 2.9115198 0.86824584 0.908479 1.4610395
[649, 0.44367945, 1.0574852, 6.073542, 0.7436536] 2.6104503 1.0300277 1.0253233 1.2852904
[650, 0.54371405, 0.97290283, 4.933003, 0.47996956] 2.8519635 0.9511408 0.8261737 1.2109684
[651, 0.48911875, 1.0127674, 4.8497744, 0.6320954] 2.7698936 0.8235223 0.99718946 1.2625912
[652, 0.48440126, 1.0133235, 5.5733123, 0.5261058] 2.8099816 0.8944561 0.9939628 1.0961792
[653, 0.4349136, 1.0327293, 6.51249, 0.38627145] 2.6391516 0.79092085 0.8852443 1.23419
[654, 0.5531879, 0.9811002, 5.8912554, 0.57686883] 2.7921407 1.1057974 0.93940496 1.0087918
[655, 0.39643115, 1.0662609, 6.9999585, 0.44947132] 2.5400448 1.0556906 0.979488 1.1731848
[656, 0.50620705, 0.9578088, 7.6757917, 0.4254854] 2.475227 0.9980687 1.0162432 1.0195757
[657, 0.48863316, 0.979565, 7.1425385, 0.45579082] 2.4020445 0.97570044 1.0415131 1.2470275
[658, 0.47613358, 1.0524229, 4.654933, 0.65299934] 2.7110534 1.0072293 1.042786 1.3150272
[659, 0.45929268, 1.0311483, 6.268415, 0.5227094] 2.6411955 0.91890764 0.96214974 1.2731028
[660, 0.43772888, 1.0362693, 6.9403014, 0.480114] 2.4258893 0.9771955 1.1302471 1.2809902
[661, 0.51305014, 0.98963, 6.4693127, 0.5041684] 2.5559525 1.0386064 0.9521598 1.2971363
[662, 0.49253792, 1.0030619, 6.3852243, 0.69091225] 2.5510402 1.0181675 1.0109501 1.2548957
[663, 0.48548907, 1.0364004, 4.248248, 0.566096] 2.8334959 1.0441991 0.8719427 1.2882632
[664, 0.4692953, 1.0385101, 7.1649427, 0.5844057] 2.4217691 1.1135346 1.0648668 1.3699944
[665, 0.42178473, 1.0360162, 6.5813513, 0.6191656] 2.743512 1.0103227 0.91432697 1.0969378
[666, 0.43622237, 1.0563836, 6.097969, 0.56953436] 2.6138577 0.9994477 0.96402633 1.2862874
[667, 0.37665635, 1.0742799, 6.286635, 0.7071191] 2.6556137 0.98432815 0.86160624 1.3547678
[668, 0.48201472, 1.0115911, 6.0727835, 0.5283843] 2.8216293 0.71995765 0.85248435 1.2897348
[669, 0.48482415, 0.99663216, 6.1759515, 0.5034547] 2.550109 1.1370397 1.0753851 1.0501902
[670, 0.49212363, 1.0106592, 5.510221, 0.5617243] 2.7716243 0.93795514 1.0028868 1.1549466
[671, 0.44491506, 1.0355909, 6.5372324, 0.5801097] 2.5318384 0.979299 1.0210236 1.2866869
[672, 0.50155145, 0.99350697, 7.1558733, 0.42544106] 2.5508807 0.93419343 0.9139879 1.3242037
[673, 0.50717205, 1.0506723, 3.9198835, 0.57397556] 2.8424037 0.9965202 0.937947 1.409741
[674, 0.57433295, 0.9877179, 4.4965734, 0.49859357] 2.7027202 0.9804979 1.0544597 1.4441988
[675, 0.44028786, 1.0128357, 6.6425886, 0.47244868] 2.4919102 0.8566151 0.94977105 1.5039897
[676, 0.46834064, 1.0167252, 7.1667457, 0.5848894] 2.5230973 0.86757743 0.94875973 1.3978992
[677, 0.5658344, 0.9588979, 6.1725335, 0.45917547] 2.6993554 1.0154626 0.8238088 1.1461313
[678, 0.36353025, 1.0334965, 8.145248, 0.50215656] 2.3807309 0.9113344 0.91597086 1.3534243
[679, 0.45019406, 1.0031701, 7.327438, 0.41250005] 2.602421 0.90163004 0.93878657 1.0786927
[680, 0.47369376, 1.0417719, 5.3565917, 0.6391969] 2.7272696 0.9489296 0.92886996 1.3500304
[681, 0.5230609, 0.9945922, 4.7186766, 0.5555806] 2.73757 1.020107 0.9331527 1.3817818
[682, 0.49138036, 1.0112187, 5.3732615, 0.56892246] 2.608144 0.90138173 1.0243821 1.4303076
[683, 0.45826527, 1.009017, 7.6189055, 0.59229255] 2.5762234 0.960025 0.81673896 1.1914239
[684, 0.39831808, 1.0323185, 7.91807, 0.41220614] 2.3631518 1.0500096 0.9302334 1.3456178
[685, 0.5242057, 0.9891994, 7.0869145, 0.6054625] 2.749675 0.9634846 0.9424405 0.91217005
[686, 0.4624394, 1.0251267, 5.939009, 0.55419266] 2.6217177 0.9471857 0.9426392 1.3300209
[687, 0.43660194, 1.0188968, 7.4606, 0.37826744] 2.4236624 1.0494143 0.97223216 1.2246591
[688, 0.46798703, 1.0030904, 7.4839234, 0.47468925] 2.4506414 1.1355255 0.8733899 1.2270441
[689, 0.48427844, 1.0114199, 5.632162, 0.51672214] 2.7805002 0.96144384 0.9128991 1.1838968
[690, 0.49738508, 0.9823605, 8.059925, 0.44886556] 2.451615 0.8833803 0.9753585 1.334384
[691, 0.44877642, 0.9846291, 6.6926737, 0.33304685] 2.2111588 0.9551424 1.0251373 1.4956615
[692, 0.50861174, 0.99778515, 7.6435685, 0.63654053] 2.4224386 1.2202666 0.9755638 1.0889804
[693, 0.59177536, 0.9455925, 4.202571, 0.5184117] 2.842517 0.9964464 1.0242758 1.253715
[694, 0.4657552, 1.0489241, 4.4254427, 0.55791765] 2.885875 0.9846921 0.8409799 1.2262741
[695, 0.43782824, 1.0386448, 7.2071, 0.51281965] 2.5859792 1.032147 0.81885797 1.2282892
[696, 0.45657092, 1.0301296, 6.385292, 0.5095929] 2.7086372 0.77692723 0.97498107 1.0889479
[697, 0.54955167, 0.9686754, 4.851708, 0.6567151] 2.6585991 0.9774682 0.90520257 1.401441
[698, 0.48132953, 1.015104, 6.7263813, 0.5780808] 2.4191816 0.98084915 1.024227 1.4771482
[699, 0.5847296, 0.9597388, 4.8358803, 0.52044827] 2.5631955 0.8931588 1.0821509 1.5556549
[700, 0.49441656, 1.0273519, 3.708647, 0.40827745] 2.9813259 0.8552792 0.9460368 1.2436751
[701, 0.55369085, 0.98774356, 4.4850316, 0.5930674] 2.851853 1.0051653 0.95676327 1.2034382
[702, 0.40697956, 1.0424584, 7.833846, 0.58419544] 2.282687 1.1097081 1.0326511 1.4013218
[703, 0.571424, 0.9860592, 4.174017, 0.57667977] 2.8319795 1.04697 0.9167938 1.3120372
[704, 0.4971208, 1.0249579, 4.6002426, 0.56673265] 3.0081832 0.77473485 0.8026445 1.2263469
[705, 0.56057435, 0.98626673, 3.979867, 0.60109997] 3.0410163 0.8818467 0.9454959 1.1056808
[706, 0.38324803, 1.050929, 5.5716743, 0.50715536] 2.6146634 1.0443524 1.0350004 1.2143706
[707, 0.40616608, 1.0436841, 7.9891624, 0.5494605] 2.4881606 1.0272297 0.93127143 1.261194
[708, 0.5868182, 0.9462981, 4.7579226, 0.5684076] 2.8581996 1.0210135 1.023274 1.0462134
[709, 0.46554226, 0.94882447, 7.845452, 0.3992957] 2.2636511 0.9662268 0.9548997 1.3216048
[710, 0.53280616, 1.0130591, 4.091059, 0.48215503] 2.8995996 0.86961675 1.0647472 1.2064667
[711, 0.48270658, 1.0267818, 7.2732935, 0.6245422] 2.6096158 1.0636865 0.9326466 1.098321
[712, 0.55224, 0.95811164, 5.127683, 0.6285639] 2.537038 1.1103604 1.1522058 1.3134387
[713, 0.43318203, 1.02847, 7.614171, 0.57008255] 2.5683215 1.0232726 0.9528011 1.174216
[714, 0.36212376, 1.0630472, 7.285872, 0.6149817] 2.5381162 0.98426414 0.9004464 1.2241031
[715, 0.58481216, 0.84566957, 6.56129, 0.28701997] 2.1811514 0.8548726 0.93952245 1.2035135
[716, 0.5973507, 0.9805915, 3.570786, 0.59660363] 3.0935729 1.0295448 0.9133172 1.0539261
[717, 0.5186695, 1.0140095, 4.347853, 0.50745064] 2.6804388 1.0520837 0.8979108 1.3491175
[718, 0.4557816, 1.0349509, 6.364213, 0.49548188] 2.6171985 0.9468819 0.9756047 1.3364375
[719, 0.4724066, 1.0171139, 6.997309, 0.5346454] 2.4489946 1.0389012 0.8545906 1.4008666
[720, 0.5236393, 0.98224, 6.989185, 0.44907752] 2.467716 0.9900853 0.94443643 1.3454514
[721, 0.4708364, 0.9375689, 6.811736, 0.27503094] 2.0236807 1.0612355 1.0639242 1.5213268
[722, 0.44418857, 1.0367289, 6.7131658, 0.50182754] 2.4651933 0.98095846 1.0870273 1.2721456
[723, 0.4944896, 0.9856905, 6.8718667, 0.48182043] 2.461629 0.88153183 1.0503821 1.3583922
[724, 0.34994107, 1.0419445, 7.0531664, 0.36578083] 2.4415069 0.881383 0.8281717 1.4485673
[725, 0.51542795, 1.0208666, 4.368173, 0.53655565] 2.8623157 0.9803726 0.85374194 1.2958915
[726, 0.48538244, 0.9336605, 7.14367, 0.36697727] 2.417211 0.907929 0.95344526 0.9974935
[727, 0.51799107, 1.0128355, 4.8568625, 0.5944082] 2.8380966 1.03688 0.9820483 1.1497569
[728, 0.5511846, 0.9931976, 3.2537923, 0.5679516] 3.0170355 0.7902502 1.1295023 1.151198
[729, 0.5492549, 1.0161935, 3.9416728, 0.5218666] 2.9208968 0.8805441 0.91900146 1.2903502
[730, 0.49549097, 1.0415583, 4.090657, 0.5214342] 2.9011395 0.85232997 0.8990321 1.4344139
[731, 0.4518821, 1.0475459, 6.2633266, 0.59816617] 2.563731 0.98950195 1.0964609 1.1661228
[732, 0.38775787, 1.0767899, 6.9368434, 0.56170917] 2.5404592 1.0711386 1.0166509 1.2285304
[733, 0.5201689, 1.0035894, 4.9233885, 0.4878597] 2.7497904 0.98751926 1.003988 1.2097969
[734, 0.47249743, 1.0258553, 6.81366, 0.61175126] 2.6952777 0.9293449 0.8931658 1.2185748
[735, 0.55430555, 0.9960688, 4.2573066, 0.48558515] 2.9187667 0.92481035 0.89692134 1.2676166
[736, 0.4727372, 1.0178298, 6.2022686, 0.5127741] 2.657468 0.9703693 0.97640955 1.1705341
[737, 0.52801496, 1.0035031, 4.500599, 0.47961622] 2.7183435 0.90257734 0.94505095 1.5115209
[738, 0.4973151, 1.0171694, 5.093085, 0.5273584] 2.607175 1.0505507 0.985516 1.3355875
[739, 0.483358, 1.0034267, 5.4332824, 0.43037966] 2.604482 0.92994124 0.97404647 1.405599
[740, 0.45927987, 1.0413669, 6.01493, 0.57846576] 2.7154434 0.84920305 1.0252842 1.2419387
[741, 0.4891499, 1.0126231, 6.1191382, 0.50242835] 2.6382086 0.9070033 0.94213676 1.3575673
[742, 0.5402883, 0.9752747, 5.226831, 0.54204303] 2.6491742 0.8926424 1.0456274 1.4581974
[743, 0.5257541, 0.9848506, 7.002851, 0.5546117] 2.4887877 1.018336 1.0101991 1.3704966
[744, 0.529821, 1.0051057, 5.1298156, 0.6688704] 2.8528407 0.8895766 0.8854364 1.2179763
[745, 0.3948844, 1.0109825, 8.080096, 0.47431445] 2.326914 0.9769001 1.0101315 1.2568419
[746, 0.5177491, 1.0335754, 3.7441564, 0.4917614] 2.8542564 0.9747099 0.92085016 1.3787677
[747, 0.4842686, 1.0210661, 5.905673, 0.5694644] 2.6679134 1.0552857 0.9513382 1.1259347
[748, 0.47099906, 1.0368537, 5.44877, 0.5488265] 2.661361 1.0569664 0.94542915 1.3217127
[749, 0.50172377, 1.0032551, 5.9378424, 0.43422955] 2.7909684 1.0150496 0.85694486 1.1504714
[750, 0.5212716, 0.99527013, 4.6257377, 0.45623443] 2.68788 1.1411912 0.97890174 1.2801201
[751, 0.5208816, 0.9797716, 7.123737, 0.5634593] 2.7417998 0.7154922 0.9835503 1.1816891
[752, 0.4234992, 1.0224195, 7.819016, 0.53948826] 2.4313035 1.0045906 1.0088118 1.2058666
[753, 0.39057174, 1.0787333, 6.1072474, 0.5836465] 2.6668825 0.9470723 0.89529556 1.2518721
[754, 0.48218426, 1.0385172, 5.9230995, 0.5158312] 2.8743763 0.9727211 0.8336253 1.0324858
[755, 0.48333624, 1.0197734, 5.28042, 0.5254445] 2.6458373 1.1081135 0.8727196 1.3005757
[756, 0.42928207, 1.0107468, 8.436485, 0.6388714] 2.297484 1.0973108 0.85035104 1.3635343
[757, 0.48091352, 0.98170924, 7.4143434, 0.42721236] 2.2385936 0.91709477 0.9629504 1.5180305
[758, 0.51074785, 0.9959963, 7.0749483, 0.49870026] 2.5770195 0.85509026 1.0934433 1.1502723
[759, 0.44261837, 1.0144312, 6.950245, 0.46862864] 2.5276792 0.9165163 0.8793058 1.4340554
[760, 0.4399288, 1.035065, 6.1518683, 0.6644259] 2.5309603 0.9549978 1.0044415 1.3699532
[761, 0.51358825, 1.0034345, 5.448084, 0.46375954] 2.866672 0.85809356 0.90024054 1.073811
[762, 0.47949013, 1.0100992, 5.340094, 0.5416361] 2.8774521 1.0351237 0.7654305 1.0895703
[763, 0.5025541, 1.0116078, 6.8745337, 0.63959306] 2.7266393 0.9670783 0.80249816 1.2206154
[764, 0.39872295, 1.184772, 2.908121, 0.67309856] 3.1448798 0.87582475 0.94110304 1.4436458
[765, 0.3738035, 1.0654489, 7.1994033, 0.7984033] 2.4757485 1.0381155 0.9625747 1.1486591
[766, 0.55874366, 0.97954774, 4.02146, 0.49558595] 2.8776042 0.9313678 0.9398559 1.2207811
[767, 0.436098, 1.0458841, 5.6156774, 0.44124466] 2.6558867 1.0255716 0.98505294 1.207536
[768, 0.4803701, 1.0042069, 7.2823267, 0.42905274] 2.5140657 0.88926965 1.0362341 1.1744535
[769, 0.44379097, 1.0487292, 5.2010093, 0.44092286] 2.6069696 1.0470599 0.935152 1.4416053
[770, 0.46665537, 0.99027175, 7.316957, 0.41039246] 2.4618485 0.94461244 0.8863479 1.1868851
[771, 0.407493, 1.028184, 7.9154897, 0.5371723] 2.50225 0.98389345 0.8849022 1.2101309
[772, 0.4033021, 1.0724238, 6.665415, 0.59264255] 2.6395984 1.021958 0.9161045 1.2065927
[773, 0.5417772, 0.9978461, 5.6388907, 0.569292] 2.656646 1.0358584 0.82372546 1.3972636
[774, 0.47258765, 1.044957, 5.214633, 0.5373429] 2.6703598 1.0070616 0.8146509 1.461275
[775, 0.5097618, 0.99890953, 5.8617706, 0.52625924] 2.8332362 0.97287494 0.81234396 1.0917933
[776, 0.5392751, 0.9903606, 5.4027357, 0.53719294] 2.7687535 0.8846717 0.9576836 1.2526844
[777, 0.5081126, 0.9940429, 5.067828, 0.514404] 2.8992548 0.80924654 0.95616716 1.1736163
[778, 0.4557087, 1.0065835, 6.875361, 0.40451917] 2.432749 1.0631812 0.9038627 1.2530465
[779, 0.50774413, 1.004293, 6.651925, 0.5461059] 2.6049001 0.8938168 1.0401515 1.2695569
[780, 0.5475285, 0.99176645, 5.34727, 0.5244512] 2.9188147 0.849348 0.87978274 1.1328697
[781, 0.46163437, 1.0393895, 5.832964, 0.5719072] 2.7404256 0.96776694 0.9302247 1.2324492
[782, 0.49539343, 0.93553156, 7.2984467, 0.35320163] 2.4371967 0.958792 0.7861073 1.2137517
[783, 0.40562704, 1.0237546, 8.0918455, 0.44568732] 2.3729386 1.013044 0.996491 1.2336051
[784, 0.47287476, 1.0166285, 7.662571, 0.50750893] 2.5049 0.9981833 0.91788566 1.1721611
[785, 0.44586483, 1.0038327, 7.406514, 0.45003337] 2.419469 1.0035554 0.9319667 1.2399131
[786, 0.39357045, 1.076063, 7.4191117, 0.60137904] 2.5583198 0.95548743 1.0017995 1.1702079
[787, 0.5751578, 0.9389612, 6.629033, 0.62789017] 2.7140353 1.0625218 0.9545049 0.9894186
[788, 0.54983467, 0.9967558, 4.9666624, 0.52613854] 2.7247744 0.93110454 1.0322237 1.2998182
[789, 0.4991067, 0.992914, 5.5195713, 0.57026416] 2.6709695 0.9428654 0.93228817 1.3034298
[790, 0.48478776, 1.0306082, 5.6752267, 0.50267214] 2.806575 1.006357 0.79256415 1.1468695
[791, 0.6238341, 0.94286144, 4.724657, 0.55199796] 2.7171652 0.89252627 0.9693884 1.4196931
[792, 0.53972524, 0.99927235, 4.535169, 0.43716064] 2.7238045 0.9502897 0.8039038 1.4821168
[793, 0.49820387, 0.88469005, 5.8556786, 0.2586099] 2.104809 0.90914834 1.0345528 1.2449313
[794, 0.4150664, 1.0448486, 7.5395784, 0.41062364] 2.4777498 0.9363295 0.9524328 1.2702017
[795, 0.45132384, 1.0109607, 6.77853, 0.44266954] 2.4752004 1.0509273 0.92527395 1.2904186
[796, 0.3972526, 1.0267189, 7.304128, 0.417816] 2.4493344 0.9860218 0.92602545 1.3006909
[797, 0.42623731, 1.0539579, 5.5281982, 0.4233587] 2.6963625 1.0407932 0.91071826 1.2247068
[798, 0.52721375, 1.0090203, 6.5627065, 0.52216524] 2.4370935 0.96356875 0.9990112 1.4825433
[799, 0.52594703, 0.99235463, 5.8108344, 0.7207451] 2.6618607 0.9001231 0.9758863 1.4025092
[800, 0.47571328, 0.98391145, 7.623106, 0.45173484] 2.4719353 0.9655071 0.9170046 1.2265978
[801, 0.4702457, 1.0342363, 6.0089746, 0.5306201] 2.624 0.9414388 0.9295672 1.3878262
[802, 0.4683698, 0.9084716, 6.3923454, 0.2677846] 2.1549463 0.9079256 0.94724464 1.3392688
[803, 0.51304615, 0.99985814, 6.4763694, 0.4317213] 2.557759 1.0853971 0.9208326 1.2858855
[804, 0.49800983, 0.99359256, 6.863642, 0.43217722] 2.4545622 0.9490376 1.1089183 1.2885188
[805, 0.4254919, 1.0509269, 7.780454, 0.5439675] 2.4606342 0.87672645 0.9578636 1.2853634
[806, 0.5155659, 1.0157784, 4.9812884, 0.53383964] 2.7724974 1.0020826 0.8922694 1.2413503
[807, 0.4399127, 1.0224259, 5.6895394, 0.55235666] 2.6339507 0.98691845 0.8893494 1.2379229
[808, 0.46549717, 1.0582775, 3.7973182, 0.48668417] 2.9585824 0.7888041 0.94277364 1.3427802
[809, 0.48590282, 1.0676925, 4.21581, 0.5305516] 2.9274986 0.927096 0.89470273 1.3423431
[810, 0.45563388, 0.98985606, 7.6136556, 0.4711664] 2.2613275 0.99008864 0.91691405 1.4083508
[811, 0.49965242, 0.8949979, 6.6981707, 0.31816882] 2.174253 0.92392766 0.9624649 1.3333948
[812, 0.48595563, 0.9946787, 4.6303954, 0.5588209] 2.649088 1.076642 0.835839 1.4428619
[813, 0.49989966, 1.0285466, 5.584763, 0.4640698] 2.674029 1.0724543 1.0590988 1.1272314
[814, 0.41676724, 1.0588102, 5.6680107, 0.44021106] 2.615103 0.9745451 1.055049 1.2249699
[815, 0.36194423, 1.0355285, 7.1831894, 0.33335477] 2.4870193 0.84701747 0.8610941 1.2557354
[816, 0.49902117, 0.9215472, 6.5233445, 0.33351195] 2.1977966 0.9745091 0.93201333 1.4225272
[817, 0.62239695, 0.9415095, 4.652109, 0.75022423] 2.8598883 1.0977998 0.9854322 0.9698221
[818, 0.466778, 1.0056504, 6.5298967, 0.49092162] 2.3913503 0.921423 0.9957105 1.4308778
[819, 0.63532615, 0.9299047, 3.9766192, 0.47498804] 2.8419325 0.89547974 0.8768689 1.4512727
[820, 0.43517354, 1.0528765, 6.351308, 0.5921179] 2.6878552 0.92025876 0.9840526 1.1288645
[821, 0.4298483, 0.98274887, 6.7911143, 0.31052032] 2.3022616 0.8491091 1.0471315 1.239072
[822, 0.5093626, 1.0020227, 4.709969, 0.53176713] 2.8549442 0.9703958 0.9338364 1.1408597
[823, 0.48397523, 1.0091563, 6.434727, 0.50542295] 2.382531 1.0067139 1.1286391 1.3740389
[824, 0.48425838, 1.0041407, 7.1212006, 0.4571402] 2.3544242 1.2182313 0.94870037 1.3123149
[825, 0.5811226, 0.9686718, 4.69574, 0.4916216] 2.727119 1.003674 0.9366071 1.387088
[826, 0.38501278, 1.2097108, 2.5837545, 0.7202012] 3.1439662 0.9296408 0.9515631 1.4623386
[827, 0.46589917, 1.0803967, 3.130408, 0.6638805] 3.0621352 0.980057 0.9913925 1.2776376
[828, 0.46467516, 0.98446214, 7.370067, 0.47771236] 2.5381696 0.9184657 1.0750937 1.0011499
[829, 0.5254318, 1.019808, 4.2268987, 0.5853798] 2.893931 1.0148686 0.9666387 1.23214
[830, 0.3622737, 1.0121937, 6.8996, 0.34375927] 2.2794824 0.9360012 0.96492016 1.307551
[831, 0.4740485, 1.0040443, 8.172467, 0.55050033] 2.4550343 0.9089606 0.9580912 1.3466886
[832, 0.5301131, 1.005177, 4.905686, 0.51862353] 2.78214 0.79008013 0.95324546 1.3784266
[833, 0.58597994, 0.94140613, 4.6198454, 0.54757875] 2.6579978 1.042629 1.0140867 1.3002561
[834, 0.4016791, 1.0081964, 8.600125, 0.45857778] 2.3720376 0.9487634 0.7852802 1.3518733
[835, 0.4428724, 1.0239226, 6.66438, 0.40037778] 2.3972936 1.0143576 1.0664455 1.4078703
[836, 0.48313177, 1.0241894, 5.093467, 0.575085] 2.7592824 1.0015204 0.9467801 1.2357835
[837, 0.48870638, 0.9336941, 6.9412007, 0.28971696] 2.1312015 1.0657433 0.98913217 1.2639247
[838, 0.5105201, 1.0140517, 6.7502823, 0.49456978] 2.63414 0.95584905 0.90814686 1.206554
[839, 0.4761247, 0.98907876, 6.8160453, 0.49308664] 2.4433076 0.8666038 1.0519696 1.3776046
[840, 0.50657797, 1.0024114, 6.594514, 0.49084806] 2.6633515 0.90585554 1.0455021 1.1214832
[841, 0.53363705, 0.8584104, 6.2379103, 0.2996545] 2.2841291 0.80374235 1.0251117 1.0892273
[842, 0.47173372, 0.99596465, 8.002962, 0.5250216] 2.3835087 1.0021062 0.8842435 1.3854793
[843, 0.4381298, 1.0196544, 7.470936, 0.51393455] 2.3519056 1.1660868 1.0951788 1.1989666
[844, 0.53818554, 0.97652215, 4.742058, 0.5121439] 2.7809646 0.80233306 1.0841657 1.2277337
[845, 0.5143371, 0.99850696, 4.538958, 0.44758227] 2.7954736 1.0060319 1.0315777 1.2014507
[846, 0.46308333, 1.0074857, 6.644745, 0.4499586] 2.5743766 0.91270703 0.91613835 1.292597
[847, 0.5071074, 0.99019814, 7.2075343, 0.4610856] 2.5830874 1.0191295 0.88061297 1.2270055
[848, 0.52948964, 1.007062, 3.3013034, 0.480385] 2.818158 1.0325888 0.96483827 1.451774
[849, 0.4220076, 1.0546803, 5.92349, 0.6936441] 2.5336485 0.9473661 0.9586402 1.3760899
[850, 0.5215293, 1.0136292, 4.288047, 0.56642216] 2.7878666 0.97862 0.9243344 1.3708763
[851, 0.6396494, 0.9396122, 3.7184846, 0.6505305] 2.9400241 0.9677092 1.0664277 1.2506305
[852, 0.4271804, 1.0058104, 7.9046164, 0.46769837] 2.441805 1.1017905 0.7849788 1.1851978
[853, 0.53262734, 0.9111622, 7.3719263, 0.3557341] 2.284391 1.0147276 0.9173053 1.2015616
[854, 0.54819286, 1.0120527, 3.7730315, 0.58689153] 2.9222684 1.1642491 0.9338695 1.0904926
[855, 0.50913805, 1.008599, 6.903774, 0.5538411] 2.5907962 0.7936554 0.9353013 1.42716
[856, 0.462532, 1.0289049, 5.832979, 0.51881474] 2.736738 0.9801839 0.8989869 1.1895599
[857, 0.5053325, 1.0325974, 4.361767, 0.45982957] 2.7448483 0.9973493 1.003351 1.3577224
[858, 0.5083109, 1.0314702, 5.7767835, 0.6137011] 2.8762596 0.9066452 0.8980181 1.0968305
[859, 0.48417094, 1.0243994, 5.8125196, 0.5308194] 2.7579374 0.86468095 0.87064 1.3006124
[860, 0.423998, 1.1103835, 3.0788615, 0.7576547] 3.1803641 0.8888147 0.8313273 1.2322797
[861, 0.49849528, 1.0296953, 4.4882655, 0.4222771] 2.8105211 0.96426153 0.9038622 1.3507807
[862, 0.48085657, 1.0175427, 6.2101593, 0.51974666] 2.647199 0.8324826 1.0396777 1.2813479
[863, 0.5459471, 1.003536, 3.9180896, 0.55548346] 3.0836947 0.88760567 0.9526192 1.0526571
[864, 0.48426268, 1.0135874, 5.9680905, 0.5948723] 2.816166 0.8372577 0.90396625 1.188704
[865, 0.45524254, 0.9949353, 7.2082095, 0.4009012] 2.3131588 0.94389904 1.0312682 1.4356418
[866, 0.4348175, 1.0220985, 6.9137053, 0.4657921] 2.5531342 0.72886 1.0295004 1.2715064
[867, 0.47279173, 1.0214142, 5.772595, 0.4836755] 2.6866324 0.9865807 0.7840324 1.3791794
[868, 0.4504217, 1.0215409, 6.514985, 0.49400896] 2.660471 0.89344674 0.92736274 1.2591659
[869, 0.5041957, 0.9767926, 7.324963, 0.53581995] 2.4968932 1.0433027 1.0145822 1.020868
[870, 0.39097416, 1.0411121, 7.233074, 0.83242327] 2.6347492 0.99459726 0.87791294 1.1742687
[871, 0.5423086, 1.0021015, 3.913787, 0.5333595] 2.989481 1.0010178 0.91123927 1.1045791
[872, 0.5082066, 1.0176519, 4.030755, 0.5005871] 3.0243537 0.89011884 0.80742395 1.1848567
[873, 0.38334048, 1.076615, 4.794618, 0.51247287] 2.7840545 0.88545257 0.94495267 1.2396315
[874, 0.5382945, 0.9934467, 5.190804, 0.5360374] 2.7761357 0.8588625 1.1186879 1.1792964
[875, 0.4525817, 0.9728252, 7.8726215, 0.45859566] 2.347704 0.9912888 0.999182 1.2133597
[876, 0.45084086, 1.0361667, 6.2749896, 0.5180827] 2.5768259 0.9476184 1.0130821 1.2353455
[877, 0.38871345, 1.0309262, 7.416298, 0.5814128] 2.2128537 0.8330732 0.87858385 1.6489445
[878, 0.53248954, 1.006893, 5.7612715, 0.61921406] 2.5949016 0.9490207 1.0565912 1.380193
[879, 0.41051066, 1.051191, 7.9780693, 0.67726225] 2.5728538 0.86954266 1.0324593 1.1489476
[880, 0.46451718, 1.0333943, 7.0100794, 0.5942291] 2.6295881 0.8995157 0.88473505 1.3200167
[881, 0.5497802, 0.9699556, 5.204485, 0.57576996] 2.8014352 0.83890456 0.9968562 1.169691
[882, 0.5667714, 0.9901279, 4.423683, 0.515322] 2.8787258 1.0751833 0.9329445 1.0490657
[883, 0.54192746, 0.99165195, 4.5507116, 0.463806] 2.9342136 0.8774739 0.84491086 1.1913687
[884, 0.4760857, 1.0063548, 6.319262, 0.44904232] 2.4058087 1.2169753 1.1153874 1.1456931
[885, 0.49633896, 1.0075201, 6.0557857, 0.60482085] 2.635104 0.932679 1.0315002 1.2999997
[886, 0.38384205, 1.0540376, 8.172624, 0.5441641] 2.4380233 1.1163503 0.8278501 1.2564336
[887, 0.5362977, 0.9921599, 5.1450915, 0.5351838] 2.7303603 1.0445327 0.9307853 1.2264786
[888, 0.4720769, 1.0379517, 3.4059858, 0.5629148] 3.0710392 0.87628734 0.8748696 1.2474394
[889, 0.5466172, 0.82117605, 6.207001, 0.21586438] 2.0596433 0.8866488 0.9082494 1.2767322
[890, 0.58754784, 0.9297962, 6.5147004, 0.5787015] 2.5700743 0.94742507 0.98663616 1.2953253
[891, 0.4919651, 1.0142444, 5.555014, 0.63173616] 2.5463202 1.089132 1.0721552 1.3838437
[892, 0.48276472, 0.9882611, 7.507097, 0.4339951] 2.440352 1.0041063 1.0131307 1.1491332
[893, 0.503327, 0.997789, 6.7194257, 0.57995933] 2.7902956 0.9766039 0.7899293 1.0594211
[894, 0.45504865, 1.0177456, 7.275231, 0.51428884] 2.4304764 1.1460772 0.9579808 1.2591292
[895, 0.48028374, 1.0284593, 5.2068057, 0.4441058] 2.7198172 1.009786 0.8977585 1.3051903
[896, 0.5496435, 0.9690793, 5.194847, 0.49267137] 2.8241827 1.037352 0.91426885 1.111466
[897, 0.56040645, 0.9742634, 4.417029, 0.45032075] 2.9472013 0.8452808 0.92649096 1.1914032
[898, 0.4282546, 1.0378689, 6.211822, 0.77972] 2.577561 0.9480872 0.98440176 1.3099184
[899, 0.52404386, 0.99766177, 5.6380115, 0.5232739] 2.5416212 1.0563937 1.1345267 1.3342193
[900, 0.41639376, 1.0330143, 6.903503, 0.49031776] 2.631522 0.94090134 0.9003465 1.1811904
[901, 0.45038447, 1.0132979, 7.3866873, 0.49116838] 2.4246967 0.99203235 0.97327 1.3181871
[902, 0.4452825, 1.0419683, 6.402828, 0.7394776] 2.4819164 1.0997884 0.9289387 1.4438628
[903, 0.5016686, 1.0153985, 5.5889626, 0.4225005] 2.4967916 0.8972182 1.0557646 1.5495163
[904, 0.49107316, 0.98699355, 7.2229466, 0.34576553] 2.3114557 1.089791 0.99631137 1.2990342
[905, 0.455621, 1.0314778, 6.4541316, 0.4182652] 2.6668806 0.90651464 0.90636593 1.2039367
[906, 0.5770578, 0.9718282, 4.3191066, 0.6959209] 2.9888518 0.93340117 0.88953567 1.1192408
[907, 0.49910873, 1.020608, 7.730278, 0.568019] 2.7528312 1.0675727 0.84600174 0.8876825
[908, 0.4932085, 1.0464664, 4.55104, 0.54979163] 2.8838542 0.9906734 0.847793 1.313134
[909, 0.4733998, 0.99278605, 7.768094, 0.4696579] 2.474372 1.1432416 0.96232784 1.0720464
[910, 0.5091926, 0.97779995, 7.1318903, 0.46844006] 2.4281573 0.9923003 1.024913 1.2886444
[911, 0.5292934, 1.0043254, 6.632321, 0.759957] 2.4625373 1.1051928 0.90824425 1.4819936
[912, 0.53641963, 0.9882826, 4.9641423, 0.4914954] 2.7469604 1.0452996 0.8883897 1.2252738
[913, 0.49898875, 1.0268135, 4.8061366, 0.55788195] 2.7631311 1.0282304 0.9785363 1.2816037
[914, 0.53338677, 0.99297464, 6.0621057, 0.5110718] 2.8056085 0.9662839 0.89184546 1.033839
[915, 0.42083082, 1.1048378, 3.6624963, 0.6936736] 2.9896529 0.98250586 0.8418755 1.3776443
[916, 0.53089, 0.974819, 6.2329245, 0.58649194] 2.4084961 0.9005206 1.0454602 1.6506413
[917, 0.41835067, 1.0434208, 7.0827065, 0.53357714] 2.5748076 1.0125833 0.8381492 1.2654346
[918, 0.48235554, 1.0378573, 4.5207343, 0.5237922] 2.9798777 0.99903905 0.7635809 1.0510114
[919, 0.45474818, 0.98105556, 7.848242, 0.44693306] 2.2967734 0.9382418 0.959921 1.357364
[920, 0.43125212, 1.0393101, 7.1362543, 0.5333281] 2.7045398 0.9905992 0.7939778 1.2532399
[921, 0.5305654, 1.0155542, 4.533121, 0.60434324] 2.845835 1.0114491 0.9075124 1.2746063
[922, 0.46830505, 1.0307174, 6.317262, 0.43978292] 2.6969492 0.9892886 0.856111 1.2249051
[923, 0.4845518, 1.008529, 5.437754, 0.56833774] 2.7320855 0.96198094 0.94902235 1.2445742
[924, 0.4686572, 1.0653976, 3.507, 0.5784446] 2.898857 0.9558459 0.87152874 1.4686426
[925, 0.39021444, 1.1291142, 3.49081, 0.57842594] 2.9845443 1.0461378 0.8285037 1.2745918
[926, 0.54526436, 1.0130223, 4.2527633, 0.55557966] 2.813733 0.9845335 1.0007881 1.2843279
[927, 0.48252642, 1.0095941, 6.8979545, 0.5391968] 2.5368278 0.8363412 0.9830121 1.3416774
[928, 0.4933875, 1.0355803, 3.5202403, 0.44683886] 2.9616482 1.0723453 0.8953467 1.2403779
[929, 0.43663934, 1.0300306, 7.321726, 0.59455144] 2.5599616 1.0407016 0.83148533 1.2793034
[930, 0.49318516, 0.97876686, 7.4436574, 0.60072935] 2.4298534 1.1093842 0.94913924 1.3276006
[931, 0.45644945, 1.0135292, 7.6148376, 0.5519647] 2.4134977 0.96856666 0.90161693 1.4870049
[932, 0.53689665, 0.9841419, 5.038766, 0.6041478] 2.7721338 0.82086456 0.90070873 1.3536838
[933, 0.50452316, 1.0445405, 3.545066, 0.504971] 3.0076365 0.86407655 0.96096474 1.2162831
[934, 0.5495791, 1.0108206, 4.184395, 0.62612367] 2.9105294 1.0104369 1.0297909 1.1617042
[935, 0.45780486, 1.0624889, 5.2826962, 0.51822764] 2.6557415 1.1256746 1.0311787 1.2259047
[936, 0.45116958, 1.0000087, 7.4676285, 0.5234558] 2.5359504 0.87120056 0.92755765 1.306383
[937, 0.3354616, 1.0545169, 7.2141137, 0.4984712] 2.3930435 0.9923981 1.0309299 1.2826525
[938, 0.5186934, 0.9960526, 4.945515, 0.62103033] 2.7942922 0.86922544 0.885888 1.3698503
[939, 0.46302104, 1.0249462, 7.4832325, 0.5531995] 2.4084775 1.0673679 1.0369481 1.3580676
[940, 0.4849259, 1.0122308, 7.328641, 0.51449776] 2.4315667 1.0219275 0.8466319 1.5451727
[941, 0.52019364, 1.0330981, 3.755007, 0.43723658] 2.977956 1.0230254 0.9205918 1.2355436
[942, 0.5341532, 0.98509043, 5.8468237, 0.8855556] 2.6009943 1.0385356 0.9090696 1.2448609
[943, 0.4994533, 0.94458264, 8.045595, 0.4396469] 2.2350776 1.0580039 1.035387 1.230842
[944, 0.42277116, 1.0321444, 7.3067904, 0.5172693] 2.537915 1.0298196 0.9264108 1.1386148
[945, 0.48569727, 0.98207444, 7.3782244, 0.5368927] 2.6103272 0.8731276 0.9164256 1.233706
[946, 0.45150208, 1.0405285, 7.098287, 0.5455801] 2.55482 1.1372577 0.98944634 1.111569
[947, 0.47932148, 1.0325071, 5.872182, 0.47874963] 2.730394 0.9064078 1.0085703 1.1533322
[948, 0.48574936, 1.0240431, 4.60329, 0.551852] 2.7863884 0.95974445 0.85816705 1.3891574
[949, 0.4555759, 1.0137837, 5.5577664, 0.4592898] 2.779372 1.1407598 0.82487965 1.0288961
[950, 0.42602766, 1.0394948, 6.7161508, 0.40179697] 2.6091585 0.88951683 0.8470567 1.327478
[951, 0.56768614, 0.9787946, 4.341421, 0.4810637] 2.9250438 0.8601696 1.0313522 1.1479499
[952, 0.4707828, 1.0183562, 5.6180205, 0.5286455] 2.7446303 1.0429249 0.85462755 1.2224226
[953, 0.4410278, 1.1098063, 3.070133, 0.6339546] 3.2050483 0.82906216 0.8753424 1.207199
[954, 0.47253314, 1.0045508, 6.1211767, 0.38667613] 2.6101131 0.85658044 0.9625743 1.2916591
[955, 0.58464766, 0.9546946, 4.514689, 0.5638999] 2.9027514 0.7762352 0.95366687 1.2884805
[956, 0.47899562, 1.0566816, 4.211286, 0.5748461] 2.971294 0.91874075 0.8539502 1.2145772
[957, 0.4487953, 1.0247843, 7.1568847, 0.4656738] 2.4307323 0.8913104 1.0706055 1.3908056
[958, 0.45207047, 1.0394291, 4.7862024, 0.466853] 2.844123 1.0140665 0.86484563 1.2326503
[959, 0.5085353, 1.0123115, 4.909352, 0.6605641] 2.7111537 0.9361692 0.9883504 1.3732533
[960, 0.4691457, 0.9973911, 7.974956, 0.418425] 2.3820262 0.9797818 1.0090096 1.2866374
[961, 0.42842075, 0.99728936, 8.0828, 0.430146] 2.3747578 1.0814141 0.8397652 1.197622
[962, 0.5494509, 0.98756623, 4.605495, 0.5293027] 2.8640227 1.0134152 0.90874153 1.1665571
[963, 0.51633215, 0.98516977, 4.820432, 0.52636015] 2.8192468 0.9765253 0.92217433 1.2133714
[964, 0.47939643, 0.9814924, 7.7300124, 0.5124302] 2.3637118 0.8853657 0.9378102 1.4100423
[965, 0.50961024, 1.0090042, 5.21178, 0.5581643] 2.6880078 1.0213685 1.0147628 1.3062862
[966, 0.4591122, 1.0578171, 5.644918, 0.75327235] 2.77552 0.894625 0.87056 1.338119
[967, 0.5479292, 0.9859062, 5.4414344, 0.6060616] 2.5678394 1.0193169 0.9848967 1.4347667
[968, 0.506452, 0.99655545, 5.886743, 0.49730074] 2.632002 1.0031315 0.93311334 1.2515091
[969, 0.42569858, 1.0463102, 5.737, 0.60200864] 2.7419167 0.9673283 0.8452794 1.2470313
[970, 0.57519716, 0.932412, 6.1056905, 0.5376385] 2.7784672 1.0040332 0.85643184 1.0485147
[971, 0.55224603, 0.9695249, 5.0352674, 0.52983564] 2.9167876 0.7788138 0.9714215 1.1700894
[972, 0.47797367, 0.8896973, 6.104669, 0.21942064] 2.0457516 1.0168602 1.0014461 1.2307787
[973, 0.4422947, 1.0335246, 6.5916305, 0.41060972] 2.6956232 0.756516 1.0108395 1.1974051
[974, 0.54655313, 0.9935653, 6.15033, 0.67390573] 2.489582 1.0215509 0.9195499 1.5632249
[975, 0.4500252, 1.0476325, 5.446194, 0.46782085] 2.7312782 0.8526084 0.94427425 1.3277192
[976, 0.47000962, 1.0217938, 5.9895277, 0.5484782] 2.5712533 1.2069055 0.8762222 1.2104839
[977, 0.48606077, 0.9968744, 7.693939, 0.6246056] 2.4099474 0.99495995 0.8839697 1.3979231
[978, 0.46927157, 1.0894172, 3.967543, 0.59914243] 2.872511 0.9883938 0.9650424 1.3797671
[979, 0.55488634, 0.97787744, 5.581426, 0.47240186] 2.7720575 0.96107525 1.0432193 1.0873123
[980, 0.42155474, 1.0218865, 7.5430336, 0.47305992] 2.419432 0.97132534 0.9376244 1.2771581
[981, 0.44549116, 0.9857027, 7.1927648, 0.41680723] 2.0628767 1.034379 1.0530689 1.5457022
[982, 0.49041665, 1.020618, 5.4839816, 0.48332128] 2.550861 1.0638075 0.91952145 1.4885203
[983, 0.47585955, 1.0489666, 5.261664, 0.604487] 2.709052 0.9877947 0.98961633 1.2462828
[984, 0.5368247, 0.9792967, 5.9228525, 0.4810105] 2.5480256 1.0315428 1.0528165 1.1910117
[985, 0.45943487, 1.0038484, 6.9788675, 0.39195433] 2.3715892 1.05267 1.0919716 1.3217337
[986, 0.4528289, 1.0303811, 5.99869, 0.5012774] 2.6624076 0.9189646 0.93787956 1.2812169
[987, 0.43260106, 1.048157, 5.9957433, 0.4962075] 2.7387886 1.007592 0.80810195 1.1890258
[988, 0.3693866, 1.0380572, 7.5700817, 0.536711] 2.350893 0.95103884 0.98370546 1.4205072
[989, 0.37668866, 1.0442244, 7.200153, 0.45519438] 2.4379323 0.96164125 0.98000044 1.3512617
[990, 0.445517, 1.0464169, 6.819805, 0.64396775] 2.59305 1.0143441 0.9597691 1.1949846
[991, 0.450716, 1.0219479, 6.879873, 0.4000697] 2.5214145 0.87187284 1.0673591 1.2002097
[992, 0.42788818, 1.0349278, 6.9598727, 0.57541806] 2.6806636 0.9581128 0.86691743 1.1203198
[993, 0.48169836, 1.0159968, 5.9020233, 0.52789736] 2.526483 1.1288148 0.96477336 1.3091006
[994, 0.42131984, 1.0458858, 6.3004045, 0.45283186] 2.5170925 0.8886374 0.86409664 1.4394493
[995, 0.54021114, 1.0307547, 4.1789126, 0.579362] 2.8059647 1.0128714 1.003465 1.2985984
[996, 0.5256476, 0.9588118, 7.2970967, 0.47782767] 2.5305073 1.0090863 0.9079263 1.2781117
[997, 0.47934192, 1.0012572, 7.5621967, 0.43130973] 2.5213916 1.0657768 0.92365247 1.0709087
[998, 0.45726654, 1.0104191, 6.9275513, 0.36612886] 2.1879966 1.0187955 1.1668218 1.4366593
[999, 0.5662383, 0.96795315, 3.7298741, 0.38388562] 3.0271142 1.0055131 0.84850717 1.0279593
[1000, 0.4010472, 1.0438576, 7.410511, 0.46456623] 2.442325 1.0368755 0.968268 1.1974123
[1001, 0.43359965, 1.0321652, 6.5485926, 0.5346022] 2.7070775 0.881868 0.87569153 1.1766826
[1002, 0.43482375, 1.0029061, 7.6305866, 0.6197244] 2.375244 1.0995632 0.9761312 1.2745049
[1003, 0.3970717, 1.0517126, 7.3032236, 0.5348631] 2.350862 0.9272354 1.1325364 1.4822873
[1004, 0.4996722, 1.0348213, 3.7184937, 0.4912715] 3.0172133 0.90205634 0.89842105 1.2208004
[1005, 0.43927032, 1.0448825, 5.3521295, 0.57974464] 2.853105 1.0103142 0.715984 1.2094445
[1006, 0.47114038, 1.0312351, 6.259729, 0.46865132] 2.5814674 0.9833275 1.0925384 1.1506351
[1007, 0.41261685, 1.0787055, 7.967635, 0.61664325] 2.548974 0.8924724 0.8289827 1.411763
[1008, 0.4750499, 0.99461466, 6.83337, 0.4121456] 2.4547718 1.078898 0.95208806 1.1649272
[1009, 0.5471491, 0.9921104, 4.767912, 0.52709883] 2.6914544 0.99969494 1.0590092 1.3438666
[1010, 0.2922458, 1.0887337, 7.9226403, 0.592982] 2.2789931 1.037144 1.0218033 1.3871619
[1011, 0.46130607, 1.0488161, 5.5560455, 0.5420111] 2.6127264 1.0120713 0.9797621 1.3685673
[1012, 0.51564723, 1.0218036, 4.1605525, 0.6050521] 3.0778491 0.79295176 0.86564875 1.172066
[1013, 0.5360263, 0.99614197, 6.6215034, 0.5194832] 2.7384162 0.9541096 0.8510894 1.1218292
[1014, 0.42893973, 1.0241992, 7.782729, 0.41885987] 2.4242384 0.8366215 1.0597862 1.3060092
[1015, 0.36504307, 1.0773219, 6.030723, 0.5916075] 2.6246836 0.93009955 1.0030438 1.3502921
[1016, 0.3608635, 1.009117, 7.9772105, 0.4588458] 2.245708 1.0481521 0.9887744 1.2796944
[1017, 0.44587684, 1.0792739, 3.4035153, 0.675251] 2.9252253 0.8848565 1.0388669 1.4016379
[1018, 0.5611299, 0.9943145, 4.3963394, 0.43817544] 2.9150128 0.9714296 1.0065485 1.0852537
[1019, 0.62902224, 0.9300052, 4.1530643, 0.9675107] 2.9572256 0.8751512 0.95257694 1.2146444
[1020, 0.3841407, 1.0050567, 7.676006, 0.36114997] 2.3638365 0.9043362 1.0002565 1.2528349
[1021, 0.42891294, 1.0363233, 6.4310083, 0.5379356] 2.5326092 0.99639124 0.9912369 1.3846226
[1022, 0.35575977, 1.0706404, 7.8867064, 0.5646919] 2.5538983 0.9300225 0.92278016 1.2339566
[1023, 0.47531804, 1.01501, 6.868333, 0.72679085] 2.652961 0.96854156 0.8446944 1.278293
[1024, 0.52653927, 1.0297751, 3.8160748, 0.5630531] 3.066109 0.86729765 0.9847273 1.0886686
[1025, 0.46490833, 1.0169045, 6.1851935, 0.41614878] 2.4645634 0.98539096 0.9464531 1.4480555
[1026, 0.55727786, 0.9761447, 3.9076903, 0.5093526] 2.8909078 1.0136465 0.92451626 1.2145231
[1027, 0.4635765, 1.0529308, 4.0971456, 0.5004203] 2.8171737 0.95138377 1.0022515 1.2817521
[1028, 0.50657815, 1.0124241, 5.7888083, 0.5177393] 2.6735778 0.9848674 1.009023 1.1551402
[1029, 0.5677413, 0.9674993, 5.0064807, 0.52842313] 2.7660809 0.6596493 1.0026665 1.4679587
[1030, 0.4253474, 1.0385338, 7.278386, 0.4580642] 2.525523 0.83344394 0.8999146 1.3421353
[1031, 0.3493965, 1.0628583, 8.435706, 0.44658336] 2.4621542 0.86527497 0.9007276 1.1996768
[1032, 0.51588994, 1.004895, 6.0128427, 0.54398274] 2.7454998 0.966005 0.8860861 1.1898979
[1033, 0.45507583, 1.0182371, 7.1298494, 0.5604119] 2.46918 0.790711 1.0441756 1.4613147
[1034, 0.597776, 0.96135646, 3.6892347, 0.5675578] 2.9909546 1.09145 1.0161365 0.9977189
[1035, 0.46531397, 1.0340574, 6.083063, 0.4673984] 2.576748 0.9695835 0.8533705 1.4288847
[1036, 0.54551744, 0.97276527, 4.6119165, 0.5390617] 2.8469863 1.0601054 0.83935755 1.2342148
[1037, 0.41558847, 1.0214497, 7.6071396, 0.5080253] 2.4886682 0.87008715 0.977751 1.3103079
[1038, 0.5409358, 0.9926917, 5.726702, 0.50926733] 2.6840878 1.0701877 0.9810001 1.1875135
[1039, 0.42841005, 1.0223887, 7.2968946, 0.4699946] 2.3913374 0.96052873 0.9611667 1.4036822
[1040, 0.50066036, 1.0491796, 4.1626596, 0.56388354] 2.785599 1.0375397 0.90329456 1.441429
[1041, 0.5309987, 0.88028264, 5.7946596, 0.2557244] 1.9569643 1.1417571 1.067081 1.4512055
[1042, 0.5389537, 0.97034234, 5.05025, 0.43752703] 2.6567028 0.9667992 1.0179067 1.3243399
[1043, 0.45107496, 1.0410119, 5.376824, 0.4768749] 2.709086 1.0337781 0.89765304 1.2193254
[1044, 0.37481752, 1.0380273, 7.8151126, 0.5164017] 2.4774098 0.90829974 0.817044 1.3217729
[1045, 0.45239574, 1.0222237, 6.7751784, 0.49463594] 2.5562513 0.9884999 0.8286466 1.313185
[1046, 0.48905286, 1.0188415, 4.785228, 0.5660895] 2.7591915 0.91589695 0.9703465 1.3698552
[1047, 0.5208078, 0.9912276, 6.487289, 0.56201994] 2.7295246 1.0976491 0.8092788 1.0528953
[1048, 0.43638965, 1.0011262, 6.8696404, 0.40452248] 2.5081573 0.954849 1.0051701 1.0252155
[1049, 0.40910754, 1.0538116, 5.3046613, 0.49888396] 2.8034818 0.95941746 0.8947294 1.2292191
[1050, 0.4529896, 1.0337499, 6.7563934, 0.5444389] 2.6328247 0.9724223 0.92717993 1.2718712
[1051, 0.39381695, 1.0555674, 6.4858937, 0.6061168] 2.5488465 0.85540235 0.9619697 1.274019
[1052, 0.43047452, 1.026046, 5.8481474, 0.5970078] 2.6658785 0.9160814 0.93190426 1.3621001
[1053, 0.3990865, 1.0685539, 7.5721283, 0.5686224] 2.6348736 0.96126854 0.8755129 1.1151602
[1054, 0.46213946, 1.0033743, 6.9065204, 0.44294575] 2.355649 1.0916159 0.89476067 1.4308869
[1055, 0.43986088, 1.0373235, 6.052787, 0.46381888] 2.7178638 0.8875271 0.8994373 1.1610484
[1056, 0.48937914, 1.0477546, 3.830185, 0.51379865] 2.957877 0.8933953 0.8643907 1.3167595
[1057, 0.4216035, 1.0491751, 6.4144173, 0.5636334] 2.6716776 0.9115536 1.0017924 1.2069914
[1058, 0.5339652, 0.98415226, 5.018513, 0.49792567] 2.8205326 0.95795864 0.9434445 1.2010008
[1059, 0.5336753, 0.9455406, 6.9475865, 0.45789602] 2.5889974 0.8600771 0.92055684 1.2701062
[1060, 0.5396118, 1.0202063, 3.4358096, 0.55268437] 2.9555416 0.91370267 0.95548755 1.3226627
[1061, 0.47349197, 0.97240657, 7.1243157, 0.3611087] 2.381595 0.9794308 0.94897103 1.1184448
[1062, 0.4248272, 1.0362788, 7.650982, 0.4546478] 2.214383 1.1313974 1.0799628 1.3894511
[1063, 0.46727797, 0.99305165, 7.144158, 0.5361386] 2.5012107 0.99589777 1.0386794 1.1374243
[1064, 0.4721794, 1.0331038, 6.5825186, 0.6827907] 2.6166553 1.0850025 0.9919737 1.1294408
[1065, 0.57126415, 0.95538723, 4.927538, 0.55101776] 2.9437006 0.9642839 0.8582296 1.0053045
[1066, 0.44525233, 1.0013059, 7.4210153, 0.38738197] 2.3996894 1.0703862 1.0443288 1.0802141
[1067, 0.52488184, 0.8968555, 7.170782, 0.2855535] 2.245007 0.92055255 0.8521477 1.2938827
[1068, 0.55092007, 1.008404, 4.485676, 0.505628] 2.865245 0.85716665 0.8462422 1.4655955
[1069, 0.45834073, 0.9370677, 7.145559, 0.41438636] 2.2193282 1.0123415 0.89722645 1.2876077
[1070, 0.5023233, 0.9989855, 7.7901936, 0.67072994] 2.3672624 0.98166686 1.018543 1.408724
[1071, 0.40087238, 1.0517155, 8.005559, 0.6002513] 2.5400863 0.88014406 0.8686503 1.3648161
[1072, 0.48256767, 1.0093161, 5.3182144, 0.511057] 2.7605894 0.9325935 0.95427006 1.2114266
[1073, 0.57664615, 0.9466436, 5.582532, 0.4538962] 2.7753763 0.94186664 1.067774 1.0927707
[1074, 0.38001773, 1.0149204, 7.6184273, 0.26525772] 2.3158517 1.0447601 0.8479797 1.3437878
[1075, 0.41500065, 1.0704283, 5.6113896, 0.5789271] 2.6904593 1.0211108 0.9515874 1.2610489
[1076, 0.46287593, 1.090523, 4.1084986, 0.55675864] 2.9772484 0.97978735 0.69572556 1.3646436
[1077, 0.49387327, 0.9918914, 6.0377207, 0.64911884] 2.5809567 0.9566423 0.8962303 1.4325321
[1078, 0.43621433, 1.0439104, 6.5860276, 0.5482514] 2.5790777 0.97101396 0.850027 1.3340979
[1079, 0.4560423, 1.0490576, 4.846404, 0.47146907] 2.808251 0.9155757 0.87914664 1.3266356
[1080, 0.4856849, 1.0313495, 4.6856017, 0.54694647] 2.78278 1.0910499 0.96977013 1.186071
[1081, 0.3851689, 1.0533723, 7.0655804, 0.69388604] 2.4270103 1.115046 0.95264864 1.3694627
[1082, 0.5641055, 1.0020943, 4.3425074, 0.5263501] 2.957122 1.0937997 0.6874287 1.228751
[1083, 0.46096894, 0.9577727, 9.340609, 0.4348351] 2.391467 0.90260166 0.8366464 1.2206794
[1084, 0.47056925, 1.0313551, 6.9320593, 0.40181315] 2.6217284 1.0123826 0.90545857 1.1446581
[1085, 0.52638096, 1.0269082, 3.6575706, 0.5576372] 2.96127 1.0584403 0.8101189 1.2701625
[1086, 0.42210537, 0.9791008, 6.8959107, 0.34194714] 2.2682517 0.89637053 1.033682 1.2905784
[1087, 0.44738764, 0.94669145, 6.955967, 0.32341602] 2.180403 0.9528894 1.0871818 1.3181826
[1088, 0.49034733, 1.0372655, 4.1105976, 0.51125216] 2.962899 1.0768971 0.9299512 1.1053987
[1089, 0.37626484, 1.0106353, 7.7840896, 0.35162038] 2.36828 0.8871826 0.95824665 1.2476871
[1090, 0.388018, 1.0699053, 6.885534, 0.5891657] 2.6099231 0.9304111 0.97622883 1.1778685
[1091, 0.55919296, 1.0004944, 4.134152, 0.5438274] 2.9379237 0.93791986 1.0073136 1.1013186
[1092, 0.45851472, 1.0337274, 6.5002713, 0.5845224] 2.5861661 0.9913525 0.93347096 1.3443009
[1093, 0.3760334, 1.0757402, 5.734853, 0.53364223] 2.6748807 0.886268 0.9083725 1.3596481
[1094, 0.5130851, 0.9718322, 5.9252152, 0.47919464] 2.5849307 0.86706215 1.0396333 1.3795732
[1095, 0.45633045, 1.0358032, 5.442836, 0.48296255] 2.756192 0.949392 0.92878103 1.2202024
[1096, 0.49353546, 0.8949027, 5.6612663, 0.22359295] 2.1446574 1.0927525 1.0229535 1.1527493
[1097, 0.5210022, 0.9899396, 5.837789, 0.6163402] 2.571811 1.0250343 1.0315969 1.3202
[1098, 0.47718802, 0.9999004, 7.817558, 0.553562] 2.574845 1.058095 0.9021512 1.1278658
[1099, 0.46949726, 0.99360055, 7.364549, 0.5025054] 2.3586707 1.0678428 0.95644265 1.4048005
[1100, 0.4771642, 0.9911685, 7.1489935, 0.48900813] 2.3130095 0.9884954 1.1199719 1.3960642
[1101, 0.4823747, 1.0463841, 3.9535894, 0.4083968] 2.9907882 0.81729424 0.8530102 1.3602877
[1102, 0.52418184, 0.998174, 5.5348234, 0.5251437] 2.6993346 0.9190187 1.0481583 1.2704967
[1103, 0.5255056, 1.0009143, 5.3120627, 0.5193279] 2.7734902 0.88603574 1.0220537 1.1832278
[1104, 0.4232941, 1.0374728, 6.878076, 0.5056769] 2.4349537 0.8641355 0.9809593 1.4571936
[1105, 0.586062, 0.9735924, 5.7487907, 0.6012598] 2.5722423 0.86320114 1.010332 1.5140178
[1106, 0.4834897, 1.0281242, 5.2743483, 0.8504895] 2.8350277 0.93720496 0.89836866 1.1896962
[1107, 0.4676293, 1.0491304, 4.0185723, 0.56091744] 2.8833487 0.86212134 0.9277502 1.3890854
[1108, 0.45886305, 1.0249586, 5.8506804, 0.51698256] 2.7201424 0.96450764 0.8919047 1.1919786
[1109, 0.5141322, 1.0092858, 5.406852, 0.505358] 2.6963146 0.9956726 1.0045137 1.2337502
[1110, 0.5782642, 0.97467315, 4.128837, 0.5032103] 2.8639815 0.849493 1.1070075 1.2509985
[1111, 0.50057334, 1.0365852, 4.170276, 0.56718063] 2.94241 0.8325561 0.75539607 1.4129589
[1112, 0.4839858, 0.9714899, 7.14764, 0.45339164] 2.448387 1.027673 0.91547126 1.2530046
[1113, 0.46641567, 1.049807, 4.2707267, 0.51279485] 2.7627037 0.89543164 1.0044953 1.440651
[1114, 0.43202853, 1.0393705, 5.173369, 0.46609455] 2.6124275 1.0479367 1.0004334 1.2438694
[1115, 0.5384376, 1.0087812, 4.1912584, 0.46929666] 2.9589527 0.9482882 0.85090363 1.1596673
[1116, 0.42393652, 1.0448695, 7.026493, 0.8358926] 2.4674973 1.0218921 0.91365266 1.3553776
[1117, 0.48280793, 1.0213066, 6.094846, 0.4832864] 2.6302855 0.89595085 1.1081092 1.2486242
[1118, 0.56277573, 0.98328376, 4.5164757, 0.4764117] 2.840863 0.9452404 0.89873004 1.2595097
[1119, 0.52194685, 0.9595158, 8.154186, 0.67076284] 2.6072307 0.999914 0.7648508 1.161083
[1120, 0.47466016, 1.0121166, 6.785353, 0.47433975] 2.4528136 0.9314105 0.97450197 1.3579379
[1121, 0.59513783, 0.9795866, 3.7564971, 0.5034722] 3.084394 0.89961535 0.98858666 1.0279827
[1122, 0.5220201, 1.0173551, 4.803924, 0.59885615] 2.7579026 0.9517174 0.9035193 1.4270786
[1123, 0.55615133, 1.0062112, 3.7022026, 0.5389822] 2.8134174 1.029987 1.1177355 1.2570211
[1124, 0.57342196, 0.9632996, 5.813717, 0.45530373] 2.8098807 0.8440117 0.97818595 1.1472874
[1125, 0.46860212, 1.016875, 7.3808074, 0.50162935] 2.509451 1.0783663 1.0742575 1.0580963
[1126, 0.43953547, 1.050221, 6.503375, 0.65958256] 2.7090995 0.86622566 0.92168283 1.2797837
[1127, 0.4201672, 1.0138547, 8.231904, 0.54321826] 2.4536703 1.0385958 0.9977989 1.1408879
[1128, 0.52758193, 0.94983655, 7.6897216, 0.48351994] 2.4238534 1.1266834 0.9548624 1.2065386
[1129, 0.4784397, 1.0341045, 4.154172, 0.44642663] 2.8504355 0.9254926 0.90902376 1.3490242
[1130, 0.43385512, 1.0302736, 6.647716, 0.6431299] 2.6886635 0.93480206 1.0378808 1.1715537
[1131, 0.43540478, 1.0006423, 8.449942, 0.42479467] 2.3491328 1.0429246 0.7959751 1.3041842
[1132, 0.61782426, 0.91015995, 4.280496, 0.48978013] 2.845757 0.9443028 0.9314777 1.3147528
[1133, 0.48111472, 0.99644834, 7.0822024, 0.56210834] 2.5000076 0.9606318 0.9791556 1.2855059
[1134, 0.51306295, 1.0509247, 3.4782848, 0.5307433] 3.0834954 0.9222361 0.9547215 1.1775075
[1135, 0.44955397, 1.0701853, 4.7605543, 0.55134445] 2.8553326 0.90416837 0.8952239 1.3207295
[1136, 0.42243832, 0.9541359, 7.2833204, 0.38325265] 2.1420684 1.026102 1.0574658 1.3760971
[1137, 0.50631225, 0.9779271, 7.1624045, 0.43125284] 2.5033221 0.95369136 0.92971927 1.3786077
[1138, 0.44450995, 0.9944357, 7.612471, 0.44832307] 2.4339077 0.958645 1.0587493 1.1535498
[1139, 0.42017448, 0.99827987, 8.661004, 0.50440663] 2.2831297 0.9956698 0.9547524 1.3513361
[1140, 0.48974234, 1.0511087, 3.9431899, 0.5576909] 2.7473998 0.97910196 0.9836831 1.5454497
[1141, 0.44550437, 1.126007, 2.9060779, 0.6994731] 3.2586596 0.9617253 0.8521646 1.2250022
[1142, 0.4719556, 1.033339, 6.747298, 0.6805386] 2.5406163 0.89955765 0.9390051 1.3831024
[1143, 0.5334474, 0.9897542, 5.227684, 0.50456053] 2.7830486 0.9352422 0.8134276 1.3391684
[1144, 0.46091193, 1.0394185, 5.570499, 0.5314619] 2.6560302 1.0333271 0.8696074 1.4313283
[1145, 0.48068964, 1.0394466, 4.071713, 0.4485548] 2.789376 0.9169347 1.0477347 1.3394476
[1146, 0.4755223, 1.0167258, 5.552715, 0.50539654] 2.7021637 1.0051682 0.86708647 1.2607664
[1147, 0.44719297, 0.9977839, 7.6359396, 0.59934473] 2.449223 0.9321008 0.93696886 1.2103578
[1148, 0.37782085, 1.041073, 7.7910514, 0.49901524] 2.1819234 1.074654 0.98267585 1.4789959
[1149, 0.5224639, 0.99529, 5.9567595, 0.54594046] 2.6126192 0.94101125 1.0365944 1.2458873
[1150, 0.5104717, 1.0131975, 6.3326526, 0.6430173] 2.548372 1.108709 0.9894229 1.2217742
[1151, 0.45498544, 1.0784494, 3.9939137, 0.48078048] 2.8620574 1.0516901 0.9605553 1.3081416
[1152, 0.45619842, 1.0193677, 7.116499, 0.51132524] 2.5684555 0.97545767 0.87525463 1.2377167
[1153, 0.42027986, 1.053684, 5.9858394, 0.56989473] 2.595778 1.0632128 0.8864793 1.3301746
[1154, 0.43591958, 0.99584204, 7.770119, 0.4315476] 2.3558283 1.0371913 0.94774425 1.1859093
[1155, 0.5289074, 1.0034142, 6.005183, 0.6784928] 2.6734965 1.0988464 0.99092823 1.1935948
[1156, 0.43684337, 1.0428994, 6.21512, 0.48095483] 2.549134 0.98280364 1.0582402 1.2262866
[1157, 0.4622199, 1.0253781, 6.7257094, 0.4517742] 2.705859 0.84816545 0.8839135 1.2191995
[1158, 0.44485125, 1.0040295, 7.388666, 0.5733508] 2.5405157 0.8877765 0.90260524 1.1705773
[1159, 0.41659248, 1.0298843, 7.0981636, 0.55886406] 2.498779 0.88679755 0.9542566 1.3833954
[1160, 0.5484811, 1.0006812, 3.9272327, 0.47643086] 3.0149682 0.89024717 0.90898997 1.1574695
[1161, 0.48869106, 0.9671441, 6.5729294, 0.35559446] 2.2337985 1.0471611 1.1548849 1.1763868
[1162, 0.56067383, 0.9599879, 5.8237844, 0.38196477] 2.8820045 0.9135816 0.9658269 0.9314158
[1163, 0.5217801, 0.9861655, 8.087691, 0.79156035] 2.6622705 1.0357559 0.95677114 0.82789695
[1164, 0.48176694, 1.009412, 6.8679376, 0.5969274] 2.6064405 0.95795256 0.8664281 1.3320885
[1165, 0.555977, 0.9860019, 4.7138443, 0.45575407] 2.8464732 0.8395436 0.8967995 1.3586022
[1166, 0.48415115, 1.0324519, 5.993349, 0.49895787] 2.8441885 0.8891374 0.8366101 1.1186646
[1167, 0.5131272, 1.0034741, 4.1923003, 0.49006385] 2.8272538 1.0680363 0.8440081 1.3630143
[1168, 0.47196418, 0.9947379, 8.031702, 0.4359355] 2.275958 1.00399 0.9598596 1.4630028
[1169, 0.44208568, 0.976029, 7.4290314, 0.38137162] 2.220542 1.0750417 1.0354652 1.3774562
[1170, 0.58621395, 0.94608355, 4.764403, 0.4815276] 2.976063 0.8768872 0.91724 1.065891
[1171, 0.53615206, 1.0141026, 4.4884233, 0.5958122] 2.9043498 0.7882194 0.96392554 1.3068724
[1172, 0.4919412, 1.0226942, 3.6010282, 0.56090844] 2.8780549 1.096711 0.90215737 1.2414213
[1173, 0.49231705, 1.0067859, 5.7156043, 0.52655137] 2.557478 1.0445079 0.9363083 1.4719826
[1174, 0.43739107, 1.0355253, 7.3799105, 0.6603903] 2.5769975 0.85899574 0.88079494 1.3772088
[1175, 0.44944075, 1.0300975, 7.1871324, 0.5611519] 2.5303524 0.95533186 0.85580736 1.2937908
[1176, 0.34051377, 1.0919639, 6.071697, 0.55754673] 2.6483223 0.9647643 0.8905224 1.2369776
[1177, 0.460456, 0.9763804, 8.079729, 0.49356768] 2.2147074 0.94333607 0.97007215 1.4871897
[1178, 0.5149377, 1.0345507, 3.7207391, 0.48392925] 2.8433955 1.0797182 0.9960917 1.3463316
[1179, 0.5062035, 0.9948555, 4.3730855, 0.54432267] 2.8125653 0.9447161 0.8885299 1.3117808
[1180, 0.5136732, 1.0214881, 4.1990123, 0.4660665] 2.8524761 0.9814069 1.0094453 1.2096542
[1181, 0.46411142, 1.0099248, 6.9935007, 0.47401243] 2.4646857 0.9850332 0.9857181 1.226086
[1182, 0.4719789, 1.0165085, 6.994482, 0.70115507] 2.5543497 1.0769602 0.94718665 1.243807
[1183, 0.47792068, 1.0149114, 6.1858172, 0.47985926] 2.6881738 0.99329704 0.9683757 1.0891771
[1184, 0.4789407, 0.9343854, 6.89447, 0.3436513] 2.3241205 0.96441925 0.8558575 1.213576
[1185, 0.377358, 1.0152807, 6.9132347, 0.3438485] 2.244089 1.0462993 1.0537616 1.2579408
[1186, 0.41160107, 1.0573076, 6.4268947, 0.52649075] 2.6720283 0.9070222 0.93181026 1.2600135
[1187, 0.4898611, 1.0136003, 5.834188, 0.435471] 2.6189594 0.9177799 0.9399832 1.4137127
[1188, 0.4923124, 0.99782413, 6.8885193, 0.51682323] 2.4987032 1.046501 0.8850606 1.2797112
[1189, 0.41301307, 1.0425097, 7.512343, 0.51905864] 2.4283125 0.98549485 0.94632405 1.3364183
[1190, 0.5110661, 1.0155247, 5.313529, 0.5985985] 2.8134027 0.874612 0.9637437 1.227325
[1191, 0.5387756, 0.9692407, 7.4165287, 0.44883364] 2.6131814 1.0591296 0.93535495 1.0027976
[1192, 0.50703543, 1.0102674, 4.9449573, 0.45643693] 2.6976337 1.088652 0.8350498 1.3084236
[1193, 0.43083885, 1.0676548, 2.9731238, 0.56066513] 3.1268766 0.7968966 0.8417942 1.2853608
[1194, 0.5284004, 0.90559596, 6.9214697, 0.33487338] 2.2770875 0.8880394 0.92282796 1.2498385
[1195, 0.6164655, 0.9162775, 5.914984, 0.71187335] 2.6250985 0.9939288 1.0067742 1.2520137
[1196, 0.42618614, 1.021167, 7.2923126, 0.5403743] 2.4861248 1.0172563 0.9665572 1.2757733
[1197, 0.473056, 1.0102658, 7.413241, 0.5083591] 2.5841317 0.8918674 0.88407403 1.2609487
[1198, 0.48034883, 1.0048667, 6.687202, 0.61466634] 2.57832 0.93782943 0.92238504 1.4043921
[1199, 0.41901505, 1.0529276, 6.1249943, 0.49074054] 2.7307842 0.9077686 0.91144866 1.1967897
[1200, 0.4633397, 1.0199797, 6.446598, 0.49615324] 2.385106 1.0862106 1.0516162 1.3351985
[1201, 0.5724639, 0.96342295, 4.8026004, 0.50751066] 2.8286648 0.7812582 0.8727618 1.3597544
[1202, 0.56732494, 0.9963861, 3.8257382, 0.5582754] 2.9915555 0.8955091 1.0076671 1.2005676
[1203, 0.43600267, 1.0408835, 7.8735256, 0.70491236] 2.4159234 0.9920404 0.98999816 1.3965781
[1204, 0.5450657, 0.9763795, 5.1839123, 0.538266] 2.8071976 0.9177672 1.0005655 1.1219318
[1205, 0.56249493, 0.97644955, 6.416171, 0.6462471] 2.8456676 0.8715499 0.8657123 1.1393918
[1206, 0.52338886, 1.0138246, 5.240066, 0.6222288] 2.8342927 1.0803375 0.9905433 1.0384502
[1207, 0.55550915, 1.0137868, 4.0593996, 0.52601415] 2.8145008 1.070368 0.98448247 1.2759062
[1208, 0.52985823, 0.9729237, 6.3495183, 0.51196235] 2.6635695 1.0427825 0.94268733 1.0507364
[1209, 0.42618224, 1.0065019, 8.517993, 0.47753352] 2.3806055 0.98081005 0.92464036 1.3086526
[1210, 0.4357264, 1.0499887, 7.9890227, 0.5724382] 2.5679815 0.9440257 0.9337643 1.249656
[1211, 0.49100438, 1.0070835, 7.3641934, 0.61471075] 2.5378113 0.90461373 1.0177842 1.3384159
[1212, 0.4743906, 0.99271417, 7.310892, 0.49930725] 2.5758722 0.97592646 0.96322834 1.0161933
[1213, 0.4932219, 1.0165975, 5.9309587, 0.5342921] 2.588089 0.9982424 1.0266726 1.3441634
[1214, 0.5238611, 0.9714802, 6.3215847, 0.6041208] 2.7167397 0.9769739 0.9665705 1.035129
[1215, 0.53213036, 1.0029541, 4.2673144, 0.59356415] 2.887802 0.7602751 1.079126 1.2572794
[1216, 0.4042183, 1.0380476, 7.751401, 0.5830394] 2.463597 0.8797555 0.9606804 1.3316741
[1217, 0.41178307, 0.9785459, 7.4104004, 0.31618196] 2.1783686 1.1217911 1.022024 1.2540392
[1218, 0.46683836, 1.0309858, 4.471919, 0.5625566] 2.7098982 1.1083683 0.9224821 1.2825392
[1219, 0.5434751, 0.9786191, 4.9564037, 0.49352401] 2.6769788 1.0969088 1.0332798 1.2540909
[1220, 0.53197855, 0.99778765, 4.657335, 0.5467355] 2.7422547 0.97131515 0.99345106 1.353682
[1221, 0.48016965, 1.0219631, 5.19364, 0.71275586] 2.8278506 0.8157016 0.96920586 1.147192
[1222, 0.51847243, 1.0088053, 5.774139, 0.61757] 2.7481825 0.7495585 0.8574784 1.494527
[1223, 0.4872911, 1.0236509, 6.4186068, 0.776945] 2.4906673 1.0541335 1.0075938 1.3860137
[1224, 0.45694768, 1.043488, 5.8384037, 0.5813777] 2.7140558 0.9546927 0.92424375 1.3077624
[1225, 0.52120626, 1.0551138, 3.7653434, 0.5210175] 2.9059515 0.9439216 0.968995 1.3717208
[1226, 0.45219022, 1.0036504, 7.2009516, 0.48327073] 2.5535536 0.92709386 0.9433319 1.0985446
[1227, 0.35892725, 1.0808334, 6.595606, 0.44200122] 2.5603902 0.98789537 0.9067329 1.3000172
[1228, 0.48750284, 1.0332422, 5.9448442, 0.51558894] 2.7598865 0.9783804 0.83498096 1.1674017
[1229, 0.42160758, 1.0222309, 7.515814, 0.45089602] 2.6940327 0.83663404 0.87953085 1.0304371
[1230, 0.4616384, 1.0140487, 6.6838465, 0.46232808] 2.365329 1.0753695 1.0140411 1.4518219
[1231, 0.4598663, 0.9338696, 6.443341, 0.34325144] 2.308106 0.808703 1.0093372 1.1912873
[1232, 0.5308676, 1.0003635, 4.963594, 0.4555118] 2.834312 1.0201497 0.89961904 1.1581734
[1233, 0.5100519, 1.0271018, 4.6524014, 0.67052037] 2.8696914 0.8214486 0.92141783 1.3061798
[1234, 0.41821954, 1.0112369, 8.054885, 0.48504272] 2.3962827 1.0364906 0.89913905 1.189167
[1235, 0.53354007, 0.9857321, 4.8191023, 0.5313436] 2.7987142 1.0395497 0.9210151 1.195529
[1236, 0.45389977, 0.96127874, 7.429839, 0.37474212] 2.258646 1.0777946 1.0435379 1.220147
[1237, 0.51993215, 1.0077577, 5.102161, 0.4898465] 2.688502 0.85281676 1.1551043 1.2884519
[1238, 0.32913494, 1.0501004, 7.741427, 0.3820513] 2.3815565 0.94760126 0.9804515 1.3227541
[1239, 0.44982213, 1.0356464, 7.336349, 0.5192093] 2.661431 0.9421373 0.90455055 1.1351993
[1240, 0.49472088, 1.0215555, 4.699316, 0.6790614] 2.9062614 0.8799015 0.7195197 1.322683
[1241, 0.5046346, 1.0431134, 4.0771823, 0.41479826] 3.0768027 0.7659817 0.9009692 1.0766655
[1242, 0.47129294, 1.0181144, 6.871286, 0.475178] 2.5498526 0.96917564 1.0544734 1.1889367
[1243, 0.6112714, 0.9385174, 3.9362962, 0.49455026] 2.7458131 1.1574492 0.9337579 1.4485297
[1244, 0.5097499, 1.0673711, 3.4092789, 0.5698671] 2.9707458 1.065004 1.0235422 1.1692528
[1245, 0.48119393, 1.0493084, 3.46156, 0.57859445] 3.0128634 0.91370994 0.923915 1.2937014
[1246, 0.5452839, 0.98504204, 4.789307, 0.48517793] 2.78868 0.9544345 0.9800947 1.193995
[1247, 0.42632756, 1.0503187, 6.5266438, 0.535622] 2.5959766 0.92669463 0.97255903 1.3469385
[1248, 0.46631825, 0.92529976, 7.3883233, 0.33115274] 2.270911 0.9918428 0.9509842 1.070368
[1249, 0.62968504, 0.9334181, 4.132596, 0.46781442] 2.8002286 1.0025442 1.0556508 1.2371409
[1250, 0.44751713, 1.0342509, 6.0784326, 0.4490269] 2.5048966 1.0005395 1.1117405 1.3187963
[1251, 0.51514137, 0.926216, 7.446619, 0.3990815] 2.331754 1.099365 0.8463606 1.1631858
[1252, 0.5001199, 1.016916, 5.433057, 0.48096806] 2.6253893 0.96366507 0.9583981 1.3780929
[1253, 0.52723527, 1.0024589, 5.0349584, 0.5469824] 2.8129373 1.0448335 0.9482847 1.0612261
[1254, 0.42557558, 1.1313438, 2.9020615, 0.70440733] 2.9691377 0.99878436 0.9542152 1.523864
[1255, 0.4541809, 1.0300165, 6.899378, 0.40920973] 2.5377526 1.0209856 0.8851424 1.2646197
[1256, 0.4705891, 0.9997916, 6.9800854, 0.6816403] 2.573861 1.1133653 0.8961554 1.2031828
[1257, 0.50616515, 1.0018966, 5.4436502, 0.50108594] 2.657775 0.9862195 1.0351855 1.2374816
[1258, 0.47488672, 1.0127368, 6.7788258, 0.6466171] 2.5958908 1.0205017 0.9101858 1.2680607
[1259, 0.56204456, 0.9766379, 5.4298687, 0.5510301] 2.761561 1.0245581 0.93191886 1.1216942
[1260, 0.54636407, 0.9199799, 7.45376, 0.4433664] 2.4339402 0.964018 0.9584122 1.1374664
[1261, 0.4512079, 1.0106711, 7.4425354, 0.4288525] 2.5061893 1.0387812 0.849138 1.2886449
[1262, 0.563055, 0.98199755, 6.7673965, 0.5171969] 2.6628535 0.9670544 0.95935774 1.1320357
[1263, 0.52105147, 1.0221121, 3.862902, 0.4512121] 3.0600646 0.78269726 0.7835423 1.3160261
[1264, 0.4629757, 1.0618179, 4.579571, 0.5851528] 2.7135918 1.1542195 1.0073408 1.3133923
[1265, 0.47238916, 1.0374031, 6.5964046, 0.5285515] 2.6807492 1.0090543 0.89118385 1.2438577
[1266, 0.44251668, 0.9800208, 7.4492626, 0.37390196] 2.3511894 0.91205865 0.99631304 1.2644569
[1267, 0.43486512, 1.0109823, 8.329393, 0.58135206] 2.2656856 1.0315206 0.89470446 1.4985721
[1268, 0.3751236, 1.0795324, 6.2428594, 0.55019784] 2.614341 0.9574057 0.9565421 1.2737019
[1269, 0.4715502, 1.024485, 4.7080836, 0.50074106] 2.7575436 0.89317894 1.0081184 1.2696224
[1270, 0.4770149, 1.0007939, 5.988196, 0.5752895] 2.560042 1.0404994 0.9694155 1.2791114
[1271, 0.44710344, 1.0392407, 5.795192, 0.5637245] 2.5343695 1.0959138 0.99416465 1.3901677
[1272, 0.4935455, 1.0095862, 4.6275787, 0.5444232] 2.8221028 0.96236867 0.8040624 1.3937207
[1273, 0.42939827, 1.0428666, 4.228076, 0.55640584] 2.9054284 0.9152035 0.91960883 1.244873
[1274, 0.47887248, 1.0243652, 4.639764, 0.44145715] 2.7030258 0.9775952 0.97036314 1.2876105
[1275, 0.3843748, 1.0144545, 7.568259, 0.47105944] 2.3620777 0.932075 1.0936882 1.2369637
[1276, 0.49508658, 1.009037, 7.030635, 0.55294526] 2.5943234 0.91458684 0.90613836 1.2818999
[1277, 0.45922184, 0.99962306, 7.4138327, 0.47508195] 2.4394271 1.1274954 1.0017666 1.1478746
[1278, 0.47554585, 1.0104495, 6.44285, 0.5752816] 2.438904 0.9776462 1.0374677 1.3969525
[1279, 0.52062285, 1.0215294, 4.1160874, 0.47763237] 2.8832605 1.0557953 0.9456121 1.1989177
[1280, 0.5020236, 1.0421593, 3.9332173, 0.5129024] 2.936326 0.8924669 0.87692195 1.3587258
[1281, 0.39068842, 1.0450753, 7.0651946, 0.43491808] 2.3155882 1.1005106 1.0508689 1.3202981
[1282, 0.48382553, 0.99323964, 6.506023, 0.45130602] 2.4967632 1.0724003 0.883293 1.367243
[1283, 0.52872574, 1.000993, 5.571512, 0.644389] 2.8762755 1.0492284 0.79532444 1.0090914
[1284, 0.4338262, 1.03145, 6.229806, 0.43230286] 2.5386076 0.85593164 0.8543522 1.4663383
[1285, 0.41755176, 1.0010334, 6.929319, 0.36870557] 2.1792963 1.0298432 1.1008503 1.4021816
[1286, 0.4099515, 1.0423625, 6.7566133, 0.43187073] 2.4132774 0.9692678 1.0844153 1.2077222
[1287, 0.5380682, 1.0016779, 4.809783, 0.4807822] 2.8360164 0.8726646 0.8687414 1.3136336
[1288, 0.45352197, 1.0133201, 6.4917574, 0.5000281] 2.6000962 0.9221159 0.9758543 1.1807905
[1289, 0.45405853, 1.0096215, 7.044014, 0.46370998] 2.5463328 0.851307 1.0210059 1.2030429
[1290, 0.5306883, 1.0361507, 3.5121768, 0.6258651] 3.1322782 0.6446531 0.8983075 1.3308779
[1291, 0.4800446, 0.9756899, 7.0338297, 0.4613048] 2.3627017 0.9029413 1.1318645 1.275633
[1292, 0.5043754, 1.0000416, 7.0329537, 0.6754426] 2.5924566 0.9836162 0.8220771 1.3928725
[1293, 0.4622398, 1.0023618, 5.5227184, 0.62252545] 2.5824773 1.0449243 1.1669614 1.223763
[1294, 0.4590047, 1.0366654, 4.9474616, 0.43820122] 2.834954 1.0170106 0.86420405 1.1310073
[1295, 0.48374796, 1.0079925, 6.444621, 0.5505134] 2.6841586 1.0301317 0.8953123 1.0950677
[1296, 0.37099758, 1.0752834, 6.628287, 0.44559163] 2.5358086 1.042082 0.9378586 1.2902232
[1297, 0.56792116, 0.97151875, 3.78635, 0.66074693] 2.8979526 0.95958126 0.96478164 1.2388027
[1298, 0.52390003, 0.98767835, 4.5424285, 0.49441367] 2.8331153 0.9569197 0.85025823 1.2653232
[1299, 0.5711762, 0.9386099, 7.147115, 0.50117] 2.2617292 1.0503873 0.9354961 1.6653937
[1300, 0.52615416, 1.0048792, 4.53115, 0.6159396] 2.8449705 0.9226681 0.9506056 1.1758313
[1301, 0.44309643, 1.0301917, 6.937028, 0.4416195] 2.509743 1.0034893 1.0695069 1.1440173
[1302, 0.4403553, 0.9827727, 7.529634, 0.34553283] 2.3169756 0.94213 0.9936125 1.2786496
[1303, 0.42862847, 1.0155271, 7.4551435, 0.45215604] 2.487104 0.8375149 0.9127522 1.3463886
[1304, 0.4201721, 1.0223683, 7.628853, 0.44020334] 2.2471614 0.9678281 1.168927 1.2566915
[1305, 0.47821638, 1.0559155, 4.620872, 0.6346845] 2.895191 0.96777475 1.0092181 1.154779
[1306, 0.52855337, 0.99348634, 5.4903207, 0.5227029] 2.7701766 1.027071 0.85278517 1.221989
[1307, 0.57068855, 0.9752898, 3.996376, 0.59923565] 2.876146 1.0054975 0.99137104 1.1362305
[1308, 0.5446233, 0.98741996, 4.778628, 0.5856456] 2.7181811 1.0651448 1.0188352 1.2161503
[1309, 0.44333753, 1.0488156, 5.994545, 0.43620157] 2.7331018 0.86517274 0.9066667 1.239852
[1310, 0.56271046, 0.95168734, 6.049802, 0.4836905] 2.6542988 1.1236559 0.896247 1.1491995
[1311, 0.44641662, 1.0378366, 6.9125056, 0.4999359] 2.5705214 0.8757932 0.97082025 1.3046061
[1312, 0.46592802, 1.0319763, 5.8856053, 0.53318006] 2.6367002 1.0671077 0.9248663 1.2609522
[1313, 0.38221636, 1.0684912, 5.649087, 0.46786934] 2.6265287 1.0487026 0.8668914 1.3348143
[1314, 0.49139357, 1.0373702, 4.5406985, 0.46654537] 2.8208234 1.0874331 0.9953594 1.0693175
[1315, 0.51208514, 1.0373343, 4.1694713, 0.5148696] 2.8802707 1.0927242 0.80673337 1.2611481
[1316, 0.4144325, 1.0494951, 6.787701, 0.7444054] 2.6006908 0.9643814 0.900979 1.3341864
[1317, 0.4420363, 1.0092, 7.8449383, 0.58703685] 2.466286 1.0545605 0.95186675 1.2152337
[1318, 0.49717665, 1.001523, 6.903086, 0.5190956] 2.6287918 0.973259 0.9613073 1.1208055
[1319, 0.4096136, 1.0371954, 6.511777, 0.3700617] 2.5376432 0.8822281 1.0353183 1.2117679
[1320, 0.45893976, 1.0082659, 7.812196, 0.5404812] 2.45009 1.0069692 0.83855426 1.4300921
[1321, 0.46894613, 1.0364679, 5.7307034, 0.6300732] 2.6012533 1.0960634 0.9108055 1.3095903
[1322, 0.43831304, 1.0560013, 6.5820956, 0.5255796] 2.6647737 0.93004113 0.79403394 1.401238
[1323, 0.46186486, 1.0084128, 7.006635, 0.7330308] 2.6216872 0.91248465 0.9534285 1.2085402
[1324, 0.49537167, 0.98652637, 4.886283, 0.47551656] 2.5477133 1.1439444 0.96709603 1.3818666
[1325, 0.47838163, 0.9715633, 8.103899, 0.48713002] 2.5368402 0.94466364 0.7838667 1.101615
[1326, 0.39482066, 1.0175489, 7.601805, 0.48746166] 2.2986226 0.9079926 0.8527854 1.4129952
[1327, 0.46718454, 1.0078342, 7.295172, 0.56655294] 2.4206142 0.9986267 0.9206108 1.4907578
[1328, 0.43619588, 1.0371253, 7.4535584, 0.4361742] 2.720324 0.8016566 0.9111164 1.0756779
[1329, 0.51652354, 1.0272875, 4.175235, 0.4791353] 2.8240547 0.97940236 0.98027515 1.2557636
[1330, 0.43492123, 1.0380636, 6.2719846, 0.5097989] 2.4952092 1.0623213 0.9213038 1.4478114
[1331, 0.56365144, 0.98276085, 4.484505, 0.5478334] 2.724733 0.8199168 0.96526545 1.5016875
[1332, 0.4936634, 1.0289295, 4.828091, 0.58378905] 2.6938922 0.9888693 1.0022767 1.2977526
[1333, 0.54816926, 1.0154554, 3.4382331, 0.51387495] 2.8501627 0.9801229 1.0048327 1.3776779
[1334, 0.42866173, 1.0292199, 7.725351, 0.61186343] 2.370156 0.90130305 1.0077218 1.4876224
[1335, 0.48382545, 1.0355564, 4.2809896, 0.61444265] 2.9040513 0.931353 0.9490384 1.1555345
[1336, 0.4977751, 0.8985167, 6.5515704, 0.28909266] 2.138107 1.0119958 1.0239382 1.2438344
[1337, 0.3837554, 1.0769699, 5.501039, 0.593479] 2.8334408 0.7563649 0.89768887 1.2942687
[1338, 0.50108653, 0.98582095, 7.1315203, 0.36875984] 2.5809975 0.93468356 0.95846164 0.9869521
[1339, 0.5067159, 0.99488753, 3.8456743, 0.4584216] 2.9429274 0.9102756 0.94844395 1.175501
[1340, 0.4715565, 1.0765762, 3.7259986, 0.49838802] 2.89134 1.0315472 0.85943055 1.3072517
[1341, 0.47132787, 1.0301983, 6.1630626, 0.49470162] 2.6612208 0.9440343 0.9615518 1.2209884
[1342, 0.36247224, 1.0441452, 8.329379, 0.56735754] 2.3727012 1.1170022 0.9152925 1.2175865
[1343, 0.4427303, 1.0412499, 6.586617, 0.54715] 2.6084294 0.9945424 0.97034895 1.1812701
[1344, 0.45947242, 1.007201, 7.2480288, 0.44273007] 2.3247745 0.9496002 1.059116 1.2876065
[1345, 0.5603946, 0.9692587, 3.9172142, 0.5243822] 2.7815237 1.033098 0.9699006 1.3535753
[1346, 0.47498143, 1.0452718, 5.1312933, 0.62333155] 2.8146012 0.7813152 0.8006989 1.4159467
[1347, 0.44509742, 1.032917, 7.8768873, 0.4979495] 2.5064874 0.970282 0.900834 1.2408328
[1348, 0.5212932, 0.9842393, 6.7636437, 0.39042398] 2.585909 0.99553233 0.99533963 1.189075
[1349, 0.49226215, 0.92559355, 6.606875, 0.25743154] 2.1497939 1.0066026 0.98653036 1.400728
[1350, 0.46634632, 1.0425471, 5.8878365, 0.57919216] 2.6970325 0.9448923 0.8502886 1.3610048
[1351, 0.57148, 0.9618463, 3.9304779, 0.5003197] 2.8074157 0.96351683 1.0030216 1.3360187
[1352, 0.5451685, 0.9989285, 4.6285186, 0.47475502] 2.741023 1.0386313 1.0573334 1.2789117
[1353, 0.5197993, 1.0092444, 4.9811745, 0.49665824] 2.7261863 1.0579741 0.91790956 1.2720323
[1354, 0.34147045, 1.0630081, 7.276698, 0.45584476] 2.4279115 0.8864011 0.9911085 1.3759956
[1355, 0.58411115, 0.9618764, 4.8186655, 0.5426837] 2.9097605 0.7972748 0.9738652 1.2166137
[1356, 0.5114128, 1.0139315, 4.38907, 0.53109473] 2.9382782 0.9939071 0.84112245 1.1158454
[1357, 0.4985101, 0.98606926, 7.6602025, 0.495059] 2.3417747 1.0074759 1.092667 1.1808506
[1358, 0.4781365, 1.0498824, 4.0408835, 0.54765624] 2.9102714 0.89235526 0.9576821 1.2714764
[1359, 0.45908472, 1.049902, 6.201808, 0.62707317] 2.5053353 0.9773207 1.0623147 1.380471
[1360, 0.45620486, 0.98257536, 7.266284, 0.3821253] 2.3734848 0.985771 1.0851196 1.1031222
[1361, 0.52542186, 1.0037165, 4.435731, 0.5220155] 2.9369605 0.9721923 0.8627155 1.1236161
[1362, 0.437987, 1.0414956, 6.7690434, 0.53429323] 2.5152845 0.92140347 0.93347967 1.3600744
[1363, 0.54975015, 0.987443, 5.3417926, 0.6895115] 2.7162006 0.9050487 0.9557815 1.3855687
[1364, 0.4737184, 1.0231655, 5.589561, 0.48270252] 2.6916738 0.93362844 0.96793133 1.2839397
[1365, 0.5720864, 1.0033273, 3.987034, 0.50422776] 3.0640182 0.83635 0.8587554 1.1987699
[1366, 0.56110215, 0.9958299, 3.8675008, 0.49849316] 2.911367 1.024844 0.9376037 1.1686856
[1367, 0.5568277, 0.96763414, 5.5204844, 0.50549096] 2.6163895 1.0515944 1.0170937 1.3960811
[1368, 0.5078562, 1.0035374, 5.8760333, 0.57369393] 2.742013 0.8573655 0.8193688 1.4256954
[1369, 0.4677644, 1.0108535, 6.932138, 0.50923353] 2.6843934 1.0270777 0.9189533 0.9823362
[1370, 0.44951293, 1.0138577, 7.9854736, 0.53848726] 2.612018 0.91759616 0.817664 1.1980927
[1371, 0.5202097, 0.9855696, 6.484207, 0.4396919] 2.48321 1.0486323 1.0161976 1.3892597
[1372, 0.5227657, 1.0055294, 5.503084, 0.5384537] 2.6875474 1.0157301 0.9627874 1.2393616
[1373, 0.45136115, 1.0367606, 6.9823112, 0.6379917] 2.697645 0.8609043 0.7425028 1.3598207
[1374, 0.5069697, 1.0266142, 4.034482, 0.49456134] 2.956812 1.0712264 0.9546097 1.0948074
[1375, 0.5005678, 0.98693365, 5.9143443, 0.50092626] 2.7256994 0.8813194 0.80390376 1.3736519
[1376, 0.5333828, 0.9813804, 5.239616, 0.63253987] 2.6500347 0.957882 0.89377785 1.3969303
[1377, 0.47907948, 0.9164716, 6.4494987, 0.28625813] 2.199621 0.83802986 1.151569 1.1920764
[1378, 0.46996683, 0.9592542, 7.228317, 0.42899355] 2.266757 0.97487336 0.9510873 1.273346
[1379, 0.53475976, 0.9700315, 5.8876214, 0.42614865] 2.5819814 1.1379696 0.9244711 1.187174
[1380, 0.5040653, 1.0045327, 5.4401774, 0.4732568] 2.6908474 1.0075516 0.8975503 1.2658546
[1381, 0.39603525, 1.0614561, 6.948867, 0.5998095] 2.6039994 1.0214071 0.9958336 1.1630722
[1382, 0.49762955, 1.038488, 4.2249365, 0.50345165] 2.921543 0.8118141 0.9636757 1.2670578
[1383, 0.50323004, 1.0166392, 4.9540854, 0.49650562] 2.6960416 1.0516373 1.032119 1.2232625
[1384, 0.5472635, 0.97805256, 5.184075, 0.5258816] 2.7507756 0.9821846 0.97055924 1.1787137
[1385, 0.5112037, 1.0234865, 4.230553, 0.52772933] 2.974012 0.9640838 0.76327425 1.1897306
[1386, 0.5892713, 0.9355195, 5.289239, 0.55514324] 2.81215 1.1269909 0.90908045 0.9339905
[1387, 0.4886652, 1.0006722, 5.5184007, 0.5114283] 2.728915 1.0134301 0.98232025 1.1082286
[1388, 0.54496664, 1.0055668, 4.8565536, 0.7148503] 2.866627 0.92673016 0.9351419 1.1696715
[1389, 0.45068535, 1.0078948, 6.555464, 0.52364427] 2.5182917 0.97967607 0.93754995 1.4304125
[1390, 0.409711, 1.0420414, 8.381906, 0.44540143] 2.4351676 1.1487589 0.9086357 1.1559119
[1391, 0.4470917, 1.0481104, 4.8187046, 0.54552794] 2.8137717 0.9816685 0.8131143 1.3186353
[1392, 0.55896604, 0.9753543, 5.2424893, 0.5798517] 2.5596874 0.9658594 0.9119877 1.5931319
[1393, 0.4822388, 1.0501245, 5.107797, 0.6980733] 2.826417 0.96319383 0.9120479 1.1935325
[1394, 0.433103, 1.0408008, 6.658655, 0.7508988] 2.5680764 0.8348142 0.9846297 1.3446975
[1395, 0.4372323, 1.0137371, 8.073022, 0.5384569] 2.3903036 0.9974302 0.90459466 1.3666588
[1396, 0.45894992, 1.0120913, 6.3768716, 0.4614943] 2.4359868 1.0889795 0.8894781 1.3209953
[1397, 0.42383045, 0.9987883, 7.5801187, 0.41848686] 2.3782187 1.0470625 0.94180423 1.1074197
[1398, 0.41735777, 1.0041178, 7.6374564, 0.43083882] 2.4411829 0.9682226 0.94321305 1.0866162
[1399, 0.5089719, 0.9287891, 6.8341928, 0.31852797] 2.3157635 1.0269887 0.9068729 1.2162008
[1400, 0.45413888, 1.0285919, 7.1513877, 0.5415304] 2.560986 0.89271414 0.95958096 1.2321377
[1401, 0.5333694, 0.9839818, 6.88862, 0.5653218] 2.5165925 1.0273911 0.9385446 1.3670229
[1402, 0.45023957, 1.1030686, 3.8088956, 0.6408546] 2.9860349 0.9284227 0.7130911 1.4426537
[1403, 0.47315487, 0.99949545, 5.750263, 0.43541646] 2.56701 0.8009351 1.0229366 1.4143376
[1404, 0.5235547, 1.009196, 5.154544, 0.52194494] 2.796579 1.050134 0.9708419 1.033136
[1405, 0.4575127, 1.0113462, 7.318447, 0.5400227] 2.451802 1.0254246 0.9090242 1.3260319
[1406, 0.48296446, 1.0201325, 5.476482, 0.4933053] 2.6656058 1.0324252 1.0366595 1.1736927
[1407, 0.52801937, 0.9905517, 4.9815326, 0.54018867] 2.6938224 0.86784494 0.9998065 1.4103953
[1408, 0.5287636, 0.9521781, 6.8926654, 0.5140158] 2.4370966 1.0628049 0.965668 1.3493942
[1409, 0.44513017, 1.0750468, 4.499138, 0.5825643] 2.8221936 1.0310545 0.90540683 1.3682685
[1410, 0.51016766, 0.98218864, 5.5969996, 0.47098842] 2.7949774 0.8406463 0.92577976 1.2873262
[1411, 0.55387026, 0.9777522, 4.7569394, 0.52317226] 2.7723327 0.89911354 0.93485373 1.3659812
[1412, 0.4877287, 1.0227348, 5.4700537, 0.590526] 2.5631082 0.9769813 1.0692266 1.358414
[1413, 0.49413687, 1.0190454, 4.325393, 0.5276474] 2.7592218 0.90939796 0.98684746 1.4203652
[1414, 0.470677, 1.0293399, 6.6256, 0.47694215] 2.5832052 0.8836848 0.9659118 1.3356851
[1415, 0.54814076, 1.0058261, 4.136, 0.612931] 2.9343953 0.84753877 0.8712451 1.3682902
[1416, 0.5438899, 0.9785795, 4.078602, 0.45109302] 2.8464625 0.9534508 1.026092 1.168479
[1417, 0.5293649, 0.99735796, 6.324118, 0.5084671] 2.6047978 0.9964419 0.91090894 1.1918525
[1418, 0.397384, 1.0695564, 6.4290905, 0.5584387] 2.662062 1.0214322 0.87716645 1.1924373
[1419, 0.40939048, 0.9535729, 6.211075, 0.26382083] 2.1101522 0.98185825 1.0629553 1.3329699
[1420, 0.54403394, 1.0278041, 3.9508092, 0.51991487] 3.0047355 0.9253476 0.9122368 1.2200016
[1421, 0.50415987, 1.0044018, 5.9279943, 0.4742484] 2.631755 1.0856373 0.99921 1.1906682
[1422, 0.5028457, 0.9981354, 7.299723, 0.42770505] 2.54719 1.0196615 0.82628924 1.283368
[1423, 0.45139727, 1.0865396, 3.2487566, 0.53406304] 3.0165482 0.94107336 0.8916429 1.343845
[1424, 0.49769142, 1.0029203, 5.0240703, 0.5761694] 2.7258303 0.9941438 0.8727675 1.4009968
[1425, 0.5026427, 0.98547363, 8.799947, 0.64153224] 2.6607323 0.90272725 0.8450455 1.0451179
[1426, 0.49908412, 1.0180014, 7.4297085, 0.6498301] 2.573717 1.100117 0.984964 1.1008605
[1427, 0.46331552, 1.0300261, 6.3163486, 0.44326428] 2.7088642 0.93723255 0.8873724 1.1976805
[1428, 0.52427524, 0.9797167, 6.7385554, 0.65848637] 2.7129536 0.88992107 0.9766225 1.1105341
[1429, 0.42153558, 1.0363717, 8.223206, 0.50626266] 2.4405575 1.0615369 0.7962607 1.3502839
[1430, 0.50944114, 1.0046303, 5.5591207, 0.5825827] 2.6847837 0.8930271 0.9564644 1.2388272
[1431, 0.5265504, 1.0378876, 3.92085, 0.65236384] 3.0541797 0.86513025 0.8660325 1.1724899
[1432, 0.5133508, 0.9512696, 7.729906, 0.3938693] 2.498317 0.88085896 0.9196005 1.1822712
[1433, 0.49447677, 1.0128855, 6.5101795, 0.51096344] 2.4423354 1.0654004 0.9511848 1.4150223
[1434, 0.5035491, 1.0062205, 5.3685155, 0.61099154] 2.5788968 1.1138015 0.9474818 1.3636637
[1435, 0.5244695, 0.9868937, 7.279905, 0.5892759] 2.5649295 1.0124778 1.0294806 1.0939168
[1436, 0.5635717, 0.95514303, 5.5014825, 0.5547134] 2.6771266 0.9921221 1.0326033 1.232185
[1437, 0.49553004, 0.92048424, 6.247706, 0.26985914] 2.1912124 1.0565639 1.1354272 1.148577
[1438, 0.48028278, 1.0135623, 7.248285, 0.50378746] 2.5917168 0.99863607 1.0600774 1.1202549
[1439, 0.4774611, 1.0226263, 7.03809, 0.5594097] 2.6770697 0.90387195 0.9798917 1.1058193
[1440, 0.48113054, 1.0979358, 2.5459373, 0.546569] 3.2253013 0.9050502 1.0519925 1.2040817
[1441, 0.48460445, 1.006622, 7.0624657, 0.54031616] 2.533038 1.0003756 0.8134445 1.3871106
[1442, 0.52175826, 1.0139357, 4.544698, 0.60418105] 2.914041 0.8312563 0.971626 1.2717834
[1443, 0.5240286, 0.9883505, 6.985725, 0.53985775] 2.465502 1.03432 1.060096 1.2807935
[1444, 0.47164997, 0.9574766, 6.6111045, 0.28574803] 2.22053 0.8386321 1.0444082 1.3140873
[1445, 0.4390136, 1.1050272, 3.227099, 0.50684184] 3.2010393 0.7905575 0.95457494 1.1456114
[1446, 0.52299047, 1.0229912, 4.3106875, 0.5359683] 3.0425534 0.8482083 0.9105793 1.1281779
[1447, 0.42705047, 1.0150025, 7.2000227, 0.52979344] 2.5633633 1.0124291 0.82510436 1.1640992
[1448, 0.50167173, 1.0193119, 4.776045, 0.46420798] 2.8766599 0.87581134 0.87571263 1.1928117
[1449, 0.49740365, 0.9827621, 7.0111012, 0.474595] 2.3748388 1.1682049 0.993336 1.2615772
[1450, 0.4204337, 1.0485277, 6.826223, 0.6421244] 2.5157397 1.0635679 1.0351704 1.1879781
[1451, 0.46403047, 0.9976392, 7.0929418, 0.41609156] 2.6401126 0.75972736 0.8668135 1.1603062
[1452, 0.46625292, 1.02963, 6.0311465, 0.5144582] 2.5956492 1.0045123 0.92760986 1.3947095
[1453, 0.35416263, 1.0156864, 7.1134686, 0.35243228] 2.2670724 1.1321114 0.88754815 1.3020289
[1454, 0.46813077, 1.0256057, 5.9826846, 0.5578209] 2.6092749 1.0475851 1.0131843 1.2172933
[1455, 0.48929518, 1.0096728, 5.729587, 0.5482365] 2.7254012 0.939897 0.9582186 1.234495
[1456, 0.4990867, 1.0226201, 4.7411385, 0.44075036] 2.818152 0.9941483 0.7688252 1.323509
[1457, 0.54647386, 1.0023756, 4.2899017, 0.50238043] 3.0073328 0.78363144 0.833498 1.3175222
[1458, 0.48130685, 1.0218474, 6.633755, 0.5661313] 2.4717884 1.088411 1.0038015 1.3314469
[1459, 0.41461986, 1.0689745, 7.1496167, 0.6436333] 2.4522846 1.0995598 1.0433824 1.329358
[1460, 0.5291487, 0.9939788, 5.66209, 0.47792542] 2.7724602 0.9196639 0.92380244 1.1718643
[1461, 0.41038868, 1.0553591, 6.8291707, 0.43080294] 2.4256883 0.9756714 0.9483378 1.4520278
[1462, 0.4368313, 1.0552946, 5.7500467, 0.5839919] 2.8040862 0.8688286 0.82216465 1.3155991
[1463, 0.42834702, 1.0951443, 3.399659, 0.66763926] 3.0328465 0.95055044 0.9446721 1.2052587
[1464, 0.4646994, 1.0142195, 6.909514, 0.42622706] 2.4845088 1.0958306 1.0085263 1.1940998
[1465, 0.47032765, 1.0344329, 5.812701, 0.5439497] 2.7238727 1.061592 0.8808572 1.1867886
[1466, 0.5119545, 0.98667693, 6.2312107, 0.5462501] 2.683692 0.99708605 0.8265084 1.1844287
[1467, 0.50486046, 0.98727936, 6.7377057, 0.547725] 2.6573107 0.96981096 0.9993898 1.1262531
[1468, 0.5618853, 0.9521358, 5.7298894, 0.454028] 2.5997837 0.9998743 0.8726075 1.412675
[1469, 0.44247487, 1.0240773, 7.852961, 0.47144902] 2.4399986 1.0302033 1.0453594 1.1760275
[1470, 0.5004914, 1.0014646, 6.41872, 0.5686779] 2.506069 1.0082417 0.9020722 1.4214587
[1471, 0.4875834, 1.01641, 7.562803, 0.5504051] 2.6537201 0.9333989 0.8925171 1.1716479
[1472, 0.35487694, 1.0573614, 7.6987653, 0.5476147] 2.4743216 0.9646513 0.8770647 1.2567073
[1473, 0.5157425, 1.0324031, 4.4440804, 0.5165791] 2.8432817 1.002641 0.99320036 1.2568201
[1474, 0.4558574, 0.95183104, 6.4606104, 0.36376792] 2.173064 1.082011 1.045485 1.2128509
[1475, 0.4616118, 0.89241004, 6.7598524, 0.28963295] 2.1518042 0.9726325 0.86069316 1.3463688
[1476, 0.47411755, 1.0481094, 3.9071474, 0.4698556] 2.9502685 0.8169848 0.9106381 1.3000085
[1477, 0.6708612, 0.9005008, 4.604439, 0.8236465] 2.956976 1.0400591 1.0067061 0.9218727
[1478, 0.51473546, 0.9977924, 5.603069, 0.50455475] 2.6057682 0.9662849 1.0045267 1.3731478
[1479, 0.39613023, 1.0250485, 7.560441, 0.44719267] 2.4686031 0.85612476 1.0107361 1.3493985
[1480, 0.5011163, 1.0569073, 2.9312477, 0.55870104] 3.178276 0.8435006 0.9142459 1.2994825
[1481, 0.49060285, 1.047653, 3.8796337, 0.6388685] 2.9493322 1.0372856 0.85923123 1.2846515
[1482, 0.4851365, 1.0128441, 6.496258, 0.6964533] 2.664318 0.93851906 0.962413 1.2350914
[1483, 0.5008037, 0.9965477, 6.931651, 0.4565756] 2.4753566 1.0815934 1.0115956 1.1875741
[1484, 0.3881462, 1.025873, 7.982824, 0.5168826] 2.1862423 0.9007887 1.0117593 1.5186766
[1485, 0.5536859, 0.98446536, 5.3040395, 0.57695425] 2.6440136 0.911348 1.0093653 1.4805845
[1486, 0.5684078, 0.9806809, 3.740888, 0.5809939] 2.9551575 1.0101788 0.930774 1.2177024
[1487, 0.49298075, 1.0384327, 4.212562, 0.48540577] 2.8905714 0.8913188 1.0039202 1.2527232
[1488, 0.4981544, 0.98653513, 7.230005, 0.42753056] 2.489711 1.1018944 0.9788386 1.0839883
[1489, 0.4355703, 1.0452394, 6.5908666, 0.5051963] 2.500842 0.97160494 0.9302386 1.3933789
[1490, 0.42978805, 1.0416374, 6.0049133, 0.5511569] 2.548826 0.9099398 0.90288603 1.4426228
[1491, 0.4303916, 1.0023135, 7.6287236, 0.38296658] 2.175467 1.062835 1.0409517 1.3862772
[1492, 0.47880754, 0.98152214, 6.8333263, 0.35726297] 2.312662 0.99053216 0.9488842 1.3864994
[1493, 0.46547902, 1.0620296, 4.2626987, 0.5517321] 3.001995 0.909027 0.8055644 1.2055919
[1494, 0.52575237, 0.9841087, 6.811419, 0.49550968] 2.5819223 1.1042818 0.99900246 1.1042348
[1495, 0.519072, 1.0030096, 4.931406, 0.6065707] 2.820591 0.88668716 0.85113215 1.3337321
[1496, 0.4250093, 1.0410364, 6.627725, 0.44468486] 2.4776974 0.90926766 1.0049131 1.3495675
[1497, 0.4742158, 1.0027118, 5.877749, 0.5481819] 2.7786472 0.9071065 0.91092366 1.1370593
[1498, 0.58683425, 0.97945976, 4.1981435, 0.47737283] 2.874286 1.0378454 0.89826536 1.2188653
[1499, 0.5722767, 0.9484996, 5.365326, 0.4773553] 2.664663 0.97852194 0.93502253 1.3483919
[1500, 0.45291364, 1.0247791, 5.886298, 0.61571294] 2.6929963 0.90731394 0.92147 1.279915
[1501, 0.5509318, 0.9577367, 5.292961, 0.5382602] 2.749482 1.0133489 0.9293969 1.1510844
[1502, 0.398132, 1.0703242, 7.1011353, 0.42807853] 2.5716784 0.91273826 0.96169513 1.194296
[1503, 0.33860597, 1.0953871, 7.130595, 0.65871567] 2.578704 0.8188061 0.9402114 1.3500752
[1504, 0.39978528, 1.0154027, 7.4133725, 0.3527944] 2.2686782 1.0874891 0.8664902 1.370438
[1505, 0.4173686, 1.0097232, 7.92789, 0.56517506] 2.4556203 1.0953765 0.79658026 1.2139977
[1506, 0.46193883, 0.96914333, 7.9630227, 0.46267602] 2.524537 0.8913427 0.78048676 1.2482938
[1507, 0.46983874, 1.0507898, 6.3471165, 0.4934602] 2.484452 1.1105785 0.9276727 1.3617162
[1508, 0.56871456, 0.9937838, 3.8663046, 0.5276956] 3.0411959 0.8154694 0.90248805 1.234135
[1509, 0.5325376, 0.99839705, 5.0719814, 0.524424] 2.687913 0.91904074 0.86054885 1.471098
[1510, 0.48062563, 1.005484, 7.214247, 0.51308346] 2.5744486 1.0497605 0.91984636 1.1793797
[1511, 0.43909532, 1.0149906, 8.280614, 0.54642355] 2.4105065 0.9738565 0.95503604 1.1593194
[1512, 0.5548427, 0.99458206, 4.155034, 0.5212903] 2.904448 0.93168885 0.8867328 1.2954992
[1513, 0.5445159, 0.97416466, 4.502163, 0.5449375] 2.8786068 0.9177898 0.97709304 1.1069019
[1514, 0.39902708, 1.0646138, 6.7860923, 0.5981726] 2.4773202 1.0385517 0.91201425 1.4231976
[1515, 0.5398024, 1.001355, 4.653194, 0.8156593] 2.8498242 0.9910015 0.92810184 1.1445142
[1516, 0.5836488, 0.99312365, 3.5757792, 0.5072075] 2.908768 1.194493 0.8774457 1.2341831
[1517, 0.5151874, 1.0526705, 3.743799, 0.6259841] 2.9719665 0.79478776 1.0269307 1.4089956
[1518, 0.43370274, 1.0497661, 4.5297875, 0.4022988] 2.7850344 0.9326059 0.8360154 1.3743976
[1519, 0.4882335, 1.0459527, 4.363635, 0.60994303] 2.904361 0.75784737 0.98174495 1.3440609
[1520, 0.5279894, 1.0164495, 5.6677747, 0.56871694] 2.7152765 0.8142228 0.9657034 1.405354
[1521, 0.4640783, 1.0914876, 3.0591269, 0.6180693] 3.1251934 0.8683303 0.8923109 1.2641436
[1522, 0.5065137, 0.8687824, 5.9523277, 0.24122411] 1.8592423 0.99577445 0.9872525 1.5597659
[1523, 0.44300908, 1.0581009, 4.5547953, 0.6726857] 2.7956731 0.9797095 0.82631683 1.3979523
[1524, 0.43269485, 1.0269012, 7.4079943, 0.63536704] 2.4735432 1.0131038 0.86353314 1.284461
[1525, 0.50226074, 1.0291653, 4.698066, 0.5840113] 2.8626738 0.8388737 0.94746333 1.3602214
[1526, 0.45565695, 1.049391, 6.147079, 0.54556197] 2.7261536 0.9724715 0.99860036 1.1689171
[1527, 0.47697628, 1.0200863, 5.536371, 0.50826186] 2.839305 0.803849 0.8818905 1.2276623
[1528, 0.48602042, 1.0229992, 4.2932916, 0.5376771] 2.720396 0.80464536 1.1131779 1.4069386
[1529, 0.54983294, 0.99154085, 5.2903395, 0.52464485] 2.601625 1.0138668 0.95271987 1.4647909
[1530, 0.48203185, 0.9786217, 8.055818, 0.41212812] 2.456391 1.0362031 0.91229886 1.077711
[1531, 0.5504221, 0.9761965, 4.519963, 0.47670764] 2.7284477 0.8266558 1.0743567 1.2970753
[1532, 0.50616735, 0.9520814, 7.7134976, 0.336039] 2.3744707 1.0580677 0.9423794 1.268652
[1533, 0.44927403, 0.9741097, 7.655869, 0.51510507] 2.2642076 0.9738905 1.0667348 1.2207505
[1534, 0.5560424, 0.9855189, 4.719451, 0.53920704] 2.7655804 1.0329719 0.8954117 1.298959
[1535, 0.544764, 0.99676126, 3.8327649, 0.5945802] 2.9920986 1.0835509 0.99039084 0.9887076
[1536, 0.46466416, 1.0322162, 5.951019, 0.53195685] 2.6626184 0.86635613 0.8245244 1.4110662
[1537, 0.4702068, 1.0695412, 3.745789, 0.5267631] 2.991684 0.9426406 0.906132 1.2096329
[1538, 0.40813398, 1.0541887, 5.7668066, 0.5038446] 2.604378 0.9153037 1.0559933 1.2635369
[1539, 0.47815472, 0.9896756, 7.421162, 0.52573305] 2.4428713 1.0052596 0.97994876 1.2957851
[1540, 0.43993315, 1.1238267, 2.9473085, 0.7955744] 3.2372487 0.8001822 0.96443003 1.2420552
[1541, 0.46162683, 1.0358485, 6.172984, 0.49736518] 2.6511984 0.90718764 0.925465 1.2781597
[1542, 0.5213123, 0.99920213, 6.0165215, 0.6065695] 2.610534 0.9655598 1.0286623 1.2051041
[1543, 0.5410791, 0.98604494, 4.435462, 0.5797583] 2.7804375 0.9330204 0.91442686 1.4241081
[1544, 0.50950253, 1.0227897, 4.791826, 0.6163334] 2.8545184 0.9425441 0.95219326 1.2280362
[1545, 0.4786533, 0.99273956, 6.737686, 0.58950686] 2.4944146 1.1353245 1.0042703 1.2523571
[1546, 0.53724086, 0.9709474, 6.9067674, 0.6422084] 2.467462 0.97900856 1.1565409 1.2365115
[1547, 0.43671027, 1.0436914, 5.8342757, 0.63831764] 2.8768551 0.9154176 0.84855086 1.1399635
[1548, 0.56926775, 0.9528959, 5.3323584, 0.49909323] 2.764277 1.045493 0.8883068 1.1490349
[1549, 0.50312895, 1.0019732, 4.1250234, 0.413813] 2.8240035 0.99742746 0.841054 1.3288282
[1550, 0.38591972, 1.0736203, 6.313255, 0.5507398] 2.5261455 1.0661238 1.0162182 1.143234
[1551, 0.539683, 1.0238302, 3.6906025, 0.5128204] 3.0660872 0.9496696 0.85493946 1.1362176
[1552, 0.438163, 1.0102099, 7.578456, 0.46343932] 2.3304079 1.0841025 1.0781521 1.284937
[1553, 0.3974539, 1.0146538, 7.497706, 0.52652097] 2.3653026 0.913879 0.91499585 1.4647164
[1554, 0.5664407, 0.9617048, 5.7177615, 0.44977164] 2.5264878 1.1716263 1.1170131 1.1950508
[1555, 0.45119682, 1.095393, 3.3851397, 0.6746129] 3.3135903 0.8695721 0.8217191 0.9966449
[1556, 0.56326956, 1.0054808, 3.3976233, 0.49921983] 2.9169967 0.98802096 0.8082895 1.4453775
[1557, 0.5307996, 1.0322496, 3.5529437, 0.6476857] 2.9501367 1.0487065 0.950635 1.2400013
[1558, 0.45513427, 1.0256535, 7.2544427, 0.50414044] 2.425951 1.0445588 0.8523249 1.4728636
[1559, 0.39951053, 1.0310649, 7.4442267, 0.45023206] 2.357213 1.0264235 1.0480518 1.2446727
[1560, 0.4168041, 1.065552, 6.4830394, 0.54179156] 2.771816 0.90706015 0.83643323 1.1657975
[1561, 0.48774338, 0.98299867, 7.6914797, 0.46587917] 2.233805 1.0707144 0.98158664 1.3526155
[1562, 0.36422366, 1.0427531, 8.2246895, 0.60510755] 2.4495158 1.0615143 0.84303474 1.2988696
[1563, 0.4945313, 1.0017405, 5.2280965, 0.56259984] 2.667495 1.0959898 0.94620764 1.2205894
[1564, 0.5255381, 0.9878894, 5.958185, 0.62493] 2.6397257 0.9556444 1.0083094 1.2373967
[1565, 0.3633806, 1.0551392, 8.009014, 0.48124984] 2.4970195 0.84730375 0.7700826 1.3936121
[1566, 0.48224142, 1.0260015, 5.083993, 0.5399151] 2.8719563 0.90176564 0.86760134 1.1926423
[1567, 0.5034839, 0.9543591, 7.54686, 0.46830612] 2.307537 1.0367042 0.9431336 1.3793026
[1568, 0.45267197, 1.0465333, 5.7367907, 0.47561035] 2.6290536 0.7353586 1.0261074 1.3156872
[1569, 0.53773516, 0.9697641, 5.8837786, 0.49969533] 2.7242863 0.9363565 0.8867321 1.24655
[1570, 0.38467702, 1.0460794, 7.619439, 0.5898283] 2.467899 0.96448106 0.9053236 1.3040639
[1571, 0.48682773, 1.0188639, 5.4915495, 0.5957696] 2.725628 0.94999963 0.93416697 1.187144
[1572, 0.5322671, 1.0130625, 3.627815, 0.5149292] 2.8758705 0.87488216 0.94579715 1.464659
[1573, 0.5313192, 1.0013783, 4.6902556, 0.5486578] 2.883791 0.9225301 0.88682485 1.196036
[1574, 0.5169139, 0.9969295, 6.208302, 0.5066463] 2.7504377 0.9149386 0.7930178 1.3088318
[1575, 0.4855026, 1.0586132, 3.455516, 0.5542169] 2.9902399 0.9203404 0.9559733 1.3215652
[1576, 0.49812582, 1.0502295, 3.3115246, 0.60728955] 3.019882 0.92043084 0.9181609 1.3256412
[1577, 0.4006269, 1.1823423, 2.808623, 0.7811752] 3.2379384 0.8846258 0.91239494 1.2950441
[1578, 0.5302745, 0.8751603, 5.4505258, 0.20681353] 2.0500262 0.9496963 1.0867897 1.4513224
[1579, 0.45173794, 1.0277818, 6.735373, 0.46700072] 2.6588693 0.91485167 0.9490721 1.2161847
[1580, 0.55017424, 0.9617849, 5.746755, 0.49125236] 2.5597653 0.85435104 0.93020153 1.4619114
[1581, 0.39672512, 1.0132804, 7.2761354, 0.36787608] 2.4260395 0.9540198 0.9810246 1.1493394
[1582, 0.43933362, 1.0369141, 6.534239, 0.52962494] 2.5641205 0.9279539 1.0283353 1.3118335
[1583, 0.4839569, 1.0044998, 6.3728056, 0.48008227] 2.4969728 0.993933 0.97397405 1.3504832
[1584, 0.49347106, 0.99930096, 4.981122, 0.48652914] 2.6120348 0.98456657 1.0816562 1.3516088
[1585, 0.533301, 0.9517614, 7.108661, 0.43158084] 2.625216 0.80223584 0.97173846 1.1168786
[1586, 0.45418754, 1.0215366, 6.089007, 0.51667875] 2.7443297 0.9180018 0.8669835 1.2454922
[1587, 0.5566879, 0.9670881, 5.08073, 0.4008197] 2.7059305 0.98729295 0.9297365 1.3778598
[1588, 0.5172395, 1.014128, 5.337777, 0.53568447] 2.689206 0.9136564 0.9580494 1.3284109
[1589, 0.5419451, 0.947503, 7.6364837, 0.47094238] 2.4706247 0.9316628 0.9739371 1.219951
[1590, 0.55521894, 0.9926448, 4.3242, 0.6604] 2.708341 0.9537031 1.0746777 1.4938158
[1591, 0.45397788, 1.025193, 7.1574373, 0.56202173] 2.4646523 1.1048875 0.9494275 1.3128555
[1592, 0.36789873, 1.0305631, 7.065448, 0.45235017] 2.4694614 0.90978104 0.9901346 1.2753448
[1593, 0.51920414, 0.97132146, 6.4523177, 0.56222] 2.510436 0.97218347 0.91952294 1.4238132
[1594, 0.5105276, 0.9899068, 5.6683927, 0.47366795] 2.643003 0.91285044 1.0015469 1.3159345
[1595, 0.55720025, 0.9643137, 4.830088, 0.54092187] 2.8460968 0.90553194 1.0422405 1.0260739
[1596, 0.5351287, 0.9938617, 4.337624, 0.48330325] 2.8551161 0.964657 0.9448628 1.2732571
[1597, 0.4419392, 1.0325912, 7.4911494, 0.52705693] 2.6203308 0.9063206 0.999708 1.1044956
[1598, 0.5247233, 1.013386, 5.8602176, 0.7087023] 2.693765 1.0554574 0.8894466 1.2765518
[1599, 0.44894066, 1.0141088, 6.7337008, 0.3932493] 2.473757 0.95249814 0.971232 1.2822992
[1600, 0.44979668, 0.97738504, 7.68013, 0.41877937] 2.2561316 1.0318195 0.96647084 1.269668
[1601, 0.55766153, 0.9616664, 4.335736, 0.5019026] 2.7037911 0.9538555 1.0166929 1.3914632
[1602, 0.3727702, 1.0182384, 7.971328, 0.49299043] 2.3941948 1.0168649 0.83137643 1.2870606
[1603, 0.56387025, 0.98874605, 3.8434048, 0.5312651] 3.0164526 0.80802697 0.94745916 1.2113593
[1604, 0.44360387, 1.0367427, 6.4202547, 0.4991696] 2.66948 1.0204859 0.9580238 1.089408
[1605, 0.38001484, 1.0589275, 6.953572, 0.59906095] 2.6232877 0.903154 0.7621391 1.3676066
[1606, 0.5725519, 0.984445, 4.1833673, 0.48190817] 2.8658195 0.97771966 0.9888847 1.2270755
[1607, 0.50948495, 0.9919229, 6.108405, 0.48744982] 2.6329236 0.9545052 0.9781154 1.2097199
[1608, 0.48855662, 1.072568, 3.4243872, 0.55141395] 3.0341399 0.97666794 0.8459503 1.3716303
[1609, 0.5247802, 0.9654552, 6.2702594, 0.43184078] 2.3396945 1.098835 1.0903136 1.4408106
[1610, 0.4637688, 1.0375955, 7.0215006, 0.4256215] 2.3295228 1.0017937 1.0826372 1.494353
[1611, 0.44544286, 1.0494186, 5.663913, 0.50993145] 2.677583 0.99239874 0.90113324 1.2771461
[1612, 0.42305607, 1.0204884, 7.6254363, 0.47789752] 2.5637765 0.93082446 0.9807567 1.0481714
[1613, 0.4561346, 1.0266123, 6.431445, 0.50028354] 2.5023215 0.9065204 0.96705526 1.3930677
[1614, 0.4031624, 1.0377257, 7.5537477, 0.41056928] 2.2769735 1.0138874 1.1120535 1.3794497
[1615, 0.44380033, 1.0312622, 6.8203835, 0.6461199] 2.670724 0.956436 0.9007629 1.1090504
[1616, 0.5024353, 1.0105716, 5.69987, 0.44998795] 2.620625 0.990866 1.0837457 1.2772776
[1617, 0.5414231, 0.87982863, 6.49115, 0.3514763] 2.0784526 1.0983279 1.1086425 1.3251817
[1618, 0.50255, 0.9978444, 6.2374854, 0.39110988] 2.632854 0.8768614 1.0171616 1.2474356
[1619, 0.48309156, 1.0463678, 4.0817904, 0.5425787] 2.8390632 0.9760983 0.93858206 1.3064682
[1620, 0.39647374, 1.0650103, 6.4405794, 0.609497] 2.653317 0.8947716 0.85665804 1.3310616
[1621, 0.56761956, 1.0154582, 2.7211986, 0.5443271] 3.0656562 0.9492602 1.0045131 1.2726529
[1622, 0.47175288, 1.0408024, 6.0682697, 0.5835705] 2.7791824 0.96883786 0.9135613 1.08904
[1623, 0.42339027, 1.0304112, 7.77863, 0.56377137] 2.415175 0.9344643 1.046425 1.2918564
[1624, 0.47650498, 1.0544579, 3.4418516, 0.5353813] 2.8944564 0.9519128 0.9768367 1.4165659
[1625, 0.40821084, 1.0450673, 7.3940725, 0.46165395] 2.4367836 0.9651349 0.98043174 1.3510216
[1626, 0.47373876, 1.03062, 5.4863486, 0.4873211] 2.7435582 0.9301026 1.0083572 1.2125518
[1627, 0.51026374, 0.9951652, 6.941965, 0.6162904] 2.484898 0.8996352 1.0607656 1.3646057
[1628, 0.49239722, 1.0362984, 4.911665, 0.5076497] 2.9522326 0.824342 0.6883712 1.3474152
[1629, 0.3158645, 1.0302473, 7.9230394, 0.47055438] 2.3292165 1.1378711 0.8520951 1.1959646
[1630, 0.50822353, 1.0535196, 3.5232356, 0.504532] 3.0381212 1.068881 0.9304897 1.1266259
[1631, 0.49846977, 1.0162296, 4.645058, 0.5299268] 2.855263 0.8835825 0.9696013 1.1836181
[1632, 0.3371846, 1.0596609, 7.835451, 0.45796323] 2.34637 0.9935728 0.9692832 1.3254819
[1633, 0.45728296, 1.0366355, 6.0207863, 0.4871488] 2.6421254 0.8513709 0.8908579 1.3517588
[1634, 0.47075048, 1.051136, 3.826199, 0.55598414] 2.971854 0.9901474 0.9810887 1.1370251
[1635, 0.44998986, 1.0257436, 7.4242697, 0.56409967] 2.4648309 1.0038024 0.9287517 1.4116677
[1636, 0.50045836, 1.012765, 6.610156, 0.48715803] 2.6599772 1.0443795 0.9796438 1.0564722
[1637, 0.5082363, 0.9739046, 6.0761504, 0.50887096] 2.726574 1.0002999 0.91284835 1.1747711
[1638, 0.4376587, 0.96350604, 7.2651935, 0.34062004] 2.3199575 0.8369337 0.9864284 1.2161978
[1639, 0.56534964, 0.96534896, 4.9703116, 0.65885705] 2.7611446 0.9867956 1.0151125 1.1705583
[1640, 0.5140099, 1.0074358, 4.910049, 0.5133759] 2.707099 0.85909003 1.0524744 1.359683
[1641, 0.46726975, 1.0761677, 3.0978417, 0.5649804] 3.0076923 0.9007982 0.94067985 1.4555737
[1642, 0.50471574, 1.0335332, 6.0291004, 0.68649626] 2.7202952 0.86677164 1.0038635 1.236069
[1643, 0.542781, 0.9994223, 4.869504, 0.7211515] 2.7211607 0.9321125 1.0149956 1.3273664
[1644, 0.46152467, 1.0141765, 7.30921, 0.4327899] 2.495625 1.1656649 0.9187754 1.1427283
[1645, 0.4125524, 1.0539682, 6.7089067, 0.46615955] 2.5875819 0.8588388 0.9423267 1.3337626
[1646, 0.5447815, 1.0096714, 3.6973584, 0.6213252] 2.8560638 1.0539927 0.91671324 1.3014116
[1647, 0.36915648, 1.045989, 7.0534782, 0.41826004] 2.446253 1.0723178 0.88840216 1.1771477
[1648, 0.45124254, 1.039964, 5.5498133, 0.49889296] 2.6568866 0.9789148 0.9969886 1.2094765
[1649, 0.45709458, 0.9382763, 6.7450824, 0.29992348] 2.218608 1.0130432 1.0189204 1.1314162
[1650, 0.4410369, 1.0044466, 6.5329, 0.4429308] 2.3943014 0.98010576 1.0600626 1.3165476
[1651, 0.49899754, 1.0020753, 6.735733, 0.41534165] 2.6356108 0.94308865 0.8281704 1.2915131
[1652, 0.39969274, 1.0740954, 6.1713495, 0.4936912] 2.6666682 0.9891574 0.94372094 1.2604588
[1653, 0.5202642, 0.97205985, 4.926749, 0.43022853] 2.8277292 1.0176876 0.74894166 1.2509767
[1654, 0.5653385, 0.9724564, 4.525755, 0.5205503] 2.7395937 1.0718331 0.93346107 1.286778
[1655, 0.49258485, 1.0364647, 5.0935535, 0.48396006] 2.750096 1.125292 0.9544606 1.0841209
[1656, 0.44230363, 1.0453768, 6.3367405, 0.73009837] 2.6314387 0.98152983 0.94940656 1.2873751
[1657, 0.41755056, 1.0469507, 7.61609, 0.60322213] 2.4634528 0.9629344 0.9636308 1.349691
[1658, 0.4659891, 0.9996265, 7.199468, 0.5141214] 2.6166549 0.9974921 0.83364844 1.0850565
[1659, 0.42204043, 1.0207639, 7.6982455, 0.39846632] 2.4194388 0.9830298 0.8423057 1.3794864
[1660, 0.5671692, 0.95450824, 4.869462, 0.43222156] 2.8389387 0.8980903 0.7844781 1.3336978
[1661, 0.52660507, 1.0047925, 6.497989, 0.5444271] 2.7125914 0.74521047 0.91356665 1.3606315
[1662, 0.5308066, 0.99558944, 3.9823053, 0.5124575] 2.919906 0.9267222 0.9383237 1.2242374
[1663, 0.5177469, 1.0052009, 5.532139, 0.3632188] 2.723472 0.8332662 0.92917925 1.3738313
[1664, 0.5107247, 1.028147, 4.402589, 0.41429693] 2.8043082 1.0093632 0.9683948 1.3106681
[1665, 0.55059373, 1.0051416, 4.188263, 0.6153399] 2.8483799 1.0531956 0.97265464 1.1805907
[1666, 0.5651704, 0.97846854, 4.2559986, 0.64399916] 2.911619 0.971615 1.0359422 1.0727967
[1667, 0.481657, 1.0678072, 3.263645, 0.5650394] 3.1479323 0.74934006 0.82519305 1.426083
[1668, 0.4612273, 0.97226584, 7.736361, 0.4805729] 2.3480787 0.8292359 0.90265983 1.3524705
[1669, 0.46056154, 1.02136, 6.385072, 0.4126608] 2.6360815 0.97943884 0.97887236 1.1280701
[1670, 0.5125625, 1.0553669, 3.6478333, 0.55536425] 2.8394802 0.9994271 0.9125201 1.5062976
[1671, 0.51910275, 1.0185552, 4.157106, 0.53631705] 2.9367785 0.961468 0.8653614 1.2214779
[1672, 0.45673844, 1.044254, 6.642449, 0.6347811] 2.6351337 0.9519884 0.9128251 1.2637337
[1673, 0.51407874, 1.0050892, 5.0530376, 0.60371745] 2.7101138 0.8591125 1.1557741 1.2075671
[1674, 0.47294128, 1.003407, 6.588169, 0.56849986] 2.5210624 0.9668932 0.9037023 1.3317353
[1675, 0.5180921, 0.9235641, 6.3956323, 0.3252047] 2.3107495 1.0440774 1.0398949 1.0579442
[1676, 0.54841715, 0.99327064, 3.5680442, 0.5687113] 3.0199358 1.0718501 0.823636 1.0737612
[1677, 0.5149766, 1.0015104, 4.2800994, 0.641316] 2.9240048 0.8686982 0.93235004 1.2676731
[1678, 0.4349504, 1.0382752, 4.7978625, 0.55961] 2.7501874 1.0074619 0.9713022 1.229391
[1679, 0.46904653, 1.0308232, 5.2230453, 0.438978] 2.804096 0.95937663 0.8754905 1.1472598
[1680, 0.5608568, 1.0077887, 3.5539403, 0.4435254] 2.9334245 0.8583698 0.9118494 1.4848738
[1681, 0.47573295, 1.000836, 7.028064, 0.46400937] 2.3506317 1.0090258 1.1014034 1.2603366
[1682, 0.4310807, 1.0061625, 7.481201, 0.31549954] 2.488172 1.0581212 0.89896274 1.1995829
[1683, 0.50125253, 1.0589392, 3.928665, 0.5308571] 3.015995 0.93673456 0.8894472 1.1370605
[1684, 0.43676808, 1.0670495, 5.7233663, 0.56248885] 2.6654418 0.9804248 1.1256466 1.1598848
[1685, 0.49623638, 1.0073397, 5.6885986, 0.5178589] 2.8071826 0.8480889 0.8961557 1.1943622
[1686, 0.55841947, 0.95592165, 5.818304, 0.7171102] 2.689819 1.133008 0.9103494 1.1106929
[1687, 0.6498815, 0.8156379, 6.460709, 0.2863942] 2.4656816 1.1149031 0.88880575 0.96354747
[1688, 0.4936443, 0.99743444, 5.793824, 0.622016] 2.7524035 0.8833816 0.80235916 1.335007
[1689, 0.5027512, 0.97036433, 7.203174, 0.39467245] 2.5405638 0.9735277 0.91967356 1.208984
[1690, 0.42832017, 1.0396243, 7.163491, 0.46249285] 2.5221446 0.93124545 1.0407097 1.2809885
[1691, 0.46828791, 0.98442465, 7.7566347, 0.45726848] 2.3860462 1.14361 0.98033005 1.1128649
[1692, 0.48874533, 1.0157406, 5.944839, 0.517662] 2.7007544 1.0091069 1.039126 1.1795183
[1693, 0.5375559, 0.9928535, 4.719886, 0.5627412] 2.9225554 0.7942075 0.92393214 1.1901528
[1694, 0.46786845, 1.0396748, 3.6348386, 0.5100069] 2.801906 0.9698805 0.8736464 1.4537716
[1695, 0.44269204, 1.0349528, 7.043629, 0.62593037] 2.5042007 1.0339124 1.01886 1.1362569
[1696, 0.43303812, 1.0590712, 4.763148, 0.78018975] 2.8274248 0.82654357 0.90146154 1.3464025
[1697, 0.53885406, 0.97069216, 6.7148232, 0.65075254] 2.5953128 1.0304258 1.0238515 1.1513641
[1698, 0.47399807, 1.0392827, 5.579901, 0.6962557] 2.747023 0.89611304 0.96899563 1.2274576
[1699, 0.47027898, 0.9545936, 8.12555, 0.55937505] 2.1541648 1.026625 0.9914062 1.4788245
[1700, 0.60024905, 0.9700585, 3.970173, 0.54201865] 3.033887 0.9003811 0.92046714 1.101159
[1701, 0.430297, 1.0377637, 6.7741575, 0.5512185] 2.5527267 0.97048527 0.9589902 1.3550566
[1702, 0.5659124, 0.9899142, 3.9186375, 0.46297336] 2.9036088 0.9649611 1.0753187 1.1798033
[1703, 0.45983118, 1.0239462, 7.8306866, 0.542752] 2.4234943 1.0349602 0.8322698 1.4481374
[1704, 0.45975378, 1.0141109, 8.280642, 0.5099504] 2.3520436 0.9728503 0.86616653 1.4528315
[1705, 0.4279132, 1.0324852, 6.876225, 0.7096766] 2.5957794 0.9668801 0.9266782 1.2847091
[1706, 0.5682594, 0.9733173, 3.752582, 0.4200009] 3.0246432 0.78137285 0.9453976 1.2173337
[1707, 0.42768976, 1.0504973, 6.1937547, 0.7558873] 2.6116214 0.9412682 0.98255855 1.3218921
[1708, 0.47224632, 1.0323383, 6.5761642, 0.5094057] 2.4493942 0.94054407 0.8906551 1.6148977
[1709, 0.5131462, 0.9795049, 7.088678, 0.6494533] 2.7015667 0.8917122 0.88234395 1.1774579
[1710, 0.44310012, 0.9704243, 6.9950104, 0.29795375] 2.2251174 1.021938 0.91444135 1.3515117
[1711, 0.5156135, 1.0261004, 4.4412055, 0.50541604] 2.8645086 1.0239025 0.8694769 1.1981472
[1712, 0.5459611, 0.9812218, 4.955177, 0.39609972] 2.6751873 1.0896465 0.99756634 1.2850945
[1713, 0.5739089, 0.9621019, 5.4004993, 0.5333363] 2.8319147 1.0317682 0.90252477 0.9790381
[1714, 0.55092084, 1.0203547, 3.781244, 0.57719845] 3.0613706 0.81862617 0.88793033 1.2097974
[1715, 0.46419477, 1.0221797, 7.8152103, 0.41406757] 2.3527975 0.92897534 1.003888 1.4271926
[1716, 0.42653513, 1.0185086, 7.765916, 0.45682213] 2.2869453 0.99926 1.018993 1.3519942
[1717, 0.5558637, 0.9890494, 4.0535755, 0.612615] 2.9408014 0.99493176 0.88142866 1.172954
[1718, 0.5413536, 1.0060763, 4.5485773, 0.5561344] 2.9595163 0.9295356 0.82757235 1.1765108
[1719, 0.486001, 1.0266415, 5.1896315, 0.55652297] 2.6732922 1.0948092 0.9494998 1.2987939
[1720, 0.44767487, 1.0860484, 3.4052663, 0.61229146] 3.1333814 0.9547726 0.8252823 1.2265835
[1721, 0.53213716, 1.0254773, 3.7974358, 0.5286437] 2.9392054 0.95552975 1.0249618 1.1873335
[1722, 0.53977865, 0.99076647, 5.0413675, 0.53442293] 2.8231673 0.962571 0.93852293 1.1921508
[1723, 0.5361105, 0.8870514, 6.8300557, 0.31610602] 2.3072073 1.0166934 0.94920295 1.1138331
[1724, 0.43502516, 0.9946936, 7.592602, 0.44326666] 2.53664 0.88687795 0.9094041 1.1754324
[1725, 0.52351105, 0.8714134, 6.251127, 0.24576299] 2.128827 1.0041127 0.91957647 1.3776851
[1726, 0.49091634, 1.0138701, 5.1395144, 0.5271397] 2.6509283 1.0884832 1.0564711 1.2529136
[1727, 0.5015757, 1.0173006, 5.1546526, 0.48910183] 2.7927096 0.7737141 0.9636942 1.3379508
[1728, 0.50076425, 1.0168304, 6.1061, 0.616629] 2.7871807 0.8711049 0.7121132 1.367484
[1729, 0.5911506, 0.9322142, 4.3282475, 0.42779914] 3.0537322 0.81312656 0.88218665 1.0430111
[1730, 0.51985127, 0.99837095, 5.717056, 0.6175166] 2.7434924 0.86730164 0.87474585 1.2807678
[1731, 0.42526504, 1.0126455, 7.226145, 0.37187132] 2.417942 0.8088075 1.017157 1.3543007
[1732, 0.51778823, 0.98886865, 6.3644543, 0.37246493] 2.5813496 0.9932101 0.7643856 1.425227
[1733, 0.5472862, 0.9812499, 4.528622, 0.5180172] 2.8272593 1.011496 0.82133394 1.2624918
[1734, 0.48866066, 1.0104454, 6.252803, 0.5290848] 2.6624963 0.9418257 0.94816804 1.3173723
[1735, 0.41617927, 1.0020814, 8.045861, 0.4966177] 2.4059992 0.9035075 0.9392024 1.2933357
[1736, 0.33322492, 1.0947973, 7.1886945, 0.53016907] 2.5049481 1.0241747 0.9937013 1.2727941
[1737, 0.42901316, 1.0264783, 7.515541, 0.44669488] 2.417604 0.9529646 1.0694184 1.1874624
[1738, 0.4555335, 1.009933, 7.213188, 0.48123065] 2.5200143 1.0433028 0.7694869 1.2534031
[1739, 0.53446084, 0.99995375, 4.6747613, 0.4998551] 2.803454 0.9657871 0.9776513 1.3181834
[1740, 0.47845188, 1.0036631, 7.2197084, 0.57625645] 2.645017 0.81203 1.0088829 1.1700778
[1741, 0.5645926, 0.96395975, 4.973677, 0.39451304] 2.652463 0.96793 0.98439187 1.2563434
[1742, 0.3708818, 1.0752981, 6.328317, 0.49156624] 2.66829 0.873901 0.9170748 1.2379068
[1743, 0.45262924, 0.98843074, 7.0466604, 0.42846176] 2.2932951 1.0155942 0.96756613 1.3786926
[1744, 0.35050198, 1.1297294, 3.9644299, 0.61582136] 2.9393237 0.9610752 0.9018763 1.2561144
[1745, 0.3308854, 1.0965365, 7.298434, 0.5172341] 2.5698676 0.91450644 0.9278537 1.3604053
[1746, 0.5580328, 0.9836181, 4.278618, 0.44417027] 2.7869987 0.8848585 0.98857653 1.389148
[1747, 0.4500494, 1.0494534, 6.177974, 0.5677736] 2.70179 0.90875506 0.8812498 1.2369484
[1748, 0.52844965, 1.0072947, 4.809691, 0.5701287] 2.8245993 0.93329227 0.9509045 1.1403936
[1749, 0.4612319, 1.0261528, 6.4434676, 0.3502938] 2.6842449 0.93534094 0.9439745 1.1775945
[1750, 0.5428243, 0.98061836, 4.679982, 0.5304109] 2.74945 1.0309613 0.93409693 1.3558693
[1751, 0.51421195, 0.9679299, 5.0450377, 0.45688763] 2.6545582 0.97598344 0.98656964 1.301731
[1752, 0.57186496, 0.9710863, 4.994367, 0.47908077] 2.7940629 0.9684532 0.9577763 1.2349724
[1753, 0.42018348, 1.0317259, 7.783657, 0.41990697] 2.4001284 1.1087599 1.0530449 1.2441603
[1754, 0.4673941, 1.0093355, 7.383703, 0.59775925] 2.5749474 0.9421427 0.88541573 1.2556022
[1755, 0.49991894, 1.0175408, 5.175556, 0.46495134] 2.7081454 0.8983388 0.8885399 1.4755157
[1756, 0.49043164, 1.0254024, 4.9770913, 0.49908668] 2.6495748 1.0323814 0.9383193 1.3847573
[1757, 0.5310225, 1.0075905, 4.758118, 0.51984483] 2.9093263 0.9688766 0.82462364 1.157614
[1758, 0.43122447, 1.0061806, 8.225594, 0.48537967] 2.4395468 0.93710726 1.005489 1.1386322
[1759, 0.45569527, 1.0154135, 7.0446186, 0.44052082] 2.2908752 1.0022213 1.0723817 1.3535528
[1760, 0.44990462, 1.0334615, 6.469439, 0.51413745] 2.466495 0.93859094 1.0180088 1.4488795
[1761, 0.43389958, 1.043862, 5.826578, 0.778484] 2.7573984 0.84825176 0.84793186 1.1663771
[1762, 0.46882975, 1.0177613, 5.977441, 0.9574044] 2.5917377 0.9629853 0.97200835 1.3034632
[1763, 0.54695505, 0.98363274, 6.411821, 0.6478239] 2.6679943 1.0133872 0.9438344 1.1085895
[1764, 0.46624568, 0.97729856, 7.5362015, 0.48416278] 2.5198157 1.0057021 0.94983774 1.0852095
[1765, 0.4077133, 1.0402468, 7.1631694, 0.45662737] 2.5879047 1.0106095 0.96069056 1.0781732
[1766, 0.41211012, 1.0214554, 8.189845, 0.47554657] 2.3756356 0.9413719 0.9459559 1.3441147
[1767, 0.51182055, 0.98487407, 4.967004, 0.62805015] 2.5681689 1.0891675 1.0529919 1.3652234
[1768, 0.5364165, 0.9737, 5.71109, 0.5058066] 2.5634212 1.1148471 0.9532678 1.2632161
[1769, 0.43963873, 1.0244216, 6.602422, 0.40119788] 2.499035 0.9786009 0.88407964 1.1800041
[1770, 0.4626775, 1.0276905, 5.7051005, 0.5162548] 2.6933477 1.0278018 0.95497185 1.1755047
[1771, 0.40130767, 1.0737319, 6.352838, 0.59183985] 2.6819735 0.90141135 0.93226343 1.3525138
[1772, 0.53181475, 0.98630387, 5.116116, 0.6003368] 2.9069817 0.8120361 0.9111033 1.1806333
[1773, 0.57589453, 0.96240056, 4.4189777, 0.52516276] 2.811945 0.9110176 0.97491896 1.3172741
[1774, 0.61534715, 0.9197887, 4.152165, 0.5069696] 2.8871913 0.8752336 0.87488425 1.3802212
[1775, 0.47626603, 0.9975166, 6.1641793, 0.5557294] 2.5187578 0.9873382 0.96663064 1.3111644
[1776, 0.53291965, 1.0064075, 5.134891, 0.5669143] 2.7666125 0.91511947 0.9883056 1.2834282
[1777, 0.45818946, 1.0072422, 8.186792, 0.5469652] 2.3318348 0.9663522 1.0272883 1.377774
[1778, 0.59771687, 0.9672115, 4.2762227, 0.45458835] 2.8030035 0.8891495 0.95076805 1.3718863
[1779, 0.46174338, 0.9969258, 6.190686, 0.5412812] 2.5265114 1.0294399 0.97698003 1.3081673
[1780, 0.44413334, 1.0597645, 4.643661, 0.5973228] 2.8557363 1.0931222 0.82480216 1.186605
[1781, 0.5029425, 0.9948742, 5.922556, 0.66866124] 2.6817095 0.95225555 0.8988785 1.2722828
[1782, 0.45122802, 0.9659252, 7.8902864, 0.3876278] 2.328885 0.9692316 0.983756 1.2083936
[1783, 0.4622685, 1.0303227, 5.794106, 0.46383664] 2.4517596 1.0019085 1.076179 1.4422026
[1784, 0.5264399, 0.98962456, 5.728672, 0.58532816] 2.6526484 0.9553517 1.0620818 1.1964469
[1785, 0.5535269, 0.97461736, 5.5982766, 0.7369021] 2.7163775 0.83335966 0.9383533 1.3435751
[1786, 0.47909385, 1.0261699, 5.893785, 0.47729504] 2.6634498 0.9892137 1.0221572 1.1265938
[1787, 0.4279133, 1.0003699, 8.065239, 0.53925085] 2.2580838 1.0104318 0.99902177 1.2944616
[1788, 0.49783117, 0.99157494, 6.1231623, 0.75543374] 2.6076484 1.0894034 0.9206963 1.266147
[1789, 0.4354739, 1.0594233, 6.938578, 0.77284527] 2.5462348 1.0057155 0.84584665 1.376989
[1790, 0.43102658, 1.0631784, 5.840899, 0.53014654] 2.670234 0.9167042 1.0158778 1.3376496
[1791, 0.51017666, 0.98702556, 7.2899284, 0.45232671] 2.6064293 1.1440173 0.84930503 0.9963061
[1792, 0.50448817, 0.9938318, 6.527791, 0.6054727] 2.5936217 0.96347755 0.8494838 1.4360034
[1793, 0.44089824, 1.0506374, 4.912212, 0.53400314] 2.7555919 0.889181 1.0103275 1.2701699
[1794, 0.52807176, 0.99381894, 4.744284, 0.5567271] 2.6434338 1.0654038 0.9906519 1.338774
[1795, 0.4869837, 0.9987963, 7.857047, 0.5207679] 2.4606786 1.0853437 0.8956245 1.2096099
[1796, 0.40188998, 1.0194448, 6.4320827, 0.3772198] 2.6154633 0.77260786 0.98559606 1.2548476
[1797, 0.37851664, 1.0084633, 7.413252, 0.35751018] 2.3271742 0.8735919 1.018794 1.2700865
[1798, 0.45547175, 1.0356592, 5.4584904, 0.5704422] 2.8064985 0.99206436 0.93706405 1.1214266
[1799, 0.49393418, 1.013996, 6.5921106, 0.57224405] 2.559864 0.8559834 1.0791662 1.2827324
[1800, 0.4165634, 0.97676486, 7.075832, 0.31256366] 2.2251713 1.1421707 0.94942766 1.2337703
[1801, 0.426032, 1.0503064, 7.311562, 0.5805587] 2.6369095 0.9706484 0.8382543 1.3046602
[1802, 0.50657314, 0.9922381, 5.846541, 0.53149223] 2.6873093 0.9407982 0.87499356 1.2805616
[1803, 0.4984912, 0.9990579, 6.7329636, 0.41883075] 2.546712 0.9296772 0.9930324 1.1983432
[1804, 0.5405113, 0.97047603, 5.571986, 0.50395703] 2.7357662 0.94763255 0.9697833 1.1996446
[1805, 0.5880145, 0.9373728, 4.299814, 0.5651183] 3.018808 0.9694722 0.98302394 0.94013673
[1806, 0.4289204, 1.0140865, 7.699876, 0.50129986] 2.3499248 1.0767968 1.0093852 1.2998422
[1807, 0.46911785, 1.0154043, 6.8636, 0.43952805] 2.644235 0.83649904 0.902424 1.2546244
[1808, 0.50236946, 0.9923376, 7.2336736, 0.52619517] 2.4565098 1.1288731 0.977719 1.2805653
[1809, 0.3704585, 1.0223666, 8.211267, 0.4392826] 2.331131 1.0229571 0.95074487 1.1978285
[1810, 0.55009556, 1.0024962, 4.4975986, 0.5630373] 2.7842746 1.0544702 0.9979038 1.2398645
[1811, 0.42925882, 1.0319334, 7.541661, 0.55572736] 2.4415994 1.01991 0.96712506 1.3337573
[1812, 0.45423317, 0.9991615, 7.716182, 0.40212762] 2.4673734 0.92440385 0.99640626 1.1974463
[1813, 0.48116988, 0.98457634, 7.555523, 0.39304286] 2.5543303 0.92349213 0.85283715 1.1955253
[1814, 0.45145273, 1.0101678, 7.5514293, 0.45656192] 2.6641338 0.8551985 0.76446086 1.191117
[1815, 0.6073833, 0.9516333, 4.9135385, 0.64209527] 2.7120075 0.95577264 0.9640193 1.5024753
[1816, 0.4199796, 1.0390396, 7.2507386, 0.47884697] 2.3899856 0.91813684 1.0316024 1.4542664
[1817, 0.46295962, 1.0390271, 5.380141, 0.5872407] 2.8830976 0.82460344 0.93832535 1.1461476
[1818, 0.6190316, 0.95523536, 4.6381464, 0.5246125] 2.6307158 0.9890478 0.9707882 1.588963
[1819, 0.55640167, 1.0038867, 4.101488, 0.6270952] 3.0697618 1.0395201 0.87315226 1.0342256
[1820, 0.5322592, 0.9792948, 5.7952366, 0.527371] 2.5728269 1.0489697 0.9627153 1.2880471
[1821, 0.4777147, 1.0184397, 5.7011833, 0.54128975] 2.830257 0.95439297 0.82969904 1.135857
[1822, 0.4429915, 1.0006435, 7.9340744, 0.47328472] 2.3858173 1.1398299 0.91429013 1.155569
[1823, 0.51688784, 0.97729427, 6.919573, 0.49658653] 2.6424074 0.93730503 1.025896 1.0736669
[1824, 0.5221519, 0.99640006, 6.209771, 0.6875934] 2.8101869 0.9677751 0.9433895 0.95261014
[1825, 0.56470823, 0.95302725, 6.6177373, 0.6009943] 2.7424176 0.8599277 0.8172502 1.2710832
[1826, 0.43522727, 1.0215963, 6.860692, 0.4692792] 2.4421434 0.9549177 0.91017 1.3725446
[1827, 0.498793, 1.0327744, 3.908882, 0.44823658] 2.930468 0.8294754 0.96494937 1.2616477
[1828, 0.49485838, 1.0108414, 5.658581, 0.5922658] 2.8463807 0.91218925 0.89495045 1.1592432
[1829, 0.41760457, 1.0506539, 6.403186, 0.8351104] 2.6379251 0.96647996 0.9053051 1.3398006
[1830, 0.53081477, 0.9533913, 7.138097, 0.5717453] 2.290216 0.93504065 1.0422701 1.5181773
[1831, 0.4233609, 1.038371, 6.2223635, 0.5334098] 2.6072235 0.87274736 0.903118 1.3231418
[1832, 0.40848255, 1.0046128, 7.436045, 0.35846192] 2.2373056 1.1184626 1.010329 1.3124244
[1833, 0.5295885, 0.9698989, 6.704304, 0.53343034] 2.267979 1.0600129 1.149437 1.4183326
[1834, 0.52296054, 0.99768156, 4.967851, 0.52234197] 2.6787372 1.0967191 0.99103254 1.2523792
[1835, 0.6120022, 0.9282923, 4.154954, 0.5500698] 2.7495713 0.9085565 0.8844526 1.464465
[1836, 0.45030847, 1.0543506, 7.25094, 0.58892006] 2.424886 0.95885986 1.0354455 1.4421657
[1837, 0.47101513, 1.0096753, 4.939511, 0.43635407] 2.7433336 0.959701 1.0039262 1.2504938
[1838, 0.45618558, 1.019175, 6.49038, 0.47532246] 2.4035554 1.0702811 1.0820256 1.2851039
[1839, 0.5168932, 0.8974767, 6.9916234, 0.37577245] 2.2920244 0.9572513 0.85015994 1.2468541
[1840, 0.53258896, 0.9705282, 5.5422754, 0.506747] 2.6023283 0.93720496 0.8653976 1.4363476
[1841, 0.44137055, 1.0362432, 5.1276016, 0.5760754] 2.7663314 0.93041223 1.0198029 1.1920253
[1842, 0.49139893, 1.0164806, 4.7226915, 0.5738869] 2.7240438 0.864106 1.0093342 1.376278
[1843, 0.45165887, 1.0734606, 4.2041893, 0.61088586] 3.0008132 0.7388595 0.9106122 1.3085232
[1844, 0.47601855, 1.0259925, 7.8031964, 0.5872424] 2.5608077 1.1266927 0.8534391 1.1736915
[1845, 0.46133208, 1.0295715, 7.0377607, 0.568533] 2.5011046 0.9503583 0.9025107 1.457111
[1846, 0.46591458, 0.97042006, 7.290852, 0.39434728] 2.1072793 1.0452422 1.1119875 1.4482516
[1847, 0.5186751, 1.0247244, 4.287255, 0.5576379] 2.868218 0.9478182 0.77415526 1.3992039
[1848, 0.5137524, 0.98940223, 6.0387187, 0.51160854] 2.7146666 0.982727 0.89893985 1.2136354
[1849, 0.53297484, 0.9751636, 6.7883534, 0.5077982] 2.7027524 0.97828966 1.0386723 0.9662501
[1850, 0.4044847, 1.0347608, 6.93232, 0.4086163] 2.6607635 0.96154916 0.8213852 1.1802405
[1851, 0.4281395, 0.96815187, 7.72661, 0.431838] 2.3615434 0.9856467 0.873808 1.1876163
[1852, 0.4605795, 1.0498635, 5.5380473, 0.59285414] 2.561244 1.044515 1.0278752 1.4185963
[1853, 0.5185871, 0.9843033, 5.2604465, 0.5391909] 2.6995935 0.9404735 1.0355443 1.2752464
[1854, 0.55216503, 1.0248725, 4.0300984, 0.60133696] 2.883132 0.983315 0.9247946 1.4024279
[1855, 0.49185833, 0.88712776, 6.14998, 0.2667674] 2.145526 1.037241 0.9483627 1.3095211
[1856, 0.5606679, 0.97256017, 4.4189997, 0.565883] 2.854216 0.85820484 0.9972526 1.1940392
[1857, 0.5290073, 1.0047201, 5.734676, 0.605939] 2.6943345 1.0506948 0.86177826 1.3485758
[1858, 0.57303184, 0.97608805, 3.9191256, 0.46722007] 3.004608 0.93376154 0.94990325 1.079036
[1859, 0.44408748, 1.0423816, 5.5686073, 0.5786608] 2.7714336 0.85196626 0.9237742 1.3398765
[1860, 0.50360245, 1.02577, 4.590195, 0.6015723] 2.8018324 0.87398535 0.8579352 1.465992
[1861, 0.5702293, 0.9810773, 4.2274237, 0.5785829] 2.8496912 1.0710219 0.9079116 1.2468541
[1862, 0.5065777, 1.017103, 3.901775, 0.557235] 2.8721306 0.9852164 0.94140637 1.2813346
[1863, 0.4875943, 1.0334065, 5.1200714, 0.5452088] 2.6945531 1.0414932 1.0124801 1.2699184
[1864, 0.46216536, 0.99811715, 6.991248, 0.46495506] 2.3907478 1.1225331 0.9254096 1.4215451
[1865, 0.565976, 0.9802303, 4.310778, 0.5707612] 2.8277886 0.9313725 0.9365822 1.3447169
[1866, 0.46988094, 1.0330297, 6.332015, 0.58227926] 2.5274997 0.95902234 1.0343065 1.3878264
[1867, 0.40004554, 1.040964, 8.176396, 0.5580234] 2.3842285 0.97783387 1.0429268 1.2791152
[1868, 0.53383565, 0.9199113, 7.5398545, 0.39770746] 2.3546312 0.8416124 1.0353575 1.1765916
[1869, 0.47065982, 0.96959215, 7.2700515, 0.38056117] 2.3095243 1.07092 0.95960855 1.0880069
[1870, 0.46798384, 1.0276515, 5.8397584, 0.55259466] 2.744526 0.9259353 0.9318225 1.1731313
[1871, 0.56974965, 0.9518874, 6.267341, 0.4955803] 2.7778141 0.8524919 0.9256743 1.0891759
[1872, 0.5041518, 1.0042285, 6.838044, 0.5391519] 2.709578 0.73155594 0.9496418 1.2172401
[1873, 0.3773866, 1.0363818, 8.199539, 0.5236421] 2.3776243 0.95220995 0.87508476 1.3071107
[1874, 0.48660335, 1.0221355, 5.8539248, 0.49160588] 2.6514773 0.9189201 0.79806596 1.3965816
[1875, 0.51592785, 0.99330574, 6.1209555, 0.49843812] 2.6577926 0.8539953 0.87508935 1.3997655
[1876, 0.40825972, 1.020908, 7.236409, 0.33383858] 2.4000113 1.0090921 1.0195453 1.2047347
[1877, 0.5218573, 0.9783764, 5.020991, 0.6581153] 2.745087 0.90880585 0.9451661 1.3662832
[1878, 0.43716058, 1.0218459, 6.536772, 0.62060577] 2.693977 0.95752174 0.9088751 1.1847715
[1879, 0.39550632, 1.0442333, 6.974521, 0.76779884] 2.582999 0.9664926 0.9068421 1.3349905
[1880, 0.47071964, 1.0057027, 6.694959, 0.40115875] 2.3797407 1.1391629 1.0263401 1.1952662
[1881, 0.50833166, 1.0363522, 3.1990087, 0.5717273] 3.215426 0.5894724 0.93664914 1.2546532
[1882, 0.5019579, 1.013655, 6.301569, 0.5606764] 2.5417569 1.0043448 1.0135881 1.4151131
[1883, 0.38537046, 1.0717884, 6.1577635, 0.46479532] 2.6611784 0.96968174 0.8544237 1.2318035
[1884, 0.5701252, 0.9682231, 5.0307364, 0.5018443] 2.8024635 1.056183 0.9270922 1.1004186
[1885, 0.43169042, 1.0991135, 3.4233458, 0.49120024] 2.9842072 1.0065691 0.97564 1.301649
[1886, 0.4507296, 1.0329977, 6.2404885, 0.4053686] 2.624898 1.0078212 0.9576779 1.213116
[1887, 0.51709896, 1.012283, 4.6741314, 0.58758456] 2.8885427 0.91917557 0.93130577 1.1410753
[1888, 0.5252695, 1.0207354, 5.5854177, 0.4656775] 2.8406873 0.9459538 0.9100025 1.0647866
[1889, 0.4050633, 1.0723677, 8.029034, 0.48447105] 2.4568455 0.9144972 1.0146644 1.2870007
[1890, 0.40156925, 1.0464218, 7.6117153, 0.46200347] 2.5539074 0.92669344 0.877213 1.1623734
[1891, 0.48043028, 1.0302591, 4.2939067, 0.6006978] 2.8892229 0.9442723 0.9048127 1.2743273
[1892, 0.48148304, 1.0398084, 3.8719416, 0.5395869] 2.7249997 1.1422184 0.85638446 1.5603751
[1893, 0.44422862, 1.0139343, 7.049617, 0.41863537] 2.5710588 0.90397745 0.8173757 1.3155705
[1894, 0.41687948, 0.9818112, 7.888604, 0.448359] 2.2438853 1.1201382 0.97639376 1.1921313
[1895, 0.5090929, 1.0020953, 6.092284, 0.5475858] 2.7236187 0.9040595 0.97078586 1.2359949
[1896, 0.46907872, 0.96755856, 7.3899965, 0.3146498] 2.4366856 0.7905708 0.94600445 1.3618556
[1897, 0.49758744, 1.0027523, 6.102819, 0.6237431] 2.5729187 0.8942199 0.90349877 1.5286189
[1898, 0.53389186, 1.0085595, 4.0742555, 0.54897296] 2.8514307 1.0089148 0.9299241 1.2647173
[1899, 0.52174985, 0.9977523, 5.621874, 0.46811676] 2.678491 0.95486826 0.9536718 1.1627644
[1900, 0.43384606, 1.0291039, 7.004042, 0.50212896] 2.5534358 0.96455836 0.93813854 1.262425
[1901, 0.48434705, 1.0380546, 5.19768, 0.6504498] 2.8039136 1.0285662 0.964454 1.1384541
[1902, 0.4766691, 1.0013001, 6.887146, 0.4526355] 2.5197592 1.0050601 1.0466317 1.1009657
[1903, 0.48236805, 1.0216141, 4.8833814, 0.5056947] 2.8906128 0.8778558 0.8384609 1.2143816
[1904, 0.5285609, 0.99768645, 4.906594, 0.48338437] 2.7256408 0.880896 0.89801544 1.4660108
[1905, 0.44950154, 0.9908735, 7.379772, 0.47406363] 2.2510972 1.0335238 0.9832328 1.4612417
[1906, 0.4888155, 1.0231236, 6.611611, 0.48347074] 2.525168 0.9407207 0.9232012 1.414483
[1907, 0.53672993, 0.9820923, 5.7313824, 0.48897576] 2.6889515 0.9852044 0.88597953 1.2506523
[1908, 0.42879114, 1.0617713, 5.8052635, 0.53362757] 2.7423766 0.98190135 0.91476417 1.1524454
[1909, 0.5469029, 0.9967665, 5.503784, 0.49927637] 2.808236 0.7454897 1.0315809 1.1829029
[1910, 0.488557, 0.93521345, 6.8919716, 0.3217822] 2.1757696 0.95674247 1.0604982 1.4023091
[1911, 0.56716245, 0.97651374, 4.2266474, 0.51704663] 2.786918 0.9302825 1.0055383 1.3421639
[1912, 0.43034908, 1.0442935, 7.271152, 0.43828812] 2.680522 0.92113835 0.8301013 1.1344782
[1913, 0.4721586, 1.0132984, 5.0222006, 0.37941298] 2.6457696 0.83686686 1.0020947 1.4083273
[1914, 0.5548653, 0.9558808, 7.7133822, 0.4785274] 2.5229318 1.0467174 0.9134443 1.1549132
[1915, 0.42373478, 1.0098746, 7.981293, 0.50958014] 2.2630348 0.8689874 0.8675378 1.6162051
[1916, 0.48036548, 1.0187469, 4.6816745, 0.5355265] 2.7719748 0.8244827 0.9782474 1.2809348
[1917, 0.5012968, 1.003016, 4.310199, 0.5324598] 2.834307 0.8340612 1.0107358 1.3569534
[1918, 0.45477143, 1.0413314, 6.3450665, 0.51230174] 2.6259408 0.8051354 0.9894743 1.3594757
[1919, 0.48175204, 1.0054244, 6.712816, 0.4994314] 2.4459276 0.95308405 0.9666047 1.3796813
[1920, 0.53968626, 1.0127808, 4.9541707, 0.5746062] 2.8106775 1.0666705 0.977886 1.0954796
[1921, 0.49031883, 1.0712732, 3.5750716, 0.5695268] 2.9630682 0.9651695 0.92905545 1.3653232
[1922, 0.5224857, 1.0162894, 3.7659972, 0.50254744] 2.9495106 0.9745944 0.984121 1.1463645
[1923, 0.51685977, 1.0170814, 4.932373, 0.52987576] 2.85418 0.85774446 0.9496444 1.1722962
[1924, 0.4057129, 1.0565529, 5.544191, 0.5888526] 2.7886407 0.95034176 0.8966644 1.2153327
[1925, 0.47968444, 1.023234, 6.24572, 0.47462413] 2.5740006 0.949476 1.0039456 1.2987971
[1926, 0.56999433, 0.9650386, 4.5557437, 0.50274557] 2.722351 1.0497849 0.8908582 1.4954865
[1927, 0.46608123, 1.0509657, 3.8845258, 0.581156] 2.9412587 0.99388134 0.9786843 1.1827365
[1928, 0.521529, 0.9933667, 5.5506287, 0.48641956] 2.695628 0.98580784 0.84945196 1.2550222
[1929, 0.48905683, 1.0133181, 6.309063, 0.5463068] 2.566548 0.96215683 1.0165044 1.366038
[1930, 0.54027987, 0.9696252, 5.605742, 0.5671741] 2.7242932 0.9148995 0.9963362 1.1820924
[1931, 0.5617477, 0.98649246, 4.588644, 0.46691075] 2.8215663 1.0359545 0.9249305 1.2660563
[1932, 0.44235408, 1.0272728, 7.1022863, 0.6108129] 2.490479 1.1345489 0.89534146 1.3226078
[1933, 0.51564324, 0.99351656, 6.4329486, 0.5361488] 2.600099 0.8738567 0.9245465 1.3543981
[1934, 0.5228693, 1.0161011, 4.879471, 0.6680267] 2.7567377 0.9816506 0.8853759 1.2657437
[1935, 0.4421154, 1.0199163, 7.7439475, 0.4785881] 2.368768 1.1568514 1.0059221 1.1826468
[1936, 0.48475343, 1.0319266, 4.9606338, 0.41623986] 2.7500434 1.0196762 0.9718808 1.2069044
[1937, 0.39085466, 1.0112908, 7.3650293, 0.43303466] 2.4764118 0.80060107 1.0069648 1.2504972
[1938, 0.43000686, 1.03382, 7.086471, 0.58185446] 2.6216757 0.88303405 0.9444958 1.2353356
[1939, 0.41824913, 1.0733079, 5.6855435, 0.553471] 2.6999276 0.9656505 0.9712357 1.2328099
[1940, 0.4461346, 0.99116665, 7.8126445, 0.36098263] 2.368823 0.84593076 0.8851068 1.3251126
[1941, 0.5369853, 1.0083964, 4.089739, 0.466425] 2.9837413 0.9932061 0.71152306 1.2564079
[1942, 0.4980461, 1.0270042, 4.1866493, 0.69375706] 2.8634458 0.88892734 0.9876513 1.3862777
[1943, 0.5107827, 1.0301476, 3.739224, 0.70191514] 2.9165497 0.9726105 0.8997229 1.3501765
[1944, 0.41531774, 0.9864195, 7.219398, 0.4033878] 2.3900857 0.8707709 0.85209703 1.2103041
[1945, 0.41367942, 1.0683148, 5.9237266, 0.4838622] 2.716744 0.8087783 0.9530486 1.279468
[1946, 0.37950638, 1.1541079, 3.092132, 0.55699795] 3.0562139 0.98498476 1.0222496 1.2531137
[1947, 0.53363484, 0.96269566, 5.621054, 0.5621293] 2.7582636 0.88137525 0.8878308 1.2481912
[1948, 0.5410579, 1.017549, 3.9930346, 0.6119482] 3.034201 0.9133531 0.90776926 1.1705915
[1949, 0.3685554, 1.038609, 7.209816, 0.41057485] 2.3098278 0.969703 0.9673723 1.4091406
[1950, 0.42565483, 1.0588617, 6.2582073, 0.4760567] 2.618446 0.9096029 0.9698813 1.230466
[1951, 0.46282238, 1.0476431, 5.6467757, 0.5523648] 2.7817798 0.9818181 0.91316533 1.1260756
[1952, 0.43298513, 1.0357623, 6.214599, 0.48789856] 2.537268 1.0488784 1.0249158 1.3191268
[1953, 0.43480062, 1.0586674, 6.132697, 0.513297] 2.5686789 0.9512039 0.8693569 1.5038881
[1954, 0.5290403, 0.9721826, 5.6755605, 0.615337] 2.7325585 0.8169417 1.044295 1.2689937
[1955, 0.38256964, 1.0808634, 4.7313147, 0.43686458] 2.6990242 0.96010447 0.91343194 1.3759968
[1956, 0.4620793, 1.0082027, 6.3857203, 0.393984] 2.6491637 0.93672866 0.89639956 1.246997
[1957, 0.52016395, 1.040234, 3.9507697, 0.5884767] 3.0214512 0.9330465 0.7893408 1.279317
[1958, 0.5539036, 0.9796357, 3.8676858, 0.590681] 2.9946187 1.0453175 0.9868162 1.0208356
[1959, 0.48025832, 0.98928875, 7.129752, 0.4489651] 2.5033317 0.97755766 0.99729025 1.2073401
[1960, 0.47807097, 1.0041265, 7.5888925, 0.44833595] 2.7097216 0.8246397 0.9416911 1.0383382
[1961, 0.4506503, 1.017437, 6.867477, 0.6043959] 2.7556036 0.866882 0.87664795 1.1920058
[1962, 0.3940091, 1.0352228, 7.6990604, 0.4306035] 2.476931 0.9731331 0.8622916 1.2757055
[1963, 0.37337458, 1.0762819, 7.737048, 0.52915514] 2.432612 1.0052102 1.065257 1.167109
[1964, 0.54813886, 0.9779794, 6.293981, 0.731317] 2.4642835 1.0827794 0.8796939 1.589497
[1965, 0.50125766, 1.0197667, 5.7649612, 0.53057414] 2.700234 0.8836709 0.9601073 1.2831043
[1966, 0.4309969, 1.0240607, 7.7775264, 0.52423763] 2.3698857 1.0614496 0.9966509 1.2854303
[1967, 0.49750936, 0.98995715, 6.5311565, 0.45321804] 2.5609689 0.9047159 0.9161846 1.2816578
[1968, 0.42457014, 1.0202682, 7.913204, 0.54290825] 2.4247553 0.96064895 0.9631131 1.176412
[1969, 0.53796035, 1.0209814, 3.33026, 0.5225929] 2.8733156 0.96539885 1.0262399 1.3224193
[1970, 0.46538168, 0.9908978, 8.35423, 0.52748024] 2.4145193 0.9351297 1.0415366 1.07247
[1971, 0.3737103, 1.0562358, 6.4086857, 0.54427665] 2.3937356 1.0291495 0.99825275 1.4353669
[1972, 0.6012791, 0.9426986, 4.226155, 0.5033673] 2.8373501 0.9395355 0.92286897 1.3034575
[1973, 0.49704733, 0.94259936, 6.5333066, 0.3111104] 2.076047 0.9601161 1.0016809 1.6070641
[1974, 0.41634873, 1.0175407, 8.364095, 0.5519296] 2.3735802 1.1101617 0.96204454 1.1105816
[1975, 0.45095098, 1.0352609, 6.3974066, 0.50982755] 2.509253 1.0051535 1.0008954 1.3884093
[1976, 0.5058919, 1.0505316, 3.5864682, 0.5792691] 2.9259608 1.0249017 0.91481936 1.4004802
[1977, 0.5016832, 1.0405128, 3.9078138, 0.58913547] 2.9770644 0.9617006 0.90295213 1.2977206
[1978, 0.4176689, 1.0619922, 6.898356, 0.6155134] 2.6690536 1.0131768 0.8321464 1.1555976
[1979, 0.4895512, 1.0314147, 6.3906546, 0.5061781] 2.6907852 0.8652698 0.9186875 1.230474
[1980, 0.4898819, 1.0077857, 5.668735, 0.5445871] 2.7196472 0.91552556 0.9850791 1.2082057
[1981, 0.47993425, 1.01189, 6.0039277, 0.58765596] 2.5774505 0.85488594 1.0172702 1.4452056
[1982, 0.44112352, 1.0013001, 7.796675, 0.5311447] 2.442889 0.93363136 0.9818108 1.1545061
[1983, 0.42755786, 1.0602536, 5.840987, 0.45368314] 2.6169932 0.9425063 0.9006815 1.3422052
[1984, 0.51038426, 0.9961074, 5.7353415, 0.4830221] 2.7624092 1.0334966 0.89313674 1.1237482
[1985, 0.51156616, 0.9978953, 5.9725566, 0.5440719] 2.6951563 0.9303739 0.94667 1.2694068
[1986, 0.5437259, 0.97300786, 4.7448206, 0.4382192] 2.763441 0.9910702 0.93468404 1.3070405
[1987, 0.4552899, 1.0414178, 6.170597, 0.5531295] 2.5951889 1.105565 0.9335026 1.215865
[1988, 0.46783644, 1.0215364, 6.7664514, 0.462737] 2.586624 0.8794593 0.8779781 1.3588916
[1989, 0.551591, 1.0166873, 3.9287813, 0.6424028] 3.0721147 0.8813492 0.8520491 1.1867244
[1990, 0.5259798, 0.9907584, 6.546958, 0.89667356] 2.6519074 0.9429029 0.97435594 1.2690207
[1991, 0.4547712, 0.9836992, 7.2082615, 0.40067026] 2.3025684 1.0625523 0.98951197 1.1618791
[1992, 0.47696853, 0.9844061, 7.6525893, 0.45582446] 2.5782027 0.98798615 0.83349687 1.1151284
[1993, 0.47735807, 1.0043342, 6.97074, 0.4830162] 2.4723616 1.0264359 0.9995929 1.1858628
[1994, 0.5135624, 1.0075248, 4.871615, 0.6120973] 2.710584 1.0678083 1.0687416 1.2516913
[1995, 0.46336603, 1.0421126, 6.99826, 0.5346744] 2.5562618 1.0575252 0.93993187 1.2820245
[1996, 0.37118664, 1.0445447, 7.495543, 0.47950116] 2.3767676 0.9827876 0.9352855 1.3171036
[1997, 0.53353107, 1.0000226, 4.535293, 0.53638476] 2.933841 0.82607794 0.88291883 1.2727785
[1998, 0.47712827, 1.0416384, 5.890584, 0.6236653] 2.6193206 1.0597159 0.9973612 1.2551061
[1999, 0.39002877, 1.0570357, 5.9029365, 0.4931375] 2.6468015 0.97064227 0.8877599 1.3684361
[2000, 0.3414965, 1.0763483, 6.832562, 0.61014426] 2.4567304 0.92648834 1.1165928 1.2531773
[2001, 0.42822668, 1.0408607, 6.698445, 0.62314373] 2.5253932 1.0928777 0.9915079 1.2579937
[2002, 0.42825466, 0.9868272, 7.885216, 0.44461676] 2.2573287 0.9655007 0.9028719 1.4081101
[2003, 0.45810694, 1.0377954, 6.2813663, 0.6155055] 2.4626508 1.099689 0.9549055 1.4218946
[2004, 0.43351784, 1.0546602, 7.661188, 0.5970369] 2.4670358 0.9739492 1.101776 1.1848764
[2005, 0.5020853, 1.0001291, 5.6439557, 0.575754] 2.8386176 0.71494293 0.9954483 1.1594524
[2006, 0.5340273, 0.97413635, 6.143616, 0.42688122] 2.6616209 0.854214 0.9703861 1.2621019
[2007, 0.47497097, 1.0426021, 4.7850914, 0.48649824] 2.8360982 0.89923483 0.82583064 1.3412002
[2008, 0.4750457, 1.0460185, 5.7169824, 0.49470338] 2.5849676 1.0749997 1.0076503 1.2717294
[2009, 0.5168324, 1.0234989, 4.8821254, 0.58255774] 2.8459563 0.94924444 0.9431386 1.1864002
[2010, 0.40815678, 1.0682347, 6.471314, 0.46758395] 2.5987034 0.9442452 0.89899135 1.3367538
[2011, 0.5223249, 1.0326924, 3.4644089, 0.50127894] 3.0961878 0.9730605 0.8128884 1.1617776
[2012, 0.46649978, 1.0104415, 6.7929606, 0.49112177] 2.6376228 0.9831565 0.8787925 1.1935397
[2013, 0.51869214, 0.9975373, 5.572034, 0.5175399] 2.6428964 0.98547465 1.046706 1.2299942
[2014, 0.6096846, 0.94220006, 4.0230436, 0.47976413] 2.849783 0.9189707 0.91418016 1.3566927
[2015, 0.38886395, 1.0495462, 6.785023, 0.43643498] 2.4625096 0.9289824 1.0265322 1.2890702
[2016, 0.39726123, 1.0119237, 7.7275224, 0.39554784] 2.343908 0.9028918 1.0357223 1.2868345
[2017, 0.5052805, 0.99771893, 5.3173404, 0.6115011] 2.7790241 0.9498051 0.9793298 1.1500436
[2018, 0.36399144, 1.0595715, 6.649537, 0.5146564] 2.47694 0.9500875 0.9665327 1.3065213
[2019, 0.5487265, 0.9660945, 5.5106435, 0.45777643] 2.8340282 1.0041636 0.9928531 0.89072347
[2020, 0.44149846, 0.9435965, 7.1453114, 0.31523973] 2.156505 1.111331 0.95330536 1.3201339
[2021, 0.5562605, 0.97689384, 4.0640388, 0.5456667] 3.015349 1.0870396 0.95149285 0.9162913
[2022, 0.4561371, 1.0056974, 7.092784, 0.52639496] 2.6078985 0.8866225 0.79317445 1.2981521
[2023, 0.45333862, 1.0803074, 3.585367, 0.5988081] 2.9816082 0.9016524 0.8419429 1.2902526
[2024, 0.4539825, 1.0212215, 8.274541, 0.516504] 2.5429704 0.9931355 0.8782824 1.1804304
[2025, 0.5389344, 0.9981481, 5.829194, 0.43976822] 2.4809227 1.0747092 0.978569 1.5592902
[2026, 0.46971583, 1.0291109, 5.985879, 0.51108605] 2.69677 0.9337313 0.84734154 1.2645755
[2027, 0.5255898, 1.0175966, 4.4188285, 0.5588603] 2.8855097 1.0558451 0.8906572 1.1283206
[2028, 0.471402, 1.0198908, 5.84774, 0.43264905] 2.551095 0.87666124 0.9638732 1.4619454
[2029, 0.46862558, 1.028738, 5.413452, 0.48111552] 2.7943773 0.9865464 0.8652759 1.1578438
[2030, 0.47913113, 1.0233301, 6.306448, 0.570114] 2.610188 0.96082914 0.9730642 1.3075329
[2031, 0.5215226, 1.012833, 5.0174713, 0.61103064] 2.8328958 0.9436199 0.90963596 1.2466071
[2032, 0.37723434, 1.0357468, 7.5108, 0.42069647] 2.480091 1.0646905 0.8578711 1.2332717
[2033, 0.46801943, 1.0324409, 5.3341618, 0.5459413] 2.7903862 1.0679266 0.7074989 1.3115394
[2034, 0.42594913, 1.0520481, 4.6814914, 0.61218536] 2.8907547 1.0411927 0.7725306 1.209663
[2035, 0.5236661, 1.0221651, 4.267655, 0.50495404] 2.7723198 1.0075432 1.0195475 1.3105798
[2036, 0.5195584, 1.0333773, 3.881464, 0.6474881] 2.9503024 1.0447212 1.0246714 1.0936526
[2037, 0.546788, 1.0275643, 3.4934733, 0.5204808] 2.8676457 0.9196283 0.9811117 1.4592718
[2038, 0.4770892, 1.038839, 5.265927, 0.56211126] 2.7039635 0.9566341 0.9547435 1.3854213
[2039, 0.38684165, 1.0517014, 7.6897373, 0.53275] 2.4517598 0.9716121 0.91867214 1.3087523
[2040, 0.5325806, 0.9637939, 8.175508, 0.58931047] 2.2288835 1.0874434 1.0515556 1.4234341
[2041, 0.42786846, 1.0598317, 6.014134, 0.5398112] 2.5836997 0.9385237 0.895571 1.4726069
[2042, 0.43517643, 1.0130489, 7.8887506, 0.493538] 2.6398203 0.8509471 0.889073 1.1761161
[2043, 0.5160787, 0.96833384, 7.3425293, 0.49001098] 2.4054568 1.0821924 0.8907218 1.3819002
[2044, 0.39049765, 1.0183948, 7.0873146, 0.39650232] 2.276677 1.0429677 0.9621052 1.364834
[2045, 0.52475286, 1.010425, 3.8909843, 0.4547426] 2.8419983 0.8769437 1.0246351 1.3119346
[2046, 0.52795833, 1.0181167, 4.1418185, 0.6626361] 2.8391316 1.068002 0.9134225 1.2593727
[2047, 0.486476, 1.0422688, 3.7006636, 0.46973345] 3.0510194 0.7723858 0.98580325 1.2016569
[2048, 0.5280002, 1.0062293, 4.838569, 0.6001426] 2.7658632 1.1377476 0.8544241 1.292645
[2049, 0.48480392, 1.049792, 3.911689, 0.5346965] 2.8181527 1.0888127 0.84306455 1.4104748
[2050, 0.42128226, 1.0371832, 6.640816, 0.48583272] 2.6464338 0.8816546 0.9783206 1.1839132
[2051, 0.41620257, 1.0653613, 5.5711784, 0.45431587] 2.8542855 0.8981124 0.8287967 1.1878071
[2052, 0.51906735, 0.99111426, 7.069297, 0.44885534] 2.4819324 1.0100601 0.94891393 1.3567598
[2053, 0.47668952, 1.0327202, 5.147509, 0.4338522] 2.741214 0.78740627 0.9009273 1.5072532
[2054, 0.41329983, 1.0060499, 8.157354, 0.5425961] 2.5156238 0.83626014 0.8125634 1.0884106
[2055, 0.43317607, 1.0086455, 8.074522, 0.3692709] 2.207348 0.89281154 0.9578284 1.507891
[2056, 0.46301243, 1.053238, 5.284701, 0.552959] 2.7554498 0.91878355 0.8894378 1.327434
[2057, 0.51128006, 1.0079585, 4.755178, 0.5831039] 2.7279146 0.9871088 0.9751295 1.3400877
[2058, 0.39688537, 1.0537542, 6.948013, 0.5020533] 2.5352476 0.91696906 1.0047153 1.2158837
[2059, 0.4173313, 1.0407566, 6.537036, 0.4195578] 2.4079125 1.1323234 1.0556487 1.2076789
[2060, 0.5076222, 1.0341567, 4.2678423, 0.57371104] 2.8292572 0.85898155 0.8770389 1.467864
[2061, 0.44315088, 1.0572141, 6.5959616, 0.5942481] 2.5786078 0.9716086 0.95547444 1.3153949
[2062, 0.5032863, 1.0219651, 4.693757, 0.54508007] 2.7513483 1.0176885 0.9850731 1.2290729
[2063, 0.5065787, 1.0057782, 5.1102123, 0.43389362] 2.6433954 1.0499997 0.9987687 1.3417307
[2064, 0.5949518, 0.9660011, 4.5411887, 0.46530193] 2.8481505 0.907451 1.0065017 1.246878
[2065, 0.42399663, 1.0632406, 6.250589, 0.4984364] 2.7129881 0.79510385 0.9848532 1.25185
[2066, 0.4478774, 1.0635729, 5.422427, 0.732024] 2.725905 1.0136826 0.9525117 1.267342
[2067, 0.41769984, 1.0190961, 8.152208, 0.37539214] 2.4554567 0.9752363 0.8035652 1.2652074
[2068, 0.3943991, 1.0589614, 6.796702, 0.57622945] 2.5424833 1.1112012 0.850359 1.2526493
[2069, 0.5372408, 0.9570341, 4.6325107, 0.4226794] 2.8381689 0.95622414 0.8745493 1.1675681
[2070, 0.3783559, 1.0725358, 6.0781255, 0.46348992] 2.5030024 1.0062554 1.0173887 1.342162
[2071, 0.4362003, 0.9944158, 7.8824544, 0.49486306] 2.3779936 1.0329063 0.95827556 1.2985204
[2072, 0.47274262, 1.0161253, 5.7684073, 0.49251214] 2.590038 1.0749277 0.9998751 1.2955626
[2073, 0.4739647, 1.0150572, 7.289969, 0.4660304] 2.577881 0.8922352 1.0090914 1.1695436
[2074, 0.4573587, 1.0210947, 6.537803, 0.562765] 2.7037964 0.73402053 0.9807079 1.2335685
[2075, 0.50047356, 1.0122877, 5.340434, 0.54225165] 2.7643623 0.9513992 1.0156282 1.1745733
[2076, 0.44550055, 1.0267214, 5.3884277, 0.46467444] 2.8411417 0.8961191 0.8903042 1.2575337
[2077, 0.4709397, 1.0518924, 3.8994846, 0.55636233] 2.8755434 1.0128303 0.929472 1.3599857
[2078, 0.46272138, 1.0406847, 6.2881823, 0.64700884] 2.6598103 0.91118294 0.89938927 1.3287374
[2079, 0.47416478, 1.0090812, 7.0456743, 0.49566185] 2.6028807 1.0070983 0.87489927 1.0880492
[2080, 0.48200497, 0.98026377, 7.3273582, 0.42190346] 2.3435576 1.0955142 0.99605083 1.2421725
[2081, 0.5270655, 0.9835164, 5.5618496, 0.56878436] 2.7168434 0.8890641 0.89549845 1.3333988
[2082, 0.41706875, 1.0332503, 7.0592866, 0.36392212] 2.4652085 0.9569521 1.0079669 1.3788666
[2083, 0.44693705, 1.0186654, 8.068168, 0.47310123] 2.398336 1.0121231 0.914342 1.300639
[2084, 0.49352315, 1.0113212, 5.8277583, 0.6048191] 2.7267044 0.9989891 0.93713737 1.1809114
[2085, 0.42238086, 1.0581648, 5.5484138, 0.44067055] 2.599723 1.0698367 0.96876276 1.3138256
[2086, 0.447888, 1.0887383, 3.2187839, 0.5539135] 3.0971346 0.86719775 0.8637891 1.4591178
[2087, 0.48930708, 1.0189738, 4.512518, 0.5336588] 2.829456 0.9863358 0.9490859 1.2170194
[2088, 0.42275771, 1.0239089, 7.249753, 0.5089779] 2.4450364 0.9363136 0.9350559 1.3707129
[2089, 0.48938155, 1.0246655, 6.1722918, 0.56860095] 2.7100227 0.90393203 0.9862839 1.2501508
[2090, 0.4952622, 1.0060104, 6.48699, 0.4390246] 2.519324 0.971525 0.9139283 1.4101622
[2091, 0.3992164, 1.0554491, 7.767653, 0.5379161] 2.5975032 0.89953756 1.0375531 1.1038584
[2092, 0.41890928, 1.0346187, 6.2898693, 0.4157754] 2.4559023 0.9466386 1.1020377 1.3111607
[2093, 0.43897992, 1.008058, 7.6227665, 0.44678262] 2.278193 0.91876984 1.0497524 1.4481921
[2094, 0.46095592, 1.0235426, 7.217822, 0.51069415] 2.4718857 0.9504495 0.95246273 1.2848028
[2095, 0.46577942, 0.94276536, 6.5061765, 0.33946493] 2.416935 0.9508004 0.87258303 1.0474176
[2096, 0.4561669, 1.0400041, 6.875524, 0.48770928] 2.6908083 0.91428775 0.83163136 1.1945616
[2097, 0.54531544, 0.9608799, 4.9227757, 0.5433218] 2.6923454 1.0499661 0.9927943 1.2695448
[2098, 0.53979903, 0.98344576, 4.8663197, 0.59392804] 2.7442002 1.0046364 0.9672985 1.2507186
[2099, 0.47726855, 1.0319352, 5.4827757, 0.5216682] 2.9103067 0.9009156 0.81836486 1.1018925
[2100, 0.44952688, 1.0357332, 5.129834, 0.57772326] 2.7915626 1.0034912 0.88613564 1.1873914
[2101, 0.46565625, 1.071891, 3.970194, 0.556078] 2.880282 0.9829398 1.0072929 1.1604607
[2102, 0.40363404, 1.0163132, 8.478619, 0.46546057] 2.3480563 0.85679305 0.9254751 1.4176711
[2103, 0.554441, 0.9862085, 4.161836, 0.44950473] 2.8371537 1.0413694 0.9915688 1.151037
[2104, 0.55306053, 1.0222622, 3.8761215, 0.57144994] 2.993317 0.8537858 0.92276365 1.3485084
[2105, 0.5474276, 1.0097065, 4.2910585, 0.5466377] 2.9374042 1.046678 0.8171789 1.2513007
[2106, 0.564021, 0.97227556, 5.1252885, 0.50924844] 2.7373335 1.0605906 0.9182847 1.2810615
[2107, 0.57027936, 0.98404217, 4.300274, 0.4863462] 2.8305328 0.9413771 0.969056 1.3124276
[2108, 0.5204263, 1.012059, 4.478402, 0.43626133] 2.7478778 0.9869515 0.98746693 1.402072
[2109, 0.54450816, 0.98212457, 5.1253057, 0.57301205] 2.6808128 1.0063224 1.0218505 1.2729843
[2110, 0.471697, 1.0069358, 7.5746207, 0.5505508] 2.6126513 0.9559145 0.8399285 1.228499
[2111, 0.36688563, 1.0361309, 7.990654, 0.5315562] 2.2370842 1.0295688 0.9865493 1.3708906
[2112, 0.45527792, 1.0277326, 5.3182974, 0.53955984] 2.658815 0.98132354 0.86747587 1.3915452
[2113, 0.5148911, 1.0369691, 3.6340616, 0.5182032] 2.8803856 1.0114342 0.97383904 1.2841452
[2114, 0.5268299, 1.0444711, 3.5240977, 0.54879063] 3.14085 0.79539204 0.99582416 1.0679667
[2115, 0.38792107, 1.0560131, 6.504202, 0.50589997] 2.500997 0.88204384 0.95686 1.4958383
[2116, 0.5726297, 0.9984022, 3.5180097, 0.6072815] 2.8280437 1.0705642 1.015205 1.4346837
[2117, 0.45092458, 1.036128, 6.9806967, 0.5082155] 2.607191 1.0079197 0.97431624 1.1000867
[2118, 0.49654356, 0.996792, 7.378373, 0.6883745] 2.613286 0.9453215 0.8336479 1.2735052
[2119, 0.5145373, 0.99499714, 5.6605124, 0.44620717] 2.7317688 0.92327726 0.8739168 1.2257468
[2120, 0.5588174, 0.982723, 5.1625657, 0.53721416] 2.8796344 0.83421034 0.90379363 1.2078725
[2121, 0.5362001, 0.97959214, 5.10783, 0.5121564] 2.6588225 1.0249573 1.0019448 1.312974
[2122, 0.4175223, 1.0184635, 6.5337315, 0.43113524] 2.456567 1.0976743 0.9840677 1.2072861
[2123, 0.48877564, 1.0233773, 4.6803136, 0.6202373] 2.8709006 0.87733084 0.8778668 1.2477506
[2124, 0.5319604, 1.0152032, 4.103824, 0.4772098] 2.8345106 0.9379247 0.8857081 1.4456943
[2125, 0.5337109, 0.973698, 7.177786, 0.5548981] 2.6022465 1.0309615 0.8705714 1.0850528
[2126, 0.5574922, 0.9806073, 4.2118216, 0.4676936] 2.8493977 1.0545698 0.9887951 1.0873653
[2127, 0.51227576, 1.0345299, 4.372725, 0.5114237] 2.8984907 0.9480156 0.87991667 1.2785139
[2128, 0.4054543, 1.1665119, 3.129787, 0.8552129] 3.0769715 0.92283094 0.9563722 1.3911827
[2129, 0.5075628, 0.9884598, 5.7654643, 0.47931772] 2.693045 0.914832 0.9641883 1.1999505
[2130, 0.55391765, 0.95765543, 7.45246, 0.55577016] 2.418708 1.0091245 0.93266493 1.5148548
[2131, 0.5379934, 0.96886927, 4.63609, 0.41571522] 2.6732001 1.0658706 1.0524253 1.3413811
[2132, 0.41531113, 1.0510309, 7.236007, 0.46537822] 2.5996902 0.9763728 0.9557913 1.1523014
[2133, 0.5625454, 0.9720552, 5.1830916, 0.56331724] 2.5649507 0.9826354 0.960032 1.5412189
[2134, 0.47857213, 0.93363744, 6.6471224, 0.35752293] 2.2072053 0.9634805 0.97042096 1.3133808
[2135, 0.57244325, 0.950122, 4.881741, 0.48182628] 2.6748137 1.035267 0.9998075 1.3313448
[2136, 0.37495017, 1.0873119, 5.8299375, 0.4929362] 2.5991101 0.9752594 0.9549783 1.3830745
[2137, 0.42830664, 1.0452226, 7.320037, 0.566267] 2.6157987 0.85416365 0.90913963 1.2901856
[2138, 0.50751173, 0.98959756, 5.9985185, 0.73006594] 2.719997 0.88274616 0.94800425 1.2551314
[2139, 0.47812173, 1.0296924, 5.595705, 0.49384207] 2.5189362 1.0293674 1.0210482 1.3817097
[2140, 0.46682155, 0.90364575, 6.70571, 0.30110088] 2.158492 0.8994737 0.91168404 1.204566
[2141, 0.45248464, 1.0186527, 6.9682865, 0.41784698] 2.3871498 1.0398837 0.9897776 1.3431016
[2142, 0.43301117, 1.0022037, 7.386502, 0.34742528] 2.2755601 0.9917115 1.0845282 1.3447667
[2143, 0.5497046, 1.0007758, 5.6550803, 0.6275459] 2.7580516 1.0427355 0.92417943 1.2397408
[2144, 0.51418304, 1.0049689, 5.1128225, 0.4472185] 2.5924745 0.9031316 0.9740664 1.4514883
[2145, 0.47018147, 1.1094054, 3.2239904, 0.63579494] 3.0957272 0.908585 0.9369152 1.3287426
[2146, 0.52118486, 1.0130318, 4.5554256, 0.5701534] 2.8107226 1.0539376 0.8865849 1.2164493
[2147, 0.43091103, 1.0562146, 6.8651023, 0.708646] 2.6606092 0.9463153 0.91969675 1.2670805
[2148, 0.5421278, 0.9883284, 4.6690545, 0.6001184] 2.9594905 0.85394764 0.80546844 1.240962
[2149, 0.51902455, 1.0348755, 4.3037014, 0.4579708] 2.645015 0.9489967 1.0517586 1.5041089
[2150, 0.46913168, 1.0225227, 6.29858, 0.47969213] 2.718589 0.90487313 0.98588604 1.0679818
[2151, 0.39636004, 1.0435469, 7.003573, 0.38468608] 2.3858852 0.9617461 1.0512173 1.336015
[2152, 0.55673254, 0.97184896, 4.7882695, 0.48911583] 2.807928 0.8947163 0.91758865 1.2829695
[2153, 0.51017505, 1.0477072, 3.5941324, 0.6819731] 2.9126892 1.0942621 0.8293371 1.3785223
[2154, 0.5069157, 0.9867462, 6.450592, 0.3955125] 2.645126 0.8588911 0.9997699 1.1733928
[2155, 0.35391378, 1.2460753, 2.40903, 0.709681] 3.4720926 0.8791723 0.93672806 1.0944659
[2156, 0.36709267, 1.0424371, 7.728554, 0.48907915] 2.3452272 0.9039544 1.030203 1.3491355
[2157, 0.4226273, 1.0321506, 7.474933, 0.47582152] 2.526282 0.8614599 1.0009452 1.1996652
[2158, 0.47235233, 0.9980096, 6.864476, 0.69590956] 2.5144908 0.84277314 0.9481786 1.5093504
[2159, 0.43683913, 1.0452652, 7.1834297, 0.47899154] 2.5439358 1.0188255 0.9351935 1.2728364
[2160, 0.50597245, 1.0038198, 6.4938083, 0.46798682] 2.588961 0.90360826 1.060331 1.2539876
[2161, 0.47551495, 1.0694615, 3.9232633, 0.5382581] 2.9636 0.7800295 0.90816444 1.3785251
[2162, 0.5151824, 0.99197614, 5.4302783, 0.51842874] 2.6790981 0.96419746 0.92287236 1.1970139
[2163, 0.47751203, 1.0477662, 4.575994, 0.5782956] 2.7472801 0.9317775 0.995086 1.3605456
[2164, 0.5495406, 0.9641855, 5.3967137, 0.53314465] 2.6797094 1.01343 0.93846333 1.2875534
[2165, 0.47569835, 1.005564, 5.150769, 0.50074685] 2.7009363 1.0033034 0.9520822 1.2522706
[2166, 0.59581816, 0.9516759, 4.2741585, 0.5951059] 3.0372868 0.9236476 0.8280836 1.0772913
[2167, 0.45770872, 1.030749, 6.644304, 0.51731586] 2.7045496 0.9319533 0.9991052 1.0684047
[2168, 0.4341394, 1.0497112, 6.9225817, 0.4349346] 2.5545244 1.083217 0.91198736 1.1475519
[2169, 0.5181023, 1.0422921, 3.604519, 0.6514254] 2.991374 0.9028573 0.89521396 1.2993381
[2170, 0.53114146, 1.0224983, 4.641464, 0.5582126] 2.7633116 1.0211581 0.9876143 1.3324857
[2171, 0.48613584, 1.0166695, 6.3109527, 0.5138735] 2.6263547 0.9053404 0.91382754 1.2869731
[2172, 0.4247389, 1.013869, 7.2768993, 0.42332184] 2.5597959 0.93006873 0.7853979 1.1889238
[2173, 0.51541156, 1.0418583, 4.3667765, 0.6753563] 2.9338946 0.82437664 0.83276194 1.4054992
[2174, 0.61548764, 0.94774336, 4.3428936, 0.51445085] 2.9984477 1.1864891 0.8752837 0.8922656
[2175, 0.5486551, 1.0009669, 4.4089108, 0.5753019] 2.8054004 1.1291914 0.8577754 1.269473
[2176, 0.4422267, 1.1066647, 3.7609596, 0.64766026] 2.9034376 0.9373079 0.9177041 1.3941503
[2177, 0.47887197, 1.0174506, 6.1348577, 0.52035105] 2.6148634 1.0615095 0.9424919 1.2108846
[2178, 0.46350655, 1.0158055, 6.2585416, 0.67108715] 2.7090585 1.0859087 0.7686879 1.2235707
[2179, 0.52282816, 0.9888477, 5.8325524, 0.51139146] 2.669969 0.95441544 0.99360234 1.3506645
[2180, 0.41379547, 1.1329921, 2.7775834, 0.5422483] 3.04647 0.96186817 0.9156168 1.4787809
[2181, 0.5647224, 0.9631553, 5.3015237, 0.6915343] 2.6345685 0.9444282 0.9281509 1.4647175
[2182, 0.47702688, 1.0037063, 6.550999, 0.50068283] 2.469579 1.0513155 0.9527752 1.331673
[2183, 0.40121362, 1.0595398, 5.737422, 0.5712043] 2.702594 1.0009292 0.9297611 1.21482
[2184, 0.47790813, 1.0144879, 8.195495, 0.636249] 2.528214 0.86940867 1.0640677 1.3208208
[2185, 0.43103105, 1.057328, 6.5588727, 0.48349437] 2.6678216 0.8824832 0.8948549 1.2402935
[2186, 0.43935207, 0.9151323, 6.1816072, 0.28179792] 1.9918606 1.0316944 1.0084101 1.4499239
[2187, 0.37592793, 1.0071229, 7.9708023, 0.3833847] 2.3351483 0.7786202 0.97828895 1.42432
[2188, 0.41637745, 1.0514567, 5.5191374, 0.40466827] 2.6386821 1.0536513 0.902324 1.2953327
[2189, 0.5614488, 0.98774093, 3.7538185, 0.5498659] 3.0119317 1.0649291 0.86470705 1.0542247
[2190, 0.53390056, 1.0242342, 3.7335541, 0.5069026] 2.992807 0.90176266 0.91173804 1.2916267
[2191, 0.51732683, 1.0116161, 4.379434, 0.67941964] 2.8904877 1.0359634 0.88972485 1.1110501
[2192, 0.47699463, 1.0103064, 7.483296, 0.46248677] 2.4284415 1.119282 0.96552676 1.1981893
[2193, 0.38263997, 0.99035347, 7.0392404, 0.29189837] 2.1856265 1.0466045 1.0780139 1.1892558
[2194, 0.49009013, 1.0209223, 4.478228, 0.5057936] 2.9568717 1.0150899 0.84292257 1.0520396
[2195, 0.49124852, 1.0201573, 6.005651, 0.7383478] 2.8303347 0.9156251 0.90644246 1.0903484
[2196, 0.40560967, 1.0460579, 6.3613753, 0.5018795] 2.5520477 1.0421075 0.94099146 1.3059957
[2197, 0.46177608, 1.0097841, 7.471538, 0.61482805] 2.603134 1.0242426 0.83616126 1.2020516
[2198, 0.44545686, 0.9847442, 7.9826646, 0.384281] 2.3436565 0.8451206 0.8968809 1.4778267
[2199, 0.4534373, 0.9995376, 7.550706, 0.45328772] 2.4807155 0.9617963 0.935936 1.2814492
[2200, 0.45750952, 1.0225958, 6.723352, 0.5560621] 2.494164 0.84984875 1.1654929 1.2944555
[2201, 0.5046043, 0.98280984, 7.375075, 0.5581188] 2.4006603 1.1084862 1.0791538 1.3142034
[2202, 0.5220623, 1.0123066, 4.2322803, 0.46216106] 2.8027656 0.9858673 0.9765072 1.2045404
[2203, 0.51299757, 1.0190232, 4.8719397, 0.46261796] 2.6069865 1.0074522 0.96726733 1.4790999
[2204, 0.52939487, 0.98241425, 5.633357, 0.511969] 2.636478 1.0271237 1.0412912 1.0963907
[2205, 0.4448792, 1.0534523, 6.006834, 0.5552291] 2.5094156 1.150321 1.0713683 1.3020536
[2206, 0.5207135, 1.0208051, 3.4490986, 0.58433586] 3.1062996 0.95472395 0.91112936 1.1082232
[2207, 0.5486977, 1.0183297, 3.7877235, 0.5756379] 2.9896448 1.0213925 0.90740204 1.2060019
[2208, 0.54601294, 0.9894841, 4.6702147, 0.58483356] 2.8388038 0.9507049 1.0050801 1.1742471
[2209, 0.5535933, 1.0167319, 3.4565716, 0.60048884] 3.0516026 1.0990796 0.95525765 0.99634874
[2210, 0.48756763, 1.0210915, 4.671034, 0.5121618] 2.6633797 1.0010794 0.98600787 1.3350513
[2211, 0.5043761, 1.0053923, 5.428931, 0.5698565] 2.706151 1.0315282 0.9232012 1.238398
[2212, 0.4952313, 1.0485489, 3.1592293, 0.54947853] 3.2091343 0.9088987 0.6638341 1.2014295
[2213, 0.4893554, 1.0226611, 5.126768, 0.60062325] 2.7230732 1.152066 0.8500099 1.2351946
[2214, 0.47495627, 1.0218178, 5.887967, 0.43855906] 2.5813382 0.9824406 0.9839565 1.3179222
[2215, 0.4474424, 1.0324119, 6.1818776, 0.5727543] 2.6786082 0.91941386 0.9547847 1.2629141
[2216, 0.4752645, 1.0280855, 7.657574, 0.55793446] 2.4783838 0.95729357 0.92098856 1.4059405
[2217, 0.5461007, 1.0212774, 3.597194, 0.58389485] 3.1378236 0.71953875 0.88607514 1.2596077
[2218, 0.48398185, 1.0287026, 6.372792, 0.5149497] 2.4130497 1.0637761 1.0703646 1.4601513
[2219, 0.504268, 1.0418445, 3.7202451, 0.5409869] 2.8680463 1.0224636 0.8861532 1.3390534
[2220, 0.47315684, 1.020554, 5.2425423, 0.4662407] 2.7273557 0.9111047 0.96363455 1.2942613
[2221, 0.44442764, 1.0389593, 6.891151, 0.76229054] 2.4997458 1.0000314 1.1204143 1.3009895
[2222, 0.55297863, 0.9697846, 4.8831387, 0.4855395] 2.7470052 0.9704817 0.85884655 1.3624103
[2223, 0.4077495, 1.0672766, 6.940873, 0.7136801] 2.5452359 1.0388657 0.94109553 1.1812978
[2224, 0.5116988, 1.0064182, 5.8276286, 0.6047966] 2.5589237 0.9517883 0.96441424 1.4384314
[2225, 0.3956317, 1.0658365, 7.1123786, 0.5080818] 2.683817 0.986066 0.8973406 1.103158
[2226, 0.52740145, 0.98048866, 5.690746, 0.6482287] 2.6672215 0.9512824 0.980279 1.3406177
[2227, 0.48197138, 1.02899, 6.0187364, 0.49374336] 2.6182554 0.9880401 0.9626029 1.3536811
[2228, 0.5111193, 1.0022146, 5.2298293, 0.52868545] 2.5879626 1.0096428 1.016436 1.3077712
[2229, 0.5107446, 1.015001, 4.727757, 0.5894656] 2.818298 0.8792183 1.0381317 1.1602182
[2230, 0.45466143, 1.0374919, 5.8850408, 0.5439162] 2.6017227 0.9096496 1.0707346 1.3617756
[2231, 0.44937158, 1.025551, 5.984472, 0.6013215] 2.5522392 1.1585723 0.9289242 1.1547992
[2232, 0.42043394, 1.0277002, 8.212467, 0.5048605] 2.3731067 1.0920738 0.85476345 1.4109062
[2233, 0.45691898, 1.0188367, 8.102971, 0.55433935] 2.5043645 1.0364664 0.9762723 1.1112916
[2234, 0.47430363, 1.008922, 6.8596034, 0.5282735] 2.638368 0.8816502 0.9080745 1.2357554
[2235, 0.5161633, 1.0245084, 4.9929914, 0.5314481] 2.7276957 0.92751604 1.0100249 1.2645506
[2236, 0.46173194, 1.0038284, 7.7416573, 0.40552694] 2.5239127 1.0578371 0.99970603 0.97949606
[2237, 0.5347295, 0.86026764, 6.09155, 0.23674977] 2.1210678 0.9396969 0.947311 1.3642331
[2238, 0.45684338, 1.0226817, 6.827798, 0.47975895] 2.5122142 0.9004983 1.0382354 1.282576
[2239, 0.49616954, 0.993937, 6.71881, 0.46027365] 2.5200408 0.9877007 0.8777454 1.363412
[2240, 0.5045582, 0.99597013, 6.0411716, 0.5207517] 2.6727958 0.9286951 0.856559 1.3506917
[2241, 0.4504513, 0.982319, 8.062742, 0.40968093] 2.2600212 1.0897056 0.9588079 1.3926959
[2242, 0.52787554, 1.0007428, 6.8296947, 0.4500762] 2.3267653 0.9178592 1.1497401 1.4524401
[2243, 0.5539446, 0.97448826, 6.5697355, 0.6729138] 2.8151278 0.9131605 0.8904153 1.0537049
[2244, 0.44683704, 0.9486613, 6.64869, 0.2614579] 2.3969178 0.8775678 0.8429348 1.1267818
[2245, 0.43349573, 1.0456544, 7.488765, 0.7566046] 2.4551563 0.9281956 0.9432932 1.4147578
[2246, 0.38630003, 1.0455154, 6.278793, 0.5124063] 2.5510335 0.89430135 1.0332277 1.2935658
[2247, 0.39443958, 1.0223308, 7.478318, 0.37683252] 2.3750093 1.0445683 1.0040287 1.2616982
[2248, 0.5374116, 1.0043436, 4.8308, 0.4943723] 2.8081777 0.89888847 0.963902 1.2913938
[2249, 0.5115534, 1.0096312, 4.8851504, 0.56487185] 2.7367506 1.1162541 1.0229741 1.1529315
[2250, 0.48926526, 1.0511823, 3.660817, 0.57161456] 3.1140728 0.7411378 0.9648786 1.2832688
[2251, 0.38537413, 1.0674533, 6.876745, 0.5312279] 2.61241 0.8987943 0.94534934 1.2945347
[2252, 0.36070678, 1.0470868, 7.7607193, 0.72389936] 2.4138715 1.0222212 0.9032426 1.1522367
[2253, 0.4792312, 1.0178894, 5.5366454, 0.5691287] 2.7603197 0.98092544 0.90129477 1.208167
[2254, 0.5408125, 1.0208299, 3.9210103, 0.5891937] 2.8162575 0.95473385 0.9861447 1.4101585
[2255, 0.48101553, 1.0300413, 5.1977115, 0.4844589] 2.7167463 1.0229607 0.9499401 1.239432
[2256, 0.48639876, 1.0088372, 6.6124406, 0.5584779] 2.7581277 0.7283681 0.90481216 1.3093605
[2257, 0.42358714, 1.0016325, 7.546715, 0.3676057] 2.129617 1.0809035 1.0457418 1.4472
[2258, 0.42271677, 1.0461518, 6.6375203, 0.53955185] 2.4491396 1.0423232 0.9680758 1.3052022
[2259, 0.41850412, 1.0576206, 6.354278, 0.53107893] 2.470855 0.9822045 0.9060695 1.4764042
[2260, 0.53234786, 1.0220641, 3.6051896, 0.5241712] 2.9800236 0.91121334 0.9729668 1.3121424
[2261, 0.48099345, 1.0038283, 5.708106, 0.55344707] 2.8225052 0.90063965 0.8346765 1.1729403
[2262, 0.53593826, 0.99727637, 4.8155575, 0.5961452] 2.9565005 0.95247316 0.76026195 1.2440358
[2263, 0.42443666, 1.0002773, 7.5475516, 0.31089386] 2.3988655 0.89930177 0.98405594 1.2163117
[2264, 0.48622066, 1.0199348, 5.7512684, 0.5742226] 2.8163435 0.7985611 0.83683676 1.302617
[2265, 0.41461414, 1.0408431, 7.1154637, 0.4952464] 2.60056 0.78482896 0.9119317 1.2090672
[2266, 0.4900907, 1.0083444, 4.8151646, 0.4437754] 2.6508791 0.95293564 0.8275265 1.50925
[2267, 0.36454582, 1.0191586, 7.489608, 0.30074766] 2.3866763 0.9908498 0.8846845 1.2252744
[2268, 0.48547617, 1.0231428, 5.8249245, 0.6668752] 2.7359853 0.9690607 0.80621594 1.3619484
[2269, 0.42907968, 1.0497371, 6.3183594, 0.47366896] 2.526173 0.9744229 0.983863 1.2768601
[2270, 0.4062169, 1.0542285, 7.5651426, 0.5221518] 2.4943266 0.89345604 1.0103585 1.3947601
[2271, 0.48629096, 1.0276371, 5.2264724, 0.52023166] 2.6637533 0.8755638 1.0143924 1.4812568
[2272, 0.48450541, 1.0170963, 5.4326563, 0.5638406] 2.571138 1.1158575 0.97999793 1.2852366
[2273, 0.53188026, 0.98857707, 5.3362284, 0.5624161] 2.8942153 0.780657 0.80725145 1.3141886
[2274, 0.47320825, 1.0414166, 6.590574, 0.54188913] 2.8220234 0.9275203 0.856549 1.1162393
[2275, 0.4816987, 1.01703, 5.6774144, 0.59296244] 2.7697852 0.9569948 0.7942125 1.2200582
[2276, 0.47667733, 1.0191835, 6.1136713, 0.6420266] 2.6450436 0.93557405 0.997438 1.2307903
[2277, 0.43508792, 1.0288273, 7.7839756, 0.4754977] 2.5477233 0.946462 0.9680303 1.1294526
[2278, 0.4943537, 1.0238206, 5.60399, 0.4927129] 2.781006 0.8712674 0.83461756 1.2718695
[2279, 0.45177978, 0.9949077, 7.75442, 0.5847015] 2.496045 0.96544826 0.88847584 1.169602
[2280, 0.38843113, 1.0495458, 6.768007, 0.5635528] 2.4616764 0.8997076 1.0192801 1.2649517
[2281, 0.48079172, 1.0273933, 7.565429, 0.46499637] 2.696278 0.9341588 0.9358379 1.0596365
[2282, 0.3966193, 1.1694963, 2.6034784, 0.8087259] 3.1796088 0.7897563 0.9364793 1.5317477
[2283, 0.47532314, 1.0044247, 6.697931, 0.5172915] 2.5318043 1.0112073 0.8782046 1.2863047
[2284, 0.48664618, 1.0158668, 5.979017, 0.6982857] 2.5947566 1.191952 0.9719335 1.1642238
[2285, 0.4266291, 1.0367967, 6.2701244, 0.5045413] 2.710371 0.944463 0.8288849 1.2477096
[2286, 0.49648443, 1.0422676, 3.729595, 0.4400828] 3.0065982 0.94232553 0.86981255 1.1796088
[2287, 0.42934203, 1.0423783, 6.919639, 0.47230262] 2.5690405 0.96907896 0.91735065 1.2558175
[2288, 0.44179422, 1.0015701, 7.806539, 0.46450233] 2.3875382 1.1035184 0.9034722 1.2182295
[2289, 0.41869035, 0.96777266, 6.5201225, 0.3682221] 2.3018231 0.8723524 1.0427066 1.1386104
[2290, 0.49725115, 0.9913215, 7.8220425, 0.47518075] 2.401699 0.97573495 1.0274937 1.2905567
[2291, 0.51181996, 1.0000601, 6.6670938, 0.52351993] 2.4672158 0.9858505 0.90246654 1.4829898
[2292, 0.5421852, 0.99428433, 5.2882237, 0.6294386] 2.6911108 1.071998 0.9873699 1.2376294
[2293, 0.5161329, 0.9865306, 5.519139, 0.53186643] 2.786932 0.8475457 0.92619586 1.2403368
[2294, 0.5134765, 0.9241796, 8.112539, 0.4406772] 2.327046 1.113124 1.0321156 0.99715334
[2295, 0.48697755, 1.0123492, 6.0049243, 0.57064563] 2.579257 0.8559593 1.0537589 1.3862891
[2296, 0.43149903, 1.0440052, 6.7921324, 0.4491756] 2.541806 0.993513 0.8338519 1.3710196
[2297, 0.45509464, 1.0165914, 7.178083, 0.44503087] 2.4217596 0.98019063 0.8627669 1.4024652
[2298, 0.36789036, 1.0871392, 7.4634523, 0.5713778] 2.6137865 0.84193516 0.901879 1.2575042
[2299, 0.43950623, 1.0491601, 6.2700505, 0.4427018] 2.7437828 0.8211805 0.8760767 1.232006
[2300, 0.43409917, 1.0372566, 6.599696, 0.64061606] 2.62179 0.95007706 0.90987575 1.2288152
[2301, 0.45659202, 1.0122411, 6.8949294, 0.47508782] 2.4584394 0.93670183 0.9499612 1.3882821
[2302, 0.49660182, 1.0145348, 4.7849174, 0.50304747] 2.840876 0.8339777 1.012758 1.2381848
[2303, 0.51543945, 1.0379446, 3.8941464, 0.63512355] 2.9937065 0.85048574 0.9639814 1.2559891
[2304, 0.52794474, 1.0061741, 5.383895, 0.6211983] 2.8007014 0.9067199 0.86255014 1.2978325
[2305, 0.49023503, 1.0319965, 5.068484, 0.46585697] 2.8114278 1.0092794 0.8357839 1.214711
[2306, 0.45504576, 1.0374415, 5.6522517, 0.50877386] 2.589611 1.0723691 0.9618605 1.3360872
[2307, 0.36283302, 1.0418552, 8.699183, 0.4437392] 2.3451147 1.032224 0.8483414 1.3783596
[2308, 0.5308631, 0.99522287, 6.107135, 0.55757785] 2.7103333 1.1116514 0.87344635 1.1146442
[2309, 0.4727418, 0.9356861, 6.592282, 0.31878588] 2.16408 0.9786237 0.9795101 1.388538
[2310, 0.47914082, 1.0173502, 5.484746, 0.47879505] 2.7360692 0.79680794 0.97553074 1.3403268
[2311, 0.4908299, 1.0328861, 4.9760313, 0.9090293] 2.8025146 1.0235648 0.823205 1.1812975
[2312, 0.45616922, 1.0206109, 6.907104, 0.5716954] 2.5348012 1.0327182 0.9285338 1.2239789
[2313, 0.47663167, 1.0538722, 4.143725, 0.5159439] 2.8768284 0.9378124 0.8581079 1.3927397
[2314, 0.5966214, 0.94825256, 5.2862716, 0.516433] 2.9389086 0.8519094 0.94804555 0.99640864
[2315, 0.5340229, 1.0076135, 4.604859, 0.61084133] 2.9393952 0.81425256 0.8086684 1.379016
[2316, 0.5223055, 0.9956188, 5.330517, 0.38090947] 2.68409 0.90047437 0.8242342 1.499114
[2317, 0.42693502, 1.005529, 7.6692553, 0.5524331] 2.4445665 1.0062993 0.9866829 1.1613694
[2318, 0.459618, 1.0578897, 6.0671253, 0.493476] 2.7775648 0.8899421 0.8512868 1.175322
[2319, 0.478371, 1.0422388, 6.0639796, 0.44795126] 2.6305144 1.0787578 0.96991163 1.0876304
[2320, 0.52845055, 1.0300298, 4.0109057, 0.5789766] 2.905309 0.83610904 0.927088 1.3799902
[2321, 0.484765, 0.9382583, 7.118076, 0.306775] 2.2546444 0.90805036 1.0201875 1.3660532
[2322, 0.51494443, 1.0093148, 4.889019, 0.8904081] 2.7390656 0.89580417 0.9793646 1.3917389
[2323, 0.48792797, 0.99029535, 6.127283, 0.669698] 2.5764346 1.0757271 0.93149626 1.2720065
[2324, 0.4133976, 0.97428215, 6.251242, 0.30160993] 2.142146 1.0345297 1.003295 1.3558717
[2325, 0.48909774, 1.0108536, 6.3895984, 0.64433926] 2.6940563 0.94299346 0.9058621 1.1653668
[2326, 0.5363943, 0.9616199, 7.586517, 0.45357677] 2.57335 0.91608804 0.9492566 1.1409718
[2327, 0.50668323, 0.9955833, 6.133066, 0.4477894] 2.837045 0.8564995 0.8367097 1.004778
[2328, 0.4332226, 1.0046008, 7.9794507, 0.4826257] 2.508838 0.9386967 0.7906875 1.2895045
[2329, 0.47443706, 1.0178971, 6.6611104, 0.5126639] 2.415263 1.1554855 0.97512144 1.4643815
[2330, 0.45279536, 1.0265827, 6.60461, 0.49864277] 2.5146878 1.0985851 0.98235774 1.2901926
[2331, 0.45128962, 1.0228119, 5.618671, 0.42431358] 2.6379282 1.0030535 0.8515602 1.3341135
[2332, 0.5902892, 0.9430639, 5.408845, 0.44061154] 2.636149 1.0705115 1.1341401 1.1546904
[2333, 0.47228333, 1.0368638, 4.9891505, 0.56783193] 2.7793193 0.9414724 0.960617 1.1883572
[2334, 0.49563587, 1.0346777, 5.4731107, 0.5112599] 2.7266564 1.0543152 0.9401915 1.1986014
[2335, 0.5198805, 0.9952601, 7.1273117, 0.43964198] 2.448184 0.9857289 1.0819886 1.2585194
[2336, 0.44873172, 1.0857074, 3.7349584, 0.7368865] 3.0803838 0.8934415 0.9339101 1.1705494
[2337, 0.3774129, 1.0047916, 7.263678, 0.34508905] 2.2674513 0.9463988 1.0534968 1.2413533
[2338, 0.52193403, 0.9949184, 4.7312098, 0.5393053] 2.7992954 0.7675215 0.88268393 1.4618407
[2339, 0.45759615, 1.0138518, 7.026625, 0.56616527] 2.5073287 0.9248837 0.9986718 1.3442333
[2340, 0.43398649, 1.0390099, 7.7368155, 0.47995618] 2.3911102 0.97535527 0.9225541 1.4903407
[2341, 0.48828825, 1.0089098, 5.9015784, 0.5995006] 2.6485934 0.9588605 1.0541624 1.166983
[2342, 0.54317796, 0.9922456, 5.2840333, 0.59321326] 2.5561712 0.93807393 0.89349276 1.6180812
[2343, 0.49675164, 0.9984581, 6.012038, 0.4838956] 2.6439917 1.0774374 0.94185996 1.1793312
[2344, 0.5353133, 0.9477592, 6.534402, 0.34949496] 2.3000977 1.0047663 0.943623 1.5457873
[2345, 0.4773029, 1.061983, 3.5610738, 0.56025845] 2.9533777 0.93945265 0.90310794 1.3284613
[2346, 0.40315253, 1.0619357, 5.681732, 0.5061067] 2.6228995 1.013408 0.9623017 1.2124414
[2347, 0.39358997, 1.005571, 7.433676, 0.3896255] 2.3630462 0.9459594 0.8724462 1.2494066
[2348, 0.4144177, 1.0551515, 6.781706, 0.7020147] 2.6324565 1.0018108 0.9015867 1.2070093
[2349, 0.61375165, 0.9733078, 4.327518, 0.60003585] 2.8748174 1.0027018 0.85066694 1.3320271
[2350, 0.48251352, 0.9864085, 7.0759106, 0.5105708] 2.5292091 1.0470535 0.8787312 1.2852712
[2351, 0.5393613, 0.98783344, 5.0029397, 0.54447186] 2.8190613 0.93759406 0.8460249 1.1591536
[2352, 0.5047487, 1.0106604, 5.632844, 0.47502366] 2.668037 1.1131958 0.91655904 1.1858823
[2353, 0.4363104, 0.9852773, 7.181252, 0.30615872] 2.3099253 0.97320324 0.99694914 1.2082633
[2354, 0.44141167, 1.0182779, 7.4514565, 0.44284317] 2.4100852 0.9831421 0.93010974 1.3766704
[2355, 0.45423383, 1.0306543, 6.527932, 0.4968194] 2.7179527 0.9329857 0.9265326 1.1631416
[2356, 0.51201326, 1.0067334, 6.4904594, 0.5884148] 2.57272 0.89654416 0.9646916 1.3840663
[2357, 0.5339687, 1.0344225, 3.8884046, 0.5699589] 2.9252257 0.9385045 0.9404827 1.3809476
[2358, 0.4504118, 1.0135055, 7.36378, 0.47842732] 2.5301986 1.0486515 0.95854896 1.0393546
[2359, 0.56493837, 0.9754267, 5.1808705, 0.47636548] 2.7474372 0.8406918 0.9819138 1.3328251
[2360, 0.44093987, 1.050801, 6.7047615, 0.53308916] 2.52188 1.0532563 0.8863452 1.3743542
[2361, 0.5606292, 0.97327495, 4.921155, 0.5454787] 2.9527533 0.7891779 0.85340273 1.2210668
[2362, 0.4329967, 1.0390564, 6.1971903, 0.63121474] 2.594966 1.0038334 0.8690477 1.4127004
[2363, 0.47679338, 1.0010026, 7.686691, 0.5199281] 2.605617 0.8572226 0.98140377 1.0793198
[2364, 0.36676958, 1.0769868, 7.5006266, 0.4887208] 2.4641619 0.9525748 1.0361351 1.2346811
[2365, 0.46368828, 1.0284346, 5.064981, 0.5112454] 2.7717702 0.95447934 0.86068296 1.2533522
[2366, 0.48095483, 1.0262038, 4.874016, 0.61544466] 2.7094297 0.9844106 0.8762348 1.3527988
[2367, 0.47246864, 0.990072, 6.79394, 0.48504323] 2.5668955 0.97197753 0.90895927 1.229276
[2368, 0.49596897, 1.0045695, 5.511928, 0.50600463] 2.7864227 0.7496498 1.0309354 1.2556818
[2369, 0.37739998, 1.0392569, 8.932683, 0.5184706] 2.479395 0.8922809 0.87267333 1.1123828
[2370, 0.3928838, 1.0586865, 7.3468547, 0.4734737] 2.5614073 0.9901313 0.970387 1.2385298
[2371, 0.46625113, 1.0171587, 7.6751018, 0.5262482] 2.517005 1.1547987 0.97801983 1.025897
[2372, 0.47865167, 1.0351745, 6.106591, 0.5827513] 2.677028 1.0711311 0.79377156 1.267428
[2373, 0.52259797, 1.019721, 4.4568305, 0.4766028] 2.8266935 0.92401683 0.98081005 1.3126998
[2374, 0.49896365, 1.0071746, 5.256098, 0.54274935] 2.5692446 1.1020379 1.0214368 1.379811
[2375, 0.5770401, 0.96937394, 4.6602917, 0.5163991] 2.5963306 1.1338582 1.1843255 1.3194897
[2376, 0.39593443, 1.0370325, 7.460063, 0.41456166] 2.477772 0.9055591 0.9310298 1.3605871
[2377, 0.5517623, 0.959381, 5.4700327, 0.484562] 2.7330444 0.91003734 0.99750715 1.1718123
[2378, 0.46119523, 1.0257041, 4.862438, 0.54132414] 2.6888428 1.0329403 1.0531605 1.2333976
[2379, 0.5390342, 1.0027046, 4.647332, 0.3908277] 2.8088596 0.9460059 0.890142 1.1572834
[2380, 0.4170066, 1.0172312, 7.439282, 0.44305634] 2.4312623 1.0813696 0.9349405 1.2120503
[2381, 0.3937442, 0.91410035, 6.1313934, 0.23655716] 1.9616369 0.8895269 1.0266409 1.2663692
[2382, 0.47707093, 1.0297004, 7.7341795, 0.5048404] 2.5842843 0.9900264 0.8278001 1.2516854
[2383, 0.50891376, 0.9989443, 4.989946, 0.5802604] 2.769181 0.99038047 0.83932805 1.321671
[2384, 0.48538142, 1.0319115, 4.794772, 0.56415695] 2.8914652 0.8239263 0.88946766 1.275359
[2385, 0.45053288, 1.0381215, 5.628018, 0.49281794] 2.7100418 0.9203202 1.0153209 1.2729334
[2386, 0.5067395, 1.01969, 4.4417005, 0.5505591] 2.8435974 1.1108001 0.9809444 1.1074535
[2387, 0.5926931, 0.92774045, 5.184077, 0.5977712] 2.7458832 0.96462554 0.9623289 1.3612846
[2388, 0.4906389, 1.0337416, 5.922999, 0.5176601] 2.727586 0.9748052 0.91456395 1.2797232
[2389, 0.46010244, 1.0349408, 5.529584, 0.44294003] 2.5851579 0.9840215 0.97491807 1.3422081
[2390, 0.4665613, 0.9711785, 7.2719336, 0.35396218] 2.332202 1.0367714 0.98211455 1.2647033
[2391, 0.5234862, 0.9983919, 6.565044, 0.60128015] 2.61851 1.0561051 0.9719403 1.2405927
[2392, 0.54419225, 1.0165069, 4.0769396, 0.4855583] 2.8472612 0.9443638 0.877023 1.4480312
[2393, 0.4694215, 1.0015156, 6.7597427, 0.5482095] 2.562426 0.9040597 1.0765396 1.1336827
[2394, 0.47326493, 1.0173883, 7.194656, 0.4390018] 2.43767 1.1029093 1.0135217 1.2725058
[2395, 0.5338198, 1.0013533, 4.282767, 0.4630166] 2.9007885 0.9516156 0.87108374 1.209569
[2396, 0.5217173, 1.0039178, 6.3503413, 0.6530162] 2.5142455 1.0542318 0.9925034 1.3539927
[2397, 0.35446814, 1.0765153, 7.7618346, 0.57501364] 2.443093 0.8267864 0.9081275 1.4563446
[2398, 0.476957, 1.0042069, 7.238741, 0.5519382] 2.6118605 0.961973 0.84003454 1.2442429
[2399, 0.43173897, 1.0690686, 5.641205, 0.5287027] 2.7151427 0.9295275 0.93177485 1.3004415
[2400, 0.51783514, 1.0204959, 4.221864, 0.5553278] 2.85448 0.9936247 0.96563274 1.34891
[2401, 0.5419252, 0.99408174, 4.036414, 0.5872536] 2.9671447 0.8971155 1.027967 1.1415164
[2402, 0.46013853, 1.0266442, 6.725811, 0.46889865] 2.469433 1.0202421 0.9578669 1.3939754
[2403, 0.57333976, 1.0074743, 4.000988, 0.5262662] 2.9675934 0.85042334 1.0536379 1.1668348
[2404, 0.51441896, 1.0002464, 5.419145, 0.5279938] 2.7614806 0.95802635 0.89206856 1.2188548
[2405, 0.48733705, 1.0209404, 4.4047766, 0.4674563] 2.8073232 0.9544041 0.9381 1.2643903
[2406, 0.5660298, 0.96424747, 4.779606, 0.5764584] 2.8056245 1.0031629 0.99259 1.0744815
[2407, 0.5097661, 0.99797815, 5.701629, 0.43926644] 2.7355585 0.9455063 0.92590827 1.2012947
[2408, 0.44169152, 1.0079701, 8.134767, 0.5157769] 2.3690464 1.0071254 0.85126734 1.4414539
[2409, 0.43474352, 1.041507, 7.0974417, 0.51985025] 2.5960736 0.9746017 0.81182617 1.2850091
[2410, 0.46450725, 0.9321995, 6.4875174, 0.2847032] 2.0766494 1.0059255 0.98472303 1.5280287
[2411, 0.49946457, 1.0108753, 6.125551, 0.5515329] 2.5290835 0.9883845 1.0361387 1.3510555
[2412, 0.4814348, 1.020322, 6.311285, 0.55001754] 2.5268526 1.0716497 0.94043636 1.2798365
[2413, 0.42967823, 1.0665076, 6.224871, 0.82018995] 2.7568579 1.0276248 0.85303205 1.1601282
[2414, 0.517283, 1.0034852, 5.725135, 0.52115506] 2.7253437 0.8411896 1.0170704 1.1999823
[2415, 0.5439835, 0.9818225, 6.153605, 0.49502486] 2.6273513 0.9034789 0.8334743 1.4410613
[2416, 0.5577855, 0.9727725, 5.136491, 0.5383529] 2.5432928 1.0642481 1.1184069 1.3017102
[2417, 0.4726906, 1.0199816, 6.157095, 0.5156677] 2.7362623 0.98087984 0.88528603 1.1664939
[2418, 0.48344362, 0.99955106, 6.8211265, 0.6151079] 2.537459 1.1119709 0.8815197 1.2774168
[2419, 0.43963215, 1.0477922, 6.3363867, 0.60248744] 2.6064432 0.88186485 0.94019383 1.3679287
[2420, 0.45350468, 1.0316943, 7.4982305, 0.5236853] 2.4777393 1.1743265 0.9290483 1.1901911
[2421, 0.50662696, 0.9926813, 7.4826264, 0.5402954] 2.5095446 0.98313415 1.1372815 1.1695665
[2422, 0.43132934, 1.0538065, 6.822415, 0.7601808] 2.669826 1.0681391 0.7891826 1.2099998
[2423, 0.5262134, 1.0090019, 4.8050337, 0.54314744] 2.701616 0.9993191 0.953249 1.4625245
[2424, 0.49909213, 1.0216175, 5.6052966, 0.61603624] 2.8635414 0.848178 0.85603046 1.208185
[2425, 0.4787296, 1.0322206, 5.9416604, 0.70891017] 2.6913404 0.8359474 1.0343866 1.1889286
[2426, 0.5202169, 1.0097171, 4.8213444, 0.51562357] 2.7400768 1.0223005 0.9821219 1.2669102
[2427, 0.46784425, 1.0237303, 6.803691, 0.44962144] 2.7158897 0.9907178 0.8370473 1.0999418
[2428, 0.4181268, 1.0377773, 7.1874714, 0.5292183] 2.4092567 0.992761 0.9910664 1.381086
[2429, 0.45621362, 1.0356845, 6.997435, 0.4925686] 2.5566437 1.1295602 0.8895753 1.1763836
[2430, 0.5591587, 0.9993783, 4.867628, 0.5951995] 2.6659675 1.0739082 1.077249 1.2758317
[2431, 0.49396732, 1.048635, 4.3463244, 0.7820077] 2.891257 0.83132327 0.8993213 1.424514
[2432, 0.42089656, 1.0492319, 7.2475247, 0.43890277] 2.4832292 0.99863183 0.91870874 1.3149146
[2433, 0.5348602, 0.99680805, 4.062213, 0.47017503] 2.981613 0.8747059 0.97725874 1.1149254
[2434, 0.38278043, 1.0663913, 5.647402, 0.54102814] 2.6287203 0.9296571 0.9902356 1.3303105
[2435, 0.41154176, 0.98695004, 7.7108035, 0.4110317] 2.337915 1.1420263 0.95930123 1.1349145
[2436, 0.56181943, 0.98672694, 4.44981, 0.45954597] 2.704701 0.869186 1.2243854 1.3444914
[2437, 0.54088575, 0.98810625, 5.0511646, 0.46400934] 2.811637 0.9353766 0.85814804 1.2982147
[2438, 0.4525114, 1.0147271, 7.5006843, 0.57614696] 2.489793 0.95734197 0.8862223 1.3970934
[2439, 0.55322784, 0.98592246, 4.8356166, 0.5216898] 2.8387022 0.91496956 0.96783406 1.1984448
[2440, 0.5152544, 1.0316483, 4.558277, 0.51168203] 2.8458602 0.990483 0.96818626 1.1549734
[2441, 0.54899454, 0.984259, 4.6886673, 0.49239472] 2.9234421 0.82632333 0.9701845 1.1421117
[2442, 0.4813216, 1.0046284, 6.8395443, 0.53054774] 2.4443326 1.0192447 0.8972229 1.4623557
[2443, 0.4483233, 1.1143944, 2.7988148, 0.56529784] 3.1886704 0.8884294 0.9522566 1.2400739
[2444, 0.5142525, 1.015494, 4.631666, 0.55549026] 2.818635 0.92286 0.8518278 1.391532
[2445, 0.5396515, 0.99328285, 5.109686, 0.6776471] 2.6311455 1.0190626 1.0295782 1.3494806
[2446, 0.3847047, 1.0526172, 7.0198855, 0.6981393] 2.6650567 0.9236503 0.8274469 1.2284323
[2447, 0.57672477, 0.9764804, 4.3335156, 0.44627902] 2.7723653 0.88378495 1.113333 1.2812423
[2448, 0.4743888, 1.033217, 6.2070637, 0.5725071] 2.6511142 1.0345265 0.88789046 1.3499011
[2449, 0.47364813, 1.0308777, 6.155835, 0.83201015] 2.643066 1.1140656 0.8917102 1.2339892
[2450, 0.6112739, 0.9286163, 5.0759377, 0.6000909] 2.627829 1.0144038 1.094136 1.2813671
[2451, 0.51219827, 1.017634, 4.6391144, 0.55216604] 2.9052973 0.97686934 0.8014358 1.2367841
[2452, 0.5304714, 0.85900843, 6.290337, 0.25068456] 2.1576805 1.0024368 0.96022046 1.2640382
[2453, 0.5009509, 0.9826785, 7.8362174, 0.55817354] 2.4272542 0.8415862 1.0118566 1.3531148
[2454, 0.35711548, 1.0586574, 7.5293894, 0.51248133] 2.4985125 1.0080451 0.8258338 1.2054727
[2455, 0.46667048, 1.068818, 3.468101, 0.566131] 2.948261 0.88079786 0.9444941 1.4194853
[2456, 0.39948365, 1.0594382, 7.395389, 0.47868463] 2.5296926 0.806763 0.9420587 1.3907181
[2457, 0.44981152, 1.0524932, 6.1022363, 0.52412504] 2.6328008 0.93259203 1.128974 1.1705092
[2458, 0.54107344, 0.9733478, 6.7192335, 0.73184234] 2.512483 0.939816 0.94138503 1.4041884
[2459, 0.4786945, 1.0298883, 5.8258877, 0.4763431] 2.7130473 0.9099962 0.91631293 1.2469838
[2460, 0.5280309, 0.9966768, 4.326893, 0.5689154] 2.968642 0.9855989 0.8582178 1.0877823
[2461, 0.6614431, 0.92174685, 4.372764, 0.48708147] 2.8164327 1.044617 1.0340775 1.1563191
[2462, 0.4745035, 0.9888142, 7.457325, 0.48373744] 2.3898938 1.1123585 0.9389023 1.3126955
[2463, 0.42890307, 1.0188295, 7.761798, 0.42144296] 2.404377 0.8931457 0.9584887 1.3092358
[2464, 0.4118295, 1.0002881, 7.927095, 0.38695595] 2.314024 1.0153477 0.9829359 1.219044
[2465, 0.40716076, 1.0655802, 5.7377033, 0.53889024] 2.661057 0.8017056 0.9644747 1.3443006
[2466, 0.55444646, 1.0098867, 4.392603, 0.59718347] 2.9991317 0.7785255 0.9275088 1.1596224
[2467, 0.532866, 1.0061884, 4.2219434, 0.51788783] 2.9310405 0.9633973 0.88077635 1.2349905
[2468, 0.5806291, 0.9709886, 4.699217, 0.5773375] 2.7469404 0.86269104 0.9309208 1.4878881
[2469, 0.58351433, 0.9523429, 4.5610433, 0.5590486] 2.7469337 1.0469699 1.1007524 1.1139139
[2470, 0.5403209, 1.0133685, 4.5438404, 0.46375307] 2.8415678 0.8921914 0.9478681 1.3584228
[2471, 0.48189732, 1.0371875, 4.252496, 0.55024385] 2.9541166 0.95190716 0.8494432 1.2030475
[2472, 0.43297675, 1.0489079, 7.1194553, 0.55137473] 2.4536648 1.042558 0.9298339 1.4211372
[2473, 0.41752446, 1.0196829, 8.547333, 0.48623636] 2.3248777 1.031542 0.8215097 1.4820051
[2474, 0.64505154, 0.88932437, 5.9218388, 0.50173986] 2.6922357 0.9769859 0.9352185 1.2301165
[2475, 0.49654886, 1.0023997, 6.562081, 0.4792813] 2.592566 0.9869811 0.8618291 1.3344264
[2476, 0.6254901, 0.9601907, 4.5304685, 0.5308118] 2.6530495 1.0674477 0.99158883 1.4591528
[2477, 0.5386626, 1.0235553, 4.0761867, 0.6933157] 2.9020534 0.91396 0.8299986 1.450708
[2478, 0.5292757, 1.0041652, 6.0930533, 0.61314] 2.79707 1.134814 0.89140016 0.9879762
[2479, 0.43720546, 1.0252278, 7.2079997, 0.44878983] 2.3322868 0.96464616 0.99906653 1.5087503
[2480, 0.4989473, 1.0083998, 6.162921, 0.477896] 2.7502673 0.82908356 0.9019553 1.1634793
[2481, 0.39801994, 1.0190064, 8.299109, 0.571217] 2.3384094 1.0454797 1.0082487 1.3772137
[2482, 0.4244488, 1.0284992, 7.351931, 0.5298512] 2.4627326 0.84458447 0.9182811 1.5197895
[2483, 0.42573628, 1.0521408, 7.6033573, 0.5679265] 2.4964254 1.0085653 1.010757 1.249109
[2484, 0.43004468, 1.0562147, 6.6269135, 0.43099374] 2.6224914 0.9067898 0.92588574 1.2569736
[2485, 0.5201921, 0.98834485, 4.5011683, 0.4934924] 2.7054474 0.96912634 0.95394236 1.4813145
[2486, 0.43271434, 0.982341, 7.396148, 0.38297385] 2.2566268 0.97400504 1.1211439 1.2711396
[2487, 0.5346162, 0.98020315, 6.182375, 0.47887194] 2.6983235 1.0269828 0.8677162 1.1931546
[2488, 0.5980646, 0.94950324, 3.6980228, 0.42004624] 2.918866 0.8089468 1.1081792 1.2567894
[2489, 0.46357876, 0.90425366, 5.881139, 0.26349837] 2.154246 0.9990166 0.946825 1.2923765
[2490, 0.5087938, 1.0224707, 4.7957826, 0.49945998] 2.8263152 0.8704213 0.86600596 1.37198
[2491, 0.4640369, 1.0283368, 4.5022163, 0.4944158] 2.7984726 0.83355963 0.83251554 1.476065
[2492, 0.5376428, 1.0113363, 4.9934087, 0.67720014] 2.7679138 1.1081184 0.87901926 1.2856535
[2493, 0.5763145, 0.9484855, 5.9923296, 0.48591378] 2.5327184 0.969099 0.98093337 1.4882634
[2494, 0.43722212, 1.0224969, 7.3417497, 0.49535862] 2.3356051 0.99039817 0.9810897 1.3859955
[2495, 0.5004644, 1.0283669, 4.8783054, 0.502208] 2.8220718 0.8800023 0.8805672 1.3728412
[2496, 0.45841748, 1.0471166, 3.916477, 0.5035386] 2.9240515 1.0064176 0.91746235 1.261081
[2497, 0.48330107, 1.0167071, 4.5891566, 0.772933] 2.8558464 0.99357694 0.94002485 1.1924434
[2498, 0.53586483, 0.9924451, 4.847924, 0.5064444] 2.7465684 1.0554574 1.0352051 1.1399904
[2499, 0.55291134, 0.96468055, 5.1947637, 0.48682627] 2.5731652 1.0971717 1.097622 1.2587788
[2500, 0.4625179, 1.0136021, 6.6664414, 0.45043567] 2.6628764 1.0740755 0.9742058 1.0260197
[2501, 0.45266503, 1.0318416, 6.7255826, 0.50607646] 2.3539689 0.9950987 1.0235513 1.5037045
[2502, 0.49334046, 0.9635942, 8.183255, 0.4147357] 2.4209986 0.9228405 0.9583115 1.2659715
[2503, 0.43440673, 1.0351965, 6.5393467, 0.3662821] 2.4944034 0.9605216 1.0410058 1.3251956
[2504, 0.3838232, 1.0510613, 6.700478, 0.3956778] 2.5907185 1.024865 0.77934694 1.2234099
[2505, 0.4890421, 1.0013477, 7.5146174, 0.6215794] 2.5538206 0.8325135 0.89687335 1.2661049
[2506, 0.52683, 0.99996936, 5.8627195, 0.4664649] 2.6941369 0.90298563 0.80812407 1.3892351
[2507, 0.54503983, 0.98217815, 4.91651, 0.46791142] 2.6180668 1.1493055 1.0355589 1.2500124
[2508, 0.44582495, 1.0568962, 4.738914, 0.5506685] 2.8313074 0.91309863 0.912698 1.2920094
[2509, 0.50537264, 1.0394607, 4.075671, 0.49871978] 2.8864205 0.9482881 0.96628445 1.2929267
[2510, 0.46463877, 1.0649469, 3.777673, 0.66787803] 2.8733141 0.92792547 0.9601944 1.4483755
[2511, 0.5067891, 0.9527761, 7.265948, 0.36417484] 2.4424832 0.80363286 1.0058367 1.2501917
[2512, 0.36086443, 1.0501819, 6.789639, 0.44317737] 2.4540443 0.9659584 0.9055368 1.2909079
[2513, 0.4549204, 1.0469139, 6.1614637, 0.54232955] 2.528321 1.0753576 0.9444074 1.4726062
[2514, 0.38797745, 1.0381362, 8.325831, 0.52470493] 2.4095309 0.97494566 0.988502 1.2819884
[2515, 0.47466838, 1.0448563, 6.247759, 0.4820762] 2.6927187 0.9794915 0.80295825 1.3492438
[2516, 0.50320965, 1.0008153, 5.2468357, 0.53481853] 2.8016388 0.92478245 0.96712744 1.2073233
[2517, 0.52437884, 1.0001855, 5.049754, 0.454238] 2.824368 0.91872144 0.8996357 1.2705517
[2518, 0.45090142, 1.0218991, 6.680355, 0.4043378] 2.7140224 0.8251136 0.9849255 1.0439605
[2519, 0.46771657, 1.0236379, 5.0685124, 0.45421523] 2.8237312 0.72586274 0.8562224 1.3294852
[2520, 0.50622815, 1.006464, 4.817084, 0.6062297] 2.7634227 0.931288 0.8714118 1.3762954
[2521, 0.48746526, 1.0057805, 6.9355087, 0.5980248] 2.6308165 0.993986 0.96241105 1.1660595
[2522, 0.574056, 0.98812777, 4.1153016, 0.554664] 2.780136 0.99520046 0.93072003 1.4203558
[2523, 0.53036207, 1.0108621, 5.8299646, 0.5939754] 2.7528744 0.9523976 0.93997824 1.179613
[2524, 0.4071418, 1.0401018, 6.7768083, 0.45920846] 2.537074 0.92397743 0.9131662 1.4085966
[2525, 0.50228816, 0.96450716, 7.837016, 0.5022656] 2.4251268 0.8264863 0.95876443 1.3581667
[2526, 0.43195742, 1.107854, 3.2101464, 0.56243104] 2.9444115 0.9423325 1.0308621 1.3518239
[2527, 0.43765303, 1.0107778, 8.053214, 0.62080395] 2.5218027 0.9833325 0.9164799 1.1690993
[2528, 0.5490956, 1.0148805, 3.1677263, 0.5941402] 3.218524 0.93561196 0.82029426 1.1153282
[2529, 0.47634673, 1.0110614, 6.9474955, 0.41855767] 2.448632 1.0346155 1.0425569 1.3156538
[2530, 0.48408425, 1.0327256, 6.123631, 0.5065577] 2.478835 0.98919666 1.0455755 1.3845392
[2531, 0.5980545, 0.93719524, 4.519582, 0.45710796] 2.8632576 0.9665181 0.94294447 1.1417167
[2532, 0.38812292, 1.0473907, 7.6634655, 0.3654308] 2.3882306 0.89897174 1.0608397 1.2257007
[2533, 0.50557965, 1.0300453, 4.283469, 0.5463875] 2.8907752 0.75585866 0.8934942 1.452051
[2534, 0.55305254, 0.9734723, 6.7024016, 0.53439355] 2.7350156 1.1220399 0.9226375 0.927381
[2535, 0.4826984, 0.96453667, 6.898486, 0.5440031] 2.6103184 0.9385183 0.8297844 1.2675275
[2536, 0.47681138, 0.9840672, 7.4814973, 0.4910292] 2.466952 0.9673724 0.90105116 1.2637333
[2537, 0.5494025, 1.0034966, 4.599579, 0.6885643] 2.9677627 0.9064087 0.9318609 1.1559361
[2538, 0.44521904, 0.9949275, 6.9319043, 0.37383834] 2.4558809 0.9133031 0.9937755 1.2854623
[2539, 0.4441916, 1.0246994, 6.768073, 0.5674678] 2.6137717 1.0254798 0.847934 1.2233175
[2540, 0.4393045, 1.0288761, 6.9205227, 0.5325299] 2.4338794 0.9765443 1.0778893 1.3679379
[2541, 0.47059542, 1.0551155, 4.496078, 0.5567883] 2.999844 0.870471 0.90758836 1.1194404
[2542, 0.41427743, 1.0270375, 7.6345744, 0.60637796] 2.5754573 0.8888702 0.9277008 1.193545
[2543, 0.45192614, 1.0260203, 7.1689267, 0.48732567] 2.4984908 0.93284845 1.1111646 1.2126368
[2544, 0.5269804, 0.98372686, 6.2296386, 0.58114004] 2.7480624 0.9424096 0.9464097 1.0622051
[2545, 0.48163587, 0.9670462, 7.080232, 0.41953167] 2.507639 0.9406605 0.8630413 1.165671
[2546, 0.45702562, 1.0230205, 5.70317, 0.52197915] 2.555468 1.1626874 0.90193903 1.2869645
[2547, 0.5107874, 1.0307273, 4.3543587, 0.46813667] 2.8770356 0.9152315 0.9398302 1.3000572
[2548, 0.5082119, 0.96903074, 6.9956074, 0.42147842] 2.4040725 0.9744433 0.9733099 1.4307415
[2549, 0.5361839, 0.988386, 5.0800085, 0.38536036] 2.7093844 0.9052773 0.9506978 1.3964266
[2550, 0.49639833, 1.0539694, 3.8926113, 0.5552191] 2.8712623 0.9617321 1.0213681 1.2588202
[2551, 0.46945426, 1.0157573, 4.9970827, 0.4995174] 2.7268965 0.9063845 0.95324194 1.308372
[2552, 0.5172483, 1.0283144, 3.3676465, 0.59029114] 2.9907608 0.9304707 0.91585463 1.2688267
[2553, 0.41864604, 1.039767, 6.9259343, 0.5499416] 2.589467 1.0927474 0.8724109 1.1733071
[2554, 0.45555812, 1.0350535, 6.1660357, 0.53616714] 2.5918422 0.9525743 0.9704759 1.3238541
[2555, 0.49540883, 1.0109534, 5.700815, 0.4231526] 2.587586 1.0277648 0.9798938 1.2954825
[2556, 0.49097773, 1.02742, 5.4516907, 0.43011534] 2.685223 1.0270079 0.9073412 1.275728
[2557, 0.47319782, 1.0232481, 5.619525, 0.5641802] 2.6178868 1.120157 1.0356653 1.1832021
[2558, 0.46114156, 1.0078366, 7.6000686, 0.6437494] 2.5449128 1.0957496 0.8547675 1.1304139
[2559, 0.49335477, 1.0384939, 4.4084406, 0.51764035] 2.8822136 0.89510185 0.8822629 1.3898897
[2560, 0.49203917, 0.99824023, 6.871251, 0.5006713] 2.5533376 0.9394472 0.96735644 1.2650281
[2561, 0.50807226, 1.0063199, 5.907951, 0.645808] 2.7447329 0.96233106 0.9517721 1.2070447
[2562, 0.5009946, 1.0109457, 5.241115, 0.47214544] 2.7772694 0.9124976 0.9176592 1.2758206
[2563, 0.45797902, 1.0296841, 6.2720885, 0.58375627] 2.8225896 0.89114696 0.85996455 1.0972941
[2564, 0.49979216, 1.008224, 6.5696564, 0.66466445] 2.4863288 1.0429996 1.0716289 1.2984519
[2565, 0.55383986, 0.9962966, 4.5882983, 0.5986274] 2.860406 1.0293543 0.80383265 1.287156
[2566, 0.5270546, 0.99451196, 5.131027, 0.60474515] 2.8013575 0.9378507 0.9969192 1.1218522
[2567, 0.4575671, 1.0108001, 7.57802, 0.472238] 2.4557216 0.96563476 0.8907439 1.3983167
[2568, 0.48129538, 1.0014596, 7.010003, 0.58639085] 2.654717 1.0546647 0.8851336 1.1181852
[2569, 0.45758268, 1.0308126, 7.754899, 0.48375332] 2.493574 1.0260326 1.012425 1.2080394
[2570, 0.49470863, 0.99577814, 6.5667205, 0.4233855] 2.5412683 1.0152261 0.8921775 1.3370466
[2571, 0.48900282, 1.0319545, 4.1113234, 0.5146454] 2.950915 0.92473793 0.9122614 1.215389
[2572, 0.4485567, 0.9802648, 7.734245, 0.40870756] 2.2939684 0.988756 0.9790853 1.2349757
[2573, 0.44704998, 1.0273619, 6.498586, 0.69366914] 2.7724621 0.9067096 0.75809026 1.2674396
[2574, 0.47627166, 1.0398375, 3.7440207, 0.48915625] 3.0458977 0.9384675 0.8579194 1.1047262
[2575, 0.5375181, 0.9870258, 4.4600954, 0.53482157] 2.7992365 1.0444582 0.93926555 1.3207918
[2576, 0.4982293, 1.0010772, 6.586076, 0.45900035] 2.4570239 0.86136425 1.108424 1.5026649
[2577, 0.3608647, 1.1757388, 2.5005946, 0.6342639] 3.3743985 0.87649596 0.8511196 1.1010126
[2578, 0.4606179, 1.006053, 7.227764, 0.506154] 2.480357 0.889362 0.98342794 1.339908
[2579, 0.5004793, 0.9798547, 7.0231795, 0.44736105] 2.4093966 1.0925462 0.88678336 1.4054855
[2580, 0.39318866, 1.027503, 7.2921724, 0.468007] 2.51782 0.92722195 0.98282003 1.1640474
[2581, 0.38720056, 1.0201032, 6.9283266, 0.3954617] 2.3729227 0.94218385 0.9704479 1.151204
[2582, 0.43680033, 1.0468824, 7.546076, 0.73183495] 2.576926 1.088577 0.8760371 1.265602
[2583, 0.5429556, 1.0093212, 4.030148, 0.66848594] 2.920769 0.8714479 0.9855371 1.3857533
[2584, 0.5922235, 1.0082681, 3.1044102, 0.58783245] 3.2279532 0.9210171 0.9841729 0.9734394
[2585, 0.5425625, 0.98038274, 5.6150446, 0.55176485] 2.6409822 0.95421326 0.83873904 1.5131745
[2586, 0.4413124, 1.0344067, 6.848337, 0.43691358] 2.5318248 1.0669829 0.94073254 1.1995258
[2587, 0.5136872, 1.0061218, 6.04322, 0.47480094] 2.5711796 0.923928 0.9312795 1.4557694
[2588, 0.50467587, 0.98039067, 5.94023, 0.5931142] 2.7635217 0.88853675 0.9502664 1.1843386
[2589, 0.4957511, 0.985823, 6.3150463, 0.52192193] 2.7352142 0.979508 0.8470991 1.1803626
[2590, 0.37960148, 1.0601631, 6.910493, 0.5761183] 2.5625482 0.9286871 1.0444615 1.3127561
[2591, 0.49478102, 1.0013167, 5.378567, 0.52310866] 2.5442843 1.0845855 0.9705009 1.4332703
[2592, 0.41363248, 1.0539461, 6.739028, 0.51827484] 2.6324863 0.8695579 0.99293786 1.2025167
[2593, 0.48384008, 1.0340986, 4.975522, 0.6225915] 2.824202 0.94356894 0.8153097 1.3495063
[2594, 0.5108849, 0.98571455, 7.4023476, 0.43071312] 2.249049 1.0716755 1.0835319 1.2661444
[2595, 0.43770525, 1.0330684, 7.5134883, 0.47653812] 2.2838328 1.0742121 0.9333585 1.3993226
[2596, 0.5248339, 0.9781958, 4.5610766, 0.4523077] 2.8281083 0.93504316 0.8292275 1.3270026
[2597, 0.51692915, 1.0502315, 4.0518355, 0.69009894] 3.073939 0.9131705 0.7389577 1.2774094
[2598, 0.5102719, 0.9850222, 5.3510294, 0.6336249] 2.899925 0.94703174 0.82087743 1.0838114
[2599, 0.3451602, 1.0786716, 7.906967, 0.5320078] 2.567507 0.9278359 0.9824061 1.1133212
[2600, 0.45300522, 0.9696389, 6.502158, 0.38937345] 2.227763 0.9518416 1.0299549 1.3412052
[2601, 0.58492285, 0.96486604, 4.306707, 0.47821814] 2.855556 0.8883418 0.9256359 1.3275454
[2602, 0.49154657, 1.0341591, 5.0976815, 0.5285997] 2.8050044 0.883056 1.0277498 1.1905421
[2603, 0.5262618, 0.9890423, 6.1457334, 0.53084636] 2.5303266 0.8609407 0.94210434 1.567594
[2604, 0.4424966, 1.0188662, 6.557441, 0.42997852] 2.2541573 1.009336 1.1479717 1.3880955
[2605, 0.4834911, 0.921862, 6.851122, 0.37099728] 2.3172863 0.91508853 0.9170991 1.2691925
[2606, 0.5409614, 1.0021365, 3.8063955, 0.5116827] 2.9792428 0.88285834 1.0399195 1.0875881
[2607, 0.39113328, 1.018913, 8.503523, 0.42966017] 2.3183608 1.0820353 0.93534815 1.2135141
[2608, 0.44393688, 1.0366071, 7.6372657, 0.5727441] 2.4960017 1.0677316 0.923259 1.1951851
[2609, 0.50984406, 0.999268, 4.105905, 0.4284052] 2.7726758 0.88094676 1.0179352 1.3602039
[2610, 0.5004756, 1.0113298, 5.636661, 0.5320785] 2.6334045 0.9757852 0.94561034 1.3271424
[2611, 0.47357145, 1.0689569, 4.1188545, 0.53241265] 2.8632617 1.0407066 1.0045432 1.247369
[2612, 0.53236413, 1.0074525, 4.0011735, 0.5286253] 2.924499 0.9085675 0.93202937 1.2660999
[2613, 0.4820146, 0.99344087, 6.6521344, 0.5315369] 2.734778 0.9417776 0.93600523 1.05422
[2614, 0.42839006, 0.9653868, 7.5111756, 0.39245147] 2.3161683 0.9178383 0.99083203 1.180601
[2615, 0.4960201, 1.0011154, 7.6552534, 0.4451422] 2.481922 1.0085852 0.92621785 1.349256
[2616, 0.44891536, 1.0350314, 6.6799474, 0.5107241] 2.6183379 0.8372863 1.0638747 1.2356048
[2617, 0.49300092, 1.0280924, 4.3819857, 0.48845688] 2.8007665 0.9250891 0.85421187 1.4335325
[2618, 0.43578255, 1.0514518, 6.527617, 0.8302878] 2.6050441 0.90542334 0.9436558 1.3527869
[2619, 0.5590852, 0.976869, 4.4857545, 0.51989657] 2.7565956 1.007414 0.9798029 1.2578291
[2620, 0.42874867, 1.044784, 7.135883, 0.5187989] 2.5931523 0.82498544 0.99814665 1.2384765
[2621, 0.54397345, 1.0000488, 5.4589086, 0.47196692] 2.7682807 0.91214716 1.0645788 1.115484
[2622, 0.44119278, 1.0439187, 5.758824, 0.46122468] 2.7301784 0.9486392 0.8679452 1.1335546
[2623, 0.50764257, 1.0289372, 3.6464908, 0.50990576] 2.912403 0.9729088 0.9333031 1.3431331
[2624, 0.4784354, 0.9138406, 6.30014, 0.28184587] 2.1311824 0.99913925 1.0840896 1.2888987
[2625, 0.40030846, 1.06245, 5.1457477, 0.5221421] 2.7940788 0.9257448 0.9089011 1.2287644
[2626, 0.47819418, 0.99489605, 7.2730517, 0.84945685] 2.5284562 0.96258426 1.0278101 1.14947
[2627, 0.5909122, 0.946545, 4.399877, 0.5718068] 2.9603624 0.9362991 0.90319574 1.1405201
[2628, 0.43178624, 1.010349, 7.975203, 0.59937054] 2.2724369 1.0337933 0.9256105 1.4954964
[2629, 0.49275112, 1.0094608, 5.6716814, 0.56657785] 2.741907 0.9716614 0.9003613 1.2463143
[2630, 0.5191688, 1.0343124, 4.1062036, 0.4622255] 2.9850774 0.90271854 0.9430034 1.1660274
[2631, 0.5043631, 1.0511291, 3.5785868, 0.5528413] 2.8736672 0.98780787 0.9157405 1.5144116
[2632, 0.4602423, 1.0318033, 5.7388663, 0.54923785] 2.7392895 0.9838952 0.887054 1.2289469
[2633, 0.45569357, 1.0424978, 6.0423303, 0.55494845] 2.593354 1.012922 0.95684415 1.2926666
[2634, 0.57206666, 0.95590115, 4.985535, 0.51214117] 2.7118123 0.9513724 1.107209 1.1511731
[2635, 0.48204818, 1.030979, 5.9027734, 0.4259979] 2.7422736 0.90027815 0.81351596 1.2610009
[2636, 0.4949286, 1.0183126, 5.378936, 0.55148584] 2.6950507 0.95881015 0.9073673 1.3391722
[2637, 0.46799883, 1.0309954, 6.144998, 0.5633043] 2.6519358 0.9950625 1.0135708 1.2359152
[2638, 0.39205307, 1.0227358, 7.830627, 0.40919673] 2.284278 0.98548406 1.0172588 1.3686695
[2639, 0.5943271, 0.9988708, 3.8584812, 0.45887655] 2.9086006 1.1865358 1.0283502 1.0333425
[2640, 0.46835798, 1.0126529, 5.7537994, 0.505677] 2.8037682 0.8316232 0.93247855 1.2185249
[2641, 0.35875118, 1.0391446, 7.7584524, 0.46560204] 2.162508 1.1397676 1.0111665 1.3816892
[2642, 0.5895562, 0.95806223, 4.17687, 0.45961633] 2.7167082 0.8475114 1.0757052 1.4997896
[2643, 0.4647328, 1.0322585, 5.597815, 0.4892407] 2.6956422 0.94440365 0.93731666 1.2675027
[2644, 0.45897853, 0.9658083, 7.6311655, 0.35161406] 2.2413256 1.082004 1.030597 1.3195629
[2645, 0.4732343, 1.0356739, 4.5957265, 0.537765] 2.7833698 1.0338043 0.92477095 1.2458894
[2646, 0.5568967, 0.9558548, 5.5468197, 0.52513456] 2.5194154 1.0620686 0.98222965 1.475146
[2647, 0.4472651, 1.0411793, 5.6321507, 0.5785113] 2.7756963 0.90538377 0.8738925 1.1813381
[2648, 0.49402484, 1.0451357, 3.3442035, 0.5852957] 3.0089388 0.9087842 0.9361021 1.2707638
[2649, 0.47536343, 1.0464162, 4.060836, 0.64257884] 2.8644931 0.99166626 0.90934867 1.3078972
[2650, 0.5799013, 0.9510008, 4.730016, 0.5497153] 2.8842576 0.9622871 0.8459629 1.195653
[2651, 0.580688, 0.9669805, 5.067203, 0.5332626] 2.6894696 0.9730013 1.0003539 1.3259387
[2652, 0.5409419, 1.0009305, 4.5146313, 0.4448944] 2.7692475 1.036421 0.937577 1.3539733
[2653, 0.45402136, 1.0137353, 7.988299, 0.5267083] 2.6041574 1.0228143 0.84986484 0.9915875
[2654, 0.37598568, 1.0870427, 7.264643, 0.5294253] 2.5048947 1.0125767 0.9411718 1.3185968
[2655, 0.3788548, 1.007714, 8.390285, 0.42786658] 2.3131602 1.0401039 0.9092604 1.296385
[2656, 0.50543064, 1.0097426, 5.5327253, 0.5886968] 2.6503396 0.92431355 1.0160211 1.332656
[2657, 0.4237826, 1.0969142, 3.5810213, 0.6788252] 3.0219753 0.8656488 0.9813346 1.2140439
[2658, 0.45200795, 1.0042005, 7.7090836, 0.4016057] 2.3108256 0.99865407 1.0421253 1.348327
[2659, 0.4289342, 1.0481025, 6.631823, 0.64421874] 2.5472174 0.90541667 0.99371344 1.3223208
[2660, 0.5453668, 1.015712, 4.1021614, 0.46567422] 2.9727573 0.8584905 0.97874796 1.1357657
[2661, 0.5479339, 0.98245275, 6.1869807, 0.66147274] 2.8313491 0.8348985 0.9547473 1.0879822
[2662, 0.45676157, 1.0149622, 7.0936027, 0.42944694] 2.4477086 0.98378086 0.99192476 1.2471231
[2663, 0.35610107, 1.0437572, 7.346903, 0.37407684] 2.3871036 1.0772574 0.92174315 1.2677286
[2664, 0.46323162, 1.0173721, 6.258799, 0.38867903] 2.4838266 0.93836915 0.99056494 1.4881014
[2665, 0.40482038, 1.0310658, 7.1404557, 0.47766843] 2.4018438 0.94234616 1.0148982 1.2693846
[2666, 0.43478692, 1.056272, 6.296658, 0.5276264] 2.5410247 0.9737741 1.0222993 1.3449811
[2667, 0.4810297, 1.0217611, 6.848927, 0.4609632] 2.5971339 0.98756164 0.83638346 1.3314743
[2668, 0.4549532, 1.0028994, 7.41776, 0.3701196] 2.467926 1.0447725 0.9370745 1.0773075
[2669, 0.52019584, 0.99014103, 6.3218055, 0.5388791] 2.5315638 0.95784634 0.9754674 1.4344279
[2670, 0.5782434, 0.94906217, 5.7836328, 0.59447646] 2.6617105 1.0719969 0.9407675 1.244085
[2671, 0.46996185, 1.086485, 3.3683026, 0.5052203] 3.114403 1.0058835 0.9544087 1.0728376
[2672, 0.47942936, 0.98988503, 7.1528277, 0.46616167] 2.3968344 1.0266913 1.0392255 1.2666565
[2673, 0.4540497, 1.0356044, 6.6561284, 0.6800388] 2.741959 0.92047817 0.92271936 1.1283127
[2674, 0.51780295, 0.99753445, 6.2626767, 0.58544797] 2.709403 0.9990233 0.8715696 1.2194421
[2675, 0.45059618, 0.99958295, 7.462584, 0.3821721] 2.41066 1.1002109 0.8384527 1.2923403
[2676, 0.4346244, 1.0375258, 6.8377748, 0.51901937] 2.5355606 0.9070404 0.9262965 1.3956143
[2677, 0.51751095, 0.99869114, 6.030504, 0.55442643] 2.8642776 0.94823295 0.8240924 1.0073962
[2678, 0.46750218, 0.9221485, 6.8684015, 0.29697952] 2.2856674 1.0323292 0.92802775 1.1829976
[2679, 0.4664171, 0.953417, 7.8636456, 0.3583076] 2.35799 0.98741704 1.0148833 1.1393461
[2680, 0.43723837, 1.0172526, 7.4069495, 0.44426623] 2.3942919 0.8625326 1.0190597 1.4071544
[2681, 0.42151535, 1.0381262, 7.277778, 0.47840145] 2.5199025 0.9391446 0.95877314 1.277175
[2682, 0.52724063, 0.9878967, 4.302247, 0.39291412] 2.9516222 0.9978784 0.84899783 1.0850946
[2683, 0.5067788, 0.99114203, 6.3079376, 0.46684587] 2.33797 1.0849289 1.067983 1.4420623
[2684, 0.41540444, 1.0613587, 6.5282717, 0.6580537] 2.6291053 0.8270757 1.0133364 1.3420441
[2685, 0.5122026, 0.99541473, 5.7608294, 0.5210061] 2.777309 0.8625937 0.85874265 1.2519518
[2686, 0.5441858, 1.006936, 3.5186, 0.46945623] 2.9505153 0.87240815 0.98898154 1.3444674
[2687, 0.4304637, 1.0947236, 3.7571206, 0.5063032] 3.0022464 0.80776465 0.93827796 1.3064916
[2688, 0.4283194, 0.9788066, 7.2473145, 0.4170227] 2.2898812 0.99923533 0.9464179 1.2916662
[2689, 0.4840413, 1.001954, 6.6937246, 0.48525476] 2.727711 0.8663027 0.9833692 1.0573549
[2690, 0.39901808, 1.0579275, 5.682166, 0.48374444] 2.6916049 0.9672467 0.98304635 1.216254
[2691, 0.44304672, 1.0404494, 5.53846, 0.50724477] 2.6913595 0.9213756 0.97873926 1.1951886
[2692, 0.5043502, 0.99207413, 6.064998, 0.51588285] 2.5324318 1.0773083 0.9380043 1.3883919
[2693, 0.4707935, 1.0084108, 5.9468904, 0.4878222] 2.6021144 1.0250758 0.93759656 1.2677279
[2694, 0.44777492, 1.0050784, 6.5784974, 0.5570577] 2.5513206 0.97856355 1.0759034 1.0355996
[2695, 0.43238142, 1.0160693, 6.0751166, 0.40154245] 2.4336133 0.9294982 1.0806429 1.3742121
[2696, 0.3794323, 1.0341333, 8.408086, 0.4380653] 2.174424 0.99332106 1.0141116 1.5015368
[2697, 0.39952144, 1.0713526, 6.547431, 0.78691685] 2.68014 1.006101 0.9261475 1.1441025
[2698, 0.562178, 0.98589396, 4.268733, 0.5977449] 2.7208767 0.9557078 0.9830328 1.4901938
[2699, 0.48866132, 1.0277699, 5.178997, 0.6162847] 2.626394 0.94542795 0.90998685 1.4670056
[2700, 0.5042546, 1.0015754, 5.6125207, 0.4882456] 2.626528 1.061336 0.9899789 1.2187274
[2701, 0.51231724, 1.0404519, 3.8578935, 0.62424296] 3.0102932 0.9443538 0.79498434 1.3130115
[2702, 0.4810124, 1.0051669, 6.17509, 0.474342] 2.646705 1.0634426 0.88766 1.1985306
[2703, 0.46557236, 1.030188, 5.6940513, 0.5310934] 2.6354942 1.0525022 1.1013224 1.1382148
[2704, 0.523819, 1.0285884, 3.9293888, 0.4950681] 2.949072 0.92734313 0.9838794 1.1681424
[2705, 0.46025482, 1.0207471, 6.029705, 0.5527124] 2.6730003 0.82350427 0.91227496 1.4188604
[2706, 0.49651125, 1.0305862, 5.700431, 0.45041147] 2.7631488 0.9816843 0.96514153 1.1603304
[2707, 0.53628665, 0.97715116, 4.4200044, 0.41250503] 2.799432 0.9805636 0.88886195 1.241808
[2708, 0.47255522, 1.0136617, 6.4146523, 0.48606306] 2.485682 0.98947763 1.101975 1.2594162
[2709, 0.47123882, 1.0377814, 6.3355007, 0.59324265] 2.5337195 1.146696 0.87319225 1.3440632
[2710, 0.48902714, 1.0003121, 7.993881, 0.52483135] 2.5403666 1.175966 0.948639 1.0612818
[2711, 0.49041742, 1.0159955, 5.648881, 0.5972233] 2.800548 0.9773607 0.85025775 1.0708737
[2712, 0.38628215, 1.085194, 6.7229548, 0.5110929] 2.596109 0.9518939 0.9752476 1.1880931
[2713, 0.4495539, 1.0243565, 5.2861567, 0.56944984] 2.6688578 1.0015578 0.97580767 1.3562437
[2714, 0.5170167, 0.9991545, 5.0782094, 0.41104978] 2.8138056 0.99029493 0.99511623 1.0899453
[2715, 0.51848227, 0.9822939, 6.107945, 0.40327632] 2.5953524 0.9607321 1.0850834 1.1163058
[2716, 0.5304472, 1.0235405, 4.6246676, 0.7507939] 2.8615754 0.98500365 0.9415707 1.257555
[2717, 0.5538307, 0.97289413, 4.8929563, 0.53594416] 2.7992697 0.89474005 0.92211854 1.3385136
[2718, 0.48651806, 1.0111982, 5.265663, 0.4903229] 2.844081 0.91427255 0.85922277 1.2325616
[2719, 0.47263238, 0.97299486, 7.357337, 0.43724105] 2.3692322 0.9872685 0.9707946 1.2230893
[2720, 0.43514547, 1.0551583, 6.9683437, 0.49495804] 2.515028 1.017887 0.86419064 1.378463
[2721, 0.44137907, 1.0321115, 7.7333927, 0.5368709] 2.4756649 0.85087705 0.9229821 1.3736594
[2722, 0.4545732, 1.0342318, 5.8026576, 0.48221758] 2.7751029 0.9208161 0.9555735 1.078155
[2723, 0.54556936, 0.9933592, 6.6955667, 0.65634435] 2.6514866 1.0531572 1.0218732 1.039595
[2724, 0.50785816, 1.023976, 5.596646, 0.5011105] 2.6353168 1.049458 0.9679033 1.3335642
[2725, 0.5467344, 0.9888028, 5.9668713, 0.53221995] 2.708773 0.8636073 0.9747982 1.3072523
[2726, 0.5332998, 0.99618673, 4.1775923, 0.45743778] 2.8418188 0.91791785 0.9304856 1.3413144
[2727, 0.46465418, 1.034285, 6.66817, 0.49030176] 2.732423 0.890314 0.86191857 1.2163851
[2728, 0.46357903, 1.018413, 7.729396, 0.5533281] 2.6725335 1.0504991 0.881028 0.92002046
[2729, 0.4471686, 1.0435005, 6.095356, 0.5661108] 2.650807 0.87170357 0.9450014 1.3760812
[2730, 0.5086044, 0.9605144, 7.344848, 0.48422286] 2.528202 1.0012743 0.8995503 1.0987084
[2731, 0.46980867, 0.9882614, 7.874137, 0.5208532] 2.4010847 1.030187 0.87667316 1.3969824
[2732, 0.49430028, 1.0122484, 6.2171235, 0.47307304] 2.6810968 0.88410944 0.923084 1.2916269
[2733, 0.43945897, 1.0509574, 7.6424723, 0.6270141] 2.5899384 1.0011061 0.99253273 1.1052382
[2734, 0.4458131, 1.052615, 6.1491623, 0.5408833] 2.394324 1.0684694 1.0433836 1.4934622
[2735, 0.42998305, 1.0370767, 6.5993094, 0.41252902] 2.6027303 0.97792345 0.89872706 1.2610914
[2736, 0.47756392, 1.0293692, 6.4147315, 0.68511915] 2.5782666 0.9897668 0.95159996 1.3179669
[2737, 0.4414596, 1.0524285, 5.8244524, 0.5634825] 2.7799313 0.897891 0.91051495 1.2202485
[2738, 0.48480347, 1.0754057, 3.399436, 0.5290878] 3.0592942 0.8925996 1.0088634 1.2292738
[2739, 0.4482621, 1.0307604, 6.7830963, 0.5342463] 2.5580342 0.92087793 0.9105861 1.3490715
[2740, 0.46319026, 0.9543255, 6.898167, 0.29378405] 2.1085114 1.0112902 1.099466 1.3614774
[2741, 0.4711285, 0.99075407, 7.511636, 0.53864336] 2.5093443 0.8680776 0.97457904 1.3556166
[2742, 0.5360017, 1.0131106, 4.646385, 0.5146601] 2.7447553 1.010216 0.9877989 1.3591064
[2743, 0.47550097, 1.0204052, 7.2720566, 0.50070715] 2.4283211 0.95827544 1.0015954 1.3552437
[2744, 0.5086904, 0.98778844, 6.2425203, 0.5646612] 2.6136 1.0907274 0.911361 1.1869656
[2745, 0.47031397, 1.093462, 3.6228325, 0.5790092] 3.0956259 1.0718148 0.9097922 1.0024563
[2746, 0.49488634, 1.028751, 5.2411942, 0.6505877] 2.571502 1.0502039 0.9905355 1.4953986
[2747, 0.4620051, 1.0321466, 5.3603578, 0.48666316] 2.6439974 1.0006348 0.9963415 1.2820289
[2748, 0.46653315, 1.0248837, 4.0828056, 0.7167224] 2.718784 1.051455 0.9631819 1.3743142
[2749, 0.58822316, 0.9168458, 5.0534844, 0.543432] 2.8355005 0.892424 0.9228243 1.2322487
[2750, 0.5104091, 0.9072748, 6.4170337, 0.24676843] 2.1718462 0.84995294 0.9337643 1.4668883
[2751, 0.48420388, 1.049812, 3.9918282, 0.55317754] 2.954583 1.0687627 0.9284855 1.068472
[2752, 0.5783828, 0.9422228, 4.400364, 0.5498574] 2.8911736 1.0814278 0.96628624 1.0362126
[2753, 0.39681005, 1.0345478, 6.3932343, 0.42857525] 2.6511445 0.89941144 0.8741478 1.245326
[2754, 0.5531123, 0.9980912, 4.0521235, 0.38243133] 2.9339664 0.79577994 0.95132333 1.3140862
[2755, 0.5283132, 0.97873986, 5.606915, 0.77926207] 2.6727645 1.0551779 0.85497695 1.3932455
[2756, 0.5006584, 1.0253204, 6.3324857, 0.7882881] 2.6308973 1.0446594 0.8682479 1.3460795
[2757, 0.49910554, 1.0032666, 7.885199, 0.63187814] 2.509972 0.8585321 1.0261561 1.2734768
[2758, 0.4718388, 1.0401192, 4.5821557, 0.53703123] 2.7251036 1.048571 0.93933076 1.3330663
[2759, 0.47767186, 1.0328176, 6.3788524, 0.54481417] 2.609861 0.9309947 1.004238 1.289546
[2760, 0.40094957, 1.0416648, 7.710121, 0.6704645] 2.600526 0.94951946 0.99938446 1.082491
[2761, 0.3952234, 1.0647796, 6.227478, 0.6144556] 2.6637385 1.0241829 0.86088943 1.2015454
[2762, 0.5524726, 1.0072666, 5.1258864, 0.50969785] 2.9704003 0.91824275 0.8182178 1.0189797
[2763, 0.4395493, 1.0487967, 7.3078547, 0.58720696] 2.6320634 1.0768336 0.8438345 1.1298617
[2764, 0.52926266, 0.9934066, 4.7789273, 0.6661214] 2.6947079 1.0923889 0.89737177 1.4058167
[2765, 0.4943671, 1.0325522, 6.2075434, 0.6538901] 2.783724 1.0343394 0.8128385 1.1162163
[2766, 0.44638464, 1.0166525, 6.921866, 0.797546] 2.3846364 0.8555938 0.9877229 1.5043416
[2767, 0.41014057, 1.0405569, 7.446705, 0.48632312] 2.6818206 0.9879946 0.83561987 0.92291224
[2768, 0.42099574, 1.0502815, 6.111734, 0.43014327] 2.5497189 1.0627395 1.0138043 1.2420416
[2769, 0.59074867, 0.9536557, 4.6608872, 0.5175713] 2.9715807 0.94168144 0.95483834 0.95372975
[2770, 0.5572696, 0.9759727, 4.96435, 0.57423884] 2.704662 0.92096424 0.9717491 1.3880287
[2771, 0.44471094, 1.0439664, 5.818848, 0.53952265] 2.6985736 0.9675174 0.8906523 1.2698808
[2772, 0.21924645, 1.2562875, 2.5147994, 0.75076437] 3.240536 0.989491 0.9929558 1.2574476
[2773, 0.5690865, 0.97760886, 4.9816175, 0.5472458] 2.8436146 1.0411793 0.84504145 1.1449244
[2774, 0.43716195, 1.0054214, 7.319866, 0.46481594] 2.3705435 0.99845606 0.9758534 1.3374715
[2775, 0.41193217, 1.0301902, 7.782342, 0.54439116] 2.5428233 0.96297413 0.8826106 1.172581
[2776, 0.49464536, 1.0333606, 4.0865006, 0.5185617] 2.9849591 0.84692687 0.846497 1.3166393
[2777, 0.55319375, 0.99941707, 4.174936, 0.47630632] 2.8982081 0.9339289 0.95445555 1.2193004
[2778, 0.36802036, 1.0368856, 7.703602, 0.4533407] 2.449097 1.1012573 0.8706738 1.2087401
[2779, 0.58657575, 0.9527591, 5.705895, 0.5540579] 2.6587005 1.1467432 0.96288246 1.108169
[2780, 0.48488396, 1.0216163, 5.7724557, 0.4915403] 2.654289 0.9667641 0.9431214 1.2250444
[2781, 0.49690595, 1.0206285, 4.536976, 0.5219415] 2.883026 1.0523982 0.94680876 1.0419649
[2782, 0.40949142, 1.0322971, 7.3520956, 0.47965932] 2.5138495 0.82562816 1.0634247 1.2666395
[2783, 0.45099944, 1.0165017, 7.2013545, 0.5169564] 2.6849427 0.8391815 0.931218 0.9985617
[2784, 0.41750613, 1.0861459, 4.975386, 0.4879795] 2.7927399 0.9666216 0.91435146 1.2219714
[2785, 0.38537192, 1.0075736, 7.6506934, 0.40515628] 2.3893602 1.019137 0.9136914 1.1558825
[2786, 0.49255306, 1.0303993, 4.4405875, 0.5085642] 2.8117676 0.97336763 0.8098405 1.3484964
[2787, 0.49124956, 1.0168984, 5.4818835, 0.63142455] 2.5939848 1.0665511 0.9105849 1.4635746
[2788, 0.41035014, 1.0754122, 5.8365903, 0.58496547] 2.5778396 0.98057455 0.962686 1.3841221
[2789, 0.5578621, 0.99193865, 4.9518547, 0.6363727] 2.9264529 0.98128307 0.90715075 1.0359424
[2790, 0.45177224, 1.0647101, 3.8938982, 0.5766186] 2.9293437 1.0091774 0.998949 1.2033784
[2791, 0.53893936, 0.9875455, 5.3882093, 0.5402156] 2.683297 0.9257034 0.97527075 1.3820043
[2792, 0.51840526, 1.0454069, 3.498908, 0.48118755] 2.9631662 0.7906249 0.96542495 1.4223237
[2793, 0.5740439, 0.9706718, 4.230225, 0.6296433] 2.883622 0.98989767 0.88624036 1.2626603
[2794, 0.45796016, 1.031278, 6.3023314, 0.9165361] 2.596674 0.9718178 0.9525652 1.3247701
[2795, 0.44662282, 1.0198293, 8.538007, 0.5959715] 2.5343964 0.9053557 0.82906413 1.3080648
[2796, 0.5291718, 1.0031055, 4.600294, 0.43955228] 2.8558989 1.0107514 0.87122625 1.17071
[2797, 0.42237428, 1.0463656, 6.6699386, 0.50817525] 2.7160256 0.77737296 0.9159137 1.1639699
[2798, 0.42173383, 1.0239038, 7.9371405, 0.5168109] 2.3560226 1.0542128 0.94660497 1.266327
[2799, 0.56905705, 0.9543486, 5.663552, 0.580313] 2.73089 0.90630805 0.9512135 1.2982734
[2800, 0.43698925, 1.03352, 6.8428745, 0.4049683] 2.3365192 1.0044415 1.0165392 1.4720464
[2801, 0.3651727, 1.0468777, 8.003824, 0.5240393] 2.4063954 0.91316897 0.985148 1.2009856
[2802, 0.63171786, 0.9328978, 3.6207201, 0.50290877] 3.122471 1.0361522 0.87949127 0.9137883
[2803, 0.49699774, 0.92568666, 7.1410294, 0.37247863] 2.2770565 1.0778674 0.80827105 1.1793163
[2804, 0.5681848, 1.0066377, 3.2443726, 0.68558323] 3.1069925 0.956777 0.88708586 1.2998208
[2805, 0.41152555, 1.0445321, 7.786043, 0.49921805] 2.3529859 1.0074421 1.0630478 1.3191017
[2806, 0.4227715, 1.0381006, 6.8275275, 0.5911376] 2.525481 1.0621189 0.91165364 1.2083293
[2807, 0.52955073, 0.9980849, 6.215702, 0.5839781] 2.5102386 1.2058898 0.90083814 1.3989276
[2808, 0.4858767, 1.0008318, 5.936458, 0.5486442] 2.633799 0.95311165 0.91857535 1.3712785
[2809, 0.54812825, 0.99957144, 3.8621154, 0.50766987] 2.8851912 1.096888 0.9269133 1.3166656
[2810, 0.45161092, 1.0091153, 7.5910854, 0.48786542] 2.3743281 1.0644231 1.021857 1.3117918
[2811, 0.48307425, 0.91264933, 6.575619, 0.31048793] 2.3126614 1.0017483 0.90046954 1.1068119
[2812, 0.4655739, 1.037014, 6.67409, 0.5353278] 2.7406871 1.0402329 0.8517471 1.1871556
[2813, 0.55905604, 0.9798228, 4.2815566, 0.5633701] 2.9027872 1.1246256 0.8563585 1.1485207
[2814, 0.43501723, 1.0409683, 7.405834, 0.47642058] 2.3794274 0.92327464 1.0205857 1.5514202
[2815, 0.43877134, 1.0336554, 6.1420355, 0.4873928] 2.7604883 0.91684854 0.86902344 1.2279387
[2816, 0.45452476, 1.0237927, 7.754395, 0.46822506] 2.5227935 0.82041013 0.8995367 1.3644738
[2817, 0.57431364, 0.9634861, 4.609111, 0.56786305] 2.9002936 0.8202532 0.93962765 1.2189587
[2818, 0.5182109, 0.99967456, 4.8291345, 0.4425651] 2.7711256 0.8922072 0.9507576 1.3675041
[2819, 0.44082224, 1.0173986, 7.320648, 0.5015461] 2.4286513 1.2143742 0.89431036 1.2787435
[2820, 0.47310254, 1.0252851, 5.9182997, 0.51379424] 2.6897173 0.95325744 0.8695304 1.3204579
[2821, 0.47176576, 1.0005199, 7.673768, 0.49074933] 2.402954 0.9780811 0.99356997 1.287205
[2822, 0.4482972, 1.0406426, 5.926892, 0.46676904] 2.5849164 0.8958669 1.0381877 1.3102745
[2823, 0.4853063, 1.0114166, 5.3631415, 0.5123416] 2.772419 1.010632 0.81457746 1.3402522
[2824, 0.5080245, 1.0065435, 6.200287, 0.50839067] 2.7404795 1.0226471 0.9218135 1.0767798
[2825, 0.41392413, 1.1174451, 3.069526, 0.6204386] 3.1001961 0.99791694 0.943287 1.2076763
[2826, 0.46952677, 1.0279889, 7.5290504, 0.66742784] 2.6138506 1.0132577 0.9263591 1.2043968
[2827, 0.4841865, 1.0182397, 5.0515833, 0.6412432] 2.7782164 0.9548709 1.0391505 1.2057141
[2828, 0.52749985, 0.99565005, 6.16262, 0.45602947] 2.657574 0.9984731 0.94883543 1.2088197
[2829, 0.5252728, 0.9983551, 5.916704, 0.53256077] 2.6204503 0.9986885 0.9045843 1.3946453
[2830, 0.52292687, 1.0158631, 4.4708757, 0.4934468] 2.9378502 1.0419197 0.86622024 1.1055123
[2831, 0.45592135, 1.0459102, 5.3246064, 0.5462555] 2.7665255 0.9129702 0.93933064 1.3025664
[2832, 0.514058, 0.9943066, 5.8349857, 0.5560621] 2.7119277 0.9916821 0.9066979 1.2470416
[2833, 0.4545155, 1.088919, 3.32445, 0.58195955] 2.947492 0.9641188 0.938286 1.3578603
[2834, 0.44252375, 1.0121344, 6.53373, 0.456917] 2.6172817 1.0322824 0.9858901 1.044714
[2835, 0.5214867, 0.86578524, 6.2373176, 0.24581708] 2.1024356 1.029508 0.9573247 1.2515683
[2836, 0.5572187, 0.97932905, 4.4844546, 0.5741649] 2.894835 0.96026284 0.88341624 1.2569988
[2837, 0.53780645, 1.0129064, 4.1712794, 0.5234758] 2.8902194 0.98204446 0.9789705 1.2593448
[2838, 0.5263348, 1.0231432, 3.8643281, 0.57546717] 2.8667529 1.0166677 0.9239447 1.3538289
[2839, 0.5541042, 1.0150152, 3.429828, 0.6474522] 2.9940782 0.9713799 0.9619274 1.2399352
[2840, 0.5463624, 1.0073147, 3.8615792, 0.5177125] 2.9695566 0.97018504 0.88403344 1.2471601
[2841, 0.46548316, 1.0354956, 6.0798244, 0.6759115] 2.5249197 0.9417608 1.0848515 1.4223634
[2842, 0.560946, 0.9725374, 4.6076717, 0.54736495] 2.8786483 1.0632498 0.870315 1.1162881
[2843, 0.4407908, 1.0372682, 6.2254834, 0.4910808] 2.6777174 0.93458176 0.8146796 1.2988513
[2844, 0.561727, 0.98310477, 5.36126, 0.5396505] 2.964528 0.7732237 0.943648 0.95954406
[2845, 0.5632901, 0.96988326, 4.605517, 0.586448] 2.8213384 0.7911154 1.0034922 1.3097101
[2846, 0.49412608, 1.0004114, 7.245717, 0.5473479] 2.6758792 0.9793355 0.8566791 1.096926
[2847, 0.507816, 1.0205377, 4.5350223, 0.58836997] 2.765594 0.98475766 0.9824836 1.3178387
[2848, 0.5408215, 1.0167111, 3.881382, 0.52944934] 3.0267587 0.90648466 0.9407674 1.0951211
[2849, 0.43576133, 1.0420638, 5.3983145, 0.583135] 2.78161 0.81925553 0.9552636 1.2922627
[2850, 0.5298976, 0.99297667, 5.6998296, 0.590747] 2.6918058 0.9532584 0.96791196 1.2976432
[2851, 0.44869012, 1.1008112, 3.236749, 0.55952847] 3.1387603 0.9299368 0.8766949 1.205868
[2852, 0.4996256, 1.0092711, 5.121043, 0.6075783] 2.732352 0.99700594 0.9741919 1.3770369
[2853, 0.5431011, 0.9891219, 5.4956465, 0.41551903] 2.9272566 0.9157721 0.9472411 0.9194994
[2854, 0.5371833, 1.0093153, 4.588207, 0.44246843] 2.8027146 0.8669756 0.91849864 1.4435991
[2855, 0.5277207, 1.0021355, 5.158446, 0.54778904] 2.8527184 1.0212868 0.8392131 1.0573276
[2856, 0.48569453, 1.0525123, 3.5758152, 0.54467005] 3.1076546 0.9389379 0.7803905 1.2120025
[2857, 0.45820507, 1.0372671, 7.416879, 0.580174] 2.6308737 1.0157261 0.85294336 1.1613523
[2858, 0.46328667, 1.0171026, 6.7682567, 0.50766426] 2.5915954 1.0931133 0.86679566 1.1727958
[2859, 0.46495867, 1.0289795, 7.2850547, 0.46362117] 2.5137868 0.9984855 0.89548194 1.3161416
[2860, 0.4175552, 1.0032624, 7.2360377, 0.38175398] 2.332416 0.93608457 0.98191756 1.3049862
[2861, 0.49666443, 1.0114137, 6.321398, 0.7523397] 2.5692594 0.9313895 0.91002315 1.4545867
[2862, 0.49054074, 1.0240316, 6.2382627, 0.500465] 2.6094081 1.1049819 0.9303327 1.2303832
[2863, 0.45475745, 1.0413659, 5.5135527, 0.6721767] 2.6403885 0.94575053 1.0437349 1.3388793
[2864, 0.5189294, 0.9946018, 5.8174825, 0.6240015] 2.6936083 0.8523627 1.0105405 1.2799535
[2865, 0.5009461, 1.0256652, 5.6214767, 0.56844217] 2.8617802 0.9284984 0.9342565 1.0710242
[2866, 0.5133523, 1.013415, 4.2476664, 0.5243837] 2.9434922 0.75237125 0.9606737 1.2209893
[2867, 0.47968897, 1.0418919, 5.2838926, 0.5435423] 2.7143583 0.95584786 0.8254492 1.2732875
[2868, 0.46687138, 1.0336583, 4.2580543, 0.42647034] 2.8286953 1.0291338 0.91857374 1.2268807
[2869, 0.511152, 1.008673, 5.591702, 0.5137222] 2.712627 0.8557263 0.90096927 1.4283497
[2870, 0.4378624, 1.0096359, 8.174229, 0.5014168] 2.404556 1.0401479 0.9280371 1.2767099
[2871, 0.43834335, 1.0415034, 6.832671, 0.58564454] 2.5615997 1.0068264 0.97321635 1.2481132
[2872, 0.5675206, 0.9621192, 4.3137655, 0.5043014] 2.760944 0.9444865 1.00127 1.246253
[2873, 0.41662297, 1.0180821, 6.7795825, 0.35137683] 2.274652 1.09423 0.84640276 1.4260793
[2874, 0.44831052, 1.0020036, 8.099512, 0.47445685] 2.488398 0.9506328 0.87599844 1.1851779
[2875, 0.5448079, 0.9714673, 5.2525444, 0.52693415] 2.7448068 0.9324471 0.9826066 1.2303613
[2876, 0.4809475, 1.0410509, 4.1877317, 0.54891056] 2.9430418 0.9405557 0.9117358 1.2022843
[2877, 0.5025862, 1.0362288, 4.5202546, 0.4964322] 2.8207736 0.967009 1.0121156 1.1684008
[2878, 0.56625205, 0.94320863, 6.0131106, 0.63150305] 2.7497342 1.0176152 0.93754643 1.0606297
[2879, 0.41484383, 1.1349162, 3.265913, 0.617125] 3.1760478 0.77899736 0.81816554 1.3926523
[2880, 0.54157066, 0.98786294, 5.057878, 0.63936585] 2.748609 1.0523443 0.87962556 1.3414792
[2881, 0.53145385, 0.8809111, 6.6472054, 0.31123716] 2.180978 0.9588782 0.88696134 1.3448856
[2882, 0.5090317, 0.9890915, 6.126214, 0.4764311] 2.7241843 0.93007976 0.8802976 1.1997554
[2883, 0.6085324, 0.9330003, 4.1643944, 0.55643684] 3.0088754 0.98256546 1.015404 0.98471385
[2884, 0.5057043, 1.0069475, 6.1284127, 0.43822375] 2.5321724 1.0495266 0.9868743 1.3727752
[2885, 0.49352863, 1.0463514, 4.0305204, 0.47630188] 2.79276 1.149519 0.8445392 1.3626748
[2886, 0.43191823, 1.0346975, 6.3422318, 0.5086444] 2.6105068 1.030387 0.94109434 1.2357966
[2887, 0.50753945, 1.0406406, 3.7215343, 0.4656157] 2.980405 0.9280954 0.95712197 1.1458597
[2888, 0.55825764, 0.9642323, 5.454639, 0.6393588] 2.7700496 0.9102042 1.024314 1.113864
[2889, 0.49522218, 1.0067788, 6.1068487, 0.47484326] 2.4397218 1.1483847 0.98633724 1.4322511
[2890, 0.38210604, 1.0834341, 7.6294837, 0.6124611] 2.5028355 1.1562047 0.9000321 1.1619083
[2891, 0.49089023, 0.90396935, 6.466246, 0.27257866] 2.0985892 1.0633636 0.97464675 1.3075575
[2892, 0.53909713, 0.9787626, 5.2578797, 0.6690704] 2.737005 0.9311993 0.908881 1.3023363
[2893, 0.53164333, 0.9969629, 4.5084853, 0.46459994] 2.6392686 1.0596225 1.0217025 1.4146683
[2894, 0.42661986, 0.9813818, 7.273705, 0.41649827] 2.3191364 0.98578006 0.9796591 1.2409642
[2895, 0.51555526, 1.0231245, 5.0791545, 0.6428382] 2.9133954 0.8732151 0.8905012 1.195393
[2896, 0.52832454, 0.9867053, 4.7115684, 0.637744] 2.799282 0.9754701 0.94072944 1.3024747
[2897, 0.59171736, 0.98954046, 4.3867426, 0.49768922] 2.8233957 0.867111 0.7658072 1.600626
[2898, 0.44625193, 1.0236485, 6.3930464, 0.57499194] 2.7647052 0.9478601 0.8311347 1.084143
[2899, 0.47339272, 0.98212665, 8.270069, 0.5260357] 2.2911093 0.9300549 0.9082719 1.5554885
[2900, 0.43510637, 1.0264964, 6.1924624, 0.3678503] 2.5475836 0.9526996 1.0583668 1.1783525
[2901, 0.501415, 1.000567, 6.490406, 0.60454786] 2.601381 0.982728 0.9001049 1.3276067
[2902, 0.4799385, 1.0214484, 5.778997, 0.4276293] 2.4891016 1.0265304 1.0440538 1.3834692
[2903, 0.5421465, 0.9851595, 4.307131, 0.4930302] 2.9763405 0.8840308 0.8434327 1.2024391
[2904, 0.47969937, 1.0275544, 4.575428, 0.4759931] 2.9024146 1.0688279 0.8268026 1.13669
[2905, 0.5293638, 0.9703009, 6.822264, 0.5735023] 2.6771536 0.94352514 1.0001494 1.0698365
[2906, 0.4875642, 0.9829762, 6.8718243, 0.4939248] 2.5673358 0.83446 0.87073463 1.3753854
[2907, 0.52323157, 1.0068792, 5.0466924, 0.5623682] 2.6442091 1.0992211 0.95569783 1.3874158
[2908, 0.50484455, 1.015213, 6.9107704, 0.6721075] 2.4872646 0.958069 0.9022395 1.5194998
[2909, 0.51205593, 0.9767367, 6.9833236, 0.4139569] 2.6097553 0.9253813 0.8604166 1.2234124
[2910, 0.46965188, 1.0187147, 6.746944, 0.48412073] 2.4984336 0.97066754 1.0403335 1.279137
[2911, 0.46851215, 1.0370995, 5.893371, 0.5136613] 2.6935651 1.0092459 0.8334853 1.3553072
[2912, 0.514981, 1.0268395, 4.101154, 0.52078974] 2.8220627 0.9176682 0.9679191 1.4236004
[2913, 0.472655, 1.0656427, 3.3895032, 0.61663306] 3.1216702 0.9676287 0.762744 1.2469685
[2914, 0.3616734, 1.0758871, 7.973207, 0.7155638] 2.62051 1.0122886 0.7905549 1.2127916
[2915, 0.4276373, 1.0406718, 7.307798, 0.4381279] 2.4317875 1.1095703 1.0561067 1.2379259
[2916, 0.53892016, 0.99991465, 4.209527, 0.57895154] 2.9907682 0.69743073 0.8456518 1.409177
[2917, 0.5067304, 0.9964968, 6.0124803, 0.48390806] 2.4741051 0.9246951 0.9935508 1.5445195
[2918, 0.5196764, 0.97821015, 5.4759107, 0.55365723] 2.8168793 0.912448 0.93794596 1.1628301
[2919, 0.4821407, 1.0174226, 6.368488, 0.5697075] 2.8276038 0.88116866 0.8363923 1.1173517
[2920, 0.5389445, 0.980782, 5.324193, 0.7828034] 2.5602298 0.96497893 1.0823995 1.3792994
[2921, 0.40120918, 1.0277588, 7.7567677, 0.47954234] 2.4578834 0.98577285 0.90848815 1.2118331
[2922, 0.48464796, 1.0251377, 5.7534094, 0.5782681] 2.7474194 0.8639533 0.87117475 1.3354669
[2923, 0.5407891, 0.9919954, 4.786814, 0.45109975] 2.5578604 1.0806061 1.0687463 1.4998635
[2924, 0.52020127, 0.9937842, 6.551293, 0.47512674] 2.5862763 0.88508296 0.8858488 1.4386517
[2925, 0.41947925, 1.0437176, 7.7703466, 0.5883171] 2.4613016 0.95308644 0.9578095 1.2601641
[2926, 0.49388996, 1.0866851, 2.8695295, 0.6217368] 3.1061044 0.9145024 1.0257704 1.3094313
[2927, 0.5162208, 1.0506213, 3.50633, 0.53419995] 2.961964 1.1064004 0.9811806 1.1078806
[2928, 0.540102, 0.97733825, 4.949015, 0.42156887] 2.7263985 0.8562978 0.8664043 1.3965865
[2929, 0.42757607, 1.0304248, 7.7754517, 0.67985994] 2.5579886 0.93759775 0.98827916 1.1776942
[2930, 0.5489077, 0.98906404, 3.9944556, 0.54915345] 2.8774664 0.93154 1.048424 1.2340372
[2931, 0.4240899, 1.0402561, 7.9349117, 0.54166186] 2.4316134 1.0074095 0.926684 1.3411036
[2932, 0.5506194, 0.9824435, 4.4381213, 0.5660612] 2.8821084 0.9653881 0.8719245 1.1857339
[2933, 0.5510851, 0.9896438, 5.000861, 0.51080763] 2.675693 0.91336155 0.99109423 1.3744258
[2934, 0.36395603, 1.07927, 7.0182443, 0.46396405] 2.4585376 0.9931243 0.92368346 1.3828276
[2935, 0.45466158, 0.9969945, 7.7960114, 0.44142616] 2.3448431 1.0235627 0.958085 1.1187046
[2936, 0.46269125, 1.0676488, 3.9248266, 0.5630624] 2.9013343 0.8734256 0.9325366 1.4249873
[2937, 0.54098105, 0.9893955, 5.7521257, 0.51628333] 2.7094839 0.9994103 1.0387592 1.1253265
[2938, 0.52015394, 1.0492845, 3.3071039, 0.602487] 2.9463298 0.86438346 0.97949594 1.4887569
[2939, 0.4452953, 1.0330893, 6.848966, 0.5308045] 2.614098 1.0487378 0.95726657 1.0792865
[2940, 0.48932412, 1.0382744, 5.1510725, 0.53146386] 2.720531 1.021739 1.0406864 1.1777593
[2941, 0.47860757, 1.0034659, 7.00429, 0.55240506] 2.5987334 0.9685039 0.99538076 1.1363772
[2942, 0.3515958, 1.0369887, 6.8041096, 0.3657301] 2.2670767 0.9747884 1.1180186 1.1954788
[2943, 0.49875477, 1.0235169, 4.610005, 0.5676021] 2.9560943 0.8891174 0.8922542 1.1465588
[2944, 0.39679733, 1.0287132, 8.24242, 0.56896514] 2.3254602 1.1412077 0.9395054 1.2388285
[2945, 0.43760964, 0.9450342, 6.482409, 0.3553109] 2.1604352 1.1005417 1.0283127 1.2395194
[2946, 0.5901363, 0.94143033, 4.988611, 0.47066244] 2.711441 0.94469035 0.94184774 1.347928
[2947, 0.4144619, 1.0516376, 5.9903502, 0.7753558] 2.6365519 1.0502994 0.84637785 1.3308418
[2948, 0.4016071, 1.0607134, 6.6360583, 0.40397727] 2.331637 1.1156946 1.0843974 1.2692378
[2949, 0.57113767, 0.9667309, 4.9480557, 0.51002264] 2.591334 1.1006743 1.0395925 1.3492389
[2950, 0.503405, 1.0611277, 3.5962796, 0.5229833] 2.9924357 0.97490406 0.9205697 1.3120326
[2951, 0.48706666, 1.0665808, 3.5182698, 0.6185997] 3.0080495 0.9175584 1.0071481 1.2749741
[2952, 0.38830364, 1.0833242, 6.205146, 0.5781187] 2.673674 0.8143418 0.99548244 1.348708
[2953, 0.47056428, 1.0240042, 6.294244, 0.49914688] 2.5189908 1.0148454 1.0755478 1.3207362
[2954, 0.5125793, 0.96994483, 7.1073327, 0.4311543] 2.5389452 0.8476235 1.0548053 1.0713676
[2955, 0.4554406, 1.0380445, 4.3242564, 0.46917185] 2.8161001 1.0435266 0.87797564 1.2016397
[2956, 0.48296273, 1.0434802, 4.725532, 0.6193127] 2.8490627 0.9002106 0.89418423 1.2474849
[2957, 0.49522665, 1.0202762, 6.1374574, 0.5407097] 2.3925235 0.9653355 1.1142092 1.5395484
[2958, 0.42778173, 1.0065107, 7.5305233, 0.44132078] 2.3148725 1.0280933 1.0451784 1.3437923
[2959, 0.5539531, 0.99451274, 3.6017551, 0.525829] 2.9186714 0.8347185 0.8571649 1.5467494
[2960, 0.50504845, 1.0077853, 6.629218, 0.45479894] 2.357488 1.0065058 1.1104292 1.4071705
[2961, 0.43544304, 1.0908623, 3.4724476, 0.53406715] 2.980958 0.8761666 0.88335943 1.3473855
[2962, 0.4934232, 1.0164416, 4.6556687, 0.5031618] 2.8532956 0.8463222 0.87228173 1.3377433
[2963, 0.5334988, 1.0262905, 3.6650832, 0.5312542] 2.974886 0.93118817 0.94293237 1.2885686
[2964, 0.530997, 1.0119905, 4.2472043, 0.5072802] 2.8842375 0.7898293 1.061564 1.3250954
[2965, 0.43193933, 1.0570105, 6.191057, 0.41570738] 2.5921752 1.1049367 0.9133141 1.2798221
[2966, 0.45846263, 1.0512506, 4.8254924, 0.5119161] 2.8147626 0.9695034 0.9184271 1.2560596
[2967, 0.45562506, 1.080599, 3.6246886, 0.59178686] 2.9917147 0.9964983 0.8956182 1.1920815
[2968, 0.4141255, 1.0510391, 7.145067, 0.48994905] 2.4818633 0.8735136 1.0203892 1.4229991
[2969, 0.5171391, 1.0164248, 3.976165, 0.5580985] 2.814584 0.9587414 1.0559784 1.304406
[2970, 0.46291384, 1.0384952, 5.916415, 0.88078225] 2.7206812 0.9476265 0.983831 1.1755366
[2971, 0.5143136, 1.0004886, 5.452035, 0.5899104] 2.8092964 0.9430044 0.96927214 1.1021451
[2972, 0.37919363, 1.0786186, 6.8747783, 0.52447754] 2.5072644 1.0633973 0.9770747 1.291862
[2973, 0.45323208, 0.99694765, 7.475079, 0.44842505] 2.3655071 0.9159545 1.0547445 1.3331944
[2974, 0.5145485, 1.0062442, 6.613683, 0.59091276] 2.728284 1.0488579 0.83898175 1.0409576
[2975, 0.39753497, 1.0676028, 6.2880316, 0.53901756] 2.557656 1.0850724 0.8327664 1.3470012
[2976, 0.45583075, 1.0200286, 6.030257, 0.50036603] 2.611051 1.1431718 0.7877608 1.3475449
[2977, 0.45503625, 1.031666, 6.255006, 0.47927725] 2.6604986 0.96884537 0.83264834 1.2898822
[2978, 0.49415293, 1.0151293, 5.5236697, 0.5210177] 2.7541158 1.012465 0.9866014 1.1461321
[2979, 0.40274215, 1.0138158, 7.9597707, 0.44089615] 2.6449547 0.8685141 0.8621304 1.0041137
[2980, 0.5120678, 0.99711525, 6.3890624, 0.5085645] 2.6720002 0.7949476 0.8639143 1.4579289
[2981, 0.42541707, 1.0384902, 8.183099, 0.53641176] 2.4551582 1.0256662 0.9533673 1.2721254
[2982, 0.4868738, 1.0249608, 6.377445, 0.55297995] 2.6620057 1.0300789 0.9965195 1.0727473
[2983, 0.38082296, 1.0589203, 7.0421853, 0.43766177] 2.451513 0.95456374 1.0424597 1.3189172
[2984, 0.46953022, 1.0272628, 6.5220914, 0.5158445] 2.5113633 0.9755362 0.93163776 1.4915591
[2985, 0.44412777, 1.0132861, 7.5850415, 0.49738932] 2.5683377 1.0292847 0.9575017 1.1123981
[2986, 0.5591687, 0.9900464, 4.644717, 0.51892924] 2.6651757 0.9223654 1.1909065 1.2818213
[2987, 0.45956716, 1.0157666, 6.105793, 0.45173472] 2.6343699 0.9317688 0.9858462 1.2808422
[2988, 0.5064162, 0.948722, 7.371663, 0.48807245] 2.4152684 0.9719635 0.92431796 1.2653476
[2989, 0.4571676, 1.0108416, 6.9945107, 0.5147737] 2.5121453 0.89293516 0.9747746 1.3354515
[2990, 0.48924586, 1.0394614, 4.4585037, 0.5592183] 2.8489277 0.9663705 0.8139723 1.3681524
[2991, 0.41651, 1.1076412, 2.750619, 0.85270196] 3.1933844 0.9341742 1.0146835 1.1600066
[2992, 0.502079, 0.9945056, 6.086786, 0.7176471] 2.7186103 0.8698971 0.7972774 1.4140811
[2993, 0.40269434, 1.1079018, 2.9872115, 0.5456475] 3.1003556 0.83428025 0.9532556 1.2448325
[2994, 0.38824898, 1.0679884, 7.6310825, 0.57253695] 2.4873393 1.164749 0.83781296 1.1224654
[2995, 0.39000893, 1.0423726, 5.9228177, 0.5096928] 2.5954664 0.91394883 0.99807864 1.3372649
[2996, 0.48531306, 1.0185488, 6.487623, 0.43753338] 2.6753778 1.0751451 0.81447816 1.0877515
[2997, 0.5444795, 0.9585101, 6.625905, 0.4052023] 2.6848814 0.79287875 0.8584533 1.204467
[2998, 0.4850218, 1.0114703, 6.511012, 0.60344505] 2.5941403 0.9136766 1.0360302 1.3494176
[2999, 0.43066058, 1.0466979, 4.763693, 0.50307846] 2.7261527 1.0508224 1.0192842 1.1285099
[3000, 0.4563813, 1.0767738, 3.8097894, 0.46282452] 3.081981 0.887798 0.8448817 1.1716464
[3001, 0.46043143, 1.012484, 7.6813183, 0.5334257] 2.5833023 0.8236228 0.8260125 1.349757
[3002, 0.44163606, 1.0267695, 6.6010714, 0.4518515] 2.6991134 0.8600302 0.8992333 1.1080558
[3003, 0.40369403, 1.0326134, 6.5278583, 0.4367266] 2.425407 1.0273819 1.0501204 1.2398921
[3004, 0.43001506, 1.0499941, 7.020599, 0.35041258] 2.565083 0.9765697 0.9909846 1.1653363
[3005, 0.46341386, 1.0281932, 7.4557023, 0.55861574] 2.7345831 0.73037213 0.9512055 1.0467153
[3006, 0.47943953, 1.0209383, 4.6584487, 0.4944508] 2.7375793 0.9489094 0.9114234 1.3331203
[3007, 0.45717102, 0.98481494, 7.399001, 0.41135544] 2.5417647 0.80983746 0.80361706 1.3243968
[3008, 0.44800118, 1.0467893, 5.2922196, 0.55092025] 2.79185 0.90199745 0.9132453 1.2262725
[3009, 0.47649297, 1.0444871, 3.7819116, 0.57023567] 3.064646 0.93872803 0.8097074 1.1786494
[3010, 0.4960485, 0.98768705, 6.8925734, 0.43430638] 2.6042845 0.90688574 0.843639 1.343375
[3011, 0.4270684, 1.0274589, 6.821823, 0.5273873] 2.3599536 0.96945477 1.0450363 1.4975861
[3012, 0.41091484, 1.0619323, 5.2308664, 0.5217333] 2.737855 1.0365139 0.9084741 1.1856761
[3013, 0.4875682, 1.0801045, 4.0719943, 0.5673226] 2.985745 1.1082948 0.87911874 1.1374047
[3014, 0.46611127, 1.0032517, 7.137718, 0.45839712] 2.5755806 0.90581954 0.9080745 1.2598124
[3015, 0.49521285, 0.9963499, 7.3552213, 0.43195754] 2.2310114 1.1116619 0.9570647 1.5349449
[3016, 0.45853475, 0.98805153, 6.8297215, 0.34975356] 2.4901407 0.8388952 1.0047675 1.1685871
[3017, 0.5611668, 0.98106754, 4.7266808, 0.49632442] 2.5890455 0.9993032 1.0399188 1.5774448
[3018, 0.4207908, 0.9841684, 6.969914, 0.40957534] 2.2404158 1.0979805 0.97452414 1.3524847
[3019, 0.5015318, 0.9930014, 7.4369993, 0.49697894] 2.8071015 0.87296003 0.82345796 0.9678962
[3020, 0.45349514, 0.9962181, 7.613707, 0.4807211] 2.4958327 0.9399307 0.9337247 1.0678475
[3021, 0.57788837, 0.9694389, 5.181582, 0.52733934] 2.8706875 0.9767089 1.0616773 0.93395025
[3022, 0.55806893, 0.992995, 3.7037027, 0.61704034] 2.9642038 0.98986226 0.8275984 1.3233011
[3023, 0.49305615, 0.973969, 7.7606273, 0.5405979] 2.3648272 1.2165293 0.9848047 1.1029046
[3024, 0.5377027, 0.9718397, 6.542005, 0.54483265] 2.7587464 0.7626108 0.8922304 1.2471108
[3025, 0.4213144, 1.0543709, 6.9232655, 0.5933128] 2.5716398 1.0765134 0.9516691 1.1703045
[3026, 0.43637636, 1.0124223, 7.8285327, 0.5530807] 2.314745 1.0628773 0.9533711 1.3729358
[3027, 0.654283, 0.9084653, 3.008451, 0.5931778] 3.065337 0.9193317 0.9146739 1.3540941
[3028, 0.47722492, 0.9595052, 6.954539, 0.3481336] 2.1620083 1.1290836 0.93748343 1.3999977
[3029, 0.52282256, 1.0047066, 4.5719924, 0.46269125] 2.932995 0.89134866 0.90070385 1.1636097
[3030, 0.42907086, 1.0362569, 6.95642, 0.47355342] 2.4897199 0.91872364 0.97411376 1.4323975
[3031, 0.44774142, 0.9743261, 7.403637, 0.3831389] 2.1281588 1.0783565 1.1655307 1.3334711
[3032, 0.47545373, 0.894661, 6.3538055, 0.24020535] 2.1692684 0.86942834 0.8527478 1.3757429
[3033, 0.53907, 0.9905311, 6.51616, 0.64395493] 2.6350899 1.0979378 0.9205454 1.219862
[3034, 0.39428523, 1.0453911, 7.4827147, 0.47925735] 2.545804 1.0428858 0.8367111 1.2085396
[3035, 0.55823296, 0.9798822, 4.686382, 0.58014005] 2.9135592 0.8937536 1.009404 1.1092963
[3036, 0.44962436, 0.953466, 6.6858654, 0.26779902] 2.2201629 0.9861786 0.9845049 1.2521753
[3037, 0.48929444, 1.0082536, 7.864216, 0.46762136] 2.5295691 1.0403451 1.0512075 1.0912935
[3038, 0.51673025, 1.0301217, 4.727992, 0.4958088] 2.7864387 0.92592686 0.94050586 1.3490636
[3039, 0.5526328, 0.9824294, 4.7832785, 0.56192845] 2.7614882 0.93007153 0.9694846 1.2823529
[3040, 0.4412259, 1.0188574, 6.770183, 0.3480034] 2.5172298 0.9215048 0.91616845 1.166597
[3041, 0.47829968, 0.9996577, 7.8477263, 0.5033961] 2.479324 0.9961273 0.7978324 1.3261786
[3042, 0.41365755, 1.1106259, 3.5304687, 0.6009199] 3.0696585 0.92090094 0.9273112 1.2522137
[3043, 0.37604094, 1.071049, 7.1518364, 0.68720937] 2.5085406 0.9202188 0.9672796 1.4045721
[3044, 0.45283055, 1.0450677, 5.983003, 0.42230028] 2.7124584 0.94747835 0.9370616 1.1804761
[3045, 0.5180111, 1.0106195, 5.5766854, 0.4873899] 2.8087056 1.004988 0.9427872 1.0433979
[3046, 0.511994, 0.99168354, 6.3770175, 0.58045685] 2.725585 1.0708089 0.79045254 1.1968269
[3047, 0.4304311, 1.0024507, 7.059146, 0.48528668] 2.6525252 0.9683988 0.84537834 1.0892562
[3048, 0.48271328, 0.993267, 7.251134, 0.40216398] 2.4130332 0.8900489 1.0350842 1.3566502
[3049, 0.56570816, 1.0339751, 3.5598278, 0.543589] 2.9061203 1.0600394 0.95747995 1.2718514
[3050, 0.53030795, 0.93990076, 7.5961137, 0.38968942] 2.5082664 0.9281679 1.0285064 1.0963768
[3051, 0.38574356, 1.0869559, 6.4725504, 0.62063485] 2.5872855 0.92914283 0.9453522 1.3557847
[3052, 0.3566508, 1.0548962, 6.457561, 0.40992385] 2.5104973 1.0096546 0.9698132 1.2896963
[3053, 0.45742896, 1.0404878, 6.5990157, 0.5471488] 2.6603758 0.9864753 0.95183134 1.2329942
[3054, 0.33181196, 1.046651, 7.521077, 0.3799077] 2.316129 0.9440874 1.0137676 1.266838
[3055, 0.48192844, 1.0635632, 3.7365956, 0.5816431] 3.0628598 0.82575005 0.8718495 1.2490183
[3056, 0.55218405, 1.0048263, 3.9017828, 0.53032696] 2.9807525 1.0429827 0.8390362 1.2127365
[3057, 0.44577917, 0.94278073, 7.1375117, 0.3293948] 2.0715456 0.9604584 1.0156096 1.4716445
[3058, 0.539728, 1.0164312, 3.9588118, 0.6004398] 3.1089718 0.91799676 0.7563145 1.1510888
[3059, 0.45084432, 1.0276825, 7.3465047, 0.52269244] 2.4105396 0.8538713 0.953209 1.5112151
[3060, 0.50246197, 0.9488387, 7.2065697, 0.34527063] 2.3567955 0.9299419 0.9418592 1.231734
[3061, 0.48672995, 1.0412958, 4.8947206, 0.53277034] 2.7730606 1.0045751 0.94481033 1.1969707
[3062, 0.5613013, 0.99714136, 4.5789237, 0.6133108] 2.7792127 1.0113037 1.0336262 1.2331455
[3063, 0.5233104, 0.998913, 5.0428843, 0.43785846] 2.8152363 1.0490198 0.7992488 1.2098342
[3064, 0.4274158, 1.0342778, 7.4802423, 0.5182482] 2.4544058 0.99659336 0.9320877 1.218005
[3065, 0.37374565, 1.0631971, 6.902554, 0.57755494] 2.6491792 0.85820705 0.9211897 1.2156498
[3066, 0.51121503, 0.9799677, 6.770536, 0.631418] 2.6102293 1.0547578 0.9425056 1.0199895
[3067, 0.45589897, 1.0456076, 6.3726025, 0.5111967] 2.5518916 1.0916713 1.0940601 1.1557465
[3068, 0.48645788, 1.0013243, 6.1630583, 0.50342005] 2.6561453 1.0504825 0.9214508 1.1914544
[3069, 0.4980191, 0.9814768, 7.8251133, 0.5095958] 2.2614484 1.0086238 1.0192698 1.4923322
[3070, 0.506771, 1.0230702, 4.8459244, 0.4462259] 2.5931497 1.0798389 1.0452403 1.3505719
[3071, 0.5178233, 1.0184348, 4.275165, 0.56283313] 2.9412847 0.9463421 0.83482426 1.2583479
[3072, 0.5616748, 0.98876685, 4.5252275, 0.54183936] 2.7926676 0.9249999 0.9893488 1.3322382
[3073, 0.5216811, 0.9722384, 7.100796, 0.47323] 2.4173033 1.0013201 0.92827314 1.4347491
[3074, 0.51292866, 0.99420834, 6.3818016, 0.57823646] 2.6647754 0.8780438 0.83783334 1.4570998
[3075, 0.59987855, 0.93273586, 4.2087846, 0.4637753] 2.780104 0.99066603 1.0144033 1.2736042
[3076, 0.55341554, 0.97300744, 5.320026, 0.5345841] 2.6884282 0.9832921 0.94701743 1.3691782
[3077, 0.4994562, 0.99747455, 6.839189, 0.48027512] 2.5501647 1.1579883 0.9609719 1.1672691
[3078, 0.48551106, 0.99423575, 7.0263233, 0.3952355] 2.4626482 1.0208333 0.99202996 1.1498041
[3079, 0.47265193, 0.98028076, 7.409123, 0.41773868] 2.2817094 0.99990165 1.0719718 1.2830894
[3080, 0.5371827, 1.0011052, 4.363329, 0.5321687] 2.784198 1.1424477 0.9848433 1.1979705
[3081, 0.4608442, 1.0306275, 6.8573303, 0.45605135] 2.358447 0.9786353 1.1251405 1.4062151
[3082, 0.5371195, 1.009071, 5.446894, 0.43419227] 2.6971905 0.9782372 1.0266566 1.1747837
[3083, 0.57835364, 1.0049448, 3.6980665, 0.5095951] 3.0007038 0.86332524 0.90445465 1.3147973
[3084, 0.47410187, 1.0338721, 4.1023307, 0.57278144] 2.8861184 1.0342432 0.9278439 1.149105
[3085, 0.47291982, 0.98228925, 7.1498322, 0.43436125] 2.1860466 1.1273696 1.0250806 1.4033026
[3086, 0.51614136, 1.0023316, 4.1480193, 0.447306] 2.882421 0.84545 0.8473632 1.3483264
[3087, 0.56659645, 0.9698405, 4.390684, 0.5144469] 2.7660885 0.9864204 0.93988293 1.4213963
[3088, 0.47981104, 1.0519915, 3.9176872, 0.608204] 3.02427 0.93938047 0.8547886 1.1519234
[3089, 0.40168363, 1.0409409, 7.407801, 0.4813543] 2.4537547 0.9211978 0.9444432 1.3893229
[3090, 0.44241565, 1.0857892, 3.5551906, 0.56110024] 2.9625146 0.8290744 1.0598667 1.305089
[3091, 0.52394027, 0.9962357, 4.923365, 0.6310095] 2.859187 0.991306 0.84491146 1.1476253
[3092, 0.5116948, 1.003167, 5.9678664, 0.7044548] 2.4983468 1.0383236 0.99636847 1.4248911
[3093, 0.50900626, 1.0111004, 6.185767, 0.5925281] 2.6773198 1.0456637 0.94036007 1.1709974
[3094, 0.44673234, 1.0127522, 7.7033052, 0.60683805] 2.5398712 0.9674417 0.8756688 1.1789938
[3095, 0.4203225, 1.0630376, 6.0766935, 0.5397909] 2.681177 0.8549102 0.99843305 1.1822358
[3096, 0.39286825, 1.0339042, 7.4501424, 0.4185008] 2.3492894 0.91185105 1.0444068 1.3267375
[3097, 0.54060215, 0.99434924, 4.4871864, 0.48360872] 2.6779747 1.0069282 0.89306885 1.5447963
[3098, 0.4100513, 1.0164822, 8.122506, 0.40913594] 2.3387816 1.137853 0.8938808 1.1288943
[3099, 0.3793975, 1.0275568, 8.033093, 0.5136899] 2.2901611 1.0625539 1.0064262 1.3081026
[3100, 0.5380163, 0.9797354, 5.137611, 0.5033845] 2.713214 0.91312045 0.9359563 1.4325504
[3101, 0.41723815, 1.0659615, 6.577846, 0.49129263] 2.5644705 0.95896536 0.9051998 1.3380007
[3102, 0.4191285, 1.0401528, 6.662195, 0.52886754] 2.5748987 0.9621453 0.9129906 1.2841634
[3103, 0.4158296, 1.0552889, 5.4281077, 0.4274091] 2.5980775 0.9239151 1.0417265 1.3289772
[3104, 0.48206457, 1.0060345, 6.9950933, 0.57472473] 2.6856022 0.91632044 0.85849357 1.1323894
[3105, 0.49418938, 1.005133, 4.73221, 0.56596756] 2.694475 1.1058586 1.0577674 1.1751496
[3106, 0.47807765, 1.022545, 6.036682, 0.49819493] 2.6022556 0.9291469 0.85347027 1.4390353
[3107, 0.5222137, 1.0289643, 3.9429915, 0.57341254] 2.8053966 1.011717 0.97869486 1.3455491
[3108, 0.37324816, 1.0619161, 8.4310255, 0.5016974] 2.5364482 0.9359108 0.79370236 1.2341022
[3109, 0.4976475, 0.93294156, 7.475886, 0.40945736] 2.1784036 1.1245915 0.9393645 1.3368758
[3110, 0.4590353, 0.9973731, 6.5804057, 0.51149637] 2.431903 0.9787694 1.131518 1.2880303
[3111, 0.43425894, 1.0256413, 7.243577, 0.516047] 2.505625 1.0247122 0.94401217 1.2942647
[3112, 0.5355546, 1.0088129, 3.8091106, 0.545284] 2.919735 1.0222981 0.97127175 1.1586703
[3113, 0.5302208, 0.9761694, 6.467061, 0.50368786] 2.685461 0.8672374 0.95639926 1.0884088
[3114, 0.35349557, 1.088596, 7.01465, 0.50767994] 2.446542 1.0344745 1.1510509 1.1681596
[3115, 0.46393618, 0.9373414, 6.8195, 0.30831257] 2.2449827 0.77690053 0.9673757 1.3970308
[3116, 0.4820331, 1.0078101, 7.051079, 0.44695652] 2.4520717 0.96737045 0.889319 1.4224709
[3117, 0.4507561, 1.0612326, 3.4506764, 0.6982147] 3.0007458 0.88222915 0.96873486 1.2210262
[3118, 0.5540813, 0.84906447, 6.4830523, 0.27108946] 2.07524 1.1714935 0.9309522 1.256267
[3119, 0.48396444, 1.0023996, 5.4866667, 0.5242176] 2.6238813 0.8892075 0.9968191 1.4664388
[3120, 0.60626984, 0.9427361, 4.1328125, 0.61412466] 2.9049838 0.957234 0.93037194 1.2500356
[3121, 0.5468303, 0.9790917, 3.557462, 0.41146943] 3.0805566 0.9515286 0.9263844 0.98068345
[3122, 0.4381971, 0.9613944, 6.576706, 0.34869543] 2.1867552 0.89419407 1.0205647 1.3771112
[3123, 0.52714145, 0.9821114, 5.3229775, 0.47881877] 2.7458959 0.9370485 0.98071206 1.1946224
[3124, 0.4769926, 1.019027, 7.2457867, 0.60444856] 2.6244001 1.0749723 0.9524613 1.0914218
[3125, 0.4177907, 0.9918348, 7.3609033, 0.40295386] 2.3143206 0.93694156 0.93037874 1.2877214
[3126, 0.51570547, 1.0675422, 3.2334561, 0.5543957] 3.026067 1.0826365 1.0321317 1.0884373
[3127, 0.46248227, 1.0721049, 3.4024465, 0.5390479] 2.9793851 0.9957435 0.93680733 1.2684231
[3128, 0.57484573, 0.95280665, 5.3124986, 0.51876396] 2.570904 1.0113989 0.8707391 1.6583874
[3129, 0.58833253, 0.94331497, 4.070348, 0.5410259] 2.9410694 0.80331004 0.89758146 1.3011471
[3130, 0.48438248, 1.0164105, 6.4881186, 0.512585] 2.592882 1.0589118 0.95585823 1.107261
[3131, 0.48057595, 1.0171094, 4.9308543, 0.56154984] 2.8224885 0.84021294 0.92289305 1.3401963
[3132, 0.47808394, 1.0133737, 6.520882, 0.5271203] 2.7160592 0.86368036 0.8820878 1.1664989
[3133, 0.4740343, 1.0382799, 5.468658, 0.5477414] 2.752271 0.9207911 0.93893486 1.2719941
[3134, 0.4811697, 0.98810625, 7.3915052, 0.38933128] 2.3936155 1.0103621 0.9044274 1.447316
[3135, 0.39783216, 1.0452162, 8.212043, 0.5851503] 2.426554 0.95339966 0.9408005 1.3747619
[3136, 0.45531735, 1.0590304, 5.7385373, 0.4738609] 2.6398795 1.1140078 0.9240463 1.2001671
[3137, 0.46398297, 1.0941523, 3.03578, 0.5204468] 3.2824132 0.88809204 0.83775866 1.0467083
[3138, 0.45277908, 1.0335454, 7.7280383, 0.5616998] 2.4675262 1.0752342 0.95054036 1.2320408
[3139, 0.46329728, 1.0364224, 5.9466596, 0.4660619] 2.8834908 0.8447851 0.7840302 1.1296586
[3140, 0.3961714, 1.0376655, 8.143045, 0.44837335] 2.46212 0.9728777 0.89774066 1.2559758
[3141, 0.4508326, 1.0361108, 6.301273, 0.5545857] 2.6984348 0.80903405 0.9520822 1.2880917
[3142, 0.4241354, 1.0097746, 7.83708, 0.4144873] 2.2346783 0.997742 0.90197575 1.3890011
[3143, 0.51834685, 1.0216371, 4.2737107, 0.45674148] 2.8469424 0.84242576 0.8941423 1.4474021
[3144, 0.46241742, 1.0101986, 6.6510863, 0.488837] 2.6672843 0.92089117 0.83399856 1.267248
[3145, 0.5411974, 0.9797893, 4.9808364, 0.5005022] 2.6305203 0.9468525 0.93604946 1.4013246
[3146, 0.4575957, 0.9824777, 7.8254685, 0.3939588] 2.1508207 1.0079013 1.1377157 1.3837063
[3147, 0.4893222, 0.97060376, 7.8130193, 0.33909476] 2.472155 0.93078786 0.769606 1.2429519
[3148, 0.37155446, 1.0269752, 8.356728, 0.4645477] 2.4823031 0.94437814 0.8831037 1.1997472
[3149, 0.54346436, 0.95967054, 4.9926248, 0.64729506] 2.6494064 1.1754493 0.950066 1.2688925
[3150, 0.39985594, 1.0653082, 5.7190013, 0.522253] 2.7663233 0.85711926 0.9449124 1.2166167
[3151, 0.5144559, 0.98428166, 6.151627, 0.46936595] 2.4923382 1.0590074 0.98658985 1.3848126
[3152, 0.45595086, 1.0556574, 4.152637, 0.5121798] 2.872196 0.980745 0.9179164 1.2301776
[3153, 0.47601312, 1.0091323, 6.7484264, 0.41216695] 2.4639893 0.9124914 1.0644205 1.3575351
[3154, 0.46136758, 1.0951036, 3.0789983, 0.5557154] 3.1696193 0.7426708 0.9519195 1.2734467
[3155, 0.47233978, 0.9671152, 7.392017, 0.40155998] 2.0745587 0.99220824 1.041162 1.5644484
[3156, 0.5396039, 0.99708164, 4.894956, 0.48617294] 2.88686 1.0552795 0.88322127 1.1389664
[3157, 0.3884934, 1.0555147, 7.480684, 0.59290624] 2.528745 1.0004702 0.919764 1.3072541
[3158, 0.47537133, 1.0399078, 5.505118, 0.5587125] 2.7463052 1.0091715 0.90397596 1.152165
[3159, 0.51224566, 0.880655, 5.083213, 0.2187688] 1.9633276 0.90794283 1.1186991 1.5217215
[3160, 0.5209402, 0.9987493, 4.7377996, 0.5910895] 2.6689909 0.968472 0.9982001 1.3927534
[3161, 0.5029335, 1.037039, 3.6053092, 0.5779049] 2.9915411 0.90509754 0.8283818 1.3538326
[3162, 0.5134723, 1.0073037, 5.3493223, 0.5805368] 2.6987417 0.95487857 0.95240766 1.3337032
[3163, 0.48210207, 0.9677889, 7.5874276, 0.37726533] 2.3548045 0.84871805 0.964528 1.3668325
[3164, 0.49365428, 0.98822474, 6.5737605, 0.53713787] 2.6792612 0.8195513 0.90888256 1.1008103
[3165, 0.47660366, 1.0668606, 3.6882784, 0.6251331] 2.934219 1.005467 0.924042 1.2563633
[3166, 0.58839047, 0.94875765, 6.7372956, 0.48769474] 2.5498407 1.0016468 0.9199475 1.4127331
[3167, 0.45059985, 1.0178792, 5.857909, 0.47611386] 2.5199347 0.91426694 0.94407284 1.3950164
[3168, 0.408818, 1.0323212, 7.8842206, 0.4807729] 2.5935473 0.89230216 0.7569525 1.1184307
[3169, 0.47284073, 0.99531496, 7.0232306, 0.60734284] 2.5456004 0.92107093 0.8314315 1.327436
[3170, 0.50761074, 1.0456482, 3.8906991, 0.5261454] 2.9287393 0.858907 0.81945056 1.491932
[3171, 0.43501282, 1.0465087, 6.6711, 0.56219786] 2.593682 0.9314681 0.98450005 1.3315564
[3172, 0.49534523, 0.9713436, 6.8337336, 0.5151145] 2.4055302 1.1347939 0.9665482 1.2361041
[3173, 0.41846123, 1.0517303, 5.772289, 0.58877575] 2.7838976 0.9122952 0.83945715 1.288252
[3174, 0.45856953, 1.0281918, 7.2735634, 0.5554508] 2.454006 1.1113671 1.0297903 1.2404068
[3175, 0.43676266, 1.0157198, 7.840646, 0.429107] 2.4190533 0.83158225 1.057461 1.3027459
[3176, 0.52750605, 1.0457721, 3.4935777, 0.57701194] 3.0969572 0.9283221 1.0250516 1.127973
[3177, 0.46887624, 1.0578529, 3.4372864, 0.52770466] 2.969406 1.1140084 0.8638271 1.3792174
[3178, 0.4927543, 1.0486245, 5.401927, 0.7541373] 2.843219 1.0093023 0.911916 1.1058334
[3179, 0.4528467, 0.9793155, 7.6148477, 0.39702362] 2.315903 0.9892317 0.96857125 1.2815392
[3180, 0.35403764, 1.1079623, 6.7302227, 0.5543433] 2.5668457 0.99983203 0.9704214 1.3495245
[3181, 0.37883013, 1.0535411, 7.58773, 0.50757253] 2.3786628 1.1375563 0.9615118 1.2590251
[3182, 0.49211043, 1.0232441, 5.775736, 0.580424] 2.6137395 1.0443922 0.91525173 1.3094106
[3183, 0.59200317, 0.9310179, 4.734057, 0.6498427] 2.5746822 1.1528428 1.0789555 1.3418621
[3184, 0.4873735, 1.0244349, 6.133129, 0.66569215] 2.640605 0.9722933 0.92280036 1.3844292
[3185, 0.5493853, 0.996035, 4.6581845, 0.5914808] 2.8591535 0.82465345 0.96809965 1.2722621
[3186, 0.46365306, 1.0464526, 5.020475, 0.5780719] 2.8268087 0.9994169 0.892196 1.1616089
[3187, 0.5262439, 0.96867555, 7.18928, 0.66520077] 2.5040402 1.0167888 0.95539486 1.2160882
[3188, 0.63567954, 0.88782763, 4.443741, 0.4877511] 2.8024652 0.9785173 0.86778533 1.3700788
[3189, 0.47499388, 0.97986394, 7.965366, 0.47268614] 2.2753265 1.0596304 0.8524519 1.4486754
[3190, 0.48217577, 1.0017416, 7.3896694, 0.54339796] 2.4608335 1.0804007 0.93846256 1.3218331
[3191, 0.37106615, 1.0655205, 7.1681066, 0.62663317] 2.5981262 0.8265766 0.9662251 1.3014824
[3192, 0.45853716, 1.0236255, 5.84606, 0.5223731] 2.5256069 0.9254265 1.0045972 1.3919545
[3193, 0.4529079, 1.0270166, 7.7865543, 0.50534344] 2.6451526 0.89451367 0.94105774 0.9954643
[3194, 0.48654443, 1.0393637, 5.1448483, 0.5092322] 2.6649065 1.0533448 0.9420943 1.370284
[3195, 0.42498782, 1.0540998, 4.932439, 0.44555688] 2.5668316 1.1210612 0.970689 1.3803794
[3196, 0.47838795, 1.0076979, 4.232155, 0.3882841] 2.9685316 0.87085164 0.9478422 1.0445333
[3197, 0.36480784, 1.039516, 7.175421, 0.4937512] 2.3831432 0.93052393 0.98044634 1.3171557
[3198, 0.45931652, 1.0331984, 5.947887, 0.47962528] 2.6320498 0.94525176 0.90330225 1.357592
[3199, 0.4601699, 1.0215137, 6.485466, 0.5466827] 2.5133338 1.1385552 1.0396217 1.2050482
[3200, 0.52826357, 0.93466777, 7.4909434, 0.4344893] 2.2720342 0.9745853 0.9277037 1.4966556
[3201, 0.4930054, 1.009501, 5.801871, 0.60003334] 2.7769399 0.94853485 0.74428076 1.3160356
[3202, 0.35334486, 1.0641124, 7.376304, 0.47683352] 2.3820918 0.97986215 1.0894259 1.2807462
[3203, 0.42687875, 1.0184072, 8.313961, 0.8605302] 2.3897018 0.9835848 0.9056312 1.3835288
[3204, 0.46016294, 1.039734, 5.536065, 0.5151829] 2.6703773 1.022618 0.9014138 1.3144068
[3205, 0.45496607, 1.0315347, 6.99566, 0.4922626] 2.46773 0.98607576 0.9188722 1.4752094
[3206, 0.55669165, 0.98685867, 4.5584326, 0.559932] 2.7879643 1.0037322 1.045092 1.279721
[3207, 0.42094234, 0.9557011, 6.5407624, 0.23337062] 2.314693 0.9541403 0.9765415 1.1209044
[3208, 0.4575133, 1.0378966, 6.2301517, 0.490902] 2.5089824 0.9745858 1.04559 1.407792
[3209, 0.5397647, 0.9963122, 3.6346338, 0.529242] 2.843804 1.0547482 0.8855149 1.2989825
[3210, 0.4789967, 1.0324079, 6.315934, 0.52135855] 2.4377415 1.1238363 1.0965002 1.3341653
[3211, 0.4261483, 1.0224233, 7.417385, 0.43345776] 2.4613454 1.0143434 1.0247732 1.1655718
[3212, 0.44567886, 1.040885, 6.2587934, 0.55362356] 2.702027 1.0102377 0.94460803 1.1306217
[3213, 0.45472616, 1.030958, 6.043426, 0.42329028] 2.698791 0.8825715 1.016888 1.092031
[3214, 0.50996804, 1.0014045, 6.8863688, 0.5629733] 2.6583648 0.8703865 0.89248216 1.2541019
[3215, 0.48231208, 1.0224168, 4.831519, 0.5426943] 2.651441 0.9867334 1.0225718 1.3530909
[3216, 0.5662512, 0.92266077, 7.386568, 0.62676716] 2.4564812 1.1054093 0.738995 1.5046723
[3217, 0.3649475, 1.0437013, 8.544754, 0.43165347] 2.3771954 0.92331797 0.9735103 1.2058636
[3218, 0.45237732, 1.0126323, 8.219238, 0.573386] 2.5623348 0.8922879 0.85845333 1.1605048
[3219, 0.44603074, 1.0947824, 3.3284943, 0.56344485] 3.0807436 0.9345558 0.89909685 1.2365526
[3220, 0.5059186, 0.9632558, 7.302706, 0.3697826] 2.4238806 0.9038975 1.0401505 1.312214
[3221, 0.44589007, 1.0212636, 6.6999755, 0.6250381] 2.6073656 0.9059932 0.92511225 1.374936
[3222, 0.4394359, 1.0423821, 5.300185, 0.5353771] 2.6381338 1.0016055 0.9205452 1.3766012
[3223, 0.47628948, 1.0147638, 7.1352034, 0.52669215] 2.5586224 0.8670671 1.0119513 1.2925336
[3224, 0.45647547, 1.0181777, 6.590075, 0.55600953] 2.6172981 0.8985355 0.8863658 1.2820157
[3225, 0.5605083, 0.9702348, 4.4013114, 0.4263452] 2.715347 0.9430375 0.9731241 1.4137354
[3226, 0.49073797, 1.0008675, 6.5459075, 0.48147678] 2.5037951 1.0688825 1.0047835 1.2913858
[3227, 0.49875218, 1.0373231, 3.6282969, 0.56949776] 3.1111035 0.94465864 0.86010647 1.0875157
[3228, 0.44116038, 1.0321572, 7.196796, 0.5988105] 2.6064782 0.9236361 0.78004384 1.2471288
[3229, 0.43375695, 1.0344793, 6.5810814, 0.5237273] 2.5500767 0.9153913 1.0652307 1.2671499
[3230, 0.4786518, 1.0139517, 7.0574245, 0.7228358] 2.7315233 0.9775805 0.91889006 1.0643591
[3231, 0.5195648, 0.91494083, 6.9369955, 0.34327072] 2.4039738 0.9552546 0.7922147 1.1238185
[3232, 0.50739783, 0.99841285, 6.336904, 0.60302806] 2.5406928 0.97885036 0.8860289 1.4280686
[3233, 0.5638855, 0.9508942, 6.563233, 0.51641756] 2.612718 0.95696276 0.92300296 1.327973
[3234, 0.43141645, 1.0447509, 5.7435374, 0.54618734] 2.624157 1.0173912 0.9805894 1.0739781
[3235, 0.47287643, 0.8886816, 6.404254, 0.24786904] 2.299166 0.96048087 0.90445584 1.0857201
[3236, 0.39128348, 1.0296832, 8.407248, 0.4169851] 2.3980236 0.9450113 0.87756014 1.2471384
[3237, 0.5028428, 0.89646727, 6.47349, 0.3733128] 2.1613817 1.0809444 0.89143044 1.276041
[3238, 0.4564571, 1.0047324, 7.5777907, 0.46346495] 2.3989418 0.9912999 1.0115527 1.2687079
[3239, 0.4384103, 1.026183, 7.0759206, 0.44337308] 2.5469673 0.932024 0.92013705 1.2269033
[3240, 0.46933675, 1.026077, 5.409066, 0.45061514] 2.6134982 1.0236514 0.9412235 1.314785
[3241, 0.56032676, 0.96824306, 4.4177537, 0.5552331] 2.8627932 0.9049801 0.85006833 1.3914479
[3242, 0.5564683, 1.0072031, 3.5917428, 0.4767569] 3.0296538 0.91850626 1.0044658 1.0247828
[3243, 0.6287592, 0.7926969, 6.431982, 0.23839916] 2.2317991 1.0708393 1.0156314 1.066883
[3244, 0.433518, 1.0149857, 7.268821, 0.43959093] 2.4882033 0.9745262 0.93511003 1.2466274
[3245, 0.4278951, 1.0527331, 5.6343207, 0.45071983] 2.689308 0.8851516 0.9034947 1.3350472
[3246, 0.44324112, 1.0288767, 5.734995, 0.45078155] 2.7790449 0.8233694 0.9190449 1.1765804
[3247, 0.51948833, 1.0319887, 3.647913, 0.610122] 3.0037966 0.8768871 0.8514467 1.3132972
[3248, 0.4595453, 1.0074359, 7.7159896, 0.46187678] 2.3685942 1.041405 1.0368475 1.2921463
[3249, 0.4454697, 1.0531102, 6.336649, 0.5278276] 2.534818 1.0195911 1.0195682 1.2924685
[3250, 0.41447887, 1.055219, 6.2408495, 0.5036422] 2.6056712 0.93337893 0.91708344 1.2691879
[3251, 0.5346976, 1.0074224, 4.149746, 0.44987595] 2.8953104 0.9516469 0.8850324 1.2561797
[3252, 0.38709497, 1.0601821, 6.6384106, 0.5495484] 2.5298808 0.8945875 0.97289234 1.3469466
[3253, 0.44958135, 0.99346447, 7.2827106, 0.47621265] 2.3728666 1.1091974 0.9870201 1.2550972
[3254, 0.4369658, 1.0270375, 6.786739, 0.37287426] 2.3908896 0.9698937 1.0711229 1.487635
[3255, 0.45805278, 1.0089245, 7.447006, 0.67406815] 2.4503472 1.0495658 0.89479697 1.4346957
[3256, 0.47801957, 0.98701906, 7.7098107, 0.4383862] 2.5495105 0.8154866 0.8774591 1.2391247
[3257, 0.4014067, 1.0293899, 7.3683267, 0.4151037] 2.3246026 0.9839474 1.0416266 1.3204539
[3258, 0.3711087, 1.0333114, 8.183697, 0.56313026] 2.3784318 1.0741571 1.0185618 1.1972889
[3259, 0.4493867, 1.0352306, 7.2828197, 0.46046764] 2.522151 0.93894845 0.8583421 1.2804787
[3260, 0.45296353, 1.0317055, 6.473914, 0.5879775] 2.54127 0.9532545 0.9345922 1.3791445
[3261, 0.5204089, 0.98163223, 6.453273, 0.3846124] 2.4130087 1.0661156 0.94906414 1.2483941
[3262, 0.4931275, 1.0112891, 5.60699, 0.69579977] 2.6257722 0.9922515 1.0222147 1.3799989
[3263, 0.5488867, 1.01022, 4.0332327, 0.52101403] 2.7646348 0.9712097 1.0821469 1.2992738
[3264, 0.46414334, 1.0718249, 3.44801, 0.5307954] 3.0302756 0.82705754 0.9329001 1.3080332
[3265, 0.43533945, 1.0182024, 7.259613, 0.406624] 2.4332256 0.86781764 0.91677296 1.4494545
[3266, 0.55254865, 0.97390383, 5.007176, 0.4864204] 2.6155322 1.0150058 0.98485243 1.4383175
[3267, 0.4935259, 0.9173817, 6.4216795, 0.29882374] 2.269401 0.97637904 1.0260037 1.0986934
[3268, 0.5553847, 0.97964686, 5.4472895, 0.57189536] 2.8903303 0.9230987 0.8698077 1.0599134
[3269, 0.56553507, 0.9888172, 4.053674, 0.5355302] 2.8362749 1.0158606 0.91327506 1.3282506
[3270, 0.5124765, 0.99854416, 6.872214, 0.745363] 2.524704 0.9810505 0.9971288 1.2662449
[3271, 0.4917698, 1.0274031, 3.6389306, 0.509177] 2.937964 0.87072283 1.011204 1.2517906
[3272, 0.46247748, 1.0071498, 7.5624804, 0.51753646] 2.3955445 1.028814 1.0854933 1.276818
[3273, 0.5448455, 1.0242368, 4.117042, 0.5989586] 2.949226 0.82179946 1.01622 1.2204499
[3274, 0.3838876, 1.0379385, 7.1257434, 0.4667636] 2.3943555 0.99052674 0.9543354 1.3675559
[3275, 0.4740105, 1.0277053, 5.6443663, 0.52411056] 2.6193628 1.0210617 0.99439716 1.3230683
[3276, 0.57330185, 0.94521713, 5.540662, 0.6641106] 2.5270765 0.9745496 1.1082239 1.461646
[3277, 0.50128186, 1.0024221, 6.0870357, 0.6035395] 2.701997 1.0297583 0.8816781 1.2357612
[3278, 0.4282207, 1.0588756, 6.5652533, 0.531475] 2.502579 1.0801336 0.95651865 1.327371
[3279, 0.4230091, 1.05713, 7.2532854, 0.50237507] 2.6333716 0.9406177 0.90339077 1.1767274
[3280, 0.53006405, 0.9911994, 6.087657, 0.53678024] 2.6247642 0.99094516 0.9671967 1.2817498
[3281, 0.47973722, 1.0337813, 5.5598545, 0.60114837] 2.6833024 0.9914005 0.9063627 1.3499913
[3282, 0.45950398, 1.0097249, 6.6131473, 0.44841388] 2.4943264 0.97647995 0.97696805 1.3300476
[3283, 0.49351123, 1.0013528, 6.755914, 0.5002327] 2.5535994 0.9707151 0.8441747 1.4268953
[3284, 0.425601, 1.0603887, 5.91247, 0.5770915] 2.568026 1.042524 0.91675395 1.411552
[3285, 0.4902679, 1.0600815, 4.0422144, 0.49489987] 2.8575237 1.0990661 0.9663223 1.255316
[3286, 0.5111737, 1.0371271, 3.6144292, 0.6048652] 2.991997 0.8596275 0.7944293 1.434167
[3287, 0.5307742, 1.0090363, 4.4022813, 0.48721847] 2.7777803 1.0702338 1.0293354 1.2119241
[3288, 0.5869209, 0.9566378, 4.1368246, 0.58928293] 2.9109952 0.91225463 0.93089515 1.1983244
[3289, 0.51614815, 1.008297, 4.570864, 0.5391729] 2.8206336 1.0270818 0.9860184 1.143256
[3290, 0.5587945, 0.9942852, 4.595186, 0.45801505] 3.071462 0.73769563 0.8739568 1.1182272
[3291, 0.5986459, 0.97497094, 3.7066011, 0.43069923] 2.9343028 0.8501406 1.0326171 1.2449456
[3292, 0.38440907, 1.0380234, 6.742756, 0.45701757] 2.423077 0.95937467 1.0003226 1.3179283
[3293, 0.458954, 1.0158243, 7.4966054, 0.40730426] 2.2693841 1.0573937 1.0229737 1.4852116
[3294, 0.3692368, 1.0250937, 7.6268964, 0.3849866] 2.3240564 0.9282766 1.02245 1.1863517
[3295, 0.46258906, 1.0295458, 6.787558, 0.51711357] 2.4438772 0.94305295 1.0422016 1.3923194
[3296, 0.5335015, 1.0320034, 3.8205252, 0.6984774] 2.9108384 0.89935374 0.8495784 1.5154886
[3297, 0.4113956, 1.0275601, 7.4146957, 0.5570568] 2.557315 1.1010058 0.83642244 1.0699408
[3298, 0.47863296, 1.0276663, 5.2406936, 0.9611306] 2.724353 0.99445087 0.941675 1.3118794
[3299, 0.3986401, 1.0421771, 5.5481176, 0.5294623] 2.658756 0.96633613 0.9374162 1.3134376
[3300, 0.46545383, 1.0472416, 5.758518, 0.6556266] 2.6437142 1.0645283 1.002053 1.2299562
[3301, 0.436777, 0.9582691, 7.209586, 0.27432755] 2.1765196 1.0703865 0.93212634 1.3790802
[3302, 0.5487424, 0.98027855, 5.503642, 0.46124724] 2.872126 0.66025573 0.936414 1.2026006
[3303, 0.4422488, 1.0471647, 5.8675594, 0.5110551] 2.6136365 1.0086774 0.9449217 1.2937813
[3304, 0.36819813, 1.0329597, 8.080478, 0.371152] 2.4241307 1.0000516 0.8038697 1.2873963
[3305, 0.535116, 0.9874741, 6.3163643, 0.41011003] 2.6752925 1.0298495 1.1050812 0.9863667
[3306, 0.4797035, 1.067499, 4.049622, 0.48280993] 3.0347974 0.9309073 0.8588405 1.1979653
[3307, 0.5461166, 0.9812145, 4.8330216, 0.46851066] 2.8357863 1.0182441 0.9105378 1.1797403
[3308, 0.49200594, 1.015772, 5.6265297, 0.7597447] 2.8580182 0.95083714 0.783607 1.1548446
[3309, 0.5090774, 1.0093627, 4.602038, 0.7786051] 2.6789713 1.0227641 0.9120017 1.4727819
[3310, 0.5331815, 0.9875895, 5.4621873, 0.5715659] 2.604201 0.969709 0.95810294 1.4481775
[3311, 0.58088493, 0.9664842, 4.195712, 0.5027875] 2.9820328 1.0392865 0.863318 1.0491703
[3312, 0.46107152, 1.0234287, 6.4984684, 0.5103843] 2.4878235 1.0771393 1.0331281 1.2522042
[3313, 0.47435957, 1.0378063, 4.1406436, 0.6380317] 2.75215 0.9527098 1.0245205 1.4082564
[3314, 0.4668099, 1.0308187, 4.7732415, 0.7950094] 2.7348611 0.9713002 1.0251002 1.219953
[3315, 0.44840655, 1.0355762, 5.896651, 0.53092486] 2.7006817 1.0012312 0.8852013 1.2397768
[3316, 0.38414487, 1.0176528, 7.8768997, 0.46381184] 2.4123516 0.95192164 0.93142945 1.2215762
[3317, 0.4368408, 1.0645981, 4.99631, 0.5112981] 2.875682 0.83268267 0.95537597 1.1992015
[3318, 0.51336634, 0.9877328, 5.0136333, 0.416284] 2.6446886 0.897264 1.0039753 1.4391407
[3319, 0.4475059, 0.9606902, 7.135693, 0.3414172] 2.2495737 0.95578855 1.1020021 1.190107
[3320, 0.52872515, 0.96566504, 7.95262, 0.514947] 2.276871 0.95841104 1.0592963 1.5219897
[3321, 0.48092464, 1.0328201, 5.6461587, 0.53668535] 2.8180947 0.7994253 0.8133964 1.2349764
[3322, 0.48599502, 1.0253783, 7.011663, 0.51422125] 2.4421709 1.082366 1.0188012 1.304666
[3323, 0.38749537, 1.0675814, 5.688085, 0.53299016] 2.7831771 0.9188691 0.86274844 1.1733323
[3324, 0.5834962, 0.94129044, 4.231892, 0.47331113] 2.8872278 1.0018167 0.85423386 1.1203938
[3325, 0.45753995, 0.98247826, 8.331056, 0.46577597] 2.5234299 1.0038255 0.78883 1.2450529
[3326, 0.42612344, 1.0293325, 6.7956705, 0.38055778] 2.488395 1.0125927 0.89614433 1.3023208
[3327, 0.46894005, 1.0185903, 6.914486, 0.652644] 2.5826495 1.1091499 0.86549276 1.3018861
[3328, 0.4758264, 0.99688804, 6.959022, 0.58955944] 2.382918 0.9530696 1.0565332 1.4380233
[3329, 0.45801878, 1.0158665, 6.988437, 0.38743627] 2.396443 1.1122277 1.0315542 1.2739506
[3330, 0.44526377, 1.0212995, 7.385407, 0.46568125] 2.5970936 0.9293194 1.0316148 1.0865704
[3331, 0.6079701, 0.96287537, 3.5886059, 0.8062987] 3.1144347 0.9176183 0.85346144 1.1439497
[3332, 0.59536207, 0.9215278, 5.9855833, 0.7095057] 2.700403 0.85540086 0.9625941 1.3279982
[3333, 0.4609568, 1.0024247, 7.7541556, 0.42228365] 2.2674632 0.9578821 0.97907126 1.5380158
[3334, 0.5630376, 0.9499608, 4.9254107, 0.44375148] 2.6732445 1.1148685 0.99032456 1.1557329
[3335, 0.5110356, 1.049154, 3.7904298, 0.53328997] 3.1180887 0.89175224 0.8596996 1.167513
[3336, 0.48533586, 1.0088897, 6.332733, 0.43833476] 2.6307392 0.8962566 0.918424 1.2605631
[3337, 0.47026157, 1.0060478, 7.037081, 0.40032697] 2.4569914 0.9253731 1.0381322 1.276566
[3338, 0.4886598, 1.0131025, 5.6972146, 0.583556] 2.6857307 0.8880957 0.9747086 1.3564866
[3339, 0.4371104, 1.0411453, 6.6497154, 0.5180078] 2.5314243 0.9128227 1.0301534 1.3034141
[3340, 0.5616743, 1.0116502, 3.6780777, 0.6090805] 2.8244028 0.98912174 1.0474969 1.4773313
[3341, 0.5195503, 0.9868608, 5.5820227, 0.54182076] 2.7385662 0.9540793 0.9202145 1.1985266
[3342, 0.48032898, 1.0415379, 3.8745365, 0.5485949] 2.8927135 1.049008 0.9305496 1.2313588
[3343, 0.45040467, 1.0165417, 6.5823483, 0.54406136] 2.5742533 0.9619628 0.981385 1.1666819
[3344, 0.47306973, 1.0026968, 7.57514, 0.46466935] 2.5658534 0.97485447 0.90190864 1.2259827
[3345, 0.49157548, 1.0178148, 5.979365, 0.74402577] 2.6104035 1.0396153 0.94531703 1.3612683
[3346, 0.4232563, 1.0328156, 7.8537602, 0.58971643] 2.5395663 0.8322867 0.9226513 1.329784
[3347, 0.45549914, 0.9983627, 7.9696746, 0.43952188] 2.3240216 0.997695 1.0490272 1.3557316
[3348, 0.5075189, 0.9757546, 6.3931804, 0.45124936] 2.434421 0.81841063 1.0686774 1.4526529
[3349, 0.46191195, 1.0613822, 6.3438244, 0.47082573] 2.6078248 1.0746329 0.98268545 1.1814395
[3350, 0.5098827, 1.0003588, 6.1539836, 0.45307088] 2.7045064 0.8013866 0.93463653 1.29555
[3351, 0.41452104, 1.0396163, 7.0726113, 0.51725423] 2.555806 0.9677532 0.92184776 1.2362363
[3352, 0.46004257, 0.98510206, 8.063277, 0.46138018] 2.4171484 0.8960309 1.0125104 1.3270714
[3353, 0.5077683, 0.9786602, 7.2126203, 0.35510644] 2.386711 0.9756635 1.1392454 1.260943
[3354, 0.43920562, 1.0210304, 6.48176, 0.42806795] 2.4943461 1.038404 1.0381018 1.1825016
[3355, 0.47383025, 1.0246793, 4.49922, 0.5429061] 2.8570225 0.9054046 0.9524125 1.2298435
[3356, 0.39313978, 1.0612975, 6.603546, 0.6720596] 2.6769645 0.90219456 0.9434559 1.276727
[3357, 0.58797896, 0.9543582, 4.798718, 0.5206441] 2.8507445 0.8955669 0.97850555 1.238831
[3358, 0.4425721, 1.0027542, 7.9425993, 0.49898288] 2.3429196 0.93789196 0.9691912 1.3662446
[3359, 0.49477756, 0.9449086, 7.5174975, 0.4189817] 2.290461 1.0275755 1.0229229 1.2416923
[3360, 0.45928422, 1.0541306, 4.609076, 0.6032388] 2.788367 1.0581589 0.9684927 1.2744061
[3361, 0.4179776, 1.040758, 7.5354486, 0.48912284] 2.5592878 0.9492727 0.8966672 1.1807722
[3362, 0.38046804, 1.0388542, 7.5924883, 0.4946265] 2.49618 0.8995863 0.96506524 1.1708578
[3363, 0.44872704, 1.020354, 5.598816, 0.5660523] 2.6318955 0.9574883 1.0767841 1.27164
[3364, 0.60499704, 0.9365988, 4.879087, 0.5085631] 2.5086365 1.0194986 1.0582747 1.6352236
[3365, 0.5376479, 0.96603084, 5.6509094, 0.46047285] 2.6377654 1.013393 1.0259308 1.1840839
[3366, 0.49682721, 0.98987633, 5.200861, 0.5416242] 2.5997944 1.0859103 0.8695159 1.3593582
[3367, 0.45757833, 1.0404787, 6.1588693, 0.44079506] 2.3872478 0.91213727 1.1083646 1.4863839
[3368, 0.41450515, 1.0133307, 7.5434256, 0.40244108] 2.318553 0.8447278 1.0859783 1.2888314
[3369, 0.40951085, 1.0569886, 7.516812, 0.4852487] 2.5663166 0.9330242 0.8900054 1.3002001
[3370, 0.51003313, 0.96604514, 7.786427, 0.47881338] 2.497384 1.089558 0.9510773 1.052823
[3371, 0.5592797, 0.9591025, 5.27168, 0.5581773] 2.8260992 1.0846416 0.8862078 1.1031085
[3372, 0.4997158, 1.0147911, 4.767747, 0.50359446] 2.6948302 0.9093225 0.98814166 1.4038978
[3373, 0.50380707, 0.9856881, 7.1592164, 0.549811] 2.4380982 0.88197154 1.0881959 1.3688068
[3374, 0.4801323, 1.0781593, 3.5819826, 0.51074034] 3.1152976 1.0133785 0.74709153 1.1111879
[3375, 0.4336069, 0.96709234, 7.079172, 0.35206333] 2.2406828 1.066017 0.90185755 1.2686191
[3376, 0.43869138, 0.98075247, 6.8031917, 0.27821878] 2.3569286 0.96016383 0.7945136 1.2608488
[3377, 0.3812393, 1.0276316, 7.5342817, 0.49637958] 2.4295397 0.69486177 1.0847383 1.2884661
[3378, 0.5713178, 0.98430467, 4.5261483, 0.58516616] 2.8646574 0.86424035 0.933012 1.3020034
[3379, 0.5332065, 0.97332317, 6.32807, 0.4738382] 2.4474764 1.0882024 1.0999745 1.2870797
[3380, 0.61849016, 0.9171093, 5.043618, 0.5309231] 2.7598777 0.9377216 1.0058562 1.2253077
[3381, 0.44313708, 1.0266767, 7.3675346, 0.43248063] 2.3915856 1.1084093 0.969121 1.235294
[3382, 0.44428036, 1.0171925, 7.0174937, 0.4444344] 2.4895165 0.9985068 0.8820597 1.2452626
[3383, 0.4781163, 0.9986068, 6.4158387, 0.49304444] 2.5136104 1.0160698 1.0233619 1.1416312
[3384, 0.46019465, 0.99597436, 7.3899584, 0.37213656] 2.3128693 0.99201053 1.1083964 1.3127207
[3385, 0.42924494, 1.0361855, 5.6806874, 0.53137517] 2.7611094 1.0195066 0.9217854 1.0963912
[3386, 0.4163985, 0.9995397, 7.619649, 0.43730292] 2.4074888 0.9905915 0.98866206 1.0819546
[3387, 0.4074382, 1.0416557, 6.43922, 0.4394865] 2.480329 0.94651455 0.95854455 1.3213664
[3388, 0.52049935, 1.0042039, 4.4944286, 0.45308495] 2.931669 0.86322504 0.93238795 1.2561839
[3389, 0.4406956, 1.0165647, 7.8935113, 0.56369025] 2.2585568 1.1430744 1.1028551 1.2586473
[3390, 0.48241413, 0.99944246, 6.8953505, 0.8761426] 2.6356728 1.0786518 0.89396954 1.1310744
[3391, 0.45534346, 1.0206598, 6.1497416, 0.77103007] 2.4248378 1.114394 1.0974064 1.206637
[3392, 0.4289893, 1.030898, 6.6654515, 0.5618919] 2.5534077 0.9250833 0.9338552 1.4088042
[3393, 0.47888345, 0.9627904, 7.7860003, 0.4235358] 2.3340874 0.9362798 1.0407248 1.2757783
[3394, 0.3951225, 1.075258, 6.215773, 0.49326584] 2.648792 1.0049793 0.85663944 1.2552017
[3395, 0.5190684, 1.0244651, 3.6841881, 0.535781] 2.9161773 0.945418 1.0062184 1.2945848
[3396, 0.4622908, 1.0134951, 7.1401052, 0.48608285] 2.4162762 1.00532 0.9065245 1.4472892
[3397, 0.39486092, 1.0766854, 6.260144, 0.5638782] 2.5027275 1.0687046 1.0064578 1.3839675
[3398, 0.50378734, 1.0156251, 4.4519525, 0.47777346] 2.9183295 0.9013126 1.0267161 1.1135696
[3399, 0.3813872, 1.0683984, 7.2993784, 0.6088021] 2.5896232 0.98493224 0.87891304 1.167606
[3400, 0.4489904, 1.0068129, 7.9032707, 0.44149795] 2.5535393 0.8761767 0.93948686 1.1057943
[3401, 0.48350233, 0.95777977, 7.198239, 0.42844206] 2.3816895 0.9509713 0.91054183 1.262599
[3402, 0.5190836, 0.9850574, 6.379281, 0.5245562] 2.602728 0.9274995 1.0310013 1.2478215
[3403, 0.44648355, 1.0347099, 6.1190186, 0.52896523] 2.5948799 0.9386039 0.9073586 1.3678509
[3404, 0.40122148, 1.0891898, 4.6592555, 0.48986247] 2.9218712 0.9492061 0.7874764 1.2121934
[3405, 0.45091537, 1.0338149, 6.1641912, 0.5779823] 2.6364124 0.85476166 1.0183077 1.2894721
[3406, 0.47230235, 1.0289432, 6.5260296, 0.6638043] 2.6715143 0.9148002 1.0242467 1.1748056
[3407, 0.471258, 1.0338799, 5.8686967, 0.42032507] 2.5610368 0.9240051 0.99894416 1.4219834
[3408, 0.46629387, 1.020531, 6.497313, 0.56497794] 2.619513 0.8749496 0.88847345 1.379234
[3409, 0.41573098, 1.0312833, 7.9055605, 0.48937437] 2.421562 1.0440271 1.016209 1.2008165
[3410, 0.37156984, 1.0260677, 7.409836, 0.4121345] 2.299796 1.0188738 1.0505067 1.3032961
[3411, 0.4825297, 0.9978722, 7.15262, 0.4155667] 2.6304407 1.0249871 0.94004446 0.93229
[3412, 0.40025485, 1.1410003, 2.9637406, 0.54859066] 3.0159676 1.0707233 0.92255044 1.3300111
[3413, 0.4668401, 0.9968002, 7.7120757, 0.50476086] 2.3191938 0.92774403 0.9684397 1.4589554
[3414, 0.4969427, 0.9438512, 7.7807627, 0.4218003] 2.4406438 1.0069155 0.96040756 0.9450936
[3415, 0.46350893, 1.0364417, 2.9277902, 0.40780383] 2.9613354 1.025855 0.9245521 1.1869563
[3416, 0.52133596, 0.9955992, 4.9504933, 0.47422066] 2.8217237 0.81416136 1.0207881 1.2433794
[3417, 0.45807064, 1.0437008, 7.390358, 0.6578044] 2.5805433 1.0129727 0.98815185 1.1405252
[3418, 0.4877705, 0.9915667, 6.3314915, 0.57909554] 2.5675673 1.0622864 0.9917304 1.2171676
[3419, 0.50593174, 0.897713, 5.969081, 0.24361017] 2.0408256 1.014249 1.0775297 1.3571801
[3420, 0.47359443, 1.02448, 6.916596, 0.54216766] 2.487422 0.99833184 1.0857974 1.256137
[3421, 0.52954036, 0.9694914, 6.997207, 0.43658474] 2.5687668 0.935596 0.91258126 1.2604467
[3422, 0.53854287, 1.0112063, 3.8635557, 0.49850485] 2.9479458 1.0601553 0.96245944 1.1060953
[3423, 0.4631854, 1.0431617, 5.660503, 0.4814546] 2.6837153 0.8613838 0.9009304 1.4291936
[3424, 0.5143766, 1.0212908, 3.7515063, 0.5337619] 2.8396792 1.0308411 0.8506333 1.5150592
[3425, 0.4929501, 1.0209353, 6.4085717, 0.69688106] 2.6167004 0.87884784 0.98527503 1.2657787
[3426, 0.43651813, 1.0205442, 6.715315, 0.48388577] 2.4553792 1.0903484 1.0660723 1.238536
[3427, 0.45029774, 1.0487095, 4.460877, 0.49289677] 2.9461896 0.8425485 0.93475556 1.2008443
[3428, 0.4699327, 1.0161164, 5.1664634, 0.4762435] 2.823712 0.9070811 0.93294203 1.2130252
[3429, 0.47703466, 1.0573597, 2.9981027, 0.5562774] 3.1069875 0.99711484 0.85888237 1.2306894
[3430, 0.4220671, 1.111706, 3.3087828, 0.620611] 3.0481422 0.8770886 0.9451564 1.4353151
[3431, 0.4753663, 1.0263746, 6.012043, 0.57811844] 2.546232 0.96858805 1.0575091 1.3260125
[3432, 0.5265366, 0.87545323, 5.9428473, 0.23788412] 1.9722663 1.0922196 0.98461723 1.3962125
[3433, 0.40395933, 1.0418171, 6.9132953, 0.6654124] 2.549998 0.79398817 1.0971507 1.2143258
[3434, 0.46485677, 1.0198706, 7.9682326, 0.5388736] 2.6372101 0.89210343 0.8923989 1.1849247
[3435, 0.33084863, 1.0614877, 7.879146, 0.5178139] 2.26047 1.0199527 0.94755787 1.4061819
[3436, 0.4527466, 1.0213192, 6.699483, 0.45040905] 2.6350908 0.94020534 0.807534 1.2811416
[3437, 0.51729727, 1.0291004, 3.8893442, 0.45055032] 2.955885 1.0390855 0.8915418 1.1934892
[3438, 0.4100207, 1.0755583, 7.0470586, 0.4860766] 2.5371537 1.0074282 0.9778171 1.2389069
[3439, 0.4437934, 1.0269439, 7.2903466, 0.50122] 2.4628465 1.011311 0.9743389 1.3158971
[3440, 0.42595527, 1.0160788, 7.4939847, 0.36605456] 2.4288697 0.9160294 0.9948412 1.1480436
[3441, 0.3715274, 1.0731443, 6.6066, 0.57845575] 2.4809604 1.0414857 0.9585693 1.3256196
[3442, 0.4932059, 1.013916, 6.673633, 0.6443415] 2.8219564 0.99226433 0.7691637 1.0849279
[3443, 0.48525733, 0.97715783, 7.646023, 0.5157422] 2.2916293 0.9575064 1.0575359 1.3987861
[3444, 0.4485515, 1.0530688, 7.703233, 0.5491486] 2.4948852 0.90969473 0.9247194 1.4365543
[3445, 0.47606203, 1.0060372, 6.7735076, 0.5628633] 2.5581534 0.9701497 0.93591696 1.2362621
[3446, 0.5363568, 0.9984924, 3.7102642, 0.52648073] 2.8955343 0.84401613 0.8837943 1.4187372
[3447, 0.5417873, 1.0000448, 3.4877264, 0.4948931] 2.9246788 1.0537258 0.848903 1.3925303
[3448, 0.41498536, 1.1349018, 2.9674094, 0.7621572] 3.2092915 0.8081561 0.953573 1.3071975
[3449, 0.4974922, 1.0101429, 4.6550717, 0.42026237] 2.7860422 0.9031808 0.9511559 1.2276781
[3450, 0.34066063, 1.069417, 7.7386274, 0.53417957] 2.3268788 1.0270624 0.86155576 1.476987
[3451, 0.4157361, 1.0222226, 6.986904, 0.4029871] 2.359319 1.0120037 1.0062745 1.3222365
[3452, 0.4244426, 1.0616598, 5.0772214, 0.49718815] 2.6974697 0.98773825 0.98975295 1.2783123
[3453, 0.5083682, 0.9880784, 6.85951, 0.5226663] 2.564642 1.0029339 1.0037111 1.1399958
[3454, 0.5143361, 1.0379449, 3.5130453, 0.4884396] 3.0703604 0.7290235 0.89545304 1.261097
[3455, 0.5280942, 0.9720585, 6.7675915, 0.54095197] 2.5287976 0.9846716 1.133097 1.1641946
[3456, 0.5613259, 0.9719457, 4.719935, 0.5128662] 2.8500543 0.97043544 0.94096726 1.090049
[3457, 0.5147388, 1.0150261, 4.692942, 0.5473511] 2.799751 1.0147673 0.90144384 1.3250049
[3458, 0.47986522, 1.0308632, 4.6467514, 0.49218926] 2.9511364 0.9044044 0.7690632 1.2072201
[3459, 0.4974151, 0.98138475, 5.087984, 0.4042195] 2.7258537 0.9777733 1.0218916 1.1958371
[3460, 0.54052246, 0.999984, 4.2892256, 0.7151461] 2.9902406 0.9323545 0.88270414 1.1974899
[3461, 0.34840864, 1.0855159, 6.8491273, 0.39371917] 2.5215206 0.9457183 0.96793276 1.2995775
[3462, 0.44462466, 1.0349797, 7.7001486, 0.51618373] 2.7394297 0.81950045 0.7991546 1.0242758
[3463, 0.4616524, 1.0390012, 6.020279, 0.6173618] 2.7127466 0.8806522 0.8797785 1.3277715
[3464, 0.4363067, 0.93667686, 6.3822813, 0.2563262] 2.0980394 1.0245507 1.0886583 1.3114624
[3465, 0.52055633, 1.0132624, 4.6355777, 0.51170355] 2.8479457 0.9282082 0.7652763 1.3779418
[3466, 0.4642551, 0.9670201, 8.074495, 0.41180632] 2.4100523 1.017634 0.9537814 1.148732
[3467, 0.51647943, 1.0005912, 5.0222373, 0.5918385] 2.7475824 1.0149928 0.89044476 1.3408515
[3468, 0.53088635, 1.0151606, 3.7535105, 0.5126976] 2.9434547 0.95815754 0.9767786 1.1619387
[3469, 0.48916638, 0.9930124, 4.69403, 0.43436748] 2.7835846 0.9891085 0.9430887 1.2418795
[3470, 0.5320698, 1.0322586, 3.1295443, 0.5424599] 3.1434762 0.83805597 1.0462415 1.1561271
[3471, 0.52213734, 1.0142121, 5.932835, 0.53519547] 2.9309886 0.9348576 0.82857203 0.85160726
[3472, 0.44553313, 1.0280607, 7.6864524, 0.62084866] 2.3257077 1.174408 0.9662679 1.2763464
[3473, 0.4307529, 1.0538447, 5.4364853, 0.5108272] 2.6293507 1.0169063 0.91664046 1.3105702
[3474, 0.4032011, 1.0431056, 7.304097, 0.62028885] 2.3752232 0.9548129 1.0181444 1.4409362
[3475, 0.39607394, 1.039815, 7.1676974, 0.39057636] 2.4219227 0.9231384 0.9854984 1.277392
[3476, 0.52040833, 1.0111855, 5.6429243, 0.5171172] 2.6603708 1.1271201 1.0216879 1.1232573
[3477, 0.45651492, 1.0868783, 3.2387671, 0.70674187] 3.0478158 1.0165794 0.96337044 1.1867117
[3478, 0.3947597, 1.060435, 7.198293, 0.67724943] 2.4347303 0.9937205 1.049332 1.4037387
[3479, 0.48344538, 1.0444281, 4.384973, 0.47263533] 2.8804545 1.0360614 0.85335094 1.2104627
[3480, 0.513925, 0.98948437, 4.755973, 0.40333748] 2.7402947 0.9553603 0.9052796 1.3376414
[3481, 0.5068139, 1.0313807, 4.2646174, 0.45710564] 2.936236 0.87647235 0.8430403 1.3248284
[3482, 0.49370572, 0.99187756, 5.9894423, 0.47282475] 2.66456 1.0338839 0.86521333 1.1998124
[3483, 0.53123325, 0.9485638, 7.433737, 0.3873373] 2.4357922 0.90356153 0.9189573 1.2747873
[3484, 0.45809868, 1.0701777, 3.734097, 0.58953667] 2.8582242 0.99896556 1.0561734 1.3084418
[3485, 0.52244747, 0.998121, 6.8278646, 0.5553332] 2.4413164 1.1678883 0.9323675 1.4439209
[3486, 0.47543848, 1.0346507, 5.273188, 0.5437571] 2.7621512 0.95434916 0.8781566 1.2996317
[3487, 0.5919543, 0.9403313, 5.333255, 0.6960353] 2.6627169 0.9419157 0.8798438 1.5101734
[3488, 0.3864841, 1.0173236, 8.34687, 0.45350388] 2.3800945 0.88408214 0.90545136 1.3758249
[3489, 0.4464872, 1.0420008, 6.345098, 0.6902632] 2.726471 0.93708366 0.9018166 1.1528867
[3490, 0.56074905, 1.0023928, 3.5344415, 0.56020224] 2.8993204 0.98636544 1.0483887 1.2570809
[3491, 0.49026313, 0.9872669, 7.2536573, 0.41737384] 2.4847271 1.1147896 0.8637648 1.1795516
[3492, 0.40785787, 1.0604045, 7.1402516, 0.44251424] 2.4268868 1.1182857 0.94311774 1.3293211
[3493, 0.5221767, 1.0077055, 6.4439588, 0.6471581] 2.7141433 0.7913497 0.8878482 1.4061775
[3494, 0.41656464, 1.0614282, 6.0731177, 0.5523931] 2.6932788 0.9255531 0.97343004 1.2927839
[3495, 0.4882519, 1.0248971, 5.7235265, 0.83362645] 2.6692376 0.8563994 0.95256245 1.3229504
[3496, 0.41023067, 1.0670618, 6.0794916, 0.51187074] 2.6288257 0.9801432 0.96399665 1.1745569
[3497, 0.5932574, 0.9322831, 6.121233, 0.49281004] 2.5287347 1.0323328 0.9824704 1.3154784
[3498, 0.46300614, 1.0553652, 4.528511, 0.55549455] 2.8513134 1.0656213 0.9013576 1.2218107
[3499, 0.5705721, 0.96785766, 4.286518, 0.4546738] 3.0103807 0.79479724 0.9502015 1.1588606
[3500, 0.54654497, 0.95409626, 5.346244, 0.6704343] 2.4487205 0.9932064 1.0118071 1.613158
[3501, 0.5467336, 1.0093043, 4.5646253, 0.50008446] 2.7523403 0.9220549 0.90456754 1.4449705
[3502, 0.5672173, 0.95274603, 5.7843947, 0.5236992] 2.8037417 1.0401311 0.93397415 0.93519384
[3503, 0.46801463, 0.9310212, 6.813141, 0.33456278] 2.183319 1.0548826 1.0226878 1.2654359
[3504, 0.4092346, 0.97953403, 7.3409276, 0.3373764] 2.2470574 1.2110668 0.9598031 1.1619138
[3505, 0.56010944, 0.98692715, 4.246805, 0.56757915] 2.8672256 0.85688704 0.8388089 1.458662
[3506, 0.5286173, 0.97671276, 5.4009123, 0.5202693] 2.652007 0.8754187 0.9675927 1.347706
[3507, 0.47425476, 1.0262213, 6.186193, 0.4855882] 2.5612133 0.98825616 0.945687 1.3664873
[3508, 0.47418517, 0.9935356, 7.779115, 0.52543294] 2.4704874 0.90583587 0.93282247 1.2773329
[3509, 0.4323466, 1.0448564, 6.181829, 0.556892] 2.7174668 0.8511286 0.8879397 1.253015
[3510, 0.5180838, 1.0191242, 4.5345984, 0.49249423] 2.8300157 1.0110958 0.9651852 1.2262084
[3511, 0.44000784, 1.1001629, 3.1130419, 0.75815374] 3.242554 0.7559948 0.86608064 1.2794353
[3512, 0.5179568, 0.9991896, 7.031471, 0.6337531] 2.6909122 0.9007187 0.8845871 1.2224792
[3513, 0.4025787, 1.0173523, 7.798683, 0.46467116] 2.1800609 1.1634202 1.0847783 1.3574215
[3514, 0.539837, 1.0170715, 3.886507, 0.53412014] 2.9437616 0.9235301 0.96417356 1.1804327
[3515, 0.48229644, 1.0370164, 5.876249, 0.53783244] 2.6243334 0.96971065 0.9272557 1.4205096
[3516, 0.40865523, 1.0562023, 6.669705, 0.47246018] 2.5332618 1.0169258 0.9068247 1.3753468
[3517, 0.47371694, 1.0306822, 4.4765487, 0.49141794] 2.8136308 1.0226161 0.90584224 1.3114916
[3518, 0.4816893, 1.027194, 5.685696, 0.52995855] 2.6674676 1.0140105 0.82108146 1.3608432
[3519, 0.49771747, 0.9916654, 6.325843, 0.42714447] 2.5429811 0.898973 0.95232564 1.3797598
[3520, 0.5352694, 0.9859899, 6.0967426, 0.68865466] 2.457582 1.1623923 1.0263346 1.3103809
[3521, 0.54714406, 0.98609066, 5.0120873, 0.5079752] 2.7481015 0.8747163 0.9465823 1.3614659
[3522, 0.55423516, 0.9786636, 5.9235, 0.53483844] 2.729609 1.0582008 0.9610352 1.1350541
[3523, 0.43182963, 1.048893, 6.041645, 0.51133615] 2.7261508 0.93776625 0.93917173 1.2153047
[3524, 0.5017726, 1.0095854, 4.3900704, 0.49097365] 2.7676945 0.96594054 0.9657358 1.2730309
[3525, 0.50251395, 1.0064995, 6.081398, 0.6272295] 2.727507 0.8267211 0.96316135 1.2545938
[3526, 0.43267655, 1.0260187, 6.7992115, 0.49055418] 2.7263327 0.87665427 0.84262836 1.0978221
[3527, 0.5026102, 1.0089601, 5.825676, 0.52223796] 2.6693254 0.7952117 0.97270787 1.477037
[3528, 0.50887215, 0.86862224, 6.520645, 0.27892303] 2.1210485 1.0315169 0.8941948 1.3605855
[3529, 0.46999276, 1.0028107, 5.947074, 0.41061676] 2.4523315 1.0570383 1.012446 1.347334
[3530, 0.49859148, 1.0187715, 6.4556823, 0.5900278] 2.6039464 1.0488627 0.9179491 1.3320364
[3531, 0.55122435, 0.9665675, 4.810726, 0.52824265] 2.8072488 0.8254601 0.9964046 1.2869524
[3532, 0.48095053, 1.0329492, 6.0457954, 0.49828678] 2.6594548 0.85487616 0.961918 1.4198254
[3533, 0.5195978, 0.9683056, 5.7453, 0.4828062] 2.6432207 0.9742003 0.9384395 1.3284695
[3534, 0.51527953, 1.0048585, 4.341513, 0.5468565] 2.9054112 0.92023075 0.9124373 1.2365574
[3535, 0.3630497, 1.060496, 7.994748, 0.45702708] 2.474493 0.91485894 0.88747054 1.2517385
[3536, 0.54729897, 0.9886405, 5.494213, 0.5959343] 2.7073503 0.93253624 0.8334003 1.4487083
[3537, 0.35083798, 1.0639993, 8.405917, 0.59941196] 2.420093 0.7939524 0.89744145 1.4651409
[3538, 0.43936095, 1.046047, 6.7934594, 0.45690423] 2.643384 0.9630649 1.0052011 1.118227
[3539, 0.5233993, 1.0198983, 4.8480263, 0.67020655] 2.8085966 0.9003388 0.8604869 1.3759654
[3540, 0.54770774, 0.9889929, 4.380771, 0.50700986] 2.940756 0.91745704 0.8177888 1.2215264
[3541, 0.49022532, 0.9952205, 6.4966908, 0.455333] 2.4399307 1.2372499 0.9762421 1.2752751
[3542, 0.53157824, 1.0138584, 3.922606, 0.54455864] 3.0822284 1.0225794 0.88022494 1.0395592
[3543, 0.42745298, 1.0135748, 9.157941, 0.8329281] 2.308394 0.97276866 0.91073704 1.4146135
[3544, 0.44739866, 1.0557321, 6.657681, 0.5673709] 2.7007864 0.89746726 0.9095523 1.1710254
[3545, 0.4343047, 1.013311, 7.267387, 0.4067654] 2.6006413 0.9008194 0.82367206 1.1642354
[3546, 0.49303207, 1.0391424, 4.4922743, 0.62164843] 2.9203708 1.0466539 0.89645636 1.0946413
[3547, 0.5550951, 0.9825552, 5.249618, 0.534264] 2.8407395 0.97549284 0.9373553 1.0922136
[3548, 0.50361735, 1.0003256, 4.888431, 0.45607156] 2.86666 1.0772954 0.8697747 1.0416597
[3549, 0.5197927, 1.0138896, 4.137655, 0.5321817] 2.7832525 0.8787452 1.0813513 1.3430136
[3550, 0.4266651, 1.0048478, 7.301024, 0.39584923] 2.2165148 1.1285102 1.0714508 1.3079265
[3551, 0.38884273, 1.0057793, 7.785533, 0.3954386] 2.2684422 0.9594352 0.9618419 1.3565288
[3552, 0.49214146, 1.0198283, 6.149958, 0.6835482] 2.67848 0.76762134 0.98990107 1.3937414
[3553, 0.3626027, 1.0563369, 7.183487, 0.5011321] 2.5253844 0.9437258 0.8584227 1.220564
[3554, 0.4504263, 1.0477767, 6.5795283, 0.46826708] 2.5832171 1.0105529 0.93162125 1.3059452
[3555, 0.53663105, 0.9816222, 6.338282, 0.5418134] 2.6506474 1.0602239 0.8709907 1.2192986
[3556, 0.38214535, 1.0584804, 6.9203963, 0.4605566] 2.4944963 1.009419 0.96600115 1.261456
[3557, 0.49528396, 1.000349, 5.8439584, 0.45882794] 2.5840435 1.1187537 0.87147105 1.3636427
[3558, 0.4982381, 0.9869173, 8.316924, 0.53359634] 2.613933 0.94060194 0.9536093 0.91911036
[3559, 0.45619515, 0.99495226, 6.7077045, 0.40524] 2.3920884 1.016589 0.9861795 1.3070939
[3560, 0.47080252, 0.9987218, 6.272675, 0.6328904] 2.672578 0.87880033 0.922198 1.316726
[3561, 0.5886434, 0.9785254, 3.805531, 0.4796646] 3.0489545 0.87226814 0.95041066 1.1108937
[3562, 0.5941149, 0.9457913, 4.561893, 0.5578665] 2.6755176 0.92390674 0.8674221 1.5710843
[3563, 0.46498063, 1.0210034, 5.5424237, 0.6126513] 2.6640146 1.0779353 0.8478751 1.181841
[3564, 0.58084446, 0.9606247, 6.996076, 0.61550534] 2.6038098 0.9774958 0.9938545 1.1255891
[3565, 0.52680314, 1.0263863, 3.034012, 0.5957345] 3.135014 0.8647295 0.95458055 1.152742
[3566, 0.41046005, 1.0421944, 7.2439895, 0.55022424] 2.5327604 1.0479351 0.97360617 1.1424357
[3567, 0.5280008, 1.0057417, 6.194895, 0.6736663] 2.738643 0.8637015 1.0053335 1.1507995
[3568, 0.4982649, 1.0111144, 5.0485344, 0.4618541] 2.7391467 0.9124447 0.95604634 1.2538176
[3569, 0.5553304, 0.98569643, 3.7260559, 0.64072603] 3.084171 0.805318 0.94950885 1.228929
[3570, 0.43909287, 1.0447607, 5.3900714, 0.45166057] 2.6495004 0.89032507 0.9582275 1.3747976
[3571, 0.4362193, 1.0386329, 6.7281322, 0.6101143] 2.6882281 0.8729162 0.8230823 1.3007135
[3572, 0.44982326, 1.0348753, 6.152248, 0.68126446] 2.634077 0.9208515 0.91171676 1.3636789
[3573, 0.44403538, 1.0722313, 3.6020577, 0.5671314] 3.0084407 0.90980595 0.98779535 1.2920927
[3574, 0.44007975, 1.0651076, 4.0919533, 0.5233638] 2.8757713 1.0724194 0.761984 1.3887542
[3575, 0.5510717, 0.98860747, 5.461353, 0.5688321] 2.4910085 1.0063 1.0130131 1.5927694
[3576, 0.47938532, 1.0208879, 7.3344073, 0.51541346] 2.4543235 1.0914627 0.970845 1.3662741
[3577, 0.3906359, 1.0704038, 5.618543, 0.49844897] 2.6366374 0.96774846 0.91679376 1.4044679
[3578, 0.4712406, 1.0294764, 6.9090157, 0.6629165] 2.4762697 1.0107762 0.9532741 1.4417155
[3579, 0.51871854, 0.9854405, 4.381506, 0.39681613] 2.945393 0.82972914 1.0869341 1.0815905
[3580, 0.51628286, 0.977507, 6.3280516, 0.58151656] 2.5668063 0.9339677 0.84805423 1.4281478
[3581, 0.4636375, 1.009127, 6.621718, 0.48087043] 2.5743313 1.0255167 0.96055067 1.1431615
[3582, 0.49006844, 0.99495375, 7.5334024, 0.38949454] 2.5005114 0.9691248 0.90466607 1.2083127
[3583, 0.5350392, 0.9858062, 4.6733475, 0.59464157] 2.6901674 0.9340908 1.00486 1.3859017
[3584, 0.40014535, 1.0016711, 7.2938223, 0.3783566] 2.189876 1.0196195 1.0866016 1.3194376
[3585, 0.41140854, 1.0600339, 6.702106, 0.5241949] 2.7179112 0.99644595 0.8290105 1.194084
[3586, 0.52313894, 1.0168102, 4.5626016, 0.48054218] 2.924204 0.8122328 0.8448262 1.2826781
[3587, 0.54682434, 1.0039604, 4.404517, 0.74455804] 2.781391 0.9264315 0.8797537 1.416181
[3588, 0.43092844, 1.0138353, 7.355122, 0.50099033] 2.5476375 0.95021224 0.925425 1.2962304
[3589, 0.44758, 1.0113333, 7.398985, 0.51669234] 2.4419339 1.0053896 0.994976 1.2627883
[3590, 0.45083132, 1.0148282, 8.011413, 0.5958654] 2.5954244 1.0530808 0.8536601 1.1482769
[3591, 0.5143573, 1.0053695, 3.6683216, 0.5012949] 2.9772067 0.8968123 0.9570871 1.1525345
[3592, 0.45442998, 1.0420462, 6.7562456, 0.4233204] 2.5467005 1.032747 1.0480373 1.1427481
[3593, 0.5027054, 0.99125165, 5.399939, 0.55087674] 2.8203466 0.8800883 0.9340033 1.2081487
[3594, 0.5348371, 1.0076487, 4.619271, 0.47156414] 2.7415345 0.884947 1.0349205 1.417242
[3595, 0.39570695, 1.0320404, 7.519974, 0.42965662] 2.3360786 0.95922637 1.0902628 1.3476139
[3596, 0.4438423, 0.9992057, 7.7251205, 0.44098708] 2.3537898 1.0120939 1.0135767 1.2968644
[3597, 0.52232265, 0.9915237, 6.1236157, 0.4850867] 2.5884664 0.9958561 0.86372095 1.4160318
[3598, 0.44837916, 1.0984149, 3.474828, 0.49616763] 2.9816344 0.9357202 0.99980956 1.2310216
[3599, 0.46275184, 1.0295653, 6.550493, 0.59020287] 2.5882778 0.92263335 0.88762265 1.4237363
[3600, 0.5126264, 0.9870749, 6.728045, 0.48990777] 2.365514 0.90991586 1.119899 1.5439655
[3601, 0.4412708, 1.0251466, 7.753949, 0.6183441] 2.526105 0.88588893 0.9445872 1.2496531
[3602, 0.37797138, 1.0624837, 7.4742293, 0.602342] 2.492891 0.95050025 1.067472 1.0636935
[3603, 0.42980793, 1.0511056, 5.722171, 0.53475845] 2.613971 1.1364558 0.9074987 1.2792397
[3604, 0.42717782, 0.99193704, 7.8981876, 0.4519528] 2.3944237 0.99776524 0.99997616 1.0854628
[3605, 0.5667469, 0.97834593, 4.3977976, 0.5569164] 2.9182706 0.8147188 0.8923406 1.2457649
[3606, 0.5721622, 0.98070645, 4.9291654, 0.6122019] 2.6100695 0.8962915 0.9744892 1.493498
[3607, 0.45686847, 1.0372033, 6.169098, 0.48488933] 2.650506 0.9207771 1.0189753 1.1884819
[3608, 0.38343817, 1.0261855, 7.7644153, 0.44559383] 2.3722682 0.9099072 1.069361 1.2262017
[3609, 0.51714283, 1.0591787, 3.0831156, 0.54162747] 2.9792717 0.9362642 0.9471409 1.4849217
[3610, 0.5062038, 0.9968209, 7.6579237, 0.4765333] 2.4357228 0.94806933 1.045519 1.2130198
[3611, 0.48236498, 0.99434775, 7.0080376, 0.62230235] 2.4390855 0.9545965 0.988128 1.4092785
[3612, 0.56450605, 0.9844095, 4.2551575, 0.48047063] 2.8742616 0.76260185 0.9114674 1.3353468
[3613, 0.5872564, 0.95431703, 4.599498, 0.49694246] 2.9085302 1.0088831 0.7542449 1.3000522
[3614, 0.5559557, 0.9452489, 6.403413, 0.57106596] 2.5214608 0.8582902 0.9480095 1.509456
[3615, 0.5148056, 0.9951604, 5.109187, 0.5047563] 2.6881373 0.8366884 1.0810895 1.3213855
[3616, 0.5407806, 0.99189264, 5.013881, 0.6060913] 2.677706 0.94740945 0.97991943 1.4347719
[3617, 0.5229941, 0.9866843, 5.446143, 0.759448] 2.816893 0.87799484 0.7762435 1.3152728
[3618, 0.49548703, 1.0314361, 4.493602, 0.4793598] 2.9095206 0.9725637 0.9464437 1.1779417
[3619, 0.40828785, 1.0784819, 5.8494024, 0.62518746] 2.5876029 0.96296096 0.97273636 1.3722
[3620, 0.5511996, 0.97791094, 4.756834, 0.45009792] 2.677708 1.0002574 0.9435355 1.3908457
[3621, 0.4696531, 1.0337205, 4.884467, 0.45869407] 2.7373703 0.98545855 0.9157274 1.297475
[3622, 0.4841548, 1.0004348, 6.7133117, 0.4741064] 2.535195 1.1042309 0.8788861 1.258626
[3623, 0.43393594, 1.035555, 7.5595994, 0.59477794] 2.6201997 0.8806045 0.8787099 1.2712836
[3624, 0.4756256, 0.94581723, 7.219643, 0.3344737] 2.4438381 0.82313645 0.8646273 1.1184938
[3625, 0.51367974, 0.9802683, 5.7810287, 0.4567171] 2.7343273 1.0030346 1.0133196 1.0158669
[3626, 0.5445993, 1.0087308, 4.759288, 0.6111566] 2.902131 0.93190044 0.9106247 1.2210659
[3627, 0.47397834, 1.0242174, 7.1196313, 0.51373225] 2.5001311 0.9923197 0.8646107 1.4516757
[3628, 0.42440397, 1.0529748, 7.02312, 0.520327] 2.5341566 0.9655804 0.92593014 1.2995981
[3629, 0.48889413, 1.0102458, 6.967267, 0.6782173] 2.6870406 1.0624708 0.9589014 0.9971388
[3630, 0.41918886, 1.0272563, 5.934696, 0.6867784] 2.5972 0.93089783 0.95160204 1.4272516
[3631, 0.46788725, 0.9414603, 6.521844, 0.26603135] 2.11719 0.98641527 1.0419263 1.4265176
[3632, 0.51014477, 0.9867233, 6.6769323, 0.4576618] 2.5502996 1.0225853 0.95835185 1.205084
[3633, 0.48275316, 1.0405442, 4.3750463, 0.50075865] 2.8120875 0.97053933 0.8772765 1.3709823
[3634, 0.37830362, 1.0624806, 6.7270308, 0.5494044] 2.5832534 0.9109946 0.92459136 1.2916481
[3635, 0.5448098, 0.9861245, 4.9358244, 0.59592706] 2.7842708 0.86660874 0.8576531 1.406993
[3636, 0.45937577, 0.9686388, 7.333912, 0.38984954] 2.3543646 1.1281449 0.7539607 1.292579
[3637, 0.45431426, 1.0430357, 7.141982, 0.7957162] 2.5882208 1.0701112 1.04161 1.0463252
[3638, 0.42325094, 1.0548071, 4.2720017, 0.65658724] 2.8553994 0.89831513 0.91634274 1.3183559
[3639, 0.49283546, 1.0215074, 4.8977494, 0.51386267] 2.7923026 0.92892647 0.9329826 1.2784214
[3640, 0.39552966, 1.0390252, 7.8123536, 0.57717776] 2.527674 0.98888886 0.78036976 1.1893646
[3641, 0.54738724, 1.0187327, 4.175857, 0.6698701] 2.9190671 0.89380693 1.0180359 1.2696228
[3642, 0.50800174, 1.0193182, 5.3686585, 0.6271822] 2.6121562 1.0262883 1.0126793 1.3955357
[3643, 0.5339592, 0.98784006, 4.7597446, 0.53796065] 2.857333 0.87787557 0.811678 1.3280506
[3644, 0.49600032, 1.0085765, 6.8102226, 0.4861487] 2.707016 0.9482121 0.9312919 1.083073
[3645, 0.46859598, 1.0194867, 5.5429454, 0.501051] 2.6074777 1.0854908 0.88176113 1.3452864
[3646, 0.5427873, 1.0349098, 3.4964812, 0.5988185] 3.06165 0.84243155 0.8777807 1.342887
[3647, 0.5278217, 0.99907964, 5.363167, 0.51034987] 2.6365945 1.0227218 1.039735 1.2301161
[3648, 0.3863979, 1.0604476, 7.203858, 0.49869132] 2.4593458 1.00457 1.0350115 1.3198671
[3649, 0.5249856, 1.0078884, 4.497634, 0.6964987] 2.9267814 0.8545178 0.9746573 1.1735913
[3650, 0.5697113, 0.9767075, 5.0442696, 0.7090065] 2.6676624 0.8495388 1.0179057 1.4526833
[3651, 0.60056657, 0.9195765, 4.8157134, 0.4911066] 2.6401143 0.88773924 1.1256869 1.4283929
[3652, 0.3680405, 1.066912, 7.621774, 0.4906862] 2.34966 1.0615644 1.0266867 1.261827
[3653, 0.5149649, 1.011551, 4.5964384, 0.5850707] 2.7284644 0.87847275 0.99366266 1.4438516
[3654, 0.49673235, 1.0083258, 6.527253, 0.6036309] 2.629733 0.9342573 0.95840913 1.2664138
[3655, 0.48697436, 1.0164279, 5.8453336, 0.5784576] 2.6879663 0.90998745 0.82841116 1.4444507
[3656, 0.4941862, 0.99045223, 5.632812, 0.63174385] 2.6784177 0.9000324 0.9117935 1.3426161
[3657, 0.4156793, 1.0079299, 8.243117, 0.48176345] 2.4732685 0.9996032 0.83952 1.0967374
[3658, 0.4660803, 0.95297706, 6.468454, 0.29298532] 2.2520514 0.98578537 0.9020104 1.2499014
[3659, 0.423832, 1.0302582, 6.8935437, 0.6001214] 2.4163241 1.0123593 1.0581658 1.3990034
[3660, 0.4532117, 1.0325071, 6.848092, 0.456965] 2.4837053 0.9318173 1.0265061 1.4129778
[3661, 0.5364684, 1.0040557, 4.3414936, 0.5197117] 2.8726733 0.89748615 0.87107146 1.3625711
[3662, 0.44554678, 1.0278329, 6.785858, 0.62374866] 2.585207 0.9681029 0.8885547 1.2709732
[3663, 0.4934069, 1.0201644, 6.2461076, 0.5260649] 2.5413864 1.0479177 1.0127611 1.332926
[3664, 0.4886926, 0.9943529, 7.16095, 0.52626574] 2.4400513 1.0455593 0.9548189 1.3749366
[3665, 0.3595362, 1.0846714, 6.253693, 0.6672226] 2.5987515 1.0093504 0.9693711 1.2078966
[3666, 0.47081113, 1.0295985, 7.389777, 0.54838586] 2.695544 0.8384577 0.93861425 1.1133063
[3667, 0.54401726, 1.0096564, 4.0578303, 0.5223255] 2.9088097 1.0199443 0.9193646 1.2109444
[3668, 0.42551076, 0.98874855, 7.8904133, 0.38583106] 2.2120981 0.97056764 1.0884498 1.4300425
[3669, 0.37578103, 1.0709537, 6.324594, 0.4763636] 2.5192862 1.043071 1.0369871 1.275565
[3670, 0.45573092, 1.0590123, 5.0002875, 0.41349438] 2.5430112 1.140094 1.0168571 1.4872844
[3671, 0.38802412, 0.9863083, 7.0202036, 0.31360805] 2.1745307 0.8982293 1.0451859 1.3565135
[3672, 0.51312834, 1.0237236, 4.888098, 0.48487088] 2.8009548 0.825036 1.0286553 1.3417075
[3673, 0.44874027, 1.0361816, 6.7217827, 0.4513341] 2.5873744 1.0496811 1.0158114 1.0574913
[3674, 0.5313678, 1.0124768, 4.3594313, 0.45812765] 2.8176596 0.97191685 0.7937971 1.4456794
[3675, 0.45454985, 1.0340127, 5.906616, 0.5196512] 2.7516854 0.99031764 0.91500914 1.0999218
[3676, 0.5183012, 1.019849, 4.5441427, 0.5977966] 2.8536391 0.9457678 0.88634294 1.2622895
[3677, 0.5321364, 1.0180892, 3.4821594, 0.48933166] 2.8308542 1.0105149 1.125492 1.3491547
[3678, 0.43857694, 1.0203196, 7.7965374, 0.52748513] 2.5534565 1.1271837 0.8533172 1.1176498
[3679, 0.4399635, 1.0231247, 7.895667, 0.46169776] 2.3774648 0.97053856 1.073054 1.248238
[3680, 0.4369832, 1.0435827, 6.082603, 0.46308583] 2.5235758 1.121719 0.9702367 1.2711128
[3681, 0.4573727, 1.0406117, 5.2633333, 0.4960868] 2.7625382 0.9002599 0.9882573 1.2331161
[3682, 0.41749382, 1.0654689, 6.6246476, 0.52913404] 2.698597 0.82906985 0.8645199 1.263977
[3683, 0.42372683, 0.96356606, 6.4262595, 0.2583542] 2.1558099 1.0815669 1.0733954 1.2809814
[3684, 0.4799782, 1.0337404, 4.916254, 0.5617296] 2.7739203 0.88364315 0.9366438 1.2760966
[3685, 0.4620823, 1.0276208, 6.9618664, 0.47888035] 2.7062058 0.9575842 0.93440574 1.0545536
[3686, 0.52603614, 1.0222901, 4.8290453, 0.55975884] 2.851492 0.8826948 0.81687754 1.389565
[3687, 0.49328497, 1.0176497, 6.187696, 0.38293332] 2.527559 0.8979442 0.90813226 1.435936
[3688, 0.53064376, 1.0143054, 4.7168946, 0.52453935] 2.6617649 0.9308569 1.029718 1.4560381
[3689, 0.40451542, 1.1319429, 3.0046837, 0.65926343] 3.1853433 0.79805523 0.77078104 1.4646435
[3690, 0.6336634, 0.91814965, 4.217086, 0.4986639] 2.888531 0.9951377 0.86539495 1.3309938
[3691, 0.52370995, 1.0164615, 3.8205757, 0.48887113] 2.8979955 1.0157095 0.9703108 1.2214608
[3692, 0.48609677, 0.9896417, 6.3165984, 0.53127277] 2.5071375 1.1469764 0.91614205 1.1736623
[3693, 0.53776604, 0.98188394, 5.6969256, 0.5960388] 2.7360234 0.9147786 0.949427 1.2134843
[3694, 0.5028964, 0.9872563, 5.689502, 0.5310523] 2.7666457 0.92015445 0.9520097 1.1697938
[3695, 0.4538546, 1.0057044, 7.4356017, 0.44469127] 2.4915135 1.0411373 1.0123508 1.1160113
[3696, 0.5107198, 0.98973405, 6.4878745, 0.53728545] 2.688699 0.963216 0.7350766 1.3226639
[3697, 0.48144072, 1.0142586, 6.177497, 0.4365266] 2.5830905 1.0228417 1.0314457 1.1940721
[3698, 0.551687, 1.029544, 3.970624, 0.5143606] 3.1697366 0.6985837 0.847737 1.1780605
[3699, 0.5500385, 0.9556461, 6.6165867, 0.44140688] 2.3345516 1.1443601 0.9516359 1.3666834
[3700, 0.5079233, 1.0075071, 6.766749, 0.49165946] 2.5673451 0.88033706 0.920518 1.4270103
[3701, 0.47345132, 1.046103, 5.830476, 0.50400513] 2.7592976 0.83414793 1.0315015 1.173129
[3702, 0.4755478, 1.060483, 3.6051888, 0.50018] 2.9800925 0.90192753 0.9386233 1.36899
[3703, 0.54774946, 1.0022879, 3.9015718, 0.65860325] 2.8739164 0.82405376 0.9909897 1.3485981
[3704, 0.48869917, 1.0125794, 5.2377305, 0.56075317] 2.8493335 0.84877133 0.94505066 1.1580018
[3705, 0.5626111, 0.98557574, 4.578361, 0.5372266] 2.9830627 0.90171206 0.9420454 0.9932993
[3706, 0.46473587, 1.0222541, 7.5821533, 0.47531858] 2.4428177 1.0715009 0.9967765 1.15112
[3707, 0.4308404, 1.0143095, 7.7215266, 0.59795016] 2.5137098 0.89603037 0.8946007 1.2004472
[3708, 0.47970852, 1.0569439, 3.672091, 0.4859288] 2.9913642 0.8985155 0.8641548 1.2968535
[3709, 0.45113286, 1.0355053, 5.178372, 0.4343825] 2.7500331 0.9461534 0.9682174 1.2162087
[3710, 0.5269193, 0.9701286, 6.273198, 0.3803639] 2.698715 0.9089128 0.848116 1.171568
[3711, 0.51556396, 0.99652606, 6.123679, 0.4329326] 2.7052364 0.9205782 1.0034621 1.1736432
[3712, 0.4686136, 0.9918257, 7.399836, 0.43622708] 2.5195112 1.0460902 0.91404504 1.0073225
[3713, 0.4559518, 0.9060062, 6.0986814, 0.27016482] 2.1512406 0.9448747 0.9564331 1.2767943
[3714, 0.43665412, 1.0380512, 6.764278, 0.52786535] 2.432179 1.0553945 0.9861274 1.3653486
[3715, 0.4817233, 1.0022365, 8.842523, 0.57928926] 2.5165935 1.0277538 0.926413 1.1200218
[3716, 0.42722178, 1.0182688, 7.0174413, 0.4571823] 2.5452883 0.83471495 0.8984294 1.355497
[3717, 0.5079071, 0.9920167, 7.2721376, 0.48074773] 2.674976 1.0234182 0.800649 1.0560188
[3718, 0.5597665, 0.9860368, 4.3327446, 0.45778435] 2.8197956 0.8285356 0.90482914 1.4396281
[3719, 0.4189108, 1.0730395, 7.345065, 0.5750215] 2.678668 0.9833398 0.83429384 1.169415
[3720, 0.57292646, 1.0049173, 4.1209044, 0.5075424] 2.7513523 0.99093604 0.8713559 1.5508003
[3721, 0.5040619, 1.0246527, 4.523999, 0.5667374] 2.9779165 0.85649437 0.8834707 1.2121193
[3722, 0.53347075, 1.0104992, 4.355311, 0.4870588] 2.918758 0.85686177 0.95804423 1.1895407
[3723, 0.53641456, 0.9870575, 5.583007, 0.5089394] 2.596562 0.8566559 1.0411373 1.5240602
[3724, 0.48170435, 1.0265003, 5.0724893, 0.50785553] 2.7276263 1.0902656 0.835948 1.178333
[3725, 0.42634124, 1.018833, 7.018079, 0.42333716] 2.5352535 1.0553629 1.0399318 1.0083847
[3726, 0.48583448, 0.99219126, 7.548701, 0.52270097] 2.4677176 1.0413607 0.936113 1.3124213
[3727, 0.5091031, 1.0183166, 5.754437, 0.48185927] 2.8236685 0.9078574 0.86828905 1.1309851
[3728, 0.53936857, 0.9991905, 4.4042296, 0.9033923] 2.7995043 1.0108637 0.94135016 1.3624473
[3729, 0.4707212, 1.0208205, 6.16591, 0.6483783] 2.7775505 0.9115815 0.9084646 1.1825906
[3730, 0.43002775, 0.9712432, 8.1864605, 0.4358439] 2.3851695 1.03721 0.87764496 1.2060119
[3731, 0.44765842, 1.0290571, 4.5986395, 0.6287105] 2.824373 0.91922474 0.9776885 1.1824603
[3732, 0.46930614, 1.0631853, 3.776044, 0.57563007] 3.062612 0.93081737 0.89011127 1.1382589
[3733, 0.42540532, 1.047802, 6.062906, 0.60046583] 2.5216253 1.0755373 0.9379039 1.2955095
[3734, 0.4415523, 1.0288877, 8.0365, 0.5682962] 2.4932537 0.96744937 1.0410751 1.2180725
[3735, 0.48110157, 1.0565445, 3.756498, 0.5884904] 3.0272915 1.0179898 0.8464641 1.1729949
[3736, 0.5146719, 0.880088, 5.627868, 0.22745693] 2.132389 1.073885 0.98664516 1.2597435
[3737, 0.4639656, 1.0965165, 3.1415374, 0.59815246] 3.0469942 0.9544633 0.9322055 1.3511865
[3738, 0.47415236, 1.004738, 6.8905325, 0.52648073] 2.4212992 1.0715846 1.0109833 1.3923417
[3739, 0.44907233, 1.0841445, 3.8589575, 0.73922676] 3.0523567 0.97079784 0.8640909 1.1910005
[3740, 0.4657556, 1.0103111, 6.8842964, 0.32019174] 2.500073 1.0580822 1.0331975 1.1237497
[3741, 0.51074964, 1.0155126, 4.2341886, 0.34596136] 2.838682 0.8998898 0.9629063 1.1901635
[3742, 0.48026502, 1.0604079, 3.8296266, 0.58949965] 2.9888194 0.9803754 0.9550725 1.164226
[3743, 0.50422156, 1.023033, 5.4197707, 0.66029555] 2.720878 0.9427483 1.0099058 1.2051464
[3744, 0.4648707, 1.0293026, 5.61925, 0.51405436] 2.642985 0.87026054 0.9987728 1.3377298
[3745, 0.531366, 0.98360485, 5.6145196, 0.44492528] 2.7217956 0.7935032 0.99023277 1.3296877
[3746, 0.44850224, 1.035906, 7.3009377, 0.57612157] 2.6026795 0.9724268 0.89551705 1.279042
[3747, 0.46467918, 1.0534692, 4.1405334, 0.5697972] 2.83134 0.955008 0.8797881 1.3979753
[3748, 0.44446272, 1.0111027, 7.698377, 0.544833] 2.339419 0.93605804 0.98946273 1.4886326
[3749, 0.4176924, 1.0228536, 7.447061, 0.3338886] 2.4389873 0.88142383 0.9713838 1.2495751
[3750, 0.5413052, 1.0005245, 4.5967503, 0.48375145] 2.8818614 1.0911537 0.9474307 1.0344124
[3751, 0.5416512, 0.99149835, 4.3447833, 0.5719849] 2.8783486 1.0333323 0.7879034 1.2865391
[3752, 0.6147154, 0.9196267, 3.6875093, 0.5889151] 2.8575506 0.8227467 1.0278151 1.394799
[3753, 0.5691779, 0.9683413, 5.42986, 0.5352562] 2.7801163 0.87782854 0.92521524 1.2367398
[3754, 0.38787067, 1.0432516, 7.741631, 0.51829946] 2.3926933 0.92179793 0.9242327 1.3541342
[3755, 0.4952077, 1.0123683, 5.6388445, 0.5965432] 2.746734 1.0139873 0.9526476 1.1694349
[3756, 0.45118853, 1.0461557, 6.3565087, 0.6809386] 2.6195552 1.0559947 0.90269 1.2862912
[3757, 0.516013, 1.0023263, 4.9575353, 0.44049445] 2.935414 0.8466533 0.81794006 1.2361535
[3758, 0.43784958, 1.0545622, 5.56435, 0.7641934] 2.8123934 0.9531742 0.8125922 1.2197424
[3759, 0.4357492, 0.9811298, 8.400936, 0.4145855] 2.2996795 0.8902006 0.916619 1.4020033
[3760, 0.4904769, 1.0075456, 7.6898456, 0.512208] 2.4154296 1.0315093 0.89449024 1.4755257
[3761, 0.5253867, 0.9526454, 7.2040615, 0.359252] 2.3269484 0.92771983 0.9874689 1.4725498
[3762, 0.5078378, 0.9960465, 7.2039027, 0.51592964] 2.7507927 0.908462 0.7851075 1.06165
[3763, 0.4623431, 1.0543847, 4.450479, 0.54852873] 2.8803983 0.9409013 0.9261913 1.3146865
[3764, 0.45574397, 1.0019516, 6.974057, 0.5370976] 2.5434144 0.9200896 1.0231179 1.3046639
[3765, 0.52566946, 1.0156462, 4.9667387, 0.6688924] 2.6432292 1.117024 0.95320666 1.4038172
[3766, 0.49642885, 1.0562553, 3.8310316, 0.83525115] 2.9017742 1.0821192 0.9768823 1.2545514
[3767, 0.41885844, 1.1194458, 3.311252, 0.55008876] 3.083114 0.8255211 0.8090114 1.3822125
[3768, 0.33582583, 1.0599648, 7.350509, 0.46701702] 2.512706 0.98328745 0.91654927 1.1953561
[3769, 0.43213633, 1.0422614, 6.22607, 0.47007284] 2.478245 0.953258 1.0737661 1.4227425
[3770, 0.5713748, 0.9477552, 4.4386163, 0.47139797] 2.9975245 1.0246854 0.8065954 1.0210828
[3771, 0.4413155, 0.99483365, 7.5440607, 0.4850922] 2.2560546 1.1476312 1.0115669 1.3371862
[3772, 0.4245834, 1.0179887, 8.490838, 0.57076955] 2.4227068 1.0743296 0.920444 1.2154443
[3773, 0.51244515, 1.0071326, 5.6029763, 0.58172077] 2.6286364 1.0692127 1.0592115 1.2417206
[3774, 0.46925446, 1.0214142, 6.5442586, 0.52791685] 2.6012442 0.8933987 1.039662 1.2488343
[3775, 0.45990324, 1.0444015, 5.2273927, 0.465597] 2.852893 0.9372003 0.8859362 1.1914887
[3776, 0.5328716, 0.8601205, 5.795983, 0.2865745] 2.0921888 1.1102396 0.86720586 1.2575063
[3777, 0.41877162, 1.0148028, 7.409726, 0.35286075] 2.2320588 1.0264466 0.9726595 1.4931617
[3778, 0.39321783, 1.0682138, 7.130187, 0.6880739] 2.514035 1.0276855 1.0320498 1.1466992
[3779, 0.5236042, 0.9904552, 5.975703, 0.45839208] 2.7596984 0.90286565 0.95925224 1.1048605
[3780, 0.46378377, 1.0005046, 7.6670103, 0.62276375] 2.5418968 1.0148968 0.9505206 1.1272122
[3781, 0.5103141, 1.0201854, 5.5609946, 0.59887034] 2.5849519 1.0455439 0.969864 1.4651014
[3782, 0.4156002, 1.0547607, 6.5057874, 0.52739745] 2.6263835 0.9558969 0.93057215 1.1861119
[3783, 0.48722318, 1.0787139, 3.9237778, 0.58265007] 2.9689784 0.879724 0.9073778 1.3350931
[3784, 0.47751948, 1.066966, 4.0254035, 0.5606218] 2.8683472 1.0616325 0.84506387 1.3250847
[3785, 0.47442666, 1.0326197, 4.852761, 0.49951702] 2.7191932 1.0040903 0.9518455 1.245021
[3786, 0.43940562, 1.0021411, 7.9365153, 0.49007022] 2.433555 1.0294626 0.92026097 1.1619318
[3787, 0.4668141, 1.0300035, 5.0465393, 0.57650876] 2.9028413 0.9709508 0.8254761 1.1581863
[3788, 0.45653006, 1.004243, 7.6882524, 0.4915804] 2.4611259 1.0129516 0.8962613 1.1852018
[3789, 0.5362485, 1.0139983, 3.963219, 0.54557645] 3.0796332 0.8698973 0.9386036 1.0396762
[3790, 0.46175987, 1.0469627, 5.8553386, 0.769628] 2.5999618 1.0365598 1.0445411 1.2109021
[3791, 0.47077313, 1.051357, 5.6237555, 0.5512242] 2.681294 1.0075811 0.9620693 1.2991732
[3792, 0.48722777, 1.075724, 3.6158304, 0.5248018] 3.0641177 1.1388133 0.78965926 1.0454217
[3793, 0.5697423, 0.97946614, 4.54303, 0.54406434] 2.9572241 0.9133988 0.8440109 1.1459256
[3794, 0.5356728, 0.9672412, 4.683454, 0.51019084] 2.7275653 0.9960602 1.027073 1.2186872
[3795, 0.40217134, 1.0427923, 7.17108, 0.46143582] 2.4306846 0.9838483 0.89181197 1.3526188
[3796, 0.4911385, 1.0162117, 6.409732, 0.601141] 2.645025 1.0011249 0.9453202 1.1344895
[3797, 0.57619566, 0.983758, 4.800014, 0.6121241] 2.7422502 0.9567159 0.9625739 1.3929865
[3798, 0.5572766, 0.96916234, 6.595838, 0.5052699] 2.6230943 0.8875596 0.98604006 1.3018403
[3799, 0.46663442, 1.0239104, 7.053257, 0.5460957] 2.6394114 1.0588415 0.8924032 1.115902
[3800, 0.49014196, 1.0231916, 6.0977697, 0.54093397] 2.6284294 1.0090774 0.9842558 1.2102089
[3801, 0.4186854, 1.0441414, 6.892553, 0.51286507] 2.4713147 0.92529225 0.94696563 1.4422616
[3802, 0.53395826, 0.8848843, 6.5228224, 0.32965988] 2.0258617 1.0254589 1.0834553 1.4744729
[3803, 0.5181239, 0.9941005, 5.5662465, 0.54044235] 2.8284326 1.0487703 0.9261774 0.9518728
[3804, 0.4709589, 1.017817, 5.2855954, 0.44763127] 2.6692402 1.0487713 0.96544236 1.2179172
[3805, 0.49894693, 1.0208472, 4.3328314, 0.7713383] 2.9230285 0.7597321 0.968952 1.2689385
[3806, 0.5793559, 0.95418, 4.6277237, 0.49201363] 2.7581723 1.1229339 1.0127604 1.0935752
[3807, 0.54635864, 1.00439, 4.04249, 0.60341823] 2.8655758 0.99494034 0.9551409 1.2486167
[3808, 0.46166232, 1.0103154, 6.7768035, 0.4771577] 2.502526 1.0984672 1.0009278 1.279179
[3809, 0.42728397, 1.0499192, 7.683716, 0.5214417] 2.5703511 1.0287266 0.86782694 1.2028648
[3810, 0.43945488, 0.99663717, 7.4398737, 0.38083085] 2.3746104 1.1963763 0.96675885 1.0723263
[3811, 0.47147584, 1.0126874, 7.4843316, 0.46143594] 2.6711497 0.8110525 0.8724816 1.1195664
[3812, 0.46004888, 1.0240507, 6.458452, 0.5235571] 2.40018 1.1460825 1.1338575 1.2445431
[3813, 0.53486776, 0.99490505, 4.9915, 0.4844341] 2.653971 0.8429482 0.9268698 1.6000377
[3814, 0.39316404, 1.0779984, 6.509646, 0.48815677] 2.5869265 0.93526214 1.0194051 1.2787658
[3815, 0.37841696, 1.0657095, 6.9943876, 0.4554036] 2.5670335 0.96818906 0.90837264 1.1637098
[3816, 0.4009791, 1.0347092, 7.9915915, 0.49878332] 2.5036736 0.9636774 0.8782102 1.2393202
[3817, 0.517129, 1.0133266, 4.9727874, 0.57965374] 2.8301632 1.0365875 0.8849875 1.1713842
[3818, 0.4331267, 0.98225963, 7.3443375, 0.41348088] 2.291519 1.0994563 0.9470069 1.2247068
[3819, 0.5458263, 0.98833215, 5.22697, 0.55066735] 2.632329 0.93308127 1.0241615 1.387609
[3820, 0.45012462, 1.0368681, 5.3037987, 0.4642049] 2.7583823 0.9748513 0.82461643 1.3571138
[3821, 0.4471704, 1.0390944, 6.114697, 0.5297428] 2.7162964 0.995157 0.80490255 1.2640303
[3822, 0.53798646, 1.0054668, 4.6576366, 0.5700177] 2.6946301 1.0795605 0.9504056 1.4285614
[3823, 0.4485915, 1.0289422, 6.389124, 0.42903563] 2.5490115 0.9791636 1.0124898 1.2431915
[3824, 0.43679133, 0.9966661, 7.759323, 0.46138445] 2.3716521 1.0859541 0.9661917 1.3039434
[3825, 0.47543758, 1.0296043, 5.7480617, 0.5276714] 2.7166235 0.87833244 0.92452085 1.2866902
[3826, 0.4838821, 1.0349214, 5.372626, 0.47248593] 2.6907542 0.99141383 0.95394963 1.2252625
[3827, 0.5420495, 0.97252667, 6.0355706, 0.51528925] 2.6628242 0.9716729 0.97089326 1.2988049
[3828, 0.49069056, 1.0167927, 6.0149913, 0.5156349] 2.7939773 0.79412013 0.87152034 1.2040739
[3829, 0.47039536, 1.0141225, 7.6336894, 0.58717096] 2.4939518 0.9864622 0.8355323 1.3661915
[3830, 0.2584423, 1.11477, 6.6690793, 0.48314515] 2.5302026 0.8719824 0.9724015 1.2026803
[3831, 0.37526563, 1.0483826, 7.5531917, 0.5146627] 2.5133936 0.9618604 0.938653 1.1455091
[3832, 0.41085374, 1.0708089, 3.040962, 0.5110183] 2.968728 0.93847674 0.9857427 1.4050707
[3833, 0.56663984, 0.93892306, 7.176271, 0.41501224] 2.1394978 1.0371082 1.1028099 1.6571513
[3834, 0.57774645, 0.9977679, 4.7120085, 0.6864561] 2.8379092 0.8087642 0.9750214 1.2826569
[3835, 0.49007615, 1.0100222, 7.06672, 0.46487075] 2.5440652 0.83717096 0.9810264 1.302753
[3836, 0.47644803, 1.0343806, 5.8632874, 0.61056525] 2.6189556 0.8784997 0.9930872 1.3825672
[3837, 0.3755516, 1.0532002, 7.6015863, 0.52189004] 2.521604 1.0667977 0.82797086 1.17329
[3838, 0.45201045, 0.9495045, 7.0731397, 0.2635488] 2.3549683 0.9291686 0.9227466 1.1615837
[3839, 0.410144, 0.9943386, 7.08376, 0.44444242] 2.520556 0.94013876 0.83091253 1.0831085
[3840, 0.45057803, 1.033616, 6.401622, 0.4657712] 2.434768 0.9239172 1.0267174 1.3981609
[3841, 0.4944543, 0.99533445, 6.91555, 0.48167717] 2.517811 1.1160219 0.9396236 1.2048614
[3842, 0.49105805, 1.0047561, 6.8256364, 0.5602421] 2.5757573 0.8045909 1.0307739 1.2448196
[3843, 0.546349, 1.0044532, 4.4855185, 0.5030166] 2.7024727 0.952278 0.9669389 1.4951903
[3844, 0.54298985, 0.9061106, 6.9617043, 0.29668155] 2.1840663 1.0869452 0.8856277 1.2955481
[3845, 0.42288497, 1.0362879, 7.252628, 0.66453755] 2.6745067 0.84371674 0.9956653 1.1308728
[3846, 0.5484839, 1.0032452, 4.052099, 0.5030685] 2.8995142 1.0019445 0.91750973 1.2460791
[3847, 0.36084542, 1.0407865, 8.015025, 0.45207417] 2.3458092 1.0800523 0.8977718 1.2487915
[3848, 0.4618153, 0.9982822, 8.066374, 0.44119456] 2.3201187 1.0240183 0.94010204 1.3967772
[3849, 0.5408912, 0.9533661, 7.2551064, 0.4740547] 2.5583503 1.024615 0.92049253 1.1592469
[3850, 0.49572897, 1.0114104, 5.8141036, 0.5527918] 2.6319566 1.0594049 0.8336892 1.3734483
[3851, 0.5589538, 0.985752, 5.4921474, 0.5177078] 2.753961 0.91079676 0.9267283 1.3080568
[3852, 0.49403659, 0.99899864, 7.2952256, 0.5970863] 2.5172055 0.9066888 0.94158566 1.3506981
[3853, 0.4174498, 1.0655009, 6.083035, 0.679738] 2.6553833 0.9593143 0.80954486 1.4197396
[3854, 0.5890257, 0.93035036, 4.6713104, 0.565214] 2.6587243 0.90993506 0.9834808 1.4626396
[3855, 0.4885029, 1.01725, 6.9662557, 0.5692213] 2.6023328 0.967794 0.82540053 1.3581502
[3856, 0.5547621, 0.96684486, 6.2274256, 0.58740634] 2.3137262 1.1444519 1.0724812 1.6045102
[3857, 0.506087, 0.9900519, 6.318426, 0.5129275] 2.6892536 0.89653 0.8459605 1.2713827
[3858, 0.5719631, 0.9785824, 4.36972, 0.43363923] 2.6590939 1.0565614 1.1489761 1.289327
[3859, 0.53303564, 0.9748269, 6.1750755, 0.43292832] 2.679918 1.0874697 0.8794002 1.1535219
[3860, 0.48213014, 1.0227078, 6.43463, 0.5506573] 2.4358118 0.97257996 0.98998725 1.5027337
[3861, 0.5466444, 0.9891088, 4.459736, 0.5014686] 2.8590522 0.93377846 0.9058679 1.3147391
[3862, 0.36407, 1.0317285, 7.0310197, 0.38561746] 2.3350232 0.9241497 0.9838905 1.2844691
[3863, 0.4941126, 1.0049756, 6.4930177, 0.6427932] 2.613899 0.8898986 0.87138164 1.38521
[3864, 0.52748066, 1.0294653, 4.8388343, 0.5457508] 2.6737182 1.0893798 0.9259208 1.4035572
[3865, 0.46717814, 0.9978785, 7.691864, 0.47529572] 2.5857637 0.99078643 0.8872432 1.0165993
[3866, 0.48492858, 1.0142299, 5.1271405, 0.6770792] 2.7007818 0.8349252 0.98995 1.4117794
[3867, 0.46505222, 1.0505946, 6.279519, 0.64997524] 2.6593227 0.90473217 0.89150333 1.3517145
[3868, 0.43903372, 1.0196388, 7.0950174, 0.5593161] 2.4919639 1.0058659 1.0438856 1.1935415
[3869, 0.40484643, 1.063195, 5.7883086, 0.46739802] 2.5627627 1.0264297 0.97189116 1.266747
[3870, 0.57171917, 0.9726493, 4.957195, 0.60677546] 2.750811 1.0444705 1.07212 1.170071
[3871, 0.44467542, 1.0891522, 3.342282, 0.52236855] 3.0894117 0.9472925 0.7992713 1.367302
[3872, 0.52911305, 0.99482614, 4.4055133, 0.46100888] 2.7780614 0.8017568 1.011808 1.4235108
[3873, 0.5587941, 0.99347883, 4.121554, 0.4778409] 2.806509 0.9082281 0.97009456 1.3346479
[3874, 0.5278367, 1.0014635, 4.540694, 0.55533] 2.8727574 0.8962068 0.9023394 1.2538804
[3875, 0.45326722, 1.0285999, 5.5870023, 0.5893126] 2.838686 0.9781036 0.9644846 1.0233806
[3876, 0.5435316, 0.9793611, 5.211396, 0.5639782] 2.6893268 0.96686834 1.0311158 1.2852377
[3877, 0.48117262, 1.0357846, 4.4091606, 0.48235625] 2.8161736 0.7450752 0.961792 1.366383
[3878, 0.49414387, 1.0225148, 4.7467117, 0.46002093] 2.7899997 1.0073344 0.9856905 1.1913182
[3879, 0.545474, 0.97739893, 4.7923384, 0.40739912] 2.6583424 1.0635263 1.0028512 1.3068404
[3880, 0.4805566, 1.0213652, 6.767337, 0.4459212] 2.5843778 1.0295372 0.8494142 1.3792069
[3881, 0.5263467, 1.0207002, 3.6574976, 0.5868523] 3.023502 0.782412 0.9486324 1.2563729
[3882, 0.45401806, 1.0275897, 5.6435375, 0.4095955] 2.7714481 0.96086365 0.75832963 1.3085341
[3883, 0.58204526, 0.94433016, 4.510007, 0.5403675] 2.7775657 1.027133 0.90192205 1.2452272
[3884, 0.39593047, 1.0257875, 6.706042, 0.46705344] 2.5520825 0.9710977 0.89092845 1.2606496
[3885, 0.5063205, 1.0443541, 3.6943035, 0.45966572] 3.0001214 0.8839182 0.86435115 1.3581806
[3886, 0.62216944, 0.89782363, 4.4648576, 0.6094192] 2.9450402 0.83102155 0.86686796 1.2008854
[3887, 0.4267779, 0.9951339, 7.9037457, 0.44697204] 2.3304036 1.021805 0.9395004 1.3827506
[3888, 0.5701574, 0.97115344, 4.0664744, 0.5198463] 2.662871 0.9387221 1.140122 1.440326
[3889, 0.5052903, 1.019892, 5.7583537, 0.4485] 2.6174684 1.047223 1.0976595 1.1645561
[3890, 0.46477622, 1.0273328, 6.5511065, 0.5985374] 2.595728 0.931304 1.03885 1.209512
[3891, 0.44150755, 1.0065109, 7.8476434, 0.38314795] 2.4870968 0.92284864 0.9260421 1.1216105
[3892, 0.5032036, 0.99696165, 5.1444354, 0.5797785] 2.7644417 0.82318336 0.9671445 1.3683698
[3893, 0.47937676, 1.0218548, 5.3366075, 0.63513136] 2.6583872 1.0451372 0.8955508 1.3164668
[3894, 0.49326187, 1.0369148, 5.496068, 0.4959164] 2.6162894 0.86884063 1.026524 1.4763402
[3895, 0.4657993, 0.99447334, 6.9969525, 0.40652916] 2.4906788 0.9172803 1.0010374 1.2133892
[3896, 0.49830168, 0.99874264, 6.3306947, 0.44326362] 2.6612303 0.96241057 1.0756676 1.078903
[3897, 0.42642036, 1.0193963, 7.8697295, 0.5123841] 2.223229 1.0267651 1.0334289 1.4891353
[3898, 0.46912625, 0.9665782, 7.6067348, 0.46400037] 2.526004 1.046466 0.8126841 1.0504578
[3899, 0.41730067, 1.0443931, 7.2495995, 0.56689674] 2.6063113 0.9519502 0.8539675 1.4042212
[3900, 0.46923435, 1.1131966, 3.209177, 0.584174] 3.1255472 0.8340998 0.72979873 1.5158223
[3901, 0.4114583, 1.0682914, 5.881169, 0.56477183] 2.7545145 1.048682 0.8187575 1.1566797
[3902, 0.59440017, 0.9265175, 5.8769593, 0.5937924] 2.6728315 1.1762149 0.92927 1.1018399
[3903, 0.52576035, 1.0160406, 4.666116, 0.51895076] 2.8173828 0.7927554 0.9876116 1.3606163
[3904, 0.49000007, 0.98094183, 7.7844, 0.4488078] 2.41145 1.1070209 1.043913 1.1085445
[3905, 0.51763713, 0.9900304, 5.0411487, 0.67829084] 2.8005722 0.9508213 0.8734738 1.269617
[3906, 0.44251242, 1.0249182, 6.769222, 0.4464061] 2.5335267 1.0206089 0.8676392 1.231917
[3907, 0.50027966, 1.0184402, 5.260585, 0.4828805] 2.739188 0.9476779 0.95733327 1.2524629
[3908, 0.5123311, 0.99217486, 5.486414, 0.6348619] 2.6200104 0.97674084 0.9380622 1.3114666
[3909, 0.54331005, 1.0328007, 3.1373234, 0.55166274] 3.029949 0.93612105 0.95102155 1.3196088
[3910, 0.46868062, 0.9998033, 7.9945726, 0.40864047] 2.424503 1.0285996 0.99964327 1.198644
[3911, 0.54011273, 0.9789737, 5.3848786, 0.47255844] 2.8092399 0.9109194 0.93697226 1.1521115
[3912, 0.52634585, 0.97836655, 6.14715, 0.5954173] 2.48399 1.0236443 1.1136438 1.3543956
[3913, 0.4361833, 1.0781096, 4.270534, 0.5306157] 2.9640262 0.99297625 0.8693314 1.1579663
[3914, 0.550161, 1.0216408, 3.8811066, 0.5645208] 3.0259628 0.9024663 0.8835997 1.2073034
[3915, 0.4891145, 1.0375204, 4.84436, 0.45883793] 2.8403714 0.93395793 0.8700734 1.2896496
[3916, 0.5591706, 0.9728366, 4.817621, 0.66444004] 2.7859848 0.98626524 0.96209973 1.2000762
[3917, 0.5117826, 0.9703758, 7.711697, 0.64109844] 2.5318587 1.057875 1.0030276 0.95316803
[3918, 0.5013179, 1.0159138, 5.4389386, 0.5438024] 2.7874887 0.9794386 0.9484399 1.1218716
[3919, 0.51967067, 0.9950435, 7.382408, 0.5967655] 2.407123 1.0393219 0.93539554 1.4207749
[3920, 0.5047401, 1.0086154, 4.621713, 0.48233423] 2.7379606 1.0593736 1.0844785 1.1393578
[3921, 0.45640597, 1.0227512, 6.835067, 0.5616093] 2.7477646 0.8166904 0.8820276 1.1029981
[3922, 0.56482416, 0.9827221, 4.828728, 0.62080854] 2.7609072 1.0449567 0.9747372 1.224876
[3923, 0.5057626, 1.0089543, 4.4744205, 0.47642142] 2.89174 0.9729307 0.90162325 1.144049
[3924, 0.4399557, 1.037512, 5.2167206, 0.46023482] 2.751331 0.87828463 1.0183424 1.1888521
[3925, 0.4342743, 1.0400355, 7.44192, 0.51970726] 2.5359979 1.0184743 1.0014732 1.1976376
[3926, 0.46623704, 1.0156643, 7.647985, 0.53792447] 2.3936367 1.1563215 0.893938 1.3403141
[3927, 0.48688218, 0.9962186, 7.6649284, 0.42341426] 2.3361146 1.1110213 0.8730489 1.4270552
[3928, 0.45066226, 1.0247052, 7.251223, 0.5278058] 2.3871958 0.85209143 1.1439435 1.4536284
[3929, 0.4378345, 1.0276219, 7.427106, 0.50500506] 2.5792491 0.9658437 0.9998736 1.1504134
[3930, 0.4870738, 1.0108128, 5.29865, 0.40353635] 2.6153758 1.0603161 0.82024896 1.4622028
[3931, 0.5754392, 0.9651861, 4.2725453, 0.46824068] 2.9963968 0.90770984 0.81651753 1.1781129
[3932, 0.5318223, 0.993035, 4.747825, 0.5122281] 2.639948 1.0495498 0.982799 1.4438177
[3933, 0.45951107, 1.0178907, 6.4124713, 0.47196552] 2.638759 0.9319489 0.85437757 1.3293493
[3934, 0.40439695, 1.1522219, 2.518672, 0.611355] 3.157102 0.85742944 1.0370711 1.4059787
[3935, 0.5046284, 1.0212913, 4.5039663, 0.48234603] 2.7604475 1.0108846 0.850501 1.3800774
[3936, 0.39889696, 1.0385658, 7.269488, 0.55333084] 2.5241933 1.0507759 0.8640564 1.2190275
[3937, 0.38423952, 1.0740149, 6.49311, 0.5848686] 2.6752036 0.8574349 0.9450249 1.3349898
[3938, 0.45918185, 0.9686946, 7.18497, 0.32667908] 2.3361843 1.0866175 1.044285 1.0490689
[3939, 0.47998837, 0.9890859, 6.868855, 0.35058394] 2.6774302 0.8669844 0.8462914 1.095671
[3940, 0.49638695, 1.0143715, 4.679314, 0.5103057] 2.8238368 0.9188831 0.87865174 1.3330088
[3941, 0.49718356, 1.0438803, 4.4838853, 0.55861276] 2.8618712 0.9325709 0.994579 1.2259648
[3942, 0.5338261, 0.98705256, 5.4124794, 0.5378957] 2.796122 0.9060444 0.926602 1.1814276
[3943, 0.57889354, 0.9855287, 4.056079, 0.45300776] 2.6834056 0.92169476 1.026974 1.5440093
[3944, 0.48843852, 1.0048121, 7.353613, 0.49359813] 2.4871387 0.94335043 0.9033027 1.2913454
[3945, 0.52065724, 0.9918779, 4.994701, 0.41888836] 2.6722996 1.0365188 0.98519474 1.2354263
[3946, 0.5464812, 0.9989982, 5.0119495, 0.5673087] 2.929584 1.0258868 0.838916 1.0294855
[3947, 0.44687828, 1.0530406, 6.693856, 0.5469738] 2.6867304 0.9172093 0.96676105 1.132786
[3948, 0.47039646, 1.0239724, 6.1187434, 0.5972362] 2.521671 1.0807042 0.9386732 1.3802358
[3949, 0.4761417, 1.0079288, 6.3305283, 0.43705502] 2.790995 0.94962746 0.9932938 0.8844165
[3950, 0.46290153, 1.0399666, 4.490998, 0.52370614] 2.8297634 1.045965 0.99296 1.219391
[3951, 0.4889259, 1.0106335, 6.5147123, 0.45745623] 2.6561227 0.99326587 0.84783655 1.2450719
[3952, 0.47609082, 1.0416865, 4.315656, 0.50051117] 2.8100846 1.0228679 0.94780993 1.2657477
[3953, 0.4919947, 0.99315304, 6.207599, 0.42937526] 2.5539935 0.9484999 0.91709274 1.2876889
[3954, 0.57473075, 0.92275256, 6.9696727, 0.5550842] 2.5110643 1.1088805 1.0009676 1.0447983
[3955, 0.48919094, 0.997418, 8.102744, 0.52158034] 2.4685824 0.99530405 0.8824237 1.2786556
[3956, 0.49883407, 0.88821083, 5.8216267, 0.22599979] 2.1410203 0.9091202 0.85896236 1.3098749
[3957, 0.5714759, 0.96645993, 4.390653, 0.43128225] 2.8814657 0.8841716 0.83019406 1.3432848
[3958, 0.5291751, 0.9994683, 5.0220327, 0.47300744] 2.659553 1.0585905 1.0599682 1.2590387
[3959, 0.43242863, 0.9927602, 7.0733137, 0.38157877] 2.2798464 0.863517 1.0821152 1.4276391
[3960, 0.4852516, 0.9680759, 7.0593143, 0.48094526] 2.2893608 0.9312673 1.038091 1.4521673
[3961, 0.4128811, 1.0512516, 6.285385, 0.41156614] 2.5482304 0.94518304 0.99526745 1.3012143
[3962, 0.45411208, 0.921165, 5.6729517, 0.22757529] 2.0052323 1.0060683 1.0419726 1.4108337
[3963, 0.5062043, 1.0163105, 5.799216, 0.41112098] 2.6951816 0.95714027 0.9964898 1.2266936
[3964, 0.4473587, 1.0374246, 7.4494543, 0.60142076] 2.5572808 0.8668952 1.0435503 1.2127454
[3965, 0.44562912, 1.0486959, 4.281036, 0.5377637] 2.8892596 0.9897609 0.8783507 1.199126
[3966, 0.44039717, 1.018954, 6.8217673, 0.6291038] 2.3919332 1.0121268 1.1164435 1.4120421
[3967, 0.4989432, 1.0152477, 4.7812114, 0.48532644] 2.7348485 1.03007 1.1010233 1.1592388
[3968, 0.45593452, 1.0355268, 6.349182, 0.55881625] 2.666146 1.0175006 0.9009032 1.1963927
[3969, 0.40252864, 1.0357202, 7.2537394, 0.4224432] 2.3770757 0.9592952 0.9800633 1.3377917
[3970, 0.5405291, 0.9796514, 5.183459, 0.45165616] 2.6044648 1.0090265 0.9229977 1.5170091
[3971, 0.45193484, 1.0372027, 6.69953, 0.52950144] 2.6051939 1.0270398 0.8147952 1.3908668
[3972, 0.47490546, 1.0181643, 5.6977267, 0.42523268] 2.5956104 0.8852477 0.96647006 1.4356858
[3973, 0.40123546, 0.9876086, 7.428131, 0.3323617] 2.1921484 1.0631111 1.0436904 1.2743667
[3974, 0.48983026, 1.0063432, 6.6566257, 0.7032497] 2.5264404 1.0563296 0.9272975 1.2753636
[3975, 0.4538011, 1.0292115, 4.744325, 0.5616569] 2.7359927 0.9987896 0.9373273 1.2630241
[3976, 0.46204823, 1.0378019, 5.597969, 0.6185513] 2.6958046 1.0694407 0.90279686 1.2375847
[3977, 0.55938816, 0.955293, 5.0869684, 0.47339585] 2.7231963 0.74277735 0.92197585 1.4543355
[3978, 0.5251503, 1.0001298, 4.61507, 0.5389361] 2.839373 0.96744287 0.85552305 1.302806
[3979, 0.43452948, 1.0327684, 7.207236, 0.50706923] 2.4134917 0.9652019 0.9982202 1.3969915
[3980, 0.500886, 1.0201732, 6.7954955, 0.48264015] 2.5126004 1.0558451 1.0092477 1.2334456
[3981, 0.52204454, 1.0020962, 6.0406914, 0.4211663] 2.645696 0.95062685 1.0457042 1.0783495
[3982, 0.52889663, 1.0289966, 2.8673728, 0.5773382] 3.2738032 1.0198044 0.77964264 1.1085052
[3983, 0.4322367, 1.0707283, 3.3875241, 0.57258874] 3.101103 0.92728233 0.7842636 1.2065997
[3984, 0.50573945, 0.9691678, 7.5069027, 0.6155694] 2.5371962 0.97198075 1.0536569 1.1399891
[3985, 0.5266926, 0.9936338, 5.5592055, 0.47977835] 2.6462126 0.9205873 1.0312508 1.3118134
[3986, 0.4861802, 0.98230404, 6.6033645, 0.47398007] 2.4476671 0.9688741 0.9622212 1.3304181
[3987, 0.47750756, 1.0206056, 7.409811, 0.71605915] 2.5506368 0.9950908 0.8009775 1.2993096
[3988, 0.42262185, 1.054419, 5.6710525, 0.46835873] 2.8631983 0.8193218 0.7855294 1.1639317
[3989, 0.44916227, 1.00812, 7.851356, 0.5626596] 2.5421634 1.0050067 0.8666927 1.2279963
[3990, 0.46856865, 1.0145789, 7.4370713, 0.5069685] 2.4427953 0.9699199 0.99253887 1.3668337
[3991, 0.5558404, 0.96240723, 5.930202, 0.560226] 2.704817 1.0116783 0.8064319 1.3287237
[3992, 0.54549503, 1.0121342, 3.3792953, 0.49026784] 2.9993744 0.9097016 0.8552667 1.3069307
[3993, 0.49833003, 1.0218153, 4.636426, 0.46241537] 2.8777885 0.7708146 1.0130223 1.2860643
[3994, 0.51396704, 1.0167159, 3.486509, 0.4315925] 2.9194593 0.98719144 1.0083928 1.2642385
[3995, 0.4302525, 1.0489901, 6.7178574, 0.5652] 2.6296184 1.0164465 0.95905465 1.100487
[3996, 0.47170895, 1.0148833, 7.0667076, 0.5122502] 2.4070325 1.0541292 1.0232649 1.3589909
[3997, 0.49856558, 1.0603163, 4.3276887, 0.6013618] 2.848408 0.94433016 0.99551326 1.3523709
[3998, 0.43635774, 1.0308139, 8.148699, 0.5477311] 2.308666 1.0412048 1.002622 1.4016199
[3999, 0.46486935, 1.014, 6.4325767, 0.54363114] 2.6647756 0.895203 0.82614875 1.2260942
[4000, 0.48860788, 1.0191069, 5.1115713, 0.6065285] 2.7730014 0.94804436 0.95325273 1.2488769
[4001, 0.47661287, 1.0290934, 6.8834395, 0.5662244] 2.6404433 1.0509392 0.98740417 1.1256427
[4002, 0.53118736, 0.9898597, 4.661067, 0.48566815] 2.9920206 0.8863514 0.7558314 1.1258588
[4003, 0.5213372, 0.9957494, 5.0599465, 0.5808417] 2.86112 0.83330303 0.92930114 1.2627809
[4004, 0.5664584, 0.96230423, 4.7919993, 0.53278273] 2.7366207 0.9838074 1.0233368 1.2944483
[4005, 0.48893005, 1.0240281, 4.5489364, 0.56998974] 2.7277215 0.90789163 0.93601304 1.4811611
[4006, 0.5252255, 0.9927406, 4.961254, 0.463456] 2.847883 0.92606395 0.90648377 1.19683
[4007, 0.47307917, 0.9985431, 6.4309063, 0.48505414] 2.4789958 1.1359901 0.9565514 1.1825656
[4008, 0.48748562, 0.9838052, 7.2643533, 0.49163863] 2.3669019 1.0589278 0.9628084 1.2228521
[4009, 0.5192326, 0.99312425, 6.7122355, 0.7085339] 2.3974748 1.0918299 1.0458093 1.3254447
[4010, 0.4775322, 1.0283597, 6.5974913, 0.58102596] 2.3925812 0.99071586 1.0473385 1.4802363
[4011, 0.43481496, 1.0257446, 7.2407837, 0.36216295] 2.3836887 0.91829675 0.96544236 1.4338254
[4012, 0.41502276, 1.0246546, 7.574373, 0.55166346] 2.4594665 0.94194317 0.94554096 1.2166531
[4013, 0.5118429, 1.0344335, 4.050175, 0.56032443] 2.8612335 0.9058729 1.005004 1.3338245
[4014, 0.44106454, 1.0558778, 6.945779, 0.49029264] 2.4655757 1.0222226 0.9955056 1.3781307
[4015, 0.5975407, 0.94259906, 4.814385, 0.54954964] 2.7384984 1.1268551 1.0536355 1.1160716
[4016, 0.5526085, 0.973885, 6.871037, 0.5928351] 2.5527937 1.0820723 1.0152189 1.1874237
[4017, 0.4003977, 1.037086, 7.9532604, 0.5931547] 2.4603488 1.050875 0.8942556 1.2380929
[4018, 0.36940473, 1.0653933, 7.141104, 0.34701896] 2.502421 0.94609374 0.92924225 1.1605825
[4019, 0.34145135, 1.0562121, 7.8537726, 0.39720914] 2.394458 0.9894035 0.90755445 1.2291285
[4020, 0.5481092, 0.9792592, 5.252655, 0.6014668] 2.8183258 0.7777588 0.9415396 1.4274708
[4021, 0.5536801, 0.9709194, 5.4357433, 0.64995205] 2.9690616 0.9222956 0.80156744 1.0562894
[4022, 0.43564966, 1.0308775, 7.042146, 0.5172329] 2.3904777 1.1805875 1.0698341 1.2703178
[4023, 0.50244933, 1.0343671, 4.676207, 0.58697724] 2.8048754 0.88691586 0.8916497 1.405752
[4024, 0.53880084, 0.97400457, 5.0735, 0.5160784] 2.6074202 1.0962086 0.9482778 1.3672879
[4025, 0.529254, 1.0471609, 3.8762279, 0.57212293] 2.9049575 0.9949515 0.9021303 1.3355323
[4026, 0.48500648, 1.0165805, 4.8954043, 0.6899422] 2.7697299 0.8494327 0.9770405 1.378114
[4027, 0.5109757, 1.0051485, 4.4169865, 0.66839397] 2.8233736 0.94506 0.94157016 1.3295872
[4028, 0.5351976, 0.9611005, 5.049405, 0.39204288] 2.612114 0.95279485 1.1036352 1.2974914
[4029, 0.5197407, 0.9828208, 5.4851556, 0.6569193] 2.5894911 1.0138364 0.97267115 1.482862
[4030, 0.458566, 1.0382936, 6.7930064, 0.60950714] 2.7158406 0.93063813 0.8076596 1.2097282
[4031, 0.4764534, 1.0345892, 5.5305386, 0.5224837] 2.8141303 0.8084052 0.92094904 1.1198295
[4032, 0.42014575, 1.1233355, 3.4355254, 0.5306761] 3.1881213 0.901573 0.80933505 1.1478043
[4033, 0.46208364, 1.041615, 6.622663, 0.5479656] 2.7338407 0.9324204 0.82481825 1.2454604
[4034, 0.4720447, 1.0503495, 3.9093494, 0.48611856] 2.9092515 0.8963084 0.9608264 1.2566879
[4035, 0.49512437, 1.016376, 5.233808, 0.4751298] 2.7556264 1.0002383 0.8361641 1.3103971
[4036, 0.4883645, 1.0366458, 4.266445, 0.5221698] 2.8519404 0.950478 1.0013012 1.249087
[4037, 0.555945, 0.9675481, 5.9518523, 0.50792044] 2.680329 0.9459528 0.8974409 1.2778547
[4038, 0.45848545, 1.0077862, 7.8754106, 0.4998693] 2.4970994 1.0274191 0.99169797 1.142402
[4039, 0.45986995, 0.95491207, 6.951955, 0.29529235] 2.086749 0.9787503 1.1110244 1.4360043
[4040, 0.38981867, 1.0300419, 7.9863095, 0.42841852] 2.3871112 0.9442283 1.0551329 1.2403253
[4041, 0.50137246, 1.0161293, 3.8499322, 0.63642365] 2.9823766 0.8547991 0.9552708 1.2001134
[4042, 0.38863903, 1.0591605, 7.1322875, 0.66602916] 2.5288718 0.98163265 1.064528 1.2291728
[4043, 0.5006265, 1.0051856, 4.712698, 0.4644698] 2.607875 0.97169614 1.0534217 1.3523151
[4044, 0.5143023, 0.98990357, 6.0838733, 0.47660628] 2.7284987 0.983449 0.89759076 1.124897
[4045, 0.5241106, 0.9229321, 7.911855, 0.35940313] 2.3940277 0.8913425 0.9757195 1.119582
[4046, 0.47739363, 1.0098623, 4.562714, 0.4816073] 2.7151864 1.0327066 0.8814865 1.2203078
[4047, 0.4554468, 1.0154474, 6.197812, 0.7147584] 2.575592 1.0398141 1.0075574 1.2632703
[4048, 0.47542495, 1.0499374, 4.6055884, 0.48235792] 2.7176116 1.1170284 1.019566 1.1511462
[4049, 0.42231864, 1.0463581, 6.141377, 0.4960714] 2.7381918 0.90924937 0.76731706 1.2897078
[4050, 0.41769466, 1.0320631, 5.636572, 0.5051028] 2.6412973 1.0882552 0.93393356 1.2769189
[4051, 0.42791036, 1.0594188, 5.8692107, 0.5197327] 2.5761516 0.96841073 0.9235632 1.3817574
[4052, 0.4007347, 1.0633099, 8.253116, 0.68814117] 2.5373821 1.0117296 0.92597467 1.212679
[4053, 0.48771745, 1.0170157, 5.286456, 0.5413368] 2.6955633 0.98677 0.8343099 1.353952
[4054, 0.48391807, 0.9810933, 7.558509, 0.4994036] 2.2999449 1.1913944 1.0098519 1.1639823
[4055, 0.45656997, 1.0013657, 7.87807, 0.43201852] 2.180704 1.1327418 1.0532663 1.3787559
[4056, 0.49487594, 1.016476, 5.81854, 0.45369652] 2.6915958 0.94852823 0.9472186 1.293296
[4057, 0.37644568, 1.0919065, 6.2959113, 0.59970206] 2.6889367 0.83610743 0.8876945 1.301714
[4058, 0.5137136, 1.0073276, 6.2879124, 0.5117393] 2.5765889 0.798168 0.98864484 1.4436271
[4059, 0.50805837, 1.0233289, 5.6223865, 0.6151677] 2.66437 1.0139395 0.8548835 1.3607527
[4060, 0.37690344, 1.0773554, 7.259431, 0.6072278] 2.472562 1.0175177 0.9777177 1.31301
[4061, 0.44285682, 1.0433978, 5.5767713, 0.7054225] 2.573062 1.1588695 1.0239712 1.1833266
[4062, 0.45218492, 1.0424255, 5.847076, 0.53247386] 2.5621598 1.1307319 0.9802737 1.3457297
[4063, 0.4846059, 0.8947261, 6.4131274, 0.23763943] 2.111233 0.8013206 0.9805217 1.3404777
[4064, 0.52136135, 1.0050486, 5.8616176, 0.57717234] 2.71389 0.8877761 0.87211597 1.2560722
[4065, 0.5490177, 0.9654121, 5.281873, 0.47634837] 2.7576494 1.0261838 0.83531076 1.272719
[4066, 0.52736753, 1.0416226, 3.5618126, 0.52655494] 3.106692 0.86630875 0.863895 1.2045523
[4067, 0.47879317, 1.0279943, 4.5623026, 0.4472807] 2.869003 0.81326914 0.8830084 1.35361
[4068, 0.5218891, 1.0158031, 4.8960195, 0.5143875] 2.7419624 0.9899221 0.8902792 1.3200489
[4069, 0.4743446, 1.0342901, 5.6125565, 0.58297294] 2.6935484 0.9179295 0.8126569 1.4837245
[4070, 0.470456, 1.0058166, 6.8917046, 0.49305907] 2.6703825 0.89316213 0.89185107 1.1416097
[4071, 0.50428253, 0.991309, 5.6796794, 0.48601708] 2.7323945 0.82949096 0.93388367 1.3285674
[4072, 0.5035953, 1.0079443, 5.481047, 0.5215595] 2.7358024 0.9833341 1.0204238 1.1129867
[4073, 0.4632471, 1.0157151, 7.0613213, 0.43683735] 2.4634647 0.8460192 1.0589612 1.333845
[4074, 0.47500864, 1.018931, 5.966974, 0.4842156] 2.5860913 0.97765625 0.9116742 1.3820201
[4075, 0.4285792, 1.0474159, 5.070567, 0.48257264] 2.7913282 0.9092022 0.9986803 1.2397914
[4076, 0.46770558, 0.9988428, 7.401356, 0.49876803] 2.5011754 0.96724606 0.93796015 1.1846526
[4077, 0.4958639, 1.0002594, 6.120939, 0.5508503] 2.710829 0.7849092 0.9094849 1.2969481
[4078, 0.52346754, 1.0041723, 3.94954, 0.50652003] 3.0364425 0.85112596 0.79194105 1.1908624
[4079, 0.43035084, 1.0415092, 7.013451, 0.44476533] 2.4535618 1.0104126 0.9917792 1.2887757
[4080, 0.40861118, 1.020765, 7.9294434, 0.55874914] 2.2943115 1.0048641 0.8946944 1.4486085
[4081, 0.44436976, 1.0383184, 7.2933464, 0.46317485] 2.583138 0.8531754 0.771711 1.3940291
[4082, 0.35162246, 1.0460794, 7.7855763, 0.47618234] 2.416115 0.8689202 0.95199937 1.3593762
[4083, 0.46728545, 1.0075424, 7.0494556, 0.44955453] 2.529167 0.95369506 1.0088263 1.2192178
[4084, 0.46386668, 0.98040015, 7.1777906, 0.31372765] 2.3302453 0.9520011 0.9910478 1.2486018
[4085, 0.42685804, 1.0426556, 6.9571342, 0.43153307] 2.432997 0.90124226 1.0525514 1.4117962
[4086, 0.41285527, 0.98051566, 6.517233, 0.32095978] 2.1141498 1.136451 1.0641311 1.3033671
[4087, 0.6016164, 0.9470358, 3.909461, 0.43776268] 2.7538908 1.0313526 1.0143905 1.3964543
[4088, 0.43894964, 1.045341, 6.1014657, 0.58835936] 2.5947783 1.0420827 0.9585634 1.3133787
[4089, 0.48909253, 1.0542544, 4.531674, 0.7236456] 2.8250387 0.967279 1.0386358 1.2204994
[4090, 0.44829613, 1.024719, 5.9955583, 0.42637512] 2.6652277 1.0061908 1.0252522 1.1073793
[4091, 0.5441353, 0.991014, 4.7995553, 0.5766935] 2.7950423 0.85410464 1.0072248 1.3325362
[4092, 0.4757878, 1.0382489, 5.22703, 0.57918584] 2.7361455 0.8738737 0.91321373 1.3818272
[4093, 0.3914576, 1.0494097, 7.0746236, 0.5599354] 2.527498 0.90392005 0.9321671 1.3141264
[4094, 0.47060543, 1.0164989, 6.860007, 0.48100638] 2.5242531 0.9871271 0.992543 1.1877539
[4095, 0.40980044, 1.0618967, 6.8278317, 0.5687033] 2.5320272 0.9543465 1.0026488 1.3363621
[4096, 0.4820445, 0.93277895, 6.718328, 0.3457112] 2.2350094 0.88756543 0.98045844 1.3329808
[4097, 0.44970343, 1.0204983, 6.829482, 0.52288175] 2.6365528 0.8920301 0.8540664 1.2785453
[4098, 0.5449846, 0.9930298, 4.2646327, 0.48472926] 2.8458407 1.101209 0.8732209 1.2318006
[4099, 0.5282525, 0.9923435, 5.0071473, 0.5059824] 2.619224 0.95460963 0.99775934 1.4525137
[4100, 0.4917326, 1.0498538, 3.5632102, 0.5626278] 3.0556908 0.9812979 0.79252744 1.2982249
[4101, 0.50227904, 1.0028127, 5.643938, 0.48300296] 2.661532 0.9247796 0.9547533 1.3667231
[4102, 0.5181634, 1.0306319, 4.324606, 0.46455625] 2.8601313 0.98286915 0.95761186 1.2749102
[4103, 0.49500316, 1.0177854, 5.6412644, 0.4577895] 2.8088894 0.93003255 0.92434543 1.1322194
[4104, 0.47289965, 1.0168632, 6.2592034, 0.5245899] 2.581703 0.88545334 0.91361505 1.4044583
[4105, 0.46957368, 1.0272048, 5.90509, 0.5623609] 2.5430803 1.0188396 1.0233248 1.3287979
[4106, 0.4861253, 1.015014, 4.691267, 0.49852857] 2.778944 1.0133559 0.9486801 1.306771
[4107, 0.46335962, 0.91829735, 6.434378, 0.2657212] 2.023233 0.8736549 1.1396322 1.2467977
[4108, 0.4561013, 1.02796, 7.1464515, 0.58801746] 2.374531 0.9690328 0.98992175 1.5295572
[4109, 0.47598433, 1.0274848, 6.1572604, 0.6269994] 2.524613 1.0394353 0.9486167 1.4099226
[4110, 0.4738448, 1.0632408, 3.6548376, 0.6821032] 2.904763 0.9349701 1.018863 1.4293977
[4111, 0.5157633, 1.0258574, 3.980897, 0.61876535] 2.9384081 0.96692383 0.8416874 1.3440193
[4112, 0.5088318, 0.99524546, 5.676453, 0.44671196] 2.547181 0.93930703 0.93315876 1.4236468
[4113, 0.519096, 0.9963776, 4.7640905, 0.53826016] 2.764421 0.8853023 0.9232895 1.3593307
[4114, 0.4648665, 1.0409482, 6.6816525, 0.48699936] 2.6187055 0.9481213 0.92144156 1.3173888
[4115, 0.5041019, 1.0973915, 3.0980325, 0.8429226] 3.106045 0.84170777 0.8523536 1.5142978
[4116, 0.4472067, 1.0356075, 5.280909, 0.49645892] 2.613753 0.9973301 1.0215075 1.3245636
[4117, 0.4909822, 1.0308243, 4.8499236, 0.6271263] 2.7862778 1.0350112 0.9078461 1.2072934
[4118, 0.56592727, 1.0090948, 3.7696505, 0.70488304] 2.9197576 0.8979276 0.8982793 1.4149553
[4119, 0.5508198, 1.0205247, 3.900433, 0.5339378] 2.9752946 0.7002063 0.9204946 1.4527295
[4120, 0.47865912, 1.0365964, 7.485415, 0.471577] 2.5637817 0.98630387 1.0824407 1.051919
[4121, 0.49824914, 1.0289937, 4.714891, 0.5338262] 2.802904 1.0788627 0.9243107 1.2217543
[4122, 0.47264737, 1.0226226, 5.429562, 0.5454412] 2.662914 0.85944813 1.022637 1.3985782
[4123, 0.53882176, 0.96794885, 5.1414084, 0.5051637] 2.7594142 0.9227505 0.9374209 1.2776066
[4124, 0.53963834, 1.0028777, 4.442413, 0.55000556] 2.8720622 0.8516208 0.93988174 1.3856144
[4125, 0.46895266, 1.0110118, 7.168066, 0.5623543] 2.6549094 0.90127337 0.80731833 1.207466
[4126, 0.5476236, 0.9939265, 4.3792725, 0.48088044] 3.0078442 0.7672054 0.9729803 1.1151854
[4127, 0.47365004, 1.0377162, 6.6977572, 0.54485106] 2.609379 0.98745847 0.96431845 1.254694
[4128, 0.4372449, 1.060774, 5.608691, 0.6818979] 2.6723554 0.9481024 0.9796872 1.3173795
[4129, 0.49291933, 1.0533162, 3.6312816, 0.4592599] 3.0464861 0.90497494 0.87674195 1.2311405
[4130, 0.5277155, 1.0323068, 3.7091532, 0.58240944] 3.0608532 0.94618326 0.82436776 1.2177197
[4131, 0.46709836, 1.0308826, 5.927126, 0.51093155] 2.7252839 0.8602981 0.87696505 1.2925943
[4132, 0.4727663, 0.9985939, 6.193855, 0.66001266] 2.5933342 0.9370421 0.94779444 1.2864492
[4133, 0.4624981, 1.0362984, 6.9212084, 0.590822] 2.644564 0.94885147 0.9646222 1.1005305
[4134, 0.50413954, 1.0124835, 5.728091, 0.4750618] 2.6504207 0.9322706 0.96317863 1.3081993
[4135, 0.45002845, 1.0374929, 5.555486, 0.54626673] 2.697221 1.1128256 0.9258697 1.1343621
[4136, 0.49614254, 1.0245906, 4.800241, 0.5670421] 2.8182633 0.8807689 1.0068679 1.2247319
[4137, 0.5226608, 1.0164396, 4.4659505, 0.45412797] 2.9491146 0.8001319 0.87981457 1.273336
[4138, 0.542564, 0.96534735, 7.2879915, 0.51754713] 2.7586253 0.86937046 0.88863605 0.99205816
[4139, 0.4622369, 1.0212104, 7.268459, 0.65195245] 2.2815983 1.1470804 0.9951898 1.5240626
[4140, 0.47420928, 1.0289917, 6.1950507, 0.53662735] 2.6597435 0.9196109 0.98606545 1.230897
[4141, 0.45734933, 1.0473772, 5.024571, 0.5763384] 2.701463 0.9609038 1.0356647 1.2745804
[4142, 0.56845045, 0.9925136, 4.1084065, 0.5945206] 2.7303848 1.0078697 1.0213691 1.4764738
[4143, 0.54273564, 0.99013215, 4.6773715, 0.5249244] 2.6824427 1.0120515 1.0848492 1.2356001
[4144, 0.42917377, 1.0144908, 7.7556977, 0.4652504] 2.4621673 0.97395843 0.89344287 1.1427481
[4145, 0.437243, 1.05673, 4.900252, 0.57976454] 2.7918222 0.9806094 0.8736882 1.2852018
[4146, 0.49809155, 0.9844155, 7.7180333, 0.4419587] 2.4817016 1.1217929 0.85827035 1.1628281
[4147, 0.46281898, 0.9976212, 7.368467, 0.45636612] 2.5534022 0.9346726 0.9589557 1.1543237
[4148, 0.5705496, 0.964835, 5.0967593, 0.5914422] 2.7241485 0.9138473 1.0293974 1.2666392
[4149, 0.53711176, 1.0200348, 4.0000114, 0.59239095] 2.9558456 1.0213312 0.9118135 1.1753116
[4150, 0.4832256, 1.0496271, 4.870265, 0.6233181] 2.714256 0.87111795 0.94086635 1.4869386
[4151, 0.45534417, 1.0182174, 6.984511, 0.48565558] 2.3887005 1.05143 1.0160503 1.4148427
[4152, 0.5451756, 0.9833849, 4.4301243, 0.47237116] 2.9908223 0.82034063 0.8995918 1.1746656
[4153, 0.5073051, 1.0252484, 4.387702, 0.50526315] 2.8635917 0.91125745 0.83357024 1.4343282
[4154, 0.44767782, 1.0286154, 7.519052, 0.45047048] 2.617765 1.0340047 0.8152394 1.0772946
[4155, 0.53818905, 0.87899154, 6.3055415, 0.29277337] 2.140058 1.0325179 1.0748811 1.2290595
[4156, 0.44763187, 1.0207866, 7.2802286, 0.52124226] 2.5440514 0.95962685 0.90835005 1.2589548
[4157, 0.4635791, 0.9416228, 6.24346, 0.25616986] 2.223047 1.0168796 0.9416501 1.3200434
[4158, 0.48675105, 1.0108842, 5.924689, 0.49251348] 2.6369328 0.74548125 1.0625325 1.3342836
[4159, 0.49500132, 1.027585, 5.849788, 0.53293663] 2.6339204 1.1228307 0.95808613 1.1773239
[4160, 0.5592697, 1.012109, 3.3175132, 0.5020353] 2.9768302 0.9117712 1.0222219 1.1646851
[4161, 0.4538799, 1.0431861, 5.8950777, 0.49834806] 2.742245 0.7926904 0.9309406 1.2549713
[4162, 0.556591, 0.99427223, 3.8165152, 0.52999246] 2.8042257 1.0028939 1.01721 1.3424343
[4163, 0.5129571, 1.0544235, 3.3237526, 0.6422811] 2.9994698 0.89374816 0.93023247 1.3911977
[4164, 0.4623189, 1.0297029, 6.1637654, 0.4902804] 2.6276088 0.9080906 0.9257407 1.3495086
[4165, 0.49773893, 0.9976308, 6.87573, 0.6291747] 2.538946 0.9468113 1.0085095 1.2794739
[4166, 0.45390677, 1.0123955, 6.8449807, 0.50778353] 2.5210783 1.0024437 1.0414841 1.0636244
[4167, 0.4830663, 1.0182648, 5.8881865, 0.5837019] 2.6513946 1.0169691 0.9088714 1.3246622
[4168, 0.42621106, 0.9810298, 7.6920424, 0.37860176] 2.3721104 1.0825232 0.91208225 1.1645117
[4169, 0.5405028, 0.9732588, 6.88309, 0.49759352] 2.6227722 0.7795354 0.87439555 1.4132124
[4170, 0.5613738, 0.9809994, 4.44158, 0.59233683] 2.7405577 0.89455384 0.99817306 1.4588208
[4171, 0.42691764, 1.0600827, 6.5134106, 0.4531154] 2.5923314 1.0065104 0.98733425 1.2679036
[4172, 0.39812493, 0.9559655, 6.4095545, 0.2737204] 2.2416408 1.1025573 0.9928557 1.1306185
[4173, 0.4883337, 0.9936698, 6.5552945, 0.37017253] 2.2832081 1.1970615 0.9739218 1.4523891
[4174, 0.40835464, 1.0278103, 8.449409, 0.49403942] 2.439778 0.95146096 0.9576077 1.1788471
[4175, 0.51697516, 1.0323231, 3.9327514, 0.52725697] 2.9296181 0.9226969 0.8972706 1.3587885
[4176, 0.59760207, 0.9417944, 4.2348127, 0.45467445] 2.864087 0.95999914 1.0443975 1.1175573
[4177, 0.49450135, 0.99232113, 6.3710003, 0.47126552] 2.5523217 0.9745513 0.97854775 1.3115664
[4178, 0.4530588, 1.044463, 5.682376, 0.551332] 2.6948197 0.9672429 0.9927226 1.2049785
[4179, 0.44326723, 1.118595, 3.092772, 0.57645696] 3.131537 0.99795526 0.89373857 1.2289928
[4180, 0.47684905, 0.991295, 7.360533, 0.59768194] 2.3934174 0.9390287 1.0143768 1.2426955
[4181, 0.4747992, 1.0141557, 6.7963605, 0.46896362] 2.5567997 0.8989631 0.9552017 1.3045642
[4182, 0.5597351, 0.97482634, 4.600191, 0.5108029] 2.909677 0.9459438 0.9395607 1.139821
[4183, 0.513629, 1.0021127, 6.000777, 0.5614762] 2.6731222 0.9072028 1.0151522 1.2280847
[4184, 0.4692353, 0.9934542, 7.7044024, 0.48295477] 2.619326 0.9220839 0.8004957 1.1915402
[4185, 0.3868528, 1.0388519, 8.354427, 0.5324201] 2.4926157 0.8583673 0.96875 1.2438406
[4186, 0.46684727, 1.0168229, 6.910451, 0.45217118] 2.5784886 0.85789865 1.036574 1.2267354
[4187, 0.48396653, 1.0132264, 6.7801433, 0.5459562] 2.6771095 0.97559845 0.95744884 1.0623249
[4188, 0.4531204, 0.9803268, 8.010742, 0.52251804] 2.1750515 1.1146686 1.0431693 1.3832201
[4189, 0.45349064, 1.0119047, 7.247747, 0.50539315] 2.55189 1.0312222 0.9182784 1.1695298
[4190, 0.54091585, 1.0199283, 4.9377413, 0.81684303] 2.7617977 0.9710155 0.9749836 1.3923414
[4191, 0.5318499, 0.9948585, 4.604905, 0.57288426] 2.9467854 0.8164679 0.87276864 1.2150669
[4192, 0.4950947, 1.0663228, 2.9342, 0.6440352] 3.0460265 0.8845256 0.9690195 1.4404529
[4193, 0.56599474, 0.9478201, 6.848264, 0.8030354] 2.6544368 0.88162297 0.98669505 1.2168777
[4194, 0.42751065, 1.1744123, 2.4714863, 0.79390055] 3.2419207 0.9345495 0.9433729 1.3305682
[4195, 0.49836448, 1.0127934, 4.645118, 0.49312735] 2.703419 1.1171262 0.96263534 1.1251392
[4196, 0.5358935, 0.9303518, 6.8286095, 0.30487114] 2.2749805 0.897637 1.026193 1.3572292
[4197, 0.46434295, 1.0390073, 5.8687806, 0.6133835] 2.6739786 0.9784028 0.97269845 1.2981285
[4198, 0.4679384, 1.0467939, 4.6390986, 0.5432378] 2.7712607 0.9493274 0.90338993 1.3684844
[4199, 0.43923372, 1.037612, 5.2443056, 0.5934212] 2.6633794 1.0066882 1.0251167 1.2543306
[4200, 0.38297608, 1.0164418, 7.165906, 0.3715055] 2.3718514 0.86792237 1.0448942 1.2986097
[4201, 0.41781446, 1.0286986, 7.846031, 0.47444293] 2.4171453 1.0746332 0.9525699 1.2900226
[4202, 0.32517087, 1.0936067, 6.8884563, 0.59441584] 2.6407113 0.8665845 0.78295416 1.3202503
[4203, 0.43660763, 1.0059596, 7.0354576, 0.51706594] 2.6506045 0.6794425 0.9309235 1.198629
[4204, 0.42698082, 1.0418558, 8.231026, 0.4729655] 2.4439738 1.1705445 0.92882466 1.1307585
[4205, 0.5135568, 0.9984213, 5.922594, 0.6581548] 2.5020988 1.0774767 0.9813064 1.4622566
[4206, 0.46270722, 1.0362563, 5.2484684, 0.5237402] 2.7090588 1.0932806 0.86337924 1.2533664
[4207, 0.5582542, 0.98667794, 5.145086, 0.6693147] 2.928291 0.9706136 0.8948719 0.9835956
[4208, 0.5593272, 1.0115775, 3.6398418, 0.53748447] 3.1591408 0.8218144 0.9021758 1.0617337
[4209, 0.4738397, 1.0184207, 7.5474343, 0.5856709] 2.4731996 1.0587252 0.9373647 1.2252058
[4210, 0.52218497, 0.99240613, 6.2370214, 0.5587597] 2.532099 0.9835402 0.97907543 1.4114063
[4211, 0.5054386, 1.0099624, 5.6999097, 0.5417607] 2.6635935 0.9263772 0.9355095 1.3515699
[4212, 0.54039073, 0.9904137, 4.1556525, 0.47559327] 2.853594 1.0337344 1.0506281 1.1043711
[4213, 0.5220944, 1.0308751, 4.5310135, 0.61968833] 2.9332194 0.8987311 0.8964153 1.2159375
[4214, 0.5190536, 0.9854927, 6.6400905, 0.51855206] 2.4750583 0.9084547 0.9509868 1.5161057
[4215, 0.40845168, 1.0370958, 6.279381, 0.37001884] 2.4766412 0.95539504 0.9272492 1.3074688
[4216, 0.4953264, 0.9944316, 6.2770805, 0.5025372] 2.6050925 1.0544848 0.9944775 1.1794173
[4217, 0.4546674, 0.9996176, 7.262429, 0.4664543] 2.2644858 1.1788905 1.0387079 1.267802
[4218, 0.51603943, 1.0210826, 3.9206998, 0.5416611] 2.9272757 0.97711265 0.9058805 1.2485712
[4219, 0.42713994, 1.0654172, 6.13986, 0.51086205] 2.6777205 1.0722115 0.8781983 1.1442116
[4220, 0.5532963, 1.0023699, 4.8602824, 0.5031115] 2.9017303 0.8553698 0.8638808 1.1565396
[4221, 0.5385145, 0.99178106, 4.5375047, 0.5914548] 2.6703691 0.9943103 1.0426406 1.3703301
[4222, 0.39779317, 1.1267903, 2.953179, 0.6228957] 3.0415606 0.9782236 0.9593921 1.3409151
[4223, 0.5433405, 0.9774114, 5.5627713, 0.4795379] 2.749393 0.84157526 0.89089483 1.3535455
[4224, 0.50056046, 1.010891, 6.2946615, 0.5558289] 2.7358155 1.0207462 0.84043944 1.0937352
[4225, 0.47968438, 1.018268, 6.16865, 0.46660948] 2.674261 1.0215759 0.85241455 1.244349
[4226, 0.47770265, 1.0160632, 6.3890667, 0.5238294] 2.7109356 0.94368774 0.8758887 1.2081287
[4227, 0.48910478, 1.0202397, 6.0087633, 0.5662051] 2.6919923 1.0780874 0.98942703 1.1018165
[4228, 0.5166304, 0.9852135, 6.6063676, 0.4857767] 2.7074106 1.0692598 0.8206754 1.1498532
[4229, 0.46871462, 1.0608354, 3.426117, 0.5178741] 3.074201 1.0474526 0.8471903 1.1541559
[4230, 0.528644, 0.9966982, 5.2728233, 0.60932875] 2.8674526 0.77954006 0.87881 1.1928153
[4231, 0.5230179, 1.0307974, 4.377355, 0.73050255] 2.8856575 0.95741427 1.0643024 1.221677
[4232, 0.39262196, 1.0205808, 7.9914064, 0.46079892] 2.3854017 0.9525196 0.9529946 1.1816357
[4233, 0.5672578, 0.9814549, 4.1151147, 0.50758934] 2.9501107 0.7581415 0.9000261 1.3540821
[4234, 0.4906251, 0.9767216, 7.538829, 0.4732216] 2.3492615 1.0356987 0.96804565 1.4299614
[4235, 0.47531995, 1.0264562, 5.3833733, 0.70783716] 2.7411685 0.8932799 0.9530275 1.2876955
[4236, 0.5322594, 1.0295044, 3.8257759, 0.5408022] 2.9580615 0.86221755 0.95855844 1.359679
[4237, 0.38497993, 1.0655475, 6.9436927, 0.499131] 2.5190089 0.93795735 0.92651767 1.4170206
[4238, 0.45162058, 1.0385604, 5.928933, 0.53668714] 2.5138023 1.0692327 0.96869636 1.3627183
[4239, 0.42777675, 1.0382831, 7.014944, 0.4795997] 2.6564007 0.78775 0.90896267 1.1771483
[4240, 0.45812002, 0.96989584, 8.623805, 0.47277537] 2.390287 1.1093117 0.8194493 1.3004178
[4241, 0.48674342, 1.0205748, 5.195923, 0.5701884] 2.7929523 0.96244866 0.90118337 1.2059582
[4242, 0.5027799, 1.0152199, 6.6675363, 0.6423342] 2.8155842 1.0049766 0.9541241 0.9457491
[4243, 0.52554154, 0.99298614, 6.623469, 0.4822407] 2.7542405 0.86422586 1.005991 1.0553584
[4244, 0.42026788, 1.061565, 5.4230595, 0.47979742] 2.6439037 0.9934694 1.0078684 1.2946552
[4245, 0.41609347, 1.042691, 8.015743, 0.60955226] 2.5119257 0.90439117 0.9737822 1.3255079
[4246, 0.3831264, 1.0699428, 6.554396, 0.54161566] 2.6655207 0.90953183 0.88158387 1.1590235
[4247, 0.46367252, 1.0262778, 6.8500266, 0.51323754] 2.615761 0.8930588 0.9837543 1.1660807
[4248, 0.4832223, 1.0350336, 6.069043, 0.5274519] 2.5500445 0.97910476 1.0404828 1.3502483
[4249, 0.39089653, 0.9943555, 7.721582, 0.38633096] 2.3180108 0.9680249 0.99126637 1.1754633
[4250, 0.44839448, 1.0206401, 6.71918, 0.48679635] 2.6390357 0.95578855 0.890389 1.1285485
[4251, 0.36254624, 1.016739, 7.260601, 0.38269076] 2.3558855 0.9533933 0.9823652 1.1538072
[4252, 0.34747988, 1.0922856, 6.854097, 0.5206854] 2.7063599 0.9791678 0.87274677 1.0948076
[4253, 0.5314742, 0.98614126, 5.750289, 0.43700176] 2.654218 1.0276423 0.89082235 1.2425946
[4254, 0.54805386, 0.9523739, 5.0804787, 0.39786646] 2.7013814 0.8355753 1.0334073 1.28171
[4255, 0.39924875, 1.05175, 6.2203197, 0.6404335] 2.6369653 0.8943686 0.9084288 1.3077136
[4256, 0.5242569, 0.9757822, 4.979416, 0.45884526] 2.7293556 1.0167223 0.89896506 1.2148633
[4257, 0.40825844, 1.0283165, 7.6576376, 0.49149436] 2.4103947 1.1349648 0.8910448 1.1285077
[4258, 0.44592682, 1.0351233, 5.8504815, 0.5274184] 2.6712127 0.94522256 1.0075984 1.1370571
[4259, 0.424094, 1.0466874, 6.698895, 0.59673077] 2.6625724 0.8996609 0.89102566 1.2451054
[4260, 0.42263174, 1.0139058, 7.2759027, 0.44028866] 2.2818794 0.9866138 0.9634501 1.4134241
[4261, 0.542069, 0.97297084, 4.7001925, 0.5377045] 2.8603554 0.89227897 0.9424095 1.1681827
[4262, 0.42257053, 1.0314075, 7.753295, 0.42158633] 2.510776 0.92033964 0.98765117 1.15504
[4263, 0.48191577, 0.9987018, 5.365482, 0.6624139] 2.8011024 0.9208283 0.9439137 1.1455513
[4264, 0.4969722, 1.0152899, 5.5166545, 0.47826552] 2.5898058 0.9685303 1.0216545 1.4239677
[4265, 0.51976335, 0.99737936, 6.1954036, 0.58461493] 2.531671 0.9355537 0.9383268 1.4291705
[4266, 0.43662775, 1.0978687, 3.3304205, 0.5768568] 3.0367541 1.014481 0.9573231 1.1884297
[4267, 0.39762193, 1.0260458, 8.1217, 0.53493595] 2.3130283 0.98928416 0.97348654 1.2770144
[4268, 0.39368346, 0.99405175, 7.1478395, 0.4310359] 2.3565452 1.0897727 0.981762 1.2013361
[4269, 0.41079286, 1.0511293, 6.5782247, 0.5178642] 2.5876806 0.9748538 0.9310458 1.2000164
[4270, 0.33858797, 1.0366911, 7.6779537, 0.3030358] 2.2817483 1.0274684 0.96281487 1.2193546
[4271, 0.62497157, 0.9003443, 4.606551, 0.4950494] 2.8705108 0.94345 0.95350087 1.1215726
[4272, 0.4288858, 1.0321678, 7.0788913, 0.5537104] 2.352232 1.0611609 0.98578185 1.3445183
[4273, 0.48200688, 0.9937313, 6.828339, 0.5439063] 2.4936938 1.0146536 0.89734983 1.2896261
[4274, 0.4452574, 1.0970012, 2.8833897, 0.63455343] 3.0633693 0.89956975 0.97716135 1.3018947
[4275, 0.54144865, 1.0284324, 4.079725, 0.49678645] 2.764189 0.9416546 1.0043563 1.4625468
[4276, 0.5907822, 0.95249134, 3.6987967, 0.5203049] 2.9405358 0.90244806 0.9544749 1.1619219
[4277, 0.44754818, 1.0300647, 7.399369, 0.62628204] 2.5521684 0.9455602 0.9228606 1.3138261
[4278, 0.48009592, 1.0097206, 7.0098424, 0.5645667] 2.6529555 1.0189333 0.88272023 1.1786723
[4279, 0.45816198, 1.0146695, 7.0659013, 0.47561714] 2.6243823 0.8896758 0.83224446 1.2479997
[4280, 0.56949276, 1.0009847, 5.278031, 0.57363045] 2.7149103 0.92584866 0.9377916 1.3928901
[4281, 0.51226646, 1.0317796, 4.5040545, 0.5649723] 2.8668792 0.8748499 0.987203 1.3114882
[4282, 0.4311707, 1.0079775, 8.4975, 0.5006839] 2.2948773 1.0916938 0.85975075 1.352867
[4283, 0.49812403, 1.0363952, 3.6175728, 0.44600132] 2.9017012 0.841672 0.84577596 1.5002223
[4284, 0.520587, 1.0023894, 5.2709546, 0.4794594] 2.8188026 1.0746183 0.8287975 1.0813429
[4285, 0.5463664, 0.9111375, 7.687768, 0.36638921] 2.332661 0.98113614 0.99216634 1.2818485
[4286, 0.5158608, 1.0381299, 4.3705964, 0.5968947] 2.8574266 1.0713915 0.9214862 1.1947262
[4287, 0.50756645, 1.0438708, 3.636481, 0.58418375] 2.8875735 1.0368981 1.0841243 1.2333702
[4288, 0.46840715, 0.98823637, 7.0303583, 0.42348063] 2.431915 0.89141166 0.9192197 1.3614026
[4289, 0.55774194, 0.9625219, 6.13324, 0.6330343] 2.8136678 0.93923277 0.99043643 0.9762165
[4290, 0.48270017, 1.0333393, 6.475865, 0.7735378] 2.5923169 1.0456069 0.8633874 1.3957125
[4291, 0.3537273, 1.0651062, 7.10402, 0.4000712] 2.3493729 1.1532457 1.0146142 1.2446526
[4292, 0.4304425, 0.93736947, 5.7818837, 0.2732406] 2.1524377 1.0151083 0.9462791 1.3365825
[4293, 0.46444437, 1.0289081, 6.9008617, 0.57251215] 2.7166386 0.99159926 0.90131533 1.0598533
[4294, 0.5625822, 0.9592296, 5.949146, 0.5690324] 2.5491807 1.0981191 1.0983201 1.223947
[4295, 0.5446509, 0.9978785, 5.0434194, 0.49842718] 2.6965134 1.1176451 0.91263926 1.2436448
[4296, 0.46333477, 1.0285002, 6.3516827, 0.5363366] 2.6479778 0.89872634 0.94555473 1.2949051
[4297, 0.5650292, 0.98256123, 5.221364, 0.49907306] 2.6953006 0.971141 0.8972636 1.3866686
[4298, 0.40073466, 1.1222887, 2.8703444, 0.6226511] 3.15638 0.9590605 0.8987084 1.2333645
[4299, 0.4139583, 1.0345286, 7.6124563, 0.5007811] 2.408791 0.9982788 0.9607563 1.3066322
[4300, 0.4984455, 0.9975252, 6.6467547, 0.42598954] 2.618965 1.0243608 0.883754 1.1622685
[4301, 0.49404693, 1.0351347, 4.330777, 0.49014524] 2.8066993 0.99141043 0.8194391 1.4801366
[4302, 0.496185, 1.0218728, 4.965085, 0.56605226] 2.7914197 0.98274493 0.9416363 1.1998181
[4303, 0.5106346, 0.9963547, 6.38141, 0.5139475] 2.548172 1.033416 1.0716534 1.2647332
[4304, 0.530392, 1.0005509, 4.7028174, 0.5545993] 2.8794959 0.86115193 0.97062755 1.1997482
[4305, 0.4148706, 1.0284059, 7.003099, 0.44624332] 2.465959 0.9070472 0.9659543 1.3342614
[4306, 0.4559432, 1.0095602, 7.2640777, 0.5214638] 2.5883398 0.97693914 0.90568465 1.2197682
[4307, 0.437814, 1.0350037, 6.6761475, 0.48002934] 2.6657207 0.8658303 0.8931678 1.2671314
[4308, 0.36320895, 1.0089849, 6.725963, 0.30766034] 2.3005214 0.93312013 1.003182 1.1683265
[4309, 0.42005098, 0.98633236, 7.7113795, 0.3407857] 2.2500188 1.0424638 0.8953997 1.3205118
[4310, 0.44100085, 1.0256759, 6.9963055, 0.40486842] 2.409697 1.0923904 0.892159 1.3144147
[4311, 0.53798836, 1.0146868, 3.8506842, 0.55470395] 2.975118 0.98054135 0.9994612 1.1530304
[4312, 0.45933726, 0.9873445, 7.8542457, 0.41712844] 2.355259 1.0499963 0.971608 1.274757
[4313, 0.49247715, 0.9938789, 6.3547235, 0.5146089] 2.6280138 1.046782 0.82758296 1.2555373
[4314, 0.55230093, 0.99730086, 5.073378, 0.6092115] 2.8980062 0.776386 0.9559782 1.242841
[4315, 0.5032543, 1.0317369, 4.458413, 0.4909074] 2.914558 0.86805665 0.9092031 1.2813134
[4316, 0.4517133, 1.0465404, 6.764086, 0.4909428] 2.4787238 1.1511036 0.87223285 1.3738292
[4317, 0.34477776, 1.0277684, 7.23102, 0.3562403] 2.2928257 0.97457033 0.92835647 1.3891363
[4318, 0.40630224, 1.0706832, 7.2139387, 0.5092195] 2.635573 0.96142757 0.93325496 1.0723368
[4319, 0.47330418, 1.0411551, 5.150421, 0.58206564] 2.782266 1.007273 0.9052174 1.194832
[4320, 0.5308547, 0.974615, 7.274575, 0.47512874] 2.4605606 1.0437447 0.9473994 1.2897635
[4321, 0.56679523, 1.0135239, 3.3557458, 0.6063998] 3.0696838 0.8529803 0.9735447 1.314167
[4322, 0.4506606, 1.0402116, 5.9707594, 0.54115444] 2.6936326 0.9937624 0.92588407 1.2277769
[4323, 0.46433294, 1.0255747, 5.487519, 0.57405645] 2.6690238 0.9386428 1.0765071 1.2500192
[4324, 0.4304549, 1.0515583, 7.04805, 0.50335157] 2.5736763 1.100558 0.93271023 1.186761
[4325, 0.48771414, 1.0046569, 4.9686613, 0.49945703] 2.6876793 0.9652528 0.9039525 1.387945
[4326, 0.49271953, 1.007749, 5.5251346, 0.46872118] 2.7552996 1.079618 1.0437192 0.94343245
[4327, 0.5047784, 0.994075, 6.093139, 0.47717068] 2.8094542 0.8431639 0.7726565 1.3363355
[4328, 0.49235567, 1.0283767, 5.410494, 0.45263556] 2.7076538 1.0897042 0.90528065 1.309665
[4329, 0.4859276, 1.029153, 5.4497156, 0.4557137] 2.5902293 0.97459877 0.9774379 1.3793322
[4330, 0.47753552, 1.0571985, 3.631751, 0.53216034] 2.851269 1.0012653 0.9224067 1.4778007
[4331, 0.41580704, 1.0555243, 5.856485, 0.614496] 2.6142912 1.0781765 0.8986959 1.2740352
[4332, 0.3400206, 1.0532421, 7.1926146, 0.38417062] 2.3478522 1.08466 1.0372504 1.2424014
[4333, 0.3768513, 1.071211, 7.241548, 0.47418302] 2.5819128 0.84168977 0.8931727 1.3567548
[4334, 0.46292076, 1.0242049, 6.0883627, 0.6585316] 2.7234757 0.9928351 0.950133 1.13641
[4335, 0.5474789, 0.9776609, 4.8529453, 0.46898717] 2.8564694 0.79568607 0.89928955 1.3204656
[4336, 0.45063302, 1.0386301, 6.4753323, 0.386605] 2.5735908 0.9896944 0.877734 1.2971488
[4337, 0.4574836, 1.0814077, 2.9862735, 0.5943811] 3.0495515 0.95593864 1.0805328 1.1921539
[4338, 0.53340423, 0.9628355, 5.4752355, 0.55195117] 2.7160268 0.92562884 1.090572 1.1487968
[4339, 0.41663525, 0.9878593, 7.682393, 0.36620313] 2.301834 1.0990238 0.79339474 1.28776
[4340, 0.47357783, 1.0446789, 6.0388937, 0.58018684] 2.7327318 0.97895235 0.8216346 1.2744361
[4341, 0.46886683, 1.0311229, 6.9527698, 0.54246944] 2.6239972 0.99085706 0.9364652 1.1697639
[4342, 0.4919821, 1.016845, 5.2740602, 0.43860883] 2.7056665 0.9270221 0.9489501 1.3345709
[4343, 0.49357116, 1.0056734, 5.757263, 0.49413073] 2.6643558 0.8666625 1.0013943 1.3459167
[4344, 0.48591498, 1.0423111, 4.3057275, 0.42590308] 2.869166 0.86262035 1.0489122 1.2105628
[4345, 0.50813246, 0.99616224, 5.9737244, 0.5522753] 2.6218734 0.9234829 0.8958312 1.3441993
[4346, 0.4614498, 1.0174866, 7.745821, 0.7048963] 2.5367944 1.1002359 0.8892539 1.1491457
[4347, 0.38460565, 1.0504639, 7.69069, 0.5601473] 2.4924433 0.9813198 0.89580786 1.2325832
[4348, 0.49790302, 1.0168695, 5.9725432, 0.52941316] 2.7070632 0.896914 0.97985446 1.2222987
[4349, 0.50106454, 1.0818832, 3.3989043, 0.5814358] 3.0686624 0.9591355 0.8861451 1.2938887
[4350, 0.5429398, 0.9576551, 5.9134035, 0.5498031] 2.6706042 0.9128574 0.9963691 1.2154073
[4351, 0.36749786, 1.0791925, 7.2474313, 0.5392301] 2.5242026 0.91473526 0.85551405 1.4104816
[4352, 0.50584084, 1.0020516, 5.152477, 0.5425234] 2.7642932 0.8975462 0.8718959 1.3301342
[4353, 0.5478961, 0.98199445, 4.9247794, 0.5696298] 2.9122052 0.8877062 0.8408313 1.1606021
[4354, 0.50392896, 0.86741674, 5.299202, 0.21014036] 2.0091977 1.1069795 1.0186793 1.2339683
[4355, 0.47800648, 1.0324166, 5.279421, 0.5886435] 2.6568136 1.0897973 0.91696143 1.2753052
[4356, 0.5254357, 0.9906751, 6.5050955, 0.5080114] 2.522121 0.977122 1.0428559 1.2580152
[4357, 0.5196858, 0.9842633, 5.593049, 0.47325268] 2.5794384 1.0535811 0.96530557 1.3921444
[4358, 0.47688684, 1.0089507, 5.880817, 0.50326616] 2.567433 0.9781777 1.0589877 1.2929635
[4359, 0.46106848, 1.015336, 7.58292, 0.41389516] 2.4659922 0.9907506 0.9424756 1.2475406
[4360, 0.46273798, 1.0316901, 6.4920034, 0.5664792] 2.720012 1.0348827 0.8728088 1.1668136
[4361, 0.52393943, 0.9965278, 5.8506446, 0.6029688] 2.7889068 0.9555785 0.83168805 1.1097956
[4362, 0.5522191, 0.98277557, 5.6655316, 0.6627733] 2.7288408 0.9557836 0.9267548 1.2994921
[4363, 0.49767137, 1.0034419, 5.433026, 0.49200174] 2.6727023 0.89951277 0.8506765 1.4231975
[4364, 0.54725176, 0.98939973, 4.6102467, 0.49915212] 2.8221068 1.0654324 0.9087038 1.2077439
[4365, 0.35573867, 1.0751653, 7.1737604, 0.49204627] 2.614758 1.0742579 0.8974897 1.0995855
[4366, 0.39996296, 1.0538687, 5.6224422, 0.5033159] 2.872068 0.96662277 0.68546003 1.101301
[4367, 0.39080283, 1.1511874, 2.993688, 0.6128808] 3.242027 0.8751503 0.85107 1.2595462
[4368, 0.4759433, 1.0330412, 6.786371, 0.51103187] 2.5040655 0.9661371 1.0724165 1.3392485
[4369, 0.46089587, 1.0098134, 7.310224, 0.50744593] 2.3707097 1.1034124 1.0188731 1.3121487
[4370, 0.56043345, 0.9928508, 4.1670732, 0.6242659] 2.7692611 0.91138685 1.0328851 1.4357606
[4371, 0.5047679, 1.0288771, 4.1636405, 0.5371905] 2.9000263 0.87768185 0.87146413 1.3382603
[4372, 0.35996354, 1.0579737, 7.981249, 0.5766083] 2.4071405 0.9197779 1.0738071 1.3074355
[4373, 0.5570018, 1.0005358, 3.5239708, 0.5723407] 3.0185525 0.92403615 0.8543105 1.3275712
[4374, 0.48470867, 1.0181648, 6.0570073, 0.5129399] 2.7243617 0.9707306 1.0025349 1.0564536
[4375, 0.45376417, 1.0203639, 7.090939, 0.44337004] 2.537016 0.9631273 0.9013827 1.2819595
[4376, 0.41065922, 1.0391645, 7.037956, 0.49067014] 2.4900436 0.9046255 0.91292775 1.4106747
[4377, 0.5780189, 0.9651427, 7.2977276, 0.62977046] 2.7037685 0.97610235 0.9224612 1.0675136
[4378, 0.46409526, 1.0089165, 7.0126276, 0.59447384] 2.689472 0.8714896 0.8171182 1.3073752
[4379, 0.48930648, 1.0243918, 6.1620092, 0.5525853] 2.7618027 0.8013328 0.8892602 1.2196673
[4380, 0.4649624, 0.9888293, 8.632768, 0.48462102] 2.2907028 0.9969801 0.97527194 1.3035988
[4381, 0.6022365, 0.9584968, 4.4373016, 0.48771507] 2.688735 1.1232194 0.9526812 1.364102
[4382, 0.4190827, 1.0357256, 7.264352, 0.4521942] 2.4341059 0.9070707 1.0180897 1.3210634
[4383, 0.4093973, 1.0388963, 6.901959, 0.53213936] 2.450152 0.90764344 0.9106554 1.4099426
[4384, 0.51242095, 0.9664723, 6.9200234, 0.34609368] 2.4090552 1.0358073 0.867925 1.4008455
[4385, 0.45713413, 1.0524237, 6.681736, 0.753381] 2.5821397 0.98857003 0.9246449 1.3378239
[4386, 0.51223415, 0.9637746, 7.562611, 0.52949566] 2.5456285 0.99749374 0.85325694 1.1763536
[4387, 0.47109488, 1.0123789, 6.0033927, 0.49621797] 2.484436 0.9929587 1.1366601 1.3341858
[4388, 0.44519904, 1.0227993, 7.2830825, 0.6152322] 2.635895 0.93618476 0.85363257 1.2201127
[4389, 0.45675164, 0.9787456, 7.414936, 0.42091265] 2.2754726 0.99802756 1.0198734 1.3457648
[4390, 0.5179866, 0.9388763, 8.344983, 0.49383545] 2.1576169 1.0138261 0.9194894 1.498339
[4391, 0.38940415, 1.0619446, 7.269606, 0.47070822] 2.441742 0.97078174 0.99252975 1.3736866
[4392, 0.43521157, 0.9853001, 7.40418, 0.3939587] 2.3607576 1.037185 1.0248308 1.2169682
[4393, 0.4924141, 1.0285903, 5.3044834, 0.4887268] 2.8666334 0.93874925 0.9201752 1.1740239
[4394, 0.5177742, 0.99414486, 4.191066, 0.5101098] 2.7603984 1.0628086 0.9052539 1.3946166
[4395, 0.5305052, 1.0190961, 4.189009, 0.73461217] 2.8885984 1.0722308 0.95094264 1.1508895
[4396, 0.5893931, 0.9825021, 4.114243, 0.7321373] 2.8402975 0.9176997 0.8444562 1.5097536
[4397, 0.53455794, 0.9919404, 5.3331637, 0.5398462] 2.6926851 1.0302479 0.78548694 1.4778714
[4398, 0.48976317, 1.0156517, 6.921647, 0.4837793] 2.3859384 1.1590594 1.0611612 1.3879522
[4399, 0.52800894, 1.013665, 4.040116, 0.48439327] 2.8341603 0.80779284 0.96040225 1.4675517
[4400, 0.3450745, 1.05774, 7.7636867, 0.60061926] 2.4650545 0.9075668 0.8905834 1.285737
[4401, 0.51263565, 1.0399952, 3.7117138, 0.5360314] 3.065234 0.81984395 0.98346674 1.1576376
[4402, 0.35258973, 1.04376, 8.161961, 0.5134469] 2.331055 1.0417557 1.0296082 1.2898896
[4403, 0.4559667, 1.0428972, 4.686534, 0.5323056] 2.8950279 0.9130314 0.84078497 1.2594453
[4404, 0.4039065, 1.0460459, 7.1321445, 0.47685844] 2.4672732 1.0873926 1.0272003 1.2184666
[4405, 0.4859, 1.0082484, 6.60555, 0.49112368] 2.4883242 0.99662745 1.0347782 1.3597919
[4406, 0.44936803, 1.0224855, 7.3590956, 0.5399862] 2.4855833 0.9822781 0.8620992 1.3046452
[4407, 0.5183651, 0.948664, 8.281559, 0.45508823] 2.2494376 0.8996976 1.015058 1.4478601
[4408, 0.49478573, 0.8758226, 5.5997734, 0.24806017] 2.00506 0.9828672 0.940949 1.4980057
[4409, 0.56287193, 0.97069615, 5.6837215, 0.5725775] 2.6977673 1.0372856 0.9561643 1.1804048
[4410, 0.50421244, 1.0196967, 6.0534716, 0.54899573] 2.7255948 0.9741231 0.9248098 1.1814818
[4411, 0.44429842, 1.0394367, 5.6485643, 0.53601635] 2.6251345 0.8032355 1.065324 1.3615941
[4412, 0.43243814, 1.0244591, 7.00097, 0.5628719] 2.4839811 0.82782394 1.0152624 1.3375676
[4413, 0.44342536, 1.0479573, 6.834555, 0.44689783] 2.5606785 0.9723511 1.067331 1.2097338
[4414, 0.4509096, 1.0858718, 3.9227455, 0.4631055] 3.0412223 0.7931042 0.89958656 1.2896923
[4415, 0.52328634, 0.947689, 7.6423674, 0.42015997] 2.2720501 1.0191542 1.0689139 1.3537433
[4416, 0.4973178, 0.89986, 6.6166506, 0.36541852] 2.077147 1.0526935 0.9203797 1.4367031
[4417, 0.34444627, 1.0425768, 7.951862, 0.50192714] 2.4160361 1.0643471 0.85835683 1.2755847
[4418, 0.5120122, 1.0316566, 4.30082, 0.61276585] 2.9053009 0.8602463 0.9866138 1.2688833
[4419, 0.49302825, 1.0139111, 4.892718, 0.50280124] 2.7080543 1.0936387 0.89067054 1.196462
[4420, 0.45432988, 1.028899, 5.5102825, 0.49604094] 2.5600104 1.0440676 1.0409552 1.330374
[4421, 0.44518402, 1.0314516, 6.129995, 0.6474294] 2.5827613 1.0528244 0.9997157 1.2677858
[4422, 0.53620327, 0.9801029, 4.8271446, 0.55090135] 2.627054 1.1106844 1.0065342 1.3367358
[4423, 0.43711394, 0.95828164, 6.3984256, 0.24832612] 2.2233891 1.145242 0.89182055 1.2346363
[4424, 0.46853527, 1.0293638, 6.0723104, 0.50279766] 2.5862064 0.96230024 0.9973759 1.3090712
[4425, 0.42563778, 1.0599195, 6.7887464, 0.94752425] 2.505257 1.0136539 0.9473049 1.4023312
[4426, 0.48588124, 1.0144345, 6.4905424, 0.51100093] 2.6746814 0.9896723 0.92047215 1.1919856
[4427, 0.41026184, 1.0712143, 5.867106, 0.6264382] 2.8200026 0.8853969 0.794774 1.2339823
[4428, 0.4554394, 1.0517164, 4.9949994, 0.57221586] 2.721652 0.9502703 0.9641924 1.4073344
[4429, 0.41422576, 0.9582704, 6.6747923, 0.31029418] 2.3337917 1.0172391 0.99481636 1.0445977
[4430, 0.5114501, 1.0224864, 4.2471323, 0.592379] 2.9944723 0.8394289 0.7881942 1.2736084
[4431, 0.48776162, 0.99152035, 7.333274, 0.4853086] 2.4219573 0.90573186 1.011196 1.2920151
[4432, 0.48126984, 1.0538415, 4.1002717, 0.5195827] 2.963679 0.93003094 0.8553095 1.2599756
[4433, 0.4707868, 1.0236793, 6.8085947, 0.4540395] 2.6780217 1.0497307 0.8278753 1.2035081
[4434, 0.42974368, 1.009607, 7.248706, 0.43874505] 2.3976145 0.91070575 1.0254812 1.3068473
[4435, 0.51801413, 1.0407697, 3.4552765, 0.6665849] 3.0669127 0.9319377 0.8748615 1.2942995
[4436, 0.46233365, 1.0151966, 7.1330414, 0.5775054] 2.3963313 1.0738766 0.9242092 1.3494575
[4437, 0.49047938, 1.0233073, 5.17508, 0.5407797] 2.5956094 1.1914467 0.9585153 1.2966726
[4438, 0.46503896, 1.0264028, 6.6054487, 0.4916393] 2.3466911 1.0044765 1.0313892 1.4741662
[4439, 0.4814988, 1.008552, 6.2987285, 0.49341884] 2.623347 1.0392272 0.9315863 1.3115569
[4440, 0.4632096, 1.0193064, 6.2423525, 0.48822686] 2.5021026 1.0013391 0.97720474 1.436259
[4441, 0.5541008, 0.9736775, 4.2687483, 0.5316615] 2.837545 0.9659572 1.0619403 1.1214783
[4442, 0.5712876, 0.9860828, 4.288225, 0.6026774] 2.7152624 1.0591023 0.9282501 1.4361932
[4443, 0.5143583, 1.0122437, 5.120866, 0.49257535] 2.5809193 1.0642185 0.99966174 1.4323003
[4444, 0.5105216, 1.0001093, 6.343032, 0.6007663] 2.3997118 1.0725924 0.92816603 1.4766166
[4445, 0.51254046, 0.99600977, 6.3435187, 0.50777507] 2.5866385 0.9341719 0.9793427 1.3179231
[4446, 0.4466487, 1.0333642, 6.1949544, 0.6096195] 2.7725372 0.8664468 0.917418 1.1141574
[4447, 0.50069827, 0.97963864, 5.8726234, 0.41185555] 2.716729 0.9912018 0.9957553 1.1050446
[4448, 0.43577862, 1.0059624, 7.716273, 0.5930806] 2.4389372 0.9854275 0.99188673 1.1912533
[4449, 0.38597217, 1.0375149, 8.029649, 0.47658634] 2.3536298 1.0603589 0.9883978 1.2462561
[4450, 0.38181883, 1.0338542, 7.3379507, 0.3959642] 2.4448469 0.8972697 0.942441 1.1950636
[4451, 0.56255466, 0.9696058, 5.4250793, 0.45071745] 2.8046193 0.9069904 0.987181 1.0925865
[4452, 0.5522811, 0.97223866, 4.3933005, 0.48564118] 2.7944982 0.9229479 0.9497506 1.3444482
[4453, 0.50235766, 1.00673, 5.2533274, 0.5932093] 2.7816122 0.94039357 0.8806053 1.2874532
[4454, 0.41846225, 1.0575255, 5.3537817, 0.5190606] 2.6031237 1.1120166 0.9221533 1.3110969
[4455, 0.40678218, 1.0318099, 7.394133, 0.40236482] 2.3593907 0.986896 1.0447286 1.1852764
[4456, 0.5282054, 1.0077083, 4.81927, 0.60134244] 2.771709 0.93711084 0.93374825 1.3446016
[4457, 0.4724782, 1.0016719, 6.3842874, 0.31969386] 2.6103058 0.90001047 1.020726 1.2711204
[4458, 0.39154163, 1.0347141, 7.819258, 0.4563923] 2.3861227 0.81933427 1.0385077 1.3117521
[4459, 0.4559204, 1.0029204, 7.0241838, 0.4319224] 2.4194872 0.9496967 1.0435272 1.3812549
[4460, 0.420586, 1.0364754, 7.606681, 0.66381526] 2.42399 1.0176668 0.95842767 1.3292186
[4461, 0.44941324, 0.97691035, 7.0891733, 0.38208193] 2.4403827 1.0342947 0.9379746 1.2756919
[4462, 0.51281047, 0.99945956, 5.5479374, 0.49298218] 2.6855552 0.93980306 0.9445101 1.3259956
[4463, 0.5376926, 1.0212169, 4.0438232, 0.72587305] 2.9551241 0.9301853 0.9534948 1.1436403
[4464, 0.40983135, 1.0487112, 7.7634063, 0.55499715] 2.478013 0.91695875 0.952095 1.417552
[4465, 0.5952329, 0.9496923, 5.250731, 0.5439799] 2.783146 0.92443675 0.86368054 1.3344132
[4466, 0.4684587, 1.0255287, 6.9949393, 0.57633835] 2.5971887 0.8878453 0.8209276 1.435769
[4467, 0.52906054, 0.97112596, 6.9152355, 0.4490796] 2.7106633 0.86343086 0.8223632 1.132963
[4468, 0.43743974, 1.0454541, 6.3543797, 0.7261304] 2.622758 0.9248644 1.0207518 1.2829736
[4469, 0.42587122, 1.0497447, 7.3527355, 0.518906] 2.5750198 0.92354566 0.98285913 1.2924907
[4470, 0.46082047, 1.0266641, 5.9102697, 0.55116296] 2.8176816 0.97666526 0.7050152 1.1642439
[4471, 0.4504183, 1.0402429, 6.6449866, 0.47485954] 2.5783792 1.146491 0.86320966 1.2548496
[4472, 0.450308, 1.0231394, 7.5914025, 0.5189172] 2.600532 0.9744465 0.80760694 1.1844013
[4473, 0.48854923, 1.0166352, 4.5356836, 0.5254758] 2.7659042 0.95479506 0.96910316 1.2847801
[4474, 0.5455444, 0.984389, 4.8190207, 0.47995824] 2.7311702 0.98798686 1.0521464 1.2220663
[4475, 0.5324796, 1.0210401, 4.06424, 0.49866924] 3.0871966 0.8446003 0.7084069 1.2066321
[4476, 0.45560414, 1.0231364, 7.4559407, 0.826382] 2.4280488 0.97427577 0.9298077 1.4423078
[4477, 0.5187117, 0.95730025, 5.8399415, 0.48727986] 2.7214272 0.95220506 0.79367816 1.2636971
[4478, 0.4322805, 1.0383054, 7.6487575, 0.57411534] 2.3828175 1.0980655 1.0175188 1.2874496
[4479, 0.45680502, 1.0419239, 5.8832316, 0.4378239] 2.6114256 1.0764343 1.0007329 1.1711936
[4480, 0.5164874, 1.0040159, 4.430484, 0.4426816] 2.9215717 0.93745357 0.80333894 1.1966333
[4481, 0.5731643, 0.95663947, 4.737532, 0.53626645] 2.8973615 0.87529415 0.9194621 1.2437416
[4482, 0.53413796, 0.9876671, 5.0672207, 0.8517746] 2.7768886 1.0060333 0.83642036 1.3394161
[4483, 0.53207463, 0.9937474, 5.9079876, 0.4932151] 2.9533467 0.72593063 0.7794698 1.0974861
[4484, 0.51251274, 1.0277452, 5.0258617, 0.5939911] 2.8556678 1.0145464 0.96863043 1.0902153
[4485, 0.47790626, 1.025372, 5.65114, 0.5809545] 2.6068535 1.0889714 0.90283173 1.3312
[4486, 0.49957258, 1.0127639, 5.3135858, 0.5603081] 2.6959193 0.9748651 0.9210854 1.2909039
[4487, 0.52557504, 0.9977634, 4.8048906, 0.5527558] 2.7079694 0.8368606 0.9210677 1.5081087
[4488, 0.51950693, 1.0037668, 5.9831114, 0.5514461] 2.6739724 0.903546 0.95536923 1.3449112
[4489, 0.52565944, 0.9970145, 4.0817275, 0.46197623] 2.871814 0.93772554 0.9856038 1.2631197
[4490, 0.55810034, 0.9869864, 4.593384, 0.62020814] 2.7287602 0.9256865 1.0478705 1.3293325
[4491, 0.3941962, 1.0341618, 7.936733, 0.56664276] 2.4196067 0.96669006 0.94927025 1.3112948
[4492, 0.4566582, 1.0732834, 3.7087348, 0.44887406] 2.8523717 0.9213325 0.98207587 1.3479495
[4493, 0.48277718, 1.0139132, 7.5346923, 0.557728] 2.5172794 0.8263299 0.8491658 1.5068026
[4494, 0.55675036, 0.961071, 5.3091335, 0.5625366] 2.6689107 1.1504831 0.9639416 1.2529185
[4495, 0.4900888, 1.0192153, 6.1477447, 0.561073] 2.69985 1.0677224 0.967597 1.1079806
[4496, 0.53789014, 0.9775841, 5.279578, 0.61416227] 2.548036 1.0635145 0.9862285 1.4518181
[4497, 0.4981306, 1.0317655, 4.9720063, 0.72487086] 2.9077945 0.94817734 0.7911867 1.1726863
[4498, 0.5424716, 1.0389379, 3.917385, 0.4792411] 2.898204 0.9984455 0.9727106 1.3008882
[4499, 0.45986027, 1.0399967, 5.85255, 0.58282715] 2.6951056 0.97653717 0.98641527 1.1662956
[4500, 0.44793704, 1.0335357, 7.0790353, 0.96819943] 2.5754273 0.97501034 1.0249232 1.0969042
[4501, 0.38582548, 1.0742292, 6.877227, 0.6979327] 2.5860806 0.85320973 1.0313042 1.3070486
[4502, 0.52542394, 1.0055144, 5.4248486, 0.5485077] 2.6655183 0.99198014 0.97028154 1.3778234
[4503, 0.45246777, 1.0406421, 5.7330556, 0.62617457] 2.9070106 0.79563385 0.91326416 1.0451758
[4504, 0.5173815, 0.928447, 5.9921737, 0.2761198] 2.2603102 1.1184849 0.99181384 1.1358116
[4505, 0.56857985, 0.96739453, 4.1046233, 0.5161075] 2.9002135 0.9258961 0.8487681 1.2722069
[4506, 0.56769216, 1.0066702, 3.7412434, 0.57570636] 3.0082371 1.0208138 1.0509136 1.0565776
[4507, 0.44748032, 1.0348809, 5.0348616, 0.4906932] 2.671365 0.91927123 0.9932294 1.3478923
[4508, 0.47691965, 1.0587333, 3.1575782, 0.56174564] 3.1280475 0.88181746 0.92999804 1.220143
[4509, 0.4838034, 1.068724, 3.4189982, 0.6332039] 2.8729024 1.1150941 0.925404 1.3510008
[4510, 0.54869527, 0.97529554, 4.62286, 0.55328494] 2.9213808 0.9597528 0.8733198 1.1357255
[4511, 0.46439576, 1.0319138, 5.2367816, 0.5408131] 2.6755753 1.0174543 0.87653756 1.3457005
[4512, 0.4259616, 1.0211759, 6.617151, 0.36358485] 2.4972084 1.0256919 0.84383047 1.1868621
[4513, 0.45088845, 1.0355577, 5.8602586, 0.48150036] 2.4750736 1.0494385 0.9736806 1.4270523
[4514, 0.5122164, 1.0032157, 6.3565674, 0.57598096] 2.6301644 0.9890436 1.0110049 1.2026851
[4515, 0.52426624, 0.99270666, 4.333578, 0.5664261] 2.9202929 0.95713514 0.94669586 1.0789882
[4516, 0.5384707, 0.9843646, 4.7155323, 0.49911782] 2.674646 0.9833259 1.0153903 1.3647864
[4517, 0.5134166, 1.0065758, 6.166258, 0.54520845] 2.6747372 0.91931224 0.9946863 1.2236476
[4518, 0.47236288, 1.0266867, 5.811491, 0.45903146] 2.569392 1.0211705 1.1112225 1.1735573
[4519, 0.49510077, 1.0406926, 3.7694583, 0.5686661] 2.9775758 0.964837 1.0860026 1.1024568
[4520, 0.44412583, 1.0312637, 6.8627496, 0.4680433] 2.6090937 0.96719915 0.991385 1.1085982
[4521, 0.44331115, 1.040586, 7.368292, 0.45476228] 2.3275707 1.032714 1.1189096 1.3937875
[4522, 0.5393904, 0.99477994, 5.6597595, 0.68663293] 2.6661355 1.0529972 1.0359508 1.2541713
[4523, 0.40803856, 1.0643795, 6.366351, 0.5701311] 2.757243 0.9567688 0.87713826 1.168787
[4524, 0.46860227, 1.0279396, 5.7063856, 0.47722694] 2.5253778 0.9358669 1.0831403 1.3346388
[4525, 0.55673903, 0.96138084, 4.854392, 0.5414122] 2.8059864 0.9129842 1.0160844 1.1231819
[4526, 0.56529105, 0.95285165, 5.2020063, 0.7346393] 2.890156 1.0265973 0.9055204 1.0782486
[4527, 0.49225366, 1.0174857, 5.892685, 0.69724995] 2.6703591 1.1356213 0.8551949 1.1210585
[4528, 0.41853943, 0.9339981, 5.5919785, 0.22573185] 2.0425465 1.1502031 1.0637141 1.2423389
[4529, 0.44827121, 0.96826243, 7.24255, 0.35893515] 2.2486024 0.89698195 0.940585 1.390221
[4530, 0.44297376, 0.9558458, 6.3144045, 0.32539466] 2.0530899 1.0470161 1.1266022 1.4091825
[4531, 0.4815848, 1.0645546, 3.470104, 0.57332504] 3.0680497 0.9242726 0.92525965 1.1353793
[4532, 0.556266, 0.9999043, 3.8617644, 0.45041114] 2.9250383 1.0529275 1.0098191 1.1374524
[4533, 0.52683425, 1.013374, 3.6559017, 0.6092513] 2.8578148 0.92594576 0.89504814 1.4673352
[4534, 0.4298033, 1.0635442, 7.2362275, 0.61564] 2.6496177 0.92010665 0.966486 1.1478996
[4535, 0.43047133, 1.0592943, 6.8529706, 0.65829587] 2.517742 1.083405 0.8900421 1.3579926
[4536, 0.466606, 1.0118536, 7.3504868, 0.6104047] 2.5105083 0.87123984 1.046706 1.3408176
[4537, 0.53321725, 0.86524236, 5.859187, 0.22500017] 2.2138155 0.9854255 1.0796669 1.0471298
[4538, 0.5873588, 0.98791516, 3.4465141, 0.61854625] 3.2258286 0.79521203 0.89471 1.0259063
[4539, 0.5416464, 0.98393303, 4.8540497, 0.45828703] 2.6283886 0.9652796 0.99241567 1.4557341
[4540, 0.46141848, 1.0335674, 5.8307695, 0.47964326] 2.6413112 1.0033793 1.0214611 1.2451613
[4541, 0.45507005, 0.9612115, 7.94878, 0.46690848] 2.3508224 1.0231731 0.90305024 1.2545383
[4542, 0.5008233, 1.0261364, 5.750538, 0.72971797] 2.8379889 0.8115391 0.8404088 1.2325232
[4543, 0.5069928, 1.0085629, 5.31134, 0.5955404] 2.7686777 0.872748 0.95624423 1.313393
[4544, 0.556628, 0.97908396, 4.8762603, 0.4791829] 2.7345438 0.8597249 0.8888789 1.515996
[4545, 0.52453005, 0.9909048, 5.401284, 0.500751] 2.6040928 1.129017 0.87777156 1.3512948
[4546, 0.48805213, 1.0639529, 3.4251134, 0.5830336] 2.968354 0.8139979 0.838347 1.5698441
[4547, 0.43226618, 1.0516813, 5.540648, 0.61023575] 2.6498666 1.0053934 0.9602918 1.3246673
[4548, 0.51515126, 1.0277916, 4.1397586, 0.5140072] 3.0447574 0.7420713 0.89444864 1.1994584
[4549, 0.39417633, 0.9984696, 7.7261963, 0.37792018] 2.3185375 0.91095227 0.8795187 1.3283005
[4550, 0.4581241, 1.0210848, 6.259907, 0.40333262] 2.609992 0.8488393 0.975515 1.2649367
[4551, 0.5236895, 0.9931999, 6.2259808, 0.44612893] 2.715039 1.0730761 0.9339683 1.0477772
[4552, 0.4634331, 1.081466, 3.6050026, 0.6680673] 2.909147 1.0289177 0.9501038 1.3282114
[4553, 0.47786447, 1.023498, 6.1231093, 0.43705407] 2.5857174 0.9483563 1.0030973 1.3144217
[4554, 0.52592987, 1.0078357, 4.537361, 0.5738983] 2.7897716 1.0069747 0.91851956 1.3082634
[4555, 0.5847018, 0.95997065, 4.3240304, 0.4839936] 2.803796 1.0443695 0.963975 1.324271
[4556, 0.512189, 1.0013835, 5.2045727, 0.67902344] 2.729927 1.0817661 0.89688164 1.2492265
[4557, 0.54670906, 0.98639375, 4.114154, 0.5179162] 2.8541834 0.88165313 1.0886527 1.1570668
[4558, 0.4034325, 1.1737734, 2.8965707, 0.7523369] 3.1607225 0.97611874 0.9495551 1.3287714
[4559, 0.53123593, 1.0307213, 3.5764651, 0.59790313] 2.9527502 0.93877244 0.9100867 1.4456668
[4560, 0.5498137, 0.9871941, 4.41403, 0.46641293] 2.7944388 1.1087674 1.0149568 1.1530347
[4561, 0.5645458, 0.98705953, 4.377808, 0.46307722] 2.7301955 1.151121 0.948035 1.2829198
[4562, 0.5550364, 0.9673157, 6.464414, 0.67734283] 2.812388 0.91697025 0.8829039 1.0164614
[4563, 0.47467005, 0.9153414, 6.161794, 0.2722413] 2.230934 1.0422698 0.8852494 1.1838235
[4564, 0.5435612, 1.0061655, 4.660755, 0.492078] 2.9213598 0.8051186 0.95855004 1.1434234
[4565, 0.6253943, 0.9175937, 4.6879554, 0.57344383] 2.8817585 1.0490615 0.78570443 1.0502911
[4566, 0.46739438, 1.0220354, 5.3552127, 0.56285214] 2.6566398 1.0552953 0.9754397 1.2910559
[4567, 0.47787786, 1.0449276, 5.130937, 0.48930752] 2.826931 0.98063457 0.95021987 1.1356324
[4568, 0.42601818, 1.0365428, 7.6989717, 0.4150471] 2.379279 0.92110646 0.9329369 1.4451225
[4569, 0.4202754, 1.1041265, 3.3140106, 0.6283663] 2.9464974 0.99763227 0.83356905 1.4139278
[4570, 0.53738064, 0.98552734, 5.0265493, 0.57749474] 2.7009854 0.9979973 0.9892554 1.3100247
[4571, 0.50494975, 1.0467011, 4.5550075, 0.48428425] 2.7807224 1.0687093 1.0454848 1.1787324
[4572, 0.45042765, 1.0113945, 6.918345, 0.47926384] 2.3122854 1.0944469 1.1427025 1.301137
[4573, 0.5158375, 0.98740846, 4.9276023, 0.5213802] 2.8097553 0.9416254 0.96117437 1.1568549
[4574, 0.5376258, 1.0334896, 3.2189186, 0.59619474] 3.0595224 0.9558508 0.9940174 1.2381787
[4575, 0.56148034, 0.9827082, 3.4451284, 0.51668286] 2.9777663 0.8373669 0.87876093 1.3781531
[4576, 0.4368804, 1.0232193, 5.8972607, 0.5393759] 2.6545498 1.0569098 0.870225 1.2717326
[4577, 0.4424857, 0.96578413, 7.0110497, 0.35208076] 2.1007442 0.97837055 1.1046326 1.4731339
[4578, 0.48628515, 0.9118547, 6.5777593, 0.2645831] 2.2234435 0.9754456 0.9500537 1.234607
[4579, 0.41545436, 1.0606223, 7.0795326, 0.59829307] 2.5893872 0.96560067 0.99503434 1.1848359
[4580, 0.428198, 0.9881809, 7.1327453, 0.30069587] 2.212836 1.1867367 1.0422109 1.2377721
[4581, 0.4702564, 1.0696349, 3.9409142, 0.4977571] 2.9056015 1.0374129 0.841496 1.2956706
[4582, 0.5525946, 1.0050427, 4.0707297, 0.56490254] 2.8172011 1.08591 0.786129 1.4983807
[4583, 0.4791056, 1.037053, 4.4536114, 0.5731296] 2.8523705 0.90088814 0.9179668 1.3444754
[4584, 0.4023536, 1.0508946, 7.1541476, 0.4148224] 2.3228664 1.033477 1.0836549 1.4020233
[4585, 0.54558766, 0.9686049, 4.7301316, 0.5458202] 2.7620335 0.988143 1.0676155 1.0452889
[4586, 0.48922244, 1.0071763, 6.7349167, 0.5894989] 2.4267287 1.0274489 1.116624 1.3412387
[4587, 0.46081784, 0.99218816, 7.625385, 0.43869984] 2.28234 0.98462075 1.1435193 1.277683
[4588, 0.5659547, 0.9676848, 5.3319216, 0.49053833] 2.692705 0.92101103 0.9865629 1.3654774
[4589, 0.48626426, 1.0161141, 6.472577, 0.6712269] 2.773678 0.9700099 0.76655155 1.1584654
[4590, 0.50204885, 1.0314165, 4.5605364, 0.5422038] 2.822409 0.93900675 0.8763467 1.314873
[4591, 0.5107848, 0.9929089, 5.2093196, 0.54789096] 2.5926385 1.0009285 0.98590827 1.4865429
[4592, 0.42992505, 1.0482415, 6.330196, 0.57546324] 2.5115812 1.014474 1.1158121 1.2201585
[4593, 0.44502625, 1.0329863, 6.582484, 0.5614382] 2.538287 0.92689127 0.8690193 1.4183825
[4594, 0.48164767, 0.95997936, 7.834217, 0.41317874] 2.541353 0.95371395 0.8291908 0.9670072
[4595, 0.4978406, 1.0084324, 5.980772, 0.5927074] 2.5552573 0.9343999 0.8883508 1.4210643
[4596, 0.4412747, 0.9973525, 7.7594852, 0.43330544] 2.485456 0.9779747 0.9080693 1.1435077
[4597, 0.5237229, 1.03193, 3.4152648, 0.5582829] 3.1031513 0.9228916 0.9371203 1.1661642
[4598, 0.47569025, 1.0099626, 5.1601276, 0.5845124] 2.7456083 0.9992809 0.9027666 1.224188
[4599, 0.3780971, 1.0553898, 7.0968423, 0.64834875] 2.6382241 0.888847 0.85916996 1.2527045
[4600, 0.5039548, 0.99664253, 6.9686446, 0.5544879] 2.6359107 0.8265685 0.9782909 1.2986506
[4601, 0.4419821, 1.0363371, 6.8789983, 0.4576847] 2.557474 1.0821207 0.86747915 1.2294149
[4602, 0.5005622, 1.0293858, 4.411497, 0.53199905] 2.7949805 0.88942796 0.90658426 1.4816052
[4603, 0.47068474, 1.023181, 7.2969637, 0.5811828] 2.6583648 0.9240241 0.9270911 1.1715314
[4604, 0.39717454, 1.0694512, 6.7143826, 0.5317762] 2.5420594 0.9761255 0.8997396 1.3034701
[4605, 0.53755456, 1.0023497, 4.6604357, 0.61419433] 2.879633 0.9376632 0.9805451 1.190229
[4606, 0.400719, 1.0440942, 7.845573, 0.43751335] 2.487135 0.9276939 0.9172443 1.3022122
[4607, 0.41191632, 1.0553982, 6.2846084, 0.46894902] 2.5539868 1.1265435 0.9143974 1.290468
[4608, 0.45685935, 1.0237858, 6.3170943, 0.4581439] 2.73007 0.9074822 0.82115215 1.1759199
[4609, 0.50561786, 1.008237, 3.9644637, 0.54172313] 2.912015 0.7861552 0.9951831 1.3241161
[4610, 0.45058894, 1.0373975, 6.5708256, 0.53479105] 2.651483 0.85795605 0.9566658 1.3416085
[4611, 0.43892425, 0.9960885, 8.314025, 0.4730352] 2.307077 0.9504162 0.9558979 1.3676637
[4612, 0.48217413, 1.0059382, 5.5529046, 0.5476386] 2.7069628 0.9387986 0.82789105 1.2906284
[4613, 0.46654966, 1.0189024, 5.9561634, 0.4135329] 2.6146302 1.0045229 1.0301552 1.1872735
[4614, 0.48551676, 1.0269576, 4.7143764, 0.45510674] 2.8903975 0.97371936 0.93406945 1.1554375
[4615, 0.53372896, 1.037209, 4.210335, 0.7272036] 2.975288 0.78444403 0.95828784 1.2750679
[4616, 0.50276077, 1.0219754, 6.875905, 0.5508098] 2.4520237 1.0592152 0.9827569 1.3366138
[4617, 0.51351833, 0.98385185, 6.103753, 0.435198] 2.597151 1.0947192 1.0696017 1.0409497
[4618, 0.42798334, 1.0418987, 6.675935, 0.54196304] 2.5158556 0.95178604 1.0144917 1.2377508
[4619, 0.5164928, 0.9871539, 6.0492687, 0.49134535] 2.723255 0.9838994 0.84988725 1.1741757
[4620, 0.4440056, 1.0029912, 7.5167737, 0.5775285] 2.3099566 0.9266609 0.9960175 1.4233643
[4621, 0.41923457, 1.0337933, 7.056752, 0.43643126] 2.3679159 1.0943115 1.0498854 1.320325
[4622, 0.54872656, 0.9733455, 4.4686856, 0.49440855] 2.734745 0.8273272 1.0085322 1.50247
[4623, 0.5055221, 1.0366803, 4.799352, 0.6067926] 2.7324622 0.988818 0.8846202 1.4709556
[4624, 0.46256155, 0.99653393, 7.542941, 0.5570632] 2.5597632 0.90599936 0.93505055 1.1932638
[4625, 0.43215808, 0.9953456, 7.4508877, 0.3620569] 2.39296 1.0228752 0.9626407 1.1655241
[4626, 0.48229444, 1.0347414, 5.955834, 0.5469711] 2.669295 0.8402362 0.9104856 1.4202338
[4627, 0.5862005, 0.9504972, 4.5335183, 0.5939573] 2.9024634 0.9774063 0.9090427 1.126703
[4628, 0.6091445, 0.9703336, 4.452433, 0.5709263] 2.709847 1.1365007 1.1085342 1.2387445
[4629, 0.3654448, 1.0199991, 7.4734774, 0.4875316] 2.1667082 0.96338236 1.0869638 1.440984
[4630, 0.55412424, 0.98145676, 5.7981205, 0.5103199] 2.7804098 0.92318434 0.96819586 1.0908847
[4631, 0.51535946, 1.0048375, 4.876071, 0.4472015] 2.6483493 1.0644321 0.9189424 1.4384308
[4632, 0.47637853, 1.027964, 6.7689543, 0.9691289] 2.5649962 0.9197293 0.99868625 1.3176405
[4633, 0.4974523, 0.9990228, 5.6594257, 0.6519277] 2.704433 1.0145184 0.9616519 1.1917075
[4634, 0.37410516, 1.0289885, 7.750945, 0.41497383] 2.2692978 0.99428684 1.1129812 1.2882419
[4635, 0.54175997, 1.0257998, 3.7224267, 0.5204634] 3.0918746 0.79963785 0.9825411 1.1682769
[4636, 0.5220662, 0.978307, 6.4198794, 0.6484484] 2.5479348 1.0126092 0.84298253 1.4424917
[4637, 0.368318, 1.0662894, 7.5813103, 0.49055928] 2.5217526 0.990519 0.94661385 1.1834785
[4638, 0.46410426, 0.9992236, 6.831603, 0.44897804] 2.6279995 0.9188274 0.91571087 1.0859658
[4639, 0.4969418, 1.0020517, 5.9324126, 0.5099601] 2.5563438 1.0555571 1.0066729 1.3680094
[4640, 0.40974104, 1.0159849, 7.9512043, 0.4053942] 2.2198367 0.9650229 1.0221719 1.4160353
[4641, 0.32474938, 1.092418, 6.4951057, 0.50235176] 2.5251153 0.97987074 0.9888283 1.2641903
[4642, 0.55812395, 0.9781814, 6.3396907, 0.5007409] 2.4609344 1.0454645 1.0214201 1.3499398
[4643, 0.410156, 0.9806244, 7.2817955, 0.33715954] 2.1983383 1.0294394 1.0204424 1.2842188
[4644, 0.39999187, 1.047017, 6.8939657, 0.5040554] 2.5768278 0.95391375 0.913455 1.2197925
[4645, 0.5258801, 0.9928224, 5.893444, 0.53898877] 2.7837296 0.9111508 0.9746784 1.0785799
[4646, 0.563824, 0.9610195, 4.4523363, 0.5323666] 2.7670798 1.0069424 0.91578364 1.2985337
[4647, 0.404012, 1.0400987, 7.5590806, 0.5532775] 2.4542036 0.98976904 0.99885356 1.2561837
[4648, 0.52419233, 0.99972117, 5.518833, 0.50618905] 2.6735466 1.0047766 1.0199717 1.2437911
[4649, 0.50830454, 0.9195375, 6.863295, 0.34272665] 2.1737556 1.0504433 0.92323744 1.3429482
[4650, 0.49114218, 1.0403723, 3.4485362, 0.46047282] 2.9292326 0.8095857 0.94757307 1.3859539
[4651, 0.45152164, 1.0377914, 5.728029, 0.51727843] 2.699896 0.77262324 0.8734779 1.4805146
[4652, 0.42600256, 1.0138384, 7.294837, 0.53227556] 2.5221486 0.947454 0.91286564 1.2275268
[4653, 0.54484737, 0.9791918, 5.580125, 0.5857697] 2.72479 1.0473691 0.85517 1.2971313
[4654, 0.4646293, 1.0518701, 4.6882315, 0.71627986] 2.8626127 0.991076 0.74315524 1.2749958
[4655, 0.33884874, 1.0489955, 8.262461, 0.4848716] 2.3227491 0.9454333 0.9477146 1.4133137
[4656, 0.48077494, 1.0174625, 5.3223696, 0.5876052] 2.7688396 0.95952255 0.855702 1.2775955
[4657, 0.45296797, 1.0253401, 6.8422894, 0.41241384] 2.4965014 1.0497283 1.0335058 1.2195632
[4658, 0.51384646, 1.0296835, 3.6229577, 0.5400507] 3.0933623 0.9007549 0.95807976 1.164071
[4659, 0.39656743, 1.0617303, 7.1597443, 0.5210215] 2.45637 0.88508534 1.0197432 1.4263991
[4660, 0.4844694, 1.0305927, 4.3442264, 0.4879287] 2.838566 1.0002154 0.9796945 1.2001152
[4661, 0.57755005, 1.0001364, 3.6209183, 0.4435402] 3.0925245 0.9045265 1.0976436 0.9854746
[4662, 0.4380381, 1.0794444, 3.4484406, 0.48613924] 2.9401045 0.9576351 1.0286357 1.2479435
[4663, 0.5703556, 0.9708646, 4.3695836, 0.6733694] 2.8485503 1.0346969 0.8963749 1.2345903
[4664, 0.5220005, 0.99126863, 5.7745233, 0.4628665] 2.542895 0.9680951 1.0401453 1.4465594
[4665, 0.4803484, 1.0143337, 5.9872994, 0.4481329] 2.6868415 0.96708006 0.9600673 1.2316226
[4666, 0.5518527, 0.9937153, 4.307342, 0.43569875] 2.759311 1.0873551 0.9676676 1.2860328
[4667, 0.59604985, 0.99356985, 3.3201685, 0.50713784] 3.1779387 0.82825387 0.70285314 1.284132
[4668, 0.3722396, 1.0581892, 7.522883, 0.5538557] 2.504313 0.96684605 0.87698805 1.2633388
[4669, 0.5692687, 0.9488613, 4.969132, 0.6312178] 2.9461796 0.8252527 0.90449524 1.135829
[4670, 0.55914104, 0.9797157, 5.28258, 0.38758197] 2.6476555 0.99162805 1.0198094 1.31153
[4671, 0.38962346, 1.0275208, 7.635154, 0.37034413] 2.291267 0.9620671 1.0817086 1.1947811
[4672, 0.38940567, 1.0140793, 8.129074, 0.43996212] 2.2442415 0.9385291 1.011963 1.3762864
[4673, 0.5362965, 0.9694093, 6.0290866, 0.57293576] 2.7444904 1.0931128 0.8022511 1.1147399
[4674, 0.50072354, 1.0001819, 5.1908207, 0.5268769] 2.8149052 0.9446957 0.85774344 1.2114288
[4675, 0.63737375, 0.9154569, 4.081651, 0.47618535] 2.6775446 0.95648265 0.9815808 1.61558
[4676, 0.49418306, 1.0530984, 3.5940106, 0.57353014] 3.0414135 0.83988994 0.8689645 1.360834
[4677, 0.42567867, 1.0326734, 7.1932034, 0.5123721] 2.5031917 0.84439963 0.9691458 1.2828481
[4678, 0.44113466, 1.0289109, 6.47639, 0.3860021] 2.5852277 0.9518403 1.044384 1.1435927
[4679, 0.5022294, 1.0455427, 3.0680344, 0.48422727] 3.1333792 0.86953765 0.9752572 1.1173539
[4680, 0.5598366, 0.8740177, 6.8596616, 0.3080909] 2.1758213 0.9538754 0.89349586 1.3968464
[4681, 0.41333413, 1.0334305, 7.864553, 0.7117044] 2.6734712 1.071803 0.7929911 1.0522205
[4682, 0.480039, 1.052027, 4.1985016, 0.44211343] 2.9644084 0.98776466 0.93276376 1.105166
[4683, 0.5322445, 1.0058964, 5.405109, 0.6005608] 2.7753453 0.95022815 0.7834906 1.397532
[4684, 0.4889508, 0.9905705, 6.487371, 0.5151118] 2.6020265 0.9272567 1.1082019 1.0624856
[4685, 0.4636684, 1.0276248, 6.0792894, 0.6843414] 2.5862584 0.80968523 0.9736196 1.4456576
[4686, 0.5191305, 0.97949886, 6.278248, 0.46513864] 2.700059 0.90568477 0.9195722 1.2787143
[4687, 0.57247174, 0.9761016, 5.1336145, 0.62942815] 2.6293664 0.9126739 1.1943176 1.294468
[4688, 0.53357357, 0.9883636, 4.3510003, 0.6536848] 2.6836312 1.0620916 0.9347092 1.4762995
[4689, 0.4421922, 0.9850298, 7.657244, 0.4330185] 2.3528712 0.9384941 1.0047334 1.30739
[4690, 0.50613064, 1.0320282, 4.446831, 0.580379] 2.826732 0.9835813 0.8201887 1.339453
[4691, 0.4046768, 1.0492791, 6.8831844, 0.5276068] 2.6222236 0.96686125 0.88795364 1.2830716
[4692, 0.43751097, 1.0286447, 6.8072677, 0.48632762] 2.5512943 0.9560131 0.8522467 1.4135184
[4693, 0.5257096, 1.0140854, 4.2535377, 0.46987635] 2.9079666 0.842943 0.97785777 1.2359145
[4694, 0.5107009, 1.0034548, 5.484481, 0.571282] 2.5892146 0.9889438 0.94336796 1.5429736
[4695, 0.3971815, 1.0647607, 5.30999, 0.601448] 2.6494167 1.0350364 0.90218395 1.3470181
[4696, 0.4847053, 1.0177976, 6.1362486, 0.48577768] 2.7454376 0.8387922 0.9018418 1.251408
[4697, 0.4076641, 1.0598261, 7.11332, 0.5023821] 2.4229012 1.0347955 0.96033865 1.3800828
[4698, 0.49927536, 0.994356, 7.1069098, 0.65248656] 2.3391361 1.084552 0.9755865 1.4524012
[4699, 0.47703946, 1.0074489, 7.1506443, 0.5092863] 2.5455859 0.93938065 0.9280793 1.2729707
[4700, 0.5380116, 1.0050867, 4.4535604, 0.4630117] 2.7864656 0.8925908 0.9783546 1.3353821
[4701, 0.4566707, 1.0048753, 7.0761003, 0.42867783] 2.3823454 1.055821 0.93977696 1.3062308
[4702, 0.47740835, 0.88727367, 5.781092, 0.228658] 2.012269 0.99251515 1.0903364 1.1930139
[4703, 0.54194266, 0.955714, 5.2273917, 0.445103] 2.6190765 1.0500858 0.94629955 1.4035426
[4704, 0.43574247, 0.99715734, 8.030797, 0.39359012] 2.5834277 0.9162994 0.82490313 1.052925
[4705, 0.44260246, 0.97745264, 7.970277, 0.40968978] 2.3942437 0.93396485 0.850173 1.2756541
[4706, 0.5492537, 0.9791029, 5.58322, 0.6630783] 2.7240524 0.9065642 0.8572552 1.4237039
[4707, 0.48577031, 0.9960861, 7.6961737, 0.47539252] 2.4379132 1.0760401 1.0172887 1.1488566
[4708, 0.51065797, 0.9753777, 6.649011, 0.51644146] 2.6163833 1.0208129 0.96023124 1.1532966
[4709, 0.4759149, 1.0279579, 6.8897576, 0.68774337] 2.5517936 0.86608624 0.94580966 1.4656086
[4710, 0.46815592, 1.0717859, 3.569127, 0.6612336] 2.9551795 0.9824978 0.9012343 1.3466494
[4711, 0.4945055, 0.97768784, 7.4882145, 0.47522393] 2.5015504 0.8148448 0.93283254 1.3403757
[4712, 0.40313324, 1.0455744, 7.275225, 0.4103455] 2.46609 1.0452424 0.9881168 1.2283802
[4713, 0.54289514, 1.02404, 3.6867323, 0.6193003] 2.9544132 1.0278507 1.0420114 1.1333971
[4714, 0.50131565, 0.96965724, 7.699996, 0.4256452] 2.4396281 0.83309 0.8339161 1.4544368
[4715, 0.5877447, 0.97072566, 4.8220325, 0.6197572] 2.955057 0.8292444 0.8472581 1.215717
[4716, 0.5112156, 0.988116, 6.221653, 0.50407124] 2.6548316 0.8923287 0.9778635 1.201093
[4717, 0.5166403, 1.0273798, 4.2500935, 0.47749776] 2.8629346 0.94104785 1.0258576 1.2407622
[4718, 0.58287674, 0.99803776, 3.6039891, 0.5070031] 2.9655893 1.0190427 1.0215644 1.0994123
[4719, 0.45633116, 1.0354077, 6.417928, 0.57990515] 2.6232252 0.9563083 1.0506203 1.2516651
[4720, 0.47033894, 1.0248863, 6.6413426, 0.5390083] 2.4717011 1.0821751 1.030897 1.3123376
[4721, 0.4714485, 0.9332705, 6.243431, 0.2858068] 2.1238692 0.8842286 1.1089958 1.4426417
[4722, 0.42677873, 1.0421883, 6.581352, 0.5843531] 2.6623154 1.0120606 0.9243832 1.1150075
[4723, 0.54252845, 0.986195, 5.034595, 0.3995141] 2.8460999 0.9188133 0.9731462 1.1646616
[4724, 0.5456358, 0.96223736, 5.448533, 0.56819385] 2.8274076 0.95714927 0.9368547 1.057103
[4725, 0.45028493, 1.0335404, 7.188206, 0.64744264] 2.4121003 1.0736165 1.1048592 1.161117
[4726, 0.40933782, 1.1382434, 2.7970402, 0.5976087] 3.2169087 0.85442924 0.8611487 1.3031099
[4727, 0.45474282, 1.048064, 5.5000134, 0.5407018] 2.6585953 1.1384037 0.75743103 1.294322
[4728, 0.37013486, 1.0362998, 7.5855045, 0.4074679] 2.392547 0.9147561 0.94844 1.3089992
[4729, 0.4456397, 0.9991626, 8.323012, 0.43628618] 2.4030674 0.98664063 0.9027049 1.3001891
[4730, 0.52731305, 1.018295, 3.4687889, 0.55762494] 2.9572277 1.0082568 0.929533 1.2601238
[4731, 0.4684146, 1.0426486, 4.9129515, 0.55173427] 2.7879345 1.0287738 0.9188182 1.2625257
[4732, 0.42390728, 1.0034287, 7.7856245, 0.4314496] 2.3433676 1.1144713 0.9982936 1.104091
[4733, 0.4319712, 1.0200251, 7.8715096, 0.49476078] 2.4705048 1.0332801 0.9694927 1.1663133
[4734, 0.47461903, 0.9542756, 7.8521547, 0.4689681] 2.3145955 1.08916 0.978842 1.1452338
[4735, 0.49706164, 1.0135602, 5.9907665, 0.5242208] 2.5315773 1.0364411 0.9580972 1.3887471
[4736, 0.4973619, 1.010172, 5.190731, 0.50807846] 2.919248 0.99781495 0.8421002 0.9527606
[4737, 0.4739794, 1.035506, 5.6237206, 0.587468] 2.7113333 0.92156374 0.9983416 1.2897061
[4738, 0.47961938, 0.9834004, 7.0687895, 0.82701576] 2.545562 0.87654376 0.93137646 1.3041818
[4739, 0.44215348, 0.968157, 7.3101306, 0.35958028] 2.266817 0.91024935 0.94193053 1.3744944
[4740, 0.45939702, 0.99898416, 7.1880846, 0.4061814] 2.3428848 1.0063691 0.9801927 1.4313394
[4741, 0.5079932, 1.0040554, 4.707246, 0.53910935] 2.8067117 0.90054315 0.9134393 1.2089415
[4742, 0.45491803, 1.0424509, 6.309638, 0.54869264] 2.6861355 1.0331062 0.8681368 1.1649795
[4743, 0.4528737, 0.9625157, 7.3652277, 0.3683959] 2.3067806 1.022384 0.9736947 1.2169267
[4744, 0.49016544, 1.0171106, 7.896532, 0.48147613] 2.6909559 0.99205405 0.8068794 1.0133119
[4745, 0.45919806, 1.0343809, 5.822405, 0.5364154] 2.584364 1.0274665 0.93198264 1.4229503
[4746, 0.49514174, 1.0542675, 3.4336424, 0.5667028] 3.0117958 0.9180174 0.8466508 1.3294655
[4747, 0.46944156, 1.0168532, 7.423639, 0.46494249] 2.466676 0.9197117 0.931624 1.37755
[4748, 0.48839328, 0.99994004, 5.8580217, 0.49946743] 2.7920632 0.9667667 0.90989375 1.1059419
[4749, 0.5157884, 1.0215483, 4.388521, 0.5783364] 2.924154 0.8538824 0.92848444 1.2203988
[4750, 0.47937787, 1.0088276, 5.6499476, 0.4810965] 2.7018614 1.0367831 1.0000693 1.1730913
[4751, 0.5458635, 0.9906891, 6.021628, 0.46313262] 2.695527 1.0053985 0.9405357 1.1507306
[4752, 0.5337708, 0.9926736, 4.252205, 0.49542573] 2.75013 0.86722 0.9063075 1.542263
[4753, 0.5326434, 0.9825299, 5.3656325, 0.5186088] 2.671096 1.018462 1.0574691 1.1481173
[4754, 0.52446234, 0.9831493, 4.734086, 0.439341] 2.746767 1.0540665 0.9853646 1.2148625
[4755, 0.34787467, 1.0536383, 7.0566583, 0.6311764] 2.5154207 0.9481246 0.9489224 1.2909982
[4756, 0.5655957, 0.95510316, 5.5565915, 0.5935633] 2.7044587 1.018221 1.0122503 1.1546644
[4757, 0.55190325, 0.9693003, 5.2970543, 0.528558] 2.7393453 0.9444428 0.8484558 1.3127737
[4758, 0.51276803, 0.99997276, 6.484571, 0.49606577] 2.647447 0.8894352 1.02759 1.2409238
[4759, 0.51833737, 1.0119685, 4.5698233, 0.47458127] 2.7801456 0.98993134 0.94720507 1.2494127
[4760, 0.55080175, 0.98973495, 3.8173358, 0.5239226] 2.9195282 0.8446649 1.0159428 1.3343968
[4761, 0.48172256, 0.99831283, 6.5320945, 0.4273234] 2.5900745 1.0371436 0.98512924 1.1129558
[4762, 0.5717009, 1.0249561, 3.4252121, 0.63027275] 3.0516567 0.8861889 0.8836847 1.3202314
[4763, 0.52369756, 0.9656948, 5.2129855, 0.5218298] 2.7896817 0.9480427 0.964862 1.1634282
[4764, 0.51005214, 1.0142537, 5.0533566, 0.7509085] 2.7984505 0.90205103 0.9991052 1.2908905
[4765, 0.43425554, 1.0381488, 7.4339147, 0.48420697] 2.407688 1.1982459 0.9319985 1.2695658
[4766, 0.44036394, 1.0015079, 6.760232, 0.43997473] 2.4519477 1.0035591 1.0261092 1.1899487
[4767, 0.43296355, 1.02575, 4.4161844, 0.27035147] 2.8177617 0.90613854 0.89280313 1.2375942
[4768, 0.47518378, 1.027391, 5.244619, 0.5881778] 2.7044294 0.96913207 0.936508 1.2735476
[4769, 0.5923682, 0.9425176, 5.9373226, 0.48582277] 2.653324 1.0366884 1.0690992 1.0710593
[4770, 0.54259175, 1.0235828, 3.27116, 0.50422454] 2.98365 0.89282066 1.0977864 1.2936039
[4771, 0.48993483, 1.0369616, 5.3587294, 0.66669875] 2.7179859 0.9162738 0.9410636 1.3495246
[4772, 0.43907872, 1.0602255, 4.987493, 0.56651914] 2.8235807 0.9174498 0.87469614 1.237137
[4773, 0.47849324, 1.0353973, 4.819424, 0.6514629] 2.6938646 0.88096374 0.96051675 1.4765627
[4774, 0.49225354, 1.0107279, 4.559265, 0.58881307] 2.7054746 0.9493507 0.902741 1.4470176
[4775, 0.4665035, 1.0398029, 5.601607, 0.6456853] 2.7639666 0.9014586 0.9130932 1.2166703
[4776, 0.39035696, 0.99628913, 8.241501, 0.41584966] 2.3442085 0.9252198 1.0217434 1.167999
[4777, 0.4275612, 1.0218594, 8.073272, 0.3825646] 2.419621 0.9350414 0.9721388 1.1637167
[4778, 0.45173153, 1.0255966, 7.810191, 0.6481792] 2.6587508 0.95809805 0.85162395 1.0681281
[4779, 0.5199072, 0.9708565, 5.983011, 0.5665341] 2.6305933 0.8781146 0.99020755 1.4012579
[4780, 0.5054115, 0.99967015, 6.2099233, 0.5563833] 2.5740566 1.0978976 1.0627941 1.1996282
[4781, 0.56184536, 0.9548643, 5.1732917, 0.52551085] 2.689408 1.0109818 1.0088549 1.1855499
[4782, 0.44764248, 0.97441244, 8.038018, 0.4440461] 2.2507882 0.932646 1.0121287 1.3248528
[4783, 0.5125755, 0.89885455, 7.0413594, 0.3267235] 2.2177086 1.0018318 0.9299497 1.2388595
[4784, 0.4703537, 1.0249316, 5.9010797, 0.44497672] 2.7649376 0.9497892 0.88764817 1.1536167
[4785, 0.44558728, 1.042583, 6.381991, 0.6292294] 2.7245626 0.98470795 0.8838743 1.2040597
[4786, 0.5371078, 0.8311028, 5.6285048, 0.25781393] 1.7076764 1.1035434 1.0449632 1.5115048
[4787, 0.57630426, 0.9676284, 5.091228, 0.45752153] 2.6147857 1.0133656 1.0121754 1.4349788
[4788, 0.4160834, 1.0441355, 6.2372055, 0.46450686] 2.5959332 1.0046369 0.9836728 1.276515
[4789, 0.5324247, 0.9950704, 5.5407825, 0.6078798] 2.6202753 1.0003462 0.9718627 1.3877093
[4790, 0.48784214, 1.0067552, 5.7166467, 0.5460145] 2.5278592 1.018104 1.0111533 1.4487785
[4791, 0.44617626, 1.0462682, 6.507037, 0.45172146] 2.613641 1.0975246 0.8931481 1.0929202
[4792, 0.454978, 1.0369587, 6.5327644, 0.63071585] 2.7129617 1.008415 0.9120252 1.1151521
[4793, 0.5869092, 0.9791728, 4.3183327, 0.501746] 2.717306 1.1629151 1.1256068 1.096253
[4794, 0.48545036, 1.0180902, 6.6316605, 0.50184405] 2.4030924 0.97657526 1.0188645 1.3739609
[4795, 0.5060275, 1.0376223, 4.6422944, 0.5058856] 2.6777482 1.0234529 1.0432651 1.3685995
[4796, 0.49853334, 1.0136105, 6.2925696, 0.58504426] 2.6579885 1.0806313 0.932562 1.135402
[4797, 0.47557217, 1.0283297, 6.7233686, 0.4740657] 2.52241 0.98038673 0.9130041 1.3522594
[4798, 0.36435226, 1.069355, 7.1961064, 0.6507044] 2.5840523 0.96625024 0.935588 1.1306658
[4799, 0.50428635, 1.0040907, 4.042254, 0.46271905] 2.8392706 0.89122605 0.9383908 1.278256
[4800, 0.49859697, 1.0077999, 7.4106603, 0.55835783] 2.6264172 0.87863904 0.9139139 1.2676456
[4801, 0.43318754, 1.0454723, 6.396005, 0.48764613] 2.500203 1.1017364 0.9614052 1.2396497
[4802, 0.4184979, 1.0287529, 7.586003, 0.43279198] 2.515634 0.9023623 1.0428014 1.1112373
[4803, 0.5405872, 1.0080961, 3.8538525, 0.47862613] 2.904938 0.86407554 0.9516354 1.4173594
[4804, 0.48326856, 1.0276841, 4.6369405, 0.49083915] 2.8415117 1.0490052 0.8670862 1.1875768
[4805, 0.50172585, 1.0035511, 6.6474686, 0.46683314] 2.3192441 1.007078 1.0548137 1.4784967
[4806, 0.5543566, 0.99190164, 4.6686573, 0.572623] 2.9313402 0.9197996 1.0096517 1.0581774
[4807, 0.41310966, 1.0672927, 7.2304897, 0.55993146] 2.5798764 0.883708 1.0483831 1.2550665
[4808, 0.56201327, 0.96372765, 5.5476975, 0.8275555] 2.7373903 0.91657037 0.97993517 1.2046916
[4809, 0.57131773, 0.99136925, 4.0088134, 0.4375116] 2.7885103 0.94892013 1.0089849 1.4595568
[4810, 0.46273443, 1.0104735, 5.9434285, 0.38818708] 2.7253025 0.88557774 0.9773468 1.1432066
[4811, 0.52205396, 0.9775044, 6.8053665, 0.557924] 2.3789837 1.0249352 1.0747081 1.5098559
[4812, 0.5894757, 0.95495915, 4.3478765, 0.5606402] 2.9981704 1.105304 0.89188033 0.8600975
[4813, 0.456454, 1.0287508, 7.3347087, 0.41022184] 2.544289 0.841713 0.9144006 1.3563784
[4814, 0.51390266, 1.0402074, 4.273457, 0.61369705] 3.079376 0.81719774 0.90544057 1.0755821
[4815, 0.5188764, 1.0024809, 4.8457375, 0.47301963] 2.7855237 1.014475 0.8867268 1.2344397
[4816, 0.50711656, 1.033882, 4.296298, 0.55235505] 2.9285808 0.73798555 0.9146256 1.4286379
[4817, 0.5014077, 0.9862929, 5.44057, 0.56333476] 2.7948515 0.91946155 0.885147 1.2518915
[4818, 0.53653866, 1.0214899, 5.144997, 0.73328435] 2.7951226 0.9909185 0.86078984 1.2291633
[4819, 0.47960094, 1.102496, 3.2996857, 0.59232116] 2.998096 0.95383024 1.0029962 1.2739116
[4820, 0.5063169, 0.98772335, 6.222236, 0.54690415] 2.6225913 0.99353087 0.9636908 1.285356
[4821, 0.47382435, 1.0036843, 6.5224566, 0.46844012] 2.6216936 0.8931062 0.9284333 1.3058484
[4822, 0.5305107, 1.0036092, 4.8399115, 0.48306885] 2.7130387 0.8935934 0.95262796 1.4214878
[4823, 0.5191141, 1.0019622, 5.362314, 0.4977567] 2.8074577 0.7484451 0.9365416 1.267062
[4824, 0.6078007, 0.9551401, 4.8055964, 0.48346934] 2.8210433 1.0329784 1.0168443 1.1293619
[4825, 0.5543019, 0.9727246, 4.973974, 0.5989181] 2.80647 1.0015832 0.9108807 1.2755476
[4826, 0.48181194, 1.0288206, 4.765436, 0.5342229] 2.732994 0.99952805 0.94991934 1.3412219
[4827, 0.45983264, 1.0359462, 5.3337574, 0.4206033] 2.7438943 1.0113604 0.84011114 1.30682
[4828, 0.4096712, 1.051686, 6.5869327, 0.5996773] 2.5065768 1.0139335 0.97418475 1.3061668
[4829, 0.4633461, 1.0355211, 5.7291527, 0.60267544] 2.852351 0.80185455 0.845493 1.2191333
[4830, 0.5152685, 0.9929172, 5.2711864, 0.6156717] 2.7974455 0.90261656 0.8389342 1.2872916
[4831, 0.4160068, 1.0279588, 8.249607, 0.50492007] 2.364261 0.91309214 1.0393705 1.2515169
[4832, 0.53644395, 0.9959217, 4.670461, 0.5462845] 2.9029117 0.99968135 0.8823502 1.1085291
[4833, 0.4454972, 1.0179597, 6.7828255, 0.5402742] 2.4143791 1.0492935 0.9527178 1.3059236
[4834, 0.5165924, 0.9897172, 5.534378, 0.659296] 2.7452812 0.9644118 0.9734593 1.1084219
[4835, 0.5102177, 1.0000212, 4.4654107, 0.46503657] 2.8511007 0.8753196 1.0229571 1.1634583
[4836, 0.385428, 1.0290726, 7.7925386, 0.5960562] 2.3283112 1.0012449 0.98172724 1.2501603
[4837, 0.48105416, 1.0272492, 4.4637976, 0.5959024] 2.9298503 0.9455738 0.9000509 1.1524022
[4838, 0.4848711, 0.9676229, 8.496977, 0.58723325] 2.3982148 0.9583347 0.9104318 1.2154778
[4839, 0.4960636, 1.009905, 5.2728825, 0.48035085] 2.77309 0.8915613 0.9722955 1.2448288
[4840, 0.44290262, 1.034174, 6.483048, 0.4575509] 2.461291 0.9486178 1.0505234 1.3765538
[4841, 0.52066606, 1.021004, 4.587463, 0.5046854] 2.871131 0.8907903 0.8779689 1.262746
[4842, 0.44687483, 0.9938185, 7.87606, 0.60379165] 2.3014112 0.9422679 0.9386163 1.3868908
[4843, 0.5208622, 1.0328556, 4.193626, 0.5230032] 2.8654137 0.99075186 0.91827226 1.2437495
[4844, 0.44558087, 1.0379074, 6.047162, 0.4369935] 2.6082854 0.8852615 0.94449514 1.3368257
[4845, 0.40343562, 0.9466081, 6.323749, 0.35255435] 2.2353983 1.057101 1.0592407 1.1034791
[4846, 0.39658475, 1.061282, 7.7812304, 0.48787338] 2.570507 1.0051688 0.86250025 1.0996233
[4847, 0.53989583, 0.98164046, 5.4399633, 0.6279957] 2.8112752 1.0211844 0.9170406 1.0508136
[4848, 0.44113806, 0.966862, 7.791529, 0.32381135] 2.276188 0.93562055 1.1392655 1.349249
[4849, 0.46958607, 1.0178659, 6.6422505, 0.40580857] 2.578029 0.9517113 0.8566229 1.3883932
[4850, 0.4251649, 1.007874, 8.34616, 0.5048784] 2.3490584 1.0170207 0.8372198 1.3009578
[4851, 0.4438813, 1.006717, 7.4105926, 0.51879734] 2.3920112 1.0800216 0.95342135 1.342663
[4852, 0.4877378, 1.0159248, 5.5597806, 0.39923492] 2.4701698 1.0551715 0.9984597 1.5344249
[4853, 0.5113134, 0.8548146, 6.0931106, 0.21121083] 2.1252987 0.86822236 1.0815266 1.2987293
[4854, 0.52546704, 1.0009904, 4.5481224, 0.5979419] 2.7781882 0.9838673 0.9245264 1.2913654
[4855, 0.43521422, 1.0958471, 3.2559032, 0.55841106] 3.04757 0.98897505 0.8770294 1.3225838
[4856, 0.46301842, 1.0548139, 6.032559, 0.5519436] 2.5724747 1.0306689 0.9568082 1.2937493
[4857, 0.5431296, 0.9650006, 5.3366437, 0.58507943] 2.7962754 1.0093681 0.85371876 1.2477871
[4858, 0.4614365, 1.0252334, 7.4767985, 0.4274367] 2.7087994 0.7652746 0.81447726 1.2160206
[4859, 0.44775096, 0.98119205, 7.884655, 0.53630924] 2.4030156 0.9663862 0.92449206 1.2788143
[4860, 0.47311485, 1.0216825, 6.187124, 0.45086735] 2.5981772 1.0131968 0.8843515 1.3056124
[4861, 0.5753995, 0.9599964, 5.1785617, 0.42184082] 2.8420224 0.90405804 1.0328364 1.0746398
[4862, 0.36785746, 1.0199798, 8.540936, 0.36663556] 2.285874 1.0280112 0.9029905 1.3974029
[4863, 0.50530326, 0.92843574, 7.698125, 0.4365595] 2.2464576 1.2289453 0.8573661 1.1882999
[4864, 0.6108419, 0.92656016, 5.5107493, 0.5179783] 2.6718628 0.93532175 1.0510391 1.222643
[4865, 0.4621794, 1.0814928, 2.9226868, 0.5996352] 3.1712317 0.94599134 0.8990173 1.165196
[4866, 0.5257925, 0.9843726, 6.786643, 0.5101963] 2.6868334 0.87946856 0.8843539 1.2320849
[4867, 0.5011545, 1.0082111, 5.9947677, 0.4303815] 2.6288035 1.180832 0.9020517 1.1810778
[4868, 0.54630667, 0.9697685, 5.5855947, 0.57804984] 2.8203666 0.95706904 0.8971597 1.1207094
[4869, 0.3815956, 1.053135, 8.52994, 0.4581625] 2.5038135 0.90485126 0.82848144 1.2452738
[4870, 0.51975363, 1.0142584, 4.625756, 0.57131493] 2.8277237 0.95846355 0.8506774 1.3574075
[4871, 0.49851573, 0.9224612, 6.7322793, 0.3391375] 2.1642845 0.94234455 1.0240173 1.3508294
[4872, 0.59515214, 0.9309648, 5.4206333, 0.45841026] 2.5811782 0.92041206 0.9796527 1.557396
[4873, 0.5466023, 0.99434036, 4.7899036, 0.5872074] 2.895214 1.0295014 0.9038585 0.9924328
[4874, 0.4705048, 1.0181782, 7.139432, 0.51260537] 2.6092181 1.0143969 0.9111928 1.2132101
[4875, 0.5055562, 0.9686659, 7.6915617, 0.40716293] 2.2849987 0.9686508 1.021227 1.4479738
[4876, 0.5094482, 0.99592817, 4.397736, 0.47321182] 2.8532307 0.8652734 0.9551216 1.2631801
[4877, 0.49339637, 1.0215032, 5.9237075, 0.5364857] 2.781353 0.83328587 0.79292446 1.36503
[4878, 0.5180897, 0.9869808, 5.84905, 0.5371642] 2.7635725 0.9209382 0.8346476 1.2925601
[4879, 0.5357309, 1.0027928, 4.07604, 0.64720815] 2.8092864 1.06902 1.003759 1.2528666
[4880, 0.47334164, 1.0273694, 6.5165052, 0.5489749] 2.4544253 1.075928 0.94561845 1.4815985
[4881, 0.48497424, 1.0356817, 5.005756, 0.81872374] 2.7015626 0.87947273 1.0867447 1.29008
[4882, 0.43855843, 1.0008459, 7.4856567, 0.357149] 2.3467484 1.0069067 0.9409588 1.3295819
[4883, 0.41044852, 1.0179684, 7.9329033, 0.42948368] 2.421951 0.8901149 1.0029559 1.2655184
[4884, 0.551143, 0.97207856, 4.7709165, 0.45395175] 2.7363842 0.89157814 0.88684523 1.425372
[4885, 0.5307384, 1.0013642, 5.590312, 0.7184524] 2.795014 1.0352502 0.9856984 1.0593156
[4886, 0.49913177, 0.9961405, 5.8504233, 0.39965624] 2.5872285 0.89655054 0.9457524 1.4859971
[4887, 0.49388528, 1.033958, 5.7562146, 0.5741161] 2.5211143 1.0398548 0.9685634 1.4924662
[4888, 0.47234002, 1.0029379, 7.430755, 0.51700634] 2.3383563 1.0499403 1.0243694 1.3172526
[4889, 0.43382755, 1.0266757, 7.969446, 0.4736519] 2.4512312 0.8933241 0.94712406 1.276112
[4890, 0.4509395, 1.0077817, 6.8803797, 0.38166666] 2.602173 0.85246503 1.022201 1.1573857
[4891, 0.45456827, 1.0619813, 4.3602114, 0.53568375] 2.7222676 0.9695262 1.0331953 1.3374608
[4892, 0.50783706, 1.0066873, 4.4580307, 0.4938151] 2.8961556 0.8319521 0.77355665 1.4108175
[4893, 0.5117065, 1.0059301, 5.6499276, 0.6294099] 2.6567068 0.8865344 0.8998153 1.4555634
[4894, 0.41954225, 1.0553643, 5.6544175, 0.5298632] 2.7524812 0.9594192 0.9370845 1.1566515
[4895, 0.504353, 1.0264158, 4.462308, 0.6033258] 2.8252902 0.9524297 0.96086293 1.2337373
[4896, 0.37164032, 1.0830218, 5.5240345, 0.57346684] 2.5429575 1.0243039 1.0812615 1.4192896
[4897, 0.42554864, 1.0296843, 7.454092, 0.40663067] 2.4304612 1.0594465 0.945164 1.3361336
[4898, 0.52934784, 0.97453666, 6.060344, 0.5045549] 2.7575767 1.0285442 0.9177871 1.0928016
[4899, 0.5384225, 0.99622834, 4.9860806, 0.61910313] 2.7874742 1.0650554 0.9084147 1.1756917
[4900, 0.53727305, 0.9961066, 4.756285, 0.49050924] 2.8125367 0.9928115 0.8601051 1.2391629
[4901, 0.44382897, 1.030408, 6.664341, 0.5490866] 2.541954 1.0420598 0.9647917 1.279662
[4902, 0.5115241, 1.0136161, 4.4328794, 0.49562693] 2.850732 0.9079838 0.9703677 1.1915172
[4903, 0.37280837, 1.0792232, 6.862444, 0.634326] 2.5540664 0.9549971 0.9307388 1.3347198
[4904, 0.4501651, 1.021103, 6.9591227, 0.3730655] 2.35381 0.8221216 1.1459724 1.3785758
[4905, 0.4099236, 0.9167044, 5.7211967, 0.24083044] 1.9968051 0.970648 1.1002853 1.3302952
[4906, 0.48884568, 1.0322168, 4.1389446, 0.49798644] 2.885434 0.8389509 0.85394615 1.356618
[4907, 0.38097045, 1.0574144, 7.3128986, 0.44786745] 2.4653246 0.91752815 1.0602696 1.2294447
[4908, 0.5311172, 1.0162873, 4.2185035, 0.4953887] 2.8290176 0.92400426 0.9010436 1.4316472
[4909, 0.46928555, 1.0217271, 6.0466733, 0.5261709] 2.6349628 1.0897188 0.8970033 1.2299926
[4910, 0.52034885, 1.0265908, 4.657985, 0.6138338] 2.8925614 0.8387967 0.8449944 1.3706099
[4911, 0.49697444, 1.0546308, 3.6041608, 0.5641188] 2.9453628 0.8976447 0.92828226 1.3931352
[4912, 0.58294326, 0.9424262, 4.099852, 0.5455058] 2.7216547 0.91905886 1.0245857 1.4600159
[4913, 0.57248086, 0.98316157, 3.6831992, 0.5825901] 2.9910345 0.9657224 1.0613197 1.0646852
[4914, 0.53738666, 0.99896324, 4.3439984, 0.49183032] 2.7326534 1.0064038 0.89149356 1.4866462
[4915, 0.531278, 1.0107855, 4.3747387, 0.5028476] 2.6913884 1.0132906 0.9365782 1.4640021
[4916, 0.4337956, 1.0145198, 6.7020936, 0.6935524] 2.508692 0.93390703 0.98981214 1.2925777
[4917, 0.4273463, 1.0488278, 7.041144, 0.5079] 2.4865808 1.0348909 0.97770333 1.3765143
[4918, 0.4704062, 1.0493629, 6.2115173, 0.58707935] 2.727077 0.97603196 0.907134 1.2634339
[4919, 0.44404608, 1.0442914, 7.165198, 0.65670544] 2.555839 0.8644387 0.96562207 1.3331943
[4920, 0.45731294, 1.0442011, 5.6639204, 0.5626468] 2.791697 0.9448148 0.94525725 1.1667418
[4921, 0.4193156, 1.0696831, 6.933833, 0.6812833] 2.684681 0.9345823 0.8519183 1.2737497
[4922, 0.49306813, 1.0158179, 4.334498, 0.53044605] 2.84241 0.9303219 0.85228896 1.3218515
[4923, 0.41963106, 1.0935464, 3.1741934, 0.6274164] 3.1645987 0.8057521 0.8823278 1.2870535
[4924, 0.52168566, 1.0165645, 4.5356865, 0.7045825] 2.7897446 0.9537246 0.8653923 1.447993
[4925, 0.50274515, 0.98998415, 5.086063, 0.42801622] 2.6617656 0.9901578 0.9689666 1.3286325
[4926, 0.49541757, 1.0154024, 6.4745584, 0.47474802] 2.6644893 1.0268803 0.89717114 1.1751087
[4927, 0.47744665, 1.0204766, 5.3166866, 0.49047187] 2.7268867 0.90585685 0.9366369 1.3485847
[4928, 0.50856256, 1.0339129, 3.770605, 0.54958487] 3.019036 1.0065768 0.8430626 1.2738563
[4929, 0.37182856, 1.1273081, 2.9448633, 0.57703227] 3.0483067 1.0713483 0.9525406 1.195291
[4930, 0.43306094, 1.1143847, 2.94019, 0.7466273] 3.1825159 0.9072892 0.9695147 1.2051015
[4931, 0.46863136, 1.0114826, 7.378159, 0.46842587] 2.4242465 1.1387988 0.8770205 1.1923695
[4932, 0.42433017, 1.0344943, 6.114929, 0.529436] 2.5757644 1.0246648 0.80152607 1.3750743
[4933, 0.49080718, 1.0096558, 5.2067494, 0.58239913] 2.7900045 0.92098635 0.93944234 1.1904923
[4934, 0.56277317, 0.97605294, 4.3549833, 0.53085303] 2.955782 0.8666225 0.8237998 1.206299
[4935, 0.51448774, 1.0293338, 3.8367014, 0.4476906] 2.9715123 0.9207318 0.8552442 1.3175367
[4936, 0.5541078, 0.95505863, 8.584905, 0.4718438] 2.3142142 0.99077904 0.81513834 1.5619951
[4937, 0.49029243, 1.037818, 4.02675, 0.55093205] 3.0482082 0.7225485 0.88860667 1.3376992
[4938, 0.49141815, 1.0066986, 5.178584, 0.5389294] 2.692299 1.055814 0.9483756 1.2042979
[4939, 0.39134514, 1.0419421, 7.0478673, 0.5909614] 2.558175 0.9980257 0.91595757 1.2396313
[4940, 0.48300672, 1.0069907, 5.628373, 0.44376603] 2.5239336 1.0884745 1.0326796 1.3414903
[4941, 0.36077127, 1.0525336, 7.4299984, 0.5612147] 2.4128397 0.88219696 1.1054991 1.2077489
[4942, 0.46757084, 1.0255567, 7.3720927, 0.6654585] 2.647101 0.96297693 0.88100344 1.2187428
[4943, 0.50367403, 0.9752414, 7.926659, 0.6202565] 2.4506462 0.79832757 0.978169 1.3407046
[4944, 0.54808587, 0.9831028, 5.244644, 0.4787208] 2.7188208 1.0211362 0.8288827 1.3609504
[4945, 0.52603686, 1.0333278, 3.8048036, 0.51115215] 2.9378679 0.9108352 0.8934882 1.2878851
[4946, 0.6122333, 0.93717057, 4.419209, 0.5218142] 2.6727579 1.0725317 1.1333176 1.2174904
[4947, 0.50856495, 1.0580341, 3.4004261, 0.44890508] 3.208756 0.8188753 0.8502631 1.0983496
[4948, 0.52148724, 0.99636996, 5.642403, 0.4930145] 2.5658648 0.88589466 1.0541303 1.4691508
[4949, 0.4703388, 0.9028379, 5.9007897, 0.22036093] 2.164258 0.78173316 1.0372952 1.3162909
[4950, 0.47996607, 1.0599949, 4.3990636, 0.5278765] 2.775542 0.90428007 0.9684491 1.4333813
[4951, 0.5111459, 1.0440929, 3.7611377, 0.48308164] 2.977396 0.9127817 0.94186634 1.2172066
[4952, 0.44950733, 1.0989054, 2.8212566, 0.706969] 3.149089 0.9126689 1.0469675 1.2314751
[4953, 0.44736493, 1.045067, 6.97532, 0.4989286] 2.5118942 0.9238756 0.97590077 1.3980403
[4954, 0.50958925, 1.0141056, 6.237943, 0.5705854] 2.668291 1.0874084 0.99958783 1.1090637
[4955, 0.48817578, 1.0279645, 5.851093, 0.5516681] 2.6240158 0.9470237 0.94222736 1.4551663
[4956, 0.5908683, 0.9662201, 4.689233, 0.564723] 2.8062737 1.1576223 0.9659178 1.1255511
[4957, 0.47710967, 1.0725003, 3.500713, 0.6323023] 3.0260367 1.0007098 1.0265667 1.1589245
[4958, 0.412809, 1.038524, 6.627392, 0.44789493] 2.5334916 1.0173368 0.8651973 1.3953375
[4959, 0.56906635, 0.97429365, 4.515019, 0.5366025] 2.882522 0.90070194 0.9158141 1.1606432
[4960, 0.46038786, 1.0358084, 5.6691995, 0.44971094] 2.6143932 0.9514323 0.9767763 1.3874302
[4961, 0.50390977, 1.0093066, 5.88917, 0.5219251] 2.7163854 0.9462895 0.8955872 1.2643932
[4962, 0.5015175, 1.0081055, 5.10253, 0.5018361] 2.827096 0.96184796 0.95223963 1.1655347
[4963, 0.4262156, 1.0444858, 6.674794, 0.4742126] 2.5849626 0.9497965 0.84272504 1.3647534
[4964, 0.36539388, 1.0680073, 7.2931685, 0.5356303] 2.5226867 0.9461868 0.9359809 1.3045192
[4965, 0.45089123, 1.0428874, 6.0665956, 0.5324422] 2.640611 0.986224 1.0102457 1.2102621
[4966, 0.4118803, 1.036848, 6.862433, 0.44388232] 2.6521358 0.90043133 0.8531981 1.1759675
[4967, 0.42460385, 1.1198987, 3.1178901, 0.89477646] 3.1215703 0.99976623 0.85676837 1.2438408
[4968, 0.45070758, 1.103591, 3.1336293, 0.6493448] 3.0761015 0.83097386 0.9355139 1.4888152
[4969, 0.43946463, 1.0446701, 6.0621996, 0.59682226] 2.6497395 0.8691213 1.1584398 1.1998361
[4970, 0.5274029, 1.0051925, 4.410096, 0.53288513] 2.9546182 0.90428966 0.88515586 1.1844903
[4971, 0.49433583, 1.0160965, 5.638432, 0.57231015] 2.7639894 0.9175894 0.92515796 1.1975528
[4972, 0.4623486, 1.0462592, 4.575643, 0.46485496] 2.8035893 0.9271823 0.9050323 1.336479
[4973, 0.5702899, 0.96587366, 4.6189623, 0.46448323] 2.6904027 1.0877572 1.1118575 1.1663086
[4974, 0.5209323, 1.0207492, 4.444316, 0.6266789] 2.9028451 1.0287049 0.9194264 1.2125934
[4975, 0.4880494, 1.0242438, 6.2972813, 0.50862944] 2.547617 0.8861205 0.980925 1.4323877
[4976, 0.48788235, 0.99392813, 7.257955, 0.5105739] 2.5065548 0.94890475 0.94073355 1.325743
[4977, 0.5131843, 0.98988116, 5.6998253, 0.49231064] 2.6154106 0.82451206 1.0532384 1.402777
[4978, 0.4270589, 1.0238618, 7.48488, 0.38961864] 2.4965084 0.9248191 1.0167049 1.1513247
[4979, 0.53286713, 0.98675984, 6.1857495, 0.52671325] 2.586277 1.0518486 1.0415413 1.1495254
[4980, 0.46572712, 1.0213951, 5.820129, 0.45254683] 2.7181258 0.89433104 0.93318975 1.1628394
[4981, 0.4361117, 1.0631384, 3.5131845, 0.5586112] 2.882716 1.000725 1.0221075 1.2628305
[4982, 0.44080794, 1.0325108, 7.1523356, 0.4873901] 2.6143498 1.016374 0.81034213 1.1485549
[4983, 0.45993388, 1.0127151, 6.6618853, 0.49414307] 2.5696623 0.94091004 1.036925 1.0913063
[4984, 0.44244623, 1.0413688, 6.3692408, 0.5176226] 2.8029923 0.87525225 0.86444837 1.1184434
[4985, 0.5033195, 1.0040052, 5.7537503, 0.43159682] 2.4356608 1.0708587 1.050148 1.4858965
[4986, 0.36754957, 0.9844439, 6.22237, 0.28662932] 2.1063142 1.0435556 1.0640005 1.3878771
[4987, 0.55443573, 0.9749625, 4.9559603, 0.5291819] 2.73445 0.87990326 1.0267531 1.3642507
[4988, 0.51847243, 0.91668546, 6.982367, 0.45568156] 2.220481 0.8229834 0.9862673 1.4598899
[4989, 0.51918435, 0.97364104, 7.1826243, 0.6298038] 2.6603372 0.9618905 0.7780458 1.1354403
[4990, 0.448572, 1.0409802, 6.7535896, 0.46373087] 2.6346326 0.83406615 0.9686225 1.250534
[4991, 0.48583874, 1.0157218, 6.028337, 0.3631982] 2.3360393 1.1288774 1.1211233 1.4553797
[4992, 0.546594, 1.0127085, 4.253774, 0.5361005] 2.9266806 0.9112859 0.83632237 1.3257128
[4993, 0.3660387, 1.2218449, 2.6311438, 0.84965324] 3.3780384 0.7730667 0.9672183 1.283403
[4994, 0.54436475, 1.0014955, 4.04338, 0.5138127] 3.0816905 0.83907014 0.9491359 1.0678356
[4995, 0.40658167, 1.0056272, 7.9717526, 0.3998069] 2.4222872 0.9990475 0.985681 1.0298766
[4996, 0.49122742, 1.0303334, 6.7293606, 0.5177409] 2.4706519 0.92799157 1.0067177 1.4858077
[4997, 0.5206087, 1.0002233, 5.4194694, 0.55365324] 2.649803 1.0504392 0.9556123 1.2827306
[4998, 0.4346803, 1.0333313, 7.1486983, 0.5031403] 2.479476 0.9961289 0.95092845 1.2594727
[4999, 0.40117598, 1.1058356, 3.4706013, 0.5502786] 2.972064 1.0071566 0.91367865 1.2262547
[5000, 0.50670636, 0.9948409, 5.5932903, 0.5181907] 2.5370245 1.0391297 0.99541265 1.4394797
[5001, 0.45519271, 1.029239, 7.294496, 0.5025852] 2.31454 0.99793774 1.0208424 1.4820522
[5002, 0.40766495, 1.0565237, 7.2073708, 0.48131606] 2.4475672 0.8782413 1.0591906 1.3608481
[5003, 0.5255969, 1.0072622, 3.2772841, 0.5146394] 2.8389692 0.91440684 0.8984664 1.407795
[5004, 0.4778775, 1.022137, 5.3722014, 0.47453007] 2.5791695 0.9493216 0.97555286 1.3992016
[5005, 0.46049026, 1.0675642, 3.1683083, 0.58459336] 3.0838842 0.8525057 0.9134849 1.28032
[5006, 0.49623862, 0.96461767, 6.400454, 0.36564276] 2.3927145 0.96354496 1.1051841 1.1040314
[5007, 0.58194923, 0.97306144, 4.434172, 0.5154949] 2.8294747 0.94778305 1.0384716 1.200274
[5008, 0.53515625, 0.99330163, 4.6622124, 0.6649528] 2.8738449 0.8840329 0.75710416 1.3952496
[5009, 0.50007665, 1.0421906, 4.0989766, 0.51223475] 2.9593828 0.9990381 0.97912556 1.1406226
[5010, 0.42665628, 1.0010573, 7.5956745, 0.46165028] 2.185042 1.1466179 1.0601765 1.374263
[5011, 0.4849905, 1.016653, 5.224171, 0.5027144] 2.7274442 0.9731695 0.9307505 1.2409695
[5012, 0.46970385, 0.9787461, 7.8922057, 0.46607086] 2.2630477 0.96527725 0.90381926 1.5103637
[5013, 0.48072335, 1.0380353, 5.130699, 0.54132456] 2.8623443 0.7732748 0.90279984 1.2779375
[5014, 0.4901745, 0.99905926, 6.067214, 0.53491604] 2.7138555 0.82491016 0.96083874 1.196713
[5015, 0.55453575, 0.96335006, 4.753859, 0.5338796] 2.8259008 0.9631831 0.9286818 1.1770064
[5016, 0.56545484, 0.9664531, 5.034556, 0.50897336] 2.8193223 0.81807196 0.8582964 1.4478154
[5017, 0.53470397, 1.002019, 5.3749566, 0.4738289] 2.7962756 0.8322547 0.9059311 1.3279625
[5018, 0.5674326, 0.9492199, 5.917693, 0.6826598] 2.7466207 1.0453271 0.8930254 1.1513133
[5019, 0.42177105, 1.0242443, 7.2154107, 0.42797983] 2.3770838 0.94301736 0.9736275 1.3781056
[5020, 0.44142467, 1.086444, 3.1726224, 0.63893723] 3.0652468 0.88510984 0.9752873 1.2775645
[5021, 0.4581661, 1.1104099, 2.788469, 0.6647489] 3.0903366 0.8150519 0.9672973 1.4834822
[5022, 0.49145013, 1.0244305, 5.950054, 0.5714318] 2.7968225 1.0265799 0.8423021 1.1521524
[5023, 0.5315149, 0.9843854, 6.075946, 0.58537173] 2.723723 0.8788499 0.9636537 1.2165936
[5024, 0.45992157, 1.026901, 5.6753283, 0.54255146] 2.8160076 0.95207566 0.9453711 1.0835136
[5025, 0.43468353, 1.1385128, 2.6979222, 0.6471519] 3.1912758 0.8361741 1.0281198 1.291547
[5026, 0.5089046, 1.0306642, 4.9548063, 0.4966648] 2.776744 0.98317516 1.0014223 1.263845
[5027, 0.471391, 1.0373558, 4.223139, 0.6690532] 3.046996 0.86987823 0.8849198 1.1373477
[5028, 0.42798823, 1.0342005, 4.586028, 0.5654882] 2.9847064 0.7892568 0.9157623 1.1325102
[5029, 0.54053485, 0.9691687, 6.1145782, 0.46791944] 2.5309334 1.1405339 1.0182865 1.1352372
[5030, 0.49583167, 1.024883, 4.2146215, 0.4364084] 2.9213724 0.8825999 0.96393037 1.036456
[5031, 0.4777315, 1.0030892, 6.9322476, 0.42017174] 2.584661 1.0229498 0.91803104 1.1728956
[5032, 0.3918878, 1.0164067, 6.408843, 0.3099903] 2.2292123 0.9576273 1.1295413 1.3165708
[5033, 0.48975703, 0.98134303, 5.825721, 0.5293207] 2.8249083 0.8680333 0.8718848 1.1276029
[5034, 0.3029411, 1.048408, 6.9342327, 0.37003157] 2.377619 0.93438536 0.9855827 1.2446327
[5035, 0.52017385, 0.9905951, 8.103925, 0.5446218] 2.3284285 1.098447 0.90859187 1.4651701
[5036, 0.53082675, 1.0345601, 4.004639, 0.5505452] 2.9209468 1.019646 0.92110664 1.2274278
[5037, 0.4542108, 1.003499, 6.995488, 0.6130132] 2.4515452 1.0098449 0.93594277 1.4116856
[5038, 0.56430924, 0.9760457, 4.656153, 0.49957517] 2.8188114 1.1203789 0.9521646 1.115789
[5039, 0.52225477, 0.9889959, 6.3704896, 0.6359643] 2.6256795 0.89130133 1.0466144 1.2491874
[5040, 0.35309714, 1.2306224, 2.469435, 0.81987727] 3.3651016 0.9693698 0.817057 1.2908032
[5041, 0.47099036, 1.0066564, 7.922918, 0.5140059] 2.2435455 1.0625738 1.0033654 1.5275531
[5042, 0.45905572, 1.0194525, 6.606826, 0.5707525] 2.7281997 1.0751538 0.8815008 1.0509164
[5043, 0.43006054, 1.0421315, 7.2048287, 0.5410683] 2.475756 1.1015623 0.9681581 1.2474226
[5044, 0.5569784, 0.97475076, 4.535437, 0.549836] 2.8587685 0.97921574 0.84805197 1.2030162
[5045, 0.5225925, 1.0082285, 4.2741337, 0.517975] 2.8624842 1.0310353 0.96043396 1.1797613
[5046, 0.47810817, 0.9953761, 6.4193583, 0.48022828] 2.5408742 0.96734005 0.8411886 1.4017478
[5047, 0.51248765, 1.007721, 5.292622, 0.55332273] 2.8343594 0.88525033 0.92369676 1.1772761
[5048, 0.4596994, 1.0239301, 7.6924496, 0.5529208] 2.4118774 1.0893108 0.9898615 1.3126055
[5049, 0.59425014, 0.94376516, 3.8646998, 0.43220025] 3.0064228 0.96613204 0.9784052 1.0249732
[5050, 0.5359204, 0.99028635, 5.3465686, 0.578142] 2.6908379 1.0485686 1.0453655 1.1979083
[5051, 0.4983638, 0.9984842, 6.0350857, 0.4710698] 2.5482826 0.94112253 1.0870714 1.38487
[5052, 0.5834092, 0.9410213, 5.4693213, 0.5041698] 2.6644335 0.8913634 0.9415923 1.4213294
[5053, 0.5300578, 1.0426751, 3.7321606, 0.59276986] 3.0277593 0.9584007 0.83362526 1.2233236
[5054, 0.5441003, 0.9846546, 4.1144404, 0.49951375] 2.8059275 0.84137267 0.9495845 1.3937635
[5055, 0.4076744, 1.068261, 7.6120663, 0.5523562] 2.5330105 0.98264116 0.96399075 1.2653351
[5056, 0.4806287, 1.0424585, 4.7900205, 0.49734372] 2.7813234 0.95461255 1.0254678 1.214798
[5057, 0.46479294, 1.0269955, 5.9671297, 0.4253594] 2.5281115 1.0607853 0.98420244 1.262118
[5058, 0.52412635, 1.0501581, 3.325976, 0.7108516] 2.9717636 0.97955674 0.91557443 1.4021282
[5059, 0.4907182, 1.062928, 3.7049716, 0.5816544] 3.002569 0.8775827 0.93870586 1.3520094
[5060, 0.51320565, 1.023755, 4.965652, 0.5446159] 2.826786 1.1038039 0.8944177 1.1244808
[5061, 0.6123257, 0.9208999, 5.619591, 0.610856] 2.8281226 0.9549983 0.98167217 1.0668176
[5062, 0.46875566, 1.0100818, 6.279639, 0.60404545] 2.4741895 0.9845745 0.8977887 1.5650436
[5063, 0.4808384, 1.0117021, 7.6518316, 0.5194912] 2.535777 0.996221 1.0127248 1.097658
[5064, 0.46761888, 1.0019064, 6.8500357, 0.4194273] 2.44295 1.134267 0.9768881 1.1932244
[5065, 0.4177745, 1.0436198, 7.455738, 0.565061] 2.2771409 1.0487167 1.0170742 1.5148804
[5066, 0.4033759, 1.0207324, 7.613205, 0.6521099] 2.5307455 1.0319668 0.8481476 1.1820661
[5067, 0.46934125, 1.0603857, 4.398497, 0.5443874] 2.879245 0.9082336 0.9651312 1.3004327
[5068, 0.5694425, 0.9628789, 5.6798, 0.639705] 2.5515413 1.0596955 1.044274 1.3844324
[5069, 0.5469002, 1.0219281, 3.522451, 0.5247776] 3.2089517 0.85553235 0.8616129 1.0399528
[5070, 0.49365783, 0.9128743, 6.8311486, 0.3231759] 2.255781 0.81528264 0.98699796 1.2155188
[5071, 0.5627685, 0.9689101, 3.9680727, 0.61676985] 2.9881341 0.95809555 0.8612178 1.0874109
[5072, 0.51488775, 0.9995157, 6.371504, 0.45342577] 2.6156678 0.9653713 0.98819804 1.2304019
[5073, 0.47902995, 1.0362586, 4.732656, 0.56441396] 2.8629618 1.0157037 0.77660954 1.2501459
[5074, 0.49280024, 1.0448307, 4.048313, 0.55796653] 2.9124825 0.91482884 0.8993127 1.3469195
[5075, 0.48515308, 1.0238342, 5.389077, 0.52591294] 2.7196674 0.9860099 0.98731095 1.2580929
[5076, 0.4381153, 1.0475096, 5.1816, 0.7276227] 2.690985 1.0088443 1.1322299 1.2033932
[5077, 0.50544333, 1.0479164, 3.8325875, 0.5897855] 2.9810266 0.8481193 0.8263659 1.3586278
[5078, 0.46025816, 0.98912877, 9.0815525, 0.75958997] 2.3238082 0.92510426 0.8536385 1.4032916
[5079, 0.5434992, 0.87493294, 6.1356525, 0.26476306] 2.2450204 1.1020516 0.862435 1.0935552
[5080, 0.4356878, 1.0384097, 7.574218, 0.5456042] 2.6430671 0.97086763 0.8238564 1.1714267
[5081, 0.52012265, 1.0050004, 5.355406, 0.4632743] 2.794524 0.85178065 0.9252568 1.2672791
[5082, 0.4087138, 1.0444613, 7.8089523, 0.499559] 2.5815089 0.76745445 0.94646543 1.1729228
[5083, 0.5068596, 1.0228767, 5.5514836, 0.45829105] 2.7280247 1.0095925 0.952364 1.17808
[5084, 0.55610883, 1.0042776, 3.9053266, 0.53057665] 2.7885835 1.0361536 0.9232791 1.4212321
[5085, 0.42083523, 1.0148058, 6.914753, 0.3495904] 2.3562026 0.9676699 1.1202768 1.2239534
[5086, 0.44941127, 0.94913125, 7.472783, 0.4182668] 2.1796558 0.95391375 0.99637043 1.3293705
[5087, 0.48637864, 1.0279567, 5.7473803, 0.44571728] 2.7166474 0.9354107 0.9030244 1.2786527
[5088, 0.38978872, 1.0373677, 8.086076, 0.50024337] 2.4808154 0.82734716 0.9662251 1.169363
[5089, 0.46717778, 1.0220792, 5.7202563, 0.471656] 2.5681002 0.9129332 0.8783813 1.5223163
[5090, 0.4397847, 1.0972899, 3.5675757, 0.76853657] 3.18021 0.8598294 0.8314805 1.1720666
[5091, 0.45115277, 1.019631, 7.4191346, 0.6190645] 2.5470965 0.8723116 1.0398824 1.2323713
[5092, 0.4565168, 1.0293548, 5.240367, 0.53222567] 2.9108243 0.7460053 0.852379 1.2490222
[5093, 0.48311013, 0.999025, 6.7104917, 0.426758] 2.6532013 0.957476 0.80855864 1.1841613
[5094, 0.44615924, 1.0724801, 4.076501, 0.6823269] 3.0016584 0.9844721 0.85958946 1.1985503
[5095, 0.453746, 1.0306861, 7.432327, 0.44036245] 2.436108 1.0041926 0.9622268 1.397166
[5096, 0.5440607, 0.96797895, 4.957886, 0.6277948] 2.7550225 0.9684839 0.9665943 1.2856985
[5097, 0.5141931, 0.99453634, 7.161188, 0.63154227] 2.2668467 1.021824 1.0658003 1.550395
[5098, 0.47521412, 1.0093459, 5.522386, 0.49144208] 2.6382759 0.86295307 1.0013285 1.3655494
[5099, 0.5070969, 1.027142, 4.1351504, 0.5083247] 2.956841 0.961304 0.89519995 1.1448716
[5100, 0.51095587, 1.0427374, 3.8572123, 0.5291247] 2.9505422 1.0232348 0.94904345 1.1790584
[5101, 0.41264492, 1.0443258, 7.32568, 0.5115975] 2.4456654 1.1663673 1.0618497 1.0762439
[5102, 0.35309336, 1.1652055, 3.144551, 0.5973388] 3.0918083 0.922098 0.97467256 1.3296105
[5103, 0.51920015, 0.9867028, 5.910178, 0.4297487] 2.696756 0.9917149 0.85421515 1.2214422
[5104, 0.50020957, 0.9346716, 7.1346025, 0.3135162] 2.2991638 0.85300666 1.018964 1.2449217
[5105, 0.53342265, 1.0071921, 3.3868685, 0.546953] 3.065062 0.81898373 0.9958235 1.1396347
[5106, 0.5723993, 0.96425074, 5.3328867, 0.5123901] 2.598287 0.9782083 1.087897 1.2973187
[5107, 0.42245507, 1.0673519, 5.0027413, 0.7656037] 2.725479 0.9521918 1.0245138 1.2933164
[5108, 0.4263594, 1.034863, 6.083195, 0.48248297] 2.552586 1.1020911 1.0316887 1.2870824
[5109, 0.41946223, 0.9992246, 7.446328, 0.353317] 2.4264865 1.0067188 0.9552704 1.021327
[5110, 0.48985884, 1.0038722, 6.878292, 0.47815782] 2.21033 0.93203247 1.0654492 1.586209
[5111, 0.46151268, 1.0314131, 5.1450086, 0.48481604] 2.6094348 1.129832 0.9850392 1.2761506
[5112, 0.43806165, 1.1038371, 3.2794402, 0.592288] 3.1624863 0.88434255 0.8346701 1.1607866
[5113, 0.56060076, 0.96813494, 4.5609503, 0.5004404] 2.756133 0.8857147 1.0252359 1.3451059
[5114, 0.4854944, 1.0046135, 5.8223057, 0.4563092] 2.681925 0.95476705 1.0678682 1.1986771
[5115, 0.47003323, 0.98244387, 7.093362, 0.35690376] 2.3517973 0.91021234 1.0058538 1.2799468
[5116, 0.5027416, 0.98405993, 5.383199, 0.38471884] 2.6186628 0.75663877 0.98832893 1.3139789
[5117, 0.4622434, 1.0321963, 5.719436, 0.4914681] 2.7077444 0.8239658 0.9193285 1.3574637
[5118, 0.52347606, 1.0397588, 3.3468308, 0.64676577] 3.2919943 0.88386846 0.87229836 0.9742361
[5119, 0.5197589, 0.9782857, 6.4280386, 0.43701226] 2.3960075 1.0783727 0.99693406 1.4114506
[5120, 0.48705423, 0.99272215, 5.98946, 0.52066815] 2.5651357 1.0497833 0.92752326 1.3496747
[5121, 0.47282025, 1.0554572, 4.1287413, 0.57209814] 2.7119582 1.112322 1.0599207 1.2969692
[5122, 0.49500442, 0.99862766, 6.2267604, 0.5146123] 2.63875 1.0806952 0.9564198 1.0368919
[5123, 0.48333853, 0.9916336, 7.323017, 0.4620395] 2.4853055 1.0118421 0.8207816 1.4223673
[5124, 0.40338233, 1.0283843, 7.565162, 0.528011] 2.5099378 1.0125946 0.97384334 1.1865602
[5125, 0.5139173, 1.0074316, 5.3193703, 0.4865813] 2.7087667 1.0191543 0.8987682 1.2970693
[5126, 0.39120477, 1.01345, 8.011271, 0.477238] 2.3993018 0.9598819 0.8199028 1.2700878
[5127, 0.4151406, 1.0393413, 7.3626204, 0.53413314] 2.4563398 0.992298 0.945846 1.3217376
[5128, 0.4936554, 1.0148621, 5.2054405, 0.58754635] 2.857285 0.8936842 0.74691767 1.3205436
[5129, 0.483538, 0.96108824, 7.6166415, 0.5169674] 2.4327447 0.9421448 0.9405606 1.2182201
[5130, 0.49737728, 0.9910344, 5.420393, 0.39800003] 2.8209386 0.8711962 0.82253957 1.2539469
[5131, 0.5435038, 0.9442088, 4.822879, 0.51500785] 2.698578 1.0210829 0.98123723 1.30345
[5132, 0.47931185, 1.0157115, 6.095659, 0.6223259] 2.5291307 0.9126887 1.034539 1.4361933
[5133, 0.52430737, 0.9930593, 6.3432446, 0.5985118] 2.6792126 1.02237 0.93726283 1.1572845
[5134, 0.41547212, 1.0450934, 7.6796775, 0.514895] 2.4976509 0.9608709 0.97031695 1.2858441
[5135, 0.3268866, 1.0417746, 8.687715, 0.4780275] 2.4341874 0.96270216 0.9284816 1.1739539
[5136, 0.53371215, 0.9753271, 5.0195327, 0.52351475] 2.5735648 1.1371865 1.0275775 1.3709718
[5137, 0.3266293, 1.2002524, 2.583743, 0.80802613] 3.2188423 1.0449759 0.926748 1.2569573
[5138, 0.40787664, 1.1505421, 2.6849391, 0.5873061] 3.2466083 0.8204831 0.8589419 1.3793843
[5139, 0.40736058, 1.0528105, 6.378583, 0.6282951] 2.6989625 0.89691675 0.91942394 1.293617
[5140, 0.46595985, 1.0363668, 7.288668, 0.5806737] 2.614956 0.89634115 0.8185099 1.3115338
[5141, 0.47935763, 1.019556, 5.6541276, 0.6778543] 2.7205267 0.9743142 0.8330893 1.3160037
[5142, 0.46719602, 1.0690155, 3.7284672, 0.57126933] 2.899816 0.8634891 0.88133603 1.4067328
[5143, 0.44412193, 1.0358204, 6.4421606, 0.5153723] 2.6861563 0.9744498 0.81260115 1.2049571
[5144, 0.4564085, 1.0399576, 6.2043676, 0.61199224] 2.607999 0.98948044 0.8933528 1.3810668
[5145, 0.46427745, 1.0295951, 6.1965346, 0.6005415] 2.5265942 1.0470184 0.9311881 1.4356189
[5146, 0.5754989, 0.96501714, 5.1943364, 0.78152037] 2.668625 0.79173154 0.97083366 1.5318322
[5147, 0.43750232, 1.058754, 6.621597, 0.59226304] 2.70282 0.9027611 0.8939741 1.2169548
[5148, 0.5204545, 0.9821789, 5.440212, 0.44714412] 2.6924272 0.9919376 1.0930434 1.177564
[5149, 0.44099328, 1.0411658, 6.241481, 0.5913158] 2.6811166 0.89969677 0.8668215 1.270425
[5150, 0.6012887, 0.9330642, 4.7435937, 0.4360366] 2.810915 0.8049178 0.8970168 1.3403021
[5151, 0.5040946, 0.9970875, 6.356148, 0.5067075] 2.6482697 1.0801082 0.9534603 1.0937223
[5152, 0.5359509, 1.0094869, 4.980522, 0.5385225] 2.6999245 0.9717198 0.9919557 1.378307
[5153, 0.4574668, 1.0133946, 7.3733253, 0.46154052] 2.423816 0.8882149 1.0991374 1.4181587
[5154, 0.3677006, 1.0693803, 6.531326, 0.46235082] 2.5715668 1.0129906 0.9220889 1.2949822
[5155, 0.47085682, 1.0218309, 5.8505664, 0.4481995] 2.7825048 0.91756094 0.75856155 1.2381524
[5156, 0.42639652, 1.031948, 8.380839, 0.5520578] 2.6137834 0.7696699 0.9399717 1.2466422
[5157, 0.5228511, 0.9653277, 6.564368, 0.43062398] 2.6204875 0.9780864 0.9243218 1.1428686
[5158, 0.46331346, 1.0248331, 7.074144, 0.5410009] 2.5193694 0.9646717 1.0455848 1.2175003
[5159, 0.49484694, 1.0153968, 5.915952, 0.4693853] 2.620264 1.0083809 0.92679924 1.2887895
[5160, 0.49122548, 1.0136409, 4.75369, 0.54148656] 2.7414715 0.99215406 0.9143949 1.313677
[5161, 0.49123296, 1.006512, 5.1774383, 0.35816756] 2.628665 1.0255176 1.0156125 1.3828743
[5162, 0.42807707, 1.0109304, 7.2905827, 0.38061377] 2.420731 0.9208391 1.0183542 1.2232097
[5163, 0.44037208, 1.1237696, 2.7371833, 0.71130717] 3.2730784 0.9953399 0.8928153 1.0841767
[5164, 0.46252182, 1.0051134, 6.959518, 0.46837375] 2.40651 0.85353696 1.0592519 1.3802531
[5165, 0.37607604, 1.0688766, 6.3581533, 0.58808684] 2.4944658 1.0133893 0.9357744 1.4556919
[5166, 0.4966283, 1.0085, 5.076762, 0.422582] 2.5781887 1.0321524 1.001147 1.347687
[5167, 0.41437253, 1.0279936, 7.95936, 0.56019145] 2.4843185 0.97524583 0.8541305 1.2624389
[5168, 0.46160918, 1.0479192, 6.2949886, 0.6182584] 2.6298282 0.84844875 0.95403934 1.4419128
[5169, 0.4395244, 1.0142001, 8.153358, 0.37096205] 2.455561 0.8751034 0.9281962 1.2497436
[5170, 0.45366937, 1.0335592, 6.3433714, 0.6528279] 2.6359935 0.93358856 0.8295376 1.4774786
[5171, 0.45453694, 1.0397692, 5.3633986, 0.58102685] 2.7411578 1.0377003 0.8986182 1.211746
[5172, 0.4967069, 1.0510433, 4.0561357, 0.5055472] 2.9390466 0.99205315 0.85909504 1.227878
[5173, 0.5089658, 1.0493304, 4.009263, 0.81402373] 3.0348704 0.9782348 0.8436306 1.2196858
[5174, 0.53796947, 1.002441, 5.97101, 0.54518247] 2.5644238 1.0146775 1.0694276 1.3869666
[5175, 0.43224472, 1.0503452, 5.639168, 0.65779877] 2.7077687 0.9997083 0.9167103 1.2487476
[5176, 0.5341463, 0.9762455, 3.9653847, 0.45058656] 2.8456368 0.92660344 0.9382764 1.2321129
[5177, 0.50596774, 1.0126913, 4.9066486, 0.49461132] 2.7755723 0.97572225 0.8373678 1.3260993
[5178, 0.5148124, 1.0132462, 3.7771943, 0.575727] 3.0131867 0.95410794 0.8439078 1.1465055
[5179, 0.45752403, 1.0196565, 6.2511706, 0.42018592] 2.5116737 0.9838234 1.0856408 1.3745296
[5180, 0.48568323, 1.0181146, 5.131045, 0.60801786] 2.888404 0.7673 0.9473415 1.2146009
[5181, 0.40603417, 1.0639253, 6.0362587, 0.580054] 2.475452 0.99651617 1.0836018 1.3604339
[5182, 0.5111761, 1.0808247, 3.2535474, 0.6566426] 3.1831052 0.8596073 0.8499539 1.2381545
[5183, 0.5340781, 0.99795073, 5.836235, 0.46779278] 2.532091 1.0768334 1.0345387 1.3962741
[5184, 0.5526449, 0.982159, 4.5143733, 0.51581836] 2.7435963 1.0357014 1.0317509 1.2402639
[5185, 0.53771025, 0.9566626, 7.7382445, 0.422666] 2.2769248 0.982297 0.9692112 1.5060363
[5186, 0.50223213, 1.0260347, 4.30241, 0.50270146] 2.8742902 0.857398 0.99505293 1.304827
[5187, 0.4177964, 1.072596, 7.113132, 0.59303737] 2.588628 0.98066324 0.94222826 1.2096761
[5188, 0.5589894, 1.0134537, 4.2128296, 0.55369395] 2.801803 1.0630182 1.0288451 1.2351635
[5189, 0.39057168, 1.0169969, 7.3634834, 0.43385932] 2.3902202 0.93461335 0.99067414 1.155903
[5190, 0.43850097, 1.0616658, 5.421706, 0.61730766] 2.6247284 0.969315 0.99202603 1.3969331
[5191, 0.4076074, 1.0288066, 7.733578, 0.43735725] 2.3757231 0.9617569 1.0317222 1.2769787
[5192, 0.47549918, 1.0088114, 5.9034657, 0.47957316] 2.5417197 0.9423488 0.939762 1.4768298
[5193, 0.46814486, 1.040307, 4.8560557, 0.6511785] 2.7755444 0.9114527 1.0705149 1.2670671
[5194, 0.4814765, 1.0243192, 4.9926934, 0.5513401] 2.735798 0.96760225 0.9790442 1.2787611
[5195, 0.43449748, 1.0710344, 3.3566244, 0.5207089] 2.8954034 1.098922 0.98633325 1.2820207
[5196, 0.5002847, 1.0131267, 6.7612295, 0.53860515] 2.6635697 0.9555849 1.0005722 1.0278388
[5197, 0.52852863, 1.0055853, 3.595003, 0.5474044] 3.0144217 0.8923674 0.8814576 1.1903062
[5198, 0.5375417, 1.0010239, 4.9775805, 0.4713829] 2.6830418 0.91673154 0.98169976 1.423233
[5199, 0.39553943, 1.0512861, 7.5836186, 0.613155] 2.4908745 0.95153654 0.91940814 1.2599126
[5200, 0.4650277, 1.0290973, 6.9476867, 0.56780726] 2.5680711 1.0509819 0.8662761 1.2609054
[5201, 0.4896166, 1.0598226, 3.8841794, 0.50351614] 2.86205 0.9959468 0.9853404 1.3233908
[5202, 0.52649504, 1.0376325, 3.4232767, 0.95896995] 3.1582959 0.933097 0.8242354 1.187793
[5203, 0.51247823, 0.96040833, 7.681354, 0.53604156] 2.4617372 0.97337663 0.89238024 1.1720501
[5204, 0.50484926, 1.0165505, 5.8435893, 0.62162495] 2.570146 1.0267423 0.9563605 1.442622
[5205, 0.4870813, 1.0341829, 4.704267, 0.4912704] 2.8638957 1.0138304 1.0467004 1.0059087
[5206, 0.48651224, 0.9927667, 7.2785797, 0.38223246] 2.4785047 1.0843502 1.0640421 1.1333996
[5207, 0.53428483, 1.0032758, 4.6083145, 0.5309158] 2.8364344 0.854722 0.9380436 1.3454888
[5208, 0.44228292, 1.001533, 7.9454565, 0.4161087] 2.3875985 0.9006585 1.0535744 1.3852701
[5209, 0.4536072, 1.0257372, 7.6095285, 0.5237692] 2.4849145 0.9540631 0.9108676 1.3781227
[5210, 0.46019477, 1.0163089, 6.5772953, 0.60390395] 2.7470005 0.8913958 0.91414404 1.1324711
[5211, 0.47933048, 1.0093602, 6.3871408, 0.5354817] 2.5549483 0.958668 0.96150255 1.3288931
[5212, 0.5579217, 0.99235636, 4.7378445, 0.5274856] 2.8817842 0.9283843 0.9965991 1.0776681
[5213, 0.34842405, 1.0330694, 8.199004, 0.43723083] 2.4199727 1.0175401 0.8876834 1.2348313
[5214, 0.33268988, 1.0533533, 7.2319875, 0.42226353] 2.3926637 1.0570742 0.9458619 1.2840172
[5215, 0.42310813, 1.045044, 6.866191, 0.4497496] 2.525736 0.9211439 0.92450887 1.3824416
[5216, 0.46382067, 1.011913, 6.9003835, 0.51100564] 2.4869387 0.9350247 1.0438445 1.3596234
[5217, 0.5253833, 0.9987252, 5.218843, 0.5761509] 2.7208078 0.9806224 1.0106398 1.1288737
[5218, 0.45939353, 0.9817628, 7.742463, 0.3714198] 2.2688801 0.9799112 1.063652 1.2875857
[5219, 0.4870839, 1.0342879, 5.547273, 0.51538986] 2.8137116 0.98723006 0.8427228 1.1333957
[5220, 0.4974917, 1.0046831, 6.759099, 0.45141026] 2.5614364 0.9015924 1.0060304 1.3059379
[5221, 0.5582352, 0.9599955, 4.5783405, 0.6126859] 2.668476 1.0350566 0.9261107 1.4266317
[5222, 0.5812941, 0.963996, 4.0235314, 0.64980096] 3.037783 0.88772047 0.7882647 1.2307189
[5223, 0.51134384, 1.0023932, 5.7119775, 0.46210986] 2.6004846 0.8895379 0.96162355 1.4478503
[5224, 0.46788397, 1.0356437, 5.1306424, 0.5980071] 2.590043 1.0011696 0.94063306 1.4631847
[5225, 0.4819862, 0.9238662, 5.7745204, 0.27597895] 2.1177137 1.092934 0.97485936 1.3461369
[5226, 0.44756955, 1.0042156, 7.6731534, 0.35869724] 2.4005296 0.97313726 0.9824839 1.3772773
[5227, 0.48840016, 1.025979, 4.4318385, 0.55067617] 2.7986016 1.0364993 0.95146155 1.2311748
[5228, 0.49257597, 1.0074925, 6.316989, 0.5523185] 2.4769294 1.0083609 0.9310393 1.5198216
[5229, 0.47940663, 1.0007383, 7.170714, 0.6136698] 2.5658677 1.0258418 0.9719999 1.1134466
[5230, 0.51130533, 1.018608, 6.133607, 0.57057273] 2.7736416 0.94416785 0.8948122 1.1923513
[5231, 0.5405591, 0.95383495, 5.719862, 0.4910828] 2.5265365 1.0214541 1.0722244 1.2498131
[5232, 0.4951674, 1.0347011, 4.5110817, 0.5492347] 2.992971 0.8211545 0.7745533 1.2485627
[5233, 0.50762415, 1.0275999, 5.0578265, 0.7592377] 2.80403 0.88396347 0.79751027 1.4012423
[5234, 0.52530044, 1.0248278, 4.160455, 0.54433] 2.877827 1.0132763 0.9373798 1.2184651
[5235, 0.3815015, 1.0659635, 5.9905043, 0.49325505] 2.5569255 0.96600014 0.9673071 1.3394403
[5236, 0.563833, 0.9968954, 3.7243774, 0.5494997] 2.8449826 0.90044814 1.150179 1.339725
[5237, 0.55797946, 0.9505112, 5.5533094, 0.48480427] 2.8748937 0.91486776 0.9497552 0.9439949
[5238, 0.41703215, 0.9336221, 6.546529, 0.3265834] 2.0837605 0.9627736 1.0153282 1.2145784
[5239, 0.48970392, 0.974929, 7.5638514, 0.5065597] 2.3516493 0.9939963 0.9382263 1.3467485
[5240, 0.5724574, 0.99102825, 4.3771644, 0.646997] 2.8839464 0.92476505 0.75324637 1.4317153
[5241, 0.5500225, 0.988338, 4.8008127, 0.5236859] 2.7601457 0.9799834 1.0585332 1.2465681
[5242, 0.47952092, 1.0361302, 4.246238, 0.5201884] 2.8055885 0.8942938 0.7986959 1.5092877
[5243, 0.49766245, 1.0233462, 6.298109, 0.64110994] 2.5652075 0.84801704 0.9725053 1.4499011
[5244, 0.52983207, 1.0024296, 4.1036963, 0.5658631] 2.9081612 0.8917934 0.97374314 1.333315
[5245, 0.5144726, 0.9992942, 5.0140033, 0.44917646] 2.789013 0.9350716 1.0693898 1.082387
[5246, 0.38811406, 1.0805873, 7.0498204, 0.73820364] 2.5395381 1.1046091 0.8779793 1.3113606
[5247, 0.50560033, 0.99839133, 6.1864614, 0.573948] 2.676072 1.1104428 0.9384761 1.0654566
[5248, 0.5509535, 0.9654867, 5.0166125, 0.4461063] 2.8631935 0.83355963 1.0733914 1.0209441
[5249, 0.43979716, 1.0334322, 8.072919, 0.72994894] 2.4039567 0.990623 0.8667695 1.3898084
[5250, 0.4401143, 0.99675316, 7.0428567, 0.65117675] 2.5503561 0.93769187 0.89130956 1.2159971
[5251, 0.4102968, 1.0467855, 6.2692695, 0.67379886] 2.6606455 0.89848816 0.8858361 1.2665179
[5252, 0.43772957, 1.0477817, 7.2444983, 0.56574196] 2.7052007 0.95506424 1.0112377 0.9378099
[5253, 0.50083447, 1.0118611, 5.6907277, 0.5340737] 2.7459683 0.8413885 0.96182376 1.2911148
[5254, 0.5069781, 0.99587417, 6.221724, 0.47165394] 2.7544675 1.0500137 0.86778635 1.0619773
[5255, 0.54948324, 0.95571554, 4.7368484, 0.41845012] 2.8091536 0.85075736 0.9562053 1.2483332
[5256, 0.42393234, 1.0913653, 4.0276055, 0.5155705] 2.9104004 0.8970407 1.0061337 1.2736474
[5257, 0.4268796, 1.0465202, 6.931859, 0.56167835] 2.5827653 1.1009707 0.87693983 1.1682723
[5258, 0.39133617, 1.0435977, 8.102374, 0.44377518] 2.4434984 1.0571572 0.83469844 1.253407
[5259, 0.48565114, 1.0594478, 3.3190696, 0.57062984] 3.0895927 0.8690104 0.8030776 1.3773855
[5260, 0.42627752, 1.0467218, 6.285661, 0.53245544] 2.6018112 0.8994417 0.97989863 1.2553042
[5261, 0.44851425, 1.0212182, 7.322134, 0.42730898] 2.3156319 1.1111387 0.95130014 1.3445904
[5262, 0.56512785, 0.980144, 4.537496, 0.43525067] 2.857601 0.9313765 0.8654102 1.2495728
[5263, 0.46379933, 1.0134976, 7.315339, 0.47233242] 2.503205 0.9072834 0.876214 1.3398858
[5264, 0.4285543, 1.0147234, 7.617928, 0.5112673] 2.4181602 1.03009 0.97340655 1.1736658
[5265, 0.4995529, 1.0054204, 5.501058, 0.4635513] 2.6737216 0.9154328 0.97454053 1.3705772
[5266, 0.5278951, 0.9771951, 5.0903616, 0.566378] 2.825181 0.88956416 0.9134366 1.2115766
[5267, 0.52684104, 0.9678996, 6.9694095, 0.4100057] 2.3382032 1.1227257 1.0276103 1.3623995
[5268, 0.38791513, 1.0445466, 7.53265, 0.47912106] 2.324659 1.1054435 1.019784 1.3758085
[5269, 0.44852182, 1.0296886, 6.19692, 0.46223176] 2.513936 0.93599206 1.0963874 1.2859348
[5270, 0.41104603, 1.0271537, 7.823818, 0.47902334] 2.411029 0.9014763 1.1217035 1.188101
[5271, 0.4508364, 1.0183498, 7.001622, 0.5029643] 2.4418402 0.8669357 0.99382055 1.3949802
[5272, 0.46561885, 0.97459954, 7.27043, 0.3945491] 2.215081 1.066277 0.94848365 1.3754656
[5273, 0.5372343, 0.99701464, 4.466971, 0.56061834] 2.7972999 1.0670606 0.9071688 1.2894313
[5274, 0.43826017, 1.0236273, 7.2344074, 0.4770642] 2.4984615 0.92338985 0.85964125 1.4197013
[5275, 0.46494305, 1.0346023, 5.6175847, 0.58593917] 2.8225162 0.958604 0.81486297 1.2059326
[5276, 0.3582972, 1.0085728, 7.0748506, 0.39363927] 2.196847 1.1061527 1.0278172 1.3003923
[5277, 0.5903265, 0.94427913, 4.2944045, 0.50595033] 2.8534122 1.0539498 1.0763853 1.0617278
[5278, 0.44812298, 1.0314269, 6.423717, 0.4445501] 2.618415 0.9706784 1.0259786 1.1836166
[5279, 0.5687413, 0.9623781, 5.3810406, 0.5398424] 2.6073592 0.9708478 1.0035906 1.3742187
[5280, 0.48193336, 1.0248382, 6.6664453, 0.6200295] 2.4768794 1.083437 1.0202857 1.4080174
[5281, 0.5103333, 1.0112596, 6.332355, 0.5225457] 2.5331533 0.8752536 0.9879304 1.5464807
[5282, 0.5521023, 0.99698204, 4.5901585, 0.5220026] 2.8688447 0.9524063 0.89034414 1.2389725
[5283, 0.5431011, 1.010533, 3.8160794, 0.5532664] 2.9017544 0.99466455 0.97560716 1.2599894
[5284, 0.5917108, 0.9903155, 3.589846, 0.48813033] 2.9027886 1.104812 1.0113361 1.1962211
[5285, 0.54036427, 1.0008501, 5.8379984, 0.903786] 2.7098222 1.0171487 0.94794494 1.1415696
[5286, 0.4742571, 1.0290341, 5.940408, 0.67203665] 2.769497 0.9135492 0.89304024 1.2258096
[5287, 0.5057198, 0.99982303, 6.052892, 0.6780361] 2.7243078 1.1173284 0.8929727 1.1150751
[5288, 0.45503443, 1.0350131, 5.168788, 0.5923306] 2.7954276 0.99658805 0.8805338 1.1823447
[5289, 0.46612823, 1.0453843, 5.8098626, 0.5437984] 2.7460325 0.9951933 0.91313386 1.2353292
[5290, 0.41171613, 1.0091043, 7.546869, 0.40452054] 2.49974 0.9643626 0.90956867 1.1195983
[5291, 0.4771285, 1.0273134, 5.68083, 0.68606764] 2.7992227 1.0040554 0.93316466 1.0494992
[5292, 0.52419186, 1.028353, 4.118791, 0.5853262] 2.9019058 1.1197981 0.8905484 1.0619397
[5293, 0.46566033, 1.0314754, 6.765748, 0.48889622] 2.479042 1.1685156 1.0168681 1.2499133
[5294, 0.572988, 0.9733883, 5.169641, 0.6135756] 2.8619053 0.9242977 1.0610052 1.0139962
[5295, 0.5396018, 0.9771323, 5.4853964, 0.59916127] 2.8149846 0.9551006 0.95285356 1.1647539
[5296, 0.50649816, 1.0004268, 5.4442654, 0.4400265] 2.7596526 1.0589051 0.87443775 1.1745752
[5297, 0.57105005, 0.9783294, 4.6047306, 0.43899962] 2.872586 1.0341072 0.91216546 1.0742732
[5298, 0.50824165, 1.033023, 4.02107, 0.53775793] 2.8744895 1.0093849 0.97598135 1.2330438
[5299, 0.37611914, 1.1347591, 3.8383152, 0.6674252] 3.0249457 0.99034214 0.78669167 1.4054451
[5300, 0.50613856, 0.98368245, 6.999676, 0.40392375] 2.3847034 1.0188727 1.059303 1.2673093
[5301, 0.4837181, 1.0187367, 6.0341854, 0.5479549] 2.6371517 0.8799385 0.99809575 1.3543519
[5302, 0.47096387, 1.0183243, 7.468376, 0.60274196] 2.4650977 0.999506 0.9819689 1.2874892
[5303, 0.40921065, 1.0470854, 6.667961, 0.51250833] 2.6276567 0.8775115 0.9430101 1.237735
[5304, 0.49585035, 0.93746924, 7.911896, 0.41868898] 2.2955954 0.893261 0.81155765 1.4498303
[5305, 0.43695343, 1.0385814, 7.8903317, 0.5853821] 2.4231234 0.97015524 0.88657206 1.4434885
[5306, 0.52287525, 0.97772574, 4.054316, 0.4305907] 2.8637989 0.8483271 1.0133963 1.1519507
[5307, 0.4495959, 1.0012505, 7.408321, 0.3811064] 2.5289264 1.1188651 0.8952471 1.0389669
[5308, 0.54767203, 0.9879603, 5.41427, 0.6532625] 2.5344179 0.9845996 1.0891978 1.3963612
[5309, 0.52654266, 1.0384564, 3.689582, 0.53451407] 2.9667692 0.7846066 0.9834981 1.3541557
[5310, 0.47624695, 1.0363622, 4.844129, 0.59227145] 2.8494487 0.98242897 0.8305893 1.328706
[5311, 0.41338092, 1.0537326, 7.739884, 0.58822733] 2.543565 0.98880345 0.98305845 1.1632537
[5312, 0.5626104, 0.97926366, 4.8940277, 0.5894667] 2.9017174 1.0272487 0.92744684 1.016714
[5313, 0.45335737, 0.9902558, 7.913626, 0.46507257] 2.3662894 0.9022603 1.0464959 1.2763718
[5314, 0.52591395, 0.99498487, 4.649754, 0.51156217] 2.93468 1.076834 0.81973326 0.9957776
[5315, 0.46481943, 1.0283283, 6.1959167, 0.4394655] 2.5837233 1.0376353 0.9742834 1.1871017
[5316, 0.5056189, 1.008554, 6.2153015, 0.6401667] 2.5725284 1.0655141 0.9443617 1.2854496
[5317, 0.48396826, 1.0079439, 6.0407767, 0.46437678] 2.53517 1.0351081 1.0017036 1.2769892
[5318, 0.49440604, 1.0704571, 3.4892142, 0.59092903] 3.2343981 0.90141594 0.7562428 1.0993592
[5319, 0.55832416, 0.9710232, 4.52073, 0.38745376] 2.736801 0.90777636 0.932261 1.4567076
[5320, 0.53636163, 1.0258968, 3.6983628, 0.5348351] 2.8672428 1.0343411 0.9280836 1.3525987
[5321, 0.44430056, 1.087874, 3.2740648, 0.55054003] 2.9285848 0.97391653 0.9675749 1.4843283
[5322, 0.4365254, 1.0605844, 5.535981, 0.52655524] 2.5470345 0.9958338 0.9876544 1.5223985
[5323, 0.5063865, 0.99250406, 6.1992135, 0.42853767] 2.460495 0.9810659 1.0204333 1.4581137
[5324, 0.45865336, 1.0423937, 4.0948267, 0.5433698] 2.9111679 0.9140357 0.84639 1.3046687
[5325, 0.537279, 0.99083006, 5.993136, 0.56100744] 2.7849321 1.0053706 0.86487097 1.1062806
[5326, 0.594007, 0.9412819, 4.5799284, 0.49832913] 2.7764049 1.0101998 0.9845028 1.1341788
[5327, 0.51859784, 0.98945, 6.330728, 0.6400029] 2.7066848 0.86904025 0.94637954 1.2223235
[5328, 0.44923347, 1.0018523, 8.033337, 0.5136485] 2.4960864 0.9799469 0.9582295 1.0423541
[5329, 0.44948328, 0.94703704, 6.3615828, 0.2706493] 2.2180123 1.0004472 0.96814287 1.2570304
[5330, 0.61053, 0.97353125, 4.0517273, 0.5965032] 2.911337 0.8482645 0.9921905 1.3081753
[5331, 0.4196707, 1.0723921, 5.2188363, 0.8049199] 2.8747952 0.9103495 0.8391493 1.1675711
[5332, 0.4653153, 1.0427983, 6.2984366, 0.4743969] 2.8340094 0.8252486 0.878825 1.1055027
[5333, 0.5223563, 0.99502414, 4.5858335, 0.57155323] 2.6869488 0.9751073 0.94759846 1.4150141
[5334, 0.48710847, 1.0318247, 5.461676, 0.57243395] 2.7283359 0.9912021 0.94447404 1.2239541
[5335, 0.42657793, 1.0581193, 6.195575, 0.4824738] 2.590649 1.0170734 1.0111709 1.2482136
[5336, 0.6081274, 0.93206435, 4.851716, 0.48302805] 2.858335 1.006637 0.9475015 1.0577229
[5337, 0.5375069, 0.9946067, 5.3956017, 0.5433044] 2.667752 0.82045025 0.9536331 1.4744289
[5338, 0.53054696, 0.99828136, 5.7414536, 0.5713701] 2.9022756 0.8849746 0.83249915 1.1272067
[5339, 0.40731004, 1.0294248, 7.2782025, 0.4523579] 2.4314668 1.0049523 0.9653786 1.2085919
[5340, 0.52001435, 1.062433, 2.7873645, 0.62665004] 3.0805824 0.90410554 1.047219 1.3984463
[5341, 0.499277, 1.0089931, 5.713895, 0.5861607] 2.8107972 0.98272085 0.8327417 1.2227772
[5342, 0.45837253, 0.9921851, 7.2960734, 0.51322234] 2.5712554 0.8944393 0.84697396 1.1920738
[5343, 0.35484788, 1.0400518, 6.8447175, 0.3881352] 2.4864666 0.87892485 1.0553228 1.1780962
[5344, 0.45258155, 1.0362145, 5.478034, 0.5815113] 2.6810703 0.9827673 0.9185316 1.2902397
[5345, 0.5047426, 0.99113977, 6.305745, 0.48039433] 2.527613 1.0833528 0.9317187 1.3102044
[5346, 0.41202638, 0.9681337, 7.008575, 0.34934] 2.3415802 0.98709035 0.9315395 1.0886905
[5347, 0.48796844, 1.0370548, 4.341093, 0.43202606] 2.8946195 0.8288099 0.93929327 1.2602752
[5348, 0.4347546, 1.0325598, 7.761329, 0.6868728] 2.4381702 1.0225848 0.8968337 1.3257735
[5349, 0.47697785, 0.9358573, 6.253992, 0.26975453] 2.2272134 0.8448383 0.8684326 1.5199623
[5350, 0.48268723, 1.0187687, 6.3711257, 0.5603068] 2.575435 0.9161284 1.0347106 1.3003771
[5351, 0.51560724, 0.94738376, 7.262267, 0.3820037] 2.3289688 0.92210895 1.021841 1.3404936
[5352, 0.50027895, 0.99515235, 5.701141, 0.40854043] 2.7789583 0.949843 0.833627 1.128782
[5353, 0.4667154, 1.0360773, 5.289877, 0.53754354] 2.7443535 1.053384 0.94809633 1.137472
[5354, 0.43097553, 1.0202085, 7.5489583, 0.47449917] 2.4223416 1.1138898 0.9976674 1.2496065
[5355, 0.4600458, 1.0369567, 6.297825, 0.6655464] 2.7352824 0.7947459 1.0485458 1.1592271
[5356, 0.4197165, 1.0417184, 7.0623336, 0.55512315] 2.6795352 0.91658807 0.82660663 1.1624554
[5357, 0.49157122, 1.0388725, 3.5276153, 0.5745813] 2.9179251 0.98604214 0.8917122 1.3390862
[5358, 0.4204982, 1.0211182, 7.3871927, 0.37939152] 2.2937958 1.0018182 1.1422709 1.261735
[5359, 0.464427, 1.0292442, 7.672567, 0.48355496] 2.6513956 1.0600841 0.83321303 1.0310258
[5360, 0.51420295, 1.0006999, 5.5887218, 0.61825794] 2.773818 1.013172 0.90606385 1.124042
[5361, 0.40029302, 1.077988, 5.693914, 0.501831] 2.6910841 1.0300645 0.83368087 1.271817
[5362, 0.44658485, 0.99828273, 7.6809235, 0.3996838] 2.3016207 1.0327693 0.9198951 1.39208
[5363, 0.3956849, 1.0293671, 8.017346, 0.40497473] 2.161367 1.0811342 1.0604545 1.491847
[5364, 0.49477488, 1.0160335, 5.741701, 0.46609372] 2.5580583 0.96378285 1.0366622 1.4093016
[5365, 0.47425243, 0.98925275, 7.028904, 0.48442274] 2.3311207 1.0315777 1.0105859 1.4001387
[5366, 0.54238695, 1.0069923, 4.556968, 0.5019496] 2.7681456 0.88726956 0.87044317 1.5365611
[5367, 0.41063774, 1.0580547, 6.921699, 0.55526114] 2.6756418 0.9335908 0.95670485 1.2028949
[5368, 0.48380643, 1.0683206, 4.025094, 0.53787774] 2.9714189 0.88228184 0.94450945 1.2765801
[5369, 0.5594663, 0.95611787, 6.1789093, 0.508507] 2.3513086 1.0681032 1.0133249 1.59819
[5370, 0.54444855, 0.96918786, 6.783675, 0.5515117] 2.563387 1.0352597 0.94930124 1.1734834
[5371, 0.46467194, 1.0128692, 6.9979906, 0.60465455] 2.4790134 1.0624468 1.0643868 1.3199648
[5372, 0.4359877, 1.0078526, 8.100449, 0.49429324] 2.337149 1.0265439 1.0304015 1.2867143
[5373, 0.49039647, 1.0070521, 5.306635, 0.4627655] 2.7164197 1.0509367 0.93157685 1.1736326
[5374, 0.5237019, 1.0032669, 5.0818233, 0.5238177] 2.7939184 0.92283607 0.83815306 1.3155411
[5375, 0.45013052, 0.9372058, 6.1118774, 0.26580274] 2.2568924 0.8658728 1.0258131 1.1651589
[5376, 0.48254493, 1.0014555, 5.9523144, 0.4990897] 2.4819663 1.091458 0.91136354 1.3212639
[5377, 0.36730003, 1.042158, 7.3098946, 0.41021547] 2.3259308 0.95589954 1.0991836 1.3366818
[5378, 0.43042096, 1.0416313, 6.1007614, 0.6111367] 2.6595383 0.8495518 1.0085503 1.289419
[5379, 0.4419476, 1.0091834, 7.034709, 0.45109597] 2.2728915 1.0571036 1.0470332 1.4025713
[5380, 0.5029975, 1.0357887, 4.783696, 0.6868653] 2.9049032 0.977496 0.81409943 1.2871902
[5381, 0.55271566, 0.9747192, 4.4539323, 0.45584065] 2.9485972 0.9753974 0.8313953 1.127251
[5382, 0.5195612, 1.0391688, 3.8075838, 0.47732323] 2.879652 1.0554758 0.9756815 1.3487066
[5383, 0.5224378, 0.97251606, 6.370882, 0.50712216] 2.6025198 0.8993296 1.01377 1.1660919
[5384, 0.5421959, 1.013379, 4.134082, 0.5176192] 2.7373643 0.97508657 0.9916331 1.4916002
[5385, 0.5051593, 1.0216029, 4.5308867, 0.61162853] 2.7229655 0.9577344 0.8985824 1.4355706
[5386, 0.49479935, 0.91806686, 5.927551, 0.25346935] 2.1041813 1.1461289 1.0696862 1.2014128
[5387, 0.4940644, 1.0021324, 6.8229976, 0.47365683] 2.7074344 0.8453797 0.8801869 1.1992271
[5388, 0.468616, 1.0405109, 5.9480343, 0.5324489] 2.5728338 1.0314084 0.8605036 1.4663454
[5389, 0.5913828, 0.9401158, 4.6844187, 0.5514342] 2.8665025 1.0411524 0.91081184 1.1082315
[5390, 0.5145273, 0.99871314, 5.9529476, 0.5352374] 2.7979693 0.91551185 0.7507466 1.2604104
[5391, 0.4666297, 0.88244176, 6.5767555, 0.22714533] 2.1438308 0.9762656 0.9508153 1.2698451
[5392, 0.5637998, 0.9987549, 3.8834698, 0.51357186] 3.1128614 0.8852063 0.8448839 1.1449956
[5393, 0.5340654, 1.0177432, 3.3634622, 0.57677704] 3.066345 0.9598046 0.82493055 1.3501086
[5394, 0.41172832, 1.0701922, 6.89439, 0.6641048] 2.6703527 1.071758 0.8198778 1.212982
[5395, 0.4595061, 1.0352807, 5.710498, 0.615394] 2.5417662 1.0744185 0.9658113 1.450489
[5396, 0.3468172, 1.0471647, 7.6858397, 0.4137039] 2.2203805 0.9119073 1.0556862 1.4106531
[5397, 0.5010323, 1.0551567, 3.7039537, 0.5867705] 3.0242205 0.8849646 0.8953449 1.1769555
[5398, 0.44256088, 1.0555395, 5.9301577, 0.45864365] 2.5429063 0.9307822 1.1462781 1.2847106
[5399, 0.44768834, 1.0226169, 7.5277753, 0.5386309] 2.5123804 0.80664253 0.91192335 1.3986738
[5400, 0.49547452, 0.9680572, 7.9745827, 0.48627117] 2.5011325 1.099198 0.8579543 1.18122
[5401, 0.5367186, 0.98848224, 4.605231, 0.41810903] 2.8403444 0.924568 0.9317366 1.150498
[5402, 0.42137772, 1.0569432, 7.2462893, 0.5297293] 2.5792296 0.92897934 0.88494897 1.2390541
[5403, 0.44149166, 1.0522393, 6.4235992, 0.44328636] 2.5475354 1.0358852 0.9715325 1.3118783
[5404, 0.44849223, 1.1173611, 2.785607, 0.60392344] 3.192324 0.9070902 1.0620953 1.2053378
[5405, 0.55820364, 0.9819466, 5.0897036, 0.5889382] 2.9387617 0.8442345 0.94509417 1.0759299
[5406, 0.46252272, 1.0305226, 7.3469343, 0.5655389] 2.4998953 1.0299151 0.93566775 1.3559494
[5407, 0.48798653, 1.0217998, 5.4672823, 0.5879751] 2.6213503 0.83649397 0.97872597 1.4923698
[5408, 0.4571329, 1.0426942, 6.8816676, 0.5605016] 2.6232302 0.9849649 0.84248453 1.2340401
[5409, 0.5392061, 0.98655576, 4.5932555, 0.47366878] 2.878937 1.062407 0.843203 1.1387597
[5410, 0.43061253, 1.0354556, 7.0574255, 0.5171523] 2.4626179 1.0967985 0.9899901 1.1939615
[5411, 0.47144186, 1.0046259, 7.517635, 0.5712025] 2.4731681 1.0440603 0.8906029 1.4028566
[5412, 0.4088301, 1.0626181, 7.413421, 0.543043] 2.5078292 0.8699335 0.9190847 1.4918047
[5413, 0.5069789, 1.00223, 6.6772633, 0.5270781] 2.5331125 0.9642848 0.9320386 1.3141792
[5414, 0.4817272, 1.0287902, 6.651965, 0.64856666] 2.697564 0.8096516 1.0445558 1.2260343
[5415, 0.40831855, 1.0251986, 8.252194, 0.4221468] 2.513952 0.81441504 0.87801945 1.1683038
[5416, 0.5206857, 1.0490721, 3.8046892, 0.5188341] 2.9371107 0.95302695 0.8588463 1.4075183
[5417, 0.49975193, 1.020835, 5.0583935, 0.59474534] 2.8060966 0.82796395 0.9233417 1.3531042
[5418, 0.5069326, 1.009716, 4.38119, 0.57790446] 2.8964646 0.93012375 0.839876 1.2350084
[5419, 0.5045909, 1.0024194, 6.1230884, 0.55958253] 2.859732 0.92296326 0.82384723 1.0368222
[5420, 0.48953184, 0.98838025, 7.0193515, 0.40013045] 2.502944 0.92012024 1.1332663 1.1693604
[5421, 0.49754766, 1.0606288, 3.204135, 0.6422324] 3.165017 0.9222781 0.8397846 1.0893888
[5422, 0.45869365, 1.007708, 5.4544616, 0.5724674] 2.684078 0.89655185 0.92972714 1.4261355
[5423, 0.48620853, 1.0245576, 5.044123, 0.5766006] 2.8288095 0.9446252 0.8700111 1.2529364
[5424, 0.39809546, 1.0091633, 7.097924, 0.38129124] 2.4041204 0.82062215 0.9468857 1.2194109
[5425, 0.55918837, 0.971653, 5.365674, 0.5728534] 2.7873561 0.94968945 1.0846418 1.0618916
[5426, 0.48038203, 1.0003712, 6.8559694, 0.43538395] 2.427043 1.1437789 0.9906904 1.2791154
[5427, 0.56292486, 1.0014442, 3.933211, 0.4610661] 2.9267404 0.98310995 0.8726661 1.3015006
[5428, 0.46573392, 1.038949, 3.8321996, 0.58574194] 2.9594038 0.94356203 0.88547564 1.2635652
[5429, 0.56296974, 1.0179932, 3.549978, 0.7335215] 3.0714037 0.8200943 1.0506377 1.1380199
[5430, 0.55589914, 0.990175, 4.8742547, 0.4853076] 2.8319676 0.8959697 0.88935816 1.3501618
[5431, 0.42418945, 1.0356184, 6.643286, 0.53834194] 2.6693199 0.9681808 0.8846428 1.2209597
[5432, 0.47040775, 1.0017873, 5.959659, 0.42395273] 2.532782 0.95747375 1.0305855 1.2641529
[5433, 0.54755986, 0.9918166, 4.820293, 0.53261864] 2.7737813 1.0000827 0.91570705 1.2369962
[5434, 0.39009142, 1.029374, 7.701694, 0.41006613] 2.2642572 1.0156585 1.0965991 1.2277724
[5435, 0.5594664, 0.9612255, 4.8519177, 0.49068132] 2.6812418 1.012942 1.020153 1.3551862
[5436, 0.47726142, 1.0638841, 3.1483831, 0.5566416] 3.0203948 0.970363 1.0442699 1.2252405
[5437, 0.5070969, 0.9046447, 7.0258703, 0.3399916] 2.2159944 0.9511841 0.85255957 1.3308467
[5438, 0.33151612, 1.0753857, 7.4202027, 0.5413737] 2.4757025 1.114757 0.9606204 1.0938578
[5439, 0.53136575, 0.9762022, 5.9527054, 0.4894789] 2.742161 0.8806861 0.8804933 1.2619675
[5440, 0.5302724, 0.97181964, 6.49602, 0.4522683] 2.5875263 0.9166766 0.96873057 1.33052
[5441, 0.46335158, 1.0288357, 6.1595616, 0.5084277] 2.6191251 0.9249086 1.0200368 1.3148233
[5442, 0.42352518, 0.9797672, 7.3450966, 0.3879017] 2.3093429 0.9656856 0.9594708 1.2263459
[5443, 0.49334136, 1.0167873, 6.1047974, 0.48313385] 2.7295952 1.0249562 0.8684837 1.2091652
[5444, 0.50001824, 1.0090704, 4.7052674, 0.46600232] 2.7830143 0.95226467 0.9614001 1.2400314
[5445, 0.45095634, 1.061911, 6.49375, 0.5804013] 2.6116803 0.98991907 0.88929117 1.3263645
[5446, 0.4857218, 1.0400445, 5.2144976, 0.7040268] 2.7071428 0.92128605 0.92400485 1.3741161
[5447, 0.41709, 1.0436887, 7.25661, 0.7544923] 2.594005 0.9314599 0.8833126 1.1903186
[5448, 0.35470825, 1.045712, 8.829159, 0.58472145] 2.3626337 0.91313946 0.8908476 1.3980743
[5449, 0.4711179, 1.0359911, 6.5531693, 0.58383465] 2.7258983 1.046235 0.8791228 1.1166917
[5450, 0.49697036, 0.9864465, 6.558362, 0.5030083] 2.5959125 0.9780737 0.9191388 1.3312538
[5451, 0.40212625, 1.0698502, 7.2469826, 0.5219142] 2.563501 0.9105577 0.99405307 1.1971928
[5452, 0.45144275, 1.0333667, 6.0904193, 0.5838512] 2.5700254 0.9347631 0.98649037 1.4156461
[5453, 0.5402732, 1.0265876, 3.5256443, 0.5771698] 3.202124 0.7357067 0.7825454 1.1941819
[5454, 0.50443214, 1.0292746, 4.2620635, 0.5767621] 2.864191 0.9921863 0.953075 1.2106144
[5455, 0.3898278, 1.0396763, 7.8870115, 0.55094004] 2.4324625 1.0115432 0.90806955 1.3074319
[5456, 0.4721372, 1.030316, 7.1008425, 0.55183583] 2.64486 1.1132945 0.7958637 1.1989728
[5457, 0.4454296, 0.9802975, 9.171253, 0.48161873] 2.4771047 0.93856555 0.88757294 1.0758473
[5458, 0.45942172, 0.990283, 7.164549, 0.46869692] 2.6152291 0.9811795 1.0023006 1.0726439
[5459, 0.5200148, 1.0311055, 3.846746, 0.5761121] 2.8774064 0.968457 0.88332653 1.453172
[5460, 0.42940813, 1.1172285, 2.8398628, 0.58234704] 3.1643088 0.91251266 0.9714493 1.3044252
[5461, 0.47117203, 1.0142831, 6.872559, 0.5636274] 2.4882991 1.0026501 0.9642031 1.386419
[5462, 0.4438092, 1.045905, 6.1789536, 0.57304317] 2.700994 0.911205 0.8550264 1.2147572
[5463, 0.5523479, 0.96607447, 5.17296, 0.4018664] 2.7988658 1.0028993 1.0296324 1.0551498
[5464, 0.5198252, 1.0223782, 5.351806, 0.5049633] 2.5799513 1.0540195 1.0131255 1.4338365
[5465, 0.5087447, 1.0108229, 6.556884, 0.6151742] 2.7604942 1.0043284 0.8377963 1.1472144
[5466, 0.50220644, 0.98796993, 7.2280254, 0.4782505] 2.524328 1.03144 0.91990864 1.1198988
[5467, 0.48357126, 1.0783595, 3.8188388, 0.5522409] 2.9910035 0.89397454 0.84214956 1.3273854
[5468, 0.47949478, 1.011119, 7.211357, 0.50694966] 2.5619075 0.9648464 0.8773473 1.3498579
[5469, 0.33874077, 1.0778133, 7.2821302, 0.45043424] 2.5484526 0.9934592 0.97168714 1.199972
[5470, 0.50725645, 0.98408216, 5.7293906, 0.46960098] 2.5652306 1.0752007 0.9120065 1.3284574
[5471, 0.51661104, 1.0025724, 5.760453, 0.68370354] 2.6516366 1.1118387 0.9545867 1.2132297
[5472, 0.5088366, 1.0257941, 4.0325527, 0.51148355] 2.932329 1.0146277 0.86388624 1.2627457
[5473, 0.42508444, 1.0566927, 5.9295425, 0.5066014] 2.663132 0.9486254 0.7988869 1.3577532
[5474, 0.5107735, 1.0030544, 5.9130983, 0.6229791] 2.704122 0.9749675 0.9049101 1.2299542
[5475, 0.4772572, 0.9779142, 7.8702903, 0.44882706] 2.501636 1.1223693 0.86747557 1.0942125
[5476, 0.5616961, 0.9503495, 5.4964595, 0.5750522] 2.7557957 0.87812006 0.975431 1.2468294
[5477, 0.46791238, 1.0119971, 6.438151, 0.48920903] 2.481612 1.0087693 1.1831241 1.1988939
[5478, 0.43679526, 1.0550767, 5.4809384, 0.60036135] 2.7465112 0.87838984 0.8512285 1.3964736
[5479, 0.39635465, 1.0598606, 6.9606767, 0.5173036] 2.5702984 0.9652575 0.8869938 1.3026006
[5480, 0.5093538, 1.0019734, 6.9190054, 0.5427968] 2.5877938 0.901148 1.0187505 1.2024615
[5481, 0.49498236, 1.0101064, 6.0725956, 0.49567908] 2.5581431 1.0062795 0.96331626 1.3749694
[5482, 0.47082216, 1.0360022, 6.221681, 0.48129898] 2.5838072 1.1114444 1.027052 1.0793655
[5483, 0.47558275, 0.9988055, 7.5622807, 0.47409472] 2.5188882 0.99525625 0.83207655 1.292494
[5484, 0.46834046, 1.0235564, 5.0445347, 0.53420436] 2.726886 0.98525965 0.9894264 1.3237047
[5485, 0.50138134, 1.0080905, 6.16024, 0.5752908] 2.695046 1.020766 0.94066626 1.1730899
[5486, 0.45495558, 1.0182353, 6.9027224, 0.5759509] 2.6003435 1.167795 0.8784449 1.1081613
[5487, 0.5616832, 0.9962666, 4.049734, 0.48691136] 2.8660326 0.98608196 0.978249 1.2848148
[5488, 0.49614164, 1.0820049, 3.232045, 0.6316787] 3.1055322 0.8921351 0.99160355 1.2680312
[5489, 0.46535164, 1.0148169, 5.8802133, 0.5322329] 2.6493742 1.0855429 0.8770971 1.1638523
[5490, 0.39680913, 1.0684681, 6.0739636, 0.5949745] 2.5970397 1.1728264 0.9335293 1.204607
[5491, 0.41775572, 1.049342, 7.0344586, 0.50074863] 2.5968916 0.8001268 0.91002154 1.2971088
[5492, 0.4873993, 0.9946288, 6.038953, 0.49093097] 2.5250196 0.9364604 0.99532205 1.4541224
[5493, 0.4772302, 1.006898, 6.585232, 0.540638] 2.4880617 1.048439 1.0947818 1.2617506
[5494, 0.46559376, 1.0366576, 6.4621234, 0.47320014] 2.6786723 0.86231583 0.8622763 1.3793836
[5495, 0.46878275, 1.0188541, 5.8629813, 0.5779126] 2.643131 0.88963777 0.8749754 1.4321451
[5496, 0.52290463, 1.020065, 4.0992846, 0.54876214] 2.900013 1.0258182 0.897998 1.2106231
[5497, 0.5473351, 0.99943745, 4.5276256, 0.5740611] 2.9809809 0.76146394 0.89103246 1.3226562
[5498, 0.4604076, 1.0306984, 5.7105675, 0.5454133] 2.7820203 0.8756006 0.86534584 1.167303
[5499, 0.519999, 1.0384078, 3.9193103, 0.48945215] 2.887782 0.8918709 0.8935253 1.4263203
[5500, 0.4529823, 1.0510935, 4.9904857, 0.5040448] 2.7429864 1.0238235 0.8585344 1.3344959
[5501, 0.43209615, 1.0535955, 5.7554617, 0.41820103] 2.6123075 0.95370996 0.964579 1.4023807
[5502, 0.50944227, 1.0081767, 5.527263, 0.5897755] 2.7074609 0.92280394 1.019195 1.2538226
[5503, 0.47828776, 1.0340381, 4.560244, 0.5839657] 2.800813 0.9635657 1.0016936 1.3072996
[5504, 0.5060615, 1.0263693, 5.66536, 0.53663373] 2.76719 0.8187971 0.9038592 1.3544122
[5505, 0.5069495, 1.0676172, 3.8390846, 0.5663758] 3.0809221 0.9573021 0.87040645 1.1878576
[5506, 0.4760407, 1.0337671, 5.3635087, 0.60331553] 2.6990075 0.9290916 0.91976315 1.4400114
[5507, 0.4981184, 1.0135107, 4.483937, 0.60952765] 2.9299624 0.91502243 0.8311311 1.2677754
[5508, 0.48479855, 1.0180792, 4.559825, 0.47658283] 2.7712722 0.9292964 1.0049533 1.2108532
[5509, 0.40332288, 1.091886, 3.6564991, 0.6079754] 3.0062752 0.9555024 0.83518475 1.3161849
[5510, 0.5325094, 0.9192463, 6.83852, 0.3412309] 2.305183 0.9956217 1.091692 1.088111
[5511, 0.491672, 0.9820183, 7.174812, 0.50341123] 2.3877728 1.054925 0.9636144 1.4250067
[5512, 0.4935815, 1.0373286, 3.77964, 0.5646663] 2.9347012 1.0216335 0.71844035 1.3241976
[5513, 0.40016565, 1.0427386, 7.537605, 0.39675727] 2.392018 0.9464737 0.9889654 1.3671483
[5514, 0.47354808, 1.0353936, 7.531237, 0.6140165] 2.475147 0.99272174 1.0683954 1.2135416
[5515, 0.34827858, 1.0505661, 7.1157928, 0.5143599] 2.4208517 0.8174261 1.0167748 1.3591183
[5516, 0.46776253, 0.9033404, 6.0829535, 0.23656577] 2.2366865 0.9507446 0.9054118 1.1091197
[5517, 0.52682644, 0.98475534, 6.042698, 0.5840989] 2.5500157 0.96784174 0.98651445 1.4053437
[5518, 0.5119625, 1.0294249, 5.4390025, 0.7475742] 2.7115462 0.77156126 0.9348572 1.5752413
[5519, 0.5797238, 0.98023754, 4.2713723, 0.55994916] 2.770293 0.9301687 0.92360455 1.5493354
[5520, 0.5478664, 0.9987122, 4.4938846, 0.55710036] 2.7894576 0.8584155 0.9240742 1.5161165
[5521, 0.37002477, 1.0410451, 8.015839, 0.42931718] 2.392848 0.89244866 0.98587704 1.3344129
[5522, 0.43742266, 0.99603325, 7.615041, 0.35219577] 2.3283632 1.1332986 0.92764395 1.2956474
[5523, 0.47446615, 0.92762953, 6.2313766, 0.31405258] 2.1277897 0.9641763 0.95996934 1.4571681
[5524, 0.5268365, 1.0101756, 4.7332716, 0.38760448] 2.5841563 1.2340391 1.0279659 1.3180097
[5525, 0.46073952, 1.0236776, 6.443085, 0.47721043] 2.5606134 0.9167177 0.9576722 1.3552243
[5526, 0.6074073, 0.9505333, 3.960256, 0.61885303] 2.964967 0.9217799 0.87301433 1.2513914
[5527, 0.42190692, 0.9973272, 7.28256, 0.34479976] 2.3210292 1.0457195 0.9780476 1.1809622
[5528, 0.504714, 1.0258712, 4.417197, 0.46672496] 2.8412306 0.99004644 0.88404125 1.2765938
[5529, 0.49817938, 1.0185655, 5.046446, 0.44846493] 2.7415636 1.0266944 0.95419115 1.1751381
[5530, 0.45155725, 1.0420245, 5.916453, 0.55348855] 2.8057685 0.792944 0.8620957 1.3774678
[5531, 0.47032234, 1.0239731, 7.187742, 0.5080538] 2.513317 1.1024164 1.0188097 1.1788479
[5532, 0.39488536, 1.0745564, 6.551727, 0.5647098] 2.508296 1.0033293 1.019117 1.3235084
[5533, 0.43637422, 1.1032429, 3.2814085, 0.55034673] 3.073202 0.929215 0.9014806 1.2958221
[5534, 0.48446974, 1.0203274, 4.9337187, 0.60405606] 2.7404718 0.95001364 0.9616539 1.3599412
[5535, 0.41141877, 1.0145144, 6.8522444, 0.32880294] 2.3291802 0.92554545 0.95093864 1.3578393
[5536, 0.48404288, 1.0338593, 5.863697, 0.46643266] 2.727053 0.92916346 0.96815 1.2100124
[5537, 0.466488, 1.0331762, 4.5871634, 0.52258503] 2.8630679 0.9701868 0.9026432 1.2104293
[5538, 0.4952081, 0.9824939, 6.8788176, 0.43766454] 2.5282881 0.8028262 1.0896585 1.167169
[5539, 0.5053146, 1.0368088, 3.6040952, 0.42068574] 2.914196 0.87226665 0.9400752 1.4376603
[5540, 0.42869127, 1.0328525, 7.013949, 0.5006183] 2.4808981 0.92453337 0.9823688 1.4102081
[5541, 0.5134319, 1.0046543, 6.0541425, 0.5078293] 2.6074767 1.0392431 0.98607236 1.2231663
[5542, 0.5127016, 1.0698057, 2.8527596, 0.5899782] 3.2078457 0.84058493 0.92279947 1.2639688
[5543, 0.4343521, 1.0288181, 6.658566, 0.4172647] 2.436729 0.98252714 0.9885549 1.3125641
[5544, 0.48027378, 1.0512096, 4.4882894, 0.6038089] 2.82056 0.93745565 0.864065 1.3216623
[5545, 0.5603101, 0.9987483, 4.576954, 0.58206874] 2.9298537 0.9475822 0.9058863 1.1492983
[5546, 0.50666714, 1.0068079, 5.746116, 0.48431098] 2.6977556 1.0232868 0.8808935 1.237556
[5547, 0.45672798, 0.99841106, 7.8414683, 0.61370194] 2.3823147 0.9679795 0.9874995 1.2837626
[5548, 0.4720453, 1.0213184, 6.1980224, 0.6141862] 2.5977976 1.070267 0.97188926 1.2615907
[5549, 0.36288124, 1.0579692, 7.7398133, 0.52684927] 2.4708881 0.913622 0.87970203 1.3384681
[5550, 0.4369215, 1.0356176, 6.893467, 0.42870185] 2.4245417 0.9958806 0.98312706 1.3717793
[5551, 0.56596386, 0.96471065, 5.2458043, 0.51310503] 2.8517299 0.69968176 0.86979866 1.3950886
[5552, 0.5265516, 1.0187311, 4.052685, 0.5393468] 2.912074 1.071711 0.9436984 1.1285614
[5553, 0.52087593, 0.9558517, 6.873964, 0.40340635] 2.3284492 1.1820712 1.0299467 1.1504608
[5554, 0.40014276, 1.0419605, 7.7084413, 0.5388829] 2.6623926 0.83366317 0.8780484 1.099287
[5555, 0.49252856, 0.9784926, 6.479293, 0.36302504] 2.4363127 0.94362855 0.99816746 1.3303831
[5556, 0.40122142, 1.0328825, 7.553861, 0.4866549] 2.3719912 1.098039 1.0137048 1.2413661
[5557, 0.43478096, 1.0179957, 7.167349, 0.4242943] 2.3511376 1.1871126 1.0311747 1.2073143
[5558, 0.4308816, 1.0585707, 5.798945, 0.45969424] 2.6935246 0.87197894 0.9176555 1.2237151
[5559, 0.58258414, 0.94538474, 5.8539605, 0.5628655] 2.6039762 1.1307411 0.93323416 1.2610939
[5560, 0.47104895, 1.0251415, 7.3267374, 0.4798928] 2.4953272 0.987236 0.97847915 1.3132147
[5561, 0.4850231, 1.0172112, 4.6258707, 0.5176905] 2.7614036 1.0337946 0.9568457 1.2627722
[5562, 0.49278623, 1.0169774, 6.496336, 0.6110601] 2.4886694 0.9046776 0.99581534 1.4385788
[5563, 0.386288, 1.05196, 6.616162, 0.5531273] 2.6785922 1.0171613 0.807499 1.221459
[5564, 0.4949948, 1.0395005, 5.3370647, 0.5161854] 2.6519105 1.1033374 0.983017 1.3175182
[5565, 0.48752168, 1.0493845, 5.1650214, 0.5359141] 2.7242634 1.0125993 0.9279694 1.2592272
[5566, 0.47320122, 1.0310512, 4.1695633, 0.55538225] 2.773251 0.8662976 1.0294245 1.3277094
[5567, 0.46976346, 1.0165347, 6.354494, 0.5078585] 2.590565 0.9335891 0.9879986 1.326854
[5568, 0.57272035, 0.96060103, 4.1836276, 0.394595] 2.9089808 0.9206714 0.9910354 1.1510819
[5569, 0.41744784, 1.0657248, 5.8609395, 0.5512031] 2.7197776 1.0772085 0.8819941 1.1798006
[5570, 0.40584448, 1.0355238, 7.5954227, 0.42083666] 2.434003 0.9926949 0.99263686 1.254345
[5571, 0.38536766, 1.0487705, 7.623924, 0.4252963] 2.3794727 1.0256648 0.9470292 1.2721002
[5572, 0.4747372, 1.0506376, 6.076953, 0.6838868] 2.790738 0.93405163 0.89285886 1.0565982
[5573, 0.45072207, 0.98443764, 8.1319275, 0.43974948] 2.3495665 1.1004565 0.97755426 1.0718372
[5574, 0.5244048, 0.96013063, 5.834171, 0.541757] 2.602112 1.0223893 0.91146994 1.3728039
[5575, 0.41364413, 1.0374049, 7.246138, 0.42651972] 2.4062057 1.1618515 1.1010967 1.0867673
[5576, 0.580001, 0.9411097, 5.9507885, 0.6041007] 2.5687435 0.83314806 1.0956212 1.443151
[5577, 0.49677008, 0.99469715, 7.0230985, 0.50751644] 2.6221993 0.8142415 0.81806856 1.3802469
[5578, 0.45143, 1.0915233, 3.3754988, 0.63592064] 3.097418 0.81693554 0.9563743 1.3661715
[5579, 0.46141127, 1.0313917, 6.479724, 0.5317643] 2.5079417 0.86503834 1.0266503 1.4222589
[5580, 0.52811533, 1.0120838, 3.9404104, 0.47166505] 2.7979152 0.9353235 0.9415708 1.3867792
[5581, 0.4589362, 1.0131202, 7.2495055, 0.4106111] 2.373077 1.0068974 0.9770834 1.4705715
[5582, 0.55013645, 0.9929073, 4.4323645, 0.49657163] 2.7219872 1.0436851 1.0206751 1.3365715
[5583, 0.55572355, 0.98237187, 6.1321483, 0.4794485] 2.457567 1.0154139 0.9433647 1.5533197
[5584, 0.50973487, 1.0650434, 3.7845585, 0.5201768] 2.9692483 0.9382817 0.9051313 1.2888054
[5585, 0.43402737, 1.0056335, 6.620413, 0.46343592] 2.5203738 0.9502969 0.8386154 1.3328025
[5586, 0.49079376, 0.97173965, 7.8964148, 0.4512579] 2.2871883 0.907303 0.9338564 1.4789037
[5587, 0.46898526, 1.0213592, 6.961287, 0.6268599] 2.5444767 0.93946815 0.95510465 1.4639258
[5588, 0.51063865, 0.9675197, 8.229854, 0.5675245] 2.4515066 0.93325084 0.89474636 1.3234851
[5589, 0.46361277, 1.0144168, 7.437288, 0.42313206] 2.687617 0.8457116 0.85277146 1.194155
[5590, 0.4858439, 1.0551045, 4.73603, 0.4529811] 2.910941 0.8316761 0.9387081 1.2451452
[5591, 0.41006517, 1.0452809, 6.084426, 0.8568274] 2.611875 0.93932235 0.9600977 1.3801049
[5592, 0.5019323, 1.0072159, 6.44, 0.60200596] 2.5429447 0.9970081 0.97065437 1.4276506
[5593, 0.43954024, 1.0827988, 3.1903121, 0.62244856] 3.0433457 0.94054633 0.8888204 1.3034585
[5594, 0.36533636, 1.0834695, 6.83144, 0.66626847] 2.4613254 1.0398515 1.1296406 1.2158078
[5595, 0.4123847, 1.056859, 6.7554517, 0.5290829] 2.6515763 0.95928174 0.98079586 1.1428833
[5596, 0.47494274, 1.0274274, 5.1334686, 0.5019514] 2.7481706 0.96045816 0.83703583 1.285772
[5597, 0.41435963, 1.054868, 6.8990655, 0.48058054] 2.6980374 0.83934 0.8973593 1.1711483
[5598, 0.45211473, 1.0381091, 5.9794836, 0.51847154] 2.4889004 0.9811389 1.1439471 1.3167489
[5599, 0.38105193, 1.0516288, 8.171737, 0.5261066] 2.5518558 0.88394356 0.9348044 1.2544096
[5600, 0.45198902, 1.0266565, 6.7637053, 0.46671262] 2.3583603 1.0384004 1.1012534 1.3098412
[5601, 0.51238644, 0.9981907, 4.97501, 0.50737226] 2.7482202 0.9021769 0.9857263 1.2935144
[5602, 0.496778, 1.0178062, 4.2062745, 0.54162055] 2.8468437 1.1074102 0.88393563 1.2050872
[5603, 0.44913772, 1.0114932, 7.582589, 0.40177697] 2.5927129 0.8853205 0.8501803 1.1277609
[5604, 0.49731442, 0.98495406, 7.587928, 0.47854197] 2.4123127 0.9949655 0.9978218 1.3876085
[5605, 0.39974454, 1.0379729, 7.8010097, 0.4151258] 2.4756372 1.0312239 0.8614887 1.2251213
[5606, 0.37590918, 1.0856596, 6.865272, 0.53451705] 2.432027 0.96412396 1.1977451 1.239348
[5607, 0.50157, 1.0366064, 3.7280247, 0.48635814] 2.8866885 1.0683302 0.9115748 1.2552599
[5608, 0.41078198, 1.0932574, 5.6620336, 0.6252827] 2.7198265 1.039534 0.7118122 1.3826638
[5609, 0.48731557, 1.0093918, 6.736509, 0.43214387] 2.3311088 1.0114903 1.1705197 1.3308704
[5610, 0.3827447, 1.06048, 6.805697, 0.56164205] 2.5085664 1.0954245 0.9595033 1.29054
[5611, 0.543096, 0.9857737, 4.887207, 0.5515135] 2.6426485 0.98252636 1.1485331 1.3210177
[5612, 0.5348276, 0.98789907, 5.0053616, 0.61006445] 2.8952703 0.8925766 0.9711447 1.1691449
[5613, 0.45517665, 1.0808153, 3.2297182, 0.59194875] 3.1780512 0.72432053 0.8300786 1.3506867
[5614, 0.48176283, 0.9493697, 6.828921, 0.31778145] 2.2283165 1.0872182 0.9502123 1.2575573
[5615, 0.54231554, 0.98471034, 3.8896952, 0.46633792] 2.9127712 1.000545 0.90455055 1.1490139
[5616, 0.5935228, 0.9769246, 3.5638843, 0.53363174] 2.941864 0.96403646 1.0118227 1.2336799
[5617, 0.49586526, 1.0111959, 6.05712, 0.518738] 2.5933065 0.94215584 1.0408933 1.2876073
[5618, 0.49299893, 1.0441473, 3.5068948, 0.5704067] 2.9489627 0.94929004 0.9685415 1.2313422
[5619, 0.5734759, 0.9938014, 3.726901, 0.48847488] 2.8558824 0.97700053 1.077595 1.3225036
[5620, 0.4606539, 0.96924484, 8.415644, 0.5033103] 2.345366 1.0129747 0.92127246 1.1979471
[5621, 0.4481007, 1.0189222, 6.7745714, 0.46991187] 2.781083 0.85183376 0.7555071 1.1478691
[5622, 0.53840095, 1.0089511, 4.4704084, 0.6505112] 2.8047225 1.0029825 0.95720154 1.3005427
[5623, 0.35952103, 1.0121166, 7.7365503, 0.36799017] 2.3558445 0.9520154 0.97006696 1.2374488
[5624, 0.47951746, 1.0228522, 7.067436, 0.5864242] 2.5241506 1.0243595 0.9356678 1.2226053
[5625, 0.5009221, 1.0011839, 5.67952, 0.5173036] 2.716211 0.942865 0.9772321 1.1943212
[5626, 0.48251143, 0.99940205, 5.678536, 0.55552757] 2.759866 0.9243689 0.7698079 1.2366434
[5627, 0.5514615, 0.9854071, 5.273937, 0.5505621] 2.5984042 0.9509597 0.91510355 1.5913388
[5628, 0.4557029, 1.0255618, 6.7379003, 0.5215635] 2.4870272 0.9419125 0.95819527 1.4261411
[5629, 0.49743238, 1.027878, 4.9371, 0.5742828] 2.91941 0.89947593 0.8984712 1.1798025
[5630, 0.49289963, 1.0132954, 6.506212, 0.53132105] 2.688025 0.9622516 1.012084 1.0842792
[5631, 0.47338173, 1.0308852, 6.6133504, 0.54231745] 2.7465167 0.8052969 0.8681621 1.2502053
[5632, 0.425334, 1.0538316, 6.418758, 0.5481302] 2.595147 1.0103277 0.91702497 1.2458496
[5633, 0.5600439, 0.98318017, 4.0639052, 0.51174784] 2.8515348 0.96776974 1.0262582 1.1846644
[5634, 0.5036378, 0.9895416, 6.0290003, 0.53402734] 2.7040362 0.84242624 0.9916879 1.2560527
[5635, 0.42638272, 0.9754628, 7.9305725, 0.55341375] 2.3740597 0.89143497 0.9358723 1.2548138
[5636, 0.5061285, 1.0346446, 4.177524, 0.5723853] 2.9466774 0.8884097 0.80383366 1.3122176
[5637, 0.47427765, 1.0600141, 3.8207958, 0.42009243] 2.9475029 0.91547364 0.96945244 1.1751825
[5638, 0.5331818, 1.0249212, 4.250003, 0.5276283] 2.8620226 1.0241895 0.9709271 1.2146246
[5639, 0.43520266, 0.9389641, 6.6189256, 0.29950285] 2.08374 0.93304497 0.99989367 1.3190498
[5640, 0.4781844, 1.0215747, 5.4641886, 0.5653012] 2.763224 0.99629307 0.94427496 1.1418606
[5641, 0.4029252, 1.0502237, 7.854656, 0.5325587] 2.3141441 1.0124819 1.0887975 1.3348829
[5642, 0.4272536, 1.0855864, 3.583056, 0.61996853] 3.015108 0.89529705 0.95830697 1.2576491
[5643, 0.4856838, 1.0116767, 6.7096367, 0.5104552] 2.717762 1.012546 0.8458656 1.0860993
[5644, 0.4503892, 1.0508852, 6.1253204, 0.51225156] 2.5837927 1.0423257 0.96142834 1.3267585
[5645, 0.5129043, 1.0486395, 3.0396924, 0.517472] 3.0953488 0.92656785 0.92893344 1.2421328
[5646, 0.52942914, 1.0170953, 4.5894656, 0.55091345] 2.9030435 0.90681887 0.9005274 1.2017605
[5647, 0.487468, 1.0288342, 5.909954, 0.5663459] 2.6821213 0.9203946 0.9503503 1.2635362
[5648, 0.5211537, 1.0094551, 5.244732, 0.5980457] 2.813007 0.9287623 0.8218169 1.346058
[5649, 0.4514973, 1.0626824, 7.0362983, 0.6078468] 2.626077 0.94726527 0.95921516 1.2536266
[5650, 0.40176505, 1.1319835, 2.9381084, 0.5585614] 3.0578272 0.9650856 0.98928225 1.3383054
[5651, 0.52754563, 1.043878, 3.5185008, 0.55015665] 3.0084698 0.9017547 0.95401704 1.3271544
[5652, 0.420364, 0.9998871, 8.0418, 0.47706243] 2.3543475 0.98505044 0.83517253 1.2724463
[5653, 0.59347916, 0.935012, 4.182721, 0.54174924] 3.0308309 0.706594 0.97359407 1.1314517
[5654, 0.40816626, 1.0274806, 7.54889, 0.44860008] 2.468431 0.9758348 0.964496 1.1866432
[5655, 0.35289192, 1.0504278, 8.369432, 0.5250826] 2.3014812 0.9826128 0.9849881 1.289566
[5656, 0.47567442, 1.0266148, 4.7282643, 0.43472332] 2.6392417 0.94440484 0.8979509 1.4645424
[5657, 0.55763483, 0.9422454, 5.1079264, 0.6115529] 2.733913 0.81412184 0.8756688 1.4890063
[5658, 0.5254498, 1.0137031, 3.751766, 0.4979032] 2.8768926 0.96174437 1.0737418 1.1779625
[5659, 0.49385738, 1.0401361, 3.7817132, 0.5168245] 2.9337003 0.9676074 0.9653877 1.2604173
[5660, 0.4756367, 1.0237929, 6.3082857, 0.6110047] 2.677023 0.9343794 0.92060024 1.3506463
[5661, 0.43324208, 1.0188221, 7.7294745, 0.77784556] 2.5119877 1.0075945 0.91257024 1.3339943
[5662, 0.4307406, 1.0443352, 6.683547, 0.556601] 2.551728 0.8243984 1.0136787 1.3693678
[5663, 0.47345853, 1.0286053, 7.0734725, 0.55298775] 2.36175 1.1214925 0.9694775 1.4527676
[5664, 0.531533, 0.9918082, 4.9658074, 0.55032843] 2.7116296 0.9037616 0.9605808 1.3677776
[5665, 0.43504158, 1.0533189, 5.8944964, 0.60109025] 2.6951125 0.9683999 0.9038384 1.2267483
[5666, 0.469583, 1.0229703, 6.010263, 0.45596296] 2.644284 0.78021175 0.93471205 1.4628665
[5667, 0.46703815, 1.0086864, 7.7898264, 0.6129678] 2.4589622 1.1172695 0.89831644 1.31079
[5668, 0.47017327, 0.9388534, 6.952767, 0.3214441] 2.3123798 1.0143948 1.0343091 1.0631437
[5669, 0.5378962, 0.97674185, 6.0486183, 0.506795] 2.713849 1.0450494 0.8677852 1.093443
[5670, 0.49258345, 1.0043107, 5.2774363, 0.44752854] 2.6242874 0.9753124 1.0303154 1.289638
[5671, 0.5066864, 0.99619496, 7.077938, 0.4596626] 2.5414443 1.0076058 0.85552573 1.2522597
[5672, 0.49961552, 0.9912341, 6.9434547, 0.49266782] 2.3895576 0.945859 1.0513937 1.4860013
[5673, 0.53948563, 1.0138954, 3.805431, 0.57661754] 2.9261057 0.8430163 1.0600533 1.3664416
[5674, 0.48292387, 1.0145506, 7.9462476, 0.55518574] 2.3658428 1.1435275 0.89817727 1.412199
[5675, 0.43476993, 1.132304, 2.803772, 0.6175202] 3.2106557 0.9522682 0.9494482 1.1837373
[5676, 0.45904773, 1.0414912, 6.7345486, 0.48148957] 2.4345858 1.1557316 0.9464208 1.4013209
[5677, 0.45422024, 1.0366229, 6.398181, 0.36123884] 2.50538 0.9741202 1.0063335 1.274974
[5678, 0.48446578, 1.0216389, 6.2414484, 0.40057915] 2.8123634 0.94195014 0.9104064 1.0039195
[5679, 0.477696, 1.0237129, 5.025222, 0.4698342] 2.7553172 1.0277495 0.8623494 1.2906431
[5680, 0.44836843, 1.0767671, 3.573872, 0.50075257] 2.8602233 1.0530676 1.0727407 1.3132119
[5681, 0.43065798, 1.0245717, 6.6452813, 0.39673772] 2.4412296 0.9912452 1.1235496 1.2677306
[5682, 0.41461313, 1.0143633, 7.833922, 0.42437372] 2.2939086 1.0639023 0.8442977 1.298412
[5683, 0.5404095, 0.99255145, 5.5017757, 0.44243592] 2.7279534 0.79269826 0.88945407 1.3814039
[5684, 0.45525077, 1.0049858, 6.2391424, 0.38567203] 2.4469516 0.81135213 1.0426619 1.4395154
[5685, 0.4832155, 0.93085015, 6.005488, 0.27734202] 2.3381057 0.82022655 0.99616086 1.1474743
[5686, 0.5393552, 0.9895877, 4.945593, 0.49197328] 2.7560751 1.0287164 0.8740769 1.2738262
[5687, 0.45365012, 1.0372219, 6.404392, 0.58504] 2.585039 1.011458 0.92877465 1.391031
[5688, 0.47978926, 1.0242904, 6.2910457, 0.53519756] 2.5971572 1.0189747 0.97540563 1.236895
[5689, 0.56322294, 0.9933545, 3.2763157, 0.55947745] 3.2888875 0.6946315 0.91195893 1.0401477
[5690, 0.3670225, 1.056985, 7.1601005, 0.5295588] 2.5752215 0.9755415 0.7794971 1.2608651
[5691, 0.49641114, 1.0114949, 5.8884916, 0.4357863] 2.6406581 0.990845 0.993632 1.2172806
[5692, 0.4847649, 1.0330083, 6.0536103, 0.5012707] 2.7125754 0.9726577 0.7551697 1.3936975
[5693, 0.49219495, 1.0017629, 6.8325224, 0.5620086] 2.4724607 1.1013405 0.8762531 1.4241252
[5694, 0.5595687, 0.98362786, 4.736748, 0.554173] 2.8174522 1.023193 0.94866043 1.2318496
[5695, 0.36806044, 1.044192, 7.5796456, 0.4794247] 2.2930412 1.0843526 0.99775934 1.3318418
[5696, 0.543488, 0.9913255, 3.6348615, 0.42530075] 2.8149827 0.8286564 0.915719 1.5289782
[5697, 0.44126698, 1.0338011, 5.5419683, 0.4554525] 2.5787044 1.0226123 0.9453909 1.3973569
[5698, 0.42338043, 1.0672044, 4.5321317, 0.5635858] 2.900457 0.83126307 0.9314271 1.1397276
[5699, 0.46572217, 1.014095, 5.764652, 0.5029603] 2.583945 1.2095119 0.89928454 1.199556
[5700, 0.5492626, 0.96953714, 5.00861, 0.53256464] 2.6492946 0.97173077 1.1424496 1.2751538
[5701, 0.40196934, 1.0642029, 5.736522, 0.49268577] 2.7276285 0.89949566 0.8509487 1.3072404
[5702, 0.54349977, 0.9775489, 6.7800345, 0.65931475] 2.6167824 1.0185782 0.9404844 1.1585207
[5703, 0.6125681, 0.9509982, 4.081359, 0.66631424] 3.037472 0.9243976 0.81341344 1.1255533
[5704, 0.54837, 0.9786004, 3.8021338, 0.5238494] 2.832473 0.91836196 0.98104125 1.5190746
[5705, 0.43668568, 1.1075608, 3.3193283, 0.63463926] 3.1466336 0.87203425 0.8929999 1.2948625
[5706, 0.589018, 0.95784616, 4.328617, 0.615479] 2.9207306 0.9320375 0.99852055 1.1594691
[5707, 0.47281656, 1.019003, 6.655479, 0.61783046] 2.418237 1.1181011 0.9008223 1.5196258
[5708, 0.44082573, 1.0110929, 6.948281, 0.41907752] 2.4389496 0.9606877 0.9262814 1.2918098
[5709, 0.5443682, 0.985299, 4.217313, 0.43232295] 2.917501 0.954405 0.79166275 1.2897233
[5710, 0.5219473, 0.9864246, 5.499636, 0.48273906] 2.7381911 1.0402381 0.86614704 1.286453
[5711, 0.44925088, 1.0240691, 7.1479445, 0.49750474] 2.3903418 1.1109031 1.0275692 1.2892804
[5712, 0.47438335, 1.0700697, 4.0775313, 0.811875] 2.8611324 0.9576202 0.9157408 1.3308045
[5713, 0.46450752, 1.0316352, 6.0733533, 0.5337723] 2.6954682 0.9439814 0.9420909 1.26316
[5714, 0.4658385, 1.0196755, 5.952107, 0.60828006] 2.714045 1.0952085 0.8722083 1.1821154
[5715, 0.5042297, 1.026151, 5.215991, 0.5298588] 2.70185 0.9161602 1.0193733 1.326893
[5716, 0.50516045, 1.0180602, 6.205598, 0.6775216] 2.6621103 0.8918863 0.96800035 1.2933091
[5717, 0.5087071, 0.9943431, 5.9809666, 0.54076123] 2.6707995 1.0530561 0.84539634 1.2598146
[5718, 0.37781197, 1.0496653, 6.627531, 0.33130613] 2.42829 1.0193219 0.9929116 1.2177274
[5719, 0.47913182, 1.0113742, 5.7799444, 0.5286765] 2.6638904 0.85561246 1.0328536 1.3119235
[5720, 0.45830846, 1.0210942, 5.7660646, 0.46367094] 2.6593049 0.96915257 0.8986883 1.3378712
[5721, 0.45444444, 1.0190012, 6.964353, 0.55906063] 2.3574066 0.98009914 1.1545517 1.3513714
[5722, 0.43638012, 1.0081962, 7.8044515, 0.48751193] 2.3423223 0.98732865 0.9562187 1.3689378
[5723, 0.50607204, 0.97946674, 6.4006243, 0.4207766] 2.5796757 1.0292981 0.9676303 1.1829267
[5724, 0.43104088, 1.0446184, 6.226965, 0.43881038] 2.673038 0.7942923 0.90255296 1.3386433
[5725, 0.5193164, 1.0217621, 3.8137372, 0.5150532] 3.0454118 0.9366319 0.88330764 1.0819579
[5726, 0.38633868, 1.0739008, 7.5684714, 0.52800936] 2.63628 0.8393408 0.9247372 1.1741993
[5727, 0.47822052, 0.9603852, 7.5133176, 0.34531072] 2.3890054 0.9334672 0.92257357 1.2453703
[5728, 0.51327974, 1.0124927, 6.3558383, 0.5286139] 2.604221 1.0760369 1.0133252 1.1832772
[5729, 0.41783145, 1.0357659, 7.1247687, 0.40170082] 2.4143116 1.0341163 0.93536824 1.2878448
[5730, 0.51976615, 0.9988815, 4.5682034, 0.45894006] 2.7935796 0.95196754 0.89242774 1.3252904
[5731, 0.6191814, 0.91341937, 4.5426583, 0.55443186] 2.8482437 0.9395419 0.8433411 1.2575268
[5732, 0.4513477, 1.0312749, 7.319225, 0.5559796] 2.6495667 0.9482125 0.85324776 1.1712174
[5733, 0.40568265, 1.0392628, 6.154114, 0.4687167] 2.5975213 0.8893418 1.0394863 1.314076
[5734, 0.54067975, 0.9985849, 4.813086, 0.427249] 2.6630824 0.9157155 0.9935358 1.4276925
[5735, 0.43187383, 1.0411667, 6.680525, 0.51232195] 2.6294572 1.0695057 0.93856186 1.1373892
[5736, 0.46467015, 1.0272888, 4.9338446, 0.5627957] 2.7116141 0.95509505 1.0295558 1.1972125
[5737, 0.42758456, 1.0183487, 6.5128803, 0.4714778] 2.399219 0.9452358 0.982778 1.3827999
[5738, 0.53521574, 0.9800992, 7.1423225, 0.4723001] 2.5064762 1.0422059 0.92805094 1.3430598
[5739, 0.46549436, 1.0839015, 2.8507717, 0.66070867] 3.250117 0.75818354 0.85487586 1.261136
[5740, 0.43520975, 1.0627756, 4.5020685, 0.54771966] 2.780663 1.0246066 0.92927796 1.2992783
[5741, 0.41682437, 1.0432713, 6.1948023, 0.46065012] 2.6284168 1.0469366 0.8995237 1.2183836
[5742, 0.45373225, 1.0385864, 5.4711413, 0.8048299] 2.7349608 1.0107101 0.92049193 1.2186527
[5743, 0.4481001, 1.0092187, 7.3548574, 0.52280396] 2.2377057 1.0762669 0.9760773 1.3624657
[5744, 0.515649, 1.0201803, 4.410469, 0.5186627] 2.8973386 0.97076905 0.8613365 1.2201234
[5745, 0.5614789, 0.960998, 4.8586383, 0.49680763] 2.8270526 0.8357419 0.8909505 1.3522696
[5746, 0.5189411, 0.99028426, 4.228484, 0.4969007] 2.8418293 1.0506382 0.9170958 1.1714004
[5747, 0.43278348, 0.994216, 6.8686204, 0.3450114] 2.1591964 0.98711306 1.0655499 1.4339179
[5748, 0.49814457, 0.8866711, 6.3072267, 0.27055496] 2.2350006 1.0597368 0.9854364 1.0382931
[5749, 0.4638466, 0.93582517, 6.5419054, 0.28933102] 2.197647 0.9959666 1.0394709 1.2527275
[5750, 0.5366409, 0.9818277, 6.218269, 0.58521944] 2.7002008 0.84765744 0.9807261 1.2895712
[5751, 0.40579018, 1.0566305, 7.3792133, 0.6120159] 2.445237 1.0720506 0.9249924 1.3307436
[5752, 0.4847034, 1.0192643, 6.4551153, 0.6907342] 2.4485393 1.0926372 0.9815984 1.4383965
[5753, 0.54185873, 1.0016327, 4.1521287, 0.49382976] 2.7555919 0.9801059 0.84504914 1.528941
[5754, 0.5259086, 1.0428733, 3.8929722, 0.66493195] 2.912888 1.0100026 0.99730796 1.2084581
[5755, 0.4608246, 1.0065687, 6.329994, 0.4701521] 2.5861034 0.924158 1.044385 1.2257966
[5756, 0.41629556, 1.0227613, 7.133936, 0.3963138] 2.5175743 0.98300177 0.9718517 1.1197096
[5757, 0.4423584, 1.0428197, 5.573026, 0.43024412] 2.6527627 0.8187858 0.9668325 1.3363864
[5758, 0.52925533, 0.9926512, 5.6462083, 0.53382856] 2.6066158 1.0668552 0.97191745 1.3098638
[5759, 0.51218885, 0.99953496, 5.148589, 0.5638789] 2.8695107 0.9398033 0.7682408 1.2267755
[5760, 0.4705635, 1.02611, 4.392648, 0.60947526] 2.8354824 0.97813374 0.92444646 1.3017757
[5761, 0.5548637, 0.99576443, 4.702662, 0.5523121] 2.9872015 0.8365826 0.82780206 1.129869
[5762, 0.5181363, 0.9929999, 5.8947535, 0.7027216] 2.6724107 1.1895638 0.87552905 1.0231351
[5763, 0.5663613, 0.95664984, 4.1806664, 0.44942504] 2.7781641 1.0133393 0.89294744 1.3827969
[5764, 0.57856125, 0.9685802, 4.2205005, 0.57195145] 2.680547 0.9758131 1.1796626 1.3822854
[5765, 0.45110035, 0.9748188, 7.126629, 0.48224983] 2.2288198 1.1004803 0.99849826 1.2412051
[5766, 0.5536463, 0.9932926, 4.6785088, 0.619551] 2.8832994 0.90197194 0.97048855 1.1533927
[5767, 0.49291173, 1.0569091, 3.6797528, 0.4736256] 2.8821387 0.8385517 1.0251213 1.3948864
[5768, 0.48784065, 1.0090857, 6.8243003, 0.5023838] 2.6976793 0.8673817 0.91697097 1.2055101
[5769, 0.50244606, 1.0360316, 4.440314, 0.4692677] 2.9839947 1.024558 0.8871413 1.0241293
[5770, 0.52952504, 1.0038165, 5.558012, 0.5749682] 2.7308857 1.0601563 0.88018405 1.1825801
[5771, 0.40685377, 1.0129663, 8.096079, 0.3868246] 2.5231605 1.0245978 0.81825656 1.0698059
[5772, 0.504276, 1.0089996, 6.502951, 0.5651076] 2.732302 0.8474255 0.9318536 1.1336616
[5773, 0.4721666, 0.9025935, 6.196621, 0.23785049] 2.0044947 1.0623177 1.0948628 1.3206445
[5774, 0.51351625, 1.0507703, 4.060057, 0.5501765] 2.880177 0.9065199 0.98845935 1.3225577
[5775, 0.43416545, 1.0426066, 7.006311, 0.60846686] 2.5513844 1.0590751 0.9206282 1.2353759
[5776, 0.41527292, 1.0407554, 6.9194393, 0.3952163] 2.5429287 0.8671085 0.98228043 1.1920885
[5777, 0.57137, 0.99800676, 4.3938456, 0.533515] 2.873561 0.7913775 1.0251873 1.2392083
[5778, 0.5214208, 1.0025704, 5.0281935, 0.58411705] 2.8297322 1.0515125 0.8234614 1.1330594
[5779, 0.40184215, 1.0108688, 8.306679, 0.44395053] 2.290333 1.0359493 0.9645791 1.3067865
[5780, 0.49103117, 0.9995403, 5.826721, 0.48400313] 2.5904193 0.97728777 1.0443825 1.333126
[5781, 0.43134198, 1.0262566, 8.511523, 0.42589086] 2.4814675 1.0068673 0.892373 1.1218277
[5782, 0.44262066, 1.052605, 6.773975, 0.43674988] 2.5134795 0.9461098 0.9223808 1.3790916
[5783, 0.5466363, 0.9848867, 4.304212, 0.45068252] 2.8304293 1.0184283 0.9913009 1.1431457
[5784, 0.43793795, 1.0435183, 7.2856584, 0.65005475] 2.6143281 1.0574201 0.8777199 1.1758084
[5785, 0.5237854, 1.03242, 3.6872456, 0.5015049] 2.9328797 0.9828094 0.9440857 1.2841904
[5786, 0.41624525, 1.0562912, 6.95404, 0.46642473] 2.46619 0.95067877 1.0095263 1.3618066
[5787, 0.49969703, 1.0089871, 5.6603765, 0.47239897] 2.712096 1.0942516 0.8266755 1.2516854
[5788, 0.4184504, 0.99621135, 7.917417, 0.40186563] 2.3522384 0.96789765 0.97377867 1.1914799
[5789, 0.5426038, 0.97708416, 4.920142, 0.4700119] 2.8809729 0.98623896 0.8586304 1.0847641
[5790, 0.4013074, 1.0551769, 6.894569, 0.62734693] 2.4712589 1.1120994 0.9746177 1.3438561
[5791, 0.414994, 1.0621026, 5.364207, 0.62032926] 2.859082 0.8932619 0.8435359 1.1595274
[5792, 0.5795052, 0.91554546, 6.834399, 0.541413] 2.650611 0.9259759 0.88117284 1.1420012
[5793, 0.40690404, 1.0421008, 7.513247, 0.45161033] 2.4640896 1.0150975 0.9221565 1.26526
[5794, 0.53535813, 1.0118126, 3.9809039, 0.540893] 2.844386 1.0131242 1.0311947 1.2569011
[5795, 0.43785542, 1.0493126, 6.854679, 0.5087321] 2.5334263 0.9075138 0.94335586 1.3847162
[5796, 0.46336848, 1.0137799, 6.2469916, 0.5370175] 2.4846447 0.94728243 0.958769 1.4867296
[5797, 0.52911115, 1.0223007, 3.7184358, 0.59377295] 2.9552972 0.81871885 0.8752935 1.3840419
[5798, 0.44450197, 1.0279076, 6.5470376, 0.4922339] 2.4359968 0.9983153 1.0307349 1.4292221
[5799, 0.443662, 1.0429639, 7.582976, 0.5480557] 2.5411217 1.0052193 1.024963 1.149171
[5800, 0.45939404, 0.96498877, 7.5535355, 0.40456173] 2.2026684 0.9655109 0.96174574 1.4835018
[5801, 0.50986034, 1.0243323, 4.262771, 0.4986808] 2.8261375 1.0479927 1.0122155 1.1595573
[5802, 0.60074544, 0.9553084, 3.8927553, 0.4921685] 2.9383106 1.0071105 1.0660354 1.0504636
[5803, 0.5667267, 0.9832948, 4.2974586, 0.44082448] 2.9049058 0.95856804 0.9180485 1.2061263
[5804, 0.4423311, 1.0421302, 7.5452094, 0.5398725] 2.5435147 0.9544763 0.95179045 1.2412913
[5805, 0.5570134, 1.0055004, 4.0889916, 0.5749746] 2.9723032 0.90489364 0.90376174 1.2912383
[5806, 0.5467833, 0.98157734, 5.1327276, 0.53991246] 2.8669758 0.9013304 0.8596617 1.1483139
[5807, 0.46536243, 1.0319496, 6.811204, 0.75045353] 2.5851815 0.80072373 0.818263 1.5522146
[5808, 0.49854368, 0.992173, 5.2088065, 0.5060664] 2.5848744 1.1277443 1.0921206 1.2170075
[5809, 0.5494868, 0.97240114, 5.0380487, 0.5356496] 2.7165203 0.9535552 0.9751574 1.3674138
[5810, 0.54193217, 1.0211083, 4.0266724, 0.67405725] 3.056181 0.9267862 0.89859027 1.1717312
[5811, 0.46160695, 1.0217401, 7.0273447, 0.4861373] 2.6497107 0.94025844 0.86169064 1.133949
[5812, 0.52484417, 0.970274, 6.788243, 0.49170157] 2.4361622 1.0981866 0.94515663 1.3664318
[5813, 0.4370947, 1.0206095, 6.3708844, 0.4106905] 2.461081 1.0446867 0.96246755 1.4103826
[5814, 0.4783131, 0.99246347, 6.9079723, 0.4438317] 2.4661267 0.89979506 0.9792288 1.2075715
[5815, 0.4916895, 1.0243727, 4.7915235, 0.5037769] 2.8227992 0.8666182 0.9528196 1.359726
[5816, 0.46379232, 1.0397795, 4.832937, 0.60845786] 2.840329 1.0117489 0.83492225 1.1876426
[5817, 0.42826948, 1.0183665, 6.845938, 0.4839681] 2.669402 0.8752302 0.9289819 1.1017524
[5818, 0.52288467, 0.98914653, 4.596903, 0.38486874] 2.88658 0.87545645 0.950074 1.2081356
[5819, 0.449434, 1.037132, 6.43959, 0.5305498] 2.4846973 1.1169983 1.0458294 1.2664598
[5820, 0.4963686, 1.0561273, 3.4908755, 0.5465644] 3.0518868 0.8101651 0.8779075 1.3177476
[5821, 0.51156056, 0.9777435, 6.0280643, 0.58166355] 2.6900978 0.9250903 0.8533552 1.2684212
[5822, 0.50598913, 1.0037783, 6.2464004, 0.51035947] 2.5294101 1.0529879 1.0110763 1.3228967
[5823, 0.3975749, 1.036557, 7.0176044, 0.5327156] 2.5429747 0.94177294 0.853933 1.2201425
[5824, 0.4872927, 0.98750263, 7.9183793, 0.50289994] 2.384815 0.93608195 0.95696837 1.3724039
[5825, 0.43220827, 1.0005957, 8.039359, 0.42549244] 2.3690202 0.9464513 0.9499273 1.2300481
[5826, 0.49624372, 1.022735, 5.992071, 0.48918548] 2.87364 0.8834732 0.7050503 1.1915358
[5827, 0.42154884, 1.0521132, 6.148958, 0.5467092] 2.5857599 1.0812811 0.8080077 1.3402653
[5828, 0.4259357, 1.0189168, 6.3793716, 0.4139987] 2.4547982 0.98471737 0.8848492 1.343704
[5829, 0.5333087, 0.9752799, 5.672118, 0.54439896] 2.6446512 0.7575162 1.0216378 1.4965956
[5830, 0.49818188, 1.0090793, 6.719574, 0.5294662] 2.6643686 0.83344513 0.97523344 1.1726755
[5831, 0.5191186, 0.99006325, 4.2810054, 0.41088632] 2.7788866 1.0276482 0.9348623 1.2551935
[5832, 0.5345837, 1.0247724, 3.5062194, 0.5237989] 2.9034705 0.9426731 0.94502556 1.398995
[5833, 0.5086151, 0.98228866, 7.47955, 0.48557153] 2.381337 1.0666207 0.90519994 1.3688972
[5834, 0.45228475, 1.0189012, 6.710802, 0.42986113] 2.504103 1.0136474 0.9004775 1.2664354
[5835, 0.5319235, 1.0256296, 4.035542, 0.5439854] 2.9258409 0.95595664 0.8507919 1.2693728
[5836, 0.44367105, 1.0068828, 5.982098, 0.4183194] 2.6560936 0.87529236 1.0131669 1.2008728
[5837, 0.5309861, 0.99733335, 5.595888, 0.5706909] 2.776265 0.9467527 0.84285617 1.2669462
[5838, 0.5238615, 1.01492, 4.407945, 0.49604064] 2.9432998 0.97195786 0.9174444 1.1157595
[5839, 0.5025997, 0.97736293, 7.19378, 0.52189076] 2.4742768 0.91760147 0.8943808 1.4223037
[5840, 0.48712814, 0.9768871, 6.9560547, 0.43483895] 2.3670285 1.1298492 0.9897541 1.2883662
[5841, 0.3386268, 1.085775, 6.7368345, 0.55643076] 2.6246924 1.011799 0.9994845 1.1982096
[5842, 0.5340301, 0.9810062, 6.3128204, 0.5794681] 2.4933207 1.0205787 0.98572683 1.4576834
[5843, 0.40012717, 1.0694911, 5.4471583, 0.58742225] 2.697378 1.0008177 0.85355747 1.321454
[5844, 0.47239166, 1.033051, 7.0841827, 0.52554435] 2.4744942 1.0579965 1.1402553 1.1148748
[5845, 0.5826456, 0.9936998, 3.9187834, 0.63939166] 2.973026 0.8184993 0.8864441 1.366761
[5846, 0.4415635, 1.0473185, 7.352118, 0.5342118] 2.1994903 1.081184 1.0424556 1.6351057
[5847, 0.39708066, 1.0492455, 6.8123436, 0.44478723] 2.4958346 1.0171864 0.9771934 1.1827826
[5848, 0.48456433, 1.0081223, 5.6289086, 0.4535392] 2.5720494 0.98190504 1.054949 1.3377388
[5849, 0.47865653, 0.9921106, 6.41682, 0.42062637] 2.5028698 1.1565113 0.95437485 1.2435206
[5850, 0.5145102, 0.9806626, 4.8801394, 0.51397425] 2.8046389 0.87549084 0.8342662 1.3581853
[5851, 0.4737331, 1.0881791, 2.8087437, 0.58893394] 3.3166554 0.8046736 0.8803486 1.1300545
[5852, 0.46247402, 1.1103003, 3.0090125, 0.6310156] 3.3600948 0.9160709 0.79800785 1.0513434
[5853, 0.44423667, 1.0442683, 7.0765576, 0.47618935] 2.609953 0.88914 0.9131421 1.3021972
[5854, 0.48808482, 1.0291598, 6.8987126, 0.6512081] 2.6568184 0.92217517 1.0136828 1.1309674
[5855, 0.4237626, 1.0441176, 6.984074, 0.6043923] 2.4071357 1.0445156 0.92957973 1.4582981
[5856, 0.52674854, 0.9913197, 5.223823, 0.4867587] 2.6219883 0.98501855 0.8580703 1.4489366
[5857, 0.45052898, 1.0064278, 7.0084715, 0.48462847] 2.4468186 1.1609677 1.0389892 1.1892751
[5858, 0.46747726, 0.9982423, 6.9192257, 0.520571] 2.5939348 0.9891861 0.8749863 1.3067917
[5859, 0.5191248, 1.0385165, 5.092873, 0.6809851] 2.7591717 0.947327 0.9489458 1.2652005
[5860, 0.5661482, 0.9700552, 6.1411133, 0.48404363] 2.8794293 0.90752965 0.91604257 0.9330813
[5861, 0.47932371, 1.0297399, 5.4455304, 0.6464609] 2.673008 0.9029663 0.9646533 1.3595184
[5862, 0.40741765, 1.0364002, 7.122824, 0.4981029] 2.5541818 1.0303608 0.8681458 1.2881514
[5863, 0.54709464, 0.96544653, 6.9977493, 0.34918508] 2.5677085 0.9669996 1.0391299 0.98722667
[5864, 0.49830595, 1.0218619, 5.7636847, 0.600171] 2.7717144 0.96397644 0.7995489 1.2469826
[5865, 0.56536204, 0.98718387, 4.195508, 0.50894684] 2.6766005 1.1263405 1.0495889 1.4549443
[5866, 0.49560577, 1.0766386, 3.5482855, 0.6202855] 3.077415 1.0732341 0.84779006 1.0898046
[5867, 0.4847367, 1.0533576, 3.7084355, 0.5843789] 3.0349634 0.9137057 0.87413645 1.267884
[5868, 0.3914916, 1.0495747, 7.7197, 0.4903682] 2.465304 0.94718254 0.95737547 1.294689
[5869, 0.51841706, 1.0174454, 4.028748, 0.44570327] 2.770568 1.0645293 0.91492385 1.3507824
[5870, 0.41082078, 1.0588473, 5.829549, 0.84354824] 2.7402623 1.012299 0.84159654 1.2192427
[5871, 0.56666416, 0.96870667, 4.69057, 0.5152204] 2.8969426 1.0964284 0.85584086 1.1177326
[5872, 0.5461244, 0.9990965, 4.5882106, 0.52126753] 2.8239572 1.060287 0.80311316 1.2857858
[5873, 0.461028, 1.0388494, 5.5640593, 0.4906239] 2.7637465 0.8657409 0.8868203 1.3324233
[5874, 0.57776713, 0.93223697, 6.1273866, 0.4965654] 2.5073674 1.0983934 0.99359393 1.3138822
[5875, 0.42652914, 1.0483645, 6.0494304, 0.5823319] 2.552248 1.0540402 0.99460715 1.3047205
[5876, 0.41316712, 1.0357879, 7.2158723, 0.45105922] 2.5295258 0.98017055 0.94095975 1.1471741
[5877, 0.46846667, 1.0096674, 7.836716, 0.46354434] 2.4301348 0.96950597 0.9294541 1.3701544
[5878, 0.4487866, 1.040604, 7.5620637, 0.7433125] 2.5359795 0.99961674 0.88851154 1.3844455
[5879, 0.46991873, 0.99816483, 7.4421096, 0.4947577] 2.3211565 1.1006334 1.0709472 1.3147634
[5880, 0.5443684, 0.97079074, 5.834789, 0.4682054] 2.8380728 0.8019217 0.9052069 1.1617895
[5881, 0.5447555, 0.98559785, 4.505144, 0.5260447] 2.6717155 0.96649355 0.9085194 1.5208416
[5882, 0.51589644, 0.9977717, 5.1782346, 0.5849919] 2.6797402 0.8099931 1.1381071 1.3388176
[5883, 0.47920123, 1.0048066, 6.2527547, 0.57098913] 2.4991066 0.98599684 0.9939239 1.4157858
[5884, 0.46969032, 1.0252051, 6.2209964, 0.4642092] 2.6055846 0.84865606 0.9403916 1.369748
[5885, 0.50070477, 1.0019975, 7.547979, 0.4756564] 2.5538132 0.9092766 0.9930277 1.2428219
[5886, 0.51848435, 1.0161752, 5.161956, 0.6212163] 2.7687988 0.9275986 0.9461096 1.3045233
[5887, 0.47366822, 1.0601435, 4.7030935, 0.6204186] 2.844737 0.9743701 0.8575726 1.296143
[5888, 0.53199273, 0.969698, 5.749041, 0.4524916] 2.710436 0.9682118 0.89549094 1.2601862
[5889, 0.4359033, 1.0978627, 3.1788173, 0.534866] 2.9950693 0.99168146 0.9620754 1.2075801
[5890, 0.4522893, 0.99462634, 7.9270306, 0.5612039] 2.4081619 0.88796055 0.87858933 1.3583856
[5891, 0.5228403, 0.98891443, 5.4771347, 0.45844892] 2.6896443 0.797504 0.93277454 1.4853598
[5892, 0.496, 0.95764583, 7.461754, 0.42287415] 2.512068 0.84910035 0.8228012 1.3251796
[5893, 0.4806192, 1.0189154, 7.5056024, 0.60306495] 2.532292 0.73571724 1.0653408 1.4197062
[5894, 0.5473498, 1.0037628, 4.3260384, 0.4694737] 2.842968 0.97325057 0.92405003 1.3561543
[5895, 0.5865704, 0.93747604, 6.381112, 0.591119] 2.5618849 0.9470981 1.0530878 1.2640377
[5896, 0.54139274, 1.0210986, 3.9663975, 0.5529011] 2.7501926 1.0582191 0.94985765 1.4739519
[5897, 0.43194678, 1.0280304, 6.732139, 0.51104254] 2.3982825 1.0632079 1.0283339 1.3442918
[5898, 0.46459976, 1.0337591, 4.1268115, 0.9330923] 2.9389555 0.8308079 0.9465019 1.3197337
[5899, 0.5202456, 0.9814104, 7.5949526, 0.6034105] 2.4210856 1.1110443 0.89932895 1.3384904
[5900, 0.43444908, 1.0451798, 5.653779, 0.43508416] 2.7206905 0.89922863 0.76322806 1.4174764
[5901, 0.42704418, 1.071171, 5.3800225, 0.48099157] 2.6085622 0.88160014 1.0083084 1.510678
[5902, 0.4908325, 1.0254767, 5.5140624, 0.527652] 2.826157 0.8619208 0.88870007 1.2097312
[5903, 0.4364315, 1.0351514, 7.5653996, 0.5509561] 2.6718414 0.8404246 0.92405725 1.122192
[5904, 0.45921916, 0.93944883, 8.200463, 0.32006922] 2.319539 0.9850117 0.9181885 1.3405933
[5905, 0.47585094, 1.0109826, 6.1736517, 0.48851788] 2.5676656 0.881307 0.8806587 1.455849
[5906, 0.46469048, 1.1071088, 2.7280817, 0.68224317] 3.2347088 1.0462792 0.8119913 1.2544768
[5907, 0.4357964, 1.0343966, 6.4304357, 0.47504118] 2.678483 0.9010289 0.9065982 1.2980908
[5908, 0.47067592, 0.94194746, 7.3171473, 0.36733085] 2.2407722 0.96429265 0.86366063 1.435013
[5909, 0.5652609, 0.9943152, 4.684851, 0.56694704] 2.7141058 0.9819829 0.9701701 1.4505289
[5910, 0.36470962, 1.0573267, 7.7499886, 0.5569776] 2.4252436 1.1239797 0.8510837 1.2556223
[5911, 0.5071919, 1.0227207, 7.024519, 0.71757585] 2.5526607 0.98646045 1.0602555 1.2688674
[5912, 0.44605634, 1.0272789, 5.78933, 0.5335787] 2.6560712 0.8060957 0.93939275 1.3733532
[5913, 0.43849885, 1.0315756, 6.9151573, 0.45966408] 2.420903 0.9355887 0.9671028 1.5237023
[5914, 0.3954975, 1.0523875, 7.7090216, 0.47035295] 2.2796807 1.0382276 1.0149091 1.4576489
[5915, 0.39666262, 1.1542209, 2.8286228, 0.7085486] 3.2039545 0.9200045 0.8889146 1.2912887
[5916, 0.5544399, 0.9763745, 5.4301467, 0.5043286] 2.358867 1.1231346 1.0234072 1.6283495
[5917, 0.5455152, 0.987408, 5.056268, 0.42517787] 2.7908163 0.8899664 0.8051573 1.4513078
[5918, 0.5044707, 1.007325, 5.6256557, 0.38110766] 2.7479172 0.98595166 0.8987584 1.0991957
[5919, 0.37067285, 1.0367246, 8.033102, 0.43700817] 2.426012 0.86284465 0.98704964 1.2106724
[5920, 0.5085086, 0.9858468, 6.901978, 0.46285704] 2.5941033 0.9116085 0.82680583 1.2415624
[5921, 0.45490843, 1.0544668, 6.46712, 0.56298596] 2.647986 1.0564085 0.8539642 1.2036068
[5922, 0.48535633, 1.010577, 7.1644278, 0.47926506] 2.5864954 0.9544082 1.0236406 1.0351852
[5923, 0.5803289, 0.9476612, 4.79431, 0.578771] 2.915866 0.91546065 0.9697744 1.0485035
[5924, 0.5080521, 1.0129949, 5.767112, 0.5942236] 2.7384455 0.97488886 0.9028963 1.2855669
[5925, 0.58267945, 0.9557969, 4.613598, 0.5105745] 2.7161758 1.0923256 0.9818034 1.2244991
[5926, 0.49158335, 0.9978379, 5.352214, 0.4942308] 2.7032824 1.0347563 0.8828989 1.2395751
[5927, 0.4640875, 1.0241132, 5.502993, 0.4166292] 2.712799 0.97479767 0.93894684 1.2303314
[5928, 0.46022123, 1.0095098, 6.6943407, 0.47295874] 2.5289824 1.1029682 0.9291928 1.1835666
[5929, 0.4872548, 0.9907258, 7.028803, 0.62800354] 2.3935618 1.0197477 0.95522195 1.3061963
[5930, 0.35291225, 1.0210901, 7.6126785, 0.43932503] 2.270261 1.0642154 0.95202583 1.292755
[5931, 0.47393498, 1.0390581, 6.4326096, 0.5773076] 2.7255664 0.85927844 0.85652214 1.2896354
[5932, 0.5626807, 0.9481879, 6.028146, 0.5460847] 2.5854862 0.9947844 1.0120562 1.2608014
[5933, 0.39169562, 1.074603, 6.59435, 0.43336174] 2.7051206 0.78614324 0.864155 1.204077
[5934, 0.47580144, 0.99658483, 7.061999, 0.51723164] 2.3935237 0.9586697 1.0850102 1.369381
[5935, 0.43198875, 1.0139221, 8.149639, 0.4698317] 2.4009721 1.0766944 0.9576121 1.2489605
[5936, 0.45158073, 0.97717196, 7.970502, 0.68126756] 2.5445094 1.1196047 0.83742416 1.0328387
[5937, 0.47341672, 1.0268079, 6.708668, 0.46001118] 2.5914102 1.0766008 0.86858404 1.1990986
[5938, 0.46571875, 1.0271293, 6.0006323, 0.54218554] 2.5855262 0.90017265 0.9408061 1.5198934
[5939, 0.5267541, 0.9974418, 5.53018, 0.59420186] 2.7568138 0.8881008 1.0075035 1.2294186
[5940, 0.462749, 1.0164247, 6.5846124, 0.4686779] 2.5633185 0.8313971 0.9077783 1.5095783
[5941, 0.38491994, 1.0655445, 7.808295, 0.5058287] 2.4876478 1.0702279 0.8936347 1.2366978
[5942, 0.4848749, 1.0110854, 5.6760983, 0.44467175] 2.6388106 1.0006789 0.9900478 1.2729284
[5943, 0.50353956, 0.8874876, 5.9786615, 0.22685818] 2.0223217 0.99888086 1.0277966 1.3772501
[5944, 0.53310704, 0.9683688, 5.8069468, 0.49322602] 2.6845713 0.8937522 0.9184412 1.3475958
[5945, 0.36649734, 1.0696306, 6.9864287, 0.6900525] 2.5648336 0.9163175 0.97767574 1.2263178
[5946, 0.48753583, 1.0067959, 5.749706, 0.5893024] 2.6991966 0.9218581 0.8960159 1.2055304
[5947, 0.4896904, 0.9906317, 7.8837156, 0.53074014] 2.4471228 1.0443246 0.94698995 1.2672054
[5948, 0.51642376, 0.9969718, 5.8690786, 0.50714076] 2.7924538 0.8838644 0.9814458 1.0567443
[5949, 0.40956962, 1.0297836, 7.598734, 0.5194327] 2.5225885 0.88255453 1.0016068 1.1388336
[5950, 0.6049714, 0.96918994, 4.228856, 0.51219344] 2.7848387 1.0120084 0.96624786 1.3439846
[5951, 0.43363893, 1.0271002, 7.5330143, 0.4136037] 2.4327826 0.9098798 0.94586056 1.3675723
[5952, 0.46104714, 1.0284253, 4.644939, 0.5539211] 2.9108558 0.9912173 0.81160116 1.1126276
[5953, 0.5249155, 0.9992387, 3.8090708, 0.49912593] 3.16694 0.9747081 0.7794029 0.99421936
[5954, 0.49398673, 1.0072117, 5.7248116, 0.6494986] 2.7360356 0.95761275 0.9932127 1.164484
[5955, 0.49229848, 1.0381598, 4.2161627, 0.5163687] 2.8822412 0.9208777 0.83033305 1.3758494
[5956, 0.41539377, 1.0186665, 6.979041, 0.522207] 2.7277133 0.8234639 0.78771156 1.1923184
[5957, 0.50166506, 1.0081121, 4.897449, 0.44859526] 2.8865275 0.9382969 0.9384778 1.1535045
[5958, 0.32771736, 1.0672481, 7.869412, 0.5008433] 2.3446417 1.0246223 0.9230155 1.393127
[5959, 0.50769347, 1.025719, 4.603212, 0.5356254] 2.990134 0.87369215 0.9146528 1.0863829
[5960, 0.5263506, 0.9896362, 5.5324254, 0.5865567] 2.705843 0.9415239 0.90973467 1.296275
[5961, 0.5362553, 1.0279557, 3.4131634, 0.57928246] 3.076886 0.91258717 0.88856345 1.2159241
[5962, 0.5104204, 1.0243386, 4.0709414, 0.70413893] 2.8947237 0.90560466 0.9683361 1.2840992
[5963, 0.5085292, 0.99555933, 5.3711143, 0.539684] 2.6937602 0.9462464 0.94489264 1.3572361
[5964, 0.4746421, 1.0284382, 5.8429294, 0.73138136] 2.6466181 0.8810803 0.9531098 1.2849563
[5965, 0.53012294, 1.0081491, 4.158607, 0.552959] 3.0382676 0.81659955 0.8552885 1.1628908
[5966, 0.4901011, 0.9944315, 6.0110884, 0.39034396] 2.545005 0.85205996 0.9925391 1.3089187
[5967, 0.52140516, 1.0152922, 3.5082302, 0.508744] 2.9474435 0.97707164 0.9366951 1.407081
[5968, 0.5253023, 0.861772, 6.559399, 0.29210347] 2.1990478 1.0534636 0.82430667 1.1187497
[5969, 0.4848361, 1.0143119, 5.0658813, 0.50335723] 2.7817378 0.96363086 0.84378463 1.1862686
[5970, 0.46253958, 1.0354818, 6.9231744, 0.7531709] 2.448067 1.0909266 0.99375546 1.3708638
[5971, 0.5026694, 1.0171595, 4.8562646, 0.50659055] 2.8919883 0.91054314 0.8440461 1.2354108
[5972, 0.4739456, 0.99984163, 6.1149044, 0.45310685] 2.5744958 0.860325 0.90283597 1.454202
[5973, 0.51371187, 1.0394739, 4.174355, 0.41829914] 2.8972344 0.9202907 0.85188943 1.3708514
[5974, 0.57570094, 0.9492564, 4.2544403, 0.57059497] 2.9016545 0.83563745 0.8153418 1.3912174
[5975, 0.52253616, 0.9969178, 6.502997, 0.59479266] 2.6397324 0.8730132 0.91281664 1.3040128
[5976, 0.5331275, 0.98575133, 5.1207695, 0.42164117] 2.5336773 1.0368252 1.108203 1.3472325
[5977, 0.5278433, 0.98102546, 5.938556, 0.53309166] 2.6972263 1.0112188 0.9439891 1.1290032
[5978, 0.4967503, 1.1114737, 2.61854, 0.72814393] 3.3561208 0.84702873 0.8503359 1.2935174
[5979, 0.47164115, 1.0232456, 5.661675, 0.67589736] 2.6413176 1.1202651 1.0101881 1.2083744
[5980, 0.48583943, 1.0735974, 4.2187824, 0.55429196] 2.8424926 1.0136054 0.898909 1.388777
[5981, 0.42518935, 1.0518459, 5.879224, 0.57936054] 2.6753328 0.96904045 0.9490989 1.1875143
[5982, 0.39328307, 1.0573725, 5.839223, 0.54719913] 2.5736814 1.0595814 0.9316551 1.3425933
[5983, 0.5489934, 0.990247, 6.1616497, 0.49032444] 2.444419 1.0456969 0.9135286 1.5830474
[5984, 0.4612396, 1.0055124, 7.5585914, 0.56705564] 2.523534 1.07016 0.9578418 1.1707096
[5985, 0.438286, 1.0343834, 6.0372505, 0.44319922] 2.4342372 0.9795309 1.0151776 1.4683652
[5986, 0.5117173, 0.9567734, 7.6197767, 0.4110452] 2.2416048 1.0521845 1.03182 1.3894455
[5987, 0.4480022, 0.99775153, 7.237084, 0.35891414] 2.2828429 0.8793441 1.0448601 1.4281238
[5988, 0.6135998, 0.9402444, 4.704379, 0.51121855] 2.9270477 0.9411452 0.7738133 1.1801825
[5989, 0.48197648, 1.1109928, 2.7659206, 0.6854295] 3.214757 0.78854775 0.9328084 1.3639416
[5990, 0.4957201, 1.0156283, 6.473721, 0.53781414] 2.6650658 0.8819175 0.9098344 1.2981247
[5991, 0.5198176, 0.9894205, 5.978787, 0.6579915] 2.7437105 0.8381776 0.97842497 1.2490653
[5992, 0.56488764, 0.95734423, 4.4139643, 0.4592252] 3.0074112 0.7879013 0.9794897 1.0534756
[5993, 0.5469566, 0.9705153, 6.544071, 0.48499873] 2.4424667 0.90828794 1.0597125 1.5347726
[5994, 0.49519593, 0.9950444, 7.2801685, 0.59023833] 2.316203 0.94499004 0.9684302 1.511768
[5995, 0.6024602, 0.9319921, 4.5317917, 0.53873104] 2.841642 1.0042562 1.0484706 1.1143029
[5996, 0.50695837, 1.0059546, 6.9631143, 0.4665058] 2.6638823 0.8695346 1.0321788 1.0826935
[5997, 0.47031048, 0.98782146, 7.567651, 0.46445087] 2.5247667 0.96893907 0.93447626 1.1219983
[5998, 0.4921179, 0.95597214, 6.9841413, 0.39704156] 2.5325518 0.9535333 0.9306069 1.1886986
[5999, 0.4770297, 1.0165501, 4.3886642, 0.54077524] 2.7942731 0.8796546 0.78778976 1.4543496
[6000, 0.45077264, 0.9963761, 8.812171, 0.5076399] 2.3233678 1.16161 0.930305 1.2111081
[6001, 0.55110395, 1.0347607, 3.234616, 0.4927394] 3.1682506 0.7557491 0.9013584 1.2558267
[6002, 0.43572837, 1.1486431, 2.9023447, 0.839884] 3.1118226 0.7937595 0.8494603 1.6359134
[6003, 0.5381839, 1.0193504, 4.6772876, 0.53741354] 2.8628454 0.92911834 0.8664519 1.2672346
[6004, 0.46848005, 0.97110444, 8.3619, 0.5981253] 2.1696324 1.0776451 1.0492953 1.474987
[6005, 0.42817056, 1.0194844, 7.303371, 0.50321674] 2.481396 1.0928195 0.936373 1.2057437
[6006, 0.47434425, 1.0104622, 6.1064773, 0.56077945] 2.6614242 0.85325 0.95286983 1.2773068
[6007, 0.45743945, 1.0243782, 7.076262, 0.5923386] 2.5412521 1.0564183 0.92342895 1.2680881
[6008, 0.47353193, 0.97342443, 7.352483, 0.46485856] 2.5311425 1.0439122 0.86957157 1.0715153
[6009, 0.4151802, 0.99914247, 7.4246264, 0.33228442] 2.2538345 1.0038439 1.0716909 1.2632002
[6010, 0.44278756, 0.95881677, 7.1867957, 0.3502518] 2.3385112 0.9899407 1.0366542 1.1089222
[6011, 0.50690144, 0.98994166, 6.1490374, 0.5494043] 2.5461638 1.0265858 0.91792977 1.4225396
[6012, 0.49538034, 1.0305521, 6.65164, 0.63740385] 2.5231698 0.9734546 0.9535199 1.4743748
[6013, 0.42560402, 1.1102511, 2.6855757, 0.6185634] 3.3974752 0.791424 0.82632565 1.0591662
[6014, 0.5533224, 0.9790157, 4.2530756, 0.4221206] 2.836436 1.0028794 1.0055822 1.2643902
[6015, 0.51908875, 0.9922916, 5.904276, 0.52585965] 2.6787817 0.97517747 0.9118353 1.2728344
[6016, 0.47035617, 1.0682745, 3.9199374, 0.53762186] 2.921573 1.0690037 0.855431 1.3927698
[6017, 0.5669675, 0.9742578, 4.793782, 0.59575707] 2.8760986 0.8614757 1.0087152 1.2173764
[6018, 0.5342775, 0.97916305, 5.818105, 0.53006667] 2.6118515 1.0355216 0.9183185 1.1933248
[6019, 0.45979, 1.0300976, 7.353634, 0.5292614] 2.3008945 0.9928929 1.1803433 1.4757047
[6020, 0.47945023, 0.97231907, 7.443826, 0.5420071] 2.4794176 0.9453197 0.97851276 1.1075847
[6021, 0.44716403, 1.0222366, 7.3761325, 0.44628084] 2.5838225 0.7922765 0.92854434 1.2944518
[6022, 0.48309022, 1.0326105, 5.3486586, 0.6393183] 2.573578 1.0451016 1.0006926 1.3778608
[6023, 0.4534461, 1.0485489, 6.243324, 0.4839457] 2.5744593 1.0473906 0.93533516 1.2650961
[6024, 0.48749596, 1.0056672, 6.3355947, 0.5758261] 2.599173 0.9748668 0.8908369 1.3741268
[6025, 0.5002131, 1.0184429, 6.18547, 0.55821747] 2.640439 0.9452585 0.9073454 1.3433353
[6026, 0.5598193, 0.98258746, 4.565649, 0.63505] 2.8185892 1.0624405 1.0098407 1.1133418
[6027, 0.4721494, 0.9730292, 8.330486, 0.45201218] 2.4377635 1.0093998 1.0752249 0.9298034
[6028, 0.5266869, 1.0583552, 2.9993289, 0.57826555] 3.2498598 0.8851723 0.7419581 1.2451191
[6029, 0.51463884, 0.99786514, 5.4305973, 0.5151474] 2.8068562 0.8559848 0.93558496 1.2479621
[6030, 0.51900774, 0.99591726, 4.4859447, 0.715652] 2.852667 0.8602381 0.89724684 1.2497127
[6031, 0.43158293, 0.97312057, 7.394101, 0.3537433] 2.3657453 0.98829883 0.87368053 1.3666077
[6032, 0.54469967, 0.97320753, 4.902222, 0.5220768] 2.715465 0.8881847 0.8989249 1.4281566
[6033, 0.4797097, 1.0274297, 6.46879, 0.4802837] 2.5612776 1.0538653 0.87393844 1.2993963
[6034, 0.44003418, 0.8930174, 5.965231, 0.20173837] 2.0669467 0.9744966 1.1126225 1.1503422
[6035, 0.4443714, 1.013433, 7.405635, 0.3937471] 2.368867 0.9175008 0.98127306 1.3992552
[6036, 0.42101085, 1.0256503, 8.27596, 0.57983005] 2.283914 1.0889189 1.0389111 1.3838133
[6037, 0.55326205, 0.97426844, 4.8371725, 0.6704931] 2.9185433 0.9889933 0.82236826 1.1353705
[6038, 0.47670332, 1.0183213, 6.664639, 0.4726187] 2.5090718 1.0485762 0.869037 1.3185046
[6039, 0.48779458, 1.0260729, 5.1536903, 0.51887673] 2.7859862 0.9704336 0.91963464 1.2136592
[6040, 0.5400416, 1.0356139, 3.9476395, 0.6443209] 2.955464 0.99400806 0.9744606 1.2016004
[6041, 0.42813873, 1.0487254, 6.6836495, 0.49355546] 2.5231493 0.9933182 0.96939725 1.334601
[6042, 0.46821824, 1.0286095, 6.7254786, 0.90171427] 2.5764222 1.0917972 0.9461443 1.231923
[6043, 0.40737635, 1.0378343, 8.453616, 0.5188176] 2.3978949 1.1096574 0.9413108 1.2049725
[6044, 0.55367863, 0.96069056, 6.01666, 0.5362638] 2.56879 1.0265568 0.99400544 1.2256509
[6045, 0.4528175, 1.0154516, 7.5211844, 0.48030326] 2.5792093 1.0192503 0.7845433 1.1691746
[6046, 0.5056527, 0.99666417, 5.1437745, 0.5799312] 2.756645 0.9025696 0.93678796 1.2488621
[6047, 0.50132406, 1.049346, 4.005532, 0.50499547] 2.9738743 0.95811605 0.92940277 1.207299
[6048, 0.5050584, 0.99739444, 6.17629, 0.48404473] 2.5773785 1.1069283 0.90135926 1.3235954
[6049, 0.5185995, 1.0083423, 5.085368, 0.6387149] 2.6527991 0.92914295 1.135005 1.3568765
[6050, 0.444772, 1.049751, 6.238466, 0.5308618] 2.7196443 0.95614 1.0067477 1.133891
[6051, 0.53223693, 1.0074793, 4.65875, 0.4878741] 2.7381506 0.9381308 1.0532289 1.335313
[6052, 0.5904789, 0.96892047, 3.8532798, 0.58607864] 3.0505207 0.9168251 0.9284609 1.1449102
[6053, 0.4652653, 1.042106, 6.738166, 0.65034586] 2.4481478 0.9779227 0.994546 1.4634479
[6054, 0.48411533, 0.92728657, 6.531973, 0.27367216] 2.0892148 1.1886972 1.1347018 1.1731851
[6055, 0.4145481, 1.0734184, 5.943224, 0.54851085] 2.6242568 0.8692378 0.9100675 1.4401437
[6056, 0.44678813, 1.0209966, 7.099779, 0.46282744] 2.601088 1.055999 0.821073 1.2437102
[6057, 0.5620455, 0.9543575, 4.0841317, 0.43805727] 2.996065 0.79024905 0.92892575 1.1182998
[6058, 0.56208193, 1.0229087, 3.0608866, 0.5689134] 3.0159242 0.91014737 0.91263765 1.4196568
[6059, 0.58429456, 0.96357644, 4.2420387, 0.4220718] 2.8263357 1.0792463 0.9454967 1.2004263
[6060, 0.41870308, 1.0073062, 8.489509, 0.5457901] 2.37434 1.0521567 0.8732798 1.2658772
[6061, 0.4899842, 1.0143995, 5.9929543, 0.6033309] 2.6836097 1.0566069 0.84385484 1.2902716
[6062, 0.36658794, 1.0596149, 7.5581427, 0.5562983] 2.4171503 0.97592926 0.9506713 1.4270307
[6063, 0.46061862, 1.0432893, 5.3166165, 0.5807022] 2.7382631 0.83490455 0.93681055 1.3784378
[6064, 0.34409675, 1.1138253, 3.0517647, 0.60576683] 3.0971327 0.83124423 0.9665882 1.3702465
[6065, 0.49779037, 0.9916931, 5.5375724, 0.5124142] 2.6716185 0.8937077 1.0602268 1.2535654
[6066, 0.42973638, 1.053877, 6.514325, 0.55209416] 2.596837 0.9318353 0.8675675 1.3792068
[6067, 0.40482196, 1.0130272, 7.0504932, 0.29757875] 2.4497812 0.8654648 0.9616092 1.2574953
[6068, 0.46206072, 1.026175, 6.7107925, 0.54449457] 2.5785117 1.0048239 0.91510373 1.2665567
[6069, 0.5573307, 0.9911743, 4.702139, 0.53610665] 2.804884 0.9453361 0.8738039 1.367698
[6070, 0.50620383, 0.99601215, 6.4963846, 0.47885242] 2.608524 0.9432626 0.85343736 1.2918555
[6071, 0.44754982, 1.0140141, 7.855352, 0.46420333] 2.2023003 1.0490928 0.9623104 1.5386636
[6072, 0.56150645, 0.96775967, 5.7410216, 0.4536977] 2.549399 0.85722953 0.98381615 1.5231892
[6073, 0.55120754, 0.9794584, 5.008468, 0.534117] 2.73366 0.8904992 1.0056881 1.3328791
[6074, 0.49826267, 0.95617276, 7.431104, 0.4069422] 2.4554186 0.97514313 0.9488949 1.2008494
[6075, 0.4206316, 1.0412105, 5.984562, 0.5588478] 2.4896665 0.9865847 0.95553225 1.318909
[6076, 0.4726292, 1.0248214, 6.0486307, 0.56796825] 2.624072 0.8193162 0.8835724 1.3969789
[6077, 0.4806158, 1.03537, 6.1656384, 0.498749] 2.6231782 0.9098608 0.97268784 1.2945133
[6078, 0.5333212, 1.0078573, 5.154857, 0.5288013] 2.6562912 1.0349096 0.84977806 1.5055584
[6079, 0.42541185, 1.0598605, 7.066218, 0.5083962] 2.3990028 1.0706635 1.0193063 1.3424115
[6080, 0.46128282, 0.99216986, 6.9542394, 0.50978476] 2.7597163 0.9261987 0.77735454 1.0799723
[6081, 0.48805386, 1.0197668, 6.5148573, 0.52268296] 2.4282937 1.1116407 1.0799632 1.3237598
[6082, 0.4565904, 1.0530964, 4.597604, 0.49925837] 2.7834625 1.0321747 0.93228275 1.2454072
[6083, 0.4829773, 1.0309898, 5.124836, 0.6353248] 2.8621922 0.93295217 0.83703506 1.2958391
[6084, 0.5464971, 0.9938969, 4.746279, 0.54891825] 2.8182375 0.9284623 0.9861524 1.2122579
[6085, 0.5359268, 0.9979694, 3.9589422, 0.52259094] 2.9631317 0.92223597 0.8807696 1.2512543
[6086, 0.53850335, 0.979487, 5.745446, 0.48159227] 2.5445492 0.9429315 1.033919 1.4969231
[6087, 0.4055279, 1.030375, 7.548578, 0.45254865] 2.4208977 0.95950866 0.8388483 1.3697401
[6088, 0.42125222, 1.0419971, 7.6396904, 0.53471595] 2.483987 0.9555213 0.9793616 1.2721422
[6089, 0.44038853, 1.0477822, 4.7862864, 0.49065882] 2.8264797 0.7932798 1.0483398 1.2186985
[6090, 0.46884522, 1.0285321, 4.61453, 0.4707299] 2.8301346 0.9921462 0.87696534 1.1670778
[6091, 0.5291383, 0.98688155, 6.5199585, 0.5663588] 2.6337278 0.98285437 0.99221754 1.1353356
[6092, 0.46242023, 1.0225579, 7.0593586, 0.66347456] 2.5495534 1.0431992 0.92791396 1.3011836
[6093, 0.5332737, 0.96418035, 6.116504, 0.45120737] 2.7238405 1.0147102 0.8573661 1.135048
[6094, 0.44226345, 1.0386271, 7.2287784, 0.57536155] 2.3845725 1.0314723 1.0070132 1.3300347
[6095, 0.49064076, 0.98310566, 7.934895, 0.51495826] 2.5304704 0.93290687 0.9379442 1.1219593
[6096, 0.45679137, 1.0520803, 6.1906295, 0.59333706] 2.6030025 0.9991482 1.0326979 1.3011721
[6097, 0.44044447, 1.0336668, 7.3359303, 0.6815388] 2.5472074 0.9822102 0.9721784 1.2783067
[6098, 0.55626637, 0.96071154, 5.0865536, 0.6164395] 2.795121 0.9132756 0.9326678 1.2399026
[6099, 0.49531823, 0.97545356, 7.5691953, 0.33860615] 2.293002 1.0982841 1.0868647 1.1514539
[6100, 0.44358134, 1.0238113, 8.016902, 0.5150689] 2.3484364 1.092388 1.0329918 1.2479523
[6101, 0.45229802, 0.92935944, 6.1007442, 0.27705562] 2.1908164 0.78945905 1.0519232 1.3375493
[6102, 0.4514291, 1.0465658, 5.715121, 0.51704884] 2.7139244 0.87922394 0.9620477 1.2976332
[6103, 0.49977198, 1.060399, 4.0356703, 0.52548116] 2.833025 0.92848295 0.95438457 1.3904723
[6104, 0.50809735, 0.9291386, 6.926829, 0.37236822] 2.2574434 1.1172574 0.990469 1.190205
[6105, 0.50435776, 1.004476, 4.7447567, 0.56339145] 2.6898973 1.0147449 0.9221022 1.4294177
[6106, 0.46478537, 1.003385, 7.8064246, 0.5821098] 2.5493777 0.98167413 0.8982115 1.1411881
[6107, 0.423465, 1.0705997, 5.1973233, 0.52797955] 2.5349853 1.1359742 0.93629956 1.4283122
[6108, 0.5149751, 1.0091783, 4.4634852, 0.4568322] 2.7511554 0.968893 0.9908357 1.4169372
[6109, 0.42499942, 1.048382, 6.5069957, 0.40076175] 2.4675677 1.0608035 0.99869704 1.3692665
[6110, 0.42815003, 1.0409416, 7.6103106, 0.49111694] 2.3846736 0.9433274 1.0748278 1.2877657
[6111, 0.5002162, 0.98539037, 7.2741575, 0.46016118] 2.5869393 0.9299082 0.99380934 1.0666734
[6112, 0.5158462, 1.0006027, 4.823069, 0.6378501] 2.864741 1.0669186 0.84163314 1.1359314
[6113, 0.4802614, 1.0256116, 5.3673205, 0.5072644] 2.7421658 0.95636994 0.9583534 1.2967367
[6114, 0.49464524, 1.0353899, 4.642671, 0.72634566] 2.7108343 0.9664309 1.0582573 1.3046492
[6115, 0.3713813, 1.053237, 6.696889, 0.42150158] 2.33422 1.1207148 0.9940084 1.339443
[6116, 0.4258668, 1.0425591, 5.542265, 0.43635425] 2.4963002 0.9584044 0.84744716 1.458853
[6117, 0.47803247, 0.99536586, 5.4084654, 0.45679456] 2.754839 0.9778303 0.88327885 1.207738
[6118, 0.5130968, 0.99330175, 7.1513133, 0.54148304] 2.621734 1.0190679 0.84416854 1.2583122
[6119, 0.50185263, 1.0081835, 5.2207255, 0.5922329] 2.5757544 1.0611258 1.0627134 1.2930369
[6120, 0.50148326, 1.0473313, 3.7650769, 0.53562945] 2.9898791 0.893163 0.9571756 1.2553843
[6121, 0.5809516, 0.94599605, 4.257756, 0.51558125] 2.920738 0.8917889 0.8950917 1.1848089
[6122, 0.43780017, 1.04765, 6.7797017, 0.5823304] 2.635432 0.89009905 1.0137038 1.2269825
[6123, 0.4626383, 0.99696237, 6.090671, 0.43870875] 2.564072 0.88430464 0.8130191 1.3163345
[6124, 0.40857863, 1.0615078, 6.97755, 0.49817342] 2.5065713 1.0216187 0.8950463 1.280282
[6125, 0.49718043, 0.99132746, 7.5203724, 0.4562082] 2.477636 0.8389786 0.99345315 1.4048762
[6126, 0.37332335, 1.038208, 7.5797315, 0.6168245] 2.3943086 1.1535463 0.91767055 1.25618
[6127, 0.5428698, 0.99229634, 4.956836, 0.5510604] 2.9267106 0.9577995 0.7781785 1.1254396
[6128, 0.51516837, 1.0411986, 3.1812077, 0.6243669] 3.1218367 0.7919729 0.9474559 1.3120521
[6129, 0.35002178, 1.1044288, 7.027327, 0.582125] 2.5817373 0.89317816 0.98337233 1.2944999
[6130, 0.41219962, 1.0582774, 5.041182, 0.5089021] 2.6771085 1.0706244 0.935664 1.3132042
[6131, 0.49042934, 1.0111932, 6.0933175, 0.6272677] 2.6598544 0.9967711 0.9390497 1.2450569
[6132, 0.4531582, 1.0303928, 6.06152, 0.41762486] 2.507357 1.007853 1.0114012 1.3134148
[6133, 0.602869, 0.95825547, 3.9057906, 0.5123747] 3.0602682 0.8763852 0.90745306 0.9960424
[6134, 0.3713199, 1.0372318, 7.5987496, 0.5450121] 2.5456948 0.93791443 0.83071053 1.3127807
[6135, 0.39908013, 1.0439392, 7.396236, 0.5673602] 2.4703033 0.99074376 1.0115608 1.2177204
[6136, 0.49854514, 1.0610697, 3.50097, 0.6608456] 2.9780798 0.9757903 0.91642815 1.3067983
[6137, 0.47257495, 1.0242591, 6.8174596, 0.51204526] 2.5512886 0.9357965 0.9580536 1.3297858
[6138, 0.5364244, 0.9908572, 4.8334846, 0.4180704] 2.8352726 0.8804879 0.86311346 1.2492491
[6139, 0.44893867, 1.0440468, 6.7109537, 0.52958965] 2.513744 1.0253106 1.0194718 1.3033556
[6140, 0.54397, 0.9567973, 6.118227, 0.48184764] 2.4633722 1.0201386 1.0885568 1.3982033
[6141, 0.40333772, 1.0517418, 7.4840064, 0.5296846] 2.473575 1.115897 0.93623656 1.2674543
[6142, 0.43971413, 1.0418344, 6.608394, 0.5304715] 2.5406115 0.8656739 1.0461704 1.3804104
[6143, 0.46706834, 1.0113894, 5.614207, 0.5094535] 2.629661 1.0578628 1.0591365 1.1694245
[6144, 0.4451896, 1.0100635, 6.8950343, 0.47061464] 2.4843566 0.9879164 0.88818777 1.3138466
[6145, 0.40314293, 1.0362912, 8.083785, 0.6398598] 2.398647 0.95510614 0.93149483 1.4815426
[6146, 0.51801455, 1.0162896, 4.559012, 0.5090951] 2.7687185 1.0560709 0.9387152 1.2940856
[6147, 0.5392691, 1.0216829, 4.1520543, 0.5940693] 2.889923 0.8936038 1.055393 1.230802
[6148, 0.5053023, 1.0194411, 5.702145, 0.51563907] 2.8205173 0.9550118 0.8514683 1.1679484
[6149, 0.47871333, 0.9983946, 7.574754, 0.51589113] 2.4203663 0.91137546 0.93439364 1.4201491
[6150, 0.5146199, 1.0168672, 5.3051248, 0.5318803] 2.6761036 0.85237056 0.97030693 1.4569198
[6151, 0.52231455, 1.0681891, 3.7006445, 0.6174007] 3.0324771 0.9333162 0.9479961 1.2312112
[6152, 0.5683375, 0.95153296, 5.5323567, 0.6483955] 2.5531309 1.0552272 0.9032357 1.4451783
[6153, 0.49291798, 1.0211323, 5.128459, 0.594845] 2.814408 0.9995692 0.85342526 1.2236718
[6154, 0.48515368, 1.0178577, 5.9505367, 0.62305963] 2.5950406 0.98389214 0.94139504 1.420461
[6155, 0.565497, 0.96996385, 4.5857916, 0.5428384] 2.918831 0.85468924 0.89290875 1.2678627
[6156, 0.498012, 1.0034201, 4.1067266, 0.529589] 2.844267 1.0426855 0.85841095 1.3442072
[6157, 0.4653482, 1.0220065, 6.7629685, 0.40281254] 2.5482492 1.0295744 0.9466983 1.2724181
[6158, 0.4875455, 1.0018964, 7.2161093, 0.523353] 2.5268352 0.9771059 1.0396774 1.2026736
[6159, 0.48160988, 1.0331975, 5.096109, 0.60439664] 2.706821 0.900923 1.0036042 1.3787876
[6160, 0.4990663, 1.0180889, 4.68227, 0.5719907] 2.7841208 0.9905961 0.9441106 1.2484138
[6161, 0.48956278, 1.031164, 5.8701944, 0.6193611] 2.6742225 0.9321061 0.897075 1.342382
[6162, 0.47334713, 1.020318, 7.28089, 0.6575962] 2.6152134 0.9380408 0.9090172 1.2213523
[6163, 0.46179166, 1.0162411, 6.941686, 0.66034025] 2.656276 0.899297 0.8666513 1.3086611
[6164, 0.48102146, 1.0129328, 6.304282, 0.51425713] 2.543523 0.9166779 0.93582463 1.3812013
[6165, 0.5641973, 0.9748254, 5.4917493, 0.52333325] 2.5208507 1.0311184 1.2184459 1.3275489
[6166, 0.48550457, 0.9977168, 7.2816315, 0.4757449] 2.4674487 0.94699603 0.9447576 1.3274366
[6167, 0.54039735, 1.0111973, 3.2510352, 0.428885] 2.9686596 0.9368908 0.91400164 1.2871968
[6168, 0.47931778, 0.99796677, 7.8048186, 0.50841445] 2.6801658 1.016406 0.8560358 0.9293744
[6169, 0.48393902, 1.0805624, 3.4459097, 0.62105626] 3.1324341 0.991186 0.8251855 1.2188343
[6170, 0.44717664, 1.0078887, 6.6922398, 0.66884303] 2.602966 0.9455615 0.8314214 1.3965886
[6171, 0.48367208, 1.0288157, 6.1153173, 0.5233345] 2.6750345 0.8720163 1.0002112 1.2121433
[6172, 0.45721304, 0.995211, 6.193346, 0.47482008] 2.5949197 1.0119082 0.8490333 1.1389158
[6173, 0.5083241, 1.0183989, 5.1786103, 0.58014536] 2.8913097 0.8120437 0.85845244 1.2543728
[6174, 0.52016026, 0.9938415, 6.128642, 0.4428952] 2.6853218 1.0326002 0.89277285 1.1375865
[6175, 0.40198046, 1.0398734, 7.5196457, 0.4302648] 2.4433577 0.96762383 0.94946593 1.2970791
[6176, 0.45404595, 0.9993487, 7.8290915, 0.41401625] 2.5434504 0.9065524 0.90612215 1.004181
[6177, 0.45656186, 0.9615309, 7.5715256, 0.37064976] 2.2851424 1.0653658 0.99101955 1.2607182
[6178, 0.48869297, 1.0025843, 6.0743203, 0.44489184] 2.6855695 0.99098706 0.905676 1.1772004
[6179, 0.41234273, 1.1383157, 3.1113014, 0.643493] 3.1553404 0.90501386 0.78109324 1.4160941
[6180, 0.52014273, 1.0352234, 3.8096526, 0.5209301] 2.843929 0.8955797 1.0240002 1.3809986
[6181, 0.43117437, 1.0426815, 6.0477057, 0.5178806] 2.5703735 0.9336994 0.9263768 1.4178728
[6182, 0.4728002, 1.0236306, 6.8855095, 0.4674964] 2.502236 0.7970728 1.1072423 1.3111181
[6183, 0.39386788, 1.0258899, 7.7740145, 0.36977854] 2.4178355 0.97268915 0.9394308 1.2970132
[6184, 0.52219605, 0.9870168, 6.06167, 0.47026715] 2.7548382 0.9050623 0.9245242 1.0917585
[6185, 0.46325538, 0.9968769, 7.353185, 0.5612423] 2.5489275 0.9243536 0.96438134 1.1566654
[6186, 0.50657904, 1.015791, 6.376756, 0.59982437] 2.6328847 0.9977252 0.93080205 1.2577108
[6187, 0.52225304, 1.0126711, 6.0031695, 0.5811993] 2.5822837 0.95568466 0.91676974 1.496846
[6188, 0.44806767, 0.9879838, 8.52226, 0.42864522] 2.4614878 0.95571756 0.8381612 1.1309433
[6189, 0.49577963, 0.98277044, 7.8715506, 0.41587391] 2.3466544 1.0551046 1.0264376 1.2605647
[6190, 0.39445132, 1.011949, 6.870567, 0.4275899] 2.1314166 1.235507 1.0800344 1.3307478
[6191, 0.4534368, 1.03659, 7.0160375, 0.5647128] 2.5153074 0.84628624 1.0148073 1.362758
[6192, 0.4465043, 1.0271156, 6.6481695, 0.5511103] 2.5745351 0.9924044 0.942143 1.1999066
[6193, 0.4189015, 1.1440843, 2.817069, 0.66162413] 3.1746173 1.0736516 0.8412609 1.2592485
[6194, 0.48984352, 1.0184598, 6.2303996, 0.68740106] 2.641406 0.9629157 0.9934273 1.3049002
[6195, 0.45600083, 1.0194119, 7.703405, 0.5278164] 2.4874077 1.0703766 0.91393036 1.272142
[6196, 0.45966414, 1.0113057, 7.334649, 0.5452852] 2.6214728 1.0215018 0.8177261 1.1822445
[6197, 0.37204805, 1.0591816, 7.277475, 0.4606661] 2.3870666 1.0129237 1.0066048 1.4091942
[6198, 0.52818966, 0.9994421, 4.892374, 0.537404] 2.5978127 1.0293546 0.95232564 1.4884418
[6199, 0.43778062, 1.0286214, 6.9637375, 0.46582428] 2.629952 0.9551769 0.7776243 1.3202919
[6200, 0.4280259, 1.0558989, 5.258049, 0.57358974] 2.7513332 0.94241524 1.0554818 1.2368486
[6201, 0.50195825, 1.0014616, 6.0395055, 0.5244034] 2.6499217 1.0836399 0.8518638 1.2920682
[6202, 0.426049, 1.0537738, 6.575086, 0.51327395] 2.666202 0.967561 0.8985888 1.1623285
[6203, 0.37629387, 1.0949326, 7.941222, 0.6124415] 2.4828024 1.0427918 0.7993277 1.4103183
[6204, 0.533083, 0.99002314, 5.7897897, 0.51656693] 2.694816 1.0106744 0.90450996 1.275811
[6205, 0.4409161, 1.0400182, 6.6030693, 0.42373383] 2.4853628 1.0978336 1.0426437 1.2738518
[6206, 0.5859875, 0.9545589, 4.5178976, 0.51645225] 2.517011 1.0070745 0.9920522 1.600649
[6207, 0.42487073, 1.1011915, 3.6280286, 0.567898] 3.137915 0.8147685 0.7860737 1.2708861
[6208, 0.49400082, 1.0199298, 4.808872, 0.62811357] 2.7829914 1.0322895 0.9136222 1.2482455
[6209, 0.47759795, 0.9918429, 6.869277, 0.55888826] 2.6810598 0.91638225 0.90621954 1.0870081
[6210, 0.4879377, 1.0081822, 6.239946, 0.5380164] 2.6974905 1.05183 0.87234163 1.162078
[6211, 0.48219308, 1.0302058, 5.1249185, 0.5002775] 2.7938912 1.0023168 0.82154953 1.2428695
[6212, 0.48311096, 1.0101931, 5.521412, 0.42079273] 2.6601262 0.8864324 1.0035433 1.3122646
[6213, 0.530757, 0.9907893, 6.0437155, 0.56396836] 2.6896172 0.835866 0.922793 1.352754
[6214, 0.54667103, 0.9779032, 5.178939, 0.55577177] 2.7749636 0.9650355 0.9533936 1.2125345
[6215, 0.37381688, 1.0476106, 7.670553, 0.52487546] 2.5912519 0.9278181 0.931035 1.0178465
[6216, 0.52379435, 0.99792254, 5.977537, 0.65640706] 2.6705446 0.9399245 0.9624967 1.3576905
[6217, 0.56755203, 0.9699146, 3.5236075, 0.48566672] 2.9632862 0.9778694 0.99387616 1.1768745
[6218, 0.5546067, 0.9824606, 5.2657323, 0.60915697] 2.7465773 0.91763586 1.0565865 1.1591605
[6219, 0.5082946, 0.9994087, 6.995222, 0.7526845] 2.5849607 0.9658113 0.9562277 1.2137562
[6220, 0.37900746, 1.0628285, 7.008255, 0.592483] 2.5395515 1.0058918 0.93485606 1.2949191
[6221, 0.40848258, 1.0376271, 8.107539, 0.42314976] 2.3173316 0.87386316 1.082613 1.2910327
[6222, 0.5463993, 1.0028173, 4.463216, 0.5425492] 2.819668 0.9209029 0.9977065 1.331314
[6223, 0.46570358, 1.0336226, 6.402713, 0.37876603] 2.4988701 0.9322168 1.1223819 1.2663713
[6224, 0.5699468, 0.9641742, 5.6897593, 0.59026366] 3.0028987 0.83850086 0.7378759 0.9672977
[6225, 0.42670652, 1.0149682, 7.700175, 0.40372756] 2.4109952 1.0095881 1.0263797 1.2045134
[6226, 0.40471637, 1.0280498, 7.72531, 0.49641338] 2.4494977 0.92261076 0.9728218 1.3635997
[6227, 0.46753284, 1.0494086, 3.9765005, 0.69846797] 2.8134315 0.88459885 1.0648733 1.3550056
[6228, 0.532538, 1.04564, 3.9677417, 0.5097982] 2.8146155 0.88245654 1.0065333 1.5018134
[6229, 0.51971114, 1.0095857, 4.8439193, 0.7291326] 2.7878208 0.83903885 0.77539706 1.563393
[6230, 0.48924056, 1.0605918, 3.4478223, 0.64153814] 3.1371703 0.76897067 0.89416844 1.2626731
[6231, 0.535927, 0.97654665, 6.310595, 0.40515044] 2.6705225 0.9937021 0.97375757 1.0753803
[6232, 0.477517, 1.0109452, 7.252521, 0.5387697] 2.4916594 0.9796946 1.0709989 1.193045
[6233, 0.57235616, 0.94029844, 5.6171665, 0.6022851] 2.6428494 0.9409205 0.875512 1.4775655
[6234, 0.46893835, 1.0337152, 4.2652826, 0.47262442] 2.9149606 0.9250301 0.8448381 1.2413337
[6235, 0.5714647, 0.9618779, 5.0405827, 0.58878183] 2.7675793 0.8621944 0.972931 1.3284179
[6236, 0.5213609, 1.027812, 3.3974237, 0.52000403] 2.955738 0.8705373 1.0223591 1.2616807
[6237, 0.5628713, 0.98838687, 4.4432955, 0.4699406] 2.9578025 0.8074132 0.9740023 1.1604427
[6238, 0.5040124, 1.008495, 6.1487045, 0.5617912] 2.6588445 1.0450054 0.8960988 1.2135295
[6239, 0.4911935, 1.024217, 4.323639, 0.5592896] 2.7871401 0.8890622 0.94042736 1.418632
[6240, 0.39096117, 1.0013716, 7.9768543, 0.4988925] 2.4527507 1.0874397 0.86912555 1.1399081
[6241, 0.46754703, 1.0285596, 6.292535, 0.59392893] 2.6594417 0.86763847 1.0024105 1.1730264
[6242, 0.58498067, 0.9307753, 6.304635, 0.4315052] 2.7081122 0.8795602 0.9134745 1.2409463
[6243, 0.4259261, 1.0125368, 7.420144, 0.5189369] 2.4164002 1.038068 0.8855047 1.3403078
[6244, 0.4943366, 0.98802644, 6.761237, 0.4951907] 2.454799 0.9051997 0.9835787 1.5116985
[6245, 0.44455317, 1.0381902, 5.30923, 0.5837465] 2.5701559 1.0634731 1.0807402 1.2348989
[6246, 0.41200718, 1.0508419, 6.2658677, 0.57103795] 2.5892537 1.0672063 0.86595 1.2523606
[6247, 0.46441114, 1.0103321, 5.9262605, 0.44600102] 2.7848423 1.0015593 0.822715 1.1180521
[6248, 0.49113286, 1.0128667, 4.74902, 0.4473925] 2.7770653 0.8395379 1.0241169 1.1951107
[6249, 0.47177675, 1.0529801, 4.2898674, 0.6491263] 2.9607596 0.81039506 0.81390214 1.2660478
[6250, 0.4398422, 1.0052459, 7.4688544, 0.49086863] 2.5049067 0.9653116 1.0121562 1.1745535
[6251, 0.49775052, 0.98978555, 6.297502, 0.48450541] 2.5278325 1.013024 0.99187034 1.272457
[6252, 0.40752462, 1.0246296, 7.52324, 0.41123226] 2.5496733 0.902587 0.836132 1.2268052
[6253, 0.47812, 0.9601188, 7.854051, 0.42103612] 2.4372962 0.9046706 0.9486474 1.1986469
[6254, 0.5106238, 1.004619, 3.6435719, 0.65413177] 2.9949036 0.9267941 0.8735406 1.1985914
[6255, 0.48730847, 1.0258634, 5.2552395, 0.5010132] 2.7351406 1.1482296 0.95494807 1.0854994
[6256, 0.48515967, 1.0074701, 6.1594677, 0.54055256] 2.5980868 1.0132843 0.966475 1.1131814
[6257, 0.47126108, 1.0442055, 5.758206, 0.5323569] 2.6379614 1.0747155 1.0064318 1.2500455
[6258, 0.39170367, 1.1168878, 3.0797648, 0.55970186] 3.0838113 1.0099988 1.0030092 1.2203526
[6259, 0.5165272, 1.0604517, 3.0463557, 0.60482043] 3.0084624 1.0340002 0.93581855 1.4011221
[6260, 0.46011797, 1.0380206, 6.5141454, 0.51320696] 2.5655262 0.8868204 1.0748271 1.2784239
[6261, 0.46426556, 0.9438416, 7.2238636, 0.2999138] 2.3117406 0.8601837 0.98700607 1.2166073
[6262, 0.49914876, 0.99773055, 5.2979755, 0.51663405] 2.8302166 0.8770008 0.84748715 1.2484726
[6263, 0.486295, 1.0007324, 6.787756, 0.47889262] 2.7528162 1.0377648 0.8089242 1.0276067
[6264, 0.47068855, 1.0341415, 6.08868, 0.7245365] 2.648854 0.94694227 1.0605893 1.2626805
[6265, 0.4731968, 1.1276509, 2.8640978, 0.78129625] 3.486057 0.70014954 0.9646542 0.9865731
[6266, 0.5095971, 0.99775606, 4.9636793, 0.53285766] 2.7455406 1.0437357 0.9260191 1.1872791
[6267, 0.5449071, 0.99806625, 3.7141957, 0.58215326] 2.817128 0.9653891 0.9614488 1.415571
[6268, 0.41055667, 1.0560107, 6.922389, 0.75342685] 2.610111 0.8942554 0.99307823 1.2732717
[6269, 0.40636003, 1.0357345, 7.0816765, 0.5038873] 2.460133 1.0124282 1.0288274 1.2198689
[6270, 0.44160345, 1.027691, 7.5468154, 0.50660205] 2.4917183 1.0544885 0.9146425 1.2792151
[6271, 0.45796177, 1.0473694, 6.701586, 0.42249852] 2.6374261 0.98305845 1.0043555 1.0166867
[6272, 0.4988508, 0.9944183, 5.130436, 0.49562505] 2.6607702 0.9958664 1.00549 1.2611891
[6273, 0.41869727, 1.0443712, 7.695046, 0.497602] 2.5589573 0.7941139 1.012555 1.2668288
[6274, 0.47927928, 1.0369097, 4.3098865, 0.56415105] 2.9026756 0.8570329 0.9898615 1.2506217
[6275, 0.45710626, 1.0413041, 5.582563, 0.4385471] 2.598416 1.0427469 1.015809 1.2839628
[6276, 0.5722383, 0.9596778, 4.8243284, 0.4091171] 2.6860082 0.9989215 0.97267115 1.2702289
[6277, 0.46106628, 0.95161796, 7.706919, 0.34752727] 2.4822886 0.8961982 0.90527654 1.0149004
[6278, 0.5242691, 0.9660004, 5.8029656, 0.52448565] 2.7612588 0.9196026 0.87719125 1.1917019
[6279, 0.46063367, 0.99554294, 8.167623, 0.4067985] 2.2749426 1.1019866 1.0196172 1.2692335
[6280, 0.5800867, 0.9576678, 4.630957, 0.5069232] 2.710766 0.9992452 1.0253167 1.3737462
[6281, 0.4642652, 1.0618471, 3.852745, 0.48147228] 3.0961356 0.7113462 0.84689456 1.2169522
[6282, 0.5760953, 0.95583695, 5.1576915, 0.5128237] 2.6362638 1.0833184 0.9355658 1.3634554
[6283, 0.5101415, 0.99024737, 6.501623, 0.5993386] 2.5934753 1.0939226 1.0519428 1.134709
[6284, 0.432612, 1.0347853, 7.8058314, 0.6060201] 2.5748942 0.77392876 0.90893185 1.3660574
[6285, 0.52060723, 1.03189, 4.3233237, 0.4206957] 2.7035933 1.1633867 1.0349098 1.1912254
[6286, 0.5427707, 1.0229927, 3.9770708, 0.8548081] 2.864785 1.0464321 0.9412688 1.2687302
[6287, 0.40532258, 1.0378302, 7.098179, 0.5037338] 2.3086205 1.088567 0.8914908 1.5125538
[6288, 0.4836485, 1.0678737, 3.4816704, 0.66241974] 3.0414457 0.99679357 0.96611845 1.1364844
[6289, 0.46831578, 0.98325276, 7.6856856, 0.44309232] 2.3789284 1.0815177 0.8670425 1.2955209
[6290, 0.4629864, 0.9898717, 8.0493355, 0.43836436] 2.3684046 0.96739465 0.99509704 1.2204875
[6291, 0.40043458, 1.04912, 6.919828, 0.49272597] 2.5336356 0.9465747 0.7788345 1.4633985
[6292, 0.49526194, 0.9991305, 6.8048954, 0.47306377] 2.6378195 0.9111191 0.91049975 1.1186538
[6293, 0.48542172, 1.0567236, 3.7827325, 0.6790543] 2.9427276 1.1010526 0.9492192 1.129498
[6294, 0.5053135, 1.0260603, 4.4552116, 0.5665649] 2.7829561 0.9677435 0.94815737 1.355608
[6295, 0.45361423, 1.0413309, 6.3614135, 0.5186915] 2.490637 1.1493205 1.004298 1.2534304
[6296, 0.47479862, 1.0075842, 6.423137, 0.4700268] 2.3500755 1.2035341 0.94537824 1.3714023
[6297, 0.55836207, 0.9924383, 4.2547255, 0.5492633] 2.9212992 0.84935856 0.99739736 1.2396544
[6298, 0.52641606, 0.994137, 4.420266, 0.44477454] 2.7710783 1.1280497 1.00255 1.1910478
[6299, 0.52537155, 1.0213051, 6.7474813, 0.6147757] 2.7617886 0.9405281 0.9488392 1.0152076
[6300, 0.37253726, 1.0781498, 7.805933, 0.8418503] 2.5861852 1.0423667 0.8777924 1.1655167
[6301, 0.4302616, 1.0610979, 5.1750484, 0.42585844] 2.8580399 0.814536 0.8999541 1.2139096
[6302, 0.4984074, 1.022463, 5.806311, 0.5848427] 2.6037447 0.9089478 0.89370465 1.4801979
[6303, 0.46206048, 1.0355666, 5.404021, 0.55533975] 2.7808046 0.8008316 0.95286477 1.3242952
[6304, 0.45495266, 1.053965, 4.4136662, 0.4907555] 2.671323 1.0794753 1.036869 1.3584954
[6305, 0.5582482, 0.98960906, 4.1078877, 0.5319909] 2.9909725 1.0012071 0.941753 1.0188265
[6306, 0.54564506, 0.9774223, 5.854006, 0.41200623] 2.4923356 1.0123421 1.0972453 1.4177698
[6307, 0.42183354, 0.9980084, 7.7850437, 0.37403387] 2.3487713 0.90686625 0.9496012 1.3400524
[6308, 0.48719668, 1.0161709, 6.0109534, 0.49932396] 2.6344602 0.9430335 0.98564905 1.3314254
[6309, 0.48341534, 1.0047221, 6.9935765, 0.40859455] 2.4547374 1.0900393 0.93507904 1.2695411
[6310, 0.43561685, 1.0339108, 6.3417478, 0.50761974] 2.6333437 0.8821823 0.8919303 1.3624312
[6311, 0.4693484, 1.0316733, 4.2791295, 0.5931308] 2.8862052 1.0189279 0.85133874 1.2516359
[6312, 0.47556263, 1.0568012, 4.2578273, 0.56628084] 2.8358223 1.0324659 1.0152453 1.2439389
[6313, 0.5167071, 1.0378709, 3.9644887, 0.46620896] 2.9052372 0.9460052 1.0173324 1.1914991
[6314, 0.47634462, 1.0456078, 6.1147814, 0.4548387] 2.5881474 0.95415735 1.0338044 1.3005154
[6315, 0.45023325, 1.0107433, 7.5856423, 0.56817377] 2.5710824 1.0038226 0.96075684 1.113816
[6316, 0.48586592, 1.0458363, 3.7980347, 0.5253317] 2.879505 0.9531671 0.9207963 1.3131877
[6317, 0.43625146, 1.012484, 7.6741085, 0.42353278] 2.4598353 0.8388261 0.9836831 1.405553
[6318, 0.44608513, 1.0575684, 6.8111753, 0.6651491] 2.6919837 0.89011866 0.9562139 1.1780183
[6319, 0.50443316, 1.020932, 6.5149403, 0.57308805] 2.5900204 1.0863063 0.82931316 1.3636593
[6320, 0.42336583, 1.0508691, 6.911904, 0.49916318] 2.380228 0.897545 1.072402 1.4880414
[6321, 0.47909537, 1.027993, 6.0628014, 0.5479204] 2.7257438 1.1157879 0.9322566 1.0535874
[6322, 0.49414906, 1.0502827, 3.6856785, 0.5374888] 2.9989042 0.94077486 0.9374989 1.1889671
[6323, 0.46777546, 1.0058082, 6.6540833, 0.803436] 2.6576161 0.89469755 0.9422421 1.2135559
[6324, 0.4836819, 0.99143857, 7.7633357, 0.6701526] 2.4883316 0.9819551 1.0304743 1.1368649
[6325, 0.55037516, 0.9879073, 5.460375, 0.4486743] 2.592529 0.9530473 0.9677207 1.474416
[6326, 0.38249588, 1.0587535, 6.387407, 0.6146677] 2.68236 0.8942498 0.8785149 1.2499286
[6327, 0.47875297, 1.0084254, 7.045515, 0.53604543] 2.636521 0.989005 0.8889065 1.0739967
[6328, 0.36993122, 1.0631416, 7.732086, 0.58787227] 2.5334697 1.004535 0.8636523 1.2298753
[6329, 0.5156814, 0.98250175, 7.5874844, 0.4263051] 2.2929378 0.9881539 0.91645086 1.5301272
[6330, 0.3902633, 1.0123003, 7.4043164, 0.331119] 2.344426 1.0951803 1.0273931 1.092983
[6331, 0.45924258, 1.0142162, 4.211129, 0.4871186] 2.7830193 1.0303655 0.9216917 1.3227292
[6332, 0.4402639, 1.0245812, 7.3622026, 0.43159032] 2.4937718 1.0673496 0.9813485 1.202792
[6333, 0.47908664, 1.0219657, 5.6853485, 0.6134081] 2.7173364 0.94226724 0.94554263 1.3118088
[6334, 0.50663006, 1.0026681, 4.637461, 0.5116912] 2.7359762 0.9853712 0.880003 1.3544571
[6335, 0.44153598, 0.9955743, 7.637637, 0.6052394] 2.3476696 0.97469527 0.88327116 1.5109364
[6336, 0.5702478, 0.9690598, 4.3509054, 0.4444091] 2.766486 1.0202901 1.0027587 1.277538
[6337, 0.4848738, 1.0203248, 4.789518, 0.522755] 2.6459582 1.040093 0.9741484 1.4039984
[6338, 0.54507023, 0.9981207, 4.901785, 0.53491914] 2.7329812 0.95099705 0.9386222 1.4138591
[6339, 0.46936202, 0.9567034, 6.6821065, 0.30533415] 2.1880488 1.0889227 0.8446095 1.3812708
[6340, 0.42554575, 1.0081496, 7.1087885, 0.3267773] 2.2677448 1.0523238 0.93864954 1.3080014
[6341, 0.48162112, 0.9682297, 7.8550496, 0.43793514] 2.2025099 1.0077884 0.98932874 1.4343771
[6342, 0.49236166, 1.0267105, 4.5533276, 0.56340116] 2.9051704 0.8477411 0.87921697 1.3146821
[6343, 0.40838465, 1.0374744, 7.8886814, 0.70470864] 2.4201076 0.92543536 0.9134987 1.4508184
[6344, 0.44965965, 1.0351408, 6.587081, 0.528487] 2.4693832 1.0382425 0.88396096 1.4228994
[6345, 0.43017492, 1.0457323, 6.4385195, 0.52312833] 2.5221288 0.94430125 0.9749937 1.4261478
[6346, 0.5014099, 1.0001178, 5.9001184, 0.51328915] 2.7791495 0.81555206 0.7728201 1.3834621
[6347, 0.5482384, 0.9732297, 3.826871, 0.5775723] 2.998491 0.8628001 0.9020002 1.22782
[6348, 0.52954775, 0.9890068, 5.56461, 0.4804757] 2.6446586 0.9226109 1.0183244 1.2846433
[6349, 0.5044398, 1.012287, 5.172113, 0.50657743] 2.727745 0.9814463 0.808956 1.4382143
[6350, 0.5131547, 1.0125891, 6.302665, 0.6569105] 2.4915297 0.91016006 1.1326878 1.4147068
[6351, 0.52459866, 1.0132446, 5.926208, 0.6120897] 2.7032435 0.89717424 0.86703426 1.4197694
[6352, 0.47501883, 1.0285141, 5.309976, 0.6974085] 2.7531009 0.93189484 0.95752025 1.2028286
[6353, 0.51096, 0.99454033, 5.4981737, 0.48788238] 2.7607474 0.8421256 1.0404408 1.152593
[6354, 0.5593599, 0.9711598, 5.2707872, 0.48204112] 2.7945392 0.94378406 0.95903677 1.0386771
[6355, 0.43185702, 1.0392027, 6.9748063, 0.46390894] 2.5290577 0.95735323 0.9087692 1.357292
[6356, 0.44493514, 1.06019, 4.3069754, 0.59570026] 3.011063 0.8044712 0.8130902 1.2700272
[6357, 0.4105163, 1.0443612, 7.8064685, 0.55768216] 2.5266817 0.90439934 0.9423935 1.2357132
[6358, 0.5139364, 1.0291406, 3.6047807, 0.524349] 2.867445 1.0310329 0.9895256 1.3009834
[6359, 0.41180876, 1.0502274, 5.900811, 0.40720373] 2.5225525 0.9386063 1.0386802 1.4137186
[6360, 0.4857795, 1.018069, 6.6036506, 0.52286667] 2.547758 1.0367461 0.96335924 1.405422
[6361, 0.5432417, 0.8719558, 6.137184, 0.25336272] 2.0799124 0.9901477 1.0358089 1.3693389
[6362, 0.48428476, 1.0198753, 4.748849, 0.53060067] 2.7277758 0.94678813 0.9758682 1.356754
[6363, 0.38430503, 1.0200225, 7.0593724, 0.43447512] 2.2305493 1.1094706 1.0023469 1.2932303
[6364, 0.47900367, 1.0311381, 5.3795013, 0.46846592] 2.6975367 1.0741454 0.9270301 1.2325078
[6365, 0.47243053, 0.98847175, 7.3443384, 0.36913645] 2.3303158 0.92383313 1.0695679 1.3534873
[6366, 0.44918063, 1.0228503, 6.9057302, 0.48493525] 2.4606502 1.1236392 0.9612431 1.1488883
[6367, 0.5915243, 0.98766106, 4.058612, 0.7009875] 3.0178726 0.89995927 0.9896157 1.0332127
[6368, 0.4082009, 1.049329, 6.322898, 0.5307883] 2.4023347 1.0150079 0.98632777 1.4989417
[6369, 0.53771484, 0.89967203, 6.520889, 0.27890408] 2.0070567 1.1448164 1.0214437 1.4706694
[6370, 0.45010716, 1.0389541, 6.7977567, 0.5722658] 2.76711 0.87538993 0.8762909 1.0783641
[6371, 0.50393414, 0.9867167, 6.237964, 0.58673924] 2.6366751 0.90995824 0.9434903 1.3813695
[6372, 0.5424585, 0.9938364, 4.845879, 0.5694904] 2.7616003 1.07028 0.89108104 1.2960399
[6373, 0.52285075, 1.0008522, 5.427803, 0.5638797] 2.7036684 0.91145086 1.0059611 1.3392094
[6374, 0.47967693, 0.9999043, 6.995185, 0.5579506] 2.481131 1.0425513 0.9916547 1.2817793
[6375, 0.4591102, 1.0282423, 7.1401315, 0.44039288] 2.6061835 0.87983644 0.9773559 1.2674534
[6376, 0.46294212, 1.0278381, 6.822758, 0.4768354] 2.5040038 0.87247485 0.9235863 1.3539051
[6377, 0.5013957, 1.018102, 4.1368136, 0.46627536] 2.8548532 0.88357496 1.0289224 1.2907119
[6378, 0.57287216, 0.9565362, 5.2074275, 0.47673857] 2.558686 0.98676986 0.9716835 1.4914781
[6379, 0.48342553, 1.0377421, 4.8611226, 0.625775] 2.897281 0.82418376 0.7801877 1.3347889
[6380, 0.4090636, 1.0234617, 7.989695, 0.5073025] 2.2663012 0.9087499 0.8678453 1.5287908
[6381, 0.468506, 1.0182136, 7.1284084, 0.44009292] 2.507266 1.0331695 0.96517587 1.217903
[6382, 0.40594023, 1.0489008, 6.19296, 0.3739979] 2.4671054 1.0051432 0.99851793 1.2275587
[6383, 0.38468906, 1.0365068, 7.162704, 0.40591124] 2.4066908 1.0416718 0.94085443 1.2575291
[6384, 0.40583828, 1.0193701, 7.8050637, 0.41523075] 2.2351148 1.0344685 1.0111272 1.409878
[6385, 0.43740478, 1.0499315, 4.207207, 0.48602033] 2.7892528 1.0577931 0.95478314 1.1455824
[6386, 0.53538877, 1.0138671, 4.110349, 0.5516123] 2.9918222 0.97142047 0.9211785 1.1227307
[6387, 0.45681015, 0.9935613, 6.8491945, 0.32366255] 2.431631 1.0212115 0.9119576 1.333049
[6388, 0.4145666, 1.0452894, 6.9788475, 0.4738742] 2.5512092 0.946995 1.0615424 1.1127319
[6389, 0.5260394, 0.9748967, 5.396132, 0.42031807] 2.6753678 0.98305404 1.0070964 1.3176563
[6390, 0.44453695, 1.0350845, 7.366908, 0.5422472] 2.4687476 0.9605842 0.9760614 1.3353692
[6391, 0.49271742, 1.025658, 5.966951, 0.43692145] 2.7376182 0.9042702 0.9452405 1.1611946
[6392, 0.46540517, 0.9032452, 6.0687914, 0.2471017] 2.1653676 0.9871732 1.0165551 1.0868162
[6393, 0.51529145, 0.976641, 7.5543103, 0.49925908] 2.308552 0.8834471 1.1243669 1.4621128
[6394, 0.51561725, 1.0021746, 6.011858, 0.6491565] 2.827298 0.9183203 0.7970972 1.114889
[6395, 0.622757, 0.90640104, 5.806653, 0.49316403] 2.800841 1.0432447 0.8747939 0.9598742
[6396, 0.41723981, 1.0039612, 7.4820433, 0.40490952] 2.279898 1.0095178 1.0066515 1.3038802
[6397, 0.50075495, 1.01753, 6.000557, 0.5631879] 2.7603805 1.0129815 0.7863355 1.1663573
[6398, 0.4469644, 0.9934237, 8.089782, 0.37439743] 2.492822 0.9504606 0.9312808 1.1422199
[6399, 0.3842599, 1.0285534, 7.558161, 0.40222147] 2.4739473 0.8887487 0.9074795 1.0803472
[6400, 0.4980478, 1.0216742, 6.627304, 0.55050695] 2.4873295 0.9715702 1.0255182 1.486993
[6401, 0.50836635, 0.9930316, 6.845149, 0.5214882] 2.390991 0.9206521 1.0489324 1.5474846
[6402, 0.4906562, 1.0096657, 5.721061, 0.5201325] 2.7329118 0.9302258 0.91531 1.2435901
[6403, 0.43983388, 1.047508, 6.9093413, 0.58107954] 2.435954 1.0441662 0.98574424 1.4314202
[6404, 0.48053005, 1.021073, 6.7643094, 0.45281157] 2.6724758 0.89799416 0.96630603 1.1672313
[6405, 0.44502196, 1.04253, 7.753541, 0.69417137] 2.423249 1.0019382 0.9223278 1.4769086
[6406, 0.53097296, 0.97982824, 6.9448934, 0.5481672] 2.6816306 0.83915037 0.84635144 1.301962
[6407, 0.45378464, 1.0337315, 5.4157977, 0.52062327] 2.7538269 0.85778576 1.0681659 1.1800414
[6408, 0.49942517, 0.9960311, 7.5218525, 0.5882122] 2.4737463 1.0825512 1.0057228 1.1489793
[6409, 0.41877413, 1.0323503, 6.9910254, 0.48715788] 2.4031613 1.137901 1.0003716 1.2156845
[6410, 0.50723124, 1.0343924, 5.280326, 0.53209305] 2.886873 0.9274595 0.8779622 1.0834107
[6411, 0.4874891, 1.0121356, 7.755122, 0.48130578] 2.3880758 0.9207097 1.010898 1.5016141
[6412, 0.5136385, 1.0214581, 4.1630116, 0.59656096] 2.7438731 0.909233 0.98492444 1.5205734
[6413, 0.36908078, 1.0319977, 8.392201, 0.5146008] 2.2987154 1.0488206 0.8819666 1.2820827
[6414, 0.524071, 0.9847535, 4.193955, 0.6139763] 2.8654158 0.8295183 0.88780624 1.3829236
[6415, 0.47924462, 1.0262481, 5.4809866, 0.5015724] 2.7101583 0.94369566 0.8625583 1.3001863
[6416, 0.50064933, 1.0171989, 4.8842773, 0.5008323] 2.672627 0.99698347 0.89819455 1.4358965
[6417, 0.50830674, 1.0097033, 5.406873, 0.4753448] 2.6206734 1.0130183 0.92585295 1.4128923
[6418, 0.4235759, 1.056736, 6.8249774, 0.6932731] 2.7475 0.8615658 0.7126072 1.3594575
[6419, 0.5338423, 0.9876987, 5.6993904, 0.4554311] 2.6286435 0.95277464 0.95776975 1.3574773
[6420, 0.36981902, 1.0228847, 8.24629, 0.42476803] 2.3309524 0.8966106 0.94382757 1.346074
[6421, 0.4599681, 0.9882425, 7.2359066, 0.4834773] 2.3627894 1.0777966 1.0218556 1.2811838
[6422, 0.46518037, 1.0662389, 3.20853, 0.5273345] 2.9907491 1.0586162 0.9719629 1.2326523
[6423, 0.5509558, 0.98901355, 4.3699956, 0.5004712] 2.840593 1.0130696 0.98436075 1.1699347
[6424, 0.52168757, 1.0054266, 6.8815265, 0.5929494] 2.6201255 0.9004209 0.9926395 1.1780393
[6425, 0.44397846, 0.9826107, 8.170862, 0.42433614] 2.3036788 0.9930117 0.97238666 1.3096082
[6426, 0.5101863, 1.0109811, 6.3595967, 0.544359] 2.5211751 1.0675585 1.0020922 1.255035
[6427, 0.51806617, 0.9591435, 7.1202, 0.49628496] 2.582728 1.0275897 0.89647895 1.159113
[6428, 0.5271855, 0.9668269, 6.016665, 0.54706925] 2.5507607 0.9128892 0.92516094 1.4024345
[6429, 0.5315038, 1.022075, 4.3800645, 0.5637015] 2.7394466 1.0202746 1.0716207 1.384712
[6430, 0.46482137, 1.0545915, 5.6532884, 0.50396514] 2.6281345 1.0925336 0.8673205 1.3665307
[6431, 0.44739214, 1.0485066, 5.297421, 0.33625185] 2.5615988 0.9252555 1.160471 1.2532336
[6432, 0.4166409, 1.0338421, 6.3074102, 0.37761047] 2.739316 0.81443596 0.9384429 1.1009451
[6433, 0.4296024, 1.1745609, 2.4521255, 0.808135] 3.3220146 0.97832656 1.0488372 1.1141754
[6434, 0.43134302, 1.0152602, 7.7898, 0.5269286] 2.3656712 0.8201697 0.9247605 1.4481702
[6435, 0.42881042, 1.028919, 7.6591854, 0.58608997] 2.3522258 1.0070707 1.0237752 1.3093555
[6436, 0.5025299, 0.9834647, 6.7889733, 0.43351242] 2.291607 0.9915953 0.9098665 1.6269349
[6437, 0.46270785, 1.0240121, 7.1514287, 0.70999473] 2.6748168 0.85565567 0.98351043 1.1215203
[6438, 0.57135695, 0.9902232, 4.432685, 0.4955914] 2.8218088 0.8437474 1.0238874 1.3780296
[6439, 0.45983908, 1.0289984, 6.3591743, 0.51279604] 2.501415 1.0579873 0.95131993 1.3356863
[6440, 0.49436086, 0.9879183, 5.362215, 0.46143478] 2.80631 0.94058913 0.91685873 1.1145949
[6441, 0.53073347, 1.0105735, 4.3405833, 0.48958924] 2.7839153 0.92008895 0.9593313 1.3714311
[6442, 0.4779018, 1.0230294, 5.1681385, 0.45529366] 2.757177 0.88851523 0.9527294 1.2790843
[6443, 0.46883008, 1.0101714, 6.3251963, 0.46874106] 2.6645768 1.0220039 0.8757895 1.1194695
[6444, 0.5406196, 0.9842059, 6.777468, 0.5802224] 2.4736214 1.068493 0.94240403 1.4531393
[6445, 0.52904594, 0.98415977, 4.806398, 0.4943325] 2.6434762 1.0557414 1.0804892 1.1623309
[6446, 0.52698153, 1.0018616, 6.0960393, 0.57428217] 2.5686603 1.0358384 1.0372943 1.1867837
[6447, 0.52186215, 0.9950925, 5.3413134, 0.58328813] 2.805794 0.8626196 0.8096117 1.2554307
[6448, 0.48795098, 1.0527941, 3.8638582, 0.5779811] 2.7607405 1.0348086 0.9992526 1.4007002
[6449, 0.432096, 1.0472596, 5.400933, 0.42949226] 2.6676688 0.9754249 0.9967384 1.1975873
[6450, 0.45426294, 1.0934058, 4.0764275, 0.47868007] 2.9022791 0.97055966 0.85188085 1.3486929
[6451, 0.4472009, 1.0258213, 7.3038044, 0.42430744] 2.498346 1.0863545 0.91760993 1.1910517
[6452, 0.40839604, 1.0640345, 7.120697, 0.56134456] 2.418692 1.1843027 0.93420655 1.3202422
[6453, 0.4621317, 0.9977979, 7.110788, 0.42180726] 2.398078 0.98777246 0.945781 1.3810978
[6454, 0.52111846, 1.0132574, 4.37346, 0.47034925] 2.7656212 1.1254921 0.8207465 1.3694892
[6455, 0.4735998, 1.0520165, 4.1680107, 0.5581581] 2.95831 0.88432854 0.81299245 1.3333837
[6456, 0.42588106, 1.0571864, 7.1586413, 0.46395004] 2.4813232 0.9912386 1.0754987 1.2537137
[6457, 0.5125002, 1.0161908, 4.022635, 0.5725492] 2.9440432 1.0290396 0.8056595 1.2244914
[6458, 0.3165282, 1.0409775, 7.772851, 0.43587318] 2.413377 0.8155685 1.0338577 1.2526428
[6459, 0.40982997, 1.0295473, 6.946659, 0.48479232] 2.4434159 1.0533435 0.99658185 1.137008
[6460, 0.41863716, 0.9940569, 7.106042, 0.37327552] 2.474955 0.81151175 0.9785073 1.3230413
[6461, 0.5484664, 1.0172304, 3.9733691, 0.5928003] 2.8967505 0.8921859 0.8049343 1.4503535
[6462, 0.54815304, 1.0133085, 4.564297, 0.432387] 2.842616 0.92802286 0.98600656 1.2664286
[6463, 0.5161588, 1.0044838, 6.3530464, 0.52539885] 2.7672565 0.88213724 1.0248306 1.0663614
[6464, 0.4810986, 1.0189135, 6.747975, 0.49284273] 2.476603 0.94815344 1.0451069 1.352565
[6465, 0.4159687, 1.0542557, 7.3185134, 0.4466016] 2.3850658 1.1150633 0.9729926 1.378386
[6466, 0.53742105, 0.9580703, 7.590077, 0.4305276] 2.5509531 1.0856938 0.94053936 1.0683432
[6467, 0.39094302, 1.0350589, 8.3548, 0.50018936] 2.4297547 0.943877 0.95406085 1.2187068
[6468, 0.45881194, 1.0329161, 5.241705, 0.44691235] 2.6989183 1.0120724 0.9694146 1.2849681
[6469, 0.5161236, 0.97273237, 6.9157934, 0.48947746] 2.6304717 0.9772399 0.95624423 1.0706544
[6470, 0.46252766, 1.0340472, 5.3205433, 0.5275452] 2.6542807 0.941728 1.022601 1.3371282
[6471, 0.42894238, 1.060442, 5.7000766, 0.55964434] 2.5877054 1.0157937 0.88647753 1.417385
[6472, 0.46333933, 1.059362, 6.1011696, 0.4864952] 2.6702359 1.0599858 0.72581416 1.3181539
[6473, 0.4741086, 1.001105, 7.8993907, 0.66774446] 2.537944 0.7898037 0.968873 1.3539023
[6474, 0.5439046, 0.9771658, 5.8155546, 0.49170005] 2.765884 0.9699031 0.9881448 1.0700191
[6475, 0.40358695, 1.0465797, 7.2540917, 0.5401902] 2.5815325 0.97258645 0.88364357 1.2089252
[6476, 0.4905469, 1.0265764, 6.1670723, 0.5064055] 2.611313 0.9534224 1.0134916 1.3461338
[6477, 0.5542951, 0.97866786, 5.1128397, 0.4907103] 2.680431 0.9071006 0.9732945 1.4034529
[6478, 0.5073001, 1.0366085, 4.4551272, 0.4830944] 2.9190454 0.91458786 0.7313279 1.3256608
[6479, 0.41457707, 0.9930945, 7.6303496, 0.41304553] 2.1397138 1.1039286 1.1100755 1.3454251
[6480, 0.5480751, 0.985203, 4.5111256, 0.5003551] 2.9124522 0.9267092 0.9041959 1.1737038
[6481, 0.42207217, 1.0578468, 5.494531, 0.49157017] 2.6714907 0.9082734 0.99806094 1.3038515
[6482, 0.5086175, 0.97288024, 6.9597573, 0.35557458] 2.392868 1.1113089 0.96288985 1.2249827
[6483, 0.4959134, 1.0055234, 5.504004, 0.5722978] 2.565691 1.073981 0.9668051 1.3308568
[6484, 0.40423822, 1.0215365, 8.115647, 0.5132787] 2.4413962 1.1727844 1.0013355 0.9895878
[6485, 0.38176963, 1.0412905, 8.520208, 0.5161556] 2.4164577 0.959759 0.88443303 1.2233658
[6486, 0.5411678, 1.0007422, 4.355647, 0.73421234] 2.9069943 0.8737902 0.9343542 1.2750182
[6487, 0.4230022, 1.0946779, 3.856034, 0.54960316] 3.152245 0.8162144 0.7918423 1.124493
[6488, 0.45860568, 1.0322655, 4.934122, 0.47367418] 2.7713108 0.79917586 0.9110999 1.3538879
[6489, 0.5022855, 1.0228273, 3.9714117, 0.48668757] 2.9762614 0.89365155 0.9303645 1.1804789
[6490, 0.40335217, 1.0955353, 3.1562357, 0.56121427] 3.1537209 0.81570756 0.89221835 1.3126838
[6491, 0.48873445, 1.020649, 5.2183003, 0.5059686] 2.8108706 0.8410391 0.92447954 1.1833154
[6492, 0.41781023, 1.0205473, 7.2916465, 0.36401147] 2.4477758 0.9136954 1.1692468 0.99978024
[6493, 0.4136974, 1.0100683, 7.882145, 0.51466876] 2.15086 1.0835156 0.9269618 1.4928373
[6494, 0.5432727, 1.0260253, 3.2629232, 0.5786807] 3.0695276 0.83653814 0.8940588 1.3931432
[6495, 0.47870523, 1.1155002, 2.7625535, 0.7638002] 3.22585 0.9850886 0.76652795 1.3901584
[6496, 0.4782458, 0.99763316, 6.8111224, 0.3957009] 2.6323009 1.06093 0.937526 0.9085633
[6497, 0.5302448, 0.9015635, 6.9612856, 0.29961267] 2.2317278 1.0160279 0.9181649 1.2562995
[6498, 0.5735105, 0.9495862, 5.074108, 0.64362407] 2.497426 1.0678974 0.98996276 1.4697632
[6499, 0.5103524, 1.0065036, 5.570521, 0.5848846] 2.6534584 1.0118579 0.96328175 1.2911661
[6500, 0.47419322, 0.9846581, 7.1130495, 0.42273572] 2.309773 0.9650105 1.0392536 1.4091121
[6501, 0.5363807, 1.015929, 3.7958777, 0.50803536] 3.0679939 0.92870295 0.9355723 1.075216
[6502, 0.45176247, 1.0505116, 7.1312785, 0.5125447] 2.454118 1.1622149 0.9120515 1.3566744
[6503, 0.5520309, 0.97688496, 6.8709702, 0.6193257] 2.6775613 1.1414832 0.93138623 1.0434794
[6504, 0.43581346, 1.0121149, 8.193913, 0.41065317] 2.4130487 1.0341152 0.97572553 1.1277541
[6505, 0.54903126, 1.0064554, 3.930781, 0.5487224] 2.9250565 0.8191569 0.85689914 1.4492443
[6506, 0.4576216, 0.99695426, 7.376048, 0.47504514] 2.3499267 0.9974856 1.1476748 1.2364017
[6507, 0.52749336, 1.0087194, 4.589539, 0.6072482] 2.7898457 1.0356079 0.9424138 1.2852439
[6508, 0.42552435, 0.9611371, 6.326008, 0.2917986] 2.2678115 1.05902 1.01743 1.1534243
[6509, 0.44985566, 0.99277604, 8.155263, 0.4344431] 2.4251246 0.9840549 0.95650667 1.1608026
[6510, 0.41556218, 1.0439917, 5.2146134, 0.4239539] 2.739799 1.0765581 0.92204547 1.1569425
[6511, 0.33812726, 1.0757537, 7.796228, 0.55972886] 2.3948274 1.0321766 1.0520693 1.1500006
[6512, 0.4814117, 1.0442356, 4.4684324, 0.64696914] 2.8812435 0.98165405 0.8666349 1.2653462
[6513, 0.4648682, 1.0582868, 3.9475882, 0.5493685] 2.8657498 0.84906155 0.84798235 1.5224768
[6514, 0.44797984, 1.0104067, 6.2003427, 0.55596685] 2.581774 0.9761456 0.9289341 1.365647
[6515, 0.51741457, 0.99958396, 5.2931967, 0.7736658] 2.8373532 0.8959146 0.92655724 1.1473322
[6516, 0.5906801, 0.9288364, 4.3213215, 0.6282674] 2.880771 0.9680861 1.0156851 1.0994399
[6517, 0.54481894, 0.9808922, 4.7236767, 0.36935753] 3.044 0.7521002 0.8886382 1.0775548
[6518, 0.51063883, 1.0134552, 5.245553, 0.45751393] 2.6667216 1.0207961 0.9422467 1.327527
[6519, 0.4929891, 1.0050131, 5.808438, 0.4950461] 2.704019 0.8426602 0.9220234 1.3015805
[6520, 0.51763314, 0.9912255, 4.9684706, 0.50157183] 2.7070444 0.9877636 0.9974604 1.2727834
[6521, 0.5622306, 0.9743187, 5.7945848, 0.76563966] 2.809291 1.0301249 0.8965314 1.0073005
[6522, 0.5055184, 1.0185314, 4.432184, 0.47191298] 2.9278238 1.0357183 0.7680999 1.20246
[6523, 0.49612108, 0.9469829, 8.038595, 0.38054168] 2.4505432 0.90542156 0.8999145 1.1352451
[6524, 0.50143516, 0.94677895, 7.0386696, 0.36770707] 2.3001359 1.0733861 1.0806582 1.0663464
[6525, 0.46745843, 1.0262439, 6.496556, 0.48848024] 2.6060746 0.9415974 1.0069575 1.281687
[6526, 0.46073064, 1.0115972, 7.957504, 0.57372874] 2.4448977 0.974054 0.90689325 1.3141462
[6527, 0.51898396, 1.0215436, 3.8689249, 0.4922253] 2.7659593 0.99844205 0.9890862 1.3803681
[6528, 0.3886791, 1.0443249, 8.499034, 0.54832524] 2.4696977 1.0216168 0.8278081 1.2137599
[6529, 0.4246258, 0.97895235, 7.2612977, 0.36909893] 2.514141 0.86680883 0.89524585 0.9907989
[6530, 0.60269785, 0.92659765, 5.485356, 0.48195088] 2.8866289 0.82873845 0.83249396 1.0760972
[6531, 0.5800347, 0.9447567, 5.218828, 0.4495594] 2.5241048 1.0997443 0.93295777 1.4740938
[6532, 0.5319157, 0.9861219, 6.504235, 0.5932812] 2.7102141 0.7104614 0.9656076 1.3585899
[6533, 0.49385574, 1.028853, 4.6302233, 0.51016414] 2.8410006 0.98224854 0.91624975 1.2330862
[6534, 0.512925, 1.000852, 5.5721307, 0.55297136] 2.7743654 1.0860445 0.9141803 1.0072582
[6535, 0.4620241, 1.0265588, 6.236811, 0.54028255] 2.7244408 0.80502707 1.02602 1.1964506
[6536, 0.39133582, 1.0405676, 6.7972918, 0.41303945] 2.369151 0.9898564 0.994186 1.3811562
[6537, 0.52312154, 1.0214633, 4.198431, 0.611639] 2.8741748 0.9217734 0.8541096 1.4276538
[6538, 0.37190008, 1.0281084, 7.784627, 0.43658972] 2.2612178 1.0474819 1.0050111 1.3202347
[6539, 0.43368495, 1.0377164, 7.50511, 0.53148276] 2.6468782 0.8356912 0.83648986 1.2326299
[6540, 0.49343193, 1.0193093, 4.6389503, 0.4621842] 2.6441913 1.1144017 1.0423511 1.3172069
[6541, 0.47562066, 0.98744375, 7.4655538, 0.3416318] 2.3810627 0.9969104 0.9887933 1.2562215
[6542, 0.4722751, 1.0308264, 6.7531657, 0.5919592] 2.583391 0.97521305 0.927163 1.3057545
[6543, 0.50769174, 0.9890334, 6.6729875, 0.5435473] 2.4903502 0.8287113 0.9265195 1.4792804
[6544, 0.45151618, 1.0349461, 4.5161524, 0.45681834] 2.754313 1.032018 0.986901 1.1949714
[6545, 0.42938152, 1.0327315, 6.588397, 0.56375253] 2.71113 0.9131362 0.9431327 1.1958184
[6546, 0.4951655, 1.0091991, 6.700444, 0.59162635] 2.640073 0.8858104 1.0095054 1.2643256
[6547, 0.4880499, 1.0198452, 4.843482, 0.5976652] 2.8483615 0.8204812 0.9090456 1.3520714
[6548, 0.5409715, 0.99607664, 4.396986, 0.48313364] 2.7740505 1.0819412 0.9704879 1.2071108
[6549, 0.5029065, 1.0147699, 6.1757026, 0.7210675] 2.7747514 1.0104198 0.7360441 1.1553574
[6550, 0.42801473, 0.9877977, 7.184375, 0.30155963] 2.2863328 0.9355468 1.0237378 1.269448
[6551, 0.5579681, 0.95646393, 6.6398654, 0.57640296] 2.694104 0.99664605 1.042336 0.9476282
[6552, 0.53534317, 0.99988437, 4.6267343, 0.63724464] 2.826329 0.82670254 0.8899351 1.4692893
[6553, 0.4898544, 1.0174766, 5.490947, 0.6163001] 2.6207705 1.0199939 0.95796025 1.3295327
[6554, 0.42904463, 1.0204806, 6.578251, 0.50824547] 2.670207 0.861055 0.9072072 1.1908566
[6555, 0.55726457, 0.96766067, 5.190985, 0.5685194] 2.7566073 0.7874571 0.9246553 1.4104154
[6556, 0.57084185, 0.99863994, 4.073219, 0.5016136] 3.013473 1.0400771 0.9091349 1.0071768
[6557, 0.4388791, 1.0326612, 7.7800074, 0.35310763] 2.4650795 1.1627691 0.8587192 1.2072284
[6558, 0.5157969, 1.0044762, 6.0743084, 0.57771415] 2.640732 0.9231661 0.9893777 1.3110124
[6559, 0.53513724, 1.0413526, 3.2916975, 0.63762355] 2.9507473 1.1609869 0.9628431 1.2369546
[6560, 0.47998318, 0.9805836, 7.611992, 0.5112919] 2.422619 1.0284574 1.0514394 1.1582525
[6561, 0.48825666, 1.0057702, 6.0763884, 0.5660534] 2.6791039 0.9492254 0.88061273 1.2412541
[6562, 0.4733257, 1.0342723, 5.7237854, 0.4818265] 2.6952608 0.91471475 1.002052 1.2704854
[6563, 0.5594581, 0.97776186, 4.680078, 0.5645108] 2.6444812 1.0143454 0.93131685 1.508261
[6564, 0.4810337, 1.0300002, 5.20176, 0.48045883] 2.7888772 1.0113701 0.90476215 1.2242396
[6565, 0.42290765, 1.0572535, 6.6030383, 0.7657816] 2.6451266 0.9844652 0.9089779 1.2090777
[6566, 0.5025975, 1.0529048, 3.5228674, 0.58982444] 3.0159435 0.8352944 1.0571176 1.2063102
[6567, 0.51695716, 0.86836255, 5.8981385, 0.2250014] 2.0938568 1.1217207 0.8474545 1.2641579
[6568, 0.561037, 0.98750013, 3.931428, 0.5283121] 2.9304924 0.97560877 0.8407106 1.3143257
[6569, 0.47561896, 0.9309819, 6.873133, 0.31515944] 2.2101214 0.93807024 1.0343024 1.3252763
[6570, 0.42075512, 1.0216504, 7.7192965, 0.52688015] 2.4531658 0.9003675 1.0396363 1.193505
[6571, 0.48274693, 1.046861, 4.6682067, 0.6746628] 2.799411 0.87324196 0.8958266 1.4295844
[6572, 0.42198938, 1.0264803, 7.4196506, 0.63464475] 2.4589403 0.9563223 0.81248343 1.4996144
[6573, 0.5521041, 0.97754604, 3.4411108, 0.5571396] 2.9284396 0.7795864 0.9887753 1.4394513
[6574, 0.46194568, 1.037116, 5.5430875, 0.5619959] 2.6902583 0.99368894 0.8871229 1.2993741
[6575, 0.5497781, 0.99993473, 4.5053554, 0.48238716] 2.719644 0.8909568 1.0397028 1.4155686
[6576, 0.44989884, 1.0264745, 5.840987, 0.64441365] 2.5896876 1.005124 0.99358267 1.2564881
[6577, 0.5132258, 1.0441945, 3.688897, 0.54563916] 3.0242198 0.8881532 0.9117886 1.2826848
[6578, 0.4233048, 1.0402912, 7.4088807, 0.628213] 2.462741 1.0084599 0.9461664 1.3418607
[6579, 0.48994797, 1.0135708, 5.999926, 0.51474875] 2.634545 0.9792903 0.89789987 1.4112749
[6580, 0.5186167, 0.9942882, 5.7576165, 0.6285731] 2.7498853 0.9104238 0.84796673 1.2151405
[6581, 0.51343286, 1.0031548, 5.809547, 0.52579015] 2.5532873 1.0212471 0.9368564 1.4898206
[6582, 0.4113577, 1.0353581, 7.3578763, 0.4032101] 2.3869648 0.9852779 1.0579418 1.4161847
[6583, 0.547132, 0.98356897, 5.644604, 0.58394676] 2.6532109 0.99122554 0.9960571 1.2921104
[6584, 0.34505746, 1.0186404, 7.679136, 0.37912616] 2.2225266 1.0553846 0.9575637 1.3153956
[6585, 0.60130435, 0.9356869, 4.2549934, 0.47176436] 2.9511926 0.8441845 0.8710314 1.2172472
[6586, 0.5402308, 1.0432554, 3.0136964, 0.5881743] 3.1160944 0.92598 0.90396136 1.3625113
[6587, 0.39727125, 1.0286672, 8.203945, 0.45279056] 2.3259645 0.9757889 0.93027455 1.3429065
[6588, 0.38012913, 1.0616679, 6.145295, 0.50023335] 2.5976753 0.94414264 1.0341254 1.2751629
[6589, 0.54399955, 0.998169, 3.4810255, 0.5657228] 3.0215323 0.8722444 0.9577452 1.1961191
[6590, 0.45367384, 0.9594456, 7.213945, 0.4338375] 2.3676858 1.0209727 0.86934626 1.1753538
[6591, 0.46443892, 0.9916463, 7.902329, 0.5308297] 2.3748765 0.938911 1.0498173 1.1486874
[6592, 0.41456488, 1.0458608, 7.1291323, 0.6250552] 2.562551 1.0991693 0.9000132 1.1589059
[6593, 0.45171323, 1.0015967, 7.8142385, 0.43950963] 2.5002284 1.0226765 0.84540176 1.0842844
[6594, 0.45917785, 1.0324634, 6.4420395, 0.61206234] 2.7024305 0.7923553 0.9609572 1.3367319
[6595, 0.5295167, 1.008625, 4.5998755, 0.45533124] 2.7771814 1.0369651 0.8728754 1.3042849
[6596, 0.39631823, 1.0583732, 4.937828, 0.4949354] 2.792456 0.8924205 0.9315464 1.2286942
[6597, 0.4978239, 0.9957279, 7.110879, 0.57579666] 2.6650758 0.9952782 0.84343714 1.2025359
[6598, 0.48583624, 1.0316956, 5.027811, 0.46491337] 2.8107803 0.9304795 0.9518471 1.2399126
[6599, 0.4837959, 1.0192827, 5.6121254, 0.5329482] 2.8098223 0.8515334 0.77661747 1.3144907
[6600, 0.5137617, 0.9480525, 7.454642, 0.43665397] 2.4450285 0.9712598 0.8511526 1.1617423
[6601, 0.43361694, 1.0161706, 7.702851, 0.6222116] 2.336247 1.0374929 0.92629296 1.3674091
[6602, 0.52918416, 1.0011929, 4.579314, 0.47231436] 2.938111 0.7438657 0.85832876 1.2680072
[6603, 0.4517041, 1.0112358, 6.6525664, 0.42998084] 2.453389 1.0255991 0.9833585 1.2910892
[6604, 0.4979124, 1.0265125, 4.813667, 0.48794326] 2.8801465 0.9214973 0.92702985 1.091983
[6605, 0.43983337, 1.050133, 5.811668, 0.42789793] 2.7013123 0.95372134 0.89229554 1.1788566
[6606, 0.5607513, 0.9981049, 3.9275677, 0.57976454] 2.9777715 1.011745 0.9198826 1.0691043
[6607, 0.49215487, 1.0161016, 6.8946967, 0.5966673] 2.6253316 1.0178263 1.0090951 1.1346937
[6608, 0.48653862, 0.96874636, 7.740284, 0.47250605] 2.3270879 0.9896287 1.0530686 1.2856779
[6609, 0.52221286, 0.9754229, 5.6904044, 0.44450083] 2.7746928 1.0118024 0.77743053 1.2113931
[6610, 0.38091347, 1.0772926, 6.829172, 0.43013975] 2.6673477 0.80293304 0.9161018 1.2800182
[6611, 0.47473645, 1.0348704, 6.017403, 0.5012229] 2.5944088 1.0643375 0.96295 1.3624945
[6612, 0.46576962, 1.0214239, 7.1314015, 0.47038552] 2.6319368 0.8401064 0.83271044 1.3102891
[6613, 0.4828611, 1.0139087, 5.6664047, 0.56579345] 2.6413069 1.0579593 1.0212884 1.2148314
[6614, 0.48778436, 1.0171857, 4.2247586, 0.44706878] 2.7476025 1.063748 0.9412696 1.2453606
[6615, 0.555196, 0.9643776, 7.3066106, 0.6137589] 2.4775662 0.9282453 1.0159534 1.4098377
[6616, 0.40158716, 1.1841371, 2.7144063, 0.68547094] 3.3570151 0.9424704 0.87213534 1.1126463
[6617, 0.59093434, 0.9796611, 4.164872, 0.58346266] 2.9000957 0.981115 0.9758056 1.1985397
[6618, 0.532607, 1.0139112, 3.9323883, 0.51029605] 3.0516868 0.8332442 0.8121301 1.1858071
[6619, 0.4654103, 0.979599, 7.216274, 0.42985785] 2.2632604 0.9395751 1.1321485 1.3240744
[6620, 0.46919477, 0.9627288, 8.136887, 0.37529388] 2.3185773 0.9533304 0.9583737 1.2880718
[6621, 0.50637877, 1.0366168, 3.6679647, 0.5252375] 2.9112265 0.91576654 1.064924 1.2935557
[6622, 0.518291, 0.979707, 6.7335143, 0.5226012] 2.520943 1.1608549 0.8812162 1.3176346
[6623, 0.4375649, 1.0018849, 7.760789, 0.43041092] 2.430881 0.8424074 0.81788266 1.4741693
[6624, 0.4562931, 1.0360078, 6.1879396, 0.6026737] 2.6053817 0.8838485 0.8977199 1.4348954
[6625, 0.43681827, 1.0653063, 4.7303114, 0.483927] 2.817151 0.8627827 0.9901987 1.2456478
[6626, 0.42662477, 1.0531459, 6.575851, 0.6690625] 2.492598 1.2035569 0.95388037 1.266536
[6627, 0.4772219, 1.0496609, 5.301056, 0.5014568] 2.7062683 0.9885899 0.96819586 1.2929883
[6628, 0.43732965, 1.0368787, 8.056371, 0.5370576] 2.4010282 0.8527278 0.9411153 1.5050917
[6629, 0.40496603, 1.0211922, 7.23352, 0.3933975] 2.3826838 1.0674658 0.95258456 1.2277982
[6630, 0.39897743, 1.0121949, 7.7281976, 0.4622674] 2.2824771 1.089242 0.899845 1.3061501
[6631, 0.5104376, 0.99746495, 4.6348352, 0.534279] 2.7853737 0.9706642 0.97483736 1.2456195
[6632, 0.45228672, 1.0226828, 8.028154, 0.6550896] 2.5164933 1.1348327 0.9744228 1.107523
[6633, 0.45997387, 1.0300213, 5.6258283, 0.71469074] 2.7485957 1.0406243 0.8827863 1.1462774
[6634, 0.56036836, 0.97518146, 6.917816, 0.5898049] 2.491913 1.0766722 1.0003238 1.3725624
[6635, 0.4732342, 1.037524, 4.3582835, 0.4974492] 2.786402 0.93511426 1.0045351 1.21637
[6636, 0.47692865, 1.0267695, 5.518528, 0.69875926] 2.6691096 1.0923306 0.9153806 1.2886503
[6637, 0.3762251, 1.0602448, 7.8057847, 0.5489822] 2.5717313 0.95255834 0.895229 1.154348
[6638, 0.51960343, 1.0420153, 3.3841062, 0.654533] 3.1408927 0.85529315 0.8795977 1.1815345
[6639, 0.5626454, 0.9691645, 5.242125, 0.6145991] 2.563259 0.9375085 0.9541725 1.6519845
[6640, 0.34679982, 1.0783547, 7.9845853, 0.44847855] 2.4078288 0.860849 0.9933189 1.4040148
[6641, 0.43536016, 1.0912732, 3.9889035, 0.55495936] 2.9323254 1.0540221 0.7776978 1.3978686
[6642, 0.44001713, 0.9551044, 6.880464, 0.3038327] 2.0674844 0.93203247 1.0209513 1.5056748
[6643, 0.39439657, 1.0216459, 7.764408, 0.5363267] 2.5278008 0.98771244 0.7670761 1.1001987
[6644, 0.52957165, 1.0082499, 5.2943463, 0.5036824] 2.729809 1.0090939 0.96360004 1.146002
[6645, 0.4314151, 0.9766526, 7.4830976, 0.4768696] 2.283323 0.8765744 1.1107945 1.1830703
[6646, 0.41677764, 1.0446653, 7.34119, 0.5177498] 2.5368483 1.0531555 0.9175346 1.2176235
[6647, 0.5468773, 0.9939568, 5.327881, 0.52833945] 2.7597609 0.8524357 1.0240097 1.2724305
[6648, 0.5219691, 0.99073154, 7.241019, 0.53837204] 2.566983 1.0150086 0.9351165 1.17429
[6649, 0.53182167, 1.0219078, 4.0208964, 0.5717804] 2.8162565 1.1261337 0.90430933 1.2936978
[6650, 0.4739161, 0.9167242, 5.842211, 0.2722443] 2.1435924 1.039203 0.9140095 1.356454
[6651, 0.47830057, 1.0288543, 4.748515, 0.43252832] 2.6256106 1.074483 0.976453 1.352422
[6652, 0.48260212, 1.0021611, 7.3304534, 0.6057113] 2.498835 1.070098 0.9416195 1.2559685
[6653, 0.48132864, 1.0239079, 4.977973, 0.5143897] 2.7815464 0.979075 0.9746882 1.1955284
[6654, 0.37046856, 1.0610399, 7.388083, 0.5067754] 2.4736562 0.9474418 0.93169296 1.4053673
[6655, 0.4365091, 1.0306418, 7.1956706, 0.46789536] 2.5297956 1.099672 0.91224724 1.0875597
[6656, 0.44311208, 0.9924605, 7.038927, 0.334332] 2.1902893 0.9266107 1.0925171 1.3853054
[6657, 0.545076, 0.96624386, 6.011978, 0.6754997] 2.5811539 0.9221643 0.99174637 1.4568752
[6658, 0.5720032, 0.96721745, 5.5018516, 0.56672436] 2.633007 1.0282818 1.0314131 1.2994807
[6659, 0.50144726, 1.05535, 3.5317144, 0.6453693] 2.9242005 1.0141729 0.93031466 1.3854125
[6660, 0.5057662, 1.0230174, 3.626431, 0.5806073] 3.006865 0.93703634 0.9165425 1.1601985
[6661, 0.5032174, 1.0479814, 3.8620222, 0.6626472] 3.0656552 0.80307025 0.86675256 1.2844963
[6662, 0.50719017, 1.0004493, 5.1425633, 0.49092028] 2.744492 0.98928154 0.88243395 1.2952154
[6663, 0.47289923, 1.0201883, 6.7048154, 0.5202837] 2.465819 1.0408875 1.0221246 1.3289508
[6664, 0.42468587, 0.9964871, 8.418003, 0.57466173] 2.4876626 0.8536832 0.752564 1.389296
[6665, 0.50595874, 0.9893016, 7.0014668, 0.37880707] 2.4489903 0.91733277 0.8467571 1.42581
[6666, 0.4822776, 1.0178741, 4.6011887, 0.6797397] 2.7797532 0.96392745 0.8872619 1.2994738
[6667, 0.5042711, 0.9990834, 5.530324, 0.51364195] 2.6528797 0.91322076 1.0502218 1.2295442
[6668, 0.46519703, 1.1052171, 2.9165974, 0.56842524] 3.0584807 0.78554195 1.0388955 1.4648134
[6669, 0.5343063, 0.99698037, 5.4994884, 0.55718356] 2.7286093 0.9731206 0.918724 1.3118666
[6670, 0.45538688, 1.017755, 7.4869013, 0.40247458] 2.3608532 0.9691347 1.0732448 1.333366
[6671, 0.54085326, 0.99531496, 4.169505, 0.47253963] 2.8386679 0.915511 1.0094165 1.335261
[6672, 0.48479474, 1.0157046, 6.0276747, 0.51374805] 2.7980442 0.7863321 0.83052146 1.283549
[6673, 0.55043, 0.9607169, 5.70325, 0.44355944] 2.671907 1.0156134 0.8711625 1.3618149
[6674, 0.48792344, 0.9985333, 6.720645, 0.39230737] 2.6043742 1.0017743 0.97697693 1.1466902
[6675, 0.49410444, 1.063592, 2.900479, 0.57181513] 3.1875734 0.8364617 0.950353 1.1947265
[6676, 0.46487224, 0.9798891, 7.671907, 0.3974965] 2.3754425 1.0290695 1.0378 1.0915864
[6677, 0.47003803, 1.0169476, 5.4638157, 0.46581522] 2.8084068 0.88929886 0.88279253 1.2132382
[6678, 0.5000967, 1.0702686, 3.6565375, 0.51555836] 2.9917767 0.9312917 0.9046594 1.3267515
[6679, 0.44290543, 1.1043947, 3.0549946, 0.6827701] 3.065073 0.8449323 0.86714274 1.5177202
[6680, 0.41593274, 1.0306894, 8.273793, 0.6220187] 2.3009946 1.0074073 0.90601283 1.572399
[6681, 0.3859027, 0.9900245, 6.5554104, 0.2974343] 2.178818 0.9047452 1.1332316 1.2759026
[6682, 0.3336866, 1.0385277, 7.490103, 0.36450136] 2.4172568 0.8877803 0.9659959 1.1667063
[6683, 0.48510388, 1.0000709, 6.3221245, 0.5025673] 2.6110146 0.93681574 0.9241374 1.3168677
[6684, 0.5209416, 0.973875, 6.257487, 0.35097945] 2.6339498 0.9413443 0.8136808 1.3123457
[6685, 0.44836965, 1.0630368, 4.79167, 0.5694978] 2.911862 0.9068653 0.8930984 1.1650194
[6686, 0.53436595, 0.98600954, 5.842043, 0.580269] 2.3897986 0.97123784 1.1143483 1.5244169
[6687, 0.4807891, 1.0163122, 5.7701693, 0.55843973] 2.8284287 1.0128946 0.9436793 0.9958412
[6688, 0.40206844, 1.036331, 7.5756016, 0.55827314] 2.6152792 0.9475239 0.76642555 1.2698153
[6689, 0.46828914, 1.0401307, 5.241581, 0.6042648] 2.7670243 0.95696706 0.96265674 1.2295755
[6690, 0.42211863, 1.0403517, 8.404235, 0.66953033] 2.4923851 1.0029155 0.83128566 1.2819635
[6691, 0.46554583, 1.029169, 7.0045404, 0.5288818] 2.6180015 0.9044254 0.9811571 1.213287
[6692, 0.54526526, 0.97461873, 5.880246, 0.4588876] 2.7562442 0.953755 0.85412955 1.1503682
[6693, 0.44017577, 1.0346171, 6.7184205, 0.51755935] 2.5555432 0.8885724 0.91945505 1.3188057
[6694, 0.4856233, 1.025784, 5.313913, 0.59059143] 2.7625494 0.90590996 0.84980214 1.3152965
[6695, 0.43453586, 1.0064038, 8.27336, 0.4494023] 2.2890234 0.9520524 0.988924 1.4179384
[6696, 0.45235115, 0.97297746, 7.847877, 0.49545157] 2.4029648 0.94365853 0.96169734 1.3276628
[6697, 0.48109066, 1.0138038, 4.3019395, 0.5032877] 2.8065627 0.9556763 0.92280287 1.3182291
[6698, 0.5457533, 0.9855451, 5.840086, 0.5674191] 2.6170373 0.8737444 0.8822992 1.4685813
[6699, 0.32980397, 1.0545077, 7.502602, 0.45648095] 2.4038079 1.1408782 0.9478233 1.1461141
[6700, 0.5431105, 0.9915405, 4.38123, 0.4768268] 2.7342846 0.94524115 0.9759225 1.3722814
[6701, 0.5388673, 0.9619025, 4.1037683, 0.42265466] 2.8873484 0.9313391 0.97884566 1.1768496
[6702, 0.5290567, 0.9572557, 7.700187, 0.44556585] 2.5723157 0.95448685 0.9749073 0.8585312
[6703, 0.61689186, 0.90165234, 5.138601, 0.5687852] 2.8674235 0.9180582 0.9358723 1.1196411
[6704, 0.45346424, 1.021179, 7.656104, 0.47118348] 2.5887284 0.9562223 0.89683175 1.151837
[6705, 0.43322352, 1.007084, 8.198356, 0.5170982] 2.49677 0.8818459 0.9102913 1.3121194
[6706, 0.50175935, 1.0516053, 3.784331, 0.5954042] 3.218773 0.85729474 0.8375583 1.112428
[6707, 0.45396894, 1.1034688, 3.111961, 0.5333132] 2.993323 0.9185525 1.0197322 1.3600397
[6708, 0.5326927, 1.0029856, 5.5541973, 0.49895853] 2.4650402 1.0394561 1.0290891 1.493204
[6709, 0.45883495, 1.019358, 6.829199, 0.46512473] 2.4722452 0.9449901 0.960437 1.400659
[6710, 0.45082352, 0.9964356, 7.851068, 0.47376126] 2.420044 1.0931054 1.0156134 1.1109685
[6711, 0.4447824, 1.027675, 7.247355, 0.5356163] 2.4936202 0.94031924 0.9505288 1.3791516
[6712, 0.5239934, 0.9978794, 5.0470214, 0.68630886] 2.7712522 1.0156139 0.9951896 1.0947096
[6713, 0.36905283, 1.1233802, 3.5278816, 0.66418046] 2.9707997 0.9140361 0.89449036 1.3246228
[6714, 0.4187428, 1.0462548, 6.7027497, 0.4575111] 2.4816036 1.1530592 1.063058 1.1182162
[6715, 0.505045, 1.0093787, 4.753043, 0.4811657] 2.8160295 1.0589107 0.92617995 1.1202841
[6716, 0.39192507, 1.0235229, 6.8458247, 0.4913589] 2.4303277 1.0255144 0.97201717 1.2255509
[6717, 0.47376972, 1.0276569, 5.04036, 0.57234156] 2.874086 0.8307807 0.96799904 1.2527386
[6718, 0.47483328, 1.0317712, 7.224417, 0.63841367] 2.526128 0.97470844 1.070915 1.156078
[6719, 0.4403166, 1.0545765, 5.620149, 0.5347695] 2.758133 0.98338914 0.8929226 1.2858967
[6720, 0.4232244, 1.0065799, 8.075805, 0.40802443] 2.3702521 1.0540617 0.9257963 1.22231
[6721, 0.42812383, 1.0649394, 7.2241387, 0.50074863] 2.6046345 1.0697731 0.89401525 1.1576127
[6722, 0.5601633, 0.976778, 4.809206, 0.48494354] 2.6828868 0.92698073 0.97774136 1.412008
[6723, 0.39786166, 1.0568491, 7.030345, 0.571692] 2.5868402 0.9923461 0.9070852 1.2962646
[6724, 0.42770338, 1.0427681, 6.163691, 0.6303331] 2.6095028 0.9743303 0.9117459 1.3251268
[6725, 0.48960665, 1.0122174, 5.425155, 0.5892393] 2.768494 0.95462126 0.9024886 1.2331629
[6726, 0.50734395, 1.001771, 6.533577, 0.5357868] 2.7379122 0.9151172 0.8657695 1.2175274
[6727, 0.4293198, 1.0338283, 6.946453, 0.5182741] 2.476897 0.96178323 0.871881 1.4762964
[6728, 0.4463981, 1.030623, 6.856251, 0.5632817] 2.779269 0.9035451 0.7957567 0.9785125
[6729, 0.506828, 1.0596106, 3.4520783, 0.55385655] 2.9459193 0.9973047 0.94138193 1.374525
[6730, 0.4865452, 1.0566083, 3.4517398, 0.5892241] 3.0412636 0.84432 0.9246074 1.3356031
[6731, 0.400227, 1.0555991, 6.3476567, 0.56948656] 2.5233107 1.1480843 1.0134199 1.2323008
[6732, 0.4455554, 0.97167265, 6.9290266, 0.36160395] 2.299575 0.92707247 1.1568565 1.236293
[6733, 0.49777326, 0.9118481, 6.5811944, 0.31242055] 2.0949152 0.9156377 1.0243243 1.4684135
[6734, 0.42201504, 1.0673406, 4.7233253, 0.62962115] 2.9054813 0.9845379 0.89147043 1.20222
[6735, 0.3731105, 1.0403395, 7.987764, 0.4176852] 2.3649669 0.9107706 1.0260162 1.321736
[6736, 0.54763746, 0.96999097, 5.170213, 0.58245397] 2.6467226 1.0046257 0.98842084 1.35957
[6737, 0.41316274, 1.0041987, 7.53319, 0.4527707] 2.3754568 0.76452607 0.962696 1.4066347
[6738, 0.4080257, 1.0323759, 7.873123, 0.4447898] 2.5287135 0.93595326 0.82009304 1.3233672
[6739, 0.52935946, 1.0440937, 3.3307917, 0.58136964] 3.0083606 0.92643744 0.7552472 1.5170298
[6740, 0.5227355, 0.98630536, 6.5007553, 0.51710856] 2.514751 1.1423248 0.9811509 1.2681137
[6741, 0.5425323, 1.0022883, 5.325585, 0.55962414] 2.6658046 0.91938317 1.0123811 1.4219303
[6742, 0.46041006, 1.0362236, 5.43427, 0.6199397] 2.7182233 1.0857109 0.90298843 1.2718558
[6743, 0.46019346, 0.99656445, 7.1823483, 0.34132433] 2.477889 0.98829764 0.91762406 1.270588
[6744, 0.42554542, 1.05157, 6.429062, 0.61716133] 2.5996962 1.0389233 0.88979393 1.321778
[6745, 0.4352593, 1.0959493, 3.128413, 0.5914842] 3.0367954 0.8938015 0.9451875 1.4339272
[6746, 0.501907, 1.0007707, 4.976864, 0.57015973] 2.7840588 0.93553543 0.9202423 1.2745088
[6747, 0.4752304, 0.9843604, 7.0791636, 0.5941025] 2.5485356 0.98620194 0.99534273 1.1263713
[6748, 0.42742857, 1.0571606, 7.041456, 0.5548873] 2.5385392 0.9308528 0.9949639 1.3521806
[6749, 0.50230134, 1.0093068, 4.2246795, 0.40203825] 2.8267088 0.94996035 1.0303274 1.2048103
[6750, 0.4720045, 1.0142745, 5.544006, 0.56165814] 2.8359637 0.96233946 0.8330237 1.1677853
[6751, 0.4095944, 1.074829, 3.7734551, 0.4834144] 2.8106718 1.1900115 0.8956328 1.1872495
[6752, 0.5384565, 0.9743416, 4.4118333, 0.5327821] 2.920751 0.988027 0.9373092 1.0359545
[6753, 0.5575311, 0.975377, 4.3398542, 0.48856607] 2.8304741 0.7192495 1.0204943 1.3788956
[6754, 0.38477737, 1.0470786, 7.7822623, 0.5459119] 2.4346237 1.047648 0.8057388 1.2904552
[6755, 0.55952626, 0.98709655, 3.8687377, 0.49661076] 2.8885717 0.9935968 0.8426404 1.2915106
[6756, 0.46390438, 1.0287906, 4.181538, 0.41601267] 2.8030005 1.0243181 0.91840535 1.2078631
[6757, 0.4636752, 1.0733279, 3.4748497, 0.5237795] 2.9038155 0.94094056 0.8659281 1.3664099
[6758, 0.43860504, 0.9926318, 7.6275005, 0.48286855] 2.6493247 0.94455403 0.8645614 1.1149181
[6759, 0.5335512, 0.99977726, 4.9442368, 0.47804546] 2.7264857 1.1375568 0.86462706 1.2771384
[6760, 0.58927685, 0.9556796, 4.2580695, 0.5750396] 2.7316244 1.0553017 0.97580063 1.4375343
[6761, 0.42154408, 1.0314337, 6.7208414, 0.51886237] 2.5822759 0.9165208 0.9630499 1.2786399
[6762, 0.39850256, 1.0380741, 7.571603, 0.52176607] 2.4961932 0.9758255 0.92919046 1.158273
[6763, 0.4256209, 1.0058968, 7.0912004, 0.29829183] 2.4141445 0.8989286 0.9144518 1.273443
[6764, 0.44804987, 1.0491898, 5.956561, 0.57791567] 2.7077208 1.0851467 0.9882025 1.0348349
[6765, 0.44565564, 0.99776316, 7.6590905, 0.5024065] 2.3084517 0.92182875 0.8786842 1.5431412
[6766, 0.45447406, 1.0423666, 5.987279, 0.5188051] 2.5440774 1.1005452 0.90199625 1.3929824
[6767, 0.41226348, 1.1385561, 3.7633219, 0.5685169] 3.066106 0.9583426 0.9072098 1.1956172
[6768, 0.52856237, 0.9738579, 6.012505, 0.5405138] 2.609259 0.9885989 1.0598307 1.25238
[6769, 0.525009, 0.982403, 6.831259, 0.4591302] 2.759054 0.8392403 0.9214538 1.020779
[6770, 0.49163485, 1.0510232, 3.3338537, 0.6250661] 3.0304868 0.9499622 0.85464036 1.2283419
[6771, 0.3957781, 1.0308496, 7.238618, 0.4297411] 2.5241132 0.89978415 0.98255706 1.1859711
[6772, 0.48993054, 1.0512435, 3.411531, 0.49310476] 3.158218 0.9185323 0.74400634 1.1519055
[6773, 0.36725336, 1.0601377, 7.5185304, 0.42993745] 2.3881783 1.0157284 0.92822367 1.4163078
[6774, 0.5333371, 0.96871454, 5.087532, 0.55884117] 2.695117 0.96897966 0.77597517 1.4361371
[6775, 0.47705594, 1.0245291, 5.3310823, 0.4428232] 2.777453 0.9207886 1.0097817 1.1631604
[6776, 0.4605786, 1.0120312, 7.6739106, 0.6888496] 2.3843086 1.0628713 1.0682629 1.219499
[6777, 0.52366257, 0.99859595, 6.130422, 0.62498796] 2.6788778 1.1217686 0.8692178 1.0627114
[6778, 0.5429735, 1.0122186, 3.686484, 0.54007906] 2.9247243 0.9861279 0.8364583 1.3515143
[6779, 0.51576895, 1.0059369, 4.5716805, 0.5218599] 2.919753 0.9717432 0.88036186 1.1485358
[6780, 0.3676226, 1.0746938, 7.3535023, 0.46921265] 2.4822319 0.9294048 0.8567843 1.4994982
[6781, 0.47579238, 1.0428672, 4.612529, 0.57718194] 2.8359904 1.0198803 0.8395881 1.249785
[6782, 0.5150447, 0.9944257, 6.001974, 0.5590576] 2.773174 0.8994126 1.0129727 1.1272932
[6783, 0.43448895, 1.0280889, 5.536167, 0.5512219] 2.7153337 0.9583759 0.8404691 1.2686199
[6784, 0.5054734, 1.0265495, 5.6627088, 0.5702925] 2.764404 0.93750733 0.90931195 1.2180789
[6785, 0.4076983, 1.0362118, 6.367633, 0.4558268] 2.4894712 1.131823 1.0329715 1.2271636
[6786, 0.45950451, 1.0413706, 5.7577357, 0.47413182] 2.5254269 0.90965706 0.96061796 1.5190175
[6787, 0.5146189, 0.9818566, 6.5447454, 0.64026415] 2.571858 0.9351489 0.9215848 1.3013598
[6788, 0.47940722, 1.0001987, 6.8434944, 0.66337] 2.4898815 1.0736566 0.8752172 1.2884355
[6789, 0.4866006, 1.0770366, 3.3546877, 0.45250952] 3.1092021 1.0244578 0.93702763 1.1216179
[6790, 0.48319438, 0.9807756, 6.859128, 0.6088979] 2.5432253 0.93465495 0.8838207 1.236599
[6791, 0.47321162, 1.0337634, 6.7000737, 0.59239674] 2.704777 0.94047916 0.86347353 1.1672992
[6792, 0.43623987, 1.0423816, 7.3675156, 0.50490505] 2.5431569 1.0053364 0.87139195 1.2279948
[6793, 0.32104605, 1.0830936, 7.7826977, 0.6886807] 2.3952594 0.9414228 0.9557741 1.4532272
[6794, 0.48689795, 0.9728601, 6.873623, 0.499096] 2.3308845 0.97770554 1.0017036 1.3181372
[6795, 0.52694464, 1.0482404, 3.4993298, 0.49188286] 3.0153778 0.85330737 0.8478894 1.3692362
[6796, 0.47035325, 1.0959859, 3.2395282, 0.63008964] 3.0166051 0.9207976 0.90555197 1.4084382
[6797, 0.47384077, 1.0190526, 6.2578807, 0.5598416] 2.6078393 0.8556629 1.0256867 1.208163
[6798, 0.42412195, 1.0148609, 7.834329, 0.441421] 2.3334656 1.1059366 1.0439098 1.169153
[6799, 0.41063172, 1.0294635, 7.866593, 0.5443348] 2.3351026 1.0348696 0.8845403 1.3822057
[6800, 0.50962555, 1.0010164, 6.6533937, 0.5785698] 2.7417343 1.0478137 0.88999957 1.0332075
[6801, 0.59670943, 0.9286383, 5.1271105, 0.55668855] 2.7972558 0.7318148 1.006628 1.3238358
[6802, 0.41057786, 1.1416739, 2.9604483, 0.808374] 3.2327342 0.832567 0.89137334 1.3156573
[6803, 0.5283895, 1.0032408, 4.281952, 0.52068466] 2.7369754 1.022518 1.0429522 1.2649637
[6804, 0.4605699, 1.0166345, 6.0233645, 0.62213546] 2.6381834 1.0548134 1.0053326 1.1394162
[6805, 0.4932516, 1.0048153, 5.4156513, 0.5322795] 2.7414112 0.9329795 1.0396656 1.194316
[6806, 0.38702378, 1.073425, 7.644103, 0.5751921] 2.2048056 1.1345886 1.1259805 1.4406108
[6807, 0.5134082, 1.0090195, 4.4277453, 0.49608323] 2.8663514 0.98901623 1.02051 1.0443356
[6808, 0.56040883, 0.9857587, 4.2068768, 0.48807815] 2.9170208 0.8646117 0.9195865 1.2952614
[6809, 0.3952709, 1.0121509, 7.4308033, 0.39559] 2.4850447 0.94381106 0.9869663 1.1155628
[6810, 0.55618334, 1.0273099, 3.7660265, 0.5134717] 2.8559704 0.92346185 0.97749454 1.4483972
[6811, 0.47709233, 1.0249914, 7.073043, 0.53994536] 2.69363 0.99604 0.89515567 1.092432
[6812, 0.54809153, 0.9690796, 6.186186, 0.62357444] 2.664883 0.9971816 1.0139971 1.0326859
[6813, 0.53093374, 0.9987524, 4.5668936, 0.5541432] 2.7693977 1.0162904 0.9549518 1.320335
[6814, 0.49387488, 1.0071138, 5.8403945, 0.49638447] 2.7317944 0.86000323 0.9507898 1.2589473
[6815, 0.49968764, 0.99711347, 6.302859, 0.38021502] 2.6053715 0.9636214 1.0888716 1.1642597
[6816, 0.45045552, 1.0416945, 3.740026, 0.40680858] 2.8911836 0.9890948 0.8010714 1.378562
[6817, 0.4529527, 1.0260159, 6.055107, 0.49419862] 2.779807 0.88644165 0.8353032 1.122545
[6818, 0.5510784, 0.993155, 3.999178, 0.52512735] 2.8615046 0.98526824 0.9112201 1.2741059
[6819, 0.45385846, 1.0490853, 5.8086047, 0.52221626] 2.6992033 0.8588998 1.0473629 1.2807215
[6820, 0.4080657, 1.063053, 7.854857, 0.4842759] 2.5541966 0.88291186 0.9628864 1.2241733
[6821, 0.44030064, 1.0178256, 7.8341107, 0.57923] 2.4785135 0.9842511 0.91767585 1.1488612
[6822, 0.5100534, 1.0048982, 5.621767, 0.48302612] 2.6168475 0.9520007 0.9566752 1.3801254
[6823, 0.47002423, 1.0145326, 6.6298547, 0.487679] 2.5876803 1.0769486 0.8269762 1.2659723
[6824, 0.48559296, 1.021904, 6.629033, 0.36558208] 2.6452184 0.91816115 0.89310926 1.2420846
[6825, 0.5145034, 0.9886625, 4.3794045, 0.49817362] 2.8101354 1.0039575 0.9114852 1.3230624
[6826, 0.47969836, 1.013315, 7.59454, 0.5026255] 2.6153407 0.99335533 0.9536895 1.0034791
[6827, 0.42016834, 0.9635268, 7.258645, 0.34443697] 2.1575694 0.8869594 0.9960172 1.4944097
[6828, 0.43774405, 1.0357385, 6.6751113, 0.5302237] 2.7996771 0.9014822 0.76778245 1.2335057
[6829, 0.53136486, 0.99594826, 4.456791, 0.56673986] 2.847656 0.90108466 0.83489907 1.379746
[6830, 0.5559482, 0.9686577, 4.68335, 0.62234503] 2.8389316 0.9936563 0.9724592 1.1687437
[6831, 0.51040614, 1.0129553, 4.4976907, 0.47214934] 2.843016 0.8107784 0.93808097 1.298952
[6832, 0.51752067, 0.99569803, 5.175277, 0.47881684] 2.5790894 1.0023715 1.0498469 1.4236461
[6833, 0.5020197, 0.99307674, 7.5087333, 0.42820132] 2.423817 0.8932188 0.9401967 1.4514016
[6834, 0.519555, 0.9986429, 6.1789536, 0.59823656] 2.612806 0.98202795 0.9655503 1.2651393
[6835, 0.5691732, 1.007518, 4.1425886, 0.48278958] 2.957543 0.96025807 0.929545 1.1894219
[6836, 0.52638257, 1.0626456, 2.8869662, 0.6063749] 3.2560492 1.0602838 0.8439435 1.0454432
[6837, 0.5288752, 1.0244049, 4.2463784, 0.50416297] 2.9352279 1.0798789 0.87518543 1.0985682
[6838, 0.46526796, 1.0532706, 3.640013, 0.4467662] 2.917361 0.92677313 0.9173756 1.339697
[6839, 0.4591513, 1.051853, 5.2710524, 0.5820859] 2.7749474 0.93990135 0.92928404 1.2138183
[6840, 0.43160108, 1.0151428, 8.671626, 0.5077588] 2.3486626 0.9799544 0.8541785 1.4039851
[6841, 0.42578214, 1.0207384, 7.1489816, 0.38018453] 2.421312 1.0706481 1.0047216 1.1546038
[6842, 0.5373993, 1.0111988, 3.5855982, 0.5012961] 2.8983424 1.0223116 0.9972507 1.2714839
[6843, 0.48448014, 1.0238719, 4.919606, 0.60130286] 2.8360548 0.98756427 0.8926219 1.1285495
[6844, 0.4463852, 1.1026533, 3.0717626, 0.61301017] 3.116394 0.8637718 1.0081774 1.2138155
[6845, 0.5836675, 0.95235926, 4.930931, 0.7106462] 2.7643561 1.0613691 1.084919 1.1449155
[6846, 0.49634025, 1.0060958, 6.480837, 0.40554634] 2.5644593 0.8600511 1.0042552 1.368566
[6847, 0.5745205, 0.96892214, 4.9443064, 0.4384675] 2.6461976 1.0261045 0.99198085 1.4459245
[6848, 0.51662564, 0.9828708, 6.083235, 0.53089917] 2.5009265 0.9692708 1.0213019 1.3790925
[6849, 0.48856345, 1.0296645, 4.8549023, 0.5994705] 2.9888532 0.73961365 0.88731825 1.1805875
[6850, 0.45504293, 1.021916, 6.2205606, 0.441673] 2.5571313 0.96276027 0.8764306 1.4446971
[6851, 0.5159507, 1.0314234, 3.762181, 0.51182145] 2.8386037 0.9966412 0.9988032 1.3437202
[6852, 0.5103062, 1.0119869, 6.05336, 0.60251194] 2.7384493 1.0629603 0.86890495 1.1300626
[6853, 0.46719876, 1.0857569, 3.8959634, 0.6449427] 3.085889 0.915534 0.8174198 1.2248495
[6854, 0.48917204, 1.0250273, 6.0388536, 0.784221] 2.6432433 0.92441994 1.0267979 1.3401021
[6855, 0.5467227, 1.0139384, 3.9345744, 0.6647553] 2.7581003 1.1763469 1.0221971 1.2668535
[6856, 0.36108616, 1.193197, 2.4874687, 0.87497014] 3.224919 0.9189379 0.9288555 1.3276218
[6857, 0.47374165, 1.0022721, 7.148536, 0.590409] 2.7285569 0.9180251 0.8955902 1.0380157
[6858, 0.5163576, 0.99194413, 6.798049, 0.46955332] 2.4775643 1.0993484 0.9983306 1.305965
[6859, 0.47042695, 1.0381634, 5.7804155, 0.49908566] 2.7927804 1.0260271 0.8698922 1.1041834
[6860, 0.4384721, 1.0127883, 7.2836113, 0.48138127] 2.3791046 1.0961254 1.044081 1.2543395
[6861, 0.436279, 0.98390704, 7.8625846, 0.42901424] 2.3231502 0.9892058 1.0188311 1.0997127
[6862, 0.47070357, 1.0336479, 5.1924767, 0.56621224] 2.6879647 1.0430255 0.9873403 1.2545733
[6863, 0.55557626, 0.99399465, 5.686987, 0.5590428] 2.8724341 0.939007 0.891086 1.0412463
[6864, 0.5244116, 1.0119426, 4.747877, 0.5253423] 2.9450479 0.9509471 0.82758236 1.173777
[6865, 0.3651647, 1.0761985, 6.7221994, 0.55677456] 2.465554 1.0138173 0.9721862 1.2975831
[6866, 0.5348922, 1.0067998, 4.2322793, 0.5354625] 3.012926 0.8418988 0.9110196 1.1761118
[6867, 0.5946246, 0.9421412, 4.523017, 0.5332214] 2.7241771 0.96581805 1.0334752 1.4087665
[6868, 0.41672286, 1.0330129, 7.506363, 0.4903831] 2.5609686 1.0091003 0.8746291 1.0674952
[6869, 0.5076245, 0.9991401, 6.5506573, 0.5258049] 2.6753573 1.0937893 0.8484467 1.1018175
[6870, 0.42490298, 1.043589, 7.56191, 0.66580707] 2.6741822 0.98603606 0.8773095 1.0873618
[6871, 0.49309674, 0.9947748, 4.5019693, 0.5150724] 2.864264 0.9231332 0.8729572 1.2773459
[6872, 0.44315767, 1.0394709, 6.7014084, 0.5917736] 2.6143577 0.9017209 0.9563731 1.3224853
[6873, 0.51551914, 1.0210484, 4.4719763, 0.5676862] 2.9821765 0.9048765 0.9119648 1.0693086
[6874, 0.47863033, 1.0295768, 5.078371, 0.5400556] 2.6401212 1.0774692 1.024341 1.3398815
[6875, 0.53817356, 0.98208183, 5.8279624, 0.60593814] 2.5160124 1.0911049 1.0130887 1.4556333
[6876, 0.4722655, 1.0148677, 6.4493885, 0.49531752] 2.6853445 1.0045866 0.8393616 1.2221874
[6877, 0.46629003, 1.0453019, 5.5916653, 0.57621187] 2.6882305 0.81874406 0.912617 1.4113572
[6878, 0.4994255, 1.050872, 3.6026638, 0.63201827] 3.1343167 0.99548584 0.86950874 1.0195838
[6879, 0.45269197, 1.0064353, 7.665684, 0.55602545] 2.3790848 0.869717 0.9627857 1.37949
[6880, 0.3636554, 1.0545437, 8.409019, 0.56794703] 2.499479 0.9149419 0.8498755 1.2534456
[6881, 0.431275, 1.0334631, 5.557428, 0.4630342] 2.7630653 0.9552423 0.8876955 1.1452473
[6882, 0.5030489, 0.99841595, 7.5187926, 0.56580657] 2.419009 0.9979204 0.94244456 1.3548659
[6883, 0.4965306, 0.97657615, 7.4802775, 0.48406515] 2.4602528 1.0294013 0.9596721 1.3165095
[6884, 0.5266792, 1.0110394, 4.677405, 0.56544214] 2.8138804 0.7117999 0.99692947 1.4315562
[6885, 0.47438878, 1.0313338, 5.795238, 0.5521024] 2.5778558 0.97374856 0.97228837 1.4021978
[6886, 0.4378599, 1.0893238, 3.5718203, 0.599733] 3.0843344 0.938901 0.86003774 1.1409905
[6887, 0.4176878, 1.1269927, 2.907057, 0.93830246] 3.0784247 0.94774514 0.99498266 1.3236157
[6888, 0.425409, 1.0335348, 7.083032, 0.734069] 2.7429373 0.882345 0.88247275 1.1226692
[6889, 0.49085167, 1.059399, 4.2436986, 0.6660194] 2.9362497 0.9763523 0.8967991 1.2016822
[6890, 0.54807675, 1.0222188, 3.9546134, 0.6177434] 2.9484072 1.0672164 0.8303212 1.2962159
[6891, 0.43984142, 1.0293261, 6.9844174, 0.4889983] 2.5076988 0.92191887 0.9934456 1.3447753
[6892, 0.5373315, 0.9849502, 6.4491224, 0.56194943] 2.661374 0.93122953 0.9480424 1.2631481
[6893, 0.49773955, 0.9864979, 8.108125, 0.62364143] 2.4360285 0.9896864 0.913481 1.3575903
[6894, 0.48138782, 1.0056926, 7.042888, 0.5755997] 2.5335455 0.94248545 1.0748816 1.3028195
[6895, 0.50683045, 1.0178918, 6.109111, 0.5292262] 2.7983592 0.8212721 0.9145011 1.0888145
[6896, 0.46805388, 1.0188345, 6.627951, 0.73085594] 2.6655688 0.9309393 0.9071572 1.2238626
[6897, 0.40922672, 1.0331569, 7.9527774, 0.79366475] 2.5170808 0.93505174 0.86548126 0.9978947
[6898, 0.45558798, 0.9584746, 7.0007215, 0.34566465] 2.1199634 0.9316336 1.0879594 1.481159
[6899, 0.4724749, 1.0158976, 7.019505, 0.49049377] 2.6014555 0.88747996 0.8938674 1.2744898
[6900, 0.55512124, 0.9957274, 4.8592625, 0.6785956] 2.7255278 0.9384002 1.0453166 1.3625946
[6901, 0.40866444, 1.0262991, 7.713354, 0.7475448] 2.5487642 1.0217935 0.77416676 1.2849656
[6902, 0.57168406, 0.9493992, 6.082873, 0.55530566] 2.7062066 1.1011064 0.9795376 0.9709261
[6903, 0.4610295, 1.0110606, 6.2717137, 0.46489868] 2.5195348 1.120772 0.98000157 1.2565973
[6904, 0.43372434, 1.0470569, 6.280648, 0.5656094] 2.6614082 0.9878487 0.99002945 1.148978
[6905, 0.47358698, 0.97121656, 7.9928737, 0.47520036] 2.4026532 0.86564505 0.9103896 1.2494528
[6906, 0.37922493, 1.0747179, 6.8235483, 0.44931826] 2.4676826 0.9104677 0.9441638 1.4358292
[6907, 0.4665146, 1.0265114, 6.5577016, 0.47558954] 2.5692472 0.91574275 0.9693659 1.3135506
[6908, 0.44004726, 1.0215055, 8.446548, 0.5586789] 2.5383284 0.9895042 0.9775845 1.0553526
[6909, 0.3248557, 1.0976323, 7.2921453, 0.60718817] 2.7328532 0.8887119 0.8390885 1.1135211
[6910, 0.5272928, 0.995992, 6.026431, 0.55502534] 2.6878603 0.9287541 1.0006021 1.1626569
[6911, 0.5928688, 0.9395255, 4.89384, 0.5444391] 2.7113154 0.9503949 0.93571234 1.3829204
[6912, 0.43987316, 1.0599681, 5.0152025, 0.5259589] 2.753948 0.97009486 0.9034427 1.3299149
[6913, 0.43438387, 1.0836682, 3.8224566, 0.578428] 2.9505424 1.0147252 0.87540007 1.2149487
[6914, 0.52286035, 0.98449, 5.495131, 0.5946973] 2.8108308 0.8274813 0.9574995 1.2138599
[6915, 0.5139104, 1.0348444, 4.538017, 0.5713439] 2.8183267 1.1368229 0.9822501 1.1415333
[6916, 0.4707019, 1.0329205, 5.5007143, 0.66680616] 2.8204486 0.8640522 0.8062459 1.3070538
[6917, 0.46228477, 1.056903, 3.7627604, 0.5609272] 2.9944704 0.84405077 0.91324013 1.3074172
[6918, 0.48179796, 1.0321378, 3.6294625, 0.5581788] 2.9900603 0.8899862 0.93166447 1.2979091
[6919, 0.50996107, 1.0239933, 4.42539, 0.5669561] 2.8804376 0.90551955 0.9887541 1.1430154
[6920, 0.40889436, 1.0648679, 6.2229567, 0.503532] 2.5207818 0.9508921 1.0215305 1.4169636
[6921, 0.5498748, 0.98506355, 4.846207, 0.56860167] 2.8165872 0.8735206 0.80552614 1.4287922
[6922, 0.53496283, 0.9835344, 5.961005, 0.50494826] 2.6647172 0.8678018 0.9125193 1.4211658
[6923, 0.42369056, 1.0653167, 7.0250998, 0.49232566] 2.5425215 0.9940497 0.91537285 1.3463563
[6924, 0.47647473, 1.1075696, 3.1036613, 0.5825135] 3.0940878 0.8130735 0.99325603 1.3881103
[6925, 0.41983688, 1.0205497, 7.6622505, 0.3907095] 2.4262195 0.8717213 0.9028202 1.3197463
[6926, 0.3980658, 1.1288422, 2.864528, 0.73017937] 3.0169096 1.020169 0.99737227 1.3867433
[6927, 0.49042642, 1.0156506, 4.748191, 0.47024813] 2.7833266 0.93536896 0.9806024 1.2653588
[6928, 0.4759484, 1.008149, 5.601565, 0.58614844] 2.6994493 0.98153275 0.85509527 1.3298295
[6929, 0.48070368, 1.0234176, 5.770206, 0.46709937] 2.8323078 0.6894585 0.85428077 1.2649453
[6930, 0.5223414, 1.0226184, 5.199819, 0.62599725] 2.860261 0.88543254 0.9753303 1.1468607
[6931, 0.42296323, 1.0280895, 7.528012, 0.42209157] 2.4379923 0.8235012 0.99839044 1.2678059
[6932, 0.50866574, 1.0277343, 5.0703745, 0.8705181] 2.7348995 0.9849784 0.8519072 1.3323435
[6933, 0.498616, 1.0181805, 5.8587046, 0.61488485] 2.6629841 0.9527753 1.0463356 1.0896012
[6934, 0.45033094, 1.0451919, 6.684487, 0.5047423] 2.4378703 0.991156 0.9316961 1.5331059
[6935, 0.53559774, 1.0053092, 4.225933, 0.5739303] 3.0178955 0.88673943 0.8271956 1.1008139
[6936, 0.4111792, 1.0599457, 6.539566, 0.49291977] 2.5706317 1.03052 0.9989689 1.2474078
[6937, 0.5620111, 0.9770283, 7.393827, 0.524511] 2.619742 1.0302283 1.0609714 0.94451195
[6938, 0.5369763, 0.98964024, 5.030973, 0.72197497] 2.6319087 0.86369306 0.9918301 1.4595861
[6939, 0.5653417, 0.9644733, 6.182648, 0.58657956] 2.5966058 1.0288552 0.89967847 1.3379294
[6940, 0.52814186, 1.0178922, 6.9252825, 0.52278054] 2.740901 0.9667597 0.94263536 0.9995305
[6941, 0.4196332, 1.0623697, 6.951121, 0.53381526] 2.6131678 0.8936327 0.98973835 1.2071891
[6942, 0.50895256, 1.0151227, 3.9911435, 0.4336356] 2.953294 0.85394084 0.89398855 1.2226422
[6943, 0.5538113, 0.9917598, 3.8361557, 0.4553722] 2.7505782 1.0544586 1.1431578 1.2695824
[6944, 0.53383875, 0.99911726, 4.319109, 0.4418475] 2.6108494 0.9858528 1.066626 1.4904162
[6945, 0.59013563, 0.9760519, 4.174329, 0.50707906] 2.8885922 1.087363 0.982599 1.105631
[6946, 0.5440726, 1.005853, 3.513196, 0.4761942] 2.9287415 1.0981119 0.9720278 1.1899793
[6947, 0.47804403, 0.9680831, 7.383756, 0.5083512] 2.3812895 0.93344223 0.9988348 1.2289206
[6948, 0.43647823, 1.0391212, 4.4533415, 0.44761106] 2.7874897 1.0832502 0.89948493 1.2529004
[6949, 0.41008812, 1.0655295, 7.2559175, 0.61160564] 2.5915236 0.9442677 0.86454237 1.3603798
[6950, 0.4557069, 1.0457914, 6.125726, 0.7453862] 2.722178 0.90338624 0.96625304 1.236881
[6951, 0.46524367, 1.0754735, 4.2912936, 0.6278114] 2.9731774 0.96917236 0.9097445 1.1743027
[6952, 0.4902096, 1.0217029, 5.424515, 0.6342014] 2.798576 0.9278979 0.92506725 1.1804013
[6953, 0.48744565, 1.0259664, 5.842361, 0.59426475] 2.7201145 0.95892084 0.75621355 1.3638847
[6954, 0.4709142, 1.0161098, 7.1214557, 0.43333477] 2.486226 0.9683298 1.002607 1.3077117
[6955, 0.39151928, 1.0522757, 6.864099, 0.5619374] 2.4101763 1.0912359 0.99602795 1.3842803
[6956, 0.5795469, 0.9399346, 5.2229943, 0.5810108] 2.7930248 0.9944495 1.0276158 1.035602
[6957, 0.47654384, 1.0005405, 6.118301, 0.50985575] 2.5833328 0.9198841 0.9185377 1.3771278
[6958, 0.6210018, 0.92919755, 4.3678913, 0.50462794] 2.6383147 1.0543151 0.9532911 1.5485207
[6959, 0.52714133, 1.0056481, 4.1672354, 0.5831504] 2.9042144 0.7841077 0.9987721 1.3540273
[6960, 0.46647686, 1.0363523, 5.1236362, 0.557644] 2.6337092 1.0597215 0.9744675 1.3813558
[6961, 0.58819366, 0.91128004, 4.51757, 0.44131294] 2.887274 0.8500312 0.9282126 1.2020253
[6962, 0.5346965, 1.0074877, 3.8878887, 0.4911816] 2.9480786 0.84756494 0.9378822 1.2797865
[6963, 0.4174425, 1.0309724, 7.6503496, 0.45380503] 2.3476648 1.0001215 1.0938394 1.284537
[6964, 0.43847668, 1.0286611, 6.2231946, 0.52439874] 2.6263256 0.9358849 0.9871623 1.2664908
[6965, 0.44106868, 1.0292332, 6.1491637, 0.48264053] 2.7659483 0.9299859 0.74985474 1.199027
[6966, 0.56371427, 0.9619721, 5.606774, 0.5461583] 2.5411172 1.1593482 1.1189463 1.0448685
[6967, 0.50555336, 1.0273485, 4.889176, 0.59911966] 2.8615685 0.96441406 0.9656503 1.0625942
[6968, 0.40036574, 1.0388737, 6.9557257, 0.44818115] 2.5136077 1.0399048 0.8860575 1.1738726
[6969, 0.40512463, 1.0512668, 6.7689195, 0.53980863] 2.6267056 1.1139123 0.91965765 1.1128792
[6970, 0.47557122, 0.9890438, 7.6013575, 0.4577359] 2.5227013 1.1006886 0.9375467 1.0807464
[6971, 0.48177093, 0.99748504, 6.7493167, 0.53836596] 2.6039846 0.9067399 0.9998261 1.2404795
[6972, 0.53663063, 0.88912344, 7.3142095, 0.29419574] 2.2426434 1.13817 0.95135796 1.0884866
[6973, 0.50145656, 0.99362534, 6.0665555, 0.40413454] 2.4364932 1.080479 1.0256627 1.3360275
[6974, 0.469089, 1.0444622, 6.8927774, 0.57339454] 2.5936298 1.0760554 0.845418 1.2383003
[6975, 0.40034795, 1.057946, 7.834126, 0.5399657] 2.5247686 1.0797333 0.9532747 1.1239948
[6976, 0.49859163, 0.9539043, 7.6224937, 0.41197702] 2.3280122 0.92078334 0.96672875 1.2881451
[6977, 0.4147104, 1.0111598, 7.3302317, 0.39832333] 2.1515744 1.1732472 0.98488814 1.4071873
[6978, 0.4602601, 0.9960647, 7.7281656, 0.45276675] 2.3553367 1.0409876 1.0109707 1.2355144
[6979, 0.49406204, 0.88035524, 5.715179, 0.23604214] 2.0773952 1.0277941 0.8292155 1.3782381
[6980, 0.55841976, 0.98821664, 3.80954, 0.5900053] 2.7185721 1.0743022 1.0635785 1.3775923
[6981, 0.5482716, 0.97369736, 6.1875653, 0.41120118] 2.6764755 0.9515917 0.9745203 1.2012924
[6982, 0.50275743, 1.0273538, 4.6875253, 0.546881] 2.7122176 1.0265675 0.9838048 1.3708115
[6983, 0.38582566, 1.0651845, 7.2366776, 0.5754176] 2.5728521 0.9864347 0.87495047 1.2906363
[6984, 0.32682022, 1.0767833, 7.5805464, 0.4851184] 2.327888 0.9811102 1.0374848 1.3536626
[6985, 0.54152733, 0.83983874, 5.8019376, 0.264148] 2.006175 1.0135792 0.95500183 1.4449357
[6986, 0.55291057, 0.9824661, 4.1685104, 0.7381413] 2.9384027 0.91627824 0.9517126 1.2422183
[6987, 0.40289685, 1.0703173, 6.768943, 0.51019293] 2.4815521 0.98338366 1.0705863 1.3728038
[6988, 0.46347323, 1.0171623, 7.2973275, 0.4749151] 2.6463327 0.88726866 0.80117345 1.2128862
[6989, 0.40095684, 1.0348246, 6.7201924, 0.51291525] 2.6960208 0.89484626 0.91334826 1.2387923
[6990, 0.5152063, 0.9838839, 6.691844, 0.5446976] 2.485139 1.0350689 0.88964283 1.4391733
[6991, 0.5288493, 1.000761, 4.688607, 0.46115085] 2.836513 0.8813875 0.9906472 1.2981713
[6992, 0.4291443, 0.99595577, 8.318304, 0.39599007] 2.4530787 0.91036934 0.8499392 1.2424977
[6993, 0.46131888, 1.0302905, 7.1417074, 0.56154615] 2.6239824 1.0960847 0.7915467 1.1263145
[6994, 0.5389935, 0.99816, 4.58523, 0.47984153] 2.792142 1.0476234 0.8951934 1.2452018
[6995, 0.47245097, 1.0133121, 5.823329, 0.4318164] 2.5717864 0.8697118 1.0320556 1.3514991
[6996, 0.46893993, 1.0030301, 7.420684, 0.41971788] 2.3240275 0.95316863 0.9375602 1.4313868
[6997, 0.48895195, 1.0519892, 3.449268, 0.58368254] 3.1339643 0.9656022 0.96513367 1.0291607
[6998, 0.4835619, 1.0209451, 6.358707, 0.6827564] 2.7232733 0.97095674 0.91277254 1.1921676
[6999, 0.39205375, 1.0552893, 7.019818, 0.47672305] 2.4827747 0.973552 1.0114198 1.2230867
[7000, 0.4978817, 1.016728, 5.529448, 0.504439] 2.742159 0.9872548 0.99846625 1.1099366
[7001, 0.33099398, 1.0726441, 7.3396206, 0.5408566] 2.5180547 0.8293816 0.92404574 1.334223
[7002, 0.5527605, 0.9668566, 5.544662, 0.5901763] 2.8794928 1.0233997 0.961952 0.9208462
[7003, 0.5123157, 1.0002911, 5.3870554, 0.5834631] 2.7574368 1.0306256 0.8925081 1.1754041
[7004, 0.412998, 1.0429624, 7.181946, 0.5624652] 2.5684094 1.0093083 0.88915163 1.1403605
[7005, 0.3664605, 1.0225168, 7.4345436, 0.44435847] 2.422155 0.9989369 0.8774931 1.2078502
[7006, 0.52198046, 1.0104632, 5.6192784, 0.606677] 2.66367 0.99049383 0.7708765 1.4011067
[7007, 0.502737, 1.0274812, 5.2788224, 0.67068166] 2.8676996 0.9720915 0.84420633 1.1360784
[7008, 0.50623363, 0.9938734, 4.761293, 0.4721848] 2.8376248 0.91996473 0.97532177 1.1180773
[7009, 0.40559566, 1.0403916, 7.9166994, 0.5160579] 2.3675103 1.0425707 1.0126717 1.3006681
[7010, 0.5428527, 0.9766115, 5.3573422, 0.52853364] 2.742859 0.93809867 0.9107399 1.3142369
[7011, 0.47615784, 1.0156976, 6.704354, 0.53648067] 2.7357314 0.8862723 0.85357696 1.2083882
[7012, 0.43836665, 1.0096432, 7.64739, 0.40005675] 2.503141 0.91383404 0.92468137 1.2915236
[7013, 0.49129534, 0.9233601, 6.306002, 0.30356544] 2.323938 0.9527554 0.9160478 1.1570383
[7014, 0.43346947, 1.0527056, 6.9700885, 0.5009297] 2.4305704 1.0484759 0.8783899 1.4990774
[7015, 0.44477424, 1.0265468, 6.433749, 0.39268297] 2.5860052 0.9752815 0.8836917 1.268854
[7016, 0.509453, 1.006865, 6.9867764, 0.50446963] 2.6294944 1.0046548 0.9927246 1.0756755
[7017, 0.47169715, 1.0053995, 5.2291226, 0.4118762] 2.542385 0.935448 1.1293496 1.3521596
[7018, 0.4476689, 1.030408, 6.579961, 0.42428878] 2.4934373 1.0029529 0.99737275 1.2081493
[7019, 0.47264278, 1.0151284, 5.879659, 0.90489984] 2.6828582 0.9829002 0.958449 1.3022405
[7020, 0.4524028, 1.0549281, 4.6232395, 0.61948746] 2.9153824 0.9235055 0.8307218 1.208169
[7021, 0.5358095, 0.9757855, 6.6702046, 0.568926] 2.70405 0.8784959 0.9815226 1.1159513
[7022, 0.43522635, 1.0236809, 7.774955, 0.46483827] 2.43226 0.92528176 1.0487885 1.1832293
[7023, 0.49262998, 0.98811567, 6.2311277, 0.6659697] 2.6501598 0.86175174 0.9533346 1.2759917
[7024, 0.4771123, 1.0180591, 6.207416, 0.53284895] 2.551892 0.95799524 0.89839745 1.5122763
[7025, 0.5405624, 0.9804618, 4.600059, 0.78088105] 2.96141 0.9023496 0.9041841 1.1817527
[7026, 0.47186252, 1.04235, 4.5304503, 0.5784557] 2.85538 1.0392776 0.9637036 1.1441786
[7027, 0.4722394, 1.0734825, 3.562922, 0.57708967] 3.0151699 0.8823333 1.0008092 1.195891
[7028, 0.42081308, 1.0467885, 6.1004376, 0.46812287] 2.7889287 0.7165204 0.80603546 1.3588239
[7029, 0.44802544, 1.0092441, 7.3024626, 0.44036213] 2.1948037 1.2542794 1.0816635 1.3921868
[7030, 0.54588425, 0.99298716, 5.2638116, 0.66304517] 2.8345227 0.90882766 0.98143566 1.162679
[7031, 0.48299748, 0.9838672, 7.511793, 0.4258901] 2.5787468 1.0153682 0.86432046 1.088782
[7032, 0.40965587, 1.023759, 7.592871, 0.47995928] 2.4253702 0.9524408 0.9580114 1.2473267
[7033, 0.4530693, 1.0630693, 4.3573303, 0.5653293] 2.8405907 0.9430245 0.9451971 1.286378
[7034, 0.4988059, 1.0145226, 4.614315, 0.35104853] 2.8497374 1.0150237 0.75732577 1.2623556
[7035, 0.45268792, 0.98690283, 7.4245925, 0.43898004] 2.2693996 0.95788836 0.92651796 1.4106055
[7036, 0.5534059, 0.98582447, 4.3173475, 0.557764] 2.8094096 0.8269181 0.9536607 1.353645
[7037, 0.41924855, 1.0209193, 7.851098, 0.4530331] 2.440528 1.0292276 0.8482475 1.2723413
[7038, 0.507122, 1.0131577, 5.7806144, 0.5109022] 2.712747 1.0444825 0.88022035 1.238492
[7039, 0.48748708, 0.99089026, 7.7298617, 0.5892285] 2.4367974 0.9081035 1.0222747 1.3805233
[7040, 0.5234372, 1.0007356, 5.471172, 0.5612778] 2.5612922 1.0465974 1.0550092 1.4031951
[7041, 0.543419, 0.98475623, 4.8432636, 0.7189287] 2.898894 0.98131216 0.8020952 1.1736275
[7042, 0.52160394, 1.028433, 4.273711, 0.5516926] 2.8592057 1.0009495 0.96808654 1.2336292
[7043, 0.48591948, 1.0684751, 3.6044767, 0.5293657] 2.9519024 0.95200574 0.938007 1.3446153
[7044, 0.45132926, 0.9938023, 8.07697, 0.51184464] 2.4612372 0.9295154 0.89592344 1.2503923
[7045, 0.43312037, 1.0586057, 6.503827, 0.47357827] 2.7555335 0.96678734 0.8748477 1.0993903
[7046, 0.44329694, 1.0003337, 7.907688, 0.48401666] 2.3131564 0.97343755 1.0604854 1.2988836
[7047, 0.46163657, 1.002747, 6.905885, 0.43930754] 2.4389668 1.0441704 1.0857005 1.0766549
[7048, 0.55431527, 0.98848087, 4.4273653, 0.57346004] 3.0007563 1.0013517 0.7973215 1.1169139
[7049, 0.49524325, 1.0014557, 7.1594596, 0.44329646] 2.5220063 0.9258543 0.9707489 1.2989587
[7050, 0.5759817, 0.9934001, 3.9042056, 0.62096876] 2.852805 0.982755 0.91734105 1.4063593
[7051, 0.45314464, 1.0407126, 6.247594, 0.56935656] 2.573497 1.020954 1.0384495 1.329957
[7052, 0.3364962, 1.0307213, 8.277637, 0.48038077] 2.2429497 0.90856403 0.9982306 1.4741988
[7053, 0.48173726, 1.0297034, 6.7476664, 0.57494813] 2.741158 0.93497497 0.9740819 1.0664486
[7054, 0.40247855, 1.0286083, 8.163255, 0.4716752] 2.41183 1.0702703 0.94773424 1.1436285
[7055, 0.46833214, 0.9318272, 6.754834, 0.27958193] 2.156295 1.0287328 1.1551874 1.2893413
[7056, 0.48923436, 1.0150764, 7.0064735, 0.41812068] 2.6419396 1.1042542 0.98308384 0.9875105
[7057, 0.46867722, 1.0474986, 6.13508, 0.5515883] 2.6689444 0.7970637 0.91379565 1.3395656
[7058, 0.48066723, 1.0105188, 5.3333683, 0.4381941] 2.6993604 1.0053421 0.9437018 1.208351
[7059, 0.49277353, 1.053699, 3.5548167, 0.6086042] 3.0903652 0.93050873 0.8818955 1.2197365
[7060, 0.4915605, 1.0087272, 5.632296, 0.5187592] 2.8665931 0.8767938 0.8715376 1.1441854
[7061, 0.45663008, 1.0637927, 3.2881806, 0.59910667] 3.1322963 0.7146989 0.84220296 1.2985362
[7062, 0.55617505, 0.9602301, 5.0092993, 0.465391] 2.705327 0.8535507 0.92264456 1.439289
[7063, 0.51158625, 0.9969269, 6.8838344, 0.472571] 2.463555 1.0204966 0.79965293 1.5561831
[7064, 0.48090878, 1.0119213, 5.672437, 0.5112928] 2.7293468 1.0001719 0.8494392 1.2899841
[7065, 0.4432216, 1.0703317, 3.7956774, 0.6367511] 2.9584558 0.87576836 0.95687705 1.2367578
[7066, 0.5541794, 1.006701, 4.607947, 0.52899784] 2.8522124 1.024548 0.97710216 1.161826
[7067, 0.47047457, 0.97150755, 8.202191, 0.51289904] 2.2898898 0.99217314 1.0262101 1.3059634
[7068, 0.44781783, 1.0320276, 6.196213, 0.4861343] 2.6411805 0.9770816 0.870562 1.3120093
[7069, 0.522803, 1.0133651, 4.379856, 0.5621472] 2.8463552 0.8804536 0.9510135 1.2585237
[7070, 0.46874925, 1.051563, 6.091624, 0.6317462] 2.7430477 0.96971864 0.93562615 1.1943269
[7071, 0.50853235, 1.026275, 4.377685, 0.47823644] 2.8720999 0.92744374 0.94072306 1.1891254
[7072, 0.44992197, 1.0388782, 6.150917, 0.41697374] 2.5302641 1.0648952 0.9482278 1.2608125
[7073, 0.47245875, 1.0212984, 6.0639052, 0.68109685] 2.8362093 0.89601916 0.96917194 0.96660227
[7074, 0.395557, 1.0636489, 7.623437, 0.553914] 2.4928305 0.91972333 1.0086563 1.2671762
[7075, 0.5310356, 1.0239323, 4.052272, 0.5063815] 2.85806 0.99942034 0.7978958 1.4512392
[7076, 0.53277934, 1.0012553, 3.9307342, 0.4709072] 2.8805547 0.8934885 1.0705944 1.1952543
[7077, 0.40804, 1.0319395, 7.240129, 0.4333154] 2.45801 0.99548835 0.94042504 1.2442575
[7078, 0.3989866, 1.0490233, 6.865754, 0.532482] 2.558106 1.0169795 0.83235306 1.2686557
[7079, 0.48651043, 1.0302821, 6.11761, 0.54036355] 2.7758677 0.9607208 0.86618 1.1705878
[7080, 0.5239833, 1.0083019, 4.794492, 0.63894343] 2.7888556 1.0083147 0.9751009 1.3045646
[7081, 0.5245939, 0.8924591, 6.440948, 0.241345] 2.0870407 0.99744344 1.0166688 1.3683252
[7082, 0.39213145, 1.051557, 6.100006, 0.5218226] 2.52457 1.0224158 1.0095874 1.2792037
[7083, 0.5554123, 0.9711125, 5.40095, 0.5760799] 2.7254004 0.91076463 0.94931453 1.2020528
[7084, 0.53287333, 0.9927377, 5.573823, 0.6775338] 2.8217437 0.9926705 0.8270917 1.157266
[7085, 0.41731066, 1.0191997, 7.8635244, 0.47584596] 2.445247 0.98146164 0.9021004 1.2797084
[7086, 0.48775882, 1.0311824, 4.0865045, 0.45627624] 2.828054 0.9893745 1.0298511 1.2569314
[7087, 0.42345858, 0.9755459, 6.220984, 0.31403756] 2.236681 1.061972 1.0615516 1.1608919
[7088, 0.4764222, 1.0058972, 6.7778482, 0.42081112] 2.6933408 0.77528304 0.86820006 1.273131
[7089, 0.46456468, 1.0750539, 3.6752164, 0.44975057] 2.9182668 1.0261304 0.82006794 1.3470373
[7090, 0.53630733, 0.90203226, 6.292279, 0.27860656] 2.0877872 1.0324825 1.0405126 1.3282881
[7091, 0.5895631, 0.96415937, 5.170033, 0.52387035] 2.7534838 1.0098395 0.88097423 1.3254193
[7092, 0.49900565, 1.0359873, 3.7461004, 0.54043067] 2.9756243 1.0302297 0.87957597 1.1924908
[7093, 0.50739074, 1.0180103, 4.0260854, 0.5900542] 2.8300893 0.90799886 1.0868695 1.3598601
[7094, 0.43266842, 1.0439987, 7.207717, 0.5847584] 2.6140578 0.964587 0.8785106 1.2236289
[7095, 0.48246393, 1.0202035, 6.097016, 0.46053746] 2.4920616 1.1465888 0.97108424 1.362573
[7096, 0.56396306, 0.9857317, 4.207839, 0.43984807] 2.8968813 1.0950394 0.8283212 1.1606265
[7097, 0.5969999, 0.9831099, 4.1855483, 0.4612272] 2.9475362 0.9279993 0.89397067 1.2603894
[7098, 0.44949695, 1.0666889, 5.3225636, 0.5892711] 2.6716852 0.9469883 0.88589865 1.3770728
[7099, 0.50414866, 1.0251054, 5.6796575, 0.5541125] 2.804387 0.9836162 0.76343983 1.2692442
[7100, 0.4401062, 1.0085753, 6.9703927, 0.5134777] 2.4948204 0.9352143 0.8963712 1.3895524
[7101, 0.48537487, 1.0037693, 6.9406013, 0.6438387] 2.5860987 1.057619 1.0156558 1.0897655
[7102, 0.5209217, 0.9853221, 4.777165, 0.53685164] 2.620946 1.0433394 0.9464217 1.3945416
[7103, 0.45446604, 1.0073104, 7.4120255, 0.655603] 2.3849242 0.8987131 0.9214927 1.4995279
[7104, 0.4541749, 0.991246, 7.9985895, 0.4924014] 2.515155 0.8992353 0.8914592 1.108374
[7105, 0.47933018, 1.0070652, 7.0916333, 0.45358944] 2.5461576 1.0525584 0.9539084 1.1602404
[7106, 0.42664656, 0.98614526, 6.3166246, 0.30355117] 2.3769152 0.98614633 1.0263045 1.019999
[7107, 0.42619526, 1.0353578, 7.412807, 0.56980705] 2.4224749 1.0141954 0.8530851 1.433305
[7108, 0.49936038, 0.9964145, 6.8746095, 0.46841332] 2.5567117 0.90457964 0.998052 1.3181283
[7109, 0.53158104, 0.99182194, 3.8883922, 0.48762262] 2.8725605 0.9735551 1.0039097 1.2445799
[7110, 0.40132192, 1.0357101, 7.580261, 0.40591565] 2.5115292 0.899075 0.97908765 1.1950334
[7111, 0.4691576, 1.0249332, 4.859854, 0.4771807] 2.81863 1.000471 0.81515765 1.2640325
[7112, 0.46897742, 1.0157717, 7.56701, 0.5522693] 2.4713712 1.1327598 0.94982135 1.1255867
[7113, 0.42730957, 0.99010175, 7.914667, 0.39774588] 2.3614514 0.8718752 0.89829516 1.3531303
[7114, 0.49822426, 0.9873705, 7.0039735, 0.5027015] 2.2581146 1.2613904 1.0349061 1.3358793
[7115, 0.43502107, 1.026463, 7.3734384, 0.51351655] 2.490974 0.94208205 0.9797523 1.2790344
[7116, 0.50083387, 1.0104945, 6.0073204, 0.5932325] 2.739055 1.0382065 0.9439769 1.0552078
[7117, 0.49268374, 1.0171747, 6.947455, 0.5733742] 2.5450017 1.0093331 0.9448685 1.3077854
[7118, 0.4483182, 1.044074, 5.175295, 0.6142871] 2.7433536 0.92242324 0.9238152 1.355281
[7119, 0.5449045, 1.0119895, 5.449227, 0.6904851] 2.702081 1.0522509 0.9879818 1.2757484
[7120, 0.46436268, 1.0015848, 8.191795, 0.46546596] 2.5364013 0.9269386 0.98163104 1.2306383
[7121, 0.3793765, 1.0587716, 7.101653, 0.5685018] 2.4894605 0.96960735 1.0429676 1.2354132
[7122, 0.4354292, 1.0544728, 6.0731115, 0.5671348] 2.6651137 0.8014914 0.98992854 1.3354093
[7123, 0.45430973, 1.0276741, 7.3211203, 0.51407516] 2.6852891 0.92355984 0.84709406 1.0369172
[7124, 0.45051578, 1.0440916, 6.3078065, 0.680388] 2.624452 1.0074123 0.9723661 1.3096589
[7125, 0.5112043, 0.9996577, 5.2424526, 0.59872675] 2.631507 1.016795 0.9572743 1.4241142
[7126, 0.40684783, 1.0394098, 8.000003, 0.46151978] 2.5495133 0.8931725 1.0012544 1.0918046
[7127, 0.40341696, 1.0356909, 7.3734303, 0.456628] 2.4510975 1.0584905 1.0450134 1.088361
[7128, 0.58912385, 0.9637283, 4.03506, 0.6911861] 2.89265 0.85921097 0.8741347 1.4503155
[7129, 0.49595058, 0.90687895, 6.5597153, 0.30775252] 2.1235375 1.0529807 1.0265514 1.3297044
[7130, 0.56201315, 0.9736174, 4.4255686, 0.46274257] 3.0028238 0.8993352 0.78335595 1.1021109
[7131, 0.5793094, 0.98468256, 3.7699044, 0.6269899] 3.0498657 0.8281563 0.95982915 1.1592783
[7132, 0.4549492, 1.0277008, 6.0881686, 0.5270534] 2.7139485 0.87446564 0.9002038 1.2908641
[7133, 0.48113254, 1.0142412, 7.0851917, 0.7847447] 2.683113 0.9267764 0.8692968 1.2365613
[7134, 0.463893, 1.0227699, 6.732, 0.44581532] 2.5326045 0.9034635 0.9869968 1.3839308
[7135, 0.4219762, 1.0018994, 8.579117, 0.43450892] 2.393544 1.157266 0.81767625 1.233539
[7136, 0.425883, 1.0542585, 7.540604, 0.5117127] 2.6069307 0.98000836 0.924595 1.1212583
[7137, 0.53687525, 0.98162514, 5.6709895, 0.4392319] 2.4970353 1.1148331 0.8912667 1.537325
[7138, 0.50794053, 1.0251926, 4.791165, 0.48402578] 2.8820512 0.98222715 0.8731144 1.1591933
[7139, 0.5135518, 1.0047451, 6.5406184, 0.6235618] 2.5779822 0.98955137 0.9493181 1.3600011
[7140, 0.49095252, 1.0589678, 3.2619474, 0.52110624] 2.9791243 1.0056599 0.91679627 1.2418121
[7141, 0.5687006, 0.98432016, 4.2210636, 0.4881865] 2.977661 0.9958112 0.87028754 1.1245245
[7142, 0.45634118, 1.0518413, 4.6716433, 0.601469] 2.882725 0.9435343 0.93360937 1.2527578
[7143, 0.41166425, 1.0269071, 7.8678465, 0.5477321] 2.4022355 0.94336456 0.93783534 1.3765574
[7144, 0.4432308, 1.0415497, 6.302021, 0.547927] 2.634458 0.87040895 0.981446 1.2562226
[7145, 0.4645479, 1.0424097, 6.396113, 0.5298819] 2.6900444 0.82991964 0.8691411 1.3506135
[7146, 0.45359403, 0.99823546, 8.989592, 0.5051634] 2.3256161 1.081794 0.9187596 1.3393512
[7147, 0.4652656, 1.017296, 6.999527, 0.50479656] 2.4883409 0.9921205 0.9104334 1.4094363
[7148, 0.47199658, 1.0341741, 4.516917, 0.5412964] 2.7777317 0.9741482 0.93417865 1.303719
[7149, 0.54466057, 1.0008768, 4.749987, 0.48815748] 2.7540376 0.85014343 0.92311037 1.5314897
[7150, 0.4230482, 1.0406091, 6.743727, 0.55633944] 2.576662 0.96217465 0.9424151 1.2105925
[7151, 0.50959474, 1.0372251, 3.9774501, 0.64471895] 3.0245764 0.9152008 0.8996381 1.2959243
[7152, 0.3993481, 1.1344655, 3.1240566, 0.59235907] 3.2183971 0.88705534 0.812258 1.1843175
[7153, 0.46735132, 1.0050784, 6.869856, 0.45764464] 2.5390148 0.917879 0.9919983 1.2753816
[7154, 0.3814001, 1.058308, 8.268058, 0.57093275] 2.502174 0.95807415 0.9447938 1.2040939
[7155, 0.4653494, 0.9990846, 7.544325, 0.41528654] 2.4153805 0.956354 1.0342836 1.1749443
[7156, 0.47976264, 1.0233237, 6.2096343, 0.54246056] 2.5901656 0.9759489 0.9211261 1.36825
[7157, 0.5093463, 0.98309577, 6.2095037, 0.38474146] 2.522986 1.0152061 0.9063744 1.3077974
[7158, 0.48356968, 1.0090857, 5.183205, 0.5278164] 2.880327 0.7835106 0.9654407 1.1467899
[7159, 0.5348446, 0.9716638, 7.470894, 0.4118535] 2.5690792 0.9268424 1.0153924 1.0873238
[7160, 0.38295004, 1.0659434, 8.031203, 0.55454475] 2.4939873 1.0632142 0.90958494 1.2123456
[7161, 0.44703358, 1.0300506, 7.2149434, 0.4859268] 2.5287223 0.8569187 0.93584704 1.4087849
[7162, 0.48802924, 1.0123444, 6.2044907, 0.63787216] 2.785278 0.92760617 0.80064094 1.2679787
[7163, 0.5352992, 1.0055879, 4.554635, 0.54198986] 2.961389 0.9794617 0.7564739 1.2013018
[7164, 0.43755242, 1.0328871, 5.9135447, 0.5514159] 2.6738582 0.86479336 1.0797203 1.2234699
[7165, 0.50934553, 0.93320554, 6.9203353, 0.35262102] 2.3190284 0.98261136 0.83632606 1.2873515
[7166, 0.5515394, 0.9732843, 4.797131, 0.51121336] 2.8249855 0.9659178 0.8075377 1.2631202
[7167, 0.5125078, 1.0136719, 5.844815, 0.61463475] 2.598142 1.0963134 0.90227205 1.356678
[7168, 0.46157992, 1.0731643, 3.3213792, 0.63302296] 3.1622446 0.79753006 0.9026187 1.2254987
[7169, 0.41040212, 1.1236719, 3.1941388, 0.60877883] 2.9941008 0.98222816 0.950089 1.286633
[7170, 0.5152868, 1.0036154, 5.8006773, 0.4947071] 2.7724712 0.86850995 1.0161502 1.0619648
[7171, 0.53407717, 1.0072237, 5.0269017, 0.4992404] 2.8787496 0.9541996 0.9004565 1.0923514
[7172, 0.4572235, 1.0181586, 6.8600993, 0.43858975] 2.566764 1.0254848 0.8495628 1.2826421
[7173, 0.51740307, 1.007429, 5.654459, 0.46630648] 2.6505973 0.9802177 1.1127392 1.1183429
[7174, 0.43308035, 1.1110477, 3.0023937, 0.64637154] 3.1716638 0.8373595 0.99804926 1.2131419
[7175, 0.55796576, 0.96285486, 4.713459, 0.569887] 2.6841474 1.029088 1.1392721 1.1495574
[7176, 0.5497682, 0.959806, 5.2775483, 0.6052521] 2.5390308 1.0348275 1.0354545 1.2933371
[7177, 0.48472846, 1.0340482, 4.5116506, 0.56413335] 2.7986393 0.8057728 0.90967584 1.3938738
[7178, 0.4533402, 1.1267428, 2.921723, 0.60321546] 3.1950443 0.94399154 0.85660064 1.2264768
[7179, 0.4789564, 1.0287092, 6.127399, 0.7422414] 2.6461346 1.1034716 0.9368258 1.2501805
[7180, 0.4830018, 1.0114193, 4.9926724, 0.47554585] 2.623342 1.0842024 0.9800184 1.2925547
[7181, 0.5198683, 0.9914876, 6.9906363, 0.48456463] 2.5401642 0.9607827 0.9867341 1.1598219
[7182, 0.5079871, 1.0209402, 4.2560997, 0.49778512] 2.8533034 0.94400984 0.9745511 1.2805456
[7183, 0.53923, 1.0046774, 4.6679454, 0.52019334] 2.616766 0.8762339 1.0350122 1.619683
[7184, 0.47826603, 1.0096463, 7.544309, 0.5178479] 2.3901458 0.8964137 1.033921 1.5184426
[7185, 0.48999047, 0.94951063, 8.304152, 0.49729812] 2.51289 1.0365435 0.8800385 0.8742655
[7186, 0.41897872, 1.0701693, 7.6634917, 0.59003973] 2.4356046 1.0864704 0.96234256 1.3571081
[7187, 0.44376248, 1.0377635, 5.661956, 0.5263286] 2.6861837 0.89725626 0.9660694 1.2344519
[7188, 0.3988287, 1.0655646, 5.2440605, 0.37360898] 2.7222028 0.90121496 1.0073124 1.1736288
[7189, 0.37155843, 1.0452741, 7.043233, 0.37646312] 2.5023985 1.0042125 0.9455037 1.1072345
[7190, 0.45959514, 0.9936562, 7.3460693, 0.5724309] 2.3535776 1.0964018 0.97980773 1.2347901
[7191, 0.4573952, 1.021578, 7.2866178, 0.46748176] 2.4617178 0.98952246 0.9171077 1.4104658
[7192, 0.43532956, 0.9828283, 7.4725986, 0.45064932] 2.3098736 0.87364453 1.0701562 1.2979099
[7193, 0.51220644, 1.0281241, 4.012959, 0.47272155] 2.9252353 0.9843156 0.90690255 1.2836939
[7194, 0.49447557, 1.0216596, 6.3605123, 0.7184711] 2.640127 0.9914581 0.82678986 1.436532
[7195, 0.48823866, 0.9907868, 7.6712484, 0.49336463] 2.4153342 1.091028 0.9155822 1.2182696
[7196, 0.49486285, 1.0175756, 5.1445136, 0.47433013] 2.8346987 0.92696196 0.8212148 1.2131528
[7197, 0.51459897, 1.0223635, 6.3022966, 0.90114254] 2.6112258 1.0103333 1.0839552 1.196452
[7198, 0.50416964, 1.0103936, 6.5958014, 0.55371475] 2.648289 1.016442 0.9227965 1.2186807
[7199, 0.5624416, 0.9831404, 4.0866694, 0.5646848] 2.8942492 0.7384962 1.0929977 1.3375261
[7200, 0.3866346, 1.1494243, 2.973387, 0.6716779] 3.1639786 0.87391603 0.90749836 1.2497283
[7201, 0.47100568, 1.0470798, 5.849983, 0.5793753] 2.6764143 0.9932512 0.9496117 1.2940209
[7202, 0.53198105, 0.9844731, 4.8076024, 0.59580016] 2.8527274 0.8969924 0.84044933 1.3086659
[7203, 0.55571073, 0.96525943, 5.6591225, 0.557239] 2.6216486 1.0414685 0.95950466 1.2557933
[7204, 0.4328096, 1.1180506, 3.0919287, 0.54756886] 3.034195 0.8661962 0.9914622 1.3324263
[7205, 0.36316305, 1.0129224, 7.9666066, 0.49094224] 2.3241594 1.0236545 0.94304913 1.2588841
[7206, 0.4393177, 1.0837871, 3.913928, 0.55711985] 2.981717 1.0279993 0.8843903 1.1468502
[7207, 0.5325081, 0.99590766, 4.96095, 0.68507683] 2.6863928 1.0243945 1.0246891 1.2217091
[7208, 0.4691851, 1.0161544, 5.26696, 0.48968026] 2.7128549 0.8814314 0.9790167 1.3353614
[7209, 0.4189017, 1.1122546, 3.8489072, 0.61777854] 2.961007 0.91217124 0.94448435 1.3285009
[7210, 0.5469472, 0.9818826, 5.24993, 0.46590957] 2.586855 1.0858766 0.98667395 1.3216333
[7211, 0.51878035, 1.0459428, 2.8854325, 0.6154827] 3.0550964 0.9239175 0.95389 1.4704481
[7212, 0.5600698, 0.9728096, 4.79947, 0.8252505] 2.8937502 0.9917619 0.9548447 1.0428848
[7213, 0.50323474, 1.0252655, 5.5133014, 0.590095] 2.7103808 0.9502934 0.90159655 1.3628104
[7214, 0.5192383, 1.0146949, 4.3302307, 0.9903303] 2.967269 0.8914431 0.8389378 1.2621142
[7215, 0.51215005, 1.0171467, 4.695904, 0.5695994] 2.918169 1.0555471 0.8385425 0.9866132
[7216, 0.39641058, 1.0531125, 7.0030694, 0.5255205] 2.6119316 0.9068821 0.8799613 1.2329385
[7217, 0.41777283, 1.0165206, 8.072379, 0.47046548] 2.2452416 1.0145129 0.88992625 1.4585968
[7218, 0.55283386, 0.99700266, 4.126116, 0.54498935] 2.9623797 0.96650106 0.8622922 1.1424875
[7219, 0.47217873, 1.0039506, 6.5553904, 0.49876744] 2.6443028 0.966123 0.95752114 1.2008672
[7220, 0.46267653, 1.0183216, 6.7247124, 0.46639952] 2.5880733 1.0589341 0.9488061 1.1766654
[7221, 0.4070907, 1.0066386, 8.240169, 0.47985515] 2.53564 0.99782884 0.82227933 1.0050282
[7222, 0.5871626, 0.9309467, 5.5977893, 0.5979054] 2.6803489 0.76288795 0.86938846 1.63314
[7223, 0.4215103, 1.0475466, 7.058136, 0.4679404] 2.5012925 0.9952718 1.0037072 1.2143835
[7224, 0.3922943, 1.0592626, 6.717371, 0.59168524] 2.5745647 0.9322962 0.983 1.3619546
[7225, 0.4847556, 0.94781315, 6.9250636, 0.4112544] 2.2002213 0.96606827 0.9427092 1.473169
[7226, 0.5141132, 1.0418221, 3.610583, 0.5112093] 3.109262 0.8633072 0.8452465 1.1513456
[7227, 0.47155723, 1.0169257, 6.863247, 0.44105476] 2.5583022 1.1260271 0.9788239 1.0258619
[7228, 0.42649078, 1.0368226, 7.3277264, 0.40783948] 2.413594 1.1487395 1.05572 1.1945966
[7229, 0.4953351, 0.95570844, 7.620835, 0.38600084] 2.1134608 0.91413057 0.94852215 1.6669053
[7230, 0.46037138, 1.0320779, 7.044329, 0.55243665] 2.5112724 0.9842648 0.91752994 1.3113981
[7231, 0.4674609, 1.0173823, 6.9583597, 0.4055039] 2.5408711 0.96469784 0.905947 1.3056419
[7232, 0.4715664, 1.0140514, 7.378949, 0.44961163] 2.4776533 0.90967697 1.00327 1.2767543
[7233, 0.49540308, 1.01252, 6.9752784, 0.6127085] 2.7013206 0.89992064 0.9502551 1.0773836
[7234, 0.36944887, 1.0543916, 7.657257, 0.5020485] 2.3321412 1.1266371 0.8599754 1.4354496
[7235, 0.45403504, 1.0516351, 6.1019807, 0.6128183] 2.6088061 0.96520126 0.97269195 1.4264017
[7236, 0.48469782, 1.029451, 4.3675013, 0.49409413] 2.7925737 1.0747336 0.861866 1.3657525
[7237, 0.47431487, 1.0029398, 7.2335224, 0.3920109] 2.2632375 0.98484266 1.1071982 1.4466363
[7238, 0.5418146, 0.9891609, 5.041445, 0.5496111] 2.8995652 0.80752975 0.8455202 1.2750064
[7239, 0.60718966, 0.96061593, 3.2537634, 0.5165325] 2.9111588 0.9379292 1.0203146 1.2847509
[7240, 0.5320912, 0.9978345, 4.634011, 0.4597386] 2.7577527 0.91296566 1.071513 1.1297973
[7241, 0.49555436, 1.0027103, 7.33327, 0.55782914] 2.4054077 1.061601 1.0453107 1.2595115
[7242, 0.43496284, 1.033735, 7.7279882, 0.5515313] 2.4548674 0.95688194 0.98155934 1.3595365
[7243, 0.4570496, 1.0278691, 6.870361, 0.55591136] 2.6594288 0.98892504 0.9224755 1.1343542
[7244, 0.559256, 0.9922331, 4.798046, 0.4945585] 2.767641 0.8748394 0.8558947 1.448055
[7245, 0.40172973, 1.0083057, 7.879206, 0.4289952] 2.2355096 0.9987976 0.9112871 1.432052
[7246, 0.43745786, 1.0857911, 3.6545053, 0.685657] 2.9841423 0.7851695 0.9928941 1.4272951
[7247, 0.46408153, 1.0281888, 7.073289, 0.6291062] 2.6255102 0.97083396 0.8945045 1.255525
[7248, 0.45427915, 1.0953467, 3.4065394, 0.5974332] 2.8758872 1.1273049 0.9525026 1.3737847
[7249, 0.5513735, 1.0143721, 4.4238853, 0.51272357] 2.776205 1.1151643 1.0391048 1.2473546
[7250, 0.4114656, 1.0224198, 7.3231554, 0.43747622] 2.357395 0.9309568 0.89313763 1.4480667
[7251, 0.41676676, 1.0298306, 7.4325395, 0.4312629] 2.4306784 0.94994724 0.9249672 1.4148877
[7252, 0.48403808, 1.0018152, 6.755553, 0.5667999] 2.5451791 1.1095488 0.90742964 1.248563
[7253, 0.4000003, 1.0508449, 7.275502, 0.4865719] 2.5638561 1.0420623 0.81692064 1.2255678
[7254, 0.4035823, 1.0295566, 8.096272, 0.46541694] 2.4075413 0.8741626 0.8929106 1.4395156
[7255, 0.47430593, 1.00897, 6.471616, 0.5599032] 2.6453352 0.954776 0.89981896 1.2046624
[7256, 0.501278, 0.98866856, 6.6955414, 0.53947794] 2.7250497 0.9056602 0.86774784 1.1572806
[7257, 0.46465847, 1.033772, 6.4268904, 0.5152737] 2.4976625 1.1346658 1.0738662 1.2003542
[7258, 0.57032007, 0.940538, 7.998016, 0.51223093] 2.4162083 0.9791161 1.0343971 1.171551
[7259, 0.4892043, 1.0534031, 3.9011333, 0.5879381] 2.857419 0.9440899 0.96312344 1.4619778
[7260, 0.5303746, 1.0083256, 3.9602878, 0.43861192] 2.9449282 0.8551746 1.0096442 1.152924
[7261, 0.44718435, 1.0361428, 5.8114476, 0.5422396] 2.6487522 1.0103338 0.9020615 1.302397
[7262, 0.50083673, 1.0334615, 4.033871, 0.5477333] 2.999892 0.8347576 0.9961123 1.2181139
[7263, 0.5361145, 0.98776096, 5.2356443, 0.49457285] 2.7202165 0.8758932 1.0395794 1.3457283
[7264, 0.43805864, 1.0204043, 7.520471, 0.4355201] 2.4467218 0.9729659 0.9979636 1.1532036
[7265, 0.42490312, 0.96410984, 6.8525295, 0.39385238] 2.1564248 1.0872732 0.98509514 1.2919856
[7266, 0.6176108, 0.9310892, 4.1550827, 0.697484] 2.902387 0.939977 1.032169 1.1491911
[7267, 0.45840237, 0.98975754, 7.8064036, 0.51186675] 2.2565994 1.1094114 1.0423605 1.3042766
[7268, 0.45004943, 1.064058, 4.031775, 0.48864114] 2.9102592 0.7607931 0.98005056 1.3417116
[7269, 0.4595907, 1.0393945, 5.6272216, 0.5430475] 2.5205574 0.92963576 1.0527138 1.396805
[7270, 0.51916087, 0.9883879, 5.1609664, 0.54806834] 2.6986525 1.0326424 0.8760982 1.3072404
[7271, 0.38478914, 1.2007297, 2.796261, 0.74161756] 3.298522 0.9306881 0.95288676 1.147597
[7272, 0.4331592, 1.03833, 7.106101, 0.36538628] 2.5297735 0.82709515 0.934228 1.253596
[7273, 0.45494863, 1.0256172, 7.234895, 0.48990577] 2.502957 0.88774514 0.9891018 1.3011941
[7274, 0.43359938, 0.9977037, 7.0189667, 0.4532527] 2.3738751 1.0413575 0.95718026 1.1435848
[7275, 0.4445059, 1.0484303, 6.3479548, 0.5234887] 2.6132393 1.0964344 0.9406021 1.2193699
[7276, 0.46237642, 0.98285246, 8.0144615, 0.45942482] 2.463109 0.9697523 0.7679122 1.2222455
[7277, 0.41079327, 1.0160828, 7.6405587, 0.46190035] 2.4290638 0.7883452 0.99129146 1.4026705
[7278, 0.4560823, 1.0111985, 7.081554, 0.46023726] 2.5142102 1.049047 0.9730233 1.1913383
[7279, 0.32840386, 1.0443919, 7.2110257, 0.33499563] 2.3174262 1.0836493 1.0303445 1.1947513
[7280, 0.42238903, 1.0431325, 6.359537, 0.4261997] 2.5395253 0.94556963 1.0098928 1.3451738
[7281, 0.4745875, 0.99799716, 7.081249, 0.41118637] 2.3893492 0.9005771 0.97273844 1.4418992
[7282, 0.51526004, 0.9655217, 4.9023924, 0.53308445] 2.6353686 0.88058543 1.1304201 1.4321748
[7283, 0.43049112, 1.0468606, 5.6809597, 0.49494842] 2.6549487 1.0353574 0.92559993 1.3055164
[7284, 0.53036803, 1.0308788, 3.7807517, 0.48198047] 2.8568726 1.0464704 0.98290145 1.3366196
[7285, 0.42632732, 1.0440582, 6.214244, 0.5603986] 2.5030224 1.0735629 1.035377 1.2388034
[7286, 0.4812378, 1.0334864, 4.116155, 0.4728065] 2.9054596 0.8678296 0.94949335 1.2591512
[7287, 0.4590454, 0.992932, 8.830233, 0.56576926] 2.4112508 0.9584159 0.9357546 1.1548526
[7288, 0.5456881, 0.98905665, 4.577585, 0.4555139] 2.7590911 0.9004177 0.93844706 1.4369309
[7289, 0.42745697, 1.0234416, 8.254355, 0.8499041] 2.356855 1.0859468 0.84767276 1.2971401
[7290, 0.41792557, 1.0439686, 7.6711545, 0.56703484] 2.586099 1.0055203 0.9242357 1.0994852
[7291, 0.5585974, 0.9915715, 3.888373, 0.5118823] 2.8387506 0.9882173 1.0364745 1.2526649
[7292, 0.4741508, 1.0087829, 6.522238, 0.4300552] 2.6302445 0.93578076 0.9902002 1.2164851
[7293, 0.492688, 0.9636229, 7.728203, 0.46866] 2.264651 0.967954 1.041405 1.3502523
[7294, 0.4199376, 1.0397289, 6.953287, 0.48849413] 2.5092106 0.9143916 1.0411152 1.168949
[7295, 0.54964256, 0.97274435, 4.742623, 0.51273024] 2.8171375 1.0540197 0.997106 1.0989499
[7296, 0.51491904, 1.0147206, 5.0587783, 0.7142698] 2.756551 1.009098 0.9500843 1.2679414
[7297, 0.45048738, 1.022356, 6.610806, 0.53713465] 2.4999743 1.1240938 0.98895395 1.2230859
[7298, 0.5240153, 0.959484, 7.0574327, 0.4263578] 2.4065864 1.0070626 1.0182356 1.2840582
[7299, 0.40436238, 1.0212252, 7.450547, 0.40534255] 2.39381 1.0282001 0.9917301 1.2610407
[7300, 0.39578143, 1.0474648, 6.8301353, 0.44400463] 2.4179785 0.8882032 1.0345931 1.3214282
[7301, 0.47827733, 1.0923736, 3.1437984, 0.60756683] 3.042093 1.2704043 0.9141091 1.0825931
[7302, 0.45052546, 1.0137769, 6.9509926, 0.5568367] 2.5206943 0.8672044 0.99058336 1.3470998
[7303, 0.38581878, 1.1731768, 2.402097, 0.77924764] 3.329304 0.8769292 0.9080884 1.2483895
[7304, 0.4776751, 1.0119778, 5.7281156, 0.650018] 2.782525 0.9157317 0.9324912 1.0824972
[7305, 0.48020095, 0.99249846, 7.5354624, 0.55759865] 2.4760754 1.1033685 0.8396826 1.2448841
[7306, 0.47257826, 1.025456, 5.3358016, 0.5429379] 2.7604675 1.0393338 0.86072266 1.1954092
[7307, 0.4931411, 1.0384552, 4.748152, 0.5705434] 2.8558483 0.9050563 0.8159916 1.2769073
[7308, 0.54614645, 0.95701224, 6.913287, 0.554339] 2.525337 1.0030227 0.95203143 1.3131608
[7309, 0.42204204, 1.0265726, 7.145572, 0.52429056] 2.4148192 0.96217287 1.087862 1.3456922
[7310, 0.5385011, 1.0037035, 4.2657776, 0.4528207] 2.8318741 1.0186538 0.95399934 1.2616051
[7311, 0.51869535, 1.0017823, 5.180546, 0.66347307] 2.7609804 0.85132724 0.91688377 1.3750447
[7312, 0.54828495, 0.98022866, 5.5754423, 0.4531385] 2.5595593 0.85312295 0.99538124 1.4929333
[7313, 0.51213866, 1.0182714, 4.793904, 0.4301357] 2.8268697 1.1451094 0.8363741 1.194054
[7314, 0.48184678, 1.0916488, 3.2329352, 0.59739614] 3.0830097 0.83216953 0.78013885 1.4845656
[7315, 0.50746185, 1.0081303, 6.4058814, 0.54508775] 2.5420837 0.9312777 1.0393164 1.3543577
[7316, 0.45236102, 1.0339123, 5.911844, 0.55061615] 2.630436 1.0848413 0.9468997 1.2634451
[7317, 0.4512609, 1.0403697, 6.290761, 0.4857097] 2.6710546 1.0349063 1.0267541 1.0726217
[7318, 0.49033237, 0.9459376, 7.2804537, 0.40196818] 2.4647846 0.94639945 0.9872681 1.0680122
[7319, 0.56735, 0.9659015, 4.424165, 0.5077172] 3.0063958 0.85786223 0.86747515 1.0912029
[7320, 0.49339017, 0.9964447, 6.310851, 0.49595532] 2.6639025 0.8854751 1.0370057 1.2153974
[7321, 0.44239244, 0.9984397, 7.766047, 0.48536986] 2.3529456 0.89175487 1.0408107 1.345613
[7322, 0.532665, 1.0437567, 3.5383418, 0.51694477] 2.8735147 1.0369178 0.8737092 1.4823219
[7323, 0.55876416, 0.9841782, 4.0759373, 0.58210444] 3.0044622 0.9124836 0.8903096 1.1546489
[7324, 0.47498903, 0.98522437, 8.035695, 0.6084971] 2.5114746 1.0480943 0.9429471 1.1265259
[7325, 0.46933073, 1.045665, 4.678474, 0.46482193] 2.7919269 1.0662931 0.8386736 1.3517396
[7326, 0.43810803, 1.0423691, 6.037092, 0.4970918] 2.6434803 0.923204 0.95299745 1.2690083
[7327, 0.40005782, 1.0172905, 7.6773295, 0.41867146] 2.2860448 1.0530269 1.0161585 1.3647084
[7328, 0.5023989, 1.0297407, 3.940124, 0.46722478] 2.972146 0.877829 0.9504477 1.2287399
[7329, 0.47632802, 1.028079, 5.4133286, 0.5972992] 2.8641992 0.8979905 0.86758375 1.2405404
[7330, 0.4381329, 1.1172651, 3.279151, 0.64928085] 3.0083816 1.0220451 0.9400416 1.2326652
[7331, 0.5149219, 0.99509263, 5.893515, 0.45178476] 2.461385 0.9338219 1.20654 1.352081
[7332, 0.5253779, 0.998953, 4.0398297, 0.48730943] 2.8572726 0.9852804 0.9169125 1.316118
[7333, 0.47516203, 1.0309285, 5.367597, 0.50978017] 2.5632372 1.0538468 1.0365422 1.3909047
[7334, 0.4588917, 1.0349665, 6.16804, 0.46452895] 2.590491 0.83320504 1.0328386 1.3131641
[7335, 0.5645224, 0.9722351, 4.654906, 0.513041] 2.7943382 0.96552587 1.1439443 1.0823187
[7336, 0.5162058, 1.0379332, 3.510938, 0.56267345] 3.0997884 0.9327505 0.9709361 1.0774081
[7337, 0.49551192, 1.0229045, 6.6072574, 0.57577306] 2.7015662 1.0118272 0.97033465 1.0476604
[7338, 0.5051497, 1.0155004, 4.938772, 0.6419193] 2.8071916 0.9906794 0.96276474 1.1803057
[7339, 0.39573434, 1.0239912, 7.2523055, 0.36737594] 2.2448084 0.920543 1.0763623 1.330567
[7340, 0.5398287, 0.9876777, 5.4916296, 0.5229173] 2.7650611 0.84509283 0.9654722 1.2668235
[7341, 0.4550527, 1.0172814, 5.697499, 0.5124322] 2.845569 0.8070133 0.9233793 1.1781886
[7342, 0.44699132, 1.0402325, 6.3872027, 0.5194998] 2.634683 0.9224811 0.905336 1.3374596
[7343, 0.58247143, 0.9971264, 3.7088313, 0.5786343] 2.7923462 1.162462 1.0946673 1.2369916
[7344, 0.4489857, 1.0022038, 6.540818, 0.39171022] 2.3934183 1.1477439 1.078508 1.0905879
[7345, 0.5174093, 1.0375766, 3.50047, 0.5823758] 2.8873918 1.0418477 0.99881387 1.3997556
[7346, 0.46133792, 1.039284, 6.3362904, 0.5316038] 2.5695102 0.996675 0.91674405 1.4025613
[7347, 0.5103733, 1.0422548, 3.890068, 0.5022138] 2.8817074 0.9021878 1.0248722 1.3387408
[7348, 0.50611806, 1.0160503, 5.5672617, 0.62922263] 2.8446474 0.8704449 0.8725713 1.2267021
[7349, 0.53301036, 0.9662826, 5.1546645, 0.57527024] 2.8396938 1.0898746 0.9179771 1.0117122
[7350, 0.36447614, 1.0167117, 5.7652535, 0.31760347] 2.2148583 1.0710139 1.0258534 1.3059458
[7351, 0.45338368, 1.0364215, 6.24586, 0.6371889] 2.6901877 0.9643612 0.8719045 1.2616669
[7352, 0.5528974, 0.98040426, 5.6249247, 0.5455103] 2.5883143 0.970337 0.9019483 1.508707
[7353, 0.4511259, 1.0155677, 6.6090107, 0.47279298] 2.5718093 0.8444006 1.0267298 1.2929375
[7354, 0.5109317, 1.0026954, 4.410332, 0.511463] 2.8362014 0.93112886 0.9333463 1.3284044
[7355, 0.46725327, 1.0500592, 3.7864478, 0.48541906] 2.984836 0.8201466 0.80161315 1.3228953
[7356, 0.43591046, 1.0318552, 6.425104, 0.4440111] 2.5154088 1.0008628 0.94649774 1.3342812
[7357, 0.43288162, 0.9918738, 6.813872, 0.35508823] 2.3577487 0.8559981 0.98568135 1.2082257
[7358, 0.4009376, 1.0306063, 8.047202, 0.4807927] 2.3260717 0.8740856 1.0654869 1.4351121
[7359, 0.4591018, 1.0312984, 6.8031487, 0.532334] 2.6892052 0.9277281 0.9271076 1.1897452
[7360, 0.52029514, 1.0035348, 4.4835105, 0.5734455] 2.9265695 0.8738499 0.8913754 1.1851758
[7361, 0.5120032, 0.99755245, 6.743973, 0.5012757] 2.5267851 1.0203435 1.0436561 1.2375338
[7362, 0.44163734, 1.0297419, 6.5711975, 0.59588605] 2.624248 0.96791035 0.9572731 1.0703608
[7363, 0.4858407, 1.0200392, 5.2073593, 0.60412073] 2.872622 0.89913636 0.8636619 1.2018286
[7364, 0.37807196, 1.0530262, 6.970882, 0.49632442] 2.5568185 0.98685735 0.85709417 1.2442547
[7365, 0.4839151, 1.0088989, 6.4464293, 0.5453367] 2.7307708 0.80683976 0.9298971 1.1251909
[7366, 0.542051, 0.985342, 4.165244, 0.6051317] 2.9328208 0.9936712 0.8300395 1.2375662
[7367, 0.47758123, 1.0007328, 5.161794, 0.4314089] 2.7149045 0.9271884 0.92333144 1.3821807
[7368, 0.5156328, 1.0226133, 4.073746, 0.49479952] 2.7893445 0.9662999 1.163571 1.2842649
[7369, 0.39736015, 1.0389842, 6.796637, 0.67421335] 2.635776 0.97607964 0.86815333 1.2921573
[7370, 0.5080549, 0.91839695, 6.7048826, 0.36628613] 2.1743677 1.0701016 1.1073004 1.2079146
[7371, 0.36915332, 1.0805571, 5.805115, 0.4205141] 2.6587353 0.9336813 1.0088265 1.2056868
[7372, 0.44052592, 1.0177314, 8.022, 0.50723267] 2.300372 1.030834 1.0394744 1.2935878
[7373, 0.46215215, 1.0251374, 5.5148644, 0.38516107] 2.5504248 1.1269543 0.9557512 1.3021231
[7374, 0.6143864, 0.92879313, 4.9258943, 0.5193816] 2.9060636 0.7685792 0.9702046 1.2166675
[7375, 0.562042, 0.9619681, 5.322203, 0.44709083] 2.66058 0.89740765 0.9595569 1.4484923
[7376, 0.42089045, 1.0436445, 7.3677807, 0.52112955] 2.319191 1.087263 0.98567474 1.3208343
[7377, 0.5008845, 1.0254931, 5.8920164, 0.6671599] 2.682506 0.9740775 0.9300914 1.3219047
[7378, 0.55201256, 0.97858286, 6.0453944, 0.59997994] 2.7000587 0.9726524 0.86162937 1.2479722
[7379, 0.5498433, 1.0061321, 4.4669266, 0.5987756] 2.9376361 1.0454719 0.8144674 1.1859864
[7380, 0.44154406, 1.0077746, 7.2255397, 0.479152] 2.4711351 0.98554856 0.96145886 1.342675
[7381, 0.5138053, 1.0117347, 4.5252695, 0.54922587] 2.8984268 0.8167665 1.0264158 1.2276078
[7382, 0.54925257, 0.9660275, 4.954924, 0.47996578] 2.764737 0.88019747 0.89263934 1.4511664
[7383, 0.49123195, 1.0559459, 3.733136, 0.54573846] 2.9576912 1.0580523 0.88280314 1.20038
[7384, 0.51113534, 1.0185971, 4.8961987, 0.50657475] 2.7436225 0.85810494 1.0906852 1.377058
[7385, 0.47092706, 1.0285709, 5.762721, 0.56491965] 2.6360688 0.8965759 0.96467555 1.4541421
[7386, 0.51771957, 1.0462099, 3.340873, 0.5362839] 3.0081623 0.92944163 0.98680425 1.2666638
[7387, 0.583311, 0.9609213, 4.5375414, 0.5114014] 2.793236 1.0159281 1.0198364 1.187463
[7388, 0.46354818, 1.0873257, 3.2828255, 0.62630606] 3.0004578 0.90391237 0.89633054 1.4531145
[7389, 0.5289599, 0.9960209, 5.532717, 0.62767714] 2.7881567 0.99933296 0.9486057 1.1146923
[7390, 0.45488426, 1.0370514, 7.225762, 0.4406553] 2.4621482 1.2084928 0.8486862 1.2232989
[7391, 0.5207616, 0.9872589, 6.290683, 0.50116956] 2.5484128 0.9929988 0.997577 1.2992398
[7392, 0.45266074, 0.99424046, 7.051752, 0.57260007] 2.3894794 1.0465664 0.9604315 1.2597195
[7393, 0.4348236, 1.0491661, 6.3254576, 0.6425515] 2.56227 1.012744 0.88045466 1.3789425
[7394, 0.550837, 0.9751793, 4.9333324, 0.5279538] 2.858648 0.82077366 0.86087173 1.3433301
[7395, 0.5323953, 1.0358993, 3.9469316, 0.55367523] 3.20513 0.83861333 0.8313821 0.9828984
[7396, 0.4627616, 1.046923, 5.9229465, 0.6158155] 2.7520754 0.89268297 0.9212704 1.2490745
[7397, 0.40343258, 1.0639931, 6.7599163, 0.68873346] 2.6702209 0.9136589 0.85695547 1.2841536
[7398, 0.46733204, 1.0307751, 6.5626664, 0.62043434] 2.6917367 0.91301525 0.9044062 1.2561836
[7399, 0.47740108, 1.0175551, 5.9312997, 0.59733874] 2.5574722 0.9032498 0.8727531 1.5195304
[7400, 0.5133812, 0.9984617, 7.2446876, 0.5451848] 2.460278 1.0463073 0.8887002 1.3637254
[7401, 0.47668192, 1.0190296, 7.5680003, 0.52745426] 2.6802807 0.9689971 0.88325816 1.008168
[7402, 0.42343262, 1.0321182, 7.1974907, 0.47721565] 2.5015643 1.0439898 0.99411714 1.2034463
[7403, 0.5654287, 0.94608986, 5.6329293, 0.42550683] 2.7141213 0.8822841 1.0125742 1.1679169
[7404, 0.42154872, 0.9743441, 6.5815763, 0.26546308] 2.1509924 0.9996404 1.0474879 1.3739401
[7405, 0.49633896, 0.9831033, 6.3111687, 0.5550692] 2.6976862 0.87308824 0.8647041 1.2890906
[7406, 0.4986656, 1.0071987, 4.0935245, 0.47206822] 2.905155 0.8304348 1.0063516 1.2027307
[7407, 0.5217587, 1.0131028, 4.29192, 0.7121553] 2.8677163 0.97406346 0.84159666 1.3924072
[7408, 0.5456814, 1.0312159, 3.751055, 0.432383] 2.783901 0.92765874 1.0705867 1.3835646
[7409, 0.47959125, 1.0146486, 6.3180733, 0.6129582] 2.6472359 1.0565182 0.93411916 1.1298538
[7410, 0.49347982, 0.99467033, 7.9234843, 0.54900795] 2.5076315 0.9916823 0.94412005 1.1983831
[7411, 0.4957893, 0.999165, 5.6865563, 0.4810364] 2.5538383 1.0429852 0.90231085 1.3574975
[7412, 0.37779623, 1.0573858, 7.980627, 0.54292214] 2.4990797 0.946642 0.89590067 1.220092
[7413, 0.4933056, 1.0371866, 4.49284, 0.5986385] 2.8482885 0.98488176 0.9699014 1.1522688
[7414, 0.5023473, 1.0141107, 6.4718604, 0.5602719] 2.5173223 0.9392782 0.9955069 1.4357206
[7415, 0.49799037, 1.007612, 6.1783953, 0.5234921] 2.581766 0.9396241 0.9482912 1.3577008
[7416, 0.5267051, 0.9754865, 6.8982286, 0.47049037] 2.5566194 0.9870836 0.9342671 1.2547101
[7417, 0.48490387, 1.0158383, 6.440629, 0.5221704] 2.6166093 0.9190389 0.913185 1.3005649
[7418, 0.42000908, 1.0262848, 7.6449533, 0.4186166] 2.4477503 0.9076593 1.047377 1.1450648
[7419, 0.38746017, 1.0324786, 8.20908, 0.45956305] 2.3290765 0.98353314 0.8727809 1.4805325
[7420, 0.57487625, 0.85595423, 6.087742, 0.25471854] 2.2625177 1.0508751 0.8743168 1.0834104
[7421, 0.45965707, 1.0329784, 6.3535924, 0.52671623] 2.7158856 0.9121337 0.88494164 1.1682917
[7422, 0.5616494, 0.96487916, 4.881464, 0.54907894] 2.770609 0.9243828 0.9424005 1.317003
[7423, 0.46342516, 0.9878883, 7.8236823, 0.39624915] 2.3033128 1.1294022 0.9138725 1.3234029
[7424, 0.5015589, 0.8800575, 5.7555456, 0.20855406] 2.0316193 1.0882796 1.0297328 1.235998
[7425, 0.4839232, 0.8973556, 6.263921, 0.2618165] 2.1469054 1.1056283 0.95086294 1.1988206
[7426, 0.52873045, 1.0074313, 4.0672317, 0.44998333] 2.9967415 0.8876971 0.90844935 1.1913223
[7427, 0.46872047, 0.9977129, 7.491626, 0.47987476] 2.43638 1.0099372 0.9575904 1.2882115
[7428, 0.5047882, 0.98959345, 5.951706, 0.46293554] 2.5002022 0.902856 1.024621 1.4847425
[7429, 0.44377843, 1.0385238, 6.968364, 0.53301346] 2.6153755 0.85765594 0.86805075 1.3785423
[7430, 0.53911173, 1.0056683, 4.7154865, 0.5744642] 2.893576 0.88259614 0.8946263 1.2394654
[7431, 0.50249547, 1.0486904, 3.6338747, 0.49866667] 3.0210085 0.77517927 0.97960085 1.3117714
[7432, 0.58480823, 0.82186687, 6.2583356, 0.23708971] 2.1042342 1.0327294 1.0057342 1.2467246
[7433, 0.51218957, 1.0132984, 6.0655427, 0.6235526] 2.495371 1.1272033 0.88440627 1.5409008
[7434, 0.45054233, 1.154483, 2.4294899, 0.86868906] 3.4164364 0.9151755 0.8602326 1.0756632
[7435, 0.49521035, 1.0145196, 5.6472187, 0.62993354] 2.7339766 0.9988747 0.9757053 1.1568993
[7436, 0.4344821, 1.0100815, 8.143118, 0.40595064] 2.307269 0.9352171 1.0577265 1.3344338
[7437, 0.50766957, 1.0135309, 7.0338573, 0.6332507] 2.6980782 0.8255739 0.8902109 1.3266038
[7438, 0.4760713, 0.9826313, 7.6560884, 0.5308621] 2.507893 0.9327706 0.9139627 1.2358757
[7439, 0.4440345, 1.0145969, 7.473583, 0.37991747] 2.5555365 0.8312161 0.9681399 1.1066885
[7440, 0.42719433, 0.9923715, 6.6969047, 0.36784208] 2.0471416 1.0823718 1.0981253 1.465879
[7441, 0.41237107, 1.066705, 6.3565288, 0.50936204] 2.7386289 0.91962665 0.8304388 1.1425381
[7442, 0.5103153, 1.0057919, 5.167345, 0.4444073] 2.7238626 0.96512765 0.9750713 1.2900828
[7443, 0.35649908, 1.045398, 8.636439, 0.58501804] 2.458536 0.9970669 0.8664426 1.1662527
[7444, 0.3827955, 1.0692083, 5.543487, 0.70380086] 2.7665122 1.023841 0.8909057 1.2263625
[7445, 0.43123913, 1.0384583, 6.5550632, 0.62359595] 2.6493273 0.79392475 1.0310844 1.2253624
[7446, 0.43813103, 1.0796334, 3.253302, 0.5411867] 3.063234 0.9751422 0.8750838 1.185842
[7447, 0.5163815, 0.9963837, 7.521895, 0.5551823] 2.5444639 1.1536891 0.91403586 1.0769687
[7448, 0.46916005, 0.9779158, 7.070257, 0.3656143] 2.2715302 0.9519673 1.0786629 1.3670542
[7449, 0.57797307, 0.9853817, 4.8284106, 0.49644363] 2.794562 1.117548 0.96058434 1.1205473
[7450, 0.5446847, 0.98249865, 4.2330775, 0.49825758] 2.776144 1.1327672 1.076596 1.1382089
[7451, 0.5094157, 1.0239937, 4.7104373, 0.685582] 2.7841356 0.9726503 0.96535134 1.2196138
[7452, 0.3754948, 1.0643848, 7.060709, 0.4614708] 2.436728 1.006321 0.9776789 1.3610593
[7453, 0.53272694, 1.0423187, 3.4462159, 0.5925637] 3.0421 1.018556 0.9649473 1.133981
[7454, 0.46814078, 1.0231186, 5.3360815, 0.6611322] 2.6685197 1.075315 0.8803149 1.332295
[7455, 0.4879168, 1.0200199, 5.6660223, 0.48330823] 2.733699 0.8730231 1.0030061 1.0786589
[7456, 0.43279487, 1.0256244, 6.734476, 0.42342475] 2.5316217 0.9843556 0.9536505 1.3253831
[7457, 0.47535837, 1.0265139, 4.7730265, 0.4326969] 2.7072031 0.92207533 0.99995863 1.3211697
[7458, 0.4770848, 1.0673822, 3.2317224, 0.43478674] 2.9548755 1.007428 1.029694 1.1700935
[7459, 0.45508617, 1.0091563, 7.3681064, 0.5646757] 2.4820998 0.9501371 0.9015327 1.3638105
[7460, 0.50011486, 1.0045791, 5.8539042, 0.45667598] 2.6473513 0.76176536 1.0417712 1.2247264
[7461, 0.5148917, 1.0059685, 5.4499397, 0.5420739] 2.7136004 0.93076855 0.90600383 1.3394233
[7462, 0.46756744, 1.0162718, 7.207084, 0.66824174] 2.5644581 0.9456258 0.920494 1.3871791
[7463, 0.5637638, 0.9947148, 4.0993285, 0.40462705] 2.687556 0.8769795 1.0253558 1.5538749
[7464, 0.50638837, 1.0107547, 6.654717, 0.55403715] 2.48954 1.0012001 1.1068313 1.239048
[7465, 0.49115726, 1.0147308, 6.865237, 0.6493269] 2.7105021 1.0248749 0.8892168 1.1306475
[7466, 0.39058238, 1.0116396, 7.627039, 0.36100173] 2.2811186 0.97807014 0.9525734 1.35953
[7467, 0.5131706, 0.91761655, 7.352734, 0.41963455] 2.241547 1.0868673 0.83488923 1.2366526
[7468, 0.5416007, 1.0166702, 3.4162967, 0.51182103] 2.8878706 1.1167499 0.8530215 1.358156
[7469, 0.47105056, 1.013727, 4.5610795, 0.42173034] 2.6820183 1.0040689 0.896822 1.4046954
[7470, 0.4322047, 1.069019, 5.922971, 0.48462752] 2.579616 0.9964149 0.9620801 1.3138494
[7471, 0.47294575, 1.0332963, 6.149572, 0.42966285] 2.5747063 1.0158395 0.9627248 1.2305017
[7472, 0.4301152, 1.0164186, 7.353911, 0.46898365] 2.4387212 0.9592437 1.0161088 1.2200532
[7473, 0.5779584, 0.99071205, 3.7729166, 0.59729445] 2.7160902 1.0049547 1.0733293 1.5118515
[7474, 0.47137663, 1.0353392, 5.7094207, 0.5762634] 2.6199076 0.9947416 1.0122538 1.3190037
[7475, 0.46214873, 1.0368911, 5.662475, 0.5401036] 2.6319332 0.84384423 0.98561066 1.4301217
[7476, 0.5647805, 1.0021753, 5.928875, 0.5059194] 2.4197223 1.0233247 0.9876653 1.6382165
[7477, 0.48776564, 1.0242877, 5.1891775, 0.5187232] 2.7773151 0.93582135 0.9384855 1.2246715
[7478, 0.44127962, 1.0298862, 6.8211536, 0.52058154] 2.5023139 1.054474 0.93732667 1.2500569
[7479, 0.45285785, 1.0294433, 6.932932, 0.61049217] 2.6370614 0.9632308 0.83701485 1.2386565
[7480, 0.52348447, 0.9858728, 6.1030393, 0.6012419] 2.5050266 0.961752 1.0751367 1.3435096
[7481, 0.55996317, 1.0123887, 4.245866, 0.54099846] 2.8310096 0.933897 0.9747746 1.3728446
[7482, 0.55801344, 0.96744746, 6.2204347, 0.6034023] 2.5839734 0.8354278 0.9988086 1.4648985
[7483, 0.41957617, 1.053224, 5.45333, 0.509643] 2.725522 0.9960198 0.97808194 1.116054
[7484, 0.4529479, 1.0357864, 7.4020567, 0.5084099] 2.7163205 0.9168118 0.9076946 1.0522343
[7485, 0.41477242, 1.0654374, 7.4154487, 0.57454765] 2.6782765 0.8724691 0.77259535 1.3275424
[7486, 0.5424475, 0.9738566, 4.8037534, 0.44531107] 2.6771686 1.0025043 1.0460405 1.2710935
[7487, 0.4900766, 0.98698354, 7.528027, 0.42666578] 2.5705254 1.1022426 0.9119167 0.95598596
[7488, 0.44921628, 1.0290056, 6.6498456, 0.51978743] 2.4078796 1.14558 1.004535 1.366546
[7489, 0.54268134, 0.9884911, 5.3086576, 0.4610825] 2.802777 1.0198762 0.87694776 1.1097589
[7490, 0.56697917, 0.99151725, 4.094812, 0.7051487] 2.9707437 0.88137263 0.8684981 1.2906584
[7491, 0.4980796, 1.0550337, 3.6760006, 0.59432137] 3.0723553 0.8317689 0.92638487 1.2810203
[7492, 0.4201337, 1.0441399, 6.563427, 0.45042288] 2.535122 0.93339163 1.052356 1.2854421
[7493, 0.4011288, 1.0637714, 7.5068603, 0.5855349] 2.582092 0.98437494 0.8776378 1.214501
[7494, 0.48884496, 1.0177296, 4.6328506, 0.507695] 2.8000333 1.0825536 0.8715863 1.1880268
[7495, 0.49586257, 1.0129575, 6.4386396, 0.6485755] 2.637752 0.8608998 0.95464224 1.4104553
[7496, 0.42939755, 1.040689, 6.1477013, 0.6022563] 2.689215 1.0113059 0.8382194 1.2521186
[7497, 0.5125487, 1.0228907, 5.9586196, 0.61100966] 2.6850755 0.88498145 0.9691748 1.3303485
[7498, 0.4887586, 1.0154411, 7.2077694, 0.57334244] 2.3583539 0.94207346 0.9575192 1.6176878
[7499, 0.4504524, 1.0509773, 5.4529786, 0.5708282] 2.7062612 0.917892 1.0083026 1.3088892
[7500, 0.43017048, 1.1050199, 2.9402626, 0.70495313] 3.3134048 0.86881804 0.89898396 1.0043011
[7501, 0.50989527, 1.0325769, 3.9920347, 0.47526687] 2.9074063 0.9108542 0.91997814 1.2969779
[7502, 0.5508655, 0.9789377, 4.540972, 0.49900183] 2.808678 0.97042406 0.982331 1.2868115
[7503, 0.4945383, 1.0161273, 5.553476, 0.52217716] 2.8158195 0.8823374 0.8877354 1.2214692
[7504, 0.44645214, 1.0347527, 7.0903077, 0.52190787] 2.5592775 0.9307781 0.9332601 1.3420575
[7505, 0.4632955, 1.0191424, 6.3433466, 0.47159472] 2.7419689 0.9681718 0.90147966 1.0912997
[7506, 0.44043684, 1.0182676, 7.0468, 0.43849963] 2.5425818 0.8122649 1.1051741 1.1961118
[7507, 0.5351956, 1.0100278, 3.8636138, 0.54006773] 2.987655 0.869743 0.87996453 1.2677187
[7508, 0.5443453, 0.9630122, 6.366994, 0.46534908] 2.6273234 0.9740561 1.0640632 1.1182914
[7509, 0.50567394, 1.0194137, 4.7557483, 0.46151066] 2.9456959 0.93127936 0.92668027 1.1232854
[7510, 0.44367966, 0.97133744, 7.498795, 0.43467996] 2.328369 1.108819 0.9058566 1.1549046
[7511, 0.5611306, 0.9966793, 3.6944764, 0.5335465] 3.0191395 0.74963874 0.95710254 1.3050613
[7512, 0.52616304, 1.0634202, 3.0316532, 0.9697749] 3.2067316 0.71926653 0.97776365 1.280646
[7513, 0.52556336, 1.0060383, 4.6872435, 0.5220493] 2.668991 0.9131268 0.90433383 1.5089701
[7514, 0.5361932, 0.9699721, 6.7678275, 0.5719928] 2.6488106 1.0727464 0.75443935 1.2411491
[7515, 0.44531304, 1.0071069, 6.9823766, 0.33510113] 2.2096276 1.0056567 1.1171043 1.4925903
[7516, 0.40574425, 1.0428495, 7.968231, 0.4762605] 2.5019653 0.88776445 0.88781786 1.2289256
[7517, 0.5625991, 0.9558439, 4.9042187, 0.5973951] 2.8562543 0.8330614 0.99524456 1.2422496
[7518, 0.4147293, 1.0440825, 7.842815, 0.5032863] 2.471988 0.88716716 0.9363788 1.334121
[7519, 0.49984795, 1.0110545, 6.610995, 0.5261766] 2.5085437 0.96519065 0.90128535 1.5172994
[7520, 0.4220003, 1.0327841, 6.286918, 0.50659674] 2.544294 0.8895315 0.9867186 1.3263394
[7521, 0.47994164, 1.0077816, 6.0264564, 0.4783372] 2.6065812 0.9723956 0.8405354 1.3210261
[7522, 0.42663455, 1.007278, 7.3803234, 0.39469308] 2.4679523 0.8567966 0.9283156 1.2770784
[7523, 0.5665848, 0.96478367, 5.2147727, 0.5151956] 2.739048 1.0326296 0.99276096 1.1339219
[7524, 0.49809915, 0.97506523, 5.6072273, 0.43790683] 2.3715284 1.0598944 0.88852406 1.5500653
[7525, 0.43196124, 1.0002798, 8.470684, 0.47047576] 2.2917986 0.90104246 0.9876372 1.3980849
[7526, 0.4208198, 1.0202216, 8.461466, 0.51401186] 2.4489913 0.99849653 0.8364109 1.2589885
[7527, 0.5313529, 1.0304103, 4.229714, 0.5025996] 2.819272 1.07498 1.0105871 1.2519464
[7528, 0.41536316, 1.0407287, 7.7425227, 0.46846265] 2.3261013 1.0310185 0.967578 1.4582098
[7529, 0.48464268, 0.9953145, 8.0046625, 0.4265514] 2.5928128 0.92900604 0.9102216 1.1228713
[7530, 0.533029, 0.99800164, 5.8522153, 0.61774355] 2.7230933 0.9976364 0.9425961 1.1807252
[7531, 0.5475923, 1.0335786, 3.9174318, 0.54077506] 2.8426185 0.93772465 0.98901004 1.381319
[7532, 0.558984, 0.9810909, 3.7990086, 0.55666256] 3.0033927 0.8838505 1.0713935 1.0340297
[7533, 0.34314424, 1.0908445, 7.443919, 0.5856668] 2.4998312 1.1045933 0.902547 1.3122352
[7534, 0.43937957, 1.0307883, 7.488552, 0.53295517] 2.4104598 1.1168061 0.9210018 1.313051
[7535, 0.46290922, 1.0335419, 7.109411, 0.49278712] 2.5592318 0.9032465 1.051148 1.2342598
[7536, 0.43931854, 1.0463487, 7.8096924, 0.69276506] 2.5241337 0.8448677 0.7969543 1.5670588
[7537, 0.45554203, 1.0399309, 5.7446446, 0.5223419] 2.7456923 1.0328242 0.8383819 1.0963552
[7538, 0.52153283, 0.95707715, 7.3109355, 0.3854745] 2.437906 0.9885964 0.98623663 1.3096433
[7539, 0.43891293, 1.0180273, 7.529932, 0.5849332] 2.6778986 0.8134824 0.8379635 1.2546321
[7540, 0.5430161, 0.976421, 4.5253057, 0.5197506] 2.7990348 1.0384418 0.94497293 1.1860846
[7541, 0.55749786, 0.9599629, 5.3184285, 0.6202386] 2.740774 1.0334432 0.8580638 1.2299627
[7542, 0.619744, 0.921349, 4.0265036, 0.5078079] 2.7652829 0.88404024 0.96584976 1.5623413
[7543, 0.43322465, 1.0379933, 7.5703974, 0.46022844] 2.4842 1.0732231 0.9535655 1.2554191
[7544, 0.45845577, 1.0320209, 6.5300984, 0.5646519] 2.6088223 0.97955024 0.8431499 1.3206655
[7545, 0.54794234, 0.974684, 5.6960597, 0.5552049] 2.6260731 0.87183696 0.95025927 1.4455746
[7546, 0.57215965, 0.94876486, 5.861366, 0.5195193] 2.7179 0.9455844 1.027209 1.1366965
[7547, 0.4333123, 1.0531986, 5.9481535, 0.52355456] 2.6541018 0.9045682 0.9104578 1.2999761
[7548, 0.5121105, 1.003055, 4.9353867, 0.54636157] 2.5627868 1.1010613 1.007735 1.4399579
[7549, 0.49252668, 1.0113846, 5.5974817, 0.5552924] 2.7927356 0.8496613 0.89349866 1.2676044
[7550, 0.54321694, 0.98588854, 4.30368, 0.4929412] 2.871414 0.8952725 0.97459626 1.156248
[7551, 0.39229208, 1.0619557, 6.670749, 0.6464905] 2.5473945 1.0097948 0.8794753 1.3521304
[7552, 0.5954445, 0.944972, 3.4161942, 0.87077516] 3.0649326 0.73551565 0.9716213 1.3158638
[7553, 0.43807608, 1.0647115, 6.1016827, 0.4753712] 2.6304832 0.97105557 0.9249359 1.3122141
[7554, 0.43902344, 1.036957, 6.8048725, 0.636349] 2.5070672 1.1293157 0.8621817 1.3451369
[7555, 0.44129997, 1.0375642, 6.479518, 0.53860176] 2.6244798 0.8832863 0.90698135 1.3253297
[7556, 0.4915739, 1.0283004, 5.341092, 0.55677944] 2.7068136 1.0311829 0.8706611 1.2766402
[7557, 0.5230484, 0.9695124, 7.8597198, 0.4689374] 2.5106945 0.75992405 1.05383 1.3128712
[7558, 0.3903594, 1.0841202, 7.123526, 0.7422445] 2.5678642 0.9254795 0.94312865 1.31402
[7559, 0.5268129, 1.0151032, 4.17831, 0.84028685] 2.7976544 1.0219617 0.94469756 1.3394812
[7560, 0.54070324, 0.9837987, 6.222088, 0.5887486] 2.6210124 0.99906874 0.92628217 1.3765655
[7561, 0.5183776, 0.9965624, 5.1653485, 0.6967478] 2.7811248 1.0305127 0.8704935 1.2721032
[7562, 0.43025443, 1.0663528, 6.082003, 0.5916501] 2.7463374 1.0084196 0.8106076 1.1913846
[7563, 0.4169897, 1.0427519, 6.022657, 0.53124875] 2.6742866 0.99599594 0.92157346 1.2529923
[7564, 0.44215283, 1.0216339, 6.187359, 0.4922164] 2.6177316 0.9300991 0.9758566 1.3025998
[7565, 0.42517307, 1.0625677, 6.6222677, 0.41646332] 2.5973544 0.88988495 1.0283698 1.2090138
[7566, 0.5110143, 1.0111618, 5.070516, 0.7051591] 2.6684775 0.9636204 1.0666436 1.2623476
[7567, 0.44748208, 1.0390954, 6.6421456, 0.47885883] 2.629702 0.89599293 0.9086267 1.2843938
[7568, 0.451877, 1.0584813, 5.589882, 0.55329996] 2.8565562 0.9353375 0.85885113 1.0258967
[7569, 0.5179141, 1.0347444, 3.3828318, 0.5800327] 2.9213727 1.0016203 0.9680209 1.3539244
[7570, 0.4504014, 0.9818683, 7.833916, 0.41977838] 2.2754953 0.96823245 0.93427473 1.394276
[7571, 0.48914817, 1.004613, 5.0582814, 0.5181605] 2.7724192 0.93371844 0.87879837 1.2948406
[7572, 0.4773176, 1.0194405, 6.394675, 0.6468746] 2.6994987 0.91195315 1.012824 1.1789182
[7573, 0.4881486, 1.0216835, 4.993892, 0.51333714] 2.7582982 0.9907923 1.0147034 1.1695321
[7574, 0.4953203, 1.0188776, 5.83114, 0.540263] 2.6668625 0.9427977 1.0027877 1.2198478
[7575, 0.41818488, 1.0700638, 6.5050106, 0.78394014] 2.6920147 1.0373812 0.9064386 1.1622032
[7576, 0.37192464, 1.0568599, 6.880639, 0.4414794] 2.5811605 0.970139 0.9513647 1.2286514
[7577, 0.55422026, 0.95422953, 4.6099944, 0.49954376] 2.6387696 1.0551226 0.9962223 1.3909214
[7578, 0.5064842, 1.016066, 4.764187, 0.5032513] 2.6928341 1.0454742 1.0773547 1.3090551
[7579, 0.46647668, 1.0148202, 7.0546527, 0.5094551] 2.549013 1.0286971 1.023276 1.0466888
[7580, 0.5589041, 0.997793, 3.8517666, 0.5123513] 2.8825145 0.7133934 1.0785645 1.4056325
[7581, 0.4359466, 1.0539486, 6.848948, 0.4417795] 2.3797483 0.9589405 1.0986196 1.3933524
[7582, 0.3649688, 1.0701286, 5.623427, 0.48525518] 2.7270148 0.8445045 0.9588426 1.126032
[7583, 0.41936365, 1.0360671, 6.752142, 0.587945] 2.4247627 0.92870945 0.9967049 1.4686717
[7584, 0.46591938, 1.0391592, 6.1669593, 0.44347242] 2.8300128 0.81651187 0.92292655 1.1177201
[7585, 0.5342661, 1.0133287, 3.7562103, 0.5880807] 3.0352173 1.0215001 0.91746426 1.1304389
[7586, 0.3896009, 1.050393, 6.886879, 0.4336335] 2.467396 1.002 0.9254681 1.3070939
[7587, 0.46490535, 1.0654452, 4.0879974, 0.5833987] 2.874033 0.9007312 0.95507437 1.3931506
[7588, 0.48488235, 1.0131097, 6.9382834, 0.6300706] 2.7396004 0.916776 0.93754536 1.0584149
[7589, 0.50304675, 0.9872284, 6.8514504, 0.49885485] 2.533159 0.96645176 1.018318 1.2944809
[7590, 0.56527734, 0.96470463, 4.4498763, 0.5973144] 2.7636282 1.0187991 0.8944857 1.3773531
[7591, 0.43739948, 1.0348798, 7.2944345, 0.5003228] 2.4965165 1.1630355 0.88112813 1.1687119
[7592, 0.5339163, 0.9913875, 6.846349, 0.635017] 2.6128411 1.103843 0.92347175 1.1558224
[7593, 0.39654857, 1.0672731, 6.535666, 0.596567] 2.6583416 1.0255889 0.8711434 1.2654865
[7594, 0.44504732, 1.045605, 5.440798, 0.5758771] 2.6475878 1.103703 0.9563295 1.251139
[7595, 0.47901312, 1.0413485, 4.810225, 0.6823348] 2.875136 0.9759738 0.8107878 1.2888838
[7596, 0.36910018, 1.1924086, 2.8610985, 0.7452376] 3.2921617 0.897727 0.93586737 1.1790042
[7597, 0.4742304, 0.9311504, 6.440489, 0.28521204] 2.2388246 0.9936765 0.8799537 1.3347267
[7598, 0.44153246, 1.0422274, 6.1207385, 0.49222296] 2.7104964 0.98758584 0.84361976 1.2229121
[7599, 0.4637132, 1.0134767, 5.934839, 0.5426046] 2.5876882 1.0686114 0.9764928 1.3029541
[7600, 0.4749419, 1.0120236, 5.6810317, 0.57720006] 2.691967 0.9679691 0.8498186 1.3111116
[7601, 0.5556999, 1.0014343, 3.6699867, 0.44093272] 2.9699032 0.9538879 0.86116135 1.316714
[7602, 0.60436046, 0.9227663, 4.5679865, 0.42351857] 3.0033298 0.8865062 0.8789959 1.0054107
[7603, 0.41368687, 1.0284771, 7.992372, 0.41317776] 2.4287093 1.0167215 1.0119227 1.241962
[7604, 0.41739506, 1.0559112, 5.8323207, 0.6432837] 2.7452168 1.0044125 0.79003596 1.1767282
[7605, 0.56267667, 0.9878273, 4.921004, 0.49272457] 2.8556526 0.8963676 1.0895997 1.0905714
[7606, 0.5225377, 1.0193293, 3.9645336, 0.63098633] 2.85167 0.9940977 0.9621306 1.3497462
[7607, 0.50178856, 0.9977463, 4.991365, 0.43484184] 2.6576648 1.0853642 0.95019 1.2777437
[7608, 0.5445314, 0.9741831, 4.950087, 0.53406394] 2.6168976 1.0598608 1.0643665 1.3500081
[7609, 0.513399, 0.9909544, 5.1030416, 0.50249314] 2.7565076 0.85405755 0.99028707 1.2585076
[7610, 0.40587845, 1.0900987, 6.259832, 0.56298006] 2.6184886 0.9301092 0.8982293 1.4276258
[7611, 0.4525959, 1.0739936, 3.9490604, 0.525355] 2.7905722 1.029904 0.953602 1.3416415
[7612, 0.4616, 1.0231551, 6.309401, 0.5520238] 2.6135502 1.0803573 0.958556 1.2388865
[7613, 0.47082996, 1.0263991, 6.7317624, 0.4933503] 2.4660928 0.98555076 0.98686194 1.4399244
[7614, 0.43155324, 1.0482215, 7.2061143, 0.6638363] 2.4247515 1.0007416 0.97256553 1.4445105
[7615, 0.4168501, 1.0201049, 6.943191, 0.40541118] 2.2771447 1.0715665 1.1031106 1.2718617
[7616, 0.49540442, 0.9955027, 6.030652, 0.6330587] 2.6934834 0.9708265 0.9033355 1.2074909
[7617, 0.44500613, 1.0362731, 6.790056, 0.58779746] 2.502476 0.96498835 0.92377484 1.4092462
[7618, 0.4503316, 1.032648, 7.246729, 0.5369074] 2.5233238 1.0408314 0.94798577 1.2047752
[7619, 0.5797483, 0.9597198, 3.6610157, 0.4848941] 2.9266489 0.77499104 0.92057365 1.3482096
[7620, 0.47634476, 1.0323437, 4.1646028, 0.5086134] 2.8962617 0.8448555 0.83939767 1.4300622
[7621, 0.5307831, 1.0045049, 5.146707, 0.53566897] 2.8116999 0.937155 0.8750003 1.2680392
[7622, 0.43655974, 1.0293331, 7.43987, 0.49074933] 2.5086591 0.9040182 0.9973832 1.2277172
[7623, 0.48674205, 0.98530215, 6.842895, 0.55930644] 2.6295319 0.94231457 0.92327064 1.3442432
[7624, 0.46729675, 1.0137664, 6.8959627, 0.48932728] 2.6322362 1.0507362 0.8766285 1.2033384
[7625, 0.44981447, 1.033555, 6.559595, 0.5748753] 2.5550117 0.9241485 0.9923334 1.2858542
[7626, 0.41408727, 1.0424035, 7.0783763, 0.5112008] 2.5372176 0.97166073 0.9946896 1.214393
[7627, 0.4287183, 1.0525357, 6.335234, 0.61409587] 2.4025953 1.1777098 1.0160594 1.4121876
[7628, 0.46564043, 1.0322571, 5.546527, 0.4670979] 2.8857336 0.83247226 0.7689668 1.1636838
[7629, 0.48745325, 1.0191084, 4.992193, 0.6238923] 2.6942601 1.0044968 1.0560971 1.2480271
[7630, 0.5568729, 1.0123451, 3.9075406, 0.5968478] 3.0418236 0.8936206 0.94585484 1.1430129
[7631, 0.38208646, 1.02623, 7.971539, 0.41889665] 2.3274505 0.9305024 1.0262939 1.2566683
[7632, 0.45449087, 1.0382025, 6.269364, 0.4790013] 2.6762705 0.9782105 0.93516916 1.2076958
[7633, 0.44955096, 1.0196455, 6.041627, 0.48716143] 2.5383444 0.9453373 1.0662682 1.2322402
[7634, 0.44507265, 0.9584181, 7.100044, 0.38310587] 2.3459928 0.979506 0.8598647 1.1975186
[7635, 0.49538386, 0.97252554, 7.718454, 0.43374395] 2.4824922 0.96102273 0.9128817 1.20595
[7636, 0.44885373, 1.0406677, 6.8065057, 0.49350446] 2.614679 1.1381155 0.8953663 1.0298774
[7637, 0.49818167, 1.0258672, 5.703098, 0.5789875] 2.7853637 0.99121946 0.96333957 1.0402875
[7638, 0.48497257, 1.0297012, 4.7331533, 0.54978013] 2.8077292 0.9235273 0.91440845 1.2384945
[7639, 0.5149212, 1.0062051, 5.463598, 0.5801405] 2.7718499 0.9881126 0.96378505 1.195418
[7640, 0.5494731, 1.0055254, 4.128426, 0.49675247] 2.9601326 0.8378842 0.97893757 1.1777307
[7641, 0.5348913, 1.0107385, 4.202248, 0.49465057] 2.820559 0.9991995 0.9333296 1.3731873
[7642, 0.518059, 1.0205069, 3.4789457, 0.5476554] 2.947523 0.9336638 0.88354415 1.4739156
[7643, 0.5847219, 0.9871569, 4.159323, 0.52863777] 2.857392 0.9639001 0.888099 1.3309212
[7644, 0.59018135, 0.9908008, 3.5495937, 0.52710366] 2.8516471 0.9332843 0.98249066 1.4703504
[7645, 0.5059344, 0.98025805, 6.650127, 0.4448366] 2.5041025 1.1240894 0.90627515 1.2839592
[7646, 0.44908708, 0.9902298, 7.2135096, 0.4073323] 2.2806373 1.0184795 1.0537719 1.3434767
[7647, 0.5151626, 0.99564546, 6.499814, 0.59896666] 2.7229083 0.9059308 0.8759085 1.2179905
[7648, 0.4406244, 1.0065341, 7.635752, 0.48304278] 2.437547 1.014414 0.9643966 1.1928526
[7649, 0.48044568, 1.0603195, 3.6588457, 0.5425985] 2.9876366 0.94606006 0.8760915 1.344444
[7650, 0.52057946, 1.0126418, 3.9579282, 0.54700243] 2.9908524 1.1119219 0.9231304 1.0199702
[7651, 0.47905633, 1.0246253, 6.751183, 0.5155217] 2.54499 1.0822577 0.9994261 1.2263615
[7652, 0.48951256, 1.0156972, 5.1681585, 0.510397] 2.7611153 0.9944947 0.832509 1.2747126
[7653, 0.51525855, 1.0428486, 3.7173061, 0.4776884] 2.88316 1.0465912 1.0392377 1.2416874
[7654, 0.4314153, 1.0541838, 5.9703536, 0.46378857] 2.477675 1.0271307 0.98499775 1.4017335
[7655, 0.38776776, 1.0429362, 7.5521817, 0.44978577] 2.31519 0.8584311 1.0378865 1.326905
[7656, 0.39419982, 1.0159633, 7.5263658, 0.39861938] 2.5081694 0.91624624 0.867994 1.1740886
[7657, 0.49153456, 0.9955382, 6.5074897, 0.49044096] 2.625963 0.84042567 0.95563924 1.2711729
[7658, 0.5182225, 1.0386391, 4.217179, 0.9786926] 2.8807566 0.9636462 1.002488 1.2634256
[7659, 0.42801863, 1.021526, 7.141099, 0.3319525] 2.5727592 0.9824712 0.8536556 1.1322812
[7660, 0.5340012, 0.9242681, 8.053253, 0.36865962] 2.3141036 0.93338686 0.90668213 1.4089578
[7661, 0.41537043, 1.036334, 7.399857, 0.48577964] 2.451851 0.9522878 0.98879105 1.3153887
[7662, 0.44952768, 1.0358012, 6.5584908, 0.55296296] 2.6259637 0.8391739 0.9859826 1.3864748
[7663, 0.49956676, 1.0703313, 3.6802027, 0.5519191] 2.9532192 0.9795667 1.0385267 1.2490071
[7664, 0.4650592, 0.8751489, 6.2131047, 0.25671053] 1.970515 1.1116017 1.0042301 1.0960282
[7665, 0.48882216, 1.0157158, 4.9705415, 0.5297913] 2.7259502 1.0861949 0.862337 1.3227785
[7666, 0.520914, 1.007443, 5.0918093, 0.51227236] 2.7925086 0.90317273 1.0032957 1.1707529
[7667, 0.46642885, 0.9956186, 8.387949, 0.6021789] 2.5678697 0.90126526 0.8259234 1.2297431
[7668, 0.41487333, 1.1094052, 4.15855, 0.7474173] 2.9154122 0.9392594 0.91959196 1.3596731
[7669, 0.58700484, 0.96874726, 4.5768113, 0.57004607] 2.932087 0.9851626 0.907655 1.0466685
[7670, 0.3708722, 1.0335971, 7.4740396, 0.39017275] 2.3448946 1.0346079 0.9861732 1.2700379
[7671, 0.46292108, 1.0185897, 7.5000963, 0.3984058] 2.6426792 0.86382395 0.99066764 1.0673952
[7672, 0.4273239, 1.0514209, 6.957644, 0.59278935] 2.5635855 1.1063145 0.97299594 1.0773557
[7673, 0.48346555, 1.0068761, 6.222885, 0.47504285] 2.5997884 0.9632747 0.9876955 1.1985433
[7674, 0.5192764, 0.8581353, 5.7330317, 0.27355292] 2.0351307 1.0751547 1.1074324 1.1906029
[7675, 0.41429678, 1.0389501, 6.0943837, 0.3526339] 2.5527089 1.0147313 0.9529601 1.3023181
[7676, 0.5653001, 0.9718976, 5.3293524, 0.51816684] 2.7829127 1.1007646 0.9167664 1.1077703
[7677, 0.5336988, 0.9833928, 5.30294, 0.6521584] 2.7520378 0.98004776 0.98563695 1.2072096
[7678, 0.5367069, 0.97213995, 5.767191, 0.4458494] 2.509755 0.96094453 1.009955 1.461618
[7679, 0.5178354, 0.9934106, 6.316348, 0.6716411] 2.6080797 1.1255963 1.0798712 1.0573902
[7680, 0.47784805, 1.0400941, 5.4104385, 0.4927988] 2.7577622 0.9736226 0.89772475 1.2572254
[7681, 0.42349774, 1.0460318, 5.0707436, 0.54743874] 2.6930878 1.0005578 0.9558567 1.3182822
[7682, 0.4301347, 1.005497, 7.3771863, 0.43483633] 2.3713129 1.1052256 0.99539834 1.1612332
[7683, 0.62716144, 0.8806377, 7.1205125, 0.40286425] 2.3997345 0.8419003 0.9400074 1.4007158
[7684, 0.3912857, 1.0400032, 7.638734, 0.6747174] 2.419684 0.9971854 0.94879895 1.3792263
[7685, 0.46361163, 1.0474154, 4.287286, 0.55690396] 2.8129666 1.0302352 0.896302 1.3317585
[7686, 0.56688184, 0.97938216, 4.7068863, 0.49930906] 2.8546185 1.0641735 0.89420867 1.0423461
[7687, 0.4792029, 1.0481279, 3.1091628, 0.4720819] 3.0917509 0.785182 1.01625 1.1968714
[7688, 0.4957356, 1.0099533, 7.103322, 0.64766407] 2.472726 0.99416935 0.78586656 1.6031251
[7689, 0.42641288, 1.0247428, 7.728334, 0.40175495] 2.4544098 1.0404322 0.9499618 1.1439525
[7690, 0.3819774, 1.0499021, 6.1318946, 0.4258918] 2.4029472 1.0088477 1.0212946 1.388857
[7691, 0.4359219, 0.9672015, 6.867643, 0.40446883] 2.3553994 1.0018543 0.909797 1.1587814
[7692, 0.59261525, 0.9225593, 5.1447234, 0.62274784] 2.9095552 0.9160525 0.9546375 0.97333395
[7693, 0.37679026, 1.0039704, 7.815383, 0.5034035] 2.2921665 1.0347261 1.0135969 1.303485
[7694, 0.529101, 0.9946147, 5.7857246, 0.585633] 2.770551 1.029831 0.8371371 1.187783
[7695, 0.5278883, 1.0170645, 3.861392, 0.61853755] 2.933218 0.88348466 1.0326338 1.291274
[7696, 0.49735028, 1.017963, 5.5040984, 0.694679] 2.7377758 0.8725628 0.9204617 1.3729537
[7697, 0.5072678, 1.0108235, 5.6321306, 0.5323417] 2.7125838 0.86429155 0.9423775 1.3426886
[7698, 0.44981512, 1.0209047, 7.157425, 0.43462092] 2.5694041 0.89169014 0.98996276 1.2917635
[7699, 0.38978475, 1.0212171, 7.518443, 0.34741753] 2.3239667 1.0144114 1.068155 1.1487266
[7700, 0.5338238, 1.0057287, 5.0902348, 0.5665297] 2.7864494 0.8503301 0.8927608 1.3025335
[7701, 0.5070288, 1.0536007, 4.227786, 0.54411817] 2.788744 1.0813602 0.9369529 1.4212441
[7702, 0.46724373, 1.0363417, 4.4171705, 0.5358794] 2.8364763 0.921723 0.97319204 1.1887999
[7703, 0.46335644, 1.0567307, 4.0691786, 0.68279916] 2.9274418 1.0127847 0.8112263 1.2764541
[7704, 0.58191097, 0.9740245, 4.0197864, 0.5709822] 2.881298 0.9796807 0.94238657 1.3048371
[7705, 0.42948794, 1.0529768, 6.160829, 0.7375812] 2.6472843 1.0124301 0.9640346 1.2183249
[7706, 0.47669354, 1.0234864, 5.3233166, 0.6091693] 2.761354 0.8444427 0.9426756 1.2559613
[7707, 0.47222954, 1.0652395, 3.4367094, 0.58363444] 2.9912739 0.7899488 0.9543057 1.4541439
[7708, 0.42903572, 1.0408168, 7.5682607, 0.5794042] 2.5111737 0.9784885 0.86494446 1.3412715
[7709, 0.41805992, 1.0225099, 8.2642765, 0.48058987] 2.4553413 1.0213761 0.84046155 1.2196192
[7710, 0.46813726, 1.0356224, 6.110375, 0.6442106] 2.567873 0.92796826 0.98634964 1.4276419
[7711, 0.5155, 1.02962, 3.771429, 0.55770516] 3.0356057 0.72602534 0.91847736 1.2570403
[7712, 0.50300497, 0.99481654, 6.5273066, 0.38992727] 2.431829 1.0468471 0.7772925 1.5239707
[7713, 0.42704812, 1.0060096, 7.080801, 0.3652631] 2.3215082 0.9584917 0.98963207 1.4796903
[7714, 0.51765156, 0.9986093, 5.9577537, 0.57810473] 2.7272053 1.0395178 0.9636985 1.0999874
[7715, 0.41515446, 0.9877806, 6.349383, 0.2958546] 2.117266 0.90240663 1.187914 1.4505322
[7716, 0.50843596, 1.0070726, 4.5025554, 0.52787894] 2.8829737 1.0273877 0.9098945 1.20094
[7717, 0.53755677, 1.0001049, 3.9707458, 0.5626707] 2.908002 0.9640786 0.9046795 1.369207
[7718, 0.5702507, 0.9491832, 4.838988, 0.45855626] 2.8096097 0.94387233 0.93293315 1.2061439
[7719, 0.4654683, 1.0159773, 5.4374604, 0.65454465] 2.6708803 0.8811745 0.9755965 1.3756318
[7720, 0.2945328, 1.1060795, 6.3420005, 0.5088833] 2.531494 1.0985948 0.87390226 1.35614
[7721, 0.5270558, 0.9827126, 5.120759, 0.56100327] 2.6033916 1.1242651 0.9506216 1.4112372
[7722, 0.44707316, 1.0097903, 7.64185, 0.4336865] 2.559694 0.94421965 0.8792481 1.0953934
[7723, 0.39855513, 1.0265855, 8.188998, 0.5539409] 2.505464 0.9398962 0.80169624 1.2810781
[7724, 0.47855118, 1.0074381, 6.1177006, 0.61100376] 2.6906087 1.0288111 0.9100098 1.1455182
[7725, 0.4759764, 1.0540072, 4.9589257, 0.6153117] 2.8915958 0.93672717 1.0667471 1.0730369
[7726, 0.49782032, 0.9894249, 7.2188807, 0.45669582] 2.391251 0.933637 1.0654066 1.3198227
[7727, 0.54618627, 0.9689552, 6.1798015, 0.6092699] 2.72076 0.8911714 0.8586263 1.3363727
[7728, 0.4279547, 0.9839793, 6.8839107, 0.360718] 2.3211968 0.9844861 0.99690604 1.2915807
[7729, 0.47726646, 0.9899324, 7.85365, 0.619465] 2.6078012 0.9790088 0.95453846 1.0262288
[7730, 0.49228546, 0.9130849, 6.9402966, 0.2714091] 2.1693988 1.11018 1.0149204 1.2137086
[7731, 0.38408205, 1.0319802, 8.187662, 0.4388235] 2.4303985 0.7908991 0.927925 1.2803794
[7732, 0.47423634, 0.9431597, 6.9740415, 0.4102383] 2.3380928 0.9115144 0.84012437 1.3720037
[7733, 0.50457656, 1.063659, 3.1367295, 0.46772924] 2.9871097 1.126388 0.9733365 1.1871264
[7734, 0.48780656, 0.92893326, 6.710347, 0.3544249] 2.4132044 0.9513142 0.83361745 0.99476606
[7735, 0.44089344, 1.039975, 6.336678, 0.5330612] 2.5640604 0.9932262 0.9912899 1.3116581
[7736, 0.47771892, 1.0516057, 3.6630168, 0.4504085] 2.8723848 0.9171316 1.004945 1.3993506
[7737, 0.4961129, 1.0660127, 3.5760813, 0.5476558] 3.07545 0.8655663 0.84192514 1.285273
[7738, 0.55719805, 0.988123, 4.9346046, 0.47120392] 2.6245532 0.95652187 1.0292213 1.446511
[7739, 0.47435585, 1.0031921, 5.705606, 0.48911306] 2.5842357 1.0200129 0.87503344 1.4278381
[7740, 0.42216945, 1.0472497, 7.027015, 0.50268406] 2.6960864 0.92607915 0.8670208 1.1021882
[7741, 0.51021624, 1.03088, 4.50973, 0.5895509] 2.945849 0.88676286 0.8859329 1.1864167
[7742, 0.45947063, 0.9305904, 6.058194, 0.31337845] 2.129115 1.0265088 1.0525059 1.3043952
[7743, 0.4999172, 1.0263017, 5.331037, 0.43384746] 2.7732775 0.7444167 0.9972939 1.3674535
[7744, 0.44118255, 1.0901476, 3.4561992, 0.5480178] 3.0566194 0.76161414 0.8443537 1.4784522
[7745, 0.4654544, 1.0249958, 6.1598773, 0.4685041] 2.6802595 0.97732955 0.9789529 1.0750937
[7746, 0.46613353, 0.99831223, 6.717747, 0.69851005] 2.4958942 0.9992142 1.0090677 1.2727877
[7747, 0.35953176, 1.0389668, 8.451101, 0.50648624] 2.4929674 0.90944403 0.8292784 1.2534192
[7748, 0.45252714, 0.95206875, 6.45713, 0.30570766] 2.3862574 0.9133548 0.8907474 1.210214
[7749, 0.6401994, 0.90411615, 3.8252661, 0.5484767] 2.9477177 0.945632 0.99778336 1.2155049
[7750, 0.46680674, 1.0358275, 6.306628, 0.57200694] 2.688101 1.1383443 0.8742422 1.1081239
[7751, 0.4642289, 1.0416646, 7.06554, 0.600992] 2.6069481 0.94130546 0.9097583 1.2514244
[7752, 0.42953518, 1.0393605, 6.9006953, 0.5507364] 2.6062553 0.9837076 0.9295619 1.1541256
[7753, 0.47663334, 1.0101417, 7.4026237, 0.4967752] 2.4759455 0.93828565 1.0769461 1.2615738
[7754, 0.41918772, 1.0501826, 6.0234175, 0.5380596] 2.5523074 0.86542517 0.9321161 1.4363954
[7755, 0.52443165, 0.99809235, 4.9933343, 0.5166336] 2.7713544 0.9728897 0.89922875 1.2293749
[7756, 0.53633887, 0.97506034, 6.2089314, 0.4873556] 2.630778 1.1342571 1.0212799 0.98143816
[7757, 0.43591475, 1.0497231, 7.275961, 0.46571413] 2.509233 1.0447822 0.85756606 1.3097395
[7758, 0.50697327, 0.98073137, 6.673626, 0.42822295] 2.5419714 0.78006023 0.9742187 1.5195247
[7759, 0.56374973, 0.9842274, 4.3940125, 0.55912983] 2.9638402 0.8241797 0.8479208 1.2943587
[7760, 0.49256927, 1.025391, 3.7925096, 0.55919975] 3.0523984 0.813062 0.8036751 1.352767
[7761, 0.48962075, 0.95914364, 7.686549, 0.3704798] 2.4356945 0.88834304 0.83950686 1.2897427
[7762, 0.4525748, 1.0260369, 6.1023808, 0.47419882] 2.6372206 0.9657895 0.9673766 1.2745184
[7763, 0.52193445, 1.0624826, 3.577562, 0.6205173] 3.1809185 0.8711792 0.95887315 1.0032179
[7764, 0.4453892, 1.0438843, 4.8116107, 0.51674515] 2.758038 0.95018387 0.90576005 1.2505543
[7765, 0.5201142, 1.037432, 4.2300963, 0.54342264] 2.954111 0.8687437 0.8232559 1.3743579
[7766, 0.5199047, 0.9890179, 6.3637037, 0.47174302] 2.831648 0.8695133 0.8673059 1.0086143
[7767, 0.4603638, 1.0316432, 6.3026524, 0.46488515] 2.435045 1.0334625 0.9773945 1.44224
[7768, 0.4833207, 0.99644446, 6.2559366, 0.5845544] 2.559184 0.93613416 1.0135783 1.3908006
[7769, 0.5366855, 0.9837106, 6.384312, 0.4996877] 2.6174219 0.9166932 1.0494138 1.2498133
[7770, 0.41855344, 1.0291947, 7.9208364, 0.49863115] 2.5697744 0.89842296 0.8066954 1.169151
[7771, 0.4627752, 1.0416002, 5.1569347, 0.57024723] 2.672591 1.0012486 0.97592914 1.4006202
[7772, 0.39669052, 1.0026675, 7.913845, 0.40573117] 2.2765107 1.0397587 0.9107327 1.3802687
[7773, 0.5073721, 0.9881784, 6.822134, 0.5300475] 2.5737393 0.99245703 0.9386297 1.2202919
[7774, 0.50407714, 1.0168545, 4.6560664, 0.56457794] 2.7629108 1.0636357 1.0686682 1.1952052
[7775, 0.506757, 1.0161892, 4.7016554, 0.47330245] 2.7696102 0.90959924 1.0141946 1.2782024
[7776, 0.41365403, 1.0261436, 7.1593704, 0.4097341] 2.344783 0.96476644 1.0410013 1.3635784
[7777, 0.5310482, 0.97318196, 6.908327, 0.5482333] 2.4021063 1.0625025 0.99285626 1.3661855
[7778, 0.52898407, 0.96567905, 7.3325324, 0.5165223] 2.4959388 1.1249532 0.98531073 1.0639794
[7779, 0.64413804, 0.87798554, 6.0586348, 0.6459828] 2.591482 0.8911273 0.9465157 1.3420447
[7780, 0.52162105, 1.0076009, 4.7037926, 0.4516493] 2.7563334 1.0561725 0.98173875 1.2261391
[7781, 0.46624896, 1.0049053, 7.346913, 0.4819] 2.4618075 1.0067441 1.1377193 1.0997212
[7782, 0.5644743, 0.96588737, 6.244822, 0.45260417] 2.5382757 0.85179543 1.0512122 1.4549339
[7783, 0.48351815, 1.0237342, 7.2491736, 0.7366774] 2.6058152 0.9828032 0.946421 1.1844729
[7784, 0.5408461, 0.9717228, 5.811067, 0.6081829] 2.6580002 1.0154959 1.0478734 1.2058642
[7785, 0.45268595, 0.98674023, 6.498007, 0.46964672] 2.6071153 0.90330476 0.88241774 1.1133072
[7786, 0.49136102, 1.0236962, 5.6448817, 0.48994797] 2.5223184 1.0980977 1.0606868 1.3601022
[7787, 0.5239527, 0.96956825, 7.1301336, 0.48990533] 2.3288565 0.98764783 1.0058161 1.5689489
[7788, 0.46518928, 1.0259176, 5.895919, 0.48679575] 2.6110196 1.07683 0.87055147 1.3177893
[7789, 0.55802995, 0.97125834, 4.6206527, 0.5749121] 2.7748501 0.98700416 0.981865 1.199167
[7790, 0.49366486, 1.0172772, 4.4127374, 0.5488682] 2.7087345 1.0617372 1.0535963 1.2363647
[7791, 0.42868978, 1.0636501, 5.9325747, 0.6492434] 2.6675432 0.99274844 0.8636016 1.2913324
[7792, 0.5149824, 0.98733574, 6.0298104, 0.40277869] 2.558933 0.97939825 0.97209334 1.2503048
[7793, 0.44161025, 1.0401481, 5.61088, 0.6486925] 2.7848656 0.89728224 0.874379 1.1851732
[7794, 0.45082736, 1.0136843, 6.7137356, 0.58160585] 2.7190194 0.92168784 0.8538919 1.1677855
[7795, 0.48225373, 1.0462174, 3.6981735, 0.60633063] 2.8663106 1.1496063 0.7887544 1.3130363
[7796, 0.5305832, 0.9960225, 4.622828, 0.42109478] 2.6778917 1.0682878 0.9898662 1.3394189
[7797, 0.4485372, 1.0500202, 6.831509, 0.6422707] 2.6495154 1.0322038 0.97468466 1.1112312
[7798, 0.50903213, 1.0171365, 4.4150295, 0.4849808] 2.9349585 0.71626383 0.99353105 1.3493986
[7799, 0.3493567, 1.0955458, 6.018583, 0.5239591] 2.642753 1.0287988 0.9111074 1.2988205
[7800, 0.53917396, 1.0159401, 4.0191007, 0.5841991] 2.8160245 1.0172558 0.96828765 1.3039811
[7801, 0.4299914, 1.0362233, 6.7539196, 0.4303497] 2.6329346 1.0032203 0.7957658 1.2508924
[7802, 0.47340927, 0.97884744, 8.033018, 0.46448892] 2.2910018 0.9128211 1.0077364 1.4170837
[7803, 0.45307624, 1.0441831, 6.923182, 0.522085] 2.5838456 0.8539014 1.0227642 1.2813699
[7804, 0.5164442, 1.0043975, 4.690288, 0.54044706] 2.783124 0.98614645 0.90159154 1.305042
[7805, 0.46445233, 1.014184, 6.7085137, 0.6478282] 2.6046793 0.94796944 0.95436686 1.1740152
[7806, 0.46567774, 1.0179787, 6.0525274, 0.49140978] 2.6857216 1.022402 0.90651745 1.1495996
[7807, 0.46727255, 0.99248046, 7.39224, 0.488556] 2.3323345 1.0003033 1.0609823 1.2749877
[7808, 0.49464333, 1.0408089, 4.1456823, 0.41488385] 2.820835 1.1919718 0.92726666 1.1307102
[7809, 0.5673341, 0.9894296, 4.851843, 0.5372] 2.6598945 0.9928886 1.0764147 1.4237314
[7810, 0.38348702, 1.0759902, 6.153322, 0.55969214] 2.7324965 0.9063647 1.0003977 1.1780907
[7811, 0.53895974, 0.849608, 5.8509927, 0.1913543] 1.9822984 1.0875484 1.094111 1.3344538
[7812, 0.5562299, 0.9781852, 4.3441644, 0.50744754] 2.9324498 1.0151794 0.95898926 1.0467595
[7813, 0.5257302, 1.0243732, 5.1903796, 0.5806425] 2.8055089 0.8787144 1.027248 1.2365845
[7814, 0.42237666, 1.0504546, 6.492327, 0.5869151] 2.6148913 0.9080514 0.9464924 1.3240302
[7815, 0.47031406, 1.0247496, 6.5295377, 0.54196] 2.7443163 0.9380431 0.8866333 1.1421571
[7816, 0.4716282, 1.0044113, 7.076923, 0.6442773] 2.4695227 0.9167038 1.0205228 1.3314812
[7817, 0.5353096, 1.0125356, 4.1134653, 0.5571476] 2.8519526 0.9076237 0.9714992 1.3179041
[7818, 0.37548235, 1.0567871, 7.0649867, 0.53501326] 2.6067905 1.0567702 0.8931973 1.0711583
[7819, 0.44732955, 1.0106658, 5.1209393, 0.49690142] 2.5739555 0.9729797 1.0527765 1.3823836
[7820, 0.5583054, 0.99662316, 5.31699, 0.5237339] 2.7159073 0.90740675 0.97802883 1.3566153
[7821, 0.45089638, 1.0631644, 4.3486967, 0.4709082] 2.8571622 1.0448372 0.94223535 1.1977897
[7822, 0.57790303, 0.9736446, 4.8387604, 0.6157173] 2.7807107 0.9785425 0.95283246 1.3482257
[7823, 0.46538293, 1.0278883, 5.2241116, 0.54619855] 2.7113473 0.97374314 0.9036097 1.2659775
[7824, 0.47547016, 0.9029928, 6.130191, 0.27183855] 1.9918846 1.1225867 1.0606226 1.3904558
[7825, 0.6020312, 0.95373356, 4.148361, 0.53246593] 2.8839633 0.96668386 1.0655953 1.170249
[7826, 0.53160226, 1.0143355, 4.3166065, 0.5559322] 2.8481054 0.99799854 0.85317326 1.2943571
[7827, 0.48955858, 1.0287985, 4.99689, 0.4313403] 2.7673044 0.9805778 0.9501236 1.2872738
[7828, 0.48957312, 1.0280211, 4.4298053, 0.4922169] 2.8341637 1.0224586 0.8873368 1.2425942
[7829, 0.4631628, 1.0149195, 6.6951194, 0.64998555] 2.5173087 1.0782281 0.9483436 1.288896
[7830, 0.552289, 1.0053741, 4.034369, 0.50138414] 2.9202516 0.7976734 0.91732544 1.3588673
[7831, 0.48308352, 0.98716515, 7.948414, 0.5239467] 2.5004988 0.99039143 0.98768395 1.152824
[7832, 0.42986986, 1.0360643, 6.9480133, 0.7441317] 2.5956511 1.0474321 0.9328868 1.2050622
[7833, 0.39573368, 1.0262866, 7.3316975, 0.42648304] 2.3556082 1.0129874 0.9912979 1.3004006
[7834, 0.48946756, 0.9993594, 6.332683, 0.45484105] 2.628585 1.1112033 0.93647146 1.1393449
[7835, 0.42920506, 1.0256195, 6.9544306, 0.54050875] 2.5943027 0.8243058 0.9695794 1.3174181
[7836, 0.4966672, 1.0105214, 6.035618, 0.57064086] 2.5708508 1.1009789 0.8784233 1.4791576
[7837, 0.4952502, 1.0006479, 6.78107, 0.68297106] 2.6018949 0.9615682 1.015665 1.2750477
[7838, 0.45150438, 1.0350595, 7.313669, 0.54858756] 2.5102003 1.0409101 0.8461479 1.2660806
[7839, 0.52632314, 0.97976124, 4.8943214, 0.4994781] 2.9845896 0.873621 0.9359174 0.9735894
[7840, 0.56296706, 1.0133488, 3.3685164, 0.82910895] 2.9147043 1.0527823 0.89118475 1.5200588
[7841, 0.5889529, 0.95881426, 5.794458, 0.72337276] 2.7052362 0.9022371 0.9875805 1.2492628
[7842, 0.5130401, 1.032606, 4.3916483, 0.59347135] 2.841133 1.0371487 0.9792646 1.198475
[7843, 0.45943, 1.0516121, 5.6295743, 0.61593527] 2.6588323 1.0387963 0.91797954 1.331855
[7844, 0.4548158, 1.0704094, 3.8688815, 0.5872639] 2.9052153 1.0118085 0.85098314 1.2871655
[7845, 0.45472574, 1.043233, 6.357369, 0.38636032] 2.5783548 0.92167264 1.0002816 1.2992178
[7846, 0.46839616, 1.0330876, 5.1019697, 0.45488313] 2.8110018 0.925859 0.96036744 1.2186011
[7847, 0.5338682, 0.97590023, 4.6888733, 0.53765064] 2.7675679 0.9843018 0.91122615 1.3342957
[7848, 0.5276669, 1.0002753, 4.1319733, 0.6169988] 2.8462036 0.9000138 0.933221 1.3094921
[7849, 0.41491535, 1.0728153, 5.866454, 0.5450033] 2.5845053 1.0149924 0.958631 1.3058543
[7850, 0.5597733, 0.971123, 5.2829766, 0.5231885] 2.8139477 0.9681085 0.9261681 1.1575657
[7851, 0.6017824, 0.9010142, 7.3450394, 0.4617116] 2.5127175 0.9666285 0.97485596 1.1691078
[7852, 0.4983627, 1.0121742, 6.9456944, 0.5319743] 2.5514271 1.1058788 0.9924914 1.1570199
[7853, 0.57376254, 0.9976192, 3.7874284, 0.5546981] 2.8380833 0.9244093 0.86136574 1.5997452
[7854, 0.37124202, 1.0453672, 7.2224574, 0.4273965] 2.2563825 1.0113269 1.0121623 1.4689913
[7855, 0.3894781, 1.023407, 7.2318807, 0.32233426] 2.1244295 1.1103227 1.131584 1.377542
[7856, 0.47194088, 0.99375993, 7.2134166, 0.47873178] 2.4306772 0.8994288 1.0893648 1.3364943
[7857, 0.54279625, 1.0054306, 3.984196, 0.60588247] 2.8549094 0.94906414 1.0016822 1.2616982
[7858, 0.36257282, 1.046205, 8.299209, 0.64502317] 2.470338 0.89240503 0.87589127 1.3033075
[7859, 0.46537882, 1.0059353, 8.929188, 0.47156048] 2.6694539 0.9516231 0.8770641 0.8579616
[7860, 0.49552506, 1.0401632, 3.4733212, 0.502428] 2.991782 0.8524011 1.0467882 1.1571002
[7861, 0.52040035, 1.0105761, 5.659778, 0.56020844] 2.6325207 1.0611978 0.9717556 1.3161016
[7862, 0.4546827, 1.0312772, 5.817695, 0.6107266] 2.6430595 1.046222 1.027533 1.1983397
[7863, 0.43120286, 1.0377249, 6.421735, 0.5384715] 2.752547 0.86642694 0.7792696 1.1976923
[7864, 0.46686018, 1.0425678, 4.256982, 0.57555485] 2.9471262 0.9631079 0.8583529 1.201632
[7865, 0.537681, 0.9999747, 4.75979, 0.5510352] 2.741762 0.9978685 1.1568176 1.1448362
[7866, 0.49829715, 1.0152824, 5.9364767, 0.6270206] 2.7715802 0.8828037 0.7480943 1.3548901
[7867, 0.45582834, 1.0484229, 5.0772734, 0.4767459] 2.6866693 0.98827785 0.99994516 1.3017323
[7868, 0.54926705, 1.0001292, 3.7794874, 0.50223315] 2.7186322 1.0489074 1.0369197 1.5065355
[7869, 0.41139966, 1.0371127, 6.6484513, 0.40240383] 2.466056 0.9872219 1.0470197 1.2672205
[7870, 0.47459382, 1.015626, 6.293868, 0.63468105] 2.460087 1.0237393 1.0122128 1.509797
[7871, 0.4698834, 1.0474831, 4.9860888, 0.5520251] 2.7653322 1.0058395 0.9880273 1.2029238
[7872, 0.44756797, 1.0201873, 6.2339134, 0.4369334] 2.653139 1.0994861 0.9429696 1.1162529
[7873, 0.44081232, 1.0752827, 3.5329592, 0.66127837] 2.977157 0.830063 0.8580431 1.447159
[7874, 0.46257892, 1.0437238, 6.3153844, 0.59359795] 2.8448296 0.9155515 0.71740824 1.1704501
[7875, 0.39725062, 1.0078856, 8.185465, 0.4115707] 2.3452976 1.0711218 0.9327269 1.1471791
[7876, 0.48280317, 1.0363336, 4.9512014, 0.5917739] 2.840831 0.87322754 0.7959338 1.373098
[7877, 0.44506216, 1.0239829, 7.135338, 0.4233933] 2.4187682 1.0130892 1.0058799 1.2805248
[7878, 0.5356609, 1.0245401, 4.1591444, 0.5881546] 2.9550881 1.0062085 0.9199721 1.0885649
[7879, 0.4446319, 1.028525, 7.3305774, 0.58796185] 2.6451223 0.9771117 1.0140122 0.9618025
[7880, 0.47353214, 1.029995, 5.8001986, 0.6386227] 2.7251 0.9778883 0.9446321 1.2432457
[7881, 0.45961782, 1.0294758, 6.0239887, 0.61315316] 2.7196686 0.9217296 0.9163743 1.2843142
[7882, 0.3918581, 1.0490268, 8.107358, 0.4947531] 2.3651724 0.89717805 1.0517945 1.3643932
[7883, 0.41141504, 1.0450803, 6.937675, 0.4959396] 2.4257505 0.93102336 1.1499395 1.2709907
[7884, 0.5085888, 0.99014854, 5.4721785, 0.53878045] 2.840663 0.8593382 0.9038925 1.164716
[7885, 0.44548494, 1.0228113, 6.851289, 0.47193682] 2.5780303 0.93366945 0.9184643 1.2280034
[7886, 0.55519086, 0.9884536, 4.5339875, 0.43467954] 2.9221687 0.99565685 0.9160608 1.078196
[7887, 0.45519707, 1.0363405, 5.9297156, 0.5853156] 2.7690065 0.8346019 0.955198 1.2397203
[7888, 0.47972178, 1.0256475, 5.291346, 0.4424864] 2.6737342 1.0702825 0.86982054 1.2707199
[7889, 0.4560408, 1.077716, 3.2911112, 0.41949344] 3.021295 0.83503073 0.8816489 1.3343279
[7890, 0.49409938, 1.0528663, 3.1660438, 0.54669493] 3.2318058 0.8652673 0.78186214 1.1280025
[7891, 0.47868347, 1.0265291, 6.302845, 0.48028532] 2.547985 0.9047272 0.9805307 1.4222277
[7892, 0.5096681, 1.0108237, 5.6866055, 0.45918757] 2.7027125 1.0172442 0.91192436 1.3105595
[7893, 0.66765994, 0.8635433, 5.323574, 0.5419725] 2.9104764 0.89697415 0.9664097 1.0182877
[7894, 0.49376363, 1.0306065, 4.9624815, 0.47790486] 2.761703 0.9104637 0.7779023 1.4531997
[7895, 0.4294746, 1.0534648, 6.733272, 0.52062416] 2.5926123 0.8680772 0.87200874 1.3854537
[7896, 0.51417375, 0.9956643, 6.2762685, 0.48268017] 2.497742 1.0808303 0.8752159 1.4891336
[7897, 0.51256967, 1.049333, 3.0887625, 0.5448816] 3.032561 0.9009006 1.0899906 1.2890859
[7898, 0.41194046, 1.0414888, 7.9217725, 0.5311986] 2.5465407 0.90467966 0.85968256 1.355131
[7899, 0.5535375, 0.98560435, 3.9539778, 0.72055805] 2.9672728 0.9670655 0.9445455 1.1427917
[7900, 0.48244402, 1.0009013, 5.5468698, 0.47567707] 2.591239 0.93461984 0.98694617 1.4570441
[7901, 0.54796165, 0.98009795, 5.350147, 0.40598533] 2.4122846 1.2453191 0.9955901 1.4226013
[7902, 0.45350116, 1.0156612, 6.8448987, 0.53049195] 2.6201012 0.84668994 0.9017332 1.2577481
[7903, 0.39662987, 1.1204419, 3.7451296, 0.53560877] 3.0245101 1.115523 0.825668 1.1437707
[7904, 0.4536716, 1.028368, 6.580533, 0.45650256] 2.409096 0.85708624 1.1561167 1.5180975
[7905, 0.44125798, 0.96562105, 6.757156, 0.3093103] 2.330221 1.1013625 0.99736285 1.0058331
[7906, 0.4491184, 1.0380524, 7.3619175, 0.4723188] 2.5413826 0.8504462 0.9315818 1.3378747
[7907, 0.48612043, 1.0087825, 5.980771, 0.6114458] 2.7671278 0.7826614 0.8363342 1.3600601
[7908, 0.48256028, 0.9429145, 7.3797855, 0.37926963] 2.2042942 0.9734672 1.0471392 1.3913524
[7909, 0.50567836, 0.8853246, 6.0501523, 0.24426845] 1.9397354 1.0320494 1.0212189 1.3308306
[7910, 0.48688805, 0.9380247, 7.69547, 0.43212748] 2.3004797 1.091268 0.93957543 1.2921618
[7911, 0.3748628, 1.003578, 6.942427, 0.35316512] 2.21348 1.0359035 1.0648463 1.28952
[7912, 0.38223946, 1.0284915, 7.9069242, 0.49188003] 2.4025552 0.95745105 1.0007808 1.1272218
[7913, 0.42257816, 1.049195, 6.2335277, 0.5543611] 2.465451 1.1648498 0.9398053 1.4332756
[7914, 0.42354888, 1.0093782, 7.6499, 0.41695932] 2.3868833 0.955583 0.9747418 1.3886935
[7915, 0.45387554, 1.0323894, 5.6914954, 0.45426938] 2.78561 0.89378285 0.8596144 1.2429967
[7916, 0.48080295, 1.0252188, 7.0923653, 0.61622757] 2.6242914 0.8181848 0.8884524 1.3553798
[7917, 0.5024003, 0.9901679, 6.5520744, 0.44588748] 2.4131918 0.8923295 1.1078302 1.512764
[7918, 0.539578, 1.0040737, 4.390542, 0.62601113] 2.757043 0.99136335 1.1145936 1.17648
[7919, 0.5495386, 0.9798901, 4.095452, 0.4504011] 2.998526 0.9706846 0.86621183 1.0567746
[7920, 0.4335274, 0.9910818, 7.503199, 0.4281872] 2.2926366 0.928206 0.9029158 1.4000193
[7921, 0.5168289, 0.9910239, 5.688556, 0.48082596] 2.6599205 1.0314928 0.9601754 1.2191614
[7922, 0.4394979, 1.0070738, 7.5015254, 0.4097525] 2.3150434 0.92425406 1.0685579 1.4518884
[7923, 0.4552829, 1.0122004, 5.5672626, 0.51759094] 2.7986302 0.7385884 0.925378 1.2720739
[7924, 0.49005273, 1.0362339, 4.625187, 0.70392275] 2.639288 0.9801951 1.114002 1.3414614
[7925, 0.45035487, 1.0439564, 6.4797516, 0.41768637] 2.5555649 0.95617825 1.062158 1.266081
[7926, 0.42309377, 1.056892, 6.295858, 0.5516818] 2.7158265 0.982432 0.9028639 1.1692301
[7927, 0.50458854, 0.97950625, 6.783783, 0.44238216] 2.1775153 1.2391372 1.0422957 1.4887516
[7928, 0.46327275, 1.0055847, 7.803912, 0.47032696] 2.444295 1.0716484 0.89091414 1.3112266
[7929, 0.48642385, 1.0239556, 5.7445993, 0.46353775] 2.7233174 0.93863946 0.8781916 1.1803719
[7930, 0.4518771, 0.9641876, 7.017376, 0.34001008] 2.4341881 0.9619903 1.05678 0.9762222
[7931, 0.50669706, 1.0428302, 4.3215866, 0.60770434] 2.779753 0.8407653 0.98101705 1.425836
[7932, 0.48266655, 1.0187954, 5.461671, 0.5318452] 2.6748686 0.9987389 0.9191564 1.3375875
[7933, 0.49571645, 1.0017306, 5.7375746, 0.51673317] 2.3657932 1.1879892 1.0435635 1.4898776
[7934, 0.4513634, 1.0351152, 6.7933097, 0.47902805] 2.295564 1.0439415 1.0996791 1.3709732
[7935, 0.4028133, 1.0104936, 7.8115582, 0.34911856] 2.3459978 0.7952495 1.108115 1.3298434
[7936, 0.5630756, 0.96228, 5.5694466, 0.5174887] 2.786636 1.0114936 0.8292259 1.0943823
[7937, 0.5905042, 0.93899673, 4.3714337, 0.5554282] 2.9127388 1.0402116 0.8939238 1.040587
[7938, 0.5801135, 0.93996835, 6.201662, 0.6430359] 2.5537746 1.1372511 1.0065647 1.1264584
[7939, 0.40680525, 1.0490367, 7.280408, 0.50242347] 2.2499459 1.0689176 1.0588088 1.4216224
[7940, 0.4521977, 1.0421228, 6.2025776, 0.54771644] 2.6737278 0.97509557 0.88878053 1.275379
[7941, 0.52364993, 0.98785555, 6.0327487, 0.4287317] 2.6961534 0.99243385 0.81388795 1.3358068
[7942, 0.46081647, 1.0164725, 7.311004, 0.47762036] 2.643086 1.003214 0.9209933 1.1203141
[7943, 0.44434202, 1.0131135, 6.5397177, 0.43214685] 2.6430712 0.8724158 0.84992886 1.274308
[7944, 0.5252375, 0.9995827, 5.1939454, 0.48669973] 2.5455875 1.1342342 1.0005592 1.4098353
[7945, 0.49897838, 1.0091559, 5.50282, 0.5765912] 2.6603923 0.982059 0.9538407 1.3194028
[7946, 0.4550889, 0.9873502, 7.3907213, 0.4491717] 2.3853593 1.0772232 1.0199846 1.2112565
[7947, 0.49526948, 0.9879568, 7.5293584, 0.6653284] 2.3351293 1.0277417 0.9961021 1.3235015
[7948, 0.48899075, 1.0657282, 3.2756298, 0.62880987] 3.139734 0.8993001 0.93425053 1.2515857
[7949, 0.48226407, 1.0356239, 4.986889, 0.5056887] 2.780268 1.0097858 0.9726484 1.1361474
[7950, 0.4877417, 1.0218117, 6.410294, 0.60203624] 2.6469264 0.9293634 0.8854184 1.3336002
[7951, 0.43583536, 1.033835, 7.029647, 0.47470358] 2.6774242 0.92455024 0.7928574 1.1787002
[7952, 0.4710689, 1.0050074, 7.6557374, 0.66198623] 2.4819987 0.9738087 0.9345015 1.2345233
[7953, 0.45380583, 1.0512913, 4.99598, 0.6278945] 2.8026395 0.89289784 0.8865335 1.3854449
[7954, 0.5614833, 0.9589561, 5.15262, 0.4418611] 2.950948 0.93598324 0.8546353 0.9882877
[7955, 0.5327487, 0.9747102, 5.2198167, 0.48100564] 2.595821 1.0506094 0.9862009 1.2895161
[7956, 0.4046421, 1.0145823, 8.221629, 0.44598538] 2.2638335 1.0783083 1.0105923 1.3023337
[7957, 0.556284, 0.85622454, 6.752902, 0.2871755] 2.2446125 0.92413485 0.85973233 1.3672298
[7958, 0.47120836, 0.9985983, 7.891053, 0.46400782] 2.5520992 0.9395411 0.9691714 1.0635391
[7959, 0.54779893, 0.9713348, 5.678029, 0.5348327] 2.8067155 0.8491594 0.8800354 1.2690332
[7960, 0.48956394, 1.015567, 5.1380825, 0.5896708] 2.845569 1.0202924 0.9133879 1.0897146
[7961, 0.40254745, 1.0367962, 6.635606, 0.433018] 2.5344746 1.083931 0.86186063 1.123371
[7962, 0.46622336, 1.0485743, 3.6519217, 0.60952526] 3.0297952 0.95827377 0.9342865 1.2095395
[7963, 0.4736794, 1.0123565, 6.980972, 0.58136857] 2.3723145 1.0113734 1.0191712 1.4233694
[7964, 0.53024405, 1.0113509, 3.9816024, 0.8505348] 3.0195677 1.008438 0.8073537 1.0043491
[7965, 0.38068882, 1.0456817, 7.1309347, 0.47178972] 2.3710973 1.0738472 0.9583193 1.3177085
[7966, 0.46928146, 1.0236535, 6.4740534, 0.44260576] 2.4597926 0.87023115 1.2312689 1.3103578
[7967, 0.5349792, 1.0049436, 4.7459016, 0.54514474] 2.9172924 0.80617785 0.95837814 1.2367492
[7968, 0.51354295, 0.9866083, 7.283613, 0.5334104] 2.5300272 1.0356005 0.85049486 1.2583239
[7969, 0.54728156, 1.0017923, 4.9330387, 0.6005599] 2.9265032 0.9389905 0.99286884 1.0516899
[7970, 0.4640701, 1.0205926, 7.3131065, 0.5928646] 2.4692004 1.0414143 0.81223506 1.4214875
[7971, 0.533338, 1.029571, 3.901078, 0.5082576] 2.83548 1.0268279 0.8998926 1.3784926
[7972, 0.4543298, 1.0498049, 4.456308, 0.5063356] 2.7835658 1.0511556 0.98922735 1.2118363
[7973, 0.46234706, 0.9610649, 7.01622, 0.27491635] 2.1637013 0.93201065 0.9812179 1.3985479
[7974, 0.56020314, 0.9683341, 4.9679265, 0.5846766] 2.880406 0.8714949 0.8954502 1.1931536
[7975, 0.48683265, 1.0056694, 5.786699, 0.5381312] 2.6804764 1.0917822 0.8553709 1.2291154
[7976, 0.46111465, 1.0132226, 7.238842, 0.53787714] 2.4242473 1.0604483 0.99572456 1.2749462
[7977, 0.46777555, 0.97010434, 6.9660597, 0.34033686] 2.200951 0.93610096 1.1264477 1.2011614
[7978, 0.4297938, 1.0206698, 7.616744, 0.5661656] 2.5019262 0.97467315 0.8731237 1.2916123
[7979, 0.44319567, 1.0344093, 6.6724253, 0.45378143] 2.5527947 0.98904955 0.9889412 1.2977881
[7980, 0.52064234, 1.0158346, 4.305141, 0.6059141] 2.8205383 0.78745985 0.9929229 1.4243712
[7981, 0.4420448, 1.0448265, 6.209479, 0.5113928] 2.522088 0.956867 0.9573655 1.4631419
[7982, 0.46625376, 1.0358655, 5.9789696, 0.7024194] 2.690906 0.9489003 0.8883001 1.2994756
[7983, 0.48512745, 0.99657744, 6.774157, 0.3830865] 2.4202404 0.9789336 1.0445831 1.3374652
[7984, 0.40570718, 1.0860207, 3.1848211, 0.5765501] 3.1494172 0.81102747 0.9004626 1.2708942
[7985, 0.49479747, 0.97900444, 6.704209, 0.41618872] 2.5472708 1.0300653 0.8359656 1.2644141
[7986, 0.47176123, 1.0617437, 3.8552632, 0.60240525] 3.0383468 0.810237 0.87959635 1.3721085
[7987, 0.53391963, 0.9874858, 4.6619883, 0.4740218] 2.6501782 0.97755265 1.0338737 1.4508883
[7988, 0.4571116, 1.0254773, 6.0118527, 0.5044221] 2.6855588 0.9451242 1.0396938 1.1595345
[7989, 0.483457, 1.0226418, 6.3386593, 0.526135] 2.5385263 1.0603234 0.97009665 1.2972757
[7990, 0.49619144, 1.0049406, 4.9399686, 0.43405002] 2.747465 0.9622113 1.0536821 1.1754026
[7991, 0.5186237, 1.029326, 3.3349278, 0.50885606] 2.8796656 0.8806341 0.9572148 1.5667741
[7992, 0.35247576, 1.0409608, 7.217991, 0.4054141] 2.327032 1.0557199 1.0457485 1.2665001
[7993, 0.4646116, 0.9862095, 7.846737, 0.4880684] 2.4532466 0.9368287 0.92865276 1.2841192
[7994, 0.50329953, 1.0089824, 4.971262, 0.4833717] 2.7823255 1.0143298 0.827537 1.3123317
[7995, 0.516025, 0.9879612, 4.897383, 0.4981395] 2.7888653 1.0100912 1.0403639 1.1220341
[7996, 0.5254896, 0.8723431, 5.4129405, 0.24100174] 2.003371 0.8980283 1.0408633 1.5196213
[7997, 0.43676007, 1.0427252, 6.6478405, 0.43453538] 2.5398347 1.0850946 0.89144886 1.2379936
[7998, 0.54341376, 1.0152344, 4.4591503, 0.5931677] 2.755443 0.91030985 0.894365 1.5240641
[7999, 0.5289881, 1.0057325, 3.594796, 0.5512084] 2.9081125 0.9618272 1.0118506 1.3020788
[8000, 0.4713206, 0.9799128, 7.5180326, 0.3928606] 2.3226752 1.0504764 0.9843275 1.2386374
[8001, 0.4686559, 1.0056711, 8.178696, 0.6662125] 2.5897908 0.9563259 0.9612047 1.0471847
[8002, 0.47464904, 1.0125167, 5.475631, 0.5826267] 2.7201524 1.0376328 0.8652816 1.3188275
[8003, 0.64481723, 0.93092084, 3.9489403, 0.5491378] 2.9537485 0.9707858 0.94948506 1.1198952
[8004, 0.41681296, 1.0557213, 5.647946, 0.48456496] 2.7112415 1.0805384 0.927902 1.1449634
[8005, 0.4727587, 1.0117239, 7.7203317, 0.5425566] 2.5218263 1.018444 1.057552 1.142055
[8006, 0.4428402, 1.0207995, 7.9774766, 0.5410995] 2.4787734 0.988735 0.8979067 1.2651253
[8007, 0.41741046, 1.0248443, 6.651679, 0.5361153] 2.600296 1.0158767 0.8737307 1.2747605
[8008, 0.47524512, 1.0089761, 6.4518175, 0.6417305] 2.7096536 0.9577695 0.86045986 1.2529318
[8009, 0.5035849, 1.0214216, 4.671113, 0.48201275] 2.7363405 1.0215285 0.84855753 1.4697192
[8010, 0.44835216, 1.054635, 4.9931936, 0.79107046] 2.8642857 1.0162561 0.86445695 1.1680865
[8011, 0.46749908, 1.044541, 6.5872774, 0.64384526] 2.5993905 1.0675454 0.88289356 1.318899
[8012, 0.5517499, 1.0003257, 3.9769526, 0.51212245] 2.7444143 1.0049367 0.91593134 1.5087625
[8013, 0.51618147, 1.0224564, 4.462427, 0.6586857] 2.84222 1.0014337 0.8990026 1.3187672
[8014, 0.5282303, 0.99331176, 6.217083, 0.5958681] 2.6221488 1.1443682 0.92974484 1.2278937
[8015, 0.48772874, 1.032231, 5.785892, 0.5499573] 2.75367 0.98000133 0.93190217 1.1717279
[8016, 0.42993072, 1.0490237, 6.4667287, 0.51401776] 2.5898187 1.079 0.99553293 1.1369339
[8017, 0.499495, 1.014605, 4.980184, 0.486239] 2.6578224 1.0072372 0.7953618 1.5027678
[8018, 0.47969824, 1.0703213, 3.4326417, 0.6440248] 3.0742528 0.98499936 0.95977 1.1551071
[8019, 0.5206376, 1.0013486, 4.4607096, 0.52814066] 2.7244515 0.98440146 1.0189005 1.3660871
[8020, 0.50501204, 1.0293281, 5.030907, 0.45269132] 2.7927818 0.9780695 0.7624994 1.3440584
[8021, 0.52019036, 1.0158983, 4.001304, 0.5743582] 3.0494554 0.7365083 0.91966087 1.2441396
[8022, 0.47937292, 1.0227785, 4.9975266, 0.5577289] 2.833877 0.9233288 1.0094792 1.160458
[8023, 0.48610505, 1.0294102, 5.1781735, 0.52781063] 2.7429526 1.0097604 0.8955662 1.2025372
[8024, 0.4461697, 1.0176848, 6.734526, 0.4496952] 2.4400012 0.9028318 1.0301751 1.4104109
[8025, 0.4440599, 1.0367283, 6.9810486, 0.59918255] 2.588944 0.9768807 0.95399195 1.2127234
[8026, 0.48226452, 0.93655246, 6.903884, 0.34415007] 2.1631358 0.9679078 1.0824975 1.2947675
[8027, 0.4598849, 1.0076721, 7.8494244, 0.44069996] 2.5529907 0.85249174 1.0067071 1.1196135
[8028, 0.4114463, 1.0370438, 7.231106, 0.45235854] 2.6314213 0.87316847 0.7960628 1.1725478
[8029, 0.52322114, 0.97072136, 5.748915, 0.46565002] 2.7155726 1.0354271 0.9587497 1.0907093
[8030, 0.47648698, 1.0520496, 4.4769793, 0.60166335] 3.0921123 0.7434611 0.78289866 1.1982914
[8031, 0.47960594, 0.9681611, 8.083071, 0.51394093] 2.3383064 1.0706546 0.9473423 1.2467698
[8032, 0.51453465, 1.0040895, 4.6300573, 0.5884549] 2.7168577 1.0928347 1.0345232 1.2595756
[8033, 0.48870984, 1.0023448, 7.167377, 0.65898526] 2.7102606 1.0028994 0.8612184 0.9829237
[8034, 0.52024406, 0.94494385, 7.1088324, 0.41812015] 2.3253176 0.9849798 1.0537028 1.2138038
[8035, 0.44459534, 1.0546407, 7.537876, 0.76370823] 2.3829443 1.0812253 1.0487396 1.3911054
[8036, 0.54944336, 0.98963135, 5.817056, 0.55424595] 2.5094855 1.0077114 1.0635188 1.5184096
[8037, 0.575447, 0.96240395, 6.235765, 0.5700536] 2.6025946 1.0995997 0.9553589 1.2074778
[8038, 0.5131865, 0.9975094, 6.148481, 0.44879884] 2.340936 1.0525109 1.0881623 1.5559692
[8039, 0.5373099, 1.015638, 3.6699672, 0.5861507] 3.0789704 0.845669 0.9098776 1.1794423
[8040, 0.45509368, 0.9936888, 9.105172, 0.48171532] 2.4107232 1.0049001 0.9473432 1.1654027
[8041, 0.5126999, 1.0290402, 4.6772127, 0.5521267] 2.902647 0.9721803 0.94677854 1.1845725
[8042, 0.47573712, 1.020312, 6.1118126, 0.61597425] 2.7809403 0.93787724 0.7437422 1.2793406
[8043, 0.4798807, 1.014054, 7.2882133, 0.5327577] 2.322789 1.022207 0.9633044 1.5466245
[8044, 0.5670507, 0.9520136, 5.3648043, 0.5075541] 2.681626 0.7893592 1.0886687 1.2194383
[8045, 0.4645205, 1.0131894, 6.5893984, 0.59156764] 2.4577084 0.9270503 0.9920307 1.4335384
[8046, 0.41499233, 1.048457, 6.398385, 0.51371646] 2.643046 0.9142687 1.0173237 1.1061766
[8047, 0.55578333, 0.9897984, 4.321795, 0.5033601] 2.8821025 0.9249693 1.0131191 1.2014067
[8048, 0.42395827, 1.0294443, 6.8139825, 0.44012636] 2.6261513 0.8396295 0.9005679 1.1243078
[8049, 0.4051637, 1.0679545, 5.8304596, 0.5822902] 2.8100812 0.9504343 0.74943817 1.2697883
[8050, 0.47063333, 1.0195814, 6.258674, 0.37528118] 2.4155161 0.9515763 1.0512125 1.4362402
[8051, 0.42024487, 0.98982954, 8.175673, 0.44810057] 2.3039439 0.9348601 0.9886174 1.35077
[8052, 0.55825764, 0.98838764, 4.2515078, 0.5986223] 2.9106605 0.99306166 0.90582097 1.1949334
[8053, 0.44771585, 1.0036973, 7.3202114, 0.33745292] 2.4221246 0.98207104 1.0234935 1.1322504
[8054, 0.47159368, 1.0049002, 7.589103, 0.4423018] 2.5446136 1.0488894 0.904409 1.1961222
[8055, 0.44819131, 1.0346574, 6.4598413, 0.5496918] 2.6856751 0.8635557 0.92829293 1.3059348
[8056, 0.51355934, 1.0399222, 3.3297424, 0.65013] 2.9546719 0.9904858 0.96352637 1.3399388
[8057, 0.43630275, 0.98598516, 6.84814, 0.3875592] 2.2190368 0.92121124 1.1142937 1.3054374
[8058, 0.4586025, 1.030957, 7.1920433, 0.64464766] 2.6793659 0.8240877 0.9388314 1.2130232
[8059, 0.5097223, 0.9820767, 6.5182524, 0.45201558] 2.4332209 0.9952276 1.0932927 1.3427883
[8060, 0.44135803, 1.0570338, 5.7082305, 0.52062875] 2.7800603 0.90613514 0.91517866 1.1594133
[8061, 0.4939419, 1.0170674, 6.038314, 0.6792749] 2.628838 0.9635444 1.0705767 1.2737933
[8062, 0.50626993, 1.0544286, 3.8067918, 0.49921456] 3.0528305 0.9786543 0.837644 1.1138552
[8063, 0.40616152, 1.0772644, 5.756208, 0.63678527] 2.7413602 0.9367085 0.8562644 1.2715124
[8064, 0.44154465, 1.0144833, 7.154044, 0.6868451] 2.5656202 1.095384 0.987492 1.0600827
[8065, 0.48901552, 1.0217658, 6.4939785, 0.56253654] 2.678817 0.83767194 0.9762193 1.2172362
[8066, 0.53557974, 0.99173534, 5.7061796, 0.53553206] 2.7440782 1.07715 0.9724468 1.0849797
[8067, 0.37885928, 1.021113, 8.072821, 0.45303464] 2.3627586 0.9190102 0.8684788 1.2703488
[8068, 0.554705, 1.0035067, 3.7686422, 0.76008415] 3.1040096 0.8986807 0.9406611 1.0968149
[8069, 0.3227002, 1.0892429, 6.3499856, 0.45018688] 2.5546696 1.0557598 0.97255707 1.2074598
[8070, 0.42175606, 1.0567334, 4.563516, 0.46847346] 2.8135169 1.0266378 0.9183239 1.1427665
[8071, 0.5162915, 1.0011613, 5.8808136, 0.60938054] 2.6172602 1.1010667 0.91074634 1.2569442
[8072, 0.42488277, 1.034788, 7.306417, 0.5290195] 2.4406185 0.980244 0.9535324 1.369671
[8073, 0.44030306, 1.0397155, 6.9861636, 0.50628227] 2.58142 0.9558304 0.9307784 1.2705524
[8074, 0.40560478, 1.0427552, 7.2610383, 0.50925404] 2.6016843 0.94339615 0.81138283 1.2444017
[8075, 0.4576726, 0.9736265, 7.8253913, 0.5344258] 2.4130728 1.1603292 0.9378719 1.0761224
[8076, 0.45920506, 1.018239, 7.2033334, 0.45878136] 2.4323277 0.9074614 1.0990402 1.3144855
[8077, 0.48690274, 0.91443986, 6.263976, 0.2615582] 2.1354115 1.0344914 0.9068873 1.4203649
[8078, 0.5292706, 1.0201188, 5.086392, 0.5648793] 2.8253236 1.0994421 0.8845938 1.1417859
[8079, 0.46158043, 1.036254, 5.931382, 0.63839334] 2.632922 1.0380795 0.82191044 1.43079
[8080, 0.5025536, 0.99441344, 5.8425336, 0.54737014] 2.6225748 0.9812889 1.0075537 1.3000734
[8081, 0.32840967, 1.0897878, 6.234485, 0.528408] 2.6214728 1.0610831 0.93334913 1.1639184
[8082, 0.4589213, 1.0307008, 6.0931726, 0.46470335] 2.763797 0.8092341 0.86470765 1.244175
[8083, 0.4970257, 1.0248425, 5.070783, 0.486481] 2.5698943 1.0850121 1.0520749 1.4651709
[8084, 0.43207535, 1.0342549, 6.845598, 0.4883961] 2.5626159 0.9609675 0.9498269 1.2695379
[8085, 0.5018777, 1.0141098, 4.658381, 0.5874274] 2.7888186 0.9361466 0.9735244 1.2589673
[8086, 0.5649809, 0.97461253, 4.4082055, 0.5495572] 2.8074281 0.8904111 1.0054027 1.2824932
[8087, 0.3834413, 1.0023674, 7.437523, 0.36588818] 2.3841598 0.97178614 0.9948213 1.1694778
[8088, 0.52582663, 1.003132, 4.6518784, 0.516944] 2.7987642 0.9323886 0.88169307 1.441081
[8089, 0.45948508, 1.0269767, 6.138082, 0.51573336] 2.5874715 0.9588115 0.86029714 1.4346465
[8090, 0.56771255, 0.947584, 6.134172, 0.49088013] 2.487096 0.9649938 1.0131966 1.5213971
[8091, 0.42393547, 1.0117542, 7.608538, 0.36593065] 2.3261886 1.0040656 1.0294112 1.2314808
[8092, 0.52862763, 1.0243108, 4.0431643, 0.49558184] 2.8216867 0.89759094 0.998112 1.4158105
[8093, 0.46134794, 1.0415243, 5.819286, 0.49814907] 2.6148014 0.9788354 0.93084544 1.4301263
[8094, 0.55742055, 0.9909379, 4.3325553, 0.43835393] 2.9482887 0.8934301 0.86625254 1.2465568
[8095, 0.358373, 1.0633795, 7.2244854, 0.5156979] 2.5742655 0.8349764 0.95605886 1.2327226
[8096, 0.4291581, 1.0087227, 7.9437733, 0.5494086] 2.4184792 0.975152 0.9866703 1.2740686
[8097, 0.5754126, 0.94403976, 6.27399, 0.52738684] 2.638768 0.9807931 0.95625734 1.1663804
[8098, 0.547459, 0.9678014, 4.645727, 0.5338708] 2.8085048 1.020126 0.98961556 1.1768202
[8099, 0.47732124, 1.0682956, 3.2300618, 0.6111763] 3.133687 0.90854424 0.7815277 1.3296072
[8100, 0.4691333, 1.0552146, 5.571901, 0.6073838] 2.6301906 1.0119245 0.9946866 1.3296936
[8101, 0.5364064, 0.9882855, 4.3530765, 0.5253442] 2.8640242 1.0274082 0.9866392 1.0908227
[8102, 0.51647925, 0.96992713, 6.21509, 0.55308926] 2.6214712 0.91166663 0.9947729 1.3307219
[8103, 0.45780006, 0.9158907, 5.7348466, 0.2517346] 2.0733137 0.9816395 1.1632092 1.2636172
[8104, 0.3743693, 1.1660709, 2.8029687, 0.6236267] 3.1279676 0.93940693 0.95016503 1.330909
[8105, 0.4063225, 1.0642207, 6.2761235, 0.49252036] 2.6371722 0.84385824 0.9681322 1.2682062
[8106, 0.47651717, 1.0311984, 5.44235, 0.57742226] 2.876863 0.8491562 0.88143206 1.1885415
[8107, 0.54300565, 0.947057, 7.0751257, 0.4925941] 2.4895627 0.98222345 0.90052724 1.2113338
[8108, 0.44503632, 1.043105, 7.1420393, 0.69225115] 2.5834298 0.8971188 0.84150505 1.3084468
[8109, 0.630062, 0.92896825, 5.0193715, 0.5026674] 2.7599702 0.95214725 0.9428648 1.2980616
[8110, 0.45635352, 1.0249019, 4.6923175, 0.507755] 2.7221825 0.8994698 1.0683078 1.2499955
[8111, 0.4483986, 1.0485308, 5.499125, 0.6613952] 2.7215285 0.9591821 0.92927456 1.3390013
[8112, 0.47207084, 1.012222, 6.8792706, 0.45573756] 2.4261258 1.032547 0.9326324 1.4495878
[8113, 0.5325659, 1.0008384, 5.2820563, 0.60764134] 2.8649304 0.9770065 0.9348872 1.045481
[8114, 0.5022612, 1.0022656, 5.9601116, 0.425786] 2.7532506 0.9011264 0.95781755 1.1518991
[8115, 0.45344177, 0.99544805, 6.9816847, 0.41031465] 2.5326996 1.0073328 0.9422698 1.1980668
[8116, 0.531822, 1.0051903, 4.409431, 0.6604828] 2.9428248 1.032111 0.8152215 1.1523929
[8117, 0.4193102, 1.0371739, 7.94509, 0.610633] 2.6051118 0.9173457 0.82170516 1.1820754
[8118, 0.4278658, 1.0565494, 5.37006, 0.5318285] 2.7011478 0.8798947 1.017981 1.2907063
[8119, 0.43423557, 1.056927, 6.562114, 0.58860916] 2.78803 0.8647368 0.90552604 1.1124226
[8120, 0.46541876, 0.9883075, 7.0584035, 0.48682144] 2.2899184 1.0145473 0.9740204 1.4920447
[8121, 0.47967327, 1.0689379, 3.304856, 0.60552233] 2.9624307 1.0148354 0.91964895 1.3736937
[8122, 0.43753907, 1.1062157, 3.0031412, 0.913345] 3.296059 0.8490228 0.8895977 1.0806233
[8123, 0.53584987, 0.9878778, 5.2245502, 0.5015538] 2.6677725 1.1321645 0.94915414 1.2517568
[8124, 0.44319087, 1.0266023, 6.672147, 0.47981644] 2.6344855 0.9003313 0.9953193 1.2007464
[8125, 0.41546056, 1.062218, 7.6483836, 0.43101227] 2.4314845 0.8169254 1.0212656 1.427507
[8126, 0.49363977, 0.98980033, 7.7607255, 0.52306235] 2.5740871 0.8575799 0.7679985 1.3685116
[8127, 0.43210185, 1.0857942, 3.7801585, 0.44538772] 2.9094708 0.7999323 0.95438695 1.3972518
[8128, 0.5135687, 0.98973584, 7.9526386, 0.5433038] 2.633435 0.8140483 0.93818915 1.1250744
[8129, 0.4101529, 1.0489868, 6.9819565, 0.46220535] 2.5319526 0.9450005 0.9161507 1.247082
[8130, 0.47768265, 1.0254344, 5.777261, 0.51576185] 2.5668457 1.0391073 0.9357873 1.415692
[8131, 0.48237538, 1.0359602, 6.365389, 0.5902283] 2.7429955 0.98721474 0.81264675 1.2115636
[8132, 0.5422917, 0.99572945, 5.113906, 0.55058473] 2.8963027 0.8981534 0.9820191 1.0863122
[8133, 0.4720536, 1.0620296, 3.3490489, 0.45813122] 3.001056 0.94624233 0.83478326 1.3120816
[8134, 0.43702495, 1.0360174, 7.092877, 0.5779505] 2.4679027 1.0331419 1.019047 1.2940489
[8135, 0.52914715, 1.0480874, 4.027128, 0.6275812] 2.9974916 1.0575892 0.87242365 1.1852707
[8136, 0.49567723, 1.0099931, 6.209423, 0.5616262] 2.6282134 0.98201656 0.89268094 1.3468274
[8137, 0.42912203, 1.0555575, 7.5692153, 0.54806864] 2.5691886 0.90168977 0.9113206 1.2381268
[8138, 0.5099218, 1.0099132, 5.03006, 0.8261768] 2.707908 1.1133324 0.9807235 1.2876451
[8139, 0.52963805, 1.0230561, 3.4483252, 0.5576259] 2.9199684 0.94374347 0.94277394 1.3736113
[8140, 0.50737405, 1.0061401, 5.9983063, 0.6038442] 2.6075387 1.0426223 1.0699279 1.2057856
[8141, 0.46371314, 1.0109872, 6.4858255, 0.40392178] 2.5400493 0.94113296 0.9560621 1.2692827
[8142, 0.4556057, 1.040054, 6.9027543, 0.5902055] 2.7316654 0.94909734 0.84126604 1.1494745
[8143, 0.39490905, 1.0240663, 7.6416225, 0.5247998] 2.3718195 0.93931115 1.0247009 1.3122157
[8144, 0.3936116, 1.050784, 7.6991973, 0.5299997] 2.4649775 1.0546628 0.96797913 1.2415514
[8145, 0.51442015, 1.0179437, 5.0052133, 0.48727128] 2.779626 0.96257883 0.94510585 1.2513788
[8146, 0.44699126, 1.0680099, 6.2620096, 0.63385445] 2.5037785 1.0858469 0.963853 1.3304254
[8147, 0.40164536, 1.0396667, 7.055828, 0.3960326] 2.4994476 1.1046158 0.90616447 1.1195114
[8148, 0.4317711, 1.0202768, 7.446597, 0.52113837] 2.5185852 0.93802357 1.002844 1.1757311
[8149, 0.52576506, 0.9953526, 5.840824, 0.76132995] 2.6298723 0.78180337 1.0573703 1.3592893
[8150, 0.35250175, 1.1441363, 3.0264301, 0.5530131] 3.2219675 0.79884416 0.9172766 1.1633672
[8151, 0.4919797, 1.0237579, 7.066095, 0.5381262] 2.4078348 0.8588202 0.98454094 1.6708033
[8152, 0.49505168, 0.89419425, 5.4840727, 0.26102954] 2.183686 0.865579 1.0413517 1.2719378
[8153, 0.46874374, 1.025482, 5.49593, 0.49089342] 2.7261744 0.9736408 0.82216346 1.3216157
[8154, 0.5269641, 1.0043771, 5.263032, 0.5763447] 2.8798106 0.8593665 0.882706 1.1944014
[8155, 0.29095894, 1.0931529, 8.546947, 0.4831541] 2.4352803 0.88355607 1.0765071 1.199144
[8156, 0.39711714, 1.0238849, 7.4909225, 0.37884536] 2.2457862 1.0608892 1.0532714 1.3292485
[8157, 0.47388047, 1.0591112, 4.480631, 0.4752083] 2.9459345 0.8890644 0.8265297 1.1815059
[8158, 0.4664139, 1.024866, 6.659132, 0.46694708] 2.6149194 0.94136786 0.87825763 1.2351011
[8159, 0.45179516, 1.0083225, 6.100941, 0.4543455] 2.5741558 0.898201 1.0230212 1.3174716
[8160, 0.48380128, 1.033188, 7.059288, 0.73196334] 2.5753427 1.0125564 0.8881257 1.2862118
[8161, 0.49370322, 0.9557755, 7.1327868, 0.35537294] 2.1540213 1.0628475 0.94 1.4407768
[8162, 0.41414237, 1.0335841, 6.6955013, 0.36828104] 2.7423682 0.8433089 0.72788835 1.2233835
[8163, 0.54299706, 1.0147629, 4.020481, 0.4815175] 2.9456544 0.86282355 0.95524734 1.2212038
[8164, 0.48217776, 1.0078444, 6.5370092, 0.43183094] 2.7664423 0.93926364 0.84032816 1.0523052
[8165, 0.46316043, 1.0145286, 7.667699, 0.4498009] 2.6860948 0.9666284 0.9800498 0.97862166
[8166, 0.40977105, 1.0468909, 7.0874, 0.43576744] 2.6873333 0.92212254 0.7272723 1.2114365
[8167, 0.49635765, 0.9934701, 6.629389, 0.36603862] 2.3834443 0.9517007 0.9514293 1.51432
[8168, 0.3977637, 1.035337, 7.079007, 0.34004736] 2.4307485 0.88290024 0.9886967 1.2651529
[8169, 0.39972538, 0.99931735, 6.921035, 0.3042404] 2.2331328 0.8674528 1.0601804 1.3137499
[8170, 0.4871734, 1.0383514, 4.0141854, 0.4159364] 2.9807315 0.9187911 0.9386377 1.1274371
[8171, 0.57621145, 0.9698401, 4.171321, 0.41042468] 2.9586797 0.858121 0.9716804 1.205907
[8172, 0.5289172, 1.0183496, 4.107358, 0.5240847] 2.8916702 0.8482809 0.9531474 1.3285229
[8173, 0.5164497, 1.0335143, 3.5074456, 0.5172864] 2.888282 1.0474304 0.900315 1.2391597
[8174, 0.6077325, 0.943626, 3.996242, 0.54382414] 2.8489306 0.93145186 0.8558186 1.5290858
[8175, 0.42394042, 1.0462554, 5.5935173, 0.44368178] 2.6313415 1.0323875 0.9193311 1.2669822
[8176, 0.5076854, 1.0129992, 5.955018, 0.5197294] 2.604564 1.0982032 0.9841817 1.2701628
[8177, 0.5473428, 0.98160034, 6.0721335, 0.59026986] 2.7189345 0.9610209 0.9981425 1.2125088
[8178, 0.5019955, 0.9983095, 6.807311, 0.5610937] 2.547582 0.99492544 1.0010471 1.2925487
[8179, 0.509955, 1.0052909, 4.4530745, 0.5832027] 2.7217507 1.04183 0.9602654 1.3745985
[8180, 0.4199313, 1.0593742, 5.68844, 0.8007952] 2.5297766 1.1360815 0.8920686 1.394781
[8181, 0.42265466, 0.980854, 6.9650817, 0.4027573] 2.217065 1.0247422 1.0308447 1.3260857
[8182, 0.42906806, 1.0277847, 6.844935, 0.38922098] 2.3153455 1.0402417 0.9880054 1.4255993
[8183, 0.4857532, 1.0057889, 6.1604133, 0.51254183] 2.6177936 1.0778227 0.9835224 1.1834191
[8184, 0.45385885, 1.0235972, 7.562458, 0.5379484] 2.4835289 1.0500785 0.9868878 1.2346138
[8185, 0.5355462, 0.9988839, 4.7109594, 0.54817754] 2.941686 0.9410068 0.873049 1.1183648
[8186, 0.39715323, 1.0243518, 7.9654465, 0.5584552] 2.251682 1.1637069 0.98293513 1.3352609
[8187, 0.48349845, 1.0193565, 4.841649, 0.56318885] 2.758485 1.023091 0.8762814 1.2292495
[8188, 0.5227423, 1.0072052, 4.486377, 0.4131183] 2.847992 1.0215924 0.85628146 1.2238343
[8189, 0.47253886, 1.033479, 6.1556673, 0.61066014] 2.6010275 0.9300179 0.9359089 1.4862089
[8190, 0.4315017, 1.0527879, 6.3761497, 0.51626414] 2.605136 0.8911656 1.0115949 1.2846128
[8191, 0.5003997, 1.0298644, 3.9406974, 0.4460685] 3.0188832 0.7861418 0.9381501 1.185968
[8192, 0.55373275, 0.9693051, 6.3739505, 0.51157963] 2.5059905 0.93275696 0.86305124 1.574066
[8193, 0.46941894, 1.0593361, 4.068745, 0.48332757] 2.907373 0.9074837 0.8296653 1.2925898
[8194, 0.48569453, 1.0081466, 7.1119857, 0.4721411] 2.5695589 0.8599657 0.953955 1.2910837
[8195, 0.46951336, 1.0137589, 6.958574, 0.52533484] 2.7070317 0.7832519 0.9817141 1.0830705
[8196, 0.55921847, 0.9611452, 5.3592577, 0.5357996] 2.5583255 1.0473324 1.0109979 1.3435715
[8197, 0.5125737, 1.0039401, 6.709919, 0.5256563] 2.520593 0.94271064 0.9988464 1.4597065
[8198, 0.52404976, 1.0201596, 3.9884143, 0.64272803] 2.9641705 0.9385225 0.9011906 1.2202425
[8199, 0.40259114, 1.0476123, 6.627326, 0.5130651] 2.6164372 0.9565263 0.89612985 1.219647
[8200, 0.5702968, 0.98361, 4.0771236, 0.42058033] 3.080181 0.9617609 0.84453446 1.03925
[8201, 0.5557181, 0.972619, 5.104029, 0.516846] 2.8194563 0.8844193 0.8502296 1.2833333
[8202, 0.5667374, 0.9710658, 5.043612, 0.5794633] 2.847076 0.816613 0.84640074 1.4247854
[8203, 0.41148692, 1.0274743, 8.013971, 0.5410219] 2.599554 0.9555998 0.9864568 0.98627836
[8204, 0.5019776, 0.9177554, 6.6226563, 0.31850463] 2.1716866 0.9227268 0.980432 1.3760674
[8205, 0.4327268, 1.0482794, 7.232914, 0.7504828] 2.612745 0.93207973 0.9000104 1.2319509
[8206, 0.46324265, 1.0044758, 6.9253507, 0.35280892] 2.4471958 0.9043006 1.0411218 1.4034985
[8207, 0.41107854, 1.0164598, 7.6336412, 0.5841506] 2.4770513 0.90282685 0.9137692 1.2390065
[8208, 0.42229596, 1.0134947, 7.8728333, 0.3852629] 2.4774933 0.87353146 0.9659754 1.1559331
[8209, 0.5485836, 0.98212695, 5.3033485, 0.64968795] 2.606656 1.1027719 0.98819584 1.3998963
[8210, 0.39020258, 1.0353099, 7.092245, 0.50856924] 2.4956963 1.032554 0.9461068 1.2378055
[8211, 0.4614627, 1.031378, 5.2692018, 0.71141034] 2.858675 0.96527183 0.82685596 1.1891484
[8212, 0.4316208, 1.0476996, 6.630665, 0.40047672] 2.652962 0.896723 0.9995895 1.1164874
[8213, 0.5677931, 0.9497867, 5.562449, 0.6065739] 2.7477508 1.0197155 1.1068773 0.92083144
[8214, 0.51476383, 1.003649, 5.8453813, 0.6058955] 2.6335654 0.8528824 0.90066403 1.4149171
[8215, 0.52858883, 0.90312207, 6.450132, 0.2852354] 2.1472547 0.9450916 1.110196 1.4187168
[8216, 0.5203188, 0.9892605, 4.5955453, 0.50310236] 2.9107215 0.80071044 0.834674 1.3852303
[8217, 0.49835104, 0.9939142, 6.694375, 0.5303378] 2.4725566 0.9749005 0.8717122 1.5746574
[8218, 0.4578758, 0.97734654, 7.5568924, 0.35833102] 2.2425165 0.91814363 0.9982251 1.3418262
[8219, 0.55854684, 0.9623988, 4.524004, 0.5953762] 2.9287653 0.94508034 0.8996925 1.0107942
[8220, 0.57149714, 0.97973984, 4.299171, 0.50849164] 2.8359883 1.0014819 0.80182457 1.4053985
[8221, 0.53276974, 1.0208097, 5.294302, 0.5993483] 2.6173112 1.0317104 0.9816274 1.4869047
[8222, 0.57790524, 0.9797739, 4.377492, 0.50512904] 2.847189 0.97168624 1.0384756 1.1853012
[8223, 0.4448086, 1.0088903, 7.570593, 0.47012797] 2.5683792 0.79185915 0.865527 1.2199231
[8224, 0.48669112, 1.0352464, 5.0284147, 0.56156605] 2.60881 0.98054206 1.0522673 1.3724151
[8225, 0.38818446, 1.2318704, 2.4791, 0.67253727] 3.5291724 0.83773685 0.8042407 1.1233312
[8226, 0.49714494, 1.0117977, 6.3213124, 0.48910788] 2.6063545 0.9196599 0.9023626 1.3765101
[8227, 0.5234709, 1.0549055, 3.5048552, 0.5519188] 2.8514848 0.8855205 1.1131976 1.5334369
[8228, 0.4901216, 1.0224727, 5.9659643, 0.6860817] 2.6329432 1.0400279 0.91816914 1.3697151
[8229, 0.46161386, 1.0548615, 3.7009902, 0.57589823] 2.9989898 0.86892396 0.987375 1.2310549
[8230, 0.47762775, 1.0041785, 7.281468, 0.57588816] 2.8103423 0.87452453 0.88655245 0.94029397
[8231, 0.48159873, 0.90613705, 6.290457, 0.28231046] 2.1829689 1.0549749 0.9365268 1.23515
[8232, 0.4397465, 1.0329483, 5.8357754, 0.60245824] 2.7026384 0.8436383 0.7781564 1.372828
[8233, 0.38144204, 1.0708469, 7.5050287, 0.52722603] 2.4391532 1.0211012 0.9309117 1.3385646
[8234, 0.505345, 0.9799882, 7.318648, 0.5424849] 2.5189114 1.1195654 0.9739284 1.0595082
[8235, 0.50720793, 0.9756955, 6.5145283, 0.4174315] 2.5051577 1.044259 0.86167663 1.3037112
[8236, 0.45860854, 1.0272768, 6.0442085, 0.61775964] 2.6165519 0.9249983 0.97539693 1.2468227
[8237, 0.51736796, 1.0191557, 5.479607, 0.37401515] 2.5655527 0.91629606 0.9677262 1.5216767
[8238, 0.4986594, 1.0296863, 5.316014, 0.5209671] 2.4995506 1.0574803 1.0942981 1.5147597
[8239, 0.45327, 1.0555357, 4.336798, 0.48007324] 2.6891625 0.9785148 1.0388852 1.4922544
[8240, 0.5123396, 1.0345807, 2.8619945, 0.80924755] 3.0641923 0.889592 0.86361545 1.460024
[8241, 0.4282294, 1.0430756, 6.754796, 0.8374592] 2.5752523 1.0673057 0.89608395 1.1850344
[8242, 0.49918526, 0.88241035, 5.782726, 0.23797989] 2.04978 0.9263707 1.0138665 1.4057829
[8243, 0.5457984, 0.9849422, 4.484792, 0.55206126] 2.8563597 0.73401445 1.0945204 1.2749016
[8244, 0.44988468, 1.096185, 3.1652694, 0.6504768] 3.0693755 0.94552743 0.96402204 1.3735404
[8245, 0.49111775, 0.99995923, 3.9991355, 0.49078974] 2.7890055 0.81756276 0.9527997 1.2632326
[8246, 0.42417228, 1.0318978, 6.386255, 0.43722275] 2.4966497 0.95479256 1.0016181 1.3350211
[8247, 0.5146749, 0.98039913, 7.579882, 0.4640097] 2.531709 0.78282017 0.90742713 1.3362522
[8248, 0.5577895, 0.99651384, 4.1213694, 0.47704107] 2.8274477 1.0597433 1.0153606 1.1640241
[8249, 0.5558492, 0.98358196, 4.2661376, 0.45244256] 2.840108 0.98014367 1.0646069 1.265689
[8250, 0.53331345, 1.0217748, 5.6601696, 0.51450443] 2.8091176 0.83304816 1.0456797 1.0586908
[8251, 0.5120366, 1.0074663, 5.5688524, 0.5953643] 2.6504464 0.90786326 0.90543413 1.4618891
[8252, 0.39575404, 1.0815212, 5.09519, 0.67967004] 2.6147814 1.0405201 1.0436904 1.2939099
[8253, 0.4027565, 1.0416411, 7.7645383, 0.42198986] 2.506656 0.81642455 0.9036269 1.3844033
[8254, 0.48433334, 1.0178101, 5.0034156, 0.47704825] 2.6763895 1.1286141 0.9256437 1.2179908
[8255, 0.49129206, 1.0050578, 6.9378366, 0.87980294] 2.5734892 0.9685504 0.9475485 1.2586558
[8256, 0.4550587, 1.0494479, 5.500828, 0.4748301] 2.4597063 1.1294364 1.0020889 1.3535709
[8257, 0.47454226, 1.0420903, 5.576039, 0.4945593] 2.6416042 1.1660688 0.96831644 1.1908416
[8258, 0.48078203, 1.0318571, 5.4090996, 0.46473944] 2.7314286 0.86732334 0.907411 1.3194792
[8259, 0.47829133, 0.96987534, 7.8479095, 0.4014989] 2.3990552 0.9721167 0.9118091 1.1810236
[8260, 0.48371726, 1.016481, 6.4383836, 0.5534528] 2.5198812 0.9703529 1.0457895 1.4327644
[8261, 0.5064008, 1.0387397, 3.7538886, 0.6271159] 3.022342 0.84622264 0.89020425 1.3263036
[8262, 0.59260136, 0.9672736, 4.375564, 0.55351734] 2.782029 1.0962795 0.8506548 1.4525427
[8263, 0.45126596, 0.9867828, 7.449113, 0.560528] 2.4379575 1.0275874 0.8475478 1.2593399
[8264, 0.5446324, 0.97257805, 6.168852, 0.42741993] 2.5506523 0.99779654 0.99613595 1.3993616
[8265, 0.4010596, 1.0506132, 8.31412, 0.5213744] 2.528379 1.0305971 0.7384557 1.2025125
[8266, 0.5063456, 1.0120331, 6.9663663, 0.5613798] 2.6140924 0.9478144 0.88990146 1.3305455
[8267, 0.49970925, 1.0195884, 4.529499, 0.50132734] 2.7386117 0.9288511 0.9973082 1.4201756
[8268, 0.5106636, 1.0075306, 5.5984774, 0.62400633] 2.8248696 1.0601531 0.8961831 1.0322052
[8269, 0.39209405, 1.039464, 7.868157, 0.43060145] 2.3742273 0.9826686 0.9976624 1.2656347
[8270, 0.39276138, 1.0453827, 7.366569, 0.5162249] 2.475995 0.9336508 1.009998 1.3046365
[8271, 0.43518853, 1.0487537, 6.1940536, 0.43283284] 2.5640762 1.0361961 0.8119067 1.4777386
[8272, 0.54545844, 1.0020422, 4.726908, 0.54014546] 2.7888963 0.95931745 1.0439724 1.1414468
[8273, 0.43791175, 1.0788033, 3.4445133, 0.5639209] 3.027572 0.94861865 0.9768459 1.2404515
[8274, 0.4880402, 1.0083408, 6.5425572, 0.5249018] 2.746367 0.9669488 0.71122414 1.3468641
[8275, 0.45568427, 1.0429156, 6.4799104, 0.79519874] 2.593375 0.87896377 0.87132293 1.454557
[8276, 0.4376969, 1.0979267, 3.608018, 0.49075127] 3.0073671 0.91754 0.9644101 1.2597729
[8277, 0.49363595, 1.0178107, 6.1065464, 0.44344917] 2.6698263 1.0070664 0.8985146 1.2096831
[8278, 0.54086393, 0.9728937, 6.444305, 0.5369851] 2.867114 0.8290057 0.87146485 1.1085591
[8279, 0.56233495, 0.9533863, 5.0072575, 0.50843745] 2.5009482 1.1415354 1.0645282 1.3538549
[8280, 0.4675833, 1.0249716, 4.9350743, 0.5189022] 2.7237632 1.022617 0.9610684 1.3246834
[8281, 0.53821486, 0.9803704, 6.2791047, 0.5813616] 2.6433563 1.0380689 0.9095601 1.2901579
[8282, 0.4764744, 0.92181385, 6.73072, 0.29607594] 2.3609076 1.0046335 0.8814987 1.0683905
[8283, 0.4909951, 0.983507, 7.7425027, 0.3853395] 2.1810706 1.0528135 1.0357168 1.4758803
[8284, 0.41912717, 1.1000055, 2.694723, 0.7505626] 3.2459257 0.9351333 0.88939255 1.1599978
[8285, 0.5298894, 0.9957603, 5.398219, 0.51389766] 2.72291 0.9179894 1.0534651 1.1856797
[8286, 0.54010105, 0.9731011, 4.9542465, 0.5449618] 2.8395925 0.91166544 0.91934824 1.1788899
[8287, 0.44169423, 1.0763124, 3.8632507, 0.44362745] 2.864415 0.93977815 0.9525355 1.3970859
[8288, 0.47334433, 1.0447065, 5.155541, 0.56165445] 2.8039198 1.0095284 0.8031916 1.3293307
[8289, 0.4771158, 1.0466793, 5.9158936, 0.6186444] 2.7338636 0.8775313 1.0329648 1.1768961
[8290, 0.43833375, 1.0317866, 5.350174, 0.5479229] 2.5779316 1.032642 1.1167299 1.2905749
[8291, 0.5316745, 0.98157483, 5.156987, 0.48861384] 2.8101087 1.1049434 0.8488051 1.0866181
[8292, 0.5080061, 0.99831975, 5.6031647, 0.4967064] 2.7514668 0.9077107 1.0946958 1.150971
[8293, 0.40398985, 1.0046926, 8.022842, 0.39907667] 2.342687 1.1294234 0.807753 1.1767833
[8294, 0.46842217, 1.0240973, 6.117069, 0.41166586] 2.6840312 1.0077819 0.95152396 1.1727597
[8295, 0.31537005, 1.1101924, 5.812925, 0.4677046] 2.6838825 1.033595 0.82542145 1.3226491
[8296, 0.48770258, 1.0075823, 5.222044, 0.53701776] 2.6977127 0.83125514 0.9674323 1.329615
[8297, 0.47093356, 1.033925, 4.9843554, 0.5592692] 2.8154483 0.9132579 0.9882764 1.1942536
[8298, 0.4036786, 1.0524132, 8.040675, 0.5703879] 2.3796568 1.0052484 0.9588058 1.3292961
[8299, 0.47065943, 1.0249962, 5.398622, 0.5700788] 2.7362516 0.94888586 0.9949455 1.2018636
[8300, 0.50478184, 1.0144401, 4.8417664, 0.5458067] 2.6658661 0.9500785 0.91697866 1.4865832
[8301, 0.51619554, 1.0174212, 4.0452013, 0.4957045] 2.8856063 1.0428095 0.9649441 1.1821041
[8302, 0.48780823, 1.0524446, 3.7499733, 0.59470683] 2.8980157 0.7847481 0.8912561 1.53565
[8303, 0.5245431, 0.99167657, 6.434607, 0.62197846] 2.3919015 0.98984945 1.1063352 1.4736687
[8304, 0.4772578, 1.011552, 6.8978825, 0.6741281] 2.5934296 1.0265703 0.90192986 1.237955
[8305, 0.45559716, 1.0024976, 7.4760504, 0.5332085] 2.4693606 0.982432 1.012133 1.1528596
[8306, 0.47271612, 1.0382982, 3.6277518, 0.44778] 2.996598 0.9388349 0.9339244 1.2060899
[8307, 0.4667921, 1.0282077, 5.391155, 0.52330256] 2.74506 0.8998218 0.9381371 1.273138
[8308, 0.44243947, 1.0092903, 7.1887574, 0.4357193] 2.327129 0.9828171 1.1040027 1.3599232
[8309, 0.5122488, 1.0065229, 4.7310896, 0.5182114] 2.8052611 0.9504422 0.94351107 1.281825
[8310, 0.4724359, 1.0253009, 6.1115847, 0.5235526] 2.621174 1.065416 0.8982544 1.2326274
[8311, 0.44976568, 1.0517843, 6.026995, 0.42149815] 2.7476127 0.9116862 0.8497656 1.1543964
[8312, 0.55968714, 0.95947397, 3.8615298, 0.6084968] 2.7927969 0.97156215 1.0189321 1.2394661
[8313, 0.55776393, 0.93961555, 7.289428, 0.49779424] 2.6332788 0.9273093 0.89750224 1.1279923
[8314, 0.44960538, 1.0274789, 6.7577715, 0.6360817] 2.4650402 0.92290217 0.95706636 1.4690851
[8315, 0.49919057, 1.0197756, 5.5382876, 0.6307438] 2.696832 1.017145 0.9554308 1.1829246
[8316, 0.481567, 1.0408179, 4.410262, 0.57947576] 2.848954 0.82509136 0.84595466 1.4991263
[8317, 0.4900174, 1.0200465, 5.9706616, 0.5749479] 2.6605964 0.9679631 0.89022934 1.3604486
[8318, 0.48308465, 1.0648935, 3.9053876, 0.5454699] 2.945985 0.9382115 0.9528378 1.2879827
[8319, 0.52880484, 1.0015032, 4.719594, 0.5229506] 2.6850178 0.9802005 1.0281682 1.362752
[8320, 0.42059612, 1.0475314, 6.6536036, 0.5389415] 2.6380045 0.91287357 0.9064715 1.2095815
[8321, 0.55025303, 1.0125337, 3.8850853, 0.51426214] 2.8883765 0.9244667 0.94132996 1.4367435
[8322, 0.52772814, 1.0102565, 5.5087757, 0.61426073] 2.6207275 0.9495212 1.0061873 1.4499619
[8323, 0.45943895, 1.0396938, 5.8099356, 0.6394313] 2.8251252 0.961622 0.7881921 1.1645244
[8324, 0.47971222, 1.0201676, 6.7712564, 0.5604704] 2.6591635 1.0619702 0.82094216 1.2208546
[8325, 0.48925325, 1.0134048, 7.0334544, 0.56964356] 2.5636935 0.9876587 1.0614424 1.1643538
[8326, 0.5117788, 1.0138824, 6.201163, 0.5246645] 2.7265275 0.995219 0.97987455 1.0908493
[8327, 0.46096376, 1.040163, 4.549166, 0.47639608] 2.8460276 0.9830983 0.86800766 1.2416556
[8328, 0.55018973, 0.9912544, 3.4076352, 0.76387143] 2.9653451 0.9701539 0.9933886 1.2250818
[8329, 0.5365378, 0.99532133, 5.85787, 0.55459857] 2.6413434 0.93395835 0.8438658 1.4729215
[8330, 0.41234863, 1.0299366, 7.516312, 0.45763272] 2.4454195 0.9430849 0.9304014 1.3294169
[8331, 0.43495116, 1.054847, 6.933891, 0.6516313] 2.519191 0.94705063 0.9249304 1.276554
[8332, 0.47554734, 1.0158433, 4.8009167, 0.53089476] 2.8422477 0.8930649 0.89320636 1.214706
[8333, 0.47389388, 1.0032893, 6.836648, 0.5085146] 2.6226032 1.0737959 0.8811273 1.164462
[8334, 0.4689524, 1.0638498, 3.5853984, 0.5864299] 2.969527 0.93565786 0.9426316 1.3449548
[8335, 0.46829018, 1.0010933, 7.7848687, 0.60595155] 2.3286405 0.9273647 1.0796906 1.45121
[8336, 0.46005002, 1.0206164, 6.006063, 0.5262116] 2.5165305 1.1251122 0.94289577 1.3427978
[8337, 0.5296319, 0.9977338, 5.7014184, 0.6002503] 2.7042794 1.0509338 0.821641 1.3461435
[8338, 0.43791986, 1.0251483, 6.6719613, 0.54193926] 2.5027473 1.1101341 0.91648906 1.1951027
[8339, 0.46227396, 1.0129246, 7.2754235, 0.5174825] 2.559698 0.9363619 0.93427056 1.1017615
[8340, 0.55048877, 0.9855121, 5.4969153, 0.49142873] 2.7747447 0.8775213 0.915504 1.2542275
[8341, 0.39444447, 1.0573314, 6.881278, 0.5329373] 2.4879348 0.9449105 1.0098906 1.2689372
[8342, 0.45682883, 0.9840083, 8.344229, 0.6057217] 2.3340821 0.9735742 0.89520836 1.4301925
[8343, 0.54192054, 0.9889674, 5.118671, 0.6654819] 2.790174 1.0234728 0.9833545 1.12511
[8344, 0.50916994, 1.0369039, 4.4434037, 0.5457074] 2.9057481 1.0464596 0.8798628 1.1904117
[8345, 0.50022334, 0.9984577, 6.3241167, 0.4253401] 2.5396383 1.1047843 0.96339035 1.2715777
[8346, 0.49044505, 0.9995723, 6.9802876, 0.4282513] 2.3128092 1.0496612 1.0184174 1.471981
[8347, 0.51003516, 0.8805966, 6.5953507, 0.2538027] 1.9590383 1.0519565 1.0736125 1.472058
[8348, 0.49939662, 1.0290171, 5.11237, 0.60008496] 2.7134593 1.0439949 1.0225456 1.208837
[8349, 0.60347843, 0.9593452, 4.4454165, 0.44904977] 2.8716226 0.8775135 0.9109089 1.3424901
[8350, 0.5419155, 0.9974172, 4.010975, 0.5244616] 2.9331167 0.99034756 0.8835476 1.2355157
[8351, 0.42568976, 1.0547978, 6.261066, 0.41236562] 2.552173 0.9410339 0.96674544 1.373825
[8352, 0.46834895, 1.0478518, 6.179303, 0.5866084] 2.5646765 0.96309626 1.0291659 1.3363041
[8353, 0.55218965, 1.0075368, 4.27842, 0.5163215] 2.7493541 0.98755753 1.0523403 1.4049256
[8354, 0.456176, 1.014935, 7.4625173, 0.49201253] 2.4667706 0.82842207 0.9221626 1.4628743
[8355, 0.39233252, 1.0683119, 6.5184903, 0.61183244] 2.7631974 0.8674152 0.8642479 1.1739552
[8356, 0.45085084, 1.0308528, 6.4044375, 0.49317893] 2.6459131 0.81914526 0.96673465 1.2935152
[8357, 0.48221952, 1.0437669, 6.3290024, 0.54184145] 2.6183767 0.95321083 0.9987835 1.2941345
[8358, 0.47425577, 1.0165862, 6.5695424, 0.5111485] 2.6971226 1.0852146 0.88561195 1.0953907
[8359, 0.50538933, 1.0163617, 5.3954873, 0.6274872] 2.6478155 1.0062402 1.0655488 1.2909023
[8360, 0.48282835, 1.0215881, 5.5390472, 0.5262116] 2.7228951 1.1254597 0.9604742 1.084425
[8361, 0.54299355, 1.0257537, 4.0075693, 0.56958985] 2.9297414 0.89045864 0.89211607 1.4139712
[8362, 0.4054338, 1.026338, 8.293863, 0.4401418] 2.4566138 0.88108456 0.9449615 1.1527091
[8363, 0.54316396, 1.0081333, 4.2471714, 0.51562005] 2.857512 0.96638095 0.9570082 1.326459
[8364, 0.46111858, 1.0266241, 6.854116, 0.34338346] 2.3197606 0.9654854 0.96783125 1.549152
[8365, 0.5415429, 0.99214137, 5.300735, 0.638457] 2.7594538 0.9023971 0.81304365 1.4225878
[8366, 0.5259518, 0.9772639, 4.556282, 0.4650683] 2.586825 1.1101226 0.9111449 1.4159055
[8367, 0.5805712, 0.9812152, 3.9785166, 0.5270516] 2.9289122 0.91492474 1.0078979 1.2188598
[8368, 0.4825676, 1.0353734, 5.127302, 0.54758567] 2.772555 1.0131762 0.91257006 1.1793108
[8369, 0.46202976, 1.0497503, 3.976776, 0.502667] 2.867547 0.9585608 0.90533125 1.3538164
[8370, 0.48409268, 1.0322863, 4.7998533, 0.47145835] 2.870676 0.9446923 0.86779743 1.2200866
[8371, 0.40675357, 1.029112, 7.197484, 0.4706036] 2.4194188 0.9719946 1.0133113 1.2834476
[8372, 0.38195798, 1.0533249, 7.2452106, 0.524045] 2.5826502 0.98709565 0.97574216 1.1707616
[8373, 0.4656934, 1.0187407, 7.726595, 0.5140137] 2.5173898 0.8095142 0.9727489 1.3524702
[8374, 0.42939988, 1.0472571, 7.11417, 0.5494064] 2.4366689 0.9796513 0.9792785 1.4257182
[8375, 0.39298528, 1.0635238, 7.8285904, 0.6179819] 2.5879397 0.81030476 0.9529999 1.2578454
[8376, 0.5422695, 1.0131788, 3.6485968, 0.5405368] 3.0346565 0.9380081 1.0336651 1.0495591
[8377, 0.5151858, 0.9854079, 6.3027635, 0.4641175] 2.7899404 0.7359199 0.9910663 1.1256185
[8378, 0.4083831, 1.0263071, 7.144561, 0.5164573] 2.4186888 1.0422677 0.8939113 1.3949382
[8379, 0.5207564, 0.9766899, 6.254605, 0.4958047] 2.681964 0.9445111 1.0419095 1.0666828
[8380, 0.45417216, 0.93838686, 7.0002117, 0.35078278] 2.091639 1.0224054 1.174121 1.3195989
[8381, 0.46023503, 1.0235701, 5.980153, 0.46527624] 2.5939832 1.1014243 0.84272933 1.2782574
[8382, 0.54569393, 0.9911883, 4.376275, 0.5029772] 2.7153277 1.0276587 1.0065845 1.3861315
[8383, 0.5639897, 0.94938153, 4.8276806, 0.5607927] 2.8447154 0.9103616 0.84873015 1.2440003
[8384, 0.50516206, 1.0523676, 3.854896, 0.50521284] 3.070259 0.9956944 0.9331054 1.0603799
[8385, 0.53466815, 0.9938693, 4.235913, 0.5489036] 2.8248148 0.9803969 1.0081158 1.2079445
[8386, 0.45297125, 1.0232558, 7.3624954, 0.54748285] 2.5358255 0.9355254 0.9008795 1.2120541
[8387, 0.3715376, 1.200188, 2.3500094, 0.5540962] 3.3044884 0.8323799 0.9030245 1.4458754
[8388, 0.50444144, 1.0087819, 5.1667695, 0.5715708] 2.9224586 0.9150503 0.9133441 1.0355027
[8389, 0.5365365, 0.9986649, 5.193787, 0.5600938] 2.8088543 0.89186466 0.996962 1.2404826
[8390, 0.60033166, 0.92634815, 4.3650765, 0.43363407] 2.85496 0.96159077 0.94284797 1.19941
[8391, 0.5110948, 1.0141423, 5.0781646, 0.460263] 2.770847 0.9406564 0.9545687 1.1926744
[8392, 0.5683667, 0.97990185, 5.063128, 0.6682609] 2.7174935 1.0272896 1.1366602 1.106709
[8393, 0.41379127, 1.0356199, 7.731196, 0.54611593] 2.3921127 1.0216762 0.9222951 1.4221641
[8394, 0.47268, 1.0124735, 5.341708, 0.49045298] 2.6315362 1.1106365 0.93501616 1.3045769
[8395, 0.46281824, 0.99590963, 7.3962817, 0.42137864] 2.3058887 0.9997501 0.8421212 1.4767313
[8396, 0.5144716, 0.98724663, 6.35567, 0.49867007] 2.7158685 0.8774237 0.9076234 1.1841664
[8397, 0.48716885, 1.0369847, 3.9042819, 0.59210384] 2.915237 0.8946549 0.95972794 1.2546693
[8398, 0.49209988, 1.0401249, 4.3162026, 0.7601106] 3.0047708 0.9563934 0.8361119 1.1575884
[8399, 0.45915583, 1.0300472, 6.606138, 0.52368623] 2.6488786 1.0429151 0.93767464 1.1449337
[8400, 0.4974306, 1.0146197, 6.7113037, 0.52833474] 2.6762822 1.039068 0.9730103 1.0795834
[8401, 0.36042732, 1.0789281, 6.761795, 0.63517445] 2.5747423 0.9743557 0.9560393 1.2861955
[8402, 0.42627686, 1.0468836, 6.87299, 0.43679726] 2.5074089 0.9735484 1.0631841 1.2293833
[8403, 0.5156409, 1.0429658, 3.5993423, 0.53165764] 3.0653858 0.9883621 0.8322795 1.2558413
[8404, 0.54846793, 0.99224526, 4.6348047, 0.52542114] 2.9188046 0.931724 0.9859307 1.0970474
[8405, 0.48331344, 0.9174865, 6.267262, 0.28062177] 2.2517433 1.1182371 0.8883468 1.1549335
[8406, 0.5632326, 0.992498, 3.4661255, 0.5098022] 2.8689563 1.1022168 0.94939834 1.3879968
[8407, 0.49871138, 0.99451005, 5.8327103, 0.5333536] 2.4555545 1.0024894 0.97369754 1.4578495
[8408, 0.4865085, 1.0602835, 3.517162, 0.5412476] 3.0896647 1.0064447 0.75668985 1.2715013
[8409, 0.43464532, 1.0284542, 7.8447514, 0.5877285] 2.4795496 1.089496 1.0267199 1.114813
[8410, 0.5286362, 0.87876743, 6.5757256, 0.29129454] 2.1281517 1.0613624 0.9283704 1.274097
[8411, 0.46071357, 1.0146749, 6.7276015, 0.56943065] 2.5351398 0.9716392 0.9437712 1.326432
[8412, 0.44753534, 1.0151796, 6.586477, 0.4293292] 2.4448838 1.0818292 0.9807851 1.3121507
[8413, 0.45789805, 1.0147246, 6.0952783, 0.4107623] 2.550156 0.9188324 0.9104841 1.298169
[8414, 0.49217635, 1.0213392, 6.2433376, 0.7146314] 2.674752 0.89550054 0.7362201 1.3562014
[8415, 0.4499724, 1.0086215, 7.302092, 0.45595202] 2.5210705 0.8696811 0.990595 1.1532825
[8416, 0.42963853, 0.99614686, 7.8295183, 0.39414054] 2.4135938 0.9886762 0.948983 1.137817
[8417, 0.4755724, 1.0331119, 6.3432126, 0.46962526] 2.750721 0.77356464 1.034386 1.0751882
[8418, 0.5314532, 1.0478479, 3.084546, 0.6181693] 2.9658592 0.920898 1.0056052 1.4212463
[8419, 0.56866014, 0.9907011, 5.505529, 0.61281544] 2.6771605 0.89943314 1.0981971 1.2896537
[8420, 0.58129483, 0.9802734, 4.397382, 0.6193969] 2.9205978 0.94725746 0.94978654 1.1394498
[8421, 0.52543414, 1.0250766, 3.9741783, 0.54036117] 3.050612 0.92689395 0.8637643 1.0543143
[8422, 0.5558732, 0.95604753, 4.922964, 0.5448324] 2.7264652 0.99319965 0.9596389 1.2981689
[8423, 0.4176679, 1.0596182, 5.5795364, 0.5380279] 2.6340706 1.0451151 0.9226384 1.3168403
[8424, 0.47434744, 1.0081056, 7.0335903, 0.57186437] 2.5914283 1.1210704 0.7806364 1.1394527
[8425, 0.53888583, 1.0186651, 3.6159103, 0.6057813] 3.0094032 0.8693512 0.905541 1.4160295
[8426, 0.4705395, 1.0022397, 6.7712393, 0.4813523] 2.3589206 0.97361916 1.0031476 1.391307
[8427, 0.44598007, 1.0261649, 7.2169747, 0.4586339] 2.651874 0.9106174 0.858372 1.0760524
[8428, 0.4473891, 0.97776145, 7.8498917, 0.38436496] 2.3841507 0.9263395 0.968357 1.1615815
[8429, 0.39261952, 1.0526973, 6.5651417, 0.43920657] 2.444667 1.0333928 1.0248418 1.1715684
[8430, 0.48754254, 1.0161897, 4.2485123, 0.4734423] 2.846666 0.8419008 0.8756679 1.3702992
[8431, 0.46945974, 1.013249, 6.1414027, 0.5188755] 2.5873108 0.97647816 1.0529095 1.2573938
[8432, 0.41363612, 0.9584618, 6.502331, 0.30084285] 2.0929067 0.9999025 1.0941894 1.4370393
[8433, 0.47012687, 0.9828312, 7.206393, 0.34275547] 2.423568 1.0814737 1.007703 0.9859585
[8434, 0.5650258, 0.9661189, 4.041498, 0.37170303] 2.9659865 0.87845004 0.9909579 1.1410631
[8435, 0.44310328, 1.0242174, 7.5786505, 0.59417903] 2.464037 0.9225759 0.9502309 1.406943
[8436, 0.4824657, 1.0381615, 6.350857, 0.5857712] 2.530489 0.9294706 1.0945586 1.3523384
[8437, 0.55009377, 0.97514683, 5.0937114, 0.6298396] 2.5558722 0.9895847 1.0128815 1.5367333
[8438, 0.46754646, 1.0337667, 5.213879, 0.5524753] 2.630619 0.9250858 0.990116 1.4319962
[8439, 0.47461107, 1.0019363, 4.843472, 0.5858027] 2.7730212 0.9013267 0.92546433 1.3620406
[8440, 0.5164384, 1.0167254, 5.3231063, 0.40758] 2.938285 0.86436236 0.870631 0.9441017
[8441, 0.58207726, 0.9366676, 6.2000446, 0.4462139] 2.6216056 0.92217845 0.8934308 1.3051621
[8442, 0.4878861, 1.0203222, 5.3046503, 0.6221814] 2.728548 0.89628124 1.0262843 1.2611836
[8443, 0.41177055, 1.0447426, 6.4833465, 0.41920543] 2.609625 1.0637345 0.92002743 1.064646
[8444, 0.52028906, 0.97413194, 5.7457166, 0.5125983] 2.808024 0.8730551 0.86939466 1.1194966
[8445, 0.5600935, 0.97045517, 5.725274, 0.43995205] 2.5088055 1.0761452 0.8938854 1.502848
[8446, 0.4593042, 1.0390577, 6.9741936, 0.5118206] 2.7139168 0.96383244 0.79506856 1.1080887
[8447, 0.44775605, 1.0468172, 5.778634, 0.6053565] 2.6622887 1.0143905 0.8985388 1.2963414
[8448, 0.46567136, 1.0036596, 7.0608616, 0.5523122] 2.518521 1.0451638 0.9242224 1.1988462
[8449, 0.41988766, 1.04951, 6.758522, 0.59070295] 2.7705264 0.88010144 0.82633156 1.1334064
[8450, 0.46140608, 1.0028377, 7.9301224, 0.4848005] 2.531963 0.96604115 0.8923506 1.1102402
[8451, 0.45039204, 1.0458324, 6.794877, 0.47066846] 2.5818155 0.97324514 0.93130267 1.2695996
[8452, 0.44952115, 0.93701357, 6.63433, 0.34275955] 2.1135628 1.0029907 1.0728766 1.3784612
[8453, 0.4634174, 0.9994312, 7.43689, 0.64056647] 2.406001 0.9815182 1.0787996 1.187959
[8454, 0.47514, 1.0423217, 4.4855113, 0.5498164] 2.8415434 0.9952097 0.98187035 1.208102
[8455, 0.48799506, 1.0160229, 7.335022, 0.60329723] 2.648808 0.8331526 0.8899672 1.2527108
[8456, 0.4148902, 1.0386492, 7.4403224, 0.44365326] 2.406148 0.85026324 1.0885888 1.3734255
[8457, 0.4546826, 1.0433539, 5.8980203, 0.66126925] 2.662842 0.90322036 1.062658 1.3125528
[8458, 0.5056414, 1.018492, 5.214821, 0.51107746] 2.583731 1.0773894 1.0743238 1.3257977
[8459, 0.48800415, 1.0361053, 3.6917524, 0.4575233] 2.8783782 0.9265208 0.98715746 1.3459054
[8460, 0.51173145, 0.9977635, 4.562147, 0.4778371] 2.68046 1.0620768 0.99465054 1.3078858
[8461, 0.44356465, 1.0639452, 6.0019746, 0.50396067] 2.5768359 1.0780234 0.87857634 1.3568596
[8462, 0.4026705, 1.0393595, 7.8998637, 0.40083927] 2.3926542 1.0873011 1.0905511 1.0547732
[8463, 0.46367216, 1.0254041, 5.793824, 0.5540431] 2.7551856 0.9611507 0.8974603 1.1680216
[8464, 0.41838825, 1.0468355, 7.378682, 0.4978446] 2.4621334 0.9753064 0.89699453 1.3125105
[8465, 0.41446, 0.985676, 7.3842735, 0.3672026] 2.234506 0.8359504 1.0716897 1.3704051
[8466, 0.441203, 1.0385538, 7.314121, 0.48385552] 2.5259376 0.9041201 1.054094 1.262207
[8467, 0.5124111, 1.0063963, 6.446196, 0.5901898] 2.546843 1.0097787 0.99722266 1.2872748
[8468, 0.554136, 0.9844754, 4.4276333, 0.4537046] 2.8733556 0.8501446 0.91424865 1.2979454
[8469, 0.46869144, 1.0268868, 6.2583594, 0.5300802] 2.6486712 0.94522244 0.9767117 1.3115455
[8470, 0.47964862, 1.0229201, 5.9693265, 0.4142473] 2.6359236 0.8556065 0.96198404 1.2900289
[8471, 0.46615666, 1.0305701, 6.238746, 0.5335167] 2.6178217 1.1430385 0.9214734 1.197477
[8472, 0.4184036, 1.0685982, 5.156107, 0.6072918] 2.910936 0.9356219 0.8164948 1.1541941
[8473, 0.419131, 1.0197005, 8.140528, 0.48678297] 2.384021 1.0304303 1.0001034 1.1746731
[8474, 0.4272195, 1.0571713, 6.926718, 0.5641654] 2.6093526 1.0199419 0.90171456 1.2979362
[8475, 0.49487427, 1.0077703, 6.330802, 0.45306125] 2.7557855 0.92497146 0.7767887 1.2406012
[8476, 0.53844345, 0.98735684, 5.705517, 0.4123511] 2.6511645 0.9019899 1.0090095 1.2925233
[8477, 0.5320882, 0.9929529, 5.4578037, 0.6528074] 2.6146953 0.98008054 1.0316719 1.4053224
[8478, 0.50913274, 0.9924048, 7.009046, 0.48987582] 2.528704 0.9061284 1.0047731 1.2944126
[8479, 0.47026277, 1.0227258, 6.1026254, 0.67829084] 2.7333717 1.0338401 0.94544387 1.0626202
[8480, 0.40674612, 1.0398597, 7.0598097, 0.37140653] 2.317062 1.1186715 1.1236776 1.2659994
[8481, 0.58398587, 0.9739486, 3.9669466, 0.5209001] 2.8937972 0.9515487 0.98866963 1.2387147
[8482, 0.52953935, 1.022718, 4.2683353, 0.57002556] 2.9275408 0.9770328 0.9776186 1.1632338
[8483, 0.48580062, 1.0334649, 5.2363954, 0.6940652] 2.6605382 0.9555805 0.869233 1.5303183
[8484, 0.45778388, 0.9596873, 6.667235, 0.36635274] 2.1876369 1.2044302 0.9936177 1.1882919
[8485, 0.47074366, 1.078866, 3.7256882, 0.5779987] 2.9344006 1.0362432 0.97573984 1.2421067
[8486, 0.469887, 1.0406228, 5.6707573, 0.5867192] 2.7426138 0.9867083 0.9714371 1.111325
[8487, 0.51646847, 0.99990475, 5.553267, 0.6488367] 2.7169535 0.974836 0.8390719 1.3223996
[8488, 0.4570354, 1.0186085, 6.326854, 0.5824359] 2.4718435 0.964736 0.9547938 1.4216329
[8489, 0.4478466, 0.97649753, 7.938048, 0.44288403] 2.2034464 0.9952024 0.87331325 1.504467
[8490, 0.5367395, 1.0306405, 3.4952226, 0.51241606] 3.1698096 0.9329351 0.89718354 0.96835554
[8491, 0.51877296, 1.008393, 4.859924, 0.69297403] 2.680904 0.9469621 0.9573029 1.3815632
[8492, 0.52709395, 1.0434191, 3.0928385, 0.6456244] 3.1083908 0.7565469 0.99279934 1.4061741
[8493, 0.42764142, 1.0202094, 8.282728, 0.62881637] 2.4142578 1.0382639 0.884645 1.2567265
[8494, 0.45199817, 0.9404433, 5.760125, 0.28671995] 2.199299 1.025933 0.9967812 1.193964
[8495, 0.45878407, 1.0379409, 5.373265, 0.5707181] 2.6653152 1.0514891 0.9872375 1.2265198
[8496, 0.56919545, 0.98229975, 3.3871388, 0.42476803] 2.9004834 1.020714 0.8463608 1.445399
[8497, 0.44539022, 1.0076101, 7.3203516, 0.43122253] 2.501847 0.8702718 0.96248966 1.3475585
[8498, 0.5440586, 0.9759421, 4.9462585, 0.4848452] 2.8209922 0.8108127 0.8793217 1.3790838
[8499, 0.4667409, 1.0806173, 3.6147556, 0.68837005] 3.0215623 0.9743594 0.8792933 1.1573398
[8500, 0.45978883, 1.0215119, 5.2836266, 0.58128214] 2.6321511 0.94495994 0.96954644 1.4491106
[8501, 0.52480996, 1.0097363, 5.7187767, 0.593789] 2.6480563 0.8210351 1.0150962 1.4280262
[8502, 0.5413693, 0.9851611, 6.2041245, 0.62388194] 2.6379137 0.98473704 0.96573246 1.2648562
[8503, 0.43048376, 1.001135, 7.4879775, 0.5387915] 2.3537614 0.9981977 0.9926683 1.3320562
[8504, 0.51585644, 1.0019221, 4.86063, 0.44182917] 2.729281 1.0893728 0.87756395 1.3334314
[8505, 0.51194143, 1.0098655, 5.143502, 0.4547433] 2.7128942 0.862875 1.1230007 1.1704576
[8506, 0.46702987, 1.0429976, 4.347723, 0.49193925] 2.7061315 1.0713592 0.97209203 1.4069085
[8507, 0.45743904, 1.0388923, 5.6051, 0.41467652] 2.6299324 0.79396796 1.0127152 1.341834
[8508, 0.49002048, 1.0061318, 6.517857, 0.36923525] 2.5704026 0.9429274 0.97454053 1.2495918
[8509, 0.5898094, 0.943445, 4.661237, 0.60891515] 3.0327787 0.85889184 0.8389875 1.0198464
[8510, 0.5256429, 0.9958634, 6.590959, 0.40518183] 2.3618002 1.0653317 0.93347347 1.4647105
[8511, 0.5710931, 0.9529131, 5.242687, 0.44403368] 2.7302458 0.95148593 0.9135273 1.2859776
[8512, 0.5508711, 1.0050247, 3.47176, 0.4768456] 2.9522812 0.93094355 0.9710022 1.2847828
[8513, 0.509281, 0.98840463, 6.694949, 0.47256008] 2.4568934 1.0026519 1.0408108 1.3666338
[8514, 0.3747205, 1.0462079, 7.3326225, 0.4705474] 2.32711 1.0230367 0.9950038 1.3908993
[8515, 0.47654563, 1.0442898, 5.4195366, 0.6216066] 2.7954772 0.9511547 0.92591983 1.1958568
[8516, 0.46803516, 1.044048, 4.4115458, 0.4772787] 2.6849804 0.9455589 0.96528107 1.5047817
[8517, 0.4800483, 1.0378721, 5.4116707, 0.4669608] 2.6826274 0.98301744 0.8489146 1.3873175
[8518, 0.4675852, 0.9695893, 7.4527974, 0.3508214] 2.2711387 1.2017623 1.0339546 1.0361919
[8519, 0.37909582, 1.0548939, 7.9727, 0.480848] 2.3454099 1.0056654 0.99457085 1.2608553
[8520, 0.43226996, 0.871199, 6.4525723, 0.29119468] 1.8836008 1.1001778 0.9531936 1.2106456
[8521, 0.510845, 1.01702, 4.2807145, 0.4637128] 3.0073864 0.8525156 0.9360613 1.1262221
[8522, 0.5379393, 0.96194214, 7.366739, 0.5208949] 2.624589 0.93920964 0.91231525 1.1372982
[8523, 0.5361024, 0.98247313, 5.4176803, 0.7710057] 2.6869848 0.92264843 1.0148429 1.3672668
[8524, 0.5416427, 1.0159949, 3.5226579, 0.63811475] 3.0104725 0.96391356 0.94394404 1.2191335
[8525, 0.5775965, 0.971831, 5.323126, 0.5660883] 2.7701478 1.0704737 0.9466474 1.1544416
[8526, 0.5088989, 1.0152617, 5.145839, 0.52090806] 2.734156 0.88889366 0.9162581 1.4033899
[8527, 0.43018886, 1.0176758, 7.413255, 0.42282456] 2.2871299 1.1431985 0.98692036 1.3290685
[8528, 0.47705537, 1.0123322, 6.33805, 0.6857156] 2.792571 0.9990689 0.8656785 1.0528612
[8529, 0.44263694, 1.0391678, 6.610333, 0.60288256] 2.6310391 1.0195458 0.82306296 1.1499616
[8530, 0.55104256, 1.01852, 4.0920763, 0.6692771] 2.970203 0.97724575 0.97539526 1.0478613
[8531, 0.4700487, 0.9857201, 7.765058, 0.498865] 2.466715 0.9023232 0.95336574 1.2185632
[8532, 0.46275446, 1.0260653, 4.2263064, 0.5565608] 2.718181 0.9236103 0.9279872 1.4892923
[8533, 0.5160792, 0.96323025, 6.1104, 0.7394498] 2.4733102 1.0984557 1.0505648 1.3690388
[8534, 0.486368, 1.0104393, 6.1950035, 0.6349731] 2.6571813 0.9398382 1.0442697 1.0366186
[8535, 0.46611476, 1.0147386, 6.890237, 0.41487774] 2.4415996 1.1454358 0.95761824 1.2633263
[8536, 0.52642965, 1.0004433, 4.575574, 0.49171984] 2.696801 0.90834993 0.91545326 1.546639
[8537, 0.43508026, 1.0675652, 4.165316, 0.56989044] 2.8448522 1.0117633 0.94546586 1.3392081
[8538, 0.46627238, 1.0122035, 6.7276363, 0.42925128] 2.5034087 0.95748246 0.9776548 1.4333825
[8539, 0.44566065, 1.0261762, 8.070262, 0.61540574] 2.4027336 1.1071371 0.90595317 1.367373
[8540, 0.61521995, 0.9394749, 4.026348, 0.66693676] 2.8306148 0.82158077 1.0131936 1.4901197
[8541, 0.4478272, 1.0075576, 6.5935674, 0.60273665] 2.3688092 0.9584775 0.98841965 1.4283648
[8542, 0.45046106, 1.0282995, 5.664189, 0.51544684] 2.7076995 0.94379 0.94118875 1.2451955
[8543, 0.48055452, 1.0448443, 3.908854, 0.51403093] 2.8804317 1.0050331 1.0047388 1.264562
[8544, 0.47586772, 0.9958711, 7.0133877, 0.4835852] 2.5599916 0.966693 0.8944781 1.1636308
[8545, 0.4299235, 1.0506755, 6.6280804, 0.6895926] 2.5659988 1.0504355 0.962665 1.3230468
[8546, 0.42018116, 1.0080113, 7.652078, 0.34822008] 2.3617516 1.0096232 0.9909396 1.2123121
[8547, 0.45604396, 1.046291, 6.396479, 0.5942759] 2.669887 1.0786661 0.93592376 1.1651015
[8548, 0.48087344, 0.9939605, 7.3340306, 0.46124813] 2.3028946 0.9813472 1.081051 1.3623499
[8549, 0.4747993, 1.0438691, 5.8490353, 0.65596575] 2.8551364 0.9603429 0.8611913 1.0772916
[8550, 0.5133699, 0.9954781, 5.1058745, 0.63002235] 2.6891794 1.0854998 0.99037063 1.2724284
[8551, 0.522289, 1.0053742, 5.907489, 0.48802066] 2.6833966 1.0391201 1.0239788 1.1095597
[8552, 0.528672, 1.0012677, 4.5549603, 0.44425777] 2.7433743 1.005668 0.83083725 1.4810094
[8553, 0.48668447, 0.95296276, 7.611883, 0.38889134] 2.438594 0.8843593 1.019211 1.0397098
[8554, 0.46193603, 1.0260848, 6.463453, 0.49959174] 2.5117834 0.961717 1.0860002 1.2165544
[8555, 0.50409436, 1.0062586, 4.35577, 0.4301826] 2.7879348 0.9502918 1.0205724 1.2014055
[8556, 0.47654167, 1.0455579, 5.363522, 0.6668556] 2.7775335 0.9873242 0.83908266 1.2112511
[8557, 0.54287386, 0.9822703, 5.738692, 0.65779763] 2.5957894 0.89148515 0.99658054 1.4752036
[8558, 0.52777076, 1.0299888, 4.392557, 0.5609472] 2.8698149 1.0138907 1.0257366 1.1390157
[8559, 0.5028702, 1.0047444, 5.875571, 0.51097304] 2.6741066 1.0219929 0.8624164 1.2631662
[8560, 0.51779795, 1.0002966, 6.168686, 0.4830474] 2.629449 0.9194519 0.9604298 1.2854424
[8561, 0.4466016, 1.0070455, 7.3015265, 0.39837503] 2.3121417 0.97516614 0.964693 1.475771
[8562, 0.50822073, 1.0089667, 6.1994796, 0.68240094] 2.643933 0.9810182 0.9681615 1.164615
[8563, 0.50820017, 1.05496, 3.2445688, 0.6026036] 3.095153 0.85513824 0.8489441 1.3204283
[8564, 0.5332924, 1.0199236, 3.5730276, 0.6305288] 3.0942178 0.8314614 0.934959 1.1174841
[8565, 0.54041547, 0.9869972, 5.916689, 0.45983964] 2.6471736 0.89772666 1.0286072 1.1663561
[8566, 0.47877583, 1.030288, 4.934655, 0.5490259] 2.8523307 0.8792878 0.8209723 1.1901532
[8567, 0.5203256, 1.0080827, 4.598706, 0.5259785] 2.8366833 0.91977996 0.9938863 1.2140082
[8568, 0.47084826, 1.0261266, 6.322497, 0.52455974] 2.66064 0.9105529 0.9276019 1.2673268
[8569, 0.45996395, 0.9995703, 6.854693, 0.3971476] 2.6134858 0.7985536 0.9484757 1.1699244
[8570, 0.4373804, 1.0431781, 6.5301676, 0.6026261] 2.7775204 0.92327183 0.8457104 1.1027596
[8571, 0.5447159, 0.9881474, 5.5835185, 0.5574971] 2.664159 1.0462539 1.1702625 1.0333483
[8572, 0.5271846, 0.9745026, 6.6089883, 0.5305071] 2.5009797 1.1228796 1.0690088 1.0979654
[8573, 0.3661967, 1.0417509, 7.884811, 0.5261464] 2.495764 0.92299664 0.8892812 1.2574946
[8574, 0.48363683, 1.0147957, 6.7013125, 0.4789227] 2.560655 1.012709 0.99488366 1.2230376
[8575, 0.45595294, 1.0454338, 5.8424535, 0.604952] 2.6728122 1.0104575 0.9533954 1.2850846
[8576, 0.48373374, 1.0320139, 6.2936234, 0.56560296] 2.7548559 0.80992573 0.8810003 1.2905174
[8577, 0.4317647, 1.0292778, 7.0630317, 0.5230391] 2.4196858 0.9719405 1.1277333 1.3023392
[8578, 0.46123493, 1.0299442, 5.985334, 0.5321384] 2.7657843 0.97826844 0.7937869 1.1875281
[8579, 0.43357247, 1.0098499, 8.420121, 0.4909827] 2.407628 0.86553955 0.8819142 1.3870848
[8580, 0.42388353, 1.012476, 7.05259, 0.46806815] 2.323778 1.0079327 1.1109455 1.271023
[8581, 0.44764775, 1.0903811, 4.23188, 0.53788745] 2.8361616 1.0450267 1.0514339 1.1764015
[8582, 0.43193644, 1.0559498, 7.6255903, 0.43491012] 2.5306587 1.0212474 0.9562139 1.1219777
[8583, 0.5058441, 1.0417448, 3.8342638, 0.52667433] 2.968155 0.9526015 0.88977265 1.2126453
[8584, 0.49077532, 1.0170724, 5.043498, 0.59573746] 2.821484 1.0428419 0.7975879 1.2155714
[8585, 0.41968822, 1.0468191, 7.6094465, 0.6798059] 2.5030909 0.94005126 0.9700175 1.352127
[8586, 0.41359058, 1.053371, 6.9572263, 0.58362705] 2.5461514 0.8808107 0.9409821 1.4358476
[8587, 0.437313, 1.028732, 7.658273, 0.73076105] 2.515186 0.92758685 0.83556 1.379626
[8588, 0.5090545, 0.9807503, 6.4276133, 0.62381136] 2.6322196 0.944664 1.0161588 1.2086024
[8589, 0.5116867, 1.0282234, 5.140798, 0.6284511] 2.76234 0.8943012 0.9770615 1.3566655
[8590, 0.52888244, 0.98306453, 6.466656, 0.55612993] 2.6030576 0.96568537 0.94110006 1.3628174
[8591, 0.37615663, 1.0069044, 8.22485, 0.47900242] 2.3620107 0.92434394 0.9281367 1.2420795
[8592, 0.48308408, 0.92539096, 6.256995, 0.2573466] 2.0916166 1.1029725 0.9730857 1.4020393
[8593, 0.40643996, 1.0370483, 6.0299964, 0.48451683] 2.6330009 0.86297184 0.9780054 1.3061455
[8594, 0.5447496, 0.96760964, 5.4578233, 0.44391656] 2.633899 1.152981 0.8488507 1.3102247
[8595, 0.44424576, 1.024021, 7.367953, 0.5833292] 2.3360655 1.0815183 0.98832095 1.3817915
[8596, 0.5569666, 0.98889405, 4.021169, 0.5671851] 2.8820486 0.9702602 0.91511005 1.3240198
[8597, 0.3904963, 1.0628972, 7.589843, 0.49362415] 2.3520741 1.0485804 1.068681 1.3590021
[8598, 0.48870447, 0.96630794, 7.5522695, 0.50601184] 2.3366065 1.023243 1.0497248 1.2201878
[8599, 0.46625108, 1.028707, 6.5089097, 0.51611465] 2.5623977 0.8966824 1.0477437 1.3325346
[8600, 0.54174775, 0.98574334, 5.710155, 0.467717] 2.5849917 0.9098762 1.0005322 1.4582281
[8601, 0.50438964, 1.0109547, 6.1370006, 0.50347096] 2.5380747 0.83814263 1.0401828 1.4618437
[8602, 0.5149738, 1.0198591, 5.3863034, 0.5179123] 2.7616835 0.82898784 0.9668513 1.2557437
[8603, 0.44708553, 0.9671091, 7.1444683, 0.369959] 2.4140928 1.0201045 0.93652284 1.0286232
[8604, 0.42381382, 1.0473055, 7.125861, 0.5505167] 2.614871 0.78170466 0.9705619 1.312666
[8605, 0.48301163, 1.0113648, 6.0067496, 0.5300621] 2.558706 1.0487329 0.9794997 1.3070893
[8606, 0.52460736, 1.0192255, 4.5438266, 0.5013387] 2.716588 1.0758535 1.0896628 1.2564749
[8607, 0.5286322, 0.97862065, 4.2814283, 0.58960414] 2.7990768 1.0161523 1.007956 1.215443
[8608, 0.52000344, 1.0143107, 5.2462907, 0.556244] 2.6826499 0.89587396 0.9922243 1.3770242
[8609, 0.5084305, 1.0144979, 5.247383, 0.57003886] 2.658797 1.1181993 1.0306989 1.2240787
[8610, 0.56507194, 0.9837035, 3.4583673, 0.51950705] 2.9148107 1.0264306 0.9047908 1.4023714
[8611, 0.4140914, 1.0392956, 6.6285415, 0.55108213] 2.664621 0.7850396 0.90147465 1.2642745
[8612, 0.4338059, 0.9853009, 7.9343963, 0.3625504] 2.2104428 0.88010126 1.0091667 1.5038046
[8613, 0.4422623, 1.0294052, 7.8594604, 0.51895535] 2.3824654 1.0387174 1.0003607 1.4372344
[8614, 0.38953048, 1.053472, 7.1631236, 0.4092652] 2.4156864 0.903229 0.9631561 1.3723814
[8615, 0.46363693, 1.0371606, 6.753036, 0.58926505] 2.4152787 0.883417 1.0607032 1.5258329
[8616, 0.49664956, 1.0514151, 4.351593, 0.52499735] 2.7610638 1.1605853 0.9482861 1.3282081
[8617, 0.48357886, 1.0071133, 6.0112777, 0.43610024] 2.7150578 0.93593746 1.0169526 1.0797732
[8618, 0.4489857, 1.0049835, 7.019832, 0.48902398] 2.5817583 1.1238679 0.7938762 1.1510532
[8619, 0.42778963, 1.0014832, 7.5695925, 0.4254277] 2.373377 0.9134465 0.95568246 1.3316655
[8620, 0.5273037, 0.9731147, 5.086869, 0.5104794] 2.7888267 0.844547 0.9621362 1.1857923
[8621, 0.49888027, 0.9730939, 7.5512524, 0.5429] 2.3100343 1.0401213 1.089409 1.3152152
[8622, 0.49050888, 0.9473978, 7.354477, 0.3942176] 2.1490963 1.1052173 0.90157944 1.4639248
[8623, 0.42090416, 1.0571377, 5.681106, 0.42955643] 2.7073684 0.9313353 0.8628625 1.3295599
[8624, 0.500359, 1.0066594, 6.642934, 0.65706664] 2.635179 0.96947473 0.9435147 1.201805
[8625, 0.48337728, 1.0732201, 4.0743036, 0.49008247] 3.056381 0.9608197 0.7188553 1.2443278
[8626, 0.49733713, 1.0372273, 4.1664176, 0.5866283] 2.8877075 0.97252315 0.97083145 1.2081275
[8627, 0.42250305, 0.9964006, 7.8973193, 0.4270558] 2.300772 0.9946307 0.98314726 1.2529924
[8628, 0.38832608, 0.98621404, 7.49545, 0.36471203] 2.3336308 0.9237031 0.93048066 1.1910069
[8629, 0.44390613, 1.018109, 6.855854, 0.4221969] 2.7172973 0.7635143 0.93421763 1.1783563
[8630, 0.4765314, 1.0489186, 5.2737737, 0.4924325] 2.6662862 0.8867088 1.0300952 1.390108
[8631, 0.44578397, 1.044451, 6.546453, 0.6590398] 2.7196198 1.0352405 0.813598 1.1271183
[8632, 0.43688864, 0.97896296, 7.2204127, 0.44312295] 2.280726 0.9412175 0.93734604 1.3472577
[8633, 0.5382179, 1.0131289, 3.8140688, 0.52022094] 2.9536068 0.82558227 0.9636477 1.296547
[8634, 0.4298506, 1.0317458, 7.157488, 0.47763482] 2.4848108 1.0175325 0.9719335 1.2736843
[8635, 0.4135946, 1.0358843, 7.511093, 0.48676822] 2.582742 0.81576604 0.9389168 1.1784015
[8636, 0.47658712, 1.0478603, 4.3759975, 0.4835921] 2.8249376 0.99080974 0.9778993 1.3055338
[8637, 0.5184025, 0.99729246, 6.2050743, 0.5219054] 2.7430987 1.0248015 0.82976586 1.1712223
[8638, 0.42742315, 1.0413684, 6.433095, 0.4751064] 2.6009808 0.90400237 0.80818456 1.3894427
[8639, 0.50536835, 1.0121499, 6.3721437, 0.61267656] 2.6714299 0.8780292 0.89356583 1.3951031
[8640, 0.41498908, 1.0392964, 7.2720847, 0.6031463] 2.5553555 1.0669992 0.9350324 1.2126144
[8641, 0.455195, 1.020795, 7.2074213, 0.47468534] 2.5906823 0.8413954 0.9560081 1.2923331
[8642, 0.48738924, 0.97350067, 7.4832735, 0.45290703] 2.4195244 0.8504732 0.9394356 1.4509192
[8643, 0.5109483, 0.9919545, 6.7673798, 0.43093213] 2.6208436 1.0433705 0.8833366 1.1693839
[8644, 0.44593787, 1.0717149, 5.1365037, 0.6556799] 2.7858553 0.9127628 0.98456526 1.3324218
[8645, 0.5171296, 0.98193246, 6.3293533, 0.49837002] 2.6435459 0.9976391 0.98163795 1.1309146
[8646, 0.5213872, 0.9975911, 5.433627, 0.5564808] 2.7421813 0.79687536 0.94471097 1.3795474
[8647, 0.5515744, 0.9823685, 6.1223645, 0.53365207] 2.6394868 1.0603789 1.0127473 1.1648457
[8648, 0.414171, 1.0505841, 7.432804, 0.5222075] 2.59294 0.9685557 0.95642793 1.2058911
[8649, 0.5122518, 0.99209416, 4.854397, 0.5430307] 2.7844484 0.8628152 0.99533427 1.3068894
[8650, 0.4833103, 1.0412768, 4.4365344, 0.5251866] 2.8981776 0.8782744 0.9281116 1.3041341
[8651, 0.42657608, 1.1103878, 3.0454051, 0.6223566] 3.1688743 0.9339261 0.77142125 1.2904885
[8652, 0.42419675, 1.0550206, 5.956054, 0.505243] 2.6173425 0.9915837 0.9664553 1.299666
[8653, 0.46479964, 1.031285, 7.1114244, 0.57359433] 2.4664571 1.0037045 0.9548301 1.4362618
[8654, 0.5216481, 1.0007341, 4.5971212, 0.4459419] 2.8060863 0.8971727 0.9863904 1.2415173
[8655, 0.46674672, 1.0263638, 7.0601645, 0.5023777] 2.7205362 0.86104417 0.82167894 1.1608509
[8656, 0.44420472, 1.0111922, 7.885902, 0.3857233] 2.5273044 0.9875244 0.9118467 1.1737847
[8657, 0.5130433, 0.99415886, 7.078875, 0.49245736] 2.493386 0.95575815 0.9502476 1.3833108
[8658, 0.5739733, 0.9519781, 4.726314, 0.49400908] 2.7988164 0.981452 1.048842 1.148212
[8659, 0.540689, 0.9712417, 6.313158, 0.5588791] 2.5771325 1.0872808 0.98106134 1.228771
[8660, 0.40059555, 1.067257, 6.91488, 0.50554085] 2.6283462 0.98994696 0.85804915 1.1912721
[8661, 0.54214156, 1.0049455, 4.74308, 0.4591695] 2.8054416 0.944512 0.9319294 1.2554866
[8662, 0.42990032, 1.0497782, 6.4043574, 0.46038574] 2.6186898 0.8285234 1.0375518 1.219241
[8663, 0.5013618, 0.92980695, 7.153578, 0.38919607] 2.2941658 0.89314055 0.96034217 1.3077091
[8664, 0.4316631, 1.0130221, 7.769254, 0.52371305] 2.432116 0.90513843 0.92202616 1.3983268
[8665, 0.51387423, 1.0093682, 4.9956403, 0.5928125] 2.849842 0.81295514 0.8982579 1.3214747
[8666, 0.5152866, 1.0666747, 3.1234784, 0.6286984] 3.1966846 0.9227121 1.0631845 1.0566626
[8667, 0.42918175, 1.0583907, 6.5083075, 0.5565139] 2.4958305 1.0131049 1.017058 1.3146514
[8668, 0.52070767, 1.0447036, 3.6395395, 0.68515843] 3.0891166 0.8857497 0.9563734 1.1725128
[8669, 0.61796796, 0.91157657, 5.860259, 0.6090842] 2.7107959 1.0387768 0.88192123 1.1479667
[8670, 0.46105972, 1.0218259, 6.940044, 0.70402914] 2.580829 1.130948 0.8981727 1.217385
[8671, 0.45501354, 0.9532996, 6.3935, 0.2934251] 2.3359413 0.8196748 1.0726068 1.1397558
[8672, 0.44252774, 1.0402329, 5.822885, 0.51826733] 2.6732264 0.9530735 0.86622 1.3661265
[8673, 0.4150877, 1.0412418, 7.611906, 0.6559129] 2.3722699 0.94006115 0.9288771 1.3349674
[8674, 0.4628524, 1.0335546, 6.3171415, 0.50998133] 2.6855583 1.0526959 0.9266643 1.1247312
[8675, 0.4233794, 1.0520111, 6.820688, 0.6998401] 2.6629424 0.7900589 0.9754554 1.2698162
[8676, 0.41164905, 1.0154793, 7.970163, 0.48250782] 2.4168663 0.92844355 0.91407174 1.306298
[8677, 0.49560466, 1.024221, 5.9207535, 0.5469297] 2.6187665 1.1803528 0.9646477 1.1482741
[8678, 0.48490325, 1.0399474, 5.466052, 0.57499504] 2.7716153 0.73389447 0.9903889 1.3130156
[8679, 0.5599748, 0.98799765, 4.4745874, 0.5917324] 2.7162588 0.902609 0.86456054 1.6569586
[8680, 0.5291816, 1.0047879, 4.727936, 0.46045312] 2.695274 0.9844628 0.9064389 1.3843931
[8681, 0.45302042, 1.0314102, 6.251887, 0.4059392] 2.611202 0.97401065 1.029603 1.2456796
[8682, 0.46360773, 0.9726714, 7.2935023, 0.37771714] 2.3620605 1.1336685 0.9610361 1.1522479
[8683, 0.50934625, 0.9988949, 5.445446, 0.5588509] 2.7672453 0.9093379 0.88996816 1.3230639
[8684, 0.44573104, 1.1090947, 2.9501965, 0.7007711] 3.2426894 0.79606134 0.83753103 1.3503691
[8685, 0.5576859, 0.99043196, 4.7615623, 0.5042045] 2.8255868 0.91081446 0.9780385 1.2958211
[8686, 0.43011117, 1.00355, 7.3517017, 0.44974208] 2.4255347 1.0840279 0.9393357 1.253743
[8687, 0.45960182, 1.0107028, 7.412803, 0.44153687] 2.4271445 1.0108273 0.89701873 1.3139713
[8688, 0.47637832, 1.0050066, 6.927164, 0.5099379] 2.372324 0.9944496 1.0592482 1.3775498
[8689, 0.48444745, 1.0087463, 6.115021, 0.46958283] 2.4858415 0.99269307 1.0183591 1.3059813
[8690, 0.48383287, 1.0388943, 3.828466, 0.48323187] 2.9652543 0.95465297 0.8097629 1.3348414
[8691, 0.3576912, 1.0441083, 7.209992, 0.37873954] 2.4659722 0.86340266 0.9785781 1.1743058
[8692, 0.46840203, 1.0697453, 3.525458, 0.54774123] 3.0618384 0.9357744 0.85258925 1.2806293
[8693, 0.54845864, 1.0077796, 3.4039786, 0.501927] 2.946665 0.9362287 0.99499696 1.2873908
[8694, 0.50650233, 1.0123147, 5.7257123, 0.48557597] 2.6177285 1.0498234 1.019848 1.2291055
[8695, 0.4516238, 1.0101844, 6.474432, 0.4768357] 2.4206336 1.1197548 0.9106307 1.4179302
[8696, 0.47717702, 1.0104611, 5.7734404, 0.57673645] 2.7275395 0.8009871 0.96092117 1.2474085
[8697, 0.46877187, 1.0638379, 3.5212476, 0.60093606] 2.9413044 0.97189176 0.92949396 1.3367393
[8698, 0.48367253, 1.0218776, 6.5128083, 0.44051927] 2.6723425 0.90459895 0.9602807 1.0216862
[8699, 0.5083955, 0.9859232, 8.116976, 0.57611287] 2.4665372 0.9527728 0.91026413 1.3851345
[8700, 0.5533604, 0.9876925, 4.63804, 0.500294] 2.8300643 1.0092132 0.9332213 1.229992
[8701, 0.49192518, 1.0221903, 4.269634, 0.5102744] 2.7576425 0.971275 1.02932 1.261299
[8702, 0.42316923, 1.0429162, 6.8355856, 0.7691847] 2.4560835 1.0116491 0.964869 1.4218426
[8703, 0.41542354, 1.0387543, 6.8685384, 0.6494392] 2.4377823 0.9524252 1.0341321 1.399167
[8704, 0.541245, 0.9936302, 5.416353, 0.6497918] 2.6107662 0.95691615 0.95167744 1.4559294
[8705, 0.46738186, 0.99727136, 6.8543935, 0.54368865] 2.6090112 0.9909355 0.89002156 1.1657171
[8706, 0.49980223, 1.0106791, 5.436022, 0.37966135] 2.5402954 0.98618025 1.0748322 1.3632044
[8707, 0.506271, 0.89592314, 6.585948, 0.29252917] 2.1109095 0.8759609 0.9947148 1.4266481
[8708, 0.50356364, 1.0275049, 4.735244, 0.51297635] 2.807643 0.86227125 1.0488969 1.2741388
[8709, 0.461929, 1.0220088, 7.140534, 0.44778034] 2.6553066 0.8895947 0.91829693 1.164503
[8710, 0.49874872, 1.0039515, 7.0639815, 0.5708269] 2.619614 0.9795381 0.94824564 1.153063
[8711, 0.4999403, 1.0028145, 6.418763, 0.4780206] 2.583238 0.98344064 0.95956355 1.207623
[8712, 0.4779692, 0.9995793, 8.451806, 0.4823109] 2.3346307 0.9514489 0.90354365 1.494223
[8713, 0.51346505, 1.0096582, 4.5057364, 0.5674113] 2.8460097 0.9858751 0.9187075 1.1730462
[8714, 0.49056804, 1.0122476, 6.937871, 0.6823265] 2.7660232 0.87266535 0.91076946 0.96778417
[8715, 0.50232804, 0.97829616, 8.180562, 0.5408153] 2.4538949 1.0285989 0.86955476 1.2333235
[8716, 0.56080467, 0.9579935, 4.4634037, 0.42095658] 2.658303 0.9171085 0.91642475 1.5296571
[8717, 0.5159548, 1.0247293, 3.5921743, 0.5313655] 3.0216403 0.78132915 0.9628507 1.3273805
[8718, 0.51756686, 1.027052, 3.6673265, 0.52838296] 2.995463 0.82441807 0.90752906 1.2655526
[8719, 0.3833211, 1.0020208, 6.9623218, 0.412936] 2.141881 1.1500577 1.0441461 1.3390138
[8720, 0.45515832, 1.055827, 4.5238256, 0.5608039] 2.7129369 1.0608733 0.9716213 1.4070396
[8721, 0.45933306, 0.97586423, 6.9671845, 0.3656204] 2.2697878 1.0270877 1.0071969 1.2092639
[8722, 0.5651568, 0.99128634, 4.5072036, 0.5799197] 2.85605 0.9096053 0.8297911 1.4159864
[8723, 0.5343596, 1.0123532, 5.0553083, 0.5055642] 2.831323 0.9139015 0.96052253 1.1715248
[8724, 0.58535403, 0.90108055, 6.687464, 0.4319328] 2.4828112 0.9757708 1.0268887 1.2691778
[8725, 0.5040475, 1.0214351, 5.719512, 0.57168067] 2.7289953 0.83106935 0.9726019 1.3666723
[8726, 0.4919339, 0.98690754, 5.925065, 0.51586604] 2.79482 0.94220626 0.83882105 1.162071
[8727, 0.5080306, 1.0265598, 4.0881433, 0.5015924] 2.8392146 0.9905431 0.967911 1.1999348
[8728, 0.5122143, 1.0562372, 3.256925, 0.62620366] 3.0789506 0.84918463 1.00122 1.2334085
[8729, 0.41861016, 1.0314748, 7.8112497, 0.42181396] 2.4252806 0.99538124 0.91231436 1.3674153
[8730, 0.56108725, 0.9615259, 5.622219, 0.6800315] 2.6064446 1.0782666 1.035213 1.1959486
[8731, 0.5905871, 0.95028025, 4.4885945, 0.51647294] 2.6340818 0.9159987 1.1176034 1.4609587
[8732, 0.48722994, 0.9431798, 7.0403166, 0.32928827] 2.3560886 0.7961141 0.86472154 1.3033544
[8733, 0.40893114, 1.0270324, 7.541069, 0.52464795] 2.2250516 1.0523973 1.0667907 1.4272029
[8734, 0.48575908, 1.0182031, 6.3507466, 0.45242345] 2.6847136 1.0034109 0.82389635 1.2632415
[8735, 0.45105338, 1.0211456, 7.6332664, 0.3929235] 2.4237757 0.9920014 0.9373943 1.348823
[8736, 0.43511805, 1.052341, 5.6160636, 0.47089103] 2.75076 0.90272266 0.9469974 1.1830004
[8737, 0.52865326, 0.9435446, 7.644077, 0.43910125] 2.4189098 0.9691428 1.0701709 1.1356704
[8738, 0.60081464, 0.9869177, 3.4093454, 0.5496863] 3.1110857 0.8024198 0.92167693 1.2215633
[8739, 0.506058, 1.021345, 4.815499, 0.5892927] 2.8161278 0.9316645 0.8779925 1.2934749
[8740, 0.5261332, 1.0596498, 3.3339381, 0.63481563] 3.1151037 0.9116284 1.048282 1.0879667
[8741, 0.47766927, 0.9676274, 7.3260818, 0.38455516] 2.3150358 0.9599324 1.0623304 1.270261
[8742, 0.47359896, 0.97278714, 7.6955986, 0.3891552] 2.366068 1.0230088 0.95941275 1.2778232
[8743, 0.42744747, 1.0657122, 7.8162384, 0.53217] 2.439542 1.0477271 1.0031148 1.3725431
[8744, 0.36849898, 1.0537838, 6.9009624, 0.4515474] 2.4972 0.9629493 0.9358398 1.2914582
[8745, 0.48584315, 1.0227497, 6.379752, 0.58553255] 2.5976212 1.0450591 0.92064816 1.3832207
[8746, 0.4702405, 1.0140878, 7.3272734, 0.39721805] 2.6818814 0.93565416 0.7525509 1.1104051
[8747, 0.4537873, 1.002717, 7.70569, 0.57300836] 2.4136736 0.97577447 0.9636692 1.3833648
[8748, 0.493858, 1.0267601, 5.374443, 0.5608843] 2.8259017 1.0513136 0.837358 1.1536855
[8749, 0.45069328, 1.032407, 6.7062173, 0.46093127] 2.6032495 0.8641873 1.0270808 1.2966375
[8750, 0.55152905, 0.9976916, 4.1501865, 0.4622715] 2.9113226 1.1171827 0.9673387 1.0770404
[8751, 0.4294984, 1.0547311, 5.827929, 0.4537771] 2.7466097 1.014304 0.9013441 1.1203041
[8752, 0.4907165, 1.0902661, 2.7792375, 0.6083477] 3.2293746 0.7127879 1.0510387 1.166671
[8753, 0.4638745, 1.0971351, 3.2057927, 0.5981432] 3.138789 0.8654658 0.75749105 1.319588
[8754, 0.5733181, 0.9413897, 5.29918, 0.57178646] 2.5956204 1.0106753 1.052443 1.3951871
[8755, 0.36256105, 1.0369056, 8.109338, 0.4888672] 2.4962528 0.8375215 0.9860417 1.2644565
[8756, 0.5560617, 0.9514554, 7.0978403, 0.53705215] 2.558196 1.0141776 0.8736204 1.2318826
[8757, 0.5247868, 1.0419822, 3.8036258, 0.54633105] 2.9621327 0.84455484 0.9500697 1.3849325
[8758, 0.43248585, 1.0327755, 8.30787, 0.50677645] 2.6386437 0.94465137 0.868377 1.052112
[8759, 0.50388426, 0.9887932, 6.526737, 0.544681] 2.536018 0.97040415 0.95008343 1.4093378
[8760, 0.525315, 0.8941728, 6.680421, 0.33125564] 2.1082242 1.0619559 1.0161476 1.3502756
[8761, 0.3880319, 1.0552713, 7.726589, 0.554228] 2.5162745 0.9770134 0.8968663 1.290307
[8762, 0.5126092, 0.99049294, 4.570214, 0.44857806] 2.7022467 0.89516807 1.0654981 1.3807878
[8763, 0.4749352, 1.0131791, 7.0420227, 0.633919] 2.5999663 0.9553475 0.9645823 1.176904
[8764, 0.44455433, 1.0292262, 7.1358347, 0.47230273] 2.6029634 0.9362752 1.0178121 1.0093648
[8765, 0.51994514, 0.87471795, 6.288457, 0.27079195] 2.1109445 1.054872 0.977526 1.2461236
[8766, 0.48222092, 1.0180979, 6.2019563, 0.4795389] 2.6176028 0.9757813 0.99244565 1.1991208
[8767, 0.5285702, 1.014686, 5.2388763, 0.96285784] 2.637252 1.0213181 0.94627887 1.432807
[8768, 0.51786315, 1.0008255, 5.74476, 0.55246824] 2.5627058 1.0725818 0.95430374 1.4306985
[8769, 0.48022616, 1.0650061, 3.7766876, 0.539453] 2.9941432 0.906709 0.98583084 1.1454905
[8770, 0.5260797, 1.0001208, 6.1433334, 0.6782965] 2.5643914 0.93149585 1.1498352 1.2194675
[8771, 0.47134084, 1.0127202, 6.7038527, 0.5796034] 2.5921912 0.91027987 0.8997254 1.3714569
[8772, 0.59691745, 0.9790542, 4.399075, 0.6493904] 2.9327755 0.7954574 0.843576 1.4209275
[8773, 0.5422549, 0.9592541, 5.9332676, 0.57537544] 2.6509821 0.93011385 1.051651 1.156515
[8774, 0.43746996, 1.0249015, 7.1507154, 0.5707295] 2.593544 0.941347 0.83889055 1.2704389
[8775, 0.41167355, 1.0618595, 6.3174796, 0.5639004] 2.5765398 0.939541 1.0730697 1.2415174
[8776, 0.61337817, 0.9034213, 5.826148, 0.5538695] 2.7879026 0.9752001 0.870542 1.0820934
[8777, 0.44897568, 1.0168128, 6.367137, 0.49842933] 2.5517342 1.0705987 0.9024393 1.3172686
[8778, 0.45273328, 1.0238941, 6.2517347, 0.40349722] 2.5446172 1.1028414 1.0672799 1.0261601
[8779, 0.45366773, 1.0272212, 6.89899, 0.55896986] 2.8211138 0.81313413 0.7837016 1.1675014
[8780, 0.5003155, 1.0077009, 4.827211, 0.6874365] 2.7977414 1.0935109 0.90153384 1.0951946
[8781, 0.55914605, 0.9579615, 5.6798716, 0.4775056] 2.5927553 0.8975605 0.9485617 1.5303943
[8782, 0.51484007, 0.99386907, 6.131009, 0.5345783] 2.4775789 0.9731988 1.208554 1.2737199
[8783, 0.4235565, 1.0255349, 7.7081757, 0.5255701] 2.386127 1.0379114 0.90344435 1.4341958
[8784, 0.5576896, 1.0061444, 3.7118404, 0.52989006] 2.972171 0.99420315 0.9006752 1.2648883
[8785, 0.53508466, 0.97802085, 6.037066, 0.48820367] 2.4857044 0.93238306 1.0232472 1.5148562
[8786, 0.50213695, 0.9967238, 4.8687825, 0.4764074] 2.8514092 0.9267615 0.810998 1.3154641
[8787, 0.5136455, 0.8762181, 6.233871, 0.24800818] 2.0421052 0.9811102 1.0048239 1.366981
[8788, 0.49819884, 1.0277163, 4.950908, 0.530435] 2.6169107 1.0421522 1.011734 1.3504114
[8789, 0.5065543, 1.0116289, 6.0848346, 0.5558375] 2.6735091 0.9381814 0.9266002 1.3112856
[8790, 0.5540802, 0.97927606, 4.117111, 0.51697737] 2.8606656 0.9725714 0.93179154 1.2976879
[8791, 0.38741466, 1.0075736, 7.203113, 0.38428947] 2.4402537 0.75461245 0.9995764 1.1498581
[8792, 0.48679754, 1.0350493, 6.19482, 0.60040027] 2.7466946 0.96053773 0.889853 1.2070996
[8793, 0.50408906, 1.0242931, 4.9810734, 0.5131331] 2.838184 0.9544253 0.8338782 1.3043157
[8794, 0.44033647, 1.0207165, 7.426694, 0.52666044] 2.4983752 0.9610102 0.92444426 1.3063034
[8795, 0.52119595, 0.9923427, 6.5951076, 0.44347882] 2.6377418 0.9203789 0.90257573 1.2374113
[8796, 0.5080877, 0.9986409, 5.9518595, 0.40322876] 2.742008 0.8816579 0.87487227 1.2141186
[8797, 0.4064094, 1.0638582, 7.4152737, 0.59042066] 2.5447133 0.9531377 0.85664123 1.3026065
[8798, 0.44010654, 1.0328351, 7.1384754, 0.5147632] 2.5186808 1.008878 0.96269906 1.1979413
[8799, 0.4266957, 1.0461864, 5.4776425, 0.4553512] 2.6762216 0.86606556 1.0034349 1.324468
[8800, 0.44242555, 1.039535, 7.0224743, 0.5672825] 2.5894241 0.98837525 1.0052607 1.163492
[8801, 0.47496247, 1.022332, 7.710163, 0.6771316] 2.6822767 0.84827125 0.7984665 1.2279421
[8802, 0.5420718, 1.0146977, 3.5162122, 0.50817966] 2.9603932 0.9160044 0.8997093 1.4042534
[8803, 0.4044967, 1.0476357, 7.478452, 0.6086973] 2.4553254 0.9048622 0.98799014 1.3248678
[8804, 0.52700204, 1.0067155, 4.344626, 0.4597216] 2.7524629 0.989962 0.9667387 1.3028325
[8805, 0.564197, 0.99973506, 3.8736115, 0.44317466] 2.8521426 0.92503977 1.0203061 1.3519967
[8806, 0.49464396, 0.9981181, 6.858139, 0.583531] 2.5303786 0.9331071 0.9111414 1.3287839
[8807, 0.4024161, 1.0238988, 7.310165, 0.40618578] 2.2842703 1.0027148 1.1059468 1.3465599
[8808, 0.4762336, 1.046167, 5.8560743, 0.6207054] 2.704965 0.88927406 0.927983 1.303403
[8809, 0.47849682, 1.0046018, 8.11886, 0.5479708] 2.4102337 1.0139552 0.95560867 1.2607695
[8810, 0.44817585, 1.0411887, 6.94314, 0.591821] 2.5045218 0.84425145 1.0260078 1.4353491
[8811, 0.44261435, 1.0367577, 7.567871, 0.48729536] 2.48734 1.0136044 0.9962159 1.1677723
[8812, 0.4442618, 1.0256475, 7.8198338, 0.59637487] 2.581713 0.93580204 1.0490615 1.0569162
[8813, 0.48164672, 1.0819803, 3.2243176, 0.63967884] 3.1244066 0.94961447 0.8724788 1.3254395
[8814, 0.53144705, 0.9923967, 4.8946123, 0.5070608] 2.6297085 1.0048943 0.9873115 1.3887967
[8815, 0.5418257, 0.97672963, 5.8859997, 0.569356] 2.6705585 1.0528184 0.99943703 1.1070883
[8816, 0.40734372, 1.0241537, 7.712049, 0.53161895] 2.3912454 0.9292492 1.000443 1.2929766
[8817, 0.40984675, 1.0676067, 6.5953784, 0.5315539] 2.6458268 0.8589733 1.0952026 1.2060167
[8818, 0.40354612, 1.004858, 7.69762, 0.48088184] 2.3128552 1.0163023 0.9094321 1.3863698
[8819, 0.46108073, 0.99836606, 7.634991, 0.5181935] 2.3543723 1.0903729 0.9386481 1.3215739
[8820, 0.4622685, 1.0216415, 5.905117, 0.4320336] 2.716979 1.0941913 0.80108595 1.025821
[8821, 0.45663035, 0.9584183, 6.8821106, 0.30089062] 2.129659 1.0206864 1.0314348 1.4511063
[8822, 0.50999933, 0.98664045, 5.583094, 0.49462545] 2.631561 1.1296856 0.9402157 1.1296674
[8823, 0.55523545, 1.01539, 4.0107694, 0.58268875] 2.683777 0.91122603 1.190946 1.4992442
[8824, 0.49336103, 0.99813676, 6.09152, 0.5360589] 2.6935468 1.1896038 0.8740652 1.0377833
[8825, 0.4848866, 1.0225402, 5.9683294, 0.6345273] 2.673884 0.95077634 0.9540091 1.3261281
[8826, 0.49913734, 1.0098344, 6.7308855, 0.80020595] 2.4184713 1.0607547 0.9755267 1.4853634
[8827, 0.3866076, 1.0643246, 5.9433374, 0.53691465] 2.6066797 1.0337318 0.9224855 1.3333483
[8828, 0.5378067, 0.9801658, 5.7837143, 0.45239338] 2.7648106 0.9301865 0.9024811 1.0877829
[8829, 0.4240661, 1.0479933, 7.2293367, 0.44713494] 2.3204854 0.93293315 1.1257155 1.4998906
[8830, 0.5530043, 1.0001204, 5.3239193, 0.62240404] 2.7236965 0.94468254 0.9626517 1.346533
[8831, 0.43402958, 1.0217646, 6.97134, 0.40112272] 2.4221797 1.0431917 0.9771447 1.3785268
[8832, 0.46651953, 1.0296935, 5.484714, 0.47892997] 2.7134817 0.8897605 0.92776775 1.3373029
[8833, 0.4868096, 0.9866467, 6.8083377, 0.51021385] 2.5365705 1.0439693 0.9389465 1.3260655
[8834, 0.5052221, 0.88579243, 6.4426312, 0.28893214] 2.2063532 0.9796991 0.8873708 1.2561939
[8835, 0.5308653, 1.0056654, 4.8224893, 0.5310573] 2.8908877 0.93770003 0.87390184 1.2320042
[8836, 0.48453078, 1.0428506, 4.684566, 0.60180926] 2.7584329 0.963396 0.9189096 1.4018297
[8837, 0.42476138, 1.0315596, 7.9136896, 0.50080645] 2.4459527 1.0961667 0.934508 1.2423445
[8838, 0.4024482, 1.0585434, 6.77974, 0.5402748] 2.4336987 1.0494977 0.96548223 1.3334526
[8839, 0.44377992, 1.0376011, 6.4630713, 0.5181996] 2.6951506 0.89866096 0.95594686 1.1799483
[8840, 0.58431435, 0.9616152, 4.308325, 0.53732] 2.8266306 1.0314779 0.99145997 1.134241
[8841, 0.48513004, 1.0519325, 3.7681293, 0.5848085] 2.9993196 0.89647955 0.9798296 1.2482975
[8842, 0.5305278, 0.9840333, 5.4610047, 0.6702176] 2.7811706 1.1277484 0.84448975 1.1429806
[8843, 0.6252205, 0.9381543, 4.5262394, 0.4726326] 2.8692198 0.842136 0.8602307 1.338162
[8844, 0.5294661, 1.0127982, 4.720469, 0.5543798] 2.7650383 1.0992073 1.0057756 1.2021577
[8845, 0.44722643, 1.039699, 6.214487, 0.5695742] 2.6490128 1.1051407 0.8880159 1.1805629
[8846, 0.5041495, 0.99565643, 4.4285293, 0.55894816] 2.8855891 0.8553731 0.85499215 1.2962008
[8847, 0.52462566, 0.99943984, 4.6154056, 0.45829245] 2.8554602 0.9136988 0.9445497 1.2563356
[8848, 0.51512235, 0.9917857, 6.609503, 0.5138798] 2.523852 0.90213364 1.0473458 1.3352921
[8849, 0.47659236, 1.0369204, 6.339576, 0.60817015] 2.596199 0.9258883 1.0101945 1.323995
[8850, 0.6160711, 0.92737013, 3.9002633, 0.46447688] 2.8076313 0.9120717 1.0019867 1.4951417
[8851, 0.44634375, 1.0167228, 7.810628, 0.5998668] 2.6875577 0.9680021 0.7493313 1.1235471
[8852, 0.4288071, 1.0293478, 6.886683, 0.42468554] 2.609684 0.8538293 0.89254856 1.2200683
[8853, 0.5309081, 0.98116916, 6.1418133, 0.5214177] 2.7027526 0.9481841 0.903253 1.334601
[8854, 0.4653589, 1.0196024, 7.088287, 0.5396793] 2.6254056 0.91334605 0.9625498 1.1447053
[8855, 0.49457356, 1.0222188, 6.0360837, 0.73986286] 2.474055 1.1037289 0.95327437 1.4355161
[8856, 0.5539772, 0.974644, 5.6641803, 0.46386725] 2.6878963 1.1433395 0.9239119 1.1610521
[8857, 0.52899957, 0.971552, 5.8550315, 0.66321635] 2.8204331 0.9608893 0.968326 1.0342106
[8858, 0.477702, 1.034712, 6.6884127, 0.63107103] 2.6706154 0.8917588 0.8131558 1.3776623
[8859, 0.43834937, 0.9698321, 7.923801, 0.36446944] 2.3442183 0.9710623 0.98964864 1.2207409
[8860, 0.4905127, 0.88856167, 6.850831, 0.32946324] 2.3352904 0.9389948 0.87347865 1.0632833
[8861, 0.49318087, 1.024686, 4.4949265, 0.5113289] 2.875326 0.95301914 0.8202272 1.2469511
[8862, 0.47166553, 1.0105274, 7.772537, 0.53837585] 2.3118029 0.96117264 1.0075252 1.5509292
[8863, 0.45530328, 1.0182766, 6.836998, 0.3990037] 2.5903368 1.0471985 0.8680507 1.201835
[8864, 0.49590194, 1.0290885, 5.046219, 0.5327933] 2.7078207 1.0170733 0.9909366 1.276224
[8865, 0.57589173, 0.95973945, 5.7109284, 0.4809495] 2.9249063 0.88851976 0.79786587 1.0502945
[8866, 0.55097663, 0.9856785, 3.8313076, 0.46633625] 2.9878511 0.933504 0.980777 1.1246618
[8867, 0.47118333, 1.036701, 6.1866016, 0.5494552] 2.621869 1.0038123 0.92667663 1.2959433
[8868, 0.48507738, 1.0160688, 5.6344543, 0.5038407] 2.5175662 1.1498375 0.98726463 1.3750304
[8869, 0.56757647, 0.9706468, 4.0459747, 0.510239] 2.7648928 0.98409116 0.9269818 1.4241475
[8870, 0.4346892, 1.0299053, 7.6994996, 0.57919484] 2.4993355 0.96394056 0.94253373 1.3227125
[8871, 0.4608659, 1.0300733, 5.764273, 0.47703233] 2.7263 1.052012 0.961627 1.0842766
[8872, 0.5060972, 0.97630167, 7.23521, 0.39762005] 2.2964833 1.0648991 0.9165115 1.5035502
[8873, 0.46237737, 1.0435026, 6.3231955, 0.5362006] 2.6385217 0.8889769 0.98200154 1.2851496
[8874, 0.4940988, 1.0550858, 3.72856, 0.59943163] 2.995192 0.84868443 0.98746693 1.2989023
[8875, 0.36952114, 1.0522107, 7.840126, 0.4242771] 2.336703 1.1327614 0.86614364 1.4029492
[8876, 0.5598775, 0.98319304, 4.49916, 0.5787857] 2.716806 0.9067775 1.0537648 1.4743432
[8877, 0.46767023, 1.0314865, 6.366602, 0.5655734] 2.6181586 0.9760445 0.9135604 1.2651917
[8878, 0.5584687, 0.9783603, 4.7453747, 0.4884004] 2.943033 0.7778489 0.8721721 1.1988813
[8879, 0.4497349, 1.0297809, 7.146963, 0.64065313] 2.6569703 0.8318801 0.9114459 1.2160015
[8880, 0.44897392, 1.0422406, 6.105586, 0.49077466] 2.5983546 0.956452 0.929835 1.3029393
[8881, 0.43116352, 1.0254679, 7.5798435, 0.46388167] 2.377719 1.108029 0.9590339 1.2218609
[8882, 0.5414038, 0.9775015, 5.5045877, 0.59462214] 2.7407007 1.0698524 0.936984 1.1618984
[8883, 0.5322595, 1.0247449, 4.894285, 0.6882624] 2.8443172 0.87378657 0.93787515 1.2851725
[8884, 0.43147713, 1.0203539, 7.3716006, 0.5334201] 2.4288895 0.88767344 0.97245175 1.3323662
[8885, 0.54887927, 0.9605486, 5.213745, 0.5254269] 2.7104964 0.8683618 1.0276948 1.2901953
[8886, 0.41140708, 1.0292073, 7.8640537, 0.5150065] 2.5231996 0.97228044 0.9038654 1.1821603
[8887, 0.5037082, 0.9805021, 7.321941, 0.62686676] 2.580858 0.96596247 0.83777183 1.3105302
[8888, 0.4887344, 0.9995349, 6.1087737, 0.45018092] 2.6488326 0.9083811 1.0042589 1.2468365
[8889, 0.38754952, 1.0514535, 7.629861, 0.68010366] 2.498392 1.1305265 0.9417329 1.1562643
[8890, 0.47891816, 1.0203527, 6.421884, 0.5414535] 2.607227 0.91867083 1.0912131 1.2155862
[8891, 0.43663788, 1.0252867, 7.3560038, 0.5247595] 2.3396635 1.0011032 0.95558614 1.4681615
[8892, 0.49682134, 1.0132656, 5.82028, 0.5460979] 2.7582462 0.9550299 0.88264644 1.2103686
[8893, 0.42583543, 0.99656355, 6.8188305, 0.35325208] 2.329239 0.9360513 0.9998343 1.3702414
[8894, 0.51572245, 0.9902698, 6.622555, 0.4451544] 2.624043 0.813348 0.9413431 1.2754705
[8895, 0.4738319, 1.0259175, 5.163826, 0.4767271] 2.752687 0.82539403 0.909321 1.3910223
[8896, 0.52405673, 1.0044473, 4.824941, 0.5671131] 2.8468275 0.8966355 0.92221045 1.3283832
[8897, 0.426366, 1.0226779, 7.4478807, 0.40851292] 2.5050757 1.0134149 0.95097375 1.218674
[8898, 0.4842365, 1.0047237, 4.586279, 0.48930642] 2.7014546 1.047981 1.0656554 1.2607136
[8899, 0.49956006, 1.0315708, 3.997231, 0.5641287] 2.9638536 0.9497836 0.92104703 1.1853236
[8900, 0.43648088, 1.0421633, 5.4267297, 0.55393827] 2.8272617 0.84502375 0.8358956 1.3058428
[8901, 0.41221642, 1.0758933, 4.291291, 0.5266088] 2.780206 0.8826855 0.95704985 1.3886007
[8902, 0.45480517, 1.0409739, 6.283899, 0.5254515] 2.6556153 0.87263453 0.96805686 1.2665185
[8903, 0.54536575, 1.0117956, 4.1256948, 0.59022397] 2.929159 0.94845474 0.8562028 1.3124768
[8904, 0.45532104, 1.01227, 6.736809, 0.5675139] 2.5660148 1.0423142 0.9962739 1.1406479
[8905, 0.3717794, 1.0473027, 8.30583, 0.48102078] 2.3889527 1.1260918 0.8840194 1.2105206
[8906, 0.506757, 0.9944256, 6.4185653, 0.6602301] 2.6143725 0.99288535 0.96689767 1.2455921
[8907, 0.39829543, 1.0115736, 8.623874, 0.48557135] 2.462376 0.8376279 0.79223174 1.2713927
[8908, 0.48649427, 1.0155406, 5.8513327, 0.48253968] 2.6666362 1.1239344 0.83347565 1.2421403
[8909, 0.5491778, 0.98856646, 5.4045362, 0.60639083] 2.591133 1.0003434 0.98612326 1.4968407
[8910, 0.46269494, 1.0578896, 3.9802995, 0.58824366] 2.981339 0.9088632 0.9052708 1.2599444
[8911, 0.38218045, 1.01196, 7.057633, 0.43567327] 2.358766 0.9914717 0.9632482 1.318235
[8912, 0.5002871, 0.96826833, 7.4320226, 0.49753988] 2.3772333 1.0070125 1.028976 1.3203313
[8913, 0.4854517, 1.0301198, 4.191037, 0.5766011] 2.9549382 1.0036887 0.89662933 1.2037468
[8914, 0.4422254, 1.0237255, 5.8936934, 0.5434032] 2.6239438 1.0355576 1.0641297 1.1940281
[8915, 0.44418663, 0.99581206, 7.1500115, 0.42085463] 2.426311 1.0004611 0.9409799 1.2060757
[8916, 0.46798614, 1.0365232, 4.963099, 0.5923432] 2.7490594 0.9402397 1.0452884 1.2807448
[8917, 0.35858917, 1.161865, 2.3201702, 0.54985] 3.2976654 0.7627176 0.9740349 1.228642
[8918, 0.44716954, 0.971475, 7.0462275, 0.3933713] 2.2575226 0.9880315 0.95117956 1.3310876
[8919, 0.32025966, 1.0904838, 7.052836, 0.60063237] 2.5359225 0.8940212 0.9345414 1.4074812
[8920, 0.60817796, 0.9385429, 5.8659835, 0.58035004] 2.952483 0.9030277 0.8959362 0.90108454
[8921, 0.49294162, 1.0286678, 4.452741, 0.49749088] 2.8579957 1.0342256 0.8219257 1.1817913
[8922, 0.45215273, 1.0227277, 6.133651, 0.5010899] 2.6080663 1.0957117 0.9537933 1.1888286
[8923, 0.4316071, 1.0387465, 6.1386642, 0.60272247] 2.5954123 0.9453282 0.9980095 1.4294496
[8924, 0.5103997, 1.0024114, 5.355134, 0.52221704] 2.5360632 1.0577772 1.006758 1.4162217
[8925, 0.53050107, 1.00657, 4.397175, 0.49885523] 2.8490002 0.9429608 0.8853442 1.26147
[8926, 0.47585723, 1.0198703, 5.97446, 0.39065754] 2.7076735 0.9035912 0.8505911 1.2619549
[8927, 0.6205033, 0.9259331, 4.6554585, 0.46027038] 2.7908013 0.85878074 0.90410584 1.4553927
[8928, 0.55316323, 0.9862078, 4.3888097, 0.6861126] 2.9380991 0.85153204 0.9551673 1.1732169
[8929, 0.53932333, 1.0104098, 4.1619077, 0.4708351] 2.8637054 0.7737609 1.0249457 1.4275644
[8930, 0.36869082, 1.0421711, 7.828334, 0.43098885] 2.3246717 0.98705757 0.9941962 1.2753153
[8931, 0.44515496, 1.050122, 4.6998954, 0.5001762] 2.7641351 0.9640346 0.89453596 1.3643528
[8932, 0.5367973, 0.9821983, 5.3908625, 0.5069314] 2.729288 0.9501663 0.84888047 1.3825817
[8933, 0.41574407, 1.0381926, 7.2515817, 0.60219204] 2.4191794 1.1087793 0.92549765 1.3351972
[8934, 0.47748572, 0.9834294, 7.7914705, 0.44922647] 2.572023 0.99207693 0.91687167 1.1348357
[8935, 0.485433, 0.9893904, 7.787621, 0.47055203] 2.352204 0.9404139 1.0806873 1.2408292
[8936, 0.4527346, 1.0359914, 6.895409, 0.6257344] 2.5936182 1.035021 0.86865395 1.2281607
[8937, 0.43500292, 1.0385615, 5.542984, 0.5442546] 2.725568 1.054419 0.851245 1.2505453
[8938, 0.52696484, 0.9916043, 5.4850326, 0.5036215] 2.675369 0.93273526 0.8928951 1.4070665
[8939, 0.55516714, 0.96033037, 4.432675, 0.4649361] 2.6913013 0.9241444 0.9538219 1.3977679
[8940, 0.5740332, 0.9622191, 4.507708, 0.45421973] 2.8394094 0.9134716 1.0001746 1.293952
[8941, 0.5369395, 1.0143893, 4.4672995, 0.5792422] 2.7964716 0.98691076 1.0554005 1.2382302
[8942, 0.56050813, 0.9696031, 5.296792, 0.66280043] 2.9120455 0.9530897 0.84418845 0.99635935
[8943, 0.5730135, 0.9548313, 4.6609035, 0.56024873] 2.7343376 1.1190138 0.89631456 1.2234576
[8944, 0.532705, 0.9842663, 6.647837, 0.5896632] 2.5447617 1.0357585 0.86814195 1.449101
[8945, 0.3954841, 1.0718737, 7.3500085, 0.577452] 2.6674452 0.84923047 0.86936754 1.2392805
[8946, 0.3587266, 1.0524851, 7.7091904, 0.64390296] 2.50276 0.95801824 0.83087754 1.3354461
[8947, 0.5474322, 0.9732153, 5.1647434, 0.5552094] 2.7375493 0.94111896 0.9833662 1.1763273
[8948, 0.49752346, 0.9623102, 6.5659823, 0.4314063] 2.4430535 0.9426847 0.9830031 1.3979242
[8949, 0.42107, 1.0195748, 7.9129105, 0.5379267] 2.3776815 0.9903339 0.9737827 1.2680402
[8950, 0.53245896, 0.9927588, 5.6793175, 0.5846632] 2.6644578 1.0330899 1.0104413 1.197054
[8951, 0.4609886, 0.9241934, 6.185576, 0.2783213] 2.0651193 0.8912878 1.0173466 1.4561939
[8952, 0.47372887, 1.0064638, 6.661136, 0.46125847] 2.408133 1.0866475 0.93281114 1.4051176
[8953, 0.47447446, 1.0327739, 4.651458, 0.60079545] 2.8512979 0.86328775 0.969887 1.249532
[8954, 0.5463027, 0.98273635, 5.3797207, 0.5501096] 2.8305352 0.9467274 0.7307748 1.4124602
[8955, 0.52462834, 1.0208439, 4.0676823, 0.5874171] 2.9058702 0.8301061 0.99151176 1.3014582
[8956, 0.40062612, 1.0831999, 3.44184, 0.44117036] 2.9945989 0.93200654 0.9562384 1.1899757
[8957, 0.51465744, 1.0125774, 4.7924094, 0.63333803] 2.761561 0.8496218 0.9842947 1.3951344
[8958, 0.52082175, 0.9934111, 6.0486283, 0.5253583] 2.6109986 0.9422132 0.9612332 1.3342295
[8959, 0.40604183, 1.0695904, 7.17117, 0.5041773] 2.3958879 0.98774296 1.0560229 1.3771226
[8960, 0.4426588, 1.010254, 8.1045, 0.48127002] 2.5558577 0.77508944 0.7904449 1.2767352
[8961, 0.43098417, 1.1043843, 4.032907, 0.62095785] 2.98114 0.9527565 0.84746987 1.2814165
[8962, 0.43145707, 1.0520093, 5.9822664, 0.5057514] 2.6047802 0.80230814 1.0594141 1.3201572
[8963, 0.49069175, 1.0294561, 5.363808, 0.55960757] 2.6704545 1.1916353 0.8867405 1.1990832
[8964, 0.44851163, 1.0693512, 3.0457928, 0.56349856] 2.968659 1.0132884 1.0037483 1.3748862
[8965, 0.52101916, 1.0507671, 3.5984793, 0.5007678] 2.8335915 1.1923598 0.9141165 1.259708
[8966, 0.45203134, 1.0681126, 3.579083, 0.5480092] 2.808008 1.0836731 1.0571382 1.2965162
[8967, 0.5264588, 0.9821498, 6.130302, 0.60206074] 2.5845072 0.81329775 0.99329865 1.459345
[8968, 0.43777925, 0.98585933, 7.565481, 0.57596534] 2.4614887 1.0219254 0.93352747 1.1128119
[8969, 0.45035213, 0.9933437, 7.592778, 0.46027285] 2.3864937 0.9962314 0.84449446 1.2954711
[8970, 0.5518693, 1.0011415, 4.2097116, 0.49379113] 2.9275832 1.0496193 0.87515444 1.1504916
[8971, 0.45859656, 1.0032209, 7.8964024, 0.48189768] 2.457338 0.99604106 0.92304367 1.2962126
[8972, 0.48610047, 1.0299191, 6.3327537, 0.46643168] 2.5857372 1.0554198 0.8775168 1.165415
[8973, 0.44633207, 1.0213602, 6.296079, 0.55302155] 2.4564028 1.0800915 1.0789462 1.31082
[8974, 0.49479756, 0.979424, 6.566292, 0.4403057] 2.5023675 0.9958683 1.0445546 1.1577121
[8975, 0.4461378, 1.0255935, 7.732644, 0.61296904] 2.614666 0.9111064 0.87705284 1.1395516
[8976, 0.47655386, 1.074477, 3.0735285, 0.5875596] 3.069576 0.97379994 0.84277403 1.3865936
[8977, 0.47677264, 1.0432339, 4.8358984, 0.59542066] 2.8187985 1.0684146 0.90068173 1.1205566
[8978, 0.47406995, 1.020402, 5.8007913, 0.5090109] 2.7428863 0.8910703 0.93229467 1.2703242
[8979, 0.4556104, 1.0287118, 6.9313984, 0.55165535] 2.7030501 0.9566416 0.764926 1.2654803
[8980, 0.48155436, 0.9947566, 6.5034723, 0.44337276] 2.6048417 0.9858417 0.981093 1.095981
[8981, 0.42221102, 0.9966889, 7.4618864, 0.4395352] 2.3257232 0.92714924 1.1541544 1.185518
[8982, 0.53460634, 0.9744788, 5.055605, 0.4335415] 2.6800594 0.9763554 0.9870306 1.2956896
[8983, 0.45986065, 1.0149814, 6.782013, 0.5732962] 2.5800354 1.052714 0.88245004 1.2116234
[8984, 0.5030476, 1.0252296, 3.6304882, 0.37920564] 2.9266448 0.92810524 0.8792115 1.3430566
[8985, 0.330091, 1.1844884, 2.409376, 0.69441795] 3.2975569 0.95367414 0.97704744 1.0785322
[8986, 0.50454146, 1.0042976, 5.1299343, 0.49653715] 2.7247632 0.7859789 0.90376127 1.5114508
[8987, 0.4408455, 1.023657, 6.6470532, 0.5949922] 2.5985856 0.8762685 0.9015415 1.430147
[8988, 0.50850785, 1.0007277, 5.223657, 0.4849914] 2.669399 1.062128 0.9280891 1.3295307
[8989, 0.41881704, 1.0204594, 7.923057, 0.42082036] 2.289194 1.0558715 0.90463567 1.3655003
[8990, 0.4811439, 1.0374777, 3.5645607, 0.54997337] 2.9623344 0.9858936 0.9187897 1.2155418
[8991, 0.4430621, 1.0605097, 6.3668385, 0.40454906] 2.560104 0.8570566 0.9502331 1.4226484
[8992, 0.5103214, 0.9627575, 7.913531, 0.43648422] 2.3503723 0.9691132 1.0117685 1.2177773
[8993, 0.4624801, 1.0437727, 7.162674, 0.5946462] 2.5945635 0.90981275 0.9212463 1.3251181
[8994, 0.531339, 0.98976946, 6.0843215, 0.57403755] 2.739183 0.9120001 0.90509516 1.2312367
[8995, 0.49840018, 0.9408772, 8.313496, 0.40587935] 2.4031734 0.9728119 0.94296217 1.1424513
[8996, 0.437032, 1.0193659, 6.7747445, 0.5715202] 2.3946822 0.96974224 1.0578022 1.3242011
[8997, 0.5112459, 1.0083272, 5.703123, 0.57936734] 2.6791377 1.0357385 0.8870011 1.3364455
[8998, 0.4109165, 1.0259384, 8.235, 0.40375754] 2.3015013 1.0961605 0.96012896 1.2946734
[8999, 0.4735497, 1.0093193, 6.647906, 0.5280911] 2.6493182 0.85971415 1.0380324 1.1366874
[9000, 0.5659351, 0.9775479, 4.193384, 0.46718583] 2.8362954 0.9930043 0.9824485 1.1802347
[9001, 0.42966998, 1.0763301, 6.3042564, 0.5592349] 2.6096852 0.8321654 1.0386603 1.4130942
[9002, 0.49164253, 0.9891804, 7.2368045, 0.64265096] 2.602319 1.0820891 0.9624438 1.0733078
[9003, 0.44788292, 1.03976, 6.207679, 0.45313668] 2.5910277 0.9809697 1.0187668 1.2618843
[9004, 0.5427032, 1.0187645, 4.5018625, 0.5755701] 2.9183054 0.9240596 0.88951707 1.2771965
[9005, 0.5725166, 0.9455274, 4.4312706, 0.6259572] 2.8228984 1.0626063 0.8380319 1.2154323
[9006, 0.43665317, 1.0330203, 7.1352305, 0.53248733] 2.5599222 0.9330328 0.8817779 1.2868906
[9007, 0.46909326, 1.0017366, 6.624442, 0.4455068] 2.635202 0.97043705 0.85864234 1.1730132
[9008, 0.4138662, 1.0298337, 6.5695806, 0.47837684] 2.5189974 0.9574904 0.9547017 1.2054098
[9009, 0.4484883, 1.0178847, 6.512866, 0.47068223] 2.5353553 0.8618767 1.0572773 1.232135
[9010, 0.4313055, 1.1236093, 2.7384129, 0.6700772] 3.0290833 1.0745926 1.1152792 1.3007919
[9011, 0.54777807, 1.005878, 3.8058865, 0.5170424] 2.8722358 0.98579186 1.0856222 1.3374567
[9012, 0.46019414, 0.93826866, 7.7524643, 0.38996023] 2.3333755 0.91011405 0.9062241 1.2308397
[9013, 0.43509737, 1.0292717, 7.097024, 0.5811935] 2.593032 0.9792907 0.8900094 1.2313595
[9014, 0.44668376, 1.0313503, 7.5352592, 0.66053075] 2.6499534 1.0245918 0.9363789 0.9476961
[9015, 0.4180759, 1.0594356, 6.9095616, 0.56031907] 2.543672 0.8551821 1.0054184 1.256678
[9016, 0.47549185, 0.9727662, 7.121575, 0.39954033] 2.3099122 1.1161205 1.1165653 1.1393745
[9017, 0.5774832, 0.98831785, 4.1324935, 0.5695463] 2.8996022 0.77281165 0.9502245 1.4036567
[9018, 0.5248243, 0.96471465, 7.539245, 0.46223494] 2.2569969 1.160561 0.92658705 1.4758534
[9019, 0.43533462, 1.0497445, 7.500185, 0.5220966] 2.3809657 1.0349072 1.0321568 1.3974215
[9020, 0.47804984, 1.0433884, 5.1029296, 0.49231976] 2.753681 0.9479792 1.0579139 1.2319747
[9021, 0.44258234, 1.0301279, 6.103311, 0.50415695] 2.7371485 0.95346403 0.8935993 1.0965053
[9022, 0.50188845, 1.0048312, 4.879439, 0.55949205] 2.6180105 1.0117795 1.0164202 1.3278311
[9023, 0.57729256, 0.9959419, 4.3634686, 0.56331927] 2.7639742 0.94074255 0.8836158 1.4856478
[9024, 0.48366746, 1.0455478, 4.169933, 0.5094346] 2.6380544 0.9962933 0.9850882 1.495093
[9025, 0.612911, 0.9508017, 5.396155, 0.54888153] 2.9494731 0.97578585 0.9356389 0.8766059
[9026, 0.53409976, 0.99854344, 4.891627, 0.51730406] 2.82479 0.8630597 0.926444 1.2492512
[9027, 0.51551306, 1.026076, 4.5005016, 0.58363754] 2.852781 0.9319442 0.9606957 1.2731405
[9028, 0.49658644, 1.0197304, 5.7702928, 0.4967184] 2.6215613 1.0339156 0.80943274 1.4614233
[9029, 0.54277694, 0.99596137, 4.1783724, 0.56897694] 2.9211113 0.9900335 0.86006194 1.1269907
[9030, 0.5006584, 1.0083828, 5.89438, 0.5673387] 2.6894064 1.0536733 0.82443523 1.2846771
[9031, 0.42954937, 1.0232351, 7.2945333, 0.48754916] 2.502958 0.827267 0.9407151 1.4619133
[9032, 0.47085646, 1.0450863, 6.6849113, 0.6463767] 2.6089025 1.0356344 0.9818202 1.1950213
[9033, 0.5494631, 0.9870487, 6.012482, 0.47819123] 2.7637947 0.8416952 0.84816664 1.2832
[9034, 0.40387923, 1.0542145, 6.4163914, 0.37871808] 2.5025642 0.98193944 1.0204113 1.2892522
[9035, 0.59114826, 0.9612937, 4.4736795, 0.6221153] 2.8512762 0.87411594 1.0145588 1.1996883
[9036, 0.47962067, 1.0196997, 5.391909, 0.5915216] 2.8625433 1.0404956 0.87259364 0.97503626
[9037, 0.40582192, 1.0464916, 8.033414, 0.633973] 2.429528 1.0269212 0.88621044 1.3760072
[9038, 0.3635724, 1.0652647, 7.6012244, 0.6218987] 2.5898876 0.81005913 0.9784094 1.3006359
[9039, 0.4211917, 1.0217658, 7.944146, 0.5124229] 2.452321 0.997885 0.9214803 1.19669
[9040, 0.44383913, 1.0103941, 7.236491, 0.4368979] 2.4447515 0.9588895 0.94570464 1.3820485
[9041, 0.4451817, 1.0433549, 6.0510564, 0.4665223] 2.4929988 0.9187564 1.085085 1.2969643
[9042, 0.5477317, 0.98443925, 5.525099, 0.50133145] 2.8290167 0.9376366 0.9969866 1.0109912
[9043, 0.49537408, 1.0256214, 4.5631385, 0.5301323] 2.7330759 0.9443035 0.9010485 1.4621255
[9044, 0.44515893, 1.0420289, 5.5923724, 0.45329043] 2.6864233 0.9422604 0.9231771 1.3287742
[9045, 0.56961054, 0.9767384, 4.511347, 0.5183026] 2.8392594 1.0262423 0.9236768 1.2210757
[9046, 0.5021699, 0.9887563, 6.2588735, 0.5511798] 2.6527555 0.96330905 0.89950156 1.1338494
[9047, 0.3738183, 1.1697048, 2.6635227, 0.93928653] 3.2242167 0.8818293 1.1047801 1.1809248
[9048, 0.586796, 0.94740003, 4.9940352, 0.47124806] 2.6666708 1.0923349 0.9208979 1.3076866
[9049, 0.51267755, 1.0082321, 3.8503616, 0.527036] 2.7856152 0.9679795 0.9161577 1.6203334
[9050, 0.42657366, 1.117713, 3.1889842, 0.63235766] 3.1608047 0.98079246 0.8002483 1.2113042
[9051, 0.43974626, 0.9997785, 8.180092, 0.51415735] 2.5757575 0.8201693 0.7965875 1.2426441
[9052, 0.54293305, 1.0184097, 3.4287891, 0.5569499] 2.9601715 0.9505013 0.97280705 1.2968134
[9053, 0.4811299, 0.9011002, 6.243172, 0.2622769] 2.0294592 1.156377 1.1378175 1.2653551
[9054, 0.5448346, 0.9705198, 6.845663, 0.61850053] 2.4892654 0.9217875 0.9785939 1.4292396
[9055, 0.4985288, 1.0077189, 5.6763654, 0.6146668] 2.6131794 1.0315031 1.014672 1.1843112
[9056, 0.46578857, 1.0291628, 6.4797153, 0.44329008] 2.5185418 1.00979 1.0505438 1.3322396
[9057, 0.5086066, 1.041219, 3.71904, 0.55944365] 2.995783 0.843603 0.82775384 1.4513162
[9058, 0.39635834, 1.0315924, 7.571066, 0.38140342] 2.3116417 0.9684418 1.0433282 1.3278062
[9059, 0.5430406, 0.9979649, 5.505509, 0.57015616] 2.5567431 1.1349267 1.0325106 1.3701875
[9060, 0.46340424, 1.025825, 6.5544405, 0.51434916] 2.56647 0.9507643 0.8992468 1.4021982
[9061, 0.3977524, 1.0485294, 6.6495757, 0.56319577] 2.5504613 0.90727025 0.98204273 1.3181151
[9062, 0.41912672, 0.99210054, 7.9343686, 0.40726325] 2.2932792 0.9697199 0.98450005 1.3344859
[9063, 0.45640934, 1.0335559, 7.3543944, 0.59553885] 2.5913672 0.9092418 1.0327269 1.1943544
[9064, 0.44810307, 1.01969, 7.5523043, 0.5378471] 2.490309 1.087073 0.9002189 1.1930335
[9065, 0.46938685, 1.0268133, 5.9249597, 0.47730166] 2.6932163 0.9054927 0.86366916 1.3008826
[9066, 0.46023268, 1.0314654, 6.0844336, 0.47678265] 2.5618634 1.0283121 0.9498845 1.2862433
[9067, 0.52832836, 0.9918983, 6.087108, 0.5837385] 2.6873765 0.87266326 0.94332784 1.3201898
[9068, 0.47191277, 1.0295485, 5.5311494, 0.4364217] 2.7330878 0.9403199 1.0087838 1.1530917
[9069, 0.47411737, 1.0430143, 5.142318, 0.47413832] 2.7433028 0.947622 0.9289233 1.2971144
[9070, 0.45420656, 1.0195267, 6.639565, 0.50523245] 2.6447744 0.9938642 0.9433875 1.134724
[9071, 0.50490636, 1.0451282, 3.2307477, 0.5531543] 3.0190291 0.8468504 0.888109 1.4018831
[9072, 0.46625227, 1.0117462, 7.1445637, 0.48725966] 2.5074756 0.97911465 1.079825 1.1379354
[9073, 0.5541306, 1.0123209, 3.4964302, 0.57688683] 2.9382331 0.8700959 0.95918834 1.4794084
[9074, 0.49557072, 0.970963, 7.0903673, 0.48295823] 2.255767 1.1073376 0.9469972 1.4786164
[9075, 0.564561, 0.9700821, 5.038381, 0.5530329] 2.8167589 0.91645056 0.9615485 1.1826192
[9076, 0.55494857, 0.97000945, 4.819791, 0.48167834] 2.6686187 0.94629675 1.0355682 1.411247
[9077, 0.39253563, 1.0273962, 7.687602, 0.46275494] 2.4081388 1.0280215 0.98130673 1.1972262
[9078, 0.47424874, 1.0219141, 4.909627, 0.59075963] 2.7062337 1.2035129 0.88998985 1.1336414
[9079, 0.52051264, 0.9906996, 6.9128323, 0.57318777] 2.5933132 1.164427 0.9934493 1.1193041
[9080, 0.55472934, 0.9702741, 4.7922535, 0.4870003] 2.6801038 0.9533061 0.9467129 1.4650973
[9081, 0.39056504, 1.0714813, 7.0342402, 0.5166077] 2.6027272 0.9433841 0.9376265 1.2663199
[9082, 0.49073148, 0.98715913, 7.43121, 0.48118427] 2.4478612 1.1112139 1.1320411 1.0755799
[9083, 0.5474381, 0.96573913, 5.5706673, 0.54066575] 2.5917504 1.053365 0.9127094 1.3949523
[9084, 0.5576158, 0.9833975, 4.388317, 0.55951726] 2.8350403 0.9448718 0.92117983 1.3166909
[9085, 0.57166505, 0.9697985, 4.0889297, 0.6187747] 2.9988575 0.9692887 0.86447185 1.1513956
[9086, 0.5179029, 1.0207428, 5.190135, 0.5625828] 2.799576 0.9358499 0.9412631 1.2199948
[9087, 0.50909245, 1.0055265, 5.083594, 0.51806945] 2.7566633 0.9748982 1.0094526 1.1703868
[9088, 0.49687037, 1.0005057, 6.480802, 0.48759148] 2.587981 1.0187955 1.0226644 1.2016971
[9089, 0.43530527, 1.0589652, 7.0248766, 0.5140962] 2.69774 0.9060043 0.85437065 1.1512512
[9090, 0.4279349, 1.0502114, 5.7869625, 0.49250814] 2.6873207 0.9335862 0.95231485 1.3344735
[9091, 0.4769012, 1.0151856, 6.685758, 0.595432] 2.5482183 0.9697967 1.0332708 1.2167776
[9092, 0.52441174, 0.98969257, 5.0384417, 0.44253907] 2.7861924 1.0561668 0.91110456 1.136937
[9093, 0.46075645, 1.0356038, 5.3192053, 0.50579435] 2.7151716 1.0418414 0.95889777 1.1907625
[9094, 0.558586, 0.99170643, 4.518071, 0.58514917] 2.8305986 1.0876187 1.0627474 1.0576977
[9095, 0.51576394, 1.0170752, 4.986588, 0.42805222] 2.6852224 1.1506912 0.99423987 1.2344227
[9096, 0.36862078, 1.0571067, 8.725618, 0.44784752] 2.4647417 1.0432034 0.9307906 1.1164188
[9097, 0.4396228, 1.0244775, 7.5361953, 0.4611357] 2.6482785 0.9579544 0.77301115 1.111137
[9098, 0.491437, 1.0156327, 5.407202, 0.56198865] 2.8069987 0.7909653 0.9764292 1.2362261
[9099, 0.510138, 0.98996156, 4.9680595, 0.5243215] 2.7467184 0.8224861 0.9900785 1.3768581
[9100, 0.4715336, 0.97589844, 8.157193, 0.5063157] 2.3266668 1.0116067 0.95078224 1.35111
[9101, 0.49182713, 1.0161684, 6.7236958, 0.58669704] 2.6239004 0.8801376 0.9877717 1.3237503
[9102, 0.5640726, 0.97647727, 4.257401, 0.55164546] 2.7310214 0.9061483 0.8581818 1.4832103
[9103, 0.55143327, 1.0085785, 5.3312316, 0.71493727] 2.7650864 0.8867814 0.9529064 1.3323733
[9104, 0.36482567, 1.0552493, 7.699681, 0.40825227] 2.3292296 1.0056368 0.9412231 1.4205457
[9105, 0.57018423, 0.98390454, 3.9195013, 0.5156854] 2.8110237 1.0939647 0.95107573 1.3986903
[9106, 0.40974176, 1.0192796, 8.157601, 0.484898] 2.435435 1.0334927 0.91238964 1.221652
[9107, 0.49809185, 0.9733112, 7.015798, 0.42646062] 2.5323372 1.048417 0.9524394 1.1180826
[9108, 0.55352193, 0.99554217, 4.1627192, 0.487819] 2.9546657 1.0738201 0.95692146 1.012456
[9109, 0.4918088, 1.0231508, 5.043688, 0.515003] 2.6845315 0.96956605 0.9377682 1.3864301
[9110, 0.5363899, 0.98247427, 4.5988145, 0.44221047] 2.8140182 1.001381 0.95951915 1.140423
[9111, 0.53063434, 0.9948082, 4.576017, 0.57851386] 2.8949916 0.83328795 0.9112606 1.2908819
[9112, 0.6212762, 0.9574966, 3.8476555, 0.465684] 2.8535464 0.9545043 0.9604517 1.3989618
[9113, 0.41837874, 1.0563858, 7.0846567, 0.58160615] 2.6600554 0.9095789 0.9321105 1.1550794
[9114, 0.44385043, 0.9928355, 8.24761, 0.48852232] 2.3244379 1.0309992 0.98180264 1.3152052
[9115, 0.4196855, 1.049958, 7.137763, 0.5490567] 2.5481858 0.85655934 1.0117538 1.3226573
[9116, 0.48826215, 1.0372946, 4.2328467, 0.59085906] 2.898408 0.99879694 0.8915003 1.0980707
[9117, 0.5277082, 0.99970615, 4.593386, 0.53030336] 2.800546 1.0811365 1.0050778 1.082499
[9118, 0.48174447, 1.0233157, 6.6378016, 0.5056917] 2.5071917 1.0974796 0.99519366 1.2547342
[9119, 0.40941262, 1.0548749, 6.056247, 0.53485715] 2.7138526 0.88803077 0.8739018 1.2351193
[9120, 0.39880297, 1.1366166, 2.782928, 0.672458] 3.2403646 0.7806666 0.91065484 1.324619
[9121, 0.63224643, 0.91408527, 4.8135023, 0.6966649] 2.9157815 1.0851996 0.8794183 1.007017
[9122, 0.48598984, 0.98248714, 7.3656187, 0.48147902] 2.4165566 1.1604888 1.0212659 1.1639512
[9123, 0.456419, 1.0504487, 5.8017, 0.6508728] 2.7585492 0.89151025 0.8832348 1.319117
[9124, 0.54571706, 0.98803765, 4.088831, 0.5769864] 2.8368168 0.8839545 1.0111282 1.3750184
[9125, 0.54610175, 0.984268, 4.456604, 0.59560597] 2.8243186 0.90815675 0.94102 1.3051558
[9126, 0.4106853, 1.0355717, 6.996084, 0.52355945] 2.5838196 0.7957568 0.8953807 1.3477947
[9127, 0.4104118, 1.056056, 7.0097876, 0.5415202] 2.5712981 0.952313 1.0108824 1.2490199
[9128, 0.45170873, 1.0480628, 6.495408, 0.48115116] 2.6124246 1.0163375 0.9281146 1.2959269
[9129, 0.41827488, 1.0231961, 7.2157626, 0.4478639] 2.381332 1.044884 0.93847156 1.3571144
[9130, 0.541451, 0.9666598, 4.8789244, 0.45249078] 2.6413248 0.953021 1.0725111 1.3181086
[9131, 0.5198191, 1.0037259, 4.7972426, 0.51224244] 2.864718 0.8760001 0.9774832 1.1453136
[9132, 0.40527365, 1.0613457, 6.0012584, 0.4946335] 2.6673653 0.8331656 0.99280965 1.2724653
[9133, 0.48651844, 1.07477, 3.653708, 0.7093397] 2.9981272 0.8948397 0.8858792 1.332911
[9134, 0.5317028, 1.0123785, 3.8706825, 0.57643527] 2.824381 1.0163388 0.90566295 1.3283898
[9135, 0.5652324, 0.962918, 4.4569926, 0.4855833] 2.9052906 0.9636291 1.0130745 1.0204364
[9136, 0.5222857, 1.0032936, 3.9556916, 0.5201989] 2.940537 0.9960476 0.8753365 1.258152
[9137, 0.42761472, 1.0110674, 7.4216814, 0.4631918] 2.4631598 1.0616373 0.9446942 1.2294332
[9138, 0.52463347, 0.9489939, 7.021462, 0.46985266] 2.5528393 1.0796905 0.8697656 1.1559049
[9139, 0.4609669, 1.0082614, 7.007854, 0.6682822] 2.5737977 1.084891 0.9359335 1.2233458
[9140, 0.54238784, 0.9162202, 7.32378, 0.3060383] 2.1792955 0.9832705 1.0734565 1.3602456
[9141, 0.445962, 1.0302057, 6.6373935, 0.35721368] 2.481481 0.9394988 0.9873638 1.3952355
[9142, 0.40037993, 1.0314541, 7.0140233, 0.5457129] 2.4732344 0.9240786 0.90969795 1.2764229
[9143, 0.3788925, 1.0137945, 7.3878016, 0.32556298] 2.24569 0.9670913 1.0057306 1.365453
[9144, 0.5006814, 1.0210559, 4.47756, 0.56451315] 2.7745106 0.9642664 0.990491 1.3473679
[9145, 0.45130327, 1.0287447, 6.6927977, 0.57095677] 2.6263413 0.92265344 0.9482566 1.2501106
[9146, 0.43844333, 1.0931329, 3.4622862, 0.60718197] 3.1648629 0.8739064 0.87669516 1.1452287
[9147, 0.5555929, 0.9652233, 5.5404835, 0.6523988] 2.5944574 1.0962789 0.9041505 1.4146367
[9148, 0.45173863, 1.0166662, 8.105169, 0.46901706] 2.577168 0.8808781 0.8148103 1.2675531
[9149, 0.4730228, 1.0342019, 7.8068204, 0.5930765] 2.506139 0.96511847 0.90406305 1.3191885
[9150, 0.5403173, 0.99989474, 4.023554, 0.50202453] 2.7697647 1.1089525 1.0253558 1.3539574
[9151, 0.51687396, 1.0086149, 5.096291, 0.4937735] 2.853385 1.0249203 0.9561152 1.0680509
[9152, 0.5926566, 0.98437536, 4.3057327, 0.45779356] 2.8833642 0.7969809 0.79734373 1.5220472
[9153, 0.5205014, 1.0158944, 3.9384687, 0.5434166] 2.9310892 1.003361 0.9802865 1.1890391
[9154, 0.42250237, 1.0426143, 6.7084, 0.5689231] 2.6206996 1.0052079 0.95658594 1.1707478
[9155, 0.52014494, 1.0297685, 3.6119177, 0.5987926] 2.9935796 1.0023967 1.0004591 1.1167098
[9156, 0.54853076, 0.9912438, 4.549563, 0.57863224] 2.9095252 0.84097457 1.0064976 1.1714466
[9157, 0.46402287, 1.021469, 6.584314, 0.40724656] 2.4743989 0.9465779 0.98953444 1.3017101
[9158, 0.37773716, 1.0616442, 6.8365836, 0.7044017] 2.446879 0.9891081 0.9469151 1.3831724
[9159, 0.47203112, 1.0395643, 5.2513537, 0.5560559] 2.7521334 0.78538513 0.8915681 1.4582798
[9160, 0.5342688, 1.0065458, 5.007656, 0.5505704] 2.566946 1.082669 1.0598816 1.4440683
[9161, 0.57463765, 0.9838326, 4.3267465, 0.58304596] 2.9139342 0.8512396 0.9901379 1.2681607
[9162, 0.49864843, 1.0032661, 7.0454736, 0.53748393] 2.591295 0.89838636 0.9887678 1.2226769
[9163, 0.49707776, 1.0172542, 4.886167, 0.5613473] 2.556619 0.9518771 1.1135745 1.4230971
[9164, 0.45914403, 1.0031137, 7.635105, 0.45649865] 2.6234484 0.9999675 0.8529692 1.1234031
[9165, 0.5035926, 1.0068909, 5.6480026, 0.56121546] 2.7529626 1.0200076 0.97981566 1.0684046
[9166, 0.37386537, 1.032887, 7.0975666, 0.47681573] 2.4493246 0.94988394 1.0074514 1.0802625
[9167, 0.47531375, 1.02791, 4.772635, 0.49111083] 2.8946567 0.93687207 0.8759301 1.140398
[9168, 0.37676096, 1.0514767, 7.696002, 0.4804389] 2.3091512 1.0751815 0.95085245 1.4101712
[9169, 0.43073252, 1.044374, 7.178339, 0.4133693] 2.4599137 1.0019052 0.8615946 1.390577
[9170, 0.5870033, 0.9410397, 5.9673057, 0.48918965] 2.6721578 1.1167755 0.8953359 1.0630804
[9171, 0.4871192, 0.9957303, 6.6616445, 0.43731776] 2.3686638 1.1094954 1.1722103 1.2632719
[9172, 0.46192545, 1.0315301, 6.275533, 0.57346416] 2.51553 0.9328623 0.8693463 1.5108849
[9173, 0.49598262, 1.022364, 3.5916245, 0.586151] 3.1078076 0.8279791 1.0060991 1.1282343
[9174, 0.444847, 1.0163524, 8.308896, 0.4258146] 2.3215802 1.1063254 0.8914333 1.2710412
[9175, 0.4658981, 1.0285074, 6.924769, 0.620076] 2.6067348 0.9903174 0.8534418 1.3258989
[9176, 0.5331913, 1.0343974, 3.63182, 0.56794125] 3.0281847 0.867427 1.0021918 1.2236725
[9177, 0.4292571, 1.028865, 7.584981, 0.46873707] 2.5348835 0.7426264 0.91136783 1.3155583
[9178, 0.5089214, 1.020753, 4.5817575, 0.65709573] 2.838116 0.941601 0.9243663 1.1953577
[9179, 0.41601118, 1.0338625, 7.1518846, 0.6214732] 2.480041 1.019344 0.88787264 1.3843888
[9180, 0.43702224, 1.0002489, 8.271871, 0.49982336] 2.2862535 1.0234263 0.9396678 1.3172665
[9181, 0.46221933, 0.9317053, 6.718472, 0.40950406] 2.1259677 1.0762463 1.0031471 1.3312762
[9182, 0.46749774, 1.0236212, 6.428583, 0.42319506] 2.7299483 0.7175736 0.8934443 1.3700379
[9183, 0.45487392, 1.0250345, 5.712344, 0.43464622] 2.804462 0.9732956 0.8805952 1.0579535
[9184, 0.4723125, 1.0195577, 7.398685, 0.53167295] 2.5370812 0.9478665 0.9945124 1.3245821
[9185, 0.41656357, 1.0278819, 7.6274123, 0.48551515] 2.6155787 0.93016195 0.9121654 1.0136576
[9186, 0.5295859, 1.0160977, 5.0020304, 0.41665706] 2.8925734 0.902786 0.9197394 1.1350508
[9187, 0.41991475, 1.0342951, 7.0745764, 0.43693104] 2.4296386 1.077031 1.0249097 1.1871822
[9188, 0.3881561, 1.0450096, 7.692256, 0.49693605] 2.4489048 0.9611718 1.0178069 1.2193654
[9189, 0.4450297, 1.0481458, 4.3326993, 0.58407766] 2.7502158 1.062959 0.995565 1.3052038
[9190, 0.44649318, 1.035742, 5.415383, 0.52431023] 2.718881 0.94501543 0.94243413 1.3127682
[9191, 0.47639257, 1.0607815, 3.7825477, 0.616388] 2.9759333 0.8818631 1.0467033 1.2135789
[9192, 0.44045833, 1.0426779, 6.406948, 0.5162826] 2.5836282 0.8023785 1.110023 1.2125752
[9193, 0.51523167, 1.0488067, 3.5850382, 0.58215284] 3.067223 0.8823238 0.93387336 1.1128092
[9194, 0.45018, 1.0368197, 6.7369576, 0.41781986] 2.4787552 0.9248894 0.9807568 1.4165143
[9195, 0.4398536, 1.0464612, 6.2630296, 0.4826879] 2.513478 1.0268967 0.91675884 1.3448639
[9196, 0.48432568, 0.98394966, 6.236682, 0.46601936] 2.5030723 1.0939554 0.99620146 1.2481226
[9197, 0.46821752, 1.0072874, 7.375651, 0.3974223] 2.5751457 0.95051426 0.93106365 1.1724387
[9198, 0.49594057, 1.0181614, 6.3303704, 0.68617713] 2.7169335 1.0435264 0.9120798 1.1132505
[9199, 0.5701703, 0.95732987, 3.9545186, 0.5491522] 2.761185 1.0844159 1.0781764 1.1848106
[9200, 0.35910255, 1.0571355, 6.567818, 0.387011] 2.4499235 0.98003 1.0458455 1.2282646
[9201, 0.45400587, 1.0220125, 6.9239902, 0.660758] 2.591232 0.85980976 0.9418783 1.2998128
[9202, 0.5365903, 1.013948, 3.9780622, 0.4311453] 2.9675834 0.94888824 0.8907235 1.1724566
[9203, 0.5590018, 0.96078855, 5.582549, 0.4492797] 2.7928584 0.9532874 0.95170766 1.0607768
[9204, 0.4346112, 0.9952506, 7.521064, 0.47370437] 2.2823021 0.9555686 1.0264102 1.3822029
[9205, 0.5619068, 0.98035353, 4.8402743, 0.5499664] 2.903356 0.8475604 0.99623793 1.1355613
[9206, 0.56135035, 0.98997426, 5.655734, 0.44511956] 2.5772505 1.0872743 0.9977044 1.2701774
[9207, 0.50802076, 0.99659246, 7.362721, 0.49463168] 2.336489 1.0021456 1.0488645 1.5175024
[9208, 0.44615686, 1.0304271, 7.3230844, 0.4673612] 2.467166 0.87440056 1.0182754 1.3308018
[9209, 0.5685628, 1.0006635, 4.4977975, 0.546495] 2.9770656 0.95983326 0.9612927 1.0423722
[9210, 0.41347373, 1.027495, 6.3973303, 0.4221733] 2.2255523 1.1683419 1.0143853 1.357396
[9211, 0.49570203, 1.0048088, 5.6430054, 0.51990575] 2.6211848 1.0035841 1.0019926 1.3079486
[9212, 0.42762488, 1.0191294, 6.975116, 0.41184863] 2.4642267 0.9831392 0.98414224 1.2345332
[9213, 0.48790053, 1.0101295, 6.2753687, 0.49835634] 2.575259 0.9139627 0.9918561 1.4394377
[9214, 0.49534908, 1.0134331, 6.1623716, 0.44813788] 2.6502213 1.1364455 0.8890775 1.1507027
[9215, 0.47333387, 1.0347515, 5.725759, 0.65029746] 2.6526914 0.9085512 0.8985917 1.4902263
[9216, 0.41224328, 1.0429446, 6.987896, 0.4741039] 2.62155 0.93221164 0.91104025 1.2121375
[9217, 0.56180507, 0.97223306, 5.008176, 0.48887992] 2.8101752 0.9547675 0.94374174 1.166613
[9218, 0.5169231, 1.0206525, 4.96342, 0.46018657] 2.6668406 0.904788 1.0812109 1.3793087
[9219, 0.45212772, 1.0119969, 7.189782, 0.44604608] 2.4145122 0.964088 0.88425684 1.435615
[9220, 0.47070223, 1.037339, 6.212096, 0.56451046] 2.5515025 1.0133075 1.0228834 1.340231
[9221, 0.5430298, 0.9922642, 5.426036, 0.5460329] 2.715266 1.0140268 0.96754444 1.2865498
[9222, 0.47891012, 1.0364845, 6.305476, 0.48443565] 2.6237144 0.9459242 1.021548 1.1831949
[9223, 0.461826, 1.0213329, 7.545699, 0.7049088] 2.563773 0.88291425 0.9872253 1.2827867
[9224, 0.39558142, 1.062724, 6.915667, 0.5221184] 2.721134 0.72019905 0.9176543 1.2216022
[9225, 0.49535003, 1.0523598, 3.7881408, 0.52367926] 3.1235158 0.73811454 0.88837594 1.2505649
[9226, 0.5548183, 0.9721966, 5.3070126, 0.62551993] 2.87507 0.9811159 0.8380538 1.1234617
[9227, 0.5085313, 0.98463225, 7.0401125, 0.39940336] 2.6632445 0.866267 0.91076803 1.1244959
[9228, 0.4803425, 0.9942376, 5.437683, 0.39348143] 2.613387 1.0001814 1.0142266 1.2472107
[9229, 0.4909012, 1.0031434, 6.7805743, 0.40471858] 2.4955912 0.92321396 0.8402496 1.4890845
[9230, 0.38413846, 1.0651037, 7.0860467, 0.51369864] 2.4799213 1.0041595 0.96374434 1.2954661
[9231, 0.5852526, 0.94744617, 4.230742, 0.47213972] 3.0189626 0.9740993 0.9047833 1.0432876
[9232, 0.5442537, 0.99844396, 3.4537518, 0.60819995] 2.9990191 1.0029577 0.9736341 1.1889337
[9233, 0.48139578, 1.0330989, 3.9178846, 0.48238003] 2.7724752 0.94869393 0.87574637 1.428976
[9234, 0.47013167, 1.0411406, 6.753854, 0.5321037] 2.5517044 1.1741548 0.95975816 1.1370039
[9235, 0.49752182, 0.9862055, 7.21946, 0.49960098] 2.3463173 0.98617035 0.9199753 1.5533386
[9236, 0.54971683, 0.9689486, 5.462978, 0.45435455] 2.7133846 0.969173 1.0175416 1.2130773
[9237, 0.3862952, 1.0536176, 6.9851084, 0.86856645] 2.4427192 1.0235158 0.93878514 1.3512733
[9238, 0.52316993, 0.99517626, 4.467636, 0.4134139] 2.8373327 0.9164688 0.9710485 1.2766594
[9239, 0.46343064, 1.0181292, 5.1860914, 0.44592422] 2.7825165 0.87696064 1.0340207 1.1816106
[9240, 0.5273063, 1.014065, 4.887382, 0.44979006] 2.7653446 0.8539398 0.845157 1.462647
[9241, 0.49017993, 1.0516144, 3.8588536, 0.50065315] 2.982223 0.97044945 0.95283407 1.1685408
[9242, 0.37914047, 1.0630337, 6.1795554, 0.50161135] 2.6445482 0.9471627 0.97137547 1.2266309
[9243, 0.5048448, 1.0070243, 4.8778396, 0.6461146] 2.9246202 0.9010806 0.83089596 1.178604
[9244, 0.5318422, 0.9971625, 4.456529, 0.5840838] 2.7707832 0.8922494 0.9717301 1.3900596
[9245, 0.5016996, 1.0070704, 5.770911, 0.47199553] 2.7292366 0.8766037 0.915006 1.2934152
[9246, 0.38512975, 1.0723648, 7.3398066, 0.43237182] 2.4792666 0.9227924 0.9363432 1.3052548
[9247, 0.49834558, 1.0121727, 6.8202205, 0.5346303] 2.4946887 1.1726428 1.0047344 1.2094326
[9248, 0.52181685, 1.0032775, 4.5792437, 0.49033132] 2.7605236 0.9616776 0.9315301 1.3698249
[9249, 0.3713678, 1.0325307, 7.2409177, 0.489592] 2.2829485 1.1345366 1.1185964 1.267961
[9250, 0.49605063, 1.0178647, 5.265546, 0.504584] 2.9018917 0.9206329 0.8084259 1.1743189
[9251, 0.4542434, 0.9599335, 6.341853, 0.28037995] 2.0448687 1.1783373 1.050999 1.4135067
[9252, 0.49688712, 1.0233592, 6.001578, 0.59043604] 2.686307 1.0231502 0.98664844 1.1761339
[9253, 0.43393016, 1.0160986, 7.896482, 0.4204051] 2.5088675 0.9012322 0.8298595 1.35771
[9254, 0.50633013, 0.9952221, 4.5196548, 0.52636206] 2.8295655 0.9722629 1.0226033 1.1251327
[9255, 0.45541158, 1.0472237, 7.127525, 0.6517075] 2.6209998 0.94777876 0.9804282 1.2075708
[9256, 0.44353026, 1.0177306, 6.9063215, 0.5020169] 2.6145399 0.9069453 0.8636404 1.1396613
[9257, 0.4491827, 1.0493535, 7.6578, 0.5871916] 2.778891 0.9439238 0.77143365 0.9550594
[9258, 0.51603293, 0.99943906, 4.3414497, 0.5091165] 2.9126253 0.8367235 0.9812575 1.1878538
[9259, 0.54419523, 0.98509854, 6.5900483, 0.7788473] 2.5949821 0.9361348 1.1278166 1.1778541
[9260, 0.46200216, 1.0814946, 3.4759858, 0.48634818] 3.021501 0.9775313 1.0052544 1.2071072
[9261, 0.34607264, 1.0437392, 7.534983, 0.49122235] 2.276392 0.92768013 1.019299 1.4426334
[9262, 0.53883797, 1.0185165, 3.7963037, 0.5467983] 2.7844791 0.930101 0.9804127 1.4897051
[9263, 0.5831465, 0.9622497, 5.0050936, 0.8001385] 2.7777164 0.9140608 0.8739258 1.3558128
[9264, 0.47783408, 1.0079817, 7.7211876, 0.50726867] 2.5049486 1.0231475 0.91580653 1.2366954
[9265, 0.54858285, 0.8654188, 6.3518095, 0.25155655] 1.9986567 0.92514735 1.0440452 1.5346022
[9266, 0.43320087, 1.0563517, 5.913023, 0.5677654] 2.6580262 1.0323905 0.8929452 1.322708
[9267, 0.45949078, 1.036316, 4.4787197, 0.6073259] 2.8156507 0.8520738 0.93398285 1.3003912
[9268, 0.50846815, 1.0153953, 5.41576, 0.50888896] 2.8584042 0.96319354 0.81745255 1.1070446
[9269, 0.37326416, 1.037773, 8.266556, 0.473464] 2.4053037 0.8661546 1.075775 1.2138788
[9270, 0.47212604, 1.032559, 5.847828, 0.5238911] 2.7015991 0.954771 1.0771376 0.9759274
[9271, 0.5373677, 0.9982596, 4.518424, 0.53716105] 2.8466067 1.0020186 0.804994 1.3555093
[9272, 0.44028285, 0.99331945, 7.7705083, 0.4161333] 2.4775436 0.87508553 0.86504996 1.2851012
[9273, 0.42073834, 1.0215651, 7.754935, 0.41959396] 2.3910053 1.0084087 0.973738 1.2873977
[9274, 0.5283447, 1.0048542, 4.439246, 0.6017754] 2.8826897 0.9157467 0.92222536 1.2207003
[9275, 0.5085559, 1.0213779, 4.996003, 0.55179757] 2.7762766 1.1482116 0.8633507 1.2207508
[9276, 0.348008, 1.0584447, 7.7140107, 0.59819067] 2.3848577 0.9797891 0.9779149 1.3471656
[9277, 0.43157753, 1.0044004, 8.284444, 0.46595517] 2.3291032 1.0103962 1.1102514 1.1876409
[9278, 0.541467, 1.0254053, 3.7231166, 0.58030814] 2.8866837 0.95926565 1.0248852 1.2516556
[9279, 0.5604578, 1.0054473, 3.5550492, 0.5369178] 2.9730332 0.77703655 1.0364584 1.4005831
[9280, 0.45457298, 1.0636448, 4.9265614, 0.5842771] 2.750001 1.0775418 0.75666577 1.3954722
[9281, 0.44920006, 1.0266607, 7.56531, 0.5176372] 2.71505 0.8421182 0.84331745 1.1265268
[9282, 0.42178598, 1.0314783, 7.670734, 0.40569457] 2.3977044 1.072921 1.0587791 1.101111
[9283, 0.50598294, 1.024108, 4.9149313, 0.540282] 2.7714975 0.9749158 0.9492623 1.222426
[9284, 0.4376024, 1.0298914, 7.690747, 0.5512791] 2.4863224 1.0070169 0.8624268 1.3392081
[9285, 0.41519743, 1.0352654, 7.837649, 0.41217908] 2.3790257 1.003333 0.90379393 1.3095801
[9286, 0.525994, 0.98692566, 5.1880665, 0.5695177] 2.7843764 0.831157 0.81808656 1.4115714
[9287, 0.4954048, 1.0453066, 4.9087653, 0.77378595] 2.7724833 0.88160896 0.90803033 1.4651624
[9288, 0.4574641, 1.0831246, 3.2882476, 0.5181981] 2.9905841 0.9718213 0.9765783 1.3342022
[9289, 0.5126195, 1.0103563, 5.1966686, 0.58082855] 2.7855465 0.91451293 0.96627873 1.2574377
[9290, 0.45196328, 1.0509573, 5.2627254, 0.4223715] 2.7663345 0.95360136 0.8911986 1.2326133
[9291, 0.4391192, 1.0032218, 7.5327487, 0.4030722] 2.4216766 0.9869755 1.0240479 1.2053533
[9292, 0.42732933, 1.0493731, 6.9361424, 0.57272995] 2.533006 1.0686256 0.9186663 1.2253761
[9293, 0.43803135, 0.9688187, 7.637375, 0.3644881] 2.4139287 0.8486745 0.8794195 1.1887603
[9294, 0.5158829, 0.9929743, 6.203574, 0.4911551] 2.6168506 0.90985084 0.9531431 1.3163309
[9295, 0.5421936, 1.0263066, 3.610484, 0.52678496] 2.944984 0.9428752 1.064965 1.1551381
[9296, 0.43540227, 1.0227307, 6.910392, 0.49470884] 2.3884673 1.1752344 1.1092896 1.1791655
[9297, 0.4364667, 1.0661474, 6.304387, 0.52668744] 2.520791 1.0404836 1.0667468 1.227332
[9298, 0.48432216, 1.012698, 7.4379945, 0.56634647] 2.6329124 0.9113625 0.8596935 1.2295203
[9299, 0.42855808, 1.052005, 7.302086, 0.51046324] 2.5833392 0.95088696 0.91198903 1.1959893
[9300, 0.47909033, 1.0232382, 5.6927853, 0.4538626] 2.5064986 1.1444268 0.9765115 1.257041
[9301, 0.50702727, 1.0087092, 6.251987, 0.55403274] 2.6195323 0.9996553 0.8312031 1.3640727
[9302, 0.5459109, 0.9812613, 5.060351, 0.4520656] 2.6747446 0.79721224 1.0663944 1.4047029
[9303, 0.4358303, 1.0236801, 6.713806, 0.49511608] 2.364148 0.86715156 1.1001285 1.4421272
[9304, 0.54919016, 0.9740288, 5.5152903, 0.45642138] 2.7451284 0.92621726 0.89016354 1.1625158
[9305, 0.53206724, 1.0155306, 5.133202, 0.6669044] 2.7029285 1.0430558 0.9105622 1.3394012
[9306, 0.5202191, 0.9952191, 5.779936, 0.5775928] 2.8661196 0.88937116 0.88619405 1.0304918
[9307, 0.47640145, 1.0136936, 6.9366703, 0.5031918] 2.5187151 1.0303891 0.9587276 1.2328131
[9308, 0.46840024, 1.0423391, 5.130129, 0.6455259] 2.8634632 0.9171833 0.7328473 1.3231121
[9309, 0.4379078, 1.0403622, 6.4298425, 0.52187794] 2.6353784 1.0388601 0.9144139 1.2031506
[9310, 0.48480374, 1.0456235, 3.7919762, 0.6174036] 3.0150259 0.9848227 0.85007554 1.240761
[9311, 0.51248205, 1.0080014, 6.5696425, 0.46047217] 2.5806828 0.90776074 0.956672 1.3936889
[9312, 0.5257605, 1.0064503, 4.7619457, 0.47097832] 2.8297894 0.88318276 0.94966704 1.2716148
[9313, 0.42274046, 1.0257127, 7.678808, 0.57832295] 2.5278227 0.9968348 0.91957146 1.2672545
[9314, 0.52027285, 0.99225277, 7.289554, 0.634729] 2.6554615 0.94695663 0.8969193 1.1931139
[9315, 0.46900493, 0.96228397, 8.008409, 0.45726693] 2.2416546 0.87146926 1.0920918 1.4199817
[9316, 0.46614698, 1.0408416, 4.3936915, 0.5195231] 2.8591416 0.93982923 0.8304531 1.3570855
[9317, 0.3921015, 1.0456685, 7.5184712, 0.48873287] 2.532687 0.96427315 0.94984084 1.2045877
[9318, 0.36674133, 1.1478336, 2.7644808, 0.62346816] 3.396214 0.571501 0.8293561 1.3131377
[9319, 0.43820295, 1.0172297, 8.339703, 0.84827405] 2.3891408 1.0225738 0.791248 1.4813927
[9320, 0.46447468, 1.0251331, 6.0077486, 0.5175906] 2.826509 0.9207944 0.82641524 1.1339005
[9321, 0.43313634, 1.039929, 7.307323, 0.5042465] 2.3575325 0.98644024 1.126189 1.4204592
[9322, 0.5080065, 0.98977894, 4.655088, 0.5260798] 2.857243 0.9761863 0.9548432 1.1592062
[9323, 0.53216195, 0.9825244, 5.7423997, 0.49357885] 2.5924795 1.0610423 0.92522043 1.3474511
[9324, 0.43216282, 1.0398432, 6.939322, 0.43220085] 2.5501971 1.0063671 1.0074927 1.1341727
[9325, 0.48993972, 1.0230211, 6.3221617, 0.6098797] 2.679687 1.0156782 0.8491171 1.2142893
[9326, 0.48612815, 1.0105797, 5.7115016, 0.44521573] 2.4682686 0.969519 1.0636802 1.4687289
[9327, 0.4452675, 0.98377293, 7.648322, 0.354248] 2.4599185 1.0261139 0.73798895 1.2049365
[9328, 0.46190327, 1.0747842, 3.6656573, 0.56918454] 2.9872932 0.95722276 0.85675275 1.306425
[9329, 0.4975448, 0.99094826, 6.065009, 0.6664025] 2.7543623 0.9455215 0.7696145 1.2800956
[9330, 0.50842273, 1.006528, 5.468658, 0.5981462] 2.8177183 0.93645996 0.91347194 1.0624111
[9331, 0.45313498, 1.0351158, 6.326016, 0.7316495] 2.6314967 0.9258426 0.8821841 1.3127027
[9332, 0.5522119, 0.98014593, 4.7162166, 0.5057722] 2.861765 0.9724535 0.8472015 1.1496322
[9333, 0.4413144, 1.0480634, 6.6648226, 0.5447986] 2.3799767 1.0349414 1.030867 1.595858
[9334, 0.5635304, 0.9921901, 3.9863582, 0.5045594] 3.0598853 0.91719854 0.81422323 1.1687799
[9335, 0.5110906, 1.0008026, 5.497839, 0.5173719] 2.7083447 1.0000501 0.91794586 1.2675965
[9336, 0.5050489, 1.0156858, 5.1112056, 0.48969507] 2.9129653 0.8964828 0.7984009 1.0941051
[9337, 0.44189262, 1.0833116, 3.7936018, 0.5515045] 2.9611592 0.96483445 0.913814 1.3070096
[9338, 0.47638077, 1.0221405, 5.3273354, 0.539928] 2.7710588 0.84666 0.85734457 1.3534964
[9339, 0.5064496, 1.0274458, 4.5490785, 0.50347084] 2.737238 0.9069432 1.0524195 1.3423963
[9340, 0.48272085, 1.0440924, 5.305111, 0.5272661] 2.8562026 0.84627825 0.9778954 1.1051879
[9341, 0.5203474, 0.9875382, 4.3501368, 0.52825785] 2.958766 0.8884158 0.83503425 1.1928247
[9342, 0.48428577, 0.99637985, 6.9352183, 0.47929633] 2.761989 0.83341527 0.87688553 1.1053997
[9343, 0.44286272, 1.0460894, 7.1489716, 0.5706547] 2.6721 0.8949476 0.8754816 1.2915853
[9344, 0.45073625, 0.99805474, 7.912947, 0.51877725] 2.4394581 0.8992405 1.0179894 1.2406714
[9345, 0.5152144, 0.8724299, 5.9202266, 0.2799227] 2.0556505 0.9619067 0.9664499 1.4456857
[9346, 0.47609618, 1.0331075, 7.0693183, 0.7502029] 2.4695954 1.0105194 0.9122491 1.577141
[9347, 0.45282623, 1.0409151, 6.041955, 0.49005985] 2.6289515 0.9839364 0.96111906 1.268628
[9348, 0.46713877, 0.9943985, 6.6428356, 0.4209722] 2.422151 1.0957834 1.0362884 1.1505407
[9349, 0.49586377, 0.98778605, 6.751746, 0.54084396] 2.815732 0.9079442 0.87470883 0.97729707
[9350, 0.44942617, 1.0208045, 7.7221985, 0.5209276] 2.5390222 0.9366365 0.80892986 1.2827419
[9351, 0.5430311, 0.9892867, 5.140206, 0.5576439] 2.6866186 0.94122076 0.89198095 1.4119865
[9352, 0.5255949, 1.0050346, 4.4500976, 0.56346345] 2.7404406 0.9388201 0.951316 1.3544565
[9353, 0.45017168, 1.1279082, 2.6384444, 0.6726067] 3.2640276 0.85591775 1.005032 1.2538563
[9354, 0.47004464, 1.0632937, 4.038834, 0.4785756] 2.845504 0.9140267 0.97977835 1.3683684
[9355, 0.517575, 0.9848954, 6.6969886, 0.53360933] 2.5918252 1.003017 1.0012513 1.1641474
[9356, 0.52118826, 1.0157907, 3.8086941, 0.50872046] 2.9236944 0.9824333 0.99352413 1.1490297
[9357, 0.5220129, 1.0173397, 4.2737617, 0.54487914] 2.8852766 0.95459694 0.8860262 1.3046325
[9358, 0.49348474, 1.0147079, 5.6385236, 0.45859468] 2.594403 0.8596252 1.0336741 1.3886667
[9359, 0.4449266, 1.0395235, 6.3794575, 0.52580744] 2.632358 0.94885576 0.88217777 1.3358727
[9360, 0.5037803, 1.0001738, 6.7067, 0.59890044] 2.6562197 0.99283946 0.9777333 1.1430484
[9361, 0.53896165, 1.0008143, 4.409288, 0.57777596] 2.9522567 0.8449031 0.89042753 1.1982355
[9362, 0.47340426, 1.0030943, 5.8000526, 0.431516] 2.5624187 1.0697733 1.0221704 1.1009986
[9363, 0.50827247, 1.0061538, 5.549821, 0.4457235] 2.7120981 0.8745519 0.9709998 1.3582612
[9364, 0.4417979, 1.0863838, 3.7022355, 0.4885122] 3.020411 0.9155071 0.87802863 1.1766803
[9365, 0.5170665, 1.0082084, 4.5673885, 0.45205486] 2.7877872 0.8707293 0.96898365 1.3464947
[9366, 0.44952652, 1.0322542, 6.2058043, 0.45953295] 2.4841113 1.0358926 0.97175 1.3948324
[9367, 0.5206777, 0.9967543, 6.832281, 0.48643374] 2.536711 0.94727093 0.98474216 1.423782
[9368, 0.5097788, 1.0003985, 4.954364, 0.5173916] 2.7716975 1.0656378 0.83924663 1.2498178
[9369, 0.4878879, 0.99423736, 7.53997, 0.39953524] 2.429411 0.9957972 0.8249688 1.409169
[9370, 0.46304515, 0.9845587, 7.0244775, 0.5797733] 2.4271412 0.9493896 0.9325232 1.4100091
[9371, 0.5130747, 0.9865453, 6.432419, 0.44055688] 2.5656583 0.93953633 0.9641719 1.3136894
[9372, 0.5356877, 0.9956183, 4.7741323, 0.57404983] 2.897089 1.0523683 0.8471165 1.1232505
[9373, 0.39133587, 1.1459302, 2.2214582, 0.54316074] 3.1129854 0.8244394 1.0524627 1.3093275
[9374, 0.5565267, 0.9885048, 4.665672, 0.3690166] 2.8597548 0.8084694 0.9659643 1.2678201
[9375, 0.48613545, 1.0175837, 6.483127, 0.6649267] 2.637178 0.95229 0.9616114 1.2251573
[9376, 0.51507497, 1.0127393, 5.175191, 0.63360256] 2.8632543 0.93872046 0.9014735 1.1588889
[9377, 0.5527053, 0.99522847, 3.6056528, 0.595713] 3.001001 0.8209155 0.92568916 1.2826031
[9378, 0.55230296, 0.97500193, 5.6260242, 0.6345564] 2.8403623 0.8323426 0.9909957 1.0984881
[9379, 0.3979324, 1.0273132, 9.132325, 0.480192] 2.4292648 0.9329852 0.8751019 1.2312227
[9380, 0.52445865, 1.0221614, 4.609316, 0.5704591] 2.7782648 0.937344 1.0154315 1.3201898
[9381, 0.5010356, 0.9999575, 7.2178125, 0.69504344] 2.8192463 0.80351967 0.8636459 1.0766851
[9382, 0.4810407, 1.021528, 6.4293337, 0.48858097] 2.523566 0.9042501 1.0177131 1.4720302
[9383, 0.5139769, 1.0244905, 4.729689, 0.51148] 2.8206558 0.8700217 0.8799085 1.3746942
[9384, 0.4865272, 1.0480168, 4.71615, 0.5114024] 2.840275 0.9171406 0.8877055 1.3583974
[9385, 0.48236167, 1.0131263, 6.283091, 0.47519335] 2.624615 0.85708255 1.0322208 1.2862341
[9386, 0.4415701, 1.0093763, 8.762809, 0.45575225] 2.3041778 0.9426671 0.9818871 1.4271595
[9387, 0.46973613, 0.91945046, 7.0631337, 0.3037439] 2.245905 1.0163367 0.9450068 1.1545373
[9388, 0.59656924, 0.930241, 5.4826207, 0.39566192] 2.719774 0.8812171 0.9870058 1.2602175
[9389, 0.48354748, 0.9453348, 6.842635, 0.33073327] 2.077933 1.0894753 1.092431 1.4081563
[9390, 0.46150348, 0.9996259, 7.2403226, 0.52692395] 2.6047795 1.0773193 0.84048665 1.1470636
[9391, 0.521613, 0.9872079, 4.733471, 0.64090854] 2.731007 0.8583788 0.994362 1.3732163
[9392, 0.49504516, 1.0208795, 5.0954924, 0.5047199] 2.8409278 0.99655426 0.84360415 1.1841072
[9393, 0.4060491, 1.0795194, 5.5290933, 0.4561606] 2.4842358 0.9883761 1.0254408 1.4752384
[9394, 0.5758596, 0.97599185, 5.390184, 0.54849213] 2.7558393 1.0238566 0.9732998 1.1151923
[9395, 0.32814753, 1.0696317, 8.495925, 0.56472015] 2.351879 1.0111433 0.9625964 1.2703556
[9396, 0.5252941, 0.97611845, 5.343454, 0.5020212] 2.5717266 1.1170481 1.0705094 1.2602259
[9397, 0.47733113, 1.0015631, 7.0322695, 0.57718194] 2.5886889 0.97941417 0.8387175 1.3041469
[9398, 0.4297954, 1.0063298, 7.855761, 0.39071003] 2.27838 1.111462 0.98899823 1.2717832
[9399, 0.47241765, 0.99129, 7.1629224, 0.43089777] 2.4665215 1.0764296 1.0177583 1.1958934
[9400, 0.40441284, 1.14561, 2.7311168, 0.6512273] 3.1694994 0.87081456 0.994377 1.3638859
[9401, 0.56755817, 0.95933574, 5.216802, 0.5383765] 2.8700743 0.8853424 0.92184174 1.1760043
[9402, 0.45547, 1.0086956, 6.6764293, 0.49618778] 2.3409944 1.1084838 0.98508847 1.3234457
[9403, 0.5110636, 0.9849495, 6.795308, 0.46714222] 2.6527216 1.0427586 0.9442909 1.0836478
[9404, 0.45410594, 1.0133941, 8.772293, 0.5537523] 2.4013865 0.8432806 0.90176105 1.4769641
[9405, 0.48924336, 0.9988415, 7.6970634, 0.47842366] 2.5026743 1.0290549 0.813634 1.219993
[9406, 0.38202462, 1.0584598, 6.967091, 0.52900016] 2.58571 1.0244573 0.86615133 1.1768067
[9407, 0.46537718, 1.0233626, 4.13717, 0.47910362] 2.7856007 1.1095703 0.9104358 1.1516355
[9408, 0.56790143, 0.9733673, 4.7088614, 0.59900326] 2.8073416 0.9203016 0.92873067 1.173177
[9409, 0.4970338, 1.0505816, 3.9580588, 0.5359879] 2.9090803 0.9347166 0.9423211 1.2765985
[9410, 0.41645792, 1.0407592, 7.3936496, 0.7764805] 2.4572291 0.9301157 1.0444942 1.273593
[9411, 0.5180766, 1.0005846, 4.7657957, 0.5867052] 2.7347517 0.9773471 0.8778615 1.3591412
[9412, 0.527796, 0.97830015, 5.415077, 0.8529816] 2.7965925 0.78240854 0.94097054 1.269763
[9413, 0.4202719, 1.0596745, 5.8858743, 0.7879361] 2.6821404 0.9602447 1.0090326 1.2296234
[9414, 0.42945433, 1.0537746, 5.516781, 0.49571884] 2.7957833 0.99761534 0.80337995 1.2008208
[9415, 0.520518, 0.9819548, 6.7647777, 0.49480087] 2.6154673 1.023846 0.91993284 1.1424583
[9416, 0.43397668, 0.9895471, 7.5812955, 0.39136] 2.3481271 0.9314108 0.9404879 1.2682219
[9417, 0.54279983, 0.9723267, 5.6804247, 0.68609905] 2.7488234 1.0622555 0.94503635 1.0777048
[9418, 0.5016555, 1.0666461, 3.5532253, 0.54870516] 3.0007432 1.0186845 0.96413803 1.1618713
[9419, 0.43743294, 1.0131131, 6.932111, 0.44625914] 2.5844607 0.95426494 0.85187614 1.1966245
[9420, 0.5768144, 0.9619591, 3.449981, 0.5051046] 3.072521 0.8352222 0.936265 1.2308242
[9421, 0.46605963, 1.031095, 6.9791775, 0.47603106] 2.5749023 0.9744889 0.86797935 1.2959014
[9422, 0.3876196, 1.0364656, 7.349218, 0.4999328] 2.4045393 1.0237299 1.1337876 1.1686366
[9423, 0.44827136, 1.0449747, 6.160342, 0.5538234] 2.5849166 1.0331231 0.9292584 1.3341022
[9424, 0.48303747, 0.9897746, 6.135415, 0.5032465] 2.5675812 1.1045822 0.9464639 1.2425661
[9425, 0.51092595, 1.0159278, 4.681293, 0.52893233] 2.7736588 0.980964 0.8778028 1.3766717
[9426, 0.46820563, 1.0334884, 5.503947, 0.579767] 2.756231 1.0875132 0.82644075 1.1919733
[9427, 0.5039223, 1.0295868, 4.7357955, 0.43132618] 2.8797972 0.89339083 0.9376459 1.2276535
[9428, 0.46536413, 1.0452213, 5.4065723, 0.6512766] 2.8190892 1.0178139 0.95445645 1.0024577
[9429, 0.547316, 0.9787638, 4.3765388, 0.49665585] 2.7251759 0.83271956 0.98934674 1.4003395
[9430, 0.48290023, 1.0108463, 6.6020503, 0.5675188] 2.7419484 0.83283275 0.82698977 1.2164276
[9431, 0.45005798, 1.057535, 4.4033856, 0.43706596] 2.89528 0.91092837 0.95862186 1.2366506
[9432, 0.49655172, 1.0207535, 6.0381126, 0.5920313] 2.8530571 0.862228 0.983343 1.0033488
[9433, 0.48055184, 1.0369301, 5.1273193, 0.5554444] 2.690609 0.9846099 0.9363354 1.4533074
[9434, 0.57346773, 0.9509582, 5.030248, 0.66433835] 2.8982568 0.78927696 1.0091268 1.1312753
[9435, 0.4738851, 1.0157064, 7.3735533, 0.6164463] 2.6096368 0.8819118 0.924042 1.1434155
[9436, 0.51858264, 1.0324384, 3.4937553, 0.4612251] 3.023723 0.8113353 0.91768134 1.3791566
[9437, 0.60861546, 0.9536323, 3.9953184, 0.56506634] 3.0466053 1.082615 0.9314908 0.9599617
[9438, 0.4237563, 0.97931993, 7.833478, 0.41553274] 2.3507066 0.98962843 1.0051233 1.077605
[9439, 0.4757453, 1.0275116, 5.560064, 0.5301647] 2.607373 0.989743 0.9670359 1.4223329
[9440, 0.4160314, 1.0745989, 6.3332753, 0.5372604] 2.5120654 0.9974794 0.9489824 1.4368484
[9441, 0.47812352, 1.0592036, 4.005514, 0.6100096] 2.983007 0.9854527 0.86867523 1.2307065
[9442, 0.44335794, 1.0283267, 6.2575145, 0.4875971] 2.4295766 1.0013468 1.081326 1.3876745
[9443, 0.4490881, 1.0266514, 4.6296654, 0.51497346] 2.864002 0.85100174 0.86663395 1.2895639
[9444, 0.4778282, 1.0509298, 3.9451768, 0.5562779] 2.9173255 0.8515529 0.9264142 1.3695319
[9445, 0.5491806, 0.9612241, 6.729145, 0.5112321] 2.735794 0.8594036 0.94590575 1.1224566
[9446, 0.46368247, 1.1068667, 2.869437, 0.60070795] 3.125176 0.9817258 0.89336747 1.2906383
[9447, 0.42528987, 1.0426128, 6.919094, 0.50468946] 2.4858937 1.0688505 0.96302515 1.3479794
[9448, 0.45950273, 1.0453061, 5.4617734, 0.48496416] 2.8345532 0.7722756 0.9045124 1.2536367
[9449, 0.4224169, 1.0364153, 6.30738, 0.44465563] 2.6722815 1.067302 0.873535 1.074893
[9450, 0.48730418, 1.0187446, 6.2715087, 0.56986845] 2.5548913 0.91263676 1.019992 1.4520745
[9451, 0.44313282, 1.0307832, 7.3472743, 0.545677] 2.492078 0.8919181 0.90455675 1.4547987
[9452, 0.5067735, 0.9814905, 6.241227, 0.47302812] 2.528981 1.1058388 0.85833746 1.4612558
[9453, 0.45393446, 1.0500021, 6.817831, 0.62456423] 2.593925 1.05408 0.97946596 1.2321012
[9454, 0.4528248, 0.94100493, 6.372806, 0.28216532] 2.0793624 0.8520102 1.177302 1.4016598
[9455, 0.4487683, 1.0316192, 6.890836, 0.62678653] 2.4539375 1.0266833 1.0208428 1.4240505
[9456, 0.44881618, 1.0470784, 5.4989767, 0.58683777] 2.914828 0.8767141 0.8114128 1.149238
[9457, 0.5134782, 1.0469676, 3.9631155, 0.4987481] 2.962942 1.0421269 0.9270615 1.1615565
[9458, 0.47308528, 1.006744, 6.3244057, 0.5378651] 2.5895293 0.97431684 1.0004675 1.2632593
[9459, 0.43673503, 1.0831233, 3.9585392, 0.5711234] 2.922649 0.91798025 0.8898407 1.3424891
[9460, 0.5357329, 1.0109764, 3.7494404, 0.5299969] 2.9448173 0.85902625 0.90939575 1.2500333
[9461, 0.49929214, 0.90743995, 6.1085677, 0.28105006] 2.2195446 0.91840017 1.0048257 1.2652686
[9462, 0.4987741, 1.043971, 4.5258613, 0.7255063] 2.9443705 0.9751594 0.92137486 1.0849274
[9463, 0.48949066, 1.0060064, 6.503885, 0.40662074] 2.698085 0.9263904 0.88030344 1.2577628
[9464, 0.5323203, 0.98376733, 4.795107, 0.5072316] 2.8484714 0.9075702 0.73438805 1.4036599
[9465, 0.49593547, 1.0550013, 3.601699, 0.6406938] 3.1294415 0.9362572 0.8887935 1.1735169
[9466, 0.5297609, 0.97138655, 5.9092107, 0.5500716] 2.7337203 0.91965187 0.9008077 1.156783
[9467, 0.4313401, 1.0063082, 7.8097873, 0.4896708] 2.3562186 0.8632769 1.0083163 1.3499254
[9468, 0.41331992, 1.038836, 6.943848, 0.59183764] 2.5279412 0.976487 0.98849046 1.1710398
[9469, 0.46261635, 1.0738877, 3.444742, 0.66883063] 3.1433504 0.92575043 0.8692462 1.2091713
[9470, 0.50605094, 1.0446479, 4.344275, 0.53057516] 2.8284097 1.0566636 0.9850794 1.2531501
[9471, 0.39097986, 1.0136132, 8.1999, 0.5123281] 2.3947287 0.975325 0.9476399 1.2538393
[9472, 0.40373677, 1.0559163, 7.754192, 0.50717497] 2.3698976 0.8751878 1.0399824 1.4690439
[9473, 0.48106763, 1.0344553, 5.037035, 0.54065907] 2.7926378 1.054417 0.94426507 1.1372745
[9474, 0.47597918, 1.0098065, 5.3912854, 0.5424445] 2.7798235 0.87030053 0.8334423 1.3363947
[9475, 0.48301452, 0.9285543, 7.12936, 0.3022473] 2.147293 0.99172443 0.9007343 1.4022076
[9476, 0.43951604, 1.0241263, 8.181052, 0.4412585] 2.2953908 0.9859079 1.1055621 1.2939624
[9477, 0.4844054, 1.0270776, 5.61087, 0.538444] 2.5266945 0.962904 0.9859123 1.5488164
[9478, 0.44572663, 1.0341529, 6.6792607, 0.518539] 2.6259007 0.81825316 0.91521245 1.3472415
[9479, 0.43565553, 1.0859259, 3.0395834, 0.58181554] 2.982204 1.0116814 1.0512674 1.3169391
[9480, 0.43962392, 1.0028244, 7.3397894, 0.4288747] 2.2494013 1.0988432 1.033383 1.294998
[9481, 0.51760846, 1.038064, 3.884408, 0.5218119] 2.9454172 0.8794359 0.93506354 1.3392414
[9482, 0.4884769, 1.0322328, 6.737563, 0.5660573] 2.5368586 0.9285503 0.94422096 1.4347466
[9483, 0.4601528, 1.030516, 6.2305365, 0.54571205] 2.6445706 1.0672323 0.94125015 1.1599241
[9484, 0.515363, 0.97815853, 6.4197316, 0.49500912] 2.6654875 0.9203629 0.99922156 1.0289257
[9485, 0.5096491, 1.0242943, 4.03872, 0.5535696] 2.984312 1.0370469 0.87438446 1.0717194
[9486, 0.52072537, 1.003398, 5.906152, 0.6219961] 2.7220213 1.0664179 0.8194778 1.1958816
[9487, 0.41003007, 1.0284593, 7.909596, 0.39654383] 2.3946452 1.0151848 1.0011168 1.1978579
[9488, 0.39687562, 1.0426315, 7.058815, 0.36289084] 2.4887235 0.9205244 1.0387564 1.2560176
[9489, 0.5412026, 0.96031296, 5.0758867, 0.5334283] 2.7187257 0.9853003 0.8674738 1.354228
[9490, 0.5782239, 0.9779171, 4.448729, 0.48385146] 2.9239552 0.9050554 0.94609296 1.2032815
[9491, 0.40700945, 1.0065522, 6.889367, 0.41841274] 2.4303713 1.0474763 0.84529376 1.2113796
[9492, 0.51882154, 1.0154777, 5.8780046, 0.6100025] 2.6865184 1.1301337 0.8913528 1.1850512
[9493, 0.43805924, 1.0241317, 7.3300996, 0.45866007] 2.4820948 0.9246372 0.92935824 1.3321716
[9494, 0.5007615, 0.9984606, 7.293432, 0.4542106] 2.3850813 1.1769255 0.9492973 1.3527778
[9495, 0.5419253, 0.99730986, 5.5202503, 0.56764513] 2.7160459 1.1296309 0.9187862 1.1048542
[9496, 0.54800725, 0.991263, 5.4495835, 0.55149984] 2.6678627 0.93498313 0.9956401 1.3992199
[9497, 0.44890437, 1.0401735, 7.5868897, 0.43311557] 2.4927742 0.970877 0.8926549 1.3922335
[9498, 0.47745368, 1.0092332, 7.0242195, 0.6384074] 2.5974793 0.8714501 0.9120125 1.2545443
[9499, 0.47451505, 1.0376527, 5.209594, 0.5058102] 2.6857061 1.0626206 1.0143942 1.2223338
[9500, 0.38814422, 1.0520892, 6.349182, 0.52181] 2.5946984 1.0316466 0.9268621 1.2347898
[9501, 0.44955146, 0.9525577, 7.138343, 0.33860287] 2.2538824 0.9115625 0.8824792 1.3630196
[9502, 0.5090169, 1.0438243, 3.9309657, 0.6525251] 2.889611 0.9153717 0.99957067 1.3795769
[9503, 0.59271586, 0.9360182, 4.809556, 0.4358822] 2.819092 0.8519016 0.9918941 1.2103157
[9504, 0.49417496, 1.0183287, 6.433772, 0.48287165] 2.6359046 0.8126185 0.97349983 1.3549291
[9505, 0.48230702, 1.014824, 5.8244233, 0.5346433] 2.5209875 1.0418348 0.96880805 1.4499124
[9506, 0.5019307, 1.0227638, 6.131108, 0.57617116] 2.6630907 0.938926 0.9617536 1.2354583
[9507, 0.4101985, 1.1021069, 2.9099543, 0.6242465] 3.05483 0.74947864 0.9740966 1.3803756
[9508, 0.43947864, 1.0298066, 6.491549, 0.46680635] 2.4961174 0.9663081 0.9293434 1.5870512
[9509, 0.38865367, 1.0658371, 6.5823145, 0.59616125] 2.6634405 0.81872034 0.9595958 1.2208323
[9510, 0.45403942, 1.0292591, 6.5168567, 0.52001446] 2.5618334 1.011397 0.9349369 1.2590513
[9511, 0.40904388, 1.0665437, 6.45894, 0.5212197] 2.6092143 1.0732718 0.9784121 1.1414162
[9512, 0.4571098, 1.0363524, 5.1324787, 0.5543171] 2.6265042 1.0605264 0.9660759 1.3295904
[9513, 0.45612356, 0.9928614, 6.9438853, 0.42003486] 2.437061 0.9256982 1.020937 1.2806125
[9514, 0.4738335, 1.0435256, 5.6018853, 0.40773058] 2.5592566 1.0455215 1.0239338 1.2674897
[9515, 0.4351435, 1.119894, 3.0170124, 0.8370671] 3.2007918 0.7801996 0.8345783 1.373326
[9516, 0.49359265, 1.0128303, 5.794436, 0.47339353] 2.5237317 0.9086974 1.0528039 1.4609952
[9517, 0.42409635, 0.9897991, 7.632511, 0.41790396] 2.3293219 1.0276434 0.84168935 1.2527515
[9518, 0.5532573, 0.9587348, 4.669344, 0.57770276] 2.789538 0.91835576 0.9648731 1.3331232
[9519, 0.52429247, 1.0121385, 5.007523, 0.57563907] 2.7745614 1.1865903 0.88375837 1.0755898
[9520, 0.45559537, 1.0086951, 6.704322, 0.37543464] 2.2482572 1.0271271 1.1040663 1.5066508
[9521, 0.47817507, 1.0336878, 4.1332083, 0.5102194] 2.7862675 0.98778105 0.93104595 1.4253492
[9522, 0.5576499, 0.9167713, 7.1381016, 0.47615454] 2.453199 1.0515156 0.92878646 1.1928829
[9523, 0.5440267, 0.9896112, 4.2715993, 0.5336458] 2.8221786 0.9699097 0.861171 1.3649116
[9524, 0.41151026, 1.0264496, 8.014483, 0.3999614] 2.223758 1.0810071 1.1205806 1.3883641
[9525, 0.4089607, 1.0277363, 7.179976, 0.46892726] 2.409314 0.9408577 1.1172762 1.2658368
[9526, 0.510872, 1.0072428, 5.709207, 0.4864193] 2.584135 0.9604358 0.9267803 1.5433158
[9527, 0.40783864, 1.0450554, 5.742836, 0.560268] 2.6501293 0.9863805 0.8866535 1.2896876
[9528, 0.49004135, 1.0155241, 7.5379972, 0.53734106] 2.4974484 0.94461524 1.0031328 1.2804688
[9529, 0.47761115, 1.0129825, 4.924595, 0.58512235] 2.771779 1.0119226 0.88349277 1.2333641
[9530, 0.4308297, 1.0060687, 8.268529, 0.43912843] 2.3277438 0.7961013 0.9997305 1.4108821
[9531, 0.41978723, 1.0516502, 6.501726, 0.519811] 2.692245 0.8660547 0.9680027 1.2722017
[9532, 0.5520182, 0.9625823, 6.2985997, 0.47611034] 2.4605381 1.0031272 0.9978248 1.4550841
[9533, 0.40973786, 0.99725974, 7.598147, 0.40436634] 2.3456428 0.999113 1.0388955 1.1622334
[9534, 0.47832018, 1.0051391, 6.431449, 0.54147124] 2.586353 1.046315 0.93515927 1.2350584
[9535, 0.34865162, 1.0823685, 6.7671742, 0.6872642] 2.6135228 0.97103786 0.83194923 1.2342598
[9536, 0.44816726, 1.0392996, 7.25253, 0.551724] 2.5911996 0.9810695 0.8212817 1.3383843
[9537, 0.46461263, 1.018836, 7.816449, 0.6201834] 2.577786 0.94057316 0.7931531 1.3123665
[9538, 0.39960894, 1.0645427, 6.258064, 0.61181647] 2.66435 0.78494936 0.8673853 1.413195
[9539, 0.4870515, 1.0855404, 3.6107023, 0.60165644] 3.0837944 0.90941095 0.88045704 1.1928024
[9540, 0.53799397, 0.9441777, 6.493384, 0.4261256] 2.696947 0.83859575 0.90492046 1.0597686
[9541, 0.528325, 1.012453, 4.3638177, 0.5542352] 2.8125892 0.97470397 1.0030965 1.3583713
[9542, 0.42913154, 1.0627328, 6.170343, 0.59276617] 2.650049 1.1051296 0.9292683 1.1554173
[9543, 0.5480288, 0.9587697, 5.6128592, 0.48339966] 2.644205 1.0540763 0.9591511 1.2601553
[9544, 0.5136235, 0.9813789, 5.93887, 0.4709345] 2.7117152 0.9354388 0.9433181 1.1652321
[9545, 0.48442015, 1.0190779, 5.33042, 0.5129561] 2.7880251 1.0372196 0.789264 1.1982732
[9546, 0.56487805, 0.9634617, 5.7646213, 0.5083972] 2.6116474 0.85617965 0.95517576 1.547805
[9547, 0.43337905, 1.0111403, 6.397715, 0.40524617] 2.4335747 1.0898926 0.9243418 1.2521851
[9548, 0.5062591, 0.9103864, 7.2325544, 0.42601952] 2.2115536 1.0001148 0.87768483 1.2915536
[9549, 0.42753842, 1.10025, 3.3262722, 0.523563] 3.055802 0.9263328 0.8620876 1.2584801
[9550, 0.52590984, 1.0007613, 4.872686, 0.5405278] 2.8286693 0.8710065 0.85600454 1.3643876
[9551, 0.47716197, 1.0375813, 5.604669, 0.61218476] 2.6764522 0.9698485 0.9394842 1.3223155
[9552, 0.47114408, 1.0300198, 6.816696, 0.58261156] 2.5479686 0.9313178 0.9788869 1.4045962
[9553, 0.46483037, 1.0172443, 6.18198, 0.5649048] 2.5541434 1.0935316 1.0269741 1.1998847
[9554, 0.49872708, 0.9921966, 7.362903, 0.6035879] 2.746015 0.98924077 0.86384887 1.0011575
[9555, 0.48123667, 0.9955882, 6.833518, 0.44640648] 2.5216503 1.1449275 0.9046005 1.1229337
[9556, 0.47471672, 1.0158354, 4.7379208, 0.46755576] 2.776191 1.0141275 1.0122194 1.1625025
[9557, 0.40204316, 1.0307133, 7.907233, 0.3983537] 2.5144181 0.8920046 0.9607497 1.1576197
[9558, 0.550214, 0.97106546, 4.5753508, 0.5107908] 2.8874614 0.9828019 0.8402254 1.230496
[9559, 0.5177047, 1.051642, 3.3940415, 0.6504111] 3.1332357 0.7847613 0.88213325 1.3037983
[9560, 0.46718886, 1.0390813, 5.1149745, 0.61139613] 2.811517 1.0047708 0.8402348 1.2422098
[9561, 0.47751874, 0.9890605, 7.5103517, 0.43415722] 2.5265603 0.93703246 0.987547 1.1631334
[9562, 0.47499433, 1.0296516, 5.6468086, 0.56272674] 2.723283 0.9395955 0.9941387 1.1645621
[9563, 0.41144374, 1.0574417, 6.6572323, 0.5411482] 2.711386 0.83260286 0.9985687 1.1740874
[9564, 0.5384081, 0.9826354, 7.2654395, 0.5339326] 2.6227748 0.87945193 1.036161 1.1618991
[9565, 0.47900996, 1.0373343, 3.764725, 0.511676] 2.897516 0.9744362 0.874317 1.3336475
[9566, 0.4788498, 0.9253587, 6.4013495, 0.29195693] 2.3070703 0.9359178 1.0144023 1.1297506
[9567, 0.4391301, 1.0253854, 6.5655074, 0.38965628] 2.45933 0.90970707 0.99761754 1.4091803
[9568, 0.5459912, 1.0114216, 4.461898, 0.761635] 2.9201186 0.6981513 0.95220417 1.4104558
[9569, 0.47038198, 1.0120589, 7.160544, 0.5572675] 2.6325316 1.0137544 0.86470574 1.1645876
[9570, 0.56282187, 0.96250343, 4.570857, 0.558322] 2.6846142 0.8523354 1.0440378 1.4918514
[9571, 0.4696511, 1.0595734, 4.0940332, 0.6376721] 2.7465906 1.0182257 0.98884106 1.5120028
[9572, 0.468562, 1.0086573, 8.120006, 0.46955654] 2.4030654 1.0271871 0.796461 1.4861441
[9573, 0.46661606, 1.0150863, 6.2690964, 0.5237136] 2.5962017 0.92963934 0.8157615 1.4366218
[9574, 0.41027033, 1.0375831, 6.5781283, 0.6275389] 2.494031 0.9961055 0.86079144 1.460047
[9575, 0.520897, 0.980863, 6.440605, 0.5653882] 2.7986338 0.85795796 0.97406876 1.0029731
[9576, 0.46491522, 1.0225121, 6.305653, 0.5994385] 2.5483825 0.9851704 0.9006836 1.442049
[9577, 0.48860872, 0.9394198, 6.609382, 0.28552222] 2.3516138 0.9535421 0.9084031 1.2147663
[9578, 0.44435316, 1.026492, 6.3784266, 0.72649986] 2.806055 0.8486949 0.77758545 1.1033177
[9579, 0.4721468, 1.0221725, 5.4153123, 0.47107807] 2.7767007 1.00105 0.8230688 1.2823607
[9580, 0.40050933, 1.0588018, 7.1081676, 0.4430805] 2.5532944 0.9359292 0.86433405 1.362431
[9581, 0.56577384, 0.9480088, 5.4775014, 0.5091804] 2.7271674 1.0647231 1.0794064 1.0414218
[9582, 0.49222407, 0.99857116, 7.327347, 0.5210219] 2.6637015 1.0613468 0.7880347 1.0649997
[9583, 0.5471318, 0.9736936, 6.66381, 0.6737887] 2.7278395 0.9834416 0.84410137 1.1656119
[9584, 0.5009267, 1.0033684, 6.1052227, 0.51263976] 2.5926073 1.0584835 0.9817239 1.2136385
[9585, 0.4497981, 1.0119954, 7.6631145, 0.4383851] 2.392807 0.9832109 1.0681162 1.2345206
[9586, 0.5232453, 1.0435024, 3.6829176, 0.55116105] 2.9665034 1.0411924 0.86684674 1.2765411
[9587, 0.5955147, 0.9184084, 5.7641, 0.47208133] 2.5367956 0.9669348 1.0417446 1.4391736
[9588, 0.34059253, 1.0524236, 8.5169735, 0.5517355] 2.3752837 1.0456549 0.9092684 1.2137697
[9589, 0.5837592, 0.99692005, 4.6260333, 0.5664999] 2.6782863 0.97341365 0.908722 1.5159559
[9590, 0.4609509, 1.0297139, 6.029871, 0.7248258] 2.68788 1.0575223 0.88777673 1.2078836
[9591, 0.4778646, 0.9830127, 6.6239986, 0.36722085] 2.5040698 1.1180183 0.92518336 1.1053945
[9592, 0.5375451, 0.98548925, 4.4256124, 0.7069163] 2.8762681 0.88373595 0.998429 1.2344668
[9593, 0.4836896, 1.0313904, 4.9746428, 0.6163053] 2.8530855 1.0120481 0.92920846 1.1174163
[9594, 0.4400617, 1.0467724, 6.875757, 0.5762757] 2.5507047 0.9581388 0.91945344 1.383275
[9595, 0.4680191, 1.02416, 6.392476, 0.6126325] 2.7644172 0.85496503 1.0457582 1.0852269
[9596, 0.4780441, 1.0601267, 4.2177196, 0.51886904] 2.8664513 0.9217501 0.89619136 1.3574619
[9597, 0.4669032, 0.96439457, 7.8688717, 0.48920417] 2.2480953 1.106533 0.9910574 1.381777
[9598, 0.47237328, 1.0482723, 4.016973, 0.5690035] 2.949441 0.8441524 0.9492253 1.2561889
[9599, 0.46497673, 1.027564, 6.9098063, 0.52107203] 2.5431046 0.838877 0.97994864 1.4129488
[9600, 0.5166961, 0.99856603, 4.7796807, 0.57514477] 2.7515495 0.9635596 0.9203868 1.4198825
[9601, 0.5093563, 1.0037785, 6.4291286, 0.6829491] 2.7798269 0.9261797 0.9380367 1.0065196
[9602, 0.46650738, 1.0235727, 6.5588036, 0.45030886] 2.6642714 0.9356769 0.8336241 1.2388395
[9603, 0.51596385, 0.9984632, 4.382766, 0.43216133] 2.965003 0.809463 0.84024376 1.3234509
[9604, 0.48581314, 1.0208032, 6.144093, 0.60346293] 2.6623087 0.9143233 1.0095259 1.2677667
[9605, 0.5048963, 1.0230556, 4.2468314, 0.6497283] 2.8262548 0.9095846 0.94571555 1.4173459
[9606, 0.52966726, 1.0251492, 4.0184503, 0.5881961] 2.8948169 0.9342858 0.96054167 1.2270594
[9607, 0.4696928, 0.9899113, 7.2278666, 0.51309365] 2.3632581 0.9596362 0.9955254 1.4135287
[9608, 0.53091025, 0.9898327, 4.163175, 0.4648474] 2.8485837 1.0425775 1.0143327 1.1395161
[9609, 0.5199507, 1.0011089, 4.5534053, 0.61137736] 2.7672386 1.0087912 0.9645486 1.3561324
[9610, 0.4185487, 1.0691826, 5.446191, 0.6096316] 2.7504811 0.9085903 0.89689463 1.2600139
[9611, 0.42679164, 1.0032476, 8.249606, 0.39355555] 2.351021 1.1081448 0.8765265 1.1784344
[9612, 0.5829362, 0.947529, 4.646246, 0.44706523] 2.7719264 0.9900869 1.0111175 1.2636225
[9613, 0.4689486, 0.9594632, 8.727949, 0.5302681] 2.3213077 0.9144669 0.8881528 1.3524152
[9614, 0.48552966, 1.0123316, 6.644703, 0.4830499] 2.5810587 1.004195 0.8491709 1.3174492
[9615, 0.47256044, 0.9813435, 7.421584, 0.45172963] 2.304015 0.8269574 1.0175194 1.5570798
[9616, 0.5164587, 0.9900182, 6.5386496, 0.5255668] 2.640434 1.0503336 0.9924239 1.1221361
[9617, 0.47262633, 0.9967604, 7.1139507, 0.38521093] 2.5157814 0.998083 0.9838766 1.2488407
[9618, 0.5681199, 0.96959275, 5.014497, 0.5182808] 2.6419497 1.0210879 1.116941 1.2647387
[9619, 0.48535565, 1.0021229, 6.0417304, 0.50607914] 2.690257 0.99563557 0.81265956 1.2004151
[9620, 0.52907187, 1.0332634, 3.9992626, 0.5684409] 2.9584928 0.90118235 0.88474756 1.2854264
[9621, 0.56921315, 0.9593767, 4.70335, 0.45562458] 2.920484 0.9690513 0.8079157 1.165129
[9622, 0.39785072, 1.0168211, 7.768106, 0.42817485] 2.293188 1.0931495 0.97491807 1.2235928
[9623, 0.46532354, 1.035599, 5.437361, 0.57770884] 2.7855992 0.94843704 0.86914706 1.2915273
[9624, 0.54168785, 0.97662324, 5.371856, 0.47359273] 2.8107119 1.0104063 0.994248 0.95903563
[9625, 0.45712882, 1.0440172, 6.483696, 0.529419] 2.4512022 0.89768004 1.0683576 1.3688616
[9626, 0.40566996, 1.0441328, 7.075918, 0.433328] 2.3699152 1.1978698 1.0446278 1.2324897
[9627, 0.41577494, 1.0222697, 7.7616954, 0.46788836] 2.4549913 1.0401373 0.94672775 1.0952362
[9628, 0.3902727, 1.0158966, 7.75644, 0.427826] 2.2088387 1.099402 1.0350136 1.2634737
[9629, 0.501956, 0.9937068, 6.62548, 0.51941735] 2.6295297 1.0411756 0.9040279 1.133782
[9630, 0.47223023, 1.0260212, 5.2340236, 0.48300597] 2.6757555 0.96745884 0.8824739 1.3153132
[9631, 0.48970056, 1.0077308, 7.056821, 0.4392644] 2.5485792 1.0063514 0.8213946 1.3537593
[9632, 0.39698642, 1.0015585, 7.366347, 0.39265117] 2.2672071 0.9980105 1.0148488 1.2837312
[9633, 0.4814646, 1.0585157, 3.7267318, 0.53379697] 2.9012225 0.9967428 0.99904037 1.2368776
[9634, 0.54015344, 1.0120784, 4.4673185, 0.5252551] 2.8318315 0.88912004 1.0686699 1.2212164
[9635, 0.5115283, 1.0193629, 6.129317, 0.593436] 2.6885502 0.96292484 0.872648 1.2979898
[9636, 0.44273853, 1.0575595, 7.5363107, 0.3883234] 2.5855303 0.9412249 0.96391135 1.2358408
[9637, 0.44757345, 1.0168749, 6.734158, 0.53031707] 2.5507016 0.97026724 0.90329164 1.3306273
[9638, 0.42296994, 1.0337259, 8.122983, 0.6048877] 2.420801 1.0475302 1.0145295 1.2610294
[9639, 0.53460383, 1.0285078, 4.3334785, 0.62395424] 2.7340417 1.0587989 1.0205964 1.3825421
[9640, 0.50722975, 1.0028586, 6.2083564, 0.5694686] 2.6122148 0.91823167 0.87393683 1.4154603
[9641, 0.48358786, 1.0403374, 5.1079636, 0.5313876] 2.6949482 0.9804153 0.878127 1.4130155
[9642, 0.47455782, 1.038587, 4.198612, 0.58019817] 2.9299803 1.010924 0.85066676 1.1174475
[9643, 0.4009635, 1.0206091, 7.7879624, 0.42741254] 2.3811913 1.0573798 0.9910221 1.1846677
[9644, 0.53490555, 0.96163744, 5.844748, 0.5434099] 2.7656426 0.8462607 0.9371842 1.2218889
[9645, 0.50098956, 0.98122954, 7.2069383, 0.4875002] 2.3686442 1.0421641 0.9652539 1.3707868
[9646, 0.4628082, 1.0158892, 7.6030636, 0.41579416] 2.470485 0.97953534 0.94602525 1.3131939
[9647, 0.5451539, 0.9935168, 4.897217, 0.53021073] 2.9079452 0.86598283 0.84956557 1.1976597
[9648, 0.54782176, 0.9980831, 5.701198, 0.56428933] 2.5026913 1.0356197 0.9832757 1.5453995
[9649, 0.48037538, 1.0296283, 5.5311093, 0.474442] 2.7324624 0.8767822 0.9993892 1.2473136
[9650, 0.5118432, 1.0035146, 4.9035573, 0.4893208] 2.9039834 0.71513367 0.9196175 1.2410204
[9651, 0.41677502, 0.96822536, 6.6526546, 0.26931614] 2.190372 1.018882 0.9949218 1.225621
[9652, 0.53889483, 0.9826265, 5.703105, 0.48251364] 2.680972 1.1532933 0.97211003 1.0955509
[9653, 0.52648646, 0.99870044, 5.0089717, 0.50459236] 2.6420863 1.160321 1.0126495 1.221297
[9654, 0.46457425, 1.0274673, 6.358644, 0.42993388] 2.5255942 0.91227406 1.0663779 1.3100765
[9655, 0.5479297, 1.0063115, 4.4025617, 0.45771408] 2.7548273 0.93325907 1.0819945 1.3205749
[9656, 0.52347875, 1.0385125, 3.3062563, 0.58988446] 2.8881822 1.1142851 0.96866703 1.3819977
[9657, 0.4304054, 1.0372064, 5.102168, 0.6006241] 2.7419841 0.9731775 0.8925969 1.2896336
[9658, 0.5357596, 0.97582597, 6.116793, 0.4332285] 2.6639786 0.8409268 0.8796462 1.4009157
[9659, 0.48625106, 1.0216836, 5.4202046, 0.46481496] 2.6761847 0.93294346 0.91259 1.2743553
[9660, 0.5061863, 1.0237339, 4.757279, 0.5164111] 2.842069 0.96597004 0.8535713 1.2321577
[9661, 0.45930073, 0.94558585, 7.031146, 0.38027528] 2.167284 1.059235 1.0059878 1.3159437
[9662, 0.42431882, 1.0487728, 7.2943, 0.56661433] 2.6371706 0.98594797 0.8093349 1.2233721
[9663, 0.52683556, 0.98470396, 5.025667, 0.44286153] 2.7381136 0.8579181 1.083058 1.341897
[9664, 0.5162121, 1.0074631, 5.884544, 0.52838707] 2.832208 0.77903986 0.87265646 1.1666024
[9665, 0.56137305, 1.0008708, 6.752231, 0.671223] 2.5626192 0.9880251 0.97627866 1.3196592
[9666, 0.48671296, 1.0566696, 4.0283165, 0.49786273] 2.915419 0.86690676 0.95584196 1.3202219
[9667, 0.48112366, 1.0291417, 4.7431865, 0.6442966] 2.8451946 0.979142 0.90336233 1.2260805
[9668, 0.49801677, 1.0308219, 4.2515945, 0.4780984] 2.8929265 0.994347 0.94905424 1.1756426
[9669, 0.50612336, 1.0624309, 3.0431404, 0.6226981] 3.1944766 1.0283481 0.9268667 1.0372275
[9670, 0.4958261, 1.0294429, 4.7822375, 0.72911096] 2.8618197 0.9731228 0.94053507 1.2352408
[9671, 0.53229564, 1.0273744, 4.054193, 0.54268765] 2.9691114 0.9860432 0.9462373 1.1180873
[9672, 0.45408496, 1.0232, 7.3455534, 0.453853] 2.3735096 1.0492612 0.9531548 1.3487117
[9673, 0.5490003, 0.9782091, 5.33087, 0.493974] 2.7630417 1.0796642 0.9186826 1.1099645
[9674, 0.519013, 0.9829924, 5.092557, 0.60047436] 2.7582304 0.86167246 0.9448587 1.3046451
[9675, 0.5203962, 1.0037608, 5.635773, 0.41581073] 2.5599632 1.0042409 1.1312795 1.3088467
[9676, 0.5269727, 1.0040685, 4.740913, 0.5088933] 2.8858764 0.9429968 0.87958056 1.1975495
[9677, 0.45728064, 1.0400972, 4.9913454, 0.47569636] 2.8873138 0.876687 0.8389847 1.1519296
[9678, 0.47003162, 1.0150981, 7.2150927, 0.5031096] 2.4292338 0.98029304 0.93599325 1.4392645
[9679, 0.39432457, 1.0366509, 7.688951, 0.41457817] 2.5780656 0.88140285 0.8703426 1.1983941
[9680, 0.59960765, 0.98159736, 3.7843313, 0.6667064] 2.7193854 1.2427169 1.0839591 1.278947
[9681, 0.42612377, 1.0697803, 6.890321, 0.5758339] 2.497499 1.0103661 0.90663034 1.4944879
[9682, 0.5087871, 1.0588956, 3.6173697, 0.80926716] 2.9848921 0.9446619 0.8091471 1.3998549
[9683, 0.4753345, 1.0317613, 4.87927, 0.5127826] 2.6416059 1.0411872 0.93694234 1.3712972
[9684, 0.5320215, 0.9897011, 5.6952367, 0.52140343] 2.723273 1.0279552 1.0156891 1.039923
[9685, 0.43861303, 0.9725875, 7.10282, 0.33676955] 2.2376213 1.1302294 1.0097581 1.2079787
[9686, 0.49968427, 1.0228739, 5.4871807, 0.63590366] 2.9583426 0.9061743 0.84070224 1.0442693
[9687, 0.484872, 1.0702081, 3.6765118, 0.538062] 2.9543757 0.8665638 0.95700234 1.344701
[9688, 0.44579455, 0.97707194, 7.703341, 0.38327125] 2.2589738 1.1986761 0.9005681 1.2898822
[9689, 0.46700045, 1.0500077, 3.2238843, 0.5252241] 3.0304291 0.82571936 0.9824218 1.303359
[9690, 0.45176533, 1.0293438, 6.9873433, 0.42444068] 2.3844557 1.1252165 1.0501126 1.3079844
[9691, 0.46143648, 1.0502251, 3.9183033, 0.50302005] 2.8859112 1.0248567 0.9207751 1.2956376
[9692, 0.48472005, 1.011616, 7.183263, 0.6805111] 2.4984515 0.9050029 0.87054807 1.4539837
[9693, 0.57881385, 0.9542241, 5.082192, 0.52475727] 2.6929464 1.0418143 0.92810404 1.3653294
[9694, 0.4067646, 1.0082374, 8.236243, 0.46481872] 2.2187345 1.0409399 0.980664 1.3341333
[9695, 0.45094436, 1.0254351, 7.0315857, 0.43838483] 2.4835052 0.81315196 1.0420942 1.3381814
[9696, 0.5283661, 1.0146059, 4.4741435, 0.57036734] 2.6982327 0.9164962 1.0953008 1.3913114
[9697, 0.51247853, 0.9538509, 8.759034, 0.7123157] 2.4651673 0.982766 0.7912164 1.1551222
[9698, 0.47190505, 0.9701171, 7.2814355, 0.37088934] 2.3953986 0.9871814 1.0485102 1.2771622
[9699, 0.4016175, 1.0296267, 7.385054, 0.50385] 2.508121 1.0268462 0.7767248 1.2361411
[9700, 0.45429057, 1.0357953, 5.9836273, 0.58556867] 2.761636 0.8518239 0.9694036 1.2789761
[9701, 0.43867743, 1.0495213, 6.818244, 0.84832984] 2.7591827 0.83932585 0.8083674 1.245655
[9702, 0.42942458, 1.0239779, 6.645775, 0.6934586] 2.56963 0.96583956 0.83225554 1.2525612
[9703, 0.52940667, 0.9866263, 4.716446, 0.35013387] 2.7129056 1.043736 1.0086242 1.2063832
[9704, 0.40894192, 0.9975316, 7.4976807, 0.354446] 2.2937033 1.0115005 0.940171 1.2902718
[9705, 0.51595396, 1.0010111, 4.4795184, 0.44064167] 2.8564763 0.85430986 1.0000052 1.2568654
[9706, 0.50822526, 0.9993006, 7.113757, 0.49271306] 2.5691893 0.9402594 0.9812087 1.2448876
[9707, 0.42248595, 1.0059162, 8.037451, 0.57105505] 2.1885529 0.9614581 1.1727175 1.3582565
[9708, 0.53275573, 0.8846965, 6.170603, 0.25853723] 2.0050077 1.0792102 0.9953913 1.4520273
[9709, 0.43203413, 1.0380542, 6.3450527, 0.46300566] 2.6109152 0.92670596 0.9574939 1.2425734
[9710, 0.52271885, 0.9702094, 6.5354395, 0.50222987] 2.4169285 0.99124664 0.9718872 1.4147604
[9711, 0.46596408, 1.0418473, 5.61139, 0.44958645] 2.542052 1.0401213 1.0428473 1.3604728
[9712, 0.38535187, 1.0313766, 8.028677, 0.37510517] 2.427309 0.96328866 0.84325886 1.2889129
[9713, 0.49187672, 1.0322452, 5.231667, 0.43549398] 2.8813298 0.93497825 0.8392621 1.1265017
[9714, 0.5202413, 1.0035197, 5.2405834, 0.7484052] 2.88992 0.9255267 0.83177537 1.1334955
[9715, 0.56897557, 0.947722, 3.721515, 0.5410544] 2.8903096 1.0318224 0.9652626 1.1517609
[9716, 0.52965546, 0.96714383, 5.037524, 0.55158615] 2.6656907 0.9780355 0.9964988 1.2927163
[9717, 0.441065, 1.0207036, 7.1668086, 0.5480605] 2.5215821 1.0348344 0.86085 1.261273
[9718, 0.5603671, 0.9760777, 4.042133, 0.46807656] 2.757915 0.95399004 1.0148499 1.3451489
[9719, 0.5615231, 0.9986435, 4.1561713, 0.42797703] 3.0596387 0.8383467 0.91010594 1.0475209
[9720, 0.46272317, 1.0322114, 6.313796, 0.5274784] 2.7004492 0.87380815 0.8957149 1.2389865
[9721, 0.46489096, 1.028176, 6.7830534, 0.5004296] 2.5571578 0.90539104 0.94258004 1.4164244
[9722, 0.5732499, 0.95357406, 4.611302, 0.54233086] 2.7224004 0.9418052 0.93489456 1.5012906
[9723, 0.4428311, 0.9537248, 7.7072268, 0.39113125] 2.281764 0.94942856 0.91297776 1.3030003
[9724, 0.4286848, 0.970975, 6.7888746, 0.24873702] 2.2046432 0.9957977 0.97903913 1.2569512
[9725, 0.42794982, 1.0408573, 7.364681, 0.54293704] 2.5804672 1.0454404 0.9357157 1.0862226
[9726, 0.44122157, 0.96695423, 6.885817, 0.4009775] 2.264009 1.0002731 1.0808747 1.2608843
[9727, 0.5715443, 0.94716215, 6.6494904, 0.6579526] 2.6233191 0.98889905 0.9406 1.2958574
[9728, 0.5377713, 0.97847515, 4.7967057, 0.50432426] 2.7804112 0.95589876 0.956797 1.2343504
[9729, 0.49919492, 1.0080358, 5.679694, 0.54067415] 2.7467585 0.81398845 0.9764266 1.2230293
[9730, 0.4960978, 0.9886946, 6.5707436, 0.44950724] 2.5514522 0.9469042 0.8788877 1.293809
[9731, 0.5019313, 0.9803515, 6.7999926, 0.5670362] 2.6443517 0.7488974 0.8265979 1.3440576
[9732, 0.5269552, 1.0005836, 6.1296988, 0.5816302] 2.769835 0.8390934 0.9915786 1.2119074
[9733, 0.47988775, 0.99015266, 7.691344, 0.4110863] 2.462768 0.8988451 0.9304883 1.23049
[9734, 0.40030935, 1.0464138, 6.7270637, 0.47204915] 2.5139723 0.9672839 0.9847694 1.2125108
[9735, 0.49366096, 1.0194956, 5.947538, 0.52517015] 2.6405602 1.0879381 1.0706586 1.1330366
[9736, 0.47294217, 1.0186316, 7.4628396, 0.5870262] 2.5696611 0.94823533 1.0008959 1.1757269
[9737, 0.3993179, 1.0418559, 7.8680487, 0.45939296] 2.3320315 1.0312676 0.96065944 1.3289996
[9738, 0.4641552, 1.0452029, 5.3972197, 0.53089213] 2.592894 1.1195098 0.9102164 1.3718152
[9739, 0.45337814, 1.0594813, 5.4290805, 0.55085653] 2.63702 1.0154319 0.9813544 1.3319532
[9740, 0.5153866, 1.0258695, 3.6101332, 0.5983687] 2.9216642 0.9738374 1.0000979 1.294286
[9741, 0.48668748, 1.0200521, 6.3142734, 0.5992207] 2.8088543 0.7991488 0.92968893 1.0588846
[9742, 0.43573952, 1.0347632, 7.156759, 0.5329278] 2.6473572 0.86216927 0.849818 1.2889224
[9743, 0.41430286, 1.0381951, 7.3717756, 0.54917526] 2.51287 0.89790285 0.971114 1.290356
[9744, 0.50973964, 0.99323225, 6.18938, 0.47301367] 2.6406963 0.93705255 0.90659285 1.3384348
[9745, 0.4477691, 1.0414218, 6.095819, 0.4408403] 2.5807676 0.9670551 0.9064382 1.4629021
[9746, 0.4127585, 1.0410593, 7.188665, 0.3510661] 2.4240859 1.0456105 0.88061875 1.3970604
[9747, 0.4497478, 0.99524534, 7.646866, 0.36186427] 2.4692335 1.0982105 0.95120716 1.0803714
[9748, 0.4034715, 1.048141, 7.724967, 0.58373576] 2.4246304 0.9683918 1.0461026 1.3485924
[9749, 0.42467305, 1.0303149, 7.3096256, 0.50750566] 2.3381753 0.92439365 0.88857 1.5070044
[9750, 0.43902436, 1.0493871, 6.3955107, 0.45940948] 2.5512984 0.9404 1.0856197 1.2460519
[9751, 0.5490191, 0.9877132, 4.222179, 0.43863425] 3.0241277 0.88508546 0.85553676 1.1493824
[9752, 0.49274445, 0.98832625, 7.697008, 0.47350526] 2.4840114 0.8443558 0.9080272 1.2606548
[9753, 0.43054357, 0.9842299, 7.6775093, 0.39317217] 2.4358785 0.9073026 0.9469202 1.1708865
[9754, 0.49141502, 1.0585217, 4.0686054, 0.5314271] 2.8591738 1.1320564 0.948544 1.1774275
[9755, 0.45144707, 1.0324032, 5.809658, 0.49483088] 2.7762704 0.83709306 0.94436324 1.2627991
[9756, 0.4345919, 1.0307052, 6.8380966, 0.42032787] 2.365203 0.9319019 1.0621977 1.4256544
[9757, 0.49836716, 0.9852099, 7.0560627, 0.57935685] 2.3616583 1.0513437 1.0320517 1.3758087
[9758, 0.435203, 1.0344495, 6.996811, 0.48274067] 2.53756 1.0029551 0.90462005 1.2913822
[9759, 0.5009071, 0.9849938, 7.5911937, 0.45748815] 2.5412078 0.9493706 0.95978683 1.1551651
[9760, 0.53393483, 1.0065181, 3.9701824, 0.64760345] 2.884637 1.0656201 0.8473499 1.2683704
[9761, 0.44160503, 0.9633557, 7.5798182, 0.52395344] 2.3356547 0.9915007 0.9337359 1.2424806
[9762, 0.4364635, 1.0104121, 7.665766, 0.4876457] 2.3958423 0.9815941 1.1663117 1.1518012
[9763, 0.50381136, 0.9908116, 6.919286, 0.5006802] 2.4899085 1.0234255 0.9446282 1.3330617
[9764, 0.51572007, 1.0047295, 6.887524, 0.48968104] 2.3882637 0.98080796 1.0632477 1.4433752
[9765, 0.51308006, 1.0120398, 4.934117, 0.5760562] 2.7474725 1.0900962 0.97514683 1.232733
[9766, 0.44477907, 1.0468069, 6.066576, 0.5805224] 2.704955 0.88368684 0.9407035 1.3225313
[9767, 0.47103408, 0.9969048, 7.446765, 0.49536508] 2.3943026 1.0466383 0.9113478 1.4201365
[9768, 0.4054452, 1.0484583, 6.2576447, 0.5184516] 2.6810184 0.88584685 0.9415208 1.1472361
[9769, 0.4485337, 1.0216527, 6.987711, 0.41900936] 2.536675 0.8854323 0.96462387 1.2527115
[9770, 0.4834306, 1.0323141, 4.9416404, 0.41409943] 2.7545733 0.9858429 0.87403494 1.2652017
[9771, 0.4853045, 1.0259007, 3.988957, 0.49305817] 2.8172238 0.92877066 1.0230161 1.3636953
[9772, 0.5284077, 1.0108614, 4.2662163, 0.4472979] 2.8614888 1.0270618 0.8538382 1.2875948
[9773, 0.4841548, 1.0003903, 7.084828, 0.49053544] 2.6305223 0.9809154 0.71675533 1.2940686
[9774, 0.4374011, 1.0296086, 7.188821, 0.69670165] 2.528245 0.97743446 0.9444199 1.231428
[9775, 0.39062557, 1.0276083, 8.112611, 0.35809356] 2.3512058 0.956914 0.9629625 1.3177977
[9776, 0.46375102, 1.0105209, 7.432986, 0.452207] 2.7325523 0.9253151 0.86875653 0.9776773
[9777, 0.4258386, 1.070363, 6.247251, 0.62019485] 2.645399 0.99672234 1.0198373 1.2224363
[9778, 0.3816221, 1.0772711, 6.3483872, 0.8425034] 2.633151 0.9013844 0.9344613 1.411889
[9779, 0.4937486, 1.0211748, 5.9366293, 0.46858957] 2.617039 1.1393251 0.9325721 1.1630847
[9780, 0.50694495, 1.0187697, 4.891116, 0.56346095] 2.681449 1.1302577 1.0127978 1.2273945
[9781, 0.47009355, 1.0425692, 6.6882434, 0.48616716] 2.480137 1.0607326 0.9785418 1.3831972
[9782, 0.48428985, 0.99311715, 7.4584813, 0.53198856] 2.5362384 0.89108926 0.94724244 1.3191143
[9783, 0.5142345, 1.0542984, 3.858248, 0.5430087] 2.9681373 1.0386616 0.88932806 1.1793088
[9784, 0.5401583, 1.0290703, 3.7084405, 0.66292983] 3.0779908 0.8828578 0.91216826 1.1530405
[9785, 0.48382592, 1.016992, 6.374602, 0.38706842] 2.6419964 0.9961063 0.97316194 1.0957425
[9786, 0.46106148, 1.0146391, 7.1489058, 0.5302133] 2.506744 0.98031765 0.9095151 1.3154039
[9787, 0.43290508, 1.047554, 6.672398, 0.64307964] 2.6324239 0.86235756 0.88892 1.3917795
[9788, 0.48317996, 1.011055, 6.4784307, 0.6445819] 2.6319146 0.8966196 0.89071774 1.4210951
[9789, 0.5237914, 1.0321265, 3.8223786, 0.6080177] 2.9884343 0.77165866 0.9771887 1.311746
[9790, 0.5129603, 0.99503523, 7.8820877, 0.5375739] 2.5619102 0.88292336 1.1429161 1.0435387
[9791, 0.4660708, 1.0150043, 7.401519, 0.56197846] 2.4897895 1.1334195 0.78869456 1.3344041
[9792, 0.41944617, 1.0326028, 7.333651, 0.4344764] 2.4752512 1.1444881 0.9097663 1.1825564
[9793, 0.538216, 0.95020205, 5.6825333, 0.5690791] 2.5779126 1.0377524 0.88115376 1.2657965
[9794, 0.44413814, 1.0351748, 6.1575265, 0.54988784] 2.5433216 1.1286137 0.9739189 1.3094729
[9795, 0.44968513, 1.0322583, 5.1597695, 0.4945577] 2.8076124 1.0818442 0.93462235 1.055559
[9796, 0.6367334, 0.9158906, 4.6035147, 0.55044174] 3.044529 0.8343385 0.8131902 1.1530324
[9797, 0.39104912, 1.0689391, 7.508936, 0.6911878] 2.6838856 0.9954735 0.93372625 1.0795622
[9798, 0.45339075, 1.0312029, 6.7023306, 0.56767255] 2.5442693 1.0047797 1.0605861 1.1798079
[9799, 0.5384029, 1.0073519, 4.1134725, 0.65234447] 2.9693084 0.9615683 0.8917222 1.2174505
[9800, 0.50076824, 0.9972456, 5.539013, 0.6428956] 2.5082135 0.852274 1.060772 1.529601
[9801, 0.4693398, 1.0337921, 6.4729376, 0.51057196] 2.6020935 0.9780585 0.92395335 1.3708287
[9802, 0.47042555, 1.0187423, 6.503121, 0.5877545] 2.5604687 1.0557735 0.9481632 1.2549706
[9803, 0.44213927, 1.1116217, 2.883516, 0.5227406] 3.1293213 0.81823754 0.96917194 1.351002
[9804, 0.4214293, 0.9809196, 7.021073, 0.35415718] 2.2618687 0.8663345 0.91361594 1.4196097
[9805, 0.4656405, 1.0409604, 5.3688617, 0.5910932] 2.7831168 0.89359444 0.82070476 1.296098
[9806, 0.5192174, 1.0191377, 3.8600678, 0.67473245] 2.8730476 0.90188974 0.93976367 1.3735048
[9807, 0.5828164, 0.9345024, 4.5381923, 0.5321907] 2.9137976 1.065613 0.92959446 1.0205235
[9808, 0.49055618, 1.0407982, 6.7502756, 0.72173804] 2.6579392 1.0302938 0.9147963 1.1888391
[9809, 0.4360965, 1.0891031, 3.1963294, 0.55040264] 3.1942797 0.85969186 0.87092465 1.2463721
[9810, 0.4498806, 1.0189844, 7.1734705, 0.44716808] 2.3890066 0.9717287 0.9538819 1.403783
[9811, 0.47809425, 1.0417049, 6.184626, 0.5924148] 2.7258027 0.9945599 0.8954164 1.217789
[9812, 0.47627798, 1.0143526, 6.559085, 0.43537983] 2.5548825 0.9747609 0.93236214 1.1768744
[9813, 0.5389597, 1.0043298, 4.3496294, 0.6179251] 2.818174 0.9950765 0.99203914 1.2529503
[9814, 0.5003771, 1.0275282, 4.059317, 0.6167061] 2.906961 1.073823 0.97129023 1.1224803
[9815, 0.39149022, 1.060508, 7.461883, 0.6324673] 2.514828 0.9523031 0.9452643 1.3095943
[9816, 0.42522818, 1.0258416, 7.8639226, 0.5350878] 2.5676873 0.9831319 0.9145985 1.2488493
[9817, 0.37849844, 1.046528, 7.4346786, 0.51311284] 2.5936656 0.9011699 0.70320094 1.2418736
[9818, 0.5733362, 0.964064, 4.461985, 0.5339788] 2.7131875 0.927354 0.93098956 1.4801503
[9819, 0.5733964, 0.96374714, 4.5100045, 0.611609] 2.6554673 1.0400658 0.8934464 1.479344
[9820, 0.54006594, 0.9981151, 5.160174, 0.59617734] 2.7906756 0.9821388 0.91385484 1.2709126
[9821, 0.3676562, 1.0645312, 7.695709, 0.47596306] 2.5742738 1.0224069 0.8606561 1.1481435
[9822, 0.4931077, 1.0250804, 5.8463345, 0.5453564] 2.7177384 1.0096189 0.91474867 1.1855861
[9823, 0.49023253, 1.0249071, 4.253909, 0.5062143] 2.903375 0.8674299 0.85492814 1.2977738
[9824, 0.54774463, 0.97777724, 6.1073756, 0.4708778] 2.4723272 0.9932166 1.1815945 1.3568562
[9825, 0.50087845, 1.0130558, 5.4370055, 0.47242644] 2.8501985 0.93276757 0.9670644 1.0586996
[9826, 0.4373065, 0.9879893, 7.665503, 0.44039586] 2.307171 1.0309062 1.0712106 1.1235819
[9827, 0.4160482, 1.0420599, 7.662175, 0.6789462] 2.6121545 0.8789547 0.8242891 1.2759876
[9828, 0.4747045, 1.0114573, 6.761568, 0.45077887] 2.2539628 1.0740306 1.0658858 1.5293226
[9829, 0.45810762, 0.9935502, 6.8168516, 0.4833995] 2.3104255 1.008323 0.9909345 1.2983423
[9830, 0.49722886, 1.0159786, 5.959168, 0.54080904] 2.58817 1.0285718 0.9440898 1.3490765
[9831, 0.42525902, 1.038109, 6.9042573, 0.4436558] 2.4484437 1.0058858 0.9661971 1.3156383
[9832, 0.35854813, 1.0760318, 6.3653674, 0.422534] 2.6917663 0.882535 0.94378614 1.0655324
[9833, 0.4080749, 1.0253325, 7.2244315, 0.38884977] 2.6333127 0.9476657 0.8302983 1.0867331
[9834, 0.41428867, 0.9934075, 6.975558, 0.391644] 2.1891484 0.96370476 1.1081752 1.3356605
[9835, 0.47810543, 1.016984, 6.6116295, 0.49359807] 2.7544944 0.91396 0.76820374 1.1375432
[9836, 0.50071144, 0.9649986, 7.9819922, 0.48062357] 2.4218445 1.1638423 0.917017 1.04068
[9837, 0.57237756, 0.97697586, 4.4694185, 0.49256518] 2.9911451 0.8969612 0.8854783 1.1030012
[9838, 0.50574666, 0.9826951, 7.799043, 0.5540638] 2.4102623 1.0606745 0.8344911 1.313474
[9839, 0.6330552, 0.92090476, 3.951668, 0.5006222] 3.037709 0.8612841 0.9257561 1.169654
[9840, 0.49597663, 1.0016054, 5.6385036, 0.8833425] 2.7220325 0.8761168 1.0538185 1.2189075
[9841, 0.46632865, 1.0269715, 5.8859906, 0.609715] 2.6855428 0.9462303 0.89955074 1.3501588
[9842, 0.4747677, 1.0300424, 5.1504226, 0.5449478] 2.698354 0.9097575 1.1529325 1.2161034
[9843, 0.44731203, 1.0366437, 5.2130084, 0.5328897] 2.7091346 0.77450913 0.9495922 1.4119903
[9844, 0.4823168, 1.0028864, 5.717971, 0.5759569] 2.7644808 0.930793 0.7486698 1.3463435
[9845, 0.5071391, 1.022159, 3.7804117, 0.49383083] 3.0803583 0.8971399 0.87212384 1.1337664
[9846, 0.44771546, 0.9901955, 7.7101865, 0.392935] 2.4789574 0.92396146 0.91907513 1.231271
[9847, 0.5249661, 0.98561025, 5.9873333, 0.5347841] 2.4709148 1.1080047 0.9560815 1.4679893
[9848, 0.41783702, 1.0427214, 6.3016105, 0.31635636] 2.5276608 1.0188882 0.9943973 1.2349324
[9849, 0.56647664, 0.97031957, 5.002529, 0.49829796] 2.7290769 0.94201624 0.9391159 1.291414
[9850, 0.4833656, 1.0056463, 5.8769627, 0.50445807] 2.7660098 0.8463082 0.9030691 1.2978532
[9851, 0.5600096, 0.9961203, 4.4689007, 0.44540122] 2.8059642 0.90401965 0.8976663 1.4195205
[9852, 0.565945, 0.96169126, 5.9097714, 0.4423209] 2.6928458 1.0412369 0.92702436 1.1793578
[9853, 0.54926896, 0.9701963, 4.9360123, 0.70494515] 2.863001 1.0337276 0.89874053 1.0709614
[9854, 0.41767347, 1.0075842, 7.5033517, 0.34423515] 2.324793 0.97472626 1.1040354 1.2073398
[9855, 0.497241, 1.0012214, 7.0091896, 0.42714426] 2.5600924 0.90703124 0.9898375 1.2325969
[9856, 0.4068842, 0.98991543, 7.711187, 0.42616293] 2.2993913 0.9641612 0.9774829 1.3505851
[9857, 0.48179948, 1.0479722, 4.5656047, 0.5451336] 2.86631 0.91553247 0.84941024 1.3984587
[9858, 0.48491493, 1.027715, 6.5901637, 0.6241833] 2.6842642 0.8599433 0.920475 1.2765688
[9859, 0.543747, 0.99460655, 4.993715, 0.56146455] 2.6711235 0.9600323 1.0250725 1.4545577
[9860, 0.4758718, 1.0523314, 4.1304946, 0.57217586] 2.7645285 0.9918069 1.0314991 1.3163992
[9861, 0.46080077, 1.0213667, 5.5957885, 0.58838063] 2.7029912 0.9045606 0.93093175 1.2803019
[9862, 0.47139955, 1.0145587, 7.181736, 0.5260881] 2.5183318 0.96057785 0.9476998 1.358835
[9863, 0.44334355, 1.0406077, 6.1662383, 0.50538534] 2.6818871 0.87119645 1.0502733 1.1059477
[9864, 0.45419446, 1.0164995, 6.916018, 0.5185932] 2.3756762 1.0844901 1.0694472 1.4122403
[9865, 0.39605343, 1.0401576, 7.9122224, 0.41471642] 2.4008753 0.93495303 0.9311505 1.4029212
[9866, 0.54576427, 0.9403952, 6.7359796, 0.43394205] 2.4497554 0.89965695 0.97905266 1.272126
[9867, 0.49263373, 1.0073773, 6.0780263, 0.5716493] 2.5103815 1.0370867 0.9990004 1.439721
[9868, 0.39155236, 1.0632497, 7.1303253, 0.5092119] 2.5666828 0.9473135 0.9038129 1.2305373
[9869, 0.48572206, 0.9934611, 5.64126, 0.4800386] 2.7404149 0.9302494 0.9836323 1.1761962
[9870, 0.49852312, 1.0085741, 6.1155767, 0.42798328] 2.5143824 1.0268412 1.0492921 1.3113838
[9871, 0.50937873, 0.9601064, 8.105247, 0.4956494] 2.4224703 1.104035 0.8811726 1.2032329
[9872, 0.42436358, 1.0290203, 7.720171, 0.54418033] 2.5685983 1.0309705 0.90443856 1.1796181
[9873, 0.43773758, 0.9444619, 6.3390794, 0.30395657] 2.1766636 0.91699284 0.96187073 1.4113249
[9874, 0.44166315, 1.0139091, 6.947412, 0.4341771] 2.2618296 1.1720709 1.0241435 1.3564098
[9875, 0.46465138, 0.9805795, 8.192823, 0.43454084] 2.3803165 0.9443447 0.98677546 1.2383857
[9876, 0.49073753, 1.0263742, 5.1936007, 0.6281951] 2.7283194 0.86747503 0.9689584 1.4228337
[9877, 0.44333255, 1.0439049, 6.5348706, 0.5139225] 2.5490441 0.92280513 0.99190193 1.3689369
[9878, 0.41679293, 1.0404861, 7.599213, 0.48896855] 2.5793152 0.8441542 0.8914654 1.2631183
[9879, 0.50014, 1.0003239, 6.579159, 0.6752382] 2.6334305 1.0369109 0.94871825 1.2008982
[9880, 0.39898124, 0.9975378, 7.0731735, 0.32737428] 2.2687297 1.004635 0.86987495 1.3102968
[9881, 0.40809926, 1.021251, 7.79037, 0.48507398] 2.4343984 0.8450365 1.0701632 1.2691398
[9882, 0.3834586, 1.0714529, 7.6317196, 0.5371212] 2.4993784 0.88974977 0.9254038 1.4146267
[9883, 0.35627282, 1.0515053, 7.8497477, 0.46307108] 2.3962476 0.94527054 0.97244096 1.3169936
[9884, 0.49641198, 1.0191795, 5.2873516, 0.5388142] 2.748494 1.0176697 0.7855638 1.2941449
[9885, 0.49753568, 0.9848092, 7.657833, 0.4425071] 2.4995074 1.0569595 0.9051876 1.2888738
[9886, 0.43991816, 0.9149749, 6.49815, 0.22674492] 2.2044942 0.878807 0.8650289 1.120406
[9887, 0.48047656, 1.0096227, 5.964798, 0.56358117] 2.5705485 0.9580985 0.98412573 1.3754003
[9888, 0.53188103, 0.9994058, 5.9711623, 0.47353318] 2.7593162 0.8353304 0.81477123 1.3031253
[9889, 0.45596075, 1.0243783, 6.6343327, 0.5505161] 2.6455503 0.986214 0.85658276 1.3032519
[9890, 0.474793, 1.0547584, 4.0641747, 0.5005042] 2.8179562 1.0178539 1.0119096 1.2868562
[9891, 0.5067229, 0.97190046, 7.11096, 0.4459394] 2.42539 1.0318636 1.0042115 1.2569294
[9892, 0.42115465, 1.0530293, 6.6078916, 0.51506287] 2.5345476 0.94091666 0.9680583 1.304594
[9893, 0.45878303, 1.016748, 7.4473143, 0.4480017] 2.3576288 1.0252268 1.0770348 1.3486493
[9894, 0.38226128, 1.0607911, 6.930819, 0.5624125] 2.4912937 1.0616531 0.8812497 1.3069555
[9895, 0.5432088, 1.0150598, 3.4946878, 0.47658026] 3.0627763 0.9088292 0.86789376 1.2247814
[9896, 0.44799736, 1.0506128, 6.662389, 0.62645495] 2.7717278 1.0595214 0.7866731 1.0612727
[9897, 0.46939597, 0.9887848, 7.2989354, 0.513339] 2.513551 0.9423953 0.89751923 1.1310868
[9898, 0.43930212, 1.0395417, 7.617021, 0.6168996] 2.5726058 1.0046885 0.91457874 1.2189742
[9899, 0.5281046, 0.98895955, 5.7531805, 0.45551577] 2.675652 0.95275176 0.91040057 1.2716964
[9900, 0.5073851, 1.0396502, 3.7199843, 0.59646404] 3.029683 1.005269 0.84986967 1.1719716
[9901, 0.4266678, 1.0573139, 5.7237697, 0.61980224] 2.7274141 0.9138234 0.8675043 1.2869039
[9902, 0.45572037, 0.98434025, 7.6434245, 0.5136236] 2.4538827 0.98893815 1.0120695 1.0969301
[9903, 0.4336966, 1.0469128, 6.942185, 0.38759875] 2.6469665 0.9083433 0.92939854 1.1426704
[9904, 0.3590159, 1.0343786, 7.182953, 0.4480585] 2.3711581 0.9479449 0.99784005 1.3466539
[9905, 0.5076628, 0.9875634, 6.7220025, 0.5195023] 2.5715742 1.0197319 1.0768399 1.1702442
[9906, 0.49771255, 1.0078741, 5.830709, 0.4732514] 2.7157927 0.9197851 0.9623522 1.1730477
[9907, 0.61609566, 0.90575194, 5.5683303, 0.47704118] 2.6532347 1.0748626 1.0147259 1.1153895
[9908, 0.42171925, 1.0211109, 6.5418606, 0.47932306] 2.580847 0.982458 0.8308608 1.322647
[9909, 0.57277274, 0.96591085, 4.4230814, 0.5038272] 2.6754136 1.0724784 1.0062624 1.4342674
[9910, 0.5303819, 0.9859497, 6.269877, 0.57472205] 2.5516746 1.0892817 0.98471266 1.1944373
[9911, 0.46562952, 0.9766386, 7.7228312, 0.5924969] 2.3175583 1.0928609 0.9908862 1.2307336
[9912, 0.41081887, 1.0257806, 8.09076, 0.43375027] 2.43533 0.9506795 0.9430834 1.2867917
[9913, 0.41256517, 1.029627, 7.806212, 0.43029073] 2.460866 0.9909142 0.9524605 1.2373809
[9914, 0.5500666, 0.9927623, 5.266773, 0.5450284] 2.7227523 1.0147759 1.041386 1.1692969
[9915, 0.52997845, 1.0000138, 7.064851, 0.6927232] 2.7289932 0.96507025 0.86328304 1.1399285
[9916, 0.57853335, 0.95138025, 4.7025576, 0.54678357] 2.8403778 0.73996603 0.98090976 1.2696854
[9917, 0.42554617, 1.0356824, 5.6864915, 0.45290348] 2.6380336 0.97406125 1.0544053 1.2173911
[9918, 0.557072, 0.96273214, 4.91548, 0.718371] 2.6654506 0.99260634 0.901074 1.3929882
[9919, 0.48161665, 1.0750356, 3.5685525, 0.6268609] 3.1102855 0.7855082 0.9775863 1.2222574
[9920, 0.47491282, 1.0237813, 6.6576843, 0.53262] 2.4566877 0.9950579 0.9547548 1.4083482
[9921, 0.50093144, 0.9911581, 7.7463217, 0.5041072] 2.49753 0.8953772 0.9755912 1.2695583
[9922, 0.5396405, 0.99608016, 4.648274, 0.5798048] 2.8535237 0.9937921 0.8761294 1.2762048
[9923, 0.42322928, 0.9895228, 8.234321, 0.50221324] 2.473725 0.98109657 0.92308486 1.1098666
[9924, 0.40428266, 1.0027311, 8.227187, 0.47106555] 2.3539944 1.012134 0.96165633 1.1575972
[9925, 0.5731002, 0.96461093, 5.4603515, 0.64853466] 2.734357 0.94880986 1.0545403 1.1823621
[9926, 0.50012183, 1.0155628, 5.1011744, 0.591703] 2.788665 0.9080459 0.9061045 1.3446231
[9927, 0.5065778, 1.003297, 5.0208488, 0.56344795] 2.749577 1.0098712 0.8250952 1.3219666
[9928, 0.48003757, 1.0276893, 5.0610437, 0.52812] 2.686802 1.0204651 0.9541609 1.2183019
[9929, 0.38913652, 1.0298209, 7.157746, 0.4393263] 2.2765193 1.1067784 0.9907184 1.3783197
[9930, 0.54081583, 0.9816297, 3.8240373, 0.48661762] 2.7890546 1.0458469 0.99510264 1.3282957
[9931, 0.48656768, 1.036042, 4.5798197, 0.4174624] 2.8996778 0.99520075 0.88895875 1.0741833
[9932, 0.4183559, 1.0105814, 7.537658, 0.38057363] 2.4232767 0.8954679 0.9552932 1.2713014
[9933, 0.44773188, 1.0386162, 6.728962, 0.463298] 2.627256 0.96494657 0.8902292 1.2038777
[9934, 0.49405125, 1.0769407, 3.6409762, 0.5969777] 2.9812224 1.0070521 1.0296688 1.219241
[9935, 0.5372814, 1.0032483, 4.7287984, 0.5693725] 2.752587 1.0715276 0.92226166 1.2822251
[9936, 0.5828615, 0.961673, 4.9536633, 0.5940564] 2.7747622 1.0398399 0.94605625 1.0946554
[9937, 0.5061722, 1.0320472, 3.776907, 0.48128518] 2.9518445 0.8859654 0.8969414 1.3352158
[9938, 0.46886164, 1.0227535, 6.0968323, 0.49154595] 2.6139772 0.83874524 1.0312334 1.304151
[9939, 0.5282213, 0.9943872, 5.6214128, 0.64650196] 2.7106066 1.0664897 0.9358111 1.2454029
[9940, 0.41324997, 1.0641434, 6.842213, 0.60262096] 2.6729145 0.99007076 0.92227554 1.1386849
[9941, 0.57124186, 0.9611065, 4.960536, 0.42055157] 2.736348 0.9488523 0.8889891 1.3296576
[9942, 0.5058904, 1.0099396, 4.4187036, 0.57116216] 2.847347 0.93102205 0.96040016 1.1568948
[9943, 0.4269787, 1.0491955, 4.7244196, 0.4885623] 2.7924566 0.9252868 0.838231 1.3658303
[9944, 0.5819681, 0.96657443, 4.4110794, 0.49961475] 2.9597814 0.9794206 0.889549 0.96247184
[9945, 0.52862823, 0.98953134, 5.912991, 0.61657906] 2.6735733 0.8754422 1.135081 1.165436
[9946, 0.58741015, 0.9523299, 4.28906, 0.53436273] 2.703843 1.0286429 1.1246133 1.2563688
[9947, 0.5246198, 0.99047583, 5.7037086, 0.5366276] 2.7933397 1.0052423 0.84606594 1.1722128
[9948, 0.5379536, 1.0140806, 4.1732583, 0.51218796] 2.9347923 0.9704694 0.81124747 1.2045883
[9949, 0.5050106, 0.9606593, 7.872547, 0.4729265] 2.0971606 1.0472037 1.1046948 1.5402124
[9950, 0.46696883, 1.0202411, 6.29039, 0.42724633] 2.656097 0.9301573 0.9157254 1.2814196
[9951, 0.46268356, 1.0324459, 6.2455053, 0.60411006] 2.7906044 0.97549164 0.8293303 1.1574613
[9952, 0.4765796, 0.93917143, 7.696408, 0.30056968] 2.3389976 1.0414964 1.0470239 1.1154386
[9953, 0.5148917, 1.0103515, 5.1879163, 0.5427415] 2.8645635 1.0769112 0.84631604 1.0701206
[9954, 0.42284584, 1.0795711, 5.80352, 0.7467674] 2.655038 1.0676723 0.9404664 1.2089268
[9955, 0.41502997, 1.0443774, 7.712473, 0.5472198] 2.5699348 0.9573783 0.9569253 1.189209
[9956, 0.50199896, 0.8755178, 6.2622437, 0.23049219] 2.0926843 1.0219532 1.0484258 1.2405994
[9957, 0.48627466, 1.0297651, 6.821659, 0.6387249] 2.5336745 1.0551857 1.0649043 1.176322
[9958, 0.47200546, 1.0140429, 7.049093, 0.41791594] 2.5906713 1.0498326 0.83781713 1.1850578
[9959, 0.44586074, 1.0368228, 7.305363, 0.44035986] 2.3356822 0.98883957 1.1186016 1.3953406
[9960, 0.46323398, 0.9983407, 6.7139883, 0.35407987] 2.3873954 0.94990987 1.0119597 1.3383467
[9961, 0.44388708, 1.0488691, 7.056463, 0.64657366] 2.6906657 0.9128411 0.83922344 1.2839241
[9962, 0.46946535, 1.0238402, 5.8843684, 0.7417929] 2.7403092 0.919551 0.91872567 1.1987356
[9963, 0.5324594, 0.9935747, 5.69115, 0.4421524] 2.585446 1.0870206 0.9021178 1.3775438
[9964, 0.47335932, 1.015616, 6.826671, 0.5461029] 2.4723382 1.0132115 0.93896663 1.4448178
[9965, 0.53924024, 0.9922349, 6.548012, 0.3846749] 2.7576013 0.98530984 0.9248156 0.97071934
[9966, 0.46218747, 1.0190171, 6.5662875, 0.56773376] 2.6108053 1.0227808 0.9519567 1.1574123
[9967, 0.43067214, 0.9704629, 7.584544, 0.3818334] 2.1518638 1.0359764 0.9554139 1.447648
[9968, 0.43507108, 1.0857644, 3.3857017, 0.55214244] 3.006682 1.0545067 0.9600939 1.1267424
[9969, 0.42012787, 1.0281478, 7.288242, 0.43823093] 2.5355778 0.9223589 0.9822609 1.250551
[9970, 0.49969578, 1.0694844, 3.9800513, 0.5313969] 2.7869842 0.9507532 0.961375 1.522454
[9971, 0.45829707, 1.1064849, 3.517071, 0.5387117] 3.0314224 0.8899969 1.0148203 1.3262253
[9972, 0.47127149, 1.0479965, 5.5980697, 0.6013368] 2.872933 0.8925716 0.7985498 1.1795474
[9973, 0.49191752, 1.0152084, 6.466938, 0.40692434] 2.6546915 0.9430305 0.91178054 1.2714304
[9974, 0.38742146, 1.034698, 8.279837, 0.46602255] 2.395774 0.84230083 0.84400326 1.3906165
[9975, 0.4519768, 1.0203098, 7.5087223, 0.4991247] 2.4605694 1.0209987 0.9689386 1.2472147
[9976, 0.48552692, 1.0335959, 7.210509, 0.5687132] 2.5825992 0.96687573 0.9373932 1.253635
[9977, 0.4693826, 0.95491815, 6.204774, 0.32854605] 2.1995711 0.9915747 1.0366215 1.2967037
[9978, 0.33756614, 1.0265144, 7.645768, 0.33978876] 2.2665594 1.0282345 0.9728716 1.3085337
[9979, 0.5058473, 1.0247314, 3.8164382, 0.49257508] 2.9445555 0.8799501 0.9305481 1.2799538
[9980, 0.55918527, 0.971607, 4.335681, 0.5265849] 2.8757432 0.85551727 0.9087698 1.3360548
[9981, 0.46932793, 1.0248786, 6.10166, 0.6579504] 2.5819013 1.1329534 0.91349864 1.3037937
[9982, 0.40277606, 1.0632714, 6.4149237, 0.52444196] 2.6235025 0.8915492 1.0435832 1.132297
[9983, 0.5148465, 1.0290837, 4.7201834, 0.6359717] 2.9105191 0.83311796 0.8383853 1.3205264
[9984, 0.4305281, 1.0363588, 7.3440614, 0.47103336] 2.3264842 1.0818893 1.0287358 1.3903636
[9985, 0.52419716, 0.99121076, 4.963192, 0.6310577] 2.6234784 0.9636833 1.0583153 1.4210297
[9986, 0.5634521, 0.9820618, 4.5542707, 0.45916146] 2.6765733 1.0243683 1.1023786 1.3012726
[9987, 0.4523961, 1.0259682, 8.113997, 0.7202458] 2.5656447 1.013631 0.861382 1.2454939
[9988, 0.4654608, 0.98410714, 7.288099, 0.3525861] 2.2873526 0.90069205 1.0102857 1.3842063
[9989, 0.4608698, 1.0448768, 7.31087, 0.6057967] 2.6901069 0.90784097 0.9323865 1.2113833
[9990, 0.4085324, 1.0580058, 6.3230286, 0.58929] 2.7100596 0.93195 0.9252348 1.0915658
[9991, 0.49517244, 0.99575055, 5.886593, 0.5667815] 2.6642036 0.95614445 0.88516533 1.2554758
[9992, 0.41981208, 1.0425645, 7.359389, 0.5480867] 2.6819236 0.8554822 0.8220042 1.1532012
[9993, 0.47687247, 0.90070665, 5.759378, 0.22982156] 2.017238 0.99358624 0.9811251 1.2737954
[9994, 0.5972786, 0.948733, 4.6038494, 0.67319715] 2.766779 0.92803544 0.8198737 1.5135194
[9995, 0.5656951, 0.9766549, 4.4892125, 0.6101354] 2.7310474 1.0343821 0.8579569 1.4527926
[9996, 0.5270055, 0.9865337, 6.5373015, 0.49103576] 2.4263003 1.0461302 0.88861525 1.5098094
[9997, 0.5501818, 0.98689204, 4.520173, 0.56357443] 2.8114226 0.9928502 0.873542 1.3512003
[9998, 0.45858178, 1.0786427, 3.402473, 0.5042685] 2.9333382 1.0468459 0.9247356 1.2605
[9999, 0.46343198, 1.0220363, 7.688479, 0.5556168] 2.6665027 0.93102205 0.8558667 1.117729
                 Absolute Bias  Standard Error  95% CI Length
posterior_phi         0.019137        0.000538       0.208244
posterior_sigma       0.013940        0.000384       0.154825
posterior_beta3       0.891024        0.013614       4.777170
posterior_rho         0.022393        0.000953       0.404334
posterior_g1          0.067444        0.002238       0.876316
posterior_g2          0.035249        0.000870       0.342184
posterior_g3          0.054974        0.000778       0.308581
posterior_g4          0.270400        0.001207       0.472332
