Run 'mamba init' to be able to run mamba activate/deactivate
and start a new shell session. Or use conda to activate/deactivate.

2026-07-26 14:38:55.409828: I tensorflow/core/util/port.cc:113] oneDNN custom operations are on. You may see slightly different numerical results due to floating-point round-off errors from different computation orders. To turn them off, set the environment variable `TF_ENABLE_ONEDNN_OPTS=0`.
2026-07-26 14:38:55.453409: E external/local_xla/xla/stream_executor/cuda/cuda_dnn.cc:9261] Unable to register cuDNN factory: Attempting to register factory for plugin cuDNN when one has already been registered
2026-07-26 14:38:55.453441: E external/local_xla/xla/stream_executor/cuda/cuda_fft.cc:607] Unable to register cuFFT factory: Attempting to register factory for plugin cuFFT when one has already been registered
2026-07-26 14:38:55.454514: E external/local_xla/xla/stream_executor/cuda/cuda_blas.cc:1515] Unable to register cuBLAS factory: Attempting to register factory for plugin cuBLAS when one has already been registered
2026-07-26 14:38:55.460880: I tensorflow/core/platform/cpu_feature_guard.cc:182] This TensorFlow binary is optimized to use available CPU instructions in performance-critical operations.
To enable the following instructions: AVX2 AVX512F AVX512_VNNI FMA, in other operations, rebuild TensorFlow with the appropriate compiler flags.
2026-07-26 14:38:56.365025: W tensorflow/compiler/tf2tensorrt/utils/py_utils.cc:38] TF-TRT Warning: Could not find TensorRT
INFO:root:Performing 2 pilot runs with the simulador_proceso model...
INFO:root:Shape of parameter batch after 2 pilot simulations: (batch_size = 2, 4)
INFO:root:Shape of simulation batch after 2 pilot simulations: (batch_size = 2, 1, 1, 200, 204)
INFO:root:No optional prior non-batchable context provided.
INFO:root:No optional prior batchable context provided.
INFO:root:No optional simulation non-batchable context provided.
INFO:root:No optional simulation batchable context provided.
2026-07-26 14:38:59.647324: I tensorflow/core/common_runtime/gpu/gpu_device.cc:1929] Created device /job:localhost/replica:0/task:0/device:GPU:0 with 79194 MB memory:  -> device: 0, name: NVIDIA A100-SXM4-80GB, pci bus id: 0000:31:00.0, compute capability: 8.0
INFO:root:Loaded loss history from covariables_D8_simulacion_extremo_V62_15_indicadora/history_37.pkl.
INFO:root:Networks loaded from covariables_D8_simulacion_extremo_V62_15_indicadora/ckpt-37
INFO:root:Performing a consistency check with provided components...
2026-07-26 14:39:02.487106: I external/local_xla/xla/stream_executor/cuda/cuda_dnn.cc:454] Loaded cuDNN version 8904
INFO:root:Done.
INFO:root:Performing 2 pilot runs with the simulador_proceso model...
INFO:root:Shape of parameter batch after 2 pilot simulations: (batch_size = 2, 4)
INFO:root:Shape of simulation batch after 2 pilot simulations: (batch_size = 2, 200, 10, 10, 2)
INFO:root:No optional prior non-batchable context provided.
INFO:root:No optional prior batchable context provided.
INFO:root:No optional simulation non-batchable context provided.
INFO:root:No optional simulation batchable context provided.
INFO:root:Loaded loss history from parametros_D8_simulacion_extremo_V162_15_indicadora/history_37.pkl.
INFO:root:Networks loaded from parametros_D8_simulacion_extremo_V162_15_indicadora/ckpt-37
INFO:root:Performing a consistency check with provided components...
INFO:root:Done.
100 locaciones
200 en tiempo
Inicia funciones de previa
Inicia simulacion
Termina simulacion
[0, 0.48645338, 1.0578856, 4.1807737, 0.86281425] 3.0521994 1.1608309 0.937354 0.9388599
[1, 0.5027324, 0.9978587, 6.833974, 0.22099555] 2.6212492 1.1471924 1.0273376 0.9439554
[2, 0.5648651, 0.98594356, 4.989295, 0.50210476] 3.031867 1.0557827 0.94688344 0.8712254
[3, 0.40938288, 1.0778668, 4.2135944, 0.735324] 2.8218577 1.2174689 0.9159094 0.90250176
[4, 0.55551565, 1.007287, 5.9640985, 0.68146765] 2.7060764 1.2022653 0.93777066 0.88841754
[5, 0.56872696, 0.9758969, 6.255311, 0.5047108] 2.5462816 1.0986583 0.9565115 0.9158198
[6, 0.4910562, 1.0354592, 4.027089, 0.45614484] 3.134976 0.97289824 0.9836908 0.9034491
[7, 0.483617, 1.0613422, 2.662071, 0.706388] 3.0955977 1.2422138 1.0686778 1.0718714
[8, 0.516744, 1.0152398, 5.41465, 0.36596724] 2.5579607 1.1034055 0.97826874 1.0245377
[9, 0.6454881, 0.88490397, 6.2499404, 0.24714622] 2.5037396 1.1532099 0.93514675 0.8549244
[10, 0.55528826, 1.0018513, 4.7770257, 0.9625189] 2.8086329 0.9507102 0.9749398 1.0626506
[11, 0.49937144, 1.0381821, 8.905677, 0.55356663] 2.7029383 1.1316597 0.97306746 0.9739592
[12, 0.5001502, 1.0229912, 5.698792, 0.46246073] 2.8866963 1.0406182 0.993084 1.0216442
[13, 0.65612453, 0.8666299, 6.540395, 0.3723005] 2.4888282 1.1433165 0.843228 1.0045112
[14, 0.5947991, 0.952635, 5.149497, 0.6653527] 2.6617904 1.2192836 1.1028972 0.67289066
[15, 0.46898195, 1.0372127, 5.0540853, 0.4718236] 2.9962668 1.0226729 0.8209163 1.1256508
[16, 0.5240932, 1.0151558, 5.6559715, 0.6062723] 2.5021536 1.2971334 0.981518 0.868787
[17, 0.4197016, 1.0836706, 5.7399096, 0.34714136] 3.0276902 1.0528933 0.9287415 1.0918388
[18, 0.4601575, 1.0569017, 5.436378, 0.2416391] 2.7589028 1.1269594 0.90084493 1.0876619
[19, 0.39026514, 1.085865, 4.873059, 0.85351807] 2.6945474 1.1221704 1.0188196 0.83422303
[20, 0.4985357, 1.0011508, 6.468343, 0.5208148] 2.4732454 1.1073488 0.8883117 0.96513844
[21, 0.5209219, 0.99934787, 6.616991, 0.30842444] 2.661934 1.2677293 0.91357875 1.1530147
[22, 0.45142767, 1.0412835, 7.238188, 0.19751933] 2.6118755 1.3784822 1.1881629 0.8935178
[23, 0.49966267, 1.0082433, 4.692825, 0.8097882] 2.4054685 1.1313076 1.007335 1.001535
[24, 0.50446427, 1.054881, 6.2719965, 0.28084862] 2.8994048 1.0936646 1.032354 0.941489
[25, 0.48203242, 1.0414985, 4.5518856, 0.71244305] 3.0875123 0.9741695 0.93763363 1.0351136
[26, 0.47407004, 1.062039, 4.1558323, 0.50361884] 2.95364 1.1130446 1.0973936 1.000472
[27, 0.4470695, 1.0860082, 5.29847, 0.7775188] 2.8168795 1.0057192 1.0896269 1.1334875
[28, 0.49993968, 1.032918, 5.623845, 0.37062347] 2.9370754 0.901072 0.8844612 1.0963655
[29, 0.48007822, 1.0431589, 5.335664, 0.3101872] 2.8356237 0.96236587 1.0716801 1.0104156
[30, 0.446615, 1.0600578, 5.760099, 0.40013054] 2.551757 1.0748987 1.131073 0.8771009
[31, 0.54035836, 0.9641912, 6.550111, 0.26926094] 2.5710902 1.2741009 0.96256685 0.8878636
[32, 0.5642459, 0.98145455, 4.594639, 0.66811246] 2.9430034 1.2211182 0.94871 0.83839417
[33, 0.58225244, 0.9695946, 5.097482, 0.4983925] 2.9445412 1.0489017 0.95181334 0.8155043
[34, 0.40855289, 1.0919597, 4.6267767, 0.35479775] 3.0781322 1.1403776 0.9424921 0.9597114
[35, 0.46270514, 1.047686, 3.8615792, 0.6816567] 3.1542022 0.9840731 0.9394878 0.9351235
[36, 0.5172129, 1.0187888, 3.7945993, 0.7793711] 2.9723647 1.0383253 0.8607517 0.83932376
[37, 0.5053313, 1.0280962, 5.3686547, 0.6974296] 2.5764194 1.3490319 0.89551 0.8586029
[38, 0.579723, 0.95624846, 5.572931, 0.55555135] 2.6213171 1.163686 0.9072378 0.84890044
[39, 0.44901532, 1.0598178, 5.3145337, 0.3748463] 2.8968267 1.0334607 1.0849166 0.88526
[40, 0.50235945, 1.0231901, 5.830898, 0.40539926] 2.702266 1.1252172 0.9289934 0.99503344
[41, 0.58234346, 0.94966835, 5.754694, 0.24835742] 2.972014 1.0259137 1.0066072 0.94191456
[42, 0.5224329, 1.0167954, 5.636593, 0.3874747] 2.9932513 1.0778948 0.9532978 0.7856348
[43, 0.49508345, 1.0103971, 5.1988044, 0.5103956] 2.6424282 1.106283 0.94772226 0.88522583
[44, 0.57205296, 0.9762952, 4.776794, 0.6485305] 2.8232453 1.2562231 0.9161465 0.8082254
[45, 0.55992514, 1.00476, 4.861398, 0.47235674] 2.9031267 0.932197 1.0239344 0.9695981
[46, 0.42153046, 1.0717882, 6.484571, 0.24936007] 2.891603 1.0700557 1.0646486 0.97666806
[47, 0.58298504, 0.97340065, 4.889337, 0.39063752] 3.0785599 1.1030797 0.89858544 0.68128574
[48, 0.49444783, 1.0255675, 4.307719, 0.33508196] 3.081771 1.0382626 0.8100441 1.0066239
[49, 0.41423333, 1.0909519, 4.3964376, 0.90762347] 3.0221806 1.0163952 1.0186174 0.9879528
[50, 0.524788, 1.0081248, 5.901632, 0.43764406] 2.5999212 1.1700503 0.9723621 1.2098845
[51, 0.5241404, 1.0139576, 4.828485, 0.42523152] 2.634976 1.1611661 1.0137513 0.86416125
[52, 0.48379293, 1.030563, 5.5936866, 0.31253678] 2.8128595 1.2134883 0.91995096 1.0249264
[53, 0.48611024, 1.0371737, 4.0923047, 0.4970958] 3.093887 1.0084577 0.9500556 1.045813
[54, 0.48678452, 1.0381355, 4.414983, 0.9653608] 2.833769 1.1688384 0.98313594 0.93540925
[55, 0.45037234, 1.070311, 3.7536147, 0.528767] 3.1499815 1.0806513 0.96862525 1.0231261
[56, 0.5118265, 1.007157, 6.919147, 0.23583366] 2.6214907 1.1762747 0.96958655 1.0779752
[57, 0.57733345, 0.9761637, 4.096271, 0.6954099] 2.8757932 1.2276288 0.9330707 1.0114027
[58, 0.53276604, 1.0185086, 4.6527452, 0.6603915] 3.0603867 1.1012872 1.0044423 0.75209457
[59, 0.4795396, 1.0458302, 4.854791, 0.48549366] 2.856193 1.0848272 1.0289024 0.96382594
[60, 0.59266454, 0.95565903, 4.5674844, 0.704598] 2.9337347 1.0911825 0.91888034 1.1175095
[61, 0.57624215, 0.950786, 4.7944665, 0.43257397] 3.1449614 1.1454358 0.78789276 0.7398058
[62, 0.4358793, 1.063636, 5.3915033, 0.34932965] 2.883623 1.1296847 0.8700422 1.0375197
[63, 0.53153497, 1.0064249, 5.23847, 0.4059778] 2.8298826 1.1942972 0.9452683 0.83393174
[64, 0.5029233, 1.012462, 6.3457813, 0.57686317] 2.655861 1.0735428 1.0009845 0.90314054
[65, 0.52618486, 1.0188869, 4.2126327, 0.64512604] 3.013993 1.3185999 0.88653487 0.85082734
[66, 0.48104998, 1.0378203, 6.944297, 0.16973217] 3.0427647 0.99371415 0.9482111 0.63895583
[67, 0.591468, 0.96326715, 5.8736157, 0.39942393] 2.8875756 1.1308653 0.81019896 0.8437793
[68, 0.61489606, 0.91811824, 5.8506236, 0.41377664] 2.3092644 1.0675832 1.0980948 1.1143459
[69, 0.37988988, 1.1118506, 4.4087634, 0.6418794] 2.8541007 1.3556032 1.0103732 0.8593784
[70, 0.5082296, 1.0271521, 6.2102766, 0.24383113] 2.7834926 1.2388122 0.93432915 0.83084124
[71, 0.477044, 1.0581918, 5.1015215, 0.6450136] 2.881683 1.0940255 0.9229418 0.92779243
[72, 0.49195528, 1.0492332, 5.204239, 0.421601] 2.9943526 1.2984833 0.9592509 0.8686509
[73, 0.5394671, 1.0147632, 3.0531719, 0.60742116] 3.3797138 1.060337 0.90418965 0.7893845
[74, 0.6922632, 0.85420007, 5.545813, 0.37750164] 2.5899673 1.1351361 0.9515585 0.84286577
[75, 0.6062799, 0.94468343, 3.5333202, 0.7785541] 3.4151392 1.0026202 0.7254977 0.68298984
[76, 0.5165944, 0.99994105, 6.020906, 0.4406587] 2.4378588 1.2310188 1.065978 1.0312539
[77, 0.47442567, 1.0508665, 5.023733, 0.5519999] 2.6886048 1.1562405 1.0855067 0.9692591
[78, 0.49976787, 1.049051, 5.390228, 0.49453074] 2.8633525 1.1837527 0.9264165 0.84751034
[79, 0.5495415, 0.98985523, 6.082861, 0.35861185] 2.7094405 1.0875394 0.8064798 0.9425407
[80, 0.4663994, 1.0638849, 5.7453427, 0.3191827] 2.9971917 1.2520196 0.8549869 0.8265925
[81, 0.46123558, 1.053897, 6.486849, 0.24884337] 2.7484896 1.2569234 0.90374666 0.82310057
[82, 0.4692919, 1.0591537, 5.0650954, 0.40029252] 2.7723427 1.1077704 1.0581856 1.0606813
[83, 0.4422926, 1.0644315, 5.660093, 0.42841777] 2.8540738 1.1521382 0.84190696 0.88694334
[84, 0.6565849, 0.86727655, 6.041867, 0.45204082] 2.2147076 1.2228744 0.9841036 1.0020936
[85, 0.5411512, 1.0013714, 5.742797, 0.29749838] 2.8770225 1.036178 1.0107498 0.7472472
[86, 0.51206344, 1.0324283, 5.3070884, 0.55769444] 2.8639846 1.0831964 0.939088 0.74841785
[87, 0.5177472, 1.0214083, 3.9183826, 0.3927248] 3.025466 1.2126235 0.92867404 0.98966324
[88, 0.4343498, 1.0991713, 4.93119, 0.95235515] 2.67016 1.2154256 1.0066786 1.0910056
[89, 0.48010743, 1.0548683, 4.6975975, 0.45718822] 2.910114 1.1391212 1.0017232 0.8215753
[90, 0.63539785, 0.9183579, 6.999367, 0.40961394] 2.634316 1.128491 1.0383161 0.93444055
[91, 0.43906912, 1.0429031, 5.1812296, 0.26981935] 3.036165 1.1110668 0.9638103 0.85111386
[92, 0.5368986, 1.0082172, 3.6782055, 0.7165403] 3.0256264 1.159789 0.98885274 0.88603
[93, 0.5192843, 1.0148869, 6.827212, 0.67229366] 2.706793 1.3846134 0.88186264 0.86429733
[94, 0.45866627, 1.0512121, 6.4037604, 0.14671865] 2.8639276 1.1417875 0.8023829 1.0741962
[95, 0.45914665, 1.0478463, 5.257771, 0.457259] 2.9729934 1.2188026 0.9305958 0.74603873
[96, 0.45029685, 1.0568042, 5.827669, 0.35817978] 2.8144884 1.2691544 1.0183749 0.78165054
[97, 0.6405346, 0.9035704, 6.0753746, 0.31067598] 2.6701136 1.3505691 0.9549795 0.80143154
[98, 0.48075753, 1.0373434, 5.5001564, 0.27245504] 2.917437 0.88187546 0.8346335 1.015426
[99, 0.55123556, 0.98542225, 5.224019, 0.3703073] 2.7078004 1.1273156 0.91105807 0.7964158
[100, 0.4979178, 1.016157, 6.310879, 0.22918354] 2.6196012 1.1771153 0.9346823 0.9932365
[101, 0.43457165, 1.0635642, 3.1789863, 0.9630772] 3.2814429 1.0762845 0.91479737 0.8443622
[102, 0.5787436, 0.95589566, 5.5345798, 0.6060462] 2.36541 1.2324903 0.99419564 1.1288288
[103, 0.61709666, 0.9172139, 6.8090625, 0.33504343] 2.7000885 1.0929347 0.9248785 0.8778727
[104, 0.5335616, 1.00501, 5.4440217, 0.3000591] 3.0065603 1.085784 0.8459874 0.82987905
[105, 0.53702724, 1.018867, 4.5642314, 0.7128804] 3.0847692 1.0357755 0.6647924 0.82984596
[106, 0.42015207, 1.0701244, 7.0532265, 0.19874851] 2.606945 1.1790885 1.09577 0.9326372
[107, 0.5057145, 1.0239314, 5.391263, 0.40756541] 3.0485153 1.0313517 0.96124566 0.8647453
[108, 0.5535812, 0.9724044, 6.2490616, 0.3136042] 2.5054576 1.2037449 0.9550225 0.80426306
[109, 0.4879745, 1.0373051, 5.4517994, 0.33886215] 2.872986 1.2317368 0.87542224 0.8378268
[110, 0.5106903, 1.0083948, 5.8986545, 0.5053363] 2.5515192 1.0984485 0.9978831 0.8742873
[111, 0.58495003, 0.9454195, 7.363203, 0.4714877] 2.541324 1.2087489 0.9989656 0.8193842
[112, 0.51335496, 1.0335221, 5.207433, 0.42296383] 2.9177806 1.1917427 0.98292917 0.85900044
[113, 0.5965899, 0.96793425, 6.227469, 0.48162344] 2.6126926 1.2455144 0.7796106 1.0133634
[114, 0.44451752, 1.0488682, 4.6802444, 0.48972154] 2.6673653 1.0770329 1.0006536 0.94520444
[115, 0.429871, 1.0693669, 6.949968, 0.28052256] 2.6437657 1.1121417 1.027027 0.9897032
[116, 0.53284377, 0.99255055, 5.800178, 0.24401632] 2.783494 1.0354679 0.9392145 1.0310115
[117, 0.4789789, 1.0432804, 5.1868653, 0.47312605] 2.8278844 1.0520332 0.97660077 0.9926418
[118, 0.49689713, 1.0275676, 6.133867, 0.30410552] 2.693481 1.2613983 1.127204 0.98449165
[119, 0.6288414, 0.9242127, 5.5264773, 0.50448066] 2.7680206 1.0189729 1.0446479 1.0471678
[120, 0.534517, 1.0330607, 4.3333197, 0.7011864] 2.9828115 1.1037155 0.89005 0.92018336
[121, 0.29964605, 1.1361886, 5.0612755, 0.46214297] 2.8641472 1.1345617 0.9930107 0.95116735
[122, 0.5885697, 0.9418929, 6.3755264, 0.15258148] 2.5034544 1.1398937 0.89079887 1.0159374
[123, 0.50560045, 0.99909073, 7.009674, 0.14514352] 2.671683 1.1094741 0.9988919 0.89894444
[124, 0.50175387, 0.99510694, 5.791401, 0.27295688] 2.64908 1.266745 0.91301394 0.7909277
[125, 0.54333115, 0.9967744, 4.707783, 0.3258678] 3.048528 1.178097 1.0580388 0.8837421
[126, 0.48977044, 1.0197372, 4.2815742, 0.8606119] 2.5312757 1.2881384 0.9278177 0.9864415
[127, 0.48540658, 1.0241926, 7.3264785, 0.25701156] 2.9093843 1.1738285 0.98657733 0.84647346
[128, 0.5536314, 1.0182583, 5.5312557, 0.560097] 3.1723216 1.2169288 0.951021 0.57776195
[129, 0.5592006, 0.9640333, 5.809863, 0.5340526] 2.477454 0.99151134 1.044788 1.103673
[130, 0.51443636, 1.033803, 2.9115963, 0.82462484] 3.126277 1.0350076 0.9489361 0.9984327
[131, 0.49207467, 1.0056602, 6.1811843, 0.41358855] 2.540828 1.2603732 0.9283102 1.0059795
[132, 0.45283946, 1.0558846, 6.332411, 0.3700277] 2.5636556 1.2044021 0.97038054 1.0129708
[133, 0.516171, 0.99676156, 5.4137626, 0.4682424] 2.4241676 1.2791666 1.0661712 1.0026914
[134, 0.48636454, 1.0326931, 5.978415, 0.3516962] 2.3887799 1.2235746 1.15214 1.0719588
[135, 0.40702328, 1.08945, 5.7305713, 0.33665216] 2.9044971 1.0966696 0.97130984 1.0141442
[136, 0.4076958, 1.0963724, 6.116787, 0.6966833] 2.7892373 1.257942 1.062031 0.9497655
[137, 0.5383963, 1.015134, 5.2436504, 0.4022628] 3.027412 1.1105087 0.96347046 0.84650797
[138, 0.51418525, 1.0487845, 4.078494, 0.8920716] 3.0054588 1.1628233 0.8330616 1.0360838
[139, 0.5137031, 1.015867, 5.295385, 0.24882141] 3.080884 1.003816 0.82021487 0.87699103
[140, 0.49861547, 1.0337262, 4.865329, 0.36177808] 2.9015293 1.0184892 0.9504114 0.86029595
[141, 0.4827987, 1.0545722, 5.897769, 0.44621226] 2.6965725 1.2055596 1.0115535 0.85136473
[142, 0.48608112, 1.0589724, 4.6109004, 0.5928145] 3.1005042 1.209428 0.9396373 0.838695
[143, 0.5438859, 0.9902793, 5.2148747, 0.57393765] 2.6371942 1.0524993 0.8068717 1.127842
[144, 0.4196056, 1.0885166, 3.7521207, 0.8171949] 2.985205 1.1464798 0.9898485 0.9879165
[145, 0.49120757, 1.0477557, 5.8778725, 0.44853798] 2.7413497 1.1408329 1.0010242 0.8716344
[146, 0.5221352, 1.042164, 4.312108, 0.91604364] 2.9587595 1.110245 0.9843097 0.92693573
[147, 0.52767944, 1.0104022, 5.715071, 0.38570568] 2.8735404 1.3168082 0.95117855 0.7347241
[148, 0.63083667, 0.88536525, 7.7192006, 0.2269511] 2.250716 1.2466754 1.0356762 0.8649134
[149, 0.5171628, 1.0296866, 4.4116473, 0.56202495] 2.9931176 1.1762573 0.8213144 0.957705
[150, 0.593256, 0.93614715, 6.912993, 0.38998026] 2.4075315 1.2402979 0.92266 0.8589953
[151, 0.51053184, 1.0282264, 3.180146, 0.6599683] 3.1346807 1.0217986 0.96004426 0.79933494
[152, 0.50173676, 1.0049027, 5.217271, 0.30160815] 2.9547796 1.1002043 0.9488099 0.87852514
[153, 0.5197414, 1.014749, 4.9252543, 0.4574768] 2.8294885 1.1626335 0.9719994 0.9989109
[154, 0.516772, 1.0220944, 6.5447593, 0.4021007] 2.6528747 1.0133284 1.0012473 0.9980929
[155, 0.44289216, 1.0698426, 5.0979805, 0.36108893] 2.9344776 1.2857776 0.91826206 0.8626893
[156, 0.48229864, 1.0450248, 4.82288, 0.41655073] 3.077727 1.0425423 0.7986689 0.83166695
[157, 0.39893514, 1.1142293, 4.1655235, 0.7110467] 2.9062881 1.0979168 1.1275191 0.9010212
[158, 0.46235213, 1.0652757, 4.631845, 0.58865404] 2.8305748 1.2689912 0.95178175 0.90538865
[159, 0.56992817, 0.96560955, 5.859215, 0.32073924] 2.8078146 1.1195102 0.7794609 1.0699879
[160, 0.50742424, 1.0081577, 6.3288994, 0.26280868] 2.7432446 1.1588396 0.9437192 0.8301923
[161, 0.48309708, 1.05358, 5.0787354, 0.44964737] 2.6833627 1.1442096 0.9126197 1.209596
[162, 0.49114624, 1.017643, 5.8699555, 0.31176344] 2.527028 1.1918322 0.95947444 1.0671865
[163, 0.5470242, 0.9949786, 5.527428, 0.5888253] 2.7337737 1.2058226 0.93578297 0.9057358
[164, 0.516407, 1.0247806, 5.2049537, 0.7799552] 2.83749 1.078432 0.90013283 0.73885554
[165, 0.44886848, 1.0550417, 4.0804405, 0.5879153] 3.0439403 1.0602523 0.79027444 0.9712396
[166, 0.5145576, 1.015554, 5.002457, 0.69315916] 2.7490194 1.047011 1.0845237 0.7704297
[167, 0.52197427, 0.99249625, 7.5138564, 0.18482679] 2.6686008 1.1433756 0.995337 0.8834798
[168, 0.5563747, 0.979992, 6.6458077, 0.27593535] 2.7029188 1.186651 0.97683936 0.821947
[169, 0.5057534, 1.0113406, 6.319242, 0.21484381] 2.80165 1.0405078 0.9925028 0.96018076
[170, 0.46924216, 1.0323226, 4.7781816, 0.47066346] 2.688766 1.1370527 0.9605368 0.9115343
[171, 0.46287864, 1.0495725, 3.4192467, 0.831653] 3.0901756 1.0813332 1.0735812 0.8358492
[172, 0.49943736, 1.0177171, 4.639889, 0.5469398] 2.789368 1.1431286 1.0049392 0.8879666
[173, 0.50473285, 1.003709, 7.244471, 0.30795038] 2.4493577 1.212644 1.0470846 0.73059684
[174, 0.4919094, 1.0176846, 6.2094054, 0.2754397] 2.8412426 1.1179956 0.9575887 1.033703
[175, 0.4643954, 1.06165, 2.872565, 0.99568284] 3.217471 0.998732 0.8983839 1.2118119
[176, 0.5143536, 1.031527, 6.371823, 0.29247385] 2.7098773 1.2263688 0.8649239 0.9988974
[177, 0.5652568, 0.9758054, 5.984529, 0.42855197] 2.7698882 1.4210985 1.0266094 0.7416068
[178, 0.42311925, 1.0724044, 8.125242, 0.3359311] 2.5776544 1.1628466 1.0263176 0.99374485
[179, 0.4979846, 1.0289718, 6.51574, 0.25192976] 2.7075374 1.0153173 0.98247147 1.0811915
[180, 0.5226176, 1.0064192, 6.3574843, 0.2648813] 3.0094101 1.1269957 0.960734 0.62666565
[181, 0.45159972, 1.0338916, 4.0846367, 0.583762] 3.035903 1.0756788 0.88964486 0.84081453
[182, 0.5342905, 0.9935625, 6.4928637, 0.61640173] 2.7683635 1.127686 0.90273523 0.89093345
[183, 0.51103824, 1.0190914, 5.359809, 0.51800334] 2.5373437 1.2510121 0.9385816 1.0775424
[184, 0.4987855, 1.0334096, 7.528706, 0.30047005] 2.7603571 1.1428208 1.1022124 0.89172995
[185, 0.5525839, 0.95609635, 5.653649, 0.21728006] 2.88331 1.2989454 1.0598 0.77901626
[186, 0.50735545, 1.0218278, 5.3150854, 0.34087816] 2.9175515 1.099003 0.8881507 0.99365705
[187, 0.57813346, 0.9766952, 4.4266186, 0.5041349] 2.9554904 1.1201651 1.0328014 1.003595
[188, 0.5064421, 1.0199157, 6.5259843, 0.42430788] 2.4922044 1.1132559 1.0765071 0.9647921
[189, 0.474667, 1.0458369, 5.1389923, 0.63389057] 2.8315165 0.93353266 0.8988896 0.9418194
[190, 0.49512175, 1.037604, 6.3993106, 0.28554627] 2.7204769 1.1496747 1.0436575 0.74530756
[191, 0.57436067, 0.9663297, 5.003292, 0.6919928] 2.8139806 1.1257049 1.0953354 0.7112132
[192, 0.5574137, 0.9960049, 6.0993843, 0.46172285] 2.5198228 1.2378529 1.0142833 1.0867319
[193, 0.52228284, 1.0261775, 5.0208, 0.49170008] 2.976808 1.1697795 0.9670143 0.6405042
[194, 0.55727243, 0.9878735, 5.1744595, 0.5501825] 2.7785387 1.1963675 0.9101258 0.9212447
[195, 0.48462263, 1.0096042, 7.2798624, 0.16816111] 2.659319 1.2426128 1.054748 0.9578904
[196, 0.38893604, 1.0855964, 6.1467595, 0.2862707] 2.8670533 0.9970607 1.1408291 1.0185782
[197, 0.4846283, 1.0642309, 3.9357712, 0.75169325] 2.9708354 1.0698292 0.9840677 0.9928064
[198, 0.4563112, 1.0793848, 5.7771964, 0.41190284] 3.0117402 0.91228795 0.9194215 0.83771807
[199, 0.46858352, 1.0632849, 5.4551477, 0.46572018] 2.679154 1.2214161 1.0053884 1.1420923
[200, 0.5239157, 1.0093914, 4.549608, 0.3853418] 3.038869 1.0876126 0.9660254 0.8001498
[201, 0.46025124, 1.0478559, 5.285653, 0.23138888] 2.9191802 1.1294303 0.8448454 0.955072
[202, 0.4666606, 1.0618515, 4.872264, 0.5345706] 2.8627176 1.0800172 0.99909693 0.968419
[203, 0.4999234, 1.0251153, 5.451318, 0.57655555] 2.5459304 1.1321052 0.97911763 0.9122209
[204, 0.55890167, 0.9609742, 6.599595, 0.28863278] 2.6208465 1.0367215 0.9804693 0.88652164
[205, 0.5478436, 0.98596424, 6.21637, 0.25515682] 2.7816038 1.0901637 1.0559907 0.77224934
[206, 0.5849609, 0.9602661, 4.6710057, 0.43172458] 3.0159626 1.057086 1.000298 0.8528261
[207, 0.42540404, 1.0771304, 6.2082324, 0.6905363] 2.8078074 1.0200807 0.971631 0.92877156
[208, 0.48725554, 1.045247, 4.5635867, 0.40115577] 2.994614 1.0818574 1.0698287 0.8269512
[209, 0.5059, 1.0170827, 6.0292335, 0.28210795] 2.6623416 1.3546444 0.9132589 1.053252
[210, 0.4838767, 1.0489773, 4.268019, 0.58533156] 2.881382 1.1086109 1.2190683 0.9425818
[211, 0.5832071, 0.98949695, 2.5579727, 0.9027219] 3.4656181 1.114399 0.86095876 0.7769426
[212, 0.5841742, 0.97562945, 4.9656277, 0.3773049] 2.9718552 1.1358329 0.9867905 0.6955605
[213, 0.48425186, 1.0342364, 6.305672, 0.32067955] 2.7674148 1.1020058 1.008924 0.9998716
[214, 0.43904287, 1.0661691, 3.2779474, 0.8151768] 3.0109224 1.043899 0.9204996 1.282613
[215, 0.5390401, 0.9691486, 5.75816, 0.34643203] 2.535212 1.1640912 0.9871694 0.91438687
[216, 0.48908928, 1.0317036, 4.9221377, 0.67637354] 2.8763762 1.1772238 0.9421824 0.877947
[217, 0.4675381, 1.0356705, 6.049761, 0.20140609] 2.9237382 0.9985412 0.9671998 0.9927197
[218, 0.43738782, 1.0903381, 5.7472057, 0.4072872] 2.8203049 1.2646201 1.0091314 0.8722012
[219, 0.597525, 0.95314986, 5.7987943, 0.40947095] 2.5944183 1.1393396 1.0427505 0.8347574
[220, 0.65475345, 0.8524541, 6.600487, 0.40990728] 2.1361148 1.0757076 1.015439 0.99282855
[221, 0.5437284, 1.0072114, 5.666134, 0.5621359] 2.576962 1.3384196 0.96206766 1.0089809
[222, 0.4672718, 1.0349511, 6.6086183, 0.20299783] 2.704262 1.09076 0.9186924 1.0154597
[223, 0.63059986, 0.9252952, 5.3380847, 0.53774476] 2.9160244 1.1572655 0.92701596 0.71083736
[224, 0.6875141, 0.8351282, 5.4745245, 0.41493216] 2.0739686 1.1885625 1.0738484 1.1438427
[225, 0.57101184, 0.96513695, 5.327487, 0.3306022] 3.0294409 1.1131992 0.9248174 0.86416584
[226, 0.40929487, 1.0857674, 4.1063166, 0.5635184] 2.928589 1.2391652 0.9419142 1.0992553
[227, 0.61887085, 0.93196255, 5.256045, 0.6762518] 2.5632365 1.2259955 0.8504654 0.88088393
[228, 0.4110584, 1.0777614, 3.8870301, 0.38099417] 3.05719 1.1782612 1.0384636 0.9781666
[229, 0.50874186, 1.0189816, 6.673325, 0.2446076] 2.8402977 0.98200464 0.9421852 0.9785023
[230, 0.4428004, 1.0633034, 3.5234585, 0.8052222] 3.1862662 1.0787002 0.9229206 0.8842748
[231, 0.54356295, 0.9813861, 6.211023, 0.27334082] 2.653701 1.1441278 0.96957135 0.99483603
[232, 0.5095844, 1.0313581, 4.7230506, 0.5361931] 2.976801 1.0813346 0.9273863 0.9390785
[233, 0.451044, 1.068211, 4.9663687, 0.513257] 2.891133 1.2539934 0.9807519 0.7771914
[234, 0.52798766, 1.0017215, 5.2097654, 0.40642226] 2.8456025 0.8973794 0.96313745 0.8494983
[235, 0.53956205, 0.9943706, 5.020121, 0.70724505] 2.520129 1.1181518 1.0304455 1.1102598
[236, 0.4643779, 1.0509614, 6.6256523, 0.2552453] 2.4724681 1.2048326 1.1242586 1.178501
[237, 0.5371485, 0.97943294, 6.5123353, 0.12976943] 2.715411 1.2322372 0.9588538 1.097973
[238, 0.49221835, 1.0415463, 4.472047, 0.75726706] 2.9517436 1.2621257 0.94640255 0.96046054
[239, 0.49473652, 1.0433756, 6.4786363, 0.20044105] 2.733228 1.1524956 0.9576236 1.0061338
[240, 0.5105873, 1.0118672, 5.1375146, 0.31784818] 3.0735095 1.0554192 0.903747 0.9917558
[241, 0.37755728, 1.0970774, 5.3288336, 0.2821143] 2.91343 1.1024811 0.86897534 0.9083223
[242, 0.5023286, 1.034532, 4.492991, 0.5079123] 3.0509691 0.9854883 1.0953875 1.0273354
[243, 0.4829706, 1.0469402, 4.610564, 0.9490874] 2.8385222 1.3045998 0.8753745 0.89591616
[244, 0.4236709, 1.0836229, 5.70466, 0.28958857] 2.7381892 1.0898038 1.041852 1.0934734
[245, 0.5060211, 1.0127512, 5.7561173, 0.29359677] 2.9497268 1.011443 0.90611184 1.0592251
[246, 0.56970745, 0.95597386, 6.079494, 0.2491456] 2.67534 0.98887116 0.87256515 1.0028327
[247, 0.4277986, 1.0741163, 3.8826835, 0.7131425] 3.010766 1.1724607 0.9085673 0.9747081
[248, 0.602111, 0.9307047, 5.9217234, 0.46008667] 2.3567417 1.2899258 0.9091212 0.9320267
[249, 0.55315083, 1.0120664, 3.9798036, 0.73419774] 2.9415107 0.93488765 0.95955795 1.1506344
[250, 0.57340366, 0.9646034, 5.3901896, 0.49300858] 2.5888627 1.0922436 0.7979621 1.105151
[251, 0.60270435, 0.93117905, 5.9414825, 0.41779554] 2.338638 1.1193821 0.9868353 1.1740195
[252, 0.45820934, 1.0461415, 5.588631, 0.40069222] 2.7663505 1.1323429 0.9980396 1.0908351
[253, 0.4382536, 1.066373, 5.7299314, 0.39721116] 2.6567955 1.1436046 1.0586618 0.94065934
[254, 0.3612656, 1.1130493, 4.2783937, 0.6274579] 2.689986 1.2333074 0.8534722 1.150145
[255, 0.3513689, 1.0990123, 6.5269127, 0.3511017] 2.6716218 1.3096776 0.9466083 0.92776245
[256, 0.5446438, 0.98896414, 5.0949125, 0.58364314] 2.8872833 1.097486 0.87211823 0.9202351
[257, 0.5368113, 1.0173634, 4.6534467, 0.71249217] 2.8789158 1.3333429 0.87577003 0.78641224
[258, 0.4291313, 1.0852047, 5.5560117, 0.6315263] 2.7742333 1.1490992 1.0124443 0.97591454
[259, 0.5021678, 1.0388609, 5.117233, 0.33179858] 2.7567759 1.0815749 0.9917327 1.2525265
[260, 0.52986974, 1.0047513, 6.314501, 0.2790886] 2.5775232 1.1389104 1.120549 1.1247561
[261, 0.4847556, 1.046044, 5.9633303, 0.6414344] 2.6132972 1.2382984 1.0070586 1.0334635
[262, 0.498875, 1.0474824, 4.2266984, 0.47834912] 2.865357 1.3233961 0.8577953 0.9778694
[263, 0.48486924, 1.0122783, 5.2488685, 0.264028] 2.8637135 1.325997 0.9991136 0.83205026
[264, 0.50463563, 1.0189327, 5.5418377, 0.8299265] 2.530768 1.2732542 0.96158594 0.8736317
[265, 0.5214603, 1.0056001, 6.320264, 0.3950874] 2.8182447 1.0011897 0.895439 0.89051354
[266, 0.5516868, 0.97824585, 4.485496, 0.87448287] 2.3757482 1.2677798 1.0167431 0.8746287
[267, 0.57653856, 0.9680235, 7.483725, 0.4384465] 2.58112 1.177001 0.8731538 1.0639467
[268, 0.38569057, 1.0621169, 6.0541377, 0.33424067] 2.6713853 1.0572224 0.8754082 0.9945221
[269, 0.48063847, 1.0429565, 6.416117, 0.40584698] 2.8387313 1.1018392 1.0246518 0.87101513
[270, 0.5744794, 0.96367186, 6.867263, 0.48556715] 2.6688042 1.114098 0.9298822 0.6796279
[271, 0.5220812, 1.0096314, 5.0914483, 0.67743635] 2.8922892 1.2511439 1.022882 0.6798692
[272, 0.48666146, 1.0333136, 6.1498847, 0.26718253] 2.5931408 1.173679 1.0139263 1.0056206
[273, 0.5401685, 0.99258345, 5.531836, 0.4939568] 2.912313 0.9668148 0.95194113 0.88487184
[274, 0.48648277, 1.0446938, 4.939784, 0.5763933] 2.9046624 1.1794094 0.9001901 0.9858145
[275, 0.5224215, 0.99553144, 6.613529, 0.21621388] 2.643679 1.2181581 1.0317608 0.8117543
[276, 0.49889547, 1.0388386, 5.0545807, 0.45582747] 2.917767 1.1274519 1.0175761 0.95236236
[277, 0.43638235, 1.075015, 4.245018, 0.80812865] 3.00944 1.0139114 0.9904653 1.0521712
[278, 0.463986, 1.0895009, 3.51696, 0.9519214] 3.06869 1.1313908 1.0480907 1.0313835
[279, 0.5061569, 1.0138104, 7.3522635, 0.3138452] 2.8941507 1.1361734 1.0457464 0.8731578
[280, 0.48693106, 1.0202583, 6.3188467, 0.3490484] 2.5880299 1.2969334 1.0225353 0.8955817
[281, 0.45454443, 1.0708605, 4.7032866, 0.583647] 2.7669857 1.2657748 0.9866471 0.999988
[282, 0.46840274, 1.0635879, 4.72545, 0.4260635] 2.900779 1.0159894 1.041468 1.0119429
[283, 0.60421854, 0.93188715, 5.0152082, 0.46366417] 2.7353065 1.0917284 0.9333267 0.861156
[284, 0.5137075, 1.0080559, 4.241145, 0.7259826] 2.549435 1.0772626 0.96882397 0.84620947
[285, 0.46946478, 1.0602325, 3.83436, 0.6590099] 3.2030659 1.1002434 0.87234205 0.8365321
[286, 0.4211448, 1.0894103, 3.7213538, 0.8105072] 2.9632566 1.2267456 1.0620433 0.92092574
[287, 0.5074664, 1.0345359, 6.362849, 0.21193704] 2.9243238 1.1509352 0.8942505 0.7863825
[288, 0.44151434, 1.0797188, 5.2631097, 0.48655412] 2.9958193 1.078941 0.8998053 0.7923855
[289, 0.47279915, 1.0318038, 4.4831085, 0.47217378] 3.0235577 1.0411811 0.8307231 0.94284356
[290, 0.5679892, 0.9698381, 4.503841, 0.47280124] 3.0432382 1.072939 1.0105145 0.91896653
[291, 0.5802729, 0.9674836, 6.711874, 0.4838943] 2.6083105 1.2033073 0.9760228 0.89450157
[292, 0.4864028, 1.0334765, 3.2943592, 0.8111616] 3.1626694 1.1023885 1.0083841 0.870725
[293, 0.45134726, 1.0601625, 4.1757812, 0.7150863] 3.0127752 1.0684962 0.8689723 0.8734162
[294, 0.493306, 1.0404482, 6.135285, 0.47185364] 2.7822578 1.0656004 0.9202433 0.9687615
[295, 0.5408824, 0.9993522, 4.738002, 0.89341885] 2.8943324 1.1193926 1.0463943 0.7402385
[296, 0.4362862, 1.0534515, 4.7977858, 0.4915727] 2.8514366 0.9236732 1.1187633 1.0034858
[297, 0.5262854, 0.99765784, 5.2291956, 0.3453561] 2.7377868 1.2354405 0.876619 0.9773938
[298, 0.5892014, 0.9639307, 4.7296786, 0.541707] 3.123849 1.2452853 0.84218305 0.8548292
[299, 0.51807225, 0.9975017, 6.6768384, 0.22885977] 2.602329 1.1823791 0.94919807 0.98781306
[300, 0.46643373, 1.0361716, 5.433608, 0.4633464] 2.884447 1.1542817 0.8841117 0.8917581
[301, 0.55091995, 0.95002735, 6.2428746, 0.20190458] 2.6835413 1.0504297 0.8787816 0.8086043
[302, 0.6059057, 0.92797154, 7.4667535, 0.5515742] 2.3966534 1.1749849 0.97601247 0.8828649
[303, 0.5586102, 0.9656803, 6.7173805, 0.69123536] 2.568177 1.3221921 0.9485989 0.8380267
[304, 0.42418635, 1.0923705, 5.319659, 0.5274666] 2.9281297 1.2738051 0.8675449 0.9152705
[305, 0.37772635, 1.0886095, 6.2383566, 0.3259265] 2.7001622 1.2105114 1.0261384 0.9767674
[306, 0.47556874, 1.0500036, 3.6207092, 0.59256047] 2.983365 1.0924339 1.1112815 0.9509794
[307, 0.47935316, 1.0450057, 5.472491, 0.273604] 2.9277942 0.9822266 1.0732358 0.96714234
[308, 0.49676132, 1.024995, 6.794733, 0.3352894] 2.7166483 1.243777 1.0249975 0.84023654
[309, 0.43333504, 1.08261, 4.4878154, 0.4253684] 2.745705 1.2040701 1.161318 0.9036441
[310, 0.470046, 1.0640082, 5.76353, 0.5334098] 2.849041 1.0807498 0.9668989 0.93618864
[311, 0.40975815, 1.083417, 7.2801757, 0.22878288] 3.0336916 1.1135076 0.970619 0.85037935
[312, 0.44367895, 1.072574, 4.7595053, 0.5777308] 3.0440223 1.1319506 0.79581046 0.8253807
[313, 0.5272763, 1.0116037, 6.38289, 0.37221932] 2.4555225 1.2712497 1.0258113 1.0221833
[314, 0.5120473, 1.0265652, 6.0292926, 0.37154543] 2.8200915 1.2078042 0.7675793 0.90314883
[315, 0.503407, 1.0283319, 2.8285267, 0.82140607] 3.2702396 1.17904 0.8447974 0.87825763
[316, 0.49363813, 1.0464008, 4.468732, 0.54858065] 3.0069752 1.243862 0.7886608 0.86291283
[317, 0.6044612, 0.9576488, 4.1213465, 0.7340228] 2.9945889 1.1758566 0.9165255 0.8347313
[318, 0.5126812, 1.0289888, 7.322885, 0.21313143] 2.757299 1.3200024 0.92385215 0.8488947
[319, 0.3579611, 1.1109061, 5.0906687, 0.68216115] 2.7461467 1.169377 1.0243844 0.90184635
[320, 0.48618478, 1.046651, 4.147679, 0.62978625] 3.0104387 1.1417155 0.9602048 0.9956602
[321, 0.42164797, 1.0748231, 5.7113085, 0.43843356] 2.4198203 1.1276102 1.2157335 0.9399875
[322, 0.49272868, 1.0279597, 4.4719186, 0.22390513] 3.1165555 1.117096 1.0411547 0.94814384
[323, 0.56183827, 0.9587407, 6.3630943, 0.37614092] 2.3994532 1.1894591 0.98302746 0.9782874
[324, 0.564655, 0.97292125, 6.3350205, 0.34393293] 2.493505 1.2681832 0.8952633 1.0128825
[325, 0.55751246, 0.9964146, 4.6859446, 0.46119043] 2.8828259 1.2554747 1.0252953 1.0737413
[326, 0.532893, 0.99826163, 6.099704, 0.20839135] 3.0178456 1.1157898 0.9434445 0.83402586
[327, 0.5195872, 1.01465, 5.7538667, 0.38498062] 2.6789782 1.2267318 1.0311195 0.8904663
[328, 0.5007813, 1.0326678, 5.474844, 0.47525945] 2.860749 1.2317504 1.0432107 0.8616966
[329, 0.6396452, 0.8752913, 7.184028, 0.34242916] 2.324879 1.2255673 0.8993481 0.94881004
[330, 0.5173637, 1.0125902, 5.934182, 0.6525043] 2.9006946 1.1453323 0.83882046 0.7810996
[331, 0.47420767, 1.0551009, 3.1487281, 0.7552889] 3.200426 1.0558538 0.949045 0.93575203
[332, 0.54146475, 0.9886672, 6.665809, 0.22728696] 2.8100615 0.9781358 0.94057417 0.76610357
[333, 0.4368347, 1.067727, 4.9008164, 0.39432272] 2.8461852 1.2220386 1.1578753 1.0033908
[334, 0.5320117, 1.0044404, 5.0736938, 0.4283137] 2.7398996 1.3628863 0.9872989 1.1429151
[335, 0.49408203, 1.0337932, 5.008778, 0.28028134] 3.0137568 1.0555811 0.9360399 0.922831
[336, 0.49896395, 1.0264858, 6.7250156, 0.46600282] 2.5182316 1.2148603 0.9828186 1.0245088
[337, 0.45943135, 1.0573618, 5.687399, 0.47191456] 2.6030304 1.1651615 0.9031555 1.0832995
[338, 0.46924236, 1.067319, 5.044647, 0.48641092] 2.8154955 1.1918541 1.0634822 1.0024663
[339, 0.44744173, 1.0670073, 4.839945, 0.68339896] 3.0425408 0.99543786 0.92823815 0.91752106
[340, 0.52424216, 1.020812, 5.725815, 0.608747] 2.8809755 1.1140022 1.031257 0.88815826
[341, 0.40866864, 1.0825541, 4.56568, 0.45843032] 2.9022818 1.0144147 1.0873696 1.1301172
[342, 0.61821264, 0.8991568, 7.035445, 0.19137715] 2.6973376 1.2085645 1.045668 0.6992801
[343, 0.50914246, 1.0331955, 5.2883077, 0.4295076] 2.8228354 1.3548685 0.91604424 0.89030737
[344, 0.5373098, 0.9968726, 4.230266, 0.47186393] 3.0765665 1.2205472 0.91167253 0.84455144
[345, 0.52142143, 1.0050172, 7.093184, 0.27770087] 2.6105428 1.1963094 0.86033434 1.0886478
[346, 0.42878032, 1.0680594, 5.9550967, 0.25906175] 2.6623545 1.2283105 0.91330445 0.98755467
[347, 0.5813144, 0.9686345, 6.2700987, 0.27345088] 2.6115446 1.2656537 0.79123956 1.0493417
[348, 0.41345158, 1.1006403, 4.719944, 0.76976204] 3.019784 1.1331403 0.9810204 0.8180366
[349, 0.48862025, 1.0238557, 4.646977, 0.50119114] 2.801852 1.1992574 0.9330158 0.7882617
[350, 0.5245956, 1.0234784, 4.3362107, 0.8884754] 2.7693746 1.1484796 1.1171249 0.8005399
[351, 0.58172923, 0.9569339, 6.028927, 0.44932288] 2.578356 1.0396488 0.9665374 0.8978561
[352, 0.48320112, 1.0243921, 4.6830993, 0.3715315] 2.703162 1.0949186 1.1053909 0.9841305
[353, 0.499214, 1.0247029, 5.7120137, 0.5691018] 2.7618983 1.226923 0.79052323 0.88200843
[354, 0.43999067, 1.0604197, 5.6958704, 0.39594397] 2.9263468 1.1168952 0.8394271 0.9038222
[355, 0.49990904, 1.0460941, 3.9684098, 0.7241332] 3.011658 1.113482 1.0513542 0.96339625
[356, 0.4532046, 1.0605618, 4.978524, 0.50286937] 2.6086438 1.1101445 1.1899062 0.9682932
[357, 0.5287483, 1.0184678, 3.3513668, 0.79498065] 3.2167277 1.2097486 0.8788496 0.95238763
[358, 0.6939433, 0.81319976, 6.049257, 0.3315722] 2.5110304 1.2281153 0.8305662 0.83089006
[359, 0.5248587, 1.0127237, 6.133033, 0.23989603] 2.8753653 1.1219853 0.8627698 0.82814616
[360, 0.5158941, 1.0010855, 5.0985384, 0.56389934] 2.4907486 1.1300658 1.0412341 1.1140937
[361, 0.44642523, 1.0813296, 5.286259, 0.41898492] 2.782292 1.2688277 0.9140987 1.0696104
[362, 0.4976952, 1.0417608, 4.242713, 0.50012517] 3.1062415 1.2047135 0.9339482 0.68964404
[363, 0.5614245, 1.0055913, 4.523941, 0.53518206] 2.930016 1.1584587 1.0743394 1.0685538
[364, 0.55637187, 0.9771181, 6.132988, 0.45194048] 2.7571037 1.174478 0.9672685 0.8206552
[365, 0.6142269, 0.90410507, 6.9131026, 0.16623819] 2.5713332 1.0200543 0.994754 1.0621341
[366, 0.6194799, 0.91956806, 4.912024, 0.3714628] 2.72147 1.1350077 0.9349144 0.9894078
[367, 0.5068361, 1.0318371, 4.7843776, 0.3073298] 3.0030453 1.1258959 0.9986813 0.78927815
[368, 0.5263737, 1.0037247, 6.131745, 0.4862186] 2.5736554 1.2708114 1.0233527 0.84233373
[369, 0.47018132, 1.0331311, 3.5413787, 0.7956013] 3.0798728 1.0510504 0.94705206 0.90557915
[370, 0.51721156, 1.0147933, 6.953355, 0.38113457] 2.6969914 1.2912065 0.9411725 0.73239446
[371, 0.5199095, 0.9975929, 5.6020465, 0.62136257] 2.6040432 1.1222337 1.0013796 0.9999962
[372, 0.45838872, 1.0361699, 5.87164, 0.5444484] 2.792446 1.2193851 0.9331018 0.7638053
[373, 0.48433688, 1.0160567, 5.2587595, 0.47170776] 2.6813817 1.1615776 1.0181568 0.92338437
[374, 0.57911414, 0.9495053, 3.887362, 0.80211306] 3.0744877 1.0274686 1.1279408 0.79207
[375, 0.549957, 0.9841074, 5.8818207, 0.42488572] 2.8292828 1.1691115 0.9530114 0.7855527
[376, 0.44420505, 1.0629066, 5.197353, 0.43689883] 2.8987877 1.2641594 0.9384864 0.78734565
[377, 0.57973236, 0.9849745, 4.3617363, 0.51157194] 3.0285587 1.0909456 1.0107839 0.6842266
[378, 0.4931189, 1.0361289, 5.9110637, 0.5635316] 2.6270473 0.9671912 0.970939 1.0565809
[379, 0.3432775, 1.1122618, 5.4606085, 0.40079847] 2.9738207 1.0756023 0.9047726 0.8383938
[380, 0.54692334, 0.99012655, 3.5513344, 0.84908783] 3.1418288 1.0501411 0.9874532 0.8602226
[381, 0.5310841, 1.023574, 6.9264627, 0.3855689] 2.9134293 1.26068 0.87506855 0.7882767
[382, 0.4666236, 1.063147, 4.3347745, 0.9230608] 3.099194 0.9938142 0.86245835 0.8546613
[383, 0.5144948, 1.0183059, 5.787261, 0.32565096] 2.6438377 0.997113 0.9853644 1.1427453
[384, 0.48124847, 1.0471016, 5.309522, 0.36781076] 2.963838 1.1107702 0.8858902 0.74147177
[385, 0.5220527, 1.012681, 5.245122, 0.31587481] 2.7373095 1.1431878 0.8333271 1.009589
[386, 0.4318164, 1.0801395, 4.642887, 0.65969974] 2.926 1.0892615 0.9334689 1.0094467
[387, 0.55432975, 0.9775735, 5.761379, 0.50648695] 2.499428 1.2623739 0.8698367 1.1394161
[388, 0.43572214, 1.0383971, 5.7330904, 0.35128045] 2.7952096 1.1324735 0.95632035 0.81006485
[389, 0.3699993, 1.0956739, 5.2450595, 0.24358399] 2.9613812 1.1795043 1.0705968 0.8621403
[390, 0.6109372, 0.9084014, 5.395517, 0.3708236] 2.6856627 1.3049328 0.9130619 0.7560196
[391, 0.53612036, 1.015645, 4.665307, 0.62059414] 2.9197803 1.0727272 1.0794281 0.9182179
[392, 0.52302355, 1.0002942, 4.6803126, 0.32530013] 2.946491 1.2268013 0.9862904 0.9433946
[393, 0.44263002, 1.052661, 5.765982, 0.17401701] 2.8499713 1.3029948 0.92101127 0.89471436
[394, 0.41684678, 1.0778321, 3.9215934, 0.9665218] 2.897643 1.040756 0.92510736 0.88508266
[395, 0.57539207, 0.94714516, 6.272943, 0.4416675] 2.3770168 1.3338512 0.9290605 0.88849497
[396, 0.4450458, 1.064109, 5.1042128, 0.40525797] 2.9919534 1.2602195 0.86543673 0.86260176
[397, 0.56248236, 0.98399407, 5.6661553, 0.37063766] 2.9191616 1.1110504 0.9547771 0.94106174
[398, 0.51983356, 1.0266892, 3.6740303, 0.8715511] 3.0883667 1.1435494 1.0241306 0.9669381
[399, 0.5118518, 1.0190315, 6.3513165, 0.34906662] 2.783929 1.0275851 0.9211559 0.83928585
[400, 0.4964959, 1.0422733, 4.665694, 0.36873662] 2.990666 1.1387779 0.9478484 0.6246782
[401, 0.55659974, 0.9663646, 4.7650657, 0.41498888] 2.8668747 0.9352598 0.9548437 0.8473608
[402, 0.50468063, 1.0321726, 4.2969913, 0.55996996] 3.0919526 1.2494923 0.93089265 0.82107246
[403, 0.50174797, 1.0051008, 6.0294023, 0.34654796] 2.5809329 1.1895262 0.7479354 1.0701555
[404, 0.46958163, 1.03394, 5.035938, 0.4499797] 2.8022993 1.129771 0.9118684 0.8791293
[405, 0.45219812, 1.0315185, 5.998336, 0.2048397] 2.6516898 1.159843 1.047516 0.9186342
[406, 0.35855764, 1.1005538, 5.145334, 0.33460286] 2.8553257 0.98750293 1.013917 1.1533736
[407, 0.5434187, 0.9943946, 5.184556, 0.3586726] 2.7578297 1.0624707 0.86211383 0.98404807
[408, 0.4501888, 1.0415798, 4.1158094, 0.46158978] 2.8441947 1.0910199 0.94417655 0.98704785
[409, 0.4678203, 1.0525073, 4.4713163, 0.46164605] 2.8127182 1.1904297 1.0288934 0.9478822
[410, 0.57712436, 0.95253354, 6.5878944, 0.27286384] 2.827166 1.1304142 0.8167665 0.9376661
[411, 0.4709411, 1.0473818, 3.7924855, 0.5563718] 3.0082474 1.1883917 0.9185375 0.8211227
[412, 0.55086136, 1.0055557, 3.8032298, 0.685991] 3.0924575 1.1812885 1.0299139 0.9065957
[413, 0.51657254, 1.0220762, 5.2328534, 0.47841373] 3.035297 1.1676711 0.81883186 0.9678769
[414, 0.61765915, 0.91908723, 5.374369, 0.45381293] 2.5699294 1.2656357 0.86814994 0.8275723
[415, 0.46748552, 1.0453733, 5.721457, 0.62859327] 2.6061766 1.2213469 1.0351895 0.8891713
[416, 0.43431142, 1.0700711, 4.6284084, 0.67426026] 2.8810499 1.183734 0.822779 0.95562786
[417, 0.4848451, 1.0373446, 4.8526707, 0.51464057] 3.1904635 0.8377549 0.91224796 0.8031156
[418, 0.612125, 0.96190584, 5.5955153, 0.56253994] 2.8627563 0.9341509 1.0514382 1.0371666
[419, 0.47531444, 1.028173, 5.5711102, 0.27847704] 2.8120368 0.99535596 0.91323954 0.8935418
[420, 0.4665439, 1.0264723, 5.9209023, 0.36111942] 2.8401792 1.0016751 0.9892866 0.9370801
[421, 0.60251313, 0.95517385, 7.0968976, 0.2744398] 2.6613247 1.1860709 0.93287706 0.9775859
[422, 0.5851979, 0.9191308, 5.274054, 0.42871997] 2.3275483 1.1296415 1.1376197 0.8308654
[423, 0.52047205, 1.0156071, 5.7521996, 0.6815914] 2.464343 1.1997132 0.93354195 1.0690924
[424, 0.42773613, 1.100956, 4.730055, 0.5798637] 2.8793335 1.0388552 1.1115254 0.9653794
[425, 0.5407786, 1.0042088, 6.094287, 0.2819499] 3.0176065 1.1672808 0.93788046 0.6302311
[426, 0.45399553, 1.0704352, 5.9842014, 0.5740204] 2.7286224 1.1893816 0.8706578 0.90703976
[427, 0.5933896, 0.9409838, 4.207385, 0.50808614] 2.9361594 1.0902508 1.0778353 0.942903
[428, 0.5126303, 0.9991517, 4.698243, 0.6142894] 2.3868446 1.0977343 1.033048 1.0085909
[429, 0.50475377, 1.0507375, 3.9596899, 0.88460344] 2.919992 1.1586453 0.96098465 0.8279921
[430, 0.6009659, 0.94500625, 4.4427276, 0.41569495] 2.856077 1.3069353 1.1149306 0.9141575
[431, 0.49361807, 1.0560776, 2.7221603, 0.72215414] 3.2024763 1.2602817 0.99612844 1.0516648
[432, 0.3894539, 1.1117665, 4.265768, 0.5384779] 3.002693 1.1254407 0.97533387 0.96945685
[433, 0.6295166, 0.90161115, 5.2720284, 0.50090766] 2.3850396 1.2817761 0.9120114 1.1459566
[434, 0.49573657, 1.056703, 4.3004518, 0.4572132] 3.0668144 1.3397347 0.85247004 0.8730678
[435, 0.48397908, 1.0440214, 5.0444493, 0.42626342] 2.8444924 1.193174 1.0247612 0.8434309
[436, 0.49370074, 1.0056014, 5.1435633, 0.58307207] 2.6173537 0.9475847 0.97541934 0.83825326
[437, 0.659817, 0.8721151, 4.004029, 0.38187483] 2.6264563 1.119804 0.96136534 0.8689675
[438, 0.51231104, 1.014837, 4.6623497, 0.57547885] 2.6955042 1.2840384 0.88945407 0.9173846
[439, 0.47717452, 1.0409532, 5.4179797, 0.35377845] 2.6914296 1.2244964 0.9289793 1.0601909
[440, 0.52209765, 1.0087438, 5.1585526, 0.37873736] 2.6644037 1.0503451 0.91484445 1.085907
[441, 0.5938865, 0.9478193, 5.6657043, 0.36988443] 2.754338 0.986716 0.893711 0.8747129
[442, 0.5261209, 1.0029174, 4.9083962, 0.36565676] 2.9572313 1.2868185 0.97293127 0.8306831
[443, 0.5064446, 1.0384854, 3.8131952, 0.77941126] 2.798283 1.2556857 0.954485 0.7579246
[444, 0.46451285, 1.0463586, 5.3214593, 0.6544425] 2.5757658 1.2090795 1.0506066 0.9966774
[445, 0.5601419, 0.9762296, 5.0088596, 0.7384032] 2.587011 1.1480019 0.94864404 1.0331905
[446, 0.52605754, 1.009026, 7.5931215, 0.4229] 2.6109715 1.1020879 1.1066849 1.025781
[447, 0.49395022, 1.0438584, 6.5756745, 0.6342275] 2.7991652 1.11149 1.002646 0.94103396
[448, 0.51086587, 1.0016067, 5.0469246, 0.54116] 2.7003207 0.97781324 0.9592925 0.89716977
[449, 0.37592125, 1.1248847, 4.3001766, 0.4650768] 2.820487 1.1399395 0.9906015 1.1086433
[450, 0.4528606, 1.0738616, 5.6107297, 0.4401192] 2.6224926 1.1575768 1.0361907 1.0755093
[451, 0.523681, 0.99836904, 6.3963914, 0.28265277] 2.7743175 1.1178687 1.0016981 0.84390277
[452, 0.5518986, 0.99408007, 4.828531, 0.5310982] 2.9039593 1.2057624 1.0543308 0.9176172
[453, 0.39402676, 1.1337479, 5.8958917, 0.34410745] 2.8582458 1.1951942 0.905344 0.91920257
[454, 0.5310177, 1.0248905, 5.2073393, 0.47822452] 2.8660254 1.1563522 0.92410755 1.0590415
[455, 0.5078593, 0.9759213, 4.889069, 0.56994295] 2.481326 1.1190162 1.033748 1.079854
[456, 0.39538786, 1.0781783, 6.2643843, 0.36072508] 2.5935526 1.139856 0.91314787 0.9594369
[457, 0.5038715, 1.0096961, 6.001115, 0.2751351] 2.7105024 1.2185862 0.9954382 0.90851927
[458, 0.482823, 1.0143094, 5.948583, 0.5359105] 2.5971625 1.2124878 0.8719967 0.99949247
[459, 0.42182916, 1.082928, 3.8026462, 0.97184706] 3.062749 1.2951432 0.91538334 0.7859716
[460, 0.5912742, 0.95008177, 4.3275447, 0.88343215] 2.6068306 1.2073909 0.95068175 0.89907694
[461, 0.41094622, 1.0920674, 5.2172513, 0.4591521] 2.6754506 1.2158545 1.0308142 0.9106732
[462, 0.51684576, 1.0307734, 3.3328824, 0.7468799] 3.1432593 1.2379594 1.0364705 0.9517761
[463, 0.51345277, 1.0138624, 4.9216223, 0.5179774] 2.76938 1.0562402 0.8564809 0.9749618
[464, 0.46058232, 1.0798359, 4.5446854, 0.66726315] 2.9007251 1.1706854 0.79757434 0.9732352
[465, 0.6639525, 0.8793646, 5.1903324, 0.68865544] 3.1293006 1.0962096 0.84206784 0.78112775
[466, 0.4190377, 1.0833566, 3.3647642, 0.7900012] 3.2686067 1.2913282 0.92543584 0.8254579
[467, 0.4428027, 1.0386716, 6.228832, 0.2846411] 2.6379235 1.1014398 0.9442321 1.1221823
[468, 0.45697564, 1.0431849, 6.0805182, 0.27008474] 2.8161898 1.0104691 0.83319044 1.0190673
[469, 0.5233214, 1.024607, 5.441931, 0.2851859] 2.6082404 1.2581066 0.93773913 1.1242781
[470, 0.6401096, 0.8884936, 5.024974, 0.5218753] 2.6379275 0.99138343 0.84237725 0.7959948
[471, 0.300493, 1.1865102, 2.2581592, 0.7523779] 3.5002825 1.179094 0.8546249 0.97013324
[472, 0.51529074, 1.0095142, 5.5779634, 0.33456787] 2.6140542 1.0293306 0.9173288 1.0596403
[473, 0.50580525, 1.0154475, 5.5667305, 0.20986946] 2.8987217 1.029189 0.9945449 1.0847205
[474, 0.43347815, 1.0707126, 4.6246815, 0.60955197] 2.8782346 1.1032399 0.7920765 0.93472993
[475, 0.5039078, 1.0147439, 5.185013, 0.40642574] 3.0218747 1.0937548 0.8944601 0.8310989
[476, 0.5251767, 1.0200922, 5.8356886, 0.56205064] 2.9907162 1.0265888 0.817953 1.0156846
[477, 0.35132694, 1.093882, 4.5552344, 0.6691521] 3.2265546 0.8822996 0.79179204 0.83808994
[478, 0.5367903, 1.0196247, 4.2414565, 0.76271343] 3.2442186 0.9067135 0.7415996 0.84022224
[479, 0.5036931, 0.9967587, 7.2186995, 0.22311868] 2.5687656 1.1094364 0.9723826 1.0247295
[480, 0.4677146, 1.0408252, 5.076459, 0.72188234] 2.656861 1.2444661 1.0395586 1.0644878
[481, 0.56502235, 0.96046674, 6.8465047, 0.16538602] 2.83806 1.0096581 1.0134265 0.8477569
[482, 0.55698085, 0.97538453, 4.984606, 0.23788236] 2.9868038 1.0088099 0.84437287 1.0549638
[483, 0.5519445, 0.97510326, 5.21306, 0.6732182] 2.617288 1.2223221 1.0174493 0.94148034
[484, 0.53070873, 0.9951493, 6.130988, 0.3998991] 2.8445528 1.000189 0.7109132 0.9567836
[485, 0.4536746, 1.0323824, 6.2792854, 0.1830266] 2.8828912 1.1149681 1.0604328 0.9676557
[486, 0.50243413, 1.0287564, 6.1475654, 0.23588765] 2.751828 1.1816386 0.8511496 0.85524386
[487, 0.5054436, 1.0168465, 5.399384, 0.42591372] 2.6095016 1.2388684 0.96156436 0.8925767
[488, 0.46259674, 1.0455482, 4.942451, 0.3797212] 3.0092404 1.1852081 0.97376096 0.82184756
[489, 0.4971861, 1.0240769, 6.610895, 0.44137087] 2.656366 1.145842 0.88816965 0.8751325
[490, 0.52820945, 1.0140691, 6.45935, 0.38995767] 2.5461757 1.2465804 0.95620257 0.8894837
[491, 0.49776587, 1.0299486, 4.8152833, 0.24462683] 3.1184194 0.9438592 0.91148245 0.9062958
[492, 0.48109475, 1.0348117, 4.494655, 0.4434381] 3.0672352 1.0279392 1.0192704 0.9493202
[493, 0.53321844, 1.0039781, 4.9928694, 0.38558054] 2.942968 1.2054802 0.94966954 0.9505516
[494, 0.47381213, 1.0514494, 4.8605, 0.26177835] 2.9724185 1.1366322 1.0373377 0.8305419
[495, 0.49211603, 1.0279468, 5.247169, 0.4507454] 2.5860724 1.1368557 0.9860022 1.003465
[496, 0.4203679, 1.0704818, 5.0025525, 0.6127529] 2.650842 1.1575195 0.98691994 1.1182348
[497, 0.47460943, 1.0307322, 5.9073734, 0.5094709] 2.6606228 0.9428251 0.9916146 1.0720443
[498, 0.554279, 0.9848697, 5.111289, 0.45645878] 3.005706 1.101448 0.9279471 0.7658984
[499, 0.5542961, 0.99917185, 5.4888973, 0.4787263] 2.957581 0.9255776 0.98179483 0.95801544
[500, 0.4304496, 1.0768857, 4.6567044, 0.48062658] 2.790923 1.1549497 0.99157095 0.9545745
[501, 0.4952069, 1.0250385, 5.0540485, 0.32960844] 2.922691 1.2018878 0.98363584 0.9689701
[502, 0.2934252, 1.1509019, 4.514346, 0.6634496] 2.9962566 1.2046859 0.9490359 0.9352137
[503, 0.46437153, 1.0661957, 4.9629645, 0.38842633] 2.841407 1.1629025 0.8970185 1.0663551
[504, 0.4386646, 1.0554785, 5.188315, 0.34841004] 2.9894068 1.0927196 0.89512384 0.8777406
[505, 0.6303133, 0.8865841, 6.369214, 0.23502105] 2.6033978 1.1183655 0.9139524 0.97904193
[506, 0.49767387, 1.008685, 5.5761642, 0.28210625] 2.7572548 1.2613965 0.96338093 0.9058209
[507, 0.45430025, 1.0544773, 4.998222, 0.2272568] 2.9006133 1.1900827 0.9055226 0.9427665
[508, 0.5553203, 1.0189605, 4.3546886, 0.43830708] 2.8393347 1.252713 0.9411473 0.9322446
[509, 0.5636953, 0.98486835, 4.6725245, 0.4438307] 3.014403 1.0349029 0.94300425 0.9038908
[510, 0.4409601, 1.072384, 4.1789665, 0.86657953] 2.8080783 1.1460364 0.9561487 1.0151472
[511, 0.54427636, 0.97184724, 5.7822437, 0.22774379] 2.7113214 1.3195722 0.8919052 0.85493606
[512, 0.45552763, 1.0570047, 5.7882104, 0.34594274] 2.880088 1.0752385 0.94646287 0.85998374
[513, 0.57040566, 0.9717584, 6.2501464, 0.2651743] 2.713816 1.1983163 1.0138214 0.8115293
[514, 0.6424095, 0.89268774, 5.644905, 0.45513543] 2.464814 1.0431702 0.89905554 0.8945792
[515, 0.38810635, 1.1053227, 3.7637272, 0.7526176] 3.085615 1.186274 1.022324 0.8584401
[516, 0.5868807, 0.9472986, 7.0522127, 0.38325685] 2.787261 1.0164332 0.8985507 0.91354126
[517, 0.49878877, 1.0394154, 6.3138914, 0.41567248] 2.6399348 1.2215794 0.9390424 0.9303992
[518, 0.42154095, 1.0824081, 5.756129, 0.3334001] 2.876316 1.1535643 0.8936856 1.1168516
[519, 0.47543788, 1.0374159, 4.8967133, 0.7191376] 2.7935874 1.2731829 0.98629665 0.8294344
[520, 0.52330875, 1.0171181, 3.6566164, 0.56822187] 3.067301 1.061446 1.0050025 1.1131346
[521, 0.6154518, 0.91721237, 5.340142, 0.46672553] 2.7878976 1.0308838 0.7877402 0.797352
[522, 0.61833113, 0.9141014, 4.8261833, 0.81248873] 2.5011058 1.1244135 1.0054197 0.9759872
[523, 0.57859874, 0.93963987, 5.854177, 0.5737484] 2.1625829 1.1641362 1.0211774 1.178607
[524, 0.5263946, 1.0104274, 5.552729, 0.3747037] 2.9401486 1.1170753 0.9232951 0.9542258
[525, 0.6323748, 0.9113271, 6.898757, 0.27792814] 2.377913 1.1733927 0.8036697 1.2653396
[526, 0.51241195, 1.0216398, 6.544669, 0.2861257] 2.9093854 1.0460267 0.8384651 0.71518147
[527, 0.5518483, 0.95990443, 6.666872, 0.4187078] 2.362581 1.0838218 1.0364236 0.88615876
[528, 0.6322814, 0.88347447, 5.723031, 0.44051406] 2.4096854 1.0885916 0.9297157 0.93749106
[529, 0.40225384, 1.075284, 5.0416737, 0.69271547] 2.6857867 1.1730316 1.0135499 1.1081979
[530, 0.4051237, 1.0943805, 5.147365, 0.55346924] 3.021593 0.9978409 0.9759551 0.9641832
[531, 0.4971093, 1.0044457, 5.6498632, 0.64270085] 2.3773866 1.2552345 0.992961 1.0297412
[532, 0.4535879, 1.0314974, 5.6712794, 0.24246842] 2.736003 1.1610596 0.9525881 1.0886911
[533, 0.5234505, 0.9876463, 7.3090525, 0.26537472] 2.633242 1.2369775 0.84600824 0.9796255
[534, 0.4236224, 1.0590975, 5.9065127, 0.24744236] 2.77867 1.2355206 0.97451574 0.79077893
[535, 0.5153854, 1.0289469, 3.9764676, 0.7485859] 2.9687781 1.1303898 1.0997953 0.9183835
[536, 0.45170435, 1.0432858, 5.8374124, 0.34085354] 2.723907 1.1736304 1.0222435 0.8250926
[537, 0.4654316, 1.0516057, 3.3502164, 0.73478734] 3.217181 1.1047498 0.9831 0.8780934
[538, 0.42077833, 1.0745845, 5.150318, 0.350905] 2.724015 1.0966877 0.9443596 1.0035231
[539, 0.50052154, 1.0291648, 6.7597404, 0.31105444] 2.8611226 1.1546091 0.91318965 0.7441411
[540, 0.489001, 1.0447277, 5.734912, 0.367003] 2.766082 1.0816047 1.0856448 0.93930787
[541, 0.5146189, 1.0294297, 4.077136, 0.5763232] 3.14925 1.2729926 0.8889634 0.7591473
[542, 0.5537189, 0.9851744, 6.0838895, 0.29368743] 2.8630168 1.3058066 0.9203338 0.8503595
[543, 0.5797459, 0.953943, 6.586941, 0.58340496] 2.660795 1.2284274 0.82995605 0.7761012
[544, 0.38553646, 1.091728, 3.2628465, 0.7075712] 3.2637997 0.9088275 0.93457246 1.0339713
[545, 0.4792103, 1.0563915, 4.508965, 0.48976785] 2.751658 1.1386247 0.9904288 1.0219436
[546, 0.48110312, 1.0359302, 5.4606314, 0.696347] 2.6068065 1.1195023 0.8952166 1.1483411
[547, 0.47479272, 1.032851, 4.6832004, 0.33075592] 3.2119882 1.0495813 0.89144784 0.76900434
[548, 0.4583975, 1.0364355, 6.8550553, 0.27536985] 2.747909 1.1785121 0.83596253 0.88947487
[549, 0.43785745, 1.058065, 5.1058564, 0.5390545] 3.1378467 0.98043436 0.9488939 0.7900351
[550, 0.39775997, 1.0773044, 5.5657697, 0.33508343] 2.654026 1.1857209 1.0436625 0.9877137
[551, 0.52080536, 1.0142984, 5.401605, 0.46597102] 2.8580515 1.1865541 0.88934904 0.6467257
[552, 0.45832583, 1.0486126, 5.1937084, 0.3962472] 2.891375 1.1596601 0.95271367 0.74178064
[553, 0.53499424, 0.99579036, 6.478717, 0.4583089] 2.644871 1.074989 0.9896664 1.0504825
[554, 0.49046937, 1.042699, 5.554221, 0.24862221] 2.8752415 0.9719962 1.0276004 0.95948493
[555, 0.53213406, 0.9936587, 4.2853217, 0.8146715] 2.5020847 1.1109648 1.0242369 0.9809865
[556, 0.41317213, 1.0862708, 3.7458866, 0.5988964] 3.1402745 1.0489109 1.0803064 0.84793407
[557, 0.43962815, 1.059036, 5.5374446, 0.7161121] 2.8185675 1.1346682 0.93378294 0.8193932
[558, 0.37721667, 1.1124604, 3.485586, 0.81136996] 3.181638 1.096289 1.1147928 0.830885
[559, 0.4409283, 1.0738202, 4.886158, 0.53927374] 2.8881264 1.2210872 0.9248585 0.88969773
[560, 0.5397471, 1.0081052, 4.356458, 0.5100937] 2.9281366 1.2276266 0.98662716 0.78325605
[561, 0.48152152, 1.0169709, 6.0921626, 0.3912629] 2.7481375 1.1353797 0.73997974 0.7950477
[562, 0.45435938, 1.078658, 4.700358, 0.7909583] 2.9358273 1.0719151 1.0026534 0.8303551
[563, 0.45559615, 1.0525762, 3.2943218, 0.9468991] 3.343127 1.0606065 0.96313584 0.8184678
[564, 0.5126641, 1.045443, 5.804762, 0.39986122] 2.571264 1.2938474 1.0406855 1.0998607
[565, 0.44560215, 1.0789733, 5.5376534, 0.40792027] 2.7604287 1.2533994 1.0222946 0.94498825
[566, 0.50216544, 1.0089208, 4.8797894, 0.7724224] 2.6254873 1.1684092 0.9835435 0.8109213
[567, 0.46024382, 1.0490624, 4.8016076, 0.38629976] 2.949255 1.0249257 1.0356972 0.9346621
[568, 0.41068804, 1.0923699, 4.123552, 0.6361245] 3.1212783 1.0769823 0.9894092 0.99732095
[569, 0.47710332, 1.0474628, 4.48659, 0.34645325] 3.1430209 1.1011028 0.83080953 0.9774223
[570, 0.61248416, 0.9244965, 4.567425, 0.6233309] 2.4901276 1.2131555 0.903226 0.84754574
[571, 0.50129855, 1.0372902, 4.065829, 0.716342] 2.9694521 0.9644881 1.0474573 1.0943383
[572, 0.40359294, 1.0821308, 2.411301, 0.7549147] 3.2356772 1.2921171 1.0417804 0.8057257
[573, 0.550299, 1.0071102, 5.24805, 0.5329574] 2.7062342 1.2140243 1.0058513 0.91401047
[574, 0.4317413, 1.0618681, 5.9523444, 0.4146798] 2.7466927 1.1672041 1.0005825 0.97932905
[575, 0.5361159, 1.0256807, 3.4064963, 0.87734276] 3.1109345 1.1978464 1.0232896 0.72082204
[576, 0.5499431, 0.99186826, 5.973152, 0.6103249] 2.7925966 1.2091115 1.0507205 0.71940017
[577, 0.6415191, 0.9038764, 5.43781, 0.6173519] 2.5712457 1.1937143 1.0653638 0.9529562
[578, 0.44541812, 1.054413, 5.135155, 0.3271531] 2.9905481 1.1029323 0.95913583 0.71017694
[579, 0.48080888, 1.0361507, 6.26827, 0.31319427] 2.6934009 1.2524652 0.9032325 1.0417932
[580, 0.5250375, 1.0239233, 4.466284, 0.37844384] 3.2537954 0.94012177 0.82936805 0.9286684
[581, 0.46676272, 1.067268, 4.0285635, 0.73186576] 3.0487268 1.0830153 0.9571644 0.89654595
[582, 0.49228212, 1.0426013, 5.21479, 0.5320166] 2.8949406 1.0866706 0.980363 0.85766774
[583, 0.57673573, 0.9785573, 5.4118586, 0.38623932] 2.7320936 1.144028 1.1663086 1.0556623
[584, 0.59683675, 0.9353919, 7.2089744, 0.18259114] 2.7273495 1.2061718 1.0464748 0.76843303
[585, 0.498751, 1.0402226, 4.6687455, 0.4270416] 2.7851715 1.2584182 1.0069658 1.0762647
[586, 0.56194955, 1.0028957, 5.3056364, 0.59408194] 2.9038053 1.0807976 0.9705328 1.045369
[587, 0.5088774, 1.0596298, 5.3237796, 0.7544163] 2.9060009 1.1991583 1.0804267 0.79207516
[588, 0.44949082, 1.0688378, 4.4401793, 0.5749402] 3.073179 1.1973196 0.8808063 0.779179
[589, 0.49519885, 1.0388708, 5.773044, 0.42538577] 2.978127 1.0439672 0.9235796 0.8082889
[590, 0.41746023, 1.0639744, 5.292248, 0.38451886] 2.5857348 1.1544604 1.0099667 0.94902
[591, 0.42987937, 1.0947824, 4.3120656, 0.79674196] 2.9121263 1.0851762 1.061253 1.058248
[592, 0.6185094, 0.9218755, 6.1708784, 0.3240067] 2.870012 1.2283876 0.8755308 1.0129045
[593, 0.516394, 1.0163431, 5.1771197, 0.5941557] 2.7402349 1.0967441 0.9405906 1.0636818
[594, 0.4749402, 1.0205053, 6.391409, 0.20786898] 2.6047745 1.2458948 0.9785231 1.0567328
[595, 0.42858252, 1.0763032, 5.513, 0.37733543] 2.9238799 1.1890424 0.84899676 0.80773586
[596, 0.56108624, 0.98030686, 7.1176667, 0.19139493] 2.5703626 1.1657035 1.0979818 0.90226007
[597, 0.44608557, 1.0381435, 5.62745, 0.42289552] 2.728942 0.9289276 1.0073477 0.89368004
[598, 0.53589404, 1.025594, 2.659242, 0.98998785] 3.3659387 1.0542462 0.99597853 0.772744
[599, 0.48444661, 1.0470665, 5.146571, 0.43095097] 2.8196752 1.0428808 0.9992473 1.045394
[600, 0.5739527, 0.95029867, 7.2559524, 0.26959455] 2.4416003 1.2196643 0.953477 1.0297269
[601, 0.47751752, 1.0399991, 5.954744, 0.358938] 2.826314 1.0812927 0.9193113 0.99391997
[602, 0.63062614, 0.8808875, 5.584144, 0.3634583] 2.4948726 1.0249076 0.8977943 0.974749
[603, 0.6378944, 0.90770704, 4.0047784, 0.41652146] 3.1315346 1.2895833 0.9049046 0.83855456
[604, 0.58124924, 0.9831445, 4.449259, 0.74818385] 2.9844203 1.2052938 0.87253857 1.1338289
[605, 0.5078662, 1.0063504, 3.7914293, 0.3564706] 2.8220804 1.0708786 0.8950619 0.91295695
[606, 0.5315452, 1.0047344, 4.6541905, 0.48670602] 3.0649567 0.941779 0.9170969 1.043152
[607, 0.5375292, 1.0195296, 5.279821, 0.4841225] 2.7934933 1.258755 0.9153795 0.83600754
[608, 0.50073975, 1.0157208, 5.733017, 0.28641862] 2.742081 1.0292468 0.94288796 1.0551395
[609, 0.5903061, 0.9649544, 5.2137823, 0.3295916] 3.022847 1.0308865 0.76227564 0.9877038
[610, 0.43855628, 1.0518917, 5.1119385, 0.3880042] 2.76569 1.2555486 0.9628327 1.0073899
[611, 0.5211939, 1.0305983, 4.1815643, 0.6467747] 3.1861115 1.0586547 0.82362 0.82455266
[612, 0.54077584, 0.9858323, 4.162031, 0.33727792] 2.9264607 1.1653515 0.93630964 0.9358553
[613, 0.46369663, 1.0501349, 4.6952553, 0.59273493] 2.7881482 1.0438273 0.81777745 0.9210466
[614, 0.5266919, 1.0195501, 4.493614, 0.71596646] 2.918189 1.1305845 0.9661524 0.886068
[615, 0.52489936, 1.017486, 5.538761, 0.4637009] 2.6501167 1.0195554 0.9328184 1.0147641
[616, 0.42693582, 1.0724952, 5.0078206, 0.36973083] 2.8927119 1.0255855 1.023104 0.90337336
[617, 0.56661785, 0.9448989, 7.749556, 0.2324853] 2.4360552 1.0607076 0.9458991 1.0085043
[618, 0.5171136, 1.0080698, 6.6892815, 0.27451095] 2.579475 1.0446842 1.0896577 1.1243306
[619, 0.56532776, 0.96142334, 6.580495, 0.39348352] 2.4083548 1.1721568 1.0035197 1.2011055
[620, 0.49127746, 1.0459776, 4.483124, 0.45162767] 2.9393458 1.2034159 0.9292995 1.1181047
[621, 0.58037984, 0.9786593, 5.505146, 0.47013804] 3.0432208 1.1649194 0.92196524 0.6164958
[622, 0.4697825, 1.0497833, 3.1440957, 0.8523594] 3.2782407 1.1188276 1.0234141 0.92266667
[623, 0.5362069, 1.0004745, 6.0696726, 0.5436548] 2.7268977 1.1458539 0.9228452 1.1086774
[624, 0.4664066, 1.0596623, 5.413302, 0.30592486] 2.7452645 1.0269201 1.0306202 1.0244945
[625, 0.5294256, 1.0134836, 4.5159307, 0.44904917] 2.839693 1.1981974 0.92602855 1.0783619
[626, 0.5398842, 1.0218127, 4.0605593, 0.5957263] 3.2780213 1.0933346 0.8463142 0.81056833
[627, 0.42743525, 1.0782875, 4.850991, 0.48855597] 2.7467365 1.01601 1.0194399 1.0356683
[628, 0.4826785, 1.0478948, 3.9392052, 0.70932835] 3.0603783 0.9964757 0.9425588 0.99388134
[629, 0.51037073, 1.0220332, 5.1808486, 0.6100531] 2.9994543 1.1047001 0.87608683 0.82495487
[630, 0.54536366, 0.9888849, 5.7249255, 0.32271793] 2.7196069 1.1683731 0.97720164 0.92295593
[631, 0.57247055, 0.9399687, 5.943363, 0.2806063] 2.5510032 1.1214107 1.1212108 0.9299409
[632, 0.478553, 1.0568472, 5.2875366, 0.47813112] 2.7341437 1.2115852 0.9004563 0.9752383
[633, 0.5466067, 0.97806793, 4.1395164, 0.488484] 2.773973 1.2993147 1.0622633 1.0552562
[634, 0.5229777, 1.0247785, 5.0053573, 0.3381645] 2.8619153 1.1042969 1.0138149 1.1949126
[635, 0.534483, 1.0164585, 3.8057194, 0.46078846] 3.0443826 1.2928891 0.9438946 1.0096052
[636, 0.42554876, 1.0607026, 5.544214, 0.31761593] 2.9419384 0.94438994 0.93789124 0.8978422
[637, 0.5322683, 1.0199027, 5.3964424, 0.32202208] 2.8368313 1.1091446 1.0523536 1.0469642
[638, 0.43043822, 1.0705224, 4.774021, 0.7720534] 2.573913 1.2596074 0.95527357 0.93397
[639, 0.5185163, 1.0407121, 4.4868884, 0.58655816] 3.0036314 1.1876767 0.9775931 0.85816664
[640, 0.50751144, 1.0523599, 5.5940466, 0.48711127] 2.9404743 1.1003054 0.97972393 0.8470466
[641, 0.483057, 1.0221195, 3.8106585, 0.731166] 2.7460744 1.1295975 0.9324683 0.890062
[642, 0.5159743, 1.02224, 5.833314, 0.39298305] 2.7888103 1.13353 0.9291082 0.9949937
[643, 0.49196488, 1.0254693, 5.1889644, 0.51267105] 2.592131 1.1572534 0.9378292 0.978003
[644, 0.4810253, 1.0490456, 6.561841, 0.54775846] 2.7119873 1.1231508 1.0394243 0.9318228
[645, 0.5221377, 1.0186937, 4.479747, 0.4221445] 3.1956656 1.1675404 0.87360924 0.7273408
[646, 0.4613616, 1.0611299, 3.7472692, 0.5413891] 3.1228142 1.1438563 0.8345554 0.75084203
[647, 0.3887429, 1.0831388, 5.776637, 0.2681127] 2.7418678 1.1442223 0.9178562 0.922432
[648, 0.51596385, 1.0135124, 6.1801825, 0.26438066] 2.85469 1.1359279 0.9056728 0.95105094
[649, 0.5313673, 0.9697381, 6.546637, 0.22235753] 2.5264893 1.1170911 0.9550866 1.0879141
[650, 0.4561845, 1.0570147, 5.2667255, 0.38967165] 2.7604704 1.1925243 0.8929489 0.87418073
[651, 0.4495992, 1.0739473, 4.4025545, 0.4405056] 2.9946258 1.1891171 1.059863 0.9443814
[652, 0.48020896, 1.0455911, 5.885124, 0.22652861] 2.854445 1.1076833 0.93642867 0.9100282
[653, 0.56553215, 0.9479572, 6.1123786, 0.37797064] 2.6282992 1.0964713 0.8457664 0.88340783
[654, 0.4713236, 1.0057478, 6.4324827, 0.21933965] 2.551875 1.1274214 0.9872457 1.0534142
[655, 0.49110448, 1.0367098, 4.3800077, 0.47529858] 3.1583116 0.91261256 1.0770221 0.99262303
[656, 0.56388897, 0.96182126, 5.2825785, 0.41817543] 2.770233 1.2056633 0.8599375 0.7774008
[657, 0.52453697, 1.0125505, 5.0520253, 0.52109176] 2.5493634 1.1580645 1.025026 1.1771995
[658, 0.49758282, 1.0364112, 5.9598155, 0.41260934] 2.5369623 1.2348479 0.9296561 0.92653793
[659, 0.51180977, 0.9897179, 5.855185, 0.53265667] 2.4821901 1.1857882 0.9506227 1.0112727
[660, 0.5088398, 1.013888, 4.5744715, 0.36167344] 2.9886158 1.1267316 1.1227276 0.9173112
[661, 0.4634762, 1.036462, 5.8877044, 0.4348297] 2.549915 1.1907002 1.0078368 0.94707495
[662, 0.42773473, 1.0579383, 4.337729, 0.7505785] 2.4893882 1.2410237 0.9560518 1.0785491
[663, 0.50097185, 1.0277249, 5.6577024, 0.49460068] 2.929626 1.1477817 1.0358785 0.87105197
[664, 0.51835024, 1.0314987, 3.3316586, 0.6002526] 3.158492 1.2115176 0.89590424 0.8853118
[665, 0.5061728, 1.0359998, 2.930468, 0.9660196] 3.2502851 0.9486413 0.9777926 1.0075995
[666, 0.50675094, 1.0521911, 3.243561, 0.8802652] 3.2910507 1.0761338 0.8941473 0.97613937
[667, 0.4261905, 1.0887095, 5.0918984, 0.3713086] 2.7698543 1.1961193 1.0347663 1.0500398
[668, 0.49309495, 1.0294751, 4.55229, 0.44512475] 3.1620557 0.9167884 0.9404434 0.8694146
[669, 0.6352652, 0.8914212, 6.036346, 0.27395692] 2.338677 1.1789975 0.89097244 0.9443671
[670, 0.3911769, 1.0991733, 4.8014894, 0.39998224] 2.9094796 1.2480357 0.8729864 0.8458234
[671, 0.54423004, 1.0018159, 5.201988, 0.63436574] 2.6600568 1.1933609 1.0103328 1.222652
[672, 0.44107273, 1.0449932, 5.550407, 0.3370383] 2.7059999 1.0374482 0.9845995 0.8564111
[673, 0.5569706, 0.9680651, 5.6387877, 0.9184312] 2.8081357 1.1885959 0.87750256 0.8177234
[674, 0.6225054, 0.90243655, 6.6867814, 0.2913303] 2.5337718 1.1698091 0.9764507 0.904153
[675, 0.53260374, 1.0163143, 3.7653263, 0.5462479] 2.915782 1.2815057 0.9506042 0.9061444
[676, 0.49196282, 1.019802, 4.5512958, 0.5061144] 3.0628238 1.0697682 0.88174826 0.89873856
[677, 0.6211489, 0.9164939, 6.3359694, 0.33174312] 2.7197216 1.2400246 0.9459748 0.8854905
[678, 0.48907128, 1.0322989, 5.1727023, 0.41555333] 2.7852664 1.1053542 1.0040774 0.9541622
[679, 0.40559945, 1.0911616, 3.9880433, 0.44255218] 3.1547105 1.1203535 0.85145885 0.881812
[680, 0.5368228, 0.9775121, 5.2409987, 0.33152223] 2.8494766 1.1020454 0.9098047 1.0072762
[681, 0.605219, 0.93696463, 7.034537, 0.4815998] 2.653538 0.965386 0.92661184 0.7935121
[682, 0.538064, 0.9877425, 5.1442604, 0.41040245] 2.9140873 1.1186597 0.888276 1.0280535
[683, 0.5313505, 1.0306677, 4.5194592, 0.77129567] 2.9412274 1.1669519 0.934167 1.0019279
[684, 0.4683769, 1.0607204, 4.626435, 0.52479196] 3.0288734 1.0723784 1.0333126 0.98693997
[685, 0.48720744, 1.0326393, 6.05371, 0.32214677] 2.813821 1.1759518 0.95244753 1.00423
[686, 0.5468233, 1.022282, 4.933555, 0.6276083] 3.1409242 1.2060766 0.92448676 0.7293254
[687, 0.5082365, 1.0156032, 6.1812925, 0.32635382] 2.7032497 1.1436311 1.1012825 0.89120173
[688, 0.4532671, 1.0370758, 4.549891, 0.85305] 2.9344122 1.041681 0.88951325 0.7997749
[689, 0.47634238, 1.0235518, 6.430522, 0.6832594] 2.3640785 1.19725 1.0139297 1.0283915
[690, 0.47848856, 1.0436012, 3.8997607, 0.533452] 3.013423 1.3229803 0.98987734 0.91366786
[691, 0.5813915, 0.9568492, 5.110248, 0.45959017] 2.8613343 1.0641303 0.9545569 1.0035356
[692, 0.46702155, 1.0535415, 4.1290236, 0.83034474] 3.0290098 1.1919094 0.9362196 0.9055446
[693, 0.45330614, 1.053359, 3.5069168, 0.6703618] 3.123394 1.2161866 0.94717985 0.9786074
[694, 0.5579846, 0.96956253, 6.3434196, 0.25240257] 2.7570121 1.0697105 0.88294303 0.8869397
[695, 0.39331973, 1.0766981, 6.066995, 0.25279063] 2.7182453 1.0689346 0.96970767 1.0252154
[696, 0.52001685, 1.0038323, 3.9141397, 0.5199693] 3.0033703 1.0264553 1.0661182 0.90059626
[697, 0.5805083, 0.9697294, 5.533915, 0.87020046] 2.7422016 1.1944823 0.8814134 0.77733004
[698, 0.49306342, 1.0446602, 5.665856, 0.32600027] 2.7659793 1.0427439 1.0494636 1.0526665
[699, 0.4533003, 1.0649135, 3.8469694, 0.49673584] 2.9329536 1.0450624 1.0058848 1.1869205
[700, 0.5104864, 1.0287445, 5.0285673, 0.6195386] 2.6255777 0.93685144 1.0469298 1.1064196
[701, 0.54786015, 0.9684929, 5.712301, 0.28538635] 2.743297 1.1676285 1.0159385 0.81627893
[702, 0.56620395, 0.97970545, 5.8578463, 0.87808675] 2.7129185 1.1685437 1.0238273 0.8374448
[703, 0.5134399, 1.0331193, 4.8862667, 0.44571057] 3.031047 1.1565553 0.95176786 0.88858855
[704, 0.5167957, 1.0354503, 5.2120037, 0.5818171] 2.868736 1.1665766 1.0724889 0.79074585
[705, 0.5331742, 1.0131124, 5.0786605, 0.379379] 2.868411 1.1842079 1.0563807 0.9326001
[706, 0.4538976, 1.066768, 3.853913, 0.75803983] 3.095934 1.1995121 0.8131055 0.98408425
[707, 0.48996753, 1.0110779, 6.813673, 0.27244157] 2.6127067 1.0088694 0.98490065 0.96182954
[708, 0.50874287, 1.0322286, 5.676381, 0.2540606] 3.0509787 0.9387333 0.89442503 1.0459869
[709, 0.43369892, 1.0977345, 3.165199, 0.45240542] 3.3897185 1.0293595 0.9378191 0.78287786
[710, 0.452036, 1.0664281, 4.035195, 0.6634095] 2.9106343 1.2111557 1.0049992 0.9408502
[711, 0.43575287, 1.0702348, 8.426158, 0.2440325] 2.9608488 1.1676607 0.90060216 0.728477
[712, 0.527066, 0.99432397, 4.7284794, 0.27382788] 2.9334135 1.0559357 0.85171366 0.9655396
[713, 0.53789467, 0.99996924, 4.5817795, 0.7115266] 2.937254 1.0819964 0.7614173 0.8438811
[714, 0.45426753, 1.0701269, 3.9877536, 0.7607295] 2.9774332 1.012548 1.0754886 1.1219455
[715, 0.53290474, 1.0002333, 7.461183, 0.25693262] 2.6908581 1.1338829 1.08649 1.001461
[716, 0.4976702, 1.0271198, 4.315104, 0.55180174] 2.7047298 1.1902739 0.9709144 1.1088068
[717, 0.54145837, 1.0314976, 5.0139403, 0.71357054] 2.929307 1.2255358 0.8058726 1.0456932
[718, 0.563353, 0.9927257, 4.9348125, 0.71588576] 2.7035718 1.2018869 1.12122 1.0134642
[719, 0.40436286, 1.0687206, 6.1425323, 0.30253595] 2.5785415 1.2773395 0.94821596 0.9802931
[720, 0.68426925, 0.8439661, 5.5914993, 0.38942975] 2.526723 1.178486 0.99193925 0.73499477
[721, 0.4927409, 1.0277325, 5.817091, 0.3995332] 2.6312633 1.2851003 0.8877362 1.112406
[722, 0.6085828, 0.9371552, 4.692303, 0.43725905] 2.9088466 1.0571581 1.0366501 0.7548645
[723, 0.4701369, 1.0501325, 4.5110984, 0.6075029] 2.7413 1.0754157 1.0038115 0.8459106
[724, 0.46587676, 1.0509768, 4.7851853, 0.49445617] 2.857386 1.0933535 1.0490137 0.92599034
[725, 0.49856877, 1.0613126, 4.035242, 0.38866326] 3.0332375 1.0743074 0.9356905 1.1195097
[726, 0.47655162, 1.0329264, 4.41501, 0.61569893] 2.7239723 1.1625326 0.9096526 0.952339
[727, 0.46148658, 1.0602282, 5.257956, 0.7610669] 2.80014 1.225175 0.8661283 0.91880447
[728, 0.5050569, 1.0268444, 4.7547398, 0.49504378] 2.977191 1.088937 1.0505385 0.7889908
[729, 0.5411023, 0.98294926, 5.837916, 0.18041363] 2.8140228 1.0916876 0.94461006 0.8329889
[730, 0.4590674, 1.039007, 6.8427663, 0.2111452] 2.7880301 1.1752598 0.9159624 0.9858051
[731, 0.51192755, 1.015162, 5.0992837, 0.5457297] 2.7827966 1.1258564 0.89785784 0.8619483
[732, 0.5209166, 1.0042484, 6.8410907, 0.2672202] 2.500166 1.0797707 0.9052294 1.1020402
[733, 0.47665736, 1.0330502, 4.201421, 0.4339645] 2.8447316 1.2601484 1.0473287 0.8902589
[734, 0.52119744, 1.006422, 5.114588, 0.3379886] 2.832816 1.1562438 0.9155514 1.0301688
[735, 0.5218837, 1.019008, 4.948429, 0.363629] 2.8239524 1.2893869 0.98614955 0.8417345
[736, 0.511955, 1.0284891, 5.6008377, 0.27760506] 2.958746 1.053963 0.9444533 0.9047068
[737, 0.36541414, 1.1084702, 6.2380285, 0.23565291] 2.759529 1.0585624 1.085836 0.92011845
[738, 0.6269806, 0.9056623, 6.508191, 0.26637813] 2.4626465 1.1464238 0.7775063 1.1053536
[739, 0.4665662, 1.0334194, 4.9477615, 0.64362144] 2.794385 0.9762924 0.9909704 0.87009066
[740, 0.57976884, 0.96990365, 5.5165057, 0.43456048] 2.7058895 1.079 1.0015603 0.8204644
[741, 0.5610455, 0.98491454, 5.0500026, 0.32186392] 2.8129585 0.9029539 0.9357405 1.2612977
[742, 0.50640523, 1.0228796, 4.3045273, 0.3806313] 3.1322331 1.1499847 0.99126613 0.89325935
[743, 0.5597518, 0.99731773, 3.799078, 0.6759929] 3.2225738 1.1371729 0.9811715 0.8790616
[744, 0.5970969, 0.9538764, 4.6117606, 0.66345793] 3.017084 1.2134296 0.8568289 0.81701833
[745, 0.5389474, 1.01008, 4.8856096, 0.37076223] 3.011801 1.2126759 0.7951882 0.85485387
[746, 0.45669475, 1.0579861, 5.908351, 0.29986614] 2.9278376 1.0557271 1.0000584 0.97448826
[747, 0.46105358, 1.0624622, 5.59703, 0.46503824] 2.7325795 1.1143761 0.9969746 1.0071464
[748, 0.56223637, 0.9401728, 7.2738895, 0.18698975] 2.6109989 1.0727636 1.072244 0.8074548
[749, 0.49113837, 1.0396832, 5.429361, 0.5389664] 2.8040476 1.1007171 1.0495031 0.94620264
[750, 0.5045406, 1.0250993, 5.229805, 0.4667985] 2.9929852 1.1435314 0.88069886 0.74676895
[751, 0.47401515, 1.0768816, 3.1174502, 0.8187741] 3.1378663 1.0520886 0.9590407 0.9529391
[752, 0.49541992, 1.030843, 5.3226805, 0.34070858] 2.7374551 1.303426 0.91969097 1.0613892
[753, 0.49007598, 1.0393366, 3.8995433, 0.43542525] 3.0479026 1.1810517 0.9319507 0.953876
[754, 0.54334843, 1.010725, 3.9863894, 0.6753219] 3.24979 1.1053627 0.9000788 0.6355998
[755, 0.5556625, 0.99483514, 5.2036586, 0.3851401] 2.9870245 1.0366138 0.94854295 1.0086468
[756, 0.56532216, 0.98144156, 4.97975, 0.84315246] 2.813954 1.1158679 0.9034658 0.8664893
[757, 0.48827338, 1.0277435, 5.296038, 0.35591787] 2.8230019 1.2660674 1.0620935 0.76634943
[758, 0.47980976, 1.07127, 4.367353, 0.76343584] 2.740393 1.2065045 0.9108377 1.0112923
[759, 0.5449824, 1.013445, 4.7692738, 0.690912] 3.1625755 1.0356163 0.77474904 0.7397401
[760, 0.51568943, 1.0357114, 5.3787694, 0.51273376] 2.978609 1.1336195 0.8318538 0.86967975
[761, 0.47394732, 1.0445986, 4.0335317, 0.5499834] 2.9233565 1.249269 0.95645446 0.82063234
[762, 0.60971004, 0.9317638, 5.6065545, 0.40126258] 2.4856675 1.1998312 0.9843895 0.8388783
[763, 0.5318399, 0.9637197, 6.3735075, 0.12699482] 2.3999972 1.0481992 0.9052783 1.1654614
[764, 0.47579482, 1.0412806, 5.0260596, 0.5638049] 2.5694478 1.1512127 1.1049713 0.94100505
[765, 0.5294428, 0.9921119, 6.272681, 0.10588494] 2.518371 1.2268099 0.76913285 1.092926
[766, 0.5132011, 1.0224609, 5.2353425, 0.47442976] 2.8751016 0.9908638 0.96758157 1.0512079
[767, 0.469197, 1.0721458, 5.236503, 0.6067415] 2.829394 1.1615585 1.0406159 1.0108185
[768, 0.36177537, 1.1122334, 2.96761, 0.82316387] 3.295785 0.92136705 0.98039734 0.92198
[769, 0.48453668, 1.0437349, 4.7557206, 0.57658213] 2.885831 1.1427699 0.8705653 1.0228223
[770, 0.66119874, 0.85124594, 4.7240243, 0.40934524] 2.233142 1.2110655 0.95178944 0.91966206
[771, 0.47482243, 1.0234469, 5.4025187, 0.36857915] 2.7794187 1.0842197 0.8915522 0.9898065
[772, 0.5713037, 0.9727686, 5.233749, 0.50060165] 2.8012605 1.1667376 0.932404 0.639822
[773, 0.57582605, 0.96059644, 4.1342034, 0.45555654] 2.8696294 1.029881 0.9279338 1.0949233
[774, 0.4859524, 1.0273434, 6.251536, 0.35917896] 2.8651614 1.1386005 0.8378218 0.8713054
[775, 0.5422533, 0.9911822, 5.577584, 0.426135] 2.4624944 1.1334796 1.021644 1.1388525
[776, 0.49478936, 1.0393022, 4.6599946, 0.64351475] 2.7959955 1.1372683 1.134688 1.0472678
[777, 0.4170034, 1.0924631, 4.0887313, 0.56742275] 3.0162485 1.0393585 0.96500164 0.98813486
[778, 0.5468594, 0.989195, 4.573405, 0.33946759] 3.0888555 1.2136518 0.9108985 0.8864734
[779, 0.55705696, 0.9825897, 4.8177695, 0.5969625] 3.0160155 1.231958 0.9650013 0.7526503
[780, 0.55410856, 0.9829854, 5.7421517, 0.58623123] 2.73228 1.1320895 0.955862 0.9024197
[781, 0.49777147, 1.0401739, 7.080881, 0.27451277] 2.675283 1.1639764 1.0844666 0.83013535
[782, 0.49337384, 1.0367173, 5.441576, 0.47448352] 2.8630776 1.0220827 0.9955751 1.012618
[783, 0.51311934, 1.0311631, 5.6280684, 0.43006724] 2.9004216 1.0744976 0.8693524 0.73682666
[784, 0.4832827, 1.0564618, 5.368676, 0.5894681] 2.9173875 1.0853051 0.90407985 0.7464013
[785, 0.5278463, 1.0120472, 4.106741, 0.3927929] 3.1263037 0.89958614 0.94478613 1.0959505
[786, 0.5332369, 1.0118071, 5.3498187, 0.6121208] 2.780341 1.1968237 0.8527591 0.9265537
[787, 0.60783803, 0.9421616, 5.3050704, 0.50506425] 2.8683984 1.1973335 0.95035326 0.6918345
[788, 0.46127838, 1.055972, 5.7595067, 0.39815906] 2.8003504 1.0195318 0.969042 1.0648657
[789, 0.4676118, 1.0530376, 5.012009, 0.2746674] 3.1701798 0.99614537 1.1198927 0.7211918
[790, 0.44125068, 1.0298381, 6.3905096, 0.2636574] 2.523004 1.2027687 0.9207068 0.8990473
[791, 0.45818037, 1.0318946, 6.250079, 0.24652177] 2.770706 1.0432426 1.0197417 0.892028
[792, 0.5037653, 1.0196372, 6.4748883, 0.62751067] 2.66488 1.0618423 0.8700973 1.032617
[793, 0.5429543, 0.9956767, 4.9623103, 0.5499406] 2.914631 1.2612869 0.95999134 0.7617955
[794, 0.5049639, 1.0373868, 5.17857, 0.4166488] 2.869889 1.1725602 0.9953559 1.0482215
[795, 0.48782372, 1.0570875, 4.5408883, 0.44113463] 2.8110716 1.2817973 1.0304639 1.0653089
[796, 0.46680793, 1.0536617, 3.0280325, 0.73412526] 3.1911142 1.097849 0.85309005 0.9585571
[797, 0.39803222, 1.0916617, 5.6047964, 0.5270101] 2.8326044 1.1993237 0.8347196 0.8214784
[798, 0.44688404, 1.0408198, 5.380149, 0.3430872] 2.8010967 1.0767205 0.86533463 1.1070147
[799, 0.41865346, 1.0937241, 5.3424067, 0.33646595] 2.8336377 1.1249281 1.0484008 0.97389215
[800, 0.56007564, 0.96597815, 6.985631, 0.26142102] 2.6292405 1.110913 0.8755454 0.84236574
[801, 0.39468378, 1.1229907, 2.5049126, 0.7757402] 3.2967238 1.1464866 0.98988014 0.9995763
[802, 0.5229093, 1.0012553, 5.558032, 0.4285481] 2.6613903 1.1049336 0.79952705 1.0458692
[803, 0.5982134, 0.971212, 4.828652, 0.47601923] 3.1005867 1.0839424 0.98711425 0.7265943
[804, 0.45834872, 1.0534874, 5.123498, 0.59923935] 2.9142563 1.0127589 0.8077099 1.002967
[805, 0.53749406, 1.0228429, 3.871312, 0.65627986] 3.1003525 1.0072724 1.1006181 0.9407736
[806, 0.50874585, 1.0253636, 4.864979, 0.5139932] 2.8308063 1.1830049 0.93394214 0.87305534
[807, 0.5130222, 1.0338677, 4.9760375, 0.5753419] 2.7807057 1.2244356 1.0268828 0.8394289
[808, 0.50093603, 1.0534244, 3.3096433, 0.82762784] 3.236106 1.1982583 0.9219974 0.80078787
[809, 0.56990874, 1.0022086, 4.3493824, 0.49079323] 2.9352493 1.2261571 0.8686003 1.0695273
[810, 0.5121112, 1.0149997, 6.331019, 0.30647063] 2.586772 1.0347211 1.0504123 1.0382378
[811, 0.4502917, 1.0718424, 5.5490913, 0.58241034] 2.821726 0.98895633 0.8899859 1.1152811
[812, 0.5019866, 1.0038733, 4.531491, 0.46541953] 2.7940364 1.0165026 0.912618 1.1085168
[813, 0.50896674, 1.0208945, 5.9963264, 0.23476149] 2.911922 1.2008363 0.9492326 0.9451065
[814, 0.50770605, 1.0245519, 4.260065, 0.4239467] 3.003417 1.0397676 0.96386033 0.92230374
[815, 0.5474717, 0.97374326, 6.8929925, 0.15083717] 2.7070901 1.0861171 0.9491998 0.94619864
[816, 0.5199744, 1.0217891, 5.1774774, 0.45200446] 3.0155976 0.94455963 0.92504144 0.8519421
[817, 0.6164915, 0.9347817, 3.2462215, 0.83352166] 3.1903973 1.1873751 0.8822534 0.9597499
[818, 0.42608148, 1.0791773, 5.5173283, 0.2853035] 2.904222 1.3258307 0.93620056 0.9622822
[819, 0.5071, 1.0329441, 5.891131, 0.45337686] 2.763611 1.1394432 0.9877191 1.1073494
[820, 0.5319533, 0.9800388, 7.659272, 0.34555084] 2.4307468 1.2304288 1.0332808 0.93534374
[821, 0.5157509, 0.9891274, 9.696065, 0.15918913] 2.57114 1.0941275 0.9206365 1.0263084
[822, 0.47266948, 1.0755764, 4.3799186, 0.64598143] 3.0008793 0.928498 0.93438727 0.98488295
[823, 0.5639922, 1.0040821, 4.8728585, 0.7850337] 3.107592 1.1558274 0.91364694 0.6650387
[824, 0.46468782, 1.0611362, 4.48719, 0.70818764] 2.8923626 1.2347039 0.99058914 0.945415
[825, 0.51599175, 1.0185299, 6.193696, 0.31839612] 2.620372 1.1376687 1.0164082 0.93016243
[826, 0.5054738, 1.0284446, 5.3408685, 0.36606774] 2.9205704 1.1592555 0.8422464 0.8594511
[827, 0.5072118, 1.0405143, 4.33828, 0.65259004] 3.0205128 1.0831101 1.0088242 1.0657634
[828, 0.5197982, 0.9990054, 6.052209, 0.37188655] 2.6170418 1.1636345 0.9255997 1.1384989
[829, 0.41179612, 1.1054281, 4.3157587, 0.58726877] 2.900681 1.0410843 0.99649835 1.0932845
[830, 0.52655274, 1.0214448, 5.1755066, 0.5764776] 2.8627055 1.0922806 0.91797924 1.0687288
[831, 0.4988192, 1.0144584, 5.3159366, 0.3666937] 2.4971662 1.1613402 1.0018374 1.2823377
[832, 0.4955054, 1.0123024, 5.864886, 0.5312918] 2.6176233 1.0060201 0.9264285 1.0999874
[833, 0.49665508, 1.0517062, 5.319486, 0.40314704] 2.9779503 1.1858078 1.0752219 0.8218633
[834, 0.5088917, 1.040686, 4.3510885, 0.81281614] 3.009876 1.1473008 0.87501085 0.9250722
[835, 0.5354868, 1.0042408, 3.964233, 0.4524787] 2.828261 1.1832548 1.0435616 1.1292434
[836, 0.5975835, 0.928778, 5.3716335, 0.37574333] 3.0372982 1.0888764 0.86736417 0.9345178
[837, 0.4694743, 1.0468138, 5.2220235, 0.3848026] 2.9124875 1.248414 0.90734094 0.9222732
[838, 0.5982529, 0.9215705, 6.4358263, 0.3493181] 2.7440283 1.1985532 0.9095666 0.7806968
[839, 0.57967734, 0.974252, 5.480679, 0.84550965] 2.7982838 1.4393805 0.92589235 0.86117005
[840, 0.48695648, 1.028064, 7.065612, 0.42145255] 2.7194986 1.0991839 0.97764486 0.9824047
[841, 0.53759307, 1.0031356, 5.7808557, 0.33237645] 2.9827545 1.0067551 0.88591874 0.7493138
[842, 0.4645666, 1.0673076, 4.4927506, 0.41128078] 2.9551528 1.1134022 0.91932404 0.9207489
[843, 0.5786191, 0.9643107, 5.994878, 0.319414] 2.697951 1.1839715 0.93947446 0.926103
[844, 0.5066315, 1.0128584, 5.4065747, 0.2953328] 2.7218595 0.9399115 1.0399408 0.88146544
[845, 0.47637555, 1.0733732, 4.2071347, 0.5710083] 2.9108644 1.323647 0.9323625 0.9695802
[846, 0.48840016, 1.0156503, 6.000007, 0.43874273] 2.5719347 1.1690999 0.9557536 1.1344253
[847, 0.5585398, 0.94942933, 5.713991, 0.2655372] 2.4564452 1.1579881 0.80705315 0.9667397
[848, 0.45809498, 1.0634743, 5.488393, 0.6496685] 2.902087 1.1145778 1.1051977 1.0131708
[849, 0.47110564, 1.0091143, 5.566743, 0.69827884] 2.5448732 1.1712385 1.081698 1.0317475
[850, 0.57971627, 0.96469915, 5.4431076, 0.41901615] 2.479944 1.1907499 1.0457525 1.007901
[851, 0.3938724, 1.102247, 4.226625, 0.7636169] 2.9634604 1.0409306 1.0173419 1.09975
[852, 0.55651367, 1.0025119, 4.82144, 0.9477212] 2.8872232 1.176031 0.99275386 0.87258345
[853, 0.66148645, 0.8971094, 5.7068286, 0.68621236] 2.6540437 1.2205075 0.8745599 0.8871806
[854, 0.4929759, 1.0338547, 5.96029, 0.32798055] 2.8840327 1.206047 0.9063007 0.8301965
[855, 0.58120465, 0.9440289, 6.681536, 0.4232811] 2.6643872 1.1247979 0.8591975 0.95265335
[856, 0.51449966, 1.0505116, 4.9433036, 0.80640554] 2.8086174 1.0402448 1.0288668 0.987255
[857, 0.4792517, 1.0319297, 5.710997, 0.47835767] 2.5874887 1.0926013 1.1578422 1.0360484
[858, 0.45832688, 1.0605847, 3.9008794, 0.7096672] 3.0399134 1.2139199 0.98458475 0.88506097
[859, 0.54245365, 1.0070522, 4.2381644, 0.6059644] 2.9842381 1.247215 1.0421932 0.99287784
[860, 0.4882784, 1.048202, 4.8918066, 0.3148347] 3.0070577 1.1356182 0.94842833 0.9518745
[861, 0.5014402, 1.0197655, 3.130083, 0.84889984] 3.2893925 1.1132333 0.9666306 0.83697325
[862, 0.4113421, 1.0800068, 5.3174605, 0.44865987] 2.727393 1.188667 1.1241205 1.0088685
[863, 0.5225741, 1.010614, 4.793386, 0.6081482] 2.8910234 1.0797542 0.87668025 0.87431544
[864, 0.42753938, 1.0662885, 5.964023, 0.17976172] 2.6945088 1.2423335 1.1420988 1.0900815
[865, 0.61631346, 0.9081341, 5.6374917, 0.37004843] 2.3293805 1.1864305 0.91399586 0.9686335
[866, 0.5407275, 0.97134215, 5.732273, 0.35259467] 2.5812142 1.0430787 0.8617163 0.9873174
[867, 0.52882206, 0.98659986, 6.3198776, 0.3377997] 2.3973365 1.1467267 0.8654362 1.1738315
[868, 0.4090127, 1.0855248, 5.17802, 0.17537509] 2.828363 1.1040977 1.0463474 1.0928361
[869, 0.49773932, 1.0182968, 7.4706106, 0.24810632] 2.467682 1.2301852 0.97128075 0.90416116
[870, 0.48333597, 1.0649633, 5.3143806, 0.5710024] 2.7539139 1.1365 0.96958613 0.9456073
[871, 0.4187034, 1.0804166, 4.252604, 0.59191126] 3.1168509 0.9808775 0.98693854 0.87679714
[872, 0.4256967, 1.0562006, 8.05469, 0.14806947] 2.5804088 1.1652584 0.97177184 1.0162774
[873, 0.48783025, 1.043441, 5.238454, 0.33226326] 2.871074 1.0439148 0.88208026 1.0006217
[874, 0.5713364, 0.9734847, 5.6832075, 0.3950756] 2.8445086 1.185729 0.98501766 0.6969643
[875, 0.5319798, 0.86953163, 4.18749, 0.4818897] 3.4074626 1.214605 0.67707586 0.69774115
[876, 0.5574311, 0.9738032, 4.834684, 0.62889963] 2.9504278 1.0895015 1.0159302 0.74916977
[877, 0.530255, 1.0237079, 4.181193, 0.6188339] 2.8809075 1.2997012 0.7788084 1.0759208
[878, 0.49430525, 1.0559473, 4.7832394, 0.44189873] 2.9359117 1.2005672 0.8683762 0.8996034
[879, 0.60265845, 0.9336163, 5.476556, 0.43874112] 2.3547 1.0830086 0.9675269 1.2571257
[880, 0.47024697, 1.0579365, 4.556568, 0.9068956] 2.8671584 1.0590786 0.89439267 1.0913203
[881, 0.45876968, 1.0544496, 4.8636813, 0.8747038] 2.6905043 1.11549 0.8877461 0.93461543
[882, 0.49943632, 1.0201448, 6.329493, 0.2284121] 2.8297765 1.1176887 0.9450579 0.90593094
[883, 0.5338132, 1.0223658, 4.3182354, 0.75851506] 3.1077816 1.2099886 0.9712154 0.7818586
[884, 0.54209006, 0.99619377, 4.3560867, 0.51309776] 3.0906062 1.1706583 0.79143673 0.8650507
[885, 0.55057234, 0.9844582, 5.377774, 0.5747006] 2.7152119 1.1166404 0.909457 0.93042034
[886, 0.51181084, 1.0177035, 4.683207, 0.57390773] 2.5465686 1.2231973 0.9460613 1.0067589
[887, 0.5584285, 0.9482805, 7.4492326, 0.2639729] 2.3539057 1.1764177 1.0960063 0.9451811
[888, 0.42653996, 1.053674, 6.110757, 0.46029493] 2.6895382 1.1205196 0.94628125 1.038189
[889, 0.48197564, 1.0405037, 5.845808, 0.4669068] 2.675835 1.1675329 0.9941777 1.0154444
[890, 0.45782858, 1.0653633, 3.2200763, 0.8115813] 2.9784968 1.2261798 0.95669526 1.0910884
[891, 0.58474636, 0.9649059, 5.7725387, 0.31454152] 2.6228209 1.1105336 0.9668743 0.90939105
[892, 0.4623805, 1.039579, 4.2364182, 0.57615894] 2.9140072 1.0275267 0.98516434 1.1153727
[893, 0.5399597, 1.0067797, 4.5069103, 0.6513431] 3.0876973 1.0173349 0.91831535 0.79576683
[894, 0.5461631, 0.9986905, 6.1670513, 0.53241515] 2.7560575 1.2535294 0.8453292 0.8477534
[895, 0.48953432, 1.0202934, 6.193812, 0.25273103] 2.9036252 1.171622 0.9990728 0.8026789
[896, 0.5252715, 0.98384655, 6.3966503, 0.39221457] 2.6160512 1.0997145 0.8496832 0.89175075
[897, 0.51503396, 1.016039, 6.4276805, 0.29107133] 2.7414663 1.1172776 0.9033015 0.96134007
[898, 0.53158617, 1.0137256, 4.3235536, 0.7015703] 3.0650682 1.0243548 0.984276 0.7820655
[899, 0.54553556, 1.0094676, 5.17714, 0.28076774] 2.9901197 1.2769716 0.8672302 0.9027555
[900, 0.5131393, 1.0222151, 6.232252, 0.32096875] 2.6279955 1.1211376 1.0240949 1.2146152
[901, 0.5563716, 0.97603184, 5.42197, 0.66901857] 2.4954088 1.201988 0.9212602 0.880356
[902, 0.57024145, 0.97191006, 5.8340197, 0.2870062] 2.7239234 1.2482842 0.8508133 1.065164
[903, 0.5090662, 1.0246022, 2.479541, 0.9447367] 3.357583 1.0052421 0.94472086 0.91191846
[904, 0.5039195, 1.0215602, 4.05379, 0.87913173] 2.96716 1.1495503 0.92477053 0.6816958
[905, 0.65853864, 0.877263, 5.1648126, 0.40156034] 2.617436 1.2303869 0.8482601 1.0993838
[906, 0.5812184, 0.97844803, 4.5798407, 0.4723246] 2.977007 1.1773973 0.9764006 0.8171926
[907, 0.5573122, 0.9612323, 6.92619, 0.39057863] 2.3616424 1.1835967 1.1208001 0.9781048
[908, 0.4797486, 1.0354133, 6.6605883, 0.19959469] 2.5905268 1.28203 0.956292 0.9293256
[909, 0.45332077, 1.0614179, 4.4959106, 0.7735325] 2.778122 1.1735111 0.9530167 0.8103684
[910, 0.3796518, 1.1182913, 5.8772607, 0.5785823] 2.6836627 1.1915805 1.0100385 0.9346958
[911, 0.408802, 1.0988, 5.0926456, 0.34040737] 3.085955 1.1716679 0.9257213 0.85792214
[912, 0.4888145, 1.0454736, 5.2426667, 0.46120512] 2.9358473 1.1386572 0.93944514 1.0091832
[913, 0.45633975, 1.022379, 5.5946765, 0.34664685] 2.5137305 1.2970684 0.9557212 0.9292672
[914, 0.53818494, 1.009904, 5.716164, 0.5588958] 2.708543 1.2481226 0.92199945 0.90135515
[915, 0.51599264, 1.0083507, 6.3354774, 0.37524325] 2.7395947 0.94538355 0.9317001 0.93496215
[916, 0.47985274, 1.0379567, 6.2441444, 0.4378477] 2.606292 1.1497719 1.0329897 1.1229926
[917, 0.47762674, 1.0473299, 5.3361025, 0.32742456] 2.984273 1.184962 0.95291495 0.8050308
[918, 0.54314184, 0.9824023, 7.2049713, 0.23943435] 2.7570155 1.0931005 0.98432755 0.9568422
[919, 0.55027556, 0.97408134, 5.6362247, 0.4829437] 2.738285 1.1667578 0.8843533 0.92156875
[920, 0.5127766, 1.0094212, 4.492569, 0.61581457] 2.736068 1.1459801 0.9545975 1.0528512
[921, 0.50968087, 1.0409566, 5.1447587, 0.63316166] 2.7769332 1.2093573 0.9545471 0.9893945
[922, 0.55861723, 0.96010005, 5.7427626, 0.12713815] 2.879506 1.1125895 0.93272007 0.814588
[923, 0.50768256, 1.0467248, 5.2161026, 0.4077622] 2.750335 1.251859 0.96151006 1.0637249
[924, 0.50436217, 1.0277344, 5.1638126, 0.6036977] 2.8474896 1.2912352 1.0398549 0.8142113
[925, 0.53152096, 1.0150535, 5.582301, 0.38651404] 2.8113353 1.0700777 0.83074135 1.1403246
[926, 0.32903144, 1.1159068, 5.770858, 0.33283275] 2.848595 1.0900817 0.875161 0.99103737
[927, 0.53021854, 1.0032344, 7.3416715, 0.36009791] 2.8081021 1.2763308 0.8578891 0.71761745
[928, 0.4638586, 1.0662134, 4.727065, 0.33379188] 2.713109 1.3882766 0.99696344 0.96123695
[929, 0.50930613, 1.0270339, 3.637527, 0.84375465] 3.0089383 1.1624149 1.0422946 0.94091916
[930, 0.5838572, 0.97476876, 5.283537, 0.6080345] 2.9218686 1.2332904 0.8590652 0.6821296
[931, 0.5421138, 0.9815749, 5.6718, 0.5881588] 2.771282 1.0289775 0.97645324 0.83927464
[932, 0.46622422, 1.0511186, 6.611501, 0.29674697] 2.8095348 1.2624581 0.96857315 0.9345456
[933, 0.4430949, 1.0594903, 4.839027, 0.45341793] 2.9563928 1.0207648 1.0093868 0.89353955
[934, 0.44976205, 1.070391, 4.2972937, 0.62006044] 2.8570437 0.99929917 0.8430799 1.0508279
[935, 0.5353272, 0.9973413, 6.673802, 0.27954498] 2.8584104 1.0928245 0.8700621 0.81416726
[936, 0.47875994, 1.0476831, 5.2040954, 0.46057546] 2.790974 1.0117611 0.93382496 0.9708798
[937, 0.5327143, 1.0098857, 4.9129963, 0.63657606] 2.9834237 1.1990186 0.94531643 0.7745568
[938, 0.47025013, 1.0566239, 5.1750584, 0.38761002] 2.9442718 1.2281618 0.87112826 0.84173256
[939, 0.52267873, 0.9915862, 6.8623943, 0.22743538] 2.71821 1.0746491 0.9340748 0.8533751
[940, 0.45100388, 1.0610459, 5.0633636, 0.47526038] 2.8086824 1.2888026 0.88317347 0.84251904
[941, 0.51298124, 1.023356, 7.821116, 0.29061416] 2.6508443 1.2071409 1.0063763 0.9680454
[942, 0.42942998, 1.0436904, 6.1142707, 0.3125648] 2.5461237 1.2085177 1.0452819 0.99973875
[943, 0.5200204, 1.0102589, 5.937664, 0.28855932] 2.6299343 1.0744145 0.95825 0.9093725
[944, 0.47369134, 1.0453637, 4.183631, 0.50807714] 2.9710495 1.1373954 0.9850802 0.9008797
[945, 0.5054794, 1.0224032, 5.2113705, 0.48510942] 2.7166576 1.1471112 1.0470331 0.9725483
[946, 0.50495636, 1.0317034, 3.0333478, 0.8454671] 3.2916412 1.1886798 0.8205249 0.7829063
[947, 0.47833452, 1.0565006, 7.1420493, 0.5956303] 2.616277 1.1193677 0.97675556 0.8625922
[948, 0.57431, 0.9593587, 4.539153, 0.6203822] 2.8557057 1.0733349 0.9396847 0.8582445
[949, 0.5671069, 0.96362615, 5.6942806, 0.3011779] 2.667115 1.0385088 1.020994 0.9153418
[950, 0.58173424, 0.9523437, 5.6043553, 0.57050264] 2.6924043 1.0484241 0.7801136 1.0949419
[951, 0.6257139, 0.902801, 5.3516173, 0.64822227] 2.4544916 1.2973374 0.8587755 0.7661745
[952, 0.448763, 1.0694611, 5.913479, 0.3318416] 2.9510329 0.9586665 0.87566215 0.8714696
[953, 0.44321933, 1.0816091, 5.560348, 0.5351712] 2.8115208 1.061171 0.96102977 0.9959932
[954, 0.47958612, 1.0479884, 4.565614, 0.3716187] 3.1501513 1.2424375 0.8733179 0.8003554
[955, 0.48272693, 1.0462809, 7.239984, 0.4709689] 2.8267322 1.1519833 0.97875637 0.8160912
[956, 0.4670933, 1.0459969, 5.521999, 0.3509934] 2.6942797 1.2383089 0.98625547 0.9093664
[957, 0.5057748, 1.0252211, 6.149009, 0.48671842] 2.6647613 1.0179483 1.0821041 0.9743854
[958, 0.51564074, 1.0039514, 5.5571117, 0.47602686] 2.6184812 1.2047374 1.0148894 0.82122314
[959, 0.5657732, 0.99472296, 4.1886153, 0.40114903] 3.014872 1.3309318 0.89416975 0.87180513
[960, 0.5511503, 0.9670549, 6.370939, 0.2886358] 2.1978223 1.3247762 1.0868783 1.021442
[961, 0.54474866, 0.9846719, 5.6730294, 0.46650612] 2.601014 1.1528177 1.0568105 1.0720369
[962, 0.51916033, 1.022917, 4.7851515, 0.61898714] 2.7016597 1.1673661 0.9602777 0.80943567
[963, 0.49463505, 1.0330658, 5.6931252, 0.33928934] 2.545574 1.375565 0.9477995 1.1551572
[964, 0.47538203, 1.088892, 3.3896987, 0.73959607] 3.3150797 1.2793918 1.0019217 0.6416087
[965, 0.38226804, 1.1033275, 5.5985, 0.2774036] 2.8113933 0.99684435 0.89439785 1.1464013
[966, 0.51772475, 1.015346, 6.083471, 0.35833457] 2.8639765 1.0848416 0.89209586 0.7850059
[967, 0.48580337, 1.058301, 3.4954536, 0.726939] 3.1217134 1.1186918 0.8952763 0.97178245
[968, 0.41388544, 1.0909556, 4.366497, 0.6994553] 2.8116162 1.2616514 0.98057836 0.99112666
[969, 0.63660496, 0.916629, 6.12228, 0.52377975] 2.7992406 1.1701312 1.015225 0.7642812
[970, 0.53544456, 0.9947665, 5.412955, 0.27216515] 2.9684927 1.1069318 0.96920216 0.75531304
[971, 0.47740832, 1.0494981, 6.0145674, 0.41066894] 2.8613143 1.0985907 1.034909 0.9315809
[972, 0.62321657, 0.9221315, 6.1108804, 0.49682382] 2.8908474 1.0177827 0.98198587 0.9220519
[973, 0.55796605, 0.97948885, 6.057661, 0.3961658] 2.3843496 1.196084 1.0985525 0.9852499
[974, 0.46751347, 1.0445795, 6.8970604, 0.23394424] 2.9017665 1.0463918 0.93076706 0.8610322
[975, 0.47982335, 1.0329555, 5.404316, 0.23187403] 2.880771 1.1682577 0.94741094 0.9108913
[976, 0.42752662, 1.072533, 4.378803, 0.517405] 2.7917569 1.1894459 0.9300719 0.9991697
[977, 0.4711876, 1.0337225, 3.9278107, 0.42815468] 2.944972 1.2556167 0.98953277 1.0527414
[978, 0.54172796, 0.97395897, 6.5361586, 0.21676147] 2.5200753 1.1620432 1.0014333 1.0733072
[979, 0.53071386, 0.9962556, 5.08356, 0.67390543] 2.6377127 1.1731889 0.95561254 0.77272147
[980, 0.47447318, 1.0403979, 5.0630503, 0.6864754] 3.005268 1.1361797 0.8793511 0.9341058
[981, 0.48731527, 1.0156124, 6.092983, 0.2609865] 2.7694526 1.0365657 0.8492401 1.0009589
[982, 0.6375243, 0.892422, 5.8522587, 0.4682594] 2.2946334 1.3085905 0.98408884 1.0083661
[983, 0.5926189, 0.94348353, 7.064397, 0.25157645] 2.806861 1.063353 0.94339466 0.7389214
[984, 0.45167792, 1.0701331, 4.594118, 0.47510755] 2.9784453 1.0970145 1.0161862 0.8720049
[985, 0.6142383, 0.9455779, 6.16842, 0.6450617] 2.8151388 1.198502 0.8776829 0.71766186
[986, 0.4914134, 1.0075523, 3.7257993, 0.4233933] 2.9957576 1.0513176 0.92833006 0.8179443
[987, 0.4865198, 1.0313904, 5.8977547, 0.3332339] 2.837939 1.2630845 0.98030245 0.8898659
[988, 0.49932328, 1.0333636, 4.1751924, 0.6116794] 2.9740663 1.1379626 0.85077715 0.98978555
[989, 0.6133745, 0.9091103, 6.587791, 0.32401603] 2.538165 1.1521457 1.0472491 0.8135674
[990, 0.5741394, 0.96815443, 5.9252043, 0.44844925] 2.6382873 1.1735646 0.92574 0.91836804
[991, 0.56917644, 0.97988415, 5.2996054, 0.2592446] 2.7790039 1.0979602 1.0690178 0.80769676
[992, 0.464902, 1.0580643, 3.8391583, 0.59616923] 3.1518104 1.1891834 0.7994282 0.8840387
[993, 0.5190478, 1.0001878, 4.018288, 0.47314307] 3.1191726 1.0433928 0.8980547 0.7878828
[994, 0.4134917, 1.0777186, 7.23223, 0.18524216] 2.7355866 1.3140444 0.9814464 0.76749915
[995, 0.47052065, 1.0663819, 4.90653, 0.46214026] 2.8952436 1.1993334 0.9675067 0.78520983
[996, 0.4539008, 1.0658343, 3.7393181, 0.9151981] 2.927756 1.0769604 1.0049251 0.95106167
[997, 0.443919, 1.0634196, 5.3060756, 0.39355534] 2.8933055 1.1606159 0.95640653 0.8630858
[998, 0.6036394, 0.9215634, 6.5870924, 0.23994094] 2.329647 1.2601476 0.90918314 0.89512813
[999, 0.5375497, 1.008246, 5.853504, 0.4164134] 2.9747093 1.1567261 1.0343804 0.6790543
[1000, 0.4696185, 1.0280575, 7.1679034, 0.32572487] 2.7190614 0.98477536 0.9738484 1.0307183
[1001, 0.43456617, 1.0793471, 4.549262, 0.47931987] 2.9895144 1.1245494 1.0474086 0.95356464
[1002, 0.57606715, 0.96002233, 5.2802315, 0.41673622] 2.8247552 1.1537263 0.9535422 0.81372297
[1003, 0.55445075, 0.9794607, 6.2234774, 0.3445051] 2.7227619 1.2038457 0.8806145 0.99938995
[1004, 0.6008192, 0.911874, 6.698992, 0.29067022] 2.2688692 1.2058266 0.9988495 0.93521625
[1005, 0.45288432, 1.0544885, 5.349615, 0.30759108] 2.9792497 1.0645208 0.9392829 0.8651919
[1006, 0.53222144, 0.99826103, 5.255996, 0.3262346] 2.8884735 1.211268 0.98818666 0.8609379
[1007, 0.48168787, 1.0373101, 4.7213025, 0.32226187] 3.0437868 1.0974048 1.0246432 0.8704579
[1008, 0.49043456, 0.99170774, 6.724011, 0.07259884] 2.4335938 1.1792845 1.0952711 0.9513969
[1009, 0.5889369, 0.93981594, 6.2822895, 0.42528567] 2.4385521 1.0855194 1.021909 1.1063294
[1010, 0.55289096, 0.99174124, 4.5481324, 0.56805503] 3.0595589 1.1667782 1.0727452 0.6422962
[1011, 0.6244095, 0.8824871, 6.2845807, 0.4722719] 2.3949933 1.1933374 0.9543063 0.8644969
[1012, 0.52056015, 1.0138265, 5.1967926, 0.47877327] 2.9502425 1.1410117 0.85981846 0.99164504
[1013, 0.45064005, 1.0573623, 5.004181, 0.40518045] 2.8819578 1.1418787 0.9928298 0.9304152
[1014, 0.50564766, 1.0286925, 5.7721887, 0.29002464] 2.8764045 1.1648483 1.0635198 0.8707269
[1015, 0.5073576, 1.0139506, 5.9229555, 0.38290623] 2.8967748 1.048138 0.79993004 0.9579191
[1016, 0.54335636, 1.0103297, 6.7311954, 0.4295642] 2.7347414 1.2112485 0.9784914 0.94173676
[1017, 0.42607278, 1.0802906, 5.521283, 0.27351314] 2.8851545 1.2132945 0.9477726 0.92614144
[1018, 0.49688807, 1.0290017, 4.8053007, 0.8158668] 2.808619 1.0272105 1.0220813 0.8794709
[1019, 0.56481814, 0.98432934, 7.461, 0.4436775] 2.3554995 1.2626839 0.90885395 1.0797433
[1020, 0.41165146, 1.0734919, 4.657085, 0.47382775] 2.9365773 0.98768985 0.9003243 0.9467352
[1021, 0.39205945, 1.1121007, 3.5184937, 0.95925844] 3.1190326 1.0493093 0.98506236 0.98864144
[1022, 0.55341804, 0.96978, 6.220864, 0.303719] 2.7633772 1.1177223 0.9408209 0.92232543
[1023, 0.5428022, 0.99286014, 5.489446, 0.7562161] 2.4886658 1.1286072 0.8225563 1.0614882
[1024, 0.39847884, 1.0535756, 5.5662003, 0.16602412] 2.9696755 1.0702344 0.91798764 0.86643213
[1025, 0.55871457, 0.97657305, 4.6774697, 0.4177646] 2.8542602 1.1091257 0.9564747 0.6594023
[1026, 0.43540767, 1.0648131, 5.858693, 0.3491512] 2.8788955 1.0214072 1.0100683 0.8283691
[1027, 0.41839817, 1.0640589, 5.5399246, 0.5040503] 2.732378 1.23686 0.9341052 1.0146596
[1028, 0.48754135, 1.0272915, 5.2562113, 0.46574223] 2.9954853 0.9390155 0.90299445 0.8562287
[1029, 0.5010619, 1.0157486, 6.7576613, 0.3439809] 2.422711 1.2035338 1.1242132 1.0825536
[1030, 0.49832305, 1.0058486, 8.981952, 0.40982074] 2.6329873 1.2006649 0.98253304 0.7904911
[1031, 0.555003, 0.97646064, 6.351203, 0.3943799] 2.781503 1.25726 1.0171337 0.69988316
[1032, 0.58119076, 0.96841663, 6.2186146, 0.6740923] 2.7229707 1.1976752 1.0201793 0.79111964
[1033, 0.46325487, 1.0656991, 4.2431846, 0.9308813] 3.0794508 0.93345577 1.021959 0.94743305
[1034, 0.52695376, 1.00853, 5.297914, 0.6106115] 2.913964 0.87267345 0.99741644 0.91559213
[1035, 0.5670191, 0.96885747, 4.131347, 0.5872055] 2.8469815 1.0473342 0.9710339 0.8781845
[1036, 0.4933712, 1.0370895, 4.855515, 0.46848348] 3.0106428 1.1816453 0.9057955 0.8506945
[1037, 0.5044214, 1.0370793, 4.8845973, 0.4778121] 2.7751837 1.2026802 0.812842 0.9788616
[1038, 0.47396097, 1.0432874, 5.6318994, 0.4690517] 2.7642195 1.069074 1.0007374 0.881909
[1039, 0.3868483, 1.1152453, 2.741835, 0.8011989] 3.3897016 1.1871015 0.84495276 0.84878945
[1040, 0.4814868, 1.0206337, 6.248495, 0.33695468] 2.7310593 1.1214305 0.85446393 0.9189703
[1041, 0.5397429, 0.9924834, 6.5540566, 0.19415325] 2.8363416 1.1451929 0.85751253 0.92539775
[1042, 0.4339072, 1.0759656, 4.5039515, 0.4473722] 2.8355439 1.2942005 0.95398164 0.8848531
[1043, 0.7261855, 0.7765931, 6.647327, 0.4007665] 2.2880976 1.2900594 0.9393782 0.9995782
[1044, 0.50184333, 1.0175952, 7.36885, 0.20453955] 2.6508658 1.0690072 1.0363787 0.8714879
[1045, 0.44599506, 1.0699733, 4.959571, 0.8216466] 2.8920186 1.1939254 0.8389272 1.0343194
[1046, 0.44254547, 1.0673473, 4.9916215, 0.49018723] 2.8578827 1.1505984 0.87751406 0.84867305
[1047, 0.5768704, 0.95305455, 5.9094005, 0.42534944] 2.3902206 1.0600185 0.9935965 1.0829703
[1048, 0.49912837, 1.0275438, 6.253406, 0.28566688] 2.622094 1.08808 0.95508564 1.056223
[1049, 0.39812872, 1.0865219, 4.795438, 0.52577037] 2.6751268 1.2454602 0.9690707 0.9873879
[1050, 0.48951656, 1.0383466, 3.3467817, 0.71840245] 3.286142 0.99033415 0.8540935 0.9342088
[1051, 0.49360996, 1.0480678, 5.202349, 0.6946859] 2.947606 1.0735829 0.9363926 0.7712481
[1052, 0.513098, 1.0289673, 4.7988224, 0.30913374] 2.917367 1.3012888 0.9944936 0.92428535
[1053, 0.46212432, 1.0244434, 7.588118, 0.37523225] 2.545085 1.1258512 1.027113 0.9568441
[1054, 0.50971705, 1.021165, 5.0340843, 0.5152776] 3.0093298 1.0959034 0.826059 0.82399017
[1055, 0.5256667, 1.0020694, 5.2340117, 0.45263293] 2.6620462 1.3765689 0.92506903 0.7310382
[1056, 0.5150607, 1.0055369, 6.2880983, 0.27363887] 2.674869 1.0558181 0.99028605 1.0546529
[1057, 0.49333146, 1.0556479, 4.2591968, 0.53118753] 2.817806 1.2596501 0.934277 1.080167
[1058, 0.516114, 1.0197619, 3.1942163, 0.7875816] 3.385738 1.1339129 0.88463676 0.68429387
[1059, 0.49918655, 1.0303249, 5.9071765, 0.24706528] 2.835398 1.1908644 0.82925224 0.99784535
[1060, 0.48727965, 1.0566514, 3.8766444, 0.61241496] 3.108923 1.0928655 0.90772575 0.9173744
[1061, 0.51346916, 1.0266746, 6.7828193, 0.27146983] 2.690792 1.1553943 0.93190694 0.9124964
[1062, 0.48598802, 1.053309, 5.7148128, 0.43731424] 2.8420632 1.1233186 0.92202854 0.92826045
[1063, 0.4700169, 1.0551071, 4.51068, 0.40464276] 2.935987 1.247299 0.94769764 0.81931055
[1064, 0.6248406, 0.8880789, 4.6908364, 0.5106201] 2.4608305 1.0649321 0.9227476 0.93723214
[1065, 0.48775274, 1.033521, 5.1443686, 0.5237997] 2.667659 1.1300676 0.9109831 1.0338814
[1066, 0.5501813, 0.9752505, 6.820448, 0.24463059] 2.5837352 1.2582705 0.91406393 0.87192684
[1067, 0.4827212, 1.0475343, 4.7335186, 0.48980892] 2.8482163 1.3630455 0.84294474 0.7698849
[1068, 0.5300397, 1.0147588, 4.8452606, 0.4262593] 2.8816278 1.0969073 0.98562604 0.98253214
[1069, 0.5134932, 0.99756885, 6.548686, 0.21102372] 2.747061 0.9664048 0.9851621 0.8651779
[1070, 0.50154054, 1.0087808, 5.597115, 0.20867394] 2.822088 1.242549 1.0173718 0.7721894
[1071, 0.5123884, 0.9867957, 4.440358, 0.6332025] 2.5587785 1.1389863 0.93649846 0.95531744
[1072, 0.5474196, 0.96916026, 5.9301386, 0.15466857] 2.8866081 1.108485 0.8998594 0.79083043
[1073, 0.5223021, 0.9991265, 5.890289, 0.24650982] 2.8701048 1.0296971 1.0955604 0.8473136
[1074, 0.48113433, 1.014647, 6.4562125, 0.23818639] 2.6004393 1.1562226 0.92970705 0.87808514
[1075, 0.57289976, 0.9622147, 5.0600686, 0.44848776] 2.7741044 1.0446944 1.0022724 1.0664752
[1076, 0.49972227, 1.0296592, 7.048763, 0.41505688] 2.6623354 1.1934898 0.77865887 0.9255945
[1077, 0.5105418, 1.0303905, 5.324287, 0.3842069] 2.8935494 1.1737987 0.9559713 0.89438623
[1078, 0.469356, 1.02391, 6.716264, 0.14862324] 2.7857783 1.0543728 0.9876258 1.0567664
[1079, 0.48566416, 1.0462856, 5.7341466, 0.42920524] 2.8407912 1.1510189 1.105408 0.9544491
[1080, 0.58573186, 0.95919025, 6.113755, 0.4795309] 2.598334 1.3252972 0.8215597 0.92439175
[1081, 0.514669, 1.0344496, 4.235173, 0.8729322] 2.7327018 1.318446 0.958237 0.92331505
[1082, 0.6084959, 0.9123111, 6.478996, 0.27692685] 2.6668956 1.0227815 1.0310069 0.85422385
[1083, 0.4896615, 1.0397823, 6.2563467, 0.34263122] 2.9137487 1.10574 0.8740729 0.9831026
[1084, 0.47008714, 1.0437906, 3.6940854, 0.78209656] 3.0647962 1.0911956 0.9722794 0.82413256
[1085, 0.5000866, 1.054852, 6.1860304, 0.25451168] 2.7547445 1.2991632 0.9574959 0.98979235
[1086, 0.42669418, 1.0576124, 5.1371803, 0.22205804] 2.8260808 1.2069154 0.9173838 1.0188951
[1087, 0.5147828, 1.0084033, 5.901972, 0.31109792] 2.816625 1.0355773 0.8734108 1.0234005
[1088, 0.46016523, 1.0601127, 5.787173, 0.571877] 2.7221212 1.1740512 0.9285715 0.9525903
[1089, 0.5077248, 1.0022074, 6.3151846, 0.28379306] 2.444436 1.0854782 1.1350605 1.040609
[1090, 0.58027774, 0.9608705, 5.6861625, 0.73523396] 2.3817184 1.221447 1.0013676 0.8447674
[1091, 0.56086487, 0.9726846, 5.9742994, 0.61247617] 2.696027 1.1107606 0.7824069 0.82749987
[1092, 0.40318453, 1.0976045, 4.501782, 0.5057783] 3.0853245 1.0487467 0.8569821 0.9126302
[1093, 0.49610412, 1.0542741, 4.506203, 0.41161776] 3.0703857 1.1669855 0.92330027 0.9275933
[1094, 0.51013166, 1.0287561, 7.0395203, 0.4520457] 2.6459122 1.1600125 0.8942504 1.0421423
[1095, 0.47846723, 1.047743, 5.7237606, 0.43853387] 2.7560632 1.090184 1.0950773 0.9787924
[1096, 0.48611996, 1.0586854, 5.327604, 0.42928487] 2.8251388 1.1573774 1.000552 1.1548995
[1097, 0.49329126, 1.0341412, 4.030631, 0.7363276] 3.2851405 0.9663783 0.85525197 0.79157364
[1098, 0.45614368, 1.0596654, 5.5327263, 0.4177954] 2.945468 1.1335659 0.9695262 0.91532695
[1099, 0.44836435, 1.0591066, 5.3886657, 0.6101973] 2.5326803 1.2419306 1.0184013 0.9403043
[1100, 0.5368699, 0.98868316, 5.40619, 0.34788945] 2.631188 1.1297207 0.9705441 0.97528654
[1101, 0.4851205, 1.0372385, 3.552275, 0.82722807] 3.0071478 1.0878167 1.013316 1.056171
[1102, 0.40301612, 1.0543461, 6.1659365, 0.06780623] 2.6051676 1.1351516 1.0548867 0.9513645
[1103, 0.60224724, 0.9399002, 5.491274, 0.55269986] 2.5472238 1.1818076 0.90676445 1.1107268
[1104, 0.54351574, 1.0032363, 3.939333, 0.91636384] 3.1970055 1.1661934 0.88555056 0.7446641
[1105, 0.57295597, 0.96055907, 5.0914474, 0.41306615] 2.7877371 1.2020534 0.78959566 0.71976036
[1106, 0.5391187, 1.0040275, 5.067396, 0.49213135] 2.87355 1.3583552 0.9045332 0.76626277
[1107, 0.55815464, 0.9849601, 5.134394, 0.5025705] 2.497393 1.0587716 0.9970315 1.1398495
[1108, 0.47070792, 1.0581042, 5.036075, 0.3592299] 2.9056818 1.1871914 1.002235 0.97567505
[1109, 0.4826986, 1.029431, 6.091865, 0.41623944] 2.6776042 0.98649794 1.0053346 1.0296985
[1110, 0.5082305, 1.0244137, 4.967733, 0.35505635] 2.9759204 1.1174787 0.93297935 0.97433054
[1111, 0.5447106, 1.0200737, 2.7289174, 0.98149806] 3.2161794 1.2366216 0.9326406 0.93127924
[1112, 0.52031326, 1.0350422, 5.745755, 0.85382533] 2.6301968 1.1795368 0.97373056 0.94070166
[1113, 0.64482075, 0.886877, 6.251473, 0.39603215] 2.5974574 1.0992107 0.9618266 0.8519648
[1114, 0.499426, 1.0514283, 3.0422578, 0.94248235] 3.0494854 1.0785452 0.9849536 1.0736126
[1115, 0.44887006, 1.0650946, 4.07484, 0.6460946] 3.0532598 1.0642451 0.8491383 1.0529337
[1116, 0.55595046, 0.98391443, 6.289169, 0.20099251] 2.5888207 1.2009468 1.0404499 1.0237778
[1117, 0.5061538, 1.0119429, 5.4254417, 0.29519042] 2.9771347 1.1214138 0.91001433 0.91375184
[1118, 0.51453733, 1.038824, 4.7570653, 0.5532483] 2.808253 1.1185462 1.0781456 1.0422666
[1119, 0.5520621, 0.9728107, 5.0268645, 0.4736012] 2.7133765 1.2084934 0.8809646 0.8921769
[1120, 0.480924, 1.0517832, 5.8721485, 0.2617285] 3.0596426 1.0568227 0.86935896 0.86703825
[1121, 0.43397465, 1.0843911, 4.4656224, 0.9280042] 2.806033 1.1462215 1.0012751 1.1415308
[1122, 0.5269341, 1.0081605, 5.152399, 0.5248981] 2.5527568 1.2443898 1.0372807 0.8512203
[1123, 0.4051432, 1.0912682, 5.5843177, 0.40330094] 2.8789136 1.105851 0.93724513 0.9614951
[1124, 0.5430219, 0.9842478, 6.6642528, 0.34117344] 2.6114786 1.1194763 0.8995872 0.87243223
[1125, 0.54074603, 0.9924468, 4.621297, 0.3067702] 2.8953068 1.3652006 0.9391362 0.95798314
[1126, 0.3840864, 1.0894741, 4.7416573, 0.40897298] 3.1315143 1.0864947 0.9289067 0.83730495
[1127, 0.51789534, 1.0337201, 3.3766446, 0.7796478] 3.166976 1.3487035 0.9123388 0.8768805
[1128, 0.51451, 1.0327321, 3.490424, 0.7375199] 3.0253038 1.1064091 1.03712 1.1167568
[1129, 0.52608156, 0.9890857, 5.93876, 0.25047863] 2.819445 1.0081006 0.89844 0.855157
[1130, 0.55946565, 0.97011423, 7.5070558, 0.21569882] 2.7524898 1.2272784 0.89087105 0.7566825
[1131, 0.6091068, 0.9488289, 5.8184624, 0.32623664] 3.0076184 0.9966483 0.9658571 0.7539322
[1132, 0.54976124, 0.9854934, 5.0149183, 0.8942231] 2.5717733 1.0819232 0.9590273 0.97289914
[1133, 0.59588456, 0.93472594, 6.285005, 0.2691033] 2.4888945 1.2667323 0.9927861 0.86693656
[1134, 0.58245003, 0.9553444, 6.2352886, 0.75611806] 2.5492182 1.1720066 0.93957293 0.9339924
[1135, 0.56771785, 0.953977, 7.1345882, 0.14254701] 2.57368 1.1266085 0.98371935 0.9660566
[1136, 0.47365126, 1.0445718, 5.6951404, 0.67120075] 2.6042352 1.1285286 0.97794896 0.93496215
[1137, 0.58269876, 0.9685858, 5.3229437, 0.5854323] 2.7326007 1.0442774 0.90138674 0.78271174
[1138, 0.39194334, 1.1143929, 4.4213724, 0.7215632] 2.9941728 0.9897818 1.0292037 1.2300012
[1139, 0.5015423, 1.0241205, 5.854669, 0.32010794] 2.9599376 1.237362 0.86915416 0.63344365
[1140, 0.4501244, 1.073962, 5.18879, 0.7544727] 2.8614776 1.2280122 0.97717 0.8252567
[1141, 0.5199458, 1.0101619, 7.346954, 0.29978785] 2.7034175 1.0351421 0.9079413 1.0909358
[1142, 0.4780419, 1.0557407, 5.3664036, 0.4304868] 2.8746364 1.2120556 0.9286865 0.79110354
[1143, 0.45569664, 1.0604982, 5.094417, 0.36660025] 2.6637177 1.320225 0.93031293 1.0566179
[1144, 0.5634412, 0.9606352, 4.216681, 0.6191471] 3.1872172 1.026617 0.98663056 0.73733187
[1145, 0.5492002, 0.9896353, 5.20724, 0.24911569] 2.8646116 1.03078 0.9163488 1.1472638
[1146, 0.49146754, 1.0205986, 4.816702, 0.41535547] 2.5022647 1.167042 1.0750577 0.87351304
[1147, 0.49651206, 1.0257589, 4.774026, 0.28350735] 3.0789096 1.1399614 0.9881272 0.8981409
[1148, 0.41766727, 1.0911058, 5.964814, 0.31900436] 2.9293134 1.1336722 1.0034714 0.86137426
[1149, 0.43353838, 1.0700264, 5.1930957, 0.41552877] 2.8495047 1.1963406 1.025101 0.9711488
[1150, 0.60241586, 0.9469371, 6.1761417, 0.64995927] 2.5466368 1.2385062 0.94414455 0.88104045
[1151, 0.48556048, 1.0552359, 5.5904756, 0.40031564] 2.7280626 1.1747826 0.9992189 0.9861036
[1152, 0.6366181, 0.9112492, 6.7910395, 0.26103458] 2.7873125 1.2017741 0.92405 0.73539335
[1153, 0.51600134, 1.0306603, 4.4573107, 0.56885237] 3.0417268 1.1360246 0.84664166 0.8581877
[1154, 0.48012215, 1.0678823, 3.326597, 0.86020005] 3.4167407 1.0100077 0.89446455 0.65864676
[1155, 0.49467635, 1.0483307, 4.591442, 0.59214705] 2.8223631 1.1053841 1.0390656 1.1698585
[1156, 0.56887245, 0.976884, 5.0958266, 0.94028276] 2.5893517 1.1358533 1.071487 0.87835485
[1157, 0.4308577, 1.0667707, 4.544615, 0.49814725] 3.0209005 1.0772961 0.97582114 0.86905444
[1158, 0.549987, 1.0055132, 3.5480494, 0.6599463] 2.9386063 1.3178482 0.98717684 0.99276626
[1159, 0.4989936, 1.0153843, 6.0337963, 0.38967153] 2.70949 1.0871145 0.9806271 1.0706176
[1160, 0.6114994, 0.9148439, 5.442181, 0.59575593] 2.4625971 1.1039933 0.9812158 0.8755671
[1161, 0.5281966, 0.9949964, 5.0183992, 0.3981784] 3.0163884 0.9704873 0.7860375 0.8226939
[1162, 0.5019315, 1.009881, 4.9707146, 0.37623796] 2.8916204 1.1833004 0.97921675 0.99083865
[1163, 0.54692465, 1.0007068, 5.2864532, 0.35484138] 2.7047048 1.3699502 1.0250667 0.7475306
[1164, 0.45197123, 1.0715841, 5.26334, 0.66434354] 2.7779295 1.1576211 1.0277466 0.9325947
[1165, 0.58250374, 0.9441009, 7.6026235, 0.28305587] 2.5031428 1.072919 0.9091703 0.9867643
[1166, 0.4278373, 1.0768458, 6.1535006, 0.29000664] 2.873901 1.1015445 0.90267956 0.8755066
[1167, 0.5067177, 1.0185674, 5.651649, 0.31837267] 2.9104118 1.0856113 0.75044686 0.64504784
[1168, 0.5659474, 0.9624581, 6.6739397, 0.17623948] 2.9641273 1.0901657 0.9879027 0.7048841
[1169, 0.5328519, 1.005591, 4.8960323, 0.4366344] 2.7376122 1.3043115 0.98718756 0.7853262
[1170, 0.43611446, 1.0600071, 5.6021028, 0.26363137] 2.7478666 1.4103259 0.85837626 1.0622532
[1171, 0.45624924, 1.0566125, 3.905464, 0.48948637] 2.7912312 1.3491838 0.8871918 0.9089708
[1172, 0.64789814, 0.8854373, 5.334943, 0.48878905] 2.724766 1.1327666 0.9239805 0.7349152
[1173, 0.49128473, 1.0476589, 5.9547544, 0.5560728] 2.5981078 1.1503003 1.0174248 1.0643156
[1174, 0.50761235, 1.0249577, 5.8190227, 0.35657588] 2.8029144 1.0742189 0.97925407 0.9119077
[1175, 0.46373615, 1.0561475, 6.130437, 0.25713128] 2.7068598 1.2131784 1.0743419 0.93487626
[1176, 0.567779, 0.96510017, 6.6083403, 0.23592937] 2.7287557 1.185233 0.88311887 0.981044
[1177, 0.47619176, 1.0572186, 3.7294579, 0.6946459] 3.1540966 1.1680012 0.9874641 0.79630315
[1178, 0.5137113, 1.0188829, 5.3376427, 0.31689504] 2.7534564 1.1364326 1.0471722 1.1549839
[1179, 0.47268885, 1.0458966, 4.887186, 0.6079956] 2.6760643 1.1280159 0.94407064 0.92036986
[1180, 0.5736023, 0.97519135, 5.0769525, 0.44526199] 3.0785558 1.1025301 0.91743505 0.82777166
[1181, 0.5359667, 0.9900716, 6.66629, 0.40467688] 2.6815152 1.040694 1.0049781 0.90986776
[1182, 0.5263858, 1.00139, 5.3989186, 0.544125] 2.5899615 1.2428176 0.81747586 1.0145061
[1183, 0.46316364, 1.0337285, 4.812567, 0.36951172] 2.867654 1.0226374 0.9468278 1.0580369
[1184, 0.42035338, 1.0728786, 5.7092714, 0.24157642] 2.876705 1.039717 0.9652393 0.98812866
[1185, 0.5744458, 0.9498455, 4.4868956, 0.7084127] 2.585109 1.2296622 0.8959815 0.9443108
[1186, 0.51388365, 1.0332197, 5.5393715, 0.38632512] 2.7177484 1.3114738 1.0806043 0.91619873
[1187, 0.42239013, 1.095691, 3.3524413, 0.8240511] 3.3454592 1.1634405 0.8958298 0.80648875
[1188, 0.55295426, 0.99149776, 5.5549917, 0.28696406] 2.740323 1.1432145 0.92654514 0.8656932
[1189, 0.508785, 1.011611, 5.5503416, 0.6559946] 2.7904692 1.0844296 0.86859703 0.9300454
[1190, 0.54389435, 0.9861132, 4.9383173, 0.41416454] 2.8745065 1.1510994 0.90188175 0.89742905
[1191, 0.5406787, 0.978175, 6.3233876, 0.3386974] 2.5705469 1.1397715 0.99817234 0.9167596
[1192, 0.46073553, 1.0606725, 5.061751, 0.73276085] 2.7945147 1.2664952 1.0021569 0.8101527
[1193, 0.5153675, 1.033343, 6.1055408, 0.47537726] 2.800368 1.1786218 0.9213653 0.9674917
[1194, 0.4613323, 1.0669498, 3.3981206, 0.8274464] 3.288512 1.142196 0.966759 0.86344445
[1195, 0.51516604, 1.0373533, 4.9567304, 0.60002106] 2.728133 1.23145 0.9106886 0.9334154
[1196, 0.50193715, 1.0465786, 4.677896, 0.55974334] 3.0698123 1.148849 0.8998494 0.8402958
[1197, 0.40180957, 1.0692488, 5.483807, 0.36127767] 2.9475074 1.1310002 1.0748343 0.8574559
[1198, 0.49003056, 1.020645, 6.798443, 0.17072874] 2.5814972 1.2490737 0.9304194 0.99945164
[1199, 0.51117617, 1.0009642, 6.0590453, 0.374462] 2.4863853 1.024314 0.96174526 0.94846165
[1200, 0.4148665, 1.07765, 5.248354, 0.4041384] 2.9635296 1.0109105 1.0245248 0.8686867
[1201, 0.5184336, 0.99481857, 6.846683, 0.25285062] 2.68693 1.148101 0.8924295 0.8820783
[1202, 0.56195706, 0.9579376, 6.5960875, 0.32819661] 2.4367418 1.3486806 0.8936929 1.0562537
[1203, 0.4884534, 1.0235126, 5.5771847, 0.4928781] 2.6716335 1.1618016 1.0946244 0.8396799
[1204, 0.50150555, 1.0246131, 5.24394, 0.60441923] 2.7993042 1.008041 0.98000735 0.83328503
[1205, 0.6576088, 0.87374246, 5.648147, 0.31107283] 2.6321366 1.1666781 0.9716197 0.7601286
[1206, 0.38989347, 1.0843616, 7.2087493, 0.16276509] 2.7621746 1.1551085 0.9473694 0.9368639
[1207, 0.46111575, 1.0605465, 4.3672657, 0.716393] 3.1646414 1.0009651 0.8927502 0.85339653
[1208, 0.39523333, 1.0950394, 5.479201, 0.30713835] 2.7244735 1.2175145 0.89924985 0.99777097
[1209, 0.52025723, 1.0017966, 4.968193, 0.64848983] 2.7725866 1.2855012 0.9833884 0.7753039
[1210, 0.54384136, 0.99794734, 6.4053674, 0.25472572] 2.5505066 1.1159871 1.0642041 1.0370108
[1211, 0.41864228, 1.0696617, 5.8781667, 0.5234796] 2.5705578 1.2179854 0.895129 1.0581119
[1212, 0.573747, 0.99175125, 5.7228565, 0.368601] 2.7790422 1.3833495 1.0899606 0.7160852
[1213, 0.48123842, 1.0368831, 5.7937455, 0.4054127] 2.6441038 1.0907208 1.098032 1.0117259
[1214, 0.42195392, 1.0837822, 4.9372163, 0.7329401] 2.667014 1.0712563 0.95489377 1.0746319
[1215, 0.46554336, 1.0640159, 5.068961, 0.47945857] 2.8058794 1.1254247 0.96842563 0.9470874
[1216, 0.53209126, 0.9883332, 6.151375, 0.2254128] 2.836563 1.2444463 0.99217325 0.8660979
[1217, 0.4669607, 1.0007728, 6.7500973, 0.13840833] 2.8261516 0.9851603 0.8506005 0.9069659
[1218, 0.45866907, 1.0623875, 6.0451055, 0.27700102] 2.7556705 1.1540033 1.049276 1.0365711
[1219, 0.5029862, 1.0227052, 4.955243, 0.48078653] 2.690689 1.1222998 0.96065235 0.99957997
[1220, 0.42152673, 1.0915657, 4.969068, 0.4594008] 2.9410229 1.2061895 0.86540323 1.0048227
[1221, 0.53284943, 0.9894543, 4.6886964, 0.72519153] 2.800673 1.084804 0.97490275 0.969494
[1222, 0.5322821, 1.0310186, 4.2525077, 0.7623092] 3.0857174 1.302339 1.0431526 0.8420749
[1223, 0.3878295, 1.0773834, 6.9899826, 0.29053232] 2.7085943 1.1481167 0.963305 0.92987186
[1224, 0.6203952, 0.8930893, 6.555617, 0.32931614] 2.6897175 1.1383231 0.84691256 0.80491817
[1225, 0.4996412, 1.0328312, 6.0212755, 0.26634824] 2.7801857 1.0615454 1.0745724 0.9937443
[1226, 0.50849444, 1.0220493, 5.5139127, 0.32608715] 2.6211202 1.1621466 0.9281126 1.045853
[1227, 0.47643656, 1.0530982, 3.8387208, 0.86691767] 2.9419053 1.2903013 1.0791786 0.8648718
[1228, 0.5624187, 0.98801494, 4.6060843, 0.47398147] 3.0125685 1.1773401 0.99249476 0.7393314
[1229, 0.538674, 1.0091819, 5.3042283, 0.45889607] 2.928619 1.2280997 0.95320773 0.91933703
[1230, 0.4934832, 1.0355686, 5.2116737, 0.38044682] 3.0045252 1.1296492 0.80527264 0.92164737
[1231, 0.4983012, 1.0400132, 4.7320733, 0.49984187] 3.0625472 1.1520866 0.8957899 0.7345102
[1232, 0.47760907, 1.0638571, 4.4171767, 0.88197386] 2.848121 1.1687613 1.1157153 1.0800859
[1233, 0.50541526, 1.0494874, 5.857287, 0.53879803] 2.4233782 1.1991402 1.1558216 1.0969688
[1234, 0.52223766, 0.9967835, 6.821183, 0.25471827] 2.5152671 1.2223402 0.9605914 0.9709304
[1235, 0.5485692, 1.0028317, 4.944553, 0.49844414] 2.948657 1.0234685 1.0141708 1.0923117
[1236, 0.51046544, 1.0483797, 4.95713, 0.3817891] 2.8652084 1.2223843 0.9622334 0.9168309
[1237, 0.5475246, 0.97223556, 6.078249, 0.377888] 2.6378138 1.092593 0.8584392 0.83737624
[1238, 0.4087157, 1.0604023, 6.2131643, 0.26370496] 2.8148348 0.94794893 0.94096637 0.9960455
[1239, 0.45642692, 1.0673999, 4.1486144, 0.4901582] 2.9661272 1.3270055 1.0995917 0.78491557
[1240, 0.4493303, 1.0524012, 5.934915, 0.35969988] 2.6889358 1.0887041 0.9182848 1.1639888
[1241, 0.462796, 1.0642352, 4.868147, 0.41613644] 2.8955388 1.214094 0.9533321 1.048468
[1242, 0.5749211, 0.9563589, 6.13116, 0.396292] 2.3581743 1.1380706 0.9162418 1.0447613
[1243, 0.52719545, 1.0281538, 2.9391654, 0.9457751] 3.2425945 1.2377919 0.82995677 0.96690863
[1244, 0.56688964, 0.94201946, 5.547492, 0.36007938] 2.4431543 1.1237457 0.95802444 1.2195059
[1245, 0.534016, 1.0131212, 6.3451056, 0.356188] 2.592675 1.1400168 0.90019774 1.1065619
[1246, 0.55956924, 0.9643754, 6.0378695, 0.34151077] 2.5181706 1.0896733 0.90464294 1.0831872
[1247, 0.43342173, 1.0804888, 5.6698904, 0.40731898] 2.724634 1.1312165 0.9928423 0.95362043
[1248, 0.5190884, 1.0235724, 7.04383, 0.34368885] 2.4932213 1.2574294 0.95945656 0.9200135
[1249, 0.5878129, 0.9431072, 6.1137247, 0.28037512] 2.9107327 1.0776948 0.89977854 0.71370775
[1250, 0.47594106, 1.0517378, 4.2703958, 0.7593142] 2.9276047 1.0954196 1.0202678 1.0259067
[1251, 0.43372753, 1.050284, 5.236043, 0.79885703] 2.6053417 1.2183946 0.9406718 1.0430107
[1252, 0.47841737, 1.0520313, 4.41694, 0.58371615] 2.7054105 1.0766374 0.91151804 0.9737512
[1253, 0.4898236, 1.0235398, 6.947593, 0.2881613] 2.6537147 1.2238355 0.955133 0.9260112
[1254, 0.5585901, 0.97872245, 4.7289114, 0.49496868] 2.8959732 1.0624982 0.7187845 0.9364836
[1255, 0.4429647, 1.0439972, 5.6774616, 0.24442771] 2.7256448 1.1102624 0.94195247 0.96229
[1256, 0.43984625, 1.0557015, 5.570745, 0.4028853] 2.8842616 1.0502206 0.8756337 0.80181223
[1257, 0.5080293, 1.0329396, 4.8735914, 0.598897] 2.82711 1.1393178 0.91096914 0.8878556
[1258, 0.46655723, 1.0713619, 5.04624, 0.58846915] 2.5540273 1.1791342 1.0484245 1.1568162
[1259, 0.4902329, 1.0526392, 3.880643, 0.77995807] 2.7558765 1.0120828 1.0268937 1.0542228
[1260, 0.5706594, 0.9558762, 5.502853, 0.5554165] 2.439082 1.191046 0.9428053 1.1828123
[1261, 0.58182704, 0.9571644, 4.8915772, 0.50159246] 2.8866029 1.1694065 0.99569386 0.7583549
[1262, 0.5267998, 1.0314273, 3.1063862, 0.55321205] 3.3840852 1.1373683 0.9605326 0.7315415
[1263, 0.66088206, 0.8899813, 5.431739, 0.37037787] 2.74061 1.0837568 1.0522357 1.092266
[1264, 0.48378623, 1.0631665, 6.623671, 0.25055218] 2.8503904 1.1244292 0.9165645 0.85940623
[1265, 0.43919787, 1.0753309, 4.6596904, 0.45315906] 3.0195148 1.2064188 0.867927 0.97088563
[1266, 0.44323865, 1.0584452, 4.5969486, 0.44485018] 3.0605152 0.9183537 0.8546828 0.8246148
[1267, 0.49519932, 1.0380487, 5.996327, 0.36417818] 2.6034698 1.1750294 0.936377 1.1760675
[1268, 0.5682783, 0.9635105, 5.8936086, 0.16286749] 2.8122277 1.1076257 0.827454 0.74641657
[1269, 0.40722084, 1.1033795, 4.0572696, 0.7075075] 2.9995155 1.1479657 1.033327 0.9357184
[1270, 0.54879636, 0.98098594, 5.385723, 0.36602366] 2.6397626 1.0880016 0.93799293 0.9530676
[1271, 0.5065827, 1.0340909, 6.3876157, 0.5494182] 2.893948 1.2484233 0.93843424 0.8201215
[1272, 0.49925193, 1.0367585, 4.366383, 0.2586194] 2.9660218 1.2538654 0.9123973 0.84326434
[1273, 0.39776817, 1.1048069, 5.3454785, 0.45778444] 2.7947283 1.1850641 0.8846497 1.0447615
[1274, 0.4877896, 1.0168741, 6.5510535, 0.47516298] 2.5214834 1.2383019 0.9626829 0.8661878
[1275, 0.5082018, 1.0281607, 5.960033, 0.30734345] 2.7589705 1.1247281 1.1065274 0.9677196
[1276, 0.53442085, 1.002015, 5.2009535, 0.2907052] 2.9945838 1.0015658 0.8925096 0.97134644
[1277, 0.44201666, 1.0458572, 4.2999578, 0.7291817] 2.5586836 1.2024598 1.1182448 1.1346502
[1278, 0.43408766, 1.0599016, 6.546841, 0.23656617] 2.7120154 1.1301455 1.0425355 0.99037373
[1279, 0.38522977, 1.120475, 5.1246195, 0.6538352] 2.618321 1.1893457 1.0432446 1.0809104
[1280, 0.4787813, 1.0649706, 5.4064655, 0.5294136] 3.033035 1.0884175 0.85123175 0.7997186
[1281, 0.4153326, 1.0751507, 3.4474742, 0.7264643] 3.159117 1.0352906 1.0559102 0.970137
[1282, 0.49063176, 1.048413, 3.0747445, 0.713135] 3.281888 1.0984272 0.8326981 0.98981637
[1283, 0.5812124, 0.97499907, 4.2664022, 0.6565082] 3.1373081 1.0878276 0.8551735 0.88058835
[1284, 0.41214788, 1.0907365, 4.138429, 0.82039404] 2.9231226 1.1605859 0.95876116 0.96344733
[1285, 0.47779268, 1.0508411, 5.756062, 0.5323301] 2.6463137 1.1187402 1.0253094 1.0327393
[1286, 0.47442216, 1.0427377, 3.6555767, 0.6132962] 3.1598413 1.0469861 1.0356032 0.8316878
[1287, 0.5205709, 1.0181079, 5.9562306, 0.46035784] 2.9997387 1.1155007 0.98939943 0.72372675
[1288, 0.46740994, 1.0513859, 5.7261143, 0.44796896] 2.6618884 1.1438189 0.90309906 1.2020959
[1289, 0.5457357, 0.96968853, 5.7187366, 0.48544756] 2.7258613 0.9985165 0.9365983 0.9325542
[1290, 0.49364206, 1.0097249, 6.7226014, 0.4508629] 2.7303448 1.1695555 0.9173156 0.94737184
[1291, 0.46162468, 1.0519997, 4.274143, 0.7509925] 3.016421 1.2180903 1.0281092 0.70167357
[1292, 0.5099136, 1.0145003, 4.842656, 0.36959815] 2.8871686 1.0409701 0.9705704 0.9314525
[1293, 0.5509464, 0.99465656, 5.16137, 0.40505278] 2.9253395 1.3434585 0.9623781 0.7576748
[1294, 0.5270531, 1.0161625, 4.960505, 0.48340553] 2.9474776 1.2397157 0.8312306 0.8753396
[1295, 0.4626743, 1.0357485, 5.083264, 0.58858746] 2.5898395 1.0639837 1.0202332 1.0123217
[1296, 0.54461914, 0.98940444, 6.427178, 0.2654082] 3.0013924 1.2024049 0.91463524 0.65384597
[1297, 0.5452211, 0.9951325, 6.862469, 0.873519] 2.7221656 1.0024699 0.9575705 0.81472075
[1298, 0.43966392, 1.0651213, 3.7364094, 0.6370344] 2.9640179 1.0934489 0.9450753 1.047176
[1299, 0.4437888, 1.0874616, 4.9714947, 0.64334434] 3.0390527 1.1791786 0.9556052 0.75417125
[1300, 0.4649541, 1.0753385, 4.109793, 0.42966384] 3.0442648 1.2156366 0.95880187 0.8687289
[1301, 0.5696418, 0.9626854, 5.2835073, 0.38121003] 2.7384715 1.1953428 0.8723006 0.84851104
[1302, 0.52512914, 1.0083522, 4.186724, 0.44054776] 2.7921748 1.2424681 0.95937777 0.9506562
[1303, 0.5688774, 0.9840858, 5.898291, 0.64794326] 2.8586664 1.176232 0.8938173 0.7874896
[1304, 0.46290374, 1.0434992, 5.942526, 0.43715525] 2.6173174 1.0608054 0.9888503 0.9090922
[1305, 0.5391485, 0.9878869, 4.0386343, 0.6174902] 3.1044555 1.039782 0.9825649 0.7242819
[1306, 0.4429086, 1.0559999, 5.9062624, 0.27864552] 2.7353559 1.1206242 0.876697 1.0213478
[1307, 0.52211344, 1.01354, 4.870633, 0.40690133] 2.835741 1.0961828 0.75015956 0.85721946
[1308, 0.38589355, 1.0898693, 5.997929, 0.26726216] 2.796097 1.2324953 0.89478654 0.82362825
[1309, 0.49089336, 1.0413066, 3.7179778, 0.5510235] 3.1921282 1.0546862 0.89226407 0.8352452
[1310, 0.46314132, 1.0524172, 4.681102, 0.65843827] 2.8395936 1.1379253 0.8519314 0.87854755
[1311, 0.48411444, 1.0367798, 5.0451326, 0.28481713] 2.9736917 1.1324223 0.9749481 0.8745893
[1312, 0.56087196, 0.9922628, 5.082317, 0.48612002] 2.9620295 1.1566839 0.9718768 0.66013116
[1313, 0.49204594, 1.0384526, 7.012035, 0.17566945] 2.8376844 1.0870478 0.908171 0.9611702
[1314, 0.5178008, 1.0385656, 5.578656, 0.4692486] 2.7450988 1.214497 0.96378005 0.9095377
[1315, 0.6049758, 0.9097858, 6.1554656, 0.314667] 2.334375 1.1587973 1.0361881 0.9625448
[1316, 0.44047508, 1.0907128, 4.2072163, 0.5109006] 2.9849248 1.1085232 1.0583544 0.8464116
[1317, 0.48886493, 1.0485108, 3.8307111, 0.63802207] 2.9288554 1.2341206 0.89336175 1.0042219
[1318, 0.6323177, 0.8912406, 5.053424, 0.6001213] 2.518568 1.1034694 0.8452141 0.9279227
[1319, 0.5257728, 1.0061013, 4.3967805, 0.32796937] 3.1749957 1.0886716 0.9125866 0.759459
[1320, 0.4842009, 1.0476226, 2.9576397, 0.77581537] 3.2319038 1.1312492 1.0544388 0.84873676
[1321, 0.5249451, 0.99657434, 7.568841, 0.28457567] 2.7621403 0.94036466 0.9775205 0.96237814
[1322, 0.60105395, 0.95367724, 6.2853436, 0.3511356] 2.837654 1.3202709 0.7411395 0.6743822
[1323, 0.51555467, 1.0302963, 4.628063, 0.39972246] 2.7979476 1.0577855 0.95130575 1.1394194
[1324, 0.4424637, 1.0518538, 4.770182, 0.3432684] 2.8637257 1.1929996 1.1197332 0.8763428
[1325, 0.52912414, 0.99475014, 4.9926724, 0.5354276] 2.9357738 1.089723 0.9131833 0.7774183
[1326, 0.5256232, 1.0008719, 6.853455, 0.34643134] 2.346499 1.1977074 0.9849385 1.224209
[1327, 0.45258766, 1.0676297, 3.3979082, 0.6691971] 3.2129908 1.1417526 0.9451204 0.8469148
[1328, 0.52330446, 1.008439, 6.0017824, 0.27379245] 2.739149 1.307731 0.86926514 0.9377483
[1329, 0.5557887, 0.9951635, 4.630773, 0.60658884] 2.9976068 1.1899763 0.9854741 0.7744462
[1330, 0.48185873, 1.0434506, 4.680637, 0.61588734] 2.6949236 1.1001788 0.8574999 1.1190591
[1331, 0.5327423, 0.98656994, 6.6772203, 0.20783891] 2.618525 1.191538 0.97684705 0.9542546
[1332, 0.5160599, 1.0064065, 5.572189, 0.41766727] 2.502488 1.1728028 0.92145085 1.034516
[1333, 0.53361285, 0.98641753, 6.2595086, 0.25160336] 2.474426 1.191744 0.93651503 1.076129
[1334, 0.55257344, 0.9804223, 5.86156, 0.3890014] 2.5839498 1.0259798 0.92006016 0.94831717
[1335, 0.5260096, 1.0050527, 6.016487, 0.44013172] 2.7113934 1.2438787 0.9504855 0.95001554
[1336, 0.4812925, 1.007804, 5.8338447, 0.23242551] 2.8774114 1.212655 0.8338864 0.77638316
[1337, 0.45393836, 1.0463701, 5.847171, 0.466175] 2.6756442 1.1448917 0.843387 1.1345466
[1338, 0.40117103, 1.0853583, 4.563999, 0.5757504] 2.9840536 0.961156 0.94408447 1.0596154
[1339, 0.4674878, 1.0585402, 4.797448, 0.6062875] 2.884901 1.0919307 0.93512684 0.9617529
[1340, 0.6015505, 0.9595739, 4.898976, 0.6077824] 2.7005916 1.1930962 0.9977588 0.83416617
[1341, 0.42744577, 1.0726649, 5.718656, 0.24550365] 2.739762 1.2984151 1.0072756 0.9572801
[1342, 0.41678223, 1.0782876, 5.145414, 0.6459807] 2.8852615 1.140092 0.9541942 0.9929104
[1343, 0.48497215, 1.020004, 4.4814763, 0.29147452] 3.049152 1.1598223 0.86510515 1.0276624
[1344, 0.56695026, 0.9755367, 6.325158, 0.27961165] 2.6982207 1.1619112 1.115661 0.822065
[1345, 0.5481095, 1.0078069, 5.338297, 0.70875305] 2.9390388 1.1305155 0.8261943 0.86919993
[1346, 0.46276852, 1.0554078, 4.5706487, 0.3164708] 2.9826736 1.1103714 0.92521936 0.82890064
[1347, 0.5433555, 1.0198444, 3.8242967, 0.6571551] 3.1674562 1.1753118 1.0174356 0.7404584
[1348, 0.48675102, 1.050282, 3.655159, 0.797285] 3.0956059 1.15559 1.0493224 1.0012476
[1349, 0.42390278, 1.0774812, 5.077644, 0.50071913] 2.8157177 1.152859 1.0200813 0.9508174
[1350, 0.4541345, 1.0660022, 4.995593, 0.65184325] 2.9890165 1.1782602 0.8202187 0.6385662
[1351, 0.43363112, 1.0678207, 6.0963154, 0.39553916] 2.859084 1.1249825 0.88786185 1.049482
[1352, 0.50972706, 1.0119624, 5.4371104, 0.6425402] 2.7676132 1.2698939 0.8651034 1.0346836
[1353, 0.5550768, 0.9513478, 5.6539, 0.41039264] 2.361237 1.2235748 0.8583156 1.0428712
[1354, 0.5623326, 0.95444256, 5.988492, 0.23613507] 2.7212563 1.0881798 1.0687386 1.0301359
[1355, 0.39971372, 1.1010964, 4.615327, 0.4260056] 3.118318 1.0022842 0.8888411 0.8517717
[1356, 0.4654962, 1.0585109, 4.487248, 0.7009204] 2.8965762 1.0006164 0.9414756 0.986041
[1357, 0.50522965, 1.009911, 6.7708507, 0.2797286] 2.8600757 1.1063099 0.90750265 0.8518984
[1358, 0.51573527, 1.0127954, 5.340953, 0.30980942] 3.0690377 1.0295922 1.0597965 0.7561512
[1359, 0.52666587, 0.9893473, 7.430207, 0.13046634] 2.4383576 1.408659 0.8725459 1.0153395
[1360, 0.42720726, 1.0886981, 5.6068587, 0.41922304] 2.7506413 1.3115854 0.915371 0.843442
[1361, 0.5564361, 1.0025796, 3.9114516, 0.5578825] 3.2202876 1.0462953 0.81250733 0.87303257
[1362, 0.5333022, 1.010268, 5.3131967, 0.62219065] 2.5826528 1.0356351 1.0952415 0.90243155
[1363, 0.3629908, 1.1213137, 3.8212006, 0.86367726] 3.1093047 1.1977081 0.90979636 0.8030718
[1364, 0.47220817, 1.0421008, 4.520422, 0.48059976] 2.7984407 1.3935087 0.91503584 0.9375111
[1365, 0.5842268, 0.9623667, 4.8599215, 0.8490946] 2.7114487 1.162587 0.9566446 0.70438987
[1366, 0.5328838, 1.0111251, 3.9763727, 0.54404163] 2.9402912 1.1605631 0.8954439 1.2195272
[1367, 0.4647315, 1.0433906, 5.6140633, 0.17055993] 2.8838468 1.1323054 0.8020323 0.9379006
[1368, 0.55325013, 1.00408, 5.8588433, 0.3161806] 2.7403004 1.0827844 1.0145881 1.1635116
[1369, 0.62346846, 0.92081296, 3.9773054, 0.65378374] 3.2401857 1.1135455 0.8593514 0.7277425
[1370, 0.4941451, 1.0379777, 4.090654, 0.6231775] 2.6261008 1.1900816 0.9091926 1.050024
[1371, 0.641224, 0.8637526, 5.6044316, 0.63819265] 2.196293 1.1870018 0.9125171 1.0235584
[1372, 0.47050533, 1.0265276, 5.383476, 0.21745361] 2.8205032 1.1562829 1.0985434 0.81281346
[1373, 0.4456322, 1.0590326, 5.870891, 0.4224293] 2.685141 1.1605403 1.0111811 0.88938105
[1374, 0.55025065, 0.99854505, 6.073439, 0.39235395] 2.8625126 1.2590715 0.9274433 0.6712064
[1375, 0.47625554, 1.0291537, 5.879363, 0.38487798] 2.6358573 1.2738174 0.92110676 0.8042204
[1376, 0.49067953, 1.0432205, 5.9950395, 0.35712993] 2.761725 1.0835391 0.9544702 1.0481015
[1377, 0.45643154, 1.0633771, 6.229791, 0.38110286] 2.8178742 1.1893487 1.0249223 0.96624416
[1378, 0.50968975, 1.0177068, 5.0567822, 0.62223214] 2.7888877 1.2502972 0.88395184 0.8070576
[1379, 0.50584525, 1.0431349, 5.8027525, 0.31180626] 2.8523128 1.1014384 0.9531408 0.9945709
[1380, 0.5382328, 0.99669576, 5.5772963, 0.2798987] 2.8977318 1.1179086 0.9035461 0.83663005
[1381, 0.56187284, 0.97675, 5.5776095, 0.5168928] 2.5684671 1.3264313 0.8559007 0.82999545
[1382, 0.62399924, 0.9174201, 5.0569334, 0.47674224] 2.7765853 1.1691874 0.8517609 0.8273921
[1383, 0.44365507, 1.0675765, 4.5163918, 0.7599708] 3.059824 1.0962883 0.8882871 1.0199672
[1384, 0.535865, 1.0209297, 5.004125, 0.455874] 2.85302 1.1141746 1.1828446 0.9097599
[1385, 0.42316908, 1.0695032, 4.723684, 0.77095723] 2.8763995 0.9762421 0.82044756 0.8585154
[1386, 0.35407203, 1.1128867, 3.4519024, 0.7695181] 3.13748 1.0479171 0.98238295 0.91193956
[1387, 0.50972337, 1.0246826, 4.242348, 0.5142481] 3.1011224 1.0052481 0.89984995 1.1059393
[1388, 0.50527775, 1.0278072, 3.7569964, 0.4826285] 3.037996 1.2191329 0.88736206 0.9951895
[1389, 0.51894873, 1.0178084, 4.324315, 0.46596017] 3.1639853 1.105961 0.7699865 1.0185993
[1390, 0.44756562, 1.0624981, 4.813615, 0.24177495] 2.9554636 1.1429394 0.97037625 0.8372621
[1391, 0.5752214, 0.9559055, 6.3595552, 0.56508386] 2.5957696 1.2107825 0.86443466 0.8592387
[1392, 0.38169533, 1.1300383, 4.3520794, 0.5329907] 3.119613 0.9304584 0.8983036 1.0344924
[1393, 0.58411986, 0.967726, 5.1201854, 0.355652] 3.0179758 1.1351428 0.88064814 0.7126473
[1394, 0.41465053, 1.0832249, 4.9041605, 0.43289295] 2.7336495 1.2533967 0.9037461 1.1110375
[1395, 0.50626534, 1.0087765, 6.7440567, 0.21893395] 2.8850284 1.0480951 0.9562615 0.8420154
[1396, 0.4768721, 1.0457904, 3.1671953, 0.82569844] 3.3318808 1.1253664 0.92167246 0.78515774
[1397, 0.47191164, 1.0448214, 5.258563, 0.49854878] 3.0317285 0.99453545 0.82766354 1.0162888
[1398, 0.42959234, 1.0714998, 6.4304457, 0.43518096] 2.6609936 1.2880962 0.9092608 0.92214763
[1399, 0.3914274, 1.103311, 5.8237057, 0.42003188] 2.642303 1.1834377 0.83002603 0.9725664
[1400, 0.5166434, 0.9842736, 6.582971, 0.17972723] 2.8009064 1.0880836 0.9358503 0.8229667
[1401, 0.47980443, 1.0425389, 5.0734434, 0.43693095] 2.962317 1.148745 0.9194221 0.72429466
[1402, 0.45498198, 1.0625411, 4.5000873, 0.512767] 2.999852 1.1413913 1.0456227 0.8904925
[1403, 0.4929048, 1.0552138, 4.143414, 0.7156083] 3.0655513 1.3085997 0.87352735 0.8348006
[1404, 0.6986614, 0.82994264, 6.1752834, 0.3229575] 2.8615024 1.1305493 0.89916354 0.7864765
[1405, 0.41707197, 1.1016046, 4.563958, 0.7757196] 2.873892 1.079252 1.0162665 0.87928134
[1406, 0.6234624, 0.91958755, 5.2959766, 0.601905] 2.7041829 1.1018982 0.9717506 1.0658259
[1407, 0.5927323, 0.9001798, 5.1158214, 0.17836171] 2.4962173 1.2201875 0.99424696 1.1422006
[1408, 0.5997259, 0.9673975, 5.1918883, 0.5139728] 2.8254898 1.2474607 1.0408835 0.9887747
[1409, 0.39342567, 1.084909, 7.4379554, 0.4494935] 2.71201 1.2229459 0.8482474 0.80529565
[1410, 0.5691405, 0.986038, 3.9681141, 0.93154734] 2.9750094 1.0935452 0.82336164 1.0928525
[1411, 0.46350884, 1.0629205, 4.2635536, 0.67748004] 2.9818919 1.2218585 1.0096767 0.9439725
[1412, 0.47134924, 1.0502397, 5.049091, 0.871433] 2.5892093 1.1532086 0.85967505 0.98661983
[1413, 0.50742537, 1.0290084, 5.768552, 0.42153162] 2.5289745 1.3487223 1.0681887 0.88271254
[1414, 0.45624593, 1.0436778, 7.6484137, 0.29786348] 2.6977336 1.2762271 0.9604499 1.0796814
[1415, 0.57361376, 0.9741019, 4.7956634, 0.8013844] 2.4999201 1.1574419 1.0586488 1.004612
[1416, 0.5387044, 1.0103134, 5.4156756, 0.4736109] 2.8726468 1.2556616 0.7950736 0.9213612
[1417, 0.47222736, 1.0469571, 4.909195, 0.22729258] 3.0556335 0.91601014 1.0263596 0.97507566
[1418, 0.5534983, 0.98724335, 6.568956, 0.64537287] 2.7579885 1.1274186 1.0107008 0.73641676
[1419, 0.46954238, 1.0538658, 5.436177, 0.39017794] 2.8043013 1.0192077 0.90194666 0.9581114
[1420, 0.5359528, 0.9967942, 5.814237, 0.32699707] 2.6000068 1.2844573 0.9854671 1.2211288
[1421, 0.505707, 1.0302427, 5.3817263, 0.30878317] 2.8145716 1.213301 0.88741326 1.1584048
[1422, 0.47462443, 1.0502172, 5.1366916, 0.3089014] 2.8049436 1.1000398 0.97574574 1.0944535
[1423, 0.4396847, 1.0785067, 5.125927, 0.5084545] 2.6630785 1.2535629 1.0875751 0.9864389
[1424, 0.47315666, 1.0490831, 5.5270023, 0.5015673] 2.883495 1.1637468 0.9438944 0.9055904
[1425, 0.5410677, 1.0078241, 3.7259989, 0.7590436] 2.9700425 1.1551652 1.1336765 0.9368262
[1426, 0.51550007, 0.9825308, 7.0438366, 0.193688] 2.577085 1.0828677 0.9510697 0.9703598
[1427, 0.4216065, 1.0863364, 5.5715456, 0.51694053] 2.6939147 1.104017 1.0974817 0.9186296
[1428, 0.55917746, 0.9681599, 4.98436, 0.82666826] 2.6131115 1.2866933 1.0100358 0.8534039
[1429, 0.5705968, 0.9889147, 5.834294, 0.40382954] 2.9462276 1.0761044 0.9406616 0.8257204
[1430, 0.54780215, 0.97977173, 6.116956, 0.52044094] 2.6122274 1.1045457 0.9379927 0.86263794
[1431, 0.5729426, 0.9673798, 5.389982, 0.779452] 2.7452912 1.165016 0.95551586 0.7921039
[1432, 0.51841724, 1.0350956, 6.103578, 0.3019091] 2.9032788 1.1167325 0.9830994 0.9276813
[1433, 0.36876735, 1.093158, 5.6493697, 0.37445298] 2.675055 1.1710211 0.99338764 0.95687956
[1434, 0.37996465, 1.1134764, 5.8285704, 0.37826216] 2.878924 1.2738842 0.96041244 0.9166433
[1435, 0.48754227, 1.0408367, 6.1560535, 0.38791722] 2.5404751 1.3191508 1.0234298 1.0555413
[1436, 0.5247405, 1.0183558, 5.156029, 0.36481607] 2.8527012 1.0359558 0.9871544 0.9085386
[1437, 0.5448763, 1.0237728, 2.8840199, 0.87954384] 3.2417963 1.2865982 0.8365239 0.9525715
[1438, 0.4940542, 1.0350306, 4.9821234, 0.4619455] 3.0494602 0.92465645 0.8909575 0.96986246
[1439, 0.4236938, 1.0956849, 5.0894957, 0.34557584] 3.0102823 1.1880573 0.98886615 0.88683635
[1440, 0.6088271, 0.9520665, 4.6435986, 0.4318719] 2.8971996 1.0773106 1.0658724 0.72266644
[1441, 0.43146476, 1.0665473, 5.026874, 0.32999462] 3.0313108 0.87225336 1.0066807 1.0305121
[1442, 0.5107479, 0.99055445, 6.5133357, 0.15798257] 2.6830945 0.92531353 0.9520358 0.99955577
[1443, 0.5078317, 1.0385723, 4.6586103, 0.3995574] 2.910264 1.118793 1.066101 0.99952185
[1444, 0.37816873, 1.105243, 3.82008, 0.4231838] 3.0143611 1.1722958 1.0423503 0.82702565
[1445, 0.55426145, 0.99956185, 5.235541, 0.40346974] 2.8280392 1.192777 0.89621156 0.993456
[1446, 0.39028794, 1.104464, 4.998246, 0.9408579] 2.87636 1.1582177 1.0154414 0.9005967
[1447, 0.49457076, 1.0345237, 4.9062886, 0.3797194] 3.202779 1.1296816 0.830107 0.7287058
[1448, 0.60261357, 0.9207337, 4.8891087, 0.58535856] 2.6881526 1.1291455 0.8016022 0.90266705
[1449, 0.48868066, 1.0135623, 5.3684244, 0.53318864] 2.6741786 1.1117153 0.85506666 1.0778815
[1450, 0.49029326, 1.0485642, 6.2790084, 0.43366382] 2.7177522 1.0922824 0.89561987 1.0842515
[1451, 0.46480685, 1.0684108, 3.2866006, 0.99067515] 3.193895 1.1418763 0.95896554 0.93378323
[1452, 0.6743186, 0.8917239, 5.2502713, 0.54993373] 2.99138 1.2977765 0.9894422 0.69104517
[1453, 0.3911926, 1.0994966, 5.199345, 0.5294568] 2.8579042 1.063063 0.88930374 0.931403
[1454, 0.46289918, 1.092606, 4.108244, 0.82908535] 2.7753384 1.1910553 1.1545305 1.0391562
[1455, 0.49310106, 1.0428025, 5.104692, 0.4839868] 2.8908436 1.180205 0.91256636 0.9435159
[1456, 0.52795756, 1.0186267, 4.5934677, 0.4875516] 3.1763487 1.0785481 0.7594435 0.83659625
[1457, 0.52408135, 1.0029556, 6.667025, 0.30843315] 2.800533 1.0238286 0.89812374 0.90342873
[1458, 0.36981982, 1.1156034, 3.913083, 0.6536642] 3.0873692 1.0067613 0.9926853 0.99217504
[1459, 0.61328995, 0.9096352, 4.766565, 0.565245] 2.964631 1.0819036 0.7507352 0.7508234
[1460, 0.5079697, 0.9936152, 5.359533, 0.21096312] 2.7838023 1.0342683 0.9371146 1.0131693
[1461, 0.46528745, 1.0515816, 5.3454275, 0.5006089] 2.8362248 1.0694454 0.94191325 1.1682042
[1462, 0.42079535, 1.0844187, 3.8633661, 0.9145293] 3.0375886 1.1089884 0.97485423 0.9032705
[1463, 0.4476363, 1.0436484, 5.187899, 0.3227117] 2.6167812 1.0665435 0.9847441 0.9752948
[1464, 0.5873648, 0.9717266, 5.907292, 0.3283273] 2.8933768 1.2608392 0.944227 0.80972135
[1465, 0.5912163, 0.94086134, 5.5005264, 0.45453927] 2.359381 1.214351 0.93785524 1.0387653
[1466, 0.49861297, 1.0306609, 5.715341, 0.4060316] 2.8387318 1.1327597 0.93330294 0.9590343
[1467, 0.47033536, 1.0738842, 3.5203795, 0.81565624] 3.2250614 1.1144289 0.9658924 1.0764301
[1468, 0.5236113, 0.9880862, 5.3873296, 0.6447122] 2.7713666 1.1726693 0.899982 0.71141875
[1469, 0.439201, 1.079112, 4.8315663, 0.6418343] 2.8680542 1.0558696 0.98219746 1.0442169
[1470, 0.5213657, 1.0288159, 6.2082148, 0.73657775] 2.6868758 1.1742727 1.0046443 1.0139745
[1471, 0.43806496, 1.0692779, 4.560538, 0.52183515] 2.8786178 0.99894136 0.89397985 1.1720088
[1472, 0.50443983, 1.0340369, 4.1838236, 0.85895956] 2.821876 1.0688121 1.019053 0.9881972
[1473, 0.57262254, 0.9686714, 6.263836, 0.2555787] 2.7465172 1.0996389 0.9795622 1.0146925
[1474, 0.41546667, 1.0614259, 8.106615, 0.11201005] 2.7953095 1.2078668 0.8811221 0.9604787
[1475, 0.50382596, 0.98150015, 7.046782, 0.19564088] 2.6729455 1.1527143 0.92251784 0.80742717
[1476, 0.49812195, 0.99670047, 5.969942, 0.33524892] 2.313405 1.2507373 1.1314971 0.9077105
[1477, 0.6755478, 0.8624617, 5.824517, 0.52824074] 2.4128692 1.112649 1.0432487 0.90954214
[1478, 0.43676847, 1.0689187, 6.1223993, 0.29215807] 2.5092666 1.1584733 1.1245755 0.9868757
[1479, 0.4632797, 1.0427215, 5.2291555, 0.38043645] 2.8421423 1.1200826 0.86782527 1.0472115
[1480, 0.5465752, 0.99201334, 6.156425, 0.5926532] 2.578516 1.196853 1.060618 0.9311999
[1481, 0.47881287, 1.0605146, 3.6737487, 0.6294412] 3.106804 1.0829812 0.8844472 0.9792059
[1482, 0.47425812, 1.0415038, 2.840086, 0.7271279] 3.3272042 1.1337768 0.86578023 0.93733686
[1483, 0.5586708, 0.9805469, 5.6935763, 0.2734396] 2.9456682 1.25818 0.88853025 0.8177571
[1484, 0.5367352, 0.96420425, 5.940291, 0.57566875] 2.3786738 1.1876473 0.98582375 0.94995445
[1485, 0.49638644, 1.0148721, 5.1841335, 0.77474743] 2.8908894 1.2550973 0.91149944 0.96501064
[1486, 0.22323538, 1.1797874, 5.1936965, 0.39588675] 2.9892273 1.009227 1.1701052 1.0075908
[1487, 0.57172656, 0.95318675, 6.4107676, 0.22838283] 2.8776312 1.1035414 0.9011859 0.8348279
[1488, 0.5017223, 1.0171393, 6.2236996, 0.2614137] 2.8417814 1.0268136 0.9149004 0.87682676
[1489, 0.5563106, 0.99881345, 5.7676687, 0.36708194] 2.8294015 1.1939389 0.76003474 0.9551212
[1490, 0.5070126, 1.0142118, 7.460403, 0.21274094] 2.5920913 1.1805248 1.0891045 1.0270485
[1491, 0.5473357, 0.99619716, 5.197165, 0.3406675] 2.811843 1.0799952 1.0318611 0.9676768
[1492, 0.5248726, 1.0195858, 4.584163, 0.35116136] 2.8527477 1.2699614 1.1032115 1.0059563
[1493, 0.5482921, 0.9948577, 5.161452, 0.46782026] 2.887168 1.2261428 0.8978642 0.8278978
[1494, 0.4984473, 1.029359, 5.421718, 0.7056579] 2.4607518 1.2433059 0.98235446 0.91590357
[1495, 0.583275, 0.96002734, 5.748095, 0.41574287] 2.4987957 1.1789708 0.9084407 1.0207064
[1496, 0.47796857, 1.0528638, 4.135487, 0.4499022] 3.048413 1.2075675 0.8090341 0.80303526
[1497, 0.49173993, 1.053802, 4.3951683, 0.44339633] 2.8606956 1.2162848 1.1345085 1.0196368
[1498, 0.5303844, 1.0080239, 2.9519641, 0.8892319] 3.3468382 0.95632315 0.8892138 0.73422474
[1499, 0.55747944, 0.9878443, 6.322618, 0.7526265] 2.7503963 1.1027253 0.96649146 0.754211
[1500, 0.4386394, 1.0628448, 5.7191553, 0.56130064] 2.6383588 1.1717131 0.9491659 1.1164094
[1501, 0.4161154, 1.0853902, 4.493731, 0.46209317] 2.9839497 1.136239 0.96433693 0.8712372
[1502, 0.41205785, 1.0894494, 4.4134398, 0.5876082] 3.0225854 1.1618387 0.86317587 1.0007039
[1503, 0.43133128, 1.0633802, 5.7512226, 0.33448285] 2.7689524 1.0792832 0.9872837 0.95521796
[1504, 0.6097818, 0.921534, 7.4909296, 0.5171128] 2.40226 1.1690209 0.9203487 1.1008573
[1505, 0.52555656, 1.0249567, 5.030885, 0.4723832] 2.9747934 1.204705 0.91471386 0.76287615
[1506, 0.53224164, 1.0037749, 4.580456, 0.67254376] 2.7135973 1.1283588 1.0168743 0.841648
[1507, 0.45496088, 1.0562274, 4.6831093, 0.29286653] 2.65207 1.3323793 1.0403337 0.95473397
[1508, 0.43771628, 1.0440481, 5.7408767, 0.48429352] 2.6462688 1.2979727 0.9976122 0.92514837
[1509, 0.49127236, 1.0399367, 6.2175803, 0.40897042] 2.9154308 1.0136472 1.0395278 0.9333882
[1510, 0.52161247, 1.0013764, 5.725187, 0.35627666] 2.4100962 1.3041205 0.84409004 0.98997855
[1511, 0.5490232, 0.9680347, 6.2705183, 0.2385812] 2.7681036 1.0440562 0.9907079 0.7898523
[1512, 0.42999193, 1.0589728, 3.8090765, 0.5776745] 2.9961922 1.109945 0.8565638 0.9293942
[1513, 0.45701814, 1.0470834, 4.652184, 0.3977751] 2.800089 0.9507815 0.8999312 1.0533777
[1514, 0.46772397, 1.0633615, 4.422548, 0.47434565] 2.9091215 1.3031718 0.9980997 0.985151
[1515, 0.44326156, 1.0751346, 4.4747314, 0.8826148] 2.913222 1.1807667 0.9686384 0.8392598
[1516, 0.5338479, 0.98136395, 6.051345, 0.15325662] 2.9017692 0.9525435 1.0619568 0.90917176
[1517, 0.44660395, 1.0646408, 4.474807, 0.55624086] 2.9737325 0.93971443 0.83352697 0.97734475
[1518, 0.48971903, 1.0273767, 6.36956, 0.44647515] 2.7540824 0.9949314 0.9923743 0.879985
[1519, 0.5392867, 1.003377, 6.234901, 0.41802484] 2.541102 1.1739725 0.94696397 0.8350794
[1520, 0.59762406, 0.935444, 4.679697, 0.7332514] 2.5542562 1.2301898 0.9255268 0.8332598
[1521, 0.4922592, 1.0334829, 4.9814157, 0.38581115] 3.1390285 1.1012033 0.90724736 0.84519225
[1522, 0.49567702, 1.0572788, 4.084955, 0.63529825] 3.112858 1.15267 0.80266875 0.94932705
[1523, 0.47304636, 1.05092, 4.019851, 0.45950308] 2.9198375 1.1443174 0.9095138 0.9722803
[1524, 0.48622403, 1.0245821, 5.5465508, 0.39592445] 2.840226 1.038421 0.9099403 0.81016356
[1525, 0.5870813, 0.93832654, 6.329894, 0.27249336] 2.656669 1.1194525 1.0282621 0.8458724
[1526, 0.5100911, 1.0186138, 6.1309614, 0.53288484] 2.77894 1.0798668 1.011209 0.87222767
[1527, 0.58525324, 0.9299124, 5.822428, 0.37809035] 2.4952104 1.1529485 1.0437031 1.0188452
[1528, 0.55045676, 1.014454, 5.8926153, 0.2878413] 2.8420637 1.1432682 0.8207456 0.8379392
[1529, 0.5391356, 0.9991756, 6.4404893, 0.3560964] 3.0038066 1.2070701 0.8753763 0.6946079
[1530, 0.48057953, 1.0299625, 5.771761, 0.26191983] 2.835823 1.1444339 0.99703056 0.87175816
[1531, 0.46360147, 1.0402086, 6.0160656, 0.18866996] 2.8507667 1.1995928 0.9066358 0.9204953
[1532, 0.5287959, 1.0043924, 4.849711, 0.44952458] 3.0122721 1.0213554 0.7974603 0.89072037
[1533, 0.3967154, 1.092559, 3.3603544, 0.7031807] 3.12748 1.1915103 0.9295957 1.0701305
[1534, 0.5491043, 0.9913817, 5.095383, 0.6029612] 2.6740751 1.1043549 0.8958676 0.81441987
[1535, 0.45298725, 1.0726776, 4.511317, 0.4934999] 2.9691675 1.2358687 1.000928 0.7985764
[1536, 0.5134998, 0.99981695, 4.8723264, 0.35449877] 2.8546891 1.1913958 0.92579323 0.92966014
[1537, 0.54693764, 1.0015328, 3.9524212, 0.6362991] 3.112197 1.1879714 0.9336468 0.8965771
[1538, 0.56277615, 0.9705961, 4.327435, 0.6717352] 2.752852 1.1119406 0.89247984 0.7541251
[1539, 0.6021859, 0.93936694, 5.335756, 0.6874369] 2.64665 1.109203 0.9082529 0.7453901
[1540, 0.48544535, 1.0511712, 2.7868266, 0.70642805] 3.2425892 1.1151569 1.0303184 0.9655559
[1541, 0.45643607, 1.0436845, 2.7808063, 0.96386635] 3.1504672 1.2254088 0.84062636 0.8455464
[1542, 0.44689947, 1.0551819, 6.478478, 0.39785782] 2.5374737 1.0673896 1.0402272 1.0458493
[1543, 0.5977995, 0.9488941, 7.4929433, 0.21717487] 2.555025 1.3713472 0.9957634 0.8251021
[1544, 0.4997919, 1.0164036, 5.0726295, 0.56419605] 2.6004398 1.2548331 0.96359456 0.9761471
[1545, 0.441766, 1.0509044, 4.5962505, 0.41695613] 3.085159 1.120242 1.0363628 0.7840412
[1546, 0.50083876, 1.0381032, 5.781462, 0.4619753] 2.556832 1.1514106 0.98359966 1.0608406
[1547, 0.60862017, 0.93473774, 5.7080655, 0.4081963] 2.4229693 1.2967471 0.9587157 0.81584585
[1548, 0.600615, 0.94091195, 6.486544, 0.29440656] 2.7935958 1.0059123 0.864644 0.8040168
[1549, 0.5876298, 0.9395579, 5.628599, 0.38578227] 2.4898398 0.97537285 0.9948223 1.1239113
[1550, 0.45975524, 1.0576996, 4.8019795, 0.4790501] 2.7470946 1.3961226 0.99634546 0.8290331
[1551, 0.6160468, 0.8944553, 6.1995535, 0.2246243] 2.3974009 1.1766928 0.96101356 0.8712477
[1552, 0.5336234, 0.9801557, 6.824352, 0.30808556] 2.5818202 1.197701 0.97501016 0.9042797
[1553, 0.4672784, 1.0446397, 5.553862, 0.500577] 2.7106984 1.0809059 0.98459077 0.9356832
[1554, 0.4693968, 1.0665662, 6.46994, 0.45076147] 2.622511 1.1836958 0.9819391 1.0701619
[1555, 0.5433865, 0.99491477, 5.7684093, 0.46230218] 2.667343 1.2041551 0.93444514 0.8879335
[1556, 0.52818495, 1.0201463, 5.746808, 0.41691926] 2.8620353 1.0823239 0.85498166 0.97961515
[1557, 0.5729603, 0.95814735, 6.3011475, 0.5762381] 2.3949096 1.1561112 0.99559015 0.9157985
[1558, 0.55215615, 0.9649656, 7.484413, 0.23262411] 2.825303 1.1307392 0.8752901 0.9085378
[1559, 0.5294572, 1.0108889, 3.881499, 0.73255867] 2.8530881 1.2406356 1.1113632 1.1066431
[1560, 0.54155195, 0.9791545, 4.86894, 0.50320977] 2.6247973 1.2596713 0.9309092 0.870525
[1561, 0.5165124, 1.00916, 5.9866805, 0.34248605] 2.8437138 1.3640201 0.8536088 0.87750864
[1562, 0.45766106, 1.0827183, 3.766184, 0.9313712] 3.1188352 1.1064886 0.99005836 0.79486674
[1563, 0.5300243, 0.9922957, 6.228675, 0.42255604] 2.5957057 1.2259495 0.8986958 0.8907652
[1564, 0.48564857, 1.0243376, 6.305552, 0.16880427] 2.8145819 1.1289175 0.8738768 0.8981937
[1565, 0.516181, 1.0279101, 6.154947, 0.36571246] 3.0056481 1.1412152 0.9035373 0.68586624
[1566, 0.5977621, 0.9518433, 6.683221, 0.2820561] 2.7482803 1.244756 0.9138813 0.84988934
[1567, 0.41028032, 1.0876937, 5.532926, 0.38453603] 2.838657 0.9933721 0.9884054 0.8279885
[1568, 0.44601277, 1.0723337, 4.8869233, 0.44784668] 2.909928 1.1322956 0.9288893 1.0159659
[1569, 0.513082, 1.0160038, 5.0252395, 0.30236974] 2.7856598 1.2277658 0.949741 0.9965756
[1570, 0.5951149, 0.922647, 6.103534, 0.40143877] 2.1614704 1.2303141 1.0177379 1.087218
[1571, 0.49748033, 1.0303496, 4.723381, 0.6453635] 2.6820898 1.0747687 1.0590647 1.1620375
[1572, 0.3973902, 1.0888296, 5.335525, 0.3711374] 2.560961 1.3145373 0.8311616 1.0220822
[1573, 0.5129935, 0.9947561, 7.0504165, 0.31465572] 2.5645795 1.2062646 0.92169785 0.8844403
[1574, 0.4809185, 1.0622829, 5.6977687, 0.5887145] 2.7687092 1.1064736 0.9364956 1.0181624
[1575, 0.6276553, 0.9039763, 5.151209, 0.49820518] 2.2044353 1.2374799 1.0330342 0.9767535
[1576, 0.51015955, 1.0332798, 3.4875045, 0.6163546] 2.9844837 1.1327206 1.056003 0.92247385
[1577, 0.6111006, 0.9322576, 3.7613573, 0.45850918] 3.1127372 1.191062 1.001182 0.9775498
[1578, 0.5210274, 1.0209768, 7.008435, 0.31746846] 2.7042177 1.2046202 0.9797969 0.91351974
[1579, 0.34332988, 1.1306831, 3.2569258, 0.7815719] 3.3006105 1.1397579 0.8377516 0.899493
[1580, 0.49246734, 1.0449227, 4.4454813, 0.48048592] 3.176399 1.1586452 0.82233316 0.82432616
[1581, 0.62411314, 0.8237393, 4.8599653, 0.05695073] 2.5596316 0.86484796 0.83175534 0.9107393
[1582, 0.5215106, 1.0173844, 5.049408, 0.5155425] 2.598081 1.4086807 1.1660541 0.92103016
[1583, 0.4396583, 1.070817, 6.4262486, 0.2546728] 2.6335492 1.1288654 1.0420465 1.1477178
[1584, 0.48793623, 1.0394796, 4.9297633, 0.31721544] 2.9327786 1.0922608 0.88793 1.2266979
[1585, 0.504441, 1.0426921, 3.9986036, 0.4859395] 2.840604 1.2620447 1.0123053 1.0585271
[1586, 0.50190157, 1.0447471, 3.7840285, 0.79287297] 2.7657173 1.1697322 1.0391998 1.0903454
[1587, 0.58839095, 0.9464655, 6.79939, 0.22967117] 2.7788827 1.122375 0.91763455 0.95842445
[1588, 0.4924472, 1.0285256, 6.7021837, 0.5073408] 2.917192 1.203873 0.88765574 0.77950126
[1589, 0.5048746, 1.0271807, 6.0612617, 0.32994315] 2.789757 1.0692409 0.9218671 0.98022115
[1590, 0.5177697, 1.0325041, 4.493849, 0.45485535] 2.99299 1.1570674 0.8521752 0.8942026
[1591, 0.50079286, 0.9923465, 5.882279, 0.32296655] 2.386527 1.1869253 0.9231942 1.0449162
[1592, 0.5181991, 1.0182303, 5.2976875, 0.5796282] 2.9379897 1.2326406 0.81247836 0.861858
[1593, 0.61622626, 0.9197353, 5.355538, 0.52648664] 2.2425208 0.98317254 0.9566734 1.2203827
[1594, 0.5208639, 1.0198245, 4.4353385, 0.51714337] 2.9191163 1.2130896 1.0200872 0.96719974
[1595, 0.52204895, 0.98484975, 5.5307918, 0.14676248] 3.0293849 0.9221608 0.8614786 0.72156185
[1596, 0.54798245, 0.9794622, 6.5040646, 0.36364976] 2.7346642 1.1199973 1.013605 0.7956113
[1597, 0.53491604, 1.0151858, 5.375662, 0.7620531] 2.7959652 1.2575572 0.83089733 0.8831756
[1598, 0.4912292, 1.0320174, 3.4750526, 0.6021491] 3.217927 0.978095 0.8929672 0.810332
[1599, 0.5582002, 0.98247796, 5.916322, 0.75211394] 2.5742686 1.1764102 0.97404766 1.0455208
[1600, 0.49915278, 1.0394197, 4.5973372, 0.67709637] 2.8262537 1.1461506 1.0243827 0.93455666
[1601, 0.52687025, 0.9969141, 6.549987, 0.3353634] 2.6412299 1.1308484 0.9072409 0.94976187
[1602, 0.4793408, 1.0224706, 6.367791, 0.23985188] 2.6389277 1.1994092 0.98209035 1.1106694
[1603, 0.5406564, 0.97411126, 5.1804876, 0.45140338] 2.768018 0.96503794 0.8254888 0.9063776
[1604, 0.53821373, 0.99030733, 4.868008, 0.62529814] 2.4240003 1.3470018 0.9278704 0.93597597
[1605, 0.50200707, 1.031728, 5.348592, 0.36397982] 2.8931963 1.0211046 0.97177035 0.9057366
[1606, 0.545036, 0.9766275, 5.8697844, 0.40354192] 2.657979 1.1012824 1.0453167 0.94589645
[1607, 0.55806637, 0.9846111, 5.8341923, 0.50237453] 2.6134057 1.4144704 1.0616716 0.7490634
[1608, 0.40123627, 1.0834309, 5.0403624, 0.326383] 2.9035106 1.2847022 0.9463184 0.84327173
[1609, 0.5034094, 1.0163143, 5.7604055, 0.6049621] 2.6011772 1.1246985 0.85586363 1.0519748
[1610, 0.5161636, 1.0198667, 4.826815, 0.48303607] 2.9929674 1.2355288 1.0925343 0.8431577
[1611, 0.56757396, 0.9845534, 3.3720362, 0.6046817] 3.2757537 0.97421265 0.944116 0.94935817
[1612, 0.3749392, 1.1001499, 4.486093, 0.3603266] 2.853234 1.1916511 0.98248523 0.89081216
[1613, 0.49204805, 1.0659589, 4.739524, 0.47482806] 3.197707 0.85599273 1.100644 0.9712933
[1614, 0.50725704, 1.0187706, 5.465773, 0.44269705] 2.614192 1.2824898 0.9174551 1.1111922
[1615, 0.6697502, 0.85916305, 6.390725, 0.34149042] 2.1679516 1.4105141 0.99699646 0.92387325
[1616, 0.5280681, 1.0193373, 5.095972, 0.604825] 2.945598 0.9382456 0.9647938 0.96523565
[1617, 0.47868073, 1.0423408, 5.5830703, 0.5542638] 2.6953013 1.111477 0.8747247 0.99542975
[1618, 0.51299536, 1.0222192, 6.3191586, 0.30542833] 2.8244 1.0837519 1.0748149 0.8441401
[1619, 0.49657276, 1.0567399, 2.8028905, 0.83879447] 3.4747803 0.9106285 0.9067047 0.8535575
[1620, 0.5352607, 0.9783452, 6.6660314, 0.2887096] 2.597183 1.1405582 1.0697316 0.95253885
[1621, 0.45138824, 1.063743, 5.540582, 0.39356682] 2.7286506 1.2088581 1.0075845 1.0061965
[1622, 0.46753404, 1.0731552, 4.1099586, 0.68371624] 2.9963946 1.1755883 0.944239 0.96267915
[1623, 0.5510102, 0.99164706, 5.756672, 0.45768875] 2.9013584 0.9771052 1.0056727 0.99555826
[1624, 0.566565, 0.9668959, 6.173458, 0.18767796] 2.9493408 1.1156827 0.8704375 0.8355289
[1625, 0.53976643, 0.9814306, 5.313068, 0.29320446] 3.047144 0.95212823 0.9015619 0.7873387
[1626, 0.60626096, 0.9489004, 5.2756314, 0.49150455] 2.7395134 1.238554 0.9827491 0.9476765
[1627, 0.52086407, 1.027371, 6.240683, 0.28288856] 2.985009 1.0470712 0.8304973 1.0330391
[1628, 0.54434675, 0.99895215, 5.2080197, 0.818963] 2.8954978 1.0069338 0.88749355 0.8919246
[1629, 0.52342623, 1.0049669, 6.286253, 0.25643775] 2.8522003 1.0996393 0.8901008 0.92863125
[1630, 0.5278524, 1.0100353, 5.029808, 0.7169047] 2.883188 1.120673 0.8299532 1.0533901
[1631, 0.51290613, 1.0157499, 5.2639914, 0.42766464] 3.0659697 1.0803963 0.8810199 0.91892976
[1632, 0.5046854, 1.0095795, 5.9586587, 0.35266674] 2.6319966 1.0804875 1.1103446 0.98588514
[1633, 0.4260075, 1.0770437, 5.1164474, 0.8856137] 2.849599 0.97749895 0.87852716 0.9179346
[1634, 0.4767627, 1.0703828, 4.3409886, 0.69194597] 3.052022 1.1976091 0.86535394 0.8836502
[1635, 0.41905335, 1.0958898, 4.290346, 0.50441784] 2.8846705 1.10488 1.0129777 0.960477
[1636, 0.5672308, 0.9426878, 6.2409124, 0.43337896] 2.3803341 1.201698 1.0757205 0.94492203
[1637, 0.49893954, 1.0370157, 5.156298, 0.45189115] 2.8850737 1.0321612 0.968938 0.955379
[1638, 0.45327687, 1.0433748, 5.751095, 0.33846915] 2.470001 1.2059294 0.9762972 1.0333381
[1639, 0.49110532, 1.0506314, 5.7160873, 0.47088122] 2.891723 1.1032288 0.9240594 0.8166182
[1640, 0.45361856, 1.0554374, 4.8265877, 0.378531] 3.07804 0.9726225 0.8761499 1.034885
[1641, 0.41490525, 1.0847743, 5.4652987, 0.3080204] 2.8525188 1.1292095 1.0166217 0.91701883
[1642, 0.52694225, 0.9860395, 6.287223, 0.2597736] 2.4211354 1.3398348 1.0082784 1.0367898
[1643, 0.50144285, 1.008325, 5.919862, 0.31558472] 2.756895 1.0947055 1.0026838 0.89688694
[1644, 0.46963117, 1.0342357, 6.7175813, 0.3533795] 2.7356477 1.2323532 0.98362756 0.8494047
[1645, 0.4217013, 1.0649776, 5.6632566, 0.3946732] 2.7170312 1.147449 1.0663378 0.9278513
[1646, 0.55456954, 0.96946985, 4.9584637, 0.5526224] 2.8389285 0.9651004 0.9036019 0.83983684
[1647, 0.5391258, 1.0163412, 5.8266244, 0.3824318] 2.9196186 1.1057377 0.9656303 0.82869637
[1648, 0.43645388, 1.0954543, 5.763935, 0.55795926] 2.9563284 1.0445949 1.0401077 0.93405217
[1649, 0.48630017, 1.0417852, 6.985575, 0.21737388] 2.8558207 1.1646907 0.83213186 0.9801709
[1650, 0.48573604, 1.0318232, 5.8255053, 0.6036734] 2.7115355 1.135259 0.94649476 0.9127797
[1651, 0.6065929, 0.9476641, 5.811902, 0.6038493] 3.0380406 1.2427667 0.8503634 0.50572866
[1652, 0.5699825, 0.9589978, 6.0714664, 0.3420203] 2.9147282 1.0002551 0.86588675 1.0235649
[1653, 0.40097797, 1.1014282, 5.3085074, 0.46705455] 2.9842331 1.0137727 0.97723925 1.0729939
[1654, 0.49620217, 1.0013039, 7.2451773, 0.2043703] 2.3660603 1.1766993 0.96625537 1.0432128
[1655, 0.51328135, 1.0088022, 6.6223907, 0.2076711] 2.7158341 1.1147074 0.9650541 1.1081473
[1656, 0.56173855, 0.97924757, 4.63909, 0.5326786] 2.5386925 1.1480643 1.0326555 1.0917479
[1657, 0.4832223, 1.052941, 5.2622046, 0.4313566] 2.7098165 1.2104955 0.93517435 1.0324302
[1658, 0.56376374, 0.9833433, 4.413692, 0.40522218] 2.9587586 1.1973777 1.0209968 0.7546815
[1659, 0.55201113, 0.9677405, 7.032443, 0.31740305] 2.3842611 1.2747593 1.0095315 0.8905438
[1660, 0.43384448, 1.0636494, 4.8444195, 0.6329572] 2.8760526 1.1775603 1.0824549 1.0949941
[1661, 0.5558854, 0.9777845, 4.361413, 0.4022113] 3.1636565 1.1201077 0.83875626 0.89740896
[1662, 0.5059859, 1.040064, 4.844391, 0.5020057] 2.9063094 0.9657681 0.94337904 1.0291525
[1663, 0.50656307, 1.0027751, 4.369465, 0.7045147] 2.7278702 1.1405451 0.83074224 0.7584487
[1664, 0.47701266, 1.0660465, 3.737781, 0.6405422] 3.1515548 1.1324893 0.91481405 0.8702209
[1665, 0.4707332, 1.0308006, 6.8847594, 0.31988528] 2.7594962 1.0885139 1.0357938 0.8572389
[1666, 0.5739661, 0.96952444, 3.3784566, 0.9688846] 3.1387322 1.1777221 0.98266226 0.7606555
[1667, 0.4990671, 1.0352137, 5.007322, 0.46407717] 2.9862533 0.9657002 0.9670488 0.9945948
[1668, 0.48983663, 1.0439475, 5.2446814, 0.3434766] 2.9616246 1.1142352 1.0726941 0.71074563
[1669, 0.5350425, 1.0120509, 4.5948763, 0.3786001] 2.9739816 1.0771408 0.96382177 0.8689579
[1670, 0.5280015, 0.99826825, 5.9424343, 0.29735875] 2.8939204 1.0403879 0.8644725 0.7924205
[1671, 0.5517716, 0.9703868, 6.307544, 0.15628424] 2.7835107 1.154457 0.98783016 0.8093946
[1672, 0.4433707, 1.0665567, 5.898353, 0.37039483] 2.9697223 1.1401461 0.9586818 0.9446782
[1673, 0.5740708, 0.9708039, 6.5188475, 0.35315597] 2.7327073 1.129669 0.8561762 0.7720409
[1674, 0.66262114, 0.8899898, 5.3613505, 0.4089664] 2.882475 1.214404 0.9319694 0.8441681
[1675, 0.5408656, 1.0136573, 5.979145, 0.5404635] 2.7363393 1.1325387 1.0049807 0.7666427
[1676, 0.5219688, 1.0060208, 5.0574183, 0.2698644] 3.1847627 1.0697285 0.89188224 0.77779555
[1677, 0.5502025, 1.0042793, 3.852068, 0.62520635] 3.1067505 1.234506 0.8753405 0.7671937
[1678, 0.51394445, 1.0180752, 5.9728484, 0.5259597] 2.573492 1.1159959 1.0476116 1.0408151
[1679, 0.5144504, 0.9897088, 6.3495593, 0.309262] 2.8149724 1.0811927 0.89838284 0.8950681
[1680, 0.63702905, 0.91169167, 4.432287, 0.9642356] 2.7299023 1.2912931 0.777783 0.6285652
[1681, 0.5152758, 1.0117427, 5.231211, 0.44465014] 2.6909924 1.142854 1.0565233 1.0475547
[1682, 0.47189373, 1.0435857, 5.725505, 0.5318883] 2.7164469 1.0068574 0.94513655 0.90042907
[1683, 0.44383806, 1.0547239, 5.1728635, 0.5981474] 2.6230187 1.140909 0.93833476 0.90413386
[1684, 0.4965153, 1.0423425, 5.6844673, 0.34884465] 2.777966 1.2771345 0.9233829 1.0621837
[1685, 0.4652734, 1.0583899, 4.423744, 0.6092926] 3.2127483 1.0525707 0.9809488 0.8231293
[1686, 0.5542225, 0.96834964, 2.4380245, 0.6891246] 3.3580372 1.2624695 0.9184988 0.70906276
[1687, 0.55259943, 0.97018844, 7.613473, 0.19780727] 2.80521 1.1324947 0.93498194 0.8910476
[1688, 0.45564297, 1.0510027, 5.5328956, 0.5131081] 3.0001388 1.0872732 0.9209881 0.8071353
[1689, 0.48381937, 1.0396477, 5.0995426, 0.35627672] 2.8320882 1.1287127 0.94536924 0.76877093
[1690, 0.5419925, 0.99141914, 5.6503334, 0.43205214] 2.610127 1.1196675 0.8273415 1.106876
[1691, 0.5797753, 0.9552084, 5.026351, 0.5672699] 2.6221862 1.2475516 0.90256196 0.91113627
[1692, 0.44395226, 1.0754303, 4.6320205, 0.44314435] 2.981039 1.1207043 1.0954512 0.8813236
[1693, 0.47596508, 1.0448644, 6.2471952, 0.5319595] 2.8260348 1.0238553 0.83013177 0.98332703
[1694, 0.5676373, 0.95315963, 7.1226544, 0.20365198] 2.4371233 1.121288 0.8975876 0.97477037
[1695, 0.5090647, 1.0044773, 5.788136, 0.3542466] 2.6559517 1.2471335 0.8874835 0.97299474
[1696, 0.38710174, 1.1117584, 5.5349035, 0.27219698] 2.9548645 0.9322754 0.970806 0.9664659
[1697, 0.47101086, 1.0641173, 4.9399557, 0.89920944] 2.6517859 1.0465395 1.0383142 0.98085266
[1698, 0.6073437, 0.92559856, 6.9542074, 0.16846384] 2.5758502 1.1731482 1.0072426 0.85662526
[1699, 0.51136154, 1.0215086, 6.780454, 0.21150659] 2.7462785 0.90999085 0.93354845 0.99134624
[1700, 0.49894932, 1.0307866, 5.560295, 0.4577972] 2.7888956 1.1073704 0.9514129 1.040111
[1701, 0.5542921, 0.9698062, 5.4138947, 0.52368486] 2.4590154 1.1380978 1.071983 0.98577684
[1702, 0.50687414, 1.0303618, 5.4620957, 0.55780256] 2.9024818 1.2145606 0.9799321 0.96976584
[1703, 0.5354605, 1.0183804, 4.7648726, 0.44323096] 3.1581478 1.0658517 0.86278087 0.9602704
[1704, 0.38729596, 1.1036747, 3.9524531, 0.825598] 3.0700505 1.0316566 0.89891565 0.9331664
[1705, 0.59167963, 0.96457815, 5.433019, 0.5291481] 3.1086626 1.0945126 0.9593102 0.7183371
[1706, 0.51409817, 1.0293007, 5.8803673, 0.5317715] 2.7461097 1.0224714 0.9835773 1.1288589
[1707, 0.41558093, 1.0738626, 4.2938457, 0.83687294] 2.678579 1.089723 1.0107064 1.003301
[1708, 0.48504087, 1.010004, 4.5323896, 0.41285673] 2.9119434 1.0789944 0.9315081 0.9422951
[1709, 0.5171396, 1.0077076, 5.4588985, 0.33550522] 2.8790462 1.1676964 0.87992054 0.7642664
[1710, 0.4270613, 1.0732045, 5.1795125, 0.38610092] 2.8669572 1.1977285 1.0037364 0.89864266
[1711, 0.5740413, 0.96185213, 6.660978, 0.24214979] 2.5329776 1.164803 1.1121235 1.0042542
[1712, 0.46777079, 1.0590804, 4.9394426, 0.7369921] 2.6946023 1.226933 0.94790137 0.8992321
[1713, 0.49701223, 1.0201628, 6.172669, 0.27287278] 2.698537 1.2637573 0.9581358 0.8455342
[1714, 0.35088608, 1.12212, 3.9361951, 0.7149332] 3.0794268 0.9959036 0.9244691 1.015479
[1715, 0.5452486, 0.99796826, 5.6192126, 0.46770984] 2.7158594 1.1373469 0.9118137 1.0596656
[1716, 0.5171671, 1.0157965, 6.794851, 0.29246405] 2.6727831 1.0223035 0.92564195 0.9544553
[1717, 0.6303343, 0.8985686, 6.625824, 0.24724416] 2.9366097 0.9884474 0.8881911 0.8819956
[1718, 0.5229116, 0.9976951, 6.0899596, 0.61834705] 2.4837644 1.1905448 0.9346792 0.94256246
[1719, 0.5075348, 1.0388312, 6.2757773, 0.56743187] 2.759334 1.076553 1.037744 0.91172385
[1720, 0.63992167, 0.86976516, 5.878964, 0.4730561] 2.3950198 1.0306588 0.9477036 1.1084179
[1721, 0.41253516, 1.074459, 4.4647684, 0.5451589] 3.1307945 1.031592 0.930658 0.9266533
[1722, 0.56753683, 0.9805377, 6.115983, 0.44589677] 2.6584725 1.237583 0.99847203 0.84640753
[1723, 0.54520607, 0.99641836, 5.22878, 0.35607347] 2.795505 1.3052276 0.9542508 0.97340727
[1724, 0.45071056, 1.0573406, 5.9539523, 0.44715172] 2.6595297 1.3360888 1.0093187 0.8654203
[1725, 0.45598888, 1.0404713, 6.537458, 0.28536227] 2.8500295 0.97085375 0.93938935 1.0247282
[1726, 0.46511796, 1.0682569, 3.8259656, 0.7126944] 2.8769763 1.2478341 1.1693304 0.9544206
[1727, 0.47252703, 1.045222, 3.8043034, 0.72964895] 3.1262121 1.1086552 0.8472659 0.93871933
[1728, 0.40438932, 1.0777949, 4.145647, 0.32728046] 3.134503 1.1764008 0.8098992 0.8888829
[1729, 0.5221096, 0.99526894, 6.289134, 0.35655174] 2.4508882 1.2429674 1.1355016 0.78765494
[1730, 0.49453506, 1.0305789, 5.404503, 0.3229958] 2.8843381 1.110887 0.8895931 0.90414035
[1731, 0.6576162, 0.8715225, 5.394316, 0.24507451] 2.596494 1.0609766 1.0259602 0.97660905
[1732, 0.32135227, 1.1239111, 4.692615, 0.54313254] 2.9278202 1.0380504 0.8319681 0.9523792
[1733, 0.3835201, 1.1125791, 4.825102, 0.59148103] 2.9428575 1.0037788 0.988485 0.9775368
[1734, 0.5362242, 0.9925863, 5.5782466, 0.40707064] 2.771888 1.260289 0.98085594 0.95882887
[1735, 0.57034516, 0.9538062, 7.211392, 0.11155739] 2.6996102 0.96616423 0.98246455 0.8016293
[1736, 0.51948667, 1.0172057, 4.4049134, 0.3832863] 2.8408592 0.98076737 1.0497496 1.0119313
[1737, 0.46331424, 1.0643072, 5.159538, 0.3138043] 3.1461928 1.1729436 0.99829876 0.81769556
[1738, 0.53448665, 0.99570924, 5.612866, 0.6447325] 2.7296274 1.2093222 0.9508485 0.93962926
[1739, 0.45865592, 1.0665903, 4.5350566, 0.38240594] 2.945992 1.1932966 0.9265187 1.0563141
[1740, 0.452157, 1.0585223, 5.456345, 0.29525965] 2.903366 1.1754347 0.9401897 0.97030365
[1741, 0.5413456, 1.0296049, 5.1622386, 0.66774166] 2.8730319 1.1071693 1.0092762 1.0640717
[1742, 0.4320925, 1.0735589, 5.157707, 0.349998] 2.7813947 1.2006205 0.9319386 1.0008378
[1743, 0.5307704, 1.0169482, 4.695071, 0.611453] 2.9644294 1.0847043 0.8961405 0.7870429
[1744, 0.40764695, 1.1062659, 4.3665886, 0.9493572] 2.9948878 1.0977267 1.0832312 0.7837781
[1745, 0.6417016, 0.9195787, 4.8783875, 0.57359457] 2.7638278 1.127231 1.126998 0.8696484
[1746, 0.61843723, 0.92786336, 6.160099, 0.27185285] 2.7985144 1.1909554 0.80826604 0.91351014
[1747, 0.42446572, 1.0803925, 4.4534755, 0.75015527] 2.8438792 1.2299043 0.9298605 0.8818715
[1748, 0.56205904, 0.97000396, 6.0760984, 0.59809333] 2.6060143 1.1562027 0.81308454 1.1587421
[1749, 0.47905093, 1.0262423, 5.308367, 0.18708135] 2.8114738 1.2763203 1.0553745 0.84937906
[1750, 0.47920388, 1.0439111, 3.9254239, 0.55049133] 2.78186 1.2900709 0.9192614 0.93237317
[1751, 0.57911235, 0.932486, 6.6351757, 0.28588063] 2.4238055 1.1253787 0.95307153 0.9839962
[1752, 0.42648336, 1.0714104, 7.9679427, 0.23877837] 2.6283581 1.2220181 1.0004961 1.00086
[1753, 0.5377757, 0.963345, 6.437638, 0.110778086] 2.516819 1.3742881 1.0516351 1.0403632
[1754, 0.6006029, 0.9340014, 5.6944833, 0.39993307] 2.762956 1.1725236 0.8001658 0.81778353
[1755, 0.5948139, 0.94254524, 6.400149, 0.3128309] 2.3272908 1.2002435 1.0659771 1.0168971
[1756, 0.42885882, 1.0724937, 4.4999976, 0.6386962] 3.0301023 0.93146646 0.92950106 1.0205201
[1757, 0.48650557, 1.0407718, 5.2987695, 0.49751583] 2.5268326 1.1892842 0.8963841 1.1014404
[1758, 0.47250235, 1.0584879, 4.156524, 0.7689167] 2.938991 1.0902058 1.0103481 0.867694
[1759, 0.54366225, 0.9917057, 4.8444204, 0.4655932] 2.7762167 1.2451646 0.877967 0.9579151
[1760, 0.4599365, 1.0543333, 4.6045537, 0.6548338] 2.9721646 1.1880989 0.9526818 0.97434855
[1761, 0.41915846, 1.0849773, 3.963216, 0.5444675] 3.0739336 1.1521487 0.88409024 0.9197529
[1762, 0.49894515, 1.0162284, 6.639038, 0.17940462] 2.5990117 1.0227093 0.9387846 1.1270286
[1763, 0.46884915, 1.0385332, 5.577957, 0.25085902] 2.7851517 1.1586351 1.079453 0.99954754
[1764, 0.44287753, 1.0819862, 4.5699763, 0.543424] 3.1131308 1.0207211 0.8259186 1.0617784
[1765, 0.64954656, 0.8869225, 6.145582, 0.7697272] 2.3743277 1.2490463 1.0065039 0.9810417
[1766, 0.4319055, 1.0728437, 6.6712046, 0.35823902] 2.5822408 1.1581455 1.072775 1.0092283
[1767, 0.5066838, 1.0564561, 2.8472886, 0.9676577] 3.317675 1.1731575 0.8263148 1.0192509
[1768, 0.5059103, 1.0195934, 5.597511, 0.72158265] 2.5046408 1.0831672 0.95366335 1.0107267
[1769, 0.49265736, 1.028907, 3.2139773, 0.62743795] 3.2126772 1.0104513 0.9066353 0.92850757
[1770, 0.5039933, 1.010811, 6.0008254, 0.3195201] 2.936327 1.1096885 0.907642 0.9264851
[1771, 0.49136662, 1.039211, 5.240824, 0.3680312] 2.8794672 1.0891578 0.80991954 0.96582425
[1772, 0.4397445, 1.0839483, 3.3753362, 0.74325144] 3.0565572 1.2170802 0.9781309 0.9205737
[1773, 0.4626916, 1.0546795, 6.3590198, 0.34406042] 2.575668 1.2129589 0.95682466 0.8957943
[1774, 0.44682646, 1.0351409, 6.005052, 0.15431902] 2.885654 1.1229937 0.8992216 0.917022
[1775, 0.52204365, 1.0208921, 4.2984357, 0.58595836] 3.0161426 1.148575 0.9903477 0.80134094
[1776, 0.47674963, 1.0490184, 4.1291237, 0.70430773] 3.0512578 1.1284734 0.8130117 0.92829823
[1777, 0.48028362, 1.0460774, 5.347813, 0.5007666] 2.8040717 1.1992265 1.0215745 0.85025203
[1778, 0.46467003, 1.0579318, 5.354199, 0.4310713] 2.6334395 1.2055526 0.93846226 0.98456
[1779, 0.51967186, 1.0204074, 4.192922, 0.779958] 2.8590426 1.2630284 0.9586742 0.96142
[1780, 0.49290892, 1.0322274, 6.4435596, 0.3609147] 2.5935793 1.1540983 0.9874392 0.97356087
[1781, 0.5453938, 1.0185679, 4.079507, 0.52558804] 2.922924 1.2020531 0.89961934 1.062587
[1782, 0.49282306, 1.0264145, 6.330172, 0.16664895] 2.9469178 1.00457 0.9492393 0.9958995
[1783, 0.4171711, 1.0640136, 6.8056293, 0.20640776] 2.6544192 1.2520756 0.9601468 1.018361
[1784, 0.50190526, 1.0120631, 5.207637, 0.6537231] 2.5011191 1.0113944 1.0564814 1.0176895
[1785, 0.51489705, 0.9987464, 6.455535, 0.24725965] 2.5677552 1.2532892 1.0112813 0.93224484
[1786, 0.4873946, 1.0316901, 6.2008643, 0.3235754] 2.8148868 1.1765211 0.9864869 0.7940157
[1787, 0.39475122, 1.083456, 5.2926083, 0.49225107] 2.8373942 1.1806052 1.0056968 1.0238284
[1788, 0.46458778, 1.0460861, 5.1387453, 0.5755826] 2.6494696 1.124812 0.90792334 0.9360208
[1789, 0.5112205, 1.0321119, 3.4659877, 0.77255267] 3.182548 1.0294383 0.87405187 0.905919
[1790, 0.48767084, 1.0491132, 5.1225257, 0.3236772] 2.8931782 1.1084529 0.9187015 0.9725385
[1791, 0.39127874, 1.0766172, 5.651044, 0.22370264] 3.0011587 1.1737169 0.8742661 0.85136515
[1792, 0.4894458, 1.0308474, 4.9367824, 0.6203092] 2.983651 0.9099149 0.9698078 0.8103092
[1793, 0.4448448, 1.0766256, 5.270881, 0.46994585] 2.8159642 1.0541515 1.0561211 0.8959065
[1794, 0.40704912, 1.081414, 6.5156307, 0.3727086] 2.5890536 1.1778238 1.2189622 0.8830729
[1795, 0.4510079, 1.080368, 5.7203774, 0.54248154] 2.459292 1.2173929 1.1505842 1.2332318
[1796, 0.5179169, 1.010812, 5.157625, 0.44452524] 2.461878 1.127687 0.99497074 1.0885788
[1797, 0.58664536, 0.9693412, 5.239986, 0.38115993] 2.9915638 1.1844314 0.92886335 0.8126403
[1798, 0.52361953, 1.0045347, 5.707261, 0.519649] 2.7654564 1.2624953 0.8869946 0.8311202
[1799, 0.5276393, 0.9993856, 6.938383, 0.15370621] 2.7949395 0.99760026 1.0849277 0.9709194
[1800, 0.48583025, 1.0361828, 6.1706214, 0.27234057] 2.9514754 1.1322298 0.871408 0.9340864
[1801, 0.5562395, 0.97550035, 4.578749, 0.3546282] 3.0096333 1.141484 0.8366744 1.089377
[1802, 0.50351393, 1.0273938, 5.523653, 0.3196377] 2.7289135 1.1173495 1.1329894 0.976461
[1803, 0.46614963, 1.0660496, 3.6889427, 0.79317296] 2.8239117 1.4431187 0.93452847 1.0160699
[1804, 0.5147495, 1.0209836, 5.8301625, 0.8219224] 2.7758396 1.3094046 0.8764691 0.66680914
[1805, 0.5346632, 1.009971, 5.8205667, 0.32070416] 2.9518151 1.0445813 0.9760486 0.73015183
[1806, 0.4773803, 1.0723836, 4.3755245, 0.4531443] 3.0870533 0.98316294 0.9574765 0.82816005
[1807, 0.3475631, 1.1001292, 5.93843, 0.5831095] 2.503005 1.113031 1.074623 0.9820751
[1808, 0.51707876, 1.0404968, 2.9573326, 0.7209326] 3.2274687 1.2474091 0.8851928 1.065571
[1809, 0.5095423, 1.0391403, 3.7423146, 0.65382564] 3.1183777 1.1022162 0.87311727 0.96637255
[1810, 0.46248382, 1.0589203, 2.8067465, 0.74775374] 3.1449018 1.0548153 0.9379693 0.9962908
[1811, 0.35484114, 1.1789099, 2.4022512, 0.6076273] 3.4756985 1.2116895 0.85759693 0.9338127
[1812, 0.5984548, 0.9123386, 6.4309072, 0.22849552] 2.260808 1.2355236 1.013245 0.99569505
[1813, 0.46177635, 1.0702642, 3.6818674, 0.8110172] 3.109085 1.1422228 0.83198524 1.0392841
[1814, 0.46355438, 1.0541235, 4.3359375, 0.6158207] 2.9340084 1.1551772 0.9141754 1.0281831
[1815, 0.4861891, 1.0511508, 3.4395788, 0.7966064] 3.074288 1.1141196 0.9912066 0.91603464
[1816, 0.5051574, 1.0021447, 7.338611, 0.27521944] 2.4293647 1.1013083 0.97094995 0.85485077
[1817, 0.46500108, 1.0611238, 4.6727734, 0.48199856] 3.0008156 1.2242196 0.90511435 0.876029
[1818, 0.41121733, 1.106619, 4.451042, 0.7058984] 3.1703095 0.9052053 0.9107554 0.88140386
[1819, 0.52182615, 0.99747276, 7.233499, 0.25016108] 2.567365 1.2619648 0.97628623 0.9219455
[1820, 0.6090485, 0.9300785, 6.4849424, 0.287361] 2.7632396 1.0601683 0.9380456 0.98533434
[1821, 0.55404156, 0.9912342, 5.9289823, 0.32612064] 2.7631533 1.419847 0.8495429 0.75634706
[1822, 0.56638324, 0.9760106, 5.0904636, 0.30497378] 2.839648 1.0091019 1.0018661 0.775362
[1823, 0.50577486, 1.026117, 3.927282, 0.4385217] 3.1301801 1.0889187 0.9858262 0.82974154
[1824, 0.4869863, 1.0421367, 4.7704268, 0.36347932] 2.8777707 1.0910146 0.972175 1.0432074
[1825, 0.48009202, 1.0525274, 6.318498, 0.32213783] 2.8543622 1.2238661 0.97331035 0.8501981
[1826, 0.5355592, 1.0101527, 6.041446, 0.2949969] 2.6660757 1.1262056 0.96985096 0.99737346
[1827, 0.47291887, 1.0467712, 4.0045567, 0.70016724] 2.7781465 1.2482586 1.0326318 0.86568874
[1828, 0.4558377, 1.0534669, 4.25923, 0.45430994] 3.0153766 1.187005 0.868874 0.8648334
[1829, 0.5148321, 1.0006669, 7.545489, 0.4557404] 2.6652195 1.2688096 0.95239717 0.8030555
[1830, 0.5173739, 1.0267677, 4.5739255, 0.71577996] 2.991793 1.1324648 1.0207015 0.8274282
[1831, 0.4957922, 1.033005, 4.6205177, 0.9443495] 2.7811637 1.0761185 0.99535495 0.9376496
[1832, 0.45205694, 1.0822974, 4.267628, 0.3969455] 3.0045338 1.1495911 1.0745664 0.9222012
[1833, 0.45227405, 1.0572419, 4.655193, 0.27992243] 2.9967566 1.1022217 0.9485344 0.9547441
[1834, 0.533993, 0.99711686, 6.7845936, 0.2658249] 2.704783 1.0133024 0.91788375 1.2574811
[1835, 0.53881204, 1.000449, 4.776587, 0.40231115] 3.1264665 1.0122786 0.9596084 0.92669076
[1836, 0.44884777, 1.0543848, 5.197019, 0.30061206] 2.8781679 1.0832176 1.0256305 0.9717872
[1837, 0.6026421, 0.93156964, 5.3594923, 0.5709776] 2.7887478 0.9164353 0.7878016 0.79274297
[1838, 0.39789528, 1.0884321, 4.582819, 0.81583637] 2.874103 1.1188668 0.9602783 0.95935774
[1839, 0.41614318, 1.0944821, 4.094927, 0.5391294] 2.9292698 1.0800183 1.0745999 0.9803806
[1840, 0.53986305, 1.0029283, 4.090529, 0.6597246] 2.4202385 1.183756 0.94940394 0.97166663
[1841, 0.4632034, 1.0634488, 4.982239, 0.5525537] 2.7161102 1.2262177 0.86062175 0.99124116
[1842, 0.5625883, 0.9980989, 3.9156656, 0.77892387] 3.254893 1.0559406 0.8264078 0.86197484
[1843, 0.5897796, 0.9645232, 4.3575377, 0.60200185] 3.0145068 1.1951169 0.81974924 0.6972553
[1844, 0.5117518, 1.011143, 5.3004537, 0.46612507] 2.9834106 1.1261497 0.89038855 0.86748415
[1845, 0.521287, 1.0166385, 5.5695443, 0.32824257] 2.8986282 1.1413542 0.9024023 1.0231677
[1846, 0.47747564, 1.0439435, 5.229243, 0.5332868] 2.7424645 1.180782 0.8617319 0.99252313
[1847, 0.503529, 1.017227, 5.4995956, 0.32559606] 2.7738523 1.2529845 1.0977093 0.8289486
[1848, 0.40629044, 1.0936307, 4.370443, 0.5869743] 2.7336757 1.1351023 1.0856936 1.0181293
[1849, 0.43890467, 1.074325, 4.7860136, 0.62070954] 2.9249597 1.0186375 0.9930106 0.90948933
[1850, 0.60685474, 0.93615305, 6.678149, 0.49079835] 2.782727 1.1754967 0.95921755 0.8573265
[1851, 0.4727685, 1.0425526, 5.1419277, 0.57030624] 2.7833705 1.1045445 1.0128018 0.872495
[1852, 0.4614058, 1.0542794, 4.9459662, 0.5078836] 3.0528445 1.1672351 0.9385585 0.86711526
[1853, 0.48545626, 1.0511295, 5.8499737, 0.5936406] 2.5781398 1.1913542 1.0227339 0.99569046
[1854, 0.5414163, 1.0008653, 6.1367946, 0.3928598] 2.9539797 1.0723637 1.111629 0.9424188
[1855, 0.41836753, 1.0655321, 5.564046, 0.32653907] 2.8414974 1.2141625 1.026026 0.8551338
[1856, 0.55352825, 0.9920244, 6.3909335, 0.33794647] 2.543703 1.2354473 0.9482961 1.0116704
[1857, 0.49757606, 1.0235096, 6.6665645, 0.32295594] 2.8972762 1.1442678 0.95382726 0.7640332
[1858, 0.52918345, 0.9756593, 6.939339, 0.19622369] 2.670618 1.2786235 0.95574766 0.8719052
[1859, 0.48066446, 1.0383404, 7.599879, 0.20112011] 2.58414 1.2250347 1.0802587 0.87375146
[1860, 0.49922952, 1.0406955, 5.7782736, 0.3993304] 2.7514253 0.9993344 0.8784672 0.98805183
[1861, 0.59328043, 0.9560276, 5.090286, 0.5869242] 3.0220344 1.3433821 0.8694949 0.6760618
[1862, 0.5124014, 1.0069344, 6.9300385, 0.18413866] 2.698961 1.1511834 1.0211508 0.8863286
[1863, 0.556186, 0.9900656, 5.269173, 0.39592108] 2.838245 1.1309413 0.9927459 0.8692275
[1864, 0.4785115, 1.038059, 6.2621975, 0.6291125] 2.517784 1.2429093 0.97087365 0.91210145
[1865, 0.3466744, 1.1099181, 5.765971, 0.45280936] 2.7257996 1.0299683 1.0919278 1.0720627
[1866, 0.5309097, 1.0273689, 4.71945, 0.52026516] 2.9245644 1.138627 0.9626019 0.96801656
[1867, 0.52850074, 1.0290719, 4.402865, 0.77120394] 3.101236 1.1070155 0.8258789 0.8802006
[1868, 0.5665213, 0.98937243, 4.486935, 0.65672076] 2.673413 1.2907554 1.0950341 0.8108334
[1869, 0.45966926, 1.0517077, 5.9871826, 0.28114095] 2.5853207 1.3387908 1.0570577 1.0021108
[1870, 0.5352938, 0.9986857, 7.958677, 0.2063431] 2.6604862 1.2695094 0.99910724 0.78662884
[1871, 0.5047523, 1.0078586, 3.612733, 0.5336911] 3.0685878 1.2369801 0.97731894 0.9358436
[1872, 0.52183133, 1.0182573, 5.737591, 0.3238352] 2.814608 1.1148177 0.79595643 0.9701558
[1873, 0.41377625, 1.0933491, 6.4113994, 0.2955792] 2.727458 1.3398132 0.86405754 0.8432757
[1874, 0.5013769, 1.0029539, 4.9426136, 0.35864675] 2.7956069 1.030393 0.8536447 0.90357643
[1875, 0.48408383, 1.0587739, 4.994066, 0.42654693] 2.817124 1.2810346 0.9044404 0.99587125
[1876, 0.5417639, 0.99669427, 5.372666, 0.3734037] 2.6075776 1.1847286 0.9349595 1.0669123
[1877, 0.50030494, 1.0550038, 3.6331074, 0.57571876] 3.035581 1.1224264 0.9501545 0.97950995
[1878, 0.6010315, 0.9436318, 6.517325, 0.46953377] 2.651019 1.1380255 0.9852929 0.74428785
[1879, 0.4687441, 1.0418929, 6.231629, 0.29066736] 2.7501483 1.1686282 0.9607723 0.8757918
[1880, 0.51507777, 1.0144963, 6.1166935, 0.39324203] 2.6417596 1.1530005 1.0289583 0.75767356
[1881, 0.5106132, 1.0247993, 5.6461997, 0.42831555] 2.967509 1.108931 0.8302402 0.7730775
[1882, 0.57910186, 0.95129746, 5.512018, 0.5680317] 2.651431 1.1779792 0.87622625 0.7586818
[1883, 0.4748275, 1.0642836, 4.723795, 0.61462736] 2.9940634 1.1927801 0.8916917 0.85655296
[1884, 0.5605656, 0.94585586, 6.902231, 0.17405139] 2.4962244 1.103154 1.0177745 1.0505302
[1885, 0.61616534, 0.9228444, 5.6134233, 0.44092816] 2.4086442 0.91716456 1.172689 1.0486821
[1886, 0.5201779, 1.0154433, 5.9931035, 0.32651198] 2.6943727 1.2149764 0.91201353 0.96818817
[1887, 0.4623853, 1.0605192, 5.443527, 0.4282523] 3.037653 0.951822 0.96554095 1.0270591
[1888, 0.5244837, 1.0184928, 4.0251417, 0.6485874] 2.8734167 1.2127737 1.0290453 0.9859322
[1889, 0.55344224, 0.990632, 5.378408, 0.46865594] 2.8505912 1.1812752 1.072607 0.77053356
[1890, 0.54124165, 0.99776477, 5.880742, 0.39268905] 2.487349 1.1329668 0.9384845 1.2588292
[1891, 0.55970466, 0.99382734, 5.4305677, 0.65545213] 2.711477 1.1760415 0.99956596 1.0703517
[1892, 0.45767242, 1.0606412, 6.8403563, 0.55336726] 2.8110826 1.0530894 0.9422648 0.8487043
[1893, 0.5681819, 0.9628742, 6.079398, 0.5057365] 2.653912 0.9506996 0.99676275 1.0292469
[1894, 0.50952715, 1.014321, 3.076204, 0.7054949] 3.2948492 1.2461222 0.9093515 0.7527519
[1895, 0.48843977, 1.0482775, 3.9112804, 0.6975602] 3.1130173 1.1909528 1.0574344 0.92337936
[1896, 0.40635234, 1.0909737, 4.8203344, 0.8721716] 3.0588353 1.1001244 0.950103 0.7754263
[1897, 0.40883058, 1.0943829, 5.752169, 0.45126525] 2.7967405 1.2223332 0.96204484 0.8964853
[1898, 0.3959699, 1.08039, 5.33796, 0.5431312] 2.8660898 1.1108974 0.9017237 0.8795375
[1899, 0.5681303, 0.9630869, 5.654568, 0.3038631] 2.9134321 1.0645155 0.91804224 0.8090309
[1900, 0.53146386, 1.0101746, 4.616117, 0.30082518] 3.0633004 1.2500077 0.93015003 0.75677705
[1901, 0.5646183, 0.9925837, 4.0634637, 0.48998374] 3.283304 1.123235 0.8227399 0.7360447
[1902, 0.48120454, 1.0294847, 5.8456764, 0.55980664] 2.4550087 1.0970826 1.007887 1.1264325
[1903, 0.57864505, 0.962078, 5.0176525, 0.53587025] 2.5803614 1.25083 1.0137649 0.727357
[1904, 0.46544912, 1.0670496, 4.048046, 0.37373623] 2.9665525 1.072259 0.9563627 1.0050086
[1905, 0.45241216, 1.066487, 3.715061, 0.92579025] 2.838619 1.2482171 1.0031009 0.9522191
[1906, 0.5143009, 1.0033212, 4.8529677, 0.28530523] 2.9797373 1.2189229 0.9321265 0.8978591
[1907, 0.4630862, 1.0748863, 5.1053987, 0.40030757] 2.9024816 1.175306 0.80335546 0.88284373
[1908, 0.50046945, 1.0125705, 5.7379017, 0.26917714] 2.8610902 1.1227453 0.861823 0.8889815
[1909, 0.4720922, 1.0398021, 4.2534933, 0.49529186] 2.8190494 1.2669641 0.9642734 0.97647816
[1910, 0.5002805, 1.0323601, 3.206386, 0.9232973] 3.2491148 1.0544672 0.9703105 0.97908634
[1911, 0.56077814, 0.94945604, 6.967529, 0.17942956] 2.400424 1.0801828 1.0529834 1.0688447
[1912, 0.47575328, 1.0500836, 5.1656175, 0.33162943] 2.8951468 1.1555419 0.9466248 1.0556349
[1913, 0.6019926, 0.9320068, 5.8142457, 0.31416097] 2.6430333 1.0295593 0.863334 0.8898807
[1914, 0.516403, 1.018064, 6.1569734, 0.5040416] 2.744321 1.0577431 0.9385007 1.0086607
[1915, 0.5984279, 0.94954306, 4.708669, 0.6873181] 2.4426012 1.2051572 1.1338943 0.8121344
[1916, 0.43708965, 1.0608944, 6.680015, 0.27381986] 2.6605184 1.1371292 1.0929153 1.0180509
[1917, 0.37626398, 1.0833119, 5.830906, 0.5424629] 2.5400953 1.1180822 1.0883318 1.0988306
[1918, 0.52880085, 1.0080237, 4.055841, 0.60170484] 3.104223 1.1427118 0.9532099 1.0230355
[1919, 0.36501935, 1.120727, 5.7834144, 0.45442972] 2.6886246 1.2362198 0.99148065 1.0661855
[1920, 0.6768317, 0.89579165, 3.2864983, 0.80986875] 3.0875704 1.1584724 0.9564591 1.1188663
[1921, 0.49316934, 1.0538778, 4.1062465, 0.52052855] 3.0577111 1.1593485 0.97518075 0.9233382
[1922, 0.53970224, 0.9880242, 5.3930726, 0.7724541] 2.6910403 1.120456 0.84971386 0.78429806
[1923, 0.4742827, 1.048249, 4.344929, 0.56809634] 2.9034042 1.081385 1.0325688 1.1170589
[1924, 0.5199479, 1.0128242, 6.2960634, 0.31028605] 2.6378796 1.1310601 0.8654811 0.9755472
[1925, 0.47836822, 1.0384256, 5.7328143, 0.661618] 2.5107715 1.23631 0.9329349 0.9833682
[1926, 0.5184516, 0.9856146, 6.0026884, 0.4101668] 2.5010705 1.1773354 1.0098978 0.94438183
[1927, 0.5684484, 0.9747607, 5.9023767, 0.35969716] 2.5485222 1.2186922 1.0060848 0.85035634
[1928, 0.5554838, 0.97347, 9.904235, 0.13759606] 2.741515 1.0173651 0.97336704 0.89398795
[1929, 0.50502676, 1.0025116, 5.594689, 0.3953131] 2.636225 1.0156283 0.95775217 0.92201126
[1930, 0.45680588, 1.0638326, 5.9986324, 0.42026737] 2.7144198 1.1011095 1.0057429 1.0831453
[1931, 0.49379352, 1.0336344, 5.8178077, 0.28157085] 2.7890763 1.1787186 1.0580589 0.92603415
[1932, 0.42397124, 1.0591182, 4.4643483, 0.79818296] 2.9113147 0.97625697 1.0220705 0.8887691
[1933, 0.4564924, 1.0626807, 4.2016783, 0.81540596] 3.0013044 1.0135697 0.9736701 0.96495664
[1934, 0.48168334, 1.0373299, 5.808093, 0.75589365] 2.6359277 1.304225 0.98950684 0.7992981
[1935, 0.50754666, 1.0247349, 5.1230903, 0.6223174] 2.9610212 1.0412326 1.0480965 0.79571885
[1936, 0.5066964, 1.0148884, 5.206987, 0.33557135] 2.8873324 1.217347 0.7659859 0.9440911
[1937, 0.49166209, 1.0519845, 3.296189, 0.9404906] 3.1703157 0.9550336 1.0359099 1.0329062
[1938, 0.54842395, 0.9852124, 6.337181, 0.26185727] 2.850455 1.1476858 1.0072575 0.7519423
[1939, 0.42892754, 1.0626931, 6.065585, 0.59015185] 2.6097078 1.1889788 0.93181705 0.9755609
[1940, 0.40839022, 1.0647804, 6.6860385, 0.345275] 2.598139 1.1583476 0.9603607 0.89223766
[1941, 0.5734324, 0.9635864, 6.039444, 0.3360902] 2.401069 1.2505898 0.95375407 1.047196
[1942, 0.4183085, 1.0691857, 4.8673244, 0.8212057] 2.5295587 1.103901 0.95053726 1.0460594
[1943, 0.5910751, 0.95265347, 5.9356623, 0.39609388] 2.6946592 1.1056678 1.0399159 0.8657859
[1944, 0.4943026, 1.0480773, 4.0726347, 0.58107156] 3.1579711 1.1559556 0.9256838 1.0552081
[1945, 0.45168272, 1.0547013, 5.881584, 0.40110773] 3.0132046 0.99287874 0.98707515 0.85240835
[1946, 0.5393732, 0.9885792, 5.3020244, 0.34162575] 2.5789316 1.2085843 0.9266352 0.9537137
[1947, 0.5221153, 1.0159931, 5.7724724, 0.81884885] 2.8064344 1.1012261 0.9403801 0.8915801
[1948, 0.42348024, 1.0611433, 7.0812874, 0.21390338] 2.7508752 1.047743 1.0547968 0.95801204
[1949, 0.50357544, 1.0520136, 4.8238354, 0.4766888] 2.778379 1.1677319 1.0170197 1.0989016
[1950, 0.5990361, 0.906062, 6.0811253, 0.24195659] 2.5539298 1.1340106 0.8333155 0.9519763
[1951, 0.5510363, 0.9530586, 5.5317154, 0.5629364] 2.357344 1.2659256 0.91979724 1.000167
[1952, 0.5525056, 0.96691257, 4.649352, 0.47218496] 2.558428 0.98132515 1.0744904 0.9411483
[1953, 0.4273346, 1.0587642, 5.2140913, 0.45586038] 2.7964122 1.1221346 0.88069445 0.9280225
[1954, 0.46398142, 1.0447187, 6.201794, 0.24145482] 3.0172222 0.790219 0.94854355 0.96134305
[1955, 0.5209639, 1.0118634, 4.4545245, 0.5610569] 2.8612363 1.2205184 0.8884266 0.84908485
[1956, 0.48392767, 1.0110656, 5.7295103, 0.20925319] 2.7713315 1.106892 0.9581077 0.9331012
[1957, 0.551666, 0.9619552, 6.357068, 0.46243736] 2.406914 1.2354997 1.0541317 0.97093666
[1958, 0.44442174, 1.0599649, 4.907071, 0.6621456] 3.0121992 1.0331149 1.0332803 0.8194924
[1959, 0.609367, 0.9342626, 6.5305, 0.432779] 2.7266853 1.201259 0.8702591 0.84915894
[1960, 0.5117518, 1.0186607, 4.582418, 0.5020095] 2.9879143 1.159768 1.0249661 0.88492763
[1961, 0.4912283, 1.0465361, 3.9199462, 0.64744776] 3.1431859 1.0885577 0.88020676 0.9783148
[1962, 0.53183717, 1.0032972, 6.739359, 0.37247264] 2.659282 1.1763004 0.91310436 1.1091452
[1963, 0.6100729, 0.91763073, 5.905548, 0.38750383] 2.4767044 1.2731177 0.7793498 0.8742783
[1964, 0.46570635, 1.0561858, 4.5582786, 0.68891406] 2.8681974 1.0724927 0.91664064 1.130883
[1965, 0.48400632, 1.0482562, 5.160431, 0.30606383] 2.8469403 1.2420611 0.9087696 1.0693121
[1966, 0.4293635, 1.0570846, 5.399402, 0.2994831] 2.7956307 1.2181351 1.070325 0.8703389
[1967, 0.5224919, 0.98684734, 4.718137, 0.38566738] 2.9364805 1.2278214 0.93250495 0.78504074
[1968, 0.4388257, 1.0716585, 6.1033974, 0.37396535] 2.8974507 1.0443323 0.9060522 0.9947064
[1969, 0.49156442, 1.0675011, 5.1287227, 0.5605329] 2.862625 1.0734245 0.9091162 0.783144
[1970, 0.44135436, 1.0550729, 4.571698, 0.80218047] 2.7405245 1.1518246 1.0014839 0.944004
[1971, 0.51621467, 1.0481814, 4.341571, 0.8358168] 2.956138 1.202171 0.89851713 0.99594617
[1972, 0.5964505, 0.9398005, 6.5041385, 0.34602225] 2.3670366 1.1691053 1.0251144 1.0344971
[1973, 0.4771381, 1.0456469, 7.75861, 0.26032758] 2.507748 1.0466843 1.1517894 1.0951186
[1974, 0.46892822, 1.0670917, 3.612518, 0.8195462] 3.058633 1.1727545 1.0209922 1.0324138
[1975, 0.5311031, 1.0186963, 5.6847224, 0.36524454] 3.04133 1.0692372 0.9052176 0.7947393
[1976, 0.55107653, 0.96807945, 6.0440507, 0.36432588] 2.5183358 1.015283 1.0826375 0.9007232
[1977, 0.4488166, 1.0747665, 4.4689736, 0.56931114] 2.9296908 1.081775 0.9841066 0.8809929
[1978, 0.50410396, 1.0177304, 4.3722076, 0.4460779] 3.025594 1.2243747 0.85254693 0.7869467
[1979, 0.49165276, 1.0489722, 4.0439763, 0.53206164] 2.9421294 1.2369437 0.97679275 0.9770107
[1980, 0.44968057, 1.0430276, 6.22324, 0.5431593] 2.3949673 1.2447214 0.9802981 1.0706924
[1981, 0.5835648, 0.95675135, 5.459459, 0.26402667] 2.7157335 1.0300992 1.0027667 1.0770005
[1982, 0.48083362, 1.0383714, 5.749061, 0.32070172] 2.655219 1.2372435 0.9977705 0.7851752
[1983, 0.5301952, 0.9997631, 5.0203433, 0.47718284] 2.7668397 1.2488465 1.0976083 0.8202588
[1984, 0.5722098, 0.97450286, 6.3047147, 0.56319785] 2.6724164 1.0880544 0.91833663 1.062962
[1985, 0.5090457, 1.0317788, 5.4121084, 0.7168708] 2.5843778 1.1772405 0.9699501 0.8611603
[1986, 0.5717473, 0.97302747, 3.4847896, 0.5235623] 3.2958357 0.88231736 0.87025833 1.1275486
[1987, 0.5363325, 0.99389225, 5.2727466, 0.99823] 2.5519555 0.9904499 1.1211826 0.885258
[1988, 0.5597099, 1.0101742, 4.410934, 0.43380606] 2.9950843 1.223441 0.93237233 0.84734756
[1989, 0.5878727, 0.9722751, 5.6672072, 0.44015843] 2.3778524 1.2282139 1.1261294 1.3171118
[1990, 0.5604338, 0.9823608, 4.4788284, 0.53514844] 2.786937 1.113731 0.9440664 0.92422086
[1991, 0.499179, 1.0548409, 4.9852433, 0.53820014] 2.9412723 1.1983624 0.786042 0.9815992
[1992, 0.4642877, 1.0714579, 4.7583504, 0.48529607] 2.861209 1.1169387 0.9636971 0.941014
[1993, 0.56291324, 0.9740719, 5.63474, 0.2932014] 2.7358909 1.0775836 0.85189 0.918207
[1994, 0.48455858, 1.0524708, 5.0300884, 0.4945245] 2.9979758 1.0987878 0.83495384 0.9314837
[1995, 0.47125512, 1.0233842, 6.040351, 0.33704457] 2.3638184 1.096537 1.0730404 0.98083335
[1996, 0.450434, 1.0757757, 4.140417, 0.77486277] 3.0105207 1.311447 0.8946685 0.74530613
[1997, 0.5134936, 1.01828, 5.8203297, 0.23152927] 2.8613982 1.2605497 0.91688323 0.9071072
[1998, 0.531739, 1.0161357, 6.6636815, 0.42235714] 2.704202 1.0904151 0.9835835 1.0538704
[1999, 0.58261013, 0.9503678, 6.251024, 0.47255316] 2.1259499 1.218863 1.126769 1.1320686
[2000, 0.5018865, 1.025629, 6.324191, 0.2537323] 3.015502 0.9798728 0.8353447 0.81687057
[2001, 0.47343504, 1.0250444, 5.319677, 0.60213566] 2.8209374 1.1186469 0.8800159 0.8088393
[2002, 0.5856759, 0.9401761, 5.0865607, 0.805644] 2.4678855 1.0024722 0.90669614 0.8114664
[2003, 0.48316935, 1.0297683, 5.6256876, 0.28304607] 3.004802 0.92009383 1.0444728 0.9138399
[2004, 0.45638344, 1.0768108, 4.7371774, 0.58952737] 2.86338 1.0749081 1.0120827 0.97679496
[2005, 0.43292198, 1.0475223, 5.74487, 0.37589404] 2.4395316 1.0960047 1.1502205 1.0249919
[2006, 0.62637156, 0.8957517, 4.613193, 0.50508696] 2.3660376 1.3160862 0.8673665 0.76687044
[2007, 0.44200704, 1.0609899, 4.22395, 0.38669854] 2.9146712 1.2485394 0.95222837 0.9569479
[2008, 0.4766506, 1.0272329, 5.6699634, 0.1999882] 2.84961 1.0792186 0.9496146 0.94401884
[2009, 0.5538138, 0.98058295, 5.4396796, 0.64812195] 2.6369302 1.1561371 0.98693824 0.8019678
[2010, 0.44805223, 1.07021, 3.1756077, 0.8727168] 3.0983045 1.1041889 1.0082229 1.0689263
[2011, 0.5074337, 1.0533961, 4.3196845, 0.53296137] 2.9565165 1.0958118 0.91469985 1.0909288
[2012, 0.54732776, 0.9982061, 4.925965, 0.52151877] 2.7280128 1.1617924 0.9087165 0.7657707
[2013, 0.46961495, 1.0488844, 5.777821, 0.35917056] 2.6755846 1.1153309 1.0820299 0.9507196
[2014, 0.6584171, 0.8648662, 6.7241116, 0.40050942] 2.575356 1.1582023 0.87806773 1.0376567
[2015, 0.44800934, 1.0407736, 6.288154, 0.4369705] 2.716678 1.0907696 1.0457404 0.77991706
[2016, 0.5206587, 1.0089924, 4.389691, 0.50169504] 3.131742 1.0936664 0.9311326 1.014497
[2017, 0.46091565, 1.041582, 5.695133, 0.24269715] 2.743964 1.2159581 0.9098116 0.8935584
[2018, 0.6367807, 0.89629036, 6.0431294, 0.3107471] 2.3592746 1.2872249 0.8888118 0.80110055
[2019, 0.5066931, 1.0111129, 6.0098205, 0.437815] 2.6237953 0.9515806 1.0499362 0.9063098
[2020, 0.5015288, 1.0482719, 5.8484263, 0.9135228] 2.8908195 1.0336368 0.9386677 0.8458615
[2021, 0.4385462, 1.0632321, 5.3180323, 0.35154375] 2.7183135 1.2445699 1.0405766 1.0695496
[2022, 0.52278036, 1.0052522, 5.4477215, 0.5628365] 2.5757253 1.1667691 0.9517358 0.97981054
[2023, 0.50146174, 1.024882, 4.8283243, 0.65691924] 2.7689898 1.1641645 0.91821575 0.92945343
[2024, 0.44383812, 1.0555236, 7.0256305, 0.24408746] 2.7970734 1.122624 0.91636866 0.87788624
[2025, 0.45748746, 1.061716, 5.154917, 0.48784855] 2.91047 1.2037871 0.89972055 0.96149457
[2026, 0.5473451, 1.0003674, 4.166434, 0.59426475] 2.8607516 1.1196643 0.91686976 0.9003122
[2027, 0.54696774, 1.0056219, 3.106349, 0.975996] 3.210206 1.124082 0.97733855 0.91051996
[2028, 0.52870077, 1.0131258, 5.5412664, 0.40708128] 2.870012 1.0141191 0.88571614 0.8034987
[2029, 0.5564794, 0.9728943, 5.6772842, 0.3935015] 2.2880456 1.1704743 1.1486053 1.0773265
[2030, 0.46214426, 1.0536678, 6.8372703, 0.18593146] 2.749799 1.2511775 1.0257635 1.0834343
[2031, 0.4368947, 1.0683662, 5.337362, 0.48393446] 2.9901412 1.0923321 0.9292896 0.93300766
[2032, 0.40690452, 1.0782713, 3.8202941, 0.5641111] 3.0273614 1.1665305 0.91655785 0.87936735
[2033, 0.4586406, 1.0326657, 5.767143, 0.2830586] 2.5711856 1.171981 1.0487516 1.0038816
[2034, 0.5161353, 1.0296761, 5.2030797, 0.59905624] 2.9526153 0.9813711 1.0140969 0.96350336
[2035, 0.54006845, 0.9784915, 6.6951447, 0.16617168] 2.6151145 1.291483 0.9368284 0.9795209
[2036, 0.45170823, 1.04529, 4.344726, 0.5545521] 2.918628 1.1807507 1.0989211 0.7854736
[2037, 0.39962465, 1.0980747, 4.259798, 0.6136574] 3.1509855 1.1833751 0.9061703 0.83010244
[2038, 0.48816332, 1.0259919, 8.3692465, 0.23435262] 2.6732502 1.1359148 1.026346 1.0529678
[2039, 0.4836697, 1.0591152, 3.9347768, 0.6673233] 2.9815977 1.2969847 0.9384904 0.7979451
[2040, 0.5410229, 1.0143129, 6.989856, 0.3943779] 2.7072158 1.238769 0.7501234 0.9379293
[2041, 0.53955877, 0.97642916, 5.8147483, 0.30850488] 2.650062 1.096613 0.946749 1.0176996
[2042, 0.562915, 1.0010272, 4.9759974, 0.58017266] 2.860203 1.0324394 1.0277703 1.0525527
[2043, 0.39406258, 1.1102062, 3.2039368, 0.8885669] 3.131344 1.0620893 0.99257314 0.9793109
[2044, 0.5140093, 1.0044489, 5.0454283, 0.6369099] 2.668495 1.2131361 0.8787641 0.8525469
[2045, 0.54968053, 0.9981415, 4.9313173, 0.5655315] 2.5447023 1.2899531 0.8607962 1.055413
[2046, 0.46817154, 1.0695788, 3.9500668, 0.9317195] 3.175222 1.0463096 0.9304919 0.7437038
[2047, 0.47325352, 1.0342126, 6.5944176, 0.3057791] 2.8150542 1.0316774 1.1016002 0.9343915
[2048, 0.5210826, 1.0078653, 6.0911508, 0.3663867] 2.6800115 1.1722281 0.89933676 1.077959
[2049, 0.5036852, 1.0251024, 4.6576614, 0.57817596] 2.541309 1.2034814 0.8907478 1.030769
[2050, 0.51417214, 1.024018, 6.830114, 0.3344374] 2.708399 1.2478832 1.0470304 0.7372237
[2051, 0.55597365, 1.007265, 4.170969, 0.59866935] 3.0646036 1.1477803 1.0393088 0.77154887
[2052, 0.4357759, 1.0534699, 4.796161, 0.56842124] 2.753965 0.9981227 0.935973 0.97595304
[2053, 0.42724654, 1.0855317, 5.057379, 0.43018895] 2.9547722 1.0662535 0.9594039 1.0045929
[2054, 0.4012842, 1.0755315, 6.36857, 0.35438222] 2.6898386 1.144566 1.0362153 0.8566141
[2055, 0.47479644, 1.0385222, 5.129669, 0.48501858] 2.792342 1.1302127 0.76696604 0.8238916
[2056, 0.48023227, 1.0652901, 4.199285, 0.7461688] 2.9983265 1.2284974 0.9835272 0.9125852
[2057, 0.4871668, 1.0580037, 4.971069, 0.50556666] 2.9092114 1.0183821 1.0040019 1.0555122
[2058, 0.46955436, 1.0495526, 4.013979, 0.846828] 3.0317647 1.3077649 0.8262055 0.793755
[2059, 0.46732813, 1.0575744, 5.3531303, 0.38348797] 2.8380463 1.1580808 0.8644623 0.98199135
[2060, 0.4086123, 1.0874568, 6.1720057, 0.39764902] 2.727793 1.2387497 0.9275745 0.9271484
[2061, 0.51644826, 1.0247986, 4.5252585, 0.4258558] 3.0230062 1.1661521 0.9886579 0.9304057
[2062, 0.42374814, 1.0866139, 4.9207287, 0.5600235] 2.9395492 1.0748632 0.89750993 0.9085852
[2063, 0.5731198, 0.9499882, 6.558163, 0.19732298] 2.7345755 0.94873095 0.84422415 0.9649765
[2064, 0.5846447, 0.97449934, 5.72889, 0.42911324] 3.0030003 1.0654309 0.98763096 0.7821966
[2065, 0.56485933, 0.97870016, 6.0898347, 0.33745086] 2.8636885 1.2182366 0.7828823 1.0070232
[2066, 0.54970247, 0.9721673, 5.7780395, 0.5125742] 2.4454095 1.1715986 0.99355876 1.097873
[2067, 0.5627145, 0.9492353, 6.3434973, 0.2947897] 2.594173 1.1334631 0.9293325 0.9948461
[2068, 0.4487622, 1.077441, 4.355079, 0.86655146] 3.1768713 1.0297662 0.82968426 0.9693279
[2069, 0.4713977, 1.053177, 4.1632504, 0.48585647] 2.8774743 1.2409029 0.9285704 1.0881436
[2070, 0.4026889, 1.0743963, 5.3455987, 0.25571436] 2.8502846 1.0634719 1.1215248 1.0558894
[2071, 0.5955581, 0.94638366, 5.5892506, 0.3080995] 2.9374125 1.0672514 0.9123027 0.93327266
[2072, 0.5435592, 0.99097705, 5.7745547, 0.39239478] 2.6509788 1.1388632 0.94701403 0.86177576
[2073, 0.5581194, 0.9675786, 7.0506077, 0.1800774] 2.581068 1.07284 1.0339319 0.90407765
[2074, 0.4280383, 1.0709865, 6.8508887, 0.25152886] 2.7165008 1.0814756 1.0445153 0.91444105
[2075, 0.5228522, 1.0272422, 5.759314, 0.6746172] 2.7817068 1.0626609 0.9867283 0.9143482
[2076, 0.5387804, 0.98240864, 5.093003, 0.53091544] 2.597739 1.2015013 0.999786 0.86046576
[2077, 0.46372724, 1.0373652, 6.147222, 0.25804737] 2.6836665 1.0970539 1.0484151 1.0066031
[2078, 0.5483439, 0.97385603, 6.9759307, 0.2664429] 2.7165208 1.2007543 0.8773501 0.8136326
[2079, 0.48048005, 1.0535553, 4.7149835, 0.5980418] 3.0596247 1.0206316 0.816092 0.93060344
[2080, 0.52467346, 1.0032305, 6.1270485, 0.45686692] 2.5720327 1.1651136 0.9289429 1.0241534
[2081, 0.58038926, 0.9377612, 7.4433494, 0.23292933] 2.4210336 1.1795468 0.87658495 0.8664209
[2082, 0.45711014, 1.0642213, 5.1827226, 0.65106636] 2.7358057 1.1439646 1.0258994 0.96604484
[2083, 0.4713363, 1.0450715, 4.4191885, 0.84361] 2.8316607 0.92617905 1.0477461 1.0458381
[2084, 0.5470942, 0.98953795, 5.032297, 0.7244146] 2.715175 1.2889132 0.9100784 0.78230536
[2085, 0.54679096, 0.9962438, 5.1777844, 0.43929753] 2.8179 1.1374385 0.96368605 0.7243704
[2086, 0.56735307, 0.9748831, 5.0709143, 0.46519548] 2.8146625 1.203457 0.85947186 0.90732884
[2087, 0.36220318, 1.1042951, 5.7090535, 0.34392446] 2.5934753 1.2222667 1.0858167 0.9974246
[2088, 0.5309865, 0.98969644, 4.7516522, 0.32260123] 3.0580943 1.1905506 0.88617975 0.7455038
[2089, 0.48106346, 1.0485852, 6.035843, 0.29875922] 2.6911674 1.1986358 0.9342876 1.0349942
[2090, 0.6139583, 0.9309526, 6.5085144, 0.38352627] 2.491443 1.0808167 0.95733863 1.0076061
[2091, 0.42624885, 1.0817684, 5.545613, 0.33591536] 2.8036854 1.2409017 0.8828927 0.8122031
[2092, 0.57438725, 0.9678069, 5.220581, 0.5426833] 2.6720178 1.2167839 1.0875899 0.8900181
[2093, 0.47506434, 1.0490319, 4.8378077, 0.6113898] 2.960924 0.9847711 0.97343963 0.95226794
[2094, 0.51299715, 1.027836, 5.3590126, 0.57367957] 2.914917 0.9941853 0.9703717 1.0855004
[2095, 0.46720764, 1.0451844, 4.331676, 0.9493311] 2.8019185 1.2728728 0.99054295 0.77217937
[2096, 0.49510756, 1.0182457, 5.9600453, 0.34248474] 2.684029 1.2263999 0.8564195 0.9681027
[2097, 0.52665174, 1.0011201, 5.697002, 0.29284343] 2.990566 1.1047722 0.8035904 0.9360113
[2098, 0.47355926, 1.0272869, 5.4408503, 0.31604198] 2.5730822 1.1820964 1.0326835 1.0362861
[2099, 0.51595056, 0.98951423, 8.529456, 0.12093283] 2.8258564 1.0590012 0.9949349 0.7488099
[2100, 0.54558724, 1.0077436, 6.7147207, 0.25640234] 2.8352695 1.2018695 1.1064395 0.6543281
[2101, 0.5190738, 0.9858146, 7.536308, 0.17957458] 2.785441 1.0849316 0.91455984 0.9388121
[2102, 0.57034624, 0.9542963, 6.930616, 0.3434537] 2.4305544 1.1395931 0.8917077 0.91183937
[2103, 0.6204749, 0.9224717, 6.483749, 0.20299101] 2.5455174 1.0718853 0.8350353 1.0565543
[2104, 0.51880544, 1.0156231, 5.741476, 0.4423658] 2.8171327 1.1663545 0.94953525 0.7908833
[2105, 0.5281194, 1.0193462, 5.3450503, 0.43097782] 2.9176042 1.1467829 0.96573335 0.8674883
[2106, 0.51886594, 0.99076736, 5.152617, 0.43975928] 2.5672197 1.1687213 0.93637884 0.7995474
[2107, 0.54781526, 0.96053666, 6.748651, 0.22258176] 2.5690694 1.1583179 1.0021816 0.9404077
[2108, 0.48608285, 1.0200639, 6.195465, 0.3094975] 2.7010696 1.08638 1.0019914 0.91927695
[2109, 0.3911849, 1.1019732, 5.076413, 0.39151695] 3.0421169 1.1256222 0.78077126 0.9549615
[2110, 0.43047082, 1.0774539, 5.37152, 0.2770563] 2.9450653 0.8830206 0.9030045 0.9392987
[2111, 0.6339332, 0.8963329, 5.494115, 0.2710029] 2.8838298 1.1815096 0.89978516 0.90037036
[2112, 0.5000262, 1.055545, 4.3756084, 0.4376321] 2.9736621 1.1777138 0.96732813 0.9212139
[2113, 0.5164402, 1.0223954, 4.9422426, 0.4308479] 2.8269546 1.225778 0.9374129 1.0740076
[2114, 0.54915637, 0.9888213, 4.027654, 0.61656463] 2.983136 0.97913736 0.9873673 1.0083845
[2115, 0.50531, 1.011891, 5.814038, 0.19359383] 3.0465508 1.0183967 0.8817 0.81510776
[2116, 0.53088033, 1.0024067, 5.6718264, 0.37118942] 2.9976656 1.0717951 1.0228775 0.8067598
[2117, 0.5726363, 0.9807757, 6.9455423, 0.3186576] 2.7836604 1.1194236 1.0485411 0.7972194
[2118, 0.4403094, 1.0730526, 6.1577554, 0.4028243] 2.6847005 1.0681115 1.033822 1.1782176
[2119, 0.59084, 0.9600662, 5.6357937, 0.52758706] 2.7634964 0.9028131 1.0039259 1.1423794
[2120, 0.6111863, 0.9325524, 5.220631, 0.5875069] 2.4158893 1.22905 1.0487081 1.0813031
[2121, 0.53038085, 1.0135658, 4.3107204, 0.5261946] 2.6908963 1.41123 0.9285658 1.0434102
[2122, 0.39780766, 1.0868272, 5.769951, 0.4697874] 2.972932 0.86999893 1.0087272 0.91136163
[2123, 0.6098681, 0.9261779, 3.2003314, 0.6893831] 3.376121 0.928205 0.8721407 0.97896093
[2124, 0.48229632, 1.0525666, 6.229026, 0.25590762] 2.7838302 1.1305075 0.94428 0.91999435
[2125, 0.47839218, 1.0427461, 4.0201707, 0.5937267] 3.0144045 1.2754853 0.8894202 0.9391461
[2126, 0.5383812, 1.0042965, 5.263237, 0.56395596] 2.624923 1.3697726 0.9468654 0.9624033
[2127, 0.4816608, 1.0383584, 6.894625, 0.23501031] 2.7514327 1.0143682 0.916463 0.9999295
[2128, 0.5115733, 0.9998172, 5.5986476, 0.2972327] 2.5610204 0.95436966 0.96552175 1.1069607
[2129, 0.43850064, 1.0782194, 6.282663, 0.46671602] 2.8067393 1.0983695 0.88655585 0.9654271
[2130, 0.5436983, 0.9691761, 6.6883807, 0.66988295] 2.3669012 1.2342731 0.97834617 0.89191556
[2131, 0.4504504, 1.0624081, 6.8036256, 0.345796] 2.5923908 1.2549827 0.94272655 0.97846675
[2132, 0.47880426, 1.0550364, 3.6426117, 0.77158195] 3.1122923 1.199251 0.874689 0.9356477
[2133, 0.5076457, 1.0380177, 4.596515, 0.50460476] 3.1525552 1.1688275 0.87229854 0.925263
[2134, 0.42531165, 1.059535, 4.698865, 0.32009098] 2.8779664 1.092739 1.0258365 1.1160129
[2135, 0.4865597, 1.0353284, 6.5220647, 0.40630016] 2.9172702 1.0698652 1.0086823 0.8582543
[2136, 0.593719, 0.945546, 6.1099844, 0.475112] 2.5461998 1.1255654 1.0310724 1.2516909
[2137, 0.5836404, 0.9754901, 4.1632695, 0.5952446] 3.1715994 1.1484805 0.9078287 0.8235914
[2138, 0.5660071, 1.0121278, 3.5803227, 0.78574187] 3.047683 1.26182 0.82970136 0.9589228
[2139, 0.41182247, 1.0983498, 5.7407165, 0.4549045] 2.9288807 1.1485757 0.9719803 0.8611947
[2140, 0.54121035, 0.96861917, 4.771959, 0.3677993] 2.6760714 1.1758145 0.9133991 0.93636155
[2141, 0.6407828, 0.8902048, 5.564102, 0.48712468] 2.5215387 1.2158027 1.0025955 1.0099791
[2142, 0.46565998, 1.0521605, 5.51978, 0.3972275] 2.778551 1.159278 1.0720434 0.9780947
[2143, 0.5223561, 1.0245612, 6.551498, 0.32934535] 2.653412 1.1527625 0.9325578 0.9808023
[2144, 0.5066736, 1.0422497, 4.5889974, 0.8277151] 3.098551 1.0397323 0.9344052 0.8566887
[2145, 0.5110077, 1.0264456, 4.68549, 0.6115203] 2.8828406 1.2263073 0.97893715 0.9875992
[2146, 0.5825825, 0.9289083, 6.919042, 0.15419453] 2.7560868 1.0732847 0.8583258 0.94763434
[2147, 0.47564948, 1.0307738, 5.3287377, 0.31046158] 2.9236782 1.0859636 0.7934243 0.93701917
[2148, 0.38544852, 1.0968938, 6.366162, 0.22385253] 2.6601207 1.2007587 0.8914536 1.0776013
[2149, 0.49125898, 1.0420928, 4.3292255, 0.70328856] 2.7531817 1.3274075 0.8946678 1.0351554
[2150, 0.6105453, 0.93220603, 4.25091, 0.52872324] 2.564498 1.086614 0.9008616 1.2109326
[2151, 0.42621446, 1.0786222, 4.2745085, 0.5454972] 3.0236287 1.1379232 0.9235856 0.86308026
[2152, 0.5708881, 0.9648849, 6.804493, 0.20393136] 2.9961488 1.1020035 0.7427972 0.80594826
[2153, 0.4089343, 1.0721954, 4.160492, 0.5047464] 2.712859 1.2317581 1.0988327 0.7931353
[2154, 0.4377688, 1.0570784, 5.053628, 0.45937237] 2.7374978 1.1181761 1.0370822 1.012027
[2155, 0.4521811, 1.0594753, 4.613119, 0.39258042] 2.7177498 1.2579818 0.9473728 1.0668811
[2156, 0.4463341, 1.0630193, 4.8351846, 0.6137566] 2.900072 1.0358958 0.89320546 0.90281314
[2157, 0.520579, 1.0095816, 3.2233891, 0.766019] 3.161675 1.2629495 0.95859855 0.6925132
[2158, 0.4795534, 1.0458652, 4.39358, 0.5638899] 2.8795302 1.174974 0.87505096 0.96316
[2159, 0.41576886, 1.1077784, 4.5654373, 0.53517103] 2.983009 1.1200998 0.97784406 0.8822187
[2160, 0.53481656, 0.9642712, 5.5219526, 0.42526326] 2.4581823 1.109531 0.9275453 1.1195878
[2161, 0.4817874, 1.0535603, 5.887539, 0.4085335] 2.971532 1.0178441 0.9781013 0.87422425
[2162, 0.51105314, 1.0036983, 5.5214734, 0.3218125] 2.8160691 1.0688003 0.92167044 0.7796444
[2163, 0.46877393, 1.0444347, 3.9728553, 0.6780648] 2.7861512 1.1646867 0.8426133 1.1075742
[2164, 0.5820165, 0.9631967, 5.818841, 0.4031958] 2.7956948 1.0690132 0.9353098 0.7911516
[2165, 0.45705485, 1.0517038, 5.0202775, 0.45465574] 2.8894892 0.9633338 0.89806926 1.0195931
[2166, 0.49456316, 1.04548, 7.48528, 0.6139078] 2.736036 1.0939212 1.0414681 1.0106293
[2167, 0.59495294, 0.934867, 5.287622, 0.4699348] 2.4769917 1.1541177 0.9038902 0.89894027
[2168, 0.53592515, 0.9991708, 5.846411, 0.3040387] 3.0309734 0.9769263 1.0985007 0.61093104
[2169, 0.52309704, 1.0182159, 4.8254285, 0.35024232] 2.819238 1.1997 1.0035099 1.0655777
[2170, 0.51863295, 1.0163628, 5.450605, 0.6919136] 2.6370862 1.2448715 0.8540081 0.981386
[2171, 0.44125566, 1.084112, 4.615795, 0.985806] 2.8832784 1.0973803 1.0068331 1.0328537
[2172, 0.6313997, 0.89546424, 6.9573593, 0.17009701] 2.769245 0.96284163 0.85027206 0.6994653
[2173, 0.43283907, 1.0634176, 5.2676105, 0.6666256] 2.8080072 1.189018 0.84529334 0.80649686
[2174, 0.47366527, 1.0394725, 6.2803187, 0.3834731] 2.53823 1.122474 1.1288316 0.96119213
[2175, 0.47433567, 1.041448, 6.618974, 0.29834974] 2.876999 1.0290715 0.9452058 0.85990584
[2176, 0.52643335, 0.9896136, 6.5423436, 0.25829712] 2.664559 1.2974927 0.7945463 0.90473217
[2177, 0.5185477, 1.0169117, 5.615115, 0.40111673] 2.965287 1.0556318 0.9401104 0.7865417
[2178, 0.47010788, 1.057665, 5.148074, 0.66518104] 2.753178 1.0009214 1.0147917 0.95102394
[2179, 0.6165845, 0.9043519, 5.947422, 0.42376387] 2.3942327 1.1559424 0.9719109 1.0153488
[2180, 0.5073741, 1.0033394, 6.8687625, 0.54598314] 2.4102561 1.1564219 0.96355844 1.136415
[2181, 0.559983, 0.99929124, 5.8758025, 0.41915274] 2.7904642 1.1063786 0.81148314 1.0414324
[2182, 0.4629573, 1.0402738, 3.7190928, 0.6013016] 3.0659757 1.1227907 0.8531719 1.1076432
[2183, 0.5045175, 1.02719, 3.8303428, 0.5102674] 3.1243985 1.0233134 1.0279012 0.9202113
[2184, 0.52780586, 0.9833505, 7.1343265, 0.25999483] 2.5602717 1.2546562 0.95637304 0.8404782
[2185, 0.49543706, 1.0497787, 3.2479968, 0.70743936] 2.9594398 1.2598815 1.0031106 0.98968345
[2186, 0.51867276, 0.9775784, 5.2915134, 0.7941245] 2.5509753 1.1553373 0.94896466 0.88867706
[2187, 0.49698675, 1.0468998, 4.624012, 0.5935539] 3.107707 1.1466086 0.8429503 0.8811992
[2188, 0.39435425, 1.1199616, 4.1836553, 0.76676893] 3.0666506 1.1741539 1.0203629 0.93408734
[2189, 0.5807782, 0.95141995, 5.9478326, 0.28036767] 2.5360088 1.3920604 0.9696902 0.74142736
[2190, 0.44668478, 1.0674337, 5.7725925, 0.4966137] 2.787333 1.1426395 0.9558935 0.97878325
[2191, 0.5901207, 0.95659155, 5.1916, 0.5315072] 2.8236315 1.0847012 0.9722353 0.7090864
[2192, 0.4907666, 1.0475385, 4.928804, 0.41570586] 2.8116665 1.0922518 0.96976227 1.0442365
[2193, 0.56316096, 1.0013653, 4.9820895, 0.35577914] 2.81913 1.3314962 1.0865463 0.9549607
[2194, 0.45810765, 1.049543, 4.8842945, 0.47257957] 2.9709325 1.1499882 1.0998299 0.92434454
[2195, 0.40012157, 1.1162939, 3.5823004, 0.8810797] 3.1514866 1.1445245 0.9484861 0.94171464
[2196, 0.48541036, 1.0112063, 4.017999, 0.7996719] 2.6525478 1.1536293 0.8482734 0.88228846
[2197, 0.48295406, 1.0666157, 5.742003, 0.57248527] 2.8242643 1.2360759 0.9051231 1.1027277
[2198, 0.3861938, 1.0915464, 5.9184766, 0.3225854] 2.8073065 1.1411812 1.0384728 0.82279396
[2199, 0.50957453, 1.010701, 6.07944, 0.39014962] 2.5835676 1.219658 0.97684383 0.7413724
[2200, 0.44473767, 1.0693429, 5.7070093, 0.22432125] 2.7502494 1.092397 1.0838965 1.0675124
[2201, 0.4868002, 1.0489953, 5.8763394, 0.49742922] 2.684817 1.0771378 1.0221405 1.0555512
[2202, 0.47252116, 1.0333884, 6.118837, 0.33936214] 2.6891298 1.239279 0.92152023 0.7828174
[2203, 0.47696733, 1.0212724, 6.7756624, 0.1858053] 2.7228093 1.1211023 0.90981394 0.96639204
[2204, 0.48771325, 1.0628065, 4.3056874, 0.55959606] 3.1706848 1.0603218 0.9137892 0.84492576
[2205, 0.41063467, 1.0848312, 6.097907, 0.46777472] 2.7757132 1.1298006 1.0477115 1.0399485
[2206, 0.47385472, 1.0313882, 5.5792527, 0.2543615] 2.7115338 1.3309517 0.8562111 0.8586401
[2207, 0.4685019, 1.0741733, 5.588365, 0.43412095] 2.829907 1.2400808 0.96149 1.0028608
[2208, 0.45527914, 1.0649154, 4.654268, 0.42001012] 2.983366 1.1668416 0.9675574 0.9464102
[2209, 0.4545422, 1.0681405, 4.274046, 0.56103075] 2.8539062 1.1323445 1.0576315 1.0471663
[2210, 0.51225054, 1.0340977, 3.1514194, 0.8688758] 3.0895429 1.2495883 1.0059732 0.93660355
[2211, 0.41549963, 1.0906659, 5.929536, 0.46399483] 2.7771611 1.2317985 0.9490908 0.80326796
[2212, 0.55359274, 0.97321, 4.052042, 0.5783717] 2.5696793 1.0842643 0.8853704 1.0401832
[2213, 0.34694418, 1.0963173, 4.5515327, 0.45894146] 3.1224842 1.0880407 0.7795931 0.9229328
[2214, 0.5136726, 0.98214036, 6.5834246, 0.1034963] 2.6816075 1.1538537 1.0887588 0.95301074
[2215, 0.47096145, 1.016734, 6.87465, 0.35903594] 2.6114793 0.95884687 1.0014757 1.0831078
[2216, 0.49692973, 1.0536914, 3.882459, 0.5710727] 2.9876304 1.1501853 1.0380639 1.2156103
[2217, 0.5024359, 1.046196, 5.3909607, 0.6020811] 2.725582 1.2771642 1.1310198 0.7957057
[2218, 0.44482848, 1.0575839, 5.089621, 0.50173044] 2.7744405 1.193928 1.0848615 0.9585092
[2219, 0.46570945, 1.0546192, 5.660917, 0.59180355] 2.6434274 1.2211792 0.9252663 0.9214321
[2220, 0.5380488, 1.0023652, 5.728202, 0.518664] 2.9169562 1.1024117 0.8465426 0.7335017
[2221, 0.49412385, 1.032087, 6.2375627, 0.38682416] 2.4645474 1.1658386 0.8679073 1.126071
[2222, 0.39944264, 1.0950626, 6.7519183, 0.25737363] 2.7004561 1.0961802 1.0511652 1.028402
[2223, 0.40196425, 1.0906621, 5.1829576, 0.67114645] 2.8512359 1.144755 0.9529962 0.887621
[2224, 0.42951113, 1.0841428, 5.261974, 0.53189737] 2.7425752 1.1719998 1.1964858 0.7409224
[2225, 0.5331721, 0.99233896, 5.5825295, 0.2628717] 2.9033966 1.1419437 0.8649709 0.8396023
[2226, 0.46425626, 1.0660468, 6.365948, 0.24512027] 2.8008091 1.1274732 0.92687917 0.8911159
[2227, 0.47594184, 1.0871878, 5.08571, 0.604184] 2.8211157 1.0432944 0.9376878 1.1231995
[2228, 0.43730494, 1.0755697, 3.9746246, 0.7411239] 3.0131059 1.0869575 1.0515915 1.048228
[2229, 0.5240618, 1.0385753, 2.4676676, 0.7994875] 3.399846 1.1633394 0.98545074 0.8308116
[2230, 0.49149334, 1.0429043, 5.8218126, 0.46542853] 2.6527836 1.0418105 1.0013037 1.0262222
[2231, 0.46180522, 1.0549084, 4.2449613, 0.6129733] 2.9905634 1.0284593 0.9792523 1.0704577
[2232, 0.47533804, 1.0450633, 5.2344594, 0.5095234] 2.5996823 1.1958606 1.0513589 0.9652965
[2233, 0.5875648, 0.98423624, 4.045004, 0.58842283] 3.1670094 1.067035 0.966636 0.983321
[2234, 0.54535174, 0.98310256, 5.061703, 0.25888494] 3.1160202 1.0816844 0.9255503 0.9153136
[2235, 0.3932324, 1.0926143, 4.314636, 0.43465048] 3.0388114 1.2724956 0.8475974 0.84117883
[2236, 0.518187, 1.0137429, 3.5411763, 0.65797925] 3.3733213 0.97403085 0.872131 0.8053324
[2237, 0.52747315, 1.0267605, 4.6813445, 0.44525635] 2.9653168 1.0445719 0.8906844 0.7778257
[2238, 0.5719874, 0.99333495, 3.838526, 0.5731848] 2.9982057 1.1119688 0.97419894 0.9201718
[2239, 0.4790206, 1.0673554, 3.9118237, 0.60313594] 3.0272355 1.1429518 0.93794143 0.8788952
[2240, 0.5831662, 0.92060655, 6.7628813, 0.24237119] 2.4392056 1.1781299 0.96407336 0.80230254
[2241, 0.34217948, 1.0831155, 5.97153, 0.20597865] 2.7953746 1.3100468 0.84181577 0.93914694
[2242, 0.3408262, 1.1155765, 4.5157924, 0.9772115] 2.814779 1.2339572 0.9936052 0.8785639
[2243, 0.463155, 1.0573298, 4.0361934, 0.5921739] 3.1217475 1.0992782 0.94674134 0.88243943
[2244, 0.45096767, 1.0784383, 4.6258063, 0.5984423] 2.8277116 1.1717895 1.0014338 0.8503427
[2245, 0.5092704, 1.034954, 5.1474667, 0.32197517] 2.739116 1.319861 0.9743667 1.0308828
[2246, 0.57102495, 0.9679876, 5.6038284, 0.37760532] 2.566897 1.2815137 0.95962006 1.0031682
[2247, 0.55279267, 0.9691317, 6.471619, 0.2718299] 2.7377312 1.1793844 0.87986475 0.9185571
[2248, 0.5598459, 0.976354, 5.076812, 0.39211455] 2.90348 1.0912021 1.0799363 0.80323243
[2249, 0.48619908, 1.0286573, 4.560659, 0.80104315] 2.4961777 1.0267262 1.0624825 0.93965614
[2250, 0.48752326, 1.0465032, 4.9610887, 0.55976146] 2.779463 1.0641819 0.87320215 0.8836213
[2251, 0.53079224, 1.0152054, 5.6728687, 0.57085925] 2.7936983 1.2135746 0.9259307 0.9332192
[2252, 0.56046486, 0.989066, 5.375964, 0.4128071] 2.8468843 1.3510665 0.9011711 0.76841843
[2253, 0.39025828, 1.0706017, 5.9982038, 0.24173518] 2.8713226 1.24124 0.9585489 0.90557176
[2254, 0.5905879, 0.9508946, 5.7510433, 0.37316734] 2.7126946 1.0626688 0.99966156 0.9444017
[2255, 0.49458408, 1.0030396, 6.3692617, 0.27079308] 2.8050187 1.1265234 1.0547092 0.9219802
[2256, 0.4535827, 1.058083, 5.718507, 0.5661092] 2.7688985 1.0553303 0.95242906 0.9851354
[2257, 0.48252252, 1.0482326, 5.6088758, 0.705576] 2.9797533 1.108403 0.86866164 0.97449636
[2258, 0.48384866, 1.0180595, 6.5563254, 0.17492154] 2.5849736 1.1220493 1.0009942 1.1237584
[2259, 0.50914586, 1.0183998, 4.0768857, 0.6877261] 2.835685 1.1094381 0.96427554 0.759175
[2260, 0.47875792, 1.028598, 6.1982613, 0.33325398] 2.5192454 1.1843466 1.044584 0.99855345
[2261, 0.43490303, 1.062153, 5.5120144, 0.44673768] 2.7156372 1.1094174 0.97034377 1.0789031
[2262, 0.57033473, 0.96990067, 5.8993754, 0.42268527] 2.6201315 1.2302324 0.93924826 1.0830272
[2263, 0.44917202, 1.0747763, 5.8262506, 0.3872665] 2.7806652 1.1543967 0.98176193 0.8014904
[2264, 0.53616166, 0.9881778, 6.7203336, 0.34302357] 2.75019 1.141623 0.90754664 0.7866783
[2265, 0.58186656, 0.98526746, 5.6622105, 0.38840503] 3.0649624 1.0532281 1.0157796 0.6303673
[2266, 0.4680958, 1.0514598, 3.9439378, 0.7950143] 3.1637714 1.1426669 0.85945165 0.9429087
[2267, 0.45800543, 1.0469438, 5.1459675, 0.51948124] 2.8640833 1.0441502 1.0678759 0.9167485
[2268, 0.5676498, 0.97297907, 6.8539357, 0.33190888] 2.3926241 1.2327853 0.9351541 0.922343
[2269, 0.45666772, 1.0781834, 5.6282635, 0.35323876] 2.9577367 1.0512964 0.9589864 0.95611626
[2270, 0.41909114, 1.0801425, 5.4620566, 0.5592585] 2.7928047 1.161464 0.9347578 0.9903479
[2271, 0.46387175, 1.0504583, 4.7325287, 0.4537241] 2.9098845 1.2411654 0.93644595 0.9644185
[2272, 0.51457506, 1.0247599, 4.5457883, 0.6945084] 2.8115947 1.1786777 1.0407258 1.021881
[2273, 0.4381959, 1.0958025, 5.64804, 0.51736474] 2.9125924 1.1616154 0.9404745 1.1387644
[2274, 0.5238886, 1.0041883, 6.3396463, 0.25488782] 3.0993474 0.9811613 0.87713504 0.944731
[2275, 0.4983586, 1.0061387, 6.99195, 0.3642523] 2.5143778 1.087308 0.97031903 0.91819334
[2276, 0.45006615, 1.0614343, 3.998463, 0.4569349] 2.9679513 1.1250522 1.0999881 1.0291777
[2277, 0.56756383, 0.95620424, 5.514665, 0.34285173] 2.4412987 1.1099063 0.90724003 0.98503107
[2278, 0.46540493, 1.0684433, 5.227977, 0.6266917] 2.7564037 1.2592068 0.9646212 0.9217236
[2279, 0.48714855, 1.0232501, 5.7596993, 0.2583096] 2.5780106 1.1873926 0.9477935 1.0179235
[2280, 0.38021508, 1.1029346, 5.314147, 0.29501128] 2.8185253 1.1347331 0.90538013 0.8923188
[2281, 0.54824406, 0.99627393, 5.62655, 0.4605807] 2.3268583 1.3360393 0.9531446 1.1112999
[2282, 0.5512713, 0.9868693, 4.9495683, 0.6815841] 2.9209096 1.2222615 0.99772227 0.8498549
[2283, 0.5453343, 0.97431743, 4.5290213, 0.76901084] 2.5950105 1.1653441 0.9614073 0.9910605
[2284, 0.4403852, 1.0752553, 4.695475, 0.7684554] 2.9649305 1.0842539 0.9018198 1.0333619
[2285, 0.5061627, 1.0097704, 6.3189793, 0.20486414] 2.856836 1.2639587 0.89675367 0.8676368
[2286, 0.5135123, 1.0168439, 4.154356, 0.56365865] 3.1286583 1.0668999 0.9805922 0.85134774
[2287, 0.40585864, 1.0896046, 4.727703, 0.34769985] 2.9025269 1.1472353 0.9704893 1.1288146
[2288, 0.5008987, 1.0421234, 4.3764486, 0.33677343] 3.094381 1.156689 0.9737278 0.8410113
[2289, 0.56906515, 0.9735947, 7.0086436, 0.21705563] 2.7865283 1.104151 1.0842168 0.77153957
[2290, 0.4890682, 1.0303129, 4.49146, 0.42607284] 2.9445944 1.1695441 0.9775892 0.9946569
[2291, 0.53342944, 1.0149007, 4.7131095, 0.5453496] 3.1539314 0.9695941 0.8513345 0.9380963
[2292, 0.4784035, 1.0536559, 4.0837336, 0.46605563] 3.0590515 1.0655437 0.8711839 1.0246444
[2293, 0.5566318, 1.0051128, 5.1875224, 0.57383496] 3.0049145 1.3007351 0.8811487 0.76973104
[2294, 0.56320286, 0.9804877, 4.7878613, 0.4699075] 2.9971406 1.0961379 0.858157 0.9654337
[2295, 0.54623055, 1.0188744, 3.7899153, 0.889044] 3.0078852 1.1193204 0.96134144 0.84016246
[2296, 0.4827087, 1.0370594, 5.864561, 0.4681759] 2.6558745 1.0877354 0.8736864 0.88888764
[2297, 0.4530155, 1.0473874, 4.9830275, 0.30821636] 3.0371897 1.0008959 0.8611417 1.101398
[2298, 0.45312473, 1.0605664, 5.4295855, 0.4286196] 2.9535851 1.1894803 0.9502517 0.9863067
[2299, 0.4921605, 1.0234082, 4.8360214, 0.45180842] 2.7245083 1.0703472 0.8866576 1.0734099
[2300, 0.66779363, 0.8677845, 6.4963403, 0.24954394] 2.7779903 1.2120783 0.86378145 0.8243774
[2301, 0.5590429, 0.98533505, 5.1517305, 0.6362947] 2.8704312 1.2272633 0.8781155 0.74430877
[2302, 0.56116617, 0.98714006, 5.25592, 0.5249127] 2.759248 1.1533178 0.9380316 0.7336235
[2303, 0.50322175, 1.0130064, 7.5291576, 0.1707064] 2.5301626 1.1202823 1.018212 1.0255325
[2304, 0.63058746, 0.92566866, 6.9679666, 0.42107937] 2.8052988 1.1437644 0.91873455 0.57593757
[2305, 0.43818986, 1.0635812, 5.7212543, 0.6374967] 2.4979568 1.2181089 1.0906916 1.0757108
[2306, 0.41581208, 1.0897858, 3.731732, 0.85612285] 2.958275 1.1406058 0.90410525 1.1220838
[2307, 0.4439035, 1.0737947, 5.2265563, 0.8860935] 2.678673 1.1784043 1.0338707 0.9381429
[2308, 0.47759283, 1.04879, 3.4454257, 0.9715347] 3.2772555 1.0613405 0.9216339 0.98319566
[2309, 0.4358538, 1.081438, 4.1732483, 0.7691511] 2.8368874 1.11567 1.0036315 0.9714239
[2310, 0.45210582, 1.0811412, 3.6230102, 0.81233627] 3.0892363 1.0495937 1.0429301 0.92752373
[2311, 0.48010626, 1.0316781, 5.6096873, 0.36736494] 2.8420212 1.1559122 0.9135846 1.1215253
[2312, 0.58689815, 0.9457545, 4.9085755, 0.44685876] 2.5527709 1.0701259 1.0368651 0.9077207
[2313, 0.52882254, 1.0068859, 6.2223406, 0.3189297] 2.653456 1.1963252 0.9759838 0.9819321
[2314, 0.4788138, 1.0412452, 5.4269032, 0.5006841] 2.7149894 1.1509317 0.9209741 0.85814357
[2315, 0.44492084, 1.0688773, 4.8396316, 0.5076811] 2.9742236 1.0507904 0.93447673 0.8214463
[2316, 0.5865475, 0.9487511, 5.3614883, 0.62346905] 2.7055833 1.165924 1.093088 0.7533473
[2317, 0.43913606, 1.0930508, 4.8547654, 0.6243092] 2.8169382 1.1561946 0.9902961 0.94081926
[2318, 0.65105945, 0.84495556, 8.085393, 0.17077532] 2.4681737 1.0211351 1.0443277 0.86772674
[2319, 0.5077335, 1.0136882, 6.075511, 0.39090896] 2.655376 1.2910519 1.0119945 0.8249465
[2320, 0.5702047, 0.9769209, 4.924419, 0.4443892] 3.0059695 1.2423991 0.88384455 0.8936205
[2321, 0.4665392, 1.0321386, 5.5029483, 0.3131476] 2.8114233 1.0553144 0.93583256 1.0201594
[2322, 0.45267838, 1.0782152, 4.6578197, 0.5629982] 2.921944 1.2352543 1.0508071 0.79688066
[2323, 0.4828811, 1.0516719, 4.7166233, 0.40006033] 2.8400645 1.3266313 1.0978245 0.9103157
[2324, 0.5743071, 0.97922593, 3.4934366, 0.6309335] 3.1644025 1.224493 0.95863867 0.77084166
[2325, 0.6300725, 0.909057, 5.859322, 0.4354903] 2.775382 1.253288 0.9735744 0.81999844
[2326, 0.41344872, 1.0804921, 4.1693687, 0.64163095] 3.1092358 1.1471589 0.80398715 0.8539889
[2327, 0.583519, 0.98928195, 3.3503523, 0.6325598] 3.2587953 1.2442989 0.84857905 0.83085036
[2328, 0.5868754, 0.9450985, 5.0317855, 0.55128646] 2.392649 1.0657418 0.993763 1.2037141
[2329, 0.45232677, 1.0502436, 3.5460222, 0.6963214] 3.0324767 1.1111459 0.9992599 0.94017357
[2330, 0.5542059, 0.9862023, 5.4739633, 0.42851785] 2.715802 1.0384778 0.95281786 1.0342246
[2331, 0.5593319, 0.98634046, 5.6808953, 0.38911983] 2.8786254 1.2078884 0.9036661 0.6504307
[2332, 0.56164324, 0.9712825, 6.124152, 0.32358772] 2.856685 1.0934006 0.93809193 0.8785832
[2333, 0.4235464, 1.0710946, 5.2744994, 0.22172835] 2.6823788 1.1645699 0.87914234 0.92850024
[2334, 0.43851537, 1.0618902, 5.7188163, 0.21146429] 2.981267 1.0394253 0.89688224 0.96874464
[2335, 0.49160314, 1.0584157, 5.6805515, 0.3479878] 3.0594459 0.9758578 0.8768731 0.9133472
[2336, 0.5137594, 1.0194952, 5.264965, 0.40052256] 2.9612916 1.2188203 0.9735377 0.7966117
[2337, 0.43757594, 1.074498, 5.7798147, 0.62448156] 2.7616606 1.1289532 0.86364645 0.90758324
[2338, 0.4685959, 1.066024, 5.9038215, 0.45106614] 2.6687903 1.2923937 0.9884461 0.9199047
[2339, 0.528764, 0.9950217, 5.6544266, 0.32156828] 2.7686007 1.124983 0.9931516 0.9885012
[2340, 0.4691137, 1.0659124, 4.4352655, 0.51474017] 3.0291975 1.0495573 0.93660915 1.0008737
[2341, 0.5588058, 0.9862935, 5.5866995, 0.40934455] 2.8276072 1.2077663 0.78663355 0.8498529
[2342, 0.5240737, 1.01254, 5.6433406, 0.27126732] 3.025298 1.1588659 0.820684 0.89828205
[2343, 0.4790534, 1.0398313, 5.9132223, 0.39970407] 2.7493477 1.2312732 0.8205135 0.95995903
[2344, 0.4683567, 1.0535522, 5.449624, 0.51745903] 2.7659929 1.1100202 1.0507584 0.9263205
[2345, 0.45793813, 1.0712239, 5.469378, 0.49292764] 2.7419116 1.1133767 0.9447032 1.0083221
[2346, 0.46243316, 1.0556881, 3.953353, 0.45849484] 3.1562064 1.1085029 0.94583625 0.80476224
[2347, 0.47595233, 1.0687234, 3.5447986, 0.81296545] 3.1432188 1.2142627 0.8692705 0.94200414
[2348, 0.51664263, 1.0213429, 5.384651, 0.43430012] 2.8403788 1.0299437 0.9620227 0.7929847
[2349, 0.59683937, 0.94290245, 4.773833, 0.39393824] 2.8894682 1.4102491 0.76939136 1.035186
[2350, 0.487469, 1.0331945, 5.8503113, 0.42189327] 2.9649358 1.0447097 0.9235576 0.91226035
[2351, 0.4760513, 1.0392613, 4.965103, 0.446022] 2.7407022 1.355965 1.0209347 1.0058845
[2352, 0.5657559, 0.9671517, 6.953873, 0.2339834] 2.6057432 1.2176845 1.0604725 0.9699224
[2353, 0.47531304, 1.0405939, 4.7825365, 0.49247378] 2.7284827 1.1497008 1.1118343 0.97948563
[2354, 0.60402095, 0.92779744, 6.8149505, 0.23196708] 2.8079793 0.9698731 0.8631769 0.856483
[2355, 0.49691468, 1.0468118, 5.395003, 0.28391722] 3.1640725 1.077919 0.99075425 0.70796406
[2356, 0.5618194, 0.986253, 5.224739, 0.351614] 2.8840706 1.073496 1.0004426 1.0204164
[2357, 0.4325817, 1.0473871, 5.8578787, 0.14427774] 2.774418 1.1548432 1.1108297 0.9295611
[2358, 0.4968241, 1.0121256, 5.5993137, 0.45220467] 2.4630988 1.1740035 1.048212 0.96136886
[2359, 0.46352893, 1.0336579, 6.2256994, 0.34870064] 2.7901711 1.073709 1.0003552 0.8409168
[2360, 0.4241796, 1.0797563, 4.161122, 0.6466299] 2.9277673 1.0437161 1.0005766 1.0718576
[2361, 0.4486523, 1.0535157, 4.900858, 0.53211194] 2.6205502 1.3129897 1.0134528 0.82543
[2362, 0.5205012, 1.0161766, 6.7196364, 0.31804234] 2.798762 1.2518132 1.0075718 0.7835959
[2363, 0.48592392, 1.0237132, 5.1746325, 0.17663544] 3.0682302 1.0914837 0.82053167 0.9257241
[2364, 0.5328667, 0.9982791, 6.8235292, 0.23661104] 2.693389 1.1440388 0.90194404 1.0440075
[2365, 0.64048654, 0.88680965, 5.4340706, 0.622224] 2.4955125 1.2137555 0.94912946 0.7427083
[2366, 0.5010795, 1.0212121, 5.0115943, 0.35220867] 2.8296323 1.3405783 0.85576713 0.8748541
[2367, 0.5574491, 1.0002269, 5.985854, 0.45666608] 2.245404 1.3662014 1.0350468 1.2259189
[2368, 0.44608495, 1.0479604, 4.721084, 0.47669303] 2.7711947 1.0791857 1.0325423 0.9699079
[2369, 0.5606529, 0.97764045, 5.161202, 0.7805054] 2.9557242 1.1154534 0.8772839 0.89639133
[2370, 0.58007294, 0.988901, 3.8152182, 0.6802671] 3.094688 1.2651036 0.89774066 0.89128965
[2371, 0.4976441, 1.0369107, 6.241717, 0.39523205] 2.9145484 1.1170897 0.97259706 0.9923775
[2372, 0.5368003, 1.0144342, 5.1346145, 0.46162054] 2.6992862 1.0580721 1.1483879 0.7955591
[2373, 0.44656235, 1.0464149, 5.014192, 0.21253408] 2.900537 1.1077012 0.92587006 0.9289252
[2374, 0.57706136, 0.9396498, 5.7646136, 0.10506605] 2.9012754 1.0004443 0.7976312 0.8241581
[2375, 0.38445932, 1.0816402, 8.253619, 0.19273806] 2.6970649 1.224131 1.0768478 0.95963603
[2376, 0.41200623, 1.0837109, 4.364373, 0.620177] 2.9089887 1.2641878 0.9011888 0.83290756
[2377, 0.55172, 0.98769426, 4.5318127, 0.60453004] 2.9388826 1.0722499 0.82216793 0.8047831
[2378, 0.46422446, 1.0778875, 3.5166886, 0.6301846] 3.2853708 0.8874573 0.907872 0.81707054
[2379, 0.54644424, 0.98784995, 5.16343, 0.3652487] 2.9394422 0.9356669 0.9051971 0.95306396
[2380, 0.4873543, 1.0446539, 3.566081, 0.58963686] 3.2557995 1.0430017 0.9367425 0.98799145
[2381, 0.53300196, 1.018586, 5.033487, 0.3944583] 2.8480723 1.0552084 0.71960974 1.0090896
[2382, 0.4381529, 1.0723273, 5.6662846, 0.3478196] 2.8064227 1.0638459 0.99557453 1.0087073
[2383, 0.50345194, 1.0324657, 5.018202, 0.57108116] 2.9238834 1.0466118 0.94632286 0.8328223
[2384, 0.5658427, 0.9893525, 6.069565, 0.49443877] 2.8498363 1.1507779 0.7974505 0.8346999
[2385, 0.48313335, 1.0156943, 6.756188, 0.36878914] 2.5069737 1.136683 0.95045936 1.0662603
[2386, 0.5257632, 1.0274967, 4.088458, 0.5029604] 3.028241 1.1926795 0.9860053 0.9342526
[2387, 0.56457144, 0.98112756, 5.323365, 0.525493] 2.7652493 1.2512724 1.0061618 0.71228886
[2388, 0.4650584, 1.0392419, 6.6924872, 0.31786868] 2.8076718 1.0930165 0.9714062 0.8108656
[2389, 0.5458288, 1.0224469, 3.5402634, 0.89729136] 3.1679275 1.0424787 0.9948923 1.001345
[2390, 0.49714324, 1.0414419, 5.093638, 0.4984803] 2.948769 1.2151557 0.84543926 0.8919242
[2391, 0.6832451, 0.8147747, 6.340212, 0.22334339] 2.1094816 1.1030062 0.9819423 1.0940495
[2392, 0.41259173, 1.0644215, 5.8324676, 0.3550287] 2.7826946 1.1089916 0.8159916 0.93480563
[2393, 0.54448414, 1.0199112, 3.576262, 0.64545226] 3.0650396 1.1315627 0.95449317 0.92363006
[2394, 0.5114639, 1.0436077, 5.1557555, 0.5547629] 3.0997217 1.2006948 0.90026385 0.832853
[2395, 0.54888624, 0.99373496, 4.2731547, 0.40941015] 2.8979533 1.1336254 1.0144498 1.0027683
[2396, 0.5059753, 1.0204608, 6.170587, 0.30923626] 2.8167746 1.0562482 0.97183526 1.1191063
[2397, 0.44161865, 1.0571954, 5.795023, 0.4129705] 2.7263057 1.2129145 0.9132589 0.8950766
[2398, 0.52297336, 1.0291225, 3.5096233, 0.5440909] 3.0554454 1.2405416 0.945111 0.9402853
[2399, 0.5224855, 1.0035005, 6.8085313, 0.35581842] 2.5282092 1.458259 0.8432617 0.86396843
[2400, 0.5336344, 1.0157257, 5.4705944, 0.5623713] 2.676388 1.1323678 1.0082176 1.3349916
[2401, 0.48634914, 1.0594038, 5.0137005, 0.53454065] 2.8706708 1.050206 0.9921033 0.8680341
[2402, 0.46694425, 1.0605361, 4.350764, 0.5018906] 3.0152042 1.1866069 1.0891559 0.80221975
[2403, 0.412709, 1.1026058, 4.4967046, 0.50920963] 2.9395115 1.2310817 0.97556233 0.9668524
[2404, 0.52748334, 1.0206487, 3.998847, 0.5690768] 2.9934628 1.3151203 0.8521643 0.9487435
[2405, 0.5040817, 1.0310639, 4.102583, 0.924134] 2.8115644 1.0506479 0.8269159 0.9067557
[2406, 0.4905702, 1.0403469, 6.2095127, 0.44186735] 2.7948842 1.0988314 0.99283004 0.9154075
[2407, 0.5051749, 1.0397835, 4.7512746, 0.44408795] 2.956371 1.2836822 0.906485 0.8721338
[2408, 0.50366116, 1.0324663, 5.3205686, 0.32461563] 2.773559 1.1558057 1.1018802 1.0901375
[2409, 0.40584537, 1.0792027, 5.1515408, 0.43497783] 2.743717 1.1850702 1.0177256 0.9971674
[2410, 0.42490837, 1.0980015, 3.393631, 0.8573526] 3.242353 1.0538882 0.97504586 0.97504145
[2411, 0.4056658, 1.0828713, 4.348012, 0.5878921] 2.9625385 1.0549482 0.9133973 0.8862155
[2412, 0.39653015, 1.0698762, 5.445982, 0.27348557] 2.771091 1.1925632 0.90968364 0.92945623
[2413, 0.44777212, 1.0600253, 4.9225025, 0.75048643] 2.9562933 1.0372632 0.77313924 0.9184267
[2414, 0.435394, 1.050617, 6.4874754, 0.32337025] 2.6207936 1.0700836 0.9808937 1.0323542
[2415, 0.50091994, 1.026945, 5.1096354, 0.43022394] 2.6428084 1.2516744 0.95142746 0.950018
[2416, 0.47874177, 1.0625418, 3.3760474, 0.6087165] 3.18104 1.1279117 1.0276855 0.8685963
[2417, 0.41070223, 1.1049829, 4.59162, 0.97878146] 3.06195 1.0536438 0.93264294 0.7358397
[2418, 0.48077035, 1.0301086, 6.1381736, 0.24983707] 2.8355687 1.1569015 0.8849692 0.87421596
[2419, 0.46737078, 1.0585159, 4.9047184, 0.3036294] 2.7910678 1.3215922 0.8295951 1.1705383
[2420, 0.4627155, 1.057758, 3.8072953, 0.6418907] 2.8845162 1.1532001 1.009186 1.0659455
[2421, 0.43940002, 1.0764806, 5.2940216, 0.6195057] 2.9492452 0.97498256 1.0200238 1.076542
[2422, 0.4654754, 1.0393215, 7.173179, 0.26782557] 2.7478585 1.1655034 1.022371 0.8519497
[2423, 0.5072557, 1.0231296, 4.375439, 0.34359095] 3.0826402 1.181426 0.937623 0.79404914
[2424, 0.49303237, 1.0320776, 4.2753596, 0.6086801] 2.9820564 1.110788 1.0231142 0.82411695
[2425, 0.25748593, 1.1649271, 3.914066, 0.78045475] 2.9385598 1.205841 1.0216409 0.94567174
[2426, 0.5358563, 0.99687445, 2.4775057, 0.8678729] 3.1835546 1.1283329 1.0518705 1.0473584
[2427, 0.51085526, 1.014641, 5.6616178, 0.30761626] 2.9138787 1.2935452 1.0221503 0.77263665
[2428, 0.48317412, 1.027511, 5.6789975, 0.3438639] 2.795549 1.2457234 0.9332046 0.8625562
[2429, 0.47533944, 1.0138372, 7.023744, 0.4112353] 2.7083347 1.0535153 1.0189879 0.84777987
[2430, 0.42779917, 1.0760525, 4.097019, 0.83602613] 2.9756505 1.3855699 0.9055724 0.82396364
[2431, 0.51601046, 1.005972, 5.919164, 0.4993694] 2.5541904 1.1005175 0.9867551 1.0471472
[2432, 0.50045186, 1.0283008, 3.3090863, 0.6666351] 3.26891 0.9956547 0.9811277 0.89667195
[2433, 0.5449958, 0.9816337, 5.696332, 0.40237528] 2.7203164 1.1410521 1.0652664 0.80634576
[2434, 0.4906852, 1.0413151, 5.499843, 0.2845687] 2.7253256 1.32335 1.0722208 1.0558078
[2435, 0.53838074, 0.99783295, 5.3105206, 0.53399205] 2.5262153 1.3121672 0.9524794 0.86511517
[2436, 0.54383993, 1.0167916, 3.463886, 0.85454774] 3.0091715 1.1228079 0.8665513 1.0275844
[2437, 0.51739883, 1.0172782, 5.287827, 0.2811757] 3.1332655 1.1725459 0.82785004 0.7837024
[2438, 0.5832776, 0.9350175, 5.682619, 0.33075655] 2.305972 1.1541798 0.9835766 0.96163267
[2439, 0.4721549, 1.0423301, 4.789518, 0.5305277] 2.8964014 1.1351423 0.8563308 0.85915464
[2440, 0.4673551, 1.0556656, 4.592747, 0.8458667] 2.993633 1.1741652 0.92417234 0.86114854
[2441, 0.5072498, 1.0147141, 5.636225, 0.30468622] 2.8874736 1.0745207 0.95505303 0.9420223
[2442, 0.5509391, 0.95469564, 6.3335667, 0.4030656] 2.4760532 1.0221665 1.1060393 0.85085046
[2443, 0.4632688, 1.0469823, 5.926921, 0.29396594] 2.5802124 1.2172706 1.0395303 1.0672735
[2444, 0.57415783, 0.99525785, 5.6461415, 0.6108056] 2.7669408 1.4075204 0.9748996 0.7439389
[2445, 0.6330224, 0.931113, 4.906656, 0.4463152] 2.999489 1.1408811 1.0165794 0.71161556
[2446, 0.51285964, 1.029028, 3.1972601, 0.92299956] 3.3883533 0.9675738 0.81682855 0.9045045
[2447, 0.44995782, 1.0839409, 4.5986643, 0.61744165] 2.8975844 1.1651806 0.9471099 0.87276775
[2448, 0.56949335, 0.9504386, 4.9141417, 0.5861031] 2.7445593 0.99486536 0.80905145 0.7908909
[2449, 0.5814759, 0.9779473, 5.133885, 0.464544] 3.203391 1.0128962 0.86819303 0.68208504
[2450, 0.44917774, 1.0720286, 4.5598264, 0.4598268] 2.868995 1.1482828 0.93641186 1.0747994
[2451, 0.5508336, 1.005372, 6.0843463, 0.5310127] 2.621098 1.1659515 0.8656012 0.95963264
[2452, 0.4704805, 1.0393773, 6.576158, 0.29874504] 2.6886613 1.0554718 1.0053809 0.9896781
[2453, 0.4957034, 1.020999, 5.8766074, 0.26298127] 2.6730325 1.1089637 1.0453558 0.90529644
[2454, 0.5206917, 1.0272261, 3.2208126, 0.7961161] 3.2549958 1.0781493 0.85272455 0.85156727
[2455, 0.5562803, 0.9782223, 5.613809, 0.67230415] 2.536463 1.1292344 0.89851356 0.99685997
[2456, 0.53013283, 0.97011375, 6.1894517, 0.26548246] 2.3380983 1.174208 0.95905733 1.0185846
[2457, 0.57363594, 0.95308226, 7.228543, 0.2719914] 2.6210148 1.1157538 1.102246 0.7808023
[2458, 0.45345393, 1.0662822, 4.422588, 0.4840867] 3.0225277 1.1327149 1.097882 0.8012344
[2459, 0.51907027, 0.98813707, 6.366637, 0.29445025] 2.5499334 1.094161 0.93493354 1.0045867
[2460, 0.53574127, 1.0021062, 5.904798, 0.5532319] 2.797448 1.2419411 0.7960179 0.99043894
[2461, 0.49156293, 1.057852, 3.8013172, 0.6767991] 3.02189 1.075128 0.9594229 1.08957
[2462, 0.52395904, 1.0037314, 5.68138, 0.50649637] 2.5509934 1.1233308 0.8806477 1.1712189
[2463, 0.57542473, 0.96476424, 3.4087667, 0.6819139] 3.1346536 1.0778805 0.9858042 0.97481126
[2464, 0.5272621, 1.0173397, 6.0749006, 0.40013716] 2.659675 1.0915945 0.992548 1.1300608
[2465, 0.46481714, 1.0411357, 6.594432, 0.3511517] 2.8145187 1.2180657 0.88935393 0.8621203
[2466, 0.39922965, 1.0856341, 4.071486, 0.7221695] 2.9743338 1.1746063 0.9839131 0.8422949
[2467, 0.49449414, 1.0280591, 5.896149, 0.3666759] 2.8384032 1.0228357 0.9399052 0.988546
[2468, 0.4754739, 1.0600731, 3.5361326, 0.85409486] 3.1595798 1.0349767 1.0424231 0.9997317
[2469, 0.50076866, 1.0394449, 2.9027014, 0.95155156] 3.1277585 1.0298036 0.9221859 1.1390877
[2470, 0.4334169, 1.0709268, 3.6994917, 0.43948707] 2.9648428 1.2125399 0.96124053 1.0943431
[2471, 0.49132848, 1.0193348, 5.812013, 0.5196146] 2.4863484 1.1992605 0.9450071 1.1385093
[2472, 0.4213965, 1.0871204, 5.3104267, 0.50692743] 2.938437 1.1778276 0.8660309 0.8343321
[2473, 0.5186603, 1.0092357, 4.3574147, 0.5182732] 3.2513282 1.0004683 0.8964974 0.8774288
[2474, 0.5275563, 1.0057135, 6.053489, 0.5076212] 2.6257331 1.1701671 0.9344667 0.9669298
[2475, 0.5005612, 1.0378973, 6.035563, 0.6016731] 2.7310612 1.3032767 0.83946264 0.8143876
[2476, 0.47548133, 1.0548298, 3.410858, 0.6363215] 3.0907512 1.0984303 0.9102885 1.1225301
[2477, 0.47580823, 1.0464098, 5.679513, 0.2444179] 2.8174486 1.2376376 0.9970733 0.90776247
[2478, 0.5615524, 0.9720509, 6.6129866, 0.33312416] 2.851464 1.0467945 0.8880922 0.904528
[2479, 0.44266686, 1.0734855, 5.9915333, 0.24277394] 2.901984 0.9652953 1.0778204 0.90670127
[2480, 0.4358251, 1.0622352, 4.148999, 0.3865155] 2.9500751 1.1717918 0.93643576 0.89311177
[2481, 0.530911, 1.0050131, 5.400166, 0.4264082] 2.8068492 1.1095856 0.7751778 0.89701235
[2482, 0.56453544, 0.9603197, 5.9917755, 0.26394796] 2.670185 1.0738261 0.92139506 0.88692576
[2483, 0.3961487, 1.1066132, 4.915317, 0.43148267] 3.0814133 1.0132853 0.840306 1.0087427
[2484, 0.5675289, 0.96988755, 4.7400136, 0.79062784] 2.5139823 1.2662661 0.895154 0.8925647
[2485, 0.5469502, 0.9579747, 5.411528, 0.36933488] 2.6772225 0.9890973 0.886687 0.96633244
[2486, 0.55458254, 0.96762615, 7.482613, 0.35019794] 2.39541 1.2163733 1.0331746 0.9770561
[2487, 0.5031243, 1.0413328, 4.8710184, 0.5087762] 2.9878252 1.0903143 1.0251955 0.9508414
[2488, 0.43930706, 1.0753993, 4.503323, 0.6437176] 3.0017092 0.9942268 0.871175 0.8590802
[2489, 0.59274, 0.95988935, 6.491117, 0.2941877] 2.6664553 1.3117763 1.0143182 0.9157681
[2490, 0.48865065, 1.0583199, 5.121806, 0.45218226] 2.7384024 1.2161281 0.8958815 1.0038296
[2491, 0.46271813, 1.0503439, 5.002, 0.37296635] 2.7427604 1.0389993 0.9635144 1.111682
[2492, 0.47870988, 1.0525645, 5.784119, 0.32530355] 2.9316144 1.3203353 0.81737894 0.8134606
[2493, 0.4652114, 1.0590869, 4.5340276, 0.59444505] 2.8914394 1.070701 1.0529732 0.8709579
[2494, 0.37675637, 1.0911177, 4.0172195, 0.43478674] 2.972994 1.0178744 1.0411035 1.0656086
[2495, 0.6305142, 0.865461, 7.12114, 0.14263313] 2.5277016 0.98038596 0.93582803 0.8027067
[2496, 0.5847246, 0.975661, 3.9104054, 0.6154204] 3.1160295 1.1626205 0.8108731 0.8385845
[2497, 0.5188205, 1.0118747, 6.2328324, 0.29385352] 2.6258216 1.1925561 1.0798033 1.0314872
[2498, 0.50092715, 1.022744, 3.904625, 0.59931886] 3.3003755 0.7788404 0.88194585 0.98151124
[2499, 0.5183775, 1.0314987, 7.172328, 0.46940774] 2.751894 1.1910566 0.9171677 0.90009654
[2500, 0.4979701, 1.0089036, 4.531427, 0.5313866] 2.605004 1.2605633 1.062554 1.0489908
[2501, 0.52645105, 0.9804254, 4.8302674, 0.6268285] 2.4789345 1.1702534 0.99919313 0.96987164
[2502, 0.51199454, 0.9968033, 7.416049, 0.32211027] 2.6447961 1.2777247 0.96136695 1.0119147
[2503, 0.48140463, 1.0504326, 4.149114, 0.8973987] 3.1628442 0.94030607 0.9237248 0.9066364
[2504, 0.47723353, 1.012159, 4.253396, 0.45914474] 2.8232436 1.0817657 0.8411998 1.0484911
[2505, 0.3919748, 1.1078233, 4.556649, 0.51318276] 3.0145483 1.2368859 0.8427017 0.9044194
[2506, 0.5069806, 1.0529937, 3.4085355, 0.86620086] 3.215129 1.0631644 1.0640769 0.93223786
[2507, 0.472994, 1.0378704, 5.2586145, 0.334618] 2.633326 1.0742567 0.90685666 0.98253024
[2508, 0.43427837, 1.0803279, 4.9508543, 0.46171573] 2.808626 1.2414455 1.0211191 0.8992834
[2509, 0.4852816, 1.0517955, 5.0863485, 0.49357122] 3.093305 1.1934955 0.93444675 0.8913739
[2510, 0.45859084, 1.0514708, 4.8367567, 0.37571234] 2.986638 1.0068607 1.1058794 0.8415819
[2511, 0.57486814, 0.9475197, 6.86592, 0.34889713] 2.5776567 1.168202 0.86385715 0.91545725
[2512, 0.6612334, 0.8557601, 4.1531854, 0.5911581] 2.5833282 1.3121463 0.7921204 0.7518331
[2513, 0.50059044, 1.0312558, 6.093202, 0.2334994] 2.8218172 1.0493903 0.97896916 0.92984957
[2514, 0.47025445, 1.0359148, 5.1697464, 0.4250385] 2.5789604 1.2208322 0.9813271 1.0349336
[2515, 0.5256012, 1.0058789, 5.779566, 0.3763299] 2.600223 1.129635 1.0528377 1.1333821
[2516, 0.51323587, 1.011193, 7.055009, 0.35162133] 2.2867057 1.3078245 1.0502328 1.1894538
[2517, 0.4904075, 1.0267627, 5.128434, 0.44648942] 2.9251044 1.1120818 0.8744764 0.72417206
[2518, 0.5294952, 0.9790909, 6.31012, 0.25951117] 2.7432523 1.2102338 0.9128227 0.87619877
[2519, 0.4319345, 1.0615784, 5.389276, 0.40457156] 2.6922581 1.1417671 1.062637 1.0321155
[2520, 0.5687913, 0.9733431, 3.8558877, 0.47700682] 2.9908276 1.1256671 0.95246613 0.9894701
[2521, 0.5385907, 1.0181501, 5.047727, 0.5631441] 2.666947 1.193234 0.9260637 1.0910426
[2522, 0.4972671, 1.0278158, 5.4621077, 0.3870231] 2.5045161 1.0425396 1.006612 1.0004125
[2523, 0.48119724, 1.0548272, 6.25207, 0.30932063] 2.863408 1.1354768 0.9436657 0.77580106
[2524, 0.38165477, 1.1124412, 4.5115047, 0.72317326] 2.7550914 1.1444453 1.0345773 1.0423387
[2525, 0.5162892, 1.0032098, 5.871842, 0.41295612] 2.8262765 1.0779637 0.9087561 0.8632463
[2526, 0.45039555, 1.068824, 5.7851706, 0.5185614] 2.895171 1.042647 0.8104678 0.92572683
[2527, 0.4969916, 1.0508498, 2.5827732, 0.9028951] 3.3238335 1.0808569 0.94774586 0.9423036
[2528, 0.42593542, 1.0942084, 4.620993, 0.4684033] 3.0109713 0.9423748 0.89250594 1.1331277
[2529, 0.557803, 0.9901346, 4.6789627, 0.57442135] 2.9269934 1.1874985 0.8931851 0.7688341
[2530, 0.501743, 1.0273582, 4.668335, 0.3675417] 2.9784591 1.1413687 0.9570232 0.84592915
[2531, 0.45662102, 1.0633916, 5.65863, 0.27872765] 2.9909286 1.0475181 0.96351904 1.0208192
[2532, 0.46855453, 1.053919, 5.408458, 0.31934434] 2.836992 1.2146775 0.82983685 0.990675
[2533, 0.5787117, 0.9664044, 5.693565, 0.37751687] 2.5908773 1.0884218 0.98074144 0.861948
[2534, 0.51924425, 1.0137506, 6.368533, 0.50618094] 2.7724051 1.1471916 0.8056633 0.962233
[2535, 0.43632704, 1.0646591, 5.494331, 0.42575836] 2.5826485 1.1321502 1.0165378 1.0475451
[2536, 0.46046, 1.0589732, 3.698392, 0.57766336] 2.9387736 1.2313311 1.0288175 1.019245
[2537, 0.572556, 0.95266855, 5.5548916, 0.2802335] 2.6458383 1.1038338 0.8601436 0.76016116
[2538, 0.5211751, 1.0248386, 5.2546606, 0.35810983] 2.9226751 1.0914605 1.0092658 0.89828306
[2539, 0.46865776, 1.0427729, 4.7929287, 0.51224786] 2.827461 1.0864125 0.8991763 0.910394
[2540, 0.4543826, 1.0572977, 3.801114, 0.51548123] 3.242827 1.1465911 0.856368 0.78733695
[2541, 0.6428323, 0.9082354, 5.847666, 0.55197614] 2.8217962 1.2593232 0.7869 0.5981203
[2542, 0.43572304, 1.0865176, 4.3695908, 0.7001099] 2.974192 1.2020512 0.9136201 0.8746012
[2543, 0.36726418, 1.1035767, 4.6225033, 0.5853704] 3.0848691 1.0509516 1.0675106 0.75384915
[2544, 0.4639456, 1.044497, 5.7860994, 0.30126116] 2.8556983 1.3476517 0.94932896 0.78123605
[2545, 0.5410257, 1.0122355, 5.2217135, 0.48484638] 2.9835496 1.0957947 0.93593085 0.6945223
[2546, 0.52177346, 1.017384, 4.458992, 0.52029204] 3.0154116 1.2451165 0.7833166 0.82138735
[2547, 0.5780877, 0.9662638, 5.5336933, 0.27471027] 2.9781394 1.126647 0.9676228 0.9411011
[2548, 0.45710596, 1.067875, 4.970107, 0.42209452] 2.9770324 1.1681373 0.9628356 0.9073601
[2549, 0.5053668, 1.0151641, 4.76139, 0.5605326] 2.8406532 1.1118666 0.82555896 1.0409307
[2550, 0.44069996, 1.0751835, 5.266644, 0.70911705] 2.8004513 1.2275585 0.9018982 0.9240895
[2551, 0.47423774, 1.0408465, 6.70738, 0.38136023] 2.8454354 0.92289454 0.8606435 0.8495255
[2552, 0.46277866, 1.0604775, 5.0788655, 0.5885581] 2.9229898 0.97891074 1.0019407 0.9932339
[2553, 0.45427972, 1.0450317, 6.436031, 0.43225572] 2.4855623 1.1509252 1.0172535 1.2546124
[2554, 0.503317, 1.0218474, 6.314516, 0.36633053] 2.6688142 1.2854626 0.94669896 0.8533731
[2555, 0.5582802, 0.97617006, 5.98999, 0.25870985] 2.781456 1.0278087 1.0895085 1.0280617
[2556, 0.47677508, 1.0289904, 6.03898, 0.35756657] 2.4336028 1.2448769 1.0732328 0.93599874
[2557, 0.42603242, 1.0438231, 5.0444775, 0.23899396] 2.712516 1.0673985 0.9236635 1.0873944
[2558, 0.48218542, 1.0311809, 5.3159895, 0.43555927] 2.8139436 1.1239228 0.8618532 0.8111675
[2559, 0.5886341, 0.9615816, 5.622624, 0.4131759] 3.0000875 1.0256802 0.7874784 0.7162189
[2560, 0.4581881, 1.0716774, 4.332133, 0.7074203] 2.9594007 1.1117889 0.87754464 0.98741287
[2561, 0.41154796, 1.071587, 6.048915, 0.38933223] 2.8893583 1.0471083 0.9591525 0.91465425
[2562, 0.45608652, 1.0669402, 6.0404887, 0.6820959] 2.821015 1.2082051 0.9527978 0.9005756
[2563, 0.5385538, 1.0113322, 3.6071055, 0.5490611] 3.1914444 1.0844026 0.93257207 0.81431985
[2564, 0.5087572, 1.0284754, 5.9580283, 0.60290205] 2.9324317 1.1079199 0.92576754 0.8575501
[2565, 0.48860705, 1.0524698, 4.4644556, 0.74129325] 2.8788705 1.0587813 0.92576474 0.9593746
[2566, 0.54988116, 1.0057615, 5.469944, 0.6377852] 2.4493144 1.2312493 1.1348437 1.0327349
[2567, 0.47016385, 1.0474898, 5.4474287, 0.32644993] 2.8685415 1.1343526 1.0360017 0.8498975
[2568, 0.52217716, 0.9962212, 8.457274, 0.13715678] 2.7236373 1.1258448 0.9831407 0.8770983
[2569, 0.46359444, 1.0491327, 5.513634, 0.54336494] 2.5963247 1.2270741 1.109657 0.9357699
[2570, 0.5391233, 0.98914015, 5.0972457, 0.40310735] 2.9641347 1.2484115 0.86404985 0.9991393
[2571, 0.56709945, 0.98076564, 2.4421706, 0.65795964] 3.2170951 1.0417835 0.99692065 1.1295149
[2572, 0.60067856, 0.95436037, 4.9711795, 0.41079882] 3.1451845 1.1200358 0.8444352 0.7589462
[2573, 0.39876324, 1.0813761, 3.5056388, 0.90813494] 3.0180826 1.1829394 1.0781494 0.892111
[2574, 0.5016578, 1.0160038, 6.7666025, 0.33643442] 2.4920175 1.1402218 0.97703844 1.0018182
[2575, 0.5122917, 1.0155066, 8.242234, 0.4493974] 2.4700503 1.2202836 1.0070522 1.0268531
[2576, 0.4559168, 1.0658175, 4.9899354, 0.3455477] 2.6978383 1.2580428 0.873389 1.0447758
[2577, 0.4871908, 1.0264951, 6.2891846, 0.3960815] 2.650507 1.1557071 0.9710788 0.9703979
[2578, 0.4301629, 1.0766718, 4.6740565, 0.47687557] 3.0173361 1.2034503 0.89686406 0.9817957
[2579, 0.65445447, 0.88858104, 6.6702595, 0.43269792] 2.645587 1.1742808 0.8395611 0.92734593
[2580, 0.5166993, 1.0003785, 6.271734, 0.23420414] 2.8618274 1.0299116 1.0390853 0.9247932
[2581, 0.5179379, 1.0305108, 4.018005, 0.7812069] 3.276378 0.94189656 0.90487266 0.8289976
[2582, 0.43230996, 1.0556903, 5.4768176, 0.41469255] 2.920811 1.2347908 0.9962979 0.7650534
[2583, 0.5249084, 0.9803054, 6.0529265, 0.4279967] 2.3465679 1.2885565 0.98236 1.0837327
[2584, 0.5330337, 1.0017779, 5.455807, 0.2173843] 2.9995553 1.215937 0.7222158 0.92170936
[2585, 0.53323674, 0.99358994, 5.7469354, 0.45695302] 2.5910325 1.1099535 0.9163355 1.0730478
[2586, 0.409368, 1.062219, 6.92007, 0.14534007] 2.90549 1.1156275 1.0682734 0.91570723
[2587, 0.63424677, 0.8794363, 6.9325247, 0.4082171] 2.1484365 1.1971071 1.095119 0.9038549
[2588, 0.4443323, 1.0758169, 4.3041177, 0.4950051] 2.9909427 1.3346049 0.9429586 0.89623123
[2589, 0.46989456, 1.0512476, 5.9064507, 0.29053363] 2.7829726 1.2756878 0.8419264 0.96565086
[2590, 0.47792488, 1.0336965, 4.6400037, 0.59797716] 2.926658 1.1192453 1.0004221 0.94369376
[2591, 0.49684864, 1.0201108, 4.678154, 0.3203467] 2.8140056 1.3673494 0.8079001 0.9002037
[2592, 0.44632083, 1.0598679, 6.617627, 0.32909164] 2.7596402 1.0551797 0.97559613 1.0066682
[2593, 0.534997, 1.0479764, 2.4506397, 0.9236345] 3.2195792 1.1777872 0.99090976 1.1401517
[2594, 0.45673266, 1.0722684, 6.3254356, 0.36440128] 2.7666235 1.2938648 1.0627271 0.970557
[2595, 0.37766793, 1.1150386, 4.048013, 0.91605496] 2.847436 1.231517 0.9580699 1.0708522
[2596, 0.41581607, 1.0739521, 6.9279428, 0.2166279] 2.5482023 1.0995467 1.0181407 0.9385527
[2597, 0.44080803, 1.0554216, 4.90652, 0.5148547] 2.5752637 1.2066088 0.97950363 0.97713506
[2598, 0.47939497, 1.0526363, 4.984652, 0.54307926] 2.6899586 1.1714078 0.928697 1.1292398
[2599, 0.5155987, 0.9869336, 5.514867, 0.6546955] 2.3750827 1.1835692 1.012882 0.9791932
[2600, 0.6479067, 0.8818714, 5.2991114, 0.5327237] 2.3040006 1.2918468 1.018392 0.9326625
[2601, 0.45452416, 1.042915, 4.657039, 0.38954848] 2.9138055 1.1341223 1.0385548 0.95951897
[2602, 0.515289, 1.0279472, 6.2145443, 0.38689008] 2.880953 1.2055922 0.8961965 0.87018114
[2603, 0.5781925, 0.9509545, 5.67559, 0.5729794] 2.4666502 1.120996 0.9624317 0.9945746
[2604, 0.50795287, 1.016056, 5.682242, 0.78645736] 2.5348248 1.2809373 0.800275 0.99510294
[2605, 0.4510425, 1.0677904, 6.0581656, 0.46335173] 2.633351 1.0963612 0.9585835 1.0577629
[2606, 0.51098305, 1.0226682, 3.6570165, 0.7331517] 3.0508919 1.0799844 1.0227007 1.1092697
[2607, 0.6472607, 0.88234776, 4.1880608, 0.37781754] 2.8801568 1.2780589 0.9444763 0.7504215
[2608, 0.46368676, 1.0582105, 5.843052, 0.42680717] 2.8859043 1.0774688 0.87051404 1.0087547
[2609, 0.556616, 0.9897722, 6.441077, 0.54235035] 2.7553072 1.0902421 1.0405614 0.76671666
[2610, 0.49183184, 1.0326457, 5.1331205, 0.4858736] 2.6116285 1.013659 1.0139486 1.001232
[2611, 0.44030315, 1.0700538, 6.060699, 0.26235062] 3.0237641 1.0484673 0.875784 0.9455763
[2612, 0.53268445, 1.0053589, 5.0207324, 0.46466935] 2.8290005 1.0389394 1.101089 1.0156971
[2613, 0.54068106, 0.9730618, 7.0735354, 0.23757619] 2.6372106 1.1851472 1.0203326 0.8437017
[2614, 0.50500834, 1.0154762, 4.9330354, 0.7307925] 2.517239 1.0889578 0.91374266 1.037873
[2615, 0.57920885, 0.96712554, 3.2251387, 0.9746034] 3.295262 1.0463734 0.9050831 0.7918297
[2616, 0.46855408, 1.0515925, 4.8454204, 0.29675817] 2.995935 0.92794496 0.9488822 0.98155385
[2617, 0.57039744, 0.9704871, 5.198668, 0.35727513] 2.8651743 1.1812855 1.0053774 0.9723104
[2618, 0.55071265, 0.9991989, 5.258521, 0.31626076] 2.770538 1.0498183 0.8675329 1.3622061
[2619, 0.5236958, 1.0243386, 5.3226995, 0.27954698] 3.117615 1.1784492 0.9599561 0.68963003
[2620, 0.44323125, 1.0578877, 5.6548386, 0.38361973] 2.9040308 1.1202213 1.0002978 1.0758096
[2621, 0.43922573, 1.0756748, 5.014079, 0.36325103] 3.0099678 1.0625415 0.85902375 0.862736
[2622, 0.60510933, 0.91769767, 6.1495514, 0.3780853] 2.4800026 1.1711769 0.9142581 0.8945575
[2623, 0.44914895, 1.0702783, 5.167296, 0.34347424] 2.9637952 1.2444913 0.91371465 0.9069813
[2624, 0.5067029, 1.0370561, 4.517296, 0.42722392] 2.9025183 1.1430314 1.044402 1.1176747
[2625, 0.52442205, 1.0118018, 6.333011, 0.6853149] 2.6547391 1.0754339 0.90986615 1.0431159
[2626, 0.56945926, 0.961404, 5.1454306, 0.59367055] 2.4266841 1.3278697 0.9821092 0.75860405
[2627, 0.5310262, 0.9748952, 7.191507, 0.18336965] 2.4603102 1.1313126 0.9568131 0.9496441
[2628, 0.46105275, 1.0406654, 4.9866614, 0.49008992] 2.7240427 1.257451 1.0133383 0.9503415
[2629, 0.5377282, 0.98609, 6.169854, 0.40206957] 2.8443885 1.204967 0.83079433 0.72918034
[2630, 0.5075304, 1.024144, 6.0678678, 0.3364838] 2.7476914 1.1475343 1.0864314 0.90516114
[2631, 0.43818182, 1.080522, 4.232003, 0.4036253] 3.072283 1.1607434 0.95714515 0.79312754
[2632, 0.43736696, 1.0645617, 5.701625, 0.31680527] 2.8312817 1.2541451 0.8748719 0.8501821
[2633, 0.52702373, 1.0135789, 5.2670784, 0.47077444] 2.6972873 1.027252 0.8885717 0.93518454
[2634, 0.43360144, 1.0626342, 5.423614, 0.3459236] 3.0642064 1.0393667 0.8163587 0.98039955
[2635, 0.39794016, 1.0749348, 6.077273, 0.4772026] 2.5889158 1.2477901 1.058192 1.0480325
[2636, 0.4797604, 1.0555634, 4.467292, 0.50765085] 3.109112 1.1774434 0.7965327 0.84961534
[2637, 0.4710936, 1.055201, 3.4447134, 0.9165345] 3.178259 1.0504825 0.8738727 0.89186776
[2638, 0.41423324, 1.076536, 4.412855, 0.6483727] 2.9979908 1.1200897 1.006756 0.8995387
[2639, 0.45627412, 1.0472203, 5.6266484, 0.28726152] 2.8807812 1.1992391 0.9667658 1.0421395
[2640, 0.47052553, 1.0442995, 6.3328285, 0.20593613] 2.8252096 1.1606442 0.79668486 0.849432
[2641, 0.6428702, 0.8861772, 4.90315, 0.42348647] 2.5374913 1.2161099 0.8463464 0.70161974
[2642, 0.47111318, 1.0319598, 6.0588684, 0.24147266] 2.8849788 1.2318395 0.92983973 0.8842174
[2643, 0.50864047, 1.013367, 6.991408, 0.25342512] 2.5709987 1.1104295 0.8638511 1.0116057
[2644, 0.4806133, 1.0677929, 2.6905346, 0.999859] 3.3572664 0.8650691 1.0394995 0.9354113
[2645, 0.510852, 1.01896, 4.9961834, 0.56573457] 2.840863 1.2015277 0.87920713 0.9449111
[2646, 0.48926282, 1.036609, 5.049662, 0.49138013] 2.8148284 1.2356533 1.0616102 0.8206917
[2647, 0.51412135, 1.0236101, 5.1558285, 0.45425403] 2.6059124 1.2495347 0.9784534 0.8946794
[2648, 0.42232096, 1.0829048, 5.1440606, 0.38449037] 2.833275 1.1544918 0.9185778 0.93885744
[2649, 0.40381896, 1.0807819, 5.385533, 0.28499585] 2.6358933 1.2453163 1.042207 1.1086441
[2650, 0.4386817, 1.0562676, 5.9411488, 0.3993604] 2.6873229 1.2055156 1.0492448 0.9231619
[2651, 0.35107958, 1.1053032, 7.3560095, 0.37054574] 2.7211869 1.235421 0.91177917 0.88322663
[2652, 0.51866704, 1.0384892, 4.505465, 0.9726986] 2.7470982 1.2265221 0.9310476 0.99811244
[2653, 0.53666264, 0.9882399, 4.6191664, 0.36016503] 2.8270712 1.1845957 0.88493943 0.8648932
[2654, 0.4589667, 1.0664657, 4.8618517, 0.37245715] 3.033237 1.0519131 0.88684756 0.9437974
[2655, 0.51889557, 1.0299098, 4.9182153, 0.3422945] 2.9515367 1.1914036 0.8671888 0.92991036
[2656, 0.46610245, 1.033981, 4.4234066, 0.3235072] 2.7636695 1.2530499 0.8431423 0.9112522
[2657, 0.5382056, 0.9956489, 6.7018447, 0.29217842] 2.999787 1.0818936 0.7880922 0.8437749
[2658, 0.4697954, 1.0540092, 4.9166784, 0.42680788] 2.866883 1.1564049 0.89293504 0.9124898
[2659, 0.4886915, 1.0368365, 5.3085713, 0.6027348] 2.8445842 1.2619922 1.009234 0.8741633
[2660, 0.5171557, 1.02968, 4.024401, 0.7415483] 3.1718273 1.1630905 0.6716796 0.9032998
[2661, 0.5410397, 1.0031134, 4.7320952, 0.39745146] 2.8138216 1.1654234 1.0543789 0.9918162
[2662, 0.49919608, 1.021418, 5.721033, 0.31773382] 2.707185 1.2191168 0.824583 1.0009501
[2663, 0.46682796, 1.0700147, 5.819218, 0.5805885] 2.8541198 0.9734151 0.8929363 1.0126756
[2664, 0.4846395, 1.0291007, 4.856564, 0.43461782] 2.8911312 1.1666324 0.93547904 0.9495866
[2665, 0.43897307, 1.0578161, 4.5938187, 0.46390542] 2.909858 1.2159108 1.0148747 0.9550595
[2666, 0.52640027, 1.0054923, 4.429499, 0.41310656] 2.7136266 1.2183098 1.0281705 0.96379626
[2667, 0.4398886, 1.0655404, 3.5915508, 0.8055848] 3.1868496 1.103177 0.9805872 0.77854097
[2668, 0.5540594, 0.98069197, 5.866098, 0.4315322] 2.568867 1.1326885 1.0851158 1.0126959
[2669, 0.49020886, 1.0430297, 5.9487343, 0.62060946] 2.8065877 1.325272 0.8276282 0.8099258
[2670, 0.4708152, 1.0366863, 5.4999275, 0.34418625] 2.568554 1.2231244 0.9834883 1.0185302
[2671, 0.5684791, 0.97006506, 4.877417, 0.9982491] 2.5827756 1.0878712 0.8279303 0.999443
[2672, 0.58764106, 0.94018114, 5.062359, 0.35763127] 2.6214592 1.2549857 0.9388001 0.899448
[2673, 0.53268, 0.9978532, 5.694344, 0.44708303] 2.6523268 1.0644734 0.8453911 1.0031877
[2674, 0.5567598, 0.982744, 6.6399274, 0.22699808] 2.82375 1.1751486 0.96900916 0.96304417
[2675, 0.30136064, 1.1285067, 4.4114327, 0.46252465] 3.131782 1.0443134 0.9406654 0.999899
[2676, 0.5201021, 1.0049417, 5.107923, 0.40075007] 2.9022017 1.096122 1.1089836 1.0691009
[2677, 0.53099746, 0.99816746, 6.0630093, 0.69775593] 2.5635498 1.1702958 0.82929254 0.9146397
[2678, 0.5588362, 0.9701716, 6.1670604, 0.4199727] 2.4482644 1.2886442 0.9233331 1.0455276
[2679, 0.49610373, 1.0396602, 4.406291, 0.6431583] 3.1203935 1.0922992 1.0763398 0.84769577
[2680, 0.37853646, 1.078689, 2.8443456, 0.8857356] 3.046226 1.2909011 0.8568803 0.717
[2681, 0.4453027, 1.0556903, 6.2160063, 0.1948363] 2.870887 1.1369821 0.873591 0.97398937
[2682, 0.55806863, 0.9825887, 6.1141176, 0.47981185] 2.872216 1.0438602 0.8906912 1.1115957
[2683, 0.5035311, 1.051175, 4.5396504, 0.40435293] 2.900251 1.1371195 1.0680336 1.1125798
[2684, 0.55511767, 0.989025, 6.6012077, 0.2502088] 2.8262503 1.106397 0.89726686 0.84162253
[2685, 0.52514833, 0.9888798, 6.9701147, 0.1913255] 2.7738779 1.1454124 1.0143418 0.8304033
[2686, 0.41126338, 1.08871, 6.2697167, 0.41474462] 2.566504 1.1363018 1.0519851 0.9414831
[2687, 0.47229528, 1.067997, 5.4603043, 0.44631362] 2.7932613 1.1853899 0.97759014 0.9338879
[2688, 0.47421494, 1.0570297, 4.4592237, 0.4659919] 2.9583647 1.1318591 0.99505764 1.0591214
[2689, 0.50161463, 1.0156857, 6.1674795, 0.42486614] 2.7126164 1.1276972 0.9474441 0.8316022
[2690, 0.5795366, 0.93906826, 6.06703, 0.375526] 2.560643 1.0938294 1.0517014 0.9771879
[2691, 0.54791796, 0.995167, 5.19081, 0.32462043] 3.0694525 0.9932968 0.9613755 0.8161263
[2692, 0.53708667, 0.9734244, 6.3245883, 0.5001977] 2.3829625 1.2322817 1.0538027 0.9051132
[2693, 0.37166414, 1.1170962, 3.1507983, 0.9472395] 3.1800559 1.2165024 0.92212784 0.8185994
[2694, 0.53615457, 1.0205146, 5.3169255, 0.50512797] 2.8685098 1.0513284 0.9649938 1.0616267
[2695, 0.5862036, 0.93584245, 6.0112123, 0.32039592] 2.2298756 1.2386384 0.938255 1.0608841
[2696, 0.59562963, 0.9568975, 4.831623, 0.47039765] 2.8427296 1.3495332 1.0989975 0.88232726
[2697, 0.5235022, 1.0272409, 5.0426807, 0.33769128] 2.891468 1.1326625 0.9989912 0.84216076
[2698, 0.53764874, 1.0323541, 4.0224524, 0.9802944] 3.0469055 1.2047182 0.9631089 0.7784644
[2699, 0.55881923, 0.9933255, 4.859196, 0.7808428] 2.8700514 1.2387508 0.9766574 0.8227458
[2700, 0.5113366, 1.0232457, 6.2178426, 0.21588726] 2.8110595 1.132698 1.1050702 0.8335338
[2701, 0.5122111, 1.0308052, 3.550027, 0.5122105] 3.1992304 1.0422696 0.9867381 0.8859722
[2702, 0.5919085, 0.93676466, 6.228495, 0.31039852] 2.4660275 1.237709 1.0745108 0.93203545
[2703, 0.5212395, 0.99162376, 6.3920465, 0.24110238] 2.8406956 0.96803164 0.8303564 0.8966563
[2704, 0.47513968, 1.0597413, 5.1552515, 0.63191074] 2.7801135 1.2148341 1.1632493 0.8250744
[2705, 0.4823444, 1.0237625, 4.3302827, 0.4342407] 2.8120952 1.2193047 0.92489564 0.8691452
[2706, 0.5064843, 1.0401815, 5.8529763, 0.3512995] 2.5255022 1.1939585 1.0163964 1.2069188
[2707, 0.53465897, 0.97348815, 5.143079, 0.259006] 2.843416 1.207051 0.9150928 0.75524265
[2708, 0.4915179, 1.0221243, 4.4146404, 0.5837359] 2.951005 1.1025763 0.9323731 0.87865454
[2709, 0.41663593, 1.0728629, 4.8007317, 0.4024039] 2.817478 1.0909895 1.0052495 1.1183956
[2710, 0.4908819, 1.0427192, 5.5128875, 0.29812106] 2.832604 1.2494344 1.0419394 0.8659719
[2711, 0.45637253, 1.02864, 6.189923, 0.2322122] 2.7915282 0.97654784 0.9687937 0.9442907
[2712, 0.4954836, 1.040758, 5.6221924, 0.23602468] 2.7652676 1.2283826 1.1004117 0.88131523
[2713, 0.4908179, 1.0124481, 6.0407414, 0.4491459] 2.492662 1.2581418 1.0537533 0.8052912
[2714, 0.50251126, 1.026729, 5.706216, 0.4416525] 2.7674391 1.1988244 1.020952 0.8312273
[2715, 0.43224898, 1.0634097, 3.494044, 0.50008583] 3.1871262 1.056919 0.9516103 0.93447685
[2716, 0.5096833, 1.0117393, 6.2275105, 0.3053613] 2.807646 1.2041136 0.9834905 0.7708193
[2717, 0.61281234, 0.9379483, 6.42137, 0.3361404] 2.8302515 1.1899606 0.9091344 0.74494165
[2718, 0.49864388, 1.016111, 7.570241, 0.2222822] 2.7903676 1.050471 0.9146039 0.9604259
[2719, 0.5520145, 1.0007281, 6.0546436, 0.56688863] 2.6582491 1.1557797 1.0159817 1.0917375
[2720, 0.45239952, 1.0336018, 6.5821843, 0.17598663] 2.6788213 1.2983307 0.91287017 0.85289186
[2721, 0.45850265, 1.0615227, 3.3648427, 0.6873325] 3.2383108 1.0344048 0.9955771 1.0618135
[2722, 0.4274108, 1.0767536, 4.631059, 0.8073169] 3.2181592 0.97455966 0.9375118 0.76657724
[2723, 0.5292326, 0.996983, 5.890004, 0.47804677] 2.3986878 1.2498134 0.92594475 0.9781013
[2724, 0.55450726, 0.98741734, 3.8159606, 0.725013] 3.0368412 1.1829984 0.9306497 0.9398224
[2725, 0.46024767, 1.0557903, 5.152715, 0.32271144] 2.9855053 1.077634 0.97436213 0.9504704
[2726, 0.52335984, 0.9929945, 5.0406866, 0.5281852] 2.5950663 1.1421782 0.99047506 1.035789
[2727, 0.51164883, 1.0295357, 4.6227264, 0.4607506] 2.7105005 1.106611 1.0031093 0.9736636
[2728, 0.5777026, 0.9547677, 5.7280517, 0.36651564] 2.6680958 1.2766049 0.8090203 0.8477533
[2729, 0.51105917, 1.0405957, 5.1979136, 0.41809532] 2.7200303 1.1779205 1.0401636 1.2484907
[2730, 0.41683143, 1.0716065, 5.450196, 0.2988947] 3.038613 1.126364 0.8645268 0.84019285
[2731, 0.5199145, 1.01559, 3.895915, 0.44021896] 3.0713656 1.0976192 0.95065016 0.84192973
[2732, 0.4973386, 1.0423363, 4.1991963, 0.6470221] 3.1550832 1.1543576 0.79405206 0.8533123
[2733, 0.5735033, 0.96840394, 6.2115307, 0.43502495] 2.6964893 1.3163027 0.83729786 0.9601286
[2734, 0.5319271, 1.0200057, 5.5518413, 0.4930398] 2.721741 1.0856903 0.9634638 1.0131583
[2735, 0.48101163, 1.049635, 5.1570425, 0.26438093] 2.7133243 1.1740206 0.9758615 1.0068928
[2736, 0.40561453, 1.0462859, 5.8022213, 0.19657902] 3.0360787 1.1000286 0.8622526 0.9164956
[2737, 0.58675677, 0.9761749, 4.455918, 0.689693] 2.6257088 1.2585917 1.0765663 0.99260575
[2738, 0.5265751, 1.0146224, 6.3536716, 0.355595] 2.8275895 0.98890513 0.9809094 0.87859076
[2739, 0.60256016, 0.93304056, 4.5886865, 0.51424867] 3.0653481 1.0724957 0.8614374 0.79641664
[2740, 0.39882675, 1.0635791, 6.420973, 0.6793252] 2.4831936 1.2402567 1.0572115 0.9965405
[2741, 0.44911894, 1.0490178, 5.816526, 0.4461034] 2.7014823 1.1414642 1.0731668 0.99119633
[2742, 0.5130682, 1.0323056, 4.4545336, 0.44324842] 3.1545289 1.2232687 1.0904984 0.6195653
[2743, 0.4063272, 1.0986149, 4.2080636, 0.66210216] 2.8143485 1.2270191 0.8134176 0.9820513
[2744, 0.5449564, 0.9794546, 7.2737417, 0.19019623] 2.8194635 1.1404803 0.8676145 0.8444108
[2745, 0.50550115, 1.020253, 6.121544, 0.2502122] 2.7584693 1.24545 0.90276575 0.9438151
[2746, 0.37373286, 1.1581057, 2.277144, 0.9395201] 3.4999561 0.92933583 0.9444548 0.9273617
[2747, 0.50515586, 0.9939608, 6.6574597, 0.15400882] 2.9612486 1.0935888 0.75524366 0.7865519
[2748, 0.4620302, 1.0557349, 5.962583, 0.22419362] 2.8481727 1.055232 0.9860821 0.90551627
[2749, 0.49277422, 1.0356259, 4.305081, 0.56647825] 2.9537663 1.2036544 1.0579373 0.9092089
[2750, 0.41294336, 1.0594888, 4.8364387, 0.2970838] 2.8534222 1.0613879 0.8679971 0.9263474
[2751, 0.49674213, 1.0389768, 5.908332, 0.40247822] 2.728881 1.0849366 0.96655273 0.9941863
[2752, 0.5630532, 1.0035936, 4.6359735, 0.8601742] 2.8848565 1.1465294 1.010826 0.7874397
[2753, 0.51584303, 1.0204676, 5.3192964, 0.63226104] 2.6923873 1.2408472 0.9032661 0.8386125
[2754, 0.38226616, 1.1166685, 5.003943, 0.7056909] 2.9058654 1.0668623 1.137829 1.0193143
[2755, 0.53997815, 0.994216, 6.675844, 0.18339829] 2.770146 1.0706427 1.0738666 0.82637
[2756, 0.50806093, 1.013628, 5.182182, 0.37424928] 2.882177 1.1600385 0.92127705 0.81422937
[2757, 0.4276814, 1.0903926, 4.2377534, 0.5297731] 2.9231274 1.1184291 0.9144959 1.090799
[2758, 0.60680765, 0.9280058, 5.8021965, 0.9100923] 2.3881319 1.2989886 0.9772595 1.0126477
[2759, 0.531653, 0.9934268, 4.8126435, 0.9283108] 2.3581216 1.1833869 1.023489 1.0551273
[2760, 0.5085415, 1.0078101, 6.828577, 0.18642348] 2.5895302 1.1738968 1.0726359 0.96204615
[2761, 0.5510984, 0.9807884, 5.3525476, 0.33771846] 2.6180797 1.2556617 0.92156714 0.89420545
[2762, 0.51303864, 1.0064853, 5.5456295, 0.40437254] 2.5506945 1.121531 0.9602477 1.0246177
[2763, 0.4778396, 1.034512, 4.526117, 0.3187452] 3.146969 1.0622014 1.0015552 0.832857
[2764, 0.39699012, 1.0957888, 5.849096, 0.4586936] 2.7567856 1.2995601 0.9277714 0.8063298
[2765, 0.46669886, 1.0677671, 3.499006, 0.67417616] 3.1874692 1.0188168 1.1157055 0.89734507
[2766, 0.6339291, 0.88593435, 6.8236523, 0.27565852] 2.626459 0.98427117 0.8074115 0.9834081
[2767, 0.5732965, 0.963936, 7.088975, 0.23014992] 2.6192398 1.0668687 0.9360122 1.0693436
[2768, 0.5323784, 0.9825385, 7.385937, 0.24809897] 2.2626011 1.292574 1.0046669 1.0308721
[2769, 0.5931487, 0.94403887, 5.8180337, 0.43697488] 2.601266 1.0888231 0.9679007 0.8598136
[2770, 0.5412893, 1.0121344, 4.4992037, 0.41806927] 2.9667244 1.124522 0.9231967 0.97173697
[2771, 0.49803266, 1.004178, 7.5658402, 0.1719238] 2.6552668 1.2169784 0.9828271 0.83583987
[2772, 0.5754129, 0.98440284, 5.3006096, 0.44722554] 3.0697935 1.0635834 0.8893146 0.68931
[2773, 0.6267735, 0.9151796, 7.42716, 0.29673097] 2.9198976 1.1756859 0.8825845 0.69065803
[2774, 0.6052502, 0.93678284, 5.471869, 0.6407052] 2.7207432 1.1588979 0.91495776 0.72042036
[2775, 0.5215462, 1.0112356, 5.994352, 0.33910388] 2.7064948 1.1127259 0.894118 0.9935762
[2776, 0.4691852, 1.0325176, 7.7163615, 0.34544805] 2.5531344 1.1522484 0.9827694 1.0244734
[2777, 0.463621, 1.0720328, 4.969423, 0.4416759] 2.9226067 1.1858648 0.9041683 0.8415184
[2778, 0.5308015, 0.98834354, 6.632732, 0.3482706] 2.8151639 1.1000189 0.8525331 0.8434077
[2779, 0.6324163, 0.91924024, 6.585098, 0.25595683] 2.6338253 1.1501063 0.9124473 1.001982
[2780, 0.61116076, 0.9512556, 4.2747445, 0.6672154] 2.9557738 1.10122 0.83778274 1.0482904
[2781, 0.5459528, 0.98863006, 5.838753, 0.37165505] 2.682647 1.078395 1.0519749 1.1162682
[2782, 0.5335582, 1.024542, 3.171525, 0.87546563] 3.2681532 1.1766119 0.8673637 0.89107144
[2783, 0.4909852, 1.0377961, 5.3301363, 0.20377822] 2.9397507 1.2655196 0.93825215 0.9619157
[2784, 0.50228125, 1.0114635, 5.2182975, 0.40534946] 2.787326 1.1956115 0.92981225 0.8141661
[2785, 0.47005284, 1.0372748, 5.1267037, 0.3273859] 2.7350695 1.2064502 1.0505189 1.0919385
[2786, 0.49703985, 1.0291824, 5.43497, 0.39079195] 2.8437228 1.2431188 0.839828 0.8491931
[2787, 0.42235246, 1.0934153, 4.453878, 0.6679855] 2.990774 1.2611923 0.81136256 0.927337
[2788, 0.49486405, 1.0374264, 5.346424, 0.5335008] 2.8188138 1.2520022 0.86155766 0.83048475
[2789, 0.5775992, 0.95463747, 5.282214, 0.523706] 2.468313 1.2938529 0.90633726 0.9689665
[2790, 0.4926185, 1.0279568, 5.552687, 0.6614254] 2.7437565 1.0341603 1.031351 1.0792507
[2791, 0.5056484, 1.0319209, 4.373709, 0.46473324] 2.8853538 1.0893366 0.9064024 1.0268996
[2792, 0.5148672, 1.0052873, 5.57992, 0.38992152] 2.8037794 1.05142 0.983163 0.94074553
[2793, 0.52231246, 1.0058111, 3.2733974, 0.8334005] 3.108493 1.1402029 1.043504 0.9880268
[2794, 0.5026534, 1.0344625, 4.879024, 0.61866796] 2.7530804 1.0803528 1.0305883 1.1218724
[2795, 0.52139044, 1.0103616, 5.5452027, 0.37018764] 2.685411 1.2193128 0.87081975 0.89157385
[2796, 0.47760966, 1.0402478, 5.4044557, 0.22177513] 2.7571192 1.1469244 1.0298524 0.91225046
[2797, 0.55655044, 0.9645385, 4.7323046, 0.24375229] 3.0553048 1.132449 1.0416589 0.74109745
[2798, 0.5165947, 1.0057048, 5.7663245, 0.4181211] 2.9182441 0.9701407 1.0261896 0.82013017
[2799, 0.60798895, 0.93324345, 3.508035, 0.799697] 3.0891128 1.1537577 0.8984639 0.9723446
[2800, 0.68798083, 0.85741967, 6.161782, 0.5779361] 2.6965425 0.9564039 1.0324163 0.8737265
[2801, 0.49465427, 1.0376083, 3.1462455, 0.68388516] 3.1914847 1.0727295 1.0340512 0.9093677
[2802, 0.47809467, 1.05244, 3.2706363, 0.65001804] 3.3896427 0.91127104 0.9638098 0.8383514
[2803, 0.5396574, 1.0035807, 6.168481, 0.48007166] 2.6481683 1.1261733 0.9566613 0.8815997
[2804, 0.5298952, 1.0008302, 6.9353204, 0.2712435] 2.9033537 1.1435114 0.94128454 0.73060787
[2805, 0.48035622, 1.0318708, 5.740119, 0.4157651] 2.6226885 1.2255187 0.94714683 1.0335538
[2806, 0.59307724, 0.94157594, 5.8533425, 0.8193867] 2.5940266 1.1724877 0.8309567 0.8482878
[2807, 0.44755808, 1.0529224, 3.6858332, 0.73666894] 3.269625 1.0907811 0.931001 0.90195966
[2808, 0.47106397, 1.0630218, 3.7913675, 0.6241689] 3.0738711 1.0905839 0.8884982 1.1964325
[2809, 0.49161094, 1.0351204, 5.102729, 0.4754031] 2.7474153 1.3065616 0.97436637 0.83999336
[2810, 0.47377536, 1.0416175, 5.122237, 0.41443992] 2.995314 0.9779033 0.9035488 0.94167584
[2811, 0.4775033, 1.0262624, 4.8983135, 0.34335503] 3.05608 1.0359899 1.0365016 0.8366685
[2812, 0.4705671, 1.067032, 4.921872, 0.6640184] 3.1021314 1.0460733 0.8721258 0.79697996
[2813, 0.39843574, 1.0964845, 5.1236186, 0.45381126] 2.8983474 1.1281415 1.03395 0.92711556
[2814, 0.48755437, 1.0464472, 7.8803306, 0.30464923] 2.619577 1.213523 0.8806125 0.8752103
[2815, 0.46563813, 1.0528471, 5.625108, 0.5047397] 2.7607927 1.0607971 0.9160832 0.861369
[2816, 0.5382265, 1.006187, 6.2893133, 0.3940634] 2.585941 1.2038338 0.963954 0.9269844
[2817, 0.45092764, 1.0624897, 4.935939, 0.69696856] 2.6765988 1.0758755 1.0290967 1.1092641
[2818, 0.31034732, 1.1605421, 2.3781295, 0.8965673] 3.4705143 0.98753625 0.9562402 0.9896901
[2819, 0.39508566, 1.0768739, 5.9825196, 0.34723693] 2.919342 0.9537324 1.0081843 0.97462624
[2820, 0.46193162, 1.0439111, 4.118786, 0.49484932] 2.9447756 1.1956246 0.914112 1.1015776
[2821, 0.5151936, 1.0169921, 4.991849, 0.45900267] 3.0510828 1.0915656 0.9011903 0.90544415
[2822, 0.5300635, 1.0213568, 5.7387924, 0.6567284] 2.783146 1.1311513 0.8012955 0.7858777
[2823, 0.35102186, 1.1167669, 4.4699125, 0.58818924] 2.923971 1.1094592 1.1191027 0.98410887
[2824, 0.5288737, 1.0001466, 6.0646014, 0.34376475] 3.0016468 0.9185805 1.0870589 0.8128298
[2825, 0.43592757, 1.0918676, 4.270037, 0.5747322] 2.8813224 1.2178894 1.0316449 1.082726
[2826, 0.53574634, 0.97871345, 4.937909, 0.5956338] 2.728073 1.202757 0.90974385 1.0072709
[2827, 0.57596403, 0.9986576, 3.376522, 0.9163924] 3.1660311 1.2510835 1.0210111 0.81723434
[2828, 0.5101094, 1.0125571, 6.2667503, 0.3191119] 2.8872383 1.0912235 0.83858615 0.81681484
[2829, 0.45130226, 1.0661688, 4.816462, 0.34454444] 2.9614925 1.2287667 1.0441694 0.9189904
[2830, 0.53974533, 1.0074326, 6.605172, 0.30200666] 2.8227427 1.2643046 0.98691773 0.8520329
[2831, 0.55425483, 0.98925155, 5.0132008, 0.635189] 2.5025845 1.3690127 1.0917141 0.92028356
[2832, 0.5388605, 1.0027158, 5.126768, 0.30053908] 2.656576 1.2562445 1.0991051 1.1237978
[2833, 0.5482546, 0.9596314, 6.301521, 0.3250101] 2.4555054 1.2216123 0.9551765 0.9583282
[2834, 0.52707916, 1.0207158, 5.62992, 0.3360995] 2.7834327 1.071412 1.1778076 1.0996122
[2835, 0.54564893, 1.0246376, 6.0613623, 0.71253866] 2.7780118 1.2044716 1.1117578 0.912457
[2836, 0.53884506, 0.9852838, 5.8066406, 0.16119885] 2.9787886 1.0966762 0.7432337 1.0940627
[2837, 0.41858065, 1.0605769, 5.6963964, 0.2585601] 2.909757 1.0634608 0.94512945 0.9307443
[2838, 0.5924902, 0.96288854, 5.9840565, 0.27871704] 2.8782077 1.2708876 0.89373964 1.0335507
[2839, 0.50579154, 1.016001, 7.313587, 0.2427418] 2.3998754 1.1350528 1.2334723 1.2116021
[2840, 0.45987332, 1.0587479, 5.7535954, 0.29020518] 2.7793505 1.0952909 1.0098957 0.75252056
[2841, 0.5033397, 1.0449097, 4.832586, 0.44854027] 3.0525818 1.1677148 0.9225393 0.85661644
[2842, 0.51004344, 1.0281767, 4.057931, 0.6095565] 3.1198845 1.1292887 0.90449786 0.68851733
[2843, 0.54138905, 1.0022073, 3.8966746, 0.5547887] 3.0467947 1.1367989 0.9137329 1.1169059
[2844, 0.45191064, 1.0829157, 5.156444, 0.4037934] 2.8935022 1.0237217 0.9623785 1.1278592
[2845, 0.42774317, 1.0641896, 6.4135995, 0.21973103] 2.963516 1.0744302 0.829694 0.844546
[2846, 0.52096015, 1.0208865, 2.93956, 0.81026304] 3.0224879 1.21549 0.9784132 1.156804
[2847, 0.539333, 0.9806294, 5.4634795, 0.38760018] 2.7938502 1.022337 0.96847695 0.7029454
[2848, 0.5540357, 0.9909209, 5.510248, 0.48005342] 2.8110757 1.1823752 0.88379407 0.7606967
[2849, 0.4530419, 1.0567465, 5.275263, 0.36438996] 2.7202222 1.227009 0.9112801 1.0161958
[2850, 0.63104373, 0.8910858, 8.681818, 0.3235693] 2.5551202 1.1767051 0.8814011 0.7448155
[2851, 0.5752592, 0.92717403, 6.1388435, 0.37297693] 2.2755146 1.0857415 1.0846256 1.0914001
[2852, 0.5647892, 0.96747375, 5.4913087, 0.20487335] 2.74314 1.2958953 1.0619861 1.1341192
[2853, 0.4774452, 1.0401671, 6.716526, 0.24938634] 2.7406821 1.2585937 0.9901057 1.0525516
[2854, 0.4621383, 1.0763677, 3.11305, 0.97004014] 3.1055992 1.1679219 0.97663987 0.8920131
[2855, 0.5022276, 1.0381529, 4.59549, 0.4549986] 2.9000392 1.1667478 0.98406166 0.97818357
[2856, 0.5546884, 0.9811028, 5.399394, 0.55485123] 3.0027244 1.0377811 0.9055644 0.87655383
[2857, 0.57929444, 0.9522774, 5.652176, 0.41662282] 2.567223 1.2373054 1.0541222 0.82055277
[2858, 0.54161805, 0.9796621, 7.4238186, 0.24712315] 2.418849 1.3121724 1.0699598 0.975828
[2859, 0.6773674, 0.82060075, 5.9273386, 0.23365809] 2.13118 1.2798063 0.9761533 1.0361711
[2860, 0.5700537, 0.9801702, 5.6229563, 0.5050578] 2.555181 1.1430537 0.92650396 1.0190752
[2861, 0.4818662, 1.043236, 5.7980905, 0.5054928] 2.6939712 1.0911387 0.83510846 1.0771856
[2862, 0.4758673, 1.0265803, 5.434817, 0.7373447] 2.459126 1.126443 1.0459242 1.1111999
[2863, 0.51619095, 1.0139687, 4.5213056, 0.567866] 2.6705387 1.0401186 0.91551423 1.0226148
[2864, 0.5821884, 0.95264953, 5.1209574, 0.34057564] 2.723153 1.129551 0.8970541 0.6422256
[2865, 0.5189447, 1.02037, 3.505035, 0.8446262] 3.2319617 1.1925969 0.80155 0.95760834
[2866, 0.4636678, 1.0744351, 3.615525, 0.850761] 3.1458774 1.2735165 1.0322553 0.84317505
[2867, 0.5102535, 1.0265948, 6.176438, 0.26907843] 2.8108735 1.0489361 0.9585686 0.89517707
[2868, 0.45653582, 1.0855147, 3.064386, 0.6672634] 3.2727044 1.0285038 0.9641012 1.0777621
[2869, 0.5357039, 0.99777365, 4.9679446, 0.354737] 2.807894 1.090516 1.1082329 0.82709354
[2870, 0.44792423, 1.0831499, 4.235893, 0.80865824] 2.931253 1.3166754 0.84387684 0.8831923
[2871, 0.4253873, 1.0870405, 5.6910334, 0.5519964] 2.909004 1.0667458 0.969117 0.934494
[2872, 0.6020432, 0.9325298, 5.048343, 0.6301823] 2.943146 1.182781 0.82605565 0.8196679
[2873, 0.46852168, 1.0766944, 3.1845312, 0.7339489] 3.09852 1.1909344 0.7530106 1.0993639
[2874, 0.51781106, 1.0379283, 3.6405215, 0.60386443] 3.0825999 1.3139542 0.9759234 0.8546636
[2875, 0.47103137, 1.0459543, 5.383133, 0.5146877] 2.5852072 1.2177941 0.9219461 1.1040596
[2876, 0.45649487, 1.0503936, 6.2036424, 0.21791746] 2.9036777 1.092681 0.9832172 0.8073215
[2877, 0.5756092, 0.9427328, 5.787127, 0.5304996] 2.6924665 1.1517553 0.9315907 0.97701114
[2878, 0.43743822, 1.0758157, 5.226411, 0.6023834] 2.73762 1.12242 0.9961788 0.8924447
[2879, 0.52304757, 1.0153534, 3.983174, 0.45758587] 3.1950076 1.0718197 0.8324222 0.9612202
[2880, 0.48870337, 1.0471458, 3.7979803, 0.6263117] 3.057554 1.1955643 0.76838595 0.93464845
[2881, 0.51104677, 1.0171221, 6.814012, 0.22505572] 2.6010294 1.1384194 1.0495898 1.0541947
[2882, 0.5169059, 1.0066273, 6.267348, 0.33773485] 2.6083264 1.0633887 0.9124188 1.0092477
[2883, 0.4373673, 1.0878357, 4.370177, 0.6600185] 3.1268888 1.0636047 0.93360305 0.77272564
[2884, 0.5189139, 1.0169946, 5.3884745, 0.46637276] 2.5341537 1.2687074 0.933439 0.9881132
[2885, 0.40897638, 1.0712347, 5.627211, 0.3037037] 2.7765422 1.196661 1.0940572 0.8963988
[2886, 0.5982833, 0.92995536, 5.7080355, 0.35334346] 2.8912253 1.1416726 0.9135361 0.6780226
[2887, 0.563038, 0.98332363, 3.5414598, 0.93942827] 3.2630582 1.0472616 0.86613154 0.93044025
[2888, 0.5268453, 1.0047456, 5.6832814, 0.3783941] 2.8899093 1.0871674 1.0906644 0.68748206
[2889, 0.4764702, 1.0374275, 6.1374636, 0.2798067] 2.9319975 1.0129764 0.91481 0.9348097
[2890, 0.5575176, 0.97045, 6.0967274, 0.27351826] 2.9236171 1.177044 0.9267225 0.81089485
[2891, 0.46520847, 1.0284562, 5.912745, 0.60924697] 2.4593577 1.1060951 1.0600026 0.98677784
[2892, 0.4618465, 1.0408828, 3.932382, 0.4465654] 3.0947084 1.0422063 0.92340934 0.9433999
[2893, 0.4779191, 1.0412772, 5.174041, 0.21530709] 3.0174904 1.1844872 0.8572988 0.97727954
[2894, 0.40306363, 1.0776408, 5.4718857, 0.62268674] 2.7027318 1.0488323 1.1009275 0.8952523
[2895, 0.42568216, 1.0640728, 3.7399335, 0.5822313] 3.1698782 0.95825034 0.8260863 0.9546053
[2896, 0.6319435, 0.9210093, 4.8827825, 0.37136573] 2.9424555 0.9962479 0.9693541 1.155959
[2897, 0.5495145, 0.97830933, 5.658381, 0.45235416] 2.6773577 1.1372583 0.73630834 0.85970074
[2898, 0.4813693, 1.0244163, 6.642217, 0.26176524] 2.6986246 1.2392081 0.9897172 0.8844291
[2899, 0.39246628, 1.095933, 4.819492, 0.6217812] 2.7754056 1.111978 0.97366047 1.0618017
[2900, 0.5359079, 0.9855465, 4.7475615, 0.23574421] 3.0934553 1.0112163 0.92463 0.7442632
[2901, 0.51835376, 1.009988, 3.8892195, 0.4499672] 3.0093474 1.2110635 0.95331925 0.98147255
[2902, 0.50540715, 1.037375, 4.2807484, 0.50872606] 3.0314064 1.1520023 0.9409829 0.72996414
[2903, 0.57330155, 0.95170456, 6.2312164, 0.19225766] 2.82285 1.0050784 0.8981514 0.8257582
[2904, 0.43885002, 1.071033, 5.1838, 0.5688813] 2.8908858 1.0442362 1.002228 0.8645342
[2905, 0.5545766, 1.0038372, 4.617036, 0.47121364] 3.1793604 1.1770802 0.91478735 0.7342922
[2906, 0.48817536, 1.0310699, 6.3374367, 0.37661144] 2.864054 1.0831788 0.7732557 0.9299711
[2907, 0.46217382, 1.0520415, 2.6162932, 0.9884904] 3.186839 1.179833 1.0531067 1.0368125
[2908, 0.58542126, 0.9359294, 5.2958674, 0.3604277] 2.6056216 1.063537 0.9861919 0.7917327
[2909, 0.536757, 0.99735713, 5.9386916, 0.6219857] 2.5787184 1.2129816 0.94891304 1.1324121
[2910, 0.5256605, 1.0270706, 5.023625, 0.4210226] 3.064557 1.2224388 0.9236195 0.7416769
[2911, 0.50186884, 1.0181258, 5.3403344, 0.542309] 2.598505 1.0802486 0.89696825 1.0561005
[2912, 0.4700247, 1.0588901, 4.0861197, 0.4909835] 3.0981247 0.97406614 0.9057936 1.0623395
[2913, 0.5022574, 1.0421237, 3.1972897, 0.84440166] 3.2779467 1.11532 0.9706188 0.7061785
[2914, 0.5486797, 1.0159395, 3.9953892, 0.5313437] 3.0414567 1.3249944 0.9333426 0.8997869
[2915, 0.4855815, 1.0502397, 5.1315765, 0.51442814] 2.9343414 1.1565068 0.93991375 0.8775697
[2916, 0.514672, 1.0031575, 3.3236568, 0.65328944] 3.1126294 1.2496072 1.0196297 0.88724864
[2917, 0.5277605, 1.0025008, 5.702405, 0.38131624] 2.7219782 1.2583939 0.9120284 1.0618266
[2918, 0.495605, 1.0276213, 5.251199, 0.46025905] 2.7984824 1.1728541 1.0160264 0.89767915
[2919, 0.60487497, 0.92367196, 5.0747046, 0.7807302] 2.4998982 1.1812972 0.95969963 0.8121614
[2920, 0.33402932, 1.1238866, 3.1833649, 0.6512514] 3.3292098 1.0397198 0.9142952 0.99597114
[2921, 0.5006821, 1.0219959, 4.670609, 0.36490813] 3.1161084 1.2715306 0.9575758 0.71381223
[2922, 0.36283484, 1.0890368, 3.7357407, 0.82572496] 2.907248 1.1062976 0.9235313 1.052911
[2923, 0.403087, 1.1090238, 3.713082, 0.6785134] 2.8906918 1.241414 0.87866086 0.9395805
[2924, 0.52008367, 1.0231348, 6.337932, 0.3482143] 2.7584658 1.2027141 1.0108185 0.6347207
[2925, 0.4620132, 1.0392914, 4.8016157, 0.4355447] 3.0282314 0.8813074 0.9630071 0.83839667
[2926, 0.4792494, 1.0295576, 5.178255, 0.37344554] 2.6975613 1.2120937 0.9524132 0.97115743
[2927, 0.39218086, 1.0922282, 2.3281465, 1.0013555] 3.2015312 1.0927079 1.1663685 0.94498485
[2928, 0.37503582, 1.1253254, 5.6477222, 0.47922117] 2.7275949 1.0870087 0.9753324 0.8971961
[2929, 0.38391936, 1.1065394, 4.9423676, 0.39820334] 2.8485012 1.0124539 0.9813076 0.8587445
[2930, 0.5797635, 0.976544, 6.8617024, 0.39984488] 2.6929042 1.2253251 0.87835604 0.8244147
[2931, 0.45550922, 1.068108, 4.635243, 0.4462273] 3.0435016 1.18152 0.9097335 0.90355766
[2932, 0.42775324, 1.0783329, 5.3461905, 0.28127095] 2.9634266 0.972832 0.93684393 0.9356249
[2933, 0.54298633, 1.0273436, 5.9086285, 0.60130656] 2.8890462 1.2200648 0.85378087 1.0049579
[2934, 0.58886284, 0.98400956, 2.818124, 0.9901901] 3.1598663 1.0613286 0.9943381 1.1420949
[2935, 0.55865985, 0.98775893, 5.6654058, 0.27164817] 2.91568 1.1019999 0.9268307 0.9761757
[2936, 0.49563888, 1.00472, 5.4615283, 0.38368466] 2.5937781 1.0994005 1.055376 0.94342244
[2937, 0.4949891, 1.035766, 3.568541, 0.74227345] 3.0675275 1.2209386 0.9599621 1.1359718
[2938, 0.49414986, 1.015399, 6.1654835, 0.40534076] 2.5682328 1.2037269 0.8490375 0.985476
[2939, 0.4645489, 1.0604007, 5.2951627, 0.42497888] 2.809469 1.2442453 1.0159411 0.8669725
[2940, 0.52972996, 1.0166937, 4.0525184, 0.65906656] 3.1565228 1.2091376 0.89141387 0.792803
[2941, 0.47754934, 1.0539355, 6.0912657, 0.361558] 2.7713642 1.1743225 0.8943851 0.77246755
[2942, 0.46690798, 1.0602975, 4.248542, 0.52797496] 3.0400224 1.0886203 1.0494342 0.96693534
[2943, 0.45155877, 1.0602456, 4.6625385, 0.64135057] 2.9520755 1.1089742 1.0140599 1.0506308
[2944, 0.5105455, 1.0414855, 4.658376, 0.59682715] 2.8672519 1.1818686 0.981863 0.9865626
[2945, 0.5249381, 1.002798, 6.0893874, 0.24205631] 2.9155831 1.1390214 0.9309007 1.0318261
[2946, 0.45907468, 1.0592237, 5.133716, 0.3173339] 2.9934916 1.1679888 0.8722448 1.0058292
[2947, 0.43872687, 1.0578159, 4.4670486, 0.3544446] 2.8881981 1.3510497 0.7831453 0.87028956
[2948, 0.5754787, 0.95535696, 6.617581, 0.22043131] 2.5649319 1.1283019 0.82713383 1.1216675
[2949, 0.65437335, 0.8784422, 4.268518, 0.63545257] 2.5350707 0.9976276 0.9799092 0.8358187
[2950, 0.5028213, 1.0193392, 5.1379957, 0.33007106] 3.0861297 1.1465709 0.943888 0.7864119
[2951, 0.596015, 0.9471559, 5.431095, 0.61642474] 3.0113666 1.1364284 1.0540365 0.5722338
[2952, 0.5372392, 1.0095804, 3.8017948, 0.9036026] 3.184385 1.0491836 0.8163492 0.9259909
[2953, 0.50409377, 1.0341618, 4.3176465, 0.42142078] 2.9453206 1.2263991 1.0120674 0.80080754
[2954, 0.62493896, 0.93273664, 5.003651, 0.491054] 2.834573 1.1376547 1.0376674 0.98125684
[2955, 0.4904952, 1.0446236, 3.756494, 0.922829] 3.0448763 1.1219444 0.86172074 0.9189197
[2956, 0.5451417, 0.9901406, 6.323834, 0.1901103] 3.0419862 1.0251727 0.8401194 0.8047737
[2957, 0.3942952, 1.1067019, 3.5524023, 0.6684286] 3.0132294 1.1093138 0.96250737 1.0787551
[2958, 0.51540256, 1.0155234, 4.219604, 0.42417452] 3.1877973 1.1362431 0.8827517 0.86291057
[2959, 0.58402526, 0.9480077, 6.929808, 0.29361567] 2.5361943 1.080505 1.0770804 0.88231766
[2960, 0.47296023, 1.0274575, 4.344656, 0.51374215] 2.6577804 1.1904036 0.896491 0.9766471
[2961, 0.45705712, 1.0658177, 4.710816, 0.37693834] 2.812073 1.1462474 0.9336204 0.94372225
[2962, 0.49408582, 1.0472969, 4.781152, 0.40197197] 2.8976665 1.0982001 1.0354805 0.8764315
[2963, 0.5162262, 1.0195285, 5.191071, 0.85300744] 2.6106877 1.1096923 0.9068822 1.126105
[2964, 0.5330159, 0.9866382, 4.5325475, 0.40296924] 2.6528535 1.0284233 1.0795081 0.99674165
[2965, 0.40597215, 1.0583965, 4.595534, 0.36180446] 2.777744 1.3482035 0.9508775 0.79219246
[2966, 0.4391449, 1.0620974, 5.1932826, 0.6312839] 2.9532714 1.1705976 0.8005007 0.96022284
[2967, 0.53284645, 0.9904132, 7.0460258, 0.4703721] 2.6736178 1.1792058 0.9401631 0.823715
[2968, 0.5210581, 0.9921227, 7.142603, 0.15548617] 2.5766726 1.1228738 0.9772702 0.9219498
[2969, 0.4228118, 1.0765038, 4.784243, 0.3757559] 2.8645852 1.2627155 0.8471333 0.9752108
[2970, 0.61614144, 0.9177651, 6.039527, 0.43409175] 3.0251293 1.099011 0.95012474 0.78730094
[2971, 0.49431735, 1.0328931, 5.6012745, 0.3263754] 2.6523557 1.023024 1.0352044 1.0953939
[2972, 0.47779596, 1.0515344, 4.67008, 0.34919715] 2.991393 1.0921692 1.0686508 0.84241027
[2973, 0.45346174, 1.0691516, 6.0592384, 0.39845905] 2.6432014 1.2951682 0.92471814 0.9726916
[2974, 0.48450872, 1.0766877, 4.335771, 0.49650958] 3.0312896 1.1370463 0.8864837 1.0004464
[2975, 0.46617785, 1.0540348, 5.313733, 0.39984146] 2.8271701 1.0499091 1.0093102 1.0576249
[2976, 0.51438755, 1.0245279, 3.8332248, 0.71714824] 3.1994889 1.1880072 0.8911936 0.86513513
[2977, 0.48544213, 1.0548576, 5.6897283, 0.31755283] 3.0301383 1.0965114 0.8893199 0.708877
[2978, 0.49770603, 1.0371476, 5.1254516, 0.7763335] 2.8058007 1.1406331 0.90965295 0.9079519
[2979, 0.5045717, 1.0260502, 4.739401, 0.59087884] 2.8585079 1.1376883 0.8484741 0.88360226
[2980, 0.4676308, 1.0484865, 5.625161, 0.7087582] 2.9610033 1.1598 0.8145831 0.8075624
[2981, 0.6360278, 0.9148821, 5.8381357, 0.27792284] 2.3817852 1.1150156 1.1110027 1.2198597
[2982, 0.42839518, 1.0567806, 5.0953174, 0.3639188] 3.008721 1.1072735 0.7651157 0.9806354
[2983, 0.45550808, 1.0497822, 5.272157, 0.4820057] 2.7535768 1.1146686 0.84452724 1.0066445
[2984, 0.5142497, 1.0247153, 3.6038475, 0.882301] 3.05193 1.23544 0.93782496 0.96555555
[2985, 0.5169453, 1.0149075, 5.3782334, 0.5671633] 2.7185855 1.17016 0.9560433 0.8465316
[2986, 0.42911315, 1.072319, 4.0699525, 0.90213966] 2.9096968 1.1487879 0.88773113 0.9914549
[2987, 0.5073066, 1.0189406, 5.619369, 0.3425963] 2.682844 1.2070303 0.9388105 1.0357853
[2988, 0.51443875, 1.0336736, 3.9004, 0.93071824] 3.298594 1.2838327 0.8296529 0.56764627
[2989, 0.51097274, 1.0330983, 3.949801, 0.5834336] 3.2433026 1.0409195 0.7378376 1.0371119
[2990, 0.5044844, 1.0461445, 5.3295684, 0.34508628] 2.8801553 1.172874 0.9011942 0.8772313
[2991, 0.5446741, 0.99596506, 5.9621854, 0.6916229] 2.7237072 1.1645719 1.0897518 0.89758486
[2992, 0.50664324, 1.0146879, 6.5708194, 0.17105706] 2.8250759 1.1867784 1.0210812 0.8012614
[2993, 0.56131005, 1.0020185, 3.1528456, 0.8080667] 3.250197 1.1676526 0.98352 0.70777136
[2994, 0.43970278, 1.0922278, 4.4449105, 0.6225462] 3.0376112 1.1765232 0.83361703 0.85334873
[2995, 0.54878706, 1.0127364, 5.7004595, 0.5147938] 3.1378627 0.93814623 0.72183484 0.9939386
[2996, 0.45654905, 1.043222, 5.7884684, 0.36230692] 2.5757093 1.1691368 0.8794817 0.9937598
[2997, 0.5090455, 1.0132123, 5.6541867, 0.22902255] 2.9044325 1.0588205 0.8889011 0.926741
[2998, 0.5409619, 0.9929649, 6.3094387, 0.32396823] 2.717101 1.0590736 1.0477203 0.9271428
[2999, 0.59896624, 0.93773407, 5.108878, 0.5666372] 2.4295237 1.1157541 1.0108249 0.9916851
[3000, 0.5372686, 1.0063716, 5.236623, 0.23124725] 3.143851 1.12082 0.90185934 0.75999826
[3001, 0.5504878, 0.96588033, 6.5239983, 0.34745026] 2.5332487 1.1311219 1.0577508 0.91117746
[3002, 0.5595392, 0.9593092, 6.0915294, 0.07103848] 2.8663104 1.1432649 0.82853067 0.8000817
[3003, 0.52153784, 1.011722, 5.3794456, 0.48290837] 2.7193694 1.0426595 1.09467 0.91929865
[3004, 0.4485609, 1.0356227, 6.7165627, 0.13294336] 2.7262886 1.1399558 0.99389374 1.0099325
[3005, 0.47782207, 1.0248815, 5.1139975, 0.23170437] 2.8222733 1.1524304 0.8989081 0.8357468
[3006, 0.49712813, 1.0358213, 5.1670594, 0.51822054] 2.9823287 1.0707569 0.78468734 0.90144825
[3007, 0.5658991, 0.99066603, 5.6154194, 0.30343387] 2.9788966 1.2362777 0.88242227 0.7565955
[3008, 0.5270203, 0.98717207, 7.1968, 0.24942674] 2.824804 1.3319561 0.9774093 0.7516862
[3009, 0.5643371, 0.97355163, 5.956926, 0.33517155] 2.8892407 1.1251159 0.893267 0.82956445
[3010, 0.5150307, 1.0366391, 4.677184, 0.43853536] 3.0361366 1.0106277 0.9443501 0.87411183
[3011, 0.48234192, 1.0548656, 4.0110707, 0.8140454] 2.9490657 1.2635552 0.9025288 1.0652153
[3012, 0.39618888, 1.0785359, 5.6563535, 0.27321702] 2.8480842 1.0732752 0.9394058 1.020395
[3013, 0.41540113, 1.0714535, 3.4191928, 0.5048261] 3.2599325 1.113539 0.9398229 0.84893143
[3014, 0.47805226, 1.0652463, 3.6827772, 0.7214839] 3.152477 1.0791154 0.9782014 0.91884565
[3015, 0.47890475, 1.0453616, 5.476601, 0.32022583] 2.8611484 1.1502435 0.89563686 0.9705973
[3016, 0.40247, 1.0913593, 5.768634, 0.39019454] 2.931485 1.0365618 0.9627468 0.9236112
[3017, 0.4435442, 1.0778495, 3.5569339, 0.76271814] 3.1701653 1.0833535 0.92048234 0.9793158
[3018, 0.58647805, 0.9301563, 6.7031846, 0.29667667] 2.4510782 1.1636118 0.93003213 0.95341545
[3019, 0.5081355, 1.0009362, 5.183722, 0.3072541] 2.757232 1.0108374 0.8571355 0.9846221
[3020, 0.45849347, 1.0567718, 5.859814, 0.60328317] 2.7420766 1.0874629 1.0608901 0.94556665
[3021, 0.40393975, 1.0842788, 4.252904, 0.6453268] 2.8816135 1.1579632 0.89997107 0.9520798
[3022, 0.5957586, 0.9486508, 5.4365077, 0.49731895] 2.3343081 1.124761 0.9553115 1.1814932
[3023, 0.5434711, 0.9884163, 5.5418625, 0.5572701] 2.6138482 1.09702 0.8699947 0.7868083
[3024, 0.42861462, 1.0836923, 6.0130525, 0.39600325] 2.770875 1.0046091 0.9135414 1.0869801
[3025, 0.55325705, 0.98921853, 3.4792874, 0.5697186] 3.2366486 1.1057951 1.0479051 0.89517975
[3026, 0.5020303, 1.0105826, 5.822631, 0.25361186] 2.8763115 1.0247099 0.8749531 0.9925774
[3027, 0.58653754, 0.93976194, 5.4622426, 0.4399929] 2.5723789 1.234699 0.8870922 0.7913772
[3028, 0.48771524, 1.0514057, 4.8515573, 0.43486646] 2.5857048 1.185828 1.0097649 0.89019346
[3029, 0.43041602, 1.0758713, 6.198789, 0.46036786] 2.798495 0.9966714 1.0236678 0.82653713
[3030, 0.48290843, 1.0439018, 6.2608523, 0.47838658] 2.9406934 1.1274817 0.9280921 0.8117072
[3031, 0.39068696, 1.1190422, 2.8314114, 0.7533662] 3.300913 1.2318239 0.9136284 0.99373835
[3032, 0.42000222, 1.0943077, 5.662727, 0.30057755] 2.8871598 1.0474185 1.0741069 1.0698942
[3033, 0.39738622, 1.0720605, 4.810027, 0.3381105] 3.041285 1.0289702 0.99436617 0.9119237
[3034, 0.52745396, 1.0054065, 5.825182, 0.46321982] 2.6202514 1.0888028 0.94726706 1.0775789
[3035, 0.4939926, 1.0246677, 4.544045, 0.3792833] 2.8541737 1.2333199 0.9738141 0.87048864
[3036, 0.46009365, 1.0463234, 5.3678813, 0.33848795] 2.8870144 1.0078375 1.0155202 0.85519993
[3037, 0.49639177, 1.0250859, 5.996932, 0.44993445] 2.4919653 1.0244038 0.96937734 1.1011003
[3038, 0.51031095, 1.0262904, 6.081054, 0.29169407] 2.9681249 0.9904826 0.97228265 0.94503456
[3039, 0.4504755, 1.0527067, 4.59695, 0.6821705] 3.005544 1.0506514 0.9941182 0.80541074
[3040, 0.52145493, 1.0258743, 6.14221, 0.3096313] 2.653315 1.1270025 1.010369 1.0009784
[3041, 0.6111947, 0.9277786, 6.13291, 0.35580742] 2.3171797 0.9752355 1.0854508 1.1964815
[3042, 0.43705103, 1.0759772, 4.626489, 0.7029278] 2.943255 1.1681128 0.9007302 0.976213
[3043, 0.4765724, 1.0516992, 5.1952825, 0.39693698] 3.0549479 0.9629313 0.9180278 0.7372189
[3044, 0.46785924, 1.059418, 4.186615, 0.78708744] 3.0876892 1.0273288 0.94964564 0.85549366
[3045, 0.4902572, 1.0460936, 5.2992277, 0.4628571] 2.904623 1.187628 1.0626817 0.8233967
[3046, 0.45477462, 1.074827, 5.666999, 0.3962799] 2.7034037 1.2172759 0.9671365 1.0681849
[3047, 0.49111915, 1.0092418, 6.2851887, 0.2766211] 2.6405535 1.0302715 0.9975175 1.0830823
[3048, 0.48610044, 1.0105126, 5.984028, 0.22678094] 2.5234272 1.2928524 1.0280248 0.99451447
[3049, 0.52069813, 1.018043, 5.8659945, 0.36070344] 2.5184388 1.1743345 0.9308117 1.0633006
[3050, 0.44626668, 1.0566176, 5.1542106, 0.6855615] 2.7683463 1.0997168 0.8731882 0.9177391
[3051, 0.5360194, 1.0120215, 4.779629, 0.51709265] 3.0449672 1.1542403 0.98167706 0.83252865
[3052, 0.48634058, 1.0226424, 5.2998266, 0.4339287] 2.8375895 1.1149892 0.94613475 1.05518
[3053, 0.60862374, 0.9424706, 5.5280995, 0.3030794] 2.7828927 1.1052732 0.9081905 0.971599
[3054, 0.5280855, 1.0150951, 5.2987323, 0.60590017] 2.8762019 1.1587291 0.93733364 0.8066321
[3055, 0.43918616, 1.0791613, 4.0375924, 0.7343777] 2.9623806 1.1261194 1.0209768 1.0279787
[3056, 0.5046699, 1.0349047, 6.374836, 0.43449423] 2.6365778 1.1803743 0.943506 0.8558022
[3057, 0.50954163, 1.0010134, 6.750317, 0.31660807] 2.612405 1.1388068 0.9366185 0.8412918
[3058, 0.4937057, 1.0074072, 5.738109, 0.7537573] 2.6267292 1.2527088 0.9472115 0.7832879
[3059, 0.41092816, 1.0703291, 5.1282334, 0.28154013] 2.9409406 1.2828938 1.041431 0.8309554
[3060, 0.5270506, 1.0131297, 6.987009, 0.36092758] 2.7455058 0.9837616 0.9579521 0.9505992
[3061, 0.4445052, 1.0619713, 5.372639, 0.41185567] 3.0535107 0.9944147 0.9857537 0.9288123
[3062, 0.63721406, 0.91283137, 5.3888493, 0.42817566] 2.887564 1.202497 0.91182923 0.7485944
[3063, 0.5335542, 0.997785, 4.990326, 0.6251282] 2.7680686 1.164021 1.0186899 0.7891093
[3064, 0.5072057, 1.0445548, 5.647339, 0.31390715] 2.944394 1.1519614 0.8308158 0.9337842
[3065, 0.5443617, 0.9704015, 5.4358544, 0.3239249] 2.5697823 1.222615 1.0781436 0.8599063
[3066, 0.5306411, 1.0123408, 5.65934, 0.2195395] 2.9542751 1.2185616 0.78787595 0.9072549
[3067, 0.5150009, 1.0137715, 5.139611, 0.27992648] 2.9490998 1.1523625 0.9666167 1.0189958
[3068, 0.483609, 1.0401003, 5.5352683, 0.41729054] 2.983866 1.0759319 0.9171749 0.83647317
[3069, 0.49885482, 1.0420083, 5.6653085, 0.50954634] 2.6030424 1.2452862 1.038255 1.0942504
[3070, 0.46241257, 1.0572264, 5.7797127, 0.5307764] 2.877466 1.1642244 0.8037423 0.82289463
[3071, 0.43789902, 1.0364789, 5.8962884, 0.31409425] 2.809868 1.1791275 1.0535166 0.8669429
[3072, 0.49183145, 1.0549344, 3.8459303, 0.7026075] 2.7712443 1.1970978 0.79269475 1.2596163
[3073, 0.4714328, 1.0656649, 4.2654405, 0.71296996] 3.241533 0.8719962 0.9808347 0.86239326
[3074, 0.61389595, 0.9335323, 5.576614, 0.42305216] 2.314751 1.3022705 1.0632757 0.8782697
[3075, 0.6081132, 0.9385009, 5.2480197, 0.28293633] 3.106407 1.1707689 0.9845284 0.72347856
[3076, 0.45492437, 1.0575503, 4.970181, 0.39026365] 2.9635894 1.1314443 0.91930884 0.996141
[3077, 0.35451713, 1.0828027, 3.1679277, 0.8549194] 3.036606 1.0470779 0.9788999 0.9206562
[3078, 0.44852665, 1.0762978, 3.598788, 0.74674094] 3.0294247 1.1299341 1.0118434 1.0932486
[3079, 0.48357254, 1.0601977, 2.8980494, 0.83346605] 3.197754 1.1987058 0.8101178 1.0550095
[3080, 0.57870466, 0.969013, 5.0641694, 0.40654284] 2.8129056 1.3356228 0.8841274 0.8136069
[3081, 0.56353575, 1.0008773, 4.795969, 0.6307812] 2.849597 1.1943501 1.0798016 0.77096176
[3082, 0.511373, 1.0078423, 7.052281, 0.35215256] 2.6462138 1.1170983 1.0093318 0.90876746
[3083, 0.57835054, 0.96033126, 5.527804, 0.29785562] 2.9283783 1.1589538 0.95701885 0.6714341
[3084, 0.5058378, 1.0298144, 4.843479, 0.6477585] 3.008376 1.0943502 0.8410192 0.7592597
[3085, 0.4224745, 1.0713471, 4.516072, 0.3913952] 3.005629 1.186422 0.87711376 0.99134713
[3086, 0.48388585, 1.052591, 6.462299, 0.40746826] 2.95487 1.2095776 0.8110932 0.7694083
[3087, 0.4131625, 1.073079, 4.1605883, 0.6415758] 2.9153843 1.116146 0.87864476 0.9371573
[3088, 0.4634665, 1.0482718, 6.372455, 0.41561452] 2.7322657 1.0913858 1.1081051 0.9076434
[3089, 0.5320872, 0.992975, 5.968885, 0.2859885] 2.6993127 1.1467023 1.1098281 0.80695266
[3090, 0.49672076, 1.0155511, 5.457047, 0.41771072] 2.6033208 1.1674532 0.8694467 1.0494572
[3091, 0.58691865, 0.9556626, 7.0010877, 0.33038345] 2.9011066 1.1756619 0.75659347 0.6517893
[3092, 0.44948024, 1.067996, 4.7461905, 0.42312583] 2.9812045 1.1286077 0.89450145 0.99901295
[3093, 0.60861826, 0.9236678, 6.934557, 0.272471] 2.421181 1.1687125 1.0501448 0.85526824
[3094, 0.45554996, 1.0453222, 6.205472, 0.44416657] 2.8857653 0.96129197 0.9642273 0.95750445
[3095, 0.6233611, 0.88409567, 6.4913254, 0.16465561] 2.354269 1.1978629 0.89251894 1.0605263
[3096, 0.44233763, 1.0788018, 4.5821247, 0.57005495] 3.0515587 1.008628 1.0068551 0.89061826
[3097, 0.46725526, 1.0449307, 6.3332086, 0.3809696] 2.7788787 1.0854777 1.0217996 0.9617152
[3098, 0.5174374, 1.0188714, 4.3081555, 0.45065102] 2.9449666 1.0967501 0.87618464 1.1402307
[3099, 0.41073132, 1.0896523, 5.816851, 0.47808266] 2.6321433 1.2381418 0.96738327 0.9794806
[3100, 0.55969477, 0.9748286, 5.934287, 0.48425448] 2.641593 1.3010336 0.7975696 0.95259285
[3101, 0.5495359, 1.0106446, 4.237315, 0.7525843] 3.128473 1.1814158 0.92956716 0.85107094
[3102, 0.45383453, 1.0530038, 4.181404, 0.60704565] 2.9855614 1.0704592 0.8773467 0.79906106
[3103, 0.45388445, 1.0485368, 5.453514, 0.36152604] 2.741209 1.0747867 0.96899474 0.98306197
[3104, 0.524812, 1.0431995, 3.8138916, 0.6774706] 3.0771627 1.2537928 1.0013646 0.83014756
[3105, 0.4205088, 1.0868795, 5.644304, 0.25074804] 2.84666 1.2604418 1.0613668 0.9877615
[3106, 0.4750939, 1.0393833, 4.6188664, 0.5057905] 2.9297826 1.2510835 0.9928089 0.85609376
[3107, 0.50073946, 1.0181406, 7.4919276, 0.2261799] 2.5500512 1.1560284 0.97506136 1.1263726
[3108, 0.51544976, 1.0006628, 3.0489428, 0.8983909] 3.186516 1.1610774 0.9598199 0.8509001
[3109, 0.42502713, 1.0754879, 4.4956245, 0.33223623] 2.8099937 1.2686769 1.0216995 0.9477563
[3110, 0.5356005, 1.0204446, 4.409054, 0.49255636] 3.0913641 1.1118528 1.0672405 0.9479663
[3111, 0.4879258, 1.04571, 3.0921388, 0.6492776] 3.2948396 1.1522013 0.934338 0.9092104
[3112, 0.43891189, 1.0846409, 4.47911, 0.5680408] 2.7060394 1.175001 1.1331841 1.1263884
[3113, 0.44638282, 1.0555398, 4.334208, 0.5749649] 2.8192556 1.136566 1.0177364 0.89323026
[3114, 0.44945756, 1.0395764, 4.4287577, 0.8211874] 2.892246 1.2040837 0.8732011 1.0041678
[3115, 0.4396819, 1.073141, 5.408576, 0.35522252] 2.9582288 1.0734102 0.9561723 0.92992914
[3116, 0.53679377, 0.98696995, 6.158418, 0.28017372] 2.8348815 1.1843568 0.9640602 0.794778
[3117, 0.63025206, 0.8777678, 6.717765, 0.25146475] 2.5387495 1.05248 0.9844721 0.92801225
[3118, 0.49271587, 1.0200645, 5.671155, 0.2748211] 2.9326653 1.0995142 1.025113 0.7835899
[3119, 0.48457295, 1.0455472, 4.520076, 0.4842032] 2.9462092 1.2806653 0.8700289 0.85848427
[3120, 0.53985924, 0.967312, 5.2646475, 0.47475863] 2.4189773 1.0852902 1.0444622 0.9385948
[3121, 0.45585102, 1.0620804, 6.2480564, 0.3683823] 2.7278006 1.2542365 1.0510166 0.8739237
[3122, 0.41057357, 1.1054956, 5.6551847, 0.77972317] 2.6169615 1.1602777 0.9406036 1.0937831
[3123, 0.54140043, 0.983531, 5.656713, 0.2741721] 2.8147748 1.132554 0.95711553 0.81899816
[3124, 0.5389621, 1.0104183, 4.80945, 0.52851546] 2.9656072 1.0479274 0.9915191 0.7811393
[3125, 0.5056902, 1.0239023, 5.0869026, 0.6782291] 2.6267498 1.0363727 0.8644993 1.0757543
[3126, 0.41817915, 1.0827748, 5.738744, 0.28387195] 2.832046 1.243916 0.85421 0.9282582
[3127, 0.55155396, 0.9822985, 2.919052, 0.7076035] 3.4558742 1.0909685 0.8772981 0.67704535
[3128, 0.35965002, 1.097105, 5.469587, 0.32125974] 2.8898175 1.197859 0.8753785 0.8572824
[3129, 0.45735937, 1.0696201, 5.685575, 0.26268873] 2.8931637 1.1277279 1.0130993 1.1050056
[3130, 0.45808473, 1.073567, 5.761603, 0.5395174] 2.8671973 1.2299398 0.93383527 0.94180363
[3131, 0.54055035, 0.99327123, 5.3603168, 0.29776585] 2.6704803 1.084928 0.9739149 1.0512043
[3132, 0.49451846, 1.0358871, 5.9057508, 0.6009504] 2.7606692 1.0079856 0.94716054 1.0852304
[3133, 0.44518515, 1.0804324, 5.579831, 0.6906598] 2.8854403 1.0742794 0.9193073 1.0330071
[3134, 0.5460472, 1.0172045, 4.813952, 0.67419475] 2.9498947 1.1194592 0.8483675 0.8601849
[3135, 0.5418651, 1.0019193, 4.9602494, 0.47486442] 2.7771509 1.182059 0.97748494 1.0065904
[3136, 0.5020988, 1.0386019, 4.563368, 0.83808714] 3.0864663 0.99492085 0.8849431 0.8151105
[3137, 0.55036426, 0.98537916, 5.891913, 0.39718607] 2.3942838 1.1091781 1.0857795 1.0995532
[3138, 0.48343447, 1.040517, 7.023976, 0.25794965] 2.7614758 1.1246206 0.9241569 0.8956039
[3139, 0.49088067, 1.0273602, 5.4207897, 0.47049195] 2.9389493 1.1047665 1.0695026 0.87732613
[3140, 0.5389525, 0.97534144, 5.728797, 0.3183243] 2.6909459 1.194307 1.0343769 0.76426643
[3141, 0.34334615, 1.1249343, 5.483881, 0.41124] 2.9420986 1.0405838 0.94796026 0.9967893
[3142, 0.60465395, 0.94554603, 4.9184737, 0.48351887] 2.6972415 1.3405534 1.043237 0.6322809
[3143, 0.51220244, 1.0196084, 8.719455, 0.24424015] 2.5877483 1.1287165 1.0780073 1.1140419
[3144, 0.49946386, 1.0511817, 4.63484, 0.8262998] 2.779207 1.2141126 0.9769203 1.1213496
[3145, 0.40212673, 1.0838807, 6.4291534, 0.22078694] 2.6974933 1.3412421 1.0021026 0.79374206
[3146, 0.44245648, 1.0361135, 5.866301, 0.37408283] 2.7929814 1.1452636 0.9578984 0.7419554
[3147, 0.6815255, 0.8653866, 5.001075, 0.8488494] 2.7769344 1.078415 0.89192444 0.77861774
[3148, 0.4486725, 1.0298861, 5.260107, 0.27986273] 2.940235 1.2028744 0.9693659 0.6522521
[3149, 0.5570821, 0.9631612, 7.2771273, 0.22901687] 2.9160602 1.0805775 0.8561255 0.8771273
[3150, 0.5672656, 0.97061884, 5.9108934, 0.2139475] 2.9842587 1.1031373 0.8324429 0.854863
[3151, 0.4958658, 1.0498753, 3.7368681, 0.753152] 3.042531 1.0852103 0.9559533 0.8678309
[3152, 0.4877385, 1.0141922, 6.1299353, 0.09942193] 2.8483403 1.0082356 1.0061849 0.88485074
[3153, 0.5332159, 1.0097766, 3.2743225, 0.807579] 3.236501 0.94845116 0.9175166 1.0757703
[3154, 0.46202683, 1.0518649, 5.0289164, 0.372731] 2.976403 1.1281836 0.939932 0.9328349
[3155, 0.4886801, 1.0546564, 4.4507756, 0.7171605] 3.1231642 1.0535717 0.9545978 0.8539991
[3156, 0.3371671, 1.0898865, 6.637519, 0.36736733] 2.6371534 1.1388063 1.0037024 1.0203171
[3157, 0.40262723, 1.0755528, 5.038653, 0.32876098] 3.0584357 1.0649209 1.0429765 0.8166172
[3158, 0.5872087, 0.9584324, 6.1908474, 0.6468295] 2.8920155 1.1787883 0.9588737 0.69074434
[3159, 0.48339725, 1.0314884, 5.744475, 0.24849099] 2.7609134 1.2193375 0.9052008 0.8670357
[3160, 0.48015723, 1.0367857, 6.294969, 0.3493598] 2.7679868 1.0596251 0.9159819 0.92898923
[3161, 0.4119181, 1.0888795, 6.5117364, 0.40348554] 2.653407 1.0648392 0.9891558 1.2621653
[3162, 0.5122615, 1.0030863, 7.3086767, 0.23044796] 2.6681504 1.0813308 0.91284883 0.9377914
[3163, 0.49271926, 1.0275977, 6.1830106, 0.2938832] 2.8293555 1.0313427 0.8193217 0.9476935
[3164, 0.41857126, 1.083239, 3.830671, 0.7470079] 3.1380115 1.065076 1.0768945 0.9116815
[3165, 0.43814808, 1.0664649, 5.6343074, 0.36648837] 2.8582268 1.0211439 0.9022741 1.128636
[3166, 0.5499385, 0.9994355, 6.1530023, 0.8046319] 2.4776795 1.024414 1.050818 1.1517845
[3167, 0.5291394, 1.0185441, 4.6480813, 0.3004608] 2.900326 1.1400666 0.9288575 0.90959734
[3168, 0.597203, 0.9364738, 5.107661, 0.37903154] 2.6481504 1.2608163 0.9539364 1.0134586
[3169, 0.37304163, 1.097825, 5.815157, 0.43564773] 2.772241 1.2331305 0.9811975 0.9047709
[3170, 0.48533997, 1.0286322, 5.3359675, 0.5628485] 2.5845385 1.2218779 1.0232401 0.9204922
[3171, 0.517037, 1.0308896, 5.742455, 0.4677604] 2.877986 1.0561367 0.834208 0.91368574
[3172, 0.48109728, 1.0561266, 5.2020164, 0.64023507] 2.8473446 0.97680783 0.9130517 1.0126199
[3173, 0.40900657, 1.0988284, 3.868529, 0.96137536] 2.9197247 1.1433799 1.0252912 0.8938802
[3174, 0.42920062, 1.0758203, 4.4233794, 0.60063326] 3.0114646 1.1021107 0.9413468 0.84025085
[3175, 0.44031942, 1.0640504, 4.689743, 0.4027499] 2.8701622 1.284985 0.90059084 0.9604962
[3176, 0.57060546, 0.9411114, 6.192948, 0.2882293] 2.4397233 1.1040572 0.9501329 0.8859404
[3177, 0.52673674, 1.0089804, 6.866041, 0.26406506] 2.3351426 1.2686884 0.98376644 1.1421802
[3178, 0.50425714, 1.0332141, 4.326315, 0.5907435] 3.1390529 1.0890144 0.8502223 0.8093822
[3179, 0.5404046, 0.98694974, 7.140192, 0.19440812] 2.6379507 1.308615 0.90049475 0.827193
[3180, 0.46166483, 1.0179969, 6.7664948, 0.13329604] 2.8754313 1.0377913 0.8886578 0.92009234
[3181, 0.48375106, 1.0359639, 5.962869, 0.40216598] 2.7792032 1.1654079 0.83986807 0.9601879
[3182, 0.4853188, 1.0555527, 5.4001565, 0.74064326] 2.7553608 1.1939908 1.0062963 1.1194048
[3183, 0.4396849, 1.0764724, 5.3852453, 0.55233914] 2.9582002 1.0147748 0.94745415 0.8424867
[3184, 0.6071155, 0.9347432, 6.8126388, 0.14516579] 2.967245 1.14075 0.9200082 0.6956978
[3185, 0.42151922, 1.0676225, 4.86544, 0.4415754] 2.8351243 1.2018791 1.0112354 0.9540903
[3186, 0.4831899, 1.0476122, 6.106098, 0.30308497] 2.7081523 1.1360145 1.0005587 0.9835652
[3187, 0.564098, 0.97151077, 6.0260854, 0.3463268] 2.5641508 1.2080188 1.009542 0.7059288
[3188, 0.55684566, 0.9873675, 6.0250564, 0.5681965] 2.546268 1.1837746 0.96026236 0.98218876
[3189, 0.39778352, 1.1010385, 5.066517, 0.54061395] 2.7399492 1.1236148 0.887594 1.171438
[3190, 0.5338018, 1.0254252, 4.162793, 0.4285951] 2.7547188 1.2592564 1.0415411 0.96441483
[3191, 0.5489138, 0.999635, 4.9714475, 0.52258027] 2.609523 1.1575352 1.0313809 1.1360493
[3192, 0.3950141, 1.1077328, 5.5525, 0.46590847] 2.9347231 1.1315477 0.95556635 0.90543324
[3193, 0.59190214, 0.980414, 4.553908, 0.5577484] 3.1090386 1.1974195 0.8993953 0.7563943
[3194, 0.5382235, 1.0118383, 3.2010536, 0.77653676] 3.0979292 1.1241401 0.8289909 1.1002661
[3195, 0.39303082, 1.0881453, 4.563423, 0.5743375] 2.7129698 1.1388662 1.1235518 0.98863053
[3196, 0.5731268, 0.96507424, 5.853844, 0.3257836] 2.5232553 1.1888009 0.9858569 0.8573306
[3197, 0.53227776, 0.98303473, 6.710111, 0.47299194] 2.5659356 1.0429437 0.95359826 1.0098227
[3198, 0.39989004, 1.0882523, 4.0567746, 0.8949633] 2.9430287 1.1391718 0.9394966 0.6366913
[3199, 0.42219234, 1.0735134, 6.302038, 0.33771303] 2.8898768 1.0942587 0.96401495 0.8523653
[3200, 0.4610946, 1.0753444, 5.518291, 0.56574494] 2.835223 1.1231632 0.9069017 0.93161964
[3201, 0.55076766, 1.0054395, 5.214861, 0.561729] 2.8452706 1.081859 0.9479747 0.8681779
[3202, 0.53421384, 0.99384874, 7.1460824, 0.32029468] 2.5934212 1.1934955 0.92055064 0.88592607
[3203, 0.4705533, 1.0585077, 4.4116206, 0.55870086] 2.7030988 1.3102986 0.9594788 1.0793091
[3204, 0.4693198, 1.0576818, 4.316418, 0.95031285] 2.724859 1.2394357 0.9120672 0.9497095
[3205, 0.4702965, 1.0547174, 4.258416, 0.5351026] 3.187588 0.97140664 0.9691865 0.938644
[3206, 0.50308174, 1.0148468, 5.305641, 0.38865295] 2.800825 1.0519841 1.058449 0.9301706
[3207, 0.58484524, 0.9594461, 6.837892, 0.1870544] 2.9176102 1.2401195 0.87633294 0.6434028
[3208, 0.5443915, 0.9638364, 6.1825633, 0.23366386] 2.7133207 0.9098157 0.8733565 1.0704815
[3209, 0.43879697, 1.0710802, 5.9147015, 0.33921692] 2.8441432 1.0210074 0.89053977 1.1406916
[3210, 0.5014713, 1.0429655, 4.884484, 0.2816633] 3.0358043 1.2187529 0.93312407 0.8280843
[3211, 0.46313128, 1.0345726, 5.2439556, 0.3896775] 2.8975039 1.19109 0.9312756 0.7699634
[3212, 0.50124013, 1.0061394, 5.721779, 0.43853667] 2.6984622 0.9360943 1.0413743 0.98855454
[3213, 0.5006619, 1.0374523, 4.4328403, 0.4082312] 3.0078835 1.1361461 0.93829805 1.0454509
[3214, 0.52997065, 0.98792446, 5.2707543, 0.2662132] 2.5542262 1.1361394 0.9062694 1.0094949
[3215, 0.61953145, 0.9264818, 5.2550154, 0.66000897] 2.7786446 0.99549526 1.07241 0.8823389
[3216, 0.6541493, 0.88028413, 5.8774657, 0.344556] 2.4753928 1.0490738 1.043747 0.7363855
[3217, 0.66625506, 0.860124, 6.2020497, 0.6650248] 2.494292 1.0645627 0.8805146 0.9125628
[3218, 0.58870906, 0.95598406, 4.27568, 0.9173617] 2.905537 1.0536599 1.0078712 0.75114375
[3219, 0.41541106, 1.0934284, 3.6568005, 0.6789613] 2.9548776 1.0906934 1.1337662 1.0598757
[3220, 0.4827656, 1.0572749, 4.15467, 0.6240294] 3.244717 1.0219488 0.90236956 0.70026624
[3221, 0.5343735, 0.997024, 5.050811, 0.39983615] 2.5793955 1.0782897 0.96707976 1.1037391
[3222, 0.6080581, 0.9535842, 4.921467, 0.40800437] 3.031701 0.98430705 0.9740125 0.9586316
[3223, 0.6401242, 0.88885635, 6.737354, 0.29541868] 2.3668723 1.1218017 1.1063429 0.90865606
[3224, 0.5349024, 1.0105271, 6.120236, 0.8109091] 2.8121574 0.9180446 0.93635154 0.90901494
[3225, 0.600923, 0.93515736, 4.323814, 0.7936856] 2.3352783 1.0695324 1.1192677 0.9230199
[3226, 0.48337933, 1.0574007, 5.3646636, 0.33534193] 3.0718572 1.1241442 0.8732113 0.98485154
[3227, 0.53472984, 1.0071973, 5.3751945, 0.39337802] 2.8783598 1.143034 0.9147231 0.9079586
[3228, 0.5844864, 0.9477202, 4.7279553, 0.48075962] 2.6471386 1.2133579 0.89265776 0.7400818
[3229, 0.5493038, 0.9777637, 5.3811398, 0.5015885] 2.888064 1.179546 0.8527345 0.7789514
[3230, 0.4596253, 1.0667334, 3.8970644, 0.64465135] 2.956797 1.0414791 0.8812124 1.0679141
[3231, 0.5026491, 1.0420691, 4.1805716, 0.6478695] 3.029749 1.213603 0.9660291 0.73702645
[3232, 0.5415602, 1.0119292, 5.7780724, 0.24826485] 2.9278352 1.2888473 0.9212777 0.73076946
[3233, 0.5018857, 1.0484998, 3.435579, 0.7659375] 3.226191 1.0029422 0.91267353 0.87953866
[3234, 0.609106, 0.9443396, 6.175485, 0.59830195] 2.8478587 1.1330991 0.9192924 0.7632638
[3235, 0.41825998, 1.0696272, 5.379275, 0.35208744] 2.5428374 1.1264912 1.0005031 1.0290165
[3236, 0.49754256, 1.0257121, 5.9091616, 0.25078434] 2.5637996 1.1461463 0.9466183 0.99133146
[3237, 0.5675804, 0.98910725, 5.4142895, 0.3798953] 2.8294947 1.1860957 0.9719105 0.83981043
[3238, 0.5167239, 1.006385, 5.286967, 0.20709214] 3.174248 1.0888913 0.81875044 0.7258693
[3239, 0.50458485, 1.0317745, 5.250395, 0.37469196] 2.894313 1.1390569 1.004102 0.9443625
[3240, 0.5050112, 1.0450878, 3.9712791, 0.8342737] 3.1453378 1.0816052 0.96014583 0.9598569
[3241, 0.42276156, 1.0598764, 3.039572, 0.8743992] 3.156395 1.2741784 0.9260534 0.9153041
[3242, 0.5406383, 1.0038786, 5.710903, 0.309602] 2.824302 1.1823946 0.8429747 0.7663979
[3243, 0.5984327, 0.94766283, 6.27556, 0.2576678] 2.842681 1.1126602 0.94114923 0.74885195
[3244, 0.5583194, 0.9714071, 4.898972, 0.51763546] 2.5236773 1.1312112 0.8819775 1.0237217
[3245, 0.5589158, 0.963387, 7.083219, 0.18054174] 2.4048316 1.2975644 0.9865677 0.9433193
[3246, 0.5120975, 1.0206438, 3.6314955, 0.6218436] 3.2191415 1.179221 0.8388381 0.7467195
[3247, 0.57578045, 0.95759636, 6.7059584, 0.27057597] 2.4399092 1.2815871 0.944454 0.9348022
[3248, 0.47655866, 1.031338, 4.6129723, 0.41057774] 2.9478912 1.0979701 0.8774862 0.90232134
[3249, 0.46271968, 1.0729088, 4.996822, 0.71383435] 3.049057 1.0564435 0.88008124 0.921678
[3250, 0.43598166, 1.0712738, 4.511987, 0.70147026] 2.5467117 1.0900751 0.99563456 1.0385759
[3251, 0.5812011, 0.97231, 4.4423394, 0.32178077] 3.095111 1.1198616 0.7318627 0.8510068
[3252, 0.52184325, 1.0288842, 4.3443694, 0.5919109] 3.0363941 1.0578026 0.9953058 0.93635076
[3253, 0.4548322, 1.0646435, 3.5078268, 0.7581705] 2.9451687 1.1499186 0.99321043 0.96416706
[3254, 0.507376, 1.0340265, 4.283147, 0.63013256] 3.071487 1.0787091 0.8958981 0.95114607
[3255, 0.53716683, 1.0041826, 5.132294, 0.3855338] 3.1439922 1.0597441 0.8722995 0.8403418
[3256, 0.39691126, 1.0809565, 5.289686, 0.2553523] 2.9936109 1.1630867 0.9460387 0.92748976
[3257, 0.48406953, 1.0497985, 5.254731, 0.40673274] 2.928579 1.0757903 0.9033959 0.8399651
[3258, 0.5127626, 1.0413504, 5.7864294, 0.29954037] 2.9337416 1.2239105 0.8068882 0.8392267
[3259, 0.4297034, 1.0815802, 3.4810424, 0.8360833] 3.1580226 1.118806 1.0381739 0.78172946
[3260, 0.5721027, 0.96948916, 6.312306, 0.43050328] 2.78177 1.0912066 0.88288456 0.8230234
[3261, 0.4235488, 1.0621334, 4.735325, 0.5045329] 2.8251915 1.1929204 0.9506778 0.99064434
[3262, 0.45912996, 1.0559782, 6.644914, 0.29115325] 2.901786 1.0380836 0.82701796 0.94886434
[3263, 0.62072784, 0.9259855, 4.819025, 0.75154907] 2.7577639 0.9744604 0.9879626 0.753852
[3264, 0.52663296, 1.0341208, 4.9744983, 0.4647836] 2.9827986 1.1117845 0.9252268 0.94063616
[3265, 0.4298047, 1.0635188, 5.4633303, 0.43096024] 2.6434636 1.1283396 0.9667623 1.0770777
[3266, 0.58397585, 0.93612844, 5.9235554, 0.525362] 2.396526 1.1609629 0.8388195 0.9512076
[3267, 0.5922171, 0.9390576, 5.9674478, 0.45854744] 2.4272418 1.3082885 1.0197893 0.8951806
[3268, 0.4222977, 1.0562856, 5.941324, 0.3468308] 2.753961 1.0730343 1.091579 0.9596402
[3269, 0.5299259, 0.9971859, 6.7295146, 0.30462804] 2.3384519 1.1204327 1.1033878 0.9870998
[3270, 0.42448136, 1.064553, 6.386226, 0.49394017] 2.748105 1.0998617 0.94296604 0.94016176
[3271, 0.5968709, 0.9356127, 5.223596, 0.49006408] 2.5913773 1.1321135 0.81087166 0.8742057
[3272, 0.5199794, 1.0120128, 4.1881647, 0.44018453] 2.8463564 1.0957501 0.9150255 0.9428941
[3273, 0.5040151, 1.0395209, 4.130885, 0.49036837] 3.0412447 1.2906375 0.94895554 0.74777395
[3274, 0.5252925, 1.0052125, 5.151756, 0.5591923] 2.5818958 1.1559113 0.8662406 0.89232564
[3275, 0.41560742, 1.0613257, 6.7298517, 0.22977805] 2.6830387 1.0565069 0.9887974 0.9325488
[3276, 0.47857043, 1.0533825, 4.234811, 0.5218582] 3.110999 1.1133473 0.94669914 0.7992597
[3277, 0.61108756, 0.92892855, 5.333113, 0.6330829] 2.2500865 1.2442393 0.90716285 1.1707774
[3278, 0.394816, 1.102885, 3.3371778, 0.62002504] 3.1192033 1.2887881 0.9235975 0.86664766
[3279, 0.39295194, 1.1095476, 4.950407, 0.55302256] 2.9189935 1.2107944 1.002717 0.916174
[3280, 0.54952043, 0.9915441, 4.97307, 0.37926936] 3.020411 1.2602315 0.9979142 0.66448975
[3281, 0.50701386, 1.0320613, 5.6769266, 0.446232] 2.7092965 1.161118 0.93242675 1.1850055
[3282, 0.42591378, 1.066347, 4.3363104, 0.57948357] 2.6579869 1.02685 0.9518489 1.040304
[3283, 0.6567083, 0.90312964, 6.5112605, 0.2926616] 2.5716841 1.1093832 1.0421573 1.0553682
[3284, 0.5532031, 0.9688203, 8.097988, 0.2291293] 2.5663118 1.1474937 0.9179872 0.998241
[3285, 0.41830605, 1.067903, 5.7167277, 0.2236139] 2.6607556 1.3352468 1.0556506 1.0042092
[3286, 0.3372383, 1.1335241, 3.5176659, 0.5402023] 3.0555513 1.1257088 0.9920627 0.869705
[3287, 0.45481917, 1.0418283, 4.6841254, 0.5549425] 2.7600808 1.1979802 0.9163513 0.99915284
[3288, 0.53771585, 0.98818827, 6.6096234, 0.26211768] 2.638388 1.0351945 0.9518845 1.1038865
[3289, 0.5563851, 0.9697045, 4.698444, 0.49082926] 2.7261527 1.1069064 0.80883163 1.0197828
[3290, 0.595126, 0.9513724, 5.761044, 0.50409037] 2.5511773 1.1889104 1.0990736 1.0665027
[3291, 0.5799438, 0.9711444, 6.074056, 0.29015952] 2.8832998 1.1795664 0.8937697 0.72232056
[3292, 0.5838457, 0.9641761, 3.5740159, 0.77797616] 3.2882462 1.0006459 0.8877783 0.7807618
[3293, 0.51441383, 1.0102396, 5.652116, 0.30461174] 2.759462 1.1752369 0.912285 1.0026045
[3294, 0.55985844, 0.9773024, 6.101623, 0.25287956] 2.7418025 1.3384075 0.97206795 0.7976725
[3295, 0.47141546, 1.0497445, 5.4026003, 0.29397637] 2.6385453 1.2072982 1.0389185 1.1842918
[3296, 0.5716254, 0.9348361, 5.529614, 0.29852065] 2.2925763 1.074286 0.91728556 1.0462638
[3297, 0.4140523, 1.0820911, 3.8369975, 0.756222] 3.073328 1.1063313 0.9256986 0.8988147
[3298, 0.42800784, 1.0768514, 4.5058646, 0.71446955] 2.927314 1.1332803 0.80461645 0.9351284
[3299, 0.47374573, 1.0407282, 4.5571465, 0.36178222] 3.0839183 1.1093618 0.96224797 0.78965706
[3300, 0.40533948, 1.1016587, 5.4499917, 0.43588287] 2.9217014 1.1123371 0.91195637 1.005262
[3301, 0.6196413, 0.9130027, 8.052669, 0.30958617] 2.7575283 1.1113703 0.93490964 0.6956642
[3302, 0.5693914, 0.9693428, 5.2317276, 0.43308288] 2.8435261 1.1353219 1.0657758 0.91453344
[3303, 0.4491729, 1.0598153, 5.1182184, 0.34251377] 2.8262296 1.0377324 0.92556643 1.0588826
[3304, 0.46918514, 1.0638056, 3.2120764, 0.63148135] 3.1563058 1.1803036 0.9286459 1.0310022
[3305, 0.49254242, 1.0414616, 5.029459, 0.34663704] 2.9840307 1.2866175 0.9369279 0.878863
[3306, 0.5058051, 1.0312946, 4.7944317, 0.732576] 2.8569794 1.0729015 0.89831936 0.90993613
[3307, 0.5360954, 1.0007236, 6.4395313, 0.33885604] 2.8646712 1.0583122 0.83880043 0.8690004
[3308, 0.4342394, 1.0868125, 4.696476, 0.42625108] 3.16445 1.0612972 0.93748957 0.8210786
[3309, 0.44644436, 1.0429422, 6.0363755, 0.23381196] 2.6358507 1.1051594 1.1891272 1.0121328
[3310, 0.48199672, 1.0306221, 6.1920958, 0.36406702] 2.979682 1.0302463 0.96344316 0.78324085
[3311, 0.4743677, 1.0511032, 5.921604, 0.40891024] 2.825758 1.0746509 1.0029331 0.9647958
[3312, 0.4912556, 1.0513353, 6.629997, 0.35730365] 2.881471 1.0650566 0.88391495 0.91538
[3313, 0.5310229, 0.9873451, 5.2696195, 0.32575157] 2.557762 1.3089129 0.8313124 0.91436124
[3314, 0.5235426, 0.99964094, 5.7479625, 0.35899612] 2.7695458 1.2792653 1.0123875 0.8269446
[3315, 0.49320105, 1.0339644, 5.265813, 0.45185333] 2.8289876 1.1326925 1.0134648 0.77761054
[3316, 0.5817285, 0.9534092, 4.495841, 0.8844507] 2.763105 1.1490499 0.86826986 0.76915777
[3317, 0.5184617, 1.025108, 3.77756, 0.64449054] 3.092132 1.170625 1.0566819 0.9035415
[3318, 0.43959895, 1.0555547, 5.437438, 0.34907702] 2.6600053 1.2665523 0.8645595 0.9961205
[3319, 0.45740902, 1.0452138, 6.17852, 0.22918975] 2.9944723 1.0342535 0.83737826 0.9523204
[3320, 0.44032, 1.05457, 4.252088, 0.7979021] 2.670383 1.1575289 0.9263837 0.9649627
[3321, 0.58380264, 0.95789284, 5.9818606, 0.4725865] 2.3885026 1.1642982 0.98069555 1.0898176
[3322, 0.41189468, 1.0990318, 5.057987, 0.47975296] 2.9382637 1.1635803 1.0623196 0.9228644
[3323, 0.6354788, 0.91951895, 4.809809, 0.44410363] 2.8154442 1.1129119 0.9440175 0.8281489
[3324, 0.51901895, 1.0205084, 5.6400843, 0.49847963] 2.801189 1.153158 0.9861315 0.90538126
[3325, 0.5213515, 1.0032973, 5.795637, 0.24576192] 2.9862235 1.0035926 1.0719589 0.8401966
[3326, 0.52898926, 0.9808339, 6.788595, 0.21354507] 2.5594676 1.1138866 1.0100608 1.0906522
[3327, 0.46470162, 1.0287397, 6.699802, 0.21942899] 2.770103 1.0567367 0.90459794 0.8602555
[3328, 0.5465762, 0.97833437, 5.2787414, 0.500967] 2.476475 1.1425791 0.8930047 1.0855364
[3329, 0.49809653, 1.0351111, 5.1203113, 0.46791494] 2.9750757 1.1485357 0.8955985 0.75441545
[3330, 0.5316177, 1.0110029, 4.7166767, 0.42356226] 3.0091248 1.154198 0.90752083 1.0566648
[3331, 0.52331954, 0.98336476, 5.4854946, 0.33703443] 2.6894963 1.1030943 0.7288259 0.9880375
[3332, 0.4714611, 1.0591729, 3.4240487, 0.7150054] 3.0698261 1.064556 1.0485779 1.0485556
[3333, 0.6395022, 0.89809096, 5.8839498, 0.35714343] 2.958816 0.9846993 0.9399332 0.73634404
[3334, 0.6540017, 0.8690339, 5.3422947, 0.3830493] 2.2846131 1.2116071 0.931306 0.98903775
[3335, 0.42852917, 1.0864394, 6.417051, 0.56224203] 2.6696343 1.1242465 1.0124674 0.98921156
[3336, 0.5381948, 0.98361796, 7.2299685, 0.4437304] 2.5323074 1.2045275 0.86613446 1.0201423
[3337, 0.6566467, 0.87274414, 5.8317122, 0.2870871] 2.7895133 0.95292884 0.8729046 0.6272476
[3338, 0.64628047, 0.89840555, 5.5086837, 0.24684778] 3.0504804 1.0755359 0.81787384 0.5990923
[3339, 0.52612805, 0.99105495, 5.1751723, 0.46551213] 2.574601 1.2542717 0.9985858 0.8099493
[3340, 0.5421399, 0.97615784, 4.932029, 0.49581066] 2.6515896 1.1666489 1.0182874 0.7679825
[3341, 0.49059382, 1.042865, 5.2485366, 0.7207817] 2.8132243 1.0742311 1.0782547 0.97484356
[3342, 0.408725, 1.0846752, 4.76018, 0.53323567] 2.84463 1.010829 1.0068371 1.1156795
[3343, 0.54677397, 0.9752359, 7.314407, 0.1712831] 2.4865675 1.1433638 0.98623514 1.0252676
[3344, 0.43499187, 1.0666732, 4.169939, 0.6938853] 3.0208073 1.1208049 1.1568987 0.8406714
[3345, 0.54328924, 0.9836579, 6.53114, 0.3951736] 2.674667 1.1213033 1.0438467 0.83198494
[3346, 0.5641838, 0.99911404, 5.3886766, 0.3285907] 2.8537428 1.1802491 1.0080627 0.87385625
[3347, 0.5987522, 0.9532132, 5.2763023, 0.5967187] 2.6493235 1.1628389 0.8991499 0.9190559
[3348, 0.45465392, 1.0610871, 5.96288, 0.41421592] 2.748139 1.2348654 0.9529068 0.8277457
[3349, 0.60364735, 0.9511481, 5.8698745, 0.35304987] 3.0590446 1.134903 0.8686715 0.667839
[3350, 0.53631157, 1.0048056, 6.2624173, 0.5416056] 2.6414468 1.17944 0.8522169 1.1582861
[3351, 0.50269437, 1.0173017, 5.2561417, 0.6622798] 2.7634194 1.0996487 0.9087167 0.71238095
[3352, 0.5734441, 0.953196, 6.3218756, 0.2903086] 2.5336666 1.15516 1.034955 0.95672
[3353, 0.52503026, 1.0240175, 4.4570847, 0.8434349] 2.866652 1.2009287 0.86617136 0.9711312
[3354, 0.594445, 0.942799, 6.9537754, 0.6546017] 2.9032326 1.1300873 0.8300261 0.8540287
[3355, 0.42315328, 1.0621532, 5.912815, 0.2913349] 2.7523246 1.3541893 0.88771355 1.0450596
[3356, 0.5330689, 1.0110396, 5.16532, 0.33743638] 3.0859268 1.1502095 0.83206207 0.8124458
[3357, 0.5221859, 1.0254812, 3.7734013, 0.68700784] 3.0313668 1.2250484 0.9519631 1.0597748
[3358, 0.5174844, 0.9864069, 5.1026, 0.75902385] 2.6973803 1.0519662 0.9137823 0.96932006
[3359, 0.5878837, 0.94991875, 6.612179, 0.36207417] 2.7645211 1.0662997 0.95552635 0.6700633
[3360, 0.5202084, 1.0045532, 5.383289, 0.76889545] 2.8015652 0.894371 1.0380169 0.72897935
[3361, 0.42335388, 1.0816107, 6.2900615, 0.25484842] 2.6668432 1.0757349 0.98662144 1.0739753
[3362, 0.51095027, 1.0071027, 6.3996305, 0.31348124] 2.5961668 1.1019156 0.96638435 1.0010064
[3363, 0.44194186, 1.0695112, 4.1764793, 0.6497924] 2.7637022 1.1560428 1.0891833 0.94632256
[3364, 0.5244347, 1.0165968, 4.075652, 0.47498813] 3.113796 1.1681114 0.8562274 0.9991728
[3365, 0.4992971, 1.0550863, 3.917629, 0.77938604] 3.052443 1.2593161 0.9529937 0.8105312
[3366, 0.64446056, 0.88032657, 6.8549786, 0.23461969] 2.1197062 1.3544829 1.0449706 0.8123256
[3367, 0.51596713, 1.0134126, 6.7663155, 0.5104197] 2.4356039 1.1935441 0.947699 1.0150172
[3368, 0.6252263, 0.9106024, 5.375975, 0.17405051] 2.6119008 1.0952549 0.9579859 1.2183025
[3369, 0.48600465, 1.0338418, 5.4879823, 0.5497706] 2.8350346 1.0979973 0.9843375 0.92927223
[3370, 0.4018207, 1.0874764, 4.95369, 0.9167186] 3.0234473 0.9759977 0.8699789 0.95119774
[3371, 0.5351902, 1.028513, 4.8281345, 0.50022346] 3.0106204 1.0034786 0.90422624 1.0026693
[3372, 0.35162193, 1.1015134, 5.693012, 0.38394225] 2.696061 1.2056075 1.1632617 1.0820878
[3373, 0.46974033, 1.0404543, 6.36972, 0.098946996] 2.698652 1.2625464 1.0155188 1.0526001
[3374, 0.5621422, 0.9735254, 6.8787537, 0.29322085] 2.6849914 1.0316764 0.90751946 0.83245116
[3375, 0.49582413, 1.03092, 4.543879, 0.4919177] 2.6362848 1.0368423 1.0147556 0.93219465
[3376, 0.5573981, 0.9966034, 5.5043054, 0.4721923] 2.868604 1.2337389 0.8787836 0.97775364
[3377, 0.43794072, 1.0871348, 3.6794243, 0.6512922] 3.0752418 1.2063096 1.058495 0.8451016
[3378, 0.50862765, 1.0298381, 5.260975, 0.38791847] 2.7344444 1.0975124 0.9927278 0.9083735
[3379, 0.49436703, 1.05934, 3.338953, 0.72707677] 3.015345 1.2334874 0.95584613 0.8646023
[3380, 0.4725452, 1.060592, 5.3077426, 0.40793818] 2.8139288 1.1674578 0.8665133 0.9603818
[3381, 0.42896286, 1.0737362, 3.9108407, 0.62804973] 2.7765858 1.3093792 1.0321355 0.9256874
[3382, 0.5407236, 0.9987039, 5.906413, 0.34399313] 2.7784808 0.93508697 0.9534113 1.0504131
[3383, 0.51943463, 0.99302316, 6.357897, 0.32228786] 2.5152981 1.1653425 0.8977002 0.9229739
[3384, 0.45291302, 1.0640602, 5.53463, 0.5033406] 2.8927398 1.0411876 0.8803158 0.84307086
[3385, 0.49770957, 1.0493976, 4.571051, 0.6284259] 3.028277 1.0470681 0.96906525 1.0132961
[3386, 0.5983623, 0.9639929, 4.2129765, 0.5757164] 3.0672944 1.1119734 0.8900888 0.9112606
[3387, 0.6358965, 0.9300609, 5.3099785, 0.32835293] 2.9567518 1.0389198 1.0355288 1.0989562
[3388, 0.48729783, 1.0441095, 3.5514898, 0.7674795] 2.771505 1.0412868 1.034768 1.0303988
[3389, 0.48450893, 1.032956, 4.9429483, 0.34817392] 2.9798281 0.88609946 0.9734455 1.0650225
[3390, 0.6171424, 0.8931596, 6.796214, 0.2653593] 2.215262 1.1496843 0.97498137 0.93789256
[3391, 0.53338534, 1.0290812, 5.167273, 0.6284215] 2.87854 1.2757839 0.92682356 0.6721406
[3392, 0.58163166, 0.9676826, 5.286864, 0.521601] 2.5158448 1.180593 1.1123816 1.2052999
[3393, 0.64891845, 0.89878243, 5.3596315, 0.442157] 2.529473 1.1742507 1.04998 1.0534792
[3394, 0.4551505, 1.0512108, 5.7220564, 0.65719527] 2.7875974 1.0074453 0.9479865 0.98316175
[3395, 0.5130803, 0.9950718, 6.0374017, 0.49316803] 2.5509558 1.1537635 0.9942152 0.8675438
[3396, 0.4313917, 1.0796882, 5.7437744, 0.42076337] 2.836392 1.248061 0.9981272 0.8639695
[3397, 0.45962602, 1.064234, 4.8795857, 0.42652956] 2.983957 1.2085733 0.9883084 0.8542473
[3398, 0.5454915, 0.972879, 6.566718, 0.33309376] 2.7554722 1.0670354 0.8584041 1.0237733
[3399, 0.55574656, 0.9772546, 6.949461, 0.35467717] 2.6390214 1.134348 0.98459375 0.78466654
[3400, 0.45747477, 1.0676565, 3.8593678, 0.8799182] 3.340434 1.13933 0.8950699 0.68889284
[3401, 0.46337232, 1.0608424, 4.1653304, 0.68099123] 3.0862436 1.1287787 1.0597186 0.77484477
[3402, 0.48398983, 1.0316845, 6.6308684, 0.47063938] 2.411403 1.2765962 1.0406225 1.0763949
[3403, 0.43474126, 1.0599265, 4.21463, 0.7272307] 2.5800772 1.2871058 1.0785474 0.9121658
[3404, 0.6178029, 0.92485386, 6.2024374, 0.6123227] 2.4291143 1.1578858 0.93006635 1.0886229
[3405, 0.32106814, 1.1259187, 4.949465, 0.70438194] 2.6903088 1.103776 1.0998614 0.94643724
[3406, 0.53752464, 0.97882015, 6.430647, 0.2334217] 2.4816208 0.9437421 1.0243974 1.1666586
[3407, 0.54984766, 0.9975357, 4.5440392, 0.34420434] 2.7701669 1.2189758 1.0295393 1.1658922
[3408, 0.47125068, 1.0639063, 4.481153, 0.5988019] 2.989571 1.1682427 0.81778836 0.94520116
[3409, 0.59280366, 0.95916444, 4.094088, 0.6235477] 2.9803874 1.1503084 1.1432084 1.0183342
[3410, 0.44863898, 1.0682894, 5.693075, 0.4588112] 2.816944 1.2245965 0.8850519 0.9364715
[3411, 0.5027541, 1.0177088, 5.684369, 0.36530504] 2.6828947 1.2042764 0.87643635 0.9232476
[3412, 0.68003136, 0.843517, 6.1526423, 0.47680333] 2.3611758 1.0739613 0.8802759 0.98323995
[3413, 0.64788806, 0.9125485, 5.7775974, 0.7138541] 2.8736613 1.2005824 0.77377105 0.9313186
[3414, 0.48121336, 1.046307, 3.9254622, 0.5978251] 3.015568 0.95537627 1.0682003 0.95893604
[3415, 0.51023453, 1.0126514, 5.68977, 0.3787128] 2.8618233 1.0722915 0.92112315 0.7075134
[3416, 0.53514045, 1.0221114, 4.285155, 0.47133106] 3.0158658 1.0421755 0.9532758 1.030542
[3417, 0.47849837, 1.0383743, 7.061237, 0.28514737] 2.5653515 1.1840712 1.090428 0.9935353
[3418, 0.6106768, 0.9297258, 4.8812447, 0.8156326] 2.5500615 1.1724648 1.0157933 0.8942813
[3419, 0.50752014, 1.0119518, 6.2758102, 0.2817357] 2.794072 1.0091009 0.96818066 0.99151826
[3420, 0.5847827, 0.9527724, 7.042607, 0.34291643] 2.6566768 1.0788068 0.958095 1.0079072
[3421, 0.544241, 1.0134375, 5.6644545, 0.43436658] 2.9341216 1.1503457 1.019263 0.8060843
[3422, 0.54416543, 0.9811389, 3.4951818, 0.45069697] 3.224945 1.0538472 0.8943669 0.88470227
[3423, 0.59472066, 0.9706771, 3.595437, 0.4510553] 3.2532952 1.0393952 0.96692806 0.77797776
[3424, 0.4285215, 1.0808403, 3.418755, 0.6443689] 2.9925287 1.3012114 1.0053221 1.0461309
[3425, 0.50818795, 1.0093001, 5.9052978, 0.5467715] 2.8457503 1.0381688 0.9168453 0.9100297
[3426, 0.5429481, 0.99789137, 3.474073, 0.6030676] 3.2802784 1.0178465 1.0061673 0.81353176
[3427, 0.4031641, 1.0850724, 4.5279117, 0.5944304] 2.956227 1.0305147 0.81872284 1.0333205
[3428, 0.5659371, 0.96044207, 6.521897, 0.36824033] 2.430228 0.9701286 1.0458751 1.0496397
[3429, 0.4786618, 1.020097, 4.177463, 0.6936516] 2.7122529 1.1771176 1.0086107 0.70698553
[3430, 0.41923743, 1.0877395, 5.9382854, 0.40663975] 2.747581 1.2383249 1.0579997 0.8673271
[3431, 0.4640837, 1.0487608, 6.1202984, 0.5108884] 2.879052 1.028975 0.9209437 0.91579956
[3432, 0.4288234, 1.0851707, 4.5256076, 0.4783787] 2.8304076 1.1191386 1.0125042 1.0451543
[3433, 0.5466614, 0.98089886, 6.087755, 0.31394592] 2.5626523 1.2638316 0.9644017 0.82901514
[3434, 0.5076636, 1.0086758, 6.131173, 0.36793792] 2.6159763 1.1867039 1.0097965 0.95684797
[3435, 0.531981, 0.9902215, 6.6191516, 0.20956448] 2.4315093 1.3414719 1.1247587 1.1331184
[3436, 0.48830965, 1.046334, 5.257523, 0.348767] 2.7253487 1.0016102 1.0697792 0.91589934
[3437, 0.41055688, 1.0862298, 4.503589, 0.40759328] 2.941611 1.0298916 0.92608166 1.0365036
[3438, 0.56370574, 0.9994402, 4.3640056, 0.44657984] 2.9201343 1.1936753 0.8870144 1.0720837
[3439, 0.47659492, 1.0816772, 4.572572, 0.7318127] 2.890887 1.2304486 0.94168186 1.0636425
[3440, 0.6053027, 0.95046884, 3.2137077, 0.60875] 3.2002647 1.1794318 0.80351496 0.9719485
[3441, 0.5620122, 0.93714744, 5.8444653, 0.36013615] 2.4999342 0.95435816 1.0298516 0.8853009
[3442, 0.49220508, 1.0282027, 4.034196, 0.65954834] 2.9043078 1.0322765 1.0001819 0.9879221
[3443, 0.42920265, 1.0844079, 5.4280863, 0.49418002] 2.6735175 1.1295838 1.0794574 0.9719345
[3444, 0.5233709, 1.0189189, 5.019464, 0.34354618] 2.9528515 1.0327748 1.043989 0.800155
[3445, 0.6099542, 0.93193614, 6.2007203, 0.40089768] 2.4515789 1.0225374 0.9525862 1.360834
[3446, 0.51124406, 0.99061805, 6.4233727, 0.22252224] 2.689451 1.170192 0.8431545 0.8463539
[3447, 0.45794868, 1.0709035, 5.019447, 0.60735387] 2.7597673 1.0704163 0.811904 0.93870366
[3448, 0.55362356, 0.9904236, 5.857657, 0.55898786] 2.8487577 1.2001104 0.9475418 0.7251127
[3449, 0.57924414, 0.9541399, 6.735458, 0.26989266] 2.7530324 1.0770175 0.9811825 0.6893846
[3450, 0.50073445, 1.029653, 6.0659027, 0.25834167] 2.855902 1.0708879 0.88078654 0.93637466
[3451, 0.43115884, 1.0749174, 4.7710304, 0.8184147] 2.6801805 1.1169063 1.0439813 1.0474284
[3452, 0.576559, 0.9861782, 5.0311437, 0.4782464] 2.9588099 1.159296 0.9111012 0.8644532
[3453, 0.43481654, 1.0624667, 5.738431, 0.3124398] 2.6971765 1.1554997 0.96489996 0.9262591
[3454, 0.48316395, 1.041575, 5.8803596, 0.33763734] 2.8813396 1.2435411 0.9023816 0.8680336
[3455, 0.47247335, 1.0548608, 5.0166364, 0.3883955] 2.977844 1.076975 0.93128824 1.073178
[3456, 0.5362763, 1.0197188, 5.5558286, 0.68001866] 2.7054617 1.0794965 0.93434614 0.8839392
[3457, 0.5449504, 0.9793466, 5.2538047, 0.28487277] 3.0062082 0.94801205 0.85745937 0.95011926
[3458, 0.5738513, 0.9866192, 5.5003543, 0.56726795] 2.674558 1.0854876 1.1405888 1.0980489
[3459, 0.56320804, 0.98112345, 5.869811, 0.6505423] 2.6553237 1.1229355 0.78026587 1.0525956
[3460, 0.54024273, 1.004786, 6.0282373, 0.31292292] 3.0208776 1.2330492 0.90639037 0.75760645
[3461, 0.45829803, 1.0528, 4.7014556, 0.35532612] 3.055251 1.0677515 0.9220127 0.97798306
[3462, 0.5292417, 1.0065005, 3.2811353, 0.79647994] 3.230783 1.218177 0.9586286 0.9200925
[3463, 0.44801563, 1.0630645, 4.646975, 0.2677537] 3.0510802 1.0842346 0.96901447 0.90452796
[3464, 0.5448824, 0.99105436, 6.264502, 0.44779] 2.8122602 1.2285061 0.9107721 0.80117697
[3465, 0.49004337, 1.0476338, 4.037306, 0.5440287] 2.9915776 1.1024357 1.0029976 0.97528046
[3466, 0.49626726, 1.0165055, 4.9281497, 0.49505103] 2.8713717 1.0473331 0.88401616 0.76700807
[3467, 0.4352852, 1.0794878, 5.6432576, 0.65603274] 2.688249 1.1896199 0.913362 0.8607302
[3468, 0.60074157, 0.93013006, 5.054404, 0.5510165] 2.690622 1.2031204 0.9826707 0.777881
[3469, 0.5733106, 0.9839571, 4.5236425, 0.43273583] 3.0612159 1.0774739 0.9940941 0.76167357
[3470, 0.49885482, 1.0479052, 3.1231287, 0.5600089] 3.2246814 1.0467033 0.99146277 0.84459734
[3471, 0.51845324, 1.0334351, 5.1291246, 0.6167961] 3.001035 1.1963851 0.86274993 0.948601
[3472, 0.49963218, 1.0185622, 4.6669593, 0.40014803] 2.9093401 1.1143477 0.8886376 0.9520603
[3473, 0.43780065, 1.07841, 3.883185, 0.71273774] 2.9486623 1.1372232 0.8740945 0.9821373
[3474, 0.55809903, 0.97434074, 5.2893867, 0.35544267] 2.9508336 1.1554859 0.89047456 0.8801264
[3475, 0.48935962, 1.0351406, 5.4140477, 0.37756428] 2.8115275 1.2102255 0.91838604 0.8074811
[3476, 0.5945958, 0.9536409, 4.419885, 0.6622707] 3.1828141 1.0602691 0.7898338 0.89572334
[3477, 0.44011393, 1.0695057, 5.048435, 0.5317607] 2.7995212 1.0933506 1.161594 0.8794664
[3478, 0.55236036, 0.9952485, 3.1817346, 0.95894974] 3.099167 1.2815835 0.89045197 0.95506305
[3479, 0.4206738, 1.0883447, 4.8819394, 0.51853895] 3.1238153 0.9225249 0.8589867 0.84371114
[3480, 0.5438427, 0.9877621, 5.120478, 0.31088266] 2.6679752 1.0718174 0.9553342 0.9566976
[3481, 0.43190074, 1.091971, 4.227122, 0.637277] 2.8515334 1.3288182 0.91391236 0.8574948
[3482, 0.5086094, 1.0240046, 4.8025446, 0.5776009] 2.8834875 1.0812294 0.9409067 0.7787846
[3483, 0.64138556, 0.8817471, 6.217189, 0.3716413] 2.3059103 1.2652451 0.8515185 1.0600946
[3484, 0.47632247, 1.0532969, 4.329482, 0.6415332] 2.9522367 1.1675309 0.95048094 0.9144987
[3485, 0.4079491, 1.0901968, 5.0759873, 0.3771057] 2.488909 1.210139 1.0075878 1.1916369
[3486, 0.53992337, 0.99259704, 5.678662, 0.4131008] 2.7037246 1.2348537 1.0617514 0.92786336
[3487, 0.5353692, 0.99418336, 6.155973, 0.2559653] 2.9172473 1.1409283 0.8848181 0.8482114
[3488, 0.42303392, 1.077472, 5.1182265, 0.51607627] 2.835437 1.0747099 0.90706086 1.0203576
[3489, 0.532835, 1.012739, 3.6239989, 0.58103406] 3.030894 1.2647877 0.97269374 0.8940211
[3490, 0.48935232, 1.0068401, 6.7052307, 0.22867572] 2.6947758 1.0417769 0.9691238 0.9301896
[3491, 0.5519018, 0.97180325, 6.796005, 0.2354655] 2.6645758 1.1329222 0.99836665 0.9554788
[3492, 0.5192803, 1.0364672, 3.4032023, 0.5215542] 3.2473328 1.2688793 1.0890902 0.8151418
[3493, 0.45882258, 1.0371224, 5.712671, 0.51167524] 2.6732817 1.0793207 0.81648874 1.03433
[3494, 0.39897627, 1.0808796, 5.126383, 0.3716907] 2.939005 1.0986758 0.8450414 0.9173955
[3495, 0.57159203, 0.96136725, 6.0531216, 0.5079888] 2.6379983 1.2425967 0.88382375 0.89146703
[3496, 0.46810162, 1.0497652, 5.3585744, 0.5702128] 2.7895708 1.193427 0.96773636 1.007397
[3497, 0.38900587, 1.0755117, 4.158242, 0.6111004] 3.0357752 1.1882026 0.91943944 0.765479
[3498, 0.46666607, 1.0558897, 5.2340026, 0.33741492] 2.9350305 1.1612141 0.9232916 0.96722
[3499, 0.51824456, 1.0177574, 6.8675685, 0.29488692] 2.4976888 1.2307438 1.0912488 1.1623677
[3500, 0.4810292, 1.0380659, 5.757215, 0.6593589] 2.9315815 1.0343851 0.90763193 0.87672746
[3501, 0.53056026, 0.99151206, 6.118635, 0.32355452] 2.557961 1.2102919 1.0655922 0.99956816
[3502, 0.47832775, 1.0473158, 6.2482276, 0.31909868] 2.66617 1.2375609 0.97753733 0.9214679
[3503, 0.5539496, 1.0081391, 3.6485617, 0.82426363] 3.0333896 1.1855742 0.9247328 0.8314151
[3504, 0.4938446, 1.0446047, 4.516248, 0.7624866] 2.9042788 1.1489031 0.953681 0.8574693
[3505, 0.42865565, 1.0564407, 2.6005464, 0.98368716] 3.203134 1.1772972 1.0002942 1.0306084
[3506, 0.4609432, 1.060278, 3.2914858, 0.6023737] 3.091855 1.1582872 0.9405966 1.0889137
[3507, 0.57931215, 0.93272096, 5.1740017, 0.74066436] 2.7718837 1.1914692 0.8382007 0.83151114
[3508, 0.45134392, 1.072082, 6.0072484, 0.6116276] 2.6496584 1.2844554 0.9085946 0.93004405
[3509, 0.5319811, 1.008126, 5.3174787, 0.638684] 2.6195886 1.066176 1.0156322 0.8263449
[3510, 0.53154665, 0.9924049, 4.6132092, 0.4044339] 2.6931503 1.1814076 0.94634634 1.0302788
[3511, 0.5380249, 0.9914165, 6.0381002, 0.3781536] 2.662566 1.226254 0.9830313 0.7289541
[3512, 0.3813318, 1.0856178, 5.718885, 0.40339217] 2.6856978 1.127793 0.98425967 0.9675076
[3513, 0.47414896, 1.042016, 4.96373, 0.40836224] 2.696499 1.143795 0.92090005 1.0356913
[3514, 0.4949262, 1.0406288, 5.9669995, 0.43017894] 2.779865 1.0324084 1.075295 0.8576189
[3515, 0.46246964, 1.0450649, 4.816897, 0.44960147] 3.005482 0.9955186 0.88787866 1.0356647
[3516, 0.54734313, 1.01081, 4.2015357, 0.6508175] 3.1182215 0.99161166 0.9935454 1.0091693
[3517, 0.46748364, 1.0458899, 4.989311, 0.37575665] 2.980827 1.2088326 1.0035206 0.84267336
[3518, 0.5067616, 1.0394573, 4.214889, 0.86541015] 2.8397996 1.1513844 1.0035104 1.1277767
[3519, 0.45554337, 1.0595608, 4.799, 0.62778443] 2.9093225 1.1196871 0.9614127 0.8487997
[3520, 0.46008548, 1.0431391, 6.0999794, 0.22576985] 3.0142012 1.0912706 0.93167007 0.79157555
[3521, 0.55311203, 0.987021, 5.015289, 0.64707655] 2.7165418 1.207103 0.914159 0.91883796
[3522, 0.4649283, 1.0560817, 3.6874774, 0.6964711] 3.0818877 1.2401665 1.0887437 0.90057063
[3523, 0.50902736, 1.0234582, 4.8554544, 0.60239726] 2.5394228 1.1272845 0.96899706 1.0828882
[3524, 0.518101, 1.0138847, 6.644537, 0.2709071] 2.9485488 1.1204009 0.7156555 0.8796516
[3525, 0.5271571, 1.0116647, 5.336747, 0.35898283] 2.7646515 1.1556919 0.7861705 0.9635548
[3526, 0.48139563, 1.0372396, 5.6411724, 0.43698022] 2.6401403 1.1805903 0.9141469 1.0186846
[3527, 0.4923145, 1.0286515, 5.20841, 0.27258578] 3.0295143 1.1069062 0.9788589 0.74512845
[3528, 0.53230375, 1.0097654, 6.0977507, 0.24401288] 2.926391 1.0775989 0.9106299 0.8261645
[3529, 0.5518153, 1.0060126, 4.3732743, 0.64132607] 3.1659636 1.2561644 0.88619083 0.75482696
[3530, 0.49638262, 1.0321506, 4.242841, 0.70592636] 2.9209528 1.1470114 1.046435 0.85499746
[3531, 0.49192172, 1.0295694, 4.4675837, 0.5964636] 2.7378356 1.2186126 0.9424268 0.9808057
[3532, 0.431469, 1.0689651, 8.501583, 0.48708442] 2.7504077 1.2425447 0.9692748 0.9179141
[3533, 0.5336035, 0.980876, 7.232743, 0.20200899] 2.3943706 1.149968 0.9700685 1.0780848
[3534, 0.6006667, 0.9495916, 5.654107, 0.37705797] 2.3881125 1.193192 0.94174945 1.0998265
[3535, 0.4842624, 1.0298084, 4.326404, 0.36775586] 3.0112329 1.207198 0.8528896 0.8948786
[3536, 0.5027386, 1.039291, 4.0933585, 0.49425474] 3.1510375 0.95630676 1.0141703 0.8851289
[3537, 0.5447134, 0.98967427, 5.3632774, 0.3678076] 3.0095768 1.1515836 0.9206118 0.7560639
[3538, 0.5795717, 0.9425228, 5.6698065, 0.55322] 2.4082973 1.1353796 0.9950866 0.97601837
[3539, 0.53874487, 0.9926506, 6.2074738, 0.28979382] 2.7759786 1.1345419 1.0164227 0.96147037
[3540, 0.53851134, 0.993215, 5.5910854, 0.3061564] 2.7010279 1.08108 0.88345355 1.1156524
[3541, 0.49217924, 1.0297166, 6.3769197, 0.43481198] 2.689856 1.2747004 0.9100137 0.84110194
[3542, 0.48390794, 1.0600506, 3.994626, 0.6394508] 3.0454664 1.0979235 0.97587925 0.9075955
[3543, 0.5118135, 1.0163971, 4.3736773, 0.54941946] 2.7385228 1.1025771 1.0405645 0.9813128
[3544, 0.50732523, 1.0212421, 5.820634, 0.6758989] 2.5571415 1.0883689 1.0285774 0.88852805
[3545, 0.48450094, 1.0321095, 3.5385847, 0.5422711] 3.0856504 1.0977792 0.932614 0.9702197
[3546, 0.44969606, 1.0494583, 7.762371, 0.12639758] 2.6612685 1.2769405 0.88311917 0.8981101
[3547, 0.40575433, 1.0815679, 6.0727906, 0.556975] 2.7452676 1.1884195 0.9660697 0.96769816
[3548, 0.5278276, 0.9917667, 4.6451964, 0.26418498] 3.0029125 1.2099946 0.84937304 0.90793353
[3549, 0.49843037, 1.0067656, 5.066415, 0.45280716] 2.669348 1.0389595 0.9372034 1.094648
[3550, 0.46353483, 1.0340577, 6.1108, 0.4059064] 2.6058493 1.0560706 0.9459006 1.0144204
[3551, 0.5207167, 0.9797411, 5.975165, 0.24779658] 2.9314842 1.0742233 0.9191802 0.7872839
[3552, 0.49076512, 1.0202852, 5.1807785, 0.34515536] 2.9301782 1.2445053 0.8169583 0.8243331
[3553, 0.542712, 1.0211068, 6.033769, 0.46315554] 2.7791893 1.1274698 0.830318 1.1018727
[3554, 0.49807307, 1.0289485, 5.2493563, 0.5870971] 2.7518926 1.1735394 0.93712085 0.96394587
[3555, 0.4156369, 1.0847884, 6.0211062, 0.42185748] 2.7819908 1.2604079 1.0146515 0.97252333
[3556, 0.51336884, 1.0233856, 4.645101, 0.3396767] 3.0061898 1.1511778 0.983443 0.7746252
[3557, 0.53086954, 0.9926115, 5.1724815, 0.5089953] 2.2754977 1.1200968 1.1119775 1.2489228
[3558, 0.58468217, 0.95547765, 6.420802, 0.2730547] 2.7243426 1.0998284 0.8142783 0.8926635
[3559, 0.49027917, 1.0118774, 5.18918, 0.4953729] 2.7223926 1.0243157 0.9154696 0.92232627
[3560, 0.47534513, 1.0244336, 5.905384, 0.25465822] 2.8660605 1.065649 0.8758068 0.8317147
[3561, 0.47327703, 1.0401763, 5.9429965, 0.27304408] 2.6913545 1.3024235 0.94173765 0.8866621
[3562, 0.47496372, 1.0184458, 6.864988, 0.24833043] 2.5338202 1.2338324 1.0233082 1.0054965
[3563, 0.5557717, 0.94375175, 6.612743, 0.23582469] 2.5214307 0.99376285 1.056883 0.9432055
[3564, 0.44429368, 1.0553306, 5.3602114, 0.30765712] 2.9190555 1.1858457 0.87844926 0.93395025
[3565, 0.61518925, 0.9362243, 5.2507358, 0.38826242] 2.888207 1.0907983 0.84320277 0.97230774
[3566, 0.5710752, 0.9822375, 5.0838585, 0.6099077] 2.7612355 1.0925761 1.0081848 0.84828264
[3567, 0.58321255, 0.9586405, 4.56052, 0.3943081] 2.6658146 1.1782793 0.91190207 1.1047962
[3568, 0.5746553, 0.9598672, 6.320601, 0.32335922] 2.6445067 1.1534557 0.87640005 0.8960873
[3569, 0.4556314, 1.0633688, 4.6835837, 0.6696154] 2.8979397 1.1144229 0.96067506 0.9374174
[3570, 0.5304255, 1.0119056, 5.617281, 0.41381472] 2.8756294 1.1321892 0.9012636 1.0838641
[3571, 0.48737177, 1.0120221, 6.208027, 0.41639435] 2.379498 1.1433289 1.0836192 1.0010734
[3572, 0.54535556, 0.9950981, 6.077015, 0.43012953] 2.6892717 0.9987485 0.869716 1.0625226
[3573, 0.49932572, 1.049699, 4.913049, 0.7562345] 2.8298104 0.9635646 0.9720825 1.0167814
[3574, 0.49196663, 1.0394018, 4.974661, 0.29593098] 3.0756485 1.0643649 0.88995916 0.9554982
[3575, 0.5036507, 1.0412065, 4.413741, 0.7457984] 3.1049314 1.1862929 0.80548346 0.8306897
[3576, 0.59566563, 0.94781977, 5.2256675, 0.85516256] 2.861237 1.3712978 0.8130928 0.6936389
[3577, 0.4599809, 1.0686516, 3.3198736, 0.7114784] 3.1351182 1.2938458 0.9155837 0.8387597
[3578, 0.5915043, 0.9654045, 4.205923, 0.6180181] 3.0887437 1.1950171 1.005817 0.79228395
[3579, 0.5314096, 0.9967964, 6.5197577, 0.22062097] 2.851133 1.1227477 0.90658605 0.8080317
[3580, 0.45630905, 1.0752662, 5.9397964, 0.6261145] 2.6191094 1.2746136 0.9387637 0.95294553
[3581, 0.50456846, 1.0352619, 5.284732, 0.59529734] 2.7919097 1.212866 0.9367391 0.8744162
[3582, 0.50218594, 1.0414331, 4.351941, 0.47336513] 3.075122 1.1219038 0.9665003 0.8880464
[3583, 0.52928525, 0.9952019, 5.4767737, 0.3569679] 2.5316796 1.1585592 0.92089087 1.0035545
[3584, 0.5198005, 0.98865837, 7.016536, 0.14512232] 2.71352 1.0465523 1.145721 0.85025465
[3585, 0.5704948, 0.97015375, 5.589245, 0.32019186] 2.6442475 1.1343901 0.9819146 0.9333403
[3586, 0.40405443, 1.1011838, 6.0118556, 0.43905786] 2.7767 1.0799139 1.0411265 1.0114121
[3587, 0.53230053, 1.0205748, 4.4500194, 0.53531134] 3.01021 1.0905828 0.8212354 0.9183019
[3588, 0.42770898, 1.0708802, 3.4425774, 0.80969584] 3.0995107 1.176888 0.96526456 0.8701996
[3589, 0.49192083, 1.0391381, 4.6956096, 0.70095706] 2.938571 1.1284063 1.046002 1.0822579
[3590, 0.46268758, 1.0492604, 4.1346684, 0.4728913] 2.8942213 1.0999079 0.8261646 0.76547265
[3591, 0.5098914, 1.0200521, 5.6076274, 0.2328823] 2.830501 1.1037188 0.9110009 1.0367302
[3592, 0.53782094, 0.98809093, 6.1683574, 0.30766183] 2.9344003 1.0992126 0.96594775 0.7443667
[3593, 0.50706124, 1.024566, 5.8355412, 0.28440136] 2.6680837 1.2417557 1.0000727 1.0263833
[3594, 0.50508606, 1.0335476, 4.5802803, 0.41015497] 3.0763323 1.0009984 0.94012994 0.9828925
[3595, 0.35370976, 1.1276724, 4.9468307, 0.5319644] 2.897729 1.1286715 1.1797616 1.0320556
[3596, 0.45535555, 1.0633004, 4.330539, 0.48288] 3.056621 0.9861318 0.9583783 1.0313658
[3597, 0.52420413, 1.0285671, 4.258246, 0.5146919] 3.1001086 0.9035739 0.9680211 1.0786896
[3598, 0.4432367, 1.0653607, 4.30368, 0.7580188] 3.0262818 0.9939849 1.0660137 0.91122764
[3599, 0.49388734, 1.0428041, 3.9344697, 0.56806743] 3.1629543 1.1685954 0.8579844 0.8460017
[3600, 0.437231, 1.0479449, 7.0273876, 0.17164862] 2.650054 1.1333601 1.0038428 0.9889341
[3601, 0.52314436, 1.0182359, 5.828716, 0.5022523] 2.7213032 1.2338151 0.83859 0.93958336
[3602, 0.54607636, 0.9988395, 4.0355034, 0.5112168] 3.012626 0.9767767 0.92469627 1.006256
[3603, 0.54192406, 1.0173743, 5.254932, 0.49500394] 2.684498 1.0027105 1.0045656 1.1605703
[3604, 0.5361003, 0.9753352, 7.095228, 0.5524651] 2.6110015 1.1761214 1.03129 0.8442638
[3605, 0.5264487, 1.0186001, 4.244578, 0.79946584] 3.0444562 1.1093279 0.78831524 0.97185844
[3606, 0.47600168, 1.0649499, 4.7541094, 0.6117057] 2.919471 1.2023438 0.8472657 0.9769039
[3607, 0.3939704, 1.0992972, 5.2324195, 0.46354136] 2.671384 1.389644 1.0064622 0.975183
[3608, 0.5005916, 1.0493821, 3.720847, 0.597204] 3.001709 1.2785726 1.0267217 0.9348337
[3609, 0.4137382, 1.0864844, 5.2665257, 0.41771576] 2.8139744 1.2675067 0.9448408 0.92013514
[3610, 0.58547044, 0.9530486, 6.260006, 0.42257833] 2.4524412 1.1219519 0.9256186 1.2427177
[3611, 0.52950865, 1.0127726, 4.125404, 0.702906] 2.6958382 1.2459381 1.0388675 0.91706085
[3612, 0.4614845, 1.0595322, 4.605302, 0.33166915] 3.1962676 1.1184834 0.9737593 0.6650323
[3613, 0.508965, 1.0316192, 3.9066782, 0.6334005] 3.3114657 1.0473893 0.8893112 0.90567183
[3614, 0.5331254, 1.0293854, 4.8795996, 0.6812753] 2.8253078 1.2489681 1.0081232 0.8181923
[3615, 0.3795064, 1.0984133, 3.9839609, 0.6578144] 3.147533 1.0661864 0.93697435 0.81720287
[3616, 0.4998008, 1.0370501, 5.7325583, 0.6171323] 2.5171983 1.1306072 1.1261508 0.9697505
[3617, 0.6125046, 0.9228002, 6.1000476, 0.41123763] 2.3919723 1.0736655 1.056631 0.92091817
[3618, 0.48696357, 1.0472881, 4.936614, 0.6185717] 2.766632 1.1154405 0.94226146 0.96381646
[3619, 0.45351583, 1.0657586, 6.6404514, 0.55425453] 2.8457108 1.1744235 0.9022875 0.87560976
[3620, 0.46603206, 1.0685675, 3.533458, 0.92486227] 3.3529494 0.9890625 0.80613995 0.7945006
[3621, 0.52111423, 1.0225644, 6.0668445, 0.4210249] 2.9053369 1.1448863 1.022555 0.7732971
[3622, 0.54019034, 0.9659292, 5.6856894, 0.2296251] 2.6024168 1.0410248 0.89802253 1.064465
[3623, 0.5518578, 0.97450095, 5.613777, 0.7725006] 2.4471056 1.0596055 0.99579316 0.98633844
[3624, 0.5854077, 0.95522696, 5.3775315, 0.3905547] 2.6832833 1.1288557 0.8768537 0.94817215
[3625, 0.41214734, 1.0994925, 5.025347, 0.5853599] 2.7632074 1.0150304 0.99811375 0.9873064
[3626, 0.5127261, 1.004572, 4.7933836, 0.64707184] 3.1021988 1.123765 0.7125389 0.72670996
[3627, 0.6207008, 0.9075648, 6.370548, 0.31248587] 2.4125633 1.1461908 0.99516535 0.9064573
[3628, 0.4293054, 1.0612352, 5.5374985, 0.479879] 2.59038 1.0558846 0.90972346 0.97243655
[3629, 0.50450695, 1.0251144, 4.815899, 0.34369564] 2.9849567 1.02825 0.9773615 0.97095585
[3630, 0.57569546, 0.9764581, 3.5625923, 0.6188928] 3.0718846 1.1409283 0.9046004 1.1901994
[3631, 0.4818629, 1.039297, 3.540473, 0.9271073] 2.747896 1.178625 1.0514661 0.97334903
[3632, 0.4044401, 1.0640353, 6.0550694, 0.4113749] 2.4213135 1.2077526 1.1380498 1.1160933
[3633, 0.49247542, 1.0442997, 5.028735, 0.41700885] 3.1193242 1.0333035 0.8724844 0.6557663
[3634, 0.5285381, 1.0036612, 5.8283863, 0.34578696] 2.6619284 1.0774676 0.92011327 0.89374113
[3635, 0.44501823, 1.0426351, 5.826833, 0.43836382] 2.7902012 1.0590054 0.93335915 0.81591785
[3636, 0.45514056, 1.1031045, 2.7182238, 0.81937164] 3.4402792 1.0115994 0.9716113 0.95971256
[3637, 0.47951135, 1.0536611, 4.4717584, 0.8200339] 2.9036882 1.1937672 0.92963135 0.95311475
[3638, 0.44652516, 1.036691, 6.5594397, 0.21783684] 2.822177 1.0715533 1.0475973 0.8695687
[3639, 0.4921804, 1.0421232, 4.9243555, 0.7956514] 2.8138697 1.1575316 1.0423611 0.8403835
[3640, 0.4736181, 1.0682688, 4.7552295, 0.50811297] 2.9270504 1.1860684 1.103737 0.92491126
[3641, 0.4790213, 1.0413542, 6.331823, 0.37547517] 2.7211318 1.1404401 0.9738803 0.9605361
[3642, 0.4768931, 1.054522, 4.1477447, 0.74340117] 3.1230469 1.1729314 0.9088685 0.9475385
[3643, 0.52051014, 1.0336156, 5.054428, 0.7042955] 2.9130013 1.1587927 0.80302083 1.0594672
[3644, 0.43437442, 1.0563163, 3.846676, 0.8445455] 3.1933808 1.0551648 0.7529083 1.0093728
[3645, 0.5705374, 0.97825885, 4.4374323, 0.911984] 2.40838 1.2417684 1.0573446 1.1380266
[3646, 0.4718367, 1.0407901, 5.4354787, 0.5494623] 2.6909568 1.2139529 1.0665299 0.91049767
[3647, 0.52029073, 0.9895061, 4.641808, 0.25381753] 2.9795656 1.0505258 0.94563234 0.93648916
[3648, 0.43043548, 1.0801313, 5.13048, 0.554103] 3.038403 0.95340437 0.9775471 0.9416996
[3649, 0.40831435, 1.0900637, 3.778577, 0.69782495] 2.9985898 1.1497219 0.9741389 0.92487043
[3650, 0.47643942, 1.0418069, 6.4392185, 0.51379967] 2.668543 1.1739514 0.98397887 1.0104108
[3651, 0.36971608, 1.1114104, 4.378182, 0.98164153] 2.5984292 1.1715641 1.0510938 0.97725743
[3652, 0.487551, 1.0369297, 5.876532, 0.52749074] 2.645128 1.1428353 0.8505826 0.93926847
[3653, 0.5684025, 0.96773356, 4.638497, 0.43480536] 2.702727 1.1622233 1.0363812 0.8426254
[3654, 0.47323617, 1.0513797, 5.8367915, 0.40531355] 2.8427155 1.0142244 1.0702201 0.8578164
[3655, 0.6002525, 0.9636096, 4.8973484, 0.6712365] 2.728876 1.2837738 1.0503496 0.7837999
[3656, 0.5331816, 1.0202072, 5.2748218, 0.4107685] 2.9034805 1.1520804 1.0910028 0.76022846
[3657, 0.5088065, 1.0105981, 5.1231713, 0.6376231] 2.870399 1.230445 0.9381103 0.9096349
[3658, 0.4494419, 1.0730282, 3.643988, 0.8647894] 3.072157 1.110213 0.8550051 1.0021021
[3659, 0.51141286, 1.001409, 5.1879225, 0.7304432] 2.4731169 1.0923028 1.1398319 1.0343109
[3660, 0.5930918, 0.9167, 6.2777033, 0.3559193] 2.5943806 1.2210194 0.98281276 0.817525
[3661, 0.46399146, 1.0465103, 4.98108, 0.39557657] 2.6717606 1.2709196 0.87872744 0.9856889
[3662, 0.5435669, 0.9915046, 5.303152, 0.33144027] 2.9647715 1.0214168 0.8910398 1.1411176
[3663, 0.4860575, 1.0467039, 4.58578, 0.9149953] 2.883462 0.9889526 0.91436374 0.90794605
[3664, 0.5167879, 1.0130918, 4.83482, 0.5784343] 2.9577594 1.002558 1.058276 0.98981583
[3665, 0.42056918, 1.0747644, 5.503269, 0.376991] 2.7015488 1.0719252 0.98078084 0.9882025
[3666, 0.463548, 1.0549241, 3.1582103, 0.8926405] 3.1038442 1.1003735 0.9103991 0.86140496
[3667, 0.46597612, 1.0562106, 4.344448, 0.60957575] 2.7109308 1.2183396 0.9691702 0.8109262
[3668, 0.51303524, 1.0262198, 4.629117, 0.54964536] 3.1319764 1.1313405 0.82902735 0.7250279
[3669, 0.5781502, 0.97237563, 4.005785, 0.5593356] 3.1127183 1.1906898 0.96524256 0.78423953
[3670, 0.5010776, 1.017251, 5.9757075, 0.22256702] 2.7653828 1.2099833 0.7908142 0.9857925
[3671, 0.4554647, 1.0626646, 3.9522147, 0.59253585] 3.1566725 1.0882043 0.9588047 0.90977085
[3672, 0.46188644, 1.0540997, 3.9876466, 0.7884924] 3.1608443 1.2145584 0.8827372 0.94192713
[3673, 0.5230328, 0.9930048, 7.767116, 0.34310678] 2.5078259 0.97625655 1.0510882 1.0407526
[3674, 0.59067017, 0.9541149, 4.323629, 0.5374827] 3.050685 0.89791375 1.0520546 0.8983171
[3675, 0.5289193, 1.001769, 6.6393085, 0.24522163] 2.472275 1.2023531 1.1025455 0.98550975
[3676, 0.51013863, 1.0182987, 4.012468, 0.9456983] 2.8825874 1.1908575 0.8542913 0.88294774
[3677, 0.5571049, 0.9961974, 4.5156164, 0.8390271] 3.1691556 1.0686622 0.91549456 0.89269096
[3678, 0.37176085, 1.118658, 6.0329437, 0.5621502] 2.7709994 1.262183 0.9313675 0.9938352
[3679, 0.5369538, 1.004425, 5.9023757, 0.40090495] 2.5795121 1.2463157 1.0945017 0.7781484
[3680, 0.4614873, 1.0643501, 5.799467, 0.36544347] 2.859636 1.3040656 0.81145614 0.7723025
[3681, 0.58618987, 0.9587084, 7.185917, 0.46380034] 2.5116923 1.256962 0.8583933 1.1827112
[3682, 0.5738268, 0.95170516, 7.2403936, 0.2878678] 2.2865632 1.1434687 1.0376523 0.95367754
[3683, 0.52322376, 1.0035293, 3.2255025, 0.75785136] 3.1266725 1.2181698 0.8827517 0.8130653
[3684, 0.47759148, 1.0409698, 4.981847, 0.27820817] 2.8234532 1.2480799 1.0530527 1.1076263
[3685, 0.5770701, 0.9506837, 5.7286663, 0.26100442] 2.6878889 1.156386 0.9589016 0.81198823
[3686, 0.45183292, 1.0860604, 4.3517647, 0.62318534] 2.9751067 1.1887764 0.84042406 0.9204735
[3687, 0.5169936, 1.0302285, 3.9153087, 0.6039213] 2.9426775 1.098814 1.0384161 1.1344179
[3688, 0.5249541, 1.0030924, 4.676463, 0.50454503] 2.349159 1.0629437 1.1401329 1.1336398
[3689, 0.45702925, 1.029517, 6.4723506, 0.1824459] 2.9188244 1.0286561 0.824965 0.81795347
[3690, 0.53218365, 1.0097725, 5.822581, 0.57864094] 2.86036 1.0958648 0.9099781 0.89110845
[3691, 0.5029827, 1.0277123, 5.65378, 0.2757039] 2.8544261 1.0293645 0.9663227 1.0454646
[3692, 0.46263555, 1.0400357, 6.0071974, 0.35937342] 2.8347318 1.2552917 0.94754803 0.8759182
[3693, 0.34182075, 1.1196162, 4.882614, 0.47765088] 3.0367696 1.0219119 0.9999734 0.96222615
[3694, 0.4154025, 1.0572056, 6.677679, 0.34427968] 2.5117495 1.2128624 0.9248502 1.1743847
[3695, 0.4446186, 1.0576982, 5.3939323, 0.318822] 2.7817168 1.2139759 0.9428767 0.9162106
[3696, 0.5681897, 0.9394418, 5.4303994, 0.6079703] 2.608835 1.19329 0.9756154 0.75284404
[3697, 0.51433814, 1.0176882, 5.0308957, 0.6549791] 2.9315002 1.1030449 0.8859438 1.0324371
[3698, 0.6491505, 0.88223094, 6.853515, 0.34600854] 2.4484684 1.2749879 1.0082823 0.8572402
[3699, 0.47039592, 1.0279331, 6.2453375, 0.20639186] 2.7333035 1.2491387 0.9354159 0.78734744
[3700, 0.5487462, 1.0080578, 5.856298, 0.43138808] 2.638148 1.2701243 0.8376832 1.1824282
[3701, 0.51628906, 1.0052394, 5.413237, 0.49092022] 2.8447688 1.1151987 0.945265 0.80477434
[3702, 0.5173674, 1.0109942, 5.600704, 0.46624628] 2.7213957 1.1943243 0.93726397 0.91874695
[3703, 0.6228054, 0.92817366, 5.5625744, 0.38324505] 2.8988643 1.0994203 0.84137756 0.8237751
[3704, 0.5565035, 0.97686493, 5.9765425, 0.3811028] 2.8327146 1.1449401 0.85541874 0.8339063
[3705, 0.5119297, 1.0303512, 4.432996, 0.97035605] 2.9148192 1.2625616 0.8819674 0.743392
[3706, 0.5511377, 0.9747629, 5.770247, 0.33700514] 2.477854 1.2023627 0.9433389 1.1066564
[3707, 0.61496747, 0.91244966, 6.0606294, 0.3950802] 2.516508 1.2970114 0.83562326 0.84469175
[3708, 0.63677025, 0.9139713, 5.85092, 0.44143614] 2.8185034 1.1005495 1.0204685 0.80317354
[3709, 0.4571597, 1.0591819, 4.6761594, 0.5531739] 2.9223228 1.2349206 0.92738044 0.8651566
[3710, 0.4771258, 1.036974, 5.9072547, 0.4353436] 2.7341962 1.2293551 0.9399586 0.8592934
[3711, 0.44308615, 1.038646, 5.841245, 0.35848305] 2.5765169 1.2622772 1.0071604 0.8443735
[3712, 0.45222202, 1.0677633, 3.6679213, 0.5478582] 3.170463 1.1054622 0.9088215 0.9598185
[3713, 0.4725838, 1.0415579, 5.414567, 0.49329558] 2.6811135 1.2173299 1.0191201 1.109074
[3714, 0.52742225, 1.0234818, 3.3932462, 0.716054] 3.1212337 1.196022 1.1273894 0.7984293
[3715, 0.51087904, 1.0171685, 6.9117923, 0.25565442] 2.6389265 1.2329508 1.0076092 0.8677381
[3716, 0.5025198, 1.0186471, 6.1073728, 0.35500973] 2.7161474 1.177726 0.9719645 0.7799283
[3717, 0.3969688, 1.0970758, 4.1544046, 0.775018] 3.163781 1.062766 0.9530654 0.88698524
[3718, 0.5475108, 0.99801075, 5.8753242, 0.7518742] 2.5733416 1.0649996 0.98600876 1.0517281
[3719, 0.5262192, 0.99840057, 6.6227784, 0.37679508] 2.5387185 0.97689384 0.9815447 1.1569483
[3720, 0.4294482, 1.0585605, 6.5902486, 0.16645655] 2.7116363 1.254548 0.94567865 0.8878546
[3721, 0.50326484, 1.033517, 6.440365, 0.3005244] 2.8436003 1.1308872 0.85226953 0.8153448
[3722, 0.49624842, 1.0378574, 4.199561, 0.5780959] 3.0300722 1.1239778 0.9589002 0.8183128
[3723, 0.5454179, 0.997529, 5.2441206, 0.43602392] 2.9326215 1.0288806 0.90136045 0.9309815
[3724, 0.5356651, 0.97793233, 6.5594273, 0.22341615] 2.6779797 1.10338 0.9073264 0.9020339
[3725, 0.42952988, 1.0644896, 4.7303066, 0.44784012] 2.836739 1.2269014 0.96223414 1.0171537
[3726, 0.47486326, 1.0008476, 6.1337657, 0.40110728] 2.682296 1.126643 0.94467837 0.78256667
[3727, 0.5149665, 1.0216422, 6.033062, 0.31572738] 2.8107448 1.1020261 0.905798 0.8907393
[3728, 0.46542346, 1.0620495, 6.0262785, 0.31621674] 2.9752655 1.1033968 0.9116192 0.8726059
[3729, 0.6331318, 0.8911132, 7.6759076, 0.18514378] 2.4486878 1.1982616 1.0020882 0.9644761
[3730, 0.5824316, 0.9496059, 6.24317, 0.4653878] 2.7815688 1.2229661 0.8583931 0.73324394
[3731, 0.44137317, 1.0762486, 5.6474366, 0.33931914] 3.0482798 1.0742631 0.819101 0.9234416
[3732, 0.489882, 1.0274578, 6.699425, 0.2621249] 2.7240376 1.2052393 1.0191566 0.7893177
[3733, 0.53679746, 1.0039608, 5.013565, 0.4423517] 2.8659139 1.0461862 0.9820261 0.7537574
[3734, 0.52682114, 1.0084776, 5.698032, 0.2272201] 2.955403 1.1840167 1.0174017 0.71699715
[3735, 0.45048666, 1.0472181, 4.1665087, 0.5796997] 2.8345642 1.1971078 0.89353395 1.1318482
[3736, 0.5023366, 1.033659, 3.0672276, 0.6735854] 3.150434 1.1366942 1.0921274 1.058537
[3737, 0.5065378, 1.0423478, 5.7179112, 0.3440351] 2.904634 1.2307367 0.932153 1.0133504
[3738, 0.51187456, 1.0091649, 5.8156524, 0.2861687] 2.7700164 1.0574306 0.97311336 1.034825
[3739, 0.53954464, 0.99474406, 5.5793257, 0.14005962] 2.821627 1.0712029 1.0578125 0.9084508
[3740, 0.6058984, 0.93174696, 5.709195, 0.612122] 2.366234 1.3013875 0.9569842 1.0333086
[3741, 0.57547385, 0.948791, 7.002755, 0.31362352] 2.5244722 1.1553506 1.0117582 0.79506207
[3742, 0.49591476, 1.021698, 7.102535, 0.25388265] 2.8469431 1.2737114 0.94271934 0.794247
[3743, 0.61974174, 0.90216637, 5.74716, 0.7579919] 2.2711272 1.1742307 0.8880331 1.044683
[3744, 0.42719582, 1.0189872, 6.354699, 0.13338761] 2.7908168 1.0071229 0.9834582 0.96599054
[3745, 0.46229705, 1.0669454, 3.7672634, 0.94900686] 2.701499 1.19955 0.9673743 0.87786424
[3746, 0.58506614, 0.9657162, 4.269183, 0.41489464] 3.139809 1.0904491 0.8646642 0.98424846
[3747, 0.37193686, 1.0878843, 7.2509155, 0.21149932] 2.6676195 1.1161249 0.9554428 0.9656156
[3748, 0.521085, 0.9998841, 6.1126685, 0.36344922] 2.5925202 1.1917536 0.9578076 0.89947283
[3749, 0.44156575, 1.0468938, 6.0998244, 0.39436087] 2.673822 1.0447838 0.8462271 0.929919
[3750, 0.44240656, 1.0782465, 5.5384393, 0.44657227] 2.8089168 1.0447444 0.96554106 0.98325646
[3751, 0.41711232, 1.0840346, 5.487684, 0.32489404] 3.079827 1.1790016 0.91454506 0.805221
[3752, 0.55598354, 0.9483636, 6.7616987, 0.16643363] 2.6246095 1.0304645 0.8905709 0.9301171
[3753, 0.4312109, 1.0933613, 3.4929113, 0.5404719] 2.7197626 1.2595549 1.0154841 1.0090183
[3754, 0.5951975, 0.9480364, 5.215566, 0.36026266] 2.8998098 1.147748 0.8749045 0.9675377
[3755, 0.53664106, 1.006925, 5.892114, 0.42748335] 2.7057416 1.1348928 1.1470257 0.87068915
[3756, 0.4580999, 1.0553932, 5.6317806, 0.6077662] 2.558948 1.3107115 0.88061625 0.8347087
[3757, 0.5120202, 1.0051923, 6.666435, 0.22763489] 2.626996 1.0719452 1.0677503 1.0342076
[3758, 0.3808485, 1.1160519, 4.8226824, 0.5385595] 2.8029172 1.1242527 1.010713 1.0218177
[3759, 0.50697035, 1.0434566, 3.4420443, 0.4765984] 3.1572373 1.0762882 1.0195436 0.9282202
[3760, 0.36330354, 1.1125965, 4.820988, 0.34444964] 2.9200554 1.2254301 0.9560839 0.9858005
[3761, 0.5264611, 1.0080863, 5.0086393, 0.33080667] 3.032897 1.1435394 0.9511262 1.0093645
[3762, 0.6108044, 0.95300883, 4.3083496, 0.4816196] 2.9384847 0.96128255 0.79196626 1.0234871
[3763, 0.5533088, 0.9776918, 5.3957853, 0.2607717] 2.9698474 0.853168 0.7477163 0.8991747
[3764, 0.4807151, 1.0317479, 5.3986683, 0.2707997] 2.7114825 1.2038627 0.9320184 0.9069701
[3765, 0.6084648, 0.9398746, 4.585719, 0.35685563] 3.0390496 1.104937 0.8112543 0.7882539
[3766, 0.51680416, 1.0100849, 5.8157377, 0.41515857] 2.7942755 1.0064708 0.9566879 0.91051596
[3767, 0.5805181, 0.9682715, 3.852483, 0.6550311] 2.8862553 1.2484895 0.89499277 0.8764398
[3768, 0.6097241, 0.91961145, 6.495303, 0.22424029] 2.6374538 1.022785 0.91792136 0.8567378
[3769, 0.3149433, 1.119799, 5.43205, 0.35648027] 2.9948933 1.1221102 1.0211114 0.894205
[3770, 0.46381453, 1.0673822, 4.5949674, 0.6520819] 2.8714106 1.1842437 1.0464646 0.98607564
[3771, 0.54702955, 0.99600834, 5.627904, 0.50861675] 2.9859498 0.981616 0.79064494 0.9764879
[3772, 0.5886487, 0.95187896, 5.6549807, 0.48803714] 2.3959394 1.1786199 0.941116 1.0430473
[3773, 0.45080245, 1.0484879, 4.7321362, 0.36524537] 2.7376323 1.1652522 0.9600653 0.90744597
[3774, 0.46316344, 1.050715, 3.1121047, 0.6648578] 3.1728272 1.0947752 1.0027303 0.8954756
[3775, 0.47756192, 1.0399585, 6.132877, 0.4303101] 2.4025447 1.1423595 1.0387284 1.1520743
[3776, 0.46854737, 1.0376333, 4.970145, 0.35472485] 3.0512345 0.9812214 0.74352556 0.95972705
[3777, 0.4968288, 1.0134034, 6.207655, 0.41411027] 2.5351512 1.0699276 1.0028301 0.9103076
[3778, 0.49809054, 1.0448022, 3.7187085, 0.77691215] 3.0998302 1.1788738 0.8596403 0.8978899
[3779, 0.53781784, 0.9992181, 5.6923075, 0.46490365] 2.3525753 1.3294787 1.0073805 1.0283189
[3780, 0.60321057, 0.92093235, 6.201801, 0.31867358] 2.3086994 1.1836841 0.85492367 1.1164236
[3781, 0.4571202, 1.0595937, 5.346058, 0.36510432] 2.809155 1.1329851 0.92276466 0.9476942
[3782, 0.50027025, 1.0225862, 5.5089293, 0.11888446] 2.738298 1.2125733 1.1087269 1.0059925
[3783, 0.5436118, 0.97250426, 6.6767673, 0.26020226] 2.533614 1.2733823 0.8566184 0.789989
[3784, 0.5538407, 0.99781424, 5.8885345, 0.43324393] 2.803997 1.2460382 0.9285401 1.0632046
[3785, 0.49399203, 1.0319614, 5.8401284, 0.4754995] 2.9030738 1.1915882 0.9970817 0.6748648
[3786, 0.44587725, 1.0484788, 5.931578, 0.34165543] 2.5030973 1.2745261 1.0275702 0.98793834
[3787, 0.5141929, 1.0181738, 4.6588497, 0.49032828] 3.007103 1.1002568 0.89954376 1.0114515
[3788, 0.47430044, 1.0369945, 3.8083594, 0.5741118] 3.1487324 1.0771401 0.9235966 1.0132073
[3789, 0.5537199, 0.96382815, 6.562494, 0.29782093] 2.3570464 1.2793592 1.1073419 0.99244815
[3790, 0.40023315, 1.0819304, 5.25433, 0.3895647] 2.963903 1.0883472 0.95730335 0.901672
[3791, 0.47431836, 1.0407654, 5.2957973, 0.4461017] 2.7853265 1.036413 0.8526703 1.0996667
[3792, 0.40357322, 1.1032587, 2.859925, 0.9138889] 3.2652829 1.1291964 1.0228932 0.89647263
[3793, 0.47009158, 1.0630457, 6.204271, 0.33617857] 2.9238553 1.1605893 1.0634508 1.0574455
[3794, 0.48703772, 1.0239044, 3.97315, 0.48802096] 3.1158645 0.9388725 0.9216941 0.84342146
[3795, 0.54828954, 0.98443204, 5.321122, 0.41432893] 3.0937526 1.1765206 0.9654578 0.61075956
[3796, 0.5090686, 1.0098156, 6.389498, 0.23338139] 2.8735747 1.1848286 0.90637475 0.7841819
[3797, 0.49393255, 1.048364, 4.614399, 0.53885347] 3.084686 1.1738491 0.9601694 0.8723763
[3798, 0.44682032, 1.0737017, 4.385893, 0.48177433] 2.9452174 1.2381997 0.9155326 0.89961094
[3799, 0.5595332, 0.964212, 4.256714, 0.95372665] 2.8906276 1.1564509 0.79724985 1.0101441
[3800, 0.6385761, 0.9082517, 4.770984, 0.7129821] 2.8725612 1.298029 0.9940858 0.8209747
[3801, 0.45029688, 1.0594082, 5.1953535, 0.48709032] 2.6296961 1.2020985 0.9605782 1.0205939
[3802, 0.4625716, 1.0633773, 4.3004265, 0.49966773] 2.9143808 1.2219722 1.0790211 0.92609364
[3803, 0.47782, 1.038895, 5.8365984, 0.2614929] 2.7352521 1.1759125 1.1019264 1.0227762
[3804, 0.574367, 0.9507167, 6.087504, 0.36039168] 2.636333 1.0090116 0.85389364 1.0638397
[3805, 0.5031268, 1.0430824, 3.553499, 0.85788685] 3.2255206 0.9438362 0.8211921 1.0914211
[3806, 0.53444403, 0.988406, 6.35032, 0.23897807] 2.5542626 1.2807709 0.95806885 0.72072077
[3807, 0.4892028, 1.0248158, 5.9427342, 0.23300338] 2.6932304 1.3284883 1.0384699 1.0050462
[3808, 0.5904367, 0.9537109, 6.116628, 0.39696994] 2.8593893 0.9698346 0.96279365 0.9739965
[3809, 0.4580839, 1.0720294, 4.6154504, 0.69708383] 2.8676257 1.1206688 0.8656088 0.9588133
[3810, 0.47570455, 1.0568762, 6.1832232, 0.35263702] 2.914663 1.1646563 0.8953772 0.98410046
[3811, 0.39998135, 1.0955827, 5.087611, 0.29171714] 2.8842232 1.1521896 0.91324836 0.9261995
[3812, 0.6283701, 0.91118646, 5.8233438, 0.24996805] 2.880528 1.0544891 0.8325532 0.9216846
[3813, 0.53470004, 0.9898977, 6.173483, 0.3509254] 2.5655062 1.2328087 1.0652847 1.0620618
[3814, 0.5293174, 1.0066062, 6.8015766, 0.3150824] 2.9130776 1.0740935 0.9601216 0.79994977
[3815, 0.5893489, 0.9748319, 6.0112042, 0.34634188] 2.8042035 1.175188 1.0335976 0.93353844
[3816, 0.44331303, 1.0524782, 5.185897, 0.3344614] 2.8952363 1.2056378 0.92106843 0.9948495
[3817, 0.47249165, 1.0403515, 5.021444, 0.4668449] 2.919215 1.1614897 0.91911 1.0021458
[3818, 0.41537106, 1.10989, 3.4781015, 0.9896328] 3.0481572 0.99343276 0.9839367 1.0621352
[3819, 0.4869436, 1.0314677, 4.4500337, 0.7949543] 2.8133 1.1855943 1.0363109 0.83921635
[3820, 0.60634744, 0.94372743, 5.1719933, 0.44862443] 2.8512075 1.043148 0.7979161 0.78076726
[3821, 0.49611694, 1.0295069, 5.6647024, 0.35497132] 2.6633172 0.9933374 0.9378816 0.96854365
[3822, 0.49309602, 1.028453, 6.8232627, 0.1779512] 2.751304 1.0934908 1.0904669 0.88855445
[3823, 0.4805569, 1.0428867, 4.9793863, 0.6387771] 2.7621105 1.1916323 0.9056282 1.0570623
[3824, 0.47954637, 1.0534688, 5.4673185, 0.31044903] 2.8349097 1.2500366 0.91303027 0.9186195
[3825, 0.50728464, 1.0219595, 4.430527, 0.65169585] 2.5814228 1.1033568 0.9532076 0.9149826
[3826, 0.5694522, 0.9546556, 5.723467, 0.08523884] 2.8389783 1.0856173 0.95307183 0.96081644
[3827, 0.5993568, 0.95291024, 5.051165, 0.35049108] 2.9318101 1.0713762 0.886805 0.82269967
[3828, 0.55545205, 0.9927427, 4.4905477, 0.5606809] 3.155375 1.2402029 0.8316448 0.6616158
[3829, 0.49207667, 1.0411832, 4.2490134, 0.45957273] 3.1991146 1.2704813 0.8675586 0.8067518
[3830, 0.48773193, 1.0404489, 5.1114173, 0.34139824] 2.889355 1.1104825 0.99983567 1.0300411
[3831, 0.5284456, 0.99963, 5.8667235, 0.6380557] 2.6976895 1.1348237 0.99143845 0.95872474
[3832, 0.5010378, 1.0230756, 6.0296745, 0.34089512] 2.739596 1.0741488 0.8882531 0.7857852
[3833, 0.5375788, 0.99821603, 6.0094113, 0.26065034] 3.1975992 1.2361486 0.85182863 0.6941585
[3834, 0.44975197, 1.0794271, 2.799662, 0.6252756] 3.1895106 0.94982105 0.8859404 1.1425157
[3835, 0.50432944, 1.0372308, 5.569081, 0.38969406] 2.677042 1.1409396 1.0621921 1.0335131
[3836, 0.50876296, 1.0387824, 4.371374, 0.32019225] 3.0711906 1.0047677 0.9018539 0.89835846
[3837, 0.43623585, 1.0521232, 5.870672, 0.36388913] 2.7854347 1.1252601 0.94972193 0.96171427
[3838, 0.5601737, 0.97595185, 5.2275133, 0.30866084] 2.9832213 1.054914 0.85214424 0.8999017
[3839, 0.5111147, 0.9935302, 7.5474706, 0.2405088] 2.6500335 1.0531026 1.0249578 0.9643072
[3840, 0.50049764, 1.0082376, 5.4928036, 0.3710626] 2.6701162 1.1985248 0.9562167 0.896765
[3841, 0.4990128, 1.0383118, 3.8104398, 0.7916957] 2.9852312 1.0949895 0.9549671 0.87871784
[3842, 0.49819958, 1.0073563, 6.57322, 0.40463945] 2.5362418 1.0902718 0.97564965 0.9441651
[3843, 0.40116358, 1.0746675, 4.2899466, 0.64154446] 3.0141513 1.1046373 0.8802441 0.9389787
[3844, 0.58825886, 0.9590049, 4.6500516, 0.8067118] 2.8853962 1.0504181 0.8596284 0.7948582
[3845, 0.38659942, 1.0708252, 5.377486, 0.4167935] 2.6245742 1.2188457 0.9819733 0.9919807
[3846, 0.52766377, 1.0159845, 3.610676, 0.7033628] 3.3111494 1.0334074 0.77847373 0.9650682
[3847, 0.49628863, 1.0195571, 6.7833614, 0.3328161] 2.8505974 1.2089338 0.93102497 0.9045728
[3848, 0.48803926, 1.045017, 3.0039933, 0.854961] 3.1258643 1.1505743 0.8802322 0.9975198
[3849, 0.5550956, 0.99728346, 4.463999, 0.4002966] 3.1044846 1.0843309 0.85754454 0.78339195
[3850, 0.510259, 1.0180683, 4.6450777, 0.48287332] 3.0807533 1.1328359 0.8897767 0.8377211
[3851, 0.5367158, 1.0133965, 5.1509905, 0.4458355] 3.0197203 1.0449324 0.97988904 0.8823909
[3852, 0.44105342, 1.0662881, 4.8721485, 0.72001445] 2.8756115 1.0731151 0.89876634 0.8551746
[3853, 0.51699483, 1.0282986, 5.9817, 0.3308214] 2.8108175 1.1510482 0.9501626 0.9819746
[3854, 0.53151196, 0.9934562, 5.6269703, 0.44887385] 2.8239362 1.1279397 0.9590119 0.86547023
[3855, 0.47963157, 1.0496554, 5.078978, 0.45820984] 3.0010383 1.0817748 0.912354 0.84154147
[3856, 0.5055436, 1.0138239, 4.219207, 0.68485355] 2.51366 1.2777027 0.8813927 0.9684162
[3857, 0.52118963, 1.0179044, 6.0323505, 0.8759578] 2.7272239 1.1292322 1.0215282 0.8599127
[3858, 0.5654655, 0.9625989, 6.244007, 0.35928154] 2.3610096 1.0897791 1.0817925 1.2090856
[3859, 0.5616133, 0.9569783, 7.7243586, 0.35148177] 2.4841309 1.062159 0.97347975 0.9283598
[3860, 0.48302054, 1.0258334, 5.6359344, 0.60232] 2.5449607 1.0704881 0.9563725 1.0049926
[3861, 0.49476779, 1.065499, 3.8555334, 0.9930075] 3.111864 1.189177 0.9894908 0.81902456
[3862, 0.5273401, 1.0429187, 4.382468, 0.82381546] 2.9770749 1.1380454 1.0362384 0.94307965
[3863, 0.39036575, 1.1018761, 5.417934, 0.3400113] 2.807482 1.2970825 0.8875378 0.851923
[3864, 0.45761374, 1.0702908, 4.1402216, 0.503947] 2.9336631 1.3951082 0.98923 1.0315793
[3865, 0.542118, 0.99647754, 6.666096, 0.2822323] 2.6886685 1.3178188 0.96766883 0.81881946
[3866, 0.55046827, 1.0007725, 4.43156, 0.5245362] 2.8330615 1.2752432 0.96236235 1.1894248
[3867, 0.44200924, 1.0476525, 6.611814, 0.2757042] 2.7455935 1.0125295 1.0458449 0.9509563
[3868, 0.51685065, 0.99570316, 6.380377, 0.19530018] 2.5985959 1.0917618 1.0451797 1.0694904
[3869, 0.65410185, 0.87227535, 6.6063824, 0.45758736] 2.311608 1.1569718 0.9147341 0.9025455
[3870, 0.43383473, 1.0806106, 4.302405, 0.6109539] 2.8107026 1.0674958 0.9536179 1.0130192
[3871, 0.51329094, 1.021448, 5.896686, 0.28524742] 2.7867825 1.242497 1.0115621 0.9947938
[3872, 0.4914686, 1.0524008, 5.584347, 0.31188476] 2.7051353 1.2282149 1.1072582 0.8923088
[3873, 0.41896364, 1.0846834, 2.9988549, 0.8977298] 3.2826297 1.0290548 0.8784881 0.89067054
[3874, 0.5236938, 1.040724, 5.515994, 0.9759887] 2.5816133 1.2298746 0.92711437 0.8060491
[3875, 0.4483496, 1.0738529, 4.830119, 0.47108817] 2.8237429 1.3290942 0.89092433 0.9811947
[3876, 0.51476854, 1.0313599, 4.957939, 0.50403804] 2.9526546 1.2509092 0.893071 0.9556082
[3877, 0.60574806, 0.9074386, 8.202375, 0.25233084] 2.4246695 1.0521234 1.0946038 0.9786454
[3878, 0.47131503, 1.0514504, 5.1833673, 0.4744027] 2.8901565 1.072784 0.8999377 1.0992358
[3879, 0.47793055, 1.0669447, 4.862004, 0.52829504] 2.8937435 1.2633326 0.90515584 0.97756606
[3880, 0.44455114, 1.0603381, 4.477984, 0.34659907] 2.9658222 1.1614766 0.9977463 0.820901
[3881, 0.42417812, 1.0752608, 4.6303935, 0.60778666] 2.8038793 1.2046187 1.0237375 0.90861785
[3882, 0.49635205, 1.0547754, 4.496176, 0.48483136] 2.962252 1.0954581 0.88381124 1.0577055
[3883, 0.4651803, 1.040467, 5.249942, 0.2867922] 2.8601246 1.0390707 1.0337113 0.8488712
[3884, 0.41104746, 1.0790737, 5.4753404, 0.27172583] 2.7587419 1.2168002 1.0834007 0.9515282
[3885, 0.43221542, 1.0679587, 5.0462036, 0.23772438] 2.9649084 1.1824913 0.98918056 0.8191721
[3886, 0.64846903, 0.8936133, 4.9706216, 0.43889895] 2.5236232 1.1884769 1.0299188 1.1041515
[3887, 0.49278724, 1.0362256, 5.299282, 0.49733543] 2.587546 1.1598699 0.9778877 1.1810914
[3888, 0.5402209, 1.004278, 4.33831, 0.40204495] 3.2871492 1.0426599 0.9035408 0.7673486
[3889, 0.45767677, 1.0389173, 5.698941, 0.23883964] 2.8592877 1.1062167 0.8795298 0.9762258
[3890, 0.44725946, 1.0787896, 4.8225427, 0.40001813] 2.9484248 1.0424685 1.0204506 1.0160437
[3891, 0.5405786, 0.9963272, 5.9411893, 0.44170406] 2.6139266 1.0847027 0.94140387 0.93251085
[3892, 0.48603332, 1.0283864, 6.390383, 0.22400314] 2.7285922 1.1298199 0.9135079 0.89071333
[3893, 0.4567909, 1.0385464, 5.5595765, 0.29856396] 2.9186833 0.9707795 1.0196626 0.79912776
[3894, 0.64405787, 0.8821542, 6.8863983, 0.24630333] 2.9813266 1.0224093 0.94178015 0.52349687
[3895, 0.6063969, 0.94266534, 5.302041, 0.5350057] 2.649977 1.2352061 0.9463762 0.8489819
[3896, 0.44532636, 1.0458363, 5.7719145, 0.5795891] 2.6278732 1.0900449 1.0689946 0.9902036
[3897, 0.5429903, 1.0033361, 6.0009727, 0.4209814] 2.555123 1.265938 0.9693082 0.9345636
[3898, 0.40634578, 1.0813857, 5.060411, 0.6168284] 2.7442894 1.0432891 1.0866133 0.99827015
[3899, 0.48584932, 1.0430071, 3.9446745, 0.5901368] 3.1330004 1.0321064 0.8413569 0.9679921
[3900, 0.5727419, 0.94929963, 5.9962564, 0.33314705] 2.6798234 1.2961679 0.7561827 0.8354429
[3901, 0.49407995, 1.0129913, 6.9954734, 0.2237505] 2.7551692 1.0961198 0.8158217 1.0581523
[3902, 0.5179425, 1.0142893, 6.1085377, 0.16899972] 2.9852123 1.1040168 0.89032286 0.9920555
[3903, 0.49442387, 1.0361998, 6.727209, 0.22558048] 2.798559 1.0768481 1.0069069 1.0187552
[3904, 0.73872745, 0.75992346, 7.3574657, 0.29168773] 2.3210645 0.9482063 1.0145804 0.9591706
[3905, 0.5103612, 1.0024204, 4.5294056, 0.48603174] 2.5027585 1.1632376 1.0138831 1.0885623
[3906, 0.5252339, 0.9909209, 5.088092, 0.23963682] 2.9747813 1.1121776 0.8178776 1.0259656
[3907, 0.5476968, 0.9855688, 5.146137, 0.5354642] 2.8129058 1.2031549 0.88462335 0.8775836
[3908, 0.42961216, 1.0726428, 3.1698072, 0.6903561] 3.1464713 1.0172726 0.9383361 1.1344464
[3909, 0.4862934, 1.0425503, 5.835436, 0.5408722] 2.8818588 1.0921792 1.0552063 1.0327764
[3910, 0.4692707, 1.0490023, 6.207796, 0.92252135] 2.6531138 1.040071 0.89721864 0.9623575
[3911, 0.46846575, 1.0343279, 6.8070164, 0.33843142] 2.3779323 1.3135499 1.07469 1.167521
[3912, 0.49591085, 1.0223725, 6.2494655, 0.27836642] 2.6864214 1.2251633 0.8256414 0.94450283
[3913, 0.49243823, 1.043616, 5.4530087, 0.28492534] 2.9609482 1.1766801 0.9435253 0.88194036
[3914, 0.49122185, 1.0373279, 7.0901637, 0.31614885] 2.6889896 1.2509798 0.95956343 0.8559767
[3915, 0.53736615, 0.9988151, 6.601776, 0.32840177] 2.9050517 1.1539955 1.0311136 0.76116395
[3916, 0.58496773, 0.9665295, 5.818378, 0.37054324] 2.945697 1.0903807 0.86880964 0.78978455
[3917, 0.63862884, 0.9171288, 4.890925, 0.5275792] 2.7746708 1.1790433 0.99223226 0.8894774
[3918, 0.5371699, 1.0148925, 3.4121408, 0.6157361] 3.161101 1.1158316 0.930594 0.8435561
[3919, 0.5072369, 1.0319524, 6.1425495, 0.30505744] 2.7820592 1.062431 0.94816095 1.0029062
[3920, 0.5027171, 1.0248785, 5.521749, 0.3951188] 2.8202193 1.0434172 0.907809 0.88575965
[3921, 0.5257316, 1.0150071, 5.5091844, 0.4681478] 2.4904401 1.2003937 1.0366732 1.1039743
[3922, 0.5839278, 0.95024693, 4.4884577, 0.47741324] 2.8122442 1.115602 1.012919 0.9094985
[3923, 0.5095694, 1.0071316, 5.031591, 0.33855408] 3.1305265 1.144757 0.862007 0.83154476
[3924, 0.49480194, 1.0212364, 6.1541405, 0.57391465] 2.5512729 1.0517215 0.81711775 1.0653405
[3925, 0.50053746, 1.024153, 5.1451015, 0.6336494] 2.7925954 1.1352204 0.99937016 0.89580023
[3926, 0.44620115, 1.0747843, 2.4346888, 0.95866174] 3.3739712 1.054992 0.9625164 0.9568533
[3927, 0.5404586, 0.9873168, 5.6399126, 0.454471] 2.9711783 0.9357776 0.99194443 0.82047206
[3928, 0.48706162, 1.0445011, 4.7076764, 0.79240525] 2.834018 1.2299888 0.76422715 0.99757856
[3929, 0.50137013, 1.0308547, 3.5328484, 0.4631365] 3.0367165 1.265815 0.9944944 0.8992411
[3930, 0.4695197, 1.0535494, 5.144552, 0.47432545] 3.0761342 1.1073458 0.88938874 0.8647352
[3931, 0.47995484, 1.0492358, 4.8109655, 0.930442] 2.6159086 1.165315 1.0237255 1.0427808
[3932, 0.46940407, 1.0294095, 4.538715, 0.8713315] 2.4599378 1.2452729 0.9989228 0.96411896
[3933, 0.32470956, 1.1322018, 4.2530284, 0.42706034] 3.0655286 1.1326579 0.9705655 0.9688164
[3934, 0.48418027, 1.0420228, 4.3945646, 0.6006386] 2.7780297 1.3286794 1.019722 0.96821624
[3935, 0.47186702, 1.0448658, 6.87388, 0.29957545] 2.547322 1.1754376 0.9778301 1.1228025
[3936, 0.49081224, 1.0164218, 5.3189883, 0.40594158] 2.3614798 1.1548828 1.006459 1.1170175
[3937, 0.36947086, 1.1152053, 4.5055337, 0.4505527] 2.6836026 1.2467958 1.0070523 0.92354935
[3938, 0.56792885, 0.97871387, 5.483731, 0.7173611] 2.698968 1.1383115 0.97939885 0.9911415
[3939, 0.5169565, 1.0297772, 5.306329, 0.6623771] 3.0050857 1.1670562 0.84557396 0.880742
[3940, 0.5412683, 1.0102189, 6.424345, 0.2738394] 2.4282548 1.3008834 1.0084181 1.1935391
[3941, 0.47354296, 1.0443872, 5.6066985, 0.6368328] 2.7971444 1.2250344 0.9453044 0.8576488
[3942, 0.56295305, 0.96505994, 5.5270777, 0.29218578] 2.7843 1.0566169 0.9160827 0.9107536
[3943, 0.51302403, 1.0136781, 6.1628394, 0.39302826] 2.6359653 1.0958304 1.0626689 0.936305
[3944, 0.48885468, 1.0294347, 5.9394236, 0.2626934] 2.9134223 1.0827283 0.94510925 0.82727486
[3945, 0.46796006, 1.0820451, 3.1658535, 0.72160584] 3.333448 1.0486057 1.0748273 0.8242612
[3946, 0.53887653, 1.0276499, 5.0722265, 0.5957782] 3.0087986 1.0469415 0.98195034 0.8057697
[3947, 0.65263945, 0.86414516, 5.1105475, 0.5721792] 2.5308697 1.1376967 1.0172458 0.79579157
[3948, 0.45647374, 1.0483164, 4.5201674, 0.6042727] 2.6106162 1.2336726 0.9303465 0.94173795
[3949, 0.48803473, 1.0380341, 4.542912, 0.6192423] 2.8271601 1.0161906 0.980525 0.978173
[3950, 0.5556435, 0.99850976, 5.649206, 0.34460706] 3.0845356 1.0198357 0.98388255 0.54277253
[3951, 0.48363632, 1.0518537, 5.6673594, 0.30529368] 2.7106457 1.0908427 0.9503033 1.0745848
[3952, 0.5441765, 0.9827684, 6.258117, 0.27377853] 2.7637484 1.024839 0.9458372 0.9497007
[3953, 0.47389454, 1.0698153, 5.036728, 0.38270122] 2.9371645 1.2172866 0.97680676 0.9113401
[3954, 0.49139163, 1.057986, 4.3958445, 0.9547688] 2.7497165 1.1157161 0.9964622 0.951763
[3955, 0.52362686, 1.0209819, 3.78747, 0.6289901] 3.1483319 1.1304017 0.75544125 0.85292023
[3956, 0.51918626, 1.0287032, 3.8256273, 0.66143245] 3.0401614 1.1914386 0.9646831 0.9856089
[3957, 0.5151308, 1.0198863, 4.807259, 0.69054645] 2.9709053 0.92814785 0.97356015 1.0095149
[3958, 0.4959371, 1.0271548, 6.314164, 0.15514505] 2.601421 1.2749325 1.110271 1.0491047
[3959, 0.41065425, 1.0657157, 4.349438, 0.5502646] 2.99033 1.1667365 0.97263944 0.91074926
[3960, 0.45878372, 1.0459813, 6.489097, 0.27766988] 2.6681821 1.1475083 1.0039731 1.0233061
[3961, 0.43000364, 1.0966945, 3.8158867, 0.97904855] 2.7840087 1.2655034 0.9613795 1.1120261
[3962, 0.5494371, 0.9764593, 5.036338, 0.7070362] 2.7434938 1.0605215 0.8930059 0.84377456
[3963, 0.5862239, 0.94762224, 5.6384363, 0.43809485] 2.4731262 1.1564918 0.9371116 0.862731
[3964, 0.5144261, 1.0083469, 5.731218, 0.62561065] 2.6993546 1.2220157 0.89329016 0.74388385
[3965, 0.44969004, 1.0536062, 4.6070547, 0.64048696] 2.7320933 1.1240143 1.0221387 0.891914
[3966, 0.490162, 1.0350494, 5.315817, 0.31030566] 2.7805047 1.213161 1.0546405 0.7630396
[3967, 0.47962376, 1.0429304, 5.8689194, 0.3805861] 2.8229008 1.1234964 0.8926941 1.0178531
[3968, 0.53204453, 1.0055765, 6.402358, 0.37162107] 2.6573706 1.1797491 0.851977 1.074813
[3969, 0.50347406, 1.0142475, 5.8469877, 0.31803933] 2.740865 1.1487185 0.9160296 1.0215602
[3970, 0.45387527, 1.0690461, 5.5977983, 0.44529852] 2.7396762 1.222407 0.81733596 1.1318902
[3971, 0.49870953, 1.0199848, 5.7900996, 0.46728706] 2.9146397 1.1443477 0.95198774 0.8521665
[3972, 0.46617624, 1.0224692, 4.066705, 0.5073011] 2.9201689 1.1830455 1.087107 0.86217666
[3973, 0.4898593, 1.053528, 6.3081465, 0.642952] 2.7365024 1.0837723 0.98885894 0.89052415
[3974, 0.5287685, 1.0013796, 5.3593354, 0.33870056] 3.007179 1.2394212 0.9438148 0.8266045
[3975, 0.52626705, 0.99916214, 6.4215617, 0.36859444] 2.5857868 0.99392307 0.95289826 1.050658
[3976, 0.48462307, 1.0470545, 5.2438574, 0.43462196] 2.9213028 1.052957 1.0142 0.86376345
[3977, 0.4666063, 1.040736, 5.884425, 0.4118426] 2.7975008 1.1359198 0.9391059 0.97060937
[3978, 0.5465649, 0.96596867, 6.7003098, 0.30780426] 2.5472496 1.0741454 1.0136764 0.92192376
[3979, 0.49130207, 1.043893, 3.617741, 0.63444495] 3.095352 1.192297 0.9218107 0.87686783
[3980, 0.5095293, 1.0182235, 6.5938644, 0.588255] 2.5049875 1.2829313 0.94152856 1.1505104
[3981, 0.44908345, 1.0727504, 3.961249, 0.62179697] 3.053487 1.2248522 0.8590408 0.8176401
[3982, 0.5520932, 0.99580556, 5.5942326, 0.46699646] 2.8762105 1.3337114 1.0109873 0.6616824
[3983, 0.4778673, 1.0515633, 5.419793, 0.57241005] 2.784969 0.9572194 0.9925812 1.0146801
[3984, 0.45476326, 1.0693307, 5.5340714, 0.57517046] 2.8365066 1.1241583 0.9264016 0.9145025
[3985, 0.6060377, 0.9128376, 5.5988464, 0.42711636] 2.5437875 1.0169519 0.9611828 0.9279129
[3986, 0.4895139, 1.0389276, 5.342315, 0.3077829] 2.8399396 0.94203675 0.880942 1.1303923
[3987, 0.4107243, 1.0863837, 5.1258926, 0.30376863] 3.1788363 1.1159179 0.8853329 0.75041974
[3988, 0.43241048, 1.0784277, 4.5044174, 0.67420816] 2.8083532 1.0802916 0.95729995 1.1552566
[3989, 0.52502763, 1.0144745, 5.3882785, 0.35793495] 2.577492 1.2236205 1.0218031 0.959795
[3990, 0.51755255, 1.0088036, 5.280223, 0.47279578] 2.854013 1.2278572 0.9473295 0.73384637
[3991, 0.6042238, 0.90483683, 7.162072, 0.31420276] 2.4737525 1.3036733 0.81692153 0.8114495
[3992, 0.44283676, 1.0799427, 5.1030383, 0.5867831] 2.8964407 1.3943416 0.89652836 0.8122277
[3993, 0.43782705, 1.0557702, 5.332247, 0.84997994] 2.6725051 1.1496472 0.85130894 1.0532203
[3994, 0.5630453, 0.9880516, 6.528561, 0.7849839] 2.621081 1.0026407 1.0551885 1.030139
[3995, 0.4319695, 1.0589628, 5.692087, 0.34557295] 2.9013858 0.9590471 0.9985618 0.96855134
[3996, 0.43618345, 1.0488535, 6.0256104, 0.40068159] 2.7124333 0.9527005 1.0327607 0.9536034
[3997, 0.7142934, 0.7915276, 5.9227476, 0.25108686] 2.4820514 1.1802073 0.9772576 0.79688954
[3998, 0.55481696, 0.99352163, 5.345323, 0.5835392] 2.831141 1.184421 0.9652824 0.9568118
[3999, 0.5638014, 0.9736818, 5.750637, 0.25997022] 2.812769 1.2492352 0.9140721 0.8166522
[4000, 0.4524808, 1.0538611, 6.274513, 0.2290105] 2.776202 1.2433746 1.0458914 0.9496859
[4001, 0.47100896, 1.0439625, 5.641532, 0.3553735] 2.8235931 1.0088583 1.0088699 0.9284396
[4002, 0.45364493, 1.0593711, 4.496537, 0.40038618] 2.9693122 1.1215605 0.84791845 0.94877964
[4003, 0.5067211, 1.0329546, 5.0392113, 0.836517] 2.582572 1.1399769 0.93781924 0.98885924
[4004, 0.41974035, 1.0768455, 5.4559994, 0.18046767] 2.8462281 1.0722846 1.031824 0.9230362
[4005, 0.45117092, 1.0795722, 5.001297, 0.71427286] 2.8597777 1.0670857 1.0720685 1.1071268
[4006, 0.55306834, 0.9994513, 4.8151083, 0.5727803] 2.8666844 1.114239 0.88898724 0.90943354
[4007, 0.44436696, 1.0768573, 5.087095, 0.37911206] 2.8924851 1.1472334 1.0998299 0.94958806
[4008, 0.5416905, 1.0024534, 5.969606, 0.40496358] 2.7638388 1.2433857 1.0548182 0.852624
[4009, 0.42142653, 1.0689353, 4.990765, 0.36997774] 2.9998863 1.0978004 0.92889214 0.91025853
[4010, 0.57353723, 0.95584637, 5.8436737, 0.5108612] 2.6581166 1.0033984 0.75533533 0.88134027
[4011, 0.4077924, 1.075907, 5.280257, 0.44771868] 2.8233483 1.1353816 0.9128438 0.9042135
[4012, 0.44336793, 1.0748905, 3.2594144, 0.88462967] 3.0805283 1.2466811 1.0252062 0.8982462
[4013, 0.5423524, 0.9992879, 6.6424227, 0.32242173] 2.8501391 1.0980316 0.82631284 0.84807104
[4014, 0.49798557, 1.0300276, 5.6573076, 0.34092104] 2.9114668 1.017764 0.9406121 1.0584686
[4015, 0.56174815, 1.0006468, 2.8941538, 0.76043457] 3.204551 1.2636455 0.99493426 0.781837
[4016, 0.5633778, 0.98973984, 5.8760185, 0.43140373] 2.8593225 1.3282119 0.9110085 0.79761463
[4017, 0.49135736, 1.0668122, 4.783389, 0.65812707] 2.9549875 1.195093 1.0176398 1.0406954
[4018, 0.47059318, 1.035685, 5.957995, 0.30110377] 2.6658301 1.217501 0.8630847 1.0376678
[4019, 0.5157045, 1.0254844, 5.4566092, 0.38946015] 2.6256642 1.2687461 1.0037793 1.0754063
[4020, 0.5696564, 0.9760711, 6.979184, 0.23535585] 2.8236854 1.1649537 0.89213413 0.9881335
[4021, 0.5340021, 1.0050732, 5.792742, 0.6025987] 2.643507 1.2390354 0.9181464 0.8878702
[4022, 0.5876104, 0.95021874, 5.4156146, 0.3956024] 2.5281901 1.0348315 0.99632436 0.9654542
[4023, 0.4903347, 1.0582728, 2.8521206, 0.7902449] 3.2706516 0.99201316 0.8682902 1.2352594
[4024, 0.5114699, 1.030705, 4.299642, 0.5938976] 3.0933788 1.086302 0.86408764 1.0262357
[4025, 0.3863984, 1.0880959, 5.1867304, 0.47732335] 2.6674755 1.1298779 0.8944306 0.92670834
[4026, 0.4907489, 1.0418705, 6.2318325, 0.27097592] 2.7532604 1.1636848 1.0256569 1.0468707
[4027, 0.50681734, 1.0325474, 5.1861415, 0.5040325] 2.93203 0.9879794 1.0526706 0.83912146
[4028, 0.45256135, 1.0602628, 5.7156982, 0.3746506] 2.997099 1.0307668 0.97682655 0.9816292
[4029, 0.45539543, 1.0509921, 4.910405, 0.5735292] 2.8348904 1.19508 0.9120147 0.7928238
[4030, 0.4843946, 1.0245281, 6.0286136, 0.27134585] 2.73045 1.1402425 1.0634804 0.8957645
[4031, 0.47675085, 1.0505226, 5.556388, 0.67557985] 2.730363 1.157534 1.0412319 0.98135835
[4032, 0.44237894, 1.0875024, 3.6503844, 0.9253656] 2.7304068 1.2459325 1.1155767 1.0161166
[4033, 0.5327707, 1.0074723, 6.1416206, 0.5057934] 2.6266353 1.1298048 1.0753883 0.90162396
[4034, 0.5512231, 0.95556104, 4.4236827, 0.9367599] 2.457761 1.0915306 0.92059845 1.0843817
[4035, 0.61003405, 0.91753846, 4.341013, 0.8645528] 2.4459755 1.1900939 1.012586 0.83164716
[4036, 0.48977488, 1.0145334, 5.9553165, 0.40299606] 2.6994476 1.170648 1.0949693 0.9468165
[4037, 0.5236494, 0.9842, 4.658264, 0.45352668] 2.4347386 1.1864398 1.1283537 0.9531732
[4038, 0.5040355, 1.0568526, 5.2994785, 0.86657137] 2.8502066 1.1654713 0.88642514 0.8626118
[4039, 0.42360565, 1.0460155, 6.227387, 0.6195887] 2.60135 1.1274374 0.9380521 1.014725
[4040, 0.50408345, 1.010111, 5.614976, 0.44773304] 2.6743326 1.1720531 0.8875236 0.89303577
[4041, 0.5495455, 0.9930973, 6.788315, 0.30975887] 2.5292916 1.2386091 1.0262878 1.0169456
[4042, 0.5156249, 1.013181, 6.388339, 0.37248388] 2.81485 1.0351713 0.98401725 1.0617261
[4043, 0.515302, 1.0421991, 6.144852, 0.4810046] 2.5921578 1.0557483 0.91255444 1.2777632
[4044, 0.4516865, 1.0498878, 5.537932, 0.33706138] 2.7344115 1.0682046 1.0316011 1.0258981
[4045, 0.52656984, 1.0002277, 4.5892878, 0.5061545] 2.987458 1.1910076 1.0477037 0.9648797
[4046, 0.52504843, 1.0381234, 4.2636924, 0.59017795] 2.9249825 1.0422336 0.9052978 0.9326656
[4047, 0.49818987, 1.0386024, 4.4437704, 0.40538925] 2.5966346 1.3832883 1.0875064 1.0227046
[4048, 0.5627543, 0.9792481, 5.808467, 0.59091014] 2.8181968 0.97323245 0.906853 0.9113605
[4049, 0.52803695, 1.005611, 4.147064, 0.79992086] 2.6092026 1.2291656 0.9698257 0.8418636
[4050, 0.48168626, 1.0558879, 5.7763453, 0.42551553] 2.6355312 1.1708859 1.1160408 1.046282
[4051, 0.50724244, 1.0350794, 4.849429, 0.41316548] 2.9342 1.2090282 0.8186921 1.0512527
[4052, 0.48734808, 1.0379785, 4.9047866, 0.32041794] 2.9451406 1.1338211 0.84178144 1.0285962
[4053, 0.51381475, 1.0353765, 4.6759343, 0.5952564] 3.0796762 1.1602166 1.0192211 0.76799476
[4054, 0.500977, 1.0356247, 4.1922846, 0.82734203] 2.9778433 1.0914501 0.91301125 0.93212235
[4055, 0.60554355, 0.93870354, 5.661487, 0.4858408] 2.4199173 1.1320063 1.1009233 0.9453088
[4056, 0.536741, 1.0205579, 2.9717894, 0.6400974] 3.3327549 1.128912 0.9029711 0.81029284
[4057, 0.5028031, 1.036899, 3.2214274, 0.57156205] 3.3022234 1.0120862 0.93995535 0.9230982
[4058, 0.486968, 1.0243888, 4.4731774, 0.4314181] 2.9982932 1.1116157 0.9356968 0.7865981
[4059, 0.5018018, 1.0126008, 5.874793, 0.3094649] 2.4483414 1.1592226 1.0172621 0.92200315
[4060, 0.46977246, 1.0482539, 3.517975, 0.6041776] 3.24223 1.0603895 0.9521788 0.776056
[4061, 0.41838175, 1.1009966, 5.60271, 0.43459654] 2.806697 1.0286715 1.0353673 1.0224836
[4062, 0.5585141, 0.96303445, 6.5770626, 0.3071272] 2.4619493 1.1791662 1.076356 1.0780818
[4063, 0.40471977, 1.0746346, 5.348595, 0.37102866] 2.9232712 0.9843853 0.9271118 0.9614203
[4064, 0.6281539, 0.9337399, 3.6254828, 0.69552714] 3.2129679 1.0982021 0.8342413 0.8001537
[4065, 0.48591974, 1.0229006, 5.859783, 0.3088194] 2.8157709 1.1261238 0.9638458 0.7986078
[4066, 0.49152532, 1.0284524, 5.790955, 0.76859367] 2.609292 1.1462041 0.94760764 0.98693097
[4067, 0.46787614, 1.0426182, 5.788176, 0.4310816] 2.5355282 1.3698815 1.1494983 0.9660013
[4068, 0.42888722, 1.0703784, 5.053401, 0.35312134] 2.7437027 1.2019417 1.0101787 0.93533075
[4069, 0.51857954, 1.0040886, 7.548783, 0.18847238] 2.6698523 1.2082131 0.9093627 1.0758291
[4070, 0.4980646, 1.0269203, 5.089129, 0.27847004] 3.1073873 1.2338529 0.75666225 0.9135974
[4071, 0.40373012, 1.1771293, 2.313935, 0.84273213] 3.4559407 1.2359627 0.9311393 0.8866277
[4072, 0.33943102, 1.1226878, 5.021535, 0.679955] 2.9062312 0.89976764 1.0039165 0.9208459
[4073, 0.5057127, 1.0504253, 4.7153373, 0.4256416] 2.991133 1.1320704 0.8336124 0.8854376
[4074, 0.5572788, 0.99442303, 4.5486336, 0.49188232] 2.800218 1.178218 1.1196879 0.96058327
[4075, 0.5805006, 0.9432234, 4.903869, 0.685396] 2.3695464 1.3666115 1.0304415 0.81846076
[4076, 0.62571096, 0.9264719, 4.83938, 0.36454356] 2.9180913 1.198659 0.8636972 1.0007225
[4077, 0.49753433, 1.0375792, 5.5252404, 0.6262466] 2.5305429 1.215475 1.0014488 0.9581914
[4078, 0.48080856, 1.0489134, 5.252242, 0.40130463] 2.8108625 1.1682063 0.9438521 1.0288283
[4079, 0.41855693, 1.075586, 5.315866, 0.40899363] 2.9136524 0.993182 0.88247067 1.0319737
[4080, 0.49217433, 1.0100164, 6.867285, 0.37191015] 2.5208225 1.0714964 0.9308533 0.99722034
[4081, 0.48407707, 1.0603797, 3.5920537, 0.72026926] 3.2702725 1.1169573 0.9255864 0.7842019
[4082, 0.50253665, 1.0217243, 5.4749565, 0.5172695] 2.7503412 1.2118466 0.8801827 0.8864386
[4083, 0.65086854, 0.87214124, 7.0533295, 0.18681905] 2.445779 1.209837 1.0193061 1.0322238
[4084, 0.5210792, 1.007622, 6.561234, 0.36631578] 2.7751756 0.9787474 0.93950665 1.1209663
[4085, 0.52448684, 1.0064988, 5.0227714, 0.3770479] 2.9245102 1.0324174 0.9014238 0.9333136
[4086, 0.6246256, 0.9387687, 5.456405, 0.40768498] 2.6770914 1.0535182 1.0220039 1.0023186
[4087, 0.50452536, 1.0395495, 4.4371433, 0.5160389] 2.9238665 1.1663954 1.1155919 0.95383954
[4088, 0.49043444, 1.0611669, 3.8264701, 0.6240004] 3.1191819 1.117515 0.86568606 0.87616855
[4089, 0.51428056, 1.0087354, 4.4806757, 0.2878761] 3.122973 1.238292 0.89935035 0.87191325
[4090, 0.47816294, 1.0591463, 4.602063, 0.6080915] 2.9451628 1.3762237 0.94498825 0.90823704
[4091, 0.46777806, 1.0825527, 5.9339075, 0.7984865] 2.936888 1.0723134 0.91311514 0.95679075
[4092, 0.5487547, 0.9775351, 5.102747, 0.5304608] 2.5477216 1.1194288 0.99844664 1.1332276
[4093, 0.4646717, 1.0615469, 4.7808614, 0.7007312] 2.77178 1.1890215 1.0622498 1.0065836
[4094, 0.5093856, 1.0233753, 6.244511, 0.28326666] 2.9069161 0.9928821 0.9643693 0.9069278
[4095, 0.50352156, 0.99129087, 5.3386545, 0.11388208] 2.827063 1.1637504 0.85189503 0.9010567
[4096, 0.6361275, 0.9191431, 6.3778906, 0.39763233] 2.610227 1.2370881 1.0391638 0.68305904
[4097, 0.4144405, 1.0774086, 5.3758893, 0.35917684] 2.7787535 1.0573442 0.91094416 0.89264953
[4098, 0.45622164, 1.0860057, 3.4989219, 0.780075] 3.1383624 1.2539403 1.0230644 0.93176657
[4099, 0.50981593, 1.0195819, 7.0010705, 0.17407376] 2.706004 1.1615021 1.0173062 0.90177613
[4100, 0.67087555, 0.8726906, 6.5167403, 0.21068169] 2.8013911 1.20593 1.0000191 0.6744069
[4101, 0.55397034, 0.97235125, 7.0865984, 0.28033185] 2.6578987 1.1117747 0.95708066 0.86724234
[4102, 0.46940878, 1.0335927, 6.424641, 0.35437363] 2.6412146 1.2932656 0.96109885 0.8737795
[4103, 0.5242195, 0.99706614, 6.042948, 0.30348083] 2.5565019 1.1822271 1.0716919 1.1297255
[4104, 0.55126065, 1.0086383, 4.067036, 0.5330774] 3.145661 1.0414182 0.7975754 1.012265
[4105, 0.52116466, 1.0014303, 3.9770105, 0.58833176] 2.977035 1.0596226 1.0377078 0.86468273
[4106, 0.46833774, 1.0512868, 6.1111264, 0.3171878] 2.9716783 1.0297492 0.98924625 0.961974
[4107, 0.5566222, 0.97749853, 5.086238, 0.5781999] 2.815542 1.1790652 0.8088287 0.7003646
[4108, 0.44473973, 1.0677773, 5.170598, 0.43775928] 2.7579587 1.3103446 0.9083229 0.9122169
[4109, 0.38458267, 1.1104856, 4.0285296, 0.80641544] 3.0426748 1.1709685 0.85150695 0.8783622
[4110, 0.4611607, 1.051519, 6.745289, 0.22916423] 2.8437095 1.2392666 0.8906697 0.9342781
[4111, 0.46563762, 1.0771806, 5.1323237, 0.2929421] 2.8437488 1.3399303 1.0003494 0.93693244
[4112, 0.47080147, 1.0502193, 5.618134, 0.5053718] 2.9915473 1.1025313 0.8543019 0.72900474
[4113, 0.49662045, 1.0236678, 5.305839, 0.32513446] 2.9159558 1.0125132 1.0080682 0.729092
[4114, 0.5900431, 0.92947954, 5.9590006, 0.31669942] 2.6914737 0.8838008 0.82565385 0.9374397
[4115, 0.45728084, 1.0509053, 6.782268, 0.31945348] 2.636292 1.0744724 0.9782769 1.0497258
[4116, 0.5233859, 0.9963989, 5.1796074, 0.37004307] 2.8505988 1.3106575 1.0064973 0.8819259
[4117, 0.50964874, 0.98363644, 6.625328, 0.27324584] 2.4711425 1.1183356 1.0004058 0.8903163
[4118, 0.45782724, 1.0477797, 6.1738443, 0.37046987] 2.6870613 1.1391008 0.8884091 0.9431814
[4119, 0.5023495, 1.0295038, 4.9872375, 0.51090777] 2.9772482 1.1265124 1.0051152 0.87586826
[4120, 0.40788642, 1.0910982, 4.822623, 0.6841604] 2.965234 1.0664198 0.9260467 0.87690794
[4121, 0.48769855, 1.048048, 4.202252, 0.55152327] 2.9818425 1.2138861 0.8645991 0.89739513
[4122, 0.43558377, 1.0619293, 5.424263, 0.35004544] 2.8494353 1.2639414 0.9954496 0.962744
[4123, 0.42594075, 1.0854852, 3.7595026, 0.7797034] 2.7322226 1.1977127 0.94776815 0.9891214
[4124, 0.54394335, 1.0098201, 5.0546665, 0.6940342] 3.1409795 1.0286162 0.8826812 0.85862535
[4125, 0.547725, 1.0006399, 5.3382454, 0.49990243] 3.1254034 1.0126826 0.890715 0.72316456
[4126, 0.41808587, 1.085738, 5.7429447, 0.49359697] 2.7925587 1.2034976 0.94425917 0.92715985
[4127, 0.45181423, 1.074706, 4.5249195, 0.5035047] 2.7036052 1.1167656 1.0246154 1.0638847
[4128, 0.46787143, 1.0421782, 5.181601, 0.30477762] 2.71589 1.0331074 0.9367159 1.1437113
[4129, 0.53153086, 0.9924885, 6.6432986, 0.31560245] 2.6256132 1.009937 0.9997391 1.0772707
[4130, 0.50144386, 1.0216994, 4.816436, 0.57449174] 2.726522 1.1730703 0.8970591 0.98148984
[4131, 0.4545146, 1.0656738, 3.533081, 0.8613464] 3.19786 0.9862711 1.0820768 0.8482445
[4132, 0.5065363, 1.0187812, 6.5959654, 0.3118315] 2.7292526 1.0935111 0.9236944 0.8832651
[4133, 0.45338964, 1.0683327, 5.879267, 0.46788296] 2.6040366 1.3113991 1.0224812 1.1418201
[4134, 0.4043417, 1.084876, 3.6131558, 0.72320306] 3.1481125 1.0823687 1.0715921 0.9310229
[4135, 0.5938488, 0.94420797, 5.685744, 0.42085132] 2.5119054 1.0498596 0.9434156 0.9689872
[4136, 0.5664675, 0.95251083, 6.523123, 0.31476098] 2.5019755 1.0490884 1.0352701 0.9056934
[4137, 0.35634807, 1.082682, 6.8264256, 0.3114123] 2.5848904 1.1566772 0.95717406 1.0741559
[4138, 0.5894517, 0.9322148, 6.4520307, 0.38265556] 2.6879992 1.1789699 0.900901 0.88255125
[4139, 0.55070156, 1.0114926, 4.424425, 0.74361366] 3.029951 1.1424536 0.98324037 0.8490483
[4140, 0.5268851, 1.0344367, 3.7468388, 0.6437927] 3.1029592 1.0868193 0.8582494 0.9443082
[4141, 0.5505924, 0.97416496, 5.8246093, 0.47111285] 2.4704857 1.1587837 0.98819155 1.041258
[4142, 0.4806632, 1.020972, 5.8006964, 0.3787031] 2.7757277 1.1870155 0.89712626 1.0818123
[4143, 0.569206, 0.98096126, 5.2989345, 0.5006917] 2.4731145 1.2451388 0.9078564 1.2145754
[4144, 0.49934748, 1.0471197, 6.8609114, 0.53793097] 2.599925 1.2686098 0.9314513 0.94662315
[4145, 0.43661782, 1.0754614, 3.0216472, 0.7252052] 3.201212 1.1513599 0.92826366 1.0478046
[4146, 0.5821294, 0.9409892, 6.336761, 0.25444362] 2.5486262 1.0113318 0.8805381 1.1377448
[4147, 0.48526102, 1.0507796, 4.5710983, 0.484656] 3.02431 1.1072016 0.9147522 0.8788044
[4148, 0.37017715, 1.1046101, 6.1335306, 0.28886965] 2.7456977 1.2455132 0.9009768 0.858488
[4149, 0.6048698, 0.9284502, 4.936228, 0.25677022] 2.9222233 1.090985 1.0857149 0.9090191
[4150, 0.45595565, 1.0581933, 4.804448, 0.55973214] 2.894799 1.0403543 0.9677794 1.0970615
[4151, 0.5286724, 0.99210244, 6.7405424, 0.4336923] 2.2209563 1.220643 1.1097167 1.1356338
[4152, 0.49225184, 1.0437266, 6.0715036, 0.48393643] 2.5442028 1.3361946 0.9481778 0.92544526
[4153, 0.31880328, 1.1447507, 3.6309094, 0.6573013] 3.1638265 0.9933596 0.95855635 0.9816635
[4154, 0.47640827, 1.0212483, 6.6620207, 0.22559696] 2.537865 1.0320787 0.94901097 1.1358228
[4155, 0.5740365, 0.96230567, 4.921823, 0.39687955] 2.859564 1.1614168 0.95900095 0.9418773
[4156, 0.51838976, 1.0204774, 4.418608, 0.59930646] 2.9445906 1.0931113 0.85486895 0.9646618
[4157, 0.4882176, 1.04331, 3.7780182, 0.49562097] 2.9925222 1.1130215 0.85587984 1.0671177
[4158, 0.50826705, 1.0094908, 5.1071534, 0.5977646] 2.8257146 1.1943096 0.82778454 0.90008384
[4159, 0.43775326, 1.0522773, 3.988472, 0.3651191] 2.9964042 0.9906022 0.94531685 1.0053736
[4160, 0.5888692, 0.93721086, 5.0826035, 0.6142378] 2.6285195 1.091906 0.94499785 0.83802897
[4161, 0.35897994, 1.0954064, 5.2071247, 0.29411998] 2.7686498 1.0494428 1.0698991 0.92773193
[4162, 0.43548745, 1.0969515, 6.550469, 0.43254235] 2.7213275 1.2438114 0.9364772 1.033473
[4163, 0.44406992, 1.04733, 5.0543737, 0.52957106] 3.0862482 1.0821065 0.902702 0.8065502
[4164, 0.47609794, 1.0618602, 5.510226, 0.3752553] 2.8969808 1.1561248 0.9825603 0.8683338
[4165, 0.5696787, 0.9404191, 6.1246243, 0.3320374] 2.5036037 1.0960191 0.94697887 0.9402993
[4166, 0.59408206, 0.9548089, 6.156024, 0.38964024] 2.721861 1.0990826 0.9157369 0.90877813
[4167, 0.46178803, 1.0642036, 4.2653313, 0.5052381] 3.0970767 1.0309213 0.91981304 0.88389003
[4168, 0.4952391, 1.0063884, 4.2390037, 0.50701916] 2.7860854 1.1846173 0.8798593 0.9589515
[4169, 0.39061397, 1.1091812, 5.410353, 0.5221671] 2.958492 1.2242757 0.92936444 0.9368972
[4170, 0.5511054, 1.006587, 4.0779963, 0.89542866] 3.1397307 1.1089115 0.89535576 0.7995398
[4171, 0.51273954, 1.0298444, 2.7462938, 0.9138288] 3.3383765 1.1284901 0.8188194 0.8977356
[4172, 0.52668583, 1.0028566, 4.650316, 0.60490453] 2.3750904 1.2605363 0.92863685 0.98678076
[4173, 0.5361353, 0.99433327, 4.2445197, 0.4494114] 2.9570153 1.0136298 0.8972689 0.94677764
[4174, 0.46574143, 1.0603851, 5.476071, 0.8683327] 2.7724912 1.170118 0.9741761 1.0871387
[4175, 0.47987896, 1.03588, 5.281318, 0.5525948] 2.9541364 1.1329153 0.85313123 0.7834799
[4176, 0.4947669, 1.0090632, 6.223103, 0.54740775] 2.3706245 1.1701436 1.0514538 1.0275201
[4177, 0.5349094, 0.9969839, 6.3505125, 0.25497127] 2.5395315 1.2886662 0.8051148 0.9553631
[4178, 0.5124753, 1.0199746, 6.3773036, 0.2556697] 2.950056 0.91429555 0.99982864 0.8953233
[4179, 0.37677324, 1.1192232, 3.7008705, 0.54726255] 3.101167 1.1271435 0.88749206 1.1821457
[4180, 0.5140296, 1.01892, 6.541002, 0.24175552] 2.7615104 1.2303203 1.0131174 1.0259794
[4181, 0.45732942, 1.0574735, 3.6768858, 0.84859926] 3.110278 1.1173763 0.89981306 1.0316045
[4182, 0.49076238, 1.0304191, 5.9349747, 0.31872255] 2.7309725 1.0447099 1.0122334 0.8988458
[4183, 0.40685853, 1.096298, 6.0406203, 0.77780986] 2.8102074 1.0774245 0.9647915 0.8544552
[4184, 0.4646082, 1.023469, 6.2412853, 0.23423125] 2.857739 1.165193 0.8832228 0.9613743
[4185, 0.53331864, 1.0214622, 4.763224, 0.43273342] 3.0680628 1.066827 0.9765212 0.9864234
[4186, 0.5630602, 0.9874894, 5.434257, 0.5745648] 2.561584 1.2580491 0.8931769 1.0279943
[4187, 0.46132874, 1.0296189, 6.039246, 0.5076256] 2.614953 1.0805235 1.0093983 1.0068449
[4188, 0.5032188, 1.0267109, 4.415611, 0.9016213] 2.6065106 1.197747 1.0152514 1.1605407
[4189, 0.36613646, 1.0961405, 5.6658034, 0.61713743] 2.6404176 1.1012177 0.9992434 1.0728166
[4190, 0.53397083, 1.0076972, 5.3172584, 0.53111124] 2.917245 1.0456276 1.0041445 0.81697714
[4191, 0.32094863, 1.1150489, 6.353691, 0.32245675] 2.7362165 1.2037705 1.0285873 0.8928349
[4192, 0.50860035, 1.0105191, 6.1211567, 0.35418275] 2.6430857 0.95750725 1.0142392 1.1270311
[4193, 0.44743183, 1.0544757, 5.6019125, 0.3343051] 2.8367922 1.0728356 1.0363045 0.9535328
[4194, 0.5579206, 0.9674527, 3.8767962, 0.6762845] 3.110218 0.962674 1.1050143 0.9391379
[4195, 0.49265927, 1.0274405, 6.2687135, 0.49632132] 2.4245565 1.246365 1.0143727 1.0038124
[4196, 0.4153647, 1.0625072, 5.394574, 0.3945745] 2.7296724 1.0605023 0.9628534 1.0757123
[4197, 0.58258945, 0.9482887, 6.1787157, 0.45566645] 2.6980355 1.0606353 1.0171995 0.9947887
[4198, 0.4225047, 1.0862997, 5.2215343, 0.4553982] 3.0597632 1.0678159 0.886967 0.8825015
[4199, 0.5088777, 1.0242772, 5.9307866, 0.48580217] 2.653734 1.2467078 0.98977965 0.67586577
[4200, 0.4502748, 1.0629841, 6.380251, 0.43581107] 2.87503 1.1674546 0.9098643 0.8861138
[4201, 0.52519554, 0.98568535, 6.029883, 0.30421832] 2.4601405 1.0911359 1.1147958 1.08508
[4202, 0.47635663, 1.052124, 4.530364, 0.49242613] 2.8840342 1.1672825 1.007942 1.1251819
[4203, 0.46933764, 1.0818037, 2.5100274, 0.66541964] 3.4205716 1.1427035 0.8258646 0.85059196
[4204, 0.51126695, 1.0142281, 5.355529, 0.39217272] 2.8319578 1.1062754 0.9582401 1.0986726
[4205, 0.5090271, 1.0102426, 4.8776183, 0.4368789] 2.795097 1.3110348 0.9495805 0.97168607
[4206, 0.4669826, 1.0534896, 4.9577975, 0.3726704] 2.9390323 1.1184741 1.0941377 0.8675083
[4207, 0.57087666, 0.9790183, 4.387804, 0.47846454] 2.9265149 1.0033368 0.8759966 0.9577766
[4208, 0.49190164, 1.0275753, 3.819645, 0.82148856] 2.9056354 1.1786922 0.8278197 0.95463985
[4209, 0.52622515, 0.99195087, 7.1838355, 0.41273615] 2.5565805 1.1701868 1.0174329 0.87403727
[4210, 0.48035505, 1.0518173, 6.2729015, 0.21332929] 2.8314595 1.221984 1.0104542 0.8575378
[4211, 0.54405636, 1.0000101, 6.9404883, 0.28421998] 2.5730777 1.2941297 1.1343755 0.8889413
[4212, 0.45932862, 1.0276798, 6.7257786, 0.27849725] 2.2477672 1.2066348 1.0096105 1.1331191
[4213, 0.428983, 1.0673012, 5.0725513, 0.27947006] 2.8346844 1.2735152 1.0076168 0.8139359
[4214, 0.5033425, 1.0248319, 3.6202896, 0.74001485] 3.1063726 0.93737745 1.0255105 0.96080565
[4215, 0.44412887, 1.0548062, 4.700174, 0.5030982] 2.918378 1.4020481 0.8461537 0.8993848
[4216, 0.47672462, 1.0496577, 4.341263, 0.3814836] 2.9774153 1.0144496 1.012188 1.0653856
[4217, 0.57143074, 0.9699321, 5.599022, 0.75072813] 2.670921 1.217975 0.91014796 0.90120506
[4218, 0.50585, 1.036239, 6.502786, 0.33994403] 2.5241401 1.3428416 1.0705293 0.95738566
[4219, 0.4762248, 1.0515149, 4.6834545, 0.41503254] 2.9928632 1.1360843 0.9244736 0.84548676
[4220, 0.4392786, 1.0570467, 6.9875364, 0.1728287] 2.5027173 1.2009087 1.1585329 1.1243716
[4221, 0.54393804, 0.9899927, 6.376355, 0.274996] 2.8410923 1.1405479 0.9268728 0.7957401
[4222, 0.5190042, 0.9954786, 5.8825054, 0.4032818] 2.398964 1.1029124 0.9203357 1.024978
[4223, 0.4630062, 1.0604192, 6.659637, 0.547742] 2.7354941 1.1419574 0.8846169 0.91654617
[4224, 0.5520306, 0.98540395, 6.039093, 0.31768146] 2.8183851 1.1179986 0.66892 1.0779083
[4225, 0.4303161, 1.0722952, 5.1910796, 0.49564168] 2.9201832 0.9667819 0.90862477 1.0932285
[4226, 0.55375314, 0.98395395, 5.2668247, 0.32781118] 2.7941787 1.1140882 0.9096921 0.9406876
[4227, 0.5733043, 0.9537368, 6.1182704, 0.23180804] 3.0078197 1.2994006 0.8802103 0.67601395
[4228, 0.46599063, 1.0633756, 5.4764023, 0.37667915] 2.8524826 1.0600162 0.92383325 0.9789444
[4229, 0.5311972, 1.0105865, 4.280946, 0.6383562] 3.2312553 1.0680752 0.93697965 0.78820807
[4230, 0.46968782, 1.043778, 4.5884237, 0.5744782] 2.903717 1.1754817 0.98695344 1.0909898
[4231, 0.5210815, 1.015656, 5.6835756, 0.34995097] 2.748112 1.355233 0.97077817 0.8746352
[4232, 0.52202404, 0.99371463, 6.181501, 0.31669405] 2.5946434 1.1555871 0.9241736 1.0508647
[4233, 0.50519425, 1.0021793, 5.0335684, 0.45953536] 2.7545094 1.1291381 0.9981529 0.86231333
[4234, 0.58810973, 0.94907886, 6.1794777, 0.25366047] 2.9467063 1.1158853 0.87858355 0.8082539
[4235, 0.49145883, 1.0414145, 4.8482666, 0.48109198] 2.8961694 1.1744257 0.9749618 0.71628624
[4236, 0.5160778, 1.0197666, 5.687607, 0.3547408] 2.8186526 1.1455916 1.0027056 0.6886061
[4237, 0.4813384, 1.0294642, 6.277673, 0.23603159] 2.8444073 1.1298217 0.8939863 1.0104884
[4238, 0.56727135, 0.9272743, 5.729598, 0.5135703] 2.4706771 1.1471046 0.9347512 0.8649344
[4239, 0.4507939, 1.0661901, 5.952472, 0.3557231] 2.6403558 1.1780739 1.0469425 0.995109
[4240, 0.45766106, 1.0580953, 6.5275865, 0.23905008] 2.6514194 1.0727485 1.1486189 1.044206
[4241, 0.44696704, 1.0648052, 5.4843254, 0.49499887] 2.7506855 1.2427467 0.99102575 0.9903339
[4242, 0.41988397, 1.0665398, 5.664634, 0.42910752] 2.7267382 1.1484839 0.91685414 1.1012715
[4243, 0.5847722, 0.9483054, 7.117644, 0.3761426] 2.859933 1.0705653 0.89524376 0.6390723
[4244, 0.5586712, 0.9777678, 6.1642385, 0.6570301] 2.5815015 1.1666433 0.83350396 0.95560426
[4245, 0.55939186, 0.95839924, 4.8996406, 0.90425974] 2.388287 1.306257 1.0294679 0.8962037
[4246, 0.48165366, 1.0304372, 4.232531, 0.46994674] 2.9208791 1.1901332 0.9888614 0.96440965
[4247, 0.50860244, 1.0327364, 5.3320723, 0.57345897] 2.7357085 1.1307051 0.98636085 0.9537291
[4248, 0.485417, 1.0204643, 5.677766, 0.3712336] 2.7383516 1.0143751 1.1001564 1.0293736
[4249, 0.46045616, 1.0730131, 5.159384, 0.35671416] 3.0400975 1.1070665 0.9859697 0.7975017
[4250, 0.5062746, 1.0288146, 5.395429, 0.27795172] 2.8557906 1.1611986 0.93547946 1.1822984
[4251, 0.51619345, 1.0143304, 5.7345967, 0.3438736] 2.691862 1.3558042 0.91960526 0.750919
[4252, 0.53133863, 0.9905748, 6.5652356, 0.1927465] 2.7577848 1.1099157 0.9602082 0.81417274
[4253, 0.5222469, 1.0146822, 5.7132683, 0.40171528] 2.918572 1.1556332 1.058037 0.6661627
[4254, 0.512424, 1.0167913, 4.7641444, 0.54769284] 2.8305724 1.1312771 0.83266956 0.9175933
[4255, 0.60698205, 0.9463718, 5.0322757, 0.54831535] 2.454782 1.1974267 1.0910097 1.0875019
[4256, 0.4841562, 1.0325364, 4.5459027, 0.51880544] 2.875335 1.1299138 0.997246 0.90530777
[4257, 0.5420113, 0.9799871, 4.808647, 0.42278263] 2.387677 1.1412925 1.0408077 1.0334617
[4258, 0.44261336, 1.069038, 5.069102, 0.6966826] 2.9108636 1.0320069 0.8902581 1.0372554
[4259, 0.50512105, 1.0321364, 3.4634306, 0.9162876] 3.2524633 1.1726567 0.962396 0.8552821
[4260, 0.59819645, 0.94481885, 5.883945, 0.3279887] 2.5900414 1.2204262 0.8842111 0.8580069
[4261, 0.5670604, 0.9538113, 5.1875434, 0.6418744] 2.314168 1.2956367 0.8218032 1.0745128
[4262, 0.6430987, 0.9091926, 5.4878616, 0.3891055] 2.862503 1.0656822 0.9268592 0.96541005
[4263, 0.5009079, 1.0144522, 6.3539743, 0.24567597] 2.7219408 1.2090819 0.8788917 0.9258102
[4264, 0.3680192, 1.166926, 2.3699424, 0.81366265] 3.5077496 0.9616456 0.92593867 1.0836015
[4265, 0.52883834, 1.0052012, 4.8542995, 0.9393638] 2.5384862 1.008451 0.94403523 1.1680182
[4266, 0.46207103, 1.0633028, 5.1719484, 0.36737528] 2.9628353 1.134583 0.9559113 0.8729894
[4267, 0.49782625, 1.0262918, 7.070165, 0.1926947] 2.637124 1.1912442 0.9343877 0.8568355
[4268, 0.4784381, 1.0500134, 4.415778, 0.6586866] 2.6723542 1.3222282 1.0445259 0.9377927
[4269, 0.4426127, 1.077616, 4.5355535, 0.73924404] 2.9005144 1.1660138 0.81795496 1.0017366
[4270, 0.45173728, 1.0679128, 4.626388, 0.4956061] 2.89627 1.1176274 0.96408284 1.0264812
[4271, 0.35509256, 1.1308383, 3.5467892, 0.87956274] 3.0808053 1.0659711 0.8490636 0.8568468
[4272, 0.4507823, 1.060931, 3.4419684, 0.9011817] 3.1665802 1.2199446 0.9172162 0.77176887
[4273, 0.50579107, 1.0368234, 6.406628, 0.4145333] 2.8743067 1.2188727 0.9163048 0.8410765
[4274, 0.44183433, 1.0824441, 5.2691994, 0.463703] 2.9704943 1.1900648 1.0515924 0.7507791
[4275, 0.51347417, 1.0332801, 4.0044107, 0.51454914] 3.0252988 1.1354581 0.90152 0.8137623
[4276, 0.5269438, 1.0085311, 6.026432, 0.36011937] 2.6924622 1.0909526 1.0147288 0.9486583
[4277, 0.56144255, 0.9829033, 4.8675733, 0.46128145] 2.7393947 1.1580435 0.97763324 1.00578
[4278, 0.46198055, 1.0550982, 3.4457824, 0.89563227] 2.9922311 1.0907606 1.0474594 0.86594063
[4279, 0.5213048, 1.0121633, 6.2500267, 0.4072479] 2.943649 1.1387926 0.94828403 0.7388834
[4280, 0.51516414, 1.0226108, 5.9130974, 0.28034472] 2.8054707 1.1775639 1.0912653 0.7806034
[4281, 0.5415196, 0.98845696, 4.859802, 0.4815977] 2.7691689 1.2195673 1.0719763 0.76094335
[4282, 0.4616126, 1.068948, 4.1445317, 0.590545] 3.1176763 1.191078 1.0128994 0.7323821
[4283, 0.46210137, 1.0539838, 5.8205595, 0.40891054] 2.8180237 1.1516148 1.1353453 0.86863583
[4284, 0.59818506, 0.91325533, 8.049549, 0.15154709] 2.697926 1.2105339 0.82036424 0.78199667
[4285, 0.51061755, 1.014042, 5.6517873, 0.62458813] 2.5944233 1.1249704 0.8302254 0.9654996
[4286, 0.5717683, 0.9922052, 4.15809, 0.92903954] 3.0151572 1.170514 0.9649202 0.76231605
[4287, 0.36893803, 1.0833327, 4.3601513, 0.5259315] 2.99219 1.1240045 0.9637097 1.0453429
[4288, 0.4790542, 1.0414441, 4.6021504, 0.3670318] 2.7753024 1.2114307 0.95892966 1.0721277
[4289, 0.5214197, 1.0248939, 5.6617494, 0.36374074] 2.7831774 1.1348116 1.0016289 1.0296763
[4290, 0.566471, 0.93633556, 6.63725, 0.168449] 2.762242 0.9950475 0.93738985 0.752821
[4291, 0.627047, 0.89346737, 6.3135915, 0.4461727] 2.3257632 1.0056285 0.97174686 1.1235706
[4292, 0.42061523, 1.0999991, 5.825101, 0.4714355] 2.704301 1.2663816 1.0231428 0.8283501
[4293, 0.5979335, 0.9137705, 5.822362, 0.3077657] 2.4396658 1.1785752 0.97260356 0.9491086
[4294, 0.60850483, 0.9148674, 6.9766555, 0.22863495] 2.4056528 1.1813076 0.87232935 0.9307028
[4295, 0.5252241, 1.0044029, 4.245971, 0.32960716] 2.932512 1.1976829 1.0052047 0.8510461
[4296, 0.58003074, 0.925972, 5.224242, 0.5565905] 2.5387414 1.136337 0.97726345 0.8303179
[4297, 0.52411956, 1.0316045, 5.652391, 0.6484673] 2.999552 1.0213685 0.9651118 0.93013597
[4298, 0.48623466, 1.0491277, 3.9549189, 0.8262645] 2.9548378 1.0975349 0.92314124 0.9297054
[4299, 0.5236172, 1.0278342, 3.9570222, 0.46704537] 3.0612547 1.1191151 1.0491506 0.9912942
[4300, 0.45826522, 1.0641432, 4.2397695, 0.8623814] 2.9670289 1.2039202 0.7315474 0.8424006
[4301, 0.59996635, 0.94736564, 5.359634, 0.36596385] 2.9719136 1.1045518 0.9285744 0.64467996
[4302, 0.5167054, 1.0080364, 5.5513287, 0.41088322] 2.5953035 1.265107 0.8836899 0.9297421
[4303, 0.56166226, 0.95893335, 5.3061366, 0.6105345] 2.443465 1.1258929 0.9982496 0.8268509
[4304, 0.43296856, 1.0800539, 3.787252, 0.82738227] 3.091718 1.1601522 0.9731977 1.0271031
[4305, 0.46408656, 1.0263159, 5.7906656, 0.1650068] 2.938587 1.101969 1.056228 0.8808708
[4306, 0.50074816, 1.0272568, 5.633281, 0.2830678] 2.7647762 1.1699243 0.9320403 0.95486754
[4307, 0.469656, 1.0502368, 5.2339487, 0.2757374] 3.1912646 1.112947 0.9018635 0.6815655
[4308, 0.6594231, 0.8858365, 5.4255447, 0.37855706] 2.36619 1.1728443 1.01756 1.1484283
[4309, 0.61478096, 0.9407386, 5.4689894, 0.29113752] 2.975508 1.0180607 0.9455602 0.97732896
[4310, 0.596701, 0.9468385, 5.5391736, 0.6030064] 2.6720204 1.1798183 0.9628937 0.7030114
[4311, 0.47483557, 1.0192611, 5.7315598, 0.2479875] 2.7440555 1.13532 0.9269324 0.92688316
[4312, 0.4284493, 1.0706294, 5.288461, 0.40070727] 3.1184487 1.0676559 0.9485955 0.9023848
[4313, 0.5782431, 0.9922072, 4.6148376, 0.71641326] 3.057027 1.1218598 0.86483085 0.8202367
[4314, 0.5421748, 0.99200857, 5.3798833, 0.4596011] 2.7328444 1.2800304 1.0227371 0.7269458
[4315, 0.5504142, 0.9854791, 7.6911707, 0.23005942] 2.880506 1.0989156 0.8794024 0.96855986
[4316, 0.55506456, 0.98400766, 5.614677, 0.29782096] 2.7017133 1.2231523 1.1219251 0.8865291
[4317, 0.37679306, 1.0788981, 5.251701, 0.388014] 2.758834 1.1650823 0.96709377 0.97355103
[4318, 0.49743503, 1.04147, 5.6858053, 0.4588096] 2.8505168 1.0946426 0.9343244 1.0496777
[4319, 0.5410695, 0.97523737, 6.77716, 0.24410458] 2.7127447 1.0517972 0.8881095 1.0515468
[4320, 0.5740063, 0.9655537, 5.991746, 0.293702] 2.7566283 1.0361563 0.9759079 0.8272341
[4321, 0.5343363, 1.0114267, 4.0976915, 0.53955] 2.9065747 1.1584934 0.8900312 1.0974995
[4322, 0.68818647, 0.85484475, 5.26366, 0.4513217] 3.2088757 1.023167 0.9933445 0.697841
[4323, 0.5057142, 1.0338479, 4.825125, 0.4667308] 3.252769 0.9371943 0.88880926 0.7806841
[4324, 0.46109974, 1.0351828, 4.110984, 0.46579042] 2.727344 1.3530287 0.9867456 0.9005189
[4325, 0.42779306, 1.055587, 3.4531481, 0.5229121] 3.2766135 0.9793141 0.9403955 0.9051714
[4326, 0.53708434, 1.0124913, 5.918919, 0.3063504] 2.837713 1.2886608 0.75811464 0.92949593
[4327, 0.47885057, 1.0304214, 6.3708334, 0.19378015] 2.719285 1.1819153 1.0247564 0.9048787
[4328, 0.58805513, 0.9466838, 4.042955, 0.7984929] 2.8558805 1.031506 0.8994672 0.66871953
[4329, 0.42238626, 1.0774231, 5.617404, 0.4134431] 2.9360855 1.1495655 1.0483161 0.8039293
[4330, 0.63634187, 0.93322945, 4.891536, 0.5830941] 2.9701748 1.112913 1.0160775 0.86284137
[4331, 0.43969163, 1.0491724, 5.1475415, 0.38561594] 2.685187 1.2386974 0.9415085 0.9460595
[4332, 0.47850513, 1.0481473, 4.25702, 0.92923385] 3.0285406 1.0658703 0.94638366 0.82098705
[4333, 0.527916, 0.9895793, 6.062729, 0.39032236] 2.5995655 1.2139792 1.0955281 0.8587447
[4334, 0.44504845, 1.0521477, 4.424853, 0.42956465] 3.149535 0.959655 0.9294326 0.9270224
[4335, 0.50122267, 1.0630894, 4.8645267, 0.391425] 3.0788364 1.2147486 0.78514045 0.81641024
[4336, 0.4952483, 1.0256723, 5.5773993, 0.3089469] 2.745583 1.1794009 0.9704311 1.0502152
[4337, 0.43803576, 1.0512971, 5.2403493, 0.6797772] 2.6062436 1.1685295 0.92517763 0.92578065
[4338, 0.4688605, 1.043509, 5.951439, 0.42971122] 2.7777922 1.0860126 0.9080999 0.94774073
[4339, 0.49543583, 1.0233624, 6.3226576, 0.35783425] 2.8870444 1.1313165 0.76139516 0.89718056
[4340, 0.5008319, 1.0350672, 4.790473, 0.42307064] 2.9420798 1.047377 0.9775263 0.8687773
[4341, 0.62853396, 0.91610324, 6.0770583, 0.4301585] 2.849013 1.1153829 0.87812454 0.81815565
[4342, 0.36011994, 1.1078606, 6.0368485, 0.48285154] 2.816293 1.0866688 0.95873123 0.92174876
[4343, 0.47748357, 1.0516275, 7.1627326, 0.22104171] 2.6707668 1.1784455 0.9839719 1.0746083
[4344, 0.51746744, 1.0042353, 5.566547, 0.35647374] 2.8048038 0.93158454 0.99185896 1.0520889
[4345, 0.4646892, 1.0720166, 5.454135, 0.5405392] 2.7151906 1.2283596 0.96044487 1.0441344
[4346, 0.5857592, 0.9682712, 4.7493577, 0.48498955] 3.1681073 0.97403145 1.0055523 0.8586754
[4347, 0.41899198, 1.0953746, 3.0750365, 0.92940384] 3.2918265 1.020913 0.83855844 0.81408405
[4348, 0.50804204, 1.0369003, 4.663695, 0.51327354] 2.9637861 1.0254818 0.96034956 1.0870471
[4349, 0.5593908, 0.99319226, 6.1489477, 0.33885536] 2.86497 0.9757836 0.8203862 1.096807
[4350, 0.5053039, 1.0162978, 7.8848987, 0.25456163] 2.7712734 1.1812998 0.84371495 0.79545164
[4351, 0.5055654, 1.0345839, 3.926839, 0.56485397] 3.0749152 1.0729275 1.0608535 0.85561705
[4352, 0.4970642, 1.0545985, 5.1555004, 0.9610488] 2.8504822 1.0186075 1.0073396 1.0998662
[4353, 0.4439317, 1.0803715, 3.5478241, 0.5883827] 3.0038366 1.3023902 1.0276885 0.85019726
[4354, 0.5066794, 0.9754309, 7.273436, 0.1897996] 2.3692222 1.1529725 0.9757506 0.8399788
[4355, 0.48438483, 1.0370451, 6.0016904, 0.34607372] 2.63031 1.0967822 1.0940349 0.9776322
[4356, 0.5447649, 0.9615107, 5.74067, 0.3416302] 2.4159958 1.0855318 0.9192059 0.9408629
[4357, 0.5674743, 0.96902156, 6.3818417, 0.22217122] 2.700843 1.1837535 1.005455 0.88344884
[4358, 0.42417663, 1.0577503, 3.4644325, 0.6892394] 3.267817 1.1360071 0.89313614 1.0434046
[4359, 0.6474114, 0.9068117, 6.0717716, 0.25096664] 2.6239638 1.1497185 0.98947793 1.1459374
[4360, 0.47363356, 1.0576, 4.832518, 0.7284873] 2.9348876 1.0874492 1.0450084 0.889806
[4361, 0.5361327, 0.99337506, 5.64527, 0.3481368] 2.7261152 1.1888294 0.9672214 0.8914846
[4362, 0.4184375, 1.0656002, 5.1535687, 0.47419652] 2.785768 1.1242287 0.9532242 0.90674394
[4363, 0.50550175, 1.0230426, 6.0043974, 0.40904927] 2.7039576 1.3122418 0.87877125 0.77223957
[4364, 0.47689915, 1.0529264, 5.031264, 0.2914311] 2.9015372 0.9982369 0.92906564 1.0250558
[4365, 0.5107239, 1.0392337, 5.011776, 0.7110045] 2.897258 1.1904396 0.94227093 0.97685343
[4366, 0.34408766, 1.1168675, 4.0592465, 0.6507789] 2.9323509 1.1657658 0.8537834 1.0326405
[4367, 0.55291325, 0.96402085, 4.406265, 0.50756776] 2.7322981 1.1840417 0.99052465 0.8210825
[4368, 0.38111117, 1.0898525, 4.717731, 0.5156829] 2.9224293 1.0885245 1.0336118 0.8883041
[4369, 0.49837187, 1.0472223, 4.3981853, 0.5956962] 2.9942808 1.3314329 1.0143476 0.81100315
[4370, 0.59305966, 0.97955215, 3.9134939, 0.7526234] 2.809616 1.2324673 0.9704466 1.1514282
[4371, 0.52696574, 1.0011662, 4.874998, 0.5626643] 2.6055417 1.1059915 0.87920934 0.9988357
[4372, 0.5094839, 1.0345695, 4.4010606, 0.5232867] 2.9026926 1.1859202 0.855749 1.0396322
[4373, 0.43222636, 1.0826223, 4.2622166, 0.64862394] 3.1239834 1.2015696 0.87686396 0.8544471
[4374, 0.4778071, 1.041585, 3.9776108, 0.4010732] 3.2135203 1.0754781 0.92511857 0.9885309
[4375, 0.45153797, 1.0723897, 3.2633975, 0.947445] 3.1405597 1.1087855 0.962132 0.90314245
[4376, 0.52946436, 0.959043, 5.6003613, 0.31509465] 2.14269 1.1760738 1.058833 1.1198744
[4377, 0.5361085, 1.007752, 4.5148373, 0.50779885] 2.6209543 1.1921598 0.9404984 1.1912044
[4378, 0.56710935, 0.95512444, 6.196333, 0.31573308] 2.3906949 1.0787299 0.96607816 0.96529937
[4379, 0.49648383, 1.0174606, 4.748497, 0.29798007] 2.8626957 1.2083627 1.0150956 0.914715
[4380, 0.4878727, 1.0721328, 2.7782881, 0.6104973] 3.6044724 1.0121102 0.8113939 0.72197384
[4381, 0.53135943, 1.0144733, 5.7402453, 0.3316755] 2.9472322 0.9475754 0.92262006 1.0367061
[4382, 0.49607447, 1.0398064, 5.6961637, 0.5468787] 2.9335113 1.1286721 0.98891896 0.81615394
[4383, 0.4794685, 1.0368303, 5.1062584, 0.36652592] 2.653148 1.3027266 1.0058472 1.0208572
[4384, 0.5292263, 1.0106652, 6.724344, 0.2994953] 2.6434197 1.3002703 0.9125115 0.880249
[4385, 0.4592693, 1.0396081, 5.706444, 0.34787214] 2.9200397 1.1220746 0.8835154 0.8070114
[4386, 0.50429857, 1.0181462, 4.0059137, 0.6481716] 3.2153182 1.0980465 0.87959355 0.8807254
[4387, 0.37858018, 1.0899283, 6.1386323, 0.3904229] 2.7221189 1.1431518 0.84058094 0.9526084
[4388, 0.5455931, 1.0061761, 4.175306, 0.48216325] 3.0323277 1.1576514 0.9997944 0.7983621
[4389, 0.46234128, 1.0523292, 6.2523704, 0.43494847] 2.731497 1.1175084 1.0048813 0.86400473
[4390, 0.53529006, 0.9971201, 4.150205, 0.6502168] 2.9338396 1.160915 0.9380357 0.90806407
[4391, 0.47879156, 1.0404878, 3.7419322, 0.82019943] 2.933758 1.0760924 0.9568902 0.94032097
[4392, 0.51287764, 1.0284414, 4.9162726, 0.765289] 2.6055431 1.1898286 0.9852437 1.0252657
[4393, 0.5204938, 0.99390984, 5.7504363, 0.27286306] 2.8615997 1.1220216 1.0146037 0.87023085
[4394, 0.48370752, 1.0372566, 6.167179, 0.71077734] 2.6441753 1.0886679 0.99279886 0.95225734
[4395, 0.5237119, 1.0063754, 5.455113, 0.38203374] 2.869938 1.0831126 0.9579606 0.8723416
[4396, 0.42690402, 1.0829878, 4.0950513, 0.6599151] 2.9530413 1.1909084 1.02354 1.0008552
[4397, 0.53165495, 1.0058256, 4.608841, 0.87848383] 2.8356006 1.1889628 0.9036797 0.9180086
[4398, 0.549029, 1.0033637, 4.753885, 0.51474315] 3.2434652 1.1434336 0.7289842 0.72332084
[4399, 0.48042607, 1.0507857, 4.9253173, 0.32230935] 2.9110012 1.2440139 0.9551996 1.0136272
[4400, 0.5089336, 1.0284443, 3.072098, 0.79110014] 2.7837625 1.1584407 1.042722 1.0695242
[4401, 0.5507523, 0.96324533, 5.121782, 0.41296867] 2.9736555 0.93607914 0.983009 0.9719219
[4402, 0.5259759, 1.0107348, 6.0902295, 0.30644682] 2.860992 1.2114451 0.9397326 0.83190924
[4403, 0.4533593, 1.0680757, 4.8387547, 0.6384146] 2.7662773 1.1521527 0.9598281 0.9778695
[4404, 0.43022883, 1.0711675, 5.701941, 0.26310885] 2.8966396 1.162213 0.82551336 0.9569906
[4405, 0.55235463, 0.9920022, 6.414762, 0.3979623] 2.9423425 1.0420094 1.034496 0.92499334
[4406, 0.6039996, 0.91983414, 5.7489886, 0.31226948] 2.498195 1.1724602 0.94870514 1.2079359
[4407, 0.5137397, 0.9911558, 6.7422576, 0.25868285] 2.5579646 1.2047491 0.8490745 1.1160916
[4408, 0.6254821, 0.9063767, 6.817829, 0.34144998] 2.5216043 1.0252244 1.037108 0.7726865
[4409, 0.5915406, 0.9375747, 6.8921113, 0.30561957] 2.4843721 1.0928345 0.9890449 0.9756678
[4410, 0.57967377, 0.97190386, 3.4761472, 0.88469976] 3.1757333 1.109703 0.94208544 0.782981
[4411, 0.5642912, 0.95117974, 6.1298537, 0.342164] 2.4144726 1.1513847 1.0103959 0.90583384
[4412, 0.5393386, 0.9691166, 5.8303585, 0.1765252] 2.8756752 1.2955658 0.90102243 0.8719138
[4413, 0.5368462, 0.97652125, 7.5743923, 0.15044738] 2.5895085 1.1424226 1.0860116 0.962854
[4414, 0.46038118, 1.0298463, 6.045865, 0.27588838] 2.6753004 1.165752 0.9889998 1.0619253
[4415, 0.43474922, 1.0743887, 3.6746736, 0.72235715] 3.207754 0.89507645 0.91566974 1.0077453
[4416, 0.5457373, 0.95576495, 4.9393086, 0.53928804] 2.3713794 1.1936115 0.99575835 0.9943033
[4417, 0.5452112, 0.9982128, 5.4823775, 0.4263107] 2.692907 1.1694989 0.99542165 0.974865
[4418, 0.4211298, 1.0758098, 5.1566544, 0.5786724] 2.780831 1.1384296 1.0111555 1.049747
[4419, 0.6442766, 0.91411334, 4.8149695, 0.50997156] 3.0420823 1.0031596 0.92726415 0.9048857
[4420, 0.47044727, 1.0388116, 6.4731917, 0.34190613] 2.7156143 1.0597603 0.9709676 1.1248531
[4421, 0.64527315, 0.8851969, 7.3698845, 0.36067966] 2.3975956 1.1737964 0.81787556 0.98511213
[4422, 0.6855314, 0.84431106, 5.6604466, 0.1820314] 2.7245138 1.1703255 1.0236402 0.98301053
[4423, 0.4749469, 1.067339, 4.4833703, 0.5828472] 2.978849 1.1130501 1.0315365 0.878929
[4424, 0.5645492, 0.9490829, 5.3771133, 0.48948556] 2.3612638 1.2467989 1.0492443 0.9331856
[4425, 0.5086589, 1.0130293, 5.6309714, 0.31885815] 2.776555 1.1678317 0.8849575 1.0472416
[4426, 0.50319856, 1.0344169, 6.082651, 0.27558598] 2.8869884 1.2991161 0.8167684 1.0294818
[4427, 0.52650416, 1.0284885, 3.8839214, 0.66996235] 3.116933 1.1994535 0.91180646 0.88531744
[4428, 0.545345, 0.97513777, 6.1677217, 0.33953336] 2.5259569 1.0650318 0.9375952 1.022154
[4429, 0.5129165, 0.98716825, 5.6062236, 0.34895104] 2.496422 1.1637172 0.9904603 0.8885982
[4430, 0.45575973, 1.0638691, 4.9997797, 0.30453476] 2.7751582 1.1271344 1.0370055 0.9393372
[4431, 0.458509, 1.0611808, 5.6277113, 0.370037] 3.0023098 1.179612 0.8887678 0.8196295
[4432, 0.4800879, 1.023077, 5.7909822, 0.2062103] 2.6977878 0.9797023 1.0500463 0.99502033
[4433, 0.5638985, 0.9687999, 6.896336, 0.37356943] 2.8125777 1.1568172 0.9456876 0.67394364
[4434, 0.4792881, 1.0487729, 5.222175, 0.44977233] 2.8969886 1.2322176 0.87792104 0.73881763
[4435, 0.49029958, 1.0433968, 4.0187254, 0.4742359] 3.195522 1.0053048 1.0420837 0.8103755
[4436, 0.44077268, 1.08915, 3.1358106, 0.7833982] 3.4953537 0.9199585 0.96841055 0.6871399
[4437, 0.46877262, 1.0661037, 4.540347, 0.46078596] 3.2207077 1.1482253 0.9045719 0.77747697
[4438, 0.51981246, 1.034532, 4.731961, 0.6909823] 2.8189666 1.185569 0.96368265 0.9839595
[4439, 0.4706939, 1.037811, 6.55284, 0.2843376] 2.729455 1.0075905 0.87428707 0.9826491
[4440, 0.46853465, 1.0341792, 6.127329, 0.30188242] 2.538087 1.2400887 0.87714547 0.8994431
[4441, 0.49878317, 1.0227066, 6.2767625, 0.4345352] 2.6089566 1.2201731 0.99603707 0.96191245
[4442, 0.4222324, 1.0978016, 5.119267, 0.49097842] 3.1022325 1.1397775 0.90751666 0.86868054
[4443, 0.4962764, 1.016099, 6.1628118, 0.27250722] 2.852027 1.1892081 0.6738072 0.8139138
[4444, 0.4771784, 1.0629944, 5.7405562, 0.5704126] 2.834947 1.1011932 0.79782504 0.94952124
[4445, 0.54151815, 1.0252771, 5.48076, 0.5787914] 2.9024923 1.1913632 0.90252554 1.1139529
[4446, 0.45776302, 1.0591608, 3.4212906, 0.7860322] 3.239075 1.0984606 0.86389977 0.9474665
[4447, 0.52086085, 1.0090696, 5.126791, 0.7491095] 2.8539643 0.8948833 0.8809192 0.9262224
[4448, 0.5020134, 1.030015, 4.7362547, 0.41611066] 3.072609 1.1065916 0.8227225 0.7561836
[4449, 0.4361258, 1.0675312, 7.0116816, 0.29482454] 2.605937 1.2134486 1.0011238 0.8647122
[4450, 0.50350994, 1.0439183, 5.3010163, 0.49606502] 2.8675294 1.0641057 0.9046334 1.0501275
[4451, 0.5901035, 0.92792475, 4.5639653, 0.49713767] 2.5348945 1.2696927 0.93891686 0.9560432
[4452, 0.45854503, 1.0411878, 6.5880437, 0.2988124] 2.620971 1.1235511 0.94076234 1.0150925
[4453, 0.46651664, 1.0479072, 6.5575314, 0.38777414] 2.9222603 1.0017211 0.8466523 0.8342655
[4454, 0.5445825, 1.0145013, 4.4687905, 0.5994557] 2.8648624 1.2540073 0.92386943 0.8045519
[4455, 0.47868088, 1.0342867, 5.0121727, 0.54821956] 2.8324785 0.92696565 0.95247823 0.9477926
[4456, 0.46484268, 1.0598943, 4.9056463, 0.63597256] 2.6871629 1.2518631 0.9201653 0.91902864
[4457, 0.48308632, 1.0599153, 5.912212, 0.35335913] 2.9022584 1.1848615 1.0034024 0.9153895
[4458, 0.616298, 0.9281763, 3.2492912, 0.7266856] 3.1354709 1.1675578 0.96299374 0.7949428
[4459, 0.45388976, 1.0778916, 5.315858, 0.30219856] 2.64795 1.3330576 1.0213461 1.1249746
[4460, 0.53691995, 1.0145032, 5.6559033, 0.3859742] 3.0292099 1.1024976 1.061616 0.7089791
[4461, 0.42756408, 1.0989997, 2.7019556, 0.94395524] 3.3659089 1.0780259 1.0064362 0.8421821
[4462, 0.45889503, 1.0384033, 5.1929655, 0.75676864] 2.616337 1.1699123 0.9129657 0.98649275
[4463, 0.50524753, 1.0432439, 4.334766, 0.59905076] 3.1244369 1.0835859 1.0461719 0.8459834
[4464, 0.54035366, 1.0047694, 5.9723635, 0.29891512] 2.6067936 1.3426512 0.96637446 0.9293019
[4465, 0.45273468, 1.0632648, 6.0535736, 0.2784293] 2.9399192 1.3078446 0.8488514 0.98469174
[4466, 0.5659427, 0.963638, 5.0134835, 0.5431565] 2.5391579 1.247613 0.9488514 0.75659513
[4467, 0.452379, 1.0556066, 4.611343, 0.41872045] 2.8357096 1.1538134 1.0307859 1.0182366
[4468, 0.5315061, 1.0166837, 5.598997, 0.6095729] 2.4397957 1.0159931 1.0100374 1.244066
[4469, 0.4624289, 1.0514494, 5.627793, 0.45681223] 2.8430693 0.9442931 0.92609185 1.0116225
[4470, 0.57028997, 0.9847249, 4.6904287, 0.44265297] 2.882727 1.0835662 0.99194086 0.92310053
[4471, 0.5323896, 1.0303721, 4.8816595, 0.5190269] 3.1575518 1.1224736 0.9240257 0.8114063
[4472, 0.48877358, 1.0255414, 4.6920667, 0.68989223] 2.487471 1.252282 0.96202266 0.97195315
[4473, 0.5729172, 0.960825, 7.4075556, 0.46654832] 2.6458285 1.1439416 0.92401296 0.864984
[4474, 0.5027092, 1.0275421, 6.24859, 0.304452] 2.4777586 1.2272085 1.0425528 0.9025428
[4475, 0.45730376, 1.0808289, 4.6421733, 0.47596866] 3.0448549 1.1891955 0.95676506 0.79143673
[4476, 0.44473004, 1.0597554, 3.9836607, 0.5200151] 3.0438786 1.2260453 0.9180338 0.9848507
[4477, 0.52646995, 1.0100247, 5.483405, 0.44461024] 2.6616025 1.2108333 0.9388072 1.0226738
[4478, 0.4401725, 1.0680364, 4.9556823, 0.4943751] 2.804385 1.2639123 0.8644562 0.8513725
[4479, 0.53502744, 1.0234078, 5.5675154, 0.43857232] 2.948943 1.080193 0.8110598 0.81697863
[4480, 0.45469436, 1.0590931, 6.6333566, 0.36514217] 2.6513119 1.238364 0.98267764 0.93421966
[4481, 0.62087667, 0.9316658, 5.767165, 0.34089163] 2.6480312 1.3361278 0.9131492 0.93100905
[4482, 0.46577117, 1.0760345, 5.5375504, 0.62603474] 2.9221983 1.092794 0.94902545 0.91149867
[4483, 0.5800824, 0.98412186, 3.7798688, 0.74009013] 3.1056218 1.2036277 0.84023887 0.9762185
[4484, 0.43125546, 1.0637156, 6.2103987, 0.33719924] 2.8143504 1.0900623 0.96576023 0.99842155
[4485, 0.56784964, 0.95113, 5.0711384, 0.33284417] 2.5011764 1.2722195 0.9493492 0.91367704
[4486, 0.48441085, 1.0542343, 4.165082, 0.7527637] 2.7407265 1.3324108 0.93426245 1.1664281
[4487, 0.48684743, 1.055551, 3.9362469, 0.4775399] 3.0759966 1.1823097 0.97775203 0.92600983
[4488, 0.44565332, 1.0413378, 5.7084374, 0.5909003] 2.659878 1.1005278 1.0123814 1.0857879
[4489, 0.502404, 1.0209811, 5.7456594, 0.38063952] 2.8425748 1.2667981 0.85964537 0.88251436
[4490, 0.52982426, 0.9991482, 6.666661, 0.37200892] 2.4766796 1.1948826 1.0791111 1.0928925
[4491, 0.55124015, 1.0009062, 6.5782547, 0.3322132] 2.7358623 0.98291177 0.93629754 1.0320789
[4492, 0.62465274, 0.93184805, 5.3314204, 0.29320246] 3.2093194 0.8973736 0.88797444 0.7845513
[4493, 0.54007965, 0.9939976, 6.1725206, 0.46236354] 2.5172005 1.2923166 0.9421512 1.0605627
[4494, 0.49253598, 1.0545872, 3.7194474, 0.56876355] 3.2023325 1.1875353 0.9035109 0.92776096
[4495, 0.6103209, 0.9234658, 6.10361, 0.42782578] 2.6361113 0.8753114 0.9543544 1.2217016
[4496, 0.5447607, 0.9944724, 5.3224926, 0.32274416] 2.6015851 1.3449974 1.0785806 0.9590908
[4497, 0.4296491, 1.0720768, 5.56047, 0.3009122] 2.863882 1.0991117 0.87671214 0.95229137
[4498, 0.52922744, 0.99703825, 6.4203057, 0.40179506] 2.45396 1.1487164 1.0208814 0.9801712
[4499, 0.47275972, 1.0379015, 6.2947874, 0.21435076] 2.7797387 1.1838051 0.9902713 0.99481577
[4500, 0.5244846, 0.99465555, 6.642051, 0.34638163] 2.589242 1.280958 0.87533236 0.8322913
[4501, 0.46120963, 1.058687, 5.2767262, 0.59850067] 2.6777906 1.1180499 0.87181395 0.92730486
[4502, 0.3695288, 1.1165822, 4.533826, 0.5778991] 2.803384 1.1287892 1.0082976 1.0730252
[4503, 0.5186303, 1.0152864, 5.22021, 0.5519382] 2.7555387 1.0131663 0.81911373 0.99929154
[4504, 0.5250349, 0.9837893, 5.6491456, 0.33492464] 2.5612555 1.2450312 0.86263806 0.91975534
[4505, 0.5535536, 0.958098, 6.863861, 0.25590566] 2.6009703 1.2781689 0.9094172 0.9667
[4506, 0.45414513, 1.054278, 5.155946, 0.4102537] 2.9033694 1.1887017 0.95756507 0.7184187
[4507, 0.5658952, 0.9640378, 3.8845131, 0.4645169] 3.180554 1.1215047 0.9278485 0.5835666
[4508, 0.42408568, 1.0637839, 5.907134, 0.34372017] 2.655367 1.139325 1.1573837 0.98394954
[4509, 0.48845157, 1.046617, 4.716078, 0.4325954] 3.0259657 1.1515657 0.86300004 0.79784703
[4510, 0.4500454, 1.067192, 5.6537237, 0.2805654] 2.9866288 0.9495043 0.9189802 1.0724745
[4511, 0.42328402, 1.0793713, 4.8421874, 0.5395694] 2.9088209 1.2146488 0.8943992 0.79616743
[4512, 0.5219406, 1.0280277, 5.6547785, 0.3776391] 2.6722248 1.1756146 0.8696749 0.9470011
[4513, 0.41444114, 1.0628653, 5.2366915, 0.5221137] 2.675999 1.1262594 0.9654604 1.0895166
[4514, 0.52409756, 0.9976076, 5.6556277, 0.15998591] 2.7098174 1.2557372 1.0269033 1.0529835
[4515, 0.4558786, 1.0709497, 4.4743023, 0.50432205] 3.000102 1.2281752 0.9902168 0.928288
[4516, 0.51057005, 1.0046059, 4.367335, 0.5732457] 2.946438 1.1054974 0.97990453 0.9811647
[4517, 0.48990646, 1.0122478, 3.5196958, 0.6836806] 2.9996142 0.9975601 0.95694727 0.99383366
[4518, 0.4964363, 1.0201079, 5.2538533, 0.5189183] 2.8450322 1.1136768 0.96120346 0.80850255
[4519, 0.4868659, 1.026021, 6.135282, 0.30326074] 2.6370597 1.144071 1.006625 0.9017583
[4520, 0.5448001, 0.9713547, 6.698416, 0.43184638] 2.7046545 1.1106831 0.988144 0.9667007
[4521, 0.5350203, 1.0180458, 3.2269146, 0.9560382] 3.2275126 1.0090406 0.8828142 0.9033133
[4522, 0.5028597, 1.029928, 5.652152, 0.82623893] 2.8085492 1.0305822 0.9141984 0.93977106
[4523, 0.514912, 1.0064571, 5.2248735, 0.35815984] 2.8435025 1.1288711 0.9095688 1.0002127
[4524, 0.47191897, 1.0473249, 4.855307, 0.61525977] 2.6920602 1.1691201 1.0563828 0.98817563
[4525, 0.48027486, 1.0642542, 3.8720393, 0.7616697] 3.102957 1.0735636 0.9344413 1.1215601
[4526, 0.4859288, 1.0473912, 5.487129, 0.4677919] 2.725483 1.1469297 0.9443735 0.89934564
[4527, 0.44002268, 1.0679926, 5.1907115, 0.9267903] 2.7164927 1.2699957 1.0693017 0.8918923
[4528, 0.43445855, 1.0841507, 4.383972, 0.5834404] 2.6576977 1.0728228 0.96678084 0.9837169
[4529, 0.4759054, 1.0537151, 5.986819, 0.26967838] 2.8467543 1.2481551 0.95165324 0.88619757
[4530, 0.4262264, 1.082472, 3.7817829, 0.966612] 3.0015757 1.1972809 0.8903876 0.9793437
[4531, 0.37242144, 1.0967927, 4.7288146, 0.57190543] 2.9646413 1.0692762 0.9450091 0.92017066
[4532, 0.4184194, 1.0618654, 5.153461, 0.33365414] 2.791461 1.1665572 0.8891511 0.9724086
[4533, 0.50390774, 1.0154505, 5.5394764, 0.5159111] 2.709794 1.130148 1.0004598 0.9459889
[4534, 0.46481043, 1.0448153, 5.331982, 0.29040098] 2.888881 1.1481892 0.8942898 1.0210121
[4535, 0.53682625, 0.97522837, 6.192504, 0.3102496] 2.4318027 1.0799203 1.0331814 0.9819924
[4536, 0.42286327, 1.0676638, 6.6019187, 0.3017517] 2.6713362 1.2443931 0.95610154 0.9750573
[4537, 0.6116635, 0.93130356, 6.116675, 0.26902846] 2.6191676 1.06962 1.0155157 0.9473179
[4538, 0.5983946, 0.9353885, 5.7003303, 0.4945303] 2.4528577 1.1638821 0.89774007 1.000012
[4539, 0.49367827, 1.0220338, 6.947987, 0.2379782] 2.69639 1.1495522 0.92621315 0.85320014
[4540, 0.51163363, 1.0219725, 6.091637, 0.46870497] 2.665858 1.1444669 0.9798857 0.89900714
[4541, 0.5030406, 1.0462873, 3.8812964, 0.66399676] 2.8997734 1.149493 1.0372217 0.99221146
[4542, 0.57851714, 0.9657172, 4.2012515, 0.4734702] 3.0564494 1.1527337 0.9583543 0.75818807
[4543, 0.4256301, 1.0676739, 4.014102, 0.92911905] 2.599855 1.1021352 1.0560808 1.073277
[4544, 0.56587744, 0.9893808, 5.773913, 0.31785792] 2.7957985 1.0926588 0.92386055 1.1687227
[4545, 0.5251557, 1.0122099, 3.8149445, 0.8032247] 3.1553514 1.113673 0.9905954 0.91070986
[4546, 0.6443893, 0.8872998, 6.22805, 0.53758377] 2.6532907 1.140725 0.9220888 0.81473136
[4547, 0.41972277, 1.0960339, 5.5343943, 0.40811527] 2.8569345 1.123007 0.92607313 0.90358293
[4548, 0.46966094, 1.059845, 4.980372, 0.9467015] 2.8365235 1.1479806 0.91424423 0.9040419
[4549, 0.5160387, 1.0326743, 5.6892443, 0.35976002] 3.0672193 1.1662002 0.9166142 0.7251096
[4550, 0.5593916, 0.9820228, 7.4184566, 0.21074575] 2.6363099 1.0298944 1.027459 0.9888082
[4551, 0.5103958, 1.00308, 6.131022, 0.24621388] 2.681894 1.1033436 0.9967976 1.0432214
[4552, 0.4448301, 1.0840393, 4.0064964, 0.8433123] 2.9883056 1.2355689 0.93145716 1.027749
[4553, 0.47727862, 1.0695173, 5.291998, 0.46582448] 2.939209 0.9736133 0.93676054 0.89506716
[4554, 0.43194878, 1.0851955, 5.283496, 0.41069078] 2.9677844 1.0285188 0.9706436 0.9132882
[4555, 0.42045748, 1.0835159, 5.621907, 0.30627793] 3.1077366 0.9774656 1.0297751 0.90929854
[4556, 0.48384905, 1.0494986, 5.9741993, 0.35961014] 2.6777043 1.3425714 0.9135608 0.87875587
[4557, 0.4880611, 1.0228194, 6.0362034, 0.32863653] 2.8800507 1.2051572 0.95698833 0.85134685
[4558, 0.56971747, 0.9882318, 5.3594728, 0.4294945] 3.0188224 1.0722816 0.96535635 0.8751013
[4559, 0.5153778, 1.0219773, 6.229672, 0.44395235] 3.0150175 1.0112759 0.8736278 0.7815035
[4560, 0.5339098, 1.0350653, 4.700693, 0.5429219] 3.1119757 1.2720985 0.945732 0.7098976
[4561, 0.4212427, 1.1721394, 2.207609, 0.85412735] 3.6138194 1.0062014 0.98857856 0.89309424
[4562, 0.5727392, 0.96989715, 5.0681176, 0.31662333] 2.7504318 1.2423326 0.85167384 0.807221
[4563, 0.39566582, 1.0761108, 5.5709376, 0.35247186] 2.7819617 1.1090509 0.96891725 0.9597928
[4564, 0.48660427, 1.0367453, 4.1816907, 0.3597587] 3.145515 1.0975913 0.86531264 0.8756775
[4565, 0.43623117, 1.0707405, 5.5804467, 0.38435328] 2.6541247 1.1541287 1.0352707 1.0379646
[4566, 0.49406597, 1.0361769, 4.7577553, 0.623298] 2.8864057 1.1077259 0.94688815 0.8848541
[4567, 0.47857758, 1.0602821, 3.9063618, 0.48810568] 3.0503533 1.2711611 1.0906953 0.8184508
[4568, 0.44251484, 1.0650135, 5.276647, 0.7363249] 2.5676234 1.1603143 0.95514745 0.9450001
[4569, 0.6330599, 0.922606, 6.2381363, 0.34208325] 2.8741374 1.1141272 0.862943 0.8703172
[4570, 0.47027564, 1.0577188, 5.3082004, 0.22450897] 2.9812071 1.236854 1.0602206 0.86934316
[4571, 0.5000404, 1.0329584, 5.7535048, 0.41027406] 2.7832632 1.2398968 0.8490749 0.83198255
[4572, 0.49472487, 1.032888, 5.701197, 0.21382874] 2.880101 1.2703811 1.0710888 0.7685864
[4573, 0.4679092, 1.0684711, 4.579819, 0.8649982] 2.8889434 1.1245885 0.8030745 1.023611
[4574, 0.41460797, 1.0842279, 3.6803157, 0.761854] 3.0518887 1.0956544 0.9953638 0.95908445
[4575, 0.49535954, 1.0346127, 5.8121734, 0.29931957] 2.7377064 1.2333775 0.9914064 1.1891611
[4576, 0.4072401, 1.0602063, 5.0140767, 0.5982431] 2.6227496 1.1887671 1.0323762 0.9619813
[4577, 0.48115286, 1.0527474, 5.1324453, 0.42155418] 2.667438 1.2182516 1.0321444 1.0316056
[4578, 0.51011443, 1.0257368, 4.251724, 0.61139864] 3.1923964 1.0550518 0.90039015 0.8450558
[4579, 0.39085087, 1.0953217, 6.8560476, 0.25619116] 2.631513 1.2043936 1.0045289 1.0433259
[4580, 0.6053852, 0.947474, 5.5919785, 0.38220748] 2.6205425 1.2711685 0.9588301 0.7230843
[4581, 0.427492, 1.0851688, 2.9862251, 0.8157938] 3.1479838 1.1717488 1.0169221 0.9741484
[4582, 0.5444098, 1.0111016, 4.1497846, 0.6226098] 2.8776689 1.1986868 0.97977835 0.96397233
[4583, 0.5000246, 1.0181066, 6.6200876, 0.22196846] 2.9165475 1.0605614 0.8532941 0.9607094
[4584, 0.5274267, 0.9943264, 5.1802125, 0.18725893] 2.948326 1.1971508 0.9503136 1.0983264
[4585, 0.49410072, 1.0393468, 5.099764, 0.40590683] 2.8345337 0.9880672 0.92389685 1.0155854
[4586, 0.46205008, 1.0851326, 3.1468704, 0.8528906] 3.351516 1.0805801 0.9162293 0.820037
[4587, 0.6612827, 0.87141967, 6.244567, 0.5449846] 2.3121333 1.1842618 1.0499506 0.9015713
[4588, 0.52841526, 0.9905286, 7.4367704, 0.19498733] 2.6020586 1.2939149 0.856338 0.99880934
[4589, 0.49016693, 0.99267644, 6.2523723, 0.41527927] 2.2999475 1.2770416 0.9521136 0.9832463
[4590, 0.5624959, 1.0086356, 5.622676, 0.45126444] 2.8799233 1.3514042 0.9339837 0.78032905
[4591, 0.49667004, 1.0213994, 6.0709014, 0.24789132] 3.0113246 1.1452872 1.0684891 0.82431465
[4592, 0.5223785, 1.0250988, 3.3438478, 0.6649139] 3.0939188 1.1698141 0.932716 0.8272267
[4593, 0.45094362, 1.0792803, 4.254365, 0.5489128] 3.05728 1.0612526 0.8872474 1.0271353
[4594, 0.61020005, 0.9258138, 5.708903, 0.33273432] 3.024241 1.0986774 0.8939795 0.6472616
[4595, 0.48210147, 1.0294491, 6.463239, 0.11233258] 2.608931 1.3101047 1.0456405 0.9236788
[4596, 0.40847135, 1.0893166, 5.549737, 0.4338425] 2.7756357 1.023137 1.0158592 1.026442
[4597, 0.6063757, 0.9281998, 6.88192, 0.22439885] 2.445333 1.4155345 1.0347313 0.7891304
[4598, 0.50023854, 1.021185, 5.4866943, 0.32757026] 2.802771 1.1884657 0.8729732 0.94272965
[4599, 0.5106919, 1.0375671, 4.971548, 0.4146975] 2.9268565 1.1113887 1.015764 0.88459784
[4600, 0.521149, 1.0023566, 5.69746, 0.61884356] 2.451226 1.2722324 0.9533821 0.8769881
[4601, 0.49229154, 1.0196675, 5.064885, 0.42633227] 2.5982342 1.0861727 0.9384166 1.1575681
[4602, 0.52869576, 1.0106727, 5.70291, 0.2636196] 2.7956374 1.1653558 0.95993507 1.134727
[4603, 0.5060305, 1.017145, 4.5772214, 0.4671098] 2.7242804 0.97254384 0.9913503 1.1736494
[4604, 0.5275849, 1.0117145, 4.001241, 0.3738623] 3.21907 1.0464206 1.1063915 0.7270817
[4605, 0.5492127, 0.9969993, 4.5255218, 0.5144007] 2.9783132 1.3320616 0.98030937 0.8627182
[4606, 0.5348715, 0.99166113, 3.972723, 0.8938417] 2.6275697 1.1858829 0.93334913 1.1201704
[4607, 0.54750496, 0.97086364, 7.650891, 0.24356604] 2.3437777 1.3421122 0.9511753 1.0750452
[4608, 0.34469113, 1.1058842, 5.4629807, 0.28157195] 2.9066076 0.9977639 0.9782569 0.8940683
[4609, 0.5379361, 0.97371227, 4.172582, 0.5390313] 3.0785785 1.1634239 1.0807977 0.7375692
[4610, 0.534048, 1.0020772, 2.9053562, 0.97285396] 3.1758537 1.2769563 0.898031 0.8872505
[4611, 0.472605, 1.0375172, 5.627496, 0.73480463] 2.7685943 0.994225 1.027396 0.7726833
[4612, 0.49919274, 1.040448, 4.9022183, 0.47429115] 2.9691122 1.0161809 0.95861244 0.9235231
[4613, 0.4841596, 1.0373359, 4.9335527, 0.6288338] 2.828073 1.2191253 0.96563405 0.74416107
[4614, 0.4808958, 1.0540769, 5.4035864, 0.80158675] 2.8478162 1.0625628 0.9674624 0.9774302
[4615, 0.47909424, 1.0428835, 5.3705387, 0.70383453] 2.6218896 1.2568275 1.0271134 0.9767597
[4616, 0.39349678, 1.0952241, 4.6769667, 0.4358881] 2.941578 1.0976863 0.9662604 0.90130675
[4617, 0.45526636, 1.0586345, 5.079118, 0.53634614] 2.9685407 1.1733437 0.82843375 0.76173943
[4618, 0.44933173, 1.0724912, 5.174633, 0.65363467] 2.9047852 1.2563691 0.91715956 0.8668064
[4619, 0.43828338, 1.0685476, 6.3059464, 0.3226701] 2.6276405 1.0928334 0.9624301 1.0638877
[4620, 0.49641317, 1.0409565, 5.3693666, 0.3725453] 2.6292017 1.256185 1.06536 1.0116947
[4621, 0.5708097, 0.95755273, 7.5291038, 0.25395048] 2.7554522 1.1261643 0.8250407 0.7697505
[4622, 0.6202748, 0.8952217, 7.58233, 0.36404145] 2.4037378 1.1081679 1.0148499 0.8898372
[4623, 0.44934577, 1.0525333, 6.6203403, 0.19483763] 2.768697 1.134573 0.9403296 1.0360698
[4624, 0.534486, 1.0115196, 5.3460555, 0.65029263] 2.8655796 1.2163655 0.9964461 0.9277464
[4625, 0.3953392, 1.1003863, 5.289286, 0.5635399] 2.6588938 1.3435963 0.87239057 0.9366407
[4626, 0.4527544, 1.0537447, 4.8685393, 0.50046873] 3.0381877 0.9719173 0.9265556 0.925007
[4627, 0.55996054, 0.9726749, 6.5205407, 0.4503909] 2.5744588 1.3104182 0.96959394 0.73691136
[4628, 0.5223976, 1.0172753, 6.006057, 0.41094068] 2.8596137 1.16685 0.94155866 0.89140743
[4629, 0.50829893, 1.0078262, 5.713993, 0.7562838] 2.514552 1.1044809 1.0666054 0.9396953
[4630, 0.50384045, 1.0317415, 5.2912545, 0.3961526] 3.0059571 1.0481627 1.0211686 0.802483
[4631, 0.5018138, 1.0250926, 5.938095, 0.44510767] 2.7227356 1.1333494 0.9137276 0.82621366
[4632, 0.49458453, 1.026684, 6.435281, 0.2894983] 2.8494177 1.2040037 0.9032893 0.8742899
[4633, 0.508066, 1.0352535, 4.450977, 0.7690487] 2.7213428 1.2194785 1.0281388 1.1148635
[4634, 0.5458051, 0.9993441, 5.2982507, 0.6225537] 2.5357795 1.140737 1.0108413 0.95262915
[4635, 0.5252642, 1.0284761, 4.4548297, 0.37379688] 3.1209342 1.0212864 0.91179514 0.9962727
[4636, 0.3880216, 1.092332, 4.55448, 0.7941782] 2.8452146 1.0966314 0.9736549 1.0668334
[4637, 0.5428801, 0.99930036, 6.964819, 0.2323646] 2.842993 1.176221 0.91252536 0.8453799
[4638, 0.50951296, 1.0336871, 4.813858, 0.63274556] 2.9519987 0.92832446 0.9290214 0.9476153
[4639, 0.45806354, 1.0485395, 4.8695154, 0.44960782] 2.8389206 1.1215011 0.9781661 0.8666169
[4640, 0.57712424, 0.96753854, 4.6293287, 0.36891717] 2.9070978 1.0979229 0.9644592 0.9222558
[4641, 0.5086613, 1.0485276, 4.4805975, 0.49672645] 3.156996 1.3003013 0.81165236 0.8069382
[4642, 0.5350164, 0.9952118, 4.2315784, 0.40491953] 3.002808 1.0970656 0.8751586 0.8361226
[4643, 0.47735685, 1.049932, 4.171338, 0.43042508] 3.039973 1.0512552 1.039563 0.89554125
[4644, 0.50224227, 1.0365462, 6.274509, 0.32161358] 2.6909418 1.1453646 0.9933122 0.9073398
[4645, 0.38267908, 1.0716926, 4.932093, 0.3013712] 2.6183462 1.1697682 1.1093185 0.9932944
[4646, 0.46940818, 1.0494585, 4.8568068, 0.7806522] 2.6629372 1.212049 0.89748085 0.873098
[4647, 0.53918314, 0.9836201, 5.3596063, 0.54194915] 2.6619363 1.1056563 0.92912227 0.792506
[4648, 0.45531178, 1.0443094, 5.670738, 0.22873887] 2.767468 1.1704224 0.8938885 1.0193075
[4649, 0.52383447, 0.98744565, 5.0067205, 0.24389692] 3.0268638 0.91341394 0.87672055 0.94672614
[4650, 0.5658229, 0.9852028, 6.748438, 0.34712464] 2.601807 1.2523077 0.9017053 1.1479743
[4651, 0.5414451, 1.0117517, 4.3511524, 0.56117207] 3.0484529 1.1777612 0.8706203 0.7771417
[4652, 0.46676755, 1.0556453, 5.574062, 0.3581177] 2.8952994 1.1299062 0.9756686 0.8762684
[4653, 0.5003878, 1.0177989, 5.302511, 0.8265818] 2.6263978 1.093025 0.977602 0.9550851
[4654, 0.52333385, 1.0116296, 6.7107916, 0.29562256] 2.6380587 1.0860919 0.9737793 1.0507383
[4655, 0.47882274, 1.0273159, 6.241901, 0.25918058] 2.7097673 1.0663567 0.8852338 1.0065067
[4656, 0.5508939, 0.972034, 6.0895734, 0.2928108] 2.7298477 1.0638036 0.9973342 1.0976132
[4657, 0.47123805, 1.0352707, 4.8069963, 0.6089422] 2.7766163 1.1697993 0.92939615 1.0772051
[4658, 0.5237241, 1.0077528, 3.6827168, 0.7722258] 3.0911608 1.0412608 0.9305258 0.97084117
[4659, 0.5056293, 1.0484304, 4.136512, 0.54585904] 3.0695136 1.1507118 0.9621334 1.0311661
[4660, 0.5237667, 1.0165097, 5.3224688, 0.38801157] 2.8842852 1.0929829 0.99290425 0.8547707
[4661, 0.39475423, 1.0934329, 5.2361274, 0.48861063] 2.655527 1.1663328 0.9609754 1.0828167
[4662, 0.53074527, 1.0074195, 4.3276687, 0.46919167] 2.990554 1.1153605 0.77791274 0.8562915
[4663, 0.5003509, 1.0498154, 5.8370395, 0.291175] 2.892918 1.0950221 0.901022 1.0634563
[4664, 0.5799807, 0.92923784, 5.526349, 0.38114294] 2.4843569 1.0725842 1.0199674 0.87888557
[4665, 0.5514675, 0.9837061, 6.124901, 0.2907906] 2.9595995 1.0387733 0.816658 1.0069851
[4666, 0.47502795, 1.0436442, 4.1868157, 0.64619046] 3.093453 1.0629795 1.034726 0.91560596
[4667, 0.5631349, 0.9600597, 4.931957, 0.8129459] 2.7740567 1.0785973 0.9967918 0.9327939
[4668, 0.47217327, 1.045784, 5.2063313, 0.4855393] 2.6194644 1.1139307 1.051052 1.1285263
[4669, 0.55237126, 0.99628687, 4.566732, 0.48627186] 2.8570795 0.99908465 0.9033167 1.0047557
[4670, 0.4529333, 1.0484781, 6.097456, 0.20018235] 2.57616 1.1032668 1.0055109 1.0321783
[4671, 0.5002934, 1.0334992, 3.7255929, 0.60897785] 3.238747 1.0015875 0.98805517 0.9527554
[4672, 0.5207886, 1.0011687, 7.1294565, 0.18013239] 2.6400976 1.265484 1.0383464 0.7249161
[4673, 0.56213665, 0.9799578, 3.1531515, 0.7211796] 3.0359125 1.1724505 1.1090227 1.1912727
[4674, 0.4211051, 1.0707171, 4.673295, 0.35261676] 2.8509781 1.174642 0.99199766 1.0154612
[4675, 0.43120077, 1.0874289, 4.736551, 0.85513103] 2.9379892 0.99978733 0.9989162 0.74233055
[4676, 0.46611553, 1.0667746, 6.206992, 0.21552844] 2.8303537 1.1985779 1.0800507 0.8342925
[4677, 0.65305865, 0.8639299, 5.1979613, 0.5582526] 2.4102762 1.1464281 0.9028403 0.8036623
[4678, 0.5320995, 1.0004935, 4.854093, 0.41462642] 3.0472443 1.190253 0.8324635 0.6829625
[4679, 0.52185565, 1.0368391, 3.7560315, 0.93168813] 3.1530526 1.3354197 0.890086 0.6889296
[4680, 0.48858944, 1.0358046, 4.902985, 0.55275184] 2.8641355 1.1200272 0.7501579 0.9663168
[4681, 0.4788639, 1.024135, 7.7513127, 0.2207865] 2.693872 1.1600212 0.82174397 1.026925
[4682, 0.4769521, 1.0468966, 5.8999114, 0.4466737] 2.7249117 1.1500857 0.88704246 0.9222727
[4683, 0.48088568, 1.0437912, 5.818736, 0.25492764] 3.016692 1.0080065 0.84815276 0.8987908
[4684, 0.513822, 1.0216495, 5.2050195, 0.3745208] 2.7892509 1.1800623 0.9294694 0.8758572
[4685, 0.4315068, 1.0414253, 8.266447, 0.15771492] 2.8327372 1.1543384 0.79676396 1.0273166
[4686, 0.42739245, 1.0767479, 5.8745685, 0.34459266] 2.7112198 1.1784289 0.96917564 0.93457
[4687, 0.45033285, 1.0418904, 6.779303, 0.14919183] 2.764645 1.1189972 0.96820307 0.9329569
[4688, 0.42060286, 1.0799541, 4.8533626, 0.45940962] 3.1446483 1.13218 0.86957467 0.8173727
[4689, 0.4950591, 1.0429097, 6.172081, 0.36025092] 2.9413657 1.1585921 0.97544414 0.8309429
[4690, 0.44799823, 1.0863893, 4.064502, 0.98244715] 3.045737 0.99035466 0.9627718 1.0769863
[4691, 0.5660292, 0.9892057, 5.597441, 0.40675834] 3.0730798 1.1700858 0.8233411 0.6440648
[4692, 0.4179971, 1.1019477, 5.2021093, 0.35805413] 2.910649 1.1723017 0.9994206 1.0239259
[4693, 0.46794334, 1.0390971, 4.886369, 0.20889656] 2.9883926 1.2069695 0.96035 0.97000587
[4694, 0.4816922, 1.0415843, 4.5602837, 0.6297255] 2.788494 1.0720546 1.0637282 0.9136907
[4695, 0.58212537, 0.9506899, 7.263939, 0.3528699] 2.447678 1.2064978 0.86378497 1.0067569
[4696, 0.50024164, 1.0489043, 5.892205, 0.42302364] 2.9108045 1.0125538 0.86011416 0.97964096
[4697, 0.48005337, 1.0651873, 4.110438, 0.7108127] 3.111773 1.1198139 0.85975444 0.93744236
[4698, 0.41048297, 1.0935922, 5.816293, 0.308063] 2.7925978 1.1496675 0.91188836 1.0427358
[4699, 0.54111356, 0.98166114, 5.7325287, 0.49843732] 2.690819 1.1441454 0.8606448 0.9152828
[4700, 0.4102528, 1.0814728, 4.8979316, 0.3745113] 3.0730548 1.0475566 0.9004393 0.99348587
[4701, 0.55668175, 0.9839032, 3.6839638, 0.45349398] 3.0359159 1.1936921 0.8578988 0.7549114
[4702, 0.54826856, 0.9884677, 6.091996, 0.30034593] 2.6527972 1.1339716 1.0430021 0.8901384
[4703, 0.4611555, 1.0656202, 2.9121459, 0.67540705] 3.2969303 1.1931256 0.9853154 0.7242036
[4704, 0.5275753, 1.0339534, 4.441112, 0.53270346] 2.8858128 1.2375656 0.96620494 0.8687053
[4705, 0.45247936, 1.0639534, 5.7729163, 0.20807762] 3.0272815 1.2063527 0.8910706 0.8465392
[4706, 0.47322425, 1.0472702, 4.255117, 0.42458358] 2.7474399 1.3687943 0.9296679 1.0085336
[4707, 0.47876313, 1.0392897, 3.7324197, 0.67740667] 3.2104735 0.9986069 0.89073545 0.9066967
[4708, 0.43640476, 1.0783757, 4.321048, 0.5661278] 3.0518427 1.1317508 1.0345407 0.82459515
[4709, 0.51038814, 1.032878, 4.7344203, 0.5909261] 2.9136415 1.1439867 1.05572 1.0171051
[4710, 0.44018385, 1.0664384, 5.7631774, 0.38221827] 2.7088017 1.1347371 0.9423391 0.9861424
[4711, 0.55055916, 0.9740527, 7.8412423, 0.2043878] 2.8173509 1.0374174 1.03297 0.81644446
[4712, 0.5922764, 0.95212275, 6.992217, 0.14447366] 2.691155 1.1466377 0.9740465 0.8317513
[4713, 0.51460034, 1.014773, 6.9488993, 0.35150135] 2.57186 1.1760594 1.056525 0.91350394
[4714, 0.52640325, 0.98892707, 8.000952, 0.2880692] 2.717135 1.0106293 0.9241202 1.0562648
[4715, 0.5206202, 1.0356448, 3.82407, 0.57890385] 3.126284 1.1330588 0.9727786 0.8194349
[4716, 0.50518453, 1.0245719, 6.7699513, 0.41348702] 2.8488834 1.0310653 0.91907525 0.9308399
[4717, 0.4668884, 1.0416757, 6.0810714, 0.26663956] 2.8138206 1.0907844 0.9281433 1.0343643
[4718, 0.4259146, 1.0758878, 4.3072696, 0.6803887] 3.036659 1.324711 0.89720345 0.70729077
[4719, 0.4115108, 1.0920212, 5.346262, 0.30366793] 3.0184681 1.1603167 0.9169472 0.95817745
[4720, 0.5521499, 0.9997289, 4.9210634, 0.8340938] 3.061074 0.99122673 0.8112567 0.722437
[4721, 0.48411155, 1.0433236, 4.793673, 0.60667986] 3.0340617 1.0705644 0.9316237 0.922244
[4722, 0.5885271, 0.9576673, 5.5457196, 0.31535703] 3.0146892 1.0805727 0.82213926 0.99926305
[4723, 0.48165706, 1.0319505, 6.1931973, 0.24829806] 2.9582622 1.1188565 0.8595264 0.8193675
[4724, 0.5012981, 1.027835, 5.8825746, 0.119598955] 2.9868686 1.1810387 0.9575664 0.7596779
[4725, 0.4823157, 1.0513296, 5.4584007, 0.39044464] 2.9022276 1.0792028 0.8120457 0.9651842
[4726, 0.56988734, 0.9786863, 5.240383, 0.4068047] 2.5659304 1.0919948 0.99688214 0.98202765
[4727, 0.5166791, 1.028366, 5.708941, 0.41140908] 2.8654315 1.1206218 0.9561321 0.9741816
[4728, 0.5814548, 0.94705296, 6.615198, 0.38451687] 2.5256412 1.1392614 0.91844934 1.0393362
[4729, 0.50252485, 1.0157406, 5.2744613, 0.27320352] 2.7537158 1.2206371 0.93953514 0.8416644
[4730, 0.64076865, 0.90203255, 4.7605886, 0.7868864] 2.501153 1.2517813 0.87781185 1.0140139
[4731, 0.5164991, 1.0126734, 5.362572, 0.52398384] 2.68853 1.0975496 1.0300181 0.97181565
[4732, 0.46912602, 1.045443, 6.5327334, 0.304702] 2.5306795 1.3413599 1.0998173 0.90618724
[4733, 0.6438564, 0.78317976, 3.4274585, 0.03405936] 2.9768243 0.9613032 0.837751 0.88901263
[4734, 0.45438558, 1.0253778, 5.647898, 0.32522586] 2.6463795 1.2215791 0.9466281 0.89702785
[4735, 0.60733986, 0.9022775, 5.4214506, 0.44310927] 2.5261917 1.04593 0.9304577 0.74708736
[4736, 0.4152025, 1.0593814, 4.963498, 0.3696548] 2.8236742 1.0931487 0.9941476 0.8522533
[4737, 0.44896045, 1.0553342, 5.4393516, 0.47881314] 2.803487 1.1550884 0.9912051 0.9063075
[4738, 0.5022982, 1.0244198, 5.0098796, 0.5093048] 2.523239 1.1344601 1.0333116 1.03925
[4739, 0.6282811, 0.8951784, 4.6292124, 0.6546491] 2.508944 1.1737309 0.9481881 0.9753287
[4740, 0.5235364, 0.99570763, 6.1377997, 0.5556708] 2.5253222 1.207663 0.9389894 0.90567476
[4741, 0.5228385, 1.0034088, 6.1782193, 0.34850597] 2.7251253 0.99930054 0.9926186 0.7782174
[4742, 0.42335862, 1.0967385, 7.6388493, 0.4802379] 2.796852 1.0590086 0.9064039 1.0208746
[4743, 0.57208955, 0.9896137, 5.1711326, 0.44550148] 2.7834206 1.3217418 0.9078515 0.7355781
[4744, 0.41300905, 1.0739362, 3.455364, 0.64476204] 2.7942712 1.0356203 1.1070248 1.0950468
[4745, 0.49825475, 1.0402398, 5.677592, 0.32683375] 2.9261775 1.2441669 0.9422055 0.76370496
[4746, 0.48225075, 1.0422171, 5.3410935, 0.3609925] 2.9644969 1.1052394 0.9364468 0.7822806
[4747, 0.4897186, 1.0447166, 4.115878, 0.5885283] 2.9664822 1.1336476 1.0539124 0.86555606
[4748, 0.55674183, 0.99359167, 4.4863577, 0.3617723] 2.9619248 1.1244581 0.9626327 0.94508004
[4749, 0.5207909, 1.0099273, 6.122442, 0.29006606] 2.5429652 1.1790934 0.94880235 1.2050395
[4750, 0.5719192, 0.9545746, 5.911333, 0.38709927] 2.7177684 1.157716 1.017791 0.8844734
[4751, 0.5010602, 1.028269, 5.5523334, 0.38697714] 2.6457918 1.3093269 0.93789786 0.9737241
[4752, 0.5510383, 0.9608111, 6.829896, 0.25687915] 2.5015967 1.125881 1.0805774 0.92405176
[4753, 0.47734517, 1.0560519, 5.7404637, 0.6155249] 2.834733 1.1035022 1.1101362 0.9384476
[4754, 0.49348602, 1.050582, 2.5921962, 0.8354185] 3.0637367 1.339518 1.0051228 1.0304489
[4755, 0.5518996, 0.99344987, 3.7871969, 0.6053254] 3.0335422 1.0841173 0.8870313 0.9922537
[4756, 0.44842607, 1.071138, 2.8017173, 0.77139115] 3.1288984 1.2762183 0.87248933 0.8794564
[4757, 0.5286335, 0.97359633, 3.902015, 0.36055076] 3.0248532 1.0666395 0.912761 0.9079206
[4758, 0.4876228, 1.0268654, 5.527239, 0.56216484] 2.7771127 1.1816776 1.0263947 0.866709
[4759, 0.61911875, 0.9218325, 6.229001, 0.22144781] 2.485995 1.3609847 0.843322 1.0587585
[4760, 0.51712674, 1.031477, 5.3621306, 0.7738447] 2.913687 0.97148335 0.9087645 0.9274469
[4761, 0.5164878, 1.0219532, 6.040759, 0.36649343] 2.6108558 1.2403356 1.0739875 0.8293101
[4762, 0.6021529, 0.95509696, 5.594651, 0.6325047] 2.9439318 1.1416237 0.9931667 0.8315457
[4763, 0.5926879, 0.9709653, 4.696964, 0.37979254] 3.0163438 1.0601324 0.80691314 1.115681
[4764, 0.5274394, 0.9964298, 6.224587, 0.27065188] 3.088818 0.9157086 0.87174565 0.7640841
[4765, 0.48246208, 1.0402848, 5.795983, 0.7850073] 2.777841 1.2390369 0.9547027 0.7646523
[4766, 0.49167222, 1.0302953, 5.1785746, 0.6299995] 2.8077064 1.0603533 0.8989059 0.86796075
[4767, 0.54423934, 1.0226289, 3.4237072, 0.79304874] 3.3551018 0.865409 1.0044984 0.86882466
[4768, 0.5286643, 1.0043377, 5.5663977, 0.3060844] 2.775277 1.2059716 1.0828296 0.85213774
[4769, 0.5431952, 1.0055034, 4.6822248, 0.56679016] 2.9263332 1.0336446 0.8663309 1.0267537
[4770, 0.4809311, 1.0458425, 4.8656664, 0.3342354] 2.8253896 1.171882 0.9716789 1.1085986
[4771, 0.47198197, 1.0385594, 5.7146177, 0.38590685] 2.729696 1.185504 1.0139636 0.90222496
[4772, 0.46005034, 1.0589602, 5.56829, 0.39142865] 2.9130173 1.1161662 1.1188405 0.72516865
[4773, 0.49225745, 1.0643115, 4.8857183, 0.40727168] 3.0145626 1.0648052 1.0355732 0.9186811
[4774, 0.54449993, 0.9995629, 5.22621, 0.4719898] 2.6307247 1.0421542 0.9590309 1.1327424
[4775, 0.5400606, 1.0125622, 3.780122, 0.88631177] 3.0842452 1.1273664 0.83084846 0.84663564
[4776, 0.5300992, 0.9927404, 4.703558, 0.7346824] 2.8395312 1.1000082 0.8825927 0.73842984
[4777, 0.6326374, 0.91564924, 5.674505, 0.3775695] 2.8112712 1.1393055 1.0149524 0.89006376
[4778, 0.47084683, 1.0685879, 5.2772837, 0.38403392] 2.9879646 0.99555284 0.9154052 1.0550066
[4779, 0.4861592, 1.0378184, 4.299252, 0.7451816] 2.670628 1.0402511 0.9359844 0.8911992
[4780, 0.6123667, 0.9143297, 6.142617, 0.34039626] 2.5380414 1.1459142 0.7986351 1.0408882
[4781, 0.42295632, 1.0919712, 5.045096, 0.48185596] 3.0255532 1.1664578 0.8500817 0.96378815
[4782, 0.43176377, 1.0542798, 5.6867824, 0.29459903] 2.6474404 1.3230059 0.9805929 1.009982
[4783, 0.47619644, 1.0458101, 4.4249253, 0.8555273] 2.9715204 1.2604215 0.89214134 0.9193196
[4784, 0.49800244, 1.0445518, 4.148826, 0.52409905] 3.1644206 1.1129737 0.7712586 0.9398966
[4785, 0.45903504, 1.0751654, 4.7491198, 0.6505403] 2.8998053 1.0578115 1.1290171 0.8946366
[4786, 0.5030865, 1.0411733, 4.777641, 0.5443191] 2.946519 1.2428112 0.8174896 0.9210492
[4787, 0.5804223, 0.9485304, 6.1881332, 0.30580395] 2.7161534 0.9368802 0.9402965 0.9970818
[4788, 0.5425984, 0.95931786, 4.2732477, 0.53927106] 2.6562743 1.1187171 0.9232563 0.86030847
[4789, 0.41298634, 1.0813257, 6.01907, 0.32459795] 2.7328777 0.93982166 0.965369 0.9950029
[4790, 0.51738125, 0.99361306, 5.420396, 0.4350996] 2.697182 1.0880743 0.9075169 0.9410175
[4791, 0.48906183, 1.0145274, 5.5549498, 0.35637075] 2.9716506 1.0833408 0.8041605 0.8157655
[4792, 0.5708325, 0.9655232, 5.677845, 0.5172028] 2.694696 1.1786573 0.9853334 0.9864262
[4793, 0.44837624, 1.0663496, 3.745413, 0.6598225] 3.0355837 1.1096215 1.0156271 0.954312
[4794, 0.60777617, 0.92504346, 5.181374, 0.40554804] 2.7392511 1.147032 0.90727913 0.8794288
[4795, 0.41734752, 1.0705934, 4.581631, 0.49593803] 2.913768 1.0669143 0.9741163 0.9752586
[4796, 0.5506168, 0.9841099, 6.5853763, 0.22645329] 2.850261 1.1333774 0.8906988 0.8657865
[4797, 0.59553933, 0.9388161, 6.1559763, 0.45553696] 2.5334554 1.2061449 1.0187687 0.894418
[4798, 0.53179765, 1.0093561, 5.198234, 0.45019552] 3.0063639 1.1195322 0.76652867 0.9300983
[4799, 0.5537625, 0.97069275, 7.921249, 0.26066434] 2.546144 1.254563 0.93165976 0.880006
[4800, 0.43805474, 1.0677241, 5.5922623, 0.63478994] 2.6318336 1.1608502 0.9933469 0.9416738
[4801, 0.4103312, 1.08561, 4.3544483, 0.6063103] 2.569891 1.2853963 0.90662146 1.0770421
[4802, 0.4904988, 1.028321, 5.4672832, 0.5916335] 2.7355392 1.1671834 0.9667207 0.9332545
[4803, 0.48251104, 1.0489748, 4.9498835, 0.6910241] 2.82401 1.1459693 0.8801602 1.0603459
[4804, 0.59743965, 0.9268445, 6.7193685, 0.18700188] 2.8583217 1.0979373 1.0138735 0.6988575
[4805, 0.44076395, 1.0756642, 5.736761, 0.3040628] 2.702781 1.2423005 0.96024865 1.0029898
[4806, 0.54483306, 0.9876206, 5.901589, 0.24983162] 2.7598255 1.286161 0.931582 0.8820619
[4807, 0.39935085, 1.119922, 4.66075, 0.56823325] 2.9048564 1.175858 0.9100056 0.9308376
[4808, 0.56741506, 0.97145385, 5.5041814, 0.6525416] 2.5539417 1.24783 0.9995944 0.6682003
[4809, 0.6133196, 0.94989014, 4.706822, 0.39074433] 3.075754 1.284062 0.96355146 0.694895
[4810, 0.5200021, 1.0247072, 3.674697, 0.79419506] 3.0741692 1.0290319 0.96924275 1.0375788
[4811, 0.56064177, 0.9648633, 6.7848473, 0.3438973] 2.509257 1.1879054 0.9808118 0.9544626
[4812, 0.46458054, 1.0650347, 5.728936, 0.25326228] 2.9247978 1.1440096 0.86885744 0.8557954
[4813, 0.50086546, 1.0215526, 4.586344, 0.40763184] 2.9780495 1.3238692 0.8618288 0.9075387
[4814, 0.5695051, 0.9653462, 7.851405, 0.23845498] 2.9150448 1.0794747 0.9278079 0.67755926
[4815, 0.5967293, 0.94045806, 4.2718883, 0.49206126] 3.0369694 0.99752617 0.78115314 0.8889586
[4816, 0.45786887, 1.059793, 5.162496, 0.57672644] 2.76958 1.1071658 0.9215742 1.0629933
[4817, 0.60735506, 0.9208841, 4.3880944, 0.66420835] 2.3426049 1.1626713 1.0168561 1.119495
[4818, 0.53892255, 0.9861549, 9.019591, 0.23812227] 2.7700324 1.0909518 0.9722548 0.9149069
[4819, 0.5101785, 1.0338663, 3.6038513, 0.63050437] 3.223424 0.9786661 0.8722255 1.0981525
[4820, 0.47671297, 1.0657954, 4.7932963, 0.6357082] 2.8735812 1.0710679 0.999966 0.8999163
[4821, 0.65331686, 0.89199054, 4.5886154, 0.38304734] 3.2107494 1.0796064 0.9489976 0.7962341
[4822, 0.47167054, 1.0686961, 4.223975, 0.52979666] 2.934265 1.0786912 1.0854733 0.9980562
[4823, 0.48040706, 1.082381, 4.7054744, 0.6202157] 2.983875 1.2500372 0.86437374 0.8220942
[4824, 0.5019021, 1.0280188, 5.8484497, 0.6803713] 2.6512089 1.2007533 1.0147375 0.69903827
[4825, 0.39415416, 1.0796272, 2.9541998, 0.94758546] 3.1228607 1.126876 0.9729554 0.95190126
[4826, 0.53978574, 0.9923716, 5.1076736, 0.4304365] 2.6138437 1.1651239 0.9855829 0.9630837
[4827, 0.49643043, 1.0045178, 6.5808983, 0.35207096] 2.519477 1.2278298 1.0109714 0.73141134
[4828, 0.5087313, 1.0289215, 4.8071294, 0.38361314] 3.0824823 1.2583514 0.8206557 0.75530577
[4829, 0.4888143, 1.0386945, 5.7713423, 0.31877622] 2.697828 1.2079182 0.93039185 0.8785934
[4830, 0.44229582, 1.0739876, 5.380884, 0.51540625] 3.150712 1.0799365 0.84247625 0.7334753
[4831, 0.50718766, 1.0207787, 6.2115903, 0.22796592] 2.6019046 1.2179879 1.0223808 0.8590749
[4832, 0.4727221, 1.0426592, 7.4424686, 0.35774067] 2.643874 1.0640194 0.94508874 0.9817387
[4833, 0.5579086, 0.9583566, 7.1622467, 0.22363374] 2.8552494 1.1029984 0.9960987 0.7327085
[4834, 0.53293556, 0.99120176, 5.6177197, 0.38260543] 2.6781194 1.1648653 1.0143327 0.8528027
[4835, 0.34230047, 1.0901268, 5.9169464, 0.3298237] 2.7429595 1.1070231 1.0100048 0.95570105
[4836, 0.49428993, 1.0332544, 4.0078588, 0.7168534] 3.1506019 1.173388 0.8745512 0.85370237
[4837, 0.41852584, 1.0775331, 4.3561015, 0.9137461] 2.6800826 1.1253154 0.98700863 0.9419953
[4838, 0.33749408, 1.1213678, 5.620779, 0.2920239] 2.8676643 1.2218956 0.9839859 0.8713581
[4839, 0.39482608, 1.1318128, 5.237376, 0.4327696] 2.9702032 1.0997336 0.9440924 0.9744016
[4840, 0.51757425, 1.0343219, 5.9665775, 0.49253422] 2.848232 1.0219707 0.9468436 0.9897691
[4841, 0.505272, 1.0211402, 5.7083807, 0.31461796] 2.8262062 1.1924182 0.9183821 0.8305335
[4842, 0.5121625, 1.0352945, 5.0336337, 0.3936585] 3.0189095 1.0857383 1.0195894 0.79506725
[4843, 0.3272418, 1.1376219, 4.829539, 0.8655344] 2.9110157 1.0767344 0.9152919 0.89697105
[4844, 0.4848786, 1.0372422, 6.0588455, 0.22977002] 2.823635 1.0516384 1.0363795 0.9998963
[4845, 0.6181272, 0.91782564, 5.48043, 0.41848356] 2.8426995 1.1540002 0.8872443 0.6200081
[4846, 0.51765776, 1.0447439, 4.1882625, 0.93100965] 3.198089 1.1237509 0.79685044 0.80022395
[4847, 0.4952884, 1.0058973, 6.875296, 0.23425052] 2.6753516 1.1937177 0.86388963 1.0342598
[4848, 0.4591213, 1.0578772, 6.1978526, 0.30639222] 2.9073586 1.1070856 0.95257586 0.7796497
[4849, 0.48853043, 1.0141917, 6.6609426, 0.2997264] 2.6645901 1.1572185 1.0571835 0.91067755
[4850, 0.46218622, 1.0613985, 4.6161013, 0.63915324] 2.8093946 1.1557668 0.91504884 1.1284027
[4851, 0.49208337, 1.0399185, 3.895027, 0.5669744] 3.3045492 0.9163326 0.8921644 0.72957087
[4852, 0.4733533, 1.027526, 4.924754, 0.4251302] 2.8828402 0.990596 1.0022136 0.97181755
[4853, 0.5071639, 1.0040405, 6.6044464, 0.3246155] 2.6334908 1.1921942 0.8444435 0.85054845
[4854, 0.5487725, 0.9813329, 3.338299, 0.71276224] 3.1771734 1.1351253 0.93311566 1.0644723
[4855, 0.5691732, 0.97153234, 4.491936, 0.38634697] 3.0129826 1.0590209 0.96127826 1.0720885
[4856, 0.5495241, 0.99319845, 5.4502935, 0.3866677] 3.0770543 1.1887128 0.96733916 0.6905581
[4857, 0.48690224, 1.029597, 5.875473, 0.4285537] 2.7121882 1.273052 0.9327092 0.9066498
[4858, 0.43607217, 1.0877428, 3.8727276, 0.5328867] 3.1063123 1.141575 1.0108097 0.8896046
[4859, 0.6042295, 0.9160577, 6.922023, 0.27368557] 2.439099 1.1959146 0.8831822 0.90631145
[4860, 0.49031326, 1.0038569, 5.208132, 0.48595577] 2.5095208 1.1643772 0.9600859 1.0613487
[4861, 0.54316175, 0.99569756, 6.6528854, 0.30659685] 2.7931201 1.1234757 0.9074845 0.98210555
[4862, 0.41690293, 1.069128, 5.124138, 0.5519913] 3.0961194 1.0235765 0.8081401 1.0056157
[4863, 0.4650864, 1.0625371, 4.234318, 0.6895951] 3.0680497 1.0818381 0.9345195 0.9475548
[4864, 0.56170845, 0.97261906, 5.5828114, 0.63201463] 2.909156 1.1904302 0.8822429 0.7105468
[4865, 0.45416206, 1.0707664, 5.1298175, 0.49397454] 2.9217913 1.0580814 0.90202284 1.0423877
[4866, 0.4346667, 1.0707465, 5.5657125, 0.36460885] 2.9343426 1.1564834 0.9282548 0.9401942
[4867, 0.5801599, 0.9638318, 4.3433475, 0.45996484] 3.1238742 1.0773239 0.80661404 1.002285
[4868, 0.49925143, 1.051314, 6.526973, 0.3635145] 2.9430227 1.2284636 0.9309549 0.6705591
[4869, 0.45744142, 1.0501516, 5.8765416, 0.4126171] 2.707732 1.1502262 0.8662744 0.95434254
[4870, 0.5296076, 1.0060477, 6.3683057, 0.41097313] 2.7159076 1.078401 1.1063483 0.845161
[4871, 0.49407944, 1.0661385, 4.932402, 0.44530854] 2.929403 0.9929947 1.0455401 0.93752146
[4872, 0.43916628, 1.0463427, 6.4851413, 0.23508199] 2.771511 1.072789 0.98072857 0.8717357
[4873, 0.4719466, 1.0427425, 3.8967965, 0.80212563] 3.186188 1.0856864 0.9996267 0.84818506
[4874, 0.50259405, 1.0228859, 5.703751, 0.25174618] 2.848742 1.0373755 0.81254196 0.9453847
[4875, 0.5173339, 1.0241396, 4.8366847, 0.48305914] 3.0545323 1.1414722 0.93711174 0.83840287
[4876, 0.540847, 0.9977948, 3.5430954, 0.66513336] 3.3358283 1.1662353 0.86716586 0.8124689
[4877, 0.4707917, 1.0410316, 5.5438595, 0.4402363] 2.6451788 1.1326756 1.0385369 0.9110647
[4878, 0.5217941, 1.0170206, 5.3539004, 0.19663294] 2.7239842 1.0656452 0.975818 1.0886297
[4879, 0.4723941, 1.0354588, 2.815789, 0.6918981] 3.1549532 1.2308786 1.0043775 0.9029622
[4880, 0.47716603, 1.0358508, 5.014946, 0.40026832] 2.7755225 1.1508429 0.94244665 0.9964224
[4881, 0.45847285, 1.0560603, 4.6235046, 0.40059328] 2.908541 1.2534755 0.89347243 1.0239232
[4882, 0.5055826, 1.0196134, 5.599306, 0.2914672] 2.7356627 1.3134484 1.0711507 0.8560905
[4883, 0.5979462, 0.93165785, 7.735975, 0.512879] 2.3558755 1.230582 1.0231389 0.99739814
[4884, 0.5464562, 0.98529863, 5.7613397, 0.6002331] 2.57487 1.130416 0.9219868 0.9318864
[4885, 0.4931772, 1.0180386, 4.944231, 0.26608953] 2.7796345 1.1194272 0.98360676 1.0767242
[4886, 0.50718343, 1.0261707, 5.9952326, 0.35857016] 2.8260913 1.2107179 0.951085 0.8060629
[4887, 0.5605052, 0.99896216, 3.8622787, 0.77068406] 3.137347 0.82124794 0.9534102 0.8900149
[4888, 0.5048335, 1.0459484, 4.9155397, 0.65481764] 2.9296238 1.2074417 1.0332351 0.82936317
[4889, 0.51168835, 1.01239, 6.210626, 0.6138074] 2.5773246 1.1461496 1.0679135 0.8119665
[4890, 0.5052484, 1.0426855, 4.6027155, 0.5045113] 3.0753894 1.0892202 0.8650433 0.7976972
[4891, 0.46560562, 1.065767, 3.5602052, 0.8344416] 3.1795766 0.9994209 0.9309349 0.9543751
[4892, 0.5201531, 1.0156413, 5.302073, 0.49617732] 2.6446807 1.2639501 1.0482211 0.86247945
[4893, 0.55484563, 1.0068408, 6.817564, 0.38894507] 2.8039677 1.2202358 0.8717611 0.9068031
[4894, 0.42762083, 1.1031954, 5.7782044, 0.34071723] 2.8971305 1.1874906 0.8849627 0.9744713
[4895, 0.45786577, 1.0343448, 4.0605307, 0.37074566] 2.951183 1.0559791 1.0414859 0.9440042
[4896, 0.52423483, 1.0209428, 4.017648, 0.73565006] 3.0650976 1.1025867 0.9012632 1.0173482
[4897, 0.49090302, 1.0209875, 5.3286805, 0.5074786] 2.7750566 0.9683215 0.89558 0.9084107
[4898, 0.5878155, 0.95059806, 5.688338, 0.50589216] 2.6335564 1.034035 0.91015476 0.86070454
[4899, 0.5285318, 1.0130702, 5.1685953, 0.5891463] 2.7378917 0.9908113 1.0025004 0.8781495
[4900, 0.50710857, 1.0117004, 5.896606, 0.35325497] 2.868083 1.0556681 0.8205094 1.0634531
[4901, 0.47111776, 1.059844, 5.1871777, 0.4572959] 2.9272058 1.344703 0.9090219 0.61593765
[4902, 0.48841286, 1.0298929, 5.8693047, 0.30344173] 2.777215 1.1249881 0.91957104 0.86764234
[4903, 0.43006077, 1.0913066, 4.453974, 0.58829534] 3.0614445 1.0817963 0.87527984 0.89029306
[4904, 0.5094187, 0.99783397, 6.690729, 0.26824543] 2.7450638 1.097763 0.97586596 0.9343061
[4905, 0.5151245, 1.0173512, 5.7249913, 0.6345151] 2.5881865 1.2308003 1.043057 1.0085887
[4906, 0.5600764, 0.983736, 6.031523, 0.3303951] 2.6931822 1.2766001 0.936395 0.93120176
[4907, 0.43854812, 1.0750749, 4.1975, 0.5992358] 3.2065983 1.1429322 0.96657205 0.6792256
[4908, 0.40166748, 1.0755385, 6.6847296, 0.21610436] 2.668694 1.1029096 1.0941931 1.0085562
[4909, 0.5337679, 1.0095464, 5.6171813, 0.34564924] 2.970178 1.1129582 0.89461523 0.71698904
[4910, 0.4873388, 1.0329577, 5.475188, 0.35997507] 2.7668836 1.1877978 0.9477056 0.84972686
[4911, 0.48355308, 1.0635089, 4.3172503, 0.7645717] 2.970507 1.1834693 1.0496988 0.8070325
[4912, 0.45981163, 1.04917, 4.4482956, 0.59377587] 3.1168551 1.055115 0.9522476 0.77405286
[4913, 0.58479863, 0.9365297, 5.875073, 0.29708895] 2.5936563 1.1932744 0.8863383 0.89343596
[4914, 0.52395946, 1.0008718, 6.5326185, 0.29326132] 2.7074752 1.1442248 1.0161215 1.0605557
[4915, 0.4500418, 1.0624894, 5.2317233, 0.44116017] 2.6721005 1.1496421 0.8501288 0.98814523
[4916, 0.57996744, 0.96949524, 4.865521, 0.50598097] 3.0210044 1.1035867 0.94001615 1.0170401
[4917, 0.43273443, 1.0703301, 5.4240723, 0.5156311] 2.8538008 1.1463972 0.8015344 0.9983416
[4918, 0.5317818, 1.0153707, 5.92013, 0.42588583] 2.9248128 1.2366762 0.7553237 0.8036206
[4919, 0.39058068, 1.1022112, 2.9707096, 0.94678104] 3.1674871 1.0878162 1.0572854 1.1026738
[4920, 0.4827851, 1.0343562, 6.5355678, 0.51711124] 2.672543 1.1060477 0.9973138 0.98170847
[4921, 0.5615491, 0.9731867, 6.120713, 0.49598634] 2.5279322 1.1269445 0.963124 0.97325075
[4922, 0.4824602, 1.0358715, 6.3478065, 0.30187443] 2.640549 1.240266 1.0331844 0.6898842
[4923, 0.48175743, 1.0253716, 6.041722, 0.55683714] 2.7688613 1.1688992 0.93642044 0.64359576
[4924, 0.48050022, 1.0527792, 7.427558, 0.52852356] 2.5031698 1.0633312 1.1097282 1.0735015
[4925, 0.4531915, 1.0709709, 7.247719, 0.23685937] 2.6492128 1.0619035 0.99208224 1.0711112
[4926, 0.36689055, 1.1068723, 5.7112646, 0.26779813] 2.8992934 1.0992436 0.87275094 0.87626135
[4927, 0.48063147, 1.0529605, 3.6289563, 0.67770594] 2.8319576 1.3236077 0.9337455 1.064111
[4928, 0.5155964, 1.0249104, 6.460442, 0.18819343] 2.7851486 1.0147861 0.97254354 1.2624649
[4929, 0.5360768, 1.006285, 4.0994005, 0.8306114] 2.9287877 1.2163639 1.0184462 0.8597014
[4930, 0.5736784, 0.97221565, 5.744727, 0.5176057] 2.7103841 1.1372877 0.89271045 0.8893397
[4931, 0.46322885, 1.044317, 5.816491, 0.37798196] 2.7025497 1.2333821 1.0665256 0.91918474
[4932, 0.56901807, 0.9721836, 5.1052995, 0.30613035] 2.696556 1.1935812 0.8577581 1.0643703
[4933, 0.5182808, 1.0188597, 5.1175632, 0.3612719] 2.8146827 1.2550863 0.8487124 1.0473737
[4934, 0.48452103, 1.0640327, 3.9314516, 0.83278966] 2.930651 1.3204868 1.1018777 0.78589964
[4935, 0.6126693, 0.93059295, 5.657512, 0.46103862] 2.36874 1.1123109 0.9694123 0.9159881
[4936, 0.50677145, 1.0492309, 4.6196737, 0.40802747] 2.708048 1.1580627 0.84435236 1.0729755
[4937, 0.5025156, 1.0500538, 4.0847573, 0.7908989] 3.2139623 1.2516183 0.8195901 0.7130063
[4938, 0.41963163, 1.081538, 5.1071773, 0.5076031] 2.8154142 1.1816326 0.9293859 0.96073514
[4939, 0.50901264, 1.0319374, 5.863013, 0.2724632] 2.922977 1.135806 1.0157615 0.95305747
[4940, 0.46058506, 1.0461878, 6.697075, 0.21024916] 2.7000961 1.0986696 0.8645448 1.1756299
[4941, 0.4968435, 1.0246913, 6.037792, 0.20767954] 2.7039013 1.2159076 0.99644005 0.9407162
[4942, 0.53446436, 1.0038253, 6.210635, 0.31061083] 2.6248024 1.0845819 0.8421415 1.0751438
[4943, 0.50321263, 1.0354296, 5.77904, 0.5245727] 2.895177 1.0255365 0.93105996 0.9657643
[4944, 0.46169966, 1.0655485, 4.901933, 0.50176996] 2.932344 1.1540633 0.92718923 0.90993136
[4945, 0.6088008, 0.9230618, 5.494944, 0.73142374] 2.2546206 1.3463728 0.9607891 0.92890143
[4946, 0.4368158, 1.0776024, 3.8411455, 0.6177448] 3.2126722 1.0363955 0.8860931 0.9126098
[4947, 0.512267, 1.0294671, 4.146103, 0.74236333] 3.2521248 1.0464832 0.85813963 0.8604924
[4948, 0.36058444, 1.1263843, 5.530737, 0.42065006] 2.9297073 1.2122784 0.90222925 0.8610461
[4949, 0.44362518, 1.0646367, 6.1680565, 0.33178535] 2.6445086 1.2266626 1.0782527 0.95764774
[4950, 0.43020004, 1.0713842, 4.712959, 0.9435882] 2.8886814 1.1914968 0.8807493 0.9308241
[4951, 0.47185674, 1.0516499, 5.0130267, 0.5234] 3.076919 1.2276083 0.88637686 0.7787735
[4952, 0.54968446, 0.99990565, 4.3352494, 0.6404324] 3.0255065 1.1996853 0.95977664 0.9429535
[4953, 0.48996082, 1.0080079, 6.2846255, 0.34722936] 2.5253208 1.1681992 0.8598668 0.90334636
[4954, 0.57318777, 0.920906, 6.0507326, 0.36218318] 2.2878947 1.1619029 1.0320591 0.9631666
[4955, 0.49363482, 1.0384399, 5.006396, 0.4446495] 2.715203 1.1620817 0.8520519 0.998059
[4956, 0.48816094, 1.0185924, 6.500953, 0.40709987] 2.722412 1.2846231 1.0130949 0.8659036
[4957, 0.51827013, 1.0047419, 4.6063356, 0.43224257] 2.8733764 1.0525285 1.044165 0.90329516
[4958, 0.57993305, 0.9597621, 5.3546515, 0.49249658] 2.5433662 1.3343041 0.9444761 0.82295597
[4959, 0.51094794, 1.0081848, 6.1925035, 0.22124901] 2.4699612 1.2299035 1.0962479 1.0981652
[4960, 0.4892089, 1.0401502, 5.4364524, 0.4994497] 2.9032257 1.02756 1.0045377 0.8915475
[4961, 0.38795128, 1.0862576, 6.121706, 0.22265553] 2.8301225 1.099786 1.033154 0.9544673
[4962, 0.45874467, 1.0653005, 4.710661, 0.52488977] 2.8894482 1.1713796 1.0613352 1.0226144
[4963, 0.30673677, 1.1228999, 4.7018046, 0.36211106] 2.8506246 1.1038405 1.0790467 1.15736
[4964, 0.5869908, 0.93094826, 5.7456555, 0.32794297] 2.897519 1.1310432 0.90221375 0.8608924
[4965, 0.42477193, 1.0674026, 3.7248902, 0.6270349] 3.1918976 1.1109954 0.9504395 0.85770786
[4966, 0.47408578, 1.0319793, 5.669587, 0.31049487] 2.628863 1.1061246 1.1956679 0.97066945
[4967, 0.48870465, 1.0346711, 5.4543347, 0.46211603] 2.6910386 1.1271609 1.1344211 1.020975
[4968, 0.54008025, 1.003501, 4.4042706, 0.61225367] 3.0204585 1.1961471 0.98850876 0.9848635
[4969, 0.42479524, 1.075989, 3.8742914, 0.6898626] 3.2020478 1.1636114 0.7589866 0.7973933
[4970, 0.6098279, 0.9509163, 5.2599125, 0.50241446] 3.2220743 0.99342597 0.8647941 0.7790813
[4971, 0.51545244, 1.0263017, 4.391105, 0.6469827] 3.194792 1.078738 1.0681056 0.6051389
[4972, 0.53861135, 0.9967411, 4.3600836, 0.44594544] 2.9957213 1.3917716 1.0259837 0.91042787
[4973, 0.3204236, 1.1389493, 6.243941, 0.2604002] 2.818438 1.1009603 1.006416 0.9302304
[4974, 0.4645508, 1.0563471, 3.8267345, 0.7536322] 3.0463765 1.0961654 0.9853265 0.880608
[4975, 0.48020664, 1.032365, 4.9991584, 0.71395296] 2.8087337 1.1862216 0.8472013 0.891896
[4976, 0.5672542, 0.959057, 7.052509, 0.3972717] 2.7275362 1.2189239 0.7763225 0.7848053
[4977, 0.5133176, 1.0335063, 4.6925254, 0.5282954] 3.1410935 0.871856 1.0412304 0.96636146
[4978, 0.49402353, 1.025219, 6.282309, 0.30703297] 2.8550549 1.1406786 0.91806406 0.90006036
[4979, 0.45221052, 1.0712805, 4.705036, 0.5635671] 2.7502553 1.1397011 1.0122532 1.1174963
[4980, 0.4996298, 1.0040369, 5.5796046, 0.49773666] 2.821589 1.1018287 0.8827431 0.86190045
[4981, 0.54337025, 0.99430734, 5.736396, 0.24302185] 3.0447614 1.0148132 0.82988876 0.7109648
[4982, 0.46965122, 1.0688819, 3.8535476, 0.66860586] 3.064705 0.9904184 1.041038 1.0607948
[4983, 0.6197516, 0.93456525, 5.2506576, 0.42072228] 3.1500905 1.0552943 0.8449098 0.83050656
[4984, 0.45243132, 1.0511376, 5.9576516, 0.323223] 2.699615 1.2328641 0.93077683 0.93183804
[4985, 0.53894866, 1.011821, 6.030884, 0.41986558] 2.6863873 1.0619341 0.9914083 1.1026456
[4986, 0.53728455, 1.0126913, 5.340068, 0.49064735] 2.8526294 1.1633435 0.9944227 0.9529247
[4987, 0.48648882, 1.0434443, 6.759725, 0.2434621] 2.7577422 1.2767574 1.0818745 0.86740726
[4988, 0.5230782, 1.0033484, 6.153437, 0.41930464] 2.61036 1.1115351 0.87370384 0.92252517
[4989, 0.53864527, 0.9650467, 6.5343924, 0.11183829] 2.8661637 1.1913058 0.906847 0.77109224
[4990, 0.5053208, 1.0262636, 5.9333963, 0.46474162] 2.9608006 1.1484169 0.9457215 0.8554656
[4991, 0.46201882, 1.0560318, 4.480474, 0.57162285] 2.980186 1.1898437 1.0697002 0.9156432
[4992, 0.46622422, 1.058816, 5.858805, 0.42002812] 2.9678385 1.1364028 0.96424246 0.84342515
[4993, 0.47221714, 1.0596011, 6.188031, 0.4256057] 2.7098598 1.1268623 0.970595 0.8235957
[4994, 0.5229918, 1.0105002, 4.2943277, 0.4113323] 2.8690333 1.1082314 0.86503685 1.0169855
[4995, 0.55295134, 0.9791211, 6.5461507, 0.2508747] 2.7510686 1.0949681 0.9351056 0.78007555
[4996, 0.528767, 1.035877, 3.8897839, 0.6707491] 3.0995543 1.2350851 0.9905214 0.91392136
[4997, 0.5046033, 1.018276, 4.7275333, 0.68718344] 2.9946313 1.105957 1.0853254 0.7841767
[4998, 0.5803005, 0.97467744, 5.648714, 0.3655274] 2.6598487 1.1741248 0.9640535 1.1597255
[4999, 0.5425012, 1.0115992, 4.983042, 0.3605291] 2.9456787 1.0874001 0.8761345 0.8957751
[5000, 0.5047059, 1.035705, 5.0974307, 0.8392598] 2.9327593 1.228236 0.9980026 0.8105759
[5001, 0.45688885, 1.0627362, 4.4320083, 0.7306628] 2.9551134 1.1303949 0.90755874 0.88007855
[5002, 0.59617716, 0.9191536, 5.8532662, 0.3335253] 2.5258799 1.1538817 0.93494284 0.940651
[5003, 0.49089426, 1.0356206, 5.1629357, 0.31330648] 2.6884708 1.2768341 0.89023423 0.9585083
[5004, 0.44864166, 1.0568023, 5.2253494, 0.49427032] 2.797562 1.342721 1.0582812 0.6607504
[5005, 0.44736502, 1.069907, 5.707642, 0.4736491] 2.6230774 1.1933259 0.88636714 1.1940997
[5006, 0.5741885, 0.97530764, 5.6671987, 0.39821628] 2.4978259 1.3843613 0.92097026 0.8542926
[5007, 0.48473907, 1.0409704, 4.7941213, 0.60307235] 2.8860946 1.1208141 0.89919513 0.82383096
[5008, 0.66035694, 0.8884356, 6.3521924, 0.3396658] 2.6415594 1.2496333 1.0416031 0.87558645
[5009, 0.5179319, 1.0213723, 3.3867164, 0.5456054] 3.3528347 0.98737574 0.9099114 0.83582443
[5010, 0.49936754, 1.0457546, 3.7882202, 0.9486748] 3.0415423 1.1923848 0.88081527 1.0077236
[5011, 0.50417894, 1.0335412, 3.9607306, 0.6976033] 3.150369 1.1279854 0.8755868 0.8679118
[5012, 0.4688102, 1.0442386, 4.742556, 0.5062117] 2.750624 1.123789 1.0592878 1.1870564
[5013, 0.5265645, 1.0323824, 5.2237935, 0.48438036] 2.8273027 1.1566602 0.9601723 0.9996595
[5014, 0.5182228, 0.99529016, 6.3399034, 0.27651924] 2.6536975 1.1219574 0.9045174 1.0338115
[5015, 0.4587264, 1.0471185, 5.9471416, 0.35429212] 2.9993348 1.0036069 0.96964794 0.7431299
[5016, 0.43744123, 1.0667905, 6.0230646, 0.35982913] 2.9476173 1.1415578 0.87849814 0.93704724
[5017, 0.5445758, 0.99380726, 7.2348905, 0.21138245] 2.7362177 1.12108 0.93635404 1.0099149
[5018, 0.4049447, 1.0667996, 6.151998, 0.29666328] 2.757953 1.0963789 1.0445906 0.6910993
[5019, 0.47062528, 1.050932, 5.254595, 0.30409572] 2.8480904 1.3459013 1.0210148 0.7750759
[5020, 0.4011847, 1.0981867, 3.419201, 0.77220064] 3.1860368 1.1165813 0.8621715 0.8726853
[5021, 0.46723896, 1.0286989, 4.13826, 0.69512767] 2.6799262 1.2756822 1.0648361 0.91118044
[5022, 0.41782403, 1.0787966, 4.5074544, 0.45345336] 2.8751202 1.2046194 0.95181924 0.77762115
[5023, 0.37891153, 1.152938, 2.2223282, 0.8322002] 3.5422308 1.0593337 0.8293139 0.9883367
[5024, 0.48899236, 1.0612527, 5.6034813, 0.3241164] 2.8348444 1.1568274 1.0005858 0.9117294
[5025, 0.58474284, 0.97981846, 3.864066, 0.53488636] 3.2679408 1.1503264 0.9334702 0.59394926
[5026, 0.5044773, 1.0126295, 4.652891, 0.40223384] 2.631954 1.1228449 1.0238795 1.0348839
[5027, 0.49968058, 1.0264283, 4.939081, 0.4484279] 2.9527586 0.87155795 0.8757126 0.9219418
[5028, 0.42193383, 1.0886036, 3.290198, 0.8106376] 3.0117178 1.1184195 1.0284852 0.9980355
[5029, 0.4773537, 1.0523533, 5.0968847, 0.4222254] 2.6544044 1.2058903 1.0182276 1.0813656
[5030, 0.49056515, 1.061188, 5.5261497, 0.57080555] 2.752345 1.2570928 0.9530657 0.89724165
[5031, 0.53228444, 1.014504, 5.628295, 0.31265363] 2.931505 1.3301641 1.0049336 0.73624367
[5032, 0.63748014, 0.8922898, 4.8984914, 0.33124346] 3.1793253 0.9290695 0.79898804 0.8770634
[5033, 0.49368626, 1.0167484, 4.5933104, 0.57849103] 2.6742048 1.0558374 0.9355535 0.94187987
[5034, 0.5005964, 1.0158523, 5.1964426, 0.53699654] 2.6756554 1.1171091 0.9839514 0.98196095
[5035, 0.47799104, 1.0521568, 5.339562, 0.36248228] 3.0588691 1.0249509 0.8807549 0.86495185
[5036, 0.5689962, 0.9708591, 6.055363, 0.4036984] 2.7679088 1.1578156 0.8226015 0.77841187
[5037, 0.50280243, 1.0372201, 4.5193095, 0.6112917] 3.0933447 1.0722382 1.1307636 0.7773535
[5038, 0.4674747, 1.015183, 7.3163543, 0.13863003] 2.5729187 1.1555312 0.9847381 0.95793116
[5039, 0.46204048, 1.0464767, 5.402042, 0.41940686] 2.598963 1.2050903 0.99105686 1.2197789
[5040, 0.4868931, 1.0564189, 3.8286428, 0.65641564] 3.1127434 1.1522964 1.0142745 0.8644151
[5041, 0.6090916, 0.9467951, 8.849235, 0.31655005] 2.8286636 0.9692129 1.0940843 1.0226473
[5042, 0.49073473, 1.0513153, 4.3289137, 0.43569142] 2.939135 1.1152785 0.8684821 1.0984344
[5043, 0.4189614, 1.0799483, 4.4459443, 0.6269883] 2.9248161 1.2431624 0.922932 1.0214268
[5044, 0.5324272, 1.0075104, 4.6228714, 0.6850484] 2.4722824 1.1785011 1.0224566 0.96106476
[5045, 0.4842005, 1.03418, 3.9835775, 0.6980886] 3.1972537 1.0694671 1.0595404 0.8736489
[5046, 0.5992622, 0.93689275, 6.284537, 0.18804848] 2.5384164 0.9078027 0.8820921 1.3416502
[5047, 0.45805612, 1.0709187, 4.362158, 0.5569011] 3.0905263 1.086459 0.93690497 0.74096376
[5048, 0.5196354, 1.0153253, 5.840656, 0.33447906] 2.8597758 1.1874113 0.8832568 1.0026188
[5049, 0.5165371, 1.0162232, 6.4808054, 0.31737652] 2.7379742 1.1843963 0.91121197 0.85759556
[5050, 0.50790536, 1.0282823, 6.1276703, 0.34519422] 2.6335385 1.1624297 1.0794724 0.9089098
[5051, 0.51497465, 1.0297945, 4.752333, 0.43400413] 2.88651 1.1553543 0.78022116 0.97503066
[5052, 0.6188134, 0.8941359, 6.0299163, 0.46190053] 2.3521109 1.1156853 0.928993 0.8322313
[5053, 0.49782225, 1.0348853, 5.840694, 0.33215037] 2.8422253 1.2755978 0.85059047 0.94005
[5054, 0.5004174, 1.0146651, 5.632577, 0.27581766] 2.7088273 1.0525103 0.9551268 0.9567976
[5055, 0.407379, 1.1017956, 5.007905, 0.57438755] 2.9067883 1.1821388 0.9706291 0.9453829
[5056, 0.5326803, 0.9835533, 6.818309, 0.32791224] 2.589308 1.2223006 1.0536677 0.94357735
[5057, 0.65950644, 0.84299797, 7.431558, 0.16665344] 2.1849608 1.0803211 1.0214213 0.9528844
[5058, 0.4376782, 1.0718932, 5.054094, 0.42301956] 2.9506679 1.2613631 0.9505896 0.7965011
[5059, 0.54212594, 0.97490376, 5.889207, 0.22364554] 2.674927 1.2005626 0.9163627 0.8103616
[5060, 0.5585827, 0.98459613, 5.567903, 0.26133734] 2.9341612 1.1556444 0.9627177 0.80570596
[5061, 0.5011482, 1.0214106, 5.9203606, 0.32334077] 2.8332813 1.1164432 0.9923885 0.8803833
[5062, 0.48207363, 1.0364174, 4.488651, 0.43846273] 3.010301 1.0588951 0.9551795 1.1150897
[5063, 0.44128957, 1.0514668, 6.000772, 0.1866969] 2.8433855 1.002067 0.9271682 1.0211371
[5064, 0.5021451, 1.0031254, 5.718446, 0.28136882] 2.42034 1.0471363 1.0523142 1.073621
[5065, 0.45261544, 1.0603933, 4.8998957, 0.43611282] 2.949998 1.068445 0.91085434 1.0232002
[5066, 0.5055985, 1.0195721, 6.1547937, 0.3249947] 2.7921345 1.2544212 0.90023154 0.89426464
[5067, 0.5332566, 0.9937162, 4.0912414, 0.5527765] 3.0365589 1.2789026 0.89746547 0.91224223
[5068, 0.43615648, 1.0705596, 5.1903615, 0.4693599] 2.7533789 1.1781445 1.1743418 0.9422389
[5069, 0.4107146, 1.0960152, 5.0813475, 0.55324095] 2.9625032 1.0599092 1.0230101 0.9318118
[5070, 0.49055922, 1.0424134, 4.311747, 0.5357972] 3.0703428 1.1020573 0.7748537 0.8771739
[5071, 0.43868026, 1.0756971, 5.43998, 0.35239854] 2.9705982 1.0212902 0.92151946 0.8677542
[5072, 0.47106314, 1.0649137, 4.463962, 0.39953116] 3.0592394 1.1015449 0.88409084 1.1276287
[5073, 0.4957347, 1.0117357, 6.555989, 0.36002788] 2.4687443 1.2318263 0.9487892 0.93757856
[5074, 0.521705, 1.0299169, 3.0162668, 0.7781019] 3.3254395 1.0440744 0.91809464 0.9001727
[5075, 0.5704045, 0.98109764, 5.3586125, 0.31216887] 2.645091 1.378061 1.1464537 0.7611109
[5076, 0.5047764, 1.0475167, 5.0995693, 0.61853355] 2.9533389 1.1438456 0.9158085 1.0315052
[5077, 0.5630209, 0.9856694, 4.6311803, 0.322364] 3.1794925 1.0002754 0.8187894 0.72806674
[5078, 0.53800905, 1.0042428, 5.961756, 0.7932901] 2.6700714 1.2715033 0.8763052 0.752869
[5079, 0.5590653, 0.96905786, 7.9066453, 0.29032332] 2.6633945 1.1084428 1.000754 0.7448467
[5080, 0.49098814, 1.0220904, 4.236263, 0.44481862] 2.9280841 1.1099036 1.1490964 1.0347601
[5081, 0.5137891, 1.045262, 4.893143, 0.5136656] 3.1002111 1.0262612 0.99967504 0.963536
[5082, 0.5414896, 1.0008119, 3.7258902, 0.52268916] 2.932326 1.3099227 1.0166323 0.90654075
[5083, 0.54131496, 0.9847653, 5.594424, 0.4653509] 2.7501047 1.1278464 0.9707704 0.7231131
[5084, 0.4149762, 1.1030604, 4.355613, 0.635148] 2.8942664 1.0850693 1.0069672 0.934723
[5085, 0.541803, 0.9993303, 6.2344933, 0.35095304] 2.7747564 1.2573656 0.9188505 1.018787
[5086, 0.47413093, 1.0495137, 4.0053544, 0.4718722] 2.8725536 1.2354345 0.9945509 1.0552515
[5087, 0.4154345, 1.1107699, 4.9456654, 0.387509] 2.9541733 1.2416234 0.9343739 1.0069487
[5088, 0.5010061, 1.0222481, 4.5133214, 0.95412] 2.7581244 1.1572785 0.9461815 0.9324067
[5089, 0.53129584, 1.0014132, 6.5218596, 0.35260957] 2.492281 1.2267634 1.0531507 1.0277992
[5090, 0.41734856, 1.0770658, 5.0595903, 0.3779081] 3.0000966 1.1859113 0.9391718 0.92333734
[5091, 0.3383704, 1.1075542, 5.417318, 0.25607473] 2.885093 1.1411264 0.94028956 0.9828956
[5092, 0.44546935, 1.0689658, 5.9278927, 0.30738872] 2.8040817 1.0213634 1.0175157 1.0901195
[5093, 0.61694384, 0.90887886, 7.3086305, 0.2304541] 2.5767577 1.0111105 1.0175242 1.062004
[5094, 0.6471476, 0.88046354, 4.6389084, 0.68519986] 2.5920074 1.1119559 0.9919522 0.9062677
[5095, 0.3723167, 1.1053605, 5.199196, 0.37523276] 2.8412898 1.1332722 0.9417451 1.0037826
[5096, 0.47264943, 1.0446441, 4.9572873, 0.35863036] 2.6968577 1.3746822 1.0414788 0.92385477
[5097, 0.4880488, 1.0303755, 3.7909832, 0.957898] 3.15347 1.1564063 0.93286306 0.7274175
[5098, 0.44858178, 1.0534496, 6.1350393, 0.37388155] 2.7108035 1.0994179 1.0001655 0.8704758
[5099, 0.31637594, 1.1267636, 5.6146865, 0.31814188] 2.9190576 0.9351195 1.0072546 0.94415426
[5100, 0.62249535, 0.8900506, 6.634859, 0.37005442] 2.174532 1.0962956 1.0953391 1.001042
[5101, 0.45848948, 1.0565344, 4.136145, 0.77065957] 3.0177424 0.95184255 1.0174073 1.0112653
[5102, 0.46482876, 1.057259, 5.5069933, 0.43466905] 2.765945 1.0210272 0.9107624 0.82731473
[5103, 0.3359942, 1.10748, 5.0897527, 0.4538839] 2.5999558 1.1528652 1.0887476 0.93183583
[5104, 0.5110865, 1.0305841, 4.425312, 0.46792576] 2.8022797 1.3442109 0.9170612 0.95350593
[5105, 0.5170356, 1.018612, 4.617653, 0.43667716] 2.8437977 1.2467455 1.0715677 1.0097096
[5106, 0.3876477, 1.0853562, 4.636239, 0.38382202] 3.008239 1.0706186 0.92239386 1.017563
[5107, 0.5257955, 0.9995197, 5.67076, 0.3972646] 2.52632 1.1652896 1.0406685 1.1392511
[5108, 0.36226198, 1.1261686, 3.6577919, 0.72077715] 3.098241 1.1354072 0.9596901 0.97954464
[5109, 0.4038736, 1.084364, 6.981163, 0.22953866] 2.6926408 1.1697181 1.0009727 0.97204846
[5110, 0.4926048, 1.0186946, 6.012932, 0.5225672] 2.506139 1.1500982 1.0941719 0.98219645
[5111, 0.5039306, 1.0196149, 3.8765507, 0.8392256] 2.9110394 1.1522623 1.0359336 0.9549294
[5112, 0.5136573, 1.0242139, 5.7098155, 0.29574648] 2.8681967 1.1669823 0.92631453 0.78798634
[5113, 0.5583739, 1.0016111, 4.39581, 0.7440585] 2.9384682 1.1180322 0.83775467 0.984133
[5114, 0.3744931, 1.1035393, 4.993277, 0.38145044] 2.9307513 1.1244282 0.91994596 0.9715906
[5115, 0.3998515, 1.085239, 4.733079, 0.47090247] 2.8073485 1.042672 1.0070636 0.9341658
[5116, 0.39048475, 1.0923884, 4.7633786, 0.28288275] 2.980293 1.3606815 0.8766575 0.9829116
[5117, 0.48446363, 1.0564315, 4.6329646, 0.61997426] 3.055325 0.98037475 0.8398961 1.0618321
[5118, 0.46719038, 1.0621152, 3.304106, 0.6603396] 3.136238 1.1930699 0.96130633 1.0116452
[5119, 0.5077234, 1.0293131, 5.151512, 0.3354331] 2.6949332 1.2377867 1.1732078 0.9905239
[5120, 0.606943, 0.950705, 3.9984305, 0.8415797] 2.7337525 1.0462009 0.96920455 0.88780195
[5121, 0.46077296, 1.0709972, 4.491026, 0.7527266] 3.0653646 1.1175741 0.9511446 0.75555056
[5122, 0.46685135, 1.0155872, 4.7687416, 0.62827027] 2.6103494 1.1141491 0.86872804 0.9189368
[5123, 0.5246928, 1.0153062, 5.75649, 0.50400484] 2.7859154 1.0481839 0.9673875 0.8806392
[5124, 0.45428428, 1.0550534, 6.5554247, 0.41304925] 2.706641 1.1418746 0.81905043 0.8986483
[5125, 0.45318034, 1.0612873, 4.626174, 0.3654368] 2.8890507 1.2115341 0.9328526 0.91105527
[5126, 0.55453384, 1.012994, 4.961656, 0.4367834] 2.8764555 1.1886232 0.9964143 0.7462864
[5127, 0.5198163, 1.003328, 5.916948, 0.47400406] 2.7040153 1.092294 0.94188255 1.0583123
[5128, 0.45479834, 1.0734278, 5.6735253, 0.65313494] 2.74751 1.2199525 1.0451695 0.97384834
[5129, 0.5178676, 1.0375088, 5.2449145, 0.308798] 2.932421 1.1589327 0.9643006 1.0281888
[5130, 0.49966246, 1.0260683, 5.8399463, 0.5214966] 2.730063 1.2215579 0.9438512 0.80945903
[5131, 0.48631898, 1.0400996, 4.221279, 0.5245764] 2.911737 1.219587 1.0335811 0.9098929
[5132, 0.48148748, 1.0411056, 5.934731, 0.5439291] 2.6138375 1.1410629 1.0223179 1.0909357
[5133, 0.4723133, 1.0662304, 2.6048434, 0.8922647] 3.3589327 1.1776195 0.99718577 0.72187895
[5134, 0.5062675, 1.0181392, 5.743646, 0.58668834] 2.7121847 1.1111904 1.0137658 0.92177606
[5135, 0.45793095, 1.0579152, 3.934525, 0.9213741] 3.0077178 1.2014776 0.965476 0.83889335
[5136, 0.5311854, 1.0032765, 5.2644367, 0.39896163] 2.7387886 1.1818466 0.9303984 1.0945497
[5137, 0.44695717, 1.0409393, 5.0498395, 0.46878237] 2.4687884 1.1462829 1.0365437 1.0480223
[5138, 0.58216125, 0.98428226, 3.6759453, 0.8182137] 2.9243054 1.2258067 0.96116394 1.0969722
[5139, 0.4623422, 1.0353507, 5.840998, 0.36302474] 2.8348432 1.1021345 1.0618683 0.9166577
[5140, 0.53966933, 0.9950593, 6.2935123, 0.24343799] 2.821635 1.1632565 1.0482517 0.88868034
[5141, 0.46621165, 1.0414519, 5.7796297, 0.23220079] 2.708269 1.1902981 1.0130224 0.97920084
[5142, 0.5527075, 0.971095, 6.356631, 0.2178341] 2.886205 1.031296 0.91864383 1.0088263
[5143, 0.45260578, 1.0551642, 4.369704, 0.63988686] 2.9286942 0.99706733 0.91499645 0.89375836
[5144, 0.46019846, 1.0677246, 5.1994514, 0.5628357] 3.1405144 1.0218955 0.8980918 0.7488773
[5145, 0.5652689, 0.96770495, 6.739039, 0.2551916] 2.673711 1.0738437 1.0285304 1.0364772
[5146, 0.51823455, 1.0181302, 5.5192714, 0.35148427] 2.6142874 1.2733016 1.0927 1.065128
[5147, 0.5220661, 1.0131046, 6.1948185, 0.325209] 2.7797136 1.0837564 1.0376315 0.9574852
[5148, 0.68897814, 0.81682295, 7.2865963, 0.25238562] 2.2693326 1.260345 0.98988515 0.7225717
[5149, 0.4750934, 1.0392675, 4.745527, 0.3590877] 2.850915 1.3253096 0.9451801 0.7318521
[5150, 0.4768871, 1.0145385, 6.089507, 0.31160596] 2.9035728 1.2658211 0.91843444 0.7625925
[5151, 0.42994902, 1.0493873, 5.5569735, 0.53548765] 2.534945 1.1438441 0.935047 1.0299075
[5152, 0.5441265, 1.0036, 5.3388553, 0.39281482] 3.034903 1.0813621 0.8670682 0.7460075
[5153, 0.44710878, 1.0652959, 4.8053555, 0.6939542] 3.0601385 0.9495486 0.9087899 0.9310165
[5154, 0.5218014, 0.99665314, 5.8956475, 0.36443678] 2.598424 1.2998964 0.93695873 0.85081625
[5155, 0.6320972, 0.88600177, 5.8664484, 0.35705557] 2.4585905 1.134218 0.91773874 0.8529519
[5156, 0.41273358, 1.0713127, 5.304028, 0.34417638] 2.9248176 1.127964 0.94742644 0.83688825
[5157, 0.44622886, 1.0585691, 4.539501, 0.8515098] 2.6833014 1.2117105 1.0051175 0.8206431
[5158, 0.6665321, 0.8425935, 4.7985735, 0.42786393] 2.7023888 1.11592 0.9874612 0.77217746
[5159, 0.46080467, 1.0776815, 4.0468493, 0.5913102] 2.9898655 1.045236 0.98410404 1.1373502
[5160, 0.44892433, 1.0502229, 5.6778526, 0.49937713] 2.9018342 1.1654143 0.9354648 0.8360672
[5161, 0.5570727, 0.9875446, 6.182479, 0.3701638] 2.674473 1.1313318 0.85019606 1.047342
[5162, 0.4448197, 1.076386, 5.0875654, 0.56145287] 2.886347 1.1689928 0.854128 0.8831983
[5163, 0.5618354, 0.98381704, 4.258373, 0.5946782] 2.7844503 1.3566722 0.9595069 1.187618
[5164, 0.58526635, 0.94970334, 5.005216, 0.5544095] 2.7311642 1.0669429 0.9235427 0.9525091
[5165, 0.5757475, 0.95787007, 5.777812, 0.3783144] 2.7242596 1.0042932 1.0069883 0.79524153
[5166, 0.56343406, 0.9940828, 3.4593275, 0.94338816] 3.2994916 1.038343 0.9154845 0.67789656
[5167, 0.52263683, 1.0270123, 5.49119, 0.671482] 2.9508014 1.0455807 0.9545721 0.77736056
[5168, 0.47274613, 1.0403501, 6.5866437, 0.43158937] 2.526043 1.2091483 0.9783566 0.9249531
[5169, 0.53126276, 1.0115721, 5.06825, 0.33011928] 3.0027711 1.1582521 0.845653 0.86156625
[5170, 0.43739796, 1.0488412, 6.7901993, 0.2644129] 2.6345978 1.1518927 0.9461626 0.9810805
[5171, 0.5381631, 1.0088544, 4.4511924, 0.39327243] 2.9573827 1.1569457 0.96379554 1.1691529
[5172, 0.54500395, 0.9860941, 4.512903, 0.7451575] 2.628917 0.97250664 0.9205177 1.0109162
[5173, 0.58822054, 0.9433851, 5.2427893, 0.26155722] 3.051828 1.2779622 0.9010131 0.65618914
[5174, 0.5142093, 1.0239781, 4.7935715, 0.5677475] 2.7831392 1.1425273 1.0195259 0.9588009
[5175, 0.4807924, 1.0609486, 5.715044, 0.3122383] 2.8452466 1.1821071 0.97619826 0.8066304
[5176, 0.45309505, 1.0622071, 4.813736, 0.54269266] 2.9997358 1.1389416 0.9499686 0.83759576
[5177, 0.4490551, 1.0632479, 5.5017624, 0.38623753] 2.8609884 1.0083016 0.94880116 0.9941294
[5178, 0.5226824, 1.020918, 5.212449, 0.39706105] 3.0246663 1.0896854 0.8564549 0.90752023
[5179, 0.6006926, 0.91321206, 6.9213085, 0.27882504] 2.3970122 1.2265419 0.7882919 1.083381
[5180, 0.50488234, 1.0106972, 5.7532454, 0.7188034] 2.5780852 1.0527391 1.0138016 1.0763946
[5181, 0.5461821, 1.010064, 4.61015, 0.48157647] 2.985459 1.0753698 0.8736056 0.84864175
[5182, 0.54700154, 0.9870304, 6.2863655, 0.4345082] 2.7083795 1.1847275 0.8640441 0.8548545
[5183, 0.4723829, 1.0673991, 3.20461, 0.9436528] 2.82828 1.326643 1.0390681 1.0524932
[5184, 0.4947252, 1.0084327, 5.567184, 0.3966318] 2.7123005 0.9920219 0.9170004 0.9962689
[5185, 0.5880905, 0.9568675, 7.299461, 0.32419494] 2.587856 1.2399507 1.0489508 0.94329536
[5186, 0.5109945, 1.0125432, 6.256318, 0.34426814] 2.8532922 1.2943105 0.8327356 0.80844533
[5187, 0.5603414, 0.9856942, 5.3822274, 0.22301368] 2.7531736 1.0492063 1.0879501 1.0361899
[5188, 0.540406, 0.97759473, 6.101462, 0.38101944] 2.5968847 1.1545484 1.0235914 0.8394179
[5189, 0.4843041, 1.0715156, 4.6470366, 0.5163622] 2.9680605 1.0817614 0.81393456 0.9866891
[5190, 0.54864657, 0.9903649, 6.1557336, 0.4586257] 2.8184962 1.2046435 0.8806325 0.7525494
[5191, 0.39462134, 1.1195816, 4.348813, 0.49130505] 3.056585 1.2516245 0.88248503 0.89891744
[5192, 0.4439811, 1.0543736, 7.108176, 0.58777237] 2.713589 1.1791912 0.917852 1.0538791
[5193, 0.44031835, 1.0600787, 5.161938, 0.36080948] 2.879688 1.0074552 0.96357715 0.8773107
[5194, 0.45443884, 1.0640186, 3.1335409, 0.9311247] 3.0313733 1.168619 1.0296004 1.0350933
[5195, 0.5403912, 0.97438943, 6.723191, 0.28344923] 2.570492 1.1064568 1.0796537 0.7961003
[5196, 0.4597101, 1.048328, 5.185728, 0.4800332] 2.7312582 1.079447 0.9355908 0.931223
[5197, 0.53031063, 0.9945484, 4.989485, 0.47634926] 2.659971 1.1361368 0.9478447 0.96572345
[5198, 0.56049716, 0.9635175, 4.868777, 0.33137426] 2.6097867 1.1215131 0.89046645 0.97941583
[5199, 0.4410919, 1.0682268, 4.557351, 0.3765048] 2.8489332 1.1140653 0.9566893 1.0566592
[5200, 0.40777647, 1.0943527, 3.535302, 0.7278284] 3.1525142 1.2180947 0.9688932 0.8433521
[5201, 0.5185031, 1.0158314, 5.567395, 0.74764794] 2.553311 1.124412 1.0355761 0.94664586
[5202, 0.47243348, 1.0515617, 5.4314895, 0.34408128] 2.849763 1.1427671 1.0487752 0.85692185
[5203, 0.60230774, 0.93409556, 5.824863, 0.41109115] 2.8408694 1.1369656 0.9241327 0.85601443
[5204, 0.5179499, 1.0150896, 5.202414, 0.34774154] 2.7334476 0.9885379 1.0453107 1.1658788
[5205, 0.42243758, 1.0888449, 4.3449593, 0.536064] 3.0420501 1.1012975 0.8701516 0.9181161
[5206, 0.5308787, 1.0066181, 5.1905165, 0.4362403] 2.8408153 1.1695608 0.96083355 0.7307924
[5207, 0.554959, 0.9965031, 6.467321, 0.3432846] 2.807418 1.180325 0.873288 1.0237274
[5208, 0.45472518, 1.0782436, 4.217722, 0.5503482] 3.1283948 1.2420771 0.9985083 0.7346293
[5209, 0.4157308, 1.0749547, 4.697356, 0.5548816] 2.883845 1.1477308 0.86869055 0.76888907
[5210, 0.5047016, 1.0104185, 5.7217493, 0.31352735] 2.6653275 1.1000931 0.8962193 0.95906174
[5211, 0.4087811, 1.0687232, 5.9980083, 0.45185918] 2.760587 1.1998687 0.9269555 0.85485876
[5212, 0.5767583, 0.96831596, 4.8398633, 0.68740547] 2.4313009 1.2796295 0.8740532 1.0536872
[5213, 0.59197927, 0.96591234, 5.5219107, 0.44407287] 2.690088 1.0503312 1.0724131 0.8953499
[5214, 0.46077436, 1.0647415, 4.770557, 0.43246815] 3.187072 1.1047565 0.8684854 0.92682374
[5215, 0.52688545, 1.0141972, 4.2680984, 0.6378781] 2.820816 1.1161036 0.9080044 0.91711795
[5216, 0.47867477, 1.050548, 4.932349, 0.8367108] 2.7381 1.0592597 0.98280245 1.0196661
[5217, 0.45787716, 1.050566, 4.8153033, 0.27205816] 2.8196075 1.1872905 0.93103147 1.0016618
[5218, 0.4621992, 1.067432, 4.1847863, 0.51581866] 2.890808 1.2458632 0.8917261 0.8532481
[5219, 0.52290225, 1.0199229, 4.726063, 0.4789855] 2.8604898 1.1508752 0.90309316 0.93360245
[5220, 0.4517101, 1.0644356, 5.704795, 0.41657397] 2.9795074 1.0377072 0.91705364 1.0089331
[5221, 0.52573204, 0.99484175, 6.5774107, 0.28545713] 2.5677311 1.172019 0.9934038 0.885737
[5222, 0.56865937, 0.96616334, 6.2163854, 0.4213453] 2.4446585 1.4339334 0.9513629 0.89073676
[5223, 0.5612375, 0.98868537, 3.5016274, 0.62255645] 3.1563015 1.2883565 0.8749621 0.8061755
[5224, 0.49034798, 1.0327841, 4.5606174, 0.73272467] 2.9586864 1.0687686 0.8484857 0.934196
[5225, 0.49348387, 1.0390065, 4.697116, 0.2850553] 3.0633678 1.1825908 1.0265663 0.87765956
[5226, 0.5226315, 1.0190238, 4.166437, 0.7517874] 2.9268622 1.1811869 0.8869224 0.72545815
[5227, 0.46380663, 1.0479914, 5.9509497, 0.37374806] 2.8195474 1.1714622 0.90396637 0.9640718
[5228, 0.5071428, 1.0110017, 3.9691477, 0.5769164] 2.8726187 1.0701727 0.88016367 0.945689
[5229, 0.47699013, 1.0244693, 5.605067, 0.46849763] 2.4303718 1.1529783 1.0024621 0.95040363
[5230, 0.49801436, 1.0154384, 6.342229, 0.20422648] 2.9713945 1.1318344 0.859371 0.9336262
[5231, 0.41794193, 1.0892905, 5.414812, 0.41205725] 2.6973386 1.3072793 0.95598847 0.9572601
[5232, 0.5101251, 1.007031, 7.68476, 0.28671962] 2.575615 1.184039 1.0409118 0.90125734
[5233, 0.4458577, 1.0755678, 6.2242155, 0.44647214] 2.7428756 1.1276023 0.96933925 0.8898712
[5234, 0.5338365, 0.9961941, 5.1037908, 0.441454] 2.9442594 1.1579922 1.0000076 0.6826378
[5235, 0.5622387, 0.97222584, 6.469117, 0.3534469] 2.4254615 1.1484392 1.1163434 0.94903755
[5236, 0.46754175, 1.0499642, 5.427931, 0.35577127] 2.9350317 1.1478671 1.0463319 0.77432793
[5237, 0.4915655, 1.0540873, 4.288992, 0.6237785] 3.100858 1.1594027 0.7494352 1.0065855
[5238, 0.5548738, 0.9731223, 6.4502816, 0.5519343] 2.528798 1.0668675 0.9718523 1.0019181
[5239, 0.4731331, 1.0306038, 5.911961, 0.29857346] 2.675453 1.2663461 0.89783865 1.1129154
[5240, 0.47618848, 1.0254251, 5.6223874, 0.6320284] 2.5524464 0.9899021 1.1312073 1.0296367
[5241, 0.41701606, 1.0888526, 3.6805995, 0.90448445] 3.0776517 1.0802813 0.90030205 0.8740177
[5242, 0.43545124, 1.0396403, 8.00517, 0.17908905] 2.4970791 1.1582897 0.8489384 1.083729
[5243, 0.44672897, 1.061961, 4.4253426, 0.37387088] 2.938489 1.1205089 0.920472 0.8782216
[5244, 0.5132689, 1.024055, 5.952041, 0.37686875] 2.6214707 1.201759 1.0396687 1.0697739
[5245, 0.41378695, 1.1038686, 5.5793567, 0.6293785] 2.9657984 1.13248 0.9489496 0.82658124
[5246, 0.54874367, 0.9957899, 5.1640096, 0.41484717] 2.946955 1.1350287 1.004789 0.69858533
[5247, 0.48730183, 1.0531136, 3.4805405, 0.67719275] 3.3283374 0.9606949 1.0121808 0.7918701
[5248, 0.5602384, 0.9885002, 5.1675973, 0.43183038] 2.9115827 1.1731285 0.87456745 0.98851943
[5249, 0.53492904, 1.0121651, 4.811655, 0.4118769] 2.7956393 1.2826976 0.90797335 0.89406294
[5250, 0.4914815, 1.0301329, 3.7842913, 0.94152653] 3.1481595 1.2423848 1.0070989 0.76018226
[5251, 0.51783746, 1.0379152, 4.1893024, 0.6387223] 3.2207236 0.74003756 0.9733343 0.94143933
[5252, 0.4697185, 1.0299951, 4.867758, 0.43341297] 2.8777838 1.1471897 0.9280549 0.8735848
[5253, 0.51155484, 1.0073234, 4.75556, 0.36120883] 2.99598 1.2323736 0.9306356 0.828597
[5254, 0.44232777, 1.0655513, 4.9403615, 0.44639158] 2.95953 1.1906863 0.9909102 0.9174561
[5255, 0.5123231, 1.0147599, 4.9907346, 0.52130455] 2.948352 1.1051457 1.0484611 0.69653744
[5256, 0.4804832, 1.0488185, 6.0699434, 0.32128683] 2.8943396 0.9280188 0.9672969 1.0297343
[5257, 0.6120223, 0.9482312, 6.227362, 0.558843] 2.7893097 1.1074598 0.8250429 1.0142168
[5258, 0.50885427, 1.0305277, 5.0418386, 0.5531388] 2.7813232 1.1482863 1.1392174 1.0193636
[5259, 0.5283884, 1.0102717, 4.9803677, 0.56834686] 2.6754982 1.3434644 0.9404901 0.8996567
[5260, 0.646647, 0.87903184, 6.983005, 0.52012] 2.3099403 1.1382362 1.0216106 0.9656075
[5261, 0.4266152, 1.0867366, 4.003331, 0.7150722] 3.0745084 1.1114881 0.9625143 0.98463666
[5262, 0.43467042, 1.0585983, 4.2856474, 0.64484584] 2.9741342 1.1406542 0.9084611 0.8155087
[5263, 0.5075094, 1.0437025, 5.390441, 0.34848702] 2.8137028 1.2509427 1.072024 0.8781834
[5264, 0.40032235, 1.098389, 6.6446104, 0.33000135] 2.7320027 1.2410265 0.8809204 0.9271048
[5265, 0.4841734, 1.0438942, 5.2512465, 0.31961992] 2.9934554 0.9461752 0.91479844 0.893276
[5266, 0.42771924, 1.0755692, 5.421313, 0.26623353] 2.891094 1.1669894 0.87869966 0.9144184
[5267, 0.46539935, 1.031182, 6.147205, 0.2868166] 2.6281307 1.1594747 0.96005934 0.9176806
[5268, 0.38408908, 1.1072356, 4.6372824, 0.49550658] 2.846725 1.0192614 1.0886123 1.0274842
[5269, 0.50772214, 1.0046153, 5.8681335, 0.23501258] 2.854886 1.1264673 0.71267796 0.7277066
[5270, 0.35519773, 1.1183664, 3.0347035, 0.8960362] 3.1650946 1.1346581 1.0326874 1.0325693
[5271, 0.5052879, 1.0490378, 4.6818047, 0.4689641] 2.9315429 1.185849 0.9502797 0.9690458
[5272, 0.5235616, 1.0237317, 3.7506256, 0.66901875] 3.322901 1.0957645 0.96345687 0.7174444
[5273, 0.44101116, 1.0631461, 3.614188, 0.5149332] 3.148215 1.2421769 0.8536917 0.7401602
[5274, 0.5084931, 1.0232906, 5.744316, 0.7894108] 2.707397 1.1978275 0.8863624 0.8543562
[5275, 0.54782724, 0.9644953, 6.058233, 0.120721005] 2.664028 1.1644375 1.0063164 0.89426786
[5276, 0.5287686, 1.0122211, 4.0067396, 0.5345818] 2.9366333 1.0118244 0.97158 0.7853277
[5277, 0.47904438, 1.0591048, 4.37967, 0.50550276] 3.1119878 1.1237426 0.80268353 0.88064784
[5278, 0.39269432, 1.0821737, 5.1635227, 0.34283322] 2.9857879 1.1012897 0.92352176 0.8715211
[5279, 0.5332925, 1.018167, 6.19595, 0.6157647] 2.678397 1.1456368 1.063732 0.77889806
[5280, 0.4296341, 1.0922726, 5.560313, 0.24781607] 2.8652048 1.0778131 0.96514654 0.986688
[5281, 0.40928647, 1.0729766, 4.5764227, 0.5459994] 2.792675 1.1760403 0.90451497 1.0633124
[5282, 0.4723793, 1.0462216, 5.202946, 0.32521346] 2.9784596 1.1957864 1.0018355 1.0170316
[5283, 0.5532892, 0.9872237, 5.480073, 0.43939644] 2.6746078 1.10935 0.98698413 1.1197549
[5284, 0.3315337, 1.1147323, 5.9514832, 0.53543776] 2.8150673 1.1380563 0.91464 0.9566807
[5285, 0.43499646, 1.0662858, 5.4522204, 0.36292258] 2.8298023 1.1623816 1.0371354 0.9190001
[5286, 0.544656, 1.0017194, 6.4135346, 0.3359635] 2.9115922 1.2133915 0.93809736 0.8230388
[5287, 0.46294972, 1.042248, 5.6494155, 0.2245525] 2.626958 1.2474585 0.89009184 1.1295794
[5288, 0.64422184, 0.8941791, 8.985796, 0.27009222] 2.6006045 1.2115098 0.96636504 0.8923592
[5289, 0.42480472, 1.0660163, 6.6302943, 0.34855866] 2.7908735 1.0806645 0.9672278 0.93373245
[5290, 0.53904146, 1.0125504, 5.188361, 0.38167363] 2.84784 1.1648462 0.8063464 1.0136254
[5291, 0.5542472, 0.98860985, 5.7905464, 0.37657097] 2.9724748 1.19712 0.9730495 0.7245448
[5292, 0.4693358, 1.0411907, 5.677721, 0.31833905] 2.870444 1.122206 0.8897685 1.080229
[5293, 0.40825778, 1.0903499, 6.5856185, 0.30409724] 2.6566262 1.0251018 1.0534809 1.0877321
[5294, 0.6846899, 0.8282226, 5.6167293, 0.5027817] 2.512601 1.157335 0.87842983 1.0519809
[5295, 0.5324192, 0.98696846, 5.869157, 0.5042178] 2.6632028 1.1369017 0.92688113 0.77956283
[5296, 0.5183926, 1.021969, 5.6376967, 0.49118474] 2.7628982 1.1869756 0.9500167 0.849597
[5297, 0.5996177, 0.9461598, 5.6913404, 0.32659543] 2.7585123 1.0513344 0.9010181 1.0715411
[5298, 0.5164103, 1.0135473, 5.9523716, 0.5538143] 2.47469 1.2915921 1.0144715 0.89192826
[5299, 0.55338776, 0.99836236, 4.157146, 0.54296714] 3.236272 1.0778497 0.9474279 0.7614985
[5300, 0.38969913, 1.0965149, 5.991961, 0.51516473] 2.7647367 1.1484061 0.9197271 0.89835453
[5301, 0.54111373, 1.0054356, 5.0506897, 0.33307475] 2.8834884 1.1927081 0.8811184 0.943053
[5302, 0.4230049, 1.0693208, 4.678331, 0.42445323] 2.7928822 1.0703566 1.0507717 1.0119997
[5303, 0.61022013, 0.92378885, 6.2059298, 0.5230786] 2.5536807 1.1864094 0.6932587 0.89315486
[5304, 0.5398238, 1.0249839, 4.419169, 0.50624996] 2.846159 1.1684641 0.9408095 0.9971163
[5305, 0.5360718, 1.0161681, 6.5730247, 0.48883536] 2.7640162 1.2148572 0.90982246 0.95510125
[5306, 0.5436869, 0.98983127, 6.58223, 0.31272063] 2.784326 1.0806024 0.9301701 0.81362027
[5307, 0.40112728, 1.0903047, 4.078691, 0.8213825] 2.8211381 1.1689836 1.0091667 1.0581561
[5308, 0.59421605, 0.94632983, 5.1788216, 0.37184146] 3.0159893 1.0593779 1.11844 0.8413468
[5309, 0.4953623, 1.0008472, 6.291229, 0.3457924] 2.5713277 1.2677596 0.8724649 0.86426485
[5310, 0.41709712, 1.0709518, 3.7521598, 0.43022507] 3.166626 1.1046693 0.9099402 0.9563603
[5311, 0.5485411, 0.95433825, 5.9591546, 0.32564813] 2.520015 1.1617411 0.9920659 0.9989804
[5312, 0.44869056, 1.0496476, 5.0431175, 0.4313146] 2.9429438 1.2598379 0.86803657 0.7395967
[5313, 0.55303794, 0.9879991, 5.1439066, 0.51215124] 2.6461992 1.236904 0.97956365 0.93991446
[5314, 0.4958546, 1.0389831, 5.233364, 0.5973374] 2.608344 1.1942083 0.86815536 1.0797099
[5315, 0.61051637, 0.92651534, 5.798766, 0.5366958] 2.4979756 1.2014186 1.0163264 1.050733
[5316, 0.47043607, 1.0645012, 4.4222364, 0.67423403] 2.8169959 1.2735134 1.027746 0.90661216
[5317, 0.49154252, 1.0416945, 3.3488767, 0.7424832] 2.9937208 1.2197169 0.9933483 1.0024462
[5318, 0.63907117, 0.88279927, 6.7760434, 0.2564085] 2.2977047 1.3448868 0.92016435 0.85379106
[5319, 0.5219554, 1.008976, 6.938666, 0.42519203] 2.637489 1.1167996 0.9843215 0.9687338
[5320, 0.5196467, 1.0092019, 6.1889987, 0.2139572] 2.9462357 1.1538845 0.95657575 0.8764955
[5321, 0.4335672, 1.0657003, 6.07485, 0.38615933] 2.8181667 1.2156012 0.9336985 0.852682
[5322, 0.45730704, 1.0511796, 4.719591, 0.3183412] 3.0016696 1.0566945 0.7837362 0.89324117
[5323, 0.44484255, 1.0747771, 3.5479646, 0.8438479] 2.9644744 1.176931 0.9148697 1.0552125
[5324, 0.46438482, 1.0488633, 6.13314, 0.45466208] 2.7571425 1.0924978 0.94955903 0.78621244
[5325, 0.51085764, 1.0044714, 4.914805, 0.547724] 2.4210267 1.2242118 1.0475997 1.060219
[5326, 0.4926831, 1.0265694, 6.179794, 0.24878578] 2.8988101 1.0487525 0.94992155 0.971746
[5327, 0.51175004, 1.0207614, 5.341643, 0.5755974] 2.7302563 1.1766622 0.96433574 0.8675276
[5328, 0.49699068, 1.0424029, 3.535441, 0.98767823] 3.0738552 1.0358443 0.85110915 0.9620656
[5329, 0.4792356, 1.0430464, 4.0968843, 0.51223856] 3.0955005 1.0720717 0.9985588 0.93540466
[5330, 0.4454706, 1.0519563, 4.9069963, 0.63163805] 2.658948 1.2051961 1.011378 0.9726188
[5331, 0.51075816, 1.0357708, 5.170556, 0.47096008] 2.8371887 1.141204 0.94880354 1.1007316
[5332, 0.52093256, 1.0063548, 6.1979113, 0.5368574] 2.7111118 1.2146882 0.8888325 1.0206789
[5333, 0.5243861, 1.0178671, 5.3593793, 0.29923022] 2.9684107 1.1764475 0.9050013 0.84856415
[5334, 0.45612934, 1.0521853, 6.1239023, 0.1646059] 2.8529098 1.1041554 0.82284325 0.9309239
[5335, 0.50092614, 1.0380132, 4.950864, 0.432135] 2.9349287 1.1229434 0.96104187 0.9263526
[5336, 0.29952317, 1.1312692, 4.5037737, 0.46739146] 2.9291449 1.2364706 0.96779436 0.95095766
[5337, 0.46250275, 1.0736625, 3.7126453, 0.8702794] 2.9895685 1.1140571 1.0792671 1.0387249
[5338, 0.557695, 0.9893642, 4.349325, 0.30881354] 3.003313 1.0336581 1.0398656 0.7904128
[5339, 0.3769852, 1.0772045, 7.582256, 0.35441145] 2.6282442 1.1458915 1.0029364 0.93809223
[5340, 0.5888793, 0.9537644, 5.484034, 0.25472677] 3.0178566 1.1389272 1.0073353 0.5492027
[5341, 0.50382537, 1.0233425, 4.246382, 0.44486597] 3.0536442 1.043492 0.8997672 0.99366057
[5342, 0.49968365, 1.0465947, 4.0285892, 0.55419004] 3.0933788 1.190732 0.93728215 1.0122309
[5343, 0.5512387, 1.0074761, 5.2890973, 0.47748223] 2.808919 1.1568815 0.95857346 1.0131806
[5344, 0.42002726, 1.0863993, 3.9508471, 0.57765573] 2.9914076 1.2136878 0.90759605 0.95833844
[5345, 0.43702522, 1.0717313, 4.426441, 0.56503034] 2.6746535 1.1070311 1.1037799 0.90258807
[5346, 0.57429284, 0.9835704, 4.0090847, 0.7472938] 2.9394355 1.2710487 0.90620196 1.1168264
[5347, 0.4783064, 1.062982, 5.3659735, 0.7374936] 2.7123306 1.2456987 1.0886626 0.9478099
[5348, 0.6521664, 0.91083115, 2.929855, 0.80424595] 3.2604704 1.2838722 1.0354953 0.7489988
[5349, 0.44330865, 1.0744008, 5.996691, 0.41827294] 2.7296124 1.0793586 0.98386055 0.8765042
[5350, 0.55807173, 0.9791364, 6.191743, 0.377365] 2.655142 1.1794647 0.9363848 0.90460944
[5351, 0.5069292, 1.0008092, 6.503102, 0.36359864] 2.783317 1.0259492 0.86975896 0.86829835
[5352, 0.5591395, 0.97641665, 4.314041, 0.47202966] 2.9001436 1.1234634 0.92625844 0.8927002
[5353, 0.45396808, 1.0769745, 4.929127, 0.42598125] 2.8851774 1.1301712 0.9709612 0.90036196
[5354, 0.49993584, 1.0377675, 5.178225, 0.36746925] 2.7261727 1.0976231 0.9638751 1.1395786
[5355, 0.5404049, 1.0080026, 7.198221, 0.29478464] 2.8280761 1.3126987 0.94112784 0.7144459
[5356, 0.5988314, 0.9498087, 5.428867, 0.3312407] 2.6809444 1.1774907 1.0330772 1.055293
[5357, 0.37328017, 1.1117847, 5.2632923, 0.42011476] 2.777176 1.2598863 0.85161656 0.9455025
[5358, 0.50863236, 1.0055145, 5.4114456, 0.35975236] 2.5885878 1.1190062 1.0579224 0.8849972
[5359, 0.51197255, 1.0099478, 5.617395, 0.41206285] 2.5565236 1.1116521 0.9415189 1.0234946
[5360, 0.38488898, 1.1097386, 4.4954896, 0.32793733] 2.8935282 1.1694013 0.9454454 0.9822027
[5361, 0.596968, 0.9584304, 3.3854225, 0.46957064] 3.2512743 1.1124967 0.9172321 0.7030706
[5362, 0.44383335, 1.0216596, 6.7277136, 0.23236391] 2.6710947 1.0686486 0.95154667 1.0044931
[5363, 0.4444478, 1.0787964, 4.628799, 0.83706945] 2.9212763 1.0778716 0.87110186 0.9732629
[5364, 0.3414916, 1.1312184, 5.765057, 0.44735977] 2.6690686 1.1685525 0.876525 1.0277365
[5365, 0.5831708, 0.9629467, 4.601927, 0.634129] 3.0902326 1.1306496 1.004125 0.826422
[5366, 0.52091855, 1.0127573, 5.406625, 0.581453] 2.8357313 1.179934 0.96953607 0.74648017
[5367, 0.47309238, 1.0488147, 5.0449133, 0.96567994] 2.872587 1.1463407 0.9216407 0.8037643
[5368, 0.50425625, 1.0308174, 4.30862, 0.56311023] 2.884318 1.2922741 0.8910347 1.0358125
[5369, 0.569966, 0.9747592, 5.5757923, 0.45878795] 2.4609015 1.3429979 1.0474827 0.93710625
[5370, 0.30026305, 1.1366698, 5.0712895, 0.60135573] 2.84527 1.1720898 0.981699 0.7483021
[5371, 0.52514285, 1.0122972, 6.675648, 0.17895988] 2.6541896 1.1426562 0.98859566 1.0271469
[5372, 0.45342958, 1.0591023, 5.837966, 0.39714453] 2.6749704 1.1364771 1.061772 0.7987075
[5373, 0.5897948, 0.95168877, 6.1110964, 0.40646303] 2.73372 1.1503445 0.9788964 0.88848835
[5374, 0.5108622, 1.0375952, 4.6701164, 0.73050654] 2.8888898 1.0714338 1.0895634 0.8202415
[5375, 0.57929915, 0.9491627, 6.571711, 0.45447755] 2.5563488 1.1313037 1.0024954 0.9248954
[5376, 0.62695664, 0.90839714, 5.2652655, 0.34763506] 2.451713 1.0161978 0.96349823 1.1193473
[5377, 0.42557597, 1.0766512, 5.1943, 0.44185326] 2.8878448 1.1898651 0.9046019 0.9970969
[5378, 0.45349774, 1.0718066, 4.1898637, 0.5681626] 3.0208397 1.1325244 1.0532887 0.86989
[5379, 0.6064937, 0.9517923, 5.4159303, 0.5490525] 2.772102 1.1866533 0.9725909 1.1522179
[5380, 0.41054568, 1.0951593, 2.98529, 0.8167313] 3.2698824 1.0118065 1.0651248 0.9998512
[5381, 0.4898097, 1.0344758, 5.0780153, 0.75619906] 2.6728854 1.1055754 0.962334 0.9314014
[5382, 0.4679138, 1.0619798, 7.099161, 0.18371762] 2.9665837 1.0398887 0.9173971 0.8946541
[5383, 0.47578302, 1.0385406, 3.7996576, 0.6232194] 3.0933666 1.0152828 0.82731193 1.1236651
[5384, 0.47326368, 1.0441115, 3.7476547, 0.6398105] 2.848189 1.1218795 0.94028854 0.9134718
[5385, 0.4689371, 1.0189769, 5.9981027, 0.1235047] 2.7954965 1.3325074 0.92010105 0.81445634
[5386, 0.46304265, 1.0531735, 5.5192585, 0.899623] 2.7427301 1.0560416 0.98756987 0.8854594
[5387, 0.54515076, 1.0053456, 5.1815295, 0.38354084] 3.04244 1.0380136 0.87087786 0.91500705
[5388, 0.40916732, 1.0822343, 5.274182, 0.41450068] 2.6879869 1.1248349 1.0957 1.0205853
[5389, 0.532995, 1.0012631, 6.8204913, 0.410029] 2.6274157 1.0936722 0.8994476 0.93647176
[5390, 0.5009988, 1.0352101, 5.559334, 0.4396793] 2.791183 1.1649082 0.89441144 0.88107777
[5391, 0.4949463, 1.055651, 4.693924, 0.36186042] 3.0022087 1.1955154 0.9216038 0.91285396
[5392, 0.52892077, 1.0283717, 5.192412, 0.4030246] 2.9002216 1.2017527 0.85659 0.9352365
[5393, 0.51129496, 1.0363462, 4.664162, 0.5056665] 3.0302987 1.1825233 0.8529451 0.86886656
[5394, 0.6191743, 0.9375878, 5.7137322, 0.45553613] 2.7377875 1.1740873 0.907628 0.7580417
[5395, 0.54970205, 0.9864933, 4.7916594, 0.71556294] 2.934184 0.949785 0.8061245 0.9900934
[5396, 0.53845966, 1.0133455, 3.1273043, 0.8844934] 3.2646027 1.1703144 0.8872951 0.87786776
[5397, 0.5079843, 0.99599934, 5.524796, 0.26693058] 2.9314568 1.1375089 0.876242 0.7835044
[5398, 0.4009115, 1.0831175, 4.52729, 0.4152139] 3.08816 1.1045057 0.8621056 1.0849983
[5399, 0.51053584, 1.0065414, 5.7958264, 0.45658758] 2.848641 1.1312892 0.848443 0.8325092
[5400, 0.48181677, 1.0318375, 4.626393, 0.51662266] 3.010661 0.9029428 0.9727599 0.9646208
[5401, 0.5659858, 0.9820384, 4.363715, 0.4063534] 3.029061 1.1309729 0.9333791 0.74879134
[5402, 0.5125689, 1.004565, 5.530444, 0.42845336] 2.530823 1.157738 0.93462425 1.0219686
[5403, 0.52976483, 1.0144871, 5.7223887, 0.25021157] 2.9672315 1.1582092 0.6892991 0.83830136
[5404, 0.37366936, 1.1057485, 5.4795117, 0.32406586] 2.9581482 1.0569648 0.93534315 0.9387309
[5405, 0.5394716, 1.0213088, 4.420624, 0.6439468] 2.9486248 0.9926212 1.0896999 1.0085787
[5406, 0.49927005, 1.0238789, 5.3074746, 0.4925718] 2.7035463 1.1883872 0.9407946 0.9651858
[5407, 0.6416887, 0.90137285, 4.6137156, 0.7406521] 2.8737085 1.1656135 0.8956242 0.81366944
[5408, 0.5189563, 1.0139188, 5.5431514, 0.3004906] 2.9291956 1.2333062 1.004537 0.8470188
[5409, 0.46559846, 1.067255, 3.4602065, 0.5465377] 3.131239 1.1692513 0.90877885 0.8433399
[5410, 0.48468474, 1.0162573, 6.9660563, 0.26704508] 2.7450395 1.0689534 0.9297555 0.8801785
[5411, 0.56507975, 1.0049738, 5.3553214, 0.62298226] 2.6681693 1.2511792 0.9895028 1.1267865
[5412, 0.47670472, 1.0671269, 4.786143, 0.5717787] 2.8989754 1.3045158 0.94211054 0.8444386
[5413, 0.44143444, 1.0698167, 5.0284023, 0.4729369] 2.7655947 1.1395326 1.0031543 0.9228356
[5414, 0.50239503, 1.0396495, 3.4240282, 0.71379304] 3.2923994 1.1710739 0.7764796 0.79331666
[5415, 0.49362966, 1.0517842, 4.7207613, 0.47791895] 2.9140308 1.0768368 0.9918887 1.0146255
[5416, 0.50275534, 1.0191267, 4.289846, 0.547577] 2.8975387 1.1424458 0.9350585 0.9406433
[5417, 0.5182051, 1.0187807, 5.8670325, 0.3843525] 2.7639604 1.2969161 1.0022552 0.81701624
[5418, 0.4146158, 1.0804533, 6.159505, 0.4636626] 2.6440494 1.1747713 0.98997533 0.9342581
[5419, 0.45971474, 1.05514, 5.4221416, 0.48595697] 2.7436278 1.0860583 1.1248789 0.9987244
[5420, 0.57699037, 0.9426567, 8.525146, 0.2965925] 2.4093454 1.1776819 1.030024 0.82635635
[5421, 0.49303907, 1.0490247, 4.458366, 0.6341625] 3.084503 1.0982326 0.99011594 0.87469405
[5422, 0.43361154, 1.0890893, 3.4758086, 0.70920205] 2.9997165 1.1263922 0.9888636 1.0619912
[5423, 0.546555, 0.97705346, 5.0302134, 0.7413576] 2.493066 1.1589457 0.90901625 0.94958335
[5424, 0.4331171, 1.0667347, 6.402957, 0.42089432] 2.828289 1.1818717 1.0131366 0.93650144
[5425, 0.49541593, 1.0319886, 4.5332665, 0.66524774] 2.573159 1.1832892 0.99939203 0.943104
[5426, 0.51529324, 1.01816, 7.4475226, 0.28267553] 2.8100119 1.084333 1.059598 0.92973834
[5427, 0.47457233, 1.0599594, 3.8330696, 0.8963036] 3.0593565 1.0538914 1.024071 0.8911092
[5428, 0.53992605, 0.9741573, 6.113291, 0.38716462] 2.457672 1.1619524 0.9731773 1.0941962
[5429, 0.30622518, 1.1555704, 5.8024516, 0.70463717] 2.7276146 1.0574992 1.007899 1.0071949
[5430, 0.54636323, 0.9902206, 6.4036136, 0.29381904] 2.9122107 1.0466769 0.90172505 0.7234998
[5431, 0.5116067, 1.0279536, 4.8099294, 0.56396824] 3.0043685 1.1491177 0.9633921 0.97077256
[5432, 0.4877992, 1.0341525, 4.9930224, 0.51251554] 2.5545812 1.1097851 1.1710323 1.0274444
[5433, 0.5565088, 0.9839632, 6.0939026, 0.43090075] 2.6221044 1.0651978 0.91313803 1.0920928
[5434, 0.47012204, 1.0454911, 4.304117, 0.5043185] 3.0013342 1.0811303 0.8568874 0.9031308
[5435, 0.49735457, 1.0335962, 6.322771, 0.3898488] 2.6199486 1.0418485 1.010749 1.0413234
[5436, 0.52810264, 0.9944692, 6.7253413, 0.31190738] 2.6475625 1.3177423 0.96353495 0.94793
[5437, 0.43408784, 1.0695391, 4.841387, 0.6270545] 2.939964 1.0632526 0.8837286 0.95838565
[5438, 0.5270917, 1.0256066, 4.2234144, 0.45596412] 3.245486 1.0068289 0.8099088 0.92268825
[5439, 0.4505079, 1.059845, 4.4054756, 0.5184135] 2.8175185 1.2186116 0.91419256 1.0547134
[5440, 0.46972948, 1.0641108, 5.1597443, 0.2909799] 3.0388234 1.2344671 0.87806284 0.7791752
[5441, 0.52522403, 1.0218021, 5.059445, 0.5290355] 2.84488 1.3009727 0.931189 0.9214218
[5442, 0.4971175, 1.0510075, 5.0880938, 0.3682026] 2.9140046 1.2119942 0.98049456 1.008652
[5443, 0.49406052, 1.0457821, 4.055919, 0.6447013] 3.1865456 1.1425767 0.8370722 0.89351356
[5444, 0.50699973, 1.0193783, 3.3310022, 0.9441634] 3.1687899 1.0934352 0.9148513 0.9872241
[5445, 0.4432708, 1.0840505, 4.6881456, 0.7151171] 2.8903444 1.0886093 1.047352 0.86556333
[5446, 0.4971242, 1.0452226, 4.0562263, 0.47713304] 2.674129 1.2175256 0.9433409 1.2216331
[5447, 0.46651906, 1.0789522, 4.4956613, 0.96397465] 2.9680262 1.1628007 0.94059014 1.0210171
[5448, 0.62297946, 0.8774514, 6.8149595, 0.21487947] 2.2806048 1.0675921 0.93679667 1.0355381
[5449, 0.48372698, 1.0382231, 4.5814962, 0.80719745] 2.7582183 1.1050793 0.94073033 0.9826338
[5450, 0.49896216, 1.0426372, 4.62955, 0.21989296] 3.0556126 1.1270641 0.85493296 1.0061661
[5451, 0.5041399, 1.0272042, 4.989545, 0.26071617] 2.9907918 1.2816045 0.88165724 0.9936195
[5452, 0.5317483, 1.0198108, 5.756716, 0.47330952] 2.8981688 1.0193448 1.0625283 0.79950035
[5453, 0.511086, 1.0129888, 5.9088807, 0.5304734] 2.494063 1.2562226 0.9003331 1.0893793
[5454, 0.5609957, 0.9784399, 6.5756874, 0.26423597] 2.5618818 1.0249219 1.0396022 1.0933852
[5455, 0.5307568, 1.0061033, 4.5102506, 0.4727874] 2.854537 1.2374419 0.8901634 1.1013969
[5456, 0.5638657, 0.99119765, 5.5666633, 0.26438642] 2.738313 1.2251109 1.0926217 0.9007707
[5457, 0.50186867, 1.052045, 3.866376, 0.9064517] 3.1435406 1.1142316 0.98320264 0.8246425
[5458, 0.5352228, 1.0047687, 4.5567884, 0.45921838] 3.230871 0.91412586 0.9217394 0.8253728
[5459, 0.4358802, 1.0555736, 4.260843, 0.522716] 3.14675 1.0597185 0.87476885 0.9533972
[5460, 0.5180947, 1.0359111, 5.3658032, 0.5510173] 2.642663 1.1364782 0.9521822 1.1380785
[5461, 0.4554619, 1.0599334, 5.5828247, 0.56341726] 2.546064 1.2112586 0.95251244 1.0270855
[5462, 0.49871764, 1.0255942, 5.992054, 0.25936624] 2.7687993 1.1250482 0.95717204 0.9670653
[5463, 0.39185113, 1.1070635, 5.867665, 0.28746203] 2.8195655 1.1347412 1.0143635 1.05534
[5464, 0.5738415, 0.9682393, 4.809952, 0.34626135] 3.0067823 1.1082664 0.8085576 1.0522013
[5465, 0.605721, 0.93386567, 5.0496545, 0.5608131] 2.8697827 1.0495551 0.893497 0.81185615
[5466, 0.63397217, 0.9100291, 6.64909, 0.5051697] 2.4253912 1.261066 1.0372568 0.88376117
[5467, 0.44309852, 1.0716164, 5.698955, 0.47410858] 2.8373652 1.1307547 1.0289772 0.76321274
[5468, 0.5454931, 0.9939679, 5.232735, 0.6253957] 2.6885364 1.0978681 0.73720896 1.1068683
[5469, 0.53077734, 0.9970041, 6.6649137, 0.21892716] 2.6153724 1.1168363 0.9995828 1.0963498
[5470, 0.38980433, 1.0867001, 4.6535287, 0.49946865] 2.8695736 1.089827 0.9337619 0.9256844
[5471, 0.5528345, 0.97931415, 5.543901, 0.3505381] 2.832664 1.0308275 0.9473898 0.8236135
[5472, 0.4992198, 1.0348194, 3.4352283, 0.7889254] 3.076487 0.9357009 1.0436736 0.9500426
[5473, 0.46329498, 1.0561857, 3.9737458, 0.7320913] 2.9871075 1.141125 0.95741594 0.7602482
[5474, 0.5300631, 0.9960394, 6.4675765, 0.58376175] 2.3904476 1.1847094 1.0010251 1.2349634
[5475, 0.52988756, 0.99577653, 5.44071, 0.45283872] 2.6761904 1.1230255 0.9382649 0.9027791
[5476, 0.5205045, 1.0216948, 4.8689027, 0.61795336] 2.8327684 1.2468613 0.9918244 1.1047616
[5477, 0.43282238, 1.075995, 3.1327326, 0.7943318] 3.047256 1.1112655 0.90607953 1.0834403
[5478, 0.41739896, 1.0833926, 5.734334, 0.6329583] 2.6170318 1.1482885 1.0327085 1.0287436
[5479, 0.440479, 1.1006066, 4.0452323, 0.88419384] 3.0983255 1.1821691 1.0307399 0.76980275
[5480, 0.53397024, 0.99518496, 5.5642076, 0.4795392] 2.5994625 1.147791 0.85316086 1.0624012
[5481, 0.60333765, 0.92234993, 5.6465645, 0.26565826] 3.0407128 1.1584154 0.8379135 0.794625
[5482, 0.47312742, 1.0330511, 4.9123163, 0.41732782] 2.7817867 1.0757427 0.9223061 0.84050095
[5483, 0.5364735, 1.0222479, 5.4097204, 0.45501146] 2.9222567 1.0435205 0.9895489 0.9584981
[5484, 0.5315296, 1.0100591, 5.5029454, 0.24156262] 2.9299872 1.2237202 0.8548471 0.8671201
[5485, 0.5897242, 0.95528895, 5.3924813, 0.29214945] 2.8815765 1.2397949 0.9621471 0.64099795
[5486, 0.5288534, 1.021903, 4.9845734, 0.4566936] 2.6958082 1.2861842 1.0373291 1.1225953
[5487, 0.4335377, 1.0757743, 3.874985, 0.6887695] 3.0513427 1.1795238 0.9838 0.9100845
[5488, 0.43921435, 1.0816444, 5.0626435, 0.4498514] 2.976206 1.1035903 1.0305508 0.8487007
[5489, 0.5254557, 1.0291431, 4.1996317, 0.70973074] 3.0198536 1.2607981 0.9480363 0.7534857
[5490, 0.5839617, 0.9698069, 6.088363, 0.22731099] 2.7108092 1.2646571 0.9336039 0.85136753
[5491, 0.5216814, 0.993288, 3.4853601, 0.90230125] 2.9433084 1.0255754 0.9634384 0.9804561
[5492, 0.45192122, 1.0451136, 6.980544, 0.17071919] 2.9403186 1.0821701 0.98256993 0.8819553
[5493, 0.5605244, 0.98972577, 5.3830996, 0.50254357] 2.981984 1.1895487 0.88388604 0.81324124
[5494, 0.48893794, 1.0206618, 6.209603, 0.22627865] 2.7188914 1.0289928 0.89020044 1.148287
[5495, 0.47431692, 1.043122, 5.660394, 0.47581443] 2.751806 1.0954746 1.0113041 0.6891783
[5496, 0.45769134, 1.0609617, 4.1591644, 0.8206649] 2.9219935 1.0827289 0.94522196 0.96406454
[5497, 0.52029705, 1.0033177, 3.0443938, 0.8460209] 3.2915702 0.9527604 0.9803402 0.8065856
[5498, 0.5003832, 1.0306059, 6.198147, 0.36661738] 2.5622542 1.1767365 0.9231444 1.1414962
[5499, 0.37341857, 1.1077254, 2.8368073, 0.7931697] 2.9081564 1.254624 0.833537 1.1457285
[5500, 0.5425183, 1.0120815, 3.3881996, 0.79155463] 3.061415 1.2235887 0.8750866 0.98302794
[5501, 0.5637806, 0.96317804, 6.008141, 0.37954336] 2.457405 1.205765 1.0415156 0.843305
[5502, 0.54011464, 0.99960643, 5.599137, 0.3235242] 2.9211693 1.1427671 0.9561681 1.048252
[5503, 0.45428196, 1.0457826, 6.4283433, 0.24521264] 2.7967093 1.0546463 1.06312 0.8928783
[5504, 0.5216623, 0.9946386, 6.6830606, 0.2101981] 2.6438613 1.0152252 0.905576 1.0561279
[5505, 0.6680702, 0.8471163, 4.924466, 0.5950576] 2.5992384 1.0990205 0.9643667 0.7396706
[5506, 0.5345924, 1.0039821, 5.1152163, 0.5834806] 2.8695817 1.2267032 0.9757467 0.94505733
[5507, 0.4210469, 1.0846398, 5.261328, 0.6284848] 2.6520996 1.3032836 1.0137143 0.94787174
[5508, 0.5590811, 0.9741278, 4.5855145, 0.63996226] 3.1601372 0.9844081 0.8392587 0.8481902
[5509, 0.38907757, 1.0850257, 4.9924426, 0.43973106] 2.835586 1.133154 0.89264774 1.1174947
[5510, 0.5900765, 0.94216204, 4.6069007, 0.50499636] 2.8318431 1.2999405 1.0463537 0.84582454
[5511, 0.638294, 0.86699617, 5.492078, 0.33911604] 2.1575196 1.1314038 1.0319861 1.0693666
[5512, 0.56367224, 0.9684695, 5.002445, 0.36369154] 2.7287219 1.1085926 0.9791943 0.84761095
[5513, 0.4949112, 1.0437838, 3.6979573, 0.47651222] 2.9874907 1.3476981 0.94707704 1.0086883
[5514, 0.4272006, 1.0695305, 7.1476984, 0.3515052] 2.7199883 1.1509544 0.93299985 0.891625
[5515, 0.5852075, 0.9297633, 6.076217, 0.26523414] 2.458988 1.2042642 1.0426615 0.9152008
[5516, 0.4182765, 1.0732392, 5.4780593, 0.36418802] 2.6640995 1.2724899 1.0071808 1.0500453
[5517, 0.46144676, 1.0602734, 4.931865, 0.5314587] 2.9395196 1.0677872 0.91258526 1.0979265
[5518, 0.45771372, 1.0487943, 5.197462, 0.2807749] 2.705492 1.1368686 0.97604835 0.9511745
[5519, 0.49903205, 1.027588, 5.662959, 0.42771882] 2.9270833 0.99255544 0.8657436 0.90655446
[5520, 0.47411922, 1.0044454, 6.6299043, 0.27368563] 2.5507774 1.0280445 1.054414 1.0678056
[5521, 0.50660753, 1.0138342, 5.2233224, 0.3803386] 2.9403732 1.1576624 0.92085 0.91909844
[5522, 0.511959, 1.0242453, 5.335505, 0.45015728] 2.82419 1.1632301 1.0605671 1.0742495
[5523, 0.5288613, 0.9889336, 6.141072, 0.354137] 2.554565 1.2948327 0.9112891 0.8076723
[5524, 0.53366923, 1.0061965, 5.0195527, 0.32181782] 2.8405006 1.0733215 0.9151728 0.91481376
[5525, 0.43576217, 1.0729151, 6.0547414, 0.47153383] 2.8549736 1.1562241 0.8698513 1.0049772
[5526, 0.59947115, 0.96504265, 3.0430398, 0.8464148] 3.1344597 1.0573983 0.76742285 1.1114724
[5527, 0.449855, 1.0572643, 6.057434, 0.331303] 2.6441634 1.2772 0.9625742 0.9692499
[5528, 0.539505, 0.98860687, 5.9995146, 0.63977957] 2.6171603 1.1055341 0.93608636 0.98181146
[5529, 0.4893563, 1.023083, 5.524226, 0.46677533] 2.5091424 1.1709534 0.9356313 1.0048419
[5530, 0.48174617, 1.0383956, 5.406097, 0.52463037] 2.587319 1.1254501 0.9680212 0.9876263
[5531, 0.5707988, 0.9693517, 4.7867284, 0.22824062] 2.9171271 1.0257571 0.9395937 0.80012226
[5532, 0.6071986, 0.9276966, 6.1299686, 0.37630904] 2.9871523 1.1486369 0.9658493 0.68768495
[5533, 0.5077374, 1.0292761, 6.2230344, 0.22819635] 3.0336587 1.111788 0.841232 0.86992157
[5534, 0.46911395, 1.0518324, 5.591105, 0.40373823] 2.8355873 1.2617186 1.0379385 0.73997295
[5535, 0.5128186, 1.0015321, 7.0226827, 0.28023797] 2.5817933 0.91764826 0.9843183 0.90324605
[5536, 0.3982338, 1.1036179, 4.2131166, 0.5066666] 3.0356379 1.126143 1.0064294 0.97130513
[5537, 0.5019642, 1.0426409, 5.034262, 0.5012253] 2.9415152 1.2912133 1.0487227 0.76682556
[5538, 0.37335575, 1.0915397, 3.4859025, 0.6693621] 3.046232 1.1079769 0.85229415 0.8251707
[5539, 0.40953195, 1.0667325, 5.5905724, 0.50217867] 2.818781 1.2261026 0.8233272 0.80065966
[5540, 0.51493776, 1.0166208, 5.400809, 0.34729925] 2.7526617 1.2047445 0.8392612 1.0552956
[5541, 0.53420424, 0.99703825, 5.2699413, 0.6626737] 2.5564437 1.1607026 1.1175742 0.7826393
[5542, 0.5018313, 1.0283445, 4.193994, 0.4878486] 2.9283268 0.92211634 0.8958647 0.94601053
[5543, 0.51835126, 1.0108931, 5.6808767, 0.4206625] 2.6141074 1.2219802 0.9905017 0.88754606
[5544, 0.39089972, 1.0827959, 3.708361, 0.6118276] 3.1460996 1.1205232 0.8333037 0.8290795
[5545, 0.53047806, 1.011016, 5.7789755, 0.42090213] 2.9375281 1.0651981 0.89514107 0.7614031
[5546, 0.49259916, 1.0369359, 5.606305, 0.36349714] 3.046614 1.0811183 0.82945126 0.80769
[5547, 0.49782914, 1.0400805, 5.4725966, 0.33814806] 2.6915784 1.2372036 1.0063322 0.97891164
[5548, 0.49419817, 1.0206721, 6.9974174, 0.22749719] 2.7830477 1.1490811 0.9120043 0.8827874
[5549, 0.45052952, 1.0580443, 4.9729595, 0.6232502] 2.6591668 1.1037184 1.0994833 0.9239839
[5550, 0.49767292, 1.0227135, 4.809688, 0.5169009] 2.5872052 1.2297784 1.0817857 1.036602
[5551, 0.49915615, 1.0216149, 5.8108144, 0.31848446] 2.6211581 1.170806 0.851657 1.0902661
[5552, 0.5296148, 1.0098306, 5.078512, 0.4671255] 2.9192057 1.123111 0.93062377 0.8685558
[5553, 0.5043162, 1.0290692, 5.9357557, 0.25807187] 2.962021 1.0489788 0.8830031 1.0048913
[5554, 0.48805457, 1.0136127, 6.184448, 0.21206445] 2.8949223 1.2415125 0.9567314 0.824311
[5555, 0.48905036, 1.0269588, 5.073489, 0.44573626] 2.8984532 1.1696314 0.89275366 0.90622973
[5556, 0.5098626, 1.0342659, 5.0649023, 0.6855624] 2.7242255 1.1819295 1.0302454 1.0532031
[5557, 0.4915347, 1.016546, 5.3970623, 0.49206042] 2.7145429 0.96929294 0.92904055 0.9366202
[5558, 0.56531405, 0.97833437, 5.7004876, 0.22694178] 2.6216831 1.0460474 1.15068 0.96965146
[5559, 0.55057764, 0.97584206, 5.821181, 0.7405559] 2.487838 1.0734721 0.88751024 1.028788
[5560, 0.55048984, 1.0071554, 4.7964845, 0.48256788] 2.980986 1.1513315 1.0592767 0.754132
[5561, 0.56042254, 0.9686025, 6.0021505, 0.30866846] 2.4201214 1.1433079 0.94264764 1.0265009
[5562, 0.48475626, 1.0215315, 7.5517836, 0.16687639] 2.6729536 1.134473 1.0446256 0.96571225
[5563, 0.6052003, 0.89756405, 7.225611, 0.1360458] 2.3522809 1.1610036 1.0087733 0.79940736
[5564, 0.46771184, 1.0358175, 6.572149, 0.15810372] 2.8163466 0.9953712 1.0163884 1.0437701
[5565, 0.48417023, 1.0663142, 3.7493725, 0.8127821] 3.0510678 1.0595969 1.0427748 0.9497034
[5566, 0.55173343, 1.0023608, 4.0868845, 0.6356484] 3.0727818 1.0614095 0.98781866 0.84923595
[5567, 0.5150286, 0.98120034, 5.299169, 0.5306585] 2.471354 1.1503632 0.97389185 0.87645733
[5568, 0.4671228, 1.0619861, 4.1896086, 0.5475929] 3.1999404 0.96597415 1.087055 0.7988239
[5569, 0.52631336, 1.0043263, 5.540895, 0.48439777] 2.6952186 1.0491707 1.0386441 0.8815871
[5570, 0.4895206, 1.0094081, 6.972237, 0.2650265] 2.7826846 1.0443413 0.87623835 0.934563
[5571, 0.43653294, 1.0564866, 5.1461825, 0.31824473] 3.0303068 1.0552415 0.8942879 0.9353211
[5572, 0.40665632, 1.1069402, 5.1617937, 0.51075554] 2.8380058 1.1008333 1.0177461 0.9593893
[5573, 0.56865025, 0.9517181, 5.183391, 0.45502296] 2.4752078 1.036768 0.9474456 1.0075055
[5574, 0.5075906, 0.99263895, 6.0630307, 0.62737375] 2.3890383 1.1652213 0.88835996 0.99146557
[5575, 0.5434492, 1.0075032, 4.487429, 0.546516] 3.148651 1.0817723 1.0587428 0.8638328
[5576, 0.47689342, 1.0570383, 4.6464562, 0.53569376] 2.976141 1.075638 0.9523128 1.0321348
[5577, 0.45956218, 1.0596231, 5.3928742, 0.6516996] 2.846675 1.147584 1.0298867 0.81829643
[5578, 0.46199134, 1.0535566, 6.8405704, 0.38304493] 2.510858 1.1340549 0.9607318 1.1374465
[5579, 0.5453104, 0.9819601, 5.778051, 0.42268848] 2.752558 1.0564578 0.93240976 0.8216751
[5580, 0.5950946, 0.9667411, 5.19748, 0.5736764] 2.8884332 1.2697389 0.98097473 1.1536429
[5581, 0.42692313, 1.0526333, 6.2152314, 0.2207436] 2.8511217 1.1787755 0.8790318 0.87472606
[5582, 0.40580976, 1.0883882, 4.9999247, 0.3228556] 3.0610058 0.98334706 1.0297275 1.0223676
[5583, 0.362098, 1.1225284, 5.5534945, 0.61560744] 2.9033659 1.1774893 1.0761956 0.91402406
[5584, 0.5735819, 0.97278166, 4.3032618, 0.97092724] 2.6573212 1.2382065 1.0162504 0.78233546
[5585, 0.6026126, 0.9477293, 3.0173028, 0.86191505] 3.3336768 1.1956611 0.94391394 0.73711634
[5586, 0.5804471, 0.95513874, 7.5475826, 0.37684733] 2.6481109 1.1787102 0.9297483 0.8843309
[5587, 0.43110567, 1.0847821, 5.063429, 0.37938976] 3.0856729 0.9635916 0.81875646 1.098318
[5588, 0.5783899, 0.9597171, 5.86597, 0.27272338] 2.7124856 1.1169238 0.8881877 1.1272569
[5589, 0.47234243, 1.0585175, 3.782092, 0.73127216] 2.8623066 1.2835196 1.035222 1.0676254
[5590, 0.4915996, 1.0400171, 5.051909, 0.6492412] 3.0385432 1.1511767 0.8963206 0.8420534
[5591, 0.46122342, 1.0470754, 4.8169603, 0.32846233] 3.1231225 0.992852 0.9400667 0.91984326
[5592, 0.48835003, 1.0478365, 3.6472924, 0.7112855] 3.1296704 1.2586277 0.8818072 0.8924103
[5593, 0.53194463, 1.0165527, 4.543498, 0.61109316] 2.5779917 1.2023251 1.1306309 1.0188578
[5594, 0.5054409, 1.040386, 4.273886, 0.46439403] 3.1598668 1.1338862 0.89106214 0.85142374
[5595, 0.5826755, 0.94443065, 7.1517835, 0.30194533] 2.6245708 1.2198894 0.9679194 0.6766571
[5596, 0.5171461, 1.0182275, 5.3628807, 0.5035169] 2.7307417 1.0049543 0.91713494 1.1471946
[5597, 0.46665725, 1.0537108, 6.3270044, 0.26398692] 2.7655194 1.198799 0.9593444 1.047178
[5598, 0.5697313, 0.9756773, 5.888079, 0.2603401] 3.0016372 1.1633121 0.9515006 0.894073
[5599, 0.5561729, 0.9886041, 5.6548834, 0.48300093] 2.5110047 1.2645397 0.91356844 1.0029019
[5600, 0.5194072, 1.0218546, 4.5693836, 0.53878784] 2.7996464 1.1430502 1.0968266 1.0179441
[5601, 0.5342054, 0.99650383, 4.495346, 0.26322302] 2.9474864 1.3402865 1.0089362 0.960708
[5602, 0.6219882, 0.89537364, 7.0979943, 0.29544154] 2.2451475 1.2380133 0.8422811 1.1205771
[5603, 0.533221, 0.9978135, 4.612849, 0.47042805] 2.941797 1.1694945 0.8634673 1.0854126
[5604, 0.48474106, 1.025441, 5.788082, 0.43167126] 2.593454 1.181518 0.88649005 0.9370131
[5605, 0.5292286, 0.9979711, 6.125436, 0.48986107] 2.5718327 1.116036 0.9548688 1.0221956
[5606, 0.46322402, 1.0472524, 5.816774, 0.2702578] 2.777665 1.2797257 0.96584636 0.9665512
[5607, 0.6000604, 0.96796525, 6.2618017, 0.4346536] 2.9303114 1.0667572 0.9677309 0.8294934
[5608, 0.42684805, 1.0576856, 5.7539883, 0.53410155] 2.6423454 1.3329697 0.9649556 0.86865085
[5609, 0.48869163, 1.046492, 5.340336, 0.46624953] 2.8896492 1.0381594 0.88056517 0.99922574
[5610, 0.49805784, 0.99767613, 6.9533024, 0.12253555] 2.5022056 1.2503334 0.9002993 1.0055882
[5611, 0.60391, 0.9418188, 6.4038763, 0.505261] 2.7781546 1.2114003 0.84888226 0.8449064
[5612, 0.4989032, 1.0123063, 7.4666896, 0.24513479] 2.837441 1.1596377 0.90450466 0.8823504
[5613, 0.4973285, 1.0144463, 5.441491, 0.41519368] 2.6990948 1.119259 0.99230987 0.85979855
[5614, 0.45401937, 1.0655258, 5.529421, 0.39221153] 2.8307838 1.1946285 0.93777686 0.9850253
[5615, 0.5613017, 0.952305, 5.50058, 0.42843932] 2.379752 1.1779101 0.9505783 1.0073432
[5616, 0.49046388, 0.9987908, 6.2715297, 0.23593163] 2.950751 0.99264145 0.7891895 1.0306443
[5617, 0.6175942, 0.9473158, 5.9680815, 0.5185603] 2.7286122 1.0753317 1.0266498 0.8409967
[5618, 0.4673242, 1.0582026, 4.084817, 0.5442689] 2.9138682 1.1481708 1.0596341 1.1248873
[5619, 0.5136626, 1.0206301, 5.25008, 0.6100362] 2.8678837 1.0844927 0.79053277 0.8807313
[5620, 0.62438554, 0.8942697, 6.241169, 0.2185019] 2.535505 1.3074319 0.8148822 0.8935052
[5621, 0.47351572, 1.0457484, 5.1580434, 0.43304527] 2.9751081 1.025263 0.9423835 0.8956929
[5622, 0.5888911, 0.98175776, 5.528126, 0.37530342] 2.7232573 1.164702 0.96372956 1.2271041
[5623, 0.4753635, 1.0782692, 4.331154, 0.46202552] 3.0875924 1.0329938 0.9696405 0.92849
[5624, 0.69563186, 0.839747, 5.562403, 0.57866216] 2.761484 1.072022 0.86080486 0.70885414
[5625, 0.45643306, 1.0569003, 5.732304, 0.28513336] 2.8091455 1.1757106 1.0417684 1.0927716
[5626, 0.39388344, 1.0953443, 5.5744777, 0.6811293] 2.7168727 1.0204451 0.81315726 1.0357755
[5627, 0.39856255, 1.1079501, 4.6834126, 0.50960726] 3.0195758 1.1047382 0.9867416 0.82395816
[5628, 0.5319607, 1.0116931, 4.5320854, 0.69280666] 2.9201455 1.1732854 1.0387993 1.0281693
[5629, 0.47883016, 1.0464358, 4.8353405, 0.32767704] 2.9811141 1.0826343 0.89585507 1.0508481
[5630, 0.5058304, 1.0211942, 4.422762, 0.45569855] 2.9106839 1.2635003 1.0347743 0.86954176
[5631, 0.47360817, 1.0696908, 3.3805923, 0.69852793] 3.3492463 1.1028342 0.754336 0.7554702
[5632, 0.41374582, 1.0962536, 3.4396098, 0.53076935] 3.0940976 1.2464194 0.83006775 0.9066305
[5633, 0.440257, 1.0616196, 4.3456445, 0.5605008] 3.0634522 1.1206536 0.8457605 0.9330483
[5634, 0.4553032, 1.0837536, 4.264105, 0.59071183] 3.0597475 1.1070677 1.0178487 0.9714493
[5635, 0.4816922, 1.0516298, 4.066958, 0.50047994] 3.103958 1.0895773 0.9967387 0.85311973
[5636, 0.41952962, 1.0946027, 6.258291, 0.24653602] 2.9888308 1.1745907 0.87036306 0.8696685
[5637, 0.5705313, 0.9769006, 5.9404235, 0.32096556] 2.710678 1.1740552 0.9857704 0.9627136
[5638, 0.42672676, 1.0641375, 4.89077, 0.74851733] 2.6779692 1.0952414 1.0336629 0.881424
[5639, 0.53536946, 1.0028384, 5.2447677, 0.38161182] 2.8293688 1.2603781 0.9157853 1.060322
[5640, 0.5166667, 0.9875438, 7.405069, 0.45048183] 2.453851 1.1460634 0.86080265 0.97338116
[5641, 0.5317603, 1.0128199, 5.9606915, 0.39618522] 2.7545607 1.2468332 0.92905873 0.7334799
[5642, 0.40407556, 1.089039, 5.04765, 0.29992482] 3.0413058 1.133998 0.93664885 0.912479
[5643, 0.51938844, 1.0113204, 3.557719, 0.49036485] 3.0544436 1.2637466 0.9072881 0.9601352
[5644, 0.63377297, 0.92368037, 5.4553885, 0.6738697] 2.525202 1.0321414 0.79408354 0.9468674
[5645, 0.57582945, 0.96601105, 5.8402767, 0.4747226] 2.688614 1.0073447 0.98660094 1.030953
[5646, 0.6078651, 0.9303198, 5.6823554, 0.4129216] 2.57271 1.0459956 0.92176425 1.191109
[5647, 0.46807668, 1.0612392, 4.0540957, 0.77129936] 2.971215 1.1586875 0.93187296 0.83860844
[5648, 0.50986207, 1.0234338, 5.034216, 0.50668246] 2.9068587 1.0541453 1.0595144 0.9219418
[5649, 0.4614993, 1.0597076, 4.6478896, 0.49784547] 2.7985466 1.1505808 0.8661094 0.958966
[5650, 0.48637986, 1.0448358, 3.4809957, 0.7520438] 3.3070939 0.9271655 0.8908779 0.895675
[5651, 0.5040372, 1.0316932, 4.915885, 0.56455153] 2.8658032 1.036552 1.1222924 0.86333114
[5652, 0.46125042, 1.0789391, 5.3158073, 0.5323415] 2.9664674 1.2089522 0.86710244 0.75269806
[5653, 0.55266213, 0.9725161, 4.979765, 0.95247394] 2.4403036 1.1421599 1.0024163 1.0010904
[5654, 0.492895, 1.0381432, 4.838168, 0.8133084] 2.783628 1.2995405 0.96415657 0.71429384
[5655, 0.40350023, 1.097224, 5.1770077, 0.51229835] 2.8668435 1.1645217 0.9108443 0.9307078
[5656, 0.4797086, 1.0534112, 4.866174, 0.3970359] 2.7376883 1.2220893 0.9503958 1.0328511
[5657, 0.4699385, 1.052143, 5.2609735, 0.5991667] 2.693579 1.2408843 1.0459076 0.96426994
[5658, 0.6101889, 0.93837374, 7.569446, 0.21605499] 2.6798763 1.0621607 0.9397719 1.029628
[5659, 0.3579097, 1.1111326, 5.28715, 0.39494422] 2.805639 1.1976454 0.96791834 0.961299
[5660, 0.4990497, 1.027211, 5.5927925, 0.44445604] 3.013533 1.0626981 0.9665735 0.77572453
[5661, 0.5628227, 0.9669128, 6.125934, 0.2730184] 2.5119147 1.0910746 1.0003709 1.0462482
[5662, 0.4634666, 1.0496402, 5.2205625, 0.41337487] 2.9365358 1.2754859 0.9593596 0.89394
[5663, 0.4637757, 1.0564876, 4.2470613, 0.6322248] 2.9734704 1.0689219 0.9604658 0.9315966
[5664, 0.51812154, 1.0016627, 6.4029307, 0.44727185] 2.73705 0.9557936 0.8695946 0.9775141
[5665, 0.47739995, 1.0526333, 4.4132037, 0.47640532] 2.8822937 1.218929 0.88771725 0.94942796
[5666, 0.49173695, 1.0023211, 6.3555164, 0.20975909] 2.8737817 1.1445199 0.9098912 0.6924099
[5667, 0.5855096, 0.9815131, 4.3109026, 0.5972] 3.0290804 1.074651 0.9417523 0.9637378
[5668, 0.5559233, 0.9927594, 4.753875, 0.30222318] 3.185779 1.1462995 0.7847737 0.7013275
[5669, 0.44976157, 1.062486, 5.367669, 0.49984834] 2.9528186 1.1066227 0.8730836 1.0841906
[5670, 0.51824784, 1.0122831, 4.0183406, 0.46353427] 2.965857 1.0129251 1.0814277 0.9915697
[5671, 0.54534394, 0.99624026, 4.1763372, 0.47952834] 2.9489758 1.3185066 1.0155741 0.79924965
[5672, 0.510029, 1.0053595, 5.96054, 0.41181627] 2.6094425 1.230754 0.83657134 0.8242066
[5673, 0.5551844, 0.9593769, 5.7036476, 0.3030957] 2.4119139 1.3133231 0.8881012 0.93268967
[5674, 0.46687326, 1.0344983, 6.115509, 0.28638572] 2.6241434 1.0896802 1.1403213 0.9131668
[5675, 0.44142514, 1.0675019, 5.2364893, 0.39758027] 2.9152637 1.0574818 0.99664867 0.8998632
[5676, 0.4407398, 1.0635209, 5.39765, 0.36834922] 2.87787 1.1550554 0.99731505 0.8954451
[5677, 0.5615538, 0.98440933, 5.311884, 0.56602657] 3.0157378 1.2743776 0.8735622 0.7467275
[5678, 0.43028665, 1.0634198, 5.163442, 0.28407046] 2.8958087 1.223351 1.1612678 0.6744495
[5679, 0.4529529, 1.0732242, 6.795108, 0.2849814] 2.6456168 1.0517519 1.0141684 0.95508087
[5680, 0.48490056, 1.0482452, 5.9083776, 0.38458073] 2.796965 1.1549385 1.0365151 0.7840808
[5681, 0.48400638, 1.0447807, 3.4905813, 0.64764374] 3.263973 1.0097604 0.9375012 0.8286934
[5682, 0.52221, 1.0390471, 4.1144905, 0.7215141] 2.9723291 1.097129 0.9652981 1.044868
[5683, 0.5292437, 1.0263174, 5.204974, 0.55739266] 2.7588212 1.2064573 0.96814847 1.0646054
[5684, 0.47512776, 1.044003, 6.2485137, 0.6070599] 2.5053477 1.178568 0.9019965 1.0273674
[5685, 0.42644167, 1.0611316, 4.7586846, 0.5684556] 2.534299 1.2194979 1.0118306 0.9276364
[5686, 0.51036364, 1.0129253, 6.398374, 0.48768136] 2.6591308 1.1171024 0.9124851 0.87529075
[5687, 0.5072758, 1.0338651, 2.7419214, 0.77535236] 3.2037473 1.1808143 1.065363 0.8817675
[5688, 0.4351378, 1.0734303, 6.35539, 0.46369663] 2.708538 1.1413904 0.9559171 1.0599799
[5689, 0.5028052, 1.0286198, 5.4619837, 0.37602347] 2.9269626 0.9843991 0.8652187 1.0749689
[5690, 0.6935552, 0.8225782, 5.2391076, 0.8454591] 2.572981 1.1523056 0.9579451 0.9362324
[5691, 0.54944074, 0.9825391, 7.039024, 0.36752772] 2.8080628 1.0320421 0.8482441 0.91767025
[5692, 0.47215542, 1.0530279, 3.266376, 0.88332325] 3.2419162 1.135647 0.7172996 0.96476585
[5693, 0.5611315, 0.9556219, 4.729993, 0.6745221] 2.538833 1.2833543 1.0656924 0.9309328
[5694, 0.5483035, 1.0027266, 4.327768, 0.74861294] 3.0063705 1.0479839 0.94925797 0.72946626
[5695, 0.4803418, 1.0096693, 6.0486884, 0.4478727] 2.5890908 1.0920111 0.9745032 0.9104996
[5696, 0.4872211, 1.0606006, 4.948023, 0.5371997] 2.7986436 1.0644376 1.0631851 0.99662447
[5697, 0.47835565, 1.0478454, 5.489786, 0.23514403] 2.8268726 1.0934592 1.0460984 1.0750898
[5698, 0.57953453, 0.95688254, 5.428546, 0.35654563] 2.928708 1.155725 0.8973171 0.84475577
[5699, 0.5691006, 0.99366397, 4.9808025, 0.42854008] 2.9520233 1.1156615 0.83514774 1.1081116
[5700, 0.63662153, 0.90605515, 5.9685764, 0.58071834] 2.3243012 1.2975348 1.017669 0.99493754
[5701, 0.45266184, 1.0736213, 4.4044766, 0.74350816] 3.114934 1.0785571 0.9775027 0.83990467
[5702, 0.43333188, 1.0535028, 5.710508, 0.26452833] 2.9009743 1.1732911 0.81200707 1.0494834
[5703, 0.39989987, 1.0945729, 5.929301, 0.27868837] 2.896764 1.0259266 0.9572106 1.0306567
[5704, 0.47644296, 1.0359932, 4.7444425, 0.59427947] 2.7086217 1.2869394 0.9427902 0.9560725
[5705, 0.5303959, 1.016015, 3.4158275, 0.6657704] 3.3089552 1.1329279 0.86527395 0.7826677
[5706, 0.48887962, 1.0605261, 3.9717517, 0.4078167] 2.9911842 1.0467488 0.9218038 1.0873142
[5707, 0.4529584, 1.0566546, 3.0189154, 0.68575126] 3.1318169 1.2579999 1.0372667 0.97021246
[5708, 0.46419722, 1.0400362, 4.9919014, 0.52203333] 2.750989 0.96179605 0.98516995 1.1263716
[5709, 0.39963275, 1.0908121, 4.3945174, 0.7743362] 2.922336 1.1380718 0.90939766 0.8268646
[5710, 0.3865345, 1.1139302, 6.0338545, 0.56627345] 2.7836063 1.0505238 0.97848356 0.9379579
[5711, 0.48017094, 1.0180585, 6.2901874, 0.44791532] 2.838897 1.145022 0.8553838 0.8520766
[5712, 0.5698892, 0.9934057, 4.8203173, 0.5551601] 3.014416 1.0797802 0.9883527 1.0205771
[5713, 0.49339265, 1.0351311, 3.6268039, 0.6028659] 2.7132995 1.2286934 1.011289 1.0314318
[5714, 0.48525625, 1.0483052, 3.9474833, 0.7869718] 3.1208832 1.1158973 0.92908615 0.8923264
[5715, 0.56110626, 0.9770106, 5.1947002, 0.5243728] 2.5969448 1.2559497 1.0276105 0.88782585
[5716, 0.53100145, 1.0116925, 4.941434, 0.42364737] 2.926568 1.0196741 1.1167525 0.883949
[5717, 0.49690494, 1.036698, 5.7144094, 0.625605] 2.7362933 1.1835377 1.01162 0.8559658
[5718, 0.45030797, 1.0268472, 5.741618, 0.20606856] 2.8371367 1.1412387 0.9032407 0.8208116
[5719, 0.5466474, 0.9915558, 6.8608646, 0.439558] 2.6691353 1.1442388 0.8885305 0.8597617
[5720, 0.5238975, 1.0264419, 4.881777, 0.38717222] 2.925198 1.0901377 1.1184694 0.91014504
[5721, 0.61687154, 0.925791, 5.8430443, 0.56353265] 2.6632578 1.2662723 0.8927255 1.2135652
[5722, 0.59414387, 0.90018594, 5.887296, 0.2173658] 2.375571 1.2009505 0.95551693 0.88592124
[5723, 0.4148292, 1.0723041, 4.6413307, 0.74563533] 2.8022733 1.1714007 0.9939892 0.96752167
[5724, 0.45390385, 1.0467975, 5.1947083, 0.35145324] 2.8472311 1.3650814 0.9505978 0.782897
[5725, 0.5934451, 0.9473245, 6.754417, 0.21545224] 2.547278 1.0464281 1.0310636 1.1589968
[5726, 0.44165465, 1.0871309, 4.6664696, 0.6873525] 3.000505 1.1178843 0.8950376 0.8737335
[5727, 0.5551806, 1.0044454, 6.4663506, 0.43009946] 2.6931572 1.2317331 1.0696639 0.7679153
[5728, 0.44117355, 1.071242, 4.9553094, 0.6156996] 2.6466773 1.1537272 1.1233209 1.0045191
[5729, 0.43802214, 1.0741966, 2.9960208, 0.95995927] 3.1698601 1.0436534 0.90075284 1.0168575
[5730, 0.5642635, 0.9857422, 6.534522, 0.56718767] 2.68074 1.0234473 0.93906343 0.99168336
[5731, 0.48340008, 1.0565681, 3.608312, 0.71832526] 3.1328802 0.9770791 0.89585686 0.9288605
[5732, 0.5057979, 1.0193511, 6.4330893, 0.36744732] 2.7179549 1.0940887 0.96003354 0.89214563
[5733, 0.56364065, 0.9936712, 5.173303, 0.9341894] 2.6088753 1.1515194 0.9520912 1.0778751
[5734, 0.5120566, 1.0223784, 4.433097, 0.72950333] 2.8775735 1.0386131 0.9566809 0.8103044
[5735, 0.5087594, 1.012411, 5.346785, 0.55752134] 2.5363417 1.1876717 1.0340942 0.98441243
[5736, 0.45282203, 1.0546714, 3.8134403, 0.56279] 3.2445695 1.1710321 0.9469873 0.6672314
[5737, 0.5300869, 1.0013969, 4.9347615, 0.41880432] 2.9146116 1.023389 1.0760274 0.9633774
[5738, 0.50610375, 1.0342621, 5.182676, 0.5157937] 2.832888 1.0148985 1.0488409 0.93808275
[5739, 0.5851729, 0.9821759, 4.2969174, 0.44735792] 3.2739897 1.0552262 0.85908526 0.9119764
[5740, 0.4558568, 1.0479243, 4.3842473, 0.3429627] 2.8657212 1.1231364 0.980042 0.87060905
[5741, 0.5388166, 1.0043226, 4.893736, 0.54231644] 3.1776004 1.0338935 1.0114602 0.67415947
[5742, 0.49597275, 1.0369737, 5.443375, 0.4533644] 3.0855587 0.9680801 0.83450943 0.974209
[5743, 0.45398837, 1.0527741, 5.274736, 0.37908903] 2.8859332 1.1192462 1.0215256 0.84175974
[5744, 0.530622, 0.99409527, 5.968697, 0.30883577] 2.9358037 1.0988389 0.88290006 0.888943
[5745, 0.38163763, 1.1251181, 3.82698, 0.75945264] 3.227519 1.0404196 0.92078465 0.81674784
[5746, 0.4751418, 1.027969, 5.7357473, 0.24123538] 2.7030292 1.2503294 1.0104325 0.984976
[5747, 0.6135466, 0.9364994, 5.955895, 0.26680169] 2.7146175 1.0967493 0.9357599 1.1343843
[5748, 0.4830704, 1.044, 3.9039693, 0.62672174] 3.0050192 1.1197166 0.98152703 1.1179535
[5749, 0.51597863, 1.0241468, 4.2420254, 0.5682673] 2.8519886 1.109277 0.9221097 0.9142759
[5750, 0.60877556, 0.9246204, 5.6222653, 0.42066833] 2.651616 0.9732963 0.9034882 0.9666857
[5751, 0.45048445, 1.0689139, 4.0498734, 0.72506976] 3.0557797 1.0353458 0.98238796 0.862279
[5752, 0.46837866, 1.0611665, 7.5564094, 0.24337845] 2.8370152 1.0239127 1.0128037 0.7821342
[5753, 0.5487114, 1.0120772, 4.2360106, 0.727776] 2.7918353 1.1421796 0.95695764 0.9343198
[5754, 0.48637003, 1.0473496, 5.9871635, 0.4406386] 2.63319 1.1544275 0.9439696 1.0398011
[5755, 0.46031418, 1.0539925, 4.061388, 0.5069228] 3.1488066 1.1320913 0.84864634 0.98560053
[5756, 0.56918377, 0.96432626, 6.0330725, 0.19310863] 2.8089468 1.0441072 0.8621413 1.0619856
[5757, 0.39377013, 1.0969881, 5.3171124, 0.32033065] 2.984232 1.1699655 0.9152856 1.0413767
[5758, 0.5074422, 1.0238417, 4.3409624, 0.5671508] 3.054097 1.2842745 0.9793862 0.7333495
[5759, 0.47939318, 1.03657, 6.208785, 0.43440834] 2.8498716 1.225757 0.8880665 0.90413874
[5760, 0.6066076, 0.94447684, 2.7441194, 0.9663242] 3.0790737 1.1574382 0.9353316 1.131137
[5761, 0.4813836, 1.0377539, 3.6624827, 0.49393928] 3.1916337 1.1352115 0.95098376 1.0323142
[5762, 0.49574396, 1.0382205, 3.613823, 0.5041611] 3.0891075 1.158408 0.95105046 0.7555821
[5763, 0.50721556, 1.0332536, 3.9425454, 0.67278624] 3.1059327 1.0857855 0.82141745 1.0244749
[5764, 0.45212075, 1.0637368, 3.4578967, 0.6576891] 3.1587274 1.2373087 0.8659503 0.9687076
[5765, 0.5174266, 1.0459963, 3.4278378, 0.7715355] 3.3288238 1.0022864 0.9373051 0.64566356
[5766, 0.47573993, 1.028186, 6.502924, 0.23627867] 2.510624 1.1757058 0.96519476 0.9620517
[5767, 0.5584542, 0.9875644, 5.1447263, 0.43954614] 2.8548143 1.3235755 0.9982648 0.8687049
[5768, 0.42196652, 1.0572728, 6.901941, 0.30640513] 2.8533113 1.0010356 0.9476798 1.0083274
[5769, 0.6713112, 0.852409, 5.1127996, 0.57243526] 2.5719593 1.0708402 0.8230897 0.873739
[5770, 0.43130836, 1.0647532, 5.2034216, 0.93621725] 2.6558335 1.2069511 1.0189999 0.84241956
[5771, 0.6274156, 0.8918328, 5.0948715, 0.61165106] 2.3626015 1.2293522 0.9124788 0.9415117
[5772, 0.62298614, 0.91151035, 6.5622554, 0.26898858] 2.790471 1.1340402 1.023418 0.7169222
[5773, 0.52848583, 0.9986343, 6.437362, 0.2372257] 2.8380148 1.3035189 0.9573605 0.7434762
[5774, 0.42389816, 1.0920894, 3.990421, 0.6391547] 3.0586119 1.1518307 0.9859896 0.99629927
[5775, 0.5011505, 1.0380684, 5.416211, 0.5420623] 2.748885 1.2122746 0.9603346 1.0132395
[5776, 0.5369186, 1.0070956, 5.533855, 0.6590137] 2.6491182 1.1286316 1.0107768 0.9565274
[5777, 0.5112455, 1.0143256, 6.0282707, 0.36962125] 2.8298852 1.2981867 0.9937816 0.70357454
[5778, 0.44950628, 1.0618013, 5.717615, 0.34820712] 2.7576349 1.2738159 0.87876487 0.8537727
[5779, 0.45787683, 1.0571473, 4.0402493, 0.44876522] 2.9441261 1.1555544 0.8899075 0.9670692
[5780, 0.40296796, 1.0804461, 6.1987348, 0.33351412] 2.8236704 1.2133241 0.9835816 0.8611513
[5781, 0.5489337, 0.9937259, 4.51752, 0.3732454] 3.023117 1.2525495 0.7810481 0.6962799
[5782, 0.4878258, 1.0426995, 6.471995, 0.2971857] 2.5872211 1.1942827 1.0507033 0.9028615
[5783, 0.5433386, 0.9867591, 6.0712023, 0.32538474] 2.4796262 1.1887691 0.9671422 1.1421713
[5784, 0.54126805, 0.9937822, 6.621929, 0.43886954] 2.6417367 1.1957622 0.9548251 0.72882634
[5785, 0.49619323, 1.0158937, 7.721666, 0.19625404] 2.6966062 1.1232356 0.947714 0.953139
[5786, 0.56852704, 0.98949397, 6.387555, 0.5070128] 2.9525263 1.11583 0.8864368 0.73992556
[5787, 0.50859624, 1.0039636, 5.828815, 0.38362068] 2.6314664 1.2235788 0.93890697 1.0240604
[5788, 0.42250264, 1.0852562, 5.5531964, 0.46488672] 2.782279 1.1867937 1.1097624 0.9360448
[5789, 0.36345088, 1.1247952, 2.382142, 0.98175883] 3.3271744 1.1483777 1.0458822 0.9149113
[5790, 0.4355651, 1.0643523, 5.1626387, 0.63491815] 2.752631 1.2627133 1.0067886 1.0029725
[5791, 0.5354377, 1.0215194, 5.3387356, 0.6562479] 2.856811 1.0315795 0.8867814 1.1116194
[5792, 0.49960244, 1.0108746, 5.576752, 0.30576456] 2.9171429 1.1394521 0.9674963 0.8635612
[5793, 0.4053536, 1.0814425, 4.6467423, 0.6523563] 2.859807 1.0900917 0.93328947 0.80734384
[5794, 0.48199, 1.0666957, 4.9859915, 0.47242773] 2.886933 1.0975759 1.0420448 1.0083421
[5795, 0.4424136, 1.0838486, 5.5068893, 0.43672192] 2.9683228 1.0747222 0.9848942 0.9605885
[5796, 0.47295353, 1.0286393, 5.003272, 0.309801] 2.90755 1.074967 0.8285779 0.954581
[5797, 0.50641656, 1.0308858, 3.7262847, 0.8449165] 3.0490174 0.9854043 0.906894 0.9465998
[5798, 0.43434155, 1.0811011, 5.3986297, 0.47959635] 2.71802 1.1361004 0.96266824 1.0747385
[5799, 0.38919568, 1.0917134, 4.94998, 0.73112106] 2.661683 0.97992957 0.91684955 1.0885432
[5800, 0.44758546, 1.0829813, 4.4716034, 0.5580194] 2.96067 1.1328502 1.056459 0.9272183
[5801, 0.44569337, 1.0761051, 5.00486, 0.40431237] 2.8101814 1.0562452 0.8723474 1.0982009
[5802, 0.5241251, 1.0302923, 5.8770766, 0.5297099] 2.9072914 1.1429324 0.8250277 0.79451996
[5803, 0.37969455, 1.1118157, 5.034844, 0.34358555] 3.0458622 1.1554059 0.89896446 0.9340479
[5804, 0.5508382, 0.9907524, 5.5777664, 0.3255973] 3.026919 1.1286366 0.78053623 0.7852038
[5805, 0.5489891, 0.9987818, 6.5029907, 0.6326344] 2.798881 1.0392503 0.9595046 0.82876587
[5806, 0.5541819, 0.9773319, 5.196697, 0.69984967] 2.7311227 1.1004775 0.85546553 0.9332311
[5807, 0.5907809, 0.9281264, 5.1646495, 0.5490564] 2.5300057 1.1529421 0.94681346 0.9354882
[5808, 0.5153745, 1.0060793, 4.604479, 0.3829724] 2.930603 1.2148498 1.0155818 1.0161939
[5809, 0.5312386, 1.011618, 5.0249634, 0.8221536] 3.053481 1.1539643 0.6602356 0.8686014
[5810, 0.48285663, 1.0587364, 4.9880357, 0.5640721] 2.984221 1.1992697 0.96904844 0.81538725
[5811, 0.48240545, 1.0610694, 4.0998816, 0.5103318] 3.0237858 0.96976703 1.0775477 1.1478695
[5812, 0.41889754, 1.0900649, 4.102378, 0.57614577] 2.8092213 1.1677724 1.103501 1.0633736
[5813, 0.45188892, 1.0819758, 5.4978085, 0.71513253] 2.8377385 1.1490805 1.019813 0.9525205
[5814, 0.46004564, 1.0302598, 6.3929677, 0.26261568] 2.606438 1.3310326 1.138322 0.99380356
[5815, 0.48697844, 1.0431179, 3.4522989, 0.9088234] 3.219794 1.0520389 0.907488 0.87191004
[5816, 0.63586336, 0.88590467, 6.409136, 0.38739654] 2.4099889 1.1389519 0.9379994 0.9770346
[5817, 0.45363382, 1.0513011, 5.1056976, 0.5501293] 2.7762094 1.1114724 1.0673782 0.94098735
[5818, 0.44463614, 1.0726587, 4.693002, 0.44949156] 3.0549805 1.185028 0.9727493 0.92346066
[5819, 0.4594006, 1.0462157, 6.068257, 0.37135294] 2.672973 1.2545284 0.86450744 0.8447485
[5820, 0.5908065, 0.97677445, 3.8435795, 0.8234082] 3.016705 1.0605808 0.8582374 0.85820276
[5821, 0.3999874, 1.0799996, 3.8449574, 0.8239888] 2.8739972 1.1816603 1.109769 0.9870438
[5822, 0.4407478, 1.0671358, 4.498357, 0.6769222] 2.9313312 1.1139079 0.8767859 1.0423483
[5823, 0.5281169, 1.0016545, 5.318405, 0.3801376] 2.8567262 1.1861546 0.9327958 0.8309428
[5824, 0.5042027, 1.0293642, 4.2520785, 0.65056777] 2.9050174 1.2111835 0.9158598 0.9089261
[5825, 0.4315624, 1.0527427, 4.417141, 0.55201036] 3.0552535 1.2641653 0.8559716 0.99828255
[5826, 0.53551996, 0.9846207, 5.3863964, 0.30212274] 2.985271 0.93522274 0.95486623 0.93810374
[5827, 0.40579477, 1.095738, 4.3420334, 0.5035992] 3.0594003 1.1885889 1.0073972 0.8869619
[5828, 0.5525679, 0.9900119, 6.2671356, 0.3055974] 2.7836435 1.2068441 1.0004377 0.80861384
[5829, 0.4792068, 1.051866, 4.7034383, 0.47565803] 2.9957695 0.97482705 0.89856493 0.9856567
[5830, 0.5339262, 1.0108861, 3.954365, 0.62863] 2.9407983 1.1732403 0.7736481 0.75432026
[5831, 0.47358042, 1.0355964, 3.9355047, 0.5233292] 2.9235103 1.0871841 1.0279843 0.9746629
[5832, 0.5241636, 1.026379, 4.666365, 0.584203] 3.0043263 1.2243098 0.8983668 0.9897194
[5833, 0.61550915, 0.9566649, 4.9498224, 0.62988156] 2.8070304 1.1568168 0.965451 0.9731839
[5834, 0.41892195, 1.0941089, 5.108373, 0.65535516] 2.9014494 1.0924212 1.0006225 1.0027375
[5835, 0.4885613, 1.0474064, 5.0066605, 0.39102307] 3.0214005 1.1436721 0.9151157 0.81666493
[5836, 0.49394125, 1.0250763, 6.4118624, 0.3827059] 2.8478293 1.0869099 0.9299876 0.7439746
[5837, 0.52297837, 1.0035025, 6.1916046, 0.32523745] 2.7033045 1.3057798 0.8477495 0.81933665
[5838, 0.6682785, 0.8916941, 7.4579077, 0.2984296] 2.84233 1.1636003 0.95957214 0.57007504
[5839, 0.5280083, 0.996736, 4.651296, 0.57354724] 2.3782747 1.2811509 0.990655 1.1134783
[5840, 0.50873184, 1.0377532, 6.454201, 0.5805595] 2.6037478 1.2097917 0.9885435 0.98608065
[5841, 0.48157647, 1.0308702, 3.754021, 0.5681081] 3.1179845 1.051839 1.0459596 0.95997363
[5842, 0.35901424, 1.1188773, 4.8895354, 0.55242723] 2.7074003 1.3386456 0.9472369 0.85804564
[5843, 0.4629669, 1.0661002, 3.5123076, 0.7623826] 3.072894 1.0974085 1.0315356 1.0001861
[5844, 0.5135454, 1.0245298, 5.859646, 0.87613505] 2.836718 1.0328938 0.73762494 0.9201199
[5845, 0.5136746, 0.9968271, 6.6460586, 0.251058] 2.6813977 1.1721656 0.7637382 0.83861446
[5846, 0.39783522, 1.0685831, 4.667591, 0.3652275] 2.9665086 1.0319958 1.0219523 0.87407154
[5847, 0.54955703, 0.967104, 5.9597588, 0.44098455] 2.6399708 1.0714173 1.019612 1.0325193
[5848, 0.46540028, 1.0457059, 6.1878424, 0.24076158] 2.7638588 1.1117285 1.0724058 0.91413254
[5849, 0.4078299, 1.0896004, 3.4126124, 0.69009036] 3.1720498 1.0615921 0.785303 0.96394736
[5850, 0.49856037, 1.013177, 4.5019727, 0.41144344] 2.5787106 1.0978701 0.99753445 1.0789461
[5851, 0.4990071, 1.0162213, 7.02115, 0.59193444] 2.6729069 1.0163736 1.0595018 0.825794
[5852, 0.39947686, 1.0814756, 5.761858, 0.34063855] 2.9816375 0.99471104 0.94785786 1.0107625
[5853, 0.3894008, 1.0760397, 6.707112, 0.54627305] 2.6730301 0.87913066 1.0375422 1.0241169
[5854, 0.42765653, 1.0810405, 4.2882104, 0.6143273] 3.0293798 1.1301788 0.9172877 0.8814067
[5855, 0.46433774, 1.0556408, 7.050906, 0.29221854] 2.5918543 1.2500215 1.0260017 0.90283936
[5856, 0.5038541, 1.0295502, 5.5812297, 0.42472354] 2.7211425 1.1582731 0.99374056 0.9549714
[5857, 0.4941907, 1.0207297, 5.447199, 0.42335373] 2.7023933 1.0445772 0.82582855 0.9966791
[5858, 0.5054456, 1.0402826, 4.956054, 0.62882096] 2.880621 1.1830733 0.86831623 0.9815174
[5859, 0.5905733, 0.9601736, 5.423299, 0.3899875] 2.6729562 1.0707732 0.95109934 0.9339316
[5860, 0.5070913, 1.0376967, 6.2869167, 0.33870164] 2.5210466 1.3779249 1.0167481 1.1733751
[5861, 0.4050962, 1.1035599, 4.0859256, 0.5719251] 3.05234 1.1961569 1.0018877 0.9423225
[5862, 0.50614285, 1.0105784, 5.418673, 0.7160397] 2.669988 1.1184673 1.0092154 0.7773454
[5863, 0.48968104, 1.0405751, 5.4061165, 0.4236053] 2.990104 1.0955482 0.93570733 0.7073447
[5864, 0.55267453, 0.9734443, 5.3205724, 0.40926623] 2.661547 1.0621405 0.98787767 0.7391445
[5865, 0.51700866, 1.0169916, 4.5589595, 0.58108246] 2.93908 1.2704742 0.8749111 0.90439147
[5866, 0.49307793, 1.0375254, 5.7799897, 0.359755] 2.6875095 1.1636248 1.0429353 0.96671605
[5867, 0.47973195, 1.0525521, 5.282843, 0.49289754] 3.0163414 1.172469 0.8218354 0.73641294
[5868, 0.51007587, 1.0046843, 6.351134, 0.2914655] 2.5488052 1.1865697 0.8894366 1.0015038
[5869, 0.49158618, 1.0558299, 5.652611, 0.51072127] 2.9639192 1.0938135 1.0381525 0.8647964
[5870, 0.5123044, 1.0083574, 5.25983, 0.23787099] 2.6071525 1.2119361 1.1199391 1.0362091
[5871, 0.5267226, 1.0186774, 5.4538817, 0.6474455] 2.831635 1.0624062 1.012346 0.8112701
[5872, 0.44340697, 1.0766898, 5.19348, 0.6764252] 3.047408 1.0746714 0.87099993 0.82728773
[5873, 0.4634135, 1.0598713, 6.2089605, 0.30903774] 2.8603828 1.1803327 0.8659119 0.92285234
[5874, 0.5669616, 0.96583545, 5.9566164, 0.36197305] 2.5141637 1.1500736 0.9544938 0.92680854
[5875, 0.544665, 1.006399, 5.4167585, 0.49597383] 2.9757903 1.1554264 0.8730158 0.74776083
[5876, 0.48639178, 1.0390514, 3.3068433, 0.49432608] 3.126356 1.0943712 1.141804 1.123553
[5877, 0.5580742, 0.99752253, 4.9944763, 0.92751443] 2.268094 1.1524775 1.0245856 1.2851636
[5878, 0.4914753, 1.0415664, 4.460399, 0.9304152] 2.8999012 1.0429419 0.89152604 0.7932658
[5879, 0.47848335, 1.0604925, 4.118902, 0.9864714] 2.9889443 1.0989652 1.032392 0.75513405
[5880, 0.5061538, 1.0165244, 7.0646544, 0.27077952] 2.8034618 1.2560375 1.0487596 0.7425185
[5881, 0.4059525, 1.0740325, 3.6098528, 0.9158611] 3.018771 1.1661745 1.0027956 0.8909616
[5882, 0.49509093, 1.0487487, 5.9195123, 0.38362813] 2.9263022 1.1339035 0.9777584 0.9113481
[5883, 0.5471418, 0.98240143, 4.88857, 0.6590036] 2.5000377 1.0680985 1.0158073 1.0233814
[5884, 0.5763428, 0.96507615, 6.550479, 0.40072054] 2.4978726 1.2696028 0.96600795 0.9391814
[5885, 0.4959804, 1.022547, 4.7249804, 0.27343026] 3.0784092 1.0683339 0.84824264 0.86454356
[5886, 0.44242907, 1.049346, 4.988751, 0.73383236] 2.8326325 1.0673854 0.9844751 0.8753497
[5887, 0.46090955, 1.0587397, 6.73886, 0.36509016] 2.7703614 1.0887783 0.95081896 0.88699937
[5888, 0.5316314, 0.9999104, 4.6609488, 0.6702282] 2.7746933 1.0617524 0.9694036 0.8824376
[5889, 0.47522116, 1.0646434, 5.0487375, 0.4914473] 3.020929 1.1369082 0.9384457 0.86495566
[5890, 0.5908832, 0.95028865, 9.765913, 0.278846] 2.6847997 1.0778491 0.9591452 0.7636342
[5891, 0.42778254, 1.0822325, 3.4200442, 0.8050386] 3.0658674 1.2336619 1.0340239 1.0883359
[5892, 0.5485484, 0.97536165, 5.3406305, 0.22829095] 2.92651 1.0731494 0.9976229 0.94401413
[5893, 0.5780976, 0.9792455, 4.333533, 0.6336342] 2.8098536 1.2486808 1.0995578 0.9026536
[5894, 0.5110187, 1.0176476, 5.8031335, 0.3115967] 2.657262 1.2686652 0.9780373 1.0317698
[5895, 0.5489935, 0.9692089, 5.230287, 0.5917772] 2.5214992 1.3158638 1.0058975 0.8333945
[5896, 0.6066412, 0.9410142, 5.343657, 0.5647871] 2.736484 1.117611 0.8596319 0.9153044
[5897, 0.57470495, 0.99968785, 5.1892633, 0.6819512] 2.929464 1.212348 1.0271319 0.95963156
[5898, 0.5636471, 0.9867717, 6.773743, 0.53061104] 2.6687872 1.2342495 1.0568185 0.87656087
[5899, 0.4589018, 1.0675886, 6.006936, 0.50780505] 2.6130943 1.1885009 1.0509075 1.0778035
[5900, 0.49847463, 1.0438012, 3.807747, 0.557564] 2.9999619 1.2166575 1.0540174 0.9217909
[5901, 0.4764275, 1.0415906, 3.648927, 0.5947847] 3.2119765 1.1825753 0.88363683 0.8151346
[5902, 0.52975136, 1.0302782, 3.3802314, 0.88004655] 3.0947876 1.1517512 0.9616977 0.9977056
[5903, 0.5140275, 1.0254337, 3.9140024, 0.5509193] 2.9988003 1.2464453 0.97319275 1.0583922
[5904, 0.56717855, 0.9867799, 6.644566, 0.27989012] 2.698751 1.1432419 0.9084695 1.1564649
[5905, 0.48306686, 1.0496216, 3.8659964, 0.8944125] 2.9684103 1.0815707 0.961245 1.0603399
[5906, 0.47512195, 1.0450618, 2.9637816, 0.77086884] 3.4345326 0.95190483 0.8941078 0.86192256
[5907, 0.5025002, 1.0365273, 3.6658008, 0.73625547] 3.1623712 1.2178501 0.7864603 0.98946524
[5908, 0.5856729, 0.94179815, 6.642531, 0.2319165] 2.7587762 1.071635 0.88210857 0.76148635
[5909, 0.48229155, 1.0318646, 5.9025226, 0.23262653] 2.536336 1.0348932 1.0858678 1.0360985
[5910, 0.56971216, 0.99926114, 3.4073126, 0.90737396] 3.153899 1.0150907 0.96703994 0.847354
[5911, 0.49856785, 1.034983, 6.5307713, 0.44958723] 2.826388 1.1899267 0.8897258 0.9824091
[5912, 0.452593, 1.0455236, 4.74015, 0.47068235] 2.8149347 1.0475147 1.0355815 0.95398027
[5913, 0.5624225, 0.9856407, 3.661689, 0.5253771] 2.8308423 1.2265799 1.0486103 0.9785823
[5914, 0.51370585, 1.0238116, 5.6761355, 0.3799113] 2.7859216 1.1620392 0.8513702 0.8416226
[5915, 0.57659966, 0.94529915, 4.574846, 0.6724984] 2.457491 1.1947764 0.9991097 0.8848881
[5916, 0.43156594, 1.0658447, 4.850049, 0.3940853] 2.9836476 1.018105 0.95363194 0.86514986
[5917, 0.45556277, 1.0526927, 5.210065, 0.83376455] 2.7180927 1.1976346 0.8929978 1.0208598
[5918, 0.5032422, 1.0307633, 4.369331, 0.6318632] 2.616934 1.2294635 0.85943604 0.95691186
[5919, 0.48054352, 1.0478904, 3.1578844, 0.7532594] 3.2143447 1.1899558 1.1038343 0.8143759
[5920, 0.45483133, 1.0577792, 6.2811923, 0.48748133] 2.7588968 1.1774375 1.0435411 0.9295099
[5921, 0.5596528, 0.9600983, 6.99467, 0.2836997] 2.624007 1.1651732 0.92354363 0.88439983
[5922, 0.519964, 1.0018823, 5.562187, 0.36199644] 2.5511637 1.230206 1.0244728 0.92829245
[5923, 0.38771477, 1.0979128, 6.9452353, 0.48547107] 2.6699462 1.1102296 1.0193318 0.95353293
[5924, 0.45254657, 1.050278, 5.6428638, 0.45499566] 2.5289469 1.3878356 0.9999742 0.9688721
[5925, 0.5730297, 0.963568, 6.322914, 0.52276236] 2.684319 1.1585063 0.90677977 0.9032074
[5926, 0.50318795, 1.0506587, 4.594421, 0.58691996] 2.9907315 1.2322705 0.9287345 0.91357064
[5927, 0.58733267, 0.9524232, 5.4865665, 0.40564454] 2.703711 1.1403592 1.0197806 0.74853176
[5928, 0.47529924, 1.0462168, 4.6882524, 0.8730876] 2.6238234 1.1189624 1.0253118 1.0699439
[5929, 0.5309112, 1.0215116, 5.75475, 0.39848366] 2.8507512 1.1074288 0.9400974 1.0478733
[5930, 0.6001734, 0.9391626, 5.0491195, 0.5010305] 2.6272383 1.1341183 0.85704035 0.8202987
[5931, 0.5530909, 0.98478496, 5.79767, 0.440663] 2.8361177 1.0393571 1.0030639 0.8635046
[5932, 0.5915409, 0.9578627, 5.4228697, 0.40627173] 2.592433 1.1118469 0.9978251 1.1364872
[5933, 0.49365333, 1.0378506, 5.641976, 0.33386892] 2.9506454 1.0218589 0.9197372 0.80405414
[5934, 0.6009228, 0.9254931, 7.7975144, 0.26593322] 2.6696026 1.1196709 1.0248812 0.79612684
[5935, 0.38712415, 1.1024714, 4.74175, 0.67297363] 2.8870206 1.092624 1.0210272 1.1072353
[5936, 0.48838758, 1.0442767, 4.846871, 0.5990952] 2.9760747 1.2159623 0.7820613 1.0784528
[5937, 0.5071114, 1.0298536, 5.227496, 0.5605097] 2.6886628 1.0849055 0.9476133 0.9647509
[5938, 0.48233336, 1.0498334, 4.6618943, 0.44367033] 2.9373932 1.0204903 0.9481409 0.90805817
[5939, 0.46219844, 1.061965, 5.1257977, 0.45834076] 3.1055207 1.149461 0.8915108 0.8325822
[5940, 0.4885704, 1.0376205, 6.07823, 0.45494914] 2.6848106 1.0033332 0.98446715 1.0677103
[5941, 0.44472364, 1.0707948, 4.3733025, 0.48679537] 2.907498 1.2601807 1.0276978 0.8558261
[5942, 0.5047366, 1.0220734, 5.054548, 0.577134] 3.0098383 1.1227615 0.85861117 0.8988262
[5943, 0.42688373, 1.062566, 6.582029, 0.28615442] 2.7245042 1.0685089 0.91593456 0.931452
[5944, 0.44111454, 1.0699192, 5.453266, 0.4843602] 2.9387116 1.1400766 0.88141274 0.9813134
[5945, 0.5708839, 0.9893965, 4.2668257, 0.5671206] 3.0840385 1.072362 0.83638215 1.0321964
[5946, 0.48815706, 1.0378873, 4.023522, 0.5887916] 3.113734 1.2110868 0.9487724 0.8453115
[5947, 0.5427673, 0.9972599, 3.4918256, 0.85949826] 2.9620497 1.1833446 0.8685302 0.9947963
[5948, 0.47958666, 1.045721, 5.6758714, 0.29385343] 2.7625453 1.3078921 0.9607406 1.0354929
[5949, 0.50506884, 1.0088292, 4.905692, 0.5273368] 2.813972 1.0791415 0.88891906 0.8879663
[5950, 0.48465413, 1.0582867, 4.985293, 0.47916853] 2.971012 1.0889009 0.9042253 1.0071304
[5951, 0.45617965, 1.0410403, 6.808073, 0.23066525] 2.6783764 1.1153746 0.9692153 0.9426304
[5952, 0.5086968, 1.0202522, 6.5830455, 0.35484862] 2.7338293 1.3388847 0.8462605 0.8300197
[5953, 0.44942516, 1.037054, 6.0223236, 0.17314449] 2.8811946 1.0420063 0.75220186 0.86974007
[5954, 0.58157074, 0.9444992, 6.763055, 0.30740973] 2.657332 1.134368 0.86755913 0.8378329
[5955, 0.4826998, 1.0147195, 8.3628235, 0.22143576] 2.659086 1.1372155 0.9490214 0.76335555
[5956, 0.5280926, 1.017313, 4.7183976, 0.90678555] 2.5585546 1.1541684 0.85387844 1.1153823
[5957, 0.50570995, 1.0493472, 4.8831625, 0.8294753] 2.8370483 1.1361929 0.91102725 1.1486714
[5958, 0.45553514, 1.0734522, 4.915336, 0.47179136] 2.9286196 1.2598497 0.9710598 0.87813395
[5959, 0.52370036, 1.0201764, 5.6478252, 0.2416035] 2.717183 1.3985125 0.9381248 0.924243
[5960, 0.6514895, 0.8817949, 5.9145513, 0.28531322] 2.4954054 1.1835692 0.8456227 1.1341503
[5961, 0.5492308, 0.95126075, 6.804658, 0.27103257] 2.3954644 1.2195401 0.8434379 0.91088563
[5962, 0.5144698, 1.014908, 5.519986, 0.7409671] 2.730481 1.213979 0.98033124 0.78632057
[5963, 0.51395166, 1.0184039, 4.6024065, 0.44329742] 2.8130527 1.2508423 0.9614904 0.79991835
[5964, 0.39100844, 1.1019413, 4.581519, 0.52012044] 2.8726761 1.1312511 0.915386 0.78567684
[5965, 0.5226874, 1.0266154, 5.0076284, 0.4233982] 3.0169954 1.1126229 0.86099464 0.9200252
[5966, 0.40416178, 1.0799288, 6.6233664, 0.27419278] 2.6239798 1.118737 1.0336679 1.0009254
[5967, 0.5864209, 0.96365607, 6.30425, 0.32905024] 2.7200968 1.1970369 1.0609621 1.2354211
[5968, 0.47950482, 1.0342726, 6.0633917, 0.3044381] 2.9028747 1.1953982 0.9407352 0.7716527
[5969, 0.45063218, 1.0417641, 5.4062266, 0.5589691] 2.6848931 1.1047695 1.0388749 0.7731645
[5970, 0.5125806, 1.0257864, 4.896502, 0.66855466] 2.5515285 1.1469561 1.0222816 0.95776546
[5971, 0.57357794, 0.97558707, 3.625414, 0.52596307] 2.8450136 1.3257879 0.8812685 1.0417541
[5972, 0.5038365, 1.0292577, 5.0585585, 0.43738288] 2.806443 1.180042 0.80499876 0.85881495
[5973, 0.5651956, 1.007682, 5.3347573, 0.42299262] 2.857364 1.1988928 0.9301202 0.79272646
[5974, 0.4170179, 1.090712, 3.6535935, 0.8502425] 3.194345 1.0829899 0.8955346 0.8642384
[5975, 0.5766249, 0.9672962, 5.384247, 0.40965116] 2.9583774 1.12181 0.9040773 0.76516867
[5976, 0.580305, 0.96279305, 4.700693, 0.33969805] 3.1920428 1.0910162 0.72536576 0.7473703
[5977, 0.4937734, 1.0257505, 5.28285, 0.404755] 2.821085 1.1569932 0.9001935 0.9400839
[5978, 0.41983384, 1.0898461, 4.9224277, 0.4839471] 2.7759101 1.150618 0.91898286 0.99439085
[5979, 0.4839459, 1.0638548, 5.6190825, 0.36998832] 2.888823 1.1764736 1.0178856 0.8404428
[5980, 0.48111317, 1.0390588, 5.0952196, 0.58608437] 2.7324042 1.1585577 0.93794215 1.0882031
[5981, 0.4959616, 1.021842, 5.7646556, 0.36742622] 2.67717 1.3174585 0.8326492 0.8964705
[5982, 0.6273695, 0.91472846, 5.098465, 0.4544628] 2.5158906 1.1452746 0.87805635 1.0240062
[5983, 0.47315067, 1.0689902, 4.631133, 0.5784529] 2.880628 1.1535167 0.8852116 1.0242596
[5984, 0.5460118, 0.9936086, 5.549002, 0.41647586] 2.6080344 1.2052808 0.9707653 0.98370105
[5985, 0.4948965, 1.0236888, 6.5430174, 0.33124065] 2.731256 1.196819 0.9265799 0.91946614
[5986, 0.59501004, 0.95918775, 5.266649, 0.33559287] 2.7824323 1.2752767 0.6885199 1.0671042
[5987, 0.49754018, 1.0408616, 5.682589, 0.30245212] 2.9390333 1.1454766 0.9018599 0.9287545
[5988, 0.4481098, 1.0554872, 5.66564, 0.41996017] 2.6677582 1.206834 0.9171687 0.9561368
[5989, 0.42642963, 1.0693879, 4.7481546, 0.78940547] 2.6509948 1.0933434 1.0463544 1.0681894
[5990, 0.57379246, 0.98690826, 5.3593183, 0.52698445] 2.9131446 0.9519576 0.96208215 0.9905273
[5991, 0.50907844, 1.0162071, 7.5464144, 0.3124746] 2.6018107 1.1698848 1.0300578 0.86486393
[5992, 0.49202147, 1.0630783, 3.030962, 0.7685627] 3.3110359 1.1071571 0.9619574 0.9816626
[5993, 0.5256792, 1.0045774, 6.3874116, 0.29310057] 2.833216 1.1441958 0.94799286 0.8023381
[5994, 0.5302564, 1.0167005, 5.5506105, 0.39890322] 2.7548838 1.2207706 0.8490919 0.7384144
[5995, 0.52458656, 1.0317297, 5.4417315, 0.47165933] 2.9073808 1.1506574 0.9297084 0.92714673
[5996, 0.48922837, 1.0218828, 6.8069677, 0.25526175] 2.6394374 0.9045398 0.92852545 1.1114818
[5997, 0.5482419, 0.9919954, 4.605185, 0.7159447] 2.8000138 1.0242813 1.0749655 1.0114137
[5998, 0.4955744, 1.0001516, 6.576846, 0.3426977] 2.4013326 1.138571 1.0067934 1.0510274
[5999, 0.44117558, 1.0599751, 5.948275, 0.40442964] 2.9764597 1.0784051 0.9507737 0.9167237
[6000, 0.5339701, 1.0147433, 6.271788, 0.45721075] 2.6544113 1.1279752 0.9052855 0.9981183
[6001, 0.46992955, 1.0225792, 4.695599, 0.40210646] 2.6501257 1.1030686 1.0149697 0.8956292
[6002, 0.4631508, 1.0754575, 5.6893296, 0.4868601] 2.8485374 1.0737046 1.009243 0.76974237
[6003, 0.4593872, 1.0713179, 3.322745, 0.7632817] 3.0965292 1.2782757 0.9499741 0.95786
[6004, 0.51484007, 1.0314516, 5.9712815, 0.34982565] 2.7603376 1.0336279 0.9839279 1.1254463
[6005, 0.46808204, 1.0364037, 5.4580255, 0.18698083] 3.082593 1.0780262 0.9440378 0.89402896
[6006, 0.47021642, 1.0600718, 4.160555, 0.93253976] 3.014537 1.2463175 0.89426386 0.76929224
[6007, 0.5233562, 1.0030394, 6.1996636, 0.26588032] 2.8755724 1.0319521 0.9253765 0.7999102
[6008, 0.5550591, 0.9878968, 6.0889316, 0.45770788] 2.527373 1.0702962 1.0195984 1.1060991
[6009, 0.40211672, 1.0816472, 6.187149, 0.2618509] 2.8590314 1.229249 1.0066056 0.9303975
[6010, 0.5790595, 0.94987845, 5.25996, 0.60665864] 2.3966942 1.1511356 1.0317599 0.90985715
[6011, 0.5401733, 0.9707379, 5.062357, 0.35081142] 2.7037773 1.1511708 0.79720944 0.88574964
[6012, 0.61092883, 0.9395595, 5.4294047, 0.59443223] 2.9533336 1.169323 0.9602409 0.8673459
[6013, 0.48191974, 1.0152957, 5.5398707, 0.366074] 2.9513876 0.95972264 0.96659195 0.80216676
[6014, 0.54523623, 1.00206, 7.2611113, 0.23086561] 2.776841 1.088793 0.96237755 0.9659168
[6015, 0.46163934, 1.0620954, 5.5502663, 0.38625467] 2.9363148 1.0654564 0.95775783 0.8076483
[6016, 0.6303126, 0.8955229, 6.47113, 0.5272081] 2.4434853 1.218049 0.94532293 0.77321905
[6017, 0.5414997, 1.0040162, 4.1864986, 0.8625246] 2.9235582 1.1532292 0.99198884 0.89564234
[6018, 0.4727372, 1.0332929, 5.0224886, 0.42346367] 2.820307 1.197794 0.8874767 0.9423418
[6019, 0.50214523, 1.0301526, 4.0746894, 0.75313497] 3.0596986 1.1283517 0.8846762 0.7423325
[6020, 0.49358362, 1.0462333, 5.05347, 0.40513426] 2.8140862 1.1183627 1.07129 0.9511189
[6021, 0.5615157, 0.98685807, 3.540569, 0.87616706] 2.855705 1.0946612 0.97863835 1.2520432
[6022, 0.6036168, 0.9242677, 5.5301204, 0.44886678] 2.761075 1.096659 0.77432823 0.792617
[6023, 0.46441805, 1.0328157, 5.3262897, 0.33654815] 2.676348 1.2548555 0.852168 1.0261004
[6024, 0.47651467, 1.0659722, 4.5431376, 0.7033091] 2.8081768 1.1251247 0.8544517 1.0923753
[6025, 0.5573274, 0.9675935, 4.9043045, 0.43051964] 2.8071861 1.1097708 0.8684754 0.8865305
[6026, 0.4172996, 1.0764631, 6.2109675, 0.21395548] 2.7810092 1.2057141 0.9606486 0.99617994
[6027, 0.5342396, 0.99988014, 5.684792, 0.33193612] 2.7575727 1.2851456 0.91683054 0.9054182
[6028, 0.51743484, 1.017422, 6.5236607, 0.115624584] 2.7734013 1.1307241 1.0141613 1.0027683
[6029, 0.5242618, 0.9899686, 5.7211623, 0.49698704] 2.4132931 1.1295737 1.0567194 1.0131648
[6030, 0.48561314, 1.019896, 6.0568357, 0.30822968] 3.0220268 1.0849985 1.0248315 0.82000136
[6031, 0.5553945, 0.98214036, 6.2402396, 0.40497696] 2.621798 1.1201787 0.8454504 0.86533237
[6032, 0.5765504, 0.9682595, 4.965933, 0.35003585] 2.9279954 1.109426 0.9779776 0.94209975
[6033, 0.4818061, 1.0336635, 6.342068, 0.34746373] 2.8347151 0.86900336 0.93218654 1.1015768
[6034, 0.4957658, 1.0282263, 6.576885, 0.1553132] 2.883657 1.1433887 0.957863 0.889256
[6035, 0.50536966, 1.038621, 5.009759, 0.38663253] 2.9564483 1.1102558 0.8666532 0.9966517
[6036, 0.49916896, 1.0196141, 6.3246574, 0.25303817] 2.8445463 1.0933614 0.899762 1.0777979
[6037, 0.38201597, 1.1176188, 5.9416165, 0.40777934] 2.8982897 1.100396 1.0121229 0.927958
[6038, 0.56227213, 0.961737, 4.786373, 0.37459612] 2.6608465 0.98431593 0.93202275 0.81532407
[6039, 0.46592283, 1.0517492, 5.5300293, 0.44374964] 2.836072 1.2024406 0.9835765 0.8871104
[6040, 0.45503065, 1.0632887, 5.407915, 0.28825885] 2.7368548 1.1890532 1.0656178 1.0265841
[6041, 0.518697, 1.0343504, 5.0146875, 0.44500285] 2.8349977 1.1698503 0.9683121 0.9197532
[6042, 0.50641036, 1.02296, 6.302466, 0.53762454] 2.5489986 1.2928617 0.87173164 0.9755324
[6043, 0.45583278, 1.041029, 4.8017874, 0.57723975] 2.6661797 1.1409461 0.9490348 0.9357241
[6044, 0.43561393, 1.0809597, 3.567425, 0.712197] 2.945321 1.2447087 0.9295818 1.0336591
[6045, 0.50524014, 1.0092459, 6.2409687, 0.513716] 2.6129973 0.89181614 1.1188763 1.0825816
[6046, 0.56012064, 0.98842007, 4.79445, 0.54240173] 2.8514018 1.1608287 0.9343407 0.9695228
[6047, 0.59394825, 0.9675085, 5.077467, 0.3435478] 2.9426718 1.1402398 0.96508014 0.9331306
[6048, 0.475903, 1.0433134, 6.0132256, 0.31083304] 2.7689533 1.1103493 0.9836259 0.9059563
[6049, 0.50745094, 1.0396469, 5.328695, 0.36614692] 2.8806026 1.1591685 0.969455 0.8928081
[6050, 0.41909587, 1.0969796, 5.409224, 0.5507132] 2.7612581 1.1667199 0.9673273 1.0341771
[6051, 0.5996364, 0.9562594, 3.633009, 0.64096534] 3.1163592 1.1658157 0.8819183 1.0694903
[6052, 0.5467174, 0.96994054, 5.871346, 0.29929465] 2.955314 0.9628717 0.9031152 0.85020965
[6053, 0.5681294, 0.97773117, 5.5713487, 0.45636767] 2.6265068 0.98346835 1.0405173 0.9871166
[6054, 0.5075548, 1.0144168, 4.730735, 0.9280924] 2.631146 1.1028593 0.92014545 1.1023054
[6055, 0.47419593, 1.0457888, 5.579144, 0.4387664] 2.8128357 1.1251967 0.801182 1.0636564
[6056, 0.6214366, 0.9262565, 5.095464, 0.6247147] 2.9519684 1.1792524 0.90977263 0.6469938
[6057, 0.48241273, 1.0555506, 5.9386086, 0.26857904] 2.9267135 1.0766426 0.8881588 0.98091424
[6058, 0.4714882, 1.0447603, 5.1923456, 0.37553158] 2.7424836 1.0102378 0.93705213 1.0491629
[6059, 0.42277393, 1.0751946, 4.306684, 0.45534426] 3.0399098 1.1725365 1.0076821 0.84127116
[6060, 0.46112984, 1.0400277, 4.295957, 0.56092066] 2.9394484 1.2416697 0.9013048 0.9217967
[6061, 0.48770598, 1.0308079, 6.233031, 0.32679793] 2.688409 1.1897734 1.0173924 0.92041034
[6062, 0.47805703, 1.035305, 4.644711, 0.48296845] 2.8563035 1.0766468 1.01225 1.0449116
[6063, 0.47494465, 1.05293, 4.9940987, 0.5004198] 2.9076972 1.1950841 0.9130744 1.0577078
[6064, 0.4510337, 1.0543882, 4.580018, 0.35066965] 3.036172 1.0990851 0.92152625 1.0376828
[6065, 0.46852902, 1.0692236, 4.9826074, 0.3063196] 2.9047441 1.0822772 0.9559606 1.048864
[6066, 0.51544034, 1.0159177, 5.3029923, 0.3643365] 2.9493852 1.0127695 0.8439473 0.85759956
[6067, 0.56517094, 0.9788943, 5.7170534, 0.31296667] 2.917709 1.0987275 0.9608548 0.86817515
[6068, 0.46782485, 1.0404124, 6.9544783, 0.27854022] 2.8234453 1.0966753 0.9549052 0.84084976
[6069, 0.60103214, 0.98042244, 4.361932, 0.9288888] 3.1315253 1.1158593 0.8975826 0.7068463
[6070, 0.5048561, 1.0361644, 4.862091, 0.6087925] 2.8878877 1.0443528 0.94748664 0.9487693
[6071, 0.46533862, 1.0459914, 6.837674, 0.4680454] 2.7518268 1.1323056 0.8747771 0.98754144
[6072, 0.48430127, 1.0566123, 3.3253386, 0.8430136] 3.3204951 1.0984267 0.9509828 0.76124537
[6073, 0.6485904, 0.8922358, 6.3251004, 0.3693787] 2.6267164 1.1328757 0.9361602 1.0145377
[6074, 0.44096068, 1.0751002, 3.9266632, 0.77750176] 3.075225 1.0957325 1.0211471 0.9867743
[6075, 0.5067305, 1.0271155, 4.04802, 0.5995749] 3.0672686 1.1576047 0.9644679 0.91433597
[6076, 0.53387755, 0.9877194, 7.1354733, 0.20667796] 2.6356363 1.0977042 0.80185086 1.1000457
[6077, 0.53493345, 0.98674226, 5.969392, 0.3519885] 2.696851 1.1822369 0.8439709 0.9129466
[6078, 0.5363067, 0.99850476, 5.391153, 0.41748986] 2.738199 1.1281507 0.9543916 0.92048573
[6079, 0.4944091, 1.0416292, 4.4027495, 0.6673051] 3.1036537 1.1444627 0.9655415 0.81257856
[6080, 0.57040554, 0.9809968, 4.2279067, 0.5318593] 2.9169917 1.3325988 0.9832655 0.9548315
[6081, 0.43357742, 1.062464, 4.7677464, 0.48953694] 2.8174407 1.2668781 0.95355904 0.88845634
[6082, 0.5534127, 0.94717914, 6.326478, 0.3684221] 2.3891377 1.1236153 0.9195208 1.0520035
[6083, 0.46350121, 1.0229279, 3.5963762, 0.4795478] 3.1171453 1.218245 0.9424378 0.9418457
[6084, 0.4169549, 1.0933162, 5.666005, 0.39122954] 2.7368562 1.2059937 0.85907 1.0922339
[6085, 0.55681235, 0.95289737, 4.4337516, 0.869647] 2.4271474 1.1069616 0.99395776 1.0967734
[6086, 0.4835548, 1.0425025, 4.494443, 0.46139798] 3.1914468 0.9728577 0.8754225 0.88209945
[6087, 0.43770048, 1.0636734, 6.1841264, 0.32984692] 2.7401848 1.170098 0.9564569 0.9058727
[6088, 0.4744655, 1.0553904, 5.842467, 0.49119654] 2.879422 1.0767558 1.0811062 0.79875535
[6089, 0.6127704, 0.9071028, 7.362821, 0.31144536] 2.6697454 1.1253514 1.0594455 0.77075124
[6090, 0.4443399, 1.0665137, 4.908579, 0.48055845] 2.877634 0.97259647 0.95201737 0.848077
[6091, 0.5195852, 1.039146, 4.3592467, 0.97885185] 2.8600097 1.2380601 0.84384865 0.87013805
[6092, 0.58726966, 0.9559546, 6.187596, 0.4585983] 2.675 1.1310667 0.94497734 0.92197853
[6093, 0.448536, 1.0399683, 4.710926, 0.5936531] 2.861639 1.0474386 0.9279312 0.92115986
[6094, 0.49936333, 1.0210892, 5.6759934, 0.29777315] 2.840964 1.0630556 0.8695227 0.7576141
[6095, 0.5127426, 1.0017123, 5.082724, 0.4375998] 2.8092158 1.1521627 0.80824107 0.7865724
[6096, 0.4481714, 1.0543534, 4.0545645, 0.9092051] 2.7347522 1.2613678 0.8464762 0.7778245
[6097, 0.46807483, 1.0442579, 5.089112, 0.35306373] 2.803947 1.0858662 1.0746614 0.9988023
[6098, 0.5446373, 1.0058482, 5.6723027, 0.32238373] 2.885487 1.1210812 0.9999865 0.8629541
[6099, 0.47047207, 1.0567925, 5.1197386, 0.50599164] 2.7325304 1.1674353 1.0106424 0.90815103
[6100, 0.54426384, 1.000507, 5.601697, 0.35797232] 3.0071394 1.1111636 0.8820936 0.88982177
[6101, 0.5322139, 1.0226119, 3.8930457, 0.8153462] 3.0367355 1.2033926 1.0553904 0.99054754
[6102, 0.38060492, 1.1105661, 4.164641, 0.68037957] 3.0669677 1.1754149 0.92918897 0.8498076
[6103, 0.46943635, 1.0644007, 3.8395827, 0.9627086] 2.9743404 1.1343526 0.9437053 0.938175
[6104, 0.5015219, 1.0247624, 3.8876514, 0.7798991] 3.122615 1.1162652 0.85043734 1.0666375
[6105, 0.54824764, 0.9851339, 6.1782575, 0.48873207] 2.6429315 1.2273408 0.98858505 0.78442496
[6106, 0.5528166, 0.99400127, 4.336672, 0.525718] 2.9934876 1.1170404 1.0059388 0.9699203
[6107, 0.52997506, 1.0187892, 5.3066306, 0.45587885] 2.906945 1.1491039 0.9761684 0.90453357
[6108, 0.47859126, 1.0396464, 5.210511, 0.28553742] 2.902799 1.2940516 1.0137165 0.81395304
[6109, 0.5602338, 0.94377124, 6.024261, 0.28460848] 2.344374 1.0519452 1.0132518 1.1886355
[6110, 0.5031372, 1.0322909, 6.31472, 0.24108426] 2.7439067 1.2408949 0.9075458 0.7865773
[6111, 0.51689243, 1.0227671, 4.688321, 0.63154405] 2.967648 1.0585167 0.9186194 0.7983955
[6112, 0.48802862, 1.0228918, 5.945428, 0.45841804] 2.9867926 1.190174 0.8749897 0.74250305
[6113, 0.5374262, 1.0045817, 4.0163226, 0.66488975] 3.0130043 0.9227773 1.0120885 0.89567655
[6114, 0.5671385, 0.98245513, 4.7107944, 0.49549764] 2.5995722 1.1656016 0.96270114 0.8160409
[6115, 0.5092033, 0.99693364, 5.263165, 0.44286653] 2.752784 1.1645201 0.89870733 1.0370854
[6116, 0.577968, 0.96857554, 6.7358694, 0.4052054] 2.8813193 1.0777382 0.8556914 1.0121849
[6117, 0.503412, 1.0214266, 5.268214, 0.77486753] 2.7413132 1.1729746 0.8751005 0.83685875
[6118, 0.48972884, 1.0561578, 5.663794, 0.44483662] 2.8293347 1.1819829 0.8857398 0.95210433
[6119, 0.48437402, 1.0446275, 5.7620625, 0.40390378] 2.7623796 1.1463941 0.8942129 0.9069326
[6120, 0.5253548, 1.0258594, 4.538161, 0.44753653] 3.1064448 1.1046561 0.831333 1.0323973
[6121, 0.5514774, 0.9969897, 4.2571354, 0.3362285] 3.1334484 1.1250651 0.9210409 0.9268336
[6122, 0.53920794, 0.98066694, 6.7738338, 0.3494004] 2.5190425 1.164256 0.98735774 0.94393486
[6123, 0.41654578, 1.0833081, 6.3012094, 0.37856123] 2.7032025 1.1385123 0.97085154 1.138994
[6124, 0.48972717, 1.0670259, 5.167638, 0.8677565] 2.921085 1.1454647 0.84823537 0.92522866
[6125, 0.48248193, 1.0339879, 5.6541967, 0.42896876] 2.8559837 1.0695447 0.83983773 0.9850669
[6126, 0.5231809, 1.0286818, 4.4520783, 0.564414] 3.0577743 1.2053895 0.9574234 0.9113796
[6127, 0.51551247, 1.0148844, 6.3607736, 0.44574845] 2.341455 1.1922665 1.0077417 1.0394084
[6128, 0.47917536, 1.0392038, 4.779289, 0.56487817] 2.8755746 1.3327166 0.8052586 1.0477087
[6129, 0.5364515, 1.0001314, 6.2481604, 0.2698717] 2.8756025 1.2214987 0.9829427 0.88383114
[6130, 0.5175423, 1.0403036, 5.4183445, 0.5129519] 2.9695687 1.0880309 0.91501176 0.87349015
[6131, 0.45655715, 1.062735, 5.6528964, 0.23664258] 2.8778336 1.2832484 0.8781709 0.9000506
[6132, 0.4482274, 1.0608209, 6.7360787, 0.1801077] 2.7219317 1.2974541 0.8965261 1.0380871
[6133, 0.40788835, 1.1049101, 5.0448775, 0.39025205] 3.0555964 1.0814722 0.81743073 0.870618
[6134, 0.41468573, 1.0503172, 5.7700677, 0.33989725] 2.5670135 1.1233536 1.0222607 1.0929883
[6135, 0.46330878, 1.0590302, 4.788434, 0.45201454] 2.9797463 1.1105689 1.0048524 0.8496305
[6136, 0.5308341, 1.0242566, 5.2274885, 0.5587341] 2.6501818 1.1934456 1.1430583 0.89138126
[6137, 0.41547963, 1.0699376, 6.1844296, 0.18617795] 2.6958392 1.1099555 0.9915278 0.9606472
[6138, 0.5490095, 0.9899511, 5.7620373, 0.5616312] 2.838199 1.1558139 0.9043775 0.7665819
[6139, 0.48967406, 1.0284275, 7.5977163, 0.1642378] 2.763193 1.0055531 0.9036953 0.978733
[6140, 0.42842397, 1.0771705, 5.404799, 0.5826803] 2.4590786 1.114918 1.0520935 1.0414205
[6141, 0.36023176, 1.1038818, 4.673831, 0.35796934] 2.956745 1.2024574 0.889027 1.1106426
[6142, 0.4897629, 1.0308394, 5.723536, 0.23331526] 2.8066351 1.131852 0.94505167 1.0546771
[6143, 0.48353338, 1.0474182, 5.5259647, 0.3678597] 3.0422192 1.1607419 0.8928097 0.72065735
[6144, 0.54719883, 0.9977817, 8.178852, 0.2134184] 2.4014018 1.0885961 1.0924284 1.2364228
[6145, 0.39003122, 1.0827479, 4.571789, 0.3021594] 3.077203 1.1034278 0.92055905 0.9009507
[6146, 0.54880095, 0.9842385, 4.7361, 0.38288277] 3.1928344 0.95949876 1.0230676 0.6746699
[6147, 0.43510297, 1.0609909, 5.5623364, 0.3821528] 2.8044388 1.0481895 0.923536 1.025574
[6148, 0.50827336, 1.010013, 5.6777205, 0.3867548] 2.6575713 1.1434145 0.9480518 0.89457846
[6149, 0.55338, 0.98224205, 6.0368185, 0.26177058] 2.8269496 0.9961868 0.7594344 0.7932919
[6150, 0.5251012, 1.0225942, 4.5156612, 0.5816677] 2.7859683 1.1653651 0.9381086 1.0614887
[6151, 0.49977198, 1.0090817, 4.645978, 0.28186738] 2.7849267 1.130264 1.0451688 1.0923071
[6152, 0.5267363, 1.0210265, 4.814463, 0.41843206] 2.9063337 1.113524 0.9494831 0.9288594
[6153, 0.4352094, 1.0613017, 4.858526, 0.691126] 2.6029084 1.0481615 0.8929281 1.12387
[6154, 0.42872012, 1.0745642, 4.6590323, 0.7149978] 2.8947232 1.1616322 0.8780933 0.9624061
[6155, 0.53755534, 0.9995285, 5.795267, 0.4872513] 2.9014246 1.0851657 0.8480909 0.9078698
[6156, 0.51556927, 1.0135996, 6.3685513, 0.35619602] 2.681991 1.1222347 0.91994447 1.0074538
[6157, 0.37799263, 1.0897079, 4.778904, 0.3567825] 2.7680173 1.2267894 1.0722418 0.99202335
[6158, 0.46266583, 1.0570664, 4.5750785, 0.7338684] 2.8276415 1.2206293 0.7148159 0.9252185
[6159, 0.47846112, 1.0513449, 4.030763, 0.36867332] 3.1516685 1.0042993 0.94305164 1.0774338
[6160, 0.51969117, 1.027135, 5.433082, 0.89768237] 2.7471735 1.1467546 0.81499714 1.0291461
[6161, 0.5937138, 0.97815853, 5.938959, 0.40659958] 3.0912364 1.0553104 0.86013347 0.62586653
[6162, 0.4987062, 1.0372399, 4.5445247, 0.4663303] 2.934221 1.3697933 1.0583028 0.8246482
[6163, 0.50327134, 1.0248624, 4.0212016, 0.5348054] 2.9353669 1.1847969 1.0216397 1.0827459
[6164, 0.4780757, 1.0413529, 4.5434046, 0.74526155] 2.779136 1.2004621 1.0132396 1.1193575
[6165, 0.40907022, 1.0969247, 4.6553106, 0.4407505] 2.978475 1.044244 0.839607 1.0286582
[6166, 0.47227004, 1.0654275, 5.34994, 0.45063516] 2.972091 0.9692256 1.0634612 0.93055606
[6167, 0.4366588, 1.0761335, 5.62529, 0.35953474] 2.8637528 1.2388657 0.9682582 0.8863738
[6168, 0.6212626, 0.91304314, 7.190621, 0.21888646] 2.858948 1.0832047 1.0229945 0.8936658
[6169, 0.66621774, 0.87957627, 4.996495, 0.33402574] 3.023291 1.2187854 0.736412 0.7919909
[6170, 0.48570138, 1.0526923, 6.268959, 0.2993934] 2.7950442 1.2340142 1.0698816 0.79783064
[6171, 0.5494879, 1.0005563, 4.9084334, 0.7732735] 3.0756323 1.1263623 0.78909475 0.9239014
[6172, 0.52201194, 1.0195377, 5.7748747, 0.83254236] 2.7348654 1.0644029 1.0315801 0.78561056
[6173, 0.43013847, 1.074015, 7.701615, 0.19789787] 2.7532098 1.2314682 0.91170937 0.8156918
[6174, 0.3920177, 1.075746, 5.1326346, 0.43125033] 2.9280984 1.0665635 0.85262156 1.0824134
[6175, 0.4825019, 1.0437773, 6.086053, 0.48743314] 2.7779799 1.0884982 0.9012507 0.8799854
[6176, 0.4695101, 1.062154, 4.269058, 0.647431] 3.0981412 1.2027013 0.82168794 0.9440952
[6177, 0.49189165, 1.0498102, 4.2300067, 0.4539559] 3.1459105 1.108865 0.93790823 0.89702153
[6178, 0.5066803, 1.0361131, 5.898112, 0.25976923] 3.0200307 1.0745809 0.8808733 0.8281728
[6179, 0.49884617, 1.0298703, 4.7846355, 0.5535111] 2.8539846 1.0424479 0.97556365 0.77074116
[6180, 0.50285596, 1.0091244, 3.706649, 0.66686773] 3.1733124 1.0431633 0.969763 0.8694826
[6181, 0.5155078, 1.0200697, 5.8032084, 0.44479388] 2.605846 1.1262732 1.0074133 1.1105002
[6182, 0.5609281, 0.9998786, 6.3935466, 0.4270912] 2.889182 1.083694 0.8314295 0.8652802
[6183, 0.42328602, 1.0626901, 5.7578454, 0.33682185] 2.735271 1.2200187 0.9897054 0.90273374
[6184, 0.47622642, 1.0506859, 3.438893, 0.6163938] 3.3191538 1.0344352 0.9777139 0.8597949
[6185, 0.55726296, 0.97700614, 4.0039577, 0.56247663] 3.071901 1.2488754 0.7890155 0.7784387
[6186, 0.5034943, 1.0511594, 2.4033773, 0.9657998] 3.3648682 1.1114517 0.9685378 0.78937536
[6187, 0.5754647, 0.94469327, 5.8972626, 0.38111338] 2.4464502 1.282211 0.7714515 0.8801059
[6188, 0.4746926, 1.0343802, 6.7212944, 0.26629075] 2.950834 0.90454465 0.93338823 0.9400693
[6189, 0.57387435, 0.9774857, 4.93899, 0.34002215] 2.8225458 1.1902364 0.772156 0.8666114
[6190, 0.558331, 0.95741296, 5.308574, 0.3844957] 2.4866407 0.9988738 1.04707 0.93909496
[6191, 0.5215164, 1.0313424, 4.076689, 0.783406] 3.128592 1.1362703 0.85334975 0.8033252
[6192, 0.6296114, 0.93115836, 6.9062214, 0.45015144] 2.7899597 1.0343938 0.90047884 0.7354251
[6193, 0.5008854, 1.027541, 5.4447145, 0.43444034] 2.8318248 1.2073087 0.91842425 0.9273351
[6194, 0.50414693, 1.03753, 3.9855745, 0.76352435] 3.2171137 1.1515923 0.8702373 0.8396149
[6195, 0.5479749, 0.9899921, 5.282194, 0.28485343] 2.3511486 1.284623 1.0766908 1.1663595
[6196, 0.4923731, 1.0219226, 6.1008806, 0.32407132] 2.5747168 1.1772491 0.97486895 0.9246921
[6197, 0.48458558, 1.0500773, 4.5716257, 0.7165965] 2.846303 1.0241343 0.9187131 1.019413
[6198, 0.4639903, 1.0418097, 3.804866, 0.5024431] 3.1647773 1.093993 1.0812491 0.76841766
[6199, 0.4690177, 1.061612, 3.7222893, 0.7059381] 3.0794733 0.99220246 0.78307974 0.9747787
[6200, 0.45656517, 1.0582262, 4.40766, 0.9463812] 2.9447348 1.1147035 1.0454955 0.92496365
[6201, 0.51872414, 1.0050236, 6.066859, 0.53182846] 2.8753848 1.0676011 0.77884924 0.9127092
[6202, 0.5070386, 1.0146372, 6.309823, 0.21793075] 2.8844235 1.1156378 0.74359936 0.9790795
[6203, 0.4885506, 1.0602686, 3.9794452, 0.8396684] 3.0922532 1.0792341 1.055755 0.8764523
[6204, 0.4420507, 1.0539726, 6.283777, 0.6805769] 2.5965056 1.085272 1.0510516 0.94635487
[6205, 0.5494153, 1.0055721, 3.4417548, 0.8383108] 3.231288 0.99750334 0.9596171 0.8885329
[6206, 0.4684909, 1.0269634, 4.8259935, 0.6386772] 2.4999335 1.0672863 1.0194395 0.86258286
[6207, 0.47877598, 1.0507857, 5.0146894, 0.3349022] 3.0116184 0.9883224 0.836687 0.88201284
[6208, 0.47430527, 1.0315807, 7.6136312, 0.17008758] 2.6696656 1.2138226 0.92521554 0.8801601
[6209, 0.42719224, 1.0579796, 5.0641046, 0.4446425] 2.6528525 1.1090145 1.015344 1.1616684
[6210, 0.50777054, 1.0169225, 7.5585694, 0.29304674] 2.5123522 1.0723844 1.1273838 1.1366943
[6211, 0.40799236, 1.1089882, 3.5215878, 0.5802172] 3.2466683 1.108089 1.0161122 0.9682558
[6212, 0.48951602, 1.0243134, 6.002537, 0.55398476] 2.4751227 1.2616737 0.95727783 0.9155788
[6213, 0.47788945, 1.0604075, 3.3442216, 0.8058688] 2.9617841 1.2527854 1.0897753 0.96289563
[6214, 0.54223007, 1.0044651, 4.648511, 0.55171347] 2.9341795 1.182384 0.8885316 0.73584616
[6215, 0.4488638, 1.0434219, 6.275704, 0.19223773] 2.8198948 1.0560699 0.9183529 1.0611008
[6216, 0.52860457, 1.0114344, 4.557585, 0.70959413] 2.9229143 1.1075995 0.8703864 0.73901594
[6217, 0.56885, 0.9736902, 3.651267, 0.41572052] 3.2854245 1.1183969 0.96881956 0.79156196
[6218, 0.57561177, 0.97342795, 4.505913, 0.6836146] 2.968442 1.2157384 1.0163808 0.82802093
[6219, 0.48812866, 1.0072604, 6.1338487, 0.40680847] 2.6233344 1.2261984 0.84052014 0.95171046
[6220, 0.534615, 0.96993047, 5.2052817, 0.5284764] 2.4291053 1.0955806 0.98279446 1.0943406
[6221, 0.4943851, 1.009046, 6.4459267, 0.36045235] 2.5816875 1.0367811 0.9433793 1.1790769
[6222, 0.5347046, 1.0141423, 4.493806, 0.48818454] 3.0108745 1.1426532 0.99177504 1.0008674
[6223, 0.55558884, 0.9732402, 4.575884, 0.46133167] 2.8476133 1.3580033 0.93902266 0.88401556
[6224, 0.4828855, 1.0430831, 5.71006, 0.37870115] 2.776606 1.1560979 0.9232287 0.94017476
[6225, 0.5240429, 1.0028045, 6.8276286, 0.18886112] 2.8010721 1.1632606 0.82131726 0.790595
[6226, 0.37093338, 1.0975115, 5.7623887, 0.24889672] 2.9086833 0.994632 0.93776333 1.0902474
[6227, 0.4688177, 1.0480744, 5.7401385, 0.74468327] 2.7422767 1.1932195 0.93074876 0.85145044
[6228, 0.511991, 1.0359774, 5.494136, 0.6199012] 2.69821 1.2009498 0.977824 0.87029445
[6229, 0.55845535, 0.9725359, 5.114498, 0.30493054] 2.9830964 1.1945766 0.85869455 0.9117346
[6230, 0.50727814, 1.0488122, 2.6568687, 0.9140897] 3.4037988 1.0484965 0.9844172 0.8503054
[6231, 0.42069453, 1.0844227, 4.6858983, 0.4067044] 3.014575 1.0742329 0.9828782 0.9855446
[6232, 0.47399917, 1.011216, 6.2923117, 0.33227766] 2.654208 1.1555749 0.9792511 0.8184069
[6233, 0.45101002, 1.0784854, 4.850384, 0.43455988] 2.9475758 1.0375912 1.0559435 0.9959833
[6234, 0.47563434, 1.0449016, 5.410088, 0.34930825] 2.842641 1.2026056 0.8398199 0.86120176
[6235, 0.6043023, 0.9262035, 5.1226373, 0.44495472] 2.866161 1.1340289 0.9602889 1.2271888
[6236, 0.5062758, 1.0306114, 5.258049, 0.43216506] 2.9513714 1.0449504 0.97811556 0.9166213
[6237, 0.4881071, 1.0555668, 4.640594, 0.6839606] 2.7782185 1.0575223 0.99739707 1.2120699
[6238, 0.41333356, 1.0911139, 6.1733236, 0.45950177] 2.8628263 1.2103248 0.8696503 0.890995
[6239, 0.48676932, 1.0240242, 4.293882, 0.3802034] 2.9128911 1.1874472 0.9077167 0.99060696
[6240, 0.39585596, 1.0941814, 4.1837325, 0.8349348] 2.916221 1.3052609 0.99406517 0.9081875
[6241, 0.48745224, 1.0277616, 4.8505716, 0.44859383] 2.5680761 1.0878351 1.0169556 1.0728763
[6242, 0.51483035, 1.028621, 4.9741735, 0.4356505] 2.836823 1.165662 0.87097955 1.1263745
[6243, 0.53259474, 1.0121479, 6.4691367, 0.2538312] 2.7407882 1.1751227 0.8946245 1.0988376
[6244, 0.45328635, 1.0486726, 6.0602217, 0.3181844] 2.8127062 1.0789195 0.91028184 0.9223684
[6245, 0.4346654, 1.0532537, 6.62301, 0.24156101] 2.661544 1.1311296 0.9760665 1.0092819
[6246, 0.54796153, 0.9845392, 6.3039827, 0.57274944] 2.6244733 1.011787 0.8853785 1.0994256
[6247, 0.48716903, 1.0367268, 3.4026535, 0.8844527] 3.156054 1.0871123 0.9484391 0.7572908
[6248, 0.5242539, 1.002852, 5.6927466, 0.31016582] 2.639525 1.2610806 1.1220248 0.9724604
[6249, 0.49652407, 1.0111165, 6.4032965, 0.22104421] 2.77345 1.075481 0.85787696 1.0017755
[6250, 0.4983052, 1.0531969, 5.6248255, 0.43931416] 2.9258926 1.0857158 1.0049568 0.8494394
[6251, 0.5020663, 1.0217212, 4.9956017, 0.41589725] 2.853234 1.0355048 0.8402788 1.0365436
[6252, 0.5469112, 0.98927027, 4.8518095, 0.5501945] 2.7817953 1.1303908 0.9374793 0.98164
[6253, 0.49256065, 1.0159177, 4.4818063, 0.39764488] 2.8263805 1.3446976 0.9757577 1.192391
[6254, 0.45003572, 1.0620729, 6.6063137, 0.5017597] 2.623271 1.2504393 0.8202322 0.90350366
[6255, 0.4098276, 1.0936296, 3.6789377, 0.5505598] 3.3130465 1.1603404 0.7893028 0.804566
[6256, 0.5028699, 1.0109093, 6.462839, 0.2670824] 2.6531413 1.2761657 0.8959698 0.8214719
[6257, 0.4750141, 1.0454482, 6.020596, 0.6403161] 2.8741531 1.2068712 0.8559844 0.8772953
[6258, 0.46158376, 1.0580183, 6.359909, 0.30964017] 2.9504864 1.112522 0.97234404 0.8932196
[6259, 0.63925314, 0.8886911, 5.8054867, 0.31586954] 2.5854447 1.2629194 1.0844303 0.62010485
[6260, 0.54123706, 0.99893945, 5.3546267, 0.47322813] 2.9346788 1.1458 0.92569816 0.97277844
[6261, 0.43806583, 1.0456727, 6.090585, 0.25612524] 2.8849113 1.1828684 0.9735808 0.8109719
[6262, 0.55167234, 1.0025994, 5.244998, 0.32522482] 3.2896326 0.94435954 0.80980635 0.6703081
[6263, 0.49345806, 1.0579637, 4.5187707, 0.84576946] 2.904778 1.3383029 0.70948327 0.96725374
[6264, 0.57150656, 0.97389805, 4.8260427, 0.5508466] 2.7472079 1.2521532 0.9136509 1.0073891
[6265, 0.5148467, 1.0386354, 4.90767, 0.45604452] 2.9923832 1.2106973 0.984866 0.9532314
[6266, 0.62014127, 0.9176551, 6.2990413, 0.22543836] 2.8652432 1.13406 0.76161927 0.9016576
[6267, 0.5816152, 0.95158935, 5.927272, 0.698641] 2.4223015 1.1369745 1.0651206 0.8681215
[6268, 0.56341416, 0.97977614, 5.271798, 0.57271665] 2.918295 1.1007487 0.8677907 0.70195687
[6269, 0.4310745, 1.0717586, 5.0627613, 0.9656527] 2.8311658 1.1660777 1.0761206 0.9142688
[6270, 0.5615688, 0.9353155, 5.730878, 0.0962128] 3.0292494 1.1713053 0.96302485 0.72994775
[6271, 0.49963218, 1.0257436, 4.287554, 0.55346316] 3.06259 1.0862961 0.8969897 0.9239766
[6272, 0.58604074, 0.94431853, 5.999768, 0.4466991] 2.452615 1.0706567 1.1718483 0.8579657
[6273, 0.3859387, 1.1045755, 4.852306, 0.3890199] 2.7725706 1.1974454 1.0195229 0.89490324
[6274, 0.5135534, 1.0015177, 5.726468, 0.43502486] 2.6279347 1.0571371 1.0536176 1.1159666
[6275, 0.47147167, 1.0379508, 4.7876663, 0.53656673] 2.9342802 1.0362558 0.8718772 0.8342131
[6276, 0.37975538, 1.0966063, 5.4716697, 0.34179205] 2.6647797 1.1839713 0.9821842 0.9819571
[6277, 0.4286403, 1.0641241, 5.0626297, 0.3958302] 2.7467604 1.2088046 0.92093563 1.0385594
[6278, 0.5132766, 1.0158551, 6.3774285, 0.41063312] 2.3780289 1.0599868 1.0133896 1.162545
[6279, 0.45188612, 1.0764431, 6.048753, 0.4991732] 2.824277 1.232177 0.93697715 0.87997603
[6280, 0.5644403, 0.95833033, 5.8780484, 0.33539066] 2.5717955 1.0536095 1.1490748 1.0528798
[6281, 0.40363082, 1.0914373, 6.034486, 0.2771548] 2.7098858 1.1945243 0.93333006 1.1458855
[6282, 0.42101583, 1.0905296, 4.6684093, 0.6501367] 2.7891476 1.1973065 0.91731054 1.0498136
[6283, 0.4621861, 1.0310545, 5.51551, 0.4398012] 2.7462966 1.0868578 0.9417741 0.86867446
[6284, 0.40519378, 1.0865148, 6.1728287, 0.28420824] 2.6656694 1.2086606 1.0485424 0.9483615
[6285, 0.46582368, 1.0618038, 4.046391, 0.5453351] 3.005747 1.018849 0.99961036 0.9808123
[6286, 0.448018, 1.0427293, 6.845227, 0.23162301] 2.8184416 1.0516907 0.871955 1.0073115
[6287, 0.5846406, 0.95348847, 6.875406, 0.20601077] 2.5266812 1.2988365 0.92042464 0.7952198
[6288, 0.48711452, 1.0493703, 3.999415, 0.8566301] 2.7787066 1.0970811 0.8915129 0.96962994
[6289, 0.4245306, 1.0976037, 5.086961, 0.5405181] 2.965004 1.2527013 0.7839411 0.9877796
[6290, 0.5937293, 0.93340856, 5.7648764, 0.39799395] 2.4813318 1.0700324 0.8789443 0.96272683
[6291, 0.42784956, 1.0827591, 4.52849, 0.57825917] 2.8696494 1.3121016 0.9629268 0.8893374
[6292, 0.36512005, 1.1046882, 4.3556075, 0.88789284] 2.9450045 1.0579717 1.0048838 1.0380851
[6293, 0.491641, 1.0281167, 6.4375873, 0.30402157] 2.8142154 1.0910949 0.9874017 0.88560903
[6294, 0.53794867, 0.9851591, 5.0314665, 0.5724626] 2.5538783 1.2781706 0.86049896 0.94115454
[6295, 0.5640361, 0.96324706, 6.3730874, 0.21515699] 2.849779 1.124026 0.88924456 0.8084243
[6296, 0.5239353, 1.0093738, 4.9524784, 0.3439918] 3.0876634 1.0337276 0.90065765 1.0271156
[6297, 0.5576062, 0.96005446, 6.1354017, 0.50040364] 2.5151167 1.0468534 1.0173806 0.8683404
[6298, 0.41265312, 1.0688542, 4.2340617, 0.3992395] 3.0769193 0.9958416 0.8697424 0.8818403
[6299, 0.45952585, 1.0434164, 5.5311356, 0.43685874] 2.7892225 1.0164857 1.0132356 0.89913213
[6300, 0.4561694, 1.0438045, 6.0115166, 0.27295992] 2.8178132 1.1496317 0.8921075 0.84435445
[6301, 0.439068, 1.0492122, 5.159462, 0.4640282] 2.768135 1.3172048 1.0528733 0.9357405
[6302, 0.64620984, 0.90723634, 3.9528806, 0.42625752] 3.2192836 1.3015848 0.71853685 0.7724514
[6303, 0.52291805, 1.0122175, 5.568687, 0.29611304] 2.9549356 1.335869 0.8648447 0.8146507
[6304, 0.52524066, 1.0069575, 6.457807, 0.2532319] 2.7125313 0.9706099 0.9653217 1.0169874
[6305, 0.56487685, 0.96708643, 5.6687546, 0.40110627] 2.5989213 1.2440939 0.98669887 0.8933044
[6306, 0.39591023, 1.1179985, 3.5540476, 0.60588336] 3.2461724 1.0625657 0.93106544 0.7924846
[6307, 0.46500745, 1.0583725, 4.7073255, 0.6865421] 3.1924675 1.0007458 0.8739333 0.79893917
[6308, 0.5278674, 0.98156136, 4.9374857, 0.5918574] 2.4854276 1.1410247 0.92392224 0.90817106
[6309, 0.45482847, 1.0568538, 5.0953884, 0.99377894] 2.5700488 1.1175587 0.9104106 1.0609972
[6310, 0.39892575, 1.0992178, 4.3186946, 0.48345637] 2.7835903 1.0294935 1.1623183 1.1555125
[6311, 0.46581182, 1.0471503, 5.5181193, 0.32518616] 2.9257 1.2121716 0.9470829 0.7630965
[6312, 0.52359885, 1.0224175, 4.9657674, 0.646583] 2.8768163 1.1402538 0.88276345 0.9217972
[6313, 0.55830276, 0.9827284, 5.2038717, 0.29181236] 2.961893 1.0274371 0.9573264 0.92466146
[6314, 0.38316214, 1.1204795, 2.9956164, 1.002376] 3.0950396 1.2391925 0.9542729 0.9367364
[6315, 0.41853166, 1.0979431, 2.8803458, 0.8580456] 3.2692628 1.133604 0.9977524 0.88511306
[6316, 0.5384912, 0.98747283, 6.2986655, 0.31741235] 2.5143862 1.316106 0.8729848 1.0206201
[6317, 0.59079576, 0.9445426, 5.4923544, 0.27087715] 2.813384 1.2295574 0.73916215 0.84361035
[6318, 0.41432998, 1.0685613, 4.642375, 0.61773634] 3.0735753 1.0492238 0.9350421 0.79693323
[6319, 0.5185248, 1.0071385, 5.9924693, 0.3737339] 2.74467 1.0831587 0.9227419 0.94002485
[6320, 0.47844198, 1.0505971, 5.510593, 0.3403685] 3.046499 1.2514814 0.8793266 0.82262015
[6321, 0.6165024, 0.9323464, 5.4740224, 0.3471008] 2.6835618 1.2333992 0.95747036 1.0764042
[6322, 0.42084253, 1.0709797, 4.8941526, 0.63371015] 2.5607793 1.0164398 1.0567455 1.091924
[6323, 0.49084702, 1.0265176, 6.5034995, 0.20660774] 2.83258 1.0900446 0.8048923 0.9614122
[6324, 0.5402736, 0.9894755, 4.409917, 0.4419348] 2.897089 1.218428 0.9327744 0.8686301
[6325, 0.49308625, 1.0466765, 4.0255723, 0.8057785] 3.1275263 1.0164732 1.0107563 0.8067066
[6326, 0.4203091, 1.070123, 6.1101103, 0.3884456] 2.83771 1.1401846 0.91423976 1.0384492
[6327, 0.5217785, 1.018799, 4.784552, 0.31375307] 3.2011771 0.9079313 0.91263723 0.8258061
[6328, 0.5255064, 1.0128803, 4.0207043, 0.6804719] 2.9416683 1.1461978 0.9324869 0.96560293
[6329, 0.52663183, 1.0184754, 5.9551086, 0.45876595] 2.8155801 1.010723 0.93739146 0.83755213
[6330, 0.5126757, 1.0003186, 6.6752377, 0.33646128] 2.7177203 1.128013 0.8279341 0.8754725
[6331, 0.4707149, 1.0448356, 4.4477687, 0.35998714] 2.7163937 1.1289933 0.9081443 0.99270415
[6332, 0.44878706, 1.0667797, 5.739108, 0.379202] 2.6707568 1.1207174 1.0457016 1.0966489
[6333, 0.463003, 1.0481205, 4.7217903, 0.4788901] 2.9307494 1.174951 0.9799688 0.882161
[6334, 0.63447034, 0.8991347, 7.567524, 0.17891374] 2.912523 1.1361158 0.79492223 0.6934766
[6335, 0.49664685, 1.0361696, 6.5475173, 0.43116003] 2.766427 1.1497443 0.83870894 1.0123737
[6336, 0.4983298, 1.0152792, 5.952626, 0.35011217] 2.6602051 1.2327386 1.0069625 0.90287596
[6337, 0.42980656, 1.0669558, 3.565767, 0.6853804] 3.131569 1.0562037 0.9472287 0.9302432
[6338, 0.47899824, 1.0356622, 6.0983496, 0.32119113] 2.8386645 1.2983792 0.838207 0.8296004
[6339, 0.54820395, 0.98657703, 6.070601, 0.41158682] 2.8162987 1.0590893 0.8509118 0.979354
[6340, 0.47510132, 1.0490127, 5.3995132, 0.362749] 2.7945952 0.98788536 0.98249215 0.96125275
[6341, 0.51619875, 1.026274, 4.671604, 0.71971256] 2.618313 1.2693087 0.9182822 0.9758076
[6342, 0.44231898, 1.0752962, 6.0752296, 0.69646657] 2.8657565 1.0820197 1.0367472 0.9027159
[6343, 0.46822095, 1.0474461, 4.731285, 0.39470038] 2.947579 1.1642997 1.0139477 0.89893097
[6344, 0.4708772, 1.0617762, 4.671943, 0.557453] 3.078812 1.0560392 0.9397852 0.7943817
[6345, 0.5406422, 1.0009674, 5.4537215, 0.6380316] 2.6698306 0.9993701 0.90197706 1.0099221
[6346, 0.5211427, 1.001114, 7.203777, 0.2433126] 2.9509158 1.1100734 0.87873095 0.941685
[6347, 0.50688493, 1.022797, 5.3934774, 0.6163346] 2.556088 1.0688848 1.054373 0.98324615
[6348, 0.5264929, 1.0297, 4.140899, 0.8732904] 2.9741457 1.3457727 0.9602196 0.8532053
[6349, 0.4172773, 1.0829376, 5.9379387, 0.25333786] 2.8035254 1.0373304 0.9282981 1.0385709
[6350, 0.39799258, 1.0910872, 3.9031675, 0.9926529] 2.5979056 1.2205906 1.0027083 1.0042582
[6351, 0.49835506, 1.0277747, 3.7818842, 0.59993774] 3.035684 1.1684717 0.9331969 0.9793455
[6352, 0.4320613, 1.0780884, 6.2480474, 0.27426144] 2.7844164 1.1260273 0.9885864 0.956488
[6353, 0.53513163, 1.0012817, 6.24658, 0.3598473] 2.5812879 1.112652 0.9854466 1.0657712
[6354, 0.44612116, 1.0762846, 3.1096845, 0.7020046] 3.2807505 0.9133475 0.97317415 0.88706106
[6355, 0.60982084, 0.92996687, 8.249844, 0.20892759] 2.6561625 1.0917711 1.0077361 0.88045514
[6356, 0.48268324, 1.028329, 6.262105, 0.2586348] 2.9308004 1.0209494 0.87455386 0.89674854
[6357, 0.514797, 1.0185724, 3.7749183, 0.5016115] 2.9838395 1.1607206 1.0078768 0.81001514
[6358, 0.49931958, 1.03392, 5.5687127, 0.5945619] 2.63786 1.3041152 1.0164977 0.80786055
[6359, 0.4776038, 1.0584071, 4.034051, 0.4314479] 3.301152 1.0123814 0.876171 0.7741981
[6360, 0.5777765, 0.9808106, 3.2530885, 0.50654453] 3.331002 1.1433632 0.99073064 0.73416495
[6361, 0.56463903, 0.9568095, 7.34644, 0.1917073] 2.4252205 1.1369382 1.0677282 0.9525508
[6362, 0.46242785, 1.0529382, 7.146081, 0.29324573] 2.9303968 1.0387954 0.9072497 0.88990575
[6363, 0.4385272, 1.0613009, 5.7367573, 0.35165125] 2.9591093 1.0778525 1.0404366 0.9378071
[6364, 0.4601423, 1.0511339, 4.4107804, 0.5888299] 3.0249994 1.1226245 0.9966733 0.8438787
[6365, 0.5585726, 0.99479187, 5.666571, 0.4386687] 2.9131517 1.008569 0.94663733 1.0787823
[6366, 0.52166945, 1.0267285, 7.1024885, 0.34647036] 2.8417964 1.1715127 0.9332281 0.6959193
[6367, 0.47029006, 1.0782627, 3.7423658, 0.56040627] 3.042433 1.1801376 0.83040184 1.074639
[6368, 0.5293255, 1.0196422, 4.2036295, 0.6051954] 3.1232157 1.0625838 0.9536846 0.777256
[6369, 0.5853064, 0.98012346, 5.7037983, 0.53127295] 2.8222737 1.0626673 0.921256 1.0325092
[6370, 0.4881123, 1.0342329, 5.739701, 0.4405222] 2.7256544 1.2182927 0.9538552 0.94990987
[6371, 0.51663405, 1.0227855, 4.670919, 0.3920672] 2.702897 1.1169653 1.1111524 1.0010223
[6372, 0.4928233, 1.0545452, 3.415241, 0.84430397] 3.1976707 1.0230664 0.9957972 0.87503606
[6373, 0.47111294, 1.0304668, 5.2969503, 0.44915414] 2.8188996 1.1655898 0.87771034 0.9295151
[6374, 0.52874905, 1.0145563, 6.084044, 0.455361] 2.8779995 1.1878405 0.9165054 0.83411473
[6375, 0.5235405, 1.0045812, 5.5598683, 0.28501818] 2.8327436 0.9075961 0.8668981 0.9189106
[6376, 0.49898902, 1.0355144, 3.5800948, 0.60890853] 3.0627441 1.1089998 0.88968205 0.9852478
[6377, 0.48406774, 1.0568159, 3.6673758, 0.5852518] 3.2887802 1.0914404 0.839338 0.8600481
[6378, 0.44735047, 1.063925, 5.2901893, 0.48395693] 2.969607 0.9768722 1.0052648 0.84901416
[6379, 0.44828993, 1.0733525, 4.595586, 0.72013134] 2.7590399 1.1375692 1.058316 0.97971267
[6380, 0.4616623, 1.0927805, 5.1551895, 0.30930334] 2.8486848 1.0286481 0.9941181 1.140751
[6381, 0.3941283, 1.0793996, 4.803493, 0.48367488] 2.831366 1.0661114 0.97212124 0.8924146
[6382, 0.46304718, 1.0600675, 5.1623726, 0.38868195] 2.729659 1.2453012 1.0782733 0.9556875
[6383, 0.44183776, 1.0822047, 4.9562306, 0.44484] 2.7583327 1.1623782 1.046227 1.05365
[6384, 0.55070853, 0.99389374, 4.9395947, 0.43348038] 2.7643778 1.0715693 0.927594 1.0690695
[6385, 0.53150886, 0.99873173, 4.8521714, 0.65628237] 2.6755674 1.0290959 0.9635208 0.92327696
[6386, 0.566753, 0.97375184, 4.107266, 0.6048674] 3.157396 1.2246232 0.8769653 0.800958
[6387, 0.51439744, 1.0154172, 4.9759, 0.3156357] 2.9418504 1.0154508 0.9400222 1.0269065
[6388, 0.5318294, 1.0005499, 5.8622327, 0.4167896] 2.668254 1.1776114 1.0597968 0.94000137
[6389, 0.5280908, 1.0070128, 5.794731, 0.39898843] 2.9411604 1.0805377 0.9459634 0.72572935
[6390, 0.48359329, 1.0289464, 4.4444923, 0.48115075] 2.9753008 1.1225947 0.8629884 0.8966541
[6391, 0.4869351, 1.0509769, 5.6985354, 0.43334448] 2.8856895 1.0941707 0.9075745 0.85361946
[6392, 0.4573575, 1.0777106, 3.3984637, 0.8498237] 3.0859468 1.2146165 0.9556936 0.85883796
[6393, 0.42454937, 1.0639532, 6.6335683, 0.39304358] 2.5804982 1.2101749 0.90040237 0.94627196
[6394, 0.48571783, 1.0594729, 5.0633535, 0.43589845] 2.8876295 1.1218008 0.9581532 1.010575
[6395, 0.46319586, 1.0383527, 6.509428, 0.21636744] 2.7568295 1.1071639 1.019465 0.98314893
[6396, 0.4705972, 1.0606745, 4.4463468, 0.41326573] 2.9435997 1.1797296 1.0110203 1.0532545
[6397, 0.46769288, 1.055759, 5.675026, 0.85128295] 2.537939 1.12023 0.95641375 1.1775345
[6398, 0.43943873, 1.083206, 4.3801813, 0.5084753] 2.9255912 1.0601187 1.0468035 1.0688668
[6399, 0.47888774, 1.0304109, 4.3051186, 0.5525224] 2.8541923 1.1691647 1.0123844 0.97168696
[6400, 0.40726382, 1.0916495, 5.302828, 0.27248427] 2.9139614 1.1383511 0.9068352 0.8883527
[6401, 0.43323523, 1.0551299, 5.80442, 0.2676106] 2.6937706 1.1987252 0.80198306 0.9894304
[6402, 0.46038705, 1.0747343, 4.2920094, 0.6373591] 3.0040922 1.310615 0.8524473 0.724162
[6403, 0.467799, 1.0674919, 3.645257, 0.5901769] 3.2819598 1.1418312 0.97260964 0.703358
[6404, 0.3621958, 1.1300424, 3.2611344, 0.71301454] 3.2726188 1.2666961 0.8926811 0.76549774
[6405, 0.396759, 1.0860106, 5.689218, 0.36273092] 2.9021814 1.1930461 0.958912 0.8606631
[6406, 0.57860225, 0.95534223, 6.009872, 0.4814517] 2.6334538 1.090092 0.9029126 0.92268205
[6407, 0.4853208, 1.0363815, 6.760285, 0.26449797] 2.7166796 1.0672206 0.9869531 0.97021776
[6408, 0.54756105, 0.98123395, 4.847037, 0.6580721] 2.6704147 1.0579106 0.9703683 0.91526
[6409, 0.5552492, 0.99058026, 3.849758, 0.8578803] 3.1012337 1.1374041 0.9647509 0.95201886
[6410, 0.4557025, 1.078013, 5.7892003, 0.37887162] 2.750739 1.2917464 0.91147417 1.0025477
[6411, 0.47872648, 1.041169, 5.1748238, 0.31708086] 2.757301 1.1097358 1.0201991 1.020237
[6412, 0.5138173, 0.9952044, 5.1832776, 0.73644954] 2.6933157 1.0884967 0.8813252 0.78674453
[6413, 0.45002076, 1.0345657, 7.230988, 0.28824553] 2.654159 1.0620598 1.1154499 0.9996499
[6414, 0.5975933, 0.93020463, 5.241892, 0.73765117] 2.553648 1.0643847 1.066815 0.912222
[6415, 0.60579646, 0.9270519, 5.947772, 0.42470464] 2.5192811 1.2492985 0.8967648 1.0307235
[6416, 0.50786626, 1.0164202, 5.366544, 0.36872053] 2.6766467 1.1421283 1.0578386 0.8953546
[6417, 0.59243876, 0.9476342, 4.827091, 0.6651822] 3.002811 1.0801758 0.80433834 0.9981854
[6418, 0.46955508, 1.0345358, 7.553219, 0.38277048] 2.4902523 1.1987338 0.9613168 0.97437483
[6419, 0.53462964, 1.0302615, 4.4276757, 0.8200441] 2.7843037 1.2089341 0.9985042 0.90782684
[6420, 0.50577116, 1.038836, 4.5583878, 0.6053177] 2.808471 1.2463105 1.038065 0.7582166
[6421, 0.5968199, 0.956623, 6.657692, 0.48498848] 2.7306998 1.2208265 0.8619671 0.8554327
[6422, 0.44137144, 1.0606881, 5.630923, 0.3501286] 2.7840855 1.264481 0.85585773 0.9175671
[6423, 0.47082996, 1.0492735, 5.5290375, 0.3238985] 2.8331409 1.2953933 0.8814319 0.98262167
[6424, 0.482836, 1.0477791, 4.6840606, 0.5302573] 3.1705196 1.0045689 1.0153325 0.79593116
[6425, 0.5331513, 1.0027063, 6.5882506, 0.23003054] 2.7958028 1.1971195 0.8024819 1.0162003
[6426, 0.48862907, 1.052324, 5.5514436, 0.60848993] 2.9568613 1.1208537 0.8168808 0.9419173
[6427, 0.5143225, 1.0126818, 6.45015, 0.32074448] 2.5901215 1.1513678 0.96884525 1.0847102
[6428, 0.41741952, 1.0760021, 5.9860263, 0.51906246] 2.6094797 1.1504209 1.0028231 1.1114198
[6429, 0.43733215, 1.0481919, 5.737635, 0.21121946] 2.9239862 1.2031308 1.028516 0.91987187
[6430, 0.5681747, 0.9903249, 5.3552356, 0.43542516] 2.8694859 1.2741874 0.9686876 0.89246863
[6431, 0.43917227, 1.0692827, 4.8074803, 0.4421799] 2.8510058 0.98357296 1.0420247 0.93851405
[6432, 0.57668614, 0.9749664, 4.1786814, 0.42288685] 3.0859413 1.1852585 0.93642664 0.86901534
[6433, 0.5630848, 0.9713822, 5.268808, 0.8055426] 2.442996 1.1219528 1.0650395 0.981219
[6434, 0.5616075, 0.99584234, 5.1285286, 0.52335846] 3.0511239 1.2091218 0.94791764 0.82690996
[6435, 0.49640003, 1.0513953, 4.4919686, 0.7338453] 2.7884645 1.2563692 0.8688118 0.88791245
[6436, 0.5940678, 0.960167, 3.442959, 0.78303874] 3.1767669 1.2123398 0.8148588 1.0061821
[6437, 0.3616735, 1.1153936, 5.2681065, 0.4283917] 3.0255742 1.0814124 0.9100677 0.90515786
[6438, 0.6444128, 0.9137127, 5.7990656, 0.45021856] 2.479544 1.180704 0.9246455 1.0950787
[6439, 0.5999759, 0.9261472, 5.621742, 0.45183977] 2.853397 1.0386425 1.0188683 0.79620236
[6440, 0.52475435, 1.0289533, 5.671909, 0.60698384] 2.8390822 1.195666 0.9761593 0.8910481
[6441, 0.42779738, 1.0629079, 5.5587735, 0.34303775] 2.750691 1.1516438 0.9740377 0.912654
[6442, 0.5377741, 0.98681283, 5.9104238, 0.30023995] 2.5555844 0.91332763 1.0890118 1.0967451
[6443, 0.5345905, 1.0028398, 4.965309, 0.5232854] 3.164117 1.0550538 0.9451641 0.71317625
[6444, 0.4825197, 1.0400515, 5.4753647, 0.5611884] 2.9823377 1.1348385 0.6944642 0.852145
[6445, 0.5042649, 1.0234234, 3.7202694, 0.61416095] 3.197924 1.2037104 0.8932041 0.9007595
[6446, 0.5405423, 0.9950504, 7.590504, 0.23863815] 2.5109005 1.330948 0.8590547 1.1323881
[6447, 0.48025715, 1.0510174, 5.527366, 0.22695822] 2.7030725 1.3343582 1.041934 1.1213771
[6448, 0.5220587, 0.992396, 6.60871, 0.20675018] 2.7420595 1.1558096 0.9407791 1.0054275
[6449, 0.504963, 1.0121576, 6.856079, 0.2956568] 2.73072 1.2105293 0.8884795 0.9848442
[6450, 0.30925345, 1.1456863, 3.4777253, 0.8295443] 3.2013443 1.0319287 0.97640574 0.9324531
[6451, 0.4064072, 1.0814557, 7.4761, 0.3211302] 2.797157 0.9565064 1.0587251 0.95084006
[6452, 0.6814895, 0.83674634, 6.046152, 0.4749133] 2.3795438 1.3775228 1.061969 0.64529014
[6453, 0.4061709, 1.0932336, 4.548816, 0.65239596] 3.003522 1.1825223 0.9019274 1.1434811
[6454, 0.4933637, 1.0340068, 5.1150594, 0.28697076] 2.96826 1.1256313 0.98875886 0.9559907
[6455, 0.5017283, 1.0546325, 4.582388, 0.65618634] 2.9131024 1.3004459 0.8842314 0.78662294
[6456, 0.6180476, 0.9584183, 4.236003, 0.77676606] 2.887005 1.2243874 0.9976708 0.8345456
[6457, 0.42352125, 1.0936029, 5.12096, 0.43603697] 2.750637 1.1869737 1.0743558 1.0377742
[6458, 0.54361546, 0.9962599, 6.183798, 0.30957183] 2.7798305 1.1009245 0.9008822 0.91739386
[6459, 0.55129194, 0.9783427, 4.255024, 0.8468364] 2.4560816 1.3702439 0.98204374 0.8187
[6460, 0.6020197, 0.9547622, 5.1536136, 0.73149735] 2.809657 1.2051833 0.9244335 0.6361117
[6461, 0.50398403, 1.0364578, 5.43481, 0.43801752] 2.8800106 1.1437898 0.94963694 0.7901372
[6462, 0.5080743, 1.0192808, 5.7645836, 0.37486273] 2.7160509 1.1493702 0.9557873 0.9087619
[6463, 0.51604784, 1.0186037, 6.726865, 0.25948566] 2.7345822 1.2017076 0.91821414 0.9233641
[6464, 0.5057389, 1.0394818, 5.2241898, 0.22773641] 3.1947253 0.9850275 1.0886911 0.83870506
[6465, 0.43029472, 1.0595868, 6.0679164, 0.36757946] 2.6424348 1.0365013 1.0176651 1.1486031
[6466, 0.36017933, 1.0837318, 6.7983074, 0.16406675] 2.7284555 1.0951481 0.92147136 0.9745908
[6467, 0.5020959, 1.0373968, 5.7342887, 0.5466574] 2.741508 1.2244682 0.90285975 0.8601554
[6468, 0.4942757, 1.047611, 5.1576824, 0.49297923] 3.0211787 1.0231123 0.88185763 0.87182695
[6469, 0.5175419, 1.0228219, 4.634518, 0.6251537] 2.4224844 1.2895937 0.9729963 0.9652575
[6470, 0.45406556, 1.0748881, 4.1813593, 0.6273779] 3.0022957 1.2372804 0.8841396 1.054597
[6471, 0.52737373, 1.0063629, 6.915927, 0.42466658] 3.0206115 1.1051356 0.81101894 0.82407725
[6472, 0.62833804, 0.9194156, 4.593353, 0.24333647] 3.166835 1.0977056 1.0262271 0.9518212
[6473, 0.46349686, 1.0728251, 3.5369465, 0.7908575] 3.148147 0.9365345 0.97155917 1.0213113
[6474, 0.41017434, 1.0840864, 6.100157, 0.4398786] 2.7792013 1.2320813 0.7773282 0.9515252
[6475, 0.48693407, 1.0448997, 3.7616434, 0.5670688] 3.086753 1.0214547 0.96391594 1.0723792
[6476, 0.5076164, 1.0363578, 4.477808, 0.49797818] 3.201009 0.9518123 0.8613104 0.8180147
[6477, 0.5245731, 1.0011367, 6.2824554, 0.28005406] 2.485558 1.2825121 1.0229872 0.86340386
[6478, 0.43559524, 1.062622, 5.5137563, 0.50495243] 2.751639 1.1208417 0.94379413 0.8734206
[6479, 0.4071197, 1.1034977, 4.403676, 0.5819071] 3.023305 1.2234719 0.9521986 0.9435156
[6480, 0.45663175, 1.0582936, 2.9630547, 0.96909255] 3.2809894 1.1867976 0.8835465 0.9015483
[6481, 0.5242784, 1.0143657, 5.797698, 0.32954162] 2.6649086 1.2183956 1.0543268 0.95158166
[6482, 0.5175137, 1.0040702, 6.6285367, 0.5633908] 2.7462747 1.0833639 0.9607901 0.73325306
[6483, 0.583356, 0.93558556, 6.8544135, 0.22302885] 2.659422 1.0727425 0.8969207 0.85867214
[6484, 0.5173127, 1.0306821, 5.106543, 0.43001795] 2.8086271 1.1013641 0.8946256 1.032214
[6485, 0.4574852, 1.0608469, 5.011199, 0.5812094] 2.7577415 1.2246399 0.92039555 1.0312121
[6486, 0.4334064, 1.0716358, 4.4941893, 0.6011739] 3.1449583 1.1425433 0.9801009 0.6322809
[6487, 0.5474916, 0.98387605, 5.46206, 0.36290568] 2.6126142 1.1923461 1.2231818 0.8698735
[6488, 0.55140144, 1.0066023, 5.091116, 0.50805646] 3.047823 1.12287 0.8352539 0.89110124
[6489, 0.41626307, 1.0908943, 5.6808963, 0.64112717] 2.805193 1.1865082 0.93787014 0.9911977
[6490, 0.46673164, 1.0278586, 5.827424, 0.4217882] 2.611989 1.0516129 1.0940253 0.8600679
[6491, 0.4179586, 1.0623982, 5.26695, 0.6469335] 2.4189327 1.2529755 1.0508344 1.1277349
[6492, 0.4972996, 1.0424153, 5.1893754, 0.3831446] 2.7854471 1.2806789 0.7825602 1.0537146
[6493, 0.45107183, 1.0500176, 4.857581, 0.6222672] 2.9510324 1.2046621 1.0253091 0.81102175
[6494, 0.45242974, 1.050974, 5.308815, 0.4592938] 2.954141 1.104205 0.8858443 0.94704825
[6495, 0.5338353, 1.0007777, 5.922389, 0.28485236] 2.7128143 1.0398835 1.0243847 0.9393473
[6496, 0.53528696, 1.0146633, 6.075645, 0.3635176] 2.8790884 1.1919551 0.89593863 0.7964661
[6497, 0.53418714, 0.98311317, 5.986878, 0.23149815] 2.4998326 1.09353 1.0621172 1.0533307
[6498, 0.46002454, 1.0690489, 3.4221609, 0.8721775] 3.0834885 1.114088 0.9656266 1.012073
[6499, 0.47709212, 1.0807778, 3.3990655, 0.68280953] 3.1917038 1.2125463 0.8486544 0.84584033
[6500, 0.35864347, 1.0954219, 5.2704053, 0.35389724] 2.8936932 1.2174337 0.9258394 0.87856835
[6501, 0.49827278, 1.0217221, 4.6843057, 0.34499457] 2.9373014 1.0250326 1.0316472 0.9811143
[6502, 0.50782764, 1.0262141, 5.0670776, 0.34410724] 2.6778538 1.2179306 0.97453976 1.1984324
[6503, 0.5040844, 1.0600848, 2.7934115, 0.9139341] 3.3916755 0.9472575 1.0192235 0.8390605
[6504, 0.5634926, 0.9547197, 6.42778, 0.25554347] 2.5415413 1.2688433 0.9795323 0.8813298
[6505, 0.51056415, 1.0188949, 6.9234037, 0.30468175] 2.7780077 1.1055493 1.0164886 0.87841225
[6506, 0.48434746, 1.0646311, 4.6654305, 0.54401636] 3.0693035 0.99978703 0.9290411 0.86391217
[6507, 0.48050427, 1.027421, 5.4009395, 0.34360734] 2.7481105 1.2242398 0.911318 0.99679
[6508, 0.51010615, 1.0234815, 5.7514954, 0.28676945] 2.548222 1.00351 1.082025 1.2190002
[6509, 0.57387125, 0.9555589, 6.8290462, 0.2346153] 2.763534 0.81538856 0.9966018 0.992259
[6510, 0.5657277, 0.99126947, 4.6553326, 0.4765501] 3.0630305 1.1687062 0.84601116 1.0147213
[6511, 0.54349166, 0.999126, 6.0786767, 0.65006393] 2.8420866 1.0775229 0.9676179 0.93574786
[6512, 0.49280372, 1.0296723, 5.0906157, 0.63069457] 2.8791888 1.1908619 0.8547475 0.7052674
[6513, 0.5094199, 1.0109633, 5.9390717, 0.3573835] 2.6960657 0.9894517 0.9005804 1.0548003
[6514, 0.45360294, 1.0768207, 4.6085973, 0.42110777] 3.113002 1.0432173 0.9160864 0.89739084
[6515, 0.57649285, 0.95057917, 4.1181374, 0.569459] 2.97624 0.8839193 0.96732825 0.86287016
[6516, 0.48943156, 1.0252241, 5.101021, 0.54316264] 2.6875458 1.1778914 1.0080544 0.9531019
[6517, 0.59043956, 0.9405649, 6.6726055, 0.51408184] 2.692568 1.305243 0.93632084 0.8191953
[6518, 0.40694138, 1.0947338, 3.0736768, 0.79673886] 3.2451477 1.0978864 0.96641046 0.925024
[6519, 0.52598345, 1.016633, 5.4625044, 0.4677096] 2.9672146 1.0911734 0.91001695 1.0208173
[6520, 0.61393005, 0.9316035, 4.856109, 0.4623161] 3.0336878 1.0700865 0.928027 0.8750786
[6521, 0.4784868, 1.0268756, 6.398537, 0.40465075] 2.6628108 0.99789613 1.0594409 0.9539589
[6522, 0.6861602, 0.8822663, 3.7301593, 0.71312296] 3.2835047 0.97745985 0.84096456 0.79196185
[6523, 0.7213928, 0.7976628, 5.0346174, 0.37096778] 2.359838 1.2653049 0.8808387 0.92406815
[6524, 0.3727135, 1.0945969, 6.2811484, 0.39945248] 2.6871023 1.1769866 0.91882414 0.86776835
[6525, 0.44300565, 1.0560291, 5.608098, 0.36237466] 2.877857 1.0423448 0.953514 1.0431328
[6526, 0.46957266, 1.0528172, 5.3030324, 0.44721264] 2.7764304 1.2696257 1.0199039 0.9692388
[6527, 0.5018576, 1.0074301, 5.2944217, 0.33215404] 2.673407 1.073496 0.9015037 0.98871154
[6528, 0.55389154, 1.0090923, 2.903793, 0.87135273] 3.3524213 0.96401507 0.95474315 1.0761056
[6529, 0.50619435, 1.0320697, 5.9639354, 0.20307495] 3.1622531 0.94563174 0.907132 0.7361901
[6530, 0.38327965, 1.0957426, 5.4152937, 0.29084882] 2.8884022 1.2858515 0.9614469 1.0074471
[6531, 0.5633025, 0.9663868, 6.28152, 0.22794867] 2.8577847 1.0085431 0.83610934 0.8728715
[6532, 0.4921326, 1.0177796, 6.841746, 0.29673907] 2.6795769 1.1255839 0.9031877 0.96387875
[6533, 0.4720712, 1.0539818, 5.288796, 0.3919476] 2.555115 1.2286363 1.0766792 1.0747201
[6534, 0.48469737, 1.0438308, 4.8146133, 0.37181213] 3.0451353 1.1153786 0.91676533 0.83943
[6535, 0.4594298, 1.072102, 5.1690245, 0.5760278] 2.7038949 1.1691335 0.8912437 1.1369358
[6536, 0.39942798, 1.1060785, 4.413048, 0.90775263] 3.1056924 1.1908822 0.89983773 0.86698747
[6537, 0.5318254, 1.0040504, 4.4673333, 0.6810501] 2.8858619 1.044761 1.0091813 0.77417463
[6538, 0.5010355, 1.0430851, 4.5967946, 0.7220961] 3.1024187 1.0151646 0.90867305 0.80503666
[6539, 0.5753171, 0.9877907, 4.89655, 0.41464004] 3.0420818 1.1272812 0.91329205 0.8319794
[6540, 0.50365144, 1.0355725, 4.709661, 0.45542008] 2.927666 1.1262105 1.0534432 1.0232401
[6541, 0.51821756, 1.0187784, 6.3191137, 0.32765558] 2.8739526 1.0964328 0.91313505 0.9609464
[6542, 0.48204252, 1.0183332, 6.6114154, 0.30017948] 2.721662 1.1124313 1.035143 0.88750243
[6543, 0.5102073, 1.0325527, 3.9854825, 0.54138505] 3.0811987 1.0646365 0.9541499 0.9366867
[6544, 0.4991443, 1.0419494, 4.50667, 0.54927945] 3.030419 1.2092034 0.9410144 0.96622145
[6545, 0.46768808, 1.0544449, 5.9818444, 0.35148817] 2.8401313 1.1436003 0.8482808 0.895029
[6546, 0.56720245, 0.9634847, 6.6069407, 0.3597462] 2.316348 1.1856765 1.046621 1.0610826
[6547, 0.5337327, 1.0191313, 4.335664, 0.8033667] 2.95074 1.1527278 0.8596372 0.98128355
[6548, 0.49974784, 1.0343432, 4.7077007, 0.5331964] 3.0807917 1.0372248 0.99599344 0.7508208
[6549, 0.5020555, 1.0360533, 4.8786206, 0.7288892] 2.9034498 0.98910415 0.8932381 0.9765546
[6550, 0.39366558, 1.0896169, 4.6711063, 0.530609] 2.8345697 1.0291224 0.94637936 1.0703595
[6551, 0.5069483, 0.99541026, 4.896332, 0.3076546] 2.7905726 1.2437108 0.9499379 1.0529481
[6552, 0.5723415, 0.96729714, 6.215162, 0.23602876] 2.9581857 1.0417217 0.90072066 0.9773567
[6553, 0.46019775, 1.0457394, 5.5834303, 0.6871807] 2.708881 1.094714 1.0384686 0.978194
[6554, 0.6119574, 0.9332246, 4.975525, 0.46357897] 2.5541375 1.2059618 0.88801473 0.9634466
[6555, 0.5295794, 1.0126911, 3.9328864, 0.48832935] 3.010791 1.1189888 1.0009784 0.8118049
[6556, 0.46966442, 1.0547144, 5.009184, 0.28083453] 2.9057643 1.2077503 0.8892078 0.9970401
[6557, 0.5858877, 0.9482523, 8.437445, 0.28517294] 2.566938 1.1615878 0.87374574 0.98585737
[6558, 0.42850077, 1.0571669, 5.530198, 0.2538224] 2.6107018 1.1858889 1.1061091 0.8850678
[6559, 0.5367795, 1.0247177, 4.450563, 0.37367672] 2.982047 1.1713357 0.78711146 1.0519664
[6560, 0.4529877, 1.0596167, 5.645375, 0.38027877] 2.6998863 1.3173317 1.127244 0.8999128
[6561, 0.47700712, 1.0513104, 4.662908, 0.43120986] 2.987274 1.0113727 0.9370721 0.84257597
[6562, 0.5612365, 0.9917347, 4.9374833, 0.46236584] 3.0348787 1.0856881 0.8288405 1.0735413
[6563, 0.45226902, 1.0685477, 5.0841436, 0.6995793] 3.0659323 1.0941114 0.8728833 0.99035215
[6564, 0.4927578, 1.0132568, 6.183526, 0.5778693] 2.6419876 1.112259 1.0141021 0.9646096
[6565, 0.52345914, 1.0148805, 5.7972198, 0.36566398] 2.751076 1.2455995 1.1113136 0.98849064
[6566, 0.6271104, 0.92387366, 5.436569, 0.73487663] 2.739947 1.1199034 0.9061994 0.92334235
[6567, 0.54715484, 1.0053936, 3.5026646, 0.904164] 2.9574919 1.1231133 1.0126157 0.93401766
[6568, 0.515697, 0.9962863, 6.1034546, 0.498222] 2.4638987 1.1822392 1.1259307 0.90418947
[6569, 0.52389246, 1.0111015, 5.1728735, 0.5477549] 2.669944 1.0877731 1.0287362 1.0564524
[6570, 0.60408795, 0.9431553, 5.551091, 0.2949992] 2.624097 1.0957309 0.8748265 0.9344522
[6571, 0.48216328, 1.0438392, 4.8133, 0.5555164] 2.9136765 1.2538128 0.89495385 0.9690923
[6572, 0.5000708, 1.0340267, 4.752622, 0.3754466] 2.9382908 1.0035594 0.8767882 1.1042576
[6573, 0.5658077, 0.9879527, 6.05123, 0.7399955] 2.6029613 1.1897578 1.0197461 1.0179355
[6574, 0.49625668, 1.0361104, 5.8054957, 0.43455094] 2.8709853 0.8851461 1.0883377 0.9258385
[6575, 0.59542215, 0.93825746, 5.2826443, 0.7590772] 2.5927393 1.1082438 0.9602138 0.7727926
[6576, 0.45536995, 1.0474662, 6.2437677, 0.30313826] 2.9594705 1.1784112 0.8920806 0.86896056
[6577, 0.48669884, 1.0211189, 4.9153094, 0.48607838] 2.9124608 1.1840571 0.9955323 0.76019984
[6578, 0.51284623, 1.0387952, 4.0858417, 0.4710061] 3.3250918 1.0656885 0.9072209 0.7447201
[6579, 0.5155156, 1.0141166, 6.0201187, 0.31110138] 2.7077522 0.9923086 0.9692057 0.9392432
[6580, 0.4163375, 1.0836788, 4.5592213, 0.4814795] 2.9669862 1.0430945 0.93770736 1.0249122
[6581, 0.54241186, 0.9837056, 4.9475455, 0.70434374] 2.8933845 1.2131776 0.91620016 0.7048292
[6582, 0.4856095, 1.0268698, 5.328383, 0.21593075] 2.683675 1.3055081 0.9222969 0.9437845
[6583, 0.51895934, 1.001759, 6.2128997, 0.28115714] 2.8607194 1.102494 0.848252 0.8640221
[6584, 0.58264047, 0.9578614, 7.636113, 0.5314688] 2.4993088 1.1459751 0.93210167 0.9379422
[6585, 0.5141876, 0.99059945, 4.7744584, 0.53396523] 2.4902205 1.3802059 0.8113976 1.0180634
[6586, 0.49394226, 1.0236157, 6.122726, 0.16871549] 2.8603828 1.0510911 1.0537614 0.8957737
[6587, 0.5857546, 0.9397975, 5.7405014, 0.4384754] 2.833648 1.1282535 0.9632059 0.73485166
[6588, 0.56090826, 0.980682, 3.9708672, 0.8471819] 3.1482744 1.1027852 0.83832735 0.80617344
[6589, 0.3875158, 1.1010681, 5.099229, 0.47007757] 2.8546193 1.187216 0.8706049 0.8932782
[6590, 0.4783561, 1.0565717, 4.462404, 0.468971] 3.1113312 0.9955251 0.9569777 0.9916776
[6591, 0.49886024, 1.0226636, 5.8094707, 0.38010067] 2.4860094 1.3391565 0.89465463 0.90583724
[6592, 0.48180938, 1.0495504, 5.512677, 0.40183923] 2.5967808 1.1156887 0.94474286 0.9610907
[6593, 0.51762825, 0.9952116, 5.87815, 0.26988694] 2.7513893 0.9206147 1.0066032 0.9881077
[6594, 0.48700926, 1.052673, 3.2818816, 0.779701] 3.0047839 1.3056499 0.8535254 1.0876671
[6595, 0.45531332, 1.0472755, 6.72104, 0.29987395] 2.7280838 1.0975473 0.8769817 0.789599
[6596, 0.4168, 1.0816724, 6.221534, 0.25887677] 2.83705 1.0253706 0.93328243 1.0339338
[6597, 0.52864486, 1.0253977, 5.5692177, 0.44945064] 2.8252597 1.2403843 0.8678526 0.7634303
[6598, 0.5514492, 0.98451215, 5.3151965, 0.42825943] 2.738186 1.1425011 0.9191 0.88787323
[6599, 0.66150534, 0.8486415, 7.967982, 0.24980046] 2.3815322 1.0966159 0.9677776 0.7548726
[6600, 0.6085645, 0.93400985, 6.8458457, 0.2565863] 2.739603 1.1394154 0.8414199 0.9333644
[6601, 0.58370376, 0.9382176, 6.5910573, 0.5643891] 2.5027168 1.2378656 0.8928422 0.9394533
[6602, 0.44137555, 1.0848293, 5.175487, 0.5405921] 2.8392007 1.0654671 1.1060178 0.9463763
[6603, 0.509167, 1.022542, 6.387629, 0.59655505] 2.6234634 1.2943479 1.1054361 0.8234366
[6604, 0.5863622, 0.9406721, 6.69128, 0.124261424] 2.6184158 1.3200165 0.9791114 0.9063691
[6605, 0.6414709, 0.9134133, 5.874414, 0.32739824] 2.814839 1.1370223 0.9208463 0.7907445
[6606, 0.5051521, 1.0083785, 5.985208, 0.500516] 2.5420852 1.0569463 1.0158913 0.9241987
[6607, 0.5624383, 0.9769791, 6.198299, 0.3485563] 2.7770205 1.1934767 0.98631823 0.71485746
[6608, 0.5976107, 0.9601407, 4.305135, 0.5805428] 3.1948848 0.97104967 0.7834679 0.7379231
[6609, 0.6173759, 0.936926, 3.5451536, 0.67010444] 3.2537014 1.1543224 0.9172667 0.7086833
[6610, 0.49286577, 1.0400774, 4.09832, 0.6302613] 2.790122 1.2335161 0.90995014 0.9308295
[6611, 0.57741463, 0.9658215, 6.5783677, 0.5432474] 2.613096 1.1301291 0.9571989 0.81159943
[6612, 0.40455717, 1.0715889, 5.355629, 0.5576521] 2.7934504 1.1409402 0.95152193 0.90729
[6613, 0.4648738, 1.0639508, 4.5828238, 0.59910053] 3.0426345 1.1142014 0.88899446 0.84274185
[6614, 0.5269725, 1.0052354, 5.426004, 0.45155194] 2.997723 1.1091018 0.9809739 0.61917007
[6615, 0.4900161, 1.0435495, 5.166842, 0.47503078] 2.9020865 1.0913684 0.9185717 1.0175592
[6616, 0.4992308, 1.0244873, 5.5418434, 0.34072065] 2.6258094 1.0563644 1.0812565 0.94690007
[6617, 0.57167596, 0.98002136, 4.255035, 0.4616152] 3.2272162 1.1861185 0.8711602 0.69388247
[6618, 0.44330898, 1.0654117, 5.6019382, 0.49800032] 2.7440574 1.0027858 1.1219965 0.91160274
[6619, 0.5080549, 1.0168766, 3.903677, 0.9737114] 2.8842933 1.1710018 1.1103874 0.873204
[6620, 0.51220435, 1.0295285, 5.013067, 0.5866226] 2.6244092 1.1671171 1.043094 0.9736896
[6621, 0.50528586, 1.0206447, 4.7822466, 0.488219] 2.7612355 1.0604352 0.860393 0.9533173
[6622, 0.42327285, 1.0622393, 5.0641346, 0.26218358] 2.6961472 1.1362175 0.95630366 0.93145937
[6623, 0.44058084, 1.0892595, 5.044806, 0.5008394] 3.0198636 1.1361837 0.9218937 0.86960655
[6624, 0.45877075, 1.0726724, 3.9434776, 0.80147594] 3.130734 1.2583772 0.9219551 0.9212151
[6625, 0.40627563, 1.0725199, 6.4401064, 0.2666679] 2.6151867 1.2337674 0.9806334 0.98942477
[6626, 0.6204538, 0.919766, 6.065124, 0.16881436] 3.0046418 1.1415529 0.9334082 0.63128245
[6627, 0.62524045, 0.88514996, 6.4925437, 0.29691312] 2.3874621 1.1078371 1.0283604 0.8984612
[6628, 0.42179686, 1.067971, 4.5599732, 0.4218225] 2.9942756 1.1853899 0.93325496 1.0436919
[6629, 0.40138826, 1.0839099, 7.227331, 0.28337577] 2.6452527 1.1631274 1.0016879 1.0225976
[6630, 0.4450013, 1.077136, 5.7313275, 0.7134102] 2.965452 1.1375604 0.99894863 0.82046026
[6631, 0.44795278, 1.033077, 6.9716005, 0.25098205] 2.3651092 1.3195043 1.0943677 0.86716515
[6632, 0.5369218, 1.0279099, 3.0575247, 0.9179331] 3.0298905 1.2639685 0.9577231 0.924156
[6633, 0.5338767, 1.0216106, 4.6784015, 0.45001948] 3.1394594 1.1723564 0.9516746 0.8590674
[6634, 0.45734727, 1.0687337, 6.1451244, 0.43300983] 2.843566 1.0724038 0.9648022 1.1049011
[6635, 0.42445013, 1.1111001, 2.9074085, 0.9018547] 3.429293 1.1008635 0.89775556 0.89232016
[6636, 0.4671431, 1.1190096, 2.7630057, 0.65679234] 3.4224648 1.0803295 0.97480553 1.0545032
[6637, 0.4991968, 1.0360664, 4.3961287, 0.43479365] 2.892666 1.1833023 0.94416827 1.0479189
[6638, 0.57207245, 0.9292572, 6.405781, 0.20608948] 2.5058708 1.0897881 0.914961 0.95706743
[6639, 0.55887634, 0.9812357, 3.97061, 0.6966578] 3.112574 0.9772096 0.8845792 0.8398163
[6640, 0.5629737, 0.9801406, 5.1043315, 0.36437723] 2.7806406 1.0910672 0.8607089 1.1241618
[6641, 0.52817214, 1.0217069, 4.5698485, 0.61123157] 3.051609 1.1546816 0.8481694 0.78432846
[6642, 0.4459441, 1.0790504, 5.8886623, 0.4887256] 2.8031409 1.2846246 0.9437067 0.80748826
[6643, 0.49308464, 1.0466868, 5.0910354, 0.5501348] 2.944434 1.0472678 0.98169315 0.9282726
[6644, 0.47170624, 1.0616771, 4.0831633, 0.4584199] 2.978647 1.235711 1.0463293 0.97886556
[6645, 0.33121073, 1.1086195, 5.9372735, 0.61050135] 2.693996 1.2394162 0.9820856 0.929257
[6646, 0.41303137, 1.0782918, 5.3825884, 0.32905936] 2.8794222 1.0988868 0.96039873 0.9888192
[6647, 0.4761804, 1.0664092, 3.2043655, 0.9302716] 3.2210176 1.1120045 0.88813883 0.94355315
[6648, 0.5128954, 0.9976739, 6.0879993, 0.27039889] 2.6154518 1.1747668 0.9420845 0.9938565
[6649, 0.57162434, 0.9455435, 5.5101314, 0.57538235] 2.8404598 1.234634 0.89178145 1.0439672
[6650, 0.5173217, 1.0285884, 4.199478, 0.6322124] 2.6174853 1.438856 0.9345442 1.0141541
[6651, 0.48017937, 1.0522299, 5.12724, 0.32119763] 2.9645104 1.0948596 0.917094 0.77959204
[6652, 0.5649132, 0.9759993, 5.8345695, 0.53435266] 2.8631735 1.2692173 0.8337548 0.8871943
[6653, 0.37715408, 1.094453, 5.1720843, 0.2877117] 2.88553 1.1216683 0.9784693 1.1266123
[6654, 0.44076663, 1.1032852, 5.134347, 0.50442564] 2.9721487 1.1107279 0.89062375 1.1478891
[6655, 0.58055454, 0.93648654, 6.183674, 0.344399] 2.3463209 1.1415756 0.9377243 1.0049901
[6656, 0.62893933, 0.9014148, 4.953461, 0.60499537] 2.3709674 1.2587348 1.004734 0.8409463
[6657, 0.5461554, 0.95735806, 5.8057356, 0.33028987] 2.4375458 1.0618142 0.87419134 1.1706777
[6658, 0.48789668, 1.0082339, 7.307961, 0.22442941] 2.7135146 0.98633087 1.0795238 0.88025606
[6659, 0.4699255, 1.0377887, 6.3942533, 0.22159429] 2.62811 1.1425334 0.96568567 1.0070237
[6660, 0.43986836, 1.0428472, 4.7168736, 0.43212265] 2.7902215 1.1991749 0.849651 0.9022298
[6661, 0.5253305, 0.9833818, 6.106556, 0.29387352] 2.704165 1.0113988 0.9113529 0.94121397
[6662, 0.43727913, 1.0849739, 3.8141372, 0.7557902] 3.0259144 1.1183103 0.9747839 1.0218201
[6663, 0.4889083, 1.0291249, 4.2961993, 0.42914483] 3.0661922 1.1546706 1.0038676 0.8413993
[6664, 0.48188728, 1.0474163, 3.7800934, 0.88560534] 3.0943341 1.1297154 0.8931818 0.8490539
[6665, 0.4992361, 1.0073777, 6.077229, 0.17183332] 2.8126009 1.0887446 1.0443511 0.7627369
[6666, 0.38788813, 1.0858569, 5.113193, 0.6949939] 2.5809994 1.1257629 0.95473814 0.86818826
[6667, 0.5287871, 1.0153867, 5.499432, 0.35097802] 2.9959059 1.1193968 1.0333205 0.9355201
[6668, 0.5361732, 0.9883104, 7.014805, 0.2693677] 2.796386 1.1535704 0.88864446 0.9011326
[6669, 0.5533616, 0.99831736, 4.2665634, 0.52150613] 3.1141508 1.1758002 0.93356925 0.7272195
[6670, 0.48107383, 1.0394988, 3.7288287, 0.6242881] 3.3119447 1.0740114 0.8634448 0.83403236
[6671, 0.51824033, 1.0148575, 3.7314878, 0.59640604] 3.0448554 1.264758 0.9732585 0.86964417
[6672, 0.45560637, 1.0584122, 3.5612981, 0.5532782] 3.257073 1.0924971 0.8189738 0.92805845
[6673, 0.4435964, 1.0879297, 4.7288823, 0.3298884] 2.9375885 1.2433572 0.9730244 0.9374865
[6674, 0.46172312, 1.064627, 3.8537018, 0.7577538] 3.0842507 1.0081416 0.91113496 0.9354445
[6675, 0.49159592, 1.0425072, 5.754095, 0.40930626] 2.7782228 1.1205537 0.95391065 0.8097313
[6676, 0.45941615, 1.074459, 4.2874727, 0.5243586] 2.857808 1.2954556 1.1089214 1.0217911
[6677, 0.45700517, 1.045169, 5.2068524, 0.3215511] 2.8142135 1.274274 0.95484626 0.96720785
[6678, 0.44689503, 1.0694337, 4.254856, 0.41346294] 2.7950778 1.270131 1.0623971 1.0674132
[6679, 0.46192122, 1.0607597, 5.2669992, 0.45643514] 2.7551634 1.2985278 1.0185966 0.8491193
[6680, 0.55229175, 0.9783897, 6.737599, 0.13384448] 2.3505316 1.1707116 1.0443547 1.0975492
[6681, 0.5925648, 0.95985323, 6.4485583, 0.279551] 3.0089464 1.1705649 0.91222644 0.61187696
[6682, 0.48853862, 1.0210625, 5.787645, 0.17307968] 2.955146 1.0786587 0.89581764 0.9475339
[6683, 0.47505558, 1.0406965, 5.910269, 0.64336604] 2.8540392 1.3161739 0.9475485 0.8821108
[6684, 0.4581212, 1.0561947, 4.9457703, 0.60546625] 2.9159133 1.3322442 1.0003965 0.71073323
[6685, 0.52825147, 0.99896055, 5.077837, 0.645889] 2.6881485 1.1416034 0.8887693 0.8719612
[6686, 0.48633426, 1.0484627, 3.8134363, 0.667304] 3.023423 1.0783551 0.9927737 0.92424315
[6687, 0.4712985, 1.0278325, 3.7940552, 0.439306] 3.154598 1.1662333 0.84715474 0.9271928
[6688, 0.49430263, 1.0351112, 6.729785, 0.22818889] 2.7124372 1.0642947 1.1458659 0.9067489
[6689, 0.44494855, 1.06604, 5.852183, 0.4715395] 2.7341707 1.2125603 0.93340343 0.7951062
[6690, 0.4064817, 1.0627412, 6.0038214, 0.30353183] 2.7458944 1.0472815 0.94487727 0.9824519
[6691, 0.4773797, 1.0339031, 5.8281355, 0.44978234] 2.8077135 1.1254812 1.0156103 0.9056915
[6692, 0.41063184, 1.1017057, 4.5055814, 0.5410945] 3.1044245 0.9942468 1.020088 0.8454257
[6693, 0.5931885, 0.9302373, 4.582937, 0.69951695] 2.4794903 1.1159607 0.95000184 0.91533774
[6694, 0.4937043, 1.0228637, 7.5946517, 0.16729604] 2.8201044 1.0526161 0.96718675 1.0315601
[6695, 0.47935936, 1.0461414, 4.6345096, 0.53411436] 2.994292 1.0907685 0.87130237 0.8034302
[6696, 0.3705913, 1.0814737, 5.3372355, 0.45235565] 2.8210177 1.2273046 0.8570891 0.826385
[6697, 0.56861174, 0.98215055, 6.342032, 0.37190098] 2.8662999 1.0614798 0.9304151 0.78972083
[6698, 0.48238328, 1.036692, 5.9113035, 0.20710668] 2.897283 1.1102293 1.0334146 0.96701074
[6699, 0.5064013, 1.0168319, 4.5417414, 0.5663125] 2.4385765 1.1656926 1.0707494 0.9450517
[6700, 0.5233439, 1.0340171, 4.306733, 0.50022405] 3.0110507 1.2805094 0.93410397 1.0784765
[6701, 0.47109604, 1.0355449, 6.911794, 0.20683669] 2.7650847 1.1490791 0.9141457 0.90219676
[6702, 0.43825516, 1.0403152, 4.6773233, 0.27383745] 3.1291153 0.95583206 1.0385301 1.0284426
[6703, 0.5157148, 0.9801546, 7.368624, 0.27357227] 2.554189 1.0728483 0.9872839 0.97771573
[6704, 0.45959663, 1.0174093, 6.0782046, 0.35067555] 2.4619715 1.2849504 1.0760019 1.0121372
[6705, 0.45874518, 1.037727, 6.0686774, 0.3043594] 2.6811779 1.0895131 0.97565 1.0488884
[6706, 0.4313938, 1.0817752, 4.928337, 0.46545485] 2.812533 1.126644 0.937602 1.0188835
[6707, 0.5286609, 0.9961915, 6.501272, 0.18878509] 2.8362687 1.0361229 0.88843054 0.9095809
[6708, 0.5388557, 0.99218714, 4.8420143, 0.48288056] 3.0055153 1.1014766 0.9314306 0.827057
[6709, 0.4857601, 1.0641896, 4.3905277, 0.6418931] 2.9543202 1.176668 1.0268185 1.0739619
[6710, 0.5387812, 0.99552417, 6.1727824, 0.40884322] 2.9139524 1.0494868 0.7843227 0.85603607
[6711, 0.45055592, 1.0653763, 3.4631999, 0.649383] 3.235599 1.0398717 0.9583237 0.9146259
[6712, 0.48633975, 1.0543709, 2.9919412, 0.7774555] 3.2325099 1.1643432 0.78544164 1.0859675
[6713, 0.49241403, 1.0278848, 5.4858255, 0.32015738] 2.8184817 0.98536783 0.9357054 0.92386097
[6714, 0.52350736, 1.0041152, 4.99099, 0.5183609] 2.8779337 1.165439 1.0443803 1.0191237
[6715, 0.51297957, 1.0053371, 4.712935, 0.45018446] 2.8067055 1.277908 0.8365959 0.85816634
[6716, 0.5535832, 0.9991427, 4.530106, 0.41291875] 2.916167 1.1910623 0.97162825 0.894129
[6717, 0.5142722, 1.0243319, 5.1088886, 0.64043504] 2.9029298 1.0934074 0.96985245 0.860219
[6718, 0.49435216, 1.045507, 3.8571928, 0.6628008] 3.1100333 1.212355 0.9235527 0.7983107
[6719, 0.6022982, 0.9387299, 5.258689, 0.43158412] 2.619216 1.1647631 0.90848625 0.9872906
[6720, 0.5195861, 1.0161041, 6.4591084, 0.25735] 2.6046627 1.0843558 0.992448 1.0425224
[6721, 0.439587, 1.0857162, 5.5661635, 0.49422172] 2.7763247 1.029666 0.9949045 1.0631614
[6722, 0.45931438, 1.0605398, 4.1372952, 0.77789575] 2.908085 1.14979 0.9882119 1.0275315
[6723, 0.48854733, 1.0380913, 4.843358, 0.41691577] 2.9959633 1.2386098 1.0207462 0.82720375
[6724, 0.37580493, 1.114141, 4.867883, 0.35899574] 2.9251132 1.140862 1.0298612 0.89668125
[6725, 0.5445014, 1.0001028, 2.7189481, 0.7549335] 3.4028964 1.1421704 0.8599719 0.71087974
[6726, 0.43411788, 1.0762535, 6.016539, 0.5393036] 2.7469754 1.0316654 0.9847439 1.1210966
[6727, 0.47279143, 1.0563003, 5.0640836, 0.36853212] 3.0489674 1.0898176 0.9791148 0.8395968
[6728, 0.50663495, 1.0131036, 6.3919725, 0.3099189] 2.4521751 1.1854635 0.9645411 1.0258434
[6729, 0.39177448, 1.087817, 5.1038094, 0.4385608] 3.0122883 1.0398719 0.92736673 0.7036003
[6730, 0.54145503, 1.0067667, 6.250336, 0.34408617] 2.787423 1.2157742 0.96505624 0.85526985
[6731, 0.53156525, 1.0078696, 4.3009953, 0.43938094] 2.9948664 1.0969253 1.1579164 1.0568895
[6732, 0.44718134, 1.0648396, 5.290214, 0.48702872] 2.7360394 1.146491 0.9877218 0.98045444
[6733, 0.51611507, 1.0273514, 4.3535037, 0.50461614] 3.149547 1.0639899 0.7900043 0.8316364
[6734, 0.47118387, 1.0585532, 5.4967875, 0.5035408] 2.8480263 1.14188 1.1156601 1.1161995
[6735, 0.45663586, 1.0695804, 5.5927076, 0.34592864] 2.8693447 1.1741226 0.90239424 0.932624
[6736, 0.45497435, 1.0692235, 5.9690814, 0.34144676] 3.0124874 1.0583051 0.82240033 0.8968968
[6737, 0.56155825, 0.95947784, 5.304693, 0.24935298] 2.5360045 1.2998974 0.9104262 0.99993575
[6738, 0.5089098, 1.023995, 7.577755, 0.40511736] 2.6700513 1.2009473 0.9068237 0.85455585
[6739, 0.6538135, 0.87867385, 5.823985, 0.59865004] 2.398647 1.0019891 1.003551 0.9352937
[6740, 0.43864772, 1.0718961, 3.8753614, 0.67002845] 2.9264023 1.2335081 0.80744785 1.0750797
[6741, 0.4409714, 1.0638429, 5.8454933, 0.43551642] 2.7524736 1.29382 0.85342026 0.8504744
[6742, 0.5642333, 0.9823619, 3.901107, 0.7227191] 2.9488103 1.1527609 0.98354757 1.0055342
[6743, 0.5056072, 1.0360099, 4.868791, 0.63145834] 3.0425577 1.1628373 0.8507371 0.91988283
[6744, 0.59668547, 0.93295246, 6.627324, 0.38012645] 2.5154495 1.2751768 0.99605334 1.0097886
[6745, 0.4711662, 1.0632864, 5.352746, 0.63127476] 2.8923717 1.1102575 0.9915442 1.0354223
[6746, 0.55698204, 0.9538479, 6.976831, 0.11366059] 2.7265544 1.0491769 0.91695833 1.0184785
[6747, 0.5312071, 1.0066036, 4.9387727, 0.42431045] 2.8801668 1.1399744 0.99184036 0.9531744
[6748, 0.49607685, 1.0513055, 4.1045575, 0.5383153] 2.960757 1.1729435 0.97030056 0.8262487
[6749, 0.49274117, 1.0057224, 6.6240425, 0.5979859] 2.6395693 1.2006795 0.9659058 0.91236633
[6750, 0.5451447, 0.9839674, 5.0931296, 0.5331868] 2.6194923 1.0679772 0.8947908 0.9241086
[6751, 0.3988297, 1.0920298, 4.7520595, 0.48514718] 2.7122042 1.2693658 1.0655549 0.9296257
[6752, 0.49590936, 1.0403823, 5.2486367, 0.48596978] 2.7701519 1.2418572 0.8781109 1.0706424
[6753, 0.5134816, 1.0296263, 5.964661, 0.42792508] 2.7039013 1.1829863 0.84013414 1.0190675
[6754, 0.5499085, 0.9761329, 7.027245, 0.27068633] 2.7103324 1.1557988 0.9240086 0.80289876
[6755, 0.53401905, 0.9956537, 6.5485377, 0.32739413] 2.7497876 1.2227284 1.0554184 0.92836446
[6756, 0.519106, 1.020971, 4.3689137, 0.4210121] 3.1414886 1.0469383 0.88774365 0.8388325
[6757, 0.4574095, 1.0617751, 5.2024603, 0.53068817] 2.977306 1.220888 0.95033115 0.7423645
[6758, 0.5488311, 0.9855263, 5.1637516, 0.39389956] 2.712404 1.152035 0.9498969 1.0720407
[6759, 0.5055216, 1.0328524, 5.3553896, 0.3099817] 3.0025663 1.2272631 0.9872673 0.7802494
[6760, 0.62220097, 0.9138164, 5.3385673, 0.45461977] 2.327916 1.132558 0.94410026 1.1595157
[6761, 0.55753404, 0.9778437, 4.238479, 0.6172296] 3.0077167 1.0783812 0.7562458 1.0940245
[6762, 0.532982, 0.99827784, 5.582223, 0.3466344] 2.8331861 1.1052663 0.909208 0.8349494
[6763, 0.53324795, 0.99992263, 5.908858, 0.32812333] 2.655296 1.1704106 0.9540971 0.9286705
[6764, 0.41523412, 1.0869174, 4.340179, 0.57608294] 3.0227187 1.1407424 0.90400815 0.91561556
[6765, 0.5363381, 1.0097009, 5.898242, 0.3616155] 2.3507557 1.3530561 0.9838851 1.1223427
[6766, 0.46823993, 1.0569999, 6.0519223, 0.46636033] 2.7519112 0.98297286 0.9353625 1.0057847
[6767, 0.47986284, 1.0303663, 4.332928, 0.382228] 3.0260835 1.1161556 1.0004036 0.9820381
[6768, 0.5102914, 1.0402573, 3.5866256, 0.91016746] 3.2027102 0.99434507 0.91455144 0.7904488
[6769, 0.62507665, 0.8931799, 5.6448994, 0.6102052] 2.593782 1.1747291 0.88266534 0.92114866
[6770, 0.48187327, 1.0178175, 7.0050454, 0.3770128] 2.6046815 1.0592211 0.9177446 0.9581425
[6771, 0.5276234, 0.9990996, 6.4469666, 0.24802908] 2.681735 1.1172657 0.8699728 1.0147935
[6772, 0.51136416, 1.0177711, 6.3312497, 0.47768378] 2.5465462 1.2203599 0.9779065 0.8935352
[6773, 0.5241709, 1.0132619, 6.833143, 0.39537472] 2.562604 1.200221 0.9982513 0.9982599
[6774, 0.5143565, 0.9972007, 5.517433, 0.50887233] 2.4821162 1.0268457 0.91889596 1.0098612
[6775, 0.40509343, 1.0751517, 6.7877827, 0.20049222] 2.6990652 1.1362448 0.9770631 1.1728393
[6776, 0.47807944, 1.0329347, 5.437879, 0.41178197] 2.733938 1.2731595 1.0022621 0.87683207
[6777, 0.45876604, 1.07916, 4.4331408, 0.5839279] 2.8909893 1.357224 1.0408008 0.78283906
[6778, 0.4179234, 1.0723151, 6.869922, 0.2481633] 2.7091439 1.1948553 1.039082 0.9965178
[6779, 0.46632093, 1.025544, 5.377516, 0.46044993] 2.5817559 1.0743004 0.9169162 0.9515141
[6780, 0.54315543, 1.0079442, 5.439485, 0.37232736] 2.7766385 1.2202799 0.87880117 1.0357895
[6781, 0.5949931, 0.9447446, 6.9149027, 0.5595874] 2.7353344 1.0725467 0.868866 0.7871706
[6782, 0.59417737, 0.924052, 5.765285, 0.421082] 2.509819 1.0958318 0.98117155 0.9353798
[6783, 0.3961625, 1.0686103, 5.6873684, 0.31262466] 2.7685058 1.055354 0.8741718 0.9712091
[6784, 0.44502425, 1.0853188, 3.4922752, 0.84900635] 2.981956 1.2039055 0.8564911 0.9799064
[6785, 0.6422566, 0.91382086, 4.4292464, 0.5593465] 3.048032 1.0659916 0.91463673 0.77505034
[6786, 0.5099907, 1.0211834, 5.8412213, 0.3531422] 2.7610865 1.1694925 0.84286845 1.0336527
[6787, 0.4296685, 1.0681398, 5.9223666, 0.58283556] 2.6452746 1.0825007 0.9294724 1.0678927
[6788, 0.49940294, 1.0083979, 7.1075597, 0.2762355] 2.666136 1.2497895 1.0496135 0.83137774
[6789, 0.54914445, 0.9983039, 5.5882883, 0.29788446] 3.0324678 1.2118524 0.84593165 0.8803432
[6790, 0.48368046, 1.0448776, 5.286125, 0.6044841] 2.6123044 1.1220615 1.1085646 0.9693687
[6791, 0.45523256, 1.0355093, 6.5207205, 0.2009857] 2.8115332 1.0777328 0.9929326 0.9075687
[6792, 0.44151825, 1.0534986, 6.688065, 0.19281337] 2.7567878 1.1881884 1.121816 0.9652475
[6793, 0.55267864, 0.992486, 5.3751783, 0.36095512] 2.9548085 1.2773156 0.8924565 0.9034952
[6794, 0.5166079, 0.99385226, 7.1883883, 0.34262562] 2.4777246 1.1240814 0.97257984 1.0374614
[6795, 0.5306185, 0.9669554, 7.350037, 0.27665395] 2.4209106 1.1335204 1.0349168 0.99007964
[6796, 0.49904713, 1.0391806, 5.6023893, 0.37865475] 2.9772515 0.94039184 0.88729227 0.9943673
[6797, 0.46083796, 1.0672917, 6.111864, 0.5700195] 2.7683132 1.0028641 1.0148594 1.0383148
[6798, 0.5784356, 0.9665488, 4.8528466, 0.45745426] 2.8842053 1.0846534 0.9441748 0.83143646
[6799, 0.47301817, 1.0490751, 4.869111, 0.38652208] 2.8209677 1.1940666 0.89895684 0.99565303
[6800, 0.46524012, 1.0559541, 4.4269757, 0.41037032] 3.0202546 0.9424416 1.0031545 0.97177964
[6801, 0.4488653, 1.0484557, 5.3617187, 0.31488615] 2.9232304 1.1932245 0.8414825 0.7626193
[6802, 0.47147134, 1.0451767, 5.463196, 0.44334546] 3.041332 1.0399137 0.94348276 0.85347986
[6803, 0.48053578, 1.0367556, 5.2983747, 0.4463369] 2.7546744 1.2785391 0.97143096 0.8329683
[6804, 0.39805096, 1.0918596, 3.764197, 0.5862599] 3.2024426 1.1600689 0.95000494 0.81567436
[6805, 0.49582714, 1.0270839, 5.639433, 0.5275255] 2.808029 1.2579942 0.9274794 0.74602354
[6806, 0.46631804, 1.0680896, 3.7762728, 0.71783394] 3.051833 1.1758186 1.0602227 0.8279799
[6807, 0.65302265, 0.8778084, 6.6564264, 0.3897485] 2.653689 1.1278476 0.9367573 0.96158135
[6808, 0.56519914, 0.9907384, 6.141102, 0.82743216] 2.544265 1.303987 1.0196587 0.8949724
[6809, 0.5049799, 1.017894, 4.567637, 0.34604946] 2.834545 1.1047614 1.1284206 0.8395809
[6810, 0.47458276, 1.0289905, 6.2526455, 0.25788334] 2.904029 1.0079881 0.84349555 0.99053925
[6811, 0.52129686, 1.0107577, 5.3656883, 0.39858544] 2.9050484 0.99948025 0.8092023 0.84400284
[6812, 0.5095772, 1.0318016, 4.970383, 0.39923334] 3.0204356 1.2079761 1.092403 0.78139865
[6813, 0.5372551, 1.0028526, 5.8125067, 0.31699374] 2.9469118 1.0342493 0.9603187 0.79491603
[6814, 0.53661865, 1.0045073, 4.615711, 0.40232915] 2.8910682 1.1260536 0.8555887 1.0230161
[6815, 0.5556545, 0.9905175, 6.336261, 0.5852269] 2.5198107 1.2400558 1.0924296 0.85663885
[6816, 0.47957975, 1.0410898, 5.012834, 0.5694341] 2.8910327 1.0571892 0.87451303 0.91765267
[6817, 0.47215843, 1.0600077, 6.092363, 0.2512974] 2.9766293 1.0856049 0.81394506 0.97270405
[6818, 0.42121613, 1.0855148, 4.385247, 0.43346906] 3.1553504 0.98091865 0.85528415 0.9434268
[6819, 0.4856568, 1.0459231, 5.073836, 0.49765295] 2.7644856 1.2313312 1.0786384 0.86992633
[6820, 0.4713406, 1.0383679, 4.6553416, 0.6798181] 3.131546 1.0446758 0.8237469 0.876471
[6821, 0.3601723, 1.095558, 4.5664773, 0.37636298] 2.8634112 1.2248334 1.1520344 0.9085902
[6822, 0.41260475, 1.089738, 4.9755683, 0.3447436] 2.800897 1.1435307 1.0321294 0.9152912
[6823, 0.5025649, 1.0239844, 5.037493, 0.47339374] 3.005194 1.1680002 1.0508189 1.0212971
[6824, 0.5323727, 1.0108558, 4.9269834, 0.5014662] 2.6737103 1.0494418 1.0245056 0.8327626
[6825, 0.5274705, 0.99542636, 5.1982083, 0.59096056] 2.5682118 1.1358014 0.950617 0.8450681
[6826, 0.48910576, 1.0343602, 4.1226296, 0.60782164] 2.8201554 1.1949651 1.0746099 0.9725201
[6827, 0.5816959, 0.96852857, 6.7594833, 0.36184046] 2.6581075 1.1832021 0.94536996 1.0500078
[6828, 0.4814772, 1.0407637, 5.9341836, 0.61695683] 2.7752533 1.1896659 0.89273465 1.0518523
[6829, 0.51653767, 1.0232787, 5.303503, 0.48852912] 2.998398 1.0165862 0.9678542 0.9531981
[6830, 0.46646976, 1.0572699, 4.337882, 0.78924465] 3.0429194 1.0516984 0.968696 1.0343107
[6831, 0.6238656, 0.9235636, 5.445284, 0.30498135] 3.0405078 1.0564996 0.8958078 0.7681627
[6832, 0.49481243, 1.0154189, 7.697467, 0.22469042] 2.6304655 1.2403777 0.9908894 1.0394298
[6833, 0.43567848, 1.0627797, 5.9663086, 0.3751547] 2.7190392 1.110816 0.9315551 1.011507
[6834, 0.48237258, 1.0402066, 5.0149755, 0.3306617] 2.8924043 1.190372 0.86762595 1.1412153
[6835, 0.53717995, 0.9686185, 4.9735866, 0.29093125] 2.466815 1.2021519 1.0262804 0.91523194
[6836, 0.48522985, 1.0568252, 5.385023, 0.5276916] 2.7714012 1.1661172 0.8684801 0.96002245
[6837, 0.5066636, 1.0344095, 5.476194, 0.59127384] 2.923342 1.1261959 0.9960634 0.67268676
[6838, 0.43465033, 1.0505263, 4.7615757, 0.45250672] 2.691804 1.1822987 1.017077 1.0154696
[6839, 0.4005012, 1.0580249, 6.004061, 0.33438957] 2.6438046 1.3161232 0.96997166 0.87028706
[6840, 0.50359, 1.0383629, 6.0132504, 0.34759334] 2.7704287 1.2667445 1.018436 0.9673152
[6841, 0.3165776, 1.132661, 6.2090893, 0.42050093] 2.802746 1.1331121 0.89255893 0.9279372
[6842, 0.4730423, 1.0310163, 5.684801, 0.40415505] 2.5753798 1.1065309 0.93980336 0.8734902
[6843, 0.44257638, 1.067512, 4.8100514, 0.3904647] 3.0502336 1.0550722 0.8926003 0.96697843
[6844, 0.60249805, 0.96215785, 5.1093674, 0.46049997] 2.966451 1.1103157 0.9109494 0.7538851
[6845, 0.5125875, 1.016424, 5.5318637, 0.23620933] 2.698328 1.0738705 0.95157725 1.060529
[6846, 0.5327769, 1.0175297, 4.940277, 0.6926375] 2.593776 1.2974713 0.99301463 1.0558411
[6847, 0.5095518, 1.0360923, 5.1745405, 0.46639854] 2.9341457 1.1821642 1.0485065 0.920559
[6848, 0.6034056, 0.9251589, 6.9150925, 0.39817104] 2.5866923 1.0610306 1.0443155 0.9250791
[6849, 0.47207075, 1.0607601, 5.2253375, 0.36056727] 2.8931928 1.1180992 0.88893133 1.162988
[6850, 0.5422374, 1.004559, 7.0128922, 0.29031608] 2.954389 1.033098 0.9218114 0.9087205
[6851, 0.580225, 0.9571655, 5.8053513, 0.38151798] 2.551592 1.2612852 0.9739065 0.8021728
[6852, 0.4145861, 1.0751795, 4.7414694, 0.56218886] 2.8916593 1.0446149 0.9338526 1.0496482
[6853, 0.4726269, 1.0386233, 5.577541, 0.47690237] 2.9131377 1.2506809 0.7882455 0.8204637
[6854, 0.50878835, 1.0104144, 6.1387115, 0.59133095] 2.8800142 1.099472 0.89198554 0.8312188
[6855, 0.4814357, 1.0235184, 4.8922334, 0.32926598] 2.6732323 1.2508893 1.0159698 0.98012227
[6856, 0.4380335, 1.0557841, 5.8667917, 0.25454515] 2.8605316 1.2089363 0.9667396 0.8972859
[6857, 0.48649746, 1.0289431, 5.7868643, 0.23164141] 2.9337046 1.2117071 0.9866152 0.74339575
[6858, 0.48988944, 1.0357876, 4.942721, 0.75612235] 2.5887752 1.2412453 0.9112854 0.7894488
[6859, 0.4643174, 1.0629348, 3.6488206, 0.61908156] 3.182038 1.1828238 0.8402341 0.92066747
[6860, 0.5236154, 1.0121998, 6.076782, 0.2984545] 2.609959 1.1515979 0.9011803 1.0684687
[6861, 0.51835006, 0.9907369, 5.7740483, 0.38581082] 2.5208056 1.0676159 0.9775866 0.9215742
[6862, 0.4954847, 1.0323383, 6.5404525, 0.24109098] 2.9365013 1.0675144 0.9808125 0.83474153
[6863, 0.6233765, 0.94180477, 5.6023383, 0.25082552] 2.9273958 1.1196848 0.7247734 0.8067352
[6864, 0.5517843, 0.9970477, 5.7558985, 0.36720836] 2.9489303 1.0550988 1.0383916 0.66952145
[6865, 0.4896644, 1.0627398, 5.3895664, 0.47268528] 2.7946236 1.1969144 0.9545737 1.0473121
[6866, 0.44067937, 1.086875, 3.0478442, 0.94605803] 3.1211464 1.2860488 0.8153563 0.97942257
[6867, 0.47976956, 1.0529159, 5.7902045, 0.39818746] 2.7298477 1.1415347 0.9912892 0.97690517
[6868, 0.4721115, 1.0666285, 5.6354947, 0.3348841] 3.1490853 1.0364767 0.8272371 0.886407
[6869, 0.59857756, 0.9353628, 6.4013996, 0.17983834] 2.426401 1.0868642 1.0992662 1.02851
[6870, 0.4731461, 1.0503683, 5.140334, 0.38335273] 2.9949007 1.1996573 1.0383062 0.8190179
[6871, 0.46719882, 1.0473253, 4.868989, 0.25410482] 3.0799718 0.8940275 0.92049813 0.97327656
[6872, 0.4853178, 1.0371884, 5.158074, 0.38963625] 2.8795218 1.1780173 0.9832469 0.9288182
[6873, 0.5767293, 0.99374294, 3.8070767, 0.75578284] 3.2297378 1.1356652 0.97471154 0.9334238
[6874, 0.5143868, 1.0248466, 6.2816167, 0.5349979] 2.4723032 1.2580582 0.9902372 0.9355833
[6875, 0.5270701, 1.0059233, 5.6414948, 0.32827136] 2.6329453 1.1275759 1.0244981 1.0692496
[6876, 0.4932941, 1.0080523, 6.464685, 0.22292052] 2.7007387 1.1017878 0.98228735 1.0603207
[6877, 0.43622452, 1.0597312, 5.626515, 0.3878388] 2.7897148 1.1427565 0.9264164 0.94630235
[6878, 0.5294713, 1.027401, 6.076492, 0.47058678] 2.6746693 1.2590353 1.0455317 0.9692885
[6879, 0.4665417, 1.0518507, 4.850906, 0.6377364] 2.802529 1.2770665 0.82433194 0.7967785
[6880, 0.46292552, 1.0231973, 6.1126723, 0.26642123] 2.6607008 1.1519051 0.93092346 1.0043427
[6881, 0.5931966, 0.9376737, 6.4262767, 0.38642913] 2.3819542 1.2749691 0.95179135 1.0384141
[6882, 0.47255287, 1.0299443, 5.793277, 0.39454556] 2.5180027 1.1421142 0.9556104 0.9916761
[6883, 0.52244145, 0.9943206, 6.324387, 0.43475765] 2.6459742 1.04424 0.8214542 0.9615997
[6884, 0.5292894, 1.020812, 6.144468, 0.53078485] 2.608639 1.248527 1.0997652 0.7421534
[6885, 0.5238825, 1.0204353, 4.808464, 0.7370228] 2.9782462 1.1526321 0.9710298 0.95358014
[6886, 0.54624486, 0.9846105, 5.42448, 0.32013628] 2.8614147 1.1976295 0.9333579 0.95769435
[6887, 0.525094, 0.9974635, 6.1532984, 0.3765226] 2.763185 1.0636792 0.9462427 1.0047715
[6888, 0.46982902, 1.0474224, 5.208514, 0.32672378] 3.0669384 1.0383397 0.928284 1.0450338
[6889, 0.45228827, 1.08222, 4.886563, 0.6762046] 2.9829977 1.2695321 0.9072142 0.94180053
[6890, 0.5079182, 1.0392454, 5.079838, 0.549773] 2.876748 1.107978 1.0434012 0.98940897
[6891, 0.3801683, 1.1076009, 4.5653844, 0.47084075] 3.0468278 1.1446037 0.8830648 0.8495388
[6892, 0.4201533, 1.0949153, 4.776975, 0.45546597] 3.1116867 0.9818004 0.85089964 0.966873
[6893, 0.49062464, 1.0484254, 3.820485, 0.7925565] 3.0882747 1.178087 0.9843417 0.84460706
[6894, 0.5348813, 1.0107573, 5.8157845, 0.49898458] 2.7445784 1.1536001 0.89938515 0.758415
[6895, 0.5482698, 0.98694915, 4.451576, 0.6245056] 2.8147569 1.2322769 1.0053791 0.84761435
[6896, 0.4030222, 1.1056337, 3.7070913, 0.86170155] 2.9852896 1.155269 1.01876 0.8860801
[6897, 0.4165047, 1.0879791, 6.082969, 0.43874732] 2.8857956 1.219273 0.86748654 0.9683511
[6898, 0.578335, 0.9712745, 3.0303323, 0.89226294] 3.077843 1.0841768 0.980252 1.0924802
[6899, 0.41938964, 1.0655544, 5.5354123, 0.20382826] 2.8759594 1.151392 0.93357587 0.95976704
[6900, 0.54024947, 0.99995464, 5.527066, 0.55532986] 2.8623087 1.1309286 0.9139458 0.7816383
[6901, 0.4469174, 1.0749345, 4.174766, 0.4307] 3.077382 1.0811988 0.91820014 0.81014585
[6902, 0.40294686, 1.0637925, 5.2094064, 0.3261171] 2.8462403 1.2154933 0.9509301 0.9602573
[6903, 0.5299422, 0.97627485, 6.3575335, 0.44266486] 2.6363604 1.0303819 0.8994157 0.7549917
[6904, 0.43879205, 1.0806704, 3.8788173, 0.68056285] 2.99684 1.0783032 1.0023491 0.89620906
[6905, 0.5302536, 1.0253536, 4.775041, 0.3918351] 2.992094 1.0691185 1.0584306 0.95812804
[6906, 0.48328862, 1.0327423, 5.4471593, 0.24137732] 2.826738 1.1195878 0.97804415 0.7413743
[6907, 0.5044709, 1.0233209, 5.205183, 0.27464885] 3.1031516 0.97478384 0.88106537 0.8545237
[6908, 0.43476987, 1.0847775, 4.5829186, 0.46807116] 3.0686488 1.0335814 1.0247016 0.8214844
[6909, 0.44440228, 1.0709138, 3.6049192, 0.6617198] 3.0200388 1.2390575 0.814022 0.7658143
[6910, 0.47907573, 1.0384036, 5.217913, 0.32393572] 2.935112 1.2263631 0.8829553 0.97488403
[6911, 0.4681895, 1.0498796, 5.412813, 0.62292844] 2.8654585 1.1113619 0.8696756 0.9406033
[6912, 0.50961167, 1.0083802, 4.813682, 0.21261802] 3.1563528 1.291877 0.8456249 0.796471
[6913, 0.62234294, 0.92067415, 5.03101, 0.46256113] 2.3768 1.1328591 0.9950403 0.9095729
[6914, 0.55474335, 0.99508923, 6.2195415, 0.4040526] 2.697665 1.2343961 0.8871243 0.9775245
[6915, 0.5484337, 0.98759496, 4.9660735, 0.4396528] 2.6144488 1.1290183 1.0333365 0.9289037
[6916, 0.5478332, 1.0077826, 4.5150213, 0.4708194] 2.9800017 1.2999113 0.950282 0.7729022
[6917, 0.6207508, 0.91757137, 5.827332, 0.45977628] 2.746224 1.1930335 0.8100326 0.904664
[6918, 0.58071566, 0.94283086, 6.940962, 0.25341073] 2.5879846 1.1326536 0.9868114 0.86626697
[6919, 0.610162, 0.92338467, 7.221909, 0.40845528] 2.455428 1.1168289 1.0487363 1.1254311
[6920, 0.46086088, 1.0630598, 4.247772, 0.6733973] 3.0632432 1.0307288 1.0841144 0.93066514
[6921, 0.48907283, 1.0477061, 5.1374493, 0.42280197] 2.9743252 1.1924398 1.0311577 0.7733381
[6922, 0.44994232, 1.0614381, 5.901361, 0.52175707] 2.6957812 1.158011 0.9278496 0.93933165
[6923, 0.571864, 0.9612464, 4.6602983, 0.58912534] 2.80195 1.2213315 0.92506397 0.8516327
[6924, 0.41294295, 1.0706999, 3.4862611, 0.6336246] 3.013815 1.1296098 0.9494492 0.9501602
[6925, 0.49155185, 1.0358394, 4.529476, 0.50833464] 2.7910016 1.0269117 1.0455976 0.96020406
[6926, 0.46047422, 1.0600039, 4.467887, 0.3865937] 3.0081863 1.1170113 0.91748095 0.7640757
[6927, 0.5426707, 1.0060791, 5.306896, 0.47977188] 2.7524874 1.417122 0.97725403 0.76760066
[6928, 0.5315588, 0.9988494, 3.768188, 0.6433292] 3.0615063 1.0928644 0.94071484 0.8482332
[6929, 0.5161427, 1.0318142, 3.9076412, 0.59506273] 3.1004522 1.2178879 1.0116115 0.79200786
[6930, 0.5250535, 1.0066088, 7.395692, 0.34461358] 2.586174 1.2945346 0.9499434 0.82286906
[6931, 0.4984292, 1.0298241, 4.726138, 0.42268246] 2.9415605 1.0513426 0.90015984 0.93841416
[6932, 0.4820495, 1.044865, 3.8094203, 0.543907] 3.0502021 1.1831297 0.88898945 1.0997415
[6933, 0.48719105, 1.0215784, 5.9262443, 0.23257446] 2.7177098 1.142131 1.0393356 0.9350788
[6934, 0.39035863, 1.087901, 4.0816364, 0.5962046] 3.116524 1.0152004 0.8930152 1.0638801
[6935, 0.6366356, 0.87611127, 4.444881, 0.9258542] 2.6451416 1.0779033 0.8872808 0.8151131
[6936, 0.5345603, 0.98320985, 5.940166, 0.25138962] 2.8533394 1.2139877 0.81644183 1.0081391
[6937, 0.41475493, 1.0886798, 4.082887, 0.9353027] 2.726043 1.2008547 0.989222 0.9862897
[6938, 0.51986957, 1.0093031, 5.1965375, 0.38320002] 2.8886497 1.1374496 0.9466144 0.7991723
[6939, 0.53672326, 1.0038381, 6.200582, 0.40143093] 2.867082 1.1170315 1.0063472 0.92803323
[6940, 0.49844402, 1.0106409, 4.2309813, 0.5077249] 2.9475555 1.2629905 0.9860535 0.91061896
[6941, 0.4713254, 1.065299, 4.6783633, 0.5978947] 3.0069401 1.0031422 1.0219486 0.8908672
[6942, 0.51053536, 1.0110084, 5.0832286, 0.77028996] 2.5417237 1.168944 0.8710791 1.0760636
[6943, 0.53677565, 1.0090535, 5.370748, 0.4114693] 2.7856643 0.9933202 0.93138045 0.9259412
[6944, 0.4641423, 1.0514603, 4.492418, 0.66123426] 2.8026786 1.1207743 1.0511489 0.88201994
[6945, 0.5385761, 1.0065371, 5.057052, 0.5066013] 2.6956654 1.2337234 0.8789739 0.941799
[6946, 0.52668124, 1.0058414, 4.996724, 0.56680316] 2.6002223 0.9732737 1.0572456 1.0778196
[6947, 0.5147698, 1.0426072, 3.5210526, 0.5761478] 3.1298747 1.2377106 0.9282331 0.83436006
[6948, 0.5492958, 0.9997321, 4.3333893, 0.6068332] 2.893844 0.9726675 1.1739384 1.1398666
[6949, 0.51083314, 1.0289601, 4.508998, 0.4229586] 3.1794415 1.1568189 0.9437701 0.59436494
[6950, 0.60036606, 0.9351945, 5.595001, 0.4432453] 2.8312085 1.0459218 0.97851723 0.8349188
[6951, 0.46679658, 1.0474334, 4.6419444, 0.45583504] 2.7272682 1.3057288 0.98773974 0.9868291
[6952, 0.46688834, 1.0499431, 5.7394543, 0.47691163] 2.9366496 0.9215119 0.87238973 1.1477249
[6953, 0.39622352, 1.1062711, 4.0484953, 0.47117668] 3.1214092 1.1896583 0.97814554 0.9037829
[6954, 0.53261006, 1.0162416, 4.512203, 0.56859934] 2.9339592 1.1747459 0.9519661 0.8215259
[6955, 0.45065227, 1.0804781, 3.6526258, 0.8630042] 3.2421 1.1444772 0.89859736 0.8667396
[6956, 0.48909256, 1.0471876, 5.18009, 0.38470292] 2.6949806 1.2470462 1.111122 1.1768373
[6957, 0.49727687, 1.0164282, 3.8590713, 0.56216264] 3.261719 0.9110105 1.0520635 0.79743683
[6958, 0.4919114, 1.037194, 5.883352, 0.6701155] 2.8462713 1.1104559 0.85485685 0.87280756
[6959, 0.58121705, 0.96371275, 5.67278, 0.5797843] 2.6135967 1.1367314 0.92533165 0.93012774
[6960, 0.6152256, 0.9191799, 6.8927417, 0.19542073] 2.6940062 1.1184113 1.109776 0.7554518
[6961, 0.6018604, 0.9658625, 4.6750407, 0.79360956] 2.9725637 1.1545615 0.8515832 0.86747503
[6962, 0.52212524, 1.0158247, 3.2000124, 0.8865477] 3.251949 1.1324282 0.96260107 0.8990376
[6963, 0.64817995, 0.91946924, 4.226057, 0.466199] 2.985931 1.2690866 0.96181965 0.88524985
[6964, 0.56656605, 0.96600235, 6.4184804, 0.25640315] 2.7178516 1.2108877 0.88826525 1.0869223
[6965, 0.52690506, 0.9893738, 5.5750074, 0.33745223] 2.7525852 1.1224178 1.0155447 0.8847448
[6966, 0.49617717, 1.0404305, 3.3359947, 0.7111495] 3.0755754 1.1916994 0.99512774 0.95762223
[6967, 0.5176473, 1.019239, 4.88867, 0.44764504] 2.6340537 1.0735927 0.9219874 1.0961658
[6968, 0.52203465, 0.9887981, 6.856057, 0.25542766] 2.783684 1.2254683 0.9559337 0.7311023
[6969, 0.55057824, 0.9715583, 6.4819403, 0.2011934] 2.7228568 0.9111225 0.99057966 0.916787
[6970, 0.54243404, 0.9901051, 5.589525, 0.39281288] 2.4947536 1.1197488 1.0147071 1.0952059
[6971, 0.46962723, 1.062727, 3.9551537, 0.6083325] 3.0132122 0.9575237 1.132862 1.1089525
[6972, 0.3068927, 1.1459117, 4.5030284, 0.6387995] 2.8424792 0.9974388 1.092002 1.19147
[6973, 0.51939344, 1.0133474, 5.5137424, 0.39421248] 2.8191953 1.2048162 0.8907817 0.8913912
[6974, 0.42041585, 1.077288, 6.17299, 0.5098888] 2.7887034 1.0914792 0.9225314 1.0056943
[6975, 0.525435, 0.9776562, 5.40212, 0.78325874] 2.392731 1.0848892 0.96823186 1.0367973
[6976, 0.521616, 1.0201355, 4.649401, 0.49744835] 3.102592 1.0289422 0.972238 0.9320011
[6977, 0.6114636, 0.936593, 5.0017343, 0.917507] 2.3977976 1.1510458 0.8862916 1.1009529
[6978, 0.42351338, 1.0697067, 4.5399685, 0.37971258] 2.8668718 1.2776858 0.9565576 0.9695359
[6979, 0.5223903, 1.0222926, 6.0474086, 0.6016625] 2.5970404 1.3129871 0.9497882 1.1560472
[6980, 0.62128043, 0.91807824, 5.8204246, 0.3238429] 2.8073313 1.2042977 0.8795993 0.8730282
[6981, 0.5398247, 0.9906574, 6.1638293, 0.29295394] 2.7258997 1.2657082 0.9270416 0.8927314
[6982, 0.4507765, 1.0423198, 6.5057626, 0.23404764] 2.6459277 1.1779919 0.85002875 0.9369431
[6983, 0.54676217, 0.9777876, 6.902498, 0.5495456] 2.503393 1.30903 0.9679853 0.8214869
[6984, 0.42291194, 1.0775748, 5.8007627, 0.45366517] 2.8177338 0.99112797 0.8958613 0.94151616
[6985, 0.5565509, 0.98461556, 4.392753, 0.65501994] 2.83276 1.1103572 0.99462247 1.1492028
[6986, 0.49610153, 1.0312682, 4.7280445, 0.38948786] 2.879682 1.2277739 0.8188303 0.8831048
[6987, 0.48272377, 1.0213876, 5.397503, 0.58139825] 2.6436715 1.1349994 0.9366068 0.8718397
[6988, 0.49240085, 1.0333531, 4.669363, 0.564161] 3.0402439 1.0588514 0.86244833 0.8401303
[6989, 0.48804536, 1.0364615, 7.1301036, 0.26028058] 2.8281345 0.9493374 0.98213243 0.8821971
[6990, 0.46610704, 1.0666312, 3.2010837, 0.97745] 3.087039 1.0591611 1.1023287 1.0016905
[6991, 0.52236515, 1.0283554, 3.4414089, 0.78691405] 3.3670335 1.1651179 0.81994814 0.77124536
[6992, 0.47954947, 1.0598822, 6.9534044, 0.4528991] 2.8369217 1.1956272 1.062608 0.88582975
[6993, 0.5064637, 1.0243107, 4.239404, 0.48380497] 3.097133 1.1209725 0.97064495 0.8156736
[6994, 0.49077073, 1.0477262, 4.9537387, 0.6540226] 2.8066037 1.1062818 0.91358364 1.0468656
[6995, 0.474633, 1.0447294, 4.9135714, 0.34169188] 2.9490232 1.114083 0.92347616 0.96444285
[6996, 0.49169174, 1.0593915, 4.128892, 0.49637103] 2.8620787 0.98717827 0.96918285 1.0066832
[6997, 0.42361328, 1.079322, 4.8926506, 0.49705443] 2.6568851 1.0217624 0.92589617 1.1484816
[6998, 0.537305, 0.99951583, 6.8321447, 0.38563854] 2.8959002 0.99964684 0.85569 0.8620383
[6999, 0.5908965, 0.9340268, 7.7746553, 0.24156691] 2.7431762 0.9291536 0.8871977 0.8964972
[7000, 0.5586893, 0.9786388, 2.7742202, 0.98296195] 3.1513133 1.1149012 0.8845994 1.1068087
[7001, 0.6166438, 0.93405247, 4.969319, 0.55756736] 2.8564055 1.2468127 1.0407816 0.58609366
[7002, 0.5133561, 1.0325606, 6.0889544, 0.43195525] 2.7186673 1.2795002 0.954516 0.97842366
[7003, 0.56221807, 0.93978536, 7.362862, 0.29371262] 2.3356717 1.2484505 0.93899685 0.9612893
[7004, 0.49559927, 1.0114079, 5.9915524, 0.28117073] 2.5017843 1.1698384 1.1566707 0.9057523
[7005, 0.43878233, 1.0583305, 5.022814, 0.47052202] 2.8707943 1.1598413 0.8526887 1.0119541
[7006, 0.5024796, 0.9973616, 5.499739, 0.47091338] 2.4051807 1.0265582 0.97685933 0.9651947
[7007, 0.5924219, 0.95727056, 5.5630584, 0.3168784] 2.9481692 1.117738 0.82060987 0.6358036
[7008, 0.46418393, 1.0553075, 5.077217, 0.39139125] 2.9082901 1.2315797 0.9032766 0.9071691
[7009, 0.3988212, 1.099393, 5.1174564, 0.39293304] 2.9480135 1.0028198 0.8732268 0.9229232
[7010, 0.48723295, 1.0458319, 7.9545712, 0.35395268] 2.80302 0.94423866 0.94900113 0.94800985
[7011, 0.63418585, 0.8947311, 6.008677, 0.5169322] 2.6185274 1.1082653 1.014529 0.77417177
[7012, 0.5218295, 1.0012542, 7.8795843, 0.26627815] 2.4329305 1.2874737 0.9701761 1.1471684
[7013, 0.6152202, 0.9500079, 3.7247543, 0.5398912] 3.2273946 1.2159572 0.8593211 0.6669652
[7014, 0.48212925, 1.0598054, 3.47486, 0.6210418] 3.2976236 1.0995352 0.9734201 0.8470777
[7015, 0.519607, 1.0166758, 5.329765, 0.36258313] 2.8545187 1.0672257 1.0018803 0.97695607
[7016, 0.4640566, 1.0521653, 3.8373747, 0.57309616] 2.9674249 1.0258206 1.0106229 1.0542494
[7017, 0.50989324, 1.03274, 4.8498554, 0.6400079] 2.8619218 1.2483604 1.0623828 0.8267685
[7018, 0.5283436, 0.9994625, 4.620413, 0.5000153] 2.6609 1.2665392 1.0253009 0.8775587
[7019, 0.40812743, 1.0816015, 4.728075, 0.79050875] 2.864128 1.0315062 0.9670606 0.9441469
[7020, 0.51657075, 1.0455397, 5.034191, 0.84394604] 3.0551975 1.1956792 0.9117419 0.6937009
[7021, 0.4553682, 1.046773, 5.745568, 0.35401496] 2.5912988 1.170178 0.91491956 1.0003438
[7022, 0.48579487, 1.0431751, 5.32154, 0.26330754] 2.8615584 1.0850698 0.8740076 0.93576986
[7023, 0.47101274, 1.0495186, 5.069111, 0.45163044] 3.009988 1.0744704 0.91493315 0.89746565
[7024, 0.5643035, 0.96563435, 6.1393375, 0.2882633] 2.7381642 1.1029724 0.8489473 0.9788744
[7025, 0.4664162, 1.0592984, 5.8795266, 0.2596303] 2.762136 1.1428652 1.1053941 0.9968233
[7026, 0.51295924, 1.0120615, 5.3348055, 0.33437404] 2.8900084 1.0911969 0.9249917 0.9901654
[7027, 0.5364372, 1.0191458, 5.682326, 0.4224129] 2.7848125 1.089597 0.9905822 1.0840313
[7028, 0.48246828, 1.0092956, 6.2150183, 0.3427069] 2.4978294 1.2065107 1.007802 0.94164455
[7029, 0.5310807, 1.0229421, 5.530746, 0.5950273] 2.9234939 0.9785004 0.93914086 0.9643825
[7030, 0.5832666, 0.96797746, 4.8034034, 0.43783987] 2.9142153 1.1145915 0.8516111 0.9739918
[7031, 0.59002733, 0.9609467, 6.100275, 0.80519956] 2.7629747 1.1207583 1.0717074 0.8779341
[7032, 0.5194294, 0.996208, 4.9471345, 0.40034077] 2.7808201 1.164173 0.8436132 0.691692
[7033, 0.570274, 0.9900201, 5.1422677, 0.6032377] 2.7435155 1.0544689 1.0102018 1.1659857
[7034, 0.45435232, 1.0783687, 5.1025987, 0.5849769] 2.974062 1.1046957 0.886604 0.8385914
[7035, 0.47365752, 1.0561093, 2.4462082, 0.96744883] 3.4724195 1.0662864 0.92703253 0.8725438
[7036, 0.32640302, 1.1402236, 5.2830524, 0.63044995] 2.7579389 1.0452644 1.0691319 1.0292803
[7037, 0.56290805, 0.9601944, 6.0630436, 0.44318327] 2.4049315 1.2418101 0.8384817 0.9667507
[7038, 0.43644652, 1.070982, 4.883837, 0.5834228] 2.8669517 1.1382276 0.8365353 0.90235597
[7039, 0.31258938, 1.1287099, 3.009296, 0.890587] 3.097492 1.16747 0.9692036 0.990408
[7040, 0.44099596, 1.0737561, 4.054042, 0.6648266] 2.9058175 1.2107079 0.9831438 1.0590079
[7041, 0.45848933, 1.047869, 6.7496724, 0.20732598] 2.817259 1.1613117 0.8800066 0.7452426
[7042, 0.5233438, 0.9912678, 5.500511, 0.5614542] 2.566674 1.1614318 0.9331165 0.87724143
[7043, 0.59608334, 0.91759217, 6.8150434, 0.19920456] 2.6584697 1.2630687 0.8423008 0.870057
[7044, 0.46034947, 1.0580869, 3.3080838, 0.66805965] 3.1496813 1.2256023 0.8814165 0.91568923
[7045, 0.517402, 1.0467256, 5.0013533, 0.55871654] 2.9368768 1.0477476 0.8941775 1.0147274
[7046, 0.4929711, 1.0245284, 4.575734, 0.6060544] 2.849228 1.1331929 0.9322262 0.81385
[7047, 0.5486587, 0.978449, 4.7332435, 0.2709811] 2.9371362 1.2343439 0.82208854 1.002783
[7048, 0.5582242, 0.976301, 6.4665856, 0.416829] 2.7472336 1.1392008 0.935093 0.9207254
[7049, 0.5104422, 1.0313736, 4.1791677, 0.3836175] 3.0729449 1.0704368 0.98640937 0.73937553
[7050, 0.46711016, 1.0735192, 3.0380847, 0.9361688] 3.3589313 1.1374394 0.9035765 0.7334873
[7051, 0.6224383, 0.91180015, 5.1098056, 0.47741592] 2.6421266 0.9844751 1.0705712 1.0062517
[7052, 0.49379018, 1.0320959, 3.5486174, 0.7178315] 3.2909849 1.0841986 0.9701979 0.83618456
[7053, 0.49862346, 1.0304863, 5.732472, 0.30854368] 2.8940914 1.1560624 0.85792005 0.863438
[7054, 0.51244223, 1.0397162, 5.875498, 0.35490167] 2.9716756 1.1827691 0.84804296 0.7922096
[7055, 0.43085998, 1.0741521, 4.421045, 0.43012512] 3.1308088 0.9931704 1.0185633 1.0687668
[7056, 0.69500065, 0.83945644, 5.7233, 0.30229366] 2.839655 1.2249482 0.90929526 0.649656
[7057, 0.51220775, 1.0251424, 4.959408, 0.98374] 2.8105829 1.1429279 0.86790735 0.978098
[7058, 0.46403173, 1.0307637, 5.2116556, 0.47631606] 2.6873255 1.1395106 0.9136299 0.8810856
[7059, 0.4406537, 1.0725136, 4.8924336, 0.6794095] 2.841531 0.9668713 0.9302145 1.0691626
[7060, 0.4745374, 1.055998, 4.9936147, 0.61509216] 2.875105 1.2555784 0.9004325 0.8261767
[7061, 0.5480591, 0.99283785, 5.5178947, 0.35493633] 3.0075488 1.1312946 0.9260743 0.6923751
[7062, 0.4620328, 1.0821401, 5.5704503, 0.54582775] 2.8684304 1.0557203 0.95378065 0.99804384
[7063, 0.4753674, 1.0572047, 5.0822363, 0.534127] 2.9796836 1.1988583 1.0313094 0.8429506
[7064, 0.5219052, 1.0070717, 5.9391265, 0.34250814] 2.8760366 1.1604855 0.95776385 0.8020516
[7065, 0.6276999, 0.91611415, 4.933441, 0.39564535] 2.913532 1.125995 0.9858417 0.9882773
[7066, 0.52860856, 1.0091302, 5.4094477, 0.30333784] 2.961507 1.1459292 0.91225266 0.89026517
[7067, 0.52424186, 1.0036572, 6.160179, 0.26672038] 2.5607753 1.2945482 0.86866814 0.99633545
[7068, 0.5636015, 0.9699812, 6.1361685, 0.440716] 2.3903642 1.2208674 1.1027986 1.0931308
[7069, 0.57190543, 0.95790666, 6.7431664, 0.21185875] 2.8076332 1.061906 0.980528 1.0498074
[7070, 0.53141063, 1.0236809, 4.022473, 0.65671164] 3.217013 1.1687468 0.880663 0.72307295
[7071, 0.5109216, 1.053134, 3.4887335, 0.8797439] 3.2100172 1.0453491 0.9607902 0.75259435
[7072, 0.62963665, 0.86157453, 6.393786, 0.27231944] 2.0529244 1.2036692 0.9639138 0.9853341
[7073, 0.5874377, 0.9370446, 5.170079, 0.72917163] 2.3546503 1.1817853 0.9175278 0.96671456
[7074, 0.38026914, 1.0682485, 5.9207892, 0.3911645] 2.4306724 1.2133588 0.9717134 1.0980046
[7075, 0.5421472, 0.99972457, 5.72365, 0.5559627] 2.801946 1.0711087 0.8574926 0.91181177
[7076, 0.5124557, 1.0243807, 6.2754035, 0.3630683] 2.5294328 1.36732 1.0014077 1.1278989
[7077, 0.4811856, 1.0412087, 4.312192, 0.42207813] 3.0387008 1.1917953 0.9442511 0.901074
[7078, 0.6184959, 0.90762115, 7.1783957, 0.23405749] 2.4214377 1.0574812 0.90779966 0.9156065
[7079, 0.57840884, 0.9547171, 5.814628, 0.28039795] 2.6669202 1.2282299 0.79975307 0.8540013
[7080, 0.47143385, 1.0767015, 5.141047, 0.91686785] 2.7535818 1.0995022 1.010457 0.9913628
[7081, 0.5266325, 1.0220388, 4.1643176, 0.8017956] 3.0042117 1.2196052 0.84599036 1.159988
[7082, 0.49570185, 1.0266623, 5.6302357, 0.5295691] 2.5296793 1.1733836 1.0159177 0.9212642
[7083, 0.46073562, 1.0542525, 5.259717, 0.48973632] 2.656876 1.1136416 1.0760169 0.84945244
[7084, 0.5535918, 0.9925664, 6.231525, 0.36846405] 2.4908388 1.2567683 0.99040693 1.0947374
[7085, 0.44626853, 1.0743158, 3.7806528, 0.60909396] 3.183551 1.1393555 0.98847777 0.9391642
[7086, 0.4633574, 1.0656024, 3.5922403, 0.8669813] 3.0047812 1.1753684 1.0836148 0.78519535
[7087, 0.4364102, 1.081315, 4.6442766, 0.51376736] 2.8339653 1.1889347 1.0319239 1.0332243
[7088, 0.48241726, 1.0160878, 5.970606, 0.2787001] 2.636064 1.0228468 0.962259 1.1767894
[7089, 0.4672728, 1.050376, 5.275664, 0.35585847] 2.590351 1.3324447 1.0644974 0.9055554
[7090, 0.51232576, 1.0153233, 5.7950606, 0.3169908] 2.6900167 1.1324948 0.96731305 1.0795194
[7091, 0.45917535, 1.056616, 4.7747836, 0.38695702] 2.9310575 1.1852559 0.9968464 0.9131311
[7092, 0.6676883, 0.8543832, 5.358082, 0.45107144] 2.4044137 1.0555185 0.7801786 0.95029944
[7093, 0.58550066, 0.95472956, 6.1656466, 0.25501072] 2.6276875 1.263694 0.8897743 0.8282384
[7094, 0.5433528, 0.9867516, 6.7003355, 0.18993747] 2.7094657 1.216871 0.8271209 0.9525891
[7095, 0.54395896, 0.99993557, 5.724133, 0.3028922] 2.919069 1.0222977 0.9379674 0.9214279
[7096, 0.4810916, 1.0391707, 5.8000016, 0.4179946] 2.860294 1.1927493 0.97640204 0.8025093
[7097, 0.48965862, 1.0347985, 6.614077, 0.4707904] 2.6736035 1.3147701 1.061388 0.76923203
[7098, 0.6148519, 0.929142, 6.334281, 0.31175578] 2.8365803 1.0104154 0.91199887 0.9381218
[7099, 0.4392045, 1.0669202, 5.581666, 0.62491536] 2.760991 1.1205692 0.84961975 0.9512482
[7100, 0.53768253, 0.9932255, 7.2136245, 0.23877046] 2.9826655 1.2120163 0.83365434 0.75819993
[7101, 0.47665358, 1.0408493, 6.2150726, 0.38731635] 2.4901628 1.2648207 1.0821046 0.9086358
[7102, 0.41244918, 1.0735003, 6.097911, 0.3340199] 2.7421982 1.154042 0.98499936 0.8663537
[7103, 0.48211038, 1.0372902, 4.809878, 0.65945184] 2.7847245 1.0198655 1.0702742 1.0358629
[7104, 0.53050184, 0.9869696, 4.6578197, 0.37659115] 2.9347153 1.1264563 1.095992 0.6863182
[7105, 0.37860018, 1.1322033, 2.3196692, 0.9997048] 3.537054 1.1012949 0.8417474 0.8112681
[7106, 0.5328421, 0.9930913, 5.8683486, 0.42344195] 2.8001294 1.0282577 0.85248077 0.90201
[7107, 0.54189956, 0.9977352, 3.6713126, 0.41823804] 3.0454416 1.1587915 1.0828077 0.99120605
[7108, 0.46924785, 1.0335528, 5.295907, 0.2985684] 2.9773936 1.060385 0.89607865 0.90946376
[7109, 0.5215186, 1.0000005, 6.1737876, 0.467206] 2.5856254 1.1440837 0.8603942 0.9376975
[7110, 0.5011932, 1.0463738, 4.372498, 0.5974633] 2.9121823 1.1483238 1.0624703 0.9140984
[7111, 0.49511367, 1.0301402, 6.454089, 0.23342486] 2.8831608 1.2523874 0.85912865 0.9543455
[7112, 0.48287493, 1.034562, 6.6989202, 0.21070802] 2.6799803 1.0528293 1.0495274 1.1208421
[7113, 0.521717, 1.0421908, 3.4202185, 0.9171603] 3.0847702 1.1854602 0.84570736 0.91454315
[7114, 0.51276296, 1.0359912, 5.03465, 0.65774345] 2.8037553 1.1463709 0.8039251 0.8986718
[7115, 0.52532685, 1.0126543, 5.6358304, 0.3638248] 2.8328195 1.2379891 0.93870926 0.6943921
[7116, 0.50431406, 1.035929, 3.3838534, 0.71134526] 3.253309 1.2513341 0.8795326 0.83609265
[7117, 0.43227693, 1.0841321, 6.552273, 0.45971748] 2.8285937 1.0720016 1.029995 0.9091215
[7118, 0.44144508, 1.064703, 4.9051523, 0.5160931] 2.8213742 1.1593164 1.0138465 0.89251786
[7119, 0.4085839, 1.0867887, 5.024687, 0.7663224] 2.9195154 1.1053712 0.9095861 0.77926797
[7120, 0.5454441, 0.97618526, 4.870761, 0.49173355] 2.6805744 1.2715243 0.8921462 0.9351855
[7121, 0.5019664, 1.0115949, 6.1949987, 0.20435603] 2.770388 1.1442007 0.8150727 1.0097346
[7122, 0.4991305, 1.0170547, 6.3436556, 0.22036791] 2.6949086 1.157373 1.0254245 0.88016206
[7123, 0.48970795, 1.0406814, 4.6299353, 0.49194077] 2.878379 1.2928383 1.0177519 0.8084524
[7124, 0.4892424, 1.0080872, 5.172282, 0.30450976] 2.6629155 1.140026 0.90892184 0.7988657
[7125, 0.5386848, 1.0004609, 5.7019506, 0.5876464] 2.5207074 1.218374 0.9657791 0.76771337
[7126, 0.4284938, 1.0878674, 3.6815886, 0.75903374] 2.8744278 1.0143793 1.0347799 1.1510707
[7127, 0.39402375, 1.0888969, 5.923399, 0.2702653] 2.84788 1.229324 0.9206885 0.95340306
[7128, 0.4419158, 1.0601785, 5.6894593, 0.87635267] 2.7344644 1.3151325 0.92147285 0.926746
[7129, 0.54054695, 0.98749775, 6.743399, 0.45978555] 2.5770152 1.225642 0.8853811 0.9219765
[7130, 0.5130958, 1.0190892, 6.010149, 0.29033315] 2.5805948 1.2322825 1.0943923 0.8931305
[7131, 0.4485184, 1.0407431, 5.4451227, 0.3203394] 3.109602 1.0234687 0.84185094 0.74644214
[7132, 0.57456666, 0.9774929, 6.7866354, 0.28593758] 2.5822337 1.1717995 1.0167042 1.0644255
[7133, 0.5768767, 0.9642625, 4.358751, 0.6461356] 3.2091548 1.0852888 0.81288224 0.67706937
[7134, 0.5433939, 1.0145978, 3.8618162, 0.6274053] 3.2174475 1.179259 0.87892216 0.5975271
[7135, 0.42847148, 1.0445545, 6.363516, 0.17611861] 2.4865332 1.2739381 1.0811998 1.0267527
[7136, 0.5384401, 1.0051397, 6.138718, 0.44272414] 2.464376 1.3228328 0.9292999 1.0376998
[7137, 0.4887583, 1.0412756, 4.54103, 0.6488439] 2.893207 1.0363775 0.9571388 0.98805845
[7138, 0.56127083, 0.9838964, 5.6679974, 0.36536476] 2.7101178 1.3835903 0.8500008 0.81532115
[7139, 0.5368076, 1.0159323, 4.6493354, 0.38119072] 3.0017645 1.1153234 0.99480385 0.8419298
[7140, 0.5176856, 1.0164218, 4.4021306, 0.56845134] 2.9062665 1.0277462 0.95708835 0.82569313
[7141, 0.5532276, 0.95062643, 6.401939, 0.25825822] 2.4037824 1.2166225 0.9515525 1.0045663
[7142, 0.5588964, 0.97920895, 5.3483505, 0.38837022] 2.49939 1.2867537 0.9256393 1.1831465
[7143, 0.569773, 0.96019566, 5.426233, 0.32396662] 3.0568647 1.0630774 0.72041714 0.7554671
[7144, 0.42799786, 1.0885383, 4.100092, 0.97839135] 2.9803185 1.0255312 0.9581775 1.1405588
[7145, 0.48046124, 1.044033, 4.54324, 0.6829849] 2.986651 1.097455 1.0208359 0.9571509
[7146, 0.54856646, 0.98577833, 4.8045254, 0.48013827] 2.8937857 1.1032065 0.93061656 0.96617436
[7147, 0.5352737, 1.0013424, 5.6509113, 0.45946842] 2.608355 1.2578759 0.90986603 1.0225339
[7148, 0.45457047, 1.0522372, 6.275044, 0.33541936] 2.7768264 1.1044703 0.86590624 1.0068636
[7149, 0.4903597, 1.019524, 4.6379757, 0.6515149] 2.757128 1.2810582 0.98352665 0.7333531
[7150, 0.45543244, 1.0437534, 4.6563244, 0.5026721] 2.8166382 1.1737763 0.9665317 0.9146548
[7151, 0.4506483, 1.0699869, 3.7116287, 0.5092309] 3.2583675 1.0085869 0.89828014 0.84344286
[7152, 0.47626024, 1.033293, 4.2499757, 0.3807716] 3.1972947 1.0205085 0.9376718 0.8605876
[7153, 0.50920486, 1.030638, 4.9460564, 0.65354234] 2.8213596 1.0092704 0.9730028 0.90700036
[7154, 0.5272249, 1.0024215, 3.8682013, 0.47462645] 3.2111888 1.2103809 0.91670114 0.855396
[7155, 0.5028762, 1.0468535, 6.294219, 0.38265696] 2.7159777 1.1549643 0.8979412 1.1120368
[7156, 0.55298334, 0.984649, 4.7026157, 0.63558316] 2.9590256 1.0502723 0.87895954 1.0340261
[7157, 0.49009266, 1.0429723, 4.9773464, 0.40072122] 2.9944236 1.0265287 0.8469642 1.1060226
[7158, 0.49144682, 1.0364962, 3.9383519, 0.92024916] 3.0371149 1.279676 0.98384225 0.8935693
[7159, 0.5768495, 0.94864243, 5.7693467, 0.29969633] 2.5351217 1.3226372 0.9789544 0.7894263
[7160, 0.56863487, 0.9669234, 5.0603833, 0.3427533] 2.8906267 1.0608683 0.9600807 0.84024704
[7161, 0.4055185, 1.1071299, 4.1244183, 0.79862887] 3.0157197 1.2490615 0.8778062 0.86418587
[7162, 0.4557346, 1.0632075, 5.774526, 0.3169656] 2.7656884 1.0606996 0.9951037 0.9594443
[7163, 0.53590703, 0.9981436, 5.711016, 0.46021202] 2.3018746 1.1729106 0.99797815 1.0438826
[7164, 0.47939202, 1.0555692, 4.9340944, 0.45118532] 2.9122834 1.0890969 0.91649765 1.05338
[7165, 0.42141616, 1.0855716, 3.301668, 0.7072584] 3.1352684 1.1839608 1.0473118 1.0429142
[7166, 0.41769585, 1.0645596, 4.561389, 0.40210736] 2.984337 1.1703537 0.9393184 0.94051003
[7167, 0.61530894, 0.90618265, 4.8905377, 0.6309423] 2.3300927 1.120431 1.0191503 1.0319028
[7168, 0.54001737, 1.0071088, 5.781864, 0.371396] 3.076695 1.1425647 0.8427516 0.7580856
[7169, 0.41321555, 1.0760436, 4.2025633, 0.59078926] 2.9378083 1.1545254 1.1211329 1.0318935
[7170, 0.5466737, 0.9719603, 6.547709, 0.19493993] 2.8880284 1.180664 0.8711693 0.7087388
[7171, 0.4007036, 1.108522, 5.4040513, 0.5399839] 2.8948047 1.1348581 0.9367059 0.944257
[7172, 0.49386296, 1.0253421, 3.6674685, 0.4927133] 3.0023417 1.1834824 0.9679804 0.9000831
[7173, 0.48204544, 1.0453169, 5.6024942, 0.26572952] 2.9607239 1.0919199 0.95430726 1.0216713
[7174, 0.5602343, 0.99833345, 4.8246098, 0.52148056] 2.7147567 1.250874 0.9147072 1.0254902
[7175, 0.48918933, 1.0204355, 8.104155, 0.24465439] 2.8003411 1.0728011 0.87591887 0.93727434
[7176, 0.46130705, 1.0604613, 3.4199438, 0.60086936] 3.1305673 1.1356301 1.0065725 0.7959679
[7177, 0.43618992, 1.0616738, 5.283594, 0.43657172] 2.8598068 1.0239419 1.1096278 0.9547349
[7178, 0.57903916, 0.9839721, 4.926958, 0.5994546] 2.8651342 1.1441318 0.8473643 1.1738132
[7179, 0.52090096, 0.98996425, 6.439038, 0.21796727] 2.6998289 1.1773479 1.099488 0.898491
[7180, 0.43917343, 1.0664098, 5.1924195, 0.3814339] 2.7767444 1.1713511 0.9928336 1.0069333
[7181, 0.47142094, 1.0327724, 5.9504213, 0.2367847] 2.6247897 1.1928464 0.9062218 0.91580117
[7182, 0.5036456, 1.0375801, 4.893065, 0.48690873] 3.0887692 1.0741473 0.9054395 0.8284892
[7183, 0.50881267, 1.0254289, 6.0565944, 0.42012945] 2.6471188 0.98669404 1.079226 1.0925808
[7184, 0.5066378, 0.999915, 6.002638, 0.36455297] 2.6608105 1.1068101 1.0635425 0.8928122
[7185, 0.6353475, 0.931166, 5.0078654, 0.41297245] 3.0408876 1.1463561 1.0563735 0.75579274
[7186, 0.4863335, 1.0495696, 5.692244, 0.30645755] 2.8438144 1.13845 0.91518205 0.9782524
[7187, 0.5121673, 1.0109869, 5.6939263, 0.28879866] 2.919851 1.2175001 0.95802265 0.84414047
[7188, 0.4722005, 1.0623211, 6.1800833, 0.2944018] 2.9373295 1.1435649 0.83277917 0.9029383
[7189, 0.4838578, 1.0252473, 6.160591, 0.2673048] 2.5939302 1.2806311 0.9943213 1.1269329
[7190, 0.49847347, 1.0233933, 4.4050355, 0.9729557] 2.978232 1.0230811 1.0040565 0.9140068
[7191, 0.4441626, 1.0533758, 5.590101, 0.43323073] 2.8680177 0.9910132 1.094823 0.8876297
[7192, 0.4854306, 1.0449178, 4.4999356, 0.33212334] 2.9398353 0.9955788 1.0321876 1.0924597
[7193, 0.50149596, 1.0169686, 5.699566, 0.29153863] 2.7473972 1.1945181 0.9602903 0.8297
[7194, 0.5659849, 0.96507365, 5.6920514, 0.566451] 2.7155628 1.1499157 0.9843132 0.9036685
[7195, 0.5519815, 0.9664668, 4.646246, 0.85638064] 2.3535287 1.2030733 1.0276203 0.96528935
[7196, 0.4723347, 1.0126829, 6.4262333, 0.14734969] 2.8848844 1.0531063 0.8311345 1.1423649
[7197, 0.5393386, 1.0134797, 4.311568, 0.7642746] 3.0907586 1.2095215 0.8815883 0.8239752
[7198, 0.4352593, 1.0884552, 3.7770596, 0.7200342] 2.9858654 0.9522656 0.90399057 1.0602571
[7199, 0.49097252, 1.0130392, 6.2631984, 0.23078287] 2.6668975 1.1504354 0.97491306 1.1147189
[7200, 0.48222435, 1.0426048, 5.0848727, 0.46015543] 2.8812373 1.0832613 0.95709395 0.7532754
[7201, 0.51460177, 1.0197244, 4.8430924, 0.7161476] 2.7133527 1.1403214 1.0000768 0.80311304
[7202, 0.46559697, 1.0455796, 5.1528506, 0.4060345] 2.8486814 1.1165088 0.869105 0.8815306
[7203, 0.4682814, 1.0775211, 5.1185207, 0.48794606] 2.908412 1.0821508 1.0736213 0.9737685
[7204, 0.55488473, 0.9954027, 6.565753, 0.39807302] 2.7447443 1.1364686 0.82343507 0.848792
[7205, 0.49490577, 1.0268099, 5.79366, 0.36204812] 2.7996016 1.1120033 0.9330217 0.88525397
[7206, 0.5683707, 0.9660462, 5.820595, 0.47074574] 2.862719 0.9491978 0.8756629 0.88204503
[7207, 0.4565394, 1.0542998, 4.4594464, 0.45857906] 2.7708151 1.2752297 1.0504398 0.9168152
[7208, 0.5637539, 0.9847276, 5.5768347, 0.574781] 2.4735274 1.256011 1.0023167 0.952327
[7209, 0.5274066, 0.99397796, 5.7064915, 0.80149156] 2.6876976 1.1426202 0.9188714 0.77006847
[7210, 0.5751789, 0.9630221, 5.974342, 0.31057054] 2.5056872 1.2902416 0.87881726 1.1439735
[7211, 0.40766755, 1.113829, 5.702544, 0.55467767] 2.7014453 1.279404 0.9461573 1.0434687
[7212, 0.46656382, 1.0636584, 4.549134, 0.5965833] 2.91924 1.2200344 0.8781505 0.9573102
[7213, 0.49187303, 1.0514863, 5.016228, 0.6222116] 2.8303723 1.1151913 0.9362349 0.99465007
[7214, 0.4887087, 1.0342838, 6.1251407, 0.45556676] 2.636858 1.2393085 0.9746989 0.92951757
[7215, 0.54592377, 0.99252653, 5.8536, 0.581529] 2.5026379 1.1598938 0.88197285 1.1052268
[7216, 0.5455208, 0.9815404, 4.079169, 0.5826651] 2.5924473 1.1223866 1.0492768 1.0654823
[7217, 0.59668666, 0.97300166, 4.627381, 0.65051144] 3.1329148 1.1585332 0.9658381 0.6140228
[7218, 0.4743523, 1.0470932, 6.012735, 0.16645727] 2.8058438 1.216762 0.90362996 0.9691112
[7219, 0.49202037, 1.012117, 4.5771003, 0.45340064] 3.1284876 1.0880637 0.85209626 0.83248997
[7220, 0.53094256, 1.0157858, 4.934106, 0.924776] 2.5834987 1.1571313 1.0133113 0.97734016
[7221, 0.42619056, 1.0754803, 6.873435, 0.3175746] 2.7171922 1.2249942 0.9825709 1.0199565
[7222, 0.49412403, 1.0224353, 5.643306, 0.29825658] 2.7982607 1.1622765 0.9757026 0.88632417
[7223, 0.47451517, 1.0476956, 6.351641, 0.3109325] 2.9393551 1.2117354 0.84536314 0.89769435
[7224, 0.35953975, 1.1081417, 3.6150684, 0.670101] 3.0169997 1.0477401 0.9993854 1.048622
[7225, 0.5238056, 1.0092808, 6.4266057, 0.25333595] 2.7171912 1.2908067 0.80488956 0.8708094
[7226, 0.465375, 1.0649582, 4.3246713, 0.5040491] 3.0975447 1.069335 0.9638857 0.9943531
[7227, 0.37404904, 1.1094548, 4.1097593, 0.9203771] 2.921368 1.1958059 1.0281855 0.83105034
[7228, 0.50947726, 1.0356687, 5.116709, 0.49779698] 2.908832 1.0352386 0.9330767 1.0984923
[7229, 0.46572235, 1.0500687, 5.6647086, 0.3775193] 2.9040415 1.0803453 0.9344852 0.9089222
[7230, 0.4754719, 1.0400037, 5.865927, 0.67588997] 2.7641714 1.129092 0.99570936 0.8432701
[7231, 0.5551504, 0.9561949, 4.513396, 0.66839445] 2.4977183 1.0279645 0.9728409 1.0169524
[7232, 0.49034983, 1.0640756, 5.967565, 0.31094107] 2.7193975 1.385063 0.93316144 1.0421214
[7233, 0.40123898, 1.0895349, 5.3186674, 0.5507445] 2.6918716 1.1703014 1.0310862 0.98223966
[7234, 0.65684354, 0.8696158, 6.749941, 0.32360566] 2.193458 1.2407337 1.0504681 1.0426215
[7235, 0.4373227, 1.0605882, 6.106852, 0.48732033] 2.6495898 1.1001623 0.91232693 1.0168568
[7236, 0.5587025, 0.99982554, 5.126302, 0.5898896] 2.8185296 1.2273744 0.92934525 1.0235689
[7237, 0.5650245, 0.96748793, 6.4057856, 0.2463353] 2.6356356 1.149151 0.968073 1.0057013
[7238, 0.60121256, 0.9419332, 6.091436, 0.31713134] 2.6667671 1.1176717 1.0082227 0.7308969
[7239, 0.53370476, 0.99580705, 6.172799, 0.31181705] 2.8707645 1.114274 0.88207334 0.90116704
[7240, 0.51639134, 1.0392967, 5.668676, 0.38168615] 2.9036489 1.0374764 0.95195204 1.0638715
[7241, 0.48357022, 1.046001, 3.2846153, 0.7851262] 3.1306965 0.9957367 1.1181004 1.0719845
[7242, 0.5152342, 1.0256321, 4.86497, 0.589609] 2.7010508 1.3216094 0.95562285 0.92484426
[7243, 0.49204582, 1.0452251, 5.754597, 0.3389567] 2.8188171 1.2017597 0.96709824 0.9874883
[7244, 0.5162615, 1.0200928, 6.138808, 0.62312746] 2.529211 1.1932389 0.8367754 1.0603288
[7245, 0.44527408, 1.0598208, 4.6842546, 0.4384395] 3.0333164 1.141873 0.94602025 0.8753875
[7246, 0.5263528, 1.0053505, 6.038735, 0.26139978] 2.5958426 1.0776418 1.0810589 1.0748898
[7247, 0.5275322, 1.0193685, 3.9971642, 0.49417502] 2.998379 1.1499718 0.7925774 0.8856524
[7248, 0.4483661, 1.0625187, 5.154528, 0.48344126] 3.110583 1.0283117 0.8595192 0.8817324
[7249, 0.4947985, 1.0335143, 5.1622834, 0.3380248] 2.9810505 1.1081064 0.83589405 0.96925366
[7250, 0.6776127, 0.8764583, 5.912464, 0.47395] 3.0545335 1.1267205 0.9803429 0.5616631
[7251, 0.44093174, 1.0902939, 4.339939, 0.884898] 3.0505114 1.0956773 0.9471702 0.931358
[7252, 0.5906322, 0.9338478, 6.485876, 0.29622298] 2.4521813 0.9955665 1.0364286 0.8509926
[7253, 0.4797833, 1.0466628, 5.0944214, 0.42444494] 2.7614365 1.0866767 1.007172 0.91592
[7254, 0.53810453, 1.0345592, 3.409692, 0.6225144] 3.2277086 1.0958889 0.9811926 0.6852502
[7255, 0.39689246, 1.1058067, 4.923533, 0.37571552] 3.0132105 1.0867913 1.0229138 0.7858986
[7256, 0.62120825, 0.9088097, 5.2956767, 0.4131798] 2.6528814 1.2873663 0.8483096 0.77708274
[7257, 0.437817, 1.0605536, 4.701608, 0.28165546] 2.8930025 1.1784555 1.0879465 0.9075953
[7258, 0.519218, 1.0095289, 6.1637526, 0.26545426] 2.886451 0.81792504 0.95936596 0.9343992
[7259, 0.44598237, 1.07363, 5.1017203, 0.552303] 2.8320615 1.0806293 0.88343734 0.9633042
[7260, 0.5024002, 1.0361946, 4.189907, 0.66699] 2.8449147 1.1561877 0.96399677 1.126934
[7261, 0.37238353, 1.1054808, 4.4651184, 0.41053173] 2.967938 1.1935315 0.8734257 0.9000079
[7262, 0.48787794, 1.0227729, 5.313205, 0.56927794] 2.5938332 0.8452652 0.9586848 1.1809181
[7263, 0.50197095, 1.0191432, 4.9082403, 0.44389173] 2.8219922 1.2434776 0.8245857 0.83309144
[7264, 0.38991338, 1.0869805, 4.884279, 0.5513969] 2.6564577 1.0983427 1.0499407 1.0360827
[7265, 0.55915457, 0.9699949, 5.175463, 0.40695316] 3.1524165 1.1238894 0.89055914 0.7483283
[7266, 0.43891335, 1.078797, 4.6198516, 0.4130312] 3.0739849 0.9855124 0.8682731 0.88689846
[7267, 0.5010719, 1.0246297, 7.012792, 0.28938904] 2.696915 1.0961273 0.8274935 0.9642541
[7268, 0.54027575, 0.9968984, 4.6822557, 0.27262983] 3.0971253 1.1721528 0.86605215 0.73534274
[7269, 0.5347905, 1.0074154, 5.67697, 0.35346058] 2.8059719 1.2122616 1.0721061 0.77993923
[7270, 0.44050837, 1.0590668, 5.9680743, 0.3719056] 2.876185 1.2035551 0.9739165 1.0165099
[7271, 0.50803465, 1.0505459, 2.8539877, 0.64257514] 3.30461 1.104877 0.97868454 0.95190465
[7272, 0.49418196, 1.0253584, 5.482916, 0.37676206] 2.8563435 1.1290296 0.9314762 0.80559295
[7273, 0.54961854, 0.98854506, 6.5653377, 0.16510475] 2.7285635 1.1547499 0.9004253 1.0477945
[7274, 0.4920003, 1.021206, 6.193579, 0.2516938] 2.6156383 1.1371735 1.1232674 1.1742026
[7275, 0.5595573, 0.98889726, 4.7618794, 0.41378087] 2.8595486 1.1375085 0.89936465 0.8123761
[7276, 0.6642328, 0.89255226, 3.4192412, 0.6551655] 3.179444 0.9993168 0.9196373 0.98111016
[7277, 0.46636036, 1.0586014, 5.444289, 0.35177365] 2.9316192 1.2976421 1.0081376 0.8051195
[7278, 0.46920738, 1.0641742, 5.875912, 0.4160812] 2.525805 1.2397736 1.0502607 1.0567482
[7279, 0.5069055, 1.005701, 4.0253696, 0.48827186] 2.7472692 1.1806076 1.0007181 1.0108986
[7280, 0.5580563, 0.9765782, 5.043641, 0.60953796] 2.775132 1.1269704 0.8077232 0.7848046
[7281, 0.551428, 0.99213207, 4.8653812, 0.6430935] 2.9884615 1.127187 0.8606341 0.9038997
[7282, 0.49568245, 1.0151947, 6.219339, 0.6349841] 2.6063848 1.2005005 1.0197308 0.9285031
[7283, 0.5648359, 0.98275596, 4.533789, 0.64533067] 3.0028808 1.0487468 1.0232174 0.88592917
[7284, 0.5829039, 0.9674751, 5.9939175, 0.43862352] 2.829768 1.1880658 0.90960807 0.85635126
[7285, 0.45105264, 1.0665798, 5.2640214, 0.6932912] 2.8597856 1.0101248 0.93444973 0.9755909
[7286, 0.5255074, 1.0276511, 5.8238597, 0.59220535] 2.6383667 1.0794791 1.0234277 1.0379554
[7287, 0.45828885, 1.048462, 5.379674, 0.4184771] 2.9687715 1.0553185 0.92926747 0.87388945
[7288, 0.52273005, 1.0223758, 4.998836, 0.55057484] 2.839722 1.2598082 0.9220535 0.7773731
[7289, 0.6021288, 0.91729313, 6.242717, 0.46904168] 2.6194701 1.0504831 0.8303391 0.8111475
[7290, 0.6137438, 0.9323207, 6.1608567, 0.20704947] 2.975712 1.0330435 0.95252496 0.73442507
[7291, 0.5702473, 0.9797493, 4.693293, 0.33950213] 3.0597308 1.2672989 0.9301037 0.71625304
[7292, 0.44881216, 1.0674533, 7.0461154, 0.50157464] 2.6668828 1.153806 0.9541971 0.92624086
[7293, 0.4702677, 1.0639853, 5.6427164, 0.22304004] 2.7972534 1.1970949 1.0562812 0.8950699
[7294, 0.5255614, 1.0209706, 4.5411577, 0.5574164] 2.8585484 1.2261001 1.0181568 0.97878164
[7295, 0.52031237, 1.0186907, 4.5151157, 0.5625541] 2.9622204 1.164059 0.92048603 0.82979494
[7296, 0.47143254, 1.075462, 4.7409015, 0.485374] 2.899352 1.0691649 0.9760383 1.0710095
[7297, 0.56978774, 0.970832, 6.073182, 0.38479605] 2.439002 1.4089887 0.950042 0.8983096
[7298, 0.43314788, 1.0565678, 5.4761024, 0.32255748] 2.70963 1.1174127 0.9179068 0.89482206
[7299, 0.4266323, 1.045607, 5.711869, 0.30181623] 2.7570398 1.0959162 1.0053614 1.0570682
[7300, 0.46401677, 1.0726321, 4.7469277, 0.71285486] 2.6615667 1.1957748 1.0392323 1.0810453
[7301, 0.46729603, 1.0388188, 6.423801, 0.3441967] 2.706026 1.0592288 0.97515166 0.84546256
[7302, 0.5577146, 0.96763027, 5.900189, 0.15443714] 2.877724 0.93050814 0.91312665 0.9164647
[7303, 0.5273876, 1.019154, 3.710081, 0.88548696] 2.8856802 1.1458381 0.89034647 1.1004604
[7304, 0.6345359, 0.90923303, 5.510004, 0.37759906] 2.899166 1.1882129 0.9702029 0.74804425
[7305, 0.58695924, 0.9424751, 5.3785567, 0.5902657] 2.5525897 0.94552034 0.882066 1.0714593
[7306, 0.54017746, 0.996627, 5.4960923, 0.39374954] 2.748715 1.2035042 1.0210924 0.91029114
[7307, 0.61208874, 0.9099628, 5.0698147, 0.35338688] 2.8090627 1.116424 0.92214817 0.816044
[7308, 0.5606049, 0.99803144, 5.411643, 0.32395825] 2.8879378 1.1069084 1.0763441 0.99267566
[7309, 0.5028093, 1.0009164, 6.81077, 0.27596435] 2.7303855 1.157602 1.0459052 0.9413977
[7310, 0.5463546, 0.96023667, 5.940657, 0.26319468] 2.667834 1.1710155 1.0792415 0.93611354
[7311, 0.5067806, 1.0013806, 4.9176054, 0.53905845] 2.7059944 1.1147394 0.87960786 0.8983761
[7312, 0.55896163, 1.004258, 4.352242, 0.57380915] 3.1072598 1.0976561 0.8172112 0.7763942
[7313, 0.55701536, 0.9605633, 5.477089, 0.45022628] 2.599346 1.0620805 1.0318563 1.0669805
[7314, 0.50566846, 1.037463, 4.8425655, 0.40596205] 2.8857064 1.064548 0.87223107 1.0288998
[7315, 0.53166914, 1.0091962, 5.768872, 0.5033707] 2.7350245 1.0953481 0.8784171 1.0485692
[7316, 0.6131467, 0.9324624, 4.616485, 0.7025895] 2.8147438 1.2963743 0.921431 0.6265058
[7317, 0.56422645, 0.957641, 6.1359982, 0.3961966] 2.54705 1.264461 0.9258272 0.91631615
[7318, 0.62018514, 0.9323776, 4.250873, 0.5402611] 2.928537 1.1070266 0.8885545 0.82942003
[7319, 0.48875052, 1.0272523, 5.5104556, 0.24911469] 2.9593458 1.0856829 1.0131533 0.9287466
[7320, 0.55461663, 0.9880948, 5.1294384, 0.44936377] 2.7628996 1.17458 0.7150743 0.76905876
[7321, 0.55113894, 1.002154, 6.6735134, 0.30479714] 2.7415555 1.1920962 0.86047006 0.8651463
[7322, 0.5167773, 1.0027506, 5.609816, 0.45154732] 2.655162 1.2311001 0.84478265 0.96231866
[7323, 0.51539654, 1.0138295, 8.737558, 0.27348283] 2.6977673 1.1332523 0.99000686 1.0156326
[7324, 0.6039561, 0.91078174, 6.783315, 0.43976545] 2.1997766 1.2884111 0.95292664 0.99000186
[7325, 0.4507743, 1.0660487, 4.3480406, 0.9673792] 3.046589 1.0362743 0.8845007 0.9131454
[7326, 0.5161976, 1.0029305, 5.325161, 0.7013451] 2.5510614 1.0675395 0.9749938 0.9163144
[7327, 0.6067431, 0.937444, 4.9488716, 0.677851] 2.4881911 1.2128004 1.0221606 1.1253664
[7328, 0.5217804, 1.0313368, 3.9474125, 0.8687809] 3.1114395 1.0911448 0.8915864 0.90279734
[7329, 0.61264056, 0.9517245, 4.182343, 0.67997134] 3.1496322 1.1251818 0.90667874 0.86475474
[7330, 0.5052435, 1.0139067, 7.136159, 0.32616353] 2.5162904 1.2593794 0.94682974 0.94892955
[7331, 0.48536894, 1.0477976, 5.8530035, 0.492235] 2.7760243 1.3181733 0.8435313 0.78905535
[7332, 0.57235473, 0.95761657, 6.544137, 0.3785437] 2.6535547 1.1378186 0.99015284 0.9995405
[7333, 0.5191116, 1.0155785, 5.939589, 0.25359964] 2.9380906 1.054913 1.0003343 0.8590553
[7334, 0.6055167, 0.95654315, 3.4564304, 0.59934884] 3.197539 1.360438 0.90351 0.73706627
[7335, 0.49796548, 1.0241314, 5.3767524, 0.26468498] 3.0103862 1.2048229 0.92747843 0.71168554
[7336, 0.49816906, 1.0212525, 5.305576, 0.36378568] 2.8824964 0.9609448 1.010848 1.0979751
[7337, 0.46190777, 1.053103, 5.5745087, 0.34329] 2.8235183 1.0560688 0.8869545 0.8714545
[7338, 0.52213067, 1.005977, 5.900562, 0.26234186] 2.849026 1.195461 0.9758055 0.80559766
[7339, 0.47477895, 1.0256245, 5.273263, 0.31584743] 2.8907397 1.0110086 1.0628308 0.97365016
[7340, 0.635796, 0.89948577, 5.8834186, 0.38558024] 2.4493415 1.1905515 0.8655544 0.8810508
[7341, 0.48189184, 1.0410817, 6.0235114, 0.1799685] 2.927164 1.1760149 0.8542173 0.85692054
[7342, 0.51733685, 1.0141304, 4.9960957, 0.34859174] 2.8358521 1.2063097 0.8065704 0.9798374
[7343, 0.6162617, 0.90083486, 6.095016, 0.16529568] 2.8524585 1.1021876 0.97097224 0.79404366
[7344, 0.5601268, 0.9849481, 5.274002, 0.5566159] 2.6354277 0.9072438 0.9243662 1.2761213
[7345, 0.51036656, 1.0218778, 5.4704556, 0.47491497] 2.663123 1.147996 1.1244097 0.8883337
[7346, 0.51145494, 1.0064474, 4.0707583, 0.26498407] 2.8959205 1.1528903 0.84085685 0.9066759
[7347, 0.4391173, 1.0684611, 4.906566, 0.71638143] 2.8843942 1.0770091 0.98639005 0.9479281
[7348, 0.4708174, 1.0474299, 4.2972174, 0.44153455] 3.167966 0.96860516 1.1508322 0.8188032
[7349, 0.4769409, 1.0501415, 3.8057418, 0.7720271] 3.1948323 1.1047972 0.8035112 0.8399909
[7350, 0.46958467, 1.0798619, 3.3688312, 0.934749] 3.0735362 1.0162046 0.98388976 1.0629894
[7351, 0.4915206, 1.0331271, 5.7022667, 0.20551339] 2.9636798 1.1764458 0.9210534 0.7855446
[7352, 0.4618064, 1.067158, 5.4584084, 0.42833596] 2.8129153 1.1663159 0.8592449 1.1574315
[7353, 0.5154849, 0.9892342, 4.927768, 0.8489367] 2.4886222 1.2218888 0.8168692 1.1152555
[7354, 0.4977743, 1.0253322, 5.7234917, 0.41039455] 2.9257863 1.0850805 1.0191599 0.8245703
[7355, 0.46349403, 1.0474101, 4.948379, 0.7202519] 2.6334608 1.0267508 0.9918981 1.0524621
[7356, 0.44413507, 1.0855567, 4.9084754, 0.37885755] 2.905959 1.1101807 0.96134114 1.0923177
[7357, 0.4624888, 1.0570929, 6.484574, 0.29257157] 2.7388606 1.1464477 1.0412787 0.94465
[7358, 0.5135216, 1.0056129, 4.813778, 0.6026419] 2.7393906 0.9554262 0.9483171 1.088982
[7359, 0.4645713, 1.0658773, 3.8092432, 0.71530586] 3.0327017 1.1264219 0.88680273 1.0815638
[7360, 0.44504407, 1.0609275, 5.2819233, 0.44795936] 2.6554306 1.2267928 0.92890215 1.1144288
[7361, 0.5213215, 1.0170751, 5.2027454, 0.81550044] 2.5978956 1.0816262 1.1076869 1.1503825
[7362, 0.44560927, 1.055109, 6.2768087, 0.23143765] 2.6562634 1.2164844 0.97489786 0.90667063
[7363, 0.519888, 1.006842, 5.177323, 0.33599672] 2.7760422 1.2453079 0.9163912 0.84187615
[7364, 0.5367455, 0.99295074, 5.474404, 0.33421397] 2.7237136 1.1799345 0.9660442 0.96281743
[7365, 0.5758613, 0.97838306, 3.784428, 0.5228683] 3.2112596 1.0434048 0.9022032 0.8895448
[7366, 0.4252863, 1.067946, 4.4408264, 0.55380034] 2.9357994 1.1363595 1.0504565 0.9276203
[7367, 0.5274917, 1.026763, 4.1843076, 0.6051896] 3.1692307 1.0288374 0.8946943 0.9157624
[7368, 0.5569752, 0.99774545, 4.3529487, 0.49819624] 3.1757288 1.2126282 0.8507952 0.78681886
[7369, 0.41259652, 1.0405269, 6.164709, 0.33649996] 2.46189 1.1900227 0.9820757 1.136306
[7370, 0.5634585, 0.96698684, 5.1463246, 0.5613988] 2.5365996 1.1624285 1.0099196 0.9029114
[7371, 0.5030977, 1.0440071, 5.8380017, 0.35535428] 2.763309 1.3469068 1.0290995 0.8303019
[7372, 0.4045517, 1.0865502, 4.403388, 0.59544677] 3.0727448 0.98309314 0.9715034 1.0326055
[7373, 0.54954433, 0.98636943, 5.1638026, 0.58654594] 2.3434005 1.171793 0.9412376 1.1747241
[7374, 0.51229125, 1.0262481, 4.483901, 0.6200555] 2.9383802 1.0794187 0.90338504 0.7689119
[7375, 0.40898013, 1.05845, 5.6542754, 0.33033434] 2.9940343 1.0027071 0.7781404 0.89881605
[7376, 0.47517356, 1.0457411, 4.8627677, 0.298469] 2.9613173 1.1173704 0.9640263 0.95530003
[7377, 0.52465653, 1.0077285, 6.0867844, 0.30860955] 2.5254936 1.1667874 1.0260823 1.1179256
[7378, 0.43406188, 1.0697386, 4.8811393, 0.36443746] 2.900117 1.1044205 0.91032135 1.0039647
[7379, 0.42827457, 1.0843421, 4.4822793, 0.71737] 2.8513143 1.1866992 1.0486904 0.8232432
[7380, 0.6179906, 0.9261625, 6.369752, 0.2987576] 2.541412 1.2315973 0.9445544 0.96992606
[7381, 0.5854685, 0.9224348, 6.0812483, 0.3008384] 2.7209296 1.18287 0.8192279 1.0611516
[7382, 0.46385118, 1.044925, 3.401214, 0.7425986] 3.3634896 1.1593391 0.87986064 0.7378014
[7383, 0.4561522, 1.0668137, 3.621725, 0.6826958] 3.1990304 1.0319902 0.9996927 0.7839236
[7384, 0.5202001, 1.013992, 6.7370853, 0.3188698] 2.7867072 1.1645188 0.8185804 0.88649774
[7385, 0.40234104, 1.0784909, 4.5165825, 0.6566067] 3.0509622 1.0965024 0.9914471 0.66203773
[7386, 0.46879667, 1.0470917, 7.0637784, 0.31418142] 2.5622559 1.1625714 1.0471226 0.9762565
[7387, 0.41233158, 1.063821, 6.027335, 0.40529373] 2.4781988 1.2403961 1.078957 0.925718
[7388, 0.42656937, 1.0470347, 5.0890756, 0.35333624] 2.5980427 1.1015826 0.874582 0.92452586
[7389, 0.4603573, 1.0751384, 5.109732, 0.34481433] 2.7450955 1.323493 0.8917062 0.99960613
[7390, 0.45974258, 1.0722281, 3.3050249, 0.6700571] 3.1441212 1.236222 0.9321818 0.87701845
[7391, 0.5519541, 1.0037503, 5.958843, 0.40101102] 2.8459194 1.1836013 0.88626766 0.958494
[7392, 0.43551385, 1.0835098, 4.812616, 0.38611126] 2.8014262 1.1604705 1.0334154 1.0145341
[7393, 0.5876088, 0.96012175, 6.38162, 0.3137305] 2.9628792 1.1099304 0.9134803 0.83210534
[7394, 0.47274008, 1.042438, 4.4356713, 0.6171742] 3.0575519 1.1390501 1.0213666 1.0097747
[7395, 0.5365666, 0.997774, 7.1618214, 0.26221228] 2.7460387 1.190485 1.0526316 0.8942436
[7396, 0.5308469, 1.003488, 7.3433022, 0.25545767] 2.8632355 1.048872 0.93895423 0.9822695
[7397, 0.49648055, 1.0520387, 4.013307, 0.39546496] 2.8974679 1.3464272 0.94517076 1.1724771
[7398, 0.4335346, 1.0785983, 4.3011723, 0.39550167] 3.128081 1.0997502 0.84702754 0.9277462
[7399, 0.3797468, 1.095043, 4.54902, 0.66870356] 3.1601799 0.9756637 0.79907244 0.7863487
[7400, 0.5478401, 0.98818725, 6.2563696, 0.3731992] 2.5126655 1.1255156 1.0604991 1.0395665
[7401, 0.4990032, 1.0357213, 6.7861633, 0.34576353] 2.7019312 1.2815304 0.84791553 0.9523347
[7402, 0.51739115, 0.9735167, 6.3865876, 0.24199761] 2.5168324 1.1840793 0.83683205 1.0019376
[7403, 0.4202985, 1.0548009, 5.6415386, 0.5116636] 2.651637 1.2120706 1.0621289 0.9027092
[7404, 0.46898937, 1.0371213, 7.1327286, 0.32160318] 2.7025616 1.2476331 1.059029 1.0151087
[7405, 0.4362257, 1.0559827, 5.943972, 0.31975093] 2.7171068 1.2139215 0.88856685 0.9967977
[7406, 0.50488967, 1.0424255, 3.021125, 0.9890042] 3.0548246 1.1210332 1.0466155 1.0500185
[7407, 0.48183218, 1.0452802, 3.4347076, 0.6394542] 3.296346 1.1200643 0.8566429 0.7884517
[7408, 0.49616423, 1.0138807, 5.546509, 0.43397066] 2.6690967 1.2406884 0.9885449 0.84869874
[7409, 0.47583774, 1.0470002, 3.6189246, 0.4421422] 2.9887552 1.2151331 0.9887734 1.0174956
[7410, 0.51885974, 1.0182217, 4.731596, 0.57953286] 2.531976 1.1614314 0.97504586 1.1435342
[7411, 0.53245544, 0.98889965, 7.5361876, 0.30669168] 2.4878721 1.1689297 1.0885645 1.0100752
[7412, 0.48775694, 1.028782, 5.892931, 0.24144337] 2.7457705 1.0926108 1.0273609 0.9443313
[7413, 0.5191706, 0.9867404, 6.429762, 0.3681358] 2.4423692 1.2790219 0.8029001 1.1327585
[7414, 0.46749917, 1.0561475, 3.8490615, 0.67305946] 2.9514062 1.2992147 1.2126422 0.8905558
[7415, 0.5702659, 0.9902742, 3.9234588, 0.4740951] 3.2411819 0.9048206 0.93836206 0.90678495
[7416, 0.4003077, 1.0947857, 5.3336077, 0.5905276] 2.8984206 1.0661982 0.87576216 1.0320294
[7417, 0.4940277, 1.0149542, 4.2558093, 0.25867963] 3.1401727 1.0578595 0.9565766 0.8551445
[7418, 0.5426537, 0.9720175, 6.174575, 0.24913397] 2.66182 1.053817 0.8351447 1.132052
[7419, 0.46990842, 1.0596806, 4.949652, 0.65212154] 2.8471196 1.1844947 0.9510631 0.98896444
[7420, 0.56005746, 0.95884925, 5.6431327, 0.24288069] 2.4866395 1.323602 0.93400306 0.9112972
[7421, 0.4361535, 1.0627413, 5.1355753, 0.46940577] 2.7888103 1.1641192 0.91974705 1.0503669
[7422, 0.56678486, 0.9810307, 5.7105846, 0.2332369] 2.967828 1.1158603 0.97248286 0.78891605
[7423, 0.50858295, 1.0216895, 6.6813655, 0.5058318] 2.8669624 1.0634767 1.0072852 0.83437675
[7424, 0.45527515, 1.0599443, 5.492985, 0.32712808] 2.8251834 1.2371049 0.9579081 1.0771103
[7425, 0.55338573, 0.98876077, 5.279744, 0.33773974] 2.5903916 1.0755275 0.97113425 0.9886444
[7426, 0.5687846, 0.9761045, 5.884815, 0.39072078] 2.6614456 1.1594237 0.80921704 1.028601
[7427, 0.44646895, 1.0475603, 5.822882, 0.31511888] 2.5741336 1.197206 1.0920049 1.0551956
[7428, 0.58857685, 0.9741967, 4.4540744, 0.41205534] 3.0416572 1.1853542 1.0111595 0.6232037
[7429, 0.49641645, 1.0440675, 5.204316, 0.34521607] 3.117549 1.1463108 1.0125257 0.69682556
[7430, 0.51576173, 1.0168382, 5.731002, 0.2790915] 2.6399927 1.2634306 0.9905472 1.1157674
[7431, 0.5012833, 1.013222, 5.6423383, 0.29741907] 2.760224 1.1399744 0.82274383 1.1958328
[7432, 0.4986025, 0.988722, 6.471497, 0.31728685] 2.4802034 1.0635756 0.9592121 0.9674136
[7433, 0.5823154, 0.965099, 6.958129, 0.31308028] 2.6283424 1.1497456 0.7686944 1.1242859
[7434, 0.50555426, 1.0171564, 5.5830293, 0.40316427] 2.6077461 1.1099501 1.0368389 0.855942
[7435, 0.6063549, 0.9433726, 4.961805, 0.38838565] 2.740715 0.9992911 1.150539 0.80592316
[7436, 0.49347228, 1.0515327, 4.5160685, 0.54043186] 3.0628953 1.1472858 0.93946105 1.0074539
[7437, 0.51139253, 1.0222938, 4.147155, 0.74890393] 3.1598854 1.1498107 0.81640416 0.7931913
[7438, 0.58418274, 0.9190635, 6.7523346, 0.095577136] 2.7564764 1.0998535 1.0688815 0.93398577
[7439, 0.5028155, 1.0131569, 5.805346, 0.19294837] 2.8120885 0.9276109 0.8910741 0.95145833
[7440, 0.47659177, 1.0182273, 6.1174207, 0.23521022] 2.716464 1.140344 0.8654316 0.8818185
[7441, 0.45223162, 1.0624695, 5.97589, 0.3906283] 2.9882693 0.93192273 0.9410723 1.0448049
[7442, 0.46623427, 1.0452029, 5.236075, 0.34252015] 2.7579806 1.0974449 0.9166407 1.1164615
[7443, 0.586705, 0.9756788, 5.345072, 0.4437656] 3.1017632 1.2554042 0.8443355 0.6714277
[7444, 0.5363142, 0.99913996, 4.0401373, 0.5005177] 3.0015478 1.2139993 0.9178831 0.9168093
[7445, 0.37845594, 1.1020656, 4.6189117, 0.90133315] 2.7095456 1.2075195 1.0002114 1.1247295
[7446, 0.49803758, 1.0185852, 5.1168156, 0.3139774] 2.8827965 1.1463553 1.0087498 0.9152007
[7447, 0.48407218, 1.026294, 5.4829907, 0.24039613] 2.7350678 1.1597807 0.93891007 0.96184546
[7448, 0.45184216, 1.0625874, 2.9667635, 0.73254997] 3.1982737 1.0922362 0.91796196 1.1877865
[7449, 0.45453078, 1.0528128, 5.871081, 0.2449111] 2.7248344 1.2877306 1.0333824 0.91765755
[7450, 0.42810443, 1.0408554, 7.0539536, 0.28532684] 2.5684643 1.0397561 0.97294086 1.0924611
[7451, 0.6315347, 0.90419376, 5.4281383, 0.44334832] 2.8479052 1.1647301 0.9297283 0.73004395
[7452, 0.4676152, 1.0497628, 3.882989, 0.49892336] 3.1233373 1.1825026 0.9275534 0.94792277
[7453, 0.4497388, 1.0771278, 5.3645105, 0.1739425] 3.031176 1.0438173 0.89256907 0.9416118
[7454, 0.559496, 0.9887188, 3.9088454, 0.44692087] 3.2372859 0.9879364 0.97012734 0.7570909
[7455, 0.5077787, 1.0321943, 5.0555086, 0.46029013] 3.2190094 0.9593668 0.9641183 0.739869
[7456, 0.6415638, 0.9030811, 4.81489, 0.6230908] 2.5553823 1.164828 0.96159524 0.8823059
[7457, 0.5610538, 0.97437584, 4.9569397, 0.38487113] 2.747608 1.1501005 0.8794578 0.9593117
[7458, 0.4761942, 1.0636542, 6.401156, 0.374456] 2.8726444 1.3172121 0.8448631 0.9551098
[7459, 0.52487636, 0.9796596, 6.1930623, 0.34520385] 2.7346027 1.1118897 0.9598796 0.9768798
[7460, 0.5212713, 1.0213667, 4.989432, 0.27031943] 2.8499546 1.1607307 0.9722664 0.8595009
[7461, 0.50202805, 1.0301389, 6.094695, 0.27815208] 2.7716708 1.0943351 1.136616 1.0868595
[7462, 0.554238, 0.9764236, 7.153267, 0.32319757] 2.6714804 1.1592777 0.9265249 0.85663706
[7463, 0.4906151, 1.0323467, 2.8262796, 0.5497424] 3.261476 1.3019892 0.80770767 0.94422776
[7464, 0.5300032, 0.975912, 6.978518, 0.22298245] 2.6920848 1.0033497 0.99065286 1.0375187
[7465, 0.54356337, 1.0078089, 5.095035, 0.3946934] 2.8961592 1.2755021 0.96120477 0.77407944
[7466, 0.5408037, 1.0061184, 4.353264, 0.52886283] 3.2289991 1.1364384 0.82462007 0.7469215
[7467, 0.45264834, 1.0610455, 5.3248973, 0.5473506] 2.886654 1.2080259 0.8803278 0.91244644
[7468, 0.6137926, 0.9306839, 5.0166388, 0.5905457] 2.7887359 1.3057374 1.0437603 0.55933946
[7469, 0.5381424, 0.98194057, 3.8075855, 0.6430541] 3.1157293 1.0670953 0.9612857 0.7954038
[7470, 0.4865521, 1.0453976, 3.4620304, 0.6340455] 3.1846027 1.0273253 1.0649456 0.86379105
[7471, 0.50072825, 1.0096095, 5.781644, 0.29076448] 2.887998 0.98572373 1.0015277 0.87973887
[7472, 0.54748714, 0.9842696, 5.76223, 0.31304193] 2.8480537 1.1234405 0.9463829 0.8241944
[7473, 0.535006, 1.0087658, 5.5326643, 0.82653826] 2.7237487 1.1302001 0.86254275 0.8662301
[7474, 0.43111995, 1.0697647, 4.976306, 0.2901909] 3.0031936 1.2335801 0.8530947 0.8939585
[7475, 0.53900415, 1.0165907, 3.502983, 0.8774761] 3.0562396 1.1969885 0.8472123 0.91856533
[7476, 0.63856906, 0.903661, 4.8929753, 0.36368316] 2.8256736 1.1643966 0.9533267 0.95423895
[7477, 0.60051554, 0.9282945, 5.603896, 0.33425036] 2.72001 1.2075745 0.7924317 0.87954634
[7478, 0.48840043, 1.052096, 3.4921992, 0.8594352] 3.0885017 0.9920107 0.9387861 0.93185097
[7479, 0.58756745, 0.9798576, 5.0769143, 0.7603269] 2.8856134 1.2358145 0.81142676 0.9457586
[7480, 0.51227474, 0.99441206, 5.220555, 0.4285041] 2.5338979 1.2406636 0.94597113 0.94942135
[7481, 0.5617997, 0.9638247, 5.5270796, 0.41629946] 2.5503476 1.1871521 0.9994271 0.7610344
[7482, 0.6229022, 0.92060846, 5.793921, 0.30878553] 2.9500773 0.9464383 0.8983699 0.8242927
[7483, 0.45919552, 1.0494235, 5.377611, 0.33966666] 2.9277778 1.2023638 0.90738314 0.8879145
[7484, 0.55379087, 0.9718367, 6.391398, 0.20424142] 2.759927 1.2386687 0.9375725 0.6675588
[7485, 0.34489974, 1.1220143, 5.540916, 0.39069998] 2.8901281 1.1353116 0.90463084 0.90789366
[7486, 0.5210057, 1.0164249, 5.370292, 0.5566326] 2.7347846 1.1935246 0.8819894 0.9834536
[7487, 0.49421185, 1.0314096, 5.7910337, 0.4992829] 2.9265566 1.1129531 0.8865052 0.8141029
[7488, 0.5320257, 1.0097264, 3.4655688, 0.8251423] 3.138076 1.1562785 1.0454918 0.9944267
[7489, 0.46920022, 1.06125, 5.476121, 0.76327634] 2.7719874 1.0949773 1.065721 0.9556275
[7490, 0.575833, 0.97506213, 4.874835, 0.6315834] 2.937823 1.0586481 0.96585757 1.0154363
[7491, 0.5074862, 1.036867, 2.9703019, 0.91157883] 3.1299329 1.2194309 1.0492386 1.0642804
[7492, 0.5448986, 1.0134432, 5.7200155, 0.33818924] 3.0603495 1.060517 0.9629782 0.81418794
[7493, 0.44674397, 1.0777457, 2.8502638, 0.9517933] 3.3113277 1.0432543 0.98149455 0.96854436
[7494, 0.5131238, 1.0235529, 5.4936113, 0.42241666] 2.846659 1.1691514 1.0886483 0.7688179
[7495, 0.5373178, 0.97041786, 6.195727, 0.48319826] 2.4431696 1.0836346 1.0134653 0.9872665
[7496, 0.52356863, 1.0230261, 3.9143844, 0.69652784] 3.2111864 1.0703841 0.9737593 0.8117608
[7497, 0.5041383, 1.0440878, 4.840238, 0.5885638] 3.056747 1.082624 0.8711207 0.90544385
[7498, 0.59587526, 0.94868785, 6.320952, 0.5737285] 2.5453987 1.2250592 0.99157107 0.81059843
[7499, 0.4656623, 1.0645577, 3.1530619, 0.5168678] 3.367873 0.9925864 1.0218548 0.86613405
[7500, 0.5646774, 0.9745288, 2.585153, 0.9029242] 3.1547027 1.2418094 1.1287374 0.9377653
[7501, 0.5047581, 1.0226359, 6.7807546, 0.35609344] 2.4347837 1.1362875 1.1285216 1.1477304
[7502, 0.43335146, 1.0689485, 4.5658503, 0.53655463] 2.9479246 1.261433 0.8898209 0.7828988
[7503, 0.44405636, 1.0658257, 4.1273527, 0.88130397] 2.9953923 1.163346 0.93318856 1.0419738
[7504, 0.5671315, 0.97302806, 4.4267836, 0.43077952] 2.9601164 1.1400604 0.986111 1.0580537
[7505, 0.4950287, 1.0260434, 6.0705514, 0.5288526] 2.6685247 1.2795978 1.0229381 0.8533374
[7506, 0.5002242, 1.0252059, 5.4677744, 0.37396038] 2.7580774 1.0506266 0.9611614 0.9352969
[7507, 0.53300273, 0.992246, 5.014596, 0.82439446] 2.4824283 1.1437544 0.9394787 0.9583657
[7508, 0.4752863, 1.0395378, 5.65485, 0.264786] 2.7409036 1.0953721 1.0891259 0.97780776
[7509, 0.4637716, 1.0364927, 6.2609, 0.31218418] 2.7970238 1.1586566 0.80091155 1.0100034
[7510, 0.54047626, 0.9978758, 3.781564, 0.6508458] 3.121784 1.122621 0.8244154 0.753796
[7511, 0.44414207, 1.0739642, 5.136996, 0.63087004] 2.9324572 0.9931747 0.90663993 0.84572816
[7512, 0.3922803, 1.1066098, 5.3489766, 0.3026706] 2.7157316 1.2912117 1.0374454 0.99242586
[7513, 0.5718866, 0.9789828, 6.268702, 0.34845838] 2.6970577 1.129967 0.9509189 0.883639
[7514, 0.47812334, 1.028916, 3.6352267, 0.66138977] 3.235632 1.0628116 0.91479033 0.79195523
[7515, 0.47318494, 1.0605726, 6.100873, 0.41803357] 3.0019975 1.097177 0.9048997 0.9533694
[7516, 0.5883947, 0.95782495, 6.091526, 0.33418825] 2.5707338 1.3111546 1.0970771 0.6656395
[7517, 0.57917535, 0.9739184, 6.31245, 0.2644452] 2.6622794 1.1861279 1.0017848 1.0099331
[7518, 0.65293133, 0.88605726, 6.5959053, 0.18980628] 2.9218168 1.2179488 1.0388043 0.74638945
[7519, 0.44007587, 1.0454757, 5.1089597, 0.2828097] 2.8160467 1.2153957 1.0335879 1.026799
[7520, 0.40433514, 1.1063858, 4.4264956, 0.5642373] 2.9211411 1.160563 1.0136843 0.98010135
[7521, 0.47580507, 1.0454813, 5.2380133, 0.28582352] 2.923286 1.0450861 1.0927486 0.8742992
[7522, 0.41417962, 1.0920749, 5.0106215, 0.56077504] 2.9984434 1.0583308 0.95370173 0.96842456
[7523, 0.49429348, 1.0237124, 6.450192, 0.39920452] 2.4906905 1.2004317 1.1239793 0.84611356
[7524, 0.46212757, 1.0606092, 4.2476716, 0.5111568] 3.1073468 1.1659837 1.0282239 0.69629776
[7525, 0.4385632, 1.0531216, 4.8177724, 0.48405474] 2.6876357 1.076735 1.036892 1.0240837
[7526, 0.42407447, 1.0843556, 5.5215263, 0.4982901] 2.8222291 1.1453943 0.9476303 0.9769185
[7527, 0.46404526, 1.0753645, 3.3431835, 0.8333693] 3.0971189 1.110294 1.0005795 0.76645744
[7528, 0.5275586, 0.9990464, 4.1667633, 0.721795] 3.0930412 1.1462859 0.7768919 1.0653447
[7529, 0.46058226, 1.0657499, 4.393273, 0.86449814] 2.9352753 1.0873963 0.91798645 1.080033
[7530, 0.52445006, 1.0037594, 4.6346407, 0.61662704] 2.8018374 1.13123 0.93168616 1.0358868
[7531, 0.66377836, 0.8763301, 5.0597506, 0.5376798] 2.6928208 1.1223559 0.99928355 1.2448682
[7532, 0.5189645, 1.0153612, 5.280104, 0.443559] 2.8442185 1.0251415 1.0043854 1.1626108
[7533, 0.40565568, 1.0938845, 5.018285, 0.28928754] 3.0607514 1.1743202 0.8829338 0.7679575
[7534, 0.5536103, 0.99310863, 6.213609, 0.21983618] 2.8236697 1.1016399 0.81589 0.89853585
[7535, 0.4637421, 1.0696601, 5.8105073, 0.48120445] 2.846051 1.2141343 0.9427303 0.882854
[7536, 0.5538, 0.99984807, 4.6063046, 0.6658811] 3.0118234 1.0618988 0.92347395 1.0676225
[7537, 0.4770314, 1.0373244, 6.706798, 0.181106] 2.834564 1.1409922 0.8550917 0.848061
[7538, 0.48661864, 1.0391495, 4.2913127, 0.5132203] 2.9680054 1.0606912 0.8037583 0.8093118
[7539, 0.4823861, 1.0576015, 3.9059398, 0.6167132] 3.1253283 1.0442623 1.0666475 0.80417585
[7540, 0.500328, 1.0408214, 4.9416237, 0.7783495] 2.9928885 1.0222664 0.9518674 0.91168624
[7541, 0.39005265, 1.095395, 5.644111, 0.31712413] 2.9072902 1.1215925 0.8394382 0.9452055
[7542, 0.49285656, 1.0125804, 4.7801256, 0.53559566] 2.5244455 1.057656 0.9827297 1.1459528
[7543, 0.5094388, 1.0306022, 6.7493715, 0.39247042] 2.7083054 1.1435661 0.9005686 1.013171
[7544, 0.50070757, 1.0336776, 4.846335, 0.29643437] 3.0460973 1.1408381 1.0204972 0.89101005
[7545, 0.52641505, 0.99250233, 3.6815937, 0.4085984] 2.9867973 1.2831341 0.9066733 0.9304499
[7546, 0.555881, 0.9825025, 4.5509133, 0.74647397] 2.8686202 1.1686758 0.91328824 0.7548119
[7547, 0.49234274, 1.0485951, 6.746684, 0.15025334] 2.62652 1.0154339 1.0564245 1.151648
[7548, 0.5146748, 1.004848, 5.469999, 0.38819343] 2.6495335 0.98802614 1.0273447 1.0377833
[7549, 0.45941484, 1.0324507, 4.728828, 0.50351477] 2.812712 1.2107929 0.9024931 1.0257457
[7550, 0.57379454, 0.97612864, 5.0787616, 0.6627105] 2.8817415 1.1122671 0.90281045 0.8247082
[7551, 0.4230649, 1.0760288, 5.714016, 0.4921541] 2.6814013 1.0548759 1.0453643 0.90608865
[7552, 0.47663102, 1.0462139, 4.172852, 0.53891164] 3.1133313 1.1118796 0.882134 0.8922238
[7553, 0.3457938, 1.1134713, 4.9875207, 0.6452303] 2.68455 1.105923 1.0126365 0.98358536
[7554, 0.5233526, 1.0102634, 4.9684205, 0.48997506] 2.8255835 1.0206296 0.87238455 0.86639404
[7555, 0.51592696, 1.0264431, 4.199042, 0.39038435] 3.0378187 1.0468084 0.98378044 0.9312804
[7556, 0.49634728, 1.0220982, 4.7025046, 0.38495022] 3.1827614 1.0154094 1.0109315 0.8080052
[7557, 0.49491918, 1.0318232, 6.4058766, 0.42402807] 2.7233057 1.0440763 0.971118 0.94887084
[7558, 0.46031556, 1.0650645, 4.2517395, 0.66844404] 2.9532175 1.0512075 1.0649486 0.7678809
[7559, 0.38938558, 1.0810301, 5.0334015, 0.31962696] 2.920571 1.0442368 1.0113047 0.92601305
[7560, 0.51581246, 1.0316024, 4.4619703, 0.47114465] 3.0697424 1.0961337 0.8774592 0.8880866
[7561, 0.46249858, 1.0461882, 5.0946827, 0.4041658] 2.7078984 1.1576885 0.9377348 0.8973708
[7562, 0.56462604, 0.977604, 5.2804236, 0.48611325] 2.848606 1.1243536 0.9481678 0.8063241
[7563, 0.50018686, 1.0505815, 5.1582603, 0.5131248] 2.883037 1.0399367 0.8996214 0.9790876
[7564, 0.5081423, 1.0338799, 5.885329, 0.3253168] 2.8235278 1.1774157 0.88672656 0.970772
[7565, 0.49902624, 1.0283235, 6.3719864, 0.28282073] 2.5334122 1.2743632 0.9246847 1.0938363
[7566, 0.46046442, 1.068296, 6.403926, 0.40145698] 2.8405929 1.151771 0.96789753 0.8562752
[7567, 0.48834893, 1.0595444, 2.7782311, 0.9063701] 3.359142 1.0959693 0.97132045 0.86617714
[7568, 0.46717438, 1.0445313, 5.109672, 0.4794384] 2.759759 1.1034226 0.95653504 0.95958674
[7569, 0.46437234, 1.0646445, 3.9729035, 0.7025225] 2.9469461 1.143255 1.043063 0.96129286
[7570, 0.47085908, 1.0425757, 4.528548, 0.7480268] 2.9652622 1.1738518 0.9512316 0.88898396
[7571, 0.5042673, 1.0359334, 3.7145205, 0.7843439] 3.2258637 1.0683415 1.0329752 0.82628345
[7572, 0.4705501, 1.059234, 5.6410847, 0.27130178] 2.8714356 1.1162227 1.008311 0.9474101
[7573, 0.49848062, 1.041896, 5.50983, 0.5101473] 2.865866 0.8976587 1.1637692 0.9548589
[7574, 0.4702181, 1.0419823, 4.0482144, 0.7727851] 2.7712402 1.2087454 1.0712714 0.93238854
[7575, 0.48227826, 1.0326073, 6.190388, 0.65277576] 2.7816548 0.9386069 1.0324562 0.8690297
[7576, 0.53623134, 1.0127807, 6.2229548, 0.32929575] 2.8328629 1.0414592 0.95095944 0.8644463
[7577, 0.5285103, 1.0216968, 5.4692903, 0.7245889] 2.8591433 1.1645228 0.83498937 1.0209846
[7578, 0.49558192, 1.0408638, 5.233608, 0.375936] 2.9352548 1.0212085 0.8838988 0.8163128
[7579, 0.57477915, 0.95157397, 6.8220954, 0.19216806] 2.9346225 1.0107167 0.84107643 0.7906602
[7580, 0.61595464, 0.91361797, 7.972443, 0.32520372] 2.5324862 1.1694876 0.95712966 0.7691429
[7581, 0.47471362, 1.042323, 3.9147744, 0.7584043] 2.8742712 1.1540425 0.9471175 0.8879314
[7582, 0.509107, 0.9984558, 3.6238804, 0.5534089] 3.0124187 1.208912 0.94850934 0.86025137
[7583, 0.5950104, 0.92481303, 5.130612, 0.36569518] 2.4227154 1.214242 0.9655297 0.8728133
[7584, 0.5599196, 0.9855551, 4.305298, 0.61025393] 2.6952558 1.3205444 0.86428994 0.9101291
[7585, 0.4567118, 1.0428864, 6.1396337, 0.3696295] 2.5531473 1.1979035 1.050471 1.0144508
[7586, 0.3871626, 1.1179348, 4.98023, 0.9501733] 2.6682813 1.15702 0.98485816 0.98487055
[7587, 0.4784645, 1.0579625, 3.5115159, 0.67517644] 2.9298096 1.0872539 1.0283848 1.186315
[7588, 0.54543036, 1.0089593, 4.2614574, 0.5455326] 3.253711 1.0302795 0.9165599 0.7081667
[7589, 0.5026638, 1.0390657, 5.1045556, 0.30436724] 2.7324252 1.3217812 1.0300938 1.0773493
[7590, 0.52956307, 1.0180917, 4.4623494, 0.9351592] 2.6434562 1.1753616 1.0541607 1.1084262
[7591, 0.51371956, 1.0146765, 5.015568, 0.6947465] 2.6340857 1.1013148 0.9749243 0.99767405
[7592, 0.5681409, 0.96000075, 5.4739184, 0.36966354] 2.7751622 1.1584609 0.91729754 0.9816269
[7593, 0.47825825, 1.0591879, 6.440451, 0.45841113] 2.7739482 1.1319 0.9686501 0.9538899
[7594, 0.47811648, 1.0038706, 7.1521397, 0.11375607] 2.5991595 1.1890606 0.99007964 0.88541067
[7595, 0.5182745, 1.0235643, 5.621462, 0.3519875] 2.913027 1.1058476 1.0079525 0.81012297
[7596, 0.37198755, 1.0801882, 6.3148003, 0.24018958] 2.7747858 1.0724013 0.98854136 0.9195622
[7597, 0.5328038, 0.9929682, 5.0258765, 0.43989828] 2.6999156 0.93945634 1.0508187 1.076861
[7598, 0.4905033, 1.0459238, 2.9029176, 0.83757424] 3.452805 0.86920476 0.807663 0.9108711
[7599, 0.5213167, 1.0001205, 5.192658, 0.61419654] 2.357748 1.2772226 1.1129552 1.1059129
[7600, 0.4750437, 1.0324094, 5.623008, 0.4638912] 2.7289834 1.1946949 1.0553373 0.7953347
[7601, 0.5093971, 0.9946038, 6.2913938, 0.36022618] 2.3833253 1.147234 1.0007335 0.9795637
[7602, 0.4502191, 1.069434, 3.9228396, 0.83939517] 2.9409697 1.2301044 0.93228686 1.0046289
[7603, 0.4270904, 1.0666809, 5.2370543, 0.46438375] 2.9429164 1.1142805 1.0509694 0.9186519
[7604, 0.49057418, 1.0184327, 4.5340915, 0.6185188] 2.594047 1.1792924 0.92916626 0.92626446
[7605, 0.573939, 0.9776614, 4.4755807, 0.8244769] 2.9003932 1.2695079 0.95847666 0.885478
[7606, 0.49534458, 1.0487573, 5.261091, 0.9615676] 2.7468817 1.0721482 1.1025136 0.90465224
[7607, 0.5488004, 1.0049306, 4.926816, 0.4427893] 3.1609988 1.0175544 0.8856308 0.76205736
[7608, 0.63358086, 0.9101632, 6.155883, 0.24964514] 3.0492537 1.2635002 0.85945946 0.66358966
[7609, 0.589521, 0.97129804, 6.141442, 0.310001] 2.9802372 1.2008712 0.8212022 0.7702757
[7610, 0.48370436, 1.0413598, 4.6510587, 0.44411406] 2.7060268 1.3188648 0.90459144 1.0021944
[7611, 0.59090656, 0.93110263, 4.7281127, 0.4699279] 2.686602 1.1835191 1.011344 0.8475677
[7612, 0.46962446, 1.0598726, 3.237166, 0.94145703] 3.1439936 1.3171241 0.88869464 0.82868785
[7613, 0.52472264, 0.9960172, 5.8674717, 0.42796266] 2.8059177 1.0520376 1.0370301 0.9363296
[7614, 0.5144775, 1.0025518, 6.920701, 0.24405952] 2.605726 1.0397329 0.92105824 1.0368596
[7615, 0.43138012, 1.0846967, 4.8298116, 0.52649426] 2.9523242 1.135481 0.84698516 0.8152401
[7616, 0.55517167, 0.9706859, 5.5523357, 0.36215827] 2.4579873 1.0994169 1.0342023 0.96646357
[7617, 0.4133256, 1.0828149, 4.43984, 0.4210931] 2.9007359 1.0316441 0.88276243 1.0226852
[7618, 0.5384146, 0.9950849, 6.614078, 0.37974197] 2.7139578 1.3171613 0.991311 0.85321456
[7619, 0.50196064, 1.0513095, 5.2538314, 0.41147104] 2.6159348 1.204737 0.88688 1.134335
[7620, 0.5454669, 0.9819127, 7.1431756, 0.18957625] 2.8002672 1.0793363 1.0818894 0.8713937
[7621, 0.4770766, 1.0498042, 3.3366184, 0.7425783] 3.1967597 1.0818262 0.9665594 0.99942046
[7622, 0.4254592, 1.0824877, 4.7497697, 0.64816934] 2.7297046 1.1929089 0.94042546 0.9046448
[7623, 0.4875092, 1.0313568, 5.3526654, 0.51057196] 2.696699 1.164339 0.8588552 0.9719458
[7624, 0.43008986, 1.0656089, 5.5856314, 0.38466966] 3.0672112 1.1142328 0.9348344 0.9095305
[7625, 0.44961295, 1.070727, 4.7332277, 0.44400406] 3.0372539 1.1249421 1.0062562 0.84476477
[7626, 0.47950786, 1.0525608, 3.3761368, 0.67533946] 3.1613777 1.0634187 0.94875425 0.95741403
[7627, 0.47212383, 1.0329814, 5.124185, 0.65287906] 2.892323 1.1295593 0.88612556 0.9269589
[7628, 0.5906504, 0.95819134, 6.024791, 0.26974827] 3.0706005 1.1929396 1.0232959 0.76049286
[7629, 0.50940853, 1.0300835, 6.0718074, 0.38944954] 2.6298103 1.2093884 0.96976626 0.875045
[7630, 0.4341699, 1.0483258, 4.4363246, 0.5183022] 2.7895894 1.2429436 0.7579945 0.99364746
[7631, 0.5876484, 0.9626114, 5.3252554, 0.41932628] 2.8553722 1.0099607 0.99689513 0.99020404
[7632, 0.48788637, 1.0370365, 4.2410607, 0.4873154] 2.8570466 1.1713114 0.89137 0.8019485
[7633, 0.4520391, 1.0514172, 6.980991, 0.3910533] 2.7698019 1.0008494 0.96553224 0.9354149
[7634, 0.55054796, 1.0111233, 5.065547, 0.4852989] 2.9471645 1.1397898 0.93107176 0.9630329
[7635, 0.57226574, 0.98718584, 4.962252, 0.92232424] 2.9543097 1.1547694 0.98684174 0.73448664
[7636, 0.53383166, 1.0061355, 5.707701, 0.3131176] 2.7221048 1.1664928 1.0630803 1.0274115
[7637, 0.50409824, 1.0207832, 5.49055, 0.6346136] 2.402567 1.1673383 0.9760801 1.0550749
[7638, 0.60321313, 0.9329539, 6.53679, 0.88666123] 2.4160285 1.0664375 0.94538176 0.98349404
[7639, 0.49773294, 1.0449351, 4.1320195, 0.4737553] 3.0412443 1.1874119 0.8793892 0.8578423
[7640, 0.44162187, 1.0389388, 5.000691, 0.3538453] 3.0498118 1.0631346 0.97001666 0.71976
[7641, 0.43954977, 1.1047097, 5.441488, 0.49479055] 2.949681 1.1715472 0.94576347 0.92767066
[7642, 0.5191775, 1.0015367, 6.270397, 0.37576166] 2.771401 1.0014724 0.8579077 0.9775352
[7643, 0.4968034, 1.047797, 4.9058733, 0.31891492] 3.037878 1.1065122 0.80371743 1.0835719
[7644, 0.4929835, 1.0472208, 4.422283, 0.85766536] 3.1027327 1.1298864 0.90651673 0.93361974
[7645, 0.5610476, 0.9722088, 5.6715455, 0.43951127] 2.7615688 1.1436568 0.93416864 0.81925654
[7646, 0.5376308, 0.99871814, 5.938153, 0.40578353] 2.6619349 1.1102831 0.87870616 0.97344476
[7647, 0.40482086, 1.1152327, 6.5512443, 0.6238696] 2.7871037 1.1688795 0.98337793 0.8891269
[7648, 0.6034927, 0.9210624, 7.7084885, 0.21756841] 2.5781133 1.143149 1.0152885 0.8582678
[7649, 0.47955877, 1.0235513, 6.3985534, 0.15247768] 2.7387028 1.1328334 1.0267456 1.0417837
[7650, 0.4597103, 1.0445718, 5.444636, 0.4775076] 2.8222795 1.184426 0.8351653 0.9860353
[7651, 0.6037367, 0.93572783, 6.002468, 0.37240967] 2.6259155 1.1331885 1.0187023 0.7354173
[7652, 0.42353275, 1.098435, 4.6513433, 0.7133433] 2.9174492 1.0183873 1.010316 1.1109389
[7653, 0.53187424, 0.99592674, 6.383188, 0.3237098] 2.8257442 1.0308201 0.9459801 1.0169663
[7654, 0.4825635, 1.0572317, 6.1322546, 0.27349094] 2.9531827 1.1971893 0.9083076 0.8774416
[7655, 0.48547423, 1.0207051, 5.410091, 0.23996797] 2.760055 1.0690886 0.87727964 0.87173
[7656, 0.51667917, 1.0058687, 4.5824723, 0.47872475] 2.6892872 1.1727577 0.98992413 0.9185439
[7657, 0.49136242, 1.0255125, 4.0959826, 0.53004885] 3.1179988 1.1198974 1.0101984 0.78566283
[7658, 0.59541625, 0.948318, 6.1966934, 0.28536722] 2.530778 1.1120976 0.91759217 1.0476061
[7659, 0.43317524, 1.073167, 3.8164427, 0.6226635] 3.1120481 1.2257353 0.84893584 0.794922
[7660, 0.47856608, 1.0441005, 5.1810822, 0.4016384] 2.8765426 1.053589 1.019862 0.8794311
[7661, 0.454015, 1.0521935, 4.284716, 0.37073538] 3.0944083 1.091795 1.0689548 0.81909597
[7662, 0.58080834, 0.9615943, 3.574382, 0.5848994] 3.1340466 1.184941 1.0239733 0.920823
[7663, 0.49964592, 1.0238446, 5.70553, 0.20984022] 3.0087705 1.1535091 0.8670614 0.9022128
[7664, 0.50091696, 1.0303202, 6.2969565, 0.19379511] 2.700432 1.1034952 1.0497811 1.0009029
[7665, 0.543715, 0.9920163, 6.393223, 0.5170438] 2.4500933 1.2005103 0.93358433 1.1365275
[7666, 0.6065134, 0.9348762, 5.874415, 0.31468588] 2.8265262 1.172805 0.89355046 0.88663656
[7667, 0.4726899, 1.0476357, 6.1184616, 0.22497322] 2.621847 1.1196058 1.0964786 1.0969684
[7668, 0.5226532, 1.019173, 6.6885633, 0.35614023] 2.637066 1.3297732 0.9686164 1.0103228
[7669, 0.49214032, 1.02614, 5.518612, 0.705387] 2.733088 1.1623995 0.8994915 0.806548
[7670, 0.5371682, 0.9891739, 6.232213, 0.25245583] 2.9473062 1.0932946 0.8910304 0.92878556
[7671, 0.49975994, 1.0408927, 4.763776, 0.42260897] 2.9404867 1.2543082 1.0010706 0.88656014
[7672, 0.46022746, 1.0507721, 5.7018385, 0.33184943] 2.6283834 1.1287445 1.0626724 1.1110497
[7673, 0.63668126, 0.876961, 5.419626, 0.29781744] 2.554919 1.0725139 1.0232819 1.0048188
[7674, 0.49125016, 1.0350968, 5.57505, 0.3400965] 2.7802327 1.1040583 0.9417052 0.80391556
[7675, 0.5605031, 1.0010805, 5.6424475, 0.5545216] 2.9819858 1.0713586 0.95662004 0.8411921
[7676, 0.44337827, 1.0517286, 6.04789, 0.3682016] 2.95055 1.0105695 0.934115 1.0541524
[7677, 0.48204246, 1.0466794, 4.607977, 0.4497626] 2.9793096 1.1125362 0.85139245 0.95401055
[7678, 0.45991626, 1.0335609, 6.896813, 0.30233872] 2.5882218 1.270483 0.9703678 0.98677623
[7679, 0.53127784, 1.0029355, 4.066399, 0.65653] 3.0948126 1.1177083 0.7505689 0.8047879
[7680, 0.5021264, 1.0480528, 4.3047857, 0.6144047] 2.9259288 1.2616917 1.0011665 1.0080122
[7681, 0.40671673, 1.0924132, 5.3596077, 0.52362347] 2.8391554 1.3511447 0.93770915 0.8602361
[7682, 0.46433136, 1.0683403, 3.7479653, 0.73857194] 3.1417444 1.1846637 0.7651285 1.018962
[7683, 0.50438803, 1.0514597, 4.4858217, 0.64818925] 2.8953452 1.0382382 1.0719637 1.0328681
[7684, 0.43117356, 1.0832466, 5.1574044, 0.5780081] 2.765326 1.0434469 0.9369606 1.0623266
[7685, 0.51258427, 1.0252346, 3.5963976, 0.6671655] 3.356736 1.065823 0.773017 0.806808
[7686, 0.528945, 1.0228839, 4.343234, 0.8580611] 2.874524 0.9469435 0.9069589 0.8916927
[7687, 0.43782482, 1.0651783, 5.042411, 0.47483647] 2.8547907 1.0666504 0.9622006 0.9459626
[7688, 0.46732, 1.039542, 6.5861926, 0.25846046] 2.7226772 1.2298944 0.937283 1.0862269
[7689, 0.5903431, 0.9634568, 6.44639, 0.24490725] 2.7747216 1.204156 0.85435987 1.069541
[7690, 0.5366233, 0.9926551, 6.3532662, 0.64224213] 2.4964433 1.1927675 1.0779736 0.8992816
[7691, 0.4835067, 1.03999, 5.0797434, 0.77581924] 2.7531853 1.1721067 0.87729204 0.8538527
[7692, 0.53004223, 0.9806319, 5.773556, 0.27608374] 2.96616 1.1041322 0.8522855 0.7821182
[7693, 0.5161504, 1.0167983, 5.5691433, 0.45343477] 2.957805 1.1150539 1.0424684 0.78667915
[7694, 0.58804125, 0.9602227, 4.6542897, 0.33587307] 2.9888215 1.0836438 0.9672151 0.8886988
[7695, 0.5045041, 1.0176961, 5.234231, 0.35044467] 2.8803556 1.2732273 1.0232998 0.858299
[7696, 0.49684593, 1.0468531, 6.270817, 0.4466787] 2.7049282 1.0797366 0.8683074 0.97551614
[7697, 0.487755, 1.0410956, 5.4133415, 0.2328249] 2.7111506 1.2881203 1.027953 1.1783668
[7698, 0.59136885, 0.95463073, 6.0073986, 0.42450228] 2.8642201 1.274845 0.9005277 0.6269003
[7699, 0.41134745, 1.0920511, 3.1637714, 0.7749038] 3.3661976 1.0399739 1.063636 0.88131
[7700, 0.5099686, 1.0465322, 3.0717618, 0.81998855] 3.2533104 1.1314474 1.0062734 0.8698037
[7701, 0.54502547, 1.0011833, 6.5957074, 0.23323369] 2.4341824 1.2002438 0.9561217 1.2085065
[7702, 0.41762388, 1.0858287, 5.549753, 0.42281735] 2.8462958 0.999903 1.0325986 1.0523196
[7703, 0.6042278, 0.9559827, 6.3914614, 0.35650495] 2.903738 1.1405997 0.79655343 0.89831513
[7704, 0.57344085, 0.94661367, 5.5283036, 0.34995514] 2.5417066 1.0975252 0.94192696 0.96656555
[7705, 0.42179418, 1.0835418, 5.1279373, 0.45113963] 2.6994429 1.2944036 0.94228315 0.9163187
[7706, 0.446414, 1.0643499, 4.1918406, 0.6070845] 2.9593701 1.1448505 1.0395952 0.9322878
[7707, 0.5211609, 1.0147057, 3.5720582, 0.80348533] 3.2179408 1.1287293 0.87539643 0.6462199
[7708, 0.46787292, 1.0257459, 5.3039565, 0.25461927] 2.6786628 1.0886748 0.9540771 1.061234
[7709, 0.534514, 1.0162251, 4.4995093, 0.60768056] 2.8194335 1.1478946 0.9477002 0.7701112
[7710, 0.51173735, 1.0269505, 4.1354847, 0.51434684] 2.9779336 1.0434445 0.9097315 0.9253538
[7711, 0.52781844, 0.9736378, 6.084219, 0.38742095] 2.4201608 1.0887843 0.9560504 1.0122482
[7712, 0.7300036, 0.75657034, 6.7929964, 0.10839696] 2.232506 1.2121199 0.99195904 0.91076314
[7713, 0.47180563, 1.0294082, 6.312437, 0.19960526] 2.9167926 1.1980314 0.8937508 0.8223201
[7714, 0.46724918, 1.0445706, 3.7590709, 0.76042897] 2.9778714 1.2051281 1.026829 0.98482895
[7715, 0.53839004, 0.9897474, 5.717904, 0.48210558] 2.7327316 1.2420281 0.94348377 0.8456185
[7716, 0.63269913, 0.90907586, 7.4208207, 0.16951936] 2.8228383 1.1055394 0.9721011 0.9468173
[7717, 0.4912896, 1.0382466, 4.6575155, 0.64261866] 2.9990752 1.1354374 0.94141203 0.9029329
[7718, 0.51122195, 1.0361862, 6.1128936, 0.51894915] 2.804178 1.1982505 1.0696974 0.9421798
[7719, 0.49859646, 1.0343621, 5.281719, 0.4059468] 2.8333158 1.0696045 0.9566901 1.0378802
[7720, 0.6278057, 0.8945177, 6.7730913, 0.27132067] 2.4514027 1.1985991 0.93007696 0.91337705
[7721, 0.54012454, 1.0059547, 3.5416088, 0.92884076] 3.164419 1.1453079 0.7623737 1.0653691
[7722, 0.42814204, 1.0670029, 5.3349595, 0.2866893] 2.8315988 1.0261825 0.9676819 0.8752307
[7723, 0.45457444, 1.0611249, 4.849689, 0.49650222] 2.9010293 1.0981622 0.86065644 1.0394354
[7724, 0.47680205, 1.0461805, 5.5322714, 0.43469214] 2.7431629 1.2514349 1.0234551 0.82757014
[7725, 0.48829985, 1.0354931, 5.0850444, 0.51233923] 2.7415822 1.1456078 0.82608783 1.0817448
[7726, 0.6235553, 0.9248789, 2.9616272, 0.9174649] 3.2432988 1.2269367 1.0446678 0.80241776
[7727, 0.5838395, 0.9436022, 4.9909654, 0.36394185] 2.373554 1.289714 0.8617888 1.1479993
[7728, 0.52995336, 1.0032146, 5.3790274, 0.35671932] 2.930406 1.0870738 0.90508604 1.1278121
[7729, 0.48649853, 1.0295602, 5.811352, 0.5637549] 2.5297751 1.1592624 1.0537676 1.0140013
[7730, 0.49590653, 1.0210555, 6.13975, 0.6313106] 2.623043 1.1745762 0.8679534 0.8109393
[7731, 0.49049854, 1.0562469, 6.1942377, 0.4249005] 2.8572989 1.0848287 1.1183987 0.91391456
[7732, 0.35597056, 1.1098166, 4.4184203, 0.70268935] 2.9830363 1.043913 0.8658858 0.8971625
[7733, 0.5964403, 0.94837934, 6.444829, 0.30118963] 2.9331694 1.1151549 0.94528294 0.7295467
[7734, 0.6393453, 0.8910245, 6.08506, 0.48986736] 2.5890415 1.1470852 0.8212452 0.8266533
[7735, 0.40406966, 1.0691651, 6.4715385, 0.27708417] 2.6278634 1.2287245 0.95666075 1.0076853
[7736, 0.5228343, 1.0232816, 3.551547, 0.6285512] 3.0395617 1.3876414 0.76798534 1.0105057
[7737, 0.5021978, 1.0035743, 5.2157745, 0.5811508] 2.6562169 1.2223277 0.9397036 0.8344507
[7738, 0.48107395, 1.0221133, 4.0028706, 0.57303315] 2.8457646 1.1771079 0.9269972 0.81759524
[7739, 0.55630815, 0.9842943, 4.779934, 0.33430737] 2.9784026 1.1270903 1.0362175 0.84541035
[7740, 0.4814293, 1.0396005, 5.4675007, 0.3089114] 2.9043097 1.1542928 0.9580573 0.9669209
[7741, 0.523603, 1.0023885, 5.700688, 0.3366253] 2.7927976 1.1903182 0.92053205 0.93035066
[7742, 0.49214408, 1.0195482, 6.098851, 0.6978072] 2.7087142 1.0518034 0.95240664 1.1224877
[7743, 0.5981882, 0.93630946, 5.850611, 0.30290875] 2.9362981 1.0344287 0.8341331 0.9533259
[7744, 0.5721298, 0.9535037, 5.8765287, 0.38740793] 2.4214692 1.3270715 0.99928325 0.9564497
[7745, 0.58773655, 0.9712001, 4.017184, 0.45033112] 3.2429247 1.0769072 0.8789433 0.85456777
[7746, 0.53693795, 0.9959288, 6.2258363, 0.37018204] 2.6372137 1.1829985 0.9539387 0.91375226
[7747, 0.5326188, 1.0348524, 5.0792856, 0.586449] 2.9816856 1.1449122 0.80123764 0.88635904
[7748, 0.44628143, 1.0804495, 5.12124, 0.44370928] 2.996934 1.0518987 0.8864524 0.8397213
[7749, 0.58554584, 0.97466695, 3.1072452, 0.9238518] 3.185221 1.243511 0.9663371 0.726288
[7750, 0.5156466, 1.0369624, 3.0435996, 0.94952494] 3.0291502 1.2317295 0.8281887 1.1386725
[7751, 0.52403945, 0.9980121, 5.5644646, 0.3185807] 2.7549899 1.1202643 0.91220504 0.91379565
[7752, 0.4736157, 1.0586876, 4.485156, 0.5367076] 2.9663944 1.2125586 0.9937983 0.94100237
[7753, 0.5024063, 1.0200018, 3.4305475, 0.61502796] 3.2645469 1.1002171 1.0025514 0.82754236
[7754, 0.51991314, 1.0191308, 4.2472653, 0.5558988] 2.863814 1.1476573 1.0266055 0.9867939
[7755, 0.46666163, 1.0574778, 4.3737855, 0.7545316] 3.0067909 1.1425972 0.96212333 1.0721136
[7756, 0.5813205, 0.96773374, 5.238481, 0.35130307] 2.702518 1.1755353 0.9442222 1.1946287
[7757, 0.5159264, 1.0261738, 4.38824, 0.6020997] 2.9432416 1.3349781 0.79445785 1.0866493
[7758, 0.4830394, 1.045491, 5.2439675, 0.35734424] 2.8942058 0.969397 1.0490869 0.99246114
[7759, 0.47493613, 1.045174, 5.25306, 0.59653735] 2.7037942 1.2478238 0.9111394 0.92974967
[7760, 0.49429914, 1.0176964, 4.532574, 0.43272606] 2.840295 1.0263464 0.91742885 0.88741463
[7761, 0.43692166, 1.0876602, 5.740474, 0.30748406] 2.770839 1.1837492 0.99780333 1.039482
[7762, 0.49472558, 1.0362599, 5.2576756, 0.5501797] 2.894775 1.4193182 0.93556404 0.71492314
[7763, 0.51424414, 1.0271972, 5.7080393, 0.33697456] 2.932001 1.3520118 0.8631025 0.750828
[7764, 0.5188272, 1.0218164, 4.146239, 0.9847063] 2.8486052 1.1300672 0.8903032 0.98953104
[7765, 0.6298351, 0.8991229, 6.5629616, 0.27359486] 2.4231002 1.1299254 0.8407748 0.9997957
[7766, 0.46437827, 1.0480927, 6.058796, 0.23202735] 2.8974476 1.1292486 0.9047274 0.8151941
[7767, 0.57406306, 0.9866863, 5.7592545, 0.3491284] 2.734969 1.2402922 1.0105172 0.97228235
[7768, 0.4940495, 1.0239297, 5.41223, 0.475184] 2.8257926 1.1190879 1.0764762 0.94557196
[7769, 0.4187433, 1.0800917, 5.9451356, 0.6055541] 2.7126205 1.0951406 1.0045847 0.89554906
[7770, 0.46247098, 1.0593077, 3.783206, 0.8199701] 3.1875474 1.2107027 0.98702884 0.7915309
[7771, 0.46593887, 1.0513958, 3.397085, 0.5207451] 3.1086092 1.2051986 1.000182 0.8741001
[7772, 0.5751907, 0.97884816, 5.0809193, 0.8810325] 2.7606888 1.1876584 0.95692885 1.0363873
[7773, 0.513417, 1.0221108, 4.855258, 0.68531334] 2.772599 1.1766415 1.1897947 0.8656034
[7774, 0.48398733, 1.0636213, 5.4131565, 0.35190776] 2.9192846 1.1455554 1.0064903 0.8279979
[7775, 0.4974678, 1.035008, 5.1971645, 0.88594323] 2.6919525 1.2247137 0.86553717 0.7896312
[7776, 0.52979714, 0.9913502, 5.693682, 0.45233738] 2.6874948 1.1452508 0.9045154 0.9039135
[7777, 0.4740955, 1.038677, 6.0196953, 0.45504254] 2.7207496 1.131568 0.865472 0.9404925
[7778, 0.5194889, 1.0058186, 6.432083, 0.26371324] 2.5808835 1.1930312 0.9365673 1.0085288
[7779, 0.6210319, 0.9332877, 5.304846, 0.34809312] 2.9997764 1.1027879 0.9241323 0.7706974
[7780, 0.4633356, 1.0564162, 3.6432438, 0.7294373] 3.1567907 1.0436001 0.7693195 0.95692927
[7781, 0.49180138, 1.0604208, 3.1525977, 0.5354231] 3.3876662 1.135791 0.83314455 0.82536584
[7782, 0.51615214, 1.0328478, 4.47031, 0.8060307] 3.03705 1.2136678 1.006633 0.8645037
[7783, 0.50574225, 1.019164, 5.271042, 0.5729321] 2.781996 1.3617282 0.75447214 0.91879785
[7784, 0.5610583, 1.0094445, 3.0260456, 0.97974265] 3.3201997 1.275546 0.8883906 0.76847935
[7785, 0.5440322, 0.97848964, 6.2038517, 0.3453153] 2.7744665 1.1100043 0.84047514 1.019663
[7786, 0.6159296, 0.9458208, 5.904209, 0.40391678] 2.8410504 1.2335926 0.8695702 0.6327882
[7787, 0.52489185, 1.0032516, 4.3197384, 0.33856925] 2.8864298 1.4212248 0.8968901 0.92707384
[7788, 0.46564013, 1.0810913, 4.1767993, 0.6328776] 3.0659757 1.006471 0.9378028 0.88423985
[7789, 0.5356042, 1.036065, 2.7655816, 0.7590393] 3.3766341 1.2005862 0.89845055 0.86486894
[7790, 0.58094347, 0.95135784, 5.249969, 0.4898353] 2.9949877 1.1267503 0.8294485 0.6966061
[7791, 0.47540447, 1.0640924, 4.0923557, 0.7713985] 2.7874253 1.0498438 1.0368809 1.0683593
[7792, 0.5378023, 1.0201262, 5.0166163, 0.4519661] 2.9150186 1.2351365 0.95100445 0.89593554
[7793, 0.41414407, 1.0965466, 4.2293034, 0.8101662] 2.8957527 1.1885957 0.91019183 0.93577677
[7794, 0.42285538, 1.0868533, 3.4084885, 0.6605347] 3.231619 1.0695294 0.9804003 0.84361494
[7795, 0.53951925, 1.0062598, 5.555701, 0.4442082] 2.674232 1.1783924 1.0154476 0.8556808
[7796, 0.5203451, 1.0019442, 5.973076, 0.33059722] 2.7398915 1.0843823 1.1305242 0.8177707
[7797, 0.45371288, 1.0688679, 3.9875286, 0.6011176] 2.993002 1.1409324 1.0043794 0.9445638
[7798, 0.62283295, 0.93175334, 4.9598737, 0.6464571] 2.8938332 1.1383932 0.94694453 0.92950827
[7799, 0.6111689, 0.9260086, 4.832084, 0.60620755] 2.8445072 1.2485241 0.7882782 0.68166
[7800, 0.47665066, 1.0754608, 4.251722, 0.6126853] 3.1248295 1.0969799 0.9887218 0.8882889
[7801, 0.4917242, 1.0321506, 4.7748685, 0.47137633] 2.8880847 1.0403576 0.9433701 0.81074125
[7802, 0.5548679, 0.9905965, 7.4585285, 0.4055433] 2.836392 0.9598572 0.9982223 0.8575689
[7803, 0.47664666, 1.0256529, 5.0749764, 0.41104144] 2.7652822 1.1522564 1.0002918 0.88719445
[7804, 0.5912891, 0.9588681, 6.126495, 0.8423902] 2.4133127 1.1033871 0.96687007 1.2722908
[7805, 0.4437673, 1.0577916, 4.375858, 0.39588508] 3.1124547 0.99755794 0.984538 0.764908
[7806, 0.5095582, 1.0603575, 4.6169543, 0.5454483] 2.836225 1.1860577 1.1384355 0.9614762
[7807, 0.4804793, 1.0534263, 3.547679, 0.650437] 3.1678047 1.0843881 0.95385116 0.958587
[7808, 0.49767908, 1.0650315, 2.6192725, 0.8528427] 3.3801653 1.1296387 0.8799924 0.93061477
[7809, 0.5183118, 1.0032579, 5.64152, 0.20867994] 2.9717574 1.177522 1.0336453 0.9653812
[7810, 0.46584624, 1.0563638, 6.022699, 0.17204945] 2.9389246 1.0767459 0.8618413 0.8823705
[7811, 0.591643, 0.9853113, 4.926711, 0.8563067] 3.134142 1.0322336 0.7791265 0.73474455
[7812, 0.60457647, 0.9253008, 6.151556, 0.50742483] 2.3796346 1.2329184 0.8737501 0.9271793
[7813, 0.51778686, 1.0211135, 3.2793908, 0.8380961] 3.1444023 1.2300823 0.7889867 1.0005041
[7814, 0.58814824, 0.97242105, 4.0505877, 0.49503085] 3.0806017 1.108148 0.8434044 1.0350779
[7815, 0.47980726, 1.0369898, 4.7500515, 0.3690849] 3.0230923 1.1426625 0.9428869 0.77447104
[7816, 0.45105118, 1.0351084, 6.2333617, 0.17463511] 2.8966293 1.1600496 0.9369719 0.8748889
[7817, 0.47985035, 1.0446773, 4.5471573, 0.6495993] 3.2156363 1.0405428 0.8413738 0.786144
[7818, 0.50666225, 1.032062, 5.6741037, 0.5120603] 2.5931327 1.2630829 0.9709371 0.9396393
[7819, 0.518491, 1.0228543, 5.559811, 0.6401681] 2.519286 1.1234627 0.94240105 0.93840295
[7820, 0.5450538, 0.9688193, 5.566046, 0.4048353] 2.6771083 1.0835264 0.96271026 0.76231766
[7821, 0.520032, 1.0218105, 3.9405034, 0.59033954] 2.966519 1.3639691 0.96878415 0.8640188
[7822, 0.4852177, 0.98296934, 6.716023, 0.085060365] 2.798091 1.1197243 0.986996 1.0230823
[7823, 0.4828065, 1.045536, 4.6704936, 0.42602658] 2.8116229 1.2497282 1.0314442 0.78626674
[7824, 0.4810277, 1.0910755, 2.0696132, 0.8966071] 3.446841 1.1303743 0.91194713 0.9380023
[7825, 0.51918983, 1.0267154, 4.094333, 0.42332396] 2.9284663 1.0203576 0.95660144 1.101269
[7826, 0.39529058, 1.0981275, 4.016139, 0.9123342] 2.8271222 1.1969594 0.89494133 0.7780206
[7827, 0.48377505, 1.0422684, 4.5030746, 0.5800878] 2.9185321 1.1477056 1.0472236 0.964591
[7828, 0.5092197, 1.0334237, 5.253736, 0.6541661] 2.6703908 1.1481161 0.9308373 0.99565494
[7829, 0.5837513, 0.9531035, 6.852344, 0.56033057] 2.477465 1.1122408 0.8847795 1.0525149
[7830, 0.39278132, 1.1167583, 5.1096497, 0.63477594] 2.8952596 1.2520334 0.9657629 0.8559582
[7831, 0.60560524, 0.948313, 3.233522, 0.96253014] 3.0493624 1.1353401 0.92416316 1.1665196
[7832, 0.5125647, 1.0188613, 5.8484645, 0.5600049] 2.6826851 1.1908835 0.9486261 0.98378813
[7833, 0.40933567, 1.0971428, 5.592064, 0.34706184] 2.8665285 0.9150394 0.9518181 0.98419595
[7834, 0.48754966, 1.0446296, 5.2901416, 0.34959254] 2.762285 1.227183 0.995279 1.0017868
[7835, 0.5010211, 1.0315764, 5.2749605, 0.22172795] 2.9394283 0.9663612 0.89278907 0.9812228
[7836, 0.491469, 1.021292, 4.1987762, 0.6325679] 2.889302 0.99317956 1.0678492 0.7238847
[7837, 0.5839848, 0.95773506, 6.17953, 0.6134133] 2.6070511 1.3004359 0.93464375 0.88343674
[7838, 0.5142099, 0.99581844, 5.821659, 0.5061013] 2.489221 0.9987181 1.1219352 1.0136248
[7839, 0.49879128, 1.0424268, 3.778749, 0.44018126] 3.1393778 1.1764374 0.97440493 0.92520803
[7840, 0.5204076, 1.0142508, 3.358575, 0.727231] 3.2858534 1.2203029 0.8221384 0.7717013
[7841, 0.40391457, 1.0860653, 7.2964406, 0.2644763] 2.7140684 1.0466871 0.8788198 0.9459624
[7842, 0.5797434, 0.9522949, 6.905487, 0.29949686] 2.8661654 1.0389565 0.9386791 0.8661906
[7843, 0.4275796, 1.0421652, 7.136474, 0.13835987] 2.760984 1.1190072 0.9285847 0.8569413
[7844, 0.39417186, 1.1129856, 5.4270988, 0.5390731] 2.892367 1.0022309 1.0609698 0.94073176
[7845, 0.5875525, 0.9296601, 6.6027927, 0.34418333] 2.5100677 1.1861213 0.9537282 0.9971719
[7846, 0.60728395, 0.9433279, 4.9246287, 0.5229513] 3.0235817 1.0206953 0.95932156 0.7222105
[7847, 0.48031396, 1.0345641, 5.965512, 0.27617577] 2.6747515 1.2107979 1.0050588 1.1302894
[7848, 0.47106957, 1.0383122, 5.3433514, 0.3511801] 3.0485973 1.1279495 0.9812163 0.79598784
[7849, 0.4427459, 1.0554789, 4.651936, 0.46850964] 2.7869587 1.2710582 1.0862038 0.905412
[7850, 0.50401896, 1.0418596, 4.884503, 0.56913984] 3.0175595 0.9984228 0.94277376 0.8924264
[7851, 0.56332177, 0.9706956, 5.7748737, 0.3167337] 2.7352338 0.9926545 0.81364983 1.1187851
[7852, 0.6273996, 0.8822123, 5.653366, 0.42935884] 2.22438 1.1078528 0.94448155 1.0873307
[7853, 0.529979, 1.0143691, 3.9436383, 0.54181546] 3.1217759 1.0755616 1.0044736 0.9195003
[7854, 0.5289343, 0.9839254, 5.3295164, 0.67911285] 2.600351 1.1187197 0.83639765 0.9344447
[7855, 0.5917434, 0.95750266, 4.7363114, 0.5190988] 2.9318624 1.0946554 0.85364974 0.9348675
[7856, 0.5893125, 0.92100596, 5.6051936, 0.35807893] 2.171365 1.2001863 1.0013003 0.9903342
[7857, 0.47112122, 1.0605891, 3.7090127, 0.6879371] 3.0676775 1.2966185 1.0718231 0.9094901
[7858, 0.5129891, 1.0162541, 5.45405, 0.30912635] 2.8503342 1.2026576 1.0094177 0.8738811
[7859, 0.43313658, 1.0770704, 5.434562, 0.4353328] 2.751952 1.2797606 1.1258411 0.98362887
[7860, 0.5165123, 1.0099578, 5.418928, 0.4044879] 2.8507187 1.2114874 0.8866295 0.92924047
[7861, 0.4652336, 1.0796962, 4.0999312, 0.66952926] 3.0090735 1.0081484 0.95804083 1.0257369
[7862, 0.5914944, 0.95015436, 5.846401, 0.48468927] 2.505682 1.1136922 1.032374 1.0295633
[7863, 0.51034164, 1.0413084, 2.8332806, 0.7008979] 3.1015265 1.3230445 0.96107227 1.0146036
[7864, 0.47485194, 1.0669383, 2.2986073, 0.99744564] 3.2222638 1.0706629 1.0649549 1.0967115
[7865, 0.49313512, 1.0373433, 4.3776197, 0.39176938] 3.0256217 1.109087 0.95087934 0.901012
[7866, 0.49477893, 1.0256418, 6.6682034, 0.25588167] 2.5930092 1.0026628 0.99256307 1.1369282
[7867, 0.6445391, 0.90210533, 6.1815343, 0.36001804] 2.7241344 1.132818 1.0343128 0.9260626
[7868, 0.4323489, 1.0801041, 5.8488264, 0.4333334] 2.7361236 1.2902236 1.1013064 0.91654694
[7869, 0.46302646, 1.0498759, 5.682282, 0.39753082] 2.6337185 1.0504715 1.00757 1.0844332
[7870, 0.398122, 1.1109692, 3.0121849, 0.9324351] 3.316676 1.0905583 0.95505553 0.9879519
[7871, 0.50631326, 1.0284054, 5.016321, 0.4735482] 2.9377875 1.1689341 0.9632269 0.94343984
[7872, 0.5114121, 1.0195485, 6.3691134, 0.43676102] 2.7419944 1.1175437 0.91337216 1.1304007
[7873, 0.43111822, 1.0663122, 4.889589, 0.40719852] 2.7528121 1.132764 1.0395298 0.88026094
[7874, 0.58026314, 0.96079236, 5.2743883, 0.29436114] 2.952415 1.1147245 0.90752786 0.66199857
[7875, 0.47975963, 1.0527962, 6.223637, 0.25032824] 2.7390633 1.2509149 0.81457776 0.9989014
[7876, 0.62410283, 0.90484864, 5.3191013, 0.3173672] 2.9550235 1.000626 0.9039344 0.9030959
[7877, 0.4858108, 1.0370455, 5.772396, 0.7037619] 2.729428 1.1433738 0.8372276 0.9555047
[7878, 0.44135317, 1.061366, 4.45548, 0.42382875] 2.8355155 1.1625221 1.0405934 0.9470153
[7879, 0.50042117, 1.0280982, 4.2491064, 0.45440862] 3.0640676 1.0081453 0.96970946 0.9093585
[7880, 0.5332996, 1.0163138, 3.5974276, 0.6275801] 3.007873 1.2658415 0.9833577 0.7970816
[7881, 0.42956156, 1.0568825, 5.6400404, 0.45588267] 2.9672437 1.0582467 1.0082217 0.8985141
[7882, 0.52066374, 1.0098453, 5.842859, 0.4735368] 2.4900253 1.1641191 0.87711203 1.0772419
[7883, 0.45722982, 1.065746, 5.250259, 0.23978622] 2.9298525 1.3167118 0.92704445 0.89057386
[7884, 0.5337315, 1.005082, 4.2339625, 0.51109946] 3.0259926 1.2454876 0.90310746 1.0183325
[7885, 0.5807578, 0.9500906, 6.384977, 0.33768842] 2.598527 1.2072122 0.90341085 1.1154859
[7886, 0.48617202, 1.0371062, 6.2199244, 0.346935] 2.6980383 1.1219897 0.852759 0.9248772
[7887, 0.46596, 1.0519028, 4.4281363, 0.75219333] 2.7616863 1.3751014 0.87600315 0.8838404
[7888, 0.5089663, 1.0293502, 5.343221, 0.45365834] 2.7500615 1.2924488 1.0299044 0.8804136
[7889, 0.47619048, 1.0496233, 6.963996, 0.56268424] 2.7431276 1.0812644 0.8862666 0.9661934
[7890, 0.49597797, 1.0212861, 6.0749006, 0.3445505] 2.6775048 1.0512905 0.9553701 1.1832167
[7891, 0.5174662, 1.0158031, 4.7744164, 0.28497517] 2.9994338 1.2398269 0.98172885 0.91337043
[7892, 0.48814225, 1.0465274, 4.468913, 0.48912206] 2.8929515 1.1858572 0.9180191 0.877726
[7893, 0.455186, 1.0546302, 3.6293206, 0.6447734] 3.0762453 1.2176528 1.1160827 0.85070837
[7894, 0.5616959, 0.9719531, 6.2300673, 0.38875067] 2.4750257 1.197587 1.0014826 0.9899059
[7895, 0.45159715, 1.0719427, 4.7036138, 0.93653804] 2.9921734 1.0805198 0.89405847 1.0082538
[7896, 0.5385061, 0.9992809, 5.984932, 0.3974789] 2.6019049 1.2163422 1.0120559 1.007937
[7897, 0.58322513, 0.95200413, 5.378401, 0.60053396] 2.5974412 1.3283061 0.9498189 0.87224966
[7898, 0.42877758, 1.0813967, 3.242354, 0.8650011] 3.2199907 1.041112 0.89910483 1.0486783
[7899, 0.42327884, 1.0886472, 3.4221423, 0.8511081] 3.005658 1.2223932 0.8227906 0.9775981
[7900, 0.51559126, 1.0163236, 5.993128, 0.5007859] 2.7886713 1.0916456 0.8648964 0.8398173
[7901, 0.4903447, 1.0123947, 5.0013685, 0.47075742] 2.3821485 1.229698 1.0842134 1.0666493
[7902, 0.60142744, 0.9322493, 6.317853, 0.2731356] 2.5594285 1.256122 1.0103427 1.0306176
[7903, 0.5507447, 0.9961995, 5.5383706, 0.41134578] 2.9814649 1.1748769 0.8836811 0.88204116
[7904, 0.50584316, 1.0270764, 5.084233, 0.49680084] 2.691378 1.2114806 0.93336296 1.1720556
[7905, 0.4360934, 1.083459, 4.9053226, 0.33784887] 2.840543 1.1994997 0.9496314 1.0551008
[7906, 0.5851399, 0.9487998, 6.879719, 0.5545851] 2.5487676 1.1657736 0.9928862 0.86789185
[7907, 0.49011868, 1.050405, 4.177089, 0.6716511] 3.0276976 1.2895956 0.9285344 0.93717027
[7908, 0.5411396, 1.0025342, 5.3010015, 0.4082998] 2.8077736 1.1836145 0.96411926 0.8137257
[7909, 0.5697062, 0.9783173, 5.769801, 0.24765319] 2.7435524 1.0532149 0.8433183 0.93970704
[7910, 0.5514489, 1.0022073, 4.545494, 0.497438] 3.0612452 1.1159389 0.92441124 0.91154486
[7911, 0.5366874, 0.9955784, 5.1026545, 0.275735] 3.1059005 1.1149805 0.85636854 0.82065034
[7912, 0.6521268, 0.86871374, 5.8490705, 0.16187455] 2.891958 1.1729678 0.9203656 0.66965854
[7913, 0.5485146, 1.0166867, 4.4127784, 0.53479177] 3.1529596 1.1734729 0.90213513 0.7768907
[7914, 0.6145274, 0.91878086, 5.9800863, 0.3365935] 2.499784 1.1345124 0.97369766 1.0067772
[7915, 0.49893057, 1.0153418, 5.5920515, 0.55688107] 2.742067 1.0297648 0.8530299 1.0118979
[7916, 0.47623086, 1.0695459, 3.8673525, 0.9288096] 3.177144 1.0344368 0.9020553 0.97803116
[7917, 0.56778663, 0.93986785, 7.132897, 0.18866564] 2.745986 1.1855783 1.0673606 0.818445
[7918, 0.48121718, 1.0346023, 3.5845869, 0.4263908] 3.1069112 1.1495403 0.8342307 1.0742831
[7919, 0.5061404, 1.0367825, 4.546236, 0.48523575] 2.9871037 1.2571158 0.8902037 0.74293965
[7920, 0.4809621, 1.0271672, 5.6469626, 0.5921806] 2.8200116 1.0321329 0.9193183 0.837598
[7921, 0.5048752, 1.0067142, 6.16274, 0.2749375] 2.5439124 1.1778159 1.0188617 1.1189277
[7922, 0.49595633, 1.0294416, 3.2873611, 0.9458122] 3.2235785 1.1015733 0.82943434 0.80243826
[7923, 0.38148165, 1.0722994, 6.02085, 0.36578044] 2.8389575 1.1733935 0.8808669 0.8766818
[7924, 0.49876443, 1.0244368, 5.8418636, 0.29165515] 2.8239963 1.0397328 0.86439866 0.9611466
[7925, 0.5815557, 0.9777844, 6.5996456, 0.3297695] 2.805779 1.2069069 0.9020553 0.7718649
[7926, 0.33059266, 1.1334013, 3.93911, 0.61766434] 3.1261218 1.0826503 0.9240798 0.90350014
[7927, 0.50191563, 1.012887, 6.620133, 0.34282526] 2.7847273 1.1971622 0.9964818 0.8392962
[7928, 0.6080009, 0.9447086, 4.2041845, 0.6259808] 2.9945583 1.3521523 0.9715507 0.7106842
[7929, 0.46735743, 1.0630803, 4.890088, 0.7666722] 2.9452164 1.1170651 0.8916853 1.0512977
[7930, 0.4882237, 1.0171924, 5.2651715, 0.33538026] 2.554991 1.2888327 0.96981704 0.99280643
[7931, 0.48817396, 1.0461136, 6.249343, 0.45627555] 2.719736 1.1476581 0.9191449 0.85193723
[7932, 0.4494075, 1.0471051, 4.648026, 0.59849447] 2.6300619 1.1549389 0.9095218 1.1023829
[7933, 0.516697, 1.0550673, 4.0555863, 0.7602366] 3.1194983 1.054566 0.85323226 0.9913499
[7934, 0.46641248, 1.0432603, 5.223502, 0.41045672] 2.956022 1.0829786 1.158406 0.8165902
[7935, 0.51978695, 0.9917779, 6.9220943, 0.35878065] 2.4775438 1.2654697 0.89070576 1.0106258
[7936, 0.4769241, 1.0682935, 4.9275475, 0.58205885] 2.6578488 1.2592976 0.9696406 1.0765079
[7937, 0.47193405, 1.0473546, 5.005171, 0.8941394] 2.5078905 1.1735673 1.0179231 1.0104086
[7938, 0.5157458, 1.0393167, 6.0875916, 0.3137672] 2.781987 1.1546897 0.9356033 1.0612581
[7939, 0.54356843, 1.006671, 4.8841505, 0.6255425] 2.8530374 1.1699564 0.91188395 0.86410207
[7940, 0.5099022, 0.9998163, 6.3308372, 0.32150257] 2.6674757 1.1817771 0.9163966 0.99610543
[7941, 0.5299178, 0.99105424, 6.7720413, 0.4294148] 2.4267926 1.2381916 1.0317771 1.0130316
[7942, 0.51402307, 1.0104527, 5.1341457, 0.5111427] 2.8290482 1.2532271 0.85548633 0.78365296
[7943, 0.5746304, 0.974443, 5.4453726, 0.5319444] 2.9164078 1.1881937 0.9009218 0.7065433
[7944, 0.49110538, 1.0390106, 6.2033377, 0.1753912] 2.7923083 1.2805611 1.0986669 0.80099833
[7945, 0.43427223, 1.0878658, 4.6106987, 0.5293119] 2.9789958 1.1111158 0.98329514 0.81913286
[7946, 0.51143396, 1.0205766, 5.374036, 0.34354097] 3.0940545 1.1045476 0.824906 0.814449
[7947, 0.57880163, 0.9474275, 5.9853363, 0.2380963] 2.4419947 1.1658497 0.84737015 1.2736902
[7948, 0.5784048, 0.9652663, 6.198399, 0.60282433] 2.438159 1.0568722 0.9992435 0.99078757
[7949, 0.51553756, 1.0150867, 6.1058087, 0.44992658] 2.8015718 1.2205356 0.91761315 0.7871711
[7950, 0.6966502, 0.8809903, 5.9303946, 0.49057263] 2.383638 1.2423317 0.9843084 0.9089203
[7951, 0.56470495, 0.9973342, 3.2962642, 0.9464037] 3.0355425 1.1780087 0.8229318 0.97941923
[7952, 0.4992507, 1.0260397, 4.31854, 0.5837513] 2.9459138 1.1769944 0.99993825 1.0434846
[7953, 0.43282306, 1.0827235, 3.8785682, 0.6143832] 3.1301389 1.0775677 0.98410296 0.92823523
[7954, 0.45009905, 1.0631183, 4.312439, 0.9546122] 2.801768 1.1400044 0.95939136 0.9583407
[7955, 0.479412, 1.0600344, 5.5202923, 0.6679598] 2.721904 1.1325427 0.9862614 0.8962802
[7956, 0.52252173, 1.0004398, 6.6621723, 0.2599852] 2.6585805 1.1922538 1.0008442 0.84450835
[7957, 0.4541699, 1.0748334, 5.586608, 0.3438151] 2.8091686 1.1325822 0.90453035 0.9484771
[7958, 0.5487815, 0.96867883, 5.2806387, 0.54875696] 2.6116683 1.1552814 0.8833492 0.8234525
[7959, 0.5601186, 0.9835831, 6.005542, 0.35292825] 2.7407832 1.1167237 0.8338483 1.1424637
[7960, 0.518185, 1.0310078, 5.432701, 0.5362129] 2.980911 1.1009121 1.0010792 0.90382636
[7961, 0.4745526, 1.038329, 5.4887834, 0.3598332] 2.9809527 1.0556304 0.868829 0.8625288
[7962, 0.4865381, 1.0426232, 3.7992334, 0.792118] 2.9622664 1.1890634 0.8510846 1.0981678
[7963, 0.44439504, 1.0502608, 5.2060275, 0.7157151] 2.8869042 1.1683265 0.89939207 0.78089416
[7964, 0.6047846, 0.9108402, 5.6772966, 0.2908631] 2.2976563 1.0547704 0.93838483 1.1774418
[7965, 0.5666109, 0.96761745, 6.277966, 0.32717085] 2.5889966 1.2338647 0.98068726 1.0460491
[7966, 0.45023385, 1.0614524, 5.325193, 0.36690015] 2.68243 1.2401143 0.9880454 0.9194202
[7967, 0.5069143, 1.0313201, 3.2235665, 0.69898665] 3.1060407 1.046276 0.96071863 1.1279019
[7968, 0.45995545, 1.0781589, 5.7300134, 0.5461621] 2.7768068 1.0231236 0.98386 0.9732388
[7969, 0.40761536, 1.0749567, 5.470922, 0.45838863] 2.68435 1.2500962 0.9359014 0.9785337
[7970, 0.5152013, 1.0090083, 5.212415, 0.24362147] 2.6852396 1.1076847 0.9301303 1.1124128
[7971, 0.46651536, 1.0520172, 4.3165913, 0.65250814] 3.1155584 0.9857762 0.8633316 0.90995747
[7972, 0.6109518, 0.93852943, 4.9104967, 0.42116216] 2.9467187 1.0795909 0.9731871 0.96437925
[7973, 0.45018828, 1.0591865, 5.2009053, 0.57249916] 2.7389872 1.1614747 1.0159539 1.0188757
[7974, 0.5415945, 0.98937905, 6.2903676, 0.26931298] 2.6907287 1.1394557 0.95161563 0.91291726
[7975, 0.44003555, 1.0638969, 4.8210044, 0.45551062] 3.0055819 1.2448809 0.9418744 0.78095603
[7976, 0.46512645, 1.0667038, 5.300042, 0.58137053] 2.8108456 1.2018145 1.0563085 0.87684035
[7977, 0.5201185, 1.0074291, 3.87385, 0.5018727] 3.0639288 1.1254133 0.8851656 0.91086996
[7978, 0.5477756, 1.004138, 5.563413, 0.46732998] 2.6632879 1.2157382 0.93755496 0.9908239
[7979, 0.46774682, 1.0583774, 3.597193, 0.6733042] 3.047626 1.0843874 1.0808818 0.91224116
[7980, 0.585877, 0.9551319, 6.1660433, 0.20120457] 2.6167924 1.2453036 0.8968247 0.8986169
[7981, 0.46790847, 1.0599953, 5.056473, 0.445817] 2.7616303 1.1292825 1.033163 1.1282582
[7982, 0.47344968, 1.0115651, 6.1070175, 0.35974258] 2.5849302 1.1243463 1.029018 0.8988181
[7983, 0.47998694, 1.0524727, 5.725474, 0.23132828] 2.7181747 1.363773 1.023218 0.99139035
[7984, 0.49288046, 1.0363785, 6.626308, 0.37098902] 2.7622 1.0797637 0.84220207 0.95070666
[7985, 0.43570864, 1.0773911, 4.6815453, 0.6124927] 2.872541 1.2450418 0.9866767 0.8697614
[7986, 0.53242487, 1.0124129, 5.0438185, 0.56472176] 2.8129816 1.0740921 0.91288996 1.0761453
[7987, 0.52126116, 1.0145111, 6.421355, 0.2979611] 2.8787136 1.0503154 0.94971967 0.9541747
[7988, 0.43233484, 1.0873239, 4.359868, 0.4580648] 3.1035988 1.2423486 0.9629036 0.8920742
[7989, 0.52072245, 1.0192311, 5.024366, 0.6811283] 2.839425 0.9890212 0.99241155 0.82327086
[7990, 0.5227232, 1.0133599, 6.139236, 0.35462353] 2.7697473 1.2247113 1.0470093 0.8483761
[7991, 0.4674953, 1.0496255, 4.5844364, 0.48750547] 2.8423822 1.0868332 0.85006887 0.97202915
[7992, 0.5752422, 0.9607789, 5.896593, 0.44379935] 2.8787372 1.1947947 0.8617348 0.94728976
[7993, 0.6374636, 0.9110104, 5.3160634, 0.46028158] 3.2520192 1.0517756 0.77791286 0.75393337
[7994, 0.50164396, 1.0227289, 5.100603, 0.4160738] 3.032163 1.2036563 0.84608483 0.8816501
[7995, 0.51902026, 1.0191239, 6.912725, 0.38671222] 2.7053006 1.1538314 0.9919679 1.1957973
[7996, 0.46826333, 1.0675075, 4.314482, 0.54990107] 2.9441326 1.224217 0.9991341 0.956197
[7997, 0.53490365, 0.9979359, 4.99514, 0.49187505] 2.7659786 1.2293658 0.9262207 0.7992093
[7998, 0.60154533, 0.93604815, 5.2980146, 0.41250655] 2.4670386 1.095201 0.954848 0.9142967
[7999, 0.4807194, 1.0284365, 6.3910413, 0.3126892] 2.804317 1.2438926 0.8780716 0.86677533
[8000, 0.5218757, 1.0039059, 5.9776864, 0.13363414] 2.9900906 1.1469952 0.88857627 0.91061735
[8001, 0.38477767, 1.0896988, 4.481983, 0.37263885] 2.935395 1.3366503 1.0439929 0.87890655
[8002, 0.4348099, 1.0777869, 5.322246, 0.76358104] 2.8264585 1.2645184 0.94799066 0.92057294
[8003, 0.4740138, 1.0540048, 4.501155, 0.442661] 2.9639735 1.1756718 0.8844904 0.9676894
[8004, 0.45779258, 1.0517924, 5.8460946, 0.32144225] 2.9009404 1.1070734 0.88403636 0.9820558
[8005, 0.46231145, 1.0521388, 5.8133726, 0.29542774] 2.9458992 1.1969724 0.8959527 0.8144909
[8006, 0.4894955, 1.0358893, 5.784365, 0.23675634] 2.8854017 1.1320053 0.8767867 0.97325724
[8007, 0.54319215, 1.0088615, 5.822328, 0.36066553] 2.8160653 1.1050793 0.84008896 0.8299658
[8008, 0.433267, 1.0487481, 6.4369764, 0.11131647] 2.786402 1.1037364 0.9630884 0.9520035
[8009, 0.47252446, 1.0448447, 6.3347206, 0.3349766] 2.9364016 1.077665 0.84864014 0.808539
[8010, 0.4504139, 1.0420939, 5.725649, 0.29155138] 2.9037251 1.1110345 0.94693214 0.8901726
[8011, 0.48760927, 1.0493059, 4.1354175, 0.69374365] 2.974774 1.2879202 0.95613986 0.8921249
[8012, 0.4154786, 1.0952922, 3.4640026, 0.5534638] 3.1911702 1.2090504 1.0508687 0.8032863
[8013, 0.59416753, 0.9367559, 5.7017665, 0.29057372] 2.6081574 1.0972655 1.000018 1.1211805
[8014, 0.36885518, 1.1045188, 4.1935463, 0.38316682] 2.9559145 1.0601363 0.94937205 0.97483486
[8015, 0.5696725, 0.9903803, 4.624186, 0.4308401] 2.970903 1.0427554 0.93845314 0.95196265
[8016, 0.55740917, 0.99053526, 3.6837342, 0.8251442] 3.2111247 1.0964265 0.92293006 0.87320274
[8017, 0.46167406, 1.0522336, 5.3323126, 0.29864863] 2.9436078 1.2663298 0.9829855 0.8988336
[8018, 0.5100204, 1.0214753, 4.1352525, 0.35913327] 2.8691366 1.3151388 1.1044574 0.9544592
[8019, 0.4307124, 1.0753633, 5.4955997, 0.382162] 2.8819258 1.1297703 1.0195614 0.8507696
[8020, 0.57632565, 0.97193, 5.4810376, 0.44467685] 2.9584885 1.2440403 0.80040383 0.74067813
[8021, 0.57521397, 0.9570565, 5.309627, 0.47025853] 2.4288833 1.2532063 0.98629785 0.93000287
[8022, 0.599917, 0.94012433, 5.5100875, 0.26912338] 2.5692227 1.210904 0.98704517 1.0935491
[8023, 0.49243206, 1.0156742, 5.081123, 0.29307002] 2.9034886 1.090919 0.96615446 0.8717741
[8024, 0.47846922, 1.0421062, 4.4739027, 0.42143214] 2.955473 1.1445292 0.8470417 1.0147804
[8025, 0.48100013, 1.038754, 5.466298, 0.29202878] 2.816095 1.1631637 0.8573126 0.99366844
[8026, 0.51895845, 1.0286576, 7.015917, 0.5798433] 2.9917712 1.0355062 0.8484028 0.7819645
[8027, 0.5596686, 0.97533184, 5.202937, 0.4507363] 2.654905 1.3621016 1.0483639 0.91706246
[8028, 0.49723604, 1.0387256, 5.9630136, 0.46847564] 2.7037776 1.1006618 0.94220656 0.9435441
[8029, 0.52145493, 1.0185432, 4.3858886, 0.7237099] 2.710048 1.1557544 0.96634376 0.80887985
[8030, 0.39633057, 1.0821446, 5.4626102, 0.5010426] 2.5860093 1.1913767 1.1705766 1.1024622
[8031, 0.5120504, 1.0128349, 6.017327, 0.4893477] 2.794364 1.1401043 0.8193999 0.8544757
[8032, 0.542468, 1.0087432, 5.2348967, 0.30467254] 2.6795168 1.0956967 1.0434424 1.0215939
[8033, 0.5452141, 0.99148643, 4.229466, 0.41588172] 3.0285404 1.1331779 0.9216377 1.0202547
[8034, 0.47950122, 1.0456765, 6.0837574, 0.2738571] 3.058121 0.95619494 0.9590119 0.9282387
[8035, 0.6060132, 0.942063, 4.47289, 0.6584299] 2.9502256 1.2158002 0.9716975 0.91544515
[8036, 0.43835014, 1.0528815, 5.1832857, 0.49131557] 2.8531237 1.1049225 0.92617035 0.78529406
[8037, 0.514222, 1.0074817, 6.442365, 0.2640456] 2.8950186 1.0444651 0.8288601 0.7671779
[8038, 0.5459377, 0.99694914, 4.840313, 0.54340297] 2.6375961 1.3147672 0.96896285 0.90490174
[8039, 0.56336385, 1.0034376, 5.524281, 0.50138] 2.9553049 1.1029342 0.82147676 0.8296323
[8040, 0.48293144, 1.0391859, 6.577529, 0.3026876] 2.5993786 1.3008579 0.8879256 1.0464497
[8041, 0.47027704, 1.031226, 7.5020113, 0.4477594] 2.3915458 1.2277131 1.0321602 1.0727391
[8042, 0.5232537, 1.0131922, 3.2219186, 0.96102506] 3.1431017 1.1336915 0.9972558 0.88548344
[8043, 0.49465382, 1.0221896, 4.389292, 0.41424045] 3.1454525 1.0585071 0.9757604 0.82945395
[8044, 0.47550675, 1.0384043, 5.8883705, 0.32910177] 2.8039744 1.0176609 1.0078542 1.1211513
[8045, 0.5078001, 1.0442944, 4.02406, 0.69955885] 3.206888 0.97168803 0.8749712 0.9173694
[8046, 0.48631397, 1.0317819, 5.67474, 0.26558438] 2.72987 1.2088864 0.89008933 1.0195028
[8047, 0.561393, 0.93794835, 6.956, 0.19089697] 2.6388862 1.0755917 0.978452 0.9413797
[8048, 0.45891687, 1.0755286, 6.6000824, 0.4084749] 2.7391515 1.1025558 0.89282924 1.0881726
[8049, 0.5384535, 1.0072682, 5.219062, 0.46195978] 2.854212 1.1313818 0.9997231 0.9050205
[8050, 0.5079369, 1.0365858, 5.051007, 0.61535037] 2.8981912 1.0816144 0.93362325 0.7852814
[8051, 0.58043283, 0.9512078, 7.334131, 0.23017612] 2.8418925 1.227628 0.80845976 0.76214767
[8052, 0.51407623, 1.0315586, 4.139149, 0.46478513] 3.0507798 1.1302633 0.84829885 0.94936717
[8053, 0.49816293, 1.0408567, 5.9883275, 0.36927187] 2.880541 1.1032447 0.9451164 0.8559994
[8054, 0.395136, 1.0980287, 4.706795, 0.4836958] 2.7650318 1.2188845 1.0012289 1.034633
[8055, 0.40396792, 1.0987267, 5.9647374, 0.46493366] 2.7862878 1.1950033 1.0085424 0.8890343
[8056, 0.5023728, 1.0179029, 4.9255786, 0.4601592] 2.7613995 1.1899344 0.9842855 0.9091331
[8057, 0.51235837, 1.0255553, 5.6057167, 0.32625708] 3.0 1.0442982 0.90160197 0.7718971
[8058, 0.5441359, 0.9814534, 6.7323422, 0.18307824] 2.5052497 1.1441905 0.95632356 1.0496857
[8059, 0.42312816, 1.0641612, 4.7387753, 0.4763682] 2.7466836 1.1490233 0.77625173 0.9062501
[8060, 0.4970559, 1.0205362, 5.72001, 0.17633907] 3.0746899 1.1271235 0.7994637 0.73840797
[8061, 0.54586136, 0.97242635, 6.621535, 0.31554446] 2.63086 1.1229419 0.849436 0.93583524
[8062, 0.56010956, 0.9919197, 3.8191574, 0.45269728] 3.1190095 1.2966417 0.99814695 0.72729725
[8063, 0.49297902, 1.0332878, 5.0898356, 0.48964813] 2.9986284 1.1336643 0.93225104 0.88820696
[8064, 0.41814116, 1.090555, 2.4198818, 0.92814046] 3.464015 1.0263474 0.93617326 0.85956556
[8065, 0.52845037, 1.0100441, 3.7450094, 0.49278837] 3.348535 1.0267806 0.90004784 0.7647277
[8066, 0.45408309, 1.0529201, 4.378878, 0.48988456] 2.9767792 1.204543 1.082238 0.77827156
[8067, 0.507067, 1.011271, 5.313866, 0.47317424] 2.8248534 1.2034248 0.8992442 0.80689365
[8068, 0.53843236, 1.0083891, 4.8677583, 0.63927346] 2.7235124 1.1822895 1.0743724 1.0002592
[8069, 0.49424314, 1.0142941, 3.6288972, 0.9049414] 2.6894817 1.1360328 0.92426795 0.8040372
[8070, 0.5340028, 1.004846, 5.471132, 0.40789318] 2.9709122 1.2491405 0.8900561 0.75414705
[8071, 0.4752345, 1.0606064, 4.3836937, 0.6432194] 3.067896 1.1915352 0.85853446 0.8302303
[8072, 0.57145506, 0.98473936, 4.2731576, 0.7229697] 2.9197998 1.1419698 0.90562487 0.9777688
[8073, 0.50045633, 1.0399264, 3.495169, 0.7799386] 3.1633933 1.2764673 1.0354394 0.8379892
[8074, 0.51134664, 1.0063102, 5.814732, 0.28149933] 2.8983712 1.1278754 1.0659533 0.83398354
[8075, 0.41859102, 1.0775605, 4.692359, 0.53156424] 2.9720373 0.99674875 0.8457472 0.85338277
[8076, 0.5613842, 0.980757, 5.852315, 0.24588741] 2.8882008 1.1027455 0.93907905 1.0178682
[8077, 0.5643382, 0.9901918, 3.6842637, 0.7422096] 3.003193 1.1328083 0.92733413 1.0057344
[8078, 0.5393658, 1.0153023, 5.970061, 0.36478063] 2.8404863 1.2140865 0.9438403 0.82410556
[8079, 0.50662225, 1.0356677, 4.3301425, 0.60221267] 3.078211 1.1264098 0.9660884 0.7212637
[8080, 0.43913293, 1.0798656, 5.2965918, 0.48459613] 2.9740913 1.0230732 0.9859119 0.93948764
[8081, 0.5228804, 1.0122947, 4.9823937, 0.59168464] 2.6857002 1.1222801 0.9709846 0.9345254
[8082, 0.53121555, 1.0186027, 4.735394, 0.68438953] 3.030756 1.2074057 1.0053743 0.781425
[8083, 0.4730673, 1.0630442, 4.306595, 0.8558888] 2.9347675 1.1203259 0.9061484 1.0364383
[8084, 0.5375623, 0.98416734, 7.3319197, 0.15092917] 2.7388442 1.0945802 0.94270575 0.95562017
[8085, 0.69743985, 0.80579704, 6.174509, 0.23259827] 2.1061096 1.0490636 1.0826461 1.173169
[8086, 0.43841454, 1.0984421, 6.0064387, 0.22429873] 2.761326 0.9765775 0.9991927 1.0881159
[8087, 0.46238354, 1.0658531, 4.616225, 0.5265191] 2.877806 1.1437708 1.0519056 1.032607
[8088, 0.5488541, 0.97579914, 3.9148958, 0.68373454] 2.5173419 1.1618832 1.0453973 0.8119483
[8089, 0.55834955, 0.97433096, 7.409272, 0.26905355] 2.6406283 1.1572174 0.90353286 0.9114217
[8090, 0.53899014, 1.0165128, 3.7934005, 0.67199594] 3.217568 1.0310001 1.0491556 0.9214849
[8091, 0.45721138, 1.0298353, 6.2889795, 0.10268054] 2.6091032 1.1718887 1.0516207 0.87228024
[8092, 0.44972602, 1.0651088, 5.8740597, 0.41603634] 2.6453364 1.1073222 1.1404208 0.9731781
[8093, 0.37426996, 1.1088312, 6.0040965, 0.61548954] 2.5546093 1.1924372 0.9081986 1.0720583
[8094, 0.49731696, 1.026483, 6.0983796, 0.23278895] 3.0319703 1.070326 0.9379462 0.75592434
[8095, 0.51891774, 1.032842, 4.768409, 0.5201928] 2.911917 1.2292528 0.8876402 1.0168126
[8096, 0.50143147, 1.0129299, 6.890578, 0.35469884] 2.5251546 1.2014819 0.933557 0.9834868
[8097, 0.44131944, 1.049046, 5.5928645, 0.48498595] 2.8499675 1.2093612 1.1204795 0.80817056
[8098, 0.47010225, 1.0341752, 4.8446, 0.54410934] 2.9841642 1.0584507 0.9560466 0.8252915
[8099, 0.46956372, 1.0522926, 5.3559012, 0.2672788] 2.8161185 1.2213637 0.94077367 0.8882168
[8100, 0.504544, 1.038369, 5.2060475, 0.5601902] 2.9043958 1.2262052 0.8803643 0.9077954
[8101, 0.48549524, 1.0315052, 6.44853, 0.30241346] 2.6477115 1.142552 1.0309573 1.094806
[8102, 0.4902831, 1.0253438, 4.1622205, 0.64387345] 3.0885942 1.1073889 1.008976 0.8804622
[8103, 0.5155737, 1.0365602, 5.6380587, 0.39156753] 2.7589543 0.99708015 0.98985636 0.97104293
[8104, 0.46896183, 1.073678, 4.187831, 0.6964557] 3.1403818 1.0945785 0.79887486 0.9484073
[8105, 0.3784639, 1.1038078, 4.5798526, 0.28929904] 2.8337855 1.1378337 0.8853775 1.0272698
[8106, 0.53445184, 1.0177047, 3.895485, 0.45535862] 3.153412 1.0127491 1.0326214 0.7842195
[8107, 0.38628107, 1.0983808, 5.766248, 0.38119626] 2.6724098 1.0640719 0.9545893 1.1496916
[8108, 0.6429414, 0.8790171, 6.9245796, 0.30352533] 2.531305 0.99928164 1.1663325 0.65939146
[8109, 0.49862823, 1.0525306, 3.9252553, 0.7732143] 3.0583446 1.2040974 0.99196047 0.8298923
[8110, 0.47733673, 1.0506102, 4.1661897, 0.5890972] 3.0363636 1.0948749 1.0787001 0.8675014
[8111, 0.48149568, 1.0383228, 3.4029229, 0.92530435] 3.2683563 1.0405705 0.90308857 0.87858886
[8112, 0.5455638, 0.99766606, 6.491109, 0.34036133] 2.5548532 1.3061503 1.1030893 0.81119686
[8113, 0.45886374, 1.066292, 6.111031, 0.47160155] 2.6983402 1.0507321 1.1076117 1.0587586
[8114, 0.47746056, 1.0475583, 4.7023783, 0.35569748] 3.0092783 1.273945 0.87916857 0.834169
[8115, 0.4370553, 1.0689979, 5.6131973, 0.64841884] 2.6309159 1.174246 1.0766858 1.0278558
[8116, 0.4749632, 1.0550126, 5.0801287, 0.7177449] 3.009838 0.92000204 1.0018216 0.97335225
[8117, 0.5282113, 1.0105772, 4.444301, 0.5249372] 3.104687 1.0027858 0.8458237 0.88974774
[8118, 0.45446485, 1.0469337, 6.170169, 0.21458377] 2.635562 1.1566111 1.0191021 0.95340854
[8119, 0.488372, 1.0497378, 6.077796, 0.67026454] 2.8091729 1.0633194 1.0164086 0.8221724
[8120, 0.48490107, 1.0389575, 5.409915, 0.17846939] 2.9892914 1.2262589 0.9807507 0.8744481
[8121, 0.48480695, 1.0450315, 3.4452887, 0.89651096] 3.0932574 1.2038945 1.0615358 0.8901123
[8122, 0.43791345, 1.0701625, 6.1151814, 0.280842] 2.7883487 1.0347649 0.95017284 0.97557676
[8123, 0.41413087, 1.0834441, 4.170075, 0.6139728] 2.9938524 1.1649563 0.86969584 0.95728666
[8124, 0.45833114, 1.0541476, 3.6200554, 0.7790687] 2.912125 1.0289565 0.9338439 1.00093
[8125, 0.475283, 1.0408511, 3.8536701, 0.8824869] 2.8010375 1.1731095 1.0912076 0.85506755
[8126, 0.54581904, 1.00085, 6.1783757, 0.35933307] 2.6860495 1.0526532 0.9458038 0.9814292
[8127, 0.47017416, 1.0381507, 5.591388, 0.31435716] 2.8081524 1.2379003 0.9398616 0.9178619
[8128, 0.45638868, 1.0933144, 3.8587492, 0.6904761] 3.1831822 1.0255979 0.8006533 0.94040555
[8129, 0.4930508, 1.0498941, 4.378185, 0.48234737] 2.9394398 1.2979245 0.9412269 0.94347996
[8130, 0.5262036, 1.0012605, 6.8755813, 0.31875974] 2.5494282 1.2197313 0.97479534 1.0676365
[8131, 0.49644956, 1.0251493, 6.6789384, 0.22914365] 2.8542302 1.0431173 0.9351374 0.7243151
[8132, 0.4257554, 1.0710493, 5.612494, 0.26892883] 2.9333296 1.1727065 0.8882228 0.9311783
[8133, 0.4986687, 1.0140429, 6.7259946, 0.43635613] 2.749649 0.98773575 1.0504022 0.9287704
[8134, 0.44510913, 1.0344917, 5.7847137, 0.44856825] 2.6143763 1.1256495 0.9498598 0.91276807
[8135, 0.48084632, 1.0556247, 6.2416534, 0.40891019] 2.7620625 1.1208344 1.1927532 0.79258007
[8136, 0.46645492, 1.0426657, 5.889642, 0.32430613] 2.9354522 1.0192437 0.8036754 0.93244284
[8137, 0.544157, 0.97663265, 4.8494506, 0.54598314] 2.5335274 1.1641526 0.87033975 0.9479127
[8138, 0.4227041, 1.0743736, 5.214394, 0.3776343] 2.9388328 1.1995108 0.8895833 0.8733775
[8139, 0.464857, 1.044808, 5.8313394, 0.4088059] 2.7362683 1.2676674 1.0730639 0.8167585
[8140, 0.48615542, 1.0535154, 4.886206, 0.59039503] 3.0599344 0.98961794 1.0180451 0.8117087
[8141, 0.5933392, 0.94349945, 6.103071, 0.27847582] 2.8192499 0.9803356 0.734646 0.8271859
[8142, 0.52874404, 1.0123087, 4.5693607, 0.5137889] 2.9762669 1.1348464 0.8943776 1.0568169
[8143, 0.54390275, 1.0020738, 6.367402, 0.5116606] 2.554412 1.143781 0.9915706 1.0288182
[8144, 0.56096745, 0.9642488, 5.6707497, 0.49349728] 2.391346 1.1828105 1.0408958 0.9833923
[8145, 0.41758668, 1.0661982, 5.864969, 0.27402136] 2.6760328 1.1265643 1.1221197 1.0434352
[8146, 0.532742, 1.0003142, 5.791849, 0.31117263] 2.7469404 1.1783885 0.90437686 1.1059787
[8147, 0.4825124, 1.008749, 6.463909, 0.19551939] 2.8136334 1.1222847 0.94178194 0.88044304
[8148, 0.5125467, 1.0128098, 5.1164613, 0.465692] 2.8248024 1.0427836 0.80961484 0.94859535
[8149, 0.6374514, 0.9095609, 4.9625373, 0.31148997] 3.0351791 1.1791027 0.90479815 0.8070033
[8150, 0.47873494, 1.0373203, 6.864459, 0.24361965] 2.6546526 1.1931621 1.0179845 1.055294
[8151, 0.45279267, 1.0659287, 5.926704, 0.62230253] 2.5064049 1.183998 1.1092969 1.1329358
[8152, 0.51783675, 1.0254182, 4.766689, 0.46345058] 2.850231 1.1232934 1.0359383 1.0527704
[8153, 0.44165218, 1.0445293, 6.2933726, 0.25727573] 2.8201363 1.0130253 0.930493 0.8603808
[8154, 0.44737592, 1.0799924, 3.7337425, 0.68529725] 3.027632 1.1990187 1.0164226 0.9580653
[8155, 0.5440914, 1.0020928, 3.9604383, 0.742666] 3.1990309 1.0884819 0.90309334 0.80632997
[8156, 0.53505176, 0.9999657, 5.991778, 0.31426412] 2.6846097 1.1220624 1.0921038 0.9811967
[8157, 0.4511773, 1.0542878, 4.520686, 0.69296575] 3.019017 1.206405 0.83861995 0.8932738
[8158, 0.39842945, 1.082585, 6.9107533, 0.2622782] 2.654387 1.0427026 1.059141 0.9794365
[8159, 0.46859983, 1.0435929, 6.278913, 0.41868415] 2.5769963 1.3071837 0.96100193 0.85646725
[8160, 0.47344223, 1.0456967, 5.0935035, 0.28197867] 2.8454237 1.1179898 1.051811 0.86687857
[8161, 0.4154546, 1.0738761, 5.0860324, 0.42225388] 2.919761 1.1793886 0.89437765 0.93325704
[8162, 0.5606113, 0.97694284, 5.8335514, 0.40628406] 2.7436304 1.072874 0.9763948 0.998333
[8163, 0.4853428, 1.0603878, 3.3462436, 0.8964358] 3.2612455 1.0754274 0.9602823 0.77179456
[8164, 0.4718912, 1.0758072, 3.6278033, 0.93944985] 3.0539303 1.0504783 1.0051895 1.0736105
[8165, 0.48571828, 1.0306097, 5.222678, 0.37696752] 2.943865 1.1501203 0.9751572 0.86436373
[8166, 0.43731883, 1.07064, 4.404623, 0.59381396] 2.9672081 1.2613913 1.181369 0.8539037
[8167, 0.4692635, 1.0320175, 4.888027, 0.4770805] 2.5605714 1.2679521 1.0139425 1.0183772
[8168, 0.4906429, 1.0388265, 3.7095757, 0.75820655] 3.1177516 1.0206281 0.8687899 0.8577961
[8169, 0.55205977, 1.0174237, 5.037128, 0.81214964] 2.890983 1.103504 0.9259853 0.9667379
[8170, 0.60875845, 0.94357103, 5.9606047, 0.33491844] 2.853573 1.2251855 0.9573129 0.96683586
[8171, 0.48509637, 0.99656737, 6.3064046, 0.22316761] 2.6723673 1.2363836 0.9411315 0.7100829
[8172, 0.44788668, 1.0480632, 5.216221, 0.39099154] 2.999385 1.0918761 0.85156476 1.0379894
[8173, 0.5104346, 1.0114634, 6.5477605, 0.3167087] 2.6210017 1.1953627 0.85808456 0.91730416
[8174, 0.5145096, 0.99206626, 5.5069733, 0.38017395] 2.5564613 1.2696389 1.079152 1.012777
[8175, 0.50097334, 1.0193331, 4.027739, 0.81396794] 2.7557623 1.0819836 0.832997 1.0526628
[8176, 0.5155242, 1.0050483, 5.4870996, 0.36729807] 2.655491 1.1337777 0.81935805 1.1703451
[8177, 0.57279515, 0.9701447, 4.430341, 0.64220273] 2.7657082 1.1398084 1.0448015 0.90296304
[8178, 0.472448, 1.0599124, 3.1815927, 0.8215909] 3.218663 1.0964231 0.99501044 0.9847932
[8179, 0.5196721, 1.0343262, 4.9581766, 0.4649762] 2.8885975 1.2136275 0.9016148 1.012136
[8180, 0.4157506, 1.090633, 3.6908166, 0.6787783] 2.9854534 1.0809056 1.0201224 1.0306827
[8181, 0.46712464, 1.0423776, 7.741322, 0.21766332] 2.8252861 1.1089736 0.96217686 0.9721177
[8182, 0.5146534, 1.0203395, 6.68653, 0.4383208] 2.7673774 1.0786061 1.0204799 0.96942335
[8183, 0.45285147, 1.0486616, 5.850153, 0.37933123] 2.9022548 1.200044 0.9301406 0.870791
[8184, 0.50799936, 1.0200334, 5.189683, 0.26988283] 3.084887 1.2555547 0.8820619 0.7215957
[8185, 0.45254844, 1.0654364, 4.1245985, 0.48315015] 3.089836 1.0713168 1.0048243 1.0117115
[8186, 0.5157456, 1.0026891, 4.1788564, 0.5508255] 2.5949438 1.2033031 0.99406284 0.9367715
[8187, 0.4119733, 1.0866227, 5.7613926, 0.6845096] 2.8281608 1.0703273 1.0787607 0.9865244
[8188, 0.5285596, 1.0138676, 4.700538, 0.49006557] 3.0059826 1.0992099 0.9193149 0.947251
[8189, 0.5594381, 0.99072295, 3.822355, 0.81755114] 3.200334 1.2625325 0.7680565 0.85335124
[8190, 0.4705101, 1.042603, 5.5740705, 0.47132435] 2.9393735 0.84799725 1.0179336 0.9876108
[8191, 0.4590353, 1.0633895, 4.904828, 0.4260759] 2.9282486 1.198488 1.0565518 0.89491326
[8192, 0.3523696, 1.1013964, 4.447791, 0.4235536] 2.9664986 1.141082 1.0565889 0.9402263
[8193, 0.560594, 0.9702859, 6.4799404, 0.2996424] 2.5517113 1.1344262 0.9885537 1.0072609
[8194, 0.59797555, 0.9485593, 4.8035026, 0.58300287] 2.9158287 1.0016724 0.87698096 1.1787133
[8195, 0.5767257, 0.9346069, 5.998605, 0.4620975] 2.4798162 1.1557046 1.0201226 0.9284503
[8196, 0.43269774, 1.0756689, 6.3859973, 0.5375065] 2.7636817 1.1688374 0.95124924 1.0783688
[8197, 0.50440294, 1.0428934, 5.218998, 0.57552487] 3.0285954 1.1055619 0.95791745 0.94217545
[8198, 0.574661, 0.9737909, 5.000311, 0.7901818] 2.8193264 1.1693275 0.94872916 0.8247065
[8199, 0.51144636, 1.0193102, 5.6930294, 0.36669892] 2.5867696 1.1169465 1.0509977 1.1271689
[8200, 0.46344826, 1.0448304, 6.422305, 0.4072317] 2.9957426 1.1439067 0.82439077 0.9276582
[8201, 0.5006221, 1.0089928, 6.0613356, 0.33020687] 2.7180095 0.98977363 0.8550315 0.9479239
[8202, 0.5100851, 1.0177392, 5.1925364, 0.36603382] 2.8150775 1.1550546 0.89383876 0.94142216
[8203, 0.6396074, 0.87464887, 5.549417, 0.5733748] 2.3798826 1.1756104 0.94348294 0.86363816
[8204, 0.52285975, 1.0233213, 5.1996555, 0.44491252] 3.0304236 1.0634133 1.0591938 0.7120699
[8205, 0.53374654, 0.97762775, 7.4519277, 0.33051774] 2.647247 1.077466 0.93108606 0.8277493
[8206, 0.5422743, 1.0007648, 4.9437284, 0.41611487] 2.9409304 1.2359939 0.9429433 0.82580715
[8207, 0.47633445, 1.0301936, 5.2636456, 0.4226886] 2.5871923 1.2332637 0.9704557 0.9709327
[8208, 0.45006496, 1.0708917, 5.2850504, 0.3986246] 2.7936218 1.249281 0.9412362 0.99277884
[8209, 0.4600066, 1.0379858, 4.6871853, 0.554237] 3.0223417 1.1808593 0.92328817 0.79089296
[8210, 0.5053346, 1.0297515, 4.446889, 0.6764276] 2.8914635 1.1278405 0.9987408 1.0610949
[8211, 0.5379796, 1.0052507, 6.3727446, 0.32972258] 2.5589588 1.2546772 0.8544104 1.0689566
[8212, 0.368817, 1.1445328, 4.8668346, 0.5595481] 2.9359455 1.0806414 0.8445967 1.027213
[8213, 0.49688575, 1.0063256, 5.722538, 0.36997154] 2.5629487 1.3188158 0.805948 0.9057605
[8214, 0.48150057, 1.0362284, 4.683695, 0.47624257] 2.611238 1.1113193 0.79766923 1.1405019
[8215, 0.43533453, 1.0744215, 5.529475, 0.33387884] 2.7744346 1.2165886 1.0116445 0.9303705
[8216, 0.6757585, 0.8494487, 4.412613, 0.78541005] 2.3262277 1.0972914 1.022124 0.8218532
[8217, 0.5046264, 1.0339811, 4.6568093, 0.6724181] 3.1546805 1.2344275 0.96951216 0.693081
[8218, 0.52615035, 1.0078726, 5.862413, 0.4241794] 2.7315156 1.2030284 0.95144886 0.8285694
[8219, 0.5089314, 1.0289308, 5.1858783, 0.48394442] 2.6651368 1.2210565 1.0813818 1.1137832
[8220, 0.5736323, 0.96385694, 4.9997377, 0.67266405] 2.5147696 1.3499489 1.0426166 0.7436868
[8221, 0.38544455, 1.0949723, 4.6845884, 0.5153224] 3.1132326 1.0381243 0.86548436 0.901742
[8222, 0.472393, 1.0658468, 4.7990165, 0.59438556] 3.0686886 1.0448184 0.85022223 0.93287086
[8223, 0.48580652, 1.0466131, 5.745426, 0.39795923] 2.8033588 1.050285 0.9299134 1.1680552
[8224, 0.5007809, 1.013376, 5.589711, 0.7188641] 2.5286136 1.1068605 0.9001733 1.0611454
[8225, 0.5826926, 0.9707572, 5.7697763, 0.44018194] 2.7744472 0.98387593 0.8990318 0.9643936
[8226, 0.5565457, 0.99467325, 5.6172905, 0.59811294] 2.7222266 1.2346559 0.9654631 0.94554913
[8227, 0.5273567, 0.99063647, 5.8980966, 0.31888032] 2.634234 1.1742228 0.9946824 1.0811212
[8228, 0.52929115, 1.0302544, 4.398582, 0.54353726] 3.0204897 1.1749853 0.9634843 0.8231608
[8229, 0.53948647, 1.010916, 4.9839206, 0.5542514] 2.8439608 1.2967724 0.9147376 0.97287065
[8230, 0.45624357, 1.0696125, 3.3313754, 0.89220047] 3.2787554 1.0722798 0.83320487 0.81753516
[8231, 0.51287675, 1.0348401, 5.504663, 0.4825183] 2.8937612 1.20832 0.8502832 0.9163695
[8232, 0.46514252, 1.0658934, 6.118424, 0.3552127] 2.8514574 1.2188554 0.9309434 0.85099745
[8233, 0.51157975, 1.0321022, 4.9443398, 0.49067798] 2.779541 1.2670819 0.80434835 0.786163
[8234, 0.4485428, 1.0542032, 4.372226, 0.4845044] 2.6564226 1.1917124 0.9555366 0.889041
[8235, 0.49538377, 1.0482295, 5.038389, 0.6066165] 3.0679474 0.96745545 0.9486528 0.9500629
[8236, 0.5384425, 1.0085964, 4.3735337, 0.49824455] 2.7039301 1.0250708 1.1333586 1.170325
[8237, 0.50118476, 1.0144434, 5.7044787, 0.5216644] 2.5652924 1.1104552 0.9760968 0.8913149
[8238, 0.5140255, 1.0344875, 4.6653395, 0.5976414] 2.965111 1.1827691 0.9858797 1.0637995
[8239, 0.48985994, 1.0369968, 4.8758783, 0.6738644] 2.5093822 1.2752675 0.8921587 1.0824674
[8240, 0.53515005, 1.011222, 3.515386, 0.8574412] 3.308102 0.9657305 0.8824502 0.87909913
[8241, 0.44806167, 1.078255, 4.4739633, 0.56611276] 2.9701128 1.2095711 0.90994817 0.91745216
[8242, 0.50025284, 1.0480589, 5.408325, 0.31628764] 2.956715 1.1620028 0.93663985 0.9602541
[8243, 0.4570058, 1.0520703, 6.616923, 0.26939082] 2.7464519 1.1835482 0.86171246 0.91608596
[8244, 0.55726147, 0.99834204, 5.008919, 0.41363627] 2.7735717 1.1575385 0.9163135 0.92189306
[8245, 0.4204676, 1.0970962, 5.013211, 0.6746752] 2.8891876 1.0793428 1.0073698 1.0005696
[8246, 0.52842385, 0.99445266, 6.1326423, 0.29351148] 2.6078851 1.1943984 1.0011891 0.8993297
[8247, 0.44175652, 1.0686538, 5.6011634, 0.49511296] 2.647055 1.1335846 0.991136 1.0004326
[8248, 0.46889699, 1.0511744, 3.554156, 0.5090977] 2.9054444 1.1724777 0.9242024 1.0730976
[8249, 0.6092965, 0.9384407, 6.8256054, 0.40326378] 2.5778635 1.1736423 0.9989238 0.7835223
[8250, 0.49793848, 0.99664617, 5.083775, 0.5894796] 2.5379837 0.9241206 0.98169255 1.0259055
[8251, 0.61323386, 0.91531444, 6.124558, 0.26460147] 2.7760916 1.1983048 0.90611655 0.84959996
[8252, 0.53079814, 1.0104009, 6.2608576, 0.20696703] 2.4810586 1.1978779 1.1409518 1.1588262
[8253, 0.53829616, 0.9939848, 6.9594727, 0.17600976] 2.7883635 1.0445703 0.91568464 0.98724407
[8254, 0.41644174, 1.0661403, 5.1889734, 0.4401693] 2.545588 1.0786843 0.95252043 1.0427614
[8255, 0.43243867, 1.0871066, 3.448078, 0.5799125] 3.1802568 1.0857711 0.8495996 0.8496805
[8256, 0.5511345, 0.9803798, 5.3243256, 0.39538732] 2.2922735 1.2661536 0.9306454 1.018515
[8257, 0.51477057, 1.0239902, 5.3735437, 0.58180255] 3.003316 1.0230083 0.94414693 1.1608828
[8258, 0.48948175, 1.0335436, 3.9678962, 0.4564525] 3.0614235 1.0628892 1.0862757 1.005301
[8259, 0.46307275, 1.0401727, 4.3248963, 0.5062453] 3.1984382 0.99894816 0.83313745 0.9192218
[8260, 0.59058833, 0.9259445, 6.855814, 0.2434406] 2.5895247 1.0237772 1.0580177 0.87379164
[8261, 0.5738585, 0.9504995, 6.625661, 0.34660608] 2.2987592 1.1312946 1.005786 1.0518979
[8262, 0.4916907, 1.0347569, 3.6014025, 0.6670975] 3.1917944 1.1648031 0.83941776 1.049474
[8263, 0.4230009, 1.0977246, 5.6061215, 0.30879855] 2.8281214 1.1434499 0.98715633 0.9254836
[8264, 0.517508, 1.0209528, 3.918197, 0.6527989] 3.287097 1.1307775 1.0637662 0.6122866
[8265, 0.5271503, 0.99193144, 6.9953637, 0.11746518] 2.6777906 1.1568947 0.9834712 0.9946005
[8266, 0.4294216, 1.0702053, 5.0888085, 0.29265302] 2.9396966 1.1074386 0.898165 0.9470312
[8267, 0.46372455, 1.0287627, 6.481496, 0.30509672] 2.8302147 1.1170824 0.93082505 0.8595008
[8268, 0.46229142, 1.0678476, 5.141282, 0.41673565] 2.927672 1.0344977 0.8616642 1.0441707
[8269, 0.4501561, 1.0771768, 5.39503, 0.44247317] 2.866619 1.1653031 0.91225755 1.1349291
[8270, 0.45858353, 1.0319607, 5.7265673, 0.3649262] 2.6401162 1.1545479 0.88787305 1.0549515
[8271, 0.43134114, 1.0773016, 5.383878, 0.48159036] 2.830791 1.0627897 1.0243964 0.79544735
[8272, 0.5244297, 1.0206838, 3.9194424, 0.54244065] 3.2307215 1.171118 0.96290493 0.79989886
[8273, 0.46475363, 1.0537208, 5.485736, 0.37642717] 2.5774348 1.2723945 1.0152837 1.0713259
[8274, 0.53110635, 1.0138032, 4.705591, 0.4702616] 3.0299692 1.151639 0.9358897 0.9605169
[8275, 0.5464208, 0.97242016, 5.0742264, 0.49097592] 2.5227711 0.940969 0.94654787 1.1881441
[8276, 0.4781627, 1.0278165, 7.222278, 0.14501809] 2.644546 1.1176796 0.93873245 0.9403157
[8277, 0.44700733, 1.0767628, 4.0299335, 0.72761226] 2.8564117 1.2988932 0.98855627 0.95899236
[8278, 0.5971304, 0.91563475, 6.9488006, 0.19313323] 2.4850307 1.0488257 0.86510676 1.0270835
[8279, 0.4203352, 1.0558918, 6.238507, 0.5571266] 2.7327473 1.1637708 0.92580044 0.8593374
[8280, 0.47939318, 1.0473982, 5.5390673, 0.5027206] 2.518097 1.0874639 0.99933 1.0034623
[8281, 0.47894073, 1.0541544, 3.3551924, 0.68137366] 2.981275 1.2294607 0.96244085 1.0552117
[8282, 0.47028312, 1.0487676, 4.0592422, 0.6479449] 3.0356688 1.1214995 1.0006895 0.8905464
[8283, 0.45034274, 1.0595961, 6.6569242, 0.3148077] 2.6260328 1.1529577 1.0198087 0.9323062
[8284, 0.5289306, 1.0269818, 5.058147, 0.4747579] 3.0419114 1.004556 0.90447575 0.901115
[8285, 0.54031396, 1.006544, 3.6594188, 0.60352904] 2.899718 1.2335807 0.9583595 0.991503
[8286, 0.56576556, 0.985304, 5.5313635, 0.3466141] 2.8292186 1.2684454 0.92582625 0.9022223
[8287, 0.50389373, 1.0333347, 5.0801277, 0.5694421] 3.0981634 1.0796978 1.0059079 0.74438196
[8288, 0.47163928, 1.0582745, 4.8587074, 0.7029899] 2.7667143 1.0223144 1.0879078 0.8373505
[8289, 0.3941323, 1.0824949, 5.802035, 0.30944175] 2.6350613 1.1787698 1.042808 1.0916573
[8290, 0.50268495, 1.0408108, 4.320606, 0.58280075] 2.8672564 1.1433105 0.9472897 0.9291758
[8291, 0.41257834, 1.0759816, 5.411738, 0.441158] 2.7785451 1.2329738 0.9919925 0.8509671
[8292, 0.5451107, 1.0120178, 5.906108, 0.4879736] 3.0047457 1.1661679 0.9108965 0.8216836
[8293, 0.57013327, 0.9466036, 5.9904895, 0.27840635] 2.8027084 1.0773053 0.84382373 0.86369747
[8294, 0.51662683, 1.0312837, 5.211338, 0.6400984] 2.8209386 1.2139491 0.8724266 1.037788
[8295, 0.5043005, 1.0480754, 3.895163, 0.5513964] 3.0549674 1.1277461 0.9764963 1.0188411
[8296, 0.4456721, 1.066303, 6.50835, 0.36383727] 2.7407446 1.2352295 0.9145775 0.9560803
[8297, 0.5720415, 0.9689524, 4.628383, 0.5018588] 2.5900712 1.1317555 0.8742873 0.91791856
[8298, 0.54931295, 0.97464716, 7.032714, 0.5022069] 2.658014 1.0813986 0.88136727 0.9134063
[8299, 0.60552907, 0.90827614, 7.6360564, 0.15086392] 2.618846 1.011233 0.93031484 0.80442023
[8300, 0.50329006, 0.999007, 5.9859033, 0.25819835] 2.8503337 1.1020769 0.9070638 0.8895292
[8301, 0.4840549, 1.0039493, 7.1389685, 0.17385572] 2.4767795 1.1817416 1.0599214 1.178209
[8302, 0.5119484, 1.0108187, 4.9677763, 0.35646057] 2.5911357 1.1524075 0.91129154 1.0693917
[8303, 0.4119643, 1.0951082, 2.721793, 0.9638706] 3.1003816 1.1682144 1.0477948 1.0678942
[8304, 0.5335696, 1.013319, 5.370705, 0.360041] 2.889559 1.063295 0.9742627 0.8307976
[8305, 0.46104085, 1.0284575, 6.028764, 0.29712197] 2.6115398 1.0801709 0.9471561 0.9390538
[8306, 0.4591906, 1.0512322, 4.0403366, 0.5552673] 3.143318 1.1991116 0.89491236 0.8825043
[8307, 0.44405368, 1.0565448, 3.450119, 0.8881061] 3.193773 1.0716289 0.83915734 0.9204053
[8308, 0.5665614, 0.9365908, 5.8490825, 0.32371667] 2.5604043 1.1704887 0.85174304 0.81972206
[8309, 0.4750096, 1.024699, 6.0911555, 0.3241901] 2.6441655 0.963283 0.9444718 1.1104981
[8310, 0.54738295, 0.9854078, 6.428951, 0.44173685] 2.553374 1.139422 0.9526366 0.99433506
[8311, 0.5315756, 0.9994782, 5.1730943, 0.4901099] 2.5972843 1.2623023 0.8456848 0.919091
[8312, 0.64467394, 0.89990103, 5.4772425, 0.34551618] 2.7729394 1.1553086 0.9646618 0.7788546
[8313, 0.49732983, 1.0190862, 4.855828, 0.71742165] 2.5715585 1.257047 0.912226 1.0541205
[8314, 0.5530203, 0.98918, 4.8273587, 0.35462043] 3.0077226 1.0172037 0.88563854 0.7333477
[8315, 0.4946406, 1.047962, 5.847217, 0.7149588] 2.9434469 1.1594871 1.0376345 0.7933833
[8316, 0.5690938, 0.9672528, 5.8558507, 0.52175254] 2.4580534 1.279752 1.0389644 0.820124
[8317, 0.56751466, 0.9638464, 6.0618114, 0.31468832] 2.432755 1.3205385 1.0738579 0.7587846
[8318, 0.5273265, 0.9853996, 7.5639563, 0.1983784] 2.5511308 0.9998443 1.1394916 1.0733224
[8319, 0.49305725, 1.039464, 4.749478, 0.43969285] 3.013148 1.0597955 0.9134328 1.0307405
[8320, 0.58439994, 0.9460222, 6.1384816, 0.22962202] 2.3758173 1.2634039 1.0410701 1.0788851
[8321, 0.47217378, 1.0548863, 5.7082067, 0.52069724] 2.8192656 1.2494746 0.8566402 0.88842213
[8322, 0.4534296, 1.0581511, 5.1442986, 0.5488514] 2.640073 1.1310236 1.096603 0.9629383
[8323, 0.5531425, 0.97971183, 5.3727536, 0.39478293] 2.500922 1.2620636 1.0046165 1.0742733
[8324, 0.49656585, 1.0408825, 4.0874, 0.4049732] 2.9306953 1.1403077 1.1237711 0.98988885
[8325, 0.53486335, 0.9805671, 5.264728, 0.36270028] 2.6072996 1.2686992 0.95252824 0.9409806
[8326, 0.43152317, 1.0404634, 6.1037364, 0.25329146] 2.8547606 1.0515723 0.7813837 1.0135673
[8327, 0.40356332, 1.0647091, 4.9823923, 0.42695773] 3.0286186 1.0869607 1.0152051 0.95821166
[8328, 0.5141598, 1.0114428, 5.6510715, 0.33113962] 2.8188484 0.9199887 0.9373171 0.92611754
[8329, 0.46844503, 1.047246, 4.332303, 0.6634969] 2.7330873 1.0734704 0.9981035 0.83357745
[8330, 0.5145799, 1.0260333, 4.5189934, 0.5058397] 2.9530835 1.0460118 0.8912201 1.0313104
[8331, 0.4424697, 1.0726724, 5.6120725, 0.46894038] 2.6835327 1.2211453 0.9902184 1.0868272
[8332, 0.5093945, 1.0201454, 5.134502, 0.37661546] 3.1011453 1.0868255 0.848308 0.873478
[8333, 0.5198649, 1.0120038, 4.3388677, 0.39134404] 2.9469337 1.131873 0.9189431 0.99079937
[8334, 0.52466, 0.9825182, 5.084432, 0.55807096] 2.719115 1.1084545 0.88283646 0.9057628
[8335, 0.41412947, 1.0838026, 5.314904, 0.41196045] 2.8350248 1.2432646 0.99997896 0.85733575
[8336, 0.48937538, 1.0394531, 5.1503344, 0.3991871] 3.0048282 1.1577557 1.0141304 0.75217044
[8337, 0.5254135, 1.0017662, 6.685292, 0.3737925] 2.7447233 1.137507 0.8864265 0.8776811
[8338, 0.5386352, 0.99388516, 5.9106817, 0.20337366] 2.878402 1.2322183 0.83822376 0.811813
[8339, 0.5389061, 0.9919936, 5.59665, 0.51915395] 2.6486654 1.0130574 0.8840631 1.0067649
[8340, 0.4175234, 1.0725468, 4.4275947, 0.5838456] 2.909826 1.1164424 0.8201623 0.91021633
[8341, 0.49053547, 1.0307809, 5.7571635, 0.3973473] 2.9064832 1.2036815 0.8418419 0.7310026
[8342, 0.51835597, 1.0338659, 4.9326944, 0.41440356] 2.883732 1.1875479 0.9971309 0.9981581
[8343, 0.3812607, 1.1090776, 2.2635024, 0.8509344] 3.3245463 1.0730178 1.0430995 0.90591353
[8344, 0.4797079, 1.0248423, 7.6834016, 0.33501723] 2.662317 1.0869102 0.9821487 0.8419037
[8345, 0.5637806, 0.9946569, 4.1947255, 0.43749332] 3.0422924 1.2077765 0.8818408 0.7818129
[8346, 0.5734899, 0.968333, 5.425543, 0.4828471] 2.9036489 1.0471926 0.94864523 0.89839274
[8347, 0.53094786, 1.0147197, 5.658085, 0.38805202] 2.9965138 0.97767335 0.971529 0.7087431
[8348, 0.4746243, 1.0644612, 3.7796419, 0.70395046] 3.12534 0.8756859 0.9525939 1.0542257
[8349, 0.4723592, 1.0375084, 5.8793235, 0.29255676] 2.636885 1.243846 1.0748879 0.88779944
[8350, 0.38055965, 1.1097515, 4.9980083, 0.4696898] 2.851803 1.168424 1.1910862 0.9653266
[8351, 0.47979617, 1.0694213, 4.7972283, 0.48295808] 2.847706 1.1509669 1.0590726 0.8222238
[8352, 0.46931496, 1.0568043, 6.0694585, 0.36404547] 2.8078465 1.0686468 1.0018806 1.0388594
[8353, 0.5805429, 0.9696883, 5.4481316, 0.47270188] 2.485966 1.0909232 0.956687 0.9800006
[8354, 0.4972631, 1.0074674, 7.2748632, 0.1575204] 2.7105553 1.1232288 0.9011711 0.97169524
[8355, 0.4975182, 1.0307137, 6.3727183, 0.39516744] 2.5251706 1.2291352 1.0410732 1.0497749
[8356, 0.46037692, 1.0703089, 4.6740127, 0.708327] 2.9408903 0.9830529 1.052765 1.0520525
[8357, 0.5027499, 1.0386158, 5.885129, 0.56814116] 2.892981 1.074459 0.941062 0.83416903
[8358, 0.5007081, 1.0296962, 4.6067696, 0.5121616] 3.0267797 1.2612475 0.85253966 0.8461481
[8359, 0.5198092, 1.0146496, 6.9326787, 0.30295178] 2.8280423 1.0972688 0.95422536 0.9086266
[8360, 0.61297, 0.9275042, 8.641994, 0.2419644] 2.594628 1.1566838 0.9378203 1.0172863
[8361, 0.40693754, 1.0884974, 5.277638, 0.37366223] 2.954565 1.1226757 0.90437984 0.8019634
[8362, 0.5009229, 1.0407495, 5.9093633, 0.77282274] 2.8467047 1.1253859 1.0332223 0.90221995
[8363, 0.33050108, 1.1299604, 4.103803, 0.6230699] 2.8972893 1.1794063 0.9076053 0.87128276
[8364, 0.45320848, 1.0441474, 5.2629848, 0.44056344] 2.7478538 1.1615751 0.8399925 0.9528382
[8365, 0.48264492, 1.0581927, 4.4927497, 0.9063159] 3.1696837 0.90259093 0.9628269 0.8671734
[8366, 0.43435353, 1.0395404, 6.6240067, 0.18669896] 2.848773 1.2689332 0.8933011 0.8779738
[8367, 0.5422504, 1.0113869, 3.3318326, 0.75901055] 3.0526378 1.1546086 0.9425827 1.107211
[8368, 0.4703902, 1.050472, 4.9774003, 0.48370168] 2.7041078 1.0561517 1.0129809 1.0331417
[8369, 0.511437, 1.0277747, 5.2013154, 0.36008826] 3.0288968 1.0623 0.81198055 0.94218373
[8370, 0.52935296, 1.0157632, 4.8536944, 0.49451068] 2.9483593 1.1659452 0.8578965 0.89951307
[8371, 0.50080454, 1.0244511, 5.2887173, 0.363808] 2.778495 1.2024821 0.93984944 0.95709443
[8372, 0.5918105, 0.9708351, 3.3437815, 0.9439406] 3.2142518 1.183967 0.9964109 0.83824694
[8373, 0.4095022, 1.1101544, 2.6031284, 0.8811493] 3.313017 1.277848 1.0260764 0.83920115
[8374, 0.58948743, 0.9646786, 4.455385, 0.6629397] 3.1089375 1.1833744 0.85174334 0.7521571
[8375, 0.5244327, 1.0004098, 6.360882, 0.3576916] 2.4287632 1.1485841 1.1576583 1.0955652
[8376, 0.5368856, 1.0036622, 6.255554, 0.3210547] 2.869926 1.0306945 0.93554693 0.88496536
[8377, 0.5331312, 1.012148, 4.5228662, 0.6224736] 2.946368 1.0004458 0.9863486 1.0058393
[8378, 0.3863391, 1.1123661, 3.888166, 0.64713854] 3.1561322 1.1341059 0.96984106 0.8172599
[8379, 0.46722755, 1.029682, 6.349009, 0.17684905] 2.8626537 0.9940714 0.90139747 0.89140475
[8380, 0.47457895, 1.0467213, 4.8017063, 0.5373398] 2.6704354 1.2647043 0.93267715 0.99974227
[8381, 0.6455244, 0.88708407, 6.531162, 0.26803842] 2.1033251 1.1716864 1.0372299 1.1010951
[8382, 0.49916735, 1.0321113, 4.877103, 0.615649] 2.8124213 1.1342133 0.9309147 0.86695457
[8383, 0.5165107, 1.0220098, 6.171608, 0.3248247] 2.802679 1.0525602 0.91979116 0.82481873
[8384, 0.57425535, 0.96876246, 6.107949, 0.2435056] 2.7127745 1.121369 1.1055375 0.8698425
[8385, 0.55830216, 0.9861675, 6.1757274, 0.35593906] 2.6360476 1.0863017 0.8445654 1.1059769
[8386, 0.46559477, 1.0606798, 4.6113677, 0.96286124] 2.674195 1.0967908 0.8527111 1.184186
[8387, 0.49543542, 1.0111673, 4.634538, 0.8327008] 2.4921763 1.0424659 1.0900033 0.8697609
[8388, 0.58641547, 0.978089, 3.8890657, 0.40192035] 2.998698 1.0659212 1.0202429 1.0340405
[8389, 0.5545292, 0.98801094, 4.705316, 0.60562414] 2.7017608 1.1228241 0.9485325 0.96405226
[8390, 0.56215113, 0.9868622, 7.0196557, 0.1466306] 2.9141173 1.1938834 0.990771 0.73356247
[8391, 0.43475327, 1.0940677, 3.5997024, 0.5022377] 3.0388138 1.1378202 0.9992568 1.0150537
[8392, 0.4282049, 1.0831809, 5.1984344, 0.60076547] 2.8774326 1.1061621 0.9134925 0.8954186
[8393, 0.54064703, 0.993308, 5.9921556, 0.3305119] 2.9356198 1.1723622 0.8252182 1.0044615
[8394, 0.36764386, 1.1038926, 4.2988677, 0.6099137] 2.8664837 1.1151637 0.99399436 0.9587188
[8395, 0.5372082, 0.9919794, 5.7715597, 0.27146453] 2.7184422 1.0897728 0.8241382 1.0414884
[8396, 0.57044816, 0.97843856, 6.230707, 0.40353775] 2.7789154 1.1651225 1.0803151 0.7521949
[8397, 0.57648563, 0.9565556, 4.9920373, 0.78412277] 2.7086112 1.0472292 0.9723109 0.88302493
[8398, 0.45031306, 1.0725794, 4.4906893, 0.5434607] 2.9090517 1.1753255 0.87749076 1.005552
[8399, 0.5666808, 0.98008466, 6.398386, 0.2357171] 2.8084316 1.217468 0.87486565 0.8684784
[8400, 0.4322055, 1.0696459, 6.3129835, 0.29941598] 2.7212393 1.1033739 1.030742 1.0366057
[8401, 0.42383048, 1.0494276, 6.687307, 0.20827003] 2.6744635 1.048692 1.0642855 0.9209587
[8402, 0.5029066, 1.0244932, 6.9522185, 0.14731033] 2.6766756 1.0974633 1.027647 0.9531731
[8403, 0.6408065, 0.9142624, 4.641811, 0.40949026] 2.9918814 1.2704364 0.9299558 0.8173615
[8404, 0.5703672, 0.96033376, 6.502445, 0.31359324] 2.5891542 1.0810137 0.9934823 0.9060575
[8405, 0.550353, 0.99538946, 4.6456313, 0.40541422] 3.0839665 1.0664775 0.8876248 0.83951885
[8406, 0.46718773, 1.0555986, 4.76547, 0.49758172] 2.702177 1.069943 1.0478003 0.9326884
[8407, 0.56992537, 0.9605162, 6.7667356, 0.242281] 2.5588684 1.1953524 1.0759779 0.9233649
[8408, 0.4618216, 1.0620887, 5.060957, 0.28547397] 2.7396674 1.2633885 0.8424326 1.085777
[8409, 0.6399671, 0.8876118, 6.9161487, 0.21488526] 2.3089728 1.134257 1.0042937 1.0049008
[8410, 0.57598317, 0.9554855, 6.1178074, 0.28358534] 2.4403024 1.2101425 0.9399572 0.9465385
[8411, 0.41663933, 1.0854535, 5.3535476, 0.45742637] 2.9826188 1.1770743 0.92181563 0.8064472
[8412, 0.513217, 1.0215559, 5.230607, 0.27554563] 2.92821 1.1440837 0.9115922 0.8278317
[8413, 0.47738186, 1.0604299, 5.4475555, 0.2942157] 2.7650955 1.1976006 0.96745676 1.0355306
[8414, 0.47407824, 1.040275, 6.659851, 0.3242756] 2.7673469 1.2287213 0.8984036 0.91268337
[8415, 0.50383013, 1.0363386, 4.988225, 0.3279837] 3.0947385 1.169435 0.9248351 0.7681892
[8416, 0.5223098, 1.0219185, 5.618813, 0.34646648] 2.8586195 1.0941817 0.9325206 0.9318618
[8417, 0.4989831, 1.0154027, 5.946486, 0.2761705] 2.5001705 1.0971656 1.0343863 1.0900813
[8418, 0.49012923, 1.0351744, 5.4233084, 0.44418147] 2.6217444 1.1551678 1.0294709 0.9689605
[8419, 0.4285875, 1.0718942, 5.5651226, 0.37170961] 2.6321933 1.2394685 0.93814737 1.0699525
[8420, 0.48574308, 1.0470233, 5.2906675, 0.85324603] 2.625773 1.0923948 1.0090805 1.155598
[8421, 0.43450177, 1.0691558, 5.3350635, 0.35229513] 2.6350803 1.1236988 0.9855539 1.0715001
[8422, 0.48470968, 1.0408039, 5.567779, 0.59512234] 2.6360664 1.2344255 1.012496 0.92223215
[8423, 0.53354096, 0.96450514, 5.4100966, 0.416405] 2.2687025 1.1696754 1.1877657 1.1245421
[8424, 0.45454958, 1.0647026, 4.3696513, 0.8890194] 2.9636676 1.011159 1.0187045 0.8801433
[8425, 0.50516635, 1.0320805, 5.4103746, 0.4226618] 2.9883583 1.1459279 0.79814684 0.76431394
[8426, 0.47909164, 1.045647, 4.9210973, 0.37269834] 2.7643704 1.0860946 0.9708655 1.0410824
[8427, 0.4024185, 1.0685731, 5.502947, 0.29341158] 2.6889396 1.112339 1.0020864 1.1593884
[8428, 0.5203405, 1.0117592, 5.361581, 0.38617572] 2.7388685 1.1519192 0.973518 1.0323775
[8429, 0.5760139, 0.97742414, 3.743098, 0.54593974] 3.1103725 1.2039003 0.9423334 0.92901295
[8430, 0.48741186, 1.0247023, 6.9015017, 0.22298488] 2.6652174 1.2844512 0.85126036 0.89599603
[8431, 0.64603454, 0.89013463, 5.8349586, 0.36516094] 2.416789 1.0966935 1.0249805 1.0750785
[8432, 0.57168156, 0.97495645, 5.099243, 0.3482939] 3.0130155 1.1449054 0.9166318 0.79614353
[8433, 0.4229904, 1.0814112, 5.2352843, 0.5284983] 2.765441 1.1987294 0.96701825 1.1108917
[8434, 0.5286356, 1.0189569, 5.3291664, 0.42635116] 2.8901236 1.0197353 1.1715769 0.91403234
[8435, 0.41414773, 1.0942686, 4.066797, 0.58187217] 3.0402348 1.0821482 1.0289922 0.74600005
[8436, 0.57869667, 0.97081137, 4.953134, 0.49275652] 2.910386 1.1962551 0.8849774 0.8818795
[8437, 0.62088716, 0.9211943, 5.1460705, 0.5316584] 2.619963 1.0091676 0.9512236 0.8646499
[8438, 0.49079993, 1.0458852, 4.372335, 0.48680416] 2.9854608 1.1095476 0.9513855 0.9419987
[8439, 0.49255845, 1.0334747, 4.782812, 0.69877267] 2.736151 1.0834033 1.0364984 1.0350549
[8440, 0.48864633, 1.052986, 5.47543, 0.5609754] 3.0809643 1.0867038 0.91148543 0.8172003
[8441, 0.60366863, 0.93037707, 6.996469, 0.28838202] 2.7517214 1.0692929 0.9254054 0.948454
[8442, 0.5564001, 0.988182, 5.281752, 0.42319322] 2.8145466 1.3063837 0.9600379 0.74501675
[8443, 0.6134338, 0.91473126, 5.892602, 0.33266565] 2.2304978 1.1545128 1.1626711 0.9771786
[8444, 0.5241057, 1.0176469, 5.500288, 0.6382973] 2.8722532 1.2097391 0.95950747 0.7080965
[8445, 0.5331935, 1.0156739, 6.902853, 0.43378046] 2.890291 1.2344568 0.9340524 0.6705699
[8446, 0.53158766, 1.0371293, 6.361758, 0.4047271] 2.9592333 1.1235911 0.9051724 0.8846199
[8447, 0.57977414, 0.96298337, 3.9292467, 0.51318246] 2.9776027 1.1275027 1.0361803 1.0187365
[8448, 0.527713, 1.0259733, 4.3960733, 0.6176281] 2.966473 1.2057692 1.0376989 0.8892448
[8449, 0.6371593, 0.8698931, 5.868591, 0.48803824] 2.489714 1.139336 0.96065784 0.72533506
[8450, 0.38960624, 1.1053483, 4.9740405, 0.5728085] 2.6841457 1.2967727 0.95499575 1.0457698
[8451, 0.57555383, 0.9483108, 3.9531827, 0.6046888] 3.1154165 0.9650804 0.9139888 0.8618545
[8452, 0.6160874, 0.9461024, 4.798188, 0.59251976] 2.5014122 1.0863318 0.96276766 1.0418324
[8453, 0.5612009, 0.9934685, 4.957163, 0.50989765] 2.7840493 1.132606 0.97668725 1.0326948
[8454, 0.51215446, 0.99643564, 6.2245126, 0.18941706] 2.943779 1.208774 0.857241 0.7835164
[8455, 0.5936621, 0.9434989, 5.6411443, 0.4689253] 2.526391 1.1893477 1.0343347 0.77505213
[8456, 0.51425886, 1.0314153, 3.997529, 0.58434325] 2.9808567 1.2969402 0.84633356 0.87235945
[8457, 0.350894, 1.1324536, 4.683479, 0.4245715] 2.7969024 1.3618221 0.9056029 1.038273
[8458, 0.45740548, 1.0858829, 2.8824668, 0.8901518] 3.364921 1.057158 1.0260001 0.9302046
[8459, 0.53920275, 1.0097497, 4.4711714, 0.8057195] 3.0401921 1.0793728 0.8811676 0.8015396
[8460, 0.5908755, 0.967192, 5.285763, 0.3105324] 2.8995302 0.83445305 0.76196724 1.1508895
[8461, 0.38760304, 1.0825965, 6.1858363, 0.4718487] 2.908072 1.145383 0.9313623 0.8606796
[8462, 0.46185145, 1.0810032, 4.0795403, 0.87740105] 3.1213279 1.0780584 0.86596465 0.8709968
[8463, 0.4091787, 1.0689888, 4.3632956, 0.61764073] 2.968917 1.048059 0.91935444 0.99437094
[8464, 0.5189276, 1.0034577, 5.0040364, 0.35984218] 2.6755602 0.9958499 1.1660258 1.0235558
[8465, 0.5169359, 1.0182924, 5.2532783, 0.8184312] 2.7729378 1.1870806 0.9469418 0.6867582
[8466, 0.46920905, 1.0648773, 3.048764, 0.9080282] 3.1663337 0.92412144 0.998127 0.9504304
[8467, 0.379206, 1.0818099, 5.6507893, 0.43986547] 3.0027864 1.0581617 0.86356324 0.74412525
[8468, 0.5049694, 1.005182, 6.31762, 0.18872274] 2.6094658 1.2689247 1.0798438 1.0095868
[8469, 0.53572774, 0.99456024, 5.725526, 0.38410848] 2.6333992 1.1222992 0.9113306 0.8748659
[8470, 0.45948583, 1.0420952, 6.695185, 0.26858217] 2.7037506 1.147118 0.8859801 0.8626145
[8471, 0.54440624, 1.0034962, 3.9218297, 0.9754665] 2.6069713 1.3676368 1.0087905 0.8944277
[8472, 0.40310875, 1.0908, 4.555049, 0.39660543] 3.0110192 1.1130497 0.9641907 0.9244848
[8473, 0.5289158, 1.0046488, 5.589464, 0.44929156] 2.655785 1.1454618 0.90919685 0.95787203
[8474, 0.43880543, 1.03791, 5.805146, 0.39602882] 2.828641 1.069861 0.9698731 0.9107162
[8475, 0.47763357, 1.0435193, 4.8338485, 0.5810138] 2.8209746 1.1632227 1.05344 0.9828812
[8476, 0.41025904, 1.079956, 5.452523, 0.54720104] 2.7572453 1.0834992 0.94702154 0.88986707
[8477, 0.4825513, 1.0366917, 5.6552987, 0.56767434] 2.942663 1.1616651 0.9044135 0.8090306
[8478, 0.4898515, 1.0489488, 3.8542984, 0.7154355] 3.0704093 0.9578172 0.9303328 0.854291
[8479, 0.5698167, 0.972349, 5.899451, 0.32163548] 2.806274 1.168985 0.93377674 0.8269448
[8480, 0.4664843, 1.0276741, 5.567912, 0.4024673] 2.8909197 1.0785141 0.90352106 0.8961848
[8481, 0.5112185, 0.99718815, 4.4129043, 0.34003732] 3.1777976 1.1181263 0.8763344 0.7610526
[8482, 0.5825561, 0.9680616, 3.6447117, 0.854995] 3.1430376 1.2329551 0.8620271 0.8229485
[8483, 0.49098116, 1.0238074, 4.5068684, 0.42464292] 2.7920363 1.1713375 0.8589721 0.92763394
[8484, 0.55664676, 0.9980782, 4.7978115, 0.9347715] 2.9151762 0.98634464 0.7963644 0.9458832
[8485, 0.4761784, 1.0249393, 7.3749676, 0.25742882] 2.8884091 0.9858379 0.9009017 0.9665778
[8486, 0.4546293, 1.0687177, 5.5323324, 0.4527374] 2.863712 1.1887567 0.9553388 0.88285816
[8487, 0.524831, 1.0154755, 5.145583, 0.41526747] 2.867818 1.0421343 0.9258049 0.90514886
[8488, 0.3957915, 1.0792646, 4.695667, 0.47337446] 3.0781815 1.102456 0.9105369 0.9041106
[8489, 0.5997157, 0.9077838, 5.8515797, 0.23011388] 2.3035955 1.0845764 0.99254924 0.99491185
[8490, 0.395268, 1.0881431, 5.983072, 0.52700955] 2.7778115 0.90615237 1.0162576 0.9570758
[8491, 0.45606324, 1.0563974, 5.797512, 0.27086186] 2.7956746 1.1518711 1.0196801 0.9908161
[8492, 0.4579159, 1.0544173, 6.2163777, 0.29512095] 2.8154707 1.0243914 0.9327656 0.99436235
[8493, 0.4926824, 1.053714, 7.4843593, 0.28130522] 2.8222597 1.0353701 1.0659055 1.0514245
[8494, 0.66456807, 0.8474992, 6.555286, 0.37736362] 2.396978 1.153939 1.0778184 0.9884358
[8495, 0.38856864, 1.0976462, 4.815044, 0.65055174] 2.8008165 1.2184075 0.8915657 0.9964881
[8496, 0.52121276, 1.028907, 3.9415932, 0.7822601] 3.1275358 1.2218757 0.82751244 0.6853011
[8497, 0.48713452, 1.0060849, 6.6000066, 0.33505747] 2.4830093 1.2311188 1.0458115 0.9601683
[8498, 0.5021341, 1.0269433, 4.416477, 0.46646506] 2.939537 1.1239105 0.98138213 0.9016306
[8499, 0.5353133, 1.0141245, 4.3608336, 0.4867454] 2.9464352 1.0982292 0.87870914 0.96599615
[8500, 0.4829331, 1.0514276, 4.6110125, 0.5284079] 2.9888155 1.0863796 0.9965622 0.9169288
[8501, 0.5474259, 1.0036486, 4.9636607, 0.3932935] 2.8018217 1.0719498 0.94523686 0.95301795
[8502, 0.51223767, 1.0275267, 6.1439104, 0.32668313] 2.909702 1.1357731 0.89435226 0.8378813
[8503, 0.48083407, 1.0242584, 6.8427005, 0.2534944] 2.6977773 1.278758 0.85733086 1.0457537
[8504, 0.4665305, 1.0396962, 5.565435, 0.40279055] 2.763923 1.1519396 0.9480416 1.0510507
[8505, 0.5161755, 1.0140592, 4.4978495, 0.48161733] 3.0708146 1.1119046 0.99896866 0.7824332
[8506, 0.5198007, 0.98855764, 6.1507897, 0.2906042] 2.7069662 1.2252235 0.89100444 0.76237905
[8507, 0.41630325, 1.0757699, 5.8028955, 0.4401735] 2.8682399 1.1984994 0.84391433 0.8449872
[8508, 0.49313474, 1.0096706, 5.01336, 0.45087233] 2.5542316 1.1240197 0.9392434 1.0231332
[8509, 0.4748399, 1.0393034, 6.0721416, 0.39429104] 2.5686004 1.1407624 0.99265486 1.0740938
[8510, 0.54341257, 0.9780405, 5.9193525, 0.7814024] 2.5064604 1.1680851 0.85889584 0.8568413
[8511, 0.45518136, 1.0537702, 5.998527, 0.2809406] 2.7425175 1.0505872 0.8541673 1.0091155
[8512, 0.47733557, 1.039225, 4.2700095, 0.54497725] 2.906013 1.0612398 0.96506184 0.97549045
[8513, 0.4951233, 1.0096546, 6.025337, 0.36988026] 2.5822237 1.0911636 0.9644248 0.8220564
[8514, 0.46980456, 1.0564617, 5.5726204, 0.5933146] 2.8528485 1.0713812 0.8981023 0.8317151
[8515, 0.5410073, 0.9667366, 4.8313727, 0.5611106] 2.497509 1.250985 0.99835414 0.86154664
[8516, 0.41290647, 1.0891573, 4.920603, 0.45731744] 2.810071 0.99984014 0.91674376 1.0246716
[8517, 0.26548228, 1.1461284, 3.5846457, 0.67158496] 3.130037 1.0931915 0.96555954 0.92928356
[8518, 0.4911874, 1.0494474, 4.0096974, 0.5326784] 3.1911263 1.0461816 0.8361376 1.0114963
[8519, 0.5324562, 1.0085682, 5.086296, 0.4109357] 2.892552 0.9648852 0.9309258 1.016001
[8520, 0.5643406, 0.9658811, 6.8005233, 0.3335132] 2.6237843 1.3249929 0.8810497 0.895559
[8521, 0.5111679, 1.0142516, 5.868808, 0.5539593] 2.3850965 1.1555371 1.0815842 1.0418264
[8522, 0.5263359, 1.0021917, 4.437312, 0.59738815] 2.6420803 1.0846573 1.025068 1.0207824
[8523, 0.47053728, 1.0146747, 4.529961, 0.55819863] 2.9908142 1.0712866 0.817892 0.7183708
[8524, 0.4484435, 1.049098, 5.0607834, 0.35371944] 2.7718122 1.1062864 0.9153184 1.0398885
[8525, 0.5464173, 0.98449147, 5.498354, 0.38436624] 2.688985 0.9332591 0.92172366 0.8987873
[8526, 0.5401241, 1.0082581, 3.9725733, 0.7327917] 3.1723619 1.0247437 0.85438854 0.9211969
[8527, 0.52019083, 1.0132928, 5.107108, 0.41500595] 2.915404 1.0830008 0.92477214 0.8128193
[8528, 0.49977702, 1.0258408, 5.0333953, 0.57204324] 2.742869 1.2498996 0.9552486 0.96294785
[8529, 0.5274861, 1.0219103, 5.466882, 0.4369493] 2.8596084 1.2280695 1.0705054 0.7545857
[8530, 0.4988836, 1.0166633, 5.6717796, 0.37659508] 2.8832378 1.1671038 0.8727387 1.0044072
[8531, 0.4229943, 1.072677, 6.2715116, 0.35959795] 2.924903 1.2257314 0.8939349 0.9124505
[8532, 0.51751393, 1.0201873, 5.2260194, 0.36376712] 2.5809462 1.1647002 1.0705372 1.118043
[8533, 0.5267089, 1.0066217, 6.5580034, 0.5259407] 2.4962852 1.1507761 0.8973293 1.1125871
[8534, 0.48710653, 1.033307, 6.354721, 0.55386] 2.7373643 1.1294163 0.92288023 0.8892817
[8535, 0.42043474, 1.0859628, 4.6116576, 0.41851234] 3.178051 1.0223856 0.81500953 0.98318017
[8536, 0.51259845, 1.0287402, 4.7355943, 0.5868286] 2.6914327 1.2556863 1.0270265 0.9871462
[8537, 0.51550674, 1.0085361, 7.401207, 0.13247018] 2.5222933 1.0880274 1.0814401 0.9397955
[8538, 0.4762744, 1.0723526, 3.686167, 0.9129095] 3.0974746 1.0537364 0.9939088 0.8475927
[8539, 0.48141626, 1.0372045, 4.9861164, 0.66681457] 2.8944116 1.1677479 0.93753356 0.9568373
[8540, 0.5575336, 0.9781846, 5.0312443, 0.6474884] 2.7217705 1.2437438 0.8996536 1.0135951
[8541, 0.5565706, 0.9540428, 5.4355717, 0.29193357] 2.9716384 1.0935439 0.86228734 0.68176234
[8542, 0.46081206, 1.04846, 6.9973326, 0.25850314] 2.6787333 1.1789887 1.165588 0.9229528
[8543, 0.52909744, 0.9998497, 5.679537, 0.29985335] 2.948852 1.0081245 0.94823104 1.0270532
[8544, 0.48762512, 1.0185827, 4.5816216, 0.39275655] 3.075105 1.0549921 0.82381594 0.8001096
[8545, 0.48637897, 1.0446415, 4.414915, 0.5118994] 3.0637255 1.182817 0.8954537 0.97305614
[8546, 0.51687795, 1.0002323, 5.697804, 0.32205233] 2.6542623 1.1845635 0.85377693 0.86571044
[8547, 0.4278527, 1.0842068, 5.178462, 0.2832517] 2.9815264 1.051298 0.94414246 0.887311
[8548, 0.44621328, 1.0739069, 5.0253644, 0.47467506] 2.8761952 1.1641876 0.96769536 0.9824294
[8549, 0.6139217, 0.9075148, 4.9084888, 0.41008398] 2.3929996 1.0329038 0.93085164 0.9671803
[8550, 0.4149433, 1.055629, 5.946564, 0.31403697] 2.6899848 1.1946417 0.99506825 1.0757982
[8551, 0.70649916, 0.8105313, 6.7267303, 0.2813194] 2.3667667 1.3398318 0.876388 0.7623257
[8552, 0.5025422, 1.027307, 5.799412, 0.41658175] 2.6662154 1.0575149 1.0890745 1.1139629
[8553, 0.5378083, 0.9788406, 5.852174, 0.20511264] 2.8829148 1.163087 1.0550872 0.74871606
[8554, 0.62215054, 0.9271129, 6.01675, 0.7001898] 2.5986094 0.9740366 0.9964693 0.8898362
[8555, 0.49620527, 1.0274653, 6.144711, 0.18261732] 2.8594253 1.2464561 0.80635417 0.90645874
[8556, 0.48630416, 1.0496544, 6.328525, 0.5731016] 2.7944148 1.0754225 1.0350646 0.99653953
[8557, 0.5307037, 1.0098457, 5.051946, 0.5420209] 2.7024136 1.1813729 0.91710794 1.0802152
[8558, 0.45834297, 1.0765352, 6.8942943, 0.2854697] 2.735647 1.1566197 1.0641644 0.94256425
[8559, 0.47292802, 1.053467, 5.833984, 0.30284554] 2.6920073 1.2700766 1.0979123 0.9922919
[8560, 0.49965945, 1.0479013, 3.0820248, 0.78235155] 3.3412728 0.97317517 0.95306987 0.9375779
[8561, 0.40155566, 1.0863858, 4.9941573, 0.7651279] 2.9258618 1.186809 0.97808313 0.8203819
[8562, 0.5363705, 0.99546015, 5.724936, 0.4913994] 2.516749 1.1377712 0.86496574 0.9638852
[8563, 0.49291396, 1.0131254, 6.1624017, 0.31204382] 2.5671873 0.99825925 1.0328605 1.0070889
[8564, 0.50824505, 1.0042715, 6.167137, 0.31722412] 2.7823908 1.1634004 0.9865685 0.8139808
[8565, 0.40261525, 1.0907922, 4.293329, 0.828605] 3.0470445 1.107669 1.0356138 0.89458245
[8566, 0.5447675, 0.96395206, 5.524905, 0.38196504] 2.876719 1.1135526 0.88800275 0.79846346
[8567, 0.4257856, 1.0712587, 4.094766, 0.5242644] 3.090033 1.0909446 0.83640647 0.8805502
[8568, 0.6228921, 0.914319, 5.8297234, 0.27830967] 2.743369 1.2606992 0.8532985 0.90046585
[8569, 0.5185408, 1.0136334, 4.4729342, 0.5002839] 2.785974 1.1789057 0.88762605 1.0268118
[8570, 0.5158869, 1.0184003, 6.023627, 0.552693] 2.6411104 1.2176449 1.007344 0.9524365
[8571, 0.40133196, 1.0888889, 4.0987563, 0.6056783] 2.9382966 1.1485127 0.80530757 0.9928229
[8572, 0.49901867, 1.0581806, 3.553318, 0.76357174] 3.0396514 1.18378 1.0425092 0.80665386
[8573, 0.6142455, 0.94217473, 6.2278028, 0.46314308] 2.6739917 1.1751919 0.9391938 1.006281
[8574, 0.4740497, 1.0429449, 5.112814, 0.36213535] 2.7883115 1.2612873 1.0029352 0.7856609
[8575, 0.58167744, 0.98794985, 5.2418036, 0.9070027] 2.7936437 1.2280629 0.9826444 1.080122
[8576, 0.45707443, 1.064733, 5.366728, 0.41428038] 3.0178783 1.0937554 0.94709146 0.8956664
[8577, 0.6011985, 0.9360375, 5.288258, 0.44235313] 2.659309 1.0326 0.87250257 0.81054497
[8578, 0.4803226, 1.0273576, 5.856455, 0.502363] 2.9105954 1.1518198 0.92749447 0.67828083
[8579, 0.5518381, 0.98288, 6.1275935, 0.44009778] 2.8159306 1.1185544 0.8932872 0.9449399
[8580, 0.5444654, 0.9805955, 5.5214815, 0.3562026] 2.6612577 1.1517681 0.97415125 0.99025786
[8581, 0.5084963, 1.0299755, 5.668729, 0.3709458] 2.924733 1.239372 0.8749211 0.7905251
[8582, 0.5345471, 1.00211, 5.660201, 0.27798077] 2.8839664 1.2225128 0.8661087 0.84529954
[8583, 0.51963645, 1.0008497, 4.6922665, 0.48447332] 2.9454546 1.2487863 0.9323245 0.79468304
[8584, 0.50599545, 1.0195801, 6.170601, 0.18667275] 2.7598002 1.272454 1.0050031 0.9327061
[8585, 0.5309535, 1.0116733, 3.84457, 0.6018442] 3.2884033 1.1335629 0.9416516 0.7500501
[8586, 0.5723502, 0.94934654, 5.059439, 0.55951023] 2.2962043 1.1794242 1.0308973 1.0723346
[8587, 0.45493835, 1.0659517, 3.7651942, 0.61075693] 3.1216128 0.8786248 1.0190738 0.87043184
[8588, 0.6214062, 0.92757946, 5.309189, 0.47943088] 2.9116952 1.044168 1.0269767 0.89596754
[8589, 0.38037667, 1.0961838, 4.305145, 0.8306184] 3.027499 1.0944378 0.99106026 0.9027112
[8590, 0.44631982, 1.0631881, 4.879037, 0.41161004] 2.9762433 1.037664 0.95783144 1.0078197
[8591, 0.5133702, 1.0280392, 5.943949, 0.38774842] 2.8449957 1.2382232 0.9045784 0.90525055
[8592, 0.43510923, 1.0286779, 6.367338, 0.41864392] 2.5196323 1.3115695 0.91990757 0.8780497
[8593, 0.47208023, 1.0428271, 6.1431265, 0.48804626] 2.6735349 1.2552415 0.9198171 0.88609207
[8594, 0.49298456, 1.029354, 5.5014324, 0.22301133] 2.9365475 1.2535988 0.953433 0.86153966
[8595, 0.44161746, 1.0746133, 2.8315837, 0.6575433] 3.2025995 1.2330549 0.90409416 0.954052
[8596, 0.50821173, 1.0245948, 4.3608303, 0.43904397] 2.9798858 1.0907434 0.92387944 1.0345654
[8597, 0.485015, 1.0357723, 5.066937, 0.3886793] 2.7547777 1.3225296 0.95643246 0.82395905
[8598, 0.46095756, 1.0701327, 4.323091, 0.5547845] 2.919409 1.1041895 1.0193571 0.9943659
[8599, 0.5487332, 1.0186437, 5.3320813, 0.4386629] 2.9680111 1.0580443 0.9479781 1.0161706
[8600, 0.5051554, 1.0348767, 5.265949, 0.41676039] 2.9667294 1.0121121 1.0156069 0.8003526
[8601, 0.48338377, 1.0264829, 6.0001163, 0.39237878] 2.7195137 1.1384363 0.9507582 0.76665133
[8602, 0.44388065, 1.0609919, 6.4152436, 0.2743694] 2.8722286 1.0455801 0.9137075 0.9426074
[8603, 0.4315478, 1.0644244, 5.2513523, 0.46096382] 2.9350414 1.0970918 0.91487014 1.0274081
[8604, 0.42373398, 1.0761662, 3.7734973, 0.5481648] 3.0876803 1.0942144 0.9198173 0.9603208
[8605, 0.4576721, 1.0889778, 4.25356, 0.91342115] 2.8269672 1.1764693 0.9317428 1.0793939
[8606, 0.5079537, 1.0250756, 4.9461555, 0.36903137] 2.8777251 1.07301 1.0880398 0.82891136
[8607, 0.43521637, 1.0609117, 3.5080044, 0.85310787] 2.9286335 1.2206513 1.0426577 0.9114699
[8608, 0.5220991, 1.0116467, 6.199187, 0.26554826] 2.7705364 1.0007952 0.95817435 1.0376302
[8609, 0.45301723, 1.0674157, 5.1787443, 0.5416066] 3.0891159 1.1635846 0.9462761 0.7999949
[8610, 0.63040537, 0.9014907, 5.514258, 0.35195255] 2.635499 1.0284904 1.0420516 0.85993916
[8611, 0.5097215, 1.0121111, 6.6905355, 0.28698868] 2.8671465 1.128471 0.80792814 1.0173881
[8612, 0.52015895, 1.0234351, 5.9419, 0.54913455] 2.9286666 1.1212373 0.96944857 0.81396466
[8613, 0.5900527, 0.9654061, 5.398386, 0.58301604] 2.6303952 1.1828954 0.84648025 0.9737639
[8614, 0.56979704, 0.98207754, 4.4339223, 0.37276658] 2.97292 1.3023281 0.97693086 0.94282156
[8615, 0.5053354, 1.024031, 5.114179, 0.578355] 2.862803 1.1379341 0.8075146 0.95760524
[8616, 0.4874884, 1.0263593, 6.177994, 0.2485751] 2.7313876 1.0182265 0.9474998 1.1130149
[8617, 0.47203603, 1.0470481, 3.6542027, 0.6880137] 3.069595 0.95102423 1.0303698 1.0087054
[8618, 0.43792158, 1.0573862, 4.3777256, 0.52492005] 3.0779421 0.8974349 0.9931977 0.95642304
[8619, 0.48167518, 1.0401503, 6.1362076, 0.26520884] 2.7346299 1.1209364 1.1568627 0.9386888
[8620, 0.5517919, 0.9894364, 5.24485, 0.33011496] 2.9385006 1.0675898 1.0205488 0.765491
[8621, 0.47184074, 1.0470575, 6.381331, 0.21284948] 2.6481981 1.2525885 1.0236322 0.912446
[8622, 0.56657785, 0.976252, 3.996722, 0.7955865] 2.8852098 1.2682278 0.948058 1.1350085
[8623, 0.5678694, 0.9755014, 6.1304665, 0.29643446] 2.797025 1.2363801 0.8384565 1.0441573
[8624, 0.55873704, 0.9580692, 5.311473, 0.39110538] 2.465387 0.9937902 0.92467016 1.0582739
[8625, 0.6056569, 0.89904165, 4.729027, 0.6522649] 2.5057032 1.211492 0.8887648 0.7591124
[8626, 0.4738293, 1.0236735, 4.7261353, 0.64727175] 2.5629165 1.2404752 0.8415703 1.1059829
[8627, 0.68278605, 0.83413655, 7.140068, 0.37449387] 2.216162 1.2397947 1.0520107 0.9680037
[8628, 0.697261, 0.844571, 6.8645215, 0.31483495] 2.661554 1.0750035 0.8531482 0.7041923
[8629, 0.46531793, 1.0670303, 4.592061, 0.41375148] 2.7680056 1.142612 1.1271076 1.0947678
[8630, 0.5593309, 0.9865552, 3.9213834, 0.39940155] 3.1921954 1.2103422 0.81165475 0.829589
[8631, 0.48433045, 1.0444157, 5.340166, 0.44909158] 2.9479072 1.0143008 0.9784057 1.0499741
[8632, 0.53838485, 1.0086745, 4.3591294, 0.5703564] 2.8241258 1.1981769 0.960188 0.9353506
[8633, 0.52278525, 1.0086364, 5.5604115, 0.41874307] 2.6501665 1.2489058 0.9180137 0.8541932
[8634, 0.49653894, 1.0125276, 5.8934474, 0.5304763] 2.7554922 1.1325047 0.7516113 0.8492487
[8635, 0.49831286, 1.050601, 3.9483237, 0.691233] 2.9184918 1.1614938 1.0480889 0.8302213
[8636, 0.41641212, 1.0807153, 4.6660314, 0.4597363] 2.9513116 1.188007 0.9394187 0.76912934
[8637, 0.44448164, 1.0506973, 6.288628, 0.293583] 2.6888025 1.1620761 1.0543138 0.9804889
[8638, 0.54104686, 0.9842153, 6.2066956, 0.2161753] 2.777216 1.1447392 1.0239034 0.8056964
[8639, 0.44373852, 1.0452448, 6.0335293, 0.34729317] 2.5354588 1.15579 1.0205505 1.0207789
[8640, 0.5135983, 1.0277745, 5.0816255, 0.28391588] 2.8116558 1.2511119 1.101719 1.0219985
[8641, 0.43813094, 1.0713738, 5.2308893, 0.39338335] 3.016792 0.9473635 0.948993 0.90301216
[8642, 0.504004, 1.0108271, 8.113597, 0.38722506] 2.517331 1.0947006 1.0048943 1.0058501
[8643, 0.6098322, 0.9621236, 4.546926, 0.47861826] 2.9747512 1.1648 1.1121327 0.962798
[8644, 0.46074775, 1.0641333, 4.6716275, 0.9741137] 2.7437449 1.0357678 0.999887 0.9058603
[8645, 0.39948463, 1.075744, 5.4283237, 0.35592642] 2.7847564 1.2452183 0.8842668 0.88353217
[8646, 0.5646812, 0.95758146, 6.7762303, 0.23218583] 2.682707 1.155841 0.9895523 1.014211
[8647, 0.32081136, 1.1232775, 4.904271, 0.36407775] 2.9250944 1.1332661 1.0248703 1.0439289
[8648, 0.4831043, 1.0515924, 4.6872125, 0.79958147] 3.031559 1.1791748 0.9674723 0.75512356
[8649, 0.48174128, 1.0188512, 6.5803, 0.310196] 2.5254395 1.0891739 1.1387168 0.99012583
[8650, 0.51561016, 1.0099398, 5.7444115, 0.25895432] 2.8323376 1.1206629 0.9092066 0.99862665
[8651, 0.44143516, 1.0670927, 4.1025634, 0.5484166] 3.1930704 1.1044959 0.7207261 1.0312923
[8652, 0.5138629, 1.0287544, 5.96761, 0.47054663] 2.785751 1.1203281 0.94662976 0.84927255
[8653, 0.545484, 0.9815279, 5.916051, 0.510161] 2.3358393 1.2735364 1.0996261 1.1038753
[8654, 0.47387734, 1.0428872, 5.0393515, 0.34573913] 2.9354775 1.1141 0.97321206 0.80056363
[8655, 0.4651718, 1.0659564, 4.3961406, 0.68795735] 2.8359785 1.0633206 0.95570123 1.1403036
[8656, 0.54233754, 0.9770646, 5.592367, 0.42218745] 2.5032039 0.9696877 0.9618277 0.9651708
[8657, 0.50618166, 1.0346568, 3.932714, 0.54414886] 3.0106695 1.2082307 1.108077 0.96196705
[8658, 0.5207513, 1.0136821, 3.6957297, 0.78651494] 2.9508727 1.2086245 1.1375964 0.9045311
[8659, 0.68657446, 0.84648854, 6.2664986, 0.47335088] 2.531926 1.1323129 0.7914091 0.85893095
[8660, 0.43835706, 1.0560962, 5.017021, 0.91421634] 2.7667313 1.0157074 0.9022608 0.8768762
[8661, 0.3543874, 1.1090134, 3.9312801, 0.81936896] 2.9986582 1.2294633 1.0221171 0.7899533
[8662, 0.5240538, 1.0272124, 3.487168, 0.6753121] 3.1426342 1.2784718 0.7951769 0.8808113
[8663, 0.44493222, 1.0627675, 3.1065881, 0.8327625] 3.1057298 1.1886741 0.9249741 0.92206365
[8664, 0.5891322, 0.94951856, 7.267286, 0.26324075] 2.7810254 1.1869985 0.9931277 0.741454
[8665, 0.44371694, 1.0590433, 4.320549, 0.36702302] 3.0498126 1.228613 0.9946632 0.74362355
[8666, 0.57294863, 0.97225726, 3.9339943, 0.7225993] 2.8752937 1.1342008 0.9006448 1.1663384
[8667, 0.52869415, 1.0084251, 5.7382326, 0.32482353] 2.712743 1.0984418 0.794114 0.90891707
[8668, 0.52956676, 1.0292546, 4.200246, 0.69394714] 3.1710036 1.0502514 0.8981999 0.7874635
[8669, 0.4103653, 1.1065693, 3.8573358, 0.49789256] 3.0853684 0.97019607 0.9656038 1.0533584
[8670, 0.49319127, 1.0247273, 6.3923187, 0.21889952] 2.7086265 1.2063253 0.8025254 0.9862522
[8671, 0.5944686, 0.9526566, 6.227192, 0.30786994] 2.6073475 1.1818279 0.9929835 0.90825015
[8672, 0.47186214, 1.0557599, 5.567035, 0.35346147] 2.8708212 1.2610359 1.0279931 0.9185213
[8673, 0.40127861, 1.0702456, 4.730941, 0.39205122] 2.910524 1.1005833 1.001752 0.95822364
[8674, 0.46568525, 1.0286846, 7.783262, 0.24726668] 2.6683314 1.067273 1.074487 0.9182625
[8675, 0.5299787, 1.0084013, 5.988431, 0.487099] 2.524861 1.2925881 0.94456714 1.0441768
[8676, 0.51189077, 1.0061423, 5.382958, 0.4356559] 2.7620451 0.9998957 1.011946 1.0053283
[8677, 0.5338647, 1.0085444, 5.090553, 0.50707185] 3.0754032 1.0194266 0.92083365 0.92515254
[8678, 0.4406964, 1.0928841, 5.2674003, 0.8391098] 2.928724 1.1604633 0.89803493 0.9022878
[8679, 0.4696005, 1.0654329, 5.3551636, 0.48671502] 3.0380132 1.1226543 0.90462524 0.9501759
[8680, 0.39276832, 1.1005387, 6.1728883, 0.37134662] 2.760987 1.2562151 1.0176998 0.87707275
[8681, 0.48766962, 1.0535755, 3.7606874, 0.7080208] 2.8351235 1.2621908 1.1067481 1.1161864
[8682, 0.53746974, 0.996242, 3.2142851, 0.57321626] 3.3375332 1.07662 0.8748436 0.9258378
[8683, 0.4307419, 1.0840499, 3.6752484, 0.70782477] 2.9071164 1.0587511 0.9387105 1.0353479
[8684, 0.50083834, 1.0227938, 6.007553, 0.5383587] 2.5521274 1.2475991 1.0191404 0.93191147
[8685, 0.36293057, 1.110736, 5.534542, 0.4004118] 2.845329 1.1733322 0.8984716 0.9237552
[8686, 0.5509928, 1.0048461, 4.454565, 0.5089805] 2.882004 1.1391541 0.96304864 1.1014274
[8687, 0.4719598, 1.0341251, 6.1038537, 0.27633545] 2.8694112 1.1228418 0.85162085 0.98715115
[8688, 0.5808123, 0.95524967, 5.316389, 0.36609557] 2.627783 1.0743586 0.77660275 1.0482838
[8689, 0.59966874, 0.97091943, 4.786809, 0.6100767] 2.9266522 1.3401339 0.8564615 0.969186
[8690, 0.49933285, 1.0221215, 6.1315613, 0.41639316] 2.8339326 1.0052117 1.0097988 0.97477496
[8691, 0.526519, 1.0060065, 5.4466786, 0.319159] 2.6703527 1.2570674 1.1369264 1.0576686
[8692, 0.47230142, 1.0527062, 5.2670865, 0.5256582] 3.0001895 1.0432386 0.95074874 0.8180045
[8693, 0.4886156, 1.0445778, 6.278494, 0.5021647] 2.7747993 1.0845996 0.87253135 0.9711741
[8694, 0.56894475, 0.9650819, 4.8520727, 0.6499888] 3.1134193 1.151388 0.7970624 0.6442484
[8695, 0.461058, 1.0502721, 6.218563, 0.3792071] 2.9121208 1.1540782 0.92253304 0.81506467
[8696, 0.6214335, 0.9214673, 4.002556, 0.81588006] 3.0341358 1.1567206 0.8575295 0.7078838
[8697, 0.6067039, 0.90091306, 5.629739, 0.3878282] 2.2449176 1.267138 0.9045264 0.94207525
[8698, 0.62470394, 0.9485003, 4.3905773, 0.80450714] 3.095628 1.0528892 0.8817237 1.204066
[8699, 0.5517612, 0.99175674, 3.8026905, 0.53200996] 3.2894957 1.0230969 0.81435424 1.1289054
[8700, 0.50353944, 1.0213904, 5.220482, 0.41766715] 2.9207537 1.0654265 0.8311874 0.9804639
[8701, 0.5198367, 1.0271062, 4.2487273, 0.65314543] 3.0236242 1.2108941 0.8537205 1.0228015
[8702, 0.5813804, 0.9627076, 4.80563, 0.7165547] 2.2164607 1.1726391 1.2148588 1.1293856
[8703, 0.54279536, 0.98558426, 6.5768757, 0.42736515] 2.766083 1.0595853 0.9213516 0.94597787
[8704, 0.5743024, 0.9571077, 7.2451553, 0.22776909] 2.641126 1.216421 0.861418 0.8265915
[8705, 0.49784145, 1.0266153, 4.4991765, 0.3923681] 3.1726916 0.8664913 1.0346549 0.9017567
[8706, 0.46150184, 1.0539113, 6.379683, 0.22758901] 2.6722133 1.057719 0.96937907 1.0500287
[8707, 0.458832, 1.0476187, 3.4974532, 0.5441805] 3.2358491 0.975962 0.8563421 0.9845453
[8708, 0.5104726, 1.0164163, 5.1967854, 0.3082046] 2.9709463 1.1483669 0.87649983 0.8925688
[8709, 0.47038922, 1.0550083, 6.468851, 0.24588329] 2.7826393 1.0757335 1.0852345 1.041055
[8710, 0.5178748, 1.0356348, 4.9123554, 0.6799146] 2.972073 1.0621727 0.88256294 1.0147072
[8711, 0.5252074, 1.0322595, 4.3118668, 0.42040402] 2.9097266 1.1899693 0.98491716 0.85580474
[8712, 0.5180808, 1.0343602, 5.6996417, 0.40278694] 2.870843 1.2578117 0.8556211 1.0516299
[8713, 0.52845645, 1.0105295, 5.612199, 0.4782823] 2.4958293 1.3973382 0.90755516 0.92683053
[8714, 0.57383937, 0.96048707, 5.723609, 0.4585854] 2.7874498 1.1214688 0.9204124 0.74443525
[8715, 0.49577108, 1.0285573, 5.3535643, 0.2885235] 3.0253456 1.1012979 0.90526944 0.82429385
[8716, 0.43675053, 1.0564365, 5.0718155, 0.48588446] 2.8176746 1.175132 0.92167264 1.0475514
[8717, 0.52079076, 1.0228531, 3.7092695, 0.58374566] 3.074044 1.1911427 0.9682463 1.0397016
[8718, 0.48197326, 1.0469912, 4.95592, 0.41869372] 2.845749 1.1498226 0.97825706 0.74520224
[8719, 0.5203963, 1.0078831, 5.6558385, 0.4490063] 2.9280596 1.1435738 0.8096727 0.7673546
[8720, 0.46426126, 1.0594805, 7.1591434, 0.36805734] 2.810523 1.1762713 0.73790604 0.81733835
[8721, 0.5219562, 1.0295446, 6.004257, 0.48559034] 2.5735703 1.3228226 1.033552 1.2324551
[8722, 0.55718786, 1.0023322, 4.8083744, 0.68626744] 2.9186764 1.1601669 1.0111216 0.97618127
[8723, 0.47026888, 1.055733, 5.5785637, 0.7368742] 2.7649071 0.98649603 0.8581213 1.1685776
[8724, 0.48587424, 1.02697, 6.1912603, 0.367124] 2.461732 1.2186737 1.047794 0.99927354
[8725, 0.4981481, 1.0369174, 3.6296453, 0.99279207] 3.1631713 1.0811821 0.9428993 0.6509351
[8726, 0.48056877, 1.0563182, 4.6692367, 0.5917995] 2.9488673 1.1593308 0.9894904 0.8519609
[8727, 0.4817715, 1.0271529, 5.2275085, 0.50073236] 2.624529 1.2327471 0.8617573 1.0448378
[8728, 0.5973109, 0.9417043, 6.122185, 0.5657974] 2.9279451 1.1408074 0.83438337 0.8438952
[8729, 0.47088233, 1.0711861, 5.1992245, 0.456681] 3.0921152 0.9938362 0.88429666 0.9207871
[8730, 0.57452106, 0.99434364, 4.5246396, 0.5686574] 3.1577656 0.97725284 0.75252926 0.9335429
[8731, 0.47725576, 1.0146163, 6.5889626, 0.16194633] 2.5754242 1.2276858 0.8459316 0.9802298
[8732, 0.4224343, 1.0554599, 5.512269, 0.37123272] 2.6157374 1.0959427 0.96014494 1.088002
[8733, 0.49515587, 1.00882, 5.406188, 0.2819394] 3.092171 0.98097193 0.89059854 0.7946225
[8734, 0.41812533, 1.0933205, 4.675876, 0.42761245] 2.9804468 1.0507852 1.0185733 1.0651287
[8735, 0.50815344, 1.0337377, 4.198557, 0.75325] 3.039196 1.1511308 1.0480591 0.7556264
[8736, 0.6036416, 0.9317682, 5.8252435, 0.3667685] 2.4721336 1.2178026 1.0141715 1.0602547
[8737, 0.36978453, 1.0892291, 6.28591, 0.2626035] 2.6358685 1.0724943 0.9969705 0.96942514
[8738, 0.46817344, 1.0312803, 5.725639, 0.42162666] 2.689862 1.1914783 0.99145067 0.9155471
[8739, 0.5034958, 1.0531399, 4.665724, 0.4022783] 3.0522048 1.2928824 0.87313855 0.85429114
[8740, 0.48310196, 1.0391839, 6.048328, 0.31388852] 2.8409638 1.2150613 0.7948374 0.81139016
[8741, 0.52560645, 0.9941133, 5.195822, 0.27916044] 2.9806843 1.0872258 0.9490912 0.92206365
[8742, 0.5220459, 0.9628262, 6.2271385, 0.11716564] 2.637113 1.0484715 1.0003707 0.855725
[8743, 0.5739473, 0.9711557, 4.5372667, 0.51333815] 2.8362775 1.0811784 0.9486666 0.9778121
[8744, 0.48965847, 1.0327712, 4.9471626, 0.44241318] 2.8736935 1.1441063 0.8392251 0.9723016
[8745, 0.47551867, 1.0540929, 5.466744, 0.440828] 2.9494429 1.1103572 0.92939174 1.0085667
[8746, 0.48196548, 1.056001, 4.865254, 0.9538645] 2.90074 1.0774857 1.012526 0.9039938
[8747, 0.4720713, 1.05787, 5.438543, 0.43333563] 2.8210506 1.1068732 0.9683781 0.8494116
[8748, 0.6041857, 0.944917, 6.765607, 0.3349176] 2.667128 1.044395 1.1125242 0.84522575
[8749, 0.49877596, 1.0431015, 4.6171603, 0.5285877] 2.803559 1.0573404 0.9480791 0.93947583
[8750, 0.47841713, 1.0440339, 5.0639434, 0.5180442] 2.9256592 1.127122 0.99188656 0.9551276
[8751, 0.58494246, 0.9699271, 5.2525687, 0.60462016] 2.9101286 1.1289673 0.94801986 0.80626106
[8752, 0.4360196, 1.0852022, 4.679777, 0.5737524] 3.0785923 1.1600661 1.0122973 0.76321614
[8753, 0.46982163, 1.0218297, 6.3723483, 0.2381418] 2.9583452 1.1362091 0.92776257 0.80342704
[8754, 0.6580785, 0.87244993, 7.228951, 0.2360553] 2.4824529 1.2965288 0.93090934 1.0326062
[8755, 0.5660183, 0.9661525, 5.9907737, 0.39979377] 2.5921912 1.015387 0.978515 0.9730861
[8756, 0.59194535, 0.92457104, 6.7434278, 0.26426822] 2.3451712 1.1694626 1.0125555 0.96626025
[8757, 0.52968895, 1.0043681, 3.4109552, 0.58628124] 3.169876 1.0664755 0.9857174 1.0863761
[8758, 0.6121435, 0.95530295, 4.755817, 0.32414037] 3.2565963 1.1335199 0.94285786 0.6524106
[8759, 0.428647, 1.0932131, 2.4733195, 0.93322945] 3.3244336 1.297965 0.85260487 0.8775146
[8760, 0.5826074, 0.97045326, 5.0547395, 0.39013952] 2.7776556 1.1910306 0.9715696 1.1336783
[8761, 0.52663136, 1.0254889, 4.8548265, 0.4792889] 2.8275774 1.0165664 0.8987981 1.0302408
[8762, 0.4594417, 1.0381663, 4.8419046, 0.36747345] 2.6516037 1.1497273 1.0566055 1.0065545
[8763, 0.5160352, 1.0141273, 5.3699303, 0.40944594] 2.8510683 1.3268554 0.870072 0.84805477
[8764, 0.4816866, 1.0449468, 4.989019, 0.5059597] 2.77437 1.1461272 0.98137414 0.8612393
[8765, 0.48103437, 1.0566822, 6.754392, 0.2894656] 2.8644822 1.1379508 0.8498623 1.0912132
[8766, 0.5296607, 0.98867154, 6.647681, 0.20547889] 2.7674088 1.1759385 0.8640559 0.82735276
[8767, 0.5401985, 0.9809952, 6.7562366, 0.32119045] 2.705863 1.0411962 0.86986864 0.94192296
[8768, 0.5181239, 1.0187893, 4.785694, 0.4318061] 2.6258929 1.2603159 0.93959004 0.907943
[8769, 0.5496471, 0.9638166, 5.0298443, 0.58555937] 2.597107 1.0465008 0.93785363 0.9348239
[8770, 0.4180915, 1.0640557, 5.7913427, 0.355622] 2.9632921 1.2548516 0.9142291 0.84594744
[8771, 0.51674885, 1.033722, 5.7614875, 0.53153473] 2.5055907 1.1607916 1.0540304 1.0107754
[8772, 0.38357273, 1.0925587, 4.205898, 0.5776106] 2.9559186 0.90950614 1.0627753 0.9976124
[8773, 0.5241366, 1.0150319, 5.6960073, 0.3996738] 2.692555 1.2144272 0.8567845 1.0634159
[8774, 0.387347, 1.0750736, 5.540924, 0.36580536] 2.6679394 1.1771841 1.004634 1.0179623
[8775, 0.5605834, 0.98393553, 5.8786464, 0.48415607] 2.6481793 0.9141217 0.97937125 0.999903
[8776, 0.55932975, 0.9839752, 5.153016, 0.46532112] 2.7476735 1.0801687 1.0232064 0.8451647
[8777, 0.49552956, 1.0426958, 4.228566, 0.52660865] 2.9499319 1.084268 0.90089977 0.8787344
[8778, 0.5196757, 1.0387447, 3.0814366, 0.7885589] 3.297784 1.0779954 1.0527227 0.79721224
[8779, 0.44609842, 1.046419, 4.8370166, 0.30444837] 2.8612933 1.299898 1.0606949 0.7675533
[8780, 0.6124637, 0.90463006, 5.593283, 0.38916957] 2.5299828 1.0880045 1.0920259 0.8116829
[8781, 0.5409388, 1.0149012, 4.9353976, 0.46713427] 2.7603257 1.33016 1.0062593 0.95878834
[8782, 0.43954864, 1.0794356, 4.8118286, 0.41137546] 2.6739535 1.2592858 0.9692075 1.1539983
[8783, 0.4839421, 1.0393674, 6.0979877, 0.25625372] 2.6668782 1.2699842 0.93861055 0.94101435
[8784, 0.5568796, 1.0002451, 5.834876, 0.6013663] 2.9786136 1.0794806 0.9203439 0.83994955
[8785, 0.49859446, 1.0414861, 5.5584364, 0.45426866] 2.870124 1.2219108 0.8720133 0.9810344
[8786, 0.5003909, 1.0466901, 7.214713, 0.36380625] 2.5351415 1.0958235 0.9996465 1.1496758
[8787, 0.52029836, 1.0022749, 5.937345, 0.48234203] 2.596074 1.1084948 1.0492902 0.94487154
[8788, 0.49497592, 1.0367116, 4.850815, 0.6862904] 3.0433357 1.133217 0.90760696 0.79821
[8789, 0.5885775, 0.9814021, 4.8598022, 0.6815792] 3.025281 1.0809884 0.84149796 1.073293
[8790, 0.50529736, 1.0171143, 6.2042117, 0.27246064] 2.832394 1.3267324 0.8399027 0.8723313
[8791, 0.52791935, 0.9976937, 6.271817, 0.35822392] 2.9029298 1.014358 0.9265507 0.6564334
[8792, 0.46163628, 1.0599416, 4.15639, 0.7619504] 3.0162888 1.0446894 0.96245456 0.8409063
[8793, 0.50467515, 1.0312049, 4.5912814, 0.56689197] 2.6762311 1.182375 0.9479887 0.88304484
[8794, 0.63591814, 0.8874774, 5.9542913, 0.21710177] 2.4616487 1.2297662 0.9580901 1.017093
[8795, 0.38280597, 1.10766, 4.33814, 0.64113116] 2.9957266 1.0044296 0.94621706 1.0515684
[8796, 0.48110938, 1.0434879, 5.566358, 0.45552018] 2.6433327 1.2550281 0.9873856 1.1558561
[8797, 0.48042953, 1.0249611, 6.017924, 0.1688949] 2.8477197 1.1429307 0.8982713 0.9363467
[8798, 0.5109573, 1.0075884, 6.6465397, 0.37329927] 2.6375656 1.0064473 0.88399106 1.0332786
[8799, 0.5164802, 1.0157626, 5.2417574, 0.5204651] 2.4037795 1.329581 1.000997 1.0102597
[8800, 0.45804158, 1.0643979, 5.0994997, 0.46932983] 2.5822942 1.3487173 0.93015623 0.9723088
[8801, 0.48672166, 1.0507449, 4.3701606, 0.74315447] 2.9904675 1.1720808 0.873803 1.1050926
[8802, 0.46681857, 1.0537578, 3.4293356, 0.64187884] 3.2446632 1.2041458 0.8819851 0.83968604
[8803, 0.47091538, 1.0555316, 5.0035415, 0.3161945] 2.9409146 1.0461276 0.9890872 0.88048124
[8804, 0.5396252, 1.0143563, 4.2993536, 0.5063867] 3.256086 1.0286003 0.93968946 0.69635886
[8805, 0.4919893, 1.0355746, 4.5794997, 0.94523287] 2.846847 1.1598723 0.9606108 1.0510257
[8806, 0.48309487, 1.0382627, 5.7088423, 0.37339547] 2.8041708 1.2179006 0.899868 0.85686857
[8807, 0.5652284, 0.97645444, 5.372666, 0.26018554] 3.2338312 1.113545 0.7979383 0.6737554
[8808, 0.48779553, 1.0488068, 4.668641, 0.49492553] 2.7474022 1.2090179 1.0570381 1.0170963
[8809, 0.62374705, 0.9130305, 7.411493, 0.3124278] 2.3126602 1.276767 0.9898238 1.2665021
[8810, 0.44788393, 1.0643556, 4.891075, 0.493369] 2.745787 1.2204597 0.90848255 0.96012914
[8811, 0.5030346, 1.0266858, 6.6762147, 0.4840539] 2.4188662 1.1071537 1.2252562 1.0701054
[8812, 0.49648538, 1.0221561, 3.9057298, 0.70413923] 2.4349058 0.8724818 1.1390023 1.0769255
[8813, 0.51646864, 1.0350623, 5.3805842, 0.5638679] 2.7893598 1.252712 0.8985029 0.92027426
[8814, 0.45020133, 1.0714351, 6.0680723, 0.29783246] 2.8195522 1.1646186 0.9329217 0.9832826
[8815, 0.5183151, 1.0128454, 4.5371313, 0.45289007] 2.983416 1.2497857 0.857365 0.95502037
[8816, 0.522726, 1.0045577, 6.202864, 0.5447067] 2.5713253 1.1255271 1.0341277 0.8815725
[8817, 0.58512425, 0.9631632, 6.0748286, 0.33697948] 2.8102152 1.1143018 0.9817023 0.9336709
[8818, 0.47726238, 1.0572723, 4.516435, 0.5554878] 3.034962 1.0689256 0.9349508 0.92529213
[8819, 0.59767526, 0.939994, 5.167166, 0.45711622] 2.7974265 1.1634728 0.9311814 0.796906
[8820, 0.5190376, 1.0060904, 7.59952, 0.18347172] 2.6259935 1.091149 0.908262 0.9003566
[8821, 0.48635578, 1.0383097, 5.1575646, 0.7213541] 2.4780855 1.284725 0.9137534 1.03283
[8822, 0.47414517, 1.0503975, 4.0830226, 0.6178985] 3.0984492 1.1425178 0.8916298 0.82417667
[8823, 0.4918936, 1.018817, 7.0954976, 0.24078754] 2.6929562 1.1161711 0.93154013 0.89225066
[8824, 0.60409534, 0.93928874, 4.3466325, 0.5887537] 3.0564022 1.149679 0.8272234 0.77766675
[8825, 0.40730846, 1.075529, 5.5537624, 0.31249008] 2.9305866 1.0684232 0.92040634 0.87667656
[8826, 0.50592434, 1.0247388, 5.9459057, 0.7323266] 2.815022 1.1884451 0.8663258 0.8041978
[8827, 0.63678944, 0.90652657, 6.5456104, 0.88350034] 2.3983006 1.2866776 1.0073513 0.9250278
[8828, 0.4699115, 1.0531288, 6.083239, 0.4447513] 2.5829918 1.185244 1.0328498 1.0340326
[8829, 0.49139136, 1.0301545, 6.1688137, 0.35352713] 2.6598673 1.1772906 0.9233777 0.9337442
[8830, 0.49389854, 1.0120639, 5.826165, 0.19151446] 2.8677177 1.1549828 0.7182491 0.80276173
[8831, 0.4405864, 1.0725404, 3.042008, 0.91107535] 3.052455 1.2899061 1.0506828 0.9944629
[8832, 0.43342626, 1.0552638, 5.234176, 0.48320475] 2.5333664 1.0515134 1.0939844 1.0366184
[8833, 0.48919353, 1.0452459, 5.9111056, 0.40978134] 2.8637912 1.1476234 0.85117596 0.77798843
[8834, 0.52079684, 1.0071439, 7.865557, 0.22175263] 2.6163163 1.1934717 1.0432162 0.77163494
[8835, 0.47819665, 1.0429327, 6.400178, 0.2170112] 3.0235484 1.073131 0.8558703 0.77288836
[8836, 0.5118334, 1.0132605, 5.5345097, 0.52058303] 2.7339063 1.1149709 0.9590759 0.7314042
[8837, 0.35597903, 1.1067487, 5.8616757, 0.33183017] 2.96076 1.1123794 1.0257795 0.849884
[8838, 0.4388508, 1.0844277, 3.7694058, 0.75204915] 2.9724245 1.0618521 0.9258405 0.9660547
[8839, 0.48053783, 1.042225, 5.04537, 0.42339957] 3.1096542 1.0039831 0.90852726 0.7868564
[8840, 0.5924608, 0.9549629, 4.2911205, 0.46578854] 3.1133008 1.038077 0.9149514 0.909239
[8841, 0.36838505, 1.1099994, 3.9604015, 0.5629073] 3.099499 1.1785531 0.8154391 0.9167476
[8842, 0.34409282, 1.1289474, 4.589043, 0.6129704] 2.9099457 1.230061 0.9788017 0.70929885
[8843, 0.5032854, 1.035591, 3.2817237, 0.80848914] 3.1997142 1.2534875 0.8866459 0.94969946
[8844, 0.4429232, 1.078741, 2.825808, 0.85056365] 3.2670393 1.1603296 0.96016324 0.84556395
[8845, 0.4062167, 1.0734184, 4.2001505, 0.6337423] 2.8325431 1.3100404 0.9841919 0.88031983
[8846, 0.5548365, 0.9810956, 6.2185574, 0.289287] 2.6252763 1.2222227 0.86762524 0.8381446
[8847, 0.47319585, 1.0380237, 4.664249, 0.5720093] 2.7340095 1.1492517 0.8451089 1.0951246
[8848, 0.5980038, 0.96063673, 4.3543377, 0.53218836] 3.2235823 1.0234113 0.9136658 0.7830484
[8849, 0.5314541, 0.9987463, 5.7744584, 0.28333145] 2.661986 1.0180912 0.94064474 0.9932158
[8850, 0.5977673, 0.90445626, 4.6513133, 0.68412584] 2.3080842 1.0557777 0.97636837 1.1066704
[8851, 0.51185614, 1.0157268, 4.595134, 0.39033303] 2.8605897 1.3089226 0.7738231 1.0393462
[8852, 0.6121447, 0.9302222, 5.5817647, 0.6226308] 2.659773 1.292795 0.9140354 0.8868434
[8853, 0.4588231, 1.0255945, 5.5343156, 0.42613018] 2.855595 1.1224917 0.86010957 0.97128516
[8854, 0.45699412, 1.0681239, 3.4220417, 0.7022731] 3.056422 1.2379186 0.94072515 0.99550813
[8855, 0.5779507, 0.95277154, 4.175714, 0.64294267] 3.1148505 1.0961047 0.91127056 0.86903155
[8856, 0.5313238, 1.0119213, 5.0242724, 0.53931683] 2.722196 1.2771171 1.0023984 0.90270215
[8857, 0.520086, 1.0224032, 5.327847, 0.67219704] 2.766997 1.2121408 1.080388 0.8085612
[8858, 0.47257882, 1.0294669, 5.7820573, 0.16706187] 2.553395 1.1593336 1.0719568 1.0155499
[8859, 0.60101426, 0.9597054, 6.6431723, 0.5661949] 2.8824968 1.2235368 0.8445999 0.87834805
[8860, 0.5322576, 1.015512, 5.534793, 0.28118396] 2.8391635 1.2743733 0.95186603 0.9621535
[8861, 0.477477, 1.0460106, 4.2970963, 0.44865185] 2.9855223 1.0575413 0.88724524 0.81615996
[8862, 0.49500376, 1.0516766, 5.9296837, 0.4881321] 2.5351942 1.2461499 1.0365038 0.9191935
[8863, 0.52740836, 1.0111212, 6.136327, 0.1984162] 2.7581837 1.305566 1.0582753 0.89321685
[8864, 0.47486547, 1.0517479, 4.867722, 0.60805535] 2.774902 1.1196663 1.0582383 0.8929421
[8865, 0.5131235, 1.0416036, 4.9301777, 0.8508155] 2.7181382 1.0426003 1.1859854 0.9381488
[8866, 0.48188707, 1.031471, 6.4105244, 0.2249843] 2.719779 1.0749549 0.9106333 0.99444926
[8867, 0.48343974, 1.0411658, 6.127417, 0.37197015] 2.8432732 1.1629279 0.8388172 0.9737028
[8868, 0.4641563, 1.0523878, 4.7087417, 0.41983378] 2.85624 1.2073768 1.0272176 1.0945245
[8869, 0.5195944, 1.0145997, 6.02948, 0.5953738] 2.5168324 1.3062984 0.87035275 1.0609672
[8870, 0.5723346, 0.97109264, 2.391914, 0.97781837] 3.427158 1.0535594 0.878375 0.86166626
[8871, 0.5259728, 1.0242529, 3.8108337, 0.9129115] 3.2254438 1.0535784 0.85723346 0.93695736
[8872, 0.49342906, 1.0314258, 6.0488524, 0.5286684] 2.828605 0.9209699 1.0110112 0.84514743
[8873, 0.6261886, 0.8861261, 5.5417767, 0.50576127] 2.442499 1.2150873 0.7295007 0.8321317
[8874, 0.47697216, 1.0595725, 6.689655, 0.42178753] 2.6596043 1.1558017 1.0043657 1.0729337
[8875, 0.5156813, 1.0089005, 5.3468966, 0.34151578] 2.8164933 1.1438531 0.9078511 0.8217244
[8876, 0.57930297, 0.9502749, 7.1310296, 0.27725294] 2.5775583 1.1092682 0.96654934 0.97847885
[8877, 0.54134864, 1.0069261, 5.8135867, 0.75219935] 2.4654908 1.2131023 1.0865039 0.91862893
[8878, 0.503857, 1.0038264, 6.486504, 0.22747144] 2.4815724 1.0931183 1.0437783 1.0907326
[8879, 0.49371055, 1.0626278, 5.460648, 0.54283416] 2.9765956 1.0434653 0.9143859 0.8388618
[8880, 0.54055285, 0.97229517, 5.562648, 0.3349698] 2.4619856 1.1520437 0.99078536 1.0164361
[8881, 0.56007266, 1.0010077, 4.3230205, 0.6860591] 2.9383583 1.1318607 0.9977636 1.0834163
[8882, 0.42081195, 1.071666, 4.1344743, 0.3873075] 3.0966506 1.029218 1.0236492 0.8161479
[8883, 0.48029342, 1.0620584, 3.458136, 0.83556175] 2.9805331 1.2570641 0.84639055 0.9799376
[8884, 0.34155336, 1.1096097, 5.291567, 0.49923053] 2.907496 1.1982718 0.89717203 0.9000078
[8885, 0.5142, 1.0207732, 4.9747105, 0.37756103] 2.891177 1.2130634 0.92931795 0.8984173
[8886, 0.5030779, 0.9929831, 6.1721916, 0.19655854] 2.901186 1.0346713 0.8982671 0.89859664
[8887, 0.4082058, 1.0883397, 3.9717643, 0.5779111] 3.1289446 1.179839 0.80037856 0.887123
[8888, 0.49939057, 1.0403361, 5.307148, 0.5103428] 2.7537844 1.1211797 0.917112 1.063847
[8889, 0.5591018, 0.98966044, 4.3912396, 0.78342915] 2.9911678 1.174455 0.9716497 0.8959157
[8890, 0.5054988, 1.0431424, 2.7505302, 0.8449588] 3.2270725 1.1478664 0.983655 1.0148404
[8891, 0.5680554, 0.9654726, 5.916961, 0.4236009] 2.6215587 1.1437781 0.95853233 0.8679427
[8892, 0.64570725, 0.89245045, 7.6281724, 0.22564001] 2.6165862 1.2313675 1.0053799 0.7584265
[8893, 0.5674934, 0.9711717, 5.5908933, 0.24832992] 2.7892513 1.2514232 1.0354029 0.8607909
[8894, 0.604753, 0.95714635, 4.433409, 0.8484036] 3.0603607 1.037757 0.9314729 0.87106067
[8895, 0.5371181, 1.0191311, 3.0877352, 0.9819644] 3.184187 1.1872954 0.80288005 1.1193094
[8896, 0.49245325, 1.0284653, 4.2472477, 0.2667969] 3.1650765 1.027438 0.9580015 0.80523014
[8897, 0.4815536, 1.0119587, 4.8773627, 0.45776612] 2.746855 1.070389 0.9094376 0.90406513
[8898, 0.5161885, 1.0278007, 3.4997551, 0.6804982] 3.1191347 0.9914697 0.889957 1.0954686
[8899, 0.50656605, 1.0465227, 4.843092, 0.8067912] 2.5642076 1.1546899 1.0171243 1.1702244
[8900, 0.59007347, 0.9311778, 7.765934, 0.206003] 2.6959713 1.0351301 0.9500544 0.9023588
[8901, 0.49226692, 1.0188768, 4.3575206, 0.6427354] 3.1043477 1.1527629 0.9381828 0.74235463
[8902, 0.45898318, 1.055401, 5.672127, 0.688349] 2.8296943 1.1734148 0.9062251 0.9761036
[8903, 0.5947432, 0.9243014, 6.163142, 0.3938495] 2.3053336 1.2244203 0.96209586 1.0918363
[8904, 0.5185376, 1.0188336, 5.588291, 0.28656474] 2.7860065 1.2950742 0.8103489 0.89421463
[8905, 0.44866478, 1.064126, 7.011361, 0.27317792] 2.9314806 1.0547006 0.935442 0.8041037
[8906, 0.4963534, 1.0228372, 5.6520343, 0.24904507] 3.0873713 1.2554985 0.79220283 0.69567555
[8907, 0.48262867, 1.0598072, 4.217265, 0.6693411] 2.795215 1.1107676 0.93071234 0.957067
[8908, 0.5319402, 0.9867468, 5.300311, 0.26132593] 2.8305435 1.1619409 1.0689309 0.7486452
[8909, 0.49769777, 1.0282987, 5.6187572, 0.48943922] 2.691021 1.1771406 0.9059729 0.8161986
[8910, 0.47506726, 1.0507143, 6.5029445, 0.29710877] 2.6902175 1.1055367 0.94831324 1.0424471
[8911, 0.43732712, 1.0470144, 6.0491424, 0.38038856] 2.6082973 1.1755798 0.9848535 1.0343002
[8912, 0.5550198, 0.9954716, 4.181212, 0.7252934] 2.9451714 1.213727 0.99600476 0.9872346
[8913, 0.5220893, 0.9811044, 7.1350856, 0.20822728] 2.650432 1.1603845 0.99045867 0.87353367
[8914, 0.43806893, 1.0831144, 5.653479, 0.3430411] 3.0250447 1.30159 0.7903363 0.85231304
[8915, 0.50955236, 1.0177631, 5.6726365, 0.36912364] 2.5647955 1.2876222 0.86135334 1.0141962
[8916, 0.57070726, 0.96504676, 5.621247, 0.39586824] 2.896426 1.1688335 0.99717623 0.7527435
[8917, 0.49963915, 1.0458219, 3.3044412, 0.5869166] 3.3099625 1.1124032 0.78667945 0.9141208
[8918, 0.41769642, 1.0693008, 5.920943, 0.21994586] 2.9073513 1.0831796 0.9686504 0.9238961
[8919, 0.47880077, 1.0150276, 7.4271727, 0.31418297] 2.4626937 1.1731455 1.0063249 0.9598871
[8920, 0.49985594, 1.0425951, 3.5930986, 0.7736061] 3.3154619 1.127213 0.8307394 0.74709207
[8921, 0.41627505, 1.0950468, 4.463751, 0.76422685] 2.8570535 1.1491238 0.93161553 0.9798845
[8922, 0.48734987, 1.03762, 5.0705748, 0.5003127] 3.0215273 1.0153941 0.9790498 0.8643843
[8923, 0.49503726, 1.0399942, 6.657932, 0.32992196] 2.8479414 1.0406051 1.0103621 0.9809458
[8924, 0.5607594, 0.9620221, 5.3679175, 0.49484247] 2.8275664 0.8909715 0.8381144 0.9675238
[8925, 0.46646595, 1.0074427, 6.296113, 0.21006535] 2.650957 1.2645711 0.9090867 1.0211133
[8926, 0.49390292, 1.0501708, 5.3546424, 0.41905767] 2.9825785 1.1282383 0.7683994 0.9227026
[8927, 0.44898617, 1.0662994, 5.418785, 0.42269805] 3.0589356 1.1156139 0.89300346 0.86885786
[8928, 0.5315955, 1.0258906, 4.109472, 0.63971955] 2.9643047 1.1585647 0.9136388 1.0685666
[8929, 0.5879589, 0.9306661, 5.98898, 0.30526072] 2.3073926 1.352531 0.96441424 1.0165495
[8930, 0.5450225, 0.98950666, 4.405088, 0.65890485] 2.6722941 1.4021232 1.0084201 0.8455265
[8931, 0.55969316, 0.97918165, 5.2184267, 0.37050945] 2.5562327 1.0754731 0.9218919 1.1922089
[8932, 0.54763496, 0.9953151, 5.099548, 0.6916419] 2.7703335 1.2617115 0.91367054 0.8219877
[8933, 0.46597844, 1.0529534, 2.7928603, 0.933727] 3.12204 1.1927755 1.0777408 0.86266977
[8934, 0.5319748, 1.0066841, 5.914854, 0.5063774] 2.861185 1.0541848 0.8165038 1.0398133
[8935, 0.5040413, 1.0477271, 4.9681935, 0.43968433] 3.034058 1.2343208 0.9041614 0.8366567
[8936, 0.62782514, 0.9306781, 6.1734524, 0.3184251] 2.6767418 1.1329496 0.99903095 0.7642424
[8937, 0.52753156, 1.0067186, 4.714005, 0.4697934] 3.1921241 1.065017 0.7795406 0.7834397
[8938, 0.5051565, 1.0105433, 5.4418087, 0.5031533] 2.8963876 1.1367596 0.9053583 0.9014654
[8939, 0.53527176, 0.9764534, 5.283846, 0.2867946] 2.6782694 1.0166144 0.8767679 0.9655898
[8940, 0.5760664, 0.96482676, 5.3841977, 0.513169] 2.6333566 1.2521576 0.90583193 0.90839314
[8941, 0.45177403, 1.0521272, 6.4206038, 0.24103162] 2.740953 1.1418626 0.95494837 0.77098304
[8942, 0.52058744, 0.99864846, 6.5407443, 0.23237668] 2.5254169 0.9767841 1.0776682 1.2164704
[8943, 0.5259847, 1.0415938, 5.177146, 0.674189] 2.9625218 1.2731282 0.8503585 0.92149246
[8944, 0.53633773, 0.9861102, 5.5593467, 0.40531993] 2.6042767 1.14093 0.9280864 0.9224318
[8945, 0.4969619, 1.0499643, 4.556747, 0.5359384] 3.1801887 1.1660761 0.8912182 0.7359425
[8946, 0.4637688, 1.0790392, 5.212041, 0.6506761] 3.0132685 1.0871861 0.96713024 0.955062
[8947, 0.55094403, 0.9572704, 7.2328386, 0.12466083] 2.5665476 1.3608277 0.79138654 0.95320463
[8948, 0.45879585, 1.0656937, 5.7148347, 0.7040467] 2.7726138 1.1497124 1.0624682 0.8239374
[8949, 0.43503672, 1.0585772, 4.9553323, 0.42281452] 2.754532 1.072292 0.9612579 1.0421457
[8950, 0.5525072, 0.9686886, 6.753587, 0.24439944] 2.5474467 1.0401286 1.0726717 0.93485963
[8951, 0.60379046, 0.9206148, 6.9567156, 0.32721648] 2.2554 1.227474 1.0257483 1.060065
[8952, 0.34685183, 1.1240462, 5.9671817, 0.3576656] 2.7268696 1.1468363 0.9575244 0.99896383
[8953, 0.48602995, 1.0424405, 5.4676642, 0.69288653] 2.764696 1.116074 1.0160625 0.8472538
[8954, 0.42378202, 1.1125386, 5.2423215, 0.7191416] 2.7764354 1.1460036 0.8726594 0.9519878
[8955, 0.59477246, 0.940862, 5.196412, 0.7967514] 2.5029964 1.16024 0.9618177 0.8981879
[8956, 0.5512364, 0.9983754, 4.260429, 0.6033785] 3.0088062 1.3122766 0.8397829 0.7165308
[8957, 0.6093674, 0.9190305, 7.579083, 0.16053537] 2.7521462 1.0706391 1.0454223 0.80381566
[8958, 0.52724934, 1.0026851, 7.1837196, 0.19135077] 2.7030907 0.95204735 0.91888916 1.0152404
[8959, 0.5966374, 0.95279527, 6.0349536, 0.305837] 3.0786657 1.0785431 0.9346417 0.7202589
[8960, 0.49114746, 1.0286975, 6.732892, 0.24937639] 2.9692152 1.0347809 0.89944637 0.9629094
[8961, 0.64088595, 0.88799006, 6.5806007, 0.4287347] 2.6793056 1.0779791 0.85933685 0.72036403
[8962, 0.5549633, 0.9781954, 5.810748, 0.164527] 2.9860544 0.99154586 0.84284836 0.8456249
[8963, 0.49853462, 1.0051458, 6.7085123, 0.19722402] 2.8062096 1.0260857 0.9677572 0.8314508
[8964, 0.46173483, 1.0607398, 5.5730224, 0.6276282] 2.7909148 1.1343074 1.0013165 0.9336559
[8965, 0.497682, 1.0321487, 5.2237363, 0.36899453] 2.7577314 1.3484491 0.98735595 0.8676858
[8966, 0.48207527, 1.020009, 6.0131965, 0.24584126] 2.6831677 1.0401165 0.9999837 0.8544919
[8967, 0.6100206, 0.941508, 5.882501, 0.41113305] 2.669613 1.12173 1.0069935 0.976689
[8968, 0.5671828, 1.0001866, 4.2041836, 0.48228595] 3.2512143 1.1280077 0.96431917 0.7663669
[8969, 0.5164747, 1.017234, 6.1964984, 0.31405234] 2.856803 1.1152635 0.8476619 0.9393945
[8970, 0.46587086, 1.0566115, 5.962615, 0.6930828] 2.6584651 1.0770134 0.8785238 1.1428593
[8971, 0.52828324, 1.0123546, 6.7460413, 0.36392316] 2.6491303 1.1833245 0.86664456 1.0506048
[8972, 0.54132456, 0.9668287, 7.511992, 0.20892465] 2.639929 1.308567 0.9062147 0.8466229
[8973, 0.5284956, 1.0007771, 5.2426133, 0.34317347] 2.9187036 1.1495123 0.92629266 0.7945981
[8974, 0.7819228, 0.7151187, 3.9538124, 0.39968362] 2.90612 1.3455387 1.0021758 1.060445
[8975, 0.5646801, 0.9792178, 4.981829, 0.5631467] 2.8878827 1.1429442 0.9023266 0.84628105
[8976, 0.40801513, 1.0984651, 4.512532, 0.37363547] 3.1045816 1.0279177 0.9021261 0.8431226
[8977, 0.4521645, 1.0548295, 4.839121, 0.5870175] 2.6007445 1.1856548 0.92426527 1.0562714
[8978, 0.5703815, 0.96765536, 4.952047, 0.4427768] 2.7165322 1.0779606 1.0041225 0.9837886
[8979, 0.40088496, 1.080951, 6.676974, 0.4360652] 2.8857555 1.1038605 0.8194774 1.0124149
[8980, 0.5431831, 1.0007045, 5.7415032, 0.55422133] 2.48088 1.1964481 0.9222085 1.0014747
[8981, 0.4411567, 1.079011, 4.847567, 0.48795152] 3.053654 1.0345038 0.9145468 0.9287035
[8982, 0.5208466, 0.9888463, 5.525637, 0.34531066] 2.6877828 1.1532869 0.9971935 0.88324845
[8983, 0.48909956, 1.0273708, 4.405551, 0.51673704] 2.8673255 1.0945851 1.053345 1.0214301
[8984, 0.6108577, 0.9139765, 6.6174655, 0.28018463] 2.3901381 1.3054426 0.9306175 0.98497117
[8985, 0.39148876, 1.0819643, 7.123756, 0.24524319] 2.5631723 1.2083278 1.0333533 1.039951
[8986, 0.5814358, 0.96476895, 3.783367, 0.67454857] 3.465178 1.0112094 0.8725854 0.6161818
[8987, 0.4749601, 1.0387748, 6.461817, 0.27523813] 2.7579868 1.2682536 0.86855996 1.0841761
[8988, 0.5701994, 0.9732232, 6.900922, 0.33862406] 2.5141993 1.1851029 1.0036727 0.81021035
[8989, 0.48433316, 1.0368237, 4.0505204, 0.7033944] 2.9886298 1.0908651 1.0244712 1.0251814
[8990, 0.5576488, 0.970767, 5.8033776, 0.37016413] 2.8224835 1.0776932 0.92531574 0.67803854
[8991, 0.508784, 1.006227, 5.8125143, 0.21796133] 2.8677115 1.0701222 0.87919694 0.7622735
[8992, 0.55387384, 0.98477834, 6.095496, 0.5000188] 2.6482713 0.9851171 0.96446717 0.94167656
[8993, 0.5345191, 0.9733837, 4.9500413, 0.8945566] 2.2880945 1.2932613 0.9996693 0.9980723
[8994, 0.61336327, 0.9276096, 6.1247797, 0.39478865] 2.697517 1.1106107 0.94287235 0.76343185
[8995, 0.5501716, 1.0110036, 5.9254813, 0.3502841] 2.8012607 1.1059997 0.85361564 0.92339474
[8996, 0.46189275, 1.056014, 4.2376013, 0.57974017] 2.9471614 1.1000032 1.0136044 0.8794254
[8997, 0.4466861, 1.0675379, 4.0438395, 0.71975553] 2.9661572 1.1309569 0.9919542 0.91614753
[8998, 0.47818995, 1.0555631, 5.1275277, 0.48361185] 2.979747 1.2023611 0.966199 0.9696681
[8999, 0.46045142, 1.06033, 3.792202, 0.9008629] 2.900271 0.94558054 1.003627 0.93019354
[9000, 0.42184335, 1.0616549, 5.6982155, 0.48965916] 3.022352 1.0300447 0.9560756 0.8561742
[9001, 0.45914653, 1.0681105, 5.06958, 0.41220924] 2.7740533 1.1461011 1.0736198 0.92386615
[9002, 0.4892506, 1.0307635, 5.6799045, 0.53239226] 2.6806703 1.0718646 0.982055 0.95682824
[9003, 0.38026, 1.109873, 5.681142, 0.2777918] 2.8448362 1.069786 0.91093737 0.96636945
[9004, 0.5068287, 1.0305905, 5.582881, 0.7615199] 2.6470351 1.1896584 0.8519183 0.91764253
[9005, 0.4117207, 1.1022782, 5.0292706, 0.4243031] 3.0017383 1.0749958 0.935808 0.94773173
[9006, 0.59983736, 0.94666076, 5.1147213, 0.5333071] 2.678968 1.1717674 0.9669733 0.79656523
[9007, 0.49186698, 1.0226073, 4.343944, 0.48970497] 3.0227742 1.1426725 1.0033711 0.76556385
[9008, 0.5119592, 1.0098983, 6.596277, 0.27699906] 2.6504734 1.1728139 1.0015357 0.8024149
[9009, 0.5388276, 1.0072207, 7.005335, 0.28979108] 2.606747 1.2594756 1.0291414 1.0968051
[9010, 0.517047, 1.0179209, 5.590217, 0.22204754] 2.7915878 1.0312409 1.0246505 1.0500703
[9011, 0.5000651, 1.048241, 4.4378376, 0.5359936] 3.0272 1.1256832 0.9317548 0.9454218
[9012, 0.43201783, 1.0692945, 4.702905, 0.44800138] 3.1340218 1.065576 0.96651584 0.8974227
[9013, 0.4808639, 1.0276154, 5.2606897, 0.33934355] 2.6095328 1.280612 1.0650564 0.9442572
[9014, 0.57291263, 0.9856609, 4.345028, 0.6757121] 2.811256 1.1708212 1.0237966 1.0394167
[9015, 0.6135676, 0.9481915, 6.0013375, 0.44433987] 2.692851 1.0420545 0.93347365 1.110827
[9016, 0.5070366, 1.0107726, 7.518942, 0.20108198] 2.827636 1.1656566 0.7529094 0.96202767
[9017, 0.518234, 1.0170488, 6.4608736, 0.24587968] 2.8306837 0.9783953 0.89339674 0.93699205
[9018, 0.48583147, 1.0206122, 6.7582707, 0.2706619] 2.5273712 1.1686107 0.97157097 1.1216607
[9019, 0.41722324, 1.0879924, 5.4729815, 0.54067135] 2.735772 1.3092484 0.9819507 0.97935706
[9020, 0.47727162, 1.0389099, 5.0809937, 0.44439054] 2.7424185 1.1390389 1.0437236 1.0562439
[9021, 0.44492075, 1.0746158, 3.8495078, 0.88979375] 2.988867 1.122586 1.030806 0.97026366
[9022, 0.53461665, 0.99743813, 6.407912, 0.30803192] 2.769709 1.0820602 0.9029493 0.92649484
[9023, 0.47940302, 1.0677613, 4.403882, 0.6378147] 3.120411 0.95632523 1.0774181 0.77058166
[9024, 0.5492234, 0.979292, 5.2470417, 0.64726174] 2.5495386 1.1481566 0.92235917 0.8205521
[9025, 0.4613096, 1.0563549, 6.4911833, 0.27469197] 2.7918155 0.99187094 1.0254499 1.1427585
[9026, 0.49575588, 1.030558, 4.891246, 0.33694643] 2.9591908 1.1219697 0.96417725 1.0180209
[9027, 0.47667682, 1.0510147, 5.1379957, 0.58347034] 2.789925 1.174916 1.0972857 0.9451882
[9028, 0.4101267, 1.072146, 2.9737349, 0.7817746] 3.2363887 1.1787837 0.9117544 0.87423426
[9029, 0.43069378, 1.0817759, 3.8603437, 0.7368326] 2.950864 1.0101081 1.0262737 0.96872175
[9030, 0.5928545, 0.9449686, 6.522843, 0.6399714] 2.4513202 1.1804466 0.8557323 0.9111044
[9031, 0.5672999, 0.95983475, 7.5652366, 0.24383846] 2.811953 1.0728534 0.86943114 0.8061409
[9032, 0.528596, 0.993153, 6.54337, 0.22678395] 3.0237215 0.9526935 0.73894507 1.0617821
[9033, 0.43355283, 1.067706, 6.863792, 0.47939813] 2.7786236 1.0650675 0.97279125 1.1297109
[9034, 0.4998613, 1.0256301, 5.3836455, 0.44577754] 2.8017116 1.1305668 0.8883209 1.0658392
[9035, 0.5189128, 1.0128828, 4.6048756, 0.4485354] 3.094621 1.167676 0.8705943 0.7627708
[9036, 0.5784147, 0.99022686, 2.6784432, 0.9044115] 3.1834297 1.1768317 0.96027905 1.0036442
[9037, 0.4177022, 1.0719202, 5.0843215, 0.49117687] 2.7919652 1.1083678 1.0707287 0.9342084
[9038, 0.4930928, 1.0422139, 5.0361204, 0.635983] 2.9932973 1.0479784 0.8404976 0.87772137
[9039, 0.4293447, 1.0808791, 5.6116915, 0.31609282] 2.8287916 1.0375203 0.9420337 0.9846745
[9040, 0.461869, 1.0745572, 5.3748045, 0.22253595] 2.993053 0.9768976 0.907914 1.1234363
[9041, 0.5557642, 0.9757301, 5.134987, 0.63456476] 2.5528624 1.3854733 0.93443286 0.76295334
[9042, 0.4512679, 1.0531775, 5.191063, 0.23699118] 2.879785 1.157201 0.9790353 0.91316664
[9043, 0.38610706, 1.1281253, 3.9764607, 0.55470765] 3.1321526 1.0038882 0.87285006 0.9535114
[9044, 0.51835424, 1.0293925, 6.015168, 0.46606407] 2.8132756 1.2146529 1.049152 0.68817514
[9045, 0.5346699, 0.9954089, 4.9220624, 0.37107465] 3.0375738 1.178779 0.96270573 0.770415
[9046, 0.5155875, 1.0308607, 5.7359166, 0.63583887] 2.8491282 1.0663663 0.8732992 0.9398097
[9047, 0.5310602, 1.0052954, 5.736572, 0.4488504] 2.712595 1.1846693 0.95797664 0.9068186
[9048, 0.4855755, 1.008022, 8.064216, 0.12738763] 2.724461 1.0552986 0.9488966 0.98361427
[9049, 0.51455766, 1.0006777, 5.877916, 0.23092596] 2.8583055 1.0512482 0.94438815 0.81122065
[9050, 0.55476004, 0.95247453, 5.6271005, 0.63850236] 2.595111 1.1792198 0.87359697 0.7876498
[9051, 0.59394574, 0.95778245, 6.056657, 0.6531049] 2.562481 1.2794949 0.99318707 1.0741793
[9052, 0.54433864, 0.9972841, 3.1601636, 0.8803974] 3.2732928 1.01434 0.8023799 0.8980348
[9053, 0.52676994, 1.0206845, 5.2562723, 0.41401166] 2.9836524 1.1682445 0.9356526 0.8051389
[9054, 0.57169527, 0.9777526, 5.643788, 0.3698934] 2.8516264 1.1833109 0.85763276 0.80481285
[9055, 0.36746523, 1.1050284, 2.5891027, 0.95623803] 3.3147779 1.068518 0.80002457 1.0909787
[9056, 0.51449627, 1.0372818, 3.8636386, 0.8314449] 3.0229762 1.1220526 0.9174966 1.0498655
[9057, 0.55010366, 0.98374295, 5.7066507, 0.40022722] 2.708882 1.2185532 1.0378273 1.0757139
[9058, 0.560128, 0.97924227, 5.6011677, 0.28958815] 2.6000412 1.2578787 0.97986716 0.99148256
[9059, 0.48350593, 1.0311091, 5.8911157, 0.5264739] 2.7381444 1.0469681 0.8921678 0.87482977
[9060, 0.5033535, 1.0291185, 4.7647376, 0.47951964] 3.0229664 1.1125885 0.9199895 0.922949
[9061, 0.5386681, 1.0070454, 4.9133034, 0.6270846] 2.7701564 1.2776238 1.07923 0.85241145
[9062, 0.47412062, 1.0409682, 5.3726654, 0.35016033] 2.9486432 1.0417134 0.9228629 0.8762669
[9063, 0.49990657, 1.049616, 5.5750856, 0.6119558] 2.7520683 1.155634 0.92241395 0.94847494
[9064, 0.47412068, 1.0248356, 6.3761034, 0.27699822] 2.7275226 1.036042 0.91456586 0.93626624
[9065, 0.58468264, 0.9695417, 5.2473145, 0.7183135] 2.6473908 1.2056184 0.8339249 0.9476426
[9066, 0.48317695, 1.0387686, 5.866983, 0.34104705] 2.5348375 1.2775629 0.9650184 0.8162358
[9067, 0.44471827, 1.0618297, 4.9442945, 0.33234373] 3.047326 1.0929184 0.9514143 0.9699805
[9068, 0.48560038, 1.0332283, 5.2594404, 0.46736434] 2.746978 1.0676886 1.0178976 0.94635224
[9069, 0.48746026, 1.0247102, 5.7722235, 0.6062595] 2.6720302 1.1415421 0.9399556 0.89693
[9070, 0.5255603, 1.0227575, 4.5683784, 0.39282024] 3.0404258 1.16319 0.8710888 0.9169405
[9071, 0.5349838, 1.0166628, 5.292201, 0.5040273] 2.6458442 1.1933346 0.98782855 1.1613425
[9072, 0.48122656, 1.0373256, 5.4985385, 0.56683546] 2.7851794 1.0652034 0.8358153 0.99949825
[9073, 0.51447004, 1.007359, 4.8288074, 0.71128017] 2.724453 1.257148 0.805769 0.98543566
[9074, 0.48613447, 1.0722247, 3.3391006, 0.70041907] 3.0797374 1.1339711 0.9806115 0.9516451
[9075, 0.5416975, 1.0053079, 6.7742257, 0.30397213] 2.7804346 1.1795088 1.0211041 0.8236962
[9076, 0.5007802, 1.0242507, 4.4369917, 0.6294545] 3.1648352 0.97489333 0.9117414 0.9303231
[9077, 0.5396664, 0.97812265, 6.875822, 0.32914284] 2.5922775 1.1392207 1.0826949 0.79615766
[9078, 0.50804394, 1.0484072, 5.097126, 0.609637] 2.736314 1.3435439 0.96727014 1.0349263
[9079, 0.4595641, 1.066385, 5.1496253, 0.7603436] 2.7813642 1.197074 0.7392937 0.9367251
[9080, 0.51937264, 1.0367746, 4.927823, 0.3602223] 3.0293434 1.159599 0.9097501 0.8797818
[9081, 0.47064507, 1.0600079, 4.785037, 0.46260607] 2.9899054 1.0920902 0.88450015 0.9183983
[9082, 0.5785842, 0.9741585, 5.7855883, 0.31868327] 2.993777 1.1777707 0.91101855 0.68599725
[9083, 0.5897269, 0.9511621, 5.268836, 0.47346592] 2.4929988 1.1964841 1.0898277 1.0296851
[9084, 0.44278798, 1.0342387, 6.5091624, 0.16051371] 2.6852129 1.1779596 0.9601405 0.8868729
[9085, 0.5006651, 1.0187608, 6.5200214, 0.3954069] 2.6834507 1.0769101 1.0369012 0.9857785
[9086, 0.4586778, 1.0806682, 4.337681, 0.52794766] 2.8845575 1.1108625 1.0683905 0.9894904
[9087, 0.48295778, 1.0529519, 5.199518, 0.3943954] 2.8529341 1.2995948 1.0060977 0.88207275
[9088, 0.4795591, 1.0561438, 4.3907585, 0.74766725] 3.10317 1.1721426 0.9323066 0.7742996
[9089, 0.60503536, 0.9609065, 8.103797, 0.69593024] 2.642422 1.184395 0.9314766 0.9288025
[9090, 0.49033883, 1.0407939, 5.7697105, 0.3074087] 2.7747235 1.3501362 0.859721 0.97166336
[9091, 0.5791346, 0.9305331, 6.737888, 0.2609193] 2.4463558 1.2624741 0.9526576 0.8091744
[9092, 0.5076, 1.0140043, 5.3722854, 0.31621802] 3.0989294 1.061888 0.8828366 0.8327699
[9093, 0.48358548, 1.0232582, 6.734122, 0.22350223] 2.6305008 1.0889852 1.0707389 0.89941716
[9094, 0.53488415, 1.0066197, 5.2144737, 0.338395] 2.867377 1.2109011 0.981668 0.9659864
[9095, 0.5455496, 0.99542636, 4.850204, 0.7485546] 2.6956959 1.1221395 0.96987355 0.8739635
[9096, 0.56446266, 0.95807457, 6.208269, 0.27277955] 2.9190297 1.026628 0.96881837 0.78105235
[9097, 0.4196538, 1.0864888, 5.740853, 0.41891685] 2.7170076 1.2690289 0.9227178 1.0061426
[9098, 0.5090364, 0.9944942, 6.1162333, 0.435673] 2.847352 1.1333699 0.9785288 0.8113216
[9099, 0.50413704, 1.0280273, 3.057277, 0.9780321] 3.1193845 1.1900074 0.9862595 0.7718604
[9100, 0.5149712, 1.0159615, 5.9424386, 0.46407688] 2.465017 1.1949039 0.94410515 0.96777093
[9101, 0.5433929, 0.9944283, 6.0967813, 0.28542292] 2.6921494 1.0079507 0.99138033 1.1196399
[9102, 0.59112126, 0.94202405, 4.6769695, 0.7673154] 2.5118902 1.3547392 0.9256042 0.9112036
[9103, 0.47961628, 1.0357457, 4.1889753, 0.6296178] 2.8911781 1.2243786 1.0464401 1.008642
[9104, 0.5467751, 0.95723325, 4.762737, 0.40046534] 2.5566068 1.2089003 0.86179936 0.8145291
[9105, 0.4200843, 1.0787098, 5.9382377, 0.39843917] 2.7370503 1.1078207 0.98565876 0.92962927
[9106, 0.5090419, 1.0348446, 5.2757144, 0.48460108] 2.818543 1.048311 0.8956552 1.0198601
[9107, 0.44569013, 1.0809176, 4.726892, 0.77288336] 2.7657626 1.1112164 1.0212548 1.0657252
[9108, 0.5960458, 0.96201205, 4.42653, 0.5622576] 3.058449 1.1545618 1.0150397 0.71899587
[9109, 0.4553095, 1.0804995, 5.2835126, 0.5368176] 2.961358 1.0179487 0.9737737 0.975216
[9110, 0.45296764, 1.0271286, 6.842489, 0.4049634] 2.876002 1.0542014 0.9869437 0.85958576
[9111, 0.516466, 1.0197103, 5.957957, 0.53668755] 2.8603308 1.2501695 0.8416476 0.82129055
[9112, 0.49837714, 1.0111312, 4.454244, 0.396047] 2.9064097 1.0922325 0.90833604 0.8176088
[9113, 0.43613556, 1.0608855, 5.081406, 0.41549858] 2.7949667 1.0882912 1.0067416 0.9772087
[9114, 0.5002022, 1.0306346, 5.0898514, 0.44736093] 2.5993829 1.1277863 0.918928 1.058483
[9115, 0.46936026, 1.057099, 4.7632074, 0.5533386] 2.9326146 1.0976946 0.998388 0.8532214
[9116, 0.51911503, 1.0128819, 5.0847683, 0.44305965] 2.764806 1.1986675 0.9036853 0.9626527
[9117, 0.54721195, 0.9758981, 6.765952, 0.24718389] 2.6719248 1.1107582 0.84277874 0.9419681
[9118, 0.47763962, 1.0312325, 5.608485, 0.34831148] 2.600908 1.2054403 1.0102229 1.0768546
[9119, 0.5262954, 1.0117738, 5.490383, 0.24980758] 2.675901 1.2517484 1.0532244 0.9909788
[9120, 0.54023, 0.9835289, 6.0493603, 0.37156108] 2.6610725 1.1168457 0.9300423 0.8572395
[9121, 0.54266125, 0.93104064, 5.0151877, 0.06307315] 2.6988683 1.0335281 0.9424372 1.2133085
[9122, 0.4406717, 1.0587989, 5.27723, 0.49051368] 2.5779855 1.270339 1.0721459 0.9568138
[9123, 0.4513579, 1.0583351, 4.79005, 0.8149652] 2.8056476 1.2779967 0.9425913 0.913207
[9124, 0.5368063, 0.9502527, 7.37885, 0.15586074] 2.3566542 1.1749519 0.93134475 0.9400743
[9125, 0.4132269, 1.0653293, 6.090201, 0.25232816] 2.8258488 1.1875561 0.99438715 0.88528717
[9126, 0.4969012, 1.0049685, 6.0085735, 0.30925465] 2.7573628 1.094519 0.94661224 0.9593014
[9127, 0.41120875, 1.0880046, 3.9243643, 0.7475042] 3.0520978 1.113809 0.914321 1.0075829
[9128, 0.60246384, 0.9204048, 5.636332, 0.18509905] 2.9177933 1.1759919 0.8957735 0.84145707
[9129, 0.50582576, 1.0166538, 6.243652, 0.5380991] 2.6151757 1.0846168 1.0513139 0.9377656
[9130, 0.48170507, 1.0538479, 3.3538375, 0.837652] 3.1255221 1.2913575 0.922948 0.89232135
[9131, 0.5043733, 1.0451163, 5.7705383, 0.50863284] 2.7833555 1.0921521 1.0385824 0.8274593
[9132, 0.5719436, 0.96084446, 5.1513376, 0.29770234] 2.6292536 1.0185505 0.9159473 0.93374324
[9133, 0.4575974, 1.073072, 4.6245775, 0.54205716] 3.1020358 1.0601965 0.97849023 0.863454
[9134, 0.44251898, 1.039427, 6.3651323, 0.24726896] 2.6461515 1.0238875 1.0199398 1.0657524
[9135, 0.52833736, 0.9906744, 5.0581465, 0.6030865] 2.3410213 1.2123096 1.0853752 1.0245723
[9136, 0.48236892, 1.0418391, 4.8748837, 0.65304875] 2.7166529 1.0468577 0.84150046 0.94751555
[9137, 0.5190843, 1.0196497, 4.7489295, 0.7007937] 2.8244762 1.3836411 0.9325984 0.69269013
[9138, 0.5620426, 0.9721404, 8.331361, 0.2509944] 2.7621133 1.0895848 0.917072 0.87261754
[9139, 0.40116894, 1.0738001, 5.8668365, 0.33590737] 2.7520304 1.1913419 1.0053314 0.973646
[9140, 0.63684, 0.90632904, 6.593663, 0.34847435] 2.5933077 1.107605 1.0796825 0.864229
[9141, 0.49553975, 1.032161, 5.9900036, 0.6897001] 2.7331927 1.151739 0.94855344 0.982996
[9142, 0.40593165, 1.0860528, 4.534995, 0.3803057] 2.7900827 1.3127679 1.0227263 0.9519739
[9143, 0.51062095, 1.0072902, 5.6494837, 0.5418565] 2.5723429 1.1409153 0.9914369 1.0534682
[9144, 0.46640068, 1.0276474, 5.539857, 0.2704048] 3.0037029 1.2674571 0.9478875 0.82295007
[9145, 0.5193273, 1.0022146, 5.31692, 0.22855455] 2.7654908 1.3363551 0.94380337 0.8187522
[9146, 0.52288556, 1.0140742, 3.9847622, 0.66144574] 3.1583526 1.20784 0.77162623 0.85882854
[9147, 0.4904104, 1.0402609, 3.8338258, 0.7896788] 3.0273616 1.1418004 0.91307193 1.0163181
[9148, 0.4803892, 1.0343136, 5.7132487, 0.24753557] 2.9391868 1.1361766 0.9700253 0.9115867
[9149, 0.4069358, 1.0860529, 4.273736, 0.7329899] 3.1260982 1.0251865 0.9509094 0.9120016
[9150, 0.48223338, 1.0443912, 6.23026, 0.28636077] 2.7142756 1.088276 1.0520226 0.946567
[9151, 0.4780747, 1.0482857, 5.375699, 0.58384246] 2.7271452 1.2476748 0.9327753 0.9304931
[9152, 0.591563, 0.95514375, 4.131031, 0.7778715] 2.8566465 1.2834053 0.9787004 1.071798
[9153, 0.53784674, 0.98403496, 6.6795964, 0.4688295] 2.4232728 1.1970947 0.944426 0.9891805
[9154, 0.48910743, 1.0422862, 3.7572014, 0.74188215] 2.872824 1.2385473 1.0257931 0.98366624
[9155, 0.45706117, 1.0498549, 5.211375, 0.41011062] 2.8101172 1.1601334 0.9314422 0.9642822
[9156, 0.43096924, 1.0962667, 6.0570145, 0.54860693] 2.7653012 1.1589901 0.86986893 1.1472563
[9157, 0.6309216, 0.8980764, 5.483398, 0.90313476] 2.2955222 1.1084476 0.8928187 0.9021177
[9158, 0.52388436, 1.0263122, 3.5869823, 0.43911153] 3.071187 1.1543282 0.93690985 0.8957281
[9159, 0.5360839, 1.014564, 4.3694835, 0.83030784] 3.0696948 1.1749245 0.8794437 0.8127638
[9160, 0.47738576, 1.0100151, 6.08486, 0.20418105] 2.652457 0.9428794 0.93101406 0.9990035
[9161, 0.4601457, 1.0731565, 5.5941706, 0.67266905] 2.7599046 1.2702507 0.96481687 1.059987
[9162, 0.55072236, 1.0070053, 4.4237127, 0.7531176] 3.149277 0.9517976 0.82450885 0.87340325
[9163, 0.44458488, 1.0407869, 5.971632, 0.27170056] 2.7814872 1.1346701 0.9628912 1.0166411
[9164, 0.42493913, 1.0606682, 3.6119444, 0.55663335] 3.1177182 1.1713554 0.86657155 0.9759046
[9165, 0.5570479, 0.98526037, 4.818717, 0.5728979] 2.8154292 1.2183517 0.8985493 0.9025791
[9166, 0.5345869, 0.98640007, 5.4878488, 0.60333693] 2.490575 1.2074164 0.9412341 0.92440706
[9167, 0.46063128, 1.0521427, 5.140806, 0.3962645] 2.862583 1.1086749 0.89453757 0.89099693
[9168, 0.3610554, 1.0997566, 4.7018433, 0.4554293] 2.6953893 1.1939152 0.986506 1.0244287
[9169, 0.5094443, 1.023836, 4.642264, 0.36050197] 3.057371 1.0677512 1.0098063 0.85117793
[9170, 0.56514627, 0.99558914, 4.0696125, 0.7111079] 3.2252805 1.1024044 0.86183053 0.7718777
[9171, 0.6113798, 0.92296016, 6.5668473, 0.3309282] 2.513353 1.1939057 0.80922174 0.91031784
[9172, 0.53356105, 1.0103031, 5.3841996, 0.6290064] 3.0260258 1.0850152 0.9119181 0.7763311
[9173, 0.46274102, 1.0487834, 5.7019744, 0.3221347] 3.0268548 0.9567387 0.97647893 0.9795506
[9174, 0.49392277, 1.02349, 7.2348275, 0.1893856] 2.8316278 1.1589932 0.9677787 0.8398355
[9175, 0.45829588, 1.0868787, 7.573626, 0.36451644] 2.8547447 1.0033456 0.9630971 1.015031
[9176, 0.46359956, 1.0710577, 4.4452686, 0.4473989] 2.938124 1.1700745 0.97486156 1.1059865
[9177, 0.5304894, 1.0300641, 6.9800563, 0.33960405] 2.8838806 1.1154755 0.9468394 0.9972178
[9178, 0.5330734, 1.0106188, 5.066807, 0.5279812] 2.90233 1.1049639 0.9075648 0.8321318
[9179, 0.524153, 1.0222347, 4.548125, 0.42625058] 2.9645 1.1232347 0.9809097 1.0484127
[9180, 0.47107324, 1.0457875, 5.360162, 0.3067552] 3.1612456 1.0633756 0.84525865 0.97545415
[9181, 0.4714708, 1.0288582, 5.8401093, 0.2595163] 2.6704514 1.2482482 0.9359603 0.8633619
[9182, 0.48079026, 1.0325288, 5.1457586, 0.3624254] 2.557645 1.1732916 1.0032582 1.0583321
[9183, 0.5662759, 0.9762082, 4.982443, 0.5230091] 3.111775 1.0547215 0.86883026 0.8265804
[9184, 0.4991298, 1.0216504, 5.9903393, 0.39291868] 2.6175644 1.2012329 0.90867496 0.87946796
[9185, 0.45604268, 1.0733172, 3.3168716, 0.79185677] 3.1393535 1.0914603 0.8409849 1.0613405
[9186, 0.55911094, 1.0008959, 5.564609, 0.5527985] 2.8562262 1.2031056 0.97082436 0.965974
[9187, 0.5397705, 1.0194278, 4.8431954, 0.37749234] 3.034101 1.1053504 0.97687805 0.8639251
[9188, 0.38901073, 1.0884025, 6.645782, 0.36214817] 2.7768993 1.0649201 0.9437722 0.9251817
[9189, 0.536261, 0.98788095, 5.4273934, 0.6700452] 2.9633327 0.9947827 0.90373033 0.7946444
[9190, 0.46159425, 1.0769649, 4.171358, 0.6691083] 3.2489204 1.0014799 0.8308989 0.95329744
[9191, 0.51719016, 1.0237797, 5.193099, 0.5096014] 2.7343128 1.1212919 0.8252961 0.8999258
[9192, 0.45179567, 1.0790994, 2.8943536, 0.8040824] 3.3700821 0.9696527 1.0430025 0.79785377
[9193, 0.42376187, 1.0623064, 6.7902308, 0.24846934] 2.6957617 1.161119 1.0000238 0.95240694
[9194, 0.49535534, 1.0427638, 3.1654663, 0.85088] 3.209486 1.1076673 0.89385796 0.97600937
[9195, 0.52645963, 1.0101354, 7.793754, 0.34712297] 2.9627688 1.0545061 0.9028585 0.7284143
[9196, 0.52123886, 1.011095, 3.7693574, 0.65211445] 3.172565 1.0109463 0.84507275 0.96761763
[9197, 0.5154155, 1.0080101, 4.6823435, 0.549366] 2.6840208 1.1011657 0.940777 1.029945
[9198, 0.50201964, 1.0370587, 4.350857, 0.42822608] 2.8480325 1.024925 1.0139126 1.0871146
[9199, 0.48819116, 1.0439097, 5.1071267, 0.35617867] 2.7432554 1.2897644 0.987886 1.093893
[9200, 0.5242714, 1.0033323, 5.146206, 0.30303302] 2.8910575 1.2304857 0.939586 1.0554003
[9201, 0.5243773, 1.0197967, 4.9746575, 0.7242211] 3.2218251 1.1157013 0.8801433 0.7139685
[9202, 0.50750023, 1.0270892, 6.0864925, 0.44872364] 2.781704 1.0998485 0.96801895 0.898615
[9203, 0.42866358, 1.0626154, 5.0415745, 0.44246754] 2.7216158 1.145501 0.93432206 0.8706123
[9204, 0.5551639, 0.99079376, 4.7406454, 0.39946452] 2.8673522 1.2785323 0.9245667 1.0261637
[9205, 0.49847984, 1.0257237, 3.6180892, 0.68297833] 3.0043862 1.1802837 0.9850063 0.80585206
[9206, 0.52355355, 0.9956888, 6.0311666, 0.25071734] 2.9077377 1.0331823 0.95862156 0.79004294
[9207, 0.4685006, 1.049686, 4.000453, 0.5010706] 3.0038338 1.149706 0.9487298 1.0508304
[9208, 0.5116222, 1.0077356, 5.9899273, 0.4011115] 2.5573018 1.0700783 0.9798687 0.8446637
[9209, 0.53314185, 0.96735835, 6.543307, 0.35642287] 2.4798155 1.1596557 0.8505733 0.84333324
[9210, 0.46730524, 1.059348, 5.5549054, 0.34863088] 3.0018516 1.0722693 0.95221573 0.900709
[9211, 0.48575762, 1.0440105, 5.8651547, 0.4867753] 2.8274422 1.1323658 1.0673722 0.82947886
[9212, 0.4617353, 1.0672574, 5.9928207, 0.38350356] 2.830593 1.2747425 0.9032123 0.90736806
[9213, 0.4658184, 1.0256815, 5.7565827, 0.34147066] 2.6981876 1.2865186 0.90547997 0.9052296
[9214, 0.47184289, 1.0222936, 6.0467963, 0.31114298] 2.631563 1.0771283 1.0920508 0.8687689
[9215, 0.5111073, 1.0296828, 5.1859627, 0.9854894] 2.7577093 1.0147065 0.9434666 0.96533984
[9216, 0.45108595, 1.0575037, 5.3203173, 0.40710258] 2.8925996 1.0846989 0.8918302 1.0661259
[9217, 0.4157912, 1.0863008, 5.2282286, 0.41858393] 2.777609 1.1582559 1.0052774 1.0894247
[9218, 0.57923, 0.9665143, 4.328904, 0.4028784] 2.8911197 1.0040102 1.03593 0.91716117
[9219, 0.48546088, 1.0299587, 5.340747, 0.65343827] 2.7705622 1.111497 0.8916704 1.032051
[9220, 0.56486523, 0.984595, 5.593292, 0.35967723] 3.0374932 1.0806412 0.99902946 0.7404043
[9221, 0.54633915, 0.96921986, 6.495941, 0.23745406] 2.8426445 1.0747198 0.9135827 0.8490708
[9222, 0.41694596, 1.0898856, 5.6136928, 0.33382136] 2.9889429 1.1990926 0.9464585 0.876793
[9223, 0.40797746, 1.0977103, 3.7548468, 0.7319902] 2.774499 1.3545303 0.97991824 0.87232697
[9224, 0.45322362, 1.050136, 5.5052924, 0.40488964] 2.9306939 1.1388057 0.8445128 0.8244659
[9225, 0.51102686, 1.0020252, 5.5305395, 0.25030616] 2.9365284 1.1241425 1.0621032 0.8162399
[9226, 0.39895824, 1.0730952, 4.3812237, 0.59124726] 2.7826285 1.3449527 0.9853436 0.87281084
[9227, 0.46170995, 1.0560641, 5.857706, 0.37069523] 2.5716453 1.0686858 1.1293259 0.9046374
[9228, 0.5234138, 1.01941, 5.2290335, 0.43618223] 2.7209134 1.0793833 1.0075243 1.0683293
[9229, 0.5299527, 1.0276091, 4.73806, 0.478826] 2.9490006 1.1025574 0.99859345 0.9620933
[9230, 0.4856452, 1.0185928, 6.6221447, 0.18041003] 2.5720325 1.0692483 1.0236045 0.91762275
[9231, 0.50767124, 1.0300372, 2.8146381, 0.7359894] 3.3019876 1.1152074 0.8399001 1.0206566
[9232, 0.5112671, 1.0215045, 5.2568164, 0.4318847] 2.8598301 1.1077025 0.95775634 1.0292368
[9233, 0.4119287, 1.0716265, 6.171069, 0.25668576] 2.9204402 0.9990992 1.0581824 0.84131277
[9234, 0.47522405, 1.0271374, 4.433302, 0.2833892] 3.1054769 1.0429399 0.9905681 0.9104885
[9235, 0.53577644, 0.9958356, 6.048389, 0.5583021] 2.4978852 1.1986855 1.0810204 0.99055064
[9236, 0.459321, 1.0381689, 4.1959925, 0.80358845] 2.6115398 1.147545 0.9845762 0.89754045
[9237, 0.56949145, 0.9675808, 5.2361007, 0.34091905] 2.9079363 0.9561613 0.8660003 0.8944489
[9238, 0.4701018, 1.0387017, 5.9973774, 0.23920864] 2.5837297 1.2085011 1.0314739 1.0566308
[9239, 0.5653889, 0.96260315, 6.947667, 0.25461972] 2.611282 0.9348727 1.017953 1.1200125
[9240, 0.5438599, 0.9865551, 6.849305, 0.22427595] 2.7264388 1.3208079 0.8973506 0.75968456
[9241, 0.48928055, 1.032479, 5.974311, 0.40531296] 2.8016179 1.0980672 1.0248029 0.97225314
[9242, 0.40212977, 1.1053278, 5.265375, 0.41302097] 2.8604102 1.1131992 0.9463997 1.1602424
[9243, 0.47681484, 1.0576526, 4.514124, 0.5296146] 2.7034447 1.2704161 0.93660724 0.8609864
[9244, 0.49351132, 1.0311928, 4.57974, 0.12028671] 2.9061728 1.3324832 1.038825 1.030963
[9245, 0.5384202, 1.0043999, 4.425728, 0.5960165] 3.0050156 0.91613275 0.8276557 1.1470516
[9246, 0.6242475, 0.9157346, 6.4073606, 0.5226973] 2.8164124 1.0352013 0.78342736 0.9257485
[9247, 0.5374136, 0.9905384, 6.021854, 0.5500411] 2.611559 1.2294738 0.9786468 0.9475528
[9248, 0.51423633, 1.0131687, 6.4618425, 0.37786677] 2.5376923 1.4134207 0.9520364 0.9165507
[9249, 0.49221447, 1.0440216, 4.365652, 0.39865622] 2.9980664 1.1915377 1.0007093 0.934329
[9250, 0.49706742, 1.0300577, 3.6479487, 0.85662746] 3.272215 0.99193275 1.0461242 0.7878582
[9251, 0.45603535, 1.0582516, 4.104055, 0.5194106] 3.0967503 1.0559946 0.9230711 0.9309813
[9252, 0.47353414, 1.0433378, 5.578496, 0.528598] 2.7479887 1.1221684 0.94278204 0.9847045
[9253, 0.618636, 0.9191194, 6.60492, 0.40437937] 2.8496926 0.8980982 1.1217898 0.94681233
[9254, 0.4790745, 1.0368278, 6.679296, 0.2166211] 2.6661508 1.0010153 1.102522 1.0593815
[9255, 0.44144148, 1.0622064, 4.915529, 0.5553437] 2.7142427 1.1839583 0.91484445 0.9860768
[9256, 0.55239403, 0.9695056, 5.8848295, 0.27567586] 2.5160642 1.0949149 0.96465075 1.0099658
[9257, 0.44327077, 1.0422925, 5.4982715, 0.39172307] 2.9110427 1.1487299 0.8916083 0.9610548
[9258, 0.50496423, 1.051241, 4.9505186, 0.44660348] 3.1591222 1.0397958 0.88028926 0.8138633
[9259, 0.6075433, 0.93891335, 4.280778, 0.6673485] 2.7560792 1.0068545 0.9189507 0.860635
[9260, 0.3905905, 1.07865, 5.6030188, 0.31067348] 2.6769073 1.0982008 1.1799686 1.0122461
[9261, 0.48223677, 1.0515984, 6.0301, 0.39142475] 2.8524127 1.1709743 0.8739818 0.9147065
[9262, 0.42090285, 1.0742894, 5.1950846, 0.39792922] 2.6718068 1.0818831 0.95802826 1.014989
[9263, 0.6212085, 0.88317055, 5.485067, 0.4862328] 2.6559207 1.1002966 0.8929633 0.7085258
[9264, 0.37744904, 1.1107339, 3.8744402, 0.84432054] 2.8939037 1.2551714 0.9544826 1.0740994
[9265, 0.44654813, 1.0651855, 5.2520323, 0.31612742] 2.9245646 1.0651113 1.0177475 0.86702853
[9266, 0.48064086, 1.0508255, 4.2773514, 0.7337106] 2.9772058 1.0323805 0.92743313 1.0126418
[9267, 0.41313788, 1.0792797, 6.338451, 0.6319371] 2.653763 1.1680315 1.0278436 1.0067195
[9268, 0.5178717, 0.99757487, 6.2647676, 0.21983095] 2.5358944 1.1890227 1.0642339 0.9903412
[9269, 0.5962111, 0.9369949, 6.525333, 0.3111816] 2.528534 1.152182 0.9470757 1.1277593
[9270, 0.57417846, 0.97267973, 4.045724, 0.7933132] 3.2315636 1.1349747 0.81369275 0.6742233
[9271, 0.49526256, 1.0125217, 5.560391, 0.077182084] 2.6597545 1.2865022 0.95607793 1.0978528
[9272, 0.50115836, 1.0470542, 4.000628, 0.51272064] 3.0982687 1.1433536 0.88016033 0.96926975
[9273, 0.49839544, 1.0343848, 3.3387454, 0.66493773] 3.4247732 1.0791056 0.78431016 0.7552
[9274, 0.51330316, 0.97765666, 7.3570952, 0.14211719] 2.5299544 1.2130836 1.060031 0.9606968
[9275, 0.51576054, 1.0007068, 4.410081, 0.51062524] 3.1037729 0.9914265 1.020501 1.0193357
[9276, 0.5150911, 1.0433079, 4.4267697, 0.6952459] 2.9400969 1.181037 0.9145256 1.1060727
[9277, 0.4410301, 1.075651, 3.6391943, 0.7602071] 2.7203293 1.2662053 0.93667895 1.0827566
[9278, 0.611285, 0.9356311, 5.4963274, 0.29584682] 2.9433732 1.3545032 0.9027745 0.60865384
[9279, 0.5367482, 1.008711, 6.0534782, 0.6998739] 2.5088522 1.0964137 1.0473897 1.0248077
[9280, 0.54083323, 0.9979324, 4.8559227, 0.3764421] 2.7750595 1.1833318 1.0915751 0.8891646
[9281, 0.5004768, 1.0231494, 5.1550946, 0.26365238] 2.8819213 1.2990298 0.74719554 0.96725833
[9282, 0.54445994, 0.98530525, 4.702894, 0.6246106] 2.5723972 1.1047252 1.0580972 1.1099783
[9283, 0.5643455, 0.9595976, 7.1869974, 0.22526442] 2.7197833 1.2766099 0.83002657 0.78689885
[9284, 0.54446614, 1.003636, 4.8466163, 0.38524798] 2.7332647 1.3425556 1.0851372 1.0961144
[9285, 0.5272603, 1.0357003, 3.4271395, 0.79270744] 3.10903 1.0364369 0.9165334 0.7732644
[9286, 0.3799734, 1.118216, 4.1513295, 0.639058] 3.0517979 1.1557933 1.0731193 0.8860704
[9287, 0.51111263, 1.0275706, 4.7591653, 0.61599314] 2.695484 1.2466822 1.0101933 0.93385965
[9288, 0.5808494, 0.94089043, 6.374672, 0.3203687] 2.4448843 1.083928 1.0570952 0.8867879
[9289, 0.5602165, 0.99399966, 4.9985847, 0.470272] 2.8746479 1.1163207 0.9909785 0.83864665
[9290, 0.56215197, 0.9730139, 6.0568805, 0.5525002] 2.6816945 1.1517885 0.9560836 1.0120589
[9291, 0.4939373, 1.0425932, 4.552569, 0.63118595] 3.0616791 1.1605697 0.799567 0.90422416
[9292, 0.4448279, 1.0522597, 6.1850133, 0.4126613] 2.9772289 0.9898907 0.9900005 0.7554294
[9293, 0.55058765, 0.98191303, 5.5112534, 0.4114548] 2.2857559 1.264342 1.0026771 1.0877353
[9294, 0.48022795, 1.055888, 5.4544, 0.33000174] 3.0676303 1.0291873 0.9141165 0.9169186
[9295, 0.62740904, 0.9238106, 5.86866, 0.78342134] 2.8111851 1.1061852 0.91022795 0.7841896
[9296, 0.4939062, 1.0331597, 5.675257, 0.20669699] 2.9886277 1.0225917 0.9911581 0.7930405
[9297, 0.58033085, 0.95782936, 5.788395, 0.36357078] 2.8846378 1.054537 1.0670468 0.9349848
[9298, 0.6138117, 0.93556637, 5.7406516, 0.31423122] 2.4120097 1.0953343 1.0072235 0.9535702
[9299, 0.441224, 1.0700859, 5.6656103, 0.43041122] 2.754405 1.1081573 1.0164754 1.0591136
[9300, 0.48695403, 1.0277059, 5.8068004, 0.32449684] 2.744612 1.0255313 0.8381969 1.0184932
[9301, 0.49247915, 1.033941, 4.8566504, 0.542426] 2.5816815 1.1402533 0.9893098 1.0210421
[9302, 0.5125527, 1.0025362, 5.8464313, 0.72573763] 2.559939 1.2413645 0.92990625 1.0345459
[9303, 0.50675285, 1.0319604, 4.8141475, 0.41193664] 3.0629022 1.1655887 0.840298 0.85432124
[9304, 0.51718223, 1.037323, 4.449575, 0.9072146] 2.9090073 0.9801272 0.9795687 1.0969847
[9305, 0.4440906, 1.0849057, 2.9921432, 0.8513423] 3.1891673 1.1255579 0.97634315 0.9813636
[9306, 0.49912703, 1.0180166, 5.2423778, 0.5882362] 2.8287163 1.1144323 0.8614481 0.9473749
[9307, 0.5057807, 1.0283734, 4.913754, 0.50398886] 2.7679474 1.2967262 0.89018965 0.9108207
[9308, 0.5051653, 1.0309452, 4.7025676, 0.44190705] 3.0191894 1.1930878 1.0551133 0.80984265
[9309, 0.41541004, 1.0760584, 3.3649106, 0.7431998] 3.2134924 1.132102 1.0619609 0.9115452
[9310, 0.5241478, 1.0329114, 3.843898, 0.7045599] 3.172589 1.1314975 0.72024 0.91179556
[9311, 0.5375942, 1.0132617, 4.21904, 0.6921477] 3.1237123 1.0294346 0.96944034 1.0456296
[9312, 0.59201336, 0.94053596, 5.554596, 0.28760117] 2.860724 1.1882687 0.90648836 0.79956234
[9313, 0.52399963, 1.0165365, 5.6380157, 0.40103677] 2.5325208 1.2273972 1.1149554 0.9598677
[9314, 0.45071313, 1.0517403, 4.935263, 0.45335066] 2.5162528 1.1184717 1.0537298 1.2029791
[9315, 0.55980605, 0.95804167, 6.1786566, 0.18547481] 2.9682612 1.0264988 0.8568167 0.65209216
[9316, 0.46626243, 1.07308, 5.1323533, 0.63222605] 2.9770794 1.0963397 0.8437732 0.9954959
[9317, 0.5771661, 0.9839117, 6.2546678, 0.47330362] 2.8172479 1.2024561 0.948737 0.9659742
[9318, 0.501617, 1.025901, 5.826246, 0.20953877] 2.7905989 1.1595639 0.9624771 1.0370713
[9319, 0.44530192, 1.032101, 5.5243344, 0.41161245] 2.410921 1.1917609 0.8449947 0.9675241
[9320, 0.5299556, 1.0230561, 5.166297, 0.3121772] 2.8966787 1.3197994 0.8975401 0.8904534
[9321, 0.52363425, 1.0145723, 3.6684155, 0.9830352] 2.8824968 1.322181 0.92849696 1.0828435
[9322, 0.5230555, 1.0103011, 6.108964, 0.2511049] 2.7243292 1.3031253 1.0482805 0.9900936
[9323, 0.49207422, 1.0149738, 6.123419, 0.5010205] 2.419867 1.1157318 0.93812656 1.084596
[9324, 0.47304747, 1.0552229, 5.050221, 0.21519692] 2.8137538 1.1663117 1.1488674 1.0525649
[9325, 0.65226847, 0.8915645, 5.1293597, 0.3035499] 3.0986774 1.0662187 0.75023615 0.93720675
[9326, 0.47852704, 1.0534922, 5.454728, 0.34178057] 2.6980948 1.0630809 0.94203985 1.0447919
[9327, 0.5861102, 0.9600671, 7.869333, 0.2843391] 2.5972445 1.1595054 1.0325665 0.856726
[9328, 0.49643868, 1.0466669, 4.9341846, 0.37701303] 2.618027 1.3294011 0.98770684 0.9190752
[9329, 0.471711, 1.0541736, 3.5451372, 0.64636135] 3.029217 1.2858456 0.9458747 0.85042197
[9330, 0.5462729, 1.0039825, 5.090956, 0.5677389] 2.956662 1.1108354 0.93881166 0.96777594
[9331, 0.5248605, 1.0129883, 4.8525667, 0.67070395] 3.2708733 0.9848862 0.91924685 0.6637757
[9332, 0.3858144, 1.1098518, 5.3482113, 0.4258129] 2.9145083 1.0832564 0.94314545 1.0300765
[9333, 0.5588987, 0.98650825, 4.8243475, 0.4335793] 3.0371664 1.1467896 0.8940779 0.9786752
[9334, 0.5634115, 0.9807395, 3.4614089, 0.85535413] 3.2547617 1.0287523 1.0054784 0.9104858
[9335, 0.5319868, 0.9911418, 5.382824, 0.549194] 2.6755834 1.0219667 0.97068423 0.8820674
[9336, 0.62271273, 0.91659856, 6.797727, 0.29184523] 2.4039812 1.3541106 1.0098996 1.1386428
[9337, 0.6050485, 0.9512312, 4.064886, 0.6226004] 2.8764677 1.0256298 0.92749935 1.060901
[9338, 0.54257727, 0.99744123, 5.605401, 0.38586727] 2.7763581 1.1982034 0.8901763 0.7424775
[9339, 0.4700169, 1.0468905, 4.6356697, 0.32908982] 2.9621692 1.2182531 0.91630346 0.9953718
[9340, 0.50173074, 0.99562424, 6.2412686, 0.52678674] 2.400646 1.1096876 0.9644524 1.1350805
[9341, 0.4267176, 1.0827744, 4.81725, 0.5734116] 2.7457006 1.2087349 1.0859689 1.0011219
[9342, 0.5383739, 0.99857765, 4.4371357, 0.3729876] 2.9515383 1.1402967 0.979151 0.9516263
[9343, 0.4247457, 1.0826831, 5.626544, 0.25303587] 2.644202 1.0801843 0.9494096 1.2729881
[9344, 0.5287762, 0.9937201, 5.5701404, 0.36014092] 2.8901408 1.0536638 0.88685626 0.8314599
[9345, 0.61320716, 0.9254646, 5.697212, 0.26790208] 2.6432176 1.2161387 1.004401 0.9042139
[9346, 0.50411946, 1.0352064, 5.780428, 0.37899628] 2.6756413 1.2505172 0.9061967 1.0000759
[9347, 0.55330485, 0.99845505, 3.802476, 0.678561] 3.0930882 0.9200142 0.9071657 1.0653615
[9348, 0.5369776, 1.0218508, 5.126664, 0.5847706] 2.6380749 1.3008366 1.0028688 1.0492626
[9349, 0.4780888, 1.0590849, 5.588781, 0.6452704] 2.9884913 1.0238141 0.9506026 0.7688849
[9350, 0.46357006, 1.0309126, 6.837124, 0.18916464] 2.6450145 1.011603 0.9367993 1.0134264
[9351, 0.5399002, 1.0050814, 4.9269433, 0.3071024] 2.974585 1.2606766 0.8855932 0.9801253
[9352, 0.53851205, 0.9935575, 6.4323196, 0.5242708] 2.6959457 1.1661344 0.9495904 0.8354778
[9353, 0.46489325, 1.0548745, 4.24698, 0.5731893] 3.0620987 1.2136955 0.9400306 0.79241353
[9354, 0.576379, 0.9702598, 5.4201484, 0.22904745] 3.1279888 1.1131064 0.74592406 0.8205772
[9355, 0.45842007, 1.0270869, 5.5328345, 0.41632223] 2.624905 1.0852158 0.9846808 0.9192922
[9356, 0.4915561, 1.0320361, 5.535058, 0.6663069] 2.6688046 1.1816558 1.0578781 0.97913754
[9357, 0.501126, 1.0433351, 5.8322177, 0.597513] 2.928404 0.9201466 0.7631727 0.8365837
[9358, 0.3885747, 1.0717523, 6.421362, 0.24388878] 2.7355192 1.2470387 0.8904539 1.0493568
[9359, 0.48532134, 1.0449315, 4.4835987, 0.63269025] 2.8385422 1.3462688 0.9352435 0.8681735
[9360, 0.502347, 1.0278677, 5.814663, 0.41101447] 2.8070457 0.9275372 0.8846244 0.99036944
[9361, 0.48844442, 1.0134821, 5.348924, 0.4241119] 2.6072843 1.2149763 0.90083045 0.8560618
[9362, 0.46509713, 1.0539998, 6.495017, 0.41330665] 2.83023 0.97871596 0.9908185 0.8569828
[9363, 0.5224806, 1.0158575, 3.7749717, 0.4958117] 2.8207304 1.2718846 1.0891439 1.1811172
[9364, 0.38761044, 1.1018164, 5.6601214, 0.3910671] 2.5879338 1.2807138 1.0204034 1.0182945
[9365, 0.46833053, 1.0533262, 4.6373377, 0.7572017] 2.6486442 1.3111314 1.0498352 0.8750741
[9366, 0.47253683, 1.0469992, 4.4375906, 0.46599564] 2.7617834 1.08937 0.9049176 1.0375845
[9367, 0.45759326, 1.0737721, 3.9230735, 0.78460044] 3.1628315 0.9719549 1.0404727 0.9192383
[9368, 0.5196743, 1.0266904, 5.361207, 0.69176733] 2.63134 1.22982 0.8656308 0.9878621
[9369, 0.45891336, 1.0623418, 6.8840046, 0.3598424] 2.655648 1.14203 0.90802413 1.0406368
[9370, 0.51331127, 1.0207547, 6.076848, 0.19137754] 2.8705769 1.1485931 0.91687477 0.80249965
[9371, 0.5241422, 0.9965138, 6.1085296, 0.3615473] 2.6863208 1.1381394 0.9396198 0.9790144
[9372, 0.5347401, 1.0128973, 5.0248804, 0.48381183] 3.0295506 1.05769 0.74554116 0.92971283
[9373, 0.4182901, 1.0909865, 5.1339927, 0.4159691] 2.8759415 1.1918842 1.1643263 0.971602
[9374, 0.54370105, 1.0007418, 5.7384057, 0.32663447] 2.7430677 1.0365424 0.97546226 0.8107641
[9375, 0.5266324, 1.0128781, 4.605279, 0.5989605] 2.8710005 1.1283563 1.0258024 0.8719714
[9376, 0.42171884, 1.0655693, 6.5505176, 0.3059531] 2.6313615 1.1519046 0.9447465 0.97533774
[9377, 0.5647991, 0.9684974, 3.8633323, 0.7367856] 3.158295 1.1626033 0.9372326 0.91726315
[9378, 0.47340897, 1.0635575, 5.5189204, 0.41286185] 2.9767928 1.21324 0.9906342 0.9854169
[9379, 0.55953383, 0.9700553, 5.133157, 0.5051207] 2.4598484 1.2289077 0.9508325 0.892936
[9380, 0.5443056, 1.0102489, 5.179597, 0.30756897] 3.1086023 1.1335925 0.86283255 0.849775
[9381, 0.43800706, 1.0414655, 5.0081344, 0.38065818] 2.7707167 1.1220095 1.1107348 0.9258131
[9382, 0.46011415, 1.0445563, 5.1204576, 0.82809204] 2.7577128 1.1096246 0.98036927 0.99519587
[9383, 0.4269275, 1.0882995, 5.686041, 0.7036251] 2.6429992 1.0803163 0.89060116 1.0143107
[9384, 0.5407841, 1.0108005, 6.006343, 0.4100647] 2.8938146 1.1358144 0.9715934 1.0396376
[9385, 0.46978304, 1.0633965, 3.7599862, 0.9921844] 3.1393332 0.9535933 0.9934319 0.8759271
[9386, 0.43522495, 1.0705384, 3.4564002, 0.57322556] 2.7975028 1.2307185 0.9111459 1.1748307
[9387, 0.52621716, 0.9996053, 5.586806, 0.48289585] 2.5481832 1.1883258 0.92273414 0.9922599
[9388, 0.51939815, 1.0025157, 5.1735954, 0.24160087] 3.1148994 1.0324689 0.9193414 0.7066232
[9389, 0.43878484, 1.0703311, 5.3266087, 0.38721734] 3.0116515 1.0716658 0.9105915 0.8162525
[9390, 0.53456, 0.9843475, 7.0307813, 0.17059506] 2.693865 1.1651236 1.0222801 0.9789936
[9391, 0.47489336, 1.048824, 3.699561, 0.72277457] 2.8840652 1.1446474 1.0160618 0.9608305
[9392, 0.47219768, 1.0606686, 5.4079647, 0.26910806] 2.9600463 1.0919491 1.0289022 0.89575094
[9393, 0.50508547, 1.0130923, 4.7026596, 0.42090276] 2.6402125 1.2490684 1.0395586 0.8118953
[9394, 0.5242932, 1.0059294, 5.781805, 0.53584284] 2.5454168 1.3456808 0.9823534 0.9946591
[9395, 0.32828367, 1.1258694, 7.3600903, 0.35332543] 2.7493606 1.1367356 0.8670349 0.9606855
[9396, 0.43659264, 1.0790458, 5.25871, 0.53921723] 2.8398418 1.1780539 0.99017686 0.8744724
[9397, 0.46507284, 1.0588661, 6.8251877, 0.34874287] 2.6210382 1.3827392 0.89222974 0.9062426
[9398, 0.35396263, 1.0958592, 5.918781, 0.8180915] 2.600886 1.1666973 0.9811055 0.93866235
[9399, 0.5385049, 0.99482805, 6.59207, 0.2041255] 2.825237 1.048025 0.8778817 0.92499036
[9400, 0.4831952, 1.0552303, 4.1441894, 0.6973625] 2.9643636 1.09361 1.0715939 0.7575848
[9401, 0.42552707, 1.091428, 4.5518684, 0.52454716] 2.8830214 1.1262326 0.9522001 0.9751044
[9402, 0.4483336, 1.0461111, 5.0942287, 0.32646513] 3.004835 1.0666428 0.9293018 0.91893274
[9403, 0.5675485, 0.968244, 5.0901594, 0.45432258] 2.8971503 1.1671306 0.91252697 0.8551252
[9404, 0.59172785, 0.95992637, 6.0147758, 0.29294416] 3.0079014 1.0393095 0.97423625 0.8027809
[9405, 0.4900424, 1.0414456, 4.865214, 0.47559452] 2.7900274 1.2082212 0.9993249 0.9940562
[9406, 0.6103853, 0.92298275, 5.87384, 0.22977158] 2.706977 1.1788571 0.9308547 0.8057845
[9407, 0.46593297, 1.0786889, 5.4344807, 0.38087538] 2.7700233 1.2206256 1.1627694 0.95049345
[9408, 0.33823892, 1.1408764, 5.4812093, 0.75437057] 2.9343767 1.1717833 0.9733477 0.9640894
[9409, 0.6372336, 0.9073134, 6.844532, 0.4973655] 2.5986612 1.1962765 0.97419834 0.8325917
[9410, 0.54353476, 1.0103154, 5.0042415, 0.38570416] 2.842855 1.1733519 0.9270781 0.96150506
[9411, 0.38786557, 1.1059777, 3.1561782, 0.9836706] 3.2330866 1.0510707 0.9151409 0.88523066
[9412, 0.4831106, 1.0531322, 5.3517275, 0.4101188] 2.856126 1.0570443 0.89818615 1.06064
[9413, 0.4759093, 1.0443685, 5.2089167, 0.57614136] 2.882424 1.1144104 0.8403023 0.7373115
[9414, 0.55438256, 1.0019283, 4.9102893, 0.41771218] 2.827219 1.2019877 0.75144255 0.92455584
[9415, 0.5271615, 1.0108532, 4.295618, 0.9753473] 2.8488767 1.2419976 0.8513261 0.7110404
[9416, 0.4624076, 1.064467, 3.0242553, 0.66172135] 3.2407787 1.1098441 0.89064986 0.97494125
[9417, 0.53749484, 1.0063064, 5.0632563, 0.64275455] 2.908018 1.0487072 0.8563635 0.82864165
[9418, 0.50104725, 1.0281693, 5.2462735, 0.27396548] 2.7921484 1.0309201 0.920621 1.2040297
[9419, 0.4653608, 1.0520298, 5.019763, 0.49408078] 2.55507 1.2542778 0.9802743 1.1200198
[9420, 0.53413254, 1.005704, 5.5384855, 0.8377022] 2.614819 1.1163751 0.89942163 0.875068
[9421, 0.5049974, 1.0436505, 5.5619187, 0.52616906] 2.9065773 1.2106172 0.93926007 0.94998926
[9422, 0.48198983, 1.0602907, 4.6142154, 0.44151482] 3.1059272 1.1282564 0.87850696 0.9323317
[9423, 0.48242044, 1.0066867, 6.4976645, 0.26529643] 2.4449182 1.1572771 1.1389663 0.9626169
[9424, 0.5197204, 1.0027348, 6.8162827, 0.20583872] 2.778572 1.131794 0.92828363 0.94133574
[9425, 0.4947286, 1.0286338, 6.256684, 0.21143042] 2.791799 1.2898287 0.9156007 0.91895986
[9426, 0.4244916, 1.0699737, 5.904565, 0.2854823] 2.8137732 1.1680517 1.0389779 0.9880218
[9427, 0.51117826, 1.0130911, 6.0208635, 0.24927548] 2.7053814 1.2097278 0.9744796 0.9479539
[9428, 0.4934146, 1.0547794, 3.7435696, 0.74041426] 3.1860652 1.2498916 1.0068223 0.7899296
[9429, 0.4552139, 1.0643092, 4.475448, 0.6025762] 2.92864 1.1665654 1.0405903 1.0055531
[9430, 0.43505794, 1.0547101, 5.595496, 0.60624164] 2.5890267 1.3488903 0.89218515 0.8844668
[9431, 0.5075238, 1.0394595, 6.040082, 0.4374544] 2.9274716 1.0608022 0.91998875 0.8126749
[9432, 0.54359585, 0.98986036, 7.112276, 0.4420582] 2.6468327 1.292692 0.9431549 1.0091432
[9433, 0.5568454, 0.9878255, 6.7473326, 0.5098453] 2.681879 1.0121564 0.92918205 0.9749281
[9434, 0.54994464, 0.9890164, 4.165323, 0.44118524] 2.7468102 1.1518538 0.97357804 1.0017984
[9435, 0.4298169, 1.0807756, 5.102771, 0.66023445] 2.8751738 1.2271866 0.9419882 0.9037459
[9436, 0.5643618, 0.98811597, 4.8195395, 0.48752043] 2.9278579 1.1515374 0.8513031 0.89789784
[9437, 0.51300776, 1.0171512, 5.960359, 0.38298914] 2.6885374 1.1739606 0.98451674 0.87133265
[9438, 0.44048068, 1.0843012, 3.8148568, 0.43864033] 2.9548216 1.1997744 1.0743778 0.9213827
[9439, 0.444885, 1.0645515, 4.822134, 0.48451498] 2.6204836 1.1664524 1.015763 0.9600234
[9440, 0.43326253, 1.0701538, 4.2554617, 0.8459025] 3.0351152 1.1624959 0.94303805 0.82828385
[9441, 0.52803826, 0.98417354, 4.845854, 0.47547382] 2.65385 0.99207497 0.9321951 1.0559539
[9442, 0.44764775, 1.0461546, 6.6209536, 0.32004613] 2.7996721 0.9810181 1.0245934 1.022571
[9443, 0.58114314, 0.9874991, 4.380018, 0.7030905] 2.888945 1.2187135 0.8182963 0.69119865
[9444, 0.45278618, 1.0448492, 5.6506414, 0.32206354] 2.844187 1.1240028 0.9162311 0.8881419
[9445, 0.54235315, 1.0231333, 4.640119, 0.4088066] 2.9221087 1.2454882 0.96582186 1.0182997
[9446, 0.571846, 0.95924443, 6.8069735, 0.27242106] 2.3154743 1.1752688 1.0611831 0.966397
[9447, 0.41602832, 1.094488, 5.5332117, 0.35354495] 3.1158044 1.0122869 0.8298091 0.8964879
[9448, 0.497969, 1.0346636, 5.8186364, 0.30507147] 2.5903187 1.1976581 0.8349072 1.0268955
[9449, 0.6096801, 0.9380075, 6.7079635, 0.29802853] 2.8173003 1.3297333 0.7905217 0.69544387
[9450, 0.43811432, 1.084358, 2.4958956, 0.7868086] 3.4647863 1.0972228 1.0528114 0.7364803
[9451, 0.5200121, 1.0208789, 4.6145487, 0.52785385] 2.8864095 1.0417382 0.8629202 0.92521113
[9452, 0.45775875, 1.0678395, 2.9949393, 0.8264097] 3.049012 1.1421708 1.0063652 1.0717177
[9453, 0.57281685, 0.9700411, 5.535986, 0.47502667] 2.5167904 1.1686203 0.83916134 1.0117642
[9454, 0.5339362, 1.0245814, 4.6730905, 0.43494317] 2.7965455 1.3228592 0.90318733 0.9749348
[9455, 0.4466925, 1.0691142, 4.4625435, 0.58837175] 2.6580915 1.158051 1.0449921 1.1339349
[9456, 0.54812473, 0.9420186, 6.755472, 0.2118795] 2.3881462 1.1918327 1.0057048 0.92270446
[9457, 0.48164335, 1.0706578, 3.0537295, 1.0022786] 3.2139566 1.2133806 0.8732983 0.80547917
[9458, 0.43827373, 1.0664673, 4.57246, 0.4865722] 2.9986393 1.1783975 0.86950374 0.957973
[9459, 0.6606718, 0.90838844, 6.6177506, 0.29898575] 2.63007 1.1344032 0.9474261 0.8150496
[9460, 0.5127613, 1.0514103, 4.3044505, 0.84216857] 3.0132484 1.1530675 0.92950076 0.8595617
[9461, 0.5229079, 1.0031542, 5.57922, 0.34586746] 2.2955928 1.1481212 1.0201019 1.0067923
[9462, 0.5364299, 1.001014, 4.8371844, 0.3291691] 3.042737 1.261092 0.9485419 0.69640565
[9463, 0.3915626, 1.0933663, 3.2063153, 0.8131791] 3.133139 1.1524025 1.0094239 0.8574131
[9464, 0.53689104, 1.0180326, 4.7295995, 0.41306317] 2.986181 1.1490614 0.8001763 0.89774394
[9465, 0.5308415, 0.9899104, 4.1949177, 0.670398] 2.5486083 1.0615638 0.96955574 1.0120023
[9466, 0.53803295, 0.98127174, 6.8183193, 0.19909844] 2.462876 1.2339686 0.9984781 0.8727768
[9467, 0.47351417, 1.049326, 5.764944, 0.49563217] 2.860614 1.0615336 1.0086857 0.86195993
[9468, 0.51326084, 1.02448, 5.553992, 0.42745972] 2.8018367 0.9730259 1.1225237 0.95598435
[9469, 0.52312374, 1.0109828, 3.615018, 0.56628186] 3.1541758 1.2074655 0.9140651 0.8525323
[9470, 0.53265435, 1.012125, 5.3987174, 0.47969943] 2.8969991 1.0535202 0.8355193 1.0954434
[9471, 0.52238286, 1.0155123, 5.674909, 0.59338355] 2.7245545 1.1193959 0.7881033 0.9460274
[9472, 0.44419366, 1.0713369, 4.4875627, 0.5339885] 2.8846948 1.2809652 1.0554093 1.0260422
[9473, 0.34514785, 1.1200712, 6.442536, 0.43995616] 2.7671478 1.1160699 0.9231942 1.1235863
[9474, 0.56557196, 0.9778052, 5.5757365, 0.5349083] 2.5213985 1.266075 0.97272146 0.9492564
[9475, 0.5402763, 0.9869636, 5.9672065, 0.34910443] 2.8393972 0.9770089 0.91933364 0.873835
[9476, 0.6016591, 0.9115902, 7.0263276, 0.14527585] 2.5962164 1.0377445 1.014632 0.943899
[9477, 0.42672446, 1.0838655, 5.9925013, 0.3830857] 2.8607512 1.2091793 1.0249914 0.82116264
[9478, 0.481381, 1.0370027, 4.3491917, 0.62692916] 3.1175134 1.1564084 0.8543346 1.0137187
[9479, 0.5375692, 0.95950836, 8.053407, 0.08924414] 2.4003186 1.2776067 0.9302217 0.9983122
[9480, 0.5476472, 0.97779995, 6.323809, 0.41526195] 2.5329788 1.1629349 0.9871936 1.0584228
[9481, 0.4204246, 1.0646594, 5.5766053, 0.28715834] 2.8187459 1.036896 0.96441764 0.97089183
[9482, 0.5373982, 1.0046479, 5.2296453, 0.45204574] 2.6305542 1.3575859 1.0520014 0.9686799
[9483, 0.537369, 0.99043494, 5.5386295, 0.3291951] 2.7335143 1.078352 0.819232 0.95265657
[9484, 0.4497264, 1.062786, 4.7170734, 0.37112322] 2.7170918 1.0667982 0.89903504 1.1206445
[9485, 0.50213534, 1.0259778, 5.722057, 0.47068498] 2.5870657 1.0948715 0.99771875 0.9789928
[9486, 0.42642346, 1.0707078, 5.813827, 0.32787734] 2.7678468 1.1476502 0.97734535 1.0762705
[9487, 0.5330648, 1.006564, 5.926644, 0.48106936] 2.74059 1.0968292 1.0200794 1.0911319
[9488, 0.44143406, 1.0468982, 5.9120955, 0.28622147] 2.784032 1.1077195 0.9028439 0.9543971
[9489, 0.42448023, 1.0730782, 4.5525165, 0.45878515] 2.8288908 1.1254609 0.8570517 1.0322982
[9490, 0.44334382, 1.0445807, 5.813588, 0.23436646] 3.0166054 1.1561549 0.9447233 0.8264381
[9491, 0.47554258, 1.0486752, 2.4474351, 0.9525806] 3.3037786 1.248112 0.902121 0.9086619
[9492, 0.5323861, 1.0189477, 6.672812, 0.5468534] 2.5905845 1.0301867 1.0776206 1.1087507
[9493, 0.58339274, 0.9616642, 6.249579, 0.3554037] 2.894156 1.2538605 0.8560132 0.9230967
[9494, 0.5261903, 0.9832606, 6.349158, 0.32524365] 2.6012 1.2504988 0.874443 0.9164736
[9495, 0.52539694, 1.0221198, 5.4480157, 0.32336658] 2.9801562 1.1774724 0.8230191 0.7186531
[9496, 0.56902814, 0.9546593, 4.690708, 0.9022735] 2.582551 1.0998857 0.801558 0.83478856
[9497, 0.5066961, 1.0299509, 4.358673, 0.6366312] 2.9189436 1.0839477 0.91374546 0.97592103
[9498, 0.48050305, 1.0800637, 4.496197, 0.78732514] 2.9071062 1.2166616 0.8863243 0.9410638
[9499, 0.48659635, 1.0347706, 6.32632, 0.48413724] 2.6813471 1.3156432 0.91494596 0.7348313
[9500, 0.4619966, 1.0672907, 3.3541913, 0.8127948] 3.076208 1.1472737 1.0460029 0.98848337
[9501, 0.5179542, 1.0167993, 4.932093, 0.35903567] 2.889526 1.2968125 0.9536131 0.7468763
[9502, 0.6036851, 0.9425555, 5.560718, 0.27493343] 2.7522423 1.2074634 1.0697017 1.0067083
[9503, 0.62694466, 0.9253846, 4.589041, 0.829928] 2.7164624 1.1180149 1.0057155 0.86065245
[9504, 0.5319551, 0.9883971, 4.871005, 0.69378734] 3.1699703 1.0295472 0.8193406 0.8994963
[9505, 0.5387187, 1.0041234, 3.1438556, 0.7427796] 3.4066308 1.0131191 0.998882 0.7718885
[9506, 0.4696768, 1.0479677, 5.7682257, 0.20417498] 2.9091973 1.2122707 0.97697985 0.87955916
[9507, 0.566859, 0.9739656, 6.2365317, 0.30880892] 2.4997172 1.0550891 0.91916174 1.1249768
[9508, 0.5606206, 0.9734381, 3.2655697, 0.5369833] 3.1994107 1.2543304 0.996801 0.8406495
[9509, 0.5189318, 1.000547, 5.058478, 0.415693] 2.7327256 1.1628128 1.05544 1.0943102
[9510, 0.36237958, 1.1130154, 5.720688, 0.29733786] 2.8066704 1.1321307 0.9628077 1.151309
[9511, 0.49295983, 1.0354769, 5.166595, 0.42572] 2.7310448 1.1454242 1.0328054 1.110271
[9512, 0.459693, 1.0382097, 5.8836694, 0.28770384] 2.7080393 1.0932986 0.93434787 0.9716131
[9513, 0.3912029, 1.0722282, 6.4673076, 0.2269665] 2.915929 1.034713 0.9067486 0.8793581
[9514, 0.43573293, 1.0876428, 3.6706681, 0.6302719] 2.9982667 1.2115009 1.0439817 1.0316691
[9515, 0.54142374, 0.99613094, 6.563928, 0.4335977] 2.760711 1.083195 1.0402355 0.88028485
[9516, 0.58027905, 0.9690138, 5.971824, 0.47941482] 2.404353 1.2271593 1.0721313 1.1316565
[9517, 0.46046692, 1.0580713, 3.683334, 0.47421566] 3.1216893 1.086936 1.081914 1.0099089
[9518, 0.5846154, 0.935944, 5.614013, 0.4714446] 2.260584 1.2397665 1.1218596 0.8545388
[9519, 0.51826584, 1.0517368, 4.2850494, 0.73175365] 3.1219342 1.1280074 0.89750165 0.95365053
[9520, 0.5342216, 1.0124712, 4.8587346, 0.4725944] 2.9996195 1.2395821 0.8313131 0.7961012
[9521, 0.4313733, 1.0821557, 3.9702847, 0.50896704] 3.2456017 1.0155088 0.9106375 0.7191807
[9522, 0.46968845, 1.057658, 5.880181, 0.5591984] 2.6337876 1.0280014 1.0460538 1.0826551
[9523, 0.51703334, 1.007664, 5.2478566, 0.4510462] 2.8348882 1.0395983 0.8482815 0.8917643
[9524, 0.50824684, 1.0158223, 5.564105, 0.72973496] 2.5991714 1.2324717 0.92770183 1.0302258
[9525, 0.54255253, 0.9878623, 6.0830965, 0.3264648] 2.6146202 1.1035671 0.9651546 0.9664563
[9526, 0.38075054, 1.1235095, 3.9185586, 0.7879419] 2.8872573 1.1651808 1.0157257 1.0470573
[9527, 0.428971, 1.077415, 3.8286498, 0.8534299] 3.042705 1.3096256 0.868865 0.8412372
[9528, 0.59822947, 0.9602591, 5.882831, 0.6199339] 2.6671646 1.3402778 0.9918639 0.80960166
[9529, 0.50165117, 1.0246576, 6.518537, 0.4209471] 2.8313735 1.0990379 0.94778943 0.98114365
[9530, 0.48737615, 1.0304368, 4.606728, 0.38353848] 2.935458 1.1599629 0.941578 1.0303369
[9531, 0.5768225, 0.9457744, 6.5543895, 0.32297298] 2.5675309 1.0173638 0.9279455 0.96470135
[9532, 0.51800525, 1.0289333, 5.2552485, 0.44528428] 2.7048438 1.1205038 0.908683 1.0757077
[9533, 0.5127078, 1.0081218, 5.406779, 0.71431416] 2.6993039 0.92038566 1.0060531 0.8235552
[9534, 0.4964928, 1.0023994, 7.795559, 0.22581723] 2.5918722 1.1744136 1.0180694 0.93668807
[9535, 0.5475918, 0.9927811, 7.1221538, 0.20375232] 2.6500347 1.2217854 0.7704218 1.0186589
[9536, 0.54672796, 0.98983115, 5.636084, 0.3972672] 2.573547 1.1140779 1.0838503 1.0202576
[9537, 0.54198617, 0.98837596, 6.1594453, 0.4520872] 2.558668 1.2176235 0.9151412 0.89918494
[9538, 0.5372819, 0.9881368, 5.7778616, 0.27929726] 3.016796 1.178312 0.92193604 0.76759917
[9539, 0.5048527, 1.0308131, 5.201414, 0.40408993] 2.8896644 1.1159129 0.9742507 0.98262167
[9540, 0.5386405, 1.0158297, 4.866631, 0.66450095] 2.9066317 1.0743413 0.98069376 0.7880575
[9541, 0.59523296, 0.93534493, 5.057728, 0.32262826] 3.0973237 1.0646294 0.9349268 0.6993555
[9542, 0.5066656, 1.016522, 5.2432995, 0.36073542] 3.059363 1.0124491 0.915113 0.8626687
[9543, 0.59427965, 0.9571428, 6.433976, 0.2547732] 2.9954987 1.1336321 0.8397878 0.7222122
[9544, 0.50077987, 1.0238638, 6.1629543, 0.38527834] 2.6925702 1.039786 1.1234611 0.8302042
[9545, 0.60867554, 0.91837156, 6.454072, 0.17925875] 2.797286 1.0850834 0.9250044 1.016866
[9546, 0.47959432, 1.0354478, 5.728686, 0.29484358] 3.074959 1.0862763 0.8161744 0.8280292
[9547, 0.45490038, 1.0848824, 4.4489527, 0.65631574] 2.9672732 1.1553894 0.9959726 0.86803836
[9548, 0.45816812, 1.0550004, 5.4624333, 0.5341818] 2.6460242 1.3042148 0.94646776 0.91512674
[9549, 0.46133775, 1.0454882, 6.7601895, 0.16656604] 2.8326807 1.1754643 0.86068726 0.9153379
[9550, 0.5961417, 0.9568201, 5.953411, 0.33044288] 2.8547719 1.0920793 0.9390008 1.0523914
[9551, 0.4290374, 1.0748742, 4.5751877, 0.8425952] 2.735582 1.2542535 1.0311671 0.9983089
[9552, 0.45563197, 1.0487361, 6.2763205, 0.35651785] 2.7068255 0.940757 0.98852956 0.85518783
[9553, 0.51038617, 1.0389951, 5.1837215, 0.49903366] 2.7176423 1.1253657 0.9730135 1.2606978
[9554, 0.45413852, 1.0500972, 5.687618, 0.4870295] 2.9251518 0.8810446 0.9776784 0.96444476
[9555, 0.5961683, 0.93467534, 5.285652, 0.5380031] 2.7031505 1.1167873 0.9552136 0.82880664
[9556, 0.5628092, 0.9460446, 5.9700665, 0.35475785] 2.3109336 1.1839815 1.1164508 0.946039
[9557, 0.44792327, 1.0453167, 5.878262, 0.5245495] 2.5182421 1.1992667 1.0892878 0.97675014
[9558, 0.46527928, 1.0634784, 4.1171045, 0.63123137] 2.8888896 1.2745914 1.020273 1.0183904
[9559, 0.56841403, 0.9932068, 4.778621, 0.6991861] 2.4991815 1.3401508 0.9656504 1.0099303
[9560, 0.4225174, 1.0785965, 4.121884, 0.5049946] 3.0979023 1.0578235 1.03758 0.9364153
[9561, 0.5701897, 0.97899103, 5.635747, 0.6131972] 2.8459566 1.2595366 0.88992745 0.7364263
[9562, 0.49203673, 1.0430949, 5.359288, 0.42495936] 2.984234 1.1734223 0.87357056 0.7312451
[9563, 0.53470427, 1.0116276, 4.9910016, 0.52522063] 2.9501107 1.0551238 0.8502541 0.97868496
[9564, 0.54969007, 0.94177955, 5.752433, 0.49374515] 2.463145 1.1644887 0.95448434 0.90502506
[9565, 0.48698136, 1.0377419, 3.944908, 0.9606685] 2.8414674 1.0061866 0.93490344 0.89264387
[9566, 0.450749, 1.064198, 4.9574413, 0.36754033] 2.9331324 1.2038541 1.027788 0.9433233
[9567, 0.4656766, 1.0228137, 5.493826, 0.3825033] 2.7538095 1.1858642 0.971873 0.89944005
[9568, 0.6052855, 0.94341326, 5.121214, 0.37057343] 2.9587233 1.2386569 0.9144967 0.84821105
[9569, 0.48245808, 1.0406351, 6.122341, 0.4968476] 2.608074 1.1539036 1.0195743 1.0654362
[9570, 0.44060442, 1.070692, 3.9101608, 0.62223387] 3.1139255 1.337853 0.7575543 0.95387876
[9571, 0.48118728, 1.0563763, 4.49631, 0.90669966] 2.9899876 1.1189562 0.8307768 0.72447973
[9572, 0.5324634, 1.0053114, 6.064742, 0.36147994] 2.6248965 1.1161104 1.0039369 0.945722
[9573, 0.5610455, 0.9709436, 7.003304, 0.2261064] 2.6673605 1.311759 0.8829686 0.91910344
[9574, 0.6205465, 0.92083436, 6.410893, 0.3039712] 2.7214484 1.1970949 0.9130751 0.8426622
[9575, 0.5413535, 0.99697363, 5.851256, 0.5552127] 2.6136148 1.2409856 1.055589 0.8041086
[9576, 0.48687977, 1.0238686, 6.782722, 0.27984184] 2.4941962 1.1025889 1.0718713 1.1465611
[9577, 0.42419463, 1.0547438, 3.4158394, 0.7692042] 3.0041006 1.2424177 0.8918924 0.8853146
[9578, 0.46248227, 1.0590426, 5.404119, 0.42210543] 2.8562348 1.2220545 1.0539695 0.81824994
[9579, 0.5033499, 1.0482957, 5.405462, 0.55235] 2.7808564 1.2499908 0.94700646 0.93417645
[9580, 0.52217996, 1.0086192, 6.3173933, 0.4974187] 2.7136571 1.163786 0.88576394 0.9432481
[9581, 0.5621009, 0.98963255, 3.900639, 0.74771875] 3.2566583 1.1763365 0.8933833 0.7296745
[9582, 0.52874666, 1.0174775, 3.0169685, 0.9029712] 3.2947206 1.2067882 0.92219275 0.8170199
[9583, 0.43114123, 1.086767, 5.4433756, 0.7185664] 2.6313102 1.28136 1.0132352 1.0132321
[9584, 0.38860938, 1.0814756, 4.442584, 0.45094684] 2.827256 1.1765157 0.9552014 1.0140154
[9585, 0.49057707, 1.0539237, 5.1197815, 0.39762163] 2.9221072 1.1307536 0.9347516 0.99758136
[9586, 0.38960254, 1.1043664, 5.2991548, 0.4684833] 2.93517 1.0454669 1.112548 0.9673834
[9587, 0.5515493, 0.977455, 5.511126, 0.4698525] 2.6435475 1.2831337 0.9010117 1.0638077
[9588, 0.5174803, 1.0202585, 3.8616922, 0.6701681] 3.0800014 0.96150964 0.8953613 0.941927
[9589, 0.5059166, 1.0339824, 5.33435, 0.48423842] 2.712006 1.1864537 0.90259236 0.89215654
[9590, 0.48739338, 1.0284381, 4.4838104, 0.47916412] 3.0709832 1.028448 0.98598075 0.97123885
[9591, 0.5026898, 1.0005355, 6.9810677, 0.34361976] 2.4828048 1.1586611 0.99469185 0.93855673
[9592, 0.5150848, 1.0231527, 5.2732377, 0.31927142] 2.885642 1.0374947 0.8609101 1.1001991
[9593, 0.52132094, 1.0268039, 5.6025395, 0.35823244] 2.8927119 1.1911942 0.95947886 0.82429975
[9594, 0.5533189, 0.981875, 5.607974, 0.38475645] 2.6701524 1.0933619 0.9897597 1.028215
[9595, 0.5080552, 1.0380824, 4.3365445, 0.44588304] 3.2044394 1.1453502 0.82570285 0.8078434
[9596, 0.48405188, 1.0363126, 5.4353986, 0.40643877] 2.8170063 1.0932789 0.9064471 1.0757443
[9597, 0.54198796, 0.98039174, 6.3039956, 0.4131269] 2.700334 1.1025715 0.94863343 1.0759156
[9598, 0.40390533, 1.088795, 5.841289, 0.367845] 3.0206325 0.9320179 1.0071704 0.8668199
[9599, 0.62041813, 0.94297093, 4.8552966, 0.46779794] 2.907901 1.2215929 0.9520329 0.96142393
[9600, 0.505544, 1.0099883, 4.8075523, 0.5622704] 2.6191146 1.1238366 0.96005946 0.9579937
[9601, 0.46549582, 1.0490478, 4.342038, 0.7204902] 3.1910963 1.1014471 0.87097543 0.8150816
[9602, 0.43784148, 1.0847125, 4.3457136, 0.6660191] 2.9597993 1.1672456 1.0256888 0.8951357
[9603, 0.44259322, 1.0647818, 6.35803, 0.37870237] 2.8507433 1.0696768 0.93807334 0.8532316
[9604, 0.51360136, 1.0193293, 5.7470512, 0.6761028] 2.7953343 1.1388452 0.9653257 0.90690917
[9605, 0.5679044, 0.9815232, 4.9725747, 0.4853855] 2.9894466 1.139844 0.9836668 0.82630885
[9606, 0.45042723, 1.0487818, 6.6689367, 0.4000051] 2.8588507 1.1529858 0.8309378 0.8149266
[9607, 0.5629505, 0.98559314, 8.42838, 0.46802017] 2.7236464 1.1552266 0.9268463 0.8090593
[9608, 0.458796, 1.0475302, 5.9377894, 0.67729145] 2.855039 1.1308144 0.8501488 0.8259886
[9609, 0.44782144, 1.055926, 4.4777455, 0.9033231] 2.8327725 1.2567722 0.7875418 0.9876949
[9610, 0.4633, 1.0511545, 5.9101815, 0.44086206] 2.7309313 1.1971196 0.955153 0.9895324
[9611, 0.44953308, 1.0336999, 5.6864033, 0.46493688] 2.6834266 1.0533574 0.80355066 0.966735
[9612, 0.5618935, 0.9756045, 6.712243, 0.34765786] 2.8544145 1.1132848 0.9469327 0.87701756
[9613, 0.38977334, 1.0927222, 4.8472314, 0.7719476] 2.8252168 1.2681986 0.9554192 1.0234551
[9614, 0.48119146, 1.0366918, 4.6843925, 0.5556676] 2.7685542 1.0323308 0.8950392 1.057678
[9615, 0.49083903, 1.04158, 5.3069444, 0.36803445] 2.8579926 1.1099764 0.91247714 0.96989757
[9616, 0.57259744, 0.94560796, 5.7635455, 0.41203085] 2.2777958 1.2020664 1.029671 0.99393296
[9617, 0.46226487, 1.0531898, 3.208949, 0.88500524] 3.1366796 1.3104999 0.78359663 0.88638395
[9618, 0.504014, 1.018823, 5.2321496, 0.49583262] 2.6931562 1.3411419 0.9644491 1.0343132
[9619, 0.5538206, 0.97159874, 5.6247797, 0.46603337] 2.4768481 1.1424613 0.9435194 0.9725024
[9620, 0.61538005, 0.9031845, 6.253432, 0.47434253] 2.4889855 1.1566218 1.006087 0.8015149
[9621, 0.48834115, 1.0293938, 6.653296, 0.46378517] 2.789336 1.1205512 0.93228734 0.8841537
[9622, 0.56413394, 0.9921585, 5.1062703, 0.46868244] 2.8976216 1.2249401 0.95038575 0.8651401
[9623, 0.5854364, 0.9355922, 5.3041134, 0.56162465] 2.3980012 1.0963744 1.0037997 1.0349301
[9624, 0.53184444, 1.0035568, 6.167503, 0.30043858] 2.5658803 1.2220614 0.8974841 0.94710964
[9625, 0.5628052, 0.98974216, 5.841245, 0.534334] 2.7428017 1.1032577 0.94416296 0.9424386
[9626, 0.5447509, 0.9882736, 3.6569889, 0.9785375] 2.952274 1.0970272 0.91503245 1.0280601
[9627, 0.49472365, 1.0342625, 3.7691622, 0.9653774] 2.871599 1.156987 0.9727649 0.69960827
[9628, 0.5049049, 1.0584593, 3.3048146, 0.7602279] 3.0934157 1.2788903 0.9294292 0.8842539
[9629, 0.5452037, 0.9757757, 5.9402666, 0.40145114] 2.6879804 1.2034819 0.986345 0.9955317
[9630, 0.4721211, 1.0328754, 4.8156514, 0.62418324] 2.8434505 1.1350363 0.91277444 0.9619508
[9631, 0.4566246, 1.0478854, 5.005251, 0.6213554] 2.7400353 1.2473345 0.9153225 0.8913607
[9632, 0.4909253, 1.0256344, 3.9329505, 0.90659183] 2.5031462 1.2430629 1.0229774 0.8883123
[9633, 0.49179634, 1.0757316, 4.693564, 0.6284778] 3.0563586 1.0740974 1.1328608 0.8227559
[9634, 0.51776856, 1.0210997, 6.333461, 0.30728275] 2.905153 1.0808166 0.9109891 0.8105622
[9635, 0.49952438, 1.0193439, 6.06501, 0.27693117] 2.7687552 1.0593218 0.9344303 0.81882924
[9636, 0.6636638, 0.8935382, 2.6507883, 0.8399026] 3.4087937 1.1517615 0.8016893 0.86794466
[9637, 0.3635906, 1.1223133, 4.602683, 0.45590937] 2.9253893 0.97376794 0.86731964 0.9707681
[9638, 0.5599228, 1.0019641, 3.8882952, 0.85065293] 2.9171417 1.3239982 1.0368971 0.94521344
[9639, 0.45250615, 1.0688199, 5.6186876, 0.45426288] 2.7049017 1.2827102 0.83939725 0.9520498
[9640, 0.51596624, 1.0280215, 4.210894, 0.38396615] 2.9072602 1.3115245 0.95601845 0.9320137
[9641, 0.4760971, 1.0475535, 4.189498, 0.75713396] 2.8288267 1.1675113 0.89923877 0.80657476
[9642, 0.40853003, 1.0856208, 4.553654, 0.48632485] 2.9656463 1.110376 0.93303055 1.0556176
[9643, 0.46755219, 1.0578235, 3.731464, 0.85097] 3.0004158 1.1024067 0.9992637 1.0346665
[9644, 0.54031545, 1.0000582, 6.650999, 0.30397955] 2.9687133 1.1614432 0.9320475 0.6706164
[9645, 0.52546334, 0.9848722, 5.7880034, 0.62012076] 2.636451 1.1724735 0.8980188 0.8775071
[9646, 0.53142124, 1.0059478, 6.1699524, 0.5181643] 2.6103427 1.0291849 0.88300836 1.0565767
[9647, 0.57546985, 0.9581137, 5.2890286, 0.5721131] 2.6768026 1.0698215 0.953127 0.964746
[9648, 0.4867427, 1.0471858, 5.4698772, 0.4046064] 2.7665799 1.1136273 0.91574466 0.89857566
[9649, 0.49158955, 1.048636, 4.963165, 0.4580826] 2.8077745 1.310462 1.0069402 0.87472874
[9650, 0.52891624, 1.0141326, 6.0126424, 0.24460477] 2.82244 1.1142802 0.9605398 0.7740463
[9651, 0.4789653, 1.0565163, 2.8686352, 0.98044014] 3.3031907 0.9968946 0.96267533 0.9859864
[9652, 0.501357, 1.0499672, 5.700178, 0.44132614] 2.93889 1.106332 0.96126837 0.96101457
[9653, 0.4648349, 1.0500692, 5.4652586, 0.36606553] 2.816604 1.0578536 1.044906 1.0309229
[9654, 0.50267285, 1.0323997, 5.8277025, 0.48828343] 2.7422218 1.1798605 0.9424776 0.9597943
[9655, 0.50542235, 1.0371872, 5.2962275, 0.44659555] 2.7637227 1.1162183 0.9000478 0.9147057
[9656, 0.47910532, 1.0274656, 6.002655, 0.527318] 2.5362394 0.99673826 0.9722138 1.0839455
[9657, 0.48821378, 1.042719, 4.2691917, 0.62695235] 2.8832324 1.1329576 1.0159584 1.0179242
[9658, 0.56725407, 0.9640683, 7.5156617, 0.2407857] 2.5782974 1.3140123 0.9846494 0.71873564
[9659, 0.47507453, 1.0659384, 2.8802688, 0.921574] 3.4914114 0.950163 0.9534628 0.756634
[9660, 0.48698097, 1.0458788, 5.3052835, 0.51502246] 2.9754589 1.0960937 0.9975145 0.7931285
[9661, 0.57945794, 0.98841333, 5.8592954, 0.29948485] 2.9240787 1.189122 0.9699971 0.86515874
[9662, 0.47292036, 1.0551789, 5.0553303, 0.8134339] 2.932078 1.2134418 0.8433593 0.9031865
[9663, 0.51051426, 1.0161549, 6.074755, 0.561297] 2.6374736 1.1756272 0.93673384 0.9125472
[9664, 0.52949595, 0.99978566, 5.5667424, 0.49597162] 2.8422804 0.93357825 1.1491193 0.69991374
[9665, 0.51094204, 1.0198051, 5.4905176, 0.3099442] 3.0569153 0.9681316 0.8153232 0.97907555
[9666, 0.64101267, 0.90630776, 6.4499965, 0.2386753] 2.6447885 1.1603155 0.909015 0.9134629
[9667, 0.41753542, 1.0832403, 4.442352, 0.9127721] 2.9377286 1.0712544 0.7971273 1.000004
[9668, 0.50054145, 1.0312352, 5.389381, 0.5692853] 2.7684124 1.0379514 0.9470257 0.92994374
[9669, 0.49176776, 1.0349606, 5.52241, 0.5329053] 2.77529 1.1582371 0.9548466 0.9355621
[9670, 0.3682928, 1.093656, 5.5023236, 0.41461048] 2.8228116 1.0760746 1.0697565 0.9548712
[9671, 0.46745104, 1.0796136, 5.426869, 0.75438684] 3.0370076 1.1178483 0.84101903 0.88409203
[9672, 0.45644554, 1.0391098, 4.2826414, 0.58849806] 2.9378335 1.0940813 0.89126873 1.0529413
[9673, 0.43477714, 1.0430914, 5.7069573, 0.30002367] 2.7273672 1.1052337 0.86637664 0.9360282
[9674, 0.4100441, 1.0965477, 3.3256314, 0.69011354] 3.1689446 1.0141512 1.0427206 1.0000116
[9675, 0.51402795, 1.0011114, 6.389549, 0.17994222] 2.837967 1.0751706 0.8774153 0.8387416
[9676, 0.5190772, 0.9868078, 4.573894, 0.39521623] 2.7297485 0.905524 0.8975124 0.96363974
[9677, 0.5669718, 0.9651919, 6.1862, 0.4766196] 2.5674756 1.2718229 0.89583415 0.75415516
[9678, 0.49247593, 1.0442834, 4.301293, 0.68916744] 3.0131812 1.1170032 0.9404172 0.7450589
[9679, 0.49420932, 1.0242528, 5.344315, 0.34010705] 2.7960253 1.1292108 0.73615235 0.9522994
[9680, 0.26009253, 1.1618484, 5.0548015, 0.5235524] 2.9855907 1.0280436 0.98649323 0.9172874
[9681, 0.4647315, 1.0514686, 4.9857802, 0.51045686] 2.8067946 1.0913564 0.88592714 0.94219613
[9682, 0.4734997, 1.0664982, 4.412974, 0.71027905] 2.9763405 1.2192729 0.8482774 0.90046877
[9683, 0.51625365, 1.0117636, 4.108144, 0.46333417] 3.136444 1.0746148 0.93603003 0.90426224
[9684, 0.4525079, 1.0815266, 2.5920534, 0.89155364] 3.4710705 1.0394706 0.84993786 0.8171421
[9685, 0.47416514, 1.0623714, 5.083516, 0.45686698] 3.0060403 1.0305562 0.9782872 0.8415445
[9686, 0.4434253, 1.0790321, 6.058671, 0.43623245] 2.919885 1.001915 1.0048995 0.97274923
[9687, 0.505368, 1.0367563, 4.8633194, 0.75747216] 2.8549018 1.1921607 0.8858798 1.0779474
[9688, 0.46374765, 1.0432711, 5.828607, 0.56521386] 2.826226 1.1256778 0.9200034 0.8550621
[9689, 0.54561424, 0.98462147, 5.7058134, 0.32054907] 2.7351434 1.2623885 0.85615414 0.8240341
[9690, 0.5634151, 0.96606076, 9.318471, 0.20030628] 2.466819 1.238149 0.96972466 1.0614716
[9691, 0.45689633, 1.0650846, 5.8003607, 0.3077833] 2.6658678 1.2508503 0.91482264 0.90896446
[9692, 0.5309641, 1.0129683, 5.242243, 0.36726594] 2.7124147 1.1122097 0.88513255 1.1336421
[9693, 0.5397308, 0.995874, 5.979199, 0.3923655] 2.6261685 1.06499 1.0952394 1.0986571
[9694, 0.61278915, 0.935731, 5.253369, 0.40630034] 3.068964 0.9528419 0.9270738 0.8957295
[9695, 0.43946615, 1.064789, 5.116497, 0.509965] 2.7450433 1.047851 0.9863395 0.9204503
[9696, 0.45468572, 1.0713878, 5.6110616, 0.41898152] 3.0093372 1.1871378 0.92181957 0.9123387
[9697, 0.44191584, 1.0731117, 5.9454484, 0.46468732] 2.7206626 1.0334784 1.0702496 1.0225074
[9698, 0.52774835, 1.0255648, 6.0348196, 0.6160939] 2.7894957 1.0976171 0.9632655 0.8609388
[9699, 0.47328714, 1.0252408, 5.759498, 0.19381616] 3.068502 1.0922401 0.9059607 0.7902268
[9700, 0.59733576, 0.9321033, 5.7905726, 0.41623116] 2.5774784 1.1197606 0.93771154 1.0843185
[9701, 0.56399155, 0.97884744, 5.2531295, 0.44550303] 2.4905887 1.213696 1.0865921 0.88689214
[9702, 0.46155584, 1.0594385, 5.0312996, 0.31126043] 2.9419696 1.0700653 1.0121876 0.9043734
[9703, 0.48381406, 1.0312977, 5.170293, 0.29982123] 3.0345962 1.2347304 0.9875829 0.85852724
[9704, 0.49335933, 1.0271724, 5.47907, 0.6963378] 2.8200986 1.1325904 0.950818 0.9370536
[9705, 0.5068571, 1.0006751, 5.0259404, 0.75970113] 2.5675225 1.0909637 1.0513958 0.8888704
[9706, 0.5071583, 1.0082204, 5.6751885, 0.42674652] 2.5511265 1.195657 0.96315867 1.0121605
[9707, 0.59184605, 0.95338756, 6.4006863, 0.38275877] 2.6973236 1.3324534 0.9649863 0.7552832
[9708, 0.4837255, 1.0602068, 4.1425376, 0.7343079] 3.1250057 1.1664634 0.8985058 0.8845456
[9709, 0.47852206, 1.0354825, 6.175257, 0.4957765] 2.6683798 1.1328012 0.94440895 0.9780603
[9710, 0.43289164, 1.0519444, 6.561099, 0.43382856] 2.559568 1.2226702 1.0175452 0.9123195
[9711, 0.55626935, 0.98106533, 6.497671, 0.4992281] 2.5579216 1.1568055 0.9695097 0.87905544
[9712, 0.42387852, 1.0690662, 5.7096024, 0.25003013] 2.7284527 1.2291391 1.0056845 1.0506877
[9713, 0.4486145, 1.0549107, 5.6181645, 0.192054] 2.8562405 1.1271693 0.97158223 0.90194666
[9714, 0.61686057, 0.91390526, 6.7458572, 0.20040862] 2.6709483 1.1254245 1.047569 0.71037084
[9715, 0.5328738, 0.9958798, 5.141453, 0.5353157] 2.81156 1.3549255 0.8647469 0.82588494
[9716, 0.49684626, 1.0318938, 3.8226924, 0.8822569] 3.0193932 1.1500193 0.99342173 0.9907391
[9717, 0.43147755, 1.06115, 6.7521505, 0.55767053] 2.6620805 1.0377033 1.0973651 0.93470573
[9718, 0.40677562, 1.0751219, 5.871956, 0.27743196] 2.7581708 1.0818074 0.960645 0.9653495
[9719, 0.42258355, 1.0847827, 6.3605633, 0.2242529] 2.6815362 1.1877112 0.98093563 0.93692535
[9720, 0.46991634, 1.0478469, 4.5573535, 0.29941627] 2.929927 0.991975 0.9429643 0.8657321
[9721, 0.45339218, 1.0559095, 6.166462, 0.3592968] 2.8538437 0.9724112 0.8924456 1.0025791
[9722, 0.5458211, 0.98431975, 5.106221, 0.38225392] 3.0080454 0.97587484 0.9550149 0.9102842
[9723, 0.47633916, 1.0413456, 5.933006, 0.5179983] 2.57999 1.3272123 0.9759322 0.9286672
[9724, 0.50228596, 1.0366532, 3.938908, 0.47047353] 3.151837 1.0726361 0.98683923 0.93101597
[9725, 0.44876406, 1.0532074, 3.8818388, 0.5943968] 3.0698786 1.0603408 0.98877275 0.9531044
[9726, 0.50257105, 1.0254132, 7.000016, 0.630686] 2.667464 1.0705482 0.8614412 0.95743316
[9727, 0.5587902, 0.9747179, 5.7684445, 0.49263] 2.2566621 1.3011707 1.0901811 0.9592781
[9728, 0.43439117, 1.0764996, 4.377043, 0.633742] 3.0876124 1.2448192 0.8349997 0.9701624
[9729, 0.46760514, 1.0473837, 5.380401, 0.50272894] 2.8852892 1.1719612 0.9025458 0.915253
[9730, 0.39093387, 1.0662674, 5.695881, 0.15083534] 2.7294865 1.2349607 1.0199538 1.0585786
[9731, 0.4992531, 1.010862, 6.6715293, 0.37803277] 2.5726502 1.2201244 1.0071492 0.94937056
[9732, 0.41207612, 1.0916641, 5.481838, 0.43521377] 2.6310835 1.1786993 1.0342238 1.0755736
[9733, 0.4507364, 1.0583584, 3.992314, 0.45015875] 3.1363156 0.9935367 0.88700026 1.0171134
[9734, 0.4940375, 1.0439565, 5.5019846, 0.4197005] 2.8733299 1.0818921 0.92687076 0.8555549
[9735, 0.5493957, 0.9862773, 5.0952144, 0.89331865] 2.4968777 1.2096277 1.0725121 1.0854
[9736, 0.49433148, 1.043385, 6.510295, 0.66023225] 2.6305234 1.2758391 0.92859066 0.93986285
[9737, 0.44123793, 1.0730342, 6.105964, 0.5788371] 2.7551732 1.1314938 0.9640637 0.9030381
[9738, 0.5303144, 1.0084085, 4.597253, 0.41413507] 3.0187101 1.3388423 0.8901523 0.6795743
[9739, 0.4949345, 1.0347149, 4.6917424, 0.28135118] 2.9151595 1.2205309 0.9895772 0.9815036
[9740, 0.5647025, 0.96955645, 5.533331, 0.23507856] 3.1265922 1.1759982 0.8202132 0.8203745
[9741, 0.5031821, 1.0304396, 4.075, 0.7917416] 2.743335 1.291467 0.8940509 0.76267457
[9742, 0.47759044, 1.0444509, 5.687756, 0.37072128] 2.7922404 1.1158959 0.9187588 0.80916375
[9743, 0.50030863, 1.0444452, 3.5870879, 0.44975042] 3.0845206 1.1366837 1.0224665 1.0301607
[9744, 0.5029401, 1.0239758, 6.4367704, 0.18568976] 2.5772712 1.0748271 1.0872928 1.0004615
[9745, 0.5064613, 1.02268, 3.56081, 0.6705318] 2.9962978 1.2279017 0.8716534 1.1437526
[9746, 0.50786835, 1.03359, 4.5594463, 0.7288407] 3.017085 0.9817339 0.9030385 0.7922104
[9747, 0.42053697, 1.07372, 4.700317, 0.41732365] 2.8508658 1.1157374 0.93959016 0.98385894
[9748, 0.5110048, 1.0157704, 5.4939613, 0.3880137] 2.6838875 1.2793422 1.0181296 0.99894816
[9749, 0.5771777, 0.9774639, 5.0975823, 0.59359974] 2.8175673 1.2643247 0.9398494 0.84461224
[9750, 0.5056317, 1.0318041, 3.8523154, 0.33689305] 3.1228151 1.0991348 0.88174 0.8279654
[9751, 0.41655582, 1.0928859, 5.380736, 0.31835836] 2.8743782 1.1233037 1.0434307 0.9798736
[9752, 0.5542432, 0.9775848, 6.4915147, 0.31007236] 2.6652286 1.250181 0.92415255 0.9509543
[9753, 0.53816503, 1.0229774, 2.679049, 0.81004643] 3.055115 1.3495239 1.0200003 1.1277814
[9754, 0.42824954, 1.0516112, 4.6582003, 0.3494295] 2.9875984 1.0764242 0.95499074 0.8168245
[9755, 0.3178133, 1.121499, 4.6492066, 0.6446335] 2.9665732 1.0575612 0.94492185 0.8512212
[9756, 0.5104049, 1.0267848, 5.2604704, 0.9035066] 2.6064017 1.100832 0.9592344 0.9032263
[9757, 0.36424488, 1.1066414, 5.7386026, 0.31809133] 2.8981051 1.1663935 0.9532577 0.8975361
[9758, 0.5256936, 1.0262038, 5.169897, 0.35200876] 2.8659678 1.1530448 0.8654612 1.045812
[9759, 0.6606699, 0.87948185, 5.0066648, 0.6230157] 2.604214 1.1286014 0.8940015 0.7749301
[9760, 0.44670254, 1.0788332, 4.3339467, 0.44442716] 3.0208087 1.1105517 1.013354 0.9286801
[9761, 0.50542426, 1.0044978, 5.778231, 0.22892469] 2.7850897 1.0495937 0.8711383 1.0853156
[9762, 0.47830385, 1.0648834, 4.0917826, 0.47920907] 2.8930569 1.2575432 0.9639885 0.9828147
[9763, 0.47782826, 1.0339346, 3.2092109, 0.65217364] 3.1444356 1.1230522 0.94059056 0.9936178
[9764, 0.5357891, 1.0072922, 7.345234, 0.24500613] 2.5641654 1.0946705 0.99537355 0.95948344
[9765, 0.46098688, 1.0591484, 5.9662523, 0.3813312] 2.8051062 1.0752895 1.0426723 0.9921857
[9766, 0.5178554, 1.0026292, 6.9076285, 0.23158611] 2.6538405 1.1351565 0.9570922 0.91550267
[9767, 0.5737401, 0.95856434, 6.2141533, 0.3095941] 2.6342373 1.1758269 0.802216 0.9530483
[9768, 0.49647194, 1.0092665, 7.9585176, 0.19293836] 2.7474842 1.0422753 0.896629 0.98645306
[9769, 0.48878175, 1.0519876, 4.1080365, 0.4838174] 3.0685554 1.0779827 0.83770066 0.8619794
[9770, 0.47600755, 1.049003, 6.532936, 0.4176862] 2.7114952 1.2157767 0.9074293 0.95326006
[9771, 0.5131019, 0.9892902, 6.15843, 0.42834708] 2.6025505 1.0892713 0.9576275 0.86159664
[9772, 0.48128918, 1.0549148, 5.632978, 0.6350933] 2.9348116 1.1404328 0.94601256 0.8587516
[9773, 0.42811117, 1.0432162, 6.2374625, 0.18402627] 2.612061 1.3380544 1.0872048 1.0312498
[9774, 0.56861526, 0.96213454, 4.6813045, 0.71060556] 2.3864748 0.9779538 1.035245 1.10511
[9775, 0.55755067, 0.9860433, 4.72323, 0.49784124] 3.0222685 1.1081065 0.86064684 0.6767736
[9776, 0.48103914, 1.0505732, 5.5106525, 0.61173445] 2.845435 1.2506922 0.8223113 0.82067174
[9777, 0.53342277, 0.9988824, 6.0033474, 0.41861007] 2.531098 1.0720681 0.9727326 1.1725175
[9778, 0.53186697, 1.0082927, 6.0120487, 0.37985948] 2.6661599 1.1852278 0.96100247 0.99956006
[9779, 0.55256516, 0.9797608, 6.068319, 0.31375137] 2.5472317 1.1801814 1.0142475 0.98497397
[9780, 0.5558, 0.9733546, 7.3688455, 0.24450424] 2.4718714 1.1198937 1.0406357 1.0310601
[9781, 0.54858667, 0.97218114, 6.759945, 0.24408726] 2.5838773 1.0703826 1.0027409 0.9469135
[9782, 0.47253075, 1.0603926, 4.4237304, 0.7138143] 2.9439423 1.038459 0.85208434 1.0234226
[9783, 0.48238817, 1.0419933, 4.881784, 0.28009063] 2.9732995 1.1394875 0.91405785 0.9291854
[9784, 0.5810799, 0.983754, 4.471181, 0.9204374] 3.2030404 1.0038955 0.9541473 0.7720009
[9785, 0.3960013, 1.0994278, 5.4921536, 0.638382] 2.7424963 1.0774256 0.88811994 0.99924576
[9786, 0.57782555, 0.9361826, 9.206869, 0.3339376] 2.465002 1.2343264 0.9321409 0.9541893
[9787, 0.5152683, 1.0230645, 4.393763, 0.45731533] 3.1084182 1.1167706 0.9383782 0.8562544
[9788, 0.5310169, 1.008001, 4.7280984, 0.512514] 2.7909915 1.0677739 1.0095541 0.8650669
[9789, 0.6633972, 0.87733984, 5.3035226, 0.49020612] 2.3953378 1.107684 1.069161 0.97304374
[9790, 0.50897855, 1.0113249, 5.5927253, 0.2103676] 2.9553444 1.2898445 1.0162576 0.7037234
[9791, 0.5998271, 0.96019876, 4.464658, 0.4367425] 2.9820957 1.23012 0.90948987 0.9445683
[9792, 0.43499163, 1.0957091, 3.1318994, 0.93391263] 3.2254896 1.1532738 0.95796114 0.78595126
[9793, 0.490039, 1.0430353, 5.4221964, 0.5864383] 2.798057 1.2460091 0.96255857 0.9505557
[9794, 0.46991575, 1.0580565, 3.0142841, 0.9438385] 3.2560256 1.078813 0.90789783 0.93923753
[9795, 0.54764235, 1.0078663, 4.299277, 0.444488] 3.1121762 1.0581862 0.95605385 0.9605469
[9796, 0.4914792, 1.0242845, 5.4965577, 0.22151767] 2.766188 1.077377 0.97190136 0.94363904
[9797, 0.5241108, 0.999729, 6.0824585, 0.42444116] 2.519589 1.0350428 1.1228566 0.8585277
[9798, 0.54123, 0.99759376, 5.1276994, 0.58510524] 2.7795992 1.0213265 0.9841188 0.8537851
[9799, 0.52493566, 0.99976635, 6.246886, 0.2647329] 2.8151298 1.0677421 0.7643317 1.0506866
[9800, 0.49850622, 1.0549433, 5.1951694, 0.655832] 2.757228 1.2904986 1.0778838 0.70130455
[9801, 0.40888438, 1.0771561, 4.0280137, 0.4634408] 2.98684 1.0395949 0.9888773 1.0514835
[9802, 0.41880584, 1.1007966, 4.466882, 0.82566524] 2.9254818 1.1252036 1.0631274 0.9005109
[9803, 0.49093077, 1.0400972, 4.7537007, 0.39192787] 3.0153852 1.1220974 0.93569237 0.9311244
[9804, 0.44892302, 1.0840013, 4.8484883, 0.54411113] 2.9524703 1.2218237 0.98302335 0.8119705
[9805, 0.49702612, 1.041343, 5.2117915, 0.35019735] 2.883385 1.1108387 0.884185 1.1420234
[9806, 0.48578572, 1.0083393, 5.8586473, 0.21362297] 2.6833704 1.445811 0.94399923 0.80003655
[9807, 0.5408906, 1.021395, 3.8696845, 0.7204622] 3.1487114 1.1195505 0.9498666 0.8302354
[9808, 0.52400124, 1.0253348, 4.3341923, 0.77141786] 2.9910383 1.248923 0.7940572 0.89734185
[9809, 0.44729474, 1.0568229, 4.605775, 0.603709] 3.0990071 1.0479286 0.7718877 0.9060831
[9810, 0.3240972, 1.122648, 6.721139, 0.22586624] 2.8337848 1.1167072 1.0314032 0.8585209
[9811, 0.50170094, 1.0558698, 4.294792, 0.4892247] 3.021582 1.0784093 1.0525271 0.6929244
[9812, 0.49136752, 1.0222899, 6.5719843, 0.44702724] 2.7085264 1.1586578 0.8643492 1.0085523
[9813, 0.5533093, 1.0011677, 5.9590106, 0.43385524] 2.9825795 1.1803942 0.91835797 0.7394047
[9814, 0.4149323, 1.091112, 4.661128, 0.5162494] 3.1093314 1.1641529 0.8796497 0.71632445
[9815, 0.4748755, 1.0371766, 5.292624, 0.5320934] 2.6345732 1.2409257 0.9629132 0.9351277
[9816, 0.5378633, 1.0027224, 5.166174, 0.6057938] 2.525692 1.2556505 0.95251954 0.8537246
[9817, 0.3250095, 1.1392463, 3.8508317, 0.71607405] 3.091318 1.1174932 0.9802397 0.7425612
[9818, 0.53731745, 1.002823, 5.8655796, 0.3263857] 2.7127154 1.1104198 0.7851029 1.0878876
[9819, 0.44131213, 1.0456625, 5.5690293, 0.23495689] 2.838528 1.1365837 0.8703064 1.041324
[9820, 0.3818944, 1.1168005, 4.8273144, 0.6518358] 2.7455652 1.2254652 1.045908 1.0503565
[9821, 0.54261565, 0.9858976, 5.9606204, 0.38058713] 2.6548593 1.0975142 1.0310436 0.9619781
[9822, 0.60706526, 0.95013314, 5.940354, 0.58147055] 2.8127258 1.1316065 0.93290955 0.77964246
[9823, 0.546449, 0.95483255, 4.43905, 0.5585928] 2.5634944 1.0926732 0.941993 0.8674875
[9824, 0.4599043, 1.0647961, 4.098421, 0.91826797] 2.9763062 1.1512722 0.9366714 0.97964096
[9825, 0.51913387, 1.0172452, 5.266387, 0.5564981] 2.7727022 1.3048888 0.8831327 0.8191519
[9826, 0.46584135, 1.0499493, 3.8458586, 0.48112568] 2.9774854 1.279674 1.0654951 0.8786736
[9827, 0.39484382, 1.0797167, 4.3580394, 0.48422536] 2.9698346 1.0868951 0.98433805 0.94058865
[9828, 0.5269815, 0.99251527, 6.0819836, 0.36244455] 2.461878 1.0705836 1.0344642 1.0728447
[9829, 0.48360902, 1.0401013, 5.540864, 0.2147533] 2.9081967 1.1304214 0.95803624 1.0275363
[9830, 0.5075497, 1.0301955, 5.167776, 0.43003902] 2.7558107 1.0528276 0.98440224 0.89446837
[9831, 0.60860354, 0.93784654, 4.1103897, 0.4360061] 3.2165966 1.1200862 0.8846714 0.8103619
[9832, 0.49375382, 1.0493168, 4.3635173, 0.90630764] 2.6174989 1.1004467 0.98363405 0.9775649
[9833, 0.4653173, 1.0440031, 5.1045423, 0.580673] 2.6677523 1.0451745 0.9685875 1.0603762
[9834, 0.47277966, 1.0316358, 3.5474956, 0.6383291] 3.1209948 1.1216935 1.0174271 0.90884256
[9835, 0.35354906, 1.134707, 4.2269926, 0.50643295] 2.8339472 1.0561299 0.94081384 1.1791439
[9836, 0.5243404, 1.0142243, 4.369725, 0.36238578] 3.1439047 1.1517833 0.9817345 0.80554664
[9837, 0.47758073, 1.0550073, 5.144256, 0.6290958] 2.784287 1.1232853 0.8852792 1.0061047
[9838, 0.4542961, 1.0653582, 4.8296623, 0.65570724] 2.5292153 1.1647122 0.98098266 1.1119934
[9839, 0.522191, 0.9959071, 5.8153424, 0.29821637] 2.6019945 1.0537933 0.866834 1.0567578
[9840, 0.45824212, 1.0689539, 5.0125294, 0.6307221] 2.9546094 1.0652912 0.9850686 0.9340338
[9841, 0.50904155, 1.0213164, 5.4280434, 0.3140472] 2.6057913 1.3393606 1.1316175 0.9942015
[9842, 0.48200825, 1.047962, 5.0816016, 0.60212076] 2.8625216 1.1860602 1.048311 1.1238494
[9843, 0.5650706, 0.99887854, 3.9517589, 0.5880643] 3.144633 1.1433259 0.96018064 0.885023
[9844, 0.4757146, 1.0321506, 4.920031, 0.44715983] 2.792886 1.0914892 1.0622569 0.89706707
[9845, 0.513171, 1.0079324, 5.723347, 0.18073061] 2.7925587 1.0980345 1.0967271 0.85577005
[9846, 0.47290868, 1.0575972, 4.6342115, 0.43012676] 3.227087 0.8711413 0.8177514 0.71486163
[9847, 0.60022575, 0.9582107, 6.190073, 0.3149417] 2.9248056 1.1040881 0.9952118 0.69089174
[9848, 0.53582716, 1.0039536, 4.7872734, 0.29365343] 3.0137076 1.0755463 0.835156 0.80759263
[9849, 0.45101318, 1.0573055, 4.389399, 0.44588068] 2.9854155 1.1729116 0.8778492 0.9864032
[9850, 0.44021052, 1.0636264, 5.081324, 0.44520655] 2.6572695 0.9784265 0.9731811 1.0742137
[9851, 0.5791791, 0.97826344, 3.7956526, 0.70095545] 2.990437 1.0960708 1.1377223 1.0271826
[9852, 0.5224645, 1.0287064, 4.9819665, 0.39312857] 2.7585835 1.3294262 0.65328276 1.0659443
[9853, 0.46446306, 1.040396, 5.3926806, 0.43216434] 2.664974 1.1423416 0.8879896 0.929934
[9854, 0.53616655, 0.9975438, 8.197524, 0.21586391] 2.7095962 1.2507304 0.9255675 0.84755844
[9855, 0.5030598, 0.99652964, 5.84571, 0.7255537] 2.3520496 1.3571019 0.92254347 0.9600353
[9856, 0.55411285, 0.9721684, 4.405648, 0.41493616] 2.8927279 1.1434765 0.95152545 0.73364043
[9857, 0.4323549, 1.0844982, 5.839692, 0.28065038] 2.9207883 1.0621105 0.9024104 1.007263
[9858, 0.4603154, 1.0344877, 6.401826, 0.18148032] 2.9587727 1.198431 0.8999935 0.86052024
[9859, 0.43656802, 1.057987, 4.6070943, 0.5207003] 2.9176571 1.0180465 0.9392229 0.905652
[9860, 0.46360317, 1.0830772, 5.482283, 0.46769303] 2.9450815 1.0831349 0.9719368 1.0426384
[9861, 0.5296631, 1.0290415, 4.064877, 0.48918167] 2.9331496 1.1647154 1.0893531 1.1512218
[9862, 0.5272599, 1.013307, 6.198509, 0.32786778] 2.496513 1.30207 0.9317003 1.1304177
[9863, 0.43362558, 1.0651124, 4.6431437, 0.80996937] 2.4977396 1.205715 0.974436 0.98959816
[9864, 0.42026737, 1.0781066, 4.796568, 0.45615935] 2.85586 1.1640768 1.0276654 1.0575124
[9865, 0.5321121, 1.025526, 4.3054357, 0.82059854] 2.8912563 1.2048408 0.75681853 1.0562967
[9866, 0.53129596, 1.0064211, 6.1836123, 0.30392912] 2.6614528 1.2024738 1.075254 1.1471807
[9867, 0.42278707, 1.0803101, 5.014742, 0.38101438] 3.104347 1.1627647 0.9369834 0.82760215
[9868, 0.51338375, 1.0255585, 3.4802964, 0.5573499] 3.2018936 1.070552 0.97886014 0.8085691
[9869, 0.45431277, 1.0588691, 6.0444956, 0.22984682] 2.8300533 1.1090349 1.0172318 0.9760653
[9870, 0.54129493, 0.9872653, 6.427099, 0.28033903] 2.538344 1.3198591 0.8157962 0.94442964
[9871, 0.51280594, 1.0243757, 6.1678753, 0.21956673] 2.7518742 1.124563 1.03235 1.0807011
[9872, 0.44667047, 1.0793422, 4.682712, 0.53828835] 2.9073622 1.2978617 0.9386863 0.9769659
[9873, 0.5425991, 0.9871885, 6.9263883, 0.31066245] 2.639416 1.0471219 0.8789491 0.95394796
[9874, 0.3085683, 1.1507279, 5.981093, 0.27241033] 2.9081357 1.1921209 0.9433576 0.97698915
[9875, 0.42828178, 1.0499103, 7.284552, 0.21287175] 2.7615056 1.2485994 0.8706592 0.74449414
[9876, 0.46278352, 1.0447632, 4.50157, 0.6569427] 2.9522204 1.1494197 0.7745423 0.9341085
[9877, 0.5865467, 0.975783, 5.2028036, 0.36446762] 2.7478344 1.2238231 0.9563025 1.1830323
[9878, 0.6244258, 0.887609, 7.4534893, 0.17587855] 2.722868 1.1791636 0.8293115 0.8376007
[9879, 0.4289112, 1.0796937, 5.3075457, 0.29691538] 3.0751226 1.0527073 0.89464337 0.92535317
[9880, 0.6734224, 0.84582317, 6.6026516, 0.37473026] 2.5995698 1.063366 0.7842539 0.9495168
[9881, 0.50209713, 1.028618, 4.576748, 0.3902924] 3.0176406 1.0984602 0.8744924 0.85989463
[9882, 0.5344823, 1.0132606, 4.379284, 0.6276412] 3.079978 1.2087096 0.9523891 0.83884776
[9883, 0.6079891, 0.90777963, 4.32528, 0.8173034] 2.5813081 1.0787446 0.87513995 0.88894725
[9884, 0.47259417, 1.0272563, 7.601457, 0.2712345] 2.7180862 1.083843 0.9560212 0.99761707
[9885, 0.46926084, 1.0446366, 5.732921, 0.37484884] 2.8756936 1.1249664 0.93630433 0.76461357
[9886, 0.56598234, 0.97908705, 5.353987, 0.4209619] 2.7478483 1.0865003 0.8310017 0.90257293
[9887, 0.53066987, 1.007772, 5.1933427, 0.46322536] 2.845264 1.3273771 0.9163411 0.76194215
[9888, 0.5787271, 0.9650718, 4.5769897, 0.46181878] 2.928888 1.089143 0.7866239 0.70252097
[9889, 0.44537157, 1.0646063, 7.0272646, 0.33068782] 2.5288634 1.2822897 1.032263 0.92274445
[9890, 0.4765531, 1.0566326, 3.1590216, 0.7765737] 3.2951415 1.0226002 0.9197936 0.83414006
[9891, 0.67644304, 0.8541694, 5.8966846, 0.44176278] 2.4261734 1.0707926 0.98017246 0.99084526
[9892, 0.4768475, 1.0551713, 5.335002, 0.37900093] 2.6838787 1.2786437 1.0103873 0.9475998
[9893, 0.5783462, 0.9701348, 5.51933, 0.5221567] 2.6052659 1.2705432 0.97093827 0.90349704
[9894, 0.5673509, 0.9848003, 4.589963, 0.49600053] 3.0203354 1.2113373 0.89296114 0.7237655
[9895, 0.51553696, 1.030235, 4.426947, 0.40302] 3.0851445 1.0870404 0.943849 0.9018871
[9896, 0.49069756, 1.0108179, 5.928776, 0.29770145] 2.643697 0.9931465 0.9996367 0.8376702
[9897, 0.49452353, 1.0406559, 4.7311373, 0.45785588] 2.8682113 0.9884562 1.0586588 0.8795243
[9898, 0.53766954, 1.0043666, 4.6711783, 0.73361] 3.1721852 0.9512913 0.82237935 1.0814885
[9899, 0.5476673, 0.9711399, 6.174941, 0.39978063] 2.6351783 1.2325513 0.88979775 0.94408166
[9900, 0.49817318, 1.0414088, 4.4784083, 0.54573536] 2.9133399 1.0671713 1.0443211 1.0523258
[9901, 0.5110932, 1.034861, 5.3274875, 0.6179293] 2.6393895 1.2220073 0.9118841 0.99242604
[9902, 0.47447303, 1.0791317, 3.371802, 0.7816669] 3.1335018 1.2912853 0.9336512 0.8631532
[9903, 0.5966406, 0.957599, 4.632669, 0.41088575] 3.2613022 1.0422946 0.9049236 0.8570994
[9904, 0.48685083, 1.0554178, 5.178044, 0.5711812] 2.7066517 1.0328169 0.97027236 1.0853109
[9905, 0.4413565, 1.0579427, 7.4038415, 0.26092675] 2.733941 1.178382 0.87418056 0.9417108
[9906, 0.43069535, 1.0446498, 6.331128, 0.3454158] 2.6081126 1.228752 0.97651154 0.9053738
[9907, 0.4217952, 1.085408, 3.4907904, 0.72135097] 3.1281097 1.2044317 0.922239 1.0610542
[9908, 0.5131349, 1.026201, 4.0952077, 0.4037493] 2.8261752 1.2172252 0.9855469 0.9986581
[9909, 0.5356299, 1.0028877, 5.4630933, 0.53418016] 2.7067065 1.2421986 1.0536854 0.88670844
[9910, 0.5434556, 0.97817945, 6.9289, 0.5606581] 2.4622679 1.0923536 0.955222 1.1225989
[9911, 0.54635674, 1.0087559, 4.7148433, 0.29462764] 3.058607 1.1920036 0.93450636 0.91485614
[9912, 0.38948202, 1.1229591, 4.0125885, 0.8421826] 3.0804982 1.0788813 1.0015825 1.0044461
[9913, 0.47567555, 1.0466, 6.123847, 0.25286525] 2.8492138 1.3610381 0.808951 0.8613962
[9914, 0.45391065, 1.0327841, 5.586441, 0.20967965] 2.7163773 1.1751093 0.9549675 1.0192508
[9915, 0.50661176, 1.025827, 5.1885524, 0.3582863] 2.9225867 1.1891798 0.93036634 0.87096226
[9916, 0.511651, 1.025001, 4.4014406, 0.34283933] 2.9709084 1.1194212 0.9734633 1.0636183
[9917, 0.4776272, 1.0374707, 6.121891, 0.5259809] 2.8253407 1.1153656 1.0066589 0.90881187
[9918, 0.63961434, 0.90023994, 3.486608, 0.8974831] 2.9207473 1.2224051 0.99060684 0.71671486
[9919, 0.5327772, 1.0003873, 4.9886403, 0.2930939] 2.960078 1.0556215 1.0489513 0.85390204
[9920, 0.542075, 0.998008, 4.2328076, 0.70731306] 3.0911386 1.1515067 0.9266379 0.8745307
[9921, 0.39580894, 1.0890331, 7.4816966, 0.25473717] 2.7657125 1.028095 0.94099295 1.0582669
[9922, 0.57568383, 0.9464114, 6.337198, 0.36832038] 2.3569517 1.0556798 0.9534696 1.0732298
[9923, 0.43906176, 1.0643293, 4.7089434, 0.510048] 3.0254166 1.0778635 0.95512396 1.0707219
[9924, 0.49360165, 1.0365818, 5.0099463, 0.38329297] 2.8522117 1.1423866 1.0641096 0.87099457
[9925, 0.4757249, 1.036626, 7.4333, 0.22203666] 2.5945172 1.1758369 0.89078814 1.0330876
[9926, 0.4666307, 1.0537333, 3.5386686, 0.93177694] 3.2031152 0.982746 1.0002664 0.82511514
[9927, 0.49815914, 1.0159464, 4.8695807, 0.8133865] 2.615422 1.1660329 0.9506159 0.924692
[9928, 0.5559619, 0.9487962, 6.697257, 0.32335407] 2.593106 1.148744 0.77923995 0.91789734
[9929, 0.6349467, 0.8787753, 7.382391, 0.2054772] 2.64302 1.0434802 1.0113249 0.91857994
[9930, 0.4987491, 1.003975, 6.444802, 0.3067214] 2.6258678 1.2459972 0.9386552 0.733475
[9931, 0.4292532, 1.0588408, 4.3702908, 0.7343564] 2.8212566 1.25025 1.0039175 0.8694782
[9932, 0.4668879, 1.0511508, 6.8877835, 0.2889357] 2.851201 1.0503957 1.0386616 1.0073234
[9933, 0.53638387, 1.0130465, 4.9361663, 0.4330832] 2.913251 1.161869 1.0051378 0.9845943
[9934, 0.44686183, 1.064952, 4.1441827, 0.6203491] 2.9169521 1.1084611 0.83323646 0.89217824
[9935, 0.416741, 1.0845923, 5.419744, 0.46993825] 2.781464 1.2168964 0.97754794 1.0124733
[9936, 0.5084249, 1.0201617, 5.320182, 0.23564625] 2.765734 1.4016875 0.8748875 0.88250726
[9937, 0.47320694, 1.0463402, 3.6908581, 0.7087251] 2.9813776 1.2794815 0.87859905 0.80977476
[9938, 0.54153746, 0.9976678, 5.523872, 0.41594845] 2.8529768 1.0656085 0.97061753 0.90767694
[9939, 0.54096323, 1.0067867, 6.4783487, 0.34970507] 2.8312225 1.0882537 0.8028421 1.0354607
[9940, 0.53090495, 0.9940209, 6.239287, 0.21936153] 3.0797307 0.90307933 0.8245645 0.8514115
[9941, 0.39465117, 1.0736499, 6.0048976, 0.33003807] 2.6259756 1.0840249 0.948672 0.98658246
[9942, 0.59712887, 0.9570117, 3.6716087, 0.5257876] 3.080314 1.225018 0.861316 0.79571766
[9943, 0.47136143, 1.0349729, 4.3310065, 0.43387187] 2.7877476 1.2542449 0.9756671 0.8245168
[9944, 0.5188291, 1.0064738, 5.454434, 0.32795838] 2.70205 1.0537677 0.947897 0.91883594
[9945, 0.50847316, 1.0430473, 3.6785476, 0.56398535] 2.9819305 1.0679108 1.0579202 1.0755059
[9946, 0.53040576, 1.0074084, 5.3137774, 0.43761933] 2.423642 1.3476522 0.9220328 1.048832
[9947, 0.49062303, 1.0548269, 4.8589435, 0.55492145] 3.0263302 1.0172278 0.9288762 0.86028564
[9948, 0.5722545, 0.945234, 5.821577, 0.24902146] 2.9172115 1.1150342 0.93057233 0.961977
[9949, 0.42539513, 1.0582314, 4.7313175, 0.39910394] 2.7073884 1.3375297 1.0309428 0.8501936
[9950, 0.5305921, 0.9897305, 5.206064, 0.33262482] 3.1317112 1.0258656 0.81680936 0.6866755
[9951, 0.55243254, 0.97424054, 6.168679, 0.30803227] 2.8099818 1.0043131 0.98056793 0.8618297
[9952, 0.5113454, 1.0390958, 4.348352, 0.6829055] 3.0589247 1.1234945 0.9084812 0.8678084
[9953, 0.5062995, 1.0232034, 5.3970838, 0.41293886] 2.7049065 1.2113091 0.9699698 0.95757055
[9954, 0.4575817, 1.0397538, 5.920277, 0.28744587] 2.8765094 1.1269914 0.93261105 0.9490399
[9955, 0.51539886, 0.9902509, 5.2511926, 0.48833364] 2.5506375 1.2188437 1.0533497 0.9291491
[9956, 0.40787873, 1.055515, 5.683175, 0.29422936] 2.4547002 1.1933283 0.97767544 1.0648108
[9957, 0.43732566, 1.1155751, 2.549917, 0.6644765] 3.527661 1.048383 0.98377526 0.8446503
[9958, 0.50854707, 1.0201509, 5.9321666, 0.73269993] 2.8319876 1.2223092 0.80668736 0.7551103
[9959, 0.4789826, 1.0598944, 3.1489165, 0.8527015] 3.1446378 1.1184231 0.99294305 0.8555731
[9960, 0.5088919, 1.0343826, 4.117107, 0.7358713] 3.2184582 1.0807248 0.940392 0.8432454
[9961, 0.6037074, 0.9345466, 3.1722984, 0.753218] 3.2080204 1.15243 0.98992115 1.0214
[9962, 0.4920366, 1.0501276, 5.5836477, 0.30665207] 2.733921 1.0495756 0.9867358 1.2167577
[9963, 0.5037362, 1.0270735, 3.152834, 0.937987] 3.1898487 1.073718 0.9907099 0.8613768
[9964, 0.547213, 0.9997207, 5.82081, 0.6559736] 2.337341 1.252621 1.1028476 1.2227389
[9965, 0.5733329, 0.9492078, 5.6796174, 0.389555] 2.4473813 1.2909514 0.9317391 0.95278066
[9966, 0.48992985, 1.0441887, 5.644107, 0.61109257] 2.655731 1.2570306 0.966268 1.0433738
[9967, 0.6505387, 0.9024906, 6.031207, 0.35658702] 2.621712 1.2437161 1.0912101 0.7366189
[9968, 0.5047729, 0.99386287, 6.8061914, 0.2055179] 2.4310715 1.0907131 1.0336201 1.0236884
[9969, 0.54717743, 0.98440224, 4.2997913, 0.8290149] 2.8416157 1.1487256 0.87835854 0.71745276
[9970, 0.5562634, 0.98535526, 4.5982685, 0.45750904] 3.067601 1.2172707 1.0658653 0.72556764
[9971, 0.46485305, 1.0601597, 3.8341632, 0.78937346] 3.0683107 1.0245988 0.93467677 0.8642587
[9972, 0.45936847, 1.0334527, 5.894004, 0.6184826] 2.503729 1.175057 0.9234904 1.013206
[9973, 0.48192906, 1.0318953, 4.937715, 0.42992356] 2.85998 1.3067285 0.9204993 0.8026902
[9974, 0.46773696, 1.0490959, 4.11588, 0.46382037] 3.0193667 1.2197962 0.94737446 1.0900166
[9975, 0.42583248, 1.0668128, 4.5482955, 0.38281083] 2.9547706 1.1197786 0.97841066 0.92144114
[9976, 0.52842635, 1.02618, 5.374192, 0.4294066] 2.7285814 1.1321173 1.0204748 1.0709144
[9977, 0.5893309, 0.9449062, 5.680123, 0.27375755] 2.9482307 1.1044751 0.8527437 0.691117
[9978, 0.3461514, 1.1254904, 6.7228713, 0.45051345] 2.6841395 1.2590994 0.94565827 0.9305593
[9979, 0.5536197, 0.9687622, 5.683037, 0.3492413] 2.5482275 1.3098314 0.9997211 0.8705938
[9980, 0.45673132, 1.0489588, 5.9847136, 0.33184072] 2.7674265 1.2655587 1.0458347 0.8591766
[9981, 0.6161625, 0.94984865, 4.1762967, 0.89851147] 2.961724 1.3506944 0.8526935 0.7248061
[9982, 0.5285741, 1.0030115, 6.478267, 0.16089076] 2.750291 1.1271933 0.9367288 0.97420555
[9983, 0.5076837, 1.0268513, 4.3852887, 0.44196346] 2.8927534 1.2584481 1.0610324 0.9067507
[9984, 0.61514956, 0.927203, 5.4917545, 0.36167255] 2.3837585 1.0593196 1.0303566 0.9876993
[9985, 0.45959252, 1.0395871, 6.432124, 0.3783436] 2.6603014 1.2901993 0.91019386 0.9193886
[9986, 0.49486488, 1.0251257, 4.889895, 0.62293607] 2.7212715 1.1648494 0.9915423 0.84050065
[9987, 0.4920125, 1.0447664, 5.0668855, 0.7939368] 2.8192494 1.2228918 1.0368352 0.7532547
[9988, 0.5003839, 1.0312874, 5.3018494, 0.40133497] 3.0472574 1.1480422 0.9159761 0.86859936
[9989, 0.48902234, 1.0366472, 5.3624134, 0.6633098] 2.9067988 1.2290689 0.9310353 0.9246998
[9990, 0.56495196, 0.9579488, 6.842579, 0.19870299] 2.7835884 1.1324695 0.98429537 0.6655243
[9991, 0.49146777, 1.0569018, 4.336929, 0.68864805] 3.2070553 1.1431551 0.95839787 0.75631213
[9992, 0.4816886, 1.023132, 5.3214226, 0.2037577] 2.7977054 1.0855631 0.9398156 0.9545105
[9993, 0.5467328, 0.9863548, 5.6328406, 0.6865164] 2.6164587 1.230588 0.9815678 0.86825955
[9994, 0.5118616, 1.0198503, 4.3883114, 0.5569599] 2.9624403 1.1035366 0.97984684 0.8639796
[9995, 0.41254935, 1.0764471, 4.8879895, 0.50628686] 3.0281174 1.1563743 1.002826 0.68893546
[9996, 0.4243686, 1.0666901, 5.146137, 0.48446438] 2.7352777 1.2238897 0.77890474 0.9737459
[9997, 0.6029601, 0.90880543, 6.6967897, 0.21061666] 2.3563786 1.232903 1.0097138 1.0465784
[9998, 0.5344419, 1.0175083, 5.5573363, 0.6310627] 2.6831522 1.2537117 0.92337376 1.0367148
[9999, 0.5007253, 1.0205091, 5.835622, 0.3717658] 3.0478551 1.0464898 0.8121019 0.7396801
                 Absolute Bias  Standard Error  95% CI Length
posterior_phi         0.002895        0.000600       0.238828
posterior_sigma       0.021731        0.000486       0.193417
posterior_beta3       0.282042        0.010138       3.993286
posterior_rho         0.023381        0.001866       0.718187
posterior_g1          0.107817        0.002161       0.848021
posterior_g2          0.140561        0.000934       0.370467
posterior_g3          0.049278        0.000800       0.312970
posterior_g4          0.072056        0.001138       0.442872
